time,actuator,value
1738728551.7523787,Actuator(ptr=c_void_p(93963825573424)),95.0
1738728556.7691865,Actuator(ptr=c_void_p(93963825573424)),95.0
1738728561.7852633,Actuator(ptr=c_void_p(93963825573424)),95.0
1738728566.8041852,Actuator(ptr=c_void_p(93963825573424)),95.0
1738728571.82557,Actuator(ptr=c_void_p(93963825573424)),95.0
1738728576.8440921,Actuator(ptr=c_void_p(93963825573424)),95.0
1738728581.8626368,Actuator(ptr=c_void_p(93963825573424)),95.0
1738728586.8841858,Actuator(ptr=c_void_p(93963825573424)),95.0
1738728591.9010994,Actuator(ptr=c_void_p(93963825573424)),95.0
