time,value
1765072834.366838,1.0
1765072834.3837664,1.0
1765072834.4007134,1.0
1765072834.4176552,1.0
1765072834.434711,1.0
1765072834.4516456,1.0
1765072834.4685466,1.0
1765072834.4854789,1.0
1765072834.5024486,1.0
1765072834.5193398,1.0
1765072834.5363107,1.0
1765072834.5532794,1.0
1765072834.5703247,1.0
1765072834.5872283,1.0
1765072834.604148,1.0
1765072834.621064,1.0
1765072834.6380045,1.0
1765072834.654993,1.0
1765072834.6719909,1.0
1765072834.6890178,1.0
1765072834.7060337,1.0
1765072834.722997,1.0
1765072834.739947,1.0
1765072834.7570977,1.0
1765072834.7749655,1.0
1765072834.7919416,1.0
1765072834.808921,1.0
1765072834.8260057,1.0
1765072834.8428426,1.0
1765072834.8598046,1.0
1765072834.8768802,1.0
1765072834.8938355,1.0
1765072834.9108028,1.0
1765072834.9277875,1.0
1765072834.9447858,1.0
1765072834.9617534,1.0
1765072834.9787233,1.0
1765072834.995725,1.0
1765072835.0127132,1.0
1765072835.0296574,1.0
1765072835.046656,1.0
1765072835.0636232,1.0
1765072835.0806417,1.0
1765072835.0976427,1.0
1765072835.114608,1.0
1765072835.1315114,1.0
1765072835.1484542,1.0
1765072835.1653974,1.0
1765072835.1823015,1.0
1765072835.199351,1.0
1765072835.2168958,1.0
1765072835.23453,1.0
1765072835.2522492,1.0
1765072835.2699535,1.0
1765072835.2878156,1.0
1765072835.322892,1.0
1765072835.3412368,1.0
1765072835.3592155,1.0
1765072835.3771794,1.0
1765072835.3950553,1.0
1765072835.4129732,1.0
1765072835.4308486,1.0
1765072835.4487236,1.0
1765072835.4665859,1.0
1765072835.4844527,1.0
1765072835.50243,1.0
1765072835.520291,1.0
1765072835.5381396,1.0
1765072835.5560384,1.0
1765072835.5738747,1.0
1765072835.5917726,1.0
1765072835.6097827,1.0
1765072835.6276798,1.0
1765072835.6462712,1.0
1765072835.6639545,1.0
1765072835.681817,1.0
1765072835.699662,1.0
1765072835.7174275,1.0
1765072835.73537,1.0
1765072835.753151,1.0
1765072835.7709177,1.0
1765072835.7888138,1.0
1765072835.806594,1.0
1765072835.8244698,1.0
1765072835.842133,1.0
1765072835.8599098,1.0
1765072835.877795,1.0
1765072835.8955882,1.0
1765072835.9135473,1.0
1765072835.9313312,1.0
1765072835.9491084,1.0
1765072835.9668741,1.0
1765072835.9847054,1.0
1765072836.002514,1.0
1765072836.0203986,1.0
1765072836.03817,1.0
1765072836.055975,1.0
1765072836.073746,1.0
1765072836.0915732,1.0
1765072836.1095192,1.0
1765072836.1273015,1.0
1765072836.1451063,1.0
1765072836.1628978,1.0
1765072836.1808252,1.0
1765072836.1986237,1.0
1765072836.2164168,1.0
1765072836.2341902,1.0
1765072836.252227,1.0
1765072836.2700381,1.0
1765072836.2884364,1.0
1765072836.3169403,1.0
1765072836.3445399,1.0
1765072836.3623905,1.0
1765072836.3802292,1.0
1765072836.398174,1.0
1765072836.415971,1.0
1765072836.4338639,1.0
1765072836.4516828,1.0
1765072836.4694862,1.0
1765072836.4873004,1.0
1765072836.5052373,1.0
1765072836.5230875,1.0
1765072836.5408926,1.0
1765072836.5586982,1.0
1765072836.576524,1.0
1765072836.5943084,1.0
1765072836.6123698,1.0
1765072836.630185,1.0
1765072836.648287,1.0
1765072836.6659908,1.0
1765072836.683981,1.0
1765072836.701664,1.0
1765072836.719436,1.0
1765072836.737172,1.0
1765072836.7549324,1.0
1765072836.7727551,1.0
1765072836.7905319,1.0
1765072836.8082826,1.0
1765072836.8260596,1.0
1765072836.8438778,1.0
1765072836.8617873,1.0
1765072836.87956,1.0
1765072836.8974812,1.0
1765072836.9150646,1.0
1765072836.9326813,1.0
1765072836.9503255,1.0
1765072836.9679332,1.0
1765072836.9855506,1.0
1765072837.0031662,1.0
1765072837.0207787,1.0
1765072837.0384252,1.0
1765072837.055989,1.0
1765072837.0736568,1.0
1765072837.091228,1.0
1765072837.1087897,1.0
1765072837.126391,1.0
1765072837.1440544,1.0
1765072837.1616094,1.0
1765072837.1792376,1.0
1765072837.1967928,1.0
1765072837.2143729,1.0
1765072837.232017,1.0
1765072837.2495914,1.0
1765072837.267138,1.0
1765072837.2847676,1.0
1765072837.303087,1.0
1765072837.3391123,1.0
1765072837.3565934,1.0
1765072837.3741276,1.0
1765072837.3916867,1.0
1765072837.409336,1.0
1765072837.426877,1.0
1765072837.4444764,1.0
1765072837.4620306,1.0
1765072837.4795609,1.0
1765072837.4971638,1.0
1765072837.5147238,1.0
1765072837.5323722,1.0
1765072837.5498965,1.0
1765072837.567446,1.0
1765072837.5849822,1.0
1765072837.6025336,1.0
1765072837.6201096,1.0
1765072837.6377337,1.0
1765072837.6556098,1.0
1765072837.6731298,1.0
1765072837.6907444,1.0
1765072837.7082794,1.0
1765072837.7258394,1.0
1765072837.7434442,1.0
1765072837.7609663,1.0
1765072837.7785337,1.0
1765072837.7961156,1.0
1765072837.8136363,1.0
1765072837.8311536,1.0
1765072837.8486888,1.0
1765072837.8662865,1.0
1765072837.8838367,1.0
1765072837.9013548,1.0
1765072837.9188614,1.0
1765072837.9364698,1.0
1765072837.954009,1.0
1765072837.9716246,1.0
1765072837.989131,1.0
1765072838.0066762,1.0
1765072838.0242548,1.0
1765072838.0418427,1.0
1765072838.05941,1.0
1765072838.0770056,1.0
1765072838.0945168,1.0
1765072838.1120465,1.0
1765072838.1296625,1.0
1765072838.1471856,1.0
1765072838.1647837,1.0
1765072838.1823134,1.0
1765072838.1998231,1.0
1765072838.2173457,1.0
1765072838.2349539,1.0
1765072838.2524726,1.0
1765072838.2699878,1.0
1765072838.287558,1.0
1765072838.3065195,1.0
1765072838.3261125,1.0
1765072838.3436592,1.0
1765072838.3612428,1.0
1765072838.378856,1.0
1765072838.396395,1.0
1765072838.413988,1.0
1765072838.4315083,1.0
1765072838.4490266,1.0
1765072838.4666393,1.0
1765072838.4841478,1.0
1765072838.501804,1.0
1765072838.5193193,1.0
1765072838.5368986,1.0
1765072838.5544784,1.0
1765072838.5719934,1.0
1765072838.589541,1.0
1765072838.6070614,1.0
1765072838.6247566,1.0
1765072838.6422982,1.0
1765072838.660034,1.0
1765072838.6775782,1.0
1765072838.6951783,1.0
1765072838.7127094,1.0
1765072838.7304006,1.0
1765072838.7479758,1.0
1765072838.765623,1.0
1765072838.7833211,1.0
1765072838.8008697,1.0
1765072838.818397,1.0
1765072838.8359625,1.0
1765072838.8535676,1.0
1765072838.8710968,1.0
1765072838.8886154,1.0
1765072838.9061713,1.0
1765072838.9237733,1.0
1765072838.9414506,1.0
1765072838.9589672,1.0
1765072838.976494,1.0
1765072838.9940841,1.0
1765072839.0116262,1.0
1765072839.0291667,1.0
1765072839.0467823,1.0
1765072839.0643787,1.0
1765072839.0819643,1.0
1765072839.0995095,1.0
1765072839.1171074,1.0
1765072839.134636,1.0
1765072839.1521535,1.0
1765072839.1697347,1.0
1765072839.1872497,1.0
1765072839.2047741,1.0
1765072839.2223876,1.0
1765072839.2400744,1.0
1765072839.2576032,1.0
1765072839.2751956,1.0
1765072839.2928085,1.0
1765072839.3117115,1.0
1765072839.3298714,1.0
1765072839.3473756,1.0
1765072839.3649035,1.0
1765072839.3825266,1.0
1765072839.4000914,1.0
1765072839.4176164,1.0
1765072839.4352067,1.0
1765072839.452739,1.0
1765072839.4704473,1.0
1765072839.4880314,1.0
1765072839.50581,1.0
1765072839.523357,1.0
1765072839.5408702,1.0
1765072839.5585449,1.0
1765072839.5762136,1.0
1765072839.5938303,1.0
1765072839.6113539,1.0
1765072839.6288776,1.0
1765072839.646503,1.0
1765072839.6642463,1.0
1765072839.6817987,1.0
1765072839.6993937,1.0
1765072839.7169816,1.0
1765072839.7346706,1.0
1765072839.7522414,1.0
1765072839.7697635,1.0
1765072839.7873743,1.0
1765072839.8049808,1.0
1765072839.822581,1.0
1765072839.8401165,1.0
1765072839.8576612,1.0
1765072839.8751943,1.0
1765072839.8927274,1.0
1765072839.910332,1.0
1765072839.9278512,1.0
1765072839.9453845,1.0
1765072839.9629905,1.0
1765072839.9805968,1.0
1765072839.9981108,1.0
1765072840.0158184,1.0
1765072840.0333576,1.0
1765072840.0509562,1.0
1765072840.0684822,1.0
1765072840.0861206,1.0
1765072840.1038048,1.0
1765072840.1214137,1.0
1765072840.1389556,1.0
1765072840.1566265,1.0
1765072840.1742053,1.0
1765072840.1918857,1.0
1765072840.2094324,1.0
1765072840.2269833,1.0
1765072840.2445614,1.0
1765072840.2620635,1.0
1765072840.2796266,1.0
1765072840.2979426,1.0
1765072840.3161635,1.0
1765072840.3338318,1.0
1765072840.35172,1.0
1765072840.369246,1.0
1765072840.3867996,1.0
1765072840.4043193,1.0
1765072840.4218805,1.0
1765072840.439667,1.0
1765072840.45722,1.0
1765072840.4748435,1.0
1765072840.492478,1.0
1765072840.510083,1.0
1765072840.5276322,1.0
1765072840.5451844,1.0
1765072840.562821,1.0
1765072840.5806003,1.0
1765072840.598297,1.0
1765072840.6158593,1.0
1765072840.6334298,1.0
1765072840.6514335,1.0
1765072840.6689606,1.0
1765072840.686747,1.0
1765072840.704274,1.0
1765072840.7218587,1.0
1765072840.7393887,1.0
1765072840.7570672,1.0
1765072840.7746081,1.0
1765072840.7922478,1.0
1765072840.8098037,1.0
1765072840.8273656,1.0
1765072840.844894,1.0
1765072840.862506,1.0
1765072840.88003,1.0
1765072840.8975775,1.0
1765072840.9151835,1.0
1765072840.9328082,1.0
1765072840.9504952,1.0
1765072840.9680548,1.0
1765072840.9857213,1.0
1765072841.0033002,1.0
1765072841.0209088,1.0
1765072841.038479,1.0
1765072841.056113,1.0
1765072841.0736625,1.0
1765072841.0912359,1.0
1765072841.1090407,1.0
1765072841.1265924,1.0
1765072841.1441283,1.0
1765072841.1616704,1.0
1765072841.1792803,1.0
1765072841.196874,1.0
1765072841.2144387,1.0
1765072841.2319689,1.0
1765072841.2495165,1.0
1765072841.267064,1.0
1765072841.2847092,1.0
1765072841.3030193,1.0
1765072841.3218215,1.0
1765072841.3393528,1.0
1765072841.3569083,1.0
1765072841.374514,1.0
1765072841.3920698,1.0
1765072841.409694,1.0
1765072841.427288,1.0
1765072841.4448268,1.0
1765072841.4623744,1.0
1765072841.4800003,1.0
1765072841.4976182,1.0
1765072841.5151868,1.0
1765072841.5327868,1.0
1765072841.550326,1.0
1765072841.5678737,1.0
1765072841.5855317,1.0
1765072841.6031682,1.0
1765072841.620739,1.0
1765072841.638296,1.0
1765072841.656065,1.0
1765072841.673577,1.0
1765072841.691192,1.0
1765072841.7089512,1.0
1765072841.7266734,1.0
1765072841.7441611,1.0
1765072841.7617624,1.0
1765072841.7793791,1.0
1765072841.7968934,1.0
1765072841.814425,1.0
1765072841.8319333,1.0
1765072841.8494802,1.0
1765072841.8670387,1.0
1765072841.8846555,1.0
1765072841.9022021,1.0
1765072841.9197657,1.0
1765072841.9372952,1.0
1765072841.9549406,1.0
1765072841.9724667,1.0
1765072841.9900317,1.0
1765072842.0077863,1.0
1765072842.0254717,1.0
1765072842.0430322,1.0
1765072842.060625,1.0
1765072842.0784323,1.0
1765072842.0959685,1.0
1765072842.1135612,1.0
1765072842.131133,1.0
1765072842.1487112,1.0
1765072842.1662877,1.0
1765072842.1838915,1.0
1765072842.2015793,1.0
1765072842.2192497,1.0
1765072842.236804,1.0
1765072842.2544122,1.0
1765072842.2719784,1.0
1765072842.289524,1.0
1765072842.3085382,1.0
1765072842.3261154,1.0
1765072842.3436668,1.0
1765072842.3612323,1.0
1765072842.3788419,1.0
1765072842.3965232,1.0
1765072842.4141154,1.0
1765072842.431842,1.0
1765072842.4494128,1.0
1765072842.4669442,1.0
1765072842.4845243,1.0
1765072842.502225,1.0
1765072842.5198836,1.0
1765072842.5374763,1.0
1765072842.5550306,1.0
1765072842.5725825,1.0
1765072842.5901196,1.0
1765072842.6076584,1.0
1765072842.6252468,1.0
1765072842.6428423,1.0
1765072842.6606288,1.0
1765072842.6782153,1.0
1765072842.6958766,1.0
1765072842.7137084,1.0
1765072842.7313545,1.0
1765072842.748905,1.0
1765072842.7664409,1.0
1765072842.7839928,1.0
1765072842.801589,1.0
1765072842.819083,1.0
1765072842.8368602,1.0
1765072842.8544252,1.0
1765072842.8720272,1.0
1765072842.8896487,1.0
1765072842.9073117,1.0
1765072842.9248455,1.0
1765072842.9424005,1.0
1765072842.9599204,1.0
1765072842.9776425,1.0
1765072842.9951615,1.0
1765072843.0127847,1.0
1765072843.030377,1.0
1765072843.0479734,1.0
1765072843.0655642,1.0
1765072843.0830984,1.0
1765072843.1007268,1.0
1765072843.1182995,1.0
1765072843.1358654,1.0
1765072843.1534975,1.0
1765072843.171031,1.0
1765072843.188623,1.0
1765072843.2061665,1.0
1765072843.2236981,1.0
1765072843.2413056,1.0
1765072843.2588587,1.0
1765072843.2764392,1.0
1765072843.2953823,1.0
1765072843.3131127,1.0
1765072843.3475492,1.0
1765072843.36516,1.0
1765072843.3827105,1.0
1765072843.4002943,1.0
1765072843.4179156,1.0
1765072843.4355092,1.0
1765072843.45316,1.0
1765072843.47087,1.0
1765072843.488491,1.0
1765072843.5062404,1.0
1765072843.5238538,1.0
1765072843.5415816,1.0
1765072843.5591455,1.0
1765072843.576717,1.0
1765072843.5943222,1.0
1765072843.6119928,1.0
1765072843.6296833,1.0
1765072843.6473587,1.0
1765072843.6651196,1.0
1765072843.6827912,1.0
1765072843.7005293,1.0
1765072843.7181585,1.0
1765072843.7358525,1.0
1765072843.7534175,1.0
1765072843.7709363,1.0
1765072843.7885163,1.0
1765072843.8062103,1.0
1765072843.8237925,1.0
1765072843.8414578,1.0
1765072843.8590126,1.0
1765072843.8766253,1.0
1765072843.8942466,1.0
1765072843.9118097,1.0
1765072843.929532,1.0
1765072843.9470837,1.0
1765072843.9646919,1.0
1765072843.9823017,1.0
1765072843.9999573,1.0
1765072844.0175521,1.0
1765072844.0351362,1.0
1765072844.0528538,1.0
1765072844.0704257,1.0
1765072844.0880067,1.0
1765072844.1055768,1.0
1765072844.1231363,1.0
1765072844.1408112,1.0
1765072844.158393,1.0
1765072844.1759875,1.0
1765072844.1935704,1.0
1765072844.211173,1.0
1765072844.2287652,1.0
1765072844.246373,1.0
1765072844.2639272,1.0
1765072844.2815022,1.0
1765072844.3001797,1.0
1765072844.3180366,1.0
1765072844.335595,1.0
1765072844.3534226,1.0
1765072844.3709264,1.0
1765072844.3885245,1.0
1765072844.4061491,1.0
1765072844.423733,1.0
1765072844.44169,1.0
1765072844.4592931,1.0
1765072844.4768353,1.0
1765072844.4945333,1.0
1765072844.5120802,1.0
1765072844.5296578,1.0
1765072844.5472095,1.0
1765072844.5647976,1.0
1765072844.5824032,1.0
1765072844.6000345,1.0
1765072844.6176243,1.0
1765072844.635354,1.0
1765072844.6531653,1.0
1765072844.6707392,1.0
1765072844.688519,1.0
1765072844.706101,1.0
1765072844.7239928,1.0
1765072844.741587,1.0
1765072844.7591946,1.0
1765072844.7767925,1.0
1765072844.7943745,1.0
1765072844.8121436,1.0
1765072844.830447,1.0
1765072844.8480992,1.0
1765072844.8656993,1.0
1765072844.8834214,1.0
1765072844.9011135,1.0
1765072844.9187193,1.0
1765072844.9363406,1.0
1765072844.9539435,1.0
1765072844.9715502,1.0
1765072844.9892685,1.0
1765072845.0068552,1.0
1765072845.024514,1.0
1765072845.0421202,1.0
1765072845.059713,1.0
1765072845.0773878,1.0
1765072845.0949755,1.0
1765072845.112576,1.0
1765072845.1302433,1.0
1765072845.1478379,1.0
1765072845.1654217,1.0
1765072845.1829863,1.0
1765072845.2005713,1.0
1765072845.2181506,1.0
1765072845.235767,1.0
1765072845.2533588,1.0
1765072845.270917,1.0
1765072845.2885365,1.0
1765072845.3076148,1.0
1765072845.3252344,1.0
1765072845.3594854,1.0
1765072845.3768995,1.0
1765072845.3945043,1.0
1765072845.4120653,1.0
1765072845.4296374,1.0
1765072845.447278,1.0
1765072845.4648676,1.0
1765072845.4825816,1.0
1765072845.5002527,1.0
1765072845.517847,1.0
1765072845.5355377,1.0
1765072845.5530968,1.0
1765072845.570778,1.0
1765072845.5884094,1.0
1765072845.6059918,1.0
1765072845.6238632,1.0
1765072845.6415462,1.0
1765072845.6594186,1.0
1765072845.677025,1.0
1765072845.6947734,1.0
1765072845.7124217,1.0
1765072845.7303026,1.0
1765072845.747892,1.0
1765072845.7654755,1.0
1765072845.783035,1.0
1765072845.800625,1.0
1765072845.818273,1.0
1765072845.8358586,1.0
1765072845.8535426,1.0
1765072845.8711898,1.0
1765072845.8888464,1.0
1765072845.9065306,1.0
1765072845.924121,1.0
1765072845.941761,1.0
1765072845.9593573,1.0
1765072845.9770956,1.0
1765072845.9947662,1.0
1765072846.012346,1.0
1765072846.0300179,1.0
1765072846.0476513,1.0
1765072846.065254,1.0
1765072846.0828419,1.0
1765072846.1004255,1.0
1765072846.1180654,1.0
1765072846.1357503,1.0
1765072846.1533394,1.0
1765072846.171007,1.0
1765072846.1887681,1.0
1765072846.206391,1.0
1765072846.2239811,1.0
1765072846.2415533,1.0
1765072846.2592678,1.0
1765072846.2768471,1.0
1765072846.294479,1.0
1765072846.31323,1.0
1765072846.3307872,1.0
1765072846.3484201,1.0
1765072846.3660204,1.0
1765072846.383594,1.0
1765072846.4012704,1.0
1765072846.4188397,1.0
1765072846.4364047,1.0
1765072846.4539502,1.0
1765072846.4715264,1.0
1765072846.4895995,1.0
1765072846.507208,1.0
1765072846.5248003,1.0
1765072846.5424652,1.0
1765072846.5600193,1.0
1765072846.5777903,1.0
1765072846.5955548,1.0
1765072846.6131573,1.0
1765072846.630838,1.0
1765072846.6484306,1.0
1765072846.6660345,1.0
1765072846.68361,1.0
1765072846.7013006,1.0
1765072846.7189345,1.0
1765072846.7366314,1.0
1765072846.7542188,1.0
1765072846.771871,1.0
1765072846.7895532,1.0
1765072846.8072684,1.0
1765072846.824888,1.0
1765072846.8424788,1.0
1765072846.8600955,1.0
1765072846.8778348,1.0
1765072846.895437,1.0
1765072846.913064,1.0
1765072846.9306374,1.0
1765072846.9482572,1.0
1765072846.9658263,1.0
1765072846.9834151,1.0
1765072847.0010712,1.0
1765072847.018672,1.0
1765072847.0363245,1.0
1765072847.0539615,1.0
1765072847.0715976,1.0
1765072847.0891857,1.0
1765072847.1068175,1.0
1765072847.124416,1.0
1765072847.141988,1.0
1765072847.159602,1.0
1765072847.1771858,1.0
1765072847.1947665,1.0
1765072847.2124324,1.0
1765072847.230015,1.0
1765072847.2476099,1.0
1765072847.2652414,1.0
1765072847.282798,1.0
1765072847.3012984,1.0
1765072847.3191893,1.0
1765072847.336906,1.0
1765072847.3545191,1.0
1765072847.3720627,1.0
1765072847.3897197,1.0
1765072847.407407,1.0
1765072847.4249609,1.0
1765072847.4425397,1.0
1765072847.4601989,1.0
1765072847.4777505,1.0
1765072847.495341,1.0
1765072847.5224447,1.0
1765072847.5481021,1.0
1765072847.5656633,1.0
1765072847.5832942,1.0
1765072847.6008947,1.0
1765072847.6185865,1.0
1765072847.6361537,1.0
1765072847.6538255,1.0
1765072847.6713934,1.0
1765072847.6891334,1.0
1765072847.7066996,1.0
1765072847.7244718,1.0
1765072847.742018,1.0
1765072847.759671,1.0
1765072847.777254,1.0
1765072847.7949576,1.0
1765072847.812587,1.0
1765072847.830301,1.0
1765072847.8478737,1.0
1765072847.8655183,1.0
1765072847.8830829,1.0
1765072847.9007683,1.0
1765072847.9183397,1.0
1765072847.935931,1.0
1765072847.9535935,1.0
1765072847.9711723,1.0
1765072847.9887815,1.0
1765072848.0063856,1.0
1765072848.0240738,1.0
1765072848.0417976,1.0
1765072848.0593755,1.0
1765072848.0769694,1.0
1765072848.0945747,1.0
1765072848.1121845,1.0
1765072848.129753,1.0
1765072848.147314,1.0
1765072848.1649919,1.0
1765072848.18256,1.0
1765072848.2001,1.0
1765072848.217696,1.0
1765072848.235314,1.0
1765072848.2528396,1.0
1765072848.2704155,1.0
1765072848.2880037,1.0
1765072848.306831,1.0
1765072848.3244967,1.0
1765072848.3420804,1.0
1765072848.3596604,1.0
1765072848.3773549,1.0
1765072848.394888,1.0
1765072848.41253,1.0
1765072848.4300761,1.0
1765072848.447673,1.0
1765072848.4652328,1.0
1765072848.4827714,1.0
1765072848.5004191,1.0
1765072848.5179536,1.0
1765072848.5356889,1.0
1765072848.5534594,1.0
1765072848.5710466,1.0
1765072848.5886476,1.0
1765072848.6061845,1.0
1765072848.6237485,1.0
1765072848.641357,1.0
1765072848.6591206,1.0
1765072848.676727,1.0
1765072848.6943789,1.0
1765072848.7119853,1.0
1765072848.7297163,1.0
1765072848.7478664,1.0
1765072848.774129,1.0
1765072848.7916842,1.0
1765072848.8092551,1.0
1765072848.8268661,1.0
1765072848.8459148,1.0
1765072848.8636441,1.0
1765072848.8812053,1.0
1765072848.8987522,1.0
1765072848.916503,1.0
1765072848.9340634,1.0
1765072848.953318,1.0
1765072848.9736037,1.0
1765072848.9912028,1.0
1765072849.0087626,1.0
1765072849.0263484,1.0
1765072849.0439801,1.0
1765072849.0616372,1.0
1765072849.0791728,1.0
1765072849.0968504,1.0
1765072849.1144235,1.0
1765072849.1320145,1.0
1765072849.1495812,1.0
1765072849.1672375,1.0
1765072849.1847954,1.0
1765072849.202387,1.0
1765072849.2199323,1.0
1765072849.237521,1.0
1765072849.2551339,1.0
1765072849.2727225,1.0
1765072849.2904274,1.0
1765072849.3089256,1.0
1765072849.3297596,1.0
1765072849.347302,1.0
1765072849.3648665,1.0
1765072849.3824155,1.0
1765072849.399956,1.0
1765072849.4174938,1.0
1765072849.4362576,1.0
1765072849.4538236,1.0
1765072849.4714005,1.0
1765072849.4890084,1.0
1765072849.5066304,1.0
1765072849.5242572,1.0
1765072849.5418115,1.0
1765072849.5594132,1.0
1765072849.5770125,1.0
1765072849.594608,1.0
1765072849.612214,1.0
1765072849.6297877,1.0
1765072849.647705,1.0
1765072849.6652713,1.0
1765072849.6829822,1.0
1765072849.7006304,1.0
1765072849.718222,1.0
1765072849.7359595,1.0
1765072849.753574,1.0
1765072849.7712107,1.0
1765072849.7887514,1.0
1765072849.8063674,1.0
1765072849.824043,1.0
1765072849.8416603,1.0
1765072849.8593419,1.0
1765072849.8769631,1.0
1765072849.8946111,1.0
1765072849.9122305,1.0
1765072849.9298706,1.0
1765072849.947509,1.0
1765072849.9651196,1.0
1765072849.98274,1.0
1765072850.0003757,1.0
1765072850.0179987,1.0
1765072850.0356338,1.0
1765072850.0532756,1.0
1765072850.0709062,1.0
1765072850.0885525,1.0
1765072850.1061494,1.0
1765072850.1238253,1.0
1765072850.1419544,1.0
1765072850.1596103,1.0
1765072850.177247,1.0
1765072850.1948693,1.0
1765072850.212511,1.0
1765072850.2301195,1.0
1765072850.247735,1.0
1765072850.2654502,1.0
1765072850.283114,1.0
1765072850.3019574,1.0
1765072850.319509,1.0
1765072850.3371212,1.0
1765072850.3547297,1.0
1765072850.3723752,1.0
1765072850.389978,1.0
1765072850.4075887,1.0
1765072850.425217,1.0
1765072850.4428184,1.0
1765072850.4604578,1.0
1765072850.4780552,1.0
1765072850.495729,1.0
1765072850.5133295,1.0
1765072850.5309527,1.0
1765072850.5485737,1.0
1765072850.5661023,1.0
1765072850.5839205,1.0
1765072850.60159,1.0
1765072850.619192,1.0
1765072850.6368635,1.0
1765072850.654776,1.0
1765072850.6723754,1.0
1765072850.690027,1.0
1765072850.7076395,1.0
1765072850.725317,1.0
1765072850.7429266,1.0
1765072850.7605379,1.0
1765072850.7781703,1.0
1765072850.7958148,1.0
1765072850.8134434,1.0
1765072850.8310988,1.0
1765072850.8487284,1.0
1765072850.8663456,1.0
1765072850.8839624,1.0
1765072850.901611,1.0
1765072850.9192133,1.0
1765072850.9368215,1.0
1765072850.954443,1.0
1765072850.9720933,1.0
1765072850.9897337,1.0
1765072851.0073538,1.0
1765072851.0249648,1.0
1765072851.0425744,1.0
1765072851.0602915,1.0
1765072851.077893,1.0
1765072851.0955377,1.0
1765072851.1131701,1.0
1765072851.1307864,1.0
1765072851.148364,1.0
1765072851.165973,1.0
1765072851.1836615,1.0
1765072851.201277,1.0
1765072851.2188673,1.0
1765072851.2364647,1.0
1765072851.2540774,1.0
1765072851.2717314,1.0
1765072851.2893133,1.0
1765072851.307626,1.0
1765072851.3252943,1.0
1765072851.342918,1.0
1765072851.360554,1.0
1765072851.3781836,1.0
1765072851.3957872,1.0
1765072851.4134204,1.0
1765072851.4310467,1.0
1765072851.4489596,1.0
1765072851.4665875,1.0
1765072851.4842346,1.0
1765072851.501933,1.0
1765072851.5195656,1.0
1765072851.5371904,1.0
1765072851.5547454,1.0
1765072851.5723767,1.0
1765072851.5900087,1.0
1765072851.6076093,1.0
1765072851.625246,1.0
1765072851.6428692,1.0
1765072851.6606975,1.0
1765072851.678313,1.0
1765072851.6960912,1.0
1765072851.7137132,1.0
1765072851.7313423,1.0
1765072851.7489583,1.0
1765072851.7665617,1.0
1765072851.7841718,1.0
1765072851.801909,1.0
1765072851.819567,1.0
1765072851.8371716,1.0
1765072851.8547802,1.0
1765072851.8724332,1.0
1765072851.8900468,1.0
1765072851.9076917,1.0
1765072851.925379,1.0
1765072851.9429789,1.0
1765072851.9605887,1.0
1765072851.9782438,1.0
1765072851.9958758,1.0
1765072852.0134916,1.0
1765072852.0311117,1.0
1765072852.0487273,1.0
1765072852.0663533,1.0
1765072852.0839643,1.0
1765072852.101586,1.0
1765072852.1192164,1.0
1765072852.1368294,1.0
1765072852.154475,1.0
1765072852.1721175,1.0
1765072852.189743,1.0
1765072852.2073953,1.0
1765072852.2249925,1.0
1765072852.2425754,1.0
1765072852.260195,1.0
1765072852.2777886,1.0
1765072852.2966552,1.0
1765072852.3145607,1.0
1765072852.3321493,1.0
1765072852.3498507,1.0
1765072852.367515,1.0
1765072852.3851855,1.0
1765072852.4027934,1.0
1765072852.420405,1.0
1765072852.4380853,1.0
1765072852.4557574,1.0
1765072852.4734287,1.0
1765072852.4911392,1.0
1765072852.508747,1.0
1765072852.5264363,1.0
1765072852.5441668,1.0
1765072852.5618522,1.0
1765072852.5795333,1.0
1765072852.5971808,1.0
1765072852.6147914,1.0
1765072852.6325788,1.0
1765072852.6504138,1.0
1765072852.6679928,1.0
1765072852.6856449,1.0
1765072852.7032278,1.0
1765072852.7209532,1.0
1765072852.7384913,1.0
1765072852.7560818,1.0
1765072852.7737055,1.0
1765072852.7913218,1.0
1765072852.8089373,1.0
1765072852.8265538,1.0
1765072852.8441358,1.0
1765072852.8617952,1.0
1765072852.8794038,1.0
1765072852.8970158,1.0
1765072852.9146233,1.0
1765072852.9321437,1.0
1765072852.9497492,1.0
1765072852.9673712,1.0
1765072852.9849825,1.0
1765072853.002604,1.0
1765072853.020134,1.0
1765072853.0377336,1.0
1765072853.0553484,1.0
1765072853.0729566,1.0
1765072853.0906072,1.0
1765072853.108196,1.0
1765072853.1258168,1.0
1765072853.14343,1.0
1765072853.1611123,1.0
1765072853.1787074,1.0
1765072853.1962993,1.0
1765072853.2138867,1.0
1765072853.2315192,1.0
1765072853.2491238,1.0
1765072853.2667475,1.0
1765072853.284337,1.0
1765072853.3033595,1.0
1765072853.320987,1.0
1765072853.338753,1.0
1765072853.356429,1.0
1765072853.3740168,1.0
1765072853.3916807,1.0
1765072853.4092996,1.0
1765072853.4269478,1.0
1765072853.4446056,1.0
1765072853.462247,1.0
1765072853.4799008,1.0
1765072853.4976673,1.0
1765072853.5152993,1.0
1765072853.5329113,1.0
1765072853.5506487,1.0
1765072853.5683024,1.0
1765072853.585941,1.0
1765072853.6035926,1.0
1765072853.6212873,1.0
1765072853.6391132,1.0
1765072853.6570146,1.0
1765072853.6746652,1.0
1765072853.692551,1.0
1765072853.710165,1.0
1765072853.728049,1.0
1765072853.7628486,1.0
1765072853.7805183,1.0
1765072853.798212,1.0
1765072853.8158772,1.0
1765072853.8335714,1.0
1765072853.8512113,1.0
1765072853.8689065,1.0
1765072853.8865588,1.0
1765072853.904251,1.0
1765072853.9219034,1.0
1765072853.9396958,1.0
1765072853.9573705,1.0
1765072853.975058,1.0
1765072853.9928248,1.0
1765072854.0105305,1.0
1765072854.0281844,1.0
1765072854.0458465,1.0
1765072854.0636399,1.0
1765072854.0813084,1.0
1765072854.0989873,1.0
1765072854.1166425,1.0
1765072854.1345444,1.0
1765072854.1521752,1.0
1765072854.1698976,1.0
1765072854.1876032,1.0
1765072854.2053494,1.0
1765072854.2229989,1.0
1765072854.2407088,1.0
1765072854.2584026,1.0
1765072854.2760985,1.0
1765072854.2939548,1.0
1765072854.3132083,1.0
1765072854.3308516,1.0
1765072854.3485487,1.0
1765072854.3662739,1.0
1765072854.3839376,1.0
1765072854.4016492,1.0
1765072854.4195325,1.0
1765072854.4372506,1.0
1765072854.4549274,1.0
1765072854.4727874,1.0
1765072854.4904935,1.0
1765072854.50836,1.0
1765072854.526047,1.0
1765072854.54373,1.0
1765072854.561387,1.0
1765072854.579078,1.0
1765072854.5967333,1.0
1765072854.614472,1.0
1765072854.63229,1.0
1765072854.6501882,1.0
1765072854.6680589,1.0
1765072854.6860332,1.0
1765072854.7036855,1.0
1765072854.7216394,1.0
1765072854.7392921,1.0
1765072854.7570293,1.0
1765072854.7747655,1.0
1765072854.7924938,1.0
1765072854.810278,1.0
1765072854.8280005,1.0
1765072854.8457634,1.0
1765072854.8641434,1.0
1765072854.881832,1.0
1765072854.899554,1.0
1765072854.9173462,1.0
1765072854.9350934,1.0
1765072854.9527795,1.0
1765072854.9704735,1.0
1765072854.9881964,1.0
1765072855.005931,1.0
1765072855.023551,1.0
1765072855.041205,1.0
1765072855.058793,1.0
1765072855.076453,1.0
1765072855.0940652,1.0
1765072855.111655,1.0
1765072855.1292799,1.0
1765072855.1470554,1.0
1765072855.164642,1.0
1765072855.1822386,1.0
1765072855.1998384,1.0
1765072855.2175481,1.0
1765072855.2351286,1.0
1765072855.2527988,1.0
1765072855.2704308,1.0
1765072855.288086,1.0
1765072855.3071656,1.0
1765072855.3248255,1.0
1765072855.342397,1.0
1765072855.3600347,1.0
1765072855.377751,1.0
1765072855.3953454,1.0
1765072855.4129324,1.0
1765072855.4305367,1.0
1765072855.4481857,1.0
1765072855.4657748,1.0
1765072855.4833376,1.0
1765072855.5010555,1.0
1765072855.518646,1.0
1765072855.5362437,1.0
1765072855.5538201,1.0
1765072855.5714247,1.0
1765072855.5890875,1.0
1765072855.6067014,1.0
1765072855.624341,1.0
1765072855.6419408,1.0
1765072855.6597896,1.0
1765072855.677386,1.0
1765072855.6952121,1.0
1765072855.7127929,1.0
1765072855.7306094,1.0
1765072855.7482111,1.0
1765072855.765795,1.0
1765072855.7834506,1.0
1765072855.8010337,1.0
1765072855.818634,1.0
1765072855.8362932,1.0
1765072855.8538663,1.0
1765072855.8715408,1.0
1765072855.8891065,1.0
1765072855.9067245,1.0
1765072855.9243717,1.0
1765072855.941938,1.0
1765072855.9596272,1.0
1765072855.9771783,1.0
1765072855.9949086,1.0
1765072856.0127656,1.0
1765072856.0305135,1.0
1765072856.0482492,1.0
1765072856.0659432,1.0
1765072856.0836747,1.0
1765072856.1014159,1.0
1765072856.1191032,1.0
1765072856.1368203,1.0
1765072856.1545916,1.0
1765072856.172224,1.0
1765072856.1899376,1.0
1765072856.2077672,1.0
1765072856.2254887,1.0
1765072856.2432253,1.0
1765072856.2609768,1.0
1765072856.2787054,1.0
1765072856.2963104,1.0
1765072856.3151274,1.0
1765072856.3328395,1.0
1765072856.3507009,1.0
1765072856.3855596,1.0
1765072856.4032393,1.0
1765072856.420952,1.0
1765072856.4386837,1.0
1765072856.456526,1.0
1765072856.4743068,1.0
1765072856.4920254,1.0
1765072856.5097623,1.0
1765072856.5275037,1.0
1765072856.545191,1.0
1765072856.5629947,1.0
1765072856.580737,1.0
1765072856.5984676,1.0
1765072856.6161706,1.0
1765072856.6338828,1.0
1765072856.6520317,1.0
1765072856.669677,1.0
1765072856.687555,1.0
1765072856.7052183,1.0
1765072856.7229524,1.0
1765072856.7408404,1.0
1765072856.7585652,1.0
1765072856.776247,1.0
1765072856.793911,1.0
1765072856.8116353,1.0
1765072856.8294697,1.0
1765072856.8471537,1.0
1765072856.8648472,1.0
1765072856.8826294,1.0
1765072856.900291,1.0
1765072856.9180043,1.0
1765072856.9356668,1.0
1765072856.9533408,1.0
1765072856.971044,1.0
1765072856.9887273,1.0
1765072857.0065293,1.0
1765072857.0242107,1.0
1765072857.0418813,1.0
1765072857.0595393,1.0
1765072857.0772405,1.0
1765072857.094936,1.0
1765072857.1126058,1.0
1765072857.130311,1.0
1765072857.1480398,1.0
1765072857.1657183,1.0
1765072857.183503,1.0
1765072857.201274,1.0
1765072857.2190268,1.0
1765072857.2367992,1.0
1765072857.2545125,1.0
1765072857.2722554,1.0
1765072857.2900033,1.0
1765072857.3093934,1.0
1765072857.3270657,1.0
1765072857.3447628,1.0
1765072857.3624883,1.0
1765072857.380238,1.0
1765072857.397968,1.0
1765072857.4156766,1.0
1765072857.4333763,1.0
1765072857.4510915,1.0
1765072857.4689124,1.0
1765072857.4866297,1.0
1765072857.5045285,1.0
1765072857.522208,1.0
1765072857.5398939,1.0
1765072857.5577054,1.0
1765072857.5753891,1.0
1765072857.5931044,1.0
1765072857.6107924,1.0
1765072857.6285079,1.0
1765072857.6464002,1.0
1765072857.6640933,1.0
1765072857.6817603,1.0
1765072857.6994758,1.0
1765072857.7171705,1.0
1765072857.734993,1.0
1765072857.7527702,1.0
1765072857.7704532,1.0
1765072857.7881446,1.0
1765072857.805848,1.0
1765072857.8235934,1.0
1765072857.8412895,1.0
1765072857.8590393,1.0
1765072857.8767412,1.0
1765072857.894426,1.0
1765072857.9121912,1.0
1765072857.929882,1.0
1765072857.9475317,1.0
1765072857.9652674,1.0
1765072857.9829347,1.0
1765072858.0006368,1.0
1765072858.0183825,1.0
1765072858.0360694,1.0
1765072858.053815,1.0
1765072858.071519,1.0
1765072858.089188,1.0
1765072858.1070197,1.0
1765072858.1247525,1.0
1765072858.1425197,1.0
1765072858.1601915,1.0
1765072858.177946,1.0
1765072858.1956694,1.0
1765072858.2133393,1.0
1765072858.2310815,1.0
1765072858.2487547,1.0
1765072858.2664697,1.0
1765072858.2842345,1.0
1765072858.303401,1.0
1765072858.3209627,1.0
1765072858.338638,1.0
1765072858.3564858,1.0
1765072858.3741841,1.0
1765072858.3919697,1.0
1765072858.4096572,1.0
1765072858.4273562,1.0
1765072858.4450424,1.0
1765072858.4628124,1.0
1765072858.4804902,1.0
1765072858.4982684,1.0
1765072858.5159142,1.0
1765072858.5335617,1.0
1765072858.5513468,1.0
1765072858.569055,1.0
1765072858.586749,1.0
1765072858.6044934,1.0
1765072858.622214,1.0
1765072858.6399667,1.0
1765072858.6577044,1.0
1765072858.6754012,1.0
1765072858.6931338,1.0
1765072858.7108104,1.0
1765072858.728573,1.0
1765072858.7462964,1.0
1765072858.7640688,1.0
1765072858.7819235,1.0
1765072858.799607,1.0
1765072858.8173099,1.0
1765072858.8350546,1.0
1765072858.852962,1.0
1765072858.8707912,1.0
1765072858.8885362,1.0
1765072858.9062748,1.0
1765072858.9240599,1.0
1765072858.9418228,1.0
1765072858.9595656,1.0
1765072858.9773157,1.0
1765072858.9950807,1.0
1765072859.012825,1.0
1765072859.0305908,1.0
1765072859.0482967,1.0
1765072859.066078,1.0
1765072859.0837867,1.0
1765072859.1015587,1.0
1765072859.119364,1.0
1765072859.1371765,1.0
1765072859.1548584,1.0
1765072859.172507,1.0
1765072859.1902847,1.0
1765072859.2079344,1.0
1765072859.2257054,1.0
1765072859.243367,1.0
1765072859.2610226,1.0
1765072859.2786973,1.0
1765072859.2978315,1.0
1765072859.3156722,1.0
1765072859.3333735,1.0
1765072859.3510985,1.0
1765072859.368796,1.0
1765072859.3865097,1.0
1765072859.4043324,1.0
1765072859.4220335,1.0
1765072859.43974,1.0
1765072859.4574623,1.0
1765072859.4751873,1.0
1765072859.4930139,1.0
1765072859.510685,1.0
1765072859.5284195,1.0
1765072859.5461037,1.0
1765072859.563836,1.0
1765072859.5817132,1.0
1765072859.5994308,1.0
1765072859.6171448,1.0
1765072859.634794,1.0
1765072859.6526482,1.0
1765072859.6703503,1.0
1765072859.6880896,1.0
1765072859.7058787,1.0
1765072859.723653,1.0
1765072859.7412887,1.0
1765072859.758929,1.0
1765072859.7766223,1.0
1765072859.7942996,1.0
1765072859.811822,1.0
1765072859.82952,1.0
1765072859.8471859,1.0
1765072859.8648767,1.0
1765072859.8825877,1.0
1765072859.900374,1.0
1765072859.9180949,1.0
1765072859.9357636,1.0
1765072859.9534364,1.0
1765072859.97112,1.0
1765072859.9888327,1.0
1765072860.0065184,1.0
1765072860.0241973,1.0
1765072860.0418677,1.0
1765072860.0595448,1.0
1765072860.0772831,1.0
1765072860.0949843,1.0
1765072860.1126606,1.0
1765072860.1303587,1.0
1765072860.1480231,1.0
1765072860.1657028,1.0
1765072860.1833856,1.0
1765072860.2010827,1.0
1765072860.2187796,1.0
1765072860.2364767,1.0
1765072860.2541697,1.0
1765072860.2718618,1.0
1765072860.289574,1.0
1765072860.309023,1.0
1765072860.3266783,1.0
1765072860.3444278,1.0
1765072860.362096,1.0
1765072860.3798077,1.0
1765072860.4143133,1.0
1765072860.4318066,1.0
1765072860.4495065,1.0
1765072860.4673815,1.0
1765072860.485137,1.0
1765072860.5029724,1.0
1765072860.520686,1.0
1765072860.5384037,1.0
1765072860.5560644,1.0
1765072860.573815,1.0
1765072860.5915375,1.0
1765072860.6092236,1.0
1765072860.626925,1.0
1765072860.6448922,1.0
1765072860.6626852,1.0
1765072860.6803753,1.0
1765072860.6981676,1.0
1765072860.715859,1.0
1765072860.7336953,1.0
1765072860.751441,1.0
1765072860.7691228,1.0
1765072860.7868798,1.0
1765072860.804637,1.0
1765072860.8224916,1.0
1765072860.840234,1.0
1765072860.857984,1.0
1765072860.8757532,1.0
1765072860.8934886,1.0
1765072860.9112775,1.0
1765072860.9290395,1.0
1765072860.9467869,1.0
1765072860.9645448,1.0
1765072860.982299,1.0
1765072861.0000129,1.0
1765072861.017654,1.0
1765072861.0353374,1.0
1765072861.053128,1.0
1765072861.0709045,1.0
1765072861.088658,1.0
1765072861.1063848,1.0
1765072861.1241474,1.0
1765072861.1418998,1.0
1765072861.1596081,1.0
1765072861.1772938,1.0
1765072861.1950197,1.0
1765072861.2127514,1.0
1765072861.2304566,1.0
1765072861.248164,1.0
1765072861.265925,1.0
1765072861.2836373,1.0
1765072861.3027594,1.0
1765072861.3204427,1.0
1765072861.3381608,1.0
1765072861.3559535,1.0
1765072861.373769,1.0
1765072861.391557,1.0
1765072861.4093156,1.0
1765072861.4270406,1.0
1765072861.4447799,1.0
1765072861.4626448,1.0
1765072861.480378,1.0
1765072861.498155,1.0
1765072861.5159101,1.0
1765072861.5336607,1.0
1765072861.5513797,1.0
1765072861.569126,1.0
1765072861.5868683,1.0
1765072861.6046178,1.0
1765072861.6223626,1.0
1765072861.6400998,1.0
1765072861.6581137,1.0
1765072861.675843,1.0
1765072861.693852,1.0
1765072861.7115786,1.0
1765072861.7293983,1.0
1765072861.7470543,1.0
1765072861.7647736,1.0
1765072861.7824705,1.0
1765072861.8002882,1.0
1765072861.8179643,1.0
1765072861.8356557,1.0
1765072861.8533602,1.0
1765072861.8710103,1.0
1765072861.8886847,1.0
1765072861.9063375,1.0
1765072861.9241436,1.0
1765072861.941827,1.0
1765072861.959505,1.0
1765072861.9771614,1.0
1765072861.9948452,1.0
1765072862.0125139,1.0
1765072862.0303292,1.0
1765072862.047987,1.0
1765072862.0656579,1.0
1765072862.0833285,1.0
1765072862.1009612,1.0
1765072862.1187668,1.0
1765072862.1366906,1.0
1765072862.1544492,1.0
1765072862.1721776,1.0
1765072862.1899786,1.0
1765072862.207761,1.0
1765072862.2255218,1.0
1765072862.2432773,1.0
1765072862.2610598,1.0
1765072862.2787957,1.0
1765072862.2965662,1.0
1765072862.315268,1.0
1765072862.3330066,1.0
1765072862.3508554,1.0
1765072862.368604,1.0
1765072862.386389,1.0
1765072862.404117,1.0
1765072862.4218838,1.0
1765072862.4396498,1.0
1765072862.4574337,1.0
1765072862.4750624,1.0
1765072862.4928765,1.0
1765072862.51055,1.0
1765072862.528324,1.0
1765072862.546083,1.0
1765072862.5638525,1.0
1765072862.5816069,1.0
1765072862.599368,1.0
1765072862.6169171,1.0
1765072862.634685,1.0
1765072862.6525948,1.0
1765072862.6702838,1.0
1765072862.6881661,1.0
1765072862.7058847,1.0
1765072862.723648,1.0
1765072862.7412715,1.0
1765072862.7590065,1.0
1765072862.7767618,1.0
1765072862.7944613,1.0
1765072862.8121772,1.0
1765072862.8298714,1.0
1765072862.84763,1.0
1765072862.8654282,1.0
1765072862.8835118,1.0
1765072862.9012227,1.0
1765072862.9189205,1.0
1765072862.936687,1.0
1765072862.9544084,1.0
1765072862.972135,1.0
1765072862.9898493,1.0
1765072863.0075788,1.0
1765072863.0252929,1.0
1765072863.0430522,1.0
1765072863.0607753,1.0
1765072863.0786624,1.0
1765072863.0963883,1.0
1765072863.1140935,1.0
1765072863.1318364,1.0
1765072863.149547,1.0
1765072863.1672418,1.0
1765072863.1849818,1.0
1765072863.2027464,1.0
1765072863.220498,1.0
1765072863.238186,1.0
1765072863.255907,1.0
1765072863.2736151,1.0
1765072863.2913022,1.0
1765072863.3103309,1.0
1765072863.3280706,1.0
1765072863.3457704,1.0
1765072863.3634934,1.0
1765072863.3812022,1.0
1765072863.3989,1.0
1765072863.4166234,1.0
1765072863.434355,1.0
1765072863.452019,1.0
1765072863.4696162,1.0
1765072863.4873264,1.0
1765072863.5050836,1.0
1765072863.5227976,1.0
1765072863.540532,1.0
1765072863.5581944,1.0
1765072863.5759091,1.0
1765072863.593623,1.0
1765072863.61131,1.0
1765072863.629063,1.0
1765072863.6468015,1.0
1765072863.664531,1.0
1765072863.682349,1.0
1765072863.7000453,1.0
1765072863.7177458,1.0
1765072863.735558,1.0
1765072863.7532878,1.0
1765072863.7710009,1.0
1765072863.7887313,1.0
1765072863.8064659,1.0
1765072863.824155,1.0
1765072863.8419008,1.0
1765072863.859635,1.0
1765072863.8773465,1.0
1765072863.8950377,1.0
1765072863.9127665,1.0
1765072863.930468,1.0
1765072863.9481616,1.0
1765072863.9658806,1.0
1765072863.9836006,1.0
1765072864.0013022,1.0
1765072864.0190148,1.0
1765072864.0367332,1.0
1765072864.0544364,1.0
1765072864.0721402,1.0
1765072864.0898573,1.0
1765072864.107568,1.0
1765072864.1253664,1.0
1765072864.1430755,1.0
1765072864.1607955,1.0
1765072864.1785095,1.0
1765072864.1962206,1.0
1765072864.213945,1.0
1765072864.2316952,1.0
1765072864.2493968,1.0
1765072864.267077,1.0
1765072864.284784,1.0
1765072864.303925,1.0
1765072864.3215787,1.0
1765072864.3392892,1.0
1765072864.3569882,1.0
1765072864.3747017,1.0
1765072864.3923967,1.0
1765072864.4101474,1.0
1765072864.4278455,1.0
1765072864.4455547,1.0
1765072864.4634051,1.0
1765072864.4811354,1.0
1765072864.4988823,1.0
1765072864.5165985,1.0
1765072864.534292,1.0
1765072864.551984,1.0
1765072864.5697618,1.0
1765072864.5875673,1.0
1765072864.605268,1.0
1765072864.62296,1.0
1765072864.6406734,1.0
1765072864.6587248,1.0
1765072864.6764214,1.0
1765072864.6940691,1.0
1765072864.7117825,1.0
1765072864.7295783,1.0
1765072864.747282,1.0
1765072864.7649727,1.0
1765072864.7826855,1.0
1765072864.8004127,1.0
1765072864.8181207,1.0
1765072864.8358493,1.0
1765072864.8535967,1.0
1765072864.871281,1.0
1765072864.8889928,1.0
1765072864.9068162,1.0
1765072864.9248815,1.0
1765072864.9426303,1.0
1765072864.960357,1.0
1765072864.9780595,1.0
1765072864.9958186,1.0
1765072865.01355,1.0
1765072865.0312674,1.0
1765072865.0489712,1.0
1765072865.0666668,1.0
1765072865.0843897,1.0
1765072865.102087,1.0
1765072865.1198134,1.0
1765072865.1375496,1.0
1765072865.1552255,1.0
1765072865.172955,1.0
1765072865.1906657,1.0
1765072865.2083747,1.0
1765072865.226083,1.0
1765072865.2438161,1.0
1765072865.2615273,1.0
1765072865.2792895,1.0
1765072865.298017,1.0
1765072865.315754,1.0
1765072865.333499,1.0
1765072865.3511875,1.0
1765072865.3689275,1.0
1765072865.3866413,1.0
1765072865.4043505,1.0
1765072865.4220982,1.0
1765072865.439841,1.0
1765072865.4575362,1.0
1765072865.4753013,1.0
1765072865.4931216,1.0
1765072865.5108345,1.0
1765072865.528587,1.0
1765072865.5463336,1.0
1765072865.5640817,1.0
1765072865.58187,1.0
1765072865.5996215,1.0
1765072865.617378,1.0
1765072865.6351354,1.0
1765072865.6530297,1.0
1765072865.6707664,1.0
1765072865.6887639,1.0
1765072865.7064955,1.0
1765072865.7243223,1.0
1765072865.742004,1.0
1765072865.7598162,1.0
1765072865.7775164,1.0
1765072865.7952938,1.0
1765072865.813033,1.0
1765072865.8308125,1.0
1765072865.848541,1.0
1765072865.8663166,1.0
1765072865.8840442,1.0
1765072865.9018023,1.0
1765072865.9195433,1.0
1765072865.9372938,1.0
1765072865.9550235,1.0
1765072865.9728146,1.0
1765072865.9905775,1.0
1765072866.0083523,1.0
1765072866.026083,1.0
1765072866.0438418,1.0
1765072866.061594,1.0
1765072866.0793192,1.0
1765072866.0970678,1.0
1765072866.114855,1.0
1765072866.1326199,1.0
1765072866.1503358,1.0
1765072866.1680574,1.0
1765072866.1858382,1.0
1765072866.2036207,1.0
1765072866.2213788,1.0
1765072866.239097,1.0
1765072866.2568734,1.0
1765072866.2746265,1.0
1765072866.2923748,1.0
1765072866.3114443,1.0
1765072866.3291876,1.0
1765072866.3469317,1.0
1765072866.3646657,1.0
1765072866.3824153,1.0
1765072866.400152,1.0
1765072866.4178877,1.0
1765072866.435643,1.0
1765072866.4534986,1.0
1765072866.4712253,1.0
1765072866.4889615,1.0
1765072866.5067985,1.0
1765072866.524532,1.0
1765072866.5422971,1.0
1765072866.5600655,1.0
1765072866.5777943,1.0
1765072866.5955265,1.0
1765072866.613267,1.0
1765072866.6309538,1.0
1765072866.648862,1.0
1765072866.6665707,1.0
1765072866.6845412,1.0
1765072866.702155,1.0
1765072866.7199945,1.0
1765072866.7376752,1.0
1765072866.7554083,1.0
1765072866.7730947,1.0
1765072866.7908802,1.0
1765072866.8086116,1.0
1765072866.8263211,1.0
1765072866.8440428,1.0
1765072866.861783,1.0
1765072866.879522,1.0
1765072866.897249,1.0
1765072866.914981,1.0
1765072866.932783,1.0
1765072866.9505622,1.0
1765072866.968389,1.0
1765072866.986081,1.0
1765072867.0038202,1.0
1765072867.0215523,1.0
1765072867.0393176,1.0
1765072867.0570285,1.0
1765072867.0747614,1.0
1765072867.092462,1.0
1765072867.1101422,1.0
1765072867.1278586,1.0
1765072867.145573,1.0
1765072867.1633084,1.0
1765072867.1809905,1.0
1765072867.1987288,1.0
1765072867.2164528,1.0
1765072867.2341409,1.0
1765072867.2518806,1.0
1765072867.2696846,1.0
1765072867.2874033,1.0
1765072867.3061798,1.0
1765072867.3238137,1.0
1765072867.341503,1.0
1765072867.3591633,1.0
1765072867.3768847,1.0
1765072867.3945801,1.0
1765072867.4122865,1.0
1765072867.4299111,1.0
1765072867.4475884,1.0
1765072867.465306,1.0
1765072867.482985,1.0
1765072867.5006666,1.0
1765072867.518355,1.0
1765072867.5359836,1.0
1765072867.5537689,1.0
1765072867.5714614,1.0
1765072867.5892866,1.0
1765072867.6069438,1.0
1765072867.6246579,1.0
1765072867.6423278,1.0
1765072867.6602407,1.0
1765072867.6778944,1.0
1765072867.6957576,1.0
1765072867.7134182,1.0
1765072867.7313018,1.0
1765072867.7489848,1.0
1765072867.766712,1.0
1765072867.784378,1.0
1765072867.8020713,1.0
1765072867.8197536,1.0
1765072867.8374233,1.0
1765072867.8551586,1.0
1765072867.872824,1.0
1765072867.8904948,1.0
1765072867.908331,1.0
1765072867.9259968,1.0
1765072867.943719,1.0
1765072867.9614253,1.0
1765072867.9790814,1.0
1765072867.99679,1.0
1765072868.0144246,1.0
1765072868.0320816,1.0
1765072868.0498319,1.0
1765072868.0674987,1.0
1765072868.085292,1.0
1765072868.1029344,1.0
1765072868.1206253,1.0
1765072868.1383069,1.0
1765072868.1560314,1.0
1765072868.173776,1.0
1765072868.1914372,1.0
1765072868.2091646,1.0
1765072868.2268155,1.0
1765072868.244509,1.0
1765072868.262218,1.0
1765072868.279944,1.0
1765072868.2983663,1.0
1765072868.3164017,1.0
1765072868.334074,1.0
1765072868.3517392,1.0
1765072868.3694668,1.0
1765072868.3872898,1.0
1765072868.4049597,1.0
1765072868.4226224,1.0
1765072868.440294,1.0
1765072868.4579916,1.0
1765072868.4756975,1.0
1765072868.493374,1.0
1765072868.5110347,1.0
1765072868.5286837,1.0
1765072868.546347,1.0
1765072868.564065,1.0
1765072868.5817735,1.0
1765072868.5994465,1.0
1765072868.617166,1.0
1765072868.6349068,1.0
1765072868.6526427,1.0
1765072868.6704257,1.0
1765072868.6881983,1.0
1765072868.705936,1.0
1765072868.723672,1.0
1765072868.74134,1.0
1765072868.7590327,1.0
1765072868.7767005,1.0
1765072868.7943833,1.0
1765072868.812041,1.0
1765072868.8297596,1.0
1765072868.8474374,1.0
1765072868.8650787,1.0
1765072868.8827176,1.0
1765072868.9002304,1.0
1765072868.917915,1.0
1765072868.9355915,1.0
1765072868.9532733,1.0
1765072868.9709024,1.0
1765072868.988623,1.0
1765072869.0062811,1.0
1765072869.0242267,1.0
1765072869.0418842,1.0
1765072869.059585,1.0
1765072869.077339,1.0
1765072869.0949645,1.0
1765072869.1127105,1.0
1765072869.1303587,1.0
1765072869.1480072,1.0
1765072869.1656814,1.0
1765072869.1834455,1.0
1765072869.2010982,1.0
1765072869.218781,1.0
1765072869.2364714,1.0
1765072869.2541566,1.0
1765072869.2718353,1.0
1765072869.2895286,1.0
1765072869.3086333,1.0
1765072869.3263044,1.0
1765072869.3439565,1.0
1765072869.3616421,1.0
1765072869.3793197,1.0
1765072869.397038,1.0
1765072869.4146976,1.0
1765072869.4323545,1.0
1765072869.450056,1.0
1765072869.467727,1.0
1765072869.4855506,1.0
1765072869.50337,1.0
1765072869.521075,1.0
1765072869.538791,1.0
1765072869.5564935,1.0
1765072869.574069,1.0
1765072869.5917823,1.0
1765072869.6094596,1.0
1765072869.62712,1.0
1765072869.6449585,1.0
1765072869.6626952,1.0
1765072869.6804664,1.0
1765072869.6983488,1.0
1765072869.7160852,1.0
1765072869.7340224,1.0
1765072869.7518024,1.0
1765072869.7696831,1.0
1765072869.7874465,1.0
1765072869.8053017,1.0
1765072869.8230357,1.0
1765072869.8408027,1.0
1765072869.858553,1.0
1765072869.8762875,1.0
1765072869.8940477,1.0
1765072869.911809,1.0
1765072869.92963,1.0
1765072869.9473674,1.0
1765072869.9650848,1.0
1765072869.9828231,1.0
1765072870.000573,1.0
1765072870.018325,1.0
1765072870.036018,1.0
1765072870.0537293,1.0
1765072870.071441,1.0
1765072870.0891306,1.0
1765072870.1068568,1.0
1765072870.124597,1.0
1765072870.142355,1.0
1765072870.1600924,1.0
1765072870.1779044,1.0
1765072870.1958115,1.0
1765072870.2137668,1.0
1765072870.2315292,1.0
1765072870.2492266,1.0
1765072870.267,1.0
1765072870.2847502,1.0
1765072870.3043973,1.0
1765072870.3219838,1.0
1765072870.3397324,1.0
1765072870.3574536,1.0
1765072870.375218,1.0
1765072870.3929617,1.0
1765072870.4107127,1.0
1765072870.4284575,1.0
1765072870.4462013,1.0
1765072870.4640608,1.0
1765072870.4818206,1.0
1765072870.499861,1.0
1765072870.5175908,1.0
1765072870.5353153,1.0
1765072870.5530353,1.0
1765072870.5708127,1.0
1765072870.588653,1.0
1765072870.6063843,1.0
1765072870.6240985,1.0
1765072870.6418242,1.0
1765072870.6599948,1.0
1765072870.6777594,1.0
1765072870.6956534,1.0
1765072870.7133913,1.0
1765072870.731327,1.0
1765072870.7490618,1.0
1765072870.7671645,1.0
1765072870.784856,1.0
1765072870.802728,1.0
1765072870.8204544,1.0
1765072870.8381667,1.0
1765072870.8559337,1.0
1765072870.873691,1.0
1765072870.8913987,1.0
1765072870.9091423,1.0
1765072870.9269085,1.0
1765072870.9445567,1.0
1765072870.9623778,1.0
1765072870.9800177,1.0
1765072870.9977782,1.0
1765072871.0155096,1.0
1765072871.0332122,1.0
1765072871.050935,1.0
1765072871.0688207,1.0
1765072871.0867198,1.0
1765072871.1044743,1.0
1765072871.1223094,1.0
1765072871.1401744,1.0
1765072871.1579301,1.0
1765072871.175788,1.0
1765072871.1935847,1.0
1765072871.2113166,1.0
1765072871.2290497,1.0
1765072871.2468092,1.0
1765072871.2645838,1.0
1765072871.2822976,1.0
1765072871.301399,1.0
1765072871.3190744,1.0
1765072871.3367937,1.0
1765072871.3545241,1.0
1765072871.372243,1.0
1765072871.3899624,1.0
1765072871.4077394,1.0
1765072871.4254408,1.0
1765072871.443143,1.0
1765072871.460819,1.0
1765072871.4786053,1.0
1765072871.4963124,1.0
1765072871.5140178,1.0
1765072871.5316992,1.0
1765072871.549394,1.0
1765072871.5671074,1.0
1765072871.584864,1.0
1765072871.6025567,1.0
1765072871.6202402,1.0
1765072871.637968,1.0
1765072871.655882,1.0
1765072871.6735868,1.0
1765072871.6913173,1.0
1765072871.7090125,1.0
1765072871.726834,1.0
1765072871.7445376,1.0
1765072871.7622795,1.0
1765072871.779945,1.0
1765072871.7976274,1.0
1765072871.8153706,1.0
1765072871.8330605,1.0
1765072871.8508294,1.0
1765072871.868512,1.0
1765072871.8861866,1.0
1765072871.903906,1.0
1765072871.9216125,1.0
1765072871.9392679,1.0
1765072871.9569523,1.0
1765072871.9746897,1.0
1765072871.9923654,1.0
1765072872.0100567,1.0
1765072872.02785,1.0
1765072872.0454276,1.0
1765072872.063164,1.0
1765072872.0808966,1.0
1765072872.098606,1.0
1765072872.116293,1.0
1765072872.1340315,1.0
1765072872.151733,1.0
1765072872.1693978,1.0
1765072872.1871212,1.0
1765072872.20479,1.0
1765072872.2224767,1.0
1765072872.240205,1.0
1765072872.2578888,1.0
1765072872.2755904,1.0
1765072872.293334,1.0
1765072872.3122325,1.0
1765072872.3298998,1.0
1765072872.3475978,1.0
1765072872.3653243,1.0
1765072872.3830233,1.0
1765072872.4008253,1.0
1765072872.4185297,1.0
1765072872.4362495,1.0
1765072872.4539385,1.0
1765072872.4716473,1.0
1765072872.4894717,1.0
1765072872.5070813,1.0
1765072872.5248005,1.0
1765072872.542558,1.0
1765072872.560324,1.0
1765072872.5780194,1.0
1765072872.5957499,1.0
1765072872.6134305,1.0
1765072872.6311529,1.0
1765072872.649025,1.0
1765072872.666661,1.0
1765072872.6845002,1.0
1765072872.702117,1.0
1765072872.7198863,1.0
1765072872.737503,1.0
1765072872.7551737,1.0
1765072872.7728899,1.0
1765072872.7907357,1.0
1765072872.8084219,1.0
1765072872.8261275,1.0
1765072872.843856,1.0
1765072872.861554,1.0
1765072872.8792422,1.0
1765072872.8969715,1.0
1765072872.9146593,1.0
1765072872.9323883,1.0
1765072872.9501042,1.0
1765072872.9677763,1.0
1765072872.9854631,1.0
1765072873.003182,1.0
1765072873.0209634,1.0
1765072873.038664,1.0
1765072873.0564666,1.0
1765072873.0741415,1.0
1765072873.0918462,1.0
1765072873.1099086,1.0
1765072873.1275752,1.0
1765072873.145271,1.0
1765072873.162959,1.0
1765072873.1806393,1.0
1765072873.1984308,1.0
1765072873.2161257,1.0
1765072873.2338524,1.0
1765072873.2516675,1.0
1765072873.269376,1.0
1765072873.2870843,1.0
1765072873.305967,1.0
1765072873.3235898,1.0
1765072873.3413558,1.0
1765072873.3590136,1.0
1765072873.3767364,1.0
1765072873.3945034,1.0
1765072873.4122179,1.0
1765072873.4298966,1.0
1765072873.4476194,1.0
1765072873.465332,1.0
1765072873.4830272,1.0
1765072873.5008638,1.0
1765072873.5184503,1.0
1765072873.5361733,1.0
1765072873.5538387,1.0
1765072873.5715444,1.0
1765072873.5892563,1.0
1765072873.607018,1.0
1765072873.624867,1.0
1765072873.642564,1.0
1765072873.66049,1.0
1765072873.6781702,1.0
1765072873.695995,1.0
1765072873.713704,1.0
1765072873.7314668,1.0
1765072873.7491853,1.0
1765072873.7668622,1.0
1765072873.7845771,1.0
1765072873.8022416,1.0
1765072873.819977,1.0
1765072873.8376753,1.0
1765072873.8553677,1.0
1765072873.873118,1.0
1765072873.8908656,1.0
1765072873.9085584,1.0
1765072873.9262722,1.0
1765072873.9439576,1.0
1765072873.961721,1.0
1765072873.9794111,1.0
1765072873.997069,1.0
1765072874.0147865,1.0
1765072874.0324898,1.0
1765072874.0503619,1.0
1765072874.0680416,1.0
1765072874.0857804,1.0
1765072874.1035209,1.0
1765072874.1212084,1.0
1765072874.1388156,1.0
1765072874.1564875,1.0
1765072874.1742141,1.0
1765072874.1918728,1.0
1765072874.2095892,1.0
1765072874.2273386,1.0
1765072874.2449963,1.0
1765072874.2627013,1.0
1765072874.2804058,1.0
1765072874.2993288,1.0
1765072874.3171391,1.0
1765072874.334842,1.0
1765072874.3526945,1.0
1765072874.3703806,1.0
1765072874.3881297,1.0
1765072874.4058084,1.0
1765072874.4235382,1.0
1765072874.4412532,1.0
1765072874.4589996,1.0
1765072874.4767401,1.0
1765072874.4945476,1.0
1765072874.5122545,1.0
1765072874.529946,1.0
1765072874.547683,1.0
1765072874.5655112,1.0
1765072874.5832891,1.0
1765072874.600975,1.0
1765072874.618707,1.0
1765072874.6364377,1.0
1765072874.6542525,1.0
1765072874.6719513,1.0
1765072874.6897962,1.0
1765072874.707473,1.0
1765072874.7252216,1.0
1765072874.7429016,1.0
1765072874.7606258,1.0
1765072874.778296,1.0
1765072874.7959788,1.0
1765072874.8136904,1.0
1765072874.831479,1.0
1765072874.8491745,1.0
1765072874.8668933,1.0
1765072874.8845983,1.0
1765072874.9022934,1.0
1765072874.920011,1.0
1765072874.9377308,1.0
1765072874.9555993,1.0
1765072874.9732955,1.0
1765072874.9909933,1.0
1765072875.0087228,1.0
1765072875.0264838,1.0
1765072875.0442448,1.0
1765072875.0620286,1.0
1765072875.0798154,1.0
1765072875.0976462,1.0
1765072875.1154401,1.0
1765072875.1331437,1.0
1765072875.150888,1.0
1765072875.1690567,1.0
1765072875.1867795,1.0
1765072875.2045228,1.0
1765072875.232087,1.0
1765072875.249822,1.0
1765072875.2675204,1.0
1765072875.2852142,1.0
1765072875.3036716,1.0
1765072875.3215058,1.0
1765072875.339198,1.0
1765072875.3569372,1.0
1765072875.3746786,1.0
1765072875.3923824,1.0
1765072875.418286,1.0
1765072875.4358995,1.0
1765072875.4536223,1.0
1765072875.4713063,1.0
1765072875.4890094,1.0
1765072875.5067892,1.0
1765072875.5245023,1.0
1765072875.5422232,1.0
1765072875.559925,1.0
1765072875.5775764,1.0
1765072875.5952897,1.0
1765072875.6165206,1.0
1765072875.6341999,1.0
1765072875.6521704,1.0
1765072875.669909,1.0
1765072875.6877544,1.0
1765072875.7069592,1.0
1765072875.7248733,1.0
1765072875.7424803,1.0
1765072875.7601502,1.0
1765072875.777852,1.0
1765072875.7956502,1.0
1765072875.8133295,1.0
1765072875.831058,1.0
1765072875.848835,1.0
1765072875.86657,1.0
1765072875.8843238,1.0
1765072875.9020045,1.0
1765072875.9197035,1.0
1765072875.937411,1.0
1765072875.9551082,1.0
1765072875.9728508,1.0
1765072875.9906607,1.0
1765072876.0083482,1.0
1765072876.026117,1.0
1765072876.0438848,1.0
1765072876.0616784,1.0
1765072876.0793943,1.0
1765072876.0971348,1.0
1765072876.1148133,1.0
1765072876.1326404,1.0
1765072876.1503177,1.0
1765072876.167992,1.0
1765072876.1859474,1.0
1765072876.2040377,1.0
1765072876.2217011,1.0
1765072876.2394993,1.0
1765072876.2573853,1.0
1765072876.2751503,1.0
1765072876.292964,1.0
1765072876.311945,1.0
1765072876.329766,1.0
1765072876.3474896,1.0
1765072876.3653204,1.0
1765072876.3830137,1.0
1765072876.400705,1.0
1765072876.4184828,1.0
1765072876.4361787,1.0
1765072876.4538906,1.0
1765072876.4716704,1.0
1765072876.489452,1.0
1765072876.5071294,1.0
1765072876.5248806,1.0
1765072876.542565,1.0
1765072876.5602531,1.0
1765072876.5780106,1.0
1765072876.5957704,1.0
1765072876.6134849,1.0
1765072876.6311903,1.0
1765072876.6490319,1.0
1765072876.6666982,1.0
1765072876.6844609,1.0
1765072876.7021067,1.0
1765072876.71988,1.0
1765072876.7374785,1.0
1765072876.755292,1.0
1765072876.772983,1.0
1765072876.7907503,1.0
1765072876.8084905,1.0
1765072876.8261597,1.0
1765072876.8438704,1.0
1765072876.8616529,1.0
1765072876.879353,1.0
1765072876.89702,1.0
1765072876.914854,1.0
1765072876.9325655,1.0
1765072876.950282,1.0
1765072876.9679794,1.0
1765072876.985695,1.0
1765072877.0034957,1.0
1765072877.021171,1.0
1765072877.0389278,1.0
1765072877.0566432,1.0
1765072877.0743532,1.0
1765072877.0920582,1.0
1765072877.1098542,1.0
1765072877.1275818,1.0
1765072877.1452537,1.0
1765072877.1629505,1.0
1765072877.1806438,1.0
1765072877.1983626,1.0
1765072877.2165053,1.0
1765072877.2342033,1.0
1765072877.2518752,1.0
1765072877.2697186,1.0
1765072877.2874103,1.0
1765072877.3062556,1.0
1765072877.323937,1.0
1765072877.3416386,1.0
1765072877.3592963,1.0
1765072877.3770118,1.0
1765072877.3947906,1.0
1765072877.4125335,1.0
1765072877.430292,1.0
1765072877.4478333,1.0
1765072877.465631,1.0
1765072877.4834797,1.0
1765072877.501521,1.0
1765072877.5192676,1.0
1765072877.537143,1.0
1765072877.5549164,1.0
1765072877.572733,1.0
1765072877.590498,1.0
1765072877.6082683,1.0
1765072877.625996,1.0
1765072877.6437993,1.0
1765072877.6616998,1.0
1765072877.6794667,1.0
1765072877.6973684,1.0
1765072877.715106,1.0
1765072877.7330124,1.0
1765072877.7507644,1.0
1765072877.7685578,1.0
1765072877.7863002,1.0
1765072877.8040614,1.0
1765072877.8218758,1.0
1765072877.8396692,1.0
1765072877.8574362,1.0
1765072877.8753452,1.0
1765072877.8931215,1.0
1765072877.9108882,1.0
1765072877.9286797,1.0
1765072877.9464288,1.0
1765072877.964188,1.0
1765072877.9819326,1.0
1765072877.9997323,1.0
1765072878.017458,1.0
1765072878.035271,1.0
1765072878.0530376,1.0
1765072878.0708199,1.0
1765072878.088657,1.0
1765072878.1064084,1.0
1765072878.1242962,1.0
1765072878.1420763,1.0
1765072878.1597922,1.0
1765072878.1775494,1.0
1765072878.1953392,1.0
1765072878.2130847,1.0
1765072878.2308877,1.0
1765072878.2486503,1.0
1765072878.266403,1.0
1765072878.2841654,1.0
1765072878.3028078,1.0
1765072878.3208609,1.0
1765072878.3386345,1.0
1765072878.3564253,1.0
1765072878.374327,1.0
1765072878.392078,1.0
1765072878.4099925,1.0
1765072878.42782,1.0
1765072878.445627,1.0
1765072878.4633698,1.0
1765072878.48114,1.0
1765072878.4990249,1.0
1765072878.5168526,1.0
1765072878.5347779,1.0
1765072878.55258,1.0
1765072878.5705047,1.0
1765072878.5884218,1.0
1765072878.6061943,1.0
1765072878.62398,1.0
1765072878.641809,1.0
1765072878.6600304,1.0
1765072878.6778479,1.0
1765072878.6960387,1.0
1765072878.7137647,1.0
1765072878.7316244,1.0
1765072878.7494102,1.0
1765072878.7672367,1.0
1765072878.784994,1.0
1765072878.8027668,1.0
1765072878.8205218,1.0
1765072878.8382895,1.0
1765072878.856018,1.0
1765072878.873786,1.0
1765072878.8915431,1.0
1765072878.909387,1.0
1765072878.9271128,1.0
1765072878.9448595,1.0
1765072878.962712,1.0
1765072878.9804418,1.0
1765072878.9982407,1.0
1765072879.0160532,1.0
1765072879.033834,1.0
1765072879.0517395,1.0
1765072879.0695138,1.0
1765072879.087269,1.0
1765072879.1049042,1.0
1765072879.1226563,1.0
1765072879.140412,1.0
1765072879.1581566,1.0
1765072879.1757905,1.0
1765072879.1935918,1.0
1765072879.2114117,1.0
1765072879.2291734,1.0
1765072879.2469203,1.0
1765072879.2649844,1.0
1765072879.2827268,1.0
1765072879.301443,1.0
1765072879.3193324,1.0
1765072879.3370895,1.0
1765072879.3550286,1.0
1765072879.372789,1.0
1765072879.3905635,1.0
1765072879.4084432,1.0
1765072879.4263928,1.0
1765072879.4441254,1.0
1765072879.4618673,1.0
1765072879.479619,1.0
1765072879.4974296,1.0
1765072879.5151532,1.0
1765072879.5329237,1.0
1765072879.5506568,1.0
1765072879.5684412,1.0
1765072879.5862677,1.0
1765072879.604004,1.0
1765072879.6217449,1.0
1765072879.6394846,1.0
1765072879.657666,1.0
1765072879.6754813,1.0
1765072879.693671,1.0
1765072879.7114277,1.0
1765072879.7296355,1.0
1765072879.7473726,1.0
1765072879.7652407,1.0
1765072879.7830129,1.0
1765072879.800792,1.0
1765072879.8185778,1.0
1765072879.8362985,1.0
1765072879.8540852,1.0
1765072879.8718448,1.0
1765072879.8896637,1.0
1765072879.9074502,1.0
1765072879.9252303,1.0
1765072879.9429634,1.0
1765072879.9607062,1.0
1765072879.9784908,1.0
1765072879.9962373,1.0
1765072880.0140927,1.0
1765072880.0318272,1.0
1765072880.0495892,1.0
1765072880.0676386,1.0
1765072880.0853705,1.0
1765072880.103171,1.0
1765072880.1209385,1.0
1765072880.1386871,1.0
1765072880.1564183,1.0
1765072880.1741767,1.0
1765072880.1918843,1.0
1765072880.2096446,1.0
1765072880.2274885,1.0
1765072880.245214,1.0
1765072880.2629695,1.0
1765072880.2806833,1.0
1765072880.299704,1.0
1765072880.3183873,1.0
1765072880.3362918,1.0
1765072880.3539975,1.0
1765072880.3717463,1.0
1765072880.3894873,1.0
1765072880.4071941,1.0
1765072880.4249551,1.0
1765072880.4428167,1.0
1765072880.4605584,1.0
1765072880.4782813,1.0
1765072880.4961467,1.0
1765072880.51388,1.0
1765072880.5316436,1.0
1765072880.5494,1.0
1765072880.5671582,1.0
1765072880.5848942,1.0
1765072880.6025157,1.0
1765072880.6201625,1.0
1765072880.637846,1.0
1765072880.65583,1.0
1765072880.6733985,1.0
1765072880.6913273,1.0
1765072880.708942,1.0
1765072880.7269762,1.0
1765072880.7446094,1.0
1765072880.7621899,1.0
1765072880.7797844,1.0
1765072880.797486,1.0
1765072880.8152366,1.0
1765072880.8328586,1.0
1765072880.8504553,1.0
1765072880.8680513,1.0
1765072880.8857749,1.0
1765072880.9033692,1.0
1765072880.9211078,1.0
1765072880.9387982,1.0
1765072880.9565475,1.0
1765072880.9743536,1.0
1765072880.9920816,1.0
1765072881.0099218,1.0
1765072881.027606,1.0
1765072881.0453334,1.0
1765072881.0632362,1.0
1765072881.0809202,1.0
1765072881.0986388,1.0
1765072881.1163192,1.0
1765072881.133925,1.0
1765072881.151615,1.0
1765072881.1691918,1.0
1765072881.1868129,1.0
1765072881.2045126,1.0
1765072881.2222588,1.0
1765072881.2398832,1.0
1765072881.257566,1.0
1765072881.2751803,1.0
1765072881.2928083,1.0
1765072881.311907,1.0
1765072881.329525,1.0
1765072881.3471677,1.0
1765072881.3648236,1.0
1765072881.3825798,1.0
1765072881.4001963,1.0
1765072881.4179811,1.0
1765072881.4359396,1.0
1765072881.4536853,1.0
1765072881.4715343,1.0
1765072881.489442,1.0
1765072881.5074008,1.0
1765072881.5250952,1.0
1765072881.5427637,1.0
1765072881.560492,1.0
1765072881.5780919,1.0
1765072881.5959225,1.0
1765072881.6138551,1.0
1765072881.6315756,1.0
1765072881.6494448,1.0
1765072881.6670287,1.0
1765072881.6848311,1.0
1765072881.7023962,1.0
1765072881.7200432,1.0
1765072881.7376466,1.0
1765072881.7552485,1.0
1765072881.7728436,1.0
1765072881.7904608,1.0
1765072881.8080246,1.0
1765072881.828695,1.0
1765072881.8463247,1.0
1765072881.8638632,1.0
1765072881.881468,1.0
1765072881.8991864,1.0
1765072881.9168096,1.0
1765072881.9344432,1.0
1765072881.951994,1.0
1765072881.9696538,1.0
1765072881.9872885,1.0
1765072882.0047932,1.0
1765072882.0224202,1.0
1765072882.040033,1.0
1765072882.0575945,1.0
1765072882.0751982,1.0
1765072882.092962,1.0
1765072882.1105232,1.0
1765072882.1280537,1.0
1765072882.1455927,1.0
1765072882.1631901,1.0
1765072882.1807196,1.0
1765072882.1983066,1.0
1765072882.2158244,1.0
1765072882.2334383,1.0
1765072882.2509696,1.0
1765072882.2685285,1.0
1765072882.2860768,1.0
1765072882.3052838,1.0
1765072882.322857,1.0
1765072882.340486,1.0
1765072882.358102,1.0
1765072882.3757026,1.0
1765072882.3932595,1.0
1765072882.4108748,1.0
1765072882.4284945,1.0
1765072882.4460585,1.0
1765072882.4636123,1.0
1765072882.4812686,1.0
1765072882.4989305,1.0
1765072882.516544,1.0
1765072882.5341146,1.0
1765072882.5517867,1.0
1765072882.5693502,1.0
1765072882.5869606,1.0
1765072882.6045995,1.0
1765072882.62237,1.0
1765072882.639929,1.0
1765072882.6576297,1.0
1765072882.675238,1.0
1765072882.6930103,1.0
1765072882.7106624,1.0
1765072882.7284203,1.0
1765072882.7460666,1.0
1765072882.7636278,1.0
1765072882.7812924,1.0
1765072882.7989488,1.0
1765072882.8165216,1.0
1765072882.834168,1.0
1765072882.851794,1.0
1765072882.869387,1.0
1765072882.8869855,1.0
1765072882.9045873,1.0
1765072882.9221582,1.0
1765072882.9397564,1.0
1765072882.957428,1.0
1765072882.9750156,1.0
1765072882.992638,1.0
1765072883.010206,1.0
1765072883.027855,1.0
1765072883.0454483,1.0
1765072883.0630813,1.0
1765072883.0806828,1.0
1765072883.098289,1.0
1765072883.1158674,1.0
1765072883.1335545,1.0
1765072883.1513746,1.0
1765072883.1689525,1.0
1765072883.1865933,1.0
1765072883.2043064,1.0
1765072883.221868,1.0
1765072883.2394698,1.0
1765072883.2570815,1.0
1765072883.2747076,1.0
1765072883.2923002,1.0
1765072883.3110151,1.0
1765072883.3286655,1.0
1765072883.346269,1.0
1765072883.364277,1.0
1765072883.3819222,1.0
1765072883.3995006,1.0
1765072883.4172478,1.0
1765072883.4349027,1.0
1765072883.4524658,1.0
1765072883.470022,1.0
1765072883.4876409,1.0
1765072883.50535,1.0
1765072883.522914,1.0
1765072883.5405028,1.0
1765072883.5581338,1.0
1765072883.5757952,1.0
1765072883.5934055,1.0
1765072883.6110194,1.0
1765072883.6286712,1.0
1765072883.646336,1.0
1765072883.6639013,1.0
1765072883.6815538,1.0
1765072883.699144,1.0
1765072883.716766,1.0
1765072883.7345295,1.0
1765072883.752129,1.0
1765072883.7698438,1.0
1765072883.7875078,1.0
1765072883.8051605,1.0
1765072883.8227751,1.0
1765072883.8404996,1.0
1765072883.8580732,1.0
1765072883.875705,1.0
1765072883.8933053,1.0
1765072883.910885,1.0
1765072883.928527,1.0
1765072883.946143,1.0
1765072883.9638097,1.0
1765072883.9814382,1.0
1765072883.9990327,1.0
1765072884.0166378,1.0
1765072884.0343335,1.0
1765072884.051914,1.0
1765072884.0695064,1.0
1765072884.08708,1.0
1765072884.1047015,1.0
1765072884.1223853,1.0
1765072884.1399925,1.0
1765072884.1575863,1.0
1765072884.1751766,1.0
1765072884.1928186,1.0
1765072884.2104332,1.0
1765072884.228011,1.0
1765072884.2456462,1.0
1765072884.263231,1.0
1765072884.2808251,1.0
1765072884.2984178,1.0
1765072884.3171024,1.0
1765072884.3347788,1.0
1765072884.3524945,1.0
1765072884.3701138,1.0
1765072884.3877351,1.0
1765072884.4052997,1.0
1765072884.4229486,1.0
1765072884.4405365,1.0
1765072884.4581332,1.0
1765072884.475811,1.0
1765072884.4933612,1.0
1765072884.5109951,1.0
1765072884.5286098,1.0
1765072884.5462172,1.0
1765072884.5638986,1.0
1765072884.5815773,1.0
1765072884.5992,1.0
1765072884.6167984,1.0
1765072884.6344428,1.0
1765072884.652219,1.0
1765072884.6698983,1.0
1765072884.6876862,1.0
1765072884.705257,1.0
1765072884.7229583,1.0
1765072884.7405343,1.0
1765072884.758141,1.0
1765072884.7758222,1.0
1765072884.793568,1.0
1765072884.8111713,1.0
1765072884.8288286,1.0
1765072884.8465526,1.0
1765072884.8641603,1.0
1765072884.881778,1.0
1765072884.8994906,1.0
1765072884.9171028,1.0
1765072884.9346938,1.0
1765072884.9523225,1.0
1765072884.969954,1.0
1765072884.9877915,1.0
1765072885.0055063,1.0
1765072885.0230987,1.0
1765072885.040736,1.0
1765072885.0583787,1.0
1765072885.0759392,1.0
1765072885.0936704,1.0
1765072885.1113575,1.0
1765072885.128959,1.0
1765072885.146561,1.0
1765072885.1642559,1.0
1765072885.181882,1.0
1765072885.1995215,1.0
1765072885.2170987,1.0
1765072885.234778,1.0
1765072885.2524674,1.0
1765072885.270033,1.0
1765072885.2876377,1.0
1765072885.3069255,1.0
1765072885.3245099,1.0
1765072885.342092,1.0
1765072885.3597553,1.0
1765072885.3774967,1.0
1765072885.3950636,1.0
1765072885.4132843,1.0
1765072885.4309254,1.0
1765072885.4486234,1.0
1765072885.4662519,1.0
1765072885.4839232,1.0
1765072885.501711,1.0
1765072885.519517,1.0
1765072885.537147,1.0
1765072885.5547917,1.0
1765072885.572435,1.0
1765072885.5901039,1.0
1765072885.6077528,1.0
1765072885.6253977,1.0
1765072885.6430182,1.0
1765072885.660819,1.0
1765072885.678467,1.0
1765072885.696239,1.0
1765072885.713875,1.0
1765072885.731593,1.0
1765072885.7492087,1.0
1765072885.766879,1.0
1765072885.784552,1.0
1765072885.8021774,1.0
1765072885.819846,1.0
1765072885.837471,1.0
1765072885.8551316,1.0
1765072885.8727536,1.0
1765072885.8903804,1.0
1765072885.9079823,1.0
1765072885.9256089,1.0
1765072885.9432774,1.0
1765072885.9608855,1.0
1765072885.978588,1.0
1765072885.9962106,1.0
1765072886.013843,1.0
1765072886.0314825,1.0
1765072886.049071,1.0
1765072886.0666819,1.0
1765072886.0844424,1.0
1765072886.102155,1.0
1765072886.1197512,1.0
1765072886.1374147,1.0
1765072886.1550395,1.0
1765072886.1726773,1.0
1765072886.1903815,1.0
1765072886.207947,1.0
1765072886.2256024,1.0
1765072886.2432094,1.0
1765072886.2608294,1.0
1765072886.278435,1.0
1765072886.2976232,1.0
1765072886.3151531,1.0
1765072886.332794,1.0
1765072886.3504412,1.0
1765072886.36805,1.0
1765072886.385715,1.0
1765072886.4033935,1.0
1765072886.4210327,1.0
1765072886.4387066,1.0
1765072886.4563062,1.0
1765072886.4739418,1.0
1765072886.4915845,1.0
1765072886.5092554,1.0
1765072886.5268734,1.0
1765072886.544523,1.0
1765072886.5621407,1.0
1765072886.5798,1.0
1765072886.5974474,1.0
1765072886.6150768,1.0
1765072886.6327317,1.0
1765072886.650733,1.0
1765072886.6683679,1.0
1765072886.6860776,1.0
1765072886.7036767,1.0
1765072886.7213588,1.0
1765072886.7389877,1.0
1765072886.7566032,1.0
1765072886.7742531,1.0
1765072886.791876,1.0
1765072886.8095326,1.0
1765072886.8271387,1.0
1765072886.8450122,1.0
1765072886.86266,1.0
1765072886.8802783,1.0
1765072886.8978863,1.0
1765072886.915523,1.0
1765072886.933149,1.0
1765072886.9508216,1.0
1765072886.9685323,1.0
1765072886.9861357,1.0
1765072887.0037613,1.0
1765072887.021446,1.0
1765072887.0390942,1.0
1765072887.056818,1.0
1765072887.0745258,1.0
1765072887.0922737,1.0
1765072887.1099286,1.0
1765072887.1276753,1.0
1765072887.1453757,1.0
1765072887.1630678,1.0
1765072887.1807332,1.0
1765072887.1983879,1.0
1765072887.2161086,1.0
1765072887.2337554,1.0
1765072887.2513518,1.0
1765072887.2690008,1.0
1765072887.286666,1.0
1765072887.3049564,1.0
1765072887.3226986,1.0
1765072887.3403168,1.0
1765072887.357953,1.0
1765072887.3755572,1.0
1765072887.3931751,1.0
1765072887.4108407,1.0
1765072887.428503,1.0
1765072887.4462776,1.0
1765072887.463862,1.0
1765072887.4815238,1.0
1765072887.4992678,1.0
1765072887.5168903,1.0
1765072887.5345762,1.0
1765072887.552207,1.0
1765072887.569872,1.0
1765072887.587582,1.0
1765072887.6051917,1.0
1765072887.6227744,1.0
1765072887.6405036,1.0
1765072887.6583042,1.0
1765072887.675983,1.0
1765072887.6937325,1.0
1765072887.7113357,1.0
1765072887.7290885,1.0
1765072887.746781,1.0
1765072887.7644107,1.0
1765072887.7822528,1.0
1765072887.799842,1.0
1765072887.8174798,1.0
1765072887.8351243,1.0
1765072887.8529515,1.0
1765072887.8705566,1.0
1765072887.888163,1.0
1765072887.9057672,1.0
1765072887.923477,1.0
1765072887.9410925,1.0
1765072887.958768,1.0
1765072887.9763732,1.0
1765072887.9940162,1.0
1765072888.0116498,1.0
1765072888.029317,1.0
1765072888.0470452,1.0
1765072888.0646489,1.0
1765072888.0822542,1.0
1765072888.0999305,1.0
1765072888.117567,1.0
1765072888.1351178,1.0
1765072888.1527815,1.0
1765072888.1704197,1.0
1765072888.1879988,1.0
1765072888.2056797,1.0
1765072888.2232554,1.0
1765072888.2408361,1.0
1765072888.2584794,1.0
1765072888.276074,1.0
1765072888.2949953,1.0
1765072888.3130198,1.0
1765072888.3307147,1.0
1765072888.348337,1.0
1765072888.365997,1.0
1765072888.3836246,1.0
1765072888.4012897,1.0
1765072888.4189358,1.0
1765072888.4365416,1.0
1765072888.4541605,1.0
1765072888.4717448,1.0
1765072888.4894645,1.0
1765072888.50706,1.0
1765072888.5247302,1.0
1765072888.5423632,1.0
1765072888.560012,1.0
1765072888.5776951,1.0
1765072888.5953221,1.0
1765072888.612972,1.0
1765072888.6305594,1.0
1765072888.6482768,1.0
1765072888.6658983,1.0
1765072888.683674,1.0
1765072888.7012153,1.0
1765072888.7189872,1.0
1765072888.736709,1.0
1765072888.7543817,1.0
1765072888.7719967,1.0
1765072888.7896638,1.0
1765072888.8073022,1.0
1765072888.8249176,1.0
1765072888.842645,1.0
1765072888.8603013,1.0
1765072888.8778853,1.0
1765072888.8955102,1.0
1765072888.9131544,1.0
1765072888.9307666,1.0
1765072888.9484103,1.0
1765072888.9660163,1.0
1765072888.983686,1.0
1765072889.0013034,1.0
1765072889.0190372,1.0
1765072889.0367157,1.0
1765072889.0543401,1.0
1765072889.0719192,1.0
1765072889.089543,1.0
1765072889.1072793,1.0
1765072889.1249185,1.0
1765072889.1426084,1.0
1765072889.160337,1.0
1765072889.1779778,1.0
1765072889.1955652,1.0
1765072889.213241,1.0
1765072889.2308245,1.0
1765072889.248446,1.0
1765072889.2660391,1.0
1765072889.2836719,1.0
1765072889.3020525,1.0
1765072889.3199534,1.0
1765072889.337575,1.0
1765072889.3553615,1.0
1765072889.3729346,1.0
1765072889.3906224,1.0
1765072889.4081912,1.0
1765072889.425777,1.0
1765072889.4434278,1.0
1765072889.4610078,1.0
1765072889.4786656,1.0
1765072889.4965503,1.0
1765072889.5141466,1.0
1765072889.5317392,1.0
1765072889.5494204,1.0
1765072889.5670557,1.0
1765072889.5846887,1.0
1765072889.6022513,1.0
1765072889.6198099,1.0
1765072889.6375015,1.0
1765072889.6553657,1.0
1765072889.672926,1.0
1765072889.690606,1.0
1765072889.7081864,1.0
1765072889.7259533,1.0
1765072889.743532,1.0
1765072889.7611752,1.0
1765072889.7787538,1.0
1765072889.796351,1.0
1765072889.8139474,1.0
1765072889.8315144,1.0
1765072889.849132,1.0
1765072889.866712,1.0
1765072889.8843923,1.0
1765072889.9021332,1.0
1765072889.9196997,1.0
1765072889.937471,1.0
1765072889.9550505,1.0
1765072889.9727025,1.0
1765072889.9903805,1.0
1765072890.0079699,1.0
1765072890.0256906,1.0
1765072890.043318,1.0
1765072890.0609653,1.0
1765072890.07854,1.0
1765072890.0961444,1.0
1765072890.113732,1.0
1765072890.1314387,1.0
1765072890.1490722,1.0
1765072890.1666422,1.0
1765072890.184292,1.0
1765072890.2019413,1.0
1765072890.2195327,1.0
1765072890.2371473,1.0
1765072890.2547865,1.0
1765072890.2724755,1.0
1765072890.2900605,1.0
1765072890.3092988,1.0
1765072890.326976,1.0
1765072890.3445654,1.0
1765072890.3622787,1.0
1765072890.379871,1.0
1765072890.397441,1.0
1765072890.4150696,1.0
1765072890.4326484,1.0
1765072890.4502347,1.0
1765072890.4679818,1.0
1765072890.4855545,1.0
1765072890.5032506,1.0
1765072890.5208063,1.0
1765072890.5384352,1.0
1765072890.5561082,1.0
1765072890.5736964,1.0
1765072890.5912585,1.0
1765072890.6088886,1.0
1765072890.6264725,1.0
1765072890.6440332,1.0
1765072890.6618476,1.0
1765072890.6794124,1.0
1765072890.6971085,1.0
1765072890.7147727,1.0
1765072890.7324648,1.0
1765072890.750069,1.0
1765072890.7684755,1.0
1765072890.7860103,1.0
1765072890.8038192,1.0
1765072890.821392,1.0
1765072890.8389795,1.0
1765072890.8566668,1.0
1765072890.874214,1.0
1765072890.891785,1.0
1765072890.9093523,1.0
1765072890.927101,1.0
1765072890.9446743,1.0
1765072890.9622314,1.0
1765072890.9798925,1.0
1765072890.9974585,1.0
1765072891.015086,1.0
1765072891.032663,1.0
1765072891.0502994,1.0
1765072891.0678473,1.0
1765072891.085545,1.0
1765072891.1031826,1.0
1765072891.120791,1.0
1765072891.1383448,1.0
1765072891.1559837,1.0
1765072891.1735814,1.0
1765072891.1912138,1.0
1765072891.208778,1.0
1765072891.2264566,1.0
1765072891.244115,1.0
1765072891.2617025,1.0
1765072891.2793918,1.0
1765072891.2978384,1.0
1765072891.3156364,1.0
1765072891.3331861,1.0
1765072891.3508182,1.0
1765072891.368394,1.0
1765072891.385983,1.0
1765072891.4036615,1.0
1765072891.4212582,1.0
1765072891.4389477,1.0
1765072891.4565926,1.0
1765072891.4742162,1.0
1765072891.4918237,1.0
1765072891.5093665,1.0
1765072891.5269911,1.0
1765072891.5447664,1.0
1765072891.5623603,1.0
1765072891.5799792,1.0
1765072891.5976613,1.0
1765072891.6152146,1.0
1765072891.632796,1.0
1765072891.6508505,1.0
1765072891.6684399,1.0
1765072891.6860645,1.0
1765072891.7037034,1.0
1765072891.7213297,1.0
1765072891.7389817,1.0
1765072891.7565205,1.0
1765072891.7740667,1.0
1765072891.7917325,1.0
1765072891.809452,1.0
1765072891.8270962,1.0
1765072891.8446827,1.0
1765072891.862439,1.0
1765072891.8800125,1.0
1765072891.8975887,1.0
1765072891.9152076,1.0
1765072891.9327724,1.0
1765072891.9503586,1.0
1765072891.9679222,1.0
1765072891.9855618,1.0
1765072892.003116,1.0
1765072892.0207,1.0
1765072892.0383608,1.0
1765072892.0559192,1.0
1765072892.0735216,1.0
1765072892.091147,1.0
1765072892.10881,1.0
1765072892.126379,1.0
1765072892.1440136,1.0
1765072892.1616054,1.0
1765072892.1793482,1.0
1765072892.1969922,1.0
1765072892.2145631,1.0
1765072892.2322702,1.0
1765072892.249833,1.0
1765072892.2674313,1.0
1765072892.2850926,1.0
1765072892.303411,1.0
1765072892.3212461,1.0
1765072892.3388095,1.0
1765072892.3563778,1.0
1765072892.374025,1.0
1765072892.3916862,1.0
1765072892.409417,1.0
1765072892.4270244,1.0
1765072892.4446123,1.0
1765072892.46221,1.0
1765072892.4798567,1.0
1765072892.4974787,1.0
1765072892.5150385,1.0
1765072892.5326288,1.0
1765072892.5503368,1.0
1765072892.5679007,1.0
1765072892.5854828,1.0
1765072892.6031199,1.0
1765072892.620762,1.0
1765072892.6383746,1.0
1765072892.656152,1.0
1765072892.673818,1.0
1765072892.691467,1.0
1765072892.7090192,1.0
1765072892.7268078,1.0
1765072892.744343,1.0
1765072892.761907,1.0
1765072892.7795727,1.0
1765072892.7971852,1.0
1765072892.814757,1.0
1765072892.832361,1.0
1765072892.85001,1.0
1765072892.8675892,1.0
1765072892.8852239,1.0
1765072892.902784,1.0
1765072892.9204295,1.0
1765072892.9380798,1.0
1765072892.955665,1.0
1765072892.9732869,1.0
1765072892.991005,1.0
1765072893.0086405,1.0
1765072893.0262094,1.0
1765072893.0437965,1.0
1765072893.0615678,1.0
1765072893.0791254,1.0
1765072893.0967174,1.0
1765072893.1144006,1.0
1765072893.1319437,1.0
1765072893.1495366,1.0
1765072893.1672156,1.0
1765072893.1848052,1.0
1765072893.202789,1.0
1765072893.2203796,1.0
1765072893.237953,1.0
1765072893.2556305,1.0
1765072893.2733028,1.0
1765072893.2908695,1.0
1765072893.3097334,1.0
1765072893.3272939,1.0
1765072893.3449101,1.0
1765072893.3625183,1.0
1765072893.3800757,1.0
1765072893.3977196,1.0
1765072893.415306,1.0
1765072893.432849,1.0
1765072893.450496,1.0
1765072893.4681115,1.0
1765072893.4857419,1.0
1765072893.5035317,1.0
1765072893.5211525,1.0
1765072893.5387912,1.0
1765072893.556417,1.0
1765072893.5740283,1.0
1765072893.5918124,1.0
1765072893.6093853,1.0
1765072893.6270354,1.0
1765072893.6451957,1.0
1765072893.662766,1.0
1765072893.680389,1.0
1765072893.6980383,1.0
1765072893.7156048,1.0
1765072893.7333963,1.0
1765072893.7509792,1.0
1765072893.768662,1.0
1765072893.7862568,1.0
1765072893.8039336,1.0
1765072893.8215563,1.0
1765072893.839152,1.0
1765072893.8568258,1.0
1765072893.8743885,1.0
1765072893.8920572,1.0
1765072893.909677,1.0
1765072893.9272976,1.0
1765072893.9448795,1.0
1765072893.9625866,1.0
1765072893.9801912,1.0
1765072893.997731,1.0
1765072894.0152574,1.0
1765072894.0329373,1.0
1765072894.0504985,1.0
1765072894.0680735,1.0
1765072894.085625,1.0
1765072894.1031466,1.0
1765072894.120768,1.0
1765072894.138297,1.0
1765072894.1558578,1.0
1765072894.1734912,1.0
1765072894.1910288,1.0
1765072894.2086463,1.0
1765072894.2262917,1.0
1765072894.2439103,1.0
1765072894.2615223,1.0
1765072894.2790875,1.0
1765072894.2966423,1.0
1765072894.3154655,1.0
1765072894.3329804,1.0
1765072894.3505893,1.0
1765072894.3681848,1.0
1765072894.3860736,1.0
1765072894.4036636,1.0
1765072894.4212327,1.0
1765072894.4387925,1.0
1765072894.4563515,1.0
1765072894.4738958,1.0
1765072894.4915862,1.0
1765072894.50921,1.0
1765072894.5268302,1.0
1765072894.5444052,1.0
1765072894.561984,1.0
1765072894.5795372,1.0
1765072894.597097,1.0
1765072894.614657,1.0
1765072894.6323614,1.0
1765072894.6504748,1.0
1765072894.6680522,1.0
1765072894.685686,1.0
1765072894.703281,1.0
1765072894.720885,1.0
1765072894.738578,1.0
1765072894.7561688,1.0
1765072894.773766,1.0
1765072894.7916093,1.0
1765072894.8092694,1.0
1765072894.826878,1.0
1765072894.844471,1.0
1765072894.8620992,1.0
1765072894.8797138,1.0
1765072894.897376,1.0
1765072894.914955,1.0
1765072894.9326286,1.0
1765072894.9502869,1.0
1765072894.9678822,1.0
1765072894.9855688,1.0
1765072895.003216,1.0
1765072895.0208113,1.0
1765072895.0384207,1.0
1765072895.056163,1.0
1765072895.0739944,1.0
1765072895.0916257,1.0
1765072895.1092238,1.0
1765072895.126878,1.0
1765072895.1444936,1.0
1765072895.162194,1.0
1765072895.1798182,1.0
1765072895.1974814,1.0
1765072895.2150614,1.0
1765072895.2326539,1.0
1765072895.2502825,1.0
1765072895.2679327,1.0
1765072895.285526,1.0
1765072895.304496,1.0
1765072895.322069,1.0
1765072895.3396564,1.0
1765072895.3573744,1.0
1765072895.374993,1.0
1765072895.3926442,1.0
1765072895.4102395,1.0
1765072895.4278324,1.0
1765072895.4454734,1.0
1765072895.4632852,1.0
1765072895.4808784,1.0
1765072895.4986389,1.0
1765072895.516259,1.0
1765072895.5338798,1.0
1765072895.5515091,1.0
1765072895.5691788,1.0
1765072895.586784,1.0
1765072895.6045196,1.0
1765072895.62215,1.0
1765072895.6399844,1.0
1765072895.6577754,1.0
1765072895.675377,1.0
1765072895.6930974,1.0
1765072895.7106962,1.0
1765072895.7286062,1.0
1765072895.746203,1.0
1765072895.7637885,1.0
1765072895.7814476,1.0
1765072895.7990167,1.0
1765072895.816629,1.0
1765072895.8342674,1.0
1765072895.8518517,1.0
1765072895.869494,1.0
1765072895.8871124,1.0
1765072895.904695,1.0
1765072895.922271,1.0
1765072895.9398308,1.0
1765072895.9574082,1.0
1765072895.9750345,1.0
1765072895.9928994,1.0
1765072896.010492,1.0
1765072896.028122,1.0
1765072896.045695,1.0
1765072896.0632997,1.0
1765072896.0808907,1.0
1765072896.098601,1.0
1765072896.11622,1.0
1765072896.1338868,1.0
1765072896.1515572,1.0
1765072896.1692157,1.0
1765072896.1869035,1.0
1765072896.204506,1.0
1765072896.2220757,1.0
1765072896.2396462,1.0
1765072896.2572567,1.0
1765072896.2748673,1.0
1765072896.2924407,1.0
1765072896.3113532,1.0
1765072896.3288867,1.0
1765072896.3464932,1.0
1765072896.3640733,1.0
1765072896.3817277,1.0
1765072896.39935,1.0
1765072896.4169147,1.0
1765072896.4346344,1.0
1765072896.4522107,1.0
1765072896.4700449,1.0
1765072896.4876108,1.0
1765072896.5052466,1.0
1765072896.522939,1.0
1765072896.540526,1.0
1765072896.5580883,1.0
1765072896.575776,1.0
1765072896.5933526,1.0
1765072896.6111171,1.0
1765072896.6287203,1.0
1765072896.6463683,1.0
1765072896.6640992,1.0
1765072896.6820607,1.0
1765072896.6996615,1.0
1765072896.717279,1.0
1765072896.7349255,1.0
1765072896.752527,1.0
1765072896.7702909,1.0
1765072896.7878542,1.0
1765072896.8055027,1.0
1765072896.8230631,1.0
1765072896.8406444,1.0
1765072896.858225,1.0
1765072896.8757906,1.0
1765072896.893391,1.0
1765072896.910978,1.0
1765072896.9285963,1.0
1765072896.9462373,1.0
1765072896.9638267,1.0
1765072896.9814408,1.0
1765072896.9989324,1.0
1765072897.0165198,1.0
1765072897.034149,1.0
1765072897.051746,1.0
1765072897.0694077,1.0
1765072897.0869792,1.0
1765072897.104577,1.0
1765072897.1221936,1.0
1765072897.1398344,1.0
1765072897.1575117,1.0
1765072897.1751547,1.0
1765072897.192738,1.0
1765072897.2103264,1.0
1765072897.2278903,1.0
1765072897.2454913,1.0
1765072897.2630968,1.0
1765072897.280782,1.0
1765072897.2994013,1.0
1765072897.3172963,1.0
1765072897.3348732,1.0
1765072897.3525567,1.0
1765072897.3701513,1.0
1765072897.3877404,1.0
1765072897.4053154,1.0
1765072897.4228961,1.0
1765072897.4405007,1.0
1765072897.4580865,1.0
1765072897.475684,1.0
1765072897.4933913,1.0
1765072897.5109794,1.0
1765072897.528585,1.0
1765072897.546332,1.0
1765072897.563918,1.0
1765072897.5814967,1.0
1765072897.5990605,1.0
1765072897.6167054,1.0
1765072897.6343,1.0
1765072897.6521163,1.0
1765072897.6697252,1.0
1765072897.6877441,1.0
1765072897.7053947,1.0
1765072897.7230387,1.0
1765072897.74061,1.0
1765072897.7583532,1.0
1765072897.7760568,1.0
1765072897.7937055,1.0
1765072897.8112824,1.0
1765072897.82883,1.0
1765072897.8464062,1.0
1765072897.8639748,1.0
1765072897.881711,1.0
1765072897.8992844,1.0
1765072897.9168775,1.0
1765072897.9344504,1.0
1765072897.9520044,1.0
1765072897.9696245,1.0
1765072897.9872422,1.0
1765072898.0048077,1.0
1765072898.0224538,1.0
1765072898.040163,1.0
1765072898.0578685,1.0
1765072898.075459,1.0
1765072898.0930166,1.0
1765072898.110706,1.0
1765072898.1282914,1.0
1765072898.1459749,1.0
1765072898.1635559,1.0
1765072898.1811135,1.0
1765072898.1988153,1.0
1765072898.216447,1.0
1765072898.2340896,1.0
1765072898.2518804,1.0
1765072898.2694604,1.0
1765072898.2870302,1.0
1765072898.3059113,1.0
1765072898.323513,1.0
1765072898.3411431,1.0
1765072898.358736,1.0
1765072898.3764389,1.0
1765072898.394001,1.0
1765072898.411671,1.0
1765072898.4292924,1.0
1765072898.4469225,1.0
1765072898.4645002,1.0
1765072898.48206,1.0
1765072898.5000286,1.0
1765072898.5176358,1.0
1765072898.5352,1.0
1765072898.5527623,1.0
1765072898.5704594,1.0
1765072898.5880382,1.0
1765072898.6056342,1.0
1765072898.6232452,1.0
1765072898.640908,1.0
1765072898.6586812,1.0
1765072898.6762993,1.0
1765072898.69401,1.0
1765072898.7116845,1.0
1765072898.729388,1.0
1765072898.746954,1.0
1765072898.7645617,1.0
1765072898.7821357,1.0
1765072898.799766,1.0
1765072898.8173513,1.0
1765072898.8349245,1.0
1765072898.8525352,1.0
1765072898.8701034,1.0
1765072898.8877494,1.0
1765072898.9054596,1.0
1765072898.9230387,1.0
1765072898.9406319,1.0
1765072898.9582787,1.0
1765072898.9758937,1.0
1765072898.993512,1.0
1765072899.0110648,1.0
1765072899.0286522,1.0
1765072899.0462997,1.0
1765072899.0638983,1.0
1765072899.0814884,1.0
1765072899.0990767,1.0
1765072899.1166837,1.0
1765072899.1343114,1.0
1765072899.1518943,1.0
1765072899.169489,1.0
1765072899.1870668,1.0
1765072899.2046528,1.0
1765072899.2222314,1.0
1765072899.2398746,1.0
1765072899.2574687,1.0
1765072899.2752213,1.0
1765072899.292818,1.0
1765072899.3118389,1.0
1765072899.3293974,1.0
1765072899.3469605,1.0
1765072899.3645484,1.0
1765072899.3821783,1.0
1765072899.3998542,1.0
1765072899.417463,1.0
1765072899.435028,1.0
1765072899.4527519,1.0
1765072899.470325,1.0
1765072899.4878986,1.0
1765072899.505559,1.0
1765072899.5232143,1.0
1765072899.540831,1.0
1765072899.5584042,1.0
1765072899.575989,1.0
1765072899.5936668,1.0
1765072899.6112256,1.0
1765072899.6288817,1.0
1765072899.6465487,1.0
1765072899.664361,1.0
1765072899.6823018,1.0
1765072899.699888,1.0
1765072899.7175953,1.0
1765072899.735447,1.0
1765072899.7529907,1.0
1765072899.770634,1.0
1765072899.7882245,1.0
1765072899.8059998,1.0
1765072899.8236346,1.0
1765072899.8412142,1.0
1765072899.8588629,1.0
1765072899.8765357,1.0
1765072899.8941033,1.0
1765072899.9117799,1.0
1765072899.9294088,1.0
1765072899.9469862,1.0
1765072899.9645782,1.0
1765072899.9822073,1.0
1765072899.9998465,1.0
1765072900.0174148,1.0
1765072900.0350018,1.0
1765072900.0525875,1.0
1765072900.0701947,1.0
1765072900.0878263,1.0
1765072900.1054363,1.0
1765072900.123052,1.0
1765072900.1406362,1.0
1765072900.158258,1.0
1765072900.175811,1.0
1765072900.1933997,1.0
1765072900.21098,1.0
1765072900.2286139,1.0
1765072900.2463188,1.0
1765072900.2639058,1.0
1765072900.2815073,1.0
1765072900.2997656,1.0
1765072900.3177712,1.0
1765072900.335495,1.0
1765072900.3531182,1.0
1765072900.3707888,1.0
1765072900.388472,1.0
1765072900.4062872,1.0
1765072900.4321945,1.0
1765072900.4497743,1.0
1765072900.4674413,1.0
1765072900.4852066,1.0
1765072900.5029569,1.0
1765072900.5224304,1.0
1765072900.5402188,1.0
1765072900.557885,1.0
1765072900.5756047,1.0
1765072900.5932941,1.0
1765072900.6109369,1.0
1765072900.628654,1.0
1765072900.654227,1.0
1765072900.6720617,1.0
1765072900.689936,1.0
1765072900.7077916,1.0
1765072900.7256045,1.0
1765072900.7434304,1.0
1765072900.7611287,1.0
1765072900.7789462,1.0
1765072900.7966702,1.0
1765072900.8145306,1.0
1765072900.8322196,1.0
1765072900.8500218,1.0
1765072900.8677237,1.0
1765072900.885588,1.0
1765072900.90705,1.0
1765072900.9248774,1.0
1765072900.9425712,1.0
1765072900.9604208,1.0
1765072900.9781415,1.0
1765072900.9974573,1.0
1765072901.0150702,1.0
1765072901.0329294,1.0
1765072901.0506008,1.0
1765072901.068594,1.0
1765072901.0863008,1.0
1765072901.1041343,1.0
1765072901.1219568,1.0
1765072901.1398091,1.0
1765072901.157535,1.0
1765072901.1753783,1.0
1765072901.1930635,1.0
1765072901.2109134,1.0
1765072901.2286093,1.0
1765072901.2464788,1.0
1765072901.264182,1.0
1765072901.2820663,1.0
1765072901.3010883,1.0
1765072901.318813,1.0
1765072901.3365157,1.0
1765072901.3543885,1.0
1765072901.3720586,1.0
1765072901.3897512,1.0
1765072901.4074345,1.0
1765072901.425303,1.0
1765072901.4430046,1.0
1765072901.4607706,1.0
1765072901.4784448,1.0
1765072901.4963174,1.0
1765072901.5140321,1.0
1765072901.5318968,1.0
1765072901.5496056,1.0
1765072901.5674684,1.0
1765072901.5851774,1.0
1765072901.6029823,1.0
1765072901.6206841,1.0
1765072901.6386757,1.0
1765072901.656775,1.0
1765072901.674629,1.0
1765072901.6926234,1.0
1765072901.7104897,1.0
1765072901.7284446,1.0
1765072901.746297,1.0
1765072901.763951,1.0
1765072901.7822082,1.0
1765072901.7999148,1.0
1765072901.8178337,1.0
1765072901.8354886,1.0
1765072901.8533788,1.0
1765072901.8710878,1.0
1765072901.889103,1.0
1765072901.9069612,1.0
1765072901.9250581,1.0
1765072901.942881,1.0
1765072901.9608161,1.0
1765072901.9785795,1.0
1765072901.9964206,1.0
1765072902.0143743,1.0
1765072902.032255,1.0
1765072902.0500593,1.0
1765072902.0679917,1.0
1765072902.0858026,1.0
1765072902.1037312,1.0
1765072902.1214857,1.0
1765072902.1395335,1.0
1765072902.1573281,1.0
1765072902.1753073,1.0
1765072902.1930854,1.0
1765072902.2110865,1.0
1765072902.2290356,1.0
1765072902.246969,1.0
1765072902.264781,1.0
1765072902.282726,1.0
1765072902.301465,1.0
1765072902.319596,1.0
1765072902.3373268,1.0
1765072902.3550491,1.0
1765072902.372789,1.0
1765072902.3905168,1.0
1765072902.4082375,1.0
1765072902.4259722,1.0
1765072902.4437022,1.0
1765072902.4614217,1.0
1765072902.4791353,1.0
1765072902.4970653,1.0
1765072902.5148077,1.0
1765072902.5325246,1.0
1765072902.550253,1.0
1765072902.5680976,1.0
1765072902.5858366,1.0
1765072902.6035817,1.0
1765072902.6212866,1.0
1765072902.6390178,1.0
1765072902.6570735,1.0
1765072902.674929,1.0
1765072902.69281,1.0
1765072902.7107074,1.0
1765072902.7286606,1.0
1765072902.7465055,1.0
1765072902.7642276,1.0
1765072902.7820551,1.0
1765072902.7997665,1.0
1765072902.817617,1.0
1765072902.8353488,1.0
1765072902.85314,1.0
1765072902.8710022,1.0
1765072902.8888414,1.0
1765072902.906615,1.0
1765072902.924308,1.0
1765072902.942014,1.0
1765072902.9597259,1.0
1765072902.9774184,1.0
1765072902.9951296,1.0
1765072903.0128102,1.0
1765072903.0306532,1.0
1765072903.0483723,1.0
1765072903.0661905,1.0
1765072903.0838785,1.0
1765072903.1016405,1.0
1765072903.1192226,1.0
1765072903.1370761,1.0
1765072903.1547947,1.0
1765072903.172685,1.0
1765072903.1903741,1.0
1765072903.20808,1.0
1765072903.2257035,1.0
1765072903.2434688,1.0
1765072903.2611551,1.0
1765072903.279039,1.0
1765072903.2982147,1.0
1765072903.3158872,1.0
1765072903.3336537,1.0
1765072903.351517,1.0
1765072903.3692708,1.0
1765072903.3869853,1.0
1765072903.404698,1.0
1765072903.4224222,1.0
1765072903.4401736,1.0
1765072903.4580343,1.0
1765072903.4757574,1.0
1765072903.493683,1.0
1765072903.5115402,1.0
1765072903.529398,1.0
1765072903.5471892,1.0
1765072903.564903,1.0
1765072903.5826678,1.0
1765072903.6003861,1.0
1765072903.618111,1.0
1765072903.6358538,1.0
1765072903.6536584,1.0
1765072903.6714919,1.0
1765072903.6893303,1.0
1765072903.7071311,1.0
1765072903.7249343,1.0
1765072903.7428672,1.0
1765072903.7606015,1.0
1765072903.7783313,1.0
1765072903.79606,1.0
1765072903.8137815,1.0
1765072903.8316772,1.0
1765072903.8493905,1.0
1765072903.867097,1.0
1765072903.8848374,1.0
1765072903.9025762,1.0
1765072903.9203422,1.0
1765072903.9380825,1.0
1765072903.9559064,1.0
1765072903.9737623,1.0
1765072903.9915118,1.0
1765072904.0093727,1.0
1765072904.0271318,1.0
1765072904.0448468,1.0
1765072904.0625775,1.0
1765072904.080319,1.0
1765072904.0980957,1.0
1765072904.1158278,1.0
1765072904.1335726,1.0
1765072904.151294,1.0
1765072904.169007,1.0
1765072904.1867452,1.0
1765072904.204439,1.0
1765072904.2221804,1.0
1765072904.2399135,1.0
1765072904.2576349,1.0
1765072904.2753572,1.0
1765072904.2930658,1.0
1765072904.3123543,1.0
1765072904.3300881,1.0
1765072904.3478134,1.0
1765072904.3656297,1.0
1765072904.3833249,1.0
1765072904.401064,1.0
1765072904.4188223,1.0
1765072904.4365337,1.0
1765072904.4542842,1.0
1765072904.472011,1.0
1765072904.490077,1.0
1765072904.5076838,1.0
1765072904.5254054,1.0
1765072904.5431542,1.0
1765072904.5608838,1.0
1765072904.5785248,1.0
1765072904.596349,1.0
1765072904.6142778,1.0
1765072904.6320307,1.0
1765072904.6499755,1.0
1765072904.6677663,1.0
1765072904.6856134,1.0
1765072904.7033985,1.0
1765072904.7211254,1.0
1765072904.7388575,1.0
1765072904.7565866,1.0
1765072904.7742968,1.0
1765072904.7919993,1.0
1765072904.809713,1.0
1765072904.827514,1.0
1765072904.845228,1.0
1765072904.86293,1.0
1765072904.8806376,1.0
1765072904.8985205,1.0
1765072904.9162433,1.0
1765072904.9339535,1.0
1765072904.951648,1.0
1765072904.9693346,1.0
1765072904.9870555,1.0
1765072905.0047772,1.0
1765072905.0223403,1.0
1765072905.0401356,1.0
1765072905.0578964,1.0
1765072905.075622,1.0
1765072905.0934088,1.0
1765072905.112931,1.0
1765072905.1307738,1.0
1765072905.1484725,1.0
1765072905.1661632,1.0
1765072905.183962,1.0
1765072905.2017186,1.0
1765072905.2193992,1.0
1765072905.2370503,1.0
1765072905.2548213,1.0
1765072905.272574,1.0
1765072905.290278,1.0
1765072905.3095045,1.0
1765072905.3271422,1.0
1765072905.3448803,1.0
1765072905.3626137,1.0
1765072905.3805141,1.0
1765072905.3981743,1.0
1765072905.4160566,1.0
1765072905.4337928,1.0
1765072905.4515235,1.0
1765072905.4692984,1.0
1765072905.4871006,1.0
1765072905.5048578,1.0
1765072905.5227861,1.0
1765072905.5405257,1.0
1765072905.558194,1.0
1765072905.5759115,1.0
1765072905.5937893,1.0
1765072905.6114528,1.0
1765072905.6291423,1.0
1765072905.6470969,1.0
1765072905.6645882,1.0
1765072905.682521,1.0
1765072905.7001042,1.0
1765072905.7177646,1.0
1765072905.735355,1.0
1765072905.7529478,1.0
1765072905.7705228,1.0
1765072905.7880595,1.0
1765072905.8057046,1.0
1765072905.8233,1.0
1765072905.8408766,1.0
1765072905.858508,1.0
1765072905.8764746,1.0
1765072905.8940442,1.0
1765072905.9116976,1.0
1765072905.9292529,1.0
1765072905.946953,1.0
1765072905.9645214,1.0
1765072905.982115,1.0
1765072905.9997327,1.0
1765072906.017384,1.0
1765072906.0349908,1.0
1765072906.0525255,1.0
1765072906.0701225,1.0
1765072906.0876842,1.0
1765072906.10536,1.0
1765072906.1228983,1.0
1765072906.1405256,1.0
1765072906.1580422,1.0
1765072906.1756148,1.0
1765072906.193171,1.0
1765072906.2107291,1.0
1765072906.2283342,1.0
1765072906.2458763,1.0
1765072906.263439,1.0
1765072906.2810256,1.0
1765072906.2995608,1.0
1765072906.3172972,1.0
1765072906.334843,1.0
1765072906.3524492,1.0
1765072906.3699906,1.0
1765072906.387684,1.0
1765072906.40529,1.0
1765072906.422824,1.0
1765072906.4405224,1.0
1765072906.4583173,1.0
1765072906.4758947,1.0
1765072906.4935465,1.0
1765072906.5110679,1.0
1765072906.5286038,1.0
1765072906.5463006,1.0
1765072906.5638282,1.0
1765072906.5814748,1.0
1765072906.599069,1.0
1765072906.6166134,1.0
1765072906.6342423,1.0
1765072906.6520762,1.0
1765072906.6696057,1.0
1765072906.6874058,1.0
1765072906.7049904,1.0
1765072906.7227998,1.0
1765072906.7403133,1.0
1765072906.7578425,1.0
1765072906.7757092,1.0
1765072906.793366,1.0
1765072906.810931,1.0
1765072906.8285573,1.0
1765072906.8461256,1.0
1765072906.8638575,1.0
1765072906.881389,1.0
1765072906.8989305,1.0
1765072906.9164875,1.0
1765072906.9341998,1.0
1765072906.9517925,1.0
1765072906.9694133,1.0
1765072906.9869716,1.0
1765072907.0046165,1.0
1765072907.022184,1.0
1765072907.0398083,1.0
1765072907.0574958,1.0
1765072907.0751576,1.0
1765072907.092715,1.0
1765072907.1102574,1.0
1765072907.1278126,1.0
1765072907.1454506,1.0
1765072907.1630237,1.0
1765072907.180752,1.0
1765072907.1983042,1.0
1765072907.2158482,1.0
1765072907.2334342,1.0
1765072907.2510521,1.0
1765072907.2686174,1.0
1765072907.2862456,1.0
1765072907.3052144,1.0
1765072907.3227887,1.0
1765072907.3403609,1.0
1765072907.3579946,1.0
1765072907.3756366,1.0
1765072907.3932114,1.0
1765072907.410851,1.0
1765072907.428451,1.0
1765072907.4460623,1.0
1765072907.463915,1.0
1765072907.4814873,1.0
1765072907.4991796,1.0
1765072907.5168035,1.0
1765072907.5343754,1.0
1765072907.5519829,1.0
1765072907.5696318,1.0
1765072907.5871737,1.0
1765072907.6047966,1.0
1765072907.622366,1.0
1765072907.6399841,1.0
1765072907.6577728,1.0
1765072907.6753953,1.0
1765072907.693033,1.0
1765072907.710621,1.0
1765072907.7284844,1.0
1765072907.746188,1.0
1765072907.7637808,1.0
1765072907.7813923,1.0
1765072907.799058,1.0
1765072907.8166595,1.0
1765072907.8342667,1.0
1765072907.852025,1.0
1765072907.8696122,1.0
1765072907.8872232,1.0
1765072907.9048288,1.0
1765072907.922391,1.0
1765072907.940211,1.0
1765072907.9581082,1.0
1765072907.9757864,1.0
1765072907.9933698,1.0
1765072908.0109715,1.0
1765072908.0286071,1.0
1765072908.0461795,1.0
1765072908.0637686,1.0
1765072908.0813775,1.0
1765072908.099047,1.0
1765072908.1166356,1.0
1765072908.1341972,1.0
1765072908.1517868,1.0
1765072908.1694057,1.0
1765072908.186996,1.0
1765072908.204563,1.0
1765072908.222188,1.0
1765072908.2397635,1.0
1765072908.2573879,1.0
1765072908.2749932,1.0
1765072908.2926369,1.0
1765072908.311855,1.0
1765072908.3294225,1.0
1765072908.34703,1.0
1765072908.3646262,1.0
1765072908.3821943,1.0
1765072908.39981,1.0
1765072908.4174325,1.0
1765072908.4350438,1.0
1765072908.4526384,1.0
1765072908.470208,1.0
1765072908.4878354,1.0
1765072908.5054517,1.0
1765072908.5230436,1.0
1765072908.5407157,1.0
1765072908.5583358,1.0
1765072908.5759003,1.0
1765072908.5934896,1.0
1765072908.6110787,1.0
1765072908.6286526,1.0
1765072908.6463401,1.0
1765072908.663902,1.0
1765072908.6815052,1.0
1765072908.6993942,1.0
1765072908.716989,1.0
1765072908.734738,1.0
1765072908.7523577,1.0
1765072908.7699196,1.0
1765072908.7875075,1.0
1765072908.8052235,1.0
1765072908.8227358,1.0
1765072908.8402996,1.0
1765072908.8579142,1.0
1765072908.8754992,1.0
1765072908.8930988,1.0
1765072908.910701,1.0
1765072908.9282975,1.0
1765072908.945895,1.0
1765072908.96349,1.0
1765072908.9811,1.0
1765072908.9986885,1.0
1765072909.0163088,1.0
1765072909.0338984,1.0
1765072909.051495,1.0
1765072909.0692356,1.0
1765072909.0868137,1.0
1765072909.1043963,1.0
1765072909.1220024,1.0
1765072909.139581,1.0
1765072909.1571794,1.0
1765072909.1747758,1.0
1765072909.1923628,1.0
1765072909.2099342,1.0
1765072909.2275105,1.0
1765072909.2450938,1.0
1765072909.2626722,1.0
1765072909.280278,1.0
1765072909.2987776,1.0
1765072909.316776,1.0
1765072909.3343806,1.0
1765072909.351958,1.0
1765072909.3696604,1.0
1765072909.3872411,1.0
1765072909.404875,1.0
1765072909.422484,1.0
1765072909.4401045,1.0
1765072909.4577136,1.0
1765072909.475282,1.0
1765072909.492933,1.0
1765072909.5105228,1.0
1765072909.5281148,1.0
1765072909.5456789,1.0
1765072909.56329,1.0
1765072909.5808938,1.0
1765072909.5985103,1.0
1765072909.616123,1.0
1765072909.6337152,1.0
1765072909.6516392,1.0
1765072909.6692157,1.0
1765072909.6869411,1.0
1765072909.7045424,1.0
1765072909.722259,1.0
1765072909.739805,1.0
1765072909.757411,1.0
1765072909.775022,1.0
1765072909.7926257,1.0
1765072909.8101785,1.0
1765072909.8277457,1.0
1765072909.845325,1.0
1765072909.8629003,1.0
1765072909.880491,1.0
1765072909.898085,1.0
1765072909.9156513,1.0
1765072909.933211,1.0
1765072909.9508343,1.0
1765072909.9683666,1.0
1765072909.9862986,1.0
1765072910.003885,1.0
1765072910.021539,1.0
1765072910.0391226,1.0
1765072910.0567384,1.0
1765072910.0743163,1.0
1765072910.0918767,1.0
1765072910.1095395,1.0
1765072910.1271749,1.0
1765072910.1447706,1.0
1765072910.1623437,1.0
1765072910.179945,1.0
1765072910.1975477,1.0
1765072910.2151096,1.0
1765072910.232723,1.0
1765072910.2502995,1.0
1765072910.2678382,1.0
1765072910.285472,1.0
1765072910.3034701,1.0
1765072910.3216305,1.0
1765072910.3392556,1.0
1765072910.3568497,1.0
1765072910.374502,1.0
1765072910.3920474,1.0
1765072910.4096444,1.0
1765072910.4272578,1.0
1765072910.4450526,1.0
1765072910.4626145,1.0
1765072910.4801328,1.0
1765072910.497731,1.0
1765072910.5153017,1.0
1765072910.5328846,1.0
1765072910.5505836,1.0
1765072910.5681298,1.0
1765072910.585724,1.0
1765072910.6033065,1.0
1765072910.6208634,1.0
1765072910.638492,1.0
1765072910.6562362,1.0
1765072910.6740093,1.0
1765072910.6918752,1.0
1765072910.7094448,1.0
1765072910.7270427,1.0
1765072910.7445958,1.0
1765072910.7621655,1.0
1765072910.7797801,1.0
1765072910.7973053,1.0
1765072910.8148615,1.0
1765072910.832473,1.0
1765072910.849973,1.0
1765072910.8675709,1.0
1765072910.8850985,1.0
1765072910.9026637,1.0
1765072910.9203513,1.0
1765072910.93804,1.0
1765072910.9556053,1.0
1765072910.973172,1.0
1765072910.9907608,1.0
1765072911.0083144,1.0
1765072911.0258985,1.0
1765072911.0434654,1.0
1765072911.061044,1.0
1765072911.0786319,1.0
1765072911.096174,1.0
1765072911.113733,1.0
1765072911.1313565,1.0
1765072911.1489534,1.0
1765072911.1665738,1.0
1765072911.184152,1.0
1765072911.2016878,1.0
1765072911.2192535,1.0
1765072911.236793,1.0
1765072911.2543938,1.0
1765072911.271912,1.0
1765072911.2894776,1.0
1765072911.308165,1.0
1765072911.3257263,1.0
1765072911.3432486,1.0
1765072911.3608363,1.0
1765072911.378374,1.0
1765072911.3959234,1.0
1765072911.4134586,1.0
1765072911.4309738,1.0
1765072911.4485116,1.0
1765072911.4660873,1.0
1765072911.4836502,1.0
1765072911.501248,1.0
1765072911.5188367,1.0
1765072911.5364213,1.0
1765072911.553999,1.0
1765072911.5715292,1.0
1765072911.5892365,1.0
1765072911.6067731,1.0
1765072911.6243012,1.0
1765072911.64187,1.0
1765072911.659779,1.0
1765072911.6773107,1.0
1765072911.6948965,1.0
1765072911.7124264,1.0
1765072911.7301686,1.0
1765072911.7476683,1.0
1765072911.7652314,1.0
1765072911.782758,1.0
1765072911.800329,1.0
1765072911.817893,1.0
1765072911.8354125,1.0
1765072911.8529856,1.0
1765072911.870529,1.0
1765072911.888093,1.0
1765072911.9056773,1.0
1765072911.9232178,1.0
1765072911.9409158,1.0
1765072911.9584565,1.0
1765072911.9759657,1.0
1765072911.993486,1.0
1765072912.0110683,1.0
1765072912.0287416,1.0
1765072912.046555,1.0
1765072912.0641797,1.0
1765072912.0817044,1.0
1765072912.0992727,1.0
1765072912.1167982,1.0
1765072912.1343577,1.0
1765072912.15201,1.0
1765072912.169541,1.0
1765072912.1870842,1.0
1765072912.2046084,1.0
1765072912.2221465,1.0
1765072912.2397966,1.0
1765072912.2577822,1.0
1765072912.2753036,1.0
1765072912.2927887,1.0
1765072912.3116367,1.0
1765072912.3291318,1.0
1765072912.346699,1.0
1765072912.3642333,1.0
1765072912.3817537,1.0
1765072912.3993788,1.0
1765072912.4169853,1.0
1765072912.4344907,1.0
1765072912.4519858,1.0
1765072912.469539,1.0
1765072912.4870796,1.0
1765072912.504722,1.0
1765072912.52227,1.0
1765072912.539766,1.0
1765072912.5574107,1.0
1765072912.574947,1.0
1765072912.5925148,1.0
1765072912.6100593,1.0
1765072912.6276004,1.0
1765072912.6454647,1.0
1765072912.6630123,1.0
1765072912.6806114,1.0
1765072912.6981692,1.0
1765072912.7156928,1.0
1765072912.7333817,1.0
1765072912.7509038,1.0
1765072912.768513,1.0
1765072912.7860467,1.0
1765072912.8035772,1.0
1765072912.8211293,1.0
1765072912.838638,1.0
1765072912.856209,1.0
1765072912.8738017,1.0
1765072912.8913581,1.0
1765072912.908927,1.0
1765072912.9264636,1.0
1765072912.9440114,1.0
1765072912.9616387,1.0
1765072912.9791887,1.0
1765072912.9968174,1.0
1765072913.0143592,1.0
1765072913.0319588,1.0
1765072913.0494747,1.0
1765072913.0670416,1.0
1765072913.0845494,1.0
1765072913.102182,1.0
1765072913.120001,1.0
1765072913.1376123,1.0
1765072913.155117,1.0
1765072913.1726537,1.0
1765072913.1902995,1.0
1765072913.2079022,1.0
1765072913.2254739,1.0
1765072913.242983,1.0
1765072913.2606666,1.0
1765072913.2781658,1.0
1765072913.2968936,1.0
1765072913.3144712,1.0
1765072913.3320317,1.0
1765072913.3496368,1.0
1765072913.3673012,1.0
1765072913.3848634,1.0
1765072913.4024053,1.0
1765072913.41991,1.0
1765072913.4375153,1.0
1765072913.4550464,1.0
1765072913.472669,1.0
1765072913.4902196,1.0
1765072913.5077856,1.0
1765072913.5253656,1.0
1765072913.5428798,1.0
1765072913.5604224,1.0
1765072913.5780437,1.0
1765072913.595619,1.0
1765072913.6131513,1.0
1765072913.6306822,1.0
1765072913.648337,1.0
1765072913.6658218,1.0
1765072913.6833706,1.0
1765072913.7009475,1.0
1765072913.7186654,1.0
1765072913.736203,1.0
1765072913.7538543,1.0
1765072913.7714982,1.0
1765072913.7890606,1.0
1765072913.8066354,1.0
1765072913.8242133,1.0
1765072913.8417337,1.0
1765072913.8593187,1.0
1765072913.877068,1.0
1765072913.8947027,1.0
1765072913.912483,1.0
1765072913.9302447,1.0
1765072913.9478848,1.0
1765072913.965534,1.0
1765072913.983153,1.0
1765072914.0008125,1.0
1765072914.0184736,1.0
1765072914.0361037,1.0
1765072914.0537474,1.0
1765072914.071564,1.0
1765072914.0891593,1.0
1765072914.106819,1.0
1765072914.124497,1.0
1765072914.142178,1.0
1765072914.159816,1.0
1765072914.1774473,1.0
1765072914.1950638,1.0
1765072914.2127616,1.0
1765072914.230391,1.0
1765072914.2480173,1.0
1765072914.265683,1.0
1765072914.2833014,1.0
1765072914.3016093,1.0
1765072914.3195012,1.0
1765072914.3371537,1.0
1765072914.3549879,1.0
1765072914.372629,1.0
1765072914.3902316,1.0
1765072914.4078496,1.0
1765072914.4254973,1.0
1765072914.4431036,1.0
1765072914.4607666,1.0
1765072914.4784203,1.0
1765072914.4960885,1.0
1765072914.5137193,1.0
1765072914.5313435,1.0
1765072914.5489597,1.0
1765072914.566621,1.0
1765072914.5843604,1.0
1765072914.6019814,1.0
1765072914.61962,1.0
1765072914.6372576,1.0
1765072914.65514,1.0
1765072914.672758,1.0
1765072914.690419,1.0
1765072914.708083,1.0
1765072914.725761,1.0
1765072914.7433765,1.0
1765072914.7609792,1.0
1765072914.7785897,1.0
1765072914.7963402,1.0
1765072914.813937,1.0
1765072914.8315318,1.0
1765072914.8492055,1.0
1765072914.866785,1.0
1765072914.8843699,1.0
1765072914.9020135,1.0
1765072914.9195962,1.0
1765072914.9372003,1.0
1765072914.954787,1.0
1765072914.972394,1.0
1765072914.9899678,1.0
1765072915.0076194,1.0
1765072915.0252583,1.0
1765072915.0428362,1.0
1765072915.0604823,1.0
1765072915.0780425,1.0
1765072915.095649,1.0
1765072915.1133418,1.0
1765072915.1311083,1.0
1765072915.1487162,1.0
1765072915.1663816,1.0
1765072915.1839871,1.0
1765072915.2016082,1.0
1765072915.2192075,1.0
1765072915.2368152,1.0
1765072915.254419,1.0
1765072915.2721257,1.0
1765072915.2897542,1.0
1765072915.3088696,1.0
1765072915.3265483,1.0
1765072915.3441563,1.0
1765072915.361863,1.0
1765072915.3796358,1.0
1765072915.397244,1.0
1765072915.4149055,1.0
1765072915.4325097,1.0
1765072915.4501827,1.0
1765072915.4677706,1.0
1765072915.4853737,1.0
1765072915.503182,1.0
1765072915.5207937,1.0
1765072915.5384023,1.0
1765072915.5559816,1.0
1765072915.5738347,1.0
1765072915.5914502,1.0
1765072915.6090267,1.0
1765072915.6266873,1.0
1765072915.64446,1.0
1765072915.6622567,1.0
1765072915.6798577,1.0
1765072915.697498,1.0
1765072915.7150729,1.0
1765072915.7328663,1.0
1765072915.7505438,1.0
1765072915.7681017,1.0
1765072915.7856834,1.0
1765072915.803375,1.0
1765072915.8209574,1.0
1765072915.838644,1.0
1765072915.856236,1.0
1765072915.8738203,1.0
1765072915.8914275,1.0
1765072915.908997,1.0
1765072915.9266632,1.0
1765072915.944302,1.0
1765072915.96195,1.0
1765072915.9795902,1.0
1765072915.997352,1.0
1765072916.0149982,1.0
1765072916.0325778,1.0
1765072916.0501506,1.0
1765072916.067786,1.0
1765072916.0853899,1.0
1765072916.103101,1.0
1765072916.1212926,1.0
1765072916.1388779,1.0
1765072916.1564555,1.0
1765072916.1741745,1.0
1765072916.1919756,1.0
1765072916.2096555,1.0
1765072916.2272375,1.0
1765072916.244915,1.0
1765072916.2626014,1.0
1765072916.2801828,1.0
1765072916.298523,1.0
1765072916.3162303,1.0
1765072916.3338568,1.0
1765072916.3514652,1.0
1765072916.3690798,1.0
1765072916.3866851,1.0
1765072916.4043698,1.0
1765072916.4219892,1.0
1765072916.4395614,1.0
1765072916.457174,1.0
1765072916.4747765,1.0
1765072916.4924421,1.0
1765072916.5099924,1.0
1765072916.527662,1.0
1765072916.5452216,1.0
1765072916.5630205,1.0
1765072916.5805886,1.0
1765072916.5981648,1.0
1765072916.6158218,1.0
1765072916.6334174,1.0
1765072916.6512275,1.0
1765072916.6688473,1.0
1765072916.6866608,1.0
1765072916.7042081,1.0
1765072916.7218015,1.0
1765072916.739464,1.0
1765072916.7570262,1.0
1765072916.7745929,1.0
1765072916.7922938,1.0
1765072916.809856,1.0
1765072916.8274434,1.0
1765072916.8450475,1.0
1765072916.8626218,1.0
1765072916.88024,1.0
1765072916.897849,1.0
1765072916.9154484,1.0
1765072916.9330056,1.0
1765072916.950599,1.0
1765072916.9681969,1.0
1765072916.9858007,1.0
1765072917.0034025,1.0
1765072917.0210357,1.0
1765072917.0387733,1.0
1765072917.0563858,1.0
1765072917.0739439,1.0
1765072917.091577,1.0
1765072917.1092212,1.0
1765072917.1267765,1.0
1765072917.144512,1.0
1765072917.1620889,1.0
1765072917.179839,1.0
1765072917.1976752,1.0
1765072917.215398,1.0
1765072917.233016,1.0
1765072917.2507086,1.0
1765072917.2683969,1.0
1765072917.2861457,1.0
1765072917.3053288,1.0
1765072917.3229878,1.0
1765072917.340636,1.0
1765072917.3582983,1.0
1765072917.3761387,1.0
1765072917.3938613,1.0
1765072917.41155,1.0
1765072917.4293568,1.0
1765072917.447027,1.0
1765072917.4647644,1.0
1765072917.4823756,1.0
1765072917.5003188,1.0
1765072917.5180233,1.0
1765072917.535559,1.0
1765072917.5532444,1.0
1765072917.570935,1.0
1765072917.588593,1.0
1765072917.6062684,1.0
1765072917.6239607,1.0
1765072917.6416547,1.0
1765072917.6596694,1.0
1765072917.67738,1.0
1765072917.6951876,1.0
1765072917.712917,1.0
1765072917.730844,1.0
1765072917.7486176,1.0
1765072917.7664187,1.0
1765072917.7841218,1.0
1765072917.8018084,1.0
1765072917.8194382,1.0
1765072917.8373237,1.0
1765072917.8550339,1.0
1765072917.8727164,1.0
1765072917.8903794,1.0
1765072917.9080482,1.0
1765072917.9257104,1.0
1765072917.9434676,1.0
1765072917.9611738,1.0
1765072917.978801,1.0
1765072917.9965,1.0
1765072918.0141332,1.0
1765072918.031821,1.0
1765072918.0496664,1.0
1765072918.0673373,1.0
1765072918.08498,1.0
1765072918.1026616,1.0
1765072918.1203318,1.0
1765072918.1380074,1.0
1765072918.155714,1.0
1765072918.173954,1.0
1765072918.1916285,1.0
1765072918.2093349,1.0
1765072918.2269886,1.0
1765072918.2446783,1.0
1765072918.262374,1.0
1765072918.2800605,1.0
1765072918.2991703,1.0
1765072918.3170686,1.0
1765072918.3348887,1.0
1765072918.352589,1.0
1765072918.370308,1.0
1765072918.38798,1.0
1765072918.405705,1.0
1765072918.4234617,1.0
1765072918.4412963,1.0
1765072918.4590082,1.0
1765072918.4766726,1.0
1765072918.4945164,1.0
1765072918.5121243,1.0
1765072918.5299811,1.0
1765072918.5476992,1.0
1765072918.5653005,1.0
1765072918.5829566,1.0
1765072918.6006894,1.0
1765072918.618375,1.0
1765072918.6360564,1.0
1765072918.6539116,1.0
1765072918.6715527,1.0
1765072918.6892402,1.0
1765072918.7068787,1.0
1765072918.7246275,1.0
1765072918.7423117,1.0
1765072918.759975,1.0
1765072918.7776926,1.0
1765072918.7953565,1.0
1765072918.8130584,1.0
1765072918.830761,1.0
1765072918.84845,1.0
1765072918.866101,1.0
1765072918.8838036,1.0
1765072918.9014795,1.0
1765072918.919204,1.0
1765072918.9368706,1.0
1765072918.9545507,1.0
1765072918.9722087,1.0
1765072918.9900377,1.0
1765072919.0077283,1.0
1765072919.0254688,1.0
1765072919.0432098,1.0
1765072919.060903,1.0
1765072919.0785666,1.0
1765072919.096293,1.0
1765072919.1139362,1.0
1765072919.1316748,1.0
1765072919.1493127,1.0
1765072919.1669996,1.0
1765072919.1846972,1.0
1765072919.2024074,1.0
1765072919.2201207,1.0
1765072919.23785,1.0
1765072919.2555377,1.0
1765072919.2732122,1.0
1765072919.2908838,1.0
1765072919.3099527,1.0
1765072919.327616,1.0
1765072919.3453352,1.0
1765072919.362955,1.0
1765072919.38063,1.0
1765072919.3982728,1.0
1765072919.415847,1.0
1765072919.4334915,1.0
1765072919.4511557,1.0
1765072919.4687812,1.0
1765072919.4865525,1.0
1765072919.504361,1.0
1765072919.5219312,1.0
1765072919.5395842,1.0
1765072919.557193,1.0
1765072919.5747986,1.0
1765072919.5925384,1.0
1765072919.6101067,1.0
1765072919.6276875,1.0
1765072919.6457107,1.0
1765072919.6633422,1.0
1765072919.680996,1.0
1765072919.6986372,1.0
1765072919.716254,1.0
1765072919.7339997,1.0
1765072919.7516057,1.0
1765072919.769245,1.0
1765072919.7868598,1.0
1765072919.804606,1.0
1765072919.8223324,1.0
1765072919.839901,1.0
1765072919.857607,1.0
1765072919.875241,1.0
1765072919.8928638,1.0
1765072919.9104688,1.0
1765072919.9282098,1.0
1765072919.945801,1.0
1765072919.9634082,1.0
1765072919.9810636,1.0
1765072919.9987257,1.0
1765072920.0163372,1.0
1765072920.0339925,1.0
1765072920.0515974,1.0
1765072920.0692365,1.0
1765072920.0869212,1.0
1765072920.1047497,1.0
1765072920.1224105,1.0
1765072920.1400003,1.0
1765072920.157586,1.0
1765072920.1752408,1.0
1765072920.1929173,1.0
1765072920.210731,1.0
1765072920.2286406,1.0
1765072920.2462053,1.0
1765072920.2638402,1.0
1765072920.281486,1.0
1765072920.3005033,1.0
1765072920.3180442,1.0
1765072920.3357334,1.0
1765072920.3533242,1.0
1765072920.3710046,1.0
1765072920.3886147,1.0
1765072920.4062474,1.0
1765072920.4238403,1.0
1765072920.4415243,1.0
1765072920.4591963,1.0
1765072920.4768062,1.0
1765072920.4945483,1.0
1765072920.5121293,1.0
1765072920.5297718,1.0
1765072920.5473907,1.0
1765072920.5650535,1.0
1765072920.5827196,1.0
1765072920.6003332,1.0
1765072920.6179755,1.0
1765072920.6355753,1.0
1765072920.6533334,1.0
1765072920.6708834,1.0
1765072920.6885712,1.0
1765072920.7061584,1.0
1765072920.7238145,1.0
1765072920.7413912,1.0
1765072920.7590268,1.0
1765072920.7767234,1.0
1765072920.7943072,1.0
1765072920.8120108,1.0
1765072920.8296041,1.0
1765072920.8472126,1.0
1765072920.8648162,1.0
1765072920.8826637,1.0
1765072920.90025,1.0
1765072920.9178483,1.0
1765072920.9354494,1.0
1765072920.9530942,1.0
1765072920.9706838,1.0
1765072920.9883087,1.0
1765072921.005905,1.0
1765072921.023524,1.0
1765072921.04108,1.0
1765072921.0587196,1.0
1765072921.0763366,1.0
1765072921.0940516,1.0
1765072921.1116922,1.0
1765072921.1292806,1.0
1765072921.1469278,1.0
1765072921.1645432,1.0
1765072921.1821942,1.0
1765072921.1997774,1.0
1765072921.2173686,1.0
1765072921.2349913,1.0
1765072921.2528281,1.0
1765072921.270435,1.0
1765072921.2880077,1.0
1765072921.3071952,1.0
1765072921.324764,1.0
1765072921.3423727,1.0
1765072921.3600209,1.0
1765072921.3776987,1.0
1765072921.3953114,1.0
1765072921.4129016,1.0
1765072921.4305255,1.0
1765072921.448114,1.0
1765072921.4657056,1.0
1765072921.4833283,1.0
1765072921.5009818,1.0
1765072921.5186424,1.0
1765072921.536269,1.0
1765072921.5539577,1.0
1765072921.5715714,1.0
1765072921.589161,1.0
1765072921.606765,1.0
1765072921.6244874,1.0
1765072921.642146,1.0
1765072921.6599152,1.0
1765072921.677525,1.0
1765072921.6952062,1.0
1765072921.712849,1.0
1765072921.7306406,1.0
1765072921.7482793,1.0
1765072921.765936,1.0
1765072921.7836814,1.0
1765072921.8012886,1.0
1765072921.8189325,1.0
1765072921.8365443,1.0
1765072921.8541486,1.0
1765072921.871827,1.0
1765072921.8895197,1.0
1765072921.907184,1.0
1765072921.924777,1.0
1765072921.9424016,1.0
1765072921.9599981,1.0
1765072921.977647,1.0
1765072921.9952745,1.0
1765072922.013091,1.0
1765072922.0307462,1.0
1765072922.0483499,1.0
1765072922.0659926,1.0
1765072922.0836132,1.0
1765072922.1012077,1.0
1765072922.1188385,1.0
1765072922.1364317,1.0
1765072922.154046,1.0
1765072922.1717415,1.0
1765072922.189335,1.0
1765072922.2069287,1.0
1765072922.2245953,1.0
1765072922.2423346,1.0
1765072922.2599554,1.0
1765072922.277802,1.0
1765072922.296486,1.0
1765072922.3143919,1.0
1765072922.3320665,1.0
1765072922.3497133,1.0
1765072922.3673053,1.0
1765072922.3850293,1.0
1765072922.4026356,1.0
1765072922.4202356,1.0
1765072922.4378917,1.0
1765072922.4555054,1.0
1765072922.4730847,1.0
1765072922.4907174,1.0
1765072922.5084608,1.0
1765072922.5260262,1.0
1765072922.54373,1.0
1765072922.5613074,1.0
1765072922.5789723,1.0
1765072922.5966785,1.0
1765072922.6142788,1.0
1765072922.631914,1.0
1765072922.6497796,1.0
1765072922.667318,1.0
1765072922.6849709,1.0
1765072922.7025273,1.0
1765072922.7203825,1.0
1765072922.7379575,1.0
1765072922.755535,1.0
1765072922.773105,1.0
1765072922.7907763,1.0
1765072922.8083932,1.0
1765072922.825966,1.0
1765072922.8436131,1.0
1765072922.8611815,1.0
1765072922.8787787,1.0
1765072922.8964207,1.0
1765072922.9140625,1.0
1765072922.9316385,1.0
1765072922.9493048,1.0
1765072922.966885,1.0
1765072922.9846117,1.0
1765072923.0022035,1.0
1765072923.0197973,1.0
1765072923.0375123,1.0
1765072923.0551593,1.0
1765072923.0727828,1.0
1765072923.0906806,1.0
1765072923.108296,1.0
1765072923.1259165,1.0
1765072923.1435118,1.0
1765072923.1610854,1.0
1765072923.1788309,1.0
1765072923.1964211,1.0
1765072923.214069,1.0
1765072923.231668,1.0
1765072923.2493024,1.0
1765072923.266892,1.0
1765072923.2844827,1.0
1765072923.302729,1.0
1765072923.3208556,1.0
1765072923.3386261,1.0
1765072923.3562489,1.0
1765072923.3738244,1.0
1765072923.3915365,1.0
1765072923.4091644,1.0
1765072923.426747,1.0
1765072923.4443634,1.0
1765072923.4619257,1.0
1765072923.479584,1.0
1765072923.497361,1.0
1765072923.5150106,1.0
1765072923.5326135,1.0
1765072923.5501924,1.0
1765072923.5678499,1.0
1765072923.5854309,1.0
1765072923.6031132,1.0
1765072923.6207247,1.0
1765072923.638415,1.0
1765072923.6562743,1.0
1765072923.674025,1.0
1765072923.6916595,1.0
1765072923.7092562,1.0
1765072923.726894,1.0
1765072923.744505,1.0
1765072923.7620966,1.0
1765072923.7797873,1.0
1765072923.7975338,1.0
1765072923.8151028,1.0
1765072923.8327806,1.0
1765072923.8503869,1.0
1765072923.867969,1.0
1765072923.8855681,1.0
1765072923.9033291,1.0
1765072923.9209192,1.0
1765072923.9385357,1.0
1765072923.956148,1.0
1765072923.9738011,1.0
1765072923.9914277,1.0
1765072924.0090759,1.0
1765072924.0267167,1.0
1765072924.0443015,1.0
1765072924.0618734,1.0
1765072924.0795496,1.0
1765072924.0971353,1.0
1765072924.1147532,1.0
1765072924.1324162,1.0
1765072924.1500063,1.0
1765072924.167616,1.0
1765072924.185194,1.0
1765072924.2027752,1.0
1765072924.220396,1.0
1765072924.2380064,1.0
1765072924.255626,1.0
1765072924.2732084,1.0
1765072924.2908692,1.0
1765072924.310317,1.0
1765072924.327936,1.0
1765072924.3455985,1.0
1765072924.3632424,1.0
1765072924.3808327,1.0
1765072924.3985407,1.0
1765072924.4161403,1.0
1765072924.433854,1.0
1765072924.4515474,1.0
1765072924.4691727,1.0
1765072924.4869196,1.0
1765072924.5046175,1.0
1765072924.5223582,1.0
1765072924.5399404,1.0
1765072924.5575507,1.0
1765072924.5752869,1.0
1765072924.5929859,1.0
1765072924.6106758,1.0
1765072924.6282883,1.0
1765072924.6460826,1.0
1765072924.6636672,1.0
1765072924.6812885,1.0
1765072924.6989744,1.0
1765072924.7167058,1.0
1765072924.7344086,1.0
1765072924.751969,1.0
1765072924.7695863,1.0
1765072924.7871704,1.0
1765072924.8047905,1.0
1765072924.8225508,1.0
1765072924.840148,1.0
1765072924.8577409,1.0
1765072924.8753517,1.0
1765072924.8930378,1.0
1765072924.910663,1.0
1765072924.9283683,1.0
1765072924.94594,1.0
1765072924.9635546,1.0
1765072924.9811904,1.0
1765072924.9987772,1.0
1765072925.016581,1.0
1765072925.034186,1.0
1765072925.051792,1.0
1765072925.0694785,1.0
1765072925.0870833,1.0
1765072925.1046588,1.0
1765072925.1222713,1.0
1765072925.1398451,1.0
1765072925.1575089,1.0
1765072925.1750822,1.0
1765072925.1927764,1.0
1765072925.2105503,1.0
1765072925.2281828,1.0
1765072925.2458537,1.0
1765072925.26354,1.0
1765072925.281165,1.0
1765072925.2997077,1.0
1765072925.31752,1.0
1765072925.3351316,1.0
1765072925.3528066,1.0
1765072925.370456,1.0
1765072925.3880188,1.0
1765072925.40564,1.0
1765072925.4232922,1.0
1765072925.4408977,1.0
1765072925.4584937,1.0
1765072925.4762511,1.0
1765072925.4940004,1.0
1765072925.511572,1.0
1765072925.5291634,1.0
1765072925.546786,1.0
1765072925.5643616,1.0
1765072925.5819495,1.0
1765072925.5996504,1.0
1765072925.6172833,1.0
1765072925.6349149,1.0
1765072925.6526403,1.0
1765072925.6703675,1.0
1765072925.6880627,1.0
1765072925.706308,1.0
1765072925.7323384,1.0
1765072925.749923,1.0
1765072925.767533,1.0
1765072925.78517,1.0
1765072925.8027806,1.0
1765072925.8204024,1.0
1765072925.83799,1.0
1765072925.8556235,1.0
1765072925.8731954,1.0
1765072925.890965,1.0
1765072925.912256,1.0
1765072925.932595,1.0
1765072925.9501667,1.0
1765072925.9677489,1.0
1765072925.9853985,1.0
1765072926.0030665,1.0
1765072926.0208762,1.0
1765072926.038511,1.0
1765072926.056091,1.0
1765072926.0737827,1.0
1765072926.0915897,1.0
1765072926.11104,1.0
1765072926.1286445,1.0
1765072926.1462917,1.0
1765072926.1638577,1.0
1765072926.1814759,1.0
1765072926.1993675,1.0
1765072926.217621,1.0
1765072926.2351823,1.0
1765072926.2527847,1.0
1765072926.270502,1.0
1765072926.2880821,1.0
1765072926.3070157,1.0
1765072926.3246841,1.0
1765072926.3423254,1.0
1765072926.3602216,1.0
1765072926.3778315,1.0
1765072926.3954074,1.0
1765072926.412986,1.0
1765072926.43067,1.0
1765072926.4483068,1.0
1765072926.465934,1.0
1765072926.4835112,1.0
1765072926.5011714,1.0
1765072926.5187984,1.0
1765072926.5366724,1.0
1765072926.5542886,1.0
1765072926.5718937,1.0
1765072926.5895176,1.0
1765072926.607109,1.0
1765072926.6247463,1.0
1765072926.642383,1.0
1765072926.6601553,1.0
1765072926.6778111,1.0
1765072926.6955485,1.0
1765072926.713187,1.0
1765072926.7309356,1.0
1765072926.7487128,1.0
1765072926.7663999,1.0
1765072926.7839863,1.0
1765072926.80166,1.0
1765072926.8192978,1.0
1765072926.8368843,1.0
1765072926.8545086,1.0
1765072926.8722076,1.0
1765072926.8897955,1.0
1765072926.907428,1.0
1765072926.9252272,1.0
1765072926.9429805,1.0
1765072926.9605765,1.0
1765072926.9781542,1.0
1765072926.9958522,1.0
1765072927.0134375,1.0
1765072927.031002,1.0
1765072927.048626,1.0
1765072927.0662923,1.0
1765072927.0838926,1.0
1765072927.1014795,1.0
1765072927.1191165,1.0
1765072927.136712,1.0
1765072927.154421,1.0
1765072927.1720126,1.0
1765072927.1897836,1.0
1765072927.2074888,1.0
1765072927.225088,1.0
1765072927.2426841,1.0
1765072927.260414,1.0
1765072927.2779956,1.0
1765072927.2957807,1.0
1765072927.3145432,1.0
1765072927.3322525,1.0
1765072927.3498664,1.0
1765072927.367584,1.0
1765072927.385194,1.0
1765072927.4028237,1.0
1765072927.4204364,1.0
1765072927.4380467,1.0
1765072927.4557507,1.0
1765072927.4733741,1.0
1765072927.4910767,1.0
1765072927.5086489,1.0
1765072927.5262852,1.0
1765072927.5439012,1.0
1765072927.561542,1.0
1765072927.579113,1.0
1765072927.5967703,1.0
1765072927.6143613,1.0
1765072927.632108,1.0
1765072927.65027,1.0
1765072927.6677876,1.0
1765072927.6854298,1.0
1765072927.7030554,1.0
1765072927.7208183,1.0
1765072927.7383573,1.0
1765072927.7560697,1.0
1765072927.773745,1.0
1765072927.7913167,1.0
1765072927.808932,1.0
1765072927.8266335,1.0
1765072927.844232,1.0
1765072927.8618586,1.0
1765072927.879459,1.0
1765072927.8970969,1.0
1765072927.9147584,1.0
1765072927.932389,1.0
1765072927.950042,1.0
1765072927.967647,1.0
1765072927.9853017,1.0
1765072928.0030682,1.0
1765072928.0206602,1.0
1765072928.0382392,1.0
1765072928.055831,1.0
1765072928.073437,1.0
1765072928.0910637,1.0
1765072928.1086502,1.0
1765072928.1262412,1.0
1765072928.143851,1.0
1765072928.161499,1.0
1765072928.1790836,1.0
1765072928.1966891,1.0
1765072928.2143927,1.0
1765072928.2319837,1.0
1765072928.249933,1.0
1765072928.26753,1.0
1765072928.2850957,1.0
1765072928.3040495,1.0
1765072928.3216598,1.0
1765072928.3393002,1.0
1765072928.356937,1.0
1765072928.3745632,1.0
1765072928.392172,1.0
1765072928.4101048,1.0
1765072928.4276927,1.0
1765072928.4453015,1.0
1765072928.4629188,1.0
1765072928.4804993,1.0
1765072928.4981246,1.0
1765072928.5159225,1.0
1765072928.533791,1.0
1765072928.5514972,1.0
1765072928.5690997,1.0
1765072928.586714,1.0
1765072928.6043143,1.0
1765072928.6219692,1.0
1765072928.6396003,1.0
1765072928.6574173,1.0
1765072928.6752195,1.0
1765072928.6929393,1.0
1765072928.7105582,1.0
1765072928.7282538,1.0
1765072928.7458358,1.0
1765072928.7634165,1.0
1765072928.781042,1.0
1765072928.7986643,1.0
1765072928.8162687,1.0
1765072928.8338606,1.0
1765072928.8514555,1.0
1765072928.8690355,1.0
1765072928.8867474,1.0
1765072928.9043508,1.0
1765072928.9219873,1.0
1765072928.939589,1.0
1765072928.957167,1.0
1765072928.9748614,1.0
1765072928.9924548,1.0
1765072929.0101721,1.0
1765072929.0277736,1.0
1765072929.0453792,1.0
1765072929.0630348,1.0
1765072929.0806277,1.0
1765072929.0982242,1.0
1765072929.1158144,1.0
1765072929.1334326,1.0
1765072929.1510258,1.0
1765072929.1689801,1.0
1765072929.1866863,1.0
1765072929.2042737,1.0
1765072929.221837,1.0
1765072929.2395275,1.0
1765072929.2571301,1.0
1765072929.2747247,1.0
1765072929.2924235,1.0
1765072929.311476,1.0
1765072929.3290532,1.0
1765072929.3467152,1.0
1765072929.364372,1.0
1765072929.381977,1.0
1765072929.399568,1.0
1765072929.4172122,1.0
1765072929.4348044,1.0
1765072929.4525194,1.0
1765072929.4701054,1.0
1765072929.4877903,1.0
1765072929.5054393,1.0
1765072929.52307,1.0
1765072929.5406966,1.0
1765072929.558283,1.0
1765072929.5758812,1.0
1765072929.5934863,1.0
1765072929.6110835,1.0
1765072929.6287508,1.0
1765072929.646623,1.0
1765072929.66424,1.0
1765072929.681885,1.0
1765072929.699583,1.0
1765072929.7171688,1.0
1765072929.7349074,1.0
1765072929.7525072,1.0
1765072929.7700772,1.0
1765072929.7876954,1.0
1765072929.8053825,1.0
1765072929.8229601,1.0
1765072929.8406563,1.0
1765072929.8583088,1.0
1765072929.875981,1.0
1765072929.8936756,1.0
1765072929.9116547,1.0
1765072929.9292521,1.0
1765072929.9468749,1.0
1765072929.964458,1.0
1765072929.982072,1.0
1765072929.9997375,1.0
1765072930.0173094,1.0
1765072930.0349138,1.0
1765072930.0525963,1.0
1765072930.0702264,1.0
1765072930.0878556,1.0
1765072930.1054792,1.0
1765072930.1230693,1.0
1765072930.140752,1.0
1765072930.1583846,1.0
1765072930.175972,1.0
1765072930.193685,1.0
1765072930.21128,1.0
1765072930.2288508,1.0
1765072930.2464843,1.0
1765072930.2641807,1.0
1765072930.281841,1.0
1765072930.3010314,1.0
1765072930.3186615,1.0
1765072930.3363008,1.0
1765072930.3539538,1.0
1765072930.3715625,1.0
1765072930.3892086,1.0
1765072930.406811,1.0
1765072930.4244199,1.0
1765072930.4420016,1.0
1765072930.459812,1.0
1765072930.477462,1.0
1765072930.4952803,1.0
1765072930.5129158,1.0
1765072930.5305166,1.0
1765072930.5481339,1.0
1765072930.5657074,1.0
1765072930.5833344,1.0
1765072930.6009374,1.0
1765072930.6185555,1.0
1765072930.636136,1.0
1765072930.6540449,1.0
1765072930.6716368,1.0
1765072930.6893206,1.0
1765072930.7069416,1.0
1765072930.724781,1.0
1765072930.742395,1.0
1765072930.7600348,1.0
1765072930.7776768,1.0
1765072930.795364,1.0
1765072930.8129902,1.0
1765072930.8306885,1.0
1765072930.8483047,1.0
1765072930.8659494,1.0
1765072930.8836093,1.0
1765072930.9012733,1.0
1765072930.9188995,1.0
1765072930.9365659,1.0
1765072930.9541929,1.0
1765072930.9718575,1.0
1765072930.9895613,1.0
1765072931.0071905,1.0
1765072931.024868,1.0
1765072931.042604,1.0
1765072931.0603223,1.0
1765072931.0779643,1.0
1765072931.0956767,1.0
1765072931.113294,1.0
1765072931.1309297,1.0
1765072931.1485765,1.0
1765072931.1662164,1.0
1765072931.1838639,1.0
1765072931.2015169,1.0
1765072931.2191322,1.0
1765072931.2367868,1.0
1765072931.254442,1.0
1765072931.2720647,1.0
1765072931.2898977,1.0
1765072931.3084433,1.0
1765072931.3260279,1.0
1765072931.3436785,1.0
1765072931.3613086,1.0
1765072931.3790028,1.0
1765072931.3966613,1.0
1765072931.4143243,1.0
1765072931.4319568,1.0
1765072931.449594,1.0
1765072931.4672241,1.0
1765072931.4849021,1.0
1765072931.5026267,1.0
1765072931.5202994,1.0
1765072931.5380118,1.0
1765072931.5557199,1.0
1765072931.5735095,1.0
1765072931.5912018,1.0
1765072931.6089132,1.0
1765072931.626642,1.0
1765072931.6442924,1.0
1765072931.6620078,1.0
1765072931.6797323,1.0
1765072931.6976006,1.0
1765072931.7152724,1.0
1765072931.733256,1.0
1765072931.750917,1.0
1765072931.7686338,1.0
1765072931.7863884,1.0
1765072931.8040512,1.0
1765072931.8217387,1.0
1765072931.8395824,1.0
1765072931.857214,1.0
1765072931.8750186,1.0
1765072931.8926563,1.0
1765072931.9103239,1.0
1765072931.927933,1.0
1765072931.9457033,1.0
1765072931.9633691,1.0
1765072931.981134,1.0
1765072931.9990408,1.0
1765072932.0167065,1.0
1765072932.0343387,1.0
1765072932.0519238,1.0
1765072932.0695496,1.0
1765072932.0872416,1.0
1765072932.1048784,1.0
1765072932.1225321,1.0
1765072932.1403375,1.0
1765072932.1579707,1.0
1765072932.1756747,1.0
1765072932.1933498,1.0
1765072932.2109075,1.0
1765072932.2285454,1.0
1765072932.2461364,1.0
1765072932.2638113,1.0
1765072932.2813494,1.0
1765072932.3006997,1.0
1765072932.31825,1.0
1765072932.3358653,1.0
1765072932.353431,1.0
1765072932.3709786,1.0
1765072932.3886056,1.0
1765072932.4063356,1.0
1765072932.4239182,1.0
1765072932.4414704,1.0
1765072932.459017,1.0
1765072932.4766076,1.0
1765072932.4943519,1.0
1765072932.5123785,1.0
1765072932.529995,1.0
1765072932.547658,1.0
1765072932.5652134,1.0
1765072932.582836,1.0
1765072932.6004615,1.0
1765072932.6180148,1.0
1765072932.635811,1.0
1765072932.653519,1.0
1765072932.6710894,1.0
1765072932.6888144,1.0
1765072932.7064023,1.0
1765072932.7241633,1.0
1765072932.7417195,1.0
1765072932.7592523,1.0
1765072932.7767878,1.0
1765072932.7943292,1.0
1765072932.8118622,1.0
1765072932.829431,1.0
1765072932.8470137,1.0
1765072932.8645923,1.0
1765072932.882138,1.0
1765072932.8997731,1.0
1765072932.9173412,1.0
1765072932.934959,1.0
1765072932.9525285,1.0
1765072932.970087,1.0
1765072932.9878597,1.0
1765072933.0053866,1.0
1765072933.0229275,1.0
1765072933.0405588,1.0
1765072933.0581622,1.0
1765072933.0757158,1.0
1765072933.0933003,1.0
1765072933.110812,1.0
1765072933.1283946,1.0
1765072933.1459563,1.0
1765072933.1636796,1.0
1765072933.1813545,1.0
1765072933.1989439,1.0
1765072933.2165005,1.0
1765072933.2340803,1.0
1765072933.2516475,1.0
1765072933.269192,1.0
1765072933.2869935,1.0
1765072933.305664,1.0
1765072933.323279,1.0
1765072933.3408344,1.0
1765072933.3584158,1.0
1765072933.3759332,1.0
1765072933.3934577,1.0
1765072933.411026,1.0
1765072933.4285507,1.0
1765072933.4461174,1.0
1765072933.4637399,1.0
1765072933.4812365,1.0
1765072933.498893,1.0
1765072933.5164344,1.0
1765072933.534101,1.0
1765072933.5517325,1.0
1765072933.5692692,1.0
1765072933.586875,1.0
1765072933.604513,1.0
1765072933.6221204,1.0
1765072933.639672,1.0
1765072933.6574082,1.0
1765072933.6750224,1.0
1765072933.6927316,1.0
1765072933.7102587,1.0
1765072933.7278535,1.0
1765072933.7454076,1.0
1765072933.7630117,1.0
1765072933.7805688,1.0
1765072933.7981281,1.0
1765072933.8156557,1.0
1765072933.8333786,1.0
1765072933.8509026,1.0
1765072933.868476,1.0
1765072933.8860416,1.0
1765072933.9035666,1.0
1765072933.9211469,1.0
1765072933.9386795,1.0
1765072933.9562314,1.0
1765072933.973842,1.0
1765072933.9914103,1.0
1765072934.0089598,1.0
1765072934.0265882,1.0
1765072934.0441287,1.0
1765072934.0617287,1.0
1765072934.07928,1.0
1765072934.096856,1.0
1765072934.114642,1.0
1765072934.1321695,1.0
1765072934.1497908,1.0
1765072934.167434,1.0
1765072934.1849644,1.0
1765072934.202498,1.0
1765072934.2200503,1.0
1765072934.2376842,1.0
1765072934.2552462,1.0
1765072934.2728155,1.0
1765072934.290442,1.0
1765072934.3087082,1.0
1765072934.3265288,1.0
1765072934.344036,1.0
1765072934.3615649,1.0
1765072934.3791032,1.0
1765072934.396707,1.0
1765072934.4142854,1.0
1765072934.4318416,1.0
1765072934.4494624,1.0
1765072934.4669724,1.0
1765072934.4845054,1.0
1765072934.5021582,1.0
1765072934.519726,1.0
1765072934.5372224,1.0
1765072934.5549483,1.0
1765072934.572487,1.0
1765072934.5900443,1.0
1765072934.6076844,1.0
1765072934.6251907,1.0
1765072934.6427224,1.0
1765072934.6603951,1.0
1765072934.6779845,1.0
1765072934.6957433,1.0
1765072934.7132695,1.0
1765072934.7309916,1.0
1765072934.7485147,1.0
1765072934.766061,1.0
1765072934.7836866,1.0
1765072934.8012323,1.0
1765072934.8188062,1.0
1765072934.8364122,1.0
1765072934.8539686,1.0
1765072934.8716073,1.0
1765072934.8891792,1.0
1765072934.9067466,1.0
1765072934.924271,1.0
1765072934.9418514,1.0
1765072934.9594598,1.0
1765072934.9769633,1.0
1765072934.9944882,1.0
1765072935.0120187,1.0
1765072935.0295765,1.0
1765072935.047154,1.0
1765072935.0647063,1.0
1765072935.0823054,1.0
1765072935.099835,1.0
1765072935.1174436,1.0
1765072935.134971,1.0
1765072935.1526017,1.0
1765072935.1701438,1.0
1765072935.1876671,1.0
1765072935.2051873,1.0
1765072935.2228327,1.0
1765072935.2403257,1.0
1765072935.2581198,1.0
1765072935.2771912,1.0
1765072935.296152,1.0
1765072935.3138094,1.0
1765072935.331429,1.0
1765072935.3490202,1.0
1765072935.3666852,1.0
1765072935.3843007,1.0
1765072935.4019094,1.0
1765072935.4194634,1.0
1765072935.437026,1.0
1765072935.4546406,1.0
1765072935.4722092,1.0
1765072935.4900024,1.0
1765072935.5076098,1.0
1765072935.525211,1.0
1765072935.5427613,1.0
1765072935.5604253,1.0
1765072935.5780041,1.0
1765072935.5955684,1.0
1765072935.6131601,1.0
1765072935.6307878,1.0
1765072935.6484785,1.0
1765072935.6659994,1.0
1765072935.683663,1.0
1765072935.7012572,1.0
1765072935.7188332,1.0
1765072935.7366455,1.0
1765072935.7542748,1.0
1765072935.7718556,1.0
1765072935.7898161,1.0
1765072935.8073916,1.0
1765072935.8249474,1.0
1765072935.8425324,1.0
1765072935.8601234,1.0
1765072935.877672,1.0
1765072935.8952758,1.0
1765072935.9128644,1.0
1765072935.930434,1.0
1765072935.9480336,1.0
1765072935.9656034,1.0
1765072935.9831555,1.0
1765072936.000777,1.0
1765072936.018484,1.0
1765072936.0360572,1.0
1765072936.053706,1.0
1765072936.0712852,1.0
1765072936.0888171,1.0
1765072936.106419,1.0
1765072936.1240036,1.0
1765072936.141682,1.0
1765072936.15924,1.0
1765072936.1767921,1.0
1765072936.1943476,1.0
1765072936.2119858,1.0
1765072936.2295659,1.0
1765072936.2472303,1.0
1765072936.2650309,1.0
1765072936.2825983,1.0
1765072936.3015473,1.0
1765072936.3191717,1.0
1765072936.3367784,1.0
1765072936.354401,1.0
1765072936.371955,1.0
1765072936.3895345,1.0
1765072936.4070845,1.0
1765072936.4247348,1.0
1765072936.4423165,1.0
1765072936.460018,1.0
1765072936.4776182,1.0
1765072936.4951675,1.0
1765072936.51273,1.0
1765072936.530302,1.0
1765072936.5479531,1.0
1765072936.5656354,1.0
1765072936.5832012,1.0
1765072936.6009893,1.0
1765072936.618569,1.0
1765072936.6361423,1.0
1765072936.6538937,1.0
1765072936.671443,1.0
1765072936.68912,1.0
1765072936.706693,1.0
1765072936.7246478,1.0
1765072936.7422256,1.0
1765072936.7598045,1.0
1765072936.7773654,1.0
1765072936.794967,1.0
1765072936.8125348,1.0
1765072936.8301125,1.0
1765072936.8476958,1.0
1765072936.865295,1.0
1765072936.882877,1.0
1765072936.900447,1.0
1765072936.9180074,1.0
1765072936.935777,1.0
1765072936.9533453,1.0
1765072936.9709103,1.0
1765072936.9884758,1.0
1765072937.0060349,1.0
1765072937.023702,1.0
1765072937.0412984,1.0
1765072937.0589118,1.0
1765072937.0766459,1.0
1765072937.0942976,1.0
1765072937.1120913,1.0
1765072937.1296582,1.0
1765072937.1473024,1.0
1765072937.1648395,1.0
1765072937.1825175,1.0
1765072937.2001054,1.0
1765072937.2176561,1.0
1765072937.2352896,1.0
1765072937.2528486,1.0
1765072937.2704208,1.0
1765072937.287916,1.0
1765072937.306823,1.0
1765072937.3243468,1.0
1765072937.3418913,1.0
1765072937.359492,1.0
1765072937.377062,1.0
1765072937.3946135,1.0
1765072937.4122038,1.0
1765072937.4298654,1.0
1765072937.4476352,1.0
1765072937.4653418,1.0
1765072937.482881,1.0
1765072937.500575,1.0
1765072937.5181708,1.0
1765072937.5357306,1.0
1765072937.5533102,1.0
1765072937.5709012,1.0
1765072937.5885634,1.0
1765072937.6061194,1.0
1765072937.62378,1.0
1765072937.6413217,1.0
1765072937.6591218,1.0
1765072937.6767905,1.0
1765072937.694419,1.0
1765072937.7119727,1.0
1765072937.729629,1.0
1765072937.7472122,1.0
1765072937.7647908,1.0
1765072937.7823796,1.0
1765072937.8001668,1.0
1765072937.8177233,1.0
1765072937.835358,1.0
1765072937.852936,1.0
1765072937.8704886,1.0
1765072937.888099,1.0
1765072937.9057581,1.0
1765072937.92335,1.0
1765072937.9409194,1.0
1765072937.9584813,1.0
1765072937.9760797,1.0
1765072937.9936445,1.0
1765072938.011223,1.0
1765072938.0288343,1.0
1765072938.046394,1.0
1765072938.063973,1.0
1765072938.0816402,1.0
1765072938.099201,1.0
1765072938.116978,1.0
1765072938.1345444,1.0
1765072938.1521418,1.0
1765072938.1696978,1.0
1765072938.187326,1.0
1765072938.2049303,1.0
1765072938.2224991,1.0
1765072938.2400868,1.0
1765072938.2577353,1.0
1765072938.2753994,1.0
1765072938.2930398,1.0
1765072938.3121734,1.0
1765072938.3297248,1.0
1765072938.3473992,1.0
1765072938.3649487,1.0
1765072938.3825865,1.0
1765072938.4001367,1.0
1765072938.4176989,1.0
1765072938.4352977,1.0
1765072938.4528422,1.0
1765072938.4705007,1.0
1765072938.488199,1.0
1765072938.5058086,1.0
1765072938.5233605,1.0
1765072938.5409703,1.0
1765072938.558518,1.0
1765072938.576069,1.0
1765072938.5936599,1.0
1765072938.6112206,1.0
1765072938.6288397,1.0
1765072938.6467533,1.0
1765072938.6643414,1.0
1765072938.6820805,1.0
1765072938.6998162,1.0
1765072938.7174895,1.0
1765072938.7351298,1.0
1765072938.7527761,1.0
1765072938.770564,1.0
1765072938.788137,1.0
1765072938.8057585,1.0
1765072938.8233418,1.0
1765072938.840886,1.0
1765072938.8584986,1.0
1765072938.8760507,1.0
1765072938.8936005,1.0
1765072938.9112089,1.0
1765072938.9288156,1.0
1765072938.946424,1.0
1765072938.96419,1.0
1765072938.9817538,1.0
1765072938.99939,1.0
1765072939.0169773,1.0
1765072939.0345452,1.0
1765072939.0521464,1.0
1765072939.0697975,1.0
1765072939.0873618,1.0
1765072939.1050045,1.0
1765072939.1225777,1.0
1765072939.1401882,1.0
1765072939.1578221,1.0
1765072939.1753802,1.0
1765072939.1929693,1.0
1765072939.2109094,1.0
1765072939.2284856,1.0
1765072939.2460446,1.0
1765072939.263652,1.0
1765072939.281259,1.0
1765072939.2997484,1.0
1765072939.3173752,1.0
1765072939.3349938,1.0
1765072939.3525715,1.0
1765072939.3701758,1.0
1765072939.3877223,1.0
1765072939.40532,1.0
1765072939.42287,1.0
1765072939.4404452,1.0
1765072939.4580693,1.0
1765072939.475638,1.0
1765072939.49319,1.0
1765072939.510897,1.0
1765072939.5285022,1.0
1765072939.5460615,1.0
1765072939.563652,1.0
1765072939.581253,1.0
1765072939.5988233,1.0
1765072939.6163576,1.0
1765072939.633965,1.0
1765072939.6518269,1.0
1765072939.6693425,1.0
1765072939.6872115,1.0
1765072939.7047591,1.0
1765072939.722428,1.0
1765072939.7399414,1.0
1765072939.7575586,1.0
1765072939.775156,1.0
1765072939.7927296,1.0
1765072939.810299,1.0
1765072939.8278933,1.0
1765072939.8455367,1.0
1765072939.8632686,1.0
1765072939.880878,1.0
1765072939.8984344,1.0
1765072939.9159892,1.0
1765072939.9335527,1.0
1765072939.9511049,1.0
1765072939.9687665,1.0
1765072939.98637,1.0
1765072940.0039415,1.0
1765072940.021499,1.0
1765072940.0390866,1.0
1765072940.0566382,1.0
1765072940.0741854,1.0
1765072940.0920038,1.0
1765072940.1096797,1.0
1765072940.1272478,1.0
1765072940.1449249,1.0
1765072940.162491,1.0
1765072940.18009,1.0
1765072940.1976774,1.0
1765072940.2152977,1.0
1765072940.2329495,1.0
1765072940.2505214,1.0
1765072940.2681582,1.0
1765072940.2857275,1.0
1765072940.3049061,1.0
1765072940.3224268,1.0
1765072940.3399775,1.0
1765072940.3576593,1.0
1765072940.3753564,1.0
1765072940.3929434,1.0
1765072940.4105296,1.0
1765072940.4280586,1.0
1765072940.4457135,1.0
1765072940.4632585,1.0
1765072940.480861,1.0
1765072940.4984162,1.0
1765072940.5159664,1.0
1765072940.533576,1.0
1765072940.5511508,1.0
1765072940.5687234,1.0
1765072940.58639,1.0
1765072940.6040452,1.0
1765072940.6216128,1.0
1765072940.639214,1.0
1765072940.656883,1.0
1765072940.6744232,1.0
1765072940.6921961,1.0
1765072940.7099123,1.0
1765072940.7275977,1.0
1765072940.7451446,1.0
1765072940.7627532,1.0
1765072940.7803185,1.0
1765072940.7978697,1.0
1765072940.815442,1.0
1765072940.8329864,1.0
1765072940.8505495,1.0
1765072940.868174,1.0
1765072940.8858187,1.0
1765072940.9036834,1.0
1765072940.9212794,1.0
1765072940.9388423,1.0
1765072940.9564705,1.0
1765072940.974009,1.0
1765072940.991685,1.0
1765072941.0092905,1.0
1765072941.026911,1.0
1765072941.0444837,1.0
1765072941.0620914,1.0
1765072941.0796802,1.0
1765072941.0972414,1.0
1765072941.1148791,1.0
1765072941.1324878,1.0
1765072941.1500342,1.0
1765072941.1676128,1.0
1765072941.185214,1.0
1765072941.202842,1.0
1765072941.220421,1.0
1765072941.2380457,1.0
1765072941.2556689,1.0
1765072941.2732885,1.0
1765072941.2909238,1.0
1765072941.3099067,1.0
1765072941.3274446,1.0
1765072941.345037,1.0
1765072941.3628128,1.0
1765072941.3803778,1.0
1765072941.3980386,1.0
1765072941.4156027,1.0
1765072941.4331727,1.0
1765072941.450838,1.0
1765072941.4683928,1.0
1765072941.4860153,1.0
1765072941.503703,1.0
1765072941.5213714,1.0
1765072941.5389762,1.0
1765072941.5565996,1.0
1765072941.5741596,1.0
1765072941.5918274,1.0
1765072941.6094146,1.0
1765072941.6270444,1.0
1765072941.6446717,1.0
1765072941.6624315,1.0
1765072941.680092,1.0
1765072941.697817,1.0
1765072941.7156012,1.0
1765072941.7333343,1.0
1765072941.7508872,1.0
1765072941.7684724,1.0
1765072941.7860866,1.0
1765072941.8037913,1.0
1765072941.8213735,1.0
1765072941.8389692,1.0
1765072941.8567345,1.0
1765072941.8742967,1.0
1765072941.8918917,1.0
1765072941.9094787,1.0
1765072941.9270422,1.0
1765072941.944716,1.0
1765072941.962294,1.0
1765072941.9799483,1.0
1765072941.9975123,1.0
1765072942.0151608,1.0
1765072942.0327437,1.0
1765072942.050324,1.0
1765072942.0680597,1.0
1765072942.0856986,1.0
1765072942.1033032,1.0
1765072942.1208892,1.0
1765072942.1384668,1.0
1765072942.156137,1.0
1765072942.1737761,1.0
1765072942.1913192,1.0
1765072942.2089024,1.0
1765072942.2264702,1.0
1765072942.2440214,1.0
1765072942.261684,1.0
1765072942.2792385,1.0
1765072942.2968435,1.0
1765072942.3154998,1.0
1765072942.3330917,1.0
1765072942.3506749,1.0
1765072942.3681958,1.0
1765072942.385711,1.0
1765072942.4033961,1.0
1765072942.420924,1.0
1765072942.4385743,1.0
1765072942.4561272,1.0
1765072942.4737997,1.0
1765072942.4913642,1.0
1765072942.5089512,1.0
1765072942.526787,1.0
1765072942.5443017,1.0
1765072942.5618446,1.0
1765072942.579435,1.0
1765072942.5969448,1.0
1765072942.614661,1.0
1765072942.6321998,1.0
1765072942.6500587,1.0
1765072942.6675394,1.0
1765072942.6851099,1.0
1765072942.7026203,1.0
1765072942.7202747,1.0
1765072942.7378325,1.0
1765072942.7557566,1.0
1765072942.7732937,1.0
1765072942.7910159,1.0
1765072942.8085732,1.0
1765072942.8260884,1.0
1765072942.843626,1.0
1765072942.8611262,1.0
1765072942.878737,1.0
1765072942.8964095,1.0
1765072942.9139714,1.0
1765072942.9315226,1.0
1765072942.949015,1.0
1765072942.9665725,1.0
1765072942.9841192,1.0
1765072943.001757,1.0
1765072943.0194235,1.0
1765072943.0370083,1.0
1765072943.0545876,1.0
1765072943.072123,1.0
1765072943.0896926,1.0
1765072943.1071823,1.0
1765072943.124699,1.0
1765072943.1424065,1.0
1765072943.160036,1.0
1765072943.1775422,1.0
1765072943.1951709,1.0
1765072943.2127445,1.0
1765072943.2303076,1.0
1765072943.2478354,1.0
1765072943.2683434,1.0
1765072943.285945,1.0
1765072943.3044589,1.0
1765072943.3220766,1.0
1765072943.33966,1.0
1765072943.3572493,1.0
1765072943.3747904,1.0
1765072943.3924644,1.0
1765072943.410093,1.0
1765072943.4277155,1.0
1765072943.4452577,1.0
1765072943.4627843,1.0
1765072943.4804575,1.0
1765072943.4980743,1.0
1765072943.5156424,1.0
1765072943.5332925,1.0
1765072943.550826,1.0
1765072943.5685008,1.0
1765072943.586039,1.0
1765072943.6035647,1.0
1765072943.6211796,1.0
1765072943.6387208,1.0
1765072943.6568122,1.0
1765072943.674391,1.0
1765072943.6921926,1.0
1765072943.709882,1.0
1765072943.7276423,1.0
1765072943.7453058,1.0
1765072943.7629528,1.0
1765072943.7807257,1.0
1765072943.7984252,1.0
1765072943.8161316,1.0
1765072943.8337946,1.0
1765072943.8514426,1.0
1765072943.8691678,1.0
1765072943.8869355,1.0
1765072943.9046504,1.0
1765072943.922347,1.0
1765072943.9400036,1.0
1765072943.9576578,1.0
1765072943.9753866,1.0
1765072943.9930434,1.0
1765072944.010765,1.0
1765072944.0284321,1.0
1765072944.0461135,1.0
1765072944.0637975,1.0
1765072944.0814712,1.0
1765072944.0991995,1.0
1765072944.1168702,1.0
1765072944.1345532,1.0
1765072944.1522734,1.0
1765072944.1699667,1.0
1765072944.1876326,1.0
1765072944.205297,1.0
1765072944.222945,1.0
1765072944.240924,1.0
1765072944.2585516,1.0
1765072944.2763286,1.0
1765072944.2940354,1.0
1765072944.3131428,1.0
1765072944.3308778,1.0
1765072944.3487442,1.0
1765072944.3664637,1.0
1765072944.3841958,1.0
1765072944.401937,1.0
1765072944.419562,1.0
1765072944.4372933,1.0
1765072944.454962,1.0
1765072944.4726489,1.0
1765072944.4905028,1.0
1765072944.5081048,1.0
1765072944.5258157,1.0
1765072944.5435703,1.0
1765072944.5612564,1.0
1765072944.5789473,1.0
1765072944.5966873,1.0
1765072944.6143856,1.0
1765072944.6320617,1.0
1765072944.6499214,1.0
1765072944.6676748,1.0
1765072944.6855478,1.0
1765072944.7032166,1.0
1765072944.72101,1.0
1765072944.7386718,1.0
1765072944.7563844,1.0
1765072944.774092,1.0
1765072944.7919266,1.0
1765072944.8096564,1.0
1765072944.827384,1.0
1765072944.845068,1.0
1765072944.8627803,1.0
1765072944.8804736,1.0
1765072944.8983154,1.0
1765072944.915995,1.0
1765072944.9336932,1.0
1765072944.951497,1.0
1765072944.9690669,1.0
1765072944.9867766,1.0
1765072945.0044916,1.0
1765072945.0221653,1.0
1765072945.0398245,1.0
1765072945.0576165,1.0
1765072945.0753076,1.0
1765072945.0929897,1.0
1765072945.1107798,1.0
1765072945.1285737,1.0
1765072945.1462314,1.0
1765072945.1639483,1.0
1765072945.1816156,1.0
1765072945.1994145,1.0
1765072945.2170706,1.0
1765072945.234759,1.0
1765072945.2524817,1.0
1765072945.2701602,1.0
1765072945.287836,1.0
1765072945.3071702,1.0
1765072945.324888,1.0
1765072945.3426125,1.0
1765072945.3603296,1.0
1765072945.378047,1.0
1765072945.3958597,1.0
1765072945.413614,1.0
1765072945.4314785,1.0
1765072945.449199,1.0
1765072945.4669406,1.0
1765072945.4846354,1.0
1765072945.502381,1.0
1765072945.5201073,1.0
1765072945.537807,1.0
1765072945.555638,1.0
1765072945.573316,1.0
1765072945.5910163,1.0
1765072945.6087568,1.0
1765072945.6264935,1.0
1765072945.6443472,1.0
1765072945.6621225,1.0
1765072945.6798294,1.0
1765072945.6977236,1.0
1765072945.7154465,1.0
1765072945.7333825,1.0
1765072945.7511065,1.0
1765072945.7688794,1.0
1765072945.7865977,1.0
1765072945.8042917,1.0
1765072945.8220048,1.0
1765072945.8398147,1.0
1765072945.8575351,1.0
1765072945.8752236,1.0
1765072945.892944,1.0
1765072945.9107058,1.0
1765072945.928406,1.0
1765072945.9461062,1.0
1765072945.963811,1.0
1765072945.9815626,1.0
1765072945.9992695,1.0
1765072946.0169618,1.0
1765072946.0346346,1.0
1765072946.0522964,1.0
1765072946.0700316,1.0
1765072946.087686,1.0
1765072946.1053529,1.0
1765072946.1230085,1.0
1765072946.140728,1.0
1765072946.1584122,1.0
1765072946.1761413,1.0
1765072946.1938179,1.0
1765072946.2115178,1.0
1765072946.229195,1.0
1765072946.2469032,1.0
1765072946.2647521,1.0
1765072946.2824545,1.0
1765072946.3015091,1.0
1765072946.3192313,1.0
1765072946.33693,1.0
1765072946.354617,1.0
1765072946.372434,1.0
1765072946.390112,1.0
1765072946.4077938,1.0
1765072946.4255962,1.0
1765072946.4432778,1.0
1765072946.4609404,1.0
1765072946.478639,1.0
1765072946.496353,1.0
1765072946.514018,1.0
1765072946.531687,1.0
1765072946.5493574,1.0
1765072946.5671415,1.0
1765072946.5848866,1.0
1765072946.602603,1.0
1765072946.6203,1.0
1765072946.6379528,1.0
1765072946.65586,1.0
1765072946.6736977,1.0
1765072946.6914303,1.0
1765072946.7091162,1.0
1765072946.7268705,1.0
1765072946.7445326,1.0
1765072946.7621217,1.0
1765072946.7799048,1.0
1765072946.7976148,1.0
1765072946.8153422,1.0
1765072946.833005,1.0
1765072946.851212,1.0
1765072946.8688788,1.0
1765072946.8866122,1.0
1765072946.9042716,1.0
1765072946.9219232,1.0
1765072946.9396882,1.0
1765072946.9573312,1.0
1765072946.9750285,1.0
1765072946.9927523,1.0
1765072947.0103998,1.0
1765072947.0281656,1.0
1765072947.0459077,1.0
1765072947.0636,1.0
1765072947.0814042,1.0
1765072947.0990775,1.0
1765072947.116796,1.0
1765072947.1344805,1.0
1765072947.1521893,1.0
1765072947.1698625,1.0
1765072947.1875749,1.0
1765072947.2052906,1.0
1765072947.2229319,1.0
1765072947.2406874,1.0
1765072947.2583644,1.0
1765072947.276098,1.0
1765072947.2937665,1.0
1765072947.312896,1.0
1765072947.3306031,1.0
1765072947.3482854,1.0
1765072947.366034,1.0
1765072947.383817,1.0
1765072947.4014804,1.0
1765072947.419176,1.0
1765072947.4368513,1.0
1765072947.454502,1.0
1765072947.4721916,1.0
1765072947.4899707,1.0
1765072947.5076118,1.0
1765072947.525345,1.0
1765072947.5430012,1.0
1765072947.5608032,1.0
1765072947.5784764,1.0
1765072947.596203,1.0
1765072947.613985,1.0
1765072947.6316535,1.0
1765072947.6494224,1.0
1765072947.666965,1.0
1765072947.6847346,1.0
1765072947.7023435,1.0
1765072947.7201889,1.0
1765072947.7378042,1.0
1765072947.7554698,1.0
1765072947.7731373,1.0
1765072947.7908282,1.0
1765072947.808536,1.0
1765072947.8260877,1.0
1765072947.8437462,1.0
1765072947.8614466,1.0
1765072947.8793066,1.0
1765072947.8969789,1.0
1765072947.9146364,1.0
1765072947.932472,1.0
1765072947.9501557,1.0
1765072947.9678671,1.0
1765072947.9855692,1.0
1765072948.003241,1.0
1765072948.0209348,1.0
1765072948.0386279,1.0
1765072948.0563076,1.0
1765072948.0739787,1.0
1765072948.0916789,1.0
1765072948.1093066,1.0
1765072948.1271284,1.0
1765072948.1448207,1.0
1765072948.1625628,1.0
1765072948.1803951,1.0
1765072948.1980522,1.0
1765072948.2157724,1.0
1765072948.2334356,1.0
1765072948.2511175,1.0
1765072948.2687984,1.0
1765072948.286502,1.0
1765072948.3056815,1.0
1765072948.3233604,1.0
1765072948.3410811,1.0
1765072948.3587477,1.0
1765072948.3764038,1.0
1765072948.3940437,1.0
1765072948.4117537,1.0
1765072948.4294267,1.0
1765072948.4472244,1.0
1765072948.4648905,1.0
1765072948.4826047,1.0
1765072948.5004528,1.0
1765072948.5182207,1.0
1765072948.5358746,1.0
1765072948.5535703,1.0
1765072948.5712867,1.0
1765072948.58895,1.0
1765072948.606639,1.0
1765072948.6243486,1.0
1765072948.6420286,1.0
1765072948.659864,1.0
1765072948.6775439,1.0
1765072948.6954381,1.0
1765072948.713095,1.0
1765072948.7308147,1.0
1765072948.7484674,1.0
1765072948.7661147,1.0
1765072948.7838311,1.0
1765072948.8014917,1.0
1765072948.8191447,1.0
1765072948.8368917,1.0
1765072948.8544064,1.0
1765072948.8721101,1.0
1765072948.8900795,1.0
1765072948.9077716,1.0
1765072948.9254303,1.0
1765072948.943076,1.0
1765072948.9607823,1.0
1765072948.9784663,1.0
1765072948.996128,1.0
1765072949.0138798,1.0
1765072949.0315537,1.0
1765072949.049124,1.0
1765072949.066823,1.0
1765072949.0845318,1.0
1765072949.1022005,1.0
1765072949.1198537,1.0
1765072949.1375568,1.0
1765072949.15522,1.0
1765072949.1728544,1.0
1765072949.1905196,1.0
1765072949.208181,1.0
1765072949.2256916,1.0
1765072949.2432342,1.0
1765072949.2608025,1.0
1765072949.2784345,1.0
1765072949.2959447,1.0
1765072949.3144712,1.0
1765072949.3319967,1.0
1765072949.3495152,1.0
1765072949.3670988,1.0
1765072949.3846152,1.0
1765072949.4023318,1.0
1765072949.4198966,1.0
1765072949.4374993,1.0
1765072949.455027,1.0
1765072949.472568,1.0
1765072949.4902894,1.0
1765072949.507798,1.0
1765072949.52536,1.0
1765072949.5429163,1.0
1765072949.560533,1.0
1765072949.578138,1.0
1765072949.5957158,1.0
1765072949.6132348,1.0
1765072949.630798,1.0
1765072949.6484334,1.0
1765072949.6659966,1.0
1765072949.6836405,1.0
1765072949.701177,1.0
1765072949.718872,1.0
1765072949.7365196,1.0
1765072949.754037,1.0
1765072949.7715633,1.0
1765072949.7891479,1.0
1765072949.8066936,1.0
1765072949.8242047,1.0
1765072949.8417146,1.0
1765072949.8592825,1.0
1765072949.8767934,1.0
1765072949.8943682,1.0
1765072949.9119608,1.0
1765072949.9297173,1.0
1765072949.9472182,1.0
1765072949.964749,1.0
1765072949.9822993,1.0
1765072949.9998016,1.0
1765072950.0173569,1.0
1765072950.0348928,1.0
1765072950.0524044,1.0
1765072950.0699172,1.0
1765072950.0874548,1.0
1765072950.1049814,1.0
1765072950.1225994,1.0
1765072950.140122,1.0
1765072950.1576297,1.0
1765072950.1752558,1.0
1765072950.1927931,1.0
1765072950.2103176,1.0
1765072950.22785,1.0
1765072950.2453985,1.0
1765072950.262885,1.0
1765072950.280421,1.0
1765072950.2989182,1.0
1765072950.3252313,1.0
1765072950.34276,1.0
1765072950.3603234,1.0
1765072950.3778775,1.0
1765072950.3954985,1.0
1765072950.4130716,1.0
1765072950.4306877,1.0
1765072950.4482875,1.0
1765072950.4658453,1.0
1765072950.4835548,1.0
1765072950.5011842,1.0
1765072950.5188444,1.0
1765072950.5364163,1.0
1765072950.5540166,1.0
1765072950.5716012,1.0
1765072950.5971382,1.0
1765072950.6147158,1.0
1765072950.6322858,1.0
1765072950.6501338,1.0
1765072950.6678429,1.0
1765072950.6854548,1.0
1765072950.7030275,1.0
1765072950.7207317,1.0
1765072950.73824,1.0
1765072950.7558713,1.0
1765072950.773448,1.0
1765072950.7910714,1.0
1765072950.8090901,1.0
1765072950.8282008,1.0
1765072950.8457797,1.0
1765072950.8634496,1.0
1765072950.8810294,1.0
1765072950.8985913,1.0
1765072950.9181187,1.0
1765072950.9358406,1.0
1765072950.9533877,1.0
1765072950.9711301,1.0
1765072950.9887478,1.0
1765072951.0064287,1.0
1765072951.0239654,1.0
1765072951.0415692,1.0
1765072951.0591543,1.0
1765072951.0768025,1.0
1765072951.0943666,1.0
1765072951.1119196,1.0
1765072951.129503,1.0
1765072951.1471171,1.0
1765072951.164691,1.0
1765072951.1822417,1.0
1765072951.1998854,1.0
1765072951.2174792,1.0
1765072951.2350674,1.0
1765072951.252645,1.0
1765072951.2702053,1.0
1765072951.2877426,1.0
1765072951.3061326,1.0
1765072951.3240385,1.0
1765072951.3417065,1.0
1765072951.359273,1.0
1765072951.3768213,1.0
1765072951.3944976,1.0
1765072951.4120455,1.0
1765072951.4297106,1.0
1765072951.4472888,1.0
1765072951.4648879,1.0
1765072951.4824684,1.0
1765072951.5001965,1.0
1765072951.5178237,1.0
1765072951.5354195,1.0
1765072951.5529761,1.0
1765072951.570563,1.0
1765072951.588164,1.0
1765072951.6057272,1.0
1765072951.6234217,1.0
1765072951.6409655,1.0
1765072951.6589885,1.0
1765072951.6765451,1.0
1765072951.6942954,1.0
1765072951.7118425,1.0
1765072951.7295513,1.0
1765072951.7470975,1.0
1765072951.7646296,1.0
1765072951.7822173,1.0
1765072951.7998219,1.0
1765072951.8174603,1.0
1765072951.835022,1.0
1765072951.8525934,1.0
1765072951.8701527,1.0
1765072951.8877919,1.0
1765072951.9053605,1.0
1765072951.922928,1.0
1765072951.9404755,1.0
1765072951.9580896,1.0
1765072951.9756672,1.0
1765072951.9932332,1.0
1765072952.0108376,1.0
1765072952.0285304,1.0
1765072952.04609,1.0
1765072952.0637548,1.0
1765072952.0813076,1.0
1765072952.0988734,1.0
1765072952.1165566,1.0
1765072952.1342175,1.0
1765072952.151873,1.0
1765072952.1694274,1.0
1765072952.1869907,1.0
1765072952.2045689,1.0
1765072952.2220857,1.0
1765072952.239732,1.0
1765072952.257305,1.0
1765072952.2748995,1.0
1765072952.2924776,1.0
1765072952.3110952,1.0
1765072952.328703,1.0
1765072952.3463764,1.0
1765072952.3639333,1.0
1765072952.3816056,1.0
1765072952.399152,1.0
1765072952.416808,1.0
1765072952.4343634,1.0
1765072952.4519827,1.0
1765072952.4695606,1.0
1765072952.4871156,1.0
1765072952.5048625,1.0
1765072952.5224464,1.0
1765072952.540058,1.0
1765072952.557677,1.0
1765072952.575225,1.0
1765072952.592794,1.0
1765072952.6104894,1.0
1765072952.6282945,1.0
1765072952.6459765,1.0
1765072952.6635907,1.0
1765072952.6811328,1.0
1765072952.6988282,1.0
1765072952.7163723,1.0
1765072952.7341056,1.0
1765072952.7516804,1.0
1765072952.7693493,1.0
1765072952.7869208,1.0
1765072952.804502,1.0
1765072952.8220913,1.0
1765072952.8397396,1.0
1765072952.8573387,1.0
1765072952.8749185,1.0
1765072952.8925228,1.0
1765072952.9101439,1.0
1765072952.9277015,1.0
1765072952.9452558,1.0
1765072952.9628427,1.0
1765072952.980891,1.0
1765072952.998439,1.0
1765072953.0160067,1.0
1765072953.0335655,1.0
1765072953.0511823,1.0
1765072953.068757,1.0
1765072953.0863867,1.0
1765072953.10407,1.0
1765072953.121741,1.0
1765072953.1393225,1.0
1765072953.1569214,1.0
1765072953.1745105,1.0
1765072953.1920729,1.0
1765072953.2097793,1.0
1765072953.22738,1.0
1765072953.245123,1.0
1765072953.2626815,1.0
1765072953.280416,1.0
1765072953.2984993,1.0
1765072953.3167136,1.0
1765072953.3343215,1.0
1765072953.3518696,1.0
1765072953.3694792,1.0
1765072953.3870218,1.0
1765072953.404686,1.0
1765072953.4223502,1.0
1765072953.4399593,1.0
1765072953.4574997,1.0
1765072953.475051,1.0
1765072953.4927583,1.0
1765072953.5102963,1.0
1765072953.5278986,1.0
1765072953.5454762,1.0
1765072953.5630355,1.0
1765072953.5806692,1.0
1765072953.5982802,1.0
1765072953.6159189,1.0
1765072953.633597,1.0
1765072953.6513536,1.0
1765072953.6689794,1.0
1765072953.686606,1.0
1765072953.70417,1.0
1765072953.7218275,1.0
1765072953.7393565,1.0
1765072953.75695,1.0
1765072953.7745142,1.0
1765072953.7921026,1.0
1765072953.8097062,1.0
1765072953.8272986,1.0
1765072953.8448942,1.0
1765072953.8624952,1.0
1765072953.8800843,1.0
1765072953.8977344,1.0
1765072953.915304,1.0
1765072953.9329877,1.0
1765072953.950565,1.0
1765072953.9681253,1.0
1765072953.9857097,1.0
1765072954.0033207,1.0
1765072954.0210364,1.0
1765072954.0385957,1.0
1765072954.0562727,1.0
1765072954.0738363,1.0
1765072954.091409,1.0
1765072954.109019,1.0
1765072954.1266909,1.0
1765072954.1442568,1.0
1765072954.161881,1.0
1765072954.1795123,1.0
1765072954.1970634,1.0
1765072954.214606,1.0
1765072954.2321763,1.0
1765072954.2497783,1.0
1765072954.267326,1.0
1765072954.2849686,1.0
1765072954.3039849,1.0
1765072954.3215537,1.0
1765072954.3391194,1.0
1765072954.3566976,1.0
1765072954.3743036,1.0
1765072954.391913,1.0
1765072954.4095073,1.0
1765072954.427146,1.0
1765072954.4447181,1.0
1765072954.4623427,1.0
1765072954.4798958,1.0
1765072954.4976041,1.0
1765072954.5151367,1.0
1765072954.5327823,1.0
1765072954.550477,1.0
1765072954.5680454,1.0
1765072954.5857215,1.0
1765072954.6033359,1.0
1765072954.6208727,1.0
1765072954.6384246,1.0
1765072954.6562355,1.0
1765072954.6738784,1.0
1765072954.6915994,1.0
1765072954.709142,1.0
1765072954.7268155,1.0
1765072954.7443838,1.0
1765072954.7620032,1.0
1765072954.7796457,1.0
1765072954.7972393,1.0
1765072954.8148777,1.0
1765072954.8324435,1.0
1765072954.8501015,1.0
1765072954.867754,1.0
1765072954.8853197,1.0
1765072954.9028409,1.0
1765072954.920517,1.0
1765072954.9380853,1.0
1765072954.9557343,1.0
1765072954.9733438,1.0
1765072954.990903,1.0
1765072955.008438,1.0
1765072955.0259867,1.0
1765072955.0439289,1.0
1765072955.0615082,1.0
1765072955.0790896,1.0
1765072955.0966654,1.0
1765072955.114226,1.0
1765072955.131864,1.0
1765072955.1495178,1.0
1765072955.1671135,1.0
1765072955.1847477,1.0
1765072955.2023342,1.0
1765072955.2199585,1.0
1765072955.2375274,1.0
1765072955.2550766,1.0
1765072955.2727222,1.0
1765072955.2903008,1.0
1765072955.3092966,1.0
1765072955.3268845,1.0
1765072955.3444881,1.0
1765072955.3634417,1.0
1765072955.3810616,1.0
1765072955.3988929,1.0
1765072955.4165118,1.0
1765072955.4342253,1.0
1765072955.4518135,1.0
1765072955.4694073,1.0
1765072955.4870374,1.0
1765072955.5047185,1.0
1765072955.5223396,1.0
1765072955.5399199,1.0
1765072955.5575452,1.0
1765072955.5751622,1.0
1765072955.592779,1.0
1765072955.6103683,1.0
1765072955.6279874,1.0
1765072955.6458988,1.0
1765072955.6635864,1.0
1765072955.6811988,1.0
1765072955.698853,1.0
1765072955.7165775,1.0
1765072955.7342725,1.0
1765072955.7518618,1.0
1765072955.7695339,1.0
1765072955.7871122,1.0
1765072955.8047013,1.0
1765072955.8223612,1.0
1765072955.840009,1.0
1765072955.8576264,1.0
1765072955.8752477,1.0
1765072955.8928835,1.0
1765072955.9105644,1.0
1765072955.928159,1.0
1765072955.9457474,1.0
1765072955.963353,1.0
1765072955.980959,1.0
1765072955.9984837,1.0
1765072956.0160742,1.0
1765072956.0337076,1.0
1765072956.0513232,1.0
1765072956.0689135,1.0
1765072956.0866914,1.0
1765072956.1043088,1.0
1765072956.1219106,1.0
1765072956.1395297,1.0
1765072956.157157,1.0
1765072956.1748252,1.0
1765072956.192455,1.0
1765072956.2100646,1.0
1765072956.2277708,1.0
1765072956.2455227,1.0
1765072956.2631586,1.0
1765072956.2807572,1.0
1765072956.2994084,1.0
1765072956.3171349,1.0
1765072956.3347373,1.0
1765072956.3523881,1.0
1765072956.3701427,1.0
1765072956.387761,1.0
1765072956.405378,1.0
1765072956.4229894,1.0
1765072956.4405985,1.0
1765072956.4582224,1.0
1765072956.4758255,1.0
1765072956.4934847,1.0
1765072956.5111892,1.0
1765072956.5288248,1.0
1765072956.5464437,1.0
1765072956.5640988,1.0
1765072956.5817184,1.0
1765072956.5993986,1.0
1765072956.616987,1.0
1765072956.6345856,1.0
1765072956.652388,1.0
1765072956.6699958,1.0
1765072956.687735,1.0
1765072956.7053015,1.0
1765072956.723032,1.0
1765072956.7406166,1.0
1765072956.758256,1.0
1765072956.775865,1.0
1765072956.7934685,1.0
1765072956.8110855,1.0
1765072956.8287017,1.0
1765072956.8463116,1.0
1765072956.8639164,1.0
1765072956.881548,1.0
1765072956.899323,1.0
1765072956.9169285,1.0
1765072956.9345853,1.0
1765072956.9522128,1.0
1765072956.9698055,1.0
1765072956.9874158,1.0
1765072957.0050983,1.0
1765072957.0227504,1.0
1765072957.0403705,1.0
1765072957.057986,1.0
1765072957.0760574,1.0
1765072957.0936944,1.0
1765072957.1113575,1.0
1765072957.1289327,1.0
1765072957.146674,1.0
1765072957.1642945,1.0
1765072957.18194,1.0
1765072957.1995988,1.0
1765072957.2172322,1.0
1765072957.2348464,1.0
1765072957.25247,1.0
1765072957.2700493,1.0
1765072957.2876549,1.0
1765072957.3068016,1.0
1765072957.324334,1.0
1765072957.3419142,1.0
1765072957.3596122,1.0
1765072957.3771753,1.0
1765072957.3949044,1.0
1765072957.4125388,1.0
1765072957.430148,1.0
1765072957.447767,1.0
1765072957.4653678,1.0
1765072957.482961,1.0
1765072957.50069,1.0
1765072957.5182984,1.0
1765072957.535889,1.0
1765072957.5535033,1.0
1765072957.5712073,1.0
1765072957.588895,1.0
1765072957.6065583,1.0
1765072957.6242533,1.0
1765072957.6419704,1.0
1765072957.6599562,1.0
1765072957.677633,1.0
1765072957.6954868,1.0
1765072957.713025,1.0
1765072957.7308247,1.0
1765072957.7485912,1.0
1765072957.7662446,1.0
1765072957.783918,1.0
1765072957.801628,1.0
1765072957.819288,1.0
1765072957.8369734,1.0
1765072957.8546772,1.0
1765072957.8723667,1.0
1765072957.8899915,1.0
1765072957.9077375,1.0
1765072957.9253983,1.0
1765072957.9431217,1.0
1765072957.960783,1.0
1765072957.9784348,1.0
1765072957.9961324,1.0
1765072958.0138266,1.0
1765072958.0315275,1.0
1765072958.0492084,1.0
1765072958.0668695,1.0
1765072958.0845873,1.0
1765072958.1022253,1.0
1765072958.119877,1.0
1765072958.1375203,1.0
1765072958.1551993,1.0
1765072958.1728575,1.0
1765072958.1906216,1.0
1765072958.2082927,1.0
1765072958.225941,1.0
1765072958.2436075,1.0
1765072958.261377,1.0
1765072958.279025,1.0
1765072958.2975855,1.0
1765072958.315753,1.0
1765072958.3334062,1.0
1765072958.3510387,1.0
1765072958.3687167,1.0
1765072958.386392,1.0
1765072958.4041033,1.0
1765072958.4217763,1.0
1765072958.4394994,1.0
1765072958.457182,1.0
1765072958.4748142,1.0
1765072958.4925196,1.0
1765072958.5102024,1.0
1765072958.5279276,1.0
1765072958.5455928,1.0
1765072958.5633125,1.0
1765072958.5809627,1.0
1765072958.5986362,1.0
1765072958.6163857,1.0
1765072958.6340353,1.0
1765072958.6519334,1.0
1765072958.6695783,1.0
1765072958.6874833,1.0
1765072958.7051494,1.0
1765072958.7229462,1.0
1765072958.740549,1.0
1765072958.7582564,1.0
1765072958.775906,1.0
1765072958.7935755,1.0
1765072958.8112469,1.0
1765072958.828866,1.0
1765072958.846519,1.0
1765072958.8640318,1.0
1765072958.8816407,1.0
1765072958.899282,1.0
1765072958.9168766,1.0
1765072958.9344292,1.0
1765072958.9519737,1.0
1765072958.9695861,1.0
1765072958.9871235,1.0
1765072959.0047145,1.0
1765072959.0223298,1.0
1765072959.0398614,1.0
1765072959.0573702,1.0
1765072959.0749645,1.0
1765072959.092567,1.0
1765072959.1101358,1.0
1765072959.1278048,1.0
1765072959.1453905,1.0
1765072959.1629922,1.0
1765072959.1805625,1.0
1765072959.1983185,1.0
1765072959.2158997,1.0
1765072959.2335265,1.0
1765072959.251104,1.0
1765072959.2686865,1.0
1765072959.2862191,1.0
1765072959.3051546,1.0
1765072959.322794,1.0
1765072959.340332,1.0
1765072959.3578668,1.0
1765072959.3754146,1.0
1765072959.3929207,1.0
1765072959.4104455,1.0
1765072959.4279675,1.0
1765072959.445492,1.0
1765072959.4630566,1.0
1765072959.480669,1.0
1765072959.498214,1.0
1765072959.515724,1.0
1765072959.5332766,1.0
1765072959.550828,1.0
1765072959.5684254,1.0
1765072959.5859451,1.0
1765072959.6035867,1.0
1765072959.6211042,1.0
1765072959.6386309,1.0
1765072959.6565328,1.0
1765072959.6741264,1.0
1765072959.691837,1.0
1765072959.7093875,1.0
1765072959.7269912,1.0
1765072959.7445817,1.0
1765072959.7620819,1.0
1765072959.7796133,1.0
1765072959.7971687,1.0
1765072959.8147063,1.0
1765072959.832277,1.0
1765072959.8498404,1.0
1765072959.8673835,1.0
1765072959.8849494,1.0
1765072959.902572,1.0
1765072959.9200926,1.0
1765072959.937601,1.0
1765072959.9552512,1.0
1765072959.972792,1.0
1765072959.9903274,1.0
1765072960.0079792,1.0
1765072960.0256023,1.0
1765072960.0431232,1.0
1765072960.0607421,1.0
1765072960.0783536,1.0
1765072960.09596,1.0
1765072960.113569,1.0
1765072960.1310835,1.0
1765072960.1486442,1.0
1765072960.1661563,1.0
1765072960.1837175,1.0
1765072960.2012916,1.0
1765072960.218884,1.0
1765072960.236484,1.0
1765072960.2540078,1.0
1765072960.271606,1.0
1765072960.2891567,1.0
1765072960.3082972,1.0
1765072960.3257806,1.0
1765072960.3434265,1.0
1765072960.3610067,1.0
1765072960.3785293,1.0
1765072960.3960536,1.0
1765072960.4136682,1.0
1765072960.4312143,1.0
1765072960.4488242,1.0
1765072960.4664965,1.0
1765072960.4840157,1.0
1765072960.5016546,1.0
1765072960.51922,1.0
1765072960.536761,1.0
1765072960.5543168,1.0
1765072960.5718908,1.0
1765072960.5894568,1.0
1765072960.6069634,1.0
1765072960.6244624,1.0
1765072960.6420252,1.0
1765072960.6597767,1.0
1765072960.677294,1.0
1765072960.6950066,1.0
1765072960.7125726,1.0
1765072960.7301686,1.0
1765072960.7477007,1.0
1765072960.7652206,1.0
1765072960.7828112,1.0
1765072960.800343,1.0
1765072960.8179398,1.0
1765072960.8355439,1.0
1765072960.8530931,1.0
1765072960.870601,1.0
1765072960.888102,1.0
1765072960.9056342,1.0
1765072960.9232082,1.0
1765072960.940719,1.0
1765072960.9582732,1.0
1765072960.9758193,1.0
1765072960.993388,1.0
1765072961.0109158,1.0
1765072961.0285356,1.0
1765072961.0461462,1.0
1765072961.0636988,1.0
1765072961.0812397,1.0
1765072961.0988185,1.0
1765072961.1164668,1.0
1765072961.1341345,1.0
1765072961.1516535,1.0
1765072961.169232,1.0
1765072961.1870933,1.0
1765072961.2046847,1.0
1765072961.222328,1.0
1765072961.2398388,1.0
1765072961.2573776,1.0
1765072961.274981,1.0
1765072961.2925398,1.0
1765072961.311116,1.0
1765072961.328659,1.0
1765072961.3461647,1.0
1765072961.3637083,1.0
1765072961.3812675,1.0
1765072961.3988445,1.0
1765072961.4163697,1.0
1765072961.4338741,1.0
1765072961.4514184,1.0
1765072961.468974,1.0
1765072961.4866216,1.0
1765072961.5042982,1.0
1765072961.5218773,1.0
1765072961.539444,1.0
1765072961.5569572,1.0
1765072961.5745144,1.0
1765072961.5920625,1.0
1765072961.6096783,1.0
1765072961.6273034,1.0
1765072961.6450818,1.0
1765072961.6628194,1.0
1765072961.6804032,1.0
1765072961.698011,1.0
1765072961.7155807,1.0
1765072961.73327,1.0
1765072961.750859,1.0
1765072961.7684681,1.0
1765072961.7859905,1.0
1765072961.8037145,1.0
1765072961.8212688,1.0
1765072961.8389683,1.0
1765072961.8564987,1.0
1765072961.8740368,1.0
1765072961.8916104,1.0
1765072961.9091601,1.0
1765072961.9267182,1.0
1765072961.9442801,1.0
1765072961.9618382,1.0
1765072961.9793987,1.0
1765072961.996934,1.0
1765072962.0144281,1.0
1765072962.0319738,1.0
1765072962.0494986,1.0
1765072962.0670564,1.0
1765072962.0846095,1.0
1765072962.1021235,1.0
1765072962.1196346,1.0
1765072962.1372085,1.0
1765072962.1547153,1.0
1765072962.1725314,1.0
1765072962.1900597,1.0
1765072962.2076302,1.0
1765072962.2252805,1.0
1765072962.242836,1.0
1765072962.2603717,1.0
1765072962.2778897,1.0
1765072962.2954783,1.0
1765072962.3141909,1.0
1765072962.331765,1.0
1765072962.3494315,1.0
1765072962.3669553,1.0
1765072962.3845832,1.0
1765072962.4021268,1.0
1765072962.4197793,1.0
1765072962.437339,1.0
1765072962.4549298,1.0
1765072962.4724767,1.0
1765072962.4900167,1.0
1765072962.507658,1.0
1765072962.5251942,1.0
1765072962.5427306,1.0
1765072962.5603554,1.0
1765072962.5778842,1.0
1765072962.5955572,1.0
1765072962.6131275,1.0
1765072962.630698,1.0
1765072962.6482718,1.0
1765072962.6658354,1.0
1765072962.6834202,1.0
1765072962.7009401,1.0
1765072962.7187357,1.0
1765072962.7362435,1.0
1765072962.7538168,1.0
1765072962.771438,1.0
1765072962.788961,1.0
1765072962.8066068,1.0
1765072962.8241422,1.0
1765072962.841674,1.0
1765072962.8592048,1.0
1765072962.876729,1.0
1765072962.894303,1.0
1765072962.912004,1.0
1765072962.929563,1.0
1765072962.947069,1.0
1765072962.964604,1.0
1765072962.9821792,1.0
1765072962.99987,1.0
1765072963.0174007,1.0
1765072963.0348823,1.0
1765072963.0524104,1.0
1765072963.0700023,1.0
1765072963.0875254,1.0
1765072963.1050968,1.0
1765072963.1227443,1.0
1765072963.1403272,1.0
1765072963.157884,1.0
1765072963.1754034,1.0
1765072963.193,1.0
1765072963.2105596,1.0
1765072963.2282882,1.0
1765072963.2458045,1.0
1765072963.2633407,1.0
1765072963.2810407,1.0
1765072963.3002315,1.0
1765072963.317787,1.0
1765072963.3353252,1.0
1765072963.3529198,1.0
1765072963.3704305,1.0
1765072963.3879774,1.0
1765072963.4055989,1.0
1765072963.4231744,1.0
1765072963.4407933,1.0
1765072963.4583807,1.0
1765072963.4759433,1.0
1765072963.4935007,1.0
1765072963.5110729,1.0
1765072963.5286138,1.0
1765072963.546174,1.0
1765072963.5636985,1.0
1765072963.581235,1.0
1765072963.5987513,1.0
1765072963.616306,1.0
1765072963.6338694,1.0
1765072963.651501,1.0
1765072963.669059,1.0
1765072963.6867,1.0
1765072963.7042704,1.0
1765072963.721836,1.0
1765072963.7393777,1.0
1765072963.7569332,1.0
1765072963.774552,1.0
1765072963.792104,1.0
1765072963.8096235,1.0
1765072963.827228,1.0
1765072963.8448727,1.0
1765072963.8624122,1.0
1765072963.8799508,1.0
1765072963.8974855,1.0
1765072963.9151134,1.0
1765072963.93263,1.0
1765072963.9501758,1.0
1765072963.9676666,1.0
1765072963.9853137,1.0
1765072964.0028253,1.0
1765072964.020371,1.0
1765072964.037898,1.0
1765072964.055414,1.0
1765072964.0729759,1.0
1765072964.0905387,1.0
1765072964.1081722,1.0
1765072964.125757,1.0
1765072964.1433704,1.0
1765072964.1609812,1.0
1765072964.1785986,1.0
1765072964.1961632,1.0
1765072964.2137647,1.0
1765072964.2313395,1.0
1765072964.2489443,1.0
1765072964.2665253,1.0
1765072964.2840881,1.0
1765072964.3032503,1.0
1765072964.3208997,1.0
1765072964.3385358,1.0
1765072964.3561006,1.0
1765072964.373771,1.0
1765072964.3915281,1.0
1765072964.409075,1.0
1765072964.426694,1.0
1765072964.4443855,1.0
1765072964.4619668,1.0
1765072964.4796534,1.0
1765072964.4972715,1.0
1765072964.5148232,1.0
1765072964.5324934,1.0
1765072964.5500963,1.0
1765072964.5676494,1.0
1765072964.5852065,1.0
1765072964.6027808,1.0
1765072964.6204157,1.0
1765072964.637991,1.0
1765072964.6558154,1.0
1765072964.6735032,1.0
1765072964.6911285,1.0
1765072964.708704,1.0
1765072964.7263162,1.0
1765072964.7439513,1.0
1765072964.761605,1.0
1765072964.7792165,1.0
1765072964.796792,1.0
1765072964.8144994,1.0
1765072964.8320744,1.0
1765072964.8497581,1.0
1765072964.867453,1.0
1765072964.885025,1.0
1765072964.902595,1.0
1765072964.9202063,1.0
1765072964.9377553,1.0
1765072964.9553738,1.0
1765072964.9729545,1.0
1765072964.9905517,1.0
1765072965.0081584,1.0
1765072965.0257182,1.0
1765072965.0434084,1.0
1765072965.0610013,1.0
1765072965.0785866,1.0
1765072965.0960836,1.0
1765072965.1136196,1.0
1765072965.1311572,1.0
1765072965.1487458,1.0
1765072965.1663446,1.0
1765072965.18386,1.0
1765072965.2014992,1.0
1765072965.2190616,1.0
1765072965.2366896,1.0
1765072965.2541986,1.0
1765072965.271817,1.0
1765072965.2893777,1.0
1765072965.3081045,1.0
1765072965.3256981,1.0
1765072965.343211,1.0
1765072965.3608894,1.0
1765072965.378437,1.0
1765072965.3961055,1.0
1765072965.413736,1.0
1765072965.4313216,1.0
1765072965.4488814,1.0
1765072965.4664423,1.0
1765072965.484007,1.0
1765072965.5016475,1.0
1765072965.5192206,1.0
1765072965.53678,1.0
1765072965.5543413,1.0
1765072965.5719082,1.0
1765072965.5894775,1.0
1765072965.6070454,1.0
1765072965.624647,1.0
1765072965.6422122,1.0
1765072965.6600018,1.0
1765072965.6775684,1.0
1765072965.6952457,1.0
1765072965.7128446,1.0
1765072965.7305896,1.0
1765072965.7481468,1.0
1765072965.7657301,1.0
1765072965.783435,1.0
1765072965.8009906,1.0
1765072965.8185606,1.0
1765072965.8360963,1.0
1765072965.8536847,1.0
1765072965.8712804,1.0
1765072965.8888466,1.0
1765072965.9063952,1.0
1765072965.9239619,1.0
1765072965.941514,1.0
1765072965.9591432,1.0
1765072965.9766793,1.0
1765072965.9942567,1.0
1765072966.0118415,1.0
1765072966.0295382,1.0
1765072966.0471313,1.0
1765072966.0647125,1.0
1765072966.0822968,1.0
1765072966.099828,1.0
1765072966.1175778,1.0
1765072966.135133,1.0
1765072966.1526487,1.0
1765072966.1702428,1.0
1765072966.1878328,1.0
1765072966.205388,1.0
1765072966.2229254,1.0
1765072966.2404816,1.0
1765072966.2580552,1.0
1765072966.2756913,1.0
1765072966.2932162,1.0
1765072966.311697,1.0
1765072966.32925,1.0
1765072966.3467968,1.0
1765072966.3643305,1.0
1765072966.3818944,1.0
1765072966.399421,1.0
1765072966.4169626,1.0
1765072966.4345496,1.0
1765072966.4521196,1.0
1765072966.4696448,1.0
1765072966.48719,1.0
1765072966.5048978,1.0
1765072966.522442,1.0
1765072966.5399797,1.0
1765072966.557583,1.0
1765072966.5750964,1.0
1765072966.592676,1.0
1765072966.610202,1.0
1765072966.6277683,1.0
1765072966.6455736,1.0
1765072966.6631534,1.0
1765072966.6807585,1.0
1765072966.6983936,1.0
1765072966.7159367,1.0
1765072966.733561,1.0
1765072966.7510955,1.0
1765072966.7686384,1.0
1765072966.7862823,1.0
1765072966.8037996,1.0
1765072966.821304,1.0
1765072966.8388278,1.0
1765072966.8563602,1.0
1765072966.8739543,1.0
1765072966.891505,1.0
1765072966.9090245,1.0
1765072966.9266381,1.0
1765072966.9441946,1.0
1765072966.9617126,1.0
1765072966.9792545,1.0
1765072966.996773,1.0
1765072967.0143495,1.0
1765072967.031862,1.0
1765072967.0494382,1.0
1765072967.067001,1.0
1765072967.0845964,1.0
1765072967.1021056,1.0
1765072967.1197062,1.0
1765072967.1372416,1.0
1765072967.154769,1.0
1765072967.1722946,1.0
1765072967.189877,1.0
1765072967.2074888,1.0
1765072967.225091,1.0
1765072967.2426286,1.0
1765072967.2601438,1.0
1765072967.2776737,1.0
1765072967.295225,1.0
1765072967.3139224,1.0
1765072967.3319545,1.0
1765072967.3495767,1.0
1765072967.367119,1.0
1765072967.3846736,1.0
1765072967.4023054,1.0
1765072967.4198236,1.0
1765072967.4373734,1.0
1765072967.454898,1.0
1765072967.4724414,1.0
1765072967.4900572,1.0
1765072967.507613,1.0
1765072967.5251265,1.0
1765072967.5426347,1.0
1765072967.560309,1.0
1765072967.577892,1.0
1765072967.595571,1.0
1765072967.61309,1.0
1765072967.6307318,1.0
1765072967.6483567,1.0
1765072967.6658814,1.0
1765072967.6834888,1.0
1765072967.7010672,1.0
1765072967.7187126,1.0
1765072967.7363951,1.0
1765072967.7539797,1.0
1765072967.7715142,1.0
1765072967.789063,1.0
1765072967.8068135,1.0
1765072967.824337,1.0
1765072967.8419979,1.0
1765072967.8595867,1.0
1765072967.8772461,1.0
1765072967.8948085,1.0
1765072967.912391,1.0
1765072967.9299297,1.0
1765072967.9475226,1.0
1765072967.9651277,1.0
1765072967.9827056,1.0
1765072968.000319,1.0
1765072968.0178292,1.0
1765072968.0355945,1.0
1765072968.0531452,1.0
1765072968.0706758,1.0
1765072968.0881875,1.0
1765072968.1057947,1.0
1765072968.1233487,1.0
1765072968.1408713,1.0
1765072968.158431,1.0
1765072968.175999,1.0
1765072968.1936097,1.0
1765072968.211193,1.0
1765072968.228779,1.0
1765072968.2463446,1.0
1765072968.2638955,1.0
1765072968.2815087,1.0
1765072968.3003228,1.0
1765072968.3181622,1.0
1765072968.3358397,1.0
1765072968.3533716,1.0
1765072968.3708873,1.0
1765072968.388434,1.0
1765072968.4060135,1.0
1765072968.4235487,1.0
1765072968.4410448,1.0
1765072968.4585598,1.0
1765072968.4761343,1.0
1765072968.4939337,1.0
1765072968.5114348,1.0
1765072968.5289855,1.0
1765072968.546501,1.0
1765072968.5641446,1.0
1765072968.5816684,1.0
1765072968.5992932,1.0
1765072968.6167917,1.0
1765072968.6343775,1.0
1765072968.6521113,1.0
1765072968.6697168,1.0
1765072968.6874876,1.0
1765072968.7049732,1.0
1765072968.7226877,1.0
1765072968.7402105,1.0
1765072968.7577949,1.0
1765072968.7754974,1.0
1765072968.7930388,1.0
1765072968.8105488,1.0
1765072968.8281162,1.0
1765072968.8457239,1.0
1765072968.863401,1.0
1765072968.8809228,1.0
1765072968.8984551,1.0
1765072968.916102,1.0
1765072968.933654,1.0
1765072968.9512324,1.0
1765072968.9687448,1.0
1765072968.986268,1.0
1765072969.003823,1.0
1765072969.021372,1.0
1765072969.038864,1.0
1765072969.0564198,1.0
1765072969.0739787,1.0
1765072969.0914922,1.0
1765072969.109019,1.0
1765072969.1265395,1.0
1765072969.144042,1.0
1765072969.1615863,1.0
1765072969.179118,1.0
1765072969.1968267,1.0
1765072969.2143743,1.0
1765072969.231882,1.0
1765072969.2494092,1.0
1765072969.266996,1.0
1765072969.2845368,1.0
1765072969.3027284,1.0
1765072969.3206005,1.0
1765072969.33812,1.0
1765072969.3557353,1.0
1765072969.3734128,1.0
1765072969.3909578,1.0
1765072969.4084988,1.0
1765072969.4260082,1.0
1765072969.4437013,1.0
1765072969.4612398,1.0
1765072969.4789302,1.0
1765072969.4966297,1.0
1765072969.5142899,1.0
1765072969.5318866,1.0
1765072969.5494905,1.0
1765072969.567014,1.0
1765072969.5846205,1.0
1765072969.602179,1.0
1765072969.6197047,1.0
1765072969.6372297,1.0
1765072969.6549726,1.0
1765072969.6725016,1.0
1765072969.6901186,1.0
1765072969.7076871,1.0
1765072969.7253551,1.0
1765072969.742884,1.0
1765072969.760513,1.0
1765072969.778199,1.0
1765072969.7957087,1.0
1765072969.813322,1.0
1765072969.8308885,1.0
1765072969.848413,1.0
1765072969.8659427,1.0
1765072969.8835547,1.0
1765072969.9012237,1.0
1765072969.918763,1.0
1765072969.9363105,1.0
1765072969.9538355,1.0
1765072969.9714074,1.0
1765072969.988909,1.0
1765072970.006481,1.0
1765072970.0240026,1.0
1765072970.041539,1.0
1765072970.0590649,1.0
1765072970.076698,1.0
1765072970.0942264,1.0
1765072970.1118183,1.0
1765072970.1293185,1.0
1765072970.1469371,1.0
1765072970.1644764,1.0
1765072970.1820233,1.0
1765072970.199573,1.0
1765072970.2171223,1.0
1765072970.2346683,1.0
1765072970.2521887,1.0
1765072970.2697337,1.0
1765072970.287238,1.0
1765072970.3062181,1.0
1765072970.3238204,1.0
1765072970.3413723,1.0
1765072970.358895,1.0
1765072970.3764653,1.0
1765072970.39407,1.0
1765072970.411702,1.0
1765072970.4293642,1.0
1765072970.446866,1.0
1765072970.4645162,1.0
1765072970.482077,1.0
1765072970.4997606,1.0
1765072970.5173087,1.0
1765072970.5348752,1.0
1765072970.5524132,1.0
1765072970.5699737,1.0
1765072970.5875344,1.0
1765072970.605146,1.0
1765072970.6227088,1.0
1765072970.640251,1.0
1765072970.6578786,1.0
1765072970.6753938,1.0
1765072970.6930518,1.0
1765072970.7105782,1.0
1765072970.7282057,1.0
1765072970.7457178,1.0
1765072970.7632468,1.0
1765072970.7808821,1.0
1765072970.7984188,1.0
1765072970.8159704,1.0
1765072970.8336403,1.0
1765072970.8512118,1.0
1765072970.8687677,1.0
1765072970.8864121,1.0
1765072970.9039264,1.0
1765072970.9215708,1.0
1765072970.9390798,1.0
1765072970.956692,1.0
1765072970.9743116,1.0
1765072970.9918764,1.0
1765072971.0095115,1.0
1765072971.0270646,1.0
1765072971.0446167,1.0
1765072971.0623024,1.0
1765072971.0798182,1.0
1765072971.0973763,1.0
1765072971.1149309,1.0
1765072971.132472,1.0
1765072971.1500328,1.0
1765072971.1675584,1.0
1765072971.185174,1.0
1765072971.2027516,1.0
1765072971.220277,1.0
1765072971.237829,1.0
1765072971.2553725,1.0
1765072971.2729447,1.0
1765072971.2904608,1.0
1765072971.3093545,1.0
1765072971.326879,1.0
1765072971.3444278,1.0
1765072971.3620317,1.0
1765072971.3795552,1.0
1765072971.3971057,1.0
1765072971.4149199,1.0
1765072971.4324281,1.0
1765072971.4499888,1.0
1765072971.4675407,1.0
1765072971.4851317,1.0
1765072971.5027666,1.0
1765072971.5203133,1.0
1765072971.5378704,1.0
1765072971.5554123,1.0
1765072971.5729287,1.0
1765072971.5905604,1.0
1765072971.6081395,1.0
1765072971.6257172,1.0
1765072971.6432495,1.0
1765072971.6608567,1.0
1765072971.678415,1.0
1765072971.6962135,1.0
1765072971.7137148,1.0
1765072971.7313082,1.0
1765072971.748808,1.0
1765072971.7663496,1.0
1765072971.7839005,1.0
1765072971.801463,1.0
1765072971.8191042,1.0
1765072971.8366532,1.0
1765072971.8541675,1.0
1765072971.8717575,1.0
1765072971.8892865,1.0
1765072971.9069,1.0
1765072971.9245522,1.0
1765072971.9420657,1.0
1765072971.9595938,1.0
1765072971.9771495,1.0
1765072971.9947681,1.0
1765072972.0123262,1.0
1765072972.029896,1.0
1765072972.0475368,1.0
1765072972.0650997,1.0
1765072972.0826347,1.0
1765072972.1001742,1.0
1765072972.1177943,1.0
1765072972.1353877,1.0
1765072972.1529028,1.0
1765072972.1705527,1.0
1765072972.1880968,1.0
1765072972.2056837,1.0
1765072972.2232366,1.0
1765072972.2407854,1.0
1765072972.2583246,1.0
1765072972.2758996,1.0
1765072972.2934532,1.0
1765072972.31202,1.0
1765072972.3295,1.0
1765072972.3470309,1.0
1765072972.364609,1.0
1765072972.382149,1.0
1765072972.3997657,1.0
1765072972.417301,1.0
1765072972.4348547,1.0
1765072972.452406,1.0
1765072972.469957,1.0
1765072972.4875128,1.0
1765072972.5050783,1.0
1765072972.5225868,1.0
1765072972.5401483,1.0
1765072972.5576637,1.0
1765072972.5753064,1.0
1765072972.5929132,1.0
1765072972.6104395,1.0
1765072972.6280022,1.0
1765072972.6456337,1.0
1765072972.6633866,1.0
1765072972.6809316,1.0
1765072972.6985383,1.0
1765072972.7160625,1.0
1765072972.733837,1.0
1765072972.751508,1.0
1765072972.7690787,1.0
1765072972.7866976,1.0
1765072972.8042786,1.0
1765072972.821919,1.0
1765072972.8394752,1.0
1765072972.8570504,1.0
1765072972.8745859,1.0
1765072972.892267,1.0
1765072972.9099033,1.0
1765072972.927532,1.0
1765072972.9451277,1.0
1765072972.9627223,1.0
1765072972.9803796,1.0
1765072972.9980278,1.0
1765072973.0156147,1.0
1765072973.033203,1.0
1765072973.0508168,1.0
1765072973.0684016,1.0
1765072973.086024,1.0
1765072973.1036055,1.0
1765072973.1213164,1.0
1765072973.13891,1.0
1765072973.1565068,1.0
1765072973.1741126,1.0
1765072973.1916957,1.0
1765072973.2093327,1.0
1765072973.226931,1.0
1765072973.2445102,1.0
1765072973.2621973,1.0
1765072973.2797778,1.0
1765072973.2980206,1.0
1765072973.3159137,1.0
1765072973.3335104,1.0
1765072973.3511345,1.0
1765072973.3686972,1.0
1765072973.3862877,1.0
1765072973.4040017,1.0
1765072973.4216256,1.0
1765072973.4392157,1.0
1765072973.4568367,1.0
1765072973.4748552,1.0
1765072973.4924707,1.0
1765072973.5100603,1.0
1765072973.5276995,1.0
1765072973.5453677,1.0
1765072973.5629025,1.0
1765072973.580479,1.0
1765072973.5980742,1.0
1765072973.61567,1.0
1765072973.6332698,1.0
1765072973.6509407,1.0
1765072973.6684928,1.0
1765072973.6861153,1.0
1765072973.7037208,1.0
1765072973.721372,1.0
1765072973.7390256,1.0
1765072973.7566123,1.0
1765072973.774181,1.0
1765072973.7917573,1.0
1765072973.8094647,1.0
1765072973.8270383,1.0
1765072973.8447366,1.0
1765072973.862324,1.0
1765072973.8798738,1.0
1765072973.8975232,1.0
1765072973.9150572,1.0
1765072973.9327612,1.0
1765072973.950333,1.0
1765072973.9679334,1.0
1765072973.985607,1.0
1765072974.003192,1.0
1765072974.0207665,1.0
1765072974.03847,1.0
1765072974.0560222,1.0
1765072974.0736728,1.0
1765072974.091244,1.0
1765072974.1088254,1.0
1765072974.1264558,1.0
1765072974.144011,1.0
1765072974.1616251,1.0
1765072974.1792367,1.0
1765072974.1968298,1.0
1765072974.2143962,1.0
1765072974.2319553,1.0
1765072974.2496192,1.0
1765072974.2672267,1.0
1765072974.284772,1.0
1765072974.3040135,1.0
1765072974.3215444,1.0
1765072974.3391495,1.0
1765072974.356721,1.0
1765072974.3743024,1.0
1765072974.3918579,1.0
1765072974.4094732,1.0
1765072974.4270504,1.0
1765072974.4446502,1.0
1765072974.4622264,1.0
1765072974.4798782,1.0
1765072974.4975688,1.0
1765072974.515175,1.0
1765072974.532773,1.0
1765072974.5503476,1.0
1765072974.5679069,1.0
1765072974.5855346,1.0
1765072974.60319,1.0
1765072974.6207705,1.0
1765072974.6388466,1.0
1765072974.6650221,1.0
1765072974.6826885,1.0
1765072974.7002938,1.0
1765072974.7179139,1.0
1765072974.7359037,1.0
1765072974.7535076,1.0
1765072974.7710648,1.0
1765072974.7887993,1.0
1765072974.8064075,1.0
1765072974.8240085,1.0
1765072974.8433847,1.0
1765072974.8637028,1.0
1765072974.881269,1.0
1765072974.8989117,1.0
1765072974.9164734,1.0
1765072974.9340537,1.0
1765072974.9518168,1.0
1765072974.9693916,1.0
1765072974.9870496,1.0
1765072975.0046663,1.0
1765072975.022268,1.0
1765072975.0419788,1.0
1765072975.0595376,1.0
1765072975.0773432,1.0
1765072975.0948827,1.0
1765072975.11274,1.0
1765072975.1313448,1.0
1765072975.148939,1.0
1765072975.1666222,1.0
1765072975.184258,1.0
1765072975.201866,1.0
1765072975.219451,1.0
1765072975.236995,1.0
1765072975.2546597,1.0
1765072975.2722402,1.0
1765072975.2898445,1.0
1765072975.3088202,1.0
1765072975.3264177,1.0
1765072975.3439696,1.0
1765072975.3616173,1.0
1765072975.3792794,1.0
1765072975.3968437,1.0
1765072975.4144502,1.0
1765072975.4320066,1.0
1765072975.4497511,1.0
1765072975.4673734,1.0
1765072975.4851344,1.0
1765072975.502849,1.0
1765072975.5208125,1.0
1765072975.5385108,1.0
1765072975.556122,1.0
1765072975.5737138,1.0
1765072975.5913036,1.0
1765072975.608875,1.0
1765072975.6264818,1.0
1765072975.6440454,1.0
1765072975.661908,1.0
1765072975.6794872,1.0
1765072975.6971364,1.0
1765072975.7148006,1.0
1765072975.7325842,1.0
1765072975.7501705,1.0
1765072975.7678506,1.0
1765072975.7855175,1.0
1765072975.803346,1.0
1765072975.8209121,1.0
1765072975.8385289,1.0
1765072975.8561878,1.0
1765072975.8737698,1.0
1765072975.8913858,1.0
1765072975.9090114,1.0
1765072975.9267528,1.0
1765072975.9443746,1.0
1765072975.9620466,1.0
1765072975.97963,1.0
1765072975.997314,1.0
1765072976.0149486,1.0
1765072976.0326478,1.0
1765072976.0502152,1.0
1765072976.0677927,1.0
1765072976.0854697,1.0
1765072976.1030378,1.0
1765072976.120723,1.0
1765072976.1382928,1.0
1765072976.1558554,1.0
1765072976.1735358,1.0
1765072976.191123,1.0
1765072976.2087066,1.0
1765072976.226442,1.0
1765072976.2440076,1.0
1765072976.26163,1.0
1765072976.2793355,1.0
1765072976.298046,1.0
1765072976.315873,1.0
1765072976.3335147,1.0
1765072976.3512244,1.0
1765072976.3688655,1.0
1765072976.3865442,1.0
1765072976.4041033,1.0
1765072976.421694,1.0
1765072976.4393692,1.0
1765072976.45694,1.0
1765072976.47453,1.0
1765072976.4921732,1.0
1765072976.509722,1.0
1765072976.5273025,1.0
1765072976.5449438,1.0
1765072976.5625308,1.0
1765072976.5802176,1.0
1765072976.5977964,1.0
1765072976.6154115,1.0
1765072976.6330795,1.0
1765072976.6509469,1.0
1765072976.6685562,1.0
1765072976.6861625,1.0
1765072976.7038233,1.0
1765072976.721595,1.0
1765072976.7391493,1.0
1765072976.756744,1.0
1765072976.774337,1.0
1765072976.791957,1.0
1765072976.8095534,1.0
1765072976.827169,1.0
1765072976.8447967,1.0
1765072976.862483,1.0
1765072976.8800726,1.0
1765072976.897761,1.0
1765072976.9153538,1.0
1765072976.9329221,1.0
1765072976.950522,1.0
1765072976.968141,1.0
1765072976.9857492,1.0
1765072977.0033562,1.0
1765072977.0209365,1.0
1765072977.0387003,1.0
1765072977.0563192,1.0
1765072977.0739052,1.0
1765072977.0915277,1.0
1765072977.109099,1.0
1765072977.126674,1.0
1765072977.1442235,1.0
1765072977.161821,1.0
1765072977.1794286,1.0
1765072977.1969917,1.0
1765072977.2146943,1.0
1765072977.2322865,1.0
1765072977.249969,1.0
1765072977.2675457,1.0
1765072977.2851102,1.0
1765072977.3042858,1.0
1765072977.321836,1.0
1765072977.3394966,1.0
1765072977.3570607,1.0
1765072977.3746696,1.0
1765072977.3923268,1.0
1765072977.4098918,1.0
1765072977.4274893,1.0
1765072977.4450812,1.0
1765072977.4626694,1.0
1765072977.4802704,1.0
1765072977.4980652,1.0
1765072977.5156386,1.0
1765072977.5332696,1.0
1765072977.5509388,1.0
1765072977.5688426,1.0
1765072977.5864692,1.0
1765072977.6040406,1.0
1765072977.6216698,1.0
1765072977.639284,1.0
1765072977.657029,1.0
1765072977.6746428,1.0
1765072977.692496,1.0
1765072977.7101161,1.0
1765072977.7277794,1.0
1765072977.745472,1.0
1765072977.7630312,1.0
1765072977.7806225,1.0
1765072977.7983668,1.0
1765072977.81595,1.0
1765072977.8335462,1.0
1765072977.8512037,1.0
1765072977.8688023,1.0
1765072977.8864543,1.0
1765072977.9040587,1.0
1765072977.9216475,1.0
1765072977.9392114,1.0
1765072977.9568026,1.0
1765072977.9744573,1.0
1765072977.9920144,1.0
1765072978.009586,1.0
1765072978.027195,1.0
1765072978.0448608,1.0
1765072978.0625193,1.0
1765072978.0801315,1.0
1765072978.0976958,1.0
1765072978.1153057,1.0
1765072978.132974,1.0
1765072978.150578,1.0
1765072978.1681333,1.0
1765072978.185739,1.0
1765072978.2033288,1.0
1765072978.220944,1.0
1765072978.2385693,1.0
1765072978.2561557,1.0
1765072978.273746,1.0
1765072978.2914221,1.0
1765072978.3101945,1.0
1765072978.3277721,1.0
1765072978.3454378,1.0
1765072978.3629992,1.0
1765072978.3806713,1.0
1765072978.398251,1.0
1765072978.4158735,1.0
1765072978.4334712,1.0
1765072978.451081,1.0
1765072978.4686756,1.0
1765072978.4863555,1.0
1765072978.5039897,1.0
1765072978.5215409,1.0
1765072978.5391574,1.0
1765072978.5567179,1.0
1765072978.574303,1.0
1765072978.5918736,1.0
1765072978.6095757,1.0
1765072978.6271808,1.0
1765072978.6448226,1.0
1765072978.6626477,1.0
1765072978.6802468,1.0
1765072978.6978972,1.0
1765072978.7154796,1.0
1765072978.7332888,1.0
1765072978.750874,1.0
1765072978.7685907,1.0
1765072978.786203,1.0
1765072978.8038502,1.0
1765072978.8215277,1.0
1765072978.8391058,1.0
1765072978.8567379,1.0
1765072978.8745384,1.0
1765072978.8921185,1.0
1765072978.909774,1.0
1765072978.9274006,1.0
1765072978.944994,1.0
1765072978.9626646,1.0
1765072978.9802685,1.0
1765072978.9978442,1.0
1765072979.0154314,1.0
1765072979.0330544,1.0
1765072979.0506575,1.0
1765072979.0682914,1.0
1765072979.085861,1.0
1765072979.103486,1.0
1765072979.121116,1.0
1765072979.1387374,1.0
1765072979.1563663,1.0
1765072979.17405,1.0
1765072979.19186,1.0
1765072979.2094514,1.0
1765072979.2270126,1.0
1765072979.2446506,1.0
1765072979.2622912,1.0
1765072979.2799346,1.0
1765072979.2990146,1.0
1765072979.3166747,1.0
1765072979.334292,1.0
1765072979.3518684,1.0
1765072979.3695421,1.0
1765072979.387161,1.0
1765072979.404885,1.0
1765072979.4226441,1.0
1765072979.4402368,1.0
1765072979.4577968,1.0
1765072979.4754314,1.0
1765072979.4930627,1.0
1765072979.5106192,1.0
1765072979.528216,1.0
1765072979.5459874,1.0
1765072979.5635748,1.0
1765072979.581127,1.0
1765072979.5988278,1.0
1765072979.6167457,1.0
1765072979.6343732,1.0
1765072979.6520796,1.0
1765072979.6696212,1.0
1765072979.687634,1.0
1765072979.7051919,1.0
1765072979.7228634,1.0
1765072979.7404125,1.0
1765072979.758026,1.0
1765072979.7756114,1.0
1765072979.7933574,1.0
1765072979.8109205,1.0
1765072979.8285592,1.0
1765072979.846137,1.0
1765072979.8637116,1.0
1765072979.881506,1.0
1765072979.8991637,1.0
1765072979.9167728,1.0
1765072979.9343972,1.0
1765072979.952004,1.0
1765072979.96965,1.0
1765072979.9872487,1.0
1765072980.0048769,1.0
1765072980.0224624,1.0
1765072980.040049,1.0
1765072980.0577006,1.0
1765072980.0752985,1.0
1765072980.0928853,1.0
1765072980.1105292,1.0
1765072980.1283,1.0
1765072980.1459174,1.0
1765072980.163547,1.0
1765072980.1811647,1.0
1765072980.1989253,1.0
1765072980.2165372,1.0
1765072980.2341642,1.0
1765072980.2518158,1.0
1765072980.2694283,1.0
1765072980.2871578,1.0
1765072980.305966,1.0
1765072980.3235638,1.0
1765072980.3411953,1.0
1765072980.3588648,1.0
1765072980.376478,1.0
1765072980.3940797,1.0
1765072980.411744,1.0
1765072980.429357,1.0
1765072980.4469604,1.0
1765072980.4645681,1.0
1765072980.482198,1.0
1765072980.4998846,1.0
1765072980.5175023,1.0
1765072980.5352585,1.0
1765072980.5528815,1.0
1765072980.5704868,1.0
1765072980.5881143,1.0
1765072980.6059704,1.0
1765072980.6235907,1.0
1765072980.6411874,1.0
1765072980.6590967,1.0
1765072980.6767306,1.0
1765072980.6944773,1.0
1765072980.7120612,1.0
1765072980.72979,1.0
1765072980.747376,1.0
1765072980.76506,1.0
1765072980.782714,1.0
1765072980.8003776,1.0
1765072980.8179755,1.0
1765072980.8356118,1.0
1765072980.8532577,1.0
1765072980.8709364,1.0
1765072980.888567,1.0
1765072980.9062955,1.0
1765072980.9238975,1.0
1765072980.9415073,1.0
1765072980.9591618,1.0
1765072980.97679,1.0
1765072980.9943838,1.0
1765072981.0119905,1.0
1765072981.0295844,1.0
1765072981.047336,1.0
1765072981.0649357,1.0
1765072981.082576,1.0
1765072981.1002047,1.0
1765072981.1178353,1.0
1765072981.1354668,1.0
1765072981.15318,1.0
1765072981.170782,1.0
1765072981.1883922,1.0
1765072981.2060199,1.0
1765072981.223745,1.0
1765072981.241389,1.0
1765072981.259095,1.0
1765072981.2767093,1.0
1765072981.2943153,1.0
1765072981.3132198,1.0
1765072981.3308408,1.0
1765072981.3486316,1.0
1765072981.3662286,1.0
1765072981.3838675,1.0
1765072981.4015038,1.0
1765072981.4191594,1.0
1765072981.4368155,1.0
1765072981.4544342,1.0
1765072981.4720397,1.0
1765072981.4896665,1.0
1765072981.507318,1.0
1765072981.5249093,1.0
1765072981.5425646,1.0
1765072981.5601778,1.0
1765072981.5778074,1.0
1765072981.5955331,1.0
1765072981.6131134,1.0
1765072981.6307492,1.0
1765072981.6484735,1.0
1765072981.666237,1.0
1765072981.6838639,1.0
1765072981.701506,1.0
1765072981.7190819,1.0
1765072981.7367606,1.0
1765072981.7544618,1.0
1765072981.7721207,1.0
1765072981.7897353,1.0
1765072981.8074825,1.0
1765072981.8250754,1.0
1765072981.842727,1.0
1765072981.8603833,1.0
1765072981.8779757,1.0
1765072981.8955965,1.0
1765072981.9132211,1.0
1765072981.9308214,1.0
1765072981.9484425,1.0
1765072981.9660456,1.0
1765072981.9836793,1.0
1765072982.0012867,1.0
1765072982.0188935,1.0
1765072982.0365918,1.0
1765072982.0541394,1.0
1765072982.0717266,1.0
1765072982.08928,1.0
1765072982.1069016,1.0
1765072982.1244473,1.0
1765072982.142011,1.0
1765072982.159566,1.0
1765072982.1771195,1.0
1765072982.1946723,1.0
1765072982.2122273,1.0
1765072982.229796,1.0
1765072982.2473624,1.0
1765072982.2650619,1.0
1765072982.2829287,1.0
1765072982.3018386,1.0
1765072982.3194058,1.0
1765072982.3369608,1.0
1765072982.354519,1.0
1765072982.3720703,1.0
1765072982.3896408,1.0
1765072982.4072123,1.0
1765072982.4248307,1.0
1765072982.4424264,1.0
1765072982.4599752,1.0
1765072982.4775398,1.0
1765072982.4953191,1.0
1765072982.512873,1.0
1765072982.530715,1.0
1765072982.5482695,1.0
1765072982.56585,1.0
1765072982.5834222,1.0
1765072982.6010005,1.0
1765072982.6186807,1.0
1765072982.6362205,1.0
1765072982.6540473,1.0
1765072982.6716228,1.0
1765072982.6893768,1.0
1765072982.706921,1.0
1765072982.7249346,1.0
1765072982.7425823,1.0
1765072982.7601805,1.0
1765072982.7777572,1.0
1765072982.7954392,1.0
1765072982.8129835,1.0
1765072982.8305984,1.0
1765072982.8481326,1.0
1765072982.8657186,1.0
1765072982.8832934,1.0
1765072982.9008286,1.0
1765072982.918697,1.0
1765072982.9362576,1.0
1765072982.9539225,1.0
1765072982.9714649,1.0
1765072982.989045,1.0
1765072983.006608,1.0
1765072983.024284,1.0
1765072983.041857,1.0
1765072983.0594413,1.0
1765072983.0769894,1.0
1765072983.0946164,1.0
1765072983.1122026,1.0
1765072983.1297915,1.0
1765072983.1474106,1.0
1765072983.1650727,1.0
1765072983.1826794,1.0
1765072983.2002957,1.0
1765072983.2178392,1.0
1765072983.23555,1.0
1765072983.2530832,1.0
1765072983.2706273,1.0
1765072983.2881758,1.0
1765072983.3070524,1.0
1765072983.3247201,1.0
1765072983.342285,1.0
1765072983.3598328,1.0
1765072983.3774636,1.0
1765072983.3950305,1.0
1765072983.4125812,1.0
1765072983.4301546,1.0
1765072983.4477327,1.0
1765072983.465412,1.0
1765072983.482982,1.0
1765072983.5006325,1.0
1765072983.518195,1.0
1765072983.5358133,1.0
1765072983.5533915,1.0
1765072983.5709999,1.0
1765072983.5885758,1.0
1765072983.606123,1.0
1765072983.623758,1.0
1765072983.6412969,1.0
1765072983.6593733,1.0
1765072983.6769152,1.0
1765072983.694616,1.0
1765072983.7124789,1.0
1765072983.73018,1.0
1765072983.7477906,1.0
1765072983.7653816,1.0
1765072983.7830727,1.0
1765072983.8006701,1.0
1765072983.8182516,1.0
1765072983.8358188,1.0
1765072983.8534422,1.0
1765072983.8710291,1.0
1765072983.888584,1.0
1765072983.9061701,1.0
1765072983.9237537,1.0
1765072983.9413164,1.0
1765072983.9588406,1.0
1765072983.9765635,1.0
1765072983.9941344,1.0
1765072984.0116704,1.0
1765072984.0292523,1.0
1765072984.0468287,1.0
1765072984.0644019,1.0
1765072984.0819545,1.0
1765072984.099613,1.0
1765072984.1171834,1.0
1765072984.1347463,1.0
1765072984.1523113,1.0
1765072984.1699154,1.0
1765072984.1875691,1.0
1765072984.2051504,1.0
1765072984.2226865,1.0
1765072984.2403479,1.0
1765072984.2578845,1.0
1765072984.2754235,1.0
1765072984.2930493,1.0
1765072984.3116424,1.0
1765072984.3292086,1.0
1765072984.3467638,1.0
1765072984.3643253,1.0
1765072984.3819032,1.0
1765072984.3994958,1.0
1765072984.417026,1.0
1765072984.4345613,1.0
1765072984.452073,1.0
1765072984.469684,1.0
1765072984.4872317,1.0
1765072984.5048413,1.0
1765072984.5223618,1.0
1765072984.5399342,1.0
1765072984.5574908,1.0
1765072984.5750124,1.0
1765072984.5925941,1.0
1765072984.6101308,1.0
1765072984.6277316,1.0
1765072984.6454835,1.0
1765072984.663057,1.0
1765072984.6806486,1.0
1765072984.698301,1.0
1765072984.7158575,1.0
1765072984.7336907,1.0
1765072984.7512476,1.0
1765072984.7687633,1.0
1765072984.7862968,1.0
1765072984.803875,1.0
1765072984.8214178,1.0
1765072984.8390117,1.0
1765072984.8565733,1.0
1765072984.8741395,1.0
1765072984.8916557,1.0
1765072984.909247,1.0
1765072984.926884,1.0
1765072984.9445672,1.0
1765072984.9621003,1.0
1765072984.9797494,1.0
1765072984.9972587,1.0
1765072985.014863,1.0
1765072985.0323913,1.0
1765072985.0499792,1.0
1765072985.06752,1.0
1765072985.0850904,1.0
1765072985.102622,1.0
1765072985.1202352,1.0
1765072985.1378164,1.0
1765072985.155377,1.0
1765072985.1728883,1.0
1765072985.1905403,1.0
1765072985.2080967,1.0
1765072985.2257044,1.0
1765072985.2433538,1.0
1765072985.2608693,1.0
1765072985.278405,1.0
1765072985.2960315,1.0
1765072985.3151176,1.0
1765072985.3327026,1.0
1765072985.35024,1.0
1765072985.3678412,1.0
1765072985.385488,1.0
1765072985.4030702,1.0
1765072985.420708,1.0
1765072985.4382732,1.0
1765072985.4558592,1.0
1765072985.4734118,1.0
1765072985.4912245,1.0
1765072985.5088096,1.0
1765072985.5263622,1.0
1765072985.5439265,1.0
1765072985.561575,1.0
1765072985.5791123,1.0
1765072985.5966403,1.0
1765072985.6142542,1.0
1765072985.6318014,1.0
1765072985.6498477,1.0
1765072985.6673503,1.0
1765072985.6849146,1.0
1765072985.702482,1.0
1765072985.72006,1.0
1765072985.7376573,1.0
1765072985.7554982,1.0
1765072985.773018,1.0
1765072985.7908685,1.0
1765072985.8085015,1.0
1765072985.8260524,1.0
1765072985.843639,1.0
1765072985.8613534,1.0
1765072985.8789291,1.0
1765072985.8964639,1.0
1765072985.9140165,1.0
1765072985.9315681,1.0
1765072985.9491162,1.0
1765072985.9667277,1.0
1765072985.9844017,1.0
1765072986.0019572,1.0
1765072986.0195496,1.0
1765072986.0370698,1.0
1765072986.0546775,1.0
1765072986.0721943,1.0
1765072986.0898132,1.0
1765072986.107475,1.0
1765072986.1250145,1.0
1765072986.1426032,1.0
1765072986.1601977,1.0
1765072986.1778247,1.0
1765072986.1955104,1.0
1765072986.2130454,1.0
1765072986.2307808,1.0
1765072986.2483387,1.0
1765072986.2658627,1.0
1765072986.2834435,1.0
1765072986.3017442,1.0
1765072986.3197308,1.0
1765072986.3372502,1.0
1765072986.3548312,1.0
1765072986.372378,1.0
1765072986.389933,1.0
1765072986.4074848,1.0
1765072986.425069,1.0
1765072986.4425776,1.0
1765072986.4601388,1.0
1765072986.4777484,1.0
1765072986.4954388,1.0
1765072986.5130308,1.0
1765072986.5305686,1.0
1765072986.5481565,1.0
1765072986.5657074,1.0
1765072986.5832415,1.0
1765072986.6008713,1.0
1765072986.6185205,1.0
1765072986.636035,1.0
1765072986.6537912,1.0
1765072986.671271,1.0
1765072986.6888394,1.0
1765072986.7063603,1.0
1765072986.7240314,1.0
1765072986.741569,1.0
1765072986.7590923,1.0
1765072986.7767107,1.0
1765072986.7945268,1.0
1765072986.8121333,1.0
1765072986.8296835,1.0
1765072986.8472555,1.0
1765072986.8647768,1.0
1765072986.8822904,1.0
1765072986.8998637,1.0
1765072986.9174972,1.0
1765072986.935071,1.0
1765072986.9526029,1.0
1765072986.9701455,1.0
1765072986.987717,1.0
1765072987.0052557,1.0
1765072987.0227747,1.0
1765072987.040366,1.0
1765072987.0579016,1.0
1765072987.0754635,1.0
1765072987.0930536,1.0
1765072987.1105745,1.0
1765072987.1281307,1.0
1765072987.1457503,1.0
1765072987.1633127,1.0
1765072987.1808953,1.0
1765072987.1984699,1.0
1765072987.2159743,1.0
1765072987.2336097,1.0
1765072987.2511268,1.0
1765072987.2687335,1.0
1765072987.2862568,1.0
1765072987.3052344,1.0
1765072987.3228216,1.0
1765072987.3403473,1.0
1765072987.357887,1.0
1765072987.3755248,1.0
1765072987.3930366,1.0
1765072987.4106941,1.0
1765072987.428372,1.0
1765072987.445907,1.0
1765072987.4634783,1.0
1765072987.4810772,1.0
1765072987.4987764,1.0
1765072987.5162988,1.0
1765072987.5338378,1.0
1765072987.5514457,1.0
1765072987.5689592,1.0
1765072987.586757,1.0
1765072987.6042817,1.0
1765072987.621842,1.0
1765072987.6395247,1.0
1765072987.6572099,1.0
1765072987.6747437,1.0
1765072987.6925137,1.0
1765072987.7100234,1.0
1765072987.7277465,1.0
1765072987.7455359,1.0
1765072987.763103,1.0
1765072987.780677,1.0
1765072987.7985177,1.0
1765072987.8160663,1.0
1765072987.8336072,1.0
1765072987.851149,1.0
1765072987.8687303,1.0
1765072987.8862786,1.0
1765072987.9040504,1.0
1765072987.921722,1.0
1765072987.9393098,1.0
1765072987.9568412,1.0
1765072987.9744928,1.0
1765072987.9921365,1.0
1765072988.0097578,1.0
1765072988.0273829,1.0
1765072988.0449677,1.0
1765072988.0625489,1.0
1765072988.0803592,1.0
1765072988.0979533,1.0
1765072988.1156104,1.0
1765072988.1332245,1.0
1765072988.1507916,1.0
1765072988.168385,1.0
1765072988.1860034,1.0
1765072988.2036173,1.0
1765072988.2212198,1.0
1765072988.2390072,1.0
1765072988.2565749,1.0
1765072988.274234,1.0
1765072988.2918038,1.0
1765072988.3106601,1.0
1765072988.328236,1.0
1765072988.3458683,1.0
1765072988.363472,1.0
1765072988.3811228,1.0
1765072988.3988605,1.0
1765072988.4164617,1.0
1765072988.434073,1.0
1765072988.451677,1.0
1765072988.4693081,1.0
1765072988.4868739,1.0
1765072988.5045938,1.0
1765072988.5221682,1.0
1765072988.5397806,1.0
1765072988.5573437,1.0
1765072988.5749037,1.0
1765072988.592506,1.0
1765072988.610098,1.0
1765072988.62771,1.0
1765072988.6455402,1.0
1765072988.6632252,1.0
1765072988.6808043,1.0
1765072988.698482,1.0
1765072988.716099,1.0
1765072988.7338073,1.0
1765072988.7513967,1.0
1765072988.7689962,1.0
1765072988.7865837,1.0
1765072988.804248,1.0
1765072988.8218374,1.0
1765072988.8394327,1.0
1765072988.8570845,1.0
1765072988.8747144,1.0
1765072988.8923466,1.0
1765072988.9101481,1.0
1765072988.927783,1.0
1765072988.945369,1.0
1765072988.9629464,1.0
1765072988.980579,1.0
1765072988.998182,1.0
1765072989.0157645,1.0
1765072989.0336015,1.0
1765072989.0511794,1.0
1765072989.0687692,1.0
1765072989.08639,1.0
1765072989.104032,1.0
1765072989.1216583,1.0
1765072989.1392689,1.0
1765072989.156867,1.0
1765072989.1745331,1.0
1765072989.1922562,1.0
1765072989.2098289,1.0
1765072989.2274384,1.0
1765072989.2450783,1.0
1765072989.2626932,1.0
1765072989.2803237,1.0
1765072989.298997,1.0
1765072989.316745,1.0
1765072989.3343666,1.0
1765072989.3519578,1.0
1765072989.369555,1.0
1765072989.3871882,1.0
1765072989.4047701,1.0
1765072989.422397,1.0
1765072989.44005,1.0
1765072989.4576259,1.0
1765072989.475326,1.0
1765072989.4931474,1.0
1765072989.510779,1.0
1765072989.5283554,1.0
1765072989.5459936,1.0
1765072989.5635664,1.0
1765072989.5811818,1.0
1765072989.5988054,1.0
1765072989.6164048,1.0
1765072989.6340132,1.0
1765072989.6516774,1.0
1765072989.6692967,1.0
1765072989.6869793,1.0
1765072989.704621,1.0
1765072989.7222912,1.0
1765072989.739805,1.0
1765072989.757416,1.0
1765072989.7749832,1.0
1765072989.7925622,1.0
1765072989.8102152,1.0
1765072989.8279603,1.0
1765072989.8457656,1.0
1765072989.8633695,1.0
1765072989.8809469,1.0
1765072989.898648,1.0
1765072989.916373,1.0
1765072989.9339337,1.0
1765072989.9515162,1.0
1765072989.9691496,1.0
1765072989.9870543,1.0
1765072990.0046406,1.0
1765072990.0222142,1.0
1765072990.0398548,1.0
1765072990.0575414,1.0
1765072990.0751584,1.0
1765072990.0927377,1.0
1765072990.1104,1.0
1765072990.1280138,1.0
1765072990.1456292,1.0
1765072990.1631944,1.0
1765072990.1807969,1.0
1765072990.1983888,1.0
1765072990.2159772,1.0
1765072990.233619,1.0
1765072990.2512183,1.0
1765072990.268891,1.0
1765072990.2865746,1.0
1765072990.3058279,1.0
1765072990.3234198,1.0
1765072990.3410063,1.0
1765072990.3585875,1.0
1765072990.3761802,1.0
1765072990.3938248,1.0
1765072990.4114556,1.0
1765072990.4291418,1.0
1765072990.4467676,1.0
1765072990.4643645,1.0
1765072990.481975,1.0
1765072990.4998093,1.0
1765072990.5174844,1.0
1765072990.5350769,1.0
1765072990.5527377,1.0
1765072990.5704455,1.0
1765072990.58801,1.0
1765072990.6056254,1.0
1765072990.6233487,1.0
1765072990.6410384,1.0
1765072990.6590154,1.0
1765072990.676598,1.0
1765072990.694299,1.0
1765072990.7118948,1.0
1765072990.729642,1.0
1765072990.7472348,1.0
1765072990.764825,1.0
1765072990.7824214,1.0
1765072990.8002014,1.0
1765072990.8178258,1.0
1765072990.835394,1.0
1765072990.8529594,1.0
1765072990.870576,1.0
1765072990.888217,1.0
1765072990.9058883,1.0
1765072990.9234843,1.0
1765072990.9410949,1.0
1765072990.958671,1.0
1765072990.9764395,1.0
1765072990.994056,1.0
1765072991.0117364,1.0
1765072991.0294402,1.0
1765072991.047209,1.0
1765072991.0649264,1.0
1765072991.0826304,1.0
1765072991.100243,1.0
1765072991.1179688,1.0
1765072991.1357114,1.0
1765072991.1534126,1.0
1765072991.171196,1.0
1765072991.1888983,1.0
1765072991.2067013,1.0
1765072991.2244627,1.0
1765072991.2421424,1.0
1765072991.259855,1.0
1765072991.2775497,1.0
1765072991.2965412,1.0
1765072991.3145258,1.0
1765072991.3321793,1.0
1765072991.3498313,1.0
1765072991.3675535,1.0
1765072991.3852165,1.0
1765072991.402882,1.0
1765072991.4205654,1.0
1765072991.4383698,1.0
1765072991.4560494,1.0
1765072991.4737873,1.0
1765072991.491579,1.0
1765072991.5092685,1.0
1765072991.5269032,1.0
1765072991.5445406,1.0
1765072991.5621946,1.0
1765072991.5798457,1.0
1765072991.597493,1.0
1765072991.6151657,1.0
1765072991.63275,1.0
1765072991.650957,1.0
1765072991.6685822,1.0
1765072991.6863146,1.0
1765072991.703874,1.0
1765072991.721537,1.0
1765072991.739152,1.0
1765072991.7567656,1.0
1765072991.774488,1.0
1765072991.7921665,1.0
1765072991.809872,1.0
1765072991.8275073,1.0
1765072991.8451467,1.0
1765072991.86281,1.0
1765072991.8804665,1.0
1765072991.8984926,1.0
1765072991.9161005,1.0
1765072991.9337304,1.0
1765072991.951363,1.0
1765072991.9691706,1.0
1765072991.9867966,1.0
1765072992.0043988,1.0
1765072992.0219946,1.0
1765072992.0395982,1.0
1765072992.0573072,1.0
1765072992.0749438,1.0
1765072992.0925603,1.0
1765072992.110149,1.0
1765072992.127763,1.0
1765072992.1454635,1.0
1765072992.163119,1.0
1765072992.180748,1.0
1765072992.1984425,1.0
1765072992.2160532,1.0
1765072992.2336721,1.0
1765072992.2513244,1.0
1765072992.2689521,1.0
1765072992.2865856,1.0
1765072992.3059363,1.0
1765072992.3235514,1.0
1765072992.3411772,1.0
1765072992.358809,1.0
1765072992.3764262,1.0
1765072992.3940237,1.0
1765072992.4116116,1.0
1765072992.4291768,1.0
1765072992.4467824,1.0
1765072992.4644084,1.0
1765072992.4821122,1.0
1765072992.4997833,1.0
1765072992.5175102,1.0
1765072992.5351393,1.0
1765072992.5528224,1.0
1765072992.5704904,1.0
1765072992.5882287,1.0
1765072992.6059797,1.0
1765072992.6236072,1.0
1765072992.6413,1.0
1765072992.6593103,1.0
1765072992.6769733,1.0
1765072992.6946454,1.0
1765072992.712354,1.0
1765072992.7300777,1.0
1765072992.747696,1.0
1765072992.7654061,1.0
1765072992.783,1.0
1765072992.8006063,1.0
1765072992.8182197,1.0
1765072992.8358567,1.0
1765072992.8534918,1.0
1765072992.871089,1.0
1765072992.8887138,1.0
1765072992.906457,1.0
1765072992.9240746,1.0
1765072992.9416883,1.0
1765072992.9593034,1.0
1765072992.976938,1.0
1765072992.994619,1.0
1765072993.012251,1.0
1765072993.029886,1.0
1765072993.0474982,1.0
1765072993.0651212,1.0
1765072993.0827281,1.0
1765072993.1003637,1.0
1765072993.1179922,1.0
1765072993.1356344,1.0
1765072993.1532412,1.0
1765072993.1708374,1.0
1765072993.1884828,1.0
1765072993.2060664,1.0
1765072993.2236655,1.0
1765072993.2413006,1.0
1765072993.2589037,1.0
1765072993.276646,1.0
1765072993.295648,1.0
1765072993.3133578,1.0
1765072993.3309639,1.0
1765072993.348611,1.0
1765072993.3662343,1.0
1765072993.3838542,1.0
1765072993.4014904,1.0
1765072993.4191804,1.0
1765072993.4368038,1.0
1765072993.4544156,1.0
1765072993.472023,1.0
1765072993.4896932,1.0
1765072993.5075076,1.0
1765072993.5251396,1.0
1765072993.5427487,1.0
1765072993.5606086,1.0
1765072993.5782015,1.0
1765072993.5958114,1.0
1765072993.613464,1.0
1765072993.6310892,1.0
1765072993.648916,1.0
1765072993.6664627,1.0
1765072993.6841047,1.0
1765072993.7017634,1.0
1765072993.719746,1.0
1765072993.7373178,1.0
1765072993.7549205,1.0
1765072993.772562,1.0
1765072993.7902582,1.0
1765072993.8078759,1.0
1765072993.8255048,1.0
1765072993.8431299,1.0
1765072993.860785,1.0
1765072993.8784444,1.0
1765072993.8960397,1.0
1765072993.9136555,1.0
1765072993.9312534,1.0
1765072993.9490047,1.0
1765072993.9666333,1.0
1765072993.984332,1.0
1765072994.001924,1.0
1765072994.0195673,1.0
1765072994.0371659,1.0
1765072994.054796,1.0
1765072994.0724196,1.0
1765072994.0900497,1.0
1765072994.1076682,1.0
1765072994.1253097,1.0
1765072994.1429293,1.0
1765072994.1605651,1.0
1765072994.1781561,1.0
1765072994.1959748,1.0
1765072994.2135777,1.0
1765072994.2311802,1.0
1765072994.2488034,1.0
1765072994.2664535,1.0
1765072994.2840316,1.0
1765072994.3023317,1.0
1765072994.3202956,1.0
1765072994.3379347,1.0
1765072994.3555527,1.0
1765072994.3731744,1.0
1765072994.390906,1.0
1765072994.4085515,1.0
1765072994.4261546,1.0
1765072994.4437923,1.0
1765072994.461448,1.0
1765072994.479067,1.0
1765072994.4967318,1.0
1765072994.5143893,1.0
1765072994.5319972,1.0
1765072994.549642,1.0
1765072994.5672429,1.0
1765072994.584864,1.0
1765072994.602519,1.0
1765072994.6201303,1.0
1765072994.637749,1.0
1765072994.6558063,1.0
1765072994.6734118,1.0
1765072994.6911097,1.0
1765072994.7087276,1.0
1765072994.7263558,1.0
1765072994.7439754,1.0
1765072994.761613,1.0
1765072994.7792351,1.0
1765072994.796838,1.0
1765072994.814446,1.0
1765072994.832022,1.0
1765072994.849616,1.0
1765072994.8672585,1.0
1765072994.8848372,1.0
1765072994.9024467,1.0
1765072994.9200587,1.0
1765072994.9379435,1.0
1765072994.9555461,1.0
1765072994.9731593,1.0
1765072994.9908657,1.0
1765072995.0084777,1.0
1765072995.0261493,1.0
1765072995.0437615,1.0
1765072995.0613906,1.0
1765072995.0789604,1.0
1765072995.0966575,1.0
1765072995.1142702,1.0
1765072995.1318426,1.0
1765072995.149473,1.0
1765072995.1670463,1.0
1765072995.1849134,1.0
1765072995.2024908,1.0
1765072995.2200885,1.0
1765072995.237649,1.0
1765072995.255504,1.0
1765072995.273126,1.0
1765072995.2907236,1.0
1765072995.30982,1.0
1765072995.3274298,1.0
1765072995.3450325,1.0
1765072995.3626368,1.0
1765072995.380235,1.0
1765072995.3978179,1.0
1765072995.4154422,1.0
1765072995.4331808,1.0
1765072995.450755,1.0
1765072995.468347,1.0
1765072995.4859943,1.0
1765072995.5036895,1.0
1765072995.5212789,1.0
1765072995.5389872,1.0
1765072995.5575716,1.0
1765072995.575143,1.0
1765072995.5927672,1.0
1765072995.610333,1.0
1765072995.6279185,1.0
1765072995.6456487,1.0
1765072995.6632206,1.0
1765072995.6807935,1.0
1765072995.6984522,1.0
1765072995.7160249,1.0
1765072995.7337263,1.0
1765072995.7513225,1.0
1765072995.7689269,1.0
1765072995.7865608,1.0
1765072995.8041365,1.0
1765072995.821716,1.0
1765072995.839338,1.0
1765072995.856947,1.0
1765072995.8745558,1.0
1765072995.8921943,1.0
1765072995.9098089,1.0
1765072995.9273996,1.0
1765072995.9451525,1.0
1765072995.9627883,1.0
1765072995.9804795,1.0
1765072995.9982445,1.0
1765072996.0158367,1.0
1765072996.0334926,1.0
1765072996.0511348,1.0
1765072996.06872,1.0
1765072996.0863218,1.0
1765072996.1039584,1.0
1765072996.1215556,1.0
1765072996.1391485,1.0
1765072996.1567378,1.0
1765072996.1744068,1.0
1765072996.192023,1.0
1765072996.2096794,1.0
1765072996.2272973,1.0
1765072996.2449021,1.0
1765072996.262488,1.0
1765072996.2804728,1.0
1765072996.2996118,1.0
1765072996.3171277,1.0
1765072996.3347332,1.0
1765072996.3523104,1.0
1765072996.3699665,1.0
1765072996.387573,1.0
1765072996.4052162,1.0
1765072996.4228244,1.0
1765072996.4404142,1.0
1765072996.4579978,1.0
1765072996.4756062,1.0
1765072996.4932308,1.0
1765072996.5108821,1.0
1765072996.5284667,1.0
1765072996.5460758,1.0
1765072996.5636413,1.0
1765072996.581244,1.0
1765072996.5989397,1.0
1765072996.6165218,1.0
1765072996.6341212,1.0
1765072996.6519196,1.0
1765072996.6694868,1.0
1765072996.687319,1.0
1765072996.704904,1.0
1765072996.7225995,1.0
1765072996.7401037,1.0
1765072996.7577946,1.0
1765072996.7754288,1.0
1765072996.7930124,1.0
1765072996.8106022,1.0
1765072996.8282743,1.0
1765072996.845828,1.0
1765072996.8634298,1.0
1765072996.881002,1.0
1765072996.898592,1.0
1765072996.9161441,1.0
1765072996.933797,1.0
1765072996.9513807,1.0
1765072996.96895,1.0
1765072996.9865873,1.0
1765072997.004153,1.0
1765072997.0217469,1.0
1765072997.0393748,1.0
1765072997.0569541,1.0
1765072997.0745313,1.0
1765072997.0921452,1.0
1765072997.1097455,1.0
1765072997.1276205,1.0
1765072997.1451862,1.0
1765072997.162771,1.0
1765072997.1803675,1.0
1765072997.198049,1.0
1765072997.21567,1.0
1765072997.233269,1.0
1765072997.2508142,1.0
1765072997.2683842,1.0
1765072997.285914,1.0
1765072997.305398,1.0
1765072997.3229632,1.0
1765072997.340548,1.0
1765072997.358101,1.0
1765072997.375678,1.0
1765072997.3933122,1.0
1765072997.410866,1.0
1765072997.4284618,1.0
1765072997.446149,1.0
1765072997.4637036,1.0
1765072997.4812593,1.0
1765072997.4989803,1.0
1765072997.5165617,1.0
1765072997.5341046,1.0
1765072997.5516877,1.0
1765072997.5695171,1.0
1765072997.5871468,1.0
1765072997.6047232,1.0
1765072997.622288,1.0
1765072997.6398432,1.0
1765072997.6575615,1.0
1765072997.6751504,1.0
1765072997.692902,1.0
1765072997.7104883,1.0
1765072997.728135,1.0
1765072997.745706,1.0
1765072997.763452,1.0
1765072997.7810493,1.0
1765072997.7986488,1.0
1765072997.816209,1.0
1765072997.833797,1.0
1765072997.8514488,1.0
1765072997.869013,1.0
1765072997.886633,1.0
1765072997.9042907,1.0
1765072997.9218762,1.0
1765072997.9394946,1.0
1765072997.9571054,1.0
1765072997.9747682,1.0
1765072997.9923594,1.0
1765072998.009946,1.0
1765072998.0275433,1.0
1765072998.045353,1.0
1765072998.0629437,1.0
1765072998.0805173,1.0
1765072998.0981667,1.0
1765072998.1157985,1.0
1765072998.1334138,1.0
1765072998.1511052,1.0
1765072998.16867,1.0
1765072998.1863103,1.0
1765072998.2038736,1.0
1765072998.2215004,1.0
1765072998.2391038,1.0
1765072998.256697,1.0
1765072998.274396,1.0
1765072998.2919865,1.0
1765072998.310903,1.0
1765072998.3285465,1.0
1765072998.3461041,1.0
1765072998.363706,1.0
1765072998.3812141,1.0
1765072998.3988705,1.0
1765072998.4164596,1.0
1765072998.4340684,1.0
1765072998.4517457,1.0
1765072998.4693947,1.0
1765072998.4869795,1.0
1765072998.5046425,1.0
1765072998.5223613,1.0
1765072998.5399463,1.0
1765072998.5575821,1.0
1765072998.5751908,1.0
1765072998.5927618,1.0
1765072998.6104872,1.0
1765072998.628115,1.0
1765072998.6459262,1.0
1765072998.663563,1.0
1765072998.681149,1.0
1765072998.698853,1.0
1765072998.7164237,1.0
1765072998.734087,1.0
1765072998.7516918,1.0
1765072998.7693007,1.0
1765072998.7869515,1.0
1765072998.8046434,1.0
1765072998.8222744,1.0
1765072998.8398757,1.0
1765072998.8574042,1.0
1765072998.8749468,1.0
1765072998.8925314,1.0
1765072998.9101582,1.0
1765072998.9277263,1.0
1765072998.9453456,1.0
1765072998.9629276,1.0
1765072998.9805064,1.0
1765072998.9981265,1.0
1765072999.015753,1.0
1765072999.0333447,1.0
1765072999.0509143,1.0
1765072999.0685072,1.0
1765072999.0860994,1.0
1765072999.1037345,1.0
1765072999.121327,1.0
1765072999.1389692,1.0
1765072999.1565878,1.0
1765072999.174149,1.0
1765072999.191746,1.0
1765072999.2093656,1.0
1765072999.2269435,1.0
1765072999.2446265,1.0
1765072999.2621815,1.0
1765072999.279795,1.0
1765072999.2986996,1.0
1765072999.3169591,1.0
1765072999.3346074,1.0
1765072999.3522837,1.0
1765072999.3698483,1.0
1765072999.3875036,1.0
1765072999.405087,1.0
1765072999.422651,1.0
1765072999.4402294,1.0
1765072999.457797,1.0
1765072999.4755397,1.0
1765072999.493932,1.0
1765072999.520414,1.0
1765072999.538003,1.0
1765072999.5556593,1.0
1765072999.5732174,1.0
1765072999.5907745,1.0
1765072999.6084583,1.0
1765072999.6260564,1.0
1765072999.6436217,1.0
1765072999.6615055,1.0
1765072999.6791384,1.0
1765072999.696935,1.0
1765072999.71458,1.0
1765072999.7392082,1.0
1765072999.7567203,1.0
1765072999.7744102,1.0
1765072999.7921088,1.0
1765072999.8097727,1.0
1765072999.8274746,1.0
1765072999.8450212,1.0
1765072999.8626332,1.0
1765072999.8802462,1.0
1765072999.8979661,1.0
1765072999.9157186,1.0
1765072999.9334698,1.0
1765072999.9510376,1.0
1765072999.968675,1.0
1765072999.986233,1.0
1765073000.0038812,1.0
1765073000.0214381,1.0
1765073000.0560348,1.0
1765073000.0734818,1.0
1765073000.0912952,1.0
1765073000.1088388,1.0
1765073000.126518,1.0
1765073000.1456623,1.0
1765073000.1633296,1.0
1765073000.1809003,1.0
1765073000.1984584,1.0
1765073000.2160573,1.0
1765073000.2336428,1.0
1765073000.2512782,1.0
1765073000.2688496,1.0
1765073000.2865179,1.0
1765073000.30574,1.0
1765073000.3232815,1.0
1765073000.340917,1.0
1765073000.3584862,1.0
1765073000.37609,1.0
1765073000.3939,1.0
1765073000.4115639,1.0
1765073000.4291925,1.0
1765073000.446759,1.0
1765073000.4643493,1.0
1765073000.4819465,1.0
1765073000.4996827,1.0
1765073000.5172532,1.0
1765073000.5348067,1.0
1765073000.552447,1.0
1765073000.5701,1.0
1765073000.5877118,1.0
1765073000.6052787,1.0
1765073000.6228964,1.0
1765073000.6405594,1.0
1765073000.6583242,1.0
1765073000.6758885,1.0
1765073000.69356,1.0
1765073000.7111206,1.0
1765073000.728991,1.0
1765073000.7466347,1.0
1765073000.7642007,1.0
1765073000.7819362,1.0
1765073000.799536,1.0
1765073000.8171058,1.0
1765073000.8346825,1.0
1765073000.8522475,1.0
1765073000.8699214,1.0
1765073000.887516,1.0
1765073000.905064,1.0
1765073000.9226418,1.0
1765073000.9402478,1.0
1765073000.95784,1.0
1765073000.9754107,1.0
1765073000.992996,1.0
1765073001.0105748,1.0
1765073001.0281227,1.0
1765073001.0457194,1.0
1765073001.0633898,1.0
1765073001.0809653,1.0
1765073001.0985181,1.0
1765073001.116104,1.0
1765073001.133733,1.0
1765073001.1513436,1.0
1765073001.1688826,1.0
1765073001.1864572,1.0
1765073001.2040193,1.0
1765073001.2215793,1.0
1765073001.2391798,1.0
1765073001.256831,1.0
1765073001.2745228,1.0
1765073001.292181,1.0
1765073001.3109856,1.0
1765073001.3285694,1.0
1765073001.3461995,1.0
1765073001.3638692,1.0
1765073001.3814695,1.0
1765073001.3990107,1.0
1765073001.4165986,1.0
1765073001.4341965,1.0
1765073001.4518538,1.0
1765073001.469409,1.0
1765073001.4869964,1.0
1765073001.5046508,1.0
1765073001.5222173,1.0
1765073001.5397735,1.0
1765073001.5573905,1.0
1765073001.5749538,1.0
1765073001.5925853,1.0
1765073001.6102362,1.0
1765073001.6278212,1.0
1765073001.6456833,1.0
1765073001.6633408,1.0
1765073001.6809115,1.0
1765073001.6985726,1.0
1765073001.7161248,1.0
1765073001.7338715,1.0
1765073001.7514744,1.0
1765073001.769055,1.0
1765073001.7866578,1.0
1765073001.804227,1.0
1765073001.821882,1.0
1765073001.8395503,1.0
1765073001.8571107,1.0
1765073001.8746874,1.0
1765073001.8922455,1.0
1765073001.909817,1.0
1765073001.9275103,1.0
1765073001.9450893,1.0
1765073001.962682,1.0
1765073001.9802575,1.0
1765073001.9978187,1.0
1765073002.0154157,1.0
1765073002.0329828,1.0
1765073002.050556,1.0
1765073002.068142,1.0
1765073002.085723,1.0
1765073002.1032934,1.0
1765073002.1209037,1.0
1765073002.1389017,1.0
1765073002.1565073,1.0
1765073002.174129,1.0
1765073002.1917958,1.0
1765073002.2093844,1.0
1765073002.2271094,1.0
1765073002.244668,1.0
1765073002.2622564,1.0
1765073002.279843,1.0
1765073002.2985573,1.0
1765073002.3163946,1.0
1765073002.3339667,1.0
1765073002.3515484,1.0
1765073002.3693607,1.0
1765073002.3869073,1.0
1765073002.4045,1.0
1765073002.4220357,1.0
1765073002.4396079,1.0
1765073002.4571254,1.0
1765073002.474712,1.0
1765073002.4923043,1.0
1765073002.5098603,1.0
1765073002.527455,1.0
1765073002.5449975,1.0
1765073002.562584,1.0
1765073002.5801454,1.0
1765073002.5977442,1.0
1765073002.6153347,1.0
1765073002.6329486,1.0
1765073002.650705,1.0
1765073002.6682432,1.0
1765073002.6859205,1.0
1765073002.703663,1.0
1765073002.721301,1.0
1765073002.7388084,1.0
1765073002.7563827,1.0
1765073002.7739456,1.0
1765073002.7915995,1.0
1765073002.8091638,1.0
1765073002.8267977,1.0
1765073002.844424,1.0
1765073002.862003,1.0
1765073002.8795779,1.0
1765073002.8972208,1.0
1765073002.914826,1.0
1765073002.9324005,1.0
1765073002.9499652,1.0
1765073002.967565,1.0
1765073002.9851282,1.0
1765073003.002762,1.0
1765073003.0203352,1.0
1765073003.037933,1.0
1765073003.055491,1.0
1765073003.0730317,1.0
1765073003.090666,1.0
1765073003.1082993,1.0
1765073003.1258776,1.0
1765073003.1434727,1.0
1765073003.161161,1.0
1765073003.1787267,1.0
1765073003.1963265,1.0
1765073003.2138996,1.0
1765073003.2314663,1.0
1765073003.2490957,1.0
1765073003.266698,1.0
1765073003.2843018,1.0
1765073003.3025086,1.0
1765073003.320486,1.0
1765073003.3380382,1.0
1765073003.3556974,1.0
1765073003.3732889,1.0
1765073003.3909194,1.0
1765073003.408524,1.0
1765073003.4261045,1.0
1765073003.443674,1.0
1765073003.461201,1.0
1765073003.4787474,1.0
1765073003.4963834,1.0
1765073003.5139875,1.0
1765073003.5315452,1.0
1765073003.5492017,1.0
1765073003.5667577,1.0
1765073003.5843906,1.0
1765073003.601946,1.0
1765073003.6195643,1.0
1765073003.6371193,1.0
1765073003.6549654,1.0
1765073003.6725311,1.0
1765073003.6900907,1.0
1765073003.7076244,1.0
1765073003.7252495,1.0
1765073003.7428246,1.0
1765073003.7604513,1.0
1765073003.7779918,1.0
1765073003.795653,1.0
1765073003.8132288,1.0
1765073003.8308434,1.0
1765073003.8484452,1.0
1765073003.8660588,1.0
1765073003.8836646,1.0
1765073003.901234,1.0
1765073003.9187984,1.0
1765073003.9364953,1.0
1765073003.954055,1.0
1765073003.9718213,1.0
1765073003.989395,1.0
1765073004.0069184,1.0
1765073004.0244977,1.0
1765073004.0421,1.0
1765073004.0597045,1.0
1765073004.0772507,1.0
1765073004.094798,1.0
1765073004.1124527,1.0
1765073004.1300201,1.0
1765073004.147586,1.0
1765073004.1651573,1.0
1765073004.1829503,1.0
1765073004.2005398,1.0
1765073004.218105,1.0
1765073004.2357078,1.0
1765073004.253368,1.0
1765073004.2709699,1.0
1765073004.2885814,1.0
1765073004.3072917,1.0
1765073004.3248997,1.0
1765073004.34251,1.0
1765073004.360121,1.0
1765073004.3777862,1.0
1765073004.3953671,1.0
1765073004.4129324,1.0
1765073004.4305036,1.0
1765073004.4480095,1.0
1765073004.4655771,1.0
1765073004.4831374,1.0
1765073004.5008755,1.0
1765073004.518449,1.0
1765073004.535994,1.0
1765073004.5536776,1.0
1765073004.5713055,1.0
1765073004.5888696,1.0
1765073004.6064515,1.0
1765073004.6240108,1.0
1765073004.64165,1.0
1765073004.6594145,1.0
1765073004.6770225,1.0
1765073004.6961966,1.0
1765073004.7137434,1.0
1765073004.7313278,1.0
1765073004.7489452,1.0
1765073004.7665195,1.0
1765073004.7841144,1.0
1765073004.8017652,1.0
1765073004.8194451,1.0
1765073004.836966,1.0
1765073004.8545425,1.0
1765073004.8720858,1.0
1765073004.8896408,1.0
1765073004.907197,1.0
1765073004.9247613,1.0
1765073004.9424706,1.0
1765073004.9600158,1.0
1765073004.9776497,1.0
1765073004.9952686,1.0
1765073005.0128624,1.0
1765073005.030433,1.0
1765073005.0480049,1.0
1765073005.0655913,1.0
1765073005.0831401,1.0
1765073005.1007812,1.0
1765073005.1185484,1.0
1765073005.136074,1.0
1765073005.1536405,1.0
1765073005.1712046,1.0
1765073005.1888914,1.0
1765073005.2066483,1.0
1765073005.2243018,1.0
1765073005.2419047,1.0
1765073005.276881,1.0
1765073005.2942755,1.0
1765073005.313098,1.0
1765073005.3306577,1.0
1765073005.3482258,1.0
1765073005.3658588,1.0
1765073005.3834422,1.0
1765073005.4010365,1.0
1765073005.4187002,1.0
1765073005.4364042,1.0
1765073005.4540324,1.0
1765073005.4717908,1.0
1765073005.4894962,1.0
1765073005.507165,1.0
1765073005.5248387,1.0
1765073005.542492,1.0
1765073005.5601597,1.0
1765073005.5778875,1.0
1765073005.5957432,1.0
1765073005.6134052,1.0
1765073005.6311831,1.0
1765073005.648893,1.0
1765073005.6666567,1.0
1765073005.6844954,1.0
1765073005.7021258,1.0
1765073005.7198226,1.0
1765073005.7375827,1.0
1765073005.7552311,1.0
1765073005.7729244,1.0
1765073005.7905858,1.0
1765073005.8082554,1.0
1765073005.8259115,1.0
1765073005.8437114,1.0
1765073005.8613884,1.0
1765073005.879054,1.0
1765073005.8967195,1.0
1765073005.9143891,1.0
1765073005.932019,1.0
1765073005.9496887,1.0
1765073005.9673762,1.0
1765073005.9850295,1.0
1765073006.002783,1.0
1765073006.0204372,1.0
1765073006.0381293,1.0
1765073006.0557923,1.0
1765073006.0734491,1.0
1765073006.0911145,1.0
1765073006.1087847,1.0
1765073006.1265879,1.0
1765073006.1442704,1.0
1765073006.1619384,1.0
1765073006.1796057,1.0
1765073006.1972938,1.0
1765073006.2149737,1.0
1765073006.233195,1.0
1765073006.250846,1.0
1765073006.2685213,1.0
1765073006.2861905,1.0
1765073006.3052468,1.0
1765073006.3228836,1.0
1765073006.3405542,1.0
1765073006.35822,1.0
1765073006.3758779,1.0
1765073006.3935525,1.0
1765073006.4112558,1.0
1765073006.428919,1.0
1765073006.4466836,1.0
1765073006.4643795,1.0
1765073006.4820373,1.0
1765073006.4998326,1.0
1765073006.5175145,1.0
1765073006.5351868,1.0
1765073006.5529191,1.0
1765073006.570595,1.0
1765073006.58829,1.0
1765073006.6059592,1.0
1765073006.6236098,1.0
1765073006.6413975,1.0
1765073006.6592007,1.0
1765073006.6769521,1.0
1765073006.6946785,1.0
1765073006.7123666,1.0
1765073006.7302263,1.0
1765073006.7478848,1.0
1765073006.7655792,1.0
1765073006.7833543,1.0
1765073006.801018,1.0
1765073006.81868,1.0
1765073006.8363616,1.0
1765073006.8540452,1.0
1765073006.871718,1.0
1765073006.8893936,1.0
1765073006.9070516,1.0
1765073006.9247305,1.0
1765073006.9424593,1.0
1765073006.9601283,1.0
1765073006.9778118,1.0
1765073006.9955938,1.0
1765073007.0132523,1.0
1765073007.0309284,1.0
1765073007.0486302,1.0
1765073007.0663083,1.0
1765073007.0838578,1.0
1765073007.1016488,1.0
1765073007.1193502,1.0
1765073007.1370728,1.0
1765073007.154742,1.0
1765073007.1724496,1.0
1765073007.1901069,1.0
1765073007.2077847,1.0
1765073007.2254753,1.0
1765073007.2431312,1.0
1765073007.2608192,1.0
1765073007.2784731,1.0
1765073007.297343,1.0
1765073007.3150625,1.0
1765073007.3328671,1.0
1765073007.350544,1.0
1765073007.3682048,1.0
1765073007.3858826,1.0
1765073007.4036746,1.0
1765073007.4214015,1.0
1765073007.4390526,1.0
1765073007.456747,1.0
1765073007.4910169,1.0
1765073007.5086021,1.0
1765073007.526301,1.0
1765073007.5440035,1.0
1765073007.5616767,1.0
1765073007.5793726,1.0
1765073007.597089,1.0
1765073007.6147523,1.0
1765073007.632435,1.0
1765073007.6502442,1.0
1765073007.6679032,1.0
1765073007.6856453,1.0
1765073007.7032595,1.0
1765073007.7209384,1.0
1765073007.7385428,1.0
1765073007.7561808,1.0
1765073007.7738864,1.0
1765073007.7915926,1.0
1765073007.8092759,1.0
1765073007.826931,1.0
1765073007.8446126,1.0
1765073007.8623917,1.0
1765073007.880072,1.0
1765073007.8977735,1.0
1765073007.9154437,1.0
1765073007.9331284,1.0
1765073007.9508123,1.0
1765073007.9685009,1.0
1765073007.9860222,1.0
1765073008.0036879,1.0
1765073008.021387,1.0
1765073008.0390506,1.0
1765073008.0567536,1.0
1765073008.0745492,1.0
1765073008.0923395,1.0
1765073008.1100175,1.0
1765073008.127705,1.0
1765073008.1453917,1.0
1765073008.1630783,1.0
1765073008.1807544,1.0
1765073008.198426,1.0
1765073008.216119,1.0
1765073008.2338006,1.0
1765073008.2515075,1.0
1765073008.2691612,1.0
1765073008.2873132,1.0
1765073008.3061275,1.0
1765073008.32382,1.0
1765073008.3414817,1.0
1765073008.3591716,1.0
1765073008.3768592,1.0
1765073008.394533,1.0
1765073008.4122746,1.0
1765073008.4299161,1.0
1765073008.4475877,1.0
1765073008.4652777,1.0
1765073008.483058,1.0
1765073008.5008943,1.0
1765073008.5185764,1.0
1765073008.536288,1.0
1765073008.5539792,1.0
1765073008.5716581,1.0
1765073008.5893655,1.0
1765073008.6071098,1.0
1765073008.6247725,1.0
1765073008.6424437,1.0
1765073008.660333,1.0
1765073008.6780043,1.0
1765073008.6958125,1.0
1765073008.713508,1.0
1765073008.7312717,1.0
1765073008.7490432,1.0
1765073008.7667148,1.0
1765073008.7844186,1.0
1765073008.8020866,1.0
1765073008.8197086,1.0
1765073008.8374825,1.0
1765073008.8551378,1.0
1765073008.8728414,1.0
1765073008.890601,1.0
1765073008.9082744,1.0
1765073008.925975,1.0
1765073008.9436386,1.0
1765073008.9612982,1.0
1765073008.9789727,1.0
1765073008.9966698,1.0
1765073009.014364,1.0
1765073009.0320082,1.0
1765073009.0497167,1.0
1765073009.067389,1.0
1765073009.085082,1.0
1765073009.1027465,1.0
1765073009.1205523,1.0
1765073009.1382232,1.0
1765073009.1559944,1.0
1765073009.173699,1.0
1765073009.1914039,1.0
1765073009.2090783,1.0
1765073009.2267628,1.0
1765073009.2444234,1.0
1765073009.2621005,1.0
1765073009.279771,1.0
1765073009.2988079,1.0
1765073009.3165693,1.0
1765073009.3342555,1.0
1765073009.351918,1.0
1765073009.369601,1.0
1765073009.38727,1.0
1765073009.4049454,1.0
1765073009.4225352,1.0
1765073009.4402137,1.0
1765073009.457879,1.0
1765073009.4755616,1.0
1765073009.4932883,1.0
1765073009.5109377,1.0
1765073009.5287259,1.0
1765073009.5464034,1.0
1765073009.5641398,1.0
1765073009.5818157,1.0
1765073009.5995038,1.0
1765073009.6171792,1.0
1765073009.6348417,1.0
1765073009.6526828,1.0
1765073009.6703386,1.0
1765073009.6881244,1.0
1765073009.7057807,1.0
1765073009.7236102,1.0
1765073009.7413645,1.0
1765073009.7590277,1.0
1765073009.7767045,1.0
1765073009.7943585,1.0
1765073009.812057,1.0
1765073009.8297389,1.0
1765073009.8473597,1.0
1765073009.8650503,1.0
1765073009.882732,1.0
1765073009.9004083,1.0
1765073009.918075,1.0
1765073009.935755,1.0
1765073009.9536617,1.0
1765073009.9713407,1.0
1765073009.9889991,1.0
1765073010.0066779,1.0
1765073010.024481,1.0
1765073010.042187,1.0
1765073010.0598552,1.0
1765073010.0775402,1.0
1765073010.0952072,1.0
1765073010.1129074,1.0
1765073010.13059,1.0
1765073010.1483998,1.0
1765073010.166071,1.0
1765073010.18377,1.0
1765073010.2014549,1.0
1765073010.219166,1.0
1765073010.2369256,1.0
1765073010.2546113,1.0
1765073010.272285,1.0
1765073010.2899654,1.0
1765073010.3089197,1.0
1765073010.3268359,1.0
1765073010.3445182,1.0
1765073010.3622713,1.0
1765073010.3799093,1.0
1765073010.3976054,1.0
1765073010.4152942,1.0
1765073010.4329798,1.0
1765073010.4506674,1.0
1765073010.4683352,1.0
1765073010.4859908,1.0
1765073010.5037153,1.0
1765073010.5213766,1.0
1765073010.539045,1.0
1765073010.5567093,1.0
1765073010.5743995,1.0
1765073010.592091,1.0
1765073010.6097682,1.0
1765073010.6275375,1.0
1765073010.6452982,1.0
1765073010.6630068,1.0
1765073010.6807015,1.0
1765073010.6984043,1.0
1765073010.7160878,1.0
1765073010.733925,1.0
1765073010.7516203,1.0
1765073010.769337,1.0
1765073010.787076,1.0
1765073010.804752,1.0
1765073010.8225098,1.0
1765073010.840221,1.0
1765073010.857915,1.0
1765073010.8757246,1.0
1765073010.893405,1.0
1765073010.9110718,1.0
1765073010.9287784,1.0
1765073010.9464614,1.0
1765073010.964141,1.0
1765073010.9819112,1.0
1765073010.9995909,1.0
1765073011.0172932,1.0
1765073011.0350552,1.0
1765073011.052754,1.0
1765073011.0704706,1.0
1765073011.0881307,1.0
1765073011.105737,1.0
1765073011.1234393,1.0
1765073011.141112,1.0
1765073011.158813,1.0
1765073011.1766486,1.0
1765073011.1943002,1.0
1765073011.211972,1.0
1765073011.2298307,1.0
1765073011.247523,1.0
1765073011.265233,1.0
1765073011.283002,1.0
1765073011.3018482,1.0
1765073011.3195343,1.0
1765073011.337226,1.0
1765073011.3549492,1.0
1765073011.3726518,1.0
1765073011.3903396,1.0
1765073011.408058,1.0
1765073011.4257717,1.0
1765073011.4434469,1.0
1765073011.4436522,0.0
