time,actuator,value
1738747522.7907624,Actuator(ptr=c_void_p(94499488352256)),165.0
1738747527.8075268,Actuator(ptr=c_void_p(94499488352256)),165.0
1738747532.8246133,Actuator(ptr=c_void_p(94499488352256)),165.0
1738747537.8407655,Actuator(ptr=c_void_p(94499488352256)),165.0
1738747542.8562524,Actuator(ptr=c_void_p(94499488352256)),165.0
1738747547.8726027,Actuator(ptr=c_void_p(94499488352256)),165.0
1738747552.89045,Actuator(ptr=c_void_p(94499488352256)),165.0
1738747557.9079885,Actuator(ptr=c_void_p(94499488352256)),165.0
