time,actuator,value
1738777062.4230585,Actuator(ptr=c_void_p(94282427277200)),89.0
1738777067.4422317,Actuator(ptr=c_void_p(94282427277200)),89.0
1738777072.4632638,Actuator(ptr=c_void_p(94282427277200)),89.0
1738777077.4858923,Actuator(ptr=c_void_p(94282427277200)),89.0
1738777082.5066466,Actuator(ptr=c_void_p(94282427277200)),89.0
1738777087.525822,Actuator(ptr=c_void_p(94282427277200)),89.0
1738777092.5435364,Actuator(ptr=c_void_p(94282427277200)),89.0
1738777097.5662928,Actuator(ptr=c_void_p(94282427277200)),89.0
1738777102.5864708,Actuator(ptr=c_void_p(94282427277200)),89.0
