time,actuator,value
1738747786.7115977,Actuator(ptr=c_void_p(94499488352256)),165.0
1738747791.7272947,Actuator(ptr=c_void_p(94499488352256)),165.0
1738747796.7429583,Actuator(ptr=c_void_p(94499488352256)),165.0
1738747801.759227,Actuator(ptr=c_void_p(94499488352256)),165.0
1738747806.7772052,Actuator(ptr=c_void_p(94499488352256)),165.0
1738747811.7954733,Actuator(ptr=c_void_p(94499488352256)),165.0
1738747816.813834,Actuator(ptr=c_void_p(94499488352256)),165.0
1738747821.8293786,Actuator(ptr=c_void_p(94499488352256)),165.0
