time,actuator,value
1738730223.1850007,Actuator(ptr=c_void_p(94485688121152)),118.0
1738730228.20226,Actuator(ptr=c_void_p(94485688121152)),118.0
1738730233.2185588,Actuator(ptr=c_void_p(94485688121152)),118.0
1738730238.237444,Actuator(ptr=c_void_p(94485688121152)),118.0
1738730243.2575963,Actuator(ptr=c_void_p(94485688121152)),118.0
1738730248.2768528,Actuator(ptr=c_void_p(94485688121152)),118.0
1738730253.2965536,Actuator(ptr=c_void_p(94485688121152)),118.0
1738730258.3175642,Actuator(ptr=c_void_p(94485688121152)),118.0
