time,actuator,value
1738778220.307653,Actuator(ptr=c_void_p(94233528672144)),112.0
1738778225.3258467,Actuator(ptr=c_void_p(94233528672144)),112.0
1738778230.342535,Actuator(ptr=c_void_p(94233528672144)),112.0
1738778235.359007,Actuator(ptr=c_void_p(94233528672144)),112.0
1738778240.3755975,Actuator(ptr=c_void_p(94233528672144)),112.0
1738778245.3955314,Actuator(ptr=c_void_p(94233528672144)),112.0
1738778250.4124584,Actuator(ptr=c_void_p(94233528672144)),112.0
1738778255.4288433,Actuator(ptr=c_void_p(94233528672144)),112.0
