
>>> Step 1/10
  [auto target] max perf @ PCAP=142.1W = 11.388Hz  →  80% target = 9.110Hz

[ones-npb-cg]
  target perf      : 9.1102 Hz
  coefficients_perf: [-0.0006547837485238978, 0.18607436314256556, -1.8317688501798497]
  feedforward PCAP : 83.11 W  →  83 W (snapped)
  Perf(u_ff) check : 9.1102 Hz  (should ≈ target)
  PID gains        : Kp=18.5447 W/Hz  Ki=1.85447 W/(Hz·s)  Kd=0.0000
[PID] Awaiting data — feedforward PCAP=83W
[PID] Awaiting data — feedforward PCAP=83W
[PID] Awaiting data — feedforward PCAP=83W
[PID] Awaiting data — feedforward PCAP=83W
[PID] Awaiting data — feedforward PCAP=83W
[PID] Awaiting data — feedforward PCAP=83W
[PID] perf=18.647Hz  target=9.110Hz  err=-9.537Hz  corr=-212.22W  u_ff=83.1W  PCAP→78W  power=nanW
[PID] perf=18.051Hz  target=9.110Hz  err=-8.941Hz  corr=-205.80W  u_ff=83.1W  PCAP→78W  power=79.1W
[PID] perf=18.076Hz  target=9.110Hz  err=-8.966Hz  corr=-206.27W  u_ff=83.1W  PCAP→78W  power=77.8W
[PID] perf=18.068Hz  target=9.110Hz  err=-8.957Hz  corr=-206.11W  u_ff=83.1W  PCAP→78W  power=79.1W
[PID] perf=18.096Hz  target=9.110Hz  err=-8.986Hz  corr=-206.64W  u_ff=83.1W  PCAP→78W  power=78.5W
[PID] perf=18.068Hz  target=9.110Hz  err=-8.958Hz  corr=-206.11W  u_ff=83.1W  PCAP→78W  power=77.9W
[PID] perf=18.083Hz  target=9.110Hz  err=-8.972Hz  corr=-206.39W  u_ff=83.1W  PCAP→78W  power=78.1W
[PID] perf=18.068Hz  target=9.110Hz  err=-8.958Hz  corr=-206.12W  u_ff=83.1W  PCAP→78W  power=78.9W
[PID] perf=18.098Hz  target=9.110Hz  err=-8.988Hz  corr=-206.68W  u_ff=83.1W  PCAP→78W  power=77.9W
[PID] perf=18.091Hz  target=9.110Hz  err=-8.980Hz  corr=-206.54W  u_ff=83.1W  PCAP→78W  power=78.7W
[PID] perf=18.078Hz  target=9.110Hz  err=-8.967Hz  corr=-206.30W  u_ff=83.1W  PCAP→78W  power=79.2W
[PID] perf=18.087Hz  target=9.110Hz  err=-8.977Hz  corr=-206.47W  u_ff=83.1W  PCAP→78W  power=76.5W
[PID] perf=18.094Hz  target=9.110Hz  err=-8.983Hz  corr=-206.59W  u_ff=83.1W  PCAP→78W  power=77.3W
[PID] perf=18.092Hz  target=9.110Hz  err=-8.981Hz  corr=-206.56W  u_ff=83.1W  PCAP→78W  power=79.2W
[PID] perf=18.071Hz  target=9.110Hz  err=-8.961Hz  corr=-206.18W  u_ff=83.1W  PCAP→78W  power=79.3W
[PID] perf=18.055Hz  target=9.110Hz  err=-8.945Hz  corr=-205.88W  u_ff=83.1W  PCAP→78W  power=77.3W
[PID] perf=18.043Hz  target=9.110Hz  err=-8.933Hz  corr=-205.65W  u_ff=83.1W  PCAP→78W  power=76.4W
[PID] perf=18.069Hz  target=9.110Hz  err=-8.959Hz  corr=-206.14W  u_ff=83.1W  PCAP→78W  power=77.3W
[PID] perf=18.061Hz  target=9.110Hz  err=-8.951Hz  corr=-205.99W  u_ff=83.1W  PCAP→78W  power=76.7W
[PID] perf=18.083Hz  target=9.110Hz  err=-8.973Hz  corr=-206.40W  u_ff=83.1W  PCAP→78W  power=78.5W
[PID] perf=18.071Hz  target=9.110Hz  err=-8.960Hz  corr=-206.17W  u_ff=83.1W  PCAP→78W  power=78.8W
[PID] perf=18.064Hz  target=9.110Hz  err=-8.954Hz  corr=-206.04W  u_ff=83.1W  PCAP→78W  power=77.3W
[PID] perf=18.067Hz  target=9.110Hz  err=-8.956Hz  corr=-206.09W  u_ff=83.1W  PCAP→78W  power=78.3W
[PID] perf=18.057Hz  target=9.110Hz  err=-8.947Hz  corr=-205.92W  u_ff=83.1W  PCAP→78W  power=77.0W
[PID] perf=18.053Hz  target=9.110Hz  err=-8.942Hz  corr=-205.83W  u_ff=83.1W  PCAP→78W  power=77.3W
[PID] perf=18.026Hz  target=9.110Hz  err=-8.916Hz  corr=-205.34W  u_ff=83.1W  PCAP→78W  power=78.3W
[PID] perf=18.024Hz  target=9.110Hz  err=-8.914Hz  corr=-205.30W  u_ff=83.1W  PCAP→78W  power=79.0W
[PID] perf=18.019Hz  target=9.110Hz  err=-8.909Hz  corr=-205.21W  u_ff=83.1W  PCAP→78W  power=78.2W
[PID] perf=18.076Hz  target=9.110Hz  err=-8.966Hz  corr=-206.28W  u_ff=83.1W  PCAP→78W  power=78.3W
[PID] perf=18.099Hz  target=9.110Hz  err=-8.988Hz  corr=-206.69W  u_ff=83.1W  PCAP→78W  power=77.6W
[PID] perf=18.075Hz  target=9.110Hz  err=-8.965Hz  corr=-206.25W  u_ff=83.1W  PCAP→78W  power=78.4W
[PID] perf=18.102Hz  target=9.110Hz  err=-8.991Hz  corr=-206.74W  u_ff=83.1W  PCAP→78W  power=78.5W
[PID] perf=18.070Hz  target=9.110Hz  err=-8.960Hz  corr=-206.16W  u_ff=83.1W  PCAP→78W  power=78.5W
[PID] perf=18.042Hz  target=9.110Hz  err=-8.931Hz  corr=-205.63W  u_ff=83.1W  PCAP→78W  power=78.3W
[PID] perf=18.055Hz  target=9.110Hz  err=-8.945Hz  corr=-205.88W  u_ff=83.1W  PCAP→78W  power=77.9W
[PID] perf=18.070Hz  target=9.110Hz  err=-8.960Hz  corr=-206.16W  u_ff=83.1W  PCAP→78W  power=77.4W
[PID] perf=18.065Hz  target=9.110Hz  err=-8.955Hz  corr=-206.07W  u_ff=83.1W  PCAP→78W  power=78.4W
[PID] perf=18.069Hz  target=9.110Hz  err=-8.959Hz  corr=-206.14W  u_ff=83.1W  PCAP→78W  power=79.0W
[PID] perf=18.078Hz  target=9.110Hz  err=-8.968Hz  corr=-206.31W  u_ff=83.1W  PCAP→78W  power=78.6W
[PID] perf=18.071Hz  target=9.110Hz  err=-8.961Hz  corr=-206.18W  u_ff=83.1W  PCAP→78W  power=78.9W
[PID] perf=18.044Hz  target=9.110Hz  err=-8.933Hz  corr=-205.67W  u_ff=83.1W  PCAP→78W  power=77.8W
[PID] perf=18.028Hz  target=9.110Hz  err=-8.917Hz  corr=-205.37W  u_ff=83.1W  PCAP→78W  power=78.3W
[PID] perf=18.061Hz  target=9.110Hz  err=-8.951Hz  corr=-205.99W  u_ff=83.1W  PCAP→78W  power=77.7W
[PID] perf=18.045Hz  target=9.110Hz  err=-8.935Hz  corr=-205.70W  u_ff=83.1W  PCAP→78W  power=77.0W
[PID] perf=18.019Hz  target=9.110Hz  err=-8.908Hz  corr=-205.20W  u_ff=83.1W  PCAP→78W  power=78.0W
[PID] perf=18.036Hz  target=9.110Hz  err=-8.926Hz  corr=-205.54W  u_ff=83.1W  PCAP→78W  power=79.1W
[PID] perf=18.050Hz  target=9.110Hz  err=-8.940Hz  corr=-205.78W  u_ff=83.1W  PCAP→78W  power=77.4W
[PID] perf=18.055Hz  target=9.110Hz  err=-8.945Hz  corr=-205.88W  u_ff=83.1W  PCAP→78W  power=77.3W
[PID] perf=18.017Hz  target=9.110Hz  err=-8.907Hz  corr=-205.18W  u_ff=83.1W  PCAP→78W  power=78.1W
[PID] perf=18.064Hz  target=9.110Hz  err=-8.954Hz  corr=-206.05W  u_ff=83.1W  PCAP→78W  power=76.3W
[PID] perf=18.052Hz  target=9.110Hz  err=-8.942Hz  corr=-205.83W  u_ff=83.1W  PCAP→78W  power=77.4W
[PID] perf=18.032Hz  target=9.110Hz  err=-8.921Hz  corr=-205.45W  u_ff=83.1W  PCAP→78W  power=77.6W
[PID] perf=18.073Hz  target=9.110Hz  err=-8.963Hz  corr=-206.21W  u_ff=83.1W  PCAP→78W  power=77.2W
[PID] perf=18.004Hz  target=9.110Hz  err=-8.894Hz  corr=-204.94W  u_ff=83.1W  PCAP→78W  power=77.0W
[PID] perf=18.053Hz  target=9.110Hz  err=-8.943Hz  corr=-205.84W  u_ff=83.1W  PCAP→78W  power=78.0W
[PID] perf=18.039Hz  target=9.110Hz  err=-8.929Hz  corr=-205.59W  u_ff=83.1W  PCAP→78W  power=79.1W
[PID] perf=18.052Hz  target=9.110Hz  err=-8.941Hz  corr=-205.82W  u_ff=83.1W  PCAP→78W  power=78.0W
[PID] perf=18.034Hz  target=9.110Hz  err=-8.924Hz  corr=-205.49W  u_ff=83.1W  PCAP→78W  power=78.7W
[PID] perf=18.044Hz  target=9.110Hz  err=-8.934Hz  corr=-205.68W  u_ff=83.1W  PCAP→78W  power=77.6W
[PID] perf=18.043Hz  target=9.110Hz  err=-8.933Hz  corr=-205.66W  u_ff=83.1W  PCAP→78W  power=77.6W
[PID] perf=18.035Hz  target=9.110Hz  err=-8.925Hz  corr=-205.51W  u_ff=83.1W  PCAP→78W  power=77.0W
[PID] perf=18.049Hz  target=9.110Hz  err=-8.939Hz  corr=-205.77W  u_ff=83.1W  PCAP→78W  power=78.8W
[PID] perf=18.065Hz  target=9.110Hz  err=-8.954Hz  corr=-206.06W  u_ff=83.1W  PCAP→78W  power=78.4W
[PID] perf=18.086Hz  target=9.110Hz  err=-8.976Hz  corr=-206.46W  u_ff=83.1W  PCAP→78W  power=77.1W
[PID] perf=18.106Hz  target=9.110Hz  err=-8.995Hz  corr=-206.82W  u_ff=83.1W  PCAP→78W  power=76.5W
[PID] perf=18.097Hz  target=9.110Hz  err=-8.987Hz  corr=-206.67W  u_ff=83.1W  PCAP→78W  power=76.6W
[PID] perf=18.088Hz  target=9.110Hz  err=-8.978Hz  corr=-206.49W  u_ff=83.1W  PCAP→78W  power=77.6W
[PID] perf=18.089Hz  target=9.110Hz  err=-8.979Hz  corr=-206.52W  u_ff=83.1W  PCAP→78W  power=78.8W
[PID] perf=18.069Hz  target=9.110Hz  err=-8.959Hz  corr=-206.14W  u_ff=83.1W  PCAP→78W  power=78.0W
[PID] perf=18.048Hz  target=9.110Hz  err=-8.938Hz  corr=-205.76W  u_ff=83.1W  PCAP→78W  power=76.5W
[PID] perf=18.065Hz  target=9.110Hz  err=-8.955Hz  corr=-206.07W  u_ff=83.1W  PCAP→78W  power=76.6W
[PID] perf=18.043Hz  target=9.110Hz  err=-8.933Hz  corr=-205.66W  u_ff=83.1W  PCAP→78W  power=77.3W
[PID] perf=18.048Hz  target=9.110Hz  err=-8.938Hz  corr=-205.75W  u_ff=83.1W  PCAP→78W  power=76.6W
[PID] perf=18.013Hz  target=9.110Hz  err=-8.903Hz  corr=-205.10W  u_ff=83.1W  PCAP→78W  power=76.7W
[PID] perf=18.012Hz  target=9.110Hz  err=-8.902Hz  corr=-205.08W  u_ff=83.1W  PCAP→78W  power=78.6W
[PID] perf=18.009Hz  target=9.110Hz  err=-8.899Hz  corr=-205.02W  u_ff=83.1W  PCAP→78W  power=76.2W
[PID] perf=17.989Hz  target=9.110Hz  err=-8.878Hz  corr=-204.65W  u_ff=83.1W  PCAP→78W  power=78.2W
[PID] perf=17.989Hz  target=9.110Hz  err=-8.879Hz  corr=-204.65W  u_ff=83.1W  PCAP→78W  power=78.8W
[PID] perf=18.031Hz  target=9.110Hz  err=-8.920Hz  corr=-205.43W  u_ff=83.1W  PCAP→78W  power=77.9W
[PID] perf=78.665Hz  target=9.110Hz  err=-69.555Hz  corr=-1329.87W  u_ff=83.1W  PCAP→78W  power=77.5W
[PID] perf=44.886Hz  target=9.110Hz  err=-35.776Hz  corr=-703.46W  u_ff=83.1W  PCAP→78W  power=78.0W
[PID] perf=17.976Hz  target=9.110Hz  err=-8.866Hz  corr=-204.42W  u_ff=83.1W  PCAP→78W  power=78.8W
[PID] perf=17.997Hz  target=9.110Hz  err=-8.887Hz  corr=-204.81W  u_ff=83.1W  PCAP→78W  power=76.7W
[PID] perf=28.977Hz  target=9.110Hz  err=-19.867Hz  corr=-408.43W  u_ff=83.1W  PCAP→78W  power=78.8W
[PID] perf=29.252Hz  target=9.110Hz  err=-20.142Hz  corr=-413.52W  u_ff=83.1W  PCAP→78W  power=77.7W
[PID] perf=29.276Hz  target=9.110Hz  err=-20.166Hz  corr=-413.97W  u_ff=83.1W  PCAP→78W  power=78.1W
[PID] perf=29.269Hz  target=9.110Hz  err=-20.159Hz  corr=-413.85W  u_ff=83.1W  PCAP→78W  power=79.5W
[PID] perf=29.279Hz  target=9.110Hz  err=-20.169Hz  corr=-414.02W  u_ff=83.1W  PCAP→78W  power=78.4W
[PID] perf=29.261Hz  target=9.110Hz  err=-20.151Hz  corr=-413.69W  u_ff=83.1W  PCAP→78W  power=79.0W
[PID] perf=29.269Hz  target=9.110Hz  err=-20.159Hz  corr=-413.83W  u_ff=83.1W  PCAP→78W  power=77.0W
[PID] perf=29.254Hz  target=9.110Hz  err=-20.144Hz  corr=-413.57W  u_ff=83.1W  PCAP→78W  power=78.9W
[PID] perf=29.244Hz  target=9.110Hz  err=-20.133Hz  corr=-413.37W  u_ff=83.1W  PCAP→78W  power=79.3W
[PID] perf=29.276Hz  target=9.110Hz  err=-20.166Hz  corr=-413.97W  u_ff=83.1W  PCAP→78W  power=76.8W
[PID] perf=29.281Hz  target=9.110Hz  err=-20.171Hz  corr=-414.06W  u_ff=83.1W  PCAP→78W  power=79.9W
[PID] perf=29.286Hz  target=9.110Hz  err=-20.176Hz  corr=-414.16W  u_ff=83.1W  PCAP→78W  power=77.1W
[PID] perf=29.263Hz  target=9.110Hz  err=-20.153Hz  corr=-413.74W  u_ff=83.1W  PCAP→78W  power=77.5W
[PID] perf=29.248Hz  target=9.110Hz  err=-20.138Hz  corr=-413.45W  u_ff=83.1W  PCAP→78W  power=77.2W
[PID] perf=29.279Hz  target=9.110Hz  err=-20.169Hz  corr=-414.03W  u_ff=83.1W  PCAP→78W  power=77.3W
[PID] perf=29.229Hz  target=9.110Hz  err=-20.119Hz  corr=-413.10W  u_ff=83.1W  PCAP→78W  power=78.4W
[PID] perf=29.250Hz  target=9.110Hz  err=-20.140Hz  corr=-413.48W  u_ff=83.1W  PCAP→78W  power=77.7W
[PID] perf=29.273Hz  target=9.110Hz  err=-20.163Hz  corr=-413.92W  u_ff=83.1W  PCAP→78W  power=77.2W
[PID] perf=29.359Hz  target=9.110Hz  err=-20.248Hz  corr=-415.50W  u_ff=83.1W  PCAP→78W  power=77.1W
[PID] perf=29.261Hz  target=9.110Hz  err=-20.151Hz  corr=-413.69W  u_ff=83.1W  PCAP→78W  power=79.0W
[PID] perf=29.270Hz  target=9.110Hz  err=-20.159Hz  corr=-413.85W  u_ff=83.1W  PCAP→78W  power=78.6W
[PID] perf=29.232Hz  target=9.110Hz  err=-20.122Hz  corr=-413.15W  u_ff=83.1W  PCAP→78W  power=78.3W
[PID] perf=29.246Hz  target=9.110Hz  err=-20.135Hz  corr=-413.40W  u_ff=83.1W  PCAP→78W  power=79.2W
[PID] perf=29.264Hz  target=9.110Hz  err=-20.154Hz  corr=-413.75W  u_ff=83.1W  PCAP→78W  power=79.5W
[PID] perf=29.247Hz  target=9.110Hz  err=-20.136Hz  corr=-413.42W  u_ff=83.1W  PCAP→78W  power=79.0W
[PID] perf=29.277Hz  target=9.110Hz  err=-20.166Hz  corr=-413.98W  u_ff=83.1W  PCAP→78W  power=78.8W
[PID] perf=29.343Hz  target=9.110Hz  err=-20.233Hz  corr=-415.21W  u_ff=83.1W  PCAP→78W  power=79.1W
[PID] perf=29.305Hz  target=9.110Hz  err=-20.195Hz  corr=-414.51W  u_ff=83.1W  PCAP→78W  power=76.9W
[PID] perf=29.265Hz  target=9.110Hz  err=-20.155Hz  corr=-413.76W  u_ff=83.1W  PCAP→78W  power=78.0W
[PID] perf=29.261Hz  target=9.110Hz  err=-20.151Hz  corr=-413.69W  u_ff=83.1W  PCAP→78W  power=78.8W
[PID] perf=29.273Hz  target=9.110Hz  err=-20.163Hz  corr=-413.92W  u_ff=83.1W  PCAP→78W  power=79.2W
[PID] perf=29.269Hz  target=9.110Hz  err=-20.159Hz  corr=-413.83W  u_ff=83.1W  PCAP→78W  power=77.6W
[PID] perf=29.246Hz  target=9.110Hz  err=-20.136Hz  corr=-413.41W  u_ff=83.1W  PCAP→78W  power=76.6W
[PID] perf=29.405Hz  target=9.110Hz  err=-20.295Hz  corr=-416.36W  u_ff=83.1W  PCAP→78W  power=78.6W
[PID] perf=29.375Hz  target=9.110Hz  err=-20.265Hz  corr=-415.81W  u_ff=83.1W  PCAP→78W  power=79.2W
[PID] perf=29.391Hz  target=9.110Hz  err=-20.281Hz  corr=-416.10W  u_ff=83.1W  PCAP→78W  power=79.3W
[PID] perf=29.308Hz  target=9.110Hz  err=-20.198Hz  corr=-414.57W  u_ff=83.1W  PCAP→78W  power=78.9W
[PID] perf=29.301Hz  target=9.110Hz  err=-20.191Hz  corr=-414.43W  u_ff=83.1W  PCAP→78W  power=77.9W
[PID] perf=29.392Hz  target=9.110Hz  err=-20.282Hz  corr=-416.11W  u_ff=83.1W  PCAP→78W  power=78.1W
[PID] perf=29.368Hz  target=9.110Hz  err=-20.258Hz  corr=-415.68W  u_ff=83.1W  PCAP→78W  power=76.8W
[PID] perf=29.363Hz  target=9.110Hz  err=-20.253Hz  corr=-415.58W  u_ff=83.1W  PCAP→78W  power=79.3W
[PID] perf=29.327Hz  target=9.110Hz  err=-20.217Hz  corr=-414.92W  u_ff=83.1W  PCAP→78W  power=77.0W
[PID] perf=29.325Hz  target=9.110Hz  err=-20.215Hz  corr=-414.88W  u_ff=83.1W  PCAP→78W  power=78.5W
[PID] perf=29.420Hz  target=9.110Hz  err=-20.309Hz  corr=-416.63W  u_ff=83.1W  PCAP→78W  power=79.5W
[PID] perf=29.326Hz  target=9.110Hz  err=-20.216Hz  corr=-414.90W  u_ff=83.1W  PCAP→78W  power=77.5W
[PID] perf=29.440Hz  target=9.110Hz  err=-20.330Hz  corr=-417.01W  u_ff=83.1W  PCAP→78W  power=76.3W
[PID] perf=29.356Hz  target=9.110Hz  err=-20.245Hz  corr=-415.45W  u_ff=83.1W  PCAP→78W  power=79.1W
[PID] perf=29.325Hz  target=9.110Hz  err=-20.214Hz  corr=-414.87W  u_ff=83.1W  PCAP→78W  power=76.3W
[PID] perf=27.102Hz  target=9.110Hz  err=-17.992Hz  corr=-373.66W  u_ff=83.1W  PCAP→78W  power=78.6W
[PID] perf=27.160Hz  target=9.110Hz  err=-18.049Hz  corr=-374.72W  u_ff=83.1W  PCAP→78W  power=78.6W
[PID] perf=27.181Hz  target=9.110Hz  err=-18.071Hz  corr=-375.12W  u_ff=83.1W  PCAP→78W  power=78.1W
[PID] perf=27.075Hz  target=9.110Hz  err=-17.965Hz  corr=-373.15W  u_ff=83.1W  PCAP→78W  power=77.6W
[PID] perf=27.159Hz  target=9.110Hz  err=-18.048Hz  corr=-374.70W  u_ff=83.1W  PCAP→78W  power=79.2W
[PID] perf=27.177Hz  target=9.110Hz  err=-18.067Hz  corr=-375.04W  u_ff=83.1W  PCAP→78W  power=77.5W
[PID] perf=27.215Hz  target=9.110Hz  err=-18.105Hz  corr=-375.75W  u_ff=83.1W  PCAP→78W  power=78.6W
[PID] perf=27.205Hz  target=9.110Hz  err=-18.095Hz  corr=-375.57W  u_ff=83.1W  PCAP→78W  power=78.4W
[PID] perf=27.182Hz  target=9.110Hz  err=-18.072Hz  corr=-375.14W  u_ff=83.1W  PCAP→78W  power=78.2W
[PID] perf=27.225Hz  target=9.110Hz  err=-18.114Hz  corr=-375.92W  u_ff=83.1W  PCAP→78W  power=77.6W
[PID] perf=27.215Hz  target=9.110Hz  err=-18.105Hz  corr=-375.75W  u_ff=83.1W  PCAP→78W  power=77.0W
[PID] perf=27.236Hz  target=9.110Hz  err=-18.126Hz  corr=-376.14W  u_ff=83.1W  PCAP→78W  power=77.7W
[PID] perf=27.225Hz  target=9.110Hz  err=-18.115Hz  corr=-375.93W  u_ff=83.1W  PCAP→78W  power=78.6W
[PID] perf=27.230Hz  target=9.110Hz  err=-18.120Hz  corr=-376.02W  u_ff=83.1W  PCAP→78W  power=79.5W
[PID] perf=27.185Hz  target=9.110Hz  err=-18.074Hz  corr=-375.18W  u_ff=83.1W  PCAP→78W  power=77.2W
[PID] perf=27.237Hz  target=9.110Hz  err=-18.127Hz  corr=-376.15W  u_ff=83.1W  PCAP→78W  power=78.4W
[PID] perf=27.286Hz  target=9.110Hz  err=-18.175Hz  corr=-377.06W  u_ff=83.1W  PCAP→78W  power=77.7W
[PID] perf=27.267Hz  target=9.110Hz  err=-18.156Hz  corr=-376.70W  u_ff=83.1W  PCAP→78W  power=77.2W
[PID] perf=27.271Hz  target=9.110Hz  err=-18.161Hz  corr=-376.79W  u_ff=83.1W  PCAP→78W  power=78.4W
[PID] perf=27.361Hz  target=9.110Hz  err=-18.251Hz  corr=-378.45W  u_ff=83.1W  PCAP→78W  power=78.7W
[PID] perf=29.325Hz  target=9.110Hz  err=-20.215Hz  corr=-414.87W  u_ff=83.1W  PCAP→78W  power=77.9W
[PID] perf=29.326Hz  target=9.110Hz  err=-20.216Hz  corr=-414.90W  u_ff=83.1W  PCAP→78W  power=77.5W
[PID] perf=29.304Hz  target=9.110Hz  err=-20.194Hz  corr=-414.49W  u_ff=83.1W  PCAP→78W  power=79.8W
[PID] perf=29.364Hz  target=9.110Hz  err=-20.254Hz  corr=-415.61W  u_ff=83.1W  PCAP→78W  power=77.3W
[PID] perf=29.398Hz  target=9.110Hz  err=-20.288Hz  corr=-416.23W  u_ff=83.1W  PCAP→78W  power=79.6W
[PID] perf=29.360Hz  target=9.110Hz  err=-20.250Hz  corr=-415.53W  u_ff=83.1W  PCAP→78W  power=78.3W
[PID] perf=29.324Hz  target=9.110Hz  err=-20.214Hz  corr=-414.86W  u_ff=83.1W  PCAP→78W  power=76.6W
[PID] perf=29.364Hz  target=9.110Hz  err=-20.254Hz  corr=-415.60W  u_ff=83.1W  PCAP→78W  power=77.9W
[PID] perf=29.318Hz  target=9.110Hz  err=-20.208Hz  corr=-414.75W  u_ff=83.1W  PCAP→78W  power=78.9W
[PID] perf=29.341Hz  target=9.110Hz  err=-20.231Hz  corr=-415.17W  u_ff=83.1W  PCAP→78W  power=77.3W
[PID] perf=29.328Hz  target=9.110Hz  err=-20.218Hz  corr=-414.94W  u_ff=83.1W  PCAP→78W  power=78.3W
[PID] perf=29.355Hz  target=9.110Hz  err=-20.245Hz  corr=-415.44W  u_ff=83.1W  PCAP→78W  power=77.4W
[PID] perf=29.378Hz  target=9.110Hz  err=-20.268Hz  corr=-415.86W  u_ff=83.1W  PCAP→78W  power=78.4W
[PID] perf=29.343Hz  target=9.110Hz  err=-20.232Hz  corr=-415.20W  u_ff=83.1W  PCAP→78W  power=78.0W
[PID] perf=29.434Hz  target=9.110Hz  err=-20.323Hz  corr=-416.89W  u_ff=83.1W  PCAP→78W  power=78.6W
[PID] perf=29.323Hz  target=9.110Hz  err=-20.213Hz  corr=-414.84W  u_ff=83.1W  PCAP→78W  power=79.9W
[PID] perf=27.254Hz  target=9.110Hz  err=-18.143Hz  corr=-376.46W  u_ff=83.1W  PCAP→78W  power=78.0W
[PID] perf=27.259Hz  target=9.110Hz  err=-18.149Hz  corr=-376.56W  u_ff=83.1W  PCAP→78W  power=76.7W
[PID] perf=26.366Hz  target=9.110Hz  err=-17.256Hz  corr=-360.00W  u_ff=83.1W  PCAP→78W  power=77.6W
[PID] perf=26.526Hz  target=9.110Hz  err=-17.415Hz  corr=-362.96W  u_ff=83.1W  PCAP→78W  power=79.2W
[PID] perf=26.496Hz  target=9.110Hz  err=-17.386Hz  corr=-362.41W  u_ff=83.1W  PCAP→78W  power=79.4W
[PID] perf=26.474Hz  target=9.110Hz  err=-17.364Hz  corr=-362.01W  u_ff=83.1W  PCAP→78W  power=77.1W
[PID] perf=26.500Hz  target=9.110Hz  err=-17.389Hz  corr=-362.48W  u_ff=83.1W  PCAP→78W  power=77.6W
[PID] perf=26.644Hz  target=9.110Hz  err=-17.533Hz  corr=-365.15W  u_ff=83.1W  PCAP→78W  power=79.6W
[PID] perf=26.735Hz  target=9.110Hz  err=-17.625Hz  corr=-366.85W  u_ff=83.1W  PCAP→78W  power=78.5W
[PID] perf=26.715Hz  target=9.110Hz  err=-17.605Hz  corr=-366.48W  u_ff=83.1W  PCAP→78W  power=78.7W
[PID] perf=26.738Hz  target=9.110Hz  err=-17.628Hz  corr=-366.91W  u_ff=83.1W  PCAP→78W  power=77.9W
[PID] perf=26.753Hz  target=9.110Hz  err=-17.643Hz  corr=-367.18W  u_ff=83.1W  PCAP→78W  power=78.8W
[PID] perf=26.748Hz  target=9.110Hz  err=-17.638Hz  corr=-367.09W  u_ff=83.1W  PCAP→78W  power=77.5W
[PID] perf=26.705Hz  target=9.110Hz  err=-17.595Hz  corr=-366.29W  u_ff=83.1W  PCAP→78W  power=76.7W
[PID] perf=26.754Hz  target=9.110Hz  err=-17.644Hz  corr=-367.20W  u_ff=83.1W  PCAP→78W  power=76.9W
[PID] perf=26.726Hz  target=9.110Hz  err=-17.616Hz  corr=-366.69W  u_ff=83.1W  PCAP→78W  power=77.5W
[PID] perf=26.323Hz  target=9.110Hz  err=-17.212Hz  corr=-359.20W  u_ff=83.1W  PCAP→78W  power=78.0W
[PID] perf=26.324Hz  target=9.110Hz  err=-17.214Hz  corr=-359.23W  u_ff=83.1W  PCAP→78W  power=78.6W
[PID] perf=26.361Hz  target=9.110Hz  err=-17.251Hz  corr=-359.91W  u_ff=83.1W  PCAP→78W  power=78.7W
[PID] perf=26.347Hz  target=9.110Hz  err=-17.237Hz  corr=-359.65W  u_ff=83.1W  PCAP→78W  power=77.6W
[PID] perf=26.359Hz  target=9.110Hz  err=-17.249Hz  corr=-359.88W  u_ff=83.1W  PCAP→78W  power=78.9W
[PID] perf=26.364Hz  target=9.110Hz  err=-17.253Hz  corr=-359.96W  u_ff=83.1W  PCAP→78W  power=78.1W
[PID] perf=26.342Hz  target=9.110Hz  err=-17.232Hz  corr=-359.56W  u_ff=83.1W  PCAP→78W  power=78.4W
[PID] perf=26.327Hz  target=9.110Hz  err=-17.217Hz  corr=-359.29W  u_ff=83.1W  PCAP→78W  power=77.6W
[PID] perf=26.316Hz  target=9.110Hz  err=-17.205Hz  corr=-359.07W  u_ff=83.1W  PCAP→78W  power=79.0W
[PID] perf=26.342Hz  target=9.110Hz  err=-17.232Hz  corr=-359.56W  u_ff=83.1W  PCAP→78W  power=79.1W
[PID] perf=26.328Hz  target=9.110Hz  err=-17.218Hz  corr=-359.29W  u_ff=83.1W  PCAP→78W  power=78.9W
[PID] perf=26.336Hz  target=9.110Hz  err=-17.226Hz  corr=-359.44W  u_ff=83.1W  PCAP→78W  power=79.3W
[PID] perf=26.347Hz  target=9.110Hz  err=-17.237Hz  corr=-359.65W  u_ff=83.1W  PCAP→78W  power=79.1W
[PID] perf=26.335Hz  target=9.110Hz  err=-17.225Hz  corr=-359.43W  u_ff=83.1W  PCAP→78W  power=76.3W
[PID] perf=26.369Hz  target=9.110Hz  err=-17.259Hz  corr=-360.06W  u_ff=83.1W  PCAP→78W  power=77.7W
[PID] perf=26.357Hz  target=9.110Hz  err=-17.247Hz  corr=-359.84W  u_ff=83.1W  PCAP→78W  power=77.7W
[PID] perf=26.370Hz  target=9.110Hz  err=-17.260Hz  corr=-360.08W  u_ff=83.1W  PCAP→78W  power=77.0W
[PID] perf=26.330Hz  target=9.110Hz  err=-17.219Hz  corr=-359.33W  u_ff=83.1W  PCAP→78W  power=77.5W
[PID] perf=26.231Hz  target=9.110Hz  err=-17.120Hz  corr=-357.49W  u_ff=83.1W  PCAP→78W  power=79.5W
[PID] perf=26.251Hz  target=9.110Hz  err=-17.141Hz  corr=-357.87W  u_ff=83.1W  PCAP→78W  power=79.2W
[PID] perf=26.254Hz  target=9.110Hz  err=-17.144Hz  corr=-357.94W  u_ff=83.1W  PCAP→78W  power=78.7W
[PID] perf=26.231Hz  target=9.110Hz  err=-17.121Hz  corr=-357.50W  u_ff=83.1W  PCAP→78W  power=78.6W
[PID] perf=26.213Hz  target=9.110Hz  err=-17.103Hz  corr=-357.17W  u_ff=83.1W  PCAP→78W  power=79.2W
[PID] perf=26.255Hz  target=9.110Hz  err=-17.145Hz  corr=-357.95W  u_ff=83.1W  PCAP→78W  power=77.4W
[PID] perf=26.284Hz  target=9.110Hz  err=-17.174Hz  corr=-358.48W  u_ff=83.1W  PCAP→78W  power=78.3W
[PID] perf=26.329Hz  target=9.110Hz  err=-17.219Hz  corr=-359.32W  u_ff=83.1W  PCAP→78W  power=78.8W
[PID] perf=26.292Hz  target=9.110Hz  err=-17.182Hz  corr=-358.63W  u_ff=83.1W  PCAP→78W  power=78.2W
[PID] perf=26.334Hz  target=9.110Hz  err=-17.223Hz  corr=-359.40W  u_ff=83.1W  PCAP→78W  power=77.9W
[PID] perf=26.273Hz  target=9.110Hz  err=-17.163Hz  corr=-358.28W  u_ff=83.1W  PCAP→78W  power=78.6W
[PID] perf=26.204Hz  target=9.110Hz  err=-17.094Hz  corr=-357.00W  u_ff=83.1W  PCAP→78W  power=79.0W
[PID] perf=26.108Hz  target=9.110Hz  err=-16.997Hz  corr=-355.21W  u_ff=83.1W  PCAP→78W  power=76.6W
[PID] perf=26.136Hz  target=9.110Hz  err=-17.026Hz  corr=-355.74W  u_ff=83.1W  PCAP→78W  power=78.0W
[PID] perf=26.205Hz  target=9.110Hz  err=-17.095Hz  corr=-357.02W  u_ff=83.1W  PCAP→78W  power=77.8W
[PID] perf=26.218Hz  target=9.110Hz  err=-17.108Hz  corr=-357.27W  u_ff=83.1W  PCAP→78W  power=77.5W
[PID] perf=26.235Hz  target=9.110Hz  err=-17.125Hz  corr=-357.58W  u_ff=83.1W  PCAP→78W  power=78.7W
[PID] perf=26.239Hz  target=9.110Hz  err=-17.128Hz  corr=-357.64W  u_ff=83.1W  PCAP→78W  power=78.7W
[PID] perf=26.165Hz  target=9.110Hz  err=-17.055Hz  corr=-356.28W  u_ff=83.1W  PCAP→78W  power=76.4W
[PID] perf=26.221Hz  target=9.110Hz  err=-17.110Hz  corr=-357.31W  u_ff=83.1W  PCAP→78W  power=79.2W
[PID] perf=26.184Hz  target=9.110Hz  err=-17.074Hz  corr=-356.62W  u_ff=83.1W  PCAP→78W  power=77.7W
[PID] perf=26.160Hz  target=9.110Hz  err=-17.050Hz  corr=-356.19W  u_ff=83.1W  PCAP→78W  power=77.9W
[PID] perf=26.087Hz  target=9.110Hz  err=-16.977Hz  corr=-354.82W  u_ff=83.1W  PCAP→78W  power=77.4W
[PID] perf=26.155Hz  target=9.110Hz  err=-17.045Hz  corr=-356.09W  u_ff=83.1W  PCAP→78W  power=78.8W
[PID] perf=26.144Hz  target=9.110Hz  err=-17.034Hz  corr=-355.89W  u_ff=83.1W  PCAP→78W  power=78.8W
[PID] perf=26.153Hz  target=9.110Hz  err=-17.043Hz  corr=-356.06W  u_ff=83.1W  PCAP→78W  power=79.3W
[PID] perf=26.180Hz  target=9.110Hz  err=-17.070Hz  corr=-356.55W  u_ff=83.1W  PCAP→78W  power=79.2W
[PID] perf=26.197Hz  target=9.110Hz  err=-17.087Hz  corr=-356.87W  u_ff=83.1W  PCAP→78W  power=77.3W
[PID] perf=26.209Hz  target=9.110Hz  err=-17.099Hz  corr=-357.10W  u_ff=83.1W  PCAP→78W  power=77.6W
[PID] perf=26.204Hz  target=9.110Hz  err=-17.094Hz  corr=-357.01W  u_ff=83.1W  PCAP→78W  power=77.6W
[PID] perf=25.895Hz  target=9.110Hz  err=-16.785Hz  corr=-351.27W  u_ff=83.1W  PCAP→78W  power=77.2W
[PID] perf=25.912Hz  target=9.110Hz  err=-16.802Hz  corr=-351.59W  u_ff=83.1W  PCAP→78W  power=79.0W
[PID] perf=25.950Hz  target=9.110Hz  err=-16.840Hz  corr=-352.29W  u_ff=83.1W  PCAP→78W  power=80.1W
[PID] perf=25.942Hz  target=9.110Hz  err=-16.832Hz  corr=-352.15W  u_ff=83.1W  PCAP→78W  power=77.3W
[PID] perf=26.115Hz  target=9.110Hz  err=-17.005Hz  corr=-355.35W  u_ff=83.1W  PCAP→78W  power=77.3W
[PID] perf=26.071Hz  target=9.110Hz  err=-16.961Hz  corr=-354.54W  u_ff=83.1W  PCAP→78W  power=78.8W
[PID] perf=25.972Hz  target=9.110Hz  err=-16.862Hz  corr=-352.70W  u_ff=83.1W  PCAP→78W  power=77.6W
[PID] perf=26.036Hz  target=9.110Hz  err=-16.925Hz  corr=-353.87W  u_ff=83.1W  PCAP→78W  power=77.4W
[PID] perf=26.017Hz  target=9.110Hz  err=-16.907Hz  corr=-353.53W  u_ff=83.1W  PCAP→78W  power=77.7W
[PID] perf=26.083Hz  target=9.110Hz  err=-16.972Hz  corr=-354.75W  u_ff=83.1W  PCAP→78W  power=77.5W
[PID] perf=26.191Hz  target=9.110Hz  err=-17.081Hz  corr=-356.76W  u_ff=83.1W  PCAP→78W  power=77.3W
[PID] perf=26.181Hz  target=9.110Hz  err=-17.071Hz  corr=-356.57W  u_ff=83.1W  PCAP→78W  power=79.1W
[PID] perf=26.180Hz  target=9.110Hz  err=-17.070Hz  corr=-356.55W  u_ff=83.1W  PCAP→78W  power=78.7W
[PID] perf=26.275Hz  target=9.110Hz  err=-17.165Hz  corr=-358.32W  u_ff=83.1W  PCAP→78W  power=78.9W
[PID] perf=26.219Hz  target=9.110Hz  err=-17.109Hz  corr=-357.28W  u_ff=83.1W  PCAP→78W  power=78.2W
[PID] perf=26.213Hz  target=9.110Hz  err=-17.103Hz  corr=-357.17W  u_ff=83.1W  PCAP→78W  power=78.9W
[PID] perf=26.238Hz  target=9.110Hz  err=-17.127Hz  corr=-357.62W  u_ff=83.1W  PCAP→78W  power=78.5W
[PID] perf=26.226Hz  target=9.110Hz  err=-17.116Hz  corr=-357.41W  u_ff=83.1W  PCAP→78W  power=77.8W
[PID] perf=26.252Hz  target=9.110Hz  err=-17.141Hz  corr=-357.88W  u_ff=83.1W  PCAP→78W  power=78.3W
[PID] perf=26.174Hz  target=9.110Hz  err=-17.064Hz  corr=-356.44W  u_ff=83.1W  PCAP→78W  power=78.9W
[PID] perf=26.120Hz  target=9.110Hz  err=-17.010Hz  corr=-355.44W  u_ff=83.1W  PCAP→78W  power=78.2W
[PID] perf=26.167Hz  target=9.110Hz  err=-17.056Hz  corr=-356.30W  u_ff=83.1W  PCAP→78W  power=77.1W
[PID] perf=26.164Hz  target=9.110Hz  err=-17.053Hz  corr=-356.25W  u_ff=83.1W  PCAP→78W  power=78.7W
[PID] perf=26.178Hz  target=9.110Hz  err=-17.067Hz  corr=-356.51W  u_ff=83.1W  PCAP→78W  power=76.5W
[PID] perf=26.173Hz  target=9.110Hz  err=-17.062Hz  corr=-356.42W  u_ff=83.1W  PCAP→78W  power=77.5W
[PID] perf=26.163Hz  target=9.110Hz  err=-17.053Hz  corr=-356.25W  u_ff=83.1W  PCAP→78W  power=79.2W
[PID] perf=26.185Hz  target=9.110Hz  err=-17.075Hz  corr=-356.65W  u_ff=83.1W  PCAP→78W  power=77.9W
[PID] perf=26.205Hz  target=9.110Hz  err=-17.095Hz  corr=-357.03W  u_ff=83.1W  PCAP→78W  power=77.6W
[PID] perf=26.177Hz  target=9.110Hz  err=-17.067Hz  corr=-356.49W  u_ff=83.1W  PCAP→78W  power=79.2W
[PID] perf=26.203Hz  target=9.110Hz  err=-17.093Hz  corr=-356.98W  u_ff=83.1W  PCAP→78W  power=79.1W
[PID] perf=26.178Hz  target=9.110Hz  err=-17.068Hz  corr=-356.52W  u_ff=83.1W  PCAP→78W  power=78.0W
[PID] perf=26.161Hz  target=9.110Hz  err=-17.051Hz  corr=-356.20W  u_ff=83.1W  PCAP→78W  power=78.1W
[PID] perf=26.165Hz  target=9.110Hz  err=-17.055Hz  corr=-356.28W  u_ff=83.1W  PCAP→78W  power=77.6W
[PID] perf=26.179Hz  target=9.110Hz  err=-17.069Hz  corr=-356.54W  u_ff=83.1W  PCAP→78W  power=76.3W
[PID] perf=26.123Hz  target=9.110Hz  err=-17.013Hz  corr=-355.50W  u_ff=83.1W  PCAP→78W  power=77.6W
[PID] perf=26.140Hz  target=9.110Hz  err=-17.030Hz  corr=-355.82W  u_ff=83.1W  PCAP→78W  power=78.4W
[PID] perf=26.122Hz  target=9.110Hz  err=-17.012Hz  corr=-355.48W  u_ff=83.1W  PCAP→78W  power=79.2W
[PID] perf=26.134Hz  target=9.110Hz  err=-17.024Hz  corr=-355.70W  u_ff=83.1W  PCAP→78W  power=77.0W
[PID] perf=26.140Hz  target=9.110Hz  err=-17.030Hz  corr=-355.81W  u_ff=83.1W  PCAP→78W  power=76.9W
[PID] perf=26.105Hz  target=9.110Hz  err=-16.994Hz  corr=-355.16W  u_ff=83.1W  PCAP→78W  power=78.6W
[PID] perf=26.146Hz  target=9.110Hz  err=-17.036Hz  corr=-355.92W  u_ff=83.1W  PCAP→78W  power=79.3W
[PID] perf=26.118Hz  target=9.110Hz  err=-17.008Hz  corr=-355.41W  u_ff=83.1W  PCAP→78W  power=76.4W
[PID] perf=26.112Hz  target=9.110Hz  err=-17.002Hz  corr=-355.29W  u_ff=83.1W  PCAP→78W  power=78.6W
[PID] perf=26.137Hz  target=9.110Hz  err=-17.027Hz  corr=-355.77W  u_ff=83.1W  PCAP→78W  power=77.3W
[PID] perf=26.093Hz  target=9.110Hz  err=-16.983Hz  corr=-354.94W  u_ff=83.1W  PCAP→78W  power=79.1W
[PID] perf=26.127Hz  target=9.110Hz  err=-17.017Hz  corr=-355.58W  u_ff=83.1W  PCAP→78W  power=77.5W
[PID] perf=26.119Hz  target=9.110Hz  err=-17.009Hz  corr=-355.43W  u_ff=83.1W  PCAP→78W  power=78.3W
[PID] perf=26.072Hz  target=9.110Hz  err=-16.962Hz  corr=-354.56W  u_ff=83.1W  PCAP→78W  power=77.3W
[PID] perf=26.135Hz  target=9.110Hz  err=-17.025Hz  corr=-355.72W  u_ff=83.1W  PCAP→78W  power=78.2W
[PID] perf=26.143Hz  target=9.110Hz  err=-17.032Hz  corr=-355.86W  u_ff=83.1W  PCAP→78W  power=79.3W
[PID] perf=26.480Hz  target=9.110Hz  err=-17.369Hz  corr=-362.11W  u_ff=83.1W  PCAP→78W  power=77.2W
[PID] perf=26.003Hz  target=9.110Hz  err=-16.893Hz  corr=-353.27W  u_ff=83.1W  PCAP→78W  power=78.1W
[PID] perf=26.012Hz  target=9.110Hz  err=-16.902Hz  corr=-353.44W  u_ff=83.1W  PCAP→78W  power=77.8W
[PID] perf=26.141Hz  target=9.110Hz  err=-17.031Hz  corr=-355.84W  u_ff=83.1W  PCAP→78W  power=79.2W
[PID] perf=26.163Hz  target=9.110Hz  err=-17.053Hz  corr=-356.24W  u_ff=83.1W  PCAP→78W  power=76.6W
[PID] perf=26.164Hz  target=9.110Hz  err=-17.054Hz  corr=-356.26W  u_ff=83.1W  PCAP→78W  power=77.1W
[PID] perf=26.176Hz  target=9.110Hz  err=-17.066Hz  corr=-356.49W  u_ff=83.1W  PCAP→78W  power=79.6W
[PID] perf=26.174Hz  target=9.110Hz  err=-17.064Hz  corr=-356.44W  u_ff=83.1W  PCAP→78W  power=78.7W
[PID] perf=26.195Hz  target=9.110Hz  err=-17.085Hz  corr=-356.83W  u_ff=83.1W  PCAP→78W  power=76.6W
[PID] perf=26.145Hz  target=9.110Hz  err=-17.034Hz  corr=-355.90W  u_ff=83.1W  PCAP→78W  power=77.3W
[PID] perf=26.171Hz  target=9.110Hz  err=-17.061Hz  corr=-356.40W  u_ff=83.1W  PCAP→78W  power=77.6W
[PID] perf=26.194Hz  target=9.110Hz  err=-17.084Hz  corr=-356.82W  u_ff=83.1W  PCAP→78W  power=77.5W
[PID] perf=26.152Hz  target=9.110Hz  err=-17.042Hz  corr=-356.04W  u_ff=83.1W  PCAP→78W  power=78.8W
[PID] perf=26.211Hz  target=9.110Hz  err=-17.101Hz  corr=-357.13W  u_ff=83.1W  PCAP→78W  power=79.3W
[PID] perf=26.182Hz  target=9.110Hz  err=-17.072Hz  corr=-356.59W  u_ff=83.1W  PCAP→78W  power=77.5W
[PID] perf=26.225Hz  target=9.110Hz  err=-17.115Hz  corr=-357.40W  u_ff=83.1W  PCAP→78W  power=78.8W
[PID] perf=26.188Hz  target=9.110Hz  err=-17.078Hz  corr=-356.70W  u_ff=83.1W  PCAP→78W  power=79.1W
[PID] perf=26.217Hz  target=9.110Hz  err=-17.107Hz  corr=-357.25W  u_ff=83.1W  PCAP→78W  power=79.0W
[PID] perf=26.182Hz  target=9.110Hz  err=-17.072Hz  corr=-356.59W  u_ff=83.1W  PCAP→78W  power=79.2W
[PID] perf=26.174Hz  target=9.110Hz  err=-17.064Hz  corr=-356.44W  u_ff=83.1W  PCAP→78W  power=79.3W
[PID] perf=26.177Hz  target=9.110Hz  err=-17.066Hz  corr=-356.49W  u_ff=83.1W  PCAP→78W  power=76.6W
[PID] perf=26.158Hz  target=9.110Hz  err=-17.047Hz  corr=-356.14W  u_ff=83.1W  PCAP→78W  power=78.6W
[PID] perf=26.212Hz  target=9.110Hz  err=-17.102Hz  corr=-357.14W  u_ff=83.1W  PCAP→78W  power=79.3W
[PID] perf=26.457Hz  target=9.110Hz  err=-17.347Hz  corr=-361.69W  u_ff=83.1W  PCAP→78W  power=79.1W
[PID] perf=26.523Hz  target=9.110Hz  err=-17.413Hz  corr=-362.92W  u_ff=83.1W  PCAP→78W  power=78.8W
[PID] perf=26.559Hz  target=9.110Hz  err=-17.449Hz  corr=-363.58W  u_ff=83.1W  PCAP→78W  power=78.9W
[PID] perf=26.545Hz  target=9.110Hz  err=-17.435Hz  corr=-363.32W  u_ff=83.1W  PCAP→78W  power=77.8W
[PID] perf=26.538Hz  target=9.110Hz  err=-17.428Hz  corr=-363.19W  u_ff=83.1W  PCAP→78W  power=78.0W
[PID] perf=26.540Hz  target=9.110Hz  err=-17.430Hz  corr=-363.24W  u_ff=83.1W  PCAP→78W  power=78.9W
[PID] perf=26.531Hz  target=9.110Hz  err=-17.420Hz  corr=-363.06W  u_ff=83.1W  PCAP→78W  power=78.1W
[PID] perf=26.619Hz  target=9.110Hz  err=-17.509Hz  corr=-364.70W  u_ff=83.1W  PCAP→78W  power=76.6W
[PID] perf=26.559Hz  target=9.110Hz  err=-17.449Hz  corr=-363.58W  u_ff=83.1W  PCAP→78W  power=79.2W
[PID] perf=26.553Hz  target=9.110Hz  err=-17.443Hz  corr=-363.48W  u_ff=83.1W  PCAP→78W  power=79.1W
[PID] perf=26.534Hz  target=9.110Hz  err=-17.424Hz  corr=-363.13W  u_ff=83.1W  PCAP→78W  power=79.2W
[PID] perf=26.548Hz  target=9.110Hz  err=-17.438Hz  corr=-363.38W  u_ff=83.1W  PCAP→78W  power=77.0W
[PID] perf=26.527Hz  target=9.110Hz  err=-17.417Hz  corr=-362.99W  u_ff=83.1W  PCAP→78W  power=79.7W
[PID] perf=26.605Hz  target=9.110Hz  err=-17.494Hz  corr=-364.43W  u_ff=83.1W  PCAP→78W  power=78.8W
[PID] perf=26.536Hz  target=9.110Hz  err=-17.426Hz  corr=-363.16W  u_ff=83.1W  PCAP→78W  power=77.4W
[PID] perf=26.554Hz  target=9.110Hz  err=-17.444Hz  corr=-363.49W  u_ff=83.1W  PCAP→78W  power=79.1W
[PID] perf=26.535Hz  target=9.110Hz  err=-17.425Hz  corr=-363.14W  u_ff=83.1W  PCAP→78W  power=77.6W
[PID] perf=26.515Hz  target=9.110Hz  err=-17.405Hz  corr=-362.78W  u_ff=83.1W  PCAP→78W  power=79.1W
[PID] perf=26.454Hz  target=9.110Hz  err=-17.344Hz  corr=-361.64W  u_ff=83.1W  PCAP→78W  power=78.9W
[PID] perf=26.506Hz  target=9.110Hz  err=-17.396Hz  corr=-362.60W  u_ff=83.1W  PCAP→78W  power=77.9W
[PID] perf=26.519Hz  target=9.110Hz  err=-17.408Hz  corr=-362.83W  u_ff=83.1W  PCAP→78W  power=77.6W
[PID] perf=26.519Hz  target=9.110Hz  err=-17.409Hz  corr=-362.84W  u_ff=83.1W  PCAP→78W  power=77.7W
[PID] perf=25.664Hz  target=9.110Hz  err=-16.554Hz  corr=-346.99W  u_ff=83.1W  PCAP→78W  power=79.4W
[PID] perf=25.884Hz  target=9.110Hz  err=-16.774Hz  corr=-351.06W  u_ff=83.1W  PCAP→78W  power=78.2W
[PID] perf=25.877Hz  target=9.110Hz  err=-16.767Hz  corr=-350.93W  u_ff=83.1W  PCAP→78W  power=76.4W
[PID] perf=25.941Hz  target=9.110Hz  err=-16.831Hz  corr=-352.12W  u_ff=83.1W  PCAP→78W  power=77.4W
[PID] perf=25.953Hz  target=9.110Hz  err=-16.843Hz  corr=-352.35W  u_ff=83.1W  PCAP→78W  power=77.3W
[PID] perf=25.927Hz  target=9.110Hz  err=-16.816Hz  corr=-351.86W  u_ff=83.1W  PCAP→78W  power=77.6W
[PID] perf=25.972Hz  target=9.110Hz  err=-16.861Hz  corr=-352.69W  u_ff=83.1W  PCAP→78W  power=77.3W
[PID] perf=25.962Hz  target=9.110Hz  err=-16.851Hz  corr=-352.50W  u_ff=83.1W  PCAP→78W  power=78.9W
[PID] perf=25.886Hz  target=9.110Hz  err=-16.776Hz  corr=-351.11W  u_ff=83.1W  PCAP→78W  power=75.6W
[PID] perf=25.928Hz  target=9.110Hz  err=-16.818Hz  corr=-351.88W  u_ff=83.1W  PCAP→78W  power=79.7W
[PID] perf=25.944Hz  target=9.110Hz  err=-16.834Hz  corr=-352.18W  u_ff=83.1W  PCAP→78W  power=78.6W
[PID] perf=25.885Hz  target=9.110Hz  err=-16.774Hz  corr=-351.07W  u_ff=83.1W  PCAP→78W  power=78.6W
[PID] perf=25.931Hz  target=9.110Hz  err=-16.821Hz  corr=-351.95W  u_ff=83.1W  PCAP→78W  power=77.5W
[PID] perf=25.951Hz  target=9.110Hz  err=-16.841Hz  corr=-352.31W  u_ff=83.1W  PCAP→78W  power=79.5W
[PID] perf=25.931Hz  target=9.110Hz  err=-16.821Hz  corr=-351.94W  u_ff=83.1W  PCAP→78W  power=79.4W
[PID] perf=25.912Hz  target=9.110Hz  err=-16.802Hz  corr=-351.58W  u_ff=83.1W  PCAP→78W  power=78.3W
[PID] perf=25.928Hz  target=9.110Hz  err=-16.818Hz  corr=-351.88W  u_ff=83.1W  PCAP→78W  power=77.8W
[PID] perf=25.972Hz  target=9.110Hz  err=-16.862Hz  corr=-352.70W  u_ff=83.1W  PCAP→78W  power=77.6W
[PID] perf=25.953Hz  target=9.110Hz  err=-16.843Hz  corr=-352.35W  u_ff=83.1W  PCAP→78W  power=77.8W
[PID] perf=25.940Hz  target=9.110Hz  err=-16.830Hz  corr=-352.10W  u_ff=83.1W  PCAP→78W  power=79.2W
[PID] perf=25.927Hz  target=9.110Hz  err=-16.817Hz  corr=-351.86W  u_ff=83.1W  PCAP→78W  power=79.1W
[PID] perf=25.920Hz  target=9.110Hz  err=-16.810Hz  corr=-351.73W  u_ff=83.1W  PCAP→78W  power=79.2W
[PID] perf=25.869Hz  target=9.110Hz  err=-16.759Hz  corr=-350.79W  u_ff=83.1W  PCAP→78W  power=77.8W
[PID] perf=26.363Hz  target=9.110Hz  err=-17.253Hz  corr=-359.96W  u_ff=83.1W  PCAP→78W  power=77.8W
[PID] perf=26.663Hz  target=9.110Hz  err=-17.553Hz  corr=-365.51W  u_ff=83.1W  PCAP→78W  power=76.7W
[PID] perf=26.770Hz  target=9.110Hz  err=-17.660Hz  corr=-367.50W  u_ff=83.1W  PCAP→78W  power=77.8W
[PID] perf=26.738Hz  target=9.110Hz  err=-17.628Hz  corr=-366.91W  u_ff=83.1W  PCAP→78W  power=80.2W
[PID] perf=26.757Hz  target=9.110Hz  err=-17.647Hz  corr=-367.26W  u_ff=83.1W  PCAP→78W  power=76.6W
[PID] perf=26.673Hz  target=9.110Hz  err=-17.563Hz  corr=-365.70W  u_ff=83.1W  PCAP→78W  power=77.7W
[PID] perf=26.665Hz  target=9.110Hz  err=-17.555Hz  corr=-365.55W  u_ff=83.1W  PCAP→78W  power=77.3W
[PID] perf=26.662Hz  target=9.110Hz  err=-17.551Hz  corr=-365.49W  u_ff=83.1W  PCAP→78W  power=79.1W
[PID] perf=26.671Hz  target=9.110Hz  err=-17.561Hz  corr=-365.66W  u_ff=83.1W  PCAP→78W  power=79.3W
[PID] perf=26.659Hz  target=9.110Hz  err=-17.549Hz  corr=-365.44W  u_ff=83.1W  PCAP→78W  power=78.5W
[PID] perf=26.648Hz  target=9.110Hz  err=-17.538Hz  corr=-365.24W  u_ff=83.1W  PCAP→78W  power=77.9W
[PID] perf=26.713Hz  target=9.110Hz  err=-17.602Hz  corr=-366.43W  u_ff=83.1W  PCAP→78W  power=77.0W
[PID] perf=26.711Hz  target=9.110Hz  err=-17.601Hz  corr=-366.40W  u_ff=83.1W  PCAP→78W  power=78.2W
[PID] perf=26.679Hz  target=9.110Hz  err=-17.568Hz  corr=-365.80W  u_ff=83.1W  PCAP→78W  power=78.0W
[PID] perf=26.784Hz  target=9.110Hz  err=-17.674Hz  corr=-367.76W  u_ff=83.1W  PCAP→78W  power=77.6W
[PID] perf=26.771Hz  target=9.110Hz  err=-17.661Hz  corr=-367.52W  u_ff=83.1W  PCAP→78W  power=77.6W
[PID] perf=26.711Hz  target=9.110Hz  err=-17.601Hz  corr=-366.40W  u_ff=83.1W  PCAP→78W  power=77.5W
[PID] perf=26.668Hz  target=9.110Hz  err=-17.557Hz  corr=-365.60W  u_ff=83.1W  PCAP→78W  power=77.7W
[PID] perf=26.669Hz  target=9.110Hz  err=-17.559Hz  corr=-365.63W  u_ff=83.1W  PCAP→78W  power=78.6W
[PID] perf=27.185Hz  target=9.110Hz  err=-18.075Hz  corr=-375.19W  u_ff=83.1W  PCAP→78W  power=76.9W
[PID] perf=27.301Hz  target=9.110Hz  err=-18.191Hz  corr=-377.35W  u_ff=83.1W  PCAP→78W  power=79.2W
[PID] perf=27.313Hz  target=9.110Hz  err=-18.203Hz  corr=-377.56W  u_ff=83.1W  PCAP→78W  power=75.7W
[PID] perf=27.475Hz  target=9.110Hz  err=-18.365Hz  corr=-380.57W  u_ff=83.1W  PCAP→78W  power=75.8W
[PID] perf=27.410Hz  target=9.110Hz  err=-18.300Hz  corr=-379.37W  u_ff=83.1W  PCAP→78W  power=76.4W
[PID] perf=27.396Hz  target=9.110Hz  err=-18.286Hz  corr=-379.11W  u_ff=83.1W  PCAP→78W  power=78.3W
[PID] perf=27.396Hz  target=9.110Hz  err=-18.286Hz  corr=-379.11W  u_ff=83.1W  PCAP→78W  power=79.2W
[PID] perf=27.391Hz  target=9.110Hz  err=-18.281Hz  corr=-379.01W  u_ff=83.1W  PCAP→78W  power=77.5W
[PID] perf=26.911Hz  target=9.110Hz  err=-17.801Hz  corr=-370.12W  u_ff=83.1W  PCAP→78W  power=78.2W
[PID] perf=26.882Hz  target=9.110Hz  err=-17.772Hz  corr=-369.58W  u_ff=83.1W  PCAP→78W  power=76.9W
[PID] perf=26.893Hz  target=9.110Hz  err=-17.783Hz  corr=-369.78W  u_ff=83.1W  PCAP→78W  power=77.4W
[PID] perf=26.913Hz  target=9.110Hz  err=-17.803Hz  corr=-370.15W  u_ff=83.1W  PCAP→78W  power=78.5W
[PID] perf=26.948Hz  target=9.110Hz  err=-17.837Hz  corr=-370.79W  u_ff=83.1W  PCAP→78W  power=78.5W
[PID] perf=26.853Hz  target=9.110Hz  err=-17.743Hz  corr=-369.04W  u_ff=83.1W  PCAP→78W  power=77.3W
[PID] perf=26.825Hz  target=9.110Hz  err=-17.714Hz  corr=-368.51W  u_ff=83.1W  PCAP→78W  power=79.2W
[PID] perf=27.120Hz  target=9.110Hz  err=-18.010Hz  corr=-373.98W  u_ff=83.1W  PCAP→78W  power=78.3W
[PID] perf=27.127Hz  target=9.110Hz  err=-18.017Hz  corr=-374.11W  u_ff=83.1W  PCAP→78W  power=77.8W
[PID] perf=27.167Hz  target=9.110Hz  err=-18.057Hz  corr=-374.86W  u_ff=83.1W  PCAP→78W  power=79.1W
[PID] perf=26.867Hz  target=9.110Hz  err=-17.756Hz  corr=-369.29W  u_ff=83.1W  PCAP→78W  power=80.3W
[PID] perf=26.494Hz  target=9.110Hz  err=-17.384Hz  corr=-362.38W  u_ff=83.1W  PCAP→78W  power=78.8W
[PID] perf=26.536Hz  target=9.110Hz  err=-17.426Hz  corr=-363.16W  u_ff=83.1W  PCAP→78W  power=77.1W
[PID] perf=26.101Hz  target=9.110Hz  err=-16.991Hz  corr=-355.09W  u_ff=83.1W  PCAP→78W  power=76.5W
[PID] perf=25.912Hz  target=9.110Hz  err=-16.802Hz  corr=-351.59W  u_ff=83.1W  PCAP→78W  power=78.5W
[PID] perf=25.961Hz  target=9.110Hz  err=-16.851Hz  corr=-352.49W  u_ff=83.1W  PCAP→78W  power=78.8W
[PID] perf=26.575Hz  target=9.110Hz  err=-17.465Hz  corr=-363.89W  u_ff=83.1W  PCAP→78W  power=78.6W
[PID] perf=26.440Hz  target=9.110Hz  err=-17.330Hz  corr=-361.38W  u_ff=83.1W  PCAP→78W  power=79.1W
[PID] perf=26.602Hz  target=9.110Hz  err=-17.491Hz  corr=-364.37W  u_ff=83.1W  PCAP→78W  power=78.6W
[PID] perf=27.016Hz  target=9.110Hz  err=-17.906Hz  corr=-372.07W  u_ff=83.1W  PCAP→78W  power=77.4W
[PID] perf=26.636Hz  target=9.110Hz  err=-17.526Hz  corr=-365.01W  u_ff=83.1W  PCAP→78W  power=77.7W
[PID] perf=26.624Hz  target=9.110Hz  err=-17.513Hz  corr=-364.78W  u_ff=83.1W  PCAP→78W  power=77.2W
[PID] perf=26.692Hz  target=9.110Hz  err=-17.582Hz  corr=-366.05W  u_ff=83.1W  PCAP→78W  power=79.3W
[PID] perf=26.671Hz  target=9.110Hz  err=-17.560Hz  corr=-365.65W  u_ff=83.1W  PCAP→78W  power=79.6W
[PID] perf=26.687Hz  target=9.110Hz  err=-17.577Hz  corr=-365.96W  u_ff=83.1W  PCAP→78W  power=78.9W
[PID] perf=26.707Hz  target=9.110Hz  err=-17.597Hz  corr=-366.33W  u_ff=83.1W  PCAP→78W  power=77.6W
[PID] perf=26.701Hz  target=9.110Hz  err=-17.591Hz  corr=-366.22W  u_ff=83.1W  PCAP→78W  power=77.5W
[PID] perf=26.513Hz  target=9.110Hz  err=-17.402Hz  corr=-362.72W  u_ff=83.1W  PCAP→78W  power=77.5W
[PID] perf=26.834Hz  target=9.110Hz  err=-17.724Hz  corr=-368.69W  u_ff=83.1W  PCAP→78W  power=78.4W
[PID] perf=26.736Hz  target=9.110Hz  err=-17.626Hz  corr=-366.87W  u_ff=83.1W  PCAP→78W  power=77.6W
[PID] perf=26.770Hz  target=9.110Hz  err=-17.660Hz  corr=-367.50W  u_ff=83.1W  PCAP→78W  power=79.3W
[PID] perf=26.781Hz  target=9.110Hz  err=-17.670Hz  corr=-367.69W  u_ff=83.1W  PCAP→78W  power=77.5W
[PID] perf=26.717Hz  target=9.110Hz  err=-17.607Hz  corr=-366.51W  u_ff=83.1W  PCAP→78W  power=78.0W
[PID] perf=26.705Hz  target=9.110Hz  err=-17.595Hz  corr=-366.30W  u_ff=83.1W  PCAP→78W  power=77.1W
[PID] perf=26.791Hz  target=9.110Hz  err=-17.681Hz  corr=-367.89W  u_ff=83.1W  PCAP→78W  power=77.1W
[PID] perf=26.795Hz  target=9.110Hz  err=-17.685Hz  corr=-367.95W  u_ff=83.1W  PCAP→78W  power=76.6W
[PID] perf=26.758Hz  target=9.110Hz  err=-17.648Hz  corr=-367.27W  u_ff=83.1W  PCAP→78W  power=78.2W
[PID] perf=26.649Hz  target=9.110Hz  err=-17.539Hz  corr=-365.25W  u_ff=83.1W  PCAP→78W  power=78.4W
[PID] perf=26.703Hz  target=9.110Hz  err=-17.592Hz  corr=-366.24W  u_ff=83.1W  PCAP→78W  power=77.8W
[PID] perf=26.684Hz  target=9.110Hz  err=-17.574Hz  corr=-365.91W  u_ff=83.1W  PCAP→78W  power=79.3W
[PID] perf=26.702Hz  target=9.110Hz  err=-17.592Hz  corr=-366.24W  u_ff=83.1W  PCAP→78W  power=79.3W
[PID] perf=26.762Hz  target=9.110Hz  err=-17.652Hz  corr=-367.35W  u_ff=83.1W  PCAP→78W  power=77.7W
[PID] perf=26.758Hz  target=9.110Hz  err=-17.648Hz  corr=-367.27W  u_ff=83.1W  PCAP→78W  power=78.0W
[PID] perf=26.726Hz  target=9.110Hz  err=-17.616Hz  corr=-366.68W  u_ff=83.1W  PCAP→78W  power=79.7W
[PID] perf=26.764Hz  target=9.110Hz  err=-17.654Hz  corr=-367.39W  u_ff=83.1W  PCAP→78W  power=79.3W
[PID] perf=26.770Hz  target=9.110Hz  err=-17.660Hz  corr=-367.50W  u_ff=83.1W  PCAP→78W  power=77.7W
[PID] perf=26.801Hz  target=9.110Hz  err=-17.690Hz  corr=-368.06W  u_ff=83.1W  PCAP→78W  power=76.4W
[PID] perf=26.750Hz  target=9.110Hz  err=-17.639Hz  corr=-367.12W  u_ff=83.1W  PCAP→78W  power=78.3W
[PID] perf=26.836Hz  target=9.110Hz  err=-17.726Hz  corr=-368.72W  u_ff=83.1W  PCAP→78W  power=77.2W
[PID] perf=26.665Hz  target=9.110Hz  err=-17.555Hz  corr=-365.55W  u_ff=83.1W  PCAP→78W  power=77.4W
[PID] perf=26.823Hz  target=9.110Hz  err=-17.712Hz  corr=-368.47W  u_ff=83.1W  PCAP→78W  power=78.0W
[PID] perf=26.825Hz  target=9.110Hz  err=-17.714Hz  corr=-368.51W  u_ff=83.1W  PCAP→78W  power=78.0W
[PID] perf=26.746Hz  target=9.110Hz  err=-17.635Hz  corr=-367.04W  u_ff=83.1W  PCAP→78W  power=76.8W
[PID] perf=26.753Hz  target=9.110Hz  err=-17.643Hz  corr=-367.19W  u_ff=83.1W  PCAP→78W  power=78.0W
[PID] perf=26.805Hz  target=9.110Hz  err=-17.695Hz  corr=-368.14W  u_ff=83.1W  PCAP→78W  power=78.3W
[PID] perf=26.808Hz  target=9.110Hz  err=-17.697Hz  corr=-368.19W  u_ff=83.1W  PCAP→78W  power=79.2W
[PID] perf=26.731Hz  target=9.110Hz  err=-17.620Hz  corr=-366.76W  u_ff=83.1W  PCAP→78W  power=78.2W
[PID] perf=26.760Hz  target=9.110Hz  err=-17.650Hz  corr=-367.31W  u_ff=83.1W  PCAP→78W  power=78.1W
[PID] perf=26.791Hz  target=9.110Hz  err=-17.681Hz  corr=-367.88W  u_ff=83.1W  PCAP→78W  power=78.9W
[PID] perf=26.784Hz  target=9.110Hz  err=-17.674Hz  corr=-367.75W  u_ff=83.1W  PCAP→78W  power=78.6W
[PID] perf=26.800Hz  target=9.110Hz  err=-17.690Hz  corr=-368.05W  u_ff=83.1W  PCAP→78W  power=78.8W
[PID] perf=26.814Hz  target=9.110Hz  err=-17.704Hz  corr=-368.32W  u_ff=83.1W  PCAP→78W  power=77.3W
[PID] perf=26.839Hz  target=9.110Hz  err=-17.729Hz  corr=-368.78W  u_ff=83.1W  PCAP→78W  power=78.1W
[PID] perf=28.874Hz  target=9.110Hz  err=-19.763Hz  corr=-406.51W  u_ff=83.1W  PCAP→78W  power=76.2W
[PID] perf=29.142Hz  target=9.110Hz  err=-20.031Hz  corr=-411.48W  u_ff=83.1W  PCAP→78W  power=78.9W
[PID] perf=29.143Hz  target=9.110Hz  err=-20.033Hz  corr=-411.51W  u_ff=83.1W  PCAP→78W  power=78.3W
[PID] perf=29.081Hz  target=9.110Hz  err=-19.971Hz  corr=-410.35W  u_ff=83.1W  PCAP→78W  power=79.1W
[PID] perf=29.112Hz  target=9.110Hz  err=-20.002Hz  corr=-410.93W  u_ff=83.1W  PCAP→78W  power=79.5W
[PID] perf=29.168Hz  target=9.110Hz  err=-20.057Hz  corr=-411.96W  u_ff=83.1W  PCAP→78W  power=78.7W
[PID] perf=29.181Hz  target=9.110Hz  err=-20.071Hz  corr=-412.21W  u_ff=83.1W  PCAP→78W  power=78.5W
[PID] perf=29.145Hz  target=9.110Hz  err=-20.035Hz  corr=-411.54W  u_ff=83.1W  PCAP→78W  power=79.7W
[PID] perf=29.102Hz  target=9.110Hz  err=-19.992Hz  corr=-410.75W  u_ff=83.1W  PCAP→78W  power=79.0W
[PID] perf=29.099Hz  target=9.110Hz  err=-19.989Hz  corr=-410.69W  u_ff=83.1W  PCAP→78W  power=77.5W
[PID] perf=29.071Hz  target=9.110Hz  err=-19.960Hz  corr=-410.16W  u_ff=83.1W  PCAP→78W  power=78.3W
[PID] perf=29.106Hz  target=9.110Hz  err=-19.996Hz  corr=-410.82W  u_ff=83.1W  PCAP→78W  power=76.1W
[PID] perf=29.104Hz  target=9.110Hz  err=-19.994Hz  corr=-410.78W  u_ff=83.1W  PCAP→78W  power=76.8W
[PID] perf=29.099Hz  target=9.110Hz  err=-19.989Hz  corr=-410.68W  u_ff=83.1W  PCAP→78W  power=76.5W
[PID] perf=29.076Hz  target=9.110Hz  err=-19.966Hz  corr=-410.26W  u_ff=83.1W  PCAP→78W  power=79.4W
[PID] perf=29.090Hz  target=9.110Hz  err=-19.980Hz  corr=-410.51W  u_ff=83.1W  PCAP→78W  power=78.3W
[PID] perf=29.143Hz  target=9.110Hz  err=-20.033Hz  corr=-411.50W  u_ff=83.1W  PCAP→78W  power=76.2W
[PID] perf=29.098Hz  target=9.110Hz  err=-19.988Hz  corr=-410.67W  u_ff=83.1W  PCAP→78W  power=76.3W
[PID] perf=29.083Hz  target=9.110Hz  err=-19.973Hz  corr=-410.38W  u_ff=83.1W  PCAP→78W  power=79.5W
[PID] perf=29.151Hz  target=9.110Hz  err=-20.041Hz  corr=-411.65W  u_ff=83.1W  PCAP→78W  power=78.6W
[PID] perf=29.091Hz  target=9.110Hz  err=-19.981Hz  corr=-410.53W  u_ff=83.1W  PCAP→78W  power=78.3W
[PID] perf=29.100Hz  target=9.110Hz  err=-19.990Hz  corr=-410.70W  u_ff=83.1W  PCAP→78W  power=79.1W
[PID] perf=29.087Hz  target=9.110Hz  err=-19.977Hz  corr=-410.47W  u_ff=83.1W  PCAP→78W  power=76.9W
[PID] perf=29.093Hz  target=9.110Hz  err=-19.983Hz  corr=-410.58W  u_ff=83.1W  PCAP→78W  power=77.0W
[PID] perf=29.079Hz  target=9.110Hz  err=-19.969Hz  corr=-410.32W  u_ff=83.1W  PCAP→78W  power=76.5W
[PID] perf=29.100Hz  target=9.110Hz  err=-19.990Hz  corr=-410.71W  u_ff=83.1W  PCAP→78W  power=79.1W
[PID] perf=29.073Hz  target=9.110Hz  err=-19.963Hz  corr=-410.21W  u_ff=83.1W  PCAP→78W  power=79.4W
[PID] perf=29.095Hz  target=9.110Hz  err=-19.985Hz  corr=-410.62W  u_ff=83.1W  PCAP→78W  power=78.7W
[PID] perf=29.107Hz  target=9.110Hz  err=-19.997Hz  corr=-410.83W  u_ff=83.1W  PCAP→78W  power=77.2W
[PID] perf=29.088Hz  target=9.110Hz  err=-19.978Hz  corr=-410.48W  u_ff=83.1W  PCAP→78W  power=77.3W
[PID] perf=29.169Hz  target=9.110Hz  err=-20.059Hz  corr=-411.99W  u_ff=83.1W  PCAP→78W  power=78.5W
[PID] perf=29.184Hz  target=9.110Hz  err=-20.074Hz  corr=-412.26W  u_ff=83.1W  PCAP→78W  power=78.3W
[PID] perf=29.165Hz  target=9.110Hz  err=-20.055Hz  corr=-411.91W  u_ff=83.1W  PCAP→78W  power=77.7W
[PID] perf=29.189Hz  target=9.110Hz  err=-20.078Hz  corr=-412.35W  u_ff=83.1W  PCAP→78W  power=76.7W
[PID] perf=29.213Hz  target=9.110Hz  err=-20.103Hz  corr=-412.80W  u_ff=83.1W  PCAP→78W  power=78.8W
[PID] perf=29.075Hz  target=9.110Hz  err=-19.965Hz  corr=-410.24W  u_ff=83.1W  PCAP→78W  power=78.8W
[PID] perf=29.117Hz  target=9.110Hz  err=-20.007Hz  corr=-411.02W  u_ff=83.1W  PCAP→78W  power=77.8W
[PID] perf=29.080Hz  target=9.110Hz  err=-19.970Hz  corr=-410.34W  u_ff=83.1W  PCAP→78W  power=78.1W
[PID] perf=29.138Hz  target=9.110Hz  err=-20.027Hz  corr=-411.40W  u_ff=83.1W  PCAP→78W  power=78.6W
[PID] perf=29.138Hz  target=9.110Hz  err=-20.027Hz  corr=-411.40W  u_ff=83.1W  PCAP→78W  power=77.5W
[PID] perf=29.135Hz  target=9.110Hz  err=-20.025Hz  corr=-411.35W  u_ff=83.1W  PCAP→78W  power=78.7W
[PID] perf=29.109Hz  target=9.110Hz  err=-19.999Hz  corr=-410.87W  u_ff=83.1W  PCAP→78W  power=79.2W
[PID] perf=29.124Hz  target=9.110Hz  err=-20.014Hz  corr=-411.15W  u_ff=83.1W  PCAP→78W  power=77.4W
[PID] perf=29.112Hz  target=9.110Hz  err=-20.002Hz  corr=-410.93W  u_ff=83.1W  PCAP→78W  power=76.5W
[PID] perf=29.140Hz  target=9.110Hz  err=-20.030Hz  corr=-411.44W  u_ff=83.1W  PCAP→78W  power=77.2W
[PID] perf=29.153Hz  target=9.110Hz  err=-20.043Hz  corr=-411.69W  u_ff=83.1W  PCAP→78W  power=77.7W
[PID] perf=29.157Hz  target=9.110Hz  err=-20.047Hz  corr=-411.76W  u_ff=83.1W  PCAP→78W  power=77.6W
[PID] perf=29.145Hz  target=9.110Hz  err=-20.035Hz  corr=-411.55W  u_ff=83.1W  PCAP→78W  power=77.9W
[PID] perf=29.131Hz  target=9.110Hz  err=-20.021Hz  corr=-411.28W  u_ff=83.1W  PCAP→78W  power=77.7W
[PID] perf=29.151Hz  target=9.110Hz  err=-20.041Hz  corr=-411.65W  u_ff=83.1W  PCAP→78W  power=77.8W
[PID] perf=29.135Hz  target=9.110Hz  err=-20.025Hz  corr=-411.36W  u_ff=83.1W  PCAP→78W  power=77.6W
[PID] perf=29.153Hz  target=9.110Hz  err=-20.043Hz  corr=-411.68W  u_ff=83.1W  PCAP→78W  power=77.1W
[PID] perf=29.151Hz  target=9.110Hz  err=-20.041Hz  corr=-411.66W  u_ff=83.1W  PCAP→78W  power=77.1W
[PID] perf=29.137Hz  target=9.110Hz  err=-20.027Hz  corr=-411.39W  u_ff=83.1W  PCAP→78W  power=77.2W
[PID] perf=29.166Hz  target=9.110Hz  err=-20.055Hz  corr=-411.92W  u_ff=83.1W  PCAP→78W  power=78.7W
[PID] perf=29.138Hz  target=9.110Hz  err=-20.027Hz  corr=-411.40W  u_ff=83.1W  PCAP→78W  power=78.5W
[PID] perf=29.124Hz  target=9.110Hz  err=-20.014Hz  corr=-411.15W  u_ff=83.1W  PCAP→78W  power=78.9W
[PID] perf=29.144Hz  target=9.110Hz  err=-20.034Hz  corr=-411.52W  u_ff=83.1W  PCAP→78W  power=77.1W
[PID] perf=29.134Hz  target=9.110Hz  err=-20.024Hz  corr=-411.34W  u_ff=83.1W  PCAP→78W  power=79.5W
[PID] perf=29.120Hz  target=9.110Hz  err=-20.010Hz  corr=-411.08W  u_ff=83.1W  PCAP→78W  power=78.3W
[PID] perf=29.152Hz  target=9.110Hz  err=-20.042Hz  corr=-411.68W  u_ff=83.1W  PCAP→78W  power=76.6W
[PID] perf=26.801Hz  target=9.110Hz  err=-17.691Hz  corr=-368.07W  u_ff=83.1W  PCAP→78W  power=76.7W
[PID] perf=26.866Hz  target=9.110Hz  err=-17.755Hz  corr=-369.27W  u_ff=83.1W  PCAP→78W  power=79.0W
[PID] perf=27.025Hz  target=9.110Hz  err=-17.915Hz  corr=-372.23W  u_ff=83.1W  PCAP→78W  power=78.1W
[PID] perf=27.008Hz  target=9.110Hz  err=-17.898Hz  corr=-371.91W  u_ff=83.1W  PCAP→78W  power=77.5W
[PID] perf=27.006Hz  target=9.110Hz  err=-17.896Hz  corr=-371.87W  u_ff=83.1W  PCAP→78W  power=78.2W
[PID] perf=27.026Hz  target=9.110Hz  err=-17.915Hz  corr=-372.24W  u_ff=83.1W  PCAP→78W  power=77.9W
[PID] perf=27.036Hz  target=9.110Hz  err=-17.926Hz  corr=-372.42W  u_ff=83.1W  PCAP→78W  power=79.3W
[PID] perf=27.041Hz  target=9.110Hz  err=-17.931Hz  corr=-372.52W  u_ff=83.1W  PCAP→78W  power=78.4W
[PID] perf=27.048Hz  target=9.110Hz  err=-17.938Hz  corr=-372.66W  u_ff=83.1W  PCAP→78W  power=77.7W
[PID] perf=27.023Hz  target=9.110Hz  err=-17.912Hz  corr=-372.18W  u_ff=83.1W  PCAP→78W  power=77.2W
[PID] perf=26.991Hz  target=9.110Hz  err=-17.881Hz  corr=-371.60W  u_ff=83.1W  PCAP→78W  power=77.5W
[PID] perf=27.048Hz  target=9.110Hz  err=-17.937Hz  corr=-372.64W  u_ff=83.1W  PCAP→78W  power=76.8W
[PID] perf=27.014Hz  target=9.110Hz  err=-17.903Hz  corr=-372.01W  u_ff=83.1W  PCAP→78W  power=77.1W
[PID] perf=27.077Hz  target=9.110Hz  err=-17.967Hz  corr=-373.19W  u_ff=83.1W  PCAP→78W  power=76.6W
[PID] perf=27.031Hz  target=9.110Hz  err=-17.921Hz  corr=-372.33W  u_ff=83.1W  PCAP→78W  power=77.5W
[PID] perf=27.047Hz  target=9.110Hz  err=-17.937Hz  corr=-372.63W  u_ff=83.1W  PCAP→78W  power=79.0W
[PID] perf=27.065Hz  target=9.110Hz  err=-17.955Hz  corr=-372.96W  u_ff=83.1W  PCAP→78W  power=79.2W
[PID] perf=27.035Hz  target=9.110Hz  err=-17.925Hz  corr=-372.41W  u_ff=83.1W  PCAP→78W  power=78.7W
[PID] perf=27.066Hz  target=9.110Hz  err=-17.956Hz  corr=-372.98W  u_ff=83.1W  PCAP→78W  power=77.3W
[PID] perf=27.047Hz  target=9.110Hz  err=-17.937Hz  corr=-372.63W  u_ff=83.1W  PCAP→78W  power=76.6W
[PID] perf=27.064Hz  target=9.110Hz  err=-17.954Hz  corr=-372.94W  u_ff=83.1W  PCAP→78W  power=78.6W
[PID] perf=27.036Hz  target=9.110Hz  err=-17.926Hz  corr=-372.43W  u_ff=83.1W  PCAP→78W  power=76.7W
[PID] perf=27.059Hz  target=9.110Hz  err=-17.948Hz  corr=-372.85W  u_ff=83.1W  PCAP→78W  power=77.3W
[PID] perf=27.072Hz  target=9.110Hz  err=-17.961Hz  corr=-373.09W  u_ff=83.1W  PCAP→78W  power=77.5W
[PID] perf=27.051Hz  target=9.110Hz  err=-17.940Hz  corr=-372.70W  u_ff=83.1W  PCAP→78W  power=76.4W
[PID] perf=27.035Hz  target=9.110Hz  err=-17.924Hz  corr=-372.40W  u_ff=83.1W  PCAP→78W  power=77.1W
[PID] perf=27.054Hz  target=9.110Hz  err=-17.944Hz  corr=-372.76W  u_ff=83.1W  PCAP→78W  power=79.3W
[PID] perf=27.025Hz  target=9.110Hz  err=-17.915Hz  corr=-372.22W  u_ff=83.1W  PCAP→78W  power=78.2W
[PID] perf=27.058Hz  target=9.110Hz  err=-17.948Hz  corr=-372.84W  u_ff=83.1W  PCAP→78W  power=78.9W
[PID] perf=27.063Hz  target=9.110Hz  err=-17.952Hz  corr=-372.92W  u_ff=83.1W  PCAP→78W  power=77.4W
[PID] perf=27.071Hz  target=9.110Hz  err=-17.961Hz  corr=-373.08W  u_ff=83.1W  PCAP→78W  power=77.9W
[PID] perf=27.025Hz  target=9.110Hz  err=-17.915Hz  corr=-372.22W  u_ff=83.1W  PCAP→78W  power=76.6W
[PID] perf=27.050Hz  target=9.110Hz  err=-17.940Hz  corr=-372.69W  u_ff=83.1W  PCAP→78W  power=76.9W
[PID] perf=27.030Hz  target=9.110Hz  err=-17.920Hz  corr=-372.33W  u_ff=83.1W  PCAP→78W  power=77.4W
[PID] perf=27.069Hz  target=9.110Hz  err=-17.959Hz  corr=-373.05W  u_ff=83.1W  PCAP→78W  power=78.3W
[PID] perf=27.038Hz  target=9.110Hz  err=-17.928Hz  corr=-372.47W  u_ff=83.1W  PCAP→78W  power=76.1W
[PID] perf=27.023Hz  target=9.110Hz  err=-17.913Hz  corr=-372.19W  u_ff=83.1W  PCAP→78W  power=77.9W
[PID] perf=27.005Hz  target=9.110Hz  err=-17.894Hz  corr=-371.85W  u_ff=83.1W  PCAP→78W  power=77.4W
[PID] perf=27.006Hz  target=9.110Hz  err=-17.896Hz  corr=-371.87W  u_ff=83.1W  PCAP→78W  power=76.5W
[PID] perf=27.004Hz  target=9.110Hz  err=-17.894Hz  corr=-371.84W  u_ff=83.1W  PCAP→78W  power=78.9W
[PID] perf=27.029Hz  target=9.110Hz  err=-17.919Hz  corr=-372.31W  u_ff=83.1W  PCAP→78W  power=78.0W
[PID] perf=27.022Hz  target=9.110Hz  err=-17.912Hz  corr=-372.16W  u_ff=83.1W  PCAP→78W  power=77.3W
[PID] perf=27.006Hz  target=9.110Hz  err=-17.896Hz  corr=-371.88W  u_ff=83.1W  PCAP→78W  power=77.7W
[PID] perf=26.847Hz  target=9.110Hz  err=-17.736Hz  corr=-368.92W  u_ff=83.1W  PCAP→78W  power=79.0W
[PID] perf=26.902Hz  target=9.110Hz  err=-17.791Hz  corr=-369.94W  u_ff=83.1W  PCAP→78W  power=78.4W
[PID] perf=26.891Hz  target=9.110Hz  err=-17.781Hz  corr=-369.74W  u_ff=83.1W  PCAP→78W  power=77.2W
[PID] perf=26.888Hz  target=9.110Hz  err=-17.777Hz  corr=-369.67W  u_ff=83.1W  PCAP→78W  power=77.1W
[PID] perf=26.924Hz  target=9.110Hz  err=-17.814Hz  corr=-370.35W  u_ff=83.1W  PCAP→78W  power=78.5W
[PID] perf=26.965Hz  target=9.110Hz  err=-17.854Hz  corr=-371.11W  u_ff=83.1W  PCAP→78W  power=79.4W
[PID] perf=26.932Hz  target=9.110Hz  err=-17.822Hz  corr=-370.50W  u_ff=83.1W  PCAP→78W  power=79.3W
[PID] perf=26.914Hz  target=9.110Hz  err=-17.804Hz  corr=-370.17W  u_ff=83.1W  PCAP→78W  power=78.5W
[PID] perf=26.900Hz  target=9.110Hz  err=-17.790Hz  corr=-369.91W  u_ff=83.1W  PCAP→78W  power=76.7W
[PID] perf=26.937Hz  target=9.110Hz  err=-17.827Hz  corr=-370.60W  u_ff=83.1W  PCAP→78W  power=77.8W
[PID] perf=26.984Hz  target=9.110Hz  err=-17.874Hz  corr=-371.46W  u_ff=83.1W  PCAP→78W  power=76.9W
[PID] perf=26.988Hz  target=9.110Hz  err=-17.878Hz  corr=-371.55W  u_ff=83.1W  PCAP→78W  power=76.6W
[PID] perf=26.937Hz  target=9.110Hz  err=-17.827Hz  corr=-370.60W  u_ff=83.1W  PCAP→78W  power=78.0W
[PID] perf=26.927Hz  target=9.110Hz  err=-17.816Hz  corr=-370.40W  u_ff=83.1W  PCAP→78W  power=79.7W
[PID] perf=26.957Hz  target=9.110Hz  err=-17.846Hz  corr=-370.96W  u_ff=83.1W  PCAP→78W  power=79.3W
[PID] perf=26.955Hz  target=9.110Hz  err=-17.845Hz  corr=-370.93W  u_ff=83.1W  PCAP→78W  power=79.2W
[PID] perf=26.956Hz  target=9.110Hz  err=-17.846Hz  corr=-370.95W  u_ff=83.1W  PCAP→78W  power=78.0W
[PID] perf=26.927Hz  target=9.110Hz  err=-17.817Hz  corr=-370.42W  u_ff=83.1W  PCAP→78W  power=78.3W
[PID] perf=26.941Hz  target=9.110Hz  err=-17.831Hz  corr=-370.66W  u_ff=83.1W  PCAP→78W  power=77.4W
[PID] perf=26.975Hz  target=9.110Hz  err=-17.865Hz  corr=-371.29W  u_ff=83.1W  PCAP→78W  power=77.3W
[PID] perf=26.916Hz  target=9.110Hz  err=-17.806Hz  corr=-370.21W  u_ff=83.1W  PCAP→78W  power=77.1W
[PID] perf=26.988Hz  target=9.110Hz  err=-17.878Hz  corr=-371.53W  u_ff=83.1W  PCAP→78W  power=77.8W
[PID] perf=26.934Hz  target=9.110Hz  err=-17.824Hz  corr=-370.53W  u_ff=83.1W  PCAP→78W  power=76.9W
[PID] perf=26.922Hz  target=9.110Hz  err=-17.811Hz  corr=-370.31W  u_ff=83.1W  PCAP→78W  power=76.8W
[PID] perf=26.901Hz  target=9.110Hz  err=-17.791Hz  corr=-369.92W  u_ff=83.1W  PCAP→78W  power=78.1W
[PID] perf=26.901Hz  target=9.110Hz  err=-17.791Hz  corr=-369.92W  u_ff=83.1W  PCAP→78W  power=78.1W
[PID] perf=26.942Hz  target=9.110Hz  err=-17.832Hz  corr=-370.69W  u_ff=83.1W  PCAP→78W  power=78.5W
[PID] perf=26.953Hz  target=9.110Hz  err=-17.843Hz  corr=-370.89W  u_ff=83.1W  PCAP→78W  power=79.0W
[PID] perf=26.898Hz  target=9.110Hz  err=-17.788Hz  corr=-369.88W  u_ff=83.1W  PCAP→78W  power=77.6W
[PID] perf=26.888Hz  target=9.110Hz  err=-17.778Hz  corr=-369.69W  u_ff=83.1W  PCAP→78W  power=77.4W
[PID] perf=26.880Hz  target=9.110Hz  err=-17.770Hz  corr=-369.53W  u_ff=83.1W  PCAP→78W  power=77.2W
[PID] perf=26.911Hz  target=9.110Hz  err=-17.801Hz  corr=-370.12W  u_ff=83.1W  PCAP→78W  power=77.0W
[PID] perf=26.921Hz  target=9.110Hz  err=-17.811Hz  corr=-370.29W  u_ff=83.1W  PCAP→78W  power=78.3W
[PID] perf=26.931Hz  target=9.110Hz  err=-17.821Hz  corr=-370.48W  u_ff=83.1W  PCAP→78W  power=78.7W
[PID] perf=26.944Hz  target=9.110Hz  err=-17.834Hz  corr=-370.72W  u_ff=83.1W  PCAP→78W  power=79.2W
[PID] perf=26.935Hz  target=9.110Hz  err=-17.825Hz  corr=-370.56W  u_ff=83.1W  PCAP→78W  power=79.6W
[PID] perf=27.156Hz  target=9.110Hz  err=-18.046Hz  corr=-374.65W  u_ff=83.1W  PCAP→78W  power=78.7W
[PID] perf=27.153Hz  target=9.110Hz  err=-18.043Hz  corr=-374.61W  u_ff=83.1W  PCAP→78W  power=77.7W
Process completed.
Compressed into /home/cc/summer2024/main_codes/pid_controller/../experiment_data/PID_Control/ones-npb-cg/compressed_iteration_20260511_021842.tar
----------------------------------

>>> Step 2/10
  [auto target] max perf @ PCAP=142.1W = 11.388Hz  →  80% target = 9.110Hz

[ones-npb-cg]
  target perf      : 9.1102 Hz
  coefficients_perf: [-0.0006547837485238978, 0.18607436314256556, -1.8317688501798497]
  feedforward PCAP : 83.11 W  →  83 W (snapped)
  Perf(u_ff) check : 9.1102 Hz  (should ≈ target)
  PID gains        : Kp=18.5447 W/Hz  Ki=1.85447 W/(Hz·s)  Kd=0.0000
[PID] Awaiting data — feedforward PCAP=83W
[PID] Awaiting data — feedforward PCAP=83W
[PID] Awaiting data — feedforward PCAP=83W
[PID] Awaiting data — feedforward PCAP=83W
[PID] Awaiting data — feedforward PCAP=83W
[PID] Awaiting data — feedforward PCAP=83W
[PID] perf=18.761Hz  target=9.110Hz  err=-9.651Hz  corr=-214.77W  u_ff=83.1W  PCAP→78W  power=nanW
[PID] perf=18.105Hz  target=9.110Hz  err=-8.995Hz  corr=-206.81W  u_ff=83.1W  PCAP→78W  power=77.7W
[PID] perf=18.145Hz  target=9.110Hz  err=-9.034Hz  corr=-207.54W  u_ff=83.1W  PCAP→78W  power=77.3W
[PID] perf=18.107Hz  target=9.110Hz  err=-8.997Hz  corr=-206.85W  u_ff=83.1W  PCAP→78W  power=77.3W
[PID] perf=18.138Hz  target=9.110Hz  err=-9.028Hz  corr=-207.42W  u_ff=83.1W  PCAP→78W  power=78.0W
[PID] perf=18.159Hz  target=9.110Hz  err=-9.049Hz  corr=-207.80W  u_ff=83.1W  PCAP→78W  power=77.3W
[PID] perf=17.910Hz  target=9.110Hz  err=-8.799Hz  corr=-203.18W  u_ff=83.1W  PCAP→78W  power=78.9W
[PID] perf=18.109Hz  target=9.110Hz  err=-8.998Hz  corr=-206.87W  u_ff=83.1W  PCAP→78W  power=77.7W
[PID] perf=18.122Hz  target=9.110Hz  err=-9.012Hz  corr=-207.13W  u_ff=83.1W  PCAP→78W  power=76.5W
[PID] perf=18.081Hz  target=9.110Hz  err=-8.971Hz  corr=-206.36W  u_ff=83.1W  PCAP→78W  power=77.3W
[PID] perf=18.106Hz  target=9.110Hz  err=-8.996Hz  corr=-206.83W  u_ff=83.1W  PCAP→78W  power=78.8W
[PID] perf=18.087Hz  target=9.110Hz  err=-8.977Hz  corr=-206.48W  u_ff=83.1W  PCAP→78W  power=78.8W
[PID] perf=18.063Hz  target=9.110Hz  err=-8.953Hz  corr=-206.03W  u_ff=83.1W  PCAP→78W  power=77.5W
[PID] perf=18.115Hz  target=9.110Hz  err=-9.005Hz  corr=-206.99W  u_ff=83.1W  PCAP→78W  power=77.8W
[PID] perf=18.070Hz  target=9.110Hz  err=-8.960Hz  corr=-206.16W  u_ff=83.1W  PCAP→78W  power=78.7W
[PID] perf=18.075Hz  target=9.110Hz  err=-8.965Hz  corr=-206.26W  u_ff=83.1W  PCAP→78W  power=79.4W
[PID] perf=18.093Hz  target=9.110Hz  err=-8.982Hz  corr=-206.57W  u_ff=83.1W  PCAP→78W  power=77.3W
[PID] perf=18.120Hz  target=9.110Hz  err=-9.010Hz  corr=-207.08W  u_ff=83.1W  PCAP→78W  power=78.5W
[PID] perf=18.074Hz  target=9.110Hz  err=-8.964Hz  corr=-206.23W  u_ff=83.1W  PCAP→78W  power=78.0W
[PID] perf=18.054Hz  target=9.110Hz  err=-8.944Hz  corr=-205.86W  u_ff=83.1W  PCAP→78W  power=79.2W
[PID] perf=18.046Hz  target=9.110Hz  err=-8.935Hz  corr=-205.70W  u_ff=83.1W  PCAP→78W  power=77.9W
[PID] perf=18.055Hz  target=9.110Hz  err=-8.945Hz  corr=-205.88W  u_ff=83.1W  PCAP→78W  power=77.6W
[PID] perf=18.093Hz  target=9.110Hz  err=-8.982Hz  corr=-206.57W  u_ff=83.1W  PCAP→78W  power=78.0W
[PID] perf=17.948Hz  target=9.110Hz  err=-8.838Hz  corr=-203.89W  u_ff=83.1W  PCAP→78W  power=76.7W
[PID] perf=18.017Hz  target=9.110Hz  err=-8.907Hz  corr=-205.17W  u_ff=83.1W  PCAP→78W  power=77.4W
[PID] perf=18.101Hz  target=9.110Hz  err=-8.991Hz  corr=-206.73W  u_ff=83.1W  PCAP→78W  power=78.8W
[PID] perf=18.127Hz  target=9.110Hz  err=-9.017Hz  corr=-207.21W  u_ff=83.1W  PCAP→78W  power=77.2W
[PID] perf=18.130Hz  target=9.110Hz  err=-9.019Hz  corr=-207.26W  u_ff=83.1W  PCAP→78W  power=76.6W
[PID] perf=18.140Hz  target=9.110Hz  err=-9.029Hz  corr=-207.45W  u_ff=83.1W  PCAP→78W  power=78.5W
[PID] perf=84.942Hz  target=9.110Hz  err=-75.832Hz  corr=-1446.27W  u_ff=83.1W  PCAP→78W  power=77.9W
[PID] perf=18.038Hz  target=9.110Hz  err=-8.927Hz  corr=-205.56W  u_ff=83.1W  PCAP→78W  power=78.4W
[PID] perf=18.065Hz  target=9.110Hz  err=-8.954Hz  corr=-206.06W  u_ff=83.1W  PCAP→78W  power=77.9W
[PID] perf=18.097Hz  target=9.110Hz  err=-8.986Hz  corr=-206.65W  u_ff=83.1W  PCAP→78W  power=78.8W
[PID] perf=18.087Hz  target=9.110Hz  err=-8.977Hz  corr=-206.48W  u_ff=83.1W  PCAP→78W  power=79.1W
[PID] perf=24.090Hz  target=9.110Hz  err=-14.980Hz  corr=-317.80W  u_ff=83.1W  PCAP→78W  power=76.5W
[PID] perf=27.883Hz  target=9.110Hz  err=-18.772Hz  corr=-388.13W  u_ff=83.1W  PCAP→78W  power=76.9W
[PID] perf=27.959Hz  target=9.110Hz  err=-18.849Hz  corr=-389.55W  u_ff=83.1W  PCAP→78W  power=78.8W
[PID] perf=27.928Hz  target=9.110Hz  err=-18.818Hz  corr=-388.97W  u_ff=83.1W  PCAP→78W  power=74.8W
[PID] perf=27.956Hz  target=9.110Hz  err=-18.846Hz  corr=-389.50W  u_ff=83.1W  PCAP→78W  power=79.3W
[PID] perf=27.885Hz  target=9.110Hz  err=-18.775Hz  corr=-388.18W  u_ff=83.1W  PCAP→78W  power=77.7W
[PID] perf=27.907Hz  target=9.110Hz  err=-18.797Hz  corr=-388.58W  u_ff=83.1W  PCAP→78W  power=77.8W
[PID] perf=27.973Hz  target=9.110Hz  err=-18.863Hz  corr=-389.81W  u_ff=83.1W  PCAP→78W  power=77.0W
[PID] perf=27.924Hz  target=9.110Hz  err=-18.813Hz  corr=-388.89W  u_ff=83.1W  PCAP→78W  power=76.6W
[PID] perf=27.979Hz  target=9.110Hz  err=-18.869Hz  corr=-389.92W  u_ff=83.1W  PCAP→78W  power=77.5W
[PID] perf=27.904Hz  target=9.110Hz  err=-18.794Hz  corr=-388.53W  u_ff=83.1W  PCAP→78W  power=77.0W
[PID] perf=27.890Hz  target=9.110Hz  err=-18.779Hz  corr=-388.26W  u_ff=83.1W  PCAP→78W  power=78.2W
[PID] perf=27.902Hz  target=9.110Hz  err=-18.792Hz  corr=-388.49W  u_ff=83.1W  PCAP→78W  power=78.2W
[PID] perf=27.909Hz  target=9.110Hz  err=-18.799Hz  corr=-388.63W  u_ff=83.1W  PCAP→78W  power=77.0W
[PID] perf=27.918Hz  target=9.110Hz  err=-18.808Hz  corr=-388.79W  u_ff=83.1W  PCAP→78W  power=77.1W
[PID] perf=27.360Hz  target=9.110Hz  err=-18.249Hz  corr=-378.43W  u_ff=83.1W  PCAP→78W  power=77.5W
[PID] perf=27.259Hz  target=9.110Hz  err=-18.149Hz  corr=-376.57W  u_ff=83.1W  PCAP→78W  power=77.2W
[PID] perf=27.325Hz  target=9.110Hz  err=-18.215Hz  corr=-377.79W  u_ff=83.1W  PCAP→78W  power=76.4W
[PID] perf=27.282Hz  target=9.110Hz  err=-18.172Hz  corr=-376.99W  u_ff=83.1W  PCAP→78W  power=79.1W
[PID] perf=27.320Hz  target=9.110Hz  err=-18.210Hz  corr=-377.70W  u_ff=83.1W  PCAP→78W  power=77.9W
[PID] perf=27.276Hz  target=9.110Hz  err=-18.166Hz  corr=-376.89W  u_ff=83.1W  PCAP→78W  power=78.9W
[PID] perf=27.310Hz  target=9.110Hz  err=-18.199Hz  corr=-377.50W  u_ff=83.1W  PCAP→78W  power=76.1W
[PID] perf=27.325Hz  target=9.110Hz  err=-18.215Hz  corr=-377.79W  u_ff=83.1W  PCAP→78W  power=79.1W
[PID] perf=27.255Hz  target=9.110Hz  err=-18.144Hz  corr=-376.48W  u_ff=83.1W  PCAP→78W  power=78.6W
[PID] perf=27.309Hz  target=9.110Hz  err=-18.199Hz  corr=-377.50W  u_ff=83.1W  PCAP→78W  power=77.1W
[PID] perf=27.254Hz  target=9.110Hz  err=-18.144Hz  corr=-376.48W  u_ff=83.1W  PCAP→78W  power=78.5W
[PID] perf=27.294Hz  target=9.110Hz  err=-18.184Hz  corr=-377.22W  u_ff=83.1W  PCAP→78W  power=78.7W
[PID] perf=27.287Hz  target=9.110Hz  err=-18.176Hz  corr=-377.07W  u_ff=83.1W  PCAP→78W  power=77.0W
[PID] perf=27.287Hz  target=9.110Hz  err=-18.176Hz  corr=-377.08W  u_ff=83.1W  PCAP→78W  power=78.9W
[PID] perf=27.303Hz  target=9.110Hz  err=-18.193Hz  corr=-377.39W  u_ff=83.1W  PCAP→78W  power=78.0W
[PID] perf=27.293Hz  target=9.110Hz  err=-18.183Hz  corr=-377.19W  u_ff=83.1W  PCAP→78W  power=78.7W
[PID] perf=27.262Hz  target=9.110Hz  err=-18.152Hz  corr=-376.62W  u_ff=83.1W  PCAP→78W  power=76.5W
[PID] perf=27.303Hz  target=9.110Hz  err=-18.192Hz  corr=-377.37W  u_ff=83.1W  PCAP→78W  power=76.8W
[PID] perf=27.302Hz  target=9.110Hz  err=-18.192Hz  corr=-377.37W  u_ff=83.1W  PCAP→78W  power=79.7W
[PID] perf=27.308Hz  target=9.110Hz  err=-18.198Hz  corr=-377.47W  u_ff=83.1W  PCAP→78W  power=78.3W
[PID] perf=27.334Hz  target=9.110Hz  err=-18.224Hz  corr=-377.95W  u_ff=83.1W  PCAP→78W  power=79.4W
[PID] perf=27.332Hz  target=9.110Hz  err=-18.222Hz  corr=-377.92W  u_ff=83.1W  PCAP→78W  power=76.8W
[PID] perf=27.346Hz  target=9.110Hz  err=-18.236Hz  corr=-378.19W  u_ff=83.1W  PCAP→78W  power=76.8W
[PID] perf=27.350Hz  target=9.110Hz  err=-18.240Hz  corr=-378.25W  u_ff=83.1W  PCAP→78W  power=76.8W
[PID] perf=27.371Hz  target=9.110Hz  err=-18.261Hz  corr=-378.64W  u_ff=83.1W  PCAP→78W  power=76.2W
[PID] perf=27.379Hz  target=9.110Hz  err=-18.269Hz  corr=-378.79W  u_ff=83.1W  PCAP→78W  power=79.0W
[PID] perf=27.371Hz  target=9.110Hz  err=-18.261Hz  corr=-378.64W  u_ff=83.1W  PCAP→78W  power=78.7W
[PID] perf=27.331Hz  target=9.110Hz  err=-18.221Hz  corr=-377.90W  u_ff=83.1W  PCAP→78W  power=78.4W
[PID] perf=27.316Hz  target=9.110Hz  err=-18.205Hz  corr=-377.61W  u_ff=83.1W  PCAP→78W  power=77.0W
[PID] perf=27.304Hz  target=9.110Hz  err=-18.193Hz  corr=-377.39W  u_ff=83.1W  PCAP→78W  power=76.2W
[PID] perf=27.289Hz  target=9.110Hz  err=-18.178Hz  corr=-377.11W  u_ff=83.1W  PCAP→78W  power=77.5W
[PID] perf=27.328Hz  target=9.110Hz  err=-18.218Hz  corr=-377.84W  u_ff=83.1W  PCAP→78W  power=77.3W
[PID] perf=27.301Hz  target=9.110Hz  err=-18.191Hz  corr=-377.35W  u_ff=83.1W  PCAP→78W  power=77.3W
[PID] perf=27.321Hz  target=9.110Hz  err=-18.211Hz  corr=-377.71W  u_ff=83.1W  PCAP→78W  power=78.0W
[PID] perf=27.326Hz  target=9.110Hz  err=-18.216Hz  corr=-377.81W  u_ff=83.1W  PCAP→78W  power=76.2W
[PID] perf=27.316Hz  target=9.110Hz  err=-18.205Hz  corr=-377.61W  u_ff=83.1W  PCAP→78W  power=78.6W
[PID] perf=27.301Hz  target=9.110Hz  err=-18.191Hz  corr=-377.35W  u_ff=83.1W  PCAP→78W  power=78.8W
[PID] perf=27.330Hz  target=9.110Hz  err=-18.220Hz  corr=-377.88W  u_ff=83.1W  PCAP→78W  power=79.0W
[PID] perf=27.341Hz  target=9.110Hz  err=-18.230Hz  corr=-378.08W  u_ff=83.1W  PCAP→78W  power=76.9W
[PID] perf=27.319Hz  target=9.110Hz  err=-18.209Hz  corr=-377.68W  u_ff=83.1W  PCAP→78W  power=77.0W
[PID] perf=27.326Hz  target=9.110Hz  err=-18.216Hz  corr=-377.81W  u_ff=83.1W  PCAP→78W  power=77.7W
[PID] perf=27.344Hz  target=9.110Hz  err=-18.234Hz  corr=-378.14W  u_ff=83.1W  PCAP→78W  power=78.6W
[PID] perf=27.357Hz  target=9.110Hz  err=-18.247Hz  corr=-378.38W  u_ff=83.1W  PCAP→78W  power=78.8W
[PID] perf=27.367Hz  target=9.110Hz  err=-18.257Hz  corr=-378.56W  u_ff=83.1W  PCAP→78W  power=79.4W
[PID] perf=27.333Hz  target=9.110Hz  err=-18.223Hz  corr=-377.93W  u_ff=83.1W  PCAP→78W  power=77.1W
[PID] perf=27.342Hz  target=9.110Hz  err=-18.232Hz  corr=-378.10W  u_ff=83.1W  PCAP→78W  power=78.1W
[PID] perf=27.387Hz  target=9.110Hz  err=-18.277Hz  corr=-378.94W  u_ff=83.1W  PCAP→78W  power=78.4W
[PID] perf=27.385Hz  target=9.110Hz  err=-18.274Hz  corr=-378.89W  u_ff=83.1W  PCAP→78W  power=77.4W
[PID] perf=27.373Hz  target=9.110Hz  err=-18.263Hz  corr=-378.68W  u_ff=83.1W  PCAP→78W  power=78.4W
[PID] perf=27.366Hz  target=9.110Hz  err=-18.255Hz  corr=-378.54W  u_ff=83.1W  PCAP→78W  power=77.4W
[PID] perf=27.394Hz  target=9.110Hz  err=-18.283Hz  corr=-379.06W  u_ff=83.1W  PCAP→78W  power=78.5W
[PID] perf=27.335Hz  target=9.110Hz  err=-18.225Hz  corr=-377.97W  u_ff=83.1W  PCAP→78W  power=77.1W
[PID] perf=27.431Hz  target=9.110Hz  err=-18.321Hz  corr=-379.75W  u_ff=83.1W  PCAP→78W  power=77.2W
[PID] perf=27.404Hz  target=9.110Hz  err=-18.293Hz  corr=-379.25W  u_ff=83.1W  PCAP→78W  power=78.2W
[PID] perf=27.378Hz  target=9.110Hz  err=-18.268Hz  corr=-378.78W  u_ff=83.1W  PCAP→78W  power=79.3W
[PID] perf=27.380Hz  target=9.110Hz  err=-18.270Hz  corr=-378.81W  u_ff=83.1W  PCAP→78W  power=78.4W
[PID] perf=27.407Hz  target=9.110Hz  err=-18.297Hz  corr=-379.30W  u_ff=83.1W  PCAP→78W  power=78.1W
[PID] perf=27.349Hz  target=9.110Hz  err=-18.239Hz  corr=-378.24W  u_ff=83.1W  PCAP→78W  power=79.6W
[PID] perf=27.368Hz  target=9.110Hz  err=-18.258Hz  corr=-378.58W  u_ff=83.1W  PCAP→78W  power=78.4W
[PID] perf=27.389Hz  target=9.110Hz  err=-18.279Hz  corr=-378.97W  u_ff=83.1W  PCAP→78W  power=76.9W
[PID] perf=27.407Hz  target=9.110Hz  err=-18.296Hz  corr=-379.30W  u_ff=83.1W  PCAP→78W  power=77.5W
[PID] perf=27.383Hz  target=9.110Hz  err=-18.273Hz  corr=-378.87W  u_ff=83.1W  PCAP→78W  power=78.9W
[PID] perf=27.380Hz  target=9.110Hz  err=-18.270Hz  corr=-378.81W  u_ff=83.1W  PCAP→78W  power=77.2W
[PID] perf=27.386Hz  target=9.110Hz  err=-18.276Hz  corr=-378.92W  u_ff=83.1W  PCAP→78W  power=76.4W
[PID] perf=27.394Hz  target=9.110Hz  err=-18.284Hz  corr=-379.06W  u_ff=83.1W  PCAP→78W  power=77.3W
[PID] perf=27.347Hz  target=9.110Hz  err=-18.237Hz  corr=-378.20W  u_ff=83.1W  PCAP→78W  power=76.4W
[PID] perf=27.368Hz  target=9.110Hz  err=-18.258Hz  corr=-378.58W  u_ff=83.1W  PCAP→78W  power=78.8W
[PID] perf=27.388Hz  target=9.110Hz  err=-18.278Hz  corr=-378.96W  u_ff=83.1W  PCAP→78W  power=78.5W
[PID] perf=27.364Hz  target=9.110Hz  err=-18.254Hz  corr=-378.51W  u_ff=83.1W  PCAP→78W  power=79.2W
[PID] perf=27.369Hz  target=9.110Hz  err=-18.259Hz  corr=-378.61W  u_ff=83.1W  PCAP→78W  power=77.6W
[PID] perf=27.380Hz  target=9.110Hz  err=-18.270Hz  corr=-378.81W  u_ff=83.1W  PCAP→78W  power=76.6W
[PID] perf=27.386Hz  target=9.110Hz  err=-18.275Hz  corr=-378.91W  u_ff=83.1W  PCAP→78W  power=77.3W
[PID] perf=27.360Hz  target=9.110Hz  err=-18.250Hz  corr=-378.43W  u_ff=83.1W  PCAP→78W  power=77.1W
[PID] perf=27.353Hz  target=9.110Hz  err=-18.243Hz  corr=-378.30W  u_ff=83.1W  PCAP→78W  power=77.2W
[PID] perf=27.374Hz  target=9.110Hz  err=-18.264Hz  corr=-378.70W  u_ff=83.1W  PCAP→78W  power=78.9W
[PID] perf=27.340Hz  target=9.110Hz  err=-18.229Hz  corr=-378.06W  u_ff=83.1W  PCAP→78W  power=79.1W
[PID] perf=27.386Hz  target=9.110Hz  err=-18.276Hz  corr=-378.93W  u_ff=83.1W  PCAP→78W  power=78.3W
[PID] perf=27.371Hz  target=9.110Hz  err=-18.260Hz  corr=-378.63W  u_ff=83.1W  PCAP→78W  power=78.8W
[PID] perf=27.377Hz  target=9.110Hz  err=-18.267Hz  corr=-378.75W  u_ff=83.1W  PCAP→78W  power=76.4W
[PID] perf=27.359Hz  target=9.110Hz  err=-18.249Hz  corr=-378.42W  u_ff=83.1W  PCAP→78W  power=76.6W
[PID] perf=27.371Hz  target=9.110Hz  err=-18.261Hz  corr=-378.64W  u_ff=83.1W  PCAP→78W  power=77.3W
[PID] perf=27.354Hz  target=9.110Hz  err=-18.244Hz  corr=-378.33W  u_ff=83.1W  PCAP→78W  power=78.7W
[PID] perf=27.344Hz  target=9.110Hz  err=-18.233Hz  corr=-378.13W  u_ff=83.1W  PCAP→78W  power=78.8W
[PID] perf=27.386Hz  target=9.110Hz  err=-18.276Hz  corr=-378.92W  u_ff=83.1W  PCAP→78W  power=78.3W
[PID] perf=27.364Hz  target=9.110Hz  err=-18.254Hz  corr=-378.52W  u_ff=83.1W  PCAP→78W  power=77.3W
[PID] perf=27.351Hz  target=9.110Hz  err=-18.241Hz  corr=-378.27W  u_ff=83.1W  PCAP→78W  power=79.0W
[PID] perf=27.345Hz  target=9.110Hz  err=-18.235Hz  corr=-378.16W  u_ff=83.1W  PCAP→78W  power=78.6W
[PID] perf=27.408Hz  target=9.110Hz  err=-18.298Hz  corr=-379.33W  u_ff=83.1W  PCAP→78W  power=77.1W
[PID] perf=27.402Hz  target=9.110Hz  err=-18.291Hz  corr=-379.21W  u_ff=83.1W  PCAP→78W  power=76.5W
[PID] perf=27.391Hz  target=9.110Hz  err=-18.281Hz  corr=-379.01W  u_ff=83.1W  PCAP→78W  power=77.5W
[PID] perf=27.412Hz  target=9.110Hz  err=-18.301Hz  corr=-379.39W  u_ff=83.1W  PCAP→78W  power=76.8W
[PID] perf=27.400Hz  target=9.110Hz  err=-18.289Hz  corr=-379.17W  u_ff=83.1W  PCAP→78W  power=78.0W
[PID] perf=27.381Hz  target=9.110Hz  err=-18.271Hz  corr=-378.82W  u_ff=83.1W  PCAP→78W  power=77.3W
[PID] perf=27.406Hz  target=9.110Hz  err=-18.296Hz  corr=-379.29W  u_ff=83.1W  PCAP→78W  power=77.9W
[PID] perf=27.453Hz  target=9.110Hz  err=-18.343Hz  corr=-380.16W  u_ff=83.1W  PCAP→78W  power=78.7W
[PID] perf=27.362Hz  target=9.110Hz  err=-18.251Hz  corr=-378.47W  u_ff=83.1W  PCAP→78W  power=78.8W
[PID] perf=27.312Hz  target=9.110Hz  err=-18.202Hz  corr=-377.54W  u_ff=83.1W  PCAP→78W  power=78.0W
[PID] perf=27.274Hz  target=9.110Hz  err=-18.164Hz  corr=-376.84W  u_ff=83.1W  PCAP→78W  power=77.5W
[PID] perf=27.332Hz  target=9.110Hz  err=-18.222Hz  corr=-377.93W  u_ff=83.1W  PCAP→78W  power=76.6W
[PID] perf=27.348Hz  target=9.110Hz  err=-18.237Hz  corr=-378.21W  u_ff=83.1W  PCAP→78W  power=77.2W
[PID] perf=27.366Hz  target=9.110Hz  err=-18.256Hz  corr=-378.55W  u_ff=83.1W  PCAP→78W  power=77.1W
[PID] perf=27.343Hz  target=9.110Hz  err=-18.233Hz  corr=-378.12W  u_ff=83.1W  PCAP→78W  power=79.0W
[PID] perf=27.383Hz  target=9.110Hz  err=-18.273Hz  corr=-378.87W  u_ff=83.1W  PCAP→78W  power=77.9W
[PID] perf=27.361Hz  target=9.110Hz  err=-18.250Hz  corr=-378.45W  u_ff=83.1W  PCAP→78W  power=78.1W
[PID] perf=27.329Hz  target=9.110Hz  err=-18.219Hz  corr=-377.86W  u_ff=83.1W  PCAP→78W  power=77.0W
[PID] perf=27.352Hz  target=9.110Hz  err=-18.242Hz  corr=-378.30W  u_ff=83.1W  PCAP→78W  power=77.3W
[PID] perf=25.400Hz  target=9.110Hz  err=-16.290Hz  corr=-342.08W  u_ff=83.1W  PCAP→78W  power=77.9W
[PID] perf=25.505Hz  target=9.110Hz  err=-16.395Hz  corr=-344.04W  u_ff=83.1W  PCAP→78W  power=77.8W
[PID] perf=25.607Hz  target=9.110Hz  err=-16.496Hz  corr=-345.92W  u_ff=83.1W  PCAP→78W  power=77.0W
[PID] perf=25.554Hz  target=9.110Hz  err=-16.444Hz  corr=-344.95W  u_ff=83.1W  PCAP→78W  power=78.4W
[PID] perf=25.597Hz  target=9.110Hz  err=-16.487Hz  corr=-345.74W  u_ff=83.1W  PCAP→78W  power=78.3W
[PID] perf=25.425Hz  target=9.110Hz  err=-16.315Hz  corr=-342.55W  u_ff=83.1W  PCAP→78W  power=77.5W
[PID] perf=25.450Hz  target=9.110Hz  err=-16.340Hz  corr=-343.02W  u_ff=83.1W  PCAP→78W  power=77.5W
[PID] perf=25.439Hz  target=9.110Hz  err=-16.329Hz  corr=-342.82W  u_ff=83.1W  PCAP→78W  power=77.6W
[PID] perf=25.491Hz  target=9.110Hz  err=-16.381Hz  corr=-343.77W  u_ff=83.1W  PCAP→78W  power=77.7W
[PID] perf=25.449Hz  target=9.110Hz  err=-16.338Hz  corr=-342.99W  u_ff=83.1W  PCAP→78W  power=78.5W
[PID] perf=25.491Hz  target=9.110Hz  err=-16.381Hz  corr=-343.77W  u_ff=83.1W  PCAP→78W  power=78.6W
[PID] perf=25.445Hz  target=9.110Hz  err=-16.335Hz  corr=-342.93W  u_ff=83.1W  PCAP→78W  power=79.4W
[PID] perf=25.494Hz  target=9.110Hz  err=-16.384Hz  corr=-343.84W  u_ff=83.1W  PCAP→78W  power=77.9W
[PID] perf=25.498Hz  target=9.110Hz  err=-16.388Hz  corr=-343.90W  u_ff=83.1W  PCAP→78W  power=77.5W
[PID] perf=25.507Hz  target=9.110Hz  err=-16.397Hz  corr=-344.08W  u_ff=83.1W  PCAP→78W  power=77.9W
[PID] perf=25.463Hz  target=9.110Hz  err=-16.353Hz  corr=-343.26W  u_ff=83.1W  PCAP→78W  power=77.6W
[PID] perf=25.545Hz  target=9.110Hz  err=-16.435Hz  corr=-344.78W  u_ff=83.1W  PCAP→78W  power=77.4W
[PID] perf=25.496Hz  target=9.110Hz  err=-16.386Hz  corr=-343.87W  u_ff=83.1W  PCAP→78W  power=77.3W
[PID] perf=25.489Hz  target=9.110Hz  err=-16.379Hz  corr=-343.75W  u_ff=83.1W  PCAP→78W  power=77.0W
[PID] perf=25.497Hz  target=9.110Hz  err=-16.386Hz  corr=-343.88W  u_ff=83.1W  PCAP→78W  power=76.8W
[PID] perf=25.500Hz  target=9.110Hz  err=-16.390Hz  corr=-343.95W  u_ff=83.1W  PCAP→78W  power=78.4W
[PID] perf=25.471Hz  target=9.110Hz  err=-16.361Hz  corr=-343.41W  u_ff=83.1W  PCAP→78W  power=79.0W
[PID] perf=25.500Hz  target=9.110Hz  err=-16.390Hz  corr=-343.95W  u_ff=83.1W  PCAP→78W  power=77.7W
[PID] perf=26.241Hz  target=9.110Hz  err=-17.131Hz  corr=-357.69W  u_ff=83.1W  PCAP→78W  power=76.5W
[PID] perf=25.901Hz  target=9.110Hz  err=-16.790Hz  corr=-351.37W  u_ff=83.1W  PCAP→78W  power=76.2W
[PID] perf=25.969Hz  target=9.110Hz  err=-16.859Hz  corr=-352.64W  u_ff=83.1W  PCAP→78W  power=78.5W
[PID] perf=25.961Hz  target=9.110Hz  err=-16.851Hz  corr=-352.49W  u_ff=83.1W  PCAP→78W  power=76.9W
[PID] perf=25.965Hz  target=9.110Hz  err=-16.855Hz  corr=-352.56W  u_ff=83.1W  PCAP→78W  power=77.3W
[PID] perf=25.981Hz  target=9.110Hz  err=-16.871Hz  corr=-352.86W  u_ff=83.1W  PCAP→78W  power=76.1W
[PID] perf=25.976Hz  target=9.110Hz  err=-16.866Hz  corr=-352.78W  u_ff=83.1W  PCAP→78W  power=79.0W
[PID] perf=25.959Hz  target=9.110Hz  err=-16.849Hz  corr=-352.45W  u_ff=83.1W  PCAP→78W  power=79.3W
[PID] perf=25.930Hz  target=9.110Hz  err=-16.820Hz  corr=-351.92W  u_ff=83.1W  PCAP→78W  power=79.4W
[PID] perf=25.844Hz  target=9.110Hz  err=-16.734Hz  corr=-350.33W  u_ff=83.1W  PCAP→78W  power=77.6W
[PID] perf=25.981Hz  target=9.110Hz  err=-16.871Hz  corr=-352.87W  u_ff=83.1W  PCAP→78W  power=76.2W
[PID] perf=25.887Hz  target=9.110Hz  err=-16.777Hz  corr=-351.12W  u_ff=83.1W  PCAP→78W  power=77.6W
[PID] perf=25.926Hz  target=9.110Hz  err=-16.816Hz  corr=-351.84W  u_ff=83.1W  PCAP→78W  power=78.5W
[PID] perf=25.923Hz  target=9.110Hz  err=-16.813Hz  corr=-351.80W  u_ff=83.1W  PCAP→78W  power=76.8W
[PID] perf=26.010Hz  target=9.110Hz  err=-16.900Hz  corr=-353.41W  u_ff=83.1W  PCAP→78W  power=78.8W
[PID] perf=26.863Hz  target=9.110Hz  err=-17.753Hz  corr=-369.23W  u_ff=83.1W  PCAP→78W  power=78.7W
[PID] perf=26.910Hz  target=9.110Hz  err=-17.800Hz  corr=-370.10W  u_ff=83.1W  PCAP→78W  power=78.0W
[PID] perf=26.877Hz  target=9.110Hz  err=-17.767Hz  corr=-369.48W  u_ff=83.1W  PCAP→78W  power=77.7W
[PID] perf=26.913Hz  target=9.110Hz  err=-17.803Hz  corr=-370.15W  u_ff=83.1W  PCAP→78W  power=76.3W
[PID] perf=26.917Hz  target=9.110Hz  err=-17.807Hz  corr=-370.22W  u_ff=83.1W  PCAP→78W  power=78.6W
[PID] perf=26.904Hz  target=9.110Hz  err=-17.794Hz  corr=-369.98W  u_ff=83.1W  PCAP→78W  power=79.1W
[PID] perf=26.911Hz  target=9.110Hz  err=-17.801Hz  corr=-370.12W  u_ff=83.1W  PCAP→78W  power=78.4W
[PID] perf=26.922Hz  target=9.110Hz  err=-17.811Hz  corr=-370.31W  u_ff=83.1W  PCAP→78W  power=78.4W
[PID] perf=26.891Hz  target=9.110Hz  err=-17.781Hz  corr=-369.74W  u_ff=83.1W  PCAP→78W  power=78.2W
[PID] perf=26.902Hz  target=9.110Hz  err=-17.791Hz  corr=-369.94W  u_ff=83.1W  PCAP→78W  power=78.6W
[PID] perf=26.897Hz  target=9.110Hz  err=-17.787Hz  corr=-369.86W  u_ff=83.1W  PCAP→78W  power=78.8W
[PID] perf=26.918Hz  target=9.110Hz  err=-17.807Hz  corr=-370.23W  u_ff=83.1W  PCAP→78W  power=78.9W
[PID] perf=26.896Hz  target=9.110Hz  err=-17.786Hz  corr=-369.83W  u_ff=83.1W  PCAP→78W  power=78.4W
[PID] perf=26.865Hz  target=9.110Hz  err=-17.755Hz  corr=-369.26W  u_ff=83.1W  PCAP→78W  power=77.3W
[PID] perf=26.766Hz  target=9.110Hz  err=-17.656Hz  corr=-367.42W  u_ff=83.1W  PCAP→78W  power=79.0W
[PID] perf=27.153Hz  target=9.110Hz  err=-18.043Hz  corr=-374.61W  u_ff=83.1W  PCAP→78W  power=78.3W
[PID] perf=27.135Hz  target=9.110Hz  err=-18.024Hz  corr=-374.26W  u_ff=83.1W  PCAP→78W  power=78.8W
[PID] perf=27.173Hz  target=9.110Hz  err=-18.063Hz  corr=-374.98W  u_ff=83.1W  PCAP→78W  power=78.6W
[PID] perf=27.116Hz  target=9.110Hz  err=-18.006Hz  corr=-373.91W  u_ff=83.1W  PCAP→78W  power=78.3W
[PID] perf=27.197Hz  target=9.110Hz  err=-18.087Hz  corr=-375.41W  u_ff=83.1W  PCAP→78W  power=77.5W
[PID] perf=27.202Hz  target=9.110Hz  err=-18.092Hz  corr=-375.51W  u_ff=83.1W  PCAP→78W  power=78.0W
[PID] perf=27.155Hz  target=9.110Hz  err=-18.044Hz  corr=-374.63W  u_ff=83.1W  PCAP→78W  power=77.5W
[PID] perf=27.171Hz  target=9.110Hz  err=-18.060Hz  corr=-374.93W  u_ff=83.1W  PCAP→78W  power=77.5W
[PID] perf=27.165Hz  target=9.110Hz  err=-18.055Hz  corr=-374.83W  u_ff=83.1W  PCAP→78W  power=77.5W
[PID] perf=26.843Hz  target=9.110Hz  err=-17.733Hz  corr=-368.85W  u_ff=83.1W  PCAP→78W  power=77.9W
[PID] perf=26.886Hz  target=9.110Hz  err=-17.776Hz  corr=-369.65W  u_ff=83.1W  PCAP→78W  power=79.3W
[PID] perf=26.939Hz  target=9.110Hz  err=-17.829Hz  corr=-370.63W  u_ff=83.1W  PCAP→78W  power=78.4W
[PID] perf=26.924Hz  target=9.110Hz  err=-17.814Hz  corr=-370.35W  u_ff=83.1W  PCAP→78W  power=78.1W
[PID] perf=26.943Hz  target=9.110Hz  err=-17.833Hz  corr=-370.71W  u_ff=83.1W  PCAP→78W  power=78.6W
[PID] perf=26.974Hz  target=9.110Hz  err=-17.863Hz  corr=-371.27W  u_ff=83.1W  PCAP→78W  power=77.7W
[PID] perf=26.958Hz  target=9.110Hz  err=-17.848Hz  corr=-370.98W  u_ff=83.1W  PCAP→78W  power=76.6W
[PID] perf=26.927Hz  target=9.110Hz  err=-17.817Hz  corr=-370.41W  u_ff=83.1W  PCAP→78W  power=76.1W
[PID] perf=26.645Hz  target=9.110Hz  err=-17.534Hz  corr=-365.17W  u_ff=83.1W  PCAP→78W  power=79.0W
[PID] perf=26.724Hz  target=9.110Hz  err=-17.614Hz  corr=-366.64W  u_ff=83.1W  PCAP→78W  power=78.8W
[PID] perf=26.878Hz  target=9.110Hz  err=-17.768Hz  corr=-369.50W  u_ff=83.1W  PCAP→78W  power=78.8W
[PID] perf=26.890Hz  target=9.110Hz  err=-17.780Hz  corr=-369.73W  u_ff=83.1W  PCAP→78W  power=77.3W
[PID] perf=26.929Hz  target=9.110Hz  err=-17.819Hz  corr=-370.44W  u_ff=83.1W  PCAP→78W  power=78.0W
[PID] perf=26.869Hz  target=9.110Hz  err=-17.759Hz  corr=-369.34W  u_ff=83.1W  PCAP→78W  power=77.9W
[PID] perf=26.895Hz  target=9.110Hz  err=-17.784Hz  corr=-369.81W  u_ff=83.1W  PCAP→78W  power=78.1W
[PID] perf=26.835Hz  target=9.110Hz  err=-17.725Hz  corr=-368.70W  u_ff=83.1W  PCAP→78W  power=77.3W
[PID] perf=26.876Hz  target=9.110Hz  err=-17.766Hz  corr=-369.46W  u_ff=83.1W  PCAP→78W  power=76.7W
[PID] perf=26.880Hz  target=9.110Hz  err=-17.769Hz  corr=-369.53W  u_ff=83.1W  PCAP→78W  power=77.8W
[PID] perf=26.857Hz  target=9.110Hz  err=-17.747Hz  corr=-369.11W  u_ff=83.1W  PCAP→78W  power=77.2W
[PID] perf=26.921Hz  target=9.110Hz  err=-17.810Hz  corr=-370.29W  u_ff=83.1W  PCAP→78W  power=78.7W
[PID] perf=26.968Hz  target=9.110Hz  err=-17.858Hz  corr=-371.16W  u_ff=83.1W  PCAP→78W  power=78.1W
[PID] perf=26.906Hz  target=9.110Hz  err=-17.796Hz  corr=-370.02W  u_ff=83.1W  PCAP→78W  power=79.2W
[PID] perf=26.902Hz  target=9.110Hz  err=-17.791Hz  corr=-369.93W  u_ff=83.1W  PCAP→78W  power=76.6W
[PID] perf=26.922Hz  target=9.110Hz  err=-17.812Hz  corr=-370.32W  u_ff=83.1W  PCAP→78W  power=77.4W
[PID] perf=26.885Hz  target=9.110Hz  err=-17.775Hz  corr=-369.63W  u_ff=83.1W  PCAP→78W  power=79.3W
[PID] perf=26.846Hz  target=9.110Hz  err=-17.736Hz  corr=-368.91W  u_ff=83.1W  PCAP→78W  power=78.9W
[PID] perf=26.821Hz  target=9.110Hz  err=-17.710Hz  corr=-368.43W  u_ff=83.1W  PCAP→78W  power=79.6W
[PID] perf=26.911Hz  target=9.110Hz  err=-17.800Hz  corr=-370.10W  u_ff=83.1W  PCAP→78W  power=77.7W
[PID] perf=26.876Hz  target=9.110Hz  err=-17.766Hz  corr=-369.47W  u_ff=83.1W  PCAP→78W  power=77.8W
[PID] perf=26.890Hz  target=9.110Hz  err=-17.780Hz  corr=-369.72W  u_ff=83.1W  PCAP→78W  power=77.8W
[PID] perf=26.844Hz  target=9.110Hz  err=-17.734Hz  corr=-368.86W  u_ff=83.1W  PCAP→78W  power=77.9W
[PID] perf=26.840Hz  target=9.110Hz  err=-17.730Hz  corr=-368.79W  u_ff=83.1W  PCAP→78W  power=76.9W
[PID] perf=26.893Hz  target=9.110Hz  err=-17.783Hz  corr=-369.78W  u_ff=83.1W  PCAP→78W  power=78.2W
[PID] perf=26.790Hz  target=9.110Hz  err=-17.679Hz  corr=-367.86W  u_ff=83.1W  PCAP→78W  power=79.3W
[PID] perf=26.800Hz  target=9.110Hz  err=-17.690Hz  corr=-368.05W  u_ff=83.1W  PCAP→78W  power=79.1W
[PID] perf=26.849Hz  target=9.110Hz  err=-17.738Hz  corr=-368.95W  u_ff=83.1W  PCAP→78W  power=78.1W
[PID] perf=26.787Hz  target=9.110Hz  err=-17.676Hz  corr=-367.80W  u_ff=83.1W  PCAP→78W  power=77.3W
[PID] perf=26.846Hz  target=9.110Hz  err=-17.736Hz  corr=-368.90W  u_ff=83.1W  PCAP→78W  power=77.8W
[PID] perf=26.736Hz  target=9.110Hz  err=-17.625Hz  corr=-366.86W  u_ff=83.1W  PCAP→78W  power=79.0W
[PID] perf=26.787Hz  target=9.110Hz  err=-17.677Hz  corr=-367.81W  u_ff=83.1W  PCAP→78W  power=79.1W
[PID] perf=26.752Hz  target=9.110Hz  err=-17.642Hz  corr=-367.16W  u_ff=83.1W  PCAP→78W  power=78.1W
[PID] perf=26.850Hz  target=9.110Hz  err=-17.740Hz  corr=-368.98W  u_ff=83.1W  PCAP→78W  power=78.1W
[PID] perf=26.817Hz  target=9.110Hz  err=-17.706Hz  corr=-368.36W  u_ff=83.1W  PCAP→78W  power=79.0W
[PID] perf=26.830Hz  target=9.110Hz  err=-17.719Hz  corr=-368.60W  u_ff=83.1W  PCAP→78W  power=76.7W
[PID] perf=26.814Hz  target=9.110Hz  err=-17.704Hz  corr=-368.31W  u_ff=83.1W  PCAP→78W  power=78.1W
[PID] perf=26.862Hz  target=9.110Hz  err=-17.752Hz  corr=-369.20W  u_ff=83.1W  PCAP→78W  power=77.0W
[PID] perf=26.851Hz  target=9.110Hz  err=-17.741Hz  corr=-368.99W  u_ff=83.1W  PCAP→78W  power=76.5W
[PID] perf=26.842Hz  target=9.110Hz  err=-17.732Hz  corr=-368.83W  u_ff=83.1W  PCAP→78W  power=76.6W
[PID] perf=26.813Hz  target=9.110Hz  err=-17.703Hz  corr=-368.29W  u_ff=83.1W  PCAP→78W  power=77.8W
[PID] perf=26.809Hz  target=9.110Hz  err=-17.699Hz  corr=-368.22W  u_ff=83.1W  PCAP→78W  power=78.4W
[PID] perf=26.841Hz  target=9.110Hz  err=-17.731Hz  corr=-368.81W  u_ff=83.1W  PCAP→78W  power=78.3W
[PID] perf=26.818Hz  target=9.110Hz  err=-17.708Hz  corr=-368.39W  u_ff=83.1W  PCAP→78W  power=77.7W
[PID] perf=26.827Hz  target=9.110Hz  err=-17.717Hz  corr=-368.55W  u_ff=83.1W  PCAP→78W  power=77.7W
[PID] perf=26.743Hz  target=9.110Hz  err=-17.632Hz  corr=-366.99W  u_ff=83.1W  PCAP→78W  power=77.5W
[PID] perf=26.736Hz  target=9.110Hz  err=-17.626Hz  corr=-366.87W  u_ff=83.1W  PCAP→78W  power=76.9W
[PID] perf=26.816Hz  target=9.110Hz  err=-17.706Hz  corr=-368.36W  u_ff=83.1W  PCAP→78W  power=77.2W
[PID] perf=26.785Hz  target=9.110Hz  err=-17.675Hz  corr=-367.77W  u_ff=83.1W  PCAP→78W  power=78.1W
[PID] perf=26.787Hz  target=9.110Hz  err=-17.677Hz  corr=-367.82W  u_ff=83.1W  PCAP→78W  power=78.8W
[PID] perf=26.794Hz  target=9.110Hz  err=-17.683Hz  corr=-367.93W  u_ff=83.1W  PCAP→78W  power=78.8W
[PID] perf=26.820Hz  target=9.110Hz  err=-17.710Hz  corr=-368.43W  u_ff=83.1W  PCAP→78W  power=78.6W
[PID] perf=26.860Hz  target=9.110Hz  err=-17.750Hz  corr=-369.16W  u_ff=83.1W  PCAP→78W  power=79.0W
[PID] perf=26.766Hz  target=9.110Hz  err=-17.656Hz  corr=-367.43W  u_ff=83.1W  PCAP→78W  power=76.6W
[PID] perf=26.826Hz  target=9.110Hz  err=-17.716Hz  corr=-368.53W  u_ff=83.1W  PCAP→78W  power=77.3W
[PID] perf=26.775Hz  target=9.110Hz  err=-17.665Hz  corr=-367.60W  u_ff=83.1W  PCAP→78W  power=77.6W
[PID] perf=26.809Hz  target=9.110Hz  err=-17.699Hz  corr=-368.22W  u_ff=83.1W  PCAP→78W  power=77.3W
[PID] perf=26.833Hz  target=9.110Hz  err=-17.723Hz  corr=-368.66W  u_ff=83.1W  PCAP→78W  power=77.3W
[PID] perf=25.967Hz  target=9.110Hz  err=-16.857Hz  corr=-352.60W  u_ff=83.1W  PCAP→78W  power=77.2W
[PID] perf=26.052Hz  target=9.110Hz  err=-16.942Hz  corr=-354.18W  u_ff=83.1W  PCAP→78W  power=78.8W
[PID] perf=26.077Hz  target=9.110Hz  err=-16.967Hz  corr=-354.64W  u_ff=83.1W  PCAP→78W  power=77.8W
[PID] perf=26.107Hz  target=9.110Hz  err=-16.997Hz  corr=-355.20W  u_ff=83.1W  PCAP→78W  power=79.0W
[PID] perf=26.075Hz  target=9.110Hz  err=-16.965Hz  corr=-354.61W  u_ff=83.1W  PCAP→78W  power=78.8W
[PID] perf=26.072Hz  target=9.110Hz  err=-16.962Hz  corr=-354.55W  u_ff=83.1W  PCAP→78W  power=77.5W
[PID] perf=26.689Hz  target=9.110Hz  err=-17.579Hz  corr=-366.00W  u_ff=83.1W  PCAP→78W  power=76.9W
[PID] perf=26.772Hz  target=9.110Hz  err=-17.662Hz  corr=-367.54W  u_ff=83.1W  PCAP→78W  power=77.8W
[PID] perf=26.808Hz  target=9.110Hz  err=-17.698Hz  corr=-368.21W  u_ff=83.1W  PCAP→78W  power=76.4W
[PID] perf=26.776Hz  target=9.110Hz  err=-17.666Hz  corr=-367.61W  u_ff=83.1W  PCAP→78W  power=77.9W
[PID] perf=26.785Hz  target=9.110Hz  err=-17.675Hz  corr=-367.78W  u_ff=83.1W  PCAP→78W  power=77.9W
[PID] perf=26.797Hz  target=9.110Hz  err=-17.687Hz  corr=-367.99W  u_ff=83.1W  PCAP→78W  power=77.1W
[PID] perf=26.831Hz  target=9.110Hz  err=-17.721Hz  corr=-368.62W  u_ff=83.1W  PCAP→78W  power=77.6W
[PID] perf=26.831Hz  target=9.110Hz  err=-17.721Hz  corr=-368.64W  u_ff=83.1W  PCAP→78W  power=77.4W
[PID] perf=26.883Hz  target=9.110Hz  err=-17.773Hz  corr=-369.60W  u_ff=83.1W  PCAP→78W  power=77.3W
[PID] perf=26.857Hz  target=9.110Hz  err=-17.747Hz  corr=-369.11W  u_ff=83.1W  PCAP→78W  power=77.7W
[PID] perf=26.909Hz  target=9.110Hz  err=-17.799Hz  corr=-370.08W  u_ff=83.1W  PCAP→78W  power=78.7W
[PID] perf=26.808Hz  target=9.110Hz  err=-17.698Hz  corr=-368.19W  u_ff=83.1W  PCAP→78W  power=78.5W
[PID] perf=26.822Hz  target=9.110Hz  err=-17.712Hz  corr=-368.46W  u_ff=83.1W  PCAP→78W  power=79.1W
[PID] perf=26.812Hz  target=9.110Hz  err=-17.702Hz  corr=-368.28W  u_ff=83.1W  PCAP→78W  power=79.3W
[PID] perf=26.866Hz  target=9.110Hz  err=-17.755Hz  corr=-369.27W  u_ff=83.1W  PCAP→78W  power=77.4W
[PID] perf=26.818Hz  target=9.110Hz  err=-17.707Hz  corr=-368.38W  u_ff=83.1W  PCAP→78W  power=77.9W
[PID] perf=26.026Hz  target=9.110Hz  err=-16.915Hz  corr=-353.69W  u_ff=83.1W  PCAP→78W  power=76.9W
[PID] perf=26.077Hz  target=9.110Hz  err=-16.966Hz  corr=-354.64W  u_ff=83.1W  PCAP→78W  power=78.4W
[PID] perf=26.799Hz  target=9.110Hz  err=-17.689Hz  corr=-368.04W  u_ff=83.1W  PCAP→78W  power=78.0W
[PID] perf=26.832Hz  target=9.110Hz  err=-17.722Hz  corr=-368.65W  u_ff=83.1W  PCAP→78W  power=76.5W
[PID] perf=26.831Hz  target=9.110Hz  err=-17.721Hz  corr=-368.63W  u_ff=83.1W  PCAP→78W  power=79.0W
[PID] perf=26.792Hz  target=9.110Hz  err=-17.681Hz  corr=-367.90W  u_ff=83.1W  PCAP→78W  power=77.0W
[PID] perf=26.789Hz  target=9.110Hz  err=-17.678Hz  corr=-367.84W  u_ff=83.1W  PCAP→78W  power=76.6W
[PID] perf=26.799Hz  target=9.110Hz  err=-17.689Hz  corr=-368.03W  u_ff=83.1W  PCAP→78W  power=78.5W
[PID] perf=26.801Hz  target=9.110Hz  err=-17.691Hz  corr=-368.07W  u_ff=83.1W  PCAP→78W  power=77.5W
[PID] perf=26.791Hz  target=9.110Hz  err=-17.681Hz  corr=-367.88W  u_ff=83.1W  PCAP→78W  power=78.0W
[PID] perf=26.800Hz  target=9.110Hz  err=-17.689Hz  corr=-368.04W  u_ff=83.1W  PCAP→78W  power=77.2W
[PID] perf=26.792Hz  target=9.110Hz  err=-17.682Hz  corr=-367.91W  u_ff=83.1W  PCAP→78W  power=78.1W
[PID] perf=26.833Hz  target=9.110Hz  err=-17.723Hz  corr=-368.66W  u_ff=83.1W  PCAP→78W  power=78.8W
[PID] perf=26.770Hz  target=9.110Hz  err=-17.660Hz  corr=-367.50W  u_ff=83.1W  PCAP→78W  power=77.7W
[PID] perf=26.793Hz  target=9.110Hz  err=-17.683Hz  corr=-367.93W  u_ff=83.1W  PCAP→78W  power=76.6W
[PID] perf=26.788Hz  target=9.110Hz  err=-17.677Hz  corr=-367.82W  u_ff=83.1W  PCAP→78W  power=76.3W
[PID] perf=26.801Hz  target=9.110Hz  err=-17.691Hz  corr=-368.07W  u_ff=83.1W  PCAP→78W  power=77.8W
[PID] perf=26.836Hz  target=9.110Hz  err=-17.726Hz  corr=-368.72W  u_ff=83.1W  PCAP→78W  power=78.5W
[PID] perf=26.844Hz  target=9.110Hz  err=-17.733Hz  corr=-368.86W  u_ff=83.1W  PCAP→78W  power=77.6W
[PID] perf=26.821Hz  target=9.110Hz  err=-17.711Hz  corr=-368.45W  u_ff=83.1W  PCAP→78W  power=78.7W
[PID] perf=26.786Hz  target=9.110Hz  err=-17.676Hz  corr=-367.80W  u_ff=83.1W  PCAP→78W  power=77.7W
[PID] perf=26.698Hz  target=9.110Hz  err=-17.588Hz  corr=-366.16W  u_ff=83.1W  PCAP→78W  power=78.9W
[PID] perf=26.693Hz  target=9.110Hz  err=-17.583Hz  corr=-366.08W  u_ff=83.1W  PCAP→78W  power=76.8W
[PID] perf=26.695Hz  target=9.110Hz  err=-17.585Hz  corr=-366.10W  u_ff=83.1W  PCAP→78W  power=78.2W
[PID] perf=26.764Hz  target=9.110Hz  err=-17.654Hz  corr=-367.39W  u_ff=83.1W  PCAP→78W  power=78.2W
[PID] perf=26.738Hz  target=9.110Hz  err=-17.628Hz  corr=-366.90W  u_ff=83.1W  PCAP→78W  power=78.3W
[PID] perf=26.794Hz  target=9.110Hz  err=-17.684Hz  corr=-367.94W  u_ff=83.1W  PCAP→78W  power=77.9W
[PID] perf=26.724Hz  target=9.110Hz  err=-17.614Hz  corr=-366.64W  u_ff=83.1W  PCAP→78W  power=77.0W
[PID] perf=26.704Hz  target=9.110Hz  err=-17.593Hz  corr=-366.27W  u_ff=83.1W  PCAP→78W  power=77.4W
[PID] perf=26.684Hz  target=9.110Hz  err=-17.574Hz  corr=-365.90W  u_ff=83.1W  PCAP→78W  power=78.6W
[PID] perf=26.400Hz  target=9.110Hz  err=-17.290Hz  corr=-360.63W  u_ff=83.1W  PCAP→78W  power=76.0W
[PID] perf=26.424Hz  target=9.110Hz  err=-17.314Hz  corr=-361.09W  u_ff=83.1W  PCAP→78W  power=78.4W
[PID] perf=26.414Hz  target=9.110Hz  err=-17.303Hz  corr=-360.89W  u_ff=83.1W  PCAP→78W  power=77.6W
[PID] perf=26.468Hz  target=9.110Hz  err=-17.358Hz  corr=-361.89W  u_ff=83.1W  PCAP→78W  power=76.3W
[PID] perf=26.488Hz  target=9.110Hz  err=-17.378Hz  corr=-362.27W  u_ff=83.1W  PCAP→78W  power=78.9W
[PID] perf=26.441Hz  target=9.110Hz  err=-17.331Hz  corr=-361.39W  u_ff=83.1W  PCAP→78W  power=78.6W
[PID] perf=26.458Hz  target=9.110Hz  err=-17.348Hz  corr=-361.72W  u_ff=83.1W  PCAP→78W  power=78.8W
[PID] perf=26.484Hz  target=9.110Hz  err=-17.374Hz  corr=-362.19W  u_ff=83.1W  PCAP→78W  power=76.3W
[PID] perf=26.485Hz  target=9.110Hz  err=-17.375Hz  corr=-362.21W  u_ff=83.1W  PCAP→78W  power=78.3W
[PID] perf=26.470Hz  target=9.110Hz  err=-17.359Hz  corr=-361.92W  u_ff=83.1W  PCAP→78W  power=78.0W
[PID] perf=26.452Hz  target=9.110Hz  err=-17.342Hz  corr=-361.60W  u_ff=83.1W  PCAP→78W  power=79.3W
[PID] perf=26.417Hz  target=9.110Hz  err=-17.307Hz  corr=-360.95W  u_ff=83.1W  PCAP→78W  power=76.9W
[PID] perf=26.415Hz  target=9.110Hz  err=-17.305Hz  corr=-360.92W  u_ff=83.1W  PCAP→78W  power=76.5W
[PID] perf=26.410Hz  target=9.110Hz  err=-17.300Hz  corr=-360.82W  u_ff=83.1W  PCAP→78W  power=77.7W
[PID] perf=26.404Hz  target=9.110Hz  err=-17.294Hz  corr=-360.71W  u_ff=83.1W  PCAP→78W  power=77.5W
[PID] perf=26.422Hz  target=9.110Hz  err=-17.312Hz  corr=-361.05W  u_ff=83.1W  PCAP→78W  power=78.5W
[PID] perf=26.410Hz  target=9.110Hz  err=-17.300Hz  corr=-360.82W  u_ff=83.1W  PCAP→78W  power=77.6W
[PID] perf=26.418Hz  target=9.110Hz  err=-17.308Hz  corr=-360.97W  u_ff=83.1W  PCAP→78W  power=77.0W
[PID] perf=26.386Hz  target=9.110Hz  err=-17.276Hz  corr=-360.38W  u_ff=83.1W  PCAP→78W  power=77.0W
[PID] perf=26.424Hz  target=9.110Hz  err=-17.314Hz  corr=-361.08W  u_ff=83.1W  PCAP→78W  power=78.5W
[PID] perf=26.407Hz  target=9.110Hz  err=-17.297Hz  corr=-360.77W  u_ff=83.1W  PCAP→78W  power=77.9W
[PID] perf=26.396Hz  target=9.110Hz  err=-17.286Hz  corr=-360.56W  u_ff=83.1W  PCAP→78W  power=77.3W
[PID] perf=26.430Hz  target=9.110Hz  err=-17.320Hz  corr=-361.19W  u_ff=83.1W  PCAP→78W  power=77.4W
[PID] perf=26.438Hz  target=9.110Hz  err=-17.328Hz  corr=-361.34W  u_ff=83.1W  PCAP→78W  power=77.6W
[PID] perf=26.423Hz  target=9.110Hz  err=-17.313Hz  corr=-361.07W  u_ff=83.1W  PCAP→78W  power=78.7W
[PID] perf=26.413Hz  target=9.110Hz  err=-17.302Hz  corr=-360.87W  u_ff=83.1W  PCAP→78W  power=79.1W
[PID] perf=26.414Hz  target=9.110Hz  err=-17.304Hz  corr=-360.89W  u_ff=83.1W  PCAP→78W  power=76.9W
[PID] perf=26.397Hz  target=9.110Hz  err=-17.287Hz  corr=-360.58W  u_ff=83.1W  PCAP→78W  power=76.6W
[PID] perf=26.400Hz  target=9.110Hz  err=-17.290Hz  corr=-360.64W  u_ff=83.1W  PCAP→78W  power=77.1W
[PID] perf=26.411Hz  target=9.110Hz  err=-17.301Hz  corr=-360.84W  u_ff=83.1W  PCAP→78W  power=76.9W
[PID] perf=26.406Hz  target=9.110Hz  err=-17.296Hz  corr=-360.74W  u_ff=83.1W  PCAP→78W  power=77.4W
[PID] perf=26.411Hz  target=9.110Hz  err=-17.301Hz  corr=-360.84W  u_ff=83.1W  PCAP→78W  power=78.9W
[PID] perf=26.467Hz  target=9.110Hz  err=-17.357Hz  corr=-361.88W  u_ff=83.1W  PCAP→78W  power=78.6W
[PID] perf=26.442Hz  target=9.110Hz  err=-17.331Hz  corr=-361.41W  u_ff=83.1W  PCAP→78W  power=77.0W
[PID] perf=26.428Hz  target=9.110Hz  err=-17.318Hz  corr=-361.15W  u_ff=83.1W  PCAP→78W  power=76.6W
[PID] perf=26.411Hz  target=9.110Hz  err=-17.301Hz  corr=-360.83W  u_ff=83.1W  PCAP→78W  power=77.3W
[PID] perf=26.412Hz  target=9.110Hz  err=-17.302Hz  corr=-360.85W  u_ff=83.1W  PCAP→78W  power=77.1W
[PID] perf=26.433Hz  target=9.110Hz  err=-17.323Hz  corr=-361.25W  u_ff=83.1W  PCAP→78W  power=76.4W
[PID] perf=26.390Hz  target=9.110Hz  err=-17.280Hz  corr=-360.45W  u_ff=83.1W  PCAP→78W  power=76.7W
[PID] perf=26.395Hz  target=9.110Hz  err=-17.285Hz  corr=-360.55W  u_ff=83.1W  PCAP→78W  power=77.3W
[PID] perf=26.451Hz  target=9.110Hz  err=-17.340Hz  corr=-361.57W  u_ff=83.1W  PCAP→78W  power=77.3W
[PID] perf=26.477Hz  target=9.110Hz  err=-17.367Hz  corr=-362.07W  u_ff=83.1W  PCAP→78W  power=79.2W
[PID] perf=26.477Hz  target=9.110Hz  err=-17.367Hz  corr=-362.06W  u_ff=83.1W  PCAP→78W  power=78.1W
[PID] perf=26.409Hz  target=9.110Hz  err=-17.298Hz  corr=-360.79W  u_ff=83.1W  PCAP→78W  power=78.8W
[PID] perf=26.426Hz  target=9.110Hz  err=-17.316Hz  corr=-361.12W  u_ff=83.1W  PCAP→78W  power=77.6W
[PID] perf=26.427Hz  target=9.110Hz  err=-17.317Hz  corr=-361.14W  u_ff=83.1W  PCAP→78W  power=78.1W
[PID] perf=26.473Hz  target=9.110Hz  err=-17.363Hz  corr=-362.00W  u_ff=83.1W  PCAP→78W  power=78.9W
[PID] perf=26.474Hz  target=9.110Hz  err=-17.363Hz  corr=-362.00W  u_ff=83.1W  PCAP→78W  power=77.8W
[PID] perf=26.455Hz  target=9.110Hz  err=-17.345Hz  corr=-361.66W  u_ff=83.1W  PCAP→78W  power=78.3W
[PID] perf=26.423Hz  target=9.110Hz  err=-17.313Hz  corr=-361.07W  u_ff=83.1W  PCAP→78W  power=77.2W
[PID] perf=26.430Hz  target=9.110Hz  err=-17.320Hz  corr=-361.19W  u_ff=83.1W  PCAP→78W  power=77.1W
[PID] perf=26.432Hz  target=9.110Hz  err=-17.321Hz  corr=-361.22W  u_ff=83.1W  PCAP→78W  power=78.8W
[PID] perf=26.339Hz  target=9.110Hz  err=-17.229Hz  corr=-359.50W  u_ff=83.1W  PCAP→78W  power=78.0W
[PID] perf=26.390Hz  target=9.110Hz  err=-17.279Hz  corr=-360.44W  u_ff=83.1W  PCAP→78W  power=76.6W
[PID] perf=26.404Hz  target=9.110Hz  err=-17.293Hz  corr=-360.70W  u_ff=83.1W  PCAP→78W  power=77.0W
[PID] perf=26.409Hz  target=9.110Hz  err=-17.299Hz  corr=-360.81W  u_ff=83.1W  PCAP→78W  power=77.4W
[PID] perf=26.426Hz  target=9.110Hz  err=-17.316Hz  corr=-361.12W  u_ff=83.1W  PCAP→78W  power=78.9W
[PID] perf=26.457Hz  target=9.110Hz  err=-17.347Hz  corr=-361.70W  u_ff=83.1W  PCAP→78W  power=78.7W
[PID] perf=26.402Hz  target=9.110Hz  err=-17.292Hz  corr=-360.68W  u_ff=83.1W  PCAP→78W  power=78.4W
[PID] perf=26.450Hz  target=9.110Hz  err=-17.340Hz  corr=-361.57W  u_ff=83.1W  PCAP→78W  power=77.9W
[PID] perf=26.435Hz  target=9.110Hz  err=-17.325Hz  corr=-361.29W  u_ff=83.1W  PCAP→78W  power=77.6W
[PID] perf=26.386Hz  target=9.110Hz  err=-17.276Hz  corr=-360.38W  u_ff=83.1W  PCAP→78W  power=77.0W
[PID] perf=26.414Hz  target=9.110Hz  err=-17.304Hz  corr=-360.90W  u_ff=83.1W  PCAP→78W  power=77.2W
[PID] perf=26.420Hz  target=9.110Hz  err=-17.309Hz  corr=-361.00W  u_ff=83.1W  PCAP→78W  power=77.0W
[PID] perf=26.439Hz  target=9.110Hz  err=-17.329Hz  corr=-361.36W  u_ff=83.1W  PCAP→78W  power=76.1W
[PID] perf=26.394Hz  target=9.110Hz  err=-17.284Hz  corr=-360.52W  u_ff=83.1W  PCAP→78W  power=78.0W
[PID] perf=26.423Hz  target=9.110Hz  err=-17.313Hz  corr=-361.06W  u_ff=83.1W  PCAP→78W  power=78.8W
[PID] perf=26.430Hz  target=9.110Hz  err=-17.320Hz  corr=-361.19W  u_ff=83.1W  PCAP→78W  power=78.6W
[PID] perf=26.419Hz  target=9.110Hz  err=-17.309Hz  corr=-360.98W  u_ff=83.1W  PCAP→78W  power=79.0W
[PID] perf=26.452Hz  target=9.110Hz  err=-17.342Hz  corr=-361.60W  u_ff=83.1W  PCAP→78W  power=79.1W
[PID] perf=26.419Hz  target=9.110Hz  err=-17.308Hz  corr=-360.98W  u_ff=83.1W  PCAP→78W  power=77.4W
[PID] perf=26.416Hz  target=9.110Hz  err=-17.306Hz  corr=-360.93W  u_ff=83.1W  PCAP→78W  power=77.2W
[PID] perf=26.444Hz  target=9.110Hz  err=-17.334Hz  corr=-361.45W  u_ff=83.1W  PCAP→78W  power=77.8W
[PID] perf=26.432Hz  target=9.110Hz  err=-17.322Hz  corr=-361.23W  u_ff=83.1W  PCAP→78W  power=76.8W
[PID] perf=26.442Hz  target=9.110Hz  err=-17.332Hz  corr=-361.42W  u_ff=83.1W  PCAP→78W  power=77.0W
[PID] perf=26.406Hz  target=9.110Hz  err=-17.296Hz  corr=-360.75W  u_ff=83.1W  PCAP→78W  power=78.9W
[PID] perf=26.419Hz  target=9.110Hz  err=-17.309Hz  corr=-360.99W  u_ff=83.1W  PCAP→78W  power=79.0W
[PID] perf=26.405Hz  target=9.110Hz  err=-17.295Hz  corr=-360.73W  u_ff=83.1W  PCAP→78W  power=78.8W
[PID] perf=26.416Hz  target=9.110Hz  err=-17.306Hz  corr=-360.93W  u_ff=83.1W  PCAP→78W  power=78.6W
[PID] perf=26.419Hz  target=9.110Hz  err=-17.309Hz  corr=-360.98W  u_ff=83.1W  PCAP→78W  power=78.9W
[PID] perf=26.446Hz  target=9.110Hz  err=-17.336Hz  corr=-361.49W  u_ff=83.1W  PCAP→78W  power=79.2W
[PID] perf=26.464Hz  target=9.110Hz  err=-17.354Hz  corr=-361.83W  u_ff=83.1W  PCAP→78W  power=79.2W
[PID] perf=26.448Hz  target=9.110Hz  err=-17.338Hz  corr=-361.53W  u_ff=83.1W  PCAP→78W  power=78.9W
[PID] perf=26.459Hz  target=9.110Hz  err=-17.348Hz  corr=-361.72W  u_ff=83.1W  PCAP→78W  power=79.2W
[PID] perf=26.463Hz  target=9.110Hz  err=-17.353Hz  corr=-361.81W  u_ff=83.1W  PCAP→78W  power=76.5W
[PID] perf=26.397Hz  target=9.110Hz  err=-17.287Hz  corr=-360.58W  u_ff=83.1W  PCAP→78W  power=76.9W
[PID] perf=26.422Hz  target=9.110Hz  err=-17.312Hz  corr=-361.05W  u_ff=83.1W  PCAP→78W  power=79.2W
[PID] perf=26.436Hz  target=9.110Hz  err=-17.325Hz  corr=-361.29W  u_ff=83.1W  PCAP→78W  power=78.7W
[PID] perf=26.412Hz  target=9.110Hz  err=-17.302Hz  corr=-360.86W  u_ff=83.1W  PCAP→78W  power=77.0W
[PID] perf=26.413Hz  target=9.110Hz  err=-17.303Hz  corr=-360.88W  u_ff=83.1W  PCAP→78W  power=76.7W
[PID] perf=26.376Hz  target=9.110Hz  err=-17.266Hz  corr=-360.19W  u_ff=83.1W  PCAP→78W  power=76.6W
[PID] perf=26.812Hz  target=9.110Hz  err=-17.702Hz  corr=-368.27W  u_ff=83.1W  PCAP→78W  power=77.8W
[PID] perf=26.895Hz  target=9.110Hz  err=-17.784Hz  corr=-369.81W  u_ff=83.1W  PCAP→78W  power=77.1W
[PID] perf=26.868Hz  target=9.110Hz  err=-17.757Hz  corr=-369.30W  u_ff=83.1W  PCAP→78W  power=77.0W
[PID] perf=26.928Hz  target=9.110Hz  err=-17.818Hz  corr=-370.43W  u_ff=83.1W  PCAP→78W  power=76.9W
[PID] perf=26.894Hz  target=9.110Hz  err=-17.784Hz  corr=-369.79W  u_ff=83.1W  PCAP→78W  power=77.5W
[PID] perf=26.902Hz  target=9.110Hz  err=-17.791Hz  corr=-369.94W  u_ff=83.1W  PCAP→78W  power=78.9W
[PID] perf=26.885Hz  target=9.110Hz  err=-17.775Hz  corr=-369.63W  u_ff=83.1W  PCAP→78W  power=79.1W
[PID] perf=26.875Hz  target=9.110Hz  err=-17.764Hz  corr=-369.44W  u_ff=83.1W  PCAP→78W  power=77.9W
[PID] perf=26.917Hz  target=9.110Hz  err=-17.807Hz  corr=-370.22W  u_ff=83.1W  PCAP→78W  power=79.1W
[PID] perf=26.917Hz  target=9.110Hz  err=-17.807Hz  corr=-370.22W  u_ff=83.1W  PCAP→78W  power=77.6W
[PID] perf=26.897Hz  target=9.110Hz  err=-17.787Hz  corr=-369.85W  u_ff=83.1W  PCAP→78W  power=76.3W
[PID] perf=26.915Hz  target=9.110Hz  err=-17.804Hz  corr=-370.18W  u_ff=83.1W  PCAP→78W  power=78.1W
[PID] perf=26.887Hz  target=9.110Hz  err=-17.776Hz  corr=-369.66W  u_ff=83.1W  PCAP→78W  power=77.4W
[PID] perf=26.895Hz  target=9.110Hz  err=-17.785Hz  corr=-369.82W  u_ff=83.1W  PCAP→78W  power=77.1W
[PID] perf=26.900Hz  target=9.110Hz  err=-17.790Hz  corr=-369.91W  u_ff=83.1W  PCAP→78W  power=77.6W
[PID] perf=26.884Hz  target=9.110Hz  err=-17.774Hz  corr=-369.60W  u_ff=83.1W  PCAP→78W  power=77.9W
[PID] perf=26.909Hz  target=9.110Hz  err=-17.799Hz  corr=-370.08W  u_ff=83.1W  PCAP→78W  power=78.5W
[PID] perf=26.894Hz  target=9.110Hz  err=-17.783Hz  corr=-369.79W  u_ff=83.1W  PCAP→78W  power=79.2W
[PID] perf=26.905Hz  target=9.110Hz  err=-17.795Hz  corr=-370.01W  u_ff=83.1W  PCAP→78W  power=78.7W
[PID] perf=26.903Hz  target=9.110Hz  err=-17.793Hz  corr=-369.96W  u_ff=83.1W  PCAP→78W  power=79.0W
[PID] perf=26.923Hz  target=9.110Hz  err=-17.813Hz  corr=-370.33W  u_ff=83.1W  PCAP→78W  power=77.0W
[PID] perf=26.916Hz  target=9.110Hz  err=-17.806Hz  corr=-370.21W  u_ff=83.1W  PCAP→78W  power=79.4W
[PID] perf=26.919Hz  target=9.110Hz  err=-17.809Hz  corr=-370.25W  u_ff=83.1W  PCAP→78W  power=78.7W
[PID] perf=26.903Hz  target=9.110Hz  err=-17.793Hz  corr=-369.96W  u_ff=83.1W  PCAP→78W  power=79.2W
[PID] perf=26.924Hz  target=9.110Hz  err=-17.814Hz  corr=-370.35W  u_ff=83.1W  PCAP→78W  power=76.9W
[PID] perf=26.932Hz  target=9.110Hz  err=-17.822Hz  corr=-370.50W  u_ff=83.1W  PCAP→78W  power=77.4W
[PID] perf=26.917Hz  target=9.110Hz  err=-17.807Hz  corr=-370.22W  u_ff=83.1W  PCAP→78W  power=78.6W
[PID] perf=26.886Hz  target=9.110Hz  err=-17.776Hz  corr=-369.65W  u_ff=83.1W  PCAP→78W  power=78.4W
[PID] perf=26.908Hz  target=9.110Hz  err=-17.798Hz  corr=-370.06W  u_ff=83.1W  PCAP→78W  power=77.8W
[PID] perf=26.894Hz  target=9.110Hz  err=-17.784Hz  corr=-369.80W  u_ff=83.1W  PCAP→78W  power=78.2W
[PID] perf=26.944Hz  target=9.110Hz  err=-17.834Hz  corr=-370.72W  u_ff=83.1W  PCAP→78W  power=76.2W
[PID] perf=26.886Hz  target=9.110Hz  err=-17.776Hz  corr=-369.65W  u_ff=83.1W  PCAP→78W  power=76.3W
[PID] perf=26.898Hz  target=9.110Hz  err=-17.788Hz  corr=-369.88W  u_ff=83.1W  PCAP→78W  power=77.9W
[PID] perf=26.890Hz  target=9.110Hz  err=-17.779Hz  corr=-369.71W  u_ff=83.1W  PCAP→78W  power=77.3W
[PID] perf=26.892Hz  target=9.110Hz  err=-17.782Hz  corr=-369.76W  u_ff=83.1W  PCAP→78W  power=77.5W
[PID] perf=26.851Hz  target=9.110Hz  err=-17.741Hz  corr=-369.00W  u_ff=83.1W  PCAP→78W  power=79.3W
[PID] perf=26.887Hz  target=9.110Hz  err=-17.777Hz  corr=-369.66W  u_ff=83.1W  PCAP→78W  power=77.1W
[PID] perf=26.882Hz  target=9.110Hz  err=-17.772Hz  corr=-369.57W  u_ff=83.1W  PCAP→78W  power=76.3W
[PID] perf=26.899Hz  target=9.110Hz  err=-17.789Hz  corr=-369.89W  u_ff=83.1W  PCAP→78W  power=77.7W
[PID] perf=26.874Hz  target=9.110Hz  err=-17.764Hz  corr=-369.43W  u_ff=83.1W  PCAP→78W  power=76.4W
[PID] perf=26.893Hz  target=9.110Hz  err=-17.782Hz  corr=-369.77W  u_ff=83.1W  PCAP→78W  power=76.7W
[PID] perf=26.869Hz  target=9.110Hz  err=-17.758Hz  corr=-369.33W  u_ff=83.1W  PCAP→78W  power=76.8W
[PID] perf=26.871Hz  target=9.110Hz  err=-17.761Hz  corr=-369.37W  u_ff=83.1W  PCAP→78W  power=78.4W
[PID] perf=26.864Hz  target=9.110Hz  err=-17.754Hz  corr=-369.24W  u_ff=83.1W  PCAP→78W  power=78.3W
[PID] perf=26.846Hz  target=9.110Hz  err=-17.736Hz  corr=-368.91W  u_ff=83.1W  PCAP→78W  power=78.7W
[PID] perf=26.864Hz  target=9.110Hz  err=-17.754Hz  corr=-369.25W  u_ff=83.1W  PCAP→78W  power=78.5W
[PID] perf=26.884Hz  target=9.110Hz  err=-17.774Hz  corr=-369.61W  u_ff=83.1W  PCAP→78W  power=78.8W
[PID] perf=26.867Hz  target=9.110Hz  err=-17.757Hz  corr=-369.30W  u_ff=83.1W  PCAP→78W  power=77.2W
[PID] perf=26.863Hz  target=9.110Hz  err=-17.753Hz  corr=-369.22W  u_ff=83.1W  PCAP→78W  power=79.1W
[PID] perf=26.882Hz  target=9.110Hz  err=-17.772Hz  corr=-369.57W  u_ff=83.1W  PCAP→78W  power=77.9W
[PID] perf=26.872Hz  target=9.110Hz  err=-17.762Hz  corr=-369.40W  u_ff=83.1W  PCAP→78W  power=76.2W
[PID] perf=26.871Hz  target=9.110Hz  err=-17.760Hz  corr=-369.36W  u_ff=83.1W  PCAP→78W  power=76.6W
[PID] perf=26.875Hz  target=9.110Hz  err=-17.765Hz  corr=-369.45W  u_ff=83.1W  PCAP→78W  power=78.1W
[PID] perf=26.870Hz  target=9.110Hz  err=-17.760Hz  corr=-369.35W  u_ff=83.1W  PCAP→78W  power=78.0W
[PID] perf=26.851Hz  target=9.110Hz  err=-17.741Hz  corr=-369.00W  u_ff=83.1W  PCAP→78W  power=77.7W
[PID] perf=26.866Hz  target=9.110Hz  err=-17.756Hz  corr=-369.28W  u_ff=83.1W  PCAP→78W  power=77.4W
[PID] perf=26.875Hz  target=9.110Hz  err=-17.765Hz  corr=-369.44W  u_ff=83.1W  PCAP→78W  power=77.4W
[PID] perf=26.862Hz  target=9.110Hz  err=-17.752Hz  corr=-369.21W  u_ff=83.1W  PCAP→78W  power=78.7W
[PID] perf=26.852Hz  target=9.110Hz  err=-17.742Hz  corr=-369.02W  u_ff=83.1W  PCAP→78W  power=76.3W
[PID] perf=26.850Hz  target=9.110Hz  err=-17.740Hz  corr=-368.98W  u_ff=83.1W  PCAP→78W  power=76.9W
[PID] perf=26.845Hz  target=9.110Hz  err=-17.734Hz  corr=-368.88W  u_ff=83.1W  PCAP→78W  power=76.7W
[PID] perf=26.865Hz  target=9.110Hz  err=-17.755Hz  corr=-369.25W  u_ff=83.1W  PCAP→78W  power=76.6W
[PID] perf=26.851Hz  target=9.110Hz  err=-17.741Hz  corr=-369.00W  u_ff=83.1W  PCAP→78W  power=76.6W
[PID] perf=26.832Hz  target=9.110Hz  err=-17.722Hz  corr=-368.64W  u_ff=83.1W  PCAP→78W  power=77.7W
[PID] perf=26.823Hz  target=9.110Hz  err=-17.713Hz  corr=-368.48W  u_ff=83.1W  PCAP→78W  power=77.9W
[PID] perf=26.861Hz  target=9.110Hz  err=-17.751Hz  corr=-369.19W  u_ff=83.1W  PCAP→78W  power=77.7W
[PID] perf=26.857Hz  target=9.110Hz  err=-17.747Hz  corr=-369.12W  u_ff=83.1W  PCAP→78W  power=78.2W
[PID] perf=26.843Hz  target=9.110Hz  err=-17.733Hz  corr=-368.85W  u_ff=83.1W  PCAP→78W  power=77.9W
[PID] perf=26.869Hz  target=9.110Hz  err=-17.759Hz  corr=-369.34W  u_ff=83.1W  PCAP→78W  power=78.1W
[PID] perf=26.872Hz  target=9.110Hz  err=-17.762Hz  corr=-369.39W  u_ff=83.1W  PCAP→78W  power=78.5W
[PID] perf=26.866Hz  target=9.110Hz  err=-17.755Hz  corr=-369.27W  u_ff=83.1W  PCAP→78W  power=79.1W
[PID] perf=26.858Hz  target=9.110Hz  err=-17.748Hz  corr=-369.13W  u_ff=83.1W  PCAP→78W  power=78.7W
[PID] perf=26.857Hz  target=9.110Hz  err=-17.747Hz  corr=-369.11W  u_ff=83.1W  PCAP→78W  power=79.3W
[PID] perf=26.838Hz  target=9.110Hz  err=-17.728Hz  corr=-368.76W  u_ff=83.1W  PCAP→78W  power=78.1W
[PID] perf=26.865Hz  target=9.110Hz  err=-17.754Hz  corr=-369.25W  u_ff=83.1W  PCAP→78W  power=77.1W
[PID] perf=26.877Hz  target=9.110Hz  err=-17.766Hz  corr=-369.47W  u_ff=83.1W  PCAP→78W  power=76.5W
[PID] perf=26.865Hz  target=9.110Hz  err=-17.755Hz  corr=-369.26W  u_ff=83.1W  PCAP→78W  power=76.3W
[PID] perf=26.846Hz  target=9.110Hz  err=-17.736Hz  corr=-368.91W  u_ff=83.1W  PCAP→78W  power=77.9W
[PID] perf=26.871Hz  target=9.110Hz  err=-17.761Hz  corr=-369.37W  u_ff=83.1W  PCAP→78W  power=77.0W
[PID] perf=26.820Hz  target=9.110Hz  err=-17.710Hz  corr=-368.42W  u_ff=83.1W  PCAP→78W  power=76.2W
[PID] perf=26.880Hz  target=9.110Hz  err=-17.770Hz  corr=-369.53W  u_ff=83.1W  PCAP→78W  power=77.2W
[PID] perf=26.849Hz  target=9.110Hz  err=-17.739Hz  corr=-368.97W  u_ff=83.1W  PCAP→78W  power=77.3W
[PID] perf=26.873Hz  target=9.110Hz  err=-17.763Hz  corr=-369.40W  u_ff=83.1W  PCAP→78W  power=78.7W
[PID] perf=26.833Hz  target=9.110Hz  err=-17.723Hz  corr=-368.67W  u_ff=83.1W  PCAP→78W  power=78.3W
[PID] perf=26.866Hz  target=9.110Hz  err=-17.755Hz  corr=-369.27W  u_ff=83.1W  PCAP→78W  power=78.1W
[PID] perf=26.908Hz  target=9.110Hz  err=-17.798Hz  corr=-370.06W  u_ff=83.1W  PCAP→78W  power=77.7W
[PID] perf=26.912Hz  target=9.110Hz  err=-17.802Hz  corr=-370.13W  u_ff=83.1W  PCAP→78W  power=78.3W
[PID] perf=26.901Hz  target=9.110Hz  err=-17.790Hz  corr=-369.92W  u_ff=83.1W  PCAP→78W  power=76.8W
[PID] perf=26.826Hz  target=9.110Hz  err=-17.716Hz  corr=-368.54W  u_ff=83.1W  PCAP→78W  power=78.8W
[PID] perf=26.840Hz  target=9.110Hz  err=-17.730Hz  corr=-368.79W  u_ff=83.1W  PCAP→78W  power=78.8W
[PID] perf=26.854Hz  target=9.110Hz  err=-17.744Hz  corr=-369.05W  u_ff=83.1W  PCAP→78W  power=77.8W
[PID] perf=26.865Hz  target=9.110Hz  err=-17.755Hz  corr=-369.25W  u_ff=83.1W  PCAP→78W  power=76.7W
[PID] perf=26.876Hz  target=9.110Hz  err=-17.766Hz  corr=-369.46W  u_ff=83.1W  PCAP→78W  power=78.7W
[PID] perf=26.878Hz  target=9.110Hz  err=-17.768Hz  corr=-369.51W  u_ff=83.1W  PCAP→78W  power=77.8W
[PID] perf=26.938Hz  target=9.110Hz  err=-17.828Hz  corr=-370.62W  u_ff=83.1W  PCAP→78W  power=77.4W
[PID] perf=26.912Hz  target=9.110Hz  err=-17.802Hz  corr=-370.13W  u_ff=83.1W  PCAP→78W  power=78.2W
[PID] perf=26.927Hz  target=9.110Hz  err=-17.817Hz  corr=-370.41W  u_ff=83.1W  PCAP→78W  power=76.9W
[PID] perf=26.936Hz  target=9.110Hz  err=-17.826Hz  corr=-370.57W  u_ff=83.1W  PCAP→78W  power=76.4W
[PID] perf=26.883Hz  target=9.110Hz  err=-17.773Hz  corr=-369.59W  u_ff=83.1W  PCAP→78W  power=78.5W
[PID] perf=26.907Hz  target=9.110Hz  err=-17.797Hz  corr=-370.04W  u_ff=83.1W  PCAP→78W  power=78.9W
[PID] perf=26.878Hz  target=9.110Hz  err=-17.768Hz  corr=-369.50W  u_ff=83.1W  PCAP→78W  power=78.1W
[PID] perf=26.881Hz  target=9.110Hz  err=-17.771Hz  corr=-369.56W  u_ff=83.1W  PCAP→78W  power=77.9W
[PID] perf=26.893Hz  target=9.110Hz  err=-17.783Hz  corr=-369.78W  u_ff=83.1W  PCAP→78W  power=74.2W
[PID] perf=28.445Hz  target=9.110Hz  err=-19.335Hz  corr=-398.57W  u_ff=83.1W  PCAP→78W  power=79.2W
[PID] perf=28.423Hz  target=9.110Hz  err=-19.313Hz  corr=-398.15W  u_ff=83.1W  PCAP→78W  power=79.6W
[PID] perf=27.387Hz  target=9.110Hz  err=-18.277Hz  corr=-378.94W  u_ff=83.1W  PCAP→78W  power=78.5W
[PID] perf=27.410Hz  target=9.110Hz  err=-18.300Hz  corr=-379.37W  u_ff=83.1W  PCAP→78W  power=79.0W
[PID] perf=27.436Hz  target=9.110Hz  err=-18.325Hz  corr=-379.84W  u_ff=83.1W  PCAP→78W  power=79.1W
[PID] perf=27.437Hz  target=9.110Hz  err=-18.327Hz  corr=-379.87W  u_ff=83.1W  PCAP→78W  power=77.5W
[PID] perf=27.446Hz  target=9.110Hz  err=-18.336Hz  corr=-380.03W  u_ff=83.1W  PCAP→78W  power=78.0W
[PID] perf=27.450Hz  target=9.110Hz  err=-18.339Hz  corr=-380.10W  u_ff=83.1W  PCAP→78W  power=77.2W
[PID] perf=27.391Hz  target=9.110Hz  err=-18.281Hz  corr=-379.01W  u_ff=83.1W  PCAP→78W  power=77.2W
[PID] perf=27.415Hz  target=9.110Hz  err=-18.305Hz  corr=-379.46W  u_ff=83.1W  PCAP→78W  power=77.2W
[PID] perf=27.458Hz  target=9.110Hz  err=-18.348Hz  corr=-380.26W  u_ff=83.1W  PCAP→78W  power=78.5W
[PID] perf=27.389Hz  target=9.110Hz  err=-18.279Hz  corr=-378.98W  u_ff=83.1W  PCAP→78W  power=77.8W
[PID] perf=27.427Hz  target=9.110Hz  err=-18.317Hz  corr=-379.67W  u_ff=83.1W  PCAP→78W  power=78.8W
[PID] perf=27.411Hz  target=9.110Hz  err=-18.301Hz  corr=-379.39W  u_ff=83.1W  PCAP→78W  power=76.4W
[PID] perf=27.422Hz  target=9.110Hz  err=-18.311Hz  corr=-379.58W  u_ff=83.1W  PCAP→78W  power=78.1W
[PID] perf=27.468Hz  target=9.110Hz  err=-18.358Hz  corr=-380.45W  u_ff=83.1W  PCAP→78W  power=76.9W
[PID] perf=27.429Hz  target=9.110Hz  err=-18.318Hz  corr=-379.71W  u_ff=83.1W  PCAP→78W  power=77.5W
[PID] perf=27.429Hz  target=9.110Hz  err=-18.319Hz  corr=-379.72W  u_ff=83.1W  PCAP→78W  power=77.7W
[PID] perf=27.464Hz  target=9.110Hz  err=-18.353Hz  corr=-380.36W  u_ff=83.1W  PCAP→78W  power=78.7W
[PID] perf=27.448Hz  target=9.110Hz  err=-18.338Hz  corr=-380.07W  u_ff=83.1W  PCAP→78W  power=79.8W
[PID] perf=27.425Hz  target=9.110Hz  err=-18.314Hz  corr=-379.63W  u_ff=83.1W  PCAP→78W  power=78.8W
[PID] perf=27.413Hz  target=9.110Hz  err=-18.303Hz  corr=-379.43W  u_ff=83.1W  PCAP→78W  power=78.9W
[PID] perf=27.429Hz  target=9.110Hz  err=-18.318Hz  corr=-379.71W  u_ff=83.1W  PCAP→78W  power=76.4W
[PID] perf=27.408Hz  target=9.110Hz  err=-18.298Hz  corr=-379.32W  u_ff=83.1W  PCAP→78W  power=78.0W
[PID] perf=27.428Hz  target=9.110Hz  err=-18.318Hz  corr=-379.70W  u_ff=83.1W  PCAP→78W  power=77.4W
[PID] perf=27.423Hz  target=9.110Hz  err=-18.313Hz  corr=-379.61W  u_ff=83.1W  PCAP→78W  power=78.8W
[PID] perf=27.398Hz  target=9.110Hz  err=-18.288Hz  corr=-379.14W  u_ff=83.1W  PCAP→78W  power=77.6W
[PID] perf=27.384Hz  target=9.110Hz  err=-18.274Hz  corr=-378.88W  u_ff=83.1W  PCAP→78W  power=77.6W
[PID] perf=27.381Hz  target=9.110Hz  err=-18.271Hz  corr=-378.83W  u_ff=83.1W  PCAP→78W  power=76.3W
[PID] perf=27.378Hz  target=9.110Hz  err=-18.268Hz  corr=-378.77W  u_ff=83.1W  PCAP→78W  power=78.0W
[PID] perf=27.354Hz  target=9.110Hz  err=-18.244Hz  corr=-378.32W  u_ff=83.1W  PCAP→78W  power=78.6W
[PID] perf=27.401Hz  target=9.110Hz  err=-18.291Hz  corr=-379.20W  u_ff=83.1W  PCAP→78W  power=78.4W
[PID] perf=27.394Hz  target=9.110Hz  err=-18.284Hz  corr=-379.08W  u_ff=83.1W  PCAP→78W  power=77.6W
[PID] perf=27.387Hz  target=9.110Hz  err=-18.276Hz  corr=-378.93W  u_ff=83.1W  PCAP→78W  power=78.8W
[PID] perf=27.378Hz  target=9.110Hz  err=-18.267Hz  corr=-378.76W  u_ff=83.1W  PCAP→78W  power=77.6W
[PID] perf=27.382Hz  target=9.110Hz  err=-18.272Hz  corr=-378.85W  u_ff=83.1W  PCAP→78W  power=77.2W
[PID] perf=27.381Hz  target=9.110Hz  err=-18.271Hz  corr=-378.83W  u_ff=83.1W  PCAP→78W  power=78.1W
[PID] perf=27.372Hz  target=9.110Hz  err=-18.262Hz  corr=-378.66W  u_ff=83.1W  PCAP→78W  power=77.2W
[PID] perf=27.359Hz  target=9.110Hz  err=-18.249Hz  corr=-378.43W  u_ff=83.1W  PCAP→78W  power=78.6W
[PID] perf=27.312Hz  target=9.110Hz  err=-18.202Hz  corr=-377.55W  u_ff=83.1W  PCAP→78W  power=79.0W
[PID] perf=27.330Hz  target=9.110Hz  err=-18.220Hz  corr=-377.88W  u_ff=83.1W  PCAP→78W  power=78.3W
[PID] perf=27.358Hz  target=9.110Hz  err=-18.247Hz  corr=-378.39W  u_ff=83.1W  PCAP→78W  power=77.3W
Process completed.
Compressed into /home/cc/summer2024/main_codes/pid_controller/../experiment_data/PID_Control/ones-npb-cg/compressed_iteration_20260511_023755.tar
----------------------------------

>>> Step 3/10
  [auto target] max perf @ PCAP=142.1W = 11.388Hz  →  80% target = 9.110Hz

[ones-npb-cg]
  target perf      : 9.1102 Hz
  coefficients_perf: [-0.0006547837485238978, 0.18607436314256556, -1.8317688501798497]
  feedforward PCAP : 83.11 W  →  83 W (snapped)
  Perf(u_ff) check : 9.1102 Hz  (should ≈ target)
  PID gains        : Kp=18.5447 W/Hz  Ki=1.85447 W/(Hz·s)  Kd=0.0000
[PID] Awaiting data — feedforward PCAP=83W
[PID] Awaiting data — feedforward PCAP=83W
[PID] Awaiting data — feedforward PCAP=83W
[PID] Awaiting data — feedforward PCAP=83W
[PID] Awaiting data — feedforward PCAP=83W
[PID] Awaiting data — feedforward PCAP=83W
[PID] perf=18.702Hz  target=9.110Hz  err=-9.592Hz  corr=-213.45W  u_ff=83.1W  PCAP→78W  power=nanW
[PID] perf=18.050Hz  target=9.110Hz  err=-8.940Hz  corr=-205.79W  u_ff=83.1W  PCAP→78W  power=78.9W
[PID] perf=18.110Hz  target=9.110Hz  err=-9.000Hz  corr=-206.90W  u_ff=83.1W  PCAP→78W  power=79.0W
[PID] perf=18.121Hz  target=9.110Hz  err=-9.011Hz  corr=-207.11W  u_ff=83.1W  PCAP→78W  power=76.7W
[PID] perf=18.129Hz  target=9.110Hz  err=-9.018Hz  corr=-207.24W  u_ff=83.1W  PCAP→78W  power=78.3W
[PID] perf=18.106Hz  target=9.110Hz  err=-8.996Hz  corr=-206.83W  u_ff=83.1W  PCAP→78W  power=77.1W
[PID] perf=18.093Hz  target=9.110Hz  err=-8.983Hz  corr=-206.58W  u_ff=83.1W  PCAP→78W  power=77.7W
[PID] perf=18.114Hz  target=9.110Hz  err=-9.004Hz  corr=-206.98W  u_ff=83.1W  PCAP→78W  power=78.1W
[PID] perf=18.124Hz  target=9.110Hz  err=-9.014Hz  corr=-207.16W  u_ff=83.1W  PCAP→78W  power=78.1W
[PID] perf=18.022Hz  target=9.110Hz  err=-8.912Hz  corr=-205.27W  u_ff=83.1W  PCAP→78W  power=79.3W
[PID] perf=18.038Hz  target=9.110Hz  err=-8.928Hz  corr=-205.56W  u_ff=83.1W  PCAP→78W  power=79.2W
[PID] perf=18.103Hz  target=9.110Hz  err=-8.993Hz  corr=-206.77W  u_ff=83.1W  PCAP→78W  power=78.4W
[PID] perf=18.043Hz  target=9.110Hz  err=-8.933Hz  corr=-205.66W  u_ff=83.1W  PCAP→78W  power=77.8W
[PID] perf=18.123Hz  target=9.110Hz  err=-9.013Hz  corr=-207.14W  u_ff=83.1W  PCAP→78W  power=77.8W
[PID] perf=18.136Hz  target=9.110Hz  err=-9.026Hz  corr=-207.38W  u_ff=83.1W  PCAP→78W  power=77.6W
[PID] perf=18.092Hz  target=9.110Hz  err=-8.982Hz  corr=-206.56W  u_ff=83.1W  PCAP→78W  power=77.9W
[PID] perf=18.097Hz  target=9.110Hz  err=-8.987Hz  corr=-206.66W  u_ff=83.1W  PCAP→78W  power=77.3W
[PID] perf=18.135Hz  target=9.110Hz  err=-9.025Hz  corr=-207.37W  u_ff=83.1W  PCAP→78W  power=77.8W
[PID] perf=18.100Hz  target=9.110Hz  err=-8.990Hz  corr=-206.72W  u_ff=83.1W  PCAP→78W  power=77.7W
[PID] perf=18.132Hz  target=9.110Hz  err=-9.022Hz  corr=-207.31W  u_ff=83.1W  PCAP→78W  power=78.1W
[PID] perf=18.145Hz  target=9.110Hz  err=-9.035Hz  corr=-207.55W  u_ff=83.1W  PCAP→78W  power=76.3W
[PID] perf=18.138Hz  target=9.110Hz  err=-9.028Hz  corr=-207.42W  u_ff=83.1W  PCAP→78W  power=76.6W
[PID] perf=18.097Hz  target=9.110Hz  err=-8.987Hz  corr=-206.66W  u_ff=83.1W  PCAP→78W  power=76.4W
[PID] perf=18.130Hz  target=9.110Hz  err=-9.020Hz  corr=-207.27W  u_ff=83.1W  PCAP→78W  power=77.2W
[PID] perf=18.106Hz  target=9.110Hz  err=-8.996Hz  corr=-206.83W  u_ff=83.1W  PCAP→78W  power=78.0W
[PID] perf=18.107Hz  target=9.110Hz  err=-8.997Hz  corr=-206.84W  u_ff=83.1W  PCAP→78W  power=76.4W
[PID] perf=18.122Hz  target=9.110Hz  err=-9.012Hz  corr=-207.12W  u_ff=83.1W  PCAP→78W  power=77.9W
[PID] perf=18.133Hz  target=9.110Hz  err=-9.023Hz  corr=-207.33W  u_ff=83.1W  PCAP→78W  power=76.8W
[PID] perf=18.116Hz  target=9.110Hz  err=-9.005Hz  corr=-207.00W  u_ff=83.1W  PCAP→78W  power=77.1W
[PID] perf=18.153Hz  target=9.110Hz  err=-9.043Hz  corr=-207.70W  u_ff=83.1W  PCAP→78W  power=76.4W
[PID] perf=18.118Hz  target=9.110Hz  err=-9.008Hz  corr=-207.05W  u_ff=83.1W  PCAP→78W  power=78.4W
[PID] perf=18.120Hz  target=9.110Hz  err=-9.010Hz  corr=-207.08W  u_ff=83.1W  PCAP→78W  power=77.8W
[PID] perf=18.140Hz  target=9.110Hz  err=-9.030Hz  corr=-207.45W  u_ff=83.1W  PCAP→78W  power=77.1W
[PID] perf=18.151Hz  target=9.110Hz  err=-9.041Hz  corr=-207.66W  u_ff=83.1W  PCAP→78W  power=78.6W
[PID] perf=18.165Hz  target=9.110Hz  err=-9.055Hz  corr=-207.91W  u_ff=83.1W  PCAP→78W  power=78.3W
[PID] perf=18.128Hz  target=9.110Hz  err=-9.017Hz  corr=-207.23W  u_ff=83.1W  PCAP→78W  power=78.1W
[PID] perf=18.129Hz  target=9.110Hz  err=-9.018Hz  corr=-207.24W  u_ff=83.1W  PCAP→78W  power=78.4W
[PID] perf=18.153Hz  target=9.110Hz  err=-9.043Hz  corr=-207.69W  u_ff=83.1W  PCAP→78W  power=76.4W
[PID] perf=18.142Hz  target=9.110Hz  err=-9.031Hz  corr=-207.48W  u_ff=83.1W  PCAP→78W  power=77.9W
[PID] perf=18.127Hz  target=9.110Hz  err=-9.017Hz  corr=-207.21W  u_ff=83.1W  PCAP→78W  power=77.8W
[PID] perf=18.129Hz  target=9.110Hz  err=-9.019Hz  corr=-207.25W  u_ff=83.1W  PCAP→78W  power=77.1W
[PID] perf=18.125Hz  target=9.110Hz  err=-9.014Hz  corr=-207.17W  u_ff=83.1W  PCAP→78W  power=78.8W
[PID] perf=18.103Hz  target=9.110Hz  err=-8.992Hz  corr=-206.76W  u_ff=83.1W  PCAP→78W  power=78.0W
[PID] perf=18.133Hz  target=9.110Hz  err=-9.023Hz  corr=-207.32W  u_ff=83.1W  PCAP→78W  power=79.2W
[PID] perf=18.131Hz  target=9.110Hz  err=-9.021Hz  corr=-207.28W  u_ff=83.1W  PCAP→78W  power=77.1W
[PID] perf=18.117Hz  target=9.110Hz  err=-9.007Hz  corr=-207.03W  u_ff=83.1W  PCAP→78W  power=78.6W
[PID] perf=18.125Hz  target=9.110Hz  err=-9.015Hz  corr=-207.18W  u_ff=83.1W  PCAP→78W  power=76.5W
[PID] perf=18.108Hz  target=9.110Hz  err=-8.997Hz  corr=-206.85W  u_ff=83.1W  PCAP→78W  power=76.8W
[PID] perf=18.090Hz  target=9.110Hz  err=-8.980Hz  corr=-206.53W  u_ff=83.1W  PCAP→78W  power=78.9W
[PID] perf=18.110Hz  target=9.110Hz  err=-9.000Hz  corr=-206.90W  u_ff=83.1W  PCAP→78W  power=77.3W
[PID] perf=18.082Hz  target=9.110Hz  err=-8.972Hz  corr=-206.38W  u_ff=83.1W  PCAP→78W  power=78.8W
[PID] perf=18.098Hz  target=9.110Hz  err=-8.988Hz  corr=-206.68W  u_ff=83.1W  PCAP→78W  power=78.9W
[PID] perf=18.100Hz  target=9.110Hz  err=-8.990Hz  corr=-206.72W  u_ff=83.1W  PCAP→78W  power=78.1W
[PID] perf=18.117Hz  target=9.110Hz  err=-9.007Hz  corr=-207.03W  u_ff=83.1W  PCAP→78W  power=78.8W
[PID] perf=18.108Hz  target=9.110Hz  err=-8.997Hz  corr=-206.85W  u_ff=83.1W  PCAP→78W  power=79.0W
[PID] perf=18.079Hz  target=9.110Hz  err=-8.969Hz  corr=-206.33W  u_ff=83.1W  PCAP→78W  power=79.3W
[PID] perf=18.112Hz  target=9.110Hz  err=-9.002Hz  corr=-206.93W  u_ff=83.1W  PCAP→78W  power=78.8W
[PID] perf=18.102Hz  target=9.110Hz  err=-8.991Hz  corr=-206.74W  u_ff=83.1W  PCAP→78W  power=76.4W
[PID] perf=18.058Hz  target=9.110Hz  err=-8.948Hz  corr=-205.93W  u_ff=83.1W  PCAP→78W  power=76.4W
[PID] perf=18.087Hz  target=9.110Hz  err=-8.977Hz  corr=-206.47W  u_ff=83.1W  PCAP→78W  power=76.5W
[PID] perf=18.096Hz  target=9.110Hz  err=-8.986Hz  corr=-206.64W  u_ff=83.1W  PCAP→78W  power=76.5W
[PID] perf=18.114Hz  target=9.110Hz  err=-9.004Hz  corr=-206.97W  u_ff=83.1W  PCAP→78W  power=78.8W
[PID] perf=18.081Hz  target=9.110Hz  err=-8.971Hz  corr=-206.36W  u_ff=83.1W  PCAP→78W  power=77.3W
[PID] perf=18.077Hz  target=9.110Hz  err=-8.967Hz  corr=-206.29W  u_ff=83.1W  PCAP→78W  power=77.5W
[PID] perf=18.094Hz  target=9.110Hz  err=-8.984Hz  corr=-206.60W  u_ff=83.1W  PCAP→78W  power=77.5W
[PID] perf=18.082Hz  target=9.110Hz  err=-8.972Hz  corr=-206.38W  u_ff=83.1W  PCAP→78W  power=76.7W
[PID] perf=18.098Hz  target=9.110Hz  err=-8.988Hz  corr=-206.67W  u_ff=83.1W  PCAP→78W  power=78.4W
[PID] perf=18.089Hz  target=9.110Hz  err=-8.979Hz  corr=-206.52W  u_ff=83.1W  PCAP→78W  power=77.4W
[PID] perf=18.058Hz  target=9.110Hz  err=-8.947Hz  corr=-205.93W  u_ff=83.1W  PCAP→78W  power=78.3W
[PID] perf=18.096Hz  target=9.110Hz  err=-8.986Hz  corr=-206.64W  u_ff=83.1W  PCAP→78W  power=78.8W
[PID] perf=18.103Hz  target=9.110Hz  err=-8.993Hz  corr=-206.77W  u_ff=83.1W  PCAP→78W  power=76.5W
[PID] perf=18.091Hz  target=9.110Hz  err=-8.981Hz  corr=-206.55W  u_ff=83.1W  PCAP→78W  power=76.8W
[PID] perf=18.086Hz  target=9.110Hz  err=-8.976Hz  corr=-206.46W  u_ff=83.1W  PCAP→78W  power=79.6W
[PID] perf=18.080Hz  target=9.110Hz  err=-8.970Hz  corr=-206.35W  u_ff=83.1W  PCAP→78W  power=78.4W
[PID] perf=18.090Hz  target=9.110Hz  err=-8.979Hz  corr=-206.52W  u_ff=83.1W  PCAP→78W  power=77.3W
[PID] perf=18.084Hz  target=9.110Hz  err=-8.974Hz  corr=-206.42W  u_ff=83.1W  PCAP→78W  power=78.6W
[PID] perf=18.083Hz  target=9.110Hz  err=-8.973Hz  corr=-206.40W  u_ff=83.1W  PCAP→78W  power=78.8W
[PID] perf=18.094Hz  target=9.110Hz  err=-8.984Hz  corr=-206.61W  u_ff=83.1W  PCAP→78W  power=77.9W
[PID] perf=18.057Hz  target=9.110Hz  err=-8.947Hz  corr=-205.92W  u_ff=83.1W  PCAP→78W  power=77.8W
[PID] perf=18.082Hz  target=9.110Hz  err=-8.972Hz  corr=-206.38W  u_ff=83.1W  PCAP→78W  power=77.7W
[PID] perf=18.066Hz  target=9.110Hz  err=-8.956Hz  corr=-206.08W  u_ff=83.1W  PCAP→78W  power=77.8W
[PID] perf=18.081Hz  target=9.110Hz  err=-8.971Hz  corr=-206.36W  u_ff=83.1W  PCAP→78W  power=78.1W
[PID] perf=18.076Hz  target=9.110Hz  err=-8.966Hz  corr=-206.27W  u_ff=83.1W  PCAP→78W  power=78.8W
[PID] perf=18.065Hz  target=9.110Hz  err=-8.955Hz  corr=-206.06W  u_ff=83.1W  PCAP→78W  power=77.1W
[PID] perf=18.069Hz  target=9.110Hz  err=-8.959Hz  corr=-206.14W  u_ff=83.1W  PCAP→78W  power=78.8W
[PID] perf=18.099Hz  target=9.110Hz  err=-8.989Hz  corr=-206.69W  u_ff=83.1W  PCAP→78W  power=79.1W
[PID] perf=18.065Hz  target=9.110Hz  err=-8.955Hz  corr=-206.06W  u_ff=83.1W  PCAP→78W  power=77.4W
[PID] perf=84.934Hz  target=9.110Hz  err=-75.823Hz  corr=-1446.12W  u_ff=83.1W  PCAP→78W  power=78.4W
[PID] perf=84.922Hz  target=9.110Hz  err=-75.812Hz  corr=-1445.91W  u_ff=83.1W  PCAP→78W  power=77.9W
[PID] perf=84.915Hz  target=9.110Hz  err=-75.805Hz  corr=-1445.78W  u_ff=83.1W  PCAP→78W  power=77.8W
[PID] perf=18.094Hz  target=9.110Hz  err=-8.984Hz  corr=-206.61W  u_ff=83.1W  PCAP→78W  power=79.2W
[PID] perf=18.149Hz  target=9.110Hz  err=-9.039Hz  corr=-207.62W  u_ff=83.1W  PCAP→78W  power=77.7W
[PID] perf=18.137Hz  target=9.110Hz  err=-9.027Hz  corr=-207.41W  u_ff=83.1W  PCAP→78W  power=77.6W
[PID] perf=18.139Hz  target=9.110Hz  err=-9.029Hz  corr=-207.43W  u_ff=83.1W  PCAP→78W  power=77.1W
[PID] perf=22.793Hz  target=9.110Hz  err=-13.682Hz  corr=-293.74W  u_ff=83.1W  PCAP→78W  power=78.1W
[PID] perf=23.102Hz  target=9.110Hz  err=-13.991Hz  corr=-299.46W  u_ff=83.1W  PCAP→78W  power=77.6W
[PID] perf=26.073Hz  target=9.110Hz  err=-16.963Hz  corr=-354.58W  u_ff=83.1W  PCAP→78W  power=78.5W
[PID] perf=26.209Hz  target=9.110Hz  err=-17.099Hz  corr=-357.09W  u_ff=83.1W  PCAP→78W  power=78.5W
[PID] perf=26.258Hz  target=9.110Hz  err=-17.148Hz  corr=-358.00W  u_ff=83.1W  PCAP→78W  power=77.3W
[PID] perf=26.248Hz  target=9.110Hz  err=-17.138Hz  corr=-357.82W  u_ff=83.1W  PCAP→78W  power=77.8W
[PID] perf=26.247Hz  target=9.110Hz  err=-17.136Hz  corr=-357.79W  u_ff=83.1W  PCAP→78W  power=77.5W
[PID] perf=26.279Hz  target=9.110Hz  err=-17.169Hz  corr=-358.39W  u_ff=83.1W  PCAP→78W  power=77.5W
[PID] perf=26.333Hz  target=9.110Hz  err=-17.223Hz  corr=-359.39W  u_ff=83.1W  PCAP→78W  power=76.3W
[PID] perf=26.332Hz  target=9.110Hz  err=-17.222Hz  corr=-359.37W  u_ff=83.1W  PCAP→78W  power=76.9W
[PID] perf=26.346Hz  target=9.110Hz  err=-17.236Hz  corr=-359.63W  u_ff=83.1W  PCAP→78W  power=78.8W
[PID] perf=26.311Hz  target=9.110Hz  err=-17.200Hz  corr=-358.98W  u_ff=83.1W  PCAP→78W  power=79.0W
[PID] perf=26.303Hz  target=9.110Hz  err=-17.193Hz  corr=-358.83W  u_ff=83.1W  PCAP→78W  power=78.9W
[PID] perf=26.282Hz  target=9.110Hz  err=-17.172Hz  corr=-358.45W  u_ff=83.1W  PCAP→78W  power=77.4W
[PID] perf=26.335Hz  target=9.110Hz  err=-17.224Hz  corr=-359.42W  u_ff=83.1W  PCAP→78W  power=77.6W
[PID] perf=26.275Hz  target=9.110Hz  err=-17.165Hz  corr=-358.32W  u_ff=83.1W  PCAP→78W  power=77.4W
[PID] perf=26.347Hz  target=9.110Hz  err=-17.237Hz  corr=-359.65W  u_ff=83.1W  PCAP→78W  power=78.5W
[PID] perf=26.317Hz  target=9.110Hz  err=-17.207Hz  corr=-359.10W  u_ff=83.1W  PCAP→78W  power=76.2W
[PID] perf=26.305Hz  target=9.110Hz  err=-17.195Hz  corr=-358.88W  u_ff=83.1W  PCAP→78W  power=77.0W
[PID] perf=26.302Hz  target=9.110Hz  err=-17.192Hz  corr=-358.81W  u_ff=83.1W  PCAP→78W  power=78.3W
[PID] perf=26.292Hz  target=9.110Hz  err=-17.182Hz  corr=-358.63W  u_ff=83.1W  PCAP→78W  power=78.7W
[PID] perf=26.332Hz  target=9.110Hz  err=-17.222Hz  corr=-359.37W  u_ff=83.1W  PCAP→78W  power=79.2W
[PID] perf=26.320Hz  target=9.110Hz  err=-17.210Hz  corr=-359.15W  u_ff=83.1W  PCAP→78W  power=78.7W
[PID] perf=26.329Hz  target=9.110Hz  err=-17.219Hz  corr=-359.31W  u_ff=83.1W  PCAP→78W  power=77.4W
[PID] perf=26.382Hz  target=9.110Hz  err=-17.271Hz  corr=-360.29W  u_ff=83.1W  PCAP→78W  power=77.5W
[PID] perf=26.367Hz  target=9.110Hz  err=-17.257Hz  corr=-360.02W  u_ff=83.1W  PCAP→78W  power=77.3W
[PID] perf=26.341Hz  target=9.110Hz  err=-17.231Hz  corr=-359.54W  u_ff=83.1W  PCAP→78W  power=77.4W
[PID] perf=26.361Hz  target=9.110Hz  err=-17.251Hz  corr=-359.91W  u_ff=83.1W  PCAP→78W  power=76.2W
[PID] perf=26.334Hz  target=9.110Hz  err=-17.224Hz  corr=-359.41W  u_ff=83.1W  PCAP→78W  power=76.3W
[PID] perf=26.337Hz  target=9.110Hz  err=-17.226Hz  corr=-359.46W  u_ff=83.1W  PCAP→78W  power=76.9W
[PID] perf=26.268Hz  target=9.110Hz  err=-17.158Hz  corr=-358.19W  u_ff=83.1W  PCAP→78W  power=78.3W
[PID] perf=26.357Hz  target=9.110Hz  err=-17.247Hz  corr=-359.83W  u_ff=83.1W  PCAP→78W  power=79.4W
[PID] perf=26.314Hz  target=9.110Hz  err=-17.204Hz  corr=-359.05W  u_ff=83.1W  PCAP→78W  power=77.8W
[PID] perf=26.357Hz  target=9.110Hz  err=-17.247Hz  corr=-359.84W  u_ff=83.1W  PCAP→78W  power=78.5W
[PID] perf=26.348Hz  target=9.110Hz  err=-17.238Hz  corr=-359.67W  u_ff=83.1W  PCAP→78W  power=76.7W
[PID] perf=26.334Hz  target=9.110Hz  err=-17.224Hz  corr=-359.41W  u_ff=83.1W  PCAP→78W  power=77.6W
[PID] perf=26.331Hz  target=9.110Hz  err=-17.221Hz  corr=-359.36W  u_ff=83.1W  PCAP→78W  power=77.2W
[PID] perf=26.275Hz  target=9.110Hz  err=-17.165Hz  corr=-358.32W  u_ff=83.1W  PCAP→78W  power=79.1W
[PID] perf=26.301Hz  target=9.110Hz  err=-17.191Hz  corr=-358.81W  u_ff=83.1W  PCAP→78W  power=78.9W
[PID] perf=26.369Hz  target=9.110Hz  err=-17.259Hz  corr=-360.05W  u_ff=83.1W  PCAP→78W  power=78.3W
[PID] perf=26.266Hz  target=9.110Hz  err=-17.155Hz  corr=-358.14W  u_ff=83.1W  PCAP→78W  power=76.3W
[PID] perf=26.339Hz  target=9.110Hz  err=-17.229Hz  corr=-359.51W  u_ff=83.1W  PCAP→78W  power=77.0W
[PID] perf=26.325Hz  target=9.110Hz  err=-17.215Hz  corr=-359.24W  u_ff=83.1W  PCAP→78W  power=77.0W
[PID] perf=26.333Hz  target=9.110Hz  err=-17.222Hz  corr=-359.39W  u_ff=83.1W  PCAP→78W  power=78.9W
[PID] perf=26.298Hz  target=9.110Hz  err=-17.188Hz  corr=-358.74W  u_ff=83.1W  PCAP→78W  power=78.7W
[PID] perf=26.299Hz  target=9.110Hz  err=-17.189Hz  corr=-358.77W  u_ff=83.1W  PCAP→78W  power=78.6W
[PID] perf=26.306Hz  target=9.110Hz  err=-17.195Hz  corr=-358.88W  u_ff=83.1W  PCAP→78W  power=77.4W
[PID] perf=26.322Hz  target=9.110Hz  err=-17.212Hz  corr=-359.18W  u_ff=83.1W  PCAP→78W  power=76.5W
[PID] perf=26.337Hz  target=9.110Hz  err=-17.227Hz  corr=-359.47W  u_ff=83.1W  PCAP→78W  power=78.6W
[PID] perf=26.293Hz  target=9.110Hz  err=-17.183Hz  corr=-358.66W  u_ff=83.1W  PCAP→78W  power=78.2W
[PID] perf=26.314Hz  target=9.110Hz  err=-17.204Hz  corr=-359.03W  u_ff=83.1W  PCAP→78W  power=77.0W
[PID] perf=26.402Hz  target=9.110Hz  err=-17.292Hz  corr=-360.67W  u_ff=83.1W  PCAP→78W  power=76.5W
[PID] perf=26.346Hz  target=9.110Hz  err=-17.235Hz  corr=-359.63W  u_ff=83.1W  PCAP→78W  power=77.4W
[PID] perf=26.328Hz  target=9.110Hz  err=-17.218Hz  corr=-359.29W  u_ff=83.1W  PCAP→78W  power=77.7W
[PID] perf=26.322Hz  target=9.110Hz  err=-17.212Hz  corr=-359.19W  u_ff=83.1W  PCAP→78W  power=78.6W
[PID] perf=26.306Hz  target=9.110Hz  err=-17.196Hz  corr=-358.90W  u_ff=83.1W  PCAP→78W  power=77.2W
[PID] perf=26.324Hz  target=9.110Hz  err=-17.214Hz  corr=-359.22W  u_ff=83.1W  PCAP→78W  power=76.5W
[PID] perf=26.325Hz  target=9.110Hz  err=-17.215Hz  corr=-359.25W  u_ff=83.1W  PCAP→78W  power=77.2W
[PID] perf=26.338Hz  target=9.110Hz  err=-17.228Hz  corr=-359.48W  u_ff=83.1W  PCAP→78W  power=78.2W
[PID] perf=26.321Hz  target=9.110Hz  err=-17.211Hz  corr=-359.17W  u_ff=83.1W  PCAP→78W  power=79.6W
[PID] perf=26.323Hz  target=9.110Hz  err=-17.212Hz  corr=-359.20W  u_ff=83.1W  PCAP→78W  power=78.0W
[PID] perf=26.327Hz  target=9.110Hz  err=-17.217Hz  corr=-359.29W  u_ff=83.1W  PCAP→78W  power=76.6W
[PID] perf=26.362Hz  target=9.110Hz  err=-17.252Hz  corr=-359.93W  u_ff=83.1W  PCAP→78W  power=77.5W
[PID] perf=26.934Hz  target=9.110Hz  err=-17.823Hz  corr=-370.53W  u_ff=83.1W  PCAP→78W  power=78.2W
[PID] perf=26.945Hz  target=9.110Hz  err=-17.835Hz  corr=-370.74W  u_ff=83.1W  PCAP→78W  power=78.1W
[PID] perf=26.979Hz  target=9.110Hz  err=-17.869Hz  corr=-371.38W  u_ff=83.1W  PCAP→78W  power=79.2W
[PID] perf=27.075Hz  target=9.110Hz  err=-17.965Hz  corr=-373.16W  u_ff=83.1W  PCAP→78W  power=77.2W
[PID] perf=27.046Hz  target=9.110Hz  err=-17.936Hz  corr=-372.62W  u_ff=83.1W  PCAP→78W  power=77.1W
[PID] perf=27.029Hz  target=9.110Hz  err=-17.919Hz  corr=-372.30W  u_ff=83.1W  PCAP→78W  power=78.5W
[PID] perf=27.023Hz  target=9.110Hz  err=-17.913Hz  corr=-372.19W  u_ff=83.1W  PCAP→78W  power=77.3W
[PID] perf=27.030Hz  target=9.110Hz  err=-17.920Hz  corr=-372.31W  u_ff=83.1W  PCAP→78W  power=77.9W
[PID] perf=27.014Hz  target=9.110Hz  err=-17.904Hz  corr=-372.03W  u_ff=83.1W  PCAP→78W  power=78.5W
[PID] perf=27.023Hz  target=9.110Hz  err=-17.913Hz  corr=-372.18W  u_ff=83.1W  PCAP→78W  power=77.0W
[PID] perf=26.981Hz  target=9.110Hz  err=-17.871Hz  corr=-371.42W  u_ff=83.1W  PCAP→78W  power=78.6W
[PID] perf=26.994Hz  target=9.110Hz  err=-17.884Hz  corr=-371.65W  u_ff=83.1W  PCAP→78W  power=78.8W
[PID] perf=26.990Hz  target=9.110Hz  err=-17.880Hz  corr=-371.58W  u_ff=83.1W  PCAP→78W  power=78.6W
[PID] perf=27.000Hz  target=9.110Hz  err=-17.890Hz  corr=-371.77W  u_ff=83.1W  PCAP→78W  power=77.0W
[PID] perf=27.008Hz  target=9.110Hz  err=-17.898Hz  corr=-371.91W  u_ff=83.1W  PCAP→78W  power=78.7W
[PID] perf=26.999Hz  target=9.110Hz  err=-17.888Hz  corr=-371.73W  u_ff=83.1W  PCAP→78W  power=77.0W
[PID] perf=26.995Hz  target=9.110Hz  err=-17.885Hz  corr=-371.67W  u_ff=83.1W  PCAP→78W  power=78.1W
[PID] perf=26.999Hz  target=9.110Hz  err=-17.889Hz  corr=-371.74W  u_ff=83.1W  PCAP→78W  power=79.2W
[PID] perf=27.000Hz  target=9.110Hz  err=-17.890Hz  corr=-371.77W  u_ff=83.1W  PCAP→78W  power=77.9W
[PID] perf=26.989Hz  target=9.110Hz  err=-17.878Hz  corr=-371.55W  u_ff=83.1W  PCAP→78W  power=76.8W
[PID] perf=26.984Hz  target=9.110Hz  err=-17.874Hz  corr=-371.46W  u_ff=83.1W  PCAP→78W  power=78.6W
[PID] perf=26.972Hz  target=9.110Hz  err=-17.861Hz  corr=-371.23W  u_ff=83.1W  PCAP→78W  power=78.9W
[PID] perf=26.974Hz  target=9.110Hz  err=-17.863Hz  corr=-371.27W  u_ff=83.1W  PCAP→78W  power=79.0W
[PID] perf=27.028Hz  target=9.110Hz  err=-17.918Hz  corr=-372.28W  u_ff=83.1W  PCAP→78W  power=77.9W
[PID] perf=27.019Hz  target=9.110Hz  err=-17.909Hz  corr=-372.12W  u_ff=83.1W  PCAP→78W  power=77.1W
[PID] perf=27.003Hz  target=9.110Hz  err=-17.893Hz  corr=-371.82W  u_ff=83.1W  PCAP→78W  power=78.8W
[PID] perf=26.986Hz  target=9.110Hz  err=-17.876Hz  corr=-371.51W  u_ff=83.1W  PCAP→78W  power=78.8W
[PID] perf=27.009Hz  target=9.110Hz  err=-17.898Hz  corr=-371.92W  u_ff=83.1W  PCAP→78W  power=77.2W
[PID] perf=26.989Hz  target=9.110Hz  err=-17.879Hz  corr=-371.56W  u_ff=83.1W  PCAP→78W  power=77.3W
[PID] perf=27.003Hz  target=9.110Hz  err=-17.893Hz  corr=-371.83W  u_ff=83.1W  PCAP→78W  power=78.1W
[PID] perf=26.985Hz  target=9.110Hz  err=-17.875Hz  corr=-371.48W  u_ff=83.1W  PCAP→78W  power=77.4W
[PID] perf=27.030Hz  target=9.110Hz  err=-17.920Hz  corr=-372.31W  u_ff=83.1W  PCAP→78W  power=78.4W
[PID] perf=27.019Hz  target=9.110Hz  err=-17.909Hz  corr=-372.12W  u_ff=83.1W  PCAP→78W  power=77.7W
[PID] perf=27.026Hz  target=9.110Hz  err=-17.916Hz  corr=-372.24W  u_ff=83.1W  PCAP→78W  power=78.1W
[PID] perf=27.026Hz  target=9.110Hz  err=-17.916Hz  corr=-372.24W  u_ff=83.1W  PCAP→78W  power=77.8W
[PID] perf=27.019Hz  target=9.110Hz  err=-17.909Hz  corr=-372.12W  u_ff=83.1W  PCAP→78W  power=79.1W
[PID] perf=27.013Hz  target=9.110Hz  err=-17.903Hz  corr=-372.00W  u_ff=83.1W  PCAP→78W  power=79.2W
[PID] perf=27.008Hz  target=9.110Hz  err=-17.897Hz  corr=-371.90W  u_ff=83.1W  PCAP→78W  power=79.0W
[PID] perf=27.022Hz  target=9.110Hz  err=-17.912Hz  corr=-372.17W  u_ff=83.1W  PCAP→78W  power=79.2W
[PID] perf=27.028Hz  target=9.110Hz  err=-17.917Hz  corr=-372.27W  u_ff=83.1W  PCAP→78W  power=77.7W
[PID] perf=27.051Hz  target=9.110Hz  err=-17.941Hz  corr=-372.71W  u_ff=83.1W  PCAP→78W  power=76.3W
[PID] perf=27.016Hz  target=9.110Hz  err=-17.906Hz  corr=-372.05W  u_ff=83.1W  PCAP→78W  power=77.0W
[PID] perf=26.995Hz  target=9.110Hz  err=-17.885Hz  corr=-371.67W  u_ff=83.1W  PCAP→78W  power=76.8W
[PID] perf=26.997Hz  target=9.110Hz  err=-17.887Hz  corr=-371.71W  u_ff=83.1W  PCAP→78W  power=77.8W
[PID] perf=27.020Hz  target=9.110Hz  err=-17.910Hz  corr=-372.13W  u_ff=83.1W  PCAP→78W  power=78.6W
[PID] perf=27.083Hz  target=9.110Hz  err=-17.973Hz  corr=-373.31W  u_ff=83.1W  PCAP→78W  power=77.9W
[PID] perf=27.035Hz  target=9.110Hz  err=-17.925Hz  corr=-372.41W  u_ff=83.1W  PCAP→78W  power=79.2W
[PID] perf=27.068Hz  target=9.110Hz  err=-17.958Hz  corr=-373.03W  u_ff=83.1W  PCAP→78W  power=78.9W
[PID] perf=27.059Hz  target=9.110Hz  err=-17.949Hz  corr=-372.86W  u_ff=83.1W  PCAP→78W  power=77.2W
[PID] perf=24.481Hz  target=9.110Hz  err=-15.371Hz  corr=-325.05W  u_ff=83.1W  PCAP→78W  power=77.4W
[PID] perf=24.586Hz  target=9.110Hz  err=-15.476Hz  corr=-326.99W  u_ff=83.1W  PCAP→78W  power=79.4W
[PID] perf=24.631Hz  target=9.110Hz  err=-15.521Hz  corr=-327.82W  u_ff=83.1W  PCAP→78W  power=76.7W
[PID] perf=24.657Hz  target=9.110Hz  err=-15.547Hz  corr=-328.31W  u_ff=83.1W  PCAP→78W  power=78.5W
[PID] perf=24.637Hz  target=9.110Hz  err=-15.527Hz  corr=-327.94W  u_ff=83.1W  PCAP→78W  power=78.6W
[PID] perf=26.562Hz  target=9.110Hz  err=-17.452Hz  corr=-363.64W  u_ff=83.1W  PCAP→78W  power=77.0W
[PID] perf=26.579Hz  target=9.110Hz  err=-17.469Hz  corr=-363.95W  u_ff=83.1W  PCAP→78W  power=77.6W
[PID] perf=26.568Hz  target=9.110Hz  err=-17.458Hz  corr=-363.75W  u_ff=83.1W  PCAP→78W  power=76.8W
[PID] perf=26.568Hz  target=9.110Hz  err=-17.458Hz  corr=-363.76W  u_ff=83.1W  PCAP→78W  power=76.5W
[PID] perf=26.575Hz  target=9.110Hz  err=-17.465Hz  corr=-363.88W  u_ff=83.1W  PCAP→78W  power=78.5W
[PID] perf=26.553Hz  target=9.110Hz  err=-17.443Hz  corr=-363.47W  u_ff=83.1W  PCAP→78W  power=78.5W
[PID] perf=26.606Hz  target=9.110Hz  err=-17.496Hz  corr=-364.45W  u_ff=83.1W  PCAP→78W  power=76.5W
[PID] perf=26.582Hz  target=9.110Hz  err=-17.471Hz  corr=-364.00W  u_ff=83.1W  PCAP→78W  power=77.8W
[PID] perf=26.576Hz  target=9.110Hz  err=-17.466Hz  corr=-363.90W  u_ff=83.1W  PCAP→78W  power=77.6W
[PID] perf=26.595Hz  target=9.110Hz  err=-17.485Hz  corr=-364.26W  u_ff=83.1W  PCAP→78W  power=78.8W
[PID] perf=26.557Hz  target=9.110Hz  err=-17.447Hz  corr=-363.54W  u_ff=83.1W  PCAP→78W  power=78.4W
[PID] perf=26.563Hz  target=9.110Hz  err=-17.453Hz  corr=-363.65W  u_ff=83.1W  PCAP→78W  power=77.0W
[PID] perf=26.552Hz  target=9.110Hz  err=-17.442Hz  corr=-363.45W  u_ff=83.1W  PCAP→78W  power=78.6W
[PID] perf=26.570Hz  target=9.110Hz  err=-17.460Hz  corr=-363.79W  u_ff=83.1W  PCAP→78W  power=78.3W
[PID] perf=26.543Hz  target=9.110Hz  err=-17.433Hz  corr=-363.29W  u_ff=83.1W  PCAP→78W  power=77.2W
[PID] perf=26.569Hz  target=9.110Hz  err=-17.458Hz  corr=-363.76W  u_ff=83.1W  PCAP→78W  power=78.0W
[PID] perf=26.554Hz  target=9.110Hz  err=-17.444Hz  corr=-363.49W  u_ff=83.1W  PCAP→78W  power=78.7W
[PID] perf=26.572Hz  target=9.110Hz  err=-17.462Hz  corr=-363.82W  u_ff=83.1W  PCAP→78W  power=78.7W
[PID] perf=26.594Hz  target=9.110Hz  err=-17.484Hz  corr=-364.23W  u_ff=83.1W  PCAP→78W  power=77.1W
[PID] perf=26.592Hz  target=9.110Hz  err=-17.481Hz  corr=-364.19W  u_ff=83.1W  PCAP→78W  power=78.5W
[PID] perf=26.140Hz  target=9.110Hz  err=-17.029Hz  corr=-355.80W  u_ff=83.1W  PCAP→78W  power=77.3W
[PID] perf=26.548Hz  target=9.110Hz  err=-17.438Hz  corr=-363.39W  u_ff=83.1W  PCAP→78W  power=78.8W
[PID] perf=26.582Hz  target=9.110Hz  err=-17.471Hz  corr=-364.00W  u_ff=83.1W  PCAP→78W  power=78.5W
[PID] perf=26.581Hz  target=9.110Hz  err=-17.471Hz  corr=-364.00W  u_ff=83.1W  PCAP→78W  power=77.0W
[PID] perf=26.546Hz  target=9.110Hz  err=-17.436Hz  corr=-363.34W  u_ff=83.1W  PCAP→78W  power=76.3W
[PID] perf=26.552Hz  target=9.110Hz  err=-17.442Hz  corr=-363.45W  u_ff=83.1W  PCAP→78W  power=78.6W
[PID] perf=26.552Hz  target=9.110Hz  err=-17.442Hz  corr=-363.46W  u_ff=83.1W  PCAP→78W  power=78.3W
[PID] perf=26.578Hz  target=9.110Hz  err=-17.468Hz  corr=-363.94W  u_ff=83.1W  PCAP→78W  power=77.7W
[PID] perf=26.547Hz  target=9.110Hz  err=-17.437Hz  corr=-363.36W  u_ff=83.1W  PCAP→78W  power=77.5W
[PID] perf=26.582Hz  target=9.110Hz  err=-17.472Hz  corr=-364.02W  u_ff=83.1W  PCAP→78W  power=79.0W
[PID] perf=26.557Hz  target=9.110Hz  err=-17.447Hz  corr=-363.54W  u_ff=83.1W  PCAP→78W  power=78.8W
[PID] perf=26.606Hz  target=9.110Hz  err=-17.496Hz  corr=-364.45W  u_ff=83.1W  PCAP→78W  power=77.0W
[PID] perf=26.545Hz  target=9.110Hz  err=-17.435Hz  corr=-363.32W  u_ff=83.1W  PCAP→78W  power=78.8W
[PID] perf=26.543Hz  target=9.110Hz  err=-17.433Hz  corr=-363.29W  u_ff=83.1W  PCAP→78W  power=77.7W
[PID] perf=26.611Hz  target=9.110Hz  err=-17.501Hz  corr=-364.55W  u_ff=83.1W  PCAP→78W  power=76.8W
[PID] perf=26.625Hz  target=9.110Hz  err=-17.515Hz  corr=-364.80W  u_ff=83.1W  PCAP→78W  power=77.2W
[PID] perf=26.587Hz  target=9.110Hz  err=-17.477Hz  corr=-364.11W  u_ff=83.1W  PCAP→78W  power=77.7W
[PID] perf=26.612Hz  target=9.110Hz  err=-17.501Hz  corr=-364.56W  u_ff=83.1W  PCAP→78W  power=77.3W
[PID] perf=26.729Hz  target=9.110Hz  err=-17.619Hz  corr=-366.73W  u_ff=83.1W  PCAP→78W  power=78.1W
[PID] perf=85.292Hz  target=9.110Hz  err=-76.182Hz  corr=-1452.77W  u_ff=83.1W  PCAP→78W  power=78.0W
[PID] perf=26.631Hz  target=9.110Hz  err=-17.521Hz  corr=-364.91W  u_ff=83.1W  PCAP→78W  power=76.7W
[PID] perf=26.722Hz  target=9.110Hz  err=-17.612Hz  corr=-366.61W  u_ff=83.1W  PCAP→78W  power=79.0W
[PID] perf=26.802Hz  target=9.110Hz  err=-17.691Hz  corr=-368.08W  u_ff=83.1W  PCAP→78W  power=78.9W
[PID] perf=26.844Hz  target=9.110Hz  err=-17.733Hz  corr=-368.86W  u_ff=83.1W  PCAP→78W  power=79.2W
[PID] perf=26.889Hz  target=9.110Hz  err=-17.779Hz  corr=-369.70W  u_ff=83.1W  PCAP→78W  power=76.4W
[PID] perf=26.869Hz  target=9.110Hz  err=-17.759Hz  corr=-369.34W  u_ff=83.1W  PCAP→78W  power=77.3W
[PID] perf=26.859Hz  target=9.110Hz  err=-17.749Hz  corr=-369.14W  u_ff=83.1W  PCAP→78W  power=77.5W
[PID] perf=26.888Hz  target=9.110Hz  err=-17.778Hz  corr=-369.68W  u_ff=83.1W  PCAP→78W  power=78.9W
[PID] perf=26.912Hz  target=9.110Hz  err=-17.802Hz  corr=-370.13W  u_ff=83.1W  PCAP→78W  power=77.5W
[PID] perf=26.907Hz  target=9.110Hz  err=-17.797Hz  corr=-370.04W  u_ff=83.1W  PCAP→78W  power=78.0W
[PID] perf=26.906Hz  target=9.110Hz  err=-17.796Hz  corr=-370.02W  u_ff=83.1W  PCAP→78W  power=77.6W
[PID] perf=26.921Hz  target=9.110Hz  err=-17.811Hz  corr=-370.30W  u_ff=83.1W  PCAP→78W  power=77.0W
[PID] perf=26.906Hz  target=9.110Hz  err=-17.795Hz  corr=-370.01W  u_ff=83.1W  PCAP→78W  power=77.3W
[PID] perf=26.901Hz  target=9.110Hz  err=-17.791Hz  corr=-369.93W  u_ff=83.1W  PCAP→78W  power=79.0W
[PID] perf=26.906Hz  target=9.110Hz  err=-17.796Hz  corr=-370.01W  u_ff=83.1W  PCAP→78W  power=77.1W
[PID] perf=26.934Hz  target=9.110Hz  err=-17.824Hz  corr=-370.54W  u_ff=83.1W  PCAP→78W  power=77.4W
[PID] perf=26.924Hz  target=9.110Hz  err=-17.814Hz  corr=-370.36W  u_ff=83.1W  PCAP→78W  power=78.8W
[PID] perf=26.893Hz  target=9.110Hz  err=-17.783Hz  corr=-369.78W  u_ff=83.1W  PCAP→78W  power=79.0W
[PID] perf=26.897Hz  target=9.110Hz  err=-17.787Hz  corr=-369.86W  u_ff=83.1W  PCAP→78W  power=79.1W
[PID] perf=26.882Hz  target=9.110Hz  err=-17.772Hz  corr=-369.57W  u_ff=83.1W  PCAP→78W  power=79.2W
[PID] perf=26.839Hz  target=9.110Hz  err=-17.728Hz  corr=-368.77W  u_ff=83.1W  PCAP→78W  power=79.2W
[PID] perf=27.409Hz  target=9.110Hz  err=-18.298Hz  corr=-379.34W  u_ff=83.1W  PCAP→78W  power=76.9W
[PID] perf=27.474Hz  target=9.110Hz  err=-18.364Hz  corr=-380.56W  u_ff=83.1W  PCAP→78W  power=78.8W
[PID] perf=27.437Hz  target=9.110Hz  err=-18.327Hz  corr=-379.87W  u_ff=83.1W  PCAP→78W  power=76.3W
[PID] perf=27.467Hz  target=9.110Hz  err=-18.357Hz  corr=-380.42W  u_ff=83.1W  PCAP→78W  power=78.6W
[PID] perf=27.451Hz  target=9.110Hz  err=-18.341Hz  corr=-380.13W  u_ff=83.1W  PCAP→78W  power=79.3W
[PID] perf=27.468Hz  target=9.110Hz  err=-18.358Hz  corr=-380.45W  u_ff=83.1W  PCAP→78W  power=78.5W
[PID] perf=27.500Hz  target=9.110Hz  err=-18.390Hz  corr=-381.03W  u_ff=83.1W  PCAP→78W  power=77.8W
[PID] perf=27.485Hz  target=9.110Hz  err=-18.375Hz  corr=-380.76W  u_ff=83.1W  PCAP→78W  power=77.0W
[PID] perf=27.444Hz  target=9.110Hz  err=-18.334Hz  corr=-379.99W  u_ff=83.1W  PCAP→78W  power=76.8W
[PID] perf=27.465Hz  target=9.110Hz  err=-18.355Hz  corr=-380.38W  u_ff=83.1W  PCAP→78W  power=77.2W
[PID] perf=27.471Hz  target=9.110Hz  err=-18.361Hz  corr=-380.50W  u_ff=83.1W  PCAP→78W  power=77.4W
[PID] perf=27.471Hz  target=9.110Hz  err=-18.361Hz  corr=-380.49W  u_ff=83.1W  PCAP→78W  power=78.2W
[PID] perf=27.448Hz  target=9.110Hz  err=-18.338Hz  corr=-380.07W  u_ff=83.1W  PCAP→78W  power=78.9W
[PID] perf=27.462Hz  target=9.110Hz  err=-18.352Hz  corr=-380.33W  u_ff=83.1W  PCAP→78W  power=78.7W
[PID] perf=27.443Hz  target=9.110Hz  err=-18.333Hz  corr=-379.98W  u_ff=83.1W  PCAP→78W  power=78.2W
[PID] perf=27.432Hz  target=9.110Hz  err=-18.322Hz  corr=-379.78W  u_ff=83.1W  PCAP→78W  power=77.7W
[PID] perf=27.478Hz  target=9.110Hz  err=-18.367Hz  corr=-380.62W  u_ff=83.1W  PCAP→78W  power=77.7W
[PID] perf=27.504Hz  target=9.110Hz  err=-18.394Hz  corr=-381.12W  u_ff=83.1W  PCAP→78W  power=77.9W
[PID] perf=27.524Hz  target=9.110Hz  err=-18.414Hz  corr=-381.48W  u_ff=83.1W  PCAP→78W  power=77.6W
[PID] perf=27.473Hz  target=9.110Hz  err=-18.363Hz  corr=-380.54W  u_ff=83.1W  PCAP→78W  power=77.4W
[PID] perf=27.502Hz  target=9.110Hz  err=-18.392Hz  corr=-381.08W  u_ff=83.1W  PCAP→78W  power=77.3W
[PID] perf=27.457Hz  target=9.110Hz  err=-18.347Hz  corr=-380.23W  u_ff=83.1W  PCAP→78W  power=78.7W
[PID] perf=27.472Hz  target=9.110Hz  err=-18.362Hz  corr=-380.52W  u_ff=83.1W  PCAP→78W  power=79.2W
[PID] perf=27.495Hz  target=9.110Hz  err=-18.385Hz  corr=-380.95W  u_ff=83.1W  PCAP→78W  power=77.5W
[PID] perf=27.455Hz  target=9.110Hz  err=-18.345Hz  corr=-380.20W  u_ff=83.1W  PCAP→78W  power=78.3W
[PID] perf=27.504Hz  target=9.110Hz  err=-18.394Hz  corr=-381.10W  u_ff=83.1W  PCAP→78W  power=78.8W
[PID] perf=27.576Hz  target=9.110Hz  err=-18.466Hz  corr=-382.44W  u_ff=83.1W  PCAP→78W  power=77.9W
[PID] perf=27.641Hz  target=9.110Hz  err=-18.531Hz  corr=-383.64W  u_ff=83.1W  PCAP→78W  power=76.5W
[PID] perf=27.622Hz  target=9.110Hz  err=-18.512Hz  corr=-383.30W  u_ff=83.1W  PCAP→78W  power=76.7W
[PID] perf=27.640Hz  target=9.110Hz  err=-18.529Hz  corr=-383.62W  u_ff=83.1W  PCAP→78W  power=78.9W
[PID] perf=27.684Hz  target=9.110Hz  err=-18.574Hz  corr=-384.45W  u_ff=83.1W  PCAP→78W  power=79.1W
[PID] perf=27.621Hz  target=9.110Hz  err=-18.511Hz  corr=-383.28W  u_ff=83.1W  PCAP→78W  power=78.1W
[PID] perf=27.626Hz  target=9.110Hz  err=-18.516Hz  corr=-383.37W  u_ff=83.1W  PCAP→78W  power=79.1W
[PID] perf=27.635Hz  target=9.110Hz  err=-18.525Hz  corr=-383.54W  u_ff=83.1W  PCAP→78W  power=77.0W
[PID] perf=27.617Hz  target=9.110Hz  err=-18.507Hz  corr=-383.20W  u_ff=83.1W  PCAP→78W  power=76.8W
[PID] perf=27.603Hz  target=9.110Hz  err=-18.493Hz  corr=-382.95W  u_ff=83.1W  PCAP→78W  power=79.1W
[PID] perf=27.627Hz  target=9.110Hz  err=-18.517Hz  corr=-383.39W  u_ff=83.1W  PCAP→78W  power=79.3W
[PID] perf=27.570Hz  target=9.110Hz  err=-18.460Hz  corr=-382.33W  u_ff=83.1W  PCAP→78W  power=78.3W
[PID] perf=27.574Hz  target=9.110Hz  err=-18.464Hz  corr=-382.41W  u_ff=83.1W  PCAP→78W  power=78.2W
[PID] perf=27.584Hz  target=9.110Hz  err=-18.474Hz  corr=-382.59W  u_ff=83.1W  PCAP→78W  power=78.8W
[PID] perf=27.603Hz  target=9.110Hz  err=-18.492Hz  corr=-382.94W  u_ff=83.1W  PCAP→78W  power=79.2W
[PID] perf=27.676Hz  target=9.110Hz  err=-18.566Hz  corr=-384.30W  u_ff=83.1W  PCAP→78W  power=77.2W
[PID] perf=27.667Hz  target=9.110Hz  err=-18.556Hz  corr=-384.12W  u_ff=83.1W  PCAP→78W  power=78.1W
[PID] perf=27.675Hz  target=9.110Hz  err=-18.565Hz  corr=-384.27W  u_ff=83.1W  PCAP→78W  power=77.9W
[PID] perf=27.659Hz  target=9.110Hz  err=-18.549Hz  corr=-383.99W  u_ff=83.1W  PCAP→78W  power=79.1W
[PID] perf=28.640Hz  target=9.110Hz  err=-19.530Hz  corr=-402.18W  u_ff=83.1W  PCAP→78W  power=77.1W
[PID] perf=28.675Hz  target=9.110Hz  err=-19.565Hz  corr=-402.82W  u_ff=83.1W  PCAP→78W  power=77.5W
[PID] perf=28.828Hz  target=9.110Hz  err=-19.717Hz  corr=-405.65W  u_ff=83.1W  PCAP→78W  power=77.3W
[PID] perf=28.845Hz  target=9.110Hz  err=-19.735Hz  corr=-405.98W  u_ff=83.1W  PCAP→78W  power=77.3W
[PID] perf=28.843Hz  target=9.110Hz  err=-19.733Hz  corr=-405.94W  u_ff=83.1W  PCAP→78W  power=77.8W
[PID] perf=28.813Hz  target=9.110Hz  err=-19.703Hz  corr=-405.38W  u_ff=83.1W  PCAP→78W  power=79.0W
[PID] perf=28.890Hz  target=9.110Hz  err=-19.780Hz  corr=-406.81W  u_ff=83.1W  PCAP→78W  power=78.3W
[PID] perf=28.855Hz  target=9.110Hz  err=-19.745Hz  corr=-406.16W  u_ff=83.1W  PCAP→78W  power=77.2W
[PID] perf=28.836Hz  target=9.110Hz  err=-19.726Hz  corr=-405.81W  u_ff=83.1W  PCAP→78W  power=78.1W
[PID] perf=28.826Hz  target=9.110Hz  err=-19.716Hz  corr=-405.63W  u_ff=83.1W  PCAP→78W  power=78.5W
[PID] perf=28.873Hz  target=9.110Hz  err=-19.763Hz  corr=-406.49W  u_ff=83.1W  PCAP→78W  power=79.1W
[PID] perf=28.818Hz  target=9.110Hz  err=-19.708Hz  corr=-405.48W  u_ff=83.1W  PCAP→78W  power=78.6W
[PID] perf=28.884Hz  target=9.110Hz  err=-19.774Hz  corr=-406.71W  u_ff=83.1W  PCAP→78W  power=77.9W
[PID] perf=28.936Hz  target=9.110Hz  err=-19.826Hz  corr=-407.66W  u_ff=83.1W  PCAP→78W  power=79.0W
[PID] perf=27.214Hz  target=9.110Hz  err=-18.104Hz  corr=-375.73W  u_ff=83.1W  PCAP→78W  power=78.1W
[PID] perf=27.278Hz  target=9.110Hz  err=-18.168Hz  corr=-376.92W  u_ff=83.1W  PCAP→78W  power=78.3W
[PID] perf=27.312Hz  target=9.110Hz  err=-18.202Hz  corr=-377.55W  u_ff=83.1W  PCAP→78W  power=77.6W
[PID] perf=27.308Hz  target=9.110Hz  err=-18.197Hz  corr=-377.46W  u_ff=83.1W  PCAP→78W  power=79.0W
[PID] perf=27.230Hz  target=9.110Hz  err=-18.120Hz  corr=-376.03W  u_ff=83.1W  PCAP→78W  power=76.6W
[PID] perf=27.224Hz  target=9.110Hz  err=-18.114Hz  corr=-375.92W  u_ff=83.1W  PCAP→78W  power=76.8W
[PID] perf=27.258Hz  target=9.110Hz  err=-18.148Hz  corr=-376.54W  u_ff=83.1W  PCAP→78W  power=78.0W
[PID] perf=27.250Hz  target=9.110Hz  err=-18.140Hz  corr=-376.41W  u_ff=83.1W  PCAP→78W  power=77.8W
[PID] perf=27.220Hz  target=9.110Hz  err=-18.110Hz  corr=-375.85W  u_ff=83.1W  PCAP→78W  power=77.1W
[PID] perf=27.218Hz  target=9.110Hz  err=-18.108Hz  corr=-375.80W  u_ff=83.1W  PCAP→78W  power=76.9W
[PID] perf=27.239Hz  target=9.110Hz  err=-18.129Hz  corr=-376.20W  u_ff=83.1W  PCAP→78W  power=77.5W
[PID] perf=27.245Hz  target=9.110Hz  err=-18.135Hz  corr=-376.31W  u_ff=83.1W  PCAP→78W  power=78.7W
[PID] perf=27.253Hz  target=9.110Hz  err=-18.143Hz  corr=-376.46W  u_ff=83.1W  PCAP→78W  power=78.2W
[PID] perf=27.250Hz  target=9.110Hz  err=-18.140Hz  corr=-376.39W  u_ff=83.1W  PCAP→78W  power=78.4W
[PID] perf=27.267Hz  target=9.110Hz  err=-18.156Hz  corr=-376.70W  u_ff=83.1W  PCAP→78W  power=77.7W
[PID] perf=27.281Hz  target=9.110Hz  err=-18.171Hz  corr=-376.97W  u_ff=83.1W  PCAP→78W  power=77.3W
[PID] perf=27.282Hz  target=9.110Hz  err=-18.171Hz  corr=-376.98W  u_ff=83.1W  PCAP→78W  power=77.9W
[PID] perf=27.259Hz  target=9.110Hz  err=-18.149Hz  corr=-376.57W  u_ff=83.1W  PCAP→78W  power=78.2W
[PID] perf=27.216Hz  target=9.110Hz  err=-18.105Hz  corr=-375.76W  u_ff=83.1W  PCAP→78W  power=78.9W
[PID] perf=27.259Hz  target=9.110Hz  err=-18.148Hz  corr=-376.56W  u_ff=83.1W  PCAP→78W  power=77.2W
[PID] perf=27.241Hz  target=9.110Hz  err=-18.131Hz  corr=-376.24W  u_ff=83.1W  PCAP→78W  power=78.9W
[PID] perf=27.218Hz  target=9.110Hz  err=-18.108Hz  corr=-375.81W  u_ff=83.1W  PCAP→78W  power=77.0W
[PID] perf=27.248Hz  target=9.110Hz  err=-18.137Hz  corr=-376.35W  u_ff=83.1W  PCAP→78W  power=76.5W
[PID] perf=27.240Hz  target=9.110Hz  err=-18.130Hz  corr=-376.21W  u_ff=83.1W  PCAP→78W  power=76.9W
[PID] perf=27.242Hz  target=9.110Hz  err=-18.132Hz  corr=-376.25W  u_ff=83.1W  PCAP→78W  power=78.3W
[PID] perf=27.213Hz  target=9.110Hz  err=-18.103Hz  corr=-375.72W  u_ff=83.1W  PCAP→78W  power=79.0W
[PID] perf=27.226Hz  target=9.110Hz  err=-18.115Hz  corr=-375.95W  u_ff=83.1W  PCAP→78W  power=79.1W
[PID] perf=27.150Hz  target=9.110Hz  err=-18.040Hz  corr=-374.54W  u_ff=83.1W  PCAP→78W  power=77.4W
[PID] perf=27.217Hz  target=9.110Hz  err=-18.107Hz  corr=-375.79W  u_ff=83.1W  PCAP→78W  power=78.2W
[PID] perf=27.143Hz  target=9.110Hz  err=-18.033Hz  corr=-374.42W  u_ff=83.1W  PCAP→78W  power=76.9W
[PID] perf=27.174Hz  target=9.110Hz  err=-18.064Hz  corr=-374.99W  u_ff=83.1W  PCAP→78W  power=77.3W
[PID] perf=27.209Hz  target=9.110Hz  err=-18.098Hz  corr=-375.63W  u_ff=83.1W  PCAP→78W  power=78.1W
[PID] perf=27.218Hz  target=9.110Hz  err=-18.108Hz  corr=-375.80W  u_ff=83.1W  PCAP→78W  power=78.7W
[PID] perf=27.210Hz  target=9.110Hz  err=-18.100Hz  corr=-375.66W  u_ff=83.1W  PCAP→78W  power=78.5W
[PID] perf=27.193Hz  target=9.110Hz  err=-18.083Hz  corr=-375.35W  u_ff=83.1W  PCAP→78W  power=78.2W
[PID] perf=27.199Hz  target=9.110Hz  err=-18.089Hz  corr=-375.46W  u_ff=83.1W  PCAP→78W  power=78.6W
[PID] perf=27.320Hz  target=9.110Hz  err=-18.210Hz  corr=-377.69W  u_ff=83.1W  PCAP→78W  power=79.0W
[PID] perf=27.229Hz  target=9.110Hz  err=-18.119Hz  corr=-376.00W  u_ff=83.1W  PCAP→78W  power=77.8W
[PID] perf=27.289Hz  target=9.110Hz  err=-18.178Hz  corr=-377.11W  u_ff=83.1W  PCAP→78W  power=77.8W
[PID] perf=27.255Hz  target=9.110Hz  err=-18.144Hz  corr=-376.48W  u_ff=83.1W  PCAP→78W  power=77.6W
[PID] perf=27.219Hz  target=9.110Hz  err=-18.109Hz  corr=-375.82W  u_ff=83.1W  PCAP→78W  power=76.8W
[PID] perf=27.646Hz  target=9.110Hz  err=-18.536Hz  corr=-383.74W  u_ff=83.1W  PCAP→78W  power=77.7W
[PID] perf=27.710Hz  target=9.110Hz  err=-18.600Hz  corr=-384.94W  u_ff=83.1W  PCAP→78W  power=77.5W
[PID] perf=27.715Hz  target=9.110Hz  err=-18.604Hz  corr=-385.01W  u_ff=83.1W  PCAP→78W  power=77.5W
[PID] perf=27.698Hz  target=9.110Hz  err=-18.588Hz  corr=-384.70W  u_ff=83.1W  PCAP→78W  power=77.9W
[PID] perf=27.693Hz  target=9.110Hz  err=-18.583Hz  corr=-384.62W  u_ff=83.1W  PCAP→78W  power=77.7W
[PID] perf=27.718Hz  target=9.110Hz  err=-18.607Hz  corr=-385.07W  u_ff=83.1W  PCAP→78W  power=76.5W
[PID] perf=27.710Hz  target=9.110Hz  err=-18.600Hz  corr=-384.93W  u_ff=83.1W  PCAP→78W  power=77.2W
[PID] perf=27.703Hz  target=9.110Hz  err=-18.593Hz  corr=-384.80W  u_ff=83.1W  PCAP→78W  power=76.9W
[PID] perf=27.674Hz  target=9.110Hz  err=-18.564Hz  corr=-384.25W  u_ff=83.1W  PCAP→78W  power=79.2W
[PID] perf=27.727Hz  target=9.110Hz  err=-18.617Hz  corr=-385.25W  u_ff=83.1W  PCAP→78W  power=78.2W
[PID] perf=27.673Hz  target=9.110Hz  err=-18.562Hz  corr=-384.23W  u_ff=83.1W  PCAP→78W  power=79.3W
[PID] perf=27.717Hz  target=9.110Hz  err=-18.607Hz  corr=-385.07W  u_ff=83.1W  PCAP→78W  power=78.5W
[PID] perf=27.731Hz  target=9.110Hz  err=-18.620Hz  corr=-385.31W  u_ff=83.1W  PCAP→78W  power=78.1W
[PID] perf=27.706Hz  target=9.110Hz  err=-18.595Hz  corr=-384.85W  u_ff=83.1W  PCAP→78W  power=77.0W
[PID] perf=27.691Hz  target=9.110Hz  err=-18.581Hz  corr=-384.58W  u_ff=83.1W  PCAP→78W  power=76.2W
[PID] perf=27.678Hz  target=9.110Hz  err=-18.568Hz  corr=-384.33W  u_ff=83.1W  PCAP→78W  power=78.8W
[PID] perf=27.731Hz  target=9.110Hz  err=-18.621Hz  corr=-385.32W  u_ff=83.1W  PCAP→78W  power=77.6W
[PID] perf=27.718Hz  target=9.110Hz  err=-18.608Hz  corr=-385.08W  u_ff=83.1W  PCAP→78W  power=77.2W
[PID] perf=27.683Hz  target=9.110Hz  err=-18.573Hz  corr=-384.43W  u_ff=83.1W  PCAP→78W  power=77.1W
[PID] perf=27.659Hz  target=9.110Hz  err=-18.549Hz  corr=-383.98W  u_ff=83.1W  PCAP→78W  power=78.4W
[PID] perf=27.705Hz  target=9.110Hz  err=-18.594Hz  corr=-384.83W  u_ff=83.1W  PCAP→78W  power=78.0W
[PID] perf=27.727Hz  target=9.110Hz  err=-18.617Hz  corr=-385.24W  u_ff=83.1W  PCAP→78W  power=78.1W
[PID] perf=27.688Hz  target=9.110Hz  err=-18.578Hz  corr=-384.52W  u_ff=83.1W  PCAP→78W  power=78.8W
[PID] perf=27.710Hz  target=9.110Hz  err=-18.600Hz  corr=-384.93W  u_ff=83.1W  PCAP→78W  power=76.4W
[PID] perf=27.695Hz  target=9.110Hz  err=-18.585Hz  corr=-384.65W  u_ff=83.1W  PCAP→78W  power=77.6W
[PID] perf=27.675Hz  target=9.110Hz  err=-18.565Hz  corr=-384.29W  u_ff=83.1W  PCAP→78W  power=77.2W
[PID] perf=27.503Hz  target=9.110Hz  err=-18.393Hz  corr=-381.10W  u_ff=83.1W  PCAP→78W  power=79.1W
[PID] perf=27.666Hz  target=9.110Hz  err=-18.556Hz  corr=-384.12W  u_ff=83.1W  PCAP→78W  power=78.1W
[PID] perf=27.719Hz  target=9.110Hz  err=-18.609Hz  corr=-385.09W  u_ff=83.1W  PCAP→78W  power=79.3W
[PID] perf=27.693Hz  target=9.110Hz  err=-18.583Hz  corr=-384.61W  u_ff=83.1W  PCAP→78W  power=78.2W
[PID] perf=27.683Hz  target=9.110Hz  err=-18.573Hz  corr=-384.42W  u_ff=83.1W  PCAP→78W  power=77.1W
[PID] perf=27.693Hz  target=9.110Hz  err=-18.583Hz  corr=-384.62W  u_ff=83.1W  PCAP→78W  power=76.4W
[PID] perf=27.686Hz  target=9.110Hz  err=-18.576Hz  corr=-384.48W  u_ff=83.1W  PCAP→78W  power=78.2W
[PID] perf=27.715Hz  target=9.110Hz  err=-18.605Hz  corr=-385.02W  u_ff=83.1W  PCAP→78W  power=79.0W
[PID] perf=27.710Hz  target=9.110Hz  err=-18.600Hz  corr=-384.93W  u_ff=83.1W  PCAP→78W  power=78.3W
[PID] perf=27.704Hz  target=9.110Hz  err=-18.594Hz  corr=-384.82W  u_ff=83.1W  PCAP→78W  power=76.9W
[PID] perf=27.687Hz  target=9.110Hz  err=-18.577Hz  corr=-384.51W  u_ff=83.1W  PCAP→78W  power=78.3W
[PID] perf=27.677Hz  target=9.110Hz  err=-18.567Hz  corr=-384.32W  u_ff=83.1W  PCAP→78W  power=77.1W
[PID] perf=27.725Hz  target=9.110Hz  err=-18.614Hz  corr=-385.20W  u_ff=83.1W  PCAP→78W  power=76.3W
[PID] perf=27.681Hz  target=9.110Hz  err=-18.571Hz  corr=-384.39W  u_ff=83.1W  PCAP→78W  power=78.9W
[PID] perf=27.714Hz  target=9.110Hz  err=-18.604Hz  corr=-385.01W  u_ff=83.1W  PCAP→78W  power=78.2W
[PID] perf=27.684Hz  target=9.110Hz  err=-18.574Hz  corr=-384.45W  u_ff=83.1W  PCAP→78W  power=77.5W
[PID] perf=27.670Hz  target=9.110Hz  err=-18.560Hz  corr=-384.19W  u_ff=83.1W  PCAP→78W  power=79.3W
[PID] perf=27.718Hz  target=9.110Hz  err=-18.608Hz  corr=-385.08W  u_ff=83.1W  PCAP→78W  power=76.4W
[PID] perf=27.685Hz  target=9.110Hz  err=-18.574Hz  corr=-384.46W  u_ff=83.1W  PCAP→78W  power=77.0W
[PID] perf=27.686Hz  target=9.110Hz  err=-18.576Hz  corr=-384.48W  u_ff=83.1W  PCAP→78W  power=77.5W
[PID] perf=27.705Hz  target=9.110Hz  err=-18.595Hz  corr=-384.84W  u_ff=83.1W  PCAP→78W  power=77.7W
[PID] perf=27.688Hz  target=9.110Hz  err=-18.578Hz  corr=-384.53W  u_ff=83.1W  PCAP→78W  power=78.0W
[PID] perf=27.690Hz  target=9.110Hz  err=-18.580Hz  corr=-384.56W  u_ff=83.1W  PCAP→78W  power=77.2W
[PID] perf=27.710Hz  target=9.110Hz  err=-18.600Hz  corr=-384.93W  u_ff=83.1W  PCAP→78W  power=77.2W
[PID] perf=27.723Hz  target=9.110Hz  err=-18.613Hz  corr=-385.16W  u_ff=83.1W  PCAP→78W  power=77.2W
[PID] perf=27.725Hz  target=9.110Hz  err=-18.615Hz  corr=-385.21W  u_ff=83.1W  PCAP→78W  power=76.6W
[PID] perf=27.688Hz  target=9.110Hz  err=-18.578Hz  corr=-384.53W  u_ff=83.1W  PCAP→78W  power=77.8W
[PID] perf=27.692Hz  target=9.110Hz  err=-18.582Hz  corr=-384.60W  u_ff=83.1W  PCAP→78W  power=79.2W
[PID] perf=27.694Hz  target=9.110Hz  err=-18.584Hz  corr=-384.63W  u_ff=83.1W  PCAP→78W  power=78.9W
[PID] perf=27.700Hz  target=9.110Hz  err=-18.590Hz  corr=-384.75W  u_ff=83.1W  PCAP→78W  power=77.2W
[PID] perf=27.655Hz  target=9.110Hz  err=-18.545Hz  corr=-383.91W  u_ff=83.1W  PCAP→78W  power=78.0W
[PID] perf=27.627Hz  target=9.110Hz  err=-18.517Hz  corr=-383.39W  u_ff=83.1W  PCAP→78W  power=78.6W
[PID] perf=27.690Hz  target=9.110Hz  err=-18.580Hz  corr=-384.56W  u_ff=83.1W  PCAP→78W  power=77.5W
[PID] perf=27.701Hz  target=9.110Hz  err=-18.591Hz  corr=-384.77W  u_ff=83.1W  PCAP→78W  power=77.7W
[PID] perf=27.698Hz  target=9.110Hz  err=-18.588Hz  corr=-384.70W  u_ff=83.1W  PCAP→78W  power=78.0W
[PID] perf=27.663Hz  target=9.110Hz  err=-18.552Hz  corr=-384.05W  u_ff=83.1W  PCAP→78W  power=77.3W
[PID] perf=27.676Hz  target=9.110Hz  err=-18.565Hz  corr=-384.29W  u_ff=83.1W  PCAP→78W  power=76.9W
[PID] perf=27.674Hz  target=9.110Hz  err=-18.564Hz  corr=-384.26W  u_ff=83.1W  PCAP→78W  power=76.5W
[PID] perf=27.652Hz  target=9.110Hz  err=-18.542Hz  corr=-383.85W  u_ff=83.1W  PCAP→78W  power=77.3W
[PID] perf=27.634Hz  target=9.110Hz  err=-18.524Hz  corr=-383.51W  u_ff=83.1W  PCAP→78W  power=78.7W
[PID] perf=27.676Hz  target=9.110Hz  err=-18.566Hz  corr=-384.29W  u_ff=83.1W  PCAP→78W  power=79.1W
[PID] perf=27.704Hz  target=9.110Hz  err=-18.593Hz  corr=-384.81W  u_ff=83.1W  PCAP→78W  power=77.6W
[PID] perf=27.669Hz  target=9.110Hz  err=-18.559Hz  corr=-384.17W  u_ff=83.1W  PCAP→78W  power=77.6W
[PID] perf=27.674Hz  target=9.110Hz  err=-18.564Hz  corr=-384.26W  u_ff=83.1W  PCAP→78W  power=76.3W
[PID] perf=27.654Hz  target=9.110Hz  err=-18.544Hz  corr=-383.89W  u_ff=83.1W  PCAP→78W  power=76.9W
[PID] perf=27.650Hz  target=9.110Hz  err=-18.540Hz  corr=-383.82W  u_ff=83.1W  PCAP→78W  power=79.0W
[PID] perf=27.684Hz  target=9.110Hz  err=-18.573Hz  corr=-384.44W  u_ff=83.1W  PCAP→78W  power=79.4W
[PID] perf=27.648Hz  target=9.110Hz  err=-18.538Hz  corr=-383.78W  u_ff=83.1W  PCAP→78W  power=77.2W
[PID] perf=27.681Hz  target=9.110Hz  err=-18.571Hz  corr=-384.40W  u_ff=83.1W  PCAP→78W  power=77.2W
[PID] perf=27.740Hz  target=9.110Hz  err=-18.630Hz  corr=-385.48W  u_ff=83.1W  PCAP→78W  power=76.4W
[PID] perf=27.664Hz  target=9.110Hz  err=-18.554Hz  corr=-384.08W  u_ff=83.1W  PCAP→78W  power=78.6W
[PID] perf=27.681Hz  target=9.110Hz  err=-18.571Hz  corr=-384.39W  u_ff=83.1W  PCAP→78W  power=79.3W
[PID] perf=27.682Hz  target=9.110Hz  err=-18.572Hz  corr=-384.41W  u_ff=83.1W  PCAP→78W  power=78.2W
[PID] perf=27.693Hz  target=9.110Hz  err=-18.583Hz  corr=-384.62W  u_ff=83.1W  PCAP→78W  power=77.4W
[PID] perf=27.690Hz  target=9.110Hz  err=-18.580Hz  corr=-384.56W  u_ff=83.1W  PCAP→78W  power=77.5W
[PID] perf=27.719Hz  target=9.110Hz  err=-18.609Hz  corr=-385.10W  u_ff=83.1W  PCAP→78W  power=76.7W
[PID] perf=27.697Hz  target=9.110Hz  err=-18.587Hz  corr=-384.69W  u_ff=83.1W  PCAP→78W  power=77.1W
[PID] perf=27.716Hz  target=9.110Hz  err=-18.606Hz  corr=-385.04W  u_ff=83.1W  PCAP→78W  power=79.0W
[PID] perf=27.719Hz  target=9.110Hz  err=-18.608Hz  corr=-385.09W  u_ff=83.1W  PCAP→78W  power=77.3W
[PID] perf=27.691Hz  target=9.110Hz  err=-18.581Hz  corr=-384.58W  u_ff=83.1W  PCAP→78W  power=76.8W
[PID] perf=27.697Hz  target=9.110Hz  err=-18.586Hz  corr=-384.68W  u_ff=83.1W  PCAP→78W  power=77.1W
[PID] perf=27.703Hz  target=9.110Hz  err=-18.593Hz  corr=-384.79W  u_ff=83.1W  PCAP→78W  power=76.0W
[PID] perf=27.738Hz  target=9.110Hz  err=-18.628Hz  corr=-385.45W  u_ff=83.1W  PCAP→78W  power=78.0W
[PID] perf=27.708Hz  target=9.110Hz  err=-18.597Hz  corr=-384.88W  u_ff=83.1W  PCAP→78W  power=76.9W
[PID] perf=27.725Hz  target=9.110Hz  err=-18.614Hz  corr=-385.20W  u_ff=83.1W  PCAP→78W  power=79.2W
[PID] perf=27.726Hz  target=9.110Hz  err=-18.616Hz  corr=-385.23W  u_ff=83.1W  PCAP→78W  power=78.9W
[PID] perf=27.709Hz  target=9.110Hz  err=-18.599Hz  corr=-384.90W  u_ff=83.1W  PCAP→78W  power=78.8W
[PID] perf=27.714Hz  target=9.110Hz  err=-18.604Hz  corr=-385.01W  u_ff=83.1W  PCAP→78W  power=76.3W
[PID] perf=27.704Hz  target=9.110Hz  err=-18.594Hz  corr=-384.82W  u_ff=83.1W  PCAP→78W  power=77.3W
[PID] perf=27.654Hz  target=9.110Hz  err=-18.544Hz  corr=-383.89W  u_ff=83.1W  PCAP→78W  power=78.2W
[PID] perf=27.678Hz  target=9.110Hz  err=-18.568Hz  corr=-384.33W  u_ff=83.1W  PCAP→78W  power=76.9W
[PID] perf=27.706Hz  target=9.110Hz  err=-18.596Hz  corr=-384.86W  u_ff=83.1W  PCAP→78W  power=77.2W
[PID] perf=27.675Hz  target=9.110Hz  err=-18.564Hz  corr=-384.27W  u_ff=83.1W  PCAP→78W  power=78.3W
[PID] perf=27.718Hz  target=9.110Hz  err=-18.608Hz  corr=-385.08W  u_ff=83.1W  PCAP→78W  power=79.0W
[PID] perf=27.715Hz  target=9.110Hz  err=-18.605Hz  corr=-385.02W  u_ff=83.1W  PCAP→78W  power=77.2W
[PID] perf=27.730Hz  target=9.110Hz  err=-18.620Hz  corr=-385.30W  u_ff=83.1W  PCAP→78W  power=77.5W
[PID] perf=27.719Hz  target=9.110Hz  err=-18.609Hz  corr=-385.10W  u_ff=83.1W  PCAP→78W  power=77.0W
[PID] perf=27.695Hz  target=9.110Hz  err=-18.584Hz  corr=-384.64W  u_ff=83.1W  PCAP→78W  power=77.0W
[PID] perf=27.685Hz  target=9.110Hz  err=-18.575Hz  corr=-384.47W  u_ff=83.1W  PCAP→78W  power=78.6W
[PID] perf=27.734Hz  target=9.110Hz  err=-18.624Hz  corr=-385.38W  u_ff=83.1W  PCAP→78W  power=78.9W
[PID] perf=27.675Hz  target=9.110Hz  err=-18.565Hz  corr=-384.28W  u_ff=83.1W  PCAP→78W  power=78.4W
[PID] perf=27.724Hz  target=9.110Hz  err=-18.613Hz  corr=-385.18W  u_ff=83.1W  PCAP→78W  power=78.5W
[PID] perf=27.722Hz  target=9.110Hz  err=-18.612Hz  corr=-385.16W  u_ff=83.1W  PCAP→78W  power=77.5W
[PID] perf=27.788Hz  target=9.110Hz  err=-18.677Hz  corr=-386.37W  u_ff=83.1W  PCAP→78W  power=77.6W
[PID] perf=27.742Hz  target=9.110Hz  err=-18.631Hz  corr=-385.51W  u_ff=83.1W  PCAP→78W  power=77.3W
[PID] perf=27.729Hz  target=9.110Hz  err=-18.618Hz  corr=-385.27W  u_ff=83.1W  PCAP→78W  power=78.2W
[PID] perf=27.738Hz  target=9.110Hz  err=-18.628Hz  corr=-385.45W  u_ff=83.1W  PCAP→78W  power=77.9W
[PID] perf=27.710Hz  target=9.110Hz  err=-18.599Hz  corr=-384.92W  u_ff=83.1W  PCAP→78W  power=77.4W
[PID] perf=27.724Hz  target=9.110Hz  err=-18.614Hz  corr=-385.18W  u_ff=83.1W  PCAP→78W  power=77.7W
[PID] perf=27.721Hz  target=9.110Hz  err=-18.610Hz  corr=-385.12W  u_ff=83.1W  PCAP→78W  power=76.8W
[PID] perf=27.751Hz  target=9.110Hz  err=-18.641Hz  corr=-385.69W  u_ff=83.1W  PCAP→78W  power=77.7W
[PID] perf=27.712Hz  target=9.110Hz  err=-18.602Hz  corr=-384.96W  u_ff=83.1W  PCAP→78W  power=78.8W
[PID] perf=27.752Hz  target=9.110Hz  err=-18.642Hz  corr=-385.71W  u_ff=83.1W  PCAP→78W  power=77.1W
[PID] perf=27.769Hz  target=9.110Hz  err=-18.658Hz  corr=-386.01W  u_ff=83.1W  PCAP→78W  power=77.2W
[PID] perf=27.777Hz  target=9.110Hz  err=-18.667Hz  corr=-386.17W  u_ff=83.1W  PCAP→78W  power=76.4W
[PID] perf=27.773Hz  target=9.110Hz  err=-18.663Hz  corr=-386.10W  u_ff=83.1W  PCAP→78W  power=79.0W
[PID] perf=27.792Hz  target=9.110Hz  err=-18.682Hz  corr=-386.44W  u_ff=83.1W  PCAP→78W  power=79.1W
[PID] perf=27.726Hz  target=9.110Hz  err=-18.616Hz  corr=-385.23W  u_ff=83.1W  PCAP→78W  power=78.3W
[PID] perf=27.726Hz  target=9.110Hz  err=-18.616Hz  corr=-385.22W  u_ff=83.1W  PCAP→78W  power=76.9W
[PID] perf=27.821Hz  target=9.110Hz  err=-18.711Hz  corr=-386.98W  u_ff=83.1W  PCAP→78W  power=76.4W
[PID] perf=27.752Hz  target=9.110Hz  err=-18.641Hz  corr=-385.70W  u_ff=83.1W  PCAP→78W  power=78.3W
[PID] perf=27.730Hz  target=9.110Hz  err=-18.619Hz  corr=-385.29W  u_ff=83.1W  PCAP→78W  power=76.5W
[PID] perf=27.765Hz  target=9.110Hz  err=-18.655Hz  corr=-385.95W  u_ff=83.1W  PCAP→78W  power=76.6W
[PID] perf=27.738Hz  target=9.110Hz  err=-18.628Hz  corr=-385.46W  u_ff=83.1W  PCAP→78W  power=78.1W
[PID] perf=27.692Hz  target=9.110Hz  err=-18.582Hz  corr=-384.59W  u_ff=83.1W  PCAP→78W  power=78.2W
[PID] perf=27.749Hz  target=9.110Hz  err=-18.639Hz  corr=-385.65W  u_ff=83.1W  PCAP→78W  power=78.7W
[PID] perf=27.645Hz  target=9.110Hz  err=-18.535Hz  corr=-383.72W  u_ff=83.1W  PCAP→78W  power=78.8W
[PID] perf=27.739Hz  target=9.110Hz  err=-18.629Hz  corr=-385.46W  u_ff=83.1W  PCAP→78W  power=78.5W
[PID] perf=27.688Hz  target=9.110Hz  err=-18.578Hz  corr=-384.52W  u_ff=83.1W  PCAP→78W  power=78.0W
[PID] perf=27.698Hz  target=9.110Hz  err=-18.588Hz  corr=-384.70W  u_ff=83.1W  PCAP→78W  power=77.2W
[PID] perf=27.701Hz  target=9.110Hz  err=-18.591Hz  corr=-384.76W  u_ff=83.1W  PCAP→78W  power=76.4W
[PID] perf=27.691Hz  target=9.110Hz  err=-18.581Hz  corr=-384.58W  u_ff=83.1W  PCAP→78W  power=78.1W
[PID] perf=27.695Hz  target=9.110Hz  err=-18.585Hz  corr=-384.65W  u_ff=83.1W  PCAP→78W  power=79.1W
[PID] perf=27.661Hz  target=9.110Hz  err=-18.551Hz  corr=-384.01W  u_ff=83.1W  PCAP→78W  power=77.9W
[PID] perf=27.700Hz  target=9.110Hz  err=-18.589Hz  corr=-384.74W  u_ff=83.1W  PCAP→78W  power=76.4W
[PID] perf=27.728Hz  target=9.110Hz  err=-18.618Hz  corr=-385.27W  u_ff=83.1W  PCAP→78W  power=76.2W
[PID] perf=27.040Hz  target=9.110Hz  err=-17.930Hz  corr=-372.51W  u_ff=83.1W  PCAP→78W  power=77.8W
[PID] perf=27.095Hz  target=9.110Hz  err=-17.984Hz  corr=-373.51W  u_ff=83.1W  PCAP→78W  power=78.8W
[PID] perf=27.117Hz  target=9.110Hz  err=-18.007Hz  corr=-373.93W  u_ff=83.1W  PCAP→78W  power=78.8W
[PID] perf=27.136Hz  target=9.110Hz  err=-18.026Hz  corr=-374.28W  u_ff=83.1W  PCAP→78W  power=79.1W
[PID] perf=27.131Hz  target=9.110Hz  err=-18.021Hz  corr=-374.19W  u_ff=83.1W  PCAP→78W  power=78.1W
[PID] perf=27.115Hz  target=9.110Hz  err=-18.005Hz  corr=-373.90W  u_ff=83.1W  PCAP→78W  power=76.1W
[PID] perf=27.102Hz  target=9.110Hz  err=-17.991Hz  corr=-373.65W  u_ff=83.1W  PCAP→78W  power=76.4W
[PID] perf=27.102Hz  target=9.110Hz  err=-17.992Hz  corr=-373.65W  u_ff=83.1W  PCAP→78W  power=77.4W
[PID] perf=27.106Hz  target=9.110Hz  err=-17.996Hz  corr=-373.73W  u_ff=83.1W  PCAP→78W  power=79.1W
[PID] perf=27.112Hz  target=9.110Hz  err=-18.002Hz  corr=-373.84W  u_ff=83.1W  PCAP→78W  power=77.7W
[PID] perf=27.092Hz  target=9.110Hz  err=-17.982Hz  corr=-373.48W  u_ff=83.1W  PCAP→78W  power=77.9W
[PID] perf=27.069Hz  target=9.110Hz  err=-17.959Hz  corr=-373.05W  u_ff=83.1W  PCAP→78W  power=77.0W
[PID] perf=27.074Hz  target=9.110Hz  err=-17.964Hz  corr=-373.14W  u_ff=83.1W  PCAP→78W  power=78.1W
[PID] perf=27.089Hz  target=9.110Hz  err=-17.979Hz  corr=-373.41W  u_ff=83.1W  PCAP→78W  power=77.3W
[PID] perf=27.084Hz  target=9.110Hz  err=-17.974Hz  corr=-373.32W  u_ff=83.1W  PCAP→78W  power=78.4W
[PID] perf=27.111Hz  target=9.110Hz  err=-18.001Hz  corr=-373.83W  u_ff=83.1W  PCAP→78W  power=79.2W
[PID] perf=27.061Hz  target=9.110Hz  err=-17.951Hz  corr=-372.89W  u_ff=83.1W  PCAP→78W  power=77.2W
[PID] perf=27.100Hz  target=9.110Hz  err=-17.989Hz  corr=-373.61W  u_ff=83.1W  PCAP→78W  power=78.7W
[PID] perf=27.075Hz  target=9.110Hz  err=-17.964Hz  corr=-373.14W  u_ff=83.1W  PCAP→78W  power=76.5W
[PID] perf=27.104Hz  target=9.110Hz  err=-17.994Hz  corr=-373.70W  u_ff=83.1W  PCAP→78W  power=76.6W
[PID] perf=27.112Hz  target=9.110Hz  err=-18.002Hz  corr=-373.84W  u_ff=83.1W  PCAP→78W  power=78.3W
[PID] perf=27.081Hz  target=9.110Hz  err=-17.971Hz  corr=-373.27W  u_ff=83.1W  PCAP→78W  power=78.7W
[PID] perf=27.106Hz  target=9.110Hz  err=-17.995Hz  corr=-373.72W  u_ff=83.1W  PCAP→78W  power=79.1W
[PID] perf=27.134Hz  target=9.110Hz  err=-18.023Hz  corr=-374.24W  u_ff=83.1W  PCAP→78W  power=77.4W
[PID] perf=27.161Hz  target=9.110Hz  err=-18.051Hz  corr=-374.75W  u_ff=83.1W  PCAP→78W  power=77.1W
[PID] perf=27.162Hz  target=9.110Hz  err=-18.052Hz  corr=-374.77W  u_ff=83.1W  PCAP→78W  power=77.8W
[PID] perf=27.129Hz  target=9.110Hz  err=-18.018Hz  corr=-374.15W  u_ff=83.1W  PCAP→78W  power=78.1W
[PID] perf=27.109Hz  target=9.110Hz  err=-17.999Hz  corr=-373.78W  u_ff=83.1W  PCAP→78W  power=78.9W
[PID] perf=27.130Hz  target=9.110Hz  err=-18.020Hz  corr=-374.17W  u_ff=83.1W  PCAP→78W  power=79.2W
[PID] perf=27.099Hz  target=9.110Hz  err=-17.989Hz  corr=-373.60W  u_ff=83.1W  PCAP→78W  power=78.0W
[PID] perf=27.115Hz  target=9.110Hz  err=-18.005Hz  corr=-373.89W  u_ff=83.1W  PCAP→78W  power=79.4W
[PID] perf=27.117Hz  target=9.110Hz  err=-18.007Hz  corr=-373.93W  u_ff=83.1W  PCAP→78W  power=76.2W
[PID] perf=27.155Hz  target=9.110Hz  err=-18.045Hz  corr=-374.64W  u_ff=83.1W  PCAP→78W  power=76.4W
[PID] perf=27.142Hz  target=9.110Hz  err=-18.031Hz  corr=-374.39W  u_ff=83.1W  PCAP→78W  power=77.0W
[PID] perf=27.077Hz  target=9.110Hz  err=-17.966Hz  corr=-373.18W  u_ff=83.1W  PCAP→78W  power=78.3W
[PID] perf=27.091Hz  target=9.110Hz  err=-17.981Hz  corr=-373.45W  u_ff=83.1W  PCAP→78W  power=78.6W
[PID] perf=27.125Hz  target=9.110Hz  err=-18.015Hz  corr=-374.07W  u_ff=83.1W  PCAP→78W  power=78.7W
[PID] perf=27.071Hz  target=9.110Hz  err=-17.960Hz  corr=-373.07W  u_ff=83.1W  PCAP→78W  power=76.8W
[PID] perf=27.079Hz  target=9.110Hz  err=-17.969Hz  corr=-373.22W  u_ff=83.1W  PCAP→78W  power=76.1W
[PID] perf=27.068Hz  target=9.110Hz  err=-17.958Hz  corr=-373.02W  u_ff=83.1W  PCAP→78W  power=78.5W
[PID] perf=27.069Hz  target=9.110Hz  err=-17.958Hz  corr=-373.03W  u_ff=83.1W  PCAP→78W  power=77.3W
[PID] perf=27.060Hz  target=9.110Hz  err=-17.950Hz  corr=-372.87W  u_ff=83.1W  PCAP→78W  power=76.5W
[PID] perf=27.060Hz  target=9.110Hz  err=-17.949Hz  corr=-372.87W  u_ff=83.1W  PCAP→78W  power=78.2W
[PID] perf=27.026Hz  target=9.110Hz  err=-17.916Hz  corr=-372.24W  u_ff=83.1W  PCAP→78W  power=78.4W
[PID] perf=27.094Hz  target=9.110Hz  err=-17.984Hz  corr=-373.50W  u_ff=83.1W  PCAP→78W  power=77.7W
[PID] perf=27.082Hz  target=9.110Hz  err=-17.972Hz  corr=-373.29W  u_ff=83.1W  PCAP→78W  power=77.6W
[PID] perf=27.055Hz  target=9.110Hz  err=-17.944Hz  corr=-372.77W  u_ff=83.1W  PCAP→78W  power=76.3W
[PID] perf=27.123Hz  target=9.110Hz  err=-18.013Hz  corr=-374.05W  u_ff=83.1W  PCAP→78W  power=77.0W
[PID] perf=27.154Hz  target=9.110Hz  err=-18.044Hz  corr=-374.62W  u_ff=83.1W  PCAP→78W  power=79.2W
[PID] perf=27.108Hz  target=9.110Hz  err=-17.997Hz  corr=-373.75W  u_ff=83.1W  PCAP→78W  power=79.2W
[PID] perf=27.129Hz  target=9.110Hz  err=-18.019Hz  corr=-374.15W  u_ff=83.1W  PCAP→78W  power=78.6W
[PID] perf=27.129Hz  target=9.110Hz  err=-18.019Hz  corr=-374.15W  u_ff=83.1W  PCAP→78W  power=77.5W
[PID] perf=27.065Hz  target=9.110Hz  err=-17.955Hz  corr=-372.97W  u_ff=83.1W  PCAP→78W  power=77.8W
[PID] perf=27.081Hz  target=9.110Hz  err=-17.971Hz  corr=-373.27W  u_ff=83.1W  PCAP→78W  power=76.4W
[PID] perf=27.067Hz  target=9.110Hz  err=-17.956Hz  corr=-372.99W  u_ff=83.1W  PCAP→78W  power=77.0W
[PID] perf=27.059Hz  target=9.110Hz  err=-17.949Hz  corr=-372.86W  u_ff=83.1W  PCAP→78W  power=78.2W
[PID] perf=27.097Hz  target=9.110Hz  err=-17.987Hz  corr=-373.56W  u_ff=83.1W  PCAP→78W  power=78.4W
[PID] perf=27.069Hz  target=9.110Hz  err=-17.959Hz  corr=-373.04W  u_ff=83.1W  PCAP→78W  power=79.4W
[PID] perf=27.086Hz  target=9.110Hz  err=-17.976Hz  corr=-373.36W  u_ff=83.1W  PCAP→78W  power=78.6W
[PID] perf=27.112Hz  target=9.110Hz  err=-18.002Hz  corr=-373.84W  u_ff=83.1W  PCAP→78W  power=78.2W
[PID] perf=27.110Hz  target=9.110Hz  err=-18.000Hz  corr=-373.81W  u_ff=83.1W  PCAP→78W  power=79.0W
[PID] perf=27.109Hz  target=9.110Hz  err=-17.999Hz  corr=-373.78W  u_ff=83.1W  PCAP→78W  power=77.5W
[PID] perf=27.144Hz  target=9.110Hz  err=-18.034Hz  corr=-374.44W  u_ff=83.1W  PCAP→78W  power=76.5W
[PID] perf=27.108Hz  target=9.110Hz  err=-17.998Hz  corr=-373.77W  u_ff=83.1W  PCAP→78W  power=77.2W
[PID] perf=27.139Hz  target=9.110Hz  err=-18.028Hz  corr=-374.33W  u_ff=83.1W  PCAP→78W  power=78.0W
[PID] perf=27.145Hz  target=9.110Hz  err=-18.035Hz  corr=-374.45W  u_ff=83.1W  PCAP→78W  power=78.7W
[PID] perf=27.161Hz  target=9.110Hz  err=-18.051Hz  corr=-374.76W  u_ff=83.1W  PCAP→78W  power=77.7W
[PID] perf=27.104Hz  target=9.110Hz  err=-17.994Hz  corr=-373.69W  u_ff=83.1W  PCAP→78W  power=77.2W
[PID] perf=27.125Hz  target=9.110Hz  err=-18.014Hz  corr=-374.07W  u_ff=83.1W  PCAP→78W  power=78.2W
[PID] perf=27.135Hz  target=9.110Hz  err=-18.025Hz  corr=-374.27W  u_ff=83.1W  PCAP→78W  power=77.9W
[PID] perf=27.184Hz  target=9.110Hz  err=-18.074Hz  corr=-375.18W  u_ff=83.1W  PCAP→78W  power=78.9W
[PID] perf=27.138Hz  target=9.110Hz  err=-18.027Hz  corr=-374.31W  u_ff=83.1W  PCAP→78W  power=78.9W
Process completed.
Compressed into /home/cc/summer2024/main_codes/pid_controller/../experiment_data/PID_Control/ones-npb-cg/compressed_iteration_20260511_025739.tar
----------------------------------

>>> Step 4/10
  [auto target] max perf @ PCAP=142.1W = 11.388Hz  →  80% target = 9.110Hz

[ones-npb-cg]
  target perf      : 9.1102 Hz
  coefficients_perf: [-0.0006547837485238978, 0.18607436314256556, -1.8317688501798497]
  feedforward PCAP : 83.11 W  →  83 W (snapped)
  Perf(u_ff) check : 9.1102 Hz  (should ≈ target)
  PID gains        : Kp=18.5447 W/Hz  Ki=1.85447 W/(Hz·s)  Kd=0.0000
[PID] Awaiting data — feedforward PCAP=83W
[PID] Awaiting data — feedforward PCAP=83W
[PID] Awaiting data — feedforward PCAP=83W
[PID] Awaiting data — feedforward PCAP=83W
[PID] Awaiting data — feedforward PCAP=83W
[PID] Awaiting data — feedforward PCAP=83W
[PID] perf=18.739Hz  target=9.110Hz  err=-9.629Hz  corr=-214.27W  u_ff=83.1W  PCAP→78W  power=nanW
[PID] perf=18.081Hz  target=9.110Hz  err=-8.971Hz  corr=-206.36W  u_ff=83.1W  PCAP→78W  power=77.5W
[PID] perf=18.138Hz  target=9.110Hz  err=-9.027Hz  corr=-207.41W  u_ff=83.1W  PCAP→78W  power=77.9W
[PID] perf=18.149Hz  target=9.110Hz  err=-9.039Hz  corr=-207.63W  u_ff=83.1W  PCAP→78W  power=76.5W
[PID] perf=18.150Hz  target=9.110Hz  err=-9.040Hz  corr=-207.65W  u_ff=83.1W  PCAP→78W  power=76.5W
[PID] perf=18.164Hz  target=9.110Hz  err=-9.054Hz  corr=-207.91W  u_ff=83.1W  PCAP→78W  power=78.3W
[PID] perf=18.144Hz  target=9.110Hz  err=-9.034Hz  corr=-207.53W  u_ff=83.1W  PCAP→78W  power=78.6W
[PID] perf=18.150Hz  target=9.110Hz  err=-9.040Hz  corr=-207.64W  u_ff=83.1W  PCAP→78W  power=79.1W
[PID] perf=18.157Hz  target=9.110Hz  err=-9.047Hz  corr=-207.77W  u_ff=83.1W  PCAP→78W  power=77.7W
[PID] perf=18.142Hz  target=9.110Hz  err=-9.031Hz  corr=-207.49W  u_ff=83.1W  PCAP→78W  power=77.5W
[PID] perf=18.107Hz  target=9.110Hz  err=-8.997Hz  corr=-206.85W  u_ff=83.1W  PCAP→78W  power=78.1W
[PID] perf=18.112Hz  target=9.110Hz  err=-9.002Hz  corr=-206.94W  u_ff=83.1W  PCAP→78W  power=77.5W
[PID] perf=18.126Hz  target=9.110Hz  err=-9.015Hz  corr=-207.19W  u_ff=83.1W  PCAP→78W  power=77.7W
[PID] perf=18.172Hz  target=9.110Hz  err=-9.062Hz  corr=-208.05W  u_ff=83.1W  PCAP→78W  power=78.6W
[PID] perf=18.156Hz  target=9.110Hz  err=-9.046Hz  corr=-207.76W  u_ff=83.1W  PCAP→78W  power=78.9W
[PID] perf=18.167Hz  target=9.110Hz  err=-9.057Hz  corr=-207.96W  u_ff=83.1W  PCAP→78W  power=76.8W
[PID] perf=18.124Hz  target=9.110Hz  err=-9.014Hz  corr=-207.16W  u_ff=83.1W  PCAP→78W  power=77.4W
[PID] perf=18.135Hz  target=9.110Hz  err=-9.025Hz  corr=-207.36W  u_ff=83.1W  PCAP→78W  power=77.2W
[PID] perf=18.139Hz  target=9.110Hz  err=-9.029Hz  corr=-207.44W  u_ff=83.1W  PCAP→78W  power=78.9W
[PID] perf=18.111Hz  target=9.110Hz  err=-9.001Hz  corr=-206.91W  u_ff=83.1W  PCAP→78W  power=77.6W
[PID] perf=18.126Hz  target=9.110Hz  err=-9.016Hz  corr=-207.20W  u_ff=83.1W  PCAP→78W  power=78.1W
[PID] perf=18.124Hz  target=9.110Hz  err=-9.014Hz  corr=-207.15W  u_ff=83.1W  PCAP→78W  power=78.7W
[PID] perf=18.117Hz  target=9.110Hz  err=-9.007Hz  corr=-207.03W  u_ff=83.1W  PCAP→78W  power=78.3W
[PID] perf=18.133Hz  target=9.110Hz  err=-9.023Hz  corr=-207.33W  u_ff=83.1W  PCAP→78W  power=77.2W
[PID] perf=18.135Hz  target=9.110Hz  err=-9.025Hz  corr=-207.36W  u_ff=83.1W  PCAP→78W  power=79.0W
[PID] perf=18.139Hz  target=9.110Hz  err=-9.028Hz  corr=-207.43W  u_ff=83.1W  PCAP→78W  power=77.2W
[PID] perf=18.156Hz  target=9.110Hz  err=-9.046Hz  corr=-207.75W  u_ff=83.1W  PCAP→78W  power=77.2W
[PID] perf=18.162Hz  target=9.110Hz  err=-9.052Hz  corr=-207.86W  u_ff=83.1W  PCAP→78W  power=77.1W
[PID] perf=18.164Hz  target=9.110Hz  err=-9.054Hz  corr=-207.91W  u_ff=83.1W  PCAP→78W  power=77.8W
[PID] perf=18.141Hz  target=9.110Hz  err=-9.031Hz  corr=-207.47W  u_ff=83.1W  PCAP→78W  power=76.9W
[PID] perf=18.153Hz  target=9.110Hz  err=-9.043Hz  corr=-207.69W  u_ff=83.1W  PCAP→78W  power=77.6W
[PID] perf=18.127Hz  target=9.110Hz  err=-9.016Hz  corr=-207.21W  u_ff=83.1W  PCAP→78W  power=78.0W
[PID] perf=18.095Hz  target=9.110Hz  err=-8.985Hz  corr=-206.63W  u_ff=83.1W  PCAP→78W  power=79.4W
[PID] perf=18.092Hz  target=9.110Hz  err=-8.982Hz  corr=-206.57W  u_ff=83.1W  PCAP→78W  power=76.7W
[PID] perf=18.104Hz  target=9.110Hz  err=-8.994Hz  corr=-206.79W  u_ff=83.1W  PCAP→78W  power=77.9W
[PID] perf=18.092Hz  target=9.110Hz  err=-8.982Hz  corr=-206.57W  u_ff=83.1W  PCAP→78W  power=78.8W
[PID] perf=18.146Hz  target=9.110Hz  err=-9.036Hz  corr=-207.56W  u_ff=83.1W  PCAP→78W  power=78.1W
[PID] perf=18.104Hz  target=9.110Hz  err=-8.994Hz  corr=-206.78W  u_ff=83.1W  PCAP→78W  power=78.0W
[PID] perf=18.019Hz  target=9.110Hz  err=-8.909Hz  corr=-205.22W  u_ff=83.1W  PCAP→78W  power=77.8W
