
>>> Step 1/3

[ones-npb-cg]
  target perf      : 11.3877 Hz
  coefficients_perf: [-0.0006547837485238978, 0.18607436314256556, -1.8317688501798497]
  feedforward PCAP : 142.07 W  →  141 W (snapped)
  Perf(u_ff) check : 11.3877 Hz  (should ≈ target)
  PID gains        : Kp=18.5447 W/Hz  Ki=1.85447 W/(Hz·s)  Kd=0.0000
[PID] Awaiting data — feedforward PCAP=141W
[PID] Awaiting data — feedforward PCAP=141W
[PID] Awaiting data — feedforward PCAP=141W
[PID] Awaiting data — feedforward PCAP=141W
[PID] Awaiting data — feedforward PCAP=141W
[PID] Awaiting data — feedforward PCAP=141W
[PID] perf=20.314Hz  target=11.388Hz  err=-8.927Hz  corr=-198.65W  u_ff=142.1W  PCAP→78W  power=nanW
[PID] perf=18.153Hz  target=11.388Hz  err=-6.766Hz  corr=-165.47W  u_ff=142.1W  PCAP→78W  power=77.7W
[PID] perf=18.097Hz  target=11.388Hz  err=-6.709Hz  corr=-164.42W  u_ff=142.1W  PCAP→78W  power=77.9W
[PID] perf=18.102Hz  target=11.388Hz  err=-6.715Hz  corr=-164.52W  u_ff=142.1W  PCAP→78W  power=78.1W
[PID] perf=18.143Hz  target=11.388Hz  err=-6.755Hz  corr=-165.28W  u_ff=142.1W  PCAP→78W  power=77.7W
[PID] perf=18.117Hz  target=11.388Hz  err=-6.729Hz  corr=-164.79W  u_ff=142.1W  PCAP→78W  power=77.7W
[PID] perf=18.115Hz  target=11.388Hz  err=-6.728Hz  corr=-164.76W  u_ff=142.1W  PCAP→78W  power=77.8W
[PID] perf=18.092Hz  target=11.388Hz  err=-6.704Hz  corr=-164.32W  u_ff=142.1W  PCAP→78W  power=77.7W
[PID] perf=18.117Hz  target=11.388Hz  err=-6.729Hz  corr=-164.79W  u_ff=142.1W  PCAP→78W  power=77.1W
[PID] perf=18.120Hz  target=11.388Hz  err=-6.732Hz  corr=-164.85W  u_ff=142.1W  PCAP→78W  power=76.3W
[PID] perf=18.091Hz  target=11.388Hz  err=-6.703Hz  corr=-164.30W  u_ff=142.1W  PCAP→78W  power=78.0W
[PID] perf=18.149Hz  target=11.388Hz  err=-6.762Hz  corr=-165.39W  u_ff=142.1W  PCAP→78W  power=78.6W
[PID] perf=18.095Hz  target=11.388Hz  err=-6.707Hz  corr=-164.38W  u_ff=142.1W  PCAP→78W  power=77.0W
[PID] perf=18.107Hz  target=11.388Hz  err=-6.720Hz  corr=-164.62W  u_ff=142.1W  PCAP→78W  power=76.6W
[PID] perf=18.120Hz  target=11.388Hz  err=-6.732Hz  corr=-164.85W  u_ff=142.1W  PCAP→78W  power=78.3W
[PID] perf=18.103Hz  target=11.388Hz  err=-6.716Hz  corr=-164.54W  u_ff=142.1W  PCAP→78W  power=77.7W
[PID] perf=24.427Hz  target=11.388Hz  err=-13.039Hz  corr=-281.81W  u_ff=142.1W  PCAP→78W  power=77.0W
[PID] perf=29.306Hz  target=11.388Hz  err=-17.918Hz  corr=-372.28W  u_ff=142.1W  PCAP→78W  power=77.7W
[PID] perf=29.305Hz  target=11.388Hz  err=-17.917Hz  corr=-372.26W  u_ff=142.1W  PCAP→78W  power=78.6W
[PID] perf=29.357Hz  target=11.388Hz  err=-17.969Hz  corr=-373.23W  u_ff=142.1W  PCAP→78W  power=77.1W
[PID] perf=29.354Hz  target=11.388Hz  err=-17.966Hz  corr=-373.17W  u_ff=142.1W  PCAP→78W  power=77.2W
[PID] perf=29.409Hz  target=11.388Hz  err=-18.021Hz  corr=-374.20W  u_ff=142.1W  PCAP→78W  power=76.5W
[PID] perf=29.358Hz  target=11.388Hz  err=-17.970Hz  corr=-373.25W  u_ff=142.1W  PCAP→78W  power=77.0W
[PID] perf=29.324Hz  target=11.388Hz  err=-17.936Hz  corr=-372.61W  u_ff=142.1W  PCAP→78W  power=76.2W
[PID] perf=29.333Hz  target=11.388Hz  err=-17.945Hz  corr=-372.79W  u_ff=142.1W  PCAP→78W  power=78.4W
[PID] perf=29.401Hz  target=11.388Hz  err=-18.013Hz  corr=-374.05W  u_ff=142.1W  PCAP→78W  power=77.2W
[PID] perf=29.372Hz  target=11.388Hz  err=-17.984Hz  corr=-373.51W  u_ff=142.1W  PCAP→78W  power=76.0W
[PID] perf=29.361Hz  target=11.388Hz  err=-17.974Hz  corr=-373.31W  u_ff=142.1W  PCAP→78W  power=76.5W
[PID] perf=29.350Hz  target=11.388Hz  err=-17.962Hz  corr=-373.10W  u_ff=142.1W  PCAP→78W  power=78.3W
[PID] perf=29.406Hz  target=11.388Hz  err=-18.019Hz  corr=-374.15W  u_ff=142.1W  PCAP→78W  power=78.4W
[PID] perf=29.408Hz  target=11.388Hz  err=-18.021Hz  corr=-374.19W  u_ff=142.1W  PCAP→78W  power=77.0W
[PID] perf=29.353Hz  target=11.388Hz  err=-17.965Hz  corr=-373.15W  u_ff=142.1W  PCAP→78W  power=78.1W
[PID] perf=29.402Hz  target=11.388Hz  err=-18.015Hz  corr=-374.08W  u_ff=142.1W  PCAP→78W  power=79.4W
[PID] perf=29.365Hz  target=11.388Hz  err=-17.977Hz  corr=-373.39W  u_ff=142.1W  PCAP→78W  power=78.6W
[PID] perf=29.391Hz  target=11.388Hz  err=-18.003Hz  corr=-373.86W  u_ff=142.1W  PCAP→78W  power=76.7W
[PID] perf=29.340Hz  target=11.388Hz  err=-17.952Hz  corr=-372.91W  u_ff=142.1W  PCAP→78W  power=77.7W
[PID] perf=26.695Hz  target=11.388Hz  err=-15.307Hz  corr=-323.86W  u_ff=142.1W  PCAP→78W  power=79.1W
[PID] perf=27.224Hz  target=11.388Hz  err=-15.836Hz  corr=-333.67W  u_ff=142.1W  PCAP→78W  power=78.5W
[PID] perf=27.285Hz  target=11.388Hz  err=-15.897Hz  corr=-334.80W  u_ff=142.1W  PCAP→78W  power=76.3W
[PID] perf=27.277Hz  target=11.388Hz  err=-15.889Hz  corr=-334.66W  u_ff=142.1W  PCAP→78W  power=77.0W
[PID] perf=27.310Hz  target=11.388Hz  err=-15.922Hz  corr=-335.27W  u_ff=142.1W  PCAP→78W  power=77.2W
[PID] perf=27.322Hz  target=11.388Hz  err=-15.935Hz  corr=-335.51W  u_ff=142.1W  PCAP→78W  power=76.5W
[PID] perf=27.277Hz  target=11.388Hz  err=-15.890Hz  corr=-334.67W  u_ff=142.1W  PCAP→78W  power=79.1W
[PID] perf=27.296Hz  target=11.388Hz  err=-15.908Hz  corr=-335.01W  u_ff=142.1W  PCAP→78W  power=77.3W
[PID] perf=27.277Hz  target=11.388Hz  err=-15.889Hz  corr=-334.67W  u_ff=142.1W  PCAP→78W  power=78.9W
[PID] perf=27.317Hz  target=11.388Hz  err=-15.930Hz  corr=-335.41W  u_ff=142.1W  PCAP→78W  power=77.9W
[PID] perf=27.311Hz  target=11.388Hz  err=-15.924Hz  corr=-335.30W  u_ff=142.1W  PCAP→78W  power=78.6W
[PID] perf=27.308Hz  target=11.388Hz  err=-15.920Hz  corr=-335.23W  u_ff=142.1W  PCAP→78W  power=77.2W
[PID] perf=27.322Hz  target=11.388Hz  err=-15.935Hz  corr=-335.50W  u_ff=142.1W  PCAP→78W  power=79.1W
[PID] perf=27.310Hz  target=11.388Hz  err=-15.923Hz  corr=-335.28W  u_ff=142.1W  PCAP→78W  power=78.7W
[PID] perf=27.300Hz  target=11.388Hz  err=-15.912Hz  corr=-335.09W  u_ff=142.1W  PCAP→78W  power=77.4W
[PID] perf=27.293Hz  target=11.388Hz  err=-15.905Hz  corr=-334.96W  u_ff=142.1W  PCAP→78W  power=77.0W
[PID] perf=27.279Hz  target=11.388Hz  err=-15.892Hz  corr=-334.71W  u_ff=142.1W  PCAP→78W  power=76.8W
[PID] perf=27.294Hz  target=11.388Hz  err=-15.906Hz  corr=-334.98W  u_ff=142.1W  PCAP→78W  power=79.0W
[PID] perf=27.282Hz  target=11.388Hz  err=-15.895Hz  corr=-334.76W  u_ff=142.1W  PCAP→78W  power=79.1W
[PID] perf=27.318Hz  target=11.388Hz  err=-15.930Hz  corr=-335.41W  u_ff=142.1W  PCAP→78W  power=77.7W
[PID] perf=27.301Hz  target=11.388Hz  err=-15.913Hz  corr=-335.10W  u_ff=142.1W  PCAP→78W  power=78.0W
[PID] perf=27.304Hz  target=11.388Hz  err=-15.916Hz  corr=-335.16W  u_ff=142.1W  PCAP→78W  power=77.6W
[PID] perf=27.305Hz  target=11.388Hz  err=-15.917Hz  corr=-335.18W  u_ff=142.1W  PCAP→78W  power=78.2W
[PID] perf=27.304Hz  target=11.388Hz  err=-15.916Hz  corr=-335.17W  u_ff=142.1W  PCAP→78W  power=77.7W
[PID] perf=27.279Hz  target=11.388Hz  err=-15.891Hz  corr=-334.70W  u_ff=142.1W  PCAP→78W  power=78.1W
[PID] perf=27.276Hz  target=11.388Hz  err=-15.888Hz  corr=-334.65W  u_ff=142.1W  PCAP→78W  power=76.5W
[PID] perf=27.312Hz  target=11.388Hz  err=-15.924Hz  corr=-335.31W  u_ff=142.1W  PCAP→78W  power=77.6W
[PID] perf=27.323Hz  target=11.388Hz  err=-15.935Hz  corr=-335.51W  u_ff=142.1W  PCAP→78W  power=78.6W
[PID] perf=27.305Hz  target=11.388Hz  err=-15.918Hz  corr=-335.19W  u_ff=142.1W  PCAP→78W  power=78.7W
[PID] perf=27.321Hz  target=11.388Hz  err=-15.933Hz  corr=-335.47W  u_ff=142.1W  PCAP→78W  power=79.0W
[PID] perf=27.270Hz  target=11.388Hz  err=-15.882Hz  corr=-334.53W  u_ff=142.1W  PCAP→78W  power=78.2W
[PID] perf=27.275Hz  target=11.388Hz  err=-15.887Hz  corr=-334.63W  u_ff=142.1W  PCAP→78W  power=78.5W
[PID] perf=27.278Hz  target=11.388Hz  err=-15.891Hz  corr=-334.69W  u_ff=142.1W  PCAP→78W  power=78.2W
[PID] perf=27.307Hz  target=11.388Hz  err=-15.919Hz  corr=-335.22W  u_ff=142.1W  PCAP→78W  power=78.4W
[PID] perf=27.256Hz  target=11.388Hz  err=-15.868Hz  corr=-334.27W  u_ff=142.1W  PCAP→78W  power=78.8W
[PID] perf=27.281Hz  target=11.388Hz  err=-15.893Hz  corr=-334.73W  u_ff=142.1W  PCAP→78W  power=78.3W
[PID] perf=27.278Hz  target=11.388Hz  err=-15.891Hz  corr=-334.69W  u_ff=142.1W  PCAP→78W  power=79.2W
[PID] perf=27.269Hz  target=11.388Hz  err=-15.881Hz  corr=-334.51W  u_ff=142.1W  PCAP→78W  power=76.7W
[PID] perf=27.253Hz  target=11.388Hz  err=-15.865Hz  corr=-334.21W  u_ff=142.1W  PCAP→78W  power=78.2W
[PID] perf=27.240Hz  target=11.388Hz  err=-15.852Hz  corr=-333.97W  u_ff=142.1W  PCAP→78W  power=77.3W
[PID] perf=27.259Hz  target=11.388Hz  err=-15.872Hz  corr=-334.33W  u_ff=142.1W  PCAP→78W  power=76.4W
[PID] perf=27.278Hz  target=11.388Hz  err=-15.890Hz  corr=-334.68W  u_ff=142.1W  PCAP→78W  power=77.8W
[PID] perf=27.279Hz  target=11.388Hz  err=-15.892Hz  corr=-334.70W  u_ff=142.1W  PCAP→78W  power=77.1W
[PID] perf=27.300Hz  target=11.388Hz  err=-15.912Hz  corr=-335.09W  u_ff=142.1W  PCAP→78W  power=78.7W
[PID] perf=27.257Hz  target=11.388Hz  err=-15.869Hz  corr=-334.29W  u_ff=142.1W  PCAP→78W  power=78.8W
[PID] perf=27.315Hz  target=11.388Hz  err=-15.928Hz  corr=-335.37W  u_ff=142.1W  PCAP→78W  power=79.1W
[PID] perf=27.281Hz  target=11.388Hz  err=-15.893Hz  corr=-334.73W  u_ff=142.1W  PCAP→78W  power=78.8W
[PID] perf=27.271Hz  target=11.388Hz  err=-15.883Hz  corr=-334.55W  u_ff=142.1W  PCAP→78W  power=78.8W
[PID] perf=27.277Hz  target=11.388Hz  err=-15.889Hz  corr=-334.66W  u_ff=142.1W  PCAP→78W  power=78.3W
[PID] perf=27.259Hz  target=11.388Hz  err=-15.871Hz  corr=-334.32W  u_ff=142.1W  PCAP→78W  power=77.9W
[PID] perf=27.234Hz  target=11.388Hz  err=-15.846Hz  corr=-333.86W  u_ff=142.1W  PCAP→78W  power=79.2W
[PID] perf=27.303Hz  target=11.388Hz  err=-15.916Hz  corr=-335.15W  u_ff=142.1W  PCAP→78W  power=76.1W
[PID] perf=27.374Hz  target=11.388Hz  err=-15.987Hz  corr=-336.47W  u_ff=142.1W  PCAP→78W  power=77.2W
[PID] perf=27.456Hz  target=11.388Hz  err=-16.068Hz  corr=-337.98W  u_ff=142.1W  PCAP→78W  power=78.8W
[PID] perf=27.418Hz  target=11.388Hz  err=-16.030Hz  corr=-337.27W  u_ff=142.1W  PCAP→78W  power=78.2W
[PID] perf=27.443Hz  target=11.388Hz  err=-16.055Hz  corr=-337.73W  u_ff=142.1W  PCAP→78W  power=79.1W
[PID] perf=27.437Hz  target=11.388Hz  err=-16.049Hz  corr=-337.62W  u_ff=142.1W  PCAP→78W  power=79.2W
[PID] perf=27.455Hz  target=11.388Hz  err=-16.068Hz  corr=-337.97W  u_ff=142.1W  PCAP→78W  power=77.1W
[PID] perf=27.464Hz  target=11.388Hz  err=-16.077Hz  corr=-338.13W  u_ff=142.1W  PCAP→78W  power=77.2W
[PID] perf=27.443Hz  target=11.388Hz  err=-16.056Hz  corr=-337.75W  u_ff=142.1W  PCAP→78W  power=77.9W
[PID] perf=27.471Hz  target=11.388Hz  err=-16.083Hz  corr=-338.26W  u_ff=142.1W  PCAP→78W  power=77.1W
[PID] perf=27.500Hz  target=11.388Hz  err=-16.112Hz  corr=-338.80W  u_ff=142.1W  PCAP→78W  power=79.3W
[PID] perf=27.484Hz  target=11.388Hz  err=-16.096Hz  corr=-338.50W  u_ff=142.1W  PCAP→78W  power=77.0W
[PID] perf=27.470Hz  target=11.388Hz  err=-16.083Hz  corr=-338.25W  u_ff=142.1W  PCAP→78W  power=77.4W
[PID] perf=27.444Hz  target=11.388Hz  err=-16.056Hz  corr=-337.76W  u_ff=142.1W  PCAP→78W  power=77.0W
[PID] perf=27.430Hz  target=11.388Hz  err=-16.042Hz  corr=-337.49W  u_ff=142.1W  PCAP→78W  power=76.3W
[PID] perf=27.461Hz  target=11.388Hz  err=-16.073Hz  corr=-338.06W  u_ff=142.1W  PCAP→78W  power=79.0W
[PID] perf=27.457Hz  target=11.388Hz  err=-16.070Hz  corr=-338.01W  u_ff=142.1W  PCAP→78W  power=78.5W
[PID] perf=27.484Hz  target=11.388Hz  err=-16.096Hz  corr=-338.50W  u_ff=142.1W  PCAP→78W  power=78.2W
[PID] perf=27.461Hz  target=11.388Hz  err=-16.073Hz  corr=-338.07W  u_ff=142.1W  PCAP→78W  power=76.4W
[PID] perf=27.460Hz  target=11.388Hz  err=-16.072Hz  corr=-338.06W  u_ff=142.1W  PCAP→78W  power=77.4W
[PID] perf=27.414Hz  target=11.388Hz  err=-16.026Hz  corr=-337.21W  u_ff=142.1W  PCAP→78W  power=77.4W
[PID] perf=27.217Hz  target=11.388Hz  err=-15.829Hz  corr=-333.55W  u_ff=142.1W  PCAP→78W  power=77.1W
[PID] perf=27.309Hz  target=11.388Hz  err=-15.922Hz  corr=-335.26W  u_ff=142.1W  PCAP→78W  power=76.5W
[PID] perf=27.448Hz  target=11.388Hz  err=-16.060Hz  corr=-337.82W  u_ff=142.1W  PCAP→78W  power=77.1W
[PID] perf=27.479Hz  target=11.388Hz  err=-16.091Hz  corr=-338.41W  u_ff=142.1W  PCAP→78W  power=78.5W
[PID] perf=27.476Hz  target=11.388Hz  err=-16.088Hz  corr=-338.35W  u_ff=142.1W  PCAP→78W  power=78.2W
[PID] perf=27.492Hz  target=11.388Hz  err=-16.104Hz  corr=-338.65W  u_ff=142.1W  PCAP→78W  power=77.8W
[PID] perf=27.472Hz  target=11.388Hz  err=-16.084Hz  corr=-338.27W  u_ff=142.1W  PCAP→78W  power=76.8W
[PID] perf=27.472Hz  target=11.388Hz  err=-16.084Hz  corr=-338.27W  u_ff=142.1W  PCAP→78W  power=77.9W
[PID] perf=27.434Hz  target=11.388Hz  err=-16.046Hz  corr=-337.57W  u_ff=142.1W  PCAP→78W  power=78.3W
[PID] perf=27.461Hz  target=11.388Hz  err=-16.073Hz  corr=-338.07W  u_ff=142.1W  PCAP→78W  power=78.7W
[PID] perf=27.450Hz  target=11.388Hz  err=-16.063Hz  corr=-337.87W  u_ff=142.1W  PCAP→78W  power=78.3W
[PID] perf=27.482Hz  target=11.388Hz  err=-16.094Hz  corr=-338.47W  u_ff=142.1W  PCAP→78W  power=78.5W
[PID] perf=27.216Hz  target=11.388Hz  err=-15.828Hz  corr=-333.53W  u_ff=142.1W  PCAP→78W  power=79.1W
[PID] perf=27.474Hz  target=11.388Hz  err=-16.086Hz  corr=-338.31W  u_ff=142.1W  PCAP→78W  power=78.6W
[PID] perf=27.432Hz  target=11.388Hz  err=-16.045Hz  corr=-337.54W  u_ff=142.1W  PCAP→78W  power=77.6W
[PID] perf=27.455Hz  target=11.388Hz  err=-16.067Hz  corr=-337.96W  u_ff=142.1W  PCAP→78W  power=76.3W
[PID] perf=27.440Hz  target=11.388Hz  err=-16.052Hz  corr=-337.68W  u_ff=142.1W  PCAP→78W  power=78.4W
[PID] perf=27.326Hz  target=11.388Hz  err=-15.938Hz  corr=-335.57W  u_ff=142.1W  PCAP→78W  power=77.5W
[PID] perf=27.404Hz  target=11.388Hz  err=-16.016Hz  corr=-337.01W  u_ff=142.1W  PCAP→78W  power=78.8W
[PID] perf=27.405Hz  target=11.388Hz  err=-16.017Hz  corr=-337.03W  u_ff=142.1W  PCAP→78W  power=77.6W
[PID] perf=27.295Hz  target=11.388Hz  err=-15.907Hz  corr=-335.00W  u_ff=142.1W  PCAP→78W  power=77.8W
[PID] perf=27.440Hz  target=11.388Hz  err=-16.053Hz  corr=-337.69W  u_ff=142.1W  PCAP→78W  power=76.9W
[PID] perf=27.345Hz  target=11.388Hz  err=-15.958Hz  corr=-335.93W  u_ff=142.1W  PCAP→78W  power=77.6W
[PID] perf=27.416Hz  target=11.388Hz  err=-16.029Hz  corr=-337.25W  u_ff=142.1W  PCAP→78W  power=78.1W
[PID] perf=27.417Hz  target=11.388Hz  err=-16.030Hz  corr=-337.26W  u_ff=142.1W  PCAP→78W  power=77.2W
[PID] perf=27.423Hz  target=11.388Hz  err=-16.035Hz  corr=-337.36W  u_ff=142.1W  PCAP→78W  power=76.9W
[PID] perf=27.432Hz  target=11.388Hz  err=-16.045Hz  corr=-337.54W  u_ff=142.1W  PCAP→78W  power=78.3W
[PID] perf=27.457Hz  target=11.388Hz  err=-16.069Hz  corr=-338.00W  u_ff=142.1W  PCAP→78W  power=78.7W
[PID] perf=27.484Hz  target=11.388Hz  err=-16.096Hz  corr=-338.50W  u_ff=142.1W  PCAP→78W  power=77.5W
[PID] perf=27.434Hz  target=11.388Hz  err=-16.046Hz  corr=-337.57W  u_ff=142.1W  PCAP→78W  power=76.2W
[PID] perf=27.468Hz  target=11.388Hz  err=-16.080Hz  corr=-338.20W  u_ff=142.1W  PCAP→78W  power=76.3W
[PID] perf=27.475Hz  target=11.388Hz  err=-16.087Hz  corr=-338.33W  u_ff=142.1W  PCAP→78W  power=77.5W
[PID] perf=27.466Hz  target=11.388Hz  err=-16.078Hz  corr=-338.16W  u_ff=142.1W  PCAP→78W  power=78.6W
[PID] perf=27.476Hz  target=11.388Hz  err=-16.088Hz  corr=-338.35W  u_ff=142.1W  PCAP→78W  power=78.4W
[PID] perf=27.475Hz  target=11.388Hz  err=-16.087Hz  corr=-338.33W  u_ff=142.1W  PCAP→78W  power=77.9W
[PID] perf=27.458Hz  target=11.388Hz  err=-16.070Hz  corr=-338.01W  u_ff=142.1W  PCAP→78W  power=77.9W
[PID] perf=27.461Hz  target=11.388Hz  err=-16.073Hz  corr=-338.07W  u_ff=142.1W  PCAP→78W  power=77.2W
[PID] perf=27.500Hz  target=11.388Hz  err=-16.112Hz  corr=-338.80W  u_ff=142.1W  PCAP→78W  power=77.2W
[PID] perf=27.447Hz  target=11.388Hz  err=-16.059Hz  corr=-337.82W  u_ff=142.1W  PCAP→78W  power=78.3W
[PID] perf=27.453Hz  target=11.388Hz  err=-16.066Hz  corr=-337.93W  u_ff=142.1W  PCAP→78W  power=78.6W
[PID] perf=27.575Hz  target=11.388Hz  err=-16.187Hz  corr=-340.18W  u_ff=142.1W  PCAP→78W  power=77.4W
[PID] perf=27.455Hz  target=11.388Hz  err=-16.067Hz  corr=-337.96W  u_ff=142.1W  PCAP→78W  power=78.6W
[PID] perf=27.534Hz  target=11.388Hz  err=-16.146Hz  corr=-339.42W  u_ff=142.1W  PCAP→78W  power=77.5W
[PID] perf=27.536Hz  target=11.388Hz  err=-16.148Hz  corr=-339.46W  u_ff=142.1W  PCAP→78W  power=78.6W
[PID] perf=27.556Hz  target=11.388Hz  err=-16.168Hz  corr=-339.83W  u_ff=142.1W  PCAP→78W  power=77.7W
[PID] perf=27.644Hz  target=11.388Hz  err=-16.256Hz  corr=-341.46W  u_ff=142.1W  PCAP→78W  power=77.0W
[PID] perf=27.631Hz  target=11.388Hz  err=-16.244Hz  corr=-341.23W  u_ff=142.1W  PCAP→78W  power=78.4W
[PID] perf=27.624Hz  target=11.388Hz  err=-16.236Hz  corr=-341.10W  u_ff=142.1W  PCAP→78W  power=77.8W
[PID] perf=27.603Hz  target=11.388Hz  err=-16.216Hz  corr=-340.71W  u_ff=142.1W  PCAP→78W  power=77.1W
[PID] perf=27.616Hz  target=11.388Hz  err=-16.228Hz  corr=-340.95W  u_ff=142.1W  PCAP→78W  power=76.5W
[PID] perf=27.627Hz  target=11.388Hz  err=-16.239Hz  corr=-341.15W  u_ff=142.1W  PCAP→78W  power=79.1W
[PID] perf=27.648Hz  target=11.388Hz  err=-16.260Hz  corr=-341.54W  u_ff=142.1W  PCAP→78W  power=79.1W
[PID] perf=27.617Hz  target=11.388Hz  err=-16.229Hz  corr=-340.96W  u_ff=142.1W  PCAP→78W  power=77.4W
[PID] perf=27.593Hz  target=11.388Hz  err=-16.205Hz  corr=-340.53W  u_ff=142.1W  PCAP→78W  power=76.5W
[PID] perf=27.595Hz  target=11.388Hz  err=-16.207Hz  corr=-340.56W  u_ff=142.1W  PCAP→78W  power=77.7W
[PID] perf=27.576Hz  target=11.388Hz  err=-16.188Hz  corr=-340.20W  u_ff=142.1W  PCAP→78W  power=77.7W
[PID] perf=27.584Hz  target=11.388Hz  err=-16.196Hz  corr=-340.35W  u_ff=142.1W  PCAP→78W  power=76.6W
[PID] perf=27.552Hz  target=11.388Hz  err=-16.164Hz  corr=-339.76W  u_ff=142.1W  PCAP→78W  power=77.1W
[PID] perf=27.572Hz  target=11.388Hz  err=-16.184Hz  corr=-340.13W  u_ff=142.1W  PCAP→78W  power=79.1W
[PID] perf=27.585Hz  target=11.388Hz  err=-16.197Hz  corr=-340.37W  u_ff=142.1W  PCAP→78W  power=78.3W
[PID] perf=27.572Hz  target=11.388Hz  err=-16.184Hz  corr=-340.14W  u_ff=142.1W  PCAP→78W  power=78.3W
[PID] perf=27.570Hz  target=11.388Hz  err=-16.183Hz  corr=-340.10W  u_ff=142.1W  PCAP→78W  power=77.3W
[PID] perf=27.610Hz  target=11.388Hz  err=-16.222Hz  corr=-340.83W  u_ff=142.1W  PCAP→78W  power=78.6W
[PID] perf=27.611Hz  target=11.388Hz  err=-16.223Hz  corr=-340.85W  u_ff=142.1W  PCAP→78W  power=77.9W
[PID] perf=27.625Hz  target=11.388Hz  err=-16.237Hz  corr=-341.11W  u_ff=142.1W  PCAP→78W  power=78.7W
[PID] perf=27.589Hz  target=11.388Hz  err=-16.201Hz  corr=-340.44W  u_ff=142.1W  PCAP→78W  power=77.5W
[PID] perf=27.580Hz  target=11.388Hz  err=-16.193Hz  corr=-340.29W  u_ff=142.1W  PCAP→78W  power=78.3W
[PID] perf=27.563Hz  target=11.388Hz  err=-16.175Hz  corr=-339.96W  u_ff=142.1W  PCAP→78W  power=78.7W
[PID] perf=27.553Hz  target=11.388Hz  err=-16.165Hz  corr=-339.78W  u_ff=142.1W  PCAP→78W  power=77.4W
[PID] perf=27.536Hz  target=11.388Hz  err=-16.148Hz  corr=-339.46W  u_ff=142.1W  PCAP→78W  power=78.8W
[PID] perf=27.545Hz  target=11.388Hz  err=-16.158Hz  corr=-339.64W  u_ff=142.1W  PCAP→78W  power=76.0W
[PID] perf=27.546Hz  target=11.388Hz  err=-16.158Hz  corr=-339.64W  u_ff=142.1W  PCAP→78W  power=79.2W
[PID] perf=27.584Hz  target=11.388Hz  err=-16.196Hz  corr=-340.35W  u_ff=142.1W  PCAP→78W  power=78.1W
[PID] perf=27.588Hz  target=11.388Hz  err=-16.200Hz  corr=-340.42W  u_ff=142.1W  PCAP→78W  power=77.3W
[PID] perf=27.568Hz  target=11.388Hz  err=-16.180Hz  corr=-340.05W  u_ff=142.1W  PCAP→78W  power=78.0W
[PID] perf=27.573Hz  target=11.388Hz  err=-16.185Hz  corr=-340.15W  u_ff=142.1W  PCAP→78W  power=77.0W
[PID] perf=27.568Hz  target=11.388Hz  err=-16.180Hz  corr=-340.05W  u_ff=142.1W  PCAP→78W  power=78.4W
[PID] perf=27.598Hz  target=11.388Hz  err=-16.210Hz  corr=-340.61W  u_ff=142.1W  PCAP→78W  power=77.9W
[PID] perf=26.985Hz  target=11.388Hz  err=-15.597Hz  corr=-329.24W  u_ff=142.1W  PCAP→78W  power=76.4W
[PID] perf=27.051Hz  target=11.388Hz  err=-15.664Hz  corr=-330.48W  u_ff=142.1W  PCAP→78W  power=77.2W
[PID] perf=27.001Hz  target=11.388Hz  err=-15.614Hz  corr=-329.55W  u_ff=142.1W  PCAP→78W  power=79.1W
[PID] perf=27.023Hz  target=11.388Hz  err=-15.635Hz  corr=-329.94W  u_ff=142.1W  PCAP→78W  power=79.0W
[PID] perf=27.085Hz  target=11.388Hz  err=-15.698Hz  corr=-331.11W  u_ff=142.1W  PCAP→78W  power=77.4W
[PID] perf=27.079Hz  target=11.388Hz  err=-15.691Hz  corr=-330.99W  u_ff=142.1W  PCAP→78W  power=77.5W
[PID] perf=26.876Hz  target=11.388Hz  err=-15.488Hz  corr=-327.23W  u_ff=142.1W  PCAP→78W  power=76.9W
[PID] perf=26.890Hz  target=11.388Hz  err=-15.502Hz  corr=-327.48W  u_ff=142.1W  PCAP→78W  power=79.1W
[PID] perf=27.080Hz  target=11.388Hz  err=-15.692Hz  corr=-331.00W  u_ff=142.1W  PCAP→78W  power=78.2W
[PID] perf=27.053Hz  target=11.388Hz  err=-15.665Hz  corr=-330.51W  u_ff=142.1W  PCAP→78W  power=77.9W
[PID] perf=27.123Hz  target=11.388Hz  err=-15.735Hz  corr=-331.80W  u_ff=142.1W  PCAP→78W  power=77.2W
[PID] perf=27.410Hz  target=11.388Hz  err=-16.023Hz  corr=-337.14W  u_ff=142.1W  PCAP→78W  power=78.6W
[PID] perf=27.468Hz  target=11.388Hz  err=-16.080Hz  corr=-338.20W  u_ff=142.1W  PCAP→78W  power=78.6W
[PID] perf=27.446Hz  target=11.388Hz  err=-16.058Hz  corr=-337.80W  u_ff=142.1W  PCAP→78W  power=77.2W
[PID] perf=27.435Hz  target=11.388Hz  err=-16.047Hz  corr=-337.59W  u_ff=142.1W  PCAP→78W  power=77.2W
[PID] perf=27.470Hz  target=11.388Hz  err=-16.082Hz  corr=-338.24W  u_ff=142.1W  PCAP→78W  power=78.6W
[PID] perf=27.382Hz  target=11.388Hz  err=-15.994Hz  corr=-336.61W  u_ff=142.1W  PCAP→78W  power=77.1W
[PID] perf=27.423Hz  target=11.388Hz  err=-16.035Hz  corr=-337.36W  u_ff=142.1W  PCAP→78W  power=77.2W
[PID] perf=29.195Hz  target=11.388Hz  err=-17.807Hz  corr=-370.22W  u_ff=142.1W  PCAP→78W  power=79.1W
[PID] perf=29.150Hz  target=11.388Hz  err=-17.763Hz  corr=-369.40W  u_ff=142.1W  PCAP→78W  power=76.6W
[PID] perf=29.165Hz  target=11.388Hz  err=-17.777Hz  corr=-369.67W  u_ff=142.1W  PCAP→78W  power=78.3W
[PID] perf=29.170Hz  target=11.388Hz  err=-17.782Hz  corr=-369.76W  u_ff=142.1W  PCAP→78W  power=76.8W
[PID] perf=29.220Hz  target=11.388Hz  err=-17.833Hz  corr=-370.70W  u_ff=142.1W  PCAP→78W  power=76.1W
[PID] perf=29.164Hz  target=11.388Hz  err=-17.776Hz  corr=-369.65W  u_ff=142.1W  PCAP→78W  power=78.9W
[PID] perf=29.155Hz  target=11.388Hz  err=-17.767Hz  corr=-369.49W  u_ff=142.1W  PCAP→78W  power=79.5W
[PID] perf=29.223Hz  target=11.388Hz  err=-17.835Hz  corr=-370.74W  u_ff=142.1W  PCAP→78W  power=77.5W
[PID] perf=29.175Hz  target=11.388Hz  err=-17.788Hz  corr=-369.87W  u_ff=142.1W  PCAP→78W  power=78.1W
[PID] perf=29.127Hz  target=11.388Hz  err=-17.739Hz  corr=-368.96W  u_ff=142.1W  PCAP→78W  power=76.8W
[PID] perf=27.601Hz  target=11.388Hz  err=-16.214Hz  corr=-340.68W  u_ff=142.1W  PCAP→78W  power=78.2W
[PID] perf=27.626Hz  target=11.388Hz  err=-16.238Hz  corr=-341.13W  u_ff=142.1W  PCAP→78W  power=77.8W
[PID] perf=27.672Hz  target=11.388Hz  err=-16.284Hz  corr=-341.98W  u_ff=142.1W  PCAP→78W  power=77.7W
[PID] perf=27.670Hz  target=11.388Hz  err=-16.282Hz  corr=-341.94W  u_ff=142.1W  PCAP→78W  power=76.8W
[PID] perf=27.669Hz  target=11.388Hz  err=-16.281Hz  corr=-341.93W  u_ff=142.1W  PCAP→78W  power=77.1W
[PID] perf=27.672Hz  target=11.388Hz  err=-16.284Hz  corr=-341.99W  u_ff=142.1W  PCAP→78W  power=79.2W
[PID] perf=27.657Hz  target=11.388Hz  err=-16.269Hz  corr=-341.70W  u_ff=142.1W  PCAP→78W  power=76.9W
[PID] perf=27.651Hz  target=11.388Hz  err=-16.263Hz  corr=-341.60W  u_ff=142.1W  PCAP→78W  power=76.6W
[PID] perf=27.631Hz  target=11.388Hz  err=-16.243Hz  corr=-341.22W  u_ff=142.1W  PCAP→78W  power=78.4W
[PID] perf=27.594Hz  target=11.388Hz  err=-16.207Hz  corr=-340.55W  u_ff=142.1W  PCAP→78W  power=77.8W
[PID] perf=27.622Hz  target=11.388Hz  err=-16.234Hz  corr=-341.05W  u_ff=142.1W  PCAP→78W  power=77.5W
[PID] perf=25.623Hz  target=11.388Hz  err=-14.235Hz  corr=-303.98W  u_ff=142.1W  PCAP→78W  power=78.6W
[PID] perf=25.928Hz  target=11.388Hz  err=-14.540Hz  corr=-309.64W  u_ff=142.1W  PCAP→78W  power=77.9W
[PID] perf=25.938Hz  target=11.388Hz  err=-14.550Hz  corr=-309.83W  u_ff=142.1W  PCAP→78W  power=77.4W
[PID] perf=25.939Hz  target=11.388Hz  err=-14.552Hz  corr=-309.85W  u_ff=142.1W  PCAP→78W  power=76.8W
[PID] perf=25.940Hz  target=11.388Hz  err=-14.552Hz  corr=-309.87W  u_ff=142.1W  PCAP→78W  power=76.2W
[PID] perf=25.950Hz  target=11.388Hz  err=-14.562Hz  corr=-310.05W  u_ff=142.1W  PCAP→78W  power=76.1W
[PID] perf=25.888Hz  target=11.388Hz  err=-14.501Hz  corr=-308.91W  u_ff=142.1W  PCAP→78W  power=79.1W
[PID] perf=25.905Hz  target=11.388Hz  err=-14.517Hz  corr=-309.22W  u_ff=142.1W  PCAP→78W  power=77.3W
[PID] perf=25.911Hz  target=11.388Hz  err=-14.523Hz  corr=-309.33W  u_ff=142.1W  PCAP→78W  power=77.9W
[PID] perf=25.925Hz  target=11.388Hz  err=-14.537Hz  corr=-309.59W  u_ff=142.1W  PCAP→78W  power=77.3W
[PID] perf=25.925Hz  target=11.388Hz  err=-14.537Hz  corr=-309.58W  u_ff=142.1W  PCAP→78W  power=78.5W
[PID] perf=25.875Hz  target=11.388Hz  err=-14.487Hz  corr=-308.66W  u_ff=142.1W  PCAP→78W  power=79.3W
[PID] perf=26.003Hz  target=11.388Hz  err=-14.615Hz  corr=-311.04W  u_ff=142.1W  PCAP→78W  power=78.3W
[PID] perf=26.025Hz  target=11.388Hz  err=-14.637Hz  corr=-311.43W  u_ff=142.1W  PCAP→78W  power=78.5W
[PID] perf=25.986Hz  target=11.388Hz  err=-14.598Hz  corr=-310.71W  u_ff=142.1W  PCAP→78W  power=78.5W
[PID] perf=26.007Hz  target=11.388Hz  err=-14.619Hz  corr=-311.11W  u_ff=142.1W  PCAP→78W  power=77.9W
[PID] perf=25.915Hz  target=11.388Hz  err=-14.527Hz  corr=-309.40W  u_ff=142.1W  PCAP→78W  power=76.4W
[PID] perf=25.992Hz  target=11.388Hz  err=-14.604Hz  corr=-310.83W  u_ff=142.1W  PCAP→78W  power=78.9W
[PID] perf=26.029Hz  target=11.388Hz  err=-14.641Hz  corr=-311.52W  u_ff=142.1W  PCAP→78W  power=78.3W
[PID] perf=26.077Hz  target=11.388Hz  err=-14.690Hz  corr=-312.41W  u_ff=142.1W  PCAP→78W  power=77.7W
[PID] perf=26.047Hz  target=11.388Hz  err=-14.659Hz  corr=-311.85W  u_ff=142.1W  PCAP→78W  power=79.0W
[PID] perf=26.044Hz  target=11.388Hz  err=-14.657Hz  corr=-311.80W  u_ff=142.1W  PCAP→78W  power=78.2W
[PID] perf=26.071Hz  target=11.388Hz  err=-14.683Hz  corr=-312.29W  u_ff=142.1W  PCAP→78W  power=78.5W
[PID] perf=26.053Hz  target=11.388Hz  err=-14.665Hz  corr=-311.96W  u_ff=142.1W  PCAP→78W  power=78.1W
[PID] perf=26.071Hz  target=11.388Hz  err=-14.683Hz  corr=-312.29W  u_ff=142.1W  PCAP→78W  power=77.3W
[PID] perf=26.084Hz  target=11.388Hz  err=-14.696Hz  corr=-312.53W  u_ff=142.1W  PCAP→78W  power=77.9W
[PID] perf=26.059Hz  target=11.388Hz  err=-14.671Hz  corr=-312.07W  u_ff=142.1W  PCAP→78W  power=77.8W
[PID] perf=26.026Hz  target=11.388Hz  err=-14.639Hz  corr=-311.47W  u_ff=142.1W  PCAP→78W  power=76.5W
[PID] perf=26.033Hz  target=11.388Hz  err=-14.645Hz  corr=-311.59W  u_ff=142.1W  PCAP→78W  power=77.3W
[PID] perf=26.000Hz  target=11.388Hz  err=-14.612Hz  corr=-310.98W  u_ff=142.1W  PCAP→78W  power=79.2W
[PID] perf=26.005Hz  target=11.388Hz  err=-14.617Hz  corr=-311.07W  u_ff=142.1W  PCAP→78W  power=77.4W
[PID] perf=26.060Hz  target=11.388Hz  err=-14.673Hz  corr=-312.10W  u_ff=142.1W  PCAP→78W  power=76.9W
[PID] perf=26.034Hz  target=11.388Hz  err=-14.646Hz  corr=-311.61W  u_ff=142.1W  PCAP→78W  power=79.1W
[PID] perf=26.054Hz  target=11.388Hz  err=-14.666Hz  corr=-311.98W  u_ff=142.1W  PCAP→78W  power=77.4W
[PID] perf=26.011Hz  target=11.388Hz  err=-14.623Hz  corr=-311.18W  u_ff=142.1W  PCAP→78W  power=78.9W
[PID] perf=26.035Hz  target=11.388Hz  err=-14.647Hz  corr=-311.63W  u_ff=142.1W  PCAP→78W  power=76.9W
[PID] perf=26.004Hz  target=11.388Hz  err=-14.616Hz  corr=-311.05W  u_ff=142.1W  PCAP→78W  power=78.8W
[PID] perf=26.052Hz  target=11.388Hz  err=-14.664Hz  corr=-311.94W  u_ff=142.1W  PCAP→78W  power=78.0W
[PID] perf=26.019Hz  target=11.388Hz  err=-14.631Hz  corr=-311.33W  u_ff=142.1W  PCAP→78W  power=79.1W
[PID] perf=26.040Hz  target=11.388Hz  err=-14.653Hz  corr=-311.73W  u_ff=142.1W  PCAP→78W  power=77.6W
[PID] perf=26.032Hz  target=11.388Hz  err=-14.644Hz  corr=-311.58W  u_ff=142.1W  PCAP→78W  power=78.7W
[PID] perf=26.043Hz  target=11.388Hz  err=-14.655Hz  corr=-311.78W  u_ff=142.1W  PCAP→78W  power=76.7W
[PID] perf=25.999Hz  target=11.388Hz  err=-14.611Hz  corr=-310.96W  u_ff=142.1W  PCAP→78W  power=77.8W
[PID] perf=25.979Hz  target=11.388Hz  err=-14.591Hz  corr=-310.59W  u_ff=142.1W  PCAP→78W  power=79.0W
[PID] perf=26.013Hz  target=11.388Hz  err=-14.625Hz  corr=-311.22W  u_ff=142.1W  PCAP→78W  power=76.6W
[PID] perf=26.000Hz  target=11.388Hz  err=-14.613Hz  corr=-310.99W  u_ff=142.1W  PCAP→78W  power=77.6W
[PID] perf=26.017Hz  target=11.388Hz  err=-14.629Hz  corr=-311.29W  u_ff=142.1W  PCAP→78W  power=78.2W
[PID] perf=26.045Hz  target=11.388Hz  err=-14.657Hz  corr=-311.81W  u_ff=142.1W  PCAP→78W  power=78.3W
[PID] perf=26.038Hz  target=11.388Hz  err=-14.650Hz  corr=-311.68W  u_ff=142.1W  PCAP→78W  power=79.0W
[PID] perf=26.017Hz  target=11.388Hz  err=-14.629Hz  corr=-311.29W  u_ff=142.1W  PCAP→78W  power=78.9W
[PID] perf=26.027Hz  target=11.388Hz  err=-14.639Hz  corr=-311.48W  u_ff=142.1W  PCAP→78W  power=79.3W
[PID] perf=26.451Hz  target=11.388Hz  err=-15.063Hz  corr=-319.34W  u_ff=142.1W  PCAP→78W  power=76.6W
[PID] perf=26.484Hz  target=11.388Hz  err=-15.096Hz  corr=-319.95W  u_ff=142.1W  PCAP→78W  power=78.5W
[PID] perf=26.502Hz  target=11.388Hz  err=-15.114Hz  corr=-320.28W  u_ff=142.1W  PCAP→78W  power=76.8W
[PID] perf=26.499Hz  target=11.388Hz  err=-15.112Hz  corr=-320.24W  u_ff=142.1W  PCAP→78W  power=77.2W
[PID] perf=26.501Hz  target=11.388Hz  err=-15.113Hz  corr=-320.27W  u_ff=142.1W  PCAP→78W  power=78.4W
[PID] perf=26.495Hz  target=11.388Hz  err=-15.107Hz  corr=-320.16W  u_ff=142.1W  PCAP→78W  power=77.9W
[PID] perf=26.456Hz  target=11.388Hz  err=-15.068Hz  corr=-319.43W  u_ff=142.1W  PCAP→78W  power=77.5W
[PID] perf=26.477Hz  target=11.388Hz  err=-15.089Hz  corr=-319.83W  u_ff=142.1W  PCAP→78W  power=76.7W
[PID] perf=26.866Hz  target=11.388Hz  err=-15.479Hz  corr=-327.05W  u_ff=142.1W  PCAP→78W  power=76.4W
[PID] perf=27.303Hz  target=11.388Hz  err=-15.915Hz  corr=-335.15W  u_ff=142.1W  PCAP→78W  power=76.7W
[PID] perf=27.466Hz  target=11.388Hz  err=-16.078Hz  corr=-338.17W  u_ff=142.1W  PCAP→78W  power=77.4W
[PID] perf=27.491Hz  target=11.388Hz  err=-16.103Hz  corr=-338.63W  u_ff=142.1W  PCAP→78W  power=77.8W
[PID] perf=27.480Hz  target=11.388Hz  err=-16.092Hz  corr=-338.42W  u_ff=142.1W  PCAP→78W  power=77.3W
[PID] perf=27.470Hz  target=11.388Hz  err=-16.083Hz  corr=-338.25W  u_ff=142.1W  PCAP→78W  power=78.9W
[PID] perf=27.526Hz  target=11.388Hz  err=-16.138Hz  corr=-339.28W  u_ff=142.1W  PCAP→78W  power=78.1W
[PID] perf=27.489Hz  target=11.388Hz  err=-16.102Hz  corr=-338.60W  u_ff=142.1W  PCAP→78W  power=79.0W
[PID] perf=27.497Hz  target=11.388Hz  err=-16.109Hz  corr=-338.73W  u_ff=142.1W  PCAP→78W  power=79.1W
[PID] perf=27.499Hz  target=11.388Hz  err=-16.112Hz  corr=-338.79W  u_ff=142.1W  PCAP→78W  power=76.3W
[PID] perf=27.496Hz  target=11.388Hz  err=-16.108Hz  corr=-338.72W  u_ff=142.1W  PCAP→78W  power=77.1W
[PID] perf=27.494Hz  target=11.388Hz  err=-16.107Hz  corr=-338.69W  u_ff=142.1W  PCAP→78W  power=77.5W
[PID] perf=27.472Hz  target=11.388Hz  err=-16.084Hz  corr=-338.27W  u_ff=142.1W  PCAP→78W  power=77.5W
[PID] perf=27.254Hz  target=11.388Hz  err=-15.866Hz  corr=-334.23W  u_ff=142.1W  PCAP→78W  power=78.0W
[PID] perf=27.390Hz  target=11.388Hz  err=-16.002Hz  corr=-336.76W  u_ff=142.1W  PCAP→78W  power=77.6W
[PID] perf=27.455Hz  target=11.388Hz  err=-16.067Hz  corr=-337.96W  u_ff=142.1W  PCAP→78W  power=78.8W
[PID] perf=27.520Hz  target=11.388Hz  err=-16.132Hz  corr=-339.17W  u_ff=142.1W  PCAP→78W  power=78.4W
[PID] perf=27.496Hz  target=11.388Hz  err=-16.109Hz  corr=-338.73W  u_ff=142.1W  PCAP→78W  power=77.9W
[PID] perf=27.512Hz  target=11.388Hz  err=-16.124Hz  corr=-339.02W  u_ff=142.1W  PCAP→78W  power=77.5W
[PID] perf=27.412Hz  target=11.388Hz  err=-16.024Hz  corr=-337.17W  u_ff=142.1W  PCAP→78W  power=78.4W
[PID] perf=27.476Hz  target=11.388Hz  err=-16.088Hz  corr=-338.35W  u_ff=142.1W  PCAP→78W  power=79.3W
[PID] perf=27.213Hz  target=11.388Hz  err=-15.825Hz  corr=-333.47W  u_ff=142.1W  PCAP→78W  power=78.7W
[PID] perf=27.265Hz  target=11.388Hz  err=-15.877Hz  corr=-334.44W  u_ff=142.1W  PCAP→78W  power=77.8W
[PID] perf=27.280Hz  target=11.388Hz  err=-15.892Hz  corr=-334.72W  u_ff=142.1W  PCAP→78W  power=76.4W
[PID] perf=27.289Hz  target=11.388Hz  err=-15.902Hz  corr=-334.89W  u_ff=142.1W  PCAP→78W  power=77.2W
[PID] perf=27.339Hz  target=11.388Hz  err=-15.951Hz  corr=-335.81W  u_ff=142.1W  PCAP→78W  power=78.2W
[PID] perf=27.464Hz  target=11.388Hz  err=-16.077Hz  corr=-338.14W  u_ff=142.1W  PCAP→78W  power=79.0W
[PID] perf=27.424Hz  target=11.388Hz  err=-16.036Hz  corr=-337.38W  u_ff=142.1W  PCAP→78W  power=81.0W
[PID] perf=27.502Hz  target=11.388Hz  err=-16.114Hz  corr=-338.83W  u_ff=142.1W  PCAP→78W  power=76.7W
[PID] perf=27.424Hz  target=11.388Hz  err=-16.037Hz  corr=-337.39W  u_ff=142.1W  PCAP→78W  power=77.0W
[PID] perf=27.400Hz  target=11.388Hz  err=-16.012Hz  corr=-336.94W  u_ff=142.1W  PCAP→78W  power=77.0W
[PID] perf=27.079Hz  target=11.388Hz  err=-15.692Hz  corr=-331.00W  u_ff=142.1W  PCAP→78W  power=78.2W
[PID] perf=27.078Hz  target=11.388Hz  err=-15.691Hz  corr=-330.98W  u_ff=142.1W  PCAP→78W  power=78.5W
[PID] perf=27.105Hz  target=11.388Hz  err=-15.718Hz  corr=-331.48W  u_ff=142.1W  PCAP→78W  power=78.9W
[PID] perf=27.080Hz  target=11.388Hz  err=-15.692Hz  corr=-331.01W  u_ff=142.1W  PCAP→78W  power=78.5W
[PID] perf=27.134Hz  target=11.388Hz  err=-15.747Hz  corr=-332.01W  u_ff=142.1W  PCAP→78W  power=78.9W
[PID] perf=27.141Hz  target=11.388Hz  err=-15.753Hz  corr=-332.13W  u_ff=142.1W  PCAP→78W  power=78.7W
[PID] perf=27.028Hz  target=11.388Hz  err=-15.640Hz  corr=-330.05W  u_ff=142.1W  PCAP→78W  power=76.5W
[PID] perf=27.132Hz  target=11.388Hz  err=-15.744Hz  corr=-331.96W  u_ff=142.1W  PCAP→78W  power=78.4W
[PID] perf=27.114Hz  target=11.388Hz  err=-15.726Hz  corr=-331.64W  u_ff=142.1W  PCAP→78W  power=78.4W
[PID] perf=27.142Hz  target=11.388Hz  err=-15.754Hz  corr=-332.15W  u_ff=142.1W  PCAP→78W  power=79.2W
[PID] perf=27.143Hz  target=11.388Hz  err=-15.755Hz  corr=-332.17W  u_ff=142.1W  PCAP→78W  power=79.4W
[PID] perf=27.162Hz  target=11.388Hz  err=-15.774Hz  corr=-332.53W  u_ff=142.1W  PCAP→78W  power=76.9W
[PID] perf=27.166Hz  target=11.388Hz  err=-15.778Hz  corr=-332.60W  u_ff=142.1W  PCAP→78W  power=77.0W
[PID] perf=27.125Hz  target=11.388Hz  err=-15.737Hz  corr=-331.85W  u_ff=142.1W  PCAP→78W  power=76.1W
[PID] perf=27.105Hz  target=11.388Hz  err=-15.717Hz  corr=-331.46W  u_ff=142.1W  PCAP→78W  power=78.6W
[PID] perf=27.144Hz  target=11.388Hz  err=-15.757Hz  corr=-332.20W  u_ff=142.1W  PCAP→78W  power=80.1W
[PID] perf=26.898Hz  target=11.388Hz  err=-15.510Hz  corr=-327.63W  u_ff=142.1W  PCAP→78W  power=76.8W
[PID] perf=26.919Hz  target=11.388Hz  err=-15.531Hz  corr=-328.02W  u_ff=142.1W  PCAP→78W  power=77.7W
[PID] perf=26.907Hz  target=11.388Hz  err=-15.519Hz  corr=-327.80W  u_ff=142.1W  PCAP→78W  power=76.5W
[PID] perf=85.125Hz  target=11.388Hz  err=-73.737Hz  corr=-1407.43W  u_ff=142.1W  PCAP→78W  power=78.6W
[PID] perf=26.841Hz  target=11.388Hz  err=-15.453Hz  corr=-326.57W  u_ff=142.1W  PCAP→78W  power=78.2W
[PID] perf=27.018Hz  target=11.388Hz  err=-15.630Hz  corr=-329.86W  u_ff=142.1W  PCAP→78W  power=76.2W
[PID] perf=27.010Hz  target=11.388Hz  err=-15.623Hz  corr=-329.72W  u_ff=142.1W  PCAP→78W  power=78.1W
[PID] perf=27.017Hz  target=11.388Hz  err=-15.630Hz  corr=-329.85W  u_ff=142.1W  PCAP→78W  power=78.5W
[PID] perf=27.000Hz  target=11.388Hz  err=-15.613Hz  corr=-329.53W  u_ff=142.1W  PCAP→78W  power=77.3W
[PID] perf=27.005Hz  target=11.388Hz  err=-15.617Hz  corr=-329.61W  u_ff=142.1W  PCAP→78W  power=77.4W
[PID] perf=27.007Hz  target=11.388Hz  err=-15.619Hz  corr=-329.65W  u_ff=142.1W  PCAP→78W  power=77.8W
[PID] perf=26.972Hz  target=11.388Hz  err=-15.584Hz  corr=-329.00W  u_ff=142.1W  PCAP→78W  power=78.4W
[PID] perf=26.993Hz  target=11.388Hz  err=-15.605Hz  corr=-329.40W  u_ff=142.1W  PCAP→78W  power=79.2W
[PID] perf=26.954Hz  target=11.388Hz  err=-15.566Hz  corr=-328.67W  u_ff=142.1W  PCAP→78W  power=77.9W
[PID] perf=26.938Hz  target=11.388Hz  err=-15.551Hz  corr=-328.38W  u_ff=142.1W  PCAP→78W  power=78.5W
[PID] perf=27.063Hz  target=11.388Hz  err=-15.675Hz  corr=-330.69W  u_ff=142.1W  PCAP→78W  power=76.5W
[PID] perf=27.051Hz  target=11.388Hz  err=-15.663Hz  corr=-330.47W  u_ff=142.1W  PCAP→78W  power=79.2W
[PID] perf=27.017Hz  target=11.388Hz  err=-15.629Hz  corr=-329.84W  u_ff=142.1W  PCAP→78W  power=79.0W
[PID] perf=27.031Hz  target=11.388Hz  err=-15.643Hz  corr=-330.09W  u_ff=142.1W  PCAP→78W  power=79.2W
[PID] perf=27.055Hz  target=11.388Hz  err=-15.667Hz  corr=-330.54W  u_ff=142.1W  PCAP→78W  power=76.5W
[PID] perf=27.012Hz  target=11.388Hz  err=-15.624Hz  corr=-329.74W  u_ff=142.1W  PCAP→78W  power=79.1W
[PID] perf=27.022Hz  target=11.388Hz  err=-15.634Hz  corr=-329.92W  u_ff=142.1W  PCAP→78W  power=78.8W
[PID] perf=27.040Hz  target=11.388Hz  err=-15.652Hz  corr=-330.26W  u_ff=142.1W  PCAP→78W  power=78.9W
[PID] perf=27.061Hz  target=11.388Hz  err=-15.673Hz  corr=-330.66W  u_ff=142.1W  PCAP→78W  power=77.3W
[PID] perf=27.050Hz  target=11.388Hz  err=-15.663Hz  corr=-330.46W  u_ff=142.1W  PCAP→78W  power=77.0W
[PID] perf=27.006Hz  target=11.388Hz  err=-15.618Hz  corr=-329.63W  u_ff=142.1W  PCAP→78W  power=76.8W
[PID] perf=27.016Hz  target=11.388Hz  err=-15.628Hz  corr=-329.82W  u_ff=142.1W  PCAP→78W  power=78.0W
[PID] perf=27.003Hz  target=11.388Hz  err=-15.616Hz  corr=-329.59W  u_ff=142.1W  PCAP→78W  power=79.1W
[PID] perf=27.040Hz  target=11.388Hz  err=-15.653Hz  corr=-330.27W  u_ff=142.1W  PCAP→78W  power=78.7W
[PID] perf=27.040Hz  target=11.388Hz  err=-15.652Hz  corr=-330.26W  u_ff=142.1W  PCAP→78W  power=76.5W
[PID] perf=27.080Hz  target=11.388Hz  err=-15.692Hz  corr=-331.01W  u_ff=142.1W  PCAP→78W  power=77.1W
[PID] perf=27.057Hz  target=11.388Hz  err=-15.669Hz  corr=-330.57W  u_ff=142.1W  PCAP→78W  power=76.4W
[PID] perf=26.999Hz  target=11.388Hz  err=-15.611Hz  corr=-329.50W  u_ff=142.1W  PCAP→78W  power=78.4W
[PID] perf=26.995Hz  target=11.388Hz  err=-15.607Hz  corr=-329.43W  u_ff=142.1W  PCAP→78W  power=78.5W
[PID] perf=27.069Hz  target=11.388Hz  err=-15.681Hz  corr=-330.81W  u_ff=142.1W  PCAP→78W  power=78.7W
[PID] perf=27.573Hz  target=11.388Hz  err=-16.185Hz  corr=-340.15W  u_ff=142.1W  PCAP→78W  power=78.5W
[PID] perf=27.634Hz  target=11.388Hz  err=-16.246Hz  corr=-341.28W  u_ff=142.1W  PCAP→78W  power=78.7W
[PID] perf=27.626Hz  target=11.388Hz  err=-16.239Hz  corr=-341.14W  u_ff=142.1W  PCAP→78W  power=78.1W
[PID] perf=27.617Hz  target=11.388Hz  err=-16.229Hz  corr=-340.96W  u_ff=142.1W  PCAP→78W  power=78.6W
[PID] perf=27.648Hz  target=11.388Hz  err=-16.261Hz  corr=-341.55W  u_ff=142.1W  PCAP→78W  power=77.6W
[PID] perf=27.620Hz  target=11.388Hz  err=-16.233Hz  corr=-341.03W  u_ff=142.1W  PCAP→78W  power=77.5W
[PID] perf=27.610Hz  target=11.388Hz  err=-16.222Hz  corr=-340.84W  u_ff=142.1W  PCAP→78W  power=77.8W
[PID] perf=27.606Hz  target=11.388Hz  err=-16.218Hz  corr=-340.77W  u_ff=142.1W  PCAP→78W  power=77.9W
[PID] perf=27.617Hz  target=11.388Hz  err=-16.229Hz  corr=-340.97W  u_ff=142.1W  PCAP→78W  power=77.0W
[PID] perf=27.633Hz  target=11.388Hz  err=-16.245Hz  corr=-341.27W  u_ff=142.1W  PCAP→78W  power=79.3W
[PID] perf=27.642Hz  target=11.388Hz  err=-16.254Hz  corr=-341.42W  u_ff=142.1W  PCAP→78W  power=79.1W
[PID] perf=27.625Hz  target=11.388Hz  err=-16.237Hz  corr=-341.11W  u_ff=142.1W  PCAP→78W  power=79.4W
[PID] perf=27.657Hz  target=11.388Hz  err=-16.269Hz  corr=-341.70W  u_ff=142.1W  PCAP→78W  power=78.7W
[PID] perf=27.655Hz  target=11.388Hz  err=-16.267Hz  corr=-341.67W  u_ff=142.1W  PCAP→78W  power=76.9W
[PID] perf=27.631Hz  target=11.388Hz  err=-16.244Hz  corr=-341.23W  u_ff=142.1W  PCAP→78W  power=78.5W
[PID] perf=27.667Hz  target=11.388Hz  err=-16.279Hz  corr=-341.89W  u_ff=142.1W  PCAP→78W  power=78.6W
[PID] perf=27.688Hz  target=11.388Hz  err=-16.300Hz  corr=-342.28W  u_ff=142.1W  PCAP→78W  power=78.4W
[PID] perf=27.529Hz  target=11.388Hz  err=-16.141Hz  corr=-339.33W  u_ff=142.1W  PCAP→78W  power=78.0W
[PID] perf=27.673Hz  target=11.388Hz  err=-16.285Hz  corr=-342.00W  u_ff=142.1W  PCAP→78W  power=77.4W
[PID] perf=27.666Hz  target=11.388Hz  err=-16.279Hz  corr=-341.88W  u_ff=142.1W  PCAP→78W  power=76.8W
[PID] perf=27.671Hz  target=11.388Hz  err=-16.283Hz  corr=-341.97W  u_ff=142.1W  PCAP→78W  power=76.1W
[PID] perf=27.692Hz  target=11.388Hz  err=-16.304Hz  corr=-342.35W  u_ff=142.1W  PCAP→78W  power=78.3W
[PID] perf=27.645Hz  target=11.388Hz  err=-16.258Hz  corr=-341.49W  u_ff=142.1W  PCAP→78W  power=78.8W
[PID] perf=27.658Hz  target=11.388Hz  err=-16.270Hz  corr=-341.72W  u_ff=142.1W  PCAP→78W  power=78.6W
[PID] perf=27.733Hz  target=11.388Hz  err=-16.345Hz  corr=-343.11W  u_ff=142.1W  PCAP→78W  power=79.3W
[PID] perf=27.676Hz  target=11.388Hz  err=-16.288Hz  corr=-342.06W  u_ff=142.1W  PCAP→78W  power=79.1W
[PID] perf=27.684Hz  target=11.388Hz  err=-16.296Hz  corr=-342.20W  u_ff=142.1W  PCAP→78W  power=78.3W
[PID] perf=27.731Hz  target=11.388Hz  err=-16.343Hz  corr=-343.08W  u_ff=142.1W  PCAP→78W  power=78.6W
[PID] perf=27.695Hz  target=11.388Hz  err=-16.307Hz  corr=-342.41W  u_ff=142.1W  PCAP→78W  power=77.4W
[PID] perf=27.717Hz  target=11.388Hz  err=-16.329Hz  corr=-342.82W  u_ff=142.1W  PCAP→78W  power=77.5W
[PID] perf=26.216Hz  target=11.388Hz  err=-14.829Hz  corr=-314.99W  u_ff=142.1W  PCAP→78W  power=76.9W
[PID] perf=26.289Hz  target=11.388Hz  err=-14.901Hz  corr=-316.34W  u_ff=142.1W  PCAP→78W  power=76.9W
[PID] perf=26.284Hz  target=11.388Hz  err=-14.896Hz  corr=-316.25W  u_ff=142.1W  PCAP→78W  power=78.4W
[PID] perf=26.318Hz  target=11.388Hz  err=-14.930Hz  corr=-316.88W  u_ff=142.1W  PCAP→78W  power=78.9W
[PID] perf=26.314Hz  target=11.388Hz  err=-14.927Hz  corr=-316.81W  u_ff=142.1W  PCAP→78W  power=77.7W
[PID] perf=26.362Hz  target=11.388Hz  err=-14.974Hz  corr=-317.69W  u_ff=142.1W  PCAP→78W  power=77.5W
[PID] perf=26.357Hz  target=11.388Hz  err=-14.969Hz  corr=-317.60W  u_ff=142.1W  PCAP→78W  power=78.5W
[PID] perf=26.353Hz  target=11.388Hz  err=-14.965Hz  corr=-317.52W  u_ff=142.1W  PCAP→78W  power=78.9W
[PID] perf=26.347Hz  target=11.388Hz  err=-14.959Hz  corr=-317.41W  u_ff=142.1W  PCAP→78W  power=79.1W
[PID] perf=26.354Hz  target=11.388Hz  err=-14.967Hz  corr=-317.55W  u_ff=142.1W  PCAP→78W  power=79.2W
[PID] perf=26.336Hz  target=11.388Hz  err=-14.948Hz  corr=-317.21W  u_ff=142.1W  PCAP→78W  power=77.2W
[PID] perf=26.316Hz  target=11.388Hz  err=-14.928Hz  corr=-316.84W  u_ff=142.1W  PCAP→78W  power=76.7W
[PID] perf=26.326Hz  target=11.388Hz  err=-14.938Hz  corr=-317.02W  u_ff=142.1W  PCAP→78W  power=77.5W
[PID] perf=26.305Hz  target=11.388Hz  err=-14.917Hz  corr=-316.63W  u_ff=142.1W  PCAP→78W  power=78.6W
[PID] perf=26.326Hz  target=11.388Hz  err=-14.938Hz  corr=-317.03W  u_ff=142.1W  PCAP→78W  power=78.9W
[PID] perf=26.884Hz  target=11.388Hz  err=-15.496Hz  corr=-327.36W  u_ff=142.1W  PCAP→78W  power=76.9W
[PID] perf=26.954Hz  target=11.388Hz  err=-15.567Hz  corr=-328.68W  u_ff=142.1W  PCAP→78W  power=77.6W
[PID] perf=26.933Hz  target=11.388Hz  err=-15.546Hz  corr=-328.29W  u_ff=142.1W  PCAP→78W  power=78.1W
[PID] perf=26.943Hz  target=11.388Hz  err=-15.556Hz  corr=-328.47W  u_ff=142.1W  PCAP→78W  power=79.0W
[PID] perf=26.907Hz  target=11.388Hz  err=-15.519Hz  corr=-327.80W  u_ff=142.1W  PCAP→78W  power=77.3W
[PID] perf=26.935Hz  target=11.388Hz  err=-15.547Hz  corr=-328.32W  u_ff=142.1W  PCAP→78W  power=78.1W
[PID] perf=26.940Hz  target=11.388Hz  err=-15.552Hz  corr=-328.41W  u_ff=142.1W  PCAP→78W  power=77.4W
[PID] perf=26.948Hz  target=11.388Hz  err=-15.560Hz  corr=-328.55W  u_ff=142.1W  PCAP→78W  power=77.3W
[PID] perf=26.921Hz  target=11.388Hz  err=-15.534Hz  corr=-328.07W  u_ff=142.1W  PCAP→78W  power=77.7W
[PID] perf=26.962Hz  target=11.388Hz  err=-15.574Hz  corr=-328.81W  u_ff=142.1W  PCAP→78W  power=79.0W
[PID] perf=26.998Hz  target=11.388Hz  err=-15.610Hz  corr=-329.48W  u_ff=142.1W  PCAP→78W  power=75.9W
[PID] perf=26.982Hz  target=11.388Hz  err=-15.594Hz  corr=-329.18W  u_ff=142.1W  PCAP→78W  power=76.9W
[PID] perf=27.008Hz  target=11.388Hz  err=-15.620Hz  corr=-329.67W  u_ff=142.1W  PCAP→78W  power=78.5W
[PID] perf=26.993Hz  target=11.388Hz  err=-15.605Hz  corr=-329.39W  u_ff=142.1W  PCAP→78W  power=78.7W
[PID] perf=27.006Hz  target=11.388Hz  err=-15.618Hz  corr=-329.63W  u_ff=142.1W  PCAP→78W  power=78.9W
[PID] perf=26.998Hz  target=11.388Hz  err=-15.610Hz  corr=-329.49W  u_ff=142.1W  PCAP→78W  power=77.7W
[PID] perf=27.014Hz  target=11.388Hz  err=-15.626Hz  corr=-329.79W  u_ff=142.1W  PCAP→78W  power=76.2W
[PID] perf=27.016Hz  target=11.388Hz  err=-15.628Hz  corr=-329.82W  u_ff=142.1W  PCAP→78W  power=76.4W
[PID] perf=26.984Hz  target=11.388Hz  err=-15.597Hz  corr=-329.23W  u_ff=142.1W  PCAP→78W  power=77.8W
[PID] perf=27.013Hz  target=11.388Hz  err=-15.626Hz  corr=-329.77W  u_ff=142.1W  PCAP→78W  power=79.2W
[PID] perf=27.019Hz  target=11.388Hz  err=-15.631Hz  corr=-329.87W  u_ff=142.1W  PCAP→78W  power=76.8W
[PID] perf=27.002Hz  target=11.388Hz  err=-15.614Hz  corr=-329.56W  u_ff=142.1W  PCAP→78W  power=77.8W
[PID] perf=27.006Hz  target=11.388Hz  err=-15.619Hz  corr=-329.64W  u_ff=142.1W  PCAP→78W  power=78.2W
[PID] perf=27.029Hz  target=11.388Hz  err=-15.641Hz  corr=-330.06W  u_ff=142.1W  PCAP→78W  power=76.3W
[PID] perf=27.024Hz  target=11.388Hz  err=-15.636Hz  corr=-329.97W  u_ff=142.1W  PCAP→78W  power=78.3W
[PID] perf=27.006Hz  target=11.388Hz  err=-15.618Hz  corr=-329.63W  u_ff=142.1W  PCAP→78W  power=78.7W
[PID] perf=26.981Hz  target=11.388Hz  err=-15.593Hz  corr=-329.17W  u_ff=142.1W  PCAP→78W  power=77.4W
[PID] perf=26.985Hz  target=11.388Hz  err=-15.597Hz  corr=-329.24W  u_ff=142.1W  PCAP→78W  power=78.7W
[PID] perf=26.967Hz  target=11.388Hz  err=-15.579Hz  corr=-328.91W  u_ff=142.1W  PCAP→78W  power=77.0W
[PID] perf=27.009Hz  target=11.388Hz  err=-15.621Hz  corr=-329.69W  u_ff=142.1W  PCAP→78W  power=77.0W
[PID] perf=26.990Hz  target=11.388Hz  err=-15.603Hz  corr=-329.35W  u_ff=142.1W  PCAP→78W  power=77.5W
[PID] perf=26.973Hz  target=11.388Hz  err=-15.585Hz  corr=-329.03W  u_ff=142.1W  PCAP→78W  power=78.7W
[PID] perf=27.006Hz  target=11.388Hz  err=-15.619Hz  corr=-329.64W  u_ff=142.1W  PCAP→78W  power=79.2W
[PID] perf=26.949Hz  target=11.388Hz  err=-15.561Hz  corr=-328.58W  u_ff=142.1W  PCAP→78W  power=79.5W
[PID] perf=27.008Hz  target=11.388Hz  err=-15.620Hz  corr=-329.68W  u_ff=142.1W  PCAP→78W  power=79.1W
[PID] perf=26.976Hz  target=11.388Hz  err=-15.589Hz  corr=-329.09W  u_ff=142.1W  PCAP→78W  power=78.8W
[PID] perf=26.999Hz  target=11.388Hz  err=-15.611Hz  corr=-329.50W  u_ff=142.1W  PCAP→78W  power=76.6W
[PID] perf=27.003Hz  target=11.388Hz  err=-15.615Hz  corr=-329.57W  u_ff=142.1W  PCAP→78W  power=77.1W
[PID] perf=26.996Hz  target=11.388Hz  err=-15.609Hz  corr=-329.46W  u_ff=142.1W  PCAP→78W  power=79.0W
[PID] perf=27.017Hz  target=11.388Hz  err=-15.629Hz  corr=-329.83W  u_ff=142.1W  PCAP→78W  power=77.4W
[PID] perf=27.024Hz  target=11.388Hz  err=-15.636Hz  corr=-329.97W  u_ff=142.1W  PCAP→78W  power=76.9W
[PID] perf=27.033Hz  target=11.388Hz  err=-15.646Hz  corr=-330.14W  u_ff=142.1W  PCAP→78W  power=77.4W
[PID] perf=27.025Hz  target=11.388Hz  err=-15.638Hz  corr=-329.99W  u_ff=142.1W  PCAP→78W  power=77.0W
[PID] perf=27.013Hz  target=11.388Hz  err=-15.625Hz  corr=-329.76W  u_ff=142.1W  PCAP→78W  power=78.8W
[PID] perf=27.021Hz  target=11.388Hz  err=-15.633Hz  corr=-329.91W  u_ff=142.1W  PCAP→78W  power=79.2W
[PID] perf=27.019Hz  target=11.388Hz  err=-15.631Hz  corr=-329.88W  u_ff=142.1W  PCAP→78W  power=79.1W
[PID] perf=27.019Hz  target=11.388Hz  err=-15.631Hz  corr=-329.87W  u_ff=142.1W  PCAP→78W  power=77.8W
[PID] perf=26.981Hz  target=11.388Hz  err=-15.594Hz  corr=-329.18W  u_ff=142.1W  PCAP→78W  power=76.5W
[PID] perf=27.024Hz  target=11.388Hz  err=-15.637Hz  corr=-329.98W  u_ff=142.1W  PCAP→78W  power=76.4W
[PID] perf=26.979Hz  target=11.388Hz  err=-15.592Hz  corr=-329.14W  u_ff=142.1W  PCAP→78W  power=78.3W
[PID] perf=26.996Hz  target=11.388Hz  err=-15.608Hz  corr=-329.45W  u_ff=142.1W  PCAP→78W  power=78.6W
[PID] perf=27.024Hz  target=11.388Hz  err=-15.636Hz  corr=-329.97W  u_ff=142.1W  PCAP→78W  power=79.1W
[PID] perf=27.009Hz  target=11.388Hz  err=-15.621Hz  corr=-329.69W  u_ff=142.1W  PCAP→78W  power=77.7W
[PID] perf=27.054Hz  target=11.388Hz  err=-15.666Hz  corr=-330.52W  u_ff=142.1W  PCAP→78W  power=78.6W
[PID] perf=27.026Hz  target=11.388Hz  err=-15.639Hz  corr=-330.01W  u_ff=142.1W  PCAP→78W  power=78.0W
[PID] perf=27.012Hz  target=11.388Hz  err=-15.624Hz  corr=-329.75W  u_ff=142.1W  PCAP→78W  power=76.7W
[PID] perf=26.969Hz  target=11.388Hz  err=-15.581Hz  corr=-328.94W  u_ff=142.1W  PCAP→78W  power=78.5W
[PID] perf=27.018Hz  target=11.388Hz  err=-15.630Hz  corr=-329.86W  u_ff=142.1W  PCAP→78W  power=78.9W
[PID] perf=27.032Hz  target=11.388Hz  err=-15.645Hz  corr=-330.13W  u_ff=142.1W  PCAP→78W  power=78.4W
[PID] perf=27.013Hz  target=11.388Hz  err=-15.625Hz  corr=-329.76W  u_ff=142.1W  PCAP→78W  power=77.7W
[PID] perf=26.982Hz  target=11.388Hz  err=-15.594Hz  corr=-329.19W  u_ff=142.1W  PCAP→78W  power=77.4W
[PID] perf=27.057Hz  target=11.388Hz  err=-15.669Hz  corr=-330.58W  u_ff=142.1W  PCAP→78W  power=77.2W
[PID] perf=27.007Hz  target=11.388Hz  err=-15.619Hz  corr=-329.66W  u_ff=142.1W  PCAP→78W  power=76.5W
[PID] perf=27.021Hz  target=11.388Hz  err=-15.634Hz  corr=-329.92W  u_ff=142.1W  PCAP→78W  power=77.1W
[PID] perf=27.020Hz  target=11.388Hz  err=-15.633Hz  corr=-329.90W  u_ff=142.1W  PCAP→78W  power=77.2W
[PID] perf=27.029Hz  target=11.388Hz  err=-15.641Hz  corr=-330.06W  u_ff=142.1W  PCAP→78W  power=78.6W
[PID] perf=27.008Hz  target=11.388Hz  err=-15.620Hz  corr=-329.67W  u_ff=142.1W  PCAP→78W  power=77.4W
[PID] perf=27.002Hz  target=11.388Hz  err=-15.615Hz  corr=-329.57W  u_ff=142.1W  PCAP→78W  power=76.8W
[PID] perf=27.019Hz  target=11.388Hz  err=-15.631Hz  corr=-329.87W  u_ff=142.1W  PCAP→78W  power=78.0W
[PID] perf=26.983Hz  target=11.388Hz  err=-15.595Hz  corr=-329.20W  u_ff=142.1W  PCAP→78W  power=79.2W
[PID] perf=26.981Hz  target=11.388Hz  err=-15.594Hz  corr=-329.18W  u_ff=142.1W  PCAP→78W  power=78.5W
[PID] perf=26.961Hz  target=11.388Hz  err=-15.573Hz  corr=-328.80W  u_ff=142.1W  PCAP→78W  power=77.3W
[PID] perf=26.957Hz  target=11.388Hz  err=-15.569Hz  corr=-328.72W  u_ff=142.1W  PCAP→78W  power=77.0W
[PID] perf=26.988Hz  target=11.388Hz  err=-15.600Hz  corr=-329.29W  u_ff=142.1W  PCAP→78W  power=76.5W
[PID] perf=26.965Hz  target=11.388Hz  err=-15.577Hz  corr=-328.88W  u_ff=142.1W  PCAP→78W  power=78.5W
[PID] perf=26.987Hz  target=11.388Hz  err=-15.599Hz  corr=-329.28W  u_ff=142.1W  PCAP→78W  power=77.9W
[PID] perf=27.028Hz  target=11.388Hz  err=-15.640Hz  corr=-330.04W  u_ff=142.1W  PCAP→78W  power=79.3W
[PID] perf=27.005Hz  target=11.388Hz  err=-15.617Hz  corr=-329.61W  u_ff=142.1W  PCAP→78W  power=79.1W
[PID] perf=26.991Hz  target=11.388Hz  err=-15.603Hz  corr=-329.36W  u_ff=142.1W  PCAP→78W  power=76.8W
[PID] perf=26.999Hz  target=11.388Hz  err=-15.611Hz  corr=-329.50W  u_ff=142.1W  PCAP→78W  power=76.2W
[PID] perf=26.981Hz  target=11.388Hz  err=-15.594Hz  corr=-329.18W  u_ff=142.1W  PCAP→78W  power=78.2W
[PID] perf=27.019Hz  target=11.388Hz  err=-15.631Hz  corr=-329.88W  u_ff=142.1W  PCAP→78W  power=76.9W
[PID] perf=35.125Hz  target=11.388Hz  err=-23.738Hz  corr=-480.21W  u_ff=142.1W  PCAP→78W  power=78.7W
[PID] perf=44.532Hz  target=11.388Hz  err=-33.144Hz  corr=-654.65W  u_ff=142.1W  PCAP→78W  power=77.1W
[PID] perf=17.177Hz  target=11.388Hz  err=-5.790Hz  corr=-147.37W  u_ff=142.1W  PCAP→78W  power=78.8W
[PID] perf=16.766Hz  target=11.388Hz  err=-5.378Hz  corr=-139.73W  u_ff=142.1W  PCAP→78W  power=77.4W
[PID] perf=25.673Hz  target=11.388Hz  err=-14.285Hz  corr=-304.92W  u_ff=142.1W  PCAP→78W  power=78.4W
[PID] perf=25.720Hz  target=11.388Hz  err=-14.333Hz  corr=-305.79W  u_ff=142.1W  PCAP→78W  power=78.8W
[PID] perf=25.774Hz  target=11.388Hz  err=-14.386Hz  corr=-306.78W  u_ff=142.1W  PCAP→78W  power=76.3W
[PID] perf=25.498Hz  target=11.388Hz  err=-14.111Hz  corr=-301.68W  u_ff=142.1W  PCAP→78W  power=77.2W
[PID] perf=25.064Hz  target=11.388Hz  err=-13.676Hz  corr=-293.63W  u_ff=142.1W  PCAP→78W  power=77.5W
[PID] perf=25.594Hz  target=11.388Hz  err=-14.206Hz  corr=-303.45W  u_ff=142.1W  PCAP→78W  power=76.4W
[PID] perf=25.599Hz  target=11.388Hz  err=-14.211Hz  corr=-303.55W  u_ff=142.1W  PCAP→78W  power=77.9W
[PID] perf=25.600Hz  target=11.388Hz  err=-14.212Hz  corr=-303.57W  u_ff=142.1W  PCAP→78W  power=77.6W
[PID] perf=25.636Hz  target=11.388Hz  err=-14.249Hz  corr=-304.24W  u_ff=142.1W  PCAP→78W  power=78.0W
[PID] perf=25.605Hz  target=11.388Hz  err=-14.218Hz  corr=-303.66W  u_ff=142.1W  PCAP→78W  power=78.8W
[PID] perf=25.593Hz  target=11.388Hz  err=-14.205Hz  corr=-303.43W  u_ff=142.1W  PCAP→78W  power=77.8W
[PID] perf=25.639Hz  target=11.388Hz  err=-14.251Hz  corr=-304.28W  u_ff=142.1W  PCAP→78W  power=77.8W
[PID] perf=25.589Hz  target=11.388Hz  err=-14.201Hz  corr=-303.36W  u_ff=142.1W  PCAP→78W  power=77.2W
[PID] perf=25.604Hz  target=11.388Hz  err=-14.216Hz  corr=-303.64W  u_ff=142.1W  PCAP→78W  power=76.8W
[PID] perf=25.541Hz  target=11.388Hz  err=-14.153Hz  corr=-302.46W  u_ff=142.1W  PCAP→78W  power=78.9W
[PID] perf=25.533Hz  target=11.388Hz  err=-14.146Hz  corr=-302.33W  u_ff=142.1W  PCAP→78W  power=75.9W
[PID] perf=25.676Hz  target=11.388Hz  err=-14.288Hz  corr=-304.97W  u_ff=142.1W  PCAP→78W  power=77.1W
[PID] perf=25.549Hz  target=11.388Hz  err=-14.162Hz  corr=-302.62W  u_ff=142.1W  PCAP→78W  power=77.7W
[PID] perf=25.669Hz  target=11.388Hz  err=-14.282Hz  corr=-304.85W  u_ff=142.1W  PCAP→78W  power=78.6W
[PID] perf=25.605Hz  target=11.388Hz  err=-14.217Hz  corr=-303.65W  u_ff=142.1W  PCAP→78W  power=77.6W
[PID] perf=25.618Hz  target=11.388Hz  err=-14.230Hz  corr=-303.89W  u_ff=142.1W  PCAP→78W  power=79.3W
[PID] perf=25.639Hz  target=11.388Hz  err=-14.251Hz  corr=-304.28W  u_ff=142.1W  PCAP→78W  power=77.1W
[PID] perf=25.637Hz  target=11.388Hz  err=-14.249Hz  corr=-304.25W  u_ff=142.1W  PCAP→78W  power=77.3W
[PID] perf=25.661Hz  target=11.388Hz  err=-14.273Hz  corr=-304.69W  u_ff=142.1W  PCAP→78W  power=79.1W
[PID] perf=25.567Hz  target=11.388Hz  err=-14.179Hz  corr=-302.95W  u_ff=142.1W  PCAP→78W  power=77.2W
[PID] perf=25.484Hz  target=11.388Hz  err=-14.096Hz  corr=-301.41W  u_ff=142.1W  PCAP→78W  power=76.5W
[PID] perf=25.695Hz  target=11.388Hz  err=-14.307Hz  corr=-305.32W  u_ff=142.1W  PCAP→78W  power=78.8W
[PID] perf=25.679Hz  target=11.388Hz  err=-14.291Hz  corr=-305.03W  u_ff=142.1W  PCAP→78W  power=77.3W
[PID] perf=25.692Hz  target=11.388Hz  err=-14.304Hz  corr=-305.27W  u_ff=142.1W  PCAP→78W  power=77.9W
[PID] perf=25.667Hz  target=11.388Hz  err=-14.279Hz  corr=-304.80W  u_ff=142.1W  PCAP→78W  power=77.7W
[PID] perf=25.661Hz  target=11.388Hz  err=-14.273Hz  corr=-304.69W  u_ff=142.1W  PCAP→78W  power=76.6W
[PID] perf=25.683Hz  target=11.388Hz  err=-14.295Hz  corr=-305.10W  u_ff=142.1W  PCAP→78W  power=78.5W
[PID] perf=25.692Hz  target=11.388Hz  err=-14.305Hz  corr=-305.27W  u_ff=142.1W  PCAP→78W  power=78.3W
[PID] perf=25.674Hz  target=11.388Hz  err=-14.287Hz  corr=-304.94W  u_ff=142.1W  PCAP→78W  power=78.6W
[PID] perf=25.690Hz  target=11.388Hz  err=-14.302Hz  corr=-305.22W  u_ff=142.1W  PCAP→78W  power=79.0W
[PID] perf=25.684Hz  target=11.388Hz  err=-14.297Hz  corr=-305.13W  u_ff=142.1W  PCAP→78W  power=77.4W
[PID] perf=25.662Hz  target=11.388Hz  err=-14.274Hz  corr=-304.71W  u_ff=142.1W  PCAP→78W  power=76.7W
[PID] perf=25.678Hz  target=11.388Hz  err=-14.291Hz  corr=-305.01W  u_ff=142.1W  PCAP→78W  power=77.4W
[PID] perf=25.648Hz  target=11.388Hz  err=-14.260Hz  corr=-304.45W  u_ff=142.1W  PCAP→78W  power=78.5W
[PID] perf=25.650Hz  target=11.388Hz  err=-14.263Hz  corr=-304.50W  u_ff=142.1W  PCAP→78W  power=76.2W
[PID] perf=25.649Hz  target=11.388Hz  err=-14.261Hz  corr=-304.46W  u_ff=142.1W  PCAP→78W  power=78.0W
[PID] perf=25.662Hz  target=11.388Hz  err=-14.274Hz  corr=-304.71W  u_ff=142.1W  PCAP→78W  power=76.4W
[PID] perf=25.669Hz  target=11.388Hz  err=-14.282Hz  corr=-304.85W  u_ff=142.1W  PCAP→78W  power=77.4W
[PID] perf=25.644Hz  target=11.388Hz  err=-14.257Hz  corr=-304.39W  u_ff=142.1W  PCAP→78W  power=78.9W
[PID] perf=25.634Hz  target=11.388Hz  err=-14.246Hz  corr=-304.19W  u_ff=142.1W  PCAP→78W  power=78.1W
[PID] perf=25.665Hz  target=11.388Hz  err=-14.277Hz  corr=-304.76W  u_ff=142.1W  PCAP→78W  power=76.6W
[PID] perf=25.643Hz  target=11.388Hz  err=-14.255Hz  corr=-304.35W  u_ff=142.1W  PCAP→78W  power=78.8W
[PID] perf=25.659Hz  target=11.388Hz  err=-14.271Hz  corr=-304.65W  u_ff=142.1W  PCAP→78W  power=78.6W
[PID] perf=25.672Hz  target=11.388Hz  err=-14.285Hz  corr=-304.90W  u_ff=142.1W  PCAP→78W  power=77.5W
[PID] perf=25.663Hz  target=11.388Hz  err=-14.275Hz  corr=-304.73W  u_ff=142.1W  PCAP→78W  power=77.1W
[PID] perf=25.671Hz  target=11.388Hz  err=-14.283Hz  corr=-304.87W  u_ff=142.1W  PCAP→78W  power=77.1W
[PID] perf=25.653Hz  target=11.388Hz  err=-14.265Hz  corr=-304.55W  u_ff=142.1W  PCAP→78W  power=78.1W
[PID] perf=25.668Hz  target=11.388Hz  err=-14.280Hz  corr=-304.81W  u_ff=142.1W  PCAP→78W  power=79.0W
[PID] perf=25.657Hz  target=11.388Hz  err=-14.270Hz  corr=-304.63W  u_ff=142.1W  PCAP→78W  power=78.6W
[PID] perf=25.636Hz  target=11.388Hz  err=-14.248Hz  corr=-304.23W  u_ff=142.1W  PCAP→78W  power=76.9W
[PID] perf=25.667Hz  target=11.388Hz  err=-14.279Hz  corr=-304.81W  u_ff=142.1W  PCAP→78W  power=78.2W
[PID] perf=25.652Hz  target=11.388Hz  err=-14.264Hz  corr=-304.53W  u_ff=142.1W  PCAP→78W  power=77.9W
[PID] perf=25.682Hz  target=11.388Hz  err=-14.294Hz  corr=-305.08W  u_ff=142.1W  PCAP→78W  power=78.2W
[PID] perf=25.669Hz  target=11.388Hz  err=-14.281Hz  corr=-304.84W  u_ff=142.1W  PCAP→78W  power=79.5W
[PID] perf=25.636Hz  target=11.388Hz  err=-14.248Hz  corr=-304.22W  u_ff=142.1W  PCAP→78W  power=78.4W
[PID] perf=26.706Hz  target=11.388Hz  err=-15.318Hz  corr=-324.07W  u_ff=142.1W  PCAP→78W  power=77.2W
[PID] perf=26.919Hz  target=11.388Hz  err=-15.531Hz  corr=-328.01W  u_ff=142.1W  PCAP→78W  power=76.6W
[PID] perf=26.930Hz  target=11.388Hz  err=-15.543Hz  corr=-328.24W  u_ff=142.1W  PCAP→78W  power=78.3W
[PID] perf=26.934Hz  target=11.388Hz  err=-15.546Hz  corr=-328.29W  u_ff=142.1W  PCAP→78W  power=78.8W
[PID] perf=26.876Hz  target=11.388Hz  err=-15.488Hz  corr=-327.22W  u_ff=142.1W  PCAP→78W  power=76.4W
[PID] perf=26.893Hz  target=11.388Hz  err=-15.506Hz  corr=-327.55W  u_ff=142.1W  PCAP→78W  power=77.5W
[PID] perf=26.906Hz  target=11.388Hz  err=-15.518Hz  corr=-327.78W  u_ff=142.1W  PCAP→78W  power=77.7W
[PID] perf=26.874Hz  target=11.388Hz  err=-15.486Hz  corr=-327.18W  u_ff=142.1W  PCAP→78W  power=76.9W
Process completed.
Compressed into /home/cc/summer2024/main_codes/pid_controller/../experiment_data/PID_Control_sweep/ones-npb-cg/compressed_iteration_20260513_165708.tar
----------------------------------

>>> Step 2/3

[ones-npb-cg]
  target perf      : 11.3877 Hz
  coefficients_perf: [-0.0006547837485238978, 0.18607436314256556, -1.8317688501798497]
  feedforward PCAP : 142.07 W  →  141 W (snapped)
  Perf(u_ff) check : 11.3877 Hz  (should ≈ target)
  PID gains        : Kp=18.5447 W/Hz  Ki=1.85447 W/(Hz·s)  Kd=0.0000
[PID] Awaiting data — feedforward PCAP=141W
[PID] Awaiting data — feedforward PCAP=141W
[PID] Awaiting data — feedforward PCAP=141W
[PID] Awaiting data — feedforward PCAP=141W
[PID] Awaiting data — feedforward PCAP=141W
[PID] Awaiting data — feedforward PCAP=141W
[PID] perf=20.295Hz  target=11.388Hz  err=-8.908Hz  corr=-198.23W  u_ff=142.1W  PCAP→78W  power=nanW
[PID] perf=18.122Hz  target=11.388Hz  err=-6.735Hz  corr=-164.89W  u_ff=142.1W  PCAP→78W  power=77.0W
[PID] perf=18.121Hz  target=11.388Hz  err=-6.734Hz  corr=-164.87W  u_ff=142.1W  PCAP→78W  power=76.7W
[PID] perf=18.111Hz  target=11.388Hz  err=-6.724Hz  corr=-164.69W  u_ff=142.1W  PCAP→78W  power=76.6W
[PID] perf=18.118Hz  target=11.388Hz  err=-6.730Hz  corr=-164.80W  u_ff=142.1W  PCAP→78W  power=78.9W
[PID] perf=18.102Hz  target=11.388Hz  err=-6.714Hz  corr=-164.51W  u_ff=142.1W  PCAP→78W  power=77.6W
[PID] perf=18.101Hz  target=11.388Hz  err=-6.714Hz  corr=-164.50W  u_ff=142.1W  PCAP→78W  power=78.6W
[PID] perf=18.109Hz  target=11.388Hz  err=-6.721Hz  corr=-164.64W  u_ff=142.1W  PCAP→78W  power=78.2W
[PID] perf=18.107Hz  target=11.388Hz  err=-6.719Hz  corr=-164.60W  u_ff=142.1W  PCAP→78W  power=78.9W
[PID] perf=18.109Hz  target=11.388Hz  err=-6.722Hz  corr=-164.65W  u_ff=142.1W  PCAP→78W  power=78.2W
[PID] perf=18.109Hz  target=11.388Hz  err=-6.721Hz  corr=-164.63W  u_ff=142.1W  PCAP→78W  power=78.1W
[PID] perf=18.092Hz  target=11.388Hz  err=-6.704Hz  corr=-164.33W  u_ff=142.1W  PCAP→78W  power=77.0W
[PID] perf=18.082Hz  target=11.388Hz  err=-6.694Hz  corr=-164.14W  u_ff=142.1W  PCAP→78W  power=76.6W
[PID] perf=18.088Hz  target=11.388Hz  err=-6.701Hz  corr=-164.26W  u_ff=142.1W  PCAP→78W  power=76.8W
[PID] perf=18.111Hz  target=11.388Hz  err=-6.723Hz  corr=-164.68W  u_ff=142.1W  PCAP→78W  power=78.6W
[PID] perf=18.116Hz  target=11.388Hz  err=-6.728Hz  corr=-164.77W  u_ff=142.1W  PCAP→78W  power=77.3W
[PID] perf=18.135Hz  target=11.388Hz  err=-6.747Hz  corr=-165.12W  u_ff=142.1W  PCAP→78W  power=76.9W
[PID] perf=18.124Hz  target=11.388Hz  err=-6.736Hz  corr=-164.91W  u_ff=142.1W  PCAP→78W  power=78.8W
[PID] perf=18.128Hz  target=11.388Hz  err=-6.741Hz  corr=-165.00W  u_ff=142.1W  PCAP→78W  power=79.1W
[PID] perf=18.047Hz  target=11.388Hz  err=-6.660Hz  corr=-163.50W  u_ff=142.1W  PCAP→78W  power=78.1W
[PID] perf=18.062Hz  target=11.388Hz  err=-6.675Hz  corr=-163.78W  u_ff=142.1W  PCAP→78W  power=78.7W
[PID] perf=18.105Hz  target=11.388Hz  err=-6.717Hz  corr=-164.57W  u_ff=142.1W  PCAP→78W  power=77.1W
[PID] perf=18.135Hz  target=11.388Hz  err=-6.747Hz  corr=-165.12W  u_ff=142.1W  PCAP→78W  power=78.1W
[PID] perf=18.118Hz  target=11.388Hz  err=-6.730Hz  corr=-164.81W  u_ff=142.1W  PCAP→78W  power=76.7W
[PID] perf=18.104Hz  target=11.388Hz  err=-6.717Hz  corr=-164.56W  u_ff=142.1W  PCAP→78W  power=78.4W
[PID] perf=18.143Hz  target=11.388Hz  err=-6.755Hz  corr=-165.27W  u_ff=142.1W  PCAP→78W  power=78.8W
[PID] perf=18.108Hz  target=11.388Hz  err=-6.720Hz  corr=-164.62W  u_ff=142.1W  PCAP→78W  power=77.1W
[PID] perf=18.140Hz  target=11.388Hz  err=-6.752Hz  corr=-165.22W  u_ff=142.1W  PCAP→78W  power=77.5W
[PID] perf=18.142Hz  target=11.388Hz  err=-6.755Hz  corr=-165.26W  u_ff=142.1W  PCAP→78W  power=78.8W
[PID] perf=18.160Hz  target=11.388Hz  err=-6.772Hz  corr=-165.59W  u_ff=142.1W  PCAP→78W  power=76.8W
[PID] perf=18.163Hz  target=11.388Hz  err=-6.775Hz  corr=-165.65W  u_ff=142.1W  PCAP→78W  power=79.0W
[PID] perf=18.163Hz  target=11.388Hz  err=-6.775Hz  corr=-165.64W  u_ff=142.1W  PCAP→78W  power=77.1W
[PID] perf=18.134Hz  target=11.388Hz  err=-6.746Hz  corr=-165.10W  u_ff=142.1W  PCAP→78W  power=77.0W
[PID] perf=18.121Hz  target=11.388Hz  err=-6.733Hz  corr=-164.86W  u_ff=142.1W  PCAP→78W  power=77.2W
[PID] perf=18.156Hz  target=11.388Hz  err=-6.768Hz  corr=-165.51W  u_ff=142.1W  PCAP→78W  power=77.5W
[PID] perf=18.126Hz  target=11.388Hz  err=-6.738Hz  corr=-164.96W  u_ff=142.1W  PCAP→78W  power=76.8W
[PID] perf=18.124Hz  target=11.388Hz  err=-6.736Hz  corr=-164.92W  u_ff=142.1W  PCAP→78W  power=77.9W
[PID] perf=18.142Hz  target=11.388Hz  err=-6.754Hz  corr=-165.25W  u_ff=142.1W  PCAP→78W  power=78.6W
[PID] perf=18.131Hz  target=11.388Hz  err=-6.743Hz  corr=-165.04W  u_ff=142.1W  PCAP→78W  power=79.1W
[PID] perf=18.128Hz  target=11.388Hz  err=-6.740Hz  corr=-164.99W  u_ff=142.1W  PCAP→78W  power=77.1W
[PID] perf=18.138Hz  target=11.388Hz  err=-6.751Hz  corr=-165.19W  u_ff=142.1W  PCAP→78W  power=79.2W
[PID] perf=18.120Hz  target=11.388Hz  err=-6.732Hz  corr=-164.84W  u_ff=142.1W  PCAP→78W  power=77.5W
[PID] perf=18.137Hz  target=11.388Hz  err=-6.749Hz  corr=-165.16W  u_ff=142.1W  PCAP→78W  power=79.3W
[PID] perf=18.128Hz  target=11.388Hz  err=-6.740Hz  corr=-164.99W  u_ff=142.1W  PCAP→78W  power=77.6W
[PID] perf=18.128Hz  target=11.388Hz  err=-6.740Hz  corr=-164.99W  u_ff=142.1W  PCAP→78W  power=77.2W
[PID] perf=18.134Hz  target=11.388Hz  err=-6.747Hz  corr=-165.12W  u_ff=142.1W  PCAP→78W  power=77.5W
[PID] perf=18.118Hz  target=11.388Hz  err=-6.730Hz  corr=-164.81W  u_ff=142.1W  PCAP→78W  power=76.8W
[PID] perf=18.120Hz  target=11.388Hz  err=-6.732Hz  corr=-164.85W  u_ff=142.1W  PCAP→78W  power=78.0W
[PID] perf=18.067Hz  target=11.388Hz  err=-6.679Hz  corr=-163.87W  u_ff=142.1W  PCAP→78W  power=77.2W
[PID] perf=18.080Hz  target=11.388Hz  err=-6.692Hz  corr=-164.10W  u_ff=142.1W  PCAP→78W  power=77.2W
[PID] perf=18.119Hz  target=11.388Hz  err=-6.731Hz  corr=-164.82W  u_ff=142.1W  PCAP→78W  power=78.4W
[PID] perf=18.009Hz  target=11.388Hz  err=-6.622Hz  corr=-162.79W  u_ff=142.1W  PCAP→78W  power=77.8W
[PID] perf=18.115Hz  target=11.388Hz  err=-6.727Hz  corr=-164.76W  u_ff=142.1W  PCAP→78W  power=78.1W
[PID] perf=18.136Hz  target=11.388Hz  err=-6.748Hz  corr=-165.14W  u_ff=142.1W  PCAP→78W  power=78.6W
[PID] perf=18.132Hz  target=11.388Hz  err=-6.744Hz  corr=-165.07W  u_ff=142.1W  PCAP→78W  power=77.3W
[PID] perf=18.125Hz  target=11.388Hz  err=-6.737Hz  corr=-164.94W  u_ff=142.1W  PCAP→78W  power=78.9W
[PID] perf=18.154Hz  target=11.388Hz  err=-6.767Hz  corr=-165.49W  u_ff=142.1W  PCAP→78W  power=79.4W
[PID] perf=23.814Hz  target=11.388Hz  err=-12.426Hz  corr=-270.44W  u_ff=142.1W  PCAP→78W  power=76.8W
[PID] perf=28.909Hz  target=11.388Hz  err=-17.521Hz  corr=-364.92W  u_ff=142.1W  PCAP→78W  power=78.2W
[PID] perf=29.325Hz  target=11.388Hz  err=-17.937Hz  corr=-372.64W  u_ff=142.1W  PCAP→78W  power=78.5W
[PID] perf=29.380Hz  target=11.388Hz  err=-17.993Hz  corr=-373.67W  u_ff=142.1W  PCAP→78W  power=78.6W
[PID] perf=29.355Hz  target=11.388Hz  err=-17.967Hz  corr=-373.20W  u_ff=142.1W  PCAP→78W  power=79.4W
[PID] perf=29.335Hz  target=11.388Hz  err=-17.948Hz  corr=-372.83W  u_ff=142.1W  PCAP→78W  power=76.9W
[PID] perf=29.359Hz  target=11.388Hz  err=-17.971Hz  corr=-373.27W  u_ff=142.1W  PCAP→78W  power=77.2W
[PID] perf=29.372Hz  target=11.388Hz  err=-17.985Hz  corr=-373.52W  u_ff=142.1W  PCAP→78W  power=77.9W
[PID] perf=29.354Hz  target=11.388Hz  err=-17.967Hz  corr=-373.19W  u_ff=142.1W  PCAP→78W  power=77.8W
[PID] perf=29.385Hz  target=11.388Hz  err=-17.997Hz  corr=-373.76W  u_ff=142.1W  PCAP→78W  power=78.7W
[PID] perf=29.385Hz  target=11.388Hz  err=-17.997Hz  corr=-373.75W  u_ff=142.1W  PCAP→78W  power=78.7W
[PID] perf=29.377Hz  target=11.388Hz  err=-17.990Hz  corr=-373.61W  u_ff=142.1W  PCAP→78W  power=76.0W
[PID] perf=29.298Hz  target=11.388Hz  err=-17.910Hz  corr=-372.14W  u_ff=142.1W  PCAP→78W  power=77.8W
[PID] perf=29.392Hz  target=11.388Hz  err=-18.005Hz  corr=-373.89W  u_ff=142.1W  PCAP→78W  power=79.4W
[PID] perf=29.395Hz  target=11.388Hz  err=-18.008Hz  corr=-373.95W  u_ff=142.1W  PCAP→78W  power=79.0W
[PID] perf=29.373Hz  target=11.388Hz  err=-17.986Hz  corr=-373.54W  u_ff=142.1W  PCAP→78W  power=79.0W
[PID] perf=29.364Hz  target=11.388Hz  err=-17.976Hz  corr=-373.36W  u_ff=142.1W  PCAP→78W  power=76.7W
[PID] perf=29.358Hz  target=11.388Hz  err=-17.970Hz  corr=-373.25W  u_ff=142.1W  PCAP→78W  power=78.2W
[PID] perf=29.280Hz  target=11.388Hz  err=-17.892Hz  corr=-371.81W  u_ff=142.1W  PCAP→78W  power=79.6W
[PID] perf=29.406Hz  target=11.388Hz  err=-18.018Hz  corr=-374.14W  u_ff=142.1W  PCAP→78W  power=76.7W
[PID] perf=29.357Hz  target=11.388Hz  err=-17.969Hz  corr=-373.23W  u_ff=142.1W  PCAP→78W  power=79.4W
[PID] perf=29.386Hz  target=11.388Hz  err=-17.998Hz  corr=-373.77W  u_ff=142.1W  PCAP→78W  power=77.2W
[PID] perf=29.352Hz  target=11.388Hz  err=-17.964Hz  corr=-373.14W  u_ff=142.1W  PCAP→78W  power=79.0W
[PID] perf=29.368Hz  target=11.388Hz  err=-17.981Hz  corr=-373.45W  u_ff=142.1W  PCAP→78W  power=79.2W
[PID] perf=29.339Hz  target=11.388Hz  err=-17.951Hz  corr=-372.90W  u_ff=142.1W  PCAP→78W  power=78.6W
[PID] perf=29.348Hz  target=11.388Hz  err=-17.960Hz  corr=-373.07W  u_ff=142.1W  PCAP→78W  power=76.8W
[PID] perf=29.377Hz  target=11.388Hz  err=-17.989Hz  corr=-373.60W  u_ff=142.1W  PCAP→78W  power=78.7W
[PID] perf=29.396Hz  target=11.388Hz  err=-18.009Hz  corr=-373.96W  u_ff=142.1W  PCAP→78W  power=77.7W
[PID] perf=29.360Hz  target=11.388Hz  err=-17.972Hz  corr=-373.28W  u_ff=142.1W  PCAP→78W  power=78.7W
[PID] perf=29.315Hz  target=11.388Hz  err=-17.927Hz  corr=-372.45W  u_ff=142.1W  PCAP→78W  power=79.0W
[PID] perf=29.327Hz  target=11.388Hz  err=-17.939Hz  corr=-372.67W  u_ff=142.1W  PCAP→78W  power=79.2W
[PID] perf=29.318Hz  target=11.388Hz  err=-17.930Hz  corr=-372.50W  u_ff=142.1W  PCAP→78W  power=78.1W
[PID] perf=29.327Hz  target=11.388Hz  err=-17.939Hz  corr=-372.67W  u_ff=142.1W  PCAP→78W  power=77.5W
[PID] perf=29.349Hz  target=11.388Hz  err=-17.962Hz  corr=-373.09W  u_ff=142.1W  PCAP→78W  power=77.3W
[PID] perf=29.359Hz  target=11.388Hz  err=-17.971Hz  corr=-373.27W  u_ff=142.1W  PCAP→78W  power=78.0W
[PID] perf=29.415Hz  target=11.388Hz  err=-18.027Hz  corr=-374.31W  u_ff=142.1W  PCAP→78W  power=79.1W
[PID] perf=29.340Hz  target=11.388Hz  err=-17.952Hz  corr=-372.92W  u_ff=142.1W  PCAP→78W  power=77.0W
[PID] perf=29.350Hz  target=11.388Hz  err=-17.963Hz  corr=-373.11W  u_ff=142.1W  PCAP→78W  power=76.4W
[PID] perf=29.332Hz  target=11.388Hz  err=-17.944Hz  corr=-372.77W  u_ff=142.1W  PCAP→78W  power=78.8W
[PID] perf=29.396Hz  target=11.388Hz  err=-18.009Hz  corr=-373.96W  u_ff=142.1W  PCAP→78W  power=78.4W
[PID] perf=29.327Hz  target=11.388Hz  err=-17.939Hz  corr=-372.67W  u_ff=142.1W  PCAP→78W  power=78.7W
[PID] perf=29.372Hz  target=11.388Hz  err=-17.984Hz  corr=-373.51W  u_ff=142.1W  PCAP→78W  power=78.1W
[PID] perf=29.389Hz  target=11.388Hz  err=-18.001Hz  corr=-373.82W  u_ff=142.1W  PCAP→78W  power=78.3W
[PID] perf=29.315Hz  target=11.388Hz  err=-17.927Hz  corr=-372.45W  u_ff=142.1W  PCAP→78W  power=79.1W
[PID] perf=29.343Hz  target=11.388Hz  err=-17.955Hz  corr=-372.97W  u_ff=142.1W  PCAP→78W  power=76.7W
[PID] perf=29.340Hz  target=11.388Hz  err=-17.953Hz  corr=-372.93W  u_ff=142.1W  PCAP→78W  power=77.0W
[PID] perf=29.332Hz  target=11.388Hz  err=-17.944Hz  corr=-372.77W  u_ff=142.1W  PCAP→78W  power=78.6W
[PID] perf=29.288Hz  target=11.388Hz  err=-17.900Hz  corr=-371.95W  u_ff=142.1W  PCAP→78W  power=78.7W
[PID] perf=29.375Hz  target=11.388Hz  err=-17.987Hz  corr=-373.56W  u_ff=142.1W  PCAP→78W  power=77.5W
[PID] perf=29.355Hz  target=11.388Hz  err=-17.967Hz  corr=-373.20W  u_ff=142.1W  PCAP→78W  power=79.1W
[PID] perf=29.348Hz  target=11.388Hz  err=-17.961Hz  corr=-373.07W  u_ff=142.1W  PCAP→78W  power=77.4W
[PID] perf=29.373Hz  target=11.388Hz  err=-17.986Hz  corr=-373.54W  u_ff=142.1W  PCAP→78W  power=77.2W
[PID] perf=29.297Hz  target=11.388Hz  err=-17.909Hz  corr=-372.12W  u_ff=142.1W  PCAP→78W  power=77.2W
[PID] perf=29.383Hz  target=11.388Hz  err=-17.995Hz  corr=-373.72W  u_ff=142.1W  PCAP→78W  power=77.4W
[PID] perf=29.367Hz  target=11.388Hz  err=-17.979Hz  corr=-373.41W  u_ff=142.1W  PCAP→78W  power=77.3W
[PID] perf=29.347Hz  target=11.388Hz  err=-17.959Hz  corr=-373.05W  u_ff=142.1W  PCAP→78W  power=79.2W
[PID] perf=29.316Hz  target=11.388Hz  err=-17.929Hz  corr=-372.48W  u_ff=142.1W  PCAP→78W  power=77.7W
[PID] perf=29.329Hz  target=11.388Hz  err=-17.941Hz  corr=-372.72W  u_ff=142.1W  PCAP→78W  power=76.8W
[PID] perf=29.361Hz  target=11.388Hz  err=-17.973Hz  corr=-373.30W  u_ff=142.1W  PCAP→78W  power=79.2W
[PID] perf=29.359Hz  target=11.388Hz  err=-17.972Hz  corr=-373.28W  u_ff=142.1W  PCAP→78W  power=77.3W
[PID] perf=27.165Hz  target=11.388Hz  err=-15.777Hz  corr=-332.59W  u_ff=142.1W  PCAP→78W  power=77.8W
[PID] perf=29.328Hz  target=11.388Hz  err=-17.940Hz  corr=-372.69W  u_ff=142.1W  PCAP→78W  power=76.5W
[PID] perf=29.400Hz  target=11.388Hz  err=-18.012Hz  corr=-374.03W  u_ff=142.1W  PCAP→78W  power=78.3W
[PID] perf=29.399Hz  target=11.388Hz  err=-18.011Hz  corr=-374.01W  u_ff=142.1W  PCAP→78W  power=78.8W
[PID] perf=29.340Hz  target=11.388Hz  err=-17.953Hz  corr=-372.93W  u_ff=142.1W  PCAP→78W  power=76.9W
[PID] perf=29.331Hz  target=11.388Hz  err=-17.944Hz  corr=-372.76W  u_ff=142.1W  PCAP→78W  power=76.2W
[PID] perf=29.357Hz  target=11.388Hz  err=-17.969Hz  corr=-373.24W  u_ff=142.1W  PCAP→78W  power=78.3W
[PID] perf=29.344Hz  target=11.388Hz  err=-17.956Hz  corr=-372.99W  u_ff=142.1W  PCAP→78W  power=78.4W
[PID] perf=29.370Hz  target=11.388Hz  err=-17.982Hz  corr=-373.48W  u_ff=142.1W  PCAP→78W  power=77.5W
[PID] perf=29.418Hz  target=11.388Hz  err=-18.030Hz  corr=-374.36W  u_ff=142.1W  PCAP→78W  power=79.0W
[PID] perf=29.362Hz  target=11.388Hz  err=-17.975Hz  corr=-373.33W  u_ff=142.1W  PCAP→78W  power=78.4W
[PID] perf=29.346Hz  target=11.388Hz  err=-17.958Hz  corr=-373.03W  u_ff=142.1W  PCAP→78W  power=76.7W
[PID] perf=29.366Hz  target=11.388Hz  err=-17.978Hz  corr=-373.40W  u_ff=142.1W  PCAP→78W  power=79.0W
[PID] perf=29.378Hz  target=11.388Hz  err=-17.990Hz  corr=-373.62W  u_ff=142.1W  PCAP→78W  power=78.7W
[PID] perf=29.340Hz  target=11.388Hz  err=-17.952Hz  corr=-372.92W  u_ff=142.1W  PCAP→78W  power=77.7W
[PID] perf=29.373Hz  target=11.388Hz  err=-17.986Hz  corr=-373.54W  u_ff=142.1W  PCAP→78W  power=77.0W
[PID] perf=29.372Hz  target=11.388Hz  err=-17.985Hz  corr=-373.52W  u_ff=142.1W  PCAP→78W  power=78.9W
[PID] perf=29.317Hz  target=11.388Hz  err=-17.929Hz  corr=-372.50W  u_ff=142.1W  PCAP→78W  power=76.3W
[PID] perf=29.333Hz  target=11.388Hz  err=-17.946Hz  corr=-372.80W  u_ff=142.1W  PCAP→78W  power=77.8W
[PID] perf=24.398Hz  target=11.388Hz  err=-13.010Hz  corr=-281.27W  u_ff=142.1W  PCAP→78W  power=77.8W
[PID] perf=24.543Hz  target=11.388Hz  err=-13.155Hz  corr=-283.95W  u_ff=142.1W  PCAP→78W  power=78.8W
[PID] perf=24.622Hz  target=11.388Hz  err=-13.234Hz  corr=-285.42W  u_ff=142.1W  PCAP→78W  power=79.2W
[PID] perf=24.621Hz  target=11.388Hz  err=-13.233Hz  corr=-285.40W  u_ff=142.1W  PCAP→78W  power=78.4W
[PID] perf=25.285Hz  target=11.388Hz  err=-13.897Hz  corr=-297.71W  u_ff=142.1W  PCAP→78W  power=77.7W
[PID] perf=25.339Hz  target=11.388Hz  err=-13.952Hz  corr=-298.73W  u_ff=142.1W  PCAP→78W  power=77.0W
[PID] perf=25.355Hz  target=11.388Hz  err=-13.967Hz  corr=-299.01W  u_ff=142.1W  PCAP→78W  power=76.9W
[PID] perf=25.342Hz  target=11.388Hz  err=-13.955Hz  corr=-298.78W  u_ff=142.1W  PCAP→78W  power=77.6W
[PID] perf=25.368Hz  target=11.388Hz  err=-13.980Hz  corr=-299.25W  u_ff=142.1W  PCAP→78W  power=78.5W
[PID] perf=25.332Hz  target=11.388Hz  err=-13.944Hz  corr=-298.59W  u_ff=142.1W  PCAP→78W  power=78.4W
[PID] perf=25.320Hz  target=11.388Hz  err=-13.932Hz  corr=-298.36W  u_ff=142.1W  PCAP→78W  power=77.2W
[PID] perf=25.283Hz  target=11.388Hz  err=-13.895Hz  corr=-297.68W  u_ff=142.1W  PCAP→78W  power=77.8W
[PID] perf=25.323Hz  target=11.388Hz  err=-13.935Hz  corr=-298.43W  u_ff=142.1W  PCAP→78W  power=78.2W
[PID] perf=25.315Hz  target=11.388Hz  err=-13.927Hz  corr=-298.27W  u_ff=142.1W  PCAP→78W  power=78.0W
[PID] perf=25.305Hz  target=11.388Hz  err=-13.917Hz  corr=-298.09W  u_ff=142.1W  PCAP→78W  power=77.5W
[PID] perf=25.324Hz  target=11.388Hz  err=-13.937Hz  corr=-298.45W  u_ff=142.1W  PCAP→78W  power=77.4W
[PID] perf=25.319Hz  target=11.388Hz  err=-13.932Hz  corr=-298.36W  u_ff=142.1W  PCAP→78W  power=79.3W
[PID] perf=25.311Hz  target=11.388Hz  err=-13.923Hz  corr=-298.20W  u_ff=142.1W  PCAP→78W  power=77.4W
[PID] perf=25.305Hz  target=11.388Hz  err=-13.917Hz  corr=-298.09W  u_ff=142.1W  PCAP→78W  power=77.4W
[PID] perf=25.326Hz  target=11.388Hz  err=-13.938Hz  corr=-298.48W  u_ff=142.1W  PCAP→78W  power=76.2W
[PID] perf=25.335Hz  target=11.388Hz  err=-13.947Hz  corr=-298.64W  u_ff=142.1W  PCAP→78W  power=78.9W
[PID] perf=25.350Hz  target=11.388Hz  err=-13.962Hz  corr=-298.92W  u_ff=142.1W  PCAP→78W  power=77.5W
[PID] perf=25.360Hz  target=11.388Hz  err=-13.972Hz  corr=-299.11W  u_ff=142.1W  PCAP→78W  power=77.4W
[PID] perf=25.339Hz  target=11.388Hz  err=-13.951Hz  corr=-298.72W  u_ff=142.1W  PCAP→78W  power=78.0W
[PID] perf=25.375Hz  target=11.388Hz  err=-13.987Hz  corr=-299.38W  u_ff=142.1W  PCAP→78W  power=77.5W
[PID] perf=25.379Hz  target=11.388Hz  err=-13.991Hz  corr=-299.46W  u_ff=142.1W  PCAP→78W  power=78.6W
[PID] perf=25.337Hz  target=11.388Hz  err=-13.949Hz  corr=-298.68W  u_ff=142.1W  PCAP→78W  power=78.5W
[PID] perf=25.358Hz  target=11.388Hz  err=-13.970Hz  corr=-299.07W  u_ff=142.1W  PCAP→78W  power=79.1W
[PID] perf=25.374Hz  target=11.388Hz  err=-13.986Hz  corr=-299.36W  u_ff=142.1W  PCAP→78W  power=76.6W
[PID] perf=25.334Hz  target=11.388Hz  err=-13.946Hz  corr=-298.63W  u_ff=142.1W  PCAP→78W  power=77.1W
[PID] perf=25.338Hz  target=11.388Hz  err=-13.950Hz  corr=-298.70W  u_ff=142.1W  PCAP→78W  power=77.1W
[PID] perf=25.363Hz  target=11.388Hz  err=-13.975Hz  corr=-299.17W  u_ff=142.1W  PCAP→78W  power=78.6W
[PID] perf=25.338Hz  target=11.388Hz  err=-13.951Hz  corr=-298.71W  u_ff=142.1W  PCAP→78W  power=77.3W
[PID] perf=25.361Hz  target=11.388Hz  err=-13.973Hz  corr=-299.13W  u_ff=142.1W  PCAP→78W  power=76.7W
[PID] perf=25.373Hz  target=11.388Hz  err=-13.985Hz  corr=-299.35W  u_ff=142.1W  PCAP→78W  power=79.1W
[PID] perf=25.368Hz  target=11.388Hz  err=-13.980Hz  corr=-299.26W  u_ff=142.1W  PCAP→78W  power=78.3W
[PID] perf=25.394Hz  target=11.388Hz  err=-14.007Hz  corr=-299.75W  u_ff=142.1W  PCAP→78W  power=76.9W
[PID] perf=25.394Hz  target=11.388Hz  err=-14.006Hz  corr=-299.74W  u_ff=142.1W  PCAP→78W  power=76.9W
[PID] perf=25.388Hz  target=11.388Hz  err=-14.000Hz  corr=-299.62W  u_ff=142.1W  PCAP→78W  power=78.3W
[PID] perf=25.384Hz  target=11.388Hz  err=-13.996Hz  corr=-299.55W  u_ff=142.1W  PCAP→78W  power=76.9W
[PID] perf=25.371Hz  target=11.388Hz  err=-13.984Hz  corr=-299.32W  u_ff=142.1W  PCAP→78W  power=78.8W
[PID] perf=25.398Hz  target=11.388Hz  err=-14.010Hz  corr=-299.81W  u_ff=142.1W  PCAP→78W  power=77.6W
[PID] perf=25.413Hz  target=11.388Hz  err=-14.025Hz  corr=-300.09W  u_ff=142.1W  PCAP→78W  power=77.1W
[PID] perf=25.374Hz  target=11.388Hz  err=-13.986Hz  corr=-299.37W  u_ff=142.1W  PCAP→78W  power=76.5W
[PID] perf=25.355Hz  target=11.388Hz  err=-13.967Hz  corr=-299.02W  u_ff=142.1W  PCAP→78W  power=76.9W
[PID] perf=25.381Hz  target=11.388Hz  err=-13.993Hz  corr=-299.49W  u_ff=142.1W  PCAP→78W  power=78.7W
[PID] perf=25.356Hz  target=11.388Hz  err=-13.969Hz  corr=-299.04W  u_ff=142.1W  PCAP→78W  power=79.0W
[PID] perf=25.327Hz  target=11.388Hz  err=-13.939Hz  corr=-298.50W  u_ff=142.1W  PCAP→78W  power=78.6W
[PID] perf=25.340Hz  target=11.388Hz  err=-13.952Hz  corr=-298.74W  u_ff=142.1W  PCAP→78W  power=77.7W
[PID] perf=25.386Hz  target=11.388Hz  err=-13.998Hz  corr=-299.59W  u_ff=142.1W  PCAP→78W  power=78.6W
[PID] perf=25.382Hz  target=11.388Hz  err=-13.994Hz  corr=-299.52W  u_ff=142.1W  PCAP→78W  power=77.1W
[PID] perf=25.408Hz  target=11.388Hz  err=-14.020Hz  corr=-299.99W  u_ff=142.1W  PCAP→78W  power=77.3W
[PID] perf=25.349Hz  target=11.388Hz  err=-13.962Hz  corr=-298.91W  u_ff=142.1W  PCAP→78W  power=77.9W
[PID] perf=25.377Hz  target=11.388Hz  err=-13.990Hz  corr=-299.43W  u_ff=142.1W  PCAP→78W  power=78.0W
[PID] perf=25.377Hz  target=11.388Hz  err=-13.989Hz  corr=-299.43W  u_ff=142.1W  PCAP→78W  power=76.9W
[PID] perf=25.409Hz  target=11.388Hz  err=-14.022Hz  corr=-300.03W  u_ff=142.1W  PCAP→78W  power=78.2W
[PID] perf=25.365Hz  target=11.388Hz  err=-13.978Hz  corr=-299.21W  u_ff=142.1W  PCAP→78W  power=76.4W
[PID] perf=25.398Hz  target=11.388Hz  err=-14.010Hz  corr=-299.82W  u_ff=142.1W  PCAP→78W  power=77.7W
[PID] perf=25.396Hz  target=11.388Hz  err=-14.008Hz  corr=-299.77W  u_ff=142.1W  PCAP→78W  power=78.2W
[PID] perf=25.393Hz  target=11.388Hz  err=-14.005Hz  corr=-299.72W  u_ff=142.1W  PCAP→78W  power=79.0W
[PID] perf=25.101Hz  target=11.388Hz  err=-13.713Hz  corr=-294.31W  u_ff=142.1W  PCAP→78W  power=78.4W
[PID] perf=25.265Hz  target=11.388Hz  err=-13.877Hz  corr=-297.35W  u_ff=142.1W  PCAP→78W  power=77.7W
[PID] perf=25.381Hz  target=11.388Hz  err=-13.993Hz  corr=-299.50W  u_ff=142.1W  PCAP→78W  power=78.5W
[PID] perf=25.560Hz  target=11.388Hz  err=-14.172Hz  corr=-302.81W  u_ff=142.1W  PCAP→78W  power=78.5W
[PID] perf=25.570Hz  target=11.388Hz  err=-14.182Hz  corr=-303.01W  u_ff=142.1W  PCAP→78W  power=78.6W
[PID] perf=25.605Hz  target=11.388Hz  err=-14.218Hz  corr=-303.66W  u_ff=142.1W  PCAP→78W  power=78.0W
[PID] perf=25.606Hz  target=11.388Hz  err=-14.219Hz  corr=-303.68W  u_ff=142.1W  PCAP→78W  power=76.9W
[PID] perf=25.572Hz  target=11.388Hz  err=-14.184Hz  corr=-303.05W  u_ff=142.1W  PCAP→78W  power=77.1W
[PID] perf=25.551Hz  target=11.388Hz  err=-14.163Hz  corr=-302.65W  u_ff=142.1W  PCAP→78W  power=77.4W
[PID] perf=25.571Hz  target=11.388Hz  err=-14.183Hz  corr=-303.03W  u_ff=142.1W  PCAP→78W  power=79.4W
[PID] perf=25.575Hz  target=11.388Hz  err=-14.187Hz  corr=-303.09W  u_ff=142.1W  PCAP→78W  power=78.4W
[PID] perf=25.565Hz  target=11.388Hz  err=-14.177Hz  corr=-302.91W  u_ff=142.1W  PCAP→78W  power=79.4W
[PID] perf=25.559Hz  target=11.388Hz  err=-14.171Hz  corr=-302.80W  u_ff=142.1W  PCAP→78W  power=80.6W
[PID] perf=25.534Hz  target=11.388Hz  err=-14.146Hz  corr=-302.34W  u_ff=142.1W  PCAP→78W  power=76.3W
[PID] perf=25.575Hz  target=11.388Hz  err=-14.187Hz  corr=-303.10W  u_ff=142.1W  PCAP→78W  power=76.4W
[PID] perf=25.576Hz  target=11.388Hz  err=-14.188Hz  corr=-303.11W  u_ff=142.1W  PCAP→78W  power=77.8W
[PID] perf=25.580Hz  target=11.388Hz  err=-14.193Hz  corr=-303.20W  u_ff=142.1W  PCAP→78W  power=77.9W
[PID] perf=25.587Hz  target=11.388Hz  err=-14.199Hz  corr=-303.32W  u_ff=142.1W  PCAP→78W  power=78.7W
[PID] perf=25.614Hz  target=11.388Hz  err=-14.226Hz  corr=-303.81W  u_ff=142.1W  PCAP→78W  power=78.3W
[PID] perf=26.528Hz  target=11.388Hz  err=-15.140Hz  corr=-320.77W  u_ff=142.1W  PCAP→78W  power=77.5W
[PID] perf=26.549Hz  target=11.388Hz  err=-15.161Hz  corr=-321.15W  u_ff=142.1W  PCAP→78W  power=77.1W
[PID] perf=26.547Hz  target=11.388Hz  err=-15.159Hz  corr=-321.13W  u_ff=142.1W  PCAP→78W  power=77.2W
[PID] perf=26.568Hz  target=11.388Hz  err=-15.180Hz  corr=-321.52W  u_ff=142.1W  PCAP→78W  power=77.7W
[PID] perf=26.592Hz  target=11.388Hz  err=-15.204Hz  corr=-321.95W  u_ff=142.1W  PCAP→78W  power=77.4W
[PID] perf=26.669Hz  target=11.388Hz  err=-15.281Hz  corr=-323.38W  u_ff=142.1W  PCAP→78W  power=76.3W
[PID] perf=26.725Hz  target=11.388Hz  err=-15.338Hz  corr=-324.43W  u_ff=142.1W  PCAP→78W  power=77.7W
[PID] perf=26.690Hz  target=11.388Hz  err=-15.302Hz  corr=-323.77W  u_ff=142.1W  PCAP→78W  power=77.1W
[PID] perf=26.709Hz  target=11.388Hz  err=-15.321Hz  corr=-324.13W  u_ff=142.1W  PCAP→78W  power=79.3W
[PID] perf=26.713Hz  target=11.388Hz  err=-15.325Hz  corr=-324.19W  u_ff=142.1W  PCAP→78W  power=77.4W
[PID] perf=26.723Hz  target=11.388Hz  err=-15.335Hz  corr=-324.38W  u_ff=142.1W  PCAP→78W  power=78.7W
[PID] perf=26.714Hz  target=11.388Hz  err=-15.327Hz  corr=-324.23W  u_ff=142.1W  PCAP→78W  power=78.4W
[PID] perf=26.692Hz  target=11.388Hz  err=-15.304Hz  corr=-323.81W  u_ff=142.1W  PCAP→78W  power=79.1W
[PID] perf=26.728Hz  target=11.388Hz  err=-15.340Hz  corr=-324.48W  u_ff=142.1W  PCAP→78W  power=77.5W
[PID] perf=26.720Hz  target=11.388Hz  err=-15.332Hz  corr=-324.33W  u_ff=142.1W  PCAP→78W  power=78.7W
[PID] perf=26.717Hz  target=11.388Hz  err=-15.329Hz  corr=-324.27W  u_ff=142.1W  PCAP→78W  power=78.5W
[PID] perf=26.705Hz  target=11.388Hz  err=-15.317Hz  corr=-324.05W  u_ff=142.1W  PCAP→78W  power=77.4W
[PID] perf=26.718Hz  target=11.388Hz  err=-15.330Hz  corr=-324.29W  u_ff=142.1W  PCAP→78W  power=77.2W
[PID] perf=26.720Hz  target=11.388Hz  err=-15.332Hz  corr=-324.33W  u_ff=142.1W  PCAP→78W  power=78.9W
[PID] perf=26.704Hz  target=11.388Hz  err=-15.317Hz  corr=-324.04W  u_ff=142.1W  PCAP→78W  power=79.2W
[PID] perf=26.734Hz  target=11.388Hz  err=-15.347Hz  corr=-324.60W  u_ff=142.1W  PCAP→78W  power=76.5W
[PID] perf=26.693Hz  target=11.388Hz  err=-15.306Hz  corr=-323.84W  u_ff=142.1W  PCAP→78W  power=76.5W
[PID] perf=26.736Hz  target=11.388Hz  err=-15.348Hz  corr=-324.62W  u_ff=142.1W  PCAP→78W  power=76.3W
[PID] perf=26.709Hz  target=11.388Hz  err=-15.322Hz  corr=-324.13W  u_ff=142.1W  PCAP→78W  power=78.6W
[PID] perf=26.691Hz  target=11.388Hz  err=-15.304Hz  corr=-323.80W  u_ff=142.1W  PCAP→78W  power=77.0W
[PID] perf=26.699Hz  target=11.388Hz  err=-15.311Hz  corr=-323.94W  u_ff=142.1W  PCAP→78W  power=78.2W
[PID] perf=26.693Hz  target=11.388Hz  err=-15.305Hz  corr=-323.83W  u_ff=142.1W  PCAP→78W  power=77.0W
[PID] perf=26.718Hz  target=11.388Hz  err=-15.330Hz  corr=-324.29W  u_ff=142.1W  PCAP→78W  power=77.3W
[PID] perf=26.877Hz  target=11.388Hz  err=-15.489Hz  corr=-327.24W  u_ff=142.1W  PCAP→78W  power=78.1W
[PID] perf=26.905Hz  target=11.388Hz  err=-15.517Hz  corr=-327.76W  u_ff=142.1W  PCAP→78W  power=76.8W
[PID] perf=26.997Hz  target=11.388Hz  err=-15.609Hz  corr=-329.46W  u_ff=142.1W  PCAP→78W  power=79.2W
[PID] perf=27.103Hz  target=11.388Hz  err=-15.715Hz  corr=-331.44W  u_ff=142.1W  PCAP→78W  power=77.8W
[PID] perf=27.084Hz  target=11.388Hz  err=-15.696Hz  corr=-331.08W  u_ff=142.1W  PCAP→78W  power=77.4W
[PID] perf=27.142Hz  target=11.388Hz  err=-15.755Hz  corr=-332.16W  u_ff=142.1W  PCAP→78W  power=77.2W
[PID] perf=27.177Hz  target=11.388Hz  err=-15.789Hz  corr=-332.80W  u_ff=142.1W  PCAP→78W  power=78.4W
[PID] perf=27.123Hz  target=11.388Hz  err=-15.735Hz  corr=-331.80W  u_ff=142.1W  PCAP→78W  power=77.7W
[PID] perf=27.147Hz  target=11.388Hz  err=-15.759Hz  corr=-332.25W  u_ff=142.1W  PCAP→78W  power=78.5W
[PID] perf=27.134Hz  target=11.388Hz  err=-15.746Hz  corr=-332.00W  u_ff=142.1W  PCAP→78W  power=79.5W
[PID] perf=27.104Hz  target=11.388Hz  err=-15.717Hz  corr=-331.46W  u_ff=142.1W  PCAP→78W  power=77.5W
[PID] perf=27.121Hz  target=11.388Hz  err=-15.733Hz  corr=-331.76W  u_ff=142.1W  PCAP→78W  power=78.0W
[PID] perf=27.163Hz  target=11.388Hz  err=-15.775Hz  corr=-332.55W  u_ff=142.1W  PCAP→78W  power=78.0W
[PID] perf=27.137Hz  target=11.388Hz  err=-15.749Hz  corr=-332.06W  u_ff=142.1W  PCAP→78W  power=77.9W
[PID] perf=27.135Hz  target=11.388Hz  err=-15.747Hz  corr=-332.02W  u_ff=142.1W  PCAP→78W  power=78.6W
[PID] perf=27.082Hz  target=11.388Hz  err=-15.694Hz  corr=-331.04W  u_ff=142.1W  PCAP→78W  power=78.6W
[PID] perf=27.105Hz  target=11.388Hz  err=-15.717Hz  corr=-331.47W  u_ff=142.1W  PCAP→78W  power=78.5W
[PID] perf=27.617Hz  target=11.388Hz  err=-16.230Hz  corr=-340.97W  u_ff=142.1W  PCAP→78W  power=77.9W
[PID] perf=27.633Hz  target=11.388Hz  err=-16.246Hz  corr=-341.27W  u_ff=142.1W  PCAP→78W  power=77.1W
[PID] perf=27.649Hz  target=11.388Hz  err=-16.261Hz  corr=-341.56W  u_ff=142.1W  PCAP→78W  power=78.8W
[PID] perf=27.667Hz  target=11.388Hz  err=-16.280Hz  corr=-341.90W  u_ff=142.1W  PCAP→78W  power=76.7W
[PID] perf=27.655Hz  target=11.388Hz  err=-16.267Hz  corr=-341.67W  u_ff=142.1W  PCAP→78W  power=79.2W
[PID] perf=27.668Hz  target=11.388Hz  err=-16.281Hz  corr=-341.92W  u_ff=142.1W  PCAP→78W  power=78.5W
[PID] perf=27.672Hz  target=11.388Hz  err=-16.284Hz  corr=-341.98W  u_ff=142.1W  PCAP→78W  power=76.9W
[PID] perf=27.667Hz  target=11.388Hz  err=-16.279Hz  corr=-341.89W  u_ff=142.1W  PCAP→78W  power=76.4W
[PID] perf=27.647Hz  target=11.388Hz  err=-16.260Hz  corr=-341.53W  u_ff=142.1W  PCAP→78W  power=77.3W
[PID] perf=27.657Hz  target=11.388Hz  err=-16.269Hz  corr=-341.71W  u_ff=142.1W  PCAP→78W  power=76.9W
[PID] perf=27.634Hz  target=11.388Hz  err=-16.247Hz  corr=-341.29W  u_ff=142.1W  PCAP→78W  power=79.2W
[PID] perf=27.586Hz  target=11.388Hz  err=-16.198Hz  corr=-340.39W  u_ff=142.1W  PCAP→78W  power=77.3W
[PID] perf=26.621Hz  target=11.388Hz  err=-15.233Hz  corr=-322.49W  u_ff=142.1W  PCAP→78W  power=78.0W
[PID] perf=26.800Hz  target=11.388Hz  err=-15.412Hz  corr=-325.81W  u_ff=142.1W  PCAP→78W  power=77.3W
[PID] perf=26.803Hz  target=11.388Hz  err=-15.415Hz  corr=-325.87W  u_ff=142.1W  PCAP→78W  power=76.4W
[PID] perf=26.818Hz  target=11.388Hz  err=-15.430Hz  corr=-326.15W  u_ff=142.1W  PCAP→78W  power=78.3W
[PID] perf=26.809Hz  target=11.388Hz  err=-15.421Hz  corr=-325.99W  u_ff=142.1W  PCAP→78W  power=77.1W
[PID] perf=26.813Hz  target=11.388Hz  err=-15.425Hz  corr=-326.05W  u_ff=142.1W  PCAP→78W  power=79.3W
[PID] perf=26.792Hz  target=11.388Hz  err=-15.404Hz  corr=-325.67W  u_ff=142.1W  PCAP→78W  power=79.2W
[PID] perf=26.786Hz  target=11.388Hz  err=-15.398Hz  corr=-325.56W  u_ff=142.1W  PCAP→78W  power=78.3W
[PID] perf=26.797Hz  target=11.388Hz  err=-15.410Hz  corr=-325.77W  u_ff=142.1W  PCAP→78W  power=78.8W
[PID] perf=26.803Hz  target=11.388Hz  err=-15.415Hz  corr=-325.87W  u_ff=142.1W  PCAP→78W  power=78.0W
[PID] perf=26.803Hz  target=11.388Hz  err=-15.416Hz  corr=-325.88W  u_ff=142.1W  PCAP→78W  power=78.2W
[PID] perf=26.800Hz  target=11.388Hz  err=-15.413Hz  corr=-325.82W  u_ff=142.1W  PCAP→78W  power=78.3W
[PID] perf=26.841Hz  target=11.388Hz  err=-15.453Hz  corr=-326.57W  u_ff=142.1W  PCAP→78W  power=78.6W
[PID] perf=26.816Hz  target=11.388Hz  err=-15.428Hz  corr=-326.10W  u_ff=142.1W  PCAP→78W  power=78.6W
[PID] perf=27.114Hz  target=11.388Hz  err=-15.727Hz  corr=-331.65W  u_ff=142.1W  PCAP→78W  power=79.2W
[PID] perf=27.226Hz  target=11.388Hz  err=-15.838Hz  corr=-333.71W  u_ff=142.1W  PCAP→78W  power=79.1W
[PID] perf=27.227Hz  target=11.388Hz  err=-15.839Hz  corr=-333.74W  u_ff=142.1W  PCAP→78W  power=77.1W
[PID] perf=27.197Hz  target=11.388Hz  err=-15.810Hz  corr=-333.18W  u_ff=142.1W  PCAP→78W  power=76.8W
[PID] perf=27.192Hz  target=11.388Hz  err=-15.804Hz  corr=-333.09W  u_ff=142.1W  PCAP→78W  power=77.1W
[PID] perf=27.202Hz  target=11.388Hz  err=-15.814Hz  corr=-333.27W  u_ff=142.1W  PCAP→78W  power=77.1W
[PID] perf=27.236Hz  target=11.388Hz  err=-15.849Hz  corr=-333.91W  u_ff=142.1W  PCAP→78W  power=77.6W
[PID] perf=27.260Hz  target=11.388Hz  err=-15.873Hz  corr=-334.35W  u_ff=142.1W  PCAP→78W  power=79.4W
[PID] perf=27.247Hz  target=11.388Hz  err=-15.859Hz  corr=-334.10W  u_ff=142.1W  PCAP→78W  power=78.8W
[PID] perf=27.251Hz  target=11.388Hz  err=-15.863Hz  corr=-334.18W  u_ff=142.1W  PCAP→78W  power=77.6W
[PID] perf=26.616Hz  target=11.388Hz  err=-15.228Hz  corr=-322.40W  u_ff=142.1W  PCAP→78W  power=78.0W
[PID] perf=27.122Hz  target=11.388Hz  err=-15.734Hz  corr=-331.78W  u_ff=142.1W  PCAP→78W  power=78.4W
[PID] perf=27.195Hz  target=11.388Hz  err=-15.807Hz  corr=-333.13W  u_ff=142.1W  PCAP→78W  power=78.1W
[PID] perf=27.204Hz  target=11.388Hz  err=-15.817Hz  corr=-333.31W  u_ff=142.1W  PCAP→78W  power=78.7W
[PID] perf=27.169Hz  target=11.388Hz  err=-15.781Hz  corr=-332.66W  u_ff=142.1W  PCAP→78W  power=78.8W
[PID] perf=27.221Hz  target=11.388Hz  err=-15.833Hz  corr=-333.62W  u_ff=142.1W  PCAP→78W  power=79.2W
[PID] perf=27.179Hz  target=11.388Hz  err=-15.791Hz  corr=-332.84W  u_ff=142.1W  PCAP→78W  power=78.2W
[PID] perf=27.207Hz  target=11.388Hz  err=-15.819Hz  corr=-333.37W  u_ff=142.1W  PCAP→78W  power=77.7W
[PID] perf=27.190Hz  target=11.388Hz  err=-15.802Hz  corr=-333.04W  u_ff=142.1W  PCAP→78W  power=77.9W
[PID] perf=27.171Hz  target=11.388Hz  err=-15.784Hz  corr=-332.70W  u_ff=142.1W  PCAP→78W  power=77.6W
[PID] perf=27.210Hz  target=11.388Hz  err=-15.822Hz  corr=-333.41W  u_ff=142.1W  PCAP→78W  power=76.4W
[PID] perf=27.184Hz  target=11.388Hz  err=-15.796Hz  corr=-332.93W  u_ff=142.1W  PCAP→78W  power=78.0W
[PID] perf=27.196Hz  target=11.388Hz  err=-15.808Hz  corr=-333.15W  u_ff=142.1W  PCAP→78W  power=77.8W
[PID] perf=27.161Hz  target=11.388Hz  err=-15.773Hz  corr=-332.51W  u_ff=142.1W  PCAP→78W  power=79.0W
[PID] perf=27.047Hz  target=11.388Hz  err=-15.659Hz  corr=-330.39W  u_ff=142.1W  PCAP→78W  power=77.9W
[PID] perf=27.113Hz  target=11.388Hz  err=-15.725Hz  corr=-331.61W  u_ff=142.1W  PCAP→78W  power=77.3W
[PID] perf=27.197Hz  target=11.388Hz  err=-15.810Hz  corr=-333.18W  u_ff=142.1W  PCAP→78W  power=76.7W
[PID] perf=27.222Hz  target=11.388Hz  err=-15.834Hz  corr=-333.64W  u_ff=142.1W  PCAP→78W  power=77.7W
[PID] perf=27.234Hz  target=11.388Hz  err=-15.846Hz  corr=-333.86W  u_ff=142.1W  PCAP→78W  power=78.2W
[PID] perf=27.215Hz  target=11.388Hz  err=-15.828Hz  corr=-333.52W  u_ff=142.1W  PCAP→78W  power=78.5W
[PID] perf=27.219Hz  target=11.388Hz  err=-15.831Hz  corr=-333.58W  u_ff=142.1W  PCAP→78W  power=77.6W
[PID] perf=27.226Hz  target=11.388Hz  err=-15.838Hz  corr=-333.71W  u_ff=142.1W  PCAP→78W  power=76.7W
[PID] perf=27.227Hz  target=11.388Hz  err=-15.839Hz  corr=-333.74W  u_ff=142.1W  PCAP→78W  power=76.3W
[PID] perf=27.227Hz  target=11.388Hz  err=-15.839Hz  corr=-333.73W  u_ff=142.1W  PCAP→78W  power=79.0W
[PID] perf=27.193Hz  target=11.388Hz  err=-15.805Hz  corr=-333.10W  u_ff=142.1W  PCAP→78W  power=77.8W
[PID] perf=27.205Hz  target=11.388Hz  err=-15.818Hz  corr=-333.33W  u_ff=142.1W  PCAP→78W  power=77.4W
[PID] perf=27.217Hz  target=11.388Hz  err=-15.829Hz  corr=-333.54W  u_ff=142.1W  PCAP→78W  power=77.1W
[PID] perf=27.212Hz  target=11.388Hz  err=-15.824Hz  corr=-333.45W  u_ff=142.1W  PCAP→78W  power=78.8W
[PID] perf=27.221Hz  target=11.388Hz  err=-15.833Hz  corr=-333.62W  u_ff=142.1W  PCAP→78W  power=78.6W
[PID] perf=27.204Hz  target=11.388Hz  err=-15.816Hz  corr=-333.31W  u_ff=142.1W  PCAP→78W  power=78.6W
[PID] perf=27.176Hz  target=11.388Hz  err=-15.789Hz  corr=-332.80W  u_ff=142.1W  PCAP→78W  power=77.0W
[PID] perf=27.206Hz  target=11.388Hz  err=-15.818Hz  corr=-333.34W  u_ff=142.1W  PCAP→78W  power=76.2W
[PID] perf=27.208Hz  target=11.388Hz  err=-15.820Hz  corr=-333.38W  u_ff=142.1W  PCAP→78W  power=77.5W
[PID] perf=27.208Hz  target=11.388Hz  err=-15.820Hz  corr=-333.39W  u_ff=142.1W  PCAP→78W  power=77.1W
[PID] perf=27.153Hz  target=11.388Hz  err=-15.765Hz  corr=-332.35W  u_ff=142.1W  PCAP→78W  power=78.4W
[PID] perf=27.180Hz  target=11.388Hz  err=-15.792Hz  corr=-332.85W  u_ff=142.1W  PCAP→78W  power=78.2W
[PID] perf=27.169Hz  target=11.388Hz  err=-15.781Hz  corr=-332.66W  u_ff=142.1W  PCAP→78W  power=79.0W
[PID] perf=27.195Hz  target=11.388Hz  err=-15.808Hz  corr=-333.15W  u_ff=142.1W  PCAP→78W  power=78.8W
[PID] perf=27.199Hz  target=11.388Hz  err=-15.812Hz  corr=-333.22W  u_ff=142.1W  PCAP→78W  power=77.5W
[PID] perf=27.246Hz  target=11.388Hz  err=-15.859Hz  corr=-334.09W  u_ff=142.1W  PCAP→78W  power=79.0W
[PID] perf=27.239Hz  target=11.388Hz  err=-15.851Hz  corr=-333.95W  u_ff=142.1W  PCAP→78W  power=77.1W
[PID] perf=27.231Hz  target=11.388Hz  err=-15.844Hz  corr=-333.81W  u_ff=142.1W  PCAP→78W  power=78.3W
[PID] perf=27.243Hz  target=11.388Hz  err=-15.855Hz  corr=-334.03W  u_ff=142.1W  PCAP→78W  power=76.9W
[PID] perf=27.246Hz  target=11.388Hz  err=-15.858Hz  corr=-334.08W  u_ff=142.1W  PCAP→78W  power=76.4W
[PID] perf=27.208Hz  target=11.388Hz  err=-15.820Hz  corr=-333.38W  u_ff=142.1W  PCAP→78W  power=78.9W
[PID] perf=27.224Hz  target=11.388Hz  err=-15.837Hz  corr=-333.69W  u_ff=142.1W  PCAP→78W  power=77.7W
[PID] perf=27.229Hz  target=11.388Hz  err=-15.842Hz  corr=-333.78W  u_ff=142.1W  PCAP→78W  power=77.1W
[PID] perf=27.230Hz  target=11.388Hz  err=-15.842Hz  corr=-333.78W  u_ff=142.1W  PCAP→78W  power=77.2W
[PID] perf=27.236Hz  target=11.388Hz  err=-15.848Hz  corr=-333.90W  u_ff=142.1W  PCAP→78W  power=78.6W
[PID] perf=27.233Hz  target=11.388Hz  err=-15.845Hz  corr=-333.84W  u_ff=142.1W  PCAP→78W  power=77.0W
[PID] perf=27.260Hz  target=11.388Hz  err=-15.873Hz  corr=-334.35W  u_ff=142.1W  PCAP→78W  power=79.1W
[PID] perf=27.283Hz  target=11.388Hz  err=-15.895Hz  corr=-334.77W  u_ff=142.1W  PCAP→78W  power=79.1W
[PID] perf=27.258Hz  target=11.388Hz  err=-15.870Hz  corr=-334.30W  u_ff=142.1W  PCAP→78W  power=79.0W
[PID] perf=27.254Hz  target=11.388Hz  err=-15.866Hz  corr=-334.23W  u_ff=142.1W  PCAP→78W  power=77.6W
[PID] perf=27.250Hz  target=11.388Hz  err=-15.862Hz  corr=-334.16W  u_ff=142.1W  PCAP→78W  power=76.5W
[PID] perf=27.280Hz  target=11.388Hz  err=-15.892Hz  corr=-334.72W  u_ff=142.1W  PCAP→78W  power=77.9W
[PID] perf=27.246Hz  target=11.388Hz  err=-15.859Hz  corr=-334.09W  u_ff=142.1W  PCAP→78W  power=76.6W
[PID] perf=27.242Hz  target=11.388Hz  err=-15.854Hz  corr=-334.00W  u_ff=142.1W  PCAP→78W  power=77.1W
[PID] perf=27.220Hz  target=11.388Hz  err=-15.832Hz  corr=-333.61W  u_ff=142.1W  PCAP→78W  power=77.2W
[PID] perf=27.242Hz  target=11.388Hz  err=-15.854Hz  corr=-334.00W  u_ff=142.1W  PCAP→78W  power=78.1W
[PID] perf=27.145Hz  target=11.388Hz  err=-15.757Hz  corr=-332.21W  u_ff=142.1W  PCAP→78W  power=78.8W
[PID] perf=27.131Hz  target=11.388Hz  err=-15.743Hz  corr=-331.95W  u_ff=142.1W  PCAP→78W  power=78.6W
[PID] perf=27.133Hz  target=11.388Hz  err=-15.745Hz  corr=-331.99W  u_ff=142.1W  PCAP→78W  power=79.0W
[PID] perf=27.205Hz  target=11.388Hz  err=-15.817Hz  corr=-333.32W  u_ff=142.1W  PCAP→78W  power=78.5W
[PID] perf=27.235Hz  target=11.388Hz  err=-15.847Hz  corr=-333.88W  u_ff=142.1W  PCAP→78W  power=77.4W
[PID] perf=27.247Hz  target=11.388Hz  err=-15.860Hz  corr=-334.11W  u_ff=142.1W  PCAP→78W  power=77.1W
[PID] perf=27.193Hz  target=11.388Hz  err=-15.806Hz  corr=-333.11W  u_ff=142.1W  PCAP→78W  power=77.3W
[PID] perf=27.212Hz  target=11.388Hz  err=-15.825Hz  corr=-333.46W  u_ff=142.1W  PCAP→78W  power=77.2W
[PID] perf=27.218Hz  target=11.388Hz  err=-15.830Hz  corr=-333.57W  u_ff=142.1W  PCAP→78W  power=78.2W
[PID] perf=27.206Hz  target=11.388Hz  err=-15.818Hz  corr=-333.34W  u_ff=142.1W  PCAP→78W  power=78.6W
[PID] perf=27.192Hz  target=11.388Hz  err=-15.804Hz  corr=-333.08W  u_ff=142.1W  PCAP→78W  power=76.6W
[PID] perf=27.210Hz  target=11.388Hz  err=-15.822Hz  corr=-333.42W  u_ff=142.1W  PCAP→78W  power=78.6W
[PID] perf=27.207Hz  target=11.388Hz  err=-15.820Hz  corr=-333.37W  u_ff=142.1W  PCAP→78W  power=76.2W
[PID] perf=27.243Hz  target=11.388Hz  err=-15.855Hz  corr=-334.03W  u_ff=142.1W  PCAP→78W  power=78.8W
[PID] perf=27.257Hz  target=11.388Hz  err=-15.869Hz  corr=-334.29W  u_ff=142.1W  PCAP→78W  power=78.6W
[PID] perf=27.214Hz  target=11.388Hz  err=-15.826Hz  corr=-333.48W  u_ff=142.1W  PCAP→78W  power=79.0W
[PID] perf=27.192Hz  target=11.388Hz  err=-15.804Hz  corr=-333.08W  u_ff=142.1W  PCAP→78W  power=79.0W
[PID] perf=27.191Hz  target=11.388Hz  err=-15.804Hz  corr=-333.07W  u_ff=142.1W  PCAP→78W  power=78.8W
[PID] perf=27.220Hz  target=11.388Hz  err=-15.832Hz  corr=-333.60W  u_ff=142.1W  PCAP→78W  power=77.0W
[PID] perf=27.213Hz  target=11.388Hz  err=-15.825Hz  corr=-333.47W  u_ff=142.1W  PCAP→78W  power=78.4W
[PID] perf=27.221Hz  target=11.388Hz  err=-15.833Hz  corr=-333.63W  u_ff=142.1W  PCAP→78W  power=79.4W
[PID] perf=27.212Hz  target=11.388Hz  err=-15.824Hz  corr=-333.45W  u_ff=142.1W  PCAP→78W  power=76.5W
[PID] perf=27.194Hz  target=11.388Hz  err=-15.806Hz  corr=-333.13W  u_ff=142.1W  PCAP→78W  power=78.8W
[PID] perf=27.236Hz  target=11.388Hz  err=-15.848Hz  corr=-333.89W  u_ff=142.1W  PCAP→78W  power=78.5W
[PID] perf=27.250Hz  target=11.388Hz  err=-15.862Hz  corr=-334.16W  u_ff=142.1W  PCAP→78W  power=78.4W
[PID] perf=27.194Hz  target=11.388Hz  err=-15.806Hz  corr=-333.12W  u_ff=142.1W  PCAP→78W  power=76.6W
[PID] perf=28.932Hz  target=11.388Hz  err=-17.544Hz  corr=-365.35W  u_ff=142.1W  PCAP→78W  power=78.3W
[PID] perf=28.976Hz  target=11.388Hz  err=-17.588Hz  corr=-366.17W  u_ff=142.1W  PCAP→78W  power=77.1W
[PID] perf=28.947Hz  target=11.388Hz  err=-17.560Hz  corr=-365.64W  u_ff=142.1W  PCAP→78W  power=77.3W
[PID] perf=28.915Hz  target=11.388Hz  err=-17.527Hz  corr=-365.03W  u_ff=142.1W  PCAP→78W  power=77.9W
[PID] perf=29.156Hz  target=11.388Hz  err=-17.769Hz  corr=-369.51W  u_ff=142.1W  PCAP→78W  power=77.0W
[PID] perf=29.174Hz  target=11.388Hz  err=-17.786Hz  corr=-369.84W  u_ff=142.1W  PCAP→78W  power=78.7W
[PID] perf=29.174Hz  target=11.388Hz  err=-17.786Hz  corr=-369.84W  u_ff=142.1W  PCAP→78W  power=78.9W
[PID] perf=29.195Hz  target=11.388Hz  err=-17.807Hz  corr=-370.23W  u_ff=142.1W  PCAP→78W  power=77.0W
[PID] perf=29.163Hz  target=11.388Hz  err=-17.776Hz  corr=-369.64W  u_ff=142.1W  PCAP→78W  power=76.8W
[PID] perf=29.160Hz  target=11.388Hz  err=-17.772Hz  corr=-369.57W  u_ff=142.1W  PCAP→78W  power=77.6W
[PID] perf=29.184Hz  target=11.388Hz  err=-17.796Hz  corr=-370.02W  u_ff=142.1W  PCAP→78W  power=79.4W
[PID] perf=29.224Hz  target=11.388Hz  err=-17.836Hz  corr=-370.77W  u_ff=142.1W  PCAP→78W  power=78.5W
[PID] perf=29.179Hz  target=11.388Hz  err=-17.792Hz  corr=-369.94W  u_ff=142.1W  PCAP→78W  power=78.7W
[PID] perf=29.146Hz  target=11.388Hz  err=-17.759Hz  corr=-369.33W  u_ff=142.1W  PCAP→78W  power=77.2W
[PID] perf=29.191Hz  target=11.388Hz  err=-17.803Hz  corr=-370.16W  u_ff=142.1W  PCAP→78W  power=78.6W
[PID] perf=29.113Hz  target=11.388Hz  err=-17.726Hz  corr=-368.72W  u_ff=142.1W  PCAP→78W  power=77.6W
[PID] perf=29.165Hz  target=11.388Hz  err=-17.778Hz  corr=-369.68W  u_ff=142.1W  PCAP→78W  power=79.1W
[PID] perf=29.223Hz  target=11.388Hz  err=-17.835Hz  corr=-370.74W  u_ff=142.1W  PCAP→78W  power=78.8W
[PID] perf=29.177Hz  target=11.388Hz  err=-17.789Hz  corr=-369.89W  u_ff=142.1W  PCAP→78W  power=79.1W
[PID] perf=29.150Hz  target=11.388Hz  err=-17.762Hz  corr=-369.39W  u_ff=142.1W  PCAP→78W  power=78.2W
[PID] perf=29.162Hz  target=11.388Hz  err=-17.775Hz  corr=-369.62W  u_ff=142.1W  PCAP→78W  power=77.5W
[PID] perf=29.136Hz  target=11.388Hz  err=-17.748Hz  corr=-369.14W  u_ff=142.1W  PCAP→78W  power=77.2W
[PID] perf=29.151Hz  target=11.388Hz  err=-17.764Hz  corr=-369.42W  u_ff=142.1W  PCAP→78W  power=79.0W
[PID] perf=29.153Hz  target=11.388Hz  err=-17.765Hz  corr=-369.45W  u_ff=142.1W  PCAP→78W  power=78.7W
[PID] perf=29.147Hz  target=11.388Hz  err=-17.759Hz  corr=-369.34W  u_ff=142.1W  PCAP→78W  power=76.8W
[PID] perf=29.162Hz  target=11.388Hz  err=-17.774Hz  corr=-369.62W  u_ff=142.1W  PCAP→78W  power=78.7W
[PID] perf=29.141Hz  target=11.388Hz  err=-17.753Hz  corr=-369.23W  u_ff=142.1W  PCAP→78W  power=77.2W
[PID] perf=29.143Hz  target=11.388Hz  err=-17.756Hz  corr=-369.27W  u_ff=142.1W  PCAP→78W  power=77.4W
[PID] perf=29.031Hz  target=11.388Hz  err=-17.644Hz  corr=-367.20W  u_ff=142.1W  PCAP→78W  power=78.8W
[PID] perf=27.642Hz  target=11.388Hz  err=-16.254Hz  corr=-341.43W  u_ff=142.1W  PCAP→78W  power=76.3W
[PID] perf=27.675Hz  target=11.388Hz  err=-16.288Hz  corr=-342.05W  u_ff=142.1W  PCAP→78W  power=77.2W
[PID] perf=27.686Hz  target=11.388Hz  err=-16.298Hz  corr=-342.25W  u_ff=142.1W  PCAP→78W  power=76.9W
[PID] perf=27.660Hz  target=11.388Hz  err=-16.273Hz  corr=-341.77W  u_ff=142.1W  PCAP→78W  power=77.8W
[PID] perf=27.201Hz  target=11.388Hz  err=-15.814Hz  corr=-333.26W  u_ff=142.1W  PCAP→78W  power=78.9W
[PID] perf=26.233Hz  target=11.388Hz  err=-14.845Hz  corr=-315.30W  u_ff=142.1W  PCAP→78W  power=78.3W
[PID] perf=26.476Hz  target=11.388Hz  err=-15.089Hz  corr=-319.81W  u_ff=142.1W  PCAP→78W  power=79.0W
[PID] perf=26.518Hz  target=11.388Hz  err=-15.131Hz  corr=-320.59W  u_ff=142.1W  PCAP→78W  power=78.3W
[PID] perf=10.721Hz  target=11.388Hz  err=+0.667Hz  corr=-18.20W  u_ff=142.1W  PCAP→124W  power=78.1W
[PID] perf=74.534Hz  target=11.388Hz  err=-63.146Hz  corr=-1211.02W  u_ff=142.1W  PCAP→78W  power=124.0W
[PID] perf=44.773Hz  target=11.388Hz  err=-33.385Hz  corr=-659.11W  u_ff=142.1W  PCAP→78W  power=79.2W
[PID] perf=85.280Hz  target=11.388Hz  err=-73.893Hz  corr=-1410.31W  u_ff=142.1W  PCAP→78W  power=78.1W
[PID] perf=49.078Hz  target=11.388Hz  err=-37.690Hz  corr=-738.95W  u_ff=142.1W  PCAP→78W  power=78.6W
[PID] perf=11.612Hz  target=11.388Hz  err=-0.224Hz  corr=-35.55W  u_ff=142.1W  PCAP→107W  power=76.5W
[PID] perf=47.115Hz  target=11.388Hz  err=-35.727Hz  corr=-702.54W  u_ff=142.1W  PCAP→78W  power=107.9W
[PID] perf=9.146Hz  target=11.388Hz  err=+2.241Hz  corr=+18.48W  u_ff=142.1W  PCAP→159W  power=78.5W
[PID] perf=35.573Hz  target=11.388Hz  err=-24.185Hz  corr=-488.51W  u_ff=142.1W  PCAP→78W  power=173.8W
[PID] perf=26.683Hz  target=11.388Hz  err=-15.295Hz  corr=-323.64W  u_ff=142.1W  PCAP→78W  power=78.5W
[PID] perf=26.737Hz  target=11.388Hz  err=-15.349Hz  corr=-324.64W  u_ff=142.1W  PCAP→78W  power=77.8W
[PID] perf=26.737Hz  target=11.388Hz  err=-15.349Hz  corr=-324.65W  u_ff=142.1W  PCAP→78W  power=78.8W
[PID] perf=26.758Hz  target=11.388Hz  err=-15.371Hz  corr=-325.05W  u_ff=142.1W  PCAP→78W  power=77.2W
[PID] perf=26.739Hz  target=11.388Hz  err=-15.351Hz  corr=-324.68W  u_ff=142.1W  PCAP→78W  power=76.9W
[PID] perf=26.756Hz  target=11.388Hz  err=-15.368Hz  corr=-325.00W  u_ff=142.1W  PCAP→78W  power=76.6W
[PID] perf=26.788Hz  target=11.388Hz  err=-15.400Hz  corr=-325.59W  u_ff=142.1W  PCAP→78W  power=79.0W
[PID] perf=26.764Hz  target=11.388Hz  err=-15.377Hz  corr=-325.16W  u_ff=142.1W  PCAP→78W  power=77.1W
[PID] perf=26.729Hz  target=11.388Hz  err=-15.341Hz  corr=-324.50W  u_ff=142.1W  PCAP→78W  power=76.8W
[PID] perf=26.767Hz  target=11.388Hz  err=-15.379Hz  corr=-325.20W  u_ff=142.1W  PCAP→78W  power=79.0W
[PID] perf=26.785Hz  target=11.388Hz  err=-15.398Hz  corr=-325.54W  u_ff=142.1W  PCAP→78W  power=78.4W
[PID] perf=26.751Hz  target=11.388Hz  err=-15.364Hz  corr=-324.91W  u_ff=142.1W  PCAP→78W  power=79.0W
[PID] perf=26.781Hz  target=11.388Hz  err=-15.393Hz  corr=-325.46W  u_ff=142.1W  PCAP→78W  power=77.4W
[PID] perf=26.716Hz  target=11.388Hz  err=-15.328Hz  corr=-324.25W  u_ff=142.1W  PCAP→78W  power=76.4W
[PID] perf=26.757Hz  target=11.388Hz  err=-15.370Hz  corr=-325.02W  u_ff=142.1W  PCAP→78W  power=77.4W
[PID] perf=26.785Hz  target=11.388Hz  err=-15.397Hz  corr=-325.53W  u_ff=142.1W  PCAP→78W  power=76.8W
[PID] perf=26.756Hz  target=11.388Hz  err=-15.368Hz  corr=-325.00W  u_ff=142.1W  PCAP→78W  power=77.8W
[PID] perf=26.783Hz  target=11.388Hz  err=-15.396Hz  corr=-325.51W  u_ff=142.1W  PCAP→78W  power=79.4W
[PID] perf=26.725Hz  target=11.388Hz  err=-15.337Hz  corr=-324.43W  u_ff=142.1W  PCAP→78W  power=78.5W
[PID] perf=26.326Hz  target=11.388Hz  err=-14.938Hz  corr=-317.03W  u_ff=142.1W  PCAP→78W  power=79.1W
[PID] perf=26.415Hz  target=11.388Hz  err=-15.027Hz  corr=-318.68W  u_ff=142.1W  PCAP→78W  power=78.7W
[PID] perf=26.408Hz  target=11.388Hz  err=-15.020Hz  corr=-318.54W  u_ff=142.1W  PCAP→78W  power=78.6W
[PID] perf=26.452Hz  target=11.388Hz  err=-15.064Hz  corr=-319.35W  u_ff=142.1W  PCAP→78W  power=77.2W
[PID] perf=26.445Hz  target=11.388Hz  err=-15.057Hz  corr=-319.23W  u_ff=142.1W  PCAP→78W  power=77.4W
[PID] perf=26.469Hz  target=11.388Hz  err=-15.081Hz  corr=-319.68W  u_ff=142.1W  PCAP→78W  power=77.7W
[PID] perf=26.487Hz  target=11.388Hz  err=-15.099Hz  corr=-320.01W  u_ff=142.1W  PCAP→78W  power=77.4W
[PID] perf=26.469Hz  target=11.388Hz  err=-15.082Hz  corr=-319.68W  u_ff=142.1W  PCAP→78W  power=78.0W
[PID] perf=26.597Hz  target=11.388Hz  err=-15.209Hz  corr=-322.04W  u_ff=142.1W  PCAP→78W  power=77.4W
[PID] perf=27.063Hz  target=11.388Hz  err=-15.675Hz  corr=-330.69W  u_ff=142.1W  PCAP→78W  power=78.9W
[PID] perf=27.421Hz  target=11.388Hz  err=-16.034Hz  corr=-337.34W  u_ff=142.1W  PCAP→78W  power=78.9W
[PID] perf=27.403Hz  target=11.388Hz  err=-16.015Hz  corr=-337.00W  u_ff=142.1W  PCAP→78W  power=77.8W
[PID] perf=27.440Hz  target=11.388Hz  err=-16.052Hz  corr=-337.69W  u_ff=142.1W  PCAP→78W  power=78.6W
[PID] perf=27.402Hz  target=11.388Hz  err=-16.014Hz  corr=-336.98W  u_ff=142.1W  PCAP→78W  power=76.8W
[PID] perf=27.421Hz  target=11.388Hz  err=-16.033Hz  corr=-337.33W  u_ff=142.1W  PCAP→78W  power=79.2W
[PID] perf=27.425Hz  target=11.388Hz  err=-16.038Hz  corr=-337.42W  u_ff=142.1W  PCAP→78W  power=78.8W
[PID] perf=27.458Hz  target=11.388Hz  err=-16.070Hz  corr=-338.01W  u_ff=142.1W  PCAP→78W  power=77.8W
[PID] perf=27.438Hz  target=11.388Hz  err=-16.050Hz  corr=-337.64W  u_ff=142.1W  PCAP→78W  power=78.3W
[PID] perf=27.446Hz  target=11.388Hz  err=-16.058Hz  corr=-337.79W  u_ff=142.1W  PCAP→78W  power=78.9W
[PID] perf=27.433Hz  target=11.388Hz  err=-16.046Hz  corr=-337.56W  u_ff=142.1W  PCAP→78W  power=77.5W
[PID] perf=27.464Hz  target=11.388Hz  err=-16.077Hz  corr=-338.14W  u_ff=142.1W  PCAP→78W  power=76.3W
[PID] perf=27.485Hz  target=11.388Hz  err=-16.097Hz  corr=-338.52W  u_ff=142.1W  PCAP→78W  power=77.6W
[PID] perf=27.509Hz  target=11.388Hz  err=-16.121Hz  corr=-338.96W  u_ff=142.1W  PCAP→78W  power=77.1W
[PID] perf=27.299Hz  target=11.388Hz  err=-15.911Hz  corr=-335.07W  u_ff=142.1W  PCAP→78W  power=77.9W
[PID] perf=27.384Hz  target=11.388Hz  err=-15.996Hz  corr=-336.64W  u_ff=142.1W  PCAP→78W  power=76.9W
[PID] perf=27.434Hz  target=11.388Hz  err=-16.047Hz  corr=-337.58W  u_ff=142.1W  PCAP→78W  power=78.0W
[PID] perf=27.421Hz  target=11.388Hz  err=-16.034Hz  corr=-337.34W  u_ff=142.1W  PCAP→78W  power=79.4W
[PID] perf=27.411Hz  target=11.388Hz  err=-16.024Hz  corr=-337.15W  u_ff=142.1W  PCAP→78W  power=79.0W
[PID] perf=27.405Hz  target=11.388Hz  err=-16.017Hz  corr=-337.03W  u_ff=142.1W  PCAP→78W  power=77.9W
[PID] perf=27.385Hz  target=11.388Hz  err=-15.997Hz  corr=-336.66W  u_ff=142.1W  PCAP→78W  power=77.1W
[PID] perf=27.411Hz  target=11.388Hz  err=-16.023Hz  corr=-337.15W  u_ff=142.1W  PCAP→78W  power=77.8W
[PID] perf=27.424Hz  target=11.388Hz  err=-16.036Hz  corr=-337.38W  u_ff=142.1W  PCAP→78W  power=78.1W
[PID] perf=27.373Hz  target=11.388Hz  err=-15.985Hz  corr=-336.44W  u_ff=142.1W  PCAP→78W  power=77.2W
[PID] perf=27.411Hz  target=11.388Hz  err=-16.023Hz  corr=-337.14W  u_ff=142.1W  PCAP→78W  power=78.4W
[PID] perf=27.414Hz  target=11.388Hz  err=-16.026Hz  corr=-337.20W  u_ff=142.1W  PCAP→78W  power=79.7W
[PID] perf=27.364Hz  target=11.388Hz  err=-15.976Hz  corr=-336.27W  u_ff=142.1W  PCAP→78W  power=78.9W
[PID] perf=27.404Hz  target=11.388Hz  err=-16.016Hz  corr=-337.01W  u_ff=142.1W  PCAP→78W  power=78.2W
[PID] perf=27.394Hz  target=11.388Hz  err=-16.006Hz  corr=-336.83W  u_ff=142.1W  PCAP→78W  power=79.1W
[PID] perf=27.369Hz  target=11.388Hz  err=-15.982Hz  corr=-336.37W  u_ff=142.1W  PCAP→78W  power=79.4W
[PID] perf=27.379Hz  target=11.388Hz  err=-15.991Hz  corr=-336.55W  u_ff=142.1W  PCAP→78W  power=77.2W
[PID] perf=27.726Hz  target=11.388Hz  err=-16.338Hz  corr=-342.99W  u_ff=142.1W  PCAP→78W  power=77.2W
[PID] perf=27.756Hz  target=11.388Hz  err=-16.368Hz  corr=-343.54W  u_ff=142.1W  PCAP→78W  power=77.1W
[PID] perf=27.726Hz  target=11.388Hz  err=-16.339Hz  corr=-342.99W  u_ff=142.1W  PCAP→78W  power=76.7W
[PID] perf=27.787Hz  target=11.388Hz  err=-16.399Hz  corr=-344.11W  u_ff=142.1W  PCAP→78W  power=77.5W
[PID] perf=27.782Hz  target=11.388Hz  err=-16.395Hz  corr=-344.03W  u_ff=142.1W  PCAP→78W  power=78.6W
[PID] perf=27.765Hz  target=11.388Hz  err=-16.377Hz  corr=-343.71W  u_ff=142.1W  PCAP→78W  power=77.1W
[PID] perf=27.745Hz  target=11.388Hz  err=-16.357Hz  corr=-343.34W  u_ff=142.1W  PCAP→78W  power=76.3W
[PID] perf=27.798Hz  target=11.388Hz  err=-16.410Hz  corr=-344.32W  u_ff=142.1W  PCAP→78W  power=76.3W
[PID] perf=27.789Hz  target=11.388Hz  err=-16.401Hz  corr=-344.15W  u_ff=142.1W  PCAP→78W  power=77.8W
[PID] perf=27.793Hz  target=11.388Hz  err=-16.405Hz  corr=-344.23W  u_ff=142.1W  PCAP→78W  power=78.3W
[PID] perf=27.739Hz  target=11.388Hz  err=-16.351Hz  corr=-343.23W  u_ff=142.1W  PCAP→78W  power=78.5W
[PID] perf=27.764Hz  target=11.388Hz  err=-16.376Hz  corr=-343.68W  u_ff=142.1W  PCAP→78W  power=76.4W
[PID] perf=27.733Hz  target=11.388Hz  err=-16.346Hz  corr=-343.12W  u_ff=142.1W  PCAP→78W  power=78.1W
[PID] perf=27.740Hz  target=11.388Hz  err=-16.352Hz  corr=-343.25W  u_ff=142.1W  PCAP→78W  power=79.0W
[PID] perf=27.759Hz  target=11.388Hz  err=-16.371Hz  corr=-343.59W  u_ff=142.1W  PCAP→78W  power=77.2W
[PID] perf=27.795Hz  target=11.388Hz  err=-16.407Hz  corr=-344.26W  u_ff=142.1W  PCAP→78W  power=77.8W
[PID] perf=27.771Hz  target=11.388Hz  err=-16.383Hz  corr=-343.82W  u_ff=142.1W  PCAP→78W  power=78.7W
[PID] perf=27.796Hz  target=11.388Hz  err=-16.408Hz  corr=-344.28W  u_ff=142.1W  PCAP→78W  power=78.9W
[PID] perf=27.756Hz  target=11.388Hz  err=-16.369Hz  corr=-343.55W  u_ff=142.1W  PCAP→78W  power=79.2W
[PID] perf=27.748Hz  target=11.388Hz  err=-16.361Hz  corr=-343.40W  u_ff=142.1W  PCAP→78W  power=78.0W
[PID] perf=27.738Hz  target=11.388Hz  err=-16.350Hz  corr=-343.21W  u_ff=142.1W  PCAP→78W  power=76.2W
[PID] perf=27.782Hz  target=11.388Hz  err=-16.394Hz  corr=-344.02W  u_ff=142.1W  PCAP→78W  power=76.2W
[PID] perf=27.785Hz  target=11.388Hz  err=-16.397Hz  corr=-344.08W  u_ff=142.1W  PCAP→78W  power=79.6W
[PID] perf=27.810Hz  target=11.388Hz  err=-16.422Hz  corr=-344.54W  u_ff=142.1W  PCAP→78W  power=77.5W
[PID] perf=27.793Hz  target=11.388Hz  err=-16.405Hz  corr=-344.22W  u_ff=142.1W  PCAP→78W  power=78.3W
[PID] perf=27.773Hz  target=11.388Hz  err=-16.385Hz  corr=-343.86W  u_ff=142.1W  PCAP→78W  power=77.6W
[PID] perf=27.762Hz  target=11.388Hz  err=-16.374Hz  corr=-343.65W  u_ff=142.1W  PCAP→78W  power=77.6W
[PID] perf=27.754Hz  target=11.388Hz  err=-16.366Hz  corr=-343.51W  u_ff=142.1W  PCAP→78W  power=78.6W
[PID] perf=27.712Hz  target=11.388Hz  err=-16.324Hz  corr=-342.72W  u_ff=142.1W  PCAP→78W  power=76.5W
[PID] perf=27.736Hz  target=11.388Hz  err=-16.349Hz  corr=-343.18W  u_ff=142.1W  PCAP→78W  power=78.2W
[PID] perf=27.754Hz  target=11.388Hz  err=-16.367Hz  corr=-343.52W  u_ff=142.1W  PCAP→78W  power=77.8W
[PID] perf=27.796Hz  target=11.388Hz  err=-16.408Hz  corr=-344.28W  u_ff=142.1W  PCAP→78W  power=77.2W
[PID] perf=27.777Hz  target=11.388Hz  err=-16.389Hz  corr=-343.93W  u_ff=142.1W  PCAP→78W  power=78.8W
[PID] perf=27.796Hz  target=11.388Hz  err=-16.408Hz  corr=-344.28W  u_ff=142.1W  PCAP→78W  power=78.1W
[PID] perf=27.757Hz  target=11.388Hz  err=-16.369Hz  corr=-343.56W  u_ff=142.1W  PCAP→78W  power=78.4W
[PID] perf=27.748Hz  target=11.388Hz  err=-16.360Hz  corr=-343.39W  u_ff=142.1W  PCAP→78W  power=78.5W
[PID] perf=27.733Hz  target=11.388Hz  err=-16.345Hz  corr=-343.11W  u_ff=142.1W  PCAP→78W  power=78.7W
[PID] perf=27.724Hz  target=11.388Hz  err=-16.336Hz  corr=-342.95W  u_ff=142.1W  PCAP→78W  power=78.4W
[PID] perf=27.734Hz  target=11.388Hz  err=-16.347Hz  corr=-343.14W  u_ff=142.1W  PCAP→78W  power=77.7W
[PID] perf=27.758Hz  target=11.388Hz  err=-16.370Hz  corr=-343.57W  u_ff=142.1W  PCAP→78W  power=76.6W
[PID] perf=27.729Hz  target=11.388Hz  err=-16.341Hz  corr=-343.05W  u_ff=142.1W  PCAP→78W  power=76.5W
[PID] perf=27.765Hz  target=11.388Hz  err=-16.377Hz  corr=-343.70W  u_ff=142.1W  PCAP→78W  power=78.5W
[PID] perf=27.722Hz  target=11.388Hz  err=-16.334Hz  corr=-342.91W  u_ff=142.1W  PCAP→78W  power=78.3W
[PID] perf=27.712Hz  target=11.388Hz  err=-16.324Hz  corr=-342.73W  u_ff=142.1W  PCAP→78W  power=76.2W
[PID] perf=27.739Hz  target=11.388Hz  err=-16.351Hz  corr=-343.23W  u_ff=142.1W  PCAP→78W  power=78.6W
[PID] perf=27.757Hz  target=11.388Hz  err=-16.369Hz  corr=-343.56W  u_ff=142.1W  PCAP→78W  power=76.3W
[PID] perf=27.735Hz  target=11.388Hz  err=-16.348Hz  corr=-343.16W  u_ff=142.1W  PCAP→78W  power=77.9W
[PID] perf=27.726Hz  target=11.388Hz  err=-16.339Hz  corr=-342.99W  u_ff=142.1W  PCAP→78W  power=77.2W
[PID] perf=27.732Hz  target=11.388Hz  err=-16.344Hz  corr=-343.10W  u_ff=142.1W  PCAP→78W  power=78.1W
[PID] perf=27.717Hz  target=11.388Hz  err=-16.329Hz  corr=-342.82W  u_ff=142.1W  PCAP→78W  power=78.4W
[PID] perf=27.761Hz  target=11.388Hz  err=-16.373Hz  corr=-343.63W  u_ff=142.1W  PCAP→78W  power=78.3W
[PID] perf=27.690Hz  target=11.388Hz  err=-16.302Hz  corr=-342.32W  u_ff=142.1W  PCAP→78W  power=77.1W
[PID] perf=27.743Hz  target=11.388Hz  err=-16.356Hz  corr=-343.31W  u_ff=142.1W  PCAP→78W  power=77.1W
[PID] perf=27.713Hz  target=11.388Hz  err=-16.325Hz  corr=-342.74W  u_ff=142.1W  PCAP→78W  power=77.8W
[PID] perf=27.770Hz  target=11.388Hz  err=-16.382Hz  corr=-343.81W  u_ff=142.1W  PCAP→78W  power=78.2W
[PID] perf=27.725Hz  target=11.388Hz  err=-16.337Hz  corr=-342.97W  u_ff=142.1W  PCAP→78W  power=77.9W
[PID] perf=27.750Hz  target=11.388Hz  err=-16.362Hz  corr=-343.44W  u_ff=142.1W  PCAP→78W  power=77.6W
[PID] perf=27.758Hz  target=11.388Hz  err=-16.370Hz  corr=-343.57W  u_ff=142.1W  PCAP→78W  power=79.5W
[PID] perf=27.699Hz  target=11.388Hz  err=-16.312Hz  corr=-342.49W  u_ff=142.1W  PCAP→78W  power=77.6W
[PID] perf=27.683Hz  target=11.388Hz  err=-16.295Hz  corr=-342.18W  u_ff=142.1W  PCAP→78W  power=77.9W
[PID] perf=27.717Hz  target=11.388Hz  err=-16.329Hz  corr=-342.81W  u_ff=142.1W  PCAP→78W  power=77.9W
[PID] perf=27.725Hz  target=11.388Hz  err=-16.337Hz  corr=-342.97W  u_ff=142.1W  PCAP→78W  power=78.5W
[PID] perf=27.742Hz  target=11.388Hz  err=-16.354Hz  corr=-343.28W  u_ff=142.1W  PCAP→78W  power=76.8W
[PID] perf=27.726Hz  target=11.388Hz  err=-16.339Hz  corr=-343.00W  u_ff=142.1W  PCAP→78W  power=78.7W
[PID] perf=27.742Hz  target=11.388Hz  err=-16.354Hz  corr=-343.29W  u_ff=142.1W  PCAP→78W  power=77.2W
[PID] perf=27.755Hz  target=11.388Hz  err=-16.367Hz  corr=-343.52W  u_ff=142.1W  PCAP→78W  power=79.1W
[PID] perf=27.730Hz  target=11.388Hz  err=-16.342Hz  corr=-343.06W  u_ff=142.1W  PCAP→78W  power=78.8W
[PID] perf=27.754Hz  target=11.388Hz  err=-16.366Hz  corr=-343.50W  u_ff=142.1W  PCAP→78W  power=78.7W
[PID] perf=27.762Hz  target=11.388Hz  err=-16.374Hz  corr=-343.65W  u_ff=142.1W  PCAP→78W  power=76.3W
[PID] perf=27.754Hz  target=11.388Hz  err=-16.366Hz  corr=-343.50W  u_ff=142.1W  PCAP→78W  power=76.5W
[PID] perf=27.758Hz  target=11.388Hz  err=-16.370Hz  corr=-343.58W  u_ff=142.1W  PCAP→78W  power=77.1W
[PID] perf=27.749Hz  target=11.388Hz  err=-16.361Hz  corr=-343.41W  u_ff=142.1W  PCAP→78W  power=78.3W
[PID] perf=27.749Hz  target=11.388Hz  err=-16.361Hz  corr=-343.41W  u_ff=142.1W  PCAP→78W  power=76.1W
[PID] perf=27.794Hz  target=11.388Hz  err=-16.406Hz  corr=-344.24W  u_ff=142.1W  PCAP→78W  power=77.8W
[PID] perf=27.796Hz  target=11.388Hz  err=-16.408Hz  corr=-344.28W  u_ff=142.1W  PCAP→78W  power=79.1W
[PID] perf=27.791Hz  target=11.388Hz  err=-16.403Hz  corr=-344.20W  u_ff=142.1W  PCAP→78W  power=76.9W
[PID] perf=27.740Hz  target=11.388Hz  err=-16.353Hz  corr=-343.25W  u_ff=142.1W  PCAP→78W  power=77.0W
[PID] perf=27.766Hz  target=11.388Hz  err=-16.379Hz  corr=-343.74W  u_ff=142.1W  PCAP→78W  power=78.2W
[PID] perf=27.731Hz  target=11.388Hz  err=-16.343Hz  corr=-343.08W  u_ff=142.1W  PCAP→78W  power=78.5W
[PID] perf=27.681Hz  target=11.388Hz  err=-16.293Hz  corr=-342.16W  u_ff=142.1W  PCAP→78W  power=78.5W
[PID] perf=27.712Hz  target=11.388Hz  err=-16.324Hz  corr=-342.73W  u_ff=142.1W  PCAP→78W  power=78.3W
[PID] perf=26.356Hz  target=11.388Hz  err=-14.968Hz  corr=-317.57W  u_ff=142.1W  PCAP→78W  power=78.4W
[PID] perf=26.466Hz  target=11.388Hz  err=-15.078Hz  corr=-319.62W  u_ff=142.1W  PCAP→78W  power=80.6W
[PID] perf=26.463Hz  target=11.388Hz  err=-15.075Hz  corr=-319.56W  u_ff=142.1W  PCAP→78W  power=78.9W
[PID] perf=26.431Hz  target=11.388Hz  err=-15.043Hz  corr=-318.97W  u_ff=142.1W  PCAP→78W  power=76.5W
[PID] perf=26.601Hz  target=11.388Hz  err=-15.213Hz  corr=-322.12W  u_ff=142.1W  PCAP→78W  power=76.6W
[PID] perf=26.637Hz  target=11.388Hz  err=-15.249Hz  corr=-322.79W  u_ff=142.1W  PCAP→78W  power=78.7W
[PID] perf=26.646Hz  target=11.388Hz  err=-15.259Hz  corr=-322.97W  u_ff=142.1W  PCAP→78W  power=78.9W
Process completed.
Compressed into /home/cc/summer2024/main_codes/pid_controller/../experiment_data/PID_Control_sweep/ones-npb-cg/compressed_iteration_20260513_171630.tar
----------------------------------

>>> Step 3/3

[ones-npb-cg]
  target perf      : 11.3877 Hz
  coefficients_perf: [-0.0006547837485238978, 0.18607436314256556, -1.8317688501798497]
  feedforward PCAP : 142.07 W  →  141 W (snapped)
  Perf(u_ff) check : 11.3877 Hz  (should ≈ target)
  PID gains        : Kp=18.5447 W/Hz  Ki=1.85447 W/(Hz·s)  Kd=0.0000
[PID] Awaiting data — feedforward PCAP=141W
[PID] Awaiting data — feedforward PCAP=141W
[PID] Awaiting data — feedforward PCAP=141W
[PID] Awaiting data — feedforward PCAP=141W
[PID] Awaiting data — feedforward PCAP=141W
[PID] Awaiting data — feedforward PCAP=141W
[PID] perf=20.345Hz  target=11.388Hz  err=-8.957Hz  corr=-199.34W  u_ff=142.1W  PCAP→78W  power=nanW
[PID] perf=18.154Hz  target=11.388Hz  err=-6.766Hz  corr=-165.48W  u_ff=142.1W  PCAP→78W  power=77.7W
[PID] perf=18.188Hz  target=11.388Hz  err=-6.801Hz  corr=-166.12W  u_ff=142.1W  PCAP→78W  power=nanW
[PID] perf=18.136Hz  target=11.388Hz  err=-6.748Hz  corr=-165.15W  u_ff=142.1W  PCAP→78W  power=78.2W
[PID] perf=18.173Hz  target=11.388Hz  err=-6.785Hz  corr=-165.82W  u_ff=142.1W  PCAP→78W  power=77.5W
[PID] perf=18.181Hz  target=11.388Hz  err=-6.793Hz  corr=-165.97W  u_ff=142.1W  PCAP→78W  power=78.0W
[PID] perf=18.160Hz  target=11.388Hz  err=-6.772Hz  corr=-165.59W  u_ff=142.1W  PCAP→78W  power=78.6W
[PID] perf=18.188Hz  target=11.388Hz  err=-6.800Hz  corr=-166.11W  u_ff=142.1W  PCAP→78W  power=78.0W
[PID] perf=18.193Hz  target=11.388Hz  err=-6.805Hz  corr=-166.20W  u_ff=142.1W  PCAP→78W  power=78.8W
[PID] perf=18.194Hz  target=11.388Hz  err=-6.806Hz  corr=-166.22W  u_ff=142.1W  PCAP→78W  power=79.3W
[PID] perf=18.165Hz  target=11.388Hz  err=-6.777Hz  corr=-165.68W  u_ff=142.1W  PCAP→78W  power=77.2W
[PID] perf=18.191Hz  target=11.388Hz  err=-6.803Hz  corr=-166.16W  u_ff=142.1W  PCAP→78W  power=77.1W
[PID] perf=18.163Hz  target=11.388Hz  err=-6.775Hz  corr=-165.65W  u_ff=142.1W  PCAP→78W  power=78.0W
[PID] perf=18.180Hz  target=11.388Hz  err=-6.792Hz  corr=-165.95W  u_ff=142.1W  PCAP→78W  power=nanW
[PID] perf=18.188Hz  target=11.388Hz  err=-6.801Hz  corr=-166.11W  u_ff=142.1W  PCAP→78W  power=nanW
[PID] perf=18.151Hz  target=11.388Hz  err=-6.764Hz  corr=-165.43W  u_ff=142.1W  PCAP→78W  power=76.4W
[PID] perf=18.183Hz  target=11.388Hz  err=-6.795Hz  corr=-166.01W  u_ff=142.1W  PCAP→78W  power=78.7W
[PID] perf=18.193Hz  target=11.388Hz  err=-6.806Hz  corr=-166.21W  u_ff=142.1W  PCAP→78W  power=78.6W
[PID] perf=18.198Hz  target=11.388Hz  err=-6.810Hz  corr=-166.29W  u_ff=142.1W  PCAP→78W  power=77.9W
[PID] perf=18.173Hz  target=11.388Hz  err=-6.785Hz  corr=-165.83W  u_ff=142.1W  PCAP→78W  power=78.8W
[PID] perf=18.207Hz  target=11.388Hz  err=-6.819Hz  corr=-166.46W  u_ff=142.1W  PCAP→78W  power=nanW
[PID] perf=18.174Hz  target=11.388Hz  err=-6.786Hz  corr=-165.85W  u_ff=142.1W  PCAP→78W  power=77.1W
[PID] perf=18.165Hz  target=11.388Hz  err=-6.777Hz  corr=-165.68W  u_ff=142.1W  PCAP→78W  power=77.1W
[PID] perf=24.030Hz  target=11.388Hz  err=-12.642Hz  corr=-274.45W  u_ff=142.1W  PCAP→78W  power=77.9W
[PID] perf=28.811Hz  target=11.388Hz  err=-17.423Hz  corr=-363.11W  u_ff=142.1W  PCAP→78W  power=78.0W
[PID] perf=29.425Hz  target=11.388Hz  err=-18.038Hz  corr=-374.50W  u_ff=142.1W  PCAP→78W  power=78.5W
[PID] perf=29.508Hz  target=11.388Hz  err=-18.121Hz  corr=-376.04W  u_ff=142.1W  PCAP→78W  power=nanW
[PID] perf=29.435Hz  target=11.388Hz  err=-18.048Hz  corr=-374.69W  u_ff=142.1W  PCAP→78W  power=78.5W
[PID] perf=29.477Hz  target=11.388Hz  err=-18.089Hz  corr=-375.45W  u_ff=142.1W  PCAP→78W  power=78.5W
[PID] perf=29.462Hz  target=11.388Hz  err=-18.075Hz  corr=-375.19W  u_ff=142.1W  PCAP→78W  power=78.5W
[PID] perf=29.445Hz  target=11.388Hz  err=-18.058Hz  corr=-374.87W  u_ff=142.1W  PCAP→78W  power=78.8W
[PID] perf=29.451Hz  target=11.388Hz  err=-18.064Hz  corr=-374.99W  u_ff=142.1W  PCAP→78W  power=79.4W
[PID] perf=29.424Hz  target=11.388Hz  err=-18.036Hz  corr=-374.47W  u_ff=142.1W  PCAP→78W  power=79.3W
[PID] perf=29.415Hz  target=11.388Hz  err=-18.027Hz  corr=-374.31W  u_ff=142.1W  PCAP→78W  power=77.8W
[PID] perf=29.428Hz  target=11.388Hz  err=-18.040Hz  corr=-374.55W  u_ff=142.1W  PCAP→78W  power=77.3W
[PID] perf=29.465Hz  target=11.388Hz  err=-18.077Hz  corr=-375.23W  u_ff=142.1W  PCAP→78W  power=78.0W
[PID] perf=29.460Hz  target=11.388Hz  err=-18.072Hz  corr=-375.15W  u_ff=142.1W  PCAP→78W  power=78.0W
[PID] perf=29.451Hz  target=11.388Hz  err=-18.063Hz  corr=-374.98W  u_ff=142.1W  PCAP→78W  power=78.4W
[PID] perf=28.454Hz  target=11.388Hz  err=-17.066Hz  corr=-356.49W  u_ff=142.1W  PCAP→78W  power=77.9W
[PID] perf=27.861Hz  target=11.388Hz  err=-16.473Hz  corr=-345.50W  u_ff=142.1W  PCAP→78W  power=78.3W
[PID] perf=29.458Hz  target=11.388Hz  err=-18.070Hz  corr=-375.11W  u_ff=142.1W  PCAP→78W  power=78.8W
[PID] perf=29.459Hz  target=11.388Hz  err=-18.072Hz  corr=-375.13W  u_ff=142.1W  PCAP→78W  power=78.5W
[PID] perf=29.415Hz  target=11.388Hz  err=-18.027Hz  corr=-374.31W  u_ff=142.1W  PCAP→78W  power=78.5W
[PID] perf=29.446Hz  target=11.388Hz  err=-18.059Hz  corr=-374.89W  u_ff=142.1W  PCAP→78W  power=nanW
[PID] perf=29.301Hz  target=11.388Hz  err=-17.913Hz  corr=-372.19W  u_ff=142.1W  PCAP→78W  power=77.9W
[PID] perf=27.845Hz  target=11.388Hz  err=-16.457Hz  corr=-345.19W  u_ff=142.1W  PCAP→78W  power=77.7W
[PID] perf=27.860Hz  target=11.388Hz  err=-16.472Hz  corr=-345.46W  u_ff=142.1W  PCAP→78W  power=78.0W
[PID] perf=27.921Hz  target=11.388Hz  err=-16.533Hz  corr=-346.60W  u_ff=142.1W  PCAP→78W  power=76.6W
[PID] perf=27.963Hz  target=11.388Hz  err=-16.575Hz  corr=-347.38W  u_ff=142.1W  PCAP→78W  power=77.4W
[PID] perf=27.958Hz  target=11.388Hz  err=-16.570Hz  corr=-347.28W  u_ff=142.1W  PCAP→78W  power=78.8W
[PID] perf=27.973Hz  target=11.388Hz  err=-16.586Hz  corr=-347.58W  u_ff=142.1W  PCAP→78W  power=77.9W
[PID] perf=27.980Hz  target=11.388Hz  err=-16.593Hz  corr=-347.71W  u_ff=142.1W  PCAP→78W  power=79.7W
[PID] perf=27.992Hz  target=11.388Hz  err=-16.604Hz  corr=-347.92W  u_ff=142.1W  PCAP→78W  power=77.3W
[PID] perf=27.926Hz  target=11.388Hz  err=-16.538Hz  corr=-346.69W  u_ff=142.1W  PCAP→78W  power=79.4W
[PID] perf=27.980Hz  target=11.388Hz  err=-16.592Hz  corr=-347.69W  u_ff=142.1W  PCAP→78W  power=79.5W
[PID] perf=27.961Hz  target=11.388Hz  err=-16.574Hz  corr=-347.36W  u_ff=142.1W  PCAP→78W  power=78.8W
[PID] perf=27.970Hz  target=11.388Hz  err=-16.582Hz  corr=-347.50W  u_ff=142.1W  PCAP→78W  power=77.2W
[PID] perf=27.959Hz  target=11.388Hz  err=-16.571Hz  corr=-347.30W  u_ff=142.1W  PCAP→78W  power=77.9W
[PID] perf=27.993Hz  target=11.388Hz  err=-16.605Hz  corr=-347.93W  u_ff=142.1W  PCAP→78W  power=77.4W
[PID] perf=27.956Hz  target=11.388Hz  err=-16.568Hz  corr=-347.25W  u_ff=142.1W  PCAP→78W  power=78.4W
[PID] perf=27.949Hz  target=11.388Hz  err=-16.561Hz  corr=-347.12W  u_ff=142.1W  PCAP→78W  power=nanW
[PID] perf=27.952Hz  target=11.388Hz  err=-16.565Hz  corr=-347.18W  u_ff=142.1W  PCAP→78W  power=79.4W
[PID] perf=29.354Hz  target=11.388Hz  err=-17.966Hz  corr=-373.17W  u_ff=142.1W  PCAP→78W  power=78.0W
[PID] perf=29.379Hz  target=11.388Hz  err=-17.991Hz  corr=-373.64W  u_ff=142.1W  PCAP→78W  power=nanW
[PID] perf=29.396Hz  target=11.388Hz  err=-18.008Hz  corr=-373.96W  u_ff=142.1W  PCAP→78W  power=76.7W
[PID] perf=29.419Hz  target=11.388Hz  err=-18.031Hz  corr=-374.38W  u_ff=142.1W  PCAP→78W  power=77.9W
[PID] perf=29.383Hz  target=11.388Hz  err=-17.995Hz  corr=-373.71W  u_ff=142.1W  PCAP→78W  power=78.8W
[PID] perf=29.394Hz  target=11.388Hz  err=-18.006Hz  corr=-373.92W  u_ff=142.1W  PCAP→78W  power=77.7W
[PID] perf=29.405Hz  target=11.388Hz  err=-18.017Hz  corr=-374.13W  u_ff=142.1W  PCAP→78W  power=77.5W
[PID] perf=29.358Hz  target=11.388Hz  err=-17.970Hz  corr=-373.25W  u_ff=142.1W  PCAP→78W  power=78.6W
[PID] perf=29.364Hz  target=11.388Hz  err=-17.976Hz  corr=-373.36W  u_ff=142.1W  PCAP→78W  power=78.6W
[PID] perf=29.355Hz  target=11.388Hz  err=-17.967Hz  corr=-373.20W  u_ff=142.1W  PCAP→78W  power=78.2W
[PID] perf=29.414Hz  target=11.388Hz  err=-18.026Hz  corr=-374.29W  u_ff=142.1W  PCAP→78W  power=77.7W
[PID] perf=29.407Hz  target=11.388Hz  err=-18.020Hz  corr=-374.17W  u_ff=142.1W  PCAP→78W  power=78.8W
[PID] perf=29.434Hz  target=11.388Hz  err=-18.046Hz  corr=-374.66W  u_ff=142.1W  PCAP→78W  power=77.9W
[PID] perf=29.381Hz  target=11.388Hz  err=-17.994Hz  corr=-373.69W  u_ff=142.1W  PCAP→78W  power=79.6W
[PID] perf=29.361Hz  target=11.388Hz  err=-17.973Hz  corr=-373.31W  u_ff=142.1W  PCAP→78W  power=77.3W
[PID] perf=29.395Hz  target=11.388Hz  err=-18.007Hz  corr=-373.94W  u_ff=142.1W  PCAP→78W  power=78.1W
[PID] perf=29.378Hz  target=11.388Hz  err=-17.990Hz  corr=-373.62W  u_ff=142.1W  PCAP→78W  power=76.8W
[PID] perf=29.458Hz  target=11.388Hz  err=-18.070Hz  corr=-375.11W  u_ff=142.1W  PCAP→78W  power=78.4W
[PID] perf=29.395Hz  target=11.388Hz  err=-18.008Hz  corr=-373.94W  u_ff=142.1W  PCAP→78W  power=78.0W
[PID] perf=29.409Hz  target=11.388Hz  err=-18.021Hz  corr=-374.19W  u_ff=142.1W  PCAP→78W  power=77.5W
[PID] perf=29.424Hz  target=11.388Hz  err=-18.037Hz  corr=-374.49W  u_ff=142.1W  PCAP→78W  power=78.1W
[PID] perf=29.434Hz  target=11.388Hz  err=-18.046Hz  corr=-374.65W  u_ff=142.1W  PCAP→78W  power=78.7W
[PID] perf=29.418Hz  target=11.388Hz  err=-18.031Hz  corr=-374.37W  u_ff=142.1W  PCAP→78W  power=78.0W
[PID] perf=29.367Hz  target=11.388Hz  err=-17.979Hz  corr=-373.42W  u_ff=142.1W  PCAP→78W  power=78.4W
[PID] perf=29.342Hz  target=11.388Hz  err=-17.954Hz  corr=-372.95W  u_ff=142.1W  PCAP→78W  power=78.3W
[PID] perf=27.297Hz  target=11.388Hz  err=-15.910Hz  corr=-335.04W  u_ff=142.1W  PCAP→78W  power=78.6W
[PID] perf=27.360Hz  target=11.388Hz  err=-15.973Hz  corr=-336.21W  u_ff=142.1W  PCAP→78W  power=77.9W
[PID] perf=27.373Hz  target=11.388Hz  err=-15.986Hz  corr=-336.45W  u_ff=142.1W  PCAP→78W  power=79.0W
[PID] perf=27.404Hz  target=11.388Hz  err=-16.016Hz  corr=-337.01W  u_ff=142.1W  PCAP→78W  power=78.7W
[PID] perf=27.386Hz  target=11.388Hz  err=-15.999Hz  corr=-336.69W  u_ff=142.1W  PCAP→78W  power=77.3W
[PID] perf=27.413Hz  target=11.388Hz  err=-16.025Hz  corr=-337.18W  u_ff=142.1W  PCAP→78W  power=77.7W
[PID] perf=27.390Hz  target=11.388Hz  err=-16.002Hz  corr=-336.75W  u_ff=142.1W  PCAP→78W  power=77.0W
[PID] perf=27.365Hz  target=11.388Hz  err=-15.978Hz  corr=-336.30W  u_ff=142.1W  PCAP→78W  power=77.5W
[PID] perf=27.400Hz  target=11.388Hz  err=-16.012Hz  corr=-336.94W  u_ff=142.1W  PCAP→78W  power=78.6W
[PID] perf=27.375Hz  target=11.388Hz  err=-15.987Hz  corr=-336.48W  u_ff=142.1W  PCAP→78W  power=77.9W
[PID] perf=27.359Hz  target=11.388Hz  err=-15.971Hz  corr=-336.18W  u_ff=142.1W  PCAP→78W  power=77.0W
[PID] perf=27.401Hz  target=11.388Hz  err=-16.013Hz  corr=-336.96W  u_ff=142.1W  PCAP→78W  power=77.6W
[PID] perf=27.386Hz  target=11.388Hz  err=-15.998Hz  corr=-336.68W  u_ff=142.1W  PCAP→78W  power=79.0W
[PID] perf=27.362Hz  target=11.388Hz  err=-15.975Hz  corr=-336.24W  u_ff=142.1W  PCAP→78W  power=78.4W
[PID] perf=27.406Hz  target=11.388Hz  err=-16.018Hz  corr=-337.06W  u_ff=142.1W  PCAP→78W  power=79.0W
[PID] perf=27.373Hz  target=11.388Hz  err=-15.986Hz  corr=-336.45W  u_ff=142.1W  PCAP→78W  power=77.4W
[PID] perf=27.422Hz  target=11.388Hz  err=-16.034Hz  corr=-337.35W  u_ff=142.1W  PCAP→78W  power=77.9W
[PID] perf=27.424Hz  target=11.388Hz  err=-16.036Hz  corr=-337.38W  u_ff=142.1W  PCAP→78W  power=78.1W
[PID] perf=27.412Hz  target=11.388Hz  err=-16.024Hz  corr=-337.16W  u_ff=142.1W  PCAP→78W  power=77.1W
[PID] perf=27.382Hz  target=11.388Hz  err=-15.994Hz  corr=-336.61W  u_ff=142.1W  PCAP→78W  power=77.6W
[PID] perf=27.392Hz  target=11.388Hz  err=-16.004Hz  corr=-336.79W  u_ff=142.1W  PCAP→78W  power=78.9W
[PID] perf=27.363Hz  target=11.388Hz  err=-15.975Hz  corr=-336.26W  u_ff=142.1W  PCAP→78W  power=78.0W
[PID] perf=27.405Hz  target=11.388Hz  err=-16.017Hz  corr=-337.03W  u_ff=142.1W  PCAP→78W  power=78.3W
[PID] perf=27.385Hz  target=11.388Hz  err=-15.997Hz  corr=-336.66W  u_ff=142.1W  PCAP→78W  power=78.0W
[PID] perf=27.363Hz  target=11.388Hz  err=-15.975Hz  corr=-336.25W  u_ff=142.1W  PCAP→78W  power=77.0W
[PID] perf=27.391Hz  target=11.388Hz  err=-16.003Hz  corr=-336.77W  u_ff=142.1W  PCAP→78W  power=78.3W
[PID] perf=27.389Hz  target=11.388Hz  err=-16.001Hz  corr=-336.73W  u_ff=142.1W  PCAP→78W  power=78.1W
[PID] perf=27.372Hz  target=11.388Hz  err=-15.984Hz  corr=-336.42W  u_ff=142.1W  PCAP→78W  power=77.4W
[PID] perf=27.362Hz  target=11.388Hz  err=-15.974Hz  corr=-336.24W  u_ff=142.1W  PCAP→78W  power=77.8W
[PID] perf=27.389Hz  target=11.388Hz  err=-16.001Hz  corr=-336.73W  u_ff=142.1W  PCAP→78W  power=79.6W
[PID] perf=27.447Hz  target=11.388Hz  err=-16.060Hz  corr=-337.82W  u_ff=142.1W  PCAP→78W  power=78.8W
[PID] perf=27.329Hz  target=11.388Hz  err=-15.941Hz  corr=-335.63W  u_ff=142.1W  PCAP→78W  power=77.6W
[PID] perf=27.402Hz  target=11.388Hz  err=-16.014Hz  corr=-336.98W  u_ff=142.1W  PCAP→78W  power=77.4W
[PID] perf=27.387Hz  target=11.388Hz  err=-15.999Hz  corr=-336.70W  u_ff=142.1W  PCAP→78W  power=77.8W
[PID] perf=27.402Hz  target=11.388Hz  err=-16.014Hz  corr=-336.97W  u_ff=142.1W  PCAP→78W  power=78.2W
[PID] perf=27.407Hz  target=11.388Hz  err=-16.019Hz  corr=-337.08W  u_ff=142.1W  PCAP→78W  power=78.9W
[PID] perf=27.379Hz  target=11.388Hz  err=-15.991Hz  corr=-336.55W  u_ff=142.1W  PCAP→78W  power=78.1W
[PID] perf=27.375Hz  target=11.388Hz  err=-15.988Hz  corr=-336.49W  u_ff=142.1W  PCAP→78W  power=77.1W
[PID] perf=27.403Hz  target=11.388Hz  err=-16.016Hz  corr=-337.00W  u_ff=142.1W  PCAP→78W  power=77.1W
[PID] perf=27.396Hz  target=11.388Hz  err=-16.008Hz  corr=-336.86W  u_ff=142.1W  PCAP→78W  power=78.8W
[PID] perf=27.412Hz  target=11.388Hz  err=-16.024Hz  corr=-337.16W  u_ff=142.1W  PCAP→78W  power=78.1W
[PID] perf=27.400Hz  target=11.388Hz  err=-16.012Hz  corr=-336.93W  u_ff=142.1W  PCAP→78W  power=78.4W
[PID] perf=27.412Hz  target=11.388Hz  err=-16.024Hz  corr=-337.16W  u_ff=142.1W  PCAP→78W  power=77.1W
[PID] perf=27.437Hz  target=11.388Hz  err=-16.049Hz  corr=-337.63W  u_ff=142.1W  PCAP→78W  power=77.1W
[PID] perf=27.401Hz  target=11.388Hz  err=-16.014Hz  corr=-336.97W  u_ff=142.1W  PCAP→78W  power=78.4W
[PID] perf=27.407Hz  target=11.388Hz  err=-16.019Hz  corr=-337.06W  u_ff=142.1W  PCAP→78W  power=79.7W
[PID] perf=27.383Hz  target=11.388Hz  err=-15.995Hz  corr=-336.63W  u_ff=142.1W  PCAP→78W  power=77.4W
[PID] perf=27.394Hz  target=11.388Hz  err=-16.006Hz  corr=-336.82W  u_ff=142.1W  PCAP→78W  power=77.8W
[PID] perf=27.410Hz  target=11.388Hz  err=-16.022Hz  corr=-337.12W  u_ff=142.1W  PCAP→78W  power=79.1W
[PID] perf=27.380Hz  target=11.388Hz  err=-15.992Hz  corr=-336.57W  u_ff=142.1W  PCAP→78W  power=79.7W
[PID] perf=27.377Hz  target=11.388Hz  err=-15.989Hz  corr=-336.52W  u_ff=142.1W  PCAP→78W  power=78.1W
[PID] perf=27.392Hz  target=11.388Hz  err=-16.004Hz  corr=-336.79W  u_ff=142.1W  PCAP→78W  power=77.7W
[PID] perf=27.419Hz  target=11.388Hz  err=-16.031Hz  corr=-337.30W  u_ff=142.1W  PCAP→78W  power=77.9W
[PID] perf=27.426Hz  target=11.388Hz  err=-16.038Hz  corr=-337.42W  u_ff=142.1W  PCAP→78W  power=nanW
[PID] perf=27.361Hz  target=11.388Hz  err=-15.974Hz  corr=-336.23W  u_ff=142.1W  PCAP→78W  power=77.3W
[PID] perf=27.404Hz  target=11.388Hz  err=-16.016Hz  corr=-337.01W  u_ff=142.1W  PCAP→78W  power=77.1W
[PID] perf=27.368Hz  target=11.388Hz  err=-15.980Hz  corr=-336.35W  u_ff=142.1W  PCAP→78W  power=76.6W
[PID] perf=27.432Hz  target=11.388Hz  err=-16.044Hz  corr=-337.53W  u_ff=142.1W  PCAP→78W  power=78.6W
[PID] perf=27.437Hz  target=11.388Hz  err=-16.050Hz  corr=-337.64W  u_ff=142.1W  PCAP→78W  power=77.9W
[PID] perf=27.386Hz  target=11.388Hz  err=-15.998Hz  corr=-336.67W  u_ff=142.1W  PCAP→78W  power=78.1W
[PID] perf=27.368Hz  target=11.388Hz  err=-15.980Hz  corr=-336.35W  u_ff=142.1W  PCAP→78W  power=77.3W
[PID] perf=27.411Hz  target=11.388Hz  err=-16.023Hz  corr=-337.14W  u_ff=142.1W  PCAP→78W  power=77.0W
[PID] perf=27.425Hz  target=11.388Hz  err=-16.037Hz  corr=-337.40W  u_ff=142.1W  PCAP→78W  power=78.2W
[PID] perf=27.422Hz  target=11.388Hz  err=-16.034Hz  corr=-337.35W  u_ff=142.1W  PCAP→78W  power=78.3W
[PID] perf=27.403Hz  target=11.388Hz  err=-16.016Hz  corr=-337.01W  u_ff=142.1W  PCAP→78W  power=78.0W
[PID] perf=27.400Hz  target=11.388Hz  err=-16.012Hz  corr=-336.94W  u_ff=142.1W  PCAP→78W  power=78.0W
[PID] perf=27.427Hz  target=11.388Hz  err=-16.039Hz  corr=-337.44W  u_ff=142.1W  PCAP→78W  power=76.8W
[PID] perf=27.367Hz  target=11.388Hz  err=-15.980Hz  corr=-336.34W  u_ff=142.1W  PCAP→78W  power=nanW
[PID] perf=27.227Hz  target=11.388Hz  err=-15.839Hz  corr=-333.73W  u_ff=142.1W  PCAP→78W  power=78.4W
[PID] perf=27.298Hz  target=11.388Hz  err=-15.910Hz  corr=-335.04W  u_ff=142.1W  PCAP→78W  power=77.9W
[PID] perf=27.312Hz  target=11.388Hz  err=-15.924Hz  corr=-335.31W  u_ff=142.1W  PCAP→78W  power=78.6W
[PID] perf=27.293Hz  target=11.388Hz  err=-15.905Hz  corr=-334.96W  u_ff=142.1W  PCAP→78W  power=77.9W
[PID] perf=27.303Hz  target=11.388Hz  err=-15.915Hz  corr=-335.14W  u_ff=142.1W  PCAP→78W  power=77.7W
[PID] perf=27.289Hz  target=11.388Hz  err=-15.901Hz  corr=-334.89W  u_ff=142.1W  PCAP→78W  power=78.4W
[PID] perf=27.274Hz  target=11.388Hz  err=-15.886Hz  corr=-334.61W  u_ff=142.1W  PCAP→78W  power=78.3W
[PID] perf=27.297Hz  target=11.388Hz  err=-15.909Hz  corr=-335.03W  u_ff=142.1W  PCAP→78W  power=78.0W
[PID] perf=27.276Hz  target=11.388Hz  err=-15.888Hz  corr=-334.64W  u_ff=142.1W  PCAP→78W  power=nanW
[PID] perf=27.307Hz  target=11.388Hz  err=-15.919Hz  corr=-335.22W  u_ff=142.1W  PCAP→78W  power=78.6W
[PID] perf=27.303Hz  target=11.388Hz  err=-15.915Hz  corr=-335.15W  u_ff=142.1W  PCAP→78W  power=77.7W
[PID] perf=27.322Hz  target=11.388Hz  err=-15.934Hz  corr=-335.49W  u_ff=142.1W  PCAP→78W  power=78.2W
[PID] perf=27.306Hz  target=11.388Hz  err=-15.918Hz  corr=-335.20W  u_ff=142.1W  PCAP→78W  power=77.4W
[PID] perf=27.287Hz  target=11.388Hz  err=-15.899Hz  corr=-334.85W  u_ff=142.1W  PCAP→78W  power=77.7W
[PID] perf=27.313Hz  target=11.388Hz  err=-15.925Hz  corr=-335.33W  u_ff=142.1W  PCAP→78W  power=78.3W
[PID] perf=27.311Hz  target=11.388Hz  err=-15.923Hz  corr=-335.29W  u_ff=142.1W  PCAP→78W  power=77.8W
[PID] perf=27.321Hz  target=11.388Hz  err=-15.934Hz  corr=-335.48W  u_ff=142.1W  PCAP→78W  power=78.5W
[PID] perf=27.311Hz  target=11.388Hz  err=-15.923Hz  corr=-335.29W  u_ff=142.1W  PCAP→78W  power=79.4W
[PID] perf=27.308Hz  target=11.388Hz  err=-15.920Hz  corr=-335.24W  u_ff=142.1W  PCAP→78W  power=78.1W
[PID] perf=27.307Hz  target=11.388Hz  err=-15.919Hz  corr=-335.21W  u_ff=142.1W  PCAP→78W  power=76.8W
[PID] perf=27.310Hz  target=11.388Hz  err=-15.922Hz  corr=-335.27W  u_ff=142.1W  PCAP→78W  power=77.3W
[PID] perf=27.285Hz  target=11.388Hz  err=-15.897Hz  corr=-334.81W  u_ff=142.1W  PCAP→78W  power=nanW
[PID] perf=27.278Hz  target=11.388Hz  err=-15.890Hz  corr=-334.68W  u_ff=142.1W  PCAP→78W  power=78.5W
[PID] perf=27.322Hz  target=11.388Hz  err=-15.935Hz  corr=-335.50W  u_ff=142.1W  PCAP→78W  power=78.7W
[PID] perf=27.306Hz  target=11.388Hz  err=-15.918Hz  corr=-335.19W  u_ff=142.1W  PCAP→78W  power=77.7W
[PID] perf=27.304Hz  target=11.388Hz  err=-15.916Hz  corr=-335.16W  u_ff=142.1W  PCAP→78W  power=77.1W
[PID] perf=27.271Hz  target=11.388Hz  err=-15.883Hz  corr=-334.55W  u_ff=142.1W  PCAP→78W  power=77.6W
[PID] perf=27.315Hz  target=11.388Hz  err=-15.927Hz  corr=-335.37W  u_ff=142.1W  PCAP→78W  power=78.8W
[PID] perf=27.276Hz  target=11.388Hz  err=-15.888Hz  corr=-334.64W  u_ff=142.1W  PCAP→78W  power=77.7W
[PID] perf=27.319Hz  target=11.388Hz  err=-15.932Hz  corr=-335.45W  u_ff=142.1W  PCAP→78W  power=77.6W
[PID] perf=27.290Hz  target=11.388Hz  err=-15.902Hz  corr=-334.89W  u_ff=142.1W  PCAP→78W  power=79.1W
[PID] perf=27.298Hz  target=11.388Hz  err=-15.910Hz  corr=-335.04W  u_ff=142.1W  PCAP→78W  power=77.8W
[PID] perf=27.308Hz  target=11.388Hz  err=-15.920Hz  corr=-335.24W  u_ff=142.1W  PCAP→78W  power=77.5W
[PID] perf=27.265Hz  target=11.388Hz  err=-15.877Hz  corr=-334.43W  u_ff=142.1W  PCAP→78W  power=77.7W
[PID] perf=27.289Hz  target=11.388Hz  err=-15.901Hz  corr=-334.88W  u_ff=142.1W  PCAP→78W  power=76.9W
[PID] perf=27.306Hz  target=11.388Hz  err=-15.919Hz  corr=-335.21W  u_ff=142.1W  PCAP→78W  power=76.7W
[PID] perf=27.308Hz  target=11.388Hz  err=-15.921Hz  corr=-335.24W  u_ff=142.1W  PCAP→78W  power=77.3W
[PID] perf=27.335Hz  target=11.388Hz  err=-15.947Hz  corr=-335.74W  u_ff=142.1W  PCAP→78W  power=77.6W
[PID] perf=27.354Hz  target=11.388Hz  err=-15.966Hz  corr=-336.09W  u_ff=142.1W  PCAP→78W  power=77.6W
[PID] perf=27.333Hz  target=11.388Hz  err=-15.945Hz  corr=-335.69W  u_ff=142.1W  PCAP→78W  power=79.6W
[PID] perf=27.296Hz  target=11.388Hz  err=-15.909Hz  corr=-335.02W  u_ff=142.1W  PCAP→78W  power=78.3W
[PID] perf=27.349Hz  target=11.388Hz  err=-15.961Hz  corr=-335.99W  u_ff=142.1W  PCAP→78W  power=78.7W
[PID] perf=27.341Hz  target=11.388Hz  err=-15.953Hz  corr=-335.85W  u_ff=142.1W  PCAP→78W  power=78.1W
[PID] perf=27.331Hz  target=11.388Hz  err=-15.943Hz  corr=-335.66W  u_ff=142.1W  PCAP→78W  power=78.5W
[PID] perf=27.341Hz  target=11.388Hz  err=-15.953Hz  corr=-335.85W  u_ff=142.1W  PCAP→78W  power=77.9W
[PID] perf=27.327Hz  target=11.388Hz  err=-15.939Hz  corr=-335.59W  u_ff=142.1W  PCAP→78W  power=78.5W
[PID] perf=27.349Hz  target=11.388Hz  err=-15.962Hz  corr=-336.00W  u_ff=142.1W  PCAP→78W  power=78.6W
[PID] perf=27.335Hz  target=11.388Hz  err=-15.948Hz  corr=-335.74W  u_ff=142.1W  PCAP→78W  power=77.4W
[PID] perf=27.314Hz  target=11.388Hz  err=-15.926Hz  corr=-335.34W  u_ff=142.1W  PCAP→78W  power=77.6W
[PID] perf=27.320Hz  target=11.388Hz  err=-15.933Hz  corr=-335.47W  u_ff=142.1W  PCAP→78W  power=77.1W
[PID] perf=27.296Hz  target=11.388Hz  err=-15.908Hz  corr=-335.01W  u_ff=142.1W  PCAP→78W  power=77.1W
[PID] perf=27.299Hz  target=11.388Hz  err=-15.911Hz  corr=-335.07W  u_ff=142.1W  PCAP→78W  power=76.5W
[PID] perf=27.315Hz  target=11.388Hz  err=-15.928Hz  corr=-335.37W  u_ff=142.1W  PCAP→78W  power=77.1W
[PID] perf=27.305Hz  target=11.388Hz  err=-15.918Hz  corr=-335.19W  u_ff=142.1W  PCAP→78W  power=78.3W
[PID] perf=27.310Hz  target=11.388Hz  err=-15.922Hz  corr=-335.27W  u_ff=142.1W  PCAP→78W  power=78.5W
[PID] perf=26.406Hz  target=11.388Hz  err=-15.019Hz  corr=-318.51W  u_ff=142.1W  PCAP→78W  power=78.0W
[PID] perf=26.416Hz  target=11.388Hz  err=-15.029Hz  corr=-318.70W  u_ff=142.1W  PCAP→78W  power=78.7W
[PID] perf=26.433Hz  target=11.388Hz  err=-15.045Hz  corr=-319.00W  u_ff=142.1W  PCAP→78W  power=76.6W
[PID] perf=26.470Hz  target=11.388Hz  err=-15.082Hz  corr=-319.69W  u_ff=142.1W  PCAP→78W  power=77.7W
[PID] perf=26.484Hz  target=11.388Hz  err=-15.096Hz  corr=-319.95W  u_ff=142.1W  PCAP→78W  power=77.5W
[PID] perf=26.464Hz  target=11.388Hz  err=-15.077Hz  corr=-319.59W  u_ff=142.1W  PCAP→78W  power=77.7W
[PID] perf=26.444Hz  target=11.388Hz  err=-15.056Hz  corr=-319.21W  u_ff=142.1W  PCAP→78W  power=77.0W
[PID] perf=26.460Hz  target=11.388Hz  err=-15.072Hz  corr=-319.51W  u_ff=142.1W  PCAP→78W  power=78.4W
[PID] perf=26.458Hz  target=11.388Hz  err=-15.070Hz  corr=-319.47W  u_ff=142.1W  PCAP→78W  power=77.4W
[PID] perf=26.435Hz  target=11.388Hz  err=-15.047Hz  corr=-319.04W  u_ff=142.1W  PCAP→78W  power=78.4W
[PID] perf=26.462Hz  target=11.388Hz  err=-15.074Hz  corr=-319.54W  u_ff=142.1W  PCAP→78W  power=77.8W
[PID] perf=26.463Hz  target=11.388Hz  err=-15.076Hz  corr=-319.57W  u_ff=142.1W  PCAP→78W  power=78.2W
[PID] perf=26.424Hz  target=11.388Hz  err=-15.036Hz  corr=-318.84W  u_ff=142.1W  PCAP→78W  power=78.6W
[PID] perf=26.438Hz  target=11.388Hz  err=-15.050Hz  corr=-319.11W  u_ff=142.1W  PCAP→78W  power=78.0W
[PID] perf=26.459Hz  target=11.388Hz  err=-15.071Hz  corr=-319.49W  u_ff=142.1W  PCAP→78W  power=78.2W
[PID] perf=26.478Hz  target=11.388Hz  err=-15.090Hz  corr=-319.84W  u_ff=142.1W  PCAP→78W  power=77.9W
[PID] perf=26.475Hz  target=11.388Hz  err=-15.087Hz  corr=-319.79W  u_ff=142.1W  PCAP→78W  power=76.9W
[PID] perf=26.435Hz  target=11.388Hz  err=-15.047Hz  corr=-319.04W  u_ff=142.1W  PCAP→78W  power=77.0W
[PID] perf=26.420Hz  target=11.388Hz  err=-15.032Hz  corr=-318.77W  u_ff=142.1W  PCAP→78W  power=78.3W
[PID] perf=26.457Hz  target=11.388Hz  err=-15.070Hz  corr=-319.46W  u_ff=142.1W  PCAP→78W  power=78.5W
[PID] perf=26.410Hz  target=11.388Hz  err=-15.022Hz  corr=-318.58W  u_ff=142.1W  PCAP→78W  power=78.4W
[PID] perf=26.463Hz  target=11.388Hz  err=-15.076Hz  corr=-319.57W  u_ff=142.1W  PCAP→78W  power=nanW
[PID] perf=26.484Hz  target=11.388Hz  err=-15.097Hz  corr=-319.96W  u_ff=142.1W  PCAP→78W  power=78.4W
[PID] perf=26.514Hz  target=11.388Hz  err=-15.126Hz  corr=-320.51W  u_ff=142.1W  PCAP→78W  power=77.8W
[PID] perf=26.416Hz  target=11.388Hz  err=-15.028Hz  corr=-318.69W  u_ff=142.1W  PCAP→78W  power=78.7W
[PID] perf=26.427Hz  target=11.388Hz  err=-15.040Hz  corr=-318.91W  u_ff=142.1W  PCAP→78W  power=nanW
[PID] perf=26.417Hz  target=11.388Hz  err=-15.029Hz  corr=-318.72W  u_ff=142.1W  PCAP→78W  power=76.5W
[PID] perf=26.442Hz  target=11.388Hz  err=-15.055Hz  corr=-319.19W  u_ff=142.1W  PCAP→78W  power=77.1W
[PID] perf=26.426Hz  target=11.388Hz  err=-15.038Hz  corr=-318.87W  u_ff=142.1W  PCAP→78W  power=78.2W
[PID] perf=26.478Hz  target=11.388Hz  err=-15.090Hz  corr=-319.84W  u_ff=142.1W  PCAP→78W  power=76.6W
[PID] perf=26.455Hz  target=11.388Hz  err=-15.068Hz  corr=-319.42W  u_ff=142.1W  PCAP→78W  power=78.4W
[PID] perf=26.467Hz  target=11.388Hz  err=-15.080Hz  corr=-319.65W  u_ff=142.1W  PCAP→78W  power=78.6W
[PID] perf=26.446Hz  target=11.388Hz  err=-15.058Hz  corr=-319.25W  u_ff=142.1W  PCAP→78W  power=78.1W
[PID] perf=26.440Hz  target=11.388Hz  err=-15.052Hz  corr=-319.13W  u_ff=142.1W  PCAP→78W  power=77.4W
[PID] perf=26.470Hz  target=11.388Hz  err=-15.082Hz  corr=-319.69W  u_ff=142.1W  PCAP→78W  power=78.1W
[PID] perf=26.439Hz  target=11.388Hz  err=-15.052Hz  corr=-319.13W  u_ff=142.1W  PCAP→78W  power=77.8W
[PID] perf=26.441Hz  target=11.388Hz  err=-15.054Hz  corr=-319.16W  u_ff=142.1W  PCAP→78W  power=77.5W
[PID] perf=26.436Hz  target=11.388Hz  err=-15.048Hz  corr=-319.06W  u_ff=142.1W  PCAP→78W  power=78.6W
[PID] perf=26.481Hz  target=11.388Hz  err=-15.093Hz  corr=-319.89W  u_ff=142.1W  PCAP→78W  power=77.8W
[PID] perf=26.428Hz  target=11.388Hz  err=-15.040Hz  corr=-318.92W  u_ff=142.1W  PCAP→78W  power=77.9W
[PID] perf=26.450Hz  target=11.388Hz  err=-15.062Hz  corr=-319.32W  u_ff=142.1W  PCAP→78W  power=78.8W
[PID] perf=26.445Hz  target=11.388Hz  err=-15.058Hz  corr=-319.24W  u_ff=142.1W  PCAP→78W  power=78.9W
[PID] perf=26.448Hz  target=11.388Hz  err=-15.060Hz  corr=-319.29W  u_ff=142.1W  PCAP→78W  power=78.6W
[PID] perf=26.402Hz  target=11.388Hz  err=-15.014Hz  corr=-318.43W  u_ff=142.1W  PCAP→78W  power=77.3W
[PID] perf=26.288Hz  target=11.388Hz  err=-14.901Hz  corr=-316.33W  u_ff=142.1W  PCAP→78W  power=78.0W
[PID] perf=26.290Hz  target=11.388Hz  err=-14.903Hz  corr=-316.36W  u_ff=142.1W  PCAP→78W  power=77.0W
[PID] perf=26.355Hz  target=11.388Hz  err=-14.967Hz  corr=-317.56W  u_ff=142.1W  PCAP→78W  power=78.1W
[PID] perf=26.322Hz  target=11.388Hz  err=-14.934Hz  corr=-316.94W  u_ff=142.1W  PCAP→78W  power=78.4W
[PID] perf=26.334Hz  target=11.388Hz  err=-14.947Hz  corr=-317.18W  u_ff=142.1W  PCAP→78W  power=79.0W
[PID] perf=26.302Hz  target=11.388Hz  err=-14.915Hz  corr=-316.59W  u_ff=142.1W  PCAP→78W  power=79.3W
[PID] perf=26.327Hz  target=11.388Hz  err=-14.939Hz  corr=-317.04W  u_ff=142.1W  PCAP→78W  power=78.7W
[PID] perf=26.327Hz  target=11.388Hz  err=-14.939Hz  corr=-317.04W  u_ff=142.1W  PCAP→78W  power=78.8W
[PID] perf=26.334Hz  target=11.388Hz  err=-14.947Hz  corr=-317.18W  u_ff=142.1W  PCAP→78W  power=77.9W
[PID] perf=26.343Hz  target=11.388Hz  err=-14.955Hz  corr=-317.33W  u_ff=142.1W  PCAP→78W  power=78.6W
[PID] perf=26.336Hz  target=11.388Hz  err=-14.948Hz  corr=-317.21W  u_ff=142.1W  PCAP→78W  power=77.3W
[PID] perf=26.333Hz  target=11.388Hz  err=-14.945Hz  corr=-317.15W  u_ff=142.1W  PCAP→78W  power=78.2W
[PID] perf=26.355Hz  target=11.388Hz  err=-14.968Hz  corr=-317.57W  u_ff=142.1W  PCAP→78W  power=78.4W
[PID] perf=26.304Hz  target=11.388Hz  err=-14.916Hz  corr=-316.62W  u_ff=142.1W  PCAP→78W  power=76.7W
[PID] perf=26.315Hz  target=11.388Hz  err=-14.927Hz  corr=-316.82W  u_ff=142.1W  PCAP→78W  power=nanW
[PID] perf=26.306Hz  target=11.388Hz  err=-14.918Hz  corr=-316.65W  u_ff=142.1W  PCAP→78W  power=78.2W
[PID] perf=26.351Hz  target=11.388Hz  err=-14.963Hz  corr=-317.49W  u_ff=142.1W  PCAP→78W  power=77.9W
[PID] perf=26.269Hz  target=11.388Hz  err=-14.881Hz  corr=-315.97W  u_ff=142.1W  PCAP→78W  power=79.4W
[PID] perf=26.258Hz  target=11.388Hz  err=-14.870Hz  corr=-315.76W  u_ff=142.1W  PCAP→78W  power=78.7W
[PID] perf=26.301Hz  target=11.388Hz  err=-14.913Hz  corr=-316.55W  u_ff=142.1W  PCAP→78W  power=78.9W
[PID] perf=26.333Hz  target=11.388Hz  err=-14.945Hz  corr=-317.15W  u_ff=142.1W  PCAP→78W  power=79.1W
[PID] perf=26.315Hz  target=11.388Hz  err=-14.927Hz  corr=-316.81W  u_ff=142.1W  PCAP→78W  power=77.7W
[PID] perf=26.256Hz  target=11.388Hz  err=-14.869Hz  corr=-315.74W  u_ff=142.1W  PCAP→78W  power=77.0W
[PID] perf=26.310Hz  target=11.388Hz  err=-14.922Hz  corr=-316.73W  u_ff=142.1W  PCAP→78W  power=77.5W
[PID] perf=26.361Hz  target=11.388Hz  err=-14.973Hz  corr=-317.67W  u_ff=142.1W  PCAP→78W  power=78.3W
[PID] perf=26.427Hz  target=11.388Hz  err=-15.039Hz  corr=-318.90W  u_ff=142.1W  PCAP→78W  power=77.0W
[PID] perf=26.386Hz  target=11.388Hz  err=-14.998Hz  corr=-318.13W  u_ff=142.1W  PCAP→78W  power=76.9W
[PID] perf=26.350Hz  target=11.388Hz  err=-14.963Hz  corr=-317.48W  u_ff=142.1W  PCAP→78W  power=77.9W
[PID] perf=26.341Hz  target=11.388Hz  err=-14.953Hz  corr=-317.30W  u_ff=142.1W  PCAP→78W  power=76.6W
[PID] perf=26.308Hz  target=11.388Hz  err=-14.920Hz  corr=-316.68W  u_ff=142.1W  PCAP→78W  power=77.3W
[PID] perf=26.356Hz  target=11.388Hz  err=-14.968Hz  corr=-317.58W  u_ff=142.1W  PCAP→78W  power=76.7W
[PID] perf=26.302Hz  target=11.388Hz  err=-14.914Hz  corr=-316.58W  u_ff=142.1W  PCAP→78W  power=76.3W
[PID] perf=26.265Hz  target=11.388Hz  err=-14.877Hz  corr=-315.89W  u_ff=142.1W  PCAP→78W  power=78.1W
[PID] perf=26.298Hz  target=11.388Hz  err=-14.911Hz  corr=-316.51W  u_ff=142.1W  PCAP→78W  power=75.9W
[PID] perf=26.294Hz  target=11.388Hz  err=-14.906Hz  corr=-316.43W  u_ff=142.1W  PCAP→78W  power=76.1W
[PID] perf=26.294Hz  target=11.388Hz  err=-14.906Hz  corr=-316.42W  u_ff=142.1W  PCAP→78W  power=77.0W
[PID] perf=26.309Hz  target=11.388Hz  err=-14.921Hz  corr=-316.71W  u_ff=142.1W  PCAP→78W  power=77.7W
[PID] perf=26.276Hz  target=11.388Hz  err=-14.889Hz  corr=-316.10W  u_ff=142.1W  PCAP→78W  power=77.7W
[PID] perf=26.261Hz  target=11.388Hz  err=-14.873Hz  corr=-315.82W  u_ff=142.1W  PCAP→78W  power=77.4W
[PID] perf=26.302Hz  target=11.388Hz  err=-14.914Hz  corr=-316.58W  u_ff=142.1W  PCAP→78W  power=78.8W
[PID] perf=26.283Hz  target=11.388Hz  err=-14.895Hz  corr=-316.23W  u_ff=142.1W  PCAP→78W  power=78.6W
[PID] perf=26.271Hz  target=11.388Hz  err=-14.884Hz  corr=-316.01W  u_ff=142.1W  PCAP→78W  power=79.5W
[PID] perf=26.258Hz  target=11.388Hz  err=-14.871Hz  corr=-315.77W  u_ff=142.1W  PCAP→78W  power=78.6W
[PID] perf=26.275Hz  target=11.388Hz  err=-14.887Hz  corr=-316.07W  u_ff=142.1W  PCAP→78W  power=77.0W
[PID] perf=26.313Hz  target=11.388Hz  err=-14.925Hz  corr=-316.78W  u_ff=142.1W  PCAP→78W  power=77.0W
[PID] perf=26.284Hz  target=11.388Hz  err=-14.897Hz  corr=-316.25W  u_ff=142.1W  PCAP→78W  power=77.2W
[PID] perf=26.284Hz  target=11.388Hz  err=-14.897Hz  corr=-316.25W  u_ff=142.1W  PCAP→78W  power=79.0W
[PID] perf=26.281Hz  target=11.388Hz  err=-14.894Hz  corr=-316.20W  u_ff=142.1W  PCAP→78W  power=78.1W
[PID] perf=26.272Hz  target=11.388Hz  err=-14.885Hz  corr=-316.03W  u_ff=142.1W  PCAP→78W  power=77.4W
[PID] perf=26.239Hz  target=11.388Hz  err=-14.851Hz  corr=-315.40W  u_ff=142.1W  PCAP→78W  power=77.7W
[PID] perf=26.242Hz  target=11.388Hz  err=-14.854Hz  corr=-315.47W  u_ff=142.1W  PCAP→78W  power=78.1W
[PID] perf=26.274Hz  target=11.388Hz  err=-14.887Hz  corr=-316.07W  u_ff=142.1W  PCAP→78W  power=77.4W
[PID] perf=26.284Hz  target=11.388Hz  err=-14.896Hz  corr=-316.24W  u_ff=142.1W  PCAP→78W  power=79.1W
[PID] perf=26.259Hz  target=11.388Hz  err=-14.872Hz  corr=-315.79W  u_ff=142.1W  PCAP→78W  power=77.7W
[PID] perf=26.278Hz  target=11.388Hz  err=-14.890Hz  corr=-316.13W  u_ff=142.1W  PCAP→78W  power=78.1W
[PID] perf=26.205Hz  target=11.388Hz  err=-14.818Hz  corr=-314.79W  u_ff=142.1W  PCAP→78W  power=76.8W
[PID] perf=26.277Hz  target=11.388Hz  err=-14.889Hz  corr=-316.11W  u_ff=142.1W  PCAP→78W  power=77.2W
[PID] perf=26.286Hz  target=11.388Hz  err=-14.899Hz  corr=-316.29W  u_ff=142.1W  PCAP→78W  power=77.2W
[PID] perf=26.268Hz  target=11.388Hz  err=-14.880Hz  corr=-315.94W  u_ff=142.1W  PCAP→78W  power=78.5W
[PID] perf=26.267Hz  target=11.388Hz  err=-14.879Hz  corr=-315.93W  u_ff=142.1W  PCAP→78W  power=76.5W
[PID] perf=26.290Hz  target=11.388Hz  err=-14.902Hz  corr=-316.35W  u_ff=142.1W  PCAP→78W  power=77.4W
[PID] perf=26.268Hz  target=11.388Hz  err=-14.881Hz  corr=-315.96W  u_ff=142.1W  PCAP→78W  power=77.8W
[PID] perf=26.297Hz  target=11.388Hz  err=-14.909Hz  corr=-316.49W  u_ff=142.1W  PCAP→78W  power=79.5W
[PID] perf=26.286Hz  target=11.388Hz  err=-14.898Hz  corr=-316.29W  u_ff=142.1W  PCAP→78W  power=79.2W
[PID] perf=26.300Hz  target=11.388Hz  err=-14.913Hz  corr=-316.55W  u_ff=142.1W  PCAP→78W  power=78.0W
[PID] perf=26.301Hz  target=11.388Hz  err=-14.913Hz  corr=-316.55W  u_ff=142.1W  PCAP→78W  power=76.7W
[PID] perf=26.339Hz  target=11.388Hz  err=-14.951Hz  corr=-317.26W  u_ff=142.1W  PCAP→78W  power=78.0W
[PID] perf=26.334Hz  target=11.388Hz  err=-14.946Hz  corr=-317.17W  u_ff=142.1W  PCAP→78W  power=77.5W
[PID] perf=26.331Hz  target=11.388Hz  err=-14.943Hz  corr=-317.12W  u_ff=142.1W  PCAP→78W  power=78.5W
[PID] perf=26.326Hz  target=11.388Hz  err=-14.938Hz  corr=-317.03W  u_ff=142.1W  PCAP→78W  power=79.6W
[PID] perf=26.357Hz  target=11.388Hz  err=-14.969Hz  corr=-317.60W  u_ff=142.1W  PCAP→78W  power=78.8W
[PID] perf=26.350Hz  target=11.388Hz  err=-14.963Hz  corr=-317.48W  u_ff=142.1W  PCAP→78W  power=77.4W
[PID] perf=26.334Hz  target=11.388Hz  err=-14.946Hz  corr=-317.17W  u_ff=142.1W  PCAP→78W  power=76.6W
[PID] perf=26.319Hz  target=11.388Hz  err=-14.932Hz  corr=-316.90W  u_ff=142.1W  PCAP→78W  power=77.1W
[PID] perf=26.340Hz  target=11.388Hz  err=-14.952Hz  corr=-317.28W  u_ff=142.1W  PCAP→78W  power=78.2W
[PID] perf=26.326Hz  target=11.388Hz  err=-14.938Hz  corr=-317.02W  u_ff=142.1W  PCAP→78W  power=77.8W
[PID] perf=26.343Hz  target=11.388Hz  err=-14.955Hz  corr=-317.34W  u_ff=142.1W  PCAP→78W  power=77.7W
[PID] perf=26.387Hz  target=11.388Hz  err=-15.000Hz  corr=-318.17W  u_ff=142.1W  PCAP→78W  power=78.2W
[PID] perf=26.407Hz  target=11.388Hz  err=-15.020Hz  corr=-318.53W  u_ff=142.1W  PCAP→78W  power=77.3W
[PID] perf=26.397Hz  target=11.388Hz  err=-15.009Hz  corr=-318.34W  u_ff=142.1W  PCAP→78W  power=77.8W
[PID] perf=26.386Hz  target=11.388Hz  err=-14.999Hz  corr=-318.14W  u_ff=142.1W  PCAP→78W  power=78.4W
[PID] perf=26.361Hz  target=11.388Hz  err=-14.973Hz  corr=-317.67W  u_ff=142.1W  PCAP→78W  power=78.7W
[PID] perf=26.338Hz  target=11.388Hz  err=-14.950Hz  corr=-317.24W  u_ff=142.1W  PCAP→78W  power=77.9W
[PID] perf=26.356Hz  target=11.388Hz  err=-14.968Hz  corr=-317.58W  u_ff=142.1W  PCAP→78W  power=77.9W
[PID] perf=26.321Hz  target=11.388Hz  err=-14.933Hz  corr=-316.93W  u_ff=142.1W  PCAP→78W  power=79.4W
[PID] perf=26.342Hz  target=11.388Hz  err=-14.954Hz  corr=-317.31W  u_ff=142.1W  PCAP→78W  power=79.0W
[PID] perf=26.353Hz  target=11.388Hz  err=-14.965Hz  corr=-317.52W  u_ff=142.1W  PCAP→78W  power=79.5W
[PID] perf=26.359Hz  target=11.388Hz  err=-14.972Hz  corr=-317.64W  u_ff=142.1W  PCAP→78W  power=77.7W
[PID] perf=26.382Hz  target=11.388Hz  err=-14.994Hz  corr=-318.06W  u_ff=142.1W  PCAP→78W  power=77.4W
[PID] perf=26.362Hz  target=11.388Hz  err=-14.974Hz  corr=-317.69W  u_ff=142.1W  PCAP→78W  power=76.5W
[PID] perf=26.371Hz  target=11.388Hz  err=-14.984Hz  corr=-317.87W  u_ff=142.1W  PCAP→78W  power=78.0W
[PID] perf=26.376Hz  target=11.388Hz  err=-14.988Hz  corr=-317.95W  u_ff=142.1W  PCAP→78W  power=77.5W
[PID] perf=26.380Hz  target=11.388Hz  err=-14.992Hz  corr=-318.02W  u_ff=142.1W  PCAP→78W  power=76.4W
[PID] perf=26.327Hz  target=11.388Hz  err=-14.939Hz  corr=-317.04W  u_ff=142.1W  PCAP→78W  power=77.2W
[PID] perf=26.347Hz  target=11.388Hz  err=-14.959Hz  corr=-317.41W  u_ff=142.1W  PCAP→78W  power=77.5W
[PID] perf=26.337Hz  target=11.388Hz  err=-14.950Hz  corr=-317.24W  u_ff=142.1W  PCAP→78W  power=78.1W
[PID] perf=26.337Hz  target=11.388Hz  err=-14.949Hz  corr=-317.23W  u_ff=142.1W  PCAP→78W  power=77.3W
[PID] perf=26.336Hz  target=11.388Hz  err=-14.948Hz  corr=-317.21W  u_ff=142.1W  PCAP→78W  power=78.8W
[PID] perf=26.353Hz  target=11.388Hz  err=-14.965Hz  corr=-317.53W  u_ff=142.1W  PCAP→78W  power=78.0W
[PID] perf=26.359Hz  target=11.388Hz  err=-14.972Hz  corr=-317.64W  u_ff=142.1W  PCAP→78W  power=77.8W
[PID] perf=26.361Hz  target=11.388Hz  err=-14.974Hz  corr=-317.68W  u_ff=142.1W  PCAP→78W  power=76.4W
[PID] perf=26.345Hz  target=11.388Hz  err=-14.957Hz  corr=-317.38W  u_ff=142.1W  PCAP→78W  power=78.2W
[PID] perf=26.377Hz  target=11.388Hz  err=-14.989Hz  corr=-317.96W  u_ff=142.1W  PCAP→78W  power=78.1W
[PID] perf=26.348Hz  target=11.388Hz  err=-14.960Hz  corr=-317.44W  u_ff=142.1W  PCAP→78W  power=78.1W
[PID] perf=26.395Hz  target=11.388Hz  err=-15.007Hz  corr=-318.31W  u_ff=142.1W  PCAP→78W  power=77.9W
[PID] perf=26.351Hz  target=11.388Hz  err=-14.964Hz  corr=-317.49W  u_ff=142.1W  PCAP→78W  power=77.6W
[PID] perf=26.367Hz  target=11.388Hz  err=-14.979Hz  corr=-317.78W  u_ff=142.1W  PCAP→78W  power=76.6W
[PID] perf=26.371Hz  target=11.388Hz  err=-14.984Hz  corr=-317.87W  u_ff=142.1W  PCAP→78W  power=77.8W
[PID] perf=26.376Hz  target=11.388Hz  err=-14.988Hz  corr=-317.96W  u_ff=142.1W  PCAP→78W  power=78.4W
[PID] perf=26.362Hz  target=11.388Hz  err=-14.974Hz  corr=-317.70W  u_ff=142.1W  PCAP→78W  power=78.4W
[PID] perf=26.385Hz  target=11.388Hz  err=-14.998Hz  corr=-318.13W  u_ff=142.1W  PCAP→78W  power=76.3W
[PID] perf=26.387Hz  target=11.388Hz  err=-14.999Hz  corr=-318.15W  u_ff=142.1W  PCAP→78W  power=77.7W
[PID] perf=26.353Hz  target=11.388Hz  err=-14.965Hz  corr=-317.53W  u_ff=142.1W  PCAP→78W  power=78.9W
[PID] perf=26.353Hz  target=11.388Hz  err=-14.966Hz  corr=-317.53W  u_ff=142.1W  PCAP→78W  power=78.3W
[PID] perf=26.319Hz  target=11.388Hz  err=-14.931Hz  corr=-316.89W  u_ff=142.1W  PCAP→78W  power=79.4W
[PID] perf=26.332Hz  target=11.388Hz  err=-14.944Hz  corr=-317.13W  u_ff=142.1W  PCAP→78W  power=78.5W
[PID] perf=26.342Hz  target=11.388Hz  err=-14.954Hz  corr=-317.33W  u_ff=142.1W  PCAP→78W  power=77.4W
[PID] perf=26.312Hz  target=11.388Hz  err=-14.924Hz  corr=-316.76W  u_ff=142.1W  PCAP→78W  power=77.8W
[PID] perf=26.300Hz  target=11.388Hz  err=-14.912Hz  corr=-316.55W  u_ff=142.1W  PCAP→78W  power=78.0W
[PID] perf=26.378Hz  target=11.388Hz  err=-14.990Hz  corr=-317.99W  u_ff=142.1W  PCAP→78W  power=77.0W
[PID] perf=26.345Hz  target=11.388Hz  err=-14.958Hz  corr=-317.38W  u_ff=142.1W  PCAP→78W  power=78.2W
[PID] perf=26.268Hz  target=11.388Hz  err=-14.880Hz  corr=-315.95W  u_ff=142.1W  PCAP→78W  power=77.8W
[PID] perf=26.353Hz  target=11.388Hz  err=-14.966Hz  corr=-317.53W  u_ff=142.1W  PCAP→78W  power=78.2W
[PID] perf=26.330Hz  target=11.388Hz  err=-14.942Hz  corr=-317.09W  u_ff=142.1W  PCAP→78W  power=77.9W
[PID] perf=26.352Hz  target=11.388Hz  err=-14.964Hz  corr=-317.50W  u_ff=142.1W  PCAP→78W  power=77.4W
[PID] perf=26.356Hz  target=11.388Hz  err=-14.968Hz  corr=-317.58W  u_ff=142.1W  PCAP→78W  power=78.0W
[PID] perf=26.331Hz  target=11.388Hz  err=-14.943Hz  corr=-317.11W  u_ff=142.1W  PCAP→78W  power=78.3W
[PID] perf=26.387Hz  target=11.388Hz  err=-14.999Hz  corr=-318.15W  u_ff=142.1W  PCAP→78W  power=79.5W
[PID] perf=26.342Hz  target=11.388Hz  err=-14.954Hz  corr=-317.33W  u_ff=142.1W  PCAP→78W  power=78.2W
[PID] perf=26.359Hz  target=11.388Hz  err=-14.972Hz  corr=-317.64W  u_ff=142.1W  PCAP→78W  power=78.5W
[PID] perf=26.330Hz  target=11.388Hz  err=-14.942Hz  corr=-317.10W  u_ff=142.1W  PCAP→78W  power=77.6W
[PID] perf=26.376Hz  target=11.388Hz  err=-14.988Hz  corr=-317.96W  u_ff=142.1W  PCAP→78W  power=77.5W
[PID] perf=26.358Hz  target=11.388Hz  err=-14.970Hz  corr=-317.61W  u_ff=142.1W  PCAP→78W  power=78.6W
[PID] perf=26.360Hz  target=11.388Hz  err=-14.972Hz  corr=-317.65W  u_ff=142.1W  PCAP→78W  power=78.3W
[PID] perf=26.334Hz  target=11.388Hz  err=-14.946Hz  corr=-317.17W  u_ff=142.1W  PCAP→78W  power=78.0W
[PID] perf=26.321Hz  target=11.388Hz  err=-14.933Hz  corr=-316.93W  u_ff=142.1W  PCAP→78W  power=78.4W
[PID] perf=26.362Hz  target=11.388Hz  err=-14.974Hz  corr=-317.68W  u_ff=142.1W  PCAP→78W  power=76.5W
[PID] perf=26.345Hz  target=11.388Hz  err=-14.958Hz  corr=-317.38W  u_ff=142.1W  PCAP→78W  power=76.7W
[PID] perf=26.350Hz  target=11.388Hz  err=-14.962Hz  corr=-317.47W  u_ff=142.1W  PCAP→78W  power=79.0W
[PID] perf=26.329Hz  target=11.388Hz  err=-14.942Hz  corr=-317.09W  u_ff=142.1W  PCAP→78W  power=78.7W
[PID] perf=26.332Hz  target=11.388Hz  err=-14.944Hz  corr=-317.14W  u_ff=142.1W  PCAP→78W  power=78.7W
[PID] perf=26.267Hz  target=11.388Hz  err=-14.879Hz  corr=-315.93W  u_ff=142.1W  PCAP→78W  power=77.4W
[PID] perf=26.282Hz  target=11.388Hz  err=-14.894Hz  corr=-316.21W  u_ff=142.1W  PCAP→78W  power=77.3W
[PID] perf=26.287Hz  target=11.388Hz  err=-14.899Hz  corr=-316.30W  u_ff=142.1W  PCAP→78W  power=78.1W
[PID] perf=26.271Hz  target=11.388Hz  err=-14.883Hz  corr=-316.01W  u_ff=142.1W  PCAP→78W  power=78.1W
[PID] perf=26.279Hz  target=11.388Hz  err=-14.891Hz  corr=-316.15W  u_ff=142.1W  PCAP→78W  power=79.8W
[PID] perf=26.298Hz  target=11.388Hz  err=-14.910Hz  corr=-316.50W  u_ff=142.1W  PCAP→78W  power=78.1W
[PID] perf=26.319Hz  target=11.388Hz  err=-14.932Hz  corr=-316.90W  u_ff=142.1W  PCAP→78W  power=78.1W
[PID] perf=26.300Hz  target=11.388Hz  err=-14.912Hz  corr=-316.54W  u_ff=142.1W  PCAP→78W  power=76.5W
[PID] perf=26.278Hz  target=11.388Hz  err=-14.890Hz  corr=-316.13W  u_ff=142.1W  PCAP→78W  power=77.2W
[PID] perf=26.271Hz  target=11.388Hz  err=-14.883Hz  corr=-316.01W  u_ff=142.1W  PCAP→78W  power=77.9W
[PID] perf=26.262Hz  target=11.388Hz  err=-14.874Hz  corr=-315.84W  u_ff=142.1W  PCAP→78W  power=79.0W
[PID] perf=26.274Hz  target=11.388Hz  err=-14.886Hz  corr=-316.06W  u_ff=142.1W  PCAP→78W  power=77.8W
[PID] perf=26.348Hz  target=11.388Hz  err=-14.960Hz  corr=-317.42W  u_ff=142.1W  PCAP→78W  power=77.7W
[PID] perf=26.303Hz  target=11.388Hz  err=-14.915Hz  corr=-316.60W  u_ff=142.1W  PCAP→78W  power=76.4W
[PID] perf=26.295Hz  target=11.388Hz  err=-14.908Hz  corr=-316.46W  u_ff=142.1W  PCAP→78W  power=77.4W
[PID] perf=26.259Hz  target=11.388Hz  err=-14.871Hz  corr=-315.77W  u_ff=142.1W  PCAP→78W  power=78.0W
[PID] perf=26.284Hz  target=11.388Hz  err=-14.896Hz  corr=-316.25W  u_ff=142.1W  PCAP→78W  power=77.7W
[PID] perf=26.292Hz  target=11.388Hz  err=-14.904Hz  corr=-316.40W  u_ff=142.1W  PCAP→78W  power=77.3W
[PID] perf=26.279Hz  target=11.388Hz  err=-14.891Hz  corr=-316.15W  u_ff=142.1W  PCAP→78W  power=78.8W
[PID] perf=26.265Hz  target=11.388Hz  err=-14.878Hz  corr=-315.90W  u_ff=142.1W  PCAP→78W  power=77.6W
[PID] perf=26.277Hz  target=11.388Hz  err=-14.889Hz  corr=-316.12W  u_ff=142.1W  PCAP→78W  power=78.1W
[PID] perf=26.289Hz  target=11.388Hz  err=-14.902Hz  corr=-316.35W  u_ff=142.1W  PCAP→78W  power=78.7W
[PID] perf=26.328Hz  target=11.388Hz  err=-14.940Hz  corr=-317.06W  u_ff=142.1W  PCAP→78W  power=77.9W
[PID] perf=26.311Hz  target=11.388Hz  err=-14.924Hz  corr=-316.76W  u_ff=142.1W  PCAP→78W  power=78.1W
[PID] perf=26.284Hz  target=11.388Hz  err=-14.897Hz  corr=-316.25W  u_ff=142.1W  PCAP→78W  power=78.2W
[PID] perf=26.281Hz  target=11.388Hz  err=-14.893Hz  corr=-316.18W  u_ff=142.1W  PCAP→78W  power=77.6W
[PID] perf=26.282Hz  target=11.388Hz  err=-14.894Hz  corr=-316.21W  u_ff=142.1W  PCAP→78W  power=77.8W
[PID] perf=26.278Hz  target=11.388Hz  err=-14.890Hz  corr=-316.14W  u_ff=142.1W  PCAP→78W  power=78.6W
[PID] perf=26.308Hz  target=11.388Hz  err=-14.920Hz  corr=-316.69W  u_ff=142.1W  PCAP→78W  power=78.1W
[PID] perf=26.289Hz  target=11.388Hz  err=-14.901Hz  corr=-316.33W  u_ff=142.1W  PCAP→78W  power=78.0W
[PID] perf=26.300Hz  target=11.388Hz  err=-14.912Hz  corr=-316.54W  u_ff=142.1W  PCAP→78W  power=77.5W
[PID] perf=26.262Hz  target=11.388Hz  err=-14.874Hz  corr=-315.84W  u_ff=142.1W  PCAP→78W  power=78.6W
[PID] perf=26.254Hz  target=11.388Hz  err=-14.866Hz  corr=-315.69W  u_ff=142.1W  PCAP→78W  power=78.5W
[PID] perf=26.301Hz  target=11.388Hz  err=-14.913Hz  corr=-316.55W  u_ff=142.1W  PCAP→78W  power=77.8W
[PID] perf=26.246Hz  target=11.388Hz  err=-14.858Hz  corr=-315.53W  u_ff=142.1W  PCAP→78W  power=76.7W
[PID] perf=26.268Hz  target=11.388Hz  err=-14.881Hz  corr=-315.96W  u_ff=142.1W  PCAP→78W  power=78.7W
[PID] perf=26.293Hz  target=11.388Hz  err=-14.905Hz  corr=-316.41W  u_ff=142.1W  PCAP→78W  power=77.6W
[PID] perf=26.273Hz  target=11.388Hz  err=-14.885Hz  corr=-316.04W  u_ff=142.1W  PCAP→78W  power=77.6W
[PID] perf=26.320Hz  target=11.388Hz  err=-14.932Hz  corr=-316.91W  u_ff=142.1W  PCAP→78W  power=78.9W
[PID] perf=26.305Hz  target=11.388Hz  err=-14.917Hz  corr=-316.64W  u_ff=142.1W  PCAP→78W  power=78.3W
[PID] perf=26.277Hz  target=11.388Hz  err=-14.889Hz  corr=-316.12W  u_ff=142.1W  PCAP→78W  power=77.6W
[PID] perf=26.292Hz  target=11.388Hz  err=-14.904Hz  corr=-316.40W  u_ff=142.1W  PCAP→78W  power=77.5W
[PID] perf=26.289Hz  target=11.388Hz  err=-14.901Hz  corr=-316.34W  u_ff=142.1W  PCAP→78W  power=77.5W
[PID] perf=26.301Hz  target=11.388Hz  err=-14.914Hz  corr=-316.57W  u_ff=142.1W  PCAP→78W  power=78.7W
[PID] perf=26.331Hz  target=11.388Hz  err=-14.943Hz  corr=-317.12W  u_ff=142.1W  PCAP→78W  power=77.0W
[PID] perf=26.330Hz  target=11.388Hz  err=-14.942Hz  corr=-317.10W  u_ff=142.1W  PCAP→78W  power=77.4W
[PID] perf=26.278Hz  target=11.388Hz  err=-14.890Hz  corr=-316.13W  u_ff=142.1W  PCAP→78W  power=78.1W
[PID] perf=26.283Hz  target=11.388Hz  err=-14.895Hz  corr=-316.22W  u_ff=142.1W  PCAP→78W  power=77.2W
[PID] perf=26.295Hz  target=11.388Hz  err=-14.907Hz  corr=-316.45W  u_ff=142.1W  PCAP→78W  power=77.3W
[PID] perf=26.311Hz  target=11.388Hz  err=-14.923Hz  corr=-316.74W  u_ff=142.1W  PCAP→78W  power=78.3W
[PID] perf=25.709Hz  target=11.388Hz  err=-14.322Hz  corr=-305.59W  u_ff=142.1W  PCAP→78W  power=79.7W
[PID] perf=26.096Hz  target=11.388Hz  err=-14.709Hz  corr=-312.77W  u_ff=142.1W  PCAP→78W  power=78.4W
[PID] perf=26.135Hz  target=11.388Hz  err=-14.748Hz  corr=-313.49W  u_ff=142.1W  PCAP→78W  power=77.8W
[PID] perf=26.139Hz  target=11.388Hz  err=-14.751Hz  corr=-313.56W  u_ff=142.1W  PCAP→78W  power=77.1W
[PID] perf=26.175Hz  target=11.388Hz  err=-14.787Hz  corr=-314.22W  u_ff=142.1W  PCAP→78W  power=77.6W
[PID] perf=26.178Hz  target=11.388Hz  err=-14.791Hz  corr=-314.29W  u_ff=142.1W  PCAP→78W  power=77.1W
[PID] perf=26.188Hz  target=11.388Hz  err=-14.800Hz  corr=-314.47W  u_ff=142.1W  PCAP→78W  power=77.5W
[PID] perf=26.182Hz  target=11.388Hz  err=-14.795Hz  corr=-314.36W  u_ff=142.1W  PCAP→78W  power=77.6W
[PID] perf=26.148Hz  target=11.388Hz  err=-14.760Hz  corr=-313.72W  u_ff=142.1W  PCAP→78W  power=78.8W
[PID] perf=26.310Hz  target=11.388Hz  err=-14.923Hz  corr=-316.74W  u_ff=142.1W  PCAP→78W  power=77.3W
[PID] perf=26.323Hz  target=11.388Hz  err=-14.935Hz  corr=-316.97W  u_ff=142.1W  PCAP→78W  power=77.4W
[PID] perf=26.306Hz  target=11.388Hz  err=-14.918Hz  corr=-316.65W  u_ff=142.1W  PCAP→78W  power=79.6W
[PID] perf=25.082Hz  target=11.388Hz  err=-13.694Hz  corr=-293.95W  u_ff=142.1W  PCAP→78W  power=79.4W
[PID] perf=25.920Hz  target=11.388Hz  err=-14.532Hz  corr=-309.49W  u_ff=142.1W  PCAP→78W  power=76.7W
[PID] perf=25.957Hz  target=11.388Hz  err=-14.569Hz  corr=-310.18W  u_ff=142.1W  PCAP→78W  power=77.1W
[PID] perf=25.945Hz  target=11.388Hz  err=-14.557Hz  corr=-309.96W  u_ff=142.1W  PCAP→78W  power=78.5W
[PID] perf=25.909Hz  target=11.388Hz  err=-14.522Hz  corr=-309.30W  u_ff=142.1W  PCAP→78W  power=76.4W
[PID] perf=25.540Hz  target=11.388Hz  err=-14.153Hz  corr=-302.45W  u_ff=142.1W  PCAP→78W  power=77.2W
[PID] perf=25.622Hz  target=11.388Hz  err=-14.234Hz  corr=-303.97W  u_ff=142.1W  PCAP→78W  power=78.7W
[PID] perf=25.647Hz  target=11.388Hz  err=-14.259Hz  corr=-304.43W  u_ff=142.1W  PCAP→78W  power=76.9W
[PID] perf=25.624Hz  target=11.388Hz  err=-14.237Hz  corr=-304.01W  u_ff=142.1W  PCAP→78W  power=77.5W
[PID] perf=25.614Hz  target=11.388Hz  err=-14.226Hz  corr=-303.82W  u_ff=142.1W  PCAP→78W  power=77.0W
[PID] perf=25.661Hz  target=11.388Hz  err=-14.274Hz  corr=-304.70W  u_ff=142.1W  PCAP→78W  power=77.7W
[PID] perf=25.695Hz  target=11.388Hz  err=-14.308Hz  corr=-305.33W  u_ff=142.1W  PCAP→78W  power=77.3W
[PID] perf=25.734Hz  target=11.388Hz  err=-14.346Hz  corr=-306.04W  u_ff=142.1W  PCAP→78W  power=78.4W
[PID] perf=25.754Hz  target=11.388Hz  err=-14.366Hz  corr=-306.42W  u_ff=142.1W  PCAP→78W  power=78.2W
[PID] perf=26.594Hz  target=11.388Hz  err=-15.206Hz  corr=-321.99W  u_ff=142.1W  PCAP→78W  power=77.8W
[PID] perf=26.777Hz  target=11.388Hz  err=-15.389Hz  corr=-325.38W  u_ff=142.1W  PCAP→78W  power=77.3W
[PID] perf=26.728Hz  target=11.388Hz  err=-15.340Hz  corr=-324.47W  u_ff=142.1W  PCAP→78W  power=78.3W
[PID] perf=26.745Hz  target=11.388Hz  err=-15.357Hz  corr=-324.80W  u_ff=142.1W  PCAP→78W  power=78.4W
[PID] perf=26.785Hz  target=11.388Hz  err=-15.398Hz  corr=-325.55W  u_ff=142.1W  PCAP→78W  power=77.8W
[PID] perf=26.805Hz  target=11.388Hz  err=-15.417Hz  corr=-325.91W  u_ff=142.1W  PCAP→78W  power=78.4W
[PID] perf=26.771Hz  target=11.388Hz  err=-15.384Hz  corr=-325.29W  u_ff=142.1W  PCAP→78W  power=77.3W
[PID] perf=26.753Hz  target=11.388Hz  err=-15.365Hz  corr=-324.95W  u_ff=142.1W  PCAP→78W  power=79.1W
[PID] perf=26.781Hz  target=11.388Hz  err=-15.394Hz  corr=-325.47W  u_ff=142.1W  PCAP→78W  power=79.2W
[PID] perf=26.775Hz  target=11.388Hz  err=-15.387Hz  corr=-325.35W  u_ff=142.1W  PCAP→78W  power=76.3W
[PID] perf=26.759Hz  target=11.388Hz  err=-15.372Hz  corr=-325.06W  u_ff=142.1W  PCAP→78W  power=77.8W
[PID] perf=26.792Hz  target=11.388Hz  err=-15.404Hz  corr=-325.66W  u_ff=142.1W  PCAP→78W  power=77.5W
[PID] perf=26.767Hz  target=11.388Hz  err=-15.379Hz  corr=-325.20W  u_ff=142.1W  PCAP→78W  power=78.0W
[PID] perf=26.795Hz  target=11.388Hz  err=-15.407Hz  corr=-325.72W  u_ff=142.1W  PCAP→78W  power=77.7W
[PID] perf=26.773Hz  target=11.388Hz  err=-15.385Hz  corr=-325.31W  u_ff=142.1W  PCAP→78W  power=78.2W
[PID] perf=26.922Hz  target=11.388Hz  err=-15.535Hz  corr=-328.08W  u_ff=142.1W  PCAP→78W  power=77.8W
[PID] perf=27.081Hz  target=11.388Hz  err=-15.693Hz  corr=-331.02W  u_ff=142.1W  PCAP→78W  power=78.2W
[PID] perf=27.080Hz  target=11.388Hz  err=-15.692Hz  corr=-331.00W  u_ff=142.1W  PCAP→78W  power=77.9W
[PID] perf=27.113Hz  target=11.388Hz  err=-15.725Hz  corr=-331.61W  u_ff=142.1W  PCAP→78W  power=78.5W
[PID] perf=27.097Hz  target=11.388Hz  err=-15.709Hz  corr=-331.33W  u_ff=142.1W  PCAP→78W  power=78.7W
[PID] perf=27.075Hz  target=11.388Hz  err=-15.687Hz  corr=-330.92W  u_ff=142.1W  PCAP→78W  power=78.9W
[PID] perf=27.050Hz  target=11.388Hz  err=-15.662Hz  corr=-330.45W  u_ff=142.1W  PCAP→78W  power=78.3W
[PID] perf=27.082Hz  target=11.388Hz  err=-15.694Hz  corr=-331.04W  u_ff=142.1W  PCAP→78W  power=77.6W
[PID] perf=27.091Hz  target=11.388Hz  err=-15.703Hz  corr=-331.21W  u_ff=142.1W  PCAP→78W  power=78.8W
[PID] perf=27.034Hz  target=11.388Hz  err=-15.647Hz  corr=-330.16W  u_ff=142.1W  PCAP→78W  power=77.9W
[PID] perf=27.027Hz  target=11.388Hz  err=-15.639Hz  corr=-330.03W  u_ff=142.1W  PCAP→78W  power=79.6W
[PID] perf=27.108Hz  target=11.388Hz  err=-15.721Hz  corr=-331.53W  u_ff=142.1W  PCAP→78W  power=77.8W
[PID] perf=27.120Hz  target=11.388Hz  err=-15.732Hz  corr=-331.74W  u_ff=142.1W  PCAP→78W  power=78.5W
[PID] perf=27.065Hz  target=11.388Hz  err=-15.677Hz  corr=-330.73W  u_ff=142.1W  PCAP→78W  power=77.4W
[PID] perf=27.024Hz  target=11.388Hz  err=-15.636Hz  corr=-329.97W  u_ff=142.1W  PCAP→78W  power=79.5W
[PID] perf=27.027Hz  target=11.388Hz  err=-15.639Hz  corr=-330.03W  u_ff=142.1W  PCAP→78W  power=78.2W
[PID] perf=26.979Hz  target=11.388Hz  err=-15.591Hz  corr=-329.13W  u_ff=142.1W  PCAP→78W  power=78.7W
[PID] perf=27.007Hz  target=11.388Hz  err=-15.619Hz  corr=-329.65W  u_ff=142.1W  PCAP→78W  power=78.2W
[PID] perf=27.104Hz  target=11.388Hz  err=-15.716Hz  corr=-331.45W  u_ff=142.1W  PCAP→78W  power=77.3W
[PID] perf=27.095Hz  target=11.388Hz  err=-15.708Hz  corr=-331.29W  u_ff=142.1W  PCAP→78W  power=77.2W
[PID] perf=27.068Hz  target=11.388Hz  err=-15.681Hz  corr=-330.79W  u_ff=142.1W  PCAP→78W  power=78.4W
[PID] perf=27.042Hz  target=11.388Hz  err=-15.654Hz  corr=-330.30W  u_ff=142.1W  PCAP→78W  power=77.3W
[PID] perf=27.024Hz  target=11.388Hz  err=-15.636Hz  corr=-329.96W  u_ff=142.1W  PCAP→78W  power=76.7W
[PID] perf=27.031Hz  target=11.388Hz  err=-15.643Hz  corr=-330.09W  u_ff=142.1W  PCAP→78W  power=77.3W
[PID] perf=26.987Hz  target=11.388Hz  err=-15.599Hz  corr=-329.28W  u_ff=142.1W  PCAP→78W  power=77.6W
[PID] perf=26.595Hz  target=11.388Hz  err=-15.208Hz  corr=-322.02W  u_ff=142.1W  PCAP→78W  power=77.7W
[PID] perf=26.176Hz  target=11.388Hz  err=-14.788Hz  corr=-314.25W  u_ff=142.1W  PCAP→78W  power=77.8W
[PID] perf=26.267Hz  target=11.388Hz  err=-14.879Hz  corr=-315.92W  u_ff=142.1W  PCAP→78W  power=77.3W
[PID] perf=26.261Hz  target=11.388Hz  err=-14.873Hz  corr=-315.81W  u_ff=142.1W  PCAP→78W  power=78.4W
[PID] perf=26.203Hz  target=11.388Hz  err=-14.815Hz  corr=-314.74W  u_ff=142.1W  PCAP→78W  power=77.9W
[PID] perf=26.213Hz  target=11.388Hz  err=-14.826Hz  corr=-314.93W  u_ff=142.1W  PCAP→78W  power=77.1W
[PID] perf=26.232Hz  target=11.388Hz  err=-14.844Hz  corr=-315.27W  u_ff=142.1W  PCAP→78W  power=77.0W
[PID] perf=26.235Hz  target=11.388Hz  err=-14.847Hz  corr=-315.33W  u_ff=142.1W  PCAP→78W  power=78.3W
[PID] perf=26.329Hz  target=11.388Hz  err=-14.941Hz  corr=-317.08W  u_ff=142.1W  PCAP→78W  power=76.9W
[PID] perf=26.342Hz  target=11.388Hz  err=-14.954Hz  corr=-317.31W  u_ff=142.1W  PCAP→78W  power=79.1W
[PID] perf=26.350Hz  target=11.388Hz  err=-14.963Hz  corr=-317.47W  u_ff=142.1W  PCAP→78W  power=79.4W
[PID] perf=26.328Hz  target=11.388Hz  err=-14.940Hz  corr=-317.06W  u_ff=142.1W  PCAP→78W  power=77.7W
[PID] perf=26.327Hz  target=11.388Hz  err=-14.940Hz  corr=-317.05W  u_ff=142.1W  PCAP→78W  power=77.6W
[PID] perf=26.312Hz  target=11.388Hz  err=-14.924Hz  corr=-316.76W  u_ff=142.1W  PCAP→78W  power=76.8W
[PID] perf=26.343Hz  target=11.388Hz  err=-14.955Hz  corr=-317.34W  u_ff=142.1W  PCAP→78W  power=77.7W
[PID] perf=26.326Hz  target=11.388Hz  err=-14.938Hz  corr=-317.03W  u_ff=142.1W  PCAP→78W  power=78.4W
[PID] perf=26.314Hz  target=11.388Hz  err=-14.927Hz  corr=-316.81W  u_ff=142.1W  PCAP→78W  power=78.9W
[PID] perf=26.299Hz  target=11.388Hz  err=-14.911Hz  corr=-316.52W  u_ff=142.1W  PCAP→78W  power=79.0W
[PID] perf=26.305Hz  target=11.388Hz  err=-14.917Hz  corr=-316.63W  u_ff=142.1W  PCAP→78W  power=nanW
[PID] perf=26.266Hz  target=11.388Hz  err=-14.878Hz  corr=-315.90W  u_ff=142.1W  PCAP→78W  power=78.2W
[PID] perf=26.332Hz  target=11.388Hz  err=-14.944Hz  corr=-317.14W  u_ff=142.1W  PCAP→78W  power=76.8W
[PID] perf=26.306Hz  target=11.388Hz  err=-14.919Hz  corr=-316.66W  u_ff=142.1W  PCAP→78W  power=77.2W
[PID] perf=26.328Hz  target=11.388Hz  err=-14.940Hz  corr=-317.06W  u_ff=142.1W  PCAP→78W  power=76.7W
[PID] perf=26.307Hz  target=11.388Hz  err=-14.919Hz  corr=-316.67W  u_ff=142.1W  PCAP→78W  power=77.7W
[PID] perf=26.333Hz  target=11.388Hz  err=-14.945Hz  corr=-317.15W  u_ff=142.1W  PCAP→78W  power=78.3W
[PID] perf=26.326Hz  target=11.388Hz  err=-14.938Hz  corr=-317.02W  u_ff=142.1W  PCAP→78W  power=78.5W
[PID] perf=26.296Hz  target=11.388Hz  err=-14.909Hz  corr=-316.48W  u_ff=142.1W  PCAP→78W  power=77.7W
[PID] perf=26.337Hz  target=11.388Hz  err=-14.950Hz  corr=-317.24W  u_ff=142.1W  PCAP→78W  power=78.5W
[PID] perf=26.351Hz  target=11.388Hz  err=-14.963Hz  corr=-317.49W  u_ff=142.1W  PCAP→78W  power=77.9W
[PID] perf=26.349Hz  target=11.388Hz  err=-14.961Hz  corr=-317.45W  u_ff=142.1W  PCAP→78W  power=79.1W
[PID] perf=26.313Hz  target=11.388Hz  err=-14.925Hz  corr=-316.78W  u_ff=142.1W  PCAP→78W  power=77.6W
[PID] perf=26.492Hz  target=11.388Hz  err=-15.104Hz  corr=-320.10W  u_ff=142.1W  PCAP→78W  power=77.6W
[PID] perf=26.485Hz  target=11.388Hz  err=-15.097Hz  corr=-319.96W  u_ff=142.1W  PCAP→78W  power=76.1W
[PID] perf=26.488Hz  target=11.388Hz  err=-15.101Hz  corr=-320.04W  u_ff=142.1W  PCAP→78W  power=78.2W
[PID] perf=26.537Hz  target=11.388Hz  err=-15.149Hz  corr=-320.94W  u_ff=142.1W  PCAP→78W  power=78.9W
[PID] perf=26.494Hz  target=11.388Hz  err=-15.106Hz  corr=-320.14W  u_ff=142.1W  PCAP→78W  power=77.4W
[PID] perf=26.548Hz  target=11.388Hz  err=-15.161Hz  corr=-321.15W  u_ff=142.1W  PCAP→78W  power=78.0W
[PID] perf=26.522Hz  target=11.388Hz  err=-15.135Hz  corr=-320.67W  u_ff=142.1W  PCAP→78W  power=77.2W
[PID] perf=26.522Hz  target=11.388Hz  err=-15.134Hz  corr=-320.65W  u_ff=142.1W  PCAP→78W  power=78.1W
[PID] perf=26.484Hz  target=11.388Hz  err=-15.096Hz  corr=-319.95W  u_ff=142.1W  PCAP→78W  power=78.9W
[PID] perf=26.509Hz  target=11.388Hz  err=-15.121Hz  corr=-320.42W  u_ff=142.1W  PCAP→78W  power=79.0W
[PID] perf=26.502Hz  target=11.388Hz  err=-15.114Hz  corr=-320.28W  u_ff=142.1W  PCAP→78W  power=78.7W
[PID] perf=26.489Hz  target=11.388Hz  err=-15.101Hz  corr=-320.04W  u_ff=142.1W  PCAP→78W  power=77.7W
[PID] perf=26.508Hz  target=11.388Hz  err=-15.121Hz  corr=-320.41W  u_ff=142.1W  PCAP→78W  power=77.2W
[PID] perf=26.482Hz  target=11.388Hz  err=-15.094Hz  corr=-319.91W  u_ff=142.1W  PCAP→78W  power=76.8W
[PID] perf=27.173Hz  target=11.388Hz  err=-15.785Hz  corr=-332.74W  u_ff=142.1W  PCAP→78W  power=76.7W
[PID] perf=27.182Hz  target=11.388Hz  err=-15.794Hz  corr=-332.90W  u_ff=142.1W  PCAP→78W  power=78.3W
[PID] perf=27.155Hz  target=11.388Hz  err=-15.767Hz  corr=-332.39W  u_ff=142.1W  PCAP→78W  power=77.8W
[PID] perf=27.185Hz  target=11.388Hz  err=-15.797Hz  corr=-332.95W  u_ff=142.1W  PCAP→78W  power=77.6W
[PID] perf=27.189Hz  target=11.388Hz  err=-15.801Hz  corr=-333.03W  u_ff=142.1W  PCAP→78W  power=77.5W
[PID] perf=27.184Hz  target=11.388Hz  err=-15.797Hz  corr=-332.94W  u_ff=142.1W  PCAP→78W  power=77.2W
[PID] perf=27.212Hz  target=11.388Hz  err=-15.825Hz  corr=-333.46W  u_ff=142.1W  PCAP→78W  power=78.5W
[PID] perf=27.235Hz  target=11.388Hz  err=-15.847Hz  corr=-333.88W  u_ff=142.1W  PCAP→78W  power=77.6W
[PID] perf=27.187Hz  target=11.388Hz  err=-15.800Hz  corr=-333.00W  u_ff=142.1W  PCAP→78W  power=78.9W
[PID] perf=27.214Hz  target=11.388Hz  err=-15.826Hz  corr=-333.49W  u_ff=142.1W  PCAP→78W  power=78.3W
Process completed.
Compressed into /home/cc/summer2024/main_codes/pid_controller/../experiment_data/PID_Control_sweep/ones-npb-cg/compressed_iteration_20260513_173533.tar
----------------------------------
