
>>> Step 1/3

[ones-npb-cg]
  target perf      : 10.8499 Hz
  coefficients_perf: [-0.0006547837485238978, 0.18607436314256556, -1.8317688501798497]
  feedforward PCAP : 113.43 W  →  112 W (snapped)
  Perf(u_ff) check : 10.8499 Hz  (should ≈ target)
  PID gains        : Kp=18.5447 W/Hz  Ki=1.85447 W/(Hz·s)  Kd=0.0000
[PID] Awaiting data — feedforward PCAP=112W
[PID] Awaiting data — feedforward PCAP=112W
[PID] Awaiting data — feedforward PCAP=112W
[PID] Awaiting data — feedforward PCAP=112W
[PID] Awaiting data — feedforward PCAP=112W
[PID] Awaiting data — feedforward PCAP=112W
[PID] perf=20.234Hz  target=10.850Hz  err=-9.384Hz  corr=-208.82W  u_ff=113.4W  PCAP→78W  power=nanW
[PID] perf=18.027Hz  target=10.850Hz  err=-7.177Hz  corr=-173.09W  u_ff=113.4W  PCAP→78W  power=77.8W
[PID] perf=18.086Hz  target=10.850Hz  err=-7.237Hz  corr=-174.20W  u_ff=113.4W  PCAP→78W  power=77.8W
[PID] perf=18.095Hz  target=10.850Hz  err=-7.245Hz  corr=-174.36W  u_ff=113.4W  PCAP→78W  power=79.5W
[PID] perf=18.090Hz  target=10.850Hz  err=-7.240Hz  corr=-174.26W  u_ff=113.4W  PCAP→78W  power=78.1W
[PID] perf=18.116Hz  target=10.850Hz  err=-7.266Hz  corr=-174.74W  u_ff=113.4W  PCAP→78W  power=78.4W
[PID] perf=18.123Hz  target=10.850Hz  err=-7.273Hz  corr=-174.88W  u_ff=113.4W  PCAP→78W  power=78.7W
[PID] perf=18.138Hz  target=10.850Hz  err=-7.289Hz  corr=-175.16W  u_ff=113.4W  PCAP→78W  power=79.1W
[PID] perf=18.149Hz  target=10.850Hz  err=-7.299Hz  corr=-175.36W  u_ff=113.4W  PCAP→78W  power=78.1W
[PID] perf=18.133Hz  target=10.850Hz  err=-7.283Hz  corr=-175.06W  u_ff=113.4W  PCAP→78W  power=78.2W
[PID] perf=18.115Hz  target=10.850Hz  err=-7.265Hz  corr=-174.73W  u_ff=113.4W  PCAP→78W  power=78.8W
[PID] perf=18.129Hz  target=10.850Hz  err=-7.279Hz  corr=-174.99W  u_ff=113.4W  PCAP→78W  power=77.4W
[PID] perf=18.130Hz  target=10.850Hz  err=-7.280Hz  corr=-175.01W  u_ff=113.4W  PCAP→78W  power=78.3W
[PID] perf=18.101Hz  target=10.850Hz  err=-7.252Hz  corr=-174.48W  u_ff=113.4W  PCAP→78W  power=77.3W
[PID] perf=18.128Hz  target=10.850Hz  err=-7.278Hz  corr=-174.97W  u_ff=113.4W  PCAP→78W  power=77.6W
[PID] perf=18.126Hz  target=10.850Hz  err=-7.277Hz  corr=-174.94W  u_ff=113.4W  PCAP→78W  power=78.5W
[PID] perf=18.135Hz  target=10.850Hz  err=-7.285Hz  corr=-175.10W  u_ff=113.4W  PCAP→78W  power=78.5W
[PID] perf=18.142Hz  target=10.850Hz  err=-7.292Hz  corr=-175.23W  u_ff=113.4W  PCAP→78W  power=77.2W
[PID] perf=18.147Hz  target=10.850Hz  err=-7.297Hz  corr=-175.32W  u_ff=113.4W  PCAP→78W  power=78.1W
[PID] perf=18.172Hz  target=10.850Hz  err=-7.322Hz  corr=-175.78W  u_ff=113.4W  PCAP→78W  power=76.4W
[PID] perf=18.147Hz  target=10.850Hz  err=-7.297Hz  corr=-175.33W  u_ff=113.4W  PCAP→78W  power=77.8W
[PID] perf=18.142Hz  target=10.850Hz  err=-7.292Hz  corr=-175.22W  u_ff=113.4W  PCAP→78W  power=79.3W
[PID] perf=18.124Hz  target=10.850Hz  err=-7.274Hz  corr=-174.89W  u_ff=113.4W  PCAP→78W  power=77.0W
[PID] perf=18.141Hz  target=10.850Hz  err=-7.292Hz  corr=-175.22W  u_ff=113.4W  PCAP→78W  power=76.5W
[PID] perf=18.131Hz  target=10.850Hz  err=-7.281Hz  corr=-175.03W  u_ff=113.4W  PCAP→78W  power=78.3W
[PID] perf=18.103Hz  target=10.850Hz  err=-7.253Hz  corr=-174.50W  u_ff=113.4W  PCAP→78W  power=76.6W
[PID] perf=18.108Hz  target=10.850Hz  err=-7.258Hz  corr=-174.60W  u_ff=113.4W  PCAP→78W  power=76.5W
[PID] perf=23.038Hz  target=10.850Hz  err=-12.189Hz  corr=-266.03W  u_ff=113.4W  PCAP→78W  power=75.8W
[PID] perf=27.942Hz  target=10.850Hz  err=-17.092Hz  corr=-356.96W  u_ff=113.4W  PCAP→78W  power=77.1W
[PID] perf=27.977Hz  target=10.850Hz  err=-17.127Hz  corr=-357.61W  u_ff=113.4W  PCAP→78W  power=78.4W
[PID] perf=27.983Hz  target=10.850Hz  err=-17.133Hz  corr=-357.73W  u_ff=113.4W  PCAP→78W  power=78.7W
[PID] perf=28.016Hz  target=10.850Hz  err=-17.166Hz  corr=-358.33W  u_ff=113.4W  PCAP→78W  power=77.1W
[PID] perf=27.999Hz  target=10.850Hz  err=-17.149Hz  corr=-358.02W  u_ff=113.4W  PCAP→78W  power=77.3W
[PID] perf=28.021Hz  target=10.850Hz  err=-17.171Hz  corr=-358.43W  u_ff=113.4W  PCAP→78W  power=77.5W
[PID] perf=28.014Hz  target=10.850Hz  err=-17.164Hz  corr=-358.30W  u_ff=113.4W  PCAP→78W  power=78.2W
[PID] perf=27.993Hz  target=10.850Hz  err=-17.143Hz  corr=-357.92W  u_ff=113.4W  PCAP→78W  power=77.6W
[PID] perf=27.992Hz  target=10.850Hz  err=-17.142Hz  corr=-357.89W  u_ff=113.4W  PCAP→78W  power=78.6W
[PID] perf=27.988Hz  target=10.850Hz  err=-17.138Hz  corr=-357.82W  u_ff=113.4W  PCAP→78W  power=79.0W
[PID] perf=27.971Hz  target=10.850Hz  err=-17.122Hz  corr=-357.51W  u_ff=113.4W  PCAP→78W  power=77.3W
[PID] perf=27.996Hz  target=10.850Hz  err=-17.146Hz  corr=-357.97W  u_ff=113.4W  PCAP→78W  power=77.6W
[PID] perf=27.986Hz  target=10.850Hz  err=-17.136Hz  corr=-357.78W  u_ff=113.4W  PCAP→78W  power=78.7W
[PID] perf=27.971Hz  target=10.850Hz  err=-17.121Hz  corr=-357.51W  u_ff=113.4W  PCAP→78W  power=77.2W
[PID] perf=27.937Hz  target=10.850Hz  err=-17.087Hz  corr=-356.88W  u_ff=113.4W  PCAP→78W  power=77.7W
[PID] perf=27.974Hz  target=10.850Hz  err=-17.124Hz  corr=-357.57W  u_ff=113.4W  PCAP→78W  power=77.7W
[PID] perf=27.964Hz  target=10.850Hz  err=-17.114Hz  corr=-357.38W  u_ff=113.4W  PCAP→78W  power=77.8W
[PID] perf=27.976Hz  target=10.850Hz  err=-17.126Hz  corr=-357.59W  u_ff=113.4W  PCAP→78W  power=78.0W
[PID] perf=27.997Hz  target=10.850Hz  err=-17.147Hz  corr=-357.98W  u_ff=113.4W  PCAP→78W  power=77.1W
[PID] perf=27.976Hz  target=10.850Hz  err=-17.126Hz  corr=-357.60W  u_ff=113.4W  PCAP→78W  power=76.7W
[PID] perf=27.977Hz  target=10.850Hz  err=-17.127Hz  corr=-357.62W  u_ff=113.4W  PCAP→78W  power=76.8W
[PID] perf=27.992Hz  target=10.850Hz  err=-17.142Hz  corr=-357.89W  u_ff=113.4W  PCAP→78W  power=76.3W
[PID] perf=27.976Hz  target=10.850Hz  err=-17.126Hz  corr=-357.60W  u_ff=113.4W  PCAP→78W  power=78.5W
[PID] perf=27.948Hz  target=10.850Hz  err=-17.098Hz  corr=-357.08W  u_ff=113.4W  PCAP→78W  power=78.5W
[PID] perf=28.012Hz  target=10.850Hz  err=-17.162Hz  corr=-358.27W  u_ff=113.4W  PCAP→78W  power=77.3W
[PID] perf=27.998Hz  target=10.850Hz  err=-17.148Hz  corr=-358.00W  u_ff=113.4W  PCAP→78W  power=77.8W
[PID] perf=27.975Hz  target=10.850Hz  err=-17.125Hz  corr=-357.58W  u_ff=113.4W  PCAP→78W  power=77.8W
[PID] perf=27.978Hz  target=10.850Hz  err=-17.128Hz  corr=-357.63W  u_ff=113.4W  PCAP→78W  power=79.2W
[PID] perf=28.022Hz  target=10.850Hz  err=-17.172Hz  corr=-358.44W  u_ff=113.4W  PCAP→78W  power=79.2W
[PID] perf=28.018Hz  target=10.850Hz  err=-17.168Hz  corr=-358.37W  u_ff=113.4W  PCAP→78W  power=78.3W
[PID] perf=27.998Hz  target=10.850Hz  err=-17.148Hz  corr=-358.00W  u_ff=113.4W  PCAP→78W  power=77.1W
[PID] perf=28.012Hz  target=10.850Hz  err=-17.162Hz  corr=-358.26W  u_ff=113.4W  PCAP→78W  power=77.9W
[PID] perf=27.999Hz  target=10.850Hz  err=-17.149Hz  corr=-358.02W  u_ff=113.4W  PCAP→78W  power=77.0W
[PID] perf=27.948Hz  target=10.850Hz  err=-17.098Hz  corr=-357.09W  u_ff=113.4W  PCAP→78W  power=77.2W
[PID] perf=27.975Hz  target=10.850Hz  err=-17.125Hz  corr=-357.57W  u_ff=113.4W  PCAP→78W  power=76.4W
[PID] perf=27.955Hz  target=10.850Hz  err=-17.105Hz  corr=-357.20W  u_ff=113.4W  PCAP→78W  power=76.4W
[PID] perf=28.020Hz  target=10.850Hz  err=-17.170Hz  corr=-358.41W  u_ff=113.4W  PCAP→78W  power=78.8W
[PID] perf=28.050Hz  target=10.850Hz  err=-17.200Hz  corr=-358.97W  u_ff=113.4W  PCAP→78W  power=78.2W
[PID] perf=28.062Hz  target=10.850Hz  err=-17.212Hz  corr=-359.19W  u_ff=113.4W  PCAP→78W  power=79.0W
[PID] perf=28.027Hz  target=10.850Hz  err=-17.177Hz  corr=-358.54W  u_ff=113.4W  PCAP→78W  power=78.1W
[PID] perf=28.023Hz  target=10.850Hz  err=-17.173Hz  corr=-358.47W  u_ff=113.4W  PCAP→78W  power=78.6W
[PID] perf=28.002Hz  target=10.850Hz  err=-17.153Hz  corr=-358.09W  u_ff=113.4W  PCAP→78W  power=79.1W
[PID] perf=28.016Hz  target=10.850Hz  err=-17.166Hz  corr=-358.34W  u_ff=113.4W  PCAP→78W  power=79.1W
[PID] perf=27.991Hz  target=10.850Hz  err=-17.142Hz  corr=-357.89W  u_ff=113.4W  PCAP→78W  power=77.7W
[PID] perf=27.969Hz  target=10.850Hz  err=-17.119Hz  corr=-357.47W  u_ff=113.4W  PCAP→78W  power=77.2W
[PID] perf=27.972Hz  target=10.850Hz  err=-17.122Hz  corr=-357.52W  u_ff=113.4W  PCAP→78W  power=76.9W
[PID] perf=27.955Hz  target=10.850Hz  err=-17.105Hz  corr=-357.21W  u_ff=113.4W  PCAP→78W  power=78.0W
[PID] perf=27.970Hz  target=10.850Hz  err=-17.120Hz  corr=-357.49W  u_ff=113.4W  PCAP→78W  power=78.3W
[PID] perf=27.978Hz  target=10.850Hz  err=-17.128Hz  corr=-357.63W  u_ff=113.4W  PCAP→78W  power=76.8W
[PID] perf=27.955Hz  target=10.850Hz  err=-17.105Hz  corr=-357.20W  u_ff=113.4W  PCAP→78W  power=76.9W
[PID] perf=27.958Hz  target=10.850Hz  err=-17.109Hz  corr=-357.27W  u_ff=113.4W  PCAP→78W  power=79.2W
[PID] perf=27.957Hz  target=10.850Hz  err=-17.107Hz  corr=-357.25W  u_ff=113.4W  PCAP→78W  power=78.6W
[PID] perf=27.913Hz  target=10.850Hz  err=-17.063Hz  corr=-356.42W  u_ff=113.4W  PCAP→78W  power=79.1W
[PID] perf=27.806Hz  target=10.850Hz  err=-16.956Hz  corr=-354.44W  u_ff=113.4W  PCAP→78W  power=77.4W
[PID] perf=27.817Hz  target=10.850Hz  err=-16.967Hz  corr=-354.65W  u_ff=113.4W  PCAP→78W  power=78.7W
[PID] perf=27.797Hz  target=10.850Hz  err=-16.947Hz  corr=-354.28W  u_ff=113.4W  PCAP→78W  power=77.2W
[PID] perf=27.818Hz  target=10.850Hz  err=-16.968Hz  corr=-354.67W  u_ff=113.4W  PCAP→78W  power=76.9W
[PID] perf=27.817Hz  target=10.850Hz  err=-16.968Hz  corr=-354.66W  u_ff=113.4W  PCAP→78W  power=78.1W
[PID] perf=27.847Hz  target=10.850Hz  err=-16.997Hz  corr=-355.21W  u_ff=113.4W  PCAP→78W  power=78.2W
[PID] perf=27.827Hz  target=10.850Hz  err=-16.977Hz  corr=-354.84W  u_ff=113.4W  PCAP→78W  power=78.0W
[PID] perf=27.855Hz  target=10.850Hz  err=-17.005Hz  corr=-355.36W  u_ff=113.4W  PCAP→78W  power=77.6W
[PID] perf=27.480Hz  target=10.850Hz  err=-16.631Hz  corr=-348.41W  u_ff=113.4W  PCAP→78W  power=78.9W
[PID] perf=27.487Hz  target=10.850Hz  err=-16.637Hz  corr=-348.52W  u_ff=113.4W  PCAP→78W  power=78.4W
[PID] perf=26.687Hz  target=10.850Hz  err=-15.837Hz  corr=-333.70W  u_ff=113.4W  PCAP→78W  power=78.5W
[PID] perf=26.774Hz  target=10.850Hz  err=-15.924Hz  corr=-335.31W  u_ff=113.4W  PCAP→78W  power=78.4W
[PID] perf=26.818Hz  target=10.850Hz  err=-15.968Hz  corr=-336.12W  u_ff=113.4W  PCAP→78W  power=78.2W
[PID] perf=26.801Hz  target=10.850Hz  err=-15.952Hz  corr=-335.82W  u_ff=113.4W  PCAP→78W  power=78.3W
[PID] perf=26.823Hz  target=10.850Hz  err=-15.973Hz  corr=-336.21W  u_ff=113.4W  PCAP→78W  power=78.0W
[PID] perf=26.793Hz  target=10.850Hz  err=-15.943Hz  corr=-335.67W  u_ff=113.4W  PCAP→78W  power=78.8W
[PID] perf=27.114Hz  target=10.850Hz  err=-16.264Hz  corr=-341.61W  u_ff=113.4W  PCAP→78W  power=78.2W
[PID] perf=27.144Hz  target=10.850Hz  err=-16.294Hz  corr=-342.17W  u_ff=113.4W  PCAP→78W  power=79.4W
[PID] perf=27.116Hz  target=10.850Hz  err=-16.266Hz  corr=-341.64W  u_ff=113.4W  PCAP→78W  power=78.7W
[PID] perf=27.082Hz  target=10.850Hz  err=-16.232Hz  corr=-341.02W  u_ff=113.4W  PCAP→78W  power=77.8W
[PID] perf=27.083Hz  target=10.850Hz  err=-16.234Hz  corr=-341.05W  u_ff=113.4W  PCAP→78W  power=79.2W
[PID] perf=27.110Hz  target=10.850Hz  err=-16.260Hz  corr=-341.54W  u_ff=113.4W  PCAP→78W  power=78.6W
[PID] perf=27.121Hz  target=10.850Hz  err=-16.271Hz  corr=-341.74W  u_ff=113.4W  PCAP→78W  power=78.8W
[PID] perf=27.118Hz  target=10.850Hz  err=-16.268Hz  corr=-341.69W  u_ff=113.4W  PCAP→78W  power=78.5W
[PID] perf=27.111Hz  target=10.850Hz  err=-16.261Hz  corr=-341.56W  u_ff=113.4W  PCAP→78W  power=77.9W
[PID] perf=27.121Hz  target=10.850Hz  err=-16.271Hz  corr=-341.74W  u_ff=113.4W  PCAP→78W  power=77.2W
[PID] perf=27.136Hz  target=10.850Hz  err=-16.286Hz  corr=-342.01W  u_ff=113.4W  PCAP→78W  power=79.1W
[PID] perf=27.109Hz  target=10.850Hz  err=-16.259Hz  corr=-341.52W  u_ff=113.4W  PCAP→78W  power=78.8W
[PID] perf=27.083Hz  target=10.850Hz  err=-16.233Hz  corr=-341.04W  u_ff=113.4W  PCAP→78W  power=79.1W
[PID] perf=27.110Hz  target=10.850Hz  err=-16.261Hz  corr=-341.55W  u_ff=113.4W  PCAP→78W  power=78.8W
[PID] perf=27.159Hz  target=10.850Hz  err=-16.309Hz  corr=-342.45W  u_ff=113.4W  PCAP→78W  power=77.9W
[PID] perf=27.183Hz  target=10.850Hz  err=-16.333Hz  corr=-342.89W  u_ff=113.4W  PCAP→78W  power=76.5W
[PID] perf=27.118Hz  target=10.850Hz  err=-16.268Hz  corr=-341.68W  u_ff=113.4W  PCAP→78W  power=76.9W
[PID] perf=27.168Hz  target=10.850Hz  err=-16.319Hz  corr=-342.62W  u_ff=113.4W  PCAP→78W  power=78.3W
[PID] perf=27.133Hz  target=10.850Hz  err=-16.283Hz  corr=-341.97W  u_ff=113.4W  PCAP→78W  power=77.8W
[PID] perf=27.122Hz  target=10.850Hz  err=-16.272Hz  corr=-341.76W  u_ff=113.4W  PCAP→78W  power=76.7W
[PID] perf=27.127Hz  target=10.850Hz  err=-16.277Hz  corr=-341.85W  u_ff=113.4W  PCAP→78W  power=77.0W
[PID] perf=27.129Hz  target=10.850Hz  err=-16.279Hz  corr=-341.90W  u_ff=113.4W  PCAP→78W  power=77.4W
[PID] perf=25.705Hz  target=10.850Hz  err=-14.855Hz  corr=-315.48W  u_ff=113.4W  PCAP→78W  power=77.7W
[PID] perf=25.838Hz  target=10.850Hz  err=-14.988Hz  corr=-317.95W  u_ff=113.4W  PCAP→78W  power=77.1W
[PID] perf=25.898Hz  target=10.850Hz  err=-15.048Hz  corr=-319.06W  u_ff=113.4W  PCAP→78W  power=76.5W
[PID] perf=25.953Hz  target=10.850Hz  err=-15.103Hz  corr=-320.09W  u_ff=113.4W  PCAP→78W  power=77.0W
[PID] perf=25.995Hz  target=10.850Hz  err=-15.145Hz  corr=-320.86W  u_ff=113.4W  PCAP→78W  power=76.7W
[PID] perf=26.366Hz  target=10.850Hz  err=-15.516Hz  corr=-327.74W  u_ff=113.4W  PCAP→78W  power=77.3W
[PID] perf=26.876Hz  target=10.850Hz  err=-16.026Hz  corr=-337.20W  u_ff=113.4W  PCAP→78W  power=78.3W
[PID] perf=26.915Hz  target=10.850Hz  err=-16.065Hz  corr=-337.92W  u_ff=113.4W  PCAP→78W  power=77.3W
[PID] perf=26.890Hz  target=10.850Hz  err=-16.040Hz  corr=-337.45W  u_ff=113.4W  PCAP→78W  power=79.1W
[PID] perf=26.950Hz  target=10.850Hz  err=-16.100Hz  corr=-338.57W  u_ff=113.4W  PCAP→78W  power=78.1W
[PID] perf=26.912Hz  target=10.850Hz  err=-16.062Hz  corr=-337.86W  u_ff=113.4W  PCAP→78W  power=78.2W
[PID] perf=26.913Hz  target=10.850Hz  err=-16.063Hz  corr=-337.88W  u_ff=113.4W  PCAP→78W  power=78.8W
[PID] perf=26.879Hz  target=10.850Hz  err=-16.029Hz  corr=-337.25W  u_ff=113.4W  PCAP→78W  power=76.9W
[PID] perf=26.876Hz  target=10.850Hz  err=-16.027Hz  corr=-337.21W  u_ff=113.4W  PCAP→78W  power=77.2W
[PID] perf=26.862Hz  target=10.850Hz  err=-16.012Hz  corr=-336.93W  u_ff=113.4W  PCAP→78W  power=77.4W
[PID] perf=26.910Hz  target=10.850Hz  err=-16.061Hz  corr=-337.84W  u_ff=113.4W  PCAP→78W  power=77.2W
[PID] perf=26.940Hz  target=10.850Hz  err=-16.091Hz  corr=-338.39W  u_ff=113.4W  PCAP→78W  power=77.0W
[PID] perf=26.941Hz  target=10.850Hz  err=-16.091Hz  corr=-338.41W  u_ff=113.4W  PCAP→78W  power=77.0W
[PID] perf=26.936Hz  target=10.850Hz  err=-16.087Hz  corr=-338.32W  u_ff=113.4W  PCAP→78W  power=77.4W
[PID] perf=26.934Hz  target=10.850Hz  err=-16.084Hz  corr=-338.27W  u_ff=113.4W  PCAP→78W  power=79.3W
[PID] perf=26.934Hz  target=10.850Hz  err=-16.084Hz  corr=-338.27W  u_ff=113.4W  PCAP→78W  power=78.7W
[PID] perf=26.957Hz  target=10.850Hz  err=-16.108Hz  corr=-338.71W  u_ff=113.4W  PCAP→78W  power=79.3W
[PID] perf=26.980Hz  target=10.850Hz  err=-16.131Hz  corr=-339.14W  u_ff=113.4W  PCAP→78W  power=77.5W
[PID] perf=26.913Hz  target=10.850Hz  err=-16.063Hz  corr=-337.89W  u_ff=113.4W  PCAP→78W  power=79.3W
[PID] perf=26.932Hz  target=10.850Hz  err=-16.082Hz  corr=-338.23W  u_ff=113.4W  PCAP→78W  power=78.9W
[PID] perf=26.937Hz  target=10.850Hz  err=-16.087Hz  corr=-338.32W  u_ff=113.4W  PCAP→78W  power=76.7W
[PID] perf=26.912Hz  target=10.850Hz  err=-16.062Hz  corr=-337.86W  u_ff=113.4W  PCAP→78W  power=77.1W
[PID] perf=26.237Hz  target=10.850Hz  err=-15.388Hz  corr=-325.36W  u_ff=113.4W  PCAP→78W  power=76.4W
[PID] perf=26.229Hz  target=10.850Hz  err=-15.379Hz  corr=-325.19W  u_ff=113.4W  PCAP→78W  power=77.0W
[PID] perf=26.223Hz  target=10.850Hz  err=-15.374Hz  corr=-325.10W  u_ff=113.4W  PCAP→78W  power=78.3W
[PID] perf=26.223Hz  target=10.850Hz  err=-15.373Hz  corr=-325.08W  u_ff=113.4W  PCAP→78W  power=78.5W
[PID] perf=26.234Hz  target=10.850Hz  err=-15.384Hz  corr=-325.29W  u_ff=113.4W  PCAP→78W  power=78.3W
[PID] perf=26.229Hz  target=10.850Hz  err=-15.380Hz  corr=-325.21W  u_ff=113.4W  PCAP→78W  power=78.9W
[PID] perf=26.231Hz  target=10.850Hz  err=-15.381Hz  corr=-325.24W  u_ff=113.4W  PCAP→78W  power=79.3W
[PID] perf=26.217Hz  target=10.850Hz  err=-15.367Hz  corr=-324.98W  u_ff=113.4W  PCAP→78W  power=78.4W
[PID] perf=26.214Hz  target=10.850Hz  err=-15.364Hz  corr=-324.93W  u_ff=113.4W  PCAP→78W  power=78.3W
[PID] perf=26.266Hz  target=10.850Hz  err=-15.416Hz  corr=-325.89W  u_ff=113.4W  PCAP→78W  power=77.8W
[PID] perf=26.216Hz  target=10.850Hz  err=-15.367Hz  corr=-324.97W  u_ff=113.4W  PCAP→78W  power=78.9W
[PID] perf=26.208Hz  target=10.850Hz  err=-15.358Hz  corr=-324.81W  u_ff=113.4W  PCAP→78W  power=76.9W
[PID] perf=26.204Hz  target=10.850Hz  err=-15.355Hz  corr=-324.74W  u_ff=113.4W  PCAP→78W  power=76.9W
[PID] perf=26.208Hz  target=10.850Hz  err=-15.359Hz  corr=-324.82W  u_ff=113.4W  PCAP→78W  power=77.4W
[PID] perf=26.194Hz  target=10.850Hz  err=-15.344Hz  corr=-324.56W  u_ff=113.4W  PCAP→78W  power=77.7W
[PID] perf=26.237Hz  target=10.850Hz  err=-15.388Hz  corr=-325.36W  u_ff=113.4W  PCAP→78W  power=77.4W
[PID] perf=26.230Hz  target=10.850Hz  err=-15.380Hz  corr=-325.22W  u_ff=113.4W  PCAP→78W  power=77.8W
[PID] perf=26.232Hz  target=10.850Hz  err=-15.382Hz  corr=-325.25W  u_ff=113.4W  PCAP→78W  power=77.0W
[PID] perf=26.247Hz  target=10.850Hz  err=-15.397Hz  corr=-325.54W  u_ff=113.4W  PCAP→78W  power=77.3W
[PID] perf=26.258Hz  target=10.850Hz  err=-15.409Hz  corr=-325.75W  u_ff=113.4W  PCAP→78W  power=78.5W
[PID] perf=26.234Hz  target=10.850Hz  err=-15.384Hz  corr=-325.29W  u_ff=113.4W  PCAP→78W  power=78.5W
[PID] perf=26.248Hz  target=10.850Hz  err=-15.398Hz  corr=-325.55W  u_ff=113.4W  PCAP→78W  power=78.9W
[PID] perf=26.268Hz  target=10.850Hz  err=-15.418Hz  corr=-325.93W  u_ff=113.4W  PCAP→78W  power=78.2W
[PID] perf=26.250Hz  target=10.850Hz  err=-15.400Hz  corr=-325.59W  u_ff=113.4W  PCAP→78W  power=78.8W
[PID] perf=26.300Hz  target=10.850Hz  err=-15.450Hz  corr=-326.52W  u_ff=113.4W  PCAP→78W  power=78.3W
[PID] perf=26.269Hz  target=10.850Hz  err=-15.419Hz  corr=-325.95W  u_ff=113.4W  PCAP→78W  power=77.8W
[PID] perf=26.283Hz  target=10.850Hz  err=-15.433Hz  corr=-326.20W  u_ff=113.4W  PCAP→78W  power=77.7W
[PID] perf=26.234Hz  target=10.850Hz  err=-15.384Hz  corr=-325.29W  u_ff=113.4W  PCAP→78W  power=79.1W
[PID] perf=26.222Hz  target=10.850Hz  err=-15.372Hz  corr=-325.07W  u_ff=113.4W  PCAP→78W  power=76.3W
[PID] perf=26.143Hz  target=10.850Hz  err=-15.293Hz  corr=-323.60W  u_ff=113.4W  PCAP→78W  power=78.2W
[PID] perf=26.238Hz  target=10.850Hz  err=-15.388Hz  corr=-325.37W  u_ff=113.4W  PCAP→78W  power=77.0W
[PID] perf=26.286Hz  target=10.850Hz  err=-15.436Hz  corr=-326.25W  u_ff=113.4W  PCAP→78W  power=76.5W
[PID] perf=26.308Hz  target=10.850Hz  err=-15.458Hz  corr=-326.67W  u_ff=113.4W  PCAP→78W  power=77.6W
[PID] perf=26.291Hz  target=10.850Hz  err=-15.441Hz  corr=-326.34W  u_ff=113.4W  PCAP→78W  power=78.8W
[PID] perf=26.313Hz  target=10.850Hz  err=-15.463Hz  corr=-326.75W  u_ff=113.4W  PCAP→78W  power=77.5W
[PID] perf=26.302Hz  target=10.850Hz  err=-15.452Hz  corr=-326.55W  u_ff=113.4W  PCAP→78W  power=76.2W
[PID] perf=26.313Hz  target=10.850Hz  err=-15.463Hz  corr=-326.76W  u_ff=113.4W  PCAP→78W  power=78.4W
[PID] perf=26.338Hz  target=10.850Hz  err=-15.488Hz  corr=-327.22W  u_ff=113.4W  PCAP→78W  power=79.2W
[PID] perf=26.331Hz  target=10.850Hz  err=-15.481Hz  corr=-327.10W  u_ff=113.4W  PCAP→78W  power=77.1W
[PID] perf=26.348Hz  target=10.850Hz  err=-15.499Hz  corr=-327.42W  u_ff=113.4W  PCAP→78W  power=77.1W
[PID] perf=26.545Hz  target=10.850Hz  err=-15.695Hz  corr=-331.06W  u_ff=113.4W  PCAP→78W  power=77.6W
[PID] perf=26.559Hz  target=10.850Hz  err=-15.709Hz  corr=-331.31W  u_ff=113.4W  PCAP→78W  power=78.8W
[PID] perf=26.570Hz  target=10.850Hz  err=-15.721Hz  corr=-331.53W  u_ff=113.4W  PCAP→78W  power=78.8W
[PID] perf=26.605Hz  target=10.850Hz  err=-15.755Hz  corr=-332.18W  u_ff=113.4W  PCAP→78W  power=78.7W
[PID] perf=26.600Hz  target=10.850Hz  err=-15.750Hz  corr=-332.08W  u_ff=113.4W  PCAP→78W  power=77.8W
[PID] perf=26.624Hz  target=10.850Hz  err=-15.774Hz  corr=-332.53W  u_ff=113.4W  PCAP→78W  power=76.3W
[PID] perf=26.599Hz  target=10.850Hz  err=-15.749Hz  corr=-332.07W  u_ff=113.4W  PCAP→78W  power=77.1W
[PID] perf=26.594Hz  target=10.850Hz  err=-15.744Hz  corr=-331.97W  u_ff=113.4W  PCAP→78W  power=77.1W
[PID] perf=26.594Hz  target=10.850Hz  err=-15.744Hz  corr=-331.97W  u_ff=113.4W  PCAP→78W  power=76.2W
[PID] perf=26.578Hz  target=10.850Hz  err=-15.728Hz  corr=-331.67W  u_ff=113.4W  PCAP→78W  power=77.9W
[PID] perf=26.609Hz  target=10.850Hz  err=-15.759Hz  corr=-332.25W  u_ff=113.4W  PCAP→78W  power=77.7W
[PID] perf=26.618Hz  target=10.850Hz  err=-15.768Hz  corr=-332.41W  u_ff=113.4W  PCAP→78W  power=78.6W
[PID] perf=26.649Hz  target=10.850Hz  err=-15.800Hz  corr=-333.00W  u_ff=113.4W  PCAP→78W  power=78.8W
[PID] perf=26.613Hz  target=10.850Hz  err=-15.763Hz  corr=-332.32W  u_ff=113.4W  PCAP→78W  power=79.3W
[PID] perf=26.640Hz  target=10.850Hz  err=-15.790Hz  corr=-332.83W  u_ff=113.4W  PCAP→78W  power=77.1W
[PID] perf=26.604Hz  target=10.850Hz  err=-15.754Hz  corr=-332.16W  u_ff=113.4W  PCAP→78W  power=76.3W
[PID] perf=26.621Hz  target=10.850Hz  err=-15.771Hz  corr=-332.47W  u_ff=113.4W  PCAP→78W  power=77.4W
[PID] perf=26.602Hz  target=10.850Hz  err=-15.753Hz  corr=-332.13W  u_ff=113.4W  PCAP→78W  power=78.4W
[PID] perf=26.598Hz  target=10.850Hz  err=-15.748Hz  corr=-332.05W  u_ff=113.4W  PCAP→78W  power=77.1W
[PID] perf=26.585Hz  target=10.850Hz  err=-15.736Hz  corr=-331.81W  u_ff=113.4W  PCAP→78W  power=79.0W
[PID] perf=27.311Hz  target=10.850Hz  err=-16.461Hz  corr=-345.26W  u_ff=113.4W  PCAP→78W  power=78.5W
[PID] perf=27.397Hz  target=10.850Hz  err=-16.548Hz  corr=-346.87W  u_ff=113.4W  PCAP→78W  power=78.4W
[PID] perf=27.368Hz  target=10.850Hz  err=-16.518Hz  corr=-346.32W  u_ff=113.4W  PCAP→78W  power=79.0W
[PID] perf=27.426Hz  target=10.850Hz  err=-16.576Hz  corr=-347.40W  u_ff=113.4W  PCAP→78W  power=78.5W
[PID] perf=27.422Hz  target=10.850Hz  err=-16.572Hz  corr=-347.32W  u_ff=113.4W  PCAP→78W  power=77.4W
[PID] perf=27.410Hz  target=10.850Hz  err=-16.560Hz  corr=-347.10W  u_ff=113.4W  PCAP→78W  power=79.0W
[PID] perf=27.426Hz  target=10.850Hz  err=-16.576Hz  corr=-347.40W  u_ff=113.4W  PCAP→78W  power=78.0W
[PID] perf=27.454Hz  target=10.850Hz  err=-16.604Hz  corr=-347.91W  u_ff=113.4W  PCAP→78W  power=76.4W
[PID] perf=27.393Hz  target=10.850Hz  err=-16.544Hz  corr=-346.80W  u_ff=113.4W  PCAP→78W  power=77.4W
[PID] perf=27.372Hz  target=10.850Hz  err=-16.523Hz  corr=-346.41W  u_ff=113.4W  PCAP→78W  power=78.8W
[PID] perf=27.367Hz  target=10.850Hz  err=-16.518Hz  corr=-346.31W  u_ff=113.4W  PCAP→78W  power=77.3W
[PID] perf=27.339Hz  target=10.850Hz  err=-16.489Hz  corr=-345.79W  u_ff=113.4W  PCAP→78W  power=79.1W
[PID] perf=27.371Hz  target=10.850Hz  err=-16.521Hz  corr=-346.38W  u_ff=113.4W  PCAP→78W  power=77.6W
[PID] perf=27.394Hz  target=10.850Hz  err=-16.544Hz  corr=-346.80W  u_ff=113.4W  PCAP→78W  power=79.0W
[PID] perf=27.366Hz  target=10.850Hz  err=-16.516Hz  corr=-346.29W  u_ff=113.4W  PCAP→78W  power=80.6W
[PID] perf=25.581Hz  target=10.850Hz  err=-14.731Hz  corr=-313.18W  u_ff=113.4W  PCAP→78W  power=77.8W
[PID] perf=25.622Hz  target=10.850Hz  err=-14.773Hz  corr=-313.95W  u_ff=113.4W  PCAP→78W  power=77.1W
[PID] perf=25.631Hz  target=10.850Hz  err=-14.781Hz  corr=-314.11W  u_ff=113.4W  PCAP→78W  power=77.0W
[PID] perf=25.599Hz  target=10.850Hz  err=-14.749Hz  corr=-313.52W  u_ff=113.4W  PCAP→78W  power=77.8W
[PID] perf=25.694Hz  target=10.850Hz  err=-14.844Hz  corr=-315.28W  u_ff=113.4W  PCAP→78W  power=76.4W
[PID] perf=25.716Hz  target=10.850Hz  err=-14.866Hz  corr=-315.68W  u_ff=113.4W  PCAP→78W  power=77.5W
[PID] perf=25.679Hz  target=10.850Hz  err=-14.829Hz  corr=-315.00W  u_ff=113.4W  PCAP→78W  power=78.5W
[PID] perf=25.673Hz  target=10.850Hz  err=-14.823Hz  corr=-314.88W  u_ff=113.4W  PCAP→78W  power=77.1W
[PID] perf=25.622Hz  target=10.850Hz  err=-14.773Hz  corr=-313.95W  u_ff=113.4W  PCAP→78W  power=78.3W
[PID] perf=78.712Hz  target=10.850Hz  err=-67.862Hz  corr=-1298.47W  u_ff=113.4W  PCAP→78W  power=77.5W
[PID] perf=9.772Hz  target=10.850Hz  err=+1.078Hz  corr=-10.82W  u_ff=113.4W  PCAP→101W  power=77.4W
[PID] perf=85.447Hz  target=10.850Hz  err=-74.598Hz  corr=-1423.39W  u_ff=113.4W  PCAP→78W  power=100.3W
[PID] perf=49.097Hz  target=10.850Hz  err=-38.247Hz  corr=-749.28W  u_ff=113.4W  PCAP→78W  power=78.2W
[PID] perf=85.214Hz  target=10.850Hz  err=-74.364Hz  corr=-1419.05W  u_ff=113.4W  PCAP→78W  power=77.9W
[PID] perf=25.416Hz  target=10.850Hz  err=-14.566Hz  corr=-310.13W  u_ff=113.4W  PCAP→78W  power=79.5W
[PID] perf=25.819Hz  target=10.850Hz  err=-14.969Hz  corr=-317.59W  u_ff=113.4W  PCAP→78W  power=75.9W
[PID] perf=25.840Hz  target=10.850Hz  err=-14.991Hz  corr=-317.99W  u_ff=113.4W  PCAP→78W  power=76.3W
[PID] perf=25.871Hz  target=10.850Hz  err=-15.021Hz  corr=-318.57W  u_ff=113.4W  PCAP→78W  power=78.4W
[PID] perf=25.898Hz  target=10.850Hz  err=-15.049Hz  corr=-319.07W  u_ff=113.4W  PCAP→78W  power=76.9W
[PID] perf=25.879Hz  target=10.850Hz  err=-15.030Hz  corr=-318.72W  u_ff=113.4W  PCAP→78W  power=77.3W
[PID] perf=25.832Hz  target=10.850Hz  err=-14.983Hz  corr=-317.85W  u_ff=113.4W  PCAP→78W  power=78.8W
[PID] perf=25.909Hz  target=10.850Hz  err=-15.059Hz  corr=-319.27W  u_ff=113.4W  PCAP→78W  power=77.1W
[PID] perf=25.876Hz  target=10.850Hz  err=-15.027Hz  corr=-318.66W  u_ff=113.4W  PCAP→78W  power=77.5W
[PID] perf=25.923Hz  target=10.850Hz  err=-15.073Hz  corr=-319.53W  u_ff=113.4W  PCAP→78W  power=75.9W
[PID] perf=25.925Hz  target=10.850Hz  err=-15.075Hz  corr=-319.57W  u_ff=113.4W  PCAP→78W  power=76.8W
[PID] perf=25.914Hz  target=10.850Hz  err=-15.064Hz  corr=-319.36W  u_ff=113.4W  PCAP→78W  power=76.9W
[PID] perf=25.898Hz  target=10.850Hz  err=-15.048Hz  corr=-319.05W  u_ff=113.4W  PCAP→78W  power=78.6W
[PID] perf=25.913Hz  target=10.850Hz  err=-15.063Hz  corr=-319.34W  u_ff=113.4W  PCAP→78W  power=78.7W
[PID] perf=25.938Hz  target=10.850Hz  err=-15.088Hz  corr=-319.80W  u_ff=113.4W  PCAP→78W  power=78.5W
[PID] perf=26.030Hz  target=10.850Hz  err=-15.180Hz  corr=-321.51W  u_ff=113.4W  PCAP→78W  power=79.0W
[PID] perf=26.362Hz  target=10.850Hz  err=-15.512Hz  corr=-327.66W  u_ff=113.4W  PCAP→78W  power=78.5W
[PID] perf=26.400Hz  target=10.850Hz  err=-15.551Hz  corr=-328.38W  u_ff=113.4W  PCAP→78W  power=78.7W
[PID] perf=26.423Hz  target=10.850Hz  err=-15.573Hz  corr=-328.79W  u_ff=113.4W  PCAP→78W  power=79.3W
[PID] perf=26.436Hz  target=10.850Hz  err=-15.586Hz  corr=-329.04W  u_ff=113.4W  PCAP→78W  power=78.6W
[PID] perf=26.407Hz  target=10.850Hz  err=-15.557Hz  corr=-328.50W  u_ff=113.4W  PCAP→78W  power=78.4W
[PID] perf=26.381Hz  target=10.850Hz  err=-15.531Hz  corr=-328.01W  u_ff=113.4W  PCAP→78W  power=78.9W
[PID] perf=26.419Hz  target=10.850Hz  err=-15.569Hz  corr=-328.72W  u_ff=113.4W  PCAP→78W  power=77.5W
[PID] perf=26.421Hz  target=10.850Hz  err=-15.571Hz  corr=-328.76W  u_ff=113.4W  PCAP→78W  power=78.8W
[PID] perf=26.479Hz  target=10.850Hz  err=-15.629Hz  corr=-329.83W  u_ff=113.4W  PCAP→78W  power=79.1W
[PID] perf=26.466Hz  target=10.850Hz  err=-15.616Hz  corr=-329.60W  u_ff=113.4W  PCAP→78W  power=78.8W
[PID] perf=26.443Hz  target=10.850Hz  err=-15.594Hz  corr=-329.18W  u_ff=113.4W  PCAP→78W  power=76.7W
[PID] perf=26.468Hz  target=10.850Hz  err=-15.618Hz  corr=-329.64W  u_ff=113.4W  PCAP→78W  power=76.3W
[PID] perf=26.457Hz  target=10.850Hz  err=-15.607Hz  corr=-329.42W  u_ff=113.4W  PCAP→78W  power=77.5W
[PID] perf=26.445Hz  target=10.850Hz  err=-15.595Hz  corr=-329.21W  u_ff=113.4W  PCAP→78W  power=77.1W
[PID] perf=26.460Hz  target=10.850Hz  err=-15.610Hz  corr=-329.49W  u_ff=113.4W  PCAP→78W  power=76.5W
[PID] perf=26.621Hz  target=10.850Hz  err=-15.771Hz  corr=-332.47W  u_ff=113.4W  PCAP→78W  power=76.4W
[PID] perf=26.685Hz  target=10.850Hz  err=-15.835Hz  corr=-333.66W  u_ff=113.4W  PCAP→78W  power=77.5W
[PID] perf=26.691Hz  target=10.850Hz  err=-15.842Hz  corr=-333.78W  u_ff=113.4W  PCAP→78W  power=78.5W
[PID] perf=26.723Hz  target=10.850Hz  err=-15.873Hz  corr=-334.36W  u_ff=113.4W  PCAP→78W  power=79.2W
[PID] perf=26.681Hz  target=10.850Hz  err=-15.831Hz  corr=-333.59W  u_ff=113.4W  PCAP→78W  power=79.4W
[PID] perf=26.694Hz  target=10.850Hz  err=-15.845Hz  corr=-333.83W  u_ff=113.4W  PCAP→78W  power=78.5W
[PID] perf=26.701Hz  target=10.850Hz  err=-15.851Hz  corr=-333.95W  u_ff=113.4W  PCAP→78W  power=77.9W
[PID] perf=26.745Hz  target=10.850Hz  err=-15.896Hz  corr=-334.78W  u_ff=113.4W  PCAP→78W  power=79.5W
[PID] perf=26.774Hz  target=10.850Hz  err=-15.925Hz  corr=-335.32W  u_ff=113.4W  PCAP→78W  power=77.9W
[PID] perf=26.735Hz  target=10.850Hz  err=-15.885Hz  corr=-334.58W  u_ff=113.4W  PCAP→78W  power=78.9W
[PID] perf=26.752Hz  target=10.850Hz  err=-15.903Hz  corr=-334.91W  u_ff=113.4W  PCAP→78W  power=78.6W
[PID] perf=26.697Hz  target=10.850Hz  err=-15.847Hz  corr=-333.87W  u_ff=113.4W  PCAP→78W  power=79.3W
[PID] perf=26.731Hz  target=10.850Hz  err=-15.881Hz  corr=-334.51W  u_ff=113.4W  PCAP→78W  power=79.1W
[PID] perf=26.724Hz  target=10.850Hz  err=-15.874Hz  corr=-334.39W  u_ff=113.4W  PCAP→78W  power=79.0W
[PID] perf=26.736Hz  target=10.850Hz  err=-15.886Hz  corr=-334.61W  u_ff=113.4W  PCAP→78W  power=77.1W
[PID] perf=26.720Hz  target=10.850Hz  err=-15.870Hz  corr=-334.30W  u_ff=113.4W  PCAP→78W  power=79.1W
[PID] perf=26.696Hz  target=10.850Hz  err=-15.847Hz  corr=-333.87W  u_ff=113.4W  PCAP→78W  power=76.5W
[PID] perf=26.692Hz  target=10.850Hz  err=-15.842Hz  corr=-333.78W  u_ff=113.4W  PCAP→78W  power=78.1W
[PID] perf=26.701Hz  target=10.850Hz  err=-15.851Hz  corr=-333.95W  u_ff=113.4W  PCAP→78W  power=77.9W
[PID] perf=26.701Hz  target=10.850Hz  err=-15.851Hz  corr=-333.95W  u_ff=113.4W  PCAP→78W  power=76.5W
[PID] perf=26.734Hz  target=10.850Hz  err=-15.884Hz  corr=-334.57W  u_ff=113.4W  PCAP→78W  power=76.7W
[PID] perf=26.676Hz  target=10.850Hz  err=-15.826Hz  corr=-333.49W  u_ff=113.4W  PCAP→78W  power=79.0W
[PID] perf=26.683Hz  target=10.850Hz  err=-15.833Hz  corr=-333.63W  u_ff=113.4W  PCAP→78W  power=77.2W
[PID] perf=26.695Hz  target=10.850Hz  err=-15.845Hz  corr=-333.84W  u_ff=113.4W  PCAP→78W  power=76.6W
[PID] perf=26.659Hz  target=10.850Hz  err=-15.810Hz  corr=-333.18W  u_ff=113.4W  PCAP→78W  power=77.3W
[PID] perf=26.668Hz  target=10.850Hz  err=-15.819Hz  corr=-333.35W  u_ff=113.4W  PCAP→78W  power=79.0W
[PID] perf=26.718Hz  target=10.850Hz  err=-15.868Hz  corr=-334.26W  u_ff=113.4W  PCAP→78W  power=77.3W
[PID] perf=26.740Hz  target=10.850Hz  err=-15.890Hz  corr=-334.68W  u_ff=113.4W  PCAP→78W  power=78.2W
[PID] perf=26.701Hz  target=10.850Hz  err=-15.852Hz  corr=-333.96W  u_ff=113.4W  PCAP→78W  power=77.2W
[PID] perf=26.727Hz  target=10.850Hz  err=-15.877Hz  corr=-334.43W  u_ff=113.4W  PCAP→78W  power=77.3W
[PID] perf=26.736Hz  target=10.850Hz  err=-15.886Hz  corr=-334.60W  u_ff=113.4W  PCAP→78W  power=76.1W
[PID] perf=26.717Hz  target=10.850Hz  err=-15.867Hz  corr=-334.25W  u_ff=113.4W  PCAP→78W  power=78.4W
[PID] perf=26.719Hz  target=10.850Hz  err=-15.869Hz  corr=-334.29W  u_ff=113.4W  PCAP→78W  power=79.3W
[PID] perf=26.694Hz  target=10.850Hz  err=-15.844Hz  corr=-333.82W  u_ff=113.4W  PCAP→78W  power=79.0W
[PID] perf=26.759Hz  target=10.850Hz  err=-15.909Hz  corr=-335.03W  u_ff=113.4W  PCAP→78W  power=79.0W
[PID] perf=26.743Hz  target=10.850Hz  err=-15.893Hz  corr=-334.74W  u_ff=113.4W  PCAP→78W  power=78.5W
[PID] perf=26.707Hz  target=10.850Hz  err=-15.858Hz  corr=-334.07W  u_ff=113.4W  PCAP→78W  power=79.1W
[PID] perf=26.724Hz  target=10.850Hz  err=-15.874Hz  corr=-334.38W  u_ff=113.4W  PCAP→78W  power=78.7W
[PID] perf=26.730Hz  target=10.850Hz  err=-15.880Hz  corr=-334.49W  u_ff=113.4W  PCAP→78W  power=77.7W
[PID] perf=26.789Hz  target=10.850Hz  err=-15.939Hz  corr=-335.59W  u_ff=113.4W  PCAP→78W  power=76.3W
[PID] perf=26.757Hz  target=10.850Hz  err=-15.907Hz  corr=-334.99W  u_ff=113.4W  PCAP→78W  power=78.7W
[PID] perf=26.739Hz  target=10.850Hz  err=-15.889Hz  corr=-334.65W  u_ff=113.4W  PCAP→78W  power=78.5W
[PID] perf=26.755Hz  target=10.850Hz  err=-15.905Hz  corr=-334.95W  u_ff=113.4W  PCAP→78W  power=79.1W
[PID] perf=26.735Hz  target=10.850Hz  err=-15.885Hz  corr=-334.58W  u_ff=113.4W  PCAP→78W  power=78.9W
[PID] perf=26.770Hz  target=10.850Hz  err=-15.920Hz  corr=-335.23W  u_ff=113.4W  PCAP→78W  power=79.1W
[PID] perf=26.775Hz  target=10.850Hz  err=-15.925Hz  corr=-335.32W  u_ff=113.4W  PCAP→78W  power=78.6W
[PID] perf=26.760Hz  target=10.850Hz  err=-15.910Hz  corr=-335.05W  u_ff=113.4W  PCAP→78W  power=77.2W
[PID] perf=26.724Hz  target=10.850Hz  err=-15.874Hz  corr=-334.38W  u_ff=113.4W  PCAP→78W  power=78.7W
[PID] perf=26.756Hz  target=10.850Hz  err=-15.906Hz  corr=-334.97W  u_ff=113.4W  PCAP→78W  power=77.2W
[PID] perf=26.737Hz  target=10.850Hz  err=-15.887Hz  corr=-334.62W  u_ff=113.4W  PCAP→78W  power=77.2W
[PID] perf=26.744Hz  target=10.850Hz  err=-15.894Hz  corr=-334.74W  u_ff=113.4W  PCAP→78W  power=77.1W
[PID] perf=26.707Hz  target=10.850Hz  err=-15.857Hz  corr=-334.06W  u_ff=113.4W  PCAP→78W  power=78.0W
[PID] perf=26.758Hz  target=10.850Hz  err=-15.908Hz  corr=-335.01W  u_ff=113.4W  PCAP→78W  power=76.6W
[PID] perf=26.755Hz  target=10.850Hz  err=-15.905Hz  corr=-334.95W  u_ff=113.4W  PCAP→78W  power=78.0W
[PID] perf=26.724Hz  target=10.850Hz  err=-15.874Hz  corr=-334.38W  u_ff=113.4W  PCAP→78W  power=76.6W
[PID] perf=26.753Hz  target=10.850Hz  err=-15.903Hz  corr=-334.92W  u_ff=113.4W  PCAP→78W  power=76.9W
[PID] perf=26.724Hz  target=10.850Hz  err=-15.874Hz  corr=-334.39W  u_ff=113.4W  PCAP→78W  power=78.0W
[PID] perf=26.768Hz  target=10.850Hz  err=-15.919Hz  corr=-335.21W  u_ff=113.4W  PCAP→78W  power=77.2W
[PID] perf=26.772Hz  target=10.850Hz  err=-15.922Hz  corr=-335.28W  u_ff=113.4W  PCAP→78W  power=77.3W
[PID] perf=26.775Hz  target=10.850Hz  err=-15.925Hz  corr=-335.32W  u_ff=113.4W  PCAP→78W  power=77.1W
[PID] perf=26.799Hz  target=10.850Hz  err=-15.949Hz  corr=-335.77W  u_ff=113.4W  PCAP→78W  power=78.4W
[PID] perf=26.761Hz  target=10.850Hz  err=-15.911Hz  corr=-335.07W  u_ff=113.4W  PCAP→78W  power=79.1W
[PID] perf=26.744Hz  target=10.850Hz  err=-15.894Hz  corr=-334.75W  u_ff=113.4W  PCAP→78W  power=77.2W
[PID] perf=26.737Hz  target=10.850Hz  err=-15.887Hz  corr=-334.62W  u_ff=113.4W  PCAP→78W  power=76.9W
[PID] perf=26.718Hz  target=10.850Hz  err=-15.869Hz  corr=-334.28W  u_ff=113.4W  PCAP→78W  power=79.0W
[PID] perf=26.774Hz  target=10.850Hz  err=-15.924Hz  corr=-335.31W  u_ff=113.4W  PCAP→78W  power=79.1W
[PID] perf=26.651Hz  target=10.850Hz  err=-15.802Hz  corr=-333.04W  u_ff=113.4W  PCAP→78W  power=78.6W
[PID] perf=26.631Hz  target=10.850Hz  err=-15.781Hz  corr=-332.66W  u_ff=113.4W  PCAP→78W  power=77.7W
[PID] perf=26.636Hz  target=10.850Hz  err=-15.787Hz  corr=-332.76W  u_ff=113.4W  PCAP→78W  power=78.3W
[PID] perf=26.632Hz  target=10.850Hz  err=-15.782Hz  corr=-332.67W  u_ff=113.4W  PCAP→78W  power=78.8W
[PID] perf=26.591Hz  target=10.850Hz  err=-15.741Hz  corr=-331.92W  u_ff=113.4W  PCAP→78W  power=79.4W
[PID] perf=25.492Hz  target=10.850Hz  err=-14.643Hz  corr=-311.54W  u_ff=113.4W  PCAP→78W  power=77.8W
[PID] perf=25.543Hz  target=10.850Hz  err=-14.694Hz  corr=-312.49W  u_ff=113.4W  PCAP→78W  power=78.2W
[PID] perf=25.598Hz  target=10.850Hz  err=-14.748Hz  corr=-313.49W  u_ff=113.4W  PCAP→78W  power=77.8W
[PID] perf=25.629Hz  target=10.850Hz  err=-14.779Hz  corr=-314.08W  u_ff=113.4W  PCAP→78W  power=77.4W
[PID] perf=25.624Hz  target=10.850Hz  err=-14.774Hz  corr=-313.98W  u_ff=113.4W  PCAP→78W  power=77.9W
[PID] perf=25.619Hz  target=10.850Hz  err=-14.769Hz  corr=-313.89W  u_ff=113.4W  PCAP→78W  power=78.9W
[PID] perf=25.593Hz  target=10.850Hz  err=-14.743Hz  corr=-313.40W  u_ff=113.4W  PCAP→78W  power=77.3W
[PID] perf=25.480Hz  target=10.850Hz  err=-14.630Hz  corr=-311.31W  u_ff=113.4W  PCAP→78W  power=78.5W
[PID] perf=25.480Hz  target=10.850Hz  err=-14.630Hz  corr=-311.30W  u_ff=113.4W  PCAP→78W  power=78.5W
[PID] perf=25.454Hz  target=10.850Hz  err=-14.604Hz  corr=-310.83W  u_ff=113.4W  PCAP→78W  power=78.9W
[PID] perf=25.473Hz  target=10.850Hz  err=-14.623Hz  corr=-311.18W  u_ff=113.4W  PCAP→78W  power=77.9W
[PID] perf=25.490Hz  target=10.850Hz  err=-14.640Hz  corr=-311.50W  u_ff=113.4W  PCAP→78W  power=77.4W
[PID] perf=25.506Hz  target=10.850Hz  err=-14.656Hz  corr=-311.79W  u_ff=113.4W  PCAP→78W  power=77.2W
[PID] perf=25.447Hz  target=10.850Hz  err=-14.598Hz  corr=-310.71W  u_ff=113.4W  PCAP→78W  power=78.8W
[PID] perf=25.450Hz  target=10.850Hz  err=-14.600Hz  corr=-310.75W  u_ff=113.4W  PCAP→78W  power=76.8W
[PID] perf=26.390Hz  target=10.850Hz  err=-15.540Hz  corr=-328.18W  u_ff=113.4W  PCAP→78W  power=76.9W
[PID] perf=26.654Hz  target=10.850Hz  err=-15.804Hz  corr=-333.07W  u_ff=113.4W  PCAP→78W  power=76.3W
[PID] perf=26.659Hz  target=10.850Hz  err=-15.809Hz  corr=-333.18W  u_ff=113.4W  PCAP→78W  power=77.4W
[PID] perf=26.653Hz  target=10.850Hz  err=-15.803Hz  corr=-333.07W  u_ff=113.4W  PCAP→78W  power=78.7W
[PID] perf=26.688Hz  target=10.850Hz  err=-15.838Hz  corr=-333.71W  u_ff=113.4W  PCAP→78W  power=78.6W
[PID] perf=26.667Hz  target=10.850Hz  err=-15.817Hz  corr=-333.33W  u_ff=113.4W  PCAP→78W  power=78.6W
[PID] perf=26.670Hz  target=10.850Hz  err=-15.820Hz  corr=-333.39W  u_ff=113.4W  PCAP→78W  power=79.0W
[PID] perf=26.643Hz  target=10.850Hz  err=-15.793Hz  corr=-332.87W  u_ff=113.4W  PCAP→78W  power=78.8W
[PID] perf=26.723Hz  target=10.850Hz  err=-15.873Hz  corr=-334.35W  u_ff=113.4W  PCAP→78W  power=78.8W
[PID] perf=26.708Hz  target=10.850Hz  err=-15.859Hz  corr=-334.09W  u_ff=113.4W  PCAP→78W  power=78.0W
[PID] perf=26.711Hz  target=10.850Hz  err=-15.861Hz  corr=-334.14W  u_ff=113.4W  PCAP→78W  power=76.6W
[PID] perf=26.695Hz  target=10.850Hz  err=-15.845Hz  corr=-333.85W  u_ff=113.4W  PCAP→78W  power=76.9W
[PID] perf=26.676Hz  target=10.850Hz  err=-15.826Hz  corr=-333.48W  u_ff=113.4W  PCAP→78W  power=77.3W
[PID] perf=26.667Hz  target=10.850Hz  err=-15.817Hz  corr=-333.33W  u_ff=113.4W  PCAP→78W  power=77.6W
[PID] perf=26.632Hz  target=10.850Hz  err=-15.783Hz  corr=-332.68W  u_ff=113.4W  PCAP→78W  power=77.6W
[PID] perf=26.686Hz  target=10.850Hz  err=-15.837Hz  corr=-333.68W  u_ff=113.4W  PCAP→78W  power=76.7W
[PID] perf=26.683Hz  target=10.850Hz  err=-15.833Hz  corr=-333.62W  u_ff=113.4W  PCAP→78W  power=78.6W
[PID] perf=26.655Hz  target=10.850Hz  err=-15.805Hz  corr=-333.11W  u_ff=113.4W  PCAP→78W  power=77.6W
[PID] perf=26.693Hz  target=10.850Hz  err=-15.844Hz  corr=-333.81W  u_ff=113.4W  PCAP→78W  power=77.6W
[PID] perf=26.658Hz  target=10.850Hz  err=-15.808Hz  corr=-333.15W  u_ff=113.4W  PCAP→78W  power=77.0W
[PID] perf=26.665Hz  target=10.850Hz  err=-15.816Hz  corr=-333.30W  u_ff=113.4W  PCAP→78W  power=77.0W
[PID] perf=26.695Hz  target=10.850Hz  err=-15.845Hz  corr=-333.84W  u_ff=113.4W  PCAP→78W  power=78.8W
[PID] perf=26.682Hz  target=10.850Hz  err=-15.832Hz  corr=-333.60W  u_ff=113.4W  PCAP→78W  power=77.5W
[PID] perf=26.692Hz  target=10.850Hz  err=-15.842Hz  corr=-333.79W  u_ff=113.4W  PCAP→78W  power=78.6W
[PID] perf=26.699Hz  target=10.850Hz  err=-15.849Hz  corr=-333.92W  u_ff=113.4W  PCAP→78W  power=77.9W
[PID] perf=26.692Hz  target=10.850Hz  err=-15.843Hz  corr=-333.79W  u_ff=113.4W  PCAP→78W  power=78.6W
[PID] perf=26.644Hz  target=10.850Hz  err=-15.794Hz  corr=-332.89W  u_ff=113.4W  PCAP→78W  power=78.6W
[PID] perf=26.670Hz  target=10.850Hz  err=-15.820Hz  corr=-333.37W  u_ff=113.4W  PCAP→78W  power=78.2W
[PID] perf=26.573Hz  target=10.850Hz  err=-15.723Hz  corr=-331.57W  u_ff=113.4W  PCAP→78W  power=76.7W
[PID] perf=26.592Hz  target=10.850Hz  err=-15.742Hz  corr=-331.93W  u_ff=113.4W  PCAP→78W  power=77.1W
[PID] perf=26.565Hz  target=10.850Hz  err=-15.715Hz  corr=-331.43W  u_ff=113.4W  PCAP→78W  power=77.7W
[PID] perf=26.371Hz  target=10.850Hz  err=-15.521Hz  corr=-327.84W  u_ff=113.4W  PCAP→78W  power=78.2W
[PID] perf=26.469Hz  target=10.850Hz  err=-15.619Hz  corr=-329.66W  u_ff=113.4W  PCAP→78W  power=78.9W
[PID] perf=26.549Hz  target=10.850Hz  err=-15.699Hz  corr=-331.14W  u_ff=113.4W  PCAP→78W  power=79.0W
[PID] perf=26.954Hz  target=10.850Hz  err=-16.104Hz  corr=-338.64W  u_ff=113.4W  PCAP→78W  power=76.6W
[PID] perf=26.988Hz  target=10.850Hz  err=-16.138Hz  corr=-339.27W  u_ff=113.4W  PCAP→78W  power=76.5W
[PID] perf=26.987Hz  target=10.850Hz  err=-16.138Hz  corr=-339.26W  u_ff=113.4W  PCAP→78W  power=78.2W
[PID] perf=27.025Hz  target=10.850Hz  err=-16.176Hz  corr=-339.97W  u_ff=113.4W  PCAP→78W  power=78.0W
[PID] perf=26.971Hz  target=10.850Hz  err=-16.121Hz  corr=-338.97W  u_ff=113.4W  PCAP→78W  power=78.4W
[PID] perf=26.995Hz  target=10.850Hz  err=-16.145Hz  corr=-339.41W  u_ff=113.4W  PCAP→78W  power=77.9W
[PID] perf=26.959Hz  target=10.850Hz  err=-16.110Hz  corr=-338.75W  u_ff=113.4W  PCAP→78W  power=77.9W
[PID] perf=27.021Hz  target=10.850Hz  err=-16.171Hz  corr=-339.89W  u_ff=113.4W  PCAP→78W  power=76.2W
[PID] perf=27.034Hz  target=10.850Hz  err=-16.184Hz  corr=-340.13W  u_ff=113.4W  PCAP→78W  power=76.9W
[PID] perf=27.021Hz  target=10.850Hz  err=-16.171Hz  corr=-339.88W  u_ff=113.4W  PCAP→78W  power=78.7W
[PID] perf=27.030Hz  target=10.850Hz  err=-16.180Hz  corr=-340.06W  u_ff=113.4W  PCAP→78W  power=78.9W
[PID] perf=26.989Hz  target=10.850Hz  err=-16.139Hz  corr=-339.30W  u_ff=113.4W  PCAP→78W  power=78.3W
[PID] perf=26.983Hz  target=10.850Hz  err=-16.133Hz  corr=-339.19W  u_ff=113.4W  PCAP→78W  power=79.0W
[PID] perf=26.985Hz  target=10.850Hz  err=-16.135Hz  corr=-339.23W  u_ff=113.4W  PCAP→78W  power=79.1W
[PID] perf=26.992Hz  target=10.850Hz  err=-16.143Hz  corr=-339.36W  u_ff=113.4W  PCAP→78W  power=78.9W
[PID] perf=27.002Hz  target=10.850Hz  err=-16.152Hz  corr=-339.53W  u_ff=113.4W  PCAP→78W  power=78.7W
[PID] perf=27.026Hz  target=10.850Hz  err=-16.176Hz  corr=-339.97W  u_ff=113.4W  PCAP→78W  power=78.7W
[PID] perf=27.010Hz  target=10.850Hz  err=-16.160Hz  corr=-339.68W  u_ff=113.4W  PCAP→78W  power=77.7W
[PID] perf=26.975Hz  target=10.850Hz  err=-16.125Hz  corr=-339.04W  u_ff=113.4W  PCAP→78W  power=78.2W
[PID] perf=27.186Hz  target=10.850Hz  err=-16.336Hz  corr=-342.94W  u_ff=113.4W  PCAP→78W  power=78.6W
[PID] perf=27.229Hz  target=10.850Hz  err=-16.379Hz  corr=-343.74W  u_ff=113.4W  PCAP→78W  power=78.6W
[PID] perf=27.238Hz  target=10.850Hz  err=-16.388Hz  corr=-343.91W  u_ff=113.4W  PCAP→78W  power=77.7W
[PID] perf=27.232Hz  target=10.850Hz  err=-16.382Hz  corr=-343.79W  u_ff=113.4W  PCAP→78W  power=76.6W
[PID] perf=26.770Hz  target=10.850Hz  err=-15.920Hz  corr=-335.23W  u_ff=113.4W  PCAP→78W  power=79.1W
[PID] perf=26.961Hz  target=10.850Hz  err=-16.111Hz  corr=-338.77W  u_ff=113.4W  PCAP→78W  power=78.0W
[PID] perf=27.481Hz  target=10.850Hz  err=-16.631Hz  corr=-348.42W  u_ff=113.4W  PCAP→78W  power=77.9W
[PID] perf=27.575Hz  target=10.850Hz  err=-16.725Hz  corr=-350.16W  u_ff=113.4W  PCAP→78W  power=78.3W
[PID] perf=27.626Hz  target=10.850Hz  err=-16.776Hz  corr=-351.11W  u_ff=113.4W  PCAP→78W  power=77.6W
[PID] perf=27.658Hz  target=10.850Hz  err=-16.808Hz  corr=-351.70W  u_ff=113.4W  PCAP→78W  power=78.4W
[PID] perf=27.626Hz  target=10.850Hz  err=-16.776Hz  corr=-351.10W  u_ff=113.4W  PCAP→78W  power=77.6W
[PID] perf=27.600Hz  target=10.850Hz  err=-16.750Hz  corr=-350.62W  u_ff=113.4W  PCAP→78W  power=77.0W
[PID] perf=27.608Hz  target=10.850Hz  err=-16.759Hz  corr=-350.78W  u_ff=113.4W  PCAP→78W  power=78.3W
[PID] perf=27.652Hz  target=10.850Hz  err=-16.803Hz  corr=-351.60W  u_ff=113.4W  PCAP→78W  power=77.4W
[PID] perf=27.670Hz  target=10.850Hz  err=-16.821Hz  corr=-351.93W  u_ff=113.4W  PCAP→78W  power=76.9W
[PID] perf=27.652Hz  target=10.850Hz  err=-16.802Hz  corr=-351.59W  u_ff=113.4W  PCAP→78W  power=76.1W
[PID] perf=27.635Hz  target=10.850Hz  err=-16.785Hz  corr=-351.27W  u_ff=113.4W  PCAP→78W  power=77.2W
[PID] perf=27.654Hz  target=10.850Hz  err=-16.804Hz  corr=-351.63W  u_ff=113.4W  PCAP→78W  power=78.3W
[PID] perf=27.691Hz  target=10.850Hz  err=-16.841Hz  corr=-352.31W  u_ff=113.4W  PCAP→78W  power=78.7W
[PID] perf=27.708Hz  target=10.850Hz  err=-16.858Hz  corr=-352.62W  u_ff=113.4W  PCAP→78W  power=77.1W
[PID] perf=27.655Hz  target=10.850Hz  err=-16.805Hz  corr=-351.65W  u_ff=113.4W  PCAP→78W  power=77.1W
[PID] perf=27.683Hz  target=10.850Hz  err=-16.833Hz  corr=-352.16W  u_ff=113.4W  PCAP→78W  power=78.6W
[PID] perf=27.192Hz  target=10.850Hz  err=-16.342Hz  corr=-343.06W  u_ff=113.4W  PCAP→78W  power=77.2W
[PID] perf=27.203Hz  target=10.850Hz  err=-16.353Hz  corr=-343.26W  u_ff=113.4W  PCAP→78W  power=76.2W
[PID] perf=27.194Hz  target=10.850Hz  err=-16.344Hz  corr=-343.10W  u_ff=113.4W  PCAP→78W  power=77.5W
[PID] perf=27.238Hz  target=10.850Hz  err=-16.388Hz  corr=-343.91W  u_ff=113.4W  PCAP→78W  power=76.4W
[PID] perf=27.223Hz  target=10.850Hz  err=-16.373Hz  corr=-343.63W  u_ff=113.4W  PCAP→78W  power=78.1W
[PID] perf=27.202Hz  target=10.850Hz  err=-16.352Hz  corr=-343.25W  u_ff=113.4W  PCAP→78W  power=77.0W
[PID] perf=27.225Hz  target=10.850Hz  err=-16.375Hz  corr=-343.68W  u_ff=113.4W  PCAP→78W  power=77.3W
[PID] perf=27.199Hz  target=10.850Hz  err=-16.350Hz  corr=-343.20W  u_ff=113.4W  PCAP→78W  power=77.4W
[PID] perf=27.201Hz  target=10.850Hz  err=-16.351Hz  corr=-343.22W  u_ff=113.4W  PCAP→78W  power=77.8W
[PID] perf=27.204Hz  target=10.850Hz  err=-16.354Hz  corr=-343.27W  u_ff=113.4W  PCAP→78W  power=78.2W
[PID] perf=27.218Hz  target=10.850Hz  err=-16.368Hz  corr=-343.55W  u_ff=113.4W  PCAP→78W  power=77.8W
[PID] perf=27.183Hz  target=10.850Hz  err=-16.333Hz  corr=-342.88W  u_ff=113.4W  PCAP→78W  power=79.5W
[PID] perf=27.197Hz  target=10.850Hz  err=-16.347Hz  corr=-343.15W  u_ff=113.4W  PCAP→78W  power=78.8W
[PID] perf=27.222Hz  target=10.850Hz  err=-16.372Hz  corr=-343.62W  u_ff=113.4W  PCAP→78W  power=78.3W
[PID] perf=27.263Hz  target=10.850Hz  err=-16.413Hz  corr=-344.38W  u_ff=113.4W  PCAP→78W  power=78.5W
[PID] perf=27.216Hz  target=10.850Hz  err=-16.366Hz  corr=-343.50W  u_ff=113.4W  PCAP→78W  power=79.2W
[PID] perf=27.190Hz  target=10.850Hz  err=-16.340Hz  corr=-343.02W  u_ff=113.4W  PCAP→78W  power=79.2W
[PID] perf=27.202Hz  target=10.850Hz  err=-16.352Hz  corr=-343.24W  u_ff=113.4W  PCAP→78W  power=78.5W
[PID] perf=27.252Hz  target=10.850Hz  err=-16.402Hz  corr=-344.18W  u_ff=113.4W  PCAP→78W  power=79.2W
[PID] perf=27.229Hz  target=10.850Hz  err=-16.379Hz  corr=-343.74W  u_ff=113.4W  PCAP→78W  power=78.9W
[PID] perf=27.255Hz  target=10.850Hz  err=-16.406Hz  corr=-344.23W  u_ff=113.4W  PCAP→78W  power=78.6W
[PID] perf=27.245Hz  target=10.850Hz  err=-16.395Hz  corr=-344.05W  u_ff=113.4W  PCAP→78W  power=79.0W
[PID] perf=27.233Hz  target=10.850Hz  err=-16.383Hz  corr=-343.82W  u_ff=113.4W  PCAP→78W  power=78.6W
[PID] perf=27.273Hz  target=10.850Hz  err=-16.423Hz  corr=-344.56W  u_ff=113.4W  PCAP→78W  power=77.1W
[PID] perf=27.228Hz  target=10.850Hz  err=-16.378Hz  corr=-343.73W  u_ff=113.4W  PCAP→78W  power=78.1W
[PID] perf=27.236Hz  target=10.850Hz  err=-16.386Hz  corr=-343.87W  u_ff=113.4W  PCAP→78W  power=79.3W
[PID] perf=27.259Hz  target=10.850Hz  err=-16.409Hz  corr=-344.31W  u_ff=113.4W  PCAP→78W  power=76.6W
[PID] perf=27.230Hz  target=10.850Hz  err=-16.381Hz  corr=-343.77W  u_ff=113.4W  PCAP→78W  power=78.6W
[PID] perf=27.204Hz  target=10.850Hz  err=-16.354Hz  corr=-343.28W  u_ff=113.4W  PCAP→78W  power=79.2W
[PID] perf=27.269Hz  target=10.850Hz  err=-16.419Hz  corr=-344.48W  u_ff=113.4W  PCAP→78W  power=80.4W
[PID] perf=27.542Hz  target=10.850Hz  err=-16.692Hz  corr=-349.55W  u_ff=113.4W  PCAP→78W  power=78.1W
[PID] perf=27.598Hz  target=10.850Hz  err=-16.748Hz  corr=-350.59W  u_ff=113.4W  PCAP→78W  power=77.5W
[PID] perf=27.574Hz  target=10.850Hz  err=-16.724Hz  corr=-350.14W  u_ff=113.4W  PCAP→78W  power=76.9W
[PID] perf=27.568Hz  target=10.850Hz  err=-16.719Hz  corr=-350.04W  u_ff=113.4W  PCAP→78W  power=77.0W
[PID] perf=27.582Hz  target=10.850Hz  err=-16.732Hz  corr=-350.30W  u_ff=113.4W  PCAP→78W  power=77.2W
[PID] perf=27.625Hz  target=10.850Hz  err=-16.775Hz  corr=-351.09W  u_ff=113.4W  PCAP→78W  power=76.8W
[PID] perf=27.607Hz  target=10.850Hz  err=-16.757Hz  corr=-350.75W  u_ff=113.4W  PCAP→78W  power=77.5W
[PID] perf=27.638Hz  target=10.850Hz  err=-16.788Hz  corr=-351.33W  u_ff=113.4W  PCAP→78W  power=78.9W
[PID] perf=27.613Hz  target=10.850Hz  err=-16.763Hz  corr=-350.86W  u_ff=113.4W  PCAP→78W  power=77.6W
[PID] perf=27.659Hz  target=10.850Hz  err=-16.809Hz  corr=-351.72W  u_ff=113.4W  PCAP→78W  power=76.3W
[PID] perf=27.664Hz  target=10.850Hz  err=-16.814Hz  corr=-351.81W  u_ff=113.4W  PCAP→78W  power=77.1W
[PID] perf=27.655Hz  target=10.850Hz  err=-16.805Hz  corr=-351.65W  u_ff=113.4W  PCAP→78W  power=76.3W
[PID] perf=27.657Hz  target=10.850Hz  err=-16.807Hz  corr=-351.67W  u_ff=113.4W  PCAP→78W  power=76.7W
[PID] perf=27.669Hz  target=10.850Hz  err=-16.819Hz  corr=-351.90W  u_ff=113.4W  PCAP→78W  power=77.0W
[PID] perf=27.658Hz  target=10.850Hz  err=-16.808Hz  corr=-351.70W  u_ff=113.4W  PCAP→78W  power=77.7W
[PID] perf=27.674Hz  target=10.850Hz  err=-16.824Hz  corr=-352.00W  u_ff=113.4W  PCAP→78W  power=76.8W
[PID] perf=27.649Hz  target=10.850Hz  err=-16.799Hz  corr=-351.54W  u_ff=113.4W  PCAP→78W  power=77.2W
[PID] perf=27.667Hz  target=10.850Hz  err=-16.817Hz  corr=-351.87W  u_ff=113.4W  PCAP→78W  power=79.0W
[PID] perf=27.631Hz  target=10.850Hz  err=-16.781Hz  corr=-351.20W  u_ff=113.4W  PCAP→78W  power=78.1W
[PID] perf=27.646Hz  target=10.850Hz  err=-16.796Hz  corr=-351.47W  u_ff=113.4W  PCAP→78W  power=79.2W
[PID] perf=27.631Hz  target=10.850Hz  err=-16.781Hz  corr=-351.20W  u_ff=113.4W  PCAP→78W  power=77.4W
[PID] perf=27.627Hz  target=10.850Hz  err=-16.777Hz  corr=-351.12W  u_ff=113.4W  PCAP→78W  power=76.3W
[PID] perf=27.633Hz  target=10.850Hz  err=-16.783Hz  corr=-351.23W  u_ff=113.4W  PCAP→78W  power=77.5W
[PID] perf=27.619Hz  target=10.850Hz  err=-16.769Hz  corr=-350.98W  u_ff=113.4W  PCAP→78W  power=78.2W
[PID] perf=27.601Hz  target=10.850Hz  err=-16.751Hz  corr=-350.65W  u_ff=113.4W  PCAP→78W  power=78.3W
[PID] perf=27.594Hz  target=10.850Hz  err=-16.744Hz  corr=-350.51W  u_ff=113.4W  PCAP→78W  power=78.8W
[PID] perf=27.610Hz  target=10.850Hz  err=-16.760Hz  corr=-350.82W  u_ff=113.4W  PCAP→78W  power=76.2W
[PID] perf=27.601Hz  target=10.850Hz  err=-16.751Hz  corr=-350.65W  u_ff=113.4W  PCAP→78W  power=79.4W
[PID] perf=27.593Hz  target=10.850Hz  err=-16.743Hz  corr=-350.49W  u_ff=113.4W  PCAP→78W  power=78.6W
[PID] perf=27.593Hz  target=10.850Hz  err=-16.743Hz  corr=-350.49W  u_ff=113.4W  PCAP→78W  power=78.7W
[PID] perf=27.635Hz  target=10.850Hz  err=-16.786Hz  corr=-351.28W  u_ff=113.4W  PCAP→78W  power=79.0W
[PID] perf=27.603Hz  target=10.850Hz  err=-16.753Hz  corr=-350.69W  u_ff=113.4W  PCAP→78W  power=79.0W
[PID] perf=27.623Hz  target=10.850Hz  err=-16.774Hz  corr=-351.06W  u_ff=113.4W  PCAP→78W  power=79.4W
[PID] perf=27.619Hz  target=10.850Hz  err=-16.769Hz  corr=-350.98W  u_ff=113.4W  PCAP→78W  power=77.8W
[PID] perf=27.645Hz  target=10.850Hz  err=-16.795Hz  corr=-351.45W  u_ff=113.4W  PCAP→78W  power=78.2W
[PID] perf=27.666Hz  target=10.850Hz  err=-16.817Hz  corr=-351.86W  u_ff=113.4W  PCAP→78W  power=76.6W
[PID] perf=27.637Hz  target=10.850Hz  err=-16.787Hz  corr=-351.31W  u_ff=113.4W  PCAP→78W  power=76.5W
[PID] perf=27.611Hz  target=10.850Hz  err=-16.761Hz  corr=-350.83W  u_ff=113.4W  PCAP→78W  power=76.4W
[PID] perf=27.614Hz  target=10.850Hz  err=-16.764Hz  corr=-350.88W  u_ff=113.4W  PCAP→78W  power=78.3W
[PID] perf=27.659Hz  target=10.850Hz  err=-16.809Hz  corr=-351.72W  u_ff=113.4W  PCAP→78W  power=79.0W
[PID] perf=27.663Hz  target=10.850Hz  err=-16.814Hz  corr=-351.80W  u_ff=113.4W  PCAP→78W  power=78.8W
[PID] perf=27.691Hz  target=10.850Hz  err=-16.841Hz  corr=-352.31W  u_ff=113.4W  PCAP→78W  power=77.4W
[PID] perf=27.651Hz  target=10.850Hz  err=-16.801Hz  corr=-351.56W  u_ff=113.4W  PCAP→78W  power=78.5W
[PID] perf=27.659Hz  target=10.850Hz  err=-16.809Hz  corr=-351.71W  u_ff=113.4W  PCAP→78W  power=79.0W
[PID] perf=27.695Hz  target=10.850Hz  err=-16.845Hz  corr=-352.39W  u_ff=113.4W  PCAP→78W  power=78.9W
[PID] perf=27.674Hz  target=10.850Hz  err=-16.824Hz  corr=-352.00W  u_ff=113.4W  PCAP→78W  power=79.1W
[PID] perf=27.702Hz  target=10.850Hz  err=-16.852Hz  corr=-352.51W  u_ff=113.4W  PCAP→78W  power=79.0W
[PID] perf=27.713Hz  target=10.850Hz  err=-16.863Hz  corr=-352.71W  u_ff=113.4W  PCAP→78W  power=78.8W
[PID] perf=27.683Hz  target=10.850Hz  err=-16.833Hz  corr=-352.16W  u_ff=113.4W  PCAP→78W  power=77.2W
[PID] perf=27.699Hz  target=10.850Hz  err=-16.849Hz  corr=-352.46W  u_ff=113.4W  PCAP→78W  power=78.2W
[PID] perf=27.700Hz  target=10.850Hz  err=-16.850Hz  corr=-352.48W  u_ff=113.4W  PCAP→78W  power=79.3W
[PID] perf=27.657Hz  target=10.850Hz  err=-16.807Hz  corr=-351.68W  u_ff=113.4W  PCAP→78W  power=79.1W
[PID] perf=27.676Hz  target=10.850Hz  err=-16.826Hz  corr=-352.04W  u_ff=113.4W  PCAP→78W  power=78.1W
[PID] perf=27.664Hz  target=10.850Hz  err=-16.814Hz  corr=-351.81W  u_ff=113.4W  PCAP→78W  power=76.6W
[PID] perf=27.627Hz  target=10.850Hz  err=-16.777Hz  corr=-351.12W  u_ff=113.4W  PCAP→78W  power=78.1W
[PID] perf=27.666Hz  target=10.850Hz  err=-16.816Hz  corr=-351.85W  u_ff=113.4W  PCAP→78W  power=77.2W
[PID] perf=27.668Hz  target=10.850Hz  err=-16.818Hz  corr=-351.88W  u_ff=113.4W  PCAP→78W  power=77.9W
[PID] perf=27.673Hz  target=10.850Hz  err=-16.823Hz  corr=-351.98W  u_ff=113.4W  PCAP→78W  power=78.2W
[PID] perf=27.697Hz  target=10.850Hz  err=-16.848Hz  corr=-352.43W  u_ff=113.4W  PCAP→78W  power=78.3W
[PID] perf=27.681Hz  target=10.850Hz  err=-16.832Hz  corr=-352.14W  u_ff=113.4W  PCAP→78W  power=77.5W
[PID] perf=27.704Hz  target=10.850Hz  err=-16.855Hz  corr=-352.56W  u_ff=113.4W  PCAP→78W  power=78.6W
[PID] perf=27.711Hz  target=10.850Hz  err=-16.861Hz  corr=-352.68W  u_ff=113.4W  PCAP→78W  power=77.1W
[PID] perf=27.635Hz  target=10.850Hz  err=-16.785Hz  corr=-351.28W  u_ff=113.4W  PCAP→78W  power=77.3W
[PID] perf=27.657Hz  target=10.850Hz  err=-16.808Hz  corr=-351.69W  u_ff=113.4W  PCAP→78W  power=78.7W
[PID] perf=27.689Hz  target=10.850Hz  err=-16.839Hz  corr=-352.27W  u_ff=113.4W  PCAP→78W  power=78.3W
[PID] perf=27.662Hz  target=10.850Hz  err=-16.812Hz  corr=-351.78W  u_ff=113.4W  PCAP→78W  power=77.5W
[PID] perf=27.650Hz  target=10.850Hz  err=-16.801Hz  corr=-351.56W  u_ff=113.4W  PCAP→78W  power=78.9W
[PID] perf=27.713Hz  target=10.850Hz  err=-16.863Hz  corr=-352.73W  u_ff=113.4W  PCAP→78W  power=78.9W
[PID] perf=27.715Hz  target=10.850Hz  err=-16.865Hz  corr=-352.75W  u_ff=113.4W  PCAP→78W  power=77.1W
[PID] perf=27.712Hz  target=10.850Hz  err=-16.862Hz  corr=-352.70W  u_ff=113.4W  PCAP→78W  power=76.6W
[PID] perf=27.676Hz  target=10.850Hz  err=-16.826Hz  corr=-352.03W  u_ff=113.4W  PCAP→78W  power=76.2W
[PID] perf=27.688Hz  target=10.850Hz  err=-16.838Hz  corr=-352.26W  u_ff=113.4W  PCAP→78W  power=77.0W
[PID] perf=27.716Hz  target=10.850Hz  err=-16.866Hz  corr=-352.78W  u_ff=113.4W  PCAP→78W  power=76.5W
[PID] perf=27.712Hz  target=10.850Hz  err=-16.862Hz  corr=-352.71W  u_ff=113.4W  PCAP→78W  power=76.3W
[PID] perf=27.726Hz  target=10.850Hz  err=-16.876Hz  corr=-352.97W  u_ff=113.4W  PCAP→78W  power=77.0W
[PID] perf=27.740Hz  target=10.850Hz  err=-16.890Hz  corr=-353.22W  u_ff=113.4W  PCAP→78W  power=77.7W
[PID] perf=27.696Hz  target=10.850Hz  err=-16.846Hz  corr=-352.40W  u_ff=113.4W  PCAP→78W  power=77.0W
[PID] perf=27.687Hz  target=10.850Hz  err=-16.837Hz  corr=-352.25W  u_ff=113.4W  PCAP→78W  power=78.2W
[PID] perf=27.680Hz  target=10.850Hz  err=-16.830Hz  corr=-352.11W  u_ff=113.4W  PCAP→78W  power=77.0W
[PID] perf=27.668Hz  target=10.850Hz  err=-16.819Hz  corr=-351.90W  u_ff=113.4W  PCAP→78W  power=76.7W
[PID] perf=27.681Hz  target=10.850Hz  err=-16.831Hz  corr=-352.13W  u_ff=113.4W  PCAP→78W  power=77.4W
[PID] perf=27.655Hz  target=10.850Hz  err=-16.805Hz  corr=-351.64W  u_ff=113.4W  PCAP→78W  power=76.5W
[PID] perf=27.656Hz  target=10.850Hz  err=-16.806Hz  corr=-351.66W  u_ff=113.4W  PCAP→78W  power=76.8W
[PID] perf=27.680Hz  target=10.850Hz  err=-16.830Hz  corr=-352.11W  u_ff=113.4W  PCAP→78W  power=77.1W
[PID] perf=27.670Hz  target=10.850Hz  err=-16.820Hz  corr=-351.93W  u_ff=113.4W  PCAP→78W  power=78.6W
[PID] perf=27.629Hz  target=10.850Hz  err=-16.779Hz  corr=-351.15W  u_ff=113.4W  PCAP→78W  power=77.0W
[PID] perf=27.659Hz  target=10.850Hz  err=-16.810Hz  corr=-351.73W  u_ff=113.4W  PCAP→78W  power=78.4W
[PID] perf=27.662Hz  target=10.850Hz  err=-16.812Hz  corr=-351.78W  u_ff=113.4W  PCAP→78W  power=78.7W
[PID] perf=27.644Hz  target=10.850Hz  err=-16.794Hz  corr=-351.44W  u_ff=113.4W  PCAP→78W  power=78.3W
[PID] perf=27.624Hz  target=10.850Hz  err=-16.774Hz  corr=-351.07W  u_ff=113.4W  PCAP→78W  power=78.8W
[PID] perf=27.624Hz  target=10.850Hz  err=-16.774Hz  corr=-351.07W  u_ff=113.4W  PCAP→78W  power=78.9W
[PID] perf=27.621Hz  target=10.850Hz  err=-16.772Hz  corr=-351.02W  u_ff=113.4W  PCAP→78W  power=77.8W
[PID] perf=27.592Hz  target=10.850Hz  err=-16.742Hz  corr=-350.48W  u_ff=113.4W  PCAP→78W  power=78.3W
[PID] perf=27.601Hz  target=10.850Hz  err=-16.751Hz  corr=-350.64W  u_ff=113.4W  PCAP→78W  power=76.4W
[PID] perf=27.626Hz  target=10.850Hz  err=-16.776Hz  corr=-351.11W  u_ff=113.4W  PCAP→78W  power=76.9W
[PID] perf=27.607Hz  target=10.850Hz  err=-16.757Hz  corr=-350.75W  u_ff=113.4W  PCAP→78W  power=79.1W
[PID] perf=27.613Hz  target=10.850Hz  err=-16.763Hz  corr=-350.86W  u_ff=113.4W  PCAP→78W  power=78.3W
[PID] perf=27.603Hz  target=10.850Hz  err=-16.753Hz  corr=-350.69W  u_ff=113.4W  PCAP→78W  power=77.2W
[PID] perf=27.591Hz  target=10.850Hz  err=-16.742Hz  corr=-350.47W  u_ff=113.4W  PCAP→78W  power=78.5W
[PID] perf=27.567Hz  target=10.850Hz  err=-16.717Hz  corr=-350.02W  u_ff=113.4W  PCAP→78W  power=77.0W
[PID] perf=27.609Hz  target=10.850Hz  err=-16.759Hz  corr=-350.79W  u_ff=113.4W  PCAP→78W  power=77.7W
[PID] perf=27.638Hz  target=10.850Hz  err=-16.788Hz  corr=-351.33W  u_ff=113.4W  PCAP→78W  power=78.8W
[PID] perf=27.640Hz  target=10.850Hz  err=-16.790Hz  corr=-351.37W  u_ff=113.4W  PCAP→78W  power=78.8W
[PID] perf=27.635Hz  target=10.850Hz  err=-16.786Hz  corr=-351.28W  u_ff=113.4W  PCAP→78W  power=78.5W
[PID] perf=27.671Hz  target=10.850Hz  err=-16.821Hz  corr=-351.94W  u_ff=113.4W  PCAP→78W  power=78.7W
[PID] perf=27.621Hz  target=10.850Hz  err=-16.771Hz  corr=-351.01W  u_ff=113.4W  PCAP→78W  power=77.4W
[PID] perf=27.599Hz  target=10.850Hz  err=-16.749Hz  corr=-350.61W  u_ff=113.4W  PCAP→78W  power=78.4W
[PID] perf=27.598Hz  target=10.850Hz  err=-16.748Hz  corr=-350.58W  u_ff=113.4W  PCAP→78W  power=78.3W
[PID] perf=27.642Hz  target=10.850Hz  err=-16.792Hz  corr=-351.40W  u_ff=113.4W  PCAP→78W  power=76.4W
[PID] perf=27.627Hz  target=10.850Hz  err=-16.777Hz  corr=-351.12W  u_ff=113.4W  PCAP→78W  power=77.2W
[PID] perf=27.668Hz  target=10.850Hz  err=-16.819Hz  corr=-351.90W  u_ff=113.4W  PCAP→78W  power=77.0W
Process completed.
Compressed into /home/cc/summer2024/main_codes/pid_controller/../experiment_data/PID_Control_sweep/ones-npb-cg/compressed_iteration_20260513_130833.tar
----------------------------------

>>> Step 2/3

[ones-npb-cg]
  target perf      : 10.8499 Hz
  coefficients_perf: [-0.0006547837485238978, 0.18607436314256556, -1.8317688501798497]
  feedforward PCAP : 113.43 W  →  112 W (snapped)
  Perf(u_ff) check : 10.8499 Hz  (should ≈ target)
  PID gains        : Kp=18.5447 W/Hz  Ki=1.85447 W/(Hz·s)  Kd=0.0000
[PID] Awaiting data — feedforward PCAP=112W
[PID] Awaiting data — feedforward PCAP=112W
[PID] Awaiting data — feedforward PCAP=112W
[PID] Awaiting data — feedforward PCAP=112W
[PID] Awaiting data — feedforward PCAP=112W
[PID] Awaiting data — feedforward PCAP=112W
[PID] perf=19.896Hz  target=10.850Hz  err=-9.046Hz  corr=-201.31W  u_ff=113.4W  PCAP→78W  power=nanW
[PID] perf=18.113Hz  target=10.850Hz  err=-7.263Hz  corr=-174.69W  u_ff=113.4W  PCAP→78W  power=77.8W
[PID] perf=18.128Hz  target=10.850Hz  err=-7.278Hz  corr=-174.97W  u_ff=113.4W  PCAP→78W  power=78.5W
[PID] perf=18.158Hz  target=10.850Hz  err=-7.309Hz  corr=-175.54W  u_ff=113.4W  PCAP→78W  power=77.6W
[PID] perf=18.153Hz  target=10.850Hz  err=-7.303Hz  corr=-175.43W  u_ff=113.4W  PCAP→78W  power=78.7W
[PID] perf=18.164Hz  target=10.850Hz  err=-7.314Hz  corr=-175.63W  u_ff=113.4W  PCAP→78W  power=78.0W
[PID] perf=24.066Hz  target=10.850Hz  err=-13.216Hz  corr=-285.09W  u_ff=113.4W  PCAP→78W  power=78.6W
[PID] perf=28.871Hz  target=10.850Hz  err=-18.022Hz  corr=-374.20W  u_ff=113.4W  PCAP→78W  power=76.2W
[PID] perf=29.360Hz  target=10.850Hz  err=-18.510Hz  corr=-383.26W  u_ff=113.4W  PCAP→78W  power=77.3W
[PID] perf=29.351Hz  target=10.850Hz  err=-18.501Hz  corr=-383.10W  u_ff=113.4W  PCAP→78W  power=79.0W
[PID] perf=29.378Hz  target=10.850Hz  err=-18.528Hz  corr=-383.60W  u_ff=113.4W  PCAP→78W  power=77.6W
[PID] perf=27.530Hz  target=10.850Hz  err=-16.680Hz  corr=-349.33W  u_ff=113.4W  PCAP→78W  power=76.9W
[PID] perf=27.557Hz  target=10.850Hz  err=-16.708Hz  corr=-349.84W  u_ff=113.4W  PCAP→78W  power=77.5W
[PID] perf=27.569Hz  target=10.850Hz  err=-16.719Hz  corr=-350.04W  u_ff=113.4W  PCAP→78W  power=78.8W
[PID] perf=27.669Hz  target=10.850Hz  err=-16.819Hz  corr=-351.91W  u_ff=113.4W  PCAP→78W  power=79.5W
[PID] perf=27.723Hz  target=10.850Hz  err=-16.873Hz  corr=-352.91W  u_ff=113.4W  PCAP→78W  power=79.1W
[PID] perf=27.756Hz  target=10.850Hz  err=-16.906Hz  corr=-353.52W  u_ff=113.4W  PCAP→78W  power=78.9W
[PID] perf=27.757Hz  target=10.850Hz  err=-16.907Hz  corr=-353.54W  u_ff=113.4W  PCAP→78W  power=77.5W
[PID] perf=27.754Hz  target=10.850Hz  err=-16.904Hz  corr=-353.47W  u_ff=113.4W  PCAP→78W  power=77.8W
[PID] perf=27.729Hz  target=10.850Hz  err=-16.880Hz  corr=-353.03W  u_ff=113.4W  PCAP→78W  power=79.2W
[PID] perf=27.703Hz  target=10.850Hz  err=-16.853Hz  corr=-352.54W  u_ff=113.4W  PCAP→78W  power=79.2W
[PID] perf=27.646Hz  target=10.850Hz  err=-16.796Hz  corr=-351.47W  u_ff=113.4W  PCAP→78W  power=79.4W
[PID] perf=27.686Hz  target=10.850Hz  err=-16.836Hz  corr=-352.23W  u_ff=113.4W  PCAP→78W  power=76.4W
[PID] perf=27.552Hz  target=10.850Hz  err=-16.702Hz  corr=-349.73W  u_ff=113.4W  PCAP→78W  power=76.5W
[PID] perf=27.343Hz  target=10.850Hz  err=-16.493Hz  corr=-345.86W  u_ff=113.4W  PCAP→78W  power=77.1W
[PID] perf=27.339Hz  target=10.850Hz  err=-16.489Hz  corr=-345.79W  u_ff=113.4W  PCAP→78W  power=79.1W
[PID] perf=27.400Hz  target=10.850Hz  err=-16.550Hz  corr=-346.92W  u_ff=113.4W  PCAP→78W  power=79.0W
[PID] perf=27.400Hz  target=10.850Hz  err=-16.551Hz  corr=-346.92W  u_ff=113.4W  PCAP→78W  power=78.1W
[PID] perf=27.413Hz  target=10.850Hz  err=-16.563Hz  corr=-347.16W  u_ff=113.4W  PCAP→78W  power=78.1W
[PID] perf=27.398Hz  target=10.850Hz  err=-16.548Hz  corr=-346.88W  u_ff=113.4W  PCAP→78W  power=79.0W
[PID] perf=27.454Hz  target=10.850Hz  err=-16.604Hz  corr=-347.92W  u_ff=113.4W  PCAP→78W  power=78.8W
[PID] perf=27.477Hz  target=10.850Hz  err=-16.627Hz  corr=-348.35W  u_ff=113.4W  PCAP→78W  power=77.2W
[PID] perf=27.492Hz  target=10.850Hz  err=-16.642Hz  corr=-348.63W  u_ff=113.4W  PCAP→78W  power=76.8W
[PID] perf=27.506Hz  target=10.850Hz  err=-16.656Hz  corr=-348.89W  u_ff=113.4W  PCAP→78W  power=79.3W
[PID] perf=27.560Hz  target=10.850Hz  err=-16.710Hz  corr=-349.88W  u_ff=113.4W  PCAP→78W  power=77.0W
[PID] perf=27.539Hz  target=10.850Hz  err=-16.690Hz  corr=-349.50W  u_ff=113.4W  PCAP→78W  power=78.2W
[PID] perf=27.530Hz  target=10.850Hz  err=-16.680Hz  corr=-349.33W  u_ff=113.4W  PCAP→78W  power=79.1W
[PID] perf=27.515Hz  target=10.850Hz  err=-16.666Hz  corr=-349.06W  u_ff=113.4W  PCAP→78W  power=79.1W
[PID] perf=27.505Hz  target=10.850Hz  err=-16.655Hz  corr=-348.86W  u_ff=113.4W  PCAP→78W  power=77.2W
[PID] perf=27.465Hz  target=10.850Hz  err=-16.616Hz  corr=-348.13W  u_ff=113.4W  PCAP→78W  power=78.8W
[PID] perf=27.503Hz  target=10.850Hz  err=-16.653Hz  corr=-348.82W  u_ff=113.4W  PCAP→78W  power=78.7W
[PID] perf=27.490Hz  target=10.850Hz  err=-16.641Hz  corr=-348.59W  u_ff=113.4W  PCAP→78W  power=78.1W
[PID] perf=27.481Hz  target=10.850Hz  err=-16.631Hz  corr=-348.42W  u_ff=113.4W  PCAP→78W  power=78.5W
[PID] perf=27.521Hz  target=10.850Hz  err=-16.672Hz  corr=-349.17W  u_ff=113.4W  PCAP→78W  power=77.1W
[PID] perf=27.513Hz  target=10.850Hz  err=-16.664Hz  corr=-349.02W  u_ff=113.4W  PCAP→78W  power=76.0W
[PID] perf=27.495Hz  target=10.850Hz  err=-16.646Hz  corr=-348.69W  u_ff=113.4W  PCAP→78W  power=76.6W
[PID] perf=27.494Hz  target=10.850Hz  err=-16.644Hz  corr=-348.65W  u_ff=113.4W  PCAP→78W  power=76.0W
[PID] perf=27.523Hz  target=10.850Hz  err=-16.673Hz  corr=-349.20W  u_ff=113.4W  PCAP→78W  power=76.9W
[PID] perf=27.524Hz  target=10.850Hz  err=-16.674Hz  corr=-349.21W  u_ff=113.4W  PCAP→78W  power=77.8W
[PID] perf=27.505Hz  target=10.850Hz  err=-16.655Hz  corr=-348.87W  u_ff=113.4W  PCAP→78W  power=78.6W
[PID] perf=27.477Hz  target=10.850Hz  err=-16.627Hz  corr=-348.34W  u_ff=113.4W  PCAP→78W  power=77.6W
[PID] perf=27.474Hz  target=10.850Hz  err=-16.624Hz  corr=-348.29W  u_ff=113.4W  PCAP→78W  power=79.0W
[PID] perf=27.478Hz  target=10.850Hz  err=-16.628Hz  corr=-348.37W  u_ff=113.4W  PCAP→78W  power=77.2W
[PID] perf=27.442Hz  target=10.850Hz  err=-16.592Hz  corr=-347.69W  u_ff=113.4W  PCAP→78W  power=77.4W
[PID] perf=27.498Hz  target=10.850Hz  err=-16.649Hz  corr=-348.74W  u_ff=113.4W  PCAP→78W  power=76.5W
[PID] perf=27.429Hz  target=10.850Hz  err=-16.579Hz  corr=-347.45W  u_ff=113.4W  PCAP→78W  power=76.9W
[PID] perf=27.465Hz  target=10.850Hz  err=-16.615Hz  corr=-348.12W  u_ff=113.4W  PCAP→78W  power=76.4W
[PID] perf=27.452Hz  target=10.850Hz  err=-16.602Hz  corr=-347.88W  u_ff=113.4W  PCAP→78W  power=77.4W
[PID] perf=27.444Hz  target=10.850Hz  err=-16.594Hz  corr=-347.73W  u_ff=113.4W  PCAP→78W  power=77.9W
[PID] perf=27.442Hz  target=10.850Hz  err=-16.592Hz  corr=-347.70W  u_ff=113.4W  PCAP→78W  power=76.5W
[PID] perf=27.489Hz  target=10.850Hz  err=-16.639Hz  corr=-348.56W  u_ff=113.4W  PCAP→78W  power=79.0W
[PID] perf=27.466Hz  target=10.850Hz  err=-16.616Hz  corr=-348.15W  u_ff=113.4W  PCAP→78W  power=76.8W
[PID] perf=27.477Hz  target=10.850Hz  err=-16.627Hz  corr=-348.34W  u_ff=113.4W  PCAP→78W  power=78.5W
[PID] perf=27.460Hz  target=10.850Hz  err=-16.610Hz  corr=-348.02W  u_ff=113.4W  PCAP→78W  power=78.3W
[PID] perf=27.423Hz  target=10.850Hz  err=-16.573Hz  corr=-347.35W  u_ff=113.4W  PCAP→78W  power=76.2W
[PID] perf=27.463Hz  target=10.850Hz  err=-16.614Hz  corr=-348.09W  u_ff=113.4W  PCAP→78W  power=77.6W
[PID] perf=27.442Hz  target=10.850Hz  err=-16.592Hz  corr=-347.70W  u_ff=113.4W  PCAP→78W  power=77.9W
[PID] perf=27.431Hz  target=10.850Hz  err=-16.581Hz  corr=-347.48W  u_ff=113.4W  PCAP→78W  power=76.3W
[PID] perf=27.436Hz  target=10.850Hz  err=-16.586Hz  corr=-347.59W  u_ff=113.4W  PCAP→78W  power=77.8W
[PID] perf=27.500Hz  target=10.850Hz  err=-16.651Hz  corr=-348.78W  u_ff=113.4W  PCAP→78W  power=77.7W
[PID] perf=27.494Hz  target=10.850Hz  err=-16.645Hz  corr=-348.67W  u_ff=113.4W  PCAP→78W  power=77.1W
[PID] perf=27.475Hz  target=10.850Hz  err=-16.625Hz  corr=-348.30W  u_ff=113.4W  PCAP→78W  power=77.4W
[PID] perf=27.483Hz  target=10.850Hz  err=-16.633Hz  corr=-348.46W  u_ff=113.4W  PCAP→78W  power=78.2W
[PID] perf=27.456Hz  target=10.850Hz  err=-16.606Hz  corr=-347.95W  u_ff=113.4W  PCAP→78W  power=77.0W
[PID] perf=27.449Hz  target=10.850Hz  err=-16.600Hz  corr=-347.83W  u_ff=113.4W  PCAP→78W  power=77.6W
[PID] perf=27.499Hz  target=10.850Hz  err=-16.649Hz  corr=-348.76W  u_ff=113.4W  PCAP→78W  power=79.1W
[PID] perf=27.476Hz  target=10.850Hz  err=-16.626Hz  corr=-348.32W  u_ff=113.4W  PCAP→78W  power=79.5W
[PID] perf=27.351Hz  target=10.850Hz  err=-16.501Hz  corr=-346.01W  u_ff=113.4W  PCAP→78W  power=78.4W
[PID] perf=27.388Hz  target=10.850Hz  err=-16.538Hz  corr=-346.69W  u_ff=113.4W  PCAP→78W  power=78.3W
[PID] perf=27.355Hz  target=10.850Hz  err=-16.505Hz  corr=-346.08W  u_ff=113.4W  PCAP→78W  power=76.5W
[PID] perf=27.355Hz  target=10.850Hz  err=-16.505Hz  corr=-346.08W  u_ff=113.4W  PCAP→78W  power=78.8W
[PID] perf=27.380Hz  target=10.850Hz  err=-16.531Hz  corr=-346.55W  u_ff=113.4W  PCAP→78W  power=77.1W
[PID] perf=27.330Hz  target=10.850Hz  err=-16.480Hz  corr=-345.62W  u_ff=113.4W  PCAP→78W  power=77.1W
[PID] perf=27.389Hz  target=10.850Hz  err=-16.539Hz  corr=-346.72W  u_ff=113.4W  PCAP→78W  power=79.3W
[PID] perf=27.394Hz  target=10.850Hz  err=-16.544Hz  corr=-346.80W  u_ff=113.4W  PCAP→78W  power=78.0W
[PID] perf=27.361Hz  target=10.850Hz  err=-16.511Hz  corr=-346.20W  u_ff=113.4W  PCAP→78W  power=77.5W
[PID] perf=27.381Hz  target=10.850Hz  err=-16.531Hz  corr=-346.56W  u_ff=113.4W  PCAP→78W  power=77.4W
[PID] perf=27.272Hz  target=10.850Hz  err=-16.422Hz  corr=-344.54W  u_ff=113.4W  PCAP→78W  power=77.4W
[PID] perf=27.280Hz  target=10.850Hz  err=-16.430Hz  corr=-344.69W  u_ff=113.4W  PCAP→78W  power=77.1W
[PID] perf=27.296Hz  target=10.850Hz  err=-16.446Hz  corr=-344.99W  u_ff=113.4W  PCAP→78W  power=77.7W
[PID] perf=27.300Hz  target=10.850Hz  err=-16.450Hz  corr=-345.06W  u_ff=113.4W  PCAP→78W  power=77.0W
[PID] perf=27.314Hz  target=10.850Hz  err=-16.464Hz  corr=-345.32W  u_ff=113.4W  PCAP→78W  power=77.1W
[PID] perf=27.324Hz  target=10.850Hz  err=-16.474Hz  corr=-345.50W  u_ff=113.4W  PCAP→78W  power=77.2W
[PID] perf=27.299Hz  target=10.850Hz  err=-16.449Hz  corr=-345.05W  u_ff=113.4W  PCAP→78W  power=77.9W
[PID] perf=27.320Hz  target=10.850Hz  err=-16.470Hz  corr=-345.43W  u_ff=113.4W  PCAP→78W  power=78.7W
[PID] perf=27.239Hz  target=10.850Hz  err=-16.389Hz  corr=-343.93W  u_ff=113.4W  PCAP→78W  power=78.2W
[PID] perf=27.211Hz  target=10.850Hz  err=-16.361Hz  corr=-343.41W  u_ff=113.4W  PCAP→78W  power=78.7W
[PID] perf=27.229Hz  target=10.850Hz  err=-16.379Hz  corr=-343.74W  u_ff=113.4W  PCAP→78W  power=77.6W
[PID] perf=27.261Hz  target=10.850Hz  err=-16.411Hz  corr=-344.33W  u_ff=113.4W  PCAP→78W  power=78.0W
[PID] perf=27.263Hz  target=10.850Hz  err=-16.413Hz  corr=-344.38W  u_ff=113.4W  PCAP→78W  power=78.9W
[PID] perf=27.270Hz  target=10.850Hz  err=-16.420Hz  corr=-344.51W  u_ff=113.4W  PCAP→78W  power=78.4W
[PID] perf=27.254Hz  target=10.850Hz  err=-16.405Hz  corr=-344.22W  u_ff=113.4W  PCAP→78W  power=77.2W
[PID] perf=27.244Hz  target=10.850Hz  err=-16.394Hz  corr=-344.02W  u_ff=113.4W  PCAP→78W  power=78.2W
[PID] perf=27.236Hz  target=10.850Hz  err=-16.387Hz  corr=-343.88W  u_ff=113.4W  PCAP→78W  power=77.0W
[PID] perf=27.221Hz  target=10.850Hz  err=-16.371Hz  corr=-343.59W  u_ff=113.4W  PCAP→78W  power=76.9W
[PID] perf=27.224Hz  target=10.850Hz  err=-16.374Hz  corr=-343.66W  u_ff=113.4W  PCAP→78W  power=77.9W
[PID] perf=27.303Hz  target=10.850Hz  err=-16.453Hz  corr=-345.12W  u_ff=113.4W  PCAP→78W  power=79.1W
[PID] perf=27.312Hz  target=10.850Hz  err=-16.462Hz  corr=-345.29W  u_ff=113.4W  PCAP→78W  power=76.5W
[PID] perf=27.302Hz  target=10.850Hz  err=-16.452Hz  corr=-345.09W  u_ff=113.4W  PCAP→78W  power=78.6W
[PID] perf=27.230Hz  target=10.850Hz  err=-16.380Hz  corr=-343.76W  u_ff=113.4W  PCAP→78W  power=77.6W
[PID] perf=27.064Hz  target=10.850Hz  err=-16.214Hz  corr=-340.69W  u_ff=113.4W  PCAP→78W  power=77.5W
[PID] perf=47.475Hz  target=10.850Hz  err=-36.625Hz  corr=-719.20W  u_ff=113.4W  PCAP→78W  power=75.4W
[PID] perf=79.022Hz  target=10.850Hz  err=-68.172Hz  corr=-1304.23W  u_ff=113.4W  PCAP→78W  power=77.7W
[PID] perf=27.185Hz  target=10.850Hz  err=-16.335Hz  corr=-342.93W  u_ff=113.4W  PCAP→78W  power=76.5W
[PID] perf=27.216Hz  target=10.850Hz  err=-16.366Hz  corr=-343.51W  u_ff=113.4W  PCAP→78W  power=76.8W
[PID] perf=27.231Hz  target=10.850Hz  err=-16.381Hz  corr=-343.78W  u_ff=113.4W  PCAP→78W  power=76.4W
[PID] perf=27.227Hz  target=10.850Hz  err=-16.377Hz  corr=-343.71W  u_ff=113.4W  PCAP→78W  power=76.5W
[PID] perf=27.251Hz  target=10.850Hz  err=-16.401Hz  corr=-344.15W  u_ff=113.4W  PCAP→78W  power=77.3W
[PID] perf=27.231Hz  target=10.850Hz  err=-16.381Hz  corr=-343.78W  u_ff=113.4W  PCAP→78W  power=76.9W
[PID] perf=27.238Hz  target=10.850Hz  err=-16.388Hz  corr=-343.91W  u_ff=113.4W  PCAP→78W  power=78.4W
[PID] perf=27.233Hz  target=10.850Hz  err=-16.383Hz  corr=-343.82W  u_ff=113.4W  PCAP→78W  power=79.0W
[PID] perf=27.195Hz  target=10.850Hz  err=-16.346Hz  corr=-343.12W  u_ff=113.4W  PCAP→78W  power=76.4W
[PID] perf=27.215Hz  target=10.850Hz  err=-16.365Hz  corr=-343.49W  u_ff=113.4W  PCAP→78W  power=78.1W
[PID] perf=27.200Hz  target=10.850Hz  err=-16.350Hz  corr=-343.20W  u_ff=113.4W  PCAP→78W  power=79.4W
[PID] perf=27.212Hz  target=10.850Hz  err=-16.363Hz  corr=-343.44W  u_ff=113.4W  PCAP→78W  power=78.8W
[PID] perf=27.255Hz  target=10.850Hz  err=-16.405Hz  corr=-344.23W  u_ff=113.4W  PCAP→78W  power=77.9W
[PID] perf=27.233Hz  target=10.850Hz  err=-16.383Hz  corr=-343.81W  u_ff=113.4W  PCAP→78W  power=79.1W
[PID] perf=27.254Hz  target=10.850Hz  err=-16.404Hz  corr=-344.20W  u_ff=113.4W  PCAP→78W  power=79.4W
[PID] perf=27.260Hz  target=10.850Hz  err=-16.410Hz  corr=-344.32W  u_ff=113.4W  PCAP→78W  power=78.4W
[PID] perf=27.299Hz  target=10.850Hz  err=-16.449Hz  corr=-345.04W  u_ff=113.4W  PCAP→78W  power=78.7W
[PID] perf=27.298Hz  target=10.850Hz  err=-16.448Hz  corr=-345.02W  u_ff=113.4W  PCAP→78W  power=77.2W
[PID] perf=27.262Hz  target=10.850Hz  err=-16.412Hz  corr=-344.36W  u_ff=113.4W  PCAP→78W  power=78.6W
[PID] perf=27.268Hz  target=10.850Hz  err=-16.418Hz  corr=-344.46W  u_ff=113.4W  PCAP→78W  power=76.6W
[PID] perf=27.281Hz  target=10.850Hz  err=-16.431Hz  corr=-344.70W  u_ff=113.4W  PCAP→78W  power=77.1W
[PID] perf=27.263Hz  target=10.850Hz  err=-16.413Hz  corr=-344.38W  u_ff=113.4W  PCAP→78W  power=77.1W
[PID] perf=27.303Hz  target=10.850Hz  err=-16.454Hz  corr=-345.13W  u_ff=113.4W  PCAP→78W  power=78.7W
[PID] perf=27.285Hz  target=10.850Hz  err=-16.435Hz  corr=-344.78W  u_ff=113.4W  PCAP→78W  power=77.9W
[PID] perf=27.276Hz  target=10.850Hz  err=-16.426Hz  corr=-344.61W  u_ff=113.4W  PCAP→78W  power=77.2W
[PID] perf=27.281Hz  target=10.850Hz  err=-16.431Hz  corr=-344.71W  u_ff=113.4W  PCAP→78W  power=77.6W
[PID] perf=27.260Hz  target=10.850Hz  err=-16.410Hz  corr=-344.32W  u_ff=113.4W  PCAP→78W  power=79.1W
[PID] perf=27.251Hz  target=10.850Hz  err=-16.401Hz  corr=-344.15W  u_ff=113.4W  PCAP→78W  power=77.9W
[PID] perf=27.249Hz  target=10.850Hz  err=-16.399Hz  corr=-344.12W  u_ff=113.4W  PCAP→78W  power=78.0W
[PID] perf=27.041Hz  target=10.850Hz  err=-16.191Hz  corr=-340.26W  u_ff=113.4W  PCAP→78W  power=77.7W
[PID] perf=27.126Hz  target=10.850Hz  err=-16.276Hz  corr=-341.83W  u_ff=113.4W  PCAP→78W  power=77.8W
[PID] perf=27.106Hz  target=10.850Hz  err=-16.256Hz  corr=-341.46W  u_ff=113.4W  PCAP→78W  power=77.7W
[PID] perf=27.130Hz  target=10.850Hz  err=-16.280Hz  corr=-341.91W  u_ff=113.4W  PCAP→78W  power=78.0W
[PID] perf=27.118Hz  target=10.850Hz  err=-16.268Hz  corr=-341.69W  u_ff=113.4W  PCAP→78W  power=78.2W
[PID] perf=27.112Hz  target=10.850Hz  err=-16.262Hz  corr=-341.57W  u_ff=113.4W  PCAP→78W  power=78.9W
[PID] perf=27.105Hz  target=10.850Hz  err=-16.255Hz  corr=-341.45W  u_ff=113.4W  PCAP→78W  power=78.2W
[PID] perf=27.151Hz  target=10.850Hz  err=-16.301Hz  corr=-342.30W  u_ff=113.4W  PCAP→78W  power=78.8W
[PID] perf=27.186Hz  target=10.850Hz  err=-16.336Hz  corr=-342.94W  u_ff=113.4W  PCAP→78W  power=77.8W
[PID] perf=27.196Hz  target=10.850Hz  err=-16.346Hz  corr=-343.13W  u_ff=113.4W  PCAP→78W  power=77.1W
[PID] perf=27.186Hz  target=10.850Hz  err=-16.336Hz  corr=-342.95W  u_ff=113.4W  PCAP→78W  power=79.4W
[PID] perf=27.194Hz  target=10.850Hz  err=-16.345Hz  corr=-343.10W  u_ff=113.4W  PCAP→78W  power=78.6W
[PID] perf=27.178Hz  target=10.850Hz  err=-16.328Hz  corr=-342.79W  u_ff=113.4W  PCAP→78W  power=78.4W
[PID] perf=27.190Hz  target=10.850Hz  err=-16.340Hz  corr=-343.03W  u_ff=113.4W  PCAP→78W  power=78.4W
[PID] perf=27.202Hz  target=10.850Hz  err=-16.352Hz  corr=-343.24W  u_ff=113.4W  PCAP→78W  power=77.9W
[PID] perf=27.167Hz  target=10.850Hz  err=-16.317Hz  corr=-342.59W  u_ff=113.4W  PCAP→78W  power=77.5W
[PID] perf=27.156Hz  target=10.850Hz  err=-16.306Hz  corr=-342.40W  u_ff=113.4W  PCAP→78W  power=78.6W
[PID] perf=27.183Hz  target=10.850Hz  err=-16.333Hz  corr=-342.89W  u_ff=113.4W  PCAP→78W  power=77.1W
[PID] perf=27.197Hz  target=10.850Hz  err=-16.347Hz  corr=-343.15W  u_ff=113.4W  PCAP→78W  power=78.4W
[PID] perf=27.200Hz  target=10.850Hz  err=-16.350Hz  corr=-343.20W  u_ff=113.4W  PCAP→78W  power=79.4W
[PID] perf=27.190Hz  target=10.850Hz  err=-16.340Hz  corr=-343.02W  u_ff=113.4W  PCAP→78W  power=78.4W
[PID] perf=27.188Hz  target=10.850Hz  err=-16.338Hz  corr=-342.98W  u_ff=113.4W  PCAP→78W  power=78.6W
[PID] perf=27.144Hz  target=10.850Hz  err=-16.294Hz  corr=-342.17W  u_ff=113.4W  PCAP→78W  power=76.9W
[PID] perf=27.158Hz  target=10.850Hz  err=-16.308Hz  corr=-342.43W  u_ff=113.4W  PCAP→78W  power=78.1W
[PID] perf=27.193Hz  target=10.850Hz  err=-16.343Hz  corr=-343.07W  u_ff=113.4W  PCAP→78W  power=78.9W
[PID] perf=27.252Hz  target=10.850Hz  err=-16.402Hz  corr=-344.17W  u_ff=113.4W  PCAP→78W  power=77.9W
[PID] perf=27.238Hz  target=10.850Hz  err=-16.388Hz  corr=-343.91W  u_ff=113.4W  PCAP→78W  power=76.6W
[PID] perf=27.191Hz  target=10.850Hz  err=-16.341Hz  corr=-343.05W  u_ff=113.4W  PCAP→78W  power=78.9W
[PID] perf=27.181Hz  target=10.850Hz  err=-16.332Hz  corr=-342.86W  u_ff=113.4W  PCAP→78W  power=78.8W
[PID] perf=27.189Hz  target=10.850Hz  err=-16.339Hz  corr=-343.01W  u_ff=113.4W  PCAP→78W  power=78.7W
[PID] perf=27.243Hz  target=10.850Hz  err=-16.394Hz  corr=-344.01W  u_ff=113.4W  PCAP→78W  power=77.6W
[PID] perf=27.197Hz  target=10.850Hz  err=-16.347Hz  corr=-343.16W  u_ff=113.4W  PCAP→78W  power=76.9W
[PID] perf=27.188Hz  target=10.850Hz  err=-16.338Hz  corr=-342.98W  u_ff=113.4W  PCAP→78W  power=78.7W
[PID] perf=27.187Hz  target=10.850Hz  err=-16.337Hz  corr=-342.97W  u_ff=113.4W  PCAP→78W  power=78.7W
[PID] perf=27.091Hz  target=10.850Hz  err=-16.241Hz  corr=-341.19W  u_ff=113.4W  PCAP→78W  power=78.1W
[PID] perf=27.119Hz  target=10.850Hz  err=-16.269Hz  corr=-341.70W  u_ff=113.4W  PCAP→78W  power=78.8W
[PID] perf=27.135Hz  target=10.850Hz  err=-16.285Hz  corr=-342.00W  u_ff=113.4W  PCAP→78W  power=78.6W
[PID] perf=27.124Hz  target=10.850Hz  err=-16.275Hz  corr=-341.81W  u_ff=113.4W  PCAP→78W  power=77.8W
[PID] perf=27.112Hz  target=10.850Hz  err=-16.262Hz  corr=-341.58W  u_ff=113.4W  PCAP→78W  power=77.2W
[PID] perf=27.139Hz  target=10.850Hz  err=-16.289Hz  corr=-342.08W  u_ff=113.4W  PCAP→78W  power=77.7W
[PID] perf=27.115Hz  target=10.850Hz  err=-16.265Hz  corr=-341.62W  u_ff=113.4W  PCAP→78W  power=77.6W
[PID] perf=27.047Hz  target=10.850Hz  err=-16.197Hz  corr=-340.38W  u_ff=113.4W  PCAP→78W  power=78.2W
[PID] perf=27.065Hz  target=10.850Hz  err=-16.215Hz  corr=-340.70W  u_ff=113.4W  PCAP→78W  power=77.7W
[PID] perf=27.039Hz  target=10.850Hz  err=-16.189Hz  corr=-340.22W  u_ff=113.4W  PCAP→78W  power=77.1W
[PID] perf=27.065Hz  target=10.850Hz  err=-16.215Hz  corr=-340.70W  u_ff=113.4W  PCAP→78W  power=78.3W
[PID] perf=27.087Hz  target=10.850Hz  err=-16.237Hz  corr=-341.11W  u_ff=113.4W  PCAP→78W  power=77.6W
[PID] perf=27.042Hz  target=10.850Hz  err=-16.192Hz  corr=-340.27W  u_ff=113.4W  PCAP→78W  power=78.9W
[PID] perf=27.062Hz  target=10.850Hz  err=-16.212Hz  corr=-340.64W  u_ff=113.4W  PCAP→78W  power=77.4W
[PID] perf=27.083Hz  target=10.850Hz  err=-16.234Hz  corr=-341.05W  u_ff=113.4W  PCAP→78W  power=78.2W
[PID] perf=27.087Hz  target=10.850Hz  err=-16.237Hz  corr=-341.10W  u_ff=113.4W  PCAP→78W  power=77.1W
[PID] perf=27.049Hz  target=10.850Hz  err=-16.199Hz  corr=-340.40W  u_ff=113.4W  PCAP→78W  power=78.5W
[PID] perf=27.065Hz  target=10.850Hz  err=-16.215Hz  corr=-340.70W  u_ff=113.4W  PCAP→78W  power=77.3W
[PID] perf=27.079Hz  target=10.850Hz  err=-16.229Hz  corr=-340.97W  u_ff=113.4W  PCAP→78W  power=77.3W
[PID] perf=27.113Hz  target=10.850Hz  err=-16.264Hz  corr=-341.60W  u_ff=113.4W  PCAP→78W  power=78.7W
[PID] perf=27.099Hz  target=10.850Hz  err=-16.249Hz  corr=-341.34W  u_ff=113.4W  PCAP→78W  power=77.8W
[PID] perf=27.081Hz  target=10.850Hz  err=-16.232Hz  corr=-341.01W  u_ff=113.4W  PCAP→78W  power=78.4W
[PID] perf=27.061Hz  target=10.850Hz  err=-16.212Hz  corr=-340.64W  u_ff=113.4W  PCAP→78W  power=78.3W
[PID] perf=27.070Hz  target=10.850Hz  err=-16.221Hz  corr=-340.80W  u_ff=113.4W  PCAP→78W  power=77.2W
[PID] perf=27.080Hz  target=10.850Hz  err=-16.230Hz  corr=-340.98W  u_ff=113.4W  PCAP→78W  power=77.7W
[PID] perf=27.079Hz  target=10.850Hz  err=-16.230Hz  corr=-340.97W  u_ff=113.4W  PCAP→78W  power=79.3W
[PID] perf=27.055Hz  target=10.850Hz  err=-16.206Hz  corr=-340.53W  u_ff=113.4W  PCAP→78W  power=79.1W
[PID] perf=27.065Hz  target=10.850Hz  err=-16.215Hz  corr=-340.71W  u_ff=113.4W  PCAP→78W  power=77.8W
[PID] perf=27.080Hz  target=10.850Hz  err=-16.230Hz  corr=-340.97W  u_ff=113.4W  PCAP→78W  power=78.6W
[PID] perf=26.939Hz  target=10.850Hz  err=-16.089Hz  corr=-338.37W  u_ff=113.4W  PCAP→78W  power=77.2W
[PID] perf=26.947Hz  target=10.850Hz  err=-16.097Hz  corr=-338.52W  u_ff=113.4W  PCAP→78W  power=77.4W
[PID] perf=26.985Hz  target=10.850Hz  err=-16.135Hz  corr=-339.22W  u_ff=113.4W  PCAP→78W  power=78.9W
[PID] perf=27.021Hz  target=10.850Hz  err=-16.171Hz  corr=-339.88W  u_ff=113.4W  PCAP→78W  power=76.6W
[PID] perf=27.007Hz  target=10.850Hz  err=-16.157Hz  corr=-339.62W  u_ff=113.4W  PCAP→78W  power=76.4W
[PID] perf=26.994Hz  target=10.850Hz  err=-16.144Hz  corr=-339.38W  u_ff=113.4W  PCAP→78W  power=77.6W
[PID] perf=26.945Hz  target=10.850Hz  err=-16.096Hz  corr=-338.49W  u_ff=113.4W  PCAP→78W  power=77.1W
[PID] perf=26.978Hz  target=10.850Hz  err=-16.128Hz  corr=-339.09W  u_ff=113.4W  PCAP→78W  power=78.6W
[PID] perf=26.963Hz  target=10.850Hz  err=-16.113Hz  corr=-338.81W  u_ff=113.4W  PCAP→78W  power=79.1W
[PID] perf=26.964Hz  target=10.850Hz  err=-16.114Hz  corr=-338.83W  u_ff=113.4W  PCAP→78W  power=79.5W
[PID] perf=26.955Hz  target=10.850Hz  err=-16.105Hz  corr=-338.66W  u_ff=113.4W  PCAP→78W  power=77.0W
[PID] perf=26.967Hz  target=10.850Hz  err=-16.117Hz  corr=-338.89W  u_ff=113.4W  PCAP→78W  power=78.5W
[PID] perf=26.964Hz  target=10.850Hz  err=-16.114Hz  corr=-338.83W  u_ff=113.4W  PCAP→78W  power=77.8W
[PID] perf=27.010Hz  target=10.850Hz  err=-16.160Hz  corr=-339.68W  u_ff=113.4W  PCAP→78W  power=79.2W
[PID] perf=26.998Hz  target=10.850Hz  err=-16.148Hz  corr=-339.46W  u_ff=113.4W  PCAP→78W  power=79.4W
[PID] perf=26.989Hz  target=10.850Hz  err=-16.139Hz  corr=-339.29W  u_ff=113.4W  PCAP→78W  power=78.7W
[PID] perf=27.048Hz  target=10.850Hz  err=-16.198Hz  corr=-340.39W  u_ff=113.4W  PCAP→78W  power=76.6W
[PID] perf=26.822Hz  target=10.850Hz  err=-15.973Hz  corr=-336.21W  u_ff=113.4W  PCAP→78W  power=77.7W
[PID] perf=26.791Hz  target=10.850Hz  err=-15.941Hz  corr=-335.62W  u_ff=113.4W  PCAP→78W  power=77.4W
[PID] perf=26.841Hz  target=10.850Hz  err=-15.991Hz  corr=-336.56W  u_ff=113.4W  PCAP→78W  power=77.0W
[PID] perf=26.836Hz  target=10.850Hz  err=-15.986Hz  corr=-336.46W  u_ff=113.4W  PCAP→78W  power=78.8W
[PID] perf=26.832Hz  target=10.850Hz  err=-15.982Hz  corr=-336.39W  u_ff=113.4W  PCAP→78W  power=78.3W
[PID] perf=26.829Hz  target=10.850Hz  err=-15.979Hz  corr=-336.33W  u_ff=113.4W  PCAP→78W  power=79.3W
[PID] perf=26.842Hz  target=10.850Hz  err=-15.992Hz  corr=-336.56W  u_ff=113.4W  PCAP→78W  power=78.7W
[PID] perf=26.846Hz  target=10.850Hz  err=-15.996Hz  corr=-336.65W  u_ff=113.4W  PCAP→78W  power=77.7W
[PID] perf=26.866Hz  target=10.850Hz  err=-16.017Hz  corr=-337.02W  u_ff=113.4W  PCAP→78W  power=77.2W
[PID] perf=26.897Hz  target=10.850Hz  err=-16.047Hz  corr=-337.59W  u_ff=113.4W  PCAP→78W  power=77.8W
[PID] perf=26.872Hz  target=10.850Hz  err=-16.022Hz  corr=-337.12W  u_ff=113.4W  PCAP→78W  power=77.6W
[PID] perf=26.827Hz  target=10.850Hz  err=-15.978Hz  corr=-336.30W  u_ff=113.4W  PCAP→78W  power=79.3W
[PID] perf=26.860Hz  target=10.850Hz  err=-16.011Hz  corr=-336.91W  u_ff=113.4W  PCAP→78W  power=77.5W
[PID] perf=26.830Hz  target=10.850Hz  err=-15.981Hz  corr=-336.35W  u_ff=113.4W  PCAP→78W  power=77.2W
[PID] perf=26.862Hz  target=10.850Hz  err=-16.012Hz  corr=-336.94W  u_ff=113.4W  PCAP→78W  power=77.8W
[PID] perf=26.846Hz  target=10.850Hz  err=-15.996Hz  corr=-336.64W  u_ff=113.4W  PCAP→78W  power=77.5W
[PID] perf=26.842Hz  target=10.850Hz  err=-15.992Hz  corr=-336.57W  u_ff=113.4W  PCAP→78W  power=77.9W
[PID] perf=26.830Hz  target=10.850Hz  err=-15.980Hz  corr=-336.34W  u_ff=113.4W  PCAP→78W  power=78.6W
[PID] perf=26.823Hz  target=10.850Hz  err=-15.973Hz  corr=-336.22W  u_ff=113.4W  PCAP→78W  power=77.4W
[PID] perf=26.837Hz  target=10.850Hz  err=-15.987Hz  corr=-336.48W  u_ff=113.4W  PCAP→78W  power=78.0W
[PID] perf=26.824Hz  target=10.850Hz  err=-15.974Hz  corr=-336.23W  u_ff=113.4W  PCAP→78W  power=79.4W
[PID] perf=26.791Hz  target=10.850Hz  err=-15.941Hz  corr=-335.62W  u_ff=113.4W  PCAP→78W  power=77.1W
[PID] perf=26.774Hz  target=10.850Hz  err=-15.924Hz  corr=-335.31W  u_ff=113.4W  PCAP→78W  power=77.1W
[PID] perf=26.776Hz  target=10.850Hz  err=-15.926Hz  corr=-335.35W  u_ff=113.4W  PCAP→78W  power=77.9W
[PID] perf=26.809Hz  target=10.850Hz  err=-15.959Hz  corr=-335.95W  u_ff=113.4W  PCAP→78W  power=77.1W
[PID] perf=26.800Hz  target=10.850Hz  err=-15.950Hz  corr=-335.80W  u_ff=113.4W  PCAP→78W  power=77.1W
[PID] perf=26.803Hz  target=10.850Hz  err=-15.953Hz  corr=-335.85W  u_ff=113.4W  PCAP→78W  power=79.2W
[PID] perf=26.818Hz  target=10.850Hz  err=-15.968Hz  corr=-336.12W  u_ff=113.4W  PCAP→78W  power=79.0W
[PID] perf=26.804Hz  target=10.850Hz  err=-15.954Hz  corr=-335.86W  u_ff=113.4W  PCAP→78W  power=78.5W
[PID] perf=26.810Hz  target=10.850Hz  err=-15.960Hz  corr=-335.97W  u_ff=113.4W  PCAP→78W  power=79.0W
[PID] perf=26.805Hz  target=10.850Hz  err=-15.955Hz  corr=-335.88W  u_ff=113.4W  PCAP→78W  power=78.1W
[PID] perf=26.837Hz  target=10.850Hz  err=-15.987Hz  corr=-336.47W  u_ff=113.4W  PCAP→78W  power=77.7W
[PID] perf=26.094Hz  target=10.850Hz  err=-15.244Hz  corr=-322.69W  u_ff=113.4W  PCAP→78W  power=77.5W
[PID] perf=26.089Hz  target=10.850Hz  err=-15.239Hz  corr=-322.60W  u_ff=113.4W  PCAP→78W  power=77.0W
[PID] perf=26.128Hz  target=10.850Hz  err=-15.278Hz  corr=-323.33W  u_ff=113.4W  PCAP→78W  power=77.6W
[PID] perf=26.138Hz  target=10.850Hz  err=-15.288Hz  corr=-323.52W  u_ff=113.4W  PCAP→78W  power=77.2W
[PID] perf=26.172Hz  target=10.850Hz  err=-15.322Hz  corr=-324.14W  u_ff=113.4W  PCAP→78W  power=76.8W
[PID] perf=26.180Hz  target=10.850Hz  err=-15.330Hz  corr=-324.29W  u_ff=113.4W  PCAP→78W  power=76.3W
[PID] perf=26.104Hz  target=10.850Hz  err=-15.255Hz  corr=-322.89W  u_ff=113.4W  PCAP→78W  power=77.0W
[PID] perf=26.128Hz  target=10.850Hz  err=-15.278Hz  corr=-323.33W  u_ff=113.4W  PCAP→78W  power=77.1W
[PID] perf=26.143Hz  target=10.850Hz  err=-15.293Hz  corr=-323.60W  u_ff=113.4W  PCAP→78W  power=78.4W
[PID] perf=26.160Hz  target=10.850Hz  err=-15.310Hz  corr=-323.92W  u_ff=113.4W  PCAP→78W  power=78.6W
[PID] perf=26.159Hz  target=10.850Hz  err=-15.310Hz  corr=-323.91W  u_ff=113.4W  PCAP→78W  power=78.3W
[PID] perf=26.166Hz  target=10.850Hz  err=-15.317Hz  corr=-324.04W  u_ff=113.4W  PCAP→78W  power=79.5W
[PID] perf=26.165Hz  target=10.850Hz  err=-15.315Hz  corr=-324.01W  u_ff=113.4W  PCAP→78W  power=77.7W
[PID] perf=26.155Hz  target=10.850Hz  err=-15.305Hz  corr=-323.82W  u_ff=113.4W  PCAP→78W  power=77.4W
[PID] perf=26.144Hz  target=10.850Hz  err=-15.294Hz  corr=-323.62W  u_ff=113.4W  PCAP→78W  power=77.9W
[PID] perf=26.180Hz  target=10.850Hz  err=-15.330Hz  corr=-324.29W  u_ff=113.4W  PCAP→78W  power=77.5W
[PID] perf=26.144Hz  target=10.850Hz  err=-15.294Hz  corr=-323.63W  u_ff=113.4W  PCAP→78W  power=77.2W
[PID] perf=26.085Hz  target=10.850Hz  err=-15.235Hz  corr=-322.54W  u_ff=113.4W  PCAP→78W  power=76.6W
[PID] perf=26.156Hz  target=10.850Hz  err=-15.307Hz  corr=-323.86W  u_ff=113.4W  PCAP→78W  power=78.6W
[PID] perf=26.153Hz  target=10.850Hz  err=-15.304Hz  corr=-323.80W  u_ff=113.4W  PCAP→78W  power=79.2W
[PID] perf=26.142Hz  target=10.850Hz  err=-15.293Hz  corr=-323.60W  u_ff=113.4W  PCAP→78W  power=77.3W
[PID] perf=26.109Hz  target=10.850Hz  err=-15.259Hz  corr=-322.97W  u_ff=113.4W  PCAP→78W  power=77.2W
[PID] perf=26.131Hz  target=10.850Hz  err=-15.281Hz  corr=-323.39W  u_ff=113.4W  PCAP→78W  power=77.1W
[PID] perf=26.136Hz  target=10.850Hz  err=-15.286Hz  corr=-323.47W  u_ff=113.4W  PCAP→78W  power=77.4W
[PID] perf=26.140Hz  target=10.850Hz  err=-15.290Hz  corr=-323.55W  u_ff=113.4W  PCAP→78W  power=77.5W
[PID] perf=26.143Hz  target=10.850Hz  err=-15.294Hz  corr=-323.61W  u_ff=113.4W  PCAP→78W  power=78.0W
[PID] perf=26.159Hz  target=10.850Hz  err=-15.309Hz  corr=-323.90W  u_ff=113.4W  PCAP→78W  power=78.5W
[PID] perf=26.139Hz  target=10.850Hz  err=-15.290Hz  corr=-323.54W  u_ff=113.4W  PCAP→78W  power=79.1W
[PID] perf=26.164Hz  target=10.850Hz  err=-15.314Hz  corr=-323.99W  u_ff=113.4W  PCAP→78W  power=78.6W
[PID] perf=26.182Hz  target=10.850Hz  err=-15.332Hz  corr=-324.32W  u_ff=113.4W  PCAP→78W  power=78.4W
[PID] perf=26.127Hz  target=10.850Hz  err=-15.277Hz  corr=-323.31W  u_ff=113.4W  PCAP→78W  power=77.6W
[PID] perf=26.178Hz  target=10.850Hz  err=-15.328Hz  corr=-324.25W  u_ff=113.4W  PCAP→78W  power=77.8W
[PID] perf=26.181Hz  target=10.850Hz  err=-15.331Hz  corr=-324.31W  u_ff=113.4W  PCAP→78W  power=76.9W
[PID] perf=26.143Hz  target=10.850Hz  err=-15.293Hz  corr=-323.60W  u_ff=113.4W  PCAP→78W  power=77.2W
[PID] perf=26.201Hz  target=10.850Hz  err=-15.352Hz  corr=-324.69W  u_ff=113.4W  PCAP→78W  power=77.6W
[PID] perf=26.208Hz  target=10.850Hz  err=-15.358Hz  corr=-324.82W  u_ff=113.4W  PCAP→78W  power=77.1W
[PID] perf=26.209Hz  target=10.850Hz  err=-15.359Hz  corr=-324.83W  u_ff=113.4W  PCAP→78W  power=78.0W
[PID] perf=26.235Hz  target=10.850Hz  err=-15.385Hz  corr=-325.31W  u_ff=113.4W  PCAP→78W  power=78.5W
[PID] perf=26.205Hz  target=10.850Hz  err=-15.355Hz  corr=-324.76W  u_ff=113.4W  PCAP→78W  power=78.7W
[PID] perf=26.229Hz  target=10.850Hz  err=-15.379Hz  corr=-325.20W  u_ff=113.4W  PCAP→78W  power=78.2W
[PID] perf=26.179Hz  target=10.850Hz  err=-15.329Hz  corr=-324.28W  u_ff=113.4W  PCAP→78W  power=78.9W
[PID] perf=26.195Hz  target=10.850Hz  err=-15.345Hz  corr=-324.57W  u_ff=113.4W  PCAP→78W  power=78.8W
[PID] perf=26.186Hz  target=10.850Hz  err=-15.336Hz  corr=-324.40W  u_ff=113.4W  PCAP→78W  power=79.3W
[PID] perf=26.199Hz  target=10.850Hz  err=-15.349Hz  corr=-324.64W  u_ff=113.4W  PCAP→78W  power=78.4W
[PID] perf=26.215Hz  target=10.850Hz  err=-15.365Hz  corr=-324.94W  u_ff=113.4W  PCAP→78W  power=77.8W
[PID] perf=26.207Hz  target=10.850Hz  err=-15.357Hz  corr=-324.80W  u_ff=113.4W  PCAP→78W  power=78.0W
[PID] perf=26.199Hz  target=10.850Hz  err=-15.350Hz  corr=-324.65W  u_ff=113.4W  PCAP→78W  power=77.3W
[PID] perf=26.188Hz  target=10.850Hz  err=-15.338Hz  corr=-324.44W  u_ff=113.4W  PCAP→78W  power=77.5W
[PID] perf=26.185Hz  target=10.850Hz  err=-15.335Hz  corr=-324.39W  u_ff=113.4W  PCAP→78W  power=78.3W
[PID] perf=26.184Hz  target=10.850Hz  err=-15.335Hz  corr=-324.38W  u_ff=113.4W  PCAP→78W  power=77.2W
[PID] perf=26.179Hz  target=10.850Hz  err=-15.329Hz  corr=-324.27W  u_ff=113.4W  PCAP→78W  power=79.3W
[PID] perf=26.216Hz  target=10.850Hz  err=-15.367Hz  corr=-324.97W  u_ff=113.4W  PCAP→78W  power=79.5W
[PID] perf=26.167Hz  target=10.850Hz  err=-15.317Hz  corr=-324.05W  u_ff=113.4W  PCAP→78W  power=77.1W
[PID] perf=26.168Hz  target=10.850Hz  err=-15.318Hz  corr=-324.07W  u_ff=113.4W  PCAP→78W  power=77.6W
[PID] perf=26.194Hz  target=10.850Hz  err=-15.344Hz  corr=-324.55W  u_ff=113.4W  PCAP→78W  power=76.9W
[PID] perf=26.158Hz  target=10.850Hz  err=-15.308Hz  corr=-323.89W  u_ff=113.4W  PCAP→78W  power=76.4W
[PID] perf=26.193Hz  target=10.850Hz  err=-15.343Hz  corr=-324.53W  u_ff=113.4W  PCAP→78W  power=76.9W
[PID] perf=26.229Hz  target=10.850Hz  err=-15.380Hz  corr=-325.21W  u_ff=113.4W  PCAP→78W  power=77.2W
[PID] perf=26.217Hz  target=10.850Hz  err=-15.367Hz  corr=-324.98W  u_ff=113.4W  PCAP→78W  power=77.3W
[PID] perf=26.209Hz  target=10.850Hz  err=-15.359Hz  corr=-324.82W  u_ff=113.4W  PCAP→78W  power=77.4W
[PID] perf=26.230Hz  target=10.850Hz  err=-15.380Hz  corr=-325.22W  u_ff=113.4W  PCAP→78W  power=77.9W
[PID] perf=26.201Hz  target=10.850Hz  err=-15.351Hz  corr=-324.68W  u_ff=113.4W  PCAP→78W  power=79.6W
[PID] perf=26.239Hz  target=10.850Hz  err=-15.389Hz  corr=-325.38W  u_ff=113.4W  PCAP→78W  power=78.9W
[PID] perf=26.246Hz  target=10.850Hz  err=-15.396Hz  corr=-325.51W  u_ff=113.4W  PCAP→78W  power=78.7W
[PID] perf=26.208Hz  target=10.850Hz  err=-15.358Hz  corr=-324.82W  u_ff=113.4W  PCAP→78W  power=77.2W
[PID] perf=26.235Hz  target=10.850Hz  err=-15.385Hz  corr=-325.32W  u_ff=113.4W  PCAP→78W  power=77.1W
[PID] perf=26.181Hz  target=10.850Hz  err=-15.331Hz  corr=-324.31W  u_ff=113.4W  PCAP→78W  power=77.1W
[PID] perf=26.228Hz  target=10.850Hz  err=-15.378Hz  corr=-325.18W  u_ff=113.4W  PCAP→78W  power=77.8W
[PID] perf=26.186Hz  target=10.850Hz  err=-15.336Hz  corr=-324.40W  u_ff=113.4W  PCAP→78W  power=79.1W
[PID] perf=26.176Hz  target=10.850Hz  err=-15.327Hz  corr=-324.23W  u_ff=113.4W  PCAP→78W  power=79.0W
[PID] perf=26.205Hz  target=10.850Hz  err=-15.355Hz  corr=-324.76W  u_ff=113.4W  PCAP→78W  power=78.6W
[PID] perf=26.216Hz  target=10.850Hz  err=-15.366Hz  corr=-324.96W  u_ff=113.4W  PCAP→78W  power=78.0W
[PID] perf=26.225Hz  target=10.850Hz  err=-15.375Hz  corr=-325.13W  u_ff=113.4W  PCAP→78W  power=79.3W
[PID] perf=26.235Hz  target=10.850Hz  err=-15.385Hz  corr=-325.31W  u_ff=113.4W  PCAP→78W  power=78.0W
[PID] perf=26.227Hz  target=10.850Hz  err=-15.377Hz  corr=-325.17W  u_ff=113.4W  PCAP→78W  power=77.2W
[PID] perf=26.220Hz  target=10.850Hz  err=-15.370Hz  corr=-325.03W  u_ff=113.4W  PCAP→78W  power=77.1W
[PID] perf=26.231Hz  target=10.850Hz  err=-15.381Hz  corr=-325.24W  u_ff=113.4W  PCAP→78W  power=78.6W
[PID] perf=26.207Hz  target=10.850Hz  err=-15.357Hz  corr=-324.78W  u_ff=113.4W  PCAP→78W  power=78.8W
[PID] perf=26.209Hz  target=10.850Hz  err=-15.359Hz  corr=-324.84W  u_ff=113.4W  PCAP→78W  power=78.7W
[PID] perf=26.238Hz  target=10.850Hz  err=-15.388Hz  corr=-325.36W  u_ff=113.4W  PCAP→78W  power=77.4W
[PID] perf=26.074Hz  target=10.850Hz  err=-15.224Hz  corr=-322.32W  u_ff=113.4W  PCAP→78W  power=78.0W
[PID] perf=26.043Hz  target=10.850Hz  err=-15.193Hz  corr=-321.75W  u_ff=113.4W  PCAP→78W  power=77.0W
[PID] perf=26.084Hz  target=10.850Hz  err=-15.234Hz  corr=-322.51W  u_ff=113.4W  PCAP→78W  power=77.6W
[PID] perf=26.050Hz  target=10.850Hz  err=-15.200Hz  corr=-321.88W  u_ff=113.4W  PCAP→78W  power=76.8W
[PID] perf=26.033Hz  target=10.850Hz  err=-15.183Hz  corr=-321.57W  u_ff=113.4W  PCAP→78W  power=77.3W
[PID] perf=26.002Hz  target=10.850Hz  err=-15.152Hz  corr=-320.99W  u_ff=113.4W  PCAP→78W  power=78.0W
[PID] perf=26.008Hz  target=10.850Hz  err=-15.158Hz  corr=-321.10W  u_ff=113.4W  PCAP→78W  power=78.7W
[PID] perf=26.015Hz  target=10.850Hz  err=-15.165Hz  corr=-321.23W  u_ff=113.4W  PCAP→78W  power=78.8W
[PID] perf=26.001Hz  target=10.850Hz  err=-15.152Hz  corr=-320.98W  u_ff=113.4W  PCAP→78W  power=78.3W
[PID] perf=26.020Hz  target=10.850Hz  err=-15.171Hz  corr=-321.33W  u_ff=113.4W  PCAP→78W  power=77.7W
[PID] perf=26.022Hz  target=10.850Hz  err=-15.172Hz  corr=-321.36W  u_ff=113.4W  PCAP→78W  power=78.5W
[PID] perf=25.947Hz  target=10.850Hz  err=-15.097Hz  corr=-319.97W  u_ff=113.4W  PCAP→78W  power=78.4W
[PID] perf=25.959Hz  target=10.850Hz  err=-15.109Hz  corr=-320.20W  u_ff=113.4W  PCAP→78W  power=78.6W
[PID] perf=25.989Hz  target=10.850Hz  err=-15.139Hz  corr=-320.76W  u_ff=113.4W  PCAP→78W  power=76.4W
[PID] perf=25.977Hz  target=10.850Hz  err=-15.127Hz  corr=-320.53W  u_ff=113.4W  PCAP→78W  power=78.9W
[PID] perf=25.952Hz  target=10.850Hz  err=-15.102Hz  corr=-320.06W  u_ff=113.4W  PCAP→78W  power=77.5W
[PID] perf=25.801Hz  target=10.850Hz  err=-14.951Hz  corr=-317.26W  u_ff=113.4W  PCAP→78W  power=77.6W
[PID] perf=25.802Hz  target=10.850Hz  err=-14.952Hz  corr=-317.28W  u_ff=113.4W  PCAP→78W  power=77.3W
[PID] perf=25.856Hz  target=10.850Hz  err=-15.006Hz  corr=-318.29W  u_ff=113.4W  PCAP→78W  power=77.9W
[PID] perf=25.849Hz  target=10.850Hz  err=-14.999Hz  corr=-318.16W  u_ff=113.4W  PCAP→78W  power=77.1W
[PID] perf=25.852Hz  target=10.850Hz  err=-15.002Hz  corr=-318.21W  u_ff=113.4W  PCAP→78W  power=76.5W
[PID] perf=25.823Hz  target=10.850Hz  err=-14.973Hz  corr=-317.67W  u_ff=113.4W  PCAP→78W  power=77.3W
[PID] perf=25.798Hz  target=10.850Hz  err=-14.948Hz  corr=-317.20W  u_ff=113.4W  PCAP→78W  power=76.2W
[PID] perf=25.673Hz  target=10.850Hz  err=-14.823Hz  corr=-314.88W  u_ff=113.4W  PCAP→78W  power=78.3W
[PID] perf=25.756Hz  target=10.850Hz  err=-14.906Hz  corr=-316.43W  u_ff=113.4W  PCAP→78W  power=76.2W
[PID] perf=25.726Hz  target=10.850Hz  err=-14.876Hz  corr=-315.87W  u_ff=113.4W  PCAP→78W  power=78.0W
[PID] perf=25.755Hz  target=10.850Hz  err=-14.905Hz  corr=-316.41W  u_ff=113.4W  PCAP→78W  power=78.6W
[PID] perf=25.759Hz  target=10.850Hz  err=-14.909Hz  corr=-316.48W  u_ff=113.4W  PCAP→78W  power=78.2W
[PID] perf=25.728Hz  target=10.850Hz  err=-14.878Hz  corr=-315.90W  u_ff=113.4W  PCAP→78W  power=78.2W
[PID] perf=25.701Hz  target=10.850Hz  err=-14.851Hz  corr=-315.41W  u_ff=113.4W  PCAP→78W  power=77.8W
[PID] perf=25.736Hz  target=10.850Hz  err=-14.886Hz  corr=-316.06W  u_ff=113.4W  PCAP→78W  power=77.2W
[PID] perf=25.689Hz  target=10.850Hz  err=-14.839Hz  corr=-315.18W  u_ff=113.4W  PCAP→78W  power=77.7W
[PID] perf=25.746Hz  target=10.850Hz  err=-14.896Hz  corr=-316.25W  u_ff=113.4W  PCAP→78W  power=77.3W
[PID] perf=25.730Hz  target=10.850Hz  err=-14.881Hz  corr=-315.95W  u_ff=113.4W  PCAP→78W  power=76.7W
[PID] perf=25.720Hz  target=10.850Hz  err=-14.870Hz  corr=-315.76W  u_ff=113.4W  PCAP→78W  power=79.1W
[PID] perf=25.725Hz  target=10.850Hz  err=-14.875Hz  corr=-315.85W  u_ff=113.4W  PCAP→78W  power=77.0W
[PID] perf=25.722Hz  target=10.850Hz  err=-14.872Hz  corr=-315.80W  u_ff=113.4W  PCAP→78W  power=76.0W
[PID] perf=25.719Hz  target=10.850Hz  err=-14.869Hz  corr=-315.74W  u_ff=113.4W  PCAP→78W  power=78.9W
[PID] perf=25.728Hz  target=10.850Hz  err=-14.878Hz  corr=-315.92W  u_ff=113.4W  PCAP→78W  power=77.8W
[PID] perf=25.710Hz  target=10.850Hz  err=-14.860Hz  corr=-315.58W  u_ff=113.4W  PCAP→78W  power=77.6W
[PID] perf=25.755Hz  target=10.850Hz  err=-14.905Hz  corr=-316.41W  u_ff=113.4W  PCAP→78W  power=78.3W
[PID] perf=25.708Hz  target=10.850Hz  err=-14.858Hz  corr=-315.53W  u_ff=113.4W  PCAP→78W  power=78.0W
[PID] perf=25.732Hz  target=10.850Hz  err=-14.882Hz  corr=-315.99W  u_ff=113.4W  PCAP→78W  power=78.1W
[PID] perf=25.738Hz  target=10.850Hz  err=-14.888Hz  corr=-316.09W  u_ff=113.4W  PCAP→78W  power=79.0W
[PID] perf=25.771Hz  target=10.850Hz  err=-14.922Hz  corr=-316.72W  u_ff=113.4W  PCAP→78W  power=77.6W
[PID] perf=25.757Hz  target=10.850Hz  err=-14.907Hz  corr=-316.45W  u_ff=113.4W  PCAP→78W  power=78.9W
[PID] perf=25.746Hz  target=10.850Hz  err=-14.896Hz  corr=-316.24W  u_ff=113.4W  PCAP→78W  power=77.3W
[PID] perf=25.741Hz  target=10.850Hz  err=-14.892Hz  corr=-316.16W  u_ff=113.4W  PCAP→78W  power=77.2W
[PID] perf=25.711Hz  target=10.850Hz  err=-14.861Hz  corr=-315.60W  u_ff=113.4W  PCAP→78W  power=78.6W
[PID] perf=25.731Hz  target=10.850Hz  err=-14.881Hz  corr=-315.96W  u_ff=113.4W  PCAP→78W  power=78.4W
[PID] perf=25.728Hz  target=10.850Hz  err=-14.879Hz  corr=-315.92W  u_ff=113.4W  PCAP→78W  power=76.2W
[PID] perf=25.721Hz  target=10.850Hz  err=-14.871Hz  corr=-315.78W  u_ff=113.4W  PCAP→78W  power=76.3W
[PID] perf=25.458Hz  target=10.850Hz  err=-14.608Hz  corr=-310.90W  u_ff=113.4W  PCAP→78W  power=76.5W
[PID] perf=25.509Hz  target=10.850Hz  err=-14.660Hz  corr=-311.86W  u_ff=113.4W  PCAP→78W  power=77.6W
[PID] perf=25.516Hz  target=10.850Hz  err=-14.666Hz  corr=-311.97W  u_ff=113.4W  PCAP→78W  power=78.8W
[PID] perf=25.518Hz  target=10.850Hz  err=-14.668Hz  corr=-312.01W  u_ff=113.4W  PCAP→78W  power=78.8W
[PID] perf=25.535Hz  target=10.850Hz  err=-14.686Hz  corr=-312.34W  u_ff=113.4W  PCAP→78W  power=79.0W
[PID] perf=25.528Hz  target=10.850Hz  err=-14.679Hz  corr=-312.21W  u_ff=113.4W  PCAP→78W  power=79.2W
[PID] perf=25.536Hz  target=10.850Hz  err=-14.686Hz  corr=-312.35W  u_ff=113.4W  PCAP→78W  power=78.1W
[PID] perf=25.544Hz  target=10.850Hz  err=-14.694Hz  corr=-312.50W  u_ff=113.4W  PCAP→78W  power=79.0W
[PID] perf=25.543Hz  target=10.850Hz  err=-14.693Hz  corr=-312.48W  u_ff=113.4W  PCAP→78W  power=78.1W
[PID] perf=25.557Hz  target=10.850Hz  err=-14.707Hz  corr=-312.74W  u_ff=113.4W  PCAP→78W  power=77.0W
[PID] perf=25.525Hz  target=10.850Hz  err=-14.675Hz  corr=-312.14W  u_ff=113.4W  PCAP→78W  power=77.3W
[PID] perf=25.541Hz  target=10.850Hz  err=-14.691Hz  corr=-312.43W  u_ff=113.4W  PCAP→78W  power=79.2W
[PID] perf=25.453Hz  target=10.850Hz  err=-14.603Hz  corr=-310.81W  u_ff=113.4W  PCAP→78W  power=77.2W
[PID] perf=25.618Hz  target=10.850Hz  err=-14.768Hz  corr=-313.87W  u_ff=113.4W  PCAP→78W  power=77.9W
[PID] perf=25.698Hz  target=10.850Hz  err=-14.848Hz  corr=-315.35W  u_ff=113.4W  PCAP→78W  power=79.0W
[PID] perf=25.730Hz  target=10.850Hz  err=-14.880Hz  corr=-315.95W  u_ff=113.4W  PCAP→78W  power=79.0W
[PID] perf=25.748Hz  target=10.850Hz  err=-14.898Hz  corr=-316.27W  u_ff=113.4W  PCAP→78W  power=76.6W
[PID] perf=25.738Hz  target=10.850Hz  err=-14.888Hz  corr=-316.09W  u_ff=113.4W  PCAP→78W  power=77.3W
[PID] perf=25.740Hz  target=10.850Hz  err=-14.891Hz  corr=-316.14W  u_ff=113.4W  PCAP→78W  power=77.9W
[PID] perf=25.750Hz  target=10.850Hz  err=-14.900Hz  corr=-316.31W  u_ff=113.4W  PCAP→78W  power=76.9W
[PID] perf=25.755Hz  target=10.850Hz  err=-14.905Hz  corr=-316.40W  u_ff=113.4W  PCAP→78W  power=76.0W
[PID] perf=25.800Hz  target=10.850Hz  err=-14.950Hz  corr=-317.25W  u_ff=113.4W  PCAP→78W  power=77.6W
[PID] perf=25.790Hz  target=10.850Hz  err=-14.940Hz  corr=-317.05W  u_ff=113.4W  PCAP→78W  power=76.3W
[PID] perf=25.667Hz  target=10.850Hz  err=-14.817Hz  corr=-314.79W  u_ff=113.4W  PCAP→78W  power=76.7W
[PID] perf=25.771Hz  target=10.850Hz  err=-14.921Hz  corr=-316.71W  u_ff=113.4W  PCAP→78W  power=77.7W
[PID] perf=25.799Hz  target=10.850Hz  err=-14.949Hz  corr=-317.22W  u_ff=113.4W  PCAP→78W  power=77.0W
[PID] perf=25.803Hz  target=10.850Hz  err=-14.953Hz  corr=-317.31W  u_ff=113.4W  PCAP→78W  power=78.7W
[PID] perf=25.741Hz  target=10.850Hz  err=-14.891Hz  corr=-316.15W  u_ff=113.4W  PCAP→78W  power=77.2W
[PID] perf=25.791Hz  target=10.850Hz  err=-14.941Hz  corr=-317.08W  u_ff=113.4W  PCAP→78W  power=78.8W
[PID] perf=25.769Hz  target=10.850Hz  err=-14.919Hz  corr=-316.67W  u_ff=113.4W  PCAP→78W  power=78.1W
[PID] perf=25.778Hz  target=10.850Hz  err=-14.928Hz  corr=-316.83W  u_ff=113.4W  PCAP→78W  power=76.1W
[PID] perf=25.792Hz  target=10.850Hz  err=-14.943Hz  corr=-317.11W  u_ff=113.4W  PCAP→78W  power=78.7W
[PID] perf=25.826Hz  target=10.850Hz  err=-14.976Hz  corr=-317.72W  u_ff=113.4W  PCAP→78W  power=78.9W
[PID] perf=25.820Hz  target=10.850Hz  err=-14.971Hz  corr=-317.63W  u_ff=113.4W  PCAP→78W  power=78.6W
[PID] perf=25.834Hz  target=10.850Hz  err=-14.984Hz  corr=-317.88W  u_ff=113.4W  PCAP→78W  power=77.7W
[PID] perf=25.840Hz  target=10.850Hz  err=-14.990Hz  corr=-317.98W  u_ff=113.4W  PCAP→78W  power=78.4W
[PID] perf=25.809Hz  target=10.850Hz  err=-14.960Hz  corr=-317.42W  u_ff=113.4W  PCAP→78W  power=78.4W
[PID] perf=25.876Hz  target=10.850Hz  err=-15.027Hz  corr=-318.66W  u_ff=113.4W  PCAP→78W  power=78.7W
[PID] perf=25.860Hz  target=10.850Hz  err=-15.010Hz  corr=-318.35W  u_ff=113.4W  PCAP→78W  power=78.5W
[PID] perf=25.801Hz  target=10.850Hz  err=-14.951Hz  corr=-317.26W  u_ff=113.4W  PCAP→78W  power=78.9W
[PID] perf=25.825Hz  target=10.850Hz  err=-14.976Hz  corr=-317.72W  u_ff=113.4W  PCAP→78W  power=78.6W
[PID] perf=25.822Hz  target=10.850Hz  err=-14.972Hz  corr=-317.65W  u_ff=113.4W  PCAP→78W  power=76.4W
[PID] perf=25.810Hz  target=10.850Hz  err=-14.960Hz  corr=-317.43W  u_ff=113.4W  PCAP→78W  power=77.7W
[PID] perf=25.841Hz  target=10.850Hz  err=-14.992Hz  corr=-318.01W  u_ff=113.4W  PCAP→78W  power=79.3W
[PID] perf=25.833Hz  target=10.850Hz  err=-14.983Hz  corr=-317.85W  u_ff=113.4W  PCAP→78W  power=78.3W
[PID] perf=25.886Hz  target=10.850Hz  err=-15.036Hz  corr=-318.85W  u_ff=113.4W  PCAP→78W  power=76.8W
[PID] perf=25.883Hz  target=10.850Hz  err=-15.033Hz  corr=-318.79W  u_ff=113.4W  PCAP→78W  power=77.4W
[PID] perf=25.893Hz  target=10.850Hz  err=-15.043Hz  corr=-318.97W  u_ff=113.4W  PCAP→78W  power=77.3W
[PID] perf=25.881Hz  target=10.850Hz  err=-15.032Hz  corr=-318.75W  u_ff=113.4W  PCAP→78W  power=77.5W
[PID] perf=25.874Hz  target=10.850Hz  err=-15.025Hz  corr=-318.62W  u_ff=113.4W  PCAP→78W  power=79.0W
[PID] perf=25.850Hz  target=10.850Hz  err=-15.000Hz  corr=-318.16W  u_ff=113.4W  PCAP→78W  power=79.6W
[PID] perf=25.877Hz  target=10.850Hz  err=-15.027Hz  corr=-318.68W  u_ff=113.4W  PCAP→78W  power=79.0W
[PID] perf=25.824Hz  target=10.850Hz  err=-14.974Hz  corr=-317.69W  u_ff=113.4W  PCAP→78W  power=79.5W
[PID] perf=25.865Hz  target=10.850Hz  err=-15.015Hz  corr=-318.46W  u_ff=113.4W  PCAP→78W  power=76.2W
[PID] perf=25.877Hz  target=10.850Hz  err=-15.027Hz  corr=-318.67W  u_ff=113.4W  PCAP→78W  power=78.9W
[PID] perf=25.867Hz  target=10.850Hz  err=-15.017Hz  corr=-318.49W  u_ff=113.4W  PCAP→78W  power=78.9W
[PID] perf=25.854Hz  target=10.850Hz  err=-15.004Hz  corr=-318.24W  u_ff=113.4W  PCAP→78W  power=79.5W
[PID] perf=25.865Hz  target=10.850Hz  err=-15.016Hz  corr=-318.46W  u_ff=113.4W  PCAP→78W  power=78.3W
[PID] perf=25.871Hz  target=10.850Hz  err=-15.021Hz  corr=-318.55W  u_ff=113.4W  PCAP→78W  power=78.7W
[PID] perf=25.868Hz  target=10.850Hz  err=-15.018Hz  corr=-318.51W  u_ff=113.4W  PCAP→78W  power=79.2W
[PID] perf=25.863Hz  target=10.850Hz  err=-15.013Hz  corr=-318.41W  u_ff=113.4W  PCAP→78W  power=78.9W
[PID] perf=25.832Hz  target=10.850Hz  err=-14.982Hz  corr=-317.84W  u_ff=113.4W  PCAP→78W  power=78.0W
[PID] perf=25.841Hz  target=10.850Hz  err=-14.991Hz  corr=-318.00W  u_ff=113.4W  PCAP→78W  power=78.9W
[PID] perf=25.844Hz  target=10.850Hz  err=-14.994Hz  corr=-318.07W  u_ff=113.4W  PCAP→78W  power=76.3W
[PID] perf=25.859Hz  target=10.850Hz  err=-15.009Hz  corr=-318.34W  u_ff=113.4W  PCAP→78W  power=78.9W
[PID] perf=25.829Hz  target=10.850Hz  err=-14.979Hz  corr=-317.78W  u_ff=113.4W  PCAP→78W  power=76.6W
[PID] perf=25.835Hz  target=10.850Hz  err=-14.985Hz  corr=-317.89W  u_ff=113.4W  PCAP→78W  power=77.3W
[PID] perf=25.836Hz  target=10.850Hz  err=-14.986Hz  corr=-317.91W  u_ff=113.4W  PCAP→78W  power=77.4W
[PID] perf=25.848Hz  target=10.850Hz  err=-14.998Hz  corr=-318.14W  u_ff=113.4W  PCAP→78W  power=78.9W
[PID] perf=25.866Hz  target=10.850Hz  err=-15.016Hz  corr=-318.47W  u_ff=113.4W  PCAP→78W  power=78.4W
[PID] perf=25.862Hz  target=10.850Hz  err=-15.012Hz  corr=-318.39W  u_ff=113.4W  PCAP→78W  power=78.8W
[PID] perf=25.848Hz  target=10.850Hz  err=-14.998Hz  corr=-318.13W  u_ff=113.4W  PCAP→78W  power=76.9W
[PID] perf=25.875Hz  target=10.850Hz  err=-15.025Hz  corr=-318.64W  u_ff=113.4W  PCAP→78W  power=78.9W
[PID] perf=25.851Hz  target=10.850Hz  err=-15.001Hz  corr=-318.19W  u_ff=113.4W  PCAP→78W  power=77.5W
[PID] perf=25.838Hz  target=10.850Hz  err=-14.988Hz  corr=-317.95W  u_ff=113.4W  PCAP→78W  power=78.0W
[PID] perf=25.810Hz  target=10.850Hz  err=-14.960Hz  corr=-317.42W  u_ff=113.4W  PCAP→78W  power=78.2W
[PID] perf=25.833Hz  target=10.850Hz  err=-14.983Hz  corr=-317.86W  u_ff=113.4W  PCAP→78W  power=77.9W
[PID] perf=25.858Hz  target=10.850Hz  err=-15.009Hz  corr=-318.33W  u_ff=113.4W  PCAP→78W  power=78.3W
[PID] perf=25.858Hz  target=10.850Hz  err=-15.008Hz  corr=-318.32W  u_ff=113.4W  PCAP→78W  power=79.1W
[PID] perf=25.824Hz  target=10.850Hz  err=-14.974Hz  corr=-317.68W  u_ff=113.4W  PCAP→78W  power=78.9W
[PID] perf=25.820Hz  target=10.850Hz  err=-14.970Hz  corr=-317.61W  u_ff=113.4W  PCAP→78W  power=78.9W
[PID] perf=25.814Hz  target=10.850Hz  err=-14.964Hz  corr=-317.51W  u_ff=113.4W  PCAP→78W  power=78.3W
[PID] perf=25.832Hz  target=10.850Hz  err=-14.982Hz  corr=-317.83W  u_ff=113.4W  PCAP→78W  power=78.7W
[PID] perf=25.837Hz  target=10.850Hz  err=-14.988Hz  corr=-317.94W  u_ff=113.4W  PCAP→78W  power=79.0W
[PID] perf=25.828Hz  target=10.850Hz  err=-14.978Hz  corr=-317.76W  u_ff=113.4W  PCAP→78W  power=77.2W
[PID] perf=25.848Hz  target=10.850Hz  err=-14.999Hz  corr=-318.14W  u_ff=113.4W  PCAP→78W  power=77.7W
[PID] perf=25.835Hz  target=10.850Hz  err=-14.985Hz  corr=-317.90W  u_ff=113.4W  PCAP→78W  power=77.5W
[PID] perf=25.813Hz  target=10.850Hz  err=-14.963Hz  corr=-317.49W  u_ff=113.4W  PCAP→78W  power=76.7W
[PID] perf=25.802Hz  target=10.850Hz  err=-14.952Hz  corr=-317.28W  u_ff=113.4W  PCAP→78W  power=77.2W
[PID] perf=25.842Hz  target=10.850Hz  err=-14.992Hz  corr=-318.03W  u_ff=113.4W  PCAP→78W  power=78.0W
[PID] perf=25.852Hz  target=10.850Hz  err=-15.002Hz  corr=-318.21W  u_ff=113.4W  PCAP→78W  power=77.2W
[PID] perf=25.841Hz  target=10.850Hz  err=-14.991Hz  corr=-318.00W  u_ff=113.4W  PCAP→78W  power=78.3W
[PID] perf=25.792Hz  target=10.850Hz  err=-14.942Hz  corr=-317.10W  u_ff=113.4W  PCAP→78W  power=78.1W
[PID] perf=25.846Hz  target=10.850Hz  err=-14.997Hz  corr=-318.11W  u_ff=113.4W  PCAP→78W  power=77.3W
[PID] perf=25.814Hz  target=10.850Hz  err=-14.964Hz  corr=-317.50W  u_ff=113.4W  PCAP→78W  power=76.6W
[PID] perf=25.836Hz  target=10.850Hz  err=-14.986Hz  corr=-317.91W  u_ff=113.4W  PCAP→78W  power=78.1W
[PID] perf=25.848Hz  target=10.850Hz  err=-14.998Hz  corr=-318.13W  u_ff=113.4W  PCAP→78W  power=77.8W
[PID] perf=25.864Hz  target=10.850Hz  err=-15.014Hz  corr=-318.42W  u_ff=113.4W  PCAP→78W  power=76.9W
[PID] perf=26.509Hz  target=10.850Hz  err=-15.659Hz  corr=-330.40W  u_ff=113.4W  PCAP→78W  power=77.5W
[PID] perf=26.569Hz  target=10.850Hz  err=-15.719Hz  corr=-331.50W  u_ff=113.4W  PCAP→78W  power=77.0W
[PID] perf=26.608Hz  target=10.850Hz  err=-15.758Hz  corr=-332.22W  u_ff=113.4W  PCAP→78W  power=77.4W
[PID] perf=26.634Hz  target=10.850Hz  err=-15.784Hz  corr=-332.71W  u_ff=113.4W  PCAP→78W  power=78.0W
[PID] perf=26.642Hz  target=10.850Hz  err=-15.792Hz  corr=-332.86W  u_ff=113.4W  PCAP→78W  power=77.6W
[PID] perf=26.628Hz  target=10.850Hz  err=-15.778Hz  corr=-332.60W  u_ff=113.4W  PCAP→78W  power=77.4W
[PID] perf=26.659Hz  target=10.850Hz  err=-15.809Hz  corr=-333.17W  u_ff=113.4W  PCAP→78W  power=76.1W
[PID] perf=26.645Hz  target=10.850Hz  err=-15.795Hz  corr=-332.91W  u_ff=113.4W  PCAP→78W  power=75.9W
[PID] perf=26.647Hz  target=10.850Hz  err=-15.797Hz  corr=-332.96W  u_ff=113.4W  PCAP→78W  power=76.1W
[PID] perf=26.647Hz  target=10.850Hz  err=-15.798Hz  corr=-332.96W  u_ff=113.4W  PCAP→78W  power=77.3W
[PID] perf=26.615Hz  target=10.850Hz  err=-15.765Hz  corr=-332.35W  u_ff=113.4W  PCAP→78W  power=76.5W
[PID] perf=26.665Hz  target=10.850Hz  err=-15.815Hz  corr=-333.28W  u_ff=113.4W  PCAP→78W  power=77.5W
[PID] perf=26.648Hz  target=10.850Hz  err=-15.798Hz  corr=-332.96W  u_ff=113.4W  PCAP→78W  power=78.6W
[PID] perf=26.624Hz  target=10.850Hz  err=-15.774Hz  corr=-332.53W  u_ff=113.4W  PCAP→78W  power=77.9W
[PID] perf=26.634Hz  target=10.850Hz  err=-15.784Hz  corr=-332.70W  u_ff=113.4W  PCAP→78W  power=78.0W
[PID] perf=26.984Hz  target=10.850Hz  err=-16.134Hz  corr=-339.20W  u_ff=113.4W  PCAP→78W  power=78.7W
[PID] perf=26.990Hz  target=10.850Hz  err=-16.141Hz  corr=-339.32W  u_ff=113.4W  PCAP→78W  power=77.0W
[PID] perf=26.994Hz  target=10.850Hz  err=-16.144Hz  corr=-339.39W  u_ff=113.4W  PCAP→78W  power=77.6W
[PID] perf=27.006Hz  target=10.850Hz  err=-16.156Hz  corr=-339.60W  u_ff=113.4W  PCAP→78W  power=78.8W
[PID] perf=27.016Hz  target=10.850Hz  err=-16.167Hz  corr=-339.80W  u_ff=113.4W  PCAP→78W  power=77.3W
[PID] perf=26.991Hz  target=10.850Hz  err=-16.141Hz  corr=-339.33W  u_ff=113.4W  PCAP→78W  power=76.7W
[PID] perf=26.998Hz  target=10.850Hz  err=-16.148Hz  corr=-339.47W  u_ff=113.4W  PCAP→78W  power=78.1W
[PID] perf=27.026Hz  target=10.850Hz  err=-16.176Hz  corr=-339.98W  u_ff=113.4W  PCAP→78W  power=78.5W
[PID] perf=27.018Hz  target=10.850Hz  err=-16.168Hz  corr=-339.83W  u_ff=113.4W  PCAP→78W  power=79.2W
[PID] perf=27.031Hz  target=10.850Hz  err=-16.181Hz  corr=-340.07W  u_ff=113.4W  PCAP→78W  power=78.3W
[PID] perf=27.036Hz  target=10.850Hz  err=-16.186Hz  corr=-340.16W  u_ff=113.4W  PCAP→78W  power=78.2W
[PID] perf=27.037Hz  target=10.850Hz  err=-16.187Hz  corr=-340.18W  u_ff=113.4W  PCAP→78W  power=78.1W
[PID] perf=26.951Hz  target=10.850Hz  err=-16.101Hz  corr=-338.60W  u_ff=113.4W  PCAP→78W  power=77.7W
[PID] perf=26.959Hz  target=10.850Hz  err=-16.109Hz  corr=-338.74W  u_ff=113.4W  PCAP→78W  power=76.6W
[PID] perf=26.979Hz  target=10.850Hz  err=-16.129Hz  corr=-339.10W  u_ff=113.4W  PCAP→78W  power=77.5W
[PID] perf=26.991Hz  target=10.850Hz  err=-16.142Hz  corr=-339.34W  u_ff=113.4W  PCAP→78W  power=77.1W
[PID] perf=27.052Hz  target=10.850Hz  err=-16.202Hz  corr=-340.46W  u_ff=113.4W  PCAP→78W  power=77.1W
[PID] perf=27.016Hz  target=10.850Hz  err=-16.166Hz  corr=-339.80W  u_ff=113.4W  PCAP→78W  power=78.4W
[PID] perf=26.979Hz  target=10.850Hz  err=-16.129Hz  corr=-339.11W  u_ff=113.4W  PCAP→78W  power=78.2W
[PID] perf=27.019Hz  target=10.850Hz  err=-16.169Hz  corr=-339.85W  u_ff=113.4W  PCAP→78W  power=77.8W
[PID] perf=26.610Hz  target=10.850Hz  err=-15.760Hz  corr=-332.26W  u_ff=113.4W  PCAP→78W  power=79.0W
[PID] perf=26.889Hz  target=10.850Hz  err=-16.039Hz  corr=-337.43W  u_ff=113.4W  PCAP→78W  power=79.0W
[PID] perf=26.940Hz  target=10.850Hz  err=-16.090Hz  corr=-338.38W  u_ff=113.4W  PCAP→78W  power=79.0W
[PID] perf=26.980Hz  target=10.850Hz  err=-16.130Hz  corr=-339.13W  u_ff=113.4W  PCAP→78W  power=77.7W
[PID] perf=26.956Hz  target=10.850Hz  err=-16.106Hz  corr=-338.68W  u_ff=113.4W  PCAP→78W  power=77.4W
[PID] perf=26.948Hz  target=10.850Hz  err=-16.098Hz  corr=-338.54W  u_ff=113.4W  PCAP→78W  power=76.5W
[PID] perf=27.002Hz  target=10.850Hz  err=-16.152Hz  corr=-339.53W  u_ff=113.4W  PCAP→78W  power=78.4W
[PID] perf=26.981Hz  target=10.850Hz  err=-16.132Hz  corr=-339.15W  u_ff=113.4W  PCAP→78W  power=78.7W
[PID] perf=27.008Hz  target=10.850Hz  err=-16.158Hz  corr=-339.65W  u_ff=113.4W  PCAP→78W  power=79.1W
[PID] perf=26.996Hz  target=10.850Hz  err=-16.146Hz  corr=-339.43W  u_ff=113.4W  PCAP→78W  power=78.6W
[PID] perf=27.010Hz  target=10.850Hz  err=-16.160Hz  corr=-339.68W  u_ff=113.4W  PCAP→78W  power=77.5W
[PID] perf=27.023Hz  target=10.850Hz  err=-16.174Hz  corr=-339.93W  u_ff=113.4W  PCAP→78W  power=78.5W
[PID] perf=26.974Hz  target=10.850Hz  err=-16.125Hz  corr=-339.03W  u_ff=113.4W  PCAP→78W  power=78.8W
[PID] perf=26.986Hz  target=10.850Hz  err=-16.136Hz  corr=-339.24W  u_ff=113.4W  PCAP→78W  power=77.9W
[PID] perf=27.016Hz  target=10.850Hz  err=-16.166Hz  corr=-339.79W  u_ff=113.4W  PCAP→78W  power=79.5W
[PID] perf=27.013Hz  target=10.850Hz  err=-16.163Hz  corr=-339.74W  u_ff=113.4W  PCAP→78W  power=78.1W
[PID] perf=27.004Hz  target=10.850Hz  err=-16.155Hz  corr=-339.58W  u_ff=113.4W  PCAP→78W  power=78.9W
[PID] perf=27.005Hz  target=10.850Hz  err=-16.155Hz  corr=-339.59W  u_ff=113.4W  PCAP→78W  power=78.8W
[PID] perf=26.980Hz  target=10.850Hz  err=-16.130Hz  corr=-339.12W  u_ff=113.4W  PCAP→78W  power=77.5W
[PID] perf=26.976Hz  target=10.850Hz  err=-16.126Hz  corr=-339.05W  u_ff=113.4W  PCAP→78W  power=77.3W
[PID] perf=26.996Hz  target=10.850Hz  err=-16.146Hz  corr=-339.42W  u_ff=113.4W  PCAP→78W  power=77.8W
[PID] perf=27.005Hz  target=10.850Hz  err=-16.155Hz  corr=-339.59W  u_ff=113.4W  PCAP→78W  power=77.3W
[PID] perf=26.961Hz  target=10.850Hz  err=-16.111Hz  corr=-338.77W  u_ff=113.4W  PCAP→78W  power=78.3W
[PID] perf=26.965Hz  target=10.850Hz  err=-16.115Hz  corr=-338.85W  u_ff=113.4W  PCAP→78W  power=78.9W
[PID] perf=26.933Hz  target=10.850Hz  err=-16.083Hz  corr=-338.26W  u_ff=113.4W  PCAP→78W  power=77.3W
[PID] perf=26.954Hz  target=10.850Hz  err=-16.104Hz  corr=-338.64W  u_ff=113.4W  PCAP→78W  power=77.5W
[PID] perf=26.981Hz  target=10.850Hz  err=-16.131Hz  corr=-339.14W  u_ff=113.4W  PCAP→78W  power=77.6W
[PID] perf=27.024Hz  target=10.850Hz  err=-16.174Hz  corr=-339.95W  u_ff=113.4W  PCAP→78W  power=77.5W
[PID] perf=26.978Hz  target=10.850Hz  err=-16.128Hz  corr=-339.08W  u_ff=113.4W  PCAP→78W  power=76.5W
[PID] perf=26.943Hz  target=10.850Hz  err=-16.094Hz  corr=-338.45W  u_ff=113.4W  PCAP→78W  power=78.8W
[PID] perf=26.993Hz  target=10.850Hz  err=-16.143Hz  corr=-339.37W  u_ff=113.4W  PCAP→78W  power=76.4W
[PID] perf=26.904Hz  target=10.850Hz  err=-16.054Hz  corr=-337.71W  u_ff=113.4W  PCAP→78W  power=75.9W
[PID] perf=27.009Hz  target=10.850Hz  err=-16.159Hz  corr=-339.67W  u_ff=113.4W  PCAP→78W  power=77.5W
[PID] perf=27.068Hz  target=10.850Hz  err=-16.219Hz  corr=-340.77W  u_ff=113.4W  PCAP→78W  power=77.9W
[PID] perf=27.105Hz  target=10.850Hz  err=-16.255Hz  corr=-341.44W  u_ff=113.4W  PCAP→78W  power=78.7W
[PID] perf=27.117Hz  target=10.850Hz  err=-16.268Hz  corr=-341.68W  u_ff=113.4W  PCAP→78W  power=78.3W
[PID] perf=27.154Hz  target=10.850Hz  err=-16.304Hz  corr=-342.36W  u_ff=113.4W  PCAP→78W  power=76.4W
[PID] perf=27.154Hz  target=10.850Hz  err=-16.305Hz  corr=-342.36W  u_ff=113.4W  PCAP→78W  power=77.0W
[PID] perf=27.137Hz  target=10.850Hz  err=-16.288Hz  corr=-342.05W  u_ff=113.4W  PCAP→78W  power=78.6W
[PID] perf=27.146Hz  target=10.850Hz  err=-16.297Hz  corr=-342.21W  u_ff=113.4W  PCAP→78W  power=78.2W
[PID] perf=27.153Hz  target=10.850Hz  err=-16.303Hz  corr=-342.33W  u_ff=113.4W  PCAP→78W  power=78.8W
[PID] perf=27.133Hz  target=10.850Hz  err=-16.284Hz  corr=-341.97W  u_ff=113.4W  PCAP→78W  power=78.5W
[PID] perf=27.192Hz  target=10.850Hz  err=-16.342Hz  corr=-343.06W  u_ff=113.4W  PCAP→78W  power=78.2W
[PID] perf=27.146Hz  target=10.850Hz  err=-16.296Hz  corr=-342.21W  u_ff=113.4W  PCAP→78W  power=79.0W
[PID] perf=27.155Hz  target=10.850Hz  err=-16.305Hz  corr=-342.37W  u_ff=113.4W  PCAP→78W  power=78.8W
[PID] perf=27.117Hz  target=10.850Hz  err=-16.267Hz  corr=-341.67W  u_ff=113.4W  PCAP→78W  power=78.0W
[PID] perf=27.110Hz  target=10.850Hz  err=-16.260Hz  corr=-341.54W  u_ff=113.4W  PCAP→78W  power=76.4W
[PID] perf=27.136Hz  target=10.850Hz  err=-16.286Hz  corr=-342.02W  u_ff=113.4W  PCAP→78W  power=77.4W
Process completed.
Compressed into /home/cc/summer2024/main_codes/pid_controller/../experiment_data/PID_Control_sweep/ones-npb-cg/compressed_iteration_20260513_132739.tar
----------------------------------

>>> Step 3/3

[ones-npb-cg]
  target perf      : 10.8499 Hz
  coefficients_perf: [-0.0006547837485238978, 0.18607436314256556, -1.8317688501798497]
  feedforward PCAP : 113.43 W  →  112 W (snapped)
  Perf(u_ff) check : 10.8499 Hz  (should ≈ target)
  PID gains        : Kp=18.5447 W/Hz  Ki=1.85447 W/(Hz·s)  Kd=0.0000
[PID] Awaiting data — feedforward PCAP=112W
[PID] Awaiting data — feedforward PCAP=112W
[PID] Awaiting data — feedforward PCAP=112W
[PID] Awaiting data — feedforward PCAP=112W
[PID] Awaiting data — feedforward PCAP=112W
[PID] Awaiting data — feedforward PCAP=112W
[PID] perf=19.840Hz  target=10.850Hz  err=-8.991Hz  corr=-200.07W  u_ff=113.4W  PCAP→78W  power=nanW
[PID] perf=18.057Hz  target=10.850Hz  err=-7.207Hz  corr=-173.65W  u_ff=113.4W  PCAP→78W  power=78.3W
[PID] perf=18.071Hz  target=10.850Hz  err=-7.221Hz  corr=-173.91W  u_ff=113.4W  PCAP→78W  power=77.2W
[PID] perf=18.054Hz  target=10.850Hz  err=-7.204Hz  corr=-173.60W  u_ff=113.4W  PCAP→78W  power=76.5W
[PID] perf=18.100Hz  target=10.850Hz  err=-7.250Hz  corr=-174.45W  u_ff=113.4W  PCAP→78W  power=78.1W
[PID] perf=24.149Hz  target=10.850Hz  err=-13.299Hz  corr=-286.63W  u_ff=113.4W  PCAP→78W  power=76.7W
[PID] perf=29.223Hz  target=10.850Hz  err=-18.374Hz  corr=-380.73W  u_ff=113.4W  PCAP→78W  power=78.0W
[PID] perf=29.218Hz  target=10.850Hz  err=-18.368Hz  corr=-380.64W  u_ff=113.4W  PCAP→78W  power=78.7W
[PID] perf=29.239Hz  target=10.850Hz  err=-18.389Hz  corr=-381.02W  u_ff=113.4W  PCAP→78W  power=77.9W
[PID] perf=29.219Hz  target=10.850Hz  err=-18.369Hz  corr=-380.65W  u_ff=113.4W  PCAP→78W  power=79.3W
[PID] perf=29.239Hz  target=10.850Hz  err=-18.389Hz  corr=-381.02W  u_ff=113.4W  PCAP→78W  power=77.6W
[PID] perf=29.233Hz  target=10.850Hz  err=-18.383Hz  corr=-380.90W  u_ff=113.4W  PCAP→78W  power=78.3W
[PID] perf=29.242Hz  target=10.850Hz  err=-18.393Hz  corr=-381.08W  u_ff=113.4W  PCAP→78W  power=79.1W
[PID] perf=29.226Hz  target=10.850Hz  err=-18.376Hz  corr=-380.78W  u_ff=113.4W  PCAP→78W  power=79.0W
[PID] perf=29.224Hz  target=10.850Hz  err=-18.374Hz  corr=-380.75W  u_ff=113.4W  PCAP→78W  power=78.5W
[PID] perf=29.212Hz  target=10.850Hz  err=-18.362Hz  corr=-380.53W  u_ff=113.4W  PCAP→78W  power=79.3W
[PID] perf=29.256Hz  target=10.850Hz  err=-18.406Hz  corr=-381.34W  u_ff=113.4W  PCAP→78W  power=77.7W
[PID] perf=29.275Hz  target=10.850Hz  err=-18.425Hz  corr=-381.68W  u_ff=113.4W  PCAP→78W  power=79.2W
[PID] perf=29.239Hz  target=10.850Hz  err=-18.390Hz  corr=-381.03W  u_ff=113.4W  PCAP→78W  power=78.8W
[PID] perf=29.289Hz  target=10.850Hz  err=-18.440Hz  corr=-381.96W  u_ff=113.4W  PCAP→78W  power=77.9W
[PID] perf=29.278Hz  target=10.850Hz  err=-18.429Hz  corr=-381.75W  u_ff=113.4W  PCAP→78W  power=76.5W
[PID] perf=29.257Hz  target=10.850Hz  err=-18.407Hz  corr=-381.35W  u_ff=113.4W  PCAP→78W  power=76.8W
[PID] perf=29.247Hz  target=10.850Hz  err=-18.397Hz  corr=-381.16W  u_ff=113.4W  PCAP→78W  power=76.9W
[PID] perf=29.256Hz  target=10.850Hz  err=-18.406Hz  corr=-381.33W  u_ff=113.4W  PCAP→78W  power=78.8W
[PID] perf=29.276Hz  target=10.850Hz  err=-18.426Hz  corr=-381.71W  u_ff=113.4W  PCAP→78W  power=78.4W
[PID] perf=29.283Hz  target=10.850Hz  err=-18.433Hz  corr=-381.84W  u_ff=113.4W  PCAP→78W  power=77.8W
[PID] perf=29.286Hz  target=10.850Hz  err=-18.436Hz  corr=-381.89W  u_ff=113.4W  PCAP→78W  power=78.0W
[PID] perf=29.320Hz  target=10.850Hz  err=-18.470Hz  corr=-382.51W  u_ff=113.4W  PCAP→78W  power=78.9W
[PID] perf=29.304Hz  target=10.850Hz  err=-18.454Hz  corr=-382.23W  u_ff=113.4W  PCAP→78W  power=78.3W
[PID] perf=29.311Hz  target=10.850Hz  err=-18.461Hz  corr=-382.35W  u_ff=113.4W  PCAP→78W  power=78.2W
[PID] perf=29.317Hz  target=10.850Hz  err=-18.468Hz  corr=-382.47W  u_ff=113.4W  PCAP→78W  power=78.0W
[PID] perf=29.170Hz  target=10.850Hz  err=-18.320Hz  corr=-379.73W  u_ff=113.4W  PCAP→78W  power=78.8W
[PID] perf=29.310Hz  target=10.850Hz  err=-18.460Hz  corr=-382.33W  u_ff=113.4W  PCAP→78W  power=76.5W
[PID] perf=29.267Hz  target=10.850Hz  err=-18.417Hz  corr=-381.53W  u_ff=113.4W  PCAP→78W  power=76.3W
[PID] perf=29.313Hz  target=10.850Hz  err=-18.463Hz  corr=-382.39W  u_ff=113.4W  PCAP→78W  power=77.9W
[PID] perf=29.304Hz  target=10.850Hz  err=-18.454Hz  corr=-382.22W  u_ff=113.4W  PCAP→78W  power=77.7W
[PID] perf=29.290Hz  target=10.850Hz  err=-18.440Hz  corr=-381.97W  u_ff=113.4W  PCAP→78W  power=77.2W
[PID] perf=29.269Hz  target=10.850Hz  err=-18.419Hz  corr=-381.57W  u_ff=113.4W  PCAP→78W  power=76.8W
[PID] perf=29.266Hz  target=10.850Hz  err=-18.416Hz  corr=-381.52W  u_ff=113.4W  PCAP→78W  power=78.8W
[PID] perf=29.271Hz  target=10.850Hz  err=-18.421Hz  corr=-381.62W  u_ff=113.4W  PCAP→78W  power=79.0W
[PID] perf=29.261Hz  target=10.850Hz  err=-18.411Hz  corr=-381.43W  u_ff=113.4W  PCAP→78W  power=78.7W
[PID] perf=29.360Hz  target=10.850Hz  err=-18.510Hz  corr=-383.27W  u_ff=113.4W  PCAP→78W  power=78.8W
[PID] perf=29.311Hz  target=10.850Hz  err=-18.461Hz  corr=-382.35W  u_ff=113.4W  PCAP→78W  power=78.9W
[PID] perf=29.255Hz  target=10.850Hz  err=-18.405Hz  corr=-381.32W  u_ff=113.4W  PCAP→78W  power=78.0W
[PID] perf=29.279Hz  target=10.850Hz  err=-18.429Hz  corr=-381.76W  u_ff=113.4W  PCAP→78W  power=78.3W
[PID] perf=29.294Hz  target=10.850Hz  err=-18.445Hz  corr=-382.05W  u_ff=113.4W  PCAP→78W  power=79.2W
[PID] perf=29.300Hz  target=10.850Hz  err=-18.450Hz  corr=-382.15W  u_ff=113.4W  PCAP→78W  power=79.2W
[PID] perf=29.270Hz  target=10.850Hz  err=-18.420Hz  corr=-381.59W  u_ff=113.4W  PCAP→78W  power=78.3W
[PID] perf=29.268Hz  target=10.850Hz  err=-18.418Hz  corr=-381.56W  u_ff=113.4W  PCAP→78W  power=78.2W
[PID] perf=29.268Hz  target=10.850Hz  err=-18.419Hz  corr=-381.57W  u_ff=113.4W  PCAP→78W  power=78.9W
[PID] perf=29.319Hz  target=10.850Hz  err=-18.469Hz  corr=-382.50W  u_ff=113.4W  PCAP→78W  power=77.4W
[PID] perf=29.328Hz  target=10.850Hz  err=-18.478Hz  corr=-382.66W  u_ff=113.4W  PCAP→78W  power=77.6W
[PID] perf=29.310Hz  target=10.850Hz  err=-18.460Hz  corr=-382.34W  u_ff=113.4W  PCAP→78W  power=78.4W
[PID] perf=29.279Hz  target=10.850Hz  err=-18.429Hz  corr=-381.76W  u_ff=113.4W  PCAP→78W  power=78.3W
[PID] perf=29.342Hz  target=10.850Hz  err=-18.492Hz  corr=-382.93W  u_ff=113.4W  PCAP→78W  power=77.2W
[PID] perf=29.288Hz  target=10.850Hz  err=-18.438Hz  corr=-381.94W  u_ff=113.4W  PCAP→78W  power=77.6W
[PID] perf=29.256Hz  target=10.850Hz  err=-18.407Hz  corr=-381.34W  u_ff=113.4W  PCAP→78W  power=77.3W
[PID] perf=29.275Hz  target=10.850Hz  err=-18.425Hz  corr=-381.68W  u_ff=113.4W  PCAP→78W  power=78.1W
[PID] perf=29.299Hz  target=10.850Hz  err=-18.449Hz  corr=-382.14W  u_ff=113.4W  PCAP→78W  power=77.8W
[PID] perf=29.338Hz  target=10.850Hz  err=-18.488Hz  corr=-382.85W  u_ff=113.4W  PCAP→78W  power=77.0W
[PID] perf=29.344Hz  target=10.850Hz  err=-18.494Hz  corr=-382.96W  u_ff=113.4W  PCAP→78W  power=76.4W
[PID] perf=29.322Hz  target=10.850Hz  err=-18.472Hz  corr=-382.56W  u_ff=113.4W  PCAP→78W  power=76.9W
[PID] perf=29.281Hz  target=10.850Hz  err=-18.432Hz  corr=-381.81W  u_ff=113.4W  PCAP→78W  power=76.4W
[PID] perf=29.310Hz  target=10.850Hz  err=-18.461Hz  corr=-382.34W  u_ff=113.4W  PCAP→78W  power=76.9W
[PID] perf=29.358Hz  target=10.850Hz  err=-18.508Hz  corr=-383.22W  u_ff=113.4W  PCAP→78W  power=78.6W
[PID] perf=29.334Hz  target=10.850Hz  err=-18.484Hz  corr=-382.78W  u_ff=113.4W  PCAP→78W  power=78.8W
[PID] perf=29.274Hz  target=10.850Hz  err=-18.424Hz  corr=-381.67W  u_ff=113.4W  PCAP→78W  power=79.0W
[PID] perf=29.298Hz  target=10.850Hz  err=-18.448Hz  corr=-382.11W  u_ff=113.4W  PCAP→78W  power=77.3W
[PID] perf=29.383Hz  target=10.850Hz  err=-18.533Hz  corr=-383.69W  u_ff=113.4W  PCAP→78W  power=78.1W
[PID] perf=27.276Hz  target=10.850Hz  err=-16.426Hz  corr=-344.61W  u_ff=113.4W  PCAP→78W  power=78.8W
[PID] perf=27.362Hz  target=10.850Hz  err=-16.512Hz  corr=-346.21W  u_ff=113.4W  PCAP→78W  power=78.7W
[PID] perf=27.358Hz  target=10.850Hz  err=-16.508Hz  corr=-346.13W  u_ff=113.4W  PCAP→78W  power=77.6W
[PID] perf=27.469Hz  target=10.850Hz  err=-16.620Hz  corr=-348.20W  u_ff=113.4W  PCAP→78W  power=77.9W
[PID] perf=27.491Hz  target=10.850Hz  err=-16.641Hz  corr=-348.61W  u_ff=113.4W  PCAP→78W  power=77.4W
[PID] perf=27.499Hz  target=10.850Hz  err=-16.650Hz  corr=-348.76W  u_ff=113.4W  PCAP→78W  power=77.6W
[PID] perf=27.479Hz  target=10.850Hz  err=-16.629Hz  corr=-348.38W  u_ff=113.4W  PCAP→78W  power=79.0W
[PID] perf=27.523Hz  target=10.850Hz  err=-16.673Hz  corr=-349.19W  u_ff=113.4W  PCAP→78W  power=78.1W
[PID] perf=27.544Hz  target=10.850Hz  err=-16.694Hz  corr=-349.58W  u_ff=113.4W  PCAP→78W  power=77.5W
[PID] perf=27.534Hz  target=10.850Hz  err=-16.684Hz  corr=-349.40W  u_ff=113.4W  PCAP→78W  power=76.3W
[PID] perf=27.550Hz  target=10.850Hz  err=-16.700Hz  corr=-349.69W  u_ff=113.4W  PCAP→78W  power=79.1W
[PID] perf=27.505Hz  target=10.850Hz  err=-16.656Hz  corr=-348.87W  u_ff=113.4W  PCAP→78W  power=77.5W
[PID] perf=27.492Hz  target=10.850Hz  err=-16.642Hz  corr=-348.62W  u_ff=113.4W  PCAP→78W  power=79.1W
[PID] perf=27.512Hz  target=10.850Hz  err=-16.662Hz  corr=-348.99W  u_ff=113.4W  PCAP→78W  power=77.6W
[PID] perf=27.522Hz  target=10.850Hz  err=-16.672Hz  corr=-349.18W  u_ff=113.4W  PCAP→78W  power=76.8W
[PID] perf=27.486Hz  target=10.850Hz  err=-16.636Hz  corr=-348.52W  u_ff=113.4W  PCAP→78W  power=77.8W
[PID] perf=27.499Hz  target=10.850Hz  err=-16.649Hz  corr=-348.75W  u_ff=113.4W  PCAP→78W  power=78.5W
[PID] perf=27.464Hz  target=10.850Hz  err=-16.614Hz  corr=-348.10W  u_ff=113.4W  PCAP→78W  power=79.1W
[PID] perf=27.485Hz  target=10.850Hz  err=-16.635Hz  corr=-348.49W  u_ff=113.4W  PCAP→78W  power=78.6W
[PID] perf=27.502Hz  target=10.850Hz  err=-16.652Hz  corr=-348.81W  u_ff=113.4W  PCAP→78W  power=79.3W
[PID] perf=27.495Hz  target=10.850Hz  err=-16.645Hz  corr=-348.68W  u_ff=113.4W  PCAP→78W  power=78.0W
[PID] perf=27.505Hz  target=10.850Hz  err=-16.655Hz  corr=-348.86W  u_ff=113.4W  PCAP→78W  power=76.5W
[PID] perf=27.487Hz  target=10.850Hz  err=-16.637Hz  corr=-348.52W  u_ff=113.4W  PCAP→78W  power=77.0W
[PID] perf=27.482Hz  target=10.850Hz  err=-16.632Hz  corr=-348.44W  u_ff=113.4W  PCAP→78W  power=78.4W
[PID] perf=27.487Hz  target=10.850Hz  err=-16.637Hz  corr=-348.53W  u_ff=113.4W  PCAP→78W  power=77.5W
[PID] perf=27.481Hz  target=10.850Hz  err=-16.631Hz  corr=-348.41W  u_ff=113.4W  PCAP→78W  power=78.7W
[PID] perf=27.477Hz  target=10.850Hz  err=-16.627Hz  corr=-348.35W  u_ff=113.4W  PCAP→78W  power=76.9W
[PID] perf=27.514Hz  target=10.850Hz  err=-16.664Hz  corr=-349.03W  u_ff=113.4W  PCAP→78W  power=77.6W
[PID] perf=27.505Hz  target=10.850Hz  err=-16.655Hz  corr=-348.86W  u_ff=113.4W  PCAP→78W  power=77.4W
[PID] perf=27.514Hz  target=10.850Hz  err=-16.664Hz  corr=-349.03W  u_ff=113.4W  PCAP→78W  power=77.2W
[PID] perf=27.480Hz  target=10.850Hz  err=-16.630Hz  corr=-348.40W  u_ff=113.4W  PCAP→78W  power=79.1W
[PID] perf=27.458Hz  target=10.850Hz  err=-16.608Hz  corr=-347.99W  u_ff=113.4W  PCAP→78W  power=77.3W
[PID] perf=27.440Hz  target=10.850Hz  err=-16.590Hz  corr=-347.66W  u_ff=113.4W  PCAP→78W  power=77.8W
[PID] perf=27.487Hz  target=10.850Hz  err=-16.637Hz  corr=-348.53W  u_ff=113.4W  PCAP→78W  power=79.1W
[PID] perf=27.453Hz  target=10.850Hz  err=-16.603Hz  corr=-347.90W  u_ff=113.4W  PCAP→78W  power=79.1W
[PID] perf=27.468Hz  target=10.850Hz  err=-16.618Hz  corr=-348.17W  u_ff=113.4W  PCAP→78W  power=77.9W
[PID] perf=27.494Hz  target=10.850Hz  err=-16.644Hz  corr=-348.67W  u_ff=113.4W  PCAP→78W  power=77.6W
[PID] perf=27.486Hz  target=10.850Hz  err=-16.637Hz  corr=-348.52W  u_ff=113.4W  PCAP→78W  power=77.2W
[PID] perf=27.475Hz  target=10.850Hz  err=-16.625Hz  corr=-348.31W  u_ff=113.4W  PCAP→78W  power=78.1W
[PID] perf=27.497Hz  target=10.850Hz  err=-16.648Hz  corr=-348.72W  u_ff=113.4W  PCAP→78W  power=78.0W
[PID] perf=27.483Hz  target=10.850Hz  err=-16.633Hz  corr=-348.45W  u_ff=113.4W  PCAP→78W  power=78.4W
[PID] perf=27.502Hz  target=10.850Hz  err=-16.652Hz  corr=-348.81W  u_ff=113.4W  PCAP→78W  power=77.4W
[PID] perf=27.475Hz  target=10.850Hz  err=-16.625Hz  corr=-348.30W  u_ff=113.4W  PCAP→78W  power=77.3W
[PID] perf=27.483Hz  target=10.850Hz  err=-16.634Hz  corr=-348.47W  u_ff=113.4W  PCAP→78W  power=77.9W
[PID] perf=27.466Hz  target=10.850Hz  err=-16.616Hz  corr=-348.14W  u_ff=113.4W  PCAP→78W  power=78.6W
[PID] perf=27.466Hz  target=10.850Hz  err=-16.616Hz  corr=-348.14W  u_ff=113.4W  PCAP→78W  power=76.0W
[PID] perf=27.481Hz  target=10.850Hz  err=-16.631Hz  corr=-348.41W  u_ff=113.4W  PCAP→78W  power=78.1W
[PID] perf=27.480Hz  target=10.850Hz  err=-16.630Hz  corr=-348.41W  u_ff=113.4W  PCAP→78W  power=77.2W
[PID] perf=27.450Hz  target=10.850Hz  err=-16.600Hz  corr=-347.84W  u_ff=113.4W  PCAP→78W  power=78.5W
[PID] perf=27.458Hz  target=10.850Hz  err=-16.608Hz  corr=-347.99W  u_ff=113.4W  PCAP→78W  power=76.1W
[PID] perf=27.447Hz  target=10.850Hz  err=-16.597Hz  corr=-347.78W  u_ff=113.4W  PCAP→78W  power=77.9W
[PID] perf=27.477Hz  target=10.850Hz  err=-16.627Hz  corr=-348.34W  u_ff=113.4W  PCAP→78W  power=79.7W
[PID] perf=27.499Hz  target=10.850Hz  err=-16.649Hz  corr=-348.75W  u_ff=113.4W  PCAP→78W  power=78.8W
[PID] perf=27.486Hz  target=10.850Hz  err=-16.637Hz  corr=-348.52W  u_ff=113.4W  PCAP→78W  power=79.1W
[PID] perf=27.497Hz  target=10.850Hz  err=-16.647Hz  corr=-348.71W  u_ff=113.4W  PCAP→78W  power=77.7W
[PID] perf=27.480Hz  target=10.850Hz  err=-16.630Hz  corr=-348.40W  u_ff=113.4W  PCAP→78W  power=77.3W
[PID] perf=27.493Hz  target=10.850Hz  err=-16.643Hz  corr=-348.65W  u_ff=113.4W  PCAP→78W  power=78.7W
[PID] perf=27.495Hz  target=10.850Hz  err=-16.645Hz  corr=-348.68W  u_ff=113.4W  PCAP→78W  power=77.5W
[PID] perf=27.492Hz  target=10.850Hz  err=-16.642Hz  corr=-348.62W  u_ff=113.4W  PCAP→78W  power=77.4W
[PID] perf=27.521Hz  target=10.850Hz  err=-16.671Hz  corr=-349.16W  u_ff=113.4W  PCAP→78W  power=76.4W
[PID] perf=27.506Hz  target=10.850Hz  err=-16.656Hz  corr=-348.88W  u_ff=113.4W  PCAP→78W  power=77.7W
[PID] perf=27.528Hz  target=10.850Hz  err=-16.678Hz  corr=-349.29W  u_ff=113.4W  PCAP→78W  power=78.4W
[PID] perf=27.462Hz  target=10.850Hz  err=-16.612Hz  corr=-348.07W  u_ff=113.4W  PCAP→78W  power=78.3W
[PID] perf=27.448Hz  target=10.850Hz  err=-16.599Hz  corr=-347.82W  u_ff=113.4W  PCAP→78W  power=78.5W
[PID] perf=27.402Hz  target=10.850Hz  err=-16.552Hz  corr=-346.95W  u_ff=113.4W  PCAP→78W  power=77.9W
[PID] perf=27.393Hz  target=10.850Hz  err=-16.543Hz  corr=-346.78W  u_ff=113.4W  PCAP→78W  power=78.3W
[PID] perf=27.396Hz  target=10.850Hz  err=-16.546Hz  corr=-346.85W  u_ff=113.4W  PCAP→78W  power=77.6W
[PID] perf=27.453Hz  target=10.850Hz  err=-16.603Hz  corr=-347.90W  u_ff=113.4W  PCAP→78W  power=78.8W
[PID] perf=27.462Hz  target=10.850Hz  err=-16.612Hz  corr=-348.07W  u_ff=113.4W  PCAP→78W  power=78.2W
[PID] perf=27.447Hz  target=10.850Hz  err=-16.597Hz  corr=-347.79W  u_ff=113.4W  PCAP→78W  power=77.5W
[PID] perf=27.453Hz  target=10.850Hz  err=-16.603Hz  corr=-347.90W  u_ff=113.4W  PCAP→78W  power=78.8W
[PID] perf=27.502Hz  target=10.850Hz  err=-16.652Hz  corr=-348.82W  u_ff=113.4W  PCAP→78W  power=79.3W
[PID] perf=27.451Hz  target=10.850Hz  err=-16.601Hz  corr=-347.86W  u_ff=113.4W  PCAP→78W  power=78.5W
[PID] perf=27.432Hz  target=10.850Hz  err=-16.582Hz  corr=-347.50W  u_ff=113.4W  PCAP→78W  power=77.1W
[PID] perf=27.444Hz  target=10.850Hz  err=-16.594Hz  corr=-347.73W  u_ff=113.4W  PCAP→78W  power=77.6W
[PID] perf=27.409Hz  target=10.850Hz  err=-16.559Hz  corr=-347.08W  u_ff=113.4W  PCAP→78W  power=77.4W
[PID] perf=27.408Hz  target=10.850Hz  err=-16.558Hz  corr=-347.06W  u_ff=113.4W  PCAP→78W  power=77.2W
[PID] perf=27.425Hz  target=10.850Hz  err=-16.575Hz  corr=-347.38W  u_ff=113.4W  PCAP→78W  power=76.6W
[PID] perf=26.566Hz  target=10.850Hz  err=-15.716Hz  corr=-331.44W  u_ff=113.4W  PCAP→78W  power=77.8W
[PID] perf=26.961Hz  target=10.850Hz  err=-16.111Hz  corr=-338.78W  u_ff=113.4W  PCAP→78W  power=76.4W
[PID] perf=26.971Hz  target=10.850Hz  err=-16.122Hz  corr=-338.97W  u_ff=113.4W  PCAP→78W  power=77.3W
[PID] perf=26.967Hz  target=10.850Hz  err=-16.117Hz  corr=-338.89W  u_ff=113.4W  PCAP→78W  power=77.3W
[PID] perf=27.004Hz  target=10.850Hz  err=-16.154Hz  corr=-339.57W  u_ff=113.4W  PCAP→78W  power=79.1W
[PID] perf=27.007Hz  target=10.850Hz  err=-16.158Hz  corr=-339.64W  u_ff=113.4W  PCAP→78W  power=79.0W
[PID] perf=26.938Hz  target=10.850Hz  err=-16.089Hz  corr=-338.36W  u_ff=113.4W  PCAP→78W  power=78.9W
[PID] perf=26.939Hz  target=10.850Hz  err=-16.089Hz  corr=-338.36W  u_ff=113.4W  PCAP→78W  power=78.0W
[PID] perf=25.926Hz  target=10.850Hz  err=-15.076Hz  corr=-319.57W  u_ff=113.4W  PCAP→78W  power=79.3W
[PID] perf=26.272Hz  target=10.850Hz  err=-15.422Hz  corr=-326.00W  u_ff=113.4W  PCAP→78W  power=78.9W
[PID] perf=26.332Hz  target=10.850Hz  err=-15.482Hz  corr=-327.11W  u_ff=113.4W  PCAP→78W  power=77.9W
[PID] perf=26.387Hz  target=10.850Hz  err=-15.537Hz  corr=-328.12W  u_ff=113.4W  PCAP→78W  power=77.2W
[PID] perf=26.396Hz  target=10.850Hz  err=-15.546Hz  corr=-328.29W  u_ff=113.4W  PCAP→78W  power=79.1W
[PID] perf=26.391Hz  target=10.850Hz  err=-15.541Hz  corr=-328.20W  u_ff=113.4W  PCAP→78W  power=76.9W
[PID] perf=26.405Hz  target=10.850Hz  err=-15.555Hz  corr=-328.47W  u_ff=113.4W  PCAP→78W  power=77.0W
[PID] perf=26.348Hz  target=10.850Hz  err=-15.498Hz  corr=-327.41W  u_ff=113.4W  PCAP→78W  power=77.5W
[PID] perf=26.365Hz  target=10.850Hz  err=-15.515Hz  corr=-327.72W  u_ff=113.4W  PCAP→78W  power=77.5W
[PID] perf=26.349Hz  target=10.850Hz  err=-15.499Hz  corr=-327.43W  u_ff=113.4W  PCAP→78W  power=77.0W
[PID] perf=26.387Hz  target=10.850Hz  err=-15.537Hz  corr=-328.13W  u_ff=113.4W  PCAP→78W  power=77.5W
[PID] perf=26.389Hz  target=10.850Hz  err=-15.539Hz  corr=-328.17W  u_ff=113.4W  PCAP→78W  power=77.4W
[PID] perf=26.381Hz  target=10.850Hz  err=-15.531Hz  corr=-328.02W  u_ff=113.4W  PCAP→78W  power=79.0W
[PID] perf=26.377Hz  target=10.850Hz  err=-15.528Hz  corr=-327.95W  u_ff=113.4W  PCAP→78W  power=79.2W
[PID] perf=26.353Hz  target=10.850Hz  err=-15.503Hz  corr=-327.50W  u_ff=113.4W  PCAP→78W  power=78.5W
[PID] perf=26.410Hz  target=10.850Hz  err=-15.560Hz  corr=-328.56W  u_ff=113.4W  PCAP→78W  power=78.0W
[PID] perf=26.368Hz  target=10.850Hz  err=-15.518Hz  corr=-327.79W  u_ff=113.4W  PCAP→78W  power=78.8W
[PID] perf=26.401Hz  target=10.850Hz  err=-15.551Hz  corr=-328.39W  u_ff=113.4W  PCAP→78W  power=78.0W
[PID] perf=26.409Hz  target=10.850Hz  err=-15.559Hz  corr=-328.54W  u_ff=113.4W  PCAP→78W  power=78.3W
[PID] perf=26.457Hz  target=10.850Hz  err=-15.607Hz  corr=-329.43W  u_ff=113.4W  PCAP→78W  power=79.4W
[PID] perf=26.432Hz  target=10.850Hz  err=-15.582Hz  corr=-328.96W  u_ff=113.4W  PCAP→78W  power=78.6W
[PID] perf=26.379Hz  target=10.850Hz  err=-15.529Hz  corr=-327.98W  u_ff=113.4W  PCAP→78W  power=78.9W
[PID] perf=26.408Hz  target=10.850Hz  err=-15.558Hz  corr=-328.52W  u_ff=113.4W  PCAP→78W  power=79.7W
[PID] perf=26.404Hz  target=10.850Hz  err=-15.554Hz  corr=-328.44W  u_ff=113.4W  PCAP→78W  power=79.3W
[PID] perf=26.364Hz  target=10.850Hz  err=-15.514Hz  corr=-327.70W  u_ff=113.4W  PCAP→78W  power=77.6W
[PID] perf=26.402Hz  target=10.850Hz  err=-15.552Hz  corr=-328.41W  u_ff=113.4W  PCAP→78W  power=77.6W
[PID] perf=26.370Hz  target=10.850Hz  err=-15.520Hz  corr=-327.81W  u_ff=113.4W  PCAP→78W  power=77.5W
[PID] perf=26.524Hz  target=10.850Hz  err=-15.674Hz  corr=-330.66W  u_ff=113.4W  PCAP→78W  power=77.5W
[PID] perf=26.533Hz  target=10.850Hz  err=-15.683Hz  corr=-330.84W  u_ff=113.4W  PCAP→78W  power=76.9W
[PID] perf=26.582Hz  target=10.850Hz  err=-15.732Hz  corr=-331.75W  u_ff=113.4W  PCAP→78W  power=76.3W
[PID] perf=26.539Hz  target=10.850Hz  err=-15.689Hz  corr=-330.95W  u_ff=113.4W  PCAP→78W  power=78.2W
[PID] perf=26.582Hz  target=10.850Hz  err=-15.732Hz  corr=-331.74W  u_ff=113.4W  PCAP→78W  power=76.8W
[PID] perf=26.517Hz  target=10.850Hz  err=-15.667Hz  corr=-330.54W  u_ff=113.4W  PCAP→78W  power=76.3W
[PID] perf=26.504Hz  target=10.850Hz  err=-15.654Hz  corr=-330.30W  u_ff=113.4W  PCAP→78W  power=77.1W
[PID] perf=26.551Hz  target=10.850Hz  err=-15.701Hz  corr=-331.17W  u_ff=113.4W  PCAP→78W  power=77.6W
[PID] perf=26.544Hz  target=10.850Hz  err=-15.695Hz  corr=-331.05W  u_ff=113.4W  PCAP→78W  power=77.8W
[PID] perf=26.584Hz  target=10.850Hz  err=-15.734Hz  corr=-331.79W  u_ff=113.4W  PCAP→78W  power=77.0W
[PID] perf=26.595Hz  target=10.850Hz  err=-15.745Hz  corr=-331.99W  u_ff=113.4W  PCAP→78W  power=78.7W
[PID] perf=26.614Hz  target=10.850Hz  err=-15.764Hz  corr=-332.34W  u_ff=113.4W  PCAP→78W  power=78.1W
[PID] perf=26.590Hz  target=10.850Hz  err=-15.740Hz  corr=-331.89W  u_ff=113.4W  PCAP→78W  power=78.4W
[PID] perf=26.556Hz  target=10.850Hz  err=-15.706Hz  corr=-331.27W  u_ff=113.4W  PCAP→78W  power=77.8W
[PID] perf=26.550Hz  target=10.850Hz  err=-15.701Hz  corr=-331.16W  u_ff=113.4W  PCAP→78W  power=77.4W
[PID] perf=26.588Hz  target=10.850Hz  err=-15.739Hz  corr=-331.87W  u_ff=113.4W  PCAP→78W  power=79.2W
[PID] perf=26.590Hz  target=10.850Hz  err=-15.740Hz  corr=-331.89W  u_ff=113.4W  PCAP→78W  power=78.5W
[PID] perf=26.604Hz  target=10.850Hz  err=-15.754Hz  corr=-332.15W  u_ff=113.4W  PCAP→78W  power=78.9W
[PID] perf=26.642Hz  target=10.850Hz  err=-15.792Hz  corr=-332.86W  u_ff=113.4W  PCAP→78W  power=77.9W
[PID] perf=26.631Hz  target=10.850Hz  err=-15.782Hz  corr=-332.66W  u_ff=113.4W  PCAP→78W  power=79.3W
[PID] perf=26.634Hz  target=10.850Hz  err=-15.784Hz  corr=-332.71W  u_ff=113.4W  PCAP→78W  power=76.4W
[PID] perf=26.638Hz  target=10.850Hz  err=-15.789Hz  corr=-332.79W  u_ff=113.4W  PCAP→78W  power=77.5W
[PID] perf=26.605Hz  target=10.850Hz  err=-15.756Hz  corr=-332.18W  u_ff=113.4W  PCAP→78W  power=77.8W
[PID] perf=26.621Hz  target=10.850Hz  err=-15.771Hz  corr=-332.47W  u_ff=113.4W  PCAP→78W  power=77.6W
[PID] perf=26.625Hz  target=10.850Hz  err=-15.775Hz  corr=-332.54W  u_ff=113.4W  PCAP→78W  power=77.9W
[PID] perf=26.629Hz  target=10.850Hz  err=-15.779Hz  corr=-332.61W  u_ff=113.4W  PCAP→78W  power=77.0W
[PID] perf=26.609Hz  target=10.850Hz  err=-15.759Hz  corr=-332.24W  u_ff=113.4W  PCAP→78W  power=77.2W
[PID] perf=26.576Hz  target=10.850Hz  err=-15.727Hz  corr=-331.64W  u_ff=113.4W  PCAP→78W  power=78.5W
[PID] perf=26.624Hz  target=10.850Hz  err=-15.774Hz  corr=-332.53W  u_ff=113.4W  PCAP→78W  power=79.1W
[PID] perf=26.632Hz  target=10.850Hz  err=-15.782Hz  corr=-332.67W  u_ff=113.4W  PCAP→78W  power=77.1W
[PID] perf=26.641Hz  target=10.850Hz  err=-15.791Hz  corr=-332.84W  u_ff=113.4W  PCAP→78W  power=78.1W
[PID] perf=27.012Hz  target=10.850Hz  err=-16.162Hz  corr=-339.73W  u_ff=113.4W  PCAP→78W  power=78.6W
[PID] perf=27.136Hz  target=10.850Hz  err=-16.286Hz  corr=-342.02W  u_ff=113.4W  PCAP→78W  power=78.3W
[PID] perf=27.179Hz  target=10.850Hz  err=-16.329Hz  corr=-342.82W  u_ff=113.4W  PCAP→78W  power=78.9W
[PID] perf=27.182Hz  target=10.850Hz  err=-16.332Hz  corr=-342.87W  u_ff=113.4W  PCAP→78W  power=77.0W
[PID] perf=27.197Hz  target=10.850Hz  err=-16.347Hz  corr=-343.15W  u_ff=113.4W  PCAP→78W  power=77.8W
[PID] perf=27.182Hz  target=10.850Hz  err=-16.332Hz  corr=-342.87W  u_ff=113.4W  PCAP→78W  power=77.7W
[PID] perf=27.146Hz  target=10.850Hz  err=-16.297Hz  corr=-342.22W  u_ff=113.4W  PCAP→78W  power=76.8W
[PID] perf=27.219Hz  target=10.850Hz  err=-16.369Hz  corr=-343.55W  u_ff=113.4W  PCAP→78W  power=77.1W
[PID] perf=27.180Hz  target=10.850Hz  err=-16.330Hz  corr=-342.84W  u_ff=113.4W  PCAP→78W  power=77.5W
[PID] perf=27.192Hz  target=10.850Hz  err=-16.342Hz  corr=-343.07W  u_ff=113.4W  PCAP→78W  power=76.8W
[PID] perf=27.170Hz  target=10.850Hz  err=-16.321Hz  corr=-342.66W  u_ff=113.4W  PCAP→78W  power=77.1W
[PID] perf=27.190Hz  target=10.850Hz  err=-16.340Hz  corr=-343.01W  u_ff=113.4W  PCAP→78W  power=77.7W
[PID] perf=27.203Hz  target=10.850Hz  err=-16.353Hz  corr=-343.26W  u_ff=113.4W  PCAP→78W  power=78.9W
[PID] perf=27.193Hz  target=10.850Hz  err=-16.343Hz  corr=-343.08W  u_ff=113.4W  PCAP→78W  power=79.5W
[PID] perf=27.186Hz  target=10.850Hz  err=-16.336Hz  corr=-342.95W  u_ff=113.4W  PCAP→78W  power=76.8W
[PID] perf=27.159Hz  target=10.850Hz  err=-16.310Hz  corr=-342.46W  u_ff=113.4W  PCAP→78W  power=77.0W
[PID] perf=27.190Hz  target=10.850Hz  err=-16.340Hz  corr=-343.02W  u_ff=113.4W  PCAP→78W  power=77.1W
[PID] perf=27.186Hz  target=10.850Hz  err=-16.336Hz  corr=-342.94W  u_ff=113.4W  PCAP→78W  power=76.1W
[PID] perf=27.133Hz  target=10.850Hz  err=-16.283Hz  corr=-341.97W  u_ff=113.4W  PCAP→78W  power=77.7W
[PID] perf=27.149Hz  target=10.850Hz  err=-16.300Hz  corr=-342.27W  u_ff=113.4W  PCAP→78W  power=78.5W
[PID] perf=27.154Hz  target=10.850Hz  err=-16.304Hz  corr=-342.35W  u_ff=113.4W  PCAP→78W  power=78.7W
[PID] perf=27.167Hz  target=10.850Hz  err=-16.317Hz  corr=-342.60W  u_ff=113.4W  PCAP→78W  power=77.8W
[PID] perf=27.185Hz  target=10.850Hz  err=-16.335Hz  corr=-342.93W  u_ff=113.4W  PCAP→78W  power=79.2W
[PID] perf=27.167Hz  target=10.850Hz  err=-16.317Hz  corr=-342.59W  u_ff=113.4W  PCAP→78W  power=76.4W
[PID] perf=27.222Hz  target=10.850Hz  err=-16.372Hz  corr=-343.61W  u_ff=113.4W  PCAP→78W  power=76.7W
[PID] perf=27.197Hz  target=10.850Hz  err=-16.347Hz  corr=-343.15W  u_ff=113.4W  PCAP→78W  power=76.5W
[PID] perf=27.242Hz  target=10.850Hz  err=-16.393Hz  corr=-344.00W  u_ff=113.4W  PCAP→78W  power=76.7W
[PID] perf=27.209Hz  target=10.850Hz  err=-16.359Hz  corr=-343.37W  u_ff=113.4W  PCAP→78W  power=76.5W
[PID] perf=27.187Hz  target=10.850Hz  err=-16.337Hz  corr=-342.97W  u_ff=113.4W  PCAP→78W  power=76.4W
[PID] perf=27.153Hz  target=10.850Hz  err=-16.303Hz  corr=-342.33W  u_ff=113.4W  PCAP→78W  power=78.9W
[PID] perf=27.152Hz  target=10.850Hz  err=-16.302Hz  corr=-342.32W  u_ff=113.4W  PCAP→78W  power=78.5W
[PID] perf=27.193Hz  target=10.850Hz  err=-16.343Hz  corr=-343.08W  u_ff=113.4W  PCAP→78W  power=78.3W
[PID] perf=27.202Hz  target=10.850Hz  err=-16.352Hz  corr=-343.24W  u_ff=113.4W  PCAP→78W  power=77.0W
[PID] perf=27.234Hz  target=10.850Hz  err=-16.384Hz  corr=-343.84W  u_ff=113.4W  PCAP→78W  power=78.7W
[PID] perf=27.239Hz  target=10.850Hz  err=-16.389Hz  corr=-343.93W  u_ff=113.4W  PCAP→78W  power=78.0W
[PID] perf=27.246Hz  target=10.850Hz  err=-16.396Hz  corr=-344.06W  u_ff=113.4W  PCAP→78W  power=78.5W
[PID] perf=27.253Hz  target=10.850Hz  err=-16.403Hz  corr=-344.19W  u_ff=113.4W  PCAP→78W  power=78.1W
[PID] perf=27.234Hz  target=10.850Hz  err=-16.384Hz  corr=-343.83W  u_ff=113.4W  PCAP→78W  power=79.1W
[PID] perf=27.234Hz  target=10.850Hz  err=-16.384Hz  corr=-343.84W  u_ff=113.4W  PCAP→78W  power=79.0W
[PID] perf=27.211Hz  target=10.850Hz  err=-16.361Hz  corr=-343.41W  u_ff=113.4W  PCAP→78W  power=77.8W
[PID] perf=27.171Hz  target=10.850Hz  err=-16.321Hz  corr=-342.67W  u_ff=113.4W  PCAP→78W  power=76.9W
[PID] perf=27.202Hz  target=10.850Hz  err=-16.352Hz  corr=-343.24W  u_ff=113.4W  PCAP→78W  power=76.8W
[PID] perf=27.229Hz  target=10.850Hz  err=-16.379Hz  corr=-343.75W  u_ff=113.4W  PCAP→78W  power=76.5W
[PID] perf=27.216Hz  target=10.850Hz  err=-16.366Hz  corr=-343.50W  u_ff=113.4W  PCAP→78W  power=77.1W
[PID] perf=27.224Hz  target=10.850Hz  err=-16.375Hz  corr=-343.66W  u_ff=113.4W  PCAP→78W  power=76.8W
[PID] perf=27.207Hz  target=10.850Hz  err=-16.357Hz  corr=-343.34W  u_ff=113.4W  PCAP→78W  power=77.0W
[PID] perf=27.223Hz  target=10.850Hz  err=-16.373Hz  corr=-343.63W  u_ff=113.4W  PCAP→78W  power=77.1W
[PID] perf=27.205Hz  target=10.850Hz  err=-16.355Hz  corr=-343.31W  u_ff=113.4W  PCAP→78W  power=76.8W
[PID] perf=27.222Hz  target=10.850Hz  err=-16.373Hz  corr=-343.62W  u_ff=113.4W  PCAP→78W  power=77.1W
[PID] perf=27.231Hz  target=10.850Hz  err=-16.381Hz  corr=-343.78W  u_ff=113.4W  PCAP→78W  power=77.6W
[PID] perf=27.219Hz  target=10.850Hz  err=-16.369Hz  corr=-343.56W  u_ff=113.4W  PCAP→78W  power=78.8W
[PID] perf=27.202Hz  target=10.850Hz  err=-16.352Hz  corr=-343.24W  u_ff=113.4W  PCAP→78W  power=78.1W
[PID] perf=27.168Hz  target=10.850Hz  err=-16.318Hz  corr=-342.61W  u_ff=113.4W  PCAP→78W  power=78.8W
[PID] perf=27.164Hz  target=10.850Hz  err=-16.314Hz  corr=-342.54W  u_ff=113.4W  PCAP→78W  power=77.6W
[PID] perf=27.215Hz  target=10.850Hz  err=-16.365Hz  corr=-343.48W  u_ff=113.4W  PCAP→78W  power=77.5W
[PID] perf=27.212Hz  target=10.850Hz  err=-16.362Hz  corr=-343.43W  u_ff=113.4W  PCAP→78W  power=77.5W
[PID] perf=27.235Hz  target=10.850Hz  err=-16.385Hz  corr=-343.85W  u_ff=113.4W  PCAP→78W  power=77.4W
[PID] perf=27.240Hz  target=10.850Hz  err=-16.390Hz  corr=-343.96W  u_ff=113.4W  PCAP→78W  power=79.2W
[PID] perf=27.224Hz  target=10.850Hz  err=-16.374Hz  corr=-343.66W  u_ff=113.4W  PCAP→78W  power=79.2W
[PID] perf=27.217Hz  target=10.850Hz  err=-16.367Hz  corr=-343.52W  u_ff=113.4W  PCAP→78W  power=79.4W
[PID] perf=27.216Hz  target=10.850Hz  err=-16.366Hz  corr=-343.51W  u_ff=113.4W  PCAP→78W  power=78.7W
[PID] perf=27.198Hz  target=10.850Hz  err=-16.348Hz  corr=-343.17W  u_ff=113.4W  PCAP→78W  power=79.2W
[PID] perf=27.208Hz  target=10.850Hz  err=-16.358Hz  corr=-343.35W  u_ff=113.4W  PCAP→78W  power=78.5W
[PID] perf=27.204Hz  target=10.850Hz  err=-16.354Hz  corr=-343.29W  u_ff=113.4W  PCAP→78W  power=78.7W
[PID] perf=27.207Hz  target=10.850Hz  err=-16.357Hz  corr=-343.34W  u_ff=113.4W  PCAP→78W  power=77.6W
[PID] perf=27.163Hz  target=10.850Hz  err=-16.313Hz  corr=-342.52W  u_ff=113.4W  PCAP→78W  power=77.6W
[PID] perf=27.183Hz  target=10.850Hz  err=-16.333Hz  corr=-342.89W  u_ff=113.4W  PCAP→78W  power=76.3W
[PID] perf=27.180Hz  target=10.850Hz  err=-16.330Hz  corr=-342.83W  u_ff=113.4W  PCAP→78W  power=77.7W
[PID] perf=27.209Hz  target=10.850Hz  err=-16.359Hz  corr=-343.38W  u_ff=113.4W  PCAP→78W  power=79.0W
[PID] perf=27.246Hz  target=10.850Hz  err=-16.396Hz  corr=-344.06W  u_ff=113.4W  PCAP→78W  power=78.8W
[PID] perf=27.219Hz  target=10.850Hz  err=-16.369Hz  corr=-343.56W  u_ff=113.4W  PCAP→78W  power=77.8W
[PID] perf=27.206Hz  target=10.850Hz  err=-16.356Hz  corr=-343.32W  u_ff=113.4W  PCAP→78W  power=77.0W
[PID] perf=27.212Hz  target=10.850Hz  err=-16.362Hz  corr=-343.42W  u_ff=113.4W  PCAP→78W  power=78.3W
[PID] perf=27.198Hz  target=10.850Hz  err=-16.348Hz  corr=-343.17W  u_ff=113.4W  PCAP→78W  power=76.7W
[PID] perf=27.195Hz  target=10.850Hz  err=-16.345Hz  corr=-343.11W  u_ff=113.4W  PCAP→78W  power=78.6W
[PID] perf=27.191Hz  target=10.850Hz  err=-16.341Hz  corr=-343.04W  u_ff=113.4W  PCAP→78W  power=77.4W
[PID] perf=27.213Hz  target=10.850Hz  err=-16.363Hz  corr=-343.45W  u_ff=113.4W  PCAP→78W  power=76.3W
[PID] perf=27.224Hz  target=10.850Hz  err=-16.374Hz  corr=-343.66W  u_ff=113.4W  PCAP→78W  power=77.5W
[PID] perf=27.235Hz  target=10.850Hz  err=-16.385Hz  corr=-343.85W  u_ff=113.4W  PCAP→78W  power=77.3W
[PID] perf=27.248Hz  target=10.850Hz  err=-16.398Hz  corr=-344.10W  u_ff=113.4W  PCAP→78W  power=77.6W
[PID] perf=27.263Hz  target=10.850Hz  err=-16.413Hz  corr=-344.38W  u_ff=113.4W  PCAP→78W  power=77.6W
[PID] perf=27.237Hz  target=10.850Hz  err=-16.387Hz  corr=-343.90W  u_ff=113.4W  PCAP→78W  power=77.3W
[PID] perf=27.248Hz  target=10.850Hz  err=-16.398Hz  corr=-344.09W  u_ff=113.4W  PCAP→78W  power=77.2W
[PID] perf=27.259Hz  target=10.850Hz  err=-16.410Hz  corr=-344.31W  u_ff=113.4W  PCAP→78W  power=78.1W
[PID] perf=27.286Hz  target=10.850Hz  err=-16.436Hz  corr=-344.81W  u_ff=113.4W  PCAP→78W  power=77.3W
[PID] perf=27.237Hz  target=10.850Hz  err=-16.387Hz  corr=-343.90W  u_ff=113.4W  PCAP→78W  power=77.4W
[PID] perf=27.266Hz  target=10.850Hz  err=-16.416Hz  corr=-344.44W  u_ff=113.4W  PCAP→78W  power=78.9W
[PID] perf=27.274Hz  target=10.850Hz  err=-16.425Hz  corr=-344.59W  u_ff=113.4W  PCAP→78W  power=77.8W
[PID] perf=27.268Hz  target=10.850Hz  err=-16.418Hz  corr=-344.46W  u_ff=113.4W  PCAP→78W  power=77.9W
[PID] perf=27.259Hz  target=10.850Hz  err=-16.409Hz  corr=-344.30W  u_ff=113.4W  PCAP→78W  power=77.3W
[PID] perf=27.267Hz  target=10.850Hz  err=-16.418Hz  corr=-344.46W  u_ff=113.4W  PCAP→78W  power=77.0W
[PID] perf=27.288Hz  target=10.850Hz  err=-16.438Hz  corr=-344.83W  u_ff=113.4W  PCAP→78W  power=77.1W
[PID] perf=27.259Hz  target=10.850Hz  err=-16.409Hz  corr=-344.30W  u_ff=113.4W  PCAP→78W  power=76.4W
[PID] perf=27.263Hz  target=10.850Hz  err=-16.413Hz  corr=-344.38W  u_ff=113.4W  PCAP→78W  power=77.3W
[PID] perf=27.255Hz  target=10.850Hz  err=-16.405Hz  corr=-344.23W  u_ff=113.4W  PCAP→78W  power=77.2W
[PID] perf=27.216Hz  target=10.850Hz  err=-16.366Hz  corr=-343.51W  u_ff=113.4W  PCAP→78W  power=77.6W
[PID] perf=27.250Hz  target=10.850Hz  err=-16.400Hz  corr=-344.13W  u_ff=113.4W  PCAP→78W  power=77.1W
[PID] perf=27.245Hz  target=10.850Hz  err=-16.396Hz  corr=-344.05W  u_ff=113.4W  PCAP→78W  power=78.9W
[PID] perf=27.214Hz  target=10.850Hz  err=-16.364Hz  corr=-343.47W  u_ff=113.4W  PCAP→78W  power=78.6W
[PID] perf=27.202Hz  target=10.850Hz  err=-16.352Hz  corr=-343.25W  u_ff=113.4W  PCAP→78W  power=77.4W
[PID] perf=27.239Hz  target=10.850Hz  err=-16.389Hz  corr=-343.92W  u_ff=113.4W  PCAP→78W  power=78.9W
[PID] perf=27.257Hz  target=10.850Hz  err=-16.407Hz  corr=-344.27W  u_ff=113.4W  PCAP→78W  power=79.1W
[PID] perf=27.246Hz  target=10.850Hz  err=-16.396Hz  corr=-344.05W  u_ff=113.4W  PCAP→78W  power=77.1W
[PID] perf=27.204Hz  target=10.850Hz  err=-16.354Hz  corr=-343.27W  u_ff=113.4W  PCAP→78W  power=76.6W
[PID] perf=27.214Hz  target=10.850Hz  err=-16.364Hz  corr=-343.47W  u_ff=113.4W  PCAP→78W  power=77.9W
[PID] perf=27.201Hz  target=10.850Hz  err=-16.351Hz  corr=-343.23W  u_ff=113.4W  PCAP→78W  power=77.1W
[PID] perf=27.206Hz  target=10.850Hz  err=-16.357Hz  corr=-343.33W  u_ff=113.4W  PCAP→78W  power=78.3W
[PID] perf=27.213Hz  target=10.850Hz  err=-16.363Hz  corr=-343.44W  u_ff=113.4W  PCAP→78W  power=77.3W
[PID] perf=27.227Hz  target=10.850Hz  err=-16.378Hz  corr=-343.72W  u_ff=113.4W  PCAP→78W  power=77.8W
[PID] perf=27.220Hz  target=10.850Hz  err=-16.370Hz  corr=-343.58W  u_ff=113.4W  PCAP→78W  power=77.7W
[PID] perf=27.235Hz  target=10.850Hz  err=-16.385Hz  corr=-343.85W  u_ff=113.4W  PCAP→78W  power=77.5W
[PID] perf=27.237Hz  target=10.850Hz  err=-16.387Hz  corr=-343.89W  u_ff=113.4W  PCAP→78W  power=77.5W
[PID] perf=27.229Hz  target=10.850Hz  err=-16.379Hz  corr=-343.75W  u_ff=113.4W  PCAP→78W  power=77.6W
[PID] perf=27.195Hz  target=10.850Hz  err=-16.345Hz  corr=-343.12W  u_ff=113.4W  PCAP→78W  power=78.2W
[PID] perf=27.177Hz  target=10.850Hz  err=-16.327Hz  corr=-342.78W  u_ff=113.4W  PCAP→78W  power=78.5W
[PID] perf=27.244Hz  target=10.850Hz  err=-16.394Hz  corr=-344.03W  u_ff=113.4W  PCAP→78W  power=79.2W
[PID] perf=27.238Hz  target=10.850Hz  err=-16.388Hz  corr=-343.92W  u_ff=113.4W  PCAP→78W  power=77.8W
[PID] perf=27.236Hz  target=10.850Hz  err=-16.386Hz  corr=-343.88W  u_ff=113.4W  PCAP→78W  power=79.3W
[PID] perf=27.262Hz  target=10.850Hz  err=-16.412Hz  corr=-344.36W  u_ff=113.4W  PCAP→78W  power=77.3W
[PID] perf=27.236Hz  target=10.850Hz  err=-16.386Hz  corr=-343.87W  u_ff=113.4W  PCAP→78W  power=78.7W
[PID] perf=27.204Hz  target=10.850Hz  err=-16.354Hz  corr=-343.28W  u_ff=113.4W  PCAP→78W  power=79.2W
[PID] perf=27.279Hz  target=10.850Hz  err=-16.430Hz  corr=-344.68W  u_ff=113.4W  PCAP→78W  power=79.3W
[PID] perf=27.254Hz  target=10.850Hz  err=-16.404Hz  corr=-344.20W  u_ff=113.4W  PCAP→78W  power=78.4W
[PID] perf=27.245Hz  target=10.850Hz  err=-16.395Hz  corr=-344.04W  u_ff=113.4W  PCAP→78W  power=77.6W
[PID] perf=27.245Hz  target=10.850Hz  err=-16.396Hz  corr=-344.05W  u_ff=113.4W  PCAP→78W  power=77.1W
[PID] perf=27.235Hz  target=10.850Hz  err=-16.385Hz  corr=-343.85W  u_ff=113.4W  PCAP→78W  power=79.0W
[PID] perf=27.198Hz  target=10.850Hz  err=-16.349Hz  corr=-343.18W  u_ff=113.4W  PCAP→78W  power=78.2W
[PID] perf=27.205Hz  target=10.850Hz  err=-16.355Hz  corr=-343.29W  u_ff=113.4W  PCAP→78W  power=79.5W
[PID] perf=27.203Hz  target=10.850Hz  err=-16.353Hz  corr=-343.26W  u_ff=113.4W  PCAP→78W  power=78.1W
[PID] perf=27.206Hz  target=10.850Hz  err=-16.356Hz  corr=-343.32W  u_ff=113.4W  PCAP→78W  power=78.8W
[PID] perf=27.200Hz  target=10.850Hz  err=-16.350Hz  corr=-343.21W  u_ff=113.4W  PCAP→78W  power=79.3W
[PID] perf=27.212Hz  target=10.850Hz  err=-16.362Hz  corr=-343.43W  u_ff=113.4W  PCAP→78W  power=78.7W
[PID] perf=27.198Hz  target=10.850Hz  err=-16.348Hz  corr=-343.17W  u_ff=113.4W  PCAP→78W  power=79.5W
[PID] perf=27.239Hz  target=10.850Hz  err=-16.389Hz  corr=-343.94W  u_ff=113.4W  PCAP→78W  power=79.1W
[PID] perf=27.227Hz  target=10.850Hz  err=-16.378Hz  corr=-343.72W  u_ff=113.4W  PCAP→78W  power=79.1W
[PID] perf=27.210Hz  target=10.850Hz  err=-16.360Hz  corr=-343.40W  u_ff=113.4W  PCAP→78W  power=79.2W
[PID] perf=27.235Hz  target=10.850Hz  err=-16.386Hz  corr=-343.86W  u_ff=113.4W  PCAP→78W  power=77.2W
[PID] perf=27.265Hz  target=10.850Hz  err=-16.415Hz  corr=-344.41W  u_ff=113.4W  PCAP→78W  power=76.9W
[PID] perf=27.235Hz  target=10.850Hz  err=-16.385Hz  corr=-343.85W  u_ff=113.4W  PCAP→78W  power=78.6W
[PID] perf=27.227Hz  target=10.850Hz  err=-16.377Hz  corr=-343.71W  u_ff=113.4W  PCAP→78W  power=76.3W
[PID] perf=27.210Hz  target=10.850Hz  err=-16.361Hz  corr=-343.40W  u_ff=113.4W  PCAP→78W  power=77.2W
[PID] perf=27.235Hz  target=10.850Hz  err=-16.386Hz  corr=-343.87W  u_ff=113.4W  PCAP→78W  power=76.4W
[PID] perf=27.217Hz  target=10.850Hz  err=-16.367Hz  corr=-343.52W  u_ff=113.4W  PCAP→78W  power=78.4W
[PID] perf=27.263Hz  target=10.850Hz  err=-16.413Hz  corr=-344.38W  u_ff=113.4W  PCAP→78W  power=76.5W
[PID] perf=27.266Hz  target=10.850Hz  err=-16.416Hz  corr=-344.43W  u_ff=113.4W  PCAP→78W  power=76.9W
[PID] perf=27.268Hz  target=10.850Hz  err=-16.418Hz  corr=-344.47W  u_ff=113.4W  PCAP→78W  power=78.2W
[PID] perf=27.297Hz  target=10.850Hz  err=-16.447Hz  corr=-345.01W  u_ff=113.4W  PCAP→78W  power=78.6W
[PID] perf=27.287Hz  target=10.850Hz  err=-16.437Hz  corr=-344.82W  u_ff=113.4W  PCAP→78W  power=79.1W
[PID] perf=27.251Hz  target=10.850Hz  err=-16.401Hz  corr=-344.15W  u_ff=113.4W  PCAP→78W  power=77.0W
[PID] perf=27.232Hz  target=10.850Hz  err=-16.382Hz  corr=-343.81W  u_ff=113.4W  PCAP→78W  power=77.8W
[PID] perf=27.246Hz  target=10.850Hz  err=-16.396Hz  corr=-344.07W  u_ff=113.4W  PCAP→78W  power=77.9W
[PID] perf=27.238Hz  target=10.850Hz  err=-16.388Hz  corr=-343.91W  u_ff=113.4W  PCAP→78W  power=78.2W
[PID] perf=27.257Hz  target=10.850Hz  err=-16.407Hz  corr=-344.26W  u_ff=113.4W  PCAP→78W  power=77.2W
[PID] perf=27.192Hz  target=10.850Hz  err=-16.342Hz  corr=-343.06W  u_ff=113.4W  PCAP→78W  power=77.2W
[PID] perf=27.207Hz  target=10.850Hz  err=-16.357Hz  corr=-343.34W  u_ff=113.4W  PCAP→78W  power=76.4W
[PID] perf=27.178Hz  target=10.850Hz  err=-16.328Hz  corr=-342.81W  u_ff=113.4W  PCAP→78W  power=78.2W
[PID] perf=27.254Hz  target=10.850Hz  err=-16.404Hz  corr=-344.21W  u_ff=113.4W  PCAP→78W  power=77.1W
[PID] perf=27.230Hz  target=10.850Hz  err=-16.381Hz  corr=-343.77W  u_ff=113.4W  PCAP→78W  power=76.7W
[PID] perf=27.227Hz  target=10.850Hz  err=-16.377Hz  corr=-343.70W  u_ff=113.4W  PCAP→78W  power=78.4W
[PID] perf=27.202Hz  target=10.850Hz  err=-16.352Hz  corr=-343.25W  u_ff=113.4W  PCAP→78W  power=78.8W
[PID] perf=27.231Hz  target=10.850Hz  err=-16.381Hz  corr=-343.79W  u_ff=113.4W  PCAP→78W  power=78.1W
[PID] perf=27.239Hz  target=10.850Hz  err=-16.389Hz  corr=-343.94W  u_ff=113.4W  PCAP→78W  power=78.1W
[PID] perf=27.245Hz  target=10.850Hz  err=-16.395Hz  corr=-344.05W  u_ff=113.4W  PCAP→78W  power=77.0W
[PID] perf=27.278Hz  target=10.850Hz  err=-16.428Hz  corr=-344.65W  u_ff=113.4W  PCAP→78W  power=76.5W
[PID] perf=27.286Hz  target=10.850Hz  err=-16.436Hz  corr=-344.81W  u_ff=113.4W  PCAP→78W  power=78.4W
[PID] perf=27.240Hz  target=10.850Hz  err=-16.391Hz  corr=-343.96W  u_ff=113.4W  PCAP→78W  power=76.5W
[PID] perf=27.266Hz  target=10.850Hz  err=-16.416Hz  corr=-344.43W  u_ff=113.4W  PCAP→78W  power=76.9W
[PID] perf=27.242Hz  target=10.850Hz  err=-16.392Hz  corr=-343.98W  u_ff=113.4W  PCAP→78W  power=77.6W
[PID] perf=27.233Hz  target=10.850Hz  err=-16.383Hz  corr=-343.81W  u_ff=113.4W  PCAP→78W  power=77.0W
[PID] perf=27.235Hz  target=10.850Hz  err=-16.385Hz  corr=-343.86W  u_ff=113.4W  PCAP→78W  power=76.4W
[PID] perf=27.269Hz  target=10.850Hz  err=-16.419Hz  corr=-344.49W  u_ff=113.4W  PCAP→78W  power=78.2W
[PID] perf=27.258Hz  target=10.850Hz  err=-16.408Hz  corr=-344.28W  u_ff=113.4W  PCAP→78W  power=77.0W
[PID] perf=27.285Hz  target=10.850Hz  err=-16.436Hz  corr=-344.79W  u_ff=113.4W  PCAP→78W  power=76.1W
[PID] perf=27.250Hz  target=10.850Hz  err=-16.400Hz  corr=-344.13W  u_ff=113.4W  PCAP→78W  power=77.6W
[PID] perf=27.223Hz  target=10.850Hz  err=-16.373Hz  corr=-343.63W  u_ff=113.4W  PCAP→78W  power=77.7W
[PID] perf=27.194Hz  target=10.850Hz  err=-16.344Hz  corr=-343.10W  u_ff=113.4W  PCAP→78W  power=77.6W
[PID] perf=27.236Hz  target=10.850Hz  err=-16.386Hz  corr=-343.87W  u_ff=113.4W  PCAP→78W  power=78.1W
[PID] perf=27.259Hz  target=10.850Hz  err=-16.409Hz  corr=-344.30W  u_ff=113.4W  PCAP→78W  power=76.8W
[PID] perf=27.286Hz  target=10.850Hz  err=-16.436Hz  corr=-344.80W  u_ff=113.4W  PCAP→78W  power=79.2W
[PID] perf=27.272Hz  target=10.850Hz  err=-16.422Hz  corr=-344.55W  u_ff=113.4W  PCAP→78W  power=77.9W
[PID] perf=27.235Hz  target=10.850Hz  err=-16.385Hz  corr=-343.86W  u_ff=113.4W  PCAP→78W  power=77.5W
[PID] perf=27.279Hz  target=10.850Hz  err=-16.430Hz  corr=-344.68W  u_ff=113.4W  PCAP→78W  power=77.2W
[PID] perf=27.256Hz  target=10.850Hz  err=-16.406Hz  corr=-344.24W  u_ff=113.4W  PCAP→78W  power=77.4W
[PID] perf=27.270Hz  target=10.850Hz  err=-16.420Hz  corr=-344.51W  u_ff=113.4W  PCAP→78W  power=79.3W
[PID] perf=27.162Hz  target=10.850Hz  err=-16.312Hz  corr=-342.50W  u_ff=113.4W  PCAP→78W  power=74.5W
[PID] perf=25.977Hz  target=10.850Hz  err=-15.127Hz  corr=-320.52W  u_ff=113.4W  PCAP→78W  power=78.8W
[PID] perf=26.043Hz  target=10.850Hz  err=-15.193Hz  corr=-321.75W  u_ff=113.4W  PCAP→78W  power=77.5W
[PID] perf=26.096Hz  target=10.850Hz  err=-15.246Hz  corr=-322.73W  u_ff=113.4W  PCAP→78W  power=78.6W
[PID] perf=26.084Hz  target=10.850Hz  err=-15.234Hz  corr=-322.51W  u_ff=113.4W  PCAP→78W  power=78.5W
[PID] perf=26.113Hz  target=10.850Hz  err=-15.264Hz  corr=-323.06W  u_ff=113.4W  PCAP→78W  power=78.6W
[PID] perf=26.120Hz  target=10.850Hz  err=-15.270Hz  corr=-323.18W  u_ff=113.4W  PCAP→78W  power=79.4W
[PID] perf=26.151Hz  target=10.850Hz  err=-15.301Hz  corr=-323.75W  u_ff=113.4W  PCAP→78W  power=78.6W
[PID] perf=26.129Hz  target=10.850Hz  err=-15.279Hz  corr=-323.34W  u_ff=113.4W  PCAP→78W  power=78.5W
[PID] perf=26.184Hz  target=10.850Hz  err=-15.334Hz  corr=-324.37W  u_ff=113.4W  PCAP→78W  power=79.1W
[PID] perf=26.159Hz  target=10.850Hz  err=-15.309Hz  corr=-323.91W  u_ff=113.4W  PCAP→78W  power=77.8W
[PID] perf=26.150Hz  target=10.850Hz  err=-15.301Hz  corr=-323.74W  u_ff=113.4W  PCAP→78W  power=78.8W
[PID] perf=26.162Hz  target=10.850Hz  err=-15.312Hz  corr=-323.96W  u_ff=113.4W  PCAP→78W  power=77.8W
[PID] perf=26.144Hz  target=10.850Hz  err=-15.294Hz  corr=-323.63W  u_ff=113.4W  PCAP→78W  power=78.7W
[PID] perf=26.101Hz  target=10.850Hz  err=-15.251Hz  corr=-322.82W  u_ff=113.4W  PCAP→78W  power=79.0W
[PID] perf=26.080Hz  target=10.850Hz  err=-15.230Hz  corr=-322.44W  u_ff=113.4W  PCAP→78W  power=78.0W
[PID] perf=26.067Hz  target=10.850Hz  err=-15.218Hz  corr=-322.20W  u_ff=113.4W  PCAP→78W  power=77.5W
[PID] perf=26.094Hz  target=10.850Hz  err=-15.244Hz  corr=-322.69W  u_ff=113.4W  PCAP→78W  power=76.3W
[PID] perf=26.101Hz  target=10.850Hz  err=-15.251Hz  corr=-322.83W  u_ff=113.4W  PCAP→78W  power=78.5W
[PID] perf=26.079Hz  target=10.850Hz  err=-15.229Hz  corr=-322.42W  u_ff=113.4W  PCAP→78W  power=78.7W
[PID] perf=26.141Hz  target=10.850Hz  err=-15.291Hz  corr=-323.57W  u_ff=113.4W  PCAP→78W  power=76.8W
[PID] perf=26.120Hz  target=10.850Hz  err=-15.270Hz  corr=-323.19W  u_ff=113.4W  PCAP→78W  power=78.1W
[PID] perf=26.128Hz  target=10.850Hz  err=-15.278Hz  corr=-323.33W  u_ff=113.4W  PCAP→78W  power=77.0W
[PID] perf=26.165Hz  target=10.850Hz  err=-15.315Hz  corr=-324.01W  u_ff=113.4W  PCAP→78W  power=79.1W
[PID] perf=26.135Hz  target=10.850Hz  err=-15.285Hz  corr=-323.45W  u_ff=113.4W  PCAP→78W  power=78.8W
[PID] perf=26.143Hz  target=10.850Hz  err=-15.293Hz  corr=-323.61W  u_ff=113.4W  PCAP→78W  power=77.3W
[PID] perf=26.166Hz  target=10.850Hz  err=-15.316Hz  corr=-324.03W  u_ff=113.4W  PCAP→78W  power=77.2W
[PID] perf=26.150Hz  target=10.850Hz  err=-15.300Hz  corr=-323.74W  u_ff=113.4W  PCAP→78W  power=77.3W
[PID] perf=26.177Hz  target=10.850Hz  err=-15.327Hz  corr=-324.24W  u_ff=113.4W  PCAP→78W  power=77.5W
[PID] perf=26.167Hz  target=10.850Hz  err=-15.317Hz  corr=-324.05W  u_ff=113.4W  PCAP→78W  power=77.0W
[PID] perf=26.206Hz  target=10.850Hz  err=-15.356Hz  corr=-324.77W  u_ff=113.4W  PCAP→78W  power=79.1W
[PID] perf=26.217Hz  target=10.850Hz  err=-15.367Hz  corr=-324.99W  u_ff=113.4W  PCAP→78W  power=77.9W
[PID] perf=26.147Hz  target=10.850Hz  err=-15.297Hz  corr=-323.67W  u_ff=113.4W  PCAP→78W  power=78.7W
[PID] perf=26.141Hz  target=10.850Hz  err=-15.291Hz  corr=-323.56W  u_ff=113.4W  PCAP→78W  power=79.0W
[PID] perf=26.104Hz  target=10.850Hz  err=-15.254Hz  corr=-322.88W  u_ff=113.4W  PCAP→78W  power=77.1W
[PID] perf=26.171Hz  target=10.850Hz  err=-15.322Hz  corr=-324.13W  u_ff=113.4W  PCAP→78W  power=77.2W
[PID] perf=26.181Hz  target=10.850Hz  err=-15.331Hz  corr=-324.32W  u_ff=113.4W  PCAP→78W  power=77.1W
[PID] perf=26.126Hz  target=10.850Hz  err=-15.277Hz  corr=-323.30W  u_ff=113.4W  PCAP→78W  power=76.0W
[PID] perf=26.092Hz  target=10.850Hz  err=-15.243Hz  corr=-322.67W  u_ff=113.4W  PCAP→78W  power=78.4W
[PID] perf=26.137Hz  target=10.850Hz  err=-15.287Hz  corr=-323.49W  u_ff=113.4W  PCAP→78W  power=76.2W
[PID] perf=26.163Hz  target=10.850Hz  err=-15.313Hz  corr=-323.98W  u_ff=113.4W  PCAP→78W  power=78.7W
[PID] perf=26.164Hz  target=10.850Hz  err=-15.314Hz  corr=-323.99W  u_ff=113.4W  PCAP→78W  power=77.4W
[PID] perf=26.207Hz  target=10.850Hz  err=-15.357Hz  corr=-324.79W  u_ff=113.4W  PCAP→78W  power=77.4W
[PID] perf=26.155Hz  target=10.850Hz  err=-15.305Hz  corr=-323.83W  u_ff=113.4W  PCAP→78W  power=79.1W
[PID] perf=26.075Hz  target=10.850Hz  err=-15.226Hz  corr=-322.35W  u_ff=113.4W  PCAP→78W  power=77.6W
[PID] perf=26.133Hz  target=10.850Hz  err=-15.283Hz  corr=-323.42W  u_ff=113.4W  PCAP→78W  power=79.2W
[PID] perf=26.088Hz  target=10.850Hz  err=-15.238Hz  corr=-322.58W  u_ff=113.4W  PCAP→78W  power=76.1W
[PID] perf=26.096Hz  target=10.850Hz  err=-15.247Hz  corr=-322.74W  u_ff=113.4W  PCAP→78W  power=78.8W
[PID] perf=26.106Hz  target=10.850Hz  err=-15.257Hz  corr=-322.93W  u_ff=113.4W  PCAP→78W  power=76.8W
[PID] perf=26.099Hz  target=10.850Hz  err=-15.249Hz  corr=-322.78W  u_ff=113.4W  PCAP→78W  power=78.8W
[PID] perf=26.098Hz  target=10.850Hz  err=-15.248Hz  corr=-322.77W  u_ff=113.4W  PCAP→78W  power=78.1W
[PID] perf=26.176Hz  target=10.850Hz  err=-15.326Hz  corr=-324.21W  u_ff=113.4W  PCAP→78W  power=76.5W
[PID] perf=26.183Hz  target=10.850Hz  err=-15.333Hz  corr=-324.35W  u_ff=113.4W  PCAP→78W  power=77.0W
[PID] perf=26.144Hz  target=10.850Hz  err=-15.294Hz  corr=-323.62W  u_ff=113.4W  PCAP→78W  power=77.1W
[PID] perf=26.123Hz  target=10.850Hz  err=-15.273Hz  corr=-323.24W  u_ff=113.4W  PCAP→78W  power=77.4W
[PID] perf=26.106Hz  target=10.850Hz  err=-15.256Hz  corr=-322.92W  u_ff=113.4W  PCAP→78W  power=77.2W
[PID] perf=26.115Hz  target=10.850Hz  err=-15.265Hz  corr=-323.08W  u_ff=113.4W  PCAP→78W  power=77.7W
[PID] perf=26.110Hz  target=10.850Hz  err=-15.260Hz  corr=-322.99W  u_ff=113.4W  PCAP→78W  power=76.4W
[PID] perf=26.119Hz  target=10.850Hz  err=-15.269Hz  corr=-323.16W  u_ff=113.4W  PCAP→78W  power=76.7W
[PID] perf=26.140Hz  target=10.850Hz  err=-15.290Hz  corr=-323.56W  u_ff=113.4W  PCAP→78W  power=77.7W
[PID] perf=26.131Hz  target=10.850Hz  err=-15.281Hz  corr=-323.39W  u_ff=113.4W  PCAP→78W  power=79.0W
[PID] perf=26.119Hz  target=10.850Hz  err=-15.269Hz  corr=-323.16W  u_ff=113.4W  PCAP→78W  power=78.3W
[PID] perf=26.131Hz  target=10.850Hz  err=-15.281Hz  corr=-323.38W  u_ff=113.4W  PCAP→78W  power=76.3W
[PID] perf=26.113Hz  target=10.850Hz  err=-15.263Hz  corr=-323.05W  u_ff=113.4W  PCAP→78W  power=78.8W
[PID] perf=26.128Hz  target=10.850Hz  err=-15.279Hz  corr=-323.34W  u_ff=113.4W  PCAP→78W  power=77.1W
[PID] perf=26.122Hz  target=10.850Hz  err=-15.272Hz  corr=-323.22W  u_ff=113.4W  PCAP→78W  power=77.1W
[PID] perf=26.136Hz  target=10.850Hz  err=-15.287Hz  corr=-323.48W  u_ff=113.4W  PCAP→78W  power=77.6W
[PID] perf=26.147Hz  target=10.850Hz  err=-15.297Hz  corr=-323.67W  u_ff=113.4W  PCAP→78W  power=77.0W
[PID] perf=26.119Hz  target=10.850Hz  err=-15.269Hz  corr=-323.16W  u_ff=113.4W  PCAP→78W  power=76.7W
[PID] perf=26.164Hz  target=10.850Hz  err=-15.315Hz  corr=-324.00W  u_ff=113.4W  PCAP→78W  power=77.3W
[PID] perf=26.135Hz  target=10.850Hz  err=-15.285Hz  corr=-323.45W  u_ff=113.4W  PCAP→78W  power=77.9W
[PID] perf=26.170Hz  target=10.850Hz  err=-15.320Hz  corr=-324.11W  u_ff=113.4W  PCAP→78W  power=77.5W
[PID] perf=26.157Hz  target=10.850Hz  err=-15.307Hz  corr=-323.86W  u_ff=113.4W  PCAP→78W  power=76.4W
[PID] perf=26.140Hz  target=10.850Hz  err=-15.290Hz  corr=-323.56W  u_ff=113.4W  PCAP→78W  power=76.6W
[PID] perf=26.150Hz  target=10.850Hz  err=-15.300Hz  corr=-323.74W  u_ff=113.4W  PCAP→78W  power=77.4W
[PID] perf=26.124Hz  target=10.850Hz  err=-15.274Hz  corr=-323.26W  u_ff=113.4W  PCAP→78W  power=78.4W
[PID] perf=26.089Hz  target=10.850Hz  err=-15.239Hz  corr=-322.60W  u_ff=113.4W  PCAP→78W  power=77.3W
[PID] perf=26.129Hz  target=10.850Hz  err=-15.279Hz  corr=-323.34W  u_ff=113.4W  PCAP→78W  power=79.1W
[PID] perf=26.146Hz  target=10.850Hz  err=-15.296Hz  corr=-323.66W  u_ff=113.4W  PCAP→78W  power=78.5W
[PID] perf=26.165Hz  target=10.850Hz  err=-15.315Hz  corr=-324.01W  u_ff=113.4W  PCAP→78W  power=76.8W
[PID] perf=26.168Hz  target=10.850Hz  err=-15.318Hz  corr=-324.06W  u_ff=113.4W  PCAP→78W  power=78.0W
[PID] perf=26.184Hz  target=10.850Hz  err=-15.334Hz  corr=-324.37W  u_ff=113.4W  PCAP→78W  power=78.9W
[PID] perf=26.155Hz  target=10.850Hz  err=-15.305Hz  corr=-323.83W  u_ff=113.4W  PCAP→78W  power=77.1W
[PID] perf=26.100Hz  target=10.850Hz  err=-15.250Hz  corr=-322.81W  u_ff=113.4W  PCAP→78W  power=76.9W
[PID] perf=26.070Hz  target=10.850Hz  err=-15.220Hz  corr=-322.25W  u_ff=113.4W  PCAP→78W  power=77.0W
[PID] perf=26.115Hz  target=10.850Hz  err=-15.265Hz  corr=-323.08W  u_ff=113.4W  PCAP→78W  power=77.1W
[PID] perf=26.130Hz  target=10.850Hz  err=-15.280Hz  corr=-323.37W  u_ff=113.4W  PCAP→78W  power=78.6W
[PID] perf=26.111Hz  target=10.850Hz  err=-15.261Hz  corr=-323.01W  u_ff=113.4W  PCAP→78W  power=79.2W
[PID] perf=26.104Hz  target=10.850Hz  err=-15.254Hz  corr=-322.89W  u_ff=113.4W  PCAP→78W  power=76.4W
[PID] perf=26.091Hz  target=10.850Hz  err=-15.242Hz  corr=-322.65W  u_ff=113.4W  PCAP→78W  power=76.9W
[PID] perf=26.087Hz  target=10.850Hz  err=-15.237Hz  corr=-322.56W  u_ff=113.4W  PCAP→78W  power=78.3W
[PID] perf=26.178Hz  target=10.850Hz  err=-15.328Hz  corr=-324.26W  u_ff=113.4W  PCAP→78W  power=76.7W
[PID] perf=26.208Hz  target=10.850Hz  err=-15.359Hz  corr=-324.82W  u_ff=113.4W  PCAP→78W  power=77.2W
[PID] perf=26.221Hz  target=10.850Hz  err=-15.371Hz  corr=-325.06W  u_ff=113.4W  PCAP→78W  power=77.6W
[PID] perf=26.211Hz  target=10.850Hz  err=-15.361Hz  corr=-324.86W  u_ff=113.4W  PCAP→78W  power=79.4W
[PID] perf=26.251Hz  target=10.850Hz  err=-15.402Hz  corr=-325.62W  u_ff=113.4W  PCAP→78W  power=78.6W
[PID] perf=26.233Hz  target=10.850Hz  err=-15.383Hz  corr=-325.27W  u_ff=113.4W  PCAP→78W  power=76.9W
[PID] perf=26.232Hz  target=10.850Hz  err=-15.382Hz  corr=-325.26W  u_ff=113.4W  PCAP→78W  power=77.1W
[PID] perf=26.224Hz  target=10.850Hz  err=-15.374Hz  corr=-325.10W  u_ff=113.4W  PCAP→78W  power=78.3W
[PID] perf=26.213Hz  target=10.850Hz  err=-15.364Hz  corr=-324.91W  u_ff=113.4W  PCAP→78W  power=78.4W
[PID] perf=26.234Hz  target=10.850Hz  err=-15.384Hz  corr=-325.30W  u_ff=113.4W  PCAP→78W  power=79.3W
[PID] perf=26.233Hz  target=10.850Hz  err=-15.383Hz  corr=-325.28W  u_ff=113.4W  PCAP→78W  power=77.3W
[PID] perf=26.271Hz  target=10.850Hz  err=-15.421Hz  corr=-325.98W  u_ff=113.4W  PCAP→78W  power=78.4W
[PID] perf=26.212Hz  target=10.850Hz  err=-15.362Hz  corr=-324.88W  u_ff=113.4W  PCAP→78W  power=78.8W
[PID] perf=26.218Hz  target=10.850Hz  err=-15.368Hz  corr=-324.99W  u_ff=113.4W  PCAP→78W  power=78.1W
[PID] perf=26.185Hz  target=10.850Hz  err=-15.335Hz  corr=-324.39W  u_ff=113.4W  PCAP→78W  power=79.0W
[PID] perf=26.198Hz  target=10.850Hz  err=-15.348Hz  corr=-324.62W  u_ff=113.4W  PCAP→78W  power=78.0W
[PID] perf=26.221Hz  target=10.850Hz  err=-15.371Hz  corr=-325.06W  u_ff=113.4W  PCAP→78W  power=77.1W
[PID] perf=26.396Hz  target=10.850Hz  err=-15.546Hz  corr=-328.30W  u_ff=113.4W  PCAP→78W  power=76.4W
[PID] perf=26.797Hz  target=10.850Hz  err=-15.947Hz  corr=-335.73W  u_ff=113.4W  PCAP→78W  power=77.0W
[PID] perf=26.865Hz  target=10.850Hz  err=-16.015Hz  corr=-337.00W  u_ff=113.4W  PCAP→78W  power=76.6W
[PID] perf=26.882Hz  target=10.850Hz  err=-16.032Hz  corr=-337.31W  u_ff=113.4W  PCAP→78W  power=78.3W
[PID] perf=26.867Hz  target=10.850Hz  err=-16.018Hz  corr=-337.04W  u_ff=113.4W  PCAP→78W  power=79.1W
[PID] perf=26.875Hz  target=10.850Hz  err=-16.025Hz  corr=-337.18W  u_ff=113.4W  PCAP→78W  power=78.8W
[PID] perf=26.910Hz  target=10.850Hz  err=-16.061Hz  corr=-337.84W  u_ff=113.4W  PCAP→78W  power=78.7W
[PID] perf=26.910Hz  target=10.850Hz  err=-16.060Hz  corr=-337.83W  u_ff=113.4W  PCAP→78W  power=76.4W
[PID] perf=26.865Hz  target=10.850Hz  err=-16.016Hz  corr=-337.00W  u_ff=113.4W  PCAP→78W  power=79.0W
[PID] perf=26.803Hz  target=10.850Hz  err=-15.953Hz  corr=-335.84W  u_ff=113.4W  PCAP→78W  power=79.0W
[PID] perf=26.798Hz  target=10.850Hz  err=-15.949Hz  corr=-335.76W  u_ff=113.4W  PCAP→78W  power=78.2W
[PID] perf=26.838Hz  target=10.850Hz  err=-15.988Hz  corr=-336.49W  u_ff=113.4W  PCAP→78W  power=78.9W
[PID] perf=26.835Hz  target=10.850Hz  err=-15.986Hz  corr=-336.45W  u_ff=113.4W  PCAP→78W  power=77.6W
[PID] perf=26.855Hz  target=10.850Hz  err=-16.005Hz  corr=-336.81W  u_ff=113.4W  PCAP→78W  power=78.4W
[PID] perf=26.890Hz  target=10.850Hz  err=-16.040Hz  corr=-337.45W  u_ff=113.4W  PCAP→78W  power=77.6W
[PID] perf=26.886Hz  target=10.850Hz  err=-16.036Hz  corr=-337.39W  u_ff=113.4W  PCAP→78W  power=77.4W
[PID] perf=26.856Hz  target=10.850Hz  err=-16.006Hz  corr=-336.83W  u_ff=113.4W  PCAP→78W  power=79.0W
[PID] perf=26.881Hz  target=10.850Hz  err=-16.031Hz  corr=-337.29W  u_ff=113.4W  PCAP→78W  power=78.9W
[PID] perf=26.865Hz  target=10.850Hz  err=-16.015Hz  corr=-336.99W  u_ff=113.4W  PCAP→78W  power=77.1W
[PID] perf=26.879Hz  target=10.850Hz  err=-16.029Hz  corr=-337.25W  u_ff=113.4W  PCAP→78W  power=77.7W
[PID] perf=26.872Hz  target=10.850Hz  err=-16.022Hz  corr=-337.12W  u_ff=113.4W  PCAP→78W  power=77.2W
[PID] perf=26.880Hz  target=10.850Hz  err=-16.030Hz  corr=-337.27W  u_ff=113.4W  PCAP→78W  power=78.7W
[PID] perf=26.876Hz  target=10.850Hz  err=-16.026Hz  corr=-337.20W  u_ff=113.4W  PCAP→78W  power=77.2W
[PID] perf=26.863Hz  target=10.850Hz  err=-16.013Hz  corr=-336.96W  u_ff=113.4W  PCAP→78W  power=77.2W
[PID] perf=26.856Hz  target=10.850Hz  err=-16.007Hz  corr=-336.84W  u_ff=113.4W  PCAP→78W  power=77.1W
[PID] perf=26.861Hz  target=10.850Hz  err=-16.011Hz  corr=-336.93W  u_ff=113.4W  PCAP→78W  power=76.4W
[PID] perf=26.846Hz  target=10.850Hz  err=-15.996Hz  corr=-336.64W  u_ff=113.4W  PCAP→78W  power=78.7W
[PID] perf=26.828Hz  target=10.850Hz  err=-15.978Hz  corr=-336.31W  u_ff=113.4W  PCAP→78W  power=77.5W
[PID] perf=26.730Hz  target=10.850Hz  err=-15.880Hz  corr=-334.50W  u_ff=113.4W  PCAP→78W  power=78.1W
[PID] perf=26.716Hz  target=10.850Hz  err=-15.866Hz  corr=-334.23W  u_ff=113.4W  PCAP→78W  power=78.6W
[PID] perf=26.742Hz  target=10.850Hz  err=-15.892Hz  corr=-334.71W  u_ff=113.4W  PCAP→78W  power=78.6W
[PID] perf=26.772Hz  target=10.850Hz  err=-15.922Hz  corr=-335.27W  u_ff=113.4W  PCAP→78W  power=76.4W
[PID] perf=26.769Hz  target=10.850Hz  err=-15.920Hz  corr=-335.22W  u_ff=113.4W  PCAP→78W  power=78.7W
[PID] perf=26.764Hz  target=10.850Hz  err=-15.914Hz  corr=-335.13W  u_ff=113.4W  PCAP→78W  power=79.7W
[PID] perf=26.798Hz  target=10.850Hz  err=-15.948Hz  corr=-335.74W  u_ff=113.4W  PCAP→78W  power=76.9W
[PID] perf=26.767Hz  target=10.850Hz  err=-15.917Hz  corr=-335.18W  u_ff=113.4W  PCAP→78W  power=78.9W
[PID] perf=26.760Hz  target=10.850Hz  err=-15.910Hz  corr=-335.04W  u_ff=113.4W  PCAP→78W  power=78.9W
[PID] perf=26.782Hz  target=10.850Hz  err=-15.932Hz  corr=-335.46W  u_ff=113.4W  PCAP→78W  power=79.1W
[PID] perf=26.810Hz  target=10.850Hz  err=-15.960Hz  corr=-335.97W  u_ff=113.4W  PCAP→78W  power=78.3W
[PID] perf=26.761Hz  target=10.850Hz  err=-15.911Hz  corr=-335.07W  u_ff=113.4W  PCAP→78W  power=78.8W
[PID] perf=26.747Hz  target=10.850Hz  err=-15.897Hz  corr=-334.81W  u_ff=113.4W  PCAP→78W  power=78.6W
[PID] perf=26.783Hz  target=10.850Hz  err=-15.933Hz  corr=-335.48W  u_ff=113.4W  PCAP→78W  power=78.9W
[PID] perf=26.791Hz  target=10.850Hz  err=-15.941Hz  corr=-335.62W  u_ff=113.4W  PCAP→78W  power=78.6W
[PID] perf=26.797Hz  target=10.850Hz  err=-15.947Hz  corr=-335.74W  u_ff=113.4W  PCAP→78W  power=76.7W
[PID] perf=26.769Hz  target=10.850Hz  err=-15.920Hz  corr=-335.22W  u_ff=113.4W  PCAP→78W  power=78.6W
[PID] perf=26.737Hz  target=10.850Hz  err=-15.887Hz  corr=-334.63W  u_ff=113.4W  PCAP→78W  power=78.5W
[PID] perf=26.773Hz  target=10.850Hz  err=-15.923Hz  corr=-335.28W  u_ff=113.4W  PCAP→78W  power=76.8W
[PID] perf=26.795Hz  target=10.850Hz  err=-15.945Hz  corr=-335.69W  u_ff=113.4W  PCAP→78W  power=77.7W
[PID] perf=26.744Hz  target=10.850Hz  err=-15.894Hz  corr=-334.75W  u_ff=113.4W  PCAP→78W  power=78.3W
[PID] perf=26.756Hz  target=10.850Hz  err=-15.906Hz  corr=-334.97W  u_ff=113.4W  PCAP→78W  power=77.6W
Process completed.
Compressed into /home/cc/summer2024/main_codes/pid_controller/../experiment_data/PID_Control_sweep/ones-npb-cg/compressed_iteration_20260513_134619.tar
----------------------------------
