
>>> Step 1/3

[ones-npb-cg]
  target perf      : 9.3707 Hz
  coefficients_perf: [-0.0006547837485238978, 0.18607436314256556, -1.8317688501798497]
  feedforward PCAP : 86.59 W  →  89 W (snapped)
  Perf(u_ff) check : 9.3707 Hz  (should ≈ target)
  PID gains        : Kp=18.5447 W/Hz  Ki=1.85447 W/(Hz·s)  Kd=0.0000
[PID] Awaiting data — feedforward PCAP=89W
[PID] Awaiting data — feedforward PCAP=89W
[PID] Awaiting data — feedforward PCAP=89W
[PID] Awaiting data — feedforward PCAP=89W
[PID] Awaiting data — feedforward PCAP=89W
[PID] Awaiting data — feedforward PCAP=89W
[PID] perf=19.181Hz  target=9.371Hz  err=-9.810Hz  corr=-218.31W  u_ff=86.6W  PCAP→78W  power=nanW
[PID] perf=18.029Hz  target=9.371Hz  err=-8.658Hz  corr=-200.56W  u_ff=86.6W  PCAP→78W  power=77.9W
[PID] perf=18.001Hz  target=9.371Hz  err=-8.630Hz  corr=-200.05W  u_ff=86.6W  PCAP→78W  power=78.8W
[PID] perf=18.059Hz  target=9.371Hz  err=-8.688Hz  corr=-201.12W  u_ff=86.6W  PCAP→78W  power=78.2W
[PID] perf=18.100Hz  target=9.371Hz  err=-8.730Hz  corr=-201.89W  u_ff=86.6W  PCAP→78W  power=77.4W
[PID] perf=18.121Hz  target=9.371Hz  err=-8.750Hz  corr=-202.27W  u_ff=86.6W  PCAP→78W  power=76.5W
[PID] perf=18.092Hz  target=9.371Hz  err=-8.721Hz  corr=-201.73W  u_ff=86.6W  PCAP→78W  power=78.6W
[PID] perf=18.087Hz  target=9.371Hz  err=-8.716Hz  corr=-201.64W  u_ff=86.6W  PCAP→78W  power=78.3W
[PID] perf=18.068Hz  target=9.371Hz  err=-8.698Hz  corr=-201.29W  u_ff=86.6W  PCAP→78W  power=76.8W
[PID] perf=18.109Hz  target=9.371Hz  err=-8.739Hz  corr=-202.06W  u_ff=86.6W  PCAP→78W  power=76.9W
[PID] perf=18.096Hz  target=9.371Hz  err=-8.726Hz  corr=-201.82W  u_ff=86.6W  PCAP→78W  power=79.0W
[PID] perf=18.099Hz  target=9.371Hz  err=-8.729Hz  corr=-201.87W  u_ff=86.6W  PCAP→78W  power=77.8W
[PID] perf=18.123Hz  target=9.371Hz  err=-8.752Hz  corr=-202.31W  u_ff=86.6W  PCAP→78W  power=76.8W
[PID] perf=18.115Hz  target=9.371Hz  err=-8.744Hz  corr=-202.16W  u_ff=86.6W  PCAP→78W  power=77.3W
[PID] perf=18.111Hz  target=9.371Hz  err=-8.740Hz  corr=-202.09W  u_ff=86.6W  PCAP→78W  power=77.2W
[PID] perf=18.086Hz  target=9.371Hz  err=-8.715Hz  corr=-201.62W  u_ff=86.6W  PCAP→78W  power=77.9W
[PID] perf=18.098Hz  target=9.371Hz  err=-8.727Hz  corr=-201.85W  u_ff=86.6W  PCAP→78W  power=76.5W
[PID] perf=24.038Hz  target=9.371Hz  err=-14.667Hz  corr=-312.00W  u_ff=86.6W  PCAP→78W  power=76.9W
[PID] perf=27.485Hz  target=9.371Hz  err=-18.114Hz  corr=-375.92W  u_ff=86.6W  PCAP→78W  power=77.0W
[PID] perf=27.742Hz  target=9.371Hz  err=-18.371Hz  corr=-380.69W  u_ff=86.6W  PCAP→78W  power=76.8W
[PID] perf=27.734Hz  target=9.371Hz  err=-18.364Hz  corr=-380.55W  u_ff=86.6W  PCAP→78W  power=77.0W
[PID] perf=27.754Hz  target=9.371Hz  err=-18.383Hz  corr=-380.91W  u_ff=86.6W  PCAP→78W  power=76.4W
[PID] perf=27.738Hz  target=9.371Hz  err=-18.367Hz  corr=-380.62W  u_ff=86.6W  PCAP→78W  power=76.4W
[PID] perf=27.735Hz  target=9.371Hz  err=-18.364Hz  corr=-380.56W  u_ff=86.6W  PCAP→78W  power=77.2W
[PID] perf=27.750Hz  target=9.371Hz  err=-18.379Hz  corr=-380.83W  u_ff=86.6W  PCAP→78W  power=78.1W
[PID] perf=27.773Hz  target=9.371Hz  err=-18.403Hz  corr=-381.27W  u_ff=86.6W  PCAP→78W  power=78.2W
[PID] perf=27.772Hz  target=9.371Hz  err=-18.402Hz  corr=-381.25W  u_ff=86.6W  PCAP→78W  power=76.4W
[PID] perf=27.774Hz  target=9.371Hz  err=-18.403Hz  corr=-381.28W  u_ff=86.6W  PCAP→78W  power=77.8W
[PID] perf=27.791Hz  target=9.371Hz  err=-18.420Hz  corr=-381.60W  u_ff=86.6W  PCAP→78W  power=77.9W
[PID] perf=27.752Hz  target=9.371Hz  err=-18.381Hz  corr=-380.87W  u_ff=86.6W  PCAP→78W  power=77.0W
[PID] perf=27.771Hz  target=9.371Hz  err=-18.400Hz  corr=-381.23W  u_ff=86.6W  PCAP→78W  power=76.9W
[PID] perf=27.762Hz  target=9.371Hz  err=-18.391Hz  corr=-381.05W  u_ff=86.6W  PCAP→78W  power=76.5W
[PID] perf=27.786Hz  target=9.371Hz  err=-18.415Hz  corr=-381.50W  u_ff=86.6W  PCAP→78W  power=77.1W
[PID] perf=27.765Hz  target=9.371Hz  err=-18.394Hz  corr=-381.11W  u_ff=86.6W  PCAP→78W  power=79.2W
[PID] perf=27.751Hz  target=9.371Hz  err=-18.381Hz  corr=-380.86W  u_ff=86.6W  PCAP→78W  power=78.1W
[PID] perf=27.754Hz  target=9.371Hz  err=-18.383Hz  corr=-380.90W  u_ff=86.6W  PCAP→78W  power=78.4W
[PID] perf=27.774Hz  target=9.371Hz  err=-18.403Hz  corr=-381.28W  u_ff=86.6W  PCAP→78W  power=77.7W
[PID] perf=27.788Hz  target=9.371Hz  err=-18.418Hz  corr=-381.55W  u_ff=86.6W  PCAP→78W  power=76.8W
[PID] perf=27.772Hz  target=9.371Hz  err=-18.402Hz  corr=-381.25W  u_ff=86.6W  PCAP→78W  power=78.6W
[PID] perf=27.778Hz  target=9.371Hz  err=-18.408Hz  corr=-381.36W  u_ff=86.6W  PCAP→78W  power=77.0W
[PID] perf=27.804Hz  target=9.371Hz  err=-18.433Hz  corr=-381.84W  u_ff=86.6W  PCAP→78W  power=77.6W
[PID] perf=27.802Hz  target=9.371Hz  err=-18.431Hz  corr=-381.80W  u_ff=86.6W  PCAP→78W  power=77.4W
[PID] perf=27.785Hz  target=9.371Hz  err=-18.415Hz  corr=-381.49W  u_ff=86.6W  PCAP→78W  power=76.7W
[PID] perf=27.778Hz  target=9.371Hz  err=-18.407Hz  corr=-381.35W  u_ff=86.6W  PCAP→78W  power=77.1W
[PID] perf=27.807Hz  target=9.371Hz  err=-18.436Hz  corr=-381.89W  u_ff=86.6W  PCAP→78W  power=77.1W
[PID] perf=27.795Hz  target=9.371Hz  err=-18.425Hz  corr=-381.68W  u_ff=86.6W  PCAP→78W  power=79.7W
[PID] perf=27.795Hz  target=9.371Hz  err=-18.424Hz  corr=-381.67W  u_ff=86.6W  PCAP→78W  power=79.3W
[PID] perf=27.812Hz  target=9.371Hz  err=-18.441Hz  corr=-381.99W  u_ff=86.6W  PCAP→78W  power=77.4W
[PID] perf=27.763Hz  target=9.371Hz  err=-18.392Hz  corr=-381.08W  u_ff=86.6W  PCAP→78W  power=76.7W
[PID] perf=27.779Hz  target=9.371Hz  err=-18.408Hz  corr=-381.38W  u_ff=86.6W  PCAP→78W  power=77.7W
[PID] perf=27.776Hz  target=9.371Hz  err=-18.405Hz  corr=-381.32W  u_ff=86.6W  PCAP→78W  power=77.2W
[PID] perf=27.801Hz  target=9.371Hz  err=-18.430Hz  corr=-381.78W  u_ff=86.6W  PCAP→78W  power=78.3W
[PID] perf=27.793Hz  target=9.371Hz  err=-18.422Hz  corr=-381.63W  u_ff=86.6W  PCAP→78W  power=78.3W
[PID] perf=27.785Hz  target=9.371Hz  err=-18.415Hz  corr=-381.50W  u_ff=86.6W  PCAP→78W  power=77.9W
[PID] perf=27.734Hz  target=9.371Hz  err=-18.363Hz  corr=-380.53W  u_ff=86.6W  PCAP→78W  power=77.6W
[PID] perf=27.791Hz  target=9.371Hz  err=-18.421Hz  corr=-381.60W  u_ff=86.6W  PCAP→78W  power=78.1W
[PID] perf=27.747Hz  target=9.371Hz  err=-18.377Hz  corr=-380.79W  u_ff=86.6W  PCAP→78W  power=77.0W
[PID] perf=27.764Hz  target=9.371Hz  err=-18.394Hz  corr=-381.10W  u_ff=86.6W  PCAP→78W  power=78.6W
[PID] perf=27.756Hz  target=9.371Hz  err=-18.385Hz  corr=-380.94W  u_ff=86.6W  PCAP→78W  power=78.4W
[PID] perf=27.790Hz  target=9.371Hz  err=-18.419Hz  corr=-381.58W  u_ff=86.6W  PCAP→78W  power=78.2W
[PID] perf=27.781Hz  target=9.371Hz  err=-18.410Hz  corr=-381.41W  u_ff=86.6W  PCAP→78W  power=76.9W
[PID] perf=27.791Hz  target=9.371Hz  err=-18.420Hz  corr=-381.59W  u_ff=86.6W  PCAP→78W  power=76.3W
[PID] perf=27.817Hz  target=9.371Hz  err=-18.447Hz  corr=-382.08W  u_ff=86.6W  PCAP→78W  power=77.0W
[PID] perf=27.799Hz  target=9.371Hz  err=-18.429Hz  corr=-381.75W  u_ff=86.6W  PCAP→78W  power=77.8W
[PID] perf=27.766Hz  target=9.371Hz  err=-18.396Hz  corr=-381.14W  u_ff=86.6W  PCAP→78W  power=77.9W
[PID] perf=27.780Hz  target=9.371Hz  err=-18.410Hz  corr=-381.40W  u_ff=86.6W  PCAP→78W  power=78.3W
[PID] perf=27.771Hz  target=9.371Hz  err=-18.401Hz  corr=-381.23W  u_ff=86.6W  PCAP→78W  power=77.2W
[PID] perf=27.771Hz  target=9.371Hz  err=-18.401Hz  corr=-381.23W  u_ff=86.6W  PCAP→78W  power=76.2W
[PID] perf=27.762Hz  target=9.371Hz  err=-18.392Hz  corr=-381.07W  u_ff=86.6W  PCAP→78W  power=78.1W
[PID] perf=27.766Hz  target=9.371Hz  err=-18.395Hz  corr=-381.13W  u_ff=86.6W  PCAP→78W  power=79.0W
[PID] perf=27.776Hz  target=9.371Hz  err=-18.405Hz  corr=-381.32W  u_ff=86.6W  PCAP→78W  power=76.8W
[PID] perf=27.757Hz  target=9.371Hz  err=-18.387Hz  corr=-380.98W  u_ff=86.6W  PCAP→78W  power=78.9W
[PID] perf=27.770Hz  target=9.371Hz  err=-18.399Hz  corr=-381.20W  u_ff=86.6W  PCAP→78W  power=79.2W
[PID] perf=27.759Hz  target=9.371Hz  err=-18.389Hz  corr=-381.01W  u_ff=86.6W  PCAP→78W  power=76.6W
[PID] perf=28.769Hz  target=9.371Hz  err=-19.399Hz  corr=-399.74W  u_ff=86.6W  PCAP→78W  power=76.3W
[PID] perf=28.784Hz  target=9.371Hz  err=-19.413Hz  corr=-400.01W  u_ff=86.6W  PCAP→78W  power=77.1W
[PID] perf=27.055Hz  target=9.371Hz  err=-17.684Hz  corr=-367.95W  u_ff=86.6W  PCAP→78W  power=76.7W
[PID] perf=27.154Hz  target=9.371Hz  err=-17.783Hz  corr=-369.78W  u_ff=86.6W  PCAP→78W  power=77.2W
[PID] perf=27.123Hz  target=9.371Hz  err=-17.752Hz  corr=-369.21W  u_ff=86.6W  PCAP→78W  power=77.8W
[PID] perf=27.128Hz  target=9.371Hz  err=-17.757Hz  corr=-369.30W  u_ff=86.6W  PCAP→78W  power=77.9W
[PID] perf=27.157Hz  target=9.371Hz  err=-17.787Hz  corr=-369.85W  u_ff=86.6W  PCAP→78W  power=78.9W
[PID] perf=27.188Hz  target=9.371Hz  err=-17.817Hz  corr=-370.41W  u_ff=86.6W  PCAP→78W  power=76.3W
[PID] perf=27.150Hz  target=9.371Hz  err=-17.779Hz  corr=-369.71W  u_ff=86.6W  PCAP→78W  power=76.3W
[PID] perf=27.543Hz  target=9.371Hz  err=-18.172Hz  corr=-377.00W  u_ff=86.6W  PCAP→78W  power=78.4W
[PID] perf=27.499Hz  target=9.371Hz  err=-18.128Hz  corr=-376.19W  u_ff=86.6W  PCAP→78W  power=79.0W
[PID] perf=27.522Hz  target=9.371Hz  err=-18.151Hz  corr=-376.60W  u_ff=86.6W  PCAP→78W  power=77.0W
[PID] perf=27.560Hz  target=9.371Hz  err=-18.189Hz  corr=-377.32W  u_ff=86.6W  PCAP→78W  power=77.6W
[PID] perf=27.569Hz  target=9.371Hz  err=-18.198Hz  corr=-377.48W  u_ff=86.6W  PCAP→78W  power=77.0W
[PID] perf=27.568Hz  target=9.371Hz  err=-18.198Hz  corr=-377.47W  u_ff=86.6W  PCAP→78W  power=78.4W
[PID] perf=27.580Hz  target=9.371Hz  err=-18.210Hz  corr=-377.69W  u_ff=86.6W  PCAP→78W  power=78.9W
[PID] perf=27.205Hz  target=9.371Hz  err=-17.835Hz  corr=-370.74W  u_ff=86.6W  PCAP→78W  power=79.5W
[PID] perf=27.160Hz  target=9.371Hz  err=-17.789Hz  corr=-369.89W  u_ff=86.6W  PCAP→78W  power=77.6W
[PID] perf=27.162Hz  target=9.371Hz  err=-17.791Hz  corr=-369.94W  u_ff=86.6W  PCAP→78W  power=76.9W
[PID] perf=27.587Hz  target=9.371Hz  err=-18.216Hz  corr=-377.82W  u_ff=86.6W  PCAP→78W  power=77.2W
[PID] perf=27.558Hz  target=9.371Hz  err=-18.187Hz  corr=-377.28W  u_ff=86.6W  PCAP→78W  power=78.5W
[PID] perf=27.578Hz  target=9.371Hz  err=-18.207Hz  corr=-377.64W  u_ff=86.6W  PCAP→78W  power=79.0W
[PID] perf=27.564Hz  target=9.371Hz  err=-18.194Hz  corr=-377.39W  u_ff=86.6W  PCAP→78W  power=78.9W
[PID] perf=27.536Hz  target=9.371Hz  err=-18.165Hz  corr=-376.87W  u_ff=86.6W  PCAP→78W  power=78.4W
[PID] perf=27.541Hz  target=9.371Hz  err=-18.170Hz  corr=-376.96W  u_ff=86.6W  PCAP→78W  power=77.3W
[PID] perf=27.515Hz  target=9.371Hz  err=-18.144Hz  corr=-376.48W  u_ff=86.6W  PCAP→78W  power=77.0W
[PID] perf=27.553Hz  target=9.371Hz  err=-18.182Hz  corr=-377.18W  u_ff=86.6W  PCAP→78W  power=77.3W
[PID] perf=27.551Hz  target=9.371Hz  err=-18.180Hz  corr=-377.14W  u_ff=86.6W  PCAP→78W  power=77.3W
[PID] perf=27.575Hz  target=9.371Hz  err=-18.205Hz  corr=-377.60W  u_ff=86.6W  PCAP→78W  power=78.9W
[PID] perf=27.558Hz  target=9.371Hz  err=-18.188Hz  corr=-377.28W  u_ff=86.6W  PCAP→78W  power=77.0W
[PID] perf=27.554Hz  target=9.371Hz  err=-18.183Hz  corr=-377.20W  u_ff=86.6W  PCAP→78W  power=76.4W
[PID] perf=27.530Hz  target=9.371Hz  err=-18.160Hz  corr=-376.77W  u_ff=86.6W  PCAP→78W  power=76.4W
[PID] perf=27.543Hz  target=9.371Hz  err=-18.172Hz  corr=-376.99W  u_ff=86.6W  PCAP→78W  power=76.8W
[PID] perf=27.546Hz  target=9.371Hz  err=-18.175Hz  corr=-377.06W  u_ff=86.6W  PCAP→78W  power=78.2W
[PID] perf=27.546Hz  target=9.371Hz  err=-18.175Hz  corr=-377.05W  u_ff=86.6W  PCAP→78W  power=77.7W
[PID] perf=27.553Hz  target=9.371Hz  err=-18.182Hz  corr=-377.19W  u_ff=86.6W  PCAP→78W  power=77.7W
[PID] perf=27.562Hz  target=9.371Hz  err=-18.191Hz  corr=-377.35W  u_ff=86.6W  PCAP→78W  power=77.8W
[PID] perf=27.551Hz  target=9.371Hz  err=-18.180Hz  corr=-377.14W  u_ff=86.6W  PCAP→78W  power=77.1W
[PID] perf=27.539Hz  target=9.371Hz  err=-18.168Hz  corr=-376.92W  u_ff=86.6W  PCAP→78W  power=77.5W
[PID] perf=27.550Hz  target=9.371Hz  err=-18.180Hz  corr=-377.14W  u_ff=86.6W  PCAP→78W  power=77.0W
[PID] perf=27.562Hz  target=9.371Hz  err=-18.192Hz  corr=-377.36W  u_ff=86.6W  PCAP→78W  power=77.5W
[PID] perf=27.555Hz  target=9.371Hz  err=-18.184Hz  corr=-377.22W  u_ff=86.6W  PCAP→78W  power=77.5W
[PID] perf=27.563Hz  target=9.371Hz  err=-18.192Hz  corr=-377.36W  u_ff=86.6W  PCAP→78W  power=79.5W
[PID] perf=27.574Hz  target=9.371Hz  err=-18.204Hz  corr=-377.58W  u_ff=86.6W  PCAP→78W  power=78.3W
[PID] perf=27.555Hz  target=9.371Hz  err=-18.185Hz  corr=-377.23W  u_ff=86.6W  PCAP→78W  power=77.8W
[PID] perf=27.554Hz  target=9.371Hz  err=-18.183Hz  corr=-377.21W  u_ff=86.6W  PCAP→78W  power=77.2W
[PID] perf=27.544Hz  target=9.371Hz  err=-18.173Hz  corr=-377.02W  u_ff=86.6W  PCAP→78W  power=77.2W
[PID] perf=27.555Hz  target=9.371Hz  err=-18.184Hz  corr=-377.21W  u_ff=86.6W  PCAP→78W  power=78.6W
[PID] perf=27.522Hz  target=9.371Hz  err=-18.151Hz  corr=-376.60W  u_ff=86.6W  PCAP→78W  power=77.8W
[PID] perf=27.509Hz  target=9.371Hz  err=-18.138Hz  corr=-376.36W  u_ff=86.6W  PCAP→78W  power=76.8W
[PID] perf=27.542Hz  target=9.371Hz  err=-18.172Hz  corr=-376.99W  u_ff=86.6W  PCAP→78W  power=77.0W
[PID] perf=27.538Hz  target=9.371Hz  err=-18.167Hz  corr=-376.90W  u_ff=86.6W  PCAP→78W  power=77.2W
[PID] perf=27.539Hz  target=9.371Hz  err=-18.168Hz  corr=-376.92W  u_ff=86.6W  PCAP→78W  power=78.0W
[PID] perf=27.563Hz  target=9.371Hz  err=-18.192Hz  corr=-377.36W  u_ff=86.6W  PCAP→78W  power=78.5W
[PID] perf=27.557Hz  target=9.371Hz  err=-18.187Hz  corr=-377.27W  u_ff=86.6W  PCAP→78W  power=78.1W
[PID] perf=27.546Hz  target=9.371Hz  err=-18.175Hz  corr=-377.05W  u_ff=86.6W  PCAP→78W  power=78.1W
[PID] perf=27.544Hz  target=9.371Hz  err=-18.173Hz  corr=-377.02W  u_ff=86.6W  PCAP→78W  power=77.7W
[PID] perf=27.540Hz  target=9.371Hz  err=-18.169Hz  corr=-376.94W  u_ff=86.6W  PCAP→78W  power=77.2W
[PID] perf=27.542Hz  target=9.371Hz  err=-18.172Hz  corr=-376.99W  u_ff=86.6W  PCAP→78W  power=77.1W
[PID] perf=25.588Hz  target=9.371Hz  err=-16.217Hz  corr=-340.74W  u_ff=86.6W  PCAP→78W  power=79.2W
[PID] perf=25.828Hz  target=9.371Hz  err=-16.458Hz  corr=-345.20W  u_ff=86.6W  PCAP→78W  power=78.9W
[PID] perf=25.875Hz  target=9.371Hz  err=-16.505Hz  corr=-346.07W  u_ff=86.6W  PCAP→78W  power=78.1W
[PID] perf=25.888Hz  target=9.371Hz  err=-16.518Hz  corr=-346.31W  u_ff=86.6W  PCAP→78W  power=77.2W
[PID] perf=25.911Hz  target=9.371Hz  err=-16.540Hz  corr=-346.73W  u_ff=86.6W  PCAP→78W  power=76.3W
[PID] perf=25.862Hz  target=9.371Hz  err=-16.491Hz  corr=-345.82W  u_ff=86.6W  PCAP→78W  power=77.5W
[PID] perf=25.846Hz  target=9.371Hz  err=-16.476Hz  corr=-345.54W  u_ff=86.6W  PCAP→78W  power=78.4W
[PID] perf=25.888Hz  target=9.371Hz  err=-16.517Hz  corr=-346.31W  u_ff=86.6W  PCAP→78W  power=77.2W
[PID] perf=25.864Hz  target=9.371Hz  err=-16.493Hz  corr=-345.85W  u_ff=86.6W  PCAP→78W  power=77.3W
[PID] perf=25.905Hz  target=9.371Hz  err=-16.534Hz  corr=-346.62W  u_ff=86.6W  PCAP→78W  power=77.8W
[PID] perf=25.875Hz  target=9.371Hz  err=-16.505Hz  corr=-346.07W  u_ff=86.6W  PCAP→78W  power=78.1W
[PID] perf=25.912Hz  target=9.371Hz  err=-16.541Hz  corr=-346.76W  u_ff=86.6W  PCAP→78W  power=76.4W
[PID] perf=25.885Hz  target=9.371Hz  err=-16.514Hz  corr=-346.24W  u_ff=86.6W  PCAP→78W  power=77.2W
[PID] perf=25.911Hz  target=9.371Hz  err=-16.540Hz  corr=-346.74W  u_ff=86.6W  PCAP→78W  power=76.9W
[PID] perf=25.904Hz  target=9.371Hz  err=-16.533Hz  corr=-346.60W  u_ff=86.6W  PCAP→78W  power=77.9W
[PID] perf=25.908Hz  target=9.371Hz  err=-16.537Hz  corr=-346.68W  u_ff=86.6W  PCAP→78W  power=78.8W
[PID] perf=25.908Hz  target=9.371Hz  err=-16.538Hz  corr=-346.69W  u_ff=86.6W  PCAP→78W  power=77.3W
[PID] perf=25.883Hz  target=9.371Hz  err=-16.513Hz  corr=-346.22W  u_ff=86.6W  PCAP→78W  power=77.7W
[PID] perf=25.895Hz  target=9.371Hz  err=-16.525Hz  corr=-346.45W  u_ff=86.6W  PCAP→78W  power=78.7W
[PID] perf=25.887Hz  target=9.371Hz  err=-16.516Hz  corr=-346.29W  u_ff=86.6W  PCAP→78W  power=77.9W
[PID] perf=25.847Hz  target=9.371Hz  err=-16.476Hz  corr=-345.55W  u_ff=86.6W  PCAP→78W  power=78.6W
[PID] perf=25.878Hz  target=9.371Hz  err=-16.508Hz  corr=-346.13W  u_ff=86.6W  PCAP→78W  power=78.4W
[PID] perf=25.871Hz  target=9.371Hz  err=-16.500Hz  corr=-345.99W  u_ff=86.6W  PCAP→78W  power=78.5W
[PID] perf=25.897Hz  target=9.371Hz  err=-16.526Hz  corr=-346.48W  u_ff=86.6W  PCAP→78W  power=76.4W
[PID] perf=25.911Hz  target=9.371Hz  err=-16.540Hz  corr=-346.73W  u_ff=86.6W  PCAP→78W  power=76.9W
[PID] perf=25.896Hz  target=9.371Hz  err=-16.525Hz  corr=-346.46W  u_ff=86.6W  PCAP→78W  power=76.2W
[PID] perf=25.892Hz  target=9.371Hz  err=-16.521Hz  corr=-346.38W  u_ff=86.6W  PCAP→78W  power=78.1W
[PID] perf=25.891Hz  target=9.371Hz  err=-16.520Hz  corr=-346.36W  u_ff=86.6W  PCAP→78W  power=78.1W
[PID] perf=25.857Hz  target=9.371Hz  err=-16.486Hz  corr=-345.74W  u_ff=86.6W  PCAP→78W  power=78.3W
[PID] perf=25.883Hz  target=9.371Hz  err=-16.512Hz  corr=-346.21W  u_ff=86.6W  PCAP→78W  power=78.1W
[PID] perf=25.887Hz  target=9.371Hz  err=-16.516Hz  corr=-346.29W  u_ff=86.6W  PCAP→78W  power=77.7W
[PID] perf=25.889Hz  target=9.371Hz  err=-16.518Hz  corr=-346.32W  u_ff=86.6W  PCAP→78W  power=79.2W
[PID] perf=25.930Hz  target=9.371Hz  err=-16.559Hz  corr=-347.09W  u_ff=86.6W  PCAP→78W  power=77.3W
[PID] perf=25.882Hz  target=9.371Hz  err=-16.511Hz  corr=-346.19W  u_ff=86.6W  PCAP→78W  power=76.7W
[PID] perf=25.881Hz  target=9.371Hz  err=-16.510Hz  corr=-346.18W  u_ff=86.6W  PCAP→78W  power=78.1W
[PID] perf=25.914Hz  target=9.371Hz  err=-16.543Hz  corr=-346.79W  u_ff=86.6W  PCAP→78W  power=77.4W
[PID] perf=25.883Hz  target=9.371Hz  err=-16.512Hz  corr=-346.22W  u_ff=86.6W  PCAP→78W  power=79.0W
[PID] perf=25.874Hz  target=9.371Hz  err=-16.503Hz  corr=-346.05W  u_ff=86.6W  PCAP→78W  power=78.5W
[PID] perf=25.884Hz  target=9.371Hz  err=-16.514Hz  corr=-346.24W  u_ff=86.6W  PCAP→78W  power=79.3W
[PID] perf=25.899Hz  target=9.371Hz  err=-16.528Hz  corr=-346.51W  u_ff=86.6W  PCAP→78W  power=78.2W
[PID] perf=25.885Hz  target=9.371Hz  err=-16.514Hz  corr=-346.24W  u_ff=86.6W  PCAP→78W  power=79.4W
[PID] perf=25.884Hz  target=9.371Hz  err=-16.513Hz  corr=-346.23W  u_ff=86.6W  PCAP→78W  power=78.9W
[PID] perf=25.882Hz  target=9.371Hz  err=-16.511Hz  corr=-346.19W  u_ff=86.6W  PCAP→78W  power=77.2W
[PID] perf=25.856Hz  target=9.371Hz  err=-16.486Hz  corr=-345.72W  u_ff=86.6W  PCAP→78W  power=78.3W
[PID] perf=25.905Hz  target=9.371Hz  err=-16.534Hz  corr=-346.61W  u_ff=86.6W  PCAP→78W  power=76.8W
[PID] perf=25.906Hz  target=9.371Hz  err=-16.535Hz  corr=-346.64W  u_ff=86.6W  PCAP→78W  power=77.1W
[PID] perf=25.905Hz  target=9.371Hz  err=-16.534Hz  corr=-346.62W  u_ff=86.6W  PCAP→78W  power=76.6W
[PID] perf=25.902Hz  target=9.371Hz  err=-16.531Hz  corr=-346.56W  u_ff=86.6W  PCAP→78W  power=76.9W
[PID] perf=25.873Hz  target=9.371Hz  err=-16.502Hz  corr=-346.03W  u_ff=86.6W  PCAP→78W  power=77.4W
[PID] perf=25.901Hz  target=9.371Hz  err=-16.530Hz  corr=-346.55W  u_ff=86.6W  PCAP→78W  power=76.1W
[PID] perf=25.880Hz  target=9.371Hz  err=-16.509Hz  corr=-346.16W  u_ff=86.6W  PCAP→78W  power=77.9W
[PID] perf=25.893Hz  target=9.371Hz  err=-16.523Hz  corr=-346.41W  u_ff=86.6W  PCAP→78W  power=78.8W
[PID] perf=25.192Hz  target=9.371Hz  err=-15.822Hz  corr=-333.41W  u_ff=86.6W  PCAP→78W  power=77.3W
[PID] perf=25.086Hz  target=9.371Hz  err=-15.715Hz  corr=-331.43W  u_ff=86.6W  PCAP→78W  power=76.1W
[PID] perf=25.161Hz  target=9.371Hz  err=-15.790Hz  corr=-332.82W  u_ff=86.6W  PCAP→78W  power=77.5W
[PID] perf=25.200Hz  target=9.371Hz  err=-15.830Hz  corr=-333.56W  u_ff=86.6W  PCAP→78W  power=76.7W
[PID] perf=25.205Hz  target=9.371Hz  err=-15.834Hz  corr=-333.64W  u_ff=86.6W  PCAP→78W  power=78.3W
[PID] perf=25.208Hz  target=9.371Hz  err=-15.837Hz  corr=-333.70W  u_ff=86.6W  PCAP→78W  power=77.0W
[PID] perf=25.254Hz  target=9.371Hz  err=-15.883Hz  corr=-334.54W  u_ff=86.6W  PCAP→78W  power=79.3W
[PID] perf=25.266Hz  target=9.371Hz  err=-15.896Hz  corr=-334.78W  u_ff=86.6W  PCAP→78W  power=78.6W
[PID] perf=25.249Hz  target=9.371Hz  err=-15.878Hz  corr=-334.46W  u_ff=86.6W  PCAP→78W  power=77.8W
[PID] perf=25.279Hz  target=9.371Hz  err=-15.908Hz  corr=-335.01W  u_ff=86.6W  PCAP→78W  power=77.0W
[PID] perf=25.226Hz  target=9.371Hz  err=-15.855Hz  corr=-334.02W  u_ff=86.6W  PCAP→78W  power=77.0W
[PID] perf=25.225Hz  target=9.371Hz  err=-15.854Hz  corr=-334.01W  u_ff=86.6W  PCAP→78W  power=77.4W
[PID] perf=25.252Hz  target=9.371Hz  err=-15.881Hz  corr=-334.51W  u_ff=86.6W  PCAP→78W  power=77.0W
[PID] perf=25.233Hz  target=9.371Hz  err=-15.863Hz  corr=-334.17W  u_ff=86.6W  PCAP→78W  power=78.4W
[PID] perf=25.216Hz  target=9.371Hz  err=-15.846Hz  corr=-333.85W  u_ff=86.6W  PCAP→78W  power=77.4W
[PID] perf=25.251Hz  target=9.371Hz  err=-15.881Hz  corr=-334.50W  u_ff=86.6W  PCAP→78W  power=79.3W
[PID] perf=25.244Hz  target=9.371Hz  err=-15.873Hz  corr=-334.36W  u_ff=86.6W  PCAP→78W  power=77.3W
[PID] perf=25.243Hz  target=9.371Hz  err=-15.873Hz  corr=-334.35W  u_ff=86.6W  PCAP→78W  power=77.7W
[PID] perf=25.221Hz  target=9.371Hz  err=-15.850Hz  corr=-333.93W  u_ff=86.6W  PCAP→78W  power=77.5W
[PID] perf=25.231Hz  target=9.371Hz  err=-15.861Hz  corr=-334.13W  u_ff=86.6W  PCAP→78W  power=76.1W
[PID] perf=25.266Hz  target=9.371Hz  err=-15.895Hz  corr=-334.77W  u_ff=86.6W  PCAP→78W  power=79.2W
[PID] perf=25.250Hz  target=9.371Hz  err=-15.879Hz  corr=-334.47W  u_ff=86.6W  PCAP→78W  power=78.5W
[PID] perf=25.251Hz  target=9.371Hz  err=-15.880Hz  corr=-334.50W  u_ff=86.6W  PCAP→78W  power=77.6W
[PID] perf=25.250Hz  target=9.371Hz  err=-15.880Hz  corr=-334.48W  u_ff=86.6W  PCAP→78W  power=78.2W
[PID] perf=25.232Hz  target=9.371Hz  err=-15.861Hz  corr=-334.14W  u_ff=86.6W  PCAP→78W  power=77.4W
[PID] perf=25.205Hz  target=9.371Hz  err=-15.835Hz  corr=-333.65W  u_ff=86.6W  PCAP→78W  power=76.6W
[PID] perf=25.257Hz  target=9.371Hz  err=-15.886Hz  corr=-334.60W  u_ff=86.6W  PCAP→78W  power=78.3W
[PID] perf=25.304Hz  target=9.371Hz  err=-15.934Hz  corr=-335.49W  u_ff=86.6W  PCAP→78W  power=79.0W
[PID] perf=25.241Hz  target=9.371Hz  err=-15.870Hz  corr=-334.31W  u_ff=86.6W  PCAP→78W  power=77.4W
[PID] perf=25.229Hz  target=9.371Hz  err=-15.858Hz  corr=-334.09W  u_ff=86.6W  PCAP→78W  power=78.4W
[PID] perf=25.229Hz  target=9.371Hz  err=-15.858Hz  corr=-334.09W  u_ff=86.6W  PCAP→78W  power=78.8W
[PID] perf=25.219Hz  target=9.371Hz  err=-15.849Hz  corr=-333.91W  u_ff=86.6W  PCAP→78W  power=77.6W
[PID] perf=25.217Hz  target=9.371Hz  err=-15.846Hz  corr=-333.86W  u_ff=86.6W  PCAP→78W  power=78.8W
[PID] perf=25.024Hz  target=9.371Hz  err=-15.654Hz  corr=-330.29W  u_ff=86.6W  PCAP→78W  power=78.5W
[PID] perf=25.009Hz  target=9.371Hz  err=-15.638Hz  corr=-330.01W  u_ff=86.6W  PCAP→78W  power=78.0W
[PID] perf=23.878Hz  target=9.371Hz  err=-14.508Hz  corr=-309.04W  u_ff=86.6W  PCAP→78W  power=78.2W
[PID] perf=24.972Hz  target=9.371Hz  err=-15.601Hz  corr=-329.32W  u_ff=86.6W  PCAP→78W  power=76.5W
[PID] perf=25.048Hz  target=9.371Hz  err=-15.677Hz  corr=-330.72W  u_ff=86.6W  PCAP→78W  power=77.7W
[PID] perf=25.081Hz  target=9.371Hz  err=-15.710Hz  corr=-331.34W  u_ff=86.6W  PCAP→78W  power=77.5W
[PID] perf=25.064Hz  target=9.371Hz  err=-15.694Hz  corr=-331.04W  u_ff=86.6W  PCAP→78W  power=77.5W
[PID] perf=25.123Hz  target=9.371Hz  err=-15.752Hz  corr=-332.12W  u_ff=86.6W  PCAP→78W  power=76.5W
[PID] perf=25.102Hz  target=9.371Hz  err=-15.731Hz  corr=-331.73W  u_ff=86.6W  PCAP→78W  power=77.5W
[PID] perf=25.149Hz  target=9.371Hz  err=-15.779Hz  corr=-332.61W  u_ff=86.6W  PCAP→78W  power=76.5W
[PID] perf=25.114Hz  target=9.371Hz  err=-15.743Hz  corr=-331.95W  u_ff=86.6W  PCAP→78W  power=79.2W
[PID] perf=25.120Hz  target=9.371Hz  err=-15.749Hz  corr=-332.06W  u_ff=86.6W  PCAP→78W  power=78.7W
[PID] perf=25.147Hz  target=9.371Hz  err=-15.777Hz  corr=-332.57W  u_ff=86.6W  PCAP→78W  power=76.1W
[PID] perf=25.175Hz  target=9.371Hz  err=-15.804Hz  corr=-333.09W  u_ff=86.6W  PCAP→78W  power=78.6W
[PID] perf=25.121Hz  target=9.371Hz  err=-15.750Hz  corr=-332.09W  u_ff=86.6W  PCAP→78W  power=78.6W
[PID] perf=25.126Hz  target=9.371Hz  err=-15.755Hz  corr=-332.17W  u_ff=86.6W  PCAP→78W  power=78.2W
[PID] perf=25.144Hz  target=9.371Hz  err=-15.773Hz  corr=-332.51W  u_ff=86.6W  PCAP→78W  power=77.4W
[PID] perf=25.117Hz  target=9.371Hz  err=-15.747Hz  corr=-332.02W  u_ff=86.6W  PCAP→78W  power=78.8W
[PID] perf=25.111Hz  target=9.371Hz  err=-15.740Hz  corr=-331.89W  u_ff=86.6W  PCAP→78W  power=77.1W
[PID] perf=25.121Hz  target=9.371Hz  err=-15.751Hz  corr=-332.09W  u_ff=86.6W  PCAP→78W  power=78.4W
[PID] perf=25.097Hz  target=9.371Hz  err=-15.726Hz  corr=-331.64W  u_ff=86.6W  PCAP→78W  power=76.9W
[PID] perf=25.114Hz  target=9.371Hz  err=-15.744Hz  corr=-331.96W  u_ff=86.6W  PCAP→78W  power=77.2W
[PID] perf=25.120Hz  target=9.371Hz  err=-15.749Hz  corr=-332.07W  u_ff=86.6W  PCAP→78W  power=77.2W
[PID] perf=25.158Hz  target=9.371Hz  err=-15.788Hz  corr=-332.77W  u_ff=86.6W  PCAP→78W  power=76.7W
[PID] perf=25.156Hz  target=9.371Hz  err=-15.785Hz  corr=-332.73W  u_ff=86.6W  PCAP→78W  power=77.0W
[PID] perf=25.160Hz  target=9.371Hz  err=-15.790Hz  corr=-332.81W  u_ff=86.6W  PCAP→78W  power=78.7W
[PID] perf=25.170Hz  target=9.371Hz  err=-15.800Hz  corr=-333.00W  u_ff=86.6W  PCAP→78W  power=78.6W
[PID] perf=25.193Hz  target=9.371Hz  err=-15.823Hz  corr=-333.42W  u_ff=86.6W  PCAP→78W  power=79.0W
[PID] perf=25.141Hz  target=9.371Hz  err=-15.771Hz  corr=-332.46W  u_ff=86.6W  PCAP→78W  power=78.9W
[PID] perf=25.132Hz  target=9.371Hz  err=-15.761Hz  corr=-332.29W  u_ff=86.6W  PCAP→78W  power=77.4W
[PID] perf=25.142Hz  target=9.371Hz  err=-15.771Hz  corr=-332.47W  u_ff=86.6W  PCAP→78W  power=77.3W
[PID] perf=25.144Hz  target=9.371Hz  err=-15.774Hz  corr=-332.52W  u_ff=86.6W  PCAP→78W  power=76.9W
[PID] perf=25.165Hz  target=9.371Hz  err=-15.794Hz  corr=-332.90W  u_ff=86.6W  PCAP→78W  power=78.7W
[PID] perf=25.131Hz  target=9.371Hz  err=-15.760Hz  corr=-332.27W  u_ff=86.6W  PCAP→78W  power=78.9W
[PID] perf=25.126Hz  target=9.371Hz  err=-15.756Hz  corr=-332.18W  u_ff=86.6W  PCAP→78W  power=78.3W
[PID] perf=25.131Hz  target=9.371Hz  err=-15.760Hz  corr=-332.27W  u_ff=86.6W  PCAP→78W  power=78.5W
[PID] perf=25.148Hz  target=9.371Hz  err=-15.777Hz  corr=-332.58W  u_ff=86.6W  PCAP→78W  power=77.7W
[PID] perf=25.150Hz  target=9.371Hz  err=-15.780Hz  corr=-332.63W  u_ff=86.6W  PCAP→78W  power=77.6W
[PID] perf=25.134Hz  target=9.371Hz  err=-15.763Hz  corr=-332.32W  u_ff=86.6W  PCAP→78W  power=77.9W
[PID] perf=25.154Hz  target=9.371Hz  err=-15.783Hz  corr=-332.69W  u_ff=86.6W  PCAP→78W  power=79.0W
[PID] perf=25.116Hz  target=9.371Hz  err=-15.745Hz  corr=-331.99W  u_ff=86.6W  PCAP→78W  power=78.9W
[PID] perf=25.102Hz  target=9.371Hz  err=-15.731Hz  corr=-331.73W  u_ff=86.6W  PCAP→78W  power=78.5W
[PID] perf=25.159Hz  target=9.371Hz  err=-15.789Hz  corr=-332.80W  u_ff=86.6W  PCAP→78W  power=77.9W
[PID] perf=25.131Hz  target=9.371Hz  err=-15.761Hz  corr=-332.27W  u_ff=86.6W  PCAP→78W  power=79.3W
[PID] perf=25.146Hz  target=9.371Hz  err=-15.775Hz  corr=-332.55W  u_ff=86.6W  PCAP→78W  power=78.8W
[PID] perf=25.115Hz  target=9.371Hz  err=-15.745Hz  corr=-331.98W  u_ff=86.6W  PCAP→78W  power=78.3W
[PID] perf=25.094Hz  target=9.371Hz  err=-15.723Hz  corr=-331.57W  u_ff=86.6W  PCAP→78W  power=77.1W
[PID] perf=25.136Hz  target=9.371Hz  err=-15.765Hz  corr=-332.36W  u_ff=86.6W  PCAP→78W  power=77.9W
[PID] perf=25.132Hz  target=9.371Hz  err=-15.761Hz  corr=-332.28W  u_ff=86.6W  PCAP→78W  power=78.4W
[PID] perf=25.138Hz  target=9.371Hz  err=-15.768Hz  corr=-332.40W  u_ff=86.6W  PCAP→78W  power=78.9W
[PID] perf=25.168Hz  target=9.371Hz  err=-15.798Hz  corr=-332.96W  u_ff=86.6W  PCAP→78W  power=79.3W
[PID] perf=25.112Hz  target=9.371Hz  err=-15.741Hz  corr=-331.91W  u_ff=86.6W  PCAP→78W  power=79.1W
[PID] perf=25.135Hz  target=9.371Hz  err=-15.764Hz  corr=-332.34W  u_ff=86.6W  PCAP→78W  power=79.1W
[PID] perf=25.141Hz  target=9.371Hz  err=-15.770Hz  corr=-332.46W  u_ff=86.6W  PCAP→78W  power=77.8W
[PID] perf=25.164Hz  target=9.371Hz  err=-15.793Hz  corr=-332.88W  u_ff=86.6W  PCAP→78W  power=77.4W
[PID] perf=25.146Hz  target=9.371Hz  err=-15.775Hz  corr=-332.54W  u_ff=86.6W  PCAP→78W  power=78.8W
[PID] perf=25.119Hz  target=9.371Hz  err=-15.748Hz  corr=-332.04W  u_ff=86.6W  PCAP→78W  power=77.4W
[PID] perf=25.168Hz  target=9.371Hz  err=-15.797Hz  corr=-332.96W  u_ff=86.6W  PCAP→78W  power=78.6W
[PID] perf=25.146Hz  target=9.371Hz  err=-15.775Hz  corr=-332.54W  u_ff=86.6W  PCAP→78W  power=76.8W
[PID] perf=25.154Hz  target=9.371Hz  err=-15.783Hz  corr=-332.69W  u_ff=86.6W  PCAP→78W  power=79.1W
[PID] perf=25.159Hz  target=9.371Hz  err=-15.789Hz  corr=-332.79W  u_ff=86.6W  PCAP→78W  power=78.4W
[PID] perf=25.123Hz  target=9.371Hz  err=-15.752Hz  corr=-332.11W  u_ff=86.6W  PCAP→78W  power=77.1W
[PID] perf=25.119Hz  target=9.371Hz  err=-15.748Hz  corr=-332.04W  u_ff=86.6W  PCAP→78W  power=78.8W
[PID] perf=25.152Hz  target=9.371Hz  err=-15.782Hz  corr=-332.67W  u_ff=86.6W  PCAP→78W  power=78.8W
[PID] perf=25.179Hz  target=9.371Hz  err=-15.809Hz  corr=-333.17W  u_ff=86.6W  PCAP→78W  power=78.4W
[PID] perf=25.147Hz  target=9.371Hz  err=-15.776Hz  corr=-332.56W  u_ff=86.6W  PCAP→78W  power=79.3W
[PID] perf=24.905Hz  target=9.371Hz  err=-15.534Hz  corr=-328.07W  u_ff=86.6W  PCAP→78W  power=77.4W
[PID] perf=25.160Hz  target=9.371Hz  err=-15.790Hz  corr=-332.81W  u_ff=86.6W  PCAP→78W  power=78.2W
[PID] perf=25.309Hz  target=9.371Hz  err=-15.938Hz  corr=-335.56W  u_ff=86.6W  PCAP→78W  power=79.1W
[PID] perf=25.335Hz  target=9.371Hz  err=-15.964Hz  corr=-336.05W  u_ff=86.6W  PCAP→78W  power=78.6W
[PID] perf=25.354Hz  target=9.371Hz  err=-15.983Hz  corr=-336.41W  u_ff=86.6W  PCAP→78W  power=78.4W
[PID] perf=25.326Hz  target=9.371Hz  err=-15.955Hz  corr=-335.89W  u_ff=86.6W  PCAP→78W  power=79.2W
[PID] perf=25.371Hz  target=9.371Hz  err=-16.000Hz  corr=-336.72W  u_ff=86.6W  PCAP→78W  power=79.0W
[PID] perf=25.333Hz  target=9.371Hz  err=-15.963Hz  corr=-336.02W  u_ff=86.6W  PCAP→78W  power=77.5W
[PID] perf=25.377Hz  target=9.371Hz  err=-16.006Hz  corr=-336.83W  u_ff=86.6W  PCAP→78W  power=77.7W
[PID] perf=25.348Hz  target=9.371Hz  err=-15.977Hz  corr=-336.29W  u_ff=86.6W  PCAP→78W  power=78.4W
[PID] perf=25.369Hz  target=9.371Hz  err=-15.998Hz  corr=-336.68W  u_ff=86.6W  PCAP→78W  power=78.0W
[PID] perf=25.369Hz  target=9.371Hz  err=-15.998Hz  corr=-336.68W  u_ff=86.6W  PCAP→78W  power=78.9W
[PID] perf=25.376Hz  target=9.371Hz  err=-16.005Hz  corr=-336.81W  u_ff=86.6W  PCAP→78W  power=80.2W
[PID] perf=25.417Hz  target=9.371Hz  err=-16.047Hz  corr=-337.58W  u_ff=86.6W  PCAP→78W  power=78.1W
[PID] perf=25.387Hz  target=9.371Hz  err=-16.016Hz  corr=-337.02W  u_ff=86.6W  PCAP→78W  power=79.3W
[PID] perf=25.371Hz  target=9.371Hz  err=-16.000Hz  corr=-336.72W  u_ff=86.6W  PCAP→78W  power=78.2W
[PID] perf=25.357Hz  target=9.371Hz  err=-15.986Hz  corr=-336.45W  u_ff=86.6W  PCAP→78W  power=78.5W
[PID] perf=25.371Hz  target=9.371Hz  err=-16.001Hz  corr=-336.73W  u_ff=86.6W  PCAP→78W  power=77.8W
[PID] perf=25.363Hz  target=9.371Hz  err=-15.992Hz  corr=-336.57W  u_ff=86.6W  PCAP→78W  power=79.3W
[PID] perf=25.381Hz  target=9.371Hz  err=-16.010Hz  corr=-336.90W  u_ff=86.6W  PCAP→78W  power=78.2W
[PID] perf=25.360Hz  target=9.371Hz  err=-15.989Hz  corr=-336.51W  u_ff=86.6W  PCAP→78W  power=78.4W
[PID] perf=25.337Hz  target=9.371Hz  err=-15.966Hz  corr=-336.08W  u_ff=86.6W  PCAP→78W  power=78.2W
[PID] perf=25.350Hz  target=9.371Hz  err=-15.980Hz  corr=-336.34W  u_ff=86.6W  PCAP→78W  power=78.7W
[PID] perf=25.342Hz  target=9.371Hz  err=-15.972Hz  corr=-336.19W  u_ff=86.6W  PCAP→78W  power=77.6W
[PID] perf=25.375Hz  target=9.371Hz  err=-16.004Hz  corr=-336.79W  u_ff=86.6W  PCAP→78W  power=77.8W
[PID] perf=25.313Hz  target=9.371Hz  err=-15.943Hz  corr=-335.65W  u_ff=86.6W  PCAP→78W  power=77.8W
[PID] perf=25.334Hz  target=9.371Hz  err=-15.964Hz  corr=-336.04W  u_ff=86.6W  PCAP→78W  power=78.0W
[PID] perf=25.353Hz  target=9.371Hz  err=-15.982Hz  corr=-336.39W  u_ff=86.6W  PCAP→78W  power=78.3W
[PID] perf=25.360Hz  target=9.371Hz  err=-15.989Hz  corr=-336.52W  u_ff=86.6W  PCAP→78W  power=79.7W
[PID] perf=25.345Hz  target=9.371Hz  err=-15.974Hz  corr=-336.23W  u_ff=86.6W  PCAP→78W  power=78.1W
[PID] perf=25.357Hz  target=9.371Hz  err=-15.987Hz  corr=-336.47W  u_ff=86.6W  PCAP→78W  power=77.3W
[PID] perf=25.353Hz  target=9.371Hz  err=-15.982Hz  corr=-336.38W  u_ff=86.6W  PCAP→78W  power=77.3W
[PID] perf=25.350Hz  target=9.371Hz  err=-15.979Hz  corr=-336.33W  u_ff=86.6W  PCAP→78W  power=77.3W
[PID] perf=25.315Hz  target=9.371Hz  err=-15.944Hz  corr=-335.67W  u_ff=86.6W  PCAP→78W  power=76.2W
[PID] perf=25.361Hz  target=9.371Hz  err=-15.990Hz  corr=-336.53W  u_ff=86.6W  PCAP→78W  power=78.2W
[PID] perf=25.382Hz  target=9.371Hz  err=-16.012Hz  corr=-336.93W  u_ff=86.6W  PCAP→78W  power=78.6W
[PID] perf=26.551Hz  target=9.371Hz  err=-17.180Hz  corr=-358.61W  u_ff=86.6W  PCAP→78W  power=78.3W
[PID] perf=26.567Hz  target=9.371Hz  err=-17.196Hz  corr=-358.90W  u_ff=86.6W  PCAP→78W  power=78.9W
[PID] perf=26.573Hz  target=9.371Hz  err=-17.203Hz  corr=-359.02W  u_ff=86.6W  PCAP→78W  power=77.1W
[PID] perf=26.590Hz  target=9.371Hz  err=-17.219Hz  corr=-359.33W  u_ff=86.6W  PCAP→78W  power=77.1W
[PID] perf=27.118Hz  target=9.371Hz  err=-17.747Hz  corr=-369.12W  u_ff=86.6W  PCAP→78W  power=78.4W
[PID] perf=27.124Hz  target=9.371Hz  err=-17.753Hz  corr=-369.23W  u_ff=86.6W  PCAP→78W  power=75.3W
[PID] perf=27.106Hz  target=9.371Hz  err=-17.735Hz  corr=-368.89W  u_ff=86.6W  PCAP→78W  power=77.1W
[PID] perf=27.128Hz  target=9.371Hz  err=-17.757Hz  corr=-369.30W  u_ff=86.6W  PCAP→78W  power=77.1W
[PID] perf=27.124Hz  target=9.371Hz  err=-17.753Hz  corr=-369.22W  u_ff=86.6W  PCAP→78W  power=77.9W
[PID] perf=27.104Hz  target=9.371Hz  err=-17.733Hz  corr=-368.86W  u_ff=86.6W  PCAP→78W  power=76.5W
[PID] perf=27.085Hz  target=9.371Hz  err=-17.714Hz  corr=-368.51W  u_ff=86.6W  PCAP→78W  power=77.2W
[PID] perf=27.117Hz  target=9.371Hz  err=-17.746Hz  corr=-369.09W  u_ff=86.6W  PCAP→78W  power=77.0W
[PID] perf=27.139Hz  target=9.371Hz  err=-17.768Hz  corr=-369.51W  u_ff=86.6W  PCAP→78W  power=77.1W
[PID] perf=27.106Hz  target=9.371Hz  err=-17.736Hz  corr=-368.90W  u_ff=86.6W  PCAP→78W  power=77.2W
[PID] perf=27.143Hz  target=9.371Hz  err=-17.772Hz  corr=-369.58W  u_ff=86.6W  PCAP→78W  power=76.8W
[PID] perf=27.080Hz  target=9.371Hz  err=-17.709Hz  corr=-368.41W  u_ff=86.6W  PCAP→78W  power=77.1W
[PID] perf=27.118Hz  target=9.371Hz  err=-17.748Hz  corr=-369.13W  u_ff=86.6W  PCAP→78W  power=78.1W
[PID] perf=25.663Hz  target=9.371Hz  err=-16.292Hz  corr=-342.13W  u_ff=86.6W  PCAP→78W  power=79.3W
[PID] perf=25.804Hz  target=9.371Hz  err=-16.434Hz  corr=-344.76W  u_ff=86.6W  PCAP→78W  power=77.2W
[PID] perf=25.905Hz  target=9.371Hz  err=-16.534Hz  corr=-346.62W  u_ff=86.6W  PCAP→78W  power=78.8W
[PID] perf=26.377Hz  target=9.371Hz  err=-17.006Hz  corr=-355.37W  u_ff=86.6W  PCAP→78W  power=77.0W
[PID] perf=26.444Hz  target=9.371Hz  err=-17.073Hz  corr=-356.62W  u_ff=86.6W  PCAP→78W  power=79.1W
[PID] perf=26.416Hz  target=9.371Hz  err=-17.045Hz  corr=-356.09W  u_ff=86.6W  PCAP→78W  power=78.5W
[PID] perf=26.429Hz  target=9.371Hz  err=-17.058Hz  corr=-356.33W  u_ff=86.6W  PCAP→78W  power=77.3W
[PID] perf=26.447Hz  target=9.371Hz  err=-17.077Hz  corr=-356.68W  u_ff=86.6W  PCAP→78W  power=77.3W
[PID] perf=26.451Hz  target=9.371Hz  err=-17.080Hz  corr=-356.75W  u_ff=86.6W  PCAP→78W  power=79.3W
[PID] perf=26.470Hz  target=9.371Hz  err=-17.100Hz  corr=-357.11W  u_ff=86.6W  PCAP→78W  power=77.3W
[PID] perf=26.421Hz  target=9.371Hz  err=-17.050Hz  corr=-356.19W  u_ff=86.6W  PCAP→78W  power=79.0W
[PID] perf=26.450Hz  target=9.371Hz  err=-17.079Hz  corr=-356.73W  u_ff=86.6W  PCAP→78W  power=78.0W
[PID] perf=26.430Hz  target=9.371Hz  err=-17.059Hz  corr=-356.36W  u_ff=86.6W  PCAP→78W  power=77.2W
[PID] perf=26.410Hz  target=9.371Hz  err=-17.039Hz  corr=-355.99W  u_ff=86.6W  PCAP→78W  power=76.5W
[PID] perf=26.437Hz  target=9.371Hz  err=-17.066Hz  corr=-356.49W  u_ff=86.6W  PCAP→78W  power=77.8W
[PID] perf=26.401Hz  target=9.371Hz  err=-17.030Hz  corr=-355.82W  u_ff=86.6W  PCAP→78W  power=77.7W
[PID] perf=26.414Hz  target=9.371Hz  err=-17.043Hz  corr=-356.06W  u_ff=86.6W  PCAP→78W  power=78.0W
[PID] perf=26.443Hz  target=9.371Hz  err=-17.072Hz  corr=-356.59W  u_ff=86.6W  PCAP→78W  power=78.5W
[PID] perf=26.459Hz  target=9.371Hz  err=-17.088Hz  corr=-356.89W  u_ff=86.6W  PCAP→78W  power=78.1W
[PID] perf=26.428Hz  target=9.371Hz  err=-17.058Hz  corr=-356.33W  u_ff=86.6W  PCAP→78W  power=77.7W
[PID] perf=26.432Hz  target=9.371Hz  err=-17.061Hz  corr=-356.40W  u_ff=86.6W  PCAP→78W  power=78.4W
[PID] perf=26.480Hz  target=9.371Hz  err=-17.110Hz  corr=-357.30W  u_ff=86.6W  PCAP→78W  power=78.8W
[PID] perf=26.456Hz  target=9.371Hz  err=-17.085Hz  corr=-356.84W  u_ff=86.6W  PCAP→78W  power=79.0W
[PID] perf=26.445Hz  target=9.371Hz  err=-17.075Hz  corr=-356.64W  u_ff=86.6W  PCAP→78W  power=77.2W
[PID] perf=26.418Hz  target=9.371Hz  err=-17.047Hz  corr=-356.13W  u_ff=86.6W  PCAP→78W  power=77.1W
[PID] perf=26.447Hz  target=9.371Hz  err=-17.076Hz  corr=-356.67W  u_ff=86.6W  PCAP→78W  power=78.2W
[PID] perf=26.411Hz  target=9.371Hz  err=-17.040Hz  corr=-356.01W  u_ff=86.6W  PCAP→78W  power=78.2W
[PID] perf=26.421Hz  target=9.371Hz  err=-17.050Hz  corr=-356.19W  u_ff=86.6W  PCAP→78W  power=79.0W
[PID] perf=26.448Hz  target=9.371Hz  err=-17.077Hz  corr=-356.70W  u_ff=86.6W  PCAP→78W  power=79.2W
[PID] perf=26.414Hz  target=9.371Hz  err=-17.043Hz  corr=-356.06W  u_ff=86.6W  PCAP→78W  power=78.8W
[PID] perf=26.463Hz  target=9.371Hz  err=-17.092Hz  corr=-356.97W  u_ff=86.6W  PCAP→78W  power=76.1W
[PID] perf=26.460Hz  target=9.371Hz  err=-17.089Hz  corr=-356.91W  u_ff=86.6W  PCAP→78W  power=78.9W
[PID] perf=26.445Hz  target=9.371Hz  err=-17.074Hz  corr=-356.64W  u_ff=86.6W  PCAP→78W  power=77.5W
[PID] perf=26.457Hz  target=9.371Hz  err=-17.087Hz  corr=-356.87W  u_ff=86.6W  PCAP→78W  power=78.1W
[PID] perf=26.423Hz  target=9.371Hz  err=-17.052Hz  corr=-356.23W  u_ff=86.6W  PCAP→78W  power=77.7W
[PID] perf=26.419Hz  target=9.371Hz  err=-17.048Hz  corr=-356.15W  u_ff=86.6W  PCAP→78W  power=79.2W
[PID] perf=26.431Hz  target=9.371Hz  err=-17.060Hz  corr=-356.37W  u_ff=86.6W  PCAP→78W  power=78.8W
[PID] perf=26.448Hz  target=9.371Hz  err=-17.077Hz  corr=-356.69W  u_ff=86.6W  PCAP→78W  power=76.3W
[PID] perf=26.437Hz  target=9.371Hz  err=-17.067Hz  corr=-356.49W  u_ff=86.6W  PCAP→78W  power=76.4W
[PID] perf=26.364Hz  target=9.371Hz  err=-16.993Hz  corr=-355.13W  u_ff=86.6W  PCAP→78W  power=77.5W
[PID] perf=26.400Hz  target=9.371Hz  err=-17.029Hz  corr=-355.80W  u_ff=86.6W  PCAP→78W  power=77.5W
[PID] perf=26.401Hz  target=9.371Hz  err=-17.031Hz  corr=-355.83W  u_ff=86.6W  PCAP→78W  power=77.6W
[PID] perf=26.401Hz  target=9.371Hz  err=-17.030Hz  corr=-355.82W  u_ff=86.6W  PCAP→78W  power=78.4W
[PID] perf=26.387Hz  target=9.371Hz  err=-17.016Hz  corr=-355.56W  u_ff=86.6W  PCAP→78W  power=78.0W
[PID] perf=26.391Hz  target=9.371Hz  err=-17.020Hz  corr=-355.63W  u_ff=86.6W  PCAP→78W  power=76.5W
[PID] perf=26.377Hz  target=9.371Hz  err=-17.007Hz  corr=-355.38W  u_ff=86.6W  PCAP→78W  power=76.5W
[PID] perf=26.403Hz  target=9.371Hz  err=-17.032Hz  corr=-355.85W  u_ff=86.6W  PCAP→78W  power=77.1W
[PID] perf=26.436Hz  target=9.371Hz  err=-17.065Hz  corr=-356.47W  u_ff=86.6W  PCAP→78W  power=78.8W
[PID] perf=26.441Hz  target=9.371Hz  err=-17.070Hz  corr=-356.56W  u_ff=86.6W  PCAP→78W  power=78.6W
[PID] perf=26.426Hz  target=9.371Hz  err=-17.055Hz  corr=-356.28W  u_ff=86.6W  PCAP→78W  power=78.3W
[PID] perf=26.401Hz  target=9.371Hz  err=-17.030Hz  corr=-355.82W  u_ff=86.6W  PCAP→78W  power=77.7W
[PID] perf=26.419Hz  target=9.371Hz  err=-17.049Hz  corr=-356.16W  u_ff=86.6W  PCAP→78W  power=79.0W
[PID] perf=26.442Hz  target=9.371Hz  err=-17.072Hz  corr=-356.59W  u_ff=86.6W  PCAP→78W  power=77.4W
[PID] perf=26.441Hz  target=9.371Hz  err=-17.070Hz  corr=-356.56W  u_ff=86.6W  PCAP→78W  power=76.5W
[PID] perf=26.430Hz  target=9.371Hz  err=-17.059Hz  corr=-356.35W  u_ff=86.6W  PCAP→78W  power=77.9W
[PID] perf=26.422Hz  target=9.371Hz  err=-17.051Hz  corr=-356.21W  u_ff=86.6W  PCAP→78W  power=79.4W
[PID] perf=26.418Hz  target=9.371Hz  err=-17.047Hz  corr=-356.14W  u_ff=86.6W  PCAP→78W  power=78.1W
[PID] perf=26.434Hz  target=9.371Hz  err=-17.063Hz  corr=-356.43W  u_ff=86.6W  PCAP→78W  power=78.2W
[PID] perf=26.429Hz  target=9.371Hz  err=-17.059Hz  corr=-356.35W  u_ff=86.6W  PCAP→78W  power=77.8W
[PID] perf=26.427Hz  target=9.371Hz  err=-17.056Hz  corr=-356.30W  u_ff=86.6W  PCAP→78W  power=79.3W
[PID] perf=26.416Hz  target=9.371Hz  err=-17.045Hz  corr=-356.09W  u_ff=86.6W  PCAP→78W  power=78.9W
[PID] perf=26.403Hz  target=9.371Hz  err=-17.033Hz  corr=-355.87W  u_ff=86.6W  PCAP→78W  power=78.0W
[PID] perf=26.447Hz  target=9.371Hz  err=-17.076Hz  corr=-356.68W  u_ff=86.6W  PCAP→78W  power=76.6W
[PID] perf=26.415Hz  target=9.371Hz  err=-17.044Hz  corr=-356.08W  u_ff=86.6W  PCAP→78W  power=78.2W
[PID] perf=26.448Hz  target=9.371Hz  err=-17.077Hz  corr=-356.69W  u_ff=86.6W  PCAP→78W  power=77.6W
[PID] perf=26.430Hz  target=9.371Hz  err=-17.060Hz  corr=-356.36W  u_ff=86.6W  PCAP→78W  power=77.9W
[PID] perf=26.458Hz  target=9.371Hz  err=-17.087Hz  corr=-356.88W  u_ff=86.6W  PCAP→78W  power=77.5W
[PID] perf=26.424Hz  target=9.371Hz  err=-17.054Hz  corr=-356.26W  u_ff=86.6W  PCAP→78W  power=78.0W
[PID] perf=26.417Hz  target=9.371Hz  err=-17.046Hz  corr=-356.11W  u_ff=86.6W  PCAP→78W  power=78.9W
[PID] perf=26.414Hz  target=9.371Hz  err=-17.043Hz  corr=-356.06W  u_ff=86.6W  PCAP→78W  power=78.7W
[PID] perf=26.434Hz  target=9.371Hz  err=-17.063Hz  corr=-356.43W  u_ff=86.6W  PCAP→78W  power=78.4W
[PID] perf=26.408Hz  target=9.371Hz  err=-17.037Hz  corr=-355.94W  u_ff=86.6W  PCAP→78W  power=77.2W
[PID] perf=26.448Hz  target=9.371Hz  err=-17.078Hz  corr=-356.70W  u_ff=86.6W  PCAP→78W  power=78.7W
[PID] perf=26.433Hz  target=9.371Hz  err=-17.063Hz  corr=-356.42W  u_ff=86.6W  PCAP→78W  power=79.4W
[PID] perf=26.403Hz  target=9.371Hz  err=-17.032Hz  corr=-355.85W  u_ff=86.6W  PCAP→78W  power=76.6W
[PID] perf=26.409Hz  target=9.371Hz  err=-17.038Hz  corr=-355.97W  u_ff=86.6W  PCAP→78W  power=78.4W
[PID] perf=26.384Hz  target=9.371Hz  err=-17.013Hz  corr=-355.51W  u_ff=86.6W  PCAP→78W  power=78.3W
[PID] perf=26.410Hz  target=9.371Hz  err=-17.039Hz  corr=-355.98W  u_ff=86.6W  PCAP→78W  power=78.3W
[PID] perf=26.409Hz  target=9.371Hz  err=-17.039Hz  corr=-355.98W  u_ff=86.6W  PCAP→78W  power=77.9W
[PID] perf=26.426Hz  target=9.371Hz  err=-17.056Hz  corr=-356.29W  u_ff=86.6W  PCAP→78W  power=78.4W
[PID] perf=26.447Hz  target=9.371Hz  err=-17.076Hz  corr=-356.67W  u_ff=86.6W  PCAP→78W  power=78.8W
[PID] perf=26.423Hz  target=9.371Hz  err=-17.052Hz  corr=-356.23W  u_ff=86.6W  PCAP→78W  power=78.0W
[PID] perf=26.386Hz  target=9.371Hz  err=-17.015Hz  corr=-355.54W  u_ff=86.6W  PCAP→78W  power=78.4W
[PID] perf=26.369Hz  target=9.371Hz  err=-16.998Hz  corr=-355.23W  u_ff=86.6W  PCAP→78W  power=78.6W
[PID] perf=26.372Hz  target=9.371Hz  err=-17.002Hz  corr=-355.29W  u_ff=86.6W  PCAP→78W  power=79.1W
[PID] perf=26.379Hz  target=9.371Hz  err=-17.008Hz  corr=-355.41W  u_ff=86.6W  PCAP→78W  power=77.9W
[PID] perf=26.388Hz  target=9.371Hz  err=-17.017Hz  corr=-355.58W  u_ff=86.6W  PCAP→78W  power=78.7W
[PID] perf=26.421Hz  target=9.371Hz  err=-17.050Hz  corr=-356.19W  u_ff=86.6W  PCAP→78W  power=78.8W
[PID] perf=26.429Hz  target=9.371Hz  err=-17.058Hz  corr=-356.34W  u_ff=86.6W  PCAP→78W  power=77.3W
[PID] perf=26.401Hz  target=9.371Hz  err=-17.030Hz  corr=-355.81W  u_ff=86.6W  PCAP→78W  power=79.4W
[PID] perf=26.416Hz  target=9.371Hz  err=-17.045Hz  corr=-356.10W  u_ff=86.6W  PCAP→78W  power=78.5W
[PID] perf=26.381Hz  target=9.371Hz  err=-17.011Hz  corr=-355.46W  u_ff=86.6W  PCAP→78W  power=78.4W
[PID] perf=26.384Hz  target=9.371Hz  err=-17.014Hz  corr=-355.51W  u_ff=86.6W  PCAP→78W  power=79.0W
[PID] perf=26.369Hz  target=9.371Hz  err=-16.998Hz  corr=-355.22W  u_ff=86.6W  PCAP→78W  power=76.2W
[PID] perf=26.407Hz  target=9.371Hz  err=-17.037Hz  corr=-355.94W  u_ff=86.6W  PCAP→78W  power=77.9W
[PID] perf=26.443Hz  target=9.371Hz  err=-17.073Hz  corr=-356.61W  u_ff=86.6W  PCAP→78W  power=77.4W
[PID] perf=26.824Hz  target=9.371Hz  err=-17.453Hz  corr=-363.66W  u_ff=86.6W  PCAP→78W  power=77.2W
[PID] perf=26.883Hz  target=9.371Hz  err=-17.512Hz  corr=-364.76W  u_ff=86.6W  PCAP→78W  power=78.4W
[PID] perf=26.892Hz  target=9.371Hz  err=-17.522Hz  corr=-364.93W  u_ff=86.6W  PCAP→78W  power=79.5W
[PID] perf=26.876Hz  target=9.371Hz  err=-17.505Hz  corr=-364.63W  u_ff=86.6W  PCAP→78W  power=79.0W
[PID] perf=26.874Hz  target=9.371Hz  err=-17.504Hz  corr=-364.60W  u_ff=86.6W  PCAP→78W  power=77.6W
[PID] perf=26.899Hz  target=9.371Hz  err=-17.529Hz  corr=-365.06W  u_ff=86.6W  PCAP→78W  power=79.3W
[PID] perf=26.895Hz  target=9.371Hz  err=-17.525Hz  corr=-364.99W  u_ff=86.6W  PCAP→78W  power=77.8W
[PID] perf=26.911Hz  target=9.371Hz  err=-17.540Hz  corr=-365.28W  u_ff=86.6W  PCAP→78W  power=77.1W
[PID] perf=26.926Hz  target=9.371Hz  err=-17.555Hz  corr=-365.56W  u_ff=86.6W  PCAP→78W  power=79.4W
[PID] perf=26.898Hz  target=9.371Hz  err=-17.527Hz  corr=-365.04W  u_ff=86.6W  PCAP→78W  power=79.3W
[PID] perf=26.935Hz  target=9.371Hz  err=-17.565Hz  corr=-365.73W  u_ff=86.6W  PCAP→78W  power=79.0W
[PID] perf=26.914Hz  target=9.371Hz  err=-17.544Hz  corr=-365.34W  u_ff=86.6W  PCAP→78W  power=78.8W
[PID] perf=26.912Hz  target=9.371Hz  err=-17.541Hz  corr=-365.29W  u_ff=86.6W  PCAP→78W  power=78.4W
[PID] perf=26.905Hz  target=9.371Hz  err=-17.534Hz  corr=-365.17W  u_ff=86.6W  PCAP→78W  power=79.3W
[PID] perf=26.898Hz  target=9.371Hz  err=-17.527Hz  corr=-365.04W  u_ff=86.6W  PCAP→78W  power=79.2W
[PID] perf=26.903Hz  target=9.371Hz  err=-17.533Hz  corr=-365.14W  u_ff=86.6W  PCAP→78W  power=75.9W
[PID] perf=26.884Hz  target=9.371Hz  err=-17.514Hz  corr=-364.79W  u_ff=86.6W  PCAP→78W  power=78.8W
[PID] perf=26.884Hz  target=9.371Hz  err=-17.513Hz  corr=-364.78W  u_ff=86.6W  PCAP→78W  power=77.5W
[PID] perf=26.881Hz  target=9.371Hz  err=-17.510Hz  corr=-364.72W  u_ff=86.6W  PCAP→78W  power=78.4W
[PID] perf=26.865Hz  target=9.371Hz  err=-17.494Hz  corr=-364.43W  u_ff=86.6W  PCAP→78W  power=76.9W
[PID] perf=26.910Hz  target=9.371Hz  err=-17.540Hz  corr=-365.27W  u_ff=86.6W  PCAP→78W  power=77.1W
[PID] perf=26.883Hz  target=9.371Hz  err=-17.512Hz  corr=-364.76W  u_ff=86.6W  PCAP→78W  power=78.1W
[PID] perf=26.882Hz  target=9.371Hz  err=-17.511Hz  corr=-364.74W  u_ff=86.6W  PCAP→78W  power=78.7W
[PID] perf=26.857Hz  target=9.371Hz  err=-17.487Hz  corr=-364.29W  u_ff=86.6W  PCAP→78W  power=78.8W
[PID] perf=26.793Hz  target=9.371Hz  err=-17.423Hz  corr=-363.10W  u_ff=86.6W  PCAP→78W  power=79.2W
[PID] perf=27.018Hz  target=9.371Hz  err=-17.648Hz  corr=-367.27W  u_ff=86.6W  PCAP→78W  power=78.9W
[PID] perf=27.012Hz  target=9.371Hz  err=-17.641Hz  corr=-367.15W  u_ff=86.6W  PCAP→78W  power=79.2W
[PID] perf=27.055Hz  target=9.371Hz  err=-17.684Hz  corr=-367.94W  u_ff=86.6W  PCAP→78W  power=78.8W
[PID] perf=27.037Hz  target=9.371Hz  err=-17.666Hz  corr=-367.61W  u_ff=86.6W  PCAP→78W  power=75.8W
[PID] perf=27.084Hz  target=9.371Hz  err=-17.713Hz  corr=-368.49W  u_ff=86.6W  PCAP→78W  power=77.5W
[PID] perf=27.031Hz  target=9.371Hz  err=-17.661Hz  corr=-367.51W  u_ff=86.6W  PCAP→78W  power=77.0W
[PID] perf=27.036Hz  target=9.371Hz  err=-17.665Hz  corr=-367.60W  u_ff=86.6W  PCAP→78W  power=78.9W
[PID] perf=27.032Hz  target=9.371Hz  err=-17.661Hz  corr=-367.52W  u_ff=86.6W  PCAP→78W  power=78.8W
[PID] perf=27.067Hz  target=9.371Hz  err=-17.696Hz  corr=-368.17W  u_ff=86.6W  PCAP→78W  power=78.9W
[PID] perf=27.037Hz  target=9.371Hz  err=-17.666Hz  corr=-367.62W  u_ff=86.6W  PCAP→78W  power=78.8W
[PID] perf=27.066Hz  target=9.371Hz  err=-17.696Hz  corr=-368.16W  u_ff=86.6W  PCAP→78W  power=79.0W
[PID] perf=27.083Hz  target=9.371Hz  err=-17.713Hz  corr=-368.47W  u_ff=86.6W  PCAP→78W  power=79.0W
[PID] perf=27.028Hz  target=9.371Hz  err=-17.657Hz  corr=-367.44W  u_ff=86.6W  PCAP→78W  power=77.8W
[PID] perf=27.032Hz  target=9.371Hz  err=-17.662Hz  corr=-367.53W  u_ff=86.6W  PCAP→78W  power=78.6W
[PID] perf=26.659Hz  target=9.371Hz  err=-17.288Hz  corr=-360.60W  u_ff=86.6W  PCAP→78W  power=79.1W
[PID] perf=26.711Hz  target=9.371Hz  err=-17.341Hz  corr=-361.58W  u_ff=86.6W  PCAP→78W  power=77.0W
[PID] perf=26.725Hz  target=9.371Hz  err=-17.354Hz  corr=-361.83W  u_ff=86.6W  PCAP→78W  power=78.2W
[PID] perf=26.714Hz  target=9.371Hz  err=-17.343Hz  corr=-361.63W  u_ff=86.6W  PCAP→78W  power=77.1W
[PID] perf=26.748Hz  target=9.371Hz  err=-17.377Hz  corr=-362.25W  u_ff=86.6W  PCAP→78W  power=77.6W
[PID] perf=26.735Hz  target=9.371Hz  err=-17.364Hz  corr=-362.01W  u_ff=86.6W  PCAP→78W  power=78.6W
[PID] perf=26.743Hz  target=9.371Hz  err=-17.372Hz  corr=-362.16W  u_ff=86.6W  PCAP→78W  power=77.6W
[PID] perf=26.737Hz  target=9.371Hz  err=-17.366Hz  corr=-362.05W  u_ff=86.6W  PCAP→78W  power=77.7W
[PID] perf=26.737Hz  target=9.371Hz  err=-17.366Hz  corr=-362.05W  u_ff=86.6W  PCAP→78W  power=78.0W
[PID] perf=26.764Hz  target=9.371Hz  err=-17.394Hz  corr=-362.56W  u_ff=86.6W  PCAP→78W  power=78.5W
[PID] perf=26.733Hz  target=9.371Hz  err=-17.363Hz  corr=-361.98W  u_ff=86.6W  PCAP→78W  power=78.6W
[PID] perf=26.733Hz  target=9.371Hz  err=-17.362Hz  corr=-361.98W  u_ff=86.6W  PCAP→78W  power=78.8W
[PID] perf=26.735Hz  target=9.371Hz  err=-17.365Hz  corr=-362.02W  u_ff=86.6W  PCAP→78W  power=77.5W
[PID] perf=26.744Hz  target=9.371Hz  err=-17.374Hz  corr=-362.19W  u_ff=86.6W  PCAP→78W  power=78.8W
[PID] perf=26.735Hz  target=9.371Hz  err=-17.364Hz  corr=-362.01W  u_ff=86.6W  PCAP→78W  power=78.8W
[PID] perf=27.047Hz  target=9.371Hz  err=-17.676Hz  corr=-367.79W  u_ff=86.6W  PCAP→78W  power=77.1W
[PID] perf=27.091Hz  target=9.371Hz  err=-17.720Hz  corr=-368.61W  u_ff=86.6W  PCAP→78W  power=78.3W
[PID] perf=27.107Hz  target=9.371Hz  err=-17.736Hz  corr=-368.92W  u_ff=86.6W  PCAP→78W  power=78.0W
[PID] perf=27.085Hz  target=9.371Hz  err=-17.715Hz  corr=-368.51W  u_ff=86.6W  PCAP→78W  power=77.5W
[PID] perf=27.086Hz  target=9.371Hz  err=-17.715Hz  corr=-368.53W  u_ff=86.6W  PCAP→78W  power=79.0W
[PID] perf=27.080Hz  target=9.371Hz  err=-17.709Hz  corr=-368.41W  u_ff=86.6W  PCAP→78W  power=77.8W
[PID] perf=27.102Hz  target=9.371Hz  err=-17.731Hz  corr=-368.82W  u_ff=86.6W  PCAP→78W  power=78.2W
[PID] perf=27.122Hz  target=9.371Hz  err=-17.751Hz  corr=-369.18W  u_ff=86.6W  PCAP→78W  power=77.4W
[PID] perf=27.098Hz  target=9.371Hz  err=-17.727Hz  corr=-368.74W  u_ff=86.6W  PCAP→78W  power=77.1W
[PID] perf=27.127Hz  target=9.371Hz  err=-17.756Hz  corr=-369.29W  u_ff=86.6W  PCAP→78W  power=76.5W
[PID] perf=27.105Hz  target=9.371Hz  err=-17.735Hz  corr=-368.88W  u_ff=86.6W  PCAP→78W  power=78.4W
[PID] perf=27.095Hz  target=9.371Hz  err=-17.725Hz  corr=-368.70W  u_ff=86.6W  PCAP→78W  power=77.6W
[PID] perf=27.104Hz  target=9.371Hz  err=-17.733Hz  corr=-368.86W  u_ff=86.6W  PCAP→78W  power=78.5W
[PID] perf=27.125Hz  target=9.371Hz  err=-17.755Hz  corr=-369.25W  u_ff=86.6W  PCAP→78W  power=79.0W
[PID] perf=27.136Hz  target=9.371Hz  err=-17.765Hz  corr=-369.45W  u_ff=86.6W  PCAP→78W  power=78.9W
[PID] perf=27.437Hz  target=9.371Hz  err=-18.066Hz  corr=-375.03W  u_ff=86.6W  PCAP→78W  power=78.9W
[PID] perf=27.471Hz  target=9.371Hz  err=-18.101Hz  corr=-375.67W  u_ff=86.6W  PCAP→78W  power=79.1W
[PID] perf=27.461Hz  target=9.371Hz  err=-18.090Hz  corr=-375.48W  u_ff=86.6W  PCAP→78W  power=78.1W
[PID] perf=27.468Hz  target=9.371Hz  err=-18.098Hz  corr=-375.62W  u_ff=86.6W  PCAP→78W  power=76.7W
[PID] perf=27.438Hz  target=9.371Hz  err=-18.067Hz  corr=-375.06W  u_ff=86.6W  PCAP→78W  power=78.5W
[PID] perf=27.515Hz  target=9.371Hz  err=-18.144Hz  corr=-376.48W  u_ff=86.6W  PCAP→78W  power=77.1W
[PID] perf=27.459Hz  target=9.371Hz  err=-18.089Hz  corr=-375.45W  u_ff=86.6W  PCAP→78W  power=77.5W
[PID] perf=27.481Hz  target=9.371Hz  err=-18.110Hz  corr=-375.84W  u_ff=86.6W  PCAP→78W  power=79.3W
[PID] perf=27.490Hz  target=9.371Hz  err=-18.119Hz  corr=-376.02W  u_ff=86.6W  PCAP→78W  power=78.5W
[PID] perf=27.439Hz  target=9.371Hz  err=-18.068Hz  corr=-375.06W  u_ff=86.6W  PCAP→78W  power=79.1W
[PID] perf=27.462Hz  target=9.371Hz  err=-18.092Hz  corr=-375.51W  u_ff=86.6W  PCAP→78W  power=78.9W
[PID] perf=27.463Hz  target=9.371Hz  err=-18.092Hz  corr=-375.51W  u_ff=86.6W  PCAP→78W  power=78.4W
[PID] perf=27.449Hz  target=9.371Hz  err=-18.079Hz  corr=-375.27W  u_ff=86.6W  PCAP→78W  power=78.8W
[PID] perf=27.450Hz  target=9.371Hz  err=-18.080Hz  corr=-375.28W  u_ff=86.6W  PCAP→78W  power=76.4W
[PID] perf=27.462Hz  target=9.371Hz  err=-18.091Hz  corr=-375.50W  u_ff=86.6W  PCAP→78W  power=77.3W
[PID] perf=27.492Hz  target=9.371Hz  err=-18.121Hz  corr=-376.05W  u_ff=86.6W  PCAP→78W  power=78.7W
[PID] perf=27.439Hz  target=9.371Hz  err=-18.069Hz  corr=-375.08W  u_ff=86.6W  PCAP→78W  power=79.2W
[PID] perf=27.339Hz  target=9.371Hz  err=-17.969Hz  corr=-373.22W  u_ff=86.6W  PCAP→78W  power=78.7W
[PID] perf=27.700Hz  target=9.371Hz  err=-18.329Hz  corr=-379.91W  u_ff=86.6W  PCAP→78W  power=79.5W
[PID] perf=27.720Hz  target=9.371Hz  err=-18.349Hz  corr=-380.28W  u_ff=86.6W  PCAP→78W  power=77.4W
[PID] perf=27.730Hz  target=9.371Hz  err=-18.360Hz  corr=-380.48W  u_ff=86.6W  PCAP→78W  power=78.8W
[PID] perf=27.693Hz  target=9.371Hz  err=-18.323Hz  corr=-379.79W  u_ff=86.6W  PCAP→78W  power=78.8W
[PID] perf=27.714Hz  target=9.371Hz  err=-18.343Hz  corr=-380.17W  u_ff=86.6W  PCAP→78W  power=79.1W
[PID] perf=27.727Hz  target=9.371Hz  err=-18.357Hz  corr=-380.42W  u_ff=86.6W  PCAP→78W  power=77.1W
[PID] perf=27.712Hz  target=9.371Hz  err=-18.341Hz  corr=-380.13W  u_ff=86.6W  PCAP→78W  power=78.5W
[PID] perf=27.712Hz  target=9.371Hz  err=-18.342Hz  corr=-380.14W  u_ff=86.6W  PCAP→78W  power=76.9W
[PID] perf=27.692Hz  target=9.371Hz  err=-18.321Hz  corr=-379.76W  u_ff=86.6W  PCAP→78W  power=78.3W
[PID] perf=27.746Hz  target=9.371Hz  err=-18.375Hz  corr=-380.76W  u_ff=86.6W  PCAP→78W  power=79.1W
[PID] perf=27.723Hz  target=9.371Hz  err=-18.352Hz  corr=-380.33W  u_ff=86.6W  PCAP→78W  power=79.2W
[PID] perf=27.616Hz  target=9.371Hz  err=-18.245Hz  corr=-378.35W  u_ff=86.6W  PCAP→78W  power=78.7W
[PID] perf=27.632Hz  target=9.371Hz  err=-18.261Hz  corr=-378.65W  u_ff=86.6W  PCAP→78W  power=78.4W
[PID] perf=27.645Hz  target=9.371Hz  err=-18.274Hz  corr=-378.89W  u_ff=86.6W  PCAP→78W  power=76.7W
[PID] perf=27.672Hz  target=9.371Hz  err=-18.302Hz  corr=-379.40W  u_ff=86.6W  PCAP→78W  power=78.0W
[PID] perf=27.662Hz  target=9.371Hz  err=-18.291Hz  corr=-379.21W  u_ff=86.6W  PCAP→78W  power=78.5W
[PID] perf=27.720Hz  target=9.371Hz  err=-18.349Hz  corr=-380.28W  u_ff=86.6W  PCAP→78W  power=77.4W
[PID] perf=27.689Hz  target=9.371Hz  err=-18.318Hz  corr=-379.71W  u_ff=86.6W  PCAP→78W  power=78.3W
[PID] perf=27.685Hz  target=9.371Hz  err=-18.314Hz  corr=-379.62W  u_ff=86.6W  PCAP→78W  power=77.2W
[PID] perf=27.656Hz  target=9.371Hz  err=-18.286Hz  corr=-379.10W  u_ff=86.6W  PCAP→78W  power=78.1W
[PID] perf=27.644Hz  target=9.371Hz  err=-18.274Hz  corr=-378.88W  u_ff=86.6W  PCAP→78W  power=76.3W
[PID] perf=27.680Hz  target=9.371Hz  err=-18.309Hz  corr=-379.53W  u_ff=86.6W  PCAP→78W  power=77.1W
[PID] perf=27.701Hz  target=9.371Hz  err=-18.331Hz  corr=-379.94W  u_ff=86.6W  PCAP→78W  power=78.3W
[PID] perf=27.655Hz  target=9.371Hz  err=-18.284Hz  corr=-379.07W  u_ff=86.6W  PCAP→78W  power=76.3W
[PID] perf=27.692Hz  target=9.371Hz  err=-18.321Hz  corr=-379.76W  u_ff=86.6W  PCAP→78W  power=76.9W
[PID] perf=27.663Hz  target=9.371Hz  err=-18.292Hz  corr=-379.22W  u_ff=86.6W  PCAP→78W  power=79.3W
[PID] perf=27.664Hz  target=9.371Hz  err=-18.294Hz  corr=-379.25W  u_ff=86.6W  PCAP→78W  power=76.4W
[PID] perf=27.688Hz  target=9.371Hz  err=-18.318Hz  corr=-379.69W  u_ff=86.6W  PCAP→78W  power=78.2W
[PID] perf=27.652Hz  target=9.371Hz  err=-18.282Hz  corr=-379.03W  u_ff=86.6W  PCAP→78W  power=77.0W
[PID] perf=27.677Hz  target=9.371Hz  err=-18.306Hz  corr=-379.49W  u_ff=86.6W  PCAP→78W  power=78.6W
[PID] perf=27.660Hz  target=9.371Hz  err=-18.289Hz  corr=-379.17W  u_ff=86.6W  PCAP→78W  power=78.9W
[PID] perf=27.678Hz  target=9.371Hz  err=-18.307Hz  corr=-379.50W  u_ff=86.6W  PCAP→78W  power=79.2W
[PID] perf=27.666Hz  target=9.371Hz  err=-18.295Hz  corr=-379.28W  u_ff=86.6W  PCAP→78W  power=79.4W
[PID] perf=27.663Hz  target=9.371Hz  err=-18.292Hz  corr=-379.22W  u_ff=86.6W  PCAP→78W  power=76.5W
[PID] perf=27.668Hz  target=9.371Hz  err=-18.297Hz  corr=-379.31W  u_ff=86.6W  PCAP→78W  power=77.6W
[PID] perf=27.665Hz  target=9.371Hz  err=-18.294Hz  corr=-379.26W  u_ff=86.6W  PCAP→78W  power=78.7W
[PID] perf=27.699Hz  target=9.371Hz  err=-18.328Hz  corr=-379.89W  u_ff=86.6W  PCAP→78W  power=77.1W
[PID] perf=27.688Hz  target=9.371Hz  err=-18.318Hz  corr=-379.70W  u_ff=86.6W  PCAP→78W  power=77.6W
[PID] perf=27.709Hz  target=9.371Hz  err=-18.338Hz  corr=-380.08W  u_ff=86.6W  PCAP→78W  power=79.0W
[PID] perf=27.651Hz  target=9.371Hz  err=-18.281Hz  corr=-379.01W  u_ff=86.6W  PCAP→78W  power=78.2W
[PID] perf=27.659Hz  target=9.371Hz  err=-18.288Hz  corr=-379.15W  u_ff=86.6W  PCAP→78W  power=77.2W
[PID] perf=27.656Hz  target=9.371Hz  err=-18.285Hz  corr=-379.09W  u_ff=86.6W  PCAP→78W  power=78.5W
[PID] perf=27.658Hz  target=9.371Hz  err=-18.287Hz  corr=-379.13W  u_ff=86.6W  PCAP→78W  power=77.2W
[PID] perf=27.681Hz  target=9.371Hz  err=-18.310Hz  corr=-379.55W  u_ff=86.6W  PCAP→78W  power=76.6W
[PID] perf=27.666Hz  target=9.371Hz  err=-18.295Hz  corr=-379.28W  u_ff=86.6W  PCAP→78W  power=77.5W
[PID] perf=27.644Hz  target=9.371Hz  err=-18.274Hz  corr=-378.88W  u_ff=86.6W  PCAP→78W  power=77.2W
[PID] perf=27.680Hz  target=9.371Hz  err=-18.309Hz  corr=-379.54W  u_ff=86.6W  PCAP→78W  power=76.9W
[PID] perf=27.731Hz  target=9.371Hz  err=-18.361Hz  corr=-380.49W  u_ff=86.6W  PCAP→78W  power=78.0W
[PID] perf=27.667Hz  target=9.371Hz  err=-18.296Hz  corr=-379.30W  u_ff=86.6W  PCAP→78W  power=79.2W
[PID] perf=27.703Hz  target=9.371Hz  err=-18.332Hz  corr=-379.97W  u_ff=86.6W  PCAP→78W  power=79.2W
[PID] perf=27.682Hz  target=9.371Hz  err=-18.311Hz  corr=-379.58W  u_ff=86.6W  PCAP→78W  power=79.3W
Process completed.
Compressed into /home/cc/summer2024/main_codes/pid_controller/../experiment_data/PID_Control_sweep/ones-npb-cg/compressed_iteration_20260513_025505.tar
----------------------------------

>>> Step 2/3

[ones-npb-cg]
  target perf      : 9.3707 Hz
  coefficients_perf: [-0.0006547837485238978, 0.18607436314256556, -1.8317688501798497]
  feedforward PCAP : 86.59 W  →  89 W (snapped)
  Perf(u_ff) check : 9.3707 Hz  (should ≈ target)
  PID gains        : Kp=18.5447 W/Hz  Ki=1.85447 W/(Hz·s)  Kd=0.0000
[PID] Awaiting data — feedforward PCAP=89W
[PID] Awaiting data — feedforward PCAP=89W
[PID] Awaiting data — feedforward PCAP=89W
[PID] Awaiting data — feedforward PCAP=89W
[PID] Awaiting data — feedforward PCAP=89W
[PID] Awaiting data — feedforward PCAP=89W
[PID] perf=19.364Hz  target=9.371Hz  err=-9.993Hz  corr=-222.38W  u_ff=86.6W  PCAP→78W  power=nanW
[PID] perf=18.183Hz  target=9.371Hz  err=-8.812Hz  corr=-203.42W  u_ff=86.6W  PCAP→78W  power=77.1W
[PID] perf=18.207Hz  target=9.371Hz  err=-8.836Hz  corr=-203.87W  u_ff=86.6W  PCAP→78W  power=77.3W
[PID] perf=18.190Hz  target=9.371Hz  err=-8.819Hz  corr=-203.54W  u_ff=86.6W  PCAP→78W  power=76.5W
[PID] perf=18.209Hz  target=9.371Hz  err=-8.838Hz  corr=-203.90W  u_ff=86.6W  PCAP→78W  power=78.6W
[PID] perf=24.364Hz  target=9.371Hz  err=-14.994Hz  corr=-318.06W  u_ff=86.6W  PCAP→78W  power=78.5W
[PID] perf=27.950Hz  target=9.371Hz  err=-18.580Hz  corr=-384.55W  u_ff=86.6W  PCAP→78W  power=79.4W
[PID] perf=27.965Hz  target=9.371Hz  err=-18.595Hz  corr=-384.83W  u_ff=86.6W  PCAP→78W  power=78.1W
[PID] perf=28.000Hz  target=9.371Hz  err=-18.629Hz  corr=-385.47W  u_ff=86.6W  PCAP→78W  power=78.6W
[PID] perf=27.983Hz  target=9.371Hz  err=-18.612Hz  corr=-385.16W  u_ff=86.6W  PCAP→78W  power=78.4W
[PID] perf=28.017Hz  target=9.371Hz  err=-18.647Hz  corr=-385.80W  u_ff=86.6W  PCAP→78W  power=78.0W
[PID] perf=27.968Hz  target=9.371Hz  err=-18.597Hz  corr=-384.88W  u_ff=86.6W  PCAP→78W  power=77.9W
[PID] perf=27.976Hz  target=9.371Hz  err=-18.605Hz  corr=-385.03W  u_ff=86.6W  PCAP→78W  power=76.8W
[PID] perf=27.977Hz  target=9.371Hz  err=-18.607Hz  corr=-385.06W  u_ff=86.6W  PCAP→78W  power=77.0W
[PID] perf=27.998Hz  target=9.371Hz  err=-18.627Hz  corr=-385.44W  u_ff=86.6W  PCAP→78W  power=77.6W
[PID] perf=27.993Hz  target=9.371Hz  err=-18.622Hz  corr=-385.35W  u_ff=86.6W  PCAP→78W  power=76.7W
[PID] perf=27.992Hz  target=9.371Hz  err=-18.621Hz  corr=-385.32W  u_ff=86.6W  PCAP→78W  power=76.8W
[PID] perf=27.958Hz  target=9.371Hz  err=-18.587Hz  corr=-384.70W  u_ff=86.6W  PCAP→78W  power=77.1W
[PID] perf=27.973Hz  target=9.371Hz  err=-18.603Hz  corr=-384.98W  u_ff=86.6W  PCAP→78W  power=77.0W
[PID] perf=27.959Hz  target=9.371Hz  err=-18.589Hz  corr=-384.72W  u_ff=86.6W  PCAP→78W  power=76.7W
[PID] perf=28.028Hz  target=9.371Hz  err=-18.658Hz  corr=-386.00W  u_ff=86.6W  PCAP→78W  power=76.9W
[PID] perf=27.294Hz  target=9.371Hz  err=-17.923Hz  corr=-372.38W  u_ff=86.6W  PCAP→78W  power=76.9W
[PID] perf=27.376Hz  target=9.371Hz  err=-18.005Hz  corr=-373.90W  u_ff=86.6W  PCAP→78W  power=78.4W
[PID] perf=27.398Hz  target=9.371Hz  err=-18.027Hz  corr=-374.30W  u_ff=86.6W  PCAP→78W  power=77.7W
[PID] perf=27.435Hz  target=9.371Hz  err=-18.064Hz  corr=-375.00W  u_ff=86.6W  PCAP→78W  power=78.2W
[PID] perf=27.425Hz  target=9.371Hz  err=-18.055Hz  corr=-374.82W  u_ff=86.6W  PCAP→78W  power=79.2W
[PID] perf=27.468Hz  target=9.371Hz  err=-18.097Hz  corr=-375.61W  u_ff=86.6W  PCAP→78W  power=78.3W
[PID] perf=27.440Hz  target=9.371Hz  err=-18.069Hz  corr=-375.09W  u_ff=86.6W  PCAP→78W  power=77.1W
[PID] perf=27.462Hz  target=9.371Hz  err=-18.091Hz  corr=-375.49W  u_ff=86.6W  PCAP→78W  power=77.2W
[PID] perf=27.441Hz  target=9.371Hz  err=-18.070Hz  corr=-375.10W  u_ff=86.6W  PCAP→78W  power=78.1W
[PID] perf=27.418Hz  target=9.371Hz  err=-18.047Hz  corr=-374.68W  u_ff=86.6W  PCAP→78W  power=76.1W
[PID] perf=27.462Hz  target=9.371Hz  err=-18.092Hz  corr=-375.50W  u_ff=86.6W  PCAP→78W  power=79.0W
[PID] perf=27.399Hz  target=9.371Hz  err=-18.028Hz  corr=-374.32W  u_ff=86.6W  PCAP→78W  power=78.8W
[PID] perf=27.423Hz  target=9.371Hz  err=-18.052Hz  corr=-374.77W  u_ff=86.6W  PCAP→78W  power=77.2W
[PID] perf=27.428Hz  target=9.371Hz  err=-18.058Hz  corr=-374.87W  u_ff=86.6W  PCAP→78W  power=76.8W
[PID] perf=27.464Hz  target=9.371Hz  err=-18.093Hz  corr=-375.54W  u_ff=86.6W  PCAP→78W  power=77.0W
[PID] perf=27.461Hz  target=9.371Hz  err=-18.091Hz  corr=-375.48W  u_ff=86.6W  PCAP→78W  power=79.4W
[PID] perf=27.431Hz  target=9.371Hz  err=-18.060Hz  corr=-374.92W  u_ff=86.6W  PCAP→78W  power=77.7W
[PID] perf=27.456Hz  target=9.371Hz  err=-18.085Hz  corr=-375.38W  u_ff=86.6W  PCAP→78W  power=77.7W
[PID] perf=27.438Hz  target=9.371Hz  err=-18.067Hz  corr=-375.04W  u_ff=86.6W  PCAP→78W  power=78.2W
[PID] perf=24.388Hz  target=9.371Hz  err=-15.018Hz  corr=-318.50W  u_ff=86.6W  PCAP→78W  power=79.4W
[PID] perf=24.554Hz  target=9.371Hz  err=-15.183Hz  corr=-321.56W  u_ff=86.6W  PCAP→78W  power=79.3W
[PID] perf=24.586Hz  target=9.371Hz  err=-15.215Hz  corr=-322.17W  u_ff=86.6W  PCAP→78W  power=77.8W
[PID] perf=24.596Hz  target=9.371Hz  err=-15.225Hz  corr=-322.35W  u_ff=86.6W  PCAP→78W  power=76.9W
[PID] perf=24.595Hz  target=9.371Hz  err=-15.224Hz  corr=-322.33W  u_ff=86.6W  PCAP→78W  power=77.6W
[PID] perf=24.654Hz  target=9.371Hz  err=-15.283Hz  corr=-323.42W  u_ff=86.6W  PCAP→78W  power=77.8W
[PID] perf=24.861Hz  target=9.371Hz  err=-15.490Hz  corr=-327.27W  u_ff=86.6W  PCAP→78W  power=78.9W
[PID] perf=24.942Hz  target=9.371Hz  err=-15.571Hz  corr=-328.76W  u_ff=86.6W  PCAP→78W  power=78.9W
[PID] perf=24.598Hz  target=9.371Hz  err=-15.227Hz  corr=-322.39W  u_ff=86.6W  PCAP→78W  power=77.6W
[PID] perf=24.634Hz  target=9.371Hz  err=-15.263Hz  corr=-323.05W  u_ff=86.6W  PCAP→78W  power=78.6W
[PID] perf=24.645Hz  target=9.371Hz  err=-15.274Hz  corr=-323.25W  u_ff=86.6W  PCAP→78W  power=77.9W
[PID] perf=24.630Hz  target=9.371Hz  err=-15.259Hz  corr=-322.98W  u_ff=86.6W  PCAP→78W  power=79.0W
[PID] perf=24.656Hz  target=9.371Hz  err=-15.286Hz  corr=-323.47W  u_ff=86.6W  PCAP→78W  power=77.4W
[PID] perf=24.674Hz  target=9.371Hz  err=-15.303Hz  corr=-323.79W  u_ff=86.6W  PCAP→78W  power=79.0W
[PID] perf=24.670Hz  target=9.371Hz  err=-15.299Hz  corr=-323.72W  u_ff=86.6W  PCAP→78W  power=77.1W
[PID] perf=24.663Hz  target=9.371Hz  err=-15.292Hz  corr=-323.59W  u_ff=86.6W  PCAP→78W  power=78.3W
[PID] perf=24.656Hz  target=9.371Hz  err=-15.286Hz  corr=-323.47W  u_ff=86.6W  PCAP→78W  power=77.1W
[PID] perf=24.669Hz  target=9.371Hz  err=-15.299Hz  corr=-323.71W  u_ff=86.6W  PCAP→78W  power=76.8W
[PID] perf=24.692Hz  target=9.371Hz  err=-15.321Hz  corr=-324.13W  u_ff=86.6W  PCAP→78W  power=77.9W
[PID] perf=24.724Hz  target=9.371Hz  err=-15.354Hz  corr=-324.73W  u_ff=86.6W  PCAP→78W  power=78.3W
[PID] perf=24.681Hz  target=9.371Hz  err=-15.310Hz  corr=-323.92W  u_ff=86.6W  PCAP→78W  power=77.2W
[PID] perf=24.671Hz  target=9.371Hz  err=-15.300Hz  corr=-323.74W  u_ff=86.6W  PCAP→78W  power=77.7W
[PID] perf=24.696Hz  target=9.371Hz  err=-15.325Hz  corr=-324.20W  u_ff=86.6W  PCAP→78W  power=76.5W
[PID] perf=24.667Hz  target=9.371Hz  err=-15.297Hz  corr=-323.67W  u_ff=86.6W  PCAP→78W  power=78.1W
[PID] perf=24.654Hz  target=9.371Hz  err=-15.283Hz  corr=-323.42W  u_ff=86.6W  PCAP→78W  power=77.1W
[PID] perf=24.701Hz  target=9.371Hz  err=-15.330Hz  corr=-324.30W  u_ff=86.6W  PCAP→78W  power=78.4W
[PID] perf=24.668Hz  target=9.371Hz  err=-15.297Hz  corr=-323.68W  u_ff=86.6W  PCAP→78W  power=77.4W
[PID] perf=24.652Hz  target=9.371Hz  err=-15.282Hz  corr=-323.40W  u_ff=86.6W  PCAP→78W  power=76.0W
[PID] perf=24.656Hz  target=9.371Hz  err=-15.285Hz  corr=-323.46W  u_ff=86.6W  PCAP→78W  power=76.9W
[PID] perf=24.628Hz  target=9.371Hz  err=-15.257Hz  corr=-322.94W  u_ff=86.6W  PCAP→78W  power=77.0W
[PID] perf=24.659Hz  target=9.371Hz  err=-15.288Hz  corr=-323.51W  u_ff=86.6W  PCAP→78W  power=79.1W
[PID] perf=24.642Hz  target=9.371Hz  err=-15.271Hz  corr=-323.20W  u_ff=86.6W  PCAP→78W  power=77.2W
[PID] perf=25.517Hz  target=9.371Hz  err=-16.146Hz  corr=-339.42W  u_ff=86.6W  PCAP→78W  power=77.7W
[PID] perf=26.562Hz  target=9.371Hz  err=-17.191Hz  corr=-358.81W  u_ff=86.6W  PCAP→78W  power=77.6W
[PID] perf=26.653Hz  target=9.371Hz  err=-17.283Hz  corr=-360.50W  u_ff=86.6W  PCAP→78W  power=78.8W
[PID] perf=26.624Hz  target=9.371Hz  err=-17.253Hz  corr=-359.95W  u_ff=86.6W  PCAP→78W  power=79.4W
[PID] perf=26.670Hz  target=9.371Hz  err=-17.299Hz  corr=-360.81W  u_ff=86.6W  PCAP→78W  power=78.3W
[PID] perf=26.665Hz  target=9.371Hz  err=-17.295Hz  corr=-360.73W  u_ff=86.6W  PCAP→78W  power=77.3W
[PID] perf=26.682Hz  target=9.371Hz  err=-17.311Hz  corr=-361.03W  u_ff=86.6W  PCAP→78W  power=79.5W
[PID] perf=26.658Hz  target=9.371Hz  err=-17.287Hz  corr=-360.58W  u_ff=86.6W  PCAP→78W  power=78.1W
[PID] perf=26.667Hz  target=9.371Hz  err=-17.296Hz  corr=-360.75W  u_ff=86.6W  PCAP→78W  power=78.9W
[PID] perf=26.698Hz  target=9.371Hz  err=-17.328Hz  corr=-361.34W  u_ff=86.6W  PCAP→78W  power=78.2W
[PID] perf=26.699Hz  target=9.371Hz  err=-17.328Hz  corr=-361.34W  u_ff=86.6W  PCAP→78W  power=77.5W
[PID] perf=26.696Hz  target=9.371Hz  err=-17.325Hz  corr=-361.30W  u_ff=86.6W  PCAP→78W  power=77.1W
[PID] perf=26.703Hz  target=9.371Hz  err=-17.333Hz  corr=-361.43W  u_ff=86.6W  PCAP→78W  power=78.0W
[PID] perf=26.684Hz  target=9.371Hz  err=-17.313Hz  corr=-361.07W  u_ff=86.6W  PCAP→78W  power=78.8W
[PID] perf=26.645Hz  target=9.371Hz  err=-17.274Hz  corr=-360.34W  u_ff=86.6W  PCAP→78W  power=77.6W
[PID] perf=26.685Hz  target=9.371Hz  err=-17.314Hz  corr=-361.08W  u_ff=86.6W  PCAP→78W  power=78.0W
[PID] perf=26.813Hz  target=9.371Hz  err=-17.443Hz  corr=-363.47W  u_ff=86.6W  PCAP→78W  power=78.5W
[PID] perf=26.816Hz  target=9.371Hz  err=-17.446Hz  corr=-363.53W  u_ff=86.6W  PCAP→78W  power=78.8W
[PID] perf=26.814Hz  target=9.371Hz  err=-17.443Hz  corr=-363.48W  u_ff=86.6W  PCAP→78W  power=79.2W
[PID] perf=26.816Hz  target=9.371Hz  err=-17.446Hz  corr=-363.52W  u_ff=86.6W  PCAP→78W  power=76.5W
[PID] perf=26.224Hz  target=9.371Hz  err=-16.853Hz  corr=-352.53W  u_ff=86.6W  PCAP→78W  power=78.0W
[PID] perf=26.398Hz  target=9.371Hz  err=-17.027Hz  corr=-355.76W  u_ff=86.6W  PCAP→78W  power=77.4W
[PID] perf=26.427Hz  target=9.371Hz  err=-17.057Hz  corr=-356.31W  u_ff=86.6W  PCAP→78W  power=77.7W
[PID] perf=26.447Hz  target=9.371Hz  err=-17.077Hz  corr=-356.68W  u_ff=86.6W  PCAP→78W  power=77.3W
[PID] perf=26.470Hz  target=9.371Hz  err=-17.099Hz  corr=-357.09W  u_ff=86.6W  PCAP→78W  power=76.2W
[PID] perf=26.486Hz  target=9.371Hz  err=-17.115Hz  corr=-357.39W  u_ff=86.6W  PCAP→78W  power=78.7W
[PID] perf=26.479Hz  target=9.371Hz  err=-17.108Hz  corr=-357.26W  u_ff=86.6W  PCAP→78W  power=78.9W
[PID] perf=26.413Hz  target=9.371Hz  err=-17.043Hz  corr=-356.05W  u_ff=86.6W  PCAP→78W  power=78.9W
[PID] perf=26.446Hz  target=9.371Hz  err=-17.076Hz  corr=-356.67W  u_ff=86.6W  PCAP→78W  power=77.9W
[PID] perf=26.453Hz  target=9.371Hz  err=-17.082Hz  corr=-356.79W  u_ff=86.6W  PCAP→78W  power=78.8W
[PID] perf=26.453Hz  target=9.371Hz  err=-17.082Hz  corr=-356.79W  u_ff=86.6W  PCAP→78W  power=76.5W
[PID] perf=26.458Hz  target=9.371Hz  err=-17.088Hz  corr=-356.89W  u_ff=86.6W  PCAP→78W  power=76.6W
[PID] perf=26.456Hz  target=9.371Hz  err=-17.085Hz  corr=-356.84W  u_ff=86.6W  PCAP→78W  power=78.5W
[PID] perf=26.490Hz  target=9.371Hz  err=-17.120Hz  corr=-357.48W  u_ff=86.6W  PCAP→78W  power=77.2W
[PID] perf=26.500Hz  target=9.371Hz  err=-17.129Hz  corr=-357.66W  u_ff=86.6W  PCAP→78W  power=77.7W
[PID] perf=26.442Hz  target=9.371Hz  err=-17.072Hz  corr=-356.59W  u_ff=86.6W  PCAP→78W  power=78.4W
[PID] perf=26.394Hz  target=9.371Hz  err=-17.024Hz  corr=-355.70W  u_ff=86.6W  PCAP→78W  power=77.1W
[PID] perf=26.383Hz  target=9.371Hz  err=-17.012Hz  corr=-355.48W  u_ff=86.6W  PCAP→78W  power=79.1W
[PID] perf=26.337Hz  target=9.371Hz  err=-16.967Hz  corr=-354.64W  u_ff=86.6W  PCAP→78W  power=78.9W
[PID] perf=26.976Hz  target=9.371Hz  err=-17.605Hz  corr=-366.48W  u_ff=86.6W  PCAP→78W  power=77.3W
[PID] perf=27.017Hz  target=9.371Hz  err=-17.646Hz  corr=-367.25W  u_ff=86.6W  PCAP→78W  power=77.4W
[PID] perf=27.275Hz  target=9.371Hz  err=-17.905Hz  corr=-372.04W  u_ff=86.6W  PCAP→78W  power=77.1W
[PID] perf=27.285Hz  target=9.371Hz  err=-17.914Hz  corr=-372.21W  u_ff=86.6W  PCAP→78W  power=77.9W
[PID] perf=27.279Hz  target=9.371Hz  err=-17.908Hz  corr=-372.10W  u_ff=86.6W  PCAP→78W  power=77.8W
[PID] perf=27.331Hz  target=9.371Hz  err=-17.961Hz  corr=-373.08W  u_ff=86.6W  PCAP→78W  power=78.5W
[PID] perf=27.345Hz  target=9.371Hz  err=-17.974Hz  corr=-373.33W  u_ff=86.6W  PCAP→78W  power=76.2W
[PID] perf=27.354Hz  target=9.371Hz  err=-17.984Hz  corr=-373.50W  u_ff=86.6W  PCAP→78W  power=77.7W
[PID] perf=27.369Hz  target=9.371Hz  err=-17.998Hz  corr=-373.77W  u_ff=86.6W  PCAP→78W  power=76.8W
[PID] perf=27.354Hz  target=9.371Hz  err=-17.983Hz  corr=-373.49W  u_ff=86.6W  PCAP→78W  power=79.0W
[PID] perf=27.364Hz  target=9.371Hz  err=-17.993Hz  corr=-373.67W  u_ff=86.6W  PCAP→78W  power=77.3W
[PID] perf=27.368Hz  target=9.371Hz  err=-17.998Hz  corr=-373.76W  u_ff=86.6W  PCAP→78W  power=78.1W
[PID] perf=27.371Hz  target=9.371Hz  err=-18.001Hz  corr=-373.82W  u_ff=86.6W  PCAP→78W  power=77.4W
[PID] perf=27.348Hz  target=9.371Hz  err=-17.977Hz  corr=-373.38W  u_ff=86.6W  PCAP→78W  power=77.8W
[PID] perf=27.353Hz  target=9.371Hz  err=-17.982Hz  corr=-373.48W  u_ff=86.6W  PCAP→78W  power=78.1W
[PID] perf=27.347Hz  target=9.371Hz  err=-17.976Hz  corr=-373.37W  u_ff=86.6W  PCAP→78W  power=76.9W
[PID] perf=27.361Hz  target=9.371Hz  err=-17.990Hz  corr=-373.63W  u_ff=86.6W  PCAP→78W  power=78.1W
[PID] perf=27.359Hz  target=9.371Hz  err=-17.989Hz  corr=-373.59W  u_ff=86.6W  PCAP→78W  power=78.8W
[PID] perf=27.360Hz  target=9.371Hz  err=-17.990Hz  corr=-373.61W  u_ff=86.6W  PCAP→78W  power=79.1W
[PID] perf=27.342Hz  target=9.371Hz  err=-17.971Hz  corr=-373.28W  u_ff=86.6W  PCAP→78W  power=79.1W
[PID] perf=27.354Hz  target=9.371Hz  err=-17.983Hz  corr=-373.49W  u_ff=86.6W  PCAP→78W  power=79.0W
[PID] perf=27.383Hz  target=9.371Hz  err=-18.012Hz  corr=-374.03W  u_ff=86.6W  PCAP→78W  power=78.7W
[PID] perf=27.360Hz  target=9.371Hz  err=-17.989Hz  corr=-373.60W  u_ff=86.6W  PCAP→78W  power=78.7W
[PID] perf=27.361Hz  target=9.371Hz  err=-17.990Hz  corr=-373.63W  u_ff=86.6W  PCAP→78W  power=77.9W
[PID] perf=27.371Hz  target=9.371Hz  err=-18.000Hz  corr=-373.81W  u_ff=86.6W  PCAP→78W  power=78.1W
[PID] perf=27.327Hz  target=9.371Hz  err=-17.957Hz  corr=-373.00W  u_ff=86.6W  PCAP→78W  power=78.4W
[PID] perf=27.366Hz  target=9.371Hz  err=-17.996Hz  corr=-373.73W  u_ff=86.6W  PCAP→78W  power=78.6W
[PID] perf=27.326Hz  target=9.371Hz  err=-17.955Hz  corr=-372.97W  u_ff=86.6W  PCAP→78W  power=77.2W
[PID] perf=27.387Hz  target=9.371Hz  err=-18.016Hz  corr=-374.10W  u_ff=86.6W  PCAP→78W  power=76.2W
[PID] perf=27.371Hz  target=9.371Hz  err=-18.000Hz  corr=-373.81W  u_ff=86.6W  PCAP→78W  power=78.8W
[PID] perf=27.359Hz  target=9.371Hz  err=-17.988Hz  corr=-373.58W  u_ff=86.6W  PCAP→78W  power=78.3W
[PID] perf=27.375Hz  target=9.371Hz  err=-18.004Hz  corr=-373.88W  u_ff=86.6W  PCAP→78W  power=78.9W
[PID] perf=27.332Hz  target=9.371Hz  err=-17.961Hz  corr=-373.08W  u_ff=86.6W  PCAP→78W  power=78.6W
[PID] perf=27.349Hz  target=9.371Hz  err=-17.979Hz  corr=-373.41W  u_ff=86.6W  PCAP→78W  power=78.3W
[PID] perf=27.320Hz  target=9.371Hz  err=-17.950Hz  corr=-372.87W  u_ff=86.6W  PCAP→78W  power=78.6W
[PID] perf=27.400Hz  target=9.371Hz  err=-18.029Hz  corr=-374.35W  u_ff=86.6W  PCAP→78W  power=78.5W
[PID] perf=27.443Hz  target=9.371Hz  err=-18.072Hz  corr=-375.14W  u_ff=86.6W  PCAP→78W  power=78.8W
[PID] perf=27.450Hz  target=9.371Hz  err=-18.080Hz  corr=-375.28W  u_ff=86.6W  PCAP→78W  power=79.1W
[PID] perf=27.422Hz  target=9.371Hz  err=-18.051Hz  corr=-374.76W  u_ff=86.6W  PCAP→78W  power=76.9W
[PID] perf=27.491Hz  target=9.371Hz  err=-18.120Hz  corr=-376.04W  u_ff=86.6W  PCAP→78W  power=76.5W
[PID] perf=27.450Hz  target=9.371Hz  err=-18.079Hz  corr=-375.28W  u_ff=86.6W  PCAP→78W  power=75.9W
[PID] perf=27.462Hz  target=9.371Hz  err=-18.091Hz  corr=-375.49W  u_ff=86.6W  PCAP→78W  power=77.6W
[PID] perf=27.466Hz  target=9.371Hz  err=-18.095Hz  corr=-375.57W  u_ff=86.6W  PCAP→78W  power=78.9W
[PID] perf=27.471Hz  target=9.371Hz  err=-18.100Hz  corr=-375.66W  u_ff=86.6W  PCAP→78W  power=78.0W
[PID] perf=27.449Hz  target=9.371Hz  err=-18.078Hz  corr=-375.26W  u_ff=86.6W  PCAP→78W  power=76.8W
[PID] perf=27.453Hz  target=9.371Hz  err=-18.082Hz  corr=-375.32W  u_ff=86.6W  PCAP→78W  power=79.0W
[PID] perf=27.488Hz  target=9.371Hz  err=-18.117Hz  corr=-375.98W  u_ff=86.6W  PCAP→78W  power=78.7W
[PID] perf=27.477Hz  target=9.371Hz  err=-18.106Hz  corr=-375.77W  u_ff=86.6W  PCAP→78W  power=78.1W
[PID] perf=27.447Hz  target=9.371Hz  err=-18.077Hz  corr=-375.23W  u_ff=86.6W  PCAP→78W  power=78.6W
[PID] perf=27.621Hz  target=9.371Hz  err=-18.251Hz  corr=-378.45W  u_ff=86.6W  PCAP→78W  power=77.3W
[PID] perf=27.983Hz  target=9.371Hz  err=-18.613Hz  corr=-385.16W  u_ff=86.6W  PCAP→78W  power=78.0W
[PID] perf=27.963Hz  target=9.371Hz  err=-18.592Hz  corr=-384.79W  u_ff=86.6W  PCAP→78W  power=77.4W
[PID] perf=27.939Hz  target=9.371Hz  err=-18.568Hz  corr=-384.34W  u_ff=86.6W  PCAP→78W  power=77.9W
[PID] perf=27.971Hz  target=9.371Hz  err=-18.600Hz  corr=-384.94W  u_ff=86.6W  PCAP→78W  power=79.0W
[PID] perf=27.977Hz  target=9.371Hz  err=-18.606Hz  corr=-385.05W  u_ff=86.6W  PCAP→78W  power=78.6W
[PID] perf=27.934Hz  target=9.371Hz  err=-18.564Hz  corr=-384.26W  u_ff=86.6W  PCAP→78W  power=77.6W
[PID] perf=27.951Hz  target=9.371Hz  err=-18.580Hz  corr=-384.57W  u_ff=86.6W  PCAP→78W  power=76.7W
[PID] perf=27.922Hz  target=9.371Hz  err=-18.551Hz  corr=-384.03W  u_ff=86.6W  PCAP→78W  power=77.8W
[PID] perf=27.937Hz  target=9.371Hz  err=-18.566Hz  corr=-384.31W  u_ff=86.6W  PCAP→78W  power=77.9W
[PID] perf=27.977Hz  target=9.371Hz  err=-18.606Hz  corr=-385.05W  u_ff=86.6W  PCAP→78W  power=77.8W
[PID] perf=27.923Hz  target=9.371Hz  err=-18.553Hz  corr=-384.05W  u_ff=86.6W  PCAP→78W  power=79.0W
[PID] perf=27.941Hz  target=9.371Hz  err=-18.571Hz  corr=-384.39W  u_ff=86.6W  PCAP→78W  power=79.0W
[PID] perf=27.920Hz  target=9.371Hz  err=-18.549Hz  corr=-383.99W  u_ff=86.6W  PCAP→78W  power=79.0W
[PID] perf=27.918Hz  target=9.371Hz  err=-18.547Hz  corr=-383.95W  u_ff=86.6W  PCAP→78W  power=78.9W
[PID] perf=27.911Hz  target=9.371Hz  err=-18.541Hz  corr=-383.83W  u_ff=86.6W  PCAP→78W  power=79.3W
[PID] perf=28.972Hz  target=9.371Hz  err=-19.602Hz  corr=-403.50W  u_ff=86.6W  PCAP→78W  power=79.1W
[PID] perf=29.181Hz  target=9.371Hz  err=-19.810Hz  corr=-407.37W  u_ff=86.6W  PCAP→78W  power=77.3W
[PID] perf=29.171Hz  target=9.371Hz  err=-19.800Hz  corr=-407.19W  u_ff=86.6W  PCAP→78W  power=77.2W
[PID] perf=29.143Hz  target=9.371Hz  err=-19.772Hz  corr=-406.67W  u_ff=86.6W  PCAP→78W  power=78.0W
[PID] perf=29.175Hz  target=9.371Hz  err=-19.804Hz  corr=-407.26W  u_ff=86.6W  PCAP→78W  power=78.7W
[PID] perf=29.169Hz  target=9.371Hz  err=-19.798Hz  corr=-407.15W  u_ff=86.6W  PCAP→78W  power=78.1W
[PID] perf=29.122Hz  target=9.371Hz  err=-19.752Hz  corr=-406.29W  u_ff=86.6W  PCAP→78W  power=77.7W
[PID] perf=29.104Hz  target=9.371Hz  err=-19.733Hz  corr=-405.94W  u_ff=86.6W  PCAP→78W  power=77.3W
[PID] perf=29.161Hz  target=9.371Hz  err=-19.790Hz  corr=-407.01W  u_ff=86.6W  PCAP→78W  power=79.5W
[PID] perf=29.171Hz  target=9.371Hz  err=-19.800Hz  corr=-407.19W  u_ff=86.6W  PCAP→78W  power=79.5W
[PID] perf=29.164Hz  target=9.371Hz  err=-19.793Hz  corr=-407.06W  u_ff=86.6W  PCAP→78W  power=77.2W
[PID] perf=29.204Hz  target=9.371Hz  err=-19.834Hz  corr=-407.81W  u_ff=86.6W  PCAP→78W  power=76.8W
[PID] perf=29.219Hz  target=9.371Hz  err=-19.848Hz  corr=-408.07W  u_ff=86.6W  PCAP→78W  power=77.1W
[PID] perf=29.186Hz  target=9.371Hz  err=-19.815Hz  corr=-407.46W  u_ff=86.6W  PCAP→78W  power=77.4W
[PID] perf=29.193Hz  target=9.371Hz  err=-19.823Hz  corr=-407.60W  u_ff=86.6W  PCAP→78W  power=78.9W
[PID] perf=29.195Hz  target=9.371Hz  err=-19.825Hz  corr=-407.64W  u_ff=86.6W  PCAP→78W  power=78.8W
[PID] perf=29.185Hz  target=9.371Hz  err=-19.814Hz  corr=-407.45W  u_ff=86.6W  PCAP→78W  power=77.3W
[PID] perf=29.210Hz  target=9.371Hz  err=-19.839Hz  corr=-407.91W  u_ff=86.6W  PCAP→78W  power=79.4W
[PID] perf=29.190Hz  target=9.371Hz  err=-19.820Hz  corr=-407.55W  u_ff=86.6W  PCAP→78W  power=76.7W
[PID] perf=29.203Hz  target=9.371Hz  err=-19.832Hz  corr=-407.79W  u_ff=86.6W  PCAP→78W  power=78.3W
[PID] perf=29.250Hz  target=9.371Hz  err=-19.879Hz  corr=-408.66W  u_ff=86.6W  PCAP→78W  power=77.1W
[PID] perf=29.188Hz  target=9.371Hz  err=-19.818Hz  corr=-407.51W  u_ff=86.6W  PCAP→78W  power=78.9W
[PID] perf=29.236Hz  target=9.371Hz  err=-19.865Hz  corr=-408.40W  u_ff=86.6W  PCAP→78W  power=77.6W
[PID] perf=29.205Hz  target=9.371Hz  err=-19.834Hz  corr=-407.82W  u_ff=86.6W  PCAP→78W  power=79.0W
[PID] perf=29.225Hz  target=9.371Hz  err=-19.854Hz  corr=-408.18W  u_ff=86.6W  PCAP→78W  power=79.0W
[PID] perf=29.187Hz  target=9.371Hz  err=-19.816Hz  corr=-407.48W  u_ff=86.6W  PCAP→78W  power=76.3W
[PID] perf=29.202Hz  target=9.371Hz  err=-19.832Hz  corr=-407.77W  u_ff=86.6W  PCAP→78W  power=79.1W
[PID] perf=29.188Hz  target=9.371Hz  err=-19.817Hz  corr=-407.50W  u_ff=86.6W  PCAP→78W  power=78.5W
[PID] perf=29.192Hz  target=9.371Hz  err=-19.822Hz  corr=-407.59W  u_ff=86.6W  PCAP→78W  power=77.1W
[PID] perf=29.205Hz  target=9.371Hz  err=-19.834Hz  corr=-407.82W  u_ff=86.6W  PCAP→78W  power=77.8W
[PID] perf=29.076Hz  target=9.371Hz  err=-19.705Hz  corr=-405.43W  u_ff=86.6W  PCAP→78W  power=79.3W
[PID] perf=29.193Hz  target=9.371Hz  err=-19.822Hz  corr=-407.59W  u_ff=86.6W  PCAP→78W  power=76.8W
[PID] perf=29.169Hz  target=9.371Hz  err=-19.799Hz  corr=-407.16W  u_ff=86.6W  PCAP→78W  power=78.2W
[PID] perf=29.201Hz  target=9.371Hz  err=-19.831Hz  corr=-407.76W  u_ff=86.6W  PCAP→78W  power=77.1W
[PID] perf=29.232Hz  target=9.371Hz  err=-19.862Hz  corr=-408.33W  u_ff=86.6W  PCAP→78W  power=79.4W
[PID] perf=29.219Hz  target=9.371Hz  err=-19.849Hz  corr=-408.09W  u_ff=86.6W  PCAP→78W  power=76.7W
[PID] perf=29.217Hz  target=9.371Hz  err=-19.846Hz  corr=-408.04W  u_ff=86.6W  PCAP→78W  power=76.3W
[PID] perf=29.170Hz  target=9.371Hz  err=-19.800Hz  corr=-407.18W  u_ff=86.6W  PCAP→78W  power=78.6W
[PID] perf=29.188Hz  target=9.371Hz  err=-19.817Hz  corr=-407.51W  u_ff=86.6W  PCAP→78W  power=79.3W
[PID] perf=29.213Hz  target=9.371Hz  err=-19.843Hz  corr=-407.98W  u_ff=86.6W  PCAP→78W  power=77.1W
[PID] perf=29.194Hz  target=9.371Hz  err=-19.823Hz  corr=-407.62W  u_ff=86.6W  PCAP→78W  power=77.7W
[PID] perf=29.217Hz  target=9.371Hz  err=-19.846Hz  corr=-408.04W  u_ff=86.6W  PCAP→78W  power=78.3W
[PID] perf=29.206Hz  target=9.371Hz  err=-19.835Hz  corr=-407.84W  u_ff=86.6W  PCAP→78W  power=76.8W
[PID] perf=29.234Hz  target=9.371Hz  err=-19.863Hz  corr=-408.35W  u_ff=86.6W  PCAP→78W  power=79.0W
[PID] perf=29.211Hz  target=9.371Hz  err=-19.840Hz  corr=-407.93W  u_ff=86.6W  PCAP→78W  power=78.2W
[PID] perf=29.251Hz  target=9.371Hz  err=-19.880Hz  corr=-408.68W  u_ff=86.6W  PCAP→78W  power=77.6W
[PID] perf=29.230Hz  target=9.371Hz  err=-19.860Hz  corr=-408.29W  u_ff=86.6W  PCAP→78W  power=76.7W
[PID] perf=29.227Hz  target=9.371Hz  err=-19.856Hz  corr=-408.23W  u_ff=86.6W  PCAP→78W  power=77.6W
[PID] perf=29.216Hz  target=9.371Hz  err=-19.845Hz  corr=-408.02W  u_ff=86.6W  PCAP→78W  power=78.6W
[PID] perf=27.011Hz  target=9.371Hz  err=-17.640Hz  corr=-367.14W  u_ff=86.6W  PCAP→78W  power=79.0W
[PID] perf=27.046Hz  target=9.371Hz  err=-17.676Hz  corr=-367.79W  u_ff=86.6W  PCAP→78W  power=77.2W
[PID] perf=27.051Hz  target=9.371Hz  err=-17.681Hz  corr=-367.88W  u_ff=86.6W  PCAP→78W  power=77.8W
[PID] perf=27.095Hz  target=9.371Hz  err=-17.724Hz  corr=-368.69W  u_ff=86.6W  PCAP→78W  power=78.5W
[PID] perf=27.098Hz  target=9.371Hz  err=-17.727Hz  corr=-368.75W  u_ff=86.6W  PCAP→78W  power=78.6W
[PID] perf=27.124Hz  target=9.371Hz  err=-17.753Hz  corr=-369.23W  u_ff=86.6W  PCAP→78W  power=79.2W
[PID] perf=27.082Hz  target=9.371Hz  err=-17.711Hz  corr=-368.45W  u_ff=86.6W  PCAP→78W  power=77.1W
[PID] perf=27.085Hz  target=9.371Hz  err=-17.714Hz  corr=-368.50W  u_ff=86.6W  PCAP→78W  power=77.1W
[PID] perf=27.112Hz  target=9.371Hz  err=-17.741Hz  corr=-369.01W  u_ff=86.6W  PCAP→78W  power=77.9W
[PID] perf=27.113Hz  target=9.371Hz  err=-17.742Hz  corr=-369.03W  u_ff=86.6W  PCAP→78W  power=77.7W
[PID] perf=27.075Hz  target=9.371Hz  err=-17.704Hz  corr=-368.32W  u_ff=86.6W  PCAP→78W  power=77.3W
[PID] perf=27.109Hz  target=9.371Hz  err=-17.739Hz  corr=-368.96W  u_ff=86.6W  PCAP→78W  power=76.4W
[PID] perf=27.076Hz  target=9.371Hz  err=-17.706Hz  corr=-368.35W  u_ff=86.6W  PCAP→78W  power=78.0W
[PID] perf=27.109Hz  target=9.371Hz  err=-17.738Hz  corr=-368.95W  u_ff=86.6W  PCAP→78W  power=77.1W
[PID] perf=27.108Hz  target=9.371Hz  err=-17.737Hz  corr=-368.93W  u_ff=86.6W  PCAP→78W  power=77.9W
[PID] perf=27.093Hz  target=9.371Hz  err=-17.722Hz  corr=-368.66W  u_ff=86.6W  PCAP→78W  power=79.1W
[PID] perf=27.110Hz  target=9.371Hz  err=-17.739Hz  corr=-368.97W  u_ff=86.6W  PCAP→78W  power=77.9W
[PID] perf=27.075Hz  target=9.371Hz  err=-17.705Hz  corr=-368.33W  u_ff=86.6W  PCAP→78W  power=78.5W
[PID] perf=27.073Hz  target=9.371Hz  err=-17.702Hz  corr=-368.28W  u_ff=86.6W  PCAP→78W  power=76.3W
[PID] perf=27.086Hz  target=9.371Hz  err=-17.715Hz  corr=-368.53W  u_ff=86.6W  PCAP→78W  power=78.1W
[PID] perf=27.124Hz  target=9.371Hz  err=-17.753Hz  corr=-369.23W  u_ff=86.6W  PCAP→78W  power=78.4W
[PID] perf=27.071Hz  target=9.371Hz  err=-17.700Hz  corr=-368.24W  u_ff=86.6W  PCAP→78W  power=76.9W
[PID] perf=27.141Hz  target=9.371Hz  err=-17.771Hz  corr=-369.55W  u_ff=86.6W  PCAP→78W  power=78.0W
[PID] perf=27.131Hz  target=9.371Hz  err=-17.761Hz  corr=-369.37W  u_ff=86.6W  PCAP→78W  power=79.0W
[PID] perf=27.091Hz  target=9.371Hz  err=-17.720Hz  corr=-368.61W  u_ff=86.6W  PCAP→78W  power=79.6W
[PID] perf=27.102Hz  target=9.371Hz  err=-17.731Hz  corr=-368.82W  u_ff=86.6W  PCAP→78W  power=79.4W
[PID] perf=27.104Hz  target=9.371Hz  err=-17.733Hz  corr=-368.86W  u_ff=86.6W  PCAP→78W  power=76.8W
[PID] perf=27.044Hz  target=9.371Hz  err=-17.673Hz  corr=-367.74W  u_ff=86.6W  PCAP→78W  power=77.2W
[PID] perf=27.071Hz  target=9.371Hz  err=-17.700Hz  corr=-368.24W  u_ff=86.6W  PCAP→78W  power=77.4W
[PID] perf=27.779Hz  target=9.371Hz  err=-18.408Hz  corr=-381.37W  u_ff=86.6W  PCAP→78W  power=77.4W
[PID] perf=27.835Hz  target=9.371Hz  err=-18.464Hz  corr=-382.42W  u_ff=86.6W  PCAP→78W  power=76.8W
[PID] perf=27.859Hz  target=9.371Hz  err=-18.488Hz  corr=-382.86W  u_ff=86.6W  PCAP→78W  power=79.1W
[PID] perf=27.843Hz  target=9.371Hz  err=-18.472Hz  corr=-382.56W  u_ff=86.6W  PCAP→78W  power=78.6W
[PID] perf=27.850Hz  target=9.371Hz  err=-18.480Hz  corr=-382.70W  u_ff=86.6W  PCAP→78W  power=75.8W
[PID] perf=27.880Hz  target=9.371Hz  err=-18.509Hz  corr=-383.24W  u_ff=86.6W  PCAP→78W  power=77.7W
[PID] perf=27.871Hz  target=9.371Hz  err=-18.501Hz  corr=-383.09W  u_ff=86.6W  PCAP→78W  power=77.3W
[PID] perf=27.840Hz  target=9.371Hz  err=-18.469Hz  corr=-382.51W  u_ff=86.6W  PCAP→78W  power=77.9W
[PID] perf=27.851Hz  target=9.371Hz  err=-18.481Hz  corr=-382.72W  u_ff=86.6W  PCAP→78W  power=78.0W
[PID] perf=27.896Hz  target=9.371Hz  err=-18.526Hz  corr=-383.55W  u_ff=86.6W  PCAP→78W  power=79.0W
[PID] perf=27.833Hz  target=9.371Hz  err=-18.462Hz  corr=-382.38W  u_ff=86.6W  PCAP→78W  power=76.9W
[PID] perf=27.851Hz  target=9.371Hz  err=-18.480Hz  corr=-382.71W  u_ff=86.6W  PCAP→78W  power=76.8W
[PID] perf=27.863Hz  target=9.371Hz  err=-18.492Hz  corr=-382.94W  u_ff=86.6W  PCAP→78W  power=77.1W
[PID] perf=27.821Hz  target=9.371Hz  err=-18.450Hz  corr=-382.15W  u_ff=86.6W  PCAP→78W  power=76.5W
[PID] perf=27.838Hz  target=9.371Hz  err=-18.467Hz  corr=-382.46W  u_ff=86.6W  PCAP→78W  power=77.7W
[PID] perf=27.826Hz  target=9.371Hz  err=-18.456Hz  corr=-382.25W  u_ff=86.6W  PCAP→78W  power=78.5W
[PID] perf=27.872Hz  target=9.371Hz  err=-18.502Hz  corr=-383.11W  u_ff=86.6W  PCAP→78W  power=79.0W
[PID] perf=27.897Hz  target=9.371Hz  err=-18.526Hz  corr=-383.56W  u_ff=86.6W  PCAP→78W  power=79.0W
[PID] perf=27.925Hz  target=9.371Hz  err=-18.554Hz  corr=-384.08W  u_ff=86.6W  PCAP→78W  power=78.5W
[PID] perf=27.891Hz  target=9.371Hz  err=-18.520Hz  corr=-383.45W  u_ff=86.6W  PCAP→78W  power=78.0W
[PID] perf=27.898Hz  target=9.371Hz  err=-18.528Hz  corr=-383.59W  u_ff=86.6W  PCAP→78W  power=78.3W
[PID] perf=27.894Hz  target=9.371Hz  err=-18.523Hz  corr=-383.50W  u_ff=86.6W  PCAP→78W  power=79.1W
[PID] perf=27.878Hz  target=9.371Hz  err=-18.507Hz  corr=-383.21W  u_ff=86.6W  PCAP→78W  power=77.0W
[PID] perf=27.858Hz  target=9.371Hz  err=-18.487Hz  corr=-382.84W  u_ff=86.6W  PCAP→78W  power=79.1W
[PID] perf=27.832Hz  target=9.371Hz  err=-18.461Hz  corr=-382.35W  u_ff=86.6W  PCAP→78W  power=78.3W
[PID] perf=27.873Hz  target=9.371Hz  err=-18.502Hz  corr=-383.12W  u_ff=86.6W  PCAP→78W  power=77.9W
[PID] perf=27.875Hz  target=9.371Hz  err=-18.505Hz  corr=-383.16W  u_ff=86.6W  PCAP→78W  power=77.1W
[PID] perf=27.859Hz  target=9.371Hz  err=-18.489Hz  corr=-382.86W  u_ff=86.6W  PCAP→78W  power=77.6W
[PID] perf=27.899Hz  target=9.371Hz  err=-18.528Hz  corr=-383.59W  u_ff=86.6W  PCAP→78W  power=79.2W
[PID] perf=27.870Hz  target=9.371Hz  err=-18.500Hz  corr=-383.07W  u_ff=86.6W  PCAP→78W  power=77.0W
[PID] perf=27.875Hz  target=9.371Hz  err=-18.504Hz  corr=-383.15W  u_ff=86.6W  PCAP→78W  power=76.4W
[PID] perf=27.892Hz  target=9.371Hz  err=-18.521Hz  corr=-383.46W  u_ff=86.6W  PCAP→78W  power=77.1W
[PID] perf=27.934Hz  target=9.371Hz  err=-18.564Hz  corr=-384.26W  u_ff=86.6W  PCAP→78W  power=78.8W
[PID] perf=27.889Hz  target=9.371Hz  err=-18.519Hz  corr=-383.42W  u_ff=86.6W  PCAP→78W  power=77.3W
[PID] perf=27.909Hz  target=9.371Hz  err=-18.539Hz  corr=-383.80W  u_ff=86.6W  PCAP→78W  power=76.5W
[PID] perf=27.919Hz  target=9.371Hz  err=-18.548Hz  corr=-383.96W  u_ff=86.6W  PCAP→78W  power=78.1W
[PID] perf=27.911Hz  target=9.371Hz  err=-18.540Hz  corr=-383.83W  u_ff=86.6W  PCAP→78W  power=79.1W
[PID] perf=27.921Hz  target=9.371Hz  err=-18.550Hz  corr=-384.01W  u_ff=86.6W  PCAP→78W  power=77.5W
[PID] perf=27.896Hz  target=9.371Hz  err=-18.525Hz  corr=-383.54W  u_ff=86.6W  PCAP→78W  power=78.5W
[PID] perf=27.882Hz  target=9.371Hz  err=-18.511Hz  corr=-383.28W  u_ff=86.6W  PCAP→78W  power=78.6W
[PID] perf=27.868Hz  target=9.371Hz  err=-18.498Hz  corr=-383.03W  u_ff=86.6W  PCAP→78W  power=77.3W
[PID] perf=27.901Hz  target=9.371Hz  err=-18.531Hz  corr=-383.65W  u_ff=86.6W  PCAP→78W  power=77.7W
[PID] perf=27.899Hz  target=9.371Hz  err=-18.529Hz  corr=-383.61W  u_ff=86.6W  PCAP→78W  power=78.2W
[PID] perf=27.878Hz  target=9.371Hz  err=-18.507Hz  corr=-383.21W  u_ff=86.6W  PCAP→78W  power=78.3W
[PID] perf=27.879Hz  target=9.371Hz  err=-18.508Hz  corr=-383.22W  u_ff=86.6W  PCAP→78W  power=76.6W
[PID] perf=27.815Hz  target=9.371Hz  err=-18.444Hz  corr=-382.04W  u_ff=86.6W  PCAP→78W  power=77.9W
[PID] perf=27.883Hz  target=9.371Hz  err=-18.512Hz  corr=-383.30W  u_ff=86.6W  PCAP→78W  power=77.8W
[PID] perf=27.864Hz  target=9.371Hz  err=-18.494Hz  corr=-382.96W  u_ff=86.6W  PCAP→78W  power=76.7W
[PID] perf=27.873Hz  target=9.371Hz  err=-18.502Hz  corr=-383.11W  u_ff=86.6W  PCAP→78W  power=77.3W
[PID] perf=27.856Hz  target=9.371Hz  err=-18.485Hz  corr=-382.80W  u_ff=86.6W  PCAP→78W  power=78.9W
[PID] perf=27.866Hz  target=9.371Hz  err=-18.495Hz  corr=-382.99W  u_ff=86.6W  PCAP→78W  power=78.0W
[PID] perf=27.896Hz  target=9.371Hz  err=-18.526Hz  corr=-383.55W  u_ff=86.6W  PCAP→78W  power=77.6W
[PID] perf=27.898Hz  target=9.371Hz  err=-18.527Hz  corr=-383.58W  u_ff=86.6W  PCAP→78W  power=76.8W
[PID] perf=27.867Hz  target=9.371Hz  err=-18.496Hz  corr=-383.01W  u_ff=86.6W  PCAP→78W  power=76.4W
[PID] perf=27.871Hz  target=9.371Hz  err=-18.501Hz  corr=-383.09W  u_ff=86.6W  PCAP→78W  power=77.1W
[PID] perf=27.859Hz  target=9.371Hz  err=-18.489Hz  corr=-382.87W  u_ff=86.6W  PCAP→78W  power=78.5W
[PID] perf=27.857Hz  target=9.371Hz  err=-18.486Hz  corr=-382.82W  u_ff=86.6W  PCAP→78W  power=78.8W
[PID] perf=27.860Hz  target=9.371Hz  err=-18.490Hz  corr=-382.89W  u_ff=86.6W  PCAP→78W  power=78.9W
[PID] perf=27.891Hz  target=9.371Hz  err=-18.520Hz  corr=-383.46W  u_ff=86.6W  PCAP→78W  power=77.6W
[PID] perf=27.921Hz  target=9.371Hz  err=-18.550Hz  corr=-384.01W  u_ff=86.6W  PCAP→78W  power=76.5W
[PID] perf=27.916Hz  target=9.371Hz  err=-18.545Hz  corr=-383.92W  u_ff=86.6W  PCAP→78W  power=77.4W
[PID] perf=27.928Hz  target=9.371Hz  err=-18.558Hz  corr=-384.15W  u_ff=86.6W  PCAP→78W  power=78.1W
[PID] perf=27.908Hz  target=9.371Hz  err=-18.537Hz  corr=-383.76W  u_ff=86.6W  PCAP→78W  power=78.8W
[PID] perf=27.888Hz  target=9.371Hz  err=-18.518Hz  corr=-383.40W  u_ff=86.6W  PCAP→78W  power=78.5W
[PID] perf=27.911Hz  target=9.371Hz  err=-18.540Hz  corr=-383.82W  u_ff=86.6W  PCAP→78W  power=77.9W
[PID] perf=27.911Hz  target=9.371Hz  err=-18.540Hz  corr=-383.82W  u_ff=86.6W  PCAP→78W  power=76.8W
[PID] perf=27.885Hz  target=9.371Hz  err=-18.514Hz  corr=-383.34W  u_ff=86.6W  PCAP→78W  power=79.1W
[PID] perf=27.912Hz  target=9.371Hz  err=-18.542Hz  corr=-383.85W  u_ff=86.6W  PCAP→78W  power=77.6W
[PID] perf=27.888Hz  target=9.371Hz  err=-18.517Hz  corr=-383.39W  u_ff=86.6W  PCAP→78W  power=77.0W
[PID] perf=27.908Hz  target=9.371Hz  err=-18.537Hz  corr=-383.77W  u_ff=86.6W  PCAP→78W  power=77.5W
[PID] perf=27.892Hz  target=9.371Hz  err=-18.521Hz  corr=-383.47W  u_ff=86.6W  PCAP→78W  power=77.2W
[PID] perf=27.888Hz  target=9.371Hz  err=-18.518Hz  corr=-383.41W  u_ff=86.6W  PCAP→78W  power=77.8W
[PID] perf=27.872Hz  target=9.371Hz  err=-18.501Hz  corr=-383.10W  u_ff=86.6W  PCAP→78W  power=77.3W
[PID] perf=27.904Hz  target=9.371Hz  err=-18.534Hz  corr=-383.70W  u_ff=86.6W  PCAP→78W  power=76.2W
[PID] perf=27.896Hz  target=9.371Hz  err=-18.526Hz  corr=-383.55W  u_ff=86.6W  PCAP→78W  power=77.8W
[PID] perf=27.914Hz  target=9.371Hz  err=-18.543Hz  corr=-383.88W  u_ff=86.6W  PCAP→78W  power=77.6W
[PID] perf=27.938Hz  target=9.371Hz  err=-18.568Hz  corr=-384.33W  u_ff=86.6W  PCAP→78W  power=76.9W
[PID] perf=27.917Hz  target=9.371Hz  err=-18.547Hz  corr=-383.94W  u_ff=86.6W  PCAP→78W  power=78.8W
[PID] perf=27.909Hz  target=9.371Hz  err=-18.538Hz  corr=-383.79W  u_ff=86.6W  PCAP→78W  power=78.2W
[PID] perf=27.880Hz  target=9.371Hz  err=-18.509Hz  corr=-383.24W  u_ff=86.6W  PCAP→78W  power=79.0W
[PID] perf=27.880Hz  target=9.371Hz  err=-18.509Hz  corr=-383.24W  u_ff=86.6W  PCAP→78W  power=77.3W
[PID] perf=27.918Hz  target=9.371Hz  err=-18.547Hz  corr=-383.95W  u_ff=86.6W  PCAP→78W  power=79.1W
[PID] perf=27.897Hz  target=9.371Hz  err=-18.526Hz  corr=-383.56W  u_ff=86.6W  PCAP→78W  power=77.1W
[PID] perf=27.887Hz  target=9.371Hz  err=-18.516Hz  corr=-383.38W  u_ff=86.6W  PCAP→78W  power=77.9W
[PID] perf=27.830Hz  target=9.371Hz  err=-18.460Hz  corr=-382.33W  u_ff=86.6W  PCAP→78W  power=78.4W
[PID] perf=27.892Hz  target=9.371Hz  err=-18.521Hz  corr=-383.47W  u_ff=86.6W  PCAP→78W  power=79.1W
[PID] perf=27.867Hz  target=9.371Hz  err=-18.496Hz  corr=-383.00W  u_ff=86.6W  PCAP→78W  power=78.8W
[PID] perf=27.891Hz  target=9.371Hz  err=-18.520Hz  corr=-383.45W  u_ff=86.6W  PCAP→78W  power=77.3W
[PID] perf=27.868Hz  target=9.371Hz  err=-18.497Hz  corr=-383.03W  u_ff=86.6W  PCAP→78W  power=78.0W
[PID] perf=27.870Hz  target=9.371Hz  err=-18.499Hz  corr=-383.06W  u_ff=86.6W  PCAP→78W  power=76.3W
[PID] perf=27.858Hz  target=9.371Hz  err=-18.487Hz  corr=-382.84W  u_ff=86.6W  PCAP→78W  power=77.7W
[PID] perf=27.857Hz  target=9.371Hz  err=-18.486Hz  corr=-382.82W  u_ff=86.6W  PCAP→78W  power=78.9W
[PID] perf=27.885Hz  target=9.371Hz  err=-18.515Hz  corr=-383.35W  u_ff=86.6W  PCAP→78W  power=79.3W
[PID] perf=27.856Hz  target=9.371Hz  err=-18.486Hz  corr=-382.81W  u_ff=86.6W  PCAP→78W  power=79.1W
[PID] perf=27.262Hz  target=9.371Hz  err=-17.892Hz  corr=-371.80W  u_ff=86.6W  PCAP→78W  power=78.2W
[PID] perf=27.863Hz  target=9.371Hz  err=-18.492Hz  corr=-382.93W  u_ff=86.6W  PCAP→78W  power=78.9W
[PID] perf=27.856Hz  target=9.371Hz  err=-18.485Hz  corr=-382.81W  u_ff=86.6W  PCAP→78W  power=77.6W
[PID] perf=27.856Hz  target=9.371Hz  err=-18.485Hz  corr=-382.80W  u_ff=86.6W  PCAP→78W  power=76.6W
[PID] perf=27.858Hz  target=9.371Hz  err=-18.487Hz  corr=-382.83W  u_ff=86.6W  PCAP→78W  power=77.2W
[PID] perf=27.869Hz  target=9.371Hz  err=-18.498Hz  corr=-383.04W  u_ff=86.6W  PCAP→78W  power=77.9W
[PID] perf=27.900Hz  target=9.371Hz  err=-18.530Hz  corr=-383.63W  u_ff=86.6W  PCAP→78W  power=76.9W
[PID] perf=27.913Hz  target=9.371Hz  err=-18.542Hz  corr=-383.85W  u_ff=86.6W  PCAP→78W  power=76.8W
[PID] perf=27.872Hz  target=9.371Hz  err=-18.501Hz  corr=-383.10W  u_ff=86.6W  PCAP→78W  power=77.3W
[PID] perf=27.865Hz  target=9.371Hz  err=-18.494Hz  corr=-382.97W  u_ff=86.6W  PCAP→78W  power=76.9W
[PID] perf=27.417Hz  target=9.371Hz  err=-18.046Hz  corr=-374.66W  u_ff=86.6W  PCAP→78W  power=76.7W
[PID] perf=27.459Hz  target=9.371Hz  err=-18.088Hz  corr=-375.44W  u_ff=86.6W  PCAP→78W  power=78.4W
[PID] perf=27.488Hz  target=9.371Hz  err=-18.117Hz  corr=-375.98W  u_ff=86.6W  PCAP→78W  power=77.9W
[PID] perf=27.440Hz  target=9.371Hz  err=-18.070Hz  corr=-375.10W  u_ff=86.6W  PCAP→78W  power=77.0W
[PID] perf=27.486Hz  target=9.371Hz  err=-18.116Hz  corr=-375.95W  u_ff=86.6W  PCAP→78W  power=77.6W
[PID] perf=27.479Hz  target=9.371Hz  err=-18.108Hz  corr=-375.81W  u_ff=86.6W  PCAP→78W  power=78.5W
[PID] perf=27.495Hz  target=9.371Hz  err=-18.124Hz  corr=-376.10W  u_ff=86.6W  PCAP→78W  power=77.6W
[PID] perf=27.482Hz  target=9.371Hz  err=-18.111Hz  corr=-375.86W  u_ff=86.6W  PCAP→78W  power=78.3W
[PID] perf=27.519Hz  target=9.371Hz  err=-18.148Hz  corr=-376.55W  u_ff=86.6W  PCAP→78W  power=76.7W
[PID] perf=27.451Hz  target=9.371Hz  err=-18.080Hz  corr=-375.29W  u_ff=86.6W  PCAP→78W  power=77.3W
[PID] perf=27.872Hz  target=9.371Hz  err=-18.502Hz  corr=-383.11W  u_ff=86.6W  PCAP→78W  power=77.2W
[PID] perf=27.874Hz  target=9.371Hz  err=-18.503Hz  corr=-383.14W  u_ff=86.6W  PCAP→78W  power=77.0W
[PID] perf=27.936Hz  target=9.371Hz  err=-18.566Hz  corr=-384.29W  u_ff=86.6W  PCAP→78W  power=78.1W
[PID] perf=27.918Hz  target=9.371Hz  err=-18.547Hz  corr=-383.96W  u_ff=86.6W  PCAP→78W  power=78.6W
[PID] perf=27.901Hz  target=9.371Hz  err=-18.531Hz  corr=-383.64W  u_ff=86.6W  PCAP→78W  power=79.1W
[PID] perf=27.862Hz  target=9.371Hz  err=-18.492Hz  corr=-382.92W  u_ff=86.6W  PCAP→78W  power=78.9W
[PID] perf=27.806Hz  target=9.371Hz  err=-18.435Hz  corr=-381.88W  u_ff=86.6W  PCAP→78W  power=79.4W
[PID] perf=27.857Hz  target=9.371Hz  err=-18.486Hz  corr=-382.83W  u_ff=86.6W  PCAP→78W  power=78.3W
[PID] perf=27.859Hz  target=9.371Hz  err=-18.488Hz  corr=-382.85W  u_ff=86.6W  PCAP→78W  power=77.0W
[PID] perf=27.857Hz  target=9.371Hz  err=-18.486Hz  corr=-382.81W  u_ff=86.6W  PCAP→78W  power=77.1W
[PID] perf=27.878Hz  target=9.371Hz  err=-18.507Hz  corr=-383.20W  u_ff=86.6W  PCAP→78W  power=77.8W
[PID] perf=27.855Hz  target=9.371Hz  err=-18.484Hz  corr=-382.78W  u_ff=86.6W  PCAP→78W  power=77.0W
[PID] perf=27.845Hz  target=9.371Hz  err=-18.474Hz  corr=-382.60W  u_ff=86.6W  PCAP→78W  power=78.6W
[PID] perf=27.854Hz  target=9.371Hz  err=-18.483Hz  corr=-382.76W  u_ff=86.6W  PCAP→78W  power=78.8W
[PID] perf=27.839Hz  target=9.371Hz  err=-18.469Hz  corr=-382.50W  u_ff=86.6W  PCAP→78W  power=79.5W
[PID] perf=27.825Hz  target=9.371Hz  err=-18.454Hz  corr=-382.23W  u_ff=86.6W  PCAP→78W  power=77.3W
[PID] perf=27.839Hz  target=9.371Hz  err=-18.469Hz  corr=-382.50W  u_ff=86.6W  PCAP→78W  power=79.3W
[PID] perf=27.833Hz  target=9.371Hz  err=-18.462Hz  corr=-382.37W  u_ff=86.6W  PCAP→78W  power=78.8W
[PID] perf=27.847Hz  target=9.371Hz  err=-18.476Hz  corr=-382.64W  u_ff=86.6W  PCAP→78W  power=76.8W
[PID] perf=27.848Hz  target=9.371Hz  err=-18.477Hz  corr=-382.66W  u_ff=86.6W  PCAP→78W  power=79.2W
[PID] perf=27.897Hz  target=9.371Hz  err=-18.526Hz  corr=-383.56W  u_ff=86.6W  PCAP→78W  power=79.2W
[PID] perf=27.875Hz  target=9.371Hz  err=-18.504Hz  corr=-383.15W  u_ff=86.6W  PCAP→78W  power=78.5W
[PID] perf=27.854Hz  target=9.371Hz  err=-18.483Hz  corr=-382.77W  u_ff=86.6W  PCAP→78W  power=78.2W
[PID] perf=27.866Hz  target=9.371Hz  err=-18.495Hz  corr=-382.99W  u_ff=86.6W  PCAP→78W  power=77.6W
[PID] perf=27.860Hz  target=9.371Hz  err=-18.490Hz  corr=-382.89W  u_ff=86.6W  PCAP→78W  power=77.8W
[PID] perf=27.850Hz  target=9.371Hz  err=-18.479Hz  corr=-382.69W  u_ff=86.6W  PCAP→78W  power=77.5W
[PID] perf=27.855Hz  target=9.371Hz  err=-18.485Hz  corr=-382.79W  u_ff=86.6W  PCAP→78W  power=77.2W
[PID] perf=27.879Hz  target=9.371Hz  err=-18.509Hz  corr=-383.24W  u_ff=86.6W  PCAP→78W  power=76.6W
[PID] perf=27.835Hz  target=9.371Hz  err=-18.465Hz  corr=-382.42W  u_ff=86.6W  PCAP→78W  power=77.2W
[PID] perf=27.899Hz  target=9.371Hz  err=-18.528Hz  corr=-383.59W  u_ff=86.6W  PCAP→78W  power=77.6W
[PID] perf=27.919Hz  target=9.371Hz  err=-18.548Hz  corr=-383.97W  u_ff=86.6W  PCAP→78W  power=77.1W
[PID] perf=27.865Hz  target=9.371Hz  err=-18.494Hz  corr=-382.97W  u_ff=86.6W  PCAP→78W  power=78.6W
[PID] perf=27.876Hz  target=9.371Hz  err=-18.505Hz  corr=-383.17W  u_ff=86.6W  PCAP→78W  power=76.9W
[PID] perf=27.882Hz  target=9.371Hz  err=-18.512Hz  corr=-383.29W  u_ff=86.6W  PCAP→78W  power=77.8W
[PID] perf=27.886Hz  target=9.371Hz  err=-18.516Hz  corr=-383.37W  u_ff=86.6W  PCAP→78W  power=78.1W
[PID] perf=27.851Hz  target=9.371Hz  err=-18.481Hz  corr=-382.72W  u_ff=86.6W  PCAP→78W  power=79.5W
[PID] perf=27.834Hz  target=9.371Hz  err=-18.463Hz  corr=-382.40W  u_ff=86.6W  PCAP→78W  power=76.9W
[PID] perf=27.836Hz  target=9.371Hz  err=-18.465Hz  corr=-382.43W  u_ff=86.6W  PCAP→78W  power=77.7W
[PID] perf=27.855Hz  target=9.371Hz  err=-18.485Hz  corr=-382.79W  u_ff=86.6W  PCAP→78W  power=76.5W
[PID] perf=27.885Hz  target=9.371Hz  err=-18.515Hz  corr=-383.35W  u_ff=86.6W  PCAP→78W  power=77.1W
[PID] perf=27.864Hz  target=9.371Hz  err=-18.494Hz  corr=-382.96W  u_ff=86.6W  PCAP→78W  power=78.4W
[PID] perf=27.818Hz  target=9.371Hz  err=-18.448Hz  corr=-382.10W  u_ff=86.6W  PCAP→78W  power=79.3W
[PID] perf=27.811Hz  target=9.371Hz  err=-18.441Hz  corr=-381.98W  u_ff=86.6W  PCAP→78W  power=77.9W
[PID] perf=27.840Hz  target=9.371Hz  err=-18.469Hz  corr=-382.51W  u_ff=86.6W  PCAP→78W  power=77.3W
[PID] perf=27.841Hz  target=9.371Hz  err=-18.471Hz  corr=-382.53W  u_ff=86.6W  PCAP→78W  power=78.5W
[PID] perf=27.855Hz  target=9.371Hz  err=-18.484Hz  corr=-382.78W  u_ff=86.6W  PCAP→78W  power=77.5W
[PID] perf=27.253Hz  target=9.371Hz  err=-17.882Hz  corr=-371.61W  u_ff=86.6W  PCAP→78W  power=78.8W
[PID] perf=27.217Hz  target=9.371Hz  err=-17.847Hz  corr=-370.96W  u_ff=86.6W  PCAP→78W  power=77.3W
[PID] perf=27.207Hz  target=9.371Hz  err=-17.837Hz  corr=-370.78W  u_ff=86.6W  PCAP→78W  power=77.5W
[PID] perf=27.240Hz  target=9.371Hz  err=-17.869Hz  corr=-371.38W  u_ff=86.6W  PCAP→78W  power=79.2W
[PID] perf=27.214Hz  target=9.371Hz  err=-17.844Hz  corr=-370.91W  u_ff=86.6W  PCAP→78W  power=78.3W
[PID] perf=27.226Hz  target=9.371Hz  err=-17.855Hz  corr=-371.12W  u_ff=86.6W  PCAP→78W  power=78.5W
[PID] perf=27.244Hz  target=9.371Hz  err=-17.873Hz  corr=-371.45W  u_ff=86.6W  PCAP→78W  power=78.2W
[PID] perf=27.235Hz  target=9.371Hz  err=-17.864Hz  corr=-371.28W  u_ff=86.6W  PCAP→78W  power=76.4W
[PID] perf=27.837Hz  target=9.371Hz  err=-18.466Hz  corr=-382.45W  u_ff=86.6W  PCAP→78W  power=77.2W
[PID] perf=27.835Hz  target=9.371Hz  err=-18.465Hz  corr=-382.42W  u_ff=86.6W  PCAP→78W  power=78.5W
[PID] perf=27.850Hz  target=9.371Hz  err=-18.479Hz  corr=-382.70W  u_ff=86.6W  PCAP→78W  power=76.6W
[PID] perf=27.892Hz  target=9.371Hz  err=-18.521Hz  corr=-383.47W  u_ff=86.6W  PCAP→78W  power=76.9W
[PID] perf=27.832Hz  target=9.371Hz  err=-18.461Hz  corr=-382.36W  u_ff=86.6W  PCAP→78W  power=76.3W
[PID] perf=27.855Hz  target=9.371Hz  err=-18.484Hz  corr=-382.78W  u_ff=86.6W  PCAP→78W  power=76.6W
[PID] perf=27.831Hz  target=9.371Hz  err=-18.460Hz  corr=-382.34W  u_ff=86.6W  PCAP→78W  power=77.0W
[PID] perf=27.829Hz  target=9.371Hz  err=-18.458Hz  corr=-382.30W  u_ff=86.6W  PCAP→78W  power=77.2W
[PID] perf=27.842Hz  target=9.371Hz  err=-18.471Hz  corr=-382.54W  u_ff=86.6W  PCAP→78W  power=77.1W
[PID] perf=27.828Hz  target=9.371Hz  err=-18.457Hz  corr=-382.28W  u_ff=86.6W  PCAP→78W  power=78.2W
[PID] perf=27.820Hz  target=9.371Hz  err=-18.449Hz  corr=-382.13W  u_ff=86.6W  PCAP→78W  power=78.6W
[PID] perf=27.819Hz  target=9.371Hz  err=-18.448Hz  corr=-382.12W  u_ff=86.6W  PCAP→78W  power=78.9W
[PID] perf=27.803Hz  target=9.371Hz  err=-18.432Hz  corr=-381.81W  u_ff=86.6W  PCAP→78W  power=78.6W
[PID] perf=27.798Hz  target=9.371Hz  err=-18.428Hz  corr=-381.73W  u_ff=86.6W  PCAP→78W  power=77.8W
[PID] perf=27.807Hz  target=9.371Hz  err=-18.436Hz  corr=-381.89W  u_ff=86.6W  PCAP→78W  power=78.3W
[PID] perf=27.822Hz  target=9.371Hz  err=-18.452Hz  corr=-382.18W  u_ff=86.6W  PCAP→78W  power=78.8W
[PID] perf=27.858Hz  target=9.371Hz  err=-18.487Hz  corr=-382.84W  u_ff=86.6W  PCAP→78W  power=78.9W
[PID] perf=27.883Hz  target=9.371Hz  err=-18.513Hz  corr=-383.31W  u_ff=86.6W  PCAP→78W  power=77.8W
[PID] perf=27.866Hz  target=9.371Hz  err=-18.495Hz  corr=-382.98W  u_ff=86.6W  PCAP→78W  power=77.3W
[PID] perf=27.877Hz  target=9.371Hz  err=-18.507Hz  corr=-383.20W  u_ff=86.6W  PCAP→78W  power=76.5W
[PID] perf=27.842Hz  target=9.371Hz  err=-18.471Hz  corr=-382.54W  u_ff=86.6W  PCAP→78W  power=76.6W
[PID] perf=27.834Hz  target=9.371Hz  err=-18.463Hz  corr=-382.40W  u_ff=86.6W  PCAP→78W  power=77.5W
[PID] perf=27.861Hz  target=9.371Hz  err=-18.490Hz  corr=-382.89W  u_ff=86.6W  PCAP→78W  power=78.4W
[PID] perf=27.892Hz  target=9.371Hz  err=-18.521Hz  corr=-383.47W  u_ff=86.6W  PCAP→78W  power=77.1W
[PID] perf=27.891Hz  target=9.371Hz  err=-18.520Hz  corr=-383.45W  u_ff=86.6W  PCAP→78W  power=77.1W
[PID] perf=27.883Hz  target=9.371Hz  err=-18.513Hz  corr=-383.31W  u_ff=86.6W  PCAP→78W  power=76.4W
[PID] perf=27.878Hz  target=9.371Hz  err=-18.507Hz  corr=-383.22W  u_ff=86.6W  PCAP→78W  power=77.4W
[PID] perf=27.879Hz  target=9.371Hz  err=-18.509Hz  corr=-383.24W  u_ff=86.6W  PCAP→78W  power=78.8W
[PID] perf=27.895Hz  target=9.371Hz  err=-18.525Hz  corr=-383.53W  u_ff=86.6W  PCAP→78W  power=77.7W
[PID] perf=27.869Hz  target=9.371Hz  err=-18.498Hz  corr=-383.04W  u_ff=86.6W  PCAP→78W  power=78.8W
[PID] perf=27.873Hz  target=9.371Hz  err=-18.503Hz  corr=-383.13W  u_ff=86.6W  PCAP→78W  power=78.5W
[PID] perf=27.861Hz  target=9.371Hz  err=-18.491Hz  corr=-382.90W  u_ff=86.6W  PCAP→78W  power=78.9W
[PID] perf=27.853Hz  target=9.371Hz  err=-18.482Hz  corr=-382.75W  u_ff=86.6W  PCAP→78W  power=78.6W
[PID] perf=27.839Hz  target=9.371Hz  err=-18.469Hz  corr=-382.50W  u_ff=86.6W  PCAP→78W  power=78.2W
[PID] perf=27.858Hz  target=9.371Hz  err=-18.487Hz  corr=-382.84W  u_ff=86.6W  PCAP→78W  power=77.9W
[PID] perf=27.843Hz  target=9.371Hz  err=-18.472Hz  corr=-382.56W  u_ff=86.6W  PCAP→78W  power=77.0W
[PID] perf=27.857Hz  target=9.371Hz  err=-18.487Hz  corr=-382.83W  u_ff=86.6W  PCAP→78W  power=76.3W
[PID] perf=27.860Hz  target=9.371Hz  err=-18.489Hz  corr=-382.87W  u_ff=86.6W  PCAP→78W  power=77.8W
[PID] perf=27.858Hz  target=9.371Hz  err=-18.487Hz  corr=-382.84W  u_ff=86.6W  PCAP→78W  power=78.4W
[PID] perf=27.881Hz  target=9.371Hz  err=-18.510Hz  corr=-383.27W  u_ff=86.6W  PCAP→78W  power=78.1W
[PID] perf=27.878Hz  target=9.371Hz  err=-18.507Hz  corr=-383.21W  u_ff=86.6W  PCAP→78W  power=77.2W
[PID] perf=27.865Hz  target=9.371Hz  err=-18.494Hz  corr=-382.96W  u_ff=86.6W  PCAP→78W  power=76.9W
[PID] perf=27.837Hz  target=9.371Hz  err=-18.466Hz  corr=-382.45W  u_ff=86.6W  PCAP→78W  power=77.6W
[PID] perf=27.876Hz  target=9.371Hz  err=-18.505Hz  corr=-383.17W  u_ff=86.6W  PCAP→78W  power=76.4W
[PID] perf=27.826Hz  target=9.371Hz  err=-18.456Hz  corr=-382.26W  u_ff=86.6W  PCAP→78W  power=77.0W
[PID] perf=27.863Hz  target=9.371Hz  err=-18.493Hz  corr=-382.94W  u_ff=86.6W  PCAP→78W  power=77.0W
[PID] perf=27.812Hz  target=9.371Hz  err=-18.441Hz  corr=-381.98W  u_ff=86.6W  PCAP→78W  power=78.7W
[PID] perf=27.866Hz  target=9.371Hz  err=-18.496Hz  corr=-382.99W  u_ff=86.6W  PCAP→78W  power=78.8W
[PID] perf=27.870Hz  target=9.371Hz  err=-18.499Hz  corr=-383.06W  u_ff=86.6W  PCAP→78W  power=78.8W
[PID] perf=27.827Hz  target=9.371Hz  err=-18.457Hz  corr=-382.27W  u_ff=86.6W  PCAP→78W  power=77.2W
[PID] perf=27.893Hz  target=9.371Hz  err=-18.523Hz  corr=-383.50W  u_ff=86.6W  PCAP→78W  power=78.8W
[PID] perf=27.849Hz  target=9.371Hz  err=-18.478Hz  corr=-382.67W  u_ff=86.6W  PCAP→78W  power=78.8W
[PID] perf=27.857Hz  target=9.371Hz  err=-18.487Hz  corr=-382.83W  u_ff=86.6W  PCAP→78W  power=79.0W
[PID] perf=27.840Hz  target=9.371Hz  err=-18.470Hz  corr=-382.51W  u_ff=86.6W  PCAP→78W  power=78.9W
[PID] perf=27.854Hz  target=9.371Hz  err=-18.483Hz  corr=-382.76W  u_ff=86.6W  PCAP→78W  power=78.8W
[PID] perf=27.905Hz  target=9.371Hz  err=-18.534Hz  corr=-383.71W  u_ff=86.6W  PCAP→78W  power=77.7W
[PID] perf=27.887Hz  target=9.371Hz  err=-18.516Hz  corr=-383.38W  u_ff=86.6W  PCAP→78W  power=79.1W
[PID] perf=27.847Hz  target=9.371Hz  err=-18.477Hz  corr=-382.65W  u_ff=86.6W  PCAP→78W  power=77.5W
[PID] perf=27.819Hz  target=9.371Hz  err=-18.448Hz  corr=-382.12W  u_ff=86.6W  PCAP→78W  power=77.6W
[PID] perf=27.806Hz  target=9.371Hz  err=-18.436Hz  corr=-381.88W  u_ff=86.6W  PCAP→78W  power=79.4W
[PID] perf=27.771Hz  target=9.371Hz  err=-18.400Hz  corr=-381.22W  u_ff=86.6W  PCAP→78W  power=76.7W
[PID] perf=27.808Hz  target=9.371Hz  err=-18.438Hz  corr=-381.92W  u_ff=86.6W  PCAP→78W  power=76.7W
[PID] perf=27.839Hz  target=9.371Hz  err=-18.468Hz  corr=-382.49W  u_ff=86.6W  PCAP→78W  power=78.4W
[PID] perf=27.844Hz  target=9.371Hz  err=-18.473Hz  corr=-382.58W  u_ff=86.6W  PCAP→78W  power=77.0W
[PID] perf=27.844Hz  target=9.371Hz  err=-18.473Hz  corr=-382.58W  u_ff=86.6W  PCAP→78W  power=76.1W
[PID] perf=27.837Hz  target=9.371Hz  err=-18.466Hz  corr=-382.45W  u_ff=86.6W  PCAP→78W  power=78.3W
[PID] perf=27.838Hz  target=9.371Hz  err=-18.468Hz  corr=-382.47W  u_ff=86.6W  PCAP→78W  power=78.5W
[PID] perf=27.859Hz  target=9.371Hz  err=-18.488Hz  corr=-382.86W  u_ff=86.6W  PCAP→78W  power=79.1W
[PID] perf=27.850Hz  target=9.371Hz  err=-18.479Hz  corr=-382.69W  u_ff=86.6W  PCAP→78W  power=78.7W
[PID] perf=27.865Hz  target=9.371Hz  err=-18.494Hz  corr=-382.97W  u_ff=86.6W  PCAP→78W  power=76.8W
[PID] perf=27.844Hz  target=9.371Hz  err=-18.473Hz  corr=-382.58W  u_ff=86.6W  PCAP→78W  power=79.0W
[PID] perf=27.876Hz  target=9.371Hz  err=-18.505Hz  corr=-383.17W  u_ff=86.6W  PCAP→78W  power=78.1W
[PID] perf=27.853Hz  target=9.371Hz  err=-18.482Hz  corr=-382.74W  u_ff=86.6W  PCAP→78W  power=78.3W
[PID] perf=27.877Hz  target=9.371Hz  err=-18.506Hz  corr=-383.20W  u_ff=86.6W  PCAP→78W  power=79.0W
[PID] perf=27.855Hz  target=9.371Hz  err=-18.484Hz  corr=-382.78W  u_ff=86.6W  PCAP→78W  power=78.6W
[PID] perf=27.875Hz  target=9.371Hz  err=-18.504Hz  corr=-383.15W  u_ff=86.6W  PCAP→78W  power=78.5W
[PID] perf=27.886Hz  target=9.371Hz  err=-18.515Hz  corr=-383.36W  u_ff=86.6W  PCAP→78W  power=78.1W
[PID] perf=27.858Hz  target=9.371Hz  err=-18.487Hz  corr=-382.84W  u_ff=86.6W  PCAP→78W  power=77.0W
[PID] perf=27.849Hz  target=9.371Hz  err=-18.479Hz  corr=-382.68W  u_ff=86.6W  PCAP→78W  power=78.2W
[PID] perf=27.873Hz  target=9.371Hz  err=-18.503Hz  corr=-383.12W  u_ff=86.6W  PCAP→78W  power=77.5W
[PID] perf=27.869Hz  target=9.371Hz  err=-18.498Hz  corr=-383.04W  u_ff=86.6W  PCAP→78W  power=76.3W
[PID] perf=27.883Hz  target=9.371Hz  err=-18.513Hz  corr=-383.31W  u_ff=86.6W  PCAP→78W  power=77.5W
[PID] perf=27.852Hz  target=9.371Hz  err=-18.481Hz  corr=-382.73W  u_ff=86.6W  PCAP→78W  power=78.8W
[PID] perf=27.843Hz  target=9.371Hz  err=-18.472Hz  corr=-382.56W  u_ff=86.6W  PCAP→78W  power=79.0W
[PID] perf=27.844Hz  target=9.371Hz  err=-18.473Hz  corr=-382.58W  u_ff=86.6W  PCAP→78W  power=78.4W
[PID] perf=27.860Hz  target=9.371Hz  err=-18.489Hz  corr=-382.87W  u_ff=86.6W  PCAP→78W  power=76.7W
[PID] perf=27.819Hz  target=9.371Hz  err=-18.449Hz  corr=-382.13W  u_ff=86.6W  PCAP→78W  power=77.5W
[PID] perf=27.848Hz  target=9.371Hz  err=-18.478Hz  corr=-382.66W  u_ff=86.6W  PCAP→78W  power=77.5W
[PID] perf=27.846Hz  target=9.371Hz  err=-18.475Hz  corr=-382.62W  u_ff=86.6W  PCAP→78W  power=78.3W
[PID] perf=27.856Hz  target=9.371Hz  err=-18.486Hz  corr=-382.81W  u_ff=86.6W  PCAP→78W  power=76.9W
[PID] perf=27.819Hz  target=9.371Hz  err=-18.449Hz  corr=-382.13W  u_ff=86.6W  PCAP→78W  power=77.2W
[PID] perf=27.803Hz  target=9.371Hz  err=-18.433Hz  corr=-381.83W  u_ff=86.6W  PCAP→78W  power=76.0W
[PID] perf=27.840Hz  target=9.371Hz  err=-18.469Hz  corr=-382.50W  u_ff=86.6W  PCAP→78W  power=76.2W
[PID] perf=27.845Hz  target=9.371Hz  err=-18.474Hz  corr=-382.60W  u_ff=86.6W  PCAP→78W  power=77.8W
[PID] perf=27.865Hz  target=9.371Hz  err=-18.495Hz  corr=-382.98W  u_ff=86.6W  PCAP→78W  power=78.3W
[PID] perf=27.844Hz  target=9.371Hz  err=-18.473Hz  corr=-382.58W  u_ff=86.6W  PCAP→78W  power=78.4W
[PID] perf=27.888Hz  target=9.371Hz  err=-18.517Hz  corr=-383.39W  u_ff=86.6W  PCAP→78W  power=77.9W
[PID] perf=27.878Hz  target=9.371Hz  err=-18.507Hz  corr=-383.21W  u_ff=86.6W  PCAP→78W  power=78.8W
[PID] perf=27.841Hz  target=9.371Hz  err=-18.470Hz  corr=-382.52W  u_ff=86.6W  PCAP→78W  power=79.0W
[PID] perf=27.802Hz  target=9.371Hz  err=-18.432Hz  corr=-381.81W  u_ff=86.6W  PCAP→78W  power=78.6W
[PID] perf=27.834Hz  target=9.371Hz  err=-18.464Hz  corr=-382.40W  u_ff=86.6W  PCAP→78W  power=78.1W
[PID] perf=27.842Hz  target=9.371Hz  err=-18.471Hz  corr=-382.54W  u_ff=86.6W  PCAP→78W  power=77.2W
[PID] perf=27.819Hz  target=9.371Hz  err=-18.448Hz  corr=-382.11W  u_ff=86.6W  PCAP→78W  power=77.5W
[PID] perf=27.827Hz  target=9.371Hz  err=-18.457Hz  corr=-382.27W  u_ff=86.6W  PCAP→78W  power=77.5W
[PID] perf=27.839Hz  target=9.371Hz  err=-18.468Hz  corr=-382.49W  u_ff=86.6W  PCAP→78W  power=77.7W
[PID] perf=27.845Hz  target=9.371Hz  err=-18.474Hz  corr=-382.60W  u_ff=86.6W  PCAP→78W  power=77.0W
[PID] perf=27.888Hz  target=9.371Hz  err=-18.517Hz  corr=-383.40W  u_ff=86.6W  PCAP→78W  power=76.3W
[PID] perf=27.840Hz  target=9.371Hz  err=-18.470Hz  corr=-382.51W  u_ff=86.6W  PCAP→78W  power=76.7W
[PID] perf=27.819Hz  target=9.371Hz  err=-18.448Hz  corr=-382.11W  u_ff=86.6W  PCAP→78W  power=77.0W
[PID] perf=27.830Hz  target=9.371Hz  err=-18.459Hz  corr=-382.32W  u_ff=86.6W  PCAP→78W  power=75.9W
[PID] perf=27.849Hz  target=9.371Hz  err=-18.478Hz  corr=-382.67W  u_ff=86.6W  PCAP→78W  power=77.4W
[PID] perf=27.829Hz  target=9.371Hz  err=-18.458Hz  corr=-382.30W  u_ff=86.6W  PCAP→78W  power=77.8W
[PID] perf=27.822Hz  target=9.371Hz  err=-18.451Hz  corr=-382.17W  u_ff=86.6W  PCAP→78W  power=77.1W
[PID] perf=27.842Hz  target=9.371Hz  err=-18.471Hz  corr=-382.54W  u_ff=86.6W  PCAP→78W  power=76.3W
[PID] perf=27.846Hz  target=9.371Hz  err=-18.475Hz  corr=-382.61W  u_ff=86.6W  PCAP→78W  power=77.0W
[PID] perf=27.901Hz  target=9.371Hz  err=-18.530Hz  corr=-383.63W  u_ff=86.6W  PCAP→78W  power=76.3W
[PID] perf=27.886Hz  target=9.371Hz  err=-18.516Hz  corr=-383.37W  u_ff=86.6W  PCAP→78W  power=78.5W
[PID] perf=27.913Hz  target=9.371Hz  err=-18.542Hz  corr=-383.86W  u_ff=86.6W  PCAP→78W  power=77.0W
[PID] perf=27.842Hz  target=9.371Hz  err=-18.472Hz  corr=-382.55W  u_ff=86.6W  PCAP→78W  power=78.3W
[PID] perf=27.893Hz  target=9.371Hz  err=-18.522Hz  corr=-383.48W  u_ff=86.6W  PCAP→78W  power=79.2W
[PID] perf=27.905Hz  target=9.371Hz  err=-18.535Hz  corr=-383.72W  u_ff=86.6W  PCAP→78W  power=78.7W
[PID] perf=27.869Hz  target=9.371Hz  err=-18.498Hz  corr=-383.05W  u_ff=86.6W  PCAP→78W  power=78.8W
[PID] perf=27.874Hz  target=9.371Hz  err=-18.504Hz  corr=-383.14W  u_ff=86.6W  PCAP→78W  power=77.7W
[PID] perf=27.855Hz  target=9.371Hz  err=-18.485Hz  corr=-382.79W  u_ff=86.6W  PCAP→78W  power=79.2W
Process completed.
Compressed into /home/cc/summer2024/main_codes/pid_controller/../experiment_data/PID_Control_sweep/ones-npb-cg/compressed_iteration_20260513_031329.tar
----------------------------------

>>> Step 3/3

[ones-npb-cg]
  target perf      : 9.3707 Hz
  coefficients_perf: [-0.0006547837485238978, 0.18607436314256556, -1.8317688501798497]
  feedforward PCAP : 86.59 W  →  89 W (snapped)
  Perf(u_ff) check : 9.3707 Hz  (should ≈ target)
  PID gains        : Kp=18.5447 W/Hz  Ki=1.85447 W/(Hz·s)  Kd=0.0000
[PID] Awaiting data — feedforward PCAP=89W
[PID] Awaiting data — feedforward PCAP=89W
[PID] Awaiting data — feedforward PCAP=89W
[PID] Awaiting data — feedforward PCAP=89W
[PID] Awaiting data — feedforward PCAP=89W
[PID] Awaiting data — feedforward PCAP=89W
[PID] perf=19.332Hz  target=9.371Hz  err=-9.962Hz  corr=-221.68W  u_ff=86.6W  PCAP→78W  power=nanW
[PID] perf=18.079Hz  target=9.371Hz  err=-8.708Hz  corr=-201.49W  u_ff=86.6W  PCAP→78W  power=76.6W
[PID] perf=18.127Hz  target=9.371Hz  err=-8.756Hz  corr=-202.38W  u_ff=86.6W  PCAP→78W  power=78.5W
[PID] perf=18.078Hz  target=9.371Hz  err=-8.707Hz  corr=-201.47W  u_ff=86.6W  PCAP→78W  power=77.5W
[PID] perf=18.121Hz  target=9.371Hz  err=-8.750Hz  corr=-202.27W  u_ff=86.6W  PCAP→78W  power=77.9W
[PID] perf=23.964Hz  target=9.371Hz  err=-14.594Hz  corr=-310.64W  u_ff=86.6W  PCAP→78W  power=76.9W
[PID] perf=27.671Hz  target=9.371Hz  err=-18.300Hz  corr=-379.37W  u_ff=86.6W  PCAP→78W  power=79.1W
[PID] perf=27.739Hz  target=9.371Hz  err=-18.368Hz  corr=-380.63W  u_ff=86.6W  PCAP→78W  power=78.7W
[PID] perf=27.738Hz  target=9.371Hz  err=-18.367Hz  corr=-380.61W  u_ff=86.6W  PCAP→78W  power=77.9W
[PID] perf=27.733Hz  target=9.371Hz  err=-18.362Hz  corr=-380.52W  u_ff=86.6W  PCAP→78W  power=78.6W
[PID] perf=27.783Hz  target=9.371Hz  err=-18.412Hz  corr=-381.45W  u_ff=86.6W  PCAP→78W  power=77.8W
[PID] perf=27.745Hz  target=9.371Hz  err=-18.375Hz  corr=-380.75W  u_ff=86.6W  PCAP→78W  power=78.4W
[PID] perf=27.756Hz  target=9.371Hz  err=-18.385Hz  corr=-380.95W  u_ff=86.6W  PCAP→78W  power=77.3W
[PID] perf=27.728Hz  target=9.371Hz  err=-18.357Hz  corr=-380.42W  u_ff=86.6W  PCAP→78W  power=78.9W
[PID] perf=27.784Hz  target=9.371Hz  err=-18.413Hz  corr=-381.46W  u_ff=86.6W  PCAP→78W  power=76.9W
[PID] perf=27.721Hz  target=9.371Hz  err=-18.350Hz  corr=-380.30W  u_ff=86.6W  PCAP→78W  power=76.3W
[PID] perf=27.753Hz  target=9.371Hz  err=-18.382Hz  corr=-380.89W  u_ff=86.6W  PCAP→78W  power=77.4W
[PID] perf=27.727Hz  target=9.371Hz  err=-18.357Hz  corr=-380.42W  u_ff=86.6W  PCAP→78W  power=77.1W
[PID] perf=27.724Hz  target=9.371Hz  err=-18.353Hz  corr=-380.36W  u_ff=86.6W  PCAP→78W  power=76.9W
[PID] perf=27.745Hz  target=9.371Hz  err=-18.375Hz  corr=-380.75W  u_ff=86.6W  PCAP→78W  power=78.8W
[PID] perf=27.768Hz  target=9.371Hz  err=-18.397Hz  corr=-381.17W  u_ff=86.6W  PCAP→78W  power=78.9W
[PID] perf=27.759Hz  target=9.371Hz  err=-18.388Hz  corr=-381.00W  u_ff=86.6W  PCAP→78W  power=79.2W
[PID] perf=27.769Hz  target=9.371Hz  err=-18.398Hz  corr=-381.19W  u_ff=86.6W  PCAP→78W  power=78.3W
[PID] perf=27.230Hz  target=9.371Hz  err=-17.859Hz  corr=-371.19W  u_ff=86.6W  PCAP→78W  power=79.4W
[PID] perf=27.340Hz  target=9.371Hz  err=-17.969Hz  corr=-373.23W  u_ff=86.6W  PCAP→78W  power=78.3W
[PID] perf=27.895Hz  target=9.371Hz  err=-18.524Hz  corr=-383.52W  u_ff=86.6W  PCAP→78W  power=79.0W
[PID] perf=27.376Hz  target=9.371Hz  err=-18.006Hz  corr=-373.91W  u_ff=86.6W  PCAP→78W  power=78.5W
[PID] perf=27.411Hz  target=9.371Hz  err=-18.040Hz  corr=-374.55W  u_ff=86.6W  PCAP→78W  power=77.5W
[PID] perf=27.837Hz  target=9.371Hz  err=-18.466Hz  corr=-382.44W  u_ff=86.6W  PCAP→78W  power=77.5W
[PID] perf=27.372Hz  target=9.371Hz  err=-18.001Hz  corr=-373.83W  u_ff=86.6W  PCAP→78W  power=77.1W
[PID] perf=27.337Hz  target=9.371Hz  err=-17.966Hz  corr=-373.18W  u_ff=86.6W  PCAP→78W  power=78.3W
[PID] perf=27.857Hz  target=9.371Hz  err=-18.487Hz  corr=-382.83W  u_ff=86.6W  PCAP→78W  power=78.6W
[PID] perf=27.487Hz  target=9.371Hz  err=-18.117Hz  corr=-375.97W  u_ff=86.6W  PCAP→78W  power=77.9W
[PID] perf=27.556Hz  target=9.371Hz  err=-18.186Hz  corr=-377.25W  u_ff=86.6W  PCAP→78W  power=78.2W
[PID] perf=27.633Hz  target=9.371Hz  err=-18.262Hz  corr=-378.67W  u_ff=86.6W  PCAP→78W  power=79.3W
[PID] perf=27.562Hz  target=9.371Hz  err=-18.191Hz  corr=-377.35W  u_ff=86.6W  PCAP→78W  power=78.6W
[PID] perf=27.836Hz  target=9.371Hz  err=-18.465Hz  corr=-382.43W  u_ff=86.6W  PCAP→78W  power=78.0W
[PID] perf=27.528Hz  target=9.371Hz  err=-18.157Hz  corr=-376.72W  u_ff=86.6W  PCAP→78W  power=78.6W
[PID] perf=27.594Hz  target=9.371Hz  err=-18.223Hz  corr=-377.95W  u_ff=86.6W  PCAP→78W  power=79.2W
[PID] perf=27.559Hz  target=9.371Hz  err=-18.189Hz  corr=-377.31W  u_ff=86.6W  PCAP→78W  power=76.6W
[PID] perf=27.553Hz  target=9.371Hz  err=-18.183Hz  corr=-377.19W  u_ff=86.6W  PCAP→78W  power=76.8W
[PID] perf=27.545Hz  target=9.371Hz  err=-18.174Hz  corr=-377.03W  u_ff=86.6W  PCAP→78W  power=77.8W
[PID] perf=27.533Hz  target=9.371Hz  err=-18.162Hz  corr=-376.81W  u_ff=86.6W  PCAP→78W  power=76.6W
[PID] perf=27.553Hz  target=9.371Hz  err=-18.183Hz  corr=-377.19W  u_ff=86.6W  PCAP→78W  power=77.5W
[PID] perf=27.548Hz  target=9.371Hz  err=-18.178Hz  corr=-377.10W  u_ff=86.6W  PCAP→78W  power=76.9W
[PID] perf=27.553Hz  target=9.371Hz  err=-18.183Hz  corr=-377.19W  u_ff=86.6W  PCAP→78W  power=76.9W
[PID] perf=27.946Hz  target=9.371Hz  err=-18.576Hz  corr=-384.48W  u_ff=86.6W  PCAP→78W  power=76.3W
[PID] perf=27.586Hz  target=9.371Hz  err=-18.215Hz  corr=-377.79W  u_ff=86.6W  PCAP→78W  power=77.2W
[PID] perf=27.700Hz  target=9.371Hz  err=-18.330Hz  corr=-379.92W  u_ff=86.6W  PCAP→78W  power=77.5W
[PID] perf=27.694Hz  target=9.371Hz  err=-18.324Hz  corr=-379.81W  u_ff=86.6W  PCAP→78W  power=77.5W
[PID] perf=27.666Hz  target=9.371Hz  err=-18.295Hz  corr=-379.28W  u_ff=86.6W  PCAP→78W  power=77.2W
[PID] perf=27.660Hz  target=9.371Hz  err=-18.289Hz  corr=-379.16W  u_ff=86.6W  PCAP→78W  power=78.5W
[PID] perf=27.706Hz  target=9.371Hz  err=-18.336Hz  corr=-380.03W  u_ff=86.6W  PCAP→78W  power=78.0W
[PID] perf=27.763Hz  target=9.371Hz  err=-18.393Hz  corr=-381.09W  u_ff=86.6W  PCAP→78W  power=78.9W
[PID] perf=27.810Hz  target=9.371Hz  err=-18.439Hz  corr=-381.95W  u_ff=86.6W  PCAP→78W  power=79.0W
[PID] perf=27.844Hz  target=9.371Hz  err=-18.473Hz  corr=-382.58W  u_ff=86.6W  PCAP→78W  power=78.7W
[PID] perf=27.505Hz  target=9.371Hz  err=-18.135Hz  corr=-376.30W  u_ff=86.6W  PCAP→78W  power=79.1W
[PID] perf=27.589Hz  target=9.371Hz  err=-18.218Hz  corr=-377.85W  u_ff=86.6W  PCAP→78W  power=78.5W
[PID] perf=27.600Hz  target=9.371Hz  err=-18.230Hz  corr=-378.06W  u_ff=86.6W  PCAP→78W  power=78.1W
[PID] perf=27.593Hz  target=9.371Hz  err=-18.223Hz  corr=-377.94W  u_ff=86.6W  PCAP→78W  power=77.9W
[PID] perf=27.601Hz  target=9.371Hz  err=-18.230Hz  corr=-378.07W  u_ff=86.6W  PCAP→78W  power=77.8W
[PID] perf=27.625Hz  target=9.371Hz  err=-18.254Hz  corr=-378.52W  u_ff=86.6W  PCAP→78W  power=78.1W
[PID] perf=27.616Hz  target=9.371Hz  err=-18.246Hz  corr=-378.36W  u_ff=86.6W  PCAP→78W  power=77.0W
[PID] perf=27.610Hz  target=9.371Hz  err=-18.239Hz  corr=-378.23W  u_ff=86.6W  PCAP→78W  power=77.9W
[PID] perf=27.642Hz  target=9.371Hz  err=-18.272Hz  corr=-378.84W  u_ff=86.6W  PCAP→78W  power=78.7W
[PID] perf=25.705Hz  target=9.371Hz  err=-16.334Hz  corr=-342.91W  u_ff=86.6W  PCAP→78W  power=79.4W
[PID] perf=25.805Hz  target=9.371Hz  err=-16.435Hz  corr=-344.78W  u_ff=86.6W  PCAP→78W  power=77.9W
[PID] perf=25.911Hz  target=9.371Hz  err=-16.541Hz  corr=-346.74W  u_ff=86.6W  PCAP→78W  power=76.0W
[PID] perf=25.935Hz  target=9.371Hz  err=-16.564Hz  corr=-347.18W  u_ff=86.6W  PCAP→78W  power=76.1W
[PID] perf=25.924Hz  target=9.371Hz  err=-16.554Hz  corr=-346.98W  u_ff=86.6W  PCAP→78W  power=79.3W
[PID] perf=25.958Hz  target=9.371Hz  err=-16.587Hz  corr=-347.61W  u_ff=86.6W  PCAP→78W  power=77.7W
[PID] perf=25.973Hz  target=9.371Hz  err=-16.602Hz  corr=-347.88W  u_ff=86.6W  PCAP→78W  power=79.2W
[PID] perf=25.958Hz  target=9.371Hz  err=-16.587Hz  corr=-347.60W  u_ff=86.6W  PCAP→78W  power=77.1W
[PID] perf=25.982Hz  target=9.371Hz  err=-16.612Hz  corr=-348.06W  u_ff=86.6W  PCAP→78W  power=77.2W
[PID] perf=25.953Hz  target=9.371Hz  err=-16.582Hz  corr=-347.51W  u_ff=86.6W  PCAP→78W  power=76.4W
[PID] perf=25.988Hz  target=9.371Hz  err=-16.617Hz  corr=-348.16W  u_ff=86.6W  PCAP→78W  power=79.3W
[PID] perf=25.999Hz  target=9.371Hz  err=-16.628Hz  corr=-348.37W  u_ff=86.6W  PCAP→78W  power=78.8W
[PID] perf=25.974Hz  target=9.371Hz  err=-16.604Hz  corr=-347.91W  u_ff=86.6W  PCAP→78W  power=77.9W
[PID] perf=25.972Hz  target=9.371Hz  err=-16.601Hz  corr=-347.86W  u_ff=86.6W  PCAP→78W  power=77.7W
[PID] perf=23.927Hz  target=9.371Hz  err=-14.556Hz  corr=-309.93W  u_ff=86.6W  PCAP→78W  power=75.0W
[PID] perf=24.223Hz  target=9.371Hz  err=-14.852Hz  corr=-315.43W  u_ff=86.6W  PCAP→78W  power=76.6W
[PID] perf=24.329Hz  target=9.371Hz  err=-14.958Hz  corr=-317.39W  u_ff=86.6W  PCAP→78W  power=77.4W
[PID] perf=24.358Hz  target=9.371Hz  err=-14.987Hz  corr=-317.94W  u_ff=86.6W  PCAP→78W  power=76.8W
[PID] perf=24.354Hz  target=9.371Hz  err=-14.983Hz  corr=-317.86W  u_ff=86.6W  PCAP→78W  power=77.4W
[PID] perf=24.338Hz  target=9.371Hz  err=-14.968Hz  corr=-317.57W  u_ff=86.6W  PCAP→78W  power=79.1W
[PID] perf=24.382Hz  target=9.371Hz  err=-15.011Hz  corr=-318.37W  u_ff=86.6W  PCAP→78W  power=76.6W
[PID] perf=24.384Hz  target=9.371Hz  err=-15.013Hz  corr=-318.41W  u_ff=86.6W  PCAP→78W  power=76.8W
[PID] perf=24.397Hz  target=9.371Hz  err=-15.026Hz  corr=-318.65W  u_ff=86.6W  PCAP→78W  power=76.0W
[PID] perf=24.377Hz  target=9.371Hz  err=-15.006Hz  corr=-318.28W  u_ff=86.6W  PCAP→78W  power=76.2W
[PID] perf=24.360Hz  target=9.371Hz  err=-14.989Hz  corr=-317.97W  u_ff=86.6W  PCAP→78W  power=78.8W
[PID] perf=24.392Hz  target=9.371Hz  err=-15.021Hz  corr=-318.56W  u_ff=86.6W  PCAP→78W  power=78.0W
[PID] perf=24.385Hz  target=9.371Hz  err=-15.014Hz  corr=-318.43W  u_ff=86.6W  PCAP→78W  power=78.7W
[PID] perf=24.339Hz  target=9.371Hz  err=-14.969Hz  corr=-317.59W  u_ff=86.6W  PCAP→78W  power=78.3W
[PID] perf=24.399Hz  target=9.371Hz  err=-15.029Hz  corr=-318.70W  u_ff=86.6W  PCAP→78W  power=79.0W
[PID] perf=25.384Hz  target=9.371Hz  err=-16.013Hz  corr=-336.96W  u_ff=86.6W  PCAP→78W  power=78.2W
[PID] perf=25.461Hz  target=9.371Hz  err=-16.090Hz  corr=-338.38W  u_ff=86.6W  PCAP→78W  power=77.8W
[PID] perf=25.479Hz  target=9.371Hz  err=-16.108Hz  corr=-338.72W  u_ff=86.6W  PCAP→78W  power=77.0W
[PID] perf=25.473Hz  target=9.371Hz  err=-16.103Hz  corr=-338.62W  u_ff=86.6W  PCAP→78W  power=79.1W
[PID] perf=25.496Hz  target=9.371Hz  err=-16.125Hz  corr=-339.04W  u_ff=86.6W  PCAP→78W  power=79.3W
[PID] perf=25.477Hz  target=9.371Hz  err=-16.106Hz  corr=-338.69W  u_ff=86.6W  PCAP→78W  power=79.1W
[PID] perf=25.480Hz  target=9.371Hz  err=-16.109Hz  corr=-338.74W  u_ff=86.6W  PCAP→78W  power=77.3W
[PID] perf=25.533Hz  target=9.371Hz  err=-16.163Hz  corr=-339.73W  u_ff=86.6W  PCAP→78W  power=77.3W
[PID] perf=25.596Hz  target=9.371Hz  err=-16.226Hz  corr=-340.90W  u_ff=86.6W  PCAP→78W  power=78.0W
[PID] perf=26.755Hz  target=9.371Hz  err=-17.384Hz  corr=-362.39W  u_ff=86.6W  PCAP→78W  power=77.9W
[PID] perf=27.092Hz  target=9.371Hz  err=-17.721Hz  corr=-368.64W  u_ff=86.6W  PCAP→78W  power=78.8W
[PID] perf=27.099Hz  target=9.371Hz  err=-17.728Hz  corr=-368.76W  u_ff=86.6W  PCAP→78W  power=78.8W
[PID] perf=27.100Hz  target=9.371Hz  err=-17.729Hz  corr=-368.78W  u_ff=86.6W  PCAP→78W  power=78.6W
[PID] perf=27.081Hz  target=9.371Hz  err=-17.710Hz  corr=-368.42W  u_ff=86.6W  PCAP→78W  power=77.6W
[PID] perf=27.104Hz  target=9.371Hz  err=-17.734Hz  corr=-368.87W  u_ff=86.6W  PCAP→78W  power=78.4W
[PID] perf=27.139Hz  target=9.371Hz  err=-17.769Hz  corr=-369.51W  u_ff=86.6W  PCAP→78W  power=78.1W
[PID] perf=27.121Hz  target=9.371Hz  err=-17.751Hz  corr=-369.18W  u_ff=86.6W  PCAP→78W  power=78.4W
[PID] perf=27.111Hz  target=9.371Hz  err=-17.741Hz  corr=-369.00W  u_ff=86.6W  PCAP→78W  power=79.3W
[PID] perf=27.068Hz  target=9.371Hz  err=-17.697Hz  corr=-368.19W  u_ff=86.6W  PCAP→78W  power=77.5W
[PID] perf=27.112Hz  target=9.371Hz  err=-17.742Hz  corr=-369.02W  u_ff=86.6W  PCAP→78W  power=78.7W
[PID] perf=27.104Hz  target=9.371Hz  err=-17.733Hz  corr=-368.85W  u_ff=86.6W  PCAP→78W  power=76.6W
[PID] perf=27.140Hz  target=9.371Hz  err=-17.770Hz  corr=-369.54W  u_ff=86.6W  PCAP→78W  power=77.5W
[PID] perf=27.142Hz  target=9.371Hz  err=-17.772Hz  corr=-369.57W  u_ff=86.6W  PCAP→78W  power=78.8W
[PID] perf=27.115Hz  target=9.371Hz  err=-17.745Hz  corr=-369.07W  u_ff=86.6W  PCAP→78W  power=78.6W
[PID] perf=27.108Hz  target=9.371Hz  err=-17.737Hz  corr=-368.93W  u_ff=86.6W  PCAP→78W  power=79.1W
[PID] perf=27.091Hz  target=9.371Hz  err=-17.720Hz  corr=-368.62W  u_ff=86.6W  PCAP→78W  power=77.8W
[PID] perf=27.129Hz  target=9.371Hz  err=-17.758Hz  corr=-369.32W  u_ff=86.6W  PCAP→78W  power=77.5W
[PID] perf=27.107Hz  target=9.371Hz  err=-17.736Hz  corr=-368.91W  u_ff=86.6W  PCAP→78W  power=78.5W
[PID] perf=27.105Hz  target=9.371Hz  err=-17.734Hz  corr=-368.87W  u_ff=86.6W  PCAP→78W  power=78.4W
[PID] perf=27.131Hz  target=9.371Hz  err=-17.760Hz  corr=-369.35W  u_ff=86.6W  PCAP→78W  power=77.9W
[PID] perf=27.117Hz  target=9.371Hz  err=-17.746Hz  corr=-369.10W  u_ff=86.6W  PCAP→78W  power=77.7W
[PID] perf=27.084Hz  target=9.371Hz  err=-17.713Hz  corr=-368.48W  u_ff=86.6W  PCAP→78W  power=77.8W
[PID] perf=27.082Hz  target=9.371Hz  err=-17.711Hz  corr=-368.45W  u_ff=86.6W  PCAP→78W  power=76.9W
[PID] perf=27.108Hz  target=9.371Hz  err=-17.738Hz  corr=-368.94W  u_ff=86.6W  PCAP→78W  power=76.7W
[PID] perf=27.097Hz  target=9.371Hz  err=-17.726Hz  corr=-368.73W  u_ff=86.6W  PCAP→78W  power=77.8W
[PID] perf=27.091Hz  target=9.371Hz  err=-17.720Hz  corr=-368.61W  u_ff=86.6W  PCAP→78W  power=78.0W
[PID] perf=27.068Hz  target=9.371Hz  err=-17.697Hz  corr=-368.18W  u_ff=86.6W  PCAP→78W  power=81.3W
[PID] perf=26.728Hz  target=9.371Hz  err=-17.358Hz  corr=-361.89W  u_ff=86.6W  PCAP→78W  power=78.4W
[PID] perf=27.270Hz  target=9.371Hz  err=-17.900Hz  corr=-371.94W  u_ff=86.6W  PCAP→78W  power=76.6W
[PID] perf=27.405Hz  target=9.371Hz  err=-18.035Hz  corr=-374.45W  u_ff=86.6W  PCAP→78W  power=76.5W
[PID] perf=27.409Hz  target=9.371Hz  err=-18.038Hz  corr=-374.51W  u_ff=86.6W  PCAP→78W  power=76.6W
[PID] perf=27.505Hz  target=9.371Hz  err=-18.135Hz  corr=-376.30W  u_ff=86.6W  PCAP→78W  power=77.2W
[PID] perf=27.426Hz  target=9.371Hz  err=-18.056Hz  corr=-374.83W  u_ff=86.6W  PCAP→78W  power=79.2W
[PID] perf=27.447Hz  target=9.371Hz  err=-18.076Hz  corr=-375.22W  u_ff=86.6W  PCAP→78W  power=79.3W
[PID] perf=27.459Hz  target=9.371Hz  err=-18.088Hz  corr=-375.44W  u_ff=86.6W  PCAP→78W  power=77.4W
[PID] perf=27.461Hz  target=9.371Hz  err=-18.091Hz  corr=-375.49W  u_ff=86.6W  PCAP→78W  power=77.3W
[PID] perf=27.475Hz  target=9.371Hz  err=-18.104Hz  corr=-375.73W  u_ff=86.6W  PCAP→78W  power=77.5W
[PID] perf=27.455Hz  target=9.371Hz  err=-18.084Hz  corr=-375.37W  u_ff=86.6W  PCAP→78W  power=76.5W
[PID] perf=27.482Hz  target=9.371Hz  err=-18.112Hz  corr=-375.87W  u_ff=86.6W  PCAP→78W  power=78.9W
[PID] perf=27.424Hz  target=9.371Hz  err=-18.053Hz  corr=-374.79W  u_ff=86.6W  PCAP→78W  power=78.4W
[PID] perf=27.439Hz  target=9.371Hz  err=-18.068Hz  corr=-375.07W  u_ff=86.6W  PCAP→78W  power=79.3W
[PID] perf=27.488Hz  target=9.371Hz  err=-18.117Hz  corr=-375.98W  u_ff=86.6W  PCAP→78W  power=78.8W
[PID] perf=27.460Hz  target=9.371Hz  err=-18.089Hz  corr=-375.46W  u_ff=86.6W  PCAP→78W  power=77.5W
[PID] perf=27.469Hz  target=9.371Hz  err=-18.098Hz  corr=-375.62W  u_ff=86.6W  PCAP→78W  power=77.4W
[PID] perf=27.460Hz  target=9.371Hz  err=-18.090Hz  corr=-375.47W  u_ff=86.6W  PCAP→78W  power=77.8W
[PID] perf=27.466Hz  target=9.371Hz  err=-18.095Hz  corr=-375.57W  u_ff=86.6W  PCAP→78W  power=78.4W
[PID] perf=27.402Hz  target=9.371Hz  err=-18.031Hz  corr=-374.38W  u_ff=86.6W  PCAP→78W  power=79.0W
[PID] perf=27.416Hz  target=9.371Hz  err=-18.045Hz  corr=-374.65W  u_ff=86.6W  PCAP→78W  power=79.2W
[PID] perf=27.458Hz  target=9.371Hz  err=-18.087Hz  corr=-375.42W  u_ff=86.6W  PCAP→78W  power=77.9W
[PID] perf=27.487Hz  target=9.371Hz  err=-18.116Hz  corr=-375.95W  u_ff=86.6W  PCAP→78W  power=77.2W
[PID] perf=27.485Hz  target=9.371Hz  err=-18.114Hz  corr=-375.92W  u_ff=86.6W  PCAP→78W  power=77.0W
[PID] perf=28.420Hz  target=9.371Hz  err=-19.049Hz  corr=-393.26W  u_ff=86.6W  PCAP→78W  power=79.1W
[PID] perf=28.500Hz  target=9.371Hz  err=-19.129Hz  corr=-394.75W  u_ff=86.6W  PCAP→78W  power=79.0W
[PID] perf=28.486Hz  target=9.371Hz  err=-19.115Hz  corr=-394.48W  u_ff=86.6W  PCAP→78W  power=78.9W
[PID] perf=28.484Hz  target=9.371Hz  err=-19.113Hz  corr=-394.44W  u_ff=86.6W  PCAP→78W  power=77.8W
[PID] perf=28.287Hz  target=9.371Hz  err=-18.917Hz  corr=-390.80W  u_ff=86.6W  PCAP→78W  power=78.9W
[PID] perf=27.468Hz  target=9.371Hz  err=-18.097Hz  corr=-375.60W  u_ff=86.6W  PCAP→78W  power=78.3W
[PID] perf=27.482Hz  target=9.371Hz  err=-18.112Hz  corr=-375.88W  u_ff=86.6W  PCAP→78W  power=77.8W
[PID] perf=27.512Hz  target=9.371Hz  err=-18.141Hz  corr=-376.42W  u_ff=86.6W  PCAP→78W  power=78.5W
[PID] perf=27.502Hz  target=9.371Hz  err=-18.131Hz  corr=-376.24W  u_ff=86.6W  PCAP→78W  power=77.5W
[PID] perf=27.482Hz  target=9.371Hz  err=-18.111Hz  corr=-375.86W  u_ff=86.6W  PCAP→78W  power=76.4W
[PID] perf=27.509Hz  target=9.371Hz  err=-18.138Hz  corr=-376.37W  u_ff=86.6W  PCAP→78W  power=77.7W
[PID] perf=27.542Hz  target=9.371Hz  err=-18.171Hz  corr=-376.98W  u_ff=86.6W  PCAP→78W  power=77.8W
[PID] perf=27.524Hz  target=9.371Hz  err=-18.153Hz  corr=-376.65W  u_ff=86.6W  PCAP→78W  power=77.6W
[PID] perf=27.557Hz  target=9.371Hz  err=-18.187Hz  corr=-377.26W  u_ff=86.6W  PCAP→78W  power=78.5W
[PID] perf=26.923Hz  target=9.371Hz  err=-17.553Hz  corr=-365.51W  u_ff=86.6W  PCAP→78W  power=77.5W
[PID] perf=26.982Hz  target=9.371Hz  err=-17.612Hz  corr=-366.60W  u_ff=86.6W  PCAP→78W  power=77.4W
[PID] perf=26.872Hz  target=9.371Hz  err=-17.501Hz  corr=-364.55W  u_ff=86.6W  PCAP→78W  power=78.0W
[PID] perf=26.931Hz  target=9.371Hz  err=-17.560Hz  corr=-365.65W  u_ff=86.6W  PCAP→78W  power=76.6W
[PID] perf=26.946Hz  target=9.371Hz  err=-17.575Hz  corr=-365.93W  u_ff=86.6W  PCAP→78W  power=77.3W
[PID] perf=26.941Hz  target=9.371Hz  err=-17.570Hz  corr=-365.84W  u_ff=86.6W  PCAP→78W  power=78.6W
[PID] perf=26.987Hz  target=9.371Hz  err=-17.616Hz  corr=-366.69W  u_ff=86.6W  PCAP→78W  power=77.9W
[PID] perf=26.970Hz  target=9.371Hz  err=-17.599Hz  corr=-366.37W  u_ff=86.6W  PCAP→78W  power=79.1W
[PID] perf=26.987Hz  target=9.371Hz  err=-17.617Hz  corr=-366.70W  u_ff=86.6W  PCAP→78W  power=78.4W
[PID] perf=26.957Hz  target=9.371Hz  err=-17.586Hz  corr=-366.14W  u_ff=86.6W  PCAP→78W  power=77.1W
[PID] perf=26.976Hz  target=9.371Hz  err=-17.606Hz  corr=-366.49W  u_ff=86.6W  PCAP→78W  power=77.1W
[PID] perf=26.964Hz  target=9.371Hz  err=-17.594Hz  corr=-366.27W  u_ff=86.6W  PCAP→78W  power=78.1W
[PID] perf=26.950Hz  target=9.371Hz  err=-17.580Hz  corr=-366.01W  u_ff=86.6W  PCAP→78W  power=77.2W
[PID] perf=26.955Hz  target=9.371Hz  err=-17.584Hz  corr=-366.09W  u_ff=86.6W  PCAP→78W  power=78.8W
[PID] perf=26.986Hz  target=9.371Hz  err=-17.616Hz  corr=-366.68W  u_ff=86.6W  PCAP→78W  power=78.6W
[PID] perf=26.949Hz  target=9.371Hz  err=-17.579Hz  corr=-365.99W  u_ff=86.6W  PCAP→78W  power=78.8W
[PID] perf=26.950Hz  target=9.371Hz  err=-17.579Hz  corr=-366.00W  u_ff=86.6W  PCAP→78W  power=77.7W
[PID] perf=26.993Hz  target=9.371Hz  err=-17.622Hz  corr=-366.80W  u_ff=86.6W  PCAP→78W  power=77.9W
[PID] perf=26.973Hz  target=9.371Hz  err=-17.603Hz  corr=-366.44W  u_ff=86.6W  PCAP→78W  power=77.3W
[PID] perf=26.968Hz  target=9.371Hz  err=-17.597Hz  corr=-366.33W  u_ff=86.6W  PCAP→78W  power=78.2W
[PID] perf=26.975Hz  target=9.371Hz  err=-17.604Hz  corr=-366.46W  u_ff=86.6W  PCAP→78W  power=78.4W
[PID] perf=26.974Hz  target=9.371Hz  err=-17.603Hz  corr=-366.44W  u_ff=86.6W  PCAP→78W  power=77.9W
[PID] perf=26.984Hz  target=9.371Hz  err=-17.613Hz  corr=-366.63W  u_ff=86.6W  PCAP→78W  power=77.4W
[PID] perf=26.990Hz  target=9.371Hz  err=-17.620Hz  corr=-366.75W  u_ff=86.6W  PCAP→78W  power=78.7W
[PID] perf=26.998Hz  target=9.371Hz  err=-17.627Hz  corr=-366.89W  u_ff=86.6W  PCAP→78W  power=77.9W
[PID] perf=27.003Hz  target=9.371Hz  err=-17.632Hz  corr=-366.98W  u_ff=86.6W  PCAP→78W  power=77.9W
[PID] perf=26.963Hz  target=9.371Hz  err=-17.592Hz  corr=-366.24W  u_ff=86.6W  PCAP→78W  power=77.4W
[PID] perf=26.965Hz  target=9.371Hz  err=-17.594Hz  corr=-366.27W  u_ff=86.6W  PCAP→78W  power=77.8W
[PID] perf=26.998Hz  target=9.371Hz  err=-17.627Hz  corr=-366.89W  u_ff=86.6W  PCAP→78W  power=77.2W
[PID] perf=26.976Hz  target=9.371Hz  err=-17.605Hz  corr=-366.48W  u_ff=86.6W  PCAP→78W  power=77.2W
[PID] perf=26.964Hz  target=9.371Hz  err=-17.593Hz  corr=-366.26W  u_ff=86.6W  PCAP→78W  power=76.9W
[PID] perf=26.973Hz  target=9.371Hz  err=-17.603Hz  corr=-366.44W  u_ff=86.6W  PCAP→78W  power=78.0W
[PID] perf=26.978Hz  target=9.371Hz  err=-17.607Hz  corr=-366.52W  u_ff=86.6W  PCAP→78W  power=78.9W
[PID] perf=26.967Hz  target=9.371Hz  err=-17.597Hz  corr=-366.32W  u_ff=86.6W  PCAP→78W  power=77.5W
[PID] perf=26.990Hz  target=9.371Hz  err=-17.619Hz  corr=-366.74W  u_ff=86.6W  PCAP→78W  power=76.2W
[PID] perf=27.018Hz  target=9.371Hz  err=-17.647Hz  corr=-367.26W  u_ff=86.6W  PCAP→78W  power=77.1W
[PID] perf=27.026Hz  target=9.371Hz  err=-17.655Hz  corr=-367.42W  u_ff=86.6W  PCAP→78W  power=78.5W
[PID] perf=26.990Hz  target=9.371Hz  err=-17.619Hz  corr=-366.74W  u_ff=86.6W  PCAP→78W  power=78.3W
[PID] perf=26.973Hz  target=9.371Hz  err=-17.603Hz  corr=-366.43W  u_ff=86.6W  PCAP→78W  power=79.0W
[PID] perf=27.007Hz  target=9.371Hz  err=-17.637Hz  corr=-367.07W  u_ff=86.6W  PCAP→78W  power=77.4W
[PID] perf=26.989Hz  target=9.371Hz  err=-17.618Hz  corr=-366.73W  u_ff=86.6W  PCAP→78W  power=76.9W
[PID] perf=26.974Hz  target=9.371Hz  err=-17.603Hz  corr=-366.44W  u_ff=86.6W  PCAP→78W  power=78.6W
[PID] perf=26.958Hz  target=9.371Hz  err=-17.587Hz  corr=-366.14W  u_ff=86.6W  PCAP→78W  power=78.4W
[PID] perf=26.944Hz  target=9.371Hz  err=-17.573Hz  corr=-365.89W  u_ff=86.6W  PCAP→78W  power=78.5W
[PID] perf=27.047Hz  target=9.371Hz  err=-17.677Hz  corr=-367.81W  u_ff=86.6W  PCAP→78W  power=78.1W
[PID] perf=27.065Hz  target=9.371Hz  err=-17.694Hz  corr=-368.14W  u_ff=86.6W  PCAP→78W  power=77.6W
[PID] perf=27.126Hz  target=9.371Hz  err=-17.755Hz  corr=-369.27W  u_ff=86.6W  PCAP→78W  power=78.6W
[PID] perf=27.108Hz  target=9.371Hz  err=-17.738Hz  corr=-368.94W  u_ff=86.6W  PCAP→78W  power=77.8W
[PID] perf=27.064Hz  target=9.371Hz  err=-17.693Hz  corr=-368.11W  u_ff=86.6W  PCAP→78W  power=77.6W
[PID] perf=27.061Hz  target=9.371Hz  err=-17.690Hz  corr=-368.06W  u_ff=86.6W  PCAP→78W  power=79.1W
[PID] perf=27.061Hz  target=9.371Hz  err=-17.691Hz  corr=-368.07W  u_ff=86.6W  PCAP→78W  power=78.8W
[PID] perf=27.054Hz  target=9.371Hz  err=-17.683Hz  corr=-367.93W  u_ff=86.6W  PCAP→78W  power=76.9W
[PID] perf=26.967Hz  target=9.371Hz  err=-17.596Hz  corr=-366.31W  u_ff=86.6W  PCAP→78W  power=78.5W
[PID] perf=27.007Hz  target=9.371Hz  err=-17.637Hz  corr=-367.07W  u_ff=86.6W  PCAP→78W  power=78.1W
[PID] perf=27.001Hz  target=9.371Hz  err=-17.631Hz  corr=-366.96W  u_ff=86.6W  PCAP→78W  power=78.9W
[PID] perf=27.007Hz  target=9.371Hz  err=-17.636Hz  corr=-367.06W  u_ff=86.6W  PCAP→78W  power=78.6W
[PID] perf=27.012Hz  target=9.371Hz  err=-17.641Hz  corr=-367.15W  u_ff=86.6W  PCAP→78W  power=79.2W
[PID] perf=27.008Hz  target=9.371Hz  err=-17.637Hz  corr=-367.08W  u_ff=86.6W  PCAP→78W  power=77.8W
[PID] perf=27.015Hz  target=9.371Hz  err=-17.645Hz  corr=-367.22W  u_ff=86.6W  PCAP→78W  power=78.0W
[PID] perf=27.015Hz  target=9.371Hz  err=-17.644Hz  corr=-367.21W  u_ff=86.6W  PCAP→78W  power=78.1W
[PID] perf=27.005Hz  target=9.371Hz  err=-17.634Hz  corr=-367.01W  u_ff=86.6W  PCAP→78W  power=78.1W
[PID] perf=27.001Hz  target=9.371Hz  err=-17.630Hz  corr=-366.94W  u_ff=86.6W  PCAP→78W  power=76.9W
[PID] perf=26.992Hz  target=9.371Hz  err=-17.621Hz  corr=-366.78W  u_ff=86.6W  PCAP→78W  power=78.5W
[PID] perf=26.967Hz  target=9.371Hz  err=-17.596Hz  corr=-366.31W  u_ff=86.6W  PCAP→78W  power=78.5W
[PID] perf=26.972Hz  target=9.371Hz  err=-17.602Hz  corr=-366.42W  u_ff=86.6W  PCAP→78W  power=77.2W
[PID] perf=26.971Hz  target=9.371Hz  err=-17.600Hz  corr=-366.39W  u_ff=86.6W  PCAP→78W  power=78.0W
[PID] perf=26.939Hz  target=9.371Hz  err=-17.569Hz  corr=-365.81W  u_ff=86.6W  PCAP→78W  power=78.4W
[PID] perf=26.909Hz  target=9.371Hz  err=-17.539Hz  corr=-365.25W  u_ff=86.6W  PCAP→78W  power=79.0W
[PID] perf=26.955Hz  target=9.371Hz  err=-17.584Hz  corr=-366.09W  u_ff=86.6W  PCAP→78W  power=78.5W
[PID] perf=26.924Hz  target=9.371Hz  err=-17.554Hz  corr=-365.53W  u_ff=86.6W  PCAP→78W  power=79.1W
[PID] perf=26.982Hz  target=9.371Hz  err=-17.611Hz  corr=-366.59W  u_ff=86.6W  PCAP→78W  power=77.3W
[PID] perf=26.947Hz  target=9.371Hz  err=-17.576Hz  corr=-365.94W  u_ff=86.6W  PCAP→78W  power=78.3W
[PID] perf=26.975Hz  target=9.371Hz  err=-17.604Hz  corr=-366.46W  u_ff=86.6W  PCAP→78W  power=77.2W
[PID] perf=26.997Hz  target=9.371Hz  err=-17.626Hz  corr=-366.87W  u_ff=86.6W  PCAP→78W  power=77.3W
[PID] perf=26.939Hz  target=9.371Hz  err=-17.568Hz  corr=-365.79W  u_ff=86.6W  PCAP→78W  power=76.7W
[PID] perf=26.956Hz  target=9.371Hz  err=-17.586Hz  corr=-366.12W  u_ff=86.6W  PCAP→78W  power=79.0W
[PID] perf=26.953Hz  target=9.371Hz  err=-17.583Hz  corr=-366.07W  u_ff=86.6W  PCAP→78W  power=78.7W
[PID] perf=26.992Hz  target=9.371Hz  err=-17.621Hz  corr=-366.78W  u_ff=86.6W  PCAP→78W  power=76.2W
[PID] perf=26.978Hz  target=9.371Hz  err=-17.607Hz  corr=-366.52W  u_ff=86.6W  PCAP→78W  power=78.5W
[PID] perf=26.891Hz  target=9.371Hz  err=-17.520Hz  corr=-364.91W  u_ff=86.6W  PCAP→78W  power=78.0W
[PID] perf=26.972Hz  target=9.371Hz  err=-17.601Hz  corr=-366.40W  u_ff=86.6W  PCAP→78W  power=79.2W
[PID] perf=26.938Hz  target=9.371Hz  err=-17.567Hz  corr=-365.78W  u_ff=86.6W  PCAP→78W  power=76.6W
[PID] perf=26.971Hz  target=9.371Hz  err=-17.600Hz  corr=-366.39W  u_ff=86.6W  PCAP→78W  power=77.8W
[PID] perf=26.979Hz  target=9.371Hz  err=-17.608Hz  corr=-366.53W  u_ff=86.6W  PCAP→78W  power=76.9W
[PID] perf=26.974Hz  target=9.371Hz  err=-17.604Hz  corr=-366.45W  u_ff=86.6W  PCAP→78W  power=77.4W
[PID] perf=26.977Hz  target=9.371Hz  err=-17.606Hz  corr=-366.50W  u_ff=86.6W  PCAP→78W  power=79.0W
[PID] perf=26.935Hz  target=9.371Hz  err=-17.564Hz  corr=-365.73W  u_ff=86.6W  PCAP→78W  power=77.8W
[PID] perf=26.956Hz  target=9.371Hz  err=-17.585Hz  corr=-366.11W  u_ff=86.6W  PCAP→78W  power=78.1W
[PID] perf=26.956Hz  target=9.371Hz  err=-17.586Hz  corr=-366.12W  u_ff=86.6W  PCAP→78W  power=79.0W
[PID] perf=26.966Hz  target=9.371Hz  err=-17.595Hz  corr=-366.30W  u_ff=86.6W  PCAP→78W  power=77.2W
[PID] perf=26.996Hz  target=9.371Hz  err=-17.626Hz  corr=-366.86W  u_ff=86.6W  PCAP→78W  power=79.0W
[PID] perf=26.934Hz  target=9.371Hz  err=-17.563Hz  corr=-365.70W  u_ff=86.6W  PCAP→78W  power=79.0W
[PID] perf=26.961Hz  target=9.371Hz  err=-17.590Hz  corr=-366.21W  u_ff=86.6W  PCAP→78W  power=79.3W
[PID] perf=26.955Hz  target=9.371Hz  err=-17.584Hz  corr=-366.09W  u_ff=86.6W  PCAP→78W  power=77.9W
[PID] perf=26.951Hz  target=9.371Hz  err=-17.580Hz  corr=-366.01W  u_ff=86.6W  PCAP→78W  power=76.8W
[PID] perf=26.970Hz  target=9.371Hz  err=-17.600Hz  corr=-366.38W  u_ff=86.6W  PCAP→78W  power=77.2W
[PID] perf=26.973Hz  target=9.371Hz  err=-17.603Hz  corr=-366.43W  u_ff=86.6W  PCAP→78W  power=77.3W
[PID] perf=26.976Hz  target=9.371Hz  err=-17.605Hz  corr=-366.49W  u_ff=86.6W  PCAP→78W  power=78.6W
[PID] perf=26.953Hz  target=9.371Hz  err=-17.582Hz  corr=-366.05W  u_ff=86.6W  PCAP→78W  power=79.1W
[PID] perf=26.946Hz  target=9.371Hz  err=-17.575Hz  corr=-365.93W  u_ff=86.6W  PCAP→78W  power=77.6W
[PID] perf=26.968Hz  target=9.371Hz  err=-17.597Hz  corr=-366.33W  u_ff=86.6W  PCAP→78W  power=78.5W
[PID] perf=26.963Hz  target=9.371Hz  err=-17.593Hz  corr=-366.25W  u_ff=86.6W  PCAP→78W  power=78.5W
[PID] perf=26.952Hz  target=9.371Hz  err=-17.581Hz  corr=-366.03W  u_ff=86.6W  PCAP→78W  power=79.4W
[PID] perf=26.945Hz  target=9.371Hz  err=-17.575Hz  corr=-365.91W  u_ff=86.6W  PCAP→78W  power=79.3W
[PID] perf=26.962Hz  target=9.371Hz  err=-17.591Hz  corr=-366.22W  u_ff=86.6W  PCAP→78W  power=78.3W
[PID] perf=26.941Hz  target=9.371Hz  err=-17.571Hz  corr=-365.84W  u_ff=86.6W  PCAP→78W  power=78.6W
[PID] perf=26.968Hz  target=9.371Hz  err=-17.598Hz  corr=-366.34W  u_ff=86.6W  PCAP→78W  power=76.5W
[PID] perf=26.997Hz  target=9.371Hz  err=-17.627Hz  corr=-366.88W  u_ff=86.6W  PCAP→78W  power=76.8W
[PID] perf=26.982Hz  target=9.371Hz  err=-17.611Hz  corr=-366.59W  u_ff=86.6W  PCAP→78W  power=78.2W
[PID] perf=26.959Hz  target=9.371Hz  err=-17.588Hz  corr=-366.17W  u_ff=86.6W  PCAP→78W  power=78.3W
[PID] perf=26.956Hz  target=9.371Hz  err=-17.585Hz  corr=-366.11W  u_ff=86.6W  PCAP→78W  power=76.9W
[PID] perf=26.996Hz  target=9.371Hz  err=-17.625Hz  corr=-366.86W  u_ff=86.6W  PCAP→78W  power=76.9W
[PID] perf=26.983Hz  target=9.371Hz  err=-17.612Hz  corr=-366.61W  u_ff=86.6W  PCAP→78W  power=77.8W
[PID] perf=26.965Hz  target=9.371Hz  err=-17.594Hz  corr=-366.28W  u_ff=86.6W  PCAP→78W  power=76.5W
[PID] perf=26.949Hz  target=9.371Hz  err=-17.578Hz  corr=-365.99W  u_ff=86.6W  PCAP→78W  power=76.7W
[PID] perf=26.968Hz  target=9.371Hz  err=-17.598Hz  corr=-366.34W  u_ff=86.6W  PCAP→78W  power=77.0W
[PID] perf=26.971Hz  target=9.371Hz  err=-17.600Hz  corr=-366.39W  u_ff=86.6W  PCAP→78W  power=77.1W
[PID] perf=26.994Hz  target=9.371Hz  err=-17.623Hz  corr=-366.81W  u_ff=86.6W  PCAP→78W  power=77.9W
[PID] perf=26.938Hz  target=9.371Hz  err=-17.568Hz  corr=-365.79W  u_ff=86.6W  PCAP→78W  power=78.1W
[PID] perf=26.951Hz  target=9.371Hz  err=-17.581Hz  corr=-366.03W  u_ff=86.6W  PCAP→78W  power=77.7W
[PID] perf=26.981Hz  target=9.371Hz  err=-17.611Hz  corr=-366.58W  u_ff=86.6W  PCAP→78W  power=79.0W
[PID] perf=26.987Hz  target=9.371Hz  err=-17.617Hz  corr=-366.69W  u_ff=86.6W  PCAP→78W  power=77.8W
[PID] perf=26.969Hz  target=9.371Hz  err=-17.598Hz  corr=-366.35W  u_ff=86.6W  PCAP→78W  power=79.4W
[PID] perf=26.972Hz  target=9.371Hz  err=-17.601Hz  corr=-366.41W  u_ff=86.6W  PCAP→78W  power=79.0W
[PID] perf=27.017Hz  target=9.371Hz  err=-17.647Hz  corr=-367.25W  u_ff=86.6W  PCAP→78W  power=79.3W
[PID] perf=27.030Hz  target=9.371Hz  err=-17.660Hz  corr=-367.49W  u_ff=86.6W  PCAP→78W  power=78.1W
[PID] perf=27.038Hz  target=9.371Hz  err=-17.668Hz  corr=-367.64W  u_ff=86.6W  PCAP→78W  power=78.0W
[PID] perf=26.982Hz  target=9.371Hz  err=-17.611Hz  corr=-366.59W  u_ff=86.6W  PCAP→78W  power=77.6W
[PID] perf=26.978Hz  target=9.371Hz  err=-17.607Hz  corr=-366.52W  u_ff=86.6W  PCAP→78W  power=76.8W
[PID] perf=26.951Hz  target=9.371Hz  err=-17.581Hz  corr=-366.03W  u_ff=86.6W  PCAP→78W  power=77.4W
[PID] perf=26.949Hz  target=9.371Hz  err=-17.578Hz  corr=-365.98W  u_ff=86.6W  PCAP→78W  power=78.5W
[PID] perf=26.939Hz  target=9.371Hz  err=-17.568Hz  corr=-365.80W  u_ff=86.6W  PCAP→78W  power=78.1W
[PID] perf=26.961Hz  target=9.371Hz  err=-17.590Hz  corr=-366.20W  u_ff=86.6W  PCAP→78W  power=78.6W
[PID] perf=26.964Hz  target=9.371Hz  err=-17.593Hz  corr=-366.26W  u_ff=86.6W  PCAP→78W  power=78.2W
[PID] perf=26.975Hz  target=9.371Hz  err=-17.604Hz  corr=-366.46W  u_ff=86.6W  PCAP→78W  power=79.3W
[PID] perf=26.965Hz  target=9.371Hz  err=-17.595Hz  corr=-366.29W  u_ff=86.6W  PCAP→78W  power=77.5W
[PID] perf=26.955Hz  target=9.371Hz  err=-17.584Hz  corr=-366.09W  u_ff=86.6W  PCAP→78W  power=77.5W
[PID] perf=26.952Hz  target=9.371Hz  err=-17.582Hz  corr=-366.05W  u_ff=86.6W  PCAP→78W  power=77.5W
[PID] perf=26.945Hz  target=9.371Hz  err=-17.574Hz  corr=-365.90W  u_ff=86.6W  PCAP→78W  power=78.5W
[PID] perf=26.928Hz  target=9.371Hz  err=-17.557Hz  corr=-365.59W  u_ff=86.6W  PCAP→78W  power=77.2W
[PID] perf=26.957Hz  target=9.371Hz  err=-17.587Hz  corr=-366.14W  u_ff=86.6W  PCAP→78W  power=78.8W
[PID] perf=26.972Hz  target=9.371Hz  err=-17.601Hz  corr=-366.41W  u_ff=86.6W  PCAP→78W  power=79.1W
[PID] perf=26.996Hz  target=9.371Hz  err=-17.625Hz  corr=-366.86W  u_ff=86.6W  PCAP→78W  power=77.7W
[PID] perf=26.974Hz  target=9.371Hz  err=-17.603Hz  corr=-366.45W  u_ff=86.6W  PCAP→78W  power=77.3W
[PID] perf=26.995Hz  target=9.371Hz  err=-17.624Hz  corr=-366.84W  u_ff=86.6W  PCAP→78W  power=77.2W
[PID] perf=26.972Hz  target=9.371Hz  err=-17.601Hz  corr=-366.41W  u_ff=86.6W  PCAP→78W  power=77.2W
[PID] perf=26.952Hz  target=9.371Hz  err=-17.581Hz  corr=-366.04W  u_ff=86.6W  PCAP→78W  power=78.6W
[PID] perf=26.939Hz  target=9.371Hz  err=-17.568Hz  corr=-365.79W  u_ff=86.6W  PCAP→78W  power=78.3W
[PID] perf=26.952Hz  target=9.371Hz  err=-17.581Hz  corr=-366.04W  u_ff=86.6W  PCAP→78W  power=76.5W
[PID] perf=26.984Hz  target=9.371Hz  err=-17.614Hz  corr=-366.64W  u_ff=86.6W  PCAP→78W  power=76.6W
[PID] perf=26.938Hz  target=9.371Hz  err=-17.568Hz  corr=-365.78W  u_ff=86.6W  PCAP→78W  power=77.6W
[PID] perf=26.943Hz  target=9.371Hz  err=-17.572Hz  corr=-365.87W  u_ff=86.6W  PCAP→78W  power=78.3W
[PID] perf=26.945Hz  target=9.371Hz  err=-17.574Hz  corr=-365.90W  u_ff=86.6W  PCAP→78W  power=78.2W
[PID] perf=26.915Hz  target=9.371Hz  err=-17.545Hz  corr=-365.36W  u_ff=86.6W  PCAP→78W  power=76.3W
[PID] perf=26.971Hz  target=9.371Hz  err=-17.601Hz  corr=-366.40W  u_ff=86.6W  PCAP→78W  power=77.7W
[PID] perf=26.954Hz  target=9.371Hz  err=-17.583Hz  corr=-366.08W  u_ff=86.6W  PCAP→78W  power=77.1W
[PID] perf=26.936Hz  target=9.371Hz  err=-17.565Hz  corr=-365.74W  u_ff=86.6W  PCAP→78W  power=76.5W
[PID] perf=27.010Hz  target=9.371Hz  err=-17.640Hz  corr=-367.12W  u_ff=86.6W  PCAP→78W  power=77.2W
[PID] perf=26.999Hz  target=9.371Hz  err=-17.628Hz  corr=-366.90W  u_ff=86.6W  PCAP→78W  power=78.1W
[PID] perf=26.962Hz  target=9.371Hz  err=-17.592Hz  corr=-366.23W  u_ff=86.6W  PCAP→78W  power=77.9W
[PID] perf=26.979Hz  target=9.371Hz  err=-17.608Hz  corr=-366.53W  u_ff=86.6W  PCAP→78W  power=76.6W
[PID] perf=27.010Hz  target=9.371Hz  err=-17.640Hz  corr=-367.12W  u_ff=86.6W  PCAP→78W  power=78.7W
[PID] perf=26.993Hz  target=9.371Hz  err=-17.622Hz  corr=-366.79W  u_ff=86.6W  PCAP→78W  power=78.8W
[PID] perf=26.991Hz  target=9.371Hz  err=-17.621Hz  corr=-366.77W  u_ff=86.6W  PCAP→78W  power=77.3W
[PID] perf=27.011Hz  target=9.371Hz  err=-17.640Hz  corr=-367.13W  u_ff=86.6W  PCAP→78W  power=77.0W
[PID] perf=27.069Hz  target=9.371Hz  err=-17.698Hz  corr=-368.21W  u_ff=86.6W  PCAP→78W  power=77.8W
[PID] perf=27.036Hz  target=9.371Hz  err=-17.666Hz  corr=-367.61W  u_ff=86.6W  PCAP→78W  power=78.7W
[PID] perf=27.031Hz  target=9.371Hz  err=-17.661Hz  corr=-367.51W  u_ff=86.6W  PCAP→78W  power=79.2W
[PID] perf=27.654Hz  target=9.371Hz  err=-18.284Hz  corr=-379.06W  u_ff=86.6W  PCAP→78W  power=77.3W
[PID] perf=27.637Hz  target=9.371Hz  err=-18.266Hz  corr=-378.74W  u_ff=86.6W  PCAP→78W  power=78.5W
[PID] perf=27.616Hz  target=9.371Hz  err=-18.245Hz  corr=-378.35W  u_ff=86.6W  PCAP→78W  power=77.9W
[PID] perf=27.659Hz  target=9.371Hz  err=-18.288Hz  corr=-379.14W  u_ff=86.6W  PCAP→78W  power=77.0W
[PID] perf=27.652Hz  target=9.371Hz  err=-18.281Hz  corr=-379.01W  u_ff=86.6W  PCAP→78W  power=77.5W
[PID] perf=27.650Hz  target=9.371Hz  err=-18.280Hz  corr=-378.99W  u_ff=86.6W  PCAP→78W  power=78.9W
[PID] perf=27.639Hz  target=9.371Hz  err=-18.268Hz  corr=-378.78W  u_ff=86.6W  PCAP→78W  power=79.0W
[PID] perf=27.665Hz  target=9.371Hz  err=-18.294Hz  corr=-379.26W  u_ff=86.6W  PCAP→78W  power=78.6W
[PID] perf=27.637Hz  target=9.371Hz  err=-18.266Hz  corr=-378.74W  u_ff=86.6W  PCAP→78W  power=77.9W
[PID] perf=27.666Hz  target=9.371Hz  err=-18.295Hz  corr=-379.28W  u_ff=86.6W  PCAP→78W  power=77.1W
[PID] perf=27.626Hz  target=9.371Hz  err=-18.255Hz  corr=-378.53W  u_ff=86.6W  PCAP→78W  power=78.5W
[PID] perf=27.652Hz  target=9.371Hz  err=-18.282Hz  corr=-379.03W  u_ff=86.6W  PCAP→78W  power=77.1W
[PID] perf=27.697Hz  target=9.371Hz  err=-18.326Hz  corr=-379.85W  u_ff=86.6W  PCAP→78W  power=77.9W
[PID] perf=27.673Hz  target=9.371Hz  err=-18.302Hz  corr=-379.41W  u_ff=86.6W  PCAP→78W  power=79.0W
[PID] perf=27.655Hz  target=9.371Hz  err=-18.284Hz  corr=-379.08W  u_ff=86.6W  PCAP→78W  power=77.5W
[PID] perf=27.625Hz  target=9.371Hz  err=-18.255Hz  corr=-378.53W  u_ff=86.6W  PCAP→78W  power=77.3W
[PID] perf=27.651Hz  target=9.371Hz  err=-18.280Hz  corr=-379.01W  u_ff=86.6W  PCAP→78W  power=78.2W
[PID] perf=27.654Hz  target=9.371Hz  err=-18.284Hz  corr=-379.07W  u_ff=86.6W  PCAP→78W  power=77.4W
[PID] perf=27.659Hz  target=9.371Hz  err=-18.288Hz  corr=-379.15W  u_ff=86.6W  PCAP→78W  power=78.9W
[PID] perf=27.651Hz  target=9.371Hz  err=-18.281Hz  corr=-379.01W  u_ff=86.6W  PCAP→78W  power=77.8W
[PID] perf=27.680Hz  target=9.371Hz  err=-18.309Hz  corr=-379.53W  u_ff=86.6W  PCAP→78W  power=76.3W
[PID] perf=27.674Hz  target=9.371Hz  err=-18.304Hz  corr=-379.43W  u_ff=86.6W  PCAP→78W  power=78.2W
[PID] perf=27.686Hz  target=9.371Hz  err=-18.315Hz  corr=-379.64W  u_ff=86.6W  PCAP→78W  power=77.1W
[PID] perf=27.677Hz  target=9.371Hz  err=-18.306Hz  corr=-379.49W  u_ff=86.6W  PCAP→78W  power=77.7W
[PID] perf=27.694Hz  target=9.371Hz  err=-18.324Hz  corr=-379.80W  u_ff=86.6W  PCAP→78W  power=76.2W
[PID] perf=27.650Hz  target=9.371Hz  err=-18.279Hz  corr=-378.98W  u_ff=86.6W  PCAP→78W  power=77.6W
[PID] perf=27.662Hz  target=9.371Hz  err=-18.292Hz  corr=-379.21W  u_ff=86.6W  PCAP→78W  power=77.1W
[PID] perf=27.633Hz  target=9.371Hz  err=-18.262Hz  corr=-378.66W  u_ff=86.6W  PCAP→78W  power=78.3W
[PID] perf=27.659Hz  target=9.371Hz  err=-18.288Hz  corr=-379.15W  u_ff=86.6W  PCAP→78W  power=78.3W
[PID] perf=27.691Hz  target=9.371Hz  err=-18.320Hz  corr=-379.74W  u_ff=86.6W  PCAP→78W  power=77.5W
[PID] perf=27.692Hz  target=9.371Hz  err=-18.321Hz  corr=-379.76W  u_ff=86.6W  PCAP→78W  power=78.3W
[PID] perf=27.696Hz  target=9.371Hz  err=-18.325Hz  corr=-379.83W  u_ff=86.6W  PCAP→78W  power=77.0W
[PID] perf=27.664Hz  target=9.371Hz  err=-18.294Hz  corr=-379.25W  u_ff=86.6W  PCAP→78W  power=77.9W
[PID] perf=27.667Hz  target=9.371Hz  err=-18.296Hz  corr=-379.30W  u_ff=86.6W  PCAP→78W  power=79.0W
[PID] perf=27.723Hz  target=9.371Hz  err=-18.353Hz  corr=-380.35W  u_ff=86.6W  PCAP→78W  power=78.1W
[PID] perf=27.698Hz  target=9.371Hz  err=-18.328Hz  corr=-379.88W  u_ff=86.6W  PCAP→78W  power=77.0W
[PID] perf=27.668Hz  target=9.371Hz  err=-18.298Hz  corr=-379.32W  u_ff=86.6W  PCAP→78W  power=78.3W
[PID] perf=27.640Hz  target=9.371Hz  err=-18.269Hz  corr=-378.80W  u_ff=86.6W  PCAP→78W  power=78.0W
[PID] perf=27.645Hz  target=9.371Hz  err=-18.274Hz  corr=-378.89W  u_ff=86.6W  PCAP→78W  power=78.5W
[PID] perf=27.644Hz  target=9.371Hz  err=-18.274Hz  corr=-378.88W  u_ff=86.6W  PCAP→78W  power=78.3W
[PID] perf=27.673Hz  target=9.371Hz  err=-18.302Hz  corr=-379.41W  u_ff=86.6W  PCAP→78W  power=77.6W
[PID] perf=27.662Hz  target=9.371Hz  err=-18.291Hz  corr=-379.21W  u_ff=86.6W  PCAP→78W  power=78.3W
[PID] perf=27.674Hz  target=9.371Hz  err=-18.304Hz  corr=-379.43W  u_ff=86.6W  PCAP→78W  power=78.7W
[PID] perf=27.662Hz  target=9.371Hz  err=-18.291Hz  corr=-379.20W  u_ff=86.6W  PCAP→78W  power=77.4W
[PID] perf=27.611Hz  target=9.371Hz  err=-18.240Hz  corr=-378.26W  u_ff=86.6W  PCAP→78W  power=77.0W
[PID] perf=27.691Hz  target=9.371Hz  err=-18.320Hz  corr=-379.74W  u_ff=86.6W  PCAP→78W  power=77.2W
[PID] perf=27.670Hz  target=9.371Hz  err=-18.299Hz  corr=-379.36W  u_ff=86.6W  PCAP→78W  power=77.8W
[PID] perf=27.651Hz  target=9.371Hz  err=-18.281Hz  corr=-379.01W  u_ff=86.6W  PCAP→78W  power=78.4W
[PID] perf=27.624Hz  target=9.371Hz  err=-18.254Hz  corr=-378.51W  u_ff=86.6W  PCAP→78W  power=76.5W
[PID] perf=27.636Hz  target=9.371Hz  err=-18.265Hz  corr=-378.72W  u_ff=86.6W  PCAP→78W  power=77.1W
[PID] perf=27.642Hz  target=9.371Hz  err=-18.271Hz  corr=-378.83W  u_ff=86.6W  PCAP→78W  power=77.6W
[PID] perf=27.646Hz  target=9.371Hz  err=-18.275Hz  corr=-378.91W  u_ff=86.6W  PCAP→78W  power=77.4W
[PID] perf=27.651Hz  target=9.371Hz  err=-18.281Hz  corr=-379.01W  u_ff=86.6W  PCAP→78W  power=76.4W
[PID] perf=27.651Hz  target=9.371Hz  err=-18.280Hz  corr=-379.00W  u_ff=86.6W  PCAP→78W  power=79.7W
[PID] perf=27.655Hz  target=9.371Hz  err=-18.284Hz  corr=-379.07W  u_ff=86.6W  PCAP→78W  power=77.6W
[PID] perf=27.647Hz  target=9.371Hz  err=-18.277Hz  corr=-378.93W  u_ff=86.6W  PCAP→78W  power=77.0W
[PID] perf=27.654Hz  target=9.371Hz  err=-18.283Hz  corr=-379.06W  u_ff=86.6W  PCAP→78W  power=77.1W
[PID] perf=27.640Hz  target=9.371Hz  err=-18.269Hz  corr=-378.80W  u_ff=86.6W  PCAP→78W  power=76.9W
[PID] perf=27.630Hz  target=9.371Hz  err=-18.259Hz  corr=-378.61W  u_ff=86.6W  PCAP→78W  power=77.0W
[PID] perf=27.665Hz  target=9.371Hz  err=-18.294Hz  corr=-379.26W  u_ff=86.6W  PCAP→78W  power=77.4W
[PID] perf=27.651Hz  target=9.371Hz  err=-18.280Hz  corr=-379.01W  u_ff=86.6W  PCAP→78W  power=76.6W
[PID] perf=27.647Hz  target=9.371Hz  err=-18.276Hz  corr=-378.93W  u_ff=86.6W  PCAP→78W  power=78.9W
[PID] perf=27.660Hz  target=9.371Hz  err=-18.289Hz  corr=-379.16W  u_ff=86.6W  PCAP→78W  power=78.5W
[PID] perf=27.669Hz  target=9.371Hz  err=-18.299Hz  corr=-379.34W  u_ff=86.6W  PCAP→78W  power=76.2W
[PID] perf=27.646Hz  target=9.371Hz  err=-18.276Hz  corr=-378.91W  u_ff=86.6W  PCAP→78W  power=77.4W
[PID] perf=27.666Hz  target=9.371Hz  err=-18.296Hz  corr=-379.29W  u_ff=86.6W  PCAP→78W  power=78.1W
[PID] perf=27.653Hz  target=9.371Hz  err=-18.283Hz  corr=-379.05W  u_ff=86.6W  PCAP→78W  power=78.3W
[PID] perf=27.645Hz  target=9.371Hz  err=-18.274Hz  corr=-378.89W  u_ff=86.6W  PCAP→78W  power=78.5W
[PID] perf=27.670Hz  target=9.371Hz  err=-18.299Hz  corr=-379.35W  u_ff=86.6W  PCAP→78W  power=78.1W
[PID] perf=27.638Hz  target=9.371Hz  err=-18.268Hz  corr=-378.77W  u_ff=86.6W  PCAP→78W  power=78.4W
[PID] perf=27.605Hz  target=9.371Hz  err=-18.235Hz  corr=-378.16W  u_ff=86.6W  PCAP→78W  power=78.8W
[PID] perf=27.637Hz  target=9.371Hz  err=-18.267Hz  corr=-378.75W  u_ff=86.6W  PCAP→78W  power=78.7W
[PID] perf=27.655Hz  target=9.371Hz  err=-18.284Hz  corr=-379.07W  u_ff=86.6W  PCAP→78W  power=77.4W
[PID] perf=27.649Hz  target=9.371Hz  err=-18.278Hz  corr=-378.97W  u_ff=86.6W  PCAP→78W  power=77.0W
[PID] perf=27.621Hz  target=9.371Hz  err=-18.251Hz  corr=-378.45W  u_ff=86.6W  PCAP→78W  power=77.0W
[PID] perf=27.651Hz  target=9.371Hz  err=-18.280Hz  corr=-379.00W  u_ff=86.6W  PCAP→78W  power=76.6W
[PID] perf=27.675Hz  target=9.371Hz  err=-18.304Hz  corr=-379.44W  u_ff=86.6W  PCAP→78W  power=78.4W
[PID] perf=27.649Hz  target=9.371Hz  err=-18.278Hz  corr=-378.96W  u_ff=86.6W  PCAP→78W  power=79.2W
[PID] perf=27.647Hz  target=9.371Hz  err=-18.276Hz  corr=-378.93W  u_ff=86.6W  PCAP→78W  power=76.5W
[PID] perf=27.139Hz  target=9.371Hz  err=-17.768Hz  corr=-369.50W  u_ff=86.6W  PCAP→78W  power=78.0W
[PID] perf=27.647Hz  target=9.371Hz  err=-18.276Hz  corr=-378.92W  u_ff=86.6W  PCAP→78W  power=77.2W
[PID] perf=27.663Hz  target=9.371Hz  err=-18.293Hz  corr=-379.23W  u_ff=86.6W  PCAP→78W  power=78.9W
[PID] perf=27.681Hz  target=9.371Hz  err=-18.310Hz  corr=-379.56W  u_ff=86.6W  PCAP→78W  power=76.8W
[PID] perf=27.687Hz  target=9.371Hz  err=-18.316Hz  corr=-379.67W  u_ff=86.6W  PCAP→78W  power=78.2W
[PID] perf=27.687Hz  target=9.371Hz  err=-18.317Hz  corr=-379.67W  u_ff=86.6W  PCAP→78W  power=78.5W
[PID] perf=27.647Hz  target=9.371Hz  err=-18.276Hz  corr=-378.92W  u_ff=86.6W  PCAP→78W  power=78.2W
[PID] perf=27.649Hz  target=9.371Hz  err=-18.278Hz  corr=-378.96W  u_ff=86.6W  PCAP→78W  power=77.9W
[PID] perf=27.636Hz  target=9.371Hz  err=-18.265Hz  corr=-378.72W  u_ff=86.6W  PCAP→78W  power=77.5W
[PID] perf=27.659Hz  target=9.371Hz  err=-18.288Hz  corr=-379.15W  u_ff=86.6W  PCAP→78W  power=77.5W
[PID] perf=27.658Hz  target=9.371Hz  err=-18.287Hz  corr=-379.13W  u_ff=86.6W  PCAP→78W  power=78.1W
[PID] perf=27.715Hz  target=9.371Hz  err=-18.345Hz  corr=-380.20W  u_ff=86.6W  PCAP→78W  power=79.0W
[PID] perf=27.685Hz  target=9.371Hz  err=-18.314Hz  corr=-379.63W  u_ff=86.6W  PCAP→78W  power=78.7W
[PID] perf=27.697Hz  target=9.371Hz  err=-18.326Hz  corr=-379.85W  u_ff=86.6W  PCAP→78W  power=78.1W
[PID] perf=27.700Hz  target=9.371Hz  err=-18.329Hz  corr=-379.91W  u_ff=86.6W  PCAP→78W  power=78.3W
[PID] perf=27.073Hz  target=9.371Hz  err=-17.702Hz  corr=-368.29W  u_ff=86.6W  PCAP→78W  power=76.2W
[PID] perf=27.655Hz  target=9.371Hz  err=-18.284Hz  corr=-379.08W  u_ff=86.6W  PCAP→78W  power=78.6W
[PID] perf=27.667Hz  target=9.371Hz  err=-18.296Hz  corr=-379.30W  u_ff=86.6W  PCAP→78W  power=76.3W
[PID] perf=27.684Hz  target=9.371Hz  err=-18.314Hz  corr=-379.62W  u_ff=86.6W  PCAP→78W  power=77.5W
[PID] perf=27.693Hz  target=9.371Hz  err=-18.322Hz  corr=-379.78W  u_ff=86.6W  PCAP→78W  power=78.1W
[PID] perf=27.669Hz  target=9.371Hz  err=-18.298Hz  corr=-379.33W  u_ff=86.6W  PCAP→78W  power=79.0W
[PID] perf=27.697Hz  target=9.371Hz  err=-18.327Hz  corr=-379.86W  u_ff=86.6W  PCAP→78W  power=79.2W
[PID] perf=27.692Hz  target=9.371Hz  err=-18.321Hz  corr=-379.76W  u_ff=86.6W  PCAP→78W  power=77.1W
[PID] perf=27.676Hz  target=9.371Hz  err=-18.305Hz  corr=-379.46W  u_ff=86.6W  PCAP→78W  power=77.2W
[PID] perf=27.662Hz  target=9.371Hz  err=-18.291Hz  corr=-379.20W  u_ff=86.6W  PCAP→78W  power=78.4W
[PID] perf=27.678Hz  target=9.371Hz  err=-18.308Hz  corr=-379.51W  u_ff=86.6W  PCAP→78W  power=77.8W
[PID] perf=27.674Hz  target=9.371Hz  err=-18.304Hz  corr=-379.44W  u_ff=86.6W  PCAP→78W  power=78.3W
[PID] perf=27.668Hz  target=9.371Hz  err=-18.297Hz  corr=-379.32W  u_ff=86.6W  PCAP→78W  power=78.4W
[PID] perf=27.647Hz  target=9.371Hz  err=-18.276Hz  corr=-378.93W  u_ff=86.6W  PCAP→78W  power=77.3W
[PID] perf=27.657Hz  target=9.371Hz  err=-18.286Hz  corr=-379.11W  u_ff=86.6W  PCAP→78W  power=78.5W
[PID] perf=27.671Hz  target=9.371Hz  err=-18.301Hz  corr=-379.38W  u_ff=86.6W  PCAP→78W  power=79.2W
[PID] perf=27.677Hz  target=9.371Hz  err=-18.306Hz  corr=-379.48W  u_ff=86.6W  PCAP→78W  power=78.2W
[PID] perf=27.666Hz  target=9.371Hz  err=-18.295Hz  corr=-379.28W  u_ff=86.6W  PCAP→78W  power=78.7W
[PID] perf=27.684Hz  target=9.371Hz  err=-18.313Hz  corr=-379.62W  u_ff=86.6W  PCAP→78W  power=77.3W
[PID] perf=27.701Hz  target=9.371Hz  err=-18.330Hz  corr=-379.93W  u_ff=86.6W  PCAP→78W  power=76.9W
[PID] perf=27.670Hz  target=9.371Hz  err=-18.299Hz  corr=-379.35W  u_ff=86.6W  PCAP→78W  power=77.1W
[PID] perf=27.672Hz  target=9.371Hz  err=-18.301Hz  corr=-379.39W  u_ff=86.6W  PCAP→78W  power=79.4W
[PID] perf=27.630Hz  target=9.371Hz  err=-18.260Hz  corr=-378.62W  u_ff=86.6W  PCAP→78W  power=77.2W
[PID] perf=27.682Hz  target=9.371Hz  err=-18.312Hz  corr=-379.59W  u_ff=86.6W  PCAP→78W  power=78.3W
[PID] perf=27.664Hz  target=9.371Hz  err=-18.293Hz  corr=-379.25W  u_ff=86.6W  PCAP→78W  power=77.6W
[PID] perf=27.682Hz  target=9.371Hz  err=-18.312Hz  corr=-379.58W  u_ff=86.6W  PCAP→78W  power=77.8W
[PID] perf=27.696Hz  target=9.371Hz  err=-18.326Hz  corr=-379.84W  u_ff=86.6W  PCAP→78W  power=78.3W
[PID] perf=27.680Hz  target=9.371Hz  err=-18.309Hz  corr=-379.54W  u_ff=86.6W  PCAP→78W  power=76.8W
[PID] perf=27.661Hz  target=9.371Hz  err=-18.290Hz  corr=-379.18W  u_ff=86.6W  PCAP→78W  power=79.4W
[PID] perf=27.667Hz  target=9.371Hz  err=-18.297Hz  corr=-379.30W  u_ff=86.6W  PCAP→78W  power=78.6W
[PID] perf=27.693Hz  target=9.371Hz  err=-18.323Hz  corr=-379.79W  u_ff=86.6W  PCAP→78W  power=79.1W
[PID] perf=27.698Hz  target=9.371Hz  err=-18.327Hz  corr=-379.87W  u_ff=86.6W  PCAP→78W  power=77.0W
[PID] perf=27.690Hz  target=9.371Hz  err=-18.319Hz  corr=-379.72W  u_ff=86.6W  PCAP→78W  power=78.9W
[PID] perf=27.656Hz  target=9.371Hz  err=-18.285Hz  corr=-379.09W  u_ff=86.6W  PCAP→78W  power=76.9W
[PID] perf=27.670Hz  target=9.371Hz  err=-18.299Hz  corr=-379.35W  u_ff=86.6W  PCAP→78W  power=77.7W
[PID] perf=27.714Hz  target=9.371Hz  err=-18.344Hz  corr=-380.17W  u_ff=86.6W  PCAP→78W  power=78.9W
[PID] perf=27.693Hz  target=9.371Hz  err=-18.322Hz  corr=-379.78W  u_ff=86.6W  PCAP→78W  power=76.4W
[PID] perf=27.707Hz  target=9.371Hz  err=-18.336Hz  corr=-380.04W  u_ff=86.6W  PCAP→78W  power=78.5W
[PID] perf=27.672Hz  target=9.371Hz  err=-18.301Hz  corr=-379.39W  u_ff=86.6W  PCAP→78W  power=78.7W
[PID] perf=27.715Hz  target=9.371Hz  err=-18.344Hz  corr=-380.18W  u_ff=86.6W  PCAP→78W  power=78.8W
[PID] perf=27.684Hz  target=9.371Hz  err=-18.313Hz  corr=-379.61W  u_ff=86.6W  PCAP→78W  power=78.5W
[PID] perf=27.709Hz  target=9.371Hz  err=-18.338Hz  corr=-380.07W  u_ff=86.6W  PCAP→78W  power=77.2W
[PID] perf=27.659Hz  target=9.371Hz  err=-18.288Hz  corr=-379.14W  u_ff=86.6W  PCAP→78W  power=79.1W
[PID] perf=27.663Hz  target=9.371Hz  err=-18.293Hz  corr=-379.23W  u_ff=86.6W  PCAP→78W  power=78.0W
[PID] perf=27.704Hz  target=9.371Hz  err=-18.333Hz  corr=-379.98W  u_ff=86.6W  PCAP→78W  power=78.2W
[PID] perf=27.723Hz  target=9.371Hz  err=-18.352Hz  corr=-380.33W  u_ff=86.6W  PCAP→78W  power=78.4W
[PID] perf=27.704Hz  target=9.371Hz  err=-18.333Hz  corr=-379.98W  u_ff=86.6W  PCAP→78W  power=77.4W
[PID] perf=27.677Hz  target=9.371Hz  err=-18.306Hz  corr=-379.48W  u_ff=86.6W  PCAP→78W  power=78.7W
[PID] perf=27.675Hz  target=9.371Hz  err=-18.304Hz  corr=-379.45W  u_ff=86.6W  PCAP→78W  power=77.0W
[PID] perf=27.663Hz  target=9.371Hz  err=-18.292Hz  corr=-379.22W  u_ff=86.6W  PCAP→78W  power=77.4W
[PID] perf=27.656Hz  target=9.371Hz  err=-18.285Hz  corr=-379.09W  u_ff=86.6W  PCAP→78W  power=77.0W
[PID] perf=27.702Hz  target=9.371Hz  err=-18.331Hz  corr=-379.94W  u_ff=86.6W  PCAP→78W  power=77.3W
[PID] perf=27.684Hz  target=9.371Hz  err=-18.313Hz  corr=-379.61W  u_ff=86.6W  PCAP→78W  power=78.4W
[PID] perf=27.710Hz  target=9.371Hz  err=-18.339Hz  corr=-380.09W  u_ff=86.6W  PCAP→78W  power=79.1W
[PID] perf=27.737Hz  target=9.371Hz  err=-18.366Hz  corr=-380.60W  u_ff=86.6W  PCAP→78W  power=78.3W
[PID] perf=27.707Hz  target=9.371Hz  err=-18.336Hz  corr=-380.04W  u_ff=86.6W  PCAP→78W  power=76.4W
[PID] perf=27.692Hz  target=9.371Hz  err=-18.321Hz  corr=-379.76W  u_ff=86.6W  PCAP→78W  power=80.5W
[PID] perf=27.701Hz  target=9.371Hz  err=-18.331Hz  corr=-379.94W  u_ff=86.6W  PCAP→78W  power=78.6W
[PID] perf=27.706Hz  target=9.371Hz  err=-18.336Hz  corr=-380.03W  u_ff=86.6W  PCAP→78W  power=78.1W
[PID] perf=27.698Hz  target=9.371Hz  err=-18.327Hz  corr=-379.88W  u_ff=86.6W  PCAP→78W  power=77.5W
[PID] perf=27.668Hz  target=9.371Hz  err=-18.298Hz  corr=-379.32W  u_ff=86.6W  PCAP→78W  power=77.7W
[PID] perf=27.684Hz  target=9.371Hz  err=-18.313Hz  corr=-379.62W  u_ff=86.6W  PCAP→78W  power=78.1W
[PID] perf=27.688Hz  target=9.371Hz  err=-18.317Hz  corr=-379.69W  u_ff=86.6W  PCAP→78W  power=76.9W
[PID] perf=27.673Hz  target=9.371Hz  err=-18.303Hz  corr=-379.42W  u_ff=86.6W  PCAP→78W  power=76.6W
[PID] perf=27.674Hz  target=9.371Hz  err=-18.303Hz  corr=-379.43W  u_ff=86.6W  PCAP→78W  power=79.2W
[PID] perf=27.646Hz  target=9.371Hz  err=-18.276Hz  corr=-378.92W  u_ff=86.6W  PCAP→78W  power=78.9W
[PID] perf=27.705Hz  target=9.371Hz  err=-18.334Hz  corr=-380.00W  u_ff=86.6W  PCAP→78W  power=78.6W
[PID] perf=27.688Hz  target=9.371Hz  err=-18.317Hz  corr=-379.68W  u_ff=86.6W  PCAP→78W  power=77.4W
[PID] perf=27.669Hz  target=9.371Hz  err=-18.299Hz  corr=-379.34W  u_ff=86.6W  PCAP→78W  power=78.4W
[PID] perf=27.666Hz  target=9.371Hz  err=-18.295Hz  corr=-379.28W  u_ff=86.6W  PCAP→78W  power=78.5W
[PID] perf=27.694Hz  target=9.371Hz  err=-18.323Hz  corr=-379.80W  u_ff=86.6W  PCAP→78W  power=78.2W
[PID] perf=27.674Hz  target=9.371Hz  err=-18.304Hz  corr=-379.44W  u_ff=86.6W  PCAP→78W  power=78.4W
[PID] perf=27.651Hz  target=9.371Hz  err=-18.280Hz  corr=-379.01W  u_ff=86.6W  PCAP→78W  power=77.2W
[PID] perf=27.689Hz  target=9.371Hz  err=-18.319Hz  corr=-379.71W  u_ff=86.6W  PCAP→78W  power=78.9W
[PID] perf=27.677Hz  target=9.371Hz  err=-18.306Hz  corr=-379.48W  u_ff=86.6W  PCAP→78W  power=76.5W
[PID] perf=27.704Hz  target=9.371Hz  err=-18.333Hz  corr=-379.99W  u_ff=86.6W  PCAP→78W  power=78.6W
[PID] perf=27.688Hz  target=9.371Hz  err=-18.318Hz  corr=-379.69W  u_ff=86.6W  PCAP→78W  power=78.2W
[PID] perf=27.719Hz  target=9.371Hz  err=-18.348Hz  corr=-380.26W  u_ff=86.6W  PCAP→78W  power=76.6W
[PID] perf=27.663Hz  target=9.371Hz  err=-18.292Hz  corr=-379.22W  u_ff=86.6W  PCAP→78W  power=79.1W
[PID] perf=27.696Hz  target=9.371Hz  err=-18.326Hz  corr=-379.84W  u_ff=86.6W  PCAP→78W  power=78.8W
[PID] perf=27.662Hz  target=9.371Hz  err=-18.291Hz  corr=-379.21W  u_ff=86.6W  PCAP→78W  power=78.9W
[PID] perf=27.659Hz  target=9.371Hz  err=-18.289Hz  corr=-379.16W  u_ff=86.6W  PCAP→78W  power=76.8W
[PID] perf=27.701Hz  target=9.371Hz  err=-18.331Hz  corr=-379.93W  u_ff=86.6W  PCAP→78W  power=76.9W
[PID] perf=27.643Hz  target=9.371Hz  err=-18.273Hz  corr=-378.86W  u_ff=86.6W  PCAP→78W  power=76.2W
[PID] perf=27.689Hz  target=9.371Hz  err=-18.318Hz  corr=-379.71W  u_ff=86.6W  PCAP→78W  power=77.8W
[PID] perf=26.916Hz  target=9.371Hz  err=-17.545Hz  corr=-365.37W  u_ff=86.6W  PCAP→78W  power=79.4W
[PID] perf=26.916Hz  target=9.371Hz  err=-17.546Hz  corr=-365.38W  u_ff=86.6W  PCAP→78W  power=76.8W
[PID] perf=26.864Hz  target=9.371Hz  err=-17.493Hz  corr=-364.40W  u_ff=86.6W  PCAP→78W  power=78.1W
[PID] perf=26.867Hz  target=9.371Hz  err=-17.496Hz  corr=-364.46W  u_ff=86.6W  PCAP→78W  power=79.0W
[PID] perf=26.854Hz  target=9.371Hz  err=-17.483Hz  corr=-364.23W  u_ff=86.6W  PCAP→78W  power=78.8W
[PID] perf=26.881Hz  target=9.371Hz  err=-17.510Hz  corr=-364.72W  u_ff=86.6W  PCAP→78W  power=78.0W
[PID] perf=26.884Hz  target=9.371Hz  err=-17.513Hz  corr=-364.77W  u_ff=86.6W  PCAP→78W  power=77.6W
[PID] perf=26.892Hz  target=9.371Hz  err=-17.521Hz  corr=-364.93W  u_ff=86.6W  PCAP→78W  power=78.7W
[PID] perf=26.907Hz  target=9.371Hz  err=-17.536Hz  corr=-365.20W  u_ff=86.6W  PCAP→78W  power=78.1W
[PID] perf=26.884Hz  target=9.371Hz  err=-17.513Hz  corr=-364.77W  u_ff=86.6W  PCAP→78W  power=77.7W
[PID] perf=26.900Hz  target=9.371Hz  err=-17.529Hz  corr=-365.07W  u_ff=86.6W  PCAP→78W  power=77.4W
[PID] perf=26.828Hz  target=9.371Hz  err=-17.457Hz  corr=-363.73W  u_ff=86.6W  PCAP→78W  power=78.0W
[PID] perf=26.861Hz  target=9.371Hz  err=-17.490Hz  corr=-364.35W  u_ff=86.6W  PCAP→78W  power=77.2W
[PID] perf=26.852Hz  target=9.371Hz  err=-17.482Hz  corr=-364.19W  u_ff=86.6W  PCAP→78W  power=77.9W
[PID] perf=26.867Hz  target=9.371Hz  err=-17.497Hz  corr=-364.47W  u_ff=86.6W  PCAP→78W  power=78.0W
[PID] perf=26.850Hz  target=9.371Hz  err=-17.479Hz  corr=-364.14W  u_ff=86.6W  PCAP→78W  power=78.2W
[PID] perf=26.856Hz  target=9.371Hz  err=-17.486Hz  corr=-364.26W  u_ff=86.6W  PCAP→78W  power=78.3W
[PID] perf=26.862Hz  target=9.371Hz  err=-17.491Hz  corr=-364.37W  u_ff=86.6W  PCAP→78W  power=77.9W
[PID] perf=26.860Hz  target=9.371Hz  err=-17.489Hz  corr=-364.33W  u_ff=86.6W  PCAP→78W  power=78.2W
[PID] perf=26.859Hz  target=9.371Hz  err=-17.488Hz  corr=-364.31W  u_ff=86.6W  PCAP→78W  power=78.5W
[PID] perf=26.844Hz  target=9.371Hz  err=-17.473Hz  corr=-364.03W  u_ff=86.6W  PCAP→78W  power=77.9W
[PID] perf=26.854Hz  target=9.371Hz  err=-17.483Hz  corr=-364.22W  u_ff=86.6W  PCAP→78W  power=76.7W
[PID] perf=26.871Hz  target=9.371Hz  err=-17.500Hz  corr=-364.53W  u_ff=86.6W  PCAP→78W  power=77.8W
[PID] perf=26.846Hz  target=9.371Hz  err=-17.476Hz  corr=-364.08W  u_ff=86.6W  PCAP→78W  power=78.7W
[PID] perf=26.890Hz  target=9.371Hz  err=-17.520Hz  corr=-364.89W  u_ff=86.6W  PCAP→78W  power=77.6W
[PID] perf=26.886Hz  target=9.371Hz  err=-17.515Hz  corr=-364.81W  u_ff=86.6W  PCAP→78W  power=78.3W
[PID] perf=26.876Hz  target=9.371Hz  err=-17.506Hz  corr=-364.64W  u_ff=86.6W  PCAP→78W  power=77.2W
[PID] perf=26.889Hz  target=9.371Hz  err=-17.519Hz  corr=-364.88W  u_ff=86.6W  PCAP→78W  power=77.2W
[PID] perf=26.845Hz  target=9.371Hz  err=-17.474Hz  corr=-364.05W  u_ff=86.6W  PCAP→78W  power=77.5W
[PID] perf=26.862Hz  target=9.371Hz  err=-17.492Hz  corr=-364.38W  u_ff=86.6W  PCAP→78W  power=79.0W
[PID] perf=26.828Hz  target=9.371Hz  err=-17.457Hz  corr=-363.74W  u_ff=86.6W  PCAP→78W  power=77.6W
[PID] perf=26.874Hz  target=9.371Hz  err=-17.504Hz  corr=-364.60W  u_ff=86.6W  PCAP→78W  power=77.2W
[PID] perf=26.888Hz  target=9.371Hz  err=-17.517Hz  corr=-364.85W  u_ff=86.6W  PCAP→78W  power=76.9W
[PID] perf=26.844Hz  target=9.371Hz  err=-17.473Hz  corr=-364.04W  u_ff=86.6W  PCAP→78W  power=76.8W
[PID] perf=26.832Hz  target=9.371Hz  err=-17.461Hz  corr=-363.81W  u_ff=86.6W  PCAP→78W  power=76.7W
[PID] perf=26.841Hz  target=9.371Hz  err=-17.470Hz  corr=-363.97W  u_ff=86.6W  PCAP→78W  power=78.0W
[PID] perf=26.858Hz  target=9.371Hz  err=-17.487Hz  corr=-364.30W  u_ff=86.6W  PCAP→78W  power=78.3W
[PID] perf=26.824Hz  target=9.371Hz  err=-17.453Hz  corr=-363.66W  u_ff=86.6W  PCAP→78W  power=77.4W
Process completed.
Compressed into /home/cc/summer2024/main_codes/pid_controller/../experiment_data/PID_Control_sweep/ones-npb-cg/compressed_iteration_20260513_033209.tar
----------------------------------
