
>>> Step 1/3

[ones-npb-cg]
  target perf      : 8.9673 Hz
  coefficients_perf: [-0.0006547837485238978, 0.18607436314256556, -1.8317688501798497]
  feedforward PCAP : 81.29 W  →  83 W (snapped)
  Perf(u_ff) check : 8.9673 Hz  (should ≈ target)
  PID gains        : Kp=18.5447 W/Hz  Ki=1.85447 W/(Hz·s)  Kd=0.0000
[PID] Awaiting data — feedforward PCAP=83W
[PID] Awaiting data — feedforward PCAP=83W
[PID] Awaiting data — feedforward PCAP=83W
[PID] Awaiting data — feedforward PCAP=83W
[PID] Awaiting data — feedforward PCAP=83W
[PID] Awaiting data — feedforward PCAP=83W
[PID] perf=18.714Hz  target=8.967Hz  err=-9.746Hz  corr=-216.89W  u_ff=81.3W  PCAP→78W  power=nanW
[PID] perf=18.083Hz  target=8.967Hz  err=-9.116Hz  corr=-209.05W  u_ff=81.3W  PCAP→78W  power=76.9W
[PID] perf=18.110Hz  target=8.967Hz  err=-9.143Hz  corr=-209.56W  u_ff=81.3W  PCAP→78W  power=78.6W
[PID] perf=18.091Hz  target=8.967Hz  err=-9.123Hz  corr=-209.19W  u_ff=81.3W  PCAP→78W  power=78.8W
[PID] perf=18.042Hz  target=8.967Hz  err=-9.075Hz  corr=-208.28W  u_ff=81.3W  PCAP→78W  power=77.6W
[PID] perf=18.085Hz  target=8.967Hz  err=-9.118Hz  corr=-209.09W  u_ff=81.3W  PCAP→78W  power=76.6W
[PID] perf=18.093Hz  target=8.967Hz  err=-9.126Hz  corr=-209.23W  u_ff=81.3W  PCAP→78W  power=77.4W
[PID] perf=24.520Hz  target=8.967Hz  err=-15.553Hz  corr=-328.42W  u_ff=81.3W  PCAP→78W  power=78.7W
[PID] perf=27.960Hz  target=8.967Hz  err=-18.993Hz  corr=-392.22W  u_ff=81.3W  PCAP→78W  power=79.0W
[PID] perf=28.018Hz  target=8.967Hz  err=-19.050Hz  corr=-393.28W  u_ff=81.3W  PCAP→78W  power=77.4W
[PID] perf=28.069Hz  target=8.967Hz  err=-19.101Hz  corr=-394.23W  u_ff=81.3W  PCAP→78W  power=77.5W
[PID] perf=28.059Hz  target=8.967Hz  err=-19.092Hz  corr=-394.05W  u_ff=81.3W  PCAP→78W  power=77.1W
[PID] perf=28.034Hz  target=8.967Hz  err=-19.067Hz  corr=-393.59W  u_ff=81.3W  PCAP→78W  power=79.2W
[PID] perf=28.042Hz  target=8.967Hz  err=-19.075Hz  corr=-393.74W  u_ff=81.3W  PCAP→78W  power=77.2W
[PID] perf=28.057Hz  target=8.967Hz  err=-19.090Hz  corr=-394.01W  u_ff=81.3W  PCAP→78W  power=77.2W
[PID] perf=28.043Hz  target=8.967Hz  err=-19.075Hz  corr=-393.75W  u_ff=81.3W  PCAP→78W  power=78.6W
[PID] perf=28.030Hz  target=8.967Hz  err=-19.062Hz  corr=-393.51W  u_ff=81.3W  PCAP→78W  power=77.2W
[PID] perf=28.044Hz  target=8.967Hz  err=-19.076Hz  corr=-393.76W  u_ff=81.3W  PCAP→78W  power=76.4W
[PID] perf=28.106Hz  target=8.967Hz  err=-19.139Hz  corr=-394.93W  u_ff=81.3W  PCAP→78W  power=78.7W
[PID] perf=28.089Hz  target=8.967Hz  err=-19.121Hz  corr=-394.60W  u_ff=81.3W  PCAP→78W  power=79.2W
[PID] perf=28.108Hz  target=8.967Hz  err=-19.141Hz  corr=-394.96W  u_ff=81.3W  PCAP→78W  power=76.3W
[PID] perf=28.017Hz  target=8.967Hz  err=-19.049Hz  corr=-393.26W  u_ff=81.3W  PCAP→78W  power=79.5W
[PID] perf=28.082Hz  target=8.967Hz  err=-19.115Hz  corr=-394.48W  u_ff=81.3W  PCAP→78W  power=78.8W
[PID] perf=28.068Hz  target=8.967Hz  err=-19.101Hz  corr=-394.23W  u_ff=81.3W  PCAP→78W  power=76.9W
[PID] perf=28.081Hz  target=8.967Hz  err=-19.114Hz  corr=-394.45W  u_ff=81.3W  PCAP→78W  power=77.6W
[PID] perf=28.090Hz  target=8.967Hz  err=-19.123Hz  corr=-394.63W  u_ff=81.3W  PCAP→78W  power=78.9W
[PID] perf=28.079Hz  target=8.967Hz  err=-19.112Hz  corr=-394.43W  u_ff=81.3W  PCAP→78W  power=76.8W
[PID] perf=28.027Hz  target=8.967Hz  err=-19.059Hz  corr=-393.45W  u_ff=81.3W  PCAP→78W  power=78.2W
[PID] perf=28.022Hz  target=8.967Hz  err=-19.054Hz  corr=-393.36W  u_ff=81.3W  PCAP→78W  power=78.2W
[PID] perf=28.078Hz  target=8.967Hz  err=-19.111Hz  corr=-394.40W  u_ff=81.3W  PCAP→78W  power=76.8W
[PID] perf=28.078Hz  target=8.967Hz  err=-19.110Hz  corr=-394.39W  u_ff=81.3W  PCAP→78W  power=76.4W
[PID] perf=28.043Hz  target=8.967Hz  err=-19.075Hz  corr=-393.75W  u_ff=81.3W  PCAP→78W  power=78.1W
[PID] perf=28.064Hz  target=8.967Hz  err=-19.096Hz  corr=-394.14W  u_ff=81.3W  PCAP→78W  power=78.6W
[PID] perf=28.050Hz  target=8.967Hz  err=-19.082Hz  corr=-393.88W  u_ff=81.3W  PCAP→78W  power=79.2W
[PID] perf=28.040Hz  target=8.967Hz  err=-19.073Hz  corr=-393.71W  u_ff=81.3W  PCAP→78W  power=76.4W
[PID] perf=28.060Hz  target=8.967Hz  err=-19.093Hz  corr=-394.08W  u_ff=81.3W  PCAP→78W  power=77.7W
[PID] perf=28.059Hz  target=8.967Hz  err=-19.092Hz  corr=-394.05W  u_ff=81.3W  PCAP→78W  power=78.7W
[PID] perf=28.044Hz  target=8.967Hz  err=-19.076Hz  corr=-393.77W  u_ff=81.3W  PCAP→78W  power=78.0W
[PID] perf=28.023Hz  target=8.967Hz  err=-19.056Hz  corr=-393.38W  u_ff=81.3W  PCAP→78W  power=78.6W
[PID] perf=28.022Hz  target=8.967Hz  err=-19.055Hz  corr=-393.37W  u_ff=81.3W  PCAP→78W  power=77.4W
[PID] perf=28.034Hz  target=8.967Hz  err=-19.067Hz  corr=-393.59W  u_ff=81.3W  PCAP→78W  power=77.9W
[PID] perf=28.071Hz  target=8.967Hz  err=-19.103Hz  corr=-394.26W  u_ff=81.3W  PCAP→78W  power=77.1W
[PID] perf=28.046Hz  target=8.967Hz  err=-19.078Hz  corr=-393.80W  u_ff=81.3W  PCAP→78W  power=77.6W
[PID] perf=28.041Hz  target=8.967Hz  err=-19.074Hz  corr=-393.72W  u_ff=81.3W  PCAP→78W  power=77.6W
[PID] perf=28.055Hz  target=8.967Hz  err=-19.088Hz  corr=-393.98W  u_ff=81.3W  PCAP→78W  power=77.1W
[PID] perf=28.067Hz  target=8.967Hz  err=-19.100Hz  corr=-394.21W  u_ff=81.3W  PCAP→78W  power=77.4W
[PID] perf=28.055Hz  target=8.967Hz  err=-19.087Hz  corr=-393.97W  u_ff=81.3W  PCAP→78W  power=77.3W
[PID] perf=28.070Hz  target=8.967Hz  err=-19.102Hz  corr=-394.25W  u_ff=81.3W  PCAP→78W  power=77.2W
[PID] perf=28.053Hz  target=8.967Hz  err=-19.086Hz  corr=-393.93W  u_ff=81.3W  PCAP→78W  power=79.3W
[PID] perf=28.080Hz  target=8.967Hz  err=-19.113Hz  corr=-394.44W  u_ff=81.3W  PCAP→78W  power=79.0W
[PID] perf=28.060Hz  target=8.967Hz  err=-19.093Hz  corr=-394.07W  u_ff=81.3W  PCAP→78W  power=76.7W
[PID] perf=28.082Hz  target=8.967Hz  err=-19.115Hz  corr=-394.48W  u_ff=81.3W  PCAP→78W  power=77.5W
[PID] perf=28.076Hz  target=8.967Hz  err=-19.108Hz  corr=-394.36W  u_ff=81.3W  PCAP→78W  power=78.4W
[PID] perf=28.036Hz  target=8.967Hz  err=-19.069Hz  corr=-393.63W  u_ff=81.3W  PCAP→78W  power=79.3W
[PID] perf=28.062Hz  target=8.967Hz  err=-19.095Hz  corr=-394.11W  u_ff=81.3W  PCAP→78W  power=78.2W
[PID] perf=28.021Hz  target=8.967Hz  err=-19.053Hz  corr=-393.34W  u_ff=81.3W  PCAP→78W  power=76.3W
[PID] perf=27.331Hz  target=8.967Hz  err=-18.364Hz  corr=-380.55W  u_ff=81.3W  PCAP→78W  power=76.2W
[PID] perf=27.407Hz  target=8.967Hz  err=-18.439Hz  corr=-381.95W  u_ff=81.3W  PCAP→78W  power=77.7W
[PID] perf=27.466Hz  target=8.967Hz  err=-18.499Hz  corr=-383.06W  u_ff=81.3W  PCAP→78W  power=78.7W
[PID] perf=27.507Hz  target=8.967Hz  err=-18.540Hz  corr=-383.81W  u_ff=81.3W  PCAP→78W  power=77.3W
[PID] perf=27.553Hz  target=8.967Hz  err=-18.585Hz  corr=-384.66W  u_ff=81.3W  PCAP→78W  power=78.4W
[PID] perf=27.562Hz  target=8.967Hz  err=-18.594Hz  corr=-384.83W  u_ff=81.3W  PCAP→78W  power=77.5W
[PID] perf=27.547Hz  target=8.967Hz  err=-18.580Hz  corr=-384.55W  u_ff=81.3W  PCAP→78W  power=79.1W
[PID] perf=27.570Hz  target=8.967Hz  err=-18.603Hz  corr=-384.98W  u_ff=81.3W  PCAP→78W  power=77.5W
[PID] perf=27.596Hz  target=8.967Hz  err=-18.629Hz  corr=-385.47W  u_ff=81.3W  PCAP→78W  power=77.3W
[PID] perf=27.575Hz  target=8.967Hz  err=-18.608Hz  corr=-385.08W  u_ff=81.3W  PCAP→78W  power=78.4W
[PID] perf=27.604Hz  target=8.967Hz  err=-18.637Hz  corr=-385.62W  u_ff=81.3W  PCAP→78W  power=79.2W
[PID] perf=27.564Hz  target=8.967Hz  err=-18.596Hz  corr=-384.86W  u_ff=81.3W  PCAP→78W  power=79.3W
[PID] perf=27.570Hz  target=8.967Hz  err=-18.603Hz  corr=-384.98W  u_ff=81.3W  PCAP→78W  power=78.9W
[PID] perf=27.557Hz  target=8.967Hz  err=-18.590Hz  corr=-384.74W  u_ff=81.3W  PCAP→78W  power=77.7W
[PID] perf=27.549Hz  target=8.967Hz  err=-18.582Hz  corr=-384.60W  u_ff=81.3W  PCAP→78W  power=77.6W
[PID] perf=25.840Hz  target=8.967Hz  err=-16.873Hz  corr=-352.90W  u_ff=81.3W  PCAP→78W  power=76.7W
[PID] perf=26.007Hz  target=8.967Hz  err=-17.039Hz  corr=-355.99W  u_ff=81.3W  PCAP→78W  power=78.0W
[PID] perf=26.036Hz  target=8.967Hz  err=-17.069Hz  corr=-356.54W  u_ff=81.3W  PCAP→78W  power=79.0W
[PID] perf=25.946Hz  target=8.967Hz  err=-16.979Hz  corr=-354.87W  u_ff=81.3W  PCAP→78W  power=79.1W
[PID] perf=26.009Hz  target=8.967Hz  err=-17.042Hz  corr=-356.03W  u_ff=81.3W  PCAP→78W  power=78.7W
[PID] perf=26.574Hz  target=8.967Hz  err=-17.607Hz  corr=-366.52W  u_ff=81.3W  PCAP→78W  power=78.7W
[PID] perf=26.707Hz  target=8.967Hz  err=-17.739Hz  corr=-368.97W  u_ff=81.3W  PCAP→78W  power=77.6W
[PID] perf=26.674Hz  target=8.967Hz  err=-17.707Hz  corr=-368.37W  u_ff=81.3W  PCAP→78W  power=77.2W
[PID] perf=26.714Hz  target=8.967Hz  err=-17.746Hz  corr=-369.10W  u_ff=81.3W  PCAP→78W  power=77.1W
[PID] perf=26.667Hz  target=8.967Hz  err=-17.700Hz  corr=-368.24W  u_ff=81.3W  PCAP→78W  power=78.2W
[PID] perf=26.694Hz  target=8.967Hz  err=-17.727Hz  corr=-368.73W  u_ff=81.3W  PCAP→78W  power=78.7W
[PID] perf=26.737Hz  target=8.967Hz  err=-17.769Hz  corr=-369.53W  u_ff=81.3W  PCAP→78W  power=78.7W
[PID] perf=26.764Hz  target=8.967Hz  err=-17.797Hz  corr=-370.03W  u_ff=81.3W  PCAP→78W  power=77.8W
[PID] perf=26.706Hz  target=8.967Hz  err=-17.738Hz  corr=-368.95W  u_ff=81.3W  PCAP→78W  power=79.1W
[PID] perf=26.711Hz  target=8.967Hz  err=-17.744Hz  corr=-369.06W  u_ff=81.3W  PCAP→78W  power=78.0W
[PID] perf=26.764Hz  target=8.967Hz  err=-17.797Hz  corr=-370.04W  u_ff=81.3W  PCAP→78W  power=78.7W
[PID] perf=26.678Hz  target=8.967Hz  err=-17.711Hz  corr=-368.44W  u_ff=81.3W  PCAP→78W  power=78.0W
[PID] perf=24.412Hz  target=8.967Hz  err=-15.445Hz  corr=-326.42W  u_ff=81.3W  PCAP→78W  power=77.5W
[PID] perf=25.521Hz  target=8.967Hz  err=-16.553Hz  corr=-346.98W  u_ff=81.3W  PCAP→78W  power=77.2W
[PID] perf=25.674Hz  target=8.967Hz  err=-16.707Hz  corr=-349.82W  u_ff=81.3W  PCAP→78W  power=77.6W
[PID] perf=25.668Hz  target=8.967Hz  err=-16.701Hz  corr=-349.71W  u_ff=81.3W  PCAP→78W  power=78.7W
[PID] perf=25.674Hz  target=8.967Hz  err=-16.707Hz  corr=-349.82W  u_ff=81.3W  PCAP→78W  power=78.9W
[PID] perf=25.701Hz  target=8.967Hz  err=-16.734Hz  corr=-350.33W  u_ff=81.3W  PCAP→78W  power=78.8W
[PID] perf=25.661Hz  target=8.967Hz  err=-16.694Hz  corr=-349.58W  u_ff=81.3W  PCAP→78W  power=78.8W
[PID] perf=25.666Hz  target=8.967Hz  err=-16.698Hz  corr=-349.67W  u_ff=81.3W  PCAP→78W  power=77.5W
[PID] perf=25.703Hz  target=8.967Hz  err=-16.735Hz  corr=-350.35W  u_ff=81.3W  PCAP→78W  power=77.3W
[PID] perf=25.695Hz  target=8.967Hz  err=-16.727Hz  corr=-350.20W  u_ff=81.3W  PCAP→78W  power=78.8W
[PID] perf=25.644Hz  target=8.967Hz  err=-16.676Hz  corr=-349.26W  u_ff=81.3W  PCAP→78W  power=78.5W
[PID] perf=25.735Hz  target=8.967Hz  err=-16.768Hz  corr=-350.96W  u_ff=81.3W  PCAP→78W  power=78.3W
[PID] perf=25.669Hz  target=8.967Hz  err=-16.702Hz  corr=-349.74W  u_ff=81.3W  PCAP→78W  power=76.8W
[PID] perf=26.572Hz  target=8.967Hz  err=-17.605Hz  corr=-366.47W  u_ff=81.3W  PCAP→78W  power=78.5W
[PID] perf=26.765Hz  target=8.967Hz  err=-17.798Hz  corr=-370.05W  u_ff=81.3W  PCAP→78W  power=78.1W
[PID] perf=26.766Hz  target=8.967Hz  err=-17.799Hz  corr=-370.08W  u_ff=81.3W  PCAP→78W  power=78.6W
[PID] perf=26.804Hz  target=8.967Hz  err=-17.836Hz  corr=-370.77W  u_ff=81.3W  PCAP→78W  power=78.1W
[PID] perf=26.747Hz  target=8.967Hz  err=-17.780Hz  corr=-369.72W  u_ff=81.3W  PCAP→78W  power=76.9W
[PID] perf=26.733Hz  target=8.967Hz  err=-17.766Hz  corr=-369.46W  u_ff=81.3W  PCAP→78W  power=77.4W
[PID] perf=26.741Hz  target=8.967Hz  err=-17.773Hz  corr=-369.60W  u_ff=81.3W  PCAP→78W  power=79.0W
[PID] perf=26.763Hz  target=8.967Hz  err=-17.796Hz  corr=-370.02W  u_ff=81.3W  PCAP→78W  power=78.0W
[PID] perf=26.735Hz  target=8.967Hz  err=-17.768Hz  corr=-369.50W  u_ff=81.3W  PCAP→78W  power=77.7W
[PID] perf=26.779Hz  target=8.967Hz  err=-17.812Hz  corr=-370.31W  u_ff=81.3W  PCAP→78W  power=77.2W
[PID] perf=26.784Hz  target=8.967Hz  err=-17.817Hz  corr=-370.40W  u_ff=81.3W  PCAP→78W  power=76.7W
[PID] perf=26.777Hz  target=8.967Hz  err=-17.810Hz  corr=-370.28W  u_ff=81.3W  PCAP→78W  power=78.4W
[PID] perf=26.775Hz  target=8.967Hz  err=-17.807Hz  corr=-370.23W  u_ff=81.3W  PCAP→78W  power=78.5W
[PID] perf=26.790Hz  target=8.967Hz  err=-17.823Hz  corr=-370.52W  u_ff=81.3W  PCAP→78W  power=78.6W
[PID] perf=26.800Hz  target=8.967Hz  err=-17.832Hz  corr=-370.70W  u_ff=81.3W  PCAP→78W  power=77.8W
[PID] perf=26.742Hz  target=8.967Hz  err=-17.775Hz  corr=-369.63W  u_ff=81.3W  PCAP→78W  power=77.2W
[PID] perf=26.849Hz  target=8.967Hz  err=-17.882Hz  corr=-371.61W  u_ff=81.3W  PCAP→78W  power=77.2W
[PID] perf=26.852Hz  target=8.967Hz  err=-17.885Hz  corr=-371.67W  u_ff=81.3W  PCAP→78W  power=77.2W
[PID] perf=26.874Hz  target=8.967Hz  err=-17.907Hz  corr=-372.08W  u_ff=81.3W  PCAP→78W  power=76.5W
[PID] perf=26.883Hz  target=8.967Hz  err=-17.916Hz  corr=-372.24W  u_ff=81.3W  PCAP→78W  power=78.5W
[PID] perf=26.866Hz  target=8.967Hz  err=-17.899Hz  corr=-371.92W  u_ff=81.3W  PCAP→78W  power=78.1W
[PID] perf=26.891Hz  target=8.967Hz  err=-17.923Hz  corr=-372.38W  u_ff=81.3W  PCAP→78W  power=77.6W
[PID] perf=26.883Hz  target=8.967Hz  err=-17.915Hz  corr=-372.24W  u_ff=81.3W  PCAP→78W  power=77.9W
[PID] perf=26.905Hz  target=8.967Hz  err=-17.937Hz  corr=-372.64W  u_ff=81.3W  PCAP→78W  power=79.4W
[PID] perf=26.907Hz  target=8.967Hz  err=-17.940Hz  corr=-372.70W  u_ff=81.3W  PCAP→78W  power=76.7W
[PID] perf=26.880Hz  target=8.967Hz  err=-17.912Hz  corr=-372.18W  u_ff=81.3W  PCAP→78W  power=77.6W
[PID] perf=26.878Hz  target=8.967Hz  err=-17.910Hz  corr=-372.14W  u_ff=81.3W  PCAP→78W  power=77.6W
[PID] perf=26.887Hz  target=8.967Hz  err=-17.920Hz  corr=-372.32W  u_ff=81.3W  PCAP→78W  power=76.7W
[PID] perf=26.901Hz  target=8.967Hz  err=-17.933Hz  corr=-372.57W  u_ff=81.3W  PCAP→78W  power=78.2W
[PID] perf=26.904Hz  target=8.967Hz  err=-17.937Hz  corr=-372.64W  u_ff=81.3W  PCAP→78W  power=77.0W
[PID] perf=26.860Hz  target=8.967Hz  err=-17.893Hz  corr=-371.81W  u_ff=81.3W  PCAP→78W  power=76.9W
[PID] perf=26.862Hz  target=8.967Hz  err=-17.895Hz  corr=-371.86W  u_ff=81.3W  PCAP→78W  power=79.0W
[PID] perf=26.859Hz  target=8.967Hz  err=-17.892Hz  corr=-371.79W  u_ff=81.3W  PCAP→78W  power=78.5W
[PID] perf=26.891Hz  target=8.967Hz  err=-17.924Hz  corr=-372.40W  u_ff=81.3W  PCAP→78W  power=79.1W
[PID] perf=12.693Hz  target=8.967Hz  err=-3.725Hz  corr=-109.08W  u_ff=81.3W  PCAP→78W  power=76.9W
[PID] perf=25.911Hz  target=8.967Hz  err=-16.944Hz  corr=-354.22W  u_ff=81.3W  PCAP→78W  power=77.9W
[PID] perf=26.648Hz  target=8.967Hz  err=-17.681Hz  corr=-367.88W  u_ff=81.3W  PCAP→78W  power=78.2W
[PID] perf=26.712Hz  target=8.967Hz  err=-17.744Hz  corr=-369.06W  u_ff=81.3W  PCAP→78W  power=78.5W
[PID] perf=26.759Hz  target=8.967Hz  err=-17.792Hz  corr=-369.94W  u_ff=81.3W  PCAP→78W  power=77.2W
[PID] perf=26.743Hz  target=8.967Hz  err=-17.776Hz  corr=-369.65W  u_ff=81.3W  PCAP→78W  power=78.2W
[PID] perf=26.658Hz  target=8.967Hz  err=-17.690Hz  corr=-368.06W  u_ff=81.3W  PCAP→78W  power=78.9W
[PID] perf=26.657Hz  target=8.967Hz  err=-17.690Hz  corr=-368.06W  u_ff=81.3W  PCAP→78W  power=78.8W
[PID] perf=26.663Hz  target=8.967Hz  err=-17.696Hz  corr=-368.16W  u_ff=81.3W  PCAP→78W  power=77.9W
[PID] perf=26.615Hz  target=8.967Hz  err=-17.647Hz  corr=-367.26W  u_ff=81.3W  PCAP→78W  power=77.6W
[PID] perf=26.607Hz  target=8.967Hz  err=-17.639Hz  corr=-367.12W  u_ff=81.3W  PCAP→78W  power=77.5W
[PID] perf=26.600Hz  target=8.967Hz  err=-17.633Hz  corr=-367.00W  u_ff=81.3W  PCAP→78W  power=77.9W
[PID] perf=26.579Hz  target=8.967Hz  err=-17.612Hz  corr=-366.61W  u_ff=81.3W  PCAP→78W  power=79.2W
[PID] perf=26.570Hz  target=8.967Hz  err=-17.603Hz  corr=-366.43W  u_ff=81.3W  PCAP→78W  power=78.6W
[PID] perf=26.604Hz  target=8.967Hz  err=-17.636Hz  corr=-367.06W  u_ff=81.3W  PCAP→78W  power=77.9W
[PID] perf=26.883Hz  target=8.967Hz  err=-17.915Hz  corr=-372.24W  u_ff=81.3W  PCAP→78W  power=78.3W
[PID] perf=27.031Hz  target=8.967Hz  err=-18.064Hz  corr=-374.98W  u_ff=81.3W  PCAP→78W  power=77.5W
[PID] perf=27.053Hz  target=8.967Hz  err=-18.085Hz  corr=-375.39W  u_ff=81.3W  PCAP→78W  power=78.0W
[PID] perf=27.062Hz  target=8.967Hz  err=-18.095Hz  corr=-375.57W  u_ff=81.3W  PCAP→78W  power=79.1W
[PID] perf=27.036Hz  target=8.967Hz  err=-18.068Hz  corr=-375.07W  u_ff=81.3W  PCAP→78W  power=76.9W
[PID] perf=27.072Hz  target=8.967Hz  err=-18.105Hz  corr=-375.74W  u_ff=81.3W  PCAP→78W  power=77.0W
[PID] perf=26.721Hz  target=8.967Hz  err=-17.754Hz  corr=-369.24W  u_ff=81.3W  PCAP→78W  power=76.4W
[PID] perf=26.751Hz  target=8.967Hz  err=-17.784Hz  corr=-369.80W  u_ff=81.3W  PCAP→78W  power=78.0W
[PID] perf=26.786Hz  target=8.967Hz  err=-17.819Hz  corr=-370.44W  u_ff=81.3W  PCAP→78W  power=78.7W
[PID] perf=26.805Hz  target=8.967Hz  err=-17.838Hz  corr=-370.80W  u_ff=81.3W  PCAP→78W  power=77.9W
[PID] perf=26.695Hz  target=8.967Hz  err=-17.728Hz  corr=-368.75W  u_ff=81.3W  PCAP→78W  power=79.0W
[PID] perf=26.666Hz  target=8.967Hz  err=-17.698Hz  corr=-368.21W  u_ff=81.3W  PCAP→78W  power=78.9W
[PID] perf=25.145Hz  target=8.967Hz  err=-16.178Hz  corr=-340.01W  u_ff=81.3W  PCAP→78W  power=77.8W
[PID] perf=25.120Hz  target=8.967Hz  err=-16.152Hz  corr=-339.54W  u_ff=81.3W  PCAP→78W  power=77.2W
[PID] perf=25.040Hz  target=8.967Hz  err=-16.073Hz  corr=-338.07W  u_ff=81.3W  PCAP→78W  power=77.9W
[PID] perf=25.345Hz  target=8.967Hz  err=-16.378Hz  corr=-343.72W  u_ff=81.3W  PCAP→78W  power=78.3W
[PID] perf=25.027Hz  target=8.967Hz  err=-16.060Hz  corr=-337.83W  u_ff=81.3W  PCAP→78W  power=79.3W
[PID] perf=25.292Hz  target=8.967Hz  err=-16.325Hz  corr=-342.73W  u_ff=81.3W  PCAP→78W  power=77.8W
[PID] perf=25.030Hz  target=8.967Hz  err=-16.063Hz  corr=-337.88W  u_ff=81.3W  PCAP→78W  power=79.0W
[PID] perf=25.140Hz  target=8.967Hz  err=-16.172Hz  corr=-339.91W  u_ff=81.3W  PCAP→78W  power=77.5W
[PID] perf=26.230Hz  target=8.967Hz  err=-17.263Hz  corr=-360.13W  u_ff=81.3W  PCAP→78W  power=76.4W
[PID] perf=25.696Hz  target=8.967Hz  err=-16.728Hz  corr=-350.22W  u_ff=81.3W  PCAP→78W  power=76.9W
[PID] perf=26.476Hz  target=8.967Hz  err=-17.509Hz  corr=-364.70W  u_ff=81.3W  PCAP→78W  power=77.3W
[PID] perf=26.411Hz  target=8.967Hz  err=-17.443Hz  corr=-363.48W  u_ff=81.3W  PCAP→78W  power=77.2W
[PID] perf=26.432Hz  target=8.967Hz  err=-17.465Hz  corr=-363.89W  u_ff=81.3W  PCAP→78W  power=78.0W
[PID] perf=26.443Hz  target=8.967Hz  err=-17.476Hz  corr=-364.09W  u_ff=81.3W  PCAP→78W  power=76.4W
[PID] perf=26.506Hz  target=8.967Hz  err=-17.538Hz  corr=-365.24W  u_ff=81.3W  PCAP→78W  power=75.8W
[PID] perf=26.484Hz  target=8.967Hz  err=-17.517Hz  corr=-364.84W  u_ff=81.3W  PCAP→78W  power=78.5W
[PID] perf=26.485Hz  target=8.967Hz  err=-17.518Hz  corr=-364.86W  u_ff=81.3W  PCAP→78W  power=77.7W
[PID] perf=26.365Hz  target=8.967Hz  err=-17.397Hz  corr=-362.63W  u_ff=81.3W  PCAP→78W  power=77.8W
[PID] perf=25.765Hz  target=8.967Hz  err=-16.798Hz  corr=-351.51W  u_ff=81.3W  PCAP→78W  power=77.9W
[PID] perf=25.846Hz  target=8.967Hz  err=-16.879Hz  corr=-353.02W  u_ff=81.3W  PCAP→78W  power=78.4W
[PID] perf=25.917Hz  target=8.967Hz  err=-16.949Hz  corr=-354.32W  u_ff=81.3W  PCAP→78W  power=79.7W
[PID] perf=25.896Hz  target=8.967Hz  err=-16.929Hz  corr=-353.93W  u_ff=81.3W  PCAP→78W  power=76.3W
[PID] perf=26.302Hz  target=8.967Hz  err=-17.335Hz  corr=-361.47W  u_ff=81.3W  PCAP→78W  power=78.3W
[PID] perf=26.458Hz  target=8.967Hz  err=-17.491Hz  corr=-364.36W  u_ff=81.3W  PCAP→78W  power=78.1W
[PID] perf=26.452Hz  target=8.967Hz  err=-17.485Hz  corr=-364.25W  u_ff=81.3W  PCAP→78W  power=79.4W
[PID] perf=26.456Hz  target=8.967Hz  err=-17.489Hz  corr=-364.33W  u_ff=81.3W  PCAP→78W  power=76.5W
[PID] perf=26.473Hz  target=8.967Hz  err=-17.506Hz  corr=-364.64W  u_ff=81.3W  PCAP→78W  power=76.4W
[PID] perf=26.467Hz  target=8.967Hz  err=-17.500Hz  corr=-364.52W  u_ff=81.3W  PCAP→78W  power=76.4W
[PID] perf=26.502Hz  target=8.967Hz  err=-17.535Hz  corr=-365.18W  u_ff=81.3W  PCAP→78W  power=77.2W
[PID] perf=26.487Hz  target=8.967Hz  err=-17.519Hz  corr=-364.89W  u_ff=81.3W  PCAP→78W  power=76.3W
[PID] perf=27.060Hz  target=8.967Hz  err=-18.093Hz  corr=-375.53W  u_ff=81.3W  PCAP→78W  power=77.2W
[PID] perf=27.041Hz  target=8.967Hz  err=-18.073Hz  corr=-375.17W  u_ff=81.3W  PCAP→78W  power=77.6W
[PID] perf=26.992Hz  target=8.967Hz  err=-18.024Hz  corr=-374.26W  u_ff=81.3W  PCAP→78W  power=77.6W
[PID] perf=27.024Hz  target=8.967Hz  err=-18.057Hz  corr=-374.86W  u_ff=81.3W  PCAP→78W  power=77.5W
[PID] perf=26.987Hz  target=8.967Hz  err=-18.020Hz  corr=-374.18W  u_ff=81.3W  PCAP→78W  power=78.5W
[PID] perf=27.098Hz  target=8.967Hz  err=-18.131Hz  corr=-376.23W  u_ff=81.3W  PCAP→78W  power=78.6W
[PID] perf=27.059Hz  target=8.967Hz  err=-18.091Hz  corr=-375.50W  u_ff=81.3W  PCAP→78W  power=78.5W
[PID] perf=27.076Hz  target=8.967Hz  err=-18.109Hz  corr=-375.82W  u_ff=81.3W  PCAP→78W  power=78.7W
[PID] perf=27.032Hz  target=8.967Hz  err=-18.065Hz  corr=-375.00W  u_ff=81.3W  PCAP→78W  power=79.3W
[PID] perf=27.025Hz  target=8.967Hz  err=-18.058Hz  corr=-374.88W  u_ff=81.3W  PCAP→78W  power=78.5W
[PID] perf=26.479Hz  target=8.967Hz  err=-17.512Hz  corr=-364.75W  u_ff=81.3W  PCAP→78W  power=78.6W
[PID] perf=26.502Hz  target=8.967Hz  err=-17.534Hz  corr=-365.17W  u_ff=81.3W  PCAP→78W  power=76.9W
[PID] perf=26.454Hz  target=8.967Hz  err=-17.487Hz  corr=-364.29W  u_ff=81.3W  PCAP→78W  power=77.7W
[PID] perf=26.456Hz  target=8.967Hz  err=-17.489Hz  corr=-364.32W  u_ff=81.3W  PCAP→78W  power=78.9W
[PID] perf=26.483Hz  target=8.967Hz  err=-17.516Hz  corr=-364.83W  u_ff=81.3W  PCAP→78W  power=78.5W
[PID] perf=26.448Hz  target=8.967Hz  err=-17.480Hz  corr=-364.17W  u_ff=81.3W  PCAP→78W  power=76.7W
[PID] perf=26.459Hz  target=8.967Hz  err=-17.491Hz  corr=-364.37W  u_ff=81.3W  PCAP→78W  power=78.0W
[PID] perf=26.482Hz  target=8.967Hz  err=-17.515Hz  corr=-364.81W  u_ff=81.3W  PCAP→78W  power=77.2W
[PID] perf=26.436Hz  target=8.967Hz  err=-17.469Hz  corr=-363.96W  u_ff=81.3W  PCAP→78W  power=77.6W
[PID] perf=26.518Hz  target=8.967Hz  err=-17.550Hz  corr=-365.46W  u_ff=81.3W  PCAP→78W  power=75.8W
[PID] perf=26.490Hz  target=8.967Hz  err=-17.522Hz  corr=-364.95W  u_ff=81.3W  PCAP→78W  power=77.6W
[PID] perf=26.498Hz  target=8.967Hz  err=-17.530Hz  corr=-365.09W  u_ff=81.3W  PCAP→78W  power=78.3W
[PID] perf=26.529Hz  target=8.967Hz  err=-17.562Hz  corr=-365.67W  u_ff=81.3W  PCAP→78W  power=78.9W
[PID] perf=26.478Hz  target=8.967Hz  err=-17.510Hz  corr=-364.72W  u_ff=81.3W  PCAP→78W  power=79.5W
[PID] perf=26.485Hz  target=8.967Hz  err=-17.518Hz  corr=-364.86W  u_ff=81.3W  PCAP→78W  power=79.1W
[PID] perf=26.519Hz  target=8.967Hz  err=-17.552Hz  corr=-365.50W  u_ff=81.3W  PCAP→78W  power=77.5W
[PID] perf=26.538Hz  target=8.967Hz  err=-17.571Hz  corr=-365.84W  u_ff=81.3W  PCAP→78W  power=78.6W
[PID] perf=26.500Hz  target=8.967Hz  err=-17.532Hz  corr=-365.13W  u_ff=81.3W  PCAP→78W  power=77.3W
[PID] perf=26.503Hz  target=8.967Hz  err=-17.536Hz  corr=-365.20W  u_ff=81.3W  PCAP→78W  power=77.6W
[PID] perf=26.489Hz  target=8.967Hz  err=-17.521Hz  corr=-364.93W  u_ff=81.3W  PCAP→78W  power=76.8W
[PID] perf=26.501Hz  target=8.967Hz  err=-17.534Hz  corr=-365.16W  u_ff=81.3W  PCAP→78W  power=77.7W
[PID] perf=26.550Hz  target=8.967Hz  err=-17.583Hz  corr=-366.07W  u_ff=81.3W  PCAP→78W  power=76.9W
[PID] perf=26.873Hz  target=8.967Hz  err=-17.905Hz  corr=-372.05W  u_ff=81.3W  PCAP→78W  power=77.1W
[PID] perf=26.951Hz  target=8.967Hz  err=-17.983Hz  corr=-373.50W  u_ff=81.3W  PCAP→78W  power=77.5W
[PID] perf=27.337Hz  target=8.967Hz  err=-18.369Hz  corr=-380.65W  u_ff=81.3W  PCAP→78W  power=77.1W
[PID] perf=27.311Hz  target=8.967Hz  err=-18.344Hz  corr=-380.18W  u_ff=81.3W  PCAP→78W  power=79.1W
[PID] perf=27.309Hz  target=8.967Hz  err=-18.341Hz  corr=-380.14W  u_ff=81.3W  PCAP→78W  power=77.5W
[PID] perf=27.301Hz  target=8.967Hz  err=-18.334Hz  corr=-380.00W  u_ff=81.3W  PCAP→78W  power=77.9W
[PID] perf=27.307Hz  target=8.967Hz  err=-18.340Hz  corr=-380.11W  u_ff=81.3W  PCAP→78W  power=79.1W
[PID] perf=27.337Hz  target=8.967Hz  err=-18.369Hz  corr=-380.65W  u_ff=81.3W  PCAP→78W  power=79.1W
[PID] perf=27.344Hz  target=8.967Hz  err=-18.377Hz  corr=-380.79W  u_ff=81.3W  PCAP→78W  power=77.9W
[PID] perf=27.333Hz  target=8.967Hz  err=-18.366Hz  corr=-380.60W  u_ff=81.3W  PCAP→78W  power=77.2W
[PID] perf=27.358Hz  target=8.967Hz  err=-18.391Hz  corr=-381.05W  u_ff=81.3W  PCAP→78W  power=77.5W
[PID] perf=27.344Hz  target=8.967Hz  err=-18.376Hz  corr=-380.78W  u_ff=81.3W  PCAP→78W  power=78.6W
[PID] perf=27.331Hz  target=8.967Hz  err=-18.363Hz  corr=-380.54W  u_ff=81.3W  PCAP→78W  power=79.1W
[PID] perf=27.319Hz  target=8.967Hz  err=-18.352Hz  corr=-380.33W  u_ff=81.3W  PCAP→78W  power=78.8W
[PID] perf=27.318Hz  target=8.967Hz  err=-18.351Hz  corr=-380.31W  u_ff=81.3W  PCAP→78W  power=77.2W
[PID] perf=27.354Hz  target=8.967Hz  err=-18.387Hz  corr=-380.98W  u_ff=81.3W  PCAP→78W  power=78.5W
[PID] perf=27.387Hz  target=8.967Hz  err=-18.419Hz  corr=-381.58W  u_ff=81.3W  PCAP→78W  power=77.5W
[PID] perf=27.391Hz  target=8.967Hz  err=-18.424Hz  corr=-381.66W  u_ff=81.3W  PCAP→78W  power=77.5W
[PID] perf=27.339Hz  target=8.967Hz  err=-18.371Hz  corr=-380.69W  u_ff=81.3W  PCAP→78W  power=78.9W
[PID] perf=27.352Hz  target=8.967Hz  err=-18.385Hz  corr=-380.93W  u_ff=81.3W  PCAP→78W  power=78.8W
[PID] perf=27.343Hz  target=8.967Hz  err=-18.376Hz  corr=-380.78W  u_ff=81.3W  PCAP→78W  power=76.5W
[PID] perf=27.363Hz  target=8.967Hz  err=-18.396Hz  corr=-381.14W  u_ff=81.3W  PCAP→78W  power=78.8W
[PID] perf=27.314Hz  target=8.967Hz  err=-18.347Hz  corr=-380.24W  u_ff=81.3W  PCAP→78W  power=77.6W
[PID] perf=27.304Hz  target=8.967Hz  err=-18.337Hz  corr=-380.05W  u_ff=81.3W  PCAP→78W  power=76.9W
[PID] perf=27.357Hz  target=8.967Hz  err=-18.390Hz  corr=-381.03W  u_ff=81.3W  PCAP→78W  power=78.3W
[PID] perf=27.361Hz  target=8.967Hz  err=-18.394Hz  corr=-381.10W  u_ff=81.3W  PCAP→78W  power=78.8W
[PID] perf=27.354Hz  target=8.967Hz  err=-18.386Hz  corr=-380.97W  u_ff=81.3W  PCAP→78W  power=78.8W
[PID] perf=27.356Hz  target=8.967Hz  err=-18.389Hz  corr=-381.02W  u_ff=81.3W  PCAP→78W  power=78.0W
[PID] perf=27.365Hz  target=8.967Hz  err=-18.398Hz  corr=-381.18W  u_ff=81.3W  PCAP→78W  power=79.0W
[PID] perf=27.370Hz  target=8.967Hz  err=-18.403Hz  corr=-381.28W  u_ff=81.3W  PCAP→78W  power=78.0W
[PID] perf=26.777Hz  target=8.967Hz  err=-17.809Hz  corr=-370.27W  u_ff=81.3W  PCAP→78W  power=78.5W
[PID] perf=26.815Hz  target=8.967Hz  err=-17.848Hz  corr=-370.98W  u_ff=81.3W  PCAP→78W  power=76.8W
[PID] perf=26.802Hz  target=8.967Hz  err=-17.835Hz  corr=-370.74W  u_ff=81.3W  PCAP→78W  power=77.3W
[PID] perf=26.826Hz  target=8.967Hz  err=-17.858Hz  corr=-371.18W  u_ff=81.3W  PCAP→78W  power=79.1W
[PID] perf=26.831Hz  target=8.967Hz  err=-17.863Hz  corr=-371.27W  u_ff=81.3W  PCAP→78W  power=77.1W
[PID] perf=26.859Hz  target=8.967Hz  err=-17.892Hz  corr=-371.80W  u_ff=81.3W  PCAP→78W  power=78.8W
[PID] perf=26.837Hz  target=8.967Hz  err=-17.869Hz  corr=-371.38W  u_ff=81.3W  PCAP→78W  power=79.1W
[PID] perf=26.835Hz  target=8.967Hz  err=-17.867Hz  corr=-371.35W  u_ff=81.3W  PCAP→78W  power=77.8W
[PID] perf=26.856Hz  target=8.967Hz  err=-17.889Hz  corr=-371.74W  u_ff=81.3W  PCAP→78W  power=79.2W
[PID] perf=26.835Hz  target=8.967Hz  err=-17.868Hz  corr=-371.35W  u_ff=81.3W  PCAP→78W  power=78.8W
[PID] perf=26.813Hz  target=8.967Hz  err=-17.845Hz  corr=-370.94W  u_ff=81.3W  PCAP→78W  power=78.0W
[PID] perf=26.832Hz  target=8.967Hz  err=-17.865Hz  corr=-371.30W  u_ff=81.3W  PCAP→78W  power=77.2W
[PID] perf=26.823Hz  target=8.967Hz  err=-17.856Hz  corr=-371.13W  u_ff=81.3W  PCAP→78W  power=76.4W
[PID] perf=26.841Hz  target=8.967Hz  err=-17.874Hz  corr=-371.46W  u_ff=81.3W  PCAP→78W  power=79.0W
[PID] perf=26.787Hz  target=8.967Hz  err=-17.820Hz  corr=-370.46W  u_ff=81.3W  PCAP→78W  power=79.3W
[PID] perf=27.106Hz  target=8.967Hz  err=-18.139Hz  corr=-376.38W  u_ff=81.3W  PCAP→78W  power=77.9W
[PID] perf=27.292Hz  target=8.967Hz  err=-18.325Hz  corr=-379.83W  u_ff=81.3W  PCAP→78W  power=78.6W
[PID] perf=27.285Hz  target=8.967Hz  err=-18.318Hz  corr=-379.70W  u_ff=81.3W  PCAP→78W  power=79.1W
[PID] perf=27.296Hz  target=8.967Hz  err=-18.328Hz  corr=-379.90W  u_ff=81.3W  PCAP→78W  power=77.1W
[PID] perf=27.292Hz  target=8.967Hz  err=-18.324Hz  corr=-379.82W  u_ff=81.3W  PCAP→78W  power=79.3W
[PID] perf=27.301Hz  target=8.967Hz  err=-18.333Hz  corr=-379.99W  u_ff=81.3W  PCAP→78W  power=77.7W
[PID] perf=27.348Hz  target=8.967Hz  err=-18.381Hz  corr=-380.87W  u_ff=81.3W  PCAP→78W  power=77.6W
[PID] perf=27.351Hz  target=8.967Hz  err=-18.384Hz  corr=-380.92W  u_ff=81.3W  PCAP→78W  power=77.3W
[PID] perf=27.316Hz  target=8.967Hz  err=-18.348Hz  corr=-380.26W  u_ff=81.3W  PCAP→78W  power=76.7W
[PID] perf=27.341Hz  target=8.967Hz  err=-18.374Hz  corr=-380.74W  u_ff=81.3W  PCAP→78W  power=76.3W
[PID] perf=27.345Hz  target=8.967Hz  err=-18.378Hz  corr=-380.81W  u_ff=81.3W  PCAP→78W  power=78.1W
[PID] perf=27.364Hz  target=8.967Hz  err=-18.397Hz  corr=-381.16W  u_ff=81.3W  PCAP→78W  power=78.4W
[PID] perf=27.297Hz  target=8.967Hz  err=-18.330Hz  corr=-379.93W  u_ff=81.3W  PCAP→78W  power=78.3W
[PID] perf=27.303Hz  target=8.967Hz  err=-18.335Hz  corr=-380.03W  u_ff=81.3W  PCAP→78W  power=79.1W
[PID] perf=27.298Hz  target=8.967Hz  err=-18.331Hz  corr=-379.95W  u_ff=81.3W  PCAP→78W  power=77.7W
[PID] perf=27.294Hz  target=8.967Hz  err=-18.326Hz  corr=-379.85W  u_ff=81.3W  PCAP→78W  power=77.4W
[PID] perf=27.310Hz  target=8.967Hz  err=-18.342Hz  corr=-380.15W  u_ff=81.3W  PCAP→78W  power=78.6W
[PID] perf=27.281Hz  target=8.967Hz  err=-18.313Hz  corr=-379.62W  u_ff=81.3W  PCAP→78W  power=79.1W
[PID] perf=27.261Hz  target=8.967Hz  err=-18.293Hz  corr=-379.24W  u_ff=81.3W  PCAP→78W  power=79.1W
[PID] perf=27.274Hz  target=8.967Hz  err=-18.306Hz  corr=-379.48W  u_ff=81.3W  PCAP→78W  power=78.5W
[PID] perf=27.309Hz  target=8.967Hz  err=-18.341Hz  corr=-380.14W  u_ff=81.3W  PCAP→78W  power=77.7W
[PID] perf=27.300Hz  target=8.967Hz  err=-18.333Hz  corr=-379.98W  u_ff=81.3W  PCAP→78W  power=76.9W
[PID] perf=27.278Hz  target=8.967Hz  err=-18.310Hz  corr=-379.56W  u_ff=81.3W  PCAP→78W  power=80.2W
[PID] perf=27.278Hz  target=8.967Hz  err=-18.311Hz  corr=-379.57W  u_ff=81.3W  PCAP→78W  power=77.1W
[PID] perf=27.302Hz  target=8.967Hz  err=-18.335Hz  corr=-380.01W  u_ff=81.3W  PCAP→78W  power=77.5W
[PID] perf=27.329Hz  target=8.967Hz  err=-18.362Hz  corr=-380.51W  u_ff=81.3W  PCAP→78W  power=78.9W
[PID] perf=27.264Hz  target=8.967Hz  err=-18.296Hz  corr=-379.30W  u_ff=81.3W  PCAP→78W  power=78.1W
[PID] perf=27.260Hz  target=8.967Hz  err=-18.293Hz  corr=-379.23W  u_ff=81.3W  PCAP→78W  power=78.9W
[PID] perf=27.278Hz  target=8.967Hz  err=-18.311Hz  corr=-379.57W  u_ff=81.3W  PCAP→78W  power=78.8W
[PID] perf=27.276Hz  target=8.967Hz  err=-18.309Hz  corr=-379.54W  u_ff=81.3W  PCAP→78W  power=79.1W
[PID] perf=27.311Hz  target=8.967Hz  err=-18.344Hz  corr=-380.18W  u_ff=81.3W  PCAP→78W  power=78.8W
[PID] perf=27.346Hz  target=8.967Hz  err=-18.379Hz  corr=-380.83W  u_ff=81.3W  PCAP→78W  power=77.3W
[PID] perf=27.321Hz  target=8.967Hz  err=-18.353Hz  corr=-380.36W  u_ff=81.3W  PCAP→78W  power=76.0W
[PID] perf=27.314Hz  target=8.967Hz  err=-18.347Hz  corr=-380.24W  u_ff=81.3W  PCAP→78W  power=77.2W
[PID] perf=27.335Hz  target=8.967Hz  err=-18.367Hz  corr=-380.62W  u_ff=81.3W  PCAP→78W  power=79.0W
[PID] perf=27.326Hz  target=8.967Hz  err=-18.359Hz  corr=-380.46W  u_ff=81.3W  PCAP→78W  power=79.0W
[PID] perf=27.321Hz  target=8.967Hz  err=-18.354Hz  corr=-380.37W  u_ff=81.3W  PCAP→78W  power=78.7W
[PID] perf=27.345Hz  target=8.967Hz  err=-18.377Hz  corr=-380.80W  u_ff=81.3W  PCAP→78W  power=79.0W
[PID] perf=27.345Hz  target=8.967Hz  err=-18.378Hz  corr=-380.81W  u_ff=81.3W  PCAP→78W  power=79.2W
[PID] perf=27.330Hz  target=8.967Hz  err=-18.362Hz  corr=-380.53W  u_ff=81.3W  PCAP→78W  power=77.1W
[PID] perf=27.330Hz  target=8.967Hz  err=-18.363Hz  corr=-380.54W  u_ff=81.3W  PCAP→78W  power=77.2W
[PID] perf=27.306Hz  target=8.967Hz  err=-18.339Hz  corr=-380.09W  u_ff=81.3W  PCAP→78W  power=77.2W
[PID] perf=27.306Hz  target=8.967Hz  err=-18.338Hz  corr=-380.08W  u_ff=81.3W  PCAP→78W  power=78.2W
[PID] perf=27.308Hz  target=8.967Hz  err=-18.341Hz  corr=-380.12W  u_ff=81.3W  PCAP→78W  power=78.4W
[PID] perf=27.294Hz  target=8.967Hz  err=-18.327Hz  corr=-379.87W  u_ff=81.3W  PCAP→78W  power=79.3W
[PID] perf=27.343Hz  target=8.967Hz  err=-18.376Hz  corr=-380.78W  u_ff=81.3W  PCAP→78W  power=78.5W
[PID] perf=27.328Hz  target=8.967Hz  err=-18.361Hz  corr=-380.50W  u_ff=81.3W  PCAP→78W  power=78.6W
[PID] perf=27.293Hz  target=8.967Hz  err=-18.326Hz  corr=-379.84W  u_ff=81.3W  PCAP→78W  power=78.6W
[PID] perf=27.281Hz  target=8.967Hz  err=-18.313Hz  corr=-379.62W  u_ff=81.3W  PCAP→78W  power=79.2W
[PID] perf=27.323Hz  target=8.967Hz  err=-18.356Hz  corr=-380.40W  u_ff=81.3W  PCAP→78W  power=78.4W
[PID] perf=27.379Hz  target=8.967Hz  err=-18.412Hz  corr=-381.44W  u_ff=81.3W  PCAP→78W  power=78.2W
[PID] perf=27.375Hz  target=8.967Hz  err=-18.408Hz  corr=-381.36W  u_ff=81.3W  PCAP→78W  power=78.7W
[PID] perf=27.343Hz  target=8.967Hz  err=-18.376Hz  corr=-380.77W  u_ff=81.3W  PCAP→78W  power=77.8W
[PID] perf=27.303Hz  target=8.967Hz  err=-18.336Hz  corr=-380.04W  u_ff=81.3W  PCAP→78W  power=76.9W
[PID] perf=27.297Hz  target=8.967Hz  err=-18.329Hz  corr=-379.91W  u_ff=81.3W  PCAP→78W  power=76.2W
[PID] perf=27.331Hz  target=8.967Hz  err=-18.364Hz  corr=-380.56W  u_ff=81.3W  PCAP→78W  power=76.8W
[PID] perf=27.281Hz  target=8.967Hz  err=-18.314Hz  corr=-379.62W  u_ff=81.3W  PCAP→78W  power=77.0W
[PID] perf=27.309Hz  target=8.967Hz  err=-18.341Hz  corr=-380.13W  u_ff=81.3W  PCAP→78W  power=78.3W
[PID] perf=27.257Hz  target=8.967Hz  err=-18.290Hz  corr=-379.18W  u_ff=81.3W  PCAP→78W  power=78.7W
[PID] perf=27.296Hz  target=8.967Hz  err=-18.328Hz  corr=-379.89W  u_ff=81.3W  PCAP→78W  power=78.1W
[PID] perf=27.196Hz  target=8.967Hz  err=-18.229Hz  corr=-378.05W  u_ff=81.3W  PCAP→78W  power=77.0W
[PID] perf=27.204Hz  target=8.967Hz  err=-18.237Hz  corr=-378.19W  u_ff=81.3W  PCAP→78W  power=77.1W
[PID] perf=27.250Hz  target=8.967Hz  err=-18.283Hz  corr=-379.04W  u_ff=81.3W  PCAP→78W  power=77.7W
[PID] perf=27.208Hz  target=8.967Hz  err=-18.240Hz  corr=-378.26W  u_ff=81.3W  PCAP→78W  power=78.3W
[PID] perf=27.300Hz  target=8.967Hz  err=-18.333Hz  corr=-379.98W  u_ff=81.3W  PCAP→78W  power=78.3W
[PID] perf=27.275Hz  target=8.967Hz  err=-18.308Hz  corr=-379.52W  u_ff=81.3W  PCAP→78W  power=77.3W
[PID] perf=27.264Hz  target=8.967Hz  err=-18.297Hz  corr=-379.30W  u_ff=81.3W  PCAP→78W  power=76.9W
[PID] perf=27.271Hz  target=8.967Hz  err=-18.304Hz  corr=-379.44W  u_ff=81.3W  PCAP→78W  power=76.9W
[PID] perf=27.263Hz  target=8.967Hz  err=-18.295Hz  corr=-379.28W  u_ff=81.3W  PCAP→78W  power=77.4W
[PID] perf=27.325Hz  target=8.967Hz  err=-18.357Hz  corr=-380.43W  u_ff=81.3W  PCAP→78W  power=78.8W
[PID] perf=27.292Hz  target=8.967Hz  err=-18.325Hz  corr=-379.82W  u_ff=81.3W  PCAP→78W  power=79.5W
[PID] perf=27.302Hz  target=8.967Hz  err=-18.335Hz  corr=-380.01W  u_ff=81.3W  PCAP→78W  power=78.3W
[PID] perf=27.310Hz  target=8.967Hz  err=-18.343Hz  corr=-380.16W  u_ff=81.3W  PCAP→78W  power=78.8W
[PID] perf=27.299Hz  target=8.967Hz  err=-18.331Hz  corr=-379.95W  u_ff=81.3W  PCAP→78W  power=79.3W
[PID] perf=27.323Hz  target=8.967Hz  err=-18.356Hz  corr=-380.40W  u_ff=81.3W  PCAP→78W  power=77.0W
[PID] perf=27.332Hz  target=8.967Hz  err=-18.365Hz  corr=-380.57W  u_ff=81.3W  PCAP→78W  power=77.1W
[PID] perf=27.360Hz  target=8.967Hz  err=-18.393Hz  corr=-381.09W  u_ff=81.3W  PCAP→78W  power=77.3W
[PID] perf=27.375Hz  target=8.967Hz  err=-18.408Hz  corr=-381.37W  u_ff=81.3W  PCAP→78W  power=78.1W
[PID] perf=27.359Hz  target=8.967Hz  err=-18.392Hz  corr=-381.07W  u_ff=81.3W  PCAP→78W  power=79.0W
[PID] perf=27.351Hz  target=8.967Hz  err=-18.384Hz  corr=-380.92W  u_ff=81.3W  PCAP→78W  power=77.1W
[PID] perf=27.362Hz  target=8.967Hz  err=-18.395Hz  corr=-381.13W  u_ff=81.3W  PCAP→78W  power=78.3W
[PID] perf=27.320Hz  target=8.967Hz  err=-18.353Hz  corr=-380.35W  u_ff=81.3W  PCAP→78W  power=77.6W
[PID] perf=27.330Hz  target=8.967Hz  err=-18.363Hz  corr=-380.54W  u_ff=81.3W  PCAP→78W  power=78.4W
[PID] perf=27.355Hz  target=8.967Hz  err=-18.388Hz  corr=-380.99W  u_ff=81.3W  PCAP→78W  power=78.8W
[PID] perf=27.358Hz  target=8.967Hz  err=-18.390Hz  corr=-381.04W  u_ff=81.3W  PCAP→78W  power=79.3W
[PID] perf=27.370Hz  target=8.967Hz  err=-18.403Hz  corr=-381.27W  u_ff=81.3W  PCAP→78W  power=78.6W
[PID] perf=27.415Hz  target=8.967Hz  err=-18.448Hz  corr=-382.11W  u_ff=81.3W  PCAP→78W  power=77.7W
[PID] perf=27.354Hz  target=8.967Hz  err=-18.386Hz  corr=-380.97W  u_ff=81.3W  PCAP→78W  power=75.9W
[PID] perf=27.372Hz  target=8.967Hz  err=-18.405Hz  corr=-381.31W  u_ff=81.3W  PCAP→78W  power=76.4W
[PID] perf=27.352Hz  target=8.967Hz  err=-18.385Hz  corr=-380.94W  u_ff=81.3W  PCAP→78W  power=77.2W
[PID] perf=27.339Hz  target=8.967Hz  err=-18.372Hz  corr=-380.70W  u_ff=81.3W  PCAP→78W  power=75.9W
[PID] perf=27.328Hz  target=8.967Hz  err=-18.361Hz  corr=-380.49W  u_ff=81.3W  PCAP→78W  power=76.5W
[PID] perf=27.303Hz  target=8.967Hz  err=-18.336Hz  corr=-380.03W  u_ff=81.3W  PCAP→78W  power=77.3W
[PID] perf=27.322Hz  target=8.967Hz  err=-18.355Hz  corr=-380.39W  u_ff=81.3W  PCAP→78W  power=78.1W
[PID] perf=27.328Hz  target=8.967Hz  err=-18.360Hz  corr=-380.49W  u_ff=81.3W  PCAP→78W  power=78.5W
[PID] perf=27.389Hz  target=8.967Hz  err=-18.422Hz  corr=-381.63W  u_ff=81.3W  PCAP→78W  power=78.0W
[PID] perf=27.395Hz  target=8.967Hz  err=-18.428Hz  corr=-381.73W  u_ff=81.3W  PCAP→78W  power=76.4W
[PID] perf=27.395Hz  target=8.967Hz  err=-18.428Hz  corr=-381.74W  u_ff=81.3W  PCAP→78W  power=77.1W
[PID] perf=27.365Hz  target=8.967Hz  err=-18.398Hz  corr=-381.18W  u_ff=81.3W  PCAP→78W  power=78.3W
[PID] perf=27.343Hz  target=8.967Hz  err=-18.376Hz  corr=-380.78W  u_ff=81.3W  PCAP→78W  power=77.8W
[PID] perf=27.355Hz  target=8.967Hz  err=-18.388Hz  corr=-381.00W  u_ff=81.3W  PCAP→78W  power=79.0W
[PID] perf=27.334Hz  target=8.967Hz  err=-18.366Hz  corr=-380.60W  u_ff=81.3W  PCAP→78W  power=78.5W
[PID] perf=27.340Hz  target=8.967Hz  err=-18.372Hz  corr=-380.71W  u_ff=81.3W  PCAP→78W  power=79.4W
[PID] perf=27.329Hz  target=8.967Hz  err=-18.362Hz  corr=-380.51W  u_ff=81.3W  PCAP→78W  power=79.1W
[PID] perf=27.341Hz  target=8.967Hz  err=-18.374Hz  corr=-380.74W  u_ff=81.3W  PCAP→78W  power=78.3W
[PID] perf=26.859Hz  target=8.967Hz  err=-17.891Hz  corr=-371.79W  u_ff=81.3W  PCAP→78W  power=78.5W
[PID] perf=27.105Hz  target=8.967Hz  err=-18.137Hz  corr=-376.35W  u_ff=81.3W  PCAP→78W  power=77.4W
[PID] perf=27.075Hz  target=8.967Hz  err=-18.108Hz  corr=-375.80W  u_ff=81.3W  PCAP→78W  power=77.6W
[PID] perf=27.093Hz  target=8.967Hz  err=-18.125Hz  corr=-376.13W  u_ff=81.3W  PCAP→78W  power=76.5W
[PID] perf=27.097Hz  target=8.967Hz  err=-18.130Hz  corr=-376.22W  u_ff=81.3W  PCAP→78W  power=78.6W
[PID] perf=27.090Hz  target=8.967Hz  err=-18.123Hz  corr=-376.09W  u_ff=81.3W  PCAP→78W  power=77.9W
[PID] perf=27.079Hz  target=8.967Hz  err=-18.112Hz  corr=-375.87W  u_ff=81.3W  PCAP→78W  power=78.8W
[PID] perf=27.098Hz  target=8.967Hz  err=-18.130Hz  corr=-376.22W  u_ff=81.3W  PCAP→78W  power=77.1W
[PID] perf=27.100Hz  target=8.967Hz  err=-18.133Hz  corr=-376.27W  u_ff=81.3W  PCAP→78W  power=76.6W
[PID] perf=27.067Hz  target=8.967Hz  err=-18.100Hz  corr=-375.65W  u_ff=81.3W  PCAP→78W  power=77.1W
[PID] perf=27.066Hz  target=8.967Hz  err=-18.099Hz  corr=-375.63W  u_ff=81.3W  PCAP→78W  power=77.2W
[PID] perf=27.076Hz  target=8.967Hz  err=-18.109Hz  corr=-375.83W  u_ff=81.3W  PCAP→78W  power=77.9W
[PID] perf=27.056Hz  target=8.967Hz  err=-18.088Hz  corr=-375.44W  u_ff=81.3W  PCAP→78W  power=77.2W
[PID] perf=27.074Hz  target=8.967Hz  err=-18.107Hz  corr=-375.79W  u_ff=81.3W  PCAP→78W  power=77.4W
[PID] perf=27.103Hz  target=8.967Hz  err=-18.136Hz  corr=-376.32W  u_ff=81.3W  PCAP→78W  power=78.5W
[PID] perf=27.081Hz  target=8.967Hz  err=-18.114Hz  corr=-375.92W  u_ff=81.3W  PCAP→78W  power=79.3W
[PID] perf=27.077Hz  target=8.967Hz  err=-18.110Hz  corr=-375.84W  u_ff=81.3W  PCAP→78W  power=78.5W
[PID] perf=27.063Hz  target=8.967Hz  err=-18.096Hz  corr=-375.58W  u_ff=81.3W  PCAP→78W  power=79.3W
[PID] perf=27.056Hz  target=8.967Hz  err=-18.088Hz  corr=-375.44W  u_ff=81.3W  PCAP→78W  power=77.5W
[PID] perf=27.094Hz  target=8.967Hz  err=-18.126Hz  corr=-376.15W  u_ff=81.3W  PCAP→78W  power=76.9W
[PID] perf=27.087Hz  target=8.967Hz  err=-18.120Hz  corr=-376.02W  u_ff=81.3W  PCAP→78W  power=77.8W
[PID] perf=26.792Hz  target=8.967Hz  err=-17.825Hz  corr=-370.56W  u_ff=81.3W  PCAP→78W  power=77.5W
[PID] perf=27.014Hz  target=8.967Hz  err=-18.047Hz  corr=-374.67W  u_ff=81.3W  PCAP→78W  power=78.6W
[PID] perf=27.144Hz  target=8.967Hz  err=-18.177Hz  corr=-377.08W  u_ff=81.3W  PCAP→78W  power=77.7W
[PID] perf=27.115Hz  target=8.967Hz  err=-18.148Hz  corr=-376.55W  u_ff=81.3W  PCAP→78W  power=79.1W
[PID] perf=27.159Hz  target=8.967Hz  err=-18.191Hz  corr=-377.36W  u_ff=81.3W  PCAP→78W  power=78.8W
[PID] perf=27.184Hz  target=8.967Hz  err=-18.216Hz  corr=-377.82W  u_ff=81.3W  PCAP→78W  power=78.2W
[PID] perf=27.190Hz  target=8.967Hz  err=-18.223Hz  corr=-377.94W  u_ff=81.3W  PCAP→78W  power=77.2W
[PID] perf=27.179Hz  target=8.967Hz  err=-18.212Hz  corr=-377.73W  u_ff=81.3W  PCAP→78W  power=78.8W
[PID] perf=27.171Hz  target=8.967Hz  err=-18.204Hz  corr=-377.58W  u_ff=81.3W  PCAP→78W  power=78.5W
[PID] perf=27.169Hz  target=8.967Hz  err=-18.202Hz  corr=-377.54W  u_ff=81.3W  PCAP→78W  power=78.5W
[PID] perf=27.184Hz  target=8.967Hz  err=-18.217Hz  corr=-377.82W  u_ff=81.3W  PCAP→78W  power=78.4W
[PID] perf=27.153Hz  target=8.967Hz  err=-18.186Hz  corr=-377.25W  u_ff=81.3W  PCAP→78W  power=77.6W
[PID] perf=27.184Hz  target=8.967Hz  err=-18.217Hz  corr=-377.83W  u_ff=81.3W  PCAP→78W  power=78.8W
[PID] perf=27.166Hz  target=8.967Hz  err=-18.198Hz  corr=-377.48W  u_ff=81.3W  PCAP→78W  power=78.5W
[PID] perf=27.321Hz  target=8.967Hz  err=-18.354Hz  corr=-380.37W  u_ff=81.3W  PCAP→78W  power=77.3W
[PID] perf=26.993Hz  target=8.967Hz  err=-18.026Hz  corr=-374.29W  u_ff=81.3W  PCAP→78W  power=76.3W
[PID] perf=27.002Hz  target=8.967Hz  err=-18.035Hz  corr=-374.45W  u_ff=81.3W  PCAP→78W  power=76.9W
[PID] perf=27.036Hz  target=8.967Hz  err=-18.069Hz  corr=-375.08W  u_ff=81.3W  PCAP→78W  power=79.0W
[PID] perf=27.021Hz  target=8.967Hz  err=-18.054Hz  corr=-374.80W  u_ff=81.3W  PCAP→78W  power=79.0W
[PID] perf=27.025Hz  target=8.967Hz  err=-18.058Hz  corr=-374.88W  u_ff=81.3W  PCAP→78W  power=79.0W
[PID] perf=27.028Hz  target=8.967Hz  err=-18.061Hz  corr=-374.93W  u_ff=81.3W  PCAP→78W  power=78.9W
[PID] perf=27.049Hz  target=8.967Hz  err=-18.082Hz  corr=-375.32W  u_ff=81.3W  PCAP→78W  power=77.4W
[PID] perf=27.029Hz  target=8.967Hz  err=-18.062Hz  corr=-374.95W  u_ff=81.3W  PCAP→78W  power=76.7W
[PID] perf=27.039Hz  target=8.967Hz  err=-18.071Hz  corr=-375.13W  u_ff=81.3W  PCAP→78W  power=77.0W
[PID] perf=27.045Hz  target=8.967Hz  err=-18.078Hz  corr=-375.25W  u_ff=81.3W  PCAP→78W  power=78.7W
[PID] perf=27.043Hz  target=8.967Hz  err=-18.076Hz  corr=-375.21W  u_ff=81.3W  PCAP→78W  power=78.7W
[PID] perf=27.047Hz  target=8.967Hz  err=-18.079Hz  corr=-375.28W  u_ff=81.3W  PCAP→78W  power=78.5W
[PID] perf=27.040Hz  target=8.967Hz  err=-18.072Hz  corr=-375.15W  u_ff=81.3W  PCAP→78W  power=79.0W
[PID] perf=27.038Hz  target=8.967Hz  err=-18.071Hz  corr=-375.12W  u_ff=81.3W  PCAP→78W  power=78.8W
[PID] perf=27.037Hz  target=8.967Hz  err=-18.069Hz  corr=-375.09W  u_ff=81.3W  PCAP→78W  power=79.1W
[PID] perf=27.039Hz  target=8.967Hz  err=-18.071Hz  corr=-375.13W  u_ff=81.3W  PCAP→78W  power=77.1W
[PID] perf=27.019Hz  target=8.967Hz  err=-18.052Hz  corr=-374.77W  u_ff=81.3W  PCAP→78W  power=77.6W
[PID] perf=27.017Hz  target=8.967Hz  err=-18.049Hz  corr=-374.72W  u_ff=81.3W  PCAP→78W  power=77.3W
[PID] perf=27.044Hz  target=8.967Hz  err=-18.077Hz  corr=-375.22W  u_ff=81.3W  PCAP→78W  power=78.3W
[PID] perf=27.050Hz  target=8.967Hz  err=-18.083Hz  corr=-375.34W  u_ff=81.3W  PCAP→78W  power=79.0W
[PID] perf=27.051Hz  target=8.967Hz  err=-18.084Hz  corr=-375.36W  u_ff=81.3W  PCAP→78W  power=78.2W
[PID] perf=27.057Hz  target=8.967Hz  err=-18.089Hz  corr=-375.46W  u_ff=81.3W  PCAP→78W  power=76.9W
[PID] perf=27.053Hz  target=8.967Hz  err=-18.085Hz  corr=-375.39W  u_ff=81.3W  PCAP→78W  power=78.1W
[PID] perf=27.025Hz  target=8.967Hz  err=-18.058Hz  corr=-374.87W  u_ff=81.3W  PCAP→78W  power=77.5W
[PID] perf=27.027Hz  target=8.967Hz  err=-18.060Hz  corr=-374.91W  u_ff=81.3W  PCAP→78W  power=78.0W
[PID] perf=27.057Hz  target=8.967Hz  err=-18.090Hz  corr=-375.47W  u_ff=81.3W  PCAP→78W  power=78.6W
[PID] perf=27.008Hz  target=8.967Hz  err=-18.041Hz  corr=-374.56W  u_ff=81.3W  PCAP→78W  power=78.3W
[PID] perf=27.013Hz  target=8.967Hz  err=-18.046Hz  corr=-374.65W  u_ff=81.3W  PCAP→78W  power=78.7W
[PID] perf=26.952Hz  target=8.967Hz  err=-17.985Hz  corr=-373.52W  u_ff=81.3W  PCAP→78W  power=77.2W
[PID] perf=27.015Hz  target=8.967Hz  err=-18.048Hz  corr=-374.69W  u_ff=81.3W  PCAP→78W  power=76.4W
[PID] perf=26.965Hz  target=8.967Hz  err=-17.998Hz  corr=-373.76W  u_ff=81.3W  PCAP→78W  power=77.7W
[PID] perf=27.008Hz  target=8.967Hz  err=-18.040Hz  corr=-374.55W  u_ff=81.3W  PCAP→78W  power=77.8W
[PID] perf=26.972Hz  target=8.967Hz  err=-18.005Hz  corr=-373.90W  u_ff=81.3W  PCAP→78W  power=76.2W
[PID] perf=26.953Hz  target=8.967Hz  err=-17.986Hz  corr=-373.55W  u_ff=81.3W  PCAP→78W  power=78.8W
[PID] perf=27.004Hz  target=8.967Hz  err=-18.037Hz  corr=-374.49W  u_ff=81.3W  PCAP→78W  power=79.1W
[PID] perf=27.003Hz  target=8.967Hz  err=-18.036Hz  corr=-374.47W  u_ff=81.3W  PCAP→78W  power=78.9W
[PID] perf=26.963Hz  target=8.967Hz  err=-17.996Hz  corr=-373.73W  u_ff=81.3W  PCAP→78W  power=76.9W
[PID] perf=26.990Hz  target=8.967Hz  err=-18.023Hz  corr=-374.23W  u_ff=81.3W  PCAP→78W  power=78.0W
[PID] perf=27.011Hz  target=8.967Hz  err=-18.044Hz  corr=-374.62W  u_ff=81.3W  PCAP→78W  power=78.0W
[PID] perf=27.031Hz  target=8.967Hz  err=-18.064Hz  corr=-374.99W  u_ff=81.3W  PCAP→78W  power=78.9W
[PID] perf=26.943Hz  target=8.967Hz  err=-17.976Hz  corr=-373.35W  u_ff=81.3W  PCAP→78W  power=77.7W
[PID] perf=26.945Hz  target=8.967Hz  err=-17.978Hz  corr=-373.40W  u_ff=81.3W  PCAP→78W  power=79.1W
[PID] perf=26.990Hz  target=8.967Hz  err=-18.023Hz  corr=-374.23W  u_ff=81.3W  PCAP→78W  power=77.5W
[PID] perf=27.020Hz  target=8.967Hz  err=-18.053Hz  corr=-374.79W  u_ff=81.3W  PCAP→78W  power=76.8W
[PID] perf=27.020Hz  target=8.967Hz  err=-18.052Hz  corr=-374.77W  u_ff=81.3W  PCAP→78W  power=77.1W
[PID] perf=27.023Hz  target=8.967Hz  err=-18.056Hz  corr=-374.84W  u_ff=81.3W  PCAP→78W  power=77.4W
[PID] perf=27.031Hz  target=8.967Hz  err=-18.063Hz  corr=-374.98W  u_ff=81.3W  PCAP→78W  power=77.1W
[PID] perf=26.644Hz  target=8.967Hz  err=-17.676Hz  corr=-367.80W  u_ff=81.3W  PCAP→78W  power=77.1W
[PID] perf=26.707Hz  target=8.967Hz  err=-17.740Hz  corr=-368.99W  u_ff=81.3W  PCAP→78W  power=77.2W
[PID] perf=26.707Hz  target=8.967Hz  err=-17.740Hz  corr=-368.98W  u_ff=81.3W  PCAP→78W  power=77.0W
[PID] perf=26.729Hz  target=8.967Hz  err=-17.762Hz  corr=-369.39W  u_ff=81.3W  PCAP→78W  power=77.7W
[PID] perf=26.699Hz  target=8.967Hz  err=-17.732Hz  corr=-368.83W  u_ff=81.3W  PCAP→78W  power=78.8W
[PID] perf=26.698Hz  target=8.967Hz  err=-17.730Hz  corr=-368.80W  u_ff=81.3W  PCAP→78W  power=78.8W
[PID] perf=26.702Hz  target=8.967Hz  err=-17.734Hz  corr=-368.88W  u_ff=81.3W  PCAP→78W  power=77.5W
[PID] perf=26.649Hz  target=8.967Hz  err=-17.682Hz  corr=-367.90W  u_ff=81.3W  PCAP→78W  power=77.9W
[PID] perf=26.696Hz  target=8.967Hz  err=-17.728Hz  corr=-368.77W  u_ff=81.3W  PCAP→78W  power=77.8W
[PID] perf=26.716Hz  target=8.967Hz  err=-17.749Hz  corr=-369.15W  u_ff=81.3W  PCAP→78W  power=78.3W
[PID] perf=26.709Hz  target=8.967Hz  err=-17.742Hz  corr=-369.02W  u_ff=81.3W  PCAP→78W  power=77.8W
[PID] perf=26.696Hz  target=8.967Hz  err=-17.729Hz  corr=-368.78W  u_ff=81.3W  PCAP→78W  power=79.0W
[PID] perf=26.736Hz  target=8.967Hz  err=-17.769Hz  corr=-369.52W  u_ff=81.3W  PCAP→78W  power=77.6W
[PID] perf=26.675Hz  target=8.967Hz  err=-17.708Hz  corr=-368.39W  u_ff=81.3W  PCAP→78W  power=77.5W
[PID] perf=26.677Hz  target=8.967Hz  err=-17.710Hz  corr=-368.43W  u_ff=81.3W  PCAP→78W  power=78.9W
[PID] perf=27.249Hz  target=8.967Hz  err=-18.282Hz  corr=-379.03W  u_ff=81.3W  PCAP→78W  power=77.5W
[PID] perf=27.300Hz  target=8.967Hz  err=-18.333Hz  corr=-379.98W  u_ff=81.3W  PCAP→78W  power=76.9W
[PID] perf=27.343Hz  target=8.967Hz  err=-18.375Hz  corr=-380.76W  u_ff=81.3W  PCAP→78W  power=79.0W
[PID] perf=27.288Hz  target=8.967Hz  err=-18.321Hz  corr=-379.75W  u_ff=81.3W  PCAP→78W  power=78.6W
[PID] perf=27.281Hz  target=8.967Hz  err=-18.313Hz  corr=-379.62W  u_ff=81.3W  PCAP→78W  power=78.4W
[PID] perf=27.277Hz  target=8.967Hz  err=-18.310Hz  corr=-379.55W  u_ff=81.3W  PCAP→78W  power=79.0W
[PID] perf=27.279Hz  target=8.967Hz  err=-18.312Hz  corr=-379.59W  u_ff=81.3W  PCAP→78W  power=77.7W
[PID] perf=27.296Hz  target=8.967Hz  err=-18.329Hz  corr=-379.90W  u_ff=81.3W  PCAP→78W  power=78.7W
[PID] perf=27.308Hz  target=8.967Hz  err=-18.341Hz  corr=-380.13W  u_ff=81.3W  PCAP→78W  power=77.2W
[PID] perf=27.337Hz  target=8.967Hz  err=-18.370Hz  corr=-380.67W  u_ff=81.3W  PCAP→78W  power=76.6W
[PID] perf=27.301Hz  target=8.967Hz  err=-18.334Hz  corr=-379.99W  u_ff=81.3W  PCAP→78W  power=78.4W
[PID] perf=27.322Hz  target=8.967Hz  err=-18.355Hz  corr=-380.39W  u_ff=81.3W  PCAP→78W  power=78.3W
[PID] perf=27.340Hz  target=8.967Hz  err=-18.373Hz  corr=-380.72W  u_ff=81.3W  PCAP→78W  power=78.1W
[PID] perf=27.334Hz  target=8.967Hz  err=-18.367Hz  corr=-380.60W  u_ff=81.3W  PCAP→78W  power=78.4W
[PID] perf=27.250Hz  target=8.967Hz  err=-18.283Hz  corr=-379.05W  u_ff=81.3W  PCAP→78W  power=78.0W
[PID] perf=27.300Hz  target=8.967Hz  err=-18.332Hz  corr=-379.97W  u_ff=81.3W  PCAP→78W  power=77.2W
[PID] perf=27.301Hz  target=8.967Hz  err=-18.334Hz  corr=-379.99W  u_ff=81.3W  PCAP→78W  power=76.6W
[PID] perf=27.323Hz  target=8.967Hz  err=-18.356Hz  corr=-380.40W  u_ff=81.3W  PCAP→78W  power=78.6W
[PID] perf=27.302Hz  target=8.967Hz  err=-18.335Hz  corr=-380.01W  u_ff=81.3W  PCAP→78W  power=78.2W
[PID] perf=27.309Hz  target=8.967Hz  err=-18.342Hz  corr=-380.14W  u_ff=81.3W  PCAP→78W  power=78.9W
[PID] perf=27.309Hz  target=8.967Hz  err=-18.342Hz  corr=-380.14W  u_ff=81.3W  PCAP→78W  power=78.9W
[PID] perf=27.286Hz  target=8.967Hz  err=-18.319Hz  corr=-379.71W  u_ff=81.3W  PCAP→78W  power=77.6W
[PID] perf=27.299Hz  target=8.967Hz  err=-18.332Hz  corr=-379.96W  u_ff=81.3W  PCAP→78W  power=77.7W
[PID] perf=26.883Hz  target=8.967Hz  err=-17.916Hz  corr=-372.25W  u_ff=81.3W  PCAP→78W  power=76.8W
[PID] perf=27.004Hz  target=8.967Hz  err=-18.037Hz  corr=-374.48W  u_ff=81.3W  PCAP→78W  power=77.1W
[PID] perf=26.972Hz  target=8.967Hz  err=-18.004Hz  corr=-373.89W  u_ff=81.3W  PCAP→78W  power=78.0W
[PID] perf=26.965Hz  target=8.967Hz  err=-17.998Hz  corr=-373.77W  u_ff=81.3W  PCAP→78W  power=76.6W
[PID] perf=27.015Hz  target=8.967Hz  err=-18.048Hz  corr=-374.69W  u_ff=81.3W  PCAP→78W  power=78.1W
[PID] perf=27.016Hz  target=8.967Hz  err=-18.049Hz  corr=-374.71W  u_ff=81.3W  PCAP→78W  power=78.3W
[PID] perf=27.014Hz  target=8.967Hz  err=-18.047Hz  corr=-374.67W  u_ff=81.3W  PCAP→78W  power=78.5W
[PID] perf=27.032Hz  target=8.967Hz  err=-18.065Hz  corr=-375.00W  u_ff=81.3W  PCAP→78W  power=79.1W
[PID] perf=27.001Hz  target=8.967Hz  err=-18.033Hz  corr=-374.42W  u_ff=81.3W  PCAP→78W  power=77.4W
[PID] perf=27.005Hz  target=8.967Hz  err=-18.038Hz  corr=-374.51W  u_ff=81.3W  PCAP→78W  power=76.5W
[PID] perf=26.981Hz  target=8.967Hz  err=-18.014Hz  corr=-374.06W  u_ff=81.3W  PCAP→78W  power=77.1W
[PID] perf=27.012Hz  target=8.967Hz  err=-18.045Hz  corr=-374.63W  u_ff=81.3W  PCAP→78W  power=76.7W
[PID] perf=26.993Hz  target=8.967Hz  err=-18.026Hz  corr=-374.28W  u_ff=81.3W  PCAP→78W  power=77.4W
[PID] perf=26.597Hz  target=8.967Hz  err=-17.630Hz  corr=-366.94W  u_ff=81.3W  PCAP→78W  power=76.8W
[PID] perf=26.764Hz  target=8.967Hz  err=-17.797Hz  corr=-370.04W  u_ff=81.3W  PCAP→78W  power=78.3W
[PID] perf=26.775Hz  target=8.967Hz  err=-17.807Hz  corr=-370.23W  u_ff=81.3W  PCAP→78W  power=79.0W
[PID] perf=26.799Hz  target=8.967Hz  err=-17.832Hz  corr=-370.69W  u_ff=81.3W  PCAP→78W  power=77.5W
[PID] perf=26.769Hz  target=8.967Hz  err=-17.802Hz  corr=-370.14W  u_ff=81.3W  PCAP→78W  power=77.3W
[PID] perf=26.830Hz  target=8.967Hz  err=-17.863Hz  corr=-371.26W  u_ff=81.3W  PCAP→78W  power=78.2W
[PID] perf=26.814Hz  target=8.967Hz  err=-17.846Hz  corr=-370.95W  u_ff=81.3W  PCAP→78W  power=77.9W
[PID] perf=26.846Hz  target=8.967Hz  err=-17.879Hz  corr=-371.56W  u_ff=81.3W  PCAP→78W  power=77.8W
[PID] perf=26.816Hz  target=8.967Hz  err=-17.848Hz  corr=-370.99W  u_ff=81.3W  PCAP→78W  power=78.7W
[PID] perf=26.828Hz  target=8.967Hz  err=-17.861Hz  corr=-371.22W  u_ff=81.3W  PCAP→78W  power=79.2W
[PID] perf=26.893Hz  target=8.967Hz  err=-17.925Hz  corr=-372.42W  u_ff=81.3W  PCAP→78W  power=79.6W
[PID] perf=26.830Hz  target=8.967Hz  err=-17.863Hz  corr=-371.26W  u_ff=81.3W  PCAP→78W  power=77.9W
[PID] perf=26.826Hz  target=8.967Hz  err=-17.859Hz  corr=-371.19W  u_ff=81.3W  PCAP→78W  power=79.3W
[PID] perf=26.870Hz  target=8.967Hz  err=-17.902Hz  corr=-372.00W  u_ff=81.3W  PCAP→78W  power=78.5W
[PID] perf=26.860Hz  target=8.967Hz  err=-17.893Hz  corr=-371.81W  u_ff=81.3W  PCAP→78W  power=79.0W
[PID] perf=26.858Hz  target=8.967Hz  err=-17.890Hz  corr=-371.77W  u_ff=81.3W  PCAP→78W  power=79.2W
[PID] perf=26.792Hz  target=8.967Hz  err=-17.825Hz  corr=-370.55W  u_ff=81.3W  PCAP→78W  power=79.4W
[PID] perf=26.849Hz  target=8.967Hz  err=-17.882Hz  corr=-371.62W  u_ff=81.3W  PCAP→78W  power=78.4W
[PID] perf=26.815Hz  target=8.967Hz  err=-17.848Hz  corr=-370.98W  u_ff=81.3W  PCAP→78W  power=78.5W
[PID] perf=26.814Hz  target=8.967Hz  err=-17.847Hz  corr=-370.96W  u_ff=81.3W  PCAP→78W  power=79.3W
[PID] perf=26.822Hz  target=8.967Hz  err=-17.855Hz  corr=-371.11W  u_ff=81.3W  PCAP→78W  power=77.9W
[PID] perf=26.808Hz  target=8.967Hz  err=-17.841Hz  corr=-370.86W  u_ff=81.3W  PCAP→78W  power=79.5W
[PID] perf=26.807Hz  target=8.967Hz  err=-17.840Hz  corr=-370.84W  u_ff=81.3W  PCAP→78W  power=78.5W
[PID] perf=26.804Hz  target=8.967Hz  err=-17.837Hz  corr=-370.78W  u_ff=81.3W  PCAP→78W  power=77.4W
[PID] perf=26.622Hz  target=8.967Hz  err=-17.655Hz  corr=-367.40W  u_ff=81.3W  PCAP→78W  power=77.7W
[PID] perf=27.062Hz  target=8.967Hz  err=-18.094Hz  corr=-375.55W  u_ff=81.3W  PCAP→78W  power=77.3W
[PID] perf=27.158Hz  target=8.967Hz  err=-18.191Hz  corr=-377.35W  u_ff=81.3W  PCAP→78W  power=76.5W
[PID] perf=27.188Hz  target=8.967Hz  err=-18.221Hz  corr=-377.90W  u_ff=81.3W  PCAP→78W  power=76.9W
[PID] perf=27.162Hz  target=8.967Hz  err=-18.195Hz  corr=-377.41W  u_ff=81.3W  PCAP→78W  power=77.9W
[PID] perf=27.131Hz  target=8.967Hz  err=-18.164Hz  corr=-376.85W  u_ff=81.3W  PCAP→78W  power=77.7W
[PID] perf=27.136Hz  target=8.967Hz  err=-18.168Hz  corr=-376.92W  u_ff=81.3W  PCAP→78W  power=77.4W
[PID] perf=27.173Hz  target=8.967Hz  err=-18.206Hz  corr=-377.62W  u_ff=81.3W  PCAP→78W  power=78.4W
[PID] perf=27.126Hz  target=8.967Hz  err=-18.159Hz  corr=-376.75W  u_ff=81.3W  PCAP→78W  power=78.1W
[PID] perf=27.054Hz  target=8.967Hz  err=-18.086Hz  corr=-375.41W  u_ff=81.3W  PCAP→78W  power=78.8W
[PID] perf=27.144Hz  target=8.967Hz  err=-18.177Hz  corr=-377.08W  u_ff=81.3W  PCAP→78W  power=78.8W
[PID] perf=27.164Hz  target=8.967Hz  err=-18.197Hz  corr=-377.45W  u_ff=81.3W  PCAP→78W  power=77.7W
[PID] perf=27.112Hz  target=8.967Hz  err=-18.144Hz  corr=-376.48W  u_ff=81.3W  PCAP→78W  power=78.6W
[PID] perf=27.145Hz  target=8.967Hz  err=-18.178Hz  corr=-377.11W  u_ff=81.3W  PCAP→78W  power=77.0W
[PID] perf=27.550Hz  target=8.967Hz  err=-18.583Hz  corr=-384.61W  u_ff=81.3W  PCAP→78W  power=78.2W
[PID] perf=28.125Hz  target=8.967Hz  err=-19.158Hz  corr=-395.28W  u_ff=81.3W  PCAP→78W  power=77.7W
[PID] perf=28.139Hz  target=8.967Hz  err=-19.172Hz  corr=-395.54W  u_ff=81.3W  PCAP→78W  power=77.7W
[PID] perf=28.086Hz  target=8.967Hz  err=-19.119Hz  corr=-394.56W  u_ff=81.3W  PCAP→78W  power=78.3W
[PID] perf=28.097Hz  target=8.967Hz  err=-19.130Hz  corr=-394.76W  u_ff=81.3W  PCAP→78W  power=78.7W
[PID] perf=28.093Hz  target=8.967Hz  err=-19.126Hz  corr=-394.68W  u_ff=81.3W  PCAP→78W  power=77.7W
[PID] perf=28.110Hz  target=8.967Hz  err=-19.143Hz  corr=-395.00W  u_ff=81.3W  PCAP→78W  power=78.6W
[PID] perf=28.116Hz  target=8.967Hz  err=-19.149Hz  corr=-395.11W  u_ff=81.3W  PCAP→78W  power=78.9W
[PID] perf=28.057Hz  target=8.967Hz  err=-19.090Hz  corr=-394.01W  u_ff=81.3W  PCAP→78W  power=78.9W
[PID] perf=28.068Hz  target=8.967Hz  err=-19.101Hz  corr=-394.22W  u_ff=81.3W  PCAP→78W  power=78.6W
[PID] perf=28.163Hz  target=8.967Hz  err=-19.196Hz  corr=-395.99W  u_ff=81.3W  PCAP→78W  power=76.6W
[PID] perf=28.126Hz  target=8.967Hz  err=-19.159Hz  corr=-395.29W  u_ff=81.3W  PCAP→78W  power=76.4W
[PID] perf=28.159Hz  target=8.967Hz  err=-19.192Hz  corr=-395.90W  u_ff=81.3W  PCAP→78W  power=77.1W
Process completed.
Compressed into /home/cc/summer2024/main_codes/pid_controller/../experiment_data/PID_Control_sweep/ones-npb-cg/compressed_iteration_20260513_000427.tar
----------------------------------

>>> Step 2/3

[ones-npb-cg]
  target perf      : 8.9673 Hz
  coefficients_perf: [-0.0006547837485238978, 0.18607436314256556, -1.8317688501798497]
  feedforward PCAP : 81.29 W  →  83 W (snapped)
  Perf(u_ff) check : 8.9673 Hz  (should ≈ target)
  PID gains        : Kp=18.5447 W/Hz  Ki=1.85447 W/(Hz·s)  Kd=0.0000
[PID] Awaiting data — feedforward PCAP=83W
[PID] Awaiting data — feedforward PCAP=83W
[PID] Awaiting data — feedforward PCAP=83W
[PID] Awaiting data — feedforward PCAP=83W
[PID] Awaiting data — feedforward PCAP=83W
[PID] Awaiting data — feedforward PCAP=83W
[PID] perf=18.661Hz  target=8.967Hz  err=-9.694Hz  corr=-215.72W  u_ff=81.3W  PCAP→78W  power=nanW
[PID] perf=18.113Hz  target=8.967Hz  err=-9.146Hz  corr=-209.61W  u_ff=81.3W  PCAP→78W  power=78.3W
[PID] perf=18.114Hz  target=8.967Hz  err=-9.147Hz  corr=-209.63W  u_ff=81.3W  PCAP→78W  power=77.8W
[PID] perf=18.180Hz  target=8.967Hz  err=-9.212Hz  corr=-210.84W  u_ff=81.3W  PCAP→78W  power=77.4W
[PID] perf=18.081Hz  target=8.967Hz  err=-9.113Hz  corr=-209.00W  u_ff=81.3W  PCAP→78W  power=79.3W
[PID] perf=18.040Hz  target=8.967Hz  err=-9.072Hz  corr=-208.25W  u_ff=81.3W  PCAP→78W  power=77.1W
[PID] perf=18.103Hz  target=8.967Hz  err=-9.136Hz  corr=-209.42W  u_ff=81.3W  PCAP→78W  power=78.4W
[PID] perf=29.344Hz  target=8.967Hz  err=-20.377Hz  corr=-417.88W  u_ff=81.3W  PCAP→78W  power=79.2W
[PID] perf=29.365Hz  target=8.967Hz  err=-20.398Hz  corr=-418.27W  u_ff=81.3W  PCAP→78W  power=78.9W
[PID] perf=29.327Hz  target=8.967Hz  err=-20.360Hz  corr=-417.57W  u_ff=81.3W  PCAP→78W  power=77.1W
[PID] perf=29.360Hz  target=8.967Hz  err=-20.393Hz  corr=-418.18W  u_ff=81.3W  PCAP→78W  power=76.3W
[PID] perf=28.934Hz  target=8.967Hz  err=-19.966Hz  corr=-410.27W  u_ff=81.3W  PCAP→78W  power=77.9W
[PID] perf=29.161Hz  target=8.967Hz  err=-20.194Hz  corr=-414.49W  u_ff=81.3W  PCAP→78W  power=79.1W
[PID] perf=29.205Hz  target=8.967Hz  err=-20.237Hz  corr=-415.29W  u_ff=81.3W  PCAP→78W  power=76.6W
[PID] perf=29.322Hz  target=8.967Hz  err=-20.354Hz  corr=-417.46W  u_ff=81.3W  PCAP→78W  power=78.3W
[PID] perf=29.202Hz  target=8.967Hz  err=-20.235Hz  corr=-415.25W  u_ff=81.3W  PCAP→78W  power=79.2W
[PID] perf=29.286Hz  target=8.967Hz  err=-20.319Hz  corr=-416.81W  u_ff=81.3W  PCAP→78W  power=77.7W
[PID] perf=29.326Hz  target=8.967Hz  err=-20.359Hz  corr=-417.55W  u_ff=81.3W  PCAP→78W  power=77.0W
[PID] perf=29.324Hz  target=8.967Hz  err=-20.357Hz  corr=-417.51W  u_ff=81.3W  PCAP→78W  power=77.3W
[PID] perf=29.320Hz  target=8.967Hz  err=-20.353Hz  corr=-417.44W  u_ff=81.3W  PCAP→78W  power=78.6W
[PID] perf=28.953Hz  target=8.967Hz  err=-19.986Hz  corr=-410.63W  u_ff=81.3W  PCAP→78W  power=79.4W
[PID] perf=29.149Hz  target=8.967Hz  err=-20.181Hz  corr=-414.26W  u_ff=81.3W  PCAP→78W  power=77.7W
[PID] perf=29.157Hz  target=8.967Hz  err=-20.189Hz  corr=-414.41W  u_ff=81.3W  PCAP→78W  power=77.7W
[PID] perf=29.122Hz  target=8.967Hz  err=-20.154Hz  corr=-413.75W  u_ff=81.3W  PCAP→78W  power=77.4W
[PID] perf=29.142Hz  target=8.967Hz  err=-20.175Hz  corr=-414.14W  u_ff=81.3W  PCAP→78W  power=78.0W
[PID] perf=29.325Hz  target=8.967Hz  err=-20.358Hz  corr=-417.53W  u_ff=81.3W  PCAP→78W  power=78.6W
[PID] perf=29.338Hz  target=8.967Hz  err=-20.371Hz  corr=-417.77W  u_ff=81.3W  PCAP→78W  power=77.1W
[PID] perf=29.341Hz  target=8.967Hz  err=-20.374Hz  corr=-417.83W  u_ff=81.3W  PCAP→78W  power=79.0W
[PID] perf=29.367Hz  target=8.967Hz  err=-20.400Hz  corr=-418.30W  u_ff=81.3W  PCAP→78W  power=78.3W
[PID] perf=29.348Hz  target=8.967Hz  err=-20.381Hz  corr=-417.96W  u_ff=81.3W  PCAP→78W  power=77.9W
[PID] perf=29.406Hz  target=8.967Hz  err=-20.439Hz  corr=-419.03W  u_ff=81.3W  PCAP→78W  power=77.5W
[PID] perf=29.360Hz  target=8.967Hz  err=-20.392Hz  corr=-418.17W  u_ff=81.3W  PCAP→78W  power=77.7W
[PID] perf=29.403Hz  target=8.967Hz  err=-20.436Hz  corr=-418.98W  u_ff=81.3W  PCAP→78W  power=78.4W
[PID] perf=29.466Hz  target=8.967Hz  err=-20.499Hz  corr=-420.14W  u_ff=81.3W  PCAP→78W  power=79.1W
[PID] perf=29.506Hz  target=8.967Hz  err=-20.539Hz  corr=-420.88W  u_ff=81.3W  PCAP→78W  power=77.3W
[PID] perf=29.496Hz  target=8.967Hz  err=-20.529Hz  corr=-420.70W  u_ff=81.3W  PCAP→78W  power=77.7W
[PID] perf=29.498Hz  target=8.967Hz  err=-20.531Hz  corr=-420.73W  u_ff=81.3W  PCAP→78W  power=78.9W
[PID] perf=29.509Hz  target=8.967Hz  err=-20.541Hz  corr=-420.93W  u_ff=81.3W  PCAP→78W  power=77.9W
[PID] perf=29.507Hz  target=8.967Hz  err=-20.540Hz  corr=-420.90W  u_ff=81.3W  PCAP→78W  power=77.9W
[PID] perf=29.497Hz  target=8.967Hz  err=-20.530Hz  corr=-420.72W  u_ff=81.3W  PCAP→78W  power=76.8W
[PID] perf=29.542Hz  target=8.967Hz  err=-20.575Hz  corr=-421.55W  u_ff=81.3W  PCAP→78W  power=76.4W
[PID] perf=29.481Hz  target=8.967Hz  err=-20.514Hz  corr=-420.43W  u_ff=81.3W  PCAP→78W  power=79.1W
[PID] perf=29.503Hz  target=8.967Hz  err=-20.535Hz  corr=-420.82W  u_ff=81.3W  PCAP→78W  power=78.8W
[PID] perf=29.538Hz  target=8.967Hz  err=-20.571Hz  corr=-421.48W  u_ff=81.3W  PCAP→78W  power=78.6W
[PID] perf=29.515Hz  target=8.967Hz  err=-20.548Hz  corr=-421.06W  u_ff=81.3W  PCAP→78W  power=78.7W
[PID] perf=29.533Hz  target=8.967Hz  err=-20.565Hz  corr=-421.38W  u_ff=81.3W  PCAP→78W  power=78.1W
[PID] perf=29.507Hz  target=8.967Hz  err=-20.540Hz  corr=-420.90W  u_ff=81.3W  PCAP→78W  power=78.1W
[PID] perf=29.502Hz  target=8.967Hz  err=-20.535Hz  corr=-420.81W  u_ff=81.3W  PCAP→78W  power=77.5W
[PID] perf=29.487Hz  target=8.967Hz  err=-20.520Hz  corr=-420.54W  u_ff=81.3W  PCAP→78W  power=78.9W
[PID] perf=29.536Hz  target=8.967Hz  err=-20.568Hz  corr=-421.43W  u_ff=81.3W  PCAP→78W  power=77.5W
[PID] perf=29.502Hz  target=8.967Hz  err=-20.535Hz  corr=-420.82W  u_ff=81.3W  PCAP→78W  power=77.8W
[PID] perf=29.487Hz  target=8.967Hz  err=-20.520Hz  corr=-420.53W  u_ff=81.3W  PCAP→78W  power=78.7W
[PID] perf=29.495Hz  target=8.967Hz  err=-20.528Hz  corr=-420.69W  u_ff=81.3W  PCAP→78W  power=78.7W
[PID] perf=29.517Hz  target=8.967Hz  err=-20.550Hz  corr=-421.09W  u_ff=81.3W  PCAP→78W  power=77.7W
[PID] perf=29.556Hz  target=8.967Hz  err=-20.589Hz  corr=-421.81W  u_ff=81.3W  PCAP→78W  power=77.2W
[PID] perf=29.540Hz  target=8.967Hz  err=-20.573Hz  corr=-421.52W  u_ff=81.3W  PCAP→78W  power=78.3W
[PID] perf=29.574Hz  target=8.967Hz  err=-20.606Hz  corr=-422.14W  u_ff=81.3W  PCAP→78W  power=79.5W
[PID] perf=29.522Hz  target=8.967Hz  err=-20.555Hz  corr=-421.19W  u_ff=81.3W  PCAP→78W  power=79.2W
[PID] perf=29.467Hz  target=8.967Hz  err=-20.500Hz  corr=-420.16W  u_ff=81.3W  PCAP→78W  power=78.7W
[PID] perf=29.477Hz  target=8.967Hz  err=-20.510Hz  corr=-420.35W  u_ff=81.3W  PCAP→78W  power=77.3W
[PID] perf=29.477Hz  target=8.967Hz  err=-20.510Hz  corr=-420.35W  u_ff=81.3W  PCAP→78W  power=78.6W
[PID] perf=29.499Hz  target=8.967Hz  err=-20.532Hz  corr=-420.75W  u_ff=81.3W  PCAP→78W  power=76.4W
[PID] perf=29.493Hz  target=8.967Hz  err=-20.526Hz  corr=-420.64W  u_ff=81.3W  PCAP→78W  power=78.7W
[PID] perf=29.492Hz  target=8.967Hz  err=-20.525Hz  corr=-420.63W  u_ff=81.3W  PCAP→78W  power=77.1W
[PID] perf=29.518Hz  target=8.967Hz  err=-20.550Hz  corr=-421.10W  u_ff=81.3W  PCAP→78W  power=77.3W
[PID] perf=29.489Hz  target=8.967Hz  err=-20.522Hz  corr=-420.57W  u_ff=81.3W  PCAP→78W  power=76.3W
[PID] perf=29.519Hz  target=8.967Hz  err=-20.552Hz  corr=-421.13W  u_ff=81.3W  PCAP→78W  power=78.6W
[PID] perf=29.519Hz  target=8.967Hz  err=-20.552Hz  corr=-421.13W  u_ff=81.3W  PCAP→78W  power=78.7W
[PID] perf=29.496Hz  target=8.967Hz  err=-20.528Hz  corr=-420.69W  u_ff=81.3W  PCAP→78W  power=78.8W
[PID] perf=29.492Hz  target=8.967Hz  err=-20.525Hz  corr=-420.62W  u_ff=81.3W  PCAP→78W  power=78.4W
[PID] perf=29.501Hz  target=8.967Hz  err=-20.534Hz  corr=-420.79W  u_ff=81.3W  PCAP→78W  power=77.4W
[PID] perf=29.514Hz  target=8.967Hz  err=-20.547Hz  corr=-421.04W  u_ff=81.3W  PCAP→78W  power=76.9W
[PID] perf=29.435Hz  target=8.967Hz  err=-20.468Hz  corr=-419.57W  u_ff=81.3W  PCAP→78W  power=78.1W
[PID] perf=29.528Hz  target=8.967Hz  err=-20.561Hz  corr=-421.29W  u_ff=81.3W  PCAP→78W  power=79.3W
[PID] perf=29.526Hz  target=8.967Hz  err=-20.559Hz  corr=-421.26W  u_ff=81.3W  PCAP→78W  power=77.3W
[PID] perf=29.596Hz  target=8.967Hz  err=-20.629Hz  corr=-422.56W  u_ff=81.3W  PCAP→78W  power=78.4W
[PID] perf=29.521Hz  target=8.967Hz  err=-20.554Hz  corr=-421.16W  u_ff=81.3W  PCAP→78W  power=78.3W
[PID] perf=29.484Hz  target=8.967Hz  err=-20.516Hz  corr=-420.47W  u_ff=81.3W  PCAP→78W  power=77.2W
[PID] perf=29.477Hz  target=8.967Hz  err=-20.509Hz  corr=-420.34W  u_ff=81.3W  PCAP→78W  power=79.1W
[PID] perf=29.493Hz  target=8.967Hz  err=-20.526Hz  corr=-420.65W  u_ff=81.3W  PCAP→78W  power=78.9W
[PID] perf=29.497Hz  target=8.967Hz  err=-20.530Hz  corr=-420.73W  u_ff=81.3W  PCAP→78W  power=79.0W
[PID] perf=29.492Hz  target=8.967Hz  err=-20.525Hz  corr=-420.63W  u_ff=81.3W  PCAP→78W  power=78.9W
[PID] perf=29.512Hz  target=8.967Hz  err=-20.544Hz  corr=-420.99W  u_ff=81.3W  PCAP→78W  power=77.4W
[PID] perf=29.484Hz  target=8.967Hz  err=-20.516Hz  corr=-420.47W  u_ff=81.3W  PCAP→78W  power=77.8W
[PID] perf=29.491Hz  target=8.967Hz  err=-20.524Hz  corr=-420.61W  u_ff=81.3W  PCAP→78W  power=76.3W
[PID] perf=29.498Hz  target=8.967Hz  err=-20.531Hz  corr=-420.74W  u_ff=81.3W  PCAP→78W  power=76.4W
[PID] perf=29.499Hz  target=8.967Hz  err=-20.532Hz  corr=-420.76W  u_ff=81.3W  PCAP→78W  power=78.9W
[PID] perf=29.496Hz  target=8.967Hz  err=-20.529Hz  corr=-420.70W  u_ff=81.3W  PCAP→78W  power=79.2W
[PID] perf=29.475Hz  target=8.967Hz  err=-20.508Hz  corr=-420.32W  u_ff=81.3W  PCAP→78W  power=78.6W
[PID] perf=29.496Hz  target=8.967Hz  err=-20.529Hz  corr=-420.71W  u_ff=81.3W  PCAP→78W  power=76.0W
[PID] perf=29.495Hz  target=8.967Hz  err=-20.528Hz  corr=-420.68W  u_ff=81.3W  PCAP→78W  power=77.3W
[PID] perf=29.500Hz  target=8.967Hz  err=-20.533Hz  corr=-420.78W  u_ff=81.3W  PCAP→78W  power=77.1W
[PID] perf=29.491Hz  target=8.967Hz  err=-20.524Hz  corr=-420.61W  u_ff=81.3W  PCAP→78W  power=78.6W
[PID] perf=29.495Hz  target=8.967Hz  err=-20.528Hz  corr=-420.68W  u_ff=81.3W  PCAP→78W  power=79.4W
[PID] perf=29.497Hz  target=8.967Hz  err=-20.529Hz  corr=-420.71W  u_ff=81.3W  PCAP→78W  power=78.1W
[PID] perf=29.442Hz  target=8.967Hz  err=-20.474Hz  corr=-419.69W  u_ff=81.3W  PCAP→78W  power=77.9W
[PID] perf=29.554Hz  target=8.967Hz  err=-20.586Hz  corr=-421.77W  u_ff=81.3W  PCAP→78W  power=77.6W
[PID] perf=29.540Hz  target=8.967Hz  err=-20.572Hz  corr=-421.51W  u_ff=81.3W  PCAP→78W  power=79.1W
[PID] perf=29.505Hz  target=8.967Hz  err=-20.538Hz  corr=-420.86W  u_ff=81.3W  PCAP→78W  power=78.5W
[PID] perf=29.494Hz  target=8.967Hz  err=-20.526Hz  corr=-420.66W  u_ff=81.3W  PCAP→78W  power=79.1W
[PID] perf=29.492Hz  target=8.967Hz  err=-20.525Hz  corr=-420.62W  u_ff=81.3W  PCAP→78W  power=76.7W
[PID] perf=29.490Hz  target=8.967Hz  err=-20.523Hz  corr=-420.59W  u_ff=81.3W  PCAP→78W  power=76.7W
[PID] perf=29.513Hz  target=8.967Hz  err=-20.546Hz  corr=-421.02W  u_ff=81.3W  PCAP→78W  power=78.9W
[PID] perf=29.496Hz  target=8.967Hz  err=-20.529Hz  corr=-420.70W  u_ff=81.3W  PCAP→78W  power=79.2W
[PID] perf=29.494Hz  target=8.967Hz  err=-20.526Hz  corr=-420.66W  u_ff=81.3W  PCAP→78W  power=79.2W
[PID] perf=29.490Hz  target=8.967Hz  err=-20.523Hz  corr=-420.60W  u_ff=81.3W  PCAP→78W  power=78.2W
[PID] perf=29.518Hz  target=8.967Hz  err=-20.551Hz  corr=-421.11W  u_ff=81.3W  PCAP→78W  power=76.7W
[PID] perf=29.483Hz  target=8.967Hz  err=-20.516Hz  corr=-420.45W  u_ff=81.3W  PCAP→78W  power=77.0W
[PID] perf=29.490Hz  target=8.967Hz  err=-20.523Hz  corr=-420.59W  u_ff=81.3W  PCAP→78W  power=76.1W
[PID] perf=29.502Hz  target=8.967Hz  err=-20.534Hz  corr=-420.80W  u_ff=81.3W  PCAP→78W  power=77.1W
[PID] perf=29.494Hz  target=8.967Hz  err=-20.527Hz  corr=-420.66W  u_ff=81.3W  PCAP→78W  power=79.0W
[PID] perf=29.490Hz  target=8.967Hz  err=-20.523Hz  corr=-420.59W  u_ff=81.3W  PCAP→78W  power=76.6W
[PID] perf=29.494Hz  target=8.967Hz  err=-20.527Hz  corr=-420.66W  u_ff=81.3W  PCAP→78W  power=78.8W
[PID] perf=29.497Hz  target=8.967Hz  err=-20.529Hz  corr=-420.71W  u_ff=81.3W  PCAP→78W  power=77.7W
[PID] perf=29.512Hz  target=8.967Hz  err=-20.544Hz  corr=-420.99W  u_ff=81.3W  PCAP→78W  power=78.8W
[PID] perf=29.473Hz  target=8.967Hz  err=-20.506Hz  corr=-420.28W  u_ff=81.3W  PCAP→78W  power=77.5W
[PID] perf=29.495Hz  target=8.967Hz  err=-20.528Hz  corr=-420.68W  u_ff=81.3W  PCAP→78W  power=76.2W
[PID] perf=29.518Hz  target=8.967Hz  err=-20.551Hz  corr=-421.11W  u_ff=81.3W  PCAP→78W  power=77.5W
[PID] perf=29.556Hz  target=8.967Hz  err=-20.588Hz  corr=-421.80W  u_ff=81.3W  PCAP→78W  power=79.3W
[PID] perf=29.530Hz  target=8.967Hz  err=-20.563Hz  corr=-421.33W  u_ff=81.3W  PCAP→78W  power=78.2W
[PID] perf=29.545Hz  target=8.967Hz  err=-20.578Hz  corr=-421.61W  u_ff=81.3W  PCAP→78W  power=79.4W
[PID] perf=29.494Hz  target=8.967Hz  err=-20.526Hz  corr=-420.66W  u_ff=81.3W  PCAP→78W  power=77.7W
[PID] perf=29.501Hz  target=8.967Hz  err=-20.534Hz  corr=-420.79W  u_ff=81.3W  PCAP→78W  power=78.3W
[PID] perf=29.517Hz  target=8.967Hz  err=-20.550Hz  corr=-421.10W  u_ff=81.3W  PCAP→78W  power=78.0W
[PID] perf=29.481Hz  target=8.967Hz  err=-20.513Hz  corr=-420.41W  u_ff=81.3W  PCAP→78W  power=78.0W
[PID] perf=29.490Hz  target=8.967Hz  err=-20.523Hz  corr=-420.58W  u_ff=81.3W  PCAP→78W  power=79.1W
[PID] perf=29.507Hz  target=8.967Hz  err=-20.539Hz  corr=-420.90W  u_ff=81.3W  PCAP→78W  power=78.9W
[PID] perf=29.522Hz  target=8.967Hz  err=-20.554Hz  corr=-421.17W  u_ff=81.3W  PCAP→78W  power=77.7W
[PID] perf=29.508Hz  target=8.967Hz  err=-20.541Hz  corr=-420.92W  u_ff=81.3W  PCAP→78W  power=77.9W
[PID] perf=29.510Hz  target=8.967Hz  err=-20.543Hz  corr=-420.95W  u_ff=81.3W  PCAP→78W  power=76.4W
[PID] perf=29.443Hz  target=8.967Hz  err=-20.475Hz  corr=-419.71W  u_ff=81.3W  PCAP→78W  power=77.1W
[PID] perf=29.514Hz  target=8.967Hz  err=-20.546Hz  corr=-421.03W  u_ff=81.3W  PCAP→78W  power=76.2W
[PID] perf=29.491Hz  target=8.967Hz  err=-20.524Hz  corr=-420.61W  u_ff=81.3W  PCAP→78W  power=79.2W
[PID] perf=29.561Hz  target=8.967Hz  err=-20.594Hz  corr=-421.91W  u_ff=81.3W  PCAP→78W  power=77.6W
[PID] perf=29.534Hz  target=8.967Hz  err=-20.567Hz  corr=-421.41W  u_ff=81.3W  PCAP→78W  power=78.9W
[PID] perf=29.546Hz  target=8.967Hz  err=-20.579Hz  corr=-421.63W  u_ff=81.3W  PCAP→78W  power=78.1W
[PID] perf=29.529Hz  target=8.967Hz  err=-20.561Hz  corr=-421.30W  u_ff=81.3W  PCAP→78W  power=76.3W
[PID] perf=29.562Hz  target=8.967Hz  err=-20.594Hz  corr=-421.91W  u_ff=81.3W  PCAP→78W  power=78.9W
[PID] perf=29.538Hz  target=8.967Hz  err=-20.571Hz  corr=-421.48W  u_ff=81.3W  PCAP→78W  power=78.5W
[PID] perf=29.529Hz  target=8.967Hz  err=-20.562Hz  corr=-421.31W  u_ff=81.3W  PCAP→78W  power=77.3W
[PID] perf=29.491Hz  target=8.967Hz  err=-20.524Hz  corr=-420.61W  u_ff=81.3W  PCAP→78W  power=78.1W
[PID] perf=29.501Hz  target=8.967Hz  err=-20.534Hz  corr=-420.80W  u_ff=81.3W  PCAP→78W  power=78.2W
[PID] perf=29.522Hz  target=8.967Hz  err=-20.555Hz  corr=-421.18W  u_ff=81.3W  PCAP→78W  power=78.9W
[PID] perf=29.485Hz  target=8.967Hz  err=-20.518Hz  corr=-420.50W  u_ff=81.3W  PCAP→78W  power=79.3W
[PID] perf=29.514Hz  target=8.967Hz  err=-20.547Hz  corr=-421.03W  u_ff=81.3W  PCAP→78W  power=77.0W
[PID] perf=29.496Hz  target=8.967Hz  err=-20.529Hz  corr=-420.70W  u_ff=81.3W  PCAP→78W  power=77.7W
[PID] perf=29.495Hz  target=8.967Hz  err=-20.528Hz  corr=-420.69W  u_ff=81.3W  PCAP→78W  power=77.0W
[PID] perf=29.495Hz  target=8.967Hz  err=-20.528Hz  corr=-420.68W  u_ff=81.3W  PCAP→78W  power=77.2W
[PID] perf=29.497Hz  target=8.967Hz  err=-20.529Hz  corr=-420.71W  u_ff=81.3W  PCAP→78W  power=79.2W
[PID] perf=29.495Hz  target=8.967Hz  err=-20.528Hz  corr=-420.69W  u_ff=81.3W  PCAP→78W  power=79.0W
[PID] perf=29.442Hz  target=8.967Hz  err=-20.475Hz  corr=-419.70W  u_ff=81.3W  PCAP→78W  power=78.8W
[PID] perf=29.523Hz  target=8.967Hz  err=-20.556Hz  corr=-421.20W  u_ff=81.3W  PCAP→78W  power=79.3W
[PID] perf=29.515Hz  target=8.967Hz  err=-20.548Hz  corr=-421.05W  u_ff=81.3W  PCAP→78W  power=76.9W
[PID] perf=29.521Hz  target=8.967Hz  err=-20.553Hz  corr=-421.15W  u_ff=81.3W  PCAP→78W  power=77.4W
[PID] perf=29.487Hz  target=8.967Hz  err=-20.520Hz  corr=-420.54W  u_ff=81.3W  PCAP→78W  power=78.9W
[PID] perf=29.457Hz  target=8.967Hz  err=-20.490Hz  corr=-419.98W  u_ff=81.3W  PCAP→78W  power=79.0W
[PID] perf=29.507Hz  target=8.967Hz  err=-20.540Hz  corr=-420.90W  u_ff=81.3W  PCAP→78W  power=78.0W
[PID] perf=29.497Hz  target=8.967Hz  err=-20.529Hz  corr=-420.71W  u_ff=81.3W  PCAP→78W  power=76.3W
[PID] perf=29.504Hz  target=8.967Hz  err=-20.537Hz  corr=-420.85W  u_ff=81.3W  PCAP→78W  power=77.7W
[PID] perf=29.511Hz  target=8.967Hz  err=-20.543Hz  corr=-420.97W  u_ff=81.3W  PCAP→78W  power=78.6W
[PID] perf=29.514Hz  target=8.967Hz  err=-20.547Hz  corr=-421.03W  u_ff=81.3W  PCAP→78W  power=76.6W
[PID] perf=29.503Hz  target=8.967Hz  err=-20.536Hz  corr=-420.82W  u_ff=81.3W  PCAP→78W  power=77.1W
[PID] perf=29.530Hz  target=8.967Hz  err=-20.563Hz  corr=-421.34W  u_ff=81.3W  PCAP→78W  power=78.7W
[PID] perf=29.496Hz  target=8.967Hz  err=-20.529Hz  corr=-420.70W  u_ff=81.3W  PCAP→78W  power=79.3W
[PID] perf=29.503Hz  target=8.967Hz  err=-20.535Hz  corr=-420.82W  u_ff=81.3W  PCAP→78W  power=79.4W
[PID] perf=29.523Hz  target=8.967Hz  err=-20.556Hz  corr=-421.21W  u_ff=81.3W  PCAP→78W  power=78.1W
[PID] perf=29.548Hz  target=8.967Hz  err=-20.580Hz  corr=-421.66W  u_ff=81.3W  PCAP→78W  power=77.4W
[PID] perf=29.534Hz  target=8.967Hz  err=-20.567Hz  corr=-421.41W  u_ff=81.3W  PCAP→78W  power=78.3W
[PID] perf=29.513Hz  target=8.967Hz  err=-20.546Hz  corr=-421.02W  u_ff=81.3W  PCAP→78W  power=78.8W
[PID] perf=29.561Hz  target=8.967Hz  err=-20.594Hz  corr=-421.91W  u_ff=81.3W  PCAP→78W  power=77.8W
[PID] perf=29.540Hz  target=8.967Hz  err=-20.573Hz  corr=-421.51W  u_ff=81.3W  PCAP→78W  power=78.3W
[PID] perf=29.550Hz  target=8.967Hz  err=-20.583Hz  corr=-421.70W  u_ff=81.3W  PCAP→78W  power=78.8W
[PID] perf=29.537Hz  target=8.967Hz  err=-20.570Hz  corr=-421.47W  u_ff=81.3W  PCAP→78W  power=77.8W
[PID] perf=29.486Hz  target=8.967Hz  err=-20.519Hz  corr=-420.52W  u_ff=81.3W  PCAP→78W  power=78.1W
[PID] perf=29.504Hz  target=8.967Hz  err=-20.537Hz  corr=-420.85W  u_ff=81.3W  PCAP→78W  power=79.2W
[PID] perf=29.516Hz  target=8.967Hz  err=-20.549Hz  corr=-421.07W  u_ff=81.3W  PCAP→78W  power=77.9W
[PID] perf=29.490Hz  target=8.967Hz  err=-20.522Hz  corr=-420.58W  u_ff=81.3W  PCAP→78W  power=77.5W
[PID] perf=29.485Hz  target=8.967Hz  err=-20.517Hz  corr=-420.49W  u_ff=81.3W  PCAP→78W  power=79.1W
[PID] perf=29.478Hz  target=8.967Hz  err=-20.511Hz  corr=-420.37W  u_ff=81.3W  PCAP→78W  power=79.3W
[PID] perf=29.477Hz  target=8.967Hz  err=-20.510Hz  corr=-420.35W  u_ff=81.3W  PCAP→78W  power=77.1W
[PID] perf=29.497Hz  target=8.967Hz  err=-20.530Hz  corr=-420.72W  u_ff=81.3W  PCAP→78W  power=78.1W
[PID] perf=29.505Hz  target=8.967Hz  err=-20.538Hz  corr=-420.87W  u_ff=81.3W  PCAP→78W  power=77.0W
[PID] perf=29.502Hz  target=8.967Hz  err=-20.535Hz  corr=-420.81W  u_ff=81.3W  PCAP→78W  power=79.2W
[PID] perf=29.507Hz  target=8.967Hz  err=-20.540Hz  corr=-420.91W  u_ff=81.3W  PCAP→78W  power=78.5W
[PID] perf=29.483Hz  target=8.967Hz  err=-20.516Hz  corr=-420.45W  u_ff=81.3W  PCAP→78W  power=77.2W
[PID] perf=29.517Hz  target=8.967Hz  err=-20.550Hz  corr=-421.10W  u_ff=81.3W  PCAP→78W  power=77.5W
[PID] perf=29.567Hz  target=8.967Hz  err=-20.600Hz  corr=-422.02W  u_ff=81.3W  PCAP→78W  power=78.8W
[PID] perf=29.528Hz  target=8.967Hz  err=-20.561Hz  corr=-421.30W  u_ff=81.3W  PCAP→78W  power=77.1W
[PID] perf=29.552Hz  target=8.967Hz  err=-20.584Hz  corr=-421.73W  u_ff=81.3W  PCAP→78W  power=77.3W
[PID] perf=29.539Hz  target=8.967Hz  err=-20.572Hz  corr=-421.49W  u_ff=81.3W  PCAP→78W  power=77.2W
[PID] perf=29.562Hz  target=8.967Hz  err=-20.595Hz  corr=-421.93W  u_ff=81.3W  PCAP→78W  power=79.0W
[PID] perf=29.543Hz  target=8.967Hz  err=-20.576Hz  corr=-421.57W  u_ff=81.3W  PCAP→78W  power=77.8W
[PID] perf=29.536Hz  target=8.967Hz  err=-20.568Hz  corr=-421.43W  u_ff=81.3W  PCAP→78W  power=77.3W
[PID] perf=29.522Hz  target=8.967Hz  err=-20.555Hz  corr=-421.19W  u_ff=81.3W  PCAP→78W  power=79.4W
[PID] perf=29.563Hz  target=8.967Hz  err=-20.595Hz  corr=-421.94W  u_ff=81.3W  PCAP→78W  power=78.6W
[PID] perf=27.477Hz  target=8.967Hz  err=-18.510Hz  corr=-383.26W  u_ff=81.3W  PCAP→78W  power=76.3W
[PID] perf=27.501Hz  target=8.967Hz  err=-18.534Hz  corr=-383.70W  u_ff=81.3W  PCAP→78W  power=79.0W
[PID] perf=27.505Hz  target=8.967Hz  err=-18.538Hz  corr=-383.78W  u_ff=81.3W  PCAP→78W  power=78.2W
[PID] perf=27.533Hz  target=8.967Hz  err=-18.566Hz  corr=-384.30W  u_ff=81.3W  PCAP→78W  power=77.6W
[PID] perf=27.482Hz  target=8.967Hz  err=-18.515Hz  corr=-383.36W  u_ff=81.3W  PCAP→78W  power=77.9W
[PID] perf=27.488Hz  target=8.967Hz  err=-18.521Hz  corr=-383.46W  u_ff=81.3W  PCAP→78W  power=78.3W
[PID] perf=27.553Hz  target=8.967Hz  err=-18.586Hz  corr=-384.67W  u_ff=81.3W  PCAP→78W  power=78.7W
[PID] perf=27.570Hz  target=8.967Hz  err=-18.602Hz  corr=-384.97W  u_ff=81.3W  PCAP→78W  power=78.5W
[PID] perf=27.536Hz  target=8.967Hz  err=-18.569Hz  corr=-384.35W  u_ff=81.3W  PCAP→78W  power=77.8W
[PID] perf=27.653Hz  target=8.967Hz  err=-18.686Hz  corr=-386.52W  u_ff=81.3W  PCAP→78W  power=77.3W
[PID] perf=27.664Hz  target=8.967Hz  err=-18.697Hz  corr=-386.73W  u_ff=81.3W  PCAP→78W  power=77.1W
[PID] perf=27.605Hz  target=8.967Hz  err=-18.638Hz  corr=-385.64W  u_ff=81.3W  PCAP→78W  power=76.9W
[PID] perf=27.645Hz  target=8.967Hz  err=-18.677Hz  corr=-386.37W  u_ff=81.3W  PCAP→78W  power=77.6W
[PID] perf=27.642Hz  target=8.967Hz  err=-18.674Hz  corr=-386.31W  u_ff=81.3W  PCAP→78W  power=77.3W
[PID] perf=27.621Hz  target=8.967Hz  err=-18.653Hz  corr=-385.92W  u_ff=81.3W  PCAP→78W  power=77.4W
[PID] perf=27.664Hz  target=8.967Hz  err=-18.696Hz  corr=-386.72W  u_ff=81.3W  PCAP→78W  power=78.7W
[PID] perf=27.299Hz  target=8.967Hz  err=-18.332Hz  corr=-379.96W  u_ff=81.3W  PCAP→78W  power=78.3W
[PID] perf=27.353Hz  target=8.967Hz  err=-18.386Hz  corr=-380.96W  u_ff=81.3W  PCAP→78W  power=76.8W
[PID] perf=27.380Hz  target=8.967Hz  err=-18.413Hz  corr=-381.46W  u_ff=81.3W  PCAP→78W  power=78.6W
[PID] perf=27.387Hz  target=8.967Hz  err=-18.420Hz  corr=-381.59W  u_ff=81.3W  PCAP→78W  power=78.0W
[PID] perf=27.381Hz  target=8.967Hz  err=-18.414Hz  corr=-381.48W  u_ff=81.3W  PCAP→78W  power=78.6W
[PID] perf=27.352Hz  target=8.967Hz  err=-18.385Hz  corr=-380.95W  u_ff=81.3W  PCAP→78W  power=77.4W
[PID] perf=27.371Hz  target=8.967Hz  err=-18.404Hz  corr=-381.30W  u_ff=81.3W  PCAP→78W  power=79.2W
[PID] perf=27.367Hz  target=8.967Hz  err=-18.400Hz  corr=-381.22W  u_ff=81.3W  PCAP→78W  power=76.4W
[PID] perf=27.373Hz  target=8.967Hz  err=-18.406Hz  corr=-381.32W  u_ff=81.3W  PCAP→78W  power=77.2W
[PID] perf=27.379Hz  target=8.967Hz  err=-18.412Hz  corr=-381.45W  u_ff=81.3W  PCAP→78W  power=77.9W
[PID] perf=27.354Hz  target=8.967Hz  err=-18.387Hz  corr=-380.98W  u_ff=81.3W  PCAP→78W  power=77.5W
[PID] perf=27.324Hz  target=8.967Hz  err=-18.357Hz  corr=-380.42W  u_ff=81.3W  PCAP→78W  power=78.7W
[PID] perf=27.362Hz  target=8.967Hz  err=-18.395Hz  corr=-381.13W  u_ff=81.3W  PCAP→78W  power=78.9W
[PID] perf=27.331Hz  target=8.967Hz  err=-18.363Hz  corr=-380.54W  u_ff=81.3W  PCAP→78W  power=78.7W
[PID] perf=27.360Hz  target=8.967Hz  err=-18.393Hz  corr=-381.10W  u_ff=81.3W  PCAP→78W  power=78.9W
[PID] perf=27.349Hz  target=8.967Hz  err=-18.381Hz  corr=-380.88W  u_ff=81.3W  PCAP→78W  power=78.2W
[PID] perf=27.350Hz  target=8.967Hz  err=-18.382Hz  corr=-380.90W  u_ff=81.3W  PCAP→78W  power=77.7W
[PID] perf=27.324Hz  target=8.967Hz  err=-18.357Hz  corr=-380.42W  u_ff=81.3W  PCAP→78W  power=76.5W
[PID] perf=27.340Hz  target=8.967Hz  err=-18.373Hz  corr=-380.72W  u_ff=81.3W  PCAP→78W  power=77.1W
[PID] perf=27.363Hz  target=8.967Hz  err=-18.395Hz  corr=-381.13W  u_ff=81.3W  PCAP→78W  power=78.3W
[PID] perf=27.338Hz  target=8.967Hz  err=-18.371Hz  corr=-380.68W  u_ff=81.3W  PCAP→78W  power=77.0W
[PID] perf=27.340Hz  target=8.967Hz  err=-18.373Hz  corr=-380.71W  u_ff=81.3W  PCAP→78W  power=77.1W
[PID] perf=27.362Hz  target=8.967Hz  err=-18.395Hz  corr=-381.12W  u_ff=81.3W  PCAP→78W  power=77.4W
[PID] perf=27.369Hz  target=8.967Hz  err=-18.402Hz  corr=-381.26W  u_ff=81.3W  PCAP→78W  power=77.5W
[PID] perf=27.357Hz  target=8.967Hz  err=-18.390Hz  corr=-381.03W  u_ff=81.3W  PCAP→78W  power=76.7W
[PID] perf=27.385Hz  target=8.967Hz  err=-18.418Hz  corr=-381.55W  u_ff=81.3W  PCAP→78W  power=77.8W
[PID] perf=27.370Hz  target=8.967Hz  err=-18.402Hz  corr=-381.27W  u_ff=81.3W  PCAP→78W  power=76.6W
[PID] perf=27.339Hz  target=8.967Hz  err=-18.372Hz  corr=-380.71W  u_ff=81.3W  PCAP→78W  power=77.8W
[PID] perf=27.319Hz  target=8.967Hz  err=-18.351Hz  corr=-380.32W  u_ff=81.3W  PCAP→78W  power=77.7W
[PID] perf=27.322Hz  target=8.967Hz  err=-18.355Hz  corr=-380.39W  u_ff=81.3W  PCAP→78W  power=77.6W
[PID] perf=27.338Hz  target=8.967Hz  err=-18.370Hz  corr=-380.67W  u_ff=81.3W  PCAP→78W  power=78.2W
[PID] perf=27.296Hz  target=8.967Hz  err=-18.328Hz  corr=-379.89W  u_ff=81.3W  PCAP→78W  power=78.4W
[PID] perf=27.305Hz  target=8.967Hz  err=-18.338Hz  corr=-380.07W  u_ff=81.3W  PCAP→78W  power=78.4W
[PID] perf=27.381Hz  target=8.967Hz  err=-18.414Hz  corr=-381.48W  u_ff=81.3W  PCAP→78W  power=78.4W
[PID] perf=27.376Hz  target=8.967Hz  err=-18.409Hz  corr=-381.39W  u_ff=81.3W  PCAP→78W  power=78.5W
[PID] perf=27.385Hz  target=8.967Hz  err=-18.418Hz  corr=-381.55W  u_ff=81.3W  PCAP→78W  power=77.6W
[PID] perf=27.376Hz  target=8.967Hz  err=-18.409Hz  corr=-381.38W  u_ff=81.3W  PCAP→78W  power=76.2W
[PID] perf=27.359Hz  target=8.967Hz  err=-18.392Hz  corr=-381.07W  u_ff=81.3W  PCAP→78W  power=76.4W
[PID] perf=27.349Hz  target=8.967Hz  err=-18.381Hz  corr=-380.88W  u_ff=81.3W  PCAP→78W  power=76.2W
[PID] perf=27.401Hz  target=8.967Hz  err=-18.434Hz  corr=-381.85W  u_ff=81.3W  PCAP→78W  power=77.0W
[PID] perf=27.398Hz  target=8.967Hz  err=-18.430Hz  corr=-381.79W  u_ff=81.3W  PCAP→78W  power=76.9W
[PID] perf=27.383Hz  target=8.967Hz  err=-18.416Hz  corr=-381.52W  u_ff=81.3W  PCAP→78W  power=78.4W
[PID] perf=27.397Hz  target=8.967Hz  err=-18.430Hz  corr=-381.78W  u_ff=81.3W  PCAP→78W  power=78.4W
[PID] perf=27.384Hz  target=8.967Hz  err=-18.417Hz  corr=-381.53W  u_ff=81.3W  PCAP→78W  power=77.4W
[PID] perf=27.404Hz  target=8.967Hz  err=-18.436Hz  corr=-381.90W  u_ff=81.3W  PCAP→78W  power=79.1W
[PID] perf=27.360Hz  target=8.967Hz  err=-18.393Hz  corr=-381.10W  u_ff=81.3W  PCAP→78W  power=76.1W
[PID] perf=27.360Hz  target=8.967Hz  err=-18.393Hz  corr=-381.09W  u_ff=81.3W  PCAP→78W  power=78.4W
[PID] perf=27.278Hz  target=8.967Hz  err=-18.311Hz  corr=-379.57W  u_ff=81.3W  PCAP→78W  power=77.5W
[PID] perf=27.258Hz  target=8.967Hz  err=-18.291Hz  corr=-379.19W  u_ff=81.3W  PCAP→78W  power=78.9W
[PID] perf=27.217Hz  target=8.967Hz  err=-18.250Hz  corr=-378.43W  u_ff=81.3W  PCAP→78W  power=76.0W
[PID] perf=27.236Hz  target=8.967Hz  err=-18.269Hz  corr=-378.79W  u_ff=81.3W  PCAP→78W  power=78.8W
[PID] perf=27.246Hz  target=8.967Hz  err=-18.279Hz  corr=-378.98W  u_ff=81.3W  PCAP→78W  power=78.4W
[PID] perf=27.243Hz  target=8.967Hz  err=-18.275Hz  corr=-378.91W  u_ff=81.3W  PCAP→78W  power=79.4W
[PID] perf=27.245Hz  target=8.967Hz  err=-18.278Hz  corr=-378.96W  u_ff=81.3W  PCAP→78W  power=78.4W
[PID] perf=27.244Hz  target=8.967Hz  err=-18.277Hz  corr=-378.93W  u_ff=81.3W  PCAP→78W  power=77.6W
[PID] perf=27.242Hz  target=8.967Hz  err=-18.275Hz  corr=-378.90W  u_ff=81.3W  PCAP→78W  power=76.5W
[PID] perf=27.219Hz  target=8.967Hz  err=-18.252Hz  corr=-378.47W  u_ff=81.3W  PCAP→78W  power=76.5W
[PID] perf=27.219Hz  target=8.967Hz  err=-18.251Hz  corr=-378.46W  u_ff=81.3W  PCAP→78W  power=77.3W
[PID] perf=27.232Hz  target=8.967Hz  err=-18.265Hz  corr=-378.72W  u_ff=81.3W  PCAP→78W  power=76.9W
[PID] perf=27.252Hz  target=8.967Hz  err=-18.285Hz  corr=-379.08W  u_ff=81.3W  PCAP→78W  power=77.8W
[PID] perf=27.288Hz  target=8.967Hz  err=-18.320Hz  corr=-379.74W  u_ff=81.3W  PCAP→78W  power=77.2W
[PID] perf=27.277Hz  target=8.967Hz  err=-18.309Hz  corr=-379.54W  u_ff=81.3W  PCAP→78W  power=77.5W
[PID] perf=27.295Hz  target=8.967Hz  err=-18.327Hz  corr=-379.87W  u_ff=81.3W  PCAP→78W  power=77.6W
[PID] perf=27.061Hz  target=8.967Hz  err=-18.094Hz  corr=-375.54W  u_ff=81.3W  PCAP→78W  power=76.9W
[PID] perf=27.145Hz  target=8.967Hz  err=-18.177Hz  corr=-377.09W  u_ff=81.3W  PCAP→78W  power=78.2W
[PID] perf=27.097Hz  target=8.967Hz  err=-18.130Hz  corr=-376.22W  u_ff=81.3W  PCAP→78W  power=77.5W
[PID] perf=27.156Hz  target=8.967Hz  err=-18.189Hz  corr=-377.30W  u_ff=81.3W  PCAP→78W  power=79.1W
[PID] perf=27.116Hz  target=8.967Hz  err=-18.149Hz  corr=-376.57W  u_ff=81.3W  PCAP→78W  power=78.7W
[PID] perf=27.138Hz  target=8.967Hz  err=-18.171Hz  corr=-376.98W  u_ff=81.3W  PCAP→78W  power=77.2W
[PID] perf=27.116Hz  target=8.967Hz  err=-18.149Hz  corr=-376.56W  u_ff=81.3W  PCAP→78W  power=77.4W
[PID] perf=27.125Hz  target=8.967Hz  err=-18.157Hz  corr=-376.72W  u_ff=81.3W  PCAP→78W  power=78.9W
[PID] perf=27.108Hz  target=8.967Hz  err=-18.141Hz  corr=-376.42W  u_ff=81.3W  PCAP→78W  power=77.4W
[PID] perf=27.099Hz  target=8.967Hz  err=-18.132Hz  corr=-376.25W  u_ff=81.3W  PCAP→78W  power=78.9W
[PID] perf=27.093Hz  target=8.967Hz  err=-18.126Hz  corr=-376.13W  u_ff=81.3W  PCAP→78W  power=77.8W
[PID] perf=27.137Hz  target=8.967Hz  err=-18.170Hz  corr=-376.96W  u_ff=81.3W  PCAP→78W  power=77.1W
[PID] perf=27.125Hz  target=8.967Hz  err=-18.157Hz  corr=-376.72W  u_ff=81.3W  PCAP→78W  power=76.2W
[PID] perf=27.133Hz  target=8.967Hz  err=-18.165Hz  corr=-376.87W  u_ff=81.3W  PCAP→78W  power=78.2W
[PID] perf=27.165Hz  target=8.967Hz  err=-18.198Hz  corr=-377.47W  u_ff=81.3W  PCAP→78W  power=77.9W
[PID] perf=27.119Hz  target=8.967Hz  err=-18.151Hz  corr=-376.61W  u_ff=81.3W  PCAP→78W  power=79.2W
[PID] perf=26.993Hz  target=8.967Hz  err=-18.026Hz  corr=-374.29W  u_ff=81.3W  PCAP→78W  power=78.3W
[PID] perf=26.996Hz  target=8.967Hz  err=-18.029Hz  corr=-374.34W  u_ff=81.3W  PCAP→78W  power=77.4W
[PID] perf=26.986Hz  target=8.967Hz  err=-18.019Hz  corr=-374.15W  u_ff=81.3W  PCAP→78W  power=77.1W
[PID] perf=27.006Hz  target=8.967Hz  err=-18.038Hz  corr=-374.51W  u_ff=81.3W  PCAP→78W  power=77.5W
[PID] perf=27.039Hz  target=8.967Hz  err=-18.072Hz  corr=-375.13W  u_ff=81.3W  PCAP→78W  power=78.5W
[PID] perf=27.058Hz  target=8.967Hz  err=-18.091Hz  corr=-375.48W  u_ff=81.3W  PCAP→78W  power=78.5W
[PID] perf=27.030Hz  target=8.967Hz  err=-18.063Hz  corr=-374.96W  u_ff=81.3W  PCAP→78W  power=78.3W
[PID] perf=27.040Hz  target=8.967Hz  err=-18.073Hz  corr=-375.15W  u_ff=81.3W  PCAP→78W  power=76.8W
[PID] perf=27.023Hz  target=8.967Hz  err=-18.056Hz  corr=-374.84W  u_ff=81.3W  PCAP→78W  power=77.1W
[PID] perf=27.053Hz  target=8.967Hz  err=-18.086Hz  corr=-375.40W  u_ff=81.3W  PCAP→78W  power=77.0W
[PID] perf=27.062Hz  target=8.967Hz  err=-18.095Hz  corr=-375.56W  u_ff=81.3W  PCAP→78W  power=78.4W
[PID] perf=27.037Hz  target=8.967Hz  err=-18.070Hz  corr=-375.09W  u_ff=81.3W  PCAP→78W  power=76.6W
[PID] perf=27.097Hz  target=8.967Hz  err=-18.130Hz  corr=-376.22W  u_ff=81.3W  PCAP→78W  power=77.3W
[PID] perf=27.043Hz  target=8.967Hz  err=-18.076Hz  corr=-375.22W  u_ff=81.3W  PCAP→78W  power=77.1W
[PID] perf=27.010Hz  target=8.967Hz  err=-18.043Hz  corr=-374.60W  u_ff=81.3W  PCAP→78W  power=77.5W
[PID] perf=27.028Hz  target=8.967Hz  err=-18.060Hz  corr=-374.92W  u_ff=81.3W  PCAP→78W  power=77.5W
[PID] perf=27.045Hz  target=8.967Hz  err=-18.077Hz  corr=-375.24W  u_ff=81.3W  PCAP→78W  power=78.0W
[PID] perf=27.034Hz  target=8.967Hz  err=-18.066Hz  corr=-375.03W  u_ff=81.3W  PCAP→78W  power=76.8W
[PID] perf=27.037Hz  target=8.967Hz  err=-18.070Hz  corr=-375.10W  u_ff=81.3W  PCAP→78W  power=78.7W
[PID] perf=27.031Hz  target=8.967Hz  err=-18.063Hz  corr=-374.98W  u_ff=81.3W  PCAP→78W  power=77.5W
[PID] perf=27.025Hz  target=8.967Hz  err=-18.058Hz  corr=-374.88W  u_ff=81.3W  PCAP→78W  power=79.3W
[PID] perf=26.967Hz  target=8.967Hz  err=-18.000Hz  corr=-373.81W  u_ff=81.3W  PCAP→78W  power=78.4W
[PID] perf=26.997Hz  target=8.967Hz  err=-18.030Hz  corr=-374.35W  u_ff=81.3W  PCAP→78W  power=77.0W
[PID] perf=27.037Hz  target=8.967Hz  err=-18.070Hz  corr=-375.10W  u_ff=81.3W  PCAP→78W  power=76.4W
[PID] perf=26.990Hz  target=8.967Hz  err=-18.022Hz  corr=-374.22W  u_ff=81.3W  PCAP→78W  power=76.3W
[PID] perf=27.017Hz  target=8.967Hz  err=-18.050Hz  corr=-374.72W  u_ff=81.3W  PCAP→78W  power=77.2W
[PID] perf=27.013Hz  target=8.967Hz  err=-18.045Hz  corr=-374.65W  u_ff=81.3W  PCAP→78W  power=76.9W
[PID] perf=27.040Hz  target=8.967Hz  err=-18.073Hz  corr=-375.15W  u_ff=81.3W  PCAP→78W  power=78.9W
[PID] perf=27.025Hz  target=8.967Hz  err=-18.058Hz  corr=-374.87W  u_ff=81.3W  PCAP→78W  power=78.5W
[PID] perf=27.032Hz  target=8.967Hz  err=-18.065Hz  corr=-375.01W  u_ff=81.3W  PCAP→78W  power=78.6W
[PID] perf=27.044Hz  target=8.967Hz  err=-18.076Hz  corr=-375.22W  u_ff=81.3W  PCAP→78W  power=78.8W
[PID] perf=27.031Hz  target=8.967Hz  err=-18.064Hz  corr=-374.98W  u_ff=81.3W  PCAP→78W  power=78.9W
[PID] perf=27.015Hz  target=8.967Hz  err=-18.048Hz  corr=-374.69W  u_ff=81.3W  PCAP→78W  power=78.7W
[PID] perf=27.037Hz  target=8.967Hz  err=-18.070Hz  corr=-375.10W  u_ff=81.3W  PCAP→78W  power=78.7W
[PID] perf=27.019Hz  target=8.967Hz  err=-18.051Hz  corr=-374.76W  u_ff=81.3W  PCAP→78W  power=78.6W
[PID] perf=27.069Hz  target=8.967Hz  err=-18.101Hz  corr=-375.68W  u_ff=81.3W  PCAP→78W  power=78.7W
[PID] perf=27.029Hz  target=8.967Hz  err=-18.062Hz  corr=-374.95W  u_ff=81.3W  PCAP→78W  power=78.8W
[PID] perf=27.033Hz  target=8.967Hz  err=-18.066Hz  corr=-375.03W  u_ff=81.3W  PCAP→78W  power=79.1W
[PID] perf=27.035Hz  target=8.967Hz  err=-18.068Hz  corr=-375.07W  u_ff=81.3W  PCAP→78W  power=78.4W
[PID] perf=27.014Hz  target=8.967Hz  err=-18.047Hz  corr=-374.67W  u_ff=81.3W  PCAP→78W  power=78.9W
[PID] perf=26.999Hz  target=8.967Hz  err=-18.032Hz  corr=-374.40W  u_ff=81.3W  PCAP→78W  power=79.0W
[PID] perf=27.033Hz  target=8.967Hz  err=-18.066Hz  corr=-375.03W  u_ff=81.3W  PCAP→78W  power=79.0W
[PID] perf=27.029Hz  target=8.967Hz  err=-18.061Hz  corr=-374.94W  u_ff=81.3W  PCAP→78W  power=78.3W
[PID] perf=27.004Hz  target=8.967Hz  err=-18.037Hz  corr=-374.48W  u_ff=81.3W  PCAP→78W  power=77.1W
[PID] perf=26.948Hz  target=8.967Hz  err=-17.981Hz  corr=-373.44W  u_ff=81.3W  PCAP→78W  power=77.6W
[PID] perf=26.969Hz  target=8.967Hz  err=-18.002Hz  corr=-373.84W  u_ff=81.3W  PCAP→78W  power=77.7W
[PID] perf=27.010Hz  target=8.967Hz  err=-18.042Hz  corr=-374.59W  u_ff=81.3W  PCAP→78W  power=78.6W
[PID] perf=26.857Hz  target=8.967Hz  err=-17.890Hz  corr=-371.77W  u_ff=81.3W  PCAP→78W  power=79.1W
[PID] perf=26.826Hz  target=8.967Hz  err=-17.859Hz  corr=-371.19W  u_ff=81.3W  PCAP→78W  power=78.5W
[PID] perf=26.842Hz  target=8.967Hz  err=-17.874Hz  corr=-371.47W  u_ff=81.3W  PCAP→78W  power=78.2W
[PID] perf=26.861Hz  target=8.967Hz  err=-17.893Hz  corr=-371.82W  u_ff=81.3W  PCAP→78W  power=78.6W
[PID] perf=26.857Hz  target=8.967Hz  err=-17.889Hz  corr=-371.75W  u_ff=81.3W  PCAP→78W  power=78.1W
[PID] perf=26.905Hz  target=8.967Hz  err=-17.938Hz  corr=-372.65W  u_ff=81.3W  PCAP→78W  power=79.1W
[PID] perf=26.870Hz  target=8.967Hz  err=-17.903Hz  corr=-372.01W  u_ff=81.3W  PCAP→78W  power=76.3W
[PID] perf=26.869Hz  target=8.967Hz  err=-17.901Hz  corr=-371.98W  u_ff=81.3W  PCAP→78W  power=78.4W
[PID] perf=26.806Hz  target=8.967Hz  err=-17.838Hz  corr=-370.81W  u_ff=81.3W  PCAP→78W  power=77.2W
[PID] perf=26.842Hz  target=8.967Hz  err=-17.874Hz  corr=-371.48W  u_ff=81.3W  PCAP→78W  power=78.4W
[PID] perf=26.869Hz  target=8.967Hz  err=-17.902Hz  corr=-371.98W  u_ff=81.3W  PCAP→78W  power=77.9W
[PID] perf=26.885Hz  target=8.967Hz  err=-17.918Hz  corr=-372.28W  u_ff=81.3W  PCAP→78W  power=78.2W
[PID] perf=26.889Hz  target=8.967Hz  err=-17.922Hz  corr=-372.36W  u_ff=81.3W  PCAP→78W  power=78.5W
[PID] perf=26.914Hz  target=8.967Hz  err=-17.947Hz  corr=-372.81W  u_ff=81.3W  PCAP→78W  power=79.2W
[PID] perf=26.865Hz  target=8.967Hz  err=-17.897Hz  corr=-371.90W  u_ff=81.3W  PCAP→78W  power=79.3W
[PID] perf=26.830Hz  target=8.967Hz  err=-17.862Hz  corr=-371.25W  u_ff=81.3W  PCAP→78W  power=77.0W
[PID] perf=26.833Hz  target=8.967Hz  err=-17.866Hz  corr=-371.31W  u_ff=81.3W  PCAP→78W  power=78.3W
[PID] perf=26.783Hz  target=8.967Hz  err=-17.816Hz  corr=-370.39W  u_ff=81.3W  PCAP→78W  power=77.3W
[PID] perf=26.843Hz  target=8.967Hz  err=-17.876Hz  corr=-371.51W  u_ff=81.3W  PCAP→78W  power=79.1W
[PID] perf=26.824Hz  target=8.967Hz  err=-17.856Hz  corr=-371.14W  u_ff=81.3W  PCAP→78W  power=77.2W
[PID] perf=26.869Hz  target=8.967Hz  err=-17.902Hz  corr=-371.98W  u_ff=81.3W  PCAP→78W  power=77.4W
[PID] perf=26.859Hz  target=8.967Hz  err=-17.892Hz  corr=-371.80W  u_ff=81.3W  PCAP→78W  power=78.2W
[PID] perf=26.877Hz  target=8.967Hz  err=-17.910Hz  corr=-372.14W  u_ff=81.3W  PCAP→78W  power=78.9W
[PID] perf=26.901Hz  target=8.967Hz  err=-17.934Hz  corr=-372.57W  u_ff=81.3W  PCAP→78W  power=78.4W
[PID] perf=26.938Hz  target=8.967Hz  err=-17.971Hz  corr=-373.26W  u_ff=81.3W  PCAP→78W  power=78.3W
[PID] perf=26.914Hz  target=8.967Hz  err=-17.947Hz  corr=-372.82W  u_ff=81.3W  PCAP→78W  power=77.7W
[PID] perf=26.876Hz  target=8.967Hz  err=-17.909Hz  corr=-372.11W  u_ff=81.3W  PCAP→78W  power=77.1W
[PID] perf=26.831Hz  target=8.967Hz  err=-17.864Hz  corr=-371.28W  u_ff=81.3W  PCAP→78W  power=76.9W
[PID] perf=26.878Hz  target=8.967Hz  err=-17.910Hz  corr=-372.14W  u_ff=81.3W  PCAP→78W  power=76.7W
[PID] perf=26.892Hz  target=8.967Hz  err=-17.924Hz  corr=-372.40W  u_ff=81.3W  PCAP→78W  power=79.1W
[PID] perf=26.927Hz  target=8.967Hz  err=-17.959Hz  corr=-373.05W  u_ff=81.3W  PCAP→78W  power=79.3W
[PID] perf=26.896Hz  target=8.967Hz  err=-17.929Hz  corr=-372.49W  u_ff=81.3W  PCAP→78W  power=76.9W
[PID] perf=26.888Hz  target=8.967Hz  err=-17.921Hz  corr=-372.33W  u_ff=81.3W  PCAP→78W  power=77.2W
[PID] perf=26.877Hz  target=8.967Hz  err=-17.910Hz  corr=-372.13W  u_ff=81.3W  PCAP→78W  power=76.4W
[PID] perf=26.914Hz  target=8.967Hz  err=-17.947Hz  corr=-372.82W  u_ff=81.3W  PCAP→78W  power=76.3W
[PID] perf=26.925Hz  target=8.967Hz  err=-17.957Hz  corr=-373.01W  u_ff=81.3W  PCAP→78W  power=78.5W
[PID] perf=26.900Hz  target=8.967Hz  err=-17.932Hz  corr=-372.55W  u_ff=81.3W  PCAP→78W  power=77.5W
[PID] perf=26.900Hz  target=8.967Hz  err=-17.932Hz  corr=-372.55W  u_ff=81.3W  PCAP→78W  power=79.2W
[PID] perf=26.911Hz  target=8.967Hz  err=-17.944Hz  corr=-372.77W  u_ff=81.3W  PCAP→78W  power=78.9W
[PID] perf=26.887Hz  target=8.967Hz  err=-17.920Hz  corr=-372.32W  u_ff=81.3W  PCAP→78W  power=79.3W
[PID] perf=26.876Hz  target=8.967Hz  err=-17.909Hz  corr=-372.12W  u_ff=81.3W  PCAP→78W  power=77.9W
[PID] perf=26.884Hz  target=8.967Hz  err=-17.916Hz  corr=-372.25W  u_ff=81.3W  PCAP→78W  power=77.1W
[PID] perf=26.882Hz  target=8.967Hz  err=-17.915Hz  corr=-372.22W  u_ff=81.3W  PCAP→78W  power=77.9W
[PID] perf=26.853Hz  target=8.967Hz  err=-17.886Hz  corr=-371.69W  u_ff=81.3W  PCAP→78W  power=76.3W
[PID] perf=26.874Hz  target=8.967Hz  err=-17.907Hz  corr=-372.07W  u_ff=81.3W  PCAP→78W  power=78.1W
[PID] perf=26.831Hz  target=8.967Hz  err=-17.864Hz  corr=-371.28W  u_ff=81.3W  PCAP→78W  power=77.2W
[PID] perf=26.872Hz  target=8.967Hz  err=-17.904Hz  corr=-372.03W  u_ff=81.3W  PCAP→78W  power=76.1W
[PID] perf=26.862Hz  target=8.967Hz  err=-17.894Hz  corr=-371.85W  u_ff=81.3W  PCAP→78W  power=78.9W
[PID] perf=26.891Hz  target=8.967Hz  err=-17.924Hz  corr=-372.40W  u_ff=81.3W  PCAP→78W  power=79.0W
[PID] perf=26.914Hz  target=8.967Hz  err=-17.946Hz  corr=-372.81W  u_ff=81.3W  PCAP→78W  power=77.4W
[PID] perf=26.860Hz  target=8.967Hz  err=-17.892Hz  corr=-371.81W  u_ff=81.3W  PCAP→78W  power=78.6W
[PID] perf=26.857Hz  target=8.967Hz  err=-17.890Hz  corr=-371.77W  u_ff=81.3W  PCAP→78W  power=79.2W
[PID] perf=26.845Hz  target=8.967Hz  err=-17.878Hz  corr=-371.54W  u_ff=81.3W  PCAP→78W  power=79.3W
[PID] perf=26.859Hz  target=8.967Hz  err=-17.892Hz  corr=-371.80W  u_ff=81.3W  PCAP→78W  power=78.2W
[PID] perf=26.857Hz  target=8.967Hz  err=-17.890Hz  corr=-371.76W  u_ff=81.3W  PCAP→78W  power=76.2W
[PID] perf=26.847Hz  target=8.967Hz  err=-17.880Hz  corr=-371.58W  u_ff=81.3W  PCAP→78W  power=78.9W
[PID] perf=26.901Hz  target=8.967Hz  err=-17.934Hz  corr=-372.57W  u_ff=81.3W  PCAP→78W  power=77.4W
[PID] perf=26.875Hz  target=8.967Hz  err=-17.908Hz  corr=-372.09W  u_ff=81.3W  PCAP→78W  power=77.0W
[PID] perf=26.926Hz  target=8.967Hz  err=-17.958Hz  corr=-373.03W  u_ff=81.3W  PCAP→78W  power=78.5W
[PID] perf=26.904Hz  target=8.967Hz  err=-17.937Hz  corr=-372.63W  u_ff=81.3W  PCAP→78W  power=76.5W
[PID] perf=26.881Hz  target=8.967Hz  err=-17.913Hz  corr=-372.20W  u_ff=81.3W  PCAP→78W  power=78.7W
[PID] perf=26.956Hz  target=8.967Hz  err=-17.989Hz  corr=-373.60W  u_ff=81.3W  PCAP→78W  power=77.6W
[PID] perf=26.887Hz  target=8.967Hz  err=-17.920Hz  corr=-372.32W  u_ff=81.3W  PCAP→78W  power=79.1W
[PID] perf=26.894Hz  target=8.967Hz  err=-17.927Hz  corr=-372.44W  u_ff=81.3W  PCAP→78W  power=78.9W
[PID] perf=26.902Hz  target=8.967Hz  err=-17.934Hz  corr=-372.59W  u_ff=81.3W  PCAP→78W  power=77.7W
[PID] perf=26.891Hz  target=8.967Hz  err=-17.924Hz  corr=-372.39W  u_ff=81.3W  PCAP→78W  power=79.4W
[PID] perf=26.876Hz  target=8.967Hz  err=-17.909Hz  corr=-372.12W  u_ff=81.3W  PCAP→78W  power=78.2W
[PID] perf=26.860Hz  target=8.967Hz  err=-17.892Hz  corr=-371.81W  u_ff=81.3W  PCAP→78W  power=77.2W
[PID] perf=26.914Hz  target=8.967Hz  err=-17.947Hz  corr=-372.82W  u_ff=81.3W  PCAP→78W  power=78.3W
[PID] perf=26.921Hz  target=8.967Hz  err=-17.954Hz  corr=-372.95W  u_ff=81.3W  PCAP→78W  power=77.1W
[PID] perf=26.855Hz  target=8.967Hz  err=-17.888Hz  corr=-371.73W  u_ff=81.3W  PCAP→78W  power=77.2W
[PID] perf=26.896Hz  target=8.967Hz  err=-17.928Hz  corr=-372.47W  u_ff=81.3W  PCAP→78W  power=77.3W
[PID] perf=26.898Hz  target=8.967Hz  err=-17.931Hz  corr=-372.52W  u_ff=81.3W  PCAP→78W  power=77.7W
[PID] perf=26.887Hz  target=8.967Hz  err=-17.920Hz  corr=-372.31W  u_ff=81.3W  PCAP→78W  power=78.3W
[PID] perf=26.861Hz  target=8.967Hz  err=-17.894Hz  corr=-371.83W  u_ff=81.3W  PCAP→78W  power=78.8W
[PID] perf=26.891Hz  target=8.967Hz  err=-17.923Hz  corr=-372.38W  u_ff=81.3W  PCAP→78W  power=79.2W
[PID] perf=26.911Hz  target=8.967Hz  err=-17.944Hz  corr=-372.76W  u_ff=81.3W  PCAP→78W  power=79.1W
[PID] perf=26.885Hz  target=8.967Hz  err=-17.918Hz  corr=-372.28W  u_ff=81.3W  PCAP→78W  power=78.0W
[PID] perf=26.879Hz  target=8.967Hz  err=-17.911Hz  corr=-372.16W  u_ff=81.3W  PCAP→78W  power=77.5W
[PID] perf=26.896Hz  target=8.967Hz  err=-17.929Hz  corr=-372.49W  u_ff=81.3W  PCAP→78W  power=77.0W
[PID] perf=26.895Hz  target=8.967Hz  err=-17.928Hz  corr=-372.47W  u_ff=81.3W  PCAP→78W  power=77.1W
[PID] perf=26.927Hz  target=8.967Hz  err=-17.960Hz  corr=-373.06W  u_ff=81.3W  PCAP→78W  power=79.1W
[PID] perf=26.883Hz  target=8.967Hz  err=-17.916Hz  corr=-372.24W  u_ff=81.3W  PCAP→78W  power=78.3W
[PID] perf=26.884Hz  target=8.967Hz  err=-17.917Hz  corr=-372.26W  u_ff=81.3W  PCAP→78W  power=78.2W
[PID] perf=26.887Hz  target=8.967Hz  err=-17.920Hz  corr=-372.32W  u_ff=81.3W  PCAP→78W  power=79.2W
[PID] perf=26.881Hz  target=8.967Hz  err=-17.913Hz  corr=-372.20W  u_ff=81.3W  PCAP→78W  power=78.1W
[PID] perf=26.883Hz  target=8.967Hz  err=-17.915Hz  corr=-372.24W  u_ff=81.3W  PCAP→78W  power=78.6W
[PID] perf=26.869Hz  target=8.967Hz  err=-17.902Hz  corr=-371.98W  u_ff=81.3W  PCAP→78W  power=78.1W
[PID] perf=26.860Hz  target=8.967Hz  err=-17.893Hz  corr=-371.82W  u_ff=81.3W  PCAP→78W  power=77.8W
[PID] perf=26.875Hz  target=8.967Hz  err=-17.908Hz  corr=-372.10W  u_ff=81.3W  PCAP→78W  power=78.6W
[PID] perf=26.882Hz  target=8.967Hz  err=-17.915Hz  corr=-372.22W  u_ff=81.3W  PCAP→78W  power=77.1W
[PID] perf=26.893Hz  target=8.967Hz  err=-17.925Hz  corr=-372.42W  u_ff=81.3W  PCAP→78W  power=77.1W
[PID] perf=26.861Hz  target=8.967Hz  err=-17.894Hz  corr=-371.84W  u_ff=81.3W  PCAP→78W  power=77.8W
[PID] perf=26.786Hz  target=8.967Hz  err=-17.819Hz  corr=-370.44W  u_ff=81.3W  PCAP→78W  power=78.2W
[PID] perf=26.744Hz  target=8.967Hz  err=-17.777Hz  corr=-369.66W  u_ff=81.3W  PCAP→78W  power=76.8W
[PID] perf=26.758Hz  target=8.967Hz  err=-17.791Hz  corr=-369.92W  u_ff=81.3W  PCAP→78W  power=76.3W
[PID] perf=26.740Hz  target=8.967Hz  err=-17.773Hz  corr=-369.59W  u_ff=81.3W  PCAP→78W  power=78.5W
[PID] perf=26.770Hz  target=8.967Hz  err=-17.803Hz  corr=-370.15W  u_ff=81.3W  PCAP→78W  power=78.7W
[PID] perf=26.645Hz  target=8.967Hz  err=-17.678Hz  corr=-367.84W  u_ff=81.3W  PCAP→78W  power=78.0W
[PID] perf=26.674Hz  target=8.967Hz  err=-17.707Hz  corr=-368.36W  u_ff=81.3W  PCAP→78W  power=78.6W
[PID] perf=26.691Hz  target=8.967Hz  err=-17.724Hz  corr=-368.68W  u_ff=81.3W  PCAP→78W  power=77.3W
[PID] perf=26.685Hz  target=8.967Hz  err=-17.718Hz  corr=-368.57W  u_ff=81.3W  PCAP→78W  power=78.7W
[PID] perf=26.677Hz  target=8.967Hz  err=-17.710Hz  corr=-368.43W  u_ff=81.3W  PCAP→78W  power=77.1W
[PID] perf=26.663Hz  target=8.967Hz  err=-17.695Hz  corr=-368.15W  u_ff=81.3W  PCAP→78W  power=77.6W
[PID] perf=26.685Hz  target=8.967Hz  err=-17.718Hz  corr=-368.57W  u_ff=81.3W  PCAP→78W  power=77.4W
[PID] perf=26.655Hz  target=8.967Hz  err=-17.688Hz  corr=-368.02W  u_ff=81.3W  PCAP→78W  power=77.2W
[PID] perf=26.706Hz  target=8.967Hz  err=-17.738Hz  corr=-368.95W  u_ff=81.3W  PCAP→78W  power=76.9W
[PID] perf=26.704Hz  target=8.967Hz  err=-17.737Hz  corr=-368.93W  u_ff=81.3W  PCAP→78W  power=79.0W
[PID] perf=26.723Hz  target=8.967Hz  err=-17.756Hz  corr=-369.28W  u_ff=81.3W  PCAP→78W  power=77.8W
[PID] perf=26.686Hz  target=8.967Hz  err=-17.719Hz  corr=-368.60W  u_ff=81.3W  PCAP→78W  power=77.8W
[PID] perf=26.675Hz  target=8.967Hz  err=-17.708Hz  corr=-368.38W  u_ff=81.3W  PCAP→78W  power=79.2W
[PID] perf=26.693Hz  target=8.967Hz  err=-17.725Hz  corr=-368.71W  u_ff=81.3W  PCAP→78W  power=78.4W
[PID] perf=26.692Hz  target=8.967Hz  err=-17.724Hz  corr=-368.69W  u_ff=81.3W  PCAP→78W  power=78.1W
[PID] perf=26.692Hz  target=8.967Hz  err=-17.725Hz  corr=-368.71W  u_ff=81.3W  PCAP→78W  power=77.5W
[PID] perf=26.659Hz  target=8.967Hz  err=-17.691Hz  corr=-368.08W  u_ff=81.3W  PCAP→78W  power=77.1W
[PID] perf=26.688Hz  target=8.967Hz  err=-17.720Hz  corr=-368.62W  u_ff=81.3W  PCAP→78W  power=76.3W
[PID] perf=26.663Hz  target=8.967Hz  err=-17.696Hz  corr=-368.16W  u_ff=81.3W  PCAP→78W  power=79.4W
[PID] perf=26.662Hz  target=8.967Hz  err=-17.695Hz  corr=-368.14W  u_ff=81.3W  PCAP→78W  power=77.1W
[PID] perf=26.680Hz  target=8.967Hz  err=-17.713Hz  corr=-368.48W  u_ff=81.3W  PCAP→78W  power=78.3W
[PID] perf=26.678Hz  target=8.967Hz  err=-17.711Hz  corr=-368.44W  u_ff=81.3W  PCAP→78W  power=79.3W
[PID] perf=26.652Hz  target=8.967Hz  err=-17.685Hz  corr=-367.96W  u_ff=81.3W  PCAP→78W  power=77.4W
[PID] perf=26.641Hz  target=8.967Hz  err=-17.674Hz  corr=-367.76W  u_ff=81.3W  PCAP→78W  power=77.6W
[PID] perf=26.567Hz  target=8.967Hz  err=-17.600Hz  corr=-366.38W  u_ff=81.3W  PCAP→78W  power=78.6W
[PID] perf=26.533Hz  target=8.967Hz  err=-17.566Hz  corr=-365.75W  u_ff=81.3W  PCAP→78W  power=78.3W
[PID] perf=26.493Hz  target=8.967Hz  err=-17.526Hz  corr=-365.01W  u_ff=81.3W  PCAP→78W  power=77.5W
[PID] perf=26.214Hz  target=8.967Hz  err=-17.246Hz  corr=-359.83W  u_ff=81.3W  PCAP→78W  power=78.9W
[PID] perf=26.239Hz  target=8.967Hz  err=-17.272Hz  corr=-360.30W  u_ff=81.3W  PCAP→78W  power=77.1W
[PID] perf=26.241Hz  target=8.967Hz  err=-17.274Hz  corr=-360.34W  u_ff=81.3W  PCAP→78W  power=77.8W
[PID] perf=26.271Hz  target=8.967Hz  err=-17.304Hz  corr=-360.90W  u_ff=81.3W  PCAP→78W  power=77.6W
[PID] perf=26.257Hz  target=8.967Hz  err=-17.290Hz  corr=-360.64W  u_ff=81.3W  PCAP→78W  power=76.2W
[PID] perf=26.235Hz  target=8.967Hz  err=-17.268Hz  corr=-360.23W  u_ff=81.3W  PCAP→78W  power=76.7W
[PID] perf=26.288Hz  target=8.967Hz  err=-17.321Hz  corr=-361.21W  u_ff=81.3W  PCAP→78W  power=78.1W
[PID] perf=26.250Hz  target=8.967Hz  err=-17.283Hz  corr=-360.50W  u_ff=81.3W  PCAP→78W  power=77.9W
[PID] perf=26.272Hz  target=8.967Hz  err=-17.305Hz  corr=-360.92W  u_ff=81.3W  PCAP→78W  power=77.2W
[PID] perf=26.252Hz  target=8.967Hz  err=-17.285Hz  corr=-360.54W  u_ff=81.3W  PCAP→78W  power=77.8W
[PID] perf=26.272Hz  target=8.967Hz  err=-17.305Hz  corr=-360.91W  u_ff=81.3W  PCAP→78W  power=78.3W
[PID] perf=26.277Hz  target=8.967Hz  err=-17.309Hz  corr=-360.99W  u_ff=81.3W  PCAP→78W  power=78.6W
[PID] perf=26.270Hz  target=8.967Hz  err=-17.302Hz  corr=-360.87W  u_ff=81.3W  PCAP→78W  power=78.3W
[PID] perf=26.238Hz  target=8.967Hz  err=-17.270Hz  corr=-360.27W  u_ff=81.3W  PCAP→78W  power=78.7W
[PID] perf=26.245Hz  target=8.967Hz  err=-17.278Hz  corr=-360.41W  u_ff=81.3W  PCAP→78W  power=77.7W
[PID] perf=26.268Hz  target=8.967Hz  err=-17.300Hz  corr=-360.83W  u_ff=81.3W  PCAP→78W  power=79.1W
[PID] perf=26.264Hz  target=8.967Hz  err=-17.297Hz  corr=-360.76W  u_ff=81.3W  PCAP→78W  power=77.6W
[PID] perf=26.279Hz  target=8.967Hz  err=-17.312Hz  corr=-361.05W  u_ff=81.3W  PCAP→78W  power=76.3W
[PID] perf=26.304Hz  target=8.967Hz  err=-17.337Hz  corr=-361.50W  u_ff=81.3W  PCAP→78W  power=77.1W
[PID] perf=26.268Hz  target=8.967Hz  err=-17.301Hz  corr=-360.84W  u_ff=81.3W  PCAP→78W  power=77.4W
[PID] perf=25.777Hz  target=8.967Hz  err=-16.810Hz  corr=-351.74W  u_ff=81.3W  PCAP→78W  power=78.1W
[PID] perf=26.635Hz  target=8.967Hz  err=-17.668Hz  corr=-367.65W  u_ff=81.3W  PCAP→78W  power=77.3W
[PID] perf=26.674Hz  target=8.967Hz  err=-17.707Hz  corr=-368.36W  u_ff=81.3W  PCAP→78W  power=78.9W
[PID] perf=26.685Hz  target=8.967Hz  err=-17.718Hz  corr=-368.57W  u_ff=81.3W  PCAP→78W  power=77.2W
[PID] perf=26.701Hz  target=8.967Hz  err=-17.734Hz  corr=-368.87W  u_ff=81.3W  PCAP→78W  power=77.3W
[PID] perf=26.697Hz  target=8.967Hz  err=-17.730Hz  corr=-368.79W  u_ff=81.3W  PCAP→78W  power=77.2W
[PID] perf=26.712Hz  target=8.967Hz  err=-17.745Hz  corr=-369.07W  u_ff=81.3W  PCAP→78W  power=76.5W
[PID] perf=26.631Hz  target=8.967Hz  err=-17.664Hz  corr=-367.58W  u_ff=81.3W  PCAP→78W  power=77.1W
[PID] perf=26.675Hz  target=8.967Hz  err=-17.708Hz  corr=-368.39W  u_ff=81.3W  PCAP→78W  power=77.4W
[PID] perf=26.712Hz  target=8.967Hz  err=-17.745Hz  corr=-369.08W  u_ff=81.3W  PCAP→78W  power=77.6W
[PID] perf=26.691Hz  target=8.967Hz  err=-17.723Hz  corr=-368.67W  u_ff=81.3W  PCAP→78W  power=78.7W
[PID] perf=26.738Hz  target=8.967Hz  err=-17.771Hz  corr=-369.55W  u_ff=81.3W  PCAP→78W  power=78.3W
[PID] perf=26.707Hz  target=8.967Hz  err=-17.740Hz  corr=-368.97W  u_ff=81.3W  PCAP→78W  power=78.5W
[PID] perf=26.685Hz  target=8.967Hz  err=-17.718Hz  corr=-368.57W  u_ff=81.3W  PCAP→78W  power=77.7W
[PID] perf=26.723Hz  target=8.967Hz  err=-17.756Hz  corr=-369.28W  u_ff=81.3W  PCAP→78W  power=76.9W
[PID] perf=26.717Hz  target=8.967Hz  err=-17.750Hz  corr=-369.17W  u_ff=81.3W  PCAP→78W  power=78.2W
[PID] perf=26.704Hz  target=8.967Hz  err=-17.737Hz  corr=-368.93W  u_ff=81.3W  PCAP→78W  power=78.2W
[PID] perf=26.709Hz  target=8.967Hz  err=-17.742Hz  corr=-369.02W  u_ff=81.3W  PCAP→78W  power=78.9W
[PID] perf=26.702Hz  target=8.967Hz  err=-17.735Hz  corr=-368.89W  u_ff=81.3W  PCAP→78W  power=77.4W
[PID] perf=26.681Hz  target=8.967Hz  err=-17.714Hz  corr=-368.49W  u_ff=81.3W  PCAP→78W  power=77.5W
[PID] perf=26.669Hz  target=8.967Hz  err=-17.702Hz  corr=-368.28W  u_ff=81.3W  PCAP→78W  power=78.8W
[PID] perf=26.700Hz  target=8.967Hz  err=-17.733Hz  corr=-368.85W  u_ff=81.3W  PCAP→78W  power=76.9W
[PID] perf=26.724Hz  target=8.967Hz  err=-17.756Hz  corr=-369.29W  u_ff=81.3W  PCAP→78W  power=77.1W
[PID] perf=26.704Hz  target=8.967Hz  err=-17.737Hz  corr=-368.92W  u_ff=81.3W  PCAP→78W  power=77.9W
[PID] perf=26.692Hz  target=8.967Hz  err=-17.724Hz  corr=-368.69W  u_ff=81.3W  PCAP→78W  power=78.6W
[PID] perf=25.657Hz  target=8.967Hz  err=-16.690Hz  corr=-349.51W  u_ff=81.3W  PCAP→78W  power=78.5W
[PID] perf=26.064Hz  target=8.967Hz  err=-17.097Hz  corr=-357.06W  u_ff=81.3W  PCAP→78W  power=79.0W
[PID] perf=26.160Hz  target=8.967Hz  err=-17.192Hz  corr=-358.82W  u_ff=81.3W  PCAP→78W  power=77.5W
[PID] perf=26.147Hz  target=8.967Hz  err=-17.180Hz  corr=-358.60W  u_ff=81.3W  PCAP→78W  power=77.7W
[PID] perf=26.211Hz  target=8.967Hz  err=-17.243Hz  corr=-359.77W  u_ff=81.3W  PCAP→78W  power=77.1W
[PID] perf=26.175Hz  target=8.967Hz  err=-17.208Hz  corr=-359.11W  u_ff=81.3W  PCAP→78W  power=75.9W
[PID] perf=26.201Hz  target=8.967Hz  err=-17.234Hz  corr=-359.60W  u_ff=81.3W  PCAP→78W  power=76.6W
[PID] perf=26.193Hz  target=8.967Hz  err=-17.226Hz  corr=-359.44W  u_ff=81.3W  PCAP→78W  power=76.9W
[PID] perf=26.205Hz  target=8.967Hz  err=-17.238Hz  corr=-359.67W  u_ff=81.3W  PCAP→78W  power=77.2W
[PID] perf=26.156Hz  target=8.967Hz  err=-17.188Hz  corr=-358.75W  u_ff=81.3W  PCAP→78W  power=76.8W
[PID] perf=26.189Hz  target=8.967Hz  err=-17.222Hz  corr=-359.38W  u_ff=81.3W  PCAP→78W  power=77.4W
[PID] perf=26.174Hz  target=8.967Hz  err=-17.207Hz  corr=-359.09W  u_ff=81.3W  PCAP→78W  power=77.9W
[PID] perf=26.197Hz  target=8.967Hz  err=-17.230Hz  corr=-359.52W  u_ff=81.3W  PCAP→78W  power=76.9W
[PID] perf=26.205Hz  target=8.967Hz  err=-17.238Hz  corr=-359.67W  u_ff=81.3W  PCAP→78W  power=78.4W
[PID] perf=26.148Hz  target=8.967Hz  err=-17.181Hz  corr=-358.61W  u_ff=81.3W  PCAP→78W  power=76.8W
[PID] perf=26.130Hz  target=8.967Hz  err=-17.163Hz  corr=-358.28W  u_ff=81.3W  PCAP→78W  power=77.2W
[PID] perf=26.161Hz  target=8.967Hz  err=-17.194Hz  corr=-358.86W  u_ff=81.3W  PCAP→78W  power=76.5W
[PID] perf=26.210Hz  target=8.967Hz  err=-17.242Hz  corr=-359.75W  u_ff=81.3W  PCAP→78W  power=77.4W
[PID] perf=26.194Hz  target=8.967Hz  err=-17.227Hz  corr=-359.46W  u_ff=81.3W  PCAP→78W  power=78.9W
[PID] perf=26.171Hz  target=8.967Hz  err=-17.204Hz  corr=-359.05W  u_ff=81.3W  PCAP→78W  power=78.9W
[PID] perf=26.229Hz  target=8.967Hz  err=-17.262Hz  corr=-360.12W  u_ff=81.3W  PCAP→78W  power=79.1W
[PID] perf=25.541Hz  target=8.967Hz  err=-16.574Hz  corr=-347.36W  u_ff=81.3W  PCAP→78W  power=79.0W
[PID] perf=25.693Hz  target=8.967Hz  err=-16.726Hz  corr=-350.18W  u_ff=81.3W  PCAP→78W  power=78.3W
[PID] perf=25.767Hz  target=8.967Hz  err=-16.800Hz  corr=-351.55W  u_ff=81.3W  PCAP→78W  power=78.1W
[PID] perf=25.822Hz  target=8.967Hz  err=-16.855Hz  corr=-352.57W  u_ff=81.3W  PCAP→78W  power=78.3W
[PID] perf=25.826Hz  target=8.967Hz  err=-16.859Hz  corr=-352.64W  u_ff=81.3W  PCAP→78W  power=78.9W
[PID] perf=25.820Hz  target=8.967Hz  err=-16.852Hz  corr=-352.52W  u_ff=81.3W  PCAP→78W  power=77.6W
[PID] perf=25.894Hz  target=8.967Hz  err=-16.927Hz  corr=-353.91W  u_ff=81.3W  PCAP→78W  power=79.1W
[PID] perf=25.883Hz  target=8.967Hz  err=-16.916Hz  corr=-353.70W  u_ff=81.3W  PCAP→78W  power=77.0W
[PID] perf=25.917Hz  target=8.967Hz  err=-16.950Hz  corr=-354.34W  u_ff=81.3W  PCAP→78W  power=78.6W
[PID] perf=25.890Hz  target=8.967Hz  err=-16.923Hz  corr=-353.83W  u_ff=81.3W  PCAP→78W  power=79.0W
[PID] perf=25.879Hz  target=8.967Hz  err=-16.911Hz  corr=-353.62W  u_ff=81.3W  PCAP→78W  power=77.9W
[PID] perf=25.924Hz  target=8.967Hz  err=-16.957Hz  corr=-354.45W  u_ff=81.3W  PCAP→78W  power=78.0W
[PID] perf=25.870Hz  target=8.967Hz  err=-16.903Hz  corr=-353.46W  u_ff=81.3W  PCAP→78W  power=79.3W
[PID] perf=25.857Hz  target=8.967Hz  err=-16.890Hz  corr=-353.22W  u_ff=81.3W  PCAP→78W  power=79.2W
[PID] perf=25.855Hz  target=8.967Hz  err=-16.887Hz  corr=-353.17W  u_ff=81.3W  PCAP→78W  power=78.0W
Process completed.
Compressed into /home/cc/summer2024/main_codes/pid_controller/../experiment_data/PID_Control_sweep/ones-npb-cg/compressed_iteration_20260513_002245.tar
----------------------------------

>>> Step 3/3

[ones-npb-cg]
  target perf      : 8.9673 Hz
  coefficients_perf: [-0.0006547837485238978, 0.18607436314256556, -1.8317688501798497]
  feedforward PCAP : 81.29 W  →  83 W (snapped)
  Perf(u_ff) check : 8.9673 Hz  (should ≈ target)
  PID gains        : Kp=18.5447 W/Hz  Ki=1.85447 W/(Hz·s)  Kd=0.0000
[PID] Awaiting data — feedforward PCAP=83W
[PID] Awaiting data — feedforward PCAP=83W
[PID] Awaiting data — feedforward PCAP=83W
[PID] Awaiting data — feedforward PCAP=83W
[PID] Awaiting data — feedforward PCAP=83W
[PID] Awaiting data — feedforward PCAP=83W
[PID] perf=18.709Hz  target=8.967Hz  err=-9.742Hz  corr=-216.79W  u_ff=81.3W  PCAP→78W  power=nanW
[PID] perf=18.149Hz  target=8.967Hz  err=-9.182Hz  corr=-210.28W  u_ff=81.3W  PCAP→78W  power=77.5W
[PID] perf=18.126Hz  target=8.967Hz  err=-9.159Hz  corr=-209.85W  u_ff=81.3W  PCAP→78W  power=78.7W
[PID] perf=18.096Hz  target=8.967Hz  err=-9.129Hz  corr=-209.29W  u_ff=81.3W  PCAP→78W  power=79.1W
[PID] perf=18.127Hz  target=8.967Hz  err=-9.159Hz  corr=-209.86W  u_ff=81.3W  PCAP→78W  power=77.1W
[PID] perf=18.111Hz  target=8.967Hz  err=-9.144Hz  corr=-209.57W  u_ff=81.3W  PCAP→78W  power=76.7W
[PID] perf=18.101Hz  target=8.967Hz  err=-9.134Hz  corr=-209.39W  u_ff=81.3W  PCAP→78W  power=77.2W
[PID] perf=18.125Hz  target=8.967Hz  err=-9.157Hz  corr=-209.82W  u_ff=81.3W  PCAP→78W  power=78.3W
[PID] perf=18.117Hz  target=8.967Hz  err=-9.150Hz  corr=-209.68W  u_ff=81.3W  PCAP→78W  power=77.9W
[PID] perf=18.139Hz  target=8.967Hz  err=-9.171Hz  corr=-210.08W  u_ff=81.3W  PCAP→78W  power=77.1W
[PID] perf=18.142Hz  target=8.967Hz  err=-9.175Hz  corr=-210.14W  u_ff=81.3W  PCAP→78W  power=78.6W
[PID] perf=18.110Hz  target=8.967Hz  err=-9.143Hz  corr=-209.55W  u_ff=81.3W  PCAP→78W  power=77.0W
[PID] perf=18.116Hz  target=8.967Hz  err=-9.148Hz  corr=-209.65W  u_ff=81.3W  PCAP→78W  power=76.6W
[PID] perf=18.096Hz  target=8.967Hz  err=-9.128Hz  corr=-209.28W  u_ff=81.3W  PCAP→78W  power=78.7W
[PID] perf=18.106Hz  target=8.967Hz  err=-9.139Hz  corr=-209.48W  u_ff=81.3W  PCAP→78W  power=77.8W
[PID] perf=18.119Hz  target=8.967Hz  err=-9.152Hz  corr=-209.72W  u_ff=81.3W  PCAP→78W  power=77.3W
[PID] perf=18.098Hz  target=8.967Hz  err=-9.131Hz  corr=-209.33W  u_ff=81.3W  PCAP→78W  power=78.7W
[PID] perf=18.085Hz  target=8.967Hz  err=-9.118Hz  corr=-209.09W  u_ff=81.3W  PCAP→78W  power=79.0W
[PID] perf=18.085Hz  target=8.967Hz  err=-9.118Hz  corr=-209.09W  u_ff=81.3W  PCAP→78W  power=76.5W
[PID] perf=18.110Hz  target=8.967Hz  err=-9.142Hz  corr=-209.54W  u_ff=81.3W  PCAP→78W  power=78.9W
[PID] perf=18.168Hz  target=8.967Hz  err=-9.200Hz  corr=-210.62W  u_ff=81.3W  PCAP→78W  power=78.8W
[PID] perf=18.084Hz  target=8.967Hz  err=-9.116Hz  corr=-209.06W  u_ff=81.3W  PCAP→78W  power=79.1W
[PID] perf=18.094Hz  target=8.967Hz  err=-9.126Hz  corr=-209.25W  u_ff=81.3W  PCAP→78W  power=78.1W
[PID] perf=18.085Hz  target=8.967Hz  err=-9.118Hz  corr=-209.09W  u_ff=81.3W  PCAP→78W  power=77.4W
[PID] perf=18.099Hz  target=8.967Hz  err=-9.132Hz  corr=-209.35W  u_ff=81.3W  PCAP→78W  power=77.1W
[PID] perf=18.098Hz  target=8.967Hz  err=-9.131Hz  corr=-209.32W  u_ff=81.3W  PCAP→78W  power=77.3W
[PID] perf=18.092Hz  target=8.967Hz  err=-9.124Hz  corr=-209.21W  u_ff=81.3W  PCAP→78W  power=77.4W
[PID] perf=18.079Hz  target=8.967Hz  err=-9.111Hz  corr=-208.97W  u_ff=81.3W  PCAP→78W  power=78.2W
[PID] perf=18.088Hz  target=8.967Hz  err=-9.120Hz  corr=-209.13W  u_ff=81.3W  PCAP→78W  power=77.1W
[PID] perf=18.182Hz  target=8.967Hz  err=-9.215Hz  corr=-210.89W  u_ff=81.3W  PCAP→78W  power=77.2W
[PID] perf=18.079Hz  target=8.967Hz  err=-9.112Hz  corr=-208.98W  u_ff=81.3W  PCAP→78W  power=76.8W
[PID] perf=18.074Hz  target=8.967Hz  err=-9.106Hz  corr=-208.88W  u_ff=81.3W  PCAP→78W  power=77.6W
[PID] perf=18.098Hz  target=8.967Hz  err=-9.131Hz  corr=-209.32W  u_ff=81.3W  PCAP→78W  power=77.5W
[PID] perf=18.088Hz  target=8.967Hz  err=-9.121Hz  corr=-209.14W  u_ff=81.3W  PCAP→78W  power=77.5W
[PID] perf=18.081Hz  target=8.967Hz  err=-9.114Hz  corr=-209.01W  u_ff=81.3W  PCAP→78W  power=78.1W
[PID] perf=18.084Hz  target=8.967Hz  err=-9.117Hz  corr=-209.07W  u_ff=81.3W  PCAP→78W  power=77.1W
[PID] perf=18.079Hz  target=8.967Hz  err=-9.112Hz  corr=-208.98W  u_ff=81.3W  PCAP→78W  power=77.5W
[PID] perf=18.089Hz  target=8.967Hz  err=-9.121Hz  corr=-209.15W  u_ff=81.3W  PCAP→78W  power=78.0W
[PID] perf=18.113Hz  target=8.967Hz  err=-9.145Hz  corr=-209.60W  u_ff=81.3W  PCAP→78W  power=76.8W
[PID] perf=18.100Hz  target=8.967Hz  err=-9.133Hz  corr=-209.36W  u_ff=81.3W  PCAP→78W  power=78.3W
[PID] perf=18.088Hz  target=8.967Hz  err=-9.120Hz  corr=-209.13W  u_ff=81.3W  PCAP→78W  power=78.3W
[PID] perf=18.090Hz  target=8.967Hz  err=-9.123Hz  corr=-209.18W  u_ff=81.3W  PCAP→78W  power=79.2W
[PID] perf=18.096Hz  target=8.967Hz  err=-9.128Hz  corr=-209.28W  u_ff=81.3W  PCAP→78W  power=76.7W
[PID] perf=18.077Hz  target=8.967Hz  err=-9.109Hz  corr=-208.93W  u_ff=81.3W  PCAP→78W  power=78.0W
[PID] perf=18.088Hz  target=8.967Hz  err=-9.121Hz  corr=-209.14W  u_ff=81.3W  PCAP→78W  power=76.3W
[PID] perf=18.069Hz  target=8.967Hz  err=-9.102Hz  corr=-208.79W  u_ff=81.3W  PCAP→78W  power=78.1W
[PID] perf=18.071Hz  target=8.967Hz  err=-9.104Hz  corr=-208.82W  u_ff=81.3W  PCAP→78W  power=79.0W
[PID] perf=18.080Hz  target=8.967Hz  err=-9.112Hz  corr=-208.98W  u_ff=81.3W  PCAP→78W  power=77.4W
[PID] perf=18.073Hz  target=8.967Hz  err=-9.106Hz  corr=-208.86W  u_ff=81.3W  PCAP→78W  power=77.2W
[PID] perf=18.076Hz  target=8.967Hz  err=-9.108Hz  corr=-208.91W  u_ff=81.3W  PCAP→78W  power=77.6W
[PID] perf=18.078Hz  target=8.967Hz  err=-9.111Hz  corr=-208.96W  u_ff=81.3W  PCAP→78W  power=79.4W
[PID] perf=18.086Hz  target=8.967Hz  err=-9.119Hz  corr=-209.10W  u_ff=81.3W  PCAP→78W  power=78.5W
[PID] perf=18.092Hz  target=8.967Hz  err=-9.125Hz  corr=-209.22W  u_ff=81.3W  PCAP→78W  power=79.2W
[PID] perf=18.086Hz  target=8.967Hz  err=-9.119Hz  corr=-209.11W  u_ff=81.3W  PCAP→78W  power=77.4W
[PID] perf=18.102Hz  target=8.967Hz  err=-9.135Hz  corr=-209.41W  u_ff=81.3W  PCAP→78W  power=78.7W
[PID] perf=18.085Hz  target=8.967Hz  err=-9.118Hz  corr=-209.09W  u_ff=81.3W  PCAP→78W  power=79.2W
[PID] perf=18.073Hz  target=8.967Hz  err=-9.106Hz  corr=-208.87W  u_ff=81.3W  PCAP→78W  power=78.2W
[PID] perf=24.084Hz  target=8.967Hz  err=-15.117Hz  corr=-320.34W  u_ff=81.3W  PCAP→78W  power=78.2W
[PID] perf=28.378Hz  target=8.967Hz  err=-19.411Hz  corr=-399.96W  u_ff=81.3W  PCAP→78W  power=78.4W
[PID] perf=28.577Hz  target=8.967Hz  err=-19.610Hz  corr=-403.66W  u_ff=81.3W  PCAP→78W  power=78.3W
[PID] perf=28.493Hz  target=8.967Hz  err=-19.526Hz  corr=-402.10W  u_ff=81.3W  PCAP→78W  power=79.1W
[PID] perf=28.468Hz  target=8.967Hz  err=-19.500Hz  corr=-401.63W  u_ff=81.3W  PCAP→78W  power=78.0W
[PID] perf=28.438Hz  target=8.967Hz  err=-19.471Hz  corr=-401.09W  u_ff=81.3W  PCAP→78W  power=79.7W
[PID] perf=28.508Hz  target=8.967Hz  err=-19.540Hz  corr=-402.37W  u_ff=81.3W  PCAP→78W  power=77.5W
[PID] perf=28.513Hz  target=8.967Hz  err=-19.546Hz  corr=-402.47W  u_ff=81.3W  PCAP→78W  power=76.7W
[PID] perf=28.502Hz  target=8.967Hz  err=-19.535Hz  corr=-402.27W  u_ff=81.3W  PCAP→78W  power=78.2W
[PID] perf=28.508Hz  target=8.967Hz  err=-19.541Hz  corr=-402.38W  u_ff=81.3W  PCAP→78W  power=76.9W
[PID] perf=28.509Hz  target=8.967Hz  err=-19.541Hz  corr=-402.39W  u_ff=81.3W  PCAP→78W  power=77.5W
[PID] perf=28.510Hz  target=8.967Hz  err=-19.543Hz  corr=-402.41W  u_ff=81.3W  PCAP→78W  power=78.2W
[PID] perf=28.534Hz  target=8.967Hz  err=-19.567Hz  corr=-402.86W  u_ff=81.3W  PCAP→78W  power=77.0W
[PID] perf=28.612Hz  target=8.967Hz  err=-19.645Hz  corr=-404.31W  u_ff=81.3W  PCAP→78W  power=77.9W
[PID] perf=28.574Hz  target=8.967Hz  err=-19.606Hz  corr=-403.59W  u_ff=81.3W  PCAP→78W  power=79.0W
[PID] perf=28.586Hz  target=8.967Hz  err=-19.619Hz  corr=-403.83W  u_ff=81.3W  PCAP→78W  power=77.2W
[PID] perf=28.534Hz  target=8.967Hz  err=-19.567Hz  corr=-402.86W  u_ff=81.3W  PCAP→78W  power=76.4W
[PID] perf=28.506Hz  target=8.967Hz  err=-19.539Hz  corr=-402.35W  u_ff=81.3W  PCAP→78W  power=77.9W
[PID] perf=28.513Hz  target=8.967Hz  err=-19.546Hz  corr=-402.47W  u_ff=81.3W  PCAP→78W  power=78.9W
[PID] perf=28.480Hz  target=8.967Hz  err=-19.512Hz  corr=-401.85W  u_ff=81.3W  PCAP→78W  power=78.8W
[PID] perf=27.772Hz  target=8.967Hz  err=-18.804Hz  corr=-388.72W  u_ff=81.3W  PCAP→78W  power=77.0W
[PID] perf=27.097Hz  target=8.967Hz  err=-18.129Hz  corr=-376.21W  u_ff=81.3W  PCAP→78W  power=78.4W
[PID] perf=27.167Hz  target=8.967Hz  err=-18.199Hz  corr=-377.50W  u_ff=81.3W  PCAP→78W  power=78.3W
[PID] perf=27.197Hz  target=8.967Hz  err=-18.230Hz  corr=-378.07W  u_ff=81.3W  PCAP→78W  power=77.0W
[PID] perf=27.201Hz  target=8.967Hz  err=-18.233Hz  corr=-378.13W  u_ff=81.3W  PCAP→78W  power=77.0W
[PID] perf=27.200Hz  target=8.967Hz  err=-18.233Hz  corr=-378.12W  u_ff=81.3W  PCAP→78W  power=76.9W
[PID] perf=27.203Hz  target=8.967Hz  err=-18.235Hz  corr=-378.17W  u_ff=81.3W  PCAP→78W  power=79.2W
[PID] perf=27.206Hz  target=8.967Hz  err=-18.238Hz  corr=-378.23W  u_ff=81.3W  PCAP→78W  power=78.1W
[PID] perf=27.218Hz  target=8.967Hz  err=-18.251Hz  corr=-378.45W  u_ff=81.3W  PCAP→78W  power=78.6W
[PID] perf=27.206Hz  target=8.967Hz  err=-18.239Hz  corr=-378.24W  u_ff=81.3W  PCAP→78W  power=78.8W
[PID] perf=27.217Hz  target=8.967Hz  err=-18.250Hz  corr=-378.44W  u_ff=81.3W  PCAP→78W  power=77.8W
[PID] perf=27.259Hz  target=8.967Hz  err=-18.292Hz  corr=-379.22W  u_ff=81.3W  PCAP→78W  power=77.1W
[PID] perf=27.208Hz  target=8.967Hz  err=-18.241Hz  corr=-378.27W  u_ff=81.3W  PCAP→78W  power=76.8W
[PID] perf=27.231Hz  target=8.967Hz  err=-18.264Hz  corr=-378.70W  u_ff=81.3W  PCAP→78W  power=77.6W
[PID] perf=27.230Hz  target=8.967Hz  err=-18.263Hz  corr=-378.68W  u_ff=81.3W  PCAP→78W  power=77.2W
[PID] perf=27.243Hz  target=8.967Hz  err=-18.275Hz  corr=-378.91W  u_ff=81.3W  PCAP→78W  power=76.3W
[PID] perf=27.240Hz  target=8.967Hz  err=-18.272Hz  corr=-378.86W  u_ff=81.3W  PCAP→78W  power=77.2W
[PID] perf=27.219Hz  target=8.967Hz  err=-18.251Hz  corr=-378.47W  u_ff=81.3W  PCAP→78W  power=76.8W
[PID] perf=27.226Hz  target=8.967Hz  err=-18.259Hz  corr=-378.60W  u_ff=81.3W  PCAP→78W  power=77.2W
[PID] perf=27.226Hz  target=8.967Hz  err=-18.259Hz  corr=-378.60W  u_ff=81.3W  PCAP→78W  power=76.7W
[PID] perf=27.219Hz  target=8.967Hz  err=-18.252Hz  corr=-378.47W  u_ff=81.3W  PCAP→78W  power=78.4W
[PID] perf=27.219Hz  target=8.967Hz  err=-18.252Hz  corr=-378.47W  u_ff=81.3W  PCAP→78W  power=76.8W
[PID] perf=27.237Hz  target=8.967Hz  err=-18.270Hz  corr=-378.81W  u_ff=81.3W  PCAP→78W  power=78.9W
[PID] perf=27.254Hz  target=8.967Hz  err=-18.286Hz  corr=-379.11W  u_ff=81.3W  PCAP→78W  power=78.8W
[PID] perf=27.241Hz  target=8.967Hz  err=-18.274Hz  corr=-378.88W  u_ff=81.3W  PCAP→78W  power=77.4W
[PID] perf=27.255Hz  target=8.967Hz  err=-18.288Hz  corr=-379.14W  u_ff=81.3W  PCAP→78W  power=77.4W
[PID] perf=27.203Hz  target=8.967Hz  err=-18.236Hz  corr=-378.18W  u_ff=81.3W  PCAP→78W  power=77.1W
[PID] perf=27.229Hz  target=8.967Hz  err=-18.261Hz  corr=-378.65W  u_ff=81.3W  PCAP→78W  power=77.2W
[PID] perf=27.204Hz  target=8.967Hz  err=-18.237Hz  corr=-378.20W  u_ff=81.3W  PCAP→78W  power=77.2W
[PID] perf=27.213Hz  target=8.967Hz  err=-18.245Hz  corr=-378.36W  u_ff=81.3W  PCAP→78W  power=76.3W
[PID] perf=27.204Hz  target=8.967Hz  err=-18.237Hz  corr=-378.20W  u_ff=81.3W  PCAP→78W  power=77.9W
[PID] perf=27.223Hz  target=8.967Hz  err=-18.256Hz  corr=-378.55W  u_ff=81.3W  PCAP→78W  power=78.5W
[PID] perf=27.200Hz  target=8.967Hz  err=-18.233Hz  corr=-378.12W  u_ff=81.3W  PCAP→78W  power=77.6W
[PID] perf=27.213Hz  target=8.967Hz  err=-18.245Hz  corr=-378.35W  u_ff=81.3W  PCAP→78W  power=78.9W
[PID] perf=27.212Hz  target=8.967Hz  err=-18.245Hz  corr=-378.34W  u_ff=81.3W  PCAP→78W  power=77.2W
[PID] perf=27.247Hz  target=8.967Hz  err=-18.280Hz  corr=-379.00W  u_ff=81.3W  PCAP→78W  power=78.2W
[PID] perf=27.196Hz  target=8.967Hz  err=-18.229Hz  corr=-378.05W  u_ff=81.3W  PCAP→78W  power=78.5W
[PID] perf=27.219Hz  target=8.967Hz  err=-18.252Hz  corr=-378.47W  u_ff=81.3W  PCAP→78W  power=77.8W
[PID] perf=27.174Hz  target=8.967Hz  err=-18.207Hz  corr=-377.64W  u_ff=81.3W  PCAP→78W  power=78.5W
[PID] perf=27.195Hz  target=8.967Hz  err=-18.228Hz  corr=-378.03W  u_ff=81.3W  PCAP→78W  power=77.9W
[PID] perf=27.193Hz  target=8.967Hz  err=-18.226Hz  corr=-378.00W  u_ff=81.3W  PCAP→78W  power=77.0W
[PID] perf=27.226Hz  target=8.967Hz  err=-18.259Hz  corr=-378.61W  u_ff=81.3W  PCAP→78W  power=77.2W
[PID] perf=27.195Hz  target=8.967Hz  err=-18.228Hz  corr=-378.04W  u_ff=81.3W  PCAP→78W  power=77.4W
[PID] perf=27.200Hz  target=8.967Hz  err=-18.233Hz  corr=-378.12W  u_ff=81.3W  PCAP→78W  power=78.3W
[PID] perf=27.213Hz  target=8.967Hz  err=-18.246Hz  corr=-378.37W  u_ff=81.3W  PCAP→78W  power=78.9W
[PID] perf=27.212Hz  target=8.967Hz  err=-18.245Hz  corr=-378.35W  u_ff=81.3W  PCAP→78W  power=78.5W
[PID] perf=27.197Hz  target=8.967Hz  err=-18.230Hz  corr=-378.06W  u_ff=81.3W  PCAP→78W  power=77.4W
[PID] perf=27.202Hz  target=8.967Hz  err=-18.235Hz  corr=-378.17W  u_ff=81.3W  PCAP→78W  power=77.6W
[PID] perf=27.191Hz  target=8.967Hz  err=-18.224Hz  corr=-377.96W  u_ff=81.3W  PCAP→78W  power=77.6W
[PID] perf=27.206Hz  target=8.967Hz  err=-18.239Hz  corr=-378.24W  u_ff=81.3W  PCAP→78W  power=77.6W
[PID] perf=27.211Hz  target=8.967Hz  err=-18.244Hz  corr=-378.33W  u_ff=81.3W  PCAP→78W  power=77.3W
[PID] perf=27.223Hz  target=8.967Hz  err=-18.256Hz  corr=-378.55W  u_ff=81.3W  PCAP→78W  power=76.9W
[PID] perf=27.203Hz  target=8.967Hz  err=-18.235Hz  corr=-378.17W  u_ff=81.3W  PCAP→78W  power=78.3W
[PID] perf=27.204Hz  target=8.967Hz  err=-18.237Hz  corr=-378.19W  u_ff=81.3W  PCAP→78W  power=78.5W
[PID] perf=27.184Hz  target=8.967Hz  err=-18.217Hz  corr=-377.83W  u_ff=81.3W  PCAP→78W  power=78.9W
[PID] perf=27.216Hz  target=8.967Hz  err=-18.249Hz  corr=-378.41W  u_ff=81.3W  PCAP→78W  power=77.3W
[PID] perf=27.249Hz  target=8.967Hz  err=-18.282Hz  corr=-379.03W  u_ff=81.3W  PCAP→78W  power=77.6W
[PID] perf=27.246Hz  target=8.967Hz  err=-18.279Hz  corr=-378.98W  u_ff=81.3W  PCAP→78W  power=77.1W
[PID] perf=27.200Hz  target=8.967Hz  err=-18.232Hz  corr=-378.12W  u_ff=81.3W  PCAP→78W  power=77.7W
[PID] perf=27.218Hz  target=8.967Hz  err=-18.250Hz  corr=-378.44W  u_ff=81.3W  PCAP→78W  power=77.6W
[PID] perf=27.226Hz  target=8.967Hz  err=-18.259Hz  corr=-378.60W  u_ff=81.3W  PCAP→78W  power=78.9W
[PID] perf=27.230Hz  target=8.967Hz  err=-18.263Hz  corr=-378.68W  u_ff=81.3W  PCAP→78W  power=76.5W
[PID] perf=27.197Hz  target=8.967Hz  err=-18.230Hz  corr=-378.06W  u_ff=81.3W  PCAP→78W  power=78.1W
[PID] perf=27.200Hz  target=8.967Hz  err=-18.233Hz  corr=-378.13W  u_ff=81.3W  PCAP→78W  power=77.1W
[PID] perf=27.217Hz  target=8.967Hz  err=-18.250Hz  corr=-378.43W  u_ff=81.3W  PCAP→78W  power=77.6W
[PID] perf=27.208Hz  target=8.967Hz  err=-18.241Hz  corr=-378.27W  u_ff=81.3W  PCAP→78W  power=79.3W
[PID] perf=27.198Hz  target=8.967Hz  err=-18.230Hz  corr=-378.07W  u_ff=81.3W  PCAP→78W  power=77.3W
[PID] perf=27.192Hz  target=8.967Hz  err=-18.225Hz  corr=-377.97W  u_ff=81.3W  PCAP→78W  power=79.1W
[PID] perf=27.223Hz  target=8.967Hz  err=-18.256Hz  corr=-378.55W  u_ff=81.3W  PCAP→78W  power=77.6W
[PID] perf=27.192Hz  target=8.967Hz  err=-18.225Hz  corr=-377.98W  u_ff=81.3W  PCAP→78W  power=77.1W
[PID] perf=27.161Hz  target=8.967Hz  err=-18.193Hz  corr=-377.39W  u_ff=81.3W  PCAP→78W  power=76.6W
[PID] perf=27.167Hz  target=8.967Hz  err=-18.200Hz  corr=-377.51W  u_ff=81.3W  PCAP→78W  power=76.4W
[PID] perf=27.161Hz  target=8.967Hz  err=-18.194Hz  corr=-377.40W  u_ff=81.3W  PCAP→78W  power=78.2W
[PID] perf=27.232Hz  target=8.967Hz  err=-18.265Hz  corr=-378.72W  u_ff=81.3W  PCAP→78W  power=78.3W
[PID] perf=27.215Hz  target=8.967Hz  err=-18.248Hz  corr=-378.40W  u_ff=81.3W  PCAP→78W  power=78.8W
[PID] perf=27.189Hz  target=8.967Hz  err=-18.221Hz  corr=-377.91W  u_ff=81.3W  PCAP→78W  power=78.1W
[PID] perf=27.213Hz  target=8.967Hz  err=-18.246Hz  corr=-378.36W  u_ff=81.3W  PCAP→78W  power=78.4W
[PID] perf=27.212Hz  target=8.967Hz  err=-18.245Hz  corr=-378.35W  u_ff=81.3W  PCAP→78W  power=78.3W
[PID] perf=27.205Hz  target=8.967Hz  err=-18.238Hz  corr=-378.21W  u_ff=81.3W  PCAP→78W  power=77.1W
[PID] perf=27.197Hz  target=8.967Hz  err=-18.229Hz  corr=-378.06W  u_ff=81.3W  PCAP→78W  power=77.7W
[PID] perf=27.199Hz  target=8.967Hz  err=-18.232Hz  corr=-378.10W  u_ff=81.3W  PCAP→78W  power=76.6W
[PID] perf=27.201Hz  target=8.967Hz  err=-18.234Hz  corr=-378.14W  u_ff=81.3W  PCAP→78W  power=77.3W
[PID] perf=27.170Hz  target=8.967Hz  err=-18.203Hz  corr=-377.56W  u_ff=81.3W  PCAP→78W  power=78.0W
[PID] perf=27.177Hz  target=8.967Hz  err=-18.210Hz  corr=-377.70W  u_ff=81.3W  PCAP→78W  power=77.8W
[PID] perf=27.230Hz  target=8.967Hz  err=-18.262Hz  corr=-378.67W  u_ff=81.3W  PCAP→78W  power=76.4W
[PID] perf=27.241Hz  target=8.967Hz  err=-18.273Hz  corr=-378.88W  u_ff=81.3W  PCAP→78W  power=77.6W
[PID] perf=27.222Hz  target=8.967Hz  err=-18.255Hz  corr=-378.54W  u_ff=81.3W  PCAP→78W  power=76.7W
[PID] perf=27.221Hz  target=8.967Hz  err=-18.254Hz  corr=-378.51W  u_ff=81.3W  PCAP→78W  power=78.0W
[PID] perf=27.182Hz  target=8.967Hz  err=-18.215Hz  corr=-377.79W  u_ff=81.3W  PCAP→78W  power=78.1W
[PID] perf=27.190Hz  target=8.967Hz  err=-18.223Hz  corr=-377.94W  u_ff=81.3W  PCAP→78W  power=76.5W
[PID] perf=27.233Hz  target=8.967Hz  err=-18.265Hz  corr=-378.73W  u_ff=81.3W  PCAP→78W  power=78.3W
[PID] perf=27.213Hz  target=8.967Hz  err=-18.246Hz  corr=-378.36W  u_ff=81.3W  PCAP→78W  power=78.9W
[PID] perf=27.229Hz  target=8.967Hz  err=-18.262Hz  corr=-378.66W  u_ff=81.3W  PCAP→78W  power=77.6W
[PID] perf=27.226Hz  target=8.967Hz  err=-18.259Hz  corr=-378.61W  u_ff=81.3W  PCAP→78W  power=78.4W
[PID] perf=27.237Hz  target=8.967Hz  err=-18.269Hz  corr=-378.80W  u_ff=81.3W  PCAP→78W  power=77.0W
[PID] perf=27.274Hz  target=8.967Hz  err=-18.307Hz  corr=-379.49W  u_ff=81.3W  PCAP→78W  power=78.3W
[PID] perf=27.216Hz  target=8.967Hz  err=-18.249Hz  corr=-378.41W  u_ff=81.3W  PCAP→78W  power=77.3W
[PID] perf=27.207Hz  target=8.967Hz  err=-18.240Hz  corr=-378.25W  u_ff=81.3W  PCAP→78W  power=78.2W
[PID] perf=27.194Hz  target=8.967Hz  err=-18.227Hz  corr=-378.02W  u_ff=81.3W  PCAP→78W  power=76.6W
[PID] perf=27.187Hz  target=8.967Hz  err=-18.219Hz  corr=-377.87W  u_ff=81.3W  PCAP→78W  power=77.4W
[PID] perf=27.184Hz  target=8.967Hz  err=-18.217Hz  corr=-377.83W  u_ff=81.3W  PCAP→78W  power=77.7W
[PID] perf=27.174Hz  target=8.967Hz  err=-18.207Hz  corr=-377.63W  u_ff=81.3W  PCAP→78W  power=78.7W
[PID] perf=27.167Hz  target=8.967Hz  err=-18.200Hz  corr=-377.52W  u_ff=81.3W  PCAP→78W  power=77.7W
[PID] perf=27.190Hz  target=8.967Hz  err=-18.222Hz  corr=-377.93W  u_ff=81.3W  PCAP→78W  power=76.9W
[PID] perf=27.198Hz  target=8.967Hz  err=-18.231Hz  corr=-378.09W  u_ff=81.3W  PCAP→78W  power=78.2W
[PID] perf=27.187Hz  target=8.967Hz  err=-18.219Hz  corr=-377.87W  u_ff=81.3W  PCAP→78W  power=78.6W
[PID] perf=27.134Hz  target=8.967Hz  err=-18.167Hz  corr=-376.90W  u_ff=81.3W  PCAP→78W  power=79.4W
[PID] perf=27.189Hz  target=8.967Hz  err=-18.222Hz  corr=-377.92W  u_ff=81.3W  PCAP→78W  power=79.2W
[PID] perf=27.177Hz  target=8.967Hz  err=-18.210Hz  corr=-377.70W  u_ff=81.3W  PCAP→78W  power=77.9W
[PID] perf=27.203Hz  target=8.967Hz  err=-18.236Hz  corr=-378.17W  u_ff=81.3W  PCAP→78W  power=76.5W
[PID] perf=27.194Hz  target=8.967Hz  err=-18.227Hz  corr=-378.00W  u_ff=81.3W  PCAP→78W  power=77.0W
[PID] perf=27.181Hz  target=8.967Hz  err=-18.214Hz  corr=-377.77W  u_ff=81.3W  PCAP→78W  power=76.7W
[PID] perf=27.195Hz  target=8.967Hz  err=-18.228Hz  corr=-378.03W  u_ff=81.3W  PCAP→78W  power=79.0W
[PID] perf=27.216Hz  target=8.967Hz  err=-18.249Hz  corr=-378.41W  u_ff=81.3W  PCAP→78W  power=77.6W
[PID] perf=27.225Hz  target=8.967Hz  err=-18.258Hz  corr=-378.59W  u_ff=81.3W  PCAP→78W  power=78.6W
[PID] perf=27.192Hz  target=8.967Hz  err=-18.225Hz  corr=-377.97W  u_ff=81.3W  PCAP→78W  power=76.8W
[PID] perf=27.183Hz  target=8.967Hz  err=-18.215Hz  corr=-377.80W  u_ff=81.3W  PCAP→78W  power=78.6W
[PID] perf=27.176Hz  target=8.967Hz  err=-18.209Hz  corr=-377.68W  u_ff=81.3W  PCAP→78W  power=77.7W
[PID] perf=27.197Hz  target=8.967Hz  err=-18.230Hz  corr=-378.07W  u_ff=81.3W  PCAP→78W  power=77.9W
[PID] perf=27.215Hz  target=8.967Hz  err=-18.247Hz  corr=-378.39W  u_ff=81.3W  PCAP→78W  power=76.4W
[PID] perf=27.186Hz  target=8.967Hz  err=-18.219Hz  corr=-377.87W  u_ff=81.3W  PCAP→78W  power=77.2W
[PID] perf=27.173Hz  target=8.967Hz  err=-18.206Hz  corr=-377.62W  u_ff=81.3W  PCAP→78W  power=77.1W
[PID] perf=27.195Hz  target=8.967Hz  err=-18.228Hz  corr=-378.04W  u_ff=81.3W  PCAP→78W  power=78.6W
[PID] perf=27.231Hz  target=8.967Hz  err=-18.264Hz  corr=-378.70W  u_ff=81.3W  PCAP→78W  power=78.9W
[PID] perf=27.269Hz  target=8.967Hz  err=-18.302Hz  corr=-379.40W  u_ff=81.3W  PCAP→78W  power=77.6W
[PID] perf=27.241Hz  target=8.967Hz  err=-18.273Hz  corr=-378.87W  u_ff=81.3W  PCAP→78W  power=77.0W
[PID] perf=27.251Hz  target=8.967Hz  err=-18.283Hz  corr=-379.06W  u_ff=81.3W  PCAP→78W  power=77.6W
[PID] perf=27.253Hz  target=8.967Hz  err=-18.286Hz  corr=-379.11W  u_ff=81.3W  PCAP→78W  power=76.5W
[PID] perf=27.230Hz  target=8.967Hz  err=-18.263Hz  corr=-378.69W  u_ff=81.3W  PCAP→78W  power=77.1W
[PID] perf=27.200Hz  target=8.967Hz  err=-18.232Hz  corr=-378.11W  u_ff=81.3W  PCAP→78W  power=77.5W
[PID] perf=27.187Hz  target=8.967Hz  err=-18.220Hz  corr=-377.88W  u_ff=81.3W  PCAP→78W  power=76.4W
[PID] perf=27.192Hz  target=8.967Hz  err=-18.224Hz  corr=-377.96W  u_ff=81.3W  PCAP→78W  power=77.0W
[PID] perf=27.177Hz  target=8.967Hz  err=-18.210Hz  corr=-377.69W  u_ff=81.3W  PCAP→78W  power=77.1W
[PID] perf=27.201Hz  target=8.967Hz  err=-18.234Hz  corr=-378.14W  u_ff=81.3W  PCAP→78W  power=77.8W
[PID] perf=27.110Hz  target=8.967Hz  err=-18.143Hz  corr=-376.46W  u_ff=81.3W  PCAP→78W  power=76.6W
[PID] perf=26.174Hz  target=8.967Hz  err=-17.206Hz  corr=-359.09W  u_ff=81.3W  PCAP→78W  power=77.8W
[PID] perf=26.214Hz  target=8.967Hz  err=-17.247Hz  corr=-359.84W  u_ff=81.3W  PCAP→78W  power=77.8W
[PID] perf=26.230Hz  target=8.967Hz  err=-17.263Hz  corr=-360.14W  u_ff=81.3W  PCAP→78W  power=78.5W
[PID] perf=26.229Hz  target=8.967Hz  err=-17.262Hz  corr=-360.12W  u_ff=81.3W  PCAP→78W  power=78.0W
[PID] perf=26.247Hz  target=8.967Hz  err=-17.280Hz  corr=-360.45W  u_ff=81.3W  PCAP→78W  power=78.8W
[PID] perf=26.255Hz  target=8.967Hz  err=-17.288Hz  corr=-360.60W  u_ff=81.3W  PCAP→78W  power=77.1W
[PID] perf=11.364Hz  target=8.967Hz  err=-2.396Hz  corr=-84.44W  u_ff=81.3W  PCAP→78W  power=77.7W
[PID] perf=49.346Hz  target=8.967Hz  err=-40.378Hz  corr=-788.80W  u_ff=81.3W  PCAP→78W  power=78.1W
[PID] perf=85.304Hz  target=8.967Hz  err=-76.336Hz  corr=-1455.63W  u_ff=81.3W  PCAP→78W  power=77.4W
[PID] perf=85.342Hz  target=8.967Hz  err=-76.375Hz  corr=-1456.35W  u_ff=81.3W  PCAP→78W  power=78.8W
[PID] perf=85.298Hz  target=8.967Hz  err=-76.331Hz  corr=-1455.54W  u_ff=81.3W  PCAP→78W  power=77.4W
[PID] perf=49.427Hz  target=8.967Hz  err=-40.460Hz  corr=-790.31W  u_ff=81.3W  PCAP→78W  power=77.0W
[PID] perf=7.496Hz  target=8.967Hz  err=+1.471Hz  corr=-3.39W  u_ff=81.3W  PCAP→78W  power=77.6W
[PID] perf=85.270Hz  target=8.967Hz  err=-76.303Hz  corr=-1455.01W  u_ff=81.3W  PCAP→78W  power=78.1W
[PID] perf=85.302Hz  target=8.967Hz  err=-76.335Hz  corr=-1455.60W  u_ff=81.3W  PCAP→78W  power=77.3W
[PID] perf=26.655Hz  target=8.967Hz  err=-17.688Hz  corr=-368.01W  u_ff=81.3W  PCAP→78W  power=76.9W
[PID] perf=85.141Hz  target=8.967Hz  err=-76.174Hz  corr=-1452.62W  u_ff=81.3W  PCAP→78W  power=76.9W
[PID] perf=48.994Hz  target=8.967Hz  err=-40.027Hz  corr=-782.28W  u_ff=81.3W  PCAP→78W  power=77.8W
[PID] perf=48.823Hz  target=8.967Hz  err=-39.856Hz  corr=-779.12W  u_ff=81.3W  PCAP→78W  power=78.1W
[PID] perf=53.515Hz  target=8.967Hz  err=-44.548Hz  corr=-866.13W  u_ff=81.3W  PCAP→78W  power=76.2W
[PID] perf=78.738Hz  target=8.967Hz  err=-69.771Hz  corr=-1333.88W  u_ff=81.3W  PCAP→78W  power=77.4W
[PID] perf=45.211Hz  target=8.967Hz  err=-36.244Hz  corr=-712.13W  u_ff=81.3W  PCAP→78W  power=77.6W
[PID] perf=85.086Hz  target=8.967Hz  err=-76.119Hz  corr=-1451.61W  u_ff=81.3W  PCAP→78W  power=77.0W
[PID] perf=85.141Hz  target=8.967Hz  err=-76.174Hz  corr=-1452.62W  u_ff=81.3W  PCAP→78W  power=77.6W
[PID] perf=27.044Hz  target=8.967Hz  err=-18.077Hz  corr=-375.23W  u_ff=81.3W  PCAP→78W  power=76.3W
[PID] perf=27.093Hz  target=8.967Hz  err=-18.126Hz  corr=-376.14W  u_ff=81.3W  PCAP→78W  power=78.7W
[PID] perf=27.147Hz  target=8.967Hz  err=-18.180Hz  corr=-377.14W  u_ff=81.3W  PCAP→78W  power=77.2W
[PID] perf=27.149Hz  target=8.967Hz  err=-18.181Hz  corr=-377.17W  u_ff=81.3W  PCAP→78W  power=76.5W
[PID] perf=26.962Hz  target=8.967Hz  err=-17.995Hz  corr=-373.71W  u_ff=81.3W  PCAP→78W  power=78.8W
[PID] perf=26.958Hz  target=8.967Hz  err=-17.991Hz  corr=-373.63W  u_ff=81.3W  PCAP→78W  power=78.9W
[PID] perf=26.990Hz  target=8.967Hz  err=-18.023Hz  corr=-374.23W  u_ff=81.3W  PCAP→78W  power=77.2W
[PID] perf=27.031Hz  target=8.967Hz  err=-18.064Hz  corr=-374.99W  u_ff=81.3W  PCAP→78W  power=77.2W
[PID] perf=26.968Hz  target=8.967Hz  err=-18.001Hz  corr=-373.82W  u_ff=81.3W  PCAP→78W  power=76.2W
[PID] perf=27.000Hz  target=8.967Hz  err=-18.033Hz  corr=-374.42W  u_ff=81.3W  PCAP→78W  power=77.1W
[PID] perf=26.969Hz  target=8.967Hz  err=-18.002Hz  corr=-373.84W  u_ff=81.3W  PCAP→78W  power=77.3W
[PID] perf=26.959Hz  target=8.967Hz  err=-17.992Hz  corr=-373.65W  u_ff=81.3W  PCAP→78W  power=77.0W
[PID] perf=27.011Hz  target=8.967Hz  err=-18.044Hz  corr=-374.62W  u_ff=81.3W  PCAP→78W  power=77.2W
[PID] perf=27.001Hz  target=8.967Hz  err=-18.034Hz  corr=-374.43W  u_ff=81.3W  PCAP→78W  power=77.4W
[PID] perf=27.036Hz  target=8.967Hz  err=-18.069Hz  corr=-375.08W  u_ff=81.3W  PCAP→78W  power=79.1W
[PID] perf=27.079Hz  target=8.967Hz  err=-18.112Hz  corr=-375.88W  u_ff=81.3W  PCAP→78W  power=78.9W
[PID] perf=27.041Hz  target=8.967Hz  err=-18.074Hz  corr=-375.17W  u_ff=81.3W  PCAP→78W  power=78.1W
[PID] perf=27.041Hz  target=8.967Hz  err=-18.073Hz  corr=-375.16W  u_ff=81.3W  PCAP→78W  power=77.3W
[PID] perf=26.988Hz  target=8.967Hz  err=-18.020Hz  corr=-374.18W  u_ff=81.3W  PCAP→78W  power=76.3W
[PID] perf=27.032Hz  target=8.967Hz  err=-18.065Hz  corr=-375.01W  u_ff=81.3W  PCAP→78W  power=77.1W
[PID] perf=27.015Hz  target=8.967Hz  err=-18.048Hz  corr=-374.69W  u_ff=81.3W  PCAP→78W  power=77.1W
[PID] perf=27.062Hz  target=8.967Hz  err=-18.095Hz  corr=-375.57W  u_ff=81.3W  PCAP→78W  power=78.7W
[PID] perf=26.930Hz  target=8.967Hz  err=-17.963Hz  corr=-373.12W  u_ff=81.3W  PCAP→78W  power=78.0W
[PID] perf=26.984Hz  target=8.967Hz  err=-18.016Hz  corr=-374.11W  u_ff=81.3W  PCAP→78W  power=78.8W
[PID] perf=26.952Hz  target=8.967Hz  err=-17.985Hz  corr=-373.52W  u_ff=81.3W  PCAP→78W  power=77.6W
[PID] perf=26.954Hz  target=8.967Hz  err=-17.987Hz  corr=-373.57W  u_ff=81.3W  PCAP→78W  power=76.1W
[PID] perf=26.996Hz  target=8.967Hz  err=-18.029Hz  corr=-374.33W  u_ff=81.3W  PCAP→78W  power=77.5W
[PID] perf=26.980Hz  target=8.967Hz  err=-18.013Hz  corr=-374.04W  u_ff=81.3W  PCAP→78W  power=77.0W
[PID] perf=26.991Hz  target=8.967Hz  err=-18.024Hz  corr=-374.25W  u_ff=81.3W  PCAP→78W  power=77.0W
[PID] perf=26.988Hz  target=8.967Hz  err=-18.021Hz  corr=-374.19W  u_ff=81.3W  PCAP→78W  power=77.8W
[PID] perf=26.995Hz  target=8.967Hz  err=-18.027Hz  corr=-374.31W  u_ff=81.3W  PCAP→78W  power=78.9W
[PID] perf=26.981Hz  target=8.967Hz  err=-18.014Hz  corr=-374.07W  u_ff=81.3W  PCAP→78W  power=78.8W
[PID] perf=26.972Hz  target=8.967Hz  err=-18.004Hz  corr=-373.89W  u_ff=81.3W  PCAP→78W  power=79.2W
[PID] perf=26.855Hz  target=8.967Hz  err=-17.888Hz  corr=-371.72W  u_ff=81.3W  PCAP→78W  power=77.2W
[PID] perf=26.887Hz  target=8.967Hz  err=-17.920Hz  corr=-372.32W  u_ff=81.3W  PCAP→78W  power=77.9W
[PID] perf=26.946Hz  target=8.967Hz  err=-17.979Hz  corr=-373.42W  u_ff=81.3W  PCAP→78W  power=79.0W
[PID] perf=26.892Hz  target=8.967Hz  err=-17.925Hz  corr=-372.40W  u_ff=81.3W  PCAP→78W  power=78.5W
[PID] perf=26.902Hz  target=8.967Hz  err=-17.934Hz  corr=-372.59W  u_ff=81.3W  PCAP→78W  power=76.5W
[PID] perf=26.587Hz  target=8.967Hz  err=-17.620Hz  corr=-366.76W  u_ff=81.3W  PCAP→78W  power=76.3W
[PID] perf=26.584Hz  target=8.967Hz  err=-17.617Hz  corr=-366.70W  u_ff=81.3W  PCAP→78W  power=76.3W
[PID] perf=26.617Hz  target=8.967Hz  err=-17.650Hz  corr=-367.31W  u_ff=81.3W  PCAP→78W  power=76.1W
[PID] perf=26.632Hz  target=8.967Hz  err=-17.665Hz  corr=-367.58W  u_ff=81.3W  PCAP→78W  power=77.8W
[PID] perf=26.640Hz  target=8.967Hz  err=-17.673Hz  corr=-367.74W  u_ff=81.3W  PCAP→78W  power=77.0W
[PID] perf=26.575Hz  target=8.967Hz  err=-17.608Hz  corr=-366.53W  u_ff=81.3W  PCAP→78W  power=77.2W
[PID] perf=26.563Hz  target=8.967Hz  err=-17.596Hz  corr=-366.31W  u_ff=81.3W  PCAP→78W  power=76.6W
[PID] perf=26.597Hz  target=8.967Hz  err=-17.630Hz  corr=-366.94W  u_ff=81.3W  PCAP→78W  power=77.8W
[PID] perf=26.582Hz  target=8.967Hz  err=-17.615Hz  corr=-366.66W  u_ff=81.3W  PCAP→78W  power=78.5W
[PID] perf=26.598Hz  target=8.967Hz  err=-17.631Hz  corr=-366.96W  u_ff=81.3W  PCAP→78W  power=77.3W
[PID] perf=26.575Hz  target=8.967Hz  err=-17.608Hz  corr=-366.54W  u_ff=81.3W  PCAP→78W  power=78.4W
[PID] perf=26.649Hz  target=8.967Hz  err=-17.682Hz  corr=-367.91W  u_ff=81.3W  PCAP→78W  power=78.2W
[PID] perf=26.613Hz  target=8.967Hz  err=-17.646Hz  corr=-367.24W  u_ff=81.3W  PCAP→78W  power=79.6W
[PID] perf=26.607Hz  target=8.967Hz  err=-17.640Hz  corr=-367.13W  u_ff=81.3W  PCAP→78W  power=78.2W
[PID] perf=26.611Hz  target=8.967Hz  err=-17.643Hz  corr=-367.19W  u_ff=81.3W  PCAP→78W  power=77.1W
[PID] perf=26.588Hz  target=8.967Hz  err=-17.621Hz  corr=-366.78W  u_ff=81.3W  PCAP→78W  power=77.1W
[PID] perf=26.608Hz  target=8.967Hz  err=-17.640Hz  corr=-367.13W  u_ff=81.3W  PCAP→78W  power=79.2W
[PID] perf=26.647Hz  target=8.967Hz  err=-17.680Hz  corr=-367.87W  u_ff=81.3W  PCAP→78W  power=78.0W
[PID] perf=26.641Hz  target=8.967Hz  err=-17.674Hz  corr=-367.76W  u_ff=81.3W  PCAP→78W  power=77.4W
[PID] perf=26.652Hz  target=8.967Hz  err=-17.684Hz  corr=-367.95W  u_ff=81.3W  PCAP→78W  power=76.9W
[PID] perf=26.622Hz  target=8.967Hz  err=-17.655Hz  corr=-367.41W  u_ff=81.3W  PCAP→78W  power=77.1W
[PID] perf=26.577Hz  target=8.967Hz  err=-17.609Hz  corr=-366.56W  u_ff=81.3W  PCAP→78W  power=78.9W
[PID] perf=26.589Hz  target=8.967Hz  err=-17.621Hz  corr=-366.78W  u_ff=81.3W  PCAP→78W  power=78.9W
[PID] perf=26.859Hz  target=8.967Hz  err=-17.891Hz  corr=-371.79W  u_ff=81.3W  PCAP→78W  power=79.0W
[PID] perf=26.930Hz  target=8.967Hz  err=-17.963Hz  corr=-373.12W  u_ff=81.3W  PCAP→78W  power=78.8W
[PID] perf=26.897Hz  target=8.967Hz  err=-17.930Hz  corr=-372.51W  u_ff=81.3W  PCAP→78W  power=79.1W
[PID] perf=26.906Hz  target=8.967Hz  err=-17.939Hz  corr=-372.67W  u_ff=81.3W  PCAP→78W  power=78.4W
[PID] perf=26.919Hz  target=8.967Hz  err=-17.952Hz  corr=-372.92W  u_ff=81.3W  PCAP→78W  power=78.3W
[PID] perf=26.921Hz  target=8.967Hz  err=-17.954Hz  corr=-372.95W  u_ff=81.3W  PCAP→78W  power=76.1W
[PID] perf=26.945Hz  target=8.967Hz  err=-17.978Hz  corr=-373.40W  u_ff=81.3W  PCAP→78W  power=77.6W
[PID] perf=26.905Hz  target=8.967Hz  err=-17.937Hz  corr=-372.64W  u_ff=81.3W  PCAP→78W  power=77.1W
[PID] perf=26.912Hz  target=8.967Hz  err=-17.944Hz  corr=-372.77W  u_ff=81.3W  PCAP→78W  power=76.9W
[PID] perf=26.917Hz  target=8.967Hz  err=-17.949Hz  corr=-372.86W  u_ff=81.3W  PCAP→78W  power=78.8W
[PID] perf=26.889Hz  target=8.967Hz  err=-17.922Hz  corr=-372.35W  u_ff=81.3W  PCAP→78W  power=79.2W
[PID] perf=26.915Hz  target=8.967Hz  err=-17.948Hz  corr=-372.84W  u_ff=81.3W  PCAP→78W  power=77.4W
[PID] perf=26.815Hz  target=8.967Hz  err=-17.847Hz  corr=-370.98W  u_ff=81.3W  PCAP→78W  power=78.1W
[PID] perf=26.836Hz  target=8.967Hz  err=-17.868Hz  corr=-371.36W  u_ff=81.3W  PCAP→78W  power=78.9W
[PID] perf=26.807Hz  target=8.967Hz  err=-17.840Hz  corr=-370.83W  u_ff=81.3W  PCAP→78W  power=78.4W
[PID] perf=26.856Hz  target=8.967Hz  err=-17.889Hz  corr=-371.74W  u_ff=81.3W  PCAP→78W  power=79.4W
[PID] perf=26.824Hz  target=8.967Hz  err=-17.857Hz  corr=-371.14W  u_ff=81.3W  PCAP→78W  power=76.4W
[PID] perf=26.827Hz  target=8.967Hz  err=-17.859Hz  corr=-371.20W  u_ff=81.3W  PCAP→78W  power=76.3W
[PID] perf=26.855Hz  target=8.967Hz  err=-17.887Hz  corr=-371.71W  u_ff=81.3W  PCAP→78W  power=76.4W
[PID] perf=26.882Hz  target=8.967Hz  err=-17.914Hz  corr=-372.22W  u_ff=81.3W  PCAP→78W  power=77.4W
[PID] perf=26.863Hz  target=8.967Hz  err=-17.896Hz  corr=-371.87W  u_ff=81.3W  PCAP→78W  power=78.4W
[PID] perf=26.883Hz  target=8.967Hz  err=-17.916Hz  corr=-372.24W  u_ff=81.3W  PCAP→78W  power=77.2W
[PID] perf=26.881Hz  target=8.967Hz  err=-17.913Hz  corr=-372.20W  u_ff=81.3W  PCAP→78W  power=76.5W
[PID] perf=26.872Hz  target=8.967Hz  err=-17.904Hz  corr=-372.03W  u_ff=81.3W  PCAP→78W  power=78.3W
[PID] perf=26.870Hz  target=8.967Hz  err=-17.903Hz  corr=-372.00W  u_ff=81.3W  PCAP→78W  power=78.0W
[PID] perf=26.862Hz  target=8.967Hz  err=-17.894Hz  corr=-371.85W  u_ff=81.3W  PCAP→78W  power=77.6W
[PID] perf=26.822Hz  target=8.967Hz  err=-17.855Hz  corr=-371.11W  u_ff=81.3W  PCAP→78W  power=76.3W
[PID] perf=26.865Hz  target=8.967Hz  err=-17.897Hz  corr=-371.90W  u_ff=81.3W  PCAP→78W  power=76.4W
[PID] perf=26.862Hz  target=8.967Hz  err=-17.895Hz  corr=-371.86W  u_ff=81.3W  PCAP→78W  power=76.3W
[PID] perf=26.860Hz  target=8.967Hz  err=-17.892Hz  corr=-371.81W  u_ff=81.3W  PCAP→78W  power=75.7W
[PID] perf=26.829Hz  target=8.967Hz  err=-17.861Hz  corr=-371.23W  u_ff=81.3W  PCAP→78W  power=76.7W
[PID] perf=26.845Hz  target=8.967Hz  err=-17.878Hz  corr=-371.55W  u_ff=81.3W  PCAP→78W  power=78.3W
[PID] perf=26.816Hz  target=8.967Hz  err=-17.849Hz  corr=-370.99W  u_ff=81.3W  PCAP→78W  power=77.8W
[PID] perf=26.774Hz  target=8.967Hz  err=-17.807Hz  corr=-370.22W  u_ff=81.3W  PCAP→78W  power=77.4W
[PID] perf=26.887Hz  target=8.967Hz  err=-17.919Hz  corr=-372.31W  u_ff=81.3W  PCAP→78W  power=77.2W
[PID] perf=26.921Hz  target=8.967Hz  err=-17.954Hz  corr=-372.95W  u_ff=81.3W  PCAP→78W  power=76.9W
[PID] perf=26.934Hz  target=8.967Hz  err=-17.967Hz  corr=-373.19W  u_ff=81.3W  PCAP→78W  power=76.4W
[PID] perf=26.924Hz  target=8.967Hz  err=-17.957Hz  corr=-373.01W  u_ff=81.3W  PCAP→78W  power=76.5W
[PID] perf=26.906Hz  target=8.967Hz  err=-17.939Hz  corr=-372.67W  u_ff=81.3W  PCAP→78W  power=77.3W
[PID] perf=26.914Hz  target=8.967Hz  err=-17.946Hz  corr=-372.81W  u_ff=81.3W  PCAP→78W  power=77.0W
[PID] perf=26.941Hz  target=8.967Hz  err=-17.973Hz  corr=-373.31W  u_ff=81.3W  PCAP→78W  power=77.8W
[PID] perf=26.962Hz  target=8.967Hz  err=-17.995Hz  corr=-373.71W  u_ff=81.3W  PCAP→78W  power=77.3W
[PID] perf=26.943Hz  target=8.967Hz  err=-17.976Hz  corr=-373.35W  u_ff=81.3W  PCAP→78W  power=77.7W
[PID] perf=26.990Hz  target=8.967Hz  err=-18.023Hz  corr=-374.23W  u_ff=81.3W  PCAP→78W  power=76.4W
[PID] perf=26.968Hz  target=8.967Hz  err=-18.001Hz  corr=-373.82W  u_ff=81.3W  PCAP→78W  power=79.1W
[PID] perf=26.989Hz  target=8.967Hz  err=-18.022Hz  corr=-374.21W  u_ff=81.3W  PCAP→78W  power=77.1W
[PID] perf=26.942Hz  target=8.967Hz  err=-17.975Hz  corr=-373.34W  u_ff=81.3W  PCAP→78W  power=77.4W
[PID] perf=26.944Hz  target=8.967Hz  err=-17.977Hz  corr=-373.38W  u_ff=81.3W  PCAP→78W  power=77.1W
[PID] perf=26.953Hz  target=8.967Hz  err=-17.986Hz  corr=-373.54W  u_ff=81.3W  PCAP→78W  power=78.6W
[PID] perf=26.923Hz  target=8.967Hz  err=-17.956Hz  corr=-372.99W  u_ff=81.3W  PCAP→78W  power=77.2W
[PID] perf=26.936Hz  target=8.967Hz  err=-17.968Hz  corr=-373.22W  u_ff=81.3W  PCAP→78W  power=78.4W
[PID] perf=26.957Hz  target=8.967Hz  err=-17.989Hz  corr=-373.61W  u_ff=81.3W  PCAP→78W  power=77.8W
[PID] perf=26.969Hz  target=8.967Hz  err=-18.002Hz  corr=-373.84W  u_ff=81.3W  PCAP→78W  power=77.5W
[PID] perf=26.949Hz  target=8.967Hz  err=-17.982Hz  corr=-373.47W  u_ff=81.3W  PCAP→78W  power=78.1W
[PID] perf=26.734Hz  target=8.967Hz  err=-17.767Hz  corr=-369.48W  u_ff=81.3W  PCAP→78W  power=78.7W
[PID] perf=26.766Hz  target=8.967Hz  err=-17.799Hz  corr=-370.08W  u_ff=81.3W  PCAP→78W  power=77.0W
[PID] perf=26.767Hz  target=8.967Hz  err=-17.800Hz  corr=-370.10W  u_ff=81.3W  PCAP→78W  power=77.2W
[PID] perf=26.772Hz  target=8.967Hz  err=-17.805Hz  corr=-370.19W  u_ff=81.3W  PCAP→78W  power=77.3W
[PID] perf=26.757Hz  target=8.967Hz  err=-17.790Hz  corr=-369.90W  u_ff=81.3W  PCAP→78W  power=76.3W
[PID] perf=26.784Hz  target=8.967Hz  err=-17.817Hz  corr=-370.41W  u_ff=81.3W  PCAP→78W  power=77.0W
[PID] perf=26.770Hz  target=8.967Hz  err=-17.803Hz  corr=-370.15W  u_ff=81.3W  PCAP→78W  power=77.3W
[PID] perf=26.759Hz  target=8.967Hz  err=-17.792Hz  corr=-369.95W  u_ff=81.3W  PCAP→78W  power=77.3W
[PID] perf=26.761Hz  target=8.967Hz  err=-17.794Hz  corr=-369.98W  u_ff=81.3W  PCAP→78W  power=78.2W
[PID] perf=26.751Hz  target=8.967Hz  err=-17.784Hz  corr=-369.80W  u_ff=81.3W  PCAP→78W  power=77.1W
[PID] perf=26.785Hz  target=8.967Hz  err=-17.817Hz  corr=-370.42W  u_ff=81.3W  PCAP→78W  power=76.6W
[PID] perf=26.739Hz  target=8.967Hz  err=-17.771Hz  corr=-369.57W  u_ff=81.3W  PCAP→78W  power=76.8W
[PID] perf=26.777Hz  target=8.967Hz  err=-17.809Hz  corr=-370.27W  u_ff=81.3W  PCAP→78W  power=77.0W
[PID] perf=26.773Hz  target=8.967Hz  err=-17.806Hz  corr=-370.21W  u_ff=81.3W  PCAP→78W  power=77.3W
[PID] perf=26.777Hz  target=8.967Hz  err=-17.810Hz  corr=-370.28W  u_ff=81.3W  PCAP→78W  power=77.3W
[PID] perf=26.775Hz  target=8.967Hz  err=-17.807Hz  corr=-370.23W  u_ff=81.3W  PCAP→78W  power=77.5W
[PID] perf=26.751Hz  target=8.967Hz  err=-17.784Hz  corr=-369.80W  u_ff=81.3W  PCAP→78W  power=77.2W
[PID] perf=26.790Hz  target=8.967Hz  err=-17.823Hz  corr=-370.52W  u_ff=81.3W  PCAP→78W  power=77.9W
[PID] perf=26.752Hz  target=8.967Hz  err=-17.785Hz  corr=-369.82W  u_ff=81.3W  PCAP→78W  power=76.5W
[PID] perf=26.756Hz  target=8.967Hz  err=-17.789Hz  corr=-369.89W  u_ff=81.3W  PCAP→78W  power=76.9W
[PID] perf=26.825Hz  target=8.967Hz  err=-17.858Hz  corr=-371.17W  u_ff=81.3W  PCAP→78W  power=77.8W
[PID] perf=26.801Hz  target=8.967Hz  err=-17.834Hz  corr=-370.72W  u_ff=81.3W  PCAP→78W  power=78.4W
[PID] perf=26.849Hz  target=8.967Hz  err=-17.881Hz  corr=-371.60W  u_ff=81.3W  PCAP→78W  power=77.1W
[PID] perf=26.838Hz  target=8.967Hz  err=-17.870Hz  corr=-371.40W  u_ff=81.3W  PCAP→78W  power=78.8W
[PID] perf=26.829Hz  target=8.967Hz  err=-17.862Hz  corr=-371.24W  u_ff=81.3W  PCAP→78W  power=77.5W
[PID] perf=26.819Hz  target=8.967Hz  err=-17.851Hz  corr=-371.05W  u_ff=81.3W  PCAP→78W  power=77.0W
[PID] perf=26.809Hz  target=8.967Hz  err=-17.842Hz  corr=-370.87W  u_ff=81.3W  PCAP→78W  power=78.5W
[PID] perf=26.785Hz  target=8.967Hz  err=-17.818Hz  corr=-370.43W  u_ff=81.3W  PCAP→78W  power=78.6W
[PID] perf=26.757Hz  target=8.967Hz  err=-17.789Hz  corr=-369.90W  u_ff=81.3W  PCAP→78W  power=79.0W
[PID] perf=26.763Hz  target=8.967Hz  err=-17.796Hz  corr=-370.02W  u_ff=81.3W  PCAP→78W  power=79.3W
[PID] perf=26.732Hz  target=8.967Hz  err=-17.765Hz  corr=-369.44W  u_ff=81.3W  PCAP→78W  power=77.9W
[PID] perf=26.744Hz  target=8.967Hz  err=-17.777Hz  corr=-369.66W  u_ff=81.3W  PCAP→78W  power=77.1W
[PID] perf=26.750Hz  target=8.967Hz  err=-17.783Hz  corr=-369.78W  u_ff=81.3W  PCAP→78W  power=76.9W
[PID] perf=26.761Hz  target=8.967Hz  err=-17.794Hz  corr=-369.98W  u_ff=81.3W  PCAP→78W  power=77.1W
[PID] perf=26.742Hz  target=8.967Hz  err=-17.775Hz  corr=-369.63W  u_ff=81.3W  PCAP→78W  power=77.1W
[PID] perf=26.775Hz  target=8.967Hz  err=-17.808Hz  corr=-370.24W  u_ff=81.3W  PCAP→78W  power=77.4W
[PID] perf=26.744Hz  target=8.967Hz  err=-17.777Hz  corr=-369.66W  u_ff=81.3W  PCAP→78W  power=77.0W
[PID] perf=26.735Hz  target=8.967Hz  err=-17.768Hz  corr=-369.50W  u_ff=81.3W  PCAP→78W  power=76.9W
[PID] perf=26.751Hz  target=8.967Hz  err=-17.784Hz  corr=-369.79W  u_ff=81.3W  PCAP→78W  power=76.3W
[PID] perf=26.791Hz  target=8.967Hz  err=-17.823Hz  corr=-370.53W  u_ff=81.3W  PCAP→78W  power=76.9W
[PID] perf=26.758Hz  target=8.967Hz  err=-17.791Hz  corr=-369.93W  u_ff=81.3W  PCAP→78W  power=79.0W
[PID] perf=26.785Hz  target=8.967Hz  err=-17.817Hz  corr=-370.42W  u_ff=81.3W  PCAP→78W  power=77.5W
[PID] perf=26.741Hz  target=8.967Hz  err=-17.774Hz  corr=-369.62W  u_ff=81.3W  PCAP→78W  power=77.7W
[PID] perf=26.718Hz  target=8.967Hz  err=-17.751Hz  corr=-369.19W  u_ff=81.3W  PCAP→78W  power=77.5W
[PID] perf=26.768Hz  target=8.967Hz  err=-17.801Hz  corr=-370.11W  u_ff=81.3W  PCAP→78W  power=76.9W
[PID] perf=26.745Hz  target=8.967Hz  err=-17.777Hz  corr=-369.67W  u_ff=81.3W  PCAP→78W  power=76.4W
[PID] perf=26.753Hz  target=8.967Hz  err=-17.786Hz  corr=-369.83W  u_ff=81.3W  PCAP→78W  power=78.7W
[PID] perf=26.745Hz  target=8.967Hz  err=-17.777Hz  corr=-369.67W  u_ff=81.3W  PCAP→78W  power=76.9W
[PID] perf=26.746Hz  target=8.967Hz  err=-17.779Hz  corr=-369.71W  u_ff=81.3W  PCAP→78W  power=77.7W
[PID] perf=26.740Hz  target=8.967Hz  err=-17.773Hz  corr=-369.59W  u_ff=81.3W  PCAP→78W  power=76.5W
[PID] perf=26.721Hz  target=8.967Hz  err=-17.754Hz  corr=-369.24W  u_ff=81.3W  PCAP→78W  power=77.7W
[PID] perf=26.739Hz  target=8.967Hz  err=-17.772Hz  corr=-369.58W  u_ff=81.3W  PCAP→78W  power=77.8W
[PID] perf=26.782Hz  target=8.967Hz  err=-17.815Hz  corr=-370.38W  u_ff=81.3W  PCAP→78W  power=78.1W
[PID] perf=26.777Hz  target=8.967Hz  err=-17.809Hz  corr=-370.27W  u_ff=81.3W  PCAP→78W  power=77.9W
[PID] perf=26.773Hz  target=8.967Hz  err=-17.806Hz  corr=-370.20W  u_ff=81.3W  PCAP→78W  power=76.7W
[PID] perf=26.699Hz  target=8.967Hz  err=-17.731Hz  corr=-368.82W  u_ff=81.3W  PCAP→78W  power=79.0W
[PID] perf=26.695Hz  target=8.967Hz  err=-17.728Hz  corr=-368.76W  u_ff=81.3W  PCAP→78W  power=77.3W
[PID] perf=26.694Hz  target=8.967Hz  err=-17.727Hz  corr=-368.74W  u_ff=81.3W  PCAP→78W  power=76.7W
[PID] perf=26.726Hz  target=8.967Hz  err=-17.759Hz  corr=-369.33W  u_ff=81.3W  PCAP→78W  power=78.2W
[PID] perf=26.709Hz  target=8.967Hz  err=-17.741Hz  corr=-369.01W  u_ff=81.3W  PCAP→78W  power=77.2W
[PID] perf=26.678Hz  target=8.967Hz  err=-17.711Hz  corr=-368.44W  u_ff=81.3W  PCAP→78W  power=76.5W
[PID] perf=26.704Hz  target=8.967Hz  err=-17.736Hz  corr=-368.91W  u_ff=81.3W  PCAP→78W  power=76.6W
[PID] perf=26.716Hz  target=8.967Hz  err=-17.749Hz  corr=-369.15W  u_ff=81.3W  PCAP→78W  power=76.8W
[PID] perf=26.705Hz  target=8.967Hz  err=-17.738Hz  corr=-368.95W  u_ff=81.3W  PCAP→78W  power=77.5W
[PID] perf=26.681Hz  target=8.967Hz  err=-17.714Hz  corr=-368.49W  u_ff=81.3W  PCAP→78W  power=78.3W
[PID] perf=26.725Hz  target=8.967Hz  err=-17.757Hz  corr=-369.30W  u_ff=81.3W  PCAP→78W  power=76.4W
[PID] perf=26.713Hz  target=8.967Hz  err=-17.745Hz  corr=-369.08W  u_ff=81.3W  PCAP→78W  power=77.2W
[PID] perf=26.718Hz  target=8.967Hz  err=-17.751Hz  corr=-369.19W  u_ff=81.3W  PCAP→78W  power=77.0W
[PID] perf=26.695Hz  target=8.967Hz  err=-17.728Hz  corr=-368.76W  u_ff=81.3W  PCAP→78W  power=78.9W
[PID] perf=26.711Hz  target=8.967Hz  err=-17.744Hz  corr=-369.06W  u_ff=81.3W  PCAP→78W  power=77.4W
[PID] perf=26.751Hz  target=8.967Hz  err=-17.783Hz  corr=-369.79W  u_ff=81.3W  PCAP→78W  power=77.0W
[PID] perf=26.717Hz  target=8.967Hz  err=-17.750Hz  corr=-369.16W  u_ff=81.3W  PCAP→78W  power=77.5W
[PID] perf=26.726Hz  target=8.967Hz  err=-17.759Hz  corr=-369.34W  u_ff=81.3W  PCAP→78W  power=76.9W
[PID] perf=26.698Hz  target=8.967Hz  err=-17.731Hz  corr=-368.82W  u_ff=81.3W  PCAP→78W  power=77.5W
[PID] perf=26.670Hz  target=8.967Hz  err=-17.703Hz  corr=-368.30W  u_ff=81.3W  PCAP→78W  power=76.7W
[PID] perf=26.665Hz  target=8.967Hz  err=-17.698Hz  corr=-368.21W  u_ff=81.3W  PCAP→78W  power=77.4W
[PID] perf=26.681Hz  target=8.967Hz  err=-17.714Hz  corr=-368.50W  u_ff=81.3W  PCAP→78W  power=76.9W
[PID] perf=26.691Hz  target=8.967Hz  err=-17.723Hz  corr=-368.67W  u_ff=81.3W  PCAP→78W  power=77.1W
[PID] perf=26.721Hz  target=8.967Hz  err=-17.753Hz  corr=-369.23W  u_ff=81.3W  PCAP→78W  power=76.9W
[PID] perf=26.736Hz  target=8.967Hz  err=-17.768Hz  corr=-369.51W  u_ff=81.3W  PCAP→78W  power=78.7W
[PID] perf=26.815Hz  target=8.967Hz  err=-17.848Hz  corr=-370.98W  u_ff=81.3W  PCAP→78W  power=76.5W
[PID] perf=26.778Hz  target=8.967Hz  err=-17.810Hz  corr=-370.29W  u_ff=81.3W  PCAP→78W  power=78.2W
[PID] perf=26.761Hz  target=8.967Hz  err=-17.794Hz  corr=-369.98W  u_ff=81.3W  PCAP→78W  power=77.1W
[PID] perf=26.731Hz  target=8.967Hz  err=-17.764Hz  corr=-369.43W  u_ff=81.3W  PCAP→78W  power=77.1W
[PID] perf=26.722Hz  target=8.967Hz  err=-17.754Hz  corr=-369.25W  u_ff=81.3W  PCAP→78W  power=77.5W
[PID] perf=26.722Hz  target=8.967Hz  err=-17.755Hz  corr=-369.26W  u_ff=81.3W  PCAP→78W  power=78.5W
[PID] perf=26.715Hz  target=8.967Hz  err=-17.748Hz  corr=-369.13W  u_ff=81.3W  PCAP→78W  power=78.2W
[PID] perf=26.716Hz  target=8.967Hz  err=-17.749Hz  corr=-369.15W  u_ff=81.3W  PCAP→78W  power=77.3W
[PID] perf=26.683Hz  target=8.967Hz  err=-17.716Hz  corr=-368.53W  u_ff=81.3W  PCAP→78W  power=77.7W
[PID] perf=26.660Hz  target=8.967Hz  err=-17.693Hz  corr=-368.12W  u_ff=81.3W  PCAP→78W  power=79.0W
[PID] perf=26.677Hz  target=8.967Hz  err=-17.709Hz  corr=-368.41W  u_ff=81.3W  PCAP→78W  power=78.4W
[PID] perf=26.677Hz  target=8.967Hz  err=-17.710Hz  corr=-368.42W  u_ff=81.3W  PCAP→78W  power=78.1W
[PID] perf=26.636Hz  target=8.967Hz  err=-17.668Hz  corr=-367.65W  u_ff=81.3W  PCAP→78W  power=78.0W
[PID] perf=26.627Hz  target=8.967Hz  err=-17.659Hz  corr=-367.49W  u_ff=81.3W  PCAP→78W  power=78.8W
[PID] perf=26.643Hz  target=8.967Hz  err=-17.676Hz  corr=-367.79W  u_ff=81.3W  PCAP→78W  power=77.5W
[PID] perf=26.634Hz  target=8.967Hz  err=-17.667Hz  corr=-367.62W  u_ff=81.3W  PCAP→78W  power=77.7W
[PID] perf=26.701Hz  target=8.967Hz  err=-17.733Hz  corr=-368.86W  u_ff=81.3W  PCAP→78W  power=78.7W
[PID] perf=26.715Hz  target=8.967Hz  err=-17.747Hz  corr=-369.12W  u_ff=81.3W  PCAP→78W  power=78.8W
[PID] perf=26.710Hz  target=8.967Hz  err=-17.743Hz  corr=-369.03W  u_ff=81.3W  PCAP→78W  power=77.8W
[PID] perf=26.699Hz  target=8.967Hz  err=-17.732Hz  corr=-368.84W  u_ff=81.3W  PCAP→78W  power=76.5W
[PID] perf=26.677Hz  target=8.967Hz  err=-17.710Hz  corr=-368.43W  u_ff=81.3W  PCAP→78W  power=77.3W
[PID] perf=26.677Hz  target=8.967Hz  err=-17.710Hz  corr=-368.42W  u_ff=81.3W  PCAP→78W  power=78.9W
[PID] perf=26.656Hz  target=8.967Hz  err=-17.689Hz  corr=-368.03W  u_ff=81.3W  PCAP→78W  power=76.9W
[PID] perf=26.651Hz  target=8.967Hz  err=-17.684Hz  corr=-367.94W  u_ff=81.3W  PCAP→78W  power=77.1W
[PID] perf=26.605Hz  target=8.967Hz  err=-17.638Hz  corr=-367.09W  u_ff=81.3W  PCAP→78W  power=77.0W
[PID] perf=26.683Hz  target=8.967Hz  err=-17.716Hz  corr=-368.54W  u_ff=81.3W  PCAP→78W  power=77.0W
[PID] perf=26.668Hz  target=8.967Hz  err=-17.701Hz  corr=-368.25W  u_ff=81.3W  PCAP→78W  power=77.0W
[PID] perf=26.688Hz  target=8.967Hz  err=-17.721Hz  corr=-368.63W  u_ff=81.3W  PCAP→78W  power=77.5W
[PID] perf=26.618Hz  target=8.967Hz  err=-17.651Hz  corr=-367.32W  u_ff=81.3W  PCAP→78W  power=78.2W
[PID] perf=26.634Hz  target=8.967Hz  err=-17.667Hz  corr=-367.63W  u_ff=81.3W  PCAP→78W  power=78.5W
[PID] perf=26.645Hz  target=8.967Hz  err=-17.678Hz  corr=-367.83W  u_ff=81.3W  PCAP→78W  power=79.1W
[PID] perf=26.654Hz  target=8.967Hz  err=-17.687Hz  corr=-368.00W  u_ff=81.3W  PCAP→78W  power=77.6W
[PID] perf=26.665Hz  target=8.967Hz  err=-17.698Hz  corr=-368.20W  u_ff=81.3W  PCAP→78W  power=78.9W
[PID] perf=26.576Hz  target=8.967Hz  err=-17.609Hz  corr=-366.55W  u_ff=81.3W  PCAP→78W  power=78.2W
[PID] perf=25.785Hz  target=8.967Hz  err=-16.817Hz  corr=-351.87W  u_ff=81.3W  PCAP→78W  power=77.4W
[PID] perf=25.813Hz  target=8.967Hz  err=-16.846Hz  corr=-352.40W  u_ff=81.3W  PCAP→78W  power=77.4W
[PID] perf=25.811Hz  target=8.967Hz  err=-16.844Hz  corr=-352.36W  u_ff=81.3W  PCAP→78W  power=76.1W
[PID] perf=25.816Hz  target=8.967Hz  err=-16.849Hz  corr=-352.46W  u_ff=81.3W  PCAP→78W  power=78.0W
[PID] perf=25.829Hz  target=8.967Hz  err=-16.862Hz  corr=-352.70W  u_ff=81.3W  PCAP→78W  power=77.7W
[PID] perf=25.823Hz  target=8.967Hz  err=-16.856Hz  corr=-352.59W  u_ff=81.3W  PCAP→78W  power=76.3W
[PID] perf=25.820Hz  target=8.967Hz  err=-16.853Hz  corr=-352.53W  u_ff=81.3W  PCAP→78W  power=76.3W
[PID] perf=25.813Hz  target=8.967Hz  err=-16.846Hz  corr=-352.41W  u_ff=81.3W  PCAP→78W  power=78.5W
[PID] perf=25.823Hz  target=8.967Hz  err=-16.856Hz  corr=-352.59W  u_ff=81.3W  PCAP→78W  power=78.0W
[PID] perf=25.827Hz  target=8.967Hz  err=-16.860Hz  corr=-352.66W  u_ff=81.3W  PCAP→78W  power=77.6W
[PID] perf=25.793Hz  target=8.967Hz  err=-16.826Hz  corr=-352.03W  u_ff=81.3W  PCAP→78W  power=79.1W
[PID] perf=25.855Hz  target=8.967Hz  err=-16.888Hz  corr=-353.17W  u_ff=81.3W  PCAP→78W  power=79.1W
[PID] perf=25.824Hz  target=8.967Hz  err=-16.857Hz  corr=-352.60W  u_ff=81.3W  PCAP→78W  power=78.6W
[PID] perf=25.832Hz  target=8.967Hz  err=-16.864Hz  corr=-352.75W  u_ff=81.3W  PCAP→78W  power=76.5W
[PID] perf=25.790Hz  target=8.967Hz  err=-16.823Hz  corr=-351.98W  u_ff=81.3W  PCAP→78W  power=76.9W
[PID] perf=25.831Hz  target=8.967Hz  err=-16.864Hz  corr=-352.73W  u_ff=81.3W  PCAP→78W  power=77.5W
[PID] perf=25.822Hz  target=8.967Hz  err=-16.855Hz  corr=-352.57W  u_ff=81.3W  PCAP→78W  power=77.5W
[PID] perf=25.819Hz  target=8.967Hz  err=-16.851Hz  corr=-352.51W  u_ff=81.3W  PCAP→78W  power=76.7W
[PID] perf=25.828Hz  target=8.967Hz  err=-16.861Hz  corr=-352.67W  u_ff=81.3W  PCAP→78W  power=77.4W
[PID] perf=25.811Hz  target=8.967Hz  err=-16.844Hz  corr=-352.37W  u_ff=81.3W  PCAP→78W  power=78.5W
[PID] perf=25.832Hz  target=8.967Hz  err=-16.865Hz  corr=-352.75W  u_ff=81.3W  PCAP→78W  power=77.4W
[PID] perf=25.855Hz  target=8.967Hz  err=-16.888Hz  corr=-353.19W  u_ff=81.3W  PCAP→78W  power=76.1W
[PID] perf=25.817Hz  target=8.967Hz  err=-16.850Hz  corr=-352.48W  u_ff=81.3W  PCAP→78W  power=78.1W
[PID] perf=25.807Hz  target=8.967Hz  err=-16.840Hz  corr=-352.29W  u_ff=81.3W  PCAP→78W  power=77.7W
[PID] perf=25.806Hz  target=8.967Hz  err=-16.839Hz  corr=-352.27W  u_ff=81.3W  PCAP→78W  power=78.5W
[PID] perf=25.817Hz  target=8.967Hz  err=-16.850Hz  corr=-352.48W  u_ff=81.3W  PCAP→78W  power=79.0W
[PID] perf=25.820Hz  target=8.967Hz  err=-16.853Hz  corr=-352.53W  u_ff=81.3W  PCAP→78W  power=79.3W
[PID] perf=25.802Hz  target=8.967Hz  err=-16.834Hz  corr=-352.19W  u_ff=81.3W  PCAP→78W  power=79.1W
[PID] perf=25.831Hz  target=8.967Hz  err=-16.863Hz  corr=-352.72W  u_ff=81.3W  PCAP→78W  power=79.0W
[PID] perf=25.829Hz  target=8.967Hz  err=-16.862Hz  corr=-352.70W  u_ff=81.3W  PCAP→78W  power=78.4W
[PID] perf=25.827Hz  target=8.967Hz  err=-16.860Hz  corr=-352.66W  u_ff=81.3W  PCAP→78W  power=79.1W
[PID] perf=25.838Hz  target=8.967Hz  err=-16.870Hz  corr=-352.85W  u_ff=81.3W  PCAP→78W  power=79.0W
[PID] perf=25.820Hz  target=8.967Hz  err=-16.853Hz  corr=-352.53W  u_ff=81.3W  PCAP→78W  power=77.3W
[PID] perf=25.839Hz  target=8.967Hz  err=-16.871Hz  corr=-352.88W  u_ff=81.3W  PCAP→78W  power=78.4W
[PID] perf=25.805Hz  target=8.967Hz  err=-16.838Hz  corr=-352.26W  u_ff=81.3W  PCAP→78W  power=78.6W
[PID] perf=25.808Hz  target=8.967Hz  err=-16.841Hz  corr=-352.31W  u_ff=81.3W  PCAP→78W  power=77.6W
[PID] perf=25.781Hz  target=8.967Hz  err=-16.813Hz  corr=-351.80W  u_ff=81.3W  PCAP→78W  power=76.9W
[PID] perf=25.808Hz  target=8.967Hz  err=-16.841Hz  corr=-352.31W  u_ff=81.3W  PCAP→78W  power=77.4W
[PID] perf=25.816Hz  target=8.967Hz  err=-16.849Hz  corr=-352.46W  u_ff=81.3W  PCAP→78W  power=78.3W
[PID] perf=25.846Hz  target=8.967Hz  err=-16.878Hz  corr=-353.00W  u_ff=81.3W  PCAP→78W  power=78.8W
[PID] perf=25.821Hz  target=8.967Hz  err=-16.853Hz  corr=-352.54W  u_ff=81.3W  PCAP→78W  power=79.1W
[PID] perf=25.824Hz  target=8.967Hz  err=-16.857Hz  corr=-352.60W  u_ff=81.3W  PCAP→78W  power=78.6W
[PID] perf=25.794Hz  target=8.967Hz  err=-16.826Hz  corr=-352.04W  u_ff=81.3W  PCAP→78W  power=78.0W
[PID] perf=25.830Hz  target=8.967Hz  err=-16.863Hz  corr=-352.71W  u_ff=81.3W  PCAP→78W  power=77.9W
[PID] perf=25.807Hz  target=8.967Hz  err=-16.840Hz  corr=-352.29W  u_ff=81.3W  PCAP→78W  power=79.6W
[PID] perf=25.849Hz  target=8.967Hz  err=-16.882Hz  corr=-353.06W  u_ff=81.3W  PCAP→78W  power=79.1W
[PID] perf=25.811Hz  target=8.967Hz  err=-16.843Hz  corr=-352.35W  u_ff=81.3W  PCAP→78W  power=77.7W
[PID] perf=25.850Hz  target=8.967Hz  err=-16.883Hz  corr=-353.08W  u_ff=81.3W  PCAP→78W  power=76.7W
[PID] perf=25.818Hz  target=8.967Hz  err=-16.851Hz  corr=-352.50W  u_ff=81.3W  PCAP→78W  power=76.9W
[PID] perf=25.876Hz  target=8.967Hz  err=-16.908Hz  corr=-353.56W  u_ff=81.3W  PCAP→78W  power=79.1W
[PID] perf=25.924Hz  target=8.967Hz  err=-16.957Hz  corr=-354.46W  u_ff=81.3W  PCAP→78W  power=78.3W
[PID] perf=25.939Hz  target=8.967Hz  err=-16.972Hz  corr=-354.73W  u_ff=81.3W  PCAP→78W  power=78.8W
[PID] perf=25.943Hz  target=8.967Hz  err=-16.976Hz  corr=-354.81W  u_ff=81.3W  PCAP→78W  power=78.0W
[PID] perf=25.967Hz  target=8.967Hz  err=-17.000Hz  corr=-355.25W  u_ff=81.3W  PCAP→78W  power=79.2W
[PID] perf=25.944Hz  target=8.967Hz  err=-16.976Hz  corr=-354.82W  u_ff=81.3W  PCAP→78W  power=79.2W
[PID] perf=25.975Hz  target=8.967Hz  err=-17.008Hz  corr=-355.41W  u_ff=81.3W  PCAP→78W  power=76.7W
[PID] perf=26.733Hz  target=8.967Hz  err=-17.766Hz  corr=-369.46W  u_ff=81.3W  PCAP→78W  power=78.8W
[PID] perf=26.702Hz  target=8.967Hz  err=-17.735Hz  corr=-368.89W  u_ff=81.3W  PCAP→78W  power=78.6W
[PID] perf=26.731Hz  target=8.967Hz  err=-17.764Hz  corr=-369.43W  u_ff=81.3W  PCAP→78W  power=78.3W
[PID] perf=26.877Hz  target=8.967Hz  err=-17.909Hz  corr=-372.12W  u_ff=81.3W  PCAP→78W  power=77.6W
[PID] perf=26.872Hz  target=8.967Hz  err=-17.905Hz  corr=-372.04W  u_ff=81.3W  PCAP→78W  power=77.1W
[PID] perf=26.841Hz  target=8.967Hz  err=-17.874Hz  corr=-371.47W  u_ff=81.3W  PCAP→78W  power=77.7W
[PID] perf=26.826Hz  target=8.967Hz  err=-17.859Hz  corr=-371.19W  u_ff=81.3W  PCAP→78W  power=78.9W
[PID] perf=26.841Hz  target=8.967Hz  err=-17.874Hz  corr=-371.47W  u_ff=81.3W  PCAP→78W  power=79.3W
[PID] perf=26.863Hz  target=8.967Hz  err=-17.896Hz  corr=-371.87W  u_ff=81.3W  PCAP→78W  power=78.4W
[PID] perf=26.855Hz  target=8.967Hz  err=-17.888Hz  corr=-371.73W  u_ff=81.3W  PCAP→78W  power=78.8W
[PID] perf=26.893Hz  target=8.967Hz  err=-17.925Hz  corr=-372.42W  u_ff=81.3W  PCAP→78W  power=79.2W
[PID] perf=26.885Hz  target=8.967Hz  err=-17.917Hz  corr=-372.27W  u_ff=81.3W  PCAP→78W  power=78.9W
[PID] perf=26.880Hz  target=8.967Hz  err=-17.913Hz  corr=-372.18W  u_ff=81.3W  PCAP→78W  power=78.7W
[PID] perf=26.891Hz  target=8.967Hz  err=-17.923Hz  corr=-372.38W  u_ff=81.3W  PCAP→78W  power=77.2W
[PID] perf=26.958Hz  target=8.967Hz  err=-17.991Hz  corr=-373.63W  u_ff=81.3W  PCAP→78W  power=76.5W
[PID] perf=26.920Hz  target=8.967Hz  err=-17.952Hz  corr=-372.92W  u_ff=81.3W  PCAP→78W  power=78.8W
[PID] perf=26.905Hz  target=8.967Hz  err=-17.937Hz  corr=-372.64W  u_ff=81.3W  PCAP→78W  power=77.4W
[PID] perf=26.907Hz  target=8.967Hz  err=-17.940Hz  corr=-372.69W  u_ff=81.3W  PCAP→78W  power=77.7W
[PID] perf=26.884Hz  target=8.967Hz  err=-17.917Hz  corr=-372.26W  u_ff=81.3W  PCAP→78W  power=77.3W
[PID] perf=26.869Hz  target=8.967Hz  err=-17.902Hz  corr=-371.99W  u_ff=81.3W  PCAP→78W  power=77.1W
[PID] perf=26.840Hz  target=8.967Hz  err=-17.873Hz  corr=-371.44W  u_ff=81.3W  PCAP→78W  power=78.2W
[PID] perf=26.888Hz  target=8.967Hz  err=-17.921Hz  corr=-372.34W  u_ff=81.3W  PCAP→78W  power=77.5W
[PID] perf=26.874Hz  target=8.967Hz  err=-17.907Hz  corr=-372.08W  u_ff=81.3W  PCAP→78W  power=76.8W
[PID] perf=26.881Hz  target=8.967Hz  err=-17.914Hz  corr=-372.21W  u_ff=81.3W  PCAP→78W  power=76.7W
[PID] perf=26.862Hz  target=8.967Hz  err=-17.895Hz  corr=-371.85W  u_ff=81.3W  PCAP→78W  power=77.9W
[PID] perf=26.863Hz  target=8.967Hz  err=-17.896Hz  corr=-371.87W  u_ff=81.3W  PCAP→78W  power=77.4W
[PID] perf=26.856Hz  target=8.967Hz  err=-17.889Hz  corr=-371.74W  u_ff=81.3W  PCAP→78W  power=77.4W
[PID] perf=26.882Hz  target=8.967Hz  err=-17.915Hz  corr=-372.23W  u_ff=81.3W  PCAP→78W  power=77.9W
[PID] perf=26.908Hz  target=8.967Hz  err=-17.941Hz  corr=-372.70W  u_ff=81.3W  PCAP→78W  power=78.3W
[PID] perf=26.905Hz  target=8.967Hz  err=-17.938Hz  corr=-372.65W  u_ff=81.3W  PCAP→78W  power=78.6W
[PID] perf=26.892Hz  target=8.967Hz  err=-17.925Hz  corr=-372.41W  u_ff=81.3W  PCAP→78W  power=78.1W
[PID] perf=26.881Hz  target=8.967Hz  err=-17.914Hz  corr=-372.21W  u_ff=81.3W  PCAP→78W  power=78.9W
[PID] perf=26.874Hz  target=8.967Hz  err=-17.907Hz  corr=-372.07W  u_ff=81.3W  PCAP→78W  power=78.0W
[PID] perf=26.885Hz  target=8.967Hz  err=-17.918Hz  corr=-372.28W  u_ff=81.3W  PCAP→78W  power=79.4W
[PID] perf=26.885Hz  target=8.967Hz  err=-17.917Hz  corr=-372.27W  u_ff=81.3W  PCAP→78W  power=76.5W
[PID] perf=26.861Hz  target=8.967Hz  err=-17.893Hz  corr=-371.83W  u_ff=81.3W  PCAP→78W  power=78.5W
[PID] perf=26.844Hz  target=8.967Hz  err=-17.877Hz  corr=-371.52W  u_ff=81.3W  PCAP→78W  power=78.7W
[PID] perf=26.842Hz  target=8.967Hz  err=-17.875Hz  corr=-371.48W  u_ff=81.3W  PCAP→78W  power=78.0W
[PID] perf=26.839Hz  target=8.967Hz  err=-17.871Hz  corr=-371.42W  u_ff=81.3W  PCAP→78W  power=76.2W
[PID] perf=26.816Hz  target=8.967Hz  err=-17.848Hz  corr=-370.99W  u_ff=81.3W  PCAP→78W  power=78.0W
[PID] perf=26.806Hz  target=8.967Hz  err=-17.839Hz  corr=-370.81W  u_ff=81.3W  PCAP→78W  power=78.3W
[PID] perf=26.858Hz  target=8.967Hz  err=-17.891Hz  corr=-371.79W  u_ff=81.3W  PCAP→78W  power=78.7W
[PID] perf=26.788Hz  target=8.967Hz  err=-17.821Hz  corr=-370.48W  u_ff=81.3W  PCAP→78W  power=78.0W
[PID] perf=25.349Hz  target=8.967Hz  err=-16.382Hz  corr=-343.80W  u_ff=81.3W  PCAP→78W  power=78.3W
[PID] perf=25.413Hz  target=8.967Hz  err=-16.445Hz  corr=-344.97W  u_ff=81.3W  PCAP→78W  power=78.9W
[PID] perf=25.425Hz  target=8.967Hz  err=-16.458Hz  corr=-345.20W  u_ff=81.3W  PCAP→78W  power=77.3W
[PID] perf=25.438Hz  target=8.967Hz  err=-16.471Hz  corr=-345.44W  u_ff=81.3W  PCAP→78W  power=77.5W
[PID] perf=25.460Hz  target=8.967Hz  err=-16.492Hz  corr=-345.85W  u_ff=81.3W  PCAP→78W  power=79.1W
[PID] perf=25.426Hz  target=8.967Hz  err=-16.459Hz  corr=-345.23W  u_ff=81.3W  PCAP→78W  power=79.1W
[PID] perf=25.484Hz  target=8.967Hz  err=-16.517Hz  corr=-346.30W  u_ff=81.3W  PCAP→78W  power=78.4W
[PID] perf=25.503Hz  target=8.967Hz  err=-16.536Hz  corr=-346.65W  u_ff=81.3W  PCAP→78W  power=78.4W
[PID] perf=25.509Hz  target=8.967Hz  err=-16.541Hz  corr=-346.75W  u_ff=81.3W  PCAP→78W  power=78.5W
[PID] perf=25.526Hz  target=8.967Hz  err=-16.559Hz  corr=-347.08W  u_ff=81.3W  PCAP→78W  power=78.6W
[PID] perf=25.767Hz  target=8.967Hz  err=-16.800Hz  corr=-351.54W  u_ff=81.3W  PCAP→78W  power=77.1W
[PID] perf=25.832Hz  target=8.967Hz  err=-16.865Hz  corr=-352.76W  u_ff=81.3W  PCAP→78W  power=77.2W
[PID] perf=25.851Hz  target=8.967Hz  err=-16.884Hz  corr=-353.10W  u_ff=81.3W  PCAP→78W  power=78.6W
[PID] perf=25.690Hz  target=8.967Hz  err=-16.722Hz  corr=-350.11W  u_ff=81.3W  PCAP→78W  power=76.8W
[PID] perf=26.271Hz  target=8.967Hz  err=-17.304Hz  corr=-360.90W  u_ff=81.3W  PCAP→78W  power=75.8W
[PID] perf=26.337Hz  target=8.967Hz  err=-17.370Hz  corr=-362.12W  u_ff=81.3W  PCAP→78W  power=77.7W
[PID] perf=26.372Hz  target=8.967Hz  err=-17.405Hz  corr=-362.77W  u_ff=81.3W  PCAP→78W  power=78.3W
[PID] perf=26.402Hz  target=8.967Hz  err=-17.435Hz  corr=-363.33W  u_ff=81.3W  PCAP→78W  power=78.5W
[PID] perf=26.396Hz  target=8.967Hz  err=-17.428Hz  corr=-363.20W  u_ff=81.3W  PCAP→78W  power=79.1W
[PID] perf=26.384Hz  target=8.967Hz  err=-17.416Hz  corr=-362.98W  u_ff=81.3W  PCAP→78W  power=77.5W
[PID] perf=26.422Hz  target=8.967Hz  err=-17.455Hz  corr=-363.70W  u_ff=81.3W  PCAP→78W  power=77.6W
[PID] perf=26.371Hz  target=8.967Hz  err=-17.403Hz  corr=-362.74W  u_ff=81.3W  PCAP→78W  power=79.0W
[PID] perf=26.426Hz  target=8.967Hz  err=-17.458Hz  corr=-363.76W  u_ff=81.3W  PCAP→78W  power=77.6W
[PID] perf=26.436Hz  target=8.967Hz  err=-17.468Hz  corr=-363.94W  u_ff=81.3W  PCAP→78W  power=77.0W
[PID] perf=26.437Hz  target=8.967Hz  err=-17.470Hz  corr=-363.98W  u_ff=81.3W  PCAP→78W  power=76.9W
[PID] perf=26.429Hz  target=8.967Hz  err=-17.462Hz  corr=-363.82W  u_ff=81.3W  PCAP→78W  power=77.3W
Process completed.
Compressed into /home/cc/summer2024/main_codes/pid_controller/../experiment_data/PID_Control_sweep/ones-npb-cg/compressed_iteration_20260513_004236.tar
----------------------------------
