
>>> Step 1/3

[ones-npb-cg]
  target perf      : 11.2533 Hz
  coefficients_perf: [-0.0006547837485238978, 0.18607436314256556, -1.8317688501798497]
  feedforward PCAP : 127.76 W  →  130 W (snapped)
  Perf(u_ff) check : 11.2533 Hz  (should ≈ target)
  PID gains        : Kp=18.5447 W/Hz  Ki=1.85447 W/(Hz·s)  Kd=0.0000
[PID] Awaiting data — feedforward PCAP=130W
[PID] Awaiting data — feedforward PCAP=130W
[PID] Awaiting data — feedforward PCAP=130W
[PID] Awaiting data — feedforward PCAP=130W
[PID] Awaiting data — feedforward PCAP=130W
[PID] Awaiting data — feedforward PCAP=130W
[PID] perf=20.218Hz  target=11.253Hz  err=-8.965Hz  corr=-199.51W  u_ff=127.8W  PCAP→78W  power=nanW
[PID] perf=18.069Hz  target=11.253Hz  err=-6.816Hz  corr=-166.40W  u_ff=127.8W  PCAP→78W  power=77.6W
[PID] perf=18.068Hz  target=11.253Hz  err=-6.815Hz  corr=-166.38W  u_ff=127.8W  PCAP→78W  power=76.9W
[PID] perf=18.081Hz  target=11.253Hz  err=-6.828Hz  corr=-166.62W  u_ff=127.8W  PCAP→78W  power=77.6W
[PID] perf=18.095Hz  target=11.253Hz  err=-6.841Hz  corr=-166.87W  u_ff=127.8W  PCAP→78W  power=79.1W
[PID] perf=18.032Hz  target=11.253Hz  err=-6.779Hz  corr=-165.71W  u_ff=127.8W  PCAP→78W  power=79.2W
[PID] perf=18.051Hz  target=11.253Hz  err=-6.798Hz  corr=-166.06W  u_ff=127.8W  PCAP→78W  power=79.2W
[PID] perf=18.058Hz  target=11.253Hz  err=-6.805Hz  corr=-166.20W  u_ff=127.8W  PCAP→78W  power=76.4W
[PID] perf=18.032Hz  target=11.253Hz  err=-6.779Hz  corr=-165.71W  u_ff=127.8W  PCAP→78W  power=77.2W
[PID] perf=18.056Hz  target=11.253Hz  err=-6.802Hz  corr=-166.15W  u_ff=127.8W  PCAP→78W  power=79.1W
[PID] perf=18.091Hz  target=11.253Hz  err=-6.838Hz  corr=-166.81W  u_ff=127.8W  PCAP→78W  power=76.5W
[PID] perf=26.590Hz  target=11.253Hz  err=-15.336Hz  corr=-324.41W  u_ff=127.8W  PCAP→78W  power=79.0W
[PID] perf=29.310Hz  target=11.253Hz  err=-18.057Hz  corr=-374.85W  u_ff=127.8W  PCAP→78W  power=77.6W
[PID] perf=29.350Hz  target=11.253Hz  err=-18.097Hz  corr=-375.60W  u_ff=127.8W  PCAP→78W  power=77.7W
[PID] perf=29.383Hz  target=11.253Hz  err=-18.130Hz  corr=-376.22W  u_ff=127.8W  PCAP→78W  power=78.9W
[PID] perf=29.328Hz  target=11.253Hz  err=-18.075Hz  corr=-375.20W  u_ff=127.8W  PCAP→78W  power=79.1W
[PID] perf=29.337Hz  target=11.253Hz  err=-18.084Hz  corr=-375.35W  u_ff=127.8W  PCAP→78W  power=78.1W
[PID] perf=29.366Hz  target=11.253Hz  err=-18.113Hz  corr=-375.90W  u_ff=127.8W  PCAP→78W  power=78.8W
[PID] perf=29.371Hz  target=11.253Hz  err=-18.118Hz  corr=-375.99W  u_ff=127.8W  PCAP→78W  power=76.7W
[PID] perf=29.340Hz  target=11.253Hz  err=-18.087Hz  corr=-375.42W  u_ff=127.8W  PCAP→78W  power=77.7W
[PID] perf=29.344Hz  target=11.253Hz  err=-18.090Hz  corr=-375.48W  u_ff=127.8W  PCAP→78W  power=77.7W
[PID] perf=29.349Hz  target=11.253Hz  err=-18.096Hz  corr=-375.58W  u_ff=127.8W  PCAP→78W  power=77.9W
[PID] perf=29.346Hz  target=11.253Hz  err=-18.093Hz  corr=-375.52W  u_ff=127.8W  PCAP→78W  power=76.9W
[PID] perf=29.345Hz  target=11.253Hz  err=-18.092Hz  corr=-375.51W  u_ff=127.8W  PCAP→78W  power=78.6W
[PID] perf=29.331Hz  target=11.253Hz  err=-18.077Hz  corr=-375.24W  u_ff=127.8W  PCAP→78W  power=78.5W
[PID] perf=29.320Hz  target=11.253Hz  err=-18.067Hz  corr=-375.04W  u_ff=127.8W  PCAP→78W  power=75.7W
[PID] perf=29.333Hz  target=11.253Hz  err=-18.079Hz  corr=-375.27W  u_ff=127.8W  PCAP→78W  power=78.2W
[PID] perf=29.343Hz  target=11.253Hz  err=-18.090Hz  corr=-375.47W  u_ff=127.8W  PCAP→78W  power=76.5W
[PID] perf=29.371Hz  target=11.253Hz  err=-18.118Hz  corr=-375.99W  u_ff=127.8W  PCAP→78W  power=79.3W
[PID] perf=29.231Hz  target=11.253Hz  err=-17.978Hz  corr=-373.40W  u_ff=127.8W  PCAP→78W  power=78.4W
[PID] perf=29.222Hz  target=11.253Hz  err=-17.969Hz  corr=-373.23W  u_ff=127.8W  PCAP→78W  power=78.1W
[PID] perf=27.369Hz  target=11.253Hz  err=-16.115Hz  corr=-338.86W  u_ff=127.8W  PCAP→78W  power=76.3W
[PID] perf=27.399Hz  target=11.253Hz  err=-16.145Hz  corr=-339.41W  u_ff=127.8W  PCAP→78W  power=77.0W
[PID] perf=27.426Hz  target=11.253Hz  err=-16.172Hz  corr=-339.91W  u_ff=127.8W  PCAP→78W  power=77.6W
[PID] perf=27.415Hz  target=11.253Hz  err=-16.162Hz  corr=-339.72W  u_ff=127.8W  PCAP→78W  power=79.1W
[PID] perf=27.440Hz  target=11.253Hz  err=-16.187Hz  corr=-340.18W  u_ff=127.8W  PCAP→78W  power=77.2W
[PID] perf=27.461Hz  target=11.253Hz  err=-16.207Hz  corr=-340.56W  u_ff=127.8W  PCAP→78W  power=76.6W
[PID] perf=27.474Hz  target=11.253Hz  err=-16.221Hz  corr=-340.82W  u_ff=127.8W  PCAP→78W  power=78.0W
[PID] perf=27.507Hz  target=11.253Hz  err=-16.254Hz  corr=-341.43W  u_ff=127.8W  PCAP→78W  power=78.6W
[PID] perf=27.475Hz  target=11.253Hz  err=-16.222Hz  corr=-340.83W  u_ff=127.8W  PCAP→78W  power=77.9W
[PID] perf=27.407Hz  target=11.253Hz  err=-16.154Hz  corr=-339.57W  u_ff=127.8W  PCAP→78W  power=77.7W
[PID] perf=27.439Hz  target=11.253Hz  err=-16.186Hz  corr=-340.17W  u_ff=127.8W  PCAP→78W  power=78.6W
[PID] perf=27.435Hz  target=11.253Hz  err=-16.182Hz  corr=-340.08W  u_ff=127.8W  PCAP→78W  power=77.0W
[PID] perf=27.475Hz  target=11.253Hz  err=-16.222Hz  corr=-340.83W  u_ff=127.8W  PCAP→78W  power=77.3W
[PID] perf=27.486Hz  target=11.253Hz  err=-16.233Hz  corr=-341.04W  u_ff=127.8W  PCAP→78W  power=79.2W
[PID] perf=27.465Hz  target=11.253Hz  err=-16.211Hz  corr=-340.64W  u_ff=127.8W  PCAP→78W  power=78.4W
[PID] perf=27.441Hz  target=11.253Hz  err=-16.188Hz  corr=-340.20W  u_ff=127.8W  PCAP→78W  power=77.4W
[PID] perf=27.443Hz  target=11.253Hz  err=-16.189Hz  corr=-340.23W  u_ff=127.8W  PCAP→78W  power=79.2W
[PID] perf=27.443Hz  target=11.253Hz  err=-16.190Hz  corr=-340.24W  u_ff=127.8W  PCAP→78W  power=78.3W
[PID] perf=27.467Hz  target=11.253Hz  err=-16.213Hz  corr=-340.67W  u_ff=127.8W  PCAP→78W  power=77.3W
[PID] perf=27.496Hz  target=11.253Hz  err=-16.243Hz  corr=-341.21W  u_ff=127.8W  PCAP→78W  power=78.0W
[PID] perf=27.533Hz  target=11.253Hz  err=-16.280Hz  corr=-341.90W  u_ff=127.8W  PCAP→78W  power=79.1W
[PID] perf=27.503Hz  target=11.253Hz  err=-16.250Hz  corr=-341.34W  u_ff=127.8W  PCAP→78W  power=76.9W
[PID] perf=24.741Hz  target=11.253Hz  err=-13.488Hz  corr=-290.13W  u_ff=127.8W  PCAP→78W  power=77.4W
[PID] perf=26.632Hz  target=11.253Hz  err=-15.379Hz  corr=-325.19W  u_ff=127.8W  PCAP→78W  power=78.2W
[PID] perf=26.651Hz  target=11.253Hz  err=-15.398Hz  corr=-325.54W  u_ff=127.8W  PCAP→78W  power=77.3W
[PID] perf=26.643Hz  target=11.253Hz  err=-15.390Hz  corr=-325.39W  u_ff=127.8W  PCAP→78W  power=77.2W
[PID] perf=26.708Hz  target=11.253Hz  err=-15.455Hz  corr=-326.60W  u_ff=127.8W  PCAP→78W  power=78.3W
[PID] perf=26.663Hz  target=11.253Hz  err=-15.410Hz  corr=-325.77W  u_ff=127.8W  PCAP→78W  power=76.8W
[PID] perf=26.648Hz  target=11.253Hz  err=-15.395Hz  corr=-325.49W  u_ff=127.8W  PCAP→78W  power=78.6W
[PID] perf=26.662Hz  target=11.253Hz  err=-15.409Hz  corr=-325.75W  u_ff=127.8W  PCAP→78W  power=78.7W
[PID] perf=26.667Hz  target=11.253Hz  err=-15.413Hz  corr=-325.83W  u_ff=127.8W  PCAP→78W  power=77.5W
[PID] perf=26.658Hz  target=11.253Hz  err=-15.405Hz  corr=-325.68W  u_ff=127.8W  PCAP→78W  power=76.8W
[PID] perf=26.706Hz  target=11.253Hz  err=-15.453Hz  corr=-326.57W  u_ff=127.8W  PCAP→78W  power=78.0W
[PID] perf=26.686Hz  target=11.253Hz  err=-15.433Hz  corr=-326.20W  u_ff=127.8W  PCAP→78W  power=78.9W
[PID] perf=26.668Hz  target=11.253Hz  err=-15.415Hz  corr=-325.87W  u_ff=127.8W  PCAP→78W  power=77.3W
[PID] perf=26.661Hz  target=11.253Hz  err=-15.407Hz  corr=-325.73W  u_ff=127.8W  PCAP→78W  power=77.7W
[PID] perf=26.663Hz  target=11.253Hz  err=-15.410Hz  corr=-325.77W  u_ff=127.8W  PCAP→78W  power=77.4W
[PID] perf=26.693Hz  target=11.253Hz  err=-15.440Hz  corr=-326.33W  u_ff=127.8W  PCAP→78W  power=78.5W
[PID] perf=26.154Hz  target=11.253Hz  err=-14.901Hz  corr=-316.33W  u_ff=127.8W  PCAP→78W  power=77.6W
[PID] perf=26.486Hz  target=11.253Hz  err=-15.233Hz  corr=-322.49W  u_ff=127.8W  PCAP→78W  power=76.9W
[PID] perf=26.565Hz  target=11.253Hz  err=-15.312Hz  corr=-323.95W  u_ff=127.8W  PCAP→78W  power=78.4W
[PID] perf=26.545Hz  target=11.253Hz  err=-15.292Hz  corr=-323.58W  u_ff=127.8W  PCAP→78W  power=77.2W
[PID] perf=26.510Hz  target=11.253Hz  err=-15.256Hz  corr=-322.92W  u_ff=127.8W  PCAP→78W  power=77.8W
[PID] perf=26.618Hz  target=11.253Hz  err=-15.364Hz  corr=-324.93W  u_ff=127.8W  PCAP→78W  power=76.4W
[PID] perf=26.513Hz  target=11.253Hz  err=-15.259Hz  corr=-322.98W  u_ff=127.8W  PCAP→78W  power=78.3W
[PID] perf=26.529Hz  target=11.253Hz  err=-15.276Hz  corr=-323.28W  u_ff=127.8W  PCAP→78W  power=78.1W
[PID] perf=26.549Hz  target=11.253Hz  err=-15.296Hz  corr=-323.66W  u_ff=127.8W  PCAP→78W  power=77.5W
[PID] perf=26.536Hz  target=11.253Hz  err=-15.283Hz  corr=-323.42W  u_ff=127.8W  PCAP→78W  power=79.1W
[PID] perf=26.531Hz  target=11.253Hz  err=-15.277Hz  corr=-323.32W  u_ff=127.8W  PCAP→78W  power=76.5W
[PID] perf=26.537Hz  target=11.253Hz  err=-15.284Hz  corr=-323.44W  u_ff=127.8W  PCAP→78W  power=78.3W
[PID] perf=26.535Hz  target=11.253Hz  err=-15.282Hz  corr=-323.40W  u_ff=127.8W  PCAP→78W  power=79.1W
[PID] perf=26.550Hz  target=11.253Hz  err=-15.296Hz  corr=-323.67W  u_ff=127.8W  PCAP→78W  power=77.0W
[PID] perf=26.529Hz  target=11.253Hz  err=-15.276Hz  corr=-323.29W  u_ff=127.8W  PCAP→78W  power=77.3W
[PID] perf=25.977Hz  target=11.253Hz  err=-14.723Hz  corr=-313.04W  u_ff=127.8W  PCAP→78W  power=79.0W
[PID] perf=26.272Hz  target=11.253Hz  err=-15.019Hz  corr=-318.52W  u_ff=127.8W  PCAP→78W  power=79.4W
[PID] perf=26.281Hz  target=11.253Hz  err=-15.028Hz  corr=-318.68W  u_ff=127.8W  PCAP→78W  power=78.0W
[PID] perf=26.280Hz  target=11.253Hz  err=-15.027Hz  corr=-318.67W  u_ff=127.8W  PCAP→78W  power=76.9W
[PID] perf=26.257Hz  target=11.253Hz  err=-15.003Hz  corr=-318.23W  u_ff=127.8W  PCAP→78W  power=76.6W
[PID] perf=26.276Hz  target=11.253Hz  err=-15.023Hz  corr=-318.59W  u_ff=127.8W  PCAP→78W  power=79.0W
[PID] perf=26.269Hz  target=11.253Hz  err=-15.015Hz  corr=-318.46W  u_ff=127.8W  PCAP→78W  power=77.2W
[PID] perf=26.276Hz  target=11.253Hz  err=-15.022Hz  corr=-318.59W  u_ff=127.8W  PCAP→78W  power=78.1W
[PID] perf=26.338Hz  target=11.253Hz  err=-15.085Hz  corr=-319.74W  u_ff=127.8W  PCAP→78W  power=78.0W
[PID] perf=26.288Hz  target=11.253Hz  err=-15.034Hz  corr=-318.81W  u_ff=127.8W  PCAP→78W  power=77.2W
[PID] perf=26.258Hz  target=11.253Hz  err=-15.005Hz  corr=-318.26W  u_ff=127.8W  PCAP→78W  power=77.8W
[PID] perf=26.279Hz  target=11.253Hz  err=-15.026Hz  corr=-318.64W  u_ff=127.8W  PCAP→78W  power=79.0W
[PID] perf=26.255Hz  target=11.253Hz  err=-15.001Hz  corr=-318.19W  u_ff=127.8W  PCAP→78W  power=77.5W
[PID] perf=26.295Hz  target=11.253Hz  err=-15.041Hz  corr=-318.94W  u_ff=127.8W  PCAP→78W  power=76.6W
[PID] perf=26.229Hz  target=11.253Hz  err=-14.976Hz  corr=-317.72W  u_ff=127.8W  PCAP→78W  power=78.9W
[PID] perf=26.236Hz  target=11.253Hz  err=-14.983Hz  corr=-317.86W  u_ff=127.8W  PCAP→78W  power=77.1W
[PID] perf=26.301Hz  target=11.253Hz  err=-15.048Hz  corr=-319.05W  u_ff=127.8W  PCAP→78W  power=78.7W
[PID] perf=26.250Hz  target=11.253Hz  err=-14.997Hz  corr=-318.12W  u_ff=127.8W  PCAP→78W  power=78.9W
[PID] perf=26.258Hz  target=11.253Hz  err=-15.005Hz  corr=-318.26W  u_ff=127.8W  PCAP→78W  power=77.3W
[PID] perf=25.015Hz  target=11.253Hz  err=-13.762Hz  corr=-295.20W  u_ff=127.8W  PCAP→78W  power=77.8W
[PID] perf=25.200Hz  target=11.253Hz  err=-13.947Hz  corr=-298.64W  u_ff=127.8W  PCAP→78W  power=78.7W
[PID] perf=25.460Hz  target=11.253Hz  err=-14.206Hz  corr=-303.45W  u_ff=127.8W  PCAP→78W  power=79.7W
[PID] perf=25.588Hz  target=11.253Hz  err=-14.335Hz  corr=-305.83W  u_ff=127.8W  PCAP→78W  power=78.3W
[PID] perf=25.673Hz  target=11.253Hz  err=-14.420Hz  corr=-307.41W  u_ff=127.8W  PCAP→78W  power=76.6W
[PID] perf=25.636Hz  target=11.253Hz  err=-14.382Hz  corr=-306.72W  u_ff=127.8W  PCAP→78W  power=77.0W
[PID] perf=25.644Hz  target=11.253Hz  err=-14.390Hz  corr=-306.86W  u_ff=127.8W  PCAP→78W  power=78.7W
[PID] perf=25.653Hz  target=11.253Hz  err=-14.400Hz  corr=-307.04W  u_ff=127.8W  PCAP→78W  power=78.4W
[PID] perf=25.685Hz  target=11.253Hz  err=-14.432Hz  corr=-307.63W  u_ff=127.8W  PCAP→78W  power=78.1W
[PID] perf=25.451Hz  target=11.253Hz  err=-14.198Hz  corr=-303.29W  u_ff=127.8W  PCAP→78W  power=78.0W
[PID] perf=25.426Hz  target=11.253Hz  err=-14.172Hz  corr=-302.82W  u_ff=127.8W  PCAP→78W  power=78.5W
[PID] perf=25.444Hz  target=11.253Hz  err=-14.191Hz  corr=-303.16W  u_ff=127.8W  PCAP→78W  power=77.4W
[PID] perf=25.477Hz  target=11.253Hz  err=-14.224Hz  corr=-303.77W  u_ff=127.8W  PCAP→78W  power=77.7W
[PID] perf=25.432Hz  target=11.253Hz  err=-14.179Hz  corr=-302.94W  u_ff=127.8W  PCAP→78W  power=78.7W
[PID] perf=25.412Hz  target=11.253Hz  err=-14.159Hz  corr=-302.58W  u_ff=127.8W  PCAP→78W  power=78.5W
[PID] perf=25.430Hz  target=11.253Hz  err=-14.176Hz  corr=-302.90W  u_ff=127.8W  PCAP→78W  power=77.5W
[PID] perf=25.423Hz  target=11.253Hz  err=-14.169Hz  corr=-302.77W  u_ff=127.8W  PCAP→78W  power=77.3W
[PID] perf=25.411Hz  target=11.253Hz  err=-14.157Hz  corr=-302.54W  u_ff=127.8W  PCAP→78W  power=78.6W
[PID] perf=25.430Hz  target=11.253Hz  err=-14.176Hz  corr=-302.89W  u_ff=127.8W  PCAP→78W  power=76.2W
[PID] perf=25.512Hz  target=11.253Hz  err=-14.259Hz  corr=-304.43W  u_ff=127.8W  PCAP→78W  power=76.1W
[PID] perf=26.838Hz  target=11.253Hz  err=-15.585Hz  corr=-329.01W  u_ff=127.8W  PCAP→78W  power=79.7W
[PID] perf=26.863Hz  target=11.253Hz  err=-15.610Hz  corr=-329.48W  u_ff=127.8W  PCAP→78W  power=79.3W
[PID] perf=26.866Hz  target=11.253Hz  err=-15.612Hz  corr=-329.53W  u_ff=127.8W  PCAP→78W  power=77.4W
[PID] perf=26.865Hz  target=11.253Hz  err=-15.612Hz  corr=-329.52W  u_ff=127.8W  PCAP→78W  power=78.2W
[PID] perf=26.896Hz  target=11.253Hz  err=-15.643Hz  corr=-330.10W  u_ff=127.8W  PCAP→78W  power=77.9W
[PID] perf=26.887Hz  target=11.253Hz  err=-15.634Hz  corr=-329.92W  u_ff=127.8W  PCAP→78W  power=77.9W
[PID] perf=26.916Hz  target=11.253Hz  err=-15.662Hz  corr=-330.45W  u_ff=127.8W  PCAP→78W  power=77.7W
[PID] perf=26.893Hz  target=11.253Hz  err=-15.640Hz  corr=-330.04W  u_ff=127.8W  PCAP→78W  power=76.3W
[PID] perf=26.918Hz  target=11.253Hz  err=-15.664Hz  corr=-330.49W  u_ff=127.8W  PCAP→78W  power=78.5W
[PID] perf=26.902Hz  target=11.253Hz  err=-15.649Hz  corr=-330.21W  u_ff=127.8W  PCAP→78W  power=77.8W
[PID] perf=26.907Hz  target=11.253Hz  err=-15.654Hz  corr=-330.30W  u_ff=127.8W  PCAP→78W  power=77.5W
[PID] perf=26.934Hz  target=11.253Hz  err=-15.681Hz  corr=-330.79W  u_ff=127.8W  PCAP→78W  power=78.9W
[PID] perf=26.922Hz  target=11.253Hz  err=-15.668Hz  corr=-330.57W  u_ff=127.8W  PCAP→78W  power=79.1W
[PID] perf=26.897Hz  target=11.253Hz  err=-15.644Hz  corr=-330.11W  u_ff=127.8W  PCAP→78W  power=77.6W
[PID] perf=26.868Hz  target=11.253Hz  err=-15.614Hz  corr=-329.56W  u_ff=127.8W  PCAP→78W  power=77.0W
[PID] perf=26.934Hz  target=11.253Hz  err=-15.681Hz  corr=-330.80W  u_ff=127.8W  PCAP→78W  power=77.5W
[PID] perf=26.929Hz  target=11.253Hz  err=-15.676Hz  corr=-330.70W  u_ff=127.8W  PCAP→78W  power=76.5W
[PID] perf=26.918Hz  target=11.253Hz  err=-15.665Hz  corr=-330.50W  u_ff=127.8W  PCAP→78W  power=77.3W
[PID] perf=26.913Hz  target=11.253Hz  err=-15.660Hz  corr=-330.41W  u_ff=127.8W  PCAP→78W  power=78.5W
[PID] perf=26.912Hz  target=11.253Hz  err=-15.659Hz  corr=-330.39W  u_ff=127.8W  PCAP→78W  power=76.9W
[PID] perf=26.915Hz  target=11.253Hz  err=-15.662Hz  corr=-330.44W  u_ff=127.8W  PCAP→78W  power=77.1W
[PID] perf=26.875Hz  target=11.253Hz  err=-15.622Hz  corr=-329.71W  u_ff=127.8W  PCAP→78W  power=78.8W
[PID] perf=26.914Hz  target=11.253Hz  err=-15.661Hz  corr=-330.42W  u_ff=127.8W  PCAP→78W  power=76.9W
[PID] perf=26.899Hz  target=11.253Hz  err=-15.646Hz  corr=-330.15W  u_ff=127.8W  PCAP→78W  power=77.6W
[PID] perf=26.916Hz  target=11.253Hz  err=-15.663Hz  corr=-330.46W  u_ff=127.8W  PCAP→78W  power=78.0W
[PID] perf=26.898Hz  target=11.253Hz  err=-15.644Hz  corr=-330.12W  u_ff=127.8W  PCAP→78W  power=77.3W
[PID] perf=26.911Hz  target=11.253Hz  err=-15.658Hz  corr=-330.37W  u_ff=127.8W  PCAP→78W  power=77.5W
[PID] perf=26.881Hz  target=11.253Hz  err=-15.627Hz  corr=-329.80W  u_ff=127.8W  PCAP→78W  power=79.2W
[PID] perf=26.894Hz  target=11.253Hz  err=-15.640Hz  corr=-330.05W  u_ff=127.8W  PCAP→78W  power=78.8W
[PID] perf=25.864Hz  target=11.253Hz  err=-14.611Hz  corr=-310.96W  u_ff=127.8W  PCAP→78W  power=78.6W
[PID] perf=25.985Hz  target=11.253Hz  err=-14.732Hz  corr=-313.20W  u_ff=127.8W  PCAP→78W  power=77.6W
[PID] perf=26.006Hz  target=11.253Hz  err=-14.753Hz  corr=-313.59W  u_ff=127.8W  PCAP→78W  power=78.3W
[PID] perf=25.997Hz  target=11.253Hz  err=-14.743Hz  corr=-313.41W  u_ff=127.8W  PCAP→78W  power=77.8W
[PID] perf=26.030Hz  target=11.253Hz  err=-14.776Hz  corr=-314.02W  u_ff=127.8W  PCAP→78W  power=76.9W
[PID] perf=26.122Hz  target=11.253Hz  err=-14.869Hz  corr=-315.74W  u_ff=127.8W  PCAP→78W  power=77.6W
[PID] perf=26.093Hz  target=11.253Hz  err=-14.840Hz  corr=-315.20W  u_ff=127.8W  PCAP→78W  power=79.0W
[PID] perf=26.100Hz  target=11.253Hz  err=-14.847Hz  corr=-315.34W  u_ff=127.8W  PCAP→78W  power=76.8W
[PID] perf=26.085Hz  target=11.253Hz  err=-14.831Hz  corr=-315.04W  u_ff=127.8W  PCAP→78W  power=78.3W
[PID] perf=26.084Hz  target=11.253Hz  err=-14.831Hz  corr=-315.03W  u_ff=127.8W  PCAP→78W  power=78.4W
[PID] perf=26.064Hz  target=11.253Hz  err=-14.811Hz  corr=-314.66W  u_ff=127.8W  PCAP→78W  power=78.5W
[PID] perf=26.087Hz  target=11.253Hz  err=-14.834Hz  corr=-315.10W  u_ff=127.8W  PCAP→78W  power=78.2W
[PID] perf=26.072Hz  target=11.253Hz  err=-14.818Hz  corr=-314.80W  u_ff=127.8W  PCAP→78W  power=77.4W
[PID] perf=26.066Hz  target=11.253Hz  err=-14.812Hz  corr=-314.69W  u_ff=127.8W  PCAP→78W  power=78.1W
[PID] perf=26.067Hz  target=11.253Hz  err=-14.814Hz  corr=-314.72W  u_ff=127.8W  PCAP→78W  power=77.6W
[PID] perf=26.122Hz  target=11.253Hz  err=-14.868Hz  corr=-315.73W  u_ff=127.8W  PCAP→78W  power=77.5W
[PID] perf=26.519Hz  target=11.253Hz  err=-15.266Hz  corr=-323.10W  u_ff=127.8W  PCAP→78W  power=78.0W
[PID] perf=26.657Hz  target=11.253Hz  err=-15.404Hz  corr=-325.66W  u_ff=127.8W  PCAP→78W  power=77.4W
[PID] perf=26.652Hz  target=11.253Hz  err=-15.399Hz  corr=-325.56W  u_ff=127.8W  PCAP→78W  power=77.6W
[PID] perf=26.686Hz  target=11.253Hz  err=-15.433Hz  corr=-326.19W  u_ff=127.8W  PCAP→78W  power=77.7W
[PID] perf=26.680Hz  target=11.253Hz  err=-15.426Hz  corr=-326.07W  u_ff=127.8W  PCAP→78W  power=77.8W
[PID] perf=26.707Hz  target=11.253Hz  err=-15.454Hz  corr=-326.59W  u_ff=127.8W  PCAP→78W  power=78.7W
[PID] perf=26.627Hz  target=11.253Hz  err=-15.374Hz  corr=-325.11W  u_ff=127.8W  PCAP→78W  power=76.9W
[PID] perf=26.667Hz  target=11.253Hz  err=-15.413Hz  corr=-325.83W  u_ff=127.8W  PCAP→78W  power=78.8W
[PID] perf=26.646Hz  target=11.253Hz  err=-15.392Hz  corr=-325.45W  u_ff=127.8W  PCAP→78W  power=77.6W
[PID] perf=26.676Hz  target=11.253Hz  err=-15.423Hz  corr=-326.02W  u_ff=127.8W  PCAP→78W  power=77.7W
[PID] perf=26.671Hz  target=11.253Hz  err=-15.418Hz  corr=-325.92W  u_ff=127.8W  PCAP→78W  power=77.1W
[PID] perf=26.657Hz  target=11.253Hz  err=-15.404Hz  corr=-325.66W  u_ff=127.8W  PCAP→78W  power=77.8W
[PID] perf=26.664Hz  target=11.253Hz  err=-15.410Hz  corr=-325.78W  u_ff=127.8W  PCAP→78W  power=77.8W
[PID] perf=26.685Hz  target=11.253Hz  err=-15.432Hz  corr=-326.18W  u_ff=127.8W  PCAP→78W  power=78.2W
[PID] perf=26.678Hz  target=11.253Hz  err=-15.425Hz  corr=-326.05W  u_ff=127.8W  PCAP→78W  power=77.6W
[PID] perf=26.675Hz  target=11.253Hz  err=-15.422Hz  corr=-325.99W  u_ff=127.8W  PCAP→78W  power=77.1W
[PID] perf=26.666Hz  target=11.253Hz  err=-15.413Hz  corr=-325.82W  u_ff=127.8W  PCAP→78W  power=79.0W
[PID] perf=26.672Hz  target=11.253Hz  err=-15.419Hz  corr=-325.94W  u_ff=127.8W  PCAP→78W  power=77.1W
[PID] perf=26.674Hz  target=11.253Hz  err=-15.421Hz  corr=-325.97W  u_ff=127.8W  PCAP→78W  power=77.5W
[PID] perf=26.665Hz  target=11.253Hz  err=-15.412Hz  corr=-325.81W  u_ff=127.8W  PCAP→78W  power=78.2W
[PID] perf=26.658Hz  target=11.253Hz  err=-15.404Hz  corr=-325.67W  u_ff=127.8W  PCAP→78W  power=78.4W
[PID] perf=26.650Hz  target=11.253Hz  err=-15.397Hz  corr=-325.54W  u_ff=127.8W  PCAP→78W  power=79.6W
[PID] perf=26.648Hz  target=11.253Hz  err=-15.395Hz  corr=-325.49W  u_ff=127.8W  PCAP→78W  power=77.8W
[PID] perf=26.641Hz  target=11.253Hz  err=-15.388Hz  corr=-325.36W  u_ff=127.8W  PCAP→78W  power=76.6W
[PID] perf=26.567Hz  target=11.253Hz  err=-15.314Hz  corr=-323.99W  u_ff=127.8W  PCAP→78W  power=76.8W
[PID] perf=27.171Hz  target=11.253Hz  err=-15.917Hz  corr=-335.18W  u_ff=127.8W  PCAP→78W  power=77.5W
[PID] perf=27.276Hz  target=11.253Hz  err=-16.023Hz  corr=-337.14W  u_ff=127.8W  PCAP→78W  power=78.5W
[PID] perf=27.263Hz  target=11.253Hz  err=-16.010Hz  corr=-336.90W  u_ff=127.8W  PCAP→78W  power=76.5W
[PID] perf=27.318Hz  target=11.253Hz  err=-16.065Hz  corr=-337.92W  u_ff=127.8W  PCAP→78W  power=79.0W
[PID] perf=27.306Hz  target=11.253Hz  err=-16.053Hz  corr=-337.69W  u_ff=127.8W  PCAP→78W  power=78.2W
[PID] perf=27.321Hz  target=11.253Hz  err=-16.068Hz  corr=-337.97W  u_ff=127.8W  PCAP→78W  power=77.3W
[PID] perf=27.281Hz  target=11.253Hz  err=-16.027Hz  corr=-337.22W  u_ff=127.8W  PCAP→78W  power=78.2W
[PID] perf=27.303Hz  target=11.253Hz  err=-16.049Hz  corr=-337.63W  u_ff=127.8W  PCAP→78W  power=79.0W
[PID] perf=27.406Hz  target=11.253Hz  err=-16.153Hz  corr=-339.54W  u_ff=127.8W  PCAP→78W  power=78.1W
[PID] perf=27.388Hz  target=11.253Hz  err=-16.134Hz  corr=-339.21W  u_ff=127.8W  PCAP→78W  power=77.0W
[PID] perf=27.312Hz  target=11.253Hz  err=-16.059Hz  corr=-337.81W  u_ff=127.8W  PCAP→78W  power=78.0W
[PID] perf=27.286Hz  target=11.253Hz  err=-16.032Hz  corr=-337.32W  u_ff=127.8W  PCAP→78W  power=77.6W
[PID] perf=27.307Hz  target=11.253Hz  err=-16.054Hz  corr=-337.71W  u_ff=127.8W  PCAP→78W  power=77.0W
[PID] perf=27.311Hz  target=11.253Hz  err=-16.058Hz  corr=-337.79W  u_ff=127.8W  PCAP→78W  power=72.4W
[PID] perf=27.300Hz  target=11.253Hz  err=-16.047Hz  corr=-337.59W  u_ff=127.8W  PCAP→78W  power=77.7W
[PID] perf=27.468Hz  target=11.253Hz  err=-16.215Hz  corr=-340.70W  u_ff=127.8W  PCAP→78W  power=78.1W
[PID] perf=27.471Hz  target=11.253Hz  err=-16.218Hz  corr=-340.76W  u_ff=127.8W  PCAP→78W  power=78.9W
[PID] perf=27.055Hz  target=11.253Hz  err=-15.802Hz  corr=-333.04W  u_ff=127.8W  PCAP→78W  power=77.4W
[PID] perf=27.125Hz  target=11.253Hz  err=-15.871Hz  corr=-334.33W  u_ff=127.8W  PCAP→78W  power=78.6W
[PID] perf=27.265Hz  target=11.253Hz  err=-16.012Hz  corr=-336.93W  u_ff=127.8W  PCAP→78W  power=79.2W
[PID] perf=27.262Hz  target=11.253Hz  err=-16.009Hz  corr=-336.88W  u_ff=127.8W  PCAP→78W  power=76.9W
[PID] perf=27.288Hz  target=11.253Hz  err=-16.035Hz  corr=-337.36W  u_ff=127.8W  PCAP→78W  power=79.0W
[PID] perf=27.325Hz  target=11.253Hz  err=-16.072Hz  corr=-338.05W  u_ff=127.8W  PCAP→78W  power=77.3W
[PID] perf=27.282Hz  target=11.253Hz  err=-16.029Hz  corr=-337.25W  u_ff=127.8W  PCAP→78W  power=78.2W
[PID] perf=27.303Hz  target=11.253Hz  err=-16.050Hz  corr=-337.64W  u_ff=127.8W  PCAP→78W  power=79.0W
[PID] perf=27.294Hz  target=11.253Hz  err=-16.041Hz  corr=-337.47W  u_ff=127.8W  PCAP→78W  power=79.0W
[PID] perf=27.283Hz  target=11.253Hz  err=-16.030Hz  corr=-337.27W  u_ff=127.8W  PCAP→78W  power=76.9W
[PID] perf=27.278Hz  target=11.253Hz  err=-16.024Hz  corr=-337.17W  u_ff=127.8W  PCAP→78W  power=76.7W
[PID] perf=27.293Hz  target=11.253Hz  err=-16.040Hz  corr=-337.46W  u_ff=127.8W  PCAP→78W  power=75.7W
[PID] perf=27.330Hz  target=11.253Hz  err=-16.076Hz  corr=-338.13W  u_ff=127.8W  PCAP→78W  power=76.8W
[PID] perf=27.275Hz  target=11.253Hz  err=-16.021Hz  corr=-337.11W  u_ff=127.8W  PCAP→78W  power=78.8W
[PID] perf=27.946Hz  target=11.253Hz  err=-16.692Hz  corr=-349.55W  u_ff=127.8W  PCAP→78W  power=78.4W
[PID] perf=28.035Hz  target=11.253Hz  err=-16.782Hz  corr=-351.22W  u_ff=127.8W  PCAP→78W  power=78.1W
[PID] perf=28.079Hz  target=11.253Hz  err=-16.825Hz  corr=-352.02W  u_ff=127.8W  PCAP→78W  power=78.6W
[PID] perf=28.071Hz  target=11.253Hz  err=-16.818Hz  corr=-351.88W  u_ff=127.8W  PCAP→78W  power=77.5W
[PID] perf=28.113Hz  target=11.253Hz  err=-16.860Hz  corr=-352.66W  u_ff=127.8W  PCAP→78W  power=78.4W
[PID] perf=28.082Hz  target=11.253Hz  err=-16.829Hz  corr=-352.08W  u_ff=127.8W  PCAP→78W  power=79.5W
[PID] perf=28.108Hz  target=11.253Hz  err=-16.855Hz  corr=-352.57W  u_ff=127.8W  PCAP→78W  power=78.9W
[PID] perf=28.110Hz  target=11.253Hz  err=-16.856Hz  corr=-352.59W  u_ff=127.8W  PCAP→78W  power=77.5W
[PID] perf=28.103Hz  target=11.253Hz  err=-16.849Hz  corr=-352.47W  u_ff=127.8W  PCAP→78W  power=76.9W
[PID] perf=28.111Hz  target=11.253Hz  err=-16.857Hz  corr=-352.62W  u_ff=127.8W  PCAP→78W  power=76.2W
[PID] perf=28.071Hz  target=11.253Hz  err=-16.817Hz  corr=-351.87W  u_ff=127.8W  PCAP→78W  power=76.5W
[PID] perf=28.054Hz  target=11.253Hz  err=-16.801Hz  corr=-351.57W  u_ff=127.8W  PCAP→78W  power=78.4W
[PID] perf=28.062Hz  target=11.253Hz  err=-16.809Hz  corr=-351.71W  u_ff=127.8W  PCAP→78W  power=77.6W
[PID] perf=28.075Hz  target=11.253Hz  err=-16.821Hz  corr=-351.95W  u_ff=127.8W  PCAP→78W  power=77.5W
[PID] perf=27.088Hz  target=11.253Hz  err=-15.835Hz  corr=-333.65W  u_ff=127.8W  PCAP→78W  power=76.3W
[PID] perf=27.704Hz  target=11.253Hz  err=-16.451Hz  corr=-345.08W  u_ff=127.8W  PCAP→78W  power=77.3W
[PID] perf=27.680Hz  target=11.253Hz  err=-16.427Hz  corr=-344.63W  u_ff=127.8W  PCAP→78W  power=78.7W
[PID] perf=27.719Hz  target=11.253Hz  err=-16.466Hz  corr=-345.36W  u_ff=127.8W  PCAP→78W  power=78.3W
[PID] perf=27.729Hz  target=11.253Hz  err=-16.476Hz  corr=-345.53W  u_ff=127.8W  PCAP→78W  power=77.7W
[PID] perf=27.761Hz  target=11.253Hz  err=-16.507Hz  corr=-346.12W  u_ff=127.8W  PCAP→78W  power=77.9W
[PID] perf=27.756Hz  target=11.253Hz  err=-16.502Hz  corr=-346.03W  u_ff=127.8W  PCAP→78W  power=79.1W
[PID] perf=27.724Hz  target=11.253Hz  err=-16.470Hz  corr=-345.44W  u_ff=127.8W  PCAP→78W  power=78.2W
[PID] perf=27.784Hz  target=11.253Hz  err=-16.530Hz  corr=-346.55W  u_ff=127.8W  PCAP→78W  power=77.0W
[PID] perf=27.789Hz  target=11.253Hz  err=-16.535Hz  corr=-346.64W  u_ff=127.8W  PCAP→78W  power=77.3W
[PID] perf=27.788Hz  target=11.253Hz  err=-16.534Hz  corr=-346.62W  u_ff=127.8W  PCAP→78W  power=78.5W
[PID] perf=27.740Hz  target=11.253Hz  err=-16.487Hz  corr=-345.74W  u_ff=127.8W  PCAP→78W  power=78.5W
[PID] perf=27.748Hz  target=11.253Hz  err=-16.495Hz  corr=-345.89W  u_ff=127.8W  PCAP→78W  power=78.6W
[PID] perf=27.731Hz  target=11.253Hz  err=-16.477Hz  corr=-345.57W  u_ff=127.8W  PCAP→78W  power=78.0W
[PID] perf=27.716Hz  target=11.253Hz  err=-16.462Hz  corr=-345.29W  u_ff=127.8W  PCAP→78W  power=78.6W
[PID] perf=27.720Hz  target=11.253Hz  err=-16.467Hz  corr=-345.37W  u_ff=127.8W  PCAP→78W  power=78.8W
[PID] perf=27.743Hz  target=11.253Hz  err=-16.489Hz  corr=-345.79W  u_ff=127.8W  PCAP→78W  power=76.6W
[PID] perf=27.681Hz  target=11.253Hz  err=-16.427Hz  corr=-344.64W  u_ff=127.8W  PCAP→78W  power=76.4W
[PID] perf=27.742Hz  target=11.253Hz  err=-16.489Hz  corr=-345.78W  u_ff=127.8W  PCAP→78W  power=78.7W
[PID] perf=27.708Hz  target=11.253Hz  err=-16.455Hz  corr=-345.15W  u_ff=127.8W  PCAP→78W  power=78.3W
[PID] perf=27.713Hz  target=11.253Hz  err=-16.459Hz  corr=-345.24W  u_ff=127.8W  PCAP→78W  power=78.2W
[PID] perf=27.724Hz  target=11.253Hz  err=-16.471Hz  corr=-345.44W  u_ff=127.8W  PCAP→78W  power=77.4W
[PID] perf=27.719Hz  target=11.253Hz  err=-16.466Hz  corr=-345.35W  u_ff=127.8W  PCAP→78W  power=77.6W
[PID] perf=27.707Hz  target=11.253Hz  err=-16.453Hz  corr=-345.12W  u_ff=127.8W  PCAP→78W  power=77.7W
[PID] perf=27.695Hz  target=11.253Hz  err=-16.441Hz  corr=-344.90W  u_ff=127.8W  PCAP→78W  power=78.4W
[PID] perf=27.745Hz  target=11.253Hz  err=-16.492Hz  corr=-345.83W  u_ff=127.8W  PCAP→78W  power=78.6W
[PID] perf=27.683Hz  target=11.253Hz  err=-16.430Hz  corr=-344.68W  u_ff=127.8W  PCAP→78W  power=77.6W
[PID] perf=27.694Hz  target=11.253Hz  err=-16.441Hz  corr=-344.89W  u_ff=127.8W  PCAP→78W  power=76.4W
[PID] perf=27.726Hz  target=11.253Hz  err=-16.473Hz  corr=-345.49W  u_ff=127.8W  PCAP→78W  power=79.0W
[PID] perf=27.759Hz  target=11.253Hz  err=-16.506Hz  corr=-346.10W  u_ff=127.8W  PCAP→78W  power=76.4W
[PID] perf=27.728Hz  target=11.253Hz  err=-16.475Hz  corr=-345.52W  u_ff=127.8W  PCAP→78W  power=76.8W
[PID] perf=27.705Hz  target=11.253Hz  err=-16.452Hz  corr=-345.10W  u_ff=127.8W  PCAP→78W  power=78.8W
[PID] perf=27.671Hz  target=11.253Hz  err=-16.418Hz  corr=-344.46W  u_ff=127.8W  PCAP→78W  power=76.3W
[PID] perf=27.709Hz  target=11.253Hz  err=-16.456Hz  corr=-345.17W  u_ff=127.8W  PCAP→78W  power=78.0W
[PID] perf=27.672Hz  target=11.253Hz  err=-16.418Hz  corr=-344.47W  u_ff=127.8W  PCAP→78W  power=79.2W
[PID] perf=27.717Hz  target=11.253Hz  err=-16.464Hz  corr=-345.32W  u_ff=127.8W  PCAP→78W  power=77.1W
[PID] perf=27.754Hz  target=11.253Hz  err=-16.500Hz  corr=-345.99W  u_ff=127.8W  PCAP→78W  power=79.1W
[PID] perf=27.723Hz  target=11.253Hz  err=-16.470Hz  corr=-345.42W  u_ff=127.8W  PCAP→78W  power=78.2W
[PID] perf=27.698Hz  target=11.253Hz  err=-16.445Hz  corr=-344.97W  u_ff=127.8W  PCAP→78W  power=77.6W
[PID] perf=27.721Hz  target=11.253Hz  err=-16.468Hz  corr=-345.39W  u_ff=127.8W  PCAP→78W  power=78.8W
[PID] perf=27.682Hz  target=11.253Hz  err=-16.429Hz  corr=-344.67W  u_ff=127.8W  PCAP→78W  power=76.9W
[PID] perf=27.702Hz  target=11.253Hz  err=-16.448Hz  corr=-345.03W  u_ff=127.8W  PCAP→78W  power=77.0W
[PID] perf=27.668Hz  target=11.253Hz  err=-16.414Hz  corr=-344.40W  u_ff=127.8W  PCAP→78W  power=77.6W
[PID] perf=27.717Hz  target=11.253Hz  err=-16.464Hz  corr=-345.32W  u_ff=127.8W  PCAP→78W  power=78.9W
[PID] perf=27.692Hz  target=11.253Hz  err=-16.438Hz  corr=-344.85W  u_ff=127.8W  PCAP→78W  power=79.1W
[PID] perf=27.691Hz  target=11.253Hz  err=-16.438Hz  corr=-344.83W  u_ff=127.8W  PCAP→78W  power=77.2W
[PID] perf=27.668Hz  target=11.253Hz  err=-16.415Hz  corr=-344.41W  u_ff=127.8W  PCAP→78W  power=77.4W
[PID] perf=27.695Hz  target=11.253Hz  err=-16.442Hz  corr=-344.91W  u_ff=127.8W  PCAP→78W  power=78.5W
[PID] perf=27.682Hz  target=11.253Hz  err=-16.428Hz  corr=-344.66W  u_ff=127.8W  PCAP→78W  power=77.8W
[PID] perf=26.756Hz  target=11.253Hz  err=-15.503Hz  corr=-327.50W  u_ff=127.8W  PCAP→78W  power=78.0W
[PID] perf=26.819Hz  target=11.253Hz  err=-15.566Hz  corr=-328.67W  u_ff=127.8W  PCAP→78W  power=79.0W
[PID] perf=26.826Hz  target=11.253Hz  err=-15.572Hz  corr=-328.79W  u_ff=127.8W  PCAP→78W  power=79.1W
[PID] perf=26.797Hz  target=11.253Hz  err=-15.544Hz  corr=-328.26W  u_ff=127.8W  PCAP→78W  power=77.8W
[PID] perf=26.785Hz  target=11.253Hz  err=-15.532Hz  corr=-328.03W  u_ff=127.8W  PCAP→78W  power=77.9W
[PID] perf=26.784Hz  target=11.253Hz  err=-15.531Hz  corr=-328.01W  u_ff=127.8W  PCAP→78W  power=78.8W
[PID] perf=26.809Hz  target=11.253Hz  err=-15.556Hz  corr=-328.48W  u_ff=127.8W  PCAP→78W  power=77.7W
[PID] perf=26.828Hz  target=11.253Hz  err=-15.575Hz  corr=-328.83W  u_ff=127.8W  PCAP→78W  power=77.7W
[PID] perf=26.869Hz  target=11.253Hz  err=-15.616Hz  corr=-329.59W  u_ff=127.8W  PCAP→78W  power=76.5W
[PID] perf=26.858Hz  target=11.253Hz  err=-15.605Hz  corr=-329.38W  u_ff=127.8W  PCAP→78W  power=78.8W
[PID] perf=26.863Hz  target=11.253Hz  err=-15.610Hz  corr=-329.49W  u_ff=127.8W  PCAP→78W  power=77.3W
[PID] perf=26.857Hz  target=11.253Hz  err=-15.603Hz  corr=-329.36W  u_ff=127.8W  PCAP→78W  power=76.5W
[PID] perf=26.856Hz  target=11.253Hz  err=-15.603Hz  corr=-329.35W  u_ff=127.8W  PCAP→78W  power=77.3W
[PID] perf=26.837Hz  target=11.253Hz  err=-15.584Hz  corr=-328.99W  u_ff=127.8W  PCAP→78W  power=78.2W
[PID] perf=26.867Hz  target=11.253Hz  err=-15.614Hz  corr=-329.55W  u_ff=127.8W  PCAP→78W  power=77.6W
[PID] perf=27.138Hz  target=11.253Hz  err=-15.884Hz  corr=-334.57W  u_ff=127.8W  PCAP→78W  power=79.2W
[PID] perf=27.176Hz  target=11.253Hz  err=-15.923Hz  corr=-335.28W  u_ff=127.8W  PCAP→78W  power=77.9W
[PID] perf=27.191Hz  target=11.253Hz  err=-15.938Hz  corr=-335.56W  u_ff=127.8W  PCAP→78W  power=76.1W
[PID] perf=27.193Hz  target=11.253Hz  err=-15.940Hz  corr=-335.60W  u_ff=127.8W  PCAP→78W  power=78.5W
[PID] perf=27.179Hz  target=11.253Hz  err=-15.925Hz  corr=-335.33W  u_ff=127.8W  PCAP→78W  power=78.1W
[PID] perf=27.223Hz  target=11.253Hz  err=-15.969Hz  corr=-336.15W  u_ff=127.8W  PCAP→78W  power=77.0W
[PID] perf=26.936Hz  target=11.253Hz  err=-15.683Hz  corr=-330.83W  u_ff=127.8W  PCAP→78W  power=77.8W
[PID] perf=26.988Hz  target=11.253Hz  err=-15.734Hz  corr=-331.79W  u_ff=127.8W  PCAP→78W  power=79.0W
[PID] perf=26.972Hz  target=11.253Hz  err=-15.718Hz  corr=-331.49W  u_ff=127.8W  PCAP→78W  power=77.2W
[PID] perf=27.024Hz  target=11.253Hz  err=-15.771Hz  corr=-332.47W  u_ff=127.8W  PCAP→78W  power=76.5W
[PID] perf=26.984Hz  target=11.253Hz  err=-15.730Hz  corr=-331.71W  u_ff=127.8W  PCAP→78W  power=79.1W
[PID] perf=26.996Hz  target=11.253Hz  err=-15.743Hz  corr=-331.95W  u_ff=127.8W  PCAP→78W  power=77.8W
[PID] perf=26.984Hz  target=11.253Hz  err=-15.730Hz  corr=-331.71W  u_ff=127.8W  PCAP→78W  power=78.9W
[PID] perf=26.993Hz  target=11.253Hz  err=-15.739Hz  corr=-331.88W  u_ff=127.8W  PCAP→78W  power=77.4W
[PID] perf=26.971Hz  target=11.253Hz  err=-15.717Hz  corr=-331.47W  u_ff=127.8W  PCAP→78W  power=76.4W
[PID] perf=27.002Hz  target=11.253Hz  err=-15.749Hz  corr=-332.06W  u_ff=127.8W  PCAP→78W  power=77.7W
[PID] perf=26.967Hz  target=11.253Hz  err=-15.714Hz  corr=-331.41W  u_ff=127.8W  PCAP→78W  power=77.4W
[PID] perf=26.928Hz  target=11.253Hz  err=-15.675Hz  corr=-330.69W  u_ff=127.8W  PCAP→78W  power=77.6W
[PID] perf=26.958Hz  target=11.253Hz  err=-15.705Hz  corr=-331.25W  u_ff=127.8W  PCAP→78W  power=78.3W
[PID] perf=26.995Hz  target=11.253Hz  err=-15.742Hz  corr=-331.93W  u_ff=127.8W  PCAP→78W  power=75.7W
[PID] perf=27.020Hz  target=11.253Hz  err=-15.767Hz  corr=-332.39W  u_ff=127.8W  PCAP→78W  power=78.1W
[PID] perf=27.086Hz  target=11.253Hz  err=-15.833Hz  corr=-333.61W  u_ff=127.8W  PCAP→78W  power=78.8W
[PID] perf=27.072Hz  target=11.253Hz  err=-15.819Hz  corr=-333.36W  u_ff=127.8W  PCAP→78W  power=77.8W
[PID] perf=27.128Hz  target=11.253Hz  err=-15.875Hz  corr=-334.40W  u_ff=127.8W  PCAP→78W  power=76.7W
[PID] perf=27.097Hz  target=11.253Hz  err=-15.844Hz  corr=-333.81W  u_ff=127.8W  PCAP→78W  power=77.3W
[PID] perf=27.101Hz  target=11.253Hz  err=-15.848Hz  corr=-333.90W  u_ff=127.8W  PCAP→78W  power=78.9W
[PID] perf=27.103Hz  target=11.253Hz  err=-15.850Hz  corr=-333.93W  u_ff=127.8W  PCAP→78W  power=79.2W
[PID] perf=27.090Hz  target=11.253Hz  err=-15.837Hz  corr=-333.70W  u_ff=127.8W  PCAP→78W  power=78.8W
[PID] perf=27.110Hz  target=11.253Hz  err=-15.857Hz  corr=-334.06W  u_ff=127.8W  PCAP→78W  power=77.2W
[PID] perf=27.104Hz  target=11.253Hz  err=-15.850Hz  corr=-333.94W  u_ff=127.8W  PCAP→78W  power=77.9W
[PID] perf=27.107Hz  target=11.253Hz  err=-15.853Hz  corr=-333.99W  u_ff=127.8W  PCAP→78W  power=77.1W
[PID] perf=26.983Hz  target=11.253Hz  err=-15.729Hz  corr=-331.69W  u_ff=127.8W  PCAP→78W  power=78.2W
[PID] perf=27.044Hz  target=11.253Hz  err=-15.790Hz  corr=-332.83W  u_ff=127.8W  PCAP→78W  power=77.6W
[PID] perf=27.050Hz  target=11.253Hz  err=-15.796Hz  corr=-332.94W  u_ff=127.8W  PCAP→78W  power=77.3W
[PID] perf=27.069Hz  target=11.253Hz  err=-15.815Hz  corr=-333.29W  u_ff=127.8W  PCAP→78W  power=77.1W
[PID] perf=27.056Hz  target=11.253Hz  err=-15.803Hz  corr=-333.06W  u_ff=127.8W  PCAP→78W  power=78.2W
[PID] perf=27.030Hz  target=11.253Hz  err=-15.776Hz  corr=-332.57W  u_ff=127.8W  PCAP→78W  power=79.0W
[PID] perf=27.040Hz  target=11.253Hz  err=-15.787Hz  corr=-332.76W  u_ff=127.8W  PCAP→78W  power=79.0W
[PID] perf=27.011Hz  target=11.253Hz  err=-15.757Hz  corr=-332.22W  u_ff=127.8W  PCAP→78W  power=78.7W
[PID] perf=27.031Hz  target=11.253Hz  err=-15.778Hz  corr=-332.60W  u_ff=127.8W  PCAP→78W  power=79.1W
[PID] perf=27.033Hz  target=11.253Hz  err=-15.780Hz  corr=-332.64W  u_ff=127.8W  PCAP→78W  power=77.1W
[PID] perf=27.081Hz  target=11.253Hz  err=-15.827Hz  corr=-333.51W  u_ff=127.8W  PCAP→78W  power=78.3W
[PID] perf=27.095Hz  target=11.253Hz  err=-15.842Hz  corr=-333.78W  u_ff=127.8W  PCAP→78W  power=79.0W
[PID] perf=27.056Hz  target=11.253Hz  err=-15.803Hz  corr=-333.05W  u_ff=127.8W  PCAP→78W  power=78.7W
[PID] perf=27.005Hz  target=11.253Hz  err=-15.752Hz  corr=-332.12W  u_ff=127.8W  PCAP→78W  power=78.9W
[PID] perf=27.039Hz  target=11.253Hz  err=-15.786Hz  corr=-332.74W  u_ff=127.8W  PCAP→78W  power=77.0W
[PID] perf=27.021Hz  target=11.253Hz  err=-15.768Hz  corr=-332.41W  u_ff=127.8W  PCAP→78W  power=79.2W
[PID] perf=27.070Hz  target=11.253Hz  err=-15.816Hz  corr=-333.31W  u_ff=127.8W  PCAP→78W  power=78.5W
[PID] perf=27.027Hz  target=11.253Hz  err=-15.774Hz  corr=-332.52W  u_ff=127.8W  PCAP→78W  power=78.2W
[PID] perf=26.986Hz  target=11.253Hz  err=-15.733Hz  corr=-331.76W  u_ff=127.8W  PCAP→78W  power=78.5W
[PID] perf=27.047Hz  target=11.253Hz  err=-15.794Hz  corr=-332.89W  u_ff=127.8W  PCAP→78W  power=77.6W
[PID] perf=27.038Hz  target=11.253Hz  err=-15.784Hz  corr=-332.72W  u_ff=127.8W  PCAP→78W  power=79.0W
[PID] perf=27.027Hz  target=11.253Hz  err=-15.774Hz  corr=-332.52W  u_ff=127.8W  PCAP→78W  power=77.2W
[PID] perf=27.074Hz  target=11.253Hz  err=-15.821Hz  corr=-333.39W  u_ff=127.8W  PCAP→78W  power=77.5W
[PID] perf=27.033Hz  target=11.253Hz  err=-15.780Hz  corr=-332.64W  u_ff=127.8W  PCAP→78W  power=77.3W
[PID] perf=27.036Hz  target=11.253Hz  err=-15.783Hz  corr=-332.69W  u_ff=127.8W  PCAP→78W  power=76.8W
[PID] perf=27.003Hz  target=11.253Hz  err=-15.749Hz  corr=-332.07W  u_ff=127.8W  PCAP→78W  power=77.7W
[PID] perf=27.012Hz  target=11.253Hz  err=-15.759Hz  corr=-332.25W  u_ff=127.8W  PCAP→78W  power=77.5W
[PID] perf=27.045Hz  target=11.253Hz  err=-15.792Hz  corr=-332.85W  u_ff=127.8W  PCAP→78W  power=79.0W
[PID] perf=28.266Hz  target=11.253Hz  err=-17.013Hz  corr=-355.49W  u_ff=127.8W  PCAP→78W  power=78.7W
[PID] perf=27.758Hz  target=11.253Hz  err=-16.505Hz  corr=-346.08W  u_ff=127.8W  PCAP→78W  power=77.3W
[PID] perf=27.783Hz  target=11.253Hz  err=-16.529Hz  corr=-346.53W  u_ff=127.8W  PCAP→78W  power=78.1W
[PID] perf=27.829Hz  target=11.253Hz  err=-16.576Hz  corr=-347.40W  u_ff=127.8W  PCAP→78W  power=79.3W
[PID] perf=27.811Hz  target=11.253Hz  err=-16.558Hz  corr=-347.06W  u_ff=127.8W  PCAP→78W  power=76.9W
[PID] perf=27.835Hz  target=11.253Hz  err=-16.582Hz  corr=-347.50W  u_ff=127.8W  PCAP→78W  power=77.6W
[PID] perf=27.834Hz  target=11.253Hz  err=-16.581Hz  corr=-347.48W  u_ff=127.8W  PCAP→78W  power=77.3W
[PID] perf=27.787Hz  target=11.253Hz  err=-16.534Hz  corr=-346.62W  u_ff=127.8W  PCAP→78W  power=78.2W
[PID] perf=27.796Hz  target=11.253Hz  err=-16.543Hz  corr=-346.79W  u_ff=127.8W  PCAP→78W  power=77.2W
[PID] perf=27.808Hz  target=11.253Hz  err=-16.555Hz  corr=-347.00W  u_ff=127.8W  PCAP→78W  power=78.4W
[PID] perf=27.806Hz  target=11.253Hz  err=-16.553Hz  corr=-346.97W  u_ff=127.8W  PCAP→78W  power=77.6W
[PID] perf=27.773Hz  target=11.253Hz  err=-16.519Hz  corr=-346.35W  u_ff=127.8W  PCAP→78W  power=76.2W
[PID] perf=27.816Hz  target=11.253Hz  err=-16.563Hz  corr=-347.15W  u_ff=127.8W  PCAP→78W  power=77.2W
[PID] perf=27.820Hz  target=11.253Hz  err=-16.567Hz  corr=-347.23W  u_ff=127.8W  PCAP→78W  power=78.2W
[PID] perf=27.757Hz  target=11.253Hz  err=-16.504Hz  corr=-346.05W  u_ff=127.8W  PCAP→78W  power=75.9W
[PID] perf=27.796Hz  target=11.253Hz  err=-16.543Hz  corr=-346.78W  u_ff=127.8W  PCAP→78W  power=78.1W
[PID] perf=27.771Hz  target=11.253Hz  err=-16.518Hz  corr=-346.32W  u_ff=127.8W  PCAP→78W  power=78.9W
[PID] perf=27.784Hz  target=11.253Hz  err=-16.531Hz  corr=-346.56W  u_ff=127.8W  PCAP→78W  power=77.6W
[PID] perf=27.789Hz  target=11.253Hz  err=-16.536Hz  corr=-346.65W  u_ff=127.8W  PCAP→78W  power=76.1W
[PID] perf=27.754Hz  target=11.253Hz  err=-16.501Hz  corr=-346.00W  u_ff=127.8W  PCAP→78W  power=77.6W
[PID] perf=27.776Hz  target=11.253Hz  err=-16.523Hz  corr=-346.42W  u_ff=127.8W  PCAP→78W  power=78.1W
[PID] perf=27.768Hz  target=11.253Hz  err=-16.515Hz  corr=-346.26W  u_ff=127.8W  PCAP→78W  power=77.3W
[PID] perf=27.772Hz  target=11.253Hz  err=-16.519Hz  corr=-346.33W  u_ff=127.8W  PCAP→78W  power=76.5W
[PID] perf=27.755Hz  target=11.253Hz  err=-16.502Hz  corr=-346.03W  u_ff=127.8W  PCAP→78W  power=77.8W
[PID] perf=27.578Hz  target=11.253Hz  err=-16.325Hz  corr=-342.75W  u_ff=127.8W  PCAP→78W  power=77.8W
[PID] perf=27.590Hz  target=11.253Hz  err=-16.337Hz  corr=-342.97W  u_ff=127.8W  PCAP→78W  power=78.2W
[PID] perf=27.636Hz  target=11.253Hz  err=-16.382Hz  corr=-343.80W  u_ff=127.8W  PCAP→78W  power=78.1W
[PID] perf=27.620Hz  target=11.253Hz  err=-16.366Hz  corr=-343.51W  u_ff=127.8W  PCAP→78W  power=77.7W
[PID] perf=27.636Hz  target=11.253Hz  err=-16.382Hz  corr=-343.81W  u_ff=127.8W  PCAP→78W  power=77.6W
[PID] perf=27.626Hz  target=11.253Hz  err=-16.373Hz  corr=-343.63W  u_ff=127.8W  PCAP→78W  power=76.4W
[PID] perf=27.639Hz  target=11.253Hz  err=-16.386Hz  corr=-343.87W  u_ff=127.8W  PCAP→78W  power=77.1W
[PID] perf=27.629Hz  target=11.253Hz  err=-16.376Hz  corr=-343.68W  u_ff=127.8W  PCAP→78W  power=77.1W
[PID] perf=27.630Hz  target=11.253Hz  err=-16.377Hz  corr=-343.71W  u_ff=127.8W  PCAP→78W  power=78.5W
[PID] perf=27.668Hz  target=11.253Hz  err=-16.414Hz  corr=-344.40W  u_ff=127.8W  PCAP→78W  power=77.8W
[PID] perf=27.603Hz  target=11.253Hz  err=-16.350Hz  corr=-343.20W  u_ff=127.8W  PCAP→78W  power=76.9W
[PID] perf=27.635Hz  target=11.253Hz  err=-16.382Hz  corr=-343.80W  u_ff=127.8W  PCAP→78W  power=78.9W
[PID] perf=27.600Hz  target=11.253Hz  err=-16.347Hz  corr=-343.14W  u_ff=127.8W  PCAP→78W  power=78.2W
[PID] perf=27.614Hz  target=11.253Hz  err=-16.361Hz  corr=-343.41W  u_ff=127.8W  PCAP→78W  power=77.2W
[PID] perf=27.682Hz  target=11.253Hz  err=-16.428Hz  corr=-344.66W  u_ff=127.8W  PCAP→78W  power=78.6W
[PID] perf=27.667Hz  target=11.253Hz  err=-16.414Hz  corr=-344.39W  u_ff=127.8W  PCAP→78W  power=78.4W
[PID] perf=27.772Hz  target=11.253Hz  err=-16.519Hz  corr=-346.33W  u_ff=127.8W  PCAP→78W  power=77.4W
[PID] perf=27.048Hz  target=11.253Hz  err=-15.795Hz  corr=-332.91W  u_ff=127.8W  PCAP→78W  power=76.7W
[PID] perf=27.097Hz  target=11.253Hz  err=-15.844Hz  corr=-333.82W  u_ff=127.8W  PCAP→78W  power=78.7W
[PID] perf=27.142Hz  target=11.253Hz  err=-15.888Hz  corr=-334.64W  u_ff=127.8W  PCAP→78W  power=79.1W
[PID] perf=27.150Hz  target=11.253Hz  err=-15.897Hz  corr=-334.81W  u_ff=127.8W  PCAP→78W  power=76.5W
[PID] perf=27.189Hz  target=11.253Hz  err=-15.936Hz  corr=-335.53W  u_ff=127.8W  PCAP→78W  power=78.7W
[PID] perf=27.167Hz  target=11.253Hz  err=-15.913Hz  corr=-335.11W  u_ff=127.8W  PCAP→78W  power=78.0W
[PID] perf=27.142Hz  target=11.253Hz  err=-15.888Hz  corr=-334.64W  u_ff=127.8W  PCAP→78W  power=78.4W
[PID] perf=27.170Hz  target=11.253Hz  err=-15.917Hz  corr=-335.17W  u_ff=127.8W  PCAP→78W  power=79.1W
[PID] perf=27.193Hz  target=11.253Hz  err=-15.940Hz  corr=-335.60W  u_ff=127.8W  PCAP→78W  power=78.7W
[PID] perf=27.146Hz  target=11.253Hz  err=-15.893Hz  corr=-334.73W  u_ff=127.8W  PCAP→78W  power=79.2W
[PID] perf=27.149Hz  target=11.253Hz  err=-15.896Hz  corr=-334.78W  u_ff=127.8W  PCAP→78W  power=79.1W
[PID] perf=27.116Hz  target=11.253Hz  err=-15.863Hz  corr=-334.17W  u_ff=127.8W  PCAP→78W  power=77.6W
[PID] perf=27.110Hz  target=11.253Hz  err=-15.857Hz  corr=-334.06W  u_ff=127.8W  PCAP→78W  power=78.0W
[PID] perf=27.154Hz  target=11.253Hz  err=-15.901Hz  corr=-334.87W  u_ff=127.8W  PCAP→78W  power=77.7W
[PID] perf=27.158Hz  target=11.253Hz  err=-15.905Hz  corr=-334.95W  u_ff=127.8W  PCAP→78W  power=78.4W
[PID] perf=27.122Hz  target=11.253Hz  err=-15.869Hz  corr=-334.29W  u_ff=127.8W  PCAP→78W  power=78.3W
[PID] perf=27.161Hz  target=11.253Hz  err=-15.908Hz  corr=-335.00W  u_ff=127.8W  PCAP→78W  power=76.9W
[PID] perf=27.094Hz  target=11.253Hz  err=-15.841Hz  corr=-333.77W  u_ff=127.8W  PCAP→78W  power=77.6W
[PID] perf=27.120Hz  target=11.253Hz  err=-15.867Hz  corr=-334.25W  u_ff=127.8W  PCAP→78W  power=78.8W
[PID] perf=27.113Hz  target=11.253Hz  err=-15.860Hz  corr=-334.12W  u_ff=127.8W  PCAP→78W  power=76.5W
[PID] perf=27.151Hz  target=11.253Hz  err=-15.898Hz  corr=-334.83W  u_ff=127.8W  PCAP→78W  power=77.0W
[PID] perf=27.135Hz  target=11.253Hz  err=-15.882Hz  corr=-334.52W  u_ff=127.8W  PCAP→78W  power=78.1W
[PID] perf=26.722Hz  target=11.253Hz  err=-15.468Hz  corr=-326.86W  u_ff=127.8W  PCAP→78W  power=78.0W
[PID] perf=26.787Hz  target=11.253Hz  err=-15.534Hz  corr=-328.08W  u_ff=127.8W  PCAP→78W  power=78.2W
[PID] perf=26.885Hz  target=11.253Hz  err=-15.631Hz  corr=-329.88W  u_ff=127.8W  PCAP→78W  power=77.6W
[PID] perf=26.902Hz  target=11.253Hz  err=-15.649Hz  corr=-330.20W  u_ff=127.8W  PCAP→78W  power=78.8W
[PID] perf=26.901Hz  target=11.253Hz  err=-15.648Hz  corr=-330.19W  u_ff=127.8W  PCAP→78W  power=78.0W
[PID] perf=26.924Hz  target=11.253Hz  err=-15.671Hz  corr=-330.61W  u_ff=127.8W  PCAP→78W  power=76.9W
[PID] perf=26.907Hz  target=11.253Hz  err=-15.654Hz  corr=-330.29W  u_ff=127.8W  PCAP→78W  power=78.4W
[PID] perf=26.955Hz  target=11.253Hz  err=-15.702Hz  corr=-331.18W  u_ff=127.8W  PCAP→78W  power=79.2W
[PID] perf=26.935Hz  target=11.253Hz  err=-15.682Hz  corr=-330.82W  u_ff=127.8W  PCAP→78W  power=78.0W
[PID] perf=26.955Hz  target=11.253Hz  err=-15.702Hz  corr=-331.19W  u_ff=127.8W  PCAP→78W  power=76.4W
[PID] perf=26.956Hz  target=11.253Hz  err=-15.703Hz  corr=-331.21W  u_ff=127.8W  PCAP→78W  power=78.6W
[PID] perf=26.922Hz  target=11.253Hz  err=-15.669Hz  corr=-330.57W  u_ff=127.8W  PCAP→78W  power=77.4W
[PID] perf=26.959Hz  target=11.253Hz  err=-15.705Hz  corr=-331.25W  u_ff=127.8W  PCAP→78W  power=79.0W
[PID] perf=26.965Hz  target=11.253Hz  err=-15.712Hz  corr=-331.37W  u_ff=127.8W  PCAP→78W  power=77.8W
[PID] perf=26.971Hz  target=11.253Hz  err=-15.717Hz  corr=-331.47W  u_ff=127.8W  PCAP→78W  power=77.3W
[PID] perf=26.951Hz  target=11.253Hz  err=-15.698Hz  corr=-331.11W  u_ff=127.8W  PCAP→78W  power=77.3W
[PID] perf=26.942Hz  target=11.253Hz  err=-15.689Hz  corr=-330.95W  u_ff=127.8W  PCAP→78W  power=78.4W
[PID] perf=26.930Hz  target=11.253Hz  err=-15.676Hz  corr=-330.71W  u_ff=127.8W  PCAP→78W  power=77.4W
[PID] perf=27.029Hz  target=11.253Hz  err=-15.776Hz  corr=-332.55W  u_ff=127.8W  PCAP→78W  power=77.1W
[PID] perf=27.202Hz  target=11.253Hz  err=-15.948Hz  corr=-335.76W  u_ff=127.8W  PCAP→78W  power=77.9W
[PID] perf=27.154Hz  target=11.253Hz  err=-15.901Hz  corr=-334.87W  u_ff=127.8W  PCAP→78W  power=78.6W
[PID] perf=27.167Hz  target=11.253Hz  err=-15.914Hz  corr=-335.12W  u_ff=127.8W  PCAP→78W  power=79.0W
[PID] perf=27.129Hz  target=11.253Hz  err=-15.876Hz  corr=-334.42W  u_ff=127.8W  PCAP→78W  power=76.1W
[PID] perf=27.149Hz  target=11.253Hz  err=-15.895Hz  corr=-334.77W  u_ff=127.8W  PCAP→78W  power=76.6W
[PID] perf=27.144Hz  target=11.253Hz  err=-15.891Hz  corr=-334.70W  u_ff=127.8W  PCAP→78W  power=78.1W
[PID] perf=27.160Hz  target=11.253Hz  err=-15.906Hz  corr=-334.98W  u_ff=127.8W  PCAP→78W  power=77.8W
[PID] perf=27.175Hz  target=11.253Hz  err=-15.922Hz  corr=-335.26W  u_ff=127.8W  PCAP→78W  power=77.5W
[PID] perf=27.170Hz  target=11.253Hz  err=-15.917Hz  corr=-335.18W  u_ff=127.8W  PCAP→78W  power=78.1W
[PID] perf=27.137Hz  target=11.253Hz  err=-15.884Hz  corr=-334.56W  u_ff=127.8W  PCAP→78W  power=76.9W
[PID] perf=27.142Hz  target=11.253Hz  err=-15.889Hz  corr=-334.65W  u_ff=127.8W  PCAP→78W  power=76.9W
[PID] perf=27.164Hz  target=11.253Hz  err=-15.911Hz  corr=-335.06W  u_ff=127.8W  PCAP→78W  power=77.6W
[PID] perf=27.515Hz  target=11.253Hz  err=-16.261Hz  corr=-341.56W  u_ff=127.8W  PCAP→78W  power=78.7W
[PID] perf=27.651Hz  target=11.253Hz  err=-16.398Hz  corr=-344.09W  u_ff=127.8W  PCAP→78W  power=79.2W
[PID] perf=27.683Hz  target=11.253Hz  err=-16.430Hz  corr=-344.69W  u_ff=127.8W  PCAP→78W  power=77.6W
[PID] perf=27.647Hz  target=11.253Hz  err=-16.394Hz  corr=-344.02W  u_ff=127.8W  PCAP→78W  power=76.5W
[PID] perf=27.680Hz  target=11.253Hz  err=-16.427Hz  corr=-344.62W  u_ff=127.8W  PCAP→78W  power=77.3W
[PID] perf=27.681Hz  target=11.253Hz  err=-16.428Hz  corr=-344.65W  u_ff=127.8W  PCAP→78W  power=78.5W
[PID] perf=27.690Hz  target=11.253Hz  err=-16.437Hz  corr=-344.81W  u_ff=127.8W  PCAP→78W  power=77.6W
[PID] perf=27.721Hz  target=11.253Hz  err=-16.467Hz  corr=-345.38W  u_ff=127.8W  PCAP→78W  power=79.3W
[PID] perf=27.678Hz  target=11.253Hz  err=-16.425Hz  corr=-344.59W  u_ff=127.8W  PCAP→78W  power=77.6W
[PID] perf=27.653Hz  target=11.253Hz  err=-16.400Hz  corr=-344.13W  u_ff=127.8W  PCAP→78W  power=79.3W
[PID] perf=27.640Hz  target=11.253Hz  err=-16.387Hz  corr=-343.89W  u_ff=127.8W  PCAP→78W  power=78.0W
[PID] perf=27.701Hz  target=11.253Hz  err=-16.447Hz  corr=-345.01W  u_ff=127.8W  PCAP→78W  power=78.1W
[PID] perf=27.673Hz  target=11.253Hz  err=-16.420Hz  corr=-344.50W  u_ff=127.8W  PCAP→78W  power=76.9W
[PID] perf=26.975Hz  target=11.253Hz  err=-15.722Hz  corr=-331.56W  u_ff=127.8W  PCAP→78W  power=79.0W
[PID] perf=27.071Hz  target=11.253Hz  err=-15.817Hz  corr=-333.33W  u_ff=127.8W  PCAP→78W  power=77.6W
[PID] perf=27.254Hz  target=11.253Hz  err=-16.001Hz  corr=-336.72W  u_ff=127.8W  PCAP→78W  power=78.7W
[PID] perf=27.235Hz  target=11.253Hz  err=-15.981Hz  corr=-336.37W  u_ff=127.8W  PCAP→78W  power=78.2W
[PID] perf=27.216Hz  target=11.253Hz  err=-15.962Hz  corr=-336.02W  u_ff=127.8W  PCAP→78W  power=79.0W
[PID] perf=27.242Hz  target=11.253Hz  err=-15.988Hz  corr=-336.50W  u_ff=127.8W  PCAP→78W  power=79.0W
[PID] perf=27.270Hz  target=11.253Hz  err=-16.016Hz  corr=-337.02W  u_ff=127.8W  PCAP→78W  power=79.2W
[PID] perf=27.113Hz  target=11.253Hz  err=-15.859Hz  corr=-334.11W  u_ff=127.8W  PCAP→78W  power=79.1W
[PID] perf=27.238Hz  target=11.253Hz  err=-15.984Hz  corr=-336.42W  u_ff=127.8W  PCAP→78W  power=77.6W
[PID] perf=27.239Hz  target=11.253Hz  err=-15.986Hz  corr=-336.45W  u_ff=127.8W  PCAP→78W  power=77.0W
[PID] perf=27.245Hz  target=11.253Hz  err=-15.992Hz  corr=-336.57W  u_ff=127.8W  PCAP→78W  power=77.4W
[PID] perf=27.218Hz  target=11.253Hz  err=-15.965Hz  corr=-336.07W  u_ff=127.8W  PCAP→78W  power=79.0W
[PID] perf=27.184Hz  target=11.253Hz  err=-15.930Hz  corr=-335.42W  u_ff=127.8W  PCAP→78W  power=78.3W
[PID] perf=27.204Hz  target=11.253Hz  err=-15.951Hz  corr=-335.80W  u_ff=127.8W  PCAP→78W  power=77.8W
[PID] perf=27.218Hz  target=11.253Hz  err=-15.965Hz  corr=-336.06W  u_ff=127.8W  PCAP→78W  power=78.4W
[PID] perf=27.271Hz  target=11.253Hz  err=-16.017Hz  corr=-337.03W  u_ff=127.8W  PCAP→78W  power=78.4W
[PID] perf=27.236Hz  target=11.253Hz  err=-15.983Hz  corr=-336.40W  u_ff=127.8W  PCAP→78W  power=78.3W
[PID] perf=27.228Hz  target=11.253Hz  err=-15.974Hz  corr=-336.24W  u_ff=127.8W  PCAP→78W  power=77.1W
[PID] perf=27.202Hz  target=11.253Hz  err=-15.949Hz  corr=-335.77W  u_ff=127.8W  PCAP→78W  power=78.5W
[PID] perf=27.201Hz  target=11.253Hz  err=-15.948Hz  corr=-335.74W  u_ff=127.8W  PCAP→78W  power=79.0W
[PID] perf=27.183Hz  target=11.253Hz  err=-15.930Hz  corr=-335.41W  u_ff=127.8W  PCAP→78W  power=78.2W
[PID] perf=27.208Hz  target=11.253Hz  err=-15.954Hz  corr=-335.87W  u_ff=127.8W  PCAP→78W  power=77.6W
[PID] perf=27.038Hz  target=11.253Hz  err=-15.785Hz  corr=-332.72W  u_ff=127.8W  PCAP→78W  power=78.7W
[PID] perf=26.165Hz  target=11.253Hz  err=-14.912Hz  corr=-316.54W  u_ff=127.8W  PCAP→78W  power=78.6W
[PID] perf=26.175Hz  target=11.253Hz  err=-14.921Hz  corr=-316.71W  u_ff=127.8W  PCAP→78W  power=78.6W
[PID] perf=26.238Hz  target=11.253Hz  err=-14.985Hz  corr=-317.89W  u_ff=127.8W  PCAP→78W  power=79.2W
[PID] perf=26.251Hz  target=11.253Hz  err=-14.997Hz  corr=-318.12W  u_ff=127.8W  PCAP→78W  power=77.5W
[PID] perf=26.206Hz  target=11.253Hz  err=-14.953Hz  corr=-317.30W  u_ff=127.8W  PCAP→78W  power=77.5W
[PID] perf=26.231Hz  target=11.253Hz  err=-14.977Hz  corr=-317.75W  u_ff=127.8W  PCAP→78W  power=77.6W
[PID] perf=26.209Hz  target=11.253Hz  err=-14.956Hz  corr=-317.35W  u_ff=127.8W  PCAP→78W  power=78.0W
[PID] perf=26.239Hz  target=11.253Hz  err=-14.986Hz  corr=-317.91W  u_ff=127.8W  PCAP→78W  power=78.7W
[PID] perf=26.276Hz  target=11.253Hz  err=-15.022Hz  corr=-318.58W  u_ff=127.8W  PCAP→78W  power=77.4W
[PID] perf=26.240Hz  target=11.253Hz  err=-14.987Hz  corr=-317.93W  u_ff=127.8W  PCAP→78W  power=76.7W
[PID] perf=26.210Hz  target=11.253Hz  err=-14.957Hz  corr=-317.37W  u_ff=127.8W  PCAP→78W  power=78.5W
[PID] perf=26.260Hz  target=11.253Hz  err=-15.006Hz  corr=-318.29W  u_ff=127.8W  PCAP→78W  power=78.3W
[PID] perf=26.238Hz  target=11.253Hz  err=-14.985Hz  corr=-317.89W  u_ff=127.8W  PCAP→78W  power=76.7W
[PID] perf=26.233Hz  target=11.253Hz  err=-14.980Hz  corr=-317.80W  u_ff=127.8W  PCAP→78W  power=77.8W
[PID] perf=26.265Hz  target=11.253Hz  err=-15.012Hz  corr=-318.40W  u_ff=127.8W  PCAP→78W  power=77.6W
[PID] perf=26.666Hz  target=11.253Hz  err=-15.412Hz  corr=-325.82W  u_ff=127.8W  PCAP→78W  power=76.7W
[PID] perf=26.680Hz  target=11.253Hz  err=-15.427Hz  corr=-326.09W  u_ff=127.8W  PCAP→78W  power=76.7W
[PID] perf=26.683Hz  target=11.253Hz  err=-15.430Hz  corr=-326.14W  u_ff=127.8W  PCAP→78W  power=79.0W
[PID] perf=26.662Hz  target=11.253Hz  err=-15.409Hz  corr=-325.76W  u_ff=127.8W  PCAP→78W  power=77.4W
[PID] perf=26.670Hz  target=11.253Hz  err=-15.417Hz  corr=-325.90W  u_ff=127.8W  PCAP→78W  power=77.3W
[PID] perf=26.643Hz  target=11.253Hz  err=-15.390Hz  corr=-325.40W  u_ff=127.8W  PCAP→78W  power=78.8W
[PID] perf=26.687Hz  target=11.253Hz  err=-15.434Hz  corr=-326.22W  u_ff=127.8W  PCAP→78W  power=77.9W
[PID] perf=26.679Hz  target=11.253Hz  err=-15.426Hz  corr=-326.06W  u_ff=127.8W  PCAP→78W  power=76.3W
[PID] perf=26.702Hz  target=11.253Hz  err=-15.448Hz  corr=-326.49W  u_ff=127.8W  PCAP→78W  power=79.0W
[PID] perf=26.693Hz  target=11.253Hz  err=-15.440Hz  corr=-326.33W  u_ff=127.8W  PCAP→78W  power=78.6W
[PID] perf=26.680Hz  target=11.253Hz  err=-15.427Hz  corr=-326.08W  u_ff=127.8W  PCAP→78W  power=77.0W
[PID] perf=26.630Hz  target=11.253Hz  err=-15.376Hz  corr=-325.15W  u_ff=127.8W  PCAP→78W  power=77.3W
[PID] perf=26.299Hz  target=11.253Hz  err=-15.046Hz  corr=-319.02W  u_ff=127.8W  PCAP→78W  power=77.9W
[PID] perf=26.305Hz  target=11.253Hz  err=-15.051Hz  corr=-319.12W  u_ff=127.8W  PCAP→78W  power=77.9W
[PID] perf=26.331Hz  target=11.253Hz  err=-15.078Hz  corr=-319.62W  u_ff=127.8W  PCAP→78W  power=78.4W
[PID] perf=26.336Hz  target=11.253Hz  err=-15.082Hz  corr=-319.70W  u_ff=127.8W  PCAP→78W  power=77.3W
[PID] perf=26.368Hz  target=11.253Hz  err=-15.115Hz  corr=-320.30W  u_ff=127.8W  PCAP→78W  power=77.6W
[PID] perf=26.351Hz  target=11.253Hz  err=-15.098Hz  corr=-319.99W  u_ff=127.8W  PCAP→78W  power=77.9W
[PID] perf=26.369Hz  target=11.253Hz  err=-15.116Hz  corr=-320.32W  u_ff=127.8W  PCAP→78W  power=78.3W
[PID] perf=26.288Hz  target=11.253Hz  err=-15.035Hz  corr=-318.81W  u_ff=127.8W  PCAP→78W  power=78.5W
[PID] perf=26.487Hz  target=11.253Hz  err=-15.234Hz  corr=-322.51W  u_ff=127.8W  PCAP→78W  power=76.7W
[PID] perf=26.517Hz  target=11.253Hz  err=-15.264Hz  corr=-323.06W  u_ff=127.8W  PCAP→78W  power=76.9W
[PID] perf=26.476Hz  target=11.253Hz  err=-15.222Hz  corr=-322.30W  u_ff=127.8W  PCAP→78W  power=77.1W
[PID] perf=26.481Hz  target=11.253Hz  err=-15.227Hz  corr=-322.38W  u_ff=127.8W  PCAP→78W  power=76.8W
[PID] perf=26.489Hz  target=11.253Hz  err=-15.235Hz  corr=-322.54W  u_ff=127.8W  PCAP→78W  power=77.1W
[PID] perf=26.436Hz  target=11.253Hz  err=-15.183Hz  corr=-321.56W  u_ff=127.8W  PCAP→78W  power=78.4W
[PID] perf=26.480Hz  target=11.253Hz  err=-15.226Hz  corr=-322.37W  u_ff=127.8W  PCAP→78W  power=78.6W
[PID] perf=26.826Hz  target=11.253Hz  err=-15.573Hz  corr=-328.80W  u_ff=127.8W  PCAP→78W  power=76.5W
[PID] perf=26.814Hz  target=11.253Hz  err=-15.561Hz  corr=-328.58W  u_ff=127.8W  PCAP→78W  power=77.1W
[PID] perf=26.637Hz  target=11.253Hz  err=-15.384Hz  corr=-325.29W  u_ff=127.8W  PCAP→78W  power=77.1W
[PID] perf=26.669Hz  target=11.253Hz  err=-15.416Hz  corr=-325.88W  u_ff=127.8W  PCAP→78W  power=78.8W
[PID] perf=26.665Hz  target=11.253Hz  err=-15.411Hz  corr=-325.80W  u_ff=127.8W  PCAP→78W  power=78.8W
[PID] perf=26.657Hz  target=11.253Hz  err=-15.404Hz  corr=-325.66W  u_ff=127.8W  PCAP→78W  power=77.6W
[PID] perf=26.651Hz  target=11.253Hz  err=-15.398Hz  corr=-325.56W  u_ff=127.8W  PCAP→78W  power=76.7W
[PID] perf=26.007Hz  target=11.253Hz  err=-14.754Hz  corr=-313.60W  u_ff=127.8W  PCAP→78W  power=78.3W
[PID] perf=26.098Hz  target=11.253Hz  err=-14.845Hz  corr=-315.29W  u_ff=127.8W  PCAP→78W  power=77.9W
[PID] perf=27.296Hz  target=11.253Hz  err=-16.042Hz  corr=-337.50W  u_ff=127.8W  PCAP→78W  power=78.4W
[PID] perf=27.327Hz  target=11.253Hz  err=-16.074Hz  corr=-338.09W  u_ff=127.8W  PCAP→78W  power=77.9W
[PID] perf=27.329Hz  target=11.253Hz  err=-16.076Hz  corr=-338.12W  u_ff=127.8W  PCAP→78W  power=77.1W
[PID] perf=27.303Hz  target=11.253Hz  err=-16.049Hz  corr=-337.63W  u_ff=127.8W  PCAP→78W  power=77.0W
[PID] perf=27.325Hz  target=11.253Hz  err=-16.072Hz  corr=-338.04W  u_ff=127.8W  PCAP→78W  power=79.0W
[PID] perf=27.333Hz  target=11.253Hz  err=-16.080Hz  corr=-338.19W  u_ff=127.8W  PCAP→78W  power=76.6W
[PID] perf=27.257Hz  target=11.253Hz  err=-16.004Hz  corr=-336.79W  u_ff=127.8W  PCAP→78W  power=77.4W
[PID] perf=27.303Hz  target=11.253Hz  err=-16.049Hz  corr=-337.63W  u_ff=127.8W  PCAP→78W  power=77.5W
[PID] perf=27.335Hz  target=11.253Hz  err=-16.082Hz  corr=-338.24W  u_ff=127.8W  PCAP→78W  power=78.6W
[PID] perf=27.313Hz  target=11.253Hz  err=-16.059Hz  corr=-337.82W  u_ff=127.8W  PCAP→78W  power=77.9W
[PID] perf=27.363Hz  target=11.253Hz  err=-16.110Hz  corr=-338.75W  u_ff=127.8W  PCAP→78W  power=77.9W
[PID] perf=27.299Hz  target=11.253Hz  err=-16.046Hz  corr=-337.56W  u_ff=127.8W  PCAP→78W  power=78.0W
[PID] perf=27.267Hz  target=11.253Hz  err=-16.014Hz  corr=-336.97W  u_ff=127.8W  PCAP→78W  power=77.2W
[PID] perf=27.298Hz  target=11.253Hz  err=-16.044Hz  corr=-337.54W  u_ff=127.8W  PCAP→78W  power=77.8W
[PID] perf=27.338Hz  target=11.253Hz  err=-16.085Hz  corr=-338.29W  u_ff=127.8W  PCAP→78W  power=79.0W
[PID] perf=27.302Hz  target=11.253Hz  err=-16.048Hz  corr=-337.61W  u_ff=127.8W  PCAP→78W  power=77.7W
Process completed.
Compressed into /home/cc/summer2024/main_codes/pid_controller/../experiment_data/PID_Control_sweep/ones-npb-cg/compressed_iteration_20260513_155718.tar
----------------------------------

>>> Step 2/3

[ones-npb-cg]
  target perf      : 11.2533 Hz
  coefficients_perf: [-0.0006547837485238978, 0.18607436314256556, -1.8317688501798497]
  feedforward PCAP : 127.76 W  →  130 W (snapped)
  Perf(u_ff) check : 11.2533 Hz  (should ≈ target)
  PID gains        : Kp=18.5447 W/Hz  Ki=1.85447 W/(Hz·s)  Kd=0.0000
[PID] Awaiting data — feedforward PCAP=130W
[PID] Awaiting data — feedforward PCAP=130W
[PID] Awaiting data — feedforward PCAP=130W
[PID] Awaiting data — feedforward PCAP=130W
[PID] Awaiting data — feedforward PCAP=130W
[PID] Awaiting data — feedforward PCAP=130W
[PID] perf=20.373Hz  target=11.253Hz  err=-9.119Hz  corr=-202.94W  u_ff=127.8W  PCAP→78W  power=nanW
[PID] perf=18.072Hz  target=11.253Hz  err=-6.819Hz  corr=-166.46W  u_ff=127.8W  PCAP→78W  power=78.7W
[PID] perf=18.113Hz  target=11.253Hz  err=-6.859Hz  corr=-167.21W  u_ff=127.8W  PCAP→78W  power=77.3W
[PID] perf=29.138Hz  target=11.253Hz  err=-17.884Hz  corr=-371.66W  u_ff=127.8W  PCAP→78W  power=77.7W
[PID] perf=29.173Hz  target=11.253Hz  err=-17.920Hz  corr=-372.31W  u_ff=127.8W  PCAP→78W  power=76.8W
[PID] perf=29.141Hz  target=11.253Hz  err=-17.888Hz  corr=-371.73W  u_ff=127.8W  PCAP→78W  power=78.7W
[PID] perf=29.158Hz  target=11.253Hz  err=-17.905Hz  corr=-372.04W  u_ff=127.8W  PCAP→78W  power=78.2W
[PID] perf=29.151Hz  target=11.253Hz  err=-17.898Hz  corr=-371.92W  u_ff=127.8W  PCAP→78W  power=78.6W
[PID] perf=29.124Hz  target=11.253Hz  err=-17.870Hz  corr=-371.40W  u_ff=127.8W  PCAP→78W  power=79.3W
[PID] perf=29.148Hz  target=11.253Hz  err=-17.894Hz  corr=-371.85W  u_ff=127.8W  PCAP→78W  power=78.9W
[PID] perf=29.108Hz  target=11.253Hz  err=-17.855Hz  corr=-371.11W  u_ff=127.8W  PCAP→78W  power=78.7W
[PID] perf=29.110Hz  target=11.253Hz  err=-17.857Hz  corr=-371.15W  u_ff=127.8W  PCAP→78W  power=79.2W
[PID] perf=29.132Hz  target=11.253Hz  err=-17.879Hz  corr=-371.55W  u_ff=127.8W  PCAP→78W  power=79.3W
[PID] perf=29.179Hz  target=11.253Hz  err=-17.926Hz  corr=-372.44W  u_ff=127.8W  PCAP→78W  power=76.7W
[PID] perf=29.171Hz  target=11.253Hz  err=-17.917Hz  corr=-372.27W  u_ff=127.8W  PCAP→78W  power=76.8W
[PID] perf=29.161Hz  target=11.253Hz  err=-17.907Hz  corr=-372.09W  u_ff=127.8W  PCAP→78W  power=79.0W
[PID] perf=29.205Hz  target=11.253Hz  err=-17.952Hz  corr=-372.92W  u_ff=127.8W  PCAP→78W  power=79.4W
[PID] perf=29.164Hz  target=11.253Hz  err=-17.911Hz  corr=-372.15W  u_ff=127.8W  PCAP→78W  power=78.9W
[PID] perf=29.170Hz  target=11.253Hz  err=-17.917Hz  corr=-372.26W  u_ff=127.8W  PCAP→78W  power=77.0W
[PID] perf=29.086Hz  target=11.253Hz  err=-17.833Hz  corr=-370.70W  u_ff=127.8W  PCAP→78W  power=76.7W
[PID] perf=29.047Hz  target=11.253Hz  err=-17.794Hz  corr=-369.98W  u_ff=127.8W  PCAP→78W  power=78.9W
[PID] perf=29.085Hz  target=11.253Hz  err=-17.831Hz  corr=-370.68W  u_ff=127.8W  PCAP→78W  power=78.8W
[PID] perf=29.084Hz  target=11.253Hz  err=-17.831Hz  corr=-370.66W  u_ff=127.8W  PCAP→78W  power=78.8W
[PID] perf=29.083Hz  target=11.253Hz  err=-17.829Hz  corr=-370.64W  u_ff=127.8W  PCAP→78W  power=76.5W
[PID] perf=29.017Hz  target=11.253Hz  err=-17.764Hz  corr=-369.42W  u_ff=127.8W  PCAP→78W  power=79.0W
[PID] perf=28.985Hz  target=11.253Hz  err=-17.732Hz  corr=-368.83W  u_ff=127.8W  PCAP→78W  power=75.2W
[PID] perf=29.025Hz  target=11.253Hz  err=-17.772Hz  corr=-369.58W  u_ff=127.8W  PCAP→78W  power=78.8W
[PID] perf=29.080Hz  target=11.253Hz  err=-17.827Hz  corr=-370.60W  u_ff=127.8W  PCAP→78W  power=77.1W
[PID] perf=29.067Hz  target=11.253Hz  err=-17.814Hz  corr=-370.35W  u_ff=127.8W  PCAP→78W  power=79.1W
[PID] perf=29.071Hz  target=11.253Hz  err=-17.817Hz  corr=-370.42W  u_ff=127.8W  PCAP→78W  power=76.2W
[PID] perf=29.063Hz  target=11.253Hz  err=-17.810Hz  corr=-370.28W  u_ff=127.8W  PCAP→78W  power=77.2W
[PID] perf=29.085Hz  target=11.253Hz  err=-17.832Hz  corr=-370.68W  u_ff=127.8W  PCAP→78W  power=79.6W
[PID] perf=29.060Hz  target=11.253Hz  err=-17.806Hz  corr=-370.21W  u_ff=127.8W  PCAP→78W  power=78.4W
[PID] perf=29.061Hz  target=11.253Hz  err=-17.807Hz  corr=-370.23W  u_ff=127.8W  PCAP→78W  power=77.7W
[PID] perf=29.035Hz  target=11.253Hz  err=-17.781Hz  corr=-369.75W  u_ff=127.8W  PCAP→78W  power=79.2W
[PID] perf=29.101Hz  target=11.253Hz  err=-17.848Hz  corr=-370.98W  u_ff=127.8W  PCAP→78W  power=77.9W
[PID] perf=29.089Hz  target=11.253Hz  err=-17.836Hz  corr=-370.76W  u_ff=127.8W  PCAP→78W  power=77.7W
[PID] perf=29.028Hz  target=11.253Hz  err=-17.774Hz  corr=-369.62W  u_ff=127.8W  PCAP→78W  power=78.8W
[PID] perf=29.044Hz  target=11.253Hz  err=-17.791Hz  corr=-369.92W  u_ff=127.8W  PCAP→78W  power=76.3W
[PID] perf=29.131Hz  target=11.253Hz  err=-17.878Hz  corr=-371.54W  u_ff=127.8W  PCAP→78W  power=78.7W
[PID] perf=29.048Hz  target=11.253Hz  err=-17.795Hz  corr=-370.00W  u_ff=127.8W  PCAP→78W  power=78.7W
[PID] perf=29.111Hz  target=11.253Hz  err=-17.858Hz  corr=-371.17W  u_ff=127.8W  PCAP→78W  power=79.1W
[PID] perf=29.052Hz  target=11.253Hz  err=-17.799Hz  corr=-370.07W  u_ff=127.8W  PCAP→78W  power=77.1W
[PID] perf=29.100Hz  target=11.253Hz  err=-17.847Hz  corr=-370.96W  u_ff=127.8W  PCAP→78W  power=78.9W
[PID] perf=29.102Hz  target=11.253Hz  err=-17.849Hz  corr=-371.00W  u_ff=127.8W  PCAP→78W  power=78.4W
[PID] perf=29.074Hz  target=11.253Hz  err=-17.820Hz  corr=-370.47W  u_ff=127.8W  PCAP→78W  power=76.4W
[PID] perf=29.075Hz  target=11.253Hz  err=-17.821Hz  corr=-370.49W  u_ff=127.8W  PCAP→78W  power=77.8W
[PID] perf=29.137Hz  target=11.253Hz  err=-17.883Hz  corr=-371.64W  u_ff=127.8W  PCAP→78W  power=77.9W
[PID] perf=29.094Hz  target=11.253Hz  err=-17.841Hz  corr=-370.85W  u_ff=127.8W  PCAP→78W  power=76.2W
[PID] perf=29.083Hz  target=11.253Hz  err=-17.830Hz  corr=-370.65W  u_ff=127.8W  PCAP→78W  power=77.3W
[PID] perf=29.069Hz  target=11.253Hz  err=-17.816Hz  corr=-370.40W  u_ff=127.8W  PCAP→78W  power=78.6W
[PID] perf=29.035Hz  target=11.253Hz  err=-17.781Hz  corr=-369.75W  u_ff=127.8W  PCAP→78W  power=79.0W
[PID] perf=29.018Hz  target=11.253Hz  err=-17.765Hz  corr=-369.44W  u_ff=127.8W  PCAP→78W  power=77.1W
[PID] perf=29.098Hz  target=11.253Hz  err=-17.844Hz  corr=-370.92W  u_ff=127.8W  PCAP→78W  power=76.8W
[PID] perf=29.076Hz  target=11.253Hz  err=-17.822Hz  corr=-370.51W  u_ff=127.8W  PCAP→78W  power=79.0W
[PID] perf=29.060Hz  target=11.253Hz  err=-17.807Hz  corr=-370.22W  u_ff=127.8W  PCAP→78W  power=77.5W
[PID] perf=29.109Hz  target=11.253Hz  err=-17.856Hz  corr=-371.13W  u_ff=127.8W  PCAP→78W  power=79.1W
[PID] perf=29.114Hz  target=11.253Hz  err=-17.860Hz  corr=-371.21W  u_ff=127.8W  PCAP→78W  power=77.9W
[PID] perf=29.091Hz  target=11.253Hz  err=-17.838Hz  corr=-370.79W  u_ff=127.8W  PCAP→78W  power=76.8W
[PID] perf=29.023Hz  target=11.253Hz  err=-17.770Hz  corr=-369.54W  u_ff=127.8W  PCAP→78W  power=77.7W
[PID] perf=29.071Hz  target=11.253Hz  err=-17.818Hz  corr=-370.43W  u_ff=127.8W  PCAP→78W  power=78.7W
[PID] perf=29.066Hz  target=11.253Hz  err=-17.813Hz  corr=-370.34W  u_ff=127.8W  PCAP→78W  power=77.6W
[PID] perf=29.139Hz  target=11.253Hz  err=-17.885Hz  corr=-371.68W  u_ff=127.8W  PCAP→78W  power=76.5W
[PID] perf=29.110Hz  target=11.253Hz  err=-17.856Hz  corr=-371.14W  u_ff=127.8W  PCAP→78W  power=79.0W
[PID] perf=29.108Hz  target=11.253Hz  err=-17.855Hz  corr=-371.12W  u_ff=127.8W  PCAP→78W  power=78.7W
[PID] perf=29.072Hz  target=11.253Hz  err=-17.819Hz  corr=-370.45W  u_ff=127.8W  PCAP→78W  power=76.9W
[PID] perf=29.068Hz  target=11.253Hz  err=-17.815Hz  corr=-370.38W  u_ff=127.8W  PCAP→78W  power=79.3W
[PID] perf=29.023Hz  target=11.253Hz  err=-17.770Hz  corr=-369.53W  u_ff=127.8W  PCAP→78W  power=78.9W
[PID] perf=29.055Hz  target=11.253Hz  err=-17.802Hz  corr=-370.13W  u_ff=127.8W  PCAP→78W  power=78.2W
[PID] perf=29.092Hz  target=11.253Hz  err=-17.839Hz  corr=-370.82W  u_ff=127.8W  PCAP→78W  power=79.2W
[PID] perf=29.044Hz  target=11.253Hz  err=-17.791Hz  corr=-369.92W  u_ff=127.8W  PCAP→78W  power=76.8W
[PID] perf=29.071Hz  target=11.253Hz  err=-17.818Hz  corr=-370.43W  u_ff=127.8W  PCAP→78W  power=78.4W
[PID] perf=28.987Hz  target=11.253Hz  err=-17.733Hz  corr=-368.86W  u_ff=127.8W  PCAP→78W  power=77.6W
[PID] perf=29.032Hz  target=11.253Hz  err=-17.779Hz  corr=-369.70W  u_ff=127.8W  PCAP→78W  power=77.0W
[PID] perf=29.096Hz  target=11.253Hz  err=-17.843Hz  corr=-370.89W  u_ff=127.8W  PCAP→78W  power=78.7W
[PID] perf=29.085Hz  target=11.253Hz  err=-17.831Hz  corr=-370.68W  u_ff=127.8W  PCAP→78W  power=76.6W
[PID] perf=29.085Hz  target=11.253Hz  err=-17.832Hz  corr=-370.69W  u_ff=127.8W  PCAP→78W  power=78.1W
[PID] perf=29.036Hz  target=11.253Hz  err=-17.782Hz  corr=-369.77W  u_ff=127.8W  PCAP→78W  power=77.6W
[PID] perf=29.067Hz  target=11.253Hz  err=-17.814Hz  corr=-370.35W  u_ff=127.8W  PCAP→78W  power=76.9W
[PID] perf=29.143Hz  target=11.253Hz  err=-17.890Hz  corr=-371.76W  u_ff=127.8W  PCAP→78W  power=77.6W
[PID] perf=29.087Hz  target=11.253Hz  err=-17.834Hz  corr=-370.72W  u_ff=127.8W  PCAP→78W  power=79.0W
[PID] perf=28.993Hz  target=11.253Hz  err=-17.739Hz  corr=-368.97W  u_ff=127.8W  PCAP→78W  power=78.1W
[PID] perf=29.001Hz  target=11.253Hz  err=-17.748Hz  corr=-369.13W  u_ff=127.8W  PCAP→78W  power=77.5W
[PID] perf=29.077Hz  target=11.253Hz  err=-17.824Hz  corr=-370.54W  u_ff=127.8W  PCAP→78W  power=78.8W
[PID] perf=29.066Hz  target=11.253Hz  err=-17.813Hz  corr=-370.33W  u_ff=127.8W  PCAP→78W  power=78.5W
[PID] perf=29.083Hz  target=11.253Hz  err=-17.830Hz  corr=-370.65W  u_ff=127.8W  PCAP→78W  power=76.5W
[PID] perf=29.063Hz  target=11.253Hz  err=-17.809Hz  corr=-370.27W  u_ff=127.8W  PCAP→78W  power=76.5W
[PID] perf=29.064Hz  target=11.253Hz  err=-17.810Hz  corr=-370.29W  u_ff=127.8W  PCAP→78W  power=77.6W
[PID] perf=29.015Hz  target=11.253Hz  err=-17.762Hz  corr=-369.39W  u_ff=127.8W  PCAP→78W  power=78.1W
[PID] perf=29.097Hz  target=11.253Hz  err=-17.844Hz  corr=-370.91W  u_ff=127.8W  PCAP→78W  power=78.9W
[PID] perf=29.077Hz  target=11.253Hz  err=-17.823Hz  corr=-370.53W  u_ff=127.8W  PCAP→78W  power=78.7W
[PID] perf=29.087Hz  target=11.253Hz  err=-17.834Hz  corr=-370.72W  u_ff=127.8W  PCAP→78W  power=76.3W
[PID] perf=29.099Hz  target=11.253Hz  err=-17.845Hz  corr=-370.94W  u_ff=127.8W  PCAP→78W  power=77.8W
[PID] perf=29.078Hz  target=11.253Hz  err=-17.824Hz  corr=-370.55W  u_ff=127.8W  PCAP→78W  power=78.3W
[PID] perf=29.068Hz  target=11.253Hz  err=-17.815Hz  corr=-370.37W  u_ff=127.8W  PCAP→78W  power=79.1W
[PID] perf=29.105Hz  target=11.253Hz  err=-17.852Hz  corr=-371.06W  u_ff=127.8W  PCAP→78W  power=78.7W
[PID] perf=29.093Hz  target=11.253Hz  err=-17.839Hz  corr=-370.83W  u_ff=127.8W  PCAP→78W  power=76.9W
[PID] perf=29.011Hz  target=11.253Hz  err=-17.758Hz  corr=-369.32W  u_ff=127.8W  PCAP→78W  power=77.2W
[PID] perf=29.082Hz  target=11.253Hz  err=-17.829Hz  corr=-370.63W  u_ff=127.8W  PCAP→78W  power=77.9W
[PID] perf=29.093Hz  target=11.253Hz  err=-17.840Hz  corr=-370.83W  u_ff=127.8W  PCAP→78W  power=78.3W
[PID] perf=29.076Hz  target=11.253Hz  err=-17.822Hz  corr=-370.51W  u_ff=127.8W  PCAP→78W  power=76.4W
[PID] perf=29.090Hz  target=11.253Hz  err=-17.836Hz  corr=-370.77W  u_ff=127.8W  PCAP→78W  power=78.9W
[PID] perf=29.079Hz  target=11.253Hz  err=-17.825Hz  corr=-370.56W  u_ff=127.8W  PCAP→78W  power=78.9W
[PID] perf=29.173Hz  target=11.253Hz  err=-17.920Hz  corr=-372.32W  u_ff=127.8W  PCAP→78W  power=76.3W
[PID] perf=29.156Hz  target=11.253Hz  err=-17.903Hz  corr=-372.00W  u_ff=127.8W  PCAP→78W  power=79.4W
[PID] perf=29.092Hz  target=11.253Hz  err=-17.839Hz  corr=-370.82W  u_ff=127.8W  PCAP→78W  power=77.0W
[PID] perf=29.167Hz  target=11.253Hz  err=-17.913Hz  corr=-372.20W  u_ff=127.8W  PCAP→78W  power=78.8W
[PID] perf=29.131Hz  target=11.253Hz  err=-17.878Hz  corr=-371.54W  u_ff=127.8W  PCAP→78W  power=79.5W
[PID] perf=29.082Hz  target=11.253Hz  err=-17.829Hz  corr=-370.63W  u_ff=127.8W  PCAP→78W  power=76.1W
[PID] perf=29.097Hz  target=11.253Hz  err=-17.844Hz  corr=-370.90W  u_ff=127.8W  PCAP→78W  power=76.9W
[PID] perf=29.069Hz  target=11.253Hz  err=-17.816Hz  corr=-370.39W  u_ff=127.8W  PCAP→78W  power=77.6W
[PID] perf=29.098Hz  target=11.253Hz  err=-17.845Hz  corr=-370.93W  u_ff=127.8W  PCAP→78W  power=76.1W
[PID] perf=29.081Hz  target=11.253Hz  err=-17.828Hz  corr=-370.61W  u_ff=127.8W  PCAP→78W  power=77.2W
[PID] perf=29.083Hz  target=11.253Hz  err=-17.830Hz  corr=-370.64W  u_ff=127.8W  PCAP→78W  power=78.4W
[PID] perf=29.144Hz  target=11.253Hz  err=-17.890Hz  corr=-371.77W  u_ff=127.8W  PCAP→78W  power=78.6W
[PID] perf=29.134Hz  target=11.253Hz  err=-17.881Hz  corr=-371.60W  u_ff=127.8W  PCAP→78W  power=78.0W
[PID] perf=29.117Hz  target=11.253Hz  err=-17.864Hz  corr=-371.28W  u_ff=127.8W  PCAP→78W  power=77.6W
[PID] perf=29.052Hz  target=11.253Hz  err=-17.798Hz  corr=-370.06W  u_ff=127.8W  PCAP→78W  power=77.2W
[PID] perf=29.154Hz  target=11.253Hz  err=-17.901Hz  corr=-371.96W  u_ff=127.8W  PCAP→78W  power=78.8W
[PID] perf=29.166Hz  target=11.253Hz  err=-17.913Hz  corr=-372.19W  u_ff=127.8W  PCAP→78W  power=76.5W
[PID] perf=29.093Hz  target=11.253Hz  err=-17.840Hz  corr=-370.83W  u_ff=127.8W  PCAP→78W  power=76.4W
[PID] perf=29.095Hz  target=11.253Hz  err=-17.841Hz  corr=-370.86W  u_ff=127.8W  PCAP→78W  power=77.5W
[PID] perf=29.077Hz  target=11.253Hz  err=-17.824Hz  corr=-370.53W  u_ff=127.8W  PCAP→78W  power=76.9W
[PID] perf=29.132Hz  target=11.253Hz  err=-17.879Hz  corr=-371.55W  u_ff=127.8W  PCAP→78W  power=76.4W
[PID] perf=29.092Hz  target=11.253Hz  err=-17.839Hz  corr=-370.82W  u_ff=127.8W  PCAP→78W  power=78.9W
[PID] perf=29.118Hz  target=11.253Hz  err=-17.865Hz  corr=-371.30W  u_ff=127.8W  PCAP→78W  power=78.4W
[PID] perf=29.098Hz  target=11.253Hz  err=-17.845Hz  corr=-370.93W  u_ff=127.8W  PCAP→78W  power=78.7W
[PID] perf=29.122Hz  target=11.253Hz  err=-17.869Hz  corr=-371.37W  u_ff=127.8W  PCAP→78W  power=77.5W
[PID] perf=29.133Hz  target=11.253Hz  err=-17.880Hz  corr=-371.58W  u_ff=127.8W  PCAP→78W  power=76.8W
[PID] perf=29.091Hz  target=11.253Hz  err=-17.838Hz  corr=-370.79W  u_ff=127.8W  PCAP→78W  power=78.8W
[PID] perf=29.134Hz  target=11.253Hz  err=-17.880Hz  corr=-371.59W  u_ff=127.8W  PCAP→78W  power=78.5W
[PID] perf=29.094Hz  target=11.253Hz  err=-17.841Hz  corr=-370.85W  u_ff=127.8W  PCAP→78W  power=76.3W
[PID] perf=29.163Hz  target=11.253Hz  err=-17.910Hz  corr=-372.13W  u_ff=127.8W  PCAP→78W  power=78.8W
[PID] perf=29.162Hz  target=11.253Hz  err=-17.909Hz  corr=-372.11W  u_ff=127.8W  PCAP→78W  power=79.5W
[PID] perf=29.093Hz  target=11.253Hz  err=-17.840Hz  corr=-370.84W  u_ff=127.8W  PCAP→78W  power=77.1W
[PID] perf=29.086Hz  target=11.253Hz  err=-17.833Hz  corr=-370.70W  u_ff=127.8W  PCAP→78W  power=76.8W
[PID] perf=29.072Hz  target=11.253Hz  err=-17.819Hz  corr=-370.44W  u_ff=127.8W  PCAP→78W  power=77.6W
[PID] perf=29.137Hz  target=11.253Hz  err=-17.884Hz  corr=-371.65W  u_ff=127.8W  PCAP→78W  power=77.7W
[PID] perf=29.022Hz  target=11.253Hz  err=-17.769Hz  corr=-369.51W  u_ff=127.8W  PCAP→78W  power=79.0W
[PID] perf=29.140Hz  target=11.253Hz  err=-17.886Hz  corr=-371.70W  u_ff=127.8W  PCAP→78W  power=79.0W
[PID] perf=29.130Hz  target=11.253Hz  err=-17.877Hz  corr=-371.52W  u_ff=127.8W  PCAP→78W  power=77.2W
[PID] perf=29.087Hz  target=11.253Hz  err=-17.834Hz  corr=-370.73W  u_ff=127.8W  PCAP→78W  power=76.4W
[PID] perf=29.097Hz  target=11.253Hz  err=-17.844Hz  corr=-370.91W  u_ff=127.8W  PCAP→78W  power=78.1W
[PID] perf=29.107Hz  target=11.253Hz  err=-17.853Hz  corr=-371.08W  u_ff=127.8W  PCAP→78W  power=78.9W
[PID] perf=29.091Hz  target=11.253Hz  err=-17.837Hz  corr=-370.79W  u_ff=127.8W  PCAP→78W  power=78.9W
[PID] perf=29.114Hz  target=11.253Hz  err=-17.861Hz  corr=-371.22W  u_ff=127.8W  PCAP→78W  power=78.5W
[PID] perf=29.152Hz  target=11.253Hz  err=-17.899Hz  corr=-371.93W  u_ff=127.8W  PCAP→78W  power=78.2W
[PID] perf=29.151Hz  target=11.253Hz  err=-17.898Hz  corr=-371.91W  u_ff=127.8W  PCAP→78W  power=76.5W
[PID] perf=29.121Hz  target=11.253Hz  err=-17.868Hz  corr=-371.36W  u_ff=127.8W  PCAP→78W  power=78.4W
[PID] perf=29.100Hz  target=11.253Hz  err=-17.846Hz  corr=-370.96W  u_ff=127.8W  PCAP→78W  power=76.5W
[PID] perf=29.072Hz  target=11.253Hz  err=-17.819Hz  corr=-370.45W  u_ff=127.8W  PCAP→78W  power=76.9W
[PID] perf=29.131Hz  target=11.253Hz  err=-17.878Hz  corr=-371.54W  u_ff=127.8W  PCAP→78W  power=77.9W
[PID] perf=29.057Hz  target=11.253Hz  err=-17.804Hz  corr=-370.17W  u_ff=127.8W  PCAP→78W  power=79.0W
[PID] perf=29.112Hz  target=11.253Hz  err=-17.859Hz  corr=-371.18W  u_ff=127.8W  PCAP→78W  power=78.9W
[PID] perf=29.135Hz  target=11.253Hz  err=-17.881Hz  corr=-371.60W  u_ff=127.8W  PCAP→78W  power=76.6W
[PID] perf=29.090Hz  target=11.253Hz  err=-17.837Hz  corr=-370.78W  u_ff=127.8W  PCAP→78W  power=76.3W
[PID] perf=29.132Hz  target=11.253Hz  err=-17.879Hz  corr=-371.55W  u_ff=127.8W  PCAP→78W  power=78.5W
[PID] perf=29.120Hz  target=11.253Hz  err=-17.867Hz  corr=-371.34W  u_ff=127.8W  PCAP→78W  power=76.9W
[PID] perf=29.138Hz  target=11.253Hz  err=-17.885Hz  corr=-371.66W  u_ff=127.8W  PCAP→78W  power=78.3W
[PID] perf=29.166Hz  target=11.253Hz  err=-17.913Hz  corr=-372.19W  u_ff=127.8W  PCAP→78W  power=76.8W
[PID] perf=29.122Hz  target=11.253Hz  err=-17.869Hz  corr=-371.37W  u_ff=127.8W  PCAP→78W  power=78.2W
[PID] perf=29.111Hz  target=11.253Hz  err=-17.858Hz  corr=-371.16W  u_ff=127.8W  PCAP→78W  power=78.1W
[PID] perf=29.144Hz  target=11.253Hz  err=-17.891Hz  corr=-371.78W  u_ff=127.8W  PCAP→78W  power=77.0W
[PID] perf=29.129Hz  target=11.253Hz  err=-17.876Hz  corr=-371.50W  u_ff=127.8W  PCAP→78W  power=76.8W
[PID] perf=29.105Hz  target=11.253Hz  err=-17.852Hz  corr=-371.06W  u_ff=127.8W  PCAP→78W  power=78.1W
[PID] perf=29.130Hz  target=11.253Hz  err=-17.876Hz  corr=-371.51W  u_ff=127.8W  PCAP→78W  power=78.3W
[PID] perf=29.145Hz  target=11.253Hz  err=-17.892Hz  corr=-371.80W  u_ff=127.8W  PCAP→78W  power=78.3W
[PID] perf=29.156Hz  target=11.253Hz  err=-17.902Hz  corr=-371.99W  u_ff=127.8W  PCAP→78W  power=77.0W
[PID] perf=29.102Hz  target=11.253Hz  err=-17.849Hz  corr=-370.99W  u_ff=127.8W  PCAP→78W  power=77.7W
[PID] perf=29.105Hz  target=11.253Hz  err=-17.852Hz  corr=-371.06W  u_ff=127.8W  PCAP→78W  power=77.9W
[PID] perf=29.111Hz  target=11.253Hz  err=-17.858Hz  corr=-371.17W  u_ff=127.8W  PCAP→78W  power=78.3W
[PID] perf=28.705Hz  target=11.253Hz  err=-17.452Hz  corr=-363.64W  u_ff=127.8W  PCAP→78W  power=78.8W
[PID] perf=29.058Hz  target=11.253Hz  err=-17.805Hz  corr=-370.19W  u_ff=127.8W  PCAP→78W  power=79.7W
[PID] perf=29.113Hz  target=11.253Hz  err=-17.860Hz  corr=-371.21W  u_ff=127.8W  PCAP→78W  power=79.0W
[PID] perf=29.093Hz  target=11.253Hz  err=-17.840Hz  corr=-370.83W  u_ff=127.8W  PCAP→78W  power=76.5W
[PID] perf=29.117Hz  target=11.253Hz  err=-17.864Hz  corr=-371.28W  u_ff=127.8W  PCAP→78W  power=79.1W
[PID] perf=29.123Hz  target=11.253Hz  err=-17.870Hz  corr=-371.39W  u_ff=127.8W  PCAP→78W  power=78.5W
[PID] perf=29.145Hz  target=11.253Hz  err=-17.892Hz  corr=-371.80W  u_ff=127.8W  PCAP→78W  power=77.8W
[PID] perf=29.147Hz  target=11.253Hz  err=-17.894Hz  corr=-371.83W  u_ff=127.8W  PCAP→78W  power=77.2W
[PID] perf=29.104Hz  target=11.253Hz  err=-17.850Hz  corr=-371.03W  u_ff=127.8W  PCAP→78W  power=78.6W
[PID] perf=29.111Hz  target=11.253Hz  err=-17.858Hz  corr=-371.17W  u_ff=127.8W  PCAP→78W  power=79.0W
[PID] perf=29.070Hz  target=11.253Hz  err=-17.817Hz  corr=-370.41W  u_ff=127.8W  PCAP→78W  power=77.8W
[PID] perf=29.134Hz  target=11.253Hz  err=-17.880Hz  corr=-371.58W  u_ff=127.8W  PCAP→78W  power=77.4W
[PID] perf=29.107Hz  target=11.253Hz  err=-17.854Hz  corr=-371.09W  u_ff=127.8W  PCAP→78W  power=77.5W
[PID] perf=29.125Hz  target=11.253Hz  err=-17.871Hz  corr=-371.42W  u_ff=127.8W  PCAP→78W  power=79.3W
[PID] perf=29.144Hz  target=11.253Hz  err=-17.890Hz  corr=-371.77W  u_ff=127.8W  PCAP→78W  power=78.1W
[PID] perf=29.116Hz  target=11.253Hz  err=-17.862Hz  corr=-371.25W  u_ff=127.8W  PCAP→78W  power=78.5W
[PID] perf=29.100Hz  target=11.253Hz  err=-17.847Hz  corr=-370.96W  u_ff=127.8W  PCAP→78W  power=76.5W
[PID] perf=29.132Hz  target=11.253Hz  err=-17.878Hz  corr=-371.55W  u_ff=127.8W  PCAP→78W  power=77.3W
[PID] perf=29.115Hz  target=11.253Hz  err=-17.861Hz  corr=-371.23W  u_ff=127.8W  PCAP→78W  power=77.0W
[PID] perf=29.143Hz  target=11.253Hz  err=-17.889Hz  corr=-371.75W  u_ff=127.8W  PCAP→78W  power=78.3W
[PID] perf=29.092Hz  target=11.253Hz  err=-17.839Hz  corr=-370.81W  u_ff=127.8W  PCAP→78W  power=76.3W
[PID] perf=29.088Hz  target=11.253Hz  err=-17.835Hz  corr=-370.74W  u_ff=127.8W  PCAP→78W  power=77.5W
[PID] perf=29.108Hz  target=11.253Hz  err=-17.855Hz  corr=-371.11W  u_ff=127.8W  PCAP→78W  power=79.2W
[PID] perf=29.109Hz  target=11.253Hz  err=-17.856Hz  corr=-371.12W  u_ff=127.8W  PCAP→78W  power=77.6W
[PID] perf=29.115Hz  target=11.253Hz  err=-17.862Hz  corr=-371.25W  u_ff=127.8W  PCAP→78W  power=77.0W
[PID] perf=29.140Hz  target=11.253Hz  err=-17.886Hz  corr=-371.70W  u_ff=127.8W  PCAP→78W  power=78.4W
[PID] perf=29.091Hz  target=11.253Hz  err=-17.837Hz  corr=-370.79W  u_ff=127.8W  PCAP→78W  power=78.5W
[PID] perf=29.121Hz  target=11.253Hz  err=-17.868Hz  corr=-371.35W  u_ff=127.8W  PCAP→78W  power=78.1W
[PID] perf=29.076Hz  target=11.253Hz  err=-17.823Hz  corr=-370.52W  u_ff=127.8W  PCAP→78W  power=77.2W
[PID] perf=29.105Hz  target=11.253Hz  err=-17.852Hz  corr=-371.06W  u_ff=127.8W  PCAP→78W  power=79.0W
[PID] perf=29.090Hz  target=11.253Hz  err=-17.837Hz  corr=-370.78W  u_ff=127.8W  PCAP→78W  power=79.4W
[PID] perf=29.075Hz  target=11.253Hz  err=-17.822Hz  corr=-370.50W  u_ff=127.8W  PCAP→78W  power=77.9W
[PID] perf=29.153Hz  target=11.253Hz  err=-17.900Hz  corr=-371.95W  u_ff=127.8W  PCAP→78W  power=76.9W
[PID] perf=29.107Hz  target=11.253Hz  err=-17.853Hz  corr=-371.08W  u_ff=127.8W  PCAP→78W  power=77.2W
[PID] perf=29.188Hz  target=11.253Hz  err=-17.935Hz  corr=-372.60W  u_ff=127.8W  PCAP→78W  power=78.5W
[PID] perf=29.142Hz  target=11.253Hz  err=-17.888Hz  corr=-371.73W  u_ff=127.8W  PCAP→78W  power=79.1W
[PID] perf=29.122Hz  target=11.253Hz  err=-17.869Hz  corr=-371.38W  u_ff=127.8W  PCAP→78W  power=78.0W
[PID] perf=29.199Hz  target=11.253Hz  err=-17.946Hz  corr=-372.79W  u_ff=127.8W  PCAP→78W  power=78.8W
[PID] perf=29.109Hz  target=11.253Hz  err=-17.856Hz  corr=-371.13W  u_ff=127.8W  PCAP→78W  power=79.3W
[PID] perf=29.075Hz  target=11.253Hz  err=-17.821Hz  corr=-370.49W  u_ff=127.8W  PCAP→78W  power=77.7W
[PID] perf=29.128Hz  target=11.253Hz  err=-17.875Hz  corr=-371.48W  u_ff=127.8W  PCAP→78W  power=78.0W
[PID] perf=29.099Hz  target=11.253Hz  err=-17.846Hz  corr=-370.95W  u_ff=127.8W  PCAP→78W  power=79.3W
[PID] perf=29.148Hz  target=11.253Hz  err=-17.895Hz  corr=-371.86W  u_ff=127.8W  PCAP→78W  power=77.0W
[PID] perf=29.113Hz  target=11.253Hz  err=-17.860Hz  corr=-371.21W  u_ff=127.8W  PCAP→78W  power=77.7W
[PID] perf=29.116Hz  target=11.253Hz  err=-17.862Hz  corr=-371.25W  u_ff=127.8W  PCAP→78W  power=77.1W
[PID] perf=29.124Hz  target=11.253Hz  err=-17.870Hz  corr=-371.40W  u_ff=127.8W  PCAP→78W  power=77.6W
[PID] perf=29.109Hz  target=11.253Hz  err=-17.856Hz  corr=-371.13W  u_ff=127.8W  PCAP→78W  power=77.0W
[PID] perf=29.140Hz  target=11.253Hz  err=-17.887Hz  corr=-371.71W  u_ff=127.8W  PCAP→78W  power=79.9W
[PID] perf=29.128Hz  target=11.253Hz  err=-17.875Hz  corr=-371.48W  u_ff=127.8W  PCAP→78W  power=78.8W
[PID] perf=29.124Hz  target=11.253Hz  err=-17.871Hz  corr=-371.41W  u_ff=127.8W  PCAP→78W  power=78.4W
[PID] perf=29.119Hz  target=11.253Hz  err=-17.865Hz  corr=-371.31W  u_ff=127.8W  PCAP→78W  power=79.1W
[PID] perf=29.136Hz  target=11.253Hz  err=-17.882Hz  corr=-371.62W  u_ff=127.8W  PCAP→78W  power=78.4W
[PID] perf=29.116Hz  target=11.253Hz  err=-17.863Hz  corr=-371.26W  u_ff=127.8W  PCAP→78W  power=78.2W
[PID] perf=29.116Hz  target=11.253Hz  err=-17.862Hz  corr=-371.25W  u_ff=127.8W  PCAP→78W  power=78.7W
[PID] perf=29.112Hz  target=11.253Hz  err=-17.859Hz  corr=-371.19W  u_ff=127.8W  PCAP→78W  power=77.3W
[PID] perf=29.118Hz  target=11.253Hz  err=-17.864Hz  corr=-371.29W  u_ff=127.8W  PCAP→78W  power=78.0W
[PID] perf=85.385Hz  target=11.253Hz  err=-74.132Hz  corr=-1414.76W  u_ff=127.8W  PCAP→78W  power=77.8W
[PID] perf=28.996Hz  target=11.253Hz  err=-17.742Hz  corr=-369.03W  u_ff=127.8W  PCAP→78W  power=78.8W
[PID] perf=29.102Hz  target=11.253Hz  err=-17.848Hz  corr=-370.99W  u_ff=127.8W  PCAP→78W  power=77.2W
[PID] perf=29.092Hz  target=11.253Hz  err=-17.838Hz  corr=-370.81W  u_ff=127.8W  PCAP→78W  power=78.3W
[PID] perf=28.990Hz  target=11.253Hz  err=-17.737Hz  corr=-368.93W  u_ff=127.8W  PCAP→78W  power=78.5W
[PID] perf=29.082Hz  target=11.253Hz  err=-17.829Hz  corr=-370.63W  u_ff=127.8W  PCAP→78W  power=78.2W
[PID] perf=85.341Hz  target=11.253Hz  err=-74.087Hz  corr=-1413.93W  u_ff=127.8W  PCAP→78W  power=77.8W
[PID] perf=85.329Hz  target=11.253Hz  err=-74.076Hz  corr=-1413.71W  u_ff=127.8W  PCAP→78W  power=78.4W
[PID] perf=85.336Hz  target=11.253Hz  err=-74.083Hz  corr=-1413.84W  u_ff=127.8W  PCAP→78W  power=76.5W
[PID] perf=85.350Hz  target=11.253Hz  err=-74.097Hz  corr=-1414.11W  u_ff=127.8W  PCAP→78W  power=77.2W
[PID] perf=4.115Hz  target=11.253Hz  err=+7.138Hz  corr=+125.02W  u_ff=127.8W  PCAP→165W  power=76.5W
[PID] perf=43.040Hz  target=11.253Hz  err=-31.787Hz  corr=-629.47W  u_ff=127.8W  PCAP→78W  power=141.7W
[PID] perf=85.387Hz  target=11.253Hz  err=-74.134Hz  corr=-1414.79W  u_ff=127.8W  PCAP→78W  power=78.5W
[PID] perf=11.765Hz  target=11.253Hz  err=-0.512Hz  corr=-18.74W  u_ff=127.8W  PCAP→107W  power=77.6W
[PID] perf=85.423Hz  target=11.253Hz  err=-74.169Hz  corr=-1415.45W  u_ff=127.8W  PCAP→78W  power=105.5W
[PID] perf=85.402Hz  target=11.253Hz  err=-74.149Hz  corr=-1415.07W  u_ff=127.8W  PCAP→78W  power=78.4W
[PID] perf=47.557Hz  target=11.253Hz  err=-36.304Hz  corr=-713.24W  u_ff=127.8W  PCAP→78W  power=78.3W
[PID] perf=53.713Hz  target=11.253Hz  err=-42.459Hz  corr=-827.39W  u_ff=127.8W  PCAP→78W  power=76.3W
[PID] perf=85.349Hz  target=11.253Hz  err=-74.096Hz  corr=-1414.08W  u_ff=127.8W  PCAP→78W  power=79.1W
[PID] perf=85.370Hz  target=11.253Hz  err=-74.117Hz  corr=-1414.48W  u_ff=127.8W  PCAP→78W  power=78.3W
[PID] perf=78.737Hz  target=11.253Hz  err=-67.484Hz  corr=-1291.46W  u_ff=127.8W  PCAP→78W  power=77.3W
[PID] perf=85.240Hz  target=11.253Hz  err=-73.987Hz  corr=-1412.06W  u_ff=127.8W  PCAP→78W  power=76.3W
[PID] perf=3.831Hz  target=11.253Hz  err=+7.422Hz  corr=+155.92W  u_ff=127.8W  PCAP→165W  power=77.7W
[PID] perf=4.219Hz  target=11.253Hz  err=+7.034Hz  corr=+170.44W  u_ff=127.8W  PCAP→165W  power=145.6W
[PID] perf=43.824Hz  target=11.253Hz  err=-32.571Hz  corr=-644.01W  u_ff=127.8W  PCAP→78W  power=143.8W
[PID] perf=45.469Hz  target=11.253Hz  err=-34.216Hz  corr=-674.52W  u_ff=127.8W  PCAP→78W  power=78.2W
[PID] perf=37.136Hz  target=11.253Hz  err=-25.883Hz  corr=-519.99W  u_ff=127.8W  PCAP→78W  power=77.6W
[PID] perf=45.539Hz  target=11.253Hz  err=-34.286Hz  corr=-675.82W  u_ff=127.8W  PCAP→78W  power=77.3W
[PID] perf=7.752Hz  target=11.253Hz  err=+3.501Hz  corr=+96.20W  u_ff=127.8W  PCAP→165W  power=78.9W
[PID] perf=11.905Hz  target=11.253Hz  err=-0.651Hz  corr=+16.77W  u_ff=127.8W  PCAP→147W  power=143.7W
[PID] perf=11.905Hz  target=11.253Hz  err=-0.652Hz  corr=+14.35W  u_ff=127.8W  PCAP→141W  power=142.6W
[PID] perf=8.439Hz  target=11.253Hz  err=+2.815Hz  corr=+89.07W  u_ff=127.8W  PCAP→165W  power=140.5W
[PID] perf=8.439Hz  target=11.253Hz  err=+2.815Hz  corr=+92.19W  u_ff=127.8W  PCAP→165W  power=143.0W
[PID] perf=79.004Hz  target=11.253Hz  err=-67.750Hz  corr=-1296.41W  u_ff=127.8W  PCAP→78W  power=144.3W
[PID] perf=45.431Hz  target=11.253Hz  err=-34.178Hz  corr=-673.82W  u_ff=127.8W  PCAP→78W  power=78.2W
[PID] perf=11.029Hz  target=11.253Hz  err=+0.224Hz  corr=+41.86W  u_ff=127.8W  PCAP→165W  power=77.8W
[PID] perf=12.195Hz  target=11.253Hz  err=-0.942Hz  corr=+16.75W  u_ff=127.8W  PCAP→147W  power=141.9W
[PID] perf=12.195Hz  target=11.253Hz  err=-0.942Hz  corr=+13.26W  u_ff=127.8W  PCAP→141W  power=140.8W
[PID] perf=39.638Hz  target=11.253Hz  err=-28.385Hz  corr=-566.39W  u_ff=127.8W  PCAP→78W  power=139.9W
[PID] perf=29.030Hz  target=11.253Hz  err=-17.777Hz  corr=-364.88W  u_ff=127.8W  PCAP→78W  power=77.5W
[PID] perf=29.104Hz  target=11.253Hz  err=-17.851Hz  corr=-371.04W  u_ff=127.8W  PCAP→78W  power=77.2W
[PID] perf=29.020Hz  target=11.253Hz  err=-17.766Hz  corr=-369.47W  u_ff=127.8W  PCAP→78W  power=78.8W
[PID] perf=29.065Hz  target=11.253Hz  err=-17.812Hz  corr=-370.31W  u_ff=127.8W  PCAP→78W  power=77.4W
[PID] perf=29.064Hz  target=11.253Hz  err=-17.811Hz  corr=-370.30W  u_ff=127.8W  PCAP→78W  power=78.8W
[PID] perf=29.007Hz  target=11.253Hz  err=-17.754Hz  corr=-369.23W  u_ff=127.8W  PCAP→78W  power=78.0W
[PID] perf=29.112Hz  target=11.253Hz  err=-17.859Hz  corr=-371.19W  u_ff=127.8W  PCAP→78W  power=79.0W
[PID] perf=29.093Hz  target=11.253Hz  err=-17.840Hz  corr=-370.84W  u_ff=127.8W  PCAP→78W  power=76.6W
[PID] perf=29.099Hz  target=11.253Hz  err=-17.846Hz  corr=-370.95W  u_ff=127.8W  PCAP→78W  power=79.3W
[PID] perf=29.007Hz  target=11.253Hz  err=-17.754Hz  corr=-369.24W  u_ff=127.8W  PCAP→78W  power=79.1W
[PID] perf=29.040Hz  target=11.253Hz  err=-17.787Hz  corr=-369.85W  u_ff=127.8W  PCAP→78W  power=77.7W
[PID] perf=29.013Hz  target=11.253Hz  err=-17.760Hz  corr=-369.34W  u_ff=127.8W  PCAP→78W  power=77.4W
[PID] perf=29.063Hz  target=11.253Hz  err=-17.809Hz  corr=-370.27W  u_ff=127.8W  PCAP→78W  power=77.6W
[PID] perf=29.075Hz  target=11.253Hz  err=-17.822Hz  corr=-370.49W  u_ff=127.8W  PCAP→78W  power=76.5W
[PID] perf=29.056Hz  target=11.253Hz  err=-17.803Hz  corr=-370.15W  u_ff=127.8W  PCAP→78W  power=79.4W
[PID] perf=29.074Hz  target=11.253Hz  err=-17.821Hz  corr=-370.48W  u_ff=127.8W  PCAP→78W  power=78.7W
[PID] perf=29.132Hz  target=11.253Hz  err=-17.879Hz  corr=-371.55W  u_ff=127.8W  PCAP→78W  power=77.3W
[PID] perf=29.140Hz  target=11.253Hz  err=-17.887Hz  corr=-371.70W  u_ff=127.8W  PCAP→78W  power=79.0W
[PID] perf=29.110Hz  target=11.253Hz  err=-17.857Hz  corr=-371.15W  u_ff=127.8W  PCAP→78W  power=78.3W
[PID] perf=29.075Hz  target=11.253Hz  err=-17.822Hz  corr=-370.51W  u_ff=127.8W  PCAP→78W  power=77.2W
[PID] perf=29.087Hz  target=11.253Hz  err=-17.834Hz  corr=-370.72W  u_ff=127.8W  PCAP→78W  power=77.4W
[PID] perf=29.063Hz  target=11.253Hz  err=-17.810Hz  corr=-370.27W  u_ff=127.8W  PCAP→78W  power=77.6W
[PID] perf=29.029Hz  target=11.253Hz  err=-17.776Hz  corr=-369.64W  u_ff=127.8W  PCAP→78W  power=77.0W
[PID] perf=29.003Hz  target=11.253Hz  err=-17.750Hz  corr=-369.17W  u_ff=127.8W  PCAP→78W  power=79.0W
[PID] perf=29.024Hz  target=11.253Hz  err=-17.771Hz  corr=-369.56W  u_ff=127.8W  PCAP→78W  power=77.5W
[PID] perf=29.086Hz  target=11.253Hz  err=-17.832Hz  corr=-370.70W  u_ff=127.8W  PCAP→78W  power=78.3W
[PID] perf=78.960Hz  target=11.253Hz  err=-67.706Hz  corr=-1295.60W  u_ff=127.8W  PCAP→78W  power=77.3W
[PID] perf=78.913Hz  target=11.253Hz  err=-67.659Hz  corr=-1294.72W  u_ff=127.8W  PCAP→78W  power=78.0W
[PID] perf=49.465Hz  target=11.253Hz  err=-38.212Hz  corr=-748.63W  u_ff=127.8W  PCAP→78W  power=78.4W
[PID] perf=11.450Hz  target=11.253Hz  err=-0.197Hz  corr=-39.60W  u_ff=127.8W  PCAP→89W  power=77.9W
[PID] perf=79.053Hz  target=11.253Hz  err=-67.800Hz  corr=-1297.32W  u_ff=127.8W  PCAP→78W  power=88.9W
[PID] perf=85.304Hz  target=11.253Hz  err=-74.050Hz  corr=-1413.24W  u_ff=127.8W  PCAP→78W  power=77.8W
[PID] perf=78.928Hz  target=11.253Hz  err=-67.675Hz  corr=-1295.01W  u_ff=127.8W  PCAP→78W  power=77.8W
[PID] perf=78.957Hz  target=11.253Hz  err=-67.704Hz  corr=-1295.55W  u_ff=127.8W  PCAP→78W  power=79.5W
[PID] perf=11.321Hz  target=11.253Hz  err=-0.068Hz  corr=-37.45W  u_ff=127.8W  PCAP→89W  power=79.2W
[PID] perf=85.383Hz  target=11.253Hz  err=-74.130Hz  corr=-1414.71W  u_ff=127.8W  PCAP→78W  power=87.5W
[PID] perf=11.236Hz  target=11.253Hz  err=+0.018Hz  corr=-35.80W  u_ff=127.8W  PCAP→89W  power=78.1W
[PID] perf=85.423Hz  target=11.253Hz  err=-74.169Hz  corr=-1415.45W  u_ff=127.8W  PCAP→78W  power=89.0W
[PID] perf=49.447Hz  target=11.253Hz  err=-38.194Hz  corr=-748.30W  u_ff=127.8W  PCAP→78W  power=77.0W
[PID] perf=85.342Hz  target=11.253Hz  err=-74.089Hz  corr=-1413.96W  u_ff=127.8W  PCAP→78W  power=77.9W
[PID] perf=85.326Hz  target=11.253Hz  err=-74.073Hz  corr=-1413.65W  u_ff=127.8W  PCAP→78W  power=77.6W
[PID] perf=73.451Hz  target=11.253Hz  err=-62.198Hz  corr=-1193.45W  u_ff=127.8W  PCAP→78W  power=78.9W
[PID] perf=49.422Hz  target=11.253Hz  err=-38.168Hz  corr=-747.82W  u_ff=127.8W  PCAP→78W  power=78.1W
[PID] perf=85.335Hz  target=11.253Hz  err=-74.082Hz  corr=-1413.83W  u_ff=127.8W  PCAP→78W  power=79.1W
[PID] perf=11.321Hz  target=11.253Hz  err=-0.068Hz  corr=-37.63W  u_ff=127.8W  PCAP→89W  power=78.3W
[PID] perf=85.461Hz  target=11.253Hz  err=-74.208Hz  corr=-1416.16W  u_ff=127.8W  PCAP→78W  power=88.5W
[PID] perf=49.297Hz  target=11.253Hz  err=-38.044Hz  corr=-745.51W  u_ff=127.8W  PCAP→78W  power=79.0W
[PID] perf=73.481Hz  target=11.253Hz  err=-62.227Hz  corr=-1193.99W  u_ff=127.8W  PCAP→78W  power=77.7W
[PID] perf=85.319Hz  target=11.253Hz  err=-74.065Hz  corr=-1413.52W  u_ff=127.8W  PCAP→78W  power=77.7W
[PID] perf=85.319Hz  target=11.253Hz  err=-74.065Hz  corr=-1413.52W  u_ff=127.8W  PCAP→78W  power=78.1W
[PID] perf=78.942Hz  target=11.253Hz  err=-67.689Hz  corr=-1295.27W  u_ff=127.8W  PCAP→78W  power=78.7W
[PID] perf=85.292Hz  target=11.253Hz  err=-74.039Hz  corr=-1413.02W  u_ff=127.8W  PCAP→78W  power=78.0W
[PID] perf=78.958Hz  target=11.253Hz  err=-67.705Hz  corr=-1295.56W  u_ff=127.8W  PCAP→78W  power=79.4W
[PID] perf=85.310Hz  target=11.253Hz  err=-74.057Hz  corr=-1413.36W  u_ff=127.8W  PCAP→78W  power=76.9W
[PID] perf=78.959Hz  target=11.253Hz  err=-67.706Hz  corr=-1295.59W  u_ff=127.8W  PCAP→78W  power=78.4W
[PID] perf=47.558Hz  target=11.253Hz  err=-36.305Hz  corr=-713.26W  u_ff=127.8W  PCAP→78W  power=77.4W
[PID] perf=85.326Hz  target=11.253Hz  err=-74.073Hz  corr=-1413.65W  u_ff=127.8W  PCAP→78W  power=78.3W
[PID] perf=49.337Hz  target=11.253Hz  err=-38.083Hz  corr=-746.24W  u_ff=127.8W  PCAP→78W  power=77.9W
[PID] perf=78.918Hz  target=11.253Hz  err=-67.665Hz  corr=-1294.82W  u_ff=127.8W  PCAP→78W  power=78.8W
[PID] perf=79.046Hz  target=11.253Hz  err=-67.792Hz  corr=-1297.19W  u_ff=127.8W  PCAP→78W  power=77.5W
[PID] perf=85.341Hz  target=11.253Hz  err=-74.088Hz  corr=-1413.94W  u_ff=127.8W  PCAP→78W  power=78.3W
[PID] perf=78.964Hz  target=11.253Hz  err=-67.711Hz  corr=-1295.67W  u_ff=127.8W  PCAP→78W  power=76.6W
[PID] perf=78.948Hz  target=11.253Hz  err=-67.695Hz  corr=-1295.38W  u_ff=127.8W  PCAP→78W  power=77.6W
[PID] perf=85.345Hz  target=11.253Hz  err=-74.092Hz  corr=-1414.01W  u_ff=127.8W  PCAP→78W  power=77.2W
[PID] perf=85.375Hz  target=11.253Hz  err=-74.122Hz  corr=-1414.57W  u_ff=127.8W  PCAP→78W  power=78.0W
[PID] perf=78.916Hz  target=11.253Hz  err=-67.662Hz  corr=-1294.78W  u_ff=127.8W  PCAP→78W  power=77.8W
[PID] perf=78.990Hz  target=11.253Hz  err=-67.737Hz  corr=-1296.16W  u_ff=127.8W  PCAP→78W  power=78.2W
[PID] perf=85.319Hz  target=11.253Hz  err=-74.065Hz  corr=-1413.52W  u_ff=127.8W  PCAP→78W  power=78.6W
[PID] perf=85.344Hz  target=11.253Hz  err=-74.091Hz  corr=-1413.99W  u_ff=127.8W  PCAP→78W  power=78.7W
[PID] perf=78.942Hz  target=11.253Hz  err=-67.689Hz  corr=-1295.27W  u_ff=127.8W  PCAP→78W  power=78.2W
[PID] perf=49.446Hz  target=11.253Hz  err=-38.192Hz  corr=-748.27W  u_ff=127.8W  PCAP→78W  power=77.2W
[PID] perf=85.267Hz  target=11.253Hz  err=-74.013Hz  corr=-1412.55W  u_ff=127.8W  PCAP→78W  power=76.8W
[PID] perf=49.339Hz  target=11.253Hz  err=-38.085Hz  corr=-746.28W  u_ff=127.8W  PCAP→78W  power=78.2W
[PID] perf=85.325Hz  target=11.253Hz  err=-74.071Hz  corr=-1413.63W  u_ff=127.8W  PCAP→78W  power=78.5W
[PID] perf=73.470Hz  target=11.253Hz  err=-62.216Hz  corr=-1193.78W  u_ff=127.8W  PCAP→78W  power=78.8W
[PID] perf=78.955Hz  target=11.253Hz  err=-67.702Hz  corr=-1295.51W  u_ff=127.8W  PCAP→78W  power=76.5W
[PID] perf=49.444Hz  target=11.253Hz  err=-38.190Hz  corr=-748.23W  u_ff=127.8W  PCAP→78W  power=78.0W
[PID] perf=85.357Hz  target=11.253Hz  err=-74.104Hz  corr=-1414.23W  u_ff=127.8W  PCAP→78W  power=76.9W
[PID] perf=85.328Hz  target=11.253Hz  err=-74.074Hz  corr=-1413.68W  u_ff=127.8W  PCAP→78W  power=77.9W
[PID] perf=85.322Hz  target=11.253Hz  err=-74.069Hz  corr=-1413.58W  u_ff=127.8W  PCAP→78W  power=76.9W
[PID] perf=78.928Hz  target=11.253Hz  err=-67.675Hz  corr=-1295.01W  u_ff=127.8W  PCAP→78W  power=77.6W
[PID] perf=85.329Hz  target=11.253Hz  err=-74.076Hz  corr=-1413.71W  u_ff=127.8W  PCAP→78W  power=78.0W
[PID] perf=49.491Hz  target=11.253Hz  err=-38.238Hz  corr=-749.10W  u_ff=127.8W  PCAP→78W  power=77.3W
[PID] perf=4.016Hz  target=11.253Hz  err=+7.237Hz  corr=+124.68W  u_ff=127.8W  PCAP→165W  power=77.7W
[PID] perf=7.931Hz  target=11.253Hz  err=+3.323Hz  corr=+64.40W  u_ff=127.8W  PCAP→165W  power=144.8W
[PID] perf=4.219Hz  target=11.253Hz  err=+7.034Hz  corr=+159.32W  u_ff=127.8W  PCAP→165W  power=144.0W
[PID] perf=85.421Hz  target=11.253Hz  err=-74.168Hz  corr=-1415.42W  u_ff=127.8W  PCAP→78W  power=144.6W
[PID] perf=85.360Hz  target=11.253Hz  err=-74.107Hz  corr=-1414.29W  u_ff=127.8W  PCAP→78W  power=79.0W
[PID] perf=45.357Hz  target=11.253Hz  err=-34.104Hz  corr=-672.45W  u_ff=127.8W  PCAP→78W  power=78.4W
[PID] perf=85.405Hz  target=11.253Hz  err=-74.152Hz  corr=-1415.12W  u_ff=127.8W  PCAP→78W  power=77.8W
[PID] perf=45.580Hz  target=11.253Hz  err=-34.327Hz  corr=-676.59W  u_ff=127.8W  PCAP→78W  power=77.3W
[PID] perf=45.518Hz  target=11.253Hz  err=-34.264Hz  corr=-675.42W  u_ff=127.8W  PCAP→78W  power=78.2W
[PID] perf=45.701Hz  target=11.253Hz  err=-34.447Hz  corr=-678.81W  u_ff=127.8W  PCAP→78W  power=77.9W
[PID] perf=45.483Hz  target=11.253Hz  err=-34.230Hz  corr=-674.78W  u_ff=127.8W  PCAP→78W  power=78.2W
[PID] perf=85.413Hz  target=11.253Hz  err=-74.159Hz  corr=-1415.26W  u_ff=127.8W  PCAP→78W  power=79.2W
[PID] perf=68.769Hz  target=11.253Hz  err=-57.515Hz  corr=-1106.60W  u_ff=127.8W  PCAP→78W  power=77.5W
[PID] perf=85.405Hz  target=11.253Hz  err=-74.152Hz  corr=-1415.12W  u_ff=127.8W  PCAP→78W  power=78.4W
[PID] perf=78.965Hz  target=11.253Hz  err=-67.712Hz  corr=-1295.69W  u_ff=127.8W  PCAP→78W  power=77.6W
[PID] perf=7.940Hz  target=11.253Hz  err=+3.313Hz  corr=+101.44W  u_ff=127.8W  PCAP→165W  power=77.2W
[PID] perf=79.068Hz  target=11.253Hz  err=-67.815Hz  corr=-1297.60W  u_ff=127.8W  PCAP→78W  power=143.3W
[PID] perf=85.392Hz  target=11.253Hz  err=-74.139Hz  corr=-1414.88W  u_ff=127.8W  PCAP→78W  power=79.3W
[PID] perf=85.277Hz  target=11.253Hz  err=-74.024Hz  corr=-1412.75W  u_ff=127.8W  PCAP→78W  power=77.6W
[PID] perf=11.236Hz  target=11.253Hz  err=+0.017Hz  corr=+29.26W  u_ff=127.8W  PCAP→159W  power=77.2W
[PID] perf=85.441Hz  target=11.253Hz  err=-74.188Hz  corr=-1415.78W  u_ff=127.8W  PCAP→78W  power=145.9W
[PID] perf=45.230Hz  target=11.253Hz  err=-33.977Hz  corr=-670.08W  u_ff=127.8W  PCAP→78W  power=76.9W
[PID] perf=85.227Hz  target=11.253Hz  err=-73.973Hz  corr=-1411.81W  u_ff=127.8W  PCAP→78W  power=77.6W
[PID] perf=85.232Hz  target=11.253Hz  err=-73.979Hz  corr=-1411.91W  u_ff=127.8W  PCAP→78W  power=78.3W
[PID] perf=85.225Hz  target=11.253Hz  err=-73.972Hz  corr=-1411.79W  u_ff=127.8W  PCAP→78W  power=77.7W
[PID] perf=45.400Hz  target=11.253Hz  err=-34.147Hz  corr=-673.24W  u_ff=127.8W  PCAP→78W  power=78.1W
[PID] perf=85.229Hz  target=11.253Hz  err=-73.975Hz  corr=-1411.85W  u_ff=127.8W  PCAP→78W  power=77.3W
[PID] perf=85.221Hz  target=11.253Hz  err=-73.968Hz  corr=-1411.71W  u_ff=127.8W  PCAP→78W  power=77.4W
[PID] perf=10.830Hz  target=11.253Hz  err=+0.423Hz  corr=+38.35W  u_ff=127.8W  PCAP→165W  power=76.7W
[PID] perf=85.434Hz  target=11.253Hz  err=-74.181Hz  corr=-1415.66W  u_ff=127.8W  PCAP→78W  power=144.5W
[PID] perf=85.451Hz  target=11.253Hz  err=-74.197Hz  corr=-1415.97W  u_ff=127.8W  PCAP→78W  power=78.4W
[PID] perf=85.285Hz  target=11.253Hz  err=-74.032Hz  corr=-1412.89W  u_ff=127.8W  PCAP→78W  power=78.3W
[PID] perf=78.879Hz  target=11.253Hz  err=-67.626Hz  corr=-1294.10W  u_ff=127.8W  PCAP→78W  power=77.6W
[PID] perf=78.905Hz  target=11.253Hz  err=-67.652Hz  corr=-1294.58W  u_ff=127.8W  PCAP→78W  power=78.3W
[PID] perf=73.358Hz  target=11.253Hz  err=-62.105Hz  corr=-1191.71W  u_ff=127.8W  PCAP→78W  power=78.8W
[PID] perf=49.299Hz  target=11.253Hz  err=-38.046Hz  corr=-745.55W  u_ff=127.8W  PCAP→78W  power=77.0W
[PID] perf=78.910Hz  target=11.253Hz  err=-67.657Hz  corr=-1294.68W  u_ff=127.8W  PCAP→78W  power=78.0W
[PID] perf=11.070Hz  target=11.253Hz  err=+0.183Hz  corr=+34.59W  u_ff=127.8W  PCAP→165W  power=78.1W
[PID] perf=85.447Hz  target=11.253Hz  err=-74.194Hz  corr=-1415.91W  u_ff=127.8W  PCAP→78W  power=144.9W
[PID] perf=85.226Hz  target=11.253Hz  err=-73.973Hz  corr=-1411.80W  u_ff=127.8W  PCAP→78W  power=77.0W
[PID] perf=3.922Hz  target=11.253Hz  err=+7.332Hz  corr=+175.96W  u_ff=127.8W  PCAP→165W  power=78.1W
[PID] perf=4.219Hz  target=11.253Hz  err=+7.034Hz  corr=+170.44W  u_ff=127.8W  PCAP→165W  power=144.7W
[PID] perf=4.219Hz  target=11.253Hz  err=+7.034Hz  corr=+170.44W  u_ff=127.8W  PCAP→165W  power=144.8W
[PID] perf=4.219Hz  target=11.253Hz  err=+7.034Hz  corr=+170.44W  u_ff=127.8W  PCAP→165W  power=143.7W
[PID] perf=85.411Hz  target=11.253Hz  err=-74.158Hz  corr=-1415.23W  u_ff=127.8W  PCAP→78W  power=143.6W
[PID] perf=79.233Hz  target=11.253Hz  err=-67.979Hz  corr=-1300.66W  u_ff=127.8W  PCAP→78W  power=78.2W
[PID] perf=78.941Hz  target=11.253Hz  err=-67.688Hz  corr=-1295.25W  u_ff=127.8W  PCAP→78W  power=77.4W
[PID] perf=85.354Hz  target=11.253Hz  err=-74.100Hz  corr=-1414.17W  u_ff=127.8W  PCAP→78W  power=78.3W
[PID] perf=78.985Hz  target=11.253Hz  err=-67.731Hz  corr=-1296.06W  u_ff=127.8W  PCAP→78W  power=77.7W
[PID] perf=49.522Hz  target=11.253Hz  err=-38.269Hz  corr=-749.68W  u_ff=127.8W  PCAP→78W  power=77.2W
[PID] perf=73.486Hz  target=11.253Hz  err=-62.232Hz  corr=-1194.08W  u_ff=127.8W  PCAP→78W  power=78.0W
[PID] perf=78.942Hz  target=11.253Hz  err=-67.689Hz  corr=-1295.27W  u_ff=127.8W  PCAP→78W  power=78.8W
[PID] perf=79.003Hz  target=11.253Hz  err=-67.750Hz  corr=-1296.40W  u_ff=127.8W  PCAP→78W  power=77.7W
[PID] perf=11.810Hz  target=11.253Hz  err=-0.557Hz  corr=+18.80W  u_ff=127.8W  PCAP→147W  power=78.6W
[PID] perf=85.426Hz  target=11.253Hz  err=-74.173Hz  corr=-1415.51W  u_ff=127.8W  PCAP→78W  power=144.5W
[PID] perf=78.960Hz  target=11.253Hz  err=-67.706Hz  corr=-1295.59W  u_ff=127.8W  PCAP→78W  power=77.8W
[PID] perf=28.891Hz  target=11.253Hz  err=-17.638Hz  corr=-363.39W  u_ff=127.8W  PCAP→78W  power=77.9W
[PID] perf=29.024Hz  target=11.253Hz  err=-17.771Hz  corr=-369.55W  u_ff=127.8W  PCAP→78W  power=78.3W
[PID] perf=29.038Hz  target=11.253Hz  err=-17.784Hz  corr=-369.80W  u_ff=127.8W  PCAP→78W  power=79.0W
[PID] perf=29.053Hz  target=11.253Hz  err=-17.800Hz  corr=-370.09W  u_ff=127.8W  PCAP→78W  power=76.5W
[PID] perf=29.041Hz  target=11.253Hz  err=-17.788Hz  corr=-369.87W  u_ff=127.8W  PCAP→78W  power=78.5W
[PID] perf=29.048Hz  target=11.253Hz  err=-17.794Hz  corr=-369.99W  u_ff=127.8W  PCAP→78W  power=79.1W
[PID] perf=29.108Hz  target=11.253Hz  err=-17.854Hz  corr=-371.10W  u_ff=127.8W  PCAP→78W  power=77.4W
[PID] perf=85.401Hz  target=11.253Hz  err=-74.148Hz  corr=-1415.05W  u_ff=127.8W  PCAP→78W  power=76.4W
[PID] perf=85.365Hz  target=11.253Hz  err=-74.112Hz  corr=-1414.39W  u_ff=127.8W  PCAP→78W  power=77.8W
[PID] perf=45.551Hz  target=11.253Hz  err=-34.298Hz  corr=-676.05W  u_ff=127.8W  PCAP→78W  power=77.0W
[PID] perf=45.506Hz  target=11.253Hz  err=-34.252Hz  corr=-675.20W  u_ff=127.8W  PCAP→78W  power=77.6W
[PID] perf=85.375Hz  target=11.253Hz  err=-74.122Hz  corr=-1414.57W  u_ff=127.8W  PCAP→78W  power=78.2W
[PID] perf=85.351Hz  target=11.253Hz  err=-74.097Hz  corr=-1414.11W  u_ff=127.8W  PCAP→78W  power=78.4W
[PID] perf=85.431Hz  target=11.253Hz  err=-74.178Hz  corr=-1415.60W  u_ff=127.8W  PCAP→78W  power=78.4W
[PID] perf=85.418Hz  target=11.253Hz  err=-74.165Hz  corr=-1415.36W  u_ff=127.8W  PCAP→78W  power=79.6W
[PID] perf=85.456Hz  target=11.253Hz  err=-74.202Hz  corr=-1416.06W  u_ff=127.8W  PCAP→78W  power=77.6W
[PID] perf=4.167Hz  target=11.253Hz  err=+7.087Hz  corr=+121.41W  u_ff=127.8W  PCAP→165W  power=76.3W
[PID] perf=4.219Hz  target=11.253Hz  err=+7.034Hz  corr=+146.52W  u_ff=127.8W  PCAP→165W  power=146.0W
[PID] perf=85.434Hz  target=11.253Hz  err=-74.181Hz  corr=-1415.66W  u_ff=127.8W  PCAP→78W  power=145.6W
[PID] perf=85.398Hz  target=11.253Hz  err=-74.145Hz  corr=-1414.99W  u_ff=127.8W  PCAP→78W  power=77.8W
[PID] perf=85.324Hz  target=11.253Hz  err=-74.070Hz  corr=-1413.61W  u_ff=127.8W  PCAP→78W  power=77.8W
[PID] perf=85.307Hz  target=11.253Hz  err=-74.054Hz  corr=-1413.30W  u_ff=127.8W  PCAP→78W  power=77.0W
[PID] perf=78.956Hz  target=11.253Hz  err=-67.703Hz  corr=-1295.53W  u_ff=127.8W  PCAP→78W  power=77.9W
[PID] perf=78.930Hz  target=11.253Hz  err=-67.676Hz  corr=-1295.04W  u_ff=127.8W  PCAP→78W  power=78.9W
[PID] perf=84.945Hz  target=11.253Hz  err=-73.692Hz  corr=-1406.59W  u_ff=127.8W  PCAP→78W  power=77.5W
[PID] perf=37.063Hz  target=11.253Hz  err=-25.810Hz  corr=-518.63W  u_ff=127.8W  PCAP→78W  power=77.8W
[PID] perf=85.324Hz  target=11.253Hz  err=-74.071Hz  corr=-1413.63W  u_ff=127.8W  PCAP→78W  power=77.3W
[PID] perf=49.404Hz  target=11.253Hz  err=-38.151Hz  corr=-747.49W  u_ff=127.8W  PCAP→78W  power=77.4W
[PID] perf=85.319Hz  target=11.253Hz  err=-74.066Hz  corr=-1413.53W  u_ff=127.8W  PCAP→78W  power=77.6W
[PID] perf=73.437Hz  target=11.253Hz  err=-62.184Hz  corr=-1193.18W  u_ff=127.8W  PCAP→78W  power=78.0W
[PID] perf=53.864Hz  target=11.253Hz  err=-42.611Hz  corr=-830.20W  u_ff=127.8W  PCAP→78W  power=77.7W
[PID] perf=78.918Hz  target=11.253Hz  err=-67.665Hz  corr=-1294.83W  u_ff=127.8W  PCAP→78W  power=77.5W
[PID] perf=78.962Hz  target=11.253Hz  err=-67.709Hz  corr=-1295.64W  u_ff=127.8W  PCAP→78W  power=78.1W
[PID] perf=73.465Hz  target=11.253Hz  err=-62.212Hz  corr=-1193.69W  u_ff=127.8W  PCAP→78W  power=79.0W
[PID] perf=78.931Hz  target=11.253Hz  err=-67.678Hz  corr=-1295.06W  u_ff=127.8W  PCAP→78W  power=78.1W
[PID] perf=85.306Hz  target=11.253Hz  err=-74.053Hz  corr=-1413.28W  u_ff=127.8W  PCAP→78W  power=78.2W
[PID] perf=79.034Hz  target=11.253Hz  err=-67.781Hz  corr=-1296.97W  u_ff=127.8W  PCAP→78W  power=77.5W
[PID] perf=85.324Hz  target=11.253Hz  err=-74.071Hz  corr=-1413.63W  u_ff=127.8W  PCAP→78W  power=78.6W
[PID] perf=85.328Hz  target=11.253Hz  err=-74.074Hz  corr=-1413.68W  u_ff=127.8W  PCAP→78W  power=77.3W
[PID] perf=85.357Hz  target=11.253Hz  err=-74.104Hz  corr=-1414.23W  u_ff=127.8W  PCAP→78W  power=76.6W
[PID] perf=85.356Hz  target=11.253Hz  err=-74.102Hz  corr=-1414.20W  u_ff=127.8W  PCAP→78W  power=77.0W
[PID] perf=85.334Hz  target=11.253Hz  err=-74.081Hz  corr=-1413.81W  u_ff=127.8W  PCAP→78W  power=77.3W
[PID] perf=78.933Hz  target=11.253Hz  err=-67.680Hz  corr=-1295.11W  u_ff=127.8W  PCAP→78W  power=76.4W
[PID] perf=28.845Hz  target=11.253Hz  err=-17.592Hz  corr=-366.23W  u_ff=127.8W  PCAP→78W  power=77.8W
[PID] perf=28.948Hz  target=11.253Hz  err=-17.695Hz  corr=-368.14W  u_ff=127.8W  PCAP→78W  power=77.5W
[PID] perf=28.933Hz  target=11.253Hz  err=-17.680Hz  corr=-367.86W  u_ff=127.8W  PCAP→78W  power=78.0W
[PID] perf=28.911Hz  target=11.253Hz  err=-17.658Hz  corr=-367.47W  u_ff=127.8W  PCAP→78W  power=78.3W
[PID] perf=17.363Hz  target=11.253Hz  err=-6.110Hz  corr=-119.88W  u_ff=127.8W  PCAP→78W  power=78.7W
[PID] perf=78.921Hz  target=11.253Hz  err=-67.668Hz  corr=-1294.88W  u_ff=127.8W  PCAP→78W  power=77.1W
[PID] perf=78.948Hz  target=11.253Hz  err=-67.695Hz  corr=-1295.38W  u_ff=127.8W  PCAP→78W  power=77.5W
[PID] perf=49.340Hz  target=11.253Hz  err=-38.086Hz  corr=-746.30W  u_ff=127.8W  PCAP→78W  power=77.8W
[PID] perf=85.276Hz  target=11.253Hz  err=-74.023Hz  corr=-1412.73W  u_ff=127.8W  PCAP→78W  power=77.7W
[PID] perf=79.041Hz  target=11.253Hz  err=-67.788Hz  corr=-1297.10W  u_ff=127.8W  PCAP→78W  power=78.4W
[PID] perf=85.444Hz  target=11.253Hz  err=-74.191Hz  corr=-1415.84W  u_ff=127.8W  PCAP→78W  power=76.5W
[PID] perf=85.419Hz  target=11.253Hz  err=-74.166Hz  corr=-1415.39W  u_ff=127.8W  PCAP→78W  power=75.7W
[PID] perf=85.441Hz  target=11.253Hz  err=-74.188Hz  corr=-1415.78W  u_ff=127.8W  PCAP→78W  power=77.9W
[PID] perf=49.618Hz  target=11.253Hz  err=-38.365Hz  corr=-751.46W  u_ff=127.8W  PCAP→78W  power=77.4W
[PID] perf=11.032Hz  target=11.253Hz  err=+0.221Hz  corr=-1.67W  u_ff=127.8W  PCAP→124W  power=76.9W
[PID] perf=85.428Hz  target=11.253Hz  err=-74.174Hz  corr=-1415.54W  u_ff=127.8W  PCAP→78W  power=122.3W
[PID] perf=85.292Hz  target=11.253Hz  err=-74.039Hz  corr=-1413.02W  u_ff=127.8W  PCAP→78W  power=77.6W
[PID] perf=85.325Hz  target=11.253Hz  err=-74.072Hz  corr=-1413.64W  u_ff=127.8W  PCAP→78W  power=78.0W
[PID] perf=78.938Hz  target=11.253Hz  err=-67.685Hz  corr=-1295.19W  u_ff=127.8W  PCAP→78W  power=77.6W
[PID] perf=78.940Hz  target=11.253Hz  err=-67.686Hz  corr=-1295.22W  u_ff=127.8W  PCAP→78W  power=77.3W
[PID] perf=85.332Hz  target=11.253Hz  err=-74.079Hz  corr=-1413.78W  u_ff=127.8W  PCAP→78W  power=77.4W
[PID] perf=11.321Hz  target=11.253Hz  err=-0.068Hz  corr=-7.27W  u_ff=127.8W  PCAP→118W  power=78.9W
[PID] perf=4.219Hz  target=11.253Hz  err=+7.034Hz  corr=+150.51W  u_ff=127.8W  PCAP→165W  power=118.3W
[PID] perf=85.428Hz  target=11.253Hz  err=-74.174Hz  corr=-1415.54W  u_ff=127.8W  PCAP→78W  power=143.6W
[PID] perf=85.436Hz  target=11.253Hz  err=-74.183Hz  corr=-1415.69W  u_ff=127.8W  PCAP→78W  power=79.6W
[PID] perf=85.237Hz  target=11.253Hz  err=-73.984Hz  corr=-1412.01W  u_ff=127.8W  PCAP→78W  power=77.1W
[PID] perf=3.968Hz  target=11.253Hz  err=+7.285Hz  corr=+175.10W  u_ff=127.8W  PCAP→165W  power=78.0W
[PID] perf=41.021Hz  target=11.253Hz  err=-29.768Hz  corr=-592.04W  u_ff=127.8W  PCAP→78W  power=166.3W
[PID] perf=28.995Hz  target=11.253Hz  err=-17.742Hz  corr=-369.02W  u_ff=127.8W  PCAP→78W  power=78.2W
[PID] perf=29.071Hz  target=11.253Hz  err=-17.818Hz  corr=-370.42W  u_ff=127.8W  PCAP→78W  power=78.6W
[PID] perf=29.023Hz  target=11.253Hz  err=-17.770Hz  corr=-369.54W  u_ff=127.8W  PCAP→78W  power=77.2W
[PID] perf=29.011Hz  target=11.253Hz  err=-17.757Hz  corr=-369.30W  u_ff=127.8W  PCAP→78W  power=79.3W
[PID] perf=28.918Hz  target=11.253Hz  err=-17.664Hz  corr=-367.58W  u_ff=127.8W  PCAP→78W  power=79.2W
[PID] perf=29.014Hz  target=11.253Hz  err=-17.760Hz  corr=-369.36W  u_ff=127.8W  PCAP→78W  power=77.6W
[PID] perf=28.992Hz  target=11.253Hz  err=-17.739Hz  corr=-368.97W  u_ff=127.8W  PCAP→78W  power=78.1W
[PID] perf=28.999Hz  target=11.253Hz  err=-17.746Hz  corr=-369.09W  u_ff=127.8W  PCAP→78W  power=77.4W
[PID] perf=29.034Hz  target=11.253Hz  err=-17.781Hz  corr=-369.74W  u_ff=127.8W  PCAP→78W  power=76.8W
[PID] perf=28.949Hz  target=11.253Hz  err=-17.696Hz  corr=-368.17W  u_ff=127.8W  PCAP→78W  power=79.7W
[PID] perf=29.003Hz  target=11.253Hz  err=-17.750Hz  corr=-369.17W  u_ff=127.8W  PCAP→78W  power=79.1W
[PID] perf=28.927Hz  target=11.253Hz  err=-17.674Hz  corr=-367.76W  u_ff=127.8W  PCAP→78W  power=79.6W
[PID] perf=29.058Hz  target=11.253Hz  err=-17.804Hz  corr=-370.17W  u_ff=127.8W  PCAP→78W  power=77.0W
[PID] perf=29.042Hz  target=11.253Hz  err=-17.788Hz  corr=-369.88W  u_ff=127.8W  PCAP→78W  power=77.2W
[PID] perf=28.968Hz  target=11.253Hz  err=-17.714Hz  corr=-368.51W  u_ff=127.8W  PCAP→78W  power=78.6W
[PID] perf=29.027Hz  target=11.253Hz  err=-17.774Hz  corr=-369.61W  u_ff=127.8W  PCAP→78W  power=78.6W
[PID] perf=28.978Hz  target=11.253Hz  err=-17.725Hz  corr=-368.71W  u_ff=127.8W  PCAP→78W  power=76.8W
[PID] perf=29.029Hz  target=11.253Hz  err=-17.776Hz  corr=-369.65W  u_ff=127.8W  PCAP→78W  power=78.5W
[PID] perf=29.032Hz  target=11.253Hz  err=-17.779Hz  corr=-369.70W  u_ff=127.8W  PCAP→78W  power=76.8W
[PID] perf=28.965Hz  target=11.253Hz  err=-17.712Hz  corr=-368.46W  u_ff=127.8W  PCAP→78W  power=77.6W
[PID] perf=29.024Hz  target=11.253Hz  err=-17.771Hz  corr=-369.56W  u_ff=127.8W  PCAP→78W  power=78.5W
[PID] perf=29.006Hz  target=11.253Hz  err=-17.753Hz  corr=-369.21W  u_ff=127.8W  PCAP→78W  power=78.9W
[PID] perf=29.003Hz  target=11.253Hz  err=-17.750Hz  corr=-369.16W  u_ff=127.8W  PCAP→78W  power=78.6W
[PID] perf=28.983Hz  target=11.253Hz  err=-17.730Hz  corr=-368.80W  u_ff=127.8W  PCAP→78W  power=78.6W
[PID] perf=28.931Hz  target=11.253Hz  err=-17.678Hz  corr=-367.83W  u_ff=127.8W  PCAP→78W  power=77.1W
[PID] perf=29.006Hz  target=11.253Hz  err=-17.753Hz  corr=-369.22W  u_ff=127.8W  PCAP→78W  power=78.8W
[PID] perf=28.980Hz  target=11.253Hz  err=-17.726Hz  corr=-368.73W  u_ff=127.8W  PCAP→78W  power=78.7W
[PID] perf=28.988Hz  target=11.253Hz  err=-17.734Hz  corr=-368.88W  u_ff=127.8W  PCAP→78W  power=79.0W
[PID] perf=29.002Hz  target=11.253Hz  err=-17.748Hz  corr=-369.14W  u_ff=127.8W  PCAP→78W  power=78.5W
[PID] perf=29.050Hz  target=11.253Hz  err=-17.797Hz  corr=-370.04W  u_ff=127.8W  PCAP→78W  power=78.2W
[PID] perf=29.058Hz  target=11.253Hz  err=-17.805Hz  corr=-370.18W  u_ff=127.8W  PCAP→78W  power=79.4W
[PID] perf=29.025Hz  target=11.253Hz  err=-17.772Hz  corr=-369.58W  u_ff=127.8W  PCAP→78W  power=79.0W
[PID] perf=29.025Hz  target=11.253Hz  err=-17.771Hz  corr=-369.56W  u_ff=127.8W  PCAP→78W  power=78.8W
[PID] perf=28.969Hz  target=11.253Hz  err=-17.716Hz  corr=-368.53W  u_ff=127.8W  PCAP→78W  power=77.7W
[PID] perf=28.971Hz  target=11.253Hz  err=-17.718Hz  corr=-368.57W  u_ff=127.8W  PCAP→78W  power=76.6W
[PID] perf=28.968Hz  target=11.253Hz  err=-17.715Hz  corr=-368.51W  u_ff=127.8W  PCAP→78W  power=77.0W
[PID] perf=28.997Hz  target=11.253Hz  err=-17.743Hz  corr=-369.04W  u_ff=127.8W  PCAP→78W  power=76.5W
[PID] perf=29.036Hz  target=11.253Hz  err=-17.783Hz  corr=-369.77W  u_ff=127.8W  PCAP→78W  power=79.0W
[PID] perf=28.973Hz  target=11.253Hz  err=-17.720Hz  corr=-368.61W  u_ff=127.8W  PCAP→78W  power=79.6W
[PID] perf=28.935Hz  target=11.253Hz  err=-17.682Hz  corr=-367.91W  u_ff=127.8W  PCAP→78W  power=78.4W
[PID] perf=28.951Hz  target=11.253Hz  err=-17.698Hz  corr=-368.21W  u_ff=127.8W  PCAP→78W  power=77.0W
[PID] perf=29.004Hz  target=11.253Hz  err=-17.751Hz  corr=-369.19W  u_ff=127.8W  PCAP→78W  power=76.4W
[PID] perf=28.975Hz  target=11.253Hz  err=-17.721Hz  corr=-368.64W  u_ff=127.8W  PCAP→78W  power=77.5W
[PID] perf=29.011Hz  target=11.253Hz  err=-17.758Hz  corr=-369.31W  u_ff=127.8W  PCAP→78W  power=76.3W
[PID] perf=29.018Hz  target=11.253Hz  err=-17.765Hz  corr=-369.44W  u_ff=127.8W  PCAP→78W  power=78.2W
[PID] perf=29.046Hz  target=11.253Hz  err=-17.792Hz  corr=-369.95W  u_ff=127.8W  PCAP→78W  power=79.5W
[PID] perf=28.983Hz  target=11.253Hz  err=-17.730Hz  corr=-368.80W  u_ff=127.8W  PCAP→78W  power=78.6W
[PID] perf=28.944Hz  target=11.253Hz  err=-17.691Hz  corr=-368.08W  u_ff=127.8W  PCAP→78W  power=77.2W
[PID] perf=28.921Hz  target=11.253Hz  err=-17.668Hz  corr=-367.64W  u_ff=127.8W  PCAP→78W  power=77.1W
[PID] perf=28.948Hz  target=11.253Hz  err=-17.695Hz  corr=-368.15W  u_ff=127.8W  PCAP→78W  power=78.7W
[PID] perf=29.007Hz  target=11.253Hz  err=-17.754Hz  corr=-369.24W  u_ff=127.8W  PCAP→78W  power=78.0W
[PID] perf=28.966Hz  target=11.253Hz  err=-17.713Hz  corr=-368.48W  u_ff=127.8W  PCAP→78W  power=77.6W
[PID] perf=29.093Hz  target=11.253Hz  err=-17.839Hz  corr=-370.82W  u_ff=127.8W  PCAP→78W  power=76.9W
[PID] perf=29.075Hz  target=11.253Hz  err=-17.822Hz  corr=-370.51W  u_ff=127.8W  PCAP→78W  power=78.1W
[PID] perf=28.970Hz  target=11.253Hz  err=-17.717Hz  corr=-368.55W  u_ff=127.8W  PCAP→78W  power=76.8W
[PID] perf=28.970Hz  target=11.253Hz  err=-17.717Hz  corr=-368.55W  u_ff=127.8W  PCAP→78W  power=77.7W
[PID] perf=28.946Hz  target=11.253Hz  err=-17.693Hz  corr=-368.11W  u_ff=127.8W  PCAP→78W  power=78.2W
[PID] perf=29.019Hz  target=11.253Hz  err=-17.766Hz  corr=-369.46W  u_ff=127.8W  PCAP→78W  power=75.9W
[PID] perf=28.978Hz  target=11.253Hz  err=-17.724Hz  corr=-368.69W  u_ff=127.8W  PCAP→78W  power=78.2W
[PID] perf=28.995Hz  target=11.253Hz  err=-17.742Hz  corr=-369.02W  u_ff=127.8W  PCAP→78W  power=77.7W
[PID] perf=29.016Hz  target=11.253Hz  err=-17.763Hz  corr=-369.41W  u_ff=127.8W  PCAP→78W  power=77.6W
[PID] perf=28.985Hz  target=11.253Hz  err=-17.732Hz  corr=-368.83W  u_ff=127.8W  PCAP→78W  power=78.0W
[PID] perf=29.013Hz  target=11.253Hz  err=-17.760Hz  corr=-369.35W  u_ff=127.8W  PCAP→78W  power=78.3W
[PID] perf=29.060Hz  target=11.253Hz  err=-17.807Hz  corr=-370.22W  u_ff=127.8W  PCAP→78W  power=76.7W
[PID] perf=28.963Hz  target=11.253Hz  err=-17.710Hz  corr=-368.42W  u_ff=127.8W  PCAP→78W  power=77.8W
[PID] perf=29.040Hz  target=11.253Hz  err=-17.786Hz  corr=-369.84W  u_ff=127.8W  PCAP→78W  power=76.5W
[PID] perf=29.032Hz  target=11.253Hz  err=-17.778Hz  corr=-369.69W  u_ff=127.8W  PCAP→78W  power=79.7W
[PID] perf=29.143Hz  target=11.253Hz  err=-17.889Hz  corr=-371.75W  u_ff=127.8W  PCAP→78W  power=77.6W
[PID] perf=29.090Hz  target=11.253Hz  err=-17.836Hz  corr=-370.77W  u_ff=127.8W  PCAP→78W  power=77.9W
[PID] perf=29.041Hz  target=11.253Hz  err=-17.788Hz  corr=-369.88W  u_ff=127.8W  PCAP→78W  power=77.0W
[PID] perf=29.079Hz  target=11.253Hz  err=-17.826Hz  corr=-370.57W  u_ff=127.8W  PCAP→78W  power=77.1W
[PID] perf=29.046Hz  target=11.253Hz  err=-17.793Hz  corr=-369.96W  u_ff=127.8W  PCAP→78W  power=76.3W
[PID] perf=29.193Hz  target=11.253Hz  err=-17.940Hz  corr=-372.69W  u_ff=127.8W  PCAP→78W  power=77.4W
[PID] perf=29.197Hz  target=11.253Hz  err=-17.944Hz  corr=-372.77W  u_ff=127.8W  PCAP→78W  power=78.4W
[PID] perf=29.071Hz  target=11.253Hz  err=-17.818Hz  corr=-370.43W  u_ff=127.8W  PCAP→78W  power=78.6W
[PID] perf=29.075Hz  target=11.253Hz  err=-17.822Hz  corr=-370.50W  u_ff=127.8W  PCAP→78W  power=77.4W
[PID] perf=29.076Hz  target=11.253Hz  err=-17.822Hz  corr=-370.51W  u_ff=127.8W  PCAP→78W  power=78.3W
[PID] perf=29.128Hz  target=11.253Hz  err=-17.875Hz  corr=-371.48W  u_ff=127.8W  PCAP→78W  power=77.9W
[PID] perf=29.092Hz  target=11.253Hz  err=-17.839Hz  corr=-370.81W  u_ff=127.8W  PCAP→78W  power=77.3W
[PID] perf=29.101Hz  target=11.253Hz  err=-17.847Hz  corr=-370.97W  u_ff=127.8W  PCAP→78W  power=76.1W
[PID] perf=29.093Hz  target=11.253Hz  err=-17.840Hz  corr=-370.84W  u_ff=127.8W  PCAP→78W  power=78.2W
[PID] perf=29.047Hz  target=11.253Hz  err=-17.794Hz  corr=-369.98W  u_ff=127.8W  PCAP→78W  power=76.8W
[PID] perf=29.065Hz  target=11.253Hz  err=-17.812Hz  corr=-370.31W  u_ff=127.8W  PCAP→78W  power=77.1W
[PID] perf=29.110Hz  target=11.253Hz  err=-17.857Hz  corr=-371.15W  u_ff=127.8W  PCAP→78W  power=78.5W
[PID] perf=29.120Hz  target=11.253Hz  err=-17.867Hz  corr=-371.33W  u_ff=127.8W  PCAP→78W  power=77.6W
[PID] perf=29.194Hz  target=11.253Hz  err=-17.941Hz  corr=-372.71W  u_ff=127.8W  PCAP→78W  power=76.4W
[PID] perf=29.109Hz  target=11.253Hz  err=-17.855Hz  corr=-371.12W  u_ff=127.8W  PCAP→78W  power=79.2W
[PID] perf=29.169Hz  target=11.253Hz  err=-17.916Hz  corr=-372.25W  u_ff=127.8W  PCAP→78W  power=78.5W
[PID] perf=29.040Hz  target=11.253Hz  err=-17.787Hz  corr=-369.85W  u_ff=127.8W  PCAP→78W  power=77.9W
[PID] perf=29.144Hz  target=11.253Hz  err=-17.891Hz  corr=-371.78W  u_ff=127.8W  PCAP→78W  power=79.0W
[PID] perf=29.128Hz  target=11.253Hz  err=-17.874Hz  corr=-371.47W  u_ff=127.8W  PCAP→78W  power=79.1W
[PID] perf=29.136Hz  target=11.253Hz  err=-17.883Hz  corr=-371.63W  u_ff=127.8W  PCAP→78W  power=77.8W
[PID] perf=29.135Hz  target=11.253Hz  err=-17.882Hz  corr=-371.61W  u_ff=127.8W  PCAP→78W  power=78.8W
[PID] perf=29.072Hz  target=11.253Hz  err=-17.818Hz  corr=-370.44W  u_ff=127.8W  PCAP→78W  power=79.2W
[PID] perf=29.079Hz  target=11.253Hz  err=-17.826Hz  corr=-370.58W  u_ff=127.8W  PCAP→78W  power=79.0W
[PID] perf=29.118Hz  target=11.253Hz  err=-17.865Hz  corr=-371.29W  u_ff=127.8W  PCAP→78W  power=79.1W
[PID] perf=28.760Hz  target=11.253Hz  err=-17.506Hz  corr=-364.65W  u_ff=127.8W  PCAP→78W  power=77.3W
[PID] perf=26.809Hz  target=11.253Hz  err=-15.556Hz  corr=-326.11W  u_ff=127.8W  PCAP→78W  power=77.9W
[PID] perf=26.846Hz  target=11.253Hz  err=-15.593Hz  corr=-329.16W  u_ff=127.8W  PCAP→78W  power=79.0W
[PID] perf=26.896Hz  target=11.253Hz  err=-15.643Hz  corr=-330.10W  u_ff=127.8W  PCAP→78W  power=78.1W
[PID] perf=26.847Hz  target=11.253Hz  err=-15.594Hz  corr=-329.18W  u_ff=127.8W  PCAP→78W  power=76.6W
[PID] perf=26.868Hz  target=11.253Hz  err=-15.614Hz  corr=-329.56W  u_ff=127.8W  PCAP→78W  power=76.9W
[PID] perf=26.831Hz  target=11.253Hz  err=-15.577Hz  corr=-328.88W  u_ff=127.8W  PCAP→78W  power=77.7W
[PID] perf=26.892Hz  target=11.253Hz  err=-15.639Hz  corr=-330.02W  u_ff=127.8W  PCAP→78W  power=78.1W
[PID] perf=26.864Hz  target=11.253Hz  err=-15.611Hz  corr=-329.50W  u_ff=127.8W  PCAP→78W  power=78.8W
[PID] perf=26.860Hz  target=11.253Hz  err=-15.607Hz  corr=-329.42W  u_ff=127.8W  PCAP→78W  power=79.3W
[PID] perf=26.852Hz  target=11.253Hz  err=-15.599Hz  corr=-329.28W  u_ff=127.8W  PCAP→78W  power=76.9W
[PID] perf=26.878Hz  target=11.253Hz  err=-15.625Hz  corr=-329.76W  u_ff=127.8W  PCAP→78W  power=78.6W
[PID] perf=26.958Hz  target=11.253Hz  err=-15.704Hz  corr=-331.23W  u_ff=127.8W  PCAP→78W  power=78.1W
[PID] perf=26.951Hz  target=11.253Hz  err=-15.698Hz  corr=-331.12W  u_ff=127.8W  PCAP→78W  power=77.2W
[PID] perf=26.847Hz  target=11.253Hz  err=-15.594Hz  corr=-329.18W  u_ff=127.8W  PCAP→78W  power=78.0W
[PID] perf=26.643Hz  target=11.253Hz  err=-15.390Hz  corr=-325.41W  u_ff=127.8W  PCAP→78W  power=79.1W
[PID] perf=26.466Hz  target=11.253Hz  err=-15.213Hz  corr=-322.12W  u_ff=127.8W  PCAP→78W  power=78.5W
[PID] perf=26.737Hz  target=11.253Hz  err=-15.484Hz  corr=-327.15W  u_ff=127.8W  PCAP→78W  power=78.6W
[PID] perf=26.914Hz  target=11.253Hz  err=-15.661Hz  corr=-330.42W  u_ff=127.8W  PCAP→78W  power=78.2W
[PID] perf=26.700Hz  target=11.253Hz  err=-15.446Hz  corr=-326.45W  u_ff=127.8W  PCAP→78W  power=78.0W
[PID] perf=26.882Hz  target=11.253Hz  err=-15.629Hz  corr=-329.84W  u_ff=127.8W  PCAP→78W  power=77.9W
[PID] perf=26.936Hz  target=11.253Hz  err=-15.682Hz  corr=-330.82W  u_ff=127.8W  PCAP→78W  power=77.4W
[PID] perf=26.941Hz  target=11.253Hz  err=-15.688Hz  corr=-330.92W  u_ff=127.8W  PCAP→78W  power=77.1W
[PID] perf=26.911Hz  target=11.253Hz  err=-15.658Hz  corr=-330.37W  u_ff=127.8W  PCAP→78W  power=77.0W
[PID] perf=26.887Hz  target=11.253Hz  err=-15.634Hz  corr=-329.93W  u_ff=127.8W  PCAP→78W  power=79.1W
[PID] perf=26.943Hz  target=11.253Hz  err=-15.690Hz  corr=-330.96W  u_ff=127.8W  PCAP→78W  power=76.2W
[PID] perf=26.965Hz  target=11.253Hz  err=-15.712Hz  corr=-331.37W  u_ff=127.8W  PCAP→78W  power=78.1W
[PID] perf=26.942Hz  target=11.253Hz  err=-15.689Hz  corr=-330.95W  u_ff=127.8W  PCAP→78W  power=78.5W
[PID] perf=26.928Hz  target=11.253Hz  err=-15.675Hz  corr=-330.68W  u_ff=127.8W  PCAP→78W  power=78.6W
[PID] perf=26.916Hz  target=11.253Hz  err=-15.663Hz  corr=-330.47W  u_ff=127.8W  PCAP→78W  power=78.4W
[PID] perf=26.928Hz  target=11.253Hz  err=-15.675Hz  corr=-330.69W  u_ff=127.8W  PCAP→78W  power=77.1W
[PID] perf=26.928Hz  target=11.253Hz  err=-15.675Hz  corr=-330.68W  u_ff=127.8W  PCAP→78W  power=77.1W
[PID] perf=27.048Hz  target=11.253Hz  err=-15.794Hz  corr=-332.90W  u_ff=127.8W  PCAP→78W  power=78.1W
[PID] perf=27.186Hz  target=11.253Hz  err=-15.932Hz  corr=-335.46W  u_ff=127.8W  PCAP→78W  power=78.7W
[PID] perf=27.193Hz  target=11.253Hz  err=-15.940Hz  corr=-335.60W  u_ff=127.8W  PCAP→78W  power=78.9W
[PID] perf=27.222Hz  target=11.253Hz  err=-15.968Hz  corr=-336.13W  u_ff=127.8W  PCAP→78W  power=78.0W
[PID] perf=27.233Hz  target=11.253Hz  err=-15.980Hz  corr=-336.34W  u_ff=127.8W  PCAP→78W  power=77.8W
[PID] perf=27.264Hz  target=11.253Hz  err=-16.011Hz  corr=-336.91W  u_ff=127.8W  PCAP→78W  power=77.6W
[PID] perf=27.228Hz  target=11.253Hz  err=-15.975Hz  corr=-336.25W  u_ff=127.8W  PCAP→78W  power=76.2W
[PID] perf=27.213Hz  target=11.253Hz  err=-15.959Hz  corr=-335.96W  u_ff=127.8W  PCAP→78W  power=78.7W
[PID] perf=27.220Hz  target=11.253Hz  err=-15.967Hz  corr=-336.10W  u_ff=127.8W  PCAP→78W  power=78.2W
[PID] perf=27.239Hz  target=11.253Hz  err=-15.986Hz  corr=-336.45W  u_ff=127.8W  PCAP→78W  power=77.3W
[PID] perf=27.221Hz  target=11.253Hz  err=-15.968Hz  corr=-336.12W  u_ff=127.8W  PCAP→78W  power=76.9W
[PID] perf=27.189Hz  target=11.253Hz  err=-15.936Hz  corr=-335.52W  u_ff=127.8W  PCAP→78W  power=76.6W
[PID] perf=27.247Hz  target=11.253Hz  err=-15.994Hz  corr=-336.60W  u_ff=127.8W  PCAP→78W  power=77.6W
[PID] perf=27.209Hz  target=11.253Hz  err=-15.956Hz  corr=-335.89W  u_ff=127.8W  PCAP→78W  power=78.8W
[PID] perf=27.208Hz  target=11.253Hz  err=-15.955Hz  corr=-335.87W  u_ff=127.8W  PCAP→78W  power=78.8W
[PID] perf=27.167Hz  target=11.253Hz  err=-15.914Hz  corr=-335.12W  u_ff=127.8W  PCAP→78W  power=78.7W
[PID] perf=27.165Hz  target=11.253Hz  err=-15.912Hz  corr=-335.08W  u_ff=127.8W  PCAP→78W  power=77.2W
[PID] perf=27.146Hz  target=11.253Hz  err=-15.892Hz  corr=-334.72W  u_ff=127.8W  PCAP→78W  power=78.0W
[PID] perf=27.197Hz  target=11.253Hz  err=-15.944Hz  corr=-335.67W  u_ff=127.8W  PCAP→78W  power=77.4W
[PID] perf=27.195Hz  target=11.253Hz  err=-15.942Hz  corr=-335.64W  u_ff=127.8W  PCAP→78W  power=77.1W
[PID] perf=27.272Hz  target=11.253Hz  err=-16.019Hz  corr=-337.06W  u_ff=127.8W  PCAP→78W  power=78.9W
[PID] perf=27.221Hz  target=11.253Hz  err=-15.968Hz  corr=-336.12W  u_ff=127.8W  PCAP→78W  power=77.2W
[PID] perf=27.201Hz  target=11.253Hz  err=-15.948Hz  corr=-335.75W  u_ff=127.8W  PCAP→78W  power=77.0W
[PID] perf=26.491Hz  target=11.253Hz  err=-15.237Hz  corr=-322.57W  u_ff=127.8W  PCAP→78W  power=76.9W
[PID] perf=26.741Hz  target=11.253Hz  err=-15.488Hz  corr=-327.22W  u_ff=127.8W  PCAP→78W  power=78.6W
[PID] perf=26.739Hz  target=11.253Hz  err=-15.486Hz  corr=-327.18W  u_ff=127.8W  PCAP→78W  power=77.2W
[PID] perf=27.035Hz  target=11.253Hz  err=-15.782Hz  corr=-332.67W  u_ff=127.8W  PCAP→78W  power=77.6W
[PID] perf=27.183Hz  target=11.253Hz  err=-15.930Hz  corr=-335.41W  u_ff=127.8W  PCAP→78W  power=78.6W
[PID] perf=27.214Hz  target=11.253Hz  err=-15.960Hz  corr=-335.98W  u_ff=127.8W  PCAP→78W  power=77.1W
[PID] perf=27.212Hz  target=11.253Hz  err=-15.958Hz  corr=-335.94W  u_ff=127.8W  PCAP→78W  power=77.3W
[PID] perf=27.220Hz  target=11.253Hz  err=-15.966Hz  corr=-336.09W  u_ff=127.8W  PCAP→78W  power=76.6W
[PID] perf=27.210Hz  target=11.253Hz  err=-15.957Hz  corr=-335.92W  u_ff=127.8W  PCAP→78W  power=77.9W
[PID] perf=27.196Hz  target=11.253Hz  err=-15.942Hz  corr=-335.65W  u_ff=127.8W  PCAP→78W  power=76.9W
[PID] perf=27.201Hz  target=11.253Hz  err=-15.948Hz  corr=-335.75W  u_ff=127.8W  PCAP→78W  power=76.4W
[PID] perf=27.226Hz  target=11.253Hz  err=-15.973Hz  corr=-336.22W  u_ff=127.8W  PCAP→78W  power=78.9W
[PID] perf=27.241Hz  target=11.253Hz  err=-15.987Hz  corr=-336.48W  u_ff=127.8W  PCAP→78W  power=76.2W
[PID] perf=27.211Hz  target=11.253Hz  err=-15.958Hz  corr=-335.93W  u_ff=127.8W  PCAP→78W  power=76.8W
[PID] perf=27.215Hz  target=11.253Hz  err=-15.961Hz  corr=-336.00W  u_ff=127.8W  PCAP→78W  power=78.3W
[PID] perf=27.217Hz  target=11.253Hz  err=-15.963Hz  corr=-336.03W  u_ff=127.8W  PCAP→78W  power=78.3W
[PID] perf=27.260Hz  target=11.253Hz  err=-16.007Hz  corr=-336.85W  u_ff=127.8W  PCAP→78W  power=78.2W
[PID] perf=27.220Hz  target=11.253Hz  err=-15.966Hz  corr=-336.09W  u_ff=127.8W  PCAP→78W  power=78.7W
[PID] perf=27.239Hz  target=11.253Hz  err=-15.986Hz  corr=-336.46W  u_ff=127.8W  PCAP→78W  power=78.4W
[PID] perf=27.173Hz  target=11.253Hz  err=-15.919Hz  corr=-335.22W  u_ff=127.8W  PCAP→78W  power=77.5W
[PID] perf=27.168Hz  target=11.253Hz  err=-15.915Hz  corr=-335.14W  u_ff=127.8W  PCAP→78W  power=78.8W
[PID] perf=27.167Hz  target=11.253Hz  err=-15.914Hz  corr=-335.12W  u_ff=127.8W  PCAP→78W  power=78.1W
[PID] perf=27.151Hz  target=11.253Hz  err=-15.898Hz  corr=-334.83W  u_ff=127.8W  PCAP→78W  power=76.9W
Process completed.
Compressed into /home/cc/summer2024/main_codes/pid_controller/../experiment_data/PID_Control_sweep/ones-npb-cg/compressed_iteration_20260513_161909.tar
----------------------------------

>>> Step 3/3

[ones-npb-cg]
  target perf      : 11.2533 Hz
  coefficients_perf: [-0.0006547837485238978, 0.18607436314256556, -1.8317688501798497]
  feedforward PCAP : 127.76 W  →  130 W (snapped)
  Perf(u_ff) check : 11.2533 Hz  (should ≈ target)
  PID gains        : Kp=18.5447 W/Hz  Ki=1.85447 W/(Hz·s)  Kd=0.0000
[PID] Awaiting data — feedforward PCAP=130W
[PID] Awaiting data — feedforward PCAP=130W
[PID] Awaiting data — feedforward PCAP=130W
[PID] Awaiting data — feedforward PCAP=130W
[PID] Awaiting data — feedforward PCAP=130W
[PID] Awaiting data — feedforward PCAP=130W
[PID] perf=20.258Hz  target=11.253Hz  err=-9.005Hz  corr=-200.39W  u_ff=127.8W  PCAP→78W  power=nanW
[PID] perf=18.107Hz  target=11.253Hz  err=-6.854Hz  corr=-167.11W  u_ff=127.8W  PCAP→78W  power=77.6W
[PID] perf=18.105Hz  target=11.253Hz  err=-6.851Hz  corr=-167.06W  u_ff=127.8W  PCAP→78W  power=79.0W
[PID] perf=18.137Hz  target=11.253Hz  err=-6.884Hz  corr=-167.65W  u_ff=127.8W  PCAP→78W  power=77.2W
[PID] perf=18.121Hz  target=11.253Hz  err=-6.867Hz  corr=-167.35W  u_ff=127.8W  PCAP→78W  power=77.6W
[PID] perf=18.115Hz  target=11.253Hz  err=-6.862Hz  corr=-167.25W  u_ff=127.8W  PCAP→78W  power=77.7W
[PID] perf=24.094Hz  target=11.253Hz  err=-12.841Hz  corr=-278.13W  u_ff=127.8W  PCAP→78W  power=76.9W
[PID] perf=27.634Hz  target=11.253Hz  err=-16.381Hz  corr=-343.78W  u_ff=127.8W  PCAP→78W  power=77.8W
[PID] perf=27.995Hz  target=11.253Hz  err=-16.742Hz  corr=-350.47W  u_ff=127.8W  PCAP→78W  power=76.9W
[PID] perf=28.020Hz  target=11.253Hz  err=-16.766Hz  corr=-350.93W  u_ff=127.8W  PCAP→78W  power=77.6W
[PID] perf=28.009Hz  target=11.253Hz  err=-16.756Hz  corr=-350.73W  u_ff=127.8W  PCAP→78W  power=76.5W
[PID] perf=28.046Hz  target=11.253Hz  err=-16.792Hz  corr=-351.41W  u_ff=127.8W  PCAP→78W  power=78.6W
[PID] perf=28.077Hz  target=11.253Hz  err=-16.824Hz  corr=-351.99W  u_ff=127.8W  PCAP→78W  power=78.8W
[PID] perf=28.039Hz  target=11.253Hz  err=-16.786Hz  corr=-351.29W  u_ff=127.8W  PCAP→78W  power=77.5W
[PID] perf=28.009Hz  target=11.253Hz  err=-16.756Hz  corr=-350.73W  u_ff=127.8W  PCAP→78W  power=76.5W
[PID] perf=28.030Hz  target=11.253Hz  err=-16.777Hz  corr=-351.12W  u_ff=127.8W  PCAP→78W  power=77.6W
[PID] perf=28.042Hz  target=11.253Hz  err=-16.788Hz  corr=-351.33W  u_ff=127.8W  PCAP→78W  power=78.6W
[PID] perf=28.032Hz  target=11.253Hz  err=-16.778Hz  corr=-351.15W  u_ff=127.8W  PCAP→78W  power=77.9W
[PID] perf=28.009Hz  target=11.253Hz  err=-16.756Hz  corr=-350.73W  u_ff=127.8W  PCAP→78W  power=78.4W
[PID] perf=27.991Hz  target=11.253Hz  err=-16.737Hz  corr=-350.39W  u_ff=127.8W  PCAP→78W  power=77.1W
[PID] perf=28.036Hz  target=11.253Hz  err=-16.783Hz  corr=-351.23W  u_ff=127.8W  PCAP→78W  power=77.6W
[PID] perf=27.991Hz  target=11.253Hz  err=-16.738Hz  corr=-350.40W  u_ff=127.8W  PCAP→78W  power=78.9W
[PID] perf=27.993Hz  target=11.253Hz  err=-16.740Hz  corr=-350.43W  u_ff=127.8W  PCAP→78W  power=79.4W
[PID] perf=28.012Hz  target=11.253Hz  err=-16.758Hz  corr=-350.78W  u_ff=127.8W  PCAP→78W  power=77.4W
[PID] perf=27.420Hz  target=11.253Hz  err=-16.167Hz  corr=-339.81W  u_ff=127.8W  PCAP→78W  power=77.3W
[PID] perf=27.439Hz  target=11.253Hz  err=-16.186Hz  corr=-340.15W  u_ff=127.8W  PCAP→78W  power=78.4W
[PID] perf=27.477Hz  target=11.253Hz  err=-16.223Hz  corr=-340.86W  u_ff=127.8W  PCAP→78W  power=79.0W
[PID] perf=27.531Hz  target=11.253Hz  err=-16.278Hz  corr=-341.86W  u_ff=127.8W  PCAP→78W  power=78.0W
[PID] perf=27.486Hz  target=11.253Hz  err=-16.232Hz  corr=-341.03W  u_ff=127.8W  PCAP→78W  power=78.6W
[PID] perf=27.505Hz  target=11.253Hz  err=-16.251Hz  corr=-341.37W  u_ff=127.8W  PCAP→78W  power=78.9W
[PID] perf=27.501Hz  target=11.253Hz  err=-16.248Hz  corr=-341.32W  u_ff=127.8W  PCAP→78W  power=77.4W
[PID] perf=27.518Hz  target=11.253Hz  err=-16.265Hz  corr=-341.62W  u_ff=127.8W  PCAP→78W  power=77.3W
[PID] perf=27.531Hz  target=11.253Hz  err=-16.278Hz  corr=-341.87W  u_ff=127.8W  PCAP→78W  power=76.5W
[PID] perf=27.492Hz  target=11.253Hz  err=-16.239Hz  corr=-341.14W  u_ff=127.8W  PCAP→78W  power=78.5W
[PID] perf=27.484Hz  target=11.253Hz  err=-16.231Hz  corr=-340.99W  u_ff=127.8W  PCAP→78W  power=77.1W
[PID] perf=27.480Hz  target=11.253Hz  err=-16.227Hz  corr=-340.92W  u_ff=127.8W  PCAP→78W  power=77.9W
[PID] perf=27.517Hz  target=11.253Hz  err=-16.264Hz  corr=-341.61W  u_ff=127.8W  PCAP→78W  power=76.9W
[PID] perf=27.509Hz  target=11.253Hz  err=-16.256Hz  corr=-341.47W  u_ff=127.8W  PCAP→78W  power=78.5W
[PID] perf=27.565Hz  target=11.253Hz  err=-16.312Hz  corr=-342.50W  u_ff=127.8W  PCAP→78W  power=77.7W
[PID] perf=27.513Hz  target=11.253Hz  err=-16.260Hz  corr=-341.54W  u_ff=127.8W  PCAP→78W  power=77.2W
[PID] perf=27.527Hz  target=11.253Hz  err=-16.274Hz  corr=-341.80W  u_ff=127.8W  PCAP→78W  power=78.1W
[PID] perf=27.494Hz  target=11.253Hz  err=-16.241Hz  corr=-341.18W  u_ff=127.8W  PCAP→78W  power=78.8W
[PID] perf=27.496Hz  target=11.253Hz  err=-16.242Hz  corr=-341.21W  u_ff=127.8W  PCAP→78W  power=79.5W
[PID] perf=27.500Hz  target=11.253Hz  err=-16.247Hz  corr=-341.29W  u_ff=127.8W  PCAP→78W  power=78.7W
[PID] perf=27.506Hz  target=11.253Hz  err=-16.252Hz  corr=-341.39W  u_ff=127.8W  PCAP→78W  power=78.9W
[PID] perf=27.476Hz  target=11.253Hz  err=-16.223Hz  corr=-340.84W  u_ff=127.8W  PCAP→78W  power=78.5W
[PID] perf=27.521Hz  target=11.253Hz  err=-16.268Hz  corr=-341.68W  u_ff=127.8W  PCAP→78W  power=77.5W
[PID] perf=27.495Hz  target=11.253Hz  err=-16.242Hz  corr=-341.21W  u_ff=127.8W  PCAP→78W  power=77.7W
[PID] perf=27.505Hz  target=11.253Hz  err=-16.251Hz  corr=-341.38W  u_ff=127.8W  PCAP→78W  power=76.9W
[PID] perf=27.485Hz  target=11.253Hz  err=-16.232Hz  corr=-341.02W  u_ff=127.8W  PCAP→78W  power=78.9W
[PID] perf=27.493Hz  target=11.253Hz  err=-16.240Hz  corr=-341.16W  u_ff=127.8W  PCAP→78W  power=77.5W
[PID] perf=27.495Hz  target=11.253Hz  err=-16.241Hz  corr=-341.19W  u_ff=127.8W  PCAP→78W  power=76.7W
[PID] perf=27.487Hz  target=11.253Hz  err=-16.233Hz  corr=-341.04W  u_ff=127.8W  PCAP→78W  power=77.0W
[PID] perf=27.443Hz  target=11.253Hz  err=-16.190Hz  corr=-340.24W  u_ff=127.8W  PCAP→78W  power=78.9W
[PID] perf=27.384Hz  target=11.253Hz  err=-16.131Hz  corr=-339.14W  u_ff=127.8W  PCAP→78W  power=76.8W
[PID] perf=27.361Hz  target=11.253Hz  err=-16.108Hz  corr=-338.71W  u_ff=127.8W  PCAP→78W  power=78.4W
[PID] perf=27.401Hz  target=11.253Hz  err=-16.148Hz  corr=-339.45W  u_ff=127.8W  PCAP→78W  power=79.0W
[PID] perf=27.401Hz  target=11.253Hz  err=-16.148Hz  corr=-339.46W  u_ff=127.8W  PCAP→78W  power=79.2W
[PID] perf=27.396Hz  target=11.253Hz  err=-16.143Hz  corr=-339.37W  u_ff=127.8W  PCAP→78W  power=76.1W
[PID] perf=27.427Hz  target=11.253Hz  err=-16.174Hz  corr=-339.95W  u_ff=127.8W  PCAP→78W  power=77.2W
[PID] perf=27.424Hz  target=11.253Hz  err=-16.171Hz  corr=-339.89W  u_ff=127.8W  PCAP→78W  power=77.1W
[PID] perf=27.393Hz  target=11.253Hz  err=-16.139Hz  corr=-339.30W  u_ff=127.8W  PCAP→78W  power=77.4W
[PID] perf=27.349Hz  target=11.253Hz  err=-16.096Hz  corr=-338.49W  u_ff=127.8W  PCAP→78W  power=78.5W
[PID] perf=27.367Hz  target=11.253Hz  err=-16.114Hz  corr=-338.83W  u_ff=127.8W  PCAP→78W  power=78.9W
[PID] perf=27.408Hz  target=11.253Hz  err=-16.155Hz  corr=-339.59W  u_ff=127.8W  PCAP→78W  power=77.4W
[PID] perf=27.372Hz  target=11.253Hz  err=-16.118Hz  corr=-338.91W  u_ff=127.8W  PCAP→78W  power=77.7W
[PID] perf=27.369Hz  target=11.253Hz  err=-16.116Hz  corr=-338.86W  u_ff=127.8W  PCAP→78W  power=76.3W
[PID] perf=27.447Hz  target=11.253Hz  err=-16.193Hz  corr=-340.30W  u_ff=127.8W  PCAP→78W  power=77.8W
[PID] perf=27.413Hz  target=11.253Hz  err=-16.159Hz  corr=-339.67W  u_ff=127.8W  PCAP→78W  power=76.5W
[PID] perf=27.400Hz  target=11.253Hz  err=-16.147Hz  corr=-339.44W  u_ff=127.8W  PCAP→78W  power=76.2W
[PID] perf=27.425Hz  target=11.253Hz  err=-16.172Hz  corr=-339.91W  u_ff=127.8W  PCAP→78W  power=77.2W
[PID] perf=27.411Hz  target=11.253Hz  err=-16.157Hz  corr=-339.63W  u_ff=127.8W  PCAP→78W  power=79.1W
[PID] perf=27.411Hz  target=11.253Hz  err=-16.158Hz  corr=-339.64W  u_ff=127.8W  PCAP→78W  power=78.4W
[PID] perf=27.420Hz  target=11.253Hz  err=-16.167Hz  corr=-339.81W  u_ff=127.8W  PCAP→78W  power=77.9W
[PID] perf=27.435Hz  target=11.253Hz  err=-16.182Hz  corr=-340.09W  u_ff=127.8W  PCAP→78W  power=78.3W
[PID] perf=27.318Hz  target=11.253Hz  err=-16.065Hz  corr=-337.92W  u_ff=127.8W  PCAP→78W  power=80.1W
[PID] perf=27.329Hz  target=11.253Hz  err=-16.076Hz  corr=-338.13W  u_ff=127.8W  PCAP→78W  power=78.8W
[PID] perf=27.384Hz  target=11.253Hz  err=-16.130Hz  corr=-339.13W  u_ff=127.8W  PCAP→78W  power=79.0W
[PID] perf=27.341Hz  target=11.253Hz  err=-16.087Hz  corr=-338.34W  u_ff=127.8W  PCAP→78W  power=79.2W
[PID] perf=27.359Hz  target=11.253Hz  err=-16.105Hz  corr=-338.67W  u_ff=127.8W  PCAP→78W  power=79.1W
[PID] perf=27.311Hz  target=11.253Hz  err=-16.058Hz  corr=-337.78W  u_ff=127.8W  PCAP→78W  power=77.4W
[PID] perf=27.332Hz  target=11.253Hz  err=-16.078Hz  corr=-338.17W  u_ff=127.8W  PCAP→78W  power=77.3W
[PID] perf=27.248Hz  target=11.253Hz  err=-15.995Hz  corr=-336.62W  u_ff=127.8W  PCAP→78W  power=76.3W
[PID] perf=27.290Hz  target=11.253Hz  err=-16.037Hz  corr=-337.39W  u_ff=127.8W  PCAP→78W  power=77.1W
[PID] perf=27.347Hz  target=11.253Hz  err=-16.094Hz  corr=-338.45W  u_ff=127.8W  PCAP→78W  power=77.7W
[PID] perf=27.342Hz  target=11.253Hz  err=-16.089Hz  corr=-338.37W  u_ff=127.8W  PCAP→78W  power=77.5W
[PID] perf=27.329Hz  target=11.253Hz  err=-16.076Hz  corr=-338.12W  u_ff=127.8W  PCAP→78W  power=78.8W
[PID] perf=27.400Hz  target=11.253Hz  err=-16.147Hz  corr=-339.44W  u_ff=127.8W  PCAP→78W  power=78.6W
[PID] perf=27.378Hz  target=11.253Hz  err=-16.125Hz  corr=-339.03W  u_ff=127.8W  PCAP→78W  power=77.2W
[PID] perf=27.349Hz  target=11.253Hz  err=-16.096Hz  corr=-338.49W  u_ff=127.8W  PCAP→78W  power=77.2W
[PID] perf=27.372Hz  target=11.253Hz  err=-16.119Hz  corr=-338.91W  u_ff=127.8W  PCAP→78W  power=77.6W
[PID] perf=27.368Hz  target=11.253Hz  err=-16.114Hz  corr=-338.83W  u_ff=127.8W  PCAP→78W  power=77.5W
[PID] perf=27.372Hz  target=11.253Hz  err=-16.118Hz  corr=-338.91W  u_ff=127.8W  PCAP→78W  power=78.8W
[PID] perf=27.371Hz  target=11.253Hz  err=-16.118Hz  corr=-338.90W  u_ff=127.8W  PCAP→78W  power=77.7W
[PID] perf=27.357Hz  target=11.253Hz  err=-16.103Hz  corr=-338.63W  u_ff=127.8W  PCAP→78W  power=78.0W
[PID] perf=27.359Hz  target=11.253Hz  err=-16.106Hz  corr=-338.67W  u_ff=127.8W  PCAP→78W  power=76.9W
[PID] perf=27.379Hz  target=11.253Hz  err=-16.126Hz  corr=-339.05W  u_ff=127.8W  PCAP→78W  power=76.4W
[PID] perf=27.372Hz  target=11.253Hz  err=-16.119Hz  corr=-338.91W  u_ff=127.8W  PCAP→78W  power=78.0W
[PID] perf=27.341Hz  target=11.253Hz  err=-16.088Hz  corr=-338.34W  u_ff=127.8W  PCAP→78W  power=79.3W
[PID] perf=27.345Hz  target=11.253Hz  err=-16.091Hz  corr=-338.41W  u_ff=127.8W  PCAP→78W  power=77.3W
[PID] perf=27.348Hz  target=11.253Hz  err=-16.095Hz  corr=-338.47W  u_ff=127.8W  PCAP→78W  power=77.2W
[PID] perf=27.322Hz  target=11.253Hz  err=-16.068Hz  corr=-337.98W  u_ff=127.8W  PCAP→78W  power=77.8W
[PID] perf=27.166Hz  target=11.253Hz  err=-15.913Hz  corr=-335.10W  u_ff=127.8W  PCAP→78W  power=78.9W
[PID] perf=27.178Hz  target=11.253Hz  err=-15.925Hz  corr=-335.31W  u_ff=127.8W  PCAP→78W  power=78.7W
[PID] perf=27.247Hz  target=11.253Hz  err=-15.993Hz  corr=-336.59W  u_ff=127.8W  PCAP→78W  power=78.5W
[PID] perf=27.225Hz  target=11.253Hz  err=-15.972Hz  corr=-336.19W  u_ff=127.8W  PCAP→78W  power=76.4W
[PID] perf=27.227Hz  target=11.253Hz  err=-15.973Hz  corr=-336.22W  u_ff=127.8W  PCAP→78W  power=77.5W
[PID] perf=27.161Hz  target=11.253Hz  err=-15.908Hz  corr=-335.00W  u_ff=127.8W  PCAP→78W  power=77.4W
[PID] perf=27.179Hz  target=11.253Hz  err=-15.926Hz  corr=-335.34W  u_ff=127.8W  PCAP→78W  power=77.7W
[PID] perf=27.158Hz  target=11.253Hz  err=-15.905Hz  corr=-334.95W  u_ff=127.8W  PCAP→78W  power=77.0W
[PID] perf=27.179Hz  target=11.253Hz  err=-15.925Hz  corr=-335.33W  u_ff=127.8W  PCAP→78W  power=79.0W
[PID] perf=27.192Hz  target=11.253Hz  err=-15.939Hz  corr=-335.58W  u_ff=127.8W  PCAP→78W  power=79.3W
[PID] perf=27.166Hz  target=11.253Hz  err=-15.913Hz  corr=-335.10W  u_ff=127.8W  PCAP→78W  power=76.8W
[PID] perf=27.195Hz  target=11.253Hz  err=-15.942Hz  corr=-335.63W  u_ff=127.8W  PCAP→78W  power=78.9W
[PID] perf=27.211Hz  target=11.253Hz  err=-15.957Hz  corr=-335.92W  u_ff=127.8W  PCAP→78W  power=76.8W
[PID] perf=27.155Hz  target=11.253Hz  err=-15.902Hz  corr=-334.90W  u_ff=127.8W  PCAP→78W  power=78.3W
[PID] perf=27.164Hz  target=11.253Hz  err=-15.910Hz  corr=-335.05W  u_ff=127.8W  PCAP→78W  power=77.4W
[PID] perf=27.174Hz  target=11.253Hz  err=-15.920Hz  corr=-335.24W  u_ff=127.8W  PCAP→78W  power=78.4W
[PID] perf=27.187Hz  target=11.253Hz  err=-15.933Hz  corr=-335.48W  u_ff=127.8W  PCAP→78W  power=78.8W
[PID] perf=27.145Hz  target=11.253Hz  err=-15.892Hz  corr=-334.71W  u_ff=127.8W  PCAP→78W  power=77.1W
[PID] perf=27.172Hz  target=11.253Hz  err=-15.918Hz  corr=-335.20W  u_ff=127.8W  PCAP→78W  power=76.9W
[PID] perf=27.172Hz  target=11.253Hz  err=-15.918Hz  corr=-335.20W  u_ff=127.8W  PCAP→78W  power=76.6W
[PID] perf=27.182Hz  target=11.253Hz  err=-15.929Hz  corr=-335.39W  u_ff=127.8W  PCAP→78W  power=79.0W
[PID] perf=27.176Hz  target=11.253Hz  err=-15.923Hz  corr=-335.29W  u_ff=127.8W  PCAP→78W  power=78.5W
[PID] perf=27.154Hz  target=11.253Hz  err=-15.901Hz  corr=-334.88W  u_ff=127.8W  PCAP→78W  power=78.4W
[PID] perf=27.172Hz  target=11.253Hz  err=-15.918Hz  corr=-335.20W  u_ff=127.8W  PCAP→78W  power=77.3W
[PID] perf=27.148Hz  target=11.253Hz  err=-15.895Hz  corr=-334.76W  u_ff=127.8W  PCAP→78W  power=78.3W
[PID] perf=27.163Hz  target=11.253Hz  err=-15.909Hz  corr=-335.03W  u_ff=127.8W  PCAP→78W  power=77.1W
[PID] perf=27.169Hz  target=11.253Hz  err=-15.916Hz  corr=-335.16W  u_ff=127.8W  PCAP→78W  power=76.3W
[PID] perf=27.148Hz  target=11.253Hz  err=-15.895Hz  corr=-334.77W  u_ff=127.8W  PCAP→78W  power=79.4W
[PID] perf=27.057Hz  target=11.253Hz  err=-15.804Hz  corr=-333.08W  u_ff=127.8W  PCAP→78W  power=78.8W
[PID] perf=27.056Hz  target=11.253Hz  err=-15.803Hz  corr=-333.06W  u_ff=127.8W  PCAP→78W  power=78.6W
[PID] perf=27.091Hz  target=11.253Hz  err=-15.838Hz  corr=-333.70W  u_ff=127.8W  PCAP→78W  power=78.2W
[PID] perf=27.060Hz  target=11.253Hz  err=-15.807Hz  corr=-333.13W  u_ff=127.8W  PCAP→78W  power=78.0W
[PID] perf=27.013Hz  target=11.253Hz  err=-15.760Hz  corr=-332.26W  u_ff=127.8W  PCAP→78W  power=77.3W
[PID] perf=27.049Hz  target=11.253Hz  err=-15.796Hz  corr=-332.92W  u_ff=127.8W  PCAP→78W  power=77.3W
[PID] perf=27.069Hz  target=11.253Hz  err=-15.816Hz  corr=-333.30W  u_ff=127.8W  PCAP→78W  power=76.6W
[PID] perf=27.026Hz  target=11.253Hz  err=-15.773Hz  corr=-332.51W  u_ff=127.8W  PCAP→78W  power=78.0W
[PID] perf=27.031Hz  target=11.253Hz  err=-15.778Hz  corr=-332.60W  u_ff=127.8W  PCAP→78W  power=79.4W
[PID] perf=27.022Hz  target=11.253Hz  err=-15.768Hz  corr=-332.42W  u_ff=127.8W  PCAP→78W  power=79.3W
[PID] perf=27.053Hz  target=11.253Hz  err=-15.800Hz  corr=-333.00W  u_ff=127.8W  PCAP→78W  power=79.1W
[PID] perf=27.055Hz  target=11.253Hz  err=-15.802Hz  corr=-333.04W  u_ff=127.8W  PCAP→78W  power=79.1W
[PID] perf=27.096Hz  target=11.253Hz  err=-15.843Hz  corr=-333.80W  u_ff=127.8W  PCAP→78W  power=78.5W
[PID] perf=27.054Hz  target=11.253Hz  err=-15.800Hz  corr=-333.01W  u_ff=127.8W  PCAP→78W  power=76.4W
[PID] perf=27.048Hz  target=11.253Hz  err=-15.795Hz  corr=-332.91W  u_ff=127.8W  PCAP→78W  power=76.8W
[PID] perf=27.021Hz  target=11.253Hz  err=-15.767Hz  corr=-332.40W  u_ff=127.8W  PCAP→78W  power=77.4W
[PID] perf=26.763Hz  target=11.253Hz  err=-15.510Hz  corr=-327.62W  u_ff=127.8W  PCAP→78W  power=78.7W
[PID] perf=26.884Hz  target=11.253Hz  err=-15.630Hz  corr=-329.86W  u_ff=127.8W  PCAP→78W  power=78.0W
[PID] perf=26.861Hz  target=11.253Hz  err=-15.608Hz  corr=-329.45W  u_ff=127.8W  PCAP→78W  power=77.3W
[PID] perf=26.890Hz  target=11.253Hz  err=-15.637Hz  corr=-329.98W  u_ff=127.8W  PCAP→78W  power=77.4W
[PID] perf=26.847Hz  target=11.253Hz  err=-15.594Hz  corr=-329.18W  u_ff=127.8W  PCAP→78W  power=77.6W
[PID] perf=26.792Hz  target=11.253Hz  err=-15.538Hz  corr=-328.15W  u_ff=127.8W  PCAP→78W  power=77.4W
[PID] perf=26.768Hz  target=11.253Hz  err=-15.515Hz  corr=-327.71W  u_ff=127.8W  PCAP→78W  power=77.4W
[PID] perf=26.782Hz  target=11.253Hz  err=-15.529Hz  corr=-327.98W  u_ff=127.8W  PCAP→78W  power=76.2W
[PID] perf=26.772Hz  target=11.253Hz  err=-15.519Hz  corr=-327.80W  u_ff=127.8W  PCAP→78W  power=77.3W
[PID] perf=26.770Hz  target=11.253Hz  err=-15.516Hz  corr=-327.75W  u_ff=127.8W  PCAP→78W  power=78.1W
[PID] perf=26.792Hz  target=11.253Hz  err=-15.539Hz  corr=-328.17W  u_ff=127.8W  PCAP→78W  power=76.7W
[PID] perf=26.786Hz  target=11.253Hz  err=-15.533Hz  corr=-328.05W  u_ff=127.8W  PCAP→78W  power=77.6W
[PID] perf=26.791Hz  target=11.253Hz  err=-15.538Hz  corr=-328.14W  u_ff=127.8W  PCAP→78W  power=78.7W
[PID] perf=26.796Hz  target=11.253Hz  err=-15.542Hz  corr=-328.23W  u_ff=127.8W  PCAP→78W  power=77.3W
[PID] perf=26.816Hz  target=11.253Hz  err=-15.563Hz  corr=-328.61W  u_ff=127.8W  PCAP→78W  power=78.1W
[PID] perf=26.764Hz  target=11.253Hz  err=-15.511Hz  corr=-327.64W  u_ff=127.8W  PCAP→78W  power=77.2W
[PID] perf=26.807Hz  target=11.253Hz  err=-15.554Hz  corr=-328.44W  u_ff=127.8W  PCAP→78W  power=76.6W
[PID] perf=26.797Hz  target=11.253Hz  err=-15.544Hz  corr=-328.25W  u_ff=127.8W  PCAP→78W  power=77.7W
[PID] perf=26.811Hz  target=11.253Hz  err=-15.558Hz  corr=-328.51W  u_ff=127.8W  PCAP→78W  power=77.4W
[PID] perf=26.796Hz  target=11.253Hz  err=-15.542Hz  corr=-328.23W  u_ff=127.8W  PCAP→78W  power=78.6W
[PID] perf=26.818Hz  target=11.253Hz  err=-15.565Hz  corr=-328.64W  u_ff=127.8W  PCAP→78W  power=77.2W
[PID] perf=26.785Hz  target=11.253Hz  err=-15.532Hz  corr=-328.04W  u_ff=127.8W  PCAP→78W  power=79.0W
[PID] perf=26.790Hz  target=11.253Hz  err=-15.537Hz  corr=-328.13W  u_ff=127.8W  PCAP→78W  power=78.6W
[PID] perf=26.738Hz  target=11.253Hz  err=-15.484Hz  corr=-327.15W  u_ff=127.8W  PCAP→78W  power=79.1W
[PID] perf=26.780Hz  target=11.253Hz  err=-15.527Hz  corr=-327.94W  u_ff=127.8W  PCAP→78W  power=79.1W
[PID] perf=26.761Hz  target=11.253Hz  err=-15.508Hz  corr=-327.59W  u_ff=127.8W  PCAP→78W  power=78.4W
[PID] perf=26.741Hz  target=11.253Hz  err=-15.488Hz  corr=-327.22W  u_ff=127.8W  PCAP→78W  power=77.2W
[PID] perf=26.745Hz  target=11.253Hz  err=-15.492Hz  corr=-327.29W  u_ff=127.8W  PCAP→78W  power=77.7W
[PID] perf=26.768Hz  target=11.253Hz  err=-15.515Hz  corr=-327.71W  u_ff=127.8W  PCAP→78W  power=77.1W
[PID] perf=26.724Hz  target=11.253Hz  err=-15.471Hz  corr=-326.90W  u_ff=127.8W  PCAP→78W  power=76.2W
[PID] perf=26.772Hz  target=11.253Hz  err=-15.519Hz  corr=-327.79W  u_ff=127.8W  PCAP→78W  power=78.0W
[PID] perf=26.731Hz  target=11.253Hz  err=-15.478Hz  corr=-327.03W  u_ff=127.8W  PCAP→78W  power=77.5W
[PID] perf=26.773Hz  target=11.253Hz  err=-15.520Hz  corr=-327.81W  u_ff=127.8W  PCAP→78W  power=78.6W
[PID] perf=26.627Hz  target=11.253Hz  err=-15.374Hz  corr=-325.11W  u_ff=127.8W  PCAP→78W  power=77.3W
[PID] perf=26.684Hz  target=11.253Hz  err=-15.431Hz  corr=-326.16W  u_ff=127.8W  PCAP→78W  power=77.3W
[PID] perf=26.684Hz  target=11.253Hz  err=-15.431Hz  corr=-326.16W  u_ff=127.8W  PCAP→78W  power=77.0W
[PID] perf=26.680Hz  target=11.253Hz  err=-15.426Hz  corr=-326.08W  u_ff=127.8W  PCAP→78W  power=76.2W
[PID] perf=26.656Hz  target=11.253Hz  err=-15.403Hz  corr=-325.65W  u_ff=127.8W  PCAP→78W  power=78.4W
[PID] perf=26.678Hz  target=11.253Hz  err=-15.425Hz  corr=-326.04W  u_ff=127.8W  PCAP→78W  power=79.2W
[PID] perf=26.682Hz  target=11.253Hz  err=-15.429Hz  corr=-326.12W  u_ff=127.8W  PCAP→78W  power=77.2W
[PID] perf=26.732Hz  target=11.253Hz  err=-15.478Hz  corr=-327.04W  u_ff=127.8W  PCAP→78W  power=76.5W
[PID] perf=26.676Hz  target=11.253Hz  err=-15.423Hz  corr=-326.01W  u_ff=127.8W  PCAP→78W  power=78.0W
[PID] perf=26.693Hz  target=11.253Hz  err=-15.439Hz  corr=-326.32W  u_ff=127.8W  PCAP→78W  power=77.3W
[PID] perf=26.716Hz  target=11.253Hz  err=-15.462Hz  corr=-326.75W  u_ff=127.8W  PCAP→78W  power=77.9W
[PID] perf=26.702Hz  target=11.253Hz  err=-15.448Hz  corr=-326.49W  u_ff=127.8W  PCAP→78W  power=79.2W
[PID] perf=26.691Hz  target=11.253Hz  err=-15.438Hz  corr=-326.29W  u_ff=127.8W  PCAP→78W  power=78.6W
[PID] perf=26.685Hz  target=11.253Hz  err=-15.432Hz  corr=-326.18W  u_ff=127.8W  PCAP→78W  power=79.5W
[PID] perf=26.680Hz  target=11.253Hz  err=-15.426Hz  corr=-326.08W  u_ff=127.8W  PCAP→78W  power=78.9W
[PID] perf=26.676Hz  target=11.253Hz  err=-15.422Hz  corr=-326.00W  u_ff=127.8W  PCAP→78W  power=76.9W
[PID] perf=26.655Hz  target=11.253Hz  err=-15.402Hz  corr=-325.62W  u_ff=127.8W  PCAP→78W  power=77.9W
[PID] perf=26.678Hz  target=11.253Hz  err=-15.425Hz  corr=-326.05W  u_ff=127.8W  PCAP→78W  power=77.4W
[PID] perf=26.711Hz  target=11.253Hz  err=-15.457Hz  corr=-326.65W  u_ff=127.8W  PCAP→78W  power=77.3W
[PID] perf=26.713Hz  target=11.253Hz  err=-15.460Hz  corr=-326.70W  u_ff=127.8W  PCAP→78W  power=76.3W
[PID] perf=26.688Hz  target=11.253Hz  err=-15.434Hz  corr=-326.23W  u_ff=127.8W  PCAP→78W  power=77.4W
[PID] perf=26.682Hz  target=11.253Hz  err=-15.429Hz  corr=-326.13W  u_ff=127.8W  PCAP→78W  power=76.7W
[PID] perf=26.702Hz  target=11.253Hz  err=-15.449Hz  corr=-326.49W  u_ff=127.8W  PCAP→78W  power=77.0W
[PID] perf=26.647Hz  target=11.253Hz  err=-15.394Hz  corr=-325.48W  u_ff=127.8W  PCAP→78W  power=77.1W
[PID] perf=26.687Hz  target=11.253Hz  err=-15.434Hz  corr=-326.21W  u_ff=127.8W  PCAP→78W  power=76.7W
[PID] perf=26.668Hz  target=11.253Hz  err=-15.415Hz  corr=-325.86W  u_ff=127.8W  PCAP→78W  power=78.8W
[PID] perf=26.667Hz  target=11.253Hz  err=-15.414Hz  corr=-325.85W  u_ff=127.8W  PCAP→78W  power=77.1W
[PID] perf=26.669Hz  target=11.253Hz  err=-15.416Hz  corr=-325.89W  u_ff=127.8W  PCAP→78W  power=76.3W
[PID] perf=26.696Hz  target=11.253Hz  err=-15.443Hz  corr=-326.38W  u_ff=127.8W  PCAP→78W  power=77.0W
[PID] perf=26.694Hz  target=11.253Hz  err=-15.441Hz  corr=-326.34W  u_ff=127.8W  PCAP→78W  power=77.4W
[PID] perf=26.696Hz  target=11.253Hz  err=-15.442Hz  corr=-326.37W  u_ff=127.8W  PCAP→78W  power=78.7W
[PID] perf=26.696Hz  target=11.253Hz  err=-15.443Hz  corr=-326.38W  u_ff=127.8W  PCAP→78W  power=78.1W
[PID] perf=26.648Hz  target=11.253Hz  err=-15.395Hz  corr=-325.50W  u_ff=127.8W  PCAP→78W  power=79.3W
[PID] perf=26.654Hz  target=11.253Hz  err=-15.401Hz  corr=-325.60W  u_ff=127.8W  PCAP→78W  power=78.3W
[PID] perf=26.709Hz  target=11.253Hz  err=-15.455Hz  corr=-326.61W  u_ff=127.8W  PCAP→78W  power=78.7W
[PID] perf=26.787Hz  target=11.253Hz  err=-15.534Hz  corr=-328.06W  u_ff=127.8W  PCAP→78W  power=77.7W
[PID] perf=26.738Hz  target=11.253Hz  err=-15.484Hz  corr=-327.15W  u_ff=127.8W  PCAP→78W  power=77.9W
[PID] perf=26.771Hz  target=11.253Hz  err=-15.518Hz  corr=-327.78W  u_ff=127.8W  PCAP→78W  power=77.7W
[PID] perf=26.752Hz  target=11.253Hz  err=-15.499Hz  corr=-327.42W  u_ff=127.8W  PCAP→78W  power=77.3W
[PID] perf=26.799Hz  target=11.253Hz  err=-15.546Hz  corr=-328.29W  u_ff=127.8W  PCAP→78W  power=78.6W
[PID] perf=26.763Hz  target=11.253Hz  err=-15.509Hz  corr=-327.62W  u_ff=127.8W  PCAP→78W  power=77.0W
[PID] perf=26.743Hz  target=11.253Hz  err=-15.489Hz  corr=-327.24W  u_ff=127.8W  PCAP→78W  power=78.7W
[PID] perf=26.764Hz  target=11.253Hz  err=-15.511Hz  corr=-327.64W  u_ff=127.8W  PCAP→78W  power=78.3W
[PID] perf=26.717Hz  target=11.253Hz  err=-15.464Hz  corr=-326.78W  u_ff=127.8W  PCAP→78W  power=79.1W
[PID] perf=26.754Hz  target=11.253Hz  err=-15.501Hz  corr=-327.46W  u_ff=127.8W  PCAP→78W  power=78.7W
[PID] perf=26.770Hz  target=11.253Hz  err=-15.516Hz  corr=-327.75W  u_ff=127.8W  PCAP→78W  power=79.1W
[PID] perf=26.769Hz  target=11.253Hz  err=-15.516Hz  corr=-327.74W  u_ff=127.8W  PCAP→78W  power=78.8W
[PID] perf=26.757Hz  target=11.253Hz  err=-15.504Hz  corr=-327.51W  u_ff=127.8W  PCAP→78W  power=77.8W
[PID] perf=26.705Hz  target=11.253Hz  err=-15.452Hz  corr=-326.56W  u_ff=127.8W  PCAP→78W  power=79.1W
[PID] perf=26.770Hz  target=11.253Hz  err=-15.516Hz  corr=-327.74W  u_ff=127.8W  PCAP→78W  power=77.8W
[PID] perf=26.776Hz  target=11.253Hz  err=-15.523Hz  corr=-327.87W  u_ff=127.8W  PCAP→78W  power=77.1W
[PID] perf=26.752Hz  target=11.253Hz  err=-15.499Hz  corr=-327.42W  u_ff=127.8W  PCAP→78W  power=77.3W
[PID] perf=26.745Hz  target=11.253Hz  err=-15.491Hz  corr=-327.28W  u_ff=127.8W  PCAP→78W  power=77.4W
[PID] perf=26.616Hz  target=11.253Hz  err=-15.363Hz  corr=-324.90W  u_ff=127.8W  PCAP→78W  power=76.6W
[PID] perf=26.672Hz  target=11.253Hz  err=-15.419Hz  corr=-325.94W  u_ff=127.8W  PCAP→78W  power=78.3W
[PID] perf=26.657Hz  target=11.253Hz  err=-15.403Hz  corr=-325.65W  u_ff=127.8W  PCAP→78W  power=79.1W
[PID] perf=26.641Hz  target=11.253Hz  err=-15.387Hz  corr=-325.35W  u_ff=127.8W  PCAP→78W  power=77.4W
[PID] perf=26.641Hz  target=11.253Hz  err=-15.388Hz  corr=-325.36W  u_ff=127.8W  PCAP→78W  power=76.1W
[PID] perf=26.654Hz  target=11.253Hz  err=-15.401Hz  corr=-325.61W  u_ff=127.8W  PCAP→78W  power=78.1W
[PID] perf=26.661Hz  target=11.253Hz  err=-15.408Hz  corr=-325.73W  u_ff=127.8W  PCAP→78W  power=79.2W
[PID] perf=26.659Hz  target=11.253Hz  err=-15.405Hz  corr=-325.69W  u_ff=127.8W  PCAP→78W  power=79.1W
[PID] perf=26.642Hz  target=11.253Hz  err=-15.389Hz  corr=-325.38W  u_ff=127.8W  PCAP→78W  power=77.7W
[PID] perf=26.638Hz  target=11.253Hz  err=-15.385Hz  corr=-325.31W  u_ff=127.8W  PCAP→78W  power=78.9W
[PID] perf=26.610Hz  target=11.253Hz  err=-15.357Hz  corr=-324.79W  u_ff=127.8W  PCAP→78W  power=78.5W
[PID] perf=26.655Hz  target=11.253Hz  err=-15.402Hz  corr=-325.63W  u_ff=127.8W  PCAP→78W  power=76.7W
[PID] perf=26.648Hz  target=11.253Hz  err=-15.395Hz  corr=-325.50W  u_ff=127.8W  PCAP→78W  power=76.3W
[PID] perf=26.651Hz  target=11.253Hz  err=-15.398Hz  corr=-325.55W  u_ff=127.8W  PCAP→78W  power=77.9W
[PID] perf=25.923Hz  target=11.253Hz  err=-14.669Hz  corr=-312.04W  u_ff=127.8W  PCAP→78W  power=78.6W
[PID] perf=25.958Hz  target=11.253Hz  err=-14.705Hz  corr=-312.70W  u_ff=127.8W  PCAP→78W  power=77.4W
[PID] perf=26.009Hz  target=11.253Hz  err=-14.756Hz  corr=-313.64W  u_ff=127.8W  PCAP→78W  power=76.3W
[PID] perf=25.967Hz  target=11.253Hz  err=-14.714Hz  corr=-312.86W  u_ff=127.8W  PCAP→78W  power=77.1W
[PID] perf=25.980Hz  target=11.253Hz  err=-14.727Hz  corr=-313.10W  u_ff=127.8W  PCAP→78W  power=78.0W
[PID] perf=26.017Hz  target=11.253Hz  err=-14.764Hz  corr=-313.78W  u_ff=127.8W  PCAP→78W  power=79.1W
[PID] perf=25.976Hz  target=11.253Hz  err=-14.723Hz  corr=-313.03W  u_ff=127.8W  PCAP→78W  power=78.4W
[PID] perf=25.985Hz  target=11.253Hz  err=-14.732Hz  corr=-313.20W  u_ff=127.8W  PCAP→78W  power=79.1W
[PID] perf=26.030Hz  target=11.253Hz  err=-14.777Hz  corr=-314.04W  u_ff=127.8W  PCAP→78W  power=77.7W
[PID] perf=26.019Hz  target=11.253Hz  err=-14.765Hz  corr=-313.82W  u_ff=127.8W  PCAP→78W  power=78.4W
[PID] perf=25.954Hz  target=11.253Hz  err=-14.701Hz  corr=-312.62W  u_ff=127.8W  PCAP→78W  power=77.7W
[PID] perf=25.993Hz  target=11.253Hz  err=-14.740Hz  corr=-313.35W  u_ff=127.8W  PCAP→78W  power=78.0W
[PID] perf=25.982Hz  target=11.253Hz  err=-14.729Hz  corr=-313.15W  u_ff=127.8W  PCAP→78W  power=77.4W
[PID] perf=25.973Hz  target=11.253Hz  err=-14.720Hz  corr=-312.98W  u_ff=127.8W  PCAP→78W  power=76.6W
[PID] perf=25.954Hz  target=11.253Hz  err=-14.701Hz  corr=-312.62W  u_ff=127.8W  PCAP→78W  power=76.1W
[PID] perf=25.952Hz  target=11.253Hz  err=-14.698Hz  corr=-312.57W  u_ff=127.8W  PCAP→78W  power=78.3W
[PID] perf=25.984Hz  target=11.253Hz  err=-14.730Hz  corr=-313.17W  u_ff=127.8W  PCAP→78W  power=78.0W
[PID] perf=26.015Hz  target=11.253Hz  err=-14.762Hz  corr=-313.75W  u_ff=127.8W  PCAP→78W  power=78.4W
[PID] perf=26.008Hz  target=11.253Hz  err=-14.755Hz  corr=-313.62W  u_ff=127.8W  PCAP→78W  power=77.5W
[PID] perf=25.989Hz  target=11.253Hz  err=-14.736Hz  corr=-313.27W  u_ff=127.8W  PCAP→78W  power=79.2W
[PID] perf=25.975Hz  target=11.253Hz  err=-14.722Hz  corr=-313.01W  u_ff=127.8W  PCAP→78W  power=78.2W
[PID] perf=25.981Hz  target=11.253Hz  err=-14.728Hz  corr=-313.12W  u_ff=127.8W  PCAP→78W  power=79.5W
[PID] perf=25.982Hz  target=11.253Hz  err=-14.729Hz  corr=-313.14W  u_ff=127.8W  PCAP→78W  power=78.3W
[PID] perf=25.998Hz  target=11.253Hz  err=-14.744Hz  corr=-313.43W  u_ff=127.8W  PCAP→78W  power=77.8W
[PID] perf=25.994Hz  target=11.253Hz  err=-14.741Hz  corr=-313.37W  u_ff=127.8W  PCAP→78W  power=79.1W
[PID] perf=26.010Hz  target=11.253Hz  err=-14.756Hz  corr=-313.65W  u_ff=127.8W  PCAP→78W  power=79.2W
[PID] perf=26.002Hz  target=11.253Hz  err=-14.748Hz  corr=-313.50W  u_ff=127.8W  PCAP→78W  power=78.5W
[PID] perf=25.977Hz  target=11.253Hz  err=-14.724Hz  corr=-313.05W  u_ff=127.8W  PCAP→78W  power=79.4W
[PID] perf=26.001Hz  target=11.253Hz  err=-14.748Hz  corr=-313.49W  u_ff=127.8W  PCAP→78W  power=77.8W
[PID] perf=26.001Hz  target=11.253Hz  err=-14.747Hz  corr=-313.49W  u_ff=127.8W  PCAP→78W  power=77.8W
[PID] perf=26.017Hz  target=11.253Hz  err=-14.764Hz  corr=-313.79W  u_ff=127.8W  PCAP→78W  power=77.4W
[PID] perf=26.024Hz  target=11.253Hz  err=-14.771Hz  corr=-313.92W  u_ff=127.8W  PCAP→78W  power=78.6W
[PID] perf=25.976Hz  target=11.253Hz  err=-14.723Hz  corr=-313.04W  u_ff=127.8W  PCAP→78W  power=77.2W
[PID] perf=25.978Hz  target=11.253Hz  err=-14.724Hz  corr=-313.06W  u_ff=127.8W  PCAP→78W  power=79.1W
[PID] perf=25.984Hz  target=11.253Hz  err=-14.730Hz  corr=-313.17W  u_ff=127.8W  PCAP→78W  power=79.1W
[PID] perf=25.975Hz  target=11.253Hz  err=-14.722Hz  corr=-313.02W  u_ff=127.8W  PCAP→78W  power=79.0W
[PID] perf=25.981Hz  target=11.253Hz  err=-14.728Hz  corr=-313.12W  u_ff=127.8W  PCAP→78W  power=77.8W
[PID] perf=25.985Hz  target=11.253Hz  err=-14.732Hz  corr=-313.19W  u_ff=127.8W  PCAP→78W  power=78.6W
[PID] perf=26.009Hz  target=11.253Hz  err=-14.756Hz  corr=-313.64W  u_ff=127.8W  PCAP→78W  power=77.8W
[PID] perf=25.926Hz  target=11.253Hz  err=-14.672Hz  corr=-312.10W  u_ff=127.8W  PCAP→78W  power=78.4W
[PID] perf=25.961Hz  target=11.253Hz  err=-14.708Hz  corr=-312.75W  u_ff=127.8W  PCAP→78W  power=77.9W
[PID] perf=25.997Hz  target=11.253Hz  err=-14.743Hz  corr=-313.41W  u_ff=127.8W  PCAP→78W  power=78.3W
[PID] perf=25.888Hz  target=11.253Hz  err=-14.635Hz  corr=-311.40W  u_ff=127.8W  PCAP→78W  power=77.7W
[PID] perf=25.880Hz  target=11.253Hz  err=-14.627Hz  corr=-311.25W  u_ff=127.8W  PCAP→78W  power=77.5W
[PID] perf=25.886Hz  target=11.253Hz  err=-14.632Hz  corr=-311.35W  u_ff=127.8W  PCAP→78W  power=76.9W
[PID] perf=25.891Hz  target=11.253Hz  err=-14.638Hz  corr=-311.46W  u_ff=127.8W  PCAP→78W  power=77.2W
[PID] perf=25.873Hz  target=11.253Hz  err=-14.620Hz  corr=-311.13W  u_ff=127.8W  PCAP→78W  power=78.5W
[PID] perf=25.873Hz  target=11.253Hz  err=-14.620Hz  corr=-311.12W  u_ff=127.8W  PCAP→78W  power=79.0W
[PID] perf=25.846Hz  target=11.253Hz  err=-14.593Hz  corr=-310.62W  u_ff=127.8W  PCAP→78W  power=77.4W
[PID] perf=25.877Hz  target=11.253Hz  err=-14.624Hz  corr=-311.19W  u_ff=127.8W  PCAP→78W  power=79.3W
[PID] perf=25.872Hz  target=11.253Hz  err=-14.618Hz  corr=-311.09W  u_ff=127.8W  PCAP→78W  power=79.0W
[PID] perf=25.887Hz  target=11.253Hz  err=-14.634Hz  corr=-311.38W  u_ff=127.8W  PCAP→78W  power=78.0W
[PID] perf=25.885Hz  target=11.253Hz  err=-14.632Hz  corr=-311.34W  u_ff=127.8W  PCAP→78W  power=79.0W
[PID] perf=25.884Hz  target=11.253Hz  err=-14.631Hz  corr=-311.33W  u_ff=127.8W  PCAP→78W  power=79.2W
[PID] perf=25.886Hz  target=11.253Hz  err=-14.633Hz  corr=-311.36W  u_ff=127.8W  PCAP→78W  power=79.1W
[PID] perf=25.884Hz  target=11.253Hz  err=-14.630Hz  corr=-311.31W  u_ff=127.8W  PCAP→78W  power=77.0W
[PID] perf=25.872Hz  target=11.253Hz  err=-14.619Hz  corr=-311.11W  u_ff=127.8W  PCAP→78W  power=76.6W
[PID] perf=25.840Hz  target=11.253Hz  err=-14.587Hz  corr=-310.50W  u_ff=127.8W  PCAP→78W  power=77.7W
[PID] perf=25.870Hz  target=11.253Hz  err=-14.617Hz  corr=-311.07W  u_ff=127.8W  PCAP→78W  power=77.4W
[PID] perf=25.874Hz  target=11.253Hz  err=-14.621Hz  corr=-311.14W  u_ff=127.8W  PCAP→78W  power=77.3W
[PID] perf=25.879Hz  target=11.253Hz  err=-14.625Hz  corr=-311.22W  u_ff=127.8W  PCAP→78W  power=77.4W
[PID] perf=25.881Hz  target=11.253Hz  err=-14.628Hz  corr=-311.27W  u_ff=127.8W  PCAP→78W  power=77.7W
[PID] perf=25.871Hz  target=11.253Hz  err=-14.618Hz  corr=-311.09W  u_ff=127.8W  PCAP→78W  power=76.5W
[PID] perf=25.882Hz  target=11.253Hz  err=-14.629Hz  corr=-311.28W  u_ff=127.8W  PCAP→78W  power=77.2W
[PID] perf=25.825Hz  target=11.253Hz  err=-14.571Hz  corr=-310.22W  u_ff=127.8W  PCAP→78W  power=77.0W
[PID] perf=25.830Hz  target=11.253Hz  err=-14.576Hz  corr=-310.32W  u_ff=127.8W  PCAP→78W  power=77.6W
[PID] perf=25.836Hz  target=11.253Hz  err=-14.583Hz  corr=-310.44W  u_ff=127.8W  PCAP→78W  power=78.8W
[PID] perf=25.815Hz  target=11.253Hz  err=-14.561Hz  corr=-310.04W  u_ff=127.8W  PCAP→78W  power=77.7W
[PID] perf=25.851Hz  target=11.253Hz  err=-14.598Hz  corr=-310.71W  u_ff=127.8W  PCAP→78W  power=77.7W
[PID] perf=25.849Hz  target=11.253Hz  err=-14.596Hz  corr=-310.68W  u_ff=127.8W  PCAP→78W  power=78.8W
[PID] perf=25.834Hz  target=11.253Hz  err=-14.580Hz  corr=-310.39W  u_ff=127.8W  PCAP→78W  power=79.2W
[PID] perf=25.830Hz  target=11.253Hz  err=-14.577Hz  corr=-310.32W  u_ff=127.8W  PCAP→78W  power=77.8W
[PID] perf=25.869Hz  target=11.253Hz  err=-14.615Hz  corr=-311.04W  u_ff=127.8W  PCAP→78W  power=76.0W
[PID] perf=25.828Hz  target=11.253Hz  err=-14.575Hz  corr=-310.28W  u_ff=127.8W  PCAP→78W  power=77.7W
[PID] perf=25.865Hz  target=11.253Hz  err=-14.612Hz  corr=-310.97W  u_ff=127.8W  PCAP→78W  power=76.6W
[PID] perf=25.799Hz  target=11.253Hz  err=-14.546Hz  corr=-309.75W  u_ff=127.8W  PCAP→78W  power=77.1W
[PID] perf=25.797Hz  target=11.253Hz  err=-14.544Hz  corr=-309.71W  u_ff=127.8W  PCAP→78W  power=77.5W
[PID] perf=25.848Hz  target=11.253Hz  err=-14.595Hz  corr=-310.66W  u_ff=127.8W  PCAP→78W  power=78.7W
[PID] perf=25.839Hz  target=11.253Hz  err=-14.585Hz  corr=-310.48W  u_ff=127.8W  PCAP→78W  power=78.7W
[PID] perf=25.830Hz  target=11.253Hz  err=-14.577Hz  corr=-310.32W  u_ff=127.8W  PCAP→78W  power=78.8W
[PID] perf=25.827Hz  target=11.253Hz  err=-14.574Hz  corr=-310.27W  u_ff=127.8W  PCAP→78W  power=77.6W
[PID] perf=25.847Hz  target=11.253Hz  err=-14.594Hz  corr=-310.64W  u_ff=127.8W  PCAP→78W  power=79.6W
[PID] perf=25.861Hz  target=11.253Hz  err=-14.608Hz  corr=-310.90W  u_ff=127.8W  PCAP→78W  power=78.1W
[PID] perf=25.851Hz  target=11.253Hz  err=-14.598Hz  corr=-310.71W  u_ff=127.8W  PCAP→78W  power=78.7W
[PID] perf=25.869Hz  target=11.253Hz  err=-14.616Hz  corr=-311.05W  u_ff=127.8W  PCAP→78W  power=76.8W
[PID] perf=25.823Hz  target=11.253Hz  err=-14.569Hz  corr=-310.18W  u_ff=127.8W  PCAP→78W  power=78.5W
[PID] perf=25.829Hz  target=11.253Hz  err=-14.576Hz  corr=-310.31W  u_ff=127.8W  PCAP→78W  power=78.3W
[PID] perf=25.831Hz  target=11.253Hz  err=-14.577Hz  corr=-310.33W  u_ff=127.8W  PCAP→78W  power=77.8W
[PID] perf=25.855Hz  target=11.253Hz  err=-14.602Hz  corr=-310.79W  u_ff=127.8W  PCAP→78W  power=77.6W
[PID] perf=25.742Hz  target=11.253Hz  err=-14.489Hz  corr=-308.69W  u_ff=127.8W  PCAP→78W  power=78.5W
[PID] perf=25.621Hz  target=11.253Hz  err=-14.367Hz  corr=-306.44W  u_ff=127.8W  PCAP→78W  power=76.7W
[PID] perf=25.274Hz  target=11.253Hz  err=-14.021Hz  corr=-300.02W  u_ff=127.8W  PCAP→78W  power=78.6W
[PID] perf=25.302Hz  target=11.253Hz  err=-14.049Hz  corr=-300.53W  u_ff=127.8W  PCAP→78W  power=77.9W
[PID] perf=25.332Hz  target=11.253Hz  err=-14.079Hz  corr=-301.09W  u_ff=127.8W  PCAP→78W  power=78.7W
[PID] perf=25.338Hz  target=11.253Hz  err=-14.085Hz  corr=-301.19W  u_ff=127.8W  PCAP→78W  power=79.1W
[PID] perf=25.325Hz  target=11.253Hz  err=-14.072Hz  corr=-300.95W  u_ff=127.8W  PCAP→78W  power=79.2W
[PID] perf=25.359Hz  target=11.253Hz  err=-14.105Hz  corr=-301.58W  u_ff=127.8W  PCAP→78W  power=77.7W
[PID] perf=25.330Hz  target=11.253Hz  err=-14.077Hz  corr=-301.04W  u_ff=127.8W  PCAP→78W  power=78.3W
[PID] perf=25.363Hz  target=11.253Hz  err=-14.110Hz  corr=-301.66W  u_ff=127.8W  PCAP→78W  power=77.0W
[PID] perf=25.380Hz  target=11.253Hz  err=-14.127Hz  corr=-301.98W  u_ff=127.8W  PCAP→78W  power=77.1W
[PID] perf=25.360Hz  target=11.253Hz  err=-14.107Hz  corr=-301.61W  u_ff=127.8W  PCAP→78W  power=77.5W
[PID] perf=25.352Hz  target=11.253Hz  err=-14.099Hz  corr=-301.46W  u_ff=127.8W  PCAP→78W  power=77.3W
[PID] perf=25.387Hz  target=11.253Hz  err=-14.134Hz  corr=-302.10W  u_ff=127.8W  PCAP→78W  power=76.9W
[PID] perf=25.375Hz  target=11.253Hz  err=-14.121Hz  corr=-301.88W  u_ff=127.8W  PCAP→78W  power=77.7W
[PID] perf=25.373Hz  target=11.253Hz  err=-14.120Hz  corr=-301.85W  u_ff=127.8W  PCAP→78W  power=76.6W
[PID] perf=25.341Hz  target=11.253Hz  err=-14.088Hz  corr=-301.26W  u_ff=127.8W  PCAP→78W  power=77.0W
[PID] perf=25.389Hz  target=11.253Hz  err=-14.136Hz  corr=-302.15W  u_ff=127.8W  PCAP→78W  power=77.8W
[PID] perf=25.369Hz  target=11.253Hz  err=-14.115Hz  corr=-301.77W  u_ff=127.8W  PCAP→78W  power=77.6W
[PID] perf=25.410Hz  target=11.253Hz  err=-14.156Hz  corr=-302.52W  u_ff=127.8W  PCAP→78W  power=76.3W
[PID] perf=25.385Hz  target=11.253Hz  err=-14.132Hz  corr=-302.07W  u_ff=127.8W  PCAP→78W  power=78.3W
[PID] perf=25.363Hz  target=11.253Hz  err=-14.110Hz  corr=-301.66W  u_ff=127.8W  PCAP→78W  power=76.7W
[PID] perf=25.359Hz  target=11.253Hz  err=-14.106Hz  corr=-301.58W  u_ff=127.8W  PCAP→78W  power=78.5W
[PID] perf=25.363Hz  target=11.253Hz  err=-14.110Hz  corr=-301.66W  u_ff=127.8W  PCAP→78W  power=79.1W
[PID] perf=25.401Hz  target=11.253Hz  err=-14.148Hz  corr=-302.36W  u_ff=127.8W  PCAP→78W  power=76.5W
[PID] perf=25.411Hz  target=11.253Hz  err=-14.157Hz  corr=-302.54W  u_ff=127.8W  PCAP→78W  power=79.0W
[PID] perf=25.362Hz  target=11.253Hz  err=-14.108Hz  corr=-301.63W  u_ff=127.8W  PCAP→78W  power=79.1W
[PID] perf=25.152Hz  target=11.253Hz  err=-13.899Hz  corr=-297.75W  u_ff=127.8W  PCAP→78W  power=77.6W
[PID] perf=25.260Hz  target=11.253Hz  err=-14.006Hz  corr=-299.75W  u_ff=127.8W  PCAP→78W  power=78.0W
[PID] perf=25.593Hz  target=11.253Hz  err=-14.339Hz  corr=-305.92W  u_ff=127.8W  PCAP→78W  power=77.8W
[PID] perf=26.044Hz  target=11.253Hz  err=-14.791Hz  corr=-314.29W  u_ff=127.8W  PCAP→78W  power=79.1W
[PID] perf=26.080Hz  target=11.253Hz  err=-14.827Hz  corr=-314.95W  u_ff=127.8W  PCAP→78W  power=77.7W
[PID] perf=26.026Hz  target=11.253Hz  err=-14.773Hz  corr=-313.96W  u_ff=127.8W  PCAP→78W  power=79.7W
[PID] perf=26.048Hz  target=11.253Hz  err=-14.795Hz  corr=-314.37W  u_ff=127.8W  PCAP→78W  power=77.9W
[PID] perf=26.070Hz  target=11.253Hz  err=-14.817Hz  corr=-314.77W  u_ff=127.8W  PCAP→78W  power=77.4W
[PID] perf=26.094Hz  target=11.253Hz  err=-14.841Hz  corr=-315.22W  u_ff=127.8W  PCAP→78W  power=76.4W
[PID] perf=26.066Hz  target=11.253Hz  err=-14.812Hz  corr=-314.69W  u_ff=127.8W  PCAP→78W  power=77.5W
[PID] perf=26.072Hz  target=11.253Hz  err=-14.819Hz  corr=-314.81W  u_ff=127.8W  PCAP→78W  power=77.6W
[PID] perf=26.051Hz  target=11.253Hz  err=-14.797Hz  corr=-314.41W  u_ff=127.8W  PCAP→78W  power=78.9W
[PID] perf=26.079Hz  target=11.253Hz  err=-14.825Hz  corr=-314.93W  u_ff=127.8W  PCAP→78W  power=79.1W
[PID] perf=26.090Hz  target=11.253Hz  err=-14.836Hz  corr=-315.14W  u_ff=127.8W  PCAP→78W  power=78.0W
[PID] perf=26.070Hz  target=11.253Hz  err=-14.817Hz  corr=-314.77W  u_ff=127.8W  PCAP→78W  power=77.6W
[PID] perf=26.044Hz  target=11.253Hz  err=-14.790Hz  corr=-314.28W  u_ff=127.8W  PCAP→78W  power=77.3W
[PID] perf=26.074Hz  target=11.253Hz  err=-14.821Hz  corr=-314.85W  u_ff=127.8W  PCAP→78W  power=77.7W
[PID] perf=26.083Hz  target=11.253Hz  err=-14.830Hz  corr=-315.02W  u_ff=127.8W  PCAP→78W  power=76.9W
[PID] perf=26.083Hz  target=11.253Hz  err=-14.830Hz  corr=-315.02W  u_ff=127.8W  PCAP→78W  power=76.9W
[PID] perf=26.047Hz  target=11.253Hz  err=-14.793Hz  corr=-314.34W  u_ff=127.8W  PCAP→78W  power=78.8W
[PID] perf=26.080Hz  target=11.253Hz  err=-14.827Hz  corr=-314.96W  u_ff=127.8W  PCAP→78W  power=76.7W
[PID] perf=26.075Hz  target=11.253Hz  err=-14.821Hz  corr=-314.86W  u_ff=127.8W  PCAP→78W  power=77.1W
[PID] perf=26.074Hz  target=11.253Hz  err=-14.821Hz  corr=-314.84W  u_ff=127.8W  PCAP→78W  power=77.3W
[PID] perf=26.070Hz  target=11.253Hz  err=-14.817Hz  corr=-314.78W  u_ff=127.8W  PCAP→78W  power=77.6W
[PID] perf=26.367Hz  target=11.253Hz  err=-15.113Hz  corr=-320.27W  u_ff=127.8W  PCAP→78W  power=78.5W
[PID] perf=26.864Hz  target=11.253Hz  err=-15.611Hz  corr=-329.50W  u_ff=127.8W  PCAP→78W  power=78.7W
[PID] perf=26.921Hz  target=11.253Hz  err=-15.668Hz  corr=-330.55W  u_ff=127.8W  PCAP→78W  power=79.1W
[PID] perf=26.916Hz  target=11.253Hz  err=-15.663Hz  corr=-330.47W  u_ff=127.8W  PCAP→78W  power=77.4W
[PID] perf=26.889Hz  target=11.253Hz  err=-15.635Hz  corr=-329.95W  u_ff=127.8W  PCAP→78W  power=78.3W
[PID] perf=26.965Hz  target=11.253Hz  err=-15.712Hz  corr=-331.38W  u_ff=127.8W  PCAP→78W  power=77.6W
[PID] perf=26.905Hz  target=11.253Hz  err=-15.652Hz  corr=-330.26W  u_ff=127.8W  PCAP→78W  power=77.8W
[PID] perf=26.933Hz  target=11.253Hz  err=-15.680Hz  corr=-330.78W  u_ff=127.8W  PCAP→78W  power=77.9W
[PID] perf=26.920Hz  target=11.253Hz  err=-15.667Hz  corr=-330.53W  u_ff=127.8W  PCAP→78W  power=78.2W
[PID] perf=26.943Hz  target=11.253Hz  err=-15.689Hz  corr=-330.96W  u_ff=127.8W  PCAP→78W  power=79.1W
[PID] perf=26.929Hz  target=11.253Hz  err=-15.676Hz  corr=-330.71W  u_ff=127.8W  PCAP→78W  power=78.1W
[PID] perf=26.927Hz  target=11.253Hz  err=-15.674Hz  corr=-330.66W  u_ff=127.8W  PCAP→78W  power=78.7W
[PID] perf=26.942Hz  target=11.253Hz  err=-15.689Hz  corr=-330.94W  u_ff=127.8W  PCAP→78W  power=76.9W
[PID] perf=26.981Hz  target=11.253Hz  err=-15.728Hz  corr=-331.67W  u_ff=127.8W  PCAP→78W  power=77.8W
[PID] perf=26.981Hz  target=11.253Hz  err=-15.728Hz  corr=-331.66W  u_ff=127.8W  PCAP→78W  power=77.8W
[PID] perf=26.943Hz  target=11.253Hz  err=-15.690Hz  corr=-330.96W  u_ff=127.8W  PCAP→78W  power=79.0W
[PID] perf=26.876Hz  target=11.253Hz  err=-15.623Hz  corr=-329.72W  u_ff=127.8W  PCAP→78W  power=77.9W
[PID] perf=26.903Hz  target=11.253Hz  err=-15.650Hz  corr=-330.22W  u_ff=127.8W  PCAP→78W  power=79.1W
[PID] perf=27.303Hz  target=11.253Hz  err=-16.050Hz  corr=-337.65W  u_ff=127.8W  PCAP→78W  power=77.7W
[PID] perf=27.303Hz  target=11.253Hz  err=-16.050Hz  corr=-337.63W  u_ff=127.8W  PCAP→78W  power=78.8W
[PID] perf=27.348Hz  target=11.253Hz  err=-16.094Hz  corr=-338.47W  u_ff=127.8W  PCAP→78W  power=79.0W
[PID] perf=27.317Hz  target=11.253Hz  err=-16.064Hz  corr=-337.90W  u_ff=127.8W  PCAP→78W  power=77.2W
[PID] perf=27.315Hz  target=11.253Hz  err=-16.062Hz  corr=-337.86W  u_ff=127.8W  PCAP→78W  power=78.2W
[PID] perf=27.326Hz  target=11.253Hz  err=-16.073Hz  corr=-338.07W  u_ff=127.8W  PCAP→78W  power=78.8W
[PID] perf=27.315Hz  target=11.253Hz  err=-16.062Hz  corr=-337.87W  u_ff=127.8W  PCAP→78W  power=76.3W
[PID] perf=27.292Hz  target=11.253Hz  err=-16.039Hz  corr=-337.43W  u_ff=127.8W  PCAP→78W  power=77.2W
[PID] perf=27.346Hz  target=11.253Hz  err=-16.093Hz  corr=-338.43W  u_ff=127.8W  PCAP→78W  power=78.7W
[PID] perf=27.332Hz  target=11.253Hz  err=-16.079Hz  corr=-338.17W  u_ff=127.8W  PCAP→78W  power=78.7W
[PID] perf=27.365Hz  target=11.253Hz  err=-16.111Hz  corr=-338.78W  u_ff=127.8W  PCAP→78W  power=77.2W
[PID] perf=27.330Hz  target=11.253Hz  err=-16.076Hz  corr=-338.13W  u_ff=127.8W  PCAP→78W  power=78.1W
[PID] perf=27.333Hz  target=11.253Hz  err=-16.080Hz  corr=-338.20W  u_ff=127.8W  PCAP→78W  power=77.2W
[PID] perf=27.324Hz  target=11.253Hz  err=-16.070Hz  corr=-338.02W  u_ff=127.8W  PCAP→78W  power=76.8W
[PID] perf=27.316Hz  target=11.253Hz  err=-16.062Hz  corr=-337.87W  u_ff=127.8W  PCAP→78W  power=79.4W
[PID] perf=27.273Hz  target=11.253Hz  err=-16.020Hz  corr=-337.09W  u_ff=127.8W  PCAP→78W  power=78.4W
[PID] perf=27.314Hz  target=11.253Hz  err=-16.060Hz  corr=-337.83W  u_ff=127.8W  PCAP→78W  power=77.0W
[PID] perf=27.346Hz  target=11.253Hz  err=-16.092Hz  corr=-338.43W  u_ff=127.8W  PCAP→78W  power=77.1W
[PID] perf=27.346Hz  target=11.253Hz  err=-16.093Hz  corr=-338.43W  u_ff=127.8W  PCAP→78W  power=78.7W
[PID] perf=27.375Hz  target=11.253Hz  err=-16.122Hz  corr=-338.98W  u_ff=127.8W  PCAP→78W  power=78.8W
[PID] perf=27.368Hz  target=11.253Hz  err=-16.114Hz  corr=-338.84W  u_ff=127.8W  PCAP→78W  power=79.2W
[PID] perf=27.365Hz  target=11.253Hz  err=-16.112Hz  corr=-338.78W  u_ff=127.8W  PCAP→78W  power=77.3W
[PID] perf=27.319Hz  target=11.253Hz  err=-16.066Hz  corr=-337.94W  u_ff=127.8W  PCAP→78W  power=77.2W
[PID] perf=27.356Hz  target=11.253Hz  err=-16.102Hz  corr=-338.61W  u_ff=127.8W  PCAP→78W  power=79.5W
[PID] perf=27.323Hz  target=11.253Hz  err=-16.070Hz  corr=-338.01W  u_ff=127.8W  PCAP→78W  power=78.8W
[PID] perf=27.282Hz  target=11.253Hz  err=-16.029Hz  corr=-337.26W  u_ff=127.8W  PCAP→78W  power=78.6W
[PID] perf=27.344Hz  target=11.253Hz  err=-16.091Hz  corr=-338.40W  u_ff=127.8W  PCAP→78W  power=78.7W
[PID] perf=27.392Hz  target=11.253Hz  err=-16.139Hz  corr=-339.29W  u_ff=127.8W  PCAP→78W  power=77.4W
[PID] perf=27.329Hz  target=11.253Hz  err=-16.076Hz  corr=-338.12W  u_ff=127.8W  PCAP→78W  power=78.6W
[PID] perf=27.319Hz  target=11.253Hz  err=-16.066Hz  corr=-337.94W  u_ff=127.8W  PCAP→78W  power=78.2W
[PID] perf=27.327Hz  target=11.253Hz  err=-16.073Hz  corr=-338.08W  u_ff=127.8W  PCAP→78W  power=78.3W
[PID] perf=27.334Hz  target=11.253Hz  err=-16.080Hz  corr=-338.20W  u_ff=127.8W  PCAP→78W  power=79.0W
[PID] perf=27.371Hz  target=11.253Hz  err=-16.117Hz  corr=-338.89W  u_ff=127.8W  PCAP→78W  power=76.0W
[PID] perf=27.330Hz  target=11.253Hz  err=-16.077Hz  corr=-338.14W  u_ff=127.8W  PCAP→78W  power=76.3W
[PID] perf=27.385Hz  target=11.253Hz  err=-16.132Hz  corr=-339.16W  u_ff=127.8W  PCAP→78W  power=77.7W
[PID] perf=27.287Hz  target=11.253Hz  err=-16.034Hz  corr=-337.35W  u_ff=127.8W  PCAP→78W  power=79.2W
[PID] perf=27.321Hz  target=11.253Hz  err=-16.068Hz  corr=-337.97W  u_ff=127.8W  PCAP→78W  power=77.1W
[PID] perf=27.323Hz  target=11.253Hz  err=-16.070Hz  corr=-338.00W  u_ff=127.8W  PCAP→78W  power=77.7W
[PID] perf=27.339Hz  target=11.253Hz  err=-16.085Hz  corr=-338.30W  u_ff=127.8W  PCAP→78W  power=76.1W
[PID] perf=27.327Hz  target=11.253Hz  err=-16.073Hz  corr=-338.08W  u_ff=127.8W  PCAP→78W  power=77.9W
[PID] perf=27.331Hz  target=11.253Hz  err=-16.078Hz  corr=-338.16W  u_ff=127.8W  PCAP→78W  power=78.3W
[PID] perf=27.281Hz  target=11.253Hz  err=-16.028Hz  corr=-337.24W  u_ff=127.8W  PCAP→78W  power=79.0W
[PID] perf=27.305Hz  target=11.253Hz  err=-16.052Hz  corr=-337.68W  u_ff=127.8W  PCAP→78W  power=78.9W
[PID] perf=27.311Hz  target=11.253Hz  err=-16.058Hz  corr=-337.79W  u_ff=127.8W  PCAP→78W  power=77.4W
[PID] perf=27.339Hz  target=11.253Hz  err=-16.085Hz  corr=-338.30W  u_ff=127.8W  PCAP→78W  power=77.5W
[PID] perf=27.316Hz  target=11.253Hz  err=-16.063Hz  corr=-337.87W  u_ff=127.8W  PCAP→78W  power=78.1W
[PID] perf=27.369Hz  target=11.253Hz  err=-16.116Hz  corr=-338.87W  u_ff=127.8W  PCAP→78W  power=76.6W
[PID] perf=27.359Hz  target=11.253Hz  err=-16.106Hz  corr=-338.68W  u_ff=127.8W  PCAP→78W  power=77.5W
[PID] perf=27.361Hz  target=11.253Hz  err=-16.108Hz  corr=-338.71W  u_ff=127.8W  PCAP→78W  power=78.5W
[PID] perf=27.313Hz  target=11.253Hz  err=-16.060Hz  corr=-337.82W  u_ff=127.8W  PCAP→78W  power=78.9W
[PID] perf=27.294Hz  target=11.253Hz  err=-16.041Hz  corr=-337.47W  u_ff=127.8W  PCAP→78W  power=78.4W
[PID] perf=27.287Hz  target=11.253Hz  err=-16.034Hz  corr=-337.34W  u_ff=127.8W  PCAP→78W  power=77.3W
[PID] perf=27.346Hz  target=11.253Hz  err=-16.093Hz  corr=-338.44W  u_ff=127.8W  PCAP→78W  power=79.1W
[PID] perf=27.294Hz  target=11.253Hz  err=-16.040Hz  corr=-337.46W  u_ff=127.8W  PCAP→78W  power=76.6W
[PID] perf=27.292Hz  target=11.253Hz  err=-16.038Hz  corr=-337.43W  u_ff=127.8W  PCAP→78W  power=79.0W
[PID] perf=27.277Hz  target=11.253Hz  err=-16.023Hz  corr=-337.15W  u_ff=127.8W  PCAP→78W  power=78.9W
[PID] perf=27.296Hz  target=11.253Hz  err=-16.043Hz  corr=-337.50W  u_ff=127.8W  PCAP→78W  power=77.4W
[PID] perf=27.301Hz  target=11.253Hz  err=-16.048Hz  corr=-337.60W  u_ff=127.8W  PCAP→78W  power=79.1W
[PID] perf=27.320Hz  target=11.253Hz  err=-16.066Hz  corr=-337.95W  u_ff=127.8W  PCAP→78W  power=76.9W
[PID] perf=27.332Hz  target=11.253Hz  err=-16.079Hz  corr=-338.18W  u_ff=127.8W  PCAP→78W  power=76.7W
[PID] perf=27.152Hz  target=11.253Hz  err=-15.898Hz  corr=-334.83W  u_ff=127.8W  PCAP→78W  power=78.0W
[PID] perf=27.220Hz  target=11.253Hz  err=-15.967Hz  corr=-336.10W  u_ff=127.8W  PCAP→78W  power=78.5W
[PID] perf=27.344Hz  target=11.253Hz  err=-16.091Hz  corr=-338.40W  u_ff=127.8W  PCAP→78W  power=76.3W
[PID] perf=27.344Hz  target=11.253Hz  err=-16.091Hz  corr=-338.40W  u_ff=127.8W  PCAP→78W  power=78.0W
[PID] perf=27.038Hz  target=11.253Hz  err=-15.784Hz  corr=-332.72W  u_ff=127.8W  PCAP→78W  power=79.3W
[PID] perf=27.321Hz  target=11.253Hz  err=-16.068Hz  corr=-337.98W  u_ff=127.8W  PCAP→78W  power=76.5W
[PID] perf=27.308Hz  target=11.253Hz  err=-16.055Hz  corr=-337.73W  u_ff=127.8W  PCAP→78W  power=78.4W
[PID] perf=27.244Hz  target=11.253Hz  err=-15.990Hz  corr=-336.54W  u_ff=127.8W  PCAP→78W  power=79.1W
[PID] perf=27.216Hz  target=11.253Hz  err=-15.963Hz  corr=-336.02W  u_ff=127.8W  PCAP→78W  power=78.0W
[PID] perf=27.284Hz  target=11.253Hz  err=-16.031Hz  corr=-337.29W  u_ff=127.8W  PCAP→78W  power=77.1W
[PID] perf=27.307Hz  target=11.253Hz  err=-16.054Hz  corr=-337.71W  u_ff=127.8W  PCAP→78W  power=77.1W
[PID] perf=27.296Hz  target=11.253Hz  err=-16.043Hz  corr=-337.51W  u_ff=127.8W  PCAP→78W  power=77.2W
[PID] perf=27.316Hz  target=11.253Hz  err=-16.063Hz  corr=-337.88W  u_ff=127.8W  PCAP→78W  power=77.7W
[PID] perf=27.322Hz  target=11.253Hz  err=-16.069Hz  corr=-337.99W  u_ff=127.8W  PCAP→78W  power=77.6W
[PID] perf=27.296Hz  target=11.253Hz  err=-16.043Hz  corr=-337.50W  u_ff=127.8W  PCAP→78W  power=76.3W
[PID] perf=27.298Hz  target=11.253Hz  err=-16.045Hz  corr=-337.54W  u_ff=127.8W  PCAP→78W  power=77.0W
[PID] perf=27.336Hz  target=11.253Hz  err=-16.083Hz  corr=-338.25W  u_ff=127.8W  PCAP→78W  power=78.7W
[PID] perf=27.351Hz  target=11.253Hz  err=-16.098Hz  corr=-338.53W  u_ff=127.8W  PCAP→78W  power=79.2W
[PID] perf=27.438Hz  target=11.253Hz  err=-16.185Hz  corr=-340.15W  u_ff=127.8W  PCAP→78W  power=79.0W
[PID] perf=26.670Hz  target=11.253Hz  err=-15.417Hz  corr=-325.90W  u_ff=127.8W  PCAP→78W  power=77.8W
[PID] perf=26.748Hz  target=11.253Hz  err=-15.494Hz  corr=-327.34W  u_ff=127.8W  PCAP→78W  power=77.6W
[PID] perf=26.983Hz  target=11.253Hz  err=-15.730Hz  corr=-331.70W  u_ff=127.8W  PCAP→78W  power=77.0W
[PID] perf=27.045Hz  target=11.253Hz  err=-15.791Hz  corr=-332.85W  u_ff=127.8W  PCAP→78W  power=78.6W
[PID] perf=27.008Hz  target=11.253Hz  err=-15.755Hz  corr=-332.16W  u_ff=127.8W  PCAP→78W  power=78.8W
[PID] perf=27.038Hz  target=11.253Hz  err=-15.785Hz  corr=-332.72W  u_ff=127.8W  PCAP→78W  power=77.2W
[PID] perf=27.039Hz  target=11.253Hz  err=-15.786Hz  corr=-332.75W  u_ff=127.8W  PCAP→78W  power=78.0W
[PID] perf=27.049Hz  target=11.253Hz  err=-15.796Hz  corr=-332.93W  u_ff=127.8W  PCAP→78W  power=78.0W
[PID] perf=27.063Hz  target=11.253Hz  err=-15.810Hz  corr=-333.19W  u_ff=127.8W  PCAP→78W  power=78.6W
[PID] perf=27.062Hz  target=11.253Hz  err=-15.808Hz  corr=-333.16W  u_ff=127.8W  PCAP→78W  power=78.9W
[PID] perf=27.064Hz  target=11.253Hz  err=-15.811Hz  corr=-333.20W  u_ff=127.8W  PCAP→78W  power=78.3W
[PID] perf=27.082Hz  target=11.253Hz  err=-15.829Hz  corr=-333.54W  u_ff=127.8W  PCAP→78W  power=78.7W
[PID] perf=27.066Hz  target=11.253Hz  err=-15.813Hz  corr=-333.24W  u_ff=127.8W  PCAP→78W  power=77.8W
[PID] perf=27.062Hz  target=11.253Hz  err=-15.809Hz  corr=-333.18W  u_ff=127.8W  PCAP→78W  power=76.8W
[PID] perf=27.048Hz  target=11.253Hz  err=-15.794Hz  corr=-332.90W  u_ff=127.8W  PCAP→78W  power=76.4W
[PID] perf=27.072Hz  target=11.253Hz  err=-15.819Hz  corr=-333.35W  u_ff=127.8W  PCAP→78W  power=77.9W
[PID] perf=27.064Hz  target=11.253Hz  err=-15.811Hz  corr=-333.20W  u_ff=127.8W  PCAP→78W  power=78.8W
[PID] perf=27.046Hz  target=11.253Hz  err=-15.793Hz  corr=-332.87W  u_ff=127.8W  PCAP→78W  power=78.2W
[PID] perf=27.068Hz  target=11.253Hz  err=-15.815Hz  corr=-333.28W  u_ff=127.8W  PCAP→78W  power=78.5W
[PID] perf=27.067Hz  target=11.253Hz  err=-15.813Hz  corr=-333.25W  u_ff=127.8W  PCAP→78W  power=77.8W
[PID] perf=27.073Hz  target=11.253Hz  err=-15.820Hz  corr=-333.37W  u_ff=127.8W  PCAP→78W  power=79.1W
[PID] perf=27.038Hz  target=11.253Hz  err=-15.785Hz  corr=-332.72W  u_ff=127.8W  PCAP→78W  power=79.0W
[PID] perf=27.091Hz  target=11.253Hz  err=-15.838Hz  corr=-333.70W  u_ff=127.8W  PCAP→78W  power=78.5W
[PID] perf=26.956Hz  target=11.253Hz  err=-15.703Hz  corr=-331.21W  u_ff=127.8W  PCAP→78W  power=78.2W
[PID] perf=26.951Hz  target=11.253Hz  err=-15.697Hz  corr=-331.10W  u_ff=127.8W  PCAP→78W  power=77.3W
[PID] perf=26.971Hz  target=11.253Hz  err=-15.718Hz  corr=-331.49W  u_ff=127.8W  PCAP→78W  power=77.2W
[PID] perf=26.987Hz  target=11.253Hz  err=-15.734Hz  corr=-331.78W  u_ff=127.8W  PCAP→78W  power=77.0W
[PID] perf=26.988Hz  target=11.253Hz  err=-15.735Hz  corr=-331.80W  u_ff=127.8W  PCAP→78W  power=79.1W
[PID] perf=26.993Hz  target=11.253Hz  err=-15.740Hz  corr=-331.89W  u_ff=127.8W  PCAP→78W  power=77.8W
[PID] perf=26.973Hz  target=11.253Hz  err=-15.720Hz  corr=-331.52W  u_ff=127.8W  PCAP→78W  power=79.2W
[PID] perf=26.988Hz  target=11.253Hz  err=-15.735Hz  corr=-331.80W  u_ff=127.8W  PCAP→78W  power=79.1W
[PID] perf=26.968Hz  target=11.253Hz  err=-15.715Hz  corr=-331.43W  u_ff=127.8W  PCAP→78W  power=78.7W
[PID] perf=26.995Hz  target=11.253Hz  err=-15.741Hz  corr=-331.92W  u_ff=127.8W  PCAP→78W  power=78.3W
[PID] perf=27.014Hz  target=11.253Hz  err=-15.760Hz  corr=-332.27W  u_ff=127.8W  PCAP→78W  power=76.6W
[PID] perf=26.953Hz  target=11.253Hz  err=-15.700Hz  corr=-331.15W  u_ff=127.8W  PCAP→78W  power=76.8W
[PID] perf=27.017Hz  target=11.253Hz  err=-15.763Hz  corr=-332.33W  u_ff=127.8W  PCAP→78W  power=77.1W
[PID] perf=26.966Hz  target=11.253Hz  err=-15.713Hz  corr=-331.39W  u_ff=127.8W  PCAP→78W  power=78.5W
[PID] perf=26.992Hz  target=11.253Hz  err=-15.739Hz  corr=-331.88W  u_ff=127.8W  PCAP→78W  power=76.1W
[PID] perf=26.979Hz  target=11.253Hz  err=-15.726Hz  corr=-331.64W  u_ff=127.8W  PCAP→78W  power=78.2W
[PID] perf=26.961Hz  target=11.253Hz  err=-15.708Hz  corr=-331.30W  u_ff=127.8W  PCAP→78W  power=78.3W
[PID] perf=26.952Hz  target=11.253Hz  err=-15.699Hz  corr=-331.13W  u_ff=127.8W  PCAP→78W  power=79.1W
[PID] perf=26.979Hz  target=11.253Hz  err=-15.725Hz  corr=-331.62W  u_ff=127.8W  PCAP→78W  power=79.0W
[PID] perf=27.000Hz  target=11.253Hz  err=-15.747Hz  corr=-332.02W  u_ff=127.8W  PCAP→78W  power=77.2W
[PID] perf=26.954Hz  target=11.253Hz  err=-15.701Hz  corr=-331.16W  u_ff=127.8W  PCAP→78W  power=76.4W
[PID] perf=26.973Hz  target=11.253Hz  err=-15.720Hz  corr=-331.52W  u_ff=127.8W  PCAP→78W  power=77.1W
[PID] perf=27.005Hz  target=11.253Hz  err=-15.752Hz  corr=-332.11W  u_ff=127.8W  PCAP→78W  power=78.0W
[PID] perf=26.976Hz  target=11.253Hz  err=-15.723Hz  corr=-331.58W  u_ff=127.8W  PCAP→78W  power=78.7W
[PID] perf=26.964Hz  target=11.253Hz  err=-15.710Hz  corr=-331.34W  u_ff=127.8W  PCAP→78W  power=78.4W
[PID] perf=26.954Hz  target=11.253Hz  err=-15.700Hz  corr=-331.16W  u_ff=127.8W  PCAP→78W  power=79.0W
[PID] perf=26.976Hz  target=11.253Hz  err=-15.723Hz  corr=-331.57W  u_ff=127.8W  PCAP→78W  power=78.6W
[PID] perf=26.959Hz  target=11.253Hz  err=-15.706Hz  corr=-331.25W  u_ff=127.8W  PCAP→78W  power=77.5W
[PID] perf=26.964Hz  target=11.253Hz  err=-15.710Hz  corr=-331.34W  u_ff=127.8W  PCAP→78W  power=76.4W
[PID] perf=26.952Hz  target=11.253Hz  err=-15.698Hz  corr=-331.12W  u_ff=127.8W  PCAP→78W  power=78.1W
[PID] perf=26.968Hz  target=11.253Hz  err=-15.714Hz  corr=-331.42W  u_ff=127.8W  PCAP→78W  power=76.8W
[PID] perf=26.940Hz  target=11.253Hz  err=-15.687Hz  corr=-330.91W  u_ff=127.8W  PCAP→78W  power=77.1W
[PID] perf=26.994Hz  target=11.253Hz  err=-15.741Hz  corr=-331.91W  u_ff=127.8W  PCAP→78W  power=77.0W
[PID] perf=27.029Hz  target=11.253Hz  err=-15.775Hz  corr=-332.55W  u_ff=127.8W  PCAP→78W  power=77.4W
[PID] perf=27.022Hz  target=11.253Hz  err=-15.768Hz  corr=-332.42W  u_ff=127.8W  PCAP→78W  power=77.1W
[PID] perf=27.020Hz  target=11.253Hz  err=-15.766Hz  corr=-332.38W  u_ff=127.8W  PCAP→78W  power=77.4W
[PID] perf=26.995Hz  target=11.253Hz  err=-15.742Hz  corr=-331.92W  u_ff=127.8W  PCAP→78W  power=77.4W
[PID] perf=27.000Hz  target=11.253Hz  err=-15.746Hz  corr=-332.01W  u_ff=127.8W  PCAP→78W  power=77.1W
[PID] perf=26.956Hz  target=11.253Hz  err=-15.703Hz  corr=-331.21W  u_ff=127.8W  PCAP→78W  power=78.5W
[PID] perf=26.919Hz  target=11.253Hz  err=-15.666Hz  corr=-330.52W  u_ff=127.8W  PCAP→78W  power=77.2W
[PID] perf=26.986Hz  target=11.253Hz  err=-15.733Hz  corr=-331.76W  u_ff=127.8W  PCAP→78W  power=78.9W
[PID] perf=27.001Hz  target=11.253Hz  err=-15.747Hz  corr=-332.03W  u_ff=127.8W  PCAP→78W  power=77.5W
[PID] perf=27.020Hz  target=11.253Hz  err=-15.766Hz  corr=-332.38W  u_ff=127.8W  PCAP→78W  power=77.8W
[PID] perf=27.010Hz  target=11.253Hz  err=-15.757Hz  corr=-332.20W  u_ff=127.8W  PCAP→78W  power=77.9W
[PID] perf=27.000Hz  target=11.253Hz  err=-15.747Hz  corr=-332.02W  u_ff=127.8W  PCAP→78W  power=77.8W
[PID] perf=27.012Hz  target=11.253Hz  err=-15.759Hz  corr=-332.24W  u_ff=127.8W  PCAP→78W  power=78.5W
[PID] perf=26.979Hz  target=11.253Hz  err=-15.726Hz  corr=-331.63W  u_ff=127.8W  PCAP→78W  power=77.1W
[PID] perf=26.998Hz  target=11.253Hz  err=-15.744Hz  corr=-331.97W  u_ff=127.8W  PCAP→78W  power=76.7W
[PID] perf=27.000Hz  target=11.253Hz  err=-15.747Hz  corr=-332.02W  u_ff=127.8W  PCAP→78W  power=78.3W
[PID] perf=26.992Hz  target=11.253Hz  err=-15.739Hz  corr=-331.88W  u_ff=127.8W  PCAP→78W  power=78.8W
[PID] perf=27.043Hz  target=11.253Hz  err=-15.790Hz  corr=-332.82W  u_ff=127.8W  PCAP→78W  power=79.1W
[PID] perf=27.001Hz  target=11.253Hz  err=-15.748Hz  corr=-332.04W  u_ff=127.8W  PCAP→78W  power=78.2W
[PID] perf=26.976Hz  target=11.253Hz  err=-15.723Hz  corr=-331.58W  u_ff=127.8W  PCAP→78W  power=75.9W
[PID] perf=27.006Hz  target=11.253Hz  err=-15.753Hz  corr=-332.13W  u_ff=127.8W  PCAP→78W  power=76.4W
[PID] perf=26.972Hz  target=11.253Hz  err=-15.719Hz  corr=-331.51W  u_ff=127.8W  PCAP→78W  power=78.5W
[PID] perf=26.972Hz  target=11.253Hz  err=-15.719Hz  corr=-331.50W  u_ff=127.8W  PCAP→78W  power=77.5W
[PID] perf=26.978Hz  target=11.253Hz  err=-15.725Hz  corr=-331.61W  u_ff=127.8W  PCAP→78W  power=78.7W
Process completed.
Compressed into /home/cc/summer2024/main_codes/pid_controller/../experiment_data/PID_Control_sweep/ones-npb-cg/compressed_iteration_20260513_163806.tar
----------------------------------
