
>>> Step 1/3

[ones-npb-cg]
  target perf      : 11.1188 Hz
  coefficients_perf: [-0.0006547837485238978, 0.18607436314256556, -1.8317688501798497]
  feedforward PCAP : 121.82 W  →  124 W (snapped)
  Perf(u_ff) check : 11.1188 Hz  (should ≈ target)
  PID gains        : Kp=18.5447 W/Hz  Ki=1.85447 W/(Hz·s)  Kd=0.0000
[PID] Awaiting data — feedforward PCAP=124W
[PID] Awaiting data — feedforward PCAP=124W
[PID] Awaiting data — feedforward PCAP=124W
[PID] Awaiting data — feedforward PCAP=124W
[PID] Awaiting data — feedforward PCAP=124W
[PID] Awaiting data — feedforward PCAP=124W
[PID] perf=20.250Hz  target=11.119Hz  err=-9.131Hz  corr=-203.19W  u_ff=121.8W  PCAP→78W  power=nanW
[PID] perf=18.146Hz  target=11.119Hz  err=-7.028Hz  corr=-170.32W  u_ff=121.8W  PCAP→78W  power=78.1W
[PID] perf=18.161Hz  target=11.119Hz  err=-7.043Hz  corr=-170.60W  u_ff=121.8W  PCAP→78W  power=77.9W
[PID] perf=18.167Hz  target=11.119Hz  err=-7.048Hz  corr=-170.71W  u_ff=121.8W  PCAP→78W  power=78.6W
[PID] perf=18.176Hz  target=11.119Hz  err=-7.057Hz  corr=-170.87W  u_ff=121.8W  PCAP→78W  power=77.7W
[PID] perf=18.173Hz  target=11.119Hz  err=-7.054Hz  corr=-170.82W  u_ff=121.8W  PCAP→78W  power=77.6W
[PID] perf=18.171Hz  target=11.119Hz  err=-7.052Hz  corr=-170.78W  u_ff=121.8W  PCAP→78W  power=77.4W
[PID] perf=18.185Hz  target=11.119Hz  err=-7.067Hz  corr=-171.05W  u_ff=121.8W  PCAP→78W  power=79.1W
[PID] perf=18.186Hz  target=11.119Hz  err=-7.067Hz  corr=-171.06W  u_ff=121.8W  PCAP→78W  power=79.0W
[PID] perf=18.172Hz  target=11.119Hz  err=-7.053Hz  corr=-170.80W  u_ff=121.8W  PCAP→78W  power=77.6W
[PID] perf=18.211Hz  target=11.119Hz  err=-7.092Hz  corr=-171.52W  u_ff=121.8W  PCAP→78W  power=76.9W
[PID] perf=18.206Hz  target=11.119Hz  err=-7.087Hz  corr=-171.43W  u_ff=121.8W  PCAP→78W  power=78.1W
[PID] perf=18.199Hz  target=11.119Hz  err=-7.080Hz  corr=-171.30W  u_ff=121.8W  PCAP→78W  power=77.2W
[PID] perf=18.199Hz  target=11.119Hz  err=-7.080Hz  corr=-171.29W  u_ff=121.8W  PCAP→78W  power=77.1W
[PID] perf=18.214Hz  target=11.119Hz  err=-7.095Hz  corr=-171.58W  u_ff=121.8W  PCAP→78W  power=77.9W
[PID] perf=18.193Hz  target=11.119Hz  err=-7.074Hz  corr=-171.19W  u_ff=121.8W  PCAP→78W  power=78.3W
[PID] perf=18.185Hz  target=11.119Hz  err=-7.066Hz  corr=-171.03W  u_ff=121.8W  PCAP→78W  power=78.7W
[PID] perf=18.194Hz  target=11.119Hz  err=-7.076Hz  corr=-171.22W  u_ff=121.8W  PCAP→78W  power=77.8W
[PID] perf=18.201Hz  target=11.119Hz  err=-7.082Hz  corr=-171.34W  u_ff=121.8W  PCAP→78W  power=78.3W
[PID] perf=18.199Hz  target=11.119Hz  err=-7.080Hz  corr=-171.30W  u_ff=121.8W  PCAP→78W  power=78.5W
[PID] perf=18.226Hz  target=11.119Hz  err=-7.107Hz  corr=-171.79W  u_ff=121.8W  PCAP→78W  power=78.7W
[PID] perf=18.163Hz  target=11.119Hz  err=-7.044Hz  corr=-170.64W  u_ff=121.8W  PCAP→78W  power=77.9W
[PID] perf=18.195Hz  target=11.119Hz  err=-7.076Hz  corr=-171.22W  u_ff=121.8W  PCAP→78W  power=77.4W
[PID] perf=18.185Hz  target=11.119Hz  err=-7.066Hz  corr=-171.03W  u_ff=121.8W  PCAP→78W  power=77.4W
[PID] perf=18.206Hz  target=11.119Hz  err=-7.087Hz  corr=-171.43W  u_ff=121.8W  PCAP→78W  power=77.3W
[PID] perf=18.206Hz  target=11.119Hz  err=-7.087Hz  corr=-171.42W  u_ff=121.8W  PCAP→78W  power=78.2W
[PID] perf=18.170Hz  target=11.119Hz  err=-7.051Hz  corr=-170.75W  u_ff=121.8W  PCAP→78W  power=78.4W
[PID] perf=18.203Hz  target=11.119Hz  err=-7.084Hz  corr=-171.37W  u_ff=121.8W  PCAP→78W  power=78.4W
[PID] perf=18.196Hz  target=11.119Hz  err=-7.077Hz  corr=-171.24W  u_ff=121.8W  PCAP→78W  power=77.3W
[PID] perf=18.201Hz  target=11.119Hz  err=-7.083Hz  corr=-171.34W  u_ff=121.8W  PCAP→78W  power=79.2W
[PID] perf=18.192Hz  target=11.119Hz  err=-7.073Hz  corr=-171.17W  u_ff=121.8W  PCAP→78W  power=79.3W
[PID] perf=18.200Hz  target=11.119Hz  err=-7.081Hz  corr=-171.32W  u_ff=121.8W  PCAP→78W  power=78.5W
[PID] perf=18.193Hz  target=11.119Hz  err=-7.075Hz  corr=-171.19W  u_ff=121.8W  PCAP→78W  power=77.8W
[PID] perf=18.178Hz  target=11.119Hz  err=-7.060Hz  corr=-170.92W  u_ff=121.8W  PCAP→78W  power=77.8W
[PID] perf=18.200Hz  target=11.119Hz  err=-7.082Hz  corr=-171.32W  u_ff=121.8W  PCAP→78W  power=77.9W
[PID] perf=18.185Hz  target=11.119Hz  err=-7.066Hz  corr=-171.05W  u_ff=121.8W  PCAP→78W  power=79.8W
[PID] perf=18.164Hz  target=11.119Hz  err=-7.045Hz  corr=-170.65W  u_ff=121.8W  PCAP→78W  power=77.2W
[PID] perf=18.185Hz  target=11.119Hz  err=-7.066Hz  corr=-171.04W  u_ff=121.8W  PCAP→78W  power=77.4W
[PID] perf=18.166Hz  target=11.119Hz  err=-7.047Hz  corr=-170.69W  u_ff=121.8W  PCAP→78W  power=79.0W
[PID] perf=18.156Hz  target=11.119Hz  err=-7.037Hz  corr=-170.50W  u_ff=121.8W  PCAP→78W  power=79.1W
[PID] perf=18.174Hz  target=11.119Hz  err=-7.055Hz  corr=-170.84W  u_ff=121.8W  PCAP→78W  power=77.6W
[PID] perf=18.176Hz  target=11.119Hz  err=-7.058Hz  corr=-170.88W  u_ff=121.8W  PCAP→78W  power=78.0W
[PID] perf=18.179Hz  target=11.119Hz  err=-7.060Hz  corr=-170.92W  u_ff=121.8W  PCAP→78W  power=79.1W
[PID] perf=18.187Hz  target=11.119Hz  err=-7.068Hz  corr=-171.08W  u_ff=121.8W  PCAP→78W  power=77.7W
[PID] perf=18.175Hz  target=11.119Hz  err=-7.056Hz  corr=-170.86W  u_ff=121.8W  PCAP→78W  power=78.1W
[PID] perf=18.178Hz  target=11.119Hz  err=-7.060Hz  corr=-170.92W  u_ff=121.8W  PCAP→78W  power=79.1W
[PID] perf=18.188Hz  target=11.119Hz  err=-7.069Hz  corr=-171.09W  u_ff=121.8W  PCAP→78W  power=78.7W
[PID] perf=18.175Hz  target=11.119Hz  err=-7.056Hz  corr=-170.86W  u_ff=121.8W  PCAP→78W  power=78.3W
[PID] perf=18.216Hz  target=11.119Hz  err=-7.097Hz  corr=-171.62W  u_ff=121.8W  PCAP→78W  power=77.8W
[PID] perf=18.202Hz  target=11.119Hz  err=-7.083Hz  corr=-171.36W  u_ff=121.8W  PCAP→78W  power=76.9W
[PID] perf=18.217Hz  target=11.119Hz  err=-7.098Hz  corr=-171.63W  u_ff=121.8W  PCAP→78W  power=77.8W
[PID] perf=18.188Hz  target=11.119Hz  err=-7.070Hz  corr=-171.11W  u_ff=121.8W  PCAP→78W  power=77.8W
[PID] perf=18.190Hz  target=11.119Hz  err=-7.071Hz  corr=-171.13W  u_ff=121.8W  PCAP→78W  power=77.9W
[PID] perf=18.187Hz  target=11.119Hz  err=-7.068Hz  corr=-171.08W  u_ff=121.8W  PCAP→78W  power=79.2W
[PID] perf=24.165Hz  target=11.119Hz  err=-13.046Hz  corr=-281.93W  u_ff=121.8W  PCAP→78W  power=77.0W
[PID] perf=28.984Hz  target=11.119Hz  err=-17.865Hz  corr=-371.30W  u_ff=121.8W  PCAP→78W  power=77.4W
[PID] perf=29.296Hz  target=11.119Hz  err=-18.177Hz  corr=-377.09W  u_ff=121.8W  PCAP→78W  power=79.6W
[PID] perf=29.431Hz  target=11.119Hz  err=-18.312Hz  corr=-379.59W  u_ff=121.8W  PCAP→78W  power=79.3W
[PID] perf=29.470Hz  target=11.119Hz  err=-18.352Hz  corr=-380.33W  u_ff=121.8W  PCAP→78W  power=76.6W
[PID] perf=29.392Hz  target=11.119Hz  err=-18.273Hz  corr=-378.87W  u_ff=121.8W  PCAP→78W  power=78.0W
[PID] perf=29.433Hz  target=11.119Hz  err=-18.315Hz  corr=-379.64W  u_ff=121.8W  PCAP→78W  power=79.4W
[PID] perf=29.459Hz  target=11.119Hz  err=-18.340Hz  corr=-380.12W  u_ff=121.8W  PCAP→78W  power=78.6W
[PID] perf=29.474Hz  target=11.119Hz  err=-18.355Hz  corr=-380.39W  u_ff=121.8W  PCAP→78W  power=76.9W
[PID] perf=29.461Hz  target=11.119Hz  err=-18.342Hz  corr=-380.15W  u_ff=121.8W  PCAP→78W  power=76.7W
[PID] perf=29.479Hz  target=11.119Hz  err=-18.360Hz  corr=-380.49W  u_ff=121.8W  PCAP→78W  power=77.5W
[PID] perf=29.453Hz  target=11.119Hz  err=-18.334Hz  corr=-380.00W  u_ff=121.8W  PCAP→78W  power=79.2W
[PID] perf=29.445Hz  target=11.119Hz  err=-18.326Hz  corr=-379.84W  u_ff=121.8W  PCAP→78W  power=76.3W
[PID] perf=29.419Hz  target=11.119Hz  err=-18.300Hz  corr=-379.37W  u_ff=121.8W  PCAP→78W  power=78.1W
[PID] perf=29.423Hz  target=11.119Hz  err=-18.305Hz  corr=-379.45W  u_ff=121.8W  PCAP→78W  power=76.8W
[PID] perf=29.404Hz  target=11.119Hz  err=-18.285Hz  corr=-379.09W  u_ff=121.8W  PCAP→78W  power=77.3W
[PID] perf=29.459Hz  target=11.119Hz  err=-18.340Hz  corr=-380.11W  u_ff=121.8W  PCAP→78W  power=78.3W
[PID] perf=29.432Hz  target=11.119Hz  err=-18.314Hz  corr=-379.62W  u_ff=121.8W  PCAP→78W  power=78.1W
[PID] perf=29.477Hz  target=11.119Hz  err=-18.358Hz  corr=-380.45W  u_ff=121.8W  PCAP→78W  power=78.1W
[PID] perf=29.429Hz  target=11.119Hz  err=-18.310Hz  corr=-379.56W  u_ff=121.8W  PCAP→78W  power=77.7W
[PID] perf=29.448Hz  target=11.119Hz  err=-18.330Hz  corr=-379.92W  u_ff=121.8W  PCAP→78W  power=78.7W
[PID] perf=29.462Hz  target=11.119Hz  err=-18.343Hz  corr=-380.17W  u_ff=121.8W  PCAP→78W  power=77.2W
[PID] perf=29.424Hz  target=11.119Hz  err=-18.305Hz  corr=-379.46W  u_ff=121.8W  PCAP→78W  power=77.0W
[PID] perf=29.470Hz  target=11.119Hz  err=-18.351Hz  corr=-380.32W  u_ff=121.8W  PCAP→78W  power=78.1W
[PID] perf=29.426Hz  target=11.119Hz  err=-18.308Hz  corr=-379.51W  u_ff=121.8W  PCAP→78W  power=76.6W
[PID] perf=29.436Hz  target=11.119Hz  err=-18.317Hz  corr=-379.68W  u_ff=121.8W  PCAP→78W  power=78.4W
[PID] perf=29.420Hz  target=11.119Hz  err=-18.302Hz  corr=-379.40W  u_ff=121.8W  PCAP→78W  power=78.2W
[PID] perf=29.414Hz  target=11.119Hz  err=-18.295Hz  corr=-379.28W  u_ff=121.8W  PCAP→78W  power=77.6W
[PID] perf=29.458Hz  target=11.119Hz  err=-18.339Hz  corr=-380.10W  u_ff=121.8W  PCAP→78W  power=77.3W
[PID] perf=29.445Hz  target=11.119Hz  err=-18.326Hz  corr=-379.86W  u_ff=121.8W  PCAP→78W  power=79.3W
[PID] perf=29.388Hz  target=11.119Hz  err=-18.269Hz  corr=-378.79W  u_ff=121.8W  PCAP→78W  power=77.4W
[PID] perf=29.394Hz  target=11.119Hz  err=-18.275Hz  corr=-378.90W  u_ff=121.8W  PCAP→78W  power=78.0W
[PID] perf=29.452Hz  target=11.119Hz  err=-18.333Hz  corr=-379.98W  u_ff=121.8W  PCAP→78W  power=78.9W
[PID] perf=29.423Hz  target=11.119Hz  err=-18.304Hz  corr=-379.44W  u_ff=121.8W  PCAP→78W  power=77.6W
[PID] perf=29.422Hz  target=11.119Hz  err=-18.303Hz  corr=-379.42W  u_ff=121.8W  PCAP→78W  power=76.7W
[PID] perf=29.378Hz  target=11.119Hz  err=-18.260Hz  corr=-378.62W  u_ff=121.8W  PCAP→78W  power=78.1W
[PID] perf=29.369Hz  target=11.119Hz  err=-18.250Hz  corr=-378.44W  u_ff=121.8W  PCAP→78W  power=76.7W
[PID] perf=29.403Hz  target=11.119Hz  err=-18.284Hz  corr=-379.08W  u_ff=121.8W  PCAP→78W  power=79.3W
[PID] perf=29.408Hz  target=11.119Hz  err=-18.289Hz  corr=-379.17W  u_ff=121.8W  PCAP→78W  power=78.3W
[PID] perf=29.424Hz  target=11.119Hz  err=-18.305Hz  corr=-379.46W  u_ff=121.8W  PCAP→78W  power=78.1W
[PID] perf=29.428Hz  target=11.119Hz  err=-18.309Hz  corr=-379.54W  u_ff=121.8W  PCAP→78W  power=77.1W
[PID] perf=29.350Hz  target=11.119Hz  err=-18.232Hz  corr=-378.10W  u_ff=121.8W  PCAP→78W  power=78.9W
[PID] perf=29.391Hz  target=11.119Hz  err=-18.272Hz  corr=-378.85W  u_ff=121.8W  PCAP→78W  power=77.4W
[PID] perf=29.337Hz  target=11.119Hz  err=-18.218Hz  corr=-377.85W  u_ff=121.8W  PCAP→78W  power=79.1W
[PID] perf=29.383Hz  target=11.119Hz  err=-18.264Hz  corr=-378.71W  u_ff=121.8W  PCAP→78W  power=78.0W
[PID] perf=29.424Hz  target=11.119Hz  err=-18.305Hz  corr=-379.47W  u_ff=121.8W  PCAP→78W  power=79.5W
[PID] perf=29.400Hz  target=11.119Hz  err=-18.281Hz  corr=-379.02W  u_ff=121.8W  PCAP→78W  power=77.9W
[PID] perf=29.346Hz  target=11.119Hz  err=-18.227Hz  corr=-378.01W  u_ff=121.8W  PCAP→78W  power=78.2W
[PID] perf=29.435Hz  target=11.119Hz  err=-18.316Hz  corr=-379.67W  u_ff=121.8W  PCAP→78W  power=78.3W
[PID] perf=29.428Hz  target=11.119Hz  err=-18.309Hz  corr=-379.53W  u_ff=121.8W  PCAP→78W  power=76.9W
[PID] perf=29.443Hz  target=11.119Hz  err=-18.324Hz  corr=-379.82W  u_ff=121.8W  PCAP→78W  power=77.6W
[PID] perf=29.448Hz  target=11.119Hz  err=-18.330Hz  corr=-379.92W  u_ff=121.8W  PCAP→78W  power=78.8W
[PID] perf=29.462Hz  target=11.119Hz  err=-18.343Hz  corr=-380.17W  u_ff=121.8W  PCAP→78W  power=77.7W
[PID] perf=29.340Hz  target=11.119Hz  err=-18.221Hz  corr=-377.91W  u_ff=121.8W  PCAP→78W  power=77.9W
[PID] perf=29.350Hz  target=11.119Hz  err=-18.231Hz  corr=-378.10W  u_ff=121.8W  PCAP→78W  power=76.8W
[PID] perf=29.338Hz  target=11.119Hz  err=-18.219Hz  corr=-377.87W  u_ff=121.8W  PCAP→78W  power=77.4W
[PID] perf=29.354Hz  target=11.119Hz  err=-18.236Hz  corr=-378.17W  u_ff=121.8W  PCAP→78W  power=76.7W
[PID] perf=29.413Hz  target=11.119Hz  err=-18.294Hz  corr=-379.25W  u_ff=121.8W  PCAP→78W  power=76.7W
[PID] perf=29.382Hz  target=11.119Hz  err=-18.263Hz  corr=-378.68W  u_ff=121.8W  PCAP→78W  power=78.1W
[PID] perf=29.417Hz  target=11.119Hz  err=-18.298Hz  corr=-379.33W  u_ff=121.8W  PCAP→78W  power=77.0W
[PID] perf=29.421Hz  target=11.119Hz  err=-18.302Hz  corr=-379.41W  u_ff=121.8W  PCAP→78W  power=78.2W
[PID] perf=29.409Hz  target=11.119Hz  err=-18.290Hz  corr=-379.18W  u_ff=121.8W  PCAP→78W  power=77.4W
[PID] perf=29.429Hz  target=11.119Hz  err=-18.310Hz  corr=-379.56W  u_ff=121.8W  PCAP→78W  power=79.3W
[PID] perf=29.359Hz  target=11.119Hz  err=-18.240Hz  corr=-378.25W  u_ff=121.8W  PCAP→78W  power=78.9W
[PID] perf=29.394Hz  target=11.119Hz  err=-18.275Hz  corr=-378.90W  u_ff=121.8W  PCAP→78W  power=79.0W
[PID] perf=29.383Hz  target=11.119Hz  err=-18.264Hz  corr=-378.70W  u_ff=121.8W  PCAP→78W  power=76.6W
[PID] perf=27.824Hz  target=11.119Hz  err=-16.705Hz  corr=-349.79W  u_ff=121.8W  PCAP→78W  power=77.0W
[PID] perf=27.879Hz  target=11.119Hz  err=-16.761Hz  corr=-350.82W  u_ff=121.8W  PCAP→78W  power=78.7W
[PID] perf=27.870Hz  target=11.119Hz  err=-16.751Hz  corr=-350.65W  u_ff=121.8W  PCAP→78W  power=77.6W
[PID] perf=27.852Hz  target=11.119Hz  err=-16.733Hz  corr=-350.31W  u_ff=121.8W  PCAP→78W  power=77.6W
[PID] perf=29.393Hz  target=11.119Hz  err=-18.274Hz  corr=-378.88W  u_ff=121.8W  PCAP→78W  power=78.3W
[PID] perf=29.398Hz  target=11.119Hz  err=-18.280Hz  corr=-378.99W  u_ff=121.8W  PCAP→78W  power=79.0W
[PID] perf=29.416Hz  target=11.119Hz  err=-18.298Hz  corr=-379.32W  u_ff=121.8W  PCAP→78W  power=78.2W
[PID] perf=29.398Hz  target=11.119Hz  err=-18.280Hz  corr=-378.99W  u_ff=121.8W  PCAP→78W  power=76.8W
[PID] perf=29.404Hz  target=11.119Hz  err=-18.286Hz  corr=-379.10W  u_ff=121.8W  PCAP→78W  power=79.1W
[PID] perf=29.438Hz  target=11.119Hz  err=-18.319Hz  corr=-379.73W  u_ff=121.8W  PCAP→78W  power=77.8W
[PID] perf=29.347Hz  target=11.119Hz  err=-18.228Hz  corr=-378.04W  u_ff=121.8W  PCAP→78W  power=76.9W
[PID] perf=29.395Hz  target=11.119Hz  err=-18.277Hz  corr=-378.93W  u_ff=121.8W  PCAP→78W  power=77.7W
[PID] perf=29.378Hz  target=11.119Hz  err=-18.259Hz  corr=-378.61W  u_ff=121.8W  PCAP→78W  power=78.9W
[PID] perf=29.384Hz  target=11.119Hz  err=-18.265Hz  corr=-378.73W  u_ff=121.8W  PCAP→78W  power=77.9W
[PID] perf=29.396Hz  target=11.119Hz  err=-18.277Hz  corr=-378.95W  u_ff=121.8W  PCAP→78W  power=78.2W
[PID] perf=29.378Hz  target=11.119Hz  err=-18.259Hz  corr=-378.62W  u_ff=121.8W  PCAP→78W  power=78.7W
[PID] perf=29.426Hz  target=11.119Hz  err=-18.307Hz  corr=-379.50W  u_ff=121.8W  PCAP→78W  power=78.3W
[PID] perf=29.343Hz  target=11.119Hz  err=-18.224Hz  corr=-377.96W  u_ff=121.8W  PCAP→78W  power=77.3W
[PID] perf=29.402Hz  target=11.119Hz  err=-18.283Hz  corr=-379.06W  u_ff=121.8W  PCAP→78W  power=78.6W
[PID] perf=29.342Hz  target=11.119Hz  err=-18.223Hz  corr=-377.93W  u_ff=121.8W  PCAP→78W  power=78.0W
[PID] perf=29.395Hz  target=11.119Hz  err=-18.277Hz  corr=-378.93W  u_ff=121.8W  PCAP→78W  power=77.4W
[PID] perf=29.388Hz  target=11.119Hz  err=-18.269Hz  corr=-378.79W  u_ff=121.8W  PCAP→78W  power=76.1W
[PID] perf=27.794Hz  target=11.119Hz  err=-16.675Hz  corr=-349.24W  u_ff=121.8W  PCAP→78W  power=76.8W
[PID] perf=27.805Hz  target=11.119Hz  err=-16.687Hz  corr=-349.45W  u_ff=121.8W  PCAP→78W  power=76.9W
[PID] perf=27.836Hz  target=11.119Hz  err=-16.717Hz  corr=-350.01W  u_ff=121.8W  PCAP→78W  power=78.8W
[PID] perf=27.827Hz  target=11.119Hz  err=-16.708Hz  corr=-349.84W  u_ff=121.8W  PCAP→78W  power=78.6W
[PID] perf=27.797Hz  target=11.119Hz  err=-16.678Hz  corr=-349.30W  u_ff=121.8W  PCAP→78W  power=76.3W
[PID] perf=27.811Hz  target=11.119Hz  err=-16.692Hz  corr=-349.55W  u_ff=121.8W  PCAP→78W  power=76.5W
[PID] perf=27.876Hz  target=11.119Hz  err=-16.757Hz  corr=-350.76W  u_ff=121.8W  PCAP→78W  power=78.3W
[PID] perf=29.339Hz  target=11.119Hz  err=-18.220Hz  corr=-377.88W  u_ff=121.8W  PCAP→78W  power=78.6W
[PID] perf=29.337Hz  target=11.119Hz  err=-18.218Hz  corr=-377.85W  u_ff=121.8W  PCAP→78W  power=76.5W
[PID] perf=29.361Hz  target=11.119Hz  err=-18.243Hz  corr=-378.30W  u_ff=121.8W  PCAP→78W  power=77.8W
[PID] perf=29.372Hz  target=11.119Hz  err=-18.254Hz  corr=-378.51W  u_ff=121.8W  PCAP→78W  power=77.7W
[PID] perf=29.371Hz  target=11.119Hz  err=-18.252Hz  corr=-378.47W  u_ff=121.8W  PCAP→78W  power=78.9W
[PID] perf=29.371Hz  target=11.119Hz  err=-18.253Hz  corr=-378.49W  u_ff=121.8W  PCAP→78W  power=78.0W
[PID] perf=29.330Hz  target=11.119Hz  err=-18.212Hz  corr=-377.73W  u_ff=121.8W  PCAP→78W  power=79.1W
[PID] perf=29.393Hz  target=11.119Hz  err=-18.275Hz  corr=-378.90W  u_ff=121.8W  PCAP→78W  power=78.5W
[PID] perf=29.392Hz  target=11.119Hz  err=-18.273Hz  corr=-378.87W  u_ff=121.8W  PCAP→78W  power=78.7W
[PID] perf=29.440Hz  target=11.119Hz  err=-18.321Hz  corr=-379.76W  u_ff=121.8W  PCAP→78W  power=77.9W
[PID] perf=29.392Hz  target=11.119Hz  err=-18.274Hz  corr=-378.88W  u_ff=121.8W  PCAP→78W  power=77.8W
[PID] perf=29.394Hz  target=11.119Hz  err=-18.275Hz  corr=-378.90W  u_ff=121.8W  PCAP→78W  power=78.4W
[PID] perf=29.425Hz  target=11.119Hz  err=-18.306Hz  corr=-379.48W  u_ff=121.8W  PCAP→78W  power=78.4W
[PID] perf=29.385Hz  target=11.119Hz  err=-18.266Hz  corr=-378.74W  u_ff=121.8W  PCAP→78W  power=78.7W
[PID] perf=29.415Hz  target=11.119Hz  err=-18.296Hz  corr=-379.30W  u_ff=121.8W  PCAP→78W  power=79.4W
[PID] perf=29.356Hz  target=11.119Hz  err=-18.237Hz  corr=-378.21W  u_ff=121.8W  PCAP→78W  power=79.2W
[PID] perf=29.416Hz  target=11.119Hz  err=-18.297Hz  corr=-379.32W  u_ff=121.8W  PCAP→78W  power=78.5W
[PID] perf=29.423Hz  target=11.119Hz  err=-18.304Hz  corr=-379.44W  u_ff=121.8W  PCAP→78W  power=77.7W
[PID] perf=29.404Hz  target=11.119Hz  err=-18.285Hz  corr=-379.10W  u_ff=121.8W  PCAP→78W  power=76.5W
[PID] perf=29.419Hz  target=11.119Hz  err=-18.301Hz  corr=-379.38W  u_ff=121.8W  PCAP→78W  power=77.3W
[PID] perf=29.337Hz  target=11.119Hz  err=-18.219Hz  corr=-377.86W  u_ff=121.8W  PCAP→78W  power=77.4W
[PID] perf=29.359Hz  target=11.119Hz  err=-18.240Hz  corr=-378.25W  u_ff=121.8W  PCAP→78W  power=79.2W
[PID] perf=29.317Hz  target=11.119Hz  err=-18.198Hz  corr=-377.48W  u_ff=121.8W  PCAP→78W  power=76.8W
[PID] perf=29.359Hz  target=11.119Hz  err=-18.241Hz  corr=-378.27W  u_ff=121.8W  PCAP→78W  power=78.7W
[PID] perf=29.413Hz  target=11.119Hz  err=-18.294Hz  corr=-379.26W  u_ff=121.8W  PCAP→78W  power=78.9W
[PID] perf=29.448Hz  target=11.119Hz  err=-18.329Hz  corr=-379.90W  u_ff=121.8W  PCAP→78W  power=78.9W
[PID] perf=29.341Hz  target=11.119Hz  err=-18.222Hz  corr=-377.93W  u_ff=121.8W  PCAP→78W  power=78.7W
[PID] perf=28.002Hz  target=11.119Hz  err=-16.883Hz  corr=-353.09W  u_ff=121.8W  PCAP→78W  power=77.4W
[PID] perf=29.365Hz  target=11.119Hz  err=-18.246Hz  corr=-378.36W  u_ff=121.8W  PCAP→78W  power=76.9W
[PID] perf=29.410Hz  target=11.119Hz  err=-18.292Hz  corr=-379.21W  u_ff=121.8W  PCAP→78W  power=77.8W
[PID] perf=29.407Hz  target=11.119Hz  err=-18.288Hz  corr=-379.15W  u_ff=121.8W  PCAP→78W  power=77.3W
[PID] perf=29.392Hz  target=11.119Hz  err=-18.273Hz  corr=-378.87W  u_ff=121.8W  PCAP→78W  power=79.0W
[PID] perf=29.338Hz  target=11.119Hz  err=-18.219Hz  corr=-377.87W  u_ff=121.8W  PCAP→78W  power=78.2W
[PID] perf=28.069Hz  target=11.119Hz  err=-16.950Hz  corr=-354.34W  u_ff=121.8W  PCAP→78W  power=77.7W
[PID] perf=28.099Hz  target=11.119Hz  err=-16.980Hz  corr=-354.89W  u_ff=121.8W  PCAP→78W  power=77.6W
[PID] perf=29.380Hz  target=11.119Hz  err=-18.261Hz  corr=-378.64W  u_ff=121.8W  PCAP→78W  power=77.5W
[PID] perf=29.378Hz  target=11.119Hz  err=-18.259Hz  corr=-378.61W  u_ff=121.8W  PCAP→78W  power=78.9W
[PID] perf=29.420Hz  target=11.119Hz  err=-18.301Hz  corr=-379.38W  u_ff=121.8W  PCAP→78W  power=79.5W
[PID] perf=29.362Hz  target=11.119Hz  err=-18.243Hz  corr=-378.32W  u_ff=121.8W  PCAP→78W  power=79.1W
[PID] perf=29.426Hz  target=11.119Hz  err=-18.307Hz  corr=-379.50W  u_ff=121.8W  PCAP→78W  power=76.5W
[PID] perf=29.383Hz  target=11.119Hz  err=-18.264Hz  corr=-378.70W  u_ff=121.8W  PCAP→78W  power=78.1W
[PID] perf=29.359Hz  target=11.119Hz  err=-18.240Hz  corr=-378.26W  u_ff=121.8W  PCAP→78W  power=78.3W
[PID] perf=29.406Hz  target=11.119Hz  err=-18.287Hz  corr=-379.13W  u_ff=121.8W  PCAP→78W  power=79.8W
[PID] perf=29.380Hz  target=11.119Hz  err=-18.261Hz  corr=-378.65W  u_ff=121.8W  PCAP→78W  power=77.4W
[PID] perf=29.426Hz  target=11.119Hz  err=-18.307Hz  corr=-379.50W  u_ff=121.8W  PCAP→78W  power=79.3W
[PID] perf=29.380Hz  target=11.119Hz  err=-18.261Hz  corr=-378.64W  u_ff=121.8W  PCAP→78W  power=78.8W
[PID] perf=29.372Hz  target=11.119Hz  err=-18.253Hz  corr=-378.49W  u_ff=121.8W  PCAP→78W  power=76.8W
[PID] perf=29.406Hz  target=11.119Hz  err=-18.287Hz  corr=-379.12W  u_ff=121.8W  PCAP→78W  power=76.7W
[PID] perf=29.379Hz  target=11.119Hz  err=-18.260Hz  corr=-378.63W  u_ff=121.8W  PCAP→78W  power=77.5W
[PID] perf=29.407Hz  target=11.119Hz  err=-18.288Hz  corr=-379.15W  u_ff=121.8W  PCAP→78W  power=79.2W
[PID] perf=29.397Hz  target=11.119Hz  err=-18.278Hz  corr=-378.96W  u_ff=121.8W  PCAP→78W  power=78.8W
[PID] perf=29.332Hz  target=11.119Hz  err=-18.213Hz  corr=-377.76W  u_ff=121.8W  PCAP→78W  power=79.4W
[PID] perf=29.335Hz  target=11.119Hz  err=-18.216Hz  corr=-377.81W  u_ff=121.8W  PCAP→78W  power=79.1W
[PID] perf=29.364Hz  target=11.119Hz  err=-18.245Hz  corr=-378.35W  u_ff=121.8W  PCAP→78W  power=78.3W
[PID] perf=29.358Hz  target=11.119Hz  err=-18.239Hz  corr=-378.24W  u_ff=121.8W  PCAP→78W  power=78.7W
[PID] perf=29.397Hz  target=11.119Hz  err=-18.278Hz  corr=-378.95W  u_ff=121.8W  PCAP→78W  power=79.0W
[PID] perf=29.349Hz  target=11.119Hz  err=-18.230Hz  corr=-378.06W  u_ff=121.8W  PCAP→78W  power=76.8W
[PID] perf=29.365Hz  target=11.119Hz  err=-18.246Hz  corr=-378.37W  u_ff=121.8W  PCAP→78W  power=76.4W
[PID] perf=29.402Hz  target=11.119Hz  err=-18.283Hz  corr=-379.05W  u_ff=121.8W  PCAP→78W  power=79.4W
[PID] perf=29.424Hz  target=11.119Hz  err=-18.305Hz  corr=-379.46W  u_ff=121.8W  PCAP→78W  power=77.0W
[PID] perf=29.398Hz  target=11.119Hz  err=-18.279Hz  corr=-378.98W  u_ff=121.8W  PCAP→78W  power=76.8W
[PID] perf=29.408Hz  target=11.119Hz  err=-18.289Hz  corr=-379.16W  u_ff=121.8W  PCAP→78W  power=77.3W
[PID] perf=29.404Hz  target=11.119Hz  err=-18.286Hz  corr=-379.10W  u_ff=121.8W  PCAP→78W  power=78.1W
[PID] perf=29.379Hz  target=11.119Hz  err=-18.261Hz  corr=-378.64W  u_ff=121.8W  PCAP→78W  power=78.7W
[PID] perf=29.381Hz  target=11.119Hz  err=-18.263Hz  corr=-378.68W  u_ff=121.8W  PCAP→78W  power=77.9W
[PID] perf=27.592Hz  target=11.119Hz  err=-16.473Hz  corr=-345.48W  u_ff=121.8W  PCAP→78W  power=78.2W
[PID] perf=27.575Hz  target=11.119Hz  err=-16.456Hz  corr=-345.17W  u_ff=121.8W  PCAP→78W  power=77.8W
[PID] perf=27.675Hz  target=11.119Hz  err=-16.556Hz  corr=-347.03W  u_ff=121.8W  PCAP→78W  power=79.5W
[PID] perf=29.301Hz  target=11.119Hz  err=-18.182Hz  corr=-377.18W  u_ff=121.8W  PCAP→78W  power=76.5W
[PID] perf=29.414Hz  target=11.119Hz  err=-18.295Hz  corr=-379.28W  u_ff=121.8W  PCAP→78W  power=77.4W
[PID] perf=29.337Hz  target=11.119Hz  err=-18.219Hz  corr=-377.86W  u_ff=121.8W  PCAP→78W  power=76.0W
[PID] perf=29.351Hz  target=11.119Hz  err=-18.232Hz  corr=-378.11W  u_ff=121.8W  PCAP→78W  power=79.2W
[PID] perf=29.408Hz  target=11.119Hz  err=-18.289Hz  corr=-379.17W  u_ff=121.8W  PCAP→78W  power=78.0W
[PID] perf=29.349Hz  target=11.119Hz  err=-18.230Hz  corr=-378.07W  u_ff=121.8W  PCAP→78W  power=79.0W
[PID] perf=29.408Hz  target=11.119Hz  err=-18.289Hz  corr=-379.16W  u_ff=121.8W  PCAP→78W  power=77.9W
[PID] perf=29.411Hz  target=11.119Hz  err=-18.292Hz  corr=-379.23W  u_ff=121.8W  PCAP→78W  power=80.0W
[PID] perf=29.435Hz  target=11.119Hz  err=-18.316Hz  corr=-379.66W  u_ff=121.8W  PCAP→78W  power=76.3W
[PID] perf=29.463Hz  target=11.119Hz  err=-18.345Hz  corr=-380.19W  u_ff=121.8W  PCAP→78W  power=79.2W
[PID] perf=29.369Hz  target=11.119Hz  err=-18.251Hz  corr=-378.45W  u_ff=121.8W  PCAP→78W  power=78.5W
[PID] perf=29.380Hz  target=11.119Hz  err=-18.262Hz  corr=-378.66W  u_ff=121.8W  PCAP→78W  power=76.1W
[PID] perf=29.385Hz  target=11.119Hz  err=-18.266Hz  corr=-378.74W  u_ff=121.8W  PCAP→78W  power=78.6W
[PID] perf=29.384Hz  target=11.119Hz  err=-18.265Hz  corr=-378.73W  u_ff=121.8W  PCAP→78W  power=78.2W
[PID] perf=29.407Hz  target=11.119Hz  err=-18.288Hz  corr=-379.14W  u_ff=121.8W  PCAP→78W  power=79.4W
[PID] perf=29.400Hz  target=11.119Hz  err=-18.281Hz  corr=-379.02W  u_ff=121.8W  PCAP→78W  power=77.6W
[PID] perf=29.373Hz  target=11.119Hz  err=-18.254Hz  corr=-378.52W  u_ff=121.8W  PCAP→78W  power=78.6W
[PID] perf=29.360Hz  target=11.119Hz  err=-18.241Hz  corr=-378.27W  u_ff=121.8W  PCAP→78W  power=79.3W
[PID] perf=29.347Hz  target=11.119Hz  err=-18.228Hz  corr=-378.03W  u_ff=121.8W  PCAP→78W  power=79.1W
[PID] perf=25.154Hz  target=11.119Hz  err=-14.035Hz  corr=-300.28W  u_ff=121.8W  PCAP→78W  power=75.2W
[PID] perf=85.180Hz  target=11.119Hz  err=-74.061Hz  corr=-1413.44W  u_ff=121.8W  PCAP→78W  power=77.1W
[PID] perf=10.753Hz  target=11.119Hz  err=+0.366Hz  corr=-25.72W  u_ff=121.8W  PCAP→95W  power=78.2W
[PID] perf=11.720Hz  target=11.119Hz  err=-0.601Hz  corr=-45.88W  u_ff=121.8W  PCAP→78W  power=95.1W
[PID] perf=25.234Hz  target=11.119Hz  err=-14.115Hz  corr=-301.76W  u_ff=121.8W  PCAP→78W  power=77.0W
[PID] perf=25.478Hz  target=11.119Hz  err=-14.359Hz  corr=-306.29W  u_ff=121.8W  PCAP→78W  power=78.0W
[PID] perf=25.685Hz  target=11.119Hz  err=-14.566Hz  corr=-310.13W  u_ff=121.8W  PCAP→78W  power=78.3W
[PID] perf=25.689Hz  target=11.119Hz  err=-14.570Hz  corr=-310.20W  u_ff=121.8W  PCAP→78W  power=79.3W
[PID] perf=25.670Hz  target=11.119Hz  err=-14.551Hz  corr=-309.84W  u_ff=121.8W  PCAP→78W  power=78.8W
[PID] perf=25.586Hz  target=11.119Hz  err=-14.467Hz  corr=-308.28W  u_ff=121.8W  PCAP→78W  power=78.7W
[PID] perf=25.549Hz  target=11.119Hz  err=-14.431Hz  corr=-307.61W  u_ff=121.8W  PCAP→78W  power=76.7W
[PID] perf=25.583Hz  target=11.119Hz  err=-14.464Hz  corr=-308.23W  u_ff=121.8W  PCAP→78W  power=78.7W
[PID] perf=25.559Hz  target=11.119Hz  err=-14.441Hz  corr=-307.80W  u_ff=121.8W  PCAP→78W  power=76.7W
[PID] perf=25.605Hz  target=11.119Hz  err=-14.486Hz  corr=-308.65W  u_ff=121.8W  PCAP→78W  power=76.9W
[PID] perf=25.582Hz  target=11.119Hz  err=-14.463Hz  corr=-308.21W  u_ff=121.8W  PCAP→78W  power=76.7W
[PID] perf=25.576Hz  target=11.119Hz  err=-14.458Hz  corr=-308.11W  u_ff=121.8W  PCAP→78W  power=78.7W
[PID] perf=25.581Hz  target=11.119Hz  err=-14.463Hz  corr=-308.20W  u_ff=121.8W  PCAP→78W  power=78.8W
[PID] perf=25.603Hz  target=11.119Hz  err=-14.485Hz  corr=-308.61W  u_ff=121.8W  PCAP→78W  power=78.4W
[PID] perf=25.584Hz  target=11.119Hz  err=-14.465Hz  corr=-308.26W  u_ff=121.8W  PCAP→78W  power=78.7W
[PID] perf=25.550Hz  target=11.119Hz  err=-14.431Hz  corr=-307.62W  u_ff=121.8W  PCAP→78W  power=78.4W
[PID] perf=25.639Hz  target=11.119Hz  err=-14.520Hz  corr=-309.27W  u_ff=121.8W  PCAP→78W  power=78.9W
[PID] perf=25.718Hz  target=11.119Hz  err=-14.599Hz  corr=-310.74W  u_ff=121.8W  PCAP→78W  power=79.2W
[PID] perf=25.695Hz  target=11.119Hz  err=-14.576Hz  corr=-310.30W  u_ff=121.8W  PCAP→78W  power=77.1W
[PID] perf=25.700Hz  target=11.119Hz  err=-14.581Hz  corr=-310.40W  u_ff=121.8W  PCAP→78W  power=77.4W
[PID] perf=25.679Hz  target=11.119Hz  err=-14.560Hz  corr=-310.02W  u_ff=121.8W  PCAP→78W  power=77.8W
[PID] perf=25.712Hz  target=11.119Hz  err=-14.594Hz  corr=-310.63W  u_ff=121.8W  PCAP→78W  power=77.3W
[PID] perf=25.731Hz  target=11.119Hz  err=-14.612Hz  corr=-310.98W  u_ff=121.8W  PCAP→78W  power=77.7W
[PID] perf=25.708Hz  target=11.119Hz  err=-14.589Hz  corr=-310.55W  u_ff=121.8W  PCAP→78W  power=77.1W
[PID] perf=25.721Hz  target=11.119Hz  err=-14.602Hz  corr=-310.80W  u_ff=121.8W  PCAP→78W  power=77.8W
[PID] perf=25.697Hz  target=11.119Hz  err=-14.578Hz  corr=-310.35W  u_ff=121.8W  PCAP→78W  power=79.0W
[PID] perf=25.651Hz  target=11.119Hz  err=-14.532Hz  corr=-309.49W  u_ff=121.8W  PCAP→78W  power=77.2W
[PID] perf=25.697Hz  target=11.119Hz  err=-14.578Hz  corr=-310.35W  u_ff=121.8W  PCAP→78W  power=77.7W
[PID] perf=25.710Hz  target=11.119Hz  err=-14.591Hz  corr=-310.58W  u_ff=121.8W  PCAP→78W  power=76.4W
[PID] perf=25.699Hz  target=11.119Hz  err=-14.581Hz  corr=-310.39W  u_ff=121.8W  PCAP→78W  power=78.1W
[PID] perf=25.719Hz  target=11.119Hz  err=-14.600Hz  corr=-310.76W  u_ff=121.8W  PCAP→78W  power=78.7W
[PID] perf=25.670Hz  target=11.119Hz  err=-14.552Hz  corr=-309.85W  u_ff=121.8W  PCAP→78W  power=78.4W
[PID] perf=25.695Hz  target=11.119Hz  err=-14.577Hz  corr=-310.32W  u_ff=121.8W  PCAP→78W  power=77.7W
[PID] perf=25.703Hz  target=11.119Hz  err=-14.585Hz  corr=-310.47W  u_ff=121.8W  PCAP→78W  power=78.5W
[PID] perf=25.716Hz  target=11.119Hz  err=-14.598Hz  corr=-310.71W  u_ff=121.8W  PCAP→78W  power=76.0W
[PID] perf=25.676Hz  target=11.119Hz  err=-14.558Hz  corr=-309.97W  u_ff=121.8W  PCAP→78W  power=78.4W
[PID] perf=25.681Hz  target=11.119Hz  err=-14.562Hz  corr=-310.05W  u_ff=121.8W  PCAP→78W  power=78.3W
[PID] perf=25.701Hz  target=11.119Hz  err=-14.582Hz  corr=-310.42W  u_ff=121.8W  PCAP→78W  power=78.3W
[PID] perf=25.704Hz  target=11.119Hz  err=-14.585Hz  corr=-310.48W  u_ff=121.8W  PCAP→78W  power=77.5W
[PID] perf=25.719Hz  target=11.119Hz  err=-14.600Hz  corr=-310.75W  u_ff=121.8W  PCAP→78W  power=76.7W
[PID] perf=25.715Hz  target=11.119Hz  err=-14.596Hz  corr=-310.68W  u_ff=121.8W  PCAP→78W  power=76.0W
[PID] perf=25.687Hz  target=11.119Hz  err=-14.568Hz  corr=-310.15W  u_ff=121.8W  PCAP→78W  power=78.9W
[PID] perf=25.700Hz  target=11.119Hz  err=-14.582Hz  corr=-310.41W  u_ff=121.8W  PCAP→78W  power=78.7W
[PID] perf=25.656Hz  target=11.119Hz  err=-14.537Hz  corr=-309.58W  u_ff=121.8W  PCAP→78W  power=78.3W
[PID] perf=25.658Hz  target=11.119Hz  err=-14.539Hz  corr=-309.62W  u_ff=121.8W  PCAP→78W  power=76.3W
[PID] perf=25.664Hz  target=11.119Hz  err=-14.546Hz  corr=-309.74W  u_ff=121.8W  PCAP→78W  power=76.7W
[PID] perf=25.663Hz  target=11.119Hz  err=-14.545Hz  corr=-309.73W  u_ff=121.8W  PCAP→78W  power=76.7W
[PID] perf=25.734Hz  target=11.119Hz  err=-14.616Hz  corr=-311.04W  u_ff=121.8W  PCAP→78W  power=78.4W
[PID] perf=25.742Hz  target=11.119Hz  err=-14.623Hz  corr=-311.18W  u_ff=121.8W  PCAP→78W  power=76.5W
[PID] perf=25.695Hz  target=11.119Hz  err=-14.576Hz  corr=-310.32W  u_ff=121.8W  PCAP→78W  power=78.2W
[PID] perf=25.733Hz  target=11.119Hz  err=-14.615Hz  corr=-311.02W  u_ff=121.8W  PCAP→78W  power=78.5W
[PID] perf=25.673Hz  target=11.119Hz  err=-14.554Hz  corr=-309.91W  u_ff=121.8W  PCAP→78W  power=77.9W
[PID] perf=25.688Hz  target=11.119Hz  err=-14.569Hz  corr=-310.17W  u_ff=121.8W  PCAP→78W  power=77.4W
[PID] perf=25.678Hz  target=11.119Hz  err=-14.559Hz  corr=-309.99W  u_ff=121.8W  PCAP→78W  power=78.4W
[PID] perf=25.650Hz  target=11.119Hz  err=-14.532Hz  corr=-309.49W  u_ff=121.8W  PCAP→78W  power=78.3W
[PID] perf=25.703Hz  target=11.119Hz  err=-14.585Hz  corr=-310.47W  u_ff=121.8W  PCAP→78W  power=78.9W
[PID] perf=25.679Hz  target=11.119Hz  err=-14.560Hz  corr=-310.02W  u_ff=121.8W  PCAP→78W  power=78.2W
[PID] perf=25.713Hz  target=11.119Hz  err=-14.594Hz  corr=-310.64W  u_ff=121.8W  PCAP→78W  power=79.3W
[PID] perf=25.738Hz  target=11.119Hz  err=-14.620Hz  corr=-311.11W  u_ff=121.8W  PCAP→78W  power=78.0W
[PID] perf=25.693Hz  target=11.119Hz  err=-14.574Hz  corr=-310.28W  u_ff=121.8W  PCAP→78W  power=77.5W
[PID] perf=25.728Hz  target=11.119Hz  err=-14.610Hz  corr=-310.93W  u_ff=121.8W  PCAP→78W  power=79.0W
[PID] perf=25.729Hz  target=11.119Hz  err=-14.610Hz  corr=-310.94W  u_ff=121.8W  PCAP→78W  power=78.5W
[PID] perf=25.719Hz  target=11.119Hz  err=-14.600Hz  corr=-310.76W  u_ff=121.8W  PCAP→78W  power=77.5W
[PID] perf=25.752Hz  target=11.119Hz  err=-14.633Hz  corr=-311.36W  u_ff=121.8W  PCAP→78W  power=77.3W
[PID] perf=25.711Hz  target=11.119Hz  err=-14.593Hz  corr=-310.61W  u_ff=121.8W  PCAP→78W  power=79.1W
[PID] perf=25.727Hz  target=11.119Hz  err=-14.608Hz  corr=-310.90W  u_ff=121.8W  PCAP→78W  power=79.4W
[PID] perf=25.731Hz  target=11.119Hz  err=-14.612Hz  corr=-310.97W  u_ff=121.8W  PCAP→78W  power=79.3W
[PID] perf=25.677Hz  target=11.119Hz  err=-14.559Hz  corr=-309.98W  u_ff=121.8W  PCAP→78W  power=78.3W
[PID] perf=25.721Hz  target=11.119Hz  err=-14.602Hz  corr=-310.79W  u_ff=121.8W  PCAP→78W  power=78.0W
[PID] perf=25.730Hz  target=11.119Hz  err=-14.611Hz  corr=-310.96W  u_ff=121.8W  PCAP→78W  power=77.3W
[PID] perf=25.676Hz  target=11.119Hz  err=-14.557Hz  corr=-309.95W  u_ff=121.8W  PCAP→78W  power=77.4W
[PID] perf=25.742Hz  target=11.119Hz  err=-14.623Hz  corr=-311.19W  u_ff=121.8W  PCAP→78W  power=78.1W
[PID] perf=25.715Hz  target=11.119Hz  err=-14.596Hz  corr=-310.68W  u_ff=121.8W  PCAP→78W  power=79.3W
[PID] perf=25.711Hz  target=11.119Hz  err=-14.592Hz  corr=-310.60W  u_ff=121.8W  PCAP→78W  power=77.3W
[PID] perf=24.726Hz  target=11.119Hz  err=-13.607Hz  corr=-292.34W  u_ff=121.8W  PCAP→78W  power=77.3W
[PID] perf=24.871Hz  target=11.119Hz  err=-13.752Hz  corr=-295.03W  u_ff=121.8W  PCAP→78W  power=76.5W
[PID] perf=24.851Hz  target=11.119Hz  err=-13.733Hz  corr=-294.67W  u_ff=121.8W  PCAP→78W  power=79.6W
[PID] perf=24.874Hz  target=11.119Hz  err=-13.755Hz  corr=-295.08W  u_ff=121.8W  PCAP→78W  power=78.0W
[PID] perf=24.877Hz  target=11.119Hz  err=-13.758Hz  corr=-295.14W  u_ff=121.8W  PCAP→78W  power=77.9W
[PID] perf=24.874Hz  target=11.119Hz  err=-13.755Hz  corr=-295.08W  u_ff=121.8W  PCAP→78W  power=78.9W
[PID] perf=24.883Hz  target=11.119Hz  err=-13.764Hz  corr=-295.25W  u_ff=121.8W  PCAP→78W  power=77.8W
[PID] perf=24.882Hz  target=11.119Hz  err=-13.763Hz  corr=-295.23W  u_ff=121.8W  PCAP→78W  power=77.6W
[PID] perf=24.857Hz  target=11.119Hz  err=-13.739Hz  corr=-294.78W  u_ff=121.8W  PCAP→78W  power=77.6W
[PID] perf=24.871Hz  target=11.119Hz  err=-13.752Hz  corr=-295.03W  u_ff=121.8W  PCAP→78W  power=78.3W
[PID] perf=24.900Hz  target=11.119Hz  err=-13.781Hz  corr=-295.56W  u_ff=121.8W  PCAP→78W  power=76.2W
[PID] perf=24.889Hz  target=11.119Hz  err=-13.770Hz  corr=-295.36W  u_ff=121.8W  PCAP→78W  power=78.5W
[PID] perf=24.830Hz  target=11.119Hz  err=-13.711Hz  corr=-294.27W  u_ff=121.8W  PCAP→78W  power=78.0W
[PID] perf=23.960Hz  target=11.119Hz  err=-12.841Hz  corr=-278.13W  u_ff=121.8W  PCAP→78W  power=79.1W
[PID] perf=24.185Hz  target=11.119Hz  err=-13.066Hz  corr=-282.31W  u_ff=121.8W  PCAP→78W  power=79.1W
[PID] perf=24.234Hz  target=11.119Hz  err=-13.115Hz  corr=-283.21W  u_ff=121.8W  PCAP→78W  power=77.7W
[PID] perf=24.281Hz  target=11.119Hz  err=-13.162Hz  corr=-284.09W  u_ff=121.8W  PCAP→78W  power=78.7W
[PID] perf=24.315Hz  target=11.119Hz  err=-13.196Hz  corr=-284.72W  u_ff=121.8W  PCAP→78W  power=76.5W
[PID] perf=24.263Hz  target=11.119Hz  err=-13.145Hz  corr=-283.76W  u_ff=121.8W  PCAP→78W  power=77.8W
[PID] perf=24.288Hz  target=11.119Hz  err=-13.169Hz  corr=-284.22W  u_ff=121.8W  PCAP→78W  power=79.3W
[PID] perf=24.329Hz  target=11.119Hz  err=-13.210Hz  corr=-284.97W  u_ff=121.8W  PCAP→78W  power=78.5W
[PID] perf=24.259Hz  target=11.119Hz  err=-13.140Hz  corr=-283.68W  u_ff=121.8W  PCAP→78W  power=78.3W
[PID] perf=24.278Hz  target=11.119Hz  err=-13.159Hz  corr=-284.03W  u_ff=121.8W  PCAP→78W  power=77.9W
[PID] perf=24.274Hz  target=11.119Hz  err=-13.155Hz  corr=-283.96W  u_ff=121.8W  PCAP→78W  power=78.7W
[PID] perf=24.294Hz  target=11.119Hz  err=-13.175Hz  corr=-284.33W  u_ff=121.8W  PCAP→78W  power=76.3W
[PID] perf=24.280Hz  target=11.119Hz  err=-13.161Hz  corr=-284.07W  u_ff=121.8W  PCAP→78W  power=79.6W
[PID] perf=25.139Hz  target=11.119Hz  err=-14.020Hz  corr=-300.00W  u_ff=121.8W  PCAP→78W  power=77.8W
[PID] perf=26.941Hz  target=11.119Hz  err=-15.822Hz  corr=-333.42W  u_ff=121.8W  PCAP→78W  power=79.2W
[PID] perf=26.985Hz  target=11.119Hz  err=-15.867Hz  corr=-334.24W  u_ff=121.8W  PCAP→78W  power=77.5W
[PID] perf=26.978Hz  target=11.119Hz  err=-15.859Hz  corr=-334.10W  u_ff=121.8W  PCAP→78W  power=76.3W
[PID] perf=26.996Hz  target=11.119Hz  err=-15.877Hz  corr=-334.43W  u_ff=121.8W  PCAP→78W  power=78.3W
[PID] perf=27.018Hz  target=11.119Hz  err=-15.899Hz  corr=-334.85W  u_ff=121.8W  PCAP→78W  power=78.4W
[PID] perf=26.981Hz  target=11.119Hz  err=-15.862Hz  corr=-334.16W  u_ff=121.8W  PCAP→78W  power=78.7W
[PID] perf=26.991Hz  target=11.119Hz  err=-15.872Hz  corr=-334.34W  u_ff=121.8W  PCAP→78W  power=77.3W
[PID] perf=26.985Hz  target=11.119Hz  err=-15.866Hz  corr=-334.23W  u_ff=121.8W  PCAP→78W  power=77.1W
[PID] perf=26.972Hz  target=11.119Hz  err=-15.853Hz  corr=-333.99W  u_ff=121.8W  PCAP→78W  power=78.1W
[PID] perf=26.967Hz  target=11.119Hz  err=-15.848Hz  corr=-333.90W  u_ff=121.8W  PCAP→78W  power=78.0W
[PID] perf=26.995Hz  target=11.119Hz  err=-15.876Hz  corr=-334.42W  u_ff=121.8W  PCAP→78W  power=78.7W
[PID] perf=27.003Hz  target=11.119Hz  err=-15.884Hz  corr=-334.57W  u_ff=121.8W  PCAP→78W  power=77.3W
[PID] perf=27.013Hz  target=11.119Hz  err=-15.895Hz  corr=-334.76W  u_ff=121.8W  PCAP→78W  power=77.1W
[PID] perf=26.949Hz  target=11.119Hz  err=-15.830Hz  corr=-333.56W  u_ff=121.8W  PCAP→78W  power=77.6W
[PID] perf=27.011Hz  target=11.119Hz  err=-15.892Hz  corr=-334.71W  u_ff=121.8W  PCAP→78W  power=78.0W
[PID] perf=26.864Hz  target=11.119Hz  err=-15.746Hz  corr=-332.00W  u_ff=121.8W  PCAP→78W  power=79.1W
[PID] perf=26.921Hz  target=11.119Hz  err=-15.802Hz  corr=-333.05W  u_ff=121.8W  PCAP→78W  power=77.1W
[PID] perf=26.968Hz  target=11.119Hz  err=-15.849Hz  corr=-333.92W  u_ff=121.8W  PCAP→78W  power=78.8W
[PID] perf=26.931Hz  target=11.119Hz  err=-15.812Hz  corr=-333.23W  u_ff=121.8W  PCAP→78W  power=78.6W
[PID] perf=26.915Hz  target=11.119Hz  err=-15.796Hz  corr=-332.93W  u_ff=121.8W  PCAP→78W  power=77.5W
[PID] perf=26.960Hz  target=11.119Hz  err=-15.842Hz  corr=-333.78W  u_ff=121.8W  PCAP→78W  power=78.4W
[PID] perf=26.920Hz  target=11.119Hz  err=-15.801Hz  corr=-333.03W  u_ff=121.8W  PCAP→78W  power=76.7W
[PID] perf=26.961Hz  target=11.119Hz  err=-15.842Hz  corr=-333.78W  u_ff=121.8W  PCAP→78W  power=77.4W
[PID] perf=26.949Hz  target=11.119Hz  err=-15.830Hz  corr=-333.57W  u_ff=121.8W  PCAP→78W  power=78.5W
[PID] perf=26.754Hz  target=11.119Hz  err=-15.635Hz  corr=-329.94W  u_ff=121.8W  PCAP→78W  power=77.7W
[PID] perf=27.015Hz  target=11.119Hz  err=-15.896Hz  corr=-334.79W  u_ff=121.8W  PCAP→78W  power=77.5W
[PID] perf=26.993Hz  target=11.119Hz  err=-15.874Hz  corr=-334.38W  u_ff=121.8W  PCAP→78W  power=77.1W
[PID] perf=26.985Hz  target=11.119Hz  err=-15.866Hz  corr=-334.23W  u_ff=121.8W  PCAP→78W  power=77.5W
[PID] perf=26.946Hz  target=11.119Hz  err=-15.827Hz  corr=-333.51W  u_ff=121.8W  PCAP→78W  power=77.5W
[PID] perf=26.993Hz  target=11.119Hz  err=-15.874Hz  corr=-334.38W  u_ff=121.8W  PCAP→78W  power=79.2W
[PID] perf=27.017Hz  target=11.119Hz  err=-15.898Hz  corr=-334.83W  u_ff=121.8W  PCAP→78W  power=77.2W
[PID] perf=27.026Hz  target=11.119Hz  err=-15.907Hz  corr=-335.00W  u_ff=121.8W  PCAP→78W  power=78.5W
[PID] perf=27.067Hz  target=11.119Hz  err=-15.948Hz  corr=-335.75W  u_ff=121.8W  PCAP→78W  power=78.5W
[PID] perf=27.000Hz  target=11.119Hz  err=-15.881Hz  corr=-334.51W  u_ff=121.8W  PCAP→78W  power=76.7W
[PID] perf=27.078Hz  target=11.119Hz  err=-15.959Hz  corr=-335.96W  u_ff=121.8W  PCAP→78W  power=77.0W
[PID] perf=27.113Hz  target=11.119Hz  err=-15.994Hz  corr=-336.60W  u_ff=121.8W  PCAP→78W  power=77.3W
[PID] perf=27.102Hz  target=11.119Hz  err=-15.984Hz  corr=-336.41W  u_ff=121.8W  PCAP→78W  power=77.0W
[PID] perf=27.167Hz  target=11.119Hz  err=-16.049Hz  corr=-337.62W  u_ff=121.8W  PCAP→78W  power=76.7W
[PID] perf=27.120Hz  target=11.119Hz  err=-16.001Hz  corr=-336.73W  u_ff=121.8W  PCAP→78W  power=78.0W
[PID] perf=27.162Hz  target=11.119Hz  err=-16.044Hz  corr=-337.53W  u_ff=121.8W  PCAP→78W  power=77.5W
[PID] perf=27.181Hz  target=11.119Hz  err=-16.063Hz  corr=-337.88W  u_ff=121.8W  PCAP→78W  power=78.0W
[PID] perf=27.089Hz  target=11.119Hz  err=-15.970Hz  corr=-336.16W  u_ff=121.8W  PCAP→78W  power=77.4W
[PID] perf=27.077Hz  target=11.119Hz  err=-15.958Hz  corr=-335.94W  u_ff=121.8W  PCAP→78W  power=77.5W
[PID] perf=27.140Hz  target=11.119Hz  err=-16.021Hz  corr=-337.10W  u_ff=121.8W  PCAP→78W  power=78.0W
[PID] perf=27.222Hz  target=11.119Hz  err=-16.104Hz  corr=-338.64W  u_ff=121.8W  PCAP→78W  power=79.2W
[PID] perf=27.222Hz  target=11.119Hz  err=-16.104Hz  corr=-338.63W  u_ff=121.8W  PCAP→78W  power=77.4W
[PID] perf=27.204Hz  target=11.119Hz  err=-16.086Hz  corr=-338.30W  u_ff=121.8W  PCAP→78W  power=77.2W
[PID] perf=27.246Hz  target=11.119Hz  err=-16.127Hz  corr=-339.07W  u_ff=121.8W  PCAP→78W  power=78.0W
[PID] perf=27.422Hz  target=11.119Hz  err=-16.303Hz  corr=-342.33W  u_ff=121.8W  PCAP→78W  power=77.9W
[PID] perf=27.471Hz  target=11.119Hz  err=-16.353Hz  corr=-343.25W  u_ff=121.8W  PCAP→78W  power=79.3W
[PID] perf=27.476Hz  target=11.119Hz  err=-16.358Hz  corr=-343.35W  u_ff=121.8W  PCAP→78W  power=78.5W
[PID] perf=26.810Hz  target=11.119Hz  err=-15.691Hz  corr=-330.98W  u_ff=121.8W  PCAP→78W  power=78.7W
[PID] perf=26.905Hz  target=11.119Hz  err=-15.787Hz  corr=-332.76W  u_ff=121.8W  PCAP→78W  power=78.1W
[PID] perf=26.916Hz  target=11.119Hz  err=-15.797Hz  corr=-332.96W  u_ff=121.8W  PCAP→78W  power=78.0W
[PID] perf=26.954Hz  target=11.119Hz  err=-15.836Hz  corr=-333.67W  u_ff=121.8W  PCAP→78W  power=77.6W
[PID] perf=26.962Hz  target=11.119Hz  err=-15.843Hz  corr=-333.81W  u_ff=121.8W  PCAP→78W  power=76.9W
[PID] perf=26.968Hz  target=11.119Hz  err=-15.850Hz  corr=-333.93W  u_ff=121.8W  PCAP→78W  power=77.1W
[PID] perf=27.012Hz  target=11.119Hz  err=-15.894Hz  corr=-334.74W  u_ff=121.8W  PCAP→78W  power=76.5W
[PID] perf=26.944Hz  target=11.119Hz  err=-15.825Hz  corr=-333.47W  u_ff=121.8W  PCAP→78W  power=78.3W
[PID] perf=26.850Hz  target=11.119Hz  err=-15.731Hz  corr=-331.72W  u_ff=121.8W  PCAP→78W  power=79.4W
[PID] perf=26.897Hz  target=11.119Hz  err=-15.778Hz  corr=-332.61W  u_ff=121.8W  PCAP→78W  power=76.7W
[PID] perf=26.885Hz  target=11.119Hz  err=-15.766Hz  corr=-332.37W  u_ff=121.8W  PCAP→78W  power=77.4W
[PID] perf=26.977Hz  target=11.119Hz  err=-15.858Hz  corr=-334.09W  u_ff=121.8W  PCAP→78W  power=77.5W
[PID] perf=26.975Hz  target=11.119Hz  err=-15.856Hz  corr=-334.05W  u_ff=121.8W  PCAP→78W  power=77.5W
[PID] perf=27.001Hz  target=11.119Hz  err=-15.882Hz  corr=-334.53W  u_ff=121.8W  PCAP→78W  power=79.4W
[PID] perf=27.006Hz  target=11.119Hz  err=-15.888Hz  corr=-334.63W  u_ff=121.8W  PCAP→78W  power=78.4W
[PID] perf=26.973Hz  target=11.119Hz  err=-15.854Hz  corr=-334.01W  u_ff=121.8W  PCAP→78W  power=77.6W
[PID] perf=26.989Hz  target=11.119Hz  err=-15.870Hz  corr=-334.31W  u_ff=121.8W  PCAP→78W  power=77.1W
[PID] perf=26.895Hz  target=11.119Hz  err=-15.776Hz  corr=-332.57W  u_ff=121.8W  PCAP→78W  power=78.4W
[PID] perf=26.926Hz  target=11.119Hz  err=-15.808Hz  corr=-333.15W  u_ff=121.8W  PCAP→78W  power=78.1W
[PID] perf=26.988Hz  target=11.119Hz  err=-15.869Hz  corr=-334.29W  u_ff=121.8W  PCAP→78W  power=76.2W
[PID] perf=26.992Hz  target=11.119Hz  err=-15.873Hz  corr=-334.36W  u_ff=121.8W  PCAP→78W  power=77.8W
[PID] perf=26.985Hz  target=11.119Hz  err=-15.867Hz  corr=-334.24W  u_ff=121.8W  PCAP→78W  power=77.2W
[PID] perf=26.982Hz  target=11.119Hz  err=-15.863Hz  corr=-334.18W  u_ff=121.8W  PCAP→78W  power=78.9W
[PID] perf=26.954Hz  target=11.119Hz  err=-15.835Hz  corr=-333.65W  u_ff=121.8W  PCAP→78W  power=79.3W
[PID] perf=26.974Hz  target=11.119Hz  err=-15.855Hz  corr=-334.03W  u_ff=121.8W  PCAP→78W  power=78.2W
[PID] perf=27.059Hz  target=11.119Hz  err=-15.940Hz  corr=-335.60W  u_ff=121.8W  PCAP→78W  power=77.5W
[PID] perf=27.087Hz  target=11.119Hz  err=-15.969Hz  corr=-336.13W  u_ff=121.8W  PCAP→78W  power=79.1W
[PID] perf=27.055Hz  target=11.119Hz  err=-15.937Hz  corr=-335.54W  u_ff=121.8W  PCAP→78W  power=78.7W
[PID] perf=27.080Hz  target=11.119Hz  err=-15.961Hz  corr=-335.99W  u_ff=121.8W  PCAP→78W  power=79.0W
[PID] perf=27.037Hz  target=11.119Hz  err=-15.918Hz  corr=-335.19W  u_ff=121.8W  PCAP→78W  power=77.9W
[PID] perf=27.105Hz  target=11.119Hz  err=-15.987Hz  corr=-336.47W  u_ff=121.8W  PCAP→78W  power=76.4W
[PID] perf=27.168Hz  target=11.119Hz  err=-16.049Hz  corr=-337.62W  u_ff=121.8W  PCAP→78W  power=78.8W
[PID] perf=27.190Hz  target=11.119Hz  err=-16.071Hz  corr=-338.03W  u_ff=121.8W  PCAP→78W  power=78.0W
[PID] perf=27.212Hz  target=11.119Hz  err=-16.094Hz  corr=-338.45W  u_ff=121.8W  PCAP→78W  power=76.6W
[PID] perf=27.184Hz  target=11.119Hz  err=-16.065Hz  corr=-337.92W  u_ff=121.8W  PCAP→78W  power=77.1W
[PID] perf=27.212Hz  target=11.119Hz  err=-16.094Hz  corr=-338.45W  u_ff=121.8W  PCAP→78W  power=79.2W
[PID] perf=27.206Hz  target=11.119Hz  err=-16.087Hz  corr=-338.32W  u_ff=121.8W  PCAP→78W  power=79.1W
[PID] perf=27.226Hz  target=11.119Hz  err=-16.107Hz  corr=-338.71W  u_ff=121.8W  PCAP→78W  power=78.4W
[PID] perf=27.197Hz  target=11.119Hz  err=-16.079Hz  corr=-338.17W  u_ff=121.8W  PCAP→78W  power=78.2W
[PID] perf=27.205Hz  target=11.119Hz  err=-16.087Hz  corr=-338.32W  u_ff=121.8W  PCAP→78W  power=78.9W
[PID] perf=27.156Hz  target=11.119Hz  err=-16.037Hz  corr=-337.40W  u_ff=121.8W  PCAP→78W  power=77.7W
[PID] perf=27.217Hz  target=11.119Hz  err=-16.098Hz  corr=-338.53W  u_ff=121.8W  PCAP→78W  power=78.9W
[PID] perf=27.201Hz  target=11.119Hz  err=-16.082Hz  corr=-338.24W  u_ff=121.8W  PCAP→78W  power=77.5W
[PID] perf=27.185Hz  target=11.119Hz  err=-16.066Hz  corr=-337.95W  u_ff=121.8W  PCAP→78W  power=77.0W
[PID] perf=27.191Hz  target=11.119Hz  err=-16.072Hz  corr=-338.05W  u_ff=121.8W  PCAP→78W  power=77.0W
[PID] perf=27.197Hz  target=11.119Hz  err=-16.079Hz  corr=-338.17W  u_ff=121.8W  PCAP→78W  power=76.9W
[PID] perf=27.163Hz  target=11.119Hz  err=-16.044Hz  corr=-337.53W  u_ff=121.8W  PCAP→78W  power=76.1W
[PID] perf=27.192Hz  target=11.119Hz  err=-16.074Hz  corr=-338.08W  u_ff=121.8W  PCAP→78W  power=76.5W
[PID] perf=27.197Hz  target=11.119Hz  err=-16.078Hz  corr=-338.17W  u_ff=121.8W  PCAP→78W  power=77.9W
[PID] perf=27.174Hz  target=11.119Hz  err=-16.055Hz  corr=-337.74W  u_ff=121.8W  PCAP→78W  power=77.9W
[PID] perf=27.175Hz  target=11.119Hz  err=-16.057Hz  corr=-337.76W  u_ff=121.8W  PCAP→78W  power=78.5W
[PID] perf=27.202Hz  target=11.119Hz  err=-16.084Hz  corr=-338.26W  u_ff=121.8W  PCAP→78W  power=78.7W
[PID] perf=27.192Hz  target=11.119Hz  err=-16.073Hz  corr=-338.07W  u_ff=121.8W  PCAP→78W  power=79.1W
[PID] perf=27.160Hz  target=11.119Hz  err=-16.041Hz  corr=-337.48W  u_ff=121.8W  PCAP→78W  power=78.9W
[PID] perf=27.113Hz  target=11.119Hz  err=-15.994Hz  corr=-336.61W  u_ff=121.8W  PCAP→78W  power=77.9W
[PID] perf=27.590Hz  target=11.119Hz  err=-16.471Hz  corr=-345.45W  u_ff=121.8W  PCAP→78W  power=76.9W
[PID] perf=27.617Hz  target=11.119Hz  err=-16.499Hz  corr=-345.96W  u_ff=121.8W  PCAP→78W  power=78.8W
[PID] perf=28.357Hz  target=11.119Hz  err=-17.238Hz  corr=-359.67W  u_ff=121.8W  PCAP→78W  power=77.5W
[PID] perf=28.405Hz  target=11.119Hz  err=-17.286Hz  corr=-360.57W  u_ff=121.8W  PCAP→78W  power=78.2W
[PID] perf=28.441Hz  target=11.119Hz  err=-17.322Hz  corr=-361.23W  u_ff=121.8W  PCAP→78W  power=79.2W
[PID] perf=28.462Hz  target=11.119Hz  err=-17.343Hz  corr=-361.62W  u_ff=121.8W  PCAP→78W  power=78.5W
[PID] perf=28.461Hz  target=11.119Hz  err=-17.343Hz  corr=-361.61W  u_ff=121.8W  PCAP→78W  power=79.4W
[PID] perf=28.473Hz  target=11.119Hz  err=-17.354Hz  corr=-361.83W  u_ff=121.8W  PCAP→78W  power=79.0W
[PID] perf=28.423Hz  target=11.119Hz  err=-17.305Hz  corr=-360.91W  u_ff=121.8W  PCAP→78W  power=77.3W
[PID] perf=28.483Hz  target=11.119Hz  err=-17.364Hz  corr=-362.01W  u_ff=121.8W  PCAP→78W  power=76.5W
[PID] perf=28.498Hz  target=11.119Hz  err=-17.379Hz  corr=-362.28W  u_ff=121.8W  PCAP→78W  power=78.9W
[PID] perf=28.497Hz  target=11.119Hz  err=-17.379Hz  corr=-362.28W  u_ff=121.8W  PCAP→78W  power=77.4W
[PID] perf=28.483Hz  target=11.119Hz  err=-17.364Hz  corr=-362.02W  u_ff=121.8W  PCAP→78W  power=78.1W
[PID] perf=28.473Hz  target=11.119Hz  err=-17.355Hz  corr=-361.83W  u_ff=121.8W  PCAP→78W  power=77.2W
[PID] perf=28.463Hz  target=11.119Hz  err=-17.344Hz  corr=-361.64W  u_ff=121.8W  PCAP→78W  power=77.0W
[PID] perf=28.421Hz  target=11.119Hz  err=-17.302Hz  corr=-360.86W  u_ff=121.8W  PCAP→78W  power=78.0W
[PID] perf=28.486Hz  target=11.119Hz  err=-17.367Hz  corr=-362.06W  u_ff=121.8W  PCAP→78W  power=76.4W
[PID] perf=28.471Hz  target=11.119Hz  err=-17.353Hz  corr=-361.80W  u_ff=121.8W  PCAP→78W  power=79.2W
[PID] perf=28.475Hz  target=11.119Hz  err=-17.356Hz  corr=-361.86W  u_ff=121.8W  PCAP→78W  power=78.9W
[PID] perf=28.458Hz  target=11.119Hz  err=-17.339Hz  corr=-361.55W  u_ff=121.8W  PCAP→78W  power=79.3W
[PID] perf=28.481Hz  target=11.119Hz  err=-17.362Hz  corr=-361.98W  u_ff=121.8W  PCAP→78W  power=78.2W
[PID] perf=28.460Hz  target=11.119Hz  err=-17.341Hz  corr=-361.59W  u_ff=121.8W  PCAP→78W  power=76.6W
[PID] perf=28.473Hz  target=11.119Hz  err=-17.354Hz  corr=-361.82W  u_ff=121.8W  PCAP→78W  power=78.8W
[PID] perf=28.451Hz  target=11.119Hz  err=-17.332Hz  corr=-361.42W  u_ff=121.8W  PCAP→78W  power=77.4W
[PID] perf=28.524Hz  target=11.119Hz  err=-17.406Hz  corr=-362.78W  u_ff=121.8W  PCAP→78W  power=77.2W
[PID] perf=28.471Hz  target=11.119Hz  err=-17.352Hz  corr=-361.78W  u_ff=121.8W  PCAP→78W  power=78.5W
[PID] perf=28.455Hz  target=11.119Hz  err=-17.336Hz  corr=-361.49W  u_ff=121.8W  PCAP→78W  power=78.6W
[PID] perf=28.479Hz  target=11.119Hz  err=-17.360Hz  corr=-361.94W  u_ff=121.8W  PCAP→78W  power=77.2W
[PID] perf=28.516Hz  target=11.119Hz  err=-17.397Hz  corr=-362.62W  u_ff=121.8W  PCAP→78W  power=78.3W
[PID] perf=28.516Hz  target=11.119Hz  err=-17.397Hz  corr=-362.63W  u_ff=121.8W  PCAP→78W  power=78.9W
[PID] perf=28.484Hz  target=11.119Hz  err=-17.365Hz  corr=-362.03W  u_ff=121.8W  PCAP→78W  power=79.4W
[PID] perf=28.516Hz  target=11.119Hz  err=-17.397Hz  corr=-362.62W  u_ff=121.8W  PCAP→78W  power=79.2W
[PID] perf=28.476Hz  target=11.119Hz  err=-17.357Hz  corr=-361.88W  u_ff=121.8W  PCAP→78W  power=78.9W
[PID] perf=28.467Hz  target=11.119Hz  err=-17.349Hz  corr=-361.73W  u_ff=121.8W  PCAP→78W  power=77.6W
[PID] perf=28.436Hz  target=11.119Hz  err=-17.318Hz  corr=-361.15W  u_ff=121.8W  PCAP→78W  power=77.9W
[PID] perf=28.420Hz  target=11.119Hz  err=-17.302Hz  corr=-360.85W  u_ff=121.8W  PCAP→78W  power=76.8W
[PID] perf=28.448Hz  target=11.119Hz  err=-17.329Hz  corr=-361.36W  u_ff=121.8W  PCAP→78W  power=77.0W
[PID] perf=28.453Hz  target=11.119Hz  err=-17.334Hz  corr=-361.45W  u_ff=121.8W  PCAP→78W  power=78.0W
[PID] perf=28.470Hz  target=11.119Hz  err=-17.351Hz  corr=-361.77W  u_ff=121.8W  PCAP→78W  power=79.0W
[PID] perf=28.463Hz  target=11.119Hz  err=-17.345Hz  corr=-361.65W  u_ff=121.8W  PCAP→78W  power=78.6W
[PID] perf=28.468Hz  target=11.119Hz  err=-17.349Hz  corr=-361.74W  u_ff=121.8W  PCAP→78W  power=76.7W
[PID] perf=28.456Hz  target=11.119Hz  err=-17.338Hz  corr=-361.52W  u_ff=121.8W  PCAP→78W  power=79.2W
[PID] perf=28.422Hz  target=11.119Hz  err=-17.304Hz  corr=-360.89W  u_ff=121.8W  PCAP→78W  power=77.7W
[PID] perf=28.451Hz  target=11.119Hz  err=-17.333Hz  corr=-361.43W  u_ff=121.8W  PCAP→78W  power=76.5W
[PID] perf=28.455Hz  target=11.119Hz  err=-17.336Hz  corr=-361.50W  u_ff=121.8W  PCAP→78W  power=77.1W
[PID] perf=28.440Hz  target=11.119Hz  err=-17.321Hz  corr=-361.21W  u_ff=121.8W  PCAP→78W  power=76.3W
[PID] perf=28.439Hz  target=11.119Hz  err=-17.320Hz  corr=-361.19W  u_ff=121.8W  PCAP→78W  power=77.2W
[PID] perf=28.450Hz  target=11.119Hz  err=-17.331Hz  corr=-361.40W  u_ff=121.8W  PCAP→78W  power=77.3W
[PID] perf=28.456Hz  target=11.119Hz  err=-17.337Hz  corr=-361.51W  u_ff=121.8W  PCAP→78W  power=77.0W
[PID] perf=28.461Hz  target=11.119Hz  err=-17.342Hz  corr=-361.61W  u_ff=121.8W  PCAP→78W  power=77.1W
[PID] perf=28.426Hz  target=11.119Hz  err=-17.307Hz  corr=-360.96W  u_ff=121.8W  PCAP→78W  power=77.2W
[PID] perf=28.456Hz  target=11.119Hz  err=-17.338Hz  corr=-361.52W  u_ff=121.8W  PCAP→78W  power=78.7W
[PID] perf=28.433Hz  target=11.119Hz  err=-17.314Hz  corr=-361.08W  u_ff=121.8W  PCAP→78W  power=77.3W
[PID] perf=28.422Hz  target=11.119Hz  err=-17.304Hz  corr=-360.89W  u_ff=121.8W  PCAP→78W  power=77.7W
[PID] perf=28.439Hz  target=11.119Hz  err=-17.320Hz  corr=-361.19W  u_ff=121.8W  PCAP→78W  power=76.6W
[PID] perf=28.474Hz  target=11.119Hz  err=-17.355Hz  corr=-361.84W  u_ff=121.8W  PCAP→78W  power=78.2W
[PID] perf=28.445Hz  target=11.119Hz  err=-17.327Hz  corr=-361.32W  u_ff=121.8W  PCAP→78W  power=78.2W
[PID] perf=28.479Hz  target=11.119Hz  err=-17.360Hz  corr=-361.94W  u_ff=121.8W  PCAP→78W  power=78.9W
[PID] perf=28.411Hz  target=11.119Hz  err=-17.292Hz  corr=-360.68W  u_ff=121.8W  PCAP→78W  power=76.9W
[PID] perf=28.436Hz  target=11.119Hz  err=-17.317Hz  corr=-361.14W  u_ff=121.8W  PCAP→78W  power=76.4W
[PID] perf=28.429Hz  target=11.119Hz  err=-17.310Hz  corr=-361.02W  u_ff=121.8W  PCAP→78W  power=77.3W
[PID] perf=28.424Hz  target=11.119Hz  err=-17.305Hz  corr=-360.91W  u_ff=121.8W  PCAP→78W  power=78.7W
[PID] perf=28.416Hz  target=11.119Hz  err=-17.297Hz  corr=-360.77W  u_ff=121.8W  PCAP→78W  power=78.5W
[PID] perf=28.403Hz  target=11.119Hz  err=-17.284Hz  corr=-360.52W  u_ff=121.8W  PCAP→78W  power=76.9W
[PID] perf=28.368Hz  target=11.119Hz  err=-17.249Hz  corr=-359.88W  u_ff=121.8W  PCAP→78W  power=76.4W
[PID] perf=28.455Hz  target=11.119Hz  err=-17.336Hz  corr=-361.50W  u_ff=121.8W  PCAP→78W  power=77.2W
[PID] perf=28.433Hz  target=11.119Hz  err=-17.314Hz  corr=-361.08W  u_ff=121.8W  PCAP→78W  power=77.0W
[PID] perf=28.353Hz  target=11.119Hz  err=-17.234Hz  corr=-359.60W  u_ff=121.8W  PCAP→78W  power=79.1W
[PID] perf=28.404Hz  target=11.119Hz  err=-17.285Hz  corr=-360.55W  u_ff=121.8W  PCAP→78W  power=79.1W
[PID] perf=28.457Hz  target=11.119Hz  err=-17.338Hz  corr=-361.53W  u_ff=121.8W  PCAP→78W  power=78.5W
[PID] perf=28.388Hz  target=11.119Hz  err=-17.269Hz  corr=-360.24W  u_ff=121.8W  PCAP→78W  power=77.6W
[PID] perf=28.405Hz  target=11.119Hz  err=-17.286Hz  corr=-360.56W  u_ff=121.8W  PCAP→78W  power=77.4W
[PID] perf=28.433Hz  target=11.119Hz  err=-17.314Hz  corr=-361.09W  u_ff=121.8W  PCAP→78W  power=77.4W
[PID] perf=28.408Hz  target=11.119Hz  err=-17.289Hz  corr=-360.62W  u_ff=121.8W  PCAP→78W  power=77.0W
[PID] perf=28.347Hz  target=11.119Hz  err=-17.229Hz  corr=-359.50W  u_ff=121.8W  PCAP→78W  power=77.3W
[PID] perf=28.365Hz  target=11.119Hz  err=-17.246Hz  corr=-359.82W  u_ff=121.8W  PCAP→78W  power=77.6W
[PID] perf=28.379Hz  target=11.119Hz  err=-17.260Hz  corr=-360.09W  u_ff=121.8W  PCAP→78W  power=78.8W
[PID] perf=28.388Hz  target=11.119Hz  err=-17.269Hz  corr=-360.25W  u_ff=121.8W  PCAP→78W  power=78.5W
[PID] perf=28.419Hz  target=11.119Hz  err=-17.300Hz  corr=-360.82W  u_ff=121.8W  PCAP→78W  power=78.7W
[PID] perf=28.383Hz  target=11.119Hz  err=-17.264Hz  corr=-360.15W  u_ff=121.8W  PCAP→78W  power=79.0W
[PID] perf=28.400Hz  target=11.119Hz  err=-17.281Hz  corr=-360.47W  u_ff=121.8W  PCAP→78W  power=78.4W
[PID] perf=28.386Hz  target=11.119Hz  err=-17.268Hz  corr=-360.22W  u_ff=121.8W  PCAP→78W  power=77.6W
[PID] perf=28.411Hz  target=11.119Hz  err=-17.292Hz  corr=-360.68W  u_ff=121.8W  PCAP→78W  power=77.5W
[PID] perf=28.396Hz  target=11.119Hz  err=-17.277Hz  corr=-360.40W  u_ff=121.8W  PCAP→78W  power=77.9W
[PID] perf=28.445Hz  target=11.119Hz  err=-17.326Hz  corr=-361.31W  u_ff=121.8W  PCAP→78W  power=76.9W
[PID] perf=28.402Hz  target=11.119Hz  err=-17.283Hz  corr=-360.51W  u_ff=121.8W  PCAP→78W  power=76.4W
[PID] perf=28.420Hz  target=11.119Hz  err=-17.301Hz  corr=-360.84W  u_ff=121.8W  PCAP→78W  power=78.5W
[PID] perf=28.455Hz  target=11.119Hz  err=-17.336Hz  corr=-361.49W  u_ff=121.8W  PCAP→78W  power=78.4W
[PID] perf=28.399Hz  target=11.119Hz  err=-17.280Hz  corr=-360.45W  u_ff=121.8W  PCAP→78W  power=78.3W
[PID] perf=28.426Hz  target=11.119Hz  err=-17.307Hz  corr=-360.95W  u_ff=121.8W  PCAP→78W  power=77.2W
[PID] perf=28.400Hz  target=11.119Hz  err=-17.281Hz  corr=-360.48W  u_ff=121.8W  PCAP→78W  power=77.3W
[PID] perf=28.396Hz  target=11.119Hz  err=-17.277Hz  corr=-360.40W  u_ff=121.8W  PCAP→78W  power=77.2W
[PID] perf=28.452Hz  target=11.119Hz  err=-17.333Hz  corr=-361.44W  u_ff=121.8W  PCAP→78W  power=78.2W
[PID] perf=28.438Hz  target=11.119Hz  err=-17.319Hz  corr=-361.17W  u_ff=121.8W  PCAP→78W  power=79.2W
[PID] perf=28.450Hz  target=11.119Hz  err=-17.332Hz  corr=-361.41W  u_ff=121.8W  PCAP→78W  power=79.2W
[PID] perf=28.446Hz  target=11.119Hz  err=-17.327Hz  corr=-361.33W  u_ff=121.8W  PCAP→78W  power=78.9W
[PID] perf=28.429Hz  target=11.119Hz  err=-17.310Hz  corr=-361.01W  u_ff=121.8W  PCAP→78W  power=76.5W
[PID] perf=28.368Hz  target=11.119Hz  err=-17.249Hz  corr=-359.89W  u_ff=121.8W  PCAP→78W  power=78.2W
[PID] perf=28.352Hz  target=11.119Hz  err=-17.233Hz  corr=-359.59W  u_ff=121.8W  PCAP→78W  power=78.6W
[PID] perf=28.388Hz  target=11.119Hz  err=-17.269Hz  corr=-360.25W  u_ff=121.8W  PCAP→78W  power=76.6W
[PID] perf=28.379Hz  target=11.119Hz  err=-17.260Hz  corr=-360.08W  u_ff=121.8W  PCAP→78W  power=77.6W
[PID] perf=28.424Hz  target=11.119Hz  err=-17.305Hz  corr=-360.92W  u_ff=121.8W  PCAP→78W  power=76.4W
[PID] perf=28.403Hz  target=11.119Hz  err=-17.284Hz  corr=-360.53W  u_ff=121.8W  PCAP→78W  power=78.7W
[PID] perf=28.385Hz  target=11.119Hz  err=-17.266Hz  corr=-360.19W  u_ff=121.8W  PCAP→78W  power=78.3W
[PID] perf=28.357Hz  target=11.119Hz  err=-17.238Hz  corr=-359.68W  u_ff=121.8W  PCAP→78W  power=78.1W
[PID] perf=28.359Hz  target=11.119Hz  err=-17.240Hz  corr=-359.71W  u_ff=121.8W  PCAP→78W  power=78.5W
[PID] perf=28.435Hz  target=11.119Hz  err=-17.316Hz  corr=-361.13W  u_ff=121.8W  PCAP→78W  power=77.0W
[PID] perf=28.419Hz  target=11.119Hz  err=-17.300Hz  corr=-360.83W  u_ff=121.8W  PCAP→78W  power=78.7W
[PID] perf=28.436Hz  target=11.119Hz  err=-17.317Hz  corr=-361.15W  u_ff=121.8W  PCAP→78W  power=76.8W
[PID] perf=28.395Hz  target=11.119Hz  err=-17.277Hz  corr=-360.39W  u_ff=121.8W  PCAP→78W  power=76.9W
[PID] perf=28.414Hz  target=11.119Hz  err=-17.295Hz  corr=-360.73W  u_ff=121.8W  PCAP→78W  power=78.0W
[PID] perf=28.457Hz  target=11.119Hz  err=-17.338Hz  corr=-361.54W  u_ff=121.8W  PCAP→78W  power=77.7W
[PID] perf=28.411Hz  target=11.119Hz  err=-17.292Hz  corr=-360.67W  u_ff=121.8W  PCAP→78W  power=77.9W
[PID] perf=28.447Hz  target=11.119Hz  err=-17.328Hz  corr=-361.34W  u_ff=121.8W  PCAP→78W  power=77.4W
Process completed.
Compressed into /home/cc/summer2024/main_codes/pid_controller/../experiment_data/PID_Control_sweep/ones-npb-cg/compressed_iteration_20260513_150128.tar
----------------------------------

>>> Step 2/3

[ones-npb-cg]
  target perf      : 11.1188 Hz
  coefficients_perf: [-0.0006547837485238978, 0.18607436314256556, -1.8317688501798497]
  feedforward PCAP : 121.82 W  →  124 W (snapped)
  Perf(u_ff) check : 11.1188 Hz  (should ≈ target)
  PID gains        : Kp=18.5447 W/Hz  Ki=1.85447 W/(Hz·s)  Kd=0.0000
[PID] Awaiting data — feedforward PCAP=124W
[PID] Awaiting data — feedforward PCAP=124W
[PID] Awaiting data — feedforward PCAP=124W
[PID] Awaiting data — feedforward PCAP=124W
[PID] Awaiting data — feedforward PCAP=124W
[PID] Awaiting data — feedforward PCAP=124W
[PID] perf=20.359Hz  target=11.119Hz  err=-9.240Hz  corr=-205.62W  u_ff=121.8W  PCAP→78W  power=nanW
[PID] perf=18.110Hz  target=11.119Hz  err=-6.991Hz  corr=-169.65W  u_ff=121.8W  PCAP→78W  power=78.6W
[PID] perf=18.153Hz  target=11.119Hz  err=-7.035Hz  corr=-170.46W  u_ff=121.8W  PCAP→78W  power=78.9W
[PID] perf=18.145Hz  target=11.119Hz  err=-7.026Hz  corr=-170.30W  u_ff=121.8W  PCAP→78W  power=78.5W
[PID] perf=24.453Hz  target=11.119Hz  err=-13.335Hz  corr=-287.29W  u_ff=121.8W  PCAP→78W  power=77.2W
[PID] perf=29.247Hz  target=11.119Hz  err=-18.128Hz  corr=-376.18W  u_ff=121.8W  PCAP→78W  power=77.2W
[PID] perf=29.307Hz  target=11.119Hz  err=-18.189Hz  corr=-377.30W  u_ff=121.8W  PCAP→78W  power=77.7W
[PID] perf=29.339Hz  target=11.119Hz  err=-18.220Hz  corr=-377.88W  u_ff=121.8W  PCAP→78W  power=77.2W
[PID] perf=29.387Hz  target=11.119Hz  err=-18.269Hz  corr=-378.78W  u_ff=121.8W  PCAP→78W  power=78.8W
[PID] perf=29.337Hz  target=11.119Hz  err=-18.219Hz  corr=-377.86W  u_ff=121.8W  PCAP→78W  power=78.8W
[PID] perf=29.308Hz  target=11.119Hz  err=-18.189Hz  corr=-377.31W  u_ff=121.8W  PCAP→78W  power=77.3W
[PID] perf=29.325Hz  target=11.119Hz  err=-18.206Hz  corr=-377.62W  u_ff=121.8W  PCAP→78W  power=77.9W
[PID] perf=29.341Hz  target=11.119Hz  err=-18.222Hz  corr=-377.92W  u_ff=121.8W  PCAP→78W  power=77.4W
[PID] perf=29.302Hz  target=11.119Hz  err=-18.184Hz  corr=-377.21W  u_ff=121.8W  PCAP→78W  power=76.4W
[PID] perf=29.364Hz  target=11.119Hz  err=-18.246Hz  corr=-378.36W  u_ff=121.8W  PCAP→78W  power=79.0W
[PID] perf=29.318Hz  target=11.119Hz  err=-18.200Hz  corr=-377.51W  u_ff=121.8W  PCAP→78W  power=77.2W
[PID] perf=29.341Hz  target=11.119Hz  err=-18.223Hz  corr=-377.93W  u_ff=121.8W  PCAP→78W  power=77.0W
[PID] perf=29.355Hz  target=11.119Hz  err=-18.236Hz  corr=-378.19W  u_ff=121.8W  PCAP→78W  power=79.0W
[PID] perf=29.381Hz  target=11.119Hz  err=-18.262Hz  corr=-378.66W  u_ff=121.8W  PCAP→78W  power=78.3W
[PID] perf=29.334Hz  target=11.119Hz  err=-18.216Hz  corr=-377.80W  u_ff=121.8W  PCAP→78W  power=79.0W
[PID] perf=29.384Hz  target=11.119Hz  err=-18.265Hz  corr=-378.72W  u_ff=121.8W  PCAP→78W  power=78.8W
[PID] perf=29.424Hz  target=11.119Hz  err=-18.305Hz  corr=-379.46W  u_ff=121.8W  PCAP→78W  power=78.9W
[PID] perf=29.381Hz  target=11.119Hz  err=-18.262Hz  corr=-378.66W  u_ff=121.8W  PCAP→78W  power=79.3W
[PID] perf=29.388Hz  target=11.119Hz  err=-18.269Hz  corr=-378.79W  u_ff=121.8W  PCAP→78W  power=78.2W
[PID] perf=29.344Hz  target=11.119Hz  err=-18.225Hz  corr=-377.98W  u_ff=121.8W  PCAP→78W  power=77.0W
[PID] perf=29.374Hz  target=11.119Hz  err=-18.255Hz  corr=-378.54W  u_ff=121.8W  PCAP→78W  power=78.7W
[PID] perf=29.314Hz  target=11.119Hz  err=-18.196Hz  corr=-377.43W  u_ff=121.8W  PCAP→78W  power=77.9W
[PID] perf=29.396Hz  target=11.119Hz  err=-18.278Hz  corr=-378.95W  u_ff=121.8W  PCAP→78W  power=77.6W
[PID] perf=29.374Hz  target=11.119Hz  err=-18.255Hz  corr=-378.54W  u_ff=121.8W  PCAP→78W  power=78.1W
[PID] perf=29.340Hz  target=11.119Hz  err=-18.221Hz  corr=-377.91W  u_ff=121.8W  PCAP→78W  power=78.4W
[PID] perf=29.398Hz  target=11.119Hz  err=-18.280Hz  corr=-378.99W  u_ff=121.8W  PCAP→78W  power=79.4W
[PID] perf=29.377Hz  target=11.119Hz  err=-18.258Hz  corr=-378.59W  u_ff=121.8W  PCAP→78W  power=78.2W
[PID] perf=29.343Hz  target=11.119Hz  err=-18.224Hz  corr=-377.96W  u_ff=121.8W  PCAP→78W  power=78.5W
[PID] perf=29.403Hz  target=11.119Hz  err=-18.284Hz  corr=-379.07W  u_ff=121.8W  PCAP→78W  power=77.4W
[PID] perf=29.413Hz  target=11.119Hz  err=-18.295Hz  corr=-379.27W  u_ff=121.8W  PCAP→78W  power=78.7W
[PID] perf=29.357Hz  target=11.119Hz  err=-18.238Hz  corr=-378.22W  u_ff=121.8W  PCAP→78W  power=78.5W
[PID] perf=29.374Hz  target=11.119Hz  err=-18.255Hz  corr=-378.53W  u_ff=121.8W  PCAP→78W  power=77.3W
[PID] perf=29.293Hz  target=11.119Hz  err=-18.174Hz  corr=-377.04W  u_ff=121.8W  PCAP→78W  power=77.7W
[PID] perf=29.388Hz  target=11.119Hz  err=-18.269Hz  corr=-378.79W  u_ff=121.8W  PCAP→78W  power=77.5W
[PID] perf=29.401Hz  target=11.119Hz  err=-18.282Hz  corr=-379.04W  u_ff=121.8W  PCAP→78W  power=76.6W
[PID] perf=29.386Hz  target=11.119Hz  err=-18.267Hz  corr=-378.75W  u_ff=121.8W  PCAP→78W  power=76.8W
[PID] perf=29.369Hz  target=11.119Hz  err=-18.251Hz  corr=-378.45W  u_ff=121.8W  PCAP→78W  power=78.6W
[PID] perf=29.399Hz  target=11.119Hz  err=-18.280Hz  corr=-378.99W  u_ff=121.8W  PCAP→78W  power=77.1W
[PID] perf=29.389Hz  target=11.119Hz  err=-18.270Hz  corr=-378.81W  u_ff=121.8W  PCAP→78W  power=78.6W
[PID] perf=29.402Hz  target=11.119Hz  err=-18.283Hz  corr=-379.05W  u_ff=121.8W  PCAP→78W  power=79.3W
[PID] perf=29.404Hz  target=11.119Hz  err=-18.285Hz  corr=-379.09W  u_ff=121.8W  PCAP→78W  power=77.3W
[PID] perf=29.377Hz  target=11.119Hz  err=-18.258Hz  corr=-378.59W  u_ff=121.8W  PCAP→78W  power=78.9W
[PID] perf=29.389Hz  target=11.119Hz  err=-18.270Hz  corr=-378.82W  u_ff=121.8W  PCAP→78W  power=78.8W
[PID] perf=29.394Hz  target=11.119Hz  err=-18.275Hz  corr=-378.91W  u_ff=121.8W  PCAP→78W  power=78.3W
[PID] perf=29.402Hz  target=11.119Hz  err=-18.283Hz  corr=-379.06W  u_ff=121.8W  PCAP→78W  power=78.6W
[PID] perf=29.411Hz  target=11.119Hz  err=-18.292Hz  corr=-379.22W  u_ff=121.8W  PCAP→78W  power=77.0W
[PID] perf=29.396Hz  target=11.119Hz  err=-18.277Hz  corr=-378.94W  u_ff=121.8W  PCAP→78W  power=78.1W
[PID] perf=29.384Hz  target=11.119Hz  err=-18.265Hz  corr=-378.72W  u_ff=121.8W  PCAP→78W  power=76.9W
[PID] perf=29.343Hz  target=11.119Hz  err=-18.224Hz  corr=-377.96W  u_ff=121.8W  PCAP→78W  power=77.9W
[PID] perf=29.406Hz  target=11.119Hz  err=-18.287Hz  corr=-379.12W  u_ff=121.8W  PCAP→78W  power=77.6W
[PID] perf=29.400Hz  target=11.119Hz  err=-18.281Hz  corr=-379.02W  u_ff=121.8W  PCAP→78W  power=76.4W
[PID] perf=29.404Hz  target=11.119Hz  err=-18.285Hz  corr=-379.09W  u_ff=121.8W  PCAP→78W  power=77.5W
[PID] perf=29.390Hz  target=11.119Hz  err=-18.271Hz  corr=-378.83W  u_ff=121.8W  PCAP→78W  power=79.3W
[PID] perf=29.355Hz  target=11.119Hz  err=-18.237Hz  corr=-378.19W  u_ff=121.8W  PCAP→78W  power=78.4W
[PID] perf=29.396Hz  target=11.119Hz  err=-18.277Hz  corr=-378.94W  u_ff=121.8W  PCAP→78W  power=78.6W
[PID] perf=29.376Hz  target=11.119Hz  err=-18.258Hz  corr=-378.58W  u_ff=121.8W  PCAP→78W  power=78.7W
[PID] perf=29.395Hz  target=11.119Hz  err=-18.276Hz  corr=-378.92W  u_ff=121.8W  PCAP→78W  power=77.2W
[PID] perf=29.402Hz  target=11.119Hz  err=-18.284Hz  corr=-379.06W  u_ff=121.8W  PCAP→78W  power=77.0W
[PID] perf=29.395Hz  target=11.119Hz  err=-18.277Hz  corr=-378.93W  u_ff=121.8W  PCAP→78W  power=77.6W
[PID] perf=29.402Hz  target=11.119Hz  err=-18.283Hz  corr=-379.06W  u_ff=121.8W  PCAP→78W  power=77.2W
[PID] perf=29.383Hz  target=11.119Hz  err=-18.264Hz  corr=-378.71W  u_ff=121.8W  PCAP→78W  power=78.1W
[PID] perf=29.425Hz  target=11.119Hz  err=-18.307Hz  corr=-379.49W  u_ff=121.8W  PCAP→78W  power=78.7W
[PID] perf=29.344Hz  target=11.119Hz  err=-18.225Hz  corr=-377.98W  u_ff=121.8W  PCAP→78W  power=77.1W
[PID] perf=29.389Hz  target=11.119Hz  err=-18.270Hz  corr=-378.81W  u_ff=121.8W  PCAP→78W  power=78.6W
[PID] perf=29.427Hz  target=11.119Hz  err=-18.308Hz  corr=-379.52W  u_ff=121.8W  PCAP→78W  power=78.1W
[PID] perf=29.398Hz  target=11.119Hz  err=-18.279Hz  corr=-378.97W  u_ff=121.8W  PCAP→78W  power=79.0W
[PID] perf=29.429Hz  target=11.119Hz  err=-18.310Hz  corr=-379.55W  u_ff=121.8W  PCAP→78W  power=76.1W
[PID] perf=29.405Hz  target=11.119Hz  err=-18.286Hz  corr=-379.12W  u_ff=121.8W  PCAP→78W  power=77.3W
[PID] perf=29.421Hz  target=11.119Hz  err=-18.302Hz  corr=-379.40W  u_ff=121.8W  PCAP→78W  power=78.1W
[PID] perf=29.415Hz  target=11.119Hz  err=-18.296Hz  corr=-379.29W  u_ff=121.8W  PCAP→78W  power=76.8W
[PID] perf=29.419Hz  target=11.119Hz  err=-18.301Hz  corr=-379.38W  u_ff=121.8W  PCAP→78W  power=77.6W
[PID] perf=29.429Hz  target=11.119Hz  err=-18.310Hz  corr=-379.55W  u_ff=121.8W  PCAP→78W  power=77.0W
[PID] perf=29.426Hz  target=11.119Hz  err=-18.307Hz  corr=-379.50W  u_ff=121.8W  PCAP→78W  power=78.7W
[PID] perf=29.423Hz  target=11.119Hz  err=-18.304Hz  corr=-379.44W  u_ff=121.8W  PCAP→78W  power=78.6W
[PID] perf=29.430Hz  target=11.119Hz  err=-18.311Hz  corr=-379.58W  u_ff=121.8W  PCAP→78W  power=77.1W
[PID] perf=28.616Hz  target=11.119Hz  err=-17.497Hz  corr=-364.48W  u_ff=121.8W  PCAP→78W  power=78.3W
[PID] perf=29.326Hz  target=11.119Hz  err=-18.207Hz  corr=-377.65W  u_ff=121.8W  PCAP→78W  power=79.4W
[PID] perf=29.401Hz  target=11.119Hz  err=-18.283Hz  corr=-379.05W  u_ff=121.8W  PCAP→78W  power=77.5W
[PID] perf=29.404Hz  target=11.119Hz  err=-18.285Hz  corr=-379.09W  u_ff=121.8W  PCAP→78W  power=77.5W
[PID] perf=29.429Hz  target=11.119Hz  err=-18.310Hz  corr=-379.56W  u_ff=121.8W  PCAP→78W  power=78.4W
[PID] perf=29.413Hz  target=11.119Hz  err=-18.294Hz  corr=-379.25W  u_ff=121.8W  PCAP→78W  power=79.1W
[PID] perf=29.438Hz  target=11.119Hz  err=-18.319Hz  corr=-379.73W  u_ff=121.8W  PCAP→78W  power=77.7W
[PID] perf=29.449Hz  target=11.119Hz  err=-18.330Hz  corr=-379.92W  u_ff=121.8W  PCAP→78W  power=77.6W
[PID] perf=29.444Hz  target=11.119Hz  err=-18.325Hz  corr=-379.83W  u_ff=121.8W  PCAP→78W  power=79.2W
[PID] perf=29.473Hz  target=11.119Hz  err=-18.354Hz  corr=-380.37W  u_ff=121.8W  PCAP→78W  power=79.0W
[PID] perf=29.360Hz  target=11.119Hz  err=-18.241Hz  corr=-378.28W  u_ff=121.8W  PCAP→78W  power=79.3W
[PID] perf=29.445Hz  target=11.119Hz  err=-18.327Hz  corr=-379.86W  u_ff=121.8W  PCAP→78W  power=78.5W
[PID] perf=29.450Hz  target=11.119Hz  err=-18.331Hz  corr=-379.95W  u_ff=121.8W  PCAP→78W  power=79.0W
[PID] perf=29.469Hz  target=11.119Hz  err=-18.350Hz  corr=-380.29W  u_ff=121.8W  PCAP→78W  power=77.4W
[PID] perf=29.465Hz  target=11.119Hz  err=-18.346Hz  corr=-380.22W  u_ff=121.8W  PCAP→78W  power=78.7W
[PID] perf=22.454Hz  target=11.119Hz  err=-11.335Hz  corr=-250.21W  u_ff=121.8W  PCAP→78W  power=78.8W
[PID] perf=28.333Hz  target=11.119Hz  err=-17.215Hz  corr=-359.24W  u_ff=121.8W  PCAP→78W  power=78.2W
[PID] perf=28.993Hz  target=11.119Hz  err=-17.874Hz  corr=-371.46W  u_ff=121.8W  PCAP→78W  power=79.4W
[PID] perf=28.975Hz  target=11.119Hz  err=-17.857Hz  corr=-371.15W  u_ff=121.8W  PCAP→78W  power=79.2W
[PID] perf=28.837Hz  target=11.119Hz  err=-17.719Hz  corr=-368.58W  u_ff=121.8W  PCAP→78W  power=78.5W
[PID] perf=27.458Hz  target=11.119Hz  err=-16.339Hz  corr=-343.00W  u_ff=121.8W  PCAP→78W  power=77.3W
[PID] perf=24.912Hz  target=11.119Hz  err=-13.794Hz  corr=-295.80W  u_ff=121.8W  PCAP→78W  power=76.8W
[PID] perf=25.070Hz  target=11.119Hz  err=-13.952Hz  corr=-298.73W  u_ff=121.8W  PCAP→78W  power=76.1W
[PID] perf=24.910Hz  target=11.119Hz  err=-13.791Hz  corr=-295.75W  u_ff=121.8W  PCAP→78W  power=76.0W
[PID] perf=25.161Hz  target=11.119Hz  err=-14.042Hz  corr=-300.40W  u_ff=121.8W  PCAP→78W  power=78.1W
[PID] perf=25.235Hz  target=11.119Hz  err=-14.117Hz  corr=-301.79W  u_ff=121.8W  PCAP→78W  power=78.4W
[PID] perf=25.283Hz  target=11.119Hz  err=-14.165Hz  corr=-302.68W  u_ff=121.8W  PCAP→78W  power=79.0W
[PID] perf=25.371Hz  target=11.119Hz  err=-14.252Hz  corr=-304.30W  u_ff=121.8W  PCAP→78W  power=78.5W
[PID] perf=25.375Hz  target=11.119Hz  err=-14.256Hz  corr=-304.38W  u_ff=121.8W  PCAP→78W  power=79.0W
[PID] perf=25.376Hz  target=11.119Hz  err=-14.257Hz  corr=-304.39W  u_ff=121.8W  PCAP→78W  power=79.0W
[PID] perf=25.330Hz  target=11.119Hz  err=-14.212Hz  corr=-303.55W  u_ff=121.8W  PCAP→78W  power=77.2W
[PID] perf=25.328Hz  target=11.119Hz  err=-14.209Hz  corr=-303.50W  u_ff=121.8W  PCAP→78W  power=77.6W
[PID] perf=25.315Hz  target=11.119Hz  err=-14.196Hz  corr=-303.26W  u_ff=121.8W  PCAP→78W  power=77.8W
[PID] perf=25.301Hz  target=11.119Hz  err=-14.182Hz  corr=-303.00W  u_ff=121.8W  PCAP→78W  power=77.1W
[PID] perf=25.383Hz  target=11.119Hz  err=-14.264Hz  corr=-304.52W  u_ff=121.8W  PCAP→78W  power=76.0W
[PID] perf=25.375Hz  target=11.119Hz  err=-14.256Hz  corr=-304.37W  u_ff=121.8W  PCAP→78W  power=78.7W
[PID] perf=25.359Hz  target=11.119Hz  err=-14.240Hz  corr=-304.08W  u_ff=121.8W  PCAP→78W  power=77.7W
[PID] perf=25.356Hz  target=11.119Hz  err=-14.237Hz  corr=-304.03W  u_ff=121.8W  PCAP→78W  power=76.7W
[PID] perf=25.362Hz  target=11.119Hz  err=-14.243Hz  corr=-304.13W  u_ff=121.8W  PCAP→78W  power=76.4W
[PID] perf=25.357Hz  target=11.119Hz  err=-14.238Hz  corr=-304.05W  u_ff=121.8W  PCAP→78W  power=78.9W
[PID] perf=25.358Hz  target=11.119Hz  err=-14.239Hz  corr=-304.06W  u_ff=121.8W  PCAP→78W  power=78.6W
[PID] perf=24.787Hz  target=11.119Hz  err=-13.668Hz  corr=-293.48W  u_ff=121.8W  PCAP→78W  power=78.2W
[PID] perf=25.323Hz  target=11.119Hz  err=-14.204Hz  corr=-303.42W  u_ff=121.8W  PCAP→78W  power=78.1W
[PID] perf=25.371Hz  target=11.119Hz  err=-14.252Hz  corr=-304.30W  u_ff=121.8W  PCAP→78W  power=77.6W
[PID] perf=25.392Hz  target=11.119Hz  err=-14.273Hz  corr=-304.68W  u_ff=121.8W  PCAP→78W  power=77.9W
[PID] perf=25.380Hz  target=11.119Hz  err=-14.261Hz  corr=-304.47W  u_ff=121.8W  PCAP→78W  power=77.2W
[PID] perf=25.357Hz  target=11.119Hz  err=-14.238Hz  corr=-304.04W  u_ff=121.8W  PCAP→78W  power=78.5W
[PID] perf=25.398Hz  target=11.119Hz  err=-14.280Hz  corr=-304.81W  u_ff=121.8W  PCAP→78W  power=79.3W
[PID] perf=25.376Hz  target=11.119Hz  err=-14.257Hz  corr=-304.40W  u_ff=121.8W  PCAP→78W  power=77.8W
[PID] perf=25.426Hz  target=11.119Hz  err=-14.307Hz  corr=-305.32W  u_ff=121.8W  PCAP→78W  power=76.4W
[PID] perf=25.408Hz  target=11.119Hz  err=-14.289Hz  corr=-304.99W  u_ff=121.8W  PCAP→78W  power=78.9W
[PID] perf=25.420Hz  target=11.119Hz  err=-14.301Hz  corr=-305.22W  u_ff=121.8W  PCAP→78W  power=78.9W
[PID] perf=25.397Hz  target=11.119Hz  err=-14.278Hz  corr=-304.78W  u_ff=121.8W  PCAP→78W  power=78.9W
[PID] perf=25.407Hz  target=11.119Hz  err=-14.288Hz  corr=-304.97W  u_ff=121.8W  PCAP→78W  power=76.5W
[PID] perf=25.348Hz  target=11.119Hz  err=-14.230Hz  corr=-303.88W  u_ff=121.8W  PCAP→78W  power=78.2W
[PID] perf=25.375Hz  target=11.119Hz  err=-14.257Hz  corr=-304.38W  u_ff=121.8W  PCAP→78W  power=77.9W
[PID] perf=25.970Hz  target=11.119Hz  err=-14.851Hz  corr=-315.41W  u_ff=121.8W  PCAP→78W  power=77.5W
[PID] perf=26.022Hz  target=11.119Hz  err=-14.904Hz  corr=-316.38W  u_ff=121.8W  PCAP→78W  power=78.5W
[PID] perf=25.999Hz  target=11.119Hz  err=-14.880Hz  corr=-315.95W  u_ff=121.8W  PCAP→78W  power=77.9W
[PID] perf=25.963Hz  target=11.119Hz  err=-14.844Hz  corr=-315.27W  u_ff=121.8W  PCAP→78W  power=76.3W
[PID] perf=26.459Hz  target=11.119Hz  err=-15.340Hz  corr=-324.48W  u_ff=121.8W  PCAP→78W  power=78.4W
[PID] perf=26.583Hz  target=11.119Hz  err=-15.464Hz  corr=-326.77W  u_ff=121.8W  PCAP→78W  power=78.5W
[PID] perf=26.591Hz  target=11.119Hz  err=-15.473Hz  corr=-326.93W  u_ff=121.8W  PCAP→78W  power=79.3W
[PID] perf=26.572Hz  target=11.119Hz  err=-15.453Hz  corr=-326.58W  u_ff=121.8W  PCAP→78W  power=77.0W
[PID] perf=26.623Hz  target=11.119Hz  err=-15.504Hz  corr=-327.51W  u_ff=121.8W  PCAP→78W  power=77.3W
[PID] perf=26.567Hz  target=11.119Hz  err=-15.448Hz  corr=-326.49W  u_ff=121.8W  PCAP→78W  power=79.2W
[PID] perf=26.634Hz  target=11.119Hz  err=-15.516Hz  corr=-327.73W  u_ff=121.8W  PCAP→78W  power=76.8W
[PID] perf=26.580Hz  target=11.119Hz  err=-15.462Hz  corr=-326.73W  u_ff=121.8W  PCAP→78W  power=77.2W
[PID] perf=26.605Hz  target=11.119Hz  err=-15.486Hz  corr=-327.19W  u_ff=121.8W  PCAP→78W  power=77.0W
[PID] perf=26.602Hz  target=11.119Hz  err=-15.484Hz  corr=-327.14W  u_ff=121.8W  PCAP→78W  power=78.3W
[PID] perf=26.606Hz  target=11.119Hz  err=-15.487Hz  corr=-327.21W  u_ff=121.8W  PCAP→78W  power=78.9W
[PID] perf=26.638Hz  target=11.119Hz  err=-15.519Hz  corr=-327.79W  u_ff=121.8W  PCAP→78W  power=79.3W
[PID] perf=26.609Hz  target=11.119Hz  err=-15.491Hz  corr=-327.27W  u_ff=121.8W  PCAP→78W  power=77.4W
[PID] perf=26.629Hz  target=11.119Hz  err=-15.510Hz  corr=-327.63W  u_ff=121.8W  PCAP→78W  power=77.6W
[PID] perf=26.675Hz  target=11.119Hz  err=-15.556Hz  corr=-328.48W  u_ff=121.8W  PCAP→78W  power=77.6W
[PID] perf=26.630Hz  target=11.119Hz  err=-15.511Hz  corr=-327.64W  u_ff=121.8W  PCAP→78W  power=77.0W
[PID] perf=26.635Hz  target=11.119Hz  err=-15.516Hz  corr=-327.75W  u_ff=121.8W  PCAP→78W  power=78.9W
[PID] perf=26.658Hz  target=11.119Hz  err=-15.539Hz  corr=-328.17W  u_ff=121.8W  PCAP→78W  power=79.0W
[PID] perf=25.669Hz  target=11.119Hz  err=-14.550Hz  corr=-309.83W  u_ff=121.8W  PCAP→78W  power=78.2W
[PID] perf=26.501Hz  target=11.119Hz  err=-15.383Hz  corr=-325.27W  u_ff=121.8W  PCAP→78W  power=77.8W
[PID] perf=26.520Hz  target=11.119Hz  err=-15.402Hz  corr=-325.62W  u_ff=121.8W  PCAP→78W  power=78.8W
[PID] perf=26.529Hz  target=11.119Hz  err=-15.410Hz  corr=-325.77W  u_ff=121.8W  PCAP→78W  power=77.4W
[PID] perf=26.538Hz  target=11.119Hz  err=-15.420Hz  corr=-325.95W  u_ff=121.8W  PCAP→78W  power=77.0W
[PID] perf=26.516Hz  target=11.119Hz  err=-15.397Hz  corr=-325.53W  u_ff=121.8W  PCAP→78W  power=78.0W
[PID] perf=26.561Hz  target=11.119Hz  err=-15.442Hz  corr=-326.37W  u_ff=121.8W  PCAP→78W  power=78.5W
[PID] perf=26.540Hz  target=11.119Hz  err=-15.422Hz  corr=-325.99W  u_ff=121.8W  PCAP→78W  power=78.4W
[PID] perf=26.530Hz  target=11.119Hz  err=-15.412Hz  corr=-325.80W  u_ff=121.8W  PCAP→78W  power=78.4W
[PID] perf=26.522Hz  target=11.119Hz  err=-15.404Hz  corr=-325.65W  u_ff=121.8W  PCAP→78W  power=78.9W
[PID] perf=26.528Hz  target=11.119Hz  err=-15.409Hz  corr=-325.76W  u_ff=121.8W  PCAP→78W  power=78.7W
[PID] perf=26.533Hz  target=11.119Hz  err=-15.415Hz  corr=-325.86W  u_ff=121.8W  PCAP→78W  power=77.3W
[PID] perf=26.532Hz  target=11.119Hz  err=-15.413Hz  corr=-325.82W  u_ff=121.8W  PCAP→78W  power=77.3W
[PID] perf=26.569Hz  target=11.119Hz  err=-15.451Hz  corr=-326.53W  u_ff=121.8W  PCAP→78W  power=79.0W
[PID] perf=26.545Hz  target=11.119Hz  err=-15.426Hz  corr=-326.08W  u_ff=121.8W  PCAP→78W  power=78.3W
[PID] perf=26.548Hz  target=11.119Hz  err=-15.429Hz  corr=-326.12W  u_ff=121.8W  PCAP→78W  power=77.4W
[PID] perf=26.570Hz  target=11.119Hz  err=-15.451Hz  corr=-326.54W  u_ff=121.8W  PCAP→78W  power=78.9W
[PID] perf=26.542Hz  target=11.119Hz  err=-15.423Hz  corr=-326.02W  u_ff=121.8W  PCAP→78W  power=79.1W
[PID] perf=26.551Hz  target=11.119Hz  err=-15.432Hz  corr=-326.19W  u_ff=121.8W  PCAP→78W  power=77.6W
[PID] perf=26.570Hz  target=11.119Hz  err=-15.451Hz  corr=-326.54W  u_ff=121.8W  PCAP→78W  power=76.5W
[PID] perf=26.588Hz  target=11.119Hz  err=-15.469Hz  corr=-326.87W  u_ff=121.8W  PCAP→78W  power=77.8W
[PID] perf=26.530Hz  target=11.119Hz  err=-15.411Hz  corr=-325.80W  u_ff=121.8W  PCAP→78W  power=76.4W
[PID] perf=26.540Hz  target=11.119Hz  err=-15.422Hz  corr=-325.99W  u_ff=121.8W  PCAP→78W  power=79.2W
[PID] perf=26.581Hz  target=11.119Hz  err=-15.462Hz  corr=-326.74W  u_ff=121.8W  PCAP→78W  power=79.7W
[PID] perf=26.532Hz  target=11.119Hz  err=-15.414Hz  corr=-325.84W  u_ff=121.8W  PCAP→78W  power=78.1W
[PID] perf=25.296Hz  target=11.119Hz  err=-14.177Hz  corr=-302.92W  u_ff=121.8W  PCAP→78W  power=77.1W
[PID] perf=25.389Hz  target=11.119Hz  err=-14.270Hz  corr=-304.63W  u_ff=121.8W  PCAP→78W  power=76.0W
[PID] perf=26.533Hz  target=11.119Hz  err=-15.415Hz  corr=-325.86W  u_ff=121.8W  PCAP→78W  power=78.6W
[PID] perf=26.749Hz  target=11.119Hz  err=-15.631Hz  corr=-329.86W  u_ff=121.8W  PCAP→78W  power=78.1W
[PID] perf=26.789Hz  target=11.119Hz  err=-15.670Hz  corr=-330.60W  u_ff=121.8W  PCAP→78W  power=77.7W
[PID] perf=26.772Hz  target=11.119Hz  err=-15.653Hz  corr=-330.29W  u_ff=121.8W  PCAP→78W  power=76.8W
[PID] perf=26.771Hz  target=11.119Hz  err=-15.653Hz  corr=-330.27W  u_ff=121.8W  PCAP→78W  power=77.4W
[PID] perf=26.746Hz  target=11.119Hz  err=-15.627Hz  corr=-329.79W  u_ff=121.8W  PCAP→78W  power=76.4W
[PID] perf=26.756Hz  target=11.119Hz  err=-15.637Hz  corr=-329.98W  u_ff=121.8W  PCAP→78W  power=77.8W
[PID] perf=26.755Hz  target=11.119Hz  err=-15.636Hz  corr=-329.97W  u_ff=121.8W  PCAP→78W  power=78.9W
[PID] perf=26.772Hz  target=11.119Hz  err=-15.653Hz  corr=-330.28W  u_ff=121.8W  PCAP→78W  power=79.1W
[PID] perf=26.778Hz  target=11.119Hz  err=-15.659Hz  corr=-330.40W  u_ff=121.8W  PCAP→78W  power=77.2W
[PID] perf=26.763Hz  target=11.119Hz  err=-15.644Hz  corr=-330.11W  u_ff=121.8W  PCAP→78W  power=77.5W
[PID] perf=26.695Hz  target=11.119Hz  err=-15.576Hz  corr=-328.86W  u_ff=121.8W  PCAP→78W  power=78.1W
[PID] perf=26.641Hz  target=11.119Hz  err=-15.522Hz  corr=-327.85W  u_ff=121.8W  PCAP→78W  power=79.2W
[PID] perf=26.683Hz  target=11.119Hz  err=-15.565Hz  corr=-328.64W  u_ff=121.8W  PCAP→78W  power=76.5W
[PID] perf=26.672Hz  target=11.119Hz  err=-15.553Hz  corr=-328.42W  u_ff=121.8W  PCAP→78W  power=76.4W
[PID] perf=26.662Hz  target=11.119Hz  err=-15.544Hz  corr=-328.25W  u_ff=121.8W  PCAP→78W  power=78.3W
[PID] perf=26.651Hz  target=11.119Hz  err=-15.533Hz  corr=-328.05W  u_ff=121.8W  PCAP→78W  power=77.1W
[PID] perf=26.673Hz  target=11.119Hz  err=-15.554Hz  corr=-328.44W  u_ff=121.8W  PCAP→78W  power=76.8W
[PID] perf=26.666Hz  target=11.119Hz  err=-15.547Hz  corr=-328.32W  u_ff=121.8W  PCAP→78W  power=78.0W
[PID] perf=26.654Hz  target=11.119Hz  err=-15.535Hz  corr=-328.10W  u_ff=121.8W  PCAP→78W  power=78.7W
[PID] perf=26.648Hz  target=11.119Hz  err=-15.529Hz  corr=-327.98W  u_ff=121.8W  PCAP→78W  power=76.4W
[PID] perf=26.659Hz  target=11.119Hz  err=-15.540Hz  corr=-328.19W  u_ff=121.8W  PCAP→78W  power=79.1W
[PID] perf=26.663Hz  target=11.119Hz  err=-15.544Hz  corr=-328.27W  u_ff=121.8W  PCAP→78W  power=78.1W
[PID] perf=26.672Hz  target=11.119Hz  err=-15.553Hz  corr=-328.42W  u_ff=121.8W  PCAP→78W  power=77.9W
[PID] perf=26.634Hz  target=11.119Hz  err=-15.515Hz  corr=-327.73W  u_ff=121.8W  PCAP→78W  power=76.2W
[PID] perf=26.656Hz  target=11.119Hz  err=-15.537Hz  corr=-328.12W  u_ff=121.8W  PCAP→78W  power=79.2W
[PID] perf=26.635Hz  target=11.119Hz  err=-15.516Hz  corr=-327.75W  u_ff=121.8W  PCAP→78W  power=78.7W
[PID] perf=26.651Hz  target=11.119Hz  err=-15.532Hz  corr=-328.05W  u_ff=121.8W  PCAP→78W  power=78.2W
[PID] perf=26.666Hz  target=11.119Hz  err=-15.547Hz  corr=-328.32W  u_ff=121.8W  PCAP→78W  power=77.1W
[PID] perf=26.721Hz  target=11.119Hz  err=-15.602Hz  corr=-329.34W  u_ff=121.8W  PCAP→78W  power=77.2W
[PID] perf=26.877Hz  target=11.119Hz  err=-15.758Hz  corr=-332.23W  u_ff=121.8W  PCAP→78W  power=77.8W
[PID] perf=26.905Hz  target=11.119Hz  err=-15.786Hz  corr=-332.75W  u_ff=121.8W  PCAP→78W  power=77.8W
[PID] perf=26.884Hz  target=11.119Hz  err=-15.765Hz  corr=-332.35W  u_ff=121.8W  PCAP→78W  power=78.6W
[PID] perf=26.909Hz  target=11.119Hz  err=-15.790Hz  corr=-332.83W  u_ff=121.8W  PCAP→78W  power=77.1W
[PID] perf=26.954Hz  target=11.119Hz  err=-15.835Hz  corr=-333.66W  u_ff=121.8W  PCAP→78W  power=77.6W
[PID] perf=26.913Hz  target=11.119Hz  err=-15.795Hz  corr=-332.91W  u_ff=121.8W  PCAP→78W  power=77.6W
[PID] perf=26.921Hz  target=11.119Hz  err=-15.802Hz  corr=-333.05W  u_ff=121.8W  PCAP→78W  power=77.1W
[PID] perf=26.908Hz  target=11.119Hz  err=-15.790Hz  corr=-332.81W  u_ff=121.8W  PCAP→78W  power=76.6W
[PID] perf=26.868Hz  target=11.119Hz  err=-15.750Hz  corr=-332.07W  u_ff=121.8W  PCAP→78W  power=76.8W
[PID] perf=26.906Hz  target=11.119Hz  err=-15.788Hz  corr=-332.77W  u_ff=121.8W  PCAP→78W  power=77.2W
[PID] perf=26.933Hz  target=11.119Hz  err=-15.814Hz  corr=-333.27W  u_ff=121.8W  PCAP→78W  power=77.4W
[PID] perf=26.895Hz  target=11.119Hz  err=-15.776Hz  corr=-332.56W  u_ff=121.8W  PCAP→78W  power=78.7W
[PID] perf=26.868Hz  target=11.119Hz  err=-15.749Hz  corr=-332.06W  u_ff=121.8W  PCAP→78W  power=77.2W
[PID] perf=26.784Hz  target=11.119Hz  err=-15.665Hz  corr=-330.51W  u_ff=121.8W  PCAP→78W  power=78.0W
[PID] perf=26.857Hz  target=11.119Hz  err=-15.738Hz  corr=-331.86W  u_ff=121.8W  PCAP→78W  power=78.8W
[PID] perf=26.886Hz  target=11.119Hz  err=-15.767Hz  corr=-332.39W  u_ff=121.8W  PCAP→78W  power=78.5W
[PID] perf=26.867Hz  target=11.119Hz  err=-15.748Hz  corr=-332.05W  u_ff=121.8W  PCAP→78W  power=77.7W
[PID] perf=26.905Hz  target=11.119Hz  err=-15.786Hz  corr=-332.76W  u_ff=121.8W  PCAP→78W  power=77.6W
[PID] perf=26.834Hz  target=11.119Hz  err=-15.716Hz  corr=-331.44W  u_ff=121.8W  PCAP→78W  power=77.6W
[PID] perf=26.874Hz  target=11.119Hz  err=-15.755Hz  corr=-332.18W  u_ff=121.8W  PCAP→78W  power=78.8W
[PID] perf=26.847Hz  target=11.119Hz  err=-15.728Hz  corr=-331.67W  u_ff=121.8W  PCAP→78W  power=78.2W
[PID] perf=26.886Hz  target=11.119Hz  err=-15.768Hz  corr=-332.41W  u_ff=121.8W  PCAP→78W  power=78.7W
[PID] perf=26.891Hz  target=11.119Hz  err=-15.773Hz  corr=-332.50W  u_ff=121.8W  PCAP→78W  power=78.8W
[PID] perf=26.891Hz  target=11.119Hz  err=-15.773Hz  corr=-332.50W  u_ff=121.8W  PCAP→78W  power=77.0W
[PID] perf=26.865Hz  target=11.119Hz  err=-15.746Hz  corr=-332.01W  u_ff=121.8W  PCAP→78W  power=78.9W
[PID] perf=26.873Hz  target=11.119Hz  err=-15.754Hz  corr=-332.16W  u_ff=121.8W  PCAP→78W  power=78.7W
[PID] perf=26.896Hz  target=11.119Hz  err=-15.778Hz  corr=-332.59W  u_ff=121.8W  PCAP→78W  power=78.2W
[PID] perf=26.868Hz  target=11.119Hz  err=-15.749Hz  corr=-332.07W  u_ff=121.8W  PCAP→78W  power=78.5W
[PID] perf=26.255Hz  target=11.119Hz  err=-15.136Hz  corr=-320.70W  u_ff=121.8W  PCAP→78W  power=79.1W
[PID] perf=26.345Hz  target=11.119Hz  err=-15.226Hz  corr=-322.36W  u_ff=121.8W  PCAP→78W  power=77.4W
[PID] perf=26.343Hz  target=11.119Hz  err=-15.224Hz  corr=-322.33W  u_ff=121.8W  PCAP→78W  power=77.1W
[PID] perf=26.368Hz  target=11.119Hz  err=-15.249Hz  corr=-322.79W  u_ff=121.8W  PCAP→78W  power=78.6W
[PID] perf=26.320Hz  target=11.119Hz  err=-15.201Hz  corr=-321.90W  u_ff=121.8W  PCAP→78W  power=78.1W
[PID] perf=27.413Hz  target=11.119Hz  err=-16.294Hz  corr=-342.18W  u_ff=121.8W  PCAP→78W  power=77.5W
[PID] perf=27.467Hz  target=11.119Hz  err=-16.348Hz  corr=-343.18W  u_ff=121.8W  PCAP→78W  power=78.9W
[PID] perf=23.434Hz  target=11.119Hz  err=-12.315Hz  corr=-268.38W  u_ff=121.8W  PCAP→78W  power=79.2W
[PID] perf=26.732Hz  target=11.119Hz  err=-15.613Hz  corr=-329.55W  u_ff=121.8W  PCAP→78W  power=78.9W
[PID] perf=26.873Hz  target=11.119Hz  err=-15.754Hz  corr=-332.16W  u_ff=121.8W  PCAP→78W  power=78.6W
[PID] perf=26.904Hz  target=11.119Hz  err=-15.785Hz  corr=-332.73W  u_ff=121.8W  PCAP→78W  power=77.3W
[PID] perf=26.831Hz  target=11.119Hz  err=-15.712Hz  corr=-331.37W  u_ff=121.8W  PCAP→78W  power=78.2W
[PID] perf=26.875Hz  target=11.119Hz  err=-15.756Hz  corr=-332.19W  u_ff=121.8W  PCAP→78W  power=77.9W
[PID] perf=26.836Hz  target=11.119Hz  err=-15.717Hz  corr=-331.47W  u_ff=121.8W  PCAP→78W  power=77.4W
[PID] perf=26.854Hz  target=11.119Hz  err=-15.735Hz  corr=-331.80W  u_ff=121.8W  PCAP→78W  power=77.7W
[PID] perf=26.785Hz  target=11.119Hz  err=-15.666Hz  corr=-330.52W  u_ff=121.8W  PCAP→78W  power=77.6W
[PID] perf=26.609Hz  target=11.119Hz  err=-15.490Hz  corr=-327.26W  u_ff=121.8W  PCAP→78W  power=78.8W
[PID] perf=26.732Hz  target=11.119Hz  err=-15.613Hz  corr=-329.54W  u_ff=121.8W  PCAP→78W  power=78.7W
[PID] perf=26.784Hz  target=11.119Hz  err=-15.666Hz  corr=-330.51W  u_ff=121.8W  PCAP→78W  power=78.3W
[PID] perf=26.793Hz  target=11.119Hz  err=-15.674Hz  corr=-330.67W  u_ff=121.8W  PCAP→78W  power=76.6W
[PID] perf=26.777Hz  target=11.119Hz  err=-15.659Hz  corr=-330.38W  u_ff=121.8W  PCAP→78W  power=78.8W
[PID] perf=26.766Hz  target=11.119Hz  err=-15.647Hz  corr=-330.17W  u_ff=121.8W  PCAP→78W  power=76.7W
[PID] perf=26.624Hz  target=11.119Hz  err=-15.505Hz  corr=-327.54W  u_ff=121.8W  PCAP→78W  power=78.7W
[PID] perf=26.756Hz  target=11.119Hz  err=-15.637Hz  corr=-329.98W  u_ff=121.8W  PCAP→78W  power=77.6W
[PID] perf=26.922Hz  target=11.119Hz  err=-15.803Hz  corr=-333.06W  u_ff=121.8W  PCAP→78W  power=77.5W
[PID] perf=26.910Hz  target=11.119Hz  err=-15.792Hz  corr=-332.85W  u_ff=121.8W  PCAP→78W  power=76.6W
[PID] perf=26.918Hz  target=11.119Hz  err=-15.799Hz  corr=-332.98W  u_ff=121.8W  PCAP→78W  power=79.2W
[PID] perf=26.931Hz  target=11.119Hz  err=-15.812Hz  corr=-333.24W  u_ff=121.8W  PCAP→78W  power=77.3W
[PID] perf=26.900Hz  target=11.119Hz  err=-15.781Hz  corr=-332.66W  u_ff=121.8W  PCAP→78W  power=78.1W
[PID] perf=26.884Hz  target=11.119Hz  err=-15.765Hz  corr=-332.36W  u_ff=121.8W  PCAP→78W  power=79.2W
[PID] perf=26.863Hz  target=11.119Hz  err=-15.744Hz  corr=-331.97W  u_ff=121.8W  PCAP→78W  power=78.0W
[PID] perf=26.935Hz  target=11.119Hz  err=-15.816Hz  corr=-333.30W  u_ff=121.8W  PCAP→78W  power=79.6W
[PID] perf=26.957Hz  target=11.119Hz  err=-15.839Hz  corr=-333.72W  u_ff=121.8W  PCAP→78W  power=79.1W
[PID] perf=26.943Hz  target=11.119Hz  err=-15.825Hz  corr=-333.46W  u_ff=121.8W  PCAP→78W  power=77.1W
[PID] perf=26.915Hz  target=11.119Hz  err=-15.796Hz  corr=-332.93W  u_ff=121.8W  PCAP→78W  power=79.0W
[PID] perf=26.897Hz  target=11.119Hz  err=-15.778Hz  corr=-332.60W  u_ff=121.8W  PCAP→78W  power=78.0W
[PID] perf=26.940Hz  target=11.119Hz  err=-15.821Hz  corr=-333.39W  u_ff=121.8W  PCAP→78W  power=77.4W
[PID] perf=26.940Hz  target=11.119Hz  err=-15.821Hz  corr=-333.40W  u_ff=121.8W  PCAP→78W  power=76.4W
[PID] perf=26.902Hz  target=11.119Hz  err=-15.783Hz  corr=-332.69W  u_ff=121.8W  PCAP→78W  power=78.2W
[PID] perf=26.951Hz  target=11.119Hz  err=-15.832Hz  corr=-333.60W  u_ff=121.8W  PCAP→78W  power=76.9W
[PID] perf=26.917Hz  target=11.119Hz  err=-15.798Hz  corr=-332.97W  u_ff=121.8W  PCAP→78W  power=79.0W
[PID] perf=26.958Hz  target=11.119Hz  err=-15.839Hz  corr=-333.73W  u_ff=121.8W  PCAP→78W  power=78.7W
[PID] perf=26.921Hz  target=11.119Hz  err=-15.802Hz  corr=-333.04W  u_ff=121.8W  PCAP→78W  power=78.7W
[PID] perf=26.923Hz  target=11.119Hz  err=-15.804Hz  corr=-333.08W  u_ff=121.8W  PCAP→78W  power=79.3W
[PID] perf=26.954Hz  target=11.119Hz  err=-15.836Hz  corr=-333.66W  u_ff=121.8W  PCAP→78W  power=78.2W
[PID] perf=26.920Hz  target=11.119Hz  err=-15.801Hz  corr=-333.02W  u_ff=121.8W  PCAP→78W  power=76.6W
[PID] perf=26.964Hz  target=11.119Hz  err=-15.845Hz  corr=-333.84W  u_ff=121.8W  PCAP→78W  power=79.0W
[PID] perf=28.339Hz  target=11.119Hz  err=-17.220Hz  corr=-359.34W  u_ff=121.8W  PCAP→78W  power=79.4W
[PID] perf=27.191Hz  target=11.119Hz  err=-16.072Hz  corr=-338.05W  u_ff=121.8W  PCAP→78W  power=78.2W
[PID] perf=27.229Hz  target=11.119Hz  err=-16.110Hz  corr=-338.76W  u_ff=121.8W  PCAP→78W  power=77.0W
[PID] perf=27.238Hz  target=11.119Hz  err=-16.119Hz  corr=-338.92W  u_ff=121.8W  PCAP→78W  power=77.5W
[PID] perf=27.244Hz  target=11.119Hz  err=-16.125Hz  corr=-339.03W  u_ff=121.8W  PCAP→78W  power=78.3W
[PID] perf=27.046Hz  target=11.119Hz  err=-15.927Hz  corr=-335.36W  u_ff=121.8W  PCAP→78W  power=78.4W
[PID] perf=27.139Hz  target=11.119Hz  err=-16.021Hz  corr=-337.10W  u_ff=121.8W  PCAP→78W  power=77.0W
[PID] perf=27.158Hz  target=11.119Hz  err=-16.039Hz  corr=-337.44W  u_ff=121.8W  PCAP→78W  power=77.6W
[PID] perf=27.201Hz  target=11.119Hz  err=-16.082Hz  corr=-338.24W  u_ff=121.8W  PCAP→78W  power=78.9W
[PID] perf=27.201Hz  target=11.119Hz  err=-16.082Hz  corr=-338.24W  u_ff=121.8W  PCAP→78W  power=79.1W
[PID] perf=27.180Hz  target=11.119Hz  err=-16.061Hz  corr=-337.84W  u_ff=121.8W  PCAP→78W  power=76.8W
[PID] perf=27.174Hz  target=11.119Hz  err=-16.055Hz  corr=-337.74W  u_ff=121.8W  PCAP→78W  power=79.2W
[PID] perf=27.128Hz  target=11.119Hz  err=-16.009Hz  corr=-336.88W  u_ff=121.8W  PCAP→78W  power=79.1W
[PID] perf=27.183Hz  target=11.119Hz  err=-16.064Hz  corr=-337.90W  u_ff=121.8W  PCAP→78W  power=77.4W
[PID] perf=27.160Hz  target=11.119Hz  err=-16.041Hz  corr=-337.47W  u_ff=121.8W  PCAP→78W  power=78.6W
[PID] perf=27.161Hz  target=11.119Hz  err=-16.042Hz  corr=-337.49W  u_ff=121.8W  PCAP→78W  power=79.2W
[PID] perf=27.158Hz  target=11.119Hz  err=-16.039Hz  corr=-337.44W  u_ff=121.8W  PCAP→78W  power=77.9W
[PID] perf=27.173Hz  target=11.119Hz  err=-16.054Hz  corr=-337.73W  u_ff=121.8W  PCAP→78W  power=77.9W
[PID] perf=27.174Hz  target=11.119Hz  err=-16.055Hz  corr=-337.74W  u_ff=121.8W  PCAP→78W  power=76.3W
[PID] perf=27.189Hz  target=11.119Hz  err=-16.070Hz  corr=-338.02W  u_ff=121.8W  PCAP→78W  power=79.2W
[PID] perf=27.170Hz  target=11.119Hz  err=-16.051Hz  corr=-337.66W  u_ff=121.8W  PCAP→78W  power=79.2W
[PID] perf=27.184Hz  target=11.119Hz  err=-16.065Hz  corr=-337.93W  u_ff=121.8W  PCAP→78W  power=77.2W
[PID] perf=27.137Hz  target=11.119Hz  err=-16.018Hz  corr=-337.05W  u_ff=121.8W  PCAP→78W  power=76.9W
[PID] perf=26.936Hz  target=11.119Hz  err=-15.817Hz  corr=-333.32W  u_ff=121.8W  PCAP→78W  power=78.9W
[PID] perf=27.097Hz  target=11.119Hz  err=-15.978Hz  corr=-336.31W  u_ff=121.8W  PCAP→78W  power=78.9W
[PID] perf=27.080Hz  target=11.119Hz  err=-15.961Hz  corr=-336.00W  u_ff=121.8W  PCAP→78W  power=79.2W
[PID] perf=27.019Hz  target=11.119Hz  err=-15.900Hz  corr=-334.86W  u_ff=121.8W  PCAP→78W  power=78.8W
[PID] perf=27.170Hz  target=11.119Hz  err=-16.051Hz  corr=-337.67W  u_ff=121.8W  PCAP→78W  power=77.8W
[PID] perf=27.164Hz  target=11.119Hz  err=-16.045Hz  corr=-337.55W  u_ff=121.8W  PCAP→78W  power=77.5W
[PID] perf=27.151Hz  target=11.119Hz  err=-16.033Hz  corr=-337.32W  u_ff=121.8W  PCAP→78W  power=76.5W
[PID] perf=27.132Hz  target=11.119Hz  err=-16.014Hz  corr=-336.97W  u_ff=121.8W  PCAP→78W  power=79.2W
[PID] perf=27.168Hz  target=11.119Hz  err=-16.049Hz  corr=-337.63W  u_ff=121.8W  PCAP→78W  power=76.8W
[PID] perf=27.151Hz  target=11.119Hz  err=-16.032Hz  corr=-337.31W  u_ff=121.8W  PCAP→78W  power=77.0W
[PID] perf=27.143Hz  target=11.119Hz  err=-16.024Hz  corr=-337.17W  u_ff=121.8W  PCAP→78W  power=78.9W
[PID] perf=27.168Hz  target=11.119Hz  err=-16.049Hz  corr=-337.63W  u_ff=121.8W  PCAP→78W  power=77.1W
[PID] perf=27.141Hz  target=11.119Hz  err=-16.022Hz  corr=-337.12W  u_ff=121.8W  PCAP→78W  power=79.1W
[PID] perf=27.138Hz  target=11.119Hz  err=-16.020Hz  corr=-337.08W  u_ff=121.8W  PCAP→78W  power=78.6W
[PID] perf=27.115Hz  target=11.119Hz  err=-15.996Hz  corr=-336.64W  u_ff=121.8W  PCAP→78W  power=76.4W
[PID] perf=27.140Hz  target=11.119Hz  err=-16.021Hz  corr=-337.10W  u_ff=121.8W  PCAP→78W  power=77.1W
[PID] perf=27.108Hz  target=11.119Hz  err=-15.989Hz  corr=-336.52W  u_ff=121.8W  PCAP→78W  power=78.1W
[PID] perf=27.137Hz  target=11.119Hz  err=-16.018Hz  corr=-337.05W  u_ff=121.8W  PCAP→78W  power=79.3W
[PID] perf=27.144Hz  target=11.119Hz  err=-16.025Hz  corr=-337.18W  u_ff=121.8W  PCAP→78W  power=77.1W
[PID] perf=27.149Hz  target=11.119Hz  err=-16.030Hz  corr=-337.27W  u_ff=121.8W  PCAP→78W  power=78.0W
[PID] perf=27.139Hz  target=11.119Hz  err=-16.020Hz  corr=-337.09W  u_ff=121.8W  PCAP→78W  power=79.0W
[PID] perf=27.130Hz  target=11.119Hz  err=-16.011Hz  corr=-336.92W  u_ff=121.8W  PCAP→78W  power=78.9W
[PID] perf=27.126Hz  target=11.119Hz  err=-16.007Hz  corr=-336.85W  u_ff=121.8W  PCAP→78W  power=77.3W
[PID] perf=27.161Hz  target=11.119Hz  err=-16.042Hz  corr=-337.49W  u_ff=121.8W  PCAP→78W  power=78.2W
[PID] perf=27.144Hz  target=11.119Hz  err=-16.025Hz  corr=-337.18W  u_ff=121.8W  PCAP→78W  power=77.8W
[PID] perf=27.139Hz  target=11.119Hz  err=-16.021Hz  corr=-337.10W  u_ff=121.8W  PCAP→78W  power=79.2W
[PID] perf=27.156Hz  target=11.119Hz  err=-16.037Hz  corr=-337.40W  u_ff=121.8W  PCAP→78W  power=77.0W
[PID] perf=27.162Hz  target=11.119Hz  err=-16.043Hz  corr=-337.51W  u_ff=121.8W  PCAP→78W  power=77.4W
[PID] perf=27.141Hz  target=11.119Hz  err=-16.022Hz  corr=-337.12W  u_ff=121.8W  PCAP→78W  power=79.3W
[PID] perf=26.972Hz  target=11.119Hz  err=-15.853Hz  corr=-333.99W  u_ff=121.8W  PCAP→78W  power=79.2W
[PID] perf=26.934Hz  target=11.119Hz  err=-15.816Hz  corr=-333.30W  u_ff=121.8W  PCAP→78W  power=77.7W
[PID] perf=27.407Hz  target=11.119Hz  err=-16.289Hz  corr=-342.07W  u_ff=121.8W  PCAP→78W  power=78.6W
[PID] perf=27.387Hz  target=11.119Hz  err=-16.268Hz  corr=-341.69W  u_ff=121.8W  PCAP→78W  power=78.0W
[PID] perf=27.405Hz  target=11.119Hz  err=-16.287Hz  corr=-342.03W  u_ff=121.8W  PCAP→78W  power=77.1W
[PID] perf=27.307Hz  target=11.119Hz  err=-16.188Hz  corr=-340.20W  u_ff=121.8W  PCAP→78W  power=78.1W
[PID] perf=27.396Hz  target=11.119Hz  err=-16.278Hz  corr=-341.86W  u_ff=121.8W  PCAP→78W  power=78.9W
[PID] perf=27.391Hz  target=11.119Hz  err=-16.272Hz  corr=-341.77W  u_ff=121.8W  PCAP→78W  power=77.0W
[PID] perf=27.424Hz  target=11.119Hz  err=-16.305Hz  corr=-342.37W  u_ff=121.8W  PCAP→78W  power=78.2W
[PID] perf=27.432Hz  target=11.119Hz  err=-16.313Hz  corr=-342.52W  u_ff=121.8W  PCAP→78W  power=77.7W
[PID] perf=27.440Hz  target=11.119Hz  err=-16.322Hz  corr=-342.68W  u_ff=121.8W  PCAP→78W  power=78.5W
[PID] perf=27.372Hz  target=11.119Hz  err=-16.253Hz  corr=-341.41W  u_ff=121.8W  PCAP→78W  power=78.2W
[PID] perf=27.424Hz  target=11.119Hz  err=-16.305Hz  corr=-342.38W  u_ff=121.8W  PCAP→78W  power=77.0W
[PID] perf=27.424Hz  target=11.119Hz  err=-16.305Hz  corr=-342.38W  u_ff=121.8W  PCAP→78W  power=79.2W
[PID] perf=27.443Hz  target=11.119Hz  err=-16.324Hz  corr=-342.72W  u_ff=121.8W  PCAP→78W  power=78.2W
[PID] perf=27.436Hz  target=11.119Hz  err=-16.317Hz  corr=-342.59W  u_ff=121.8W  PCAP→78W  power=77.6W
[PID] perf=27.425Hz  target=11.119Hz  err=-16.306Hz  corr=-342.39W  u_ff=121.8W  PCAP→78W  power=77.7W
[PID] perf=27.399Hz  target=11.119Hz  err=-16.280Hz  corr=-341.90W  u_ff=121.8W  PCAP→78W  power=79.4W
[PID] perf=27.387Hz  target=11.119Hz  err=-16.268Hz  corr=-341.69W  u_ff=121.8W  PCAP→78W  power=77.7W
[PID] perf=27.414Hz  target=11.119Hz  err=-16.295Hz  corr=-342.19W  u_ff=121.8W  PCAP→78W  power=79.1W
[PID] perf=27.419Hz  target=11.119Hz  err=-16.301Hz  corr=-342.29W  u_ff=121.8W  PCAP→78W  power=78.8W
[PID] perf=27.411Hz  target=11.119Hz  err=-16.292Hz  corr=-342.14W  u_ff=121.8W  PCAP→78W  power=77.6W
[PID] perf=27.458Hz  target=11.119Hz  err=-16.339Hz  corr=-343.01W  u_ff=121.8W  PCAP→78W  power=78.1W
[PID] perf=27.430Hz  target=11.119Hz  err=-16.311Hz  corr=-342.48W  u_ff=121.8W  PCAP→78W  power=79.4W
[PID] perf=27.421Hz  target=11.119Hz  err=-16.302Hz  corr=-342.31W  u_ff=121.8W  PCAP→78W  power=76.4W
[PID] perf=27.405Hz  target=11.119Hz  err=-16.286Hz  corr=-342.02W  u_ff=121.8W  PCAP→78W  power=78.3W
[PID] perf=27.411Hz  target=11.119Hz  err=-16.292Hz  corr=-342.13W  u_ff=121.8W  PCAP→78W  power=77.3W
[PID] perf=27.419Hz  target=11.119Hz  err=-16.300Hz  corr=-342.28W  u_ff=121.8W  PCAP→78W  power=77.3W
[PID] perf=27.389Hz  target=11.119Hz  err=-16.270Hz  corr=-341.72W  u_ff=121.8W  PCAP→78W  power=79.1W
[PID] perf=27.441Hz  target=11.119Hz  err=-16.322Hz  corr=-342.69W  u_ff=121.8W  PCAP→78W  power=78.4W
[PID] perf=27.575Hz  target=11.119Hz  err=-16.457Hz  corr=-345.18W  u_ff=121.8W  PCAP→78W  power=76.9W
[PID] perf=27.609Hz  target=11.119Hz  err=-16.490Hz  corr=-345.80W  u_ff=121.8W  PCAP→78W  power=77.1W
[PID] perf=27.594Hz  target=11.119Hz  err=-16.475Hz  corr=-345.52W  u_ff=121.8W  PCAP→78W  power=78.9W
[PID] perf=27.584Hz  target=11.119Hz  err=-16.465Hz  corr=-345.34W  u_ff=121.8W  PCAP→78W  power=77.3W
[PID] perf=27.564Hz  target=11.119Hz  err=-16.446Hz  corr=-344.98W  u_ff=121.8W  PCAP→78W  power=77.7W
[PID] perf=27.586Hz  target=11.119Hz  err=-16.467Hz  corr=-345.38W  u_ff=121.8W  PCAP→78W  power=78.2W
[PID] perf=27.571Hz  target=11.119Hz  err=-16.452Hz  corr=-345.10W  u_ff=121.8W  PCAP→78W  power=77.7W
[PID] perf=27.562Hz  target=11.119Hz  err=-16.443Hz  corr=-344.93W  u_ff=121.8W  PCAP→78W  power=79.3W
[PID] perf=27.568Hz  target=11.119Hz  err=-16.449Hz  corr=-345.04W  u_ff=121.8W  PCAP→78W  power=76.9W
[PID] perf=27.539Hz  target=11.119Hz  err=-16.420Hz  corr=-344.50W  u_ff=121.8W  PCAP→78W  power=78.3W
[PID] perf=27.545Hz  target=11.119Hz  err=-16.426Hz  corr=-344.62W  u_ff=121.8W  PCAP→78W  power=79.2W
[PID] perf=27.550Hz  target=11.119Hz  err=-16.431Hz  corr=-344.71W  u_ff=121.8W  PCAP→78W  power=77.7W
[PID] perf=27.553Hz  target=11.119Hz  err=-16.434Hz  corr=-344.76W  u_ff=121.8W  PCAP→78W  power=79.1W
[PID] perf=27.567Hz  target=11.119Hz  err=-16.448Hz  corr=-345.02W  u_ff=121.8W  PCAP→78W  power=77.1W
[PID] perf=27.570Hz  target=11.119Hz  err=-16.451Hz  corr=-345.08W  u_ff=121.8W  PCAP→78W  power=78.8W
[PID] perf=27.548Hz  target=11.119Hz  err=-16.429Hz  corr=-344.67W  u_ff=121.8W  PCAP→78W  power=78.3W
[PID] perf=27.550Hz  target=11.119Hz  err=-16.432Hz  corr=-344.72W  u_ff=121.8W  PCAP→78W  power=78.9W
[PID] perf=27.595Hz  target=11.119Hz  err=-16.476Hz  corr=-345.54W  u_ff=121.8W  PCAP→78W  power=76.3W
[PID] perf=27.583Hz  target=11.119Hz  err=-16.465Hz  corr=-345.33W  u_ff=121.8W  PCAP→78W  power=78.8W
[PID] perf=27.619Hz  target=11.119Hz  err=-16.500Hz  corr=-345.98W  u_ff=121.8W  PCAP→78W  power=79.0W
[PID] perf=27.621Hz  target=11.119Hz  err=-16.502Hz  corr=-346.03W  u_ff=121.8W  PCAP→78W  power=78.3W
[PID] perf=27.565Hz  target=11.119Hz  err=-16.446Hz  corr=-344.99W  u_ff=121.8W  PCAP→78W  power=77.3W
[PID] perf=27.597Hz  target=11.119Hz  err=-16.478Hz  corr=-345.58W  u_ff=121.8W  PCAP→78W  power=77.2W
[PID] perf=27.634Hz  target=11.119Hz  err=-16.515Hz  corr=-346.27W  u_ff=121.8W  PCAP→78W  power=77.1W
[PID] perf=27.604Hz  target=11.119Hz  err=-16.485Hz  corr=-345.70W  u_ff=121.8W  PCAP→78W  power=77.0W
[PID] perf=27.608Hz  target=11.119Hz  err=-16.489Hz  corr=-345.79W  u_ff=121.8W  PCAP→78W  power=76.7W
[PID] perf=27.563Hz  target=11.119Hz  err=-16.445Hz  corr=-344.96W  u_ff=121.8W  PCAP→78W  power=76.9W
[PID] perf=27.581Hz  target=11.119Hz  err=-16.463Hz  corr=-345.29W  u_ff=121.8W  PCAP→78W  power=78.6W
[PID] perf=27.639Hz  target=11.119Hz  err=-16.520Hz  corr=-346.35W  u_ff=121.8W  PCAP→78W  power=77.0W
[PID] perf=27.612Hz  target=11.119Hz  err=-16.493Hz  corr=-345.87W  u_ff=121.8W  PCAP→78W  power=76.3W
[PID] perf=27.624Hz  target=11.119Hz  err=-16.505Hz  corr=-346.08W  u_ff=121.8W  PCAP→78W  power=77.7W
[PID] perf=27.626Hz  target=11.119Hz  err=-16.507Hz  corr=-346.12W  u_ff=121.8W  PCAP→78W  power=78.2W
[PID] perf=27.645Hz  target=11.119Hz  err=-16.526Hz  corr=-346.47W  u_ff=121.8W  PCAP→78W  power=77.2W
[PID] perf=27.607Hz  target=11.119Hz  err=-16.488Hz  corr=-345.77W  u_ff=121.8W  PCAP→78W  power=76.6W
[PID] perf=27.604Hz  target=11.119Hz  err=-16.485Hz  corr=-345.71W  u_ff=121.8W  PCAP→78W  power=78.8W
[PID] perf=27.619Hz  target=11.119Hz  err=-16.501Hz  corr=-346.00W  u_ff=121.8W  PCAP→78W  power=78.9W
[PID] perf=27.493Hz  target=11.119Hz  err=-16.374Hz  corr=-343.66W  u_ff=121.8W  PCAP→78W  power=77.3W
[PID] perf=27.531Hz  target=11.119Hz  err=-16.413Hz  corr=-344.37W  u_ff=121.8W  PCAP→78W  power=77.4W
[PID] perf=27.525Hz  target=11.119Hz  err=-16.406Hz  corr=-344.25W  u_ff=121.8W  PCAP→78W  power=78.5W
[PID] perf=27.543Hz  target=11.119Hz  err=-16.424Hz  corr=-344.58W  u_ff=121.8W  PCAP→78W  power=79.0W
[PID] perf=27.566Hz  target=11.119Hz  err=-16.447Hz  corr=-345.01W  u_ff=121.8W  PCAP→78W  power=77.2W
[PID] perf=27.560Hz  target=11.119Hz  err=-16.441Hz  corr=-344.89W  u_ff=121.8W  PCAP→78W  power=77.6W
[PID] perf=27.552Hz  target=11.119Hz  err=-16.433Hz  corr=-344.75W  u_ff=121.8W  PCAP→78W  power=76.9W
[PID] perf=27.534Hz  target=11.119Hz  err=-16.415Hz  corr=-344.41W  u_ff=121.8W  PCAP→78W  power=77.0W
[PID] perf=27.563Hz  target=11.119Hz  err=-16.444Hz  corr=-344.95W  u_ff=121.8W  PCAP→78W  power=77.3W
[PID] perf=27.548Hz  target=11.119Hz  err=-16.430Hz  corr=-344.68W  u_ff=121.8W  PCAP→78W  power=77.0W
[PID] perf=27.538Hz  target=11.119Hz  err=-16.419Hz  corr=-344.48W  u_ff=121.8W  PCAP→78W  power=79.0W
[PID] perf=27.566Hz  target=11.119Hz  err=-16.447Hz  corr=-345.00W  u_ff=121.8W  PCAP→78W  power=79.0W
[PID] perf=27.574Hz  target=11.119Hz  err=-16.455Hz  corr=-345.15W  u_ff=121.8W  PCAP→78W  power=78.1W
[PID] perf=27.065Hz  target=11.119Hz  err=-15.946Hz  corr=-335.72W  u_ff=121.8W  PCAP→78W  power=77.9W
[PID] perf=27.493Hz  target=11.119Hz  err=-16.375Hz  corr=-343.66W  u_ff=121.8W  PCAP→78W  power=78.7W
[PID] perf=27.493Hz  target=11.119Hz  err=-16.374Hz  corr=-343.65W  u_ff=121.8W  PCAP→78W  power=76.4W
[PID] perf=27.537Hz  target=11.119Hz  err=-16.418Hz  corr=-344.47W  u_ff=121.8W  PCAP→78W  power=78.6W
[PID] perf=27.562Hz  target=11.119Hz  err=-16.443Hz  corr=-344.93W  u_ff=121.8W  PCAP→78W  power=78.9W
[PID] perf=27.552Hz  target=11.119Hz  err=-16.434Hz  corr=-344.76W  u_ff=121.8W  PCAP→78W  power=76.3W
[PID] perf=27.563Hz  target=11.119Hz  err=-16.444Hz  corr=-344.95W  u_ff=121.8W  PCAP→78W  power=77.2W
[PID] perf=27.545Hz  target=11.119Hz  err=-16.426Hz  corr=-344.62W  u_ff=121.8W  PCAP→78W  power=76.9W
[PID] perf=27.515Hz  target=11.119Hz  err=-16.397Hz  corr=-344.07W  u_ff=121.8W  PCAP→78W  power=78.2W
[PID] perf=27.518Hz  target=11.119Hz  err=-16.399Hz  corr=-344.12W  u_ff=121.8W  PCAP→78W  power=77.3W
[PID] perf=27.519Hz  target=11.119Hz  err=-16.401Hz  corr=-344.14W  u_ff=121.8W  PCAP→78W  power=78.7W
[PID] perf=27.549Hz  target=11.119Hz  err=-16.430Hz  corr=-344.69W  u_ff=121.8W  PCAP→78W  power=79.4W
[PID] perf=27.542Hz  target=11.119Hz  err=-16.424Hz  corr=-344.57W  u_ff=121.8W  PCAP→78W  power=78.8W
[PID] perf=27.539Hz  target=11.119Hz  err=-16.421Hz  corr=-344.52W  u_ff=121.8W  PCAP→78W  power=77.3W
[PID] perf=27.531Hz  target=11.119Hz  err=-16.412Hz  corr=-344.36W  u_ff=121.8W  PCAP→78W  power=77.6W
[PID] perf=27.503Hz  target=11.119Hz  err=-16.384Hz  corr=-343.84W  u_ff=121.8W  PCAP→78W  power=78.6W
[PID] perf=27.537Hz  target=11.119Hz  err=-16.418Hz  corr=-344.47W  u_ff=121.8W  PCAP→78W  power=79.4W
[PID] perf=27.509Hz  target=11.119Hz  err=-16.390Hz  corr=-343.95W  u_ff=121.8W  PCAP→78W  power=79.0W
[PID] perf=27.510Hz  target=11.119Hz  err=-16.391Hz  corr=-343.97W  u_ff=121.8W  PCAP→78W  power=77.7W
[PID] perf=27.518Hz  target=11.119Hz  err=-16.399Hz  corr=-344.11W  u_ff=121.8W  PCAP→78W  power=77.0W
[PID] perf=27.526Hz  target=11.119Hz  err=-16.407Hz  corr=-344.26W  u_ff=121.8W  PCAP→78W  power=78.5W
[PID] perf=27.531Hz  target=11.119Hz  err=-16.412Hz  corr=-344.36W  u_ff=121.8W  PCAP→78W  power=78.7W
[PID] perf=27.509Hz  target=11.119Hz  err=-16.390Hz  corr=-343.94W  u_ff=121.8W  PCAP→78W  power=79.3W
[PID] perf=27.509Hz  target=11.119Hz  err=-16.390Hz  corr=-343.95W  u_ff=121.8W  PCAP→78W  power=79.1W
[PID] perf=27.504Hz  target=11.119Hz  err=-16.385Hz  corr=-343.86W  u_ff=121.8W  PCAP→78W  power=77.8W
[PID] perf=27.533Hz  target=11.119Hz  err=-16.414Hz  corr=-344.40W  u_ff=121.8W  PCAP→78W  power=78.7W
[PID] perf=27.523Hz  target=11.119Hz  err=-16.405Hz  corr=-344.22W  u_ff=121.8W  PCAP→78W  power=78.3W
[PID] perf=27.575Hz  target=11.119Hz  err=-16.456Hz  corr=-345.17W  u_ff=121.8W  PCAP→78W  power=77.3W
[PID] perf=27.528Hz  target=11.119Hz  err=-16.409Hz  corr=-344.30W  u_ff=121.8W  PCAP→78W  power=77.0W
[PID] perf=27.516Hz  target=11.119Hz  err=-16.398Hz  corr=-344.09W  u_ff=121.8W  PCAP→78W  power=78.4W
[PID] perf=27.561Hz  target=11.119Hz  err=-16.442Hz  corr=-344.92W  u_ff=121.8W  PCAP→78W  power=78.6W
[PID] perf=27.564Hz  target=11.119Hz  err=-16.446Hz  corr=-344.98W  u_ff=121.8W  PCAP→78W  power=78.9W
[PID] perf=27.549Hz  target=11.119Hz  err=-16.431Hz  corr=-344.70W  u_ff=121.8W  PCAP→78W  power=79.2W
[PID] perf=27.528Hz  target=11.119Hz  err=-16.409Hz  corr=-344.31W  u_ff=121.8W  PCAP→78W  power=76.6W
[PID] perf=27.585Hz  target=11.119Hz  err=-16.466Hz  corr=-345.35W  u_ff=121.8W  PCAP→78W  power=78.0W
[PID] perf=27.505Hz  target=11.119Hz  err=-16.386Hz  corr=-343.88W  u_ff=121.8W  PCAP→78W  power=77.7W
[PID] perf=27.570Hz  target=11.119Hz  err=-16.451Hz  corr=-345.08W  u_ff=121.8W  PCAP→78W  power=78.7W
[PID] perf=27.576Hz  target=11.119Hz  err=-16.457Hz  corr=-345.20W  u_ff=121.8W  PCAP→78W  power=76.3W
[PID] perf=27.565Hz  target=11.119Hz  err=-16.446Hz  corr=-344.99W  u_ff=121.8W  PCAP→78W  power=77.9W
[PID] perf=27.550Hz  target=11.119Hz  err=-16.431Hz  corr=-344.71W  u_ff=121.8W  PCAP→78W  power=78.2W
[PID] perf=27.012Hz  target=11.119Hz  err=-15.893Hz  corr=-334.73W  u_ff=121.8W  PCAP→78W  power=78.5W
[PID] perf=27.094Hz  target=11.119Hz  err=-15.975Hz  corr=-336.26W  u_ff=121.8W  PCAP→78W  power=78.6W
[PID] perf=27.003Hz  target=11.119Hz  err=-15.884Hz  corr=-334.56W  u_ff=121.8W  PCAP→78W  power=79.0W
[PID] perf=27.043Hz  target=11.119Hz  err=-15.924Hz  corr=-335.31W  u_ff=121.8W  PCAP→78W  power=77.8W
[PID] perf=27.089Hz  target=11.119Hz  err=-15.970Hz  corr=-336.16W  u_ff=121.8W  PCAP→78W  power=77.3W
[PID] perf=27.056Hz  target=11.119Hz  err=-15.937Hz  corr=-335.54W  u_ff=121.8W  PCAP→78W  power=76.2W
[PID] perf=27.045Hz  target=11.119Hz  err=-15.926Hz  corr=-335.35W  u_ff=121.8W  PCAP→78W  power=77.1W
[PID] perf=27.053Hz  target=11.119Hz  err=-15.934Hz  corr=-335.50W  u_ff=121.8W  PCAP→78W  power=78.1W
[PID] perf=27.055Hz  target=11.119Hz  err=-15.936Hz  corr=-335.53W  u_ff=121.8W  PCAP→78W  power=77.7W
[PID] perf=27.064Hz  target=11.119Hz  err=-15.945Hz  corr=-335.69W  u_ff=121.8W  PCAP→78W  power=76.9W
[PID] perf=27.065Hz  target=11.119Hz  err=-15.946Hz  corr=-335.71W  u_ff=121.8W  PCAP→78W  power=78.6W
[PID] perf=27.026Hz  target=11.119Hz  err=-15.907Hz  corr=-334.99W  u_ff=121.8W  PCAP→78W  power=78.9W
[PID] perf=27.047Hz  target=11.119Hz  err=-15.928Hz  corr=-335.38W  u_ff=121.8W  PCAP→78W  power=77.5W
[PID] perf=27.042Hz  target=11.119Hz  err=-15.923Hz  corr=-335.29W  u_ff=121.8W  PCAP→78W  power=78.4W
[PID] perf=27.062Hz  target=11.119Hz  err=-15.943Hz  corr=-335.66W  u_ff=121.8W  PCAP→78W  power=77.6W
[PID] perf=27.064Hz  target=11.119Hz  err=-15.946Hz  corr=-335.71W  u_ff=121.8W  PCAP→78W  power=78.1W
[PID] perf=27.107Hz  target=11.119Hz  err=-15.988Hz  corr=-336.49W  u_ff=121.8W  PCAP→78W  power=77.0W
[PID] perf=27.217Hz  target=11.119Hz  err=-16.098Hz  corr=-338.53W  u_ff=121.8W  PCAP→78W  power=77.1W
[PID] perf=27.214Hz  target=11.119Hz  err=-16.095Hz  corr=-338.48W  u_ff=121.8W  PCAP→78W  power=77.3W
[PID] perf=27.180Hz  target=11.119Hz  err=-16.061Hz  corr=-337.85W  u_ff=121.8W  PCAP→78W  power=78.0W
[PID] perf=27.244Hz  target=11.119Hz  err=-16.125Hz  corr=-339.03W  u_ff=121.8W  PCAP→78W  power=77.7W
[PID] perf=27.211Hz  target=11.119Hz  err=-16.093Hz  corr=-338.43W  u_ff=121.8W  PCAP→78W  power=78.5W
[PID] perf=27.221Hz  target=11.119Hz  err=-16.102Hz  corr=-338.60W  u_ff=121.8W  PCAP→78W  power=77.2W
[PID] perf=27.201Hz  target=11.119Hz  err=-16.082Hz  corr=-338.24W  u_ff=121.8W  PCAP→78W  power=78.6W
[PID] perf=27.217Hz  target=11.119Hz  err=-16.098Hz  corr=-338.53W  u_ff=121.8W  PCAP→78W  power=78.5W
[PID] perf=27.221Hz  target=11.119Hz  err=-16.102Hz  corr=-338.61W  u_ff=121.8W  PCAP→78W  power=79.2W
[PID] perf=27.219Hz  target=11.119Hz  err=-16.101Hz  corr=-338.58W  u_ff=121.8W  PCAP→78W  power=78.0W
[PID] perf=27.204Hz  target=11.119Hz  err=-16.085Hz  corr=-338.29W  u_ff=121.8W  PCAP→78W  power=79.5W
[PID] perf=27.191Hz  target=11.119Hz  err=-16.072Hz  corr=-338.05W  u_ff=121.8W  PCAP→78W  power=78.7W
[PID] perf=27.305Hz  target=11.119Hz  err=-16.186Hz  corr=-340.16W  u_ff=121.8W  PCAP→78W  power=78.6W
[PID] perf=27.488Hz  target=11.119Hz  err=-16.369Hz  corr=-343.56W  u_ff=121.8W  PCAP→78W  power=78.4W
[PID] perf=27.594Hz  target=11.119Hz  err=-16.476Hz  corr=-345.54W  u_ff=121.8W  PCAP→78W  power=78.9W
[PID] perf=27.536Hz  target=11.119Hz  err=-16.417Hz  corr=-344.45W  u_ff=121.8W  PCAP→78W  power=77.2W
[PID] perf=27.530Hz  target=11.119Hz  err=-16.411Hz  corr=-344.34W  u_ff=121.8W  PCAP→78W  power=77.3W
[PID] perf=27.570Hz  target=11.119Hz  err=-16.451Hz  corr=-345.08W  u_ff=121.8W  PCAP→78W  power=78.0W
[PID] perf=27.540Hz  target=11.119Hz  err=-16.421Hz  corr=-344.53W  u_ff=121.8W  PCAP→78W  power=77.6W
[PID] perf=27.548Hz  target=11.119Hz  err=-16.429Hz  corr=-344.68W  u_ff=121.8W  PCAP→78W  power=78.3W
[PID] perf=27.555Hz  target=11.119Hz  err=-16.437Hz  corr=-344.81W  u_ff=121.8W  PCAP→78W  power=77.1W
[PID] perf=27.537Hz  target=11.119Hz  err=-16.418Hz  corr=-344.47W  u_ff=121.8W  PCAP→78W  power=79.2W
[PID] perf=27.516Hz  target=11.119Hz  err=-16.398Hz  corr=-344.09W  u_ff=121.8W  PCAP→78W  power=79.0W
[PID] perf=27.550Hz  target=11.119Hz  err=-16.431Hz  corr=-344.71W  u_ff=121.8W  PCAP→78W  power=77.7W
[PID] perf=27.520Hz  target=11.119Hz  err=-16.402Hz  corr=-344.16W  u_ff=121.8W  PCAP→78W  power=77.1W
[PID] perf=27.555Hz  target=11.119Hz  err=-16.436Hz  corr=-344.81W  u_ff=121.8W  PCAP→78W  power=77.6W
[PID] perf=27.542Hz  target=11.119Hz  err=-16.423Hz  corr=-344.57W  u_ff=121.8W  PCAP→78W  power=78.9W
[PID] perf=27.557Hz  target=11.119Hz  err=-16.439Hz  corr=-344.85W  u_ff=121.8W  PCAP→78W  power=79.1W
[PID] perf=27.576Hz  target=11.119Hz  err=-16.457Hz  corr=-345.19W  u_ff=121.8W  PCAP→78W  power=78.8W
[PID] perf=27.570Hz  target=11.119Hz  err=-16.451Hz  corr=-345.08W  u_ff=121.8W  PCAP→78W  power=79.1W
[PID] perf=27.546Hz  target=11.119Hz  err=-16.427Hz  corr=-344.63W  u_ff=121.8W  PCAP→78W  power=79.2W
[PID] perf=27.549Hz  target=11.119Hz  err=-16.431Hz  corr=-344.70W  u_ff=121.8W  PCAP→78W  power=77.4W
[PID] perf=27.563Hz  target=11.119Hz  err=-16.444Hz  corr=-344.95W  u_ff=121.8W  PCAP→78W  power=79.1W
[PID] perf=27.580Hz  target=11.119Hz  err=-16.462Hz  corr=-345.27W  u_ff=121.8W  PCAP→78W  power=78.6W
[PID] perf=27.577Hz  target=11.119Hz  err=-16.458Hz  corr=-345.21W  u_ff=121.8W  PCAP→78W  power=76.5W
[PID] perf=27.585Hz  target=11.119Hz  err=-16.466Hz  corr=-345.36W  u_ff=121.8W  PCAP→78W  power=79.6W
[PID] perf=27.050Hz  target=11.119Hz  err=-15.931Hz  corr=-335.44W  u_ff=121.8W  PCAP→78W  power=78.5W
[PID] perf=27.026Hz  target=11.119Hz  err=-15.907Hz  corr=-334.99W  u_ff=121.8W  PCAP→78W  power=77.9W
[PID] perf=27.056Hz  target=11.119Hz  err=-15.937Hz  corr=-335.54W  u_ff=121.8W  PCAP→78W  power=77.1W
[PID] perf=28.592Hz  target=11.119Hz  err=-17.473Hz  corr=-364.03W  u_ff=121.8W  PCAP→78W  power=76.8W
[PID] perf=27.101Hz  target=11.119Hz  err=-15.982Hz  corr=-336.38W  u_ff=121.8W  PCAP→78W  power=77.2W
[PID] perf=27.104Hz  target=11.119Hz  err=-15.985Hz  corr=-336.44W  u_ff=121.8W  PCAP→78W  power=79.0W
[PID] perf=27.152Hz  target=11.119Hz  err=-16.033Hz  corr=-337.32W  u_ff=121.8W  PCAP→78W  power=79.0W
[PID] perf=27.159Hz  target=11.119Hz  err=-16.040Hz  corr=-337.45W  u_ff=121.8W  PCAP→78W  power=78.1W
[PID] perf=27.161Hz  target=11.119Hz  err=-16.042Hz  corr=-337.50W  u_ff=121.8W  PCAP→78W  power=77.8W
[PID] perf=27.164Hz  target=11.119Hz  err=-16.046Hz  corr=-337.56W  u_ff=121.8W  PCAP→78W  power=78.1W
[PID] perf=27.161Hz  target=11.119Hz  err=-16.042Hz  corr=-337.50W  u_ff=121.8W  PCAP→78W  power=76.6W
[PID] perf=27.170Hz  target=11.119Hz  err=-16.051Hz  corr=-337.66W  u_ff=121.8W  PCAP→78W  power=77.1W
[PID] perf=27.133Hz  target=11.119Hz  err=-16.014Hz  corr=-336.98W  u_ff=121.8W  PCAP→78W  power=78.9W
[PID] perf=27.201Hz  target=11.119Hz  err=-16.082Hz  corr=-338.24W  u_ff=121.8W  PCAP→78W  power=78.7W
[PID] perf=27.153Hz  target=11.119Hz  err=-16.035Hz  corr=-337.36W  u_ff=121.8W  PCAP→78W  power=77.3W
[PID] perf=27.169Hz  target=11.119Hz  err=-16.050Hz  corr=-337.64W  u_ff=121.8W  PCAP→78W  power=78.7W
[PID] perf=27.168Hz  target=11.119Hz  err=-16.049Hz  corr=-337.63W  u_ff=121.8W  PCAP→78W  power=79.0W
[PID] perf=27.168Hz  target=11.119Hz  err=-16.050Hz  corr=-337.63W  u_ff=121.8W  PCAP→78W  power=78.8W
[PID] perf=27.168Hz  target=11.119Hz  err=-16.050Hz  corr=-337.63W  u_ff=121.8W  PCAP→78W  power=79.1W
[PID] perf=27.016Hz  target=11.119Hz  err=-15.897Hz  corr=-334.80W  u_ff=121.8W  PCAP→78W  power=77.6W
[PID] perf=27.129Hz  target=11.119Hz  err=-16.010Hz  corr=-336.91W  u_ff=121.8W  PCAP→78W  power=77.2W
[PID] perf=27.181Hz  target=11.119Hz  err=-16.063Hz  corr=-337.88W  u_ff=121.8W  PCAP→78W  power=78.3W
[PID] perf=27.195Hz  target=11.119Hz  err=-16.076Hz  corr=-338.12W  u_ff=121.8W  PCAP→78W  power=78.0W
[PID] perf=27.153Hz  target=11.119Hz  err=-16.035Hz  corr=-337.36W  u_ff=121.8W  PCAP→78W  power=78.6W
[PID] perf=27.199Hz  target=11.119Hz  err=-16.080Hz  corr=-338.20W  u_ff=121.8W  PCAP→78W  power=78.5W
[PID] perf=27.172Hz  target=11.119Hz  err=-16.053Hz  corr=-337.69W  u_ff=121.8W  PCAP→78W  power=77.1W
[PID] perf=27.186Hz  target=11.119Hz  err=-16.067Hz  corr=-337.96W  u_ff=121.8W  PCAP→78W  power=77.7W
[PID] perf=27.160Hz  target=11.119Hz  err=-16.041Hz  corr=-337.48W  u_ff=121.8W  PCAP→78W  power=76.9W
[PID] perf=27.195Hz  target=11.119Hz  err=-16.076Hz  corr=-338.12W  u_ff=121.8W  PCAP→78W  power=77.3W
[PID] perf=27.140Hz  target=11.119Hz  err=-16.021Hz  corr=-337.10W  u_ff=121.8W  PCAP→78W  power=78.4W
[PID] perf=27.179Hz  target=11.119Hz  err=-16.060Hz  corr=-337.83W  u_ff=121.8W  PCAP→78W  power=79.1W
[PID] perf=27.165Hz  target=11.119Hz  err=-16.046Hz  corr=-337.57W  u_ff=121.8W  PCAP→78W  power=79.5W
[PID] perf=25.915Hz  target=11.119Hz  err=-14.796Hz  corr=-314.39W  u_ff=121.8W  PCAP→78W  power=75.0W
[PID] perf=26.397Hz  target=11.119Hz  err=-15.278Hz  corr=-323.33W  u_ff=121.8W  PCAP→78W  power=78.5W
[PID] perf=26.419Hz  target=11.119Hz  err=-15.301Hz  corr=-323.74W  u_ff=121.8W  PCAP→78W  power=78.0W
[PID] perf=26.435Hz  target=11.119Hz  err=-15.317Hz  corr=-324.04W  u_ff=121.8W  PCAP→78W  power=79.1W
[PID] perf=26.417Hz  target=11.119Hz  err=-15.298Hz  corr=-323.70W  u_ff=121.8W  PCAP→78W  power=77.3W
Process completed.
Compressed into /home/cc/summer2024/main_codes/pid_controller/../experiment_data/PID_Control_sweep/ones-npb-cg/compressed_iteration_20260513_152001.tar
----------------------------------

>>> Step 3/3

[ones-npb-cg]
  target perf      : 11.1188 Hz
  coefficients_perf: [-0.0006547837485238978, 0.18607436314256556, -1.8317688501798497]
  feedforward PCAP : 121.82 W  →  124 W (snapped)
  Perf(u_ff) check : 11.1188 Hz  (should ≈ target)
  PID gains        : Kp=18.5447 W/Hz  Ki=1.85447 W/(Hz·s)  Kd=0.0000
[PID] Awaiting data — feedforward PCAP=124W
[PID] Awaiting data — feedforward PCAP=124W
[PID] Awaiting data — feedforward PCAP=124W
[PID] Awaiting data — feedforward PCAP=124W
[PID] Awaiting data — feedforward PCAP=124W
[PID] Awaiting data — feedforward PCAP=124W
[PID] perf=20.296Hz  target=11.119Hz  err=-9.178Hz  corr=-204.24W  u_ff=121.8W  PCAP→78W  power=nanW
[PID] perf=18.001Hz  target=11.119Hz  err=-6.882Hz  corr=-167.63W  u_ff=121.8W  PCAP→78W  power=76.9W
[PID] perf=18.030Hz  target=11.119Hz  err=-6.911Hz  corr=-168.17W  u_ff=121.8W  PCAP→78W  power=78.9W
[PID] perf=18.015Hz  target=11.119Hz  err=-6.896Hz  corr=-167.88W  u_ff=121.8W  PCAP→78W  power=79.0W
[PID] perf=18.017Hz  target=11.119Hz  err=-6.898Hz  corr=-167.92W  u_ff=121.8W  PCAP→78W  power=77.8W
[PID] perf=27.388Hz  target=11.119Hz  err=-16.270Hz  corr=-341.72W  u_ff=121.8W  PCAP→78W  power=78.8W
[PID] perf=27.526Hz  target=11.119Hz  err=-16.407Hz  corr=-344.26W  u_ff=121.8W  PCAP→78W  power=76.8W
[PID] perf=27.598Hz  target=11.119Hz  err=-16.479Hz  corr=-345.60W  u_ff=121.8W  PCAP→78W  power=78.1W
[PID] perf=27.555Hz  target=11.119Hz  err=-16.436Hz  corr=-344.80W  u_ff=121.8W  PCAP→78W  power=77.3W
[PID] perf=27.529Hz  target=11.119Hz  err=-16.410Hz  corr=-344.32W  u_ff=121.8W  PCAP→78W  power=78.0W
[PID] perf=27.613Hz  target=11.119Hz  err=-16.495Hz  corr=-345.89W  u_ff=121.8W  PCAP→78W  power=79.0W
[PID] perf=27.586Hz  target=11.119Hz  err=-16.467Hz  corr=-345.38W  u_ff=121.8W  PCAP→78W  power=77.7W
[PID] perf=27.600Hz  target=11.119Hz  err=-16.481Hz  corr=-345.64W  u_ff=121.8W  PCAP→78W  power=78.1W
[PID] perf=27.597Hz  target=11.119Hz  err=-16.478Hz  corr=-345.58W  u_ff=121.8W  PCAP→78W  power=77.8W
[PID] perf=27.603Hz  target=11.119Hz  err=-16.485Hz  corr=-345.70W  u_ff=121.8W  PCAP→78W  power=78.1W
[PID] perf=27.558Hz  target=11.119Hz  err=-16.439Hz  corr=-344.85W  u_ff=121.8W  PCAP→78W  power=78.8W
[PID] perf=27.596Hz  target=11.119Hz  err=-16.478Hz  corr=-345.57W  u_ff=121.8W  PCAP→78W  power=79.0W
[PID] perf=27.596Hz  target=11.119Hz  err=-16.478Hz  corr=-345.57W  u_ff=121.8W  PCAP→78W  power=77.8W
[PID] perf=27.566Hz  target=11.119Hz  err=-16.448Hz  corr=-345.02W  u_ff=121.8W  PCAP→78W  power=77.2W
[PID] perf=27.584Hz  target=11.119Hz  err=-16.466Hz  corr=-345.35W  u_ff=121.8W  PCAP→78W  power=77.1W
[PID] perf=27.591Hz  target=11.119Hz  err=-16.473Hz  corr=-345.48W  u_ff=121.8W  PCAP→78W  power=78.0W
[PID] perf=28.259Hz  target=11.119Hz  err=-17.140Hz  corr=-357.86W  u_ff=121.8W  PCAP→78W  power=77.2W
[PID] perf=28.405Hz  target=11.119Hz  err=-17.286Hz  corr=-360.56W  u_ff=121.8W  PCAP→78W  power=78.9W
[PID] perf=28.445Hz  target=11.119Hz  err=-17.326Hz  corr=-361.30W  u_ff=121.8W  PCAP→78W  power=79.4W
[PID] perf=28.447Hz  target=11.119Hz  err=-17.328Hz  corr=-361.34W  u_ff=121.8W  PCAP→78W  power=78.5W
[PID] perf=28.480Hz  target=11.119Hz  err=-17.361Hz  corr=-361.95W  u_ff=121.8W  PCAP→78W  power=78.7W
[PID] perf=28.475Hz  target=11.119Hz  err=-17.357Hz  corr=-361.87W  u_ff=121.8W  PCAP→78W  power=78.2W
[PID] perf=28.481Hz  target=11.119Hz  err=-17.362Hz  corr=-361.98W  u_ff=121.8W  PCAP→78W  power=77.3W
[PID] perf=28.479Hz  target=11.119Hz  err=-17.361Hz  corr=-361.95W  u_ff=121.8W  PCAP→78W  power=77.0W
[PID] perf=28.495Hz  target=11.119Hz  err=-17.376Hz  corr=-362.24W  u_ff=121.8W  PCAP→78W  power=76.6W
[PID] perf=28.453Hz  target=11.119Hz  err=-17.334Hz  corr=-361.46W  u_ff=121.8W  PCAP→78W  power=77.6W
[PID] perf=28.484Hz  target=11.119Hz  err=-17.366Hz  corr=-362.04W  u_ff=121.8W  PCAP→78W  power=76.6W
[PID] perf=28.473Hz  target=11.119Hz  err=-17.354Hz  corr=-361.83W  u_ff=121.8W  PCAP→78W  power=75.9W
[PID] perf=28.463Hz  target=11.119Hz  err=-17.345Hz  corr=-361.65W  u_ff=121.8W  PCAP→78W  power=76.6W
[PID] perf=28.318Hz  target=11.119Hz  err=-17.199Hz  corr=-358.95W  u_ff=121.8W  PCAP→78W  power=76.4W
[PID] perf=28.502Hz  target=11.119Hz  err=-17.384Hz  corr=-362.38W  u_ff=121.8W  PCAP→78W  power=78.2W
[PID] perf=28.426Hz  target=11.119Hz  err=-17.308Hz  corr=-360.96W  u_ff=121.8W  PCAP→78W  power=77.4W
[PID] perf=28.466Hz  target=11.119Hz  err=-17.347Hz  corr=-361.70W  u_ff=121.8W  PCAP→78W  power=76.7W
[PID] perf=28.472Hz  target=11.119Hz  err=-17.353Hz  corr=-361.81W  u_ff=121.8W  PCAP→78W  power=76.2W
[PID] perf=28.434Hz  target=11.119Hz  err=-17.315Hz  corr=-361.11W  u_ff=121.8W  PCAP→78W  power=76.6W
[PID] perf=28.484Hz  target=11.119Hz  err=-17.365Hz  corr=-362.03W  u_ff=121.8W  PCAP→78W  power=77.2W
[PID] perf=28.445Hz  target=11.119Hz  err=-17.326Hz  corr=-361.30W  u_ff=121.8W  PCAP→78W  power=76.7W
[PID] perf=28.348Hz  target=11.119Hz  err=-17.229Hz  corr=-359.51W  u_ff=121.8W  PCAP→78W  power=79.1W
[PID] perf=25.771Hz  target=11.119Hz  err=-14.652Hz  corr=-311.72W  u_ff=121.8W  PCAP→78W  power=77.0W
[PID] perf=25.785Hz  target=11.119Hz  err=-14.666Hz  corr=-311.98W  u_ff=121.8W  PCAP→78W  power=78.7W
[PID] perf=25.777Hz  target=11.119Hz  err=-14.658Hz  corr=-311.82W  u_ff=121.8W  PCAP→78W  power=77.5W
[PID] perf=25.774Hz  target=11.119Hz  err=-14.655Hz  corr=-311.78W  u_ff=121.8W  PCAP→78W  power=77.4W
[PID] perf=25.787Hz  target=11.119Hz  err=-14.668Hz  corr=-312.01W  u_ff=121.8W  PCAP→78W  power=77.5W
[PID] perf=25.676Hz  target=11.119Hz  err=-14.557Hz  corr=-309.95W  u_ff=121.8W  PCAP→78W  power=76.6W
[PID] perf=25.683Hz  target=11.119Hz  err=-14.564Hz  corr=-310.09W  u_ff=121.8W  PCAP→78W  power=78.5W
[PID] perf=25.704Hz  target=11.119Hz  err=-14.585Hz  corr=-310.48W  u_ff=121.8W  PCAP→78W  power=77.7W
[PID] perf=25.759Hz  target=11.119Hz  err=-14.641Hz  corr=-311.50W  u_ff=121.8W  PCAP→78W  power=76.1W
[PID] perf=26.584Hz  target=11.119Hz  err=-15.465Hz  corr=-326.80W  u_ff=121.8W  PCAP→78W  power=77.1W
[PID] perf=26.613Hz  target=11.119Hz  err=-15.494Hz  corr=-327.33W  u_ff=121.8W  PCAP→78W  power=78.6W
[PID] perf=26.602Hz  target=11.119Hz  err=-15.484Hz  corr=-327.14W  u_ff=121.8W  PCAP→78W  power=77.3W
[PID] perf=26.618Hz  target=11.119Hz  err=-15.499Hz  corr=-327.43W  u_ff=121.8W  PCAP→78W  power=77.3W
[PID] perf=26.594Hz  target=11.119Hz  err=-15.475Hz  corr=-326.98W  u_ff=121.8W  PCAP→78W  power=76.7W
[PID] perf=26.616Hz  target=11.119Hz  err=-15.497Hz  corr=-327.39W  u_ff=121.8W  PCAP→78W  power=77.5W
[PID] perf=26.602Hz  target=11.119Hz  err=-15.483Hz  corr=-327.13W  u_ff=121.8W  PCAP→78W  power=78.1W
[PID] perf=26.625Hz  target=11.119Hz  err=-15.506Hz  corr=-327.55W  u_ff=121.8W  PCAP→78W  power=79.0W
[PID] perf=26.586Hz  target=11.119Hz  err=-15.467Hz  corr=-326.83W  u_ff=121.8W  PCAP→78W  power=77.4W
[PID] perf=26.607Hz  target=11.119Hz  err=-15.488Hz  corr=-327.23W  u_ff=121.8W  PCAP→78W  power=78.0W
[PID] perf=26.621Hz  target=11.119Hz  err=-15.503Hz  corr=-327.49W  u_ff=121.8W  PCAP→78W  power=77.9W
[PID] perf=26.603Hz  target=11.119Hz  err=-15.485Hz  corr=-327.16W  u_ff=121.8W  PCAP→78W  power=78.0W
[PID] perf=26.633Hz  target=11.119Hz  err=-15.514Hz  corr=-327.70W  u_ff=121.8W  PCAP→78W  power=76.9W
[PID] perf=26.630Hz  target=11.119Hz  err=-15.511Hz  corr=-327.65W  u_ff=121.8W  PCAP→78W  power=77.0W
[PID] perf=26.708Hz  target=11.119Hz  err=-15.589Hz  corr=-329.10W  u_ff=121.8W  PCAP→78W  power=77.3W
[PID] perf=26.738Hz  target=11.119Hz  err=-15.619Hz  corr=-329.65W  u_ff=121.8W  PCAP→78W  power=78.5W
[PID] perf=26.745Hz  target=11.119Hz  err=-15.626Hz  corr=-329.78W  u_ff=121.8W  PCAP→78W  power=79.2W
[PID] perf=26.727Hz  target=11.119Hz  err=-15.609Hz  corr=-329.46W  u_ff=121.8W  PCAP→78W  power=78.4W
[PID] perf=26.754Hz  target=11.119Hz  err=-15.636Hz  corr=-329.96W  u_ff=121.8W  PCAP→78W  power=79.0W
[PID] perf=26.750Hz  target=11.119Hz  err=-15.631Hz  corr=-329.87W  u_ff=121.8W  PCAP→78W  power=77.7W
[PID] perf=26.726Hz  target=11.119Hz  err=-15.607Hz  corr=-329.43W  u_ff=121.8W  PCAP→78W  power=78.6W
[PID] perf=26.743Hz  target=11.119Hz  err=-15.624Hz  corr=-329.75W  u_ff=121.8W  PCAP→78W  power=77.8W
[PID] perf=26.732Hz  target=11.119Hz  err=-15.613Hz  corr=-329.54W  u_ff=121.8W  PCAP→78W  power=76.4W
[PID] perf=26.742Hz  target=11.119Hz  err=-15.623Hz  corr=-329.72W  u_ff=121.8W  PCAP→78W  power=77.0W
[PID] perf=26.730Hz  target=11.119Hz  err=-15.611Hz  corr=-329.51W  u_ff=121.8W  PCAP→78W  power=77.2W
[PID] perf=26.798Hz  target=11.119Hz  err=-15.679Hz  corr=-330.76W  u_ff=121.8W  PCAP→78W  power=77.8W
[PID] perf=26.798Hz  target=11.119Hz  err=-15.680Hz  corr=-330.77W  u_ff=121.8W  PCAP→78W  power=77.1W
[PID] perf=26.729Hz  target=11.119Hz  err=-15.611Hz  corr=-329.49W  u_ff=121.8W  PCAP→78W  power=78.2W
[PID] perf=26.761Hz  target=11.119Hz  err=-15.643Hz  corr=-330.09W  u_ff=121.8W  PCAP→78W  power=77.5W
[PID] perf=26.778Hz  target=11.119Hz  err=-15.659Hz  corr=-330.39W  u_ff=121.8W  PCAP→78W  power=79.2W
[PID] perf=26.862Hz  target=11.119Hz  err=-15.743Hz  corr=-331.94W  u_ff=121.8W  PCAP→78W  power=79.3W
[PID] perf=26.878Hz  target=11.119Hz  err=-15.759Hz  corr=-332.24W  u_ff=121.8W  PCAP→78W  power=77.1W
[PID] perf=26.939Hz  target=11.119Hz  err=-15.820Hz  corr=-333.37W  u_ff=121.8W  PCAP→78W  power=76.5W
[PID] perf=26.902Hz  target=11.119Hz  err=-15.783Hz  corr=-332.69W  u_ff=121.8W  PCAP→78W  power=76.7W
[PID] perf=26.872Hz  target=11.119Hz  err=-15.754Hz  corr=-332.14W  u_ff=121.8W  PCAP→78W  power=77.2W
[PID] perf=26.913Hz  target=11.119Hz  err=-15.794Hz  corr=-332.89W  u_ff=121.8W  PCAP→78W  power=77.5W
[PID] perf=26.901Hz  target=11.119Hz  err=-15.782Hz  corr=-332.68W  u_ff=121.8W  PCAP→78W  power=77.9W
[PID] perf=26.884Hz  target=11.119Hz  err=-15.765Hz  corr=-332.35W  u_ff=121.8W  PCAP→78W  power=78.5W
[PID] perf=26.882Hz  target=11.119Hz  err=-15.763Hz  corr=-332.32W  u_ff=121.8W  PCAP→78W  power=78.2W
[PID] perf=26.893Hz  target=11.119Hz  err=-15.775Hz  corr=-332.54W  u_ff=121.8W  PCAP→78W  power=77.1W
[PID] perf=26.917Hz  target=11.119Hz  err=-15.799Hz  corr=-332.98W  u_ff=121.8W  PCAP→78W  power=76.7W
[PID] perf=26.941Hz  target=11.119Hz  err=-15.822Hz  corr=-333.41W  u_ff=121.8W  PCAP→78W  power=78.0W
[PID] perf=26.927Hz  target=11.119Hz  err=-15.808Hz  corr=-333.15W  u_ff=121.8W  PCAP→78W  power=78.0W
[PID] perf=26.929Hz  target=11.119Hz  err=-15.810Hz  corr=-333.20W  u_ff=121.8W  PCAP→78W  power=78.1W
[PID] perf=27.133Hz  target=11.119Hz  err=-16.014Hz  corr=-336.98W  u_ff=121.8W  PCAP→78W  power=78.7W
[PID] perf=27.496Hz  target=11.119Hz  err=-16.377Hz  corr=-343.71W  u_ff=121.8W  PCAP→78W  power=79.0W
[PID] perf=27.540Hz  target=11.119Hz  err=-16.421Hz  corr=-344.53W  u_ff=121.8W  PCAP→78W  power=78.0W
[PID] perf=27.518Hz  target=11.119Hz  err=-16.400Hz  corr=-344.13W  u_ff=121.8W  PCAP→78W  power=77.7W
[PID] perf=27.486Hz  target=11.119Hz  err=-16.367Hz  corr=-343.53W  u_ff=121.8W  PCAP→78W  power=77.5W
[PID] perf=27.506Hz  target=11.119Hz  err=-16.387Hz  corr=-343.90W  u_ff=121.8W  PCAP→78W  power=78.3W
[PID] perf=27.500Hz  target=11.119Hz  err=-16.381Hz  corr=-343.78W  u_ff=121.8W  PCAP→78W  power=78.4W
[PID] perf=27.508Hz  target=11.119Hz  err=-16.389Hz  corr=-343.93W  u_ff=121.8W  PCAP→78W  power=76.8W
[PID] perf=27.494Hz  target=11.119Hz  err=-16.375Hz  corr=-343.67W  u_ff=121.8W  PCAP→78W  power=77.6W
[PID] perf=27.468Hz  target=11.119Hz  err=-16.349Hz  corr=-343.19W  u_ff=121.8W  PCAP→78W  power=78.4W
[PID] perf=27.488Hz  target=11.119Hz  err=-16.369Hz  corr=-343.57W  u_ff=121.8W  PCAP→78W  power=76.9W
[PID] perf=27.485Hz  target=11.119Hz  err=-16.366Hz  corr=-343.51W  u_ff=121.8W  PCAP→78W  power=76.5W
[PID] perf=27.497Hz  target=11.119Hz  err=-16.378Hz  corr=-343.73W  u_ff=121.8W  PCAP→78W  power=78.0W
[PID] perf=27.506Hz  target=11.119Hz  err=-16.387Hz  corr=-343.90W  u_ff=121.8W  PCAP→78W  power=77.0W
[PID] perf=27.518Hz  target=11.119Hz  err=-16.399Hz  corr=-344.11W  u_ff=121.8W  PCAP→78W  power=77.3W
[PID] perf=27.501Hz  target=11.119Hz  err=-16.382Hz  corr=-343.80W  u_ff=121.8W  PCAP→78W  power=79.4W
[PID] perf=27.524Hz  target=11.119Hz  err=-16.405Hz  corr=-344.23W  u_ff=121.8W  PCAP→78W  power=78.6W
[PID] perf=27.510Hz  target=11.119Hz  err=-16.391Hz  corr=-343.96W  u_ff=121.8W  PCAP→78W  power=77.5W
[PID] perf=27.507Hz  target=11.119Hz  err=-16.388Hz  corr=-343.91W  u_ff=121.8W  PCAP→78W  power=77.8W
[PID] perf=27.468Hz  target=11.119Hz  err=-16.349Hz  corr=-343.19W  u_ff=121.8W  PCAP→78W  power=77.7W
[PID] perf=27.466Hz  target=11.119Hz  err=-16.347Hz  corr=-343.15W  u_ff=121.8W  PCAP→78W  power=78.3W
[PID] perf=27.483Hz  target=11.119Hz  err=-16.364Hz  corr=-343.46W  u_ff=121.8W  PCAP→78W  power=77.8W
[PID] perf=27.466Hz  target=11.119Hz  err=-16.347Hz  corr=-343.16W  u_ff=121.8W  PCAP→78W  power=77.3W
[PID] perf=27.517Hz  target=11.119Hz  err=-16.398Hz  corr=-344.10W  u_ff=121.8W  PCAP→78W  power=78.6W
[PID] perf=27.505Hz  target=11.119Hz  err=-16.386Hz  corr=-343.87W  u_ff=121.8W  PCAP→78W  power=77.6W
[PID] perf=27.468Hz  target=11.119Hz  err=-16.349Hz  corr=-343.19W  u_ff=121.8W  PCAP→78W  power=78.7W
[PID] perf=27.478Hz  target=11.119Hz  err=-16.359Hz  corr=-343.38W  u_ff=121.8W  PCAP→78W  power=78.7W
[PID] perf=27.497Hz  target=11.119Hz  err=-16.379Hz  corr=-343.74W  u_ff=121.8W  PCAP→78W  power=76.7W
[PID] perf=27.388Hz  target=11.119Hz  err=-16.269Hz  corr=-341.71W  u_ff=121.8W  PCAP→78W  power=77.8W
[PID] perf=27.413Hz  target=11.119Hz  err=-16.294Hz  corr=-342.17W  u_ff=121.8W  PCAP→78W  power=77.5W
[PID] perf=27.405Hz  target=11.119Hz  err=-16.286Hz  corr=-342.02W  u_ff=121.8W  PCAP→78W  power=76.9W
[PID] perf=27.391Hz  target=11.119Hz  err=-16.272Hz  corr=-341.76W  u_ff=121.8W  PCAP→78W  power=77.8W
[PID] perf=27.451Hz  target=11.119Hz  err=-16.333Hz  corr=-342.88W  u_ff=121.8W  PCAP→78W  power=77.9W
[PID] perf=27.468Hz  target=11.119Hz  err=-16.349Hz  corr=-343.19W  u_ff=121.8W  PCAP→78W  power=76.5W
[PID] perf=27.452Hz  target=11.119Hz  err=-16.333Hz  corr=-342.90W  u_ff=121.8W  PCAP→78W  power=77.7W
[PID] perf=27.450Hz  target=11.119Hz  err=-16.332Hz  corr=-342.87W  u_ff=121.8W  PCAP→78W  power=77.0W
[PID] perf=27.462Hz  target=11.119Hz  err=-16.343Hz  corr=-343.08W  u_ff=121.8W  PCAP→78W  power=76.5W
[PID] perf=27.455Hz  target=11.119Hz  err=-16.336Hz  corr=-342.95W  u_ff=121.8W  PCAP→78W  power=76.6W
[PID] perf=27.462Hz  target=11.119Hz  err=-16.343Hz  corr=-343.08W  u_ff=121.8W  PCAP→78W  power=78.1W
[PID] perf=27.429Hz  target=11.119Hz  err=-16.310Hz  corr=-342.47W  u_ff=121.8W  PCAP→78W  power=78.0W
[PID] perf=27.492Hz  target=11.119Hz  err=-16.373Hz  corr=-343.64W  u_ff=121.8W  PCAP→78W  power=77.3W
[PID] perf=27.466Hz  target=11.119Hz  err=-16.347Hz  corr=-343.15W  u_ff=121.8W  PCAP→78W  power=78.2W
[PID] perf=27.460Hz  target=11.119Hz  err=-16.342Hz  corr=-343.05W  u_ff=121.8W  PCAP→78W  power=77.6W
[PID] perf=27.446Hz  target=11.119Hz  err=-16.328Hz  corr=-342.79W  u_ff=121.8W  PCAP→78W  power=76.9W
[PID] perf=27.465Hz  target=11.119Hz  err=-16.346Hz  corr=-343.13W  u_ff=121.8W  PCAP→78W  power=76.5W
[PID] perf=27.447Hz  target=11.119Hz  err=-16.328Hz  corr=-342.80W  u_ff=121.8W  PCAP→78W  power=77.5W
[PID] perf=27.475Hz  target=11.119Hz  err=-16.357Hz  corr=-343.33W  u_ff=121.8W  PCAP→78W  power=79.2W
[PID] perf=27.502Hz  target=11.119Hz  err=-16.383Hz  corr=-343.82W  u_ff=121.8W  PCAP→78W  power=76.5W
[PID] perf=27.459Hz  target=11.119Hz  err=-16.340Hz  corr=-343.02W  u_ff=121.8W  PCAP→78W  power=76.6W
[PID] perf=27.439Hz  target=11.119Hz  err=-16.321Hz  corr=-342.66W  u_ff=121.8W  PCAP→78W  power=77.1W
[PID] perf=27.431Hz  target=11.119Hz  err=-16.313Hz  corr=-342.51W  u_ff=121.8W  PCAP→78W  power=76.9W
[PID] perf=27.441Hz  target=11.119Hz  err=-16.322Hz  corr=-342.68W  u_ff=121.8W  PCAP→78W  power=77.1W
[PID] perf=27.450Hz  target=11.119Hz  err=-16.331Hz  corr=-342.85W  u_ff=121.8W  PCAP→78W  power=78.2W
[PID] perf=27.491Hz  target=11.119Hz  err=-16.372Hz  corr=-343.62W  u_ff=121.8W  PCAP→78W  power=76.6W
[PID] perf=27.477Hz  target=11.119Hz  err=-16.359Hz  corr=-343.36W  u_ff=121.8W  PCAP→78W  power=78.3W
[PID] perf=27.444Hz  target=11.119Hz  err=-16.326Hz  corr=-342.75W  u_ff=121.8W  PCAP→78W  power=78.3W
[PID] perf=27.456Hz  target=11.119Hz  err=-16.337Hz  corr=-342.97W  u_ff=121.8W  PCAP→78W  power=77.5W
[PID] perf=27.482Hz  target=11.119Hz  err=-16.363Hz  corr=-343.46W  u_ff=121.8W  PCAP→78W  power=78.9W
[PID] perf=27.453Hz  target=11.119Hz  err=-16.334Hz  corr=-342.90W  u_ff=121.8W  PCAP→78W  power=78.4W
[PID] perf=27.489Hz  target=11.119Hz  err=-16.370Hz  corr=-343.57W  u_ff=121.8W  PCAP→78W  power=78.2W
[PID] perf=27.487Hz  target=11.119Hz  err=-16.368Hz  corr=-343.55W  u_ff=121.8W  PCAP→78W  power=78.4W
[PID] perf=27.493Hz  target=11.119Hz  err=-16.374Hz  corr=-343.65W  u_ff=121.8W  PCAP→78W  power=77.7W
[PID] perf=27.473Hz  target=11.119Hz  err=-16.354Hz  corr=-343.29W  u_ff=121.8W  PCAP→78W  power=78.7W
[PID] perf=27.481Hz  target=11.119Hz  err=-16.363Hz  corr=-343.44W  u_ff=121.8W  PCAP→78W  power=76.9W
[PID] perf=27.481Hz  target=11.119Hz  err=-16.362Hz  corr=-343.43W  u_ff=121.8W  PCAP→78W  power=79.1W
[PID] perf=27.448Hz  target=11.119Hz  err=-16.330Hz  corr=-342.83W  u_ff=121.8W  PCAP→78W  power=78.0W
[PID] perf=27.479Hz  target=11.119Hz  err=-16.360Hz  corr=-343.39W  u_ff=121.8W  PCAP→78W  power=78.7W
[PID] perf=27.461Hz  target=11.119Hz  err=-16.342Hz  corr=-343.06W  u_ff=121.8W  PCAP→78W  power=79.0W
[PID] perf=27.443Hz  target=11.119Hz  err=-16.324Hz  corr=-342.73W  u_ff=121.8W  PCAP→78W  power=78.0W
[PID] perf=27.428Hz  target=11.119Hz  err=-16.309Hz  corr=-342.45W  u_ff=121.8W  PCAP→78W  power=78.0W
[PID] perf=27.408Hz  target=11.119Hz  err=-16.289Hz  corr=-342.07W  u_ff=121.8W  PCAP→78W  power=77.9W
[PID] perf=27.426Hz  target=11.119Hz  err=-16.307Hz  corr=-342.41W  u_ff=121.8W  PCAP→78W  power=77.0W
[PID] perf=27.446Hz  target=11.119Hz  err=-16.327Hz  corr=-342.77W  u_ff=121.8W  PCAP→78W  power=79.0W
[PID] perf=27.401Hz  target=11.119Hz  err=-16.282Hz  corr=-341.95W  u_ff=121.8W  PCAP→78W  power=79.1W
[PID] perf=27.414Hz  target=11.119Hz  err=-16.296Hz  corr=-342.20W  u_ff=121.8W  PCAP→78W  power=78.3W
[PID] perf=27.423Hz  target=11.119Hz  err=-16.304Hz  corr=-342.36W  u_ff=121.8W  PCAP→78W  power=77.8W
[PID] perf=27.430Hz  target=11.119Hz  err=-16.311Hz  corr=-342.48W  u_ff=121.8W  PCAP→78W  power=77.2W
[PID] perf=27.457Hz  target=11.119Hz  err=-16.339Hz  corr=-343.00W  u_ff=121.8W  PCAP→78W  power=78.3W
[PID] perf=27.438Hz  target=11.119Hz  err=-16.319Hz  corr=-342.63W  u_ff=121.8W  PCAP→78W  power=78.2W
[PID] perf=27.451Hz  target=11.119Hz  err=-16.332Hz  corr=-342.88W  u_ff=121.8W  PCAP→78W  power=78.2W
[PID] perf=27.435Hz  target=11.119Hz  err=-16.316Hz  corr=-342.58W  u_ff=121.8W  PCAP→78W  power=77.3W
[PID] perf=27.391Hz  target=11.119Hz  err=-16.272Hz  corr=-341.76W  u_ff=121.8W  PCAP→78W  power=78.8W
[PID] perf=27.414Hz  target=11.119Hz  err=-16.295Hz  corr=-342.19W  u_ff=121.8W  PCAP→78W  power=77.0W
[PID] perf=27.459Hz  target=11.119Hz  err=-16.340Hz  corr=-343.02W  u_ff=121.8W  PCAP→78W  power=76.3W
[PID] perf=27.446Hz  target=11.119Hz  err=-16.327Hz  corr=-342.78W  u_ff=121.8W  PCAP→78W  power=79.0W
[PID] perf=27.428Hz  target=11.119Hz  err=-16.309Hz  corr=-342.45W  u_ff=121.8W  PCAP→78W  power=78.8W
[PID] perf=27.465Hz  target=11.119Hz  err=-16.347Hz  corr=-343.14W  u_ff=121.8W  PCAP→78W  power=77.4W
[PID] perf=27.442Hz  target=11.119Hz  err=-16.324Hz  corr=-342.72W  u_ff=121.8W  PCAP→78W  power=78.3W
[PID] perf=27.453Hz  target=11.119Hz  err=-16.334Hz  corr=-342.90W  u_ff=121.8W  PCAP→78W  power=79.2W
[PID] perf=27.433Hz  target=11.119Hz  err=-16.314Hz  corr=-342.55W  u_ff=121.8W  PCAP→78W  power=77.6W
[PID] perf=27.432Hz  target=11.119Hz  err=-16.313Hz  corr=-342.52W  u_ff=121.8W  PCAP→78W  power=77.1W
[PID] perf=27.478Hz  target=11.119Hz  err=-16.359Hz  corr=-343.38W  u_ff=121.8W  PCAP→78W  power=76.9W
[PID] perf=27.440Hz  target=11.119Hz  err=-16.322Hz  corr=-342.68W  u_ff=121.8W  PCAP→78W  power=77.7W
[PID] perf=27.442Hz  target=11.119Hz  err=-16.323Hz  corr=-342.70W  u_ff=121.8W  PCAP→78W  power=78.9W
[PID] perf=27.462Hz  target=11.119Hz  err=-16.344Hz  corr=-343.09W  u_ff=121.8W  PCAP→78W  power=78.0W
[PID] perf=27.440Hz  target=11.119Hz  err=-16.321Hz  corr=-342.68W  u_ff=121.8W  PCAP→78W  power=78.9W
[PID] perf=27.443Hz  target=11.119Hz  err=-16.324Hz  corr=-342.72W  u_ff=121.8W  PCAP→78W  power=78.7W
[PID] perf=27.470Hz  target=11.119Hz  err=-16.351Hz  corr=-343.23W  u_ff=121.8W  PCAP→78W  power=77.1W
[PID] perf=27.489Hz  target=11.119Hz  err=-16.370Hz  corr=-343.58W  u_ff=121.8W  PCAP→78W  power=77.2W
[PID] perf=27.474Hz  target=11.119Hz  err=-16.356Hz  corr=-343.31W  u_ff=121.8W  PCAP→78W  power=77.8W
[PID] perf=27.453Hz  target=11.119Hz  err=-16.334Hz  corr=-342.91W  u_ff=121.8W  PCAP→78W  power=78.3W
[PID] perf=27.434Hz  target=11.119Hz  err=-16.315Hz  corr=-342.56W  u_ff=121.8W  PCAP→78W  power=78.7W
[PID] perf=27.459Hz  target=11.119Hz  err=-16.340Hz  corr=-343.02W  u_ff=121.8W  PCAP→78W  power=79.0W
[PID] perf=27.460Hz  target=11.119Hz  err=-16.341Hz  corr=-343.05W  u_ff=121.8W  PCAP→78W  power=78.2W
[PID] perf=27.451Hz  target=11.119Hz  err=-16.332Hz  corr=-342.87W  u_ff=121.8W  PCAP→78W  power=78.2W
[PID] perf=27.457Hz  target=11.119Hz  err=-16.339Hz  corr=-342.99W  u_ff=121.8W  PCAP→78W  power=78.5W
[PID] perf=27.461Hz  target=11.119Hz  err=-16.343Hz  corr=-343.07W  u_ff=121.8W  PCAP→78W  power=77.4W
[PID] perf=27.447Hz  target=11.119Hz  err=-16.328Hz  corr=-342.79W  u_ff=121.8W  PCAP→78W  power=78.4W
[PID] perf=27.429Hz  target=11.119Hz  err=-16.310Hz  corr=-342.46W  u_ff=121.8W  PCAP→78W  power=76.5W
[PID] perf=27.435Hz  target=11.119Hz  err=-16.316Hz  corr=-342.58W  u_ff=121.8W  PCAP→78W  power=76.6W
[PID] perf=27.417Hz  target=11.119Hz  err=-16.298Hz  corr=-342.25W  u_ff=121.8W  PCAP→78W  power=77.4W
[PID] perf=27.402Hz  target=11.119Hz  err=-16.283Hz  corr=-341.97W  u_ff=121.8W  PCAP→78W  power=78.6W
[PID] perf=27.394Hz  target=11.119Hz  err=-16.276Hz  corr=-341.83W  u_ff=121.8W  PCAP→78W  power=78.0W
[PID] perf=27.432Hz  target=11.119Hz  err=-16.313Hz  corr=-342.51W  u_ff=121.8W  PCAP→78W  power=78.4W
[PID] perf=27.399Hz  target=11.119Hz  err=-16.280Hz  corr=-341.91W  u_ff=121.8W  PCAP→78W  power=78.3W
[PID] perf=27.422Hz  target=11.119Hz  err=-16.304Hz  corr=-342.34W  u_ff=121.8W  PCAP→78W  power=77.7W
[PID] perf=27.401Hz  target=11.119Hz  err=-16.282Hz  corr=-341.95W  u_ff=121.8W  PCAP→78W  power=77.5W
[PID] perf=27.422Hz  target=11.119Hz  err=-16.303Hz  corr=-342.34W  u_ff=121.8W  PCAP→78W  power=77.7W
[PID] perf=27.453Hz  target=11.119Hz  err=-16.334Hz  corr=-342.92W  u_ff=121.8W  PCAP→78W  power=77.8W
[PID] perf=27.438Hz  target=11.119Hz  err=-16.319Hz  corr=-342.64W  u_ff=121.8W  PCAP→78W  power=77.3W
[PID] perf=27.428Hz  target=11.119Hz  err=-16.309Hz  corr=-342.45W  u_ff=121.8W  PCAP→78W  power=78.7W
[PID] perf=27.563Hz  target=11.119Hz  err=-16.444Hz  corr=-344.95W  u_ff=121.8W  PCAP→78W  power=77.9W
[PID] perf=27.603Hz  target=11.119Hz  err=-16.484Hz  corr=-345.69W  u_ff=121.8W  PCAP→78W  power=76.8W
[PID] perf=27.546Hz  target=11.119Hz  err=-16.427Hz  corr=-344.64W  u_ff=121.8W  PCAP→78W  power=77.4W
[PID] perf=27.552Hz  target=11.119Hz  err=-16.433Hz  corr=-344.74W  u_ff=121.8W  PCAP→78W  power=76.8W
[PID] perf=27.586Hz  target=11.119Hz  err=-16.467Hz  corr=-345.37W  u_ff=121.8W  PCAP→78W  power=77.2W
[PID] perf=27.524Hz  target=11.119Hz  err=-16.405Hz  corr=-344.22W  u_ff=121.8W  PCAP→78W  power=77.7W
[PID] perf=27.570Hz  target=11.119Hz  err=-16.451Hz  corr=-345.08W  u_ff=121.8W  PCAP→78W  power=78.5W
[PID] perf=27.617Hz  target=11.119Hz  err=-16.498Hz  corr=-345.95W  u_ff=121.8W  PCAP→78W  power=76.8W
[PID] perf=27.580Hz  target=11.119Hz  err=-16.461Hz  corr=-345.26W  u_ff=121.8W  PCAP→78W  power=77.4W
[PID] perf=27.596Hz  target=11.119Hz  err=-16.477Hz  corr=-345.56W  u_ff=121.8W  PCAP→78W  power=78.1W
[PID] perf=27.605Hz  target=11.119Hz  err=-16.486Hz  corr=-345.72W  u_ff=121.8W  PCAP→78W  power=77.5W
[PID] perf=27.601Hz  target=11.119Hz  err=-16.482Hz  corr=-345.66W  u_ff=121.8W  PCAP→78W  power=79.3W
[PID] perf=27.582Hz  target=11.119Hz  err=-16.464Hz  corr=-345.31W  u_ff=121.8W  PCAP→78W  power=77.3W
[PID] perf=27.639Hz  target=11.119Hz  err=-16.520Hz  corr=-346.36W  u_ff=121.8W  PCAP→78W  power=78.9W
[PID] perf=27.639Hz  target=11.119Hz  err=-16.520Hz  corr=-346.36W  u_ff=121.8W  PCAP→78W  power=78.9W
[PID] perf=27.627Hz  target=11.119Hz  err=-16.508Hz  corr=-346.13W  u_ff=121.8W  PCAP→78W  power=77.6W
[PID] perf=27.603Hz  target=11.119Hz  err=-16.484Hz  corr=-345.69W  u_ff=121.8W  PCAP→78W  power=79.1W
[PID] perf=27.594Hz  target=11.119Hz  err=-16.476Hz  corr=-345.53W  u_ff=121.8W  PCAP→78W  power=77.7W
[PID] perf=27.611Hz  target=11.119Hz  err=-16.492Hz  corr=-345.84W  u_ff=121.8W  PCAP→78W  power=78.5W
[PID] perf=27.617Hz  target=11.119Hz  err=-16.498Hz  corr=-345.95W  u_ff=121.8W  PCAP→78W  power=76.4W
[PID] perf=27.580Hz  target=11.119Hz  err=-16.461Hz  corr=-345.27W  u_ff=121.8W  PCAP→78W  power=77.4W
[PID] perf=27.603Hz  target=11.119Hz  err=-16.484Hz  corr=-345.69W  u_ff=121.8W  PCAP→78W  power=77.6W
[PID] perf=27.613Hz  target=11.119Hz  err=-16.494Hz  corr=-345.88W  u_ff=121.8W  PCAP→78W  power=79.5W
[PID] perf=27.393Hz  target=11.119Hz  err=-16.274Hz  corr=-341.80W  u_ff=121.8W  PCAP→78W  power=79.1W
[PID] perf=27.479Hz  target=11.119Hz  err=-16.360Hz  corr=-343.39W  u_ff=121.8W  PCAP→78W  power=77.8W
[PID] perf=27.817Hz  target=11.119Hz  err=-16.698Hz  corr=-349.67W  u_ff=121.8W  PCAP→78W  power=78.7W
[PID] perf=27.846Hz  target=11.119Hz  err=-16.727Hz  corr=-350.20W  u_ff=121.8W  PCAP→78W  power=77.8W
[PID] perf=27.842Hz  target=11.119Hz  err=-16.723Hz  corr=-350.12W  u_ff=121.8W  PCAP→78W  power=78.2W
[PID] perf=27.838Hz  target=11.119Hz  err=-16.719Hz  corr=-350.05W  u_ff=121.8W  PCAP→78W  power=78.2W
[PID] perf=27.841Hz  target=11.119Hz  err=-16.723Hz  corr=-350.11W  u_ff=121.8W  PCAP→78W  power=77.9W
[PID] perf=27.842Hz  target=11.119Hz  err=-16.723Hz  corr=-350.13W  u_ff=121.8W  PCAP→78W  power=77.9W
[PID] perf=27.861Hz  target=11.119Hz  err=-16.742Hz  corr=-350.48W  u_ff=121.8W  PCAP→78W  power=79.4W
[PID] perf=27.825Hz  target=11.119Hz  err=-16.706Hz  corr=-349.80W  u_ff=121.8W  PCAP→78W  power=79.2W
[PID] perf=27.851Hz  target=11.119Hz  err=-16.732Hz  corr=-350.29W  u_ff=121.8W  PCAP→78W  power=76.3W
[PID] perf=27.876Hz  target=11.119Hz  err=-16.757Hz  corr=-350.75W  u_ff=121.8W  PCAP→78W  power=77.8W
[PID] perf=27.880Hz  target=11.119Hz  err=-16.761Hz  corr=-350.82W  u_ff=121.8W  PCAP→78W  power=77.2W
[PID] perf=27.880Hz  target=11.119Hz  err=-16.761Hz  corr=-350.84W  u_ff=121.8W  PCAP→78W  power=77.5W
[PID] perf=27.838Hz  target=11.119Hz  err=-16.720Hz  corr=-350.06W  u_ff=121.8W  PCAP→78W  power=77.5W
[PID] perf=27.851Hz  target=11.119Hz  err=-16.732Hz  corr=-350.29W  u_ff=121.8W  PCAP→78W  power=77.9W
[PID] perf=27.848Hz  target=11.119Hz  err=-16.729Hz  corr=-350.24W  u_ff=121.8W  PCAP→78W  power=76.3W
[PID] perf=27.852Hz  target=11.119Hz  err=-16.733Hz  corr=-350.32W  u_ff=121.8W  PCAP→78W  power=77.6W
[PID] perf=27.865Hz  target=11.119Hz  err=-16.746Hz  corr=-350.56W  u_ff=121.8W  PCAP→78W  power=77.9W
[PID] perf=27.856Hz  target=11.119Hz  err=-16.737Hz  corr=-350.38W  u_ff=121.8W  PCAP→78W  power=77.8W
[PID] perf=27.881Hz  target=11.119Hz  err=-16.762Hz  corr=-350.85W  u_ff=121.8W  PCAP→78W  power=78.9W
[PID] perf=27.875Hz  target=11.119Hz  err=-16.756Hz  corr=-350.74W  u_ff=121.8W  PCAP→78W  power=79.7W
[PID] perf=27.891Hz  target=11.119Hz  err=-16.772Hz  corr=-351.03W  u_ff=121.8W  PCAP→78W  power=78.2W
[PID] perf=27.852Hz  target=11.119Hz  err=-16.733Hz  corr=-350.31W  u_ff=121.8W  PCAP→78W  power=77.7W
[PID] perf=27.877Hz  target=11.119Hz  err=-16.758Hz  corr=-350.78W  u_ff=121.8W  PCAP→78W  power=78.6W
[PID] perf=27.888Hz  target=11.119Hz  err=-16.769Hz  corr=-350.97W  u_ff=121.8W  PCAP→78W  power=77.6W
[PID] perf=27.875Hz  target=11.119Hz  err=-16.756Hz  corr=-350.73W  u_ff=121.8W  PCAP→78W  power=77.0W
[PID] perf=27.824Hz  target=11.119Hz  err=-16.705Hz  corr=-349.80W  u_ff=121.8W  PCAP→78W  power=78.1W
[PID] perf=27.846Hz  target=11.119Hz  err=-16.727Hz  corr=-350.20W  u_ff=121.8W  PCAP→78W  power=78.0W
[PID] perf=27.842Hz  target=11.119Hz  err=-16.723Hz  corr=-350.12W  u_ff=121.8W  PCAP→78W  power=77.9W
[PID] perf=27.461Hz  target=11.119Hz  err=-16.342Hz  corr=-343.06W  u_ff=121.8W  PCAP→78W  power=77.2W
[PID] perf=27.549Hz  target=11.119Hz  err=-16.430Hz  corr=-344.69W  u_ff=121.8W  PCAP→78W  power=77.2W
[PID] perf=27.618Hz  target=11.119Hz  err=-16.499Hz  corr=-345.97W  u_ff=121.8W  PCAP→78W  power=79.8W
[PID] perf=27.604Hz  target=11.119Hz  err=-16.485Hz  corr=-345.72W  u_ff=121.8W  PCAP→78W  power=77.8W
[PID] perf=27.598Hz  target=11.119Hz  err=-16.480Hz  corr=-345.61W  u_ff=121.8W  PCAP→78W  power=77.3W
[PID] perf=27.615Hz  target=11.119Hz  err=-16.496Hz  corr=-345.91W  u_ff=121.8W  PCAP→78W  power=77.5W
[PID] perf=27.643Hz  target=11.119Hz  err=-16.524Hz  corr=-346.43W  u_ff=121.8W  PCAP→78W  power=77.6W
[PID] perf=27.653Hz  target=11.119Hz  err=-16.534Hz  corr=-346.63W  u_ff=121.8W  PCAP→78W  power=76.9W
[PID] perf=27.618Hz  target=11.119Hz  err=-16.499Hz  corr=-345.97W  u_ff=121.8W  PCAP→78W  power=79.1W
[PID] perf=27.638Hz  target=11.119Hz  err=-16.519Hz  corr=-346.35W  u_ff=121.8W  PCAP→78W  power=77.9W
[PID] perf=27.640Hz  target=11.119Hz  err=-16.521Hz  corr=-346.38W  u_ff=121.8W  PCAP→78W  power=77.5W
[PID] perf=27.613Hz  target=11.119Hz  err=-16.495Hz  corr=-345.89W  u_ff=121.8W  PCAP→78W  power=77.5W
[PID] perf=27.624Hz  target=11.119Hz  err=-16.505Hz  corr=-346.08W  u_ff=121.8W  PCAP→78W  power=79.0W
[PID] perf=27.638Hz  target=11.119Hz  err=-16.519Hz  corr=-346.35W  u_ff=121.8W  PCAP→78W  power=79.0W
[PID] perf=27.626Hz  target=11.119Hz  err=-16.507Hz  corr=-346.12W  u_ff=121.8W  PCAP→78W  power=77.9W
[PID] perf=27.648Hz  target=11.119Hz  err=-16.529Hz  corr=-346.53W  u_ff=121.8W  PCAP→78W  power=76.9W
[PID] perf=27.633Hz  target=11.119Hz  err=-16.514Hz  corr=-346.25W  u_ff=121.8W  PCAP→78W  power=77.4W
[PID] perf=27.586Hz  target=11.119Hz  err=-16.467Hz  corr=-345.38W  u_ff=121.8W  PCAP→78W  power=79.2W
[PID] perf=27.640Hz  target=11.119Hz  err=-16.521Hz  corr=-346.38W  u_ff=121.8W  PCAP→78W  power=77.9W
[PID] perf=27.607Hz  target=11.119Hz  err=-16.488Hz  corr=-345.76W  u_ff=121.8W  PCAP→78W  power=77.3W
[PID] perf=27.628Hz  target=11.119Hz  err=-16.510Hz  corr=-346.16W  u_ff=121.8W  PCAP→78W  power=77.0W
[PID] perf=27.629Hz  target=11.119Hz  err=-16.510Hz  corr=-346.18W  u_ff=121.8W  PCAP→78W  power=76.4W
[PID] perf=27.613Hz  target=11.119Hz  err=-16.494Hz  corr=-345.88W  u_ff=121.8W  PCAP→78W  power=79.1W
[PID] perf=27.622Hz  target=11.119Hz  err=-16.503Hz  corr=-346.04W  u_ff=121.8W  PCAP→78W  power=78.3W
[PID] perf=27.624Hz  target=11.119Hz  err=-16.505Hz  corr=-346.09W  u_ff=121.8W  PCAP→78W  power=76.4W
[PID] perf=27.608Hz  target=11.119Hz  err=-16.489Hz  corr=-345.78W  u_ff=121.8W  PCAP→78W  power=78.6W
[PID] perf=27.654Hz  target=11.119Hz  err=-16.535Hz  corr=-346.63W  u_ff=121.8W  PCAP→78W  power=77.9W
[PID] perf=27.623Hz  target=11.119Hz  err=-16.504Hz  corr=-346.06W  u_ff=121.8W  PCAP→78W  power=77.3W
[PID] perf=27.659Hz  target=11.119Hz  err=-16.540Hz  corr=-346.74W  u_ff=121.8W  PCAP→78W  power=77.4W
[PID] perf=27.662Hz  target=11.119Hz  err=-16.543Hz  corr=-346.79W  u_ff=121.8W  PCAP→78W  power=77.3W
[PID] perf=27.668Hz  target=11.119Hz  err=-16.549Hz  corr=-346.90W  u_ff=121.8W  PCAP→78W  power=77.7W
[PID] perf=27.678Hz  target=11.119Hz  err=-16.559Hz  corr=-347.09W  u_ff=121.8W  PCAP→78W  power=77.1W
[PID] perf=27.647Hz  target=11.119Hz  err=-16.528Hz  corr=-346.51W  u_ff=121.8W  PCAP→78W  power=77.8W
[PID] perf=27.676Hz  target=11.119Hz  err=-16.557Hz  corr=-347.05W  u_ff=121.8W  PCAP→78W  power=76.5W
[PID] perf=27.608Hz  target=11.119Hz  err=-16.489Hz  corr=-345.78W  u_ff=121.8W  PCAP→78W  power=77.9W
[PID] perf=27.654Hz  target=11.119Hz  err=-16.535Hz  corr=-346.64W  u_ff=121.8W  PCAP→78W  power=79.0W
[PID] perf=27.654Hz  target=11.119Hz  err=-16.536Hz  corr=-346.65W  u_ff=121.8W  PCAP→78W  power=78.3W
[PID] perf=27.702Hz  target=11.119Hz  err=-16.583Hz  corr=-347.53W  u_ff=121.8W  PCAP→78W  power=78.5W
[PID] perf=27.650Hz  target=11.119Hz  err=-16.531Hz  corr=-346.57W  u_ff=121.8W  PCAP→78W  power=77.6W
[PID] perf=27.676Hz  target=11.119Hz  err=-16.557Hz  corr=-347.05W  u_ff=121.8W  PCAP→78W  power=78.0W
[PID] perf=27.690Hz  target=11.119Hz  err=-16.572Hz  corr=-347.32W  u_ff=121.8W  PCAP→78W  power=79.0W
[PID] perf=27.665Hz  target=11.119Hz  err=-16.546Hz  corr=-346.84W  u_ff=121.8W  PCAP→78W  power=77.2W
[PID] perf=27.640Hz  target=11.119Hz  err=-16.521Hz  corr=-346.39W  u_ff=121.8W  PCAP→78W  power=77.1W
[PID] perf=27.649Hz  target=11.119Hz  err=-16.530Hz  corr=-346.54W  u_ff=121.8W  PCAP→78W  power=77.6W
[PID] perf=27.656Hz  target=11.119Hz  err=-16.537Hz  corr=-346.67W  u_ff=121.8W  PCAP→78W  power=77.5W
[PID] perf=27.615Hz  target=11.119Hz  err=-16.497Hz  corr=-345.92W  u_ff=121.8W  PCAP→78W  power=76.7W
[PID] perf=27.632Hz  target=11.119Hz  err=-16.513Hz  corr=-346.24W  u_ff=121.8W  PCAP→78W  power=77.9W
[PID] perf=27.684Hz  target=11.119Hz  err=-16.565Hz  corr=-347.19W  u_ff=121.8W  PCAP→78W  power=77.9W
[PID] perf=27.676Hz  target=11.119Hz  err=-16.558Hz  corr=-347.06W  u_ff=121.8W  PCAP→78W  power=76.3W
[PID] perf=27.682Hz  target=11.119Hz  err=-16.563Hz  corr=-347.16W  u_ff=121.8W  PCAP→78W  power=77.7W
[PID] perf=27.688Hz  target=11.119Hz  err=-16.569Hz  corr=-347.27W  u_ff=121.8W  PCAP→78W  power=76.9W
[PID] perf=27.672Hz  target=11.119Hz  err=-16.553Hz  corr=-346.97W  u_ff=121.8W  PCAP→78W  power=77.9W
[PID] perf=27.711Hz  target=11.119Hz  err=-16.593Hz  corr=-347.71W  u_ff=121.8W  PCAP→78W  power=78.3W
[PID] perf=27.712Hz  target=11.119Hz  err=-16.593Hz  corr=-347.72W  u_ff=121.8W  PCAP→78W  power=78.6W
[PID] perf=27.686Hz  target=11.119Hz  err=-16.567Hz  corr=-347.23W  u_ff=121.8W  PCAP→78W  power=78.1W
[PID] perf=27.688Hz  target=11.119Hz  err=-16.569Hz  corr=-347.28W  u_ff=121.8W  PCAP→78W  power=77.6W
[PID] perf=27.667Hz  target=11.119Hz  err=-16.548Hz  corr=-346.89W  u_ff=121.8W  PCAP→78W  power=77.0W
[PID] perf=27.682Hz  target=11.119Hz  err=-16.563Hz  corr=-347.16W  u_ff=121.8W  PCAP→78W  power=78.4W
[PID] perf=27.681Hz  target=11.119Hz  err=-16.562Hz  corr=-347.14W  u_ff=121.8W  PCAP→78W  power=77.6W
[PID] perf=27.692Hz  target=11.119Hz  err=-16.573Hz  corr=-347.34W  u_ff=121.8W  PCAP→78W  power=76.9W
[PID] perf=27.398Hz  target=11.119Hz  err=-16.279Hz  corr=-341.88W  u_ff=121.8W  PCAP→78W  power=78.5W
[PID] perf=27.459Hz  target=11.119Hz  err=-16.340Hz  corr=-343.02W  u_ff=121.8W  PCAP→78W  power=78.3W
[PID] perf=27.649Hz  target=11.119Hz  err=-16.531Hz  corr=-346.55W  u_ff=121.8W  PCAP→78W  power=77.2W
[PID] perf=27.627Hz  target=11.119Hz  err=-16.508Hz  corr=-346.14W  u_ff=121.8W  PCAP→78W  power=77.7W
[PID] perf=27.619Hz  target=11.119Hz  err=-16.500Hz  corr=-345.99W  u_ff=121.8W  PCAP→78W  power=78.8W
[PID] perf=27.701Hz  target=11.119Hz  err=-16.582Hz  corr=-347.51W  u_ff=121.8W  PCAP→78W  power=78.9W
[PID] perf=27.673Hz  target=11.119Hz  err=-16.554Hz  corr=-346.99W  u_ff=121.8W  PCAP→78W  power=77.3W
[PID] perf=27.692Hz  target=11.119Hz  err=-16.573Hz  corr=-347.35W  u_ff=121.8W  PCAP→78W  power=77.5W
[PID] perf=27.688Hz  target=11.119Hz  err=-16.569Hz  corr=-347.26W  u_ff=121.8W  PCAP→78W  power=79.0W
[PID] perf=27.691Hz  target=11.119Hz  err=-16.572Hz  corr=-347.32W  u_ff=121.8W  PCAP→78W  power=76.5W
[PID] perf=27.689Hz  target=11.119Hz  err=-16.570Hz  corr=-347.29W  u_ff=121.8W  PCAP→78W  power=76.9W
[PID] perf=27.659Hz  target=11.119Hz  err=-16.541Hz  corr=-346.74W  u_ff=121.8W  PCAP→78W  power=78.0W
[PID] perf=27.652Hz  target=11.119Hz  err=-16.534Hz  corr=-346.61W  u_ff=121.8W  PCAP→78W  power=79.5W
[PID] perf=27.622Hz  target=11.119Hz  err=-16.503Hz  corr=-346.04W  u_ff=121.8W  PCAP→78W  power=77.2W
[PID] perf=27.664Hz  target=11.119Hz  err=-16.546Hz  corr=-346.83W  u_ff=121.8W  PCAP→78W  power=76.9W
[PID] perf=27.682Hz  target=11.119Hz  err=-16.563Hz  corr=-347.15W  u_ff=121.8W  PCAP→78W  power=79.6W
[PID] perf=27.690Hz  target=11.119Hz  err=-16.571Hz  corr=-347.31W  u_ff=121.8W  PCAP→78W  power=77.1W
[PID] perf=27.672Hz  target=11.119Hz  err=-16.554Hz  corr=-346.98W  u_ff=121.8W  PCAP→78W  power=77.7W
[PID] perf=27.939Hz  target=11.119Hz  err=-16.821Hz  corr=-351.93W  u_ff=121.8W  PCAP→78W  power=78.6W
[PID] perf=27.994Hz  target=11.119Hz  err=-16.875Hz  corr=-352.94W  u_ff=121.8W  PCAP→78W  power=78.7W
[PID] perf=28.048Hz  target=11.119Hz  err=-16.929Hz  corr=-353.94W  u_ff=121.8W  PCAP→78W  power=76.9W
[PID] perf=28.032Hz  target=11.119Hz  err=-16.913Hz  corr=-353.64W  u_ff=121.8W  PCAP→78W  power=76.7W
[PID] perf=28.009Hz  target=11.119Hz  err=-16.890Hz  corr=-353.23W  u_ff=121.8W  PCAP→78W  power=79.2W
[PID] perf=28.078Hz  target=11.119Hz  err=-16.959Hz  corr=-354.50W  u_ff=121.8W  PCAP→78W  power=77.1W
[PID] perf=28.052Hz  target=11.119Hz  err=-16.933Hz  corr=-354.02W  u_ff=121.8W  PCAP→78W  power=78.7W
[PID] perf=28.100Hz  target=11.119Hz  err=-16.981Hz  corr=-354.91W  u_ff=121.8W  PCAP→78W  power=77.1W
[PID] perf=28.043Hz  target=11.119Hz  err=-16.924Hz  corr=-353.85W  u_ff=121.8W  PCAP→78W  power=78.3W
[PID] perf=27.990Hz  target=11.119Hz  err=-16.871Hz  corr=-352.87W  u_ff=121.8W  PCAP→78W  power=nanW
[PID] Awaiting data — feedforward PCAP=124W
[PID] perf=27.208Hz  target=11.119Hz  err=-16.089Hz  corr=-338.37W  u_ff=121.8W  PCAP→78W  power=96.3W
[PID] perf=27.989Hz  target=11.119Hz  err=-16.870Hz  corr=-352.85W  u_ff=121.8W  PCAP→78W  power=78.0W
[PID] perf=28.024Hz  target=11.119Hz  err=-16.906Hz  corr=-353.51W  u_ff=121.8W  PCAP→78W  power=77.3W
[PID] perf=28.012Hz  target=11.119Hz  err=-16.893Hz  corr=-353.27W  u_ff=121.8W  PCAP→78W  power=77.1W
[PID] perf=28.029Hz  target=11.119Hz  err=-16.910Hz  corr=-353.60W  u_ff=121.8W  PCAP→78W  power=78.6W
[PID] perf=28.070Hz  target=11.119Hz  err=-16.951Hz  corr=-354.36W  u_ff=121.8W  PCAP→78W  power=78.0W
[PID] perf=28.096Hz  target=11.119Hz  err=-16.977Hz  corr=-354.84W  u_ff=121.8W  PCAP→78W  power=77.6W
[PID] perf=28.122Hz  target=11.119Hz  err=-17.003Hz  corr=-355.32W  u_ff=121.8W  PCAP→78W  power=79.2W
[PID] perf=28.046Hz  target=11.119Hz  err=-16.927Hz  corr=-353.91W  u_ff=121.8W  PCAP→78W  power=78.1W
[PID] perf=28.080Hz  target=11.119Hz  err=-16.962Hz  corr=-354.55W  u_ff=121.8W  PCAP→78W  power=76.9W
[PID] perf=28.042Hz  target=11.119Hz  err=-16.923Hz  corr=-353.84W  u_ff=121.8W  PCAP→78W  power=78.9W
[PID] perf=28.027Hz  target=11.119Hz  err=-16.908Hz  corr=-353.55W  u_ff=121.8W  PCAP→78W  power=79.0W
[PID] perf=28.017Hz  target=11.119Hz  err=-16.898Hz  corr=-353.37W  u_ff=121.8W  PCAP→78W  power=78.0W
[PID] perf=27.998Hz  target=11.119Hz  err=-16.879Hz  corr=-353.02W  u_ff=121.8W  PCAP→78W  power=78.5W
[PID] perf=27.975Hz  target=11.119Hz  err=-16.857Hz  corr=-352.60W  u_ff=121.8W  PCAP→78W  power=76.8W
[PID] perf=28.003Hz  target=11.119Hz  err=-16.884Hz  corr=-353.11W  u_ff=121.8W  PCAP→78W  power=76.8W
[PID] perf=27.976Hz  target=11.119Hz  err=-16.857Hz  corr=-352.61W  u_ff=121.8W  PCAP→78W  power=76.3W
[PID] perf=27.994Hz  target=11.119Hz  err=-16.876Hz  corr=-352.95W  u_ff=121.8W  PCAP→78W  power=77.3W
[PID] perf=28.004Hz  target=11.119Hz  err=-16.885Hz  corr=-353.12W  u_ff=121.8W  PCAP→78W  power=78.8W
[PID] perf=27.986Hz  target=11.119Hz  err=-16.867Hz  corr=-352.79W  u_ff=121.8W  PCAP→78W  power=77.5W
[PID] perf=27.986Hz  target=11.119Hz  err=-16.867Hz  corr=-352.80W  u_ff=121.8W  PCAP→78W  power=76.8W
[PID] perf=28.019Hz  target=11.119Hz  err=-16.900Hz  corr=-353.40W  u_ff=121.8W  PCAP→78W  power=77.8W
[PID] perf=28.015Hz  target=11.119Hz  err=-16.896Hz  corr=-353.33W  u_ff=121.8W  PCAP→78W  power=76.9W
[PID] perf=27.982Hz  target=11.119Hz  err=-16.863Hz  corr=-352.72W  u_ff=121.8W  PCAP→78W  power=77.8W
[PID] perf=27.976Hz  target=11.119Hz  err=-16.857Hz  corr=-352.62W  u_ff=121.8W  PCAP→78W  power=78.8W
[PID] perf=27.965Hz  target=11.119Hz  err=-16.846Hz  corr=-352.41W  u_ff=121.8W  PCAP→78W  power=77.0W
[PID] perf=27.929Hz  target=11.119Hz  err=-16.810Hz  corr=-351.74W  u_ff=121.8W  PCAP→78W  power=76.5W
[PID] perf=27.911Hz  target=11.119Hz  err=-16.793Hz  corr=-351.41W  u_ff=121.8W  PCAP→78W  power=76.1W
[PID] perf=27.949Hz  target=11.119Hz  err=-16.830Hz  corr=-352.12W  u_ff=121.8W  PCAP→78W  power=77.6W
[PID] perf=27.972Hz  target=11.119Hz  err=-16.853Hz  corr=-352.53W  u_ff=121.8W  PCAP→78W  power=79.0W
[PID] perf=27.957Hz  target=11.119Hz  err=-16.838Hz  corr=-352.26W  u_ff=121.8W  PCAP→78W  power=78.1W
[PID] perf=28.003Hz  target=11.119Hz  err=-16.884Hz  corr=-353.11W  u_ff=121.8W  PCAP→78W  power=78.9W
[PID] perf=27.966Hz  target=11.119Hz  err=-16.847Hz  corr=-352.42W  u_ff=121.8W  PCAP→78W  power=76.8W
[PID] perf=27.951Hz  target=11.119Hz  err=-16.832Hz  corr=-352.14W  u_ff=121.8W  PCAP→78W  power=78.2W
[PID] perf=27.998Hz  target=11.119Hz  err=-16.879Hz  corr=-353.02W  u_ff=121.8W  PCAP→78W  power=79.0W
[PID] perf=28.005Hz  target=11.119Hz  err=-16.887Hz  corr=-353.16W  u_ff=121.8W  PCAP→78W  power=77.4W
[PID] perf=28.024Hz  target=11.119Hz  err=-16.905Hz  corr=-353.49W  u_ff=121.8W  PCAP→78W  power=77.2W
[PID] perf=27.958Hz  target=11.119Hz  err=-16.839Hz  corr=-352.28W  u_ff=121.8W  PCAP→78W  power=78.4W
[PID] perf=27.032Hz  target=11.119Hz  err=-15.913Hz  corr=-335.11W  u_ff=121.8W  PCAP→78W  power=78.0W
[PID] perf=27.069Hz  target=11.119Hz  err=-15.950Hz  corr=-335.79W  u_ff=121.8W  PCAP→78W  power=78.6W
[PID] perf=27.108Hz  target=11.119Hz  err=-15.989Hz  corr=-336.51W  u_ff=121.8W  PCAP→78W  power=77.6W
[PID] perf=27.175Hz  target=11.119Hz  err=-16.056Hz  corr=-337.75W  u_ff=121.8W  PCAP→78W  power=76.1W
[PID] perf=27.159Hz  target=11.119Hz  err=-16.040Hz  corr=-337.46W  u_ff=121.8W  PCAP→78W  power=79.0W
[PID] perf=26.457Hz  target=11.119Hz  err=-15.338Hz  corr=-324.44W  u_ff=121.8W  PCAP→78W  power=78.2W
[PID] perf=26.472Hz  target=11.119Hz  err=-15.353Hz  corr=-324.71W  u_ff=121.8W  PCAP→78W  power=77.6W
[PID] perf=26.496Hz  target=11.119Hz  err=-15.377Hz  corr=-325.16W  u_ff=121.8W  PCAP→78W  power=76.7W
[PID] perf=26.455Hz  target=11.119Hz  err=-15.336Hz  corr=-324.41W  u_ff=121.8W  PCAP→78W  power=77.5W
[PID] perf=26.467Hz  target=11.119Hz  err=-15.348Hz  corr=-324.63W  u_ff=121.8W  PCAP→78W  power=77.7W
[PID] perf=26.528Hz  target=11.119Hz  err=-15.409Hz  corr=-325.75W  u_ff=121.8W  PCAP→78W  power=78.3W
[PID] perf=26.539Hz  target=11.119Hz  err=-15.420Hz  corr=-325.96W  u_ff=121.8W  PCAP→78W  power=76.7W
[PID] perf=26.526Hz  target=11.119Hz  err=-15.407Hz  corr=-325.71W  u_ff=121.8W  PCAP→78W  power=76.0W
[PID] perf=26.473Hz  target=11.119Hz  err=-15.355Hz  corr=-324.75W  u_ff=121.8W  PCAP→78W  power=79.3W
[PID] perf=26.484Hz  target=11.119Hz  err=-15.366Hz  corr=-324.95W  u_ff=121.8W  PCAP→78W  power=79.1W
[PID] perf=27.604Hz  target=11.119Hz  err=-16.485Hz  corr=-345.71W  u_ff=121.8W  PCAP→78W  power=77.5W
[PID] perf=27.706Hz  target=11.119Hz  err=-16.587Hz  corr=-347.60W  u_ff=121.8W  PCAP→78W  power=78.0W
[PID] perf=27.709Hz  target=11.119Hz  err=-16.591Hz  corr=-347.67W  u_ff=121.8W  PCAP→78W  power=78.9W
[PID] perf=27.727Hz  target=11.119Hz  err=-16.608Hz  corr=-347.99W  u_ff=121.8W  PCAP→78W  power=78.0W
[PID] perf=27.703Hz  target=11.119Hz  err=-16.584Hz  corr=-347.55W  u_ff=121.8W  PCAP→78W  power=77.3W
[PID] perf=27.665Hz  target=11.119Hz  err=-16.546Hz  corr=-346.85W  u_ff=121.8W  PCAP→78W  power=77.1W
[PID] perf=27.708Hz  target=11.119Hz  err=-16.589Hz  corr=-347.65W  u_ff=121.8W  PCAP→78W  power=77.8W
[PID] perf=27.694Hz  target=11.119Hz  err=-16.575Hz  corr=-347.38W  u_ff=121.8W  PCAP→78W  power=77.5W
[PID] perf=27.720Hz  target=11.119Hz  err=-16.601Hz  corr=-347.87W  u_ff=121.8W  PCAP→78W  power=77.3W
[PID] perf=27.753Hz  target=11.119Hz  err=-16.634Hz  corr=-348.48W  u_ff=121.8W  PCAP→78W  power=77.2W
[PID] perf=27.725Hz  target=11.119Hz  err=-16.606Hz  corr=-347.96W  u_ff=121.8W  PCAP→78W  power=77.6W
[PID] perf=27.725Hz  target=11.119Hz  err=-16.606Hz  corr=-347.96W  u_ff=121.8W  PCAP→78W  power=77.3W
[PID] perf=27.364Hz  target=11.119Hz  err=-16.246Hz  corr=-341.27W  u_ff=121.8W  PCAP→78W  power=78.7W
[PID] perf=27.656Hz  target=11.119Hz  err=-16.537Hz  corr=-346.68W  u_ff=121.8W  PCAP→78W  power=77.7W
[PID] perf=27.701Hz  target=11.119Hz  err=-16.582Hz  corr=-347.51W  u_ff=121.8W  PCAP→78W  power=78.1W
[PID] perf=27.707Hz  target=11.119Hz  err=-16.589Hz  corr=-347.63W  u_ff=121.8W  PCAP→78W  power=78.8W
[PID] perf=26.731Hz  target=11.119Hz  err=-15.612Hz  corr=-329.52W  u_ff=121.8W  PCAP→78W  power=76.6W
[PID] perf=26.691Hz  target=11.119Hz  err=-15.572Hz  corr=-328.79W  u_ff=121.8W  PCAP→78W  power=78.3W
[PID] perf=26.725Hz  target=11.119Hz  err=-15.606Hz  corr=-329.41W  u_ff=121.8W  PCAP→78W  power=77.1W
[PID] perf=26.725Hz  target=11.119Hz  err=-15.606Hz  corr=-329.41W  u_ff=121.8W  PCAP→78W  power=78.2W
[PID] perf=26.710Hz  target=11.119Hz  err=-15.591Hz  corr=-329.13W  u_ff=121.8W  PCAP→78W  power=78.2W
[PID] perf=26.710Hz  target=11.119Hz  err=-15.591Hz  corr=-329.13W  u_ff=121.8W  PCAP→78W  power=78.7W
[PID] perf=26.736Hz  target=11.119Hz  err=-15.617Hz  corr=-329.61W  u_ff=121.8W  PCAP→78W  power=78.9W
[PID] perf=26.736Hz  target=11.119Hz  err=-15.617Hz  corr=-329.61W  u_ff=121.8W  PCAP→78W  power=78.3W
[PID] perf=26.697Hz  target=11.119Hz  err=-15.578Hz  corr=-328.89W  u_ff=121.8W  PCAP→78W  power=77.6W
[PID] perf=26.711Hz  target=11.119Hz  err=-15.592Hz  corr=-329.15W  u_ff=121.8W  PCAP→78W  power=77.6W
[PID] perf=26.709Hz  target=11.119Hz  err=-15.590Hz  corr=-329.12W  u_ff=121.8W  PCAP→78W  power=77.4W
[PID] perf=26.758Hz  target=11.119Hz  err=-15.639Hz  corr=-330.02W  u_ff=121.8W  PCAP→78W  power=79.1W
[PID] perf=26.772Hz  target=11.119Hz  err=-15.653Hz  corr=-330.28W  u_ff=121.8W  PCAP→78W  power=77.5W
[PID] perf=26.731Hz  target=11.119Hz  err=-15.612Hz  corr=-329.52W  u_ff=121.8W  PCAP→78W  power=78.0W
[PID] perf=26.669Hz  target=11.119Hz  err=-15.550Hz  corr=-328.37W  u_ff=121.8W  PCAP→78W  power=77.8W
[PID] perf=27.629Hz  target=11.119Hz  err=-16.510Hz  corr=-346.17W  u_ff=121.8W  PCAP→78W  power=77.4W
[PID] perf=27.700Hz  target=11.119Hz  err=-16.582Hz  corr=-347.50W  u_ff=121.8W  PCAP→78W  power=77.1W
[PID] perf=27.681Hz  target=11.119Hz  err=-16.562Hz  corr=-347.13W  u_ff=121.8W  PCAP→78W  power=79.2W
[PID] perf=27.704Hz  target=11.119Hz  err=-16.585Hz  corr=-347.57W  u_ff=121.8W  PCAP→78W  power=79.0W
[PID] perf=27.703Hz  target=11.119Hz  err=-16.584Hz  corr=-347.55W  u_ff=121.8W  PCAP→78W  power=79.0W
[PID] perf=27.707Hz  target=11.119Hz  err=-16.588Hz  corr=-347.62W  u_ff=121.8W  PCAP→78W  power=77.3W
[PID] perf=27.705Hz  target=11.119Hz  err=-16.587Hz  corr=-347.59W  u_ff=121.8W  PCAP→78W  power=77.0W
[PID] perf=27.650Hz  target=11.119Hz  err=-16.532Hz  corr=-346.58W  u_ff=121.8W  PCAP→78W  power=77.2W
[PID] perf=27.649Hz  target=11.119Hz  err=-16.530Hz  corr=-346.54W  u_ff=121.8W  PCAP→78W  power=77.6W
[PID] perf=27.688Hz  target=11.119Hz  err=-16.569Hz  corr=-347.27W  u_ff=121.8W  PCAP→78W  power=77.0W
[PID] perf=27.694Hz  target=11.119Hz  err=-16.575Hz  corr=-347.38W  u_ff=121.8W  PCAP→78W  power=76.6W
[PID] perf=27.668Hz  target=11.119Hz  err=-16.549Hz  corr=-346.90W  u_ff=121.8W  PCAP→78W  power=78.6W
[PID] perf=27.664Hz  target=11.119Hz  err=-16.545Hz  corr=-346.82W  u_ff=121.8W  PCAP→78W  power=78.1W
[PID] perf=27.675Hz  target=11.119Hz  err=-16.556Hz  corr=-347.03W  u_ff=121.8W  PCAP→78W  power=78.9W
[PID] perf=27.642Hz  target=11.119Hz  err=-16.523Hz  corr=-346.41W  u_ff=121.8W  PCAP→78W  power=78.9W
[PID] perf=27.680Hz  target=11.119Hz  err=-16.561Hz  corr=-347.12W  u_ff=121.8W  PCAP→78W  power=77.0W
[PID] perf=27.683Hz  target=11.119Hz  err=-16.564Hz  corr=-347.17W  u_ff=121.8W  PCAP→78W  power=79.0W
[PID] perf=27.697Hz  target=11.119Hz  err=-16.578Hz  corr=-347.43W  u_ff=121.8W  PCAP→78W  power=78.0W
[PID] perf=27.678Hz  target=11.119Hz  err=-16.559Hz  corr=-347.08W  u_ff=121.8W  PCAP→78W  power=76.7W
[PID] perf=27.712Hz  target=11.119Hz  err=-16.593Hz  corr=-347.72W  u_ff=121.8W  PCAP→78W  power=77.6W
[PID] perf=27.686Hz  target=11.119Hz  err=-16.568Hz  corr=-347.24W  u_ff=121.8W  PCAP→78W  power=78.2W
[PID] perf=27.666Hz  target=11.119Hz  err=-16.548Hz  corr=-346.87W  u_ff=121.8W  PCAP→78W  power=77.7W
[PID] perf=27.628Hz  target=11.119Hz  err=-16.509Hz  corr=-346.15W  u_ff=121.8W  PCAP→78W  power=78.5W
[PID] perf=27.618Hz  target=11.119Hz  err=-16.499Hz  corr=-345.97W  u_ff=121.8W  PCAP→78W  power=77.5W
[PID] perf=27.644Hz  target=11.119Hz  err=-16.526Hz  corr=-346.46W  u_ff=121.8W  PCAP→78W  power=77.9W
[PID] perf=27.670Hz  target=11.119Hz  err=-16.551Hz  corr=-346.93W  u_ff=121.8W  PCAP→78W  power=79.1W
[PID] perf=27.682Hz  target=11.119Hz  err=-16.563Hz  corr=-347.15W  u_ff=121.8W  PCAP→78W  power=79.3W
[PID] perf=27.705Hz  target=11.119Hz  err=-16.586Hz  corr=-347.59W  u_ff=121.8W  PCAP→78W  power=78.4W
[PID] perf=27.683Hz  target=11.119Hz  err=-16.564Hz  corr=-347.18W  u_ff=121.8W  PCAP→78W  power=77.6W
[PID] perf=27.704Hz  target=11.119Hz  err=-16.586Hz  corr=-347.58W  u_ff=121.8W  PCAP→78W  power=78.5W
[PID] perf=27.683Hz  target=11.119Hz  err=-16.564Hz  corr=-347.17W  u_ff=121.8W  PCAP→78W  power=78.8W
[PID] perf=27.680Hz  target=11.119Hz  err=-16.562Hz  corr=-347.13W  u_ff=121.8W  PCAP→78W  power=77.2W
[PID] perf=27.648Hz  target=11.119Hz  err=-16.529Hz  corr=-346.53W  u_ff=121.8W  PCAP→78W  power=77.6W
[PID] perf=27.613Hz  target=11.119Hz  err=-16.494Hz  corr=-345.88W  u_ff=121.8W  PCAP→78W  power=77.0W
[PID] perf=27.631Hz  target=11.119Hz  err=-16.512Hz  corr=-346.21W  u_ff=121.8W  PCAP→78W  power=77.0W
[PID] perf=27.642Hz  target=11.119Hz  err=-16.523Hz  corr=-346.41W  u_ff=121.8W  PCAP→78W  power=79.2W
[PID] perf=27.644Hz  target=11.119Hz  err=-16.525Hz  corr=-346.46W  u_ff=121.8W  PCAP→78W  power=79.2W
[PID] perf=27.626Hz  target=11.119Hz  err=-16.507Hz  corr=-346.11W  u_ff=121.8W  PCAP→78W  power=78.4W
[PID] perf=27.644Hz  target=11.119Hz  err=-16.525Hz  corr=-346.46W  u_ff=121.8W  PCAP→78W  power=76.9W
[PID] perf=27.690Hz  target=11.119Hz  err=-16.571Hz  corr=-347.31W  u_ff=121.8W  PCAP→78W  power=77.6W
[PID] perf=27.667Hz  target=11.119Hz  err=-16.548Hz  corr=-346.87W  u_ff=121.8W  PCAP→78W  power=78.0W
[PID] perf=27.677Hz  target=11.119Hz  err=-16.559Hz  corr=-347.07W  u_ff=121.8W  PCAP→78W  power=77.8W
[PID] perf=27.653Hz  target=11.119Hz  err=-16.534Hz  corr=-346.61W  u_ff=121.8W  PCAP→78W  power=78.0W
[PID] perf=27.629Hz  target=11.119Hz  err=-16.510Hz  corr=-346.17W  u_ff=121.8W  PCAP→78W  power=77.7W
[PID] perf=27.608Hz  target=11.119Hz  err=-16.489Hz  corr=-345.78W  u_ff=121.8W  PCAP→78W  power=77.4W
[PID] perf=27.565Hz  target=11.119Hz  err=-16.446Hz  corr=-344.99W  u_ff=121.8W  PCAP→78W  power=76.5W
[PID] perf=27.609Hz  target=11.119Hz  err=-16.490Hz  corr=-345.80W  u_ff=121.8W  PCAP→78W  power=79.2W
[PID] perf=27.627Hz  target=11.119Hz  err=-16.509Hz  corr=-346.15W  u_ff=121.8W  PCAP→78W  power=77.2W
[PID] perf=27.598Hz  target=11.119Hz  err=-16.479Hz  corr=-345.60W  u_ff=121.8W  PCAP→78W  power=77.3W
[PID] perf=27.611Hz  target=11.119Hz  err=-16.492Hz  corr=-345.84W  u_ff=121.8W  PCAP→78W  power=77.1W
[PID] perf=27.594Hz  target=11.119Hz  err=-16.476Hz  corr=-345.54W  u_ff=121.8W  PCAP→78W  power=78.3W
[PID] perf=27.557Hz  target=11.119Hz  err=-16.438Hz  corr=-344.84W  u_ff=121.8W  PCAP→78W  power=78.9W
[PID] perf=27.555Hz  target=11.119Hz  err=-16.436Hz  corr=-344.80W  u_ff=121.8W  PCAP→78W  power=77.0W
[PID] perf=27.547Hz  target=11.119Hz  err=-16.428Hz  corr=-344.65W  u_ff=121.8W  PCAP→78W  power=77.3W
[PID] perf=27.585Hz  target=11.119Hz  err=-16.466Hz  corr=-345.36W  u_ff=121.8W  PCAP→78W  power=77.8W
[PID] perf=27.611Hz  target=11.119Hz  err=-16.492Hz  corr=-345.85W  u_ff=121.8W  PCAP→78W  power=78.8W
[PID] perf=27.594Hz  target=11.119Hz  err=-16.475Hz  corr=-345.52W  u_ff=121.8W  PCAP→78W  power=78.8W
[PID] perf=27.580Hz  target=11.119Hz  err=-16.461Hz  corr=-345.27W  u_ff=121.8W  PCAP→78W  power=77.5W
[PID] perf=27.604Hz  target=11.119Hz  err=-16.485Hz  corr=-345.71W  u_ff=121.8W  PCAP→78W  power=77.5W
[PID] perf=27.585Hz  target=11.119Hz  err=-16.466Hz  corr=-345.36W  u_ff=121.8W  PCAP→78W  power=78.0W
[PID] perf=27.596Hz  target=11.119Hz  err=-16.477Hz  corr=-345.57W  u_ff=121.8W  PCAP→78W  power=79.0W
[PID] perf=27.602Hz  target=11.119Hz  err=-16.483Hz  corr=-345.67W  u_ff=121.8W  PCAP→78W  power=78.9W
[PID] perf=27.645Hz  target=11.119Hz  err=-16.526Hz  corr=-346.46W  u_ff=121.8W  PCAP→78W  power=77.6W
[PID] perf=27.604Hz  target=11.119Hz  err=-16.486Hz  corr=-345.72W  u_ff=121.8W  PCAP→78W  power=77.1W
[PID] perf=27.599Hz  target=11.119Hz  err=-16.480Hz  corr=-345.62W  u_ff=121.8W  PCAP→78W  power=76.9W
[PID] perf=27.602Hz  target=11.119Hz  err=-16.483Hz  corr=-345.67W  u_ff=121.8W  PCAP→78W  power=78.3W
[PID] perf=27.624Hz  target=11.119Hz  err=-16.505Hz  corr=-346.08W  u_ff=121.8W  PCAP→78W  power=78.6W
[PID] perf=27.662Hz  target=11.119Hz  err=-16.543Hz  corr=-346.79W  u_ff=121.8W  PCAP→78W  power=76.1W
[PID] perf=27.004Hz  target=11.119Hz  err=-15.885Hz  corr=-334.59W  u_ff=121.8W  PCAP→78W  power=77.0W
[PID] perf=27.110Hz  target=11.119Hz  err=-15.991Hz  corr=-336.54W  u_ff=121.8W  PCAP→78W  power=76.5W
[PID] perf=27.150Hz  target=11.119Hz  err=-16.032Hz  corr=-337.30W  u_ff=121.8W  PCAP→78W  power=77.3W
[PID] perf=27.153Hz  target=11.119Hz  err=-16.034Hz  corr=-337.35W  u_ff=121.8W  PCAP→78W  power=78.1W
[PID] perf=27.135Hz  target=11.119Hz  err=-16.016Hz  corr=-337.01W  u_ff=121.8W  PCAP→78W  power=78.8W
[PID] perf=27.160Hz  target=11.119Hz  err=-16.041Hz  corr=-337.48W  u_ff=121.8W  PCAP→78W  power=77.0W
[PID] perf=27.123Hz  target=11.119Hz  err=-16.004Hz  corr=-336.80W  u_ff=121.8W  PCAP→78W  power=76.6W
[PID] perf=27.131Hz  target=11.119Hz  err=-16.013Hz  corr=-336.95W  u_ff=121.8W  PCAP→78W  power=76.6W
[PID] perf=27.122Hz  target=11.119Hz  err=-16.003Hz  corr=-336.77W  u_ff=121.8W  PCAP→78W  power=77.8W
[PID] perf=27.108Hz  target=11.119Hz  err=-15.989Hz  corr=-336.51W  u_ff=121.8W  PCAP→78W  power=78.1W
[PID] perf=27.157Hz  target=11.119Hz  err=-16.038Hz  corr=-337.42W  u_ff=121.8W  PCAP→78W  power=78.0W
[PID] perf=27.178Hz  target=11.119Hz  err=-16.059Hz  corr=-337.81W  u_ff=121.8W  PCAP→78W  power=76.4W
[PID] perf=27.198Hz  target=11.119Hz  err=-16.079Hz  corr=-338.19W  u_ff=121.8W  PCAP→78W  power=77.6W
[PID] perf=27.186Hz  target=11.119Hz  err=-16.067Hz  corr=-337.96W  u_ff=121.8W  PCAP→78W  power=78.0W
[PID] perf=27.165Hz  target=11.119Hz  err=-16.046Hz  corr=-337.57W  u_ff=121.8W  PCAP→78W  power=78.8W
[PID] perf=27.122Hz  target=11.119Hz  err=-16.003Hz  corr=-336.78W  u_ff=121.8W  PCAP→78W  power=79.1W
[PID] perf=27.182Hz  target=11.119Hz  err=-16.063Hz  corr=-337.89W  u_ff=121.8W  PCAP→78W  power=77.2W
[PID] perf=27.130Hz  target=11.119Hz  err=-16.012Hz  corr=-336.93W  u_ff=121.8W  PCAP→78W  power=76.4W
[PID] perf=27.118Hz  target=11.119Hz  err=-15.999Hz  corr=-336.70W  u_ff=121.8W  PCAP→78W  power=78.7W
[PID] perf=27.096Hz  target=11.119Hz  err=-15.977Hz  corr=-336.29W  u_ff=121.8W  PCAP→78W  power=78.9W
[PID] perf=27.119Hz  target=11.119Hz  err=-16.000Hz  corr=-336.72W  u_ff=121.8W  PCAP→78W  power=76.8W
[PID] perf=27.150Hz  target=11.119Hz  err=-16.031Hz  corr=-337.29W  u_ff=121.8W  PCAP→78W  power=78.4W
[PID] perf=27.206Hz  target=11.119Hz  err=-16.087Hz  corr=-338.33W  u_ff=121.8W  PCAP→78W  power=76.7W
[PID] perf=27.094Hz  target=11.119Hz  err=-15.975Hz  corr=-336.26W  u_ff=121.8W  PCAP→78W  power=78.9W
[PID] perf=27.101Hz  target=11.119Hz  err=-15.982Hz  corr=-336.39W  u_ff=121.8W  PCAP→78W  power=78.8W
[PID] perf=27.103Hz  target=11.119Hz  err=-15.985Hz  corr=-336.43W  u_ff=121.8W  PCAP→78W  power=77.6W
[PID] perf=27.039Hz  target=11.119Hz  err=-15.920Hz  corr=-335.24W  u_ff=121.8W  PCAP→78W  power=78.9W
[PID] perf=27.143Hz  target=11.119Hz  err=-16.025Hz  corr=-337.17W  u_ff=121.8W  PCAP→78W  power=79.0W
[PID] perf=27.078Hz  target=11.119Hz  err=-15.959Hz  corr=-335.96W  u_ff=121.8W  PCAP→78W  power=78.6W
[PID] perf=27.077Hz  target=11.119Hz  err=-15.958Hz  corr=-335.93W  u_ff=121.8W  PCAP→78W  power=79.4W
[PID] perf=27.093Hz  target=11.119Hz  err=-15.974Hz  corr=-336.23W  u_ff=121.8W  PCAP→78W  power=76.7W
[PID] perf=27.073Hz  target=11.119Hz  err=-15.954Hz  corr=-335.86W  u_ff=121.8W  PCAP→78W  power=77.1W
[PID] perf=27.100Hz  target=11.119Hz  err=-15.981Hz  corr=-336.36W  u_ff=121.8W  PCAP→78W  power=78.2W
Process completed.
Compressed into /home/cc/summer2024/main_codes/pid_controller/../experiment_data/PID_Control_sweep/ones-npb-cg/compressed_iteration_20260513_153829.tar
----------------------------------
