
>>> Step 1/3

[ones-npb-cg]
  target perf      : 10.7154 Hz
  coefficients_perf: [-0.0006547837485238978, 0.18607436314256556, -1.8317688501798497]
  feedforward PCAP : 110.04 W  →  112 W (snapped)
  Perf(u_ff) check : 10.7154 Hz  (should ≈ target)
  PID gains        : Kp=18.5447 W/Hz  Ki=1.85447 W/(Hz·s)  Kd=0.0000
[PID] Awaiting data — feedforward PCAP=112W
[PID] Awaiting data — feedforward PCAP=112W
[PID] Awaiting data — feedforward PCAP=112W
[PID] Awaiting data — feedforward PCAP=112W
[PID] Awaiting data — feedforward PCAP=112W
[PID] Awaiting data — feedforward PCAP=112W
[PID] perf=20.299Hz  target=10.715Hz  err=-9.584Hz  corr=-213.28W  u_ff=110.0W  PCAP→78W  power=nanW
[PID] perf=18.119Hz  target=10.715Hz  err=-7.404Hz  corr=-177.30W  u_ff=110.0W  PCAP→78W  power=77.1W
[PID] perf=18.116Hz  target=10.715Hz  err=-7.400Hz  corr=-177.24W  u_ff=110.0W  PCAP→78W  power=78.4W
[PID] perf=18.120Hz  target=10.715Hz  err=-7.405Hz  corr=-177.32W  u_ff=110.0W  PCAP→78W  power=77.5W
[PID] perf=18.086Hz  target=10.715Hz  err=-7.371Hz  corr=-176.69W  u_ff=110.0W  PCAP→78W  power=78.2W
[PID] perf=27.885Hz  target=10.715Hz  err=-17.170Hz  corr=-358.41W  u_ff=110.0W  PCAP→78W  power=79.1W
[PID] perf=27.997Hz  target=10.715Hz  err=-17.281Hz  corr=-360.48W  u_ff=110.0W  PCAP→78W  power=79.1W
[PID] perf=27.981Hz  target=10.715Hz  err=-17.266Hz  corr=-360.19W  u_ff=110.0W  PCAP→78W  power=79.5W
[PID] perf=27.963Hz  target=10.715Hz  err=-17.247Hz  corr=-359.85W  u_ff=110.0W  PCAP→78W  power=77.6W
[PID] perf=27.980Hz  target=10.715Hz  err=-17.264Hz  corr=-360.16W  u_ff=110.0W  PCAP→78W  power=77.0W
[PID] perf=28.001Hz  target=10.715Hz  err=-17.285Hz  corr=-360.55W  u_ff=110.0W  PCAP→78W  power=77.6W
[PID] perf=28.000Hz  target=10.715Hz  err=-17.285Hz  corr=-360.55W  u_ff=110.0W  PCAP→78W  power=77.3W
[PID] perf=28.051Hz  target=10.715Hz  err=-17.336Hz  corr=-361.49W  u_ff=110.0W  PCAP→78W  power=77.2W
[PID] perf=28.032Hz  target=10.715Hz  err=-17.317Hz  corr=-361.14W  u_ff=110.0W  PCAP→78W  power=77.6W
[PID] perf=28.010Hz  target=10.715Hz  err=-17.295Hz  corr=-360.73W  u_ff=110.0W  PCAP→78W  power=78.1W
[PID] perf=28.052Hz  target=10.715Hz  err=-17.336Hz  corr=-361.50W  u_ff=110.0W  PCAP→78W  power=78.0W
[PID] perf=28.038Hz  target=10.715Hz  err=-17.323Hz  corr=-361.24W  u_ff=110.0W  PCAP→78W  power=78.0W
[PID] perf=28.052Hz  target=10.715Hz  err=-17.337Hz  corr=-361.51W  u_ff=110.0W  PCAP→78W  power=77.1W
[PID] perf=27.957Hz  target=10.715Hz  err=-17.242Hz  corr=-359.75W  u_ff=110.0W  PCAP→78W  power=77.0W
[PID] perf=27.992Hz  target=10.715Hz  err=-17.277Hz  corr=-360.40W  u_ff=110.0W  PCAP→78W  power=77.8W
[PID] perf=28.000Hz  target=10.715Hz  err=-17.285Hz  corr=-360.55W  u_ff=110.0W  PCAP→78W  power=76.1W
[PID] perf=27.991Hz  target=10.715Hz  err=-17.275Hz  corr=-360.36W  u_ff=110.0W  PCAP→78W  power=78.8W
[PID] perf=27.994Hz  target=10.715Hz  err=-17.279Hz  corr=-360.43W  u_ff=110.0W  PCAP→78W  power=78.0W
[PID] perf=27.996Hz  target=10.715Hz  err=-17.281Hz  corr=-360.47W  u_ff=110.0W  PCAP→78W  power=76.2W
[PID] perf=28.013Hz  target=10.715Hz  err=-17.298Hz  corr=-360.78W  u_ff=110.0W  PCAP→78W  power=77.2W
[PID] perf=28.016Hz  target=10.715Hz  err=-17.301Hz  corr=-360.83W  u_ff=110.0W  PCAP→78W  power=78.7W
[PID] perf=28.076Hz  target=10.715Hz  err=-17.361Hz  corr=-361.95W  u_ff=110.0W  PCAP→78W  power=79.3W
[PID] perf=28.065Hz  target=10.715Hz  err=-17.350Hz  corr=-361.75W  u_ff=110.0W  PCAP→78W  power=78.7W
[PID] perf=28.071Hz  target=10.715Hz  err=-17.355Hz  corr=-361.85W  u_ff=110.0W  PCAP→78W  power=76.5W
[PID] perf=28.077Hz  target=10.715Hz  err=-17.362Hz  corr=-361.97W  u_ff=110.0W  PCAP→78W  power=76.7W
[PID] perf=28.026Hz  target=10.715Hz  err=-17.311Hz  corr=-361.02W  u_ff=110.0W  PCAP→78W  power=78.6W
[PID] perf=28.053Hz  target=10.715Hz  err=-17.338Hz  corr=-361.52W  u_ff=110.0W  PCAP→78W  power=78.3W
[PID] perf=28.069Hz  target=10.715Hz  err=-17.354Hz  corr=-361.82W  u_ff=110.0W  PCAP→78W  power=77.1W
[PID] perf=28.058Hz  target=10.715Hz  err=-17.342Hz  corr=-361.61W  u_ff=110.0W  PCAP→78W  power=78.7W
[PID] perf=28.032Hz  target=10.715Hz  err=-17.317Hz  corr=-361.14W  u_ff=110.0W  PCAP→78W  power=77.7W
[PID] perf=28.031Hz  target=10.715Hz  err=-17.315Hz  corr=-361.10W  u_ff=110.0W  PCAP→78W  power=77.2W
[PID] perf=28.057Hz  target=10.715Hz  err=-17.342Hz  corr=-361.60W  u_ff=110.0W  PCAP→78W  power=77.8W
[PID] perf=28.096Hz  target=10.715Hz  err=-17.380Hz  corr=-362.31W  u_ff=110.0W  PCAP→78W  power=79.2W
[PID] perf=28.051Hz  target=10.715Hz  err=-17.335Hz  corr=-361.48W  u_ff=110.0W  PCAP→78W  power=77.6W
[PID] perf=28.093Hz  target=10.715Hz  err=-17.378Hz  corr=-362.27W  u_ff=110.0W  PCAP→78W  power=77.7W
[PID] perf=28.077Hz  target=10.715Hz  err=-17.362Hz  corr=-361.97W  u_ff=110.0W  PCAP→78W  power=78.5W
[PID] perf=28.054Hz  target=10.715Hz  err=-17.339Hz  corr=-361.54W  u_ff=110.0W  PCAP→78W  power=78.0W
[PID] perf=28.057Hz  target=10.715Hz  err=-17.342Hz  corr=-361.60W  u_ff=110.0W  PCAP→78W  power=77.8W
[PID] perf=28.073Hz  target=10.715Hz  err=-17.357Hz  corr=-361.88W  u_ff=110.0W  PCAP→78W  power=78.9W
[PID] perf=28.057Hz  target=10.715Hz  err=-17.341Hz  corr=-361.59W  u_ff=110.0W  PCAP→78W  power=78.9W
[PID] perf=28.063Hz  target=10.715Hz  err=-17.348Hz  corr=-361.71W  u_ff=110.0W  PCAP→78W  power=76.2W
[PID] perf=28.035Hz  target=10.715Hz  err=-17.320Hz  corr=-361.19W  u_ff=110.0W  PCAP→78W  power=76.8W
[PID] perf=28.048Hz  target=10.715Hz  err=-17.332Hz  corr=-361.42W  u_ff=110.0W  PCAP→78W  power=76.8W
[PID] perf=26.938Hz  target=10.715Hz  err=-16.222Hz  corr=-340.83W  u_ff=110.0W  PCAP→78W  power=79.2W
[PID] perf=27.019Hz  target=10.715Hz  err=-16.304Hz  corr=-342.34W  u_ff=110.0W  PCAP→78W  power=78.8W
[PID] perf=27.025Hz  target=10.715Hz  err=-16.309Hz  corr=-342.45W  u_ff=110.0W  PCAP→78W  power=78.7W
[PID] perf=27.003Hz  target=10.715Hz  err=-16.288Hz  corr=-342.06W  u_ff=110.0W  PCAP→78W  power=78.9W
[PID] perf=27.030Hz  target=10.715Hz  err=-16.314Hz  corr=-342.55W  u_ff=110.0W  PCAP→78W  power=77.1W
[PID] perf=27.081Hz  target=10.715Hz  err=-16.366Hz  corr=-343.50W  u_ff=110.0W  PCAP→78W  power=77.4W
[PID] perf=27.120Hz  target=10.715Hz  err=-16.405Hz  corr=-344.22W  u_ff=110.0W  PCAP→78W  power=78.9W
[PID] perf=27.156Hz  target=10.715Hz  err=-16.441Hz  corr=-344.89W  u_ff=110.0W  PCAP→78W  power=78.8W
[PID] perf=27.122Hz  target=10.715Hz  err=-16.407Hz  corr=-344.26W  u_ff=110.0W  PCAP→78W  power=79.3W
[PID] perf=27.131Hz  target=10.715Hz  err=-16.416Hz  corr=-344.43W  u_ff=110.0W  PCAP→78W  power=77.5W
[PID] perf=27.149Hz  target=10.715Hz  err=-16.434Hz  corr=-344.76W  u_ff=110.0W  PCAP→78W  power=76.0W
[PID] perf=27.103Hz  target=10.715Hz  err=-16.388Hz  corr=-343.91W  u_ff=110.0W  PCAP→78W  power=78.5W
[PID] perf=27.110Hz  target=10.715Hz  err=-16.395Hz  corr=-344.04W  u_ff=110.0W  PCAP→78W  power=77.2W
[PID] perf=27.123Hz  target=10.715Hz  err=-16.407Hz  corr=-344.27W  u_ff=110.0W  PCAP→78W  power=76.8W
[PID] perf=27.135Hz  target=10.715Hz  err=-16.419Hz  corr=-344.49W  u_ff=110.0W  PCAP→78W  power=78.1W
[PID] perf=27.141Hz  target=10.715Hz  err=-16.426Hz  corr=-344.61W  u_ff=110.0W  PCAP→78W  power=78.6W
[PID] perf=27.137Hz  target=10.715Hz  err=-16.422Hz  corr=-344.54W  u_ff=110.0W  PCAP→78W  power=78.9W
[PID] perf=26.997Hz  target=10.715Hz  err=-16.282Hz  corr=-341.95W  u_ff=110.0W  PCAP→78W  power=77.5W
[PID] perf=27.119Hz  target=10.715Hz  err=-16.404Hz  corr=-344.20W  u_ff=110.0W  PCAP→78W  power=77.6W
[PID] perf=27.151Hz  target=10.715Hz  err=-16.436Hz  corr=-344.80W  u_ff=110.0W  PCAP→78W  power=77.4W
[PID] perf=27.179Hz  target=10.715Hz  err=-16.464Hz  corr=-345.32W  u_ff=110.0W  PCAP→78W  power=77.4W
[PID] perf=27.176Hz  target=10.715Hz  err=-16.460Hz  corr=-345.25W  u_ff=110.0W  PCAP→78W  power=77.2W
[PID] perf=27.148Hz  target=10.715Hz  err=-16.432Hz  corr=-344.73W  u_ff=110.0W  PCAP→78W  power=77.3W
[PID] perf=27.139Hz  target=10.715Hz  err=-16.423Hz  corr=-344.56W  u_ff=110.0W  PCAP→78W  power=78.9W
[PID] perf=27.156Hz  target=10.715Hz  err=-16.440Hz  corr=-344.88W  u_ff=110.0W  PCAP→78W  power=78.5W
[PID] perf=27.146Hz  target=10.715Hz  err=-16.431Hz  corr=-344.71W  u_ff=110.0W  PCAP→78W  power=79.0W
[PID] perf=27.154Hz  target=10.715Hz  err=-16.438Hz  corr=-344.84W  u_ff=110.0W  PCAP→78W  power=78.5W
[PID] perf=27.133Hz  target=10.715Hz  err=-16.417Hz  corr=-344.45W  u_ff=110.0W  PCAP→78W  power=79.1W
[PID] perf=27.110Hz  target=10.715Hz  err=-16.395Hz  corr=-344.03W  u_ff=110.0W  PCAP→78W  power=78.5W
[PID] perf=27.141Hz  target=10.715Hz  err=-16.426Hz  corr=-344.61W  u_ff=110.0W  PCAP→78W  power=78.6W
[PID] perf=27.112Hz  target=10.715Hz  err=-16.396Hz  corr=-344.07W  u_ff=110.0W  PCAP→78W  power=77.6W
[PID] perf=27.106Hz  target=10.715Hz  err=-16.390Hz  corr=-343.95W  u_ff=110.0W  PCAP→78W  power=76.1W
[PID] perf=27.124Hz  target=10.715Hz  err=-16.409Hz  corr=-344.30W  u_ff=110.0W  PCAP→78W  power=78.2W
[PID] perf=27.138Hz  target=10.715Hz  err=-16.423Hz  corr=-344.55W  u_ff=110.0W  PCAP→78W  power=79.3W
[PID] perf=27.137Hz  target=10.715Hz  err=-16.422Hz  corr=-344.54W  u_ff=110.0W  PCAP→78W  power=78.9W
[PID] perf=27.145Hz  target=10.715Hz  err=-16.429Hz  corr=-344.67W  u_ff=110.0W  PCAP→78W  power=76.9W
[PID] perf=27.133Hz  target=10.715Hz  err=-16.418Hz  corr=-344.46W  u_ff=110.0W  PCAP→78W  power=76.7W
[PID] perf=27.149Hz  target=10.715Hz  err=-16.433Hz  corr=-344.75W  u_ff=110.0W  PCAP→78W  power=76.5W
[PID] perf=27.146Hz  target=10.715Hz  err=-16.430Hz  corr=-344.70W  u_ff=110.0W  PCAP→78W  power=79.1W
[PID] perf=27.124Hz  target=10.715Hz  err=-16.409Hz  corr=-344.29W  u_ff=110.0W  PCAP→78W  power=78.8W
[PID] perf=27.124Hz  target=10.715Hz  err=-16.409Hz  corr=-344.30W  u_ff=110.0W  PCAP→78W  power=78.2W
[PID] perf=27.116Hz  target=10.715Hz  err=-16.401Hz  corr=-344.14W  u_ff=110.0W  PCAP→78W  power=78.4W
[PID] perf=27.117Hz  target=10.715Hz  err=-16.402Hz  corr=-344.16W  u_ff=110.0W  PCAP→78W  power=78.4W
[PID] perf=27.088Hz  target=10.715Hz  err=-16.372Hz  corr=-343.62W  u_ff=110.0W  PCAP→78W  power=79.1W
[PID] perf=27.190Hz  target=10.715Hz  err=-16.474Hz  corr=-345.51W  u_ff=110.0W  PCAP→78W  power=78.4W
[PID] perf=27.224Hz  target=10.715Hz  err=-16.509Hz  corr=-346.16W  u_ff=110.0W  PCAP→78W  power=77.7W
[PID] perf=27.171Hz  target=10.715Hz  err=-16.456Hz  corr=-345.17W  u_ff=110.0W  PCAP→78W  power=78.0W
[PID] perf=27.212Hz  target=10.715Hz  err=-16.497Hz  corr=-345.92W  u_ff=110.0W  PCAP→78W  power=78.5W
[PID] perf=27.163Hz  target=10.715Hz  err=-16.448Hz  corr=-345.02W  u_ff=110.0W  PCAP→78W  power=77.8W
[PID] perf=27.193Hz  target=10.715Hz  err=-16.477Hz  corr=-345.57W  u_ff=110.0W  PCAP→78W  power=77.5W
[PID] perf=27.154Hz  target=10.715Hz  err=-16.439Hz  corr=-344.86W  u_ff=110.0W  PCAP→78W  power=76.9W
[PID] perf=27.239Hz  target=10.715Hz  err=-16.524Hz  corr=-346.43W  u_ff=110.0W  PCAP→78W  power=77.1W
[PID] perf=27.224Hz  target=10.715Hz  err=-16.509Hz  corr=-346.15W  u_ff=110.0W  PCAP→78W  power=77.1W
[PID] perf=27.248Hz  target=10.715Hz  err=-16.533Hz  corr=-346.59W  u_ff=110.0W  PCAP→78W  power=76.9W
[PID] perf=27.248Hz  target=10.715Hz  err=-16.533Hz  corr=-346.59W  u_ff=110.0W  PCAP→78W  power=76.7W
[PID] perf=27.250Hz  target=10.715Hz  err=-16.535Hz  corr=-346.63W  u_ff=110.0W  PCAP→78W  power=78.6W
[PID] perf=27.208Hz  target=10.715Hz  err=-16.493Hz  corr=-345.85W  u_ff=110.0W  PCAP→78W  power=77.5W
[PID] perf=27.182Hz  target=10.715Hz  err=-16.466Hz  corr=-345.36W  u_ff=110.0W  PCAP→78W  power=78.6W
[PID] perf=27.292Hz  target=10.715Hz  err=-16.577Hz  corr=-347.42W  u_ff=110.0W  PCAP→78W  power=79.2W
[PID] perf=27.317Hz  target=10.715Hz  err=-16.602Hz  corr=-347.88W  u_ff=110.0W  PCAP→78W  power=77.7W
[PID] perf=27.210Hz  target=10.715Hz  err=-16.494Hz  corr=-345.88W  u_ff=110.0W  PCAP→78W  power=79.2W
[PID] perf=27.828Hz  target=10.715Hz  err=-17.113Hz  corr=-357.35W  u_ff=110.0W  PCAP→78W  power=79.1W
[PID] perf=27.856Hz  target=10.715Hz  err=-17.140Hz  corr=-357.86W  u_ff=110.0W  PCAP→78W  power=78.9W
[PID] perf=27.844Hz  target=10.715Hz  err=-17.129Hz  corr=-357.65W  u_ff=110.0W  PCAP→78W  power=78.8W
[PID] perf=27.851Hz  target=10.715Hz  err=-17.136Hz  corr=-357.78W  u_ff=110.0W  PCAP→78W  power=79.2W
[PID] perf=27.859Hz  target=10.715Hz  err=-17.144Hz  corr=-357.92W  u_ff=110.0W  PCAP→78W  power=78.8W
[PID] perf=27.875Hz  target=10.715Hz  err=-17.159Hz  corr=-358.22W  u_ff=110.0W  PCAP→78W  power=78.8W
[PID] perf=27.881Hz  target=10.715Hz  err=-17.165Hz  corr=-358.32W  u_ff=110.0W  PCAP→78W  power=78.9W
[PID] perf=27.860Hz  target=10.715Hz  err=-17.145Hz  corr=-357.95W  u_ff=110.0W  PCAP→78W  power=76.8W
[PID] perf=27.860Hz  target=10.715Hz  err=-17.144Hz  corr=-357.94W  u_ff=110.0W  PCAP→78W  power=79.4W
[PID] perf=27.873Hz  target=10.715Hz  err=-17.157Hz  corr=-358.18W  u_ff=110.0W  PCAP→78W  power=78.5W
[PID] perf=27.920Hz  target=10.715Hz  err=-17.205Hz  corr=-359.06W  u_ff=110.0W  PCAP→78W  power=78.9W
[PID] perf=27.838Hz  target=10.715Hz  err=-17.123Hz  corr=-357.54W  u_ff=110.0W  PCAP→78W  power=79.2W
[PID] perf=27.884Hz  target=10.715Hz  err=-17.168Hz  corr=-358.38W  u_ff=110.0W  PCAP→78W  power=78.9W
[PID] perf=27.840Hz  target=10.715Hz  err=-17.124Hz  corr=-357.56W  u_ff=110.0W  PCAP→78W  power=78.3W
[PID] perf=27.901Hz  target=10.715Hz  err=-17.185Hz  corr=-358.70W  u_ff=110.0W  PCAP→78W  power=79.0W
[PID] perf=27.861Hz  target=10.715Hz  err=-17.146Hz  corr=-357.96W  u_ff=110.0W  PCAP→78W  power=79.3W
[PID] perf=25.806Hz  target=10.715Hz  err=-15.090Hz  corr=-319.85W  u_ff=110.0W  PCAP→78W  power=77.8W
[PID] perf=25.912Hz  target=10.715Hz  err=-15.197Hz  corr=-321.82W  u_ff=110.0W  PCAP→78W  power=78.6W
[PID] perf=25.978Hz  target=10.715Hz  err=-15.263Hz  corr=-323.05W  u_ff=110.0W  PCAP→78W  power=78.6W
[PID] perf=26.005Hz  target=10.715Hz  err=-15.289Hz  corr=-323.54W  u_ff=110.0W  PCAP→78W  power=78.2W
[PID] perf=25.994Hz  target=10.715Hz  err=-15.279Hz  corr=-323.35W  u_ff=110.0W  PCAP→78W  power=77.8W
[PID] perf=25.987Hz  target=10.715Hz  err=-15.272Hz  corr=-323.21W  u_ff=110.0W  PCAP→78W  power=77.2W
[PID] perf=25.998Hz  target=10.715Hz  err=-15.282Hz  corr=-323.41W  u_ff=110.0W  PCAP→78W  power=77.8W
[PID] perf=25.998Hz  target=10.715Hz  err=-15.283Hz  corr=-323.42W  u_ff=110.0W  PCAP→78W  power=79.4W
[PID] perf=26.012Hz  target=10.715Hz  err=-15.296Hz  corr=-323.66W  u_ff=110.0W  PCAP→78W  power=78.6W
[PID] perf=26.009Hz  target=10.715Hz  err=-15.294Hz  corr=-323.62W  u_ff=110.0W  PCAP→78W  power=78.6W
[PID] perf=26.016Hz  target=10.715Hz  err=-15.300Hz  corr=-323.74W  u_ff=110.0W  PCAP→78W  power=79.1W
[PID] perf=26.012Hz  target=10.715Hz  err=-15.297Hz  corr=-323.68W  u_ff=110.0W  PCAP→78W  power=78.0W
[PID] perf=25.999Hz  target=10.715Hz  err=-15.283Hz  corr=-323.42W  u_ff=110.0W  PCAP→78W  power=77.9W
[PID] perf=25.961Hz  target=10.715Hz  err=-15.246Hz  corr=-322.73W  u_ff=110.0W  PCAP→78W  power=79.0W
[PID] perf=26.008Hz  target=10.715Hz  err=-15.292Hz  corr=-323.59W  u_ff=110.0W  PCAP→78W  power=77.7W
[PID] perf=27.563Hz  target=10.715Hz  err=-16.847Hz  corr=-352.43W  u_ff=110.0W  PCAP→78W  power=76.9W
[PID] perf=27.556Hz  target=10.715Hz  err=-16.840Hz  corr=-352.30W  u_ff=110.0W  PCAP→78W  power=77.6W
[PID] perf=27.611Hz  target=10.715Hz  err=-16.896Hz  corr=-353.33W  u_ff=110.0W  PCAP→78W  power=77.7W
[PID] perf=27.600Hz  target=10.715Hz  err=-16.884Hz  corr=-353.11W  u_ff=110.0W  PCAP→78W  power=76.5W
[PID] perf=27.617Hz  target=10.715Hz  err=-16.901Hz  corr=-353.43W  u_ff=110.0W  PCAP→78W  power=78.6W
[PID] perf=27.578Hz  target=10.715Hz  err=-16.863Hz  corr=-352.71W  u_ff=110.0W  PCAP→78W  power=77.8W
[PID] perf=27.611Hz  target=10.715Hz  err=-16.896Hz  corr=-353.33W  u_ff=110.0W  PCAP→78W  power=77.5W
[PID] perf=27.631Hz  target=10.715Hz  err=-16.915Hz  corr=-353.69W  u_ff=110.0W  PCAP→78W  power=78.8W
[PID] perf=27.590Hz  target=10.715Hz  err=-16.875Hz  corr=-352.94W  u_ff=110.0W  PCAP→78W  power=79.0W
[PID] perf=27.574Hz  target=10.715Hz  err=-16.858Hz  corr=-352.63W  u_ff=110.0W  PCAP→78W  power=79.0W
[PID] perf=27.600Hz  target=10.715Hz  err=-16.885Hz  corr=-353.12W  u_ff=110.0W  PCAP→78W  power=79.4W
[PID] perf=27.605Hz  target=10.715Hz  err=-16.890Hz  corr=-353.22W  u_ff=110.0W  PCAP→78W  power=78.3W
[PID] perf=26.675Hz  target=10.715Hz  err=-15.959Hz  corr=-335.96W  u_ff=110.0W  PCAP→78W  power=77.0W
[PID] perf=27.602Hz  target=10.715Hz  err=-16.887Hz  corr=-353.17W  u_ff=110.0W  PCAP→78W  power=78.1W
[PID] perf=27.600Hz  target=10.715Hz  err=-16.884Hz  corr=-353.11W  u_ff=110.0W  PCAP→78W  power=77.0W
[PID] perf=27.593Hz  target=10.715Hz  err=-16.877Hz  corr=-352.99W  u_ff=110.0W  PCAP→78W  power=77.5W
[PID] perf=27.603Hz  target=10.715Hz  err=-16.887Hz  corr=-353.17W  u_ff=110.0W  PCAP→78W  power=77.1W
[PID] perf=27.624Hz  target=10.715Hz  err=-16.909Hz  corr=-353.57W  u_ff=110.0W  PCAP→78W  power=77.3W
[PID] perf=27.583Hz  target=10.715Hz  err=-16.868Hz  corr=-352.81W  u_ff=110.0W  PCAP→78W  power=77.0W
[PID] perf=27.565Hz  target=10.715Hz  err=-16.850Hz  corr=-352.47W  u_ff=110.0W  PCAP→78W  power=78.7W
[PID] perf=27.607Hz  target=10.715Hz  err=-16.891Hz  corr=-353.24W  u_ff=110.0W  PCAP→78W  power=79.0W
[PID] perf=27.631Hz  target=10.715Hz  err=-16.915Hz  corr=-353.69W  u_ff=110.0W  PCAP→78W  power=78.0W
[PID] perf=27.611Hz  target=10.715Hz  err=-16.896Hz  corr=-353.33W  u_ff=110.0W  PCAP→78W  power=77.4W
[PID] perf=27.634Hz  target=10.715Hz  err=-16.919Hz  corr=-353.76W  u_ff=110.0W  PCAP→78W  power=78.8W
[PID] perf=27.620Hz  target=10.715Hz  err=-16.904Hz  corr=-353.48W  u_ff=110.0W  PCAP→78W  power=78.5W
[PID] perf=27.593Hz  target=10.715Hz  err=-16.877Hz  corr=-352.98W  u_ff=110.0W  PCAP→78W  power=78.9W
[PID] perf=27.670Hz  target=10.715Hz  err=-16.955Hz  corr=-354.42W  u_ff=110.0W  PCAP→78W  power=79.3W
[PID] perf=27.644Hz  target=10.715Hz  err=-16.929Hz  corr=-353.94W  u_ff=110.0W  PCAP→78W  power=77.3W
[PID] perf=26.991Hz  target=10.715Hz  err=-16.276Hz  corr=-341.83W  u_ff=110.0W  PCAP→78W  power=78.2W
[PID] perf=27.056Hz  target=10.715Hz  err=-16.341Hz  corr=-343.03W  u_ff=110.0W  PCAP→78W  power=78.4W
[PID] perf=27.094Hz  target=10.715Hz  err=-16.379Hz  corr=-343.73W  u_ff=110.0W  PCAP→78W  power=79.1W
[PID] perf=27.110Hz  target=10.715Hz  err=-16.395Hz  corr=-344.04W  u_ff=110.0W  PCAP→78W  power=78.3W
[PID] perf=27.112Hz  target=10.715Hz  err=-16.396Hz  corr=-344.07W  u_ff=110.0W  PCAP→78W  power=78.3W
[PID] perf=27.141Hz  target=10.715Hz  err=-16.426Hz  corr=-344.61W  u_ff=110.0W  PCAP→78W  power=78.9W
[PID] perf=27.137Hz  target=10.715Hz  err=-16.421Hz  corr=-344.53W  u_ff=110.0W  PCAP→78W  power=76.8W
[PID] perf=27.131Hz  target=10.715Hz  err=-16.416Hz  corr=-344.43W  u_ff=110.0W  PCAP→78W  power=77.4W
[PID] perf=27.132Hz  target=10.715Hz  err=-16.417Hz  corr=-344.44W  u_ff=110.0W  PCAP→78W  power=77.5W
[PID] perf=27.128Hz  target=10.715Hz  err=-16.412Hz  corr=-344.36W  u_ff=110.0W  PCAP→78W  power=77.4W
[PID] perf=27.134Hz  target=10.715Hz  err=-16.418Hz  corr=-344.47W  u_ff=110.0W  PCAP→78W  power=78.6W
[PID] perf=27.124Hz  target=10.715Hz  err=-16.408Hz  corr=-344.29W  u_ff=110.0W  PCAP→78W  power=79.0W
[PID] perf=27.130Hz  target=10.715Hz  err=-16.415Hz  corr=-344.40W  u_ff=110.0W  PCAP→78W  power=77.9W
[PID] perf=27.127Hz  target=10.715Hz  err=-16.412Hz  corr=-344.35W  u_ff=110.0W  PCAP→78W  power=78.8W
[PID] perf=27.111Hz  target=10.715Hz  err=-16.396Hz  corr=-344.06W  u_ff=110.0W  PCAP→78W  power=78.2W
[PID] perf=27.246Hz  target=10.715Hz  err=-16.531Hz  corr=-346.56W  u_ff=110.0W  PCAP→78W  power=79.3W
[PID] perf=29.241Hz  target=10.715Hz  err=-18.526Hz  corr=-383.55W  u_ff=110.0W  PCAP→78W  power=77.4W
[PID] perf=29.206Hz  target=10.715Hz  err=-18.491Hz  corr=-382.91W  u_ff=110.0W  PCAP→78W  power=77.2W
[PID] perf=29.202Hz  target=10.715Hz  err=-18.486Hz  corr=-382.82W  u_ff=110.0W  PCAP→78W  power=78.6W
[PID] perf=29.191Hz  target=10.715Hz  err=-18.476Hz  corr=-382.63W  u_ff=110.0W  PCAP→78W  power=78.8W
[PID] perf=29.198Hz  target=10.715Hz  err=-18.483Hz  corr=-382.75W  u_ff=110.0W  PCAP→78W  power=77.0W
[PID] perf=29.169Hz  target=10.715Hz  err=-18.453Hz  corr=-382.21W  u_ff=110.0W  PCAP→78W  power=76.6W
[PID] perf=29.182Hz  target=10.715Hz  err=-18.467Hz  corr=-382.46W  u_ff=110.0W  PCAP→78W  power=79.4W
[PID] perf=29.172Hz  target=10.715Hz  err=-18.457Hz  corr=-382.28W  u_ff=110.0W  PCAP→78W  power=78.2W
[PID] perf=29.186Hz  target=10.715Hz  err=-18.471Hz  corr=-382.53W  u_ff=110.0W  PCAP→78W  power=79.1W
[PID] perf=29.157Hz  target=10.715Hz  err=-18.442Hz  corr=-382.00W  u_ff=110.0W  PCAP→78W  power=78.5W
[PID] perf=29.201Hz  target=10.715Hz  err=-18.486Hz  corr=-382.81W  u_ff=110.0W  PCAP→78W  power=77.9W
[PID] perf=29.225Hz  target=10.715Hz  err=-18.509Hz  corr=-383.25W  u_ff=110.0W  PCAP→78W  power=77.4W
[PID] perf=29.221Hz  target=10.715Hz  err=-18.505Hz  corr=-383.17W  u_ff=110.0W  PCAP→78W  power=77.8W
[PID] perf=29.213Hz  target=10.715Hz  err=-18.497Hz  corr=-383.02W  u_ff=110.0W  PCAP→78W  power=78.8W
[PID] perf=29.152Hz  target=10.715Hz  err=-18.437Hz  corr=-381.90W  u_ff=110.0W  PCAP→78W  power=77.2W
[PID] perf=29.191Hz  target=10.715Hz  err=-18.475Hz  corr=-382.62W  u_ff=110.0W  PCAP→78W  power=79.1W
[PID] perf=29.220Hz  target=10.715Hz  err=-18.504Hz  corr=-383.16W  u_ff=110.0W  PCAP→78W  power=77.8W
[PID] perf=29.203Hz  target=10.715Hz  err=-18.488Hz  corr=-382.85W  u_ff=110.0W  PCAP→78W  power=77.1W
[PID] perf=29.192Hz  target=10.715Hz  err=-18.477Hz  corr=-382.65W  u_ff=110.0W  PCAP→78W  power=79.3W
[PID] perf=29.231Hz  target=10.715Hz  err=-18.516Hz  corr=-383.37W  u_ff=110.0W  PCAP→78W  power=78.4W
[PID] perf=29.210Hz  target=10.715Hz  err=-18.495Hz  corr=-382.98W  u_ff=110.0W  PCAP→78W  power=79.6W
[PID] perf=29.173Hz  target=10.715Hz  err=-18.458Hz  corr=-382.29W  u_ff=110.0W  PCAP→78W  power=78.7W
[PID] perf=29.219Hz  target=10.715Hz  err=-18.504Hz  corr=-383.14W  u_ff=110.0W  PCAP→78W  power=77.3W
[PID] perf=29.190Hz  target=10.715Hz  err=-18.474Hz  corr=-382.60W  u_ff=110.0W  PCAP→78W  power=77.5W
[PID] perf=29.204Hz  target=10.715Hz  err=-18.489Hz  corr=-382.87W  u_ff=110.0W  PCAP→78W  power=78.0W
[PID] perf=29.219Hz  target=10.715Hz  err=-18.504Hz  corr=-383.14W  u_ff=110.0W  PCAP→78W  power=76.4W
[PID] perf=29.170Hz  target=10.715Hz  err=-18.455Hz  corr=-382.24W  u_ff=110.0W  PCAP→78W  power=78.0W
[PID] perf=29.197Hz  target=10.715Hz  err=-18.481Hz  corr=-382.73W  u_ff=110.0W  PCAP→78W  power=78.7W
[PID] perf=29.195Hz  target=10.715Hz  err=-18.479Hz  corr=-382.70W  u_ff=110.0W  PCAP→78W  power=78.3W
[PID] perf=29.215Hz  target=10.715Hz  err=-18.500Hz  corr=-383.08W  u_ff=110.0W  PCAP→78W  power=77.2W
[PID] perf=29.164Hz  target=10.715Hz  err=-18.449Hz  corr=-382.12W  u_ff=110.0W  PCAP→78W  power=76.9W
[PID] perf=29.232Hz  target=10.715Hz  err=-18.516Hz  corr=-383.38W  u_ff=110.0W  PCAP→78W  power=78.7W
[PID] perf=29.218Hz  target=10.715Hz  err=-18.503Hz  corr=-383.13W  u_ff=110.0W  PCAP→78W  power=77.9W
[PID] perf=29.206Hz  target=10.715Hz  err=-18.490Hz  corr=-382.90W  u_ff=110.0W  PCAP→78W  power=77.2W
[PID] perf=29.221Hz  target=10.715Hz  err=-18.506Hz  corr=-383.19W  u_ff=110.0W  PCAP→78W  power=76.5W
[PID] perf=29.172Hz  target=10.715Hz  err=-18.456Hz  corr=-382.26W  u_ff=110.0W  PCAP→78W  power=79.3W
[PID] perf=29.205Hz  target=10.715Hz  err=-18.490Hz  corr=-382.89W  u_ff=110.0W  PCAP→78W  power=77.5W
[PID] perf=29.184Hz  target=10.715Hz  err=-18.468Hz  corr=-382.49W  u_ff=110.0W  PCAP→78W  power=79.0W
[PID] perf=29.243Hz  target=10.715Hz  err=-18.528Hz  corr=-383.59W  u_ff=110.0W  PCAP→78W  power=76.7W
[PID] perf=29.199Hz  target=10.715Hz  err=-18.484Hz  corr=-382.78W  u_ff=110.0W  PCAP→78W  power=78.1W
[PID] perf=29.188Hz  target=10.715Hz  err=-18.472Hz  corr=-382.57W  u_ff=110.0W  PCAP→78W  power=77.3W
[PID] perf=29.163Hz  target=10.715Hz  err=-18.448Hz  corr=-382.11W  u_ff=110.0W  PCAP→78W  power=78.7W
[PID] perf=29.191Hz  target=10.715Hz  err=-18.476Hz  corr=-382.63W  u_ff=110.0W  PCAP→78W  power=78.5W
[PID] perf=29.207Hz  target=10.715Hz  err=-18.492Hz  corr=-382.93W  u_ff=110.0W  PCAP→78W  power=79.0W
[PID] perf=29.204Hz  target=10.715Hz  err=-18.489Hz  corr=-382.87W  u_ff=110.0W  PCAP→78W  power=78.1W
[PID] perf=29.184Hz  target=10.715Hz  err=-18.469Hz  corr=-382.50W  u_ff=110.0W  PCAP→78W  power=78.6W
[PID] perf=29.183Hz  target=10.715Hz  err=-18.468Hz  corr=-382.48W  u_ff=110.0W  PCAP→78W  power=78.6W
[PID] perf=29.225Hz  target=10.715Hz  err=-18.510Hz  corr=-383.26W  u_ff=110.0W  PCAP→78W  power=76.4W
[PID] perf=29.230Hz  target=10.715Hz  err=-18.514Hz  corr=-383.34W  u_ff=110.0W  PCAP→78W  power=77.3W
[PID] perf=29.224Hz  target=10.715Hz  err=-18.508Hz  corr=-383.23W  u_ff=110.0W  PCAP→78W  power=78.5W
[PID] perf=29.183Hz  target=10.715Hz  err=-18.467Hz  corr=-382.47W  u_ff=110.0W  PCAP→78W  power=77.9W
[PID] perf=29.179Hz  target=10.715Hz  err=-18.464Hz  corr=-382.41W  u_ff=110.0W  PCAP→78W  power=76.9W
[PID] perf=29.203Hz  target=10.715Hz  err=-18.488Hz  corr=-382.85W  u_ff=110.0W  PCAP→78W  power=77.9W
[PID] perf=29.214Hz  target=10.715Hz  err=-18.498Hz  corr=-383.05W  u_ff=110.0W  PCAP→78W  power=78.8W
[PID] perf=29.202Hz  target=10.715Hz  err=-18.486Hz  corr=-382.82W  u_ff=110.0W  PCAP→78W  power=77.7W
[PID] perf=29.214Hz  target=10.715Hz  err=-18.499Hz  corr=-383.06W  u_ff=110.0W  PCAP→78W  power=78.4W
[PID] perf=29.236Hz  target=10.715Hz  err=-18.520Hz  corr=-383.45W  u_ff=110.0W  PCAP→78W  power=78.7W
[PID] perf=29.240Hz  target=10.715Hz  err=-18.524Hz  corr=-383.53W  u_ff=110.0W  PCAP→78W  power=78.7W
[PID] perf=29.216Hz  target=10.715Hz  err=-18.501Hz  corr=-383.09W  u_ff=110.0W  PCAP→78W  power=79.3W
[PID] perf=29.220Hz  target=10.715Hz  err=-18.505Hz  corr=-383.16W  u_ff=110.0W  PCAP→78W  power=78.4W
[PID] perf=29.202Hz  target=10.715Hz  err=-18.487Hz  corr=-382.83W  u_ff=110.0W  PCAP→78W  power=78.6W
[PID] perf=29.228Hz  target=10.715Hz  err=-18.512Hz  corr=-383.30W  u_ff=110.0W  PCAP→78W  power=78.8W
[PID] perf=29.228Hz  target=10.715Hz  err=-18.513Hz  corr=-383.31W  u_ff=110.0W  PCAP→78W  power=78.3W
[PID] perf=29.197Hz  target=10.715Hz  err=-18.481Hz  corr=-382.73W  u_ff=110.0W  PCAP→78W  power=76.9W
[PID] perf=29.230Hz  target=10.715Hz  err=-18.515Hz  corr=-383.35W  u_ff=110.0W  PCAP→78W  power=79.2W
[PID] perf=29.205Hz  target=10.715Hz  err=-18.490Hz  corr=-382.89W  u_ff=110.0W  PCAP→78W  power=79.0W
[PID] perf=29.212Hz  target=10.715Hz  err=-18.496Hz  corr=-383.01W  u_ff=110.0W  PCAP→78W  power=77.3W
[PID] perf=29.179Hz  target=10.715Hz  err=-18.464Hz  corr=-382.41W  u_ff=110.0W  PCAP→78W  power=78.4W
[PID] perf=29.225Hz  target=10.715Hz  err=-18.509Hz  corr=-383.25W  u_ff=110.0W  PCAP→78W  power=77.1W
[PID] perf=29.219Hz  target=10.715Hz  err=-18.504Hz  corr=-383.15W  u_ff=110.0W  PCAP→78W  power=77.9W
[PID] perf=29.193Hz  target=10.715Hz  err=-18.478Hz  corr=-382.67W  u_ff=110.0W  PCAP→78W  power=79.0W
[PID] perf=29.212Hz  target=10.715Hz  err=-18.497Hz  corr=-383.02W  u_ff=110.0W  PCAP→78W  power=79.2W
[PID] perf=29.194Hz  target=10.715Hz  err=-18.479Hz  corr=-382.68W  u_ff=110.0W  PCAP→78W  power=77.8W
[PID] perf=29.163Hz  target=10.715Hz  err=-18.448Hz  corr=-382.10W  u_ff=110.0W  PCAP→78W  power=78.6W
[PID] perf=29.185Hz  target=10.715Hz  err=-18.470Hz  corr=-382.52W  u_ff=110.0W  PCAP→78W  power=79.3W
[PID] perf=29.236Hz  target=10.715Hz  err=-18.521Hz  corr=-383.46W  u_ff=110.0W  PCAP→78W  power=79.6W
[PID] perf=29.119Hz  target=10.715Hz  err=-18.404Hz  corr=-381.29W  u_ff=110.0W  PCAP→78W  power=76.0W
[PID] perf=29.164Hz  target=10.715Hz  err=-18.448Hz  corr=-382.12W  u_ff=110.0W  PCAP→78W  power=79.3W
[PID] perf=29.209Hz  target=10.715Hz  err=-18.494Hz  corr=-382.97W  u_ff=110.0W  PCAP→78W  power=79.3W
[PID] perf=29.166Hz  target=10.715Hz  err=-18.450Hz  corr=-382.15W  u_ff=110.0W  PCAP→78W  power=77.8W
[PID] perf=29.220Hz  target=10.715Hz  err=-18.505Hz  corr=-383.17W  u_ff=110.0W  PCAP→78W  power=76.3W
[PID] perf=29.236Hz  target=10.715Hz  err=-18.521Hz  corr=-383.46W  u_ff=110.0W  PCAP→78W  power=79.3W
[PID] perf=29.227Hz  target=10.715Hz  err=-18.512Hz  corr=-383.29W  u_ff=110.0W  PCAP→78W  power=78.2W
[PID] perf=29.223Hz  target=10.715Hz  err=-18.508Hz  corr=-383.22W  u_ff=110.0W  PCAP→78W  power=77.9W
[PID] perf=29.217Hz  target=10.715Hz  err=-18.502Hz  corr=-383.11W  u_ff=110.0W  PCAP→78W  power=78.5W
[PID] perf=29.228Hz  target=10.715Hz  err=-18.513Hz  corr=-383.32W  u_ff=110.0W  PCAP→78W  power=80.2W
[PID] perf=29.194Hz  target=10.715Hz  err=-18.478Hz  corr=-382.68W  u_ff=110.0W  PCAP→78W  power=79.1W
[PID] perf=29.209Hz  target=10.715Hz  err=-18.494Hz  corr=-382.96W  u_ff=110.0W  PCAP→78W  power=77.0W
[PID] perf=29.211Hz  target=10.715Hz  err=-18.495Hz  corr=-382.99W  u_ff=110.0W  PCAP→78W  power=77.1W
[PID] perf=29.177Hz  target=10.715Hz  err=-18.461Hz  corr=-382.36W  u_ff=110.0W  PCAP→78W  power=79.1W
[PID] perf=29.210Hz  target=10.715Hz  err=-18.494Hz  corr=-382.97W  u_ff=110.0W  PCAP→78W  power=78.4W
[PID] perf=29.222Hz  target=10.715Hz  err=-18.506Hz  corr=-383.19W  u_ff=110.0W  PCAP→78W  power=79.2W
[PID] perf=29.248Hz  target=10.715Hz  err=-18.532Hz  corr=-383.67W  u_ff=110.0W  PCAP→78W  power=79.0W
[PID] perf=29.200Hz  target=10.715Hz  err=-18.484Hz  corr=-382.78W  u_ff=110.0W  PCAP→78W  power=78.2W
[PID] perf=29.167Hz  target=10.715Hz  err=-18.452Hz  corr=-382.18W  u_ff=110.0W  PCAP→78W  power=77.1W
[PID] perf=29.219Hz  target=10.715Hz  err=-18.504Hz  corr=-383.14W  u_ff=110.0W  PCAP→78W  power=76.4W
[PID] perf=29.258Hz  target=10.715Hz  err=-18.542Hz  corr=-383.86W  u_ff=110.0W  PCAP→78W  power=77.9W
[PID] perf=29.247Hz  target=10.715Hz  err=-18.532Hz  corr=-383.66W  u_ff=110.0W  PCAP→78W  power=76.7W
[PID] perf=29.217Hz  target=10.715Hz  err=-18.501Hz  corr=-383.10W  u_ff=110.0W  PCAP→78W  power=78.4W
[PID] perf=29.195Hz  target=10.715Hz  err=-18.480Hz  corr=-382.71W  u_ff=110.0W  PCAP→78W  power=78.7W
[PID] perf=29.123Hz  target=10.715Hz  err=-18.408Hz  corr=-381.37W  u_ff=110.0W  PCAP→78W  power=78.9W
[PID] perf=29.234Hz  target=10.715Hz  err=-18.519Hz  corr=-383.43W  u_ff=110.0W  PCAP→78W  power=77.5W
[PID] perf=29.222Hz  target=10.715Hz  err=-18.506Hz  corr=-383.20W  u_ff=110.0W  PCAP→78W  power=78.9W
[PID] perf=29.206Hz  target=10.715Hz  err=-18.490Hz  corr=-382.90W  u_ff=110.0W  PCAP→78W  power=78.8W
[PID] perf=29.186Hz  target=10.715Hz  err=-18.471Hz  corr=-382.53W  u_ff=110.0W  PCAP→78W  power=78.3W
[PID] perf=29.272Hz  target=10.715Hz  err=-18.557Hz  corr=-384.13W  u_ff=110.0W  PCAP→78W  power=78.2W
[PID] perf=29.251Hz  target=10.715Hz  err=-18.536Hz  corr=-383.74W  u_ff=110.0W  PCAP→78W  power=78.7W
[PID] perf=29.153Hz  target=10.715Hz  err=-18.438Hz  corr=-381.92W  u_ff=110.0W  PCAP→78W  power=78.0W
[PID] perf=29.199Hz  target=10.715Hz  err=-18.483Hz  corr=-382.77W  u_ff=110.0W  PCAP→78W  power=77.3W
[PID] perf=29.217Hz  target=10.715Hz  err=-18.501Hz  corr=-383.10W  u_ff=110.0W  PCAP→78W  power=76.9W
[PID] perf=29.240Hz  target=10.715Hz  err=-18.524Hz  corr=-383.53W  u_ff=110.0W  PCAP→78W  power=78.4W
[PID] perf=29.198Hz  target=10.715Hz  err=-18.483Hz  corr=-382.76W  u_ff=110.0W  PCAP→78W  power=78.1W
[PID] perf=29.203Hz  target=10.715Hz  err=-18.487Hz  corr=-382.84W  u_ff=110.0W  PCAP→78W  power=76.7W
[PID] perf=29.223Hz  target=10.715Hz  err=-18.508Hz  corr=-383.22W  u_ff=110.0W  PCAP→78W  power=77.1W
[PID] perf=29.223Hz  target=10.715Hz  err=-18.508Hz  corr=-383.22W  u_ff=110.0W  PCAP→78W  power=78.6W
[PID] perf=29.235Hz  target=10.715Hz  err=-18.520Hz  corr=-383.45W  u_ff=110.0W  PCAP→78W  power=79.2W
[PID] perf=29.233Hz  target=10.715Hz  err=-18.518Hz  corr=-383.41W  u_ff=110.0W  PCAP→78W  power=78.8W
[PID] perf=24.637Hz  target=10.715Hz  err=-13.922Hz  corr=-298.17W  u_ff=110.0W  PCAP→78W  power=77.9W
[PID] perf=24.823Hz  target=10.715Hz  err=-14.107Hz  corr=-301.62W  u_ff=110.0W  PCAP→78W  power=78.8W
[PID] perf=26.561Hz  target=10.715Hz  err=-15.845Hz  corr=-333.85W  u_ff=110.0W  PCAP→78W  power=78.0W
[PID] perf=26.574Hz  target=10.715Hz  err=-15.859Hz  corr=-334.09W  u_ff=110.0W  PCAP→78W  power=77.2W
[PID] perf=26.544Hz  target=10.715Hz  err=-15.829Hz  corr=-333.54W  u_ff=110.0W  PCAP→78W  power=79.1W
[PID] perf=26.579Hz  target=10.715Hz  err=-15.864Hz  corr=-334.19W  u_ff=110.0W  PCAP→78W  power=78.7W
[PID] perf=26.559Hz  target=10.715Hz  err=-15.844Hz  corr=-333.81W  u_ff=110.0W  PCAP→78W  power=78.8W
[PID] perf=26.576Hz  target=10.715Hz  err=-15.861Hz  corr=-334.14W  u_ff=110.0W  PCAP→78W  power=77.3W
[PID] perf=26.543Hz  target=10.715Hz  err=-15.828Hz  corr=-333.53W  u_ff=110.0W  PCAP→78W  power=76.9W
[PID] perf=26.583Hz  target=10.715Hz  err=-15.868Hz  corr=-334.26W  u_ff=110.0W  PCAP→78W  power=77.3W
[PID] perf=26.579Hz  target=10.715Hz  err=-15.864Hz  corr=-334.19W  u_ff=110.0W  PCAP→78W  power=78.6W
[PID] perf=26.567Hz  target=10.715Hz  err=-15.852Hz  corr=-333.97W  u_ff=110.0W  PCAP→78W  power=78.5W
[PID] perf=26.572Hz  target=10.715Hz  err=-15.857Hz  corr=-334.06W  u_ff=110.0W  PCAP→78W  power=76.6W
[PID] perf=26.564Hz  target=10.715Hz  err=-15.849Hz  corr=-333.92W  u_ff=110.0W  PCAP→78W  power=77.5W
[PID] perf=26.808Hz  target=10.715Hz  err=-16.092Hz  corr=-338.43W  u_ff=110.0W  PCAP→78W  power=77.3W
[PID] perf=26.811Hz  target=10.715Hz  err=-16.096Hz  corr=-338.49W  u_ff=110.0W  PCAP→78W  power=77.9W
[PID] perf=26.811Hz  target=10.715Hz  err=-16.095Hz  corr=-338.48W  u_ff=110.0W  PCAP→78W  power=78.8W
[PID] perf=26.865Hz  target=10.715Hz  err=-16.150Hz  corr=-339.50W  u_ff=110.0W  PCAP→78W  power=78.9W
[PID] perf=26.828Hz  target=10.715Hz  err=-16.113Hz  corr=-338.81W  u_ff=110.0W  PCAP→78W  power=79.4W
[PID] perf=26.848Hz  target=10.715Hz  err=-16.133Hz  corr=-339.17W  u_ff=110.0W  PCAP→78W  power=78.6W
[PID] perf=26.837Hz  target=10.715Hz  err=-16.122Hz  corr=-338.98W  u_ff=110.0W  PCAP→78W  power=76.3W
[PID] perf=26.862Hz  target=10.715Hz  err=-16.147Hz  corr=-339.44W  u_ff=110.0W  PCAP→78W  power=77.2W
[PID] perf=26.883Hz  target=10.715Hz  err=-16.168Hz  corr=-339.83W  u_ff=110.0W  PCAP→78W  power=77.3W
[PID] perf=26.854Hz  target=10.715Hz  err=-16.139Hz  corr=-339.29W  u_ff=110.0W  PCAP→78W  power=78.7W
[PID] perf=26.896Hz  target=10.715Hz  err=-16.180Hz  corr=-340.06W  u_ff=110.0W  PCAP→78W  power=78.4W
[PID] perf=26.847Hz  target=10.715Hz  err=-16.131Hz  corr=-339.15W  u_ff=110.0W  PCAP→78W  power=78.0W
[PID] perf=26.880Hz  target=10.715Hz  err=-16.164Hz  corr=-339.76W  u_ff=110.0W  PCAP→78W  power=76.8W
[PID] perf=26.882Hz  target=10.715Hz  err=-16.167Hz  corr=-339.81W  u_ff=110.0W  PCAP→78W  power=77.4W
[PID] perf=26.886Hz  target=10.715Hz  err=-16.170Hz  corr=-339.87W  u_ff=110.0W  PCAP→78W  power=77.4W
[PID] perf=26.873Hz  target=10.715Hz  err=-16.157Hz  corr=-339.63W  u_ff=110.0W  PCAP→78W  power=79.1W
[PID] perf=26.868Hz  target=10.715Hz  err=-16.153Hz  corr=-339.55W  u_ff=110.0W  PCAP→78W  power=78.3W
[PID] perf=26.862Hz  target=10.715Hz  err=-16.147Hz  corr=-339.44W  u_ff=110.0W  PCAP→78W  power=77.5W
[PID] perf=26.874Hz  target=10.715Hz  err=-16.158Hz  corr=-339.65W  u_ff=110.0W  PCAP→78W  power=77.6W
[PID] perf=26.882Hz  target=10.715Hz  err=-16.166Hz  corr=-339.80W  u_ff=110.0W  PCAP→78W  power=78.5W
[PID] perf=26.859Hz  target=10.715Hz  err=-16.143Hz  corr=-339.37W  u_ff=110.0W  PCAP→78W  power=77.7W
[PID] perf=26.856Hz  target=10.715Hz  err=-16.140Hz  corr=-339.32W  u_ff=110.0W  PCAP→78W  power=76.3W
[PID] perf=27.418Hz  target=10.715Hz  err=-16.703Hz  corr=-349.75W  u_ff=110.0W  PCAP→78W  power=78.1W
[PID] perf=27.492Hz  target=10.715Hz  err=-16.777Hz  corr=-351.12W  u_ff=110.0W  PCAP→78W  power=79.2W
[PID] perf=27.487Hz  target=10.715Hz  err=-16.772Hz  corr=-351.03W  u_ff=110.0W  PCAP→78W  power=76.7W
[PID] perf=27.464Hz  target=10.715Hz  err=-16.749Hz  corr=-350.60W  u_ff=110.0W  PCAP→78W  power=79.1W
[PID] perf=27.473Hz  target=10.715Hz  err=-16.757Hz  corr=-350.76W  u_ff=110.0W  PCAP→78W  power=78.0W
[PID] perf=27.459Hz  target=10.715Hz  err=-16.744Hz  corr=-350.50W  u_ff=110.0W  PCAP→78W  power=79.4W
[PID] perf=27.476Hz  target=10.715Hz  err=-16.760Hz  corr=-350.82W  u_ff=110.0W  PCAP→78W  power=79.2W
[PID] perf=27.496Hz  target=10.715Hz  err=-16.781Hz  corr=-351.20W  u_ff=110.0W  PCAP→78W  power=79.4W
[PID] perf=27.504Hz  target=10.715Hz  err=-16.788Hz  corr=-351.33W  u_ff=110.0W  PCAP→78W  power=78.6W
[PID] perf=27.498Hz  target=10.715Hz  err=-16.782Hz  corr=-351.22W  u_ff=110.0W  PCAP→78W  power=79.1W
[PID] perf=27.475Hz  target=10.715Hz  err=-16.759Hz  corr=-350.79W  u_ff=110.0W  PCAP→78W  power=76.9W
[PID] perf=27.483Hz  target=10.715Hz  err=-16.768Hz  corr=-350.95W  u_ff=110.0W  PCAP→78W  power=76.9W
[PID] perf=27.457Hz  target=10.715Hz  err=-16.742Hz  corr=-350.47W  u_ff=110.0W  PCAP→78W  power=78.4W
[PID] perf=27.477Hz  target=10.715Hz  err=-16.761Hz  corr=-350.83W  u_ff=110.0W  PCAP→78W  power=77.4W
[PID] perf=27.459Hz  target=10.715Hz  err=-16.744Hz  corr=-350.50W  u_ff=110.0W  PCAP→78W  power=76.8W
[PID] perf=27.471Hz  target=10.715Hz  err=-16.755Hz  corr=-350.72W  u_ff=110.0W  PCAP→78W  power=77.8W
[PID] perf=27.480Hz  target=10.715Hz  err=-16.765Hz  corr=-350.89W  u_ff=110.0W  PCAP→78W  power=78.9W
[PID] perf=27.468Hz  target=10.715Hz  err=-16.753Hz  corr=-350.68W  u_ff=110.0W  PCAP→78W  power=79.1W
[PID] perf=27.470Hz  target=10.715Hz  err=-16.754Hz  corr=-350.70W  u_ff=110.0W  PCAP→78W  power=79.2W
[PID] perf=27.461Hz  target=10.715Hz  err=-16.746Hz  corr=-350.54W  u_ff=110.0W  PCAP→78W  power=79.3W
[PID] perf=27.474Hz  target=10.715Hz  err=-16.759Hz  corr=-350.79W  u_ff=110.0W  PCAP→78W  power=78.4W
[PID] perf=27.470Hz  target=10.715Hz  err=-16.755Hz  corr=-350.71W  u_ff=110.0W  PCAP→78W  power=77.4W
[PID] perf=27.471Hz  target=10.715Hz  err=-16.756Hz  corr=-350.73W  u_ff=110.0W  PCAP→78W  power=76.1W
[PID] perf=27.468Hz  target=10.715Hz  err=-16.753Hz  corr=-350.68W  u_ff=110.0W  PCAP→78W  power=77.1W
[PID] perf=27.503Hz  target=10.715Hz  err=-16.788Hz  corr=-351.32W  u_ff=110.0W  PCAP→78W  power=77.7W
[PID] perf=27.456Hz  target=10.715Hz  err=-16.740Hz  corr=-350.45W  u_ff=110.0W  PCAP→78W  power=77.3W
[PID] perf=27.484Hz  target=10.715Hz  err=-16.769Hz  corr=-350.97W  u_ff=110.0W  PCAP→78W  power=77.7W
[PID] perf=27.485Hz  target=10.715Hz  err=-16.769Hz  corr=-350.98W  u_ff=110.0W  PCAP→78W  power=76.8W
[PID] perf=27.464Hz  target=10.715Hz  err=-16.749Hz  corr=-350.60W  u_ff=110.0W  PCAP→78W  power=76.5W
[PID] perf=27.491Hz  target=10.715Hz  err=-16.775Hz  corr=-351.10W  u_ff=110.0W  PCAP→78W  power=76.9W
[PID] perf=27.494Hz  target=10.715Hz  err=-16.779Hz  corr=-351.16W  u_ff=110.0W  PCAP→78W  power=78.7W
[PID] perf=27.469Hz  target=10.715Hz  err=-16.753Hz  corr=-350.68W  u_ff=110.0W  PCAP→78W  power=76.9W
[PID] perf=27.470Hz  target=10.715Hz  err=-16.755Hz  corr=-350.71W  u_ff=110.0W  PCAP→78W  power=78.6W
[PID] perf=27.447Hz  target=10.715Hz  err=-16.732Hz  corr=-350.28W  u_ff=110.0W  PCAP→78W  power=76.3W
[PID] perf=27.443Hz  target=10.715Hz  err=-16.728Hz  corr=-350.21W  u_ff=110.0W  PCAP→78W  power=77.1W
[PID] perf=27.472Hz  target=10.715Hz  err=-16.756Hz  corr=-350.74W  u_ff=110.0W  PCAP→78W  power=77.9W
[PID] perf=27.477Hz  target=10.715Hz  err=-16.762Hz  corr=-350.84W  u_ff=110.0W  PCAP→78W  power=76.4W
[PID] perf=27.470Hz  target=10.715Hz  err=-16.755Hz  corr=-350.71W  u_ff=110.0W  PCAP→78W  power=78.2W
[PID] perf=27.476Hz  target=10.715Hz  err=-16.760Hz  corr=-350.81W  u_ff=110.0W  PCAP→78W  power=77.6W
[PID] perf=27.473Hz  target=10.715Hz  err=-16.758Hz  corr=-350.77W  u_ff=110.0W  PCAP→78W  power=78.0W
[PID] perf=27.472Hz  target=10.715Hz  err=-16.756Hz  corr=-350.74W  u_ff=110.0W  PCAP→78W  power=76.2W
[PID] perf=27.490Hz  target=10.715Hz  err=-16.774Hz  corr=-351.08W  u_ff=110.0W  PCAP→78W  power=78.6W
[PID] perf=27.481Hz  target=10.715Hz  err=-16.765Hz  corr=-350.91W  u_ff=110.0W  PCAP→78W  power=78.6W
[PID] perf=27.473Hz  target=10.715Hz  err=-16.757Hz  corr=-350.76W  u_ff=110.0W  PCAP→78W  power=79.1W
[PID] perf=27.490Hz  target=10.715Hz  err=-16.774Hz  corr=-351.07W  u_ff=110.0W  PCAP→78W  power=78.7W
[PID] perf=27.479Hz  target=10.715Hz  err=-16.764Hz  corr=-350.88W  u_ff=110.0W  PCAP→78W  power=78.7W
[PID] perf=27.463Hz  target=10.715Hz  err=-16.748Hz  corr=-350.59W  u_ff=110.0W  PCAP→78W  power=78.8W
[PID] perf=27.638Hz  target=10.715Hz  err=-16.922Hz  corr=-353.82W  u_ff=110.0W  PCAP→78W  power=77.4W
[PID] perf=27.746Hz  target=10.715Hz  err=-17.031Hz  corr=-355.83W  u_ff=110.0W  PCAP→78W  power=77.0W
[PID] perf=27.750Hz  target=10.715Hz  err=-17.035Hz  corr=-355.90W  u_ff=110.0W  PCAP→78W  power=77.4W
[PID] perf=27.793Hz  target=10.715Hz  err=-17.077Hz  corr=-356.70W  u_ff=110.0W  PCAP→78W  power=77.8W
[PID] perf=27.795Hz  target=10.715Hz  err=-17.080Hz  corr=-356.74W  u_ff=110.0W  PCAP→78W  power=78.3W
[PID] perf=27.701Hz  target=10.715Hz  err=-16.986Hz  corr=-354.99W  u_ff=110.0W  PCAP→78W  power=76.9W
[PID] perf=27.745Hz  target=10.715Hz  err=-17.029Hz  corr=-355.80W  u_ff=110.0W  PCAP→78W  power=77.5W
[PID] perf=27.703Hz  target=10.715Hz  err=-16.988Hz  corr=-355.03W  u_ff=110.0W  PCAP→78W  power=79.0W
[PID] perf=27.692Hz  target=10.715Hz  err=-16.976Hz  corr=-354.82W  u_ff=110.0W  PCAP→78W  power=79.2W
[PID] perf=27.751Hz  target=10.715Hz  err=-17.035Hz  corr=-355.92W  u_ff=110.0W  PCAP→78W  power=78.8W
[PID] perf=27.753Hz  target=10.715Hz  err=-17.037Hz  corr=-355.95W  u_ff=110.0W  PCAP→78W  power=79.3W
[PID] perf=27.741Hz  target=10.715Hz  err=-17.026Hz  corr=-355.74W  u_ff=110.0W  PCAP→78W  power=78.0W
[PID] perf=27.786Hz  target=10.715Hz  err=-17.071Hz  corr=-356.58W  u_ff=110.0W  PCAP→78W  power=78.1W
[PID] perf=27.772Hz  target=10.715Hz  err=-17.057Hz  corr=-356.31W  u_ff=110.0W  PCAP→78W  power=79.3W
[PID] perf=27.739Hz  target=10.715Hz  err=-17.024Hz  corr=-355.70W  u_ff=110.0W  PCAP→78W  power=77.4W
[PID] perf=27.740Hz  target=10.715Hz  err=-17.024Hz  corr=-355.71W  u_ff=110.0W  PCAP→78W  power=77.4W
[PID] perf=27.763Hz  target=10.715Hz  err=-17.048Hz  corr=-356.14W  u_ff=110.0W  PCAP→78W  power=78.0W
[PID] perf=27.784Hz  target=10.715Hz  err=-17.069Hz  corr=-356.53W  u_ff=110.0W  PCAP→78W  power=78.1W
[PID] perf=27.745Hz  target=10.715Hz  err=-17.029Hz  corr=-355.80W  u_ff=110.0W  PCAP→78W  power=79.1W
[PID] perf=27.718Hz  target=10.715Hz  err=-17.002Hz  corr=-355.30W  u_ff=110.0W  PCAP→78W  power=78.2W
[PID] perf=27.000Hz  target=10.715Hz  err=-16.285Hz  corr=-342.00W  u_ff=110.0W  PCAP→78W  power=76.5W
[PID] perf=27.043Hz  target=10.715Hz  err=-16.328Hz  corr=-342.80W  u_ff=110.0W  PCAP→78W  power=77.4W
[PID] perf=27.045Hz  target=10.715Hz  err=-16.329Hz  corr=-342.82W  u_ff=110.0W  PCAP→78W  power=78.2W
[PID] perf=27.055Hz  target=10.715Hz  err=-16.339Hz  corr=-343.01W  u_ff=110.0W  PCAP→78W  power=77.3W
[PID] perf=27.026Hz  target=10.715Hz  err=-16.311Hz  corr=-342.47W  u_ff=110.0W  PCAP→78W  power=78.1W
[PID] perf=27.058Hz  target=10.715Hz  err=-16.343Hz  corr=-343.07W  u_ff=110.0W  PCAP→78W  power=78.2W
[PID] perf=27.063Hz  target=10.715Hz  err=-16.348Hz  corr=-343.17W  u_ff=110.0W  PCAP→78W  power=77.7W
[PID] perf=27.023Hz  target=10.715Hz  err=-16.308Hz  corr=-342.42W  u_ff=110.0W  PCAP→78W  power=77.5W
[PID] perf=27.027Hz  target=10.715Hz  err=-16.312Hz  corr=-342.50W  u_ff=110.0W  PCAP→78W  power=78.5W
[PID] perf=27.024Hz  target=10.715Hz  err=-16.309Hz  corr=-342.44W  u_ff=110.0W  PCAP→78W  power=76.4W
[PID] perf=27.041Hz  target=10.715Hz  err=-16.325Hz  corr=-342.75W  u_ff=110.0W  PCAP→78W  power=78.0W
[PID] perf=27.034Hz  target=10.715Hz  err=-16.318Hz  corr=-342.62W  u_ff=110.0W  PCAP→78W  power=78.3W
[PID] perf=27.054Hz  target=10.715Hz  err=-16.338Hz  corr=-342.99W  u_ff=110.0W  PCAP→78W  power=78.8W
[PID] perf=27.073Hz  target=10.715Hz  err=-16.357Hz  corr=-343.34W  u_ff=110.0W  PCAP→78W  power=78.2W
[PID] perf=27.055Hz  target=10.715Hz  err=-16.339Hz  corr=-343.00W  u_ff=110.0W  PCAP→78W  power=78.5W
[PID] perf=27.075Hz  target=10.715Hz  err=-16.360Hz  corr=-343.38W  u_ff=110.0W  PCAP→78W  power=78.6W
[PID] perf=27.061Hz  target=10.715Hz  err=-16.346Hz  corr=-343.12W  u_ff=110.0W  PCAP→78W  power=78.9W
[PID] perf=27.078Hz  target=10.715Hz  err=-16.363Hz  corr=-343.44W  u_ff=110.0W  PCAP→78W  power=78.8W
[PID] perf=27.066Hz  target=10.715Hz  err=-16.351Hz  corr=-343.22W  u_ff=110.0W  PCAP→78W  power=77.0W
[PID] perf=27.048Hz  target=10.715Hz  err=-16.332Hz  corr=-342.88W  u_ff=110.0W  PCAP→78W  power=77.2W
[PID] perf=27.076Hz  target=10.715Hz  err=-16.361Hz  corr=-343.40W  u_ff=110.0W  PCAP→78W  power=79.1W
[PID] perf=27.087Hz  target=10.715Hz  err=-16.372Hz  corr=-343.61W  u_ff=110.0W  PCAP→78W  power=76.8W
[PID] perf=27.075Hz  target=10.715Hz  err=-16.360Hz  corr=-343.39W  u_ff=110.0W  PCAP→78W  power=77.4W
[PID] perf=27.094Hz  target=10.715Hz  err=-16.378Hz  corr=-343.73W  u_ff=110.0W  PCAP→78W  power=78.8W
[PID] perf=27.074Hz  target=10.715Hz  err=-16.359Hz  corr=-343.37W  u_ff=110.0W  PCAP→78W  power=76.3W
[PID] perf=27.055Hz  target=10.715Hz  err=-16.339Hz  corr=-343.01W  u_ff=110.0W  PCAP→78W  power=76.4W
[PID] perf=27.085Hz  target=10.715Hz  err=-16.369Hz  corr=-343.57W  u_ff=110.0W  PCAP→78W  power=77.1W
[PID] perf=27.092Hz  target=10.715Hz  err=-16.377Hz  corr=-343.70W  u_ff=110.0W  PCAP→78W  power=77.7W
[PID] perf=27.086Hz  target=10.715Hz  err=-16.370Hz  corr=-343.58W  u_ff=110.0W  PCAP→78W  power=78.6W
[PID] perf=27.066Hz  target=10.715Hz  err=-16.351Hz  corr=-343.22W  u_ff=110.0W  PCAP→78W  power=79.4W
[PID] perf=27.096Hz  target=10.715Hz  err=-16.380Hz  corr=-343.77W  u_ff=110.0W  PCAP→78W  power=78.7W
[PID] perf=27.065Hz  target=10.715Hz  err=-16.349Hz  corr=-343.19W  u_ff=110.0W  PCAP→78W  power=79.2W
[PID] perf=27.065Hz  target=10.715Hz  err=-16.349Hz  corr=-343.19W  u_ff=110.0W  PCAP→78W  power=79.2W
[PID] perf=27.069Hz  target=10.715Hz  err=-16.353Hz  corr=-343.27W  u_ff=110.0W  PCAP→78W  power=77.6W
[PID] perf=27.082Hz  target=10.715Hz  err=-16.367Hz  corr=-343.51W  u_ff=110.0W  PCAP→78W  power=77.1W
[PID] perf=27.109Hz  target=10.715Hz  err=-16.394Hz  corr=-344.01W  u_ff=110.0W  PCAP→78W  power=77.4W
[PID] perf=27.064Hz  target=10.715Hz  err=-16.349Hz  corr=-343.18W  u_ff=110.0W  PCAP→78W  power=76.7W
[PID] perf=27.069Hz  target=10.715Hz  err=-16.353Hz  corr=-343.27W  u_ff=110.0W  PCAP→78W  power=79.0W
[PID] perf=27.041Hz  target=10.715Hz  err=-16.326Hz  corr=-342.76W  u_ff=110.0W  PCAP→78W  power=77.1W
[PID] perf=27.094Hz  target=10.715Hz  err=-16.379Hz  corr=-343.74W  u_ff=110.0W  PCAP→78W  power=78.0W
[PID] perf=27.091Hz  target=10.715Hz  err=-16.376Hz  corr=-343.69W  u_ff=110.0W  PCAP→78W  power=77.8W
[PID] perf=27.051Hz  target=10.715Hz  err=-16.336Hz  corr=-342.95W  u_ff=110.0W  PCAP→78W  power=78.9W
[PID] perf=27.098Hz  target=10.715Hz  err=-16.383Hz  corr=-343.81W  u_ff=110.0W  PCAP→78W  power=77.9W
[PID] perf=27.082Hz  target=10.715Hz  err=-16.366Hz  corr=-343.51W  u_ff=110.0W  PCAP→78W  power=78.8W
[PID] perf=27.085Hz  target=10.715Hz  err=-16.369Hz  corr=-343.56W  u_ff=110.0W  PCAP→78W  power=78.8W
[PID] perf=27.054Hz  target=10.715Hz  err=-16.339Hz  corr=-343.00W  u_ff=110.0W  PCAP→78W  power=77.4W
[PID] perf=27.074Hz  target=10.715Hz  err=-16.359Hz  corr=-343.36W  u_ff=110.0W  PCAP→78W  power=78.0W
[PID] perf=27.081Hz  target=10.715Hz  err=-16.365Hz  corr=-343.49W  u_ff=110.0W  PCAP→78W  power=78.1W
[PID] perf=27.092Hz  target=10.715Hz  err=-16.377Hz  corr=-343.70W  u_ff=110.0W  PCAP→78W  power=78.8W
[PID] perf=27.101Hz  target=10.715Hz  err=-16.385Hz  corr=-343.86W  u_ff=110.0W  PCAP→78W  power=78.6W
[PID] perf=27.064Hz  target=10.715Hz  err=-16.348Hz  corr=-343.18W  u_ff=110.0W  PCAP→78W  power=78.6W
[PID] perf=27.078Hz  target=10.715Hz  err=-16.362Hz  corr=-343.44W  u_ff=110.0W  PCAP→78W  power=78.0W
[PID] perf=27.084Hz  target=10.715Hz  err=-16.369Hz  corr=-343.55W  u_ff=110.0W  PCAP→78W  power=78.2W
[PID] perf=27.051Hz  target=10.715Hz  err=-16.336Hz  corr=-342.95W  u_ff=110.0W  PCAP→78W  power=77.8W
[PID] perf=27.098Hz  target=10.715Hz  err=-16.383Hz  corr=-343.82W  u_ff=110.0W  PCAP→78W  power=77.5W
[PID] perf=27.090Hz  target=10.715Hz  err=-16.375Hz  corr=-343.67W  u_ff=110.0W  PCAP→78W  power=78.8W
[PID] perf=27.079Hz  target=10.715Hz  err=-16.363Hz  corr=-343.45W  u_ff=110.0W  PCAP→78W  power=78.7W
[PID] perf=27.083Hz  target=10.715Hz  err=-16.368Hz  corr=-343.54W  u_ff=110.0W  PCAP→78W  power=79.2W
[PID] perf=27.081Hz  target=10.715Hz  err=-16.365Hz  corr=-343.49W  u_ff=110.0W  PCAP→78W  power=79.6W
[PID] perf=27.063Hz  target=10.715Hz  err=-16.347Hz  corr=-343.16W  u_ff=110.0W  PCAP→78W  power=78.8W
[PID] perf=27.066Hz  target=10.715Hz  err=-16.351Hz  corr=-343.22W  u_ff=110.0W  PCAP→78W  power=77.8W
[PID] perf=27.073Hz  target=10.715Hz  err=-16.357Hz  corr=-343.34W  u_ff=110.0W  PCAP→78W  power=77.5W
[PID] perf=27.055Hz  target=10.715Hz  err=-16.340Hz  corr=-343.02W  u_ff=110.0W  PCAP→78W  power=76.5W
[PID] perf=27.073Hz  target=10.715Hz  err=-16.358Hz  corr=-343.34W  u_ff=110.0W  PCAP→78W  power=77.1W
[PID] perf=27.098Hz  target=10.715Hz  err=-16.383Hz  corr=-343.82W  u_ff=110.0W  PCAP→78W  power=76.1W
[PID] perf=27.104Hz  target=10.715Hz  err=-16.388Hz  corr=-343.91W  u_ff=110.0W  PCAP→78W  power=77.5W
[PID] perf=27.090Hz  target=10.715Hz  err=-16.375Hz  corr=-343.67W  u_ff=110.0W  PCAP→78W  power=76.9W
[PID] perf=27.064Hz  target=10.715Hz  err=-16.349Hz  corr=-343.18W  u_ff=110.0W  PCAP→78W  power=78.6W
[PID] perf=27.092Hz  target=10.715Hz  err=-16.377Hz  corr=-343.70W  u_ff=110.0W  PCAP→78W  power=77.1W
[PID] perf=27.100Hz  target=10.715Hz  err=-16.384Hz  corr=-343.84W  u_ff=110.0W  PCAP→78W  power=77.5W
[PID] perf=27.130Hz  target=10.715Hz  err=-16.414Hz  corr=-344.40W  u_ff=110.0W  PCAP→78W  power=76.6W
[PID] perf=27.127Hz  target=10.715Hz  err=-16.411Hz  corr=-344.34W  u_ff=110.0W  PCAP→78W  power=77.3W
[PID] perf=27.137Hz  target=10.715Hz  err=-16.422Hz  corr=-344.54W  u_ff=110.0W  PCAP→78W  power=78.5W
[PID] perf=27.107Hz  target=10.715Hz  err=-16.392Hz  corr=-343.99W  u_ff=110.0W  PCAP→78W  power=76.5W
[PID] perf=27.115Hz  target=10.715Hz  err=-16.400Hz  corr=-344.13W  u_ff=110.0W  PCAP→78W  power=77.8W
[PID] perf=27.127Hz  target=10.715Hz  err=-16.412Hz  corr=-344.35W  u_ff=110.0W  PCAP→78W  power=76.5W
[PID] perf=27.140Hz  target=10.715Hz  err=-16.424Hz  corr=-344.58W  u_ff=110.0W  PCAP→78W  power=79.2W
[PID] perf=27.097Hz  target=10.715Hz  err=-16.382Hz  corr=-343.79W  u_ff=110.0W  PCAP→78W  power=79.6W
[PID] perf=27.091Hz  target=10.715Hz  err=-16.375Hz  corr=-343.68W  u_ff=110.0W  PCAP→78W  power=78.8W
[PID] perf=27.093Hz  target=10.715Hz  err=-16.378Hz  corr=-343.72W  u_ff=110.0W  PCAP→78W  power=77.9W
[PID] perf=27.108Hz  target=10.715Hz  err=-16.393Hz  corr=-344.00W  u_ff=110.0W  PCAP→78W  power=78.5W
[PID] perf=27.126Hz  target=10.715Hz  err=-16.411Hz  corr=-344.33W  u_ff=110.0W  PCAP→78W  power=77.2W
[PID] perf=27.099Hz  target=10.715Hz  err=-16.383Hz  corr=-343.83W  u_ff=110.0W  PCAP→78W  power=78.3W
[PID] perf=27.096Hz  target=10.715Hz  err=-16.381Hz  corr=-343.78W  u_ff=110.0W  PCAP→78W  power=76.1W
[PID] perf=27.094Hz  target=10.715Hz  err=-16.378Hz  corr=-343.73W  u_ff=110.0W  PCAP→78W  power=76.1W
[PID] perf=27.064Hz  target=10.715Hz  err=-16.349Hz  corr=-343.19W  u_ff=110.0W  PCAP→78W  power=76.0W
[PID] perf=27.079Hz  target=10.715Hz  err=-16.363Hz  corr=-343.45W  u_ff=110.0W  PCAP→78W  power=76.2W
[PID] perf=27.031Hz  target=10.715Hz  err=-16.315Hz  corr=-342.56W  u_ff=110.0W  PCAP→78W  power=76.7W
[PID] perf=27.040Hz  target=10.715Hz  err=-16.324Hz  corr=-342.73W  u_ff=110.0W  PCAP→78W  power=77.1W
[PID] perf=27.075Hz  target=10.715Hz  err=-16.360Hz  corr=-343.39W  u_ff=110.0W  PCAP→78W  power=77.6W
[PID] perf=27.041Hz  target=10.715Hz  err=-16.326Hz  corr=-342.76W  u_ff=110.0W  PCAP→78W  power=78.8W
[PID] perf=27.020Hz  target=10.715Hz  err=-16.304Hz  corr=-342.36W  u_ff=110.0W  PCAP→78W  power=78.6W
[PID] perf=27.056Hz  target=10.715Hz  err=-16.341Hz  corr=-343.03W  u_ff=110.0W  PCAP→78W  power=78.9W
[PID] perf=27.072Hz  target=10.715Hz  err=-16.357Hz  corr=-343.34W  u_ff=110.0W  PCAP→78W  power=79.1W
[PID] perf=27.046Hz  target=10.715Hz  err=-16.331Hz  corr=-342.85W  u_ff=110.0W  PCAP→78W  power=78.6W
[PID] perf=27.021Hz  target=10.715Hz  err=-16.305Hz  corr=-342.38W  u_ff=110.0W  PCAP→78W  power=79.0W
[PID] perf=27.021Hz  target=10.715Hz  err=-16.306Hz  corr=-342.39W  u_ff=110.0W  PCAP→78W  power=79.3W
[PID] perf=27.042Hz  target=10.715Hz  err=-16.326Hz  corr=-342.77W  u_ff=110.0W  PCAP→78W  power=77.2W
[PID] perf=27.036Hz  target=10.715Hz  err=-16.321Hz  corr=-342.67W  u_ff=110.0W  PCAP→78W  power=77.6W
[PID] perf=27.034Hz  target=10.715Hz  err=-16.319Hz  corr=-342.62W  u_ff=110.0W  PCAP→78W  power=78.8W
[PID] perf=27.077Hz  target=10.715Hz  err=-16.362Hz  corr=-343.43W  u_ff=110.0W  PCAP→78W  power=78.8W
[PID] perf=27.074Hz  target=10.715Hz  err=-16.359Hz  corr=-343.37W  u_ff=110.0W  PCAP→78W  power=76.3W
[PID] perf=27.061Hz  target=10.715Hz  err=-16.345Hz  corr=-343.12W  u_ff=110.0W  PCAP→78W  power=76.3W
[PID] perf=27.073Hz  target=10.715Hz  err=-16.357Hz  corr=-343.34W  u_ff=110.0W  PCAP→78W  power=76.6W
[PID] perf=27.073Hz  target=10.715Hz  err=-16.358Hz  corr=-343.36W  u_ff=110.0W  PCAP→78W  power=77.7W
[PID] perf=27.088Hz  target=10.715Hz  err=-16.373Hz  corr=-343.63W  u_ff=110.0W  PCAP→78W  power=77.9W
[PID] perf=27.057Hz  target=10.715Hz  err=-16.341Hz  corr=-343.05W  u_ff=110.0W  PCAP→78W  power=78.0W
[PID] perf=27.067Hz  target=10.715Hz  err=-16.352Hz  corr=-343.24W  u_ff=110.0W  PCAP→78W  power=76.7W
[PID] perf=27.056Hz  target=10.715Hz  err=-16.341Hz  corr=-343.03W  u_ff=110.0W  PCAP→78W  power=78.9W
[PID] perf=27.061Hz  target=10.715Hz  err=-16.346Hz  corr=-343.13W  u_ff=110.0W  PCAP→78W  power=77.2W
[PID] perf=27.073Hz  target=10.715Hz  err=-16.358Hz  corr=-343.35W  u_ff=110.0W  PCAP→78W  power=77.1W
[PID] perf=27.048Hz  target=10.715Hz  err=-16.333Hz  corr=-342.89W  u_ff=110.0W  PCAP→78W  power=78.7W
[PID] perf=27.065Hz  target=10.715Hz  err=-16.349Hz  corr=-343.19W  u_ff=110.0W  PCAP→78W  power=79.0W
[PID] perf=27.073Hz  target=10.715Hz  err=-16.357Hz  corr=-343.34W  u_ff=110.0W  PCAP→78W  power=79.0W
[PID] perf=27.047Hz  target=10.715Hz  err=-16.332Hz  corr=-342.87W  u_ff=110.0W  PCAP→78W  power=78.8W
[PID] perf=27.070Hz  target=10.715Hz  err=-16.355Hz  corr=-343.29W  u_ff=110.0W  PCAP→78W  power=77.3W
[PID] perf=27.055Hz  target=10.715Hz  err=-16.340Hz  corr=-343.02W  u_ff=110.0W  PCAP→78W  power=76.3W
[PID] perf=27.044Hz  target=10.715Hz  err=-16.329Hz  corr=-342.82W  u_ff=110.0W  PCAP→78W  power=77.3W
[PID] perf=27.057Hz  target=10.715Hz  err=-16.342Hz  corr=-343.05W  u_ff=110.0W  PCAP→78W  power=77.7W
[PID] perf=26.990Hz  target=10.715Hz  err=-16.274Hz  corr=-341.80W  u_ff=110.0W  PCAP→78W  power=78.9W
[PID] perf=27.016Hz  target=10.715Hz  err=-16.301Hz  corr=-342.29W  u_ff=110.0W  PCAP→78W  power=78.7W
[PID] perf=27.036Hz  target=10.715Hz  err=-16.321Hz  corr=-342.66W  u_ff=110.0W  PCAP→78W  power=78.8W
[PID] perf=27.022Hz  target=10.715Hz  err=-16.306Hz  corr=-342.40W  u_ff=110.0W  PCAP→78W  power=76.4W
[PID] perf=27.008Hz  target=10.715Hz  err=-16.293Hz  corr=-342.14W  u_ff=110.0W  PCAP→78W  power=78.6W
[PID] perf=27.050Hz  target=10.715Hz  err=-16.335Hz  corr=-342.92W  u_ff=110.0W  PCAP→78W  power=78.1W
[PID] perf=26.993Hz  target=10.715Hz  err=-16.277Hz  corr=-341.85W  u_ff=110.0W  PCAP→78W  power=78.5W
[PID] perf=27.039Hz  target=10.715Hz  err=-16.323Hz  corr=-342.71W  u_ff=110.0W  PCAP→78W  power=78.3W
[PID] perf=27.029Hz  target=10.715Hz  err=-16.313Hz  corr=-342.53W  u_ff=110.0W  PCAP→78W  power=78.8W
[PID] perf=27.017Hz  target=10.715Hz  err=-16.302Hz  corr=-342.31W  u_ff=110.0W  PCAP→78W  power=78.4W
[PID] perf=26.961Hz  target=10.715Hz  err=-16.246Hz  corr=-341.27W  u_ff=110.0W  PCAP→78W  power=77.0W
[PID] perf=27.030Hz  target=10.715Hz  err=-16.315Hz  corr=-342.55W  u_ff=110.0W  PCAP→78W  power=78.6W
[PID] perf=27.027Hz  target=10.715Hz  err=-16.312Hz  corr=-342.50W  u_ff=110.0W  PCAP→78W  power=79.1W
[PID] perf=27.015Hz  target=10.715Hz  err=-16.300Hz  corr=-342.27W  u_ff=110.0W  PCAP→78W  power=78.8W
[PID] perf=27.023Hz  target=10.715Hz  err=-16.308Hz  corr=-342.42W  u_ff=110.0W  PCAP→78W  power=79.1W
[PID] perf=27.000Hz  target=10.715Hz  err=-16.285Hz  corr=-342.00W  u_ff=110.0W  PCAP→78W  power=78.3W
[PID] perf=26.986Hz  target=10.715Hz  err=-16.270Hz  corr=-341.73W  u_ff=110.0W  PCAP→78W  power=78.9W
[PID] perf=27.013Hz  target=10.715Hz  err=-16.298Hz  corr=-342.24W  u_ff=110.0W  PCAP→78W  power=77.5W
[PID] perf=27.028Hz  target=10.715Hz  err=-16.312Hz  corr=-342.51W  u_ff=110.0W  PCAP→78W  power=78.6W
[PID] perf=27.037Hz  target=10.715Hz  err=-16.321Hz  corr=-342.67W  u_ff=110.0W  PCAP→78W  power=79.0W
[PID] perf=26.975Hz  target=10.715Hz  err=-16.259Hz  corr=-341.52W  u_ff=110.0W  PCAP→78W  power=78.1W
Process completed.
Compressed into /home/cc/summer2024/main_codes/pid_controller/../experiment_data/PID_Control_sweep/ones-npb-cg/compressed_iteration_20260513_121320.tar
----------------------------------

>>> Step 2/3

[ones-npb-cg]
  target perf      : 10.7154 Hz
  coefficients_perf: [-0.0006547837485238978, 0.18607436314256556, -1.8317688501798497]
  feedforward PCAP : 110.04 W  →  112 W (snapped)
  Perf(u_ff) check : 10.7154 Hz  (should ≈ target)
  PID gains        : Kp=18.5447 W/Hz  Ki=1.85447 W/(Hz·s)  Kd=0.0000
[PID] Awaiting data — feedforward PCAP=112W
[PID] Awaiting data — feedforward PCAP=112W
[PID] Awaiting data — feedforward PCAP=112W
[PID] Awaiting data — feedforward PCAP=112W
[PID] Awaiting data — feedforward PCAP=112W
[PID] Awaiting data — feedforward PCAP=112W
[PID] perf=20.321Hz  target=10.715Hz  err=-9.605Hz  corr=-213.75W  u_ff=110.0W  PCAP→78W  power=nanW
[PID] perf=18.090Hz  target=10.715Hz  err=-7.375Hz  corr=-176.76W  u_ff=110.0W  PCAP→78W  power=77.3W
[PID] perf=18.129Hz  target=10.715Hz  err=-7.413Hz  corr=-177.48W  u_ff=110.0W  PCAP→78W  power=78.1W
[PID] perf=18.116Hz  target=10.715Hz  err=-7.400Hz  corr=-177.23W  u_ff=110.0W  PCAP→78W  power=78.5W
[PID] perf=18.148Hz  target=10.715Hz  err=-7.433Hz  corr=-177.84W  u_ff=110.0W  PCAP→78W  power=78.8W
[PID] perf=18.169Hz  target=10.715Hz  err=-7.454Hz  corr=-178.23W  u_ff=110.0W  PCAP→78W  power=79.0W
[PID] perf=18.158Hz  target=10.715Hz  err=-7.442Hz  corr=-178.02W  u_ff=110.0W  PCAP→78W  power=78.1W
[PID] perf=18.152Hz  target=10.715Hz  err=-7.436Hz  corr=-177.90W  u_ff=110.0W  PCAP→78W  power=78.9W
[PID] perf=18.172Hz  target=10.715Hz  err=-7.457Hz  corr=-178.29W  u_ff=110.0W  PCAP→78W  power=77.1W
[PID] perf=29.381Hz  target=10.715Hz  err=-18.665Hz  corr=-386.15W  u_ff=110.0W  PCAP→78W  power=77.9W
[PID] perf=29.381Hz  target=10.715Hz  err=-18.666Hz  corr=-386.15W  u_ff=110.0W  PCAP→78W  power=79.1W
[PID] perf=29.446Hz  target=10.715Hz  err=-18.731Hz  corr=-387.36W  u_ff=110.0W  PCAP→78W  power=77.1W
[PID] perf=29.423Hz  target=10.715Hz  err=-18.708Hz  corr=-386.92W  u_ff=110.0W  PCAP→78W  power=77.0W
[PID] perf=29.440Hz  target=10.715Hz  err=-18.724Hz  corr=-387.23W  u_ff=110.0W  PCAP→78W  power=77.1W
[PID] perf=29.429Hz  target=10.715Hz  err=-18.713Hz  corr=-387.03W  u_ff=110.0W  PCAP→78W  power=78.1W
[PID] perf=29.458Hz  target=10.715Hz  err=-18.743Hz  corr=-387.58W  u_ff=110.0W  PCAP→78W  power=77.2W
[PID] perf=29.429Hz  target=10.715Hz  err=-18.713Hz  corr=-387.03W  u_ff=110.0W  PCAP→78W  power=76.6W
[PID] perf=29.454Hz  target=10.715Hz  err=-18.739Hz  corr=-387.51W  u_ff=110.0W  PCAP→78W  power=77.0W
[PID] perf=29.455Hz  target=10.715Hz  err=-18.739Hz  corr=-387.51W  u_ff=110.0W  PCAP→78W  power=77.1W
[PID] perf=29.420Hz  target=10.715Hz  err=-18.705Hz  corr=-386.88W  u_ff=110.0W  PCAP→78W  power=78.8W
[PID] perf=29.433Hz  target=10.715Hz  err=-18.718Hz  corr=-387.12W  u_ff=110.0W  PCAP→78W  power=78.1W
[PID] perf=29.434Hz  target=10.715Hz  err=-18.719Hz  corr=-387.13W  u_ff=110.0W  PCAP→78W  power=77.2W
[PID] perf=29.432Hz  target=10.715Hz  err=-18.717Hz  corr=-387.10W  u_ff=110.0W  PCAP→78W  power=78.8W
[PID] perf=29.469Hz  target=10.715Hz  err=-18.753Hz  corr=-387.78W  u_ff=110.0W  PCAP→78W  power=77.3W
[PID] perf=29.437Hz  target=10.715Hz  err=-18.722Hz  corr=-387.19W  u_ff=110.0W  PCAP→78W  power=77.4W
[PID] perf=29.473Hz  target=10.715Hz  err=-18.757Hz  corr=-387.85W  u_ff=110.0W  PCAP→78W  power=78.7W
[PID] perf=29.465Hz  target=10.715Hz  err=-18.749Hz  corr=-387.70W  u_ff=110.0W  PCAP→78W  power=77.0W
[PID] perf=29.405Hz  target=10.715Hz  err=-18.690Hz  corr=-386.59W  u_ff=110.0W  PCAP→78W  power=76.2W
[PID] perf=29.461Hz  target=10.715Hz  err=-18.746Hz  corr=-387.64W  u_ff=110.0W  PCAP→78W  power=79.4W
[PID] perf=29.438Hz  target=10.715Hz  err=-18.722Hz  corr=-387.20W  u_ff=110.0W  PCAP→78W  power=77.1W
[PID] perf=29.425Hz  target=10.715Hz  err=-18.710Hz  corr=-386.96W  u_ff=110.0W  PCAP→78W  power=76.7W
[PID] perf=29.413Hz  target=10.715Hz  err=-18.698Hz  corr=-386.75W  u_ff=110.0W  PCAP→78W  power=79.3W
[PID] perf=29.441Hz  target=10.715Hz  err=-18.726Hz  corr=-387.26W  u_ff=110.0W  PCAP→78W  power=77.2W
[PID] perf=29.418Hz  target=10.715Hz  err=-18.703Hz  corr=-386.84W  u_ff=110.0W  PCAP→78W  power=79.3W
[PID] perf=29.426Hz  target=10.715Hz  err=-18.711Hz  corr=-386.99W  u_ff=110.0W  PCAP→78W  power=79.1W
[PID] perf=29.449Hz  target=10.715Hz  err=-18.733Hz  corr=-387.40W  u_ff=110.0W  PCAP→78W  power=77.0W
[PID] perf=29.457Hz  target=10.715Hz  err=-18.741Hz  corr=-387.55W  u_ff=110.0W  PCAP→78W  power=77.2W
[PID] perf=29.448Hz  target=10.715Hz  err=-18.733Hz  corr=-387.40W  u_ff=110.0W  PCAP→78W  power=78.5W
[PID] perf=29.373Hz  target=10.715Hz  err=-18.658Hz  corr=-386.01W  u_ff=110.0W  PCAP→78W  power=78.9W
[PID] perf=29.437Hz  target=10.715Hz  err=-18.722Hz  corr=-387.19W  u_ff=110.0W  PCAP→78W  power=78.8W
[PID] perf=29.393Hz  target=10.715Hz  err=-18.678Hz  corr=-386.38W  u_ff=110.0W  PCAP→78W  power=77.6W
[PID] perf=29.409Hz  target=10.715Hz  err=-18.693Hz  corr=-386.66W  u_ff=110.0W  PCAP→78W  power=79.2W
[PID] perf=29.429Hz  target=10.715Hz  err=-18.713Hz  corr=-387.03W  u_ff=110.0W  PCAP→78W  power=77.6W
[PID] perf=29.427Hz  target=10.715Hz  err=-18.712Hz  corr=-387.01W  u_ff=110.0W  PCAP→78W  power=77.0W
[PID] perf=29.395Hz  target=10.715Hz  err=-18.680Hz  corr=-386.41W  u_ff=110.0W  PCAP→78W  power=78.1W
[PID] perf=29.431Hz  target=10.715Hz  err=-18.715Hz  corr=-387.07W  u_ff=110.0W  PCAP→78W  power=78.5W
[PID] perf=29.458Hz  target=10.715Hz  err=-18.743Hz  corr=-387.58W  u_ff=110.0W  PCAP→78W  power=77.1W
[PID] perf=29.424Hz  target=10.715Hz  err=-18.708Hz  corr=-386.94W  u_ff=110.0W  PCAP→78W  power=76.7W
[PID] perf=29.399Hz  target=10.715Hz  err=-18.684Hz  corr=-386.49W  u_ff=110.0W  PCAP→78W  power=79.3W
[PID] perf=29.396Hz  target=10.715Hz  err=-18.680Hz  corr=-386.42W  u_ff=110.0W  PCAP→78W  power=77.2W
[PID] perf=29.379Hz  target=10.715Hz  err=-18.663Hz  corr=-386.11W  u_ff=110.0W  PCAP→78W  power=79.1W
[PID] perf=29.206Hz  target=10.715Hz  err=-18.490Hz  corr=-382.90W  u_ff=110.0W  PCAP→78W  power=78.4W
[PID] perf=27.328Hz  target=10.715Hz  err=-16.612Hz  corr=-348.07W  u_ff=110.0W  PCAP→78W  power=78.4W
[PID] perf=29.221Hz  target=10.715Hz  err=-18.506Hz  corr=-383.18W  u_ff=110.0W  PCAP→78W  power=79.8W
[PID] perf=29.207Hz  target=10.715Hz  err=-18.491Hz  corr=-382.91W  u_ff=110.0W  PCAP→78W  power=77.8W
[PID] perf=29.233Hz  target=10.715Hz  err=-18.517Hz  corr=-383.40W  u_ff=110.0W  PCAP→78W  power=78.5W
[PID] perf=29.243Hz  target=10.715Hz  err=-18.528Hz  corr=-383.59W  u_ff=110.0W  PCAP→78W  power=76.8W
[PID] perf=29.236Hz  target=10.715Hz  err=-18.520Hz  corr=-383.46W  u_ff=110.0W  PCAP→78W  power=78.7W
[PID] perf=29.289Hz  target=10.715Hz  err=-18.573Hz  corr=-384.44W  u_ff=110.0W  PCAP→78W  power=79.6W
[PID] perf=29.278Hz  target=10.715Hz  err=-18.563Hz  corr=-384.25W  u_ff=110.0W  PCAP→78W  power=77.9W
[PID] perf=29.265Hz  target=10.715Hz  err=-18.549Hz  corr=-383.99W  u_ff=110.0W  PCAP→78W  power=77.2W
[PID] perf=29.245Hz  target=10.715Hz  err=-18.530Hz  corr=-383.63W  u_ff=110.0W  PCAP→78W  power=76.5W
[PID] perf=29.253Hz  target=10.715Hz  err=-18.538Hz  corr=-383.78W  u_ff=110.0W  PCAP→78W  power=77.9W
[PID] perf=29.264Hz  target=10.715Hz  err=-18.548Hz  corr=-383.97W  u_ff=110.0W  PCAP→78W  power=77.3W
[PID] perf=29.235Hz  target=10.715Hz  err=-18.520Hz  corr=-383.45W  u_ff=110.0W  PCAP→78W  power=77.0W
[PID] perf=29.233Hz  target=10.715Hz  err=-18.518Hz  corr=-383.41W  u_ff=110.0W  PCAP→78W  power=78.4W
[PID] perf=29.274Hz  target=10.715Hz  err=-18.559Hz  corr=-384.17W  u_ff=110.0W  PCAP→78W  power=76.3W
[PID] perf=29.262Hz  target=10.715Hz  err=-18.547Hz  corr=-383.94W  u_ff=110.0W  PCAP→78W  power=78.6W
[PID] perf=29.248Hz  target=10.715Hz  err=-18.533Hz  corr=-383.68W  u_ff=110.0W  PCAP→78W  power=77.2W
[PID] perf=29.238Hz  target=10.715Hz  err=-18.522Hz  corr=-383.49W  u_ff=110.0W  PCAP→78W  power=77.0W
[PID] perf=29.274Hz  target=10.715Hz  err=-18.559Hz  corr=-384.16W  u_ff=110.0W  PCAP→78W  power=79.0W
[PID] perf=29.254Hz  target=10.715Hz  err=-18.538Hz  corr=-383.79W  u_ff=110.0W  PCAP→78W  power=78.9W
[PID] perf=29.238Hz  target=10.715Hz  err=-18.523Hz  corr=-383.49W  u_ff=110.0W  PCAP→78W  power=76.1W
[PID] perf=29.242Hz  target=10.715Hz  err=-18.526Hz  corr=-383.57W  u_ff=110.0W  PCAP→78W  power=79.0W
[PID] perf=29.252Hz  target=10.715Hz  err=-18.537Hz  corr=-383.76W  u_ff=110.0W  PCAP→78W  power=78.5W
[PID] perf=29.257Hz  target=10.715Hz  err=-18.542Hz  corr=-383.86W  u_ff=110.0W  PCAP→78W  power=76.7W
[PID] perf=29.234Hz  target=10.715Hz  err=-18.519Hz  corr=-383.43W  u_ff=110.0W  PCAP→78W  power=76.9W
[PID] perf=29.251Hz  target=10.715Hz  err=-18.536Hz  corr=-383.74W  u_ff=110.0W  PCAP→78W  power=78.8W
[PID] perf=29.240Hz  target=10.715Hz  err=-18.525Hz  corr=-383.53W  u_ff=110.0W  PCAP→78W  power=78.3W
[PID] perf=29.229Hz  target=10.715Hz  err=-18.514Hz  corr=-383.33W  u_ff=110.0W  PCAP→78W  power=77.5W
[PID] perf=29.259Hz  target=10.715Hz  err=-18.543Hz  corr=-383.88W  u_ff=110.0W  PCAP→78W  power=77.1W
[PID] perf=29.275Hz  target=10.715Hz  err=-18.560Hz  corr=-384.19W  u_ff=110.0W  PCAP→78W  power=77.3W
[PID] perf=29.174Hz  target=10.715Hz  err=-18.458Hz  corr=-382.30W  u_ff=110.0W  PCAP→78W  power=76.6W
[PID] perf=29.302Hz  target=10.715Hz  err=-18.586Hz  corr=-384.68W  u_ff=110.0W  PCAP→78W  power=78.1W
[PID] perf=29.247Hz  target=10.715Hz  err=-18.532Hz  corr=-383.67W  u_ff=110.0W  PCAP→78W  power=79.0W
[PID] perf=29.293Hz  target=10.715Hz  err=-18.577Hz  corr=-384.51W  u_ff=110.0W  PCAP→78W  power=77.8W
[PID] perf=29.225Hz  target=10.715Hz  err=-18.510Hz  corr=-383.26W  u_ff=110.0W  PCAP→78W  power=77.4W
[PID] perf=29.277Hz  target=10.715Hz  err=-18.561Hz  corr=-384.22W  u_ff=110.0W  PCAP→78W  power=78.6W
[PID] perf=29.286Hz  target=10.715Hz  err=-18.571Hz  corr=-384.39W  u_ff=110.0W  PCAP→78W  power=79.2W
[PID] perf=29.215Hz  target=10.715Hz  err=-18.499Hz  corr=-383.06W  u_ff=110.0W  PCAP→78W  power=78.5W
[PID] perf=29.227Hz  target=10.715Hz  err=-18.512Hz  corr=-383.30W  u_ff=110.0W  PCAP→78W  power=77.9W
[PID] perf=29.172Hz  target=10.715Hz  err=-18.457Hz  corr=-382.28W  u_ff=110.0W  PCAP→78W  power=77.8W
[PID] perf=27.290Hz  target=10.715Hz  err=-16.574Hz  corr=-347.36W  u_ff=110.0W  PCAP→78W  power=78.3W
[PID] perf=27.315Hz  target=10.715Hz  err=-16.599Hz  corr=-347.83W  u_ff=110.0W  PCAP→78W  power=78.6W
[PID] perf=27.299Hz  target=10.715Hz  err=-16.584Hz  corr=-347.54W  u_ff=110.0W  PCAP→78W  power=78.9W
[PID] perf=27.316Hz  target=10.715Hz  err=-16.600Hz  corr=-347.85W  u_ff=110.0W  PCAP→78W  power=76.6W
[PID] perf=27.316Hz  target=10.715Hz  err=-16.601Hz  corr=-347.86W  u_ff=110.0W  PCAP→78W  power=76.2W
[PID] perf=27.324Hz  target=10.715Hz  err=-16.609Hz  corr=-348.01W  u_ff=110.0W  PCAP→78W  power=78.4W
[PID] perf=27.378Hz  target=10.715Hz  err=-16.663Hz  corr=-349.01W  u_ff=110.0W  PCAP→78W  power=78.6W
[PID] perf=24.750Hz  target=10.715Hz  err=-14.034Hz  corr=-300.26W  u_ff=110.0W  PCAP→78W  power=76.4W
[PID] perf=24.922Hz  target=10.715Hz  err=-14.207Hz  corr=-303.46W  u_ff=110.0W  PCAP→78W  power=76.6W
[PID] perf=25.035Hz  target=10.715Hz  err=-14.320Hz  corr=-305.55W  u_ff=110.0W  PCAP→78W  power=76.9W
[PID] perf=25.034Hz  target=10.715Hz  err=-14.318Hz  corr=-305.53W  u_ff=110.0W  PCAP→78W  power=78.0W
[PID] perf=25.054Hz  target=10.715Hz  err=-14.338Hz  corr=-305.90W  u_ff=110.0W  PCAP→78W  power=78.3W
[PID] perf=25.040Hz  target=10.715Hz  err=-14.324Hz  corr=-305.64W  u_ff=110.0W  PCAP→78W  power=79.1W
[PID] perf=25.095Hz  target=10.715Hz  err=-14.379Hz  corr=-306.66W  u_ff=110.0W  PCAP→78W  power=77.5W
[PID] perf=25.108Hz  target=10.715Hz  err=-14.392Hz  corr=-306.90W  u_ff=110.0W  PCAP→78W  power=77.6W
[PID] perf=25.095Hz  target=10.715Hz  err=-14.380Hz  corr=-306.67W  u_ff=110.0W  PCAP→78W  power=77.9W
[PID] perf=25.102Hz  target=10.715Hz  err=-14.387Hz  corr=-306.80W  u_ff=110.0W  PCAP→78W  power=76.0W
[PID] perf=25.152Hz  target=10.715Hz  err=-14.437Hz  corr=-307.72W  u_ff=110.0W  PCAP→78W  power=77.7W
[PID] perf=25.140Hz  target=10.715Hz  err=-14.424Hz  corr=-307.50W  u_ff=110.0W  PCAP→78W  power=77.0W
[PID] perf=25.108Hz  target=10.715Hz  err=-14.393Hz  corr=-306.91W  u_ff=110.0W  PCAP→78W  power=77.0W
[PID] perf=25.070Hz  target=10.715Hz  err=-14.354Hz  corr=-306.20W  u_ff=110.0W  PCAP→78W  power=77.9W
[PID] perf=25.107Hz  target=10.715Hz  err=-14.392Hz  corr=-306.90W  u_ff=110.0W  PCAP→78W  power=76.7W
[PID] perf=25.136Hz  target=10.715Hz  err=-14.420Hz  corr=-307.42W  u_ff=110.0W  PCAP→78W  power=77.8W
[PID] perf=25.112Hz  target=10.715Hz  err=-14.397Hz  corr=-306.98W  u_ff=110.0W  PCAP→78W  power=78.6W
[PID] perf=25.101Hz  target=10.715Hz  err=-14.386Hz  corr=-306.78W  u_ff=110.0W  PCAP→78W  power=77.5W
[PID] perf=26.360Hz  target=10.715Hz  err=-15.644Hz  corr=-330.12W  u_ff=110.0W  PCAP→78W  power=78.1W
[PID] perf=26.393Hz  target=10.715Hz  err=-15.677Hz  corr=-330.73W  u_ff=110.0W  PCAP→78W  power=79.4W
[PID] perf=26.416Hz  target=10.715Hz  err=-15.701Hz  corr=-331.16W  u_ff=110.0W  PCAP→78W  power=77.5W
[PID] perf=26.397Hz  target=10.715Hz  err=-15.682Hz  corr=-330.81W  u_ff=110.0W  PCAP→78W  power=77.4W
[PID] perf=26.421Hz  target=10.715Hz  err=-15.706Hz  corr=-331.26W  u_ff=110.0W  PCAP→78W  power=77.2W
[PID] perf=26.427Hz  target=10.715Hz  err=-15.711Hz  corr=-331.36W  u_ff=110.0W  PCAP→78W  power=78.8W
[PID] perf=26.447Hz  target=10.715Hz  err=-15.731Hz  corr=-331.73W  u_ff=110.0W  PCAP→78W  power=77.0W
[PID] perf=26.483Hz  target=10.715Hz  err=-15.768Hz  corr=-332.41W  u_ff=110.0W  PCAP→78W  power=77.5W
[PID] perf=26.427Hz  target=10.715Hz  err=-15.711Hz  corr=-331.36W  u_ff=110.0W  PCAP→78W  power=79.1W
[PID] perf=26.459Hz  target=10.715Hz  err=-15.744Hz  corr=-331.97W  u_ff=110.0W  PCAP→78W  power=79.3W
[PID] perf=26.727Hz  target=10.715Hz  err=-16.012Hz  corr=-336.93W  u_ff=110.0W  PCAP→78W  power=77.1W
[PID] perf=26.954Hz  target=10.715Hz  err=-16.239Hz  corr=-341.15W  u_ff=110.0W  PCAP→78W  power=77.3W
[PID] perf=27.001Hz  target=10.715Hz  err=-16.286Hz  corr=-342.02W  u_ff=110.0W  PCAP→78W  power=77.0W
[PID] perf=27.001Hz  target=10.715Hz  err=-16.286Hz  corr=-342.02W  u_ff=110.0W  PCAP→78W  power=76.5W
[PID] perf=26.962Hz  target=10.715Hz  err=-16.247Hz  corr=-341.29W  u_ff=110.0W  PCAP→78W  power=77.4W
[PID] perf=26.997Hz  target=10.715Hz  err=-16.282Hz  corr=-341.94W  u_ff=110.0W  PCAP→78W  power=77.3W
[PID] perf=26.993Hz  target=10.715Hz  err=-16.278Hz  corr=-341.87W  u_ff=110.0W  PCAP→78W  power=77.0W
[PID] perf=26.956Hz  target=10.715Hz  err=-16.241Hz  corr=-341.18W  u_ff=110.0W  PCAP→78W  power=77.6W
[PID] perf=26.975Hz  target=10.715Hz  err=-16.260Hz  corr=-341.53W  u_ff=110.0W  PCAP→78W  power=79.1W
[PID] perf=26.931Hz  target=10.715Hz  err=-16.216Hz  corr=-340.72W  u_ff=110.0W  PCAP→78W  power=78.6W
[PID] perf=26.949Hz  target=10.715Hz  err=-16.234Hz  corr=-341.05W  u_ff=110.0W  PCAP→78W  power=78.8W
[PID] perf=26.950Hz  target=10.715Hz  err=-16.235Hz  corr=-341.07W  u_ff=110.0W  PCAP→78W  power=78.4W
[PID] perf=26.964Hz  target=10.715Hz  err=-16.248Hz  corr=-341.32W  u_ff=110.0W  PCAP→78W  power=77.4W
[PID] perf=26.938Hz  target=10.715Hz  err=-16.223Hz  corr=-340.85W  u_ff=110.0W  PCAP→78W  power=79.4W
[PID] perf=26.909Hz  target=10.715Hz  err=-16.194Hz  corr=-340.31W  u_ff=110.0W  PCAP→78W  power=79.1W
[PID] perf=26.953Hz  target=10.715Hz  err=-16.237Hz  corr=-341.12W  u_ff=110.0W  PCAP→78W  power=77.2W
[PID] perf=26.954Hz  target=10.715Hz  err=-16.239Hz  corr=-341.14W  u_ff=110.0W  PCAP→78W  power=77.2W
[PID] perf=26.962Hz  target=10.715Hz  err=-16.247Hz  corr=-341.29W  u_ff=110.0W  PCAP→78W  power=78.3W
[PID] perf=26.943Hz  target=10.715Hz  err=-16.228Hz  corr=-340.94W  u_ff=110.0W  PCAP→78W  power=78.8W
[PID] perf=26.980Hz  target=10.715Hz  err=-16.265Hz  corr=-341.63W  u_ff=110.0W  PCAP→78W  power=78.7W
[PID] perf=26.885Hz  target=10.715Hz  err=-16.170Hz  corr=-339.86W  u_ff=110.0W  PCAP→78W  power=78.7W
[PID] perf=25.932Hz  target=10.715Hz  err=-15.216Hz  corr=-322.18W  u_ff=110.0W  PCAP→78W  power=77.5W
[PID] perf=26.126Hz  target=10.715Hz  err=-15.410Hz  corr=-325.78W  u_ff=110.0W  PCAP→78W  power=78.6W
[PID] perf=26.168Hz  target=10.715Hz  err=-15.453Hz  corr=-326.57W  u_ff=110.0W  PCAP→78W  power=77.2W
[PID] perf=26.166Hz  target=10.715Hz  err=-15.450Hz  corr=-326.52W  u_ff=110.0W  PCAP→78W  power=78.4W
[PID] perf=26.177Hz  target=10.715Hz  err=-15.461Hz  corr=-326.73W  u_ff=110.0W  PCAP→78W  power=78.6W
[PID] perf=26.172Hz  target=10.715Hz  err=-15.457Hz  corr=-326.64W  u_ff=110.0W  PCAP→78W  power=78.7W
[PID] perf=26.172Hz  target=10.715Hz  err=-15.456Hz  corr=-326.63W  u_ff=110.0W  PCAP→78W  power=77.8W
[PID] perf=26.196Hz  target=10.715Hz  err=-15.480Hz  corr=-327.08W  u_ff=110.0W  PCAP→78W  power=77.7W
[PID] perf=26.171Hz  target=10.715Hz  err=-15.456Hz  corr=-326.63W  u_ff=110.0W  PCAP→78W  power=77.6W
[PID] perf=26.206Hz  target=10.715Hz  err=-15.490Hz  corr=-327.26W  u_ff=110.0W  PCAP→78W  power=77.5W
[PID] perf=26.198Hz  target=10.715Hz  err=-15.483Hz  corr=-327.12W  u_ff=110.0W  PCAP→78W  power=77.4W
[PID] perf=26.206Hz  target=10.715Hz  err=-15.491Hz  corr=-327.27W  u_ff=110.0W  PCAP→78W  power=78.5W
[PID] perf=26.187Hz  target=10.715Hz  err=-15.472Hz  corr=-326.92W  u_ff=110.0W  PCAP→78W  power=79.2W
[PID] perf=26.165Hz  target=10.715Hz  err=-15.449Hz  corr=-326.50W  u_ff=110.0W  PCAP→78W  power=79.0W
[PID] perf=26.179Hz  target=10.715Hz  err=-15.463Hz  corr=-326.76W  u_ff=110.0W  PCAP→78W  power=77.7W
[PID] perf=26.202Hz  target=10.715Hz  err=-15.487Hz  corr=-327.20W  u_ff=110.0W  PCAP→78W  power=77.7W
[PID] perf=26.212Hz  target=10.715Hz  err=-15.497Hz  corr=-327.38W  u_ff=110.0W  PCAP→78W  power=79.0W
[PID] perf=26.227Hz  target=10.715Hz  err=-15.512Hz  corr=-327.66W  u_ff=110.0W  PCAP→78W  power=78.4W
[PID] perf=26.202Hz  target=10.715Hz  err=-15.486Hz  corr=-327.19W  u_ff=110.0W  PCAP→78W  power=76.4W
[PID] perf=26.206Hz  target=10.715Hz  err=-15.490Hz  corr=-327.26W  u_ff=110.0W  PCAP→78W  power=77.4W
[PID] perf=26.195Hz  target=10.715Hz  err=-15.480Hz  corr=-327.06W  u_ff=110.0W  PCAP→78W  power=77.8W
[PID] perf=26.210Hz  target=10.715Hz  err=-15.495Hz  corr=-327.35W  u_ff=110.0W  PCAP→78W  power=77.2W
[PID] perf=26.195Hz  target=10.715Hz  err=-15.480Hz  corr=-327.07W  u_ff=110.0W  PCAP→78W  power=77.6W
[PID] perf=26.175Hz  target=10.715Hz  err=-15.459Hz  corr=-326.69W  u_ff=110.0W  PCAP→78W  power=76.2W
[PID] perf=26.197Hz  target=10.715Hz  err=-15.482Hz  corr=-327.11W  u_ff=110.0W  PCAP→78W  power=76.9W
[PID] perf=26.159Hz  target=10.715Hz  err=-15.443Hz  corr=-326.39W  u_ff=110.0W  PCAP→78W  power=77.3W
[PID] perf=26.169Hz  target=10.715Hz  err=-15.453Hz  corr=-326.58W  u_ff=110.0W  PCAP→78W  power=78.7W
[PID] perf=26.192Hz  target=10.715Hz  err=-15.476Hz  corr=-327.00W  u_ff=110.0W  PCAP→78W  power=79.0W
[PID] perf=25.926Hz  target=10.715Hz  err=-15.211Hz  corr=-322.08W  u_ff=110.0W  PCAP→78W  power=77.8W
[PID] perf=25.984Hz  target=10.715Hz  err=-15.268Hz  corr=-323.14W  u_ff=110.0W  PCAP→78W  power=77.3W
[PID] perf=26.029Hz  target=10.715Hz  err=-15.314Hz  corr=-323.99W  u_ff=110.0W  PCAP→78W  power=77.5W
[PID] perf=26.021Hz  target=10.715Hz  err=-15.306Hz  corr=-323.84W  u_ff=110.0W  PCAP→78W  power=77.0W
[PID] perf=26.004Hz  target=10.715Hz  err=-15.289Hz  corr=-323.53W  u_ff=110.0W  PCAP→78W  power=77.3W
[PID] perf=26.022Hz  target=10.715Hz  err=-15.307Hz  corr=-323.86W  u_ff=110.0W  PCAP→78W  power=76.4W
[PID] perf=26.018Hz  target=10.715Hz  err=-15.303Hz  corr=-323.78W  u_ff=110.0W  PCAP→78W  power=77.5W
[PID] perf=26.031Hz  target=10.715Hz  err=-15.316Hz  corr=-324.02W  u_ff=110.0W  PCAP→78W  power=78.6W
[PID] perf=26.032Hz  target=10.715Hz  err=-15.316Hz  corr=-324.04W  u_ff=110.0W  PCAP→78W  power=77.5W
[PID] perf=26.031Hz  target=10.715Hz  err=-15.315Hz  corr=-324.02W  u_ff=110.0W  PCAP→78W  power=77.8W
[PID] perf=26.035Hz  target=10.715Hz  err=-15.319Hz  corr=-324.09W  u_ff=110.0W  PCAP→78W  power=77.7W
[PID] perf=26.030Hz  target=10.715Hz  err=-15.315Hz  corr=-324.01W  u_ff=110.0W  PCAP→78W  power=78.3W
[PID] perf=26.009Hz  target=10.715Hz  err=-15.294Hz  corr=-323.62W  u_ff=110.0W  PCAP→78W  power=78.5W
[PID] perf=25.986Hz  target=10.715Hz  err=-15.271Hz  corr=-323.19W  u_ff=110.0W  PCAP→78W  power=78.0W
[PID] perf=26.029Hz  target=10.715Hz  err=-15.313Hz  corr=-323.98W  u_ff=110.0W  PCAP→78W  power=78.7W
[PID] perf=26.002Hz  target=10.715Hz  err=-15.287Hz  corr=-323.49W  u_ff=110.0W  PCAP→78W  power=77.5W
[PID] perf=25.992Hz  target=10.715Hz  err=-15.277Hz  corr=-323.30W  u_ff=110.0W  PCAP→78W  power=78.1W
[PID] perf=26.000Hz  target=10.715Hz  err=-15.285Hz  corr=-323.45W  u_ff=110.0W  PCAP→78W  power=77.7W
[PID] perf=25.985Hz  target=10.715Hz  err=-15.269Hz  corr=-323.17W  u_ff=110.0W  PCAP→78W  power=78.4W
[PID] perf=26.003Hz  target=10.715Hz  err=-15.288Hz  corr=-323.51W  u_ff=110.0W  PCAP→78W  power=77.3W
[PID] perf=26.016Hz  target=10.715Hz  err=-15.300Hz  corr=-323.74W  u_ff=110.0W  PCAP→78W  power=78.3W
[PID] perf=26.004Hz  target=10.715Hz  err=-15.289Hz  corr=-323.53W  u_ff=110.0W  PCAP→78W  power=77.6W
[PID] perf=26.016Hz  target=10.715Hz  err=-15.300Hz  corr=-323.74W  u_ff=110.0W  PCAP→78W  power=77.2W
[PID] perf=26.038Hz  target=10.715Hz  err=-15.322Hz  corr=-324.15W  u_ff=110.0W  PCAP→78W  power=78.5W
[PID] perf=26.031Hz  target=10.715Hz  err=-15.315Hz  corr=-324.01W  u_ff=110.0W  PCAP→78W  power=78.6W
[PID] perf=26.044Hz  target=10.715Hz  err=-15.329Hz  corr=-324.27W  u_ff=110.0W  PCAP→78W  power=78.3W
[PID] perf=26.036Hz  target=10.715Hz  err=-15.320Hz  corr=-324.11W  u_ff=110.0W  PCAP→78W  power=77.8W
[PID] perf=26.015Hz  target=10.715Hz  err=-15.300Hz  corr=-323.74W  u_ff=110.0W  PCAP→78W  power=76.6W
[PID] perf=26.019Hz  target=10.715Hz  err=-15.304Hz  corr=-323.80W  u_ff=110.0W  PCAP→78W  power=76.7W
[PID] perf=26.015Hz  target=10.715Hz  err=-15.299Hz  corr=-323.72W  u_ff=110.0W  PCAP→78W  power=78.2W
[PID] perf=26.052Hz  target=10.715Hz  err=-15.337Hz  corr=-324.41W  u_ff=110.0W  PCAP→78W  power=78.5W
[PID] perf=26.046Hz  target=10.715Hz  err=-15.331Hz  corr=-324.30W  u_ff=110.0W  PCAP→78W  power=78.5W
[PID] perf=26.037Hz  target=10.715Hz  err=-15.321Hz  corr=-324.13W  u_ff=110.0W  PCAP→78W  power=78.3W
[PID] perf=26.030Hz  target=10.715Hz  err=-15.315Hz  corr=-324.01W  u_ff=110.0W  PCAP→78W  power=78.5W
[PID] perf=26.033Hz  target=10.715Hz  err=-15.318Hz  corr=-324.06W  u_ff=110.0W  PCAP→78W  power=77.7W
[PID] perf=26.017Hz  target=10.715Hz  err=-15.301Hz  corr=-323.76W  u_ff=110.0W  PCAP→78W  power=77.1W
[PID] perf=26.023Hz  target=10.715Hz  err=-15.308Hz  corr=-323.88W  u_ff=110.0W  PCAP→78W  power=77.2W
[PID] perf=26.021Hz  target=10.715Hz  err=-15.306Hz  corr=-323.84W  u_ff=110.0W  PCAP→78W  power=78.3W
[PID] perf=26.000Hz  target=10.715Hz  err=-15.285Hz  corr=-323.45W  u_ff=110.0W  PCAP→78W  power=77.9W
[PID] perf=26.054Hz  target=10.715Hz  err=-15.339Hz  corr=-324.46W  u_ff=110.0W  PCAP→78W  power=79.4W
[PID] perf=26.043Hz  target=10.715Hz  err=-15.327Hz  corr=-324.24W  u_ff=110.0W  PCAP→78W  power=76.8W
[PID] perf=26.040Hz  target=10.715Hz  err=-15.325Hz  corr=-324.20W  u_ff=110.0W  PCAP→78W  power=78.9W
[PID] perf=26.045Hz  target=10.715Hz  err=-15.330Hz  corr=-324.29W  u_ff=110.0W  PCAP→78W  power=78.8W
[PID] perf=26.015Hz  target=10.715Hz  err=-15.300Hz  corr=-323.73W  u_ff=110.0W  PCAP→78W  power=78.2W
[PID] perf=26.051Hz  target=10.715Hz  err=-15.336Hz  corr=-324.40W  u_ff=110.0W  PCAP→78W  power=78.2W
[PID] perf=26.013Hz  target=10.715Hz  err=-15.297Hz  corr=-323.69W  u_ff=110.0W  PCAP→78W  power=77.3W
[PID] perf=26.019Hz  target=10.715Hz  err=-15.304Hz  corr=-323.80W  u_ff=110.0W  PCAP→78W  power=75.6W
[PID] perf=25.997Hz  target=10.715Hz  err=-15.282Hz  corr=-323.40W  u_ff=110.0W  PCAP→78W  power=77.7W
[PID] perf=26.007Hz  target=10.715Hz  err=-15.291Hz  corr=-323.57W  u_ff=110.0W  PCAP→78W  power=77.5W
[PID] perf=26.016Hz  target=10.715Hz  err=-15.301Hz  corr=-323.75W  u_ff=110.0W  PCAP→78W  power=77.1W
[PID] perf=26.061Hz  target=10.715Hz  err=-15.346Hz  corr=-324.59W  u_ff=110.0W  PCAP→78W  power=78.2W
[PID] perf=26.046Hz  target=10.715Hz  err=-15.331Hz  corr=-324.30W  u_ff=110.0W  PCAP→78W  power=78.3W
[PID] perf=28.344Hz  target=10.715Hz  err=-17.628Hz  corr=-366.91W  u_ff=110.0W  PCAP→78W  power=77.5W
[PID] perf=28.360Hz  target=10.715Hz  err=-17.644Hz  corr=-367.21W  u_ff=110.0W  PCAP→78W  power=79.1W
[PID] perf=28.353Hz  target=10.715Hz  err=-17.638Hz  corr=-367.09W  u_ff=110.0W  PCAP→78W  power=79.1W
[PID] perf=28.358Hz  target=10.715Hz  err=-17.643Hz  corr=-367.18W  u_ff=110.0W  PCAP→78W  power=76.4W
[PID] perf=28.333Hz  target=10.715Hz  err=-17.617Hz  corr=-366.71W  u_ff=110.0W  PCAP→78W  power=77.3W
[PID] perf=28.373Hz  target=10.715Hz  err=-17.658Hz  corr=-367.46W  u_ff=110.0W  PCAP→78W  power=76.7W
[PID] perf=28.377Hz  target=10.715Hz  err=-17.662Hz  corr=-367.54W  u_ff=110.0W  PCAP→78W  power=79.3W
[PID] perf=28.377Hz  target=10.715Hz  err=-17.662Hz  corr=-367.53W  u_ff=110.0W  PCAP→78W  power=78.5W
[PID] perf=28.328Hz  target=10.715Hz  err=-17.612Hz  corr=-366.61W  u_ff=110.0W  PCAP→78W  power=79.0W
[PID] perf=28.318Hz  target=10.715Hz  err=-17.602Hz  corr=-366.43W  u_ff=110.0W  PCAP→78W  power=79.3W
[PID] perf=28.368Hz  target=10.715Hz  err=-17.652Hz  corr=-367.36W  u_ff=110.0W  PCAP→78W  power=77.0W
[PID] perf=28.347Hz  target=10.715Hz  err=-17.632Hz  corr=-366.98W  u_ff=110.0W  PCAP→78W  power=77.2W
[PID] perf=28.371Hz  target=10.715Hz  err=-17.656Hz  corr=-367.42W  u_ff=110.0W  PCAP→78W  power=78.2W
[PID] perf=28.347Hz  target=10.715Hz  err=-17.632Hz  corr=-366.98W  u_ff=110.0W  PCAP→78W  power=78.9W
[PID] perf=28.201Hz  target=10.715Hz  err=-17.486Hz  corr=-364.27W  u_ff=110.0W  PCAP→78W  power=77.2W
[PID] perf=27.297Hz  target=10.715Hz  err=-16.581Hz  corr=-347.50W  u_ff=110.0W  PCAP→78W  power=77.1W
[PID] perf=27.294Hz  target=10.715Hz  err=-16.579Hz  corr=-347.44W  u_ff=110.0W  PCAP→78W  power=76.7W
[PID] perf=27.309Hz  target=10.715Hz  err=-16.594Hz  corr=-347.72W  u_ff=110.0W  PCAP→78W  power=77.0W
[PID] perf=27.291Hz  target=10.715Hz  err=-16.575Hz  corr=-347.38W  u_ff=110.0W  PCAP→78W  power=77.9W
[PID] perf=27.307Hz  target=10.715Hz  err=-16.591Hz  corr=-347.68W  u_ff=110.0W  PCAP→78W  power=76.8W
[PID] perf=26.550Hz  target=10.715Hz  err=-15.834Hz  corr=-333.64W  u_ff=110.0W  PCAP→78W  power=77.2W
[PID] perf=26.071Hz  target=10.715Hz  err=-15.356Hz  corr=-324.77W  u_ff=110.0W  PCAP→78W  power=77.8W
[PID] perf=26.113Hz  target=10.715Hz  err=-15.398Hz  corr=-325.55W  u_ff=110.0W  PCAP→78W  power=77.3W
[PID] perf=26.107Hz  target=10.715Hz  err=-15.392Hz  corr=-325.44W  u_ff=110.0W  PCAP→78W  power=79.0W
[PID] perf=26.130Hz  target=10.715Hz  err=-15.415Hz  corr=-325.86W  u_ff=110.0W  PCAP→78W  power=79.1W
[PID] perf=26.138Hz  target=10.715Hz  err=-15.422Hz  corr=-326.00W  u_ff=110.0W  PCAP→78W  power=76.5W
[PID] perf=26.133Hz  target=10.715Hz  err=-15.418Hz  corr=-325.92W  u_ff=110.0W  PCAP→78W  power=78.0W
[PID] perf=26.139Hz  target=10.715Hz  err=-15.424Hz  corr=-326.03W  u_ff=110.0W  PCAP→78W  power=77.1W
[PID] perf=26.527Hz  target=10.715Hz  err=-15.812Hz  corr=-333.23W  u_ff=110.0W  PCAP→78W  power=77.1W
[PID] perf=26.955Hz  target=10.715Hz  err=-16.239Hz  corr=-341.15W  u_ff=110.0W  PCAP→78W  power=77.7W
[PID] perf=26.954Hz  target=10.715Hz  err=-16.238Hz  corr=-341.14W  u_ff=110.0W  PCAP→78W  power=77.7W
[PID] perf=26.961Hz  target=10.715Hz  err=-16.246Hz  corr=-341.27W  u_ff=110.0W  PCAP→78W  power=78.1W
[PID] perf=26.942Hz  target=10.715Hz  err=-16.226Hz  corr=-340.91W  u_ff=110.0W  PCAP→78W  power=77.2W
[PID] perf=26.957Hz  target=10.715Hz  err=-16.242Hz  corr=-341.19W  u_ff=110.0W  PCAP→78W  power=78.9W
[PID] perf=26.950Hz  target=10.715Hz  err=-16.235Hz  corr=-341.07W  u_ff=110.0W  PCAP→78W  power=78.6W
[PID] perf=26.940Hz  target=10.715Hz  err=-16.225Hz  corr=-340.88W  u_ff=110.0W  PCAP→78W  power=78.8W
[PID] perf=26.958Hz  target=10.715Hz  err=-16.242Hz  corr=-341.21W  u_ff=110.0W  PCAP→78W  power=78.9W
[PID] perf=26.948Hz  target=10.715Hz  err=-16.233Hz  corr=-341.03W  u_ff=110.0W  PCAP→78W  power=77.0W
[PID] perf=26.959Hz  target=10.715Hz  err=-16.244Hz  corr=-341.24W  u_ff=110.0W  PCAP→78W  power=77.5W
[PID] perf=26.963Hz  target=10.715Hz  err=-16.248Hz  corr=-341.31W  u_ff=110.0W  PCAP→78W  power=78.4W
[PID] perf=26.967Hz  target=10.715Hz  err=-16.252Hz  corr=-341.39W  u_ff=110.0W  PCAP→78W  power=76.9W
[PID] perf=26.960Hz  target=10.715Hz  err=-16.244Hz  corr=-341.25W  u_ff=110.0W  PCAP→78W  power=78.3W
[PID] perf=26.971Hz  target=10.715Hz  err=-16.255Hz  corr=-341.45W  u_ff=110.0W  PCAP→78W  power=77.4W
[PID] perf=26.946Hz  target=10.715Hz  err=-16.230Hz  corr=-340.99W  u_ff=110.0W  PCAP→78W  power=77.0W
[PID] perf=26.983Hz  target=10.715Hz  err=-16.267Hz  corr=-341.68W  u_ff=110.0W  PCAP→78W  power=78.9W
[PID] perf=26.971Hz  target=10.715Hz  err=-16.256Hz  corr=-341.46W  u_ff=110.0W  PCAP→78W  power=79.0W
[PID] perf=26.952Hz  target=10.715Hz  err=-16.236Hz  corr=-341.10W  u_ff=110.0W  PCAP→78W  power=78.5W
[PID] perf=26.945Hz  target=10.715Hz  err=-16.230Hz  corr=-340.98W  u_ff=110.0W  PCAP→78W  power=77.4W
[PID] perf=26.996Hz  target=10.715Hz  err=-16.280Hz  corr=-341.92W  u_ff=110.0W  PCAP→78W  power=78.4W
[PID] perf=26.979Hz  target=10.715Hz  err=-16.264Hz  corr=-341.61W  u_ff=110.0W  PCAP→78W  power=78.8W
[PID] perf=26.949Hz  target=10.715Hz  err=-16.234Hz  corr=-341.05W  u_ff=110.0W  PCAP→78W  power=77.9W
[PID] perf=26.967Hz  target=10.715Hz  err=-16.251Hz  corr=-341.38W  u_ff=110.0W  PCAP→78W  power=77.5W
[PID] perf=26.937Hz  target=10.715Hz  err=-16.222Hz  corr=-340.83W  u_ff=110.0W  PCAP→78W  power=77.3W
[PID] perf=26.963Hz  target=10.715Hz  err=-16.248Hz  corr=-341.31W  u_ff=110.0W  PCAP→78W  power=77.6W
[PID] perf=26.970Hz  target=10.715Hz  err=-16.254Hz  corr=-341.43W  u_ff=110.0W  PCAP→78W  power=77.0W
[PID] perf=26.257Hz  target=10.715Hz  err=-15.541Hz  corr=-328.21W  u_ff=110.0W  PCAP→78W  power=77.0W
[PID] perf=27.420Hz  target=10.715Hz  err=-16.705Hz  corr=-349.79W  u_ff=110.0W  PCAP→78W  power=78.5W
[PID] perf=27.457Hz  target=10.715Hz  err=-16.741Hz  corr=-350.46W  u_ff=110.0W  PCAP→78W  power=77.0W
[PID] perf=27.480Hz  target=10.715Hz  err=-16.764Hz  corr=-350.89W  u_ff=110.0W  PCAP→78W  power=76.4W
[PID] perf=27.482Hz  target=10.715Hz  err=-16.766Hz  corr=-350.93W  u_ff=110.0W  PCAP→78W  power=77.0W
[PID] perf=27.479Hz  target=10.715Hz  err=-16.764Hz  corr=-350.88W  u_ff=110.0W  PCAP→78W  power=78.4W
[PID] perf=27.457Hz  target=10.715Hz  err=-16.742Hz  corr=-350.47W  u_ff=110.0W  PCAP→78W  power=78.9W
[PID] perf=27.465Hz  target=10.715Hz  err=-16.750Hz  corr=-350.62W  u_ff=110.0W  PCAP→78W  power=77.5W
[PID] perf=27.487Hz  target=10.715Hz  err=-16.771Hz  corr=-351.02W  u_ff=110.0W  PCAP→78W  power=78.0W
[PID] perf=27.490Hz  target=10.715Hz  err=-16.774Hz  corr=-351.07W  u_ff=110.0W  PCAP→78W  power=78.7W
[PID] perf=27.469Hz  target=10.715Hz  err=-16.753Hz  corr=-350.68W  u_ff=110.0W  PCAP→78W  power=78.6W
[PID] perf=27.482Hz  target=10.715Hz  err=-16.767Hz  corr=-350.93W  u_ff=110.0W  PCAP→78W  power=78.4W
[PID] perf=27.445Hz  target=10.715Hz  err=-16.729Hz  corr=-350.24W  u_ff=110.0W  PCAP→78W  power=79.1W
[PID] perf=27.483Hz  target=10.715Hz  err=-16.767Hz  corr=-350.94W  u_ff=110.0W  PCAP→78W  power=77.2W
[PID] perf=27.453Hz  target=10.715Hz  err=-16.737Hz  corr=-350.39W  u_ff=110.0W  PCAP→78W  power=78.5W
[PID] perf=27.459Hz  target=10.715Hz  err=-16.743Hz  corr=-350.50W  u_ff=110.0W  PCAP→78W  power=76.9W
[PID] perf=27.428Hz  target=10.715Hz  err=-16.713Hz  corr=-349.93W  u_ff=110.0W  PCAP→78W  power=76.8W
[PID] perf=27.460Hz  target=10.715Hz  err=-16.745Hz  corr=-350.53W  u_ff=110.0W  PCAP→78W  power=78.2W
[PID] perf=27.469Hz  target=10.715Hz  err=-16.753Hz  corr=-350.69W  u_ff=110.0W  PCAP→78W  power=78.6W
[PID] perf=27.473Hz  target=10.715Hz  err=-16.757Hz  corr=-350.76W  u_ff=110.0W  PCAP→78W  power=78.8W
[PID] perf=27.438Hz  target=10.715Hz  err=-16.723Hz  corr=-350.12W  u_ff=110.0W  PCAP→78W  power=79.1W
[PID] perf=27.467Hz  target=10.715Hz  err=-16.752Hz  corr=-350.66W  u_ff=110.0W  PCAP→78W  power=78.6W
[PID] perf=27.467Hz  target=10.715Hz  err=-16.752Hz  corr=-350.66W  u_ff=110.0W  PCAP→78W  power=78.6W
[PID] perf=27.446Hz  target=10.715Hz  err=-16.731Hz  corr=-350.27W  u_ff=110.0W  PCAP→78W  power=77.9W
[PID] perf=27.467Hz  target=10.715Hz  err=-16.751Hz  corr=-350.65W  u_ff=110.0W  PCAP→78W  power=77.9W
[PID] perf=27.456Hz  target=10.715Hz  err=-16.741Hz  corr=-350.45W  u_ff=110.0W  PCAP→78W  power=77.4W
[PID] perf=27.455Hz  target=10.715Hz  err=-16.739Hz  corr=-350.42W  u_ff=110.0W  PCAP→78W  power=76.9W
[PID] perf=27.452Hz  target=10.715Hz  err=-16.737Hz  corr=-350.38W  u_ff=110.0W  PCAP→78W  power=77.5W
[PID] perf=27.476Hz  target=10.715Hz  err=-16.760Hz  corr=-350.81W  u_ff=110.0W  PCAP→78W  power=79.1W
[PID] perf=27.477Hz  target=10.715Hz  err=-16.762Hz  corr=-350.85W  u_ff=110.0W  PCAP→78W  power=77.0W
[PID] perf=27.468Hz  target=10.715Hz  err=-16.753Hz  corr=-350.68W  u_ff=110.0W  PCAP→78W  power=76.2W
[PID] perf=27.455Hz  target=10.715Hz  err=-16.740Hz  corr=-350.44W  u_ff=110.0W  PCAP→78W  power=77.1W
[PID] perf=27.468Hz  target=10.715Hz  err=-16.753Hz  corr=-350.68W  u_ff=110.0W  PCAP→78W  power=77.3W
[PID] perf=27.476Hz  target=10.715Hz  err=-16.761Hz  corr=-350.82W  u_ff=110.0W  PCAP→78W  power=79.2W
[PID] perf=27.463Hz  target=10.715Hz  err=-16.748Hz  corr=-350.58W  u_ff=110.0W  PCAP→78W  power=79.0W
[PID] perf=27.467Hz  target=10.715Hz  err=-16.752Hz  corr=-350.65W  u_ff=110.0W  PCAP→78W  power=78.7W
[PID] perf=27.438Hz  target=10.715Hz  err=-16.723Hz  corr=-350.11W  u_ff=110.0W  PCAP→78W  power=78.6W
[PID] perf=27.451Hz  target=10.715Hz  err=-16.736Hz  corr=-350.36W  u_ff=110.0W  PCAP→78W  power=78.0W
[PID] perf=27.449Hz  target=10.715Hz  err=-16.734Hz  corr=-350.33W  u_ff=110.0W  PCAP→78W  power=79.1W
[PID] perf=27.467Hz  target=10.715Hz  err=-16.752Hz  corr=-350.66W  u_ff=110.0W  PCAP→78W  power=79.3W
[PID] perf=27.445Hz  target=10.715Hz  err=-16.730Hz  corr=-350.25W  u_ff=110.0W  PCAP→78W  power=78.9W
[PID] perf=27.438Hz  target=10.715Hz  err=-16.722Hz  corr=-350.11W  u_ff=110.0W  PCAP→78W  power=76.4W
[PID] perf=27.418Hz  target=10.715Hz  err=-16.703Hz  corr=-349.75W  u_ff=110.0W  PCAP→78W  power=79.4W
[PID] perf=27.468Hz  target=10.715Hz  err=-16.753Hz  corr=-350.67W  u_ff=110.0W  PCAP→78W  power=77.5W
[PID] perf=27.456Hz  target=10.715Hz  err=-16.741Hz  corr=-350.46W  u_ff=110.0W  PCAP→78W  power=78.7W
[PID] perf=27.433Hz  target=10.715Hz  err=-16.718Hz  corr=-350.03W  u_ff=110.0W  PCAP→78W  power=78.9W
[PID] perf=27.433Hz  target=10.715Hz  err=-16.718Hz  corr=-350.02W  u_ff=110.0W  PCAP→78W  power=78.9W
[PID] perf=27.464Hz  target=10.715Hz  err=-16.748Hz  corr=-350.59W  u_ff=110.0W  PCAP→78W  power=78.7W
[PID] perf=27.463Hz  target=10.715Hz  err=-16.748Hz  corr=-350.58W  u_ff=110.0W  PCAP→78W  power=78.4W
[PID] perf=27.363Hz  target=10.715Hz  err=-16.647Hz  corr=-348.72W  u_ff=110.0W  PCAP→78W  power=78.7W
[PID] perf=26.958Hz  target=10.715Hz  err=-16.242Hz  corr=-341.21W  u_ff=110.0W  PCAP→78W  power=79.0W
[PID] perf=26.989Hz  target=10.715Hz  err=-16.273Hz  corr=-341.78W  u_ff=110.0W  PCAP→78W  power=77.8W
[PID] perf=26.985Hz  target=10.715Hz  err=-16.270Hz  corr=-341.72W  u_ff=110.0W  PCAP→78W  power=76.9W
[PID] perf=27.030Hz  target=10.715Hz  err=-16.315Hz  corr=-342.55W  u_ff=110.0W  PCAP→78W  power=76.8W
[PID] perf=27.036Hz  target=10.715Hz  err=-16.321Hz  corr=-342.67W  u_ff=110.0W  PCAP→78W  power=77.0W
[PID] perf=27.030Hz  target=10.715Hz  err=-16.314Hz  corr=-342.54W  u_ff=110.0W  PCAP→78W  power=76.0W
[PID] perf=27.062Hz  target=10.715Hz  err=-16.347Hz  corr=-343.15W  u_ff=110.0W  PCAP→78W  power=77.9W
[PID] perf=27.034Hz  target=10.715Hz  err=-16.319Hz  corr=-342.63W  u_ff=110.0W  PCAP→78W  power=77.3W
[PID] perf=27.019Hz  target=10.715Hz  err=-16.303Hz  corr=-342.34W  u_ff=110.0W  PCAP→78W  power=78.8W
[PID] perf=27.043Hz  target=10.715Hz  err=-16.327Hz  corr=-342.78W  u_ff=110.0W  PCAP→78W  power=78.5W
[PID] perf=27.028Hz  target=10.715Hz  err=-16.312Hz  corr=-342.50W  u_ff=110.0W  PCAP→78W  power=78.6W
[PID] perf=26.992Hz  target=10.715Hz  err=-16.276Hz  corr=-341.84W  u_ff=110.0W  PCAP→78W  power=77.0W
[PID] perf=27.044Hz  target=10.715Hz  err=-16.329Hz  corr=-342.81W  u_ff=110.0W  PCAP→78W  power=79.1W
[PID] perf=27.091Hz  target=10.715Hz  err=-16.376Hz  corr=-343.68W  u_ff=110.0W  PCAP→78W  power=78.6W
[PID] perf=27.101Hz  target=10.715Hz  err=-16.385Hz  corr=-343.86W  u_ff=110.0W  PCAP→78W  power=78.9W
[PID] perf=27.124Hz  target=10.715Hz  err=-16.409Hz  corr=-344.29W  u_ff=110.0W  PCAP→78W  power=78.2W
[PID] perf=27.126Hz  target=10.715Hz  err=-16.411Hz  corr=-344.33W  u_ff=110.0W  PCAP→78W  power=78.6W
[PID] perf=27.121Hz  target=10.715Hz  err=-16.405Hz  corr=-344.23W  u_ff=110.0W  PCAP→78W  power=77.7W
[PID] perf=27.091Hz  target=10.715Hz  err=-16.376Hz  corr=-343.68W  u_ff=110.0W  PCAP→78W  power=77.6W
[PID] perf=27.099Hz  target=10.715Hz  err=-16.384Hz  corr=-343.83W  u_ff=110.0W  PCAP→78W  power=77.4W
[PID] perf=27.103Hz  target=10.715Hz  err=-16.387Hz  corr=-343.90W  u_ff=110.0W  PCAP→78W  power=78.6W
[PID] perf=27.065Hz  target=10.715Hz  err=-16.349Hz  corr=-343.19W  u_ff=110.0W  PCAP→78W  power=78.9W
[PID] perf=27.093Hz  target=10.715Hz  err=-16.377Hz  corr=-343.71W  u_ff=110.0W  PCAP→78W  power=78.9W
[PID] perf=27.088Hz  target=10.715Hz  err=-16.373Hz  corr=-343.63W  u_ff=110.0W  PCAP→78W  power=78.4W
[PID] perf=27.135Hz  target=10.715Hz  err=-16.420Hz  corr=-344.50W  u_ff=110.0W  PCAP→78W  power=79.0W
[PID] perf=27.107Hz  target=10.715Hz  err=-16.392Hz  corr=-343.98W  u_ff=110.0W  PCAP→78W  power=79.2W
[PID] perf=27.103Hz  target=10.715Hz  err=-16.388Hz  corr=-343.91W  u_ff=110.0W  PCAP→78W  power=77.0W
[PID] perf=27.103Hz  target=10.715Hz  err=-16.388Hz  corr=-343.90W  u_ff=110.0W  PCAP→78W  power=78.4W
[PID] perf=27.101Hz  target=10.715Hz  err=-16.386Hz  corr=-343.87W  u_ff=110.0W  PCAP→78W  power=76.6W
[PID] perf=27.132Hz  target=10.715Hz  err=-16.416Hz  corr=-344.44W  u_ff=110.0W  PCAP→78W  power=76.5W
[PID] perf=27.088Hz  target=10.715Hz  err=-16.373Hz  corr=-343.63W  u_ff=110.0W  PCAP→78W  power=78.1W
[PID] perf=27.080Hz  target=10.715Hz  err=-16.365Hz  corr=-343.48W  u_ff=110.0W  PCAP→78W  power=78.7W
[PID] perf=27.103Hz  target=10.715Hz  err=-16.388Hz  corr=-343.91W  u_ff=110.0W  PCAP→78W  power=78.4W
[PID] perf=27.087Hz  target=10.715Hz  err=-16.372Hz  corr=-343.62W  u_ff=110.0W  PCAP→78W  power=78.6W
[PID] perf=27.058Hz  target=10.715Hz  err=-16.342Hz  corr=-343.06W  u_ff=110.0W  PCAP→78W  power=78.5W
[PID] perf=27.055Hz  target=10.715Hz  err=-16.339Hz  corr=-343.01W  u_ff=110.0W  PCAP→78W  power=78.6W
[PID] perf=27.049Hz  target=10.715Hz  err=-16.333Hz  corr=-342.90W  u_ff=110.0W  PCAP→78W  power=77.9W
[PID] perf=27.038Hz  target=10.715Hz  err=-16.323Hz  corr=-342.70W  u_ff=110.0W  PCAP→78W  power=78.0W
[PID] perf=27.041Hz  target=10.715Hz  err=-16.326Hz  corr=-342.75W  u_ff=110.0W  PCAP→78W  power=77.3W
[PID] perf=27.105Hz  target=10.715Hz  err=-16.390Hz  corr=-343.94W  u_ff=110.0W  PCAP→78W  power=78.1W
[PID] perf=27.088Hz  target=10.715Hz  err=-16.372Hz  corr=-343.62W  u_ff=110.0W  PCAP→78W  power=79.0W
[PID] perf=27.066Hz  target=10.715Hz  err=-16.351Hz  corr=-343.22W  u_ff=110.0W  PCAP→78W  power=77.0W
[PID] perf=27.063Hz  target=10.715Hz  err=-16.348Hz  corr=-343.16W  u_ff=110.0W  PCAP→78W  power=77.1W
[PID] perf=27.082Hz  target=10.715Hz  err=-16.367Hz  corr=-343.51W  u_ff=110.0W  PCAP→78W  power=79.2W
[PID] perf=27.071Hz  target=10.715Hz  err=-16.356Hz  corr=-343.32W  u_ff=110.0W  PCAP→78W  power=78.2W
[PID] perf=27.089Hz  target=10.715Hz  err=-16.373Hz  corr=-343.64W  u_ff=110.0W  PCAP→78W  power=77.8W
[PID] perf=27.083Hz  target=10.715Hz  err=-16.368Hz  corr=-343.54W  u_ff=110.0W  PCAP→78W  power=77.3W
[PID] perf=27.117Hz  target=10.715Hz  err=-16.401Hz  corr=-344.16W  u_ff=110.0W  PCAP→78W  power=76.8W
[PID] perf=27.125Hz  target=10.715Hz  err=-16.409Hz  corr=-344.30W  u_ff=110.0W  PCAP→78W  power=76.2W
[PID] perf=27.122Hz  target=10.715Hz  err=-16.407Hz  corr=-344.25W  u_ff=110.0W  PCAP→78W  power=76.9W
[PID] perf=27.141Hz  target=10.715Hz  err=-16.425Hz  corr=-344.60W  u_ff=110.0W  PCAP→78W  power=78.8W
[PID] perf=27.105Hz  target=10.715Hz  err=-16.390Hz  corr=-343.95W  u_ff=110.0W  PCAP→78W  power=79.0W
[PID] perf=27.113Hz  target=10.715Hz  err=-16.398Hz  corr=-344.09W  u_ff=110.0W  PCAP→78W  power=79.3W
[PID] perf=27.080Hz  target=10.715Hz  err=-16.364Hz  corr=-343.47W  u_ff=110.0W  PCAP→78W  power=78.6W
[PID] perf=27.109Hz  target=10.715Hz  err=-16.394Hz  corr=-344.02W  u_ff=110.0W  PCAP→78W  power=77.4W
[PID] perf=27.080Hz  target=10.715Hz  err=-16.365Hz  corr=-343.48W  u_ff=110.0W  PCAP→78W  power=79.1W
[PID] perf=27.036Hz  target=10.715Hz  err=-16.321Hz  corr=-342.66W  u_ff=110.0W  PCAP→78W  power=79.1W
[PID] perf=26.922Hz  target=10.715Hz  err=-16.206Hz  corr=-340.54W  u_ff=110.0W  PCAP→78W  power=78.6W
[PID] perf=26.946Hz  target=10.715Hz  err=-16.230Hz  corr=-340.99W  u_ff=110.0W  PCAP→78W  power=78.1W
[PID] perf=26.933Hz  target=10.715Hz  err=-16.218Hz  corr=-340.75W  u_ff=110.0W  PCAP→78W  power=77.1W
[PID] perf=26.954Hz  target=10.715Hz  err=-16.239Hz  corr=-341.14W  u_ff=110.0W  PCAP→78W  power=79.1W
[PID] perf=26.985Hz  target=10.715Hz  err=-16.269Hz  corr=-341.71W  u_ff=110.0W  PCAP→78W  power=76.4W
[PID] perf=26.947Hz  target=10.715Hz  err=-16.232Hz  corr=-341.02W  u_ff=110.0W  PCAP→78W  power=77.5W
[PID] perf=26.965Hz  target=10.715Hz  err=-16.249Hz  corr=-341.34W  u_ff=110.0W  PCAP→78W  power=78.1W
[PID] perf=26.958Hz  target=10.715Hz  err=-16.243Hz  corr=-341.22W  u_ff=110.0W  PCAP→78W  power=78.2W
[PID] perf=26.972Hz  target=10.715Hz  err=-16.256Hz  corr=-341.47W  u_ff=110.0W  PCAP→78W  power=79.0W
[PID] perf=26.954Hz  target=10.715Hz  err=-16.239Hz  corr=-341.15W  u_ff=110.0W  PCAP→78W  power=79.3W
[PID] perf=26.965Hz  target=10.715Hz  err=-16.250Hz  corr=-341.34W  u_ff=110.0W  PCAP→78W  power=77.5W
[PID] perf=26.977Hz  target=10.715Hz  err=-16.261Hz  corr=-341.56W  u_ff=110.0W  PCAP→78W  power=76.5W
[PID] perf=26.952Hz  target=10.715Hz  err=-16.237Hz  corr=-341.11W  u_ff=110.0W  PCAP→78W  power=76.9W
[PID] perf=26.955Hz  target=10.715Hz  err=-16.239Hz  corr=-341.15W  u_ff=110.0W  PCAP→78W  power=76.7W
[PID] perf=26.945Hz  target=10.715Hz  err=-16.230Hz  corr=-340.98W  u_ff=110.0W  PCAP→78W  power=78.8W
[PID] perf=26.951Hz  target=10.715Hz  err=-16.236Hz  corr=-341.09W  u_ff=110.0W  PCAP→78W  power=78.7W
[PID] perf=26.938Hz  target=10.715Hz  err=-16.223Hz  corr=-340.85W  u_ff=110.0W  PCAP→78W  power=78.2W
[PID] perf=26.959Hz  target=10.715Hz  err=-16.244Hz  corr=-341.23W  u_ff=110.0W  PCAP→78W  power=79.0W
[PID] perf=26.967Hz  target=10.715Hz  err=-16.251Hz  corr=-341.38W  u_ff=110.0W  PCAP→78W  power=79.0W
[PID] perf=26.993Hz  target=10.715Hz  err=-16.278Hz  corr=-341.87W  u_ff=110.0W  PCAP→78W  power=77.9W
[PID] perf=26.983Hz  target=10.715Hz  err=-16.267Hz  corr=-341.67W  u_ff=110.0W  PCAP→78W  power=77.1W
[PID] perf=26.936Hz  target=10.715Hz  err=-16.221Hz  corr=-340.81W  u_ff=110.0W  PCAP→78W  power=77.3W
[PID] perf=26.946Hz  target=10.715Hz  err=-16.231Hz  corr=-340.99W  u_ff=110.0W  PCAP→78W  power=78.9W
[PID] perf=26.927Hz  target=10.715Hz  err=-16.211Hz  corr=-340.63W  u_ff=110.0W  PCAP→78W  power=77.7W
[PID] perf=26.983Hz  target=10.715Hz  err=-16.268Hz  corr=-341.68W  u_ff=110.0W  PCAP→78W  power=77.8W
[PID] perf=27.013Hz  target=10.715Hz  err=-16.298Hz  corr=-342.23W  u_ff=110.0W  PCAP→78W  power=78.8W
[PID] perf=26.962Hz  target=10.715Hz  err=-16.246Hz  corr=-341.28W  u_ff=110.0W  PCAP→78W  power=78.9W
[PID] perf=26.945Hz  target=10.715Hz  err=-16.229Hz  corr=-340.97W  u_ff=110.0W  PCAP→78W  power=78.3W
[PID] perf=26.976Hz  target=10.715Hz  err=-16.260Hz  corr=-341.54W  u_ff=110.0W  PCAP→78W  power=78.1W
[PID] perf=26.976Hz  target=10.715Hz  err=-16.261Hz  corr=-341.55W  u_ff=110.0W  PCAP→78W  power=76.6W
[PID] perf=26.984Hz  target=10.715Hz  err=-16.269Hz  corr=-341.70W  u_ff=110.0W  PCAP→78W  power=78.2W
[PID] perf=26.982Hz  target=10.715Hz  err=-16.267Hz  corr=-341.66W  u_ff=110.0W  PCAP→78W  power=76.8W
[PID] perf=26.982Hz  target=10.715Hz  err=-16.267Hz  corr=-341.66W  u_ff=110.0W  PCAP→78W  power=77.2W
[PID] perf=26.968Hz  target=10.715Hz  err=-16.253Hz  corr=-341.40W  u_ff=110.0W  PCAP→78W  power=77.1W
[PID] perf=26.983Hz  target=10.715Hz  err=-16.268Hz  corr=-341.68W  u_ff=110.0W  PCAP→78W  power=76.1W
[PID] perf=27.027Hz  target=10.715Hz  err=-16.312Hz  corr=-342.49W  u_ff=110.0W  PCAP→78W  power=77.6W
[PID] perf=26.994Hz  target=10.715Hz  err=-16.279Hz  corr=-341.88W  u_ff=110.0W  PCAP→78W  power=78.8W
[PID] perf=26.995Hz  target=10.715Hz  err=-16.280Hz  corr=-341.90W  u_ff=110.0W  PCAP→78W  power=78.1W
[PID] perf=26.994Hz  target=10.715Hz  err=-16.278Hz  corr=-341.87W  u_ff=110.0W  PCAP→78W  power=77.0W
[PID] perf=27.002Hz  target=10.715Hz  err=-16.286Hz  corr=-342.03W  u_ff=110.0W  PCAP→78W  power=78.7W
[PID] perf=27.007Hz  target=10.715Hz  err=-16.292Hz  corr=-342.12W  u_ff=110.0W  PCAP→78W  power=77.5W
[PID] perf=26.977Hz  target=10.715Hz  err=-16.262Hz  corr=-341.57W  u_ff=110.0W  PCAP→78W  power=77.6W
[PID] perf=26.955Hz  target=10.715Hz  err=-16.239Hz  corr=-341.15W  u_ff=110.0W  PCAP→78W  power=77.3W
[PID] perf=26.987Hz  target=10.715Hz  err=-16.272Hz  corr=-341.75W  u_ff=110.0W  PCAP→78W  power=77.9W
[PID] perf=26.965Hz  target=10.715Hz  err=-16.250Hz  corr=-341.35W  u_ff=110.0W  PCAP→78W  power=77.2W
[PID] perf=26.990Hz  target=10.715Hz  err=-16.275Hz  corr=-341.81W  u_ff=110.0W  PCAP→78W  power=79.4W
[PID] perf=26.974Hz  target=10.715Hz  err=-16.258Hz  corr=-341.50W  u_ff=110.0W  PCAP→78W  power=78.7W
[PID] perf=26.968Hz  target=10.715Hz  err=-16.252Hz  corr=-341.39W  u_ff=110.0W  PCAP→78W  power=78.6W
[PID] perf=26.972Hz  target=10.715Hz  err=-16.256Hz  corr=-341.47W  u_ff=110.0W  PCAP→78W  power=78.9W
[PID] perf=26.942Hz  target=10.715Hz  err=-16.227Hz  corr=-340.92W  u_ff=110.0W  PCAP→78W  power=78.6W
[PID] perf=26.952Hz  target=10.715Hz  err=-16.237Hz  corr=-341.11W  u_ff=110.0W  PCAP→78W  power=77.4W
[PID] perf=26.976Hz  target=10.715Hz  err=-16.260Hz  corr=-341.54W  u_ff=110.0W  PCAP→78W  power=77.1W
[PID] perf=26.978Hz  target=10.715Hz  err=-16.262Hz  corr=-341.58W  u_ff=110.0W  PCAP→78W  power=76.3W
[PID] perf=26.991Hz  target=10.715Hz  err=-16.275Hz  corr=-341.82W  u_ff=110.0W  PCAP→78W  power=77.5W
[PID] perf=26.958Hz  target=10.715Hz  err=-16.243Hz  corr=-341.22W  u_ff=110.0W  PCAP→78W  power=78.3W
[PID] perf=26.957Hz  target=10.715Hz  err=-16.242Hz  corr=-341.19W  u_ff=110.0W  PCAP→78W  power=78.7W
[PID] perf=26.956Hz  target=10.715Hz  err=-16.241Hz  corr=-341.18W  u_ff=110.0W  PCAP→78W  power=79.1W
[PID] perf=26.952Hz  target=10.715Hz  err=-16.236Hz  corr=-341.10W  u_ff=110.0W  PCAP→78W  power=77.2W
[PID] perf=26.993Hz  target=10.715Hz  err=-16.278Hz  corr=-341.86W  u_ff=110.0W  PCAP→78W  power=78.5W
[PID] perf=26.990Hz  target=10.715Hz  err=-16.275Hz  corr=-341.81W  u_ff=110.0W  PCAP→78W  power=78.2W
[PID] perf=26.956Hz  target=10.715Hz  err=-16.241Hz  corr=-341.18W  u_ff=110.0W  PCAP→78W  power=78.6W
[PID] perf=26.951Hz  target=10.715Hz  err=-16.235Hz  corr=-341.08W  u_ff=110.0W  PCAP→78W  power=79.1W
[PID] perf=27.005Hz  target=10.715Hz  err=-16.290Hz  corr=-342.09W  u_ff=110.0W  PCAP→78W  power=77.8W
[PID] perf=26.999Hz  target=10.715Hz  err=-16.283Hz  corr=-341.97W  u_ff=110.0W  PCAP→78W  power=77.3W
[PID] perf=27.010Hz  target=10.715Hz  err=-16.294Hz  corr=-342.17W  u_ff=110.0W  PCAP→78W  power=77.4W
[PID] perf=26.988Hz  target=10.715Hz  err=-16.272Hz  corr=-341.76W  u_ff=110.0W  PCAP→78W  power=77.4W
[PID] perf=26.989Hz  target=10.715Hz  err=-16.274Hz  corr=-341.79W  u_ff=110.0W  PCAP→78W  power=76.6W
[PID] perf=26.966Hz  target=10.715Hz  err=-16.250Hz  corr=-341.36W  u_ff=110.0W  PCAP→78W  power=78.2W
[PID] perf=26.958Hz  target=10.715Hz  err=-16.243Hz  corr=-341.22W  u_ff=110.0W  PCAP→78W  power=76.7W
[PID] perf=26.941Hz  target=10.715Hz  err=-16.226Hz  corr=-340.90W  u_ff=110.0W  PCAP→78W  power=76.4W
[PID] perf=26.938Hz  target=10.715Hz  err=-16.222Hz  corr=-340.84W  u_ff=110.0W  PCAP→78W  power=76.9W
[PID] perf=26.974Hz  target=10.715Hz  err=-16.259Hz  corr=-341.52W  u_ff=110.0W  PCAP→78W  power=77.3W
[PID] perf=26.976Hz  target=10.715Hz  err=-16.260Hz  corr=-341.54W  u_ff=110.0W  PCAP→78W  power=77.3W
[PID] perf=26.981Hz  target=10.715Hz  err=-16.265Hz  corr=-341.63W  u_ff=110.0W  PCAP→78W  power=77.8W
[PID] perf=26.971Hz  target=10.715Hz  err=-16.256Hz  corr=-341.46W  u_ff=110.0W  PCAP→78W  power=77.1W
[PID] perf=26.989Hz  target=10.715Hz  err=-16.273Hz  corr=-341.78W  u_ff=110.0W  PCAP→78W  power=76.9W
[PID] perf=26.965Hz  target=10.715Hz  err=-16.249Hz  corr=-341.34W  u_ff=110.0W  PCAP→78W  power=78.3W
[PID] perf=26.987Hz  target=10.715Hz  err=-16.272Hz  corr=-341.75W  u_ff=110.0W  PCAP→78W  power=79.1W
[PID] perf=26.991Hz  target=10.715Hz  err=-16.276Hz  corr=-341.83W  u_ff=110.0W  PCAP→78W  power=76.6W
[PID] perf=26.966Hz  target=10.715Hz  err=-16.250Hz  corr=-341.35W  u_ff=110.0W  PCAP→78W  power=78.3W
[PID] perf=26.965Hz  target=10.715Hz  err=-16.250Hz  corr=-341.35W  u_ff=110.0W  PCAP→78W  power=79.1W
[PID] perf=26.953Hz  target=10.715Hz  err=-16.238Hz  corr=-341.12W  u_ff=110.0W  PCAP→78W  power=78.7W
[PID] perf=26.947Hz  target=10.715Hz  err=-16.232Hz  corr=-341.02W  u_ff=110.0W  PCAP→78W  power=77.5W
[PID] perf=26.934Hz  target=10.715Hz  err=-16.219Hz  corr=-340.77W  u_ff=110.0W  PCAP→78W  power=76.6W
[PID] perf=26.951Hz  target=10.715Hz  err=-16.236Hz  corr=-341.09W  u_ff=110.0W  PCAP→78W  power=77.0W
[PID] perf=26.951Hz  target=10.715Hz  err=-16.235Hz  corr=-341.08W  u_ff=110.0W  PCAP→78W  power=76.7W
[PID] perf=26.992Hz  target=10.715Hz  err=-16.276Hz  corr=-341.84W  u_ff=110.0W  PCAP→78W  power=77.2W
[PID] perf=26.973Hz  target=10.715Hz  err=-16.258Hz  corr=-341.49W  u_ff=110.0W  PCAP→78W  power=77.6W
[PID] perf=26.892Hz  target=10.715Hz  err=-16.177Hz  corr=-340.00W  u_ff=110.0W  PCAP→78W  power=77.3W
[PID] perf=26.939Hz  target=10.715Hz  err=-16.224Hz  corr=-340.86W  u_ff=110.0W  PCAP→78W  power=77.1W
[PID] perf=26.972Hz  target=10.715Hz  err=-16.257Hz  corr=-341.48W  u_ff=110.0W  PCAP→78W  power=78.5W
[PID] perf=26.932Hz  target=10.715Hz  err=-16.217Hz  corr=-340.73W  u_ff=110.0W  PCAP→78W  power=79.5W
[PID] perf=26.945Hz  target=10.715Hz  err=-16.229Hz  corr=-340.97W  u_ff=110.0W  PCAP→78W  power=78.0W
[PID] perf=26.972Hz  target=10.715Hz  err=-16.257Hz  corr=-341.48W  u_ff=110.0W  PCAP→78W  power=78.7W
[PID] perf=26.956Hz  target=10.715Hz  err=-16.240Hz  corr=-341.17W  u_ff=110.0W  PCAP→78W  power=78.5W
[PID] perf=26.994Hz  target=10.715Hz  err=-16.279Hz  corr=-341.89W  u_ff=110.0W  PCAP→78W  power=78.8W
[PID] perf=26.958Hz  target=10.715Hz  err=-16.243Hz  corr=-341.22W  u_ff=110.0W  PCAP→78W  power=77.4W
[PID] perf=26.971Hz  target=10.715Hz  err=-16.256Hz  corr=-341.45W  u_ff=110.0W  PCAP→78W  power=77.0W
[PID] perf=26.937Hz  target=10.715Hz  err=-16.222Hz  corr=-340.83W  u_ff=110.0W  PCAP→78W  power=76.9W
[PID] perf=26.988Hz  target=10.715Hz  err=-16.273Hz  corr=-341.77W  u_ff=110.0W  PCAP→78W  power=76.8W
[PID] perf=26.958Hz  target=10.715Hz  err=-16.242Hz  corr=-341.21W  u_ff=110.0W  PCAP→78W  power=78.0W
[PID] perf=26.901Hz  target=10.715Hz  err=-16.186Hz  corr=-340.16W  u_ff=110.0W  PCAP→78W  power=78.5W
[PID] perf=26.925Hz  target=10.715Hz  err=-16.210Hz  corr=-340.61W  u_ff=110.0W  PCAP→78W  power=79.0W
[PID] perf=26.946Hz  target=10.715Hz  err=-16.230Hz  corr=-340.98W  u_ff=110.0W  PCAP→78W  power=79.1W
[PID] perf=26.940Hz  target=10.715Hz  err=-16.225Hz  corr=-340.88W  u_ff=110.0W  PCAP→78W  power=79.1W
[PID] perf=26.941Hz  target=10.715Hz  err=-16.225Hz  corr=-340.89W  u_ff=110.0W  PCAP→78W  power=77.6W
[PID] perf=26.966Hz  target=10.715Hz  err=-16.250Hz  corr=-341.36W  u_ff=110.0W  PCAP→78W  power=77.4W
[PID] perf=26.953Hz  target=10.715Hz  err=-16.238Hz  corr=-341.13W  u_ff=110.0W  PCAP→78W  power=78.3W
[PID] perf=26.956Hz  target=10.715Hz  err=-16.240Hz  corr=-341.17W  u_ff=110.0W  PCAP→78W  power=78.0W
[PID] perf=26.944Hz  target=10.715Hz  err=-16.228Hz  corr=-340.95W  u_ff=110.0W  PCAP→78W  power=77.2W
[PID] perf=26.966Hz  target=10.715Hz  err=-16.251Hz  corr=-341.37W  u_ff=110.0W  PCAP→78W  power=79.0W
[PID] perf=26.954Hz  target=10.715Hz  err=-16.238Hz  corr=-341.14W  u_ff=110.0W  PCAP→78W  power=78.3W
[PID] perf=26.953Hz  target=10.715Hz  err=-16.238Hz  corr=-341.13W  u_ff=110.0W  PCAP→78W  power=78.2W
[PID] perf=26.980Hz  target=10.715Hz  err=-16.265Hz  corr=-341.63W  u_ff=110.0W  PCAP→78W  power=79.4W
[PID] perf=26.956Hz  target=10.715Hz  err=-16.240Hz  corr=-341.17W  u_ff=110.0W  PCAP→78W  power=77.8W
[PID] perf=26.947Hz  target=10.715Hz  err=-16.231Hz  corr=-341.01W  u_ff=110.0W  PCAP→78W  power=77.5W
[PID] perf=26.943Hz  target=10.715Hz  err=-16.227Hz  corr=-340.93W  u_ff=110.0W  PCAP→78W  power=76.9W
[PID] perf=26.926Hz  target=10.715Hz  err=-16.211Hz  corr=-340.62W  u_ff=110.0W  PCAP→78W  power=77.8W
[PID] perf=26.946Hz  target=10.715Hz  err=-16.230Hz  corr=-340.98W  u_ff=110.0W  PCAP→78W  power=77.2W
[PID] perf=26.945Hz  target=10.715Hz  err=-16.229Hz  corr=-340.97W  u_ff=110.0W  PCAP→78W  power=77.2W
[PID] perf=26.929Hz  target=10.715Hz  err=-16.214Hz  corr=-340.68W  u_ff=110.0W  PCAP→78W  power=76.7W
[PID] perf=26.947Hz  target=10.715Hz  err=-16.231Hz  corr=-341.00W  u_ff=110.0W  PCAP→78W  power=76.4W
[PID] perf=26.960Hz  target=10.715Hz  err=-16.245Hz  corr=-341.25W  u_ff=110.0W  PCAP→78W  power=79.4W
[PID] perf=26.957Hz  target=10.715Hz  err=-16.241Hz  corr=-341.19W  u_ff=110.0W  PCAP→78W  power=77.7W
[PID] perf=26.944Hz  target=10.715Hz  err=-16.229Hz  corr=-340.96W  u_ff=110.0W  PCAP→78W  power=78.0W
[PID] perf=26.952Hz  target=10.715Hz  err=-16.236Hz  corr=-341.10W  u_ff=110.0W  PCAP→78W  power=78.7W
[PID] perf=26.950Hz  target=10.715Hz  err=-16.235Hz  corr=-341.07W  u_ff=110.0W  PCAP→78W  power=77.7W
[PID] perf=26.955Hz  target=10.715Hz  err=-16.240Hz  corr=-341.16W  u_ff=110.0W  PCAP→78W  power=77.7W
[PID] perf=26.922Hz  target=10.715Hz  err=-16.206Hz  corr=-340.54W  u_ff=110.0W  PCAP→78W  power=78.4W
[PID] perf=26.964Hz  target=10.715Hz  err=-16.249Hz  corr=-341.33W  u_ff=110.0W  PCAP→78W  power=78.1W
[PID] perf=26.939Hz  target=10.715Hz  err=-16.223Hz  corr=-340.85W  u_ff=110.0W  PCAP→78W  power=79.0W
[PID] perf=26.948Hz  target=10.715Hz  err=-16.232Hz  corr=-341.02W  u_ff=110.0W  PCAP→78W  power=77.9W
[PID] perf=26.943Hz  target=10.715Hz  err=-16.228Hz  corr=-340.94W  u_ff=110.0W  PCAP→78W  power=76.6W
[PID] perf=26.931Hz  target=10.715Hz  err=-16.216Hz  corr=-340.72W  u_ff=110.0W  PCAP→78W  power=78.2W
[PID] perf=26.943Hz  target=10.715Hz  err=-16.228Hz  corr=-340.94W  u_ff=110.0W  PCAP→78W  power=78.4W
[PID] perf=26.933Hz  target=10.715Hz  err=-16.218Hz  corr=-340.75W  u_ff=110.0W  PCAP→78W  power=78.4W
[PID] perf=26.940Hz  target=10.715Hz  err=-16.224Hz  corr=-340.88W  u_ff=110.0W  PCAP→78W  power=78.4W
[PID] perf=26.937Hz  target=10.715Hz  err=-16.222Hz  corr=-340.83W  u_ff=110.0W  PCAP→78W  power=77.3W
[PID] perf=26.982Hz  target=10.715Hz  err=-16.266Hz  corr=-341.65W  u_ff=110.0W  PCAP→78W  power=77.2W
[PID] perf=26.931Hz  target=10.715Hz  err=-16.216Hz  corr=-340.72W  u_ff=110.0W  PCAP→78W  power=77.2W
[PID] perf=26.918Hz  target=10.715Hz  err=-16.203Hz  corr=-340.47W  u_ff=110.0W  PCAP→78W  power=76.5W
[PID] perf=26.940Hz  target=10.715Hz  err=-16.225Hz  corr=-340.89W  u_ff=110.0W  PCAP→78W  power=77.2W
[PID] perf=26.909Hz  target=10.715Hz  err=-16.194Hz  corr=-340.31W  u_ff=110.0W  PCAP→78W  power=78.6W
[PID] perf=26.936Hz  target=10.715Hz  err=-16.221Hz  corr=-340.81W  u_ff=110.0W  PCAP→78W  power=76.9W
[PID] perf=26.925Hz  target=10.715Hz  err=-16.210Hz  corr=-340.61W  u_ff=110.0W  PCAP→78W  power=78.1W
[PID] perf=27.013Hz  target=10.715Hz  err=-16.298Hz  corr=-342.23W  u_ff=110.0W  PCAP→78W  power=77.6W
[PID] perf=26.989Hz  target=10.715Hz  err=-16.273Hz  corr=-341.78W  u_ff=110.0W  PCAP→78W  power=78.8W
[PID] perf=26.968Hz  target=10.715Hz  err=-16.252Hz  corr=-341.40W  u_ff=110.0W  PCAP→78W  power=77.6W
[PID] perf=26.898Hz  target=10.715Hz  err=-16.183Hz  corr=-340.11W  u_ff=110.0W  PCAP→78W  power=78.3W
[PID] perf=26.956Hz  target=10.715Hz  err=-16.240Hz  corr=-341.17W  u_ff=110.0W  PCAP→78W  power=78.8W
[PID] perf=26.929Hz  target=10.715Hz  err=-16.214Hz  corr=-340.68W  u_ff=110.0W  PCAP→78W  power=79.1W
[PID] perf=26.925Hz  target=10.715Hz  err=-16.210Hz  corr=-340.61W  u_ff=110.0W  PCAP→78W  power=79.1W
[PID] perf=26.930Hz  target=10.715Hz  err=-16.215Hz  corr=-340.70W  u_ff=110.0W  PCAP→78W  power=77.8W
[PID] perf=26.891Hz  target=10.715Hz  err=-16.175Hz  corr=-339.97W  u_ff=110.0W  PCAP→78W  power=76.4W
[PID] perf=26.936Hz  target=10.715Hz  err=-16.221Hz  corr=-340.81W  u_ff=110.0W  PCAP→78W  power=77.1W
[PID] perf=26.910Hz  target=10.715Hz  err=-16.194Hz  corr=-340.32W  u_ff=110.0W  PCAP→78W  power=76.7W
[PID] perf=26.926Hz  target=10.715Hz  err=-16.210Hz  corr=-340.62W  u_ff=110.0W  PCAP→78W  power=77.0W
[PID] perf=26.930Hz  target=10.715Hz  err=-16.215Hz  corr=-340.69W  u_ff=110.0W  PCAP→78W  power=78.3W
[PID] perf=26.952Hz  target=10.715Hz  err=-16.237Hz  corr=-341.11W  u_ff=110.0W  PCAP→78W  power=78.8W
[PID] perf=26.936Hz  target=10.715Hz  err=-16.221Hz  corr=-340.81W  u_ff=110.0W  PCAP→78W  power=78.6W
[PID] perf=26.933Hz  target=10.715Hz  err=-16.217Hz  corr=-340.74W  u_ff=110.0W  PCAP→78W  power=79.1W
[PID] perf=26.935Hz  target=10.715Hz  err=-16.220Hz  corr=-340.79W  u_ff=110.0W  PCAP→78W  power=77.1W
[PID] perf=26.948Hz  target=10.715Hz  err=-16.233Hz  corr=-341.04W  u_ff=110.0W  PCAP→78W  power=77.0W
[PID] perf=26.960Hz  target=10.715Hz  err=-16.245Hz  corr=-341.25W  u_ff=110.0W  PCAP→78W  power=77.1W
[PID] perf=26.941Hz  target=10.715Hz  err=-16.226Hz  corr=-340.90W  u_ff=110.0W  PCAP→78W  power=77.3W
Process completed.
Compressed into /home/cc/summer2024/main_codes/pid_controller/../experiment_data/PID_Control_sweep/ones-npb-cg/compressed_iteration_20260513_123201.tar
----------------------------------

>>> Step 3/3

[ones-npb-cg]
  target perf      : 10.7154 Hz
  coefficients_perf: [-0.0006547837485238978, 0.18607436314256556, -1.8317688501798497]
  feedforward PCAP : 110.04 W  →  112 W (snapped)
  Perf(u_ff) check : 10.7154 Hz  (should ≈ target)
  PID gains        : Kp=18.5447 W/Hz  Ki=1.85447 W/(Hz·s)  Kd=0.0000
[PID] Awaiting data — feedforward PCAP=112W
[PID] Awaiting data — feedforward PCAP=112W
[PID] Awaiting data — feedforward PCAP=112W
[PID] Awaiting data — feedforward PCAP=112W
[PID] Awaiting data — feedforward PCAP=112W
[PID] Awaiting data — feedforward PCAP=112W
[PID] perf=20.345Hz  target=10.715Hz  err=-9.629Hz  corr=-214.29W  u_ff=110.0W  PCAP→78W  power=nanW
[PID] perf=18.063Hz  target=10.715Hz  err=-7.347Hz  corr=-176.25W  u_ff=110.0W  PCAP→78W  power=78.4W
[PID] perf=18.124Hz  target=10.715Hz  err=-7.409Hz  corr=-177.39W  u_ff=110.0W  PCAP→78W  power=78.4W
[PID] perf=18.151Hz  target=10.715Hz  err=-7.436Hz  corr=-177.89W  u_ff=110.0W  PCAP→78W  power=78.5W
[PID] perf=28.684Hz  target=10.715Hz  err=-17.968Hz  corr=-373.22W  u_ff=110.0W  PCAP→78W  power=77.2W
[PID] perf=29.254Hz  target=10.715Hz  err=-18.538Hz  corr=-383.78W  u_ff=110.0W  PCAP→78W  power=76.5W
[PID] perf=29.289Hz  target=10.715Hz  err=-18.574Hz  corr=-384.44W  u_ff=110.0W  PCAP→78W  power=79.0W
[PID] perf=29.289Hz  target=10.715Hz  err=-18.574Hz  corr=-384.45W  u_ff=110.0W  PCAP→78W  power=78.6W
[PID] perf=29.310Hz  target=10.715Hz  err=-18.594Hz  corr=-384.83W  u_ff=110.0W  PCAP→78W  power=77.5W
[PID] perf=29.311Hz  target=10.715Hz  err=-18.595Hz  corr=-384.84W  u_ff=110.0W  PCAP→78W  power=79.7W
[PID] perf=29.285Hz  target=10.715Hz  err=-18.570Hz  corr=-384.37W  u_ff=110.0W  PCAP→78W  power=77.8W
[PID] perf=29.341Hz  target=10.715Hz  err=-18.626Hz  corr=-385.41W  u_ff=110.0W  PCAP→78W  power=76.4W
[PID] perf=29.334Hz  target=10.715Hz  err=-18.619Hz  corr=-385.28W  u_ff=110.0W  PCAP→78W  power=77.7W
[PID] perf=29.299Hz  target=10.715Hz  err=-18.584Hz  corr=-384.64W  u_ff=110.0W  PCAP→78W  power=77.4W
[PID] perf=29.345Hz  target=10.715Hz  err=-18.630Hz  corr=-385.48W  u_ff=110.0W  PCAP→78W  power=78.2W
[PID] perf=29.339Hz  target=10.715Hz  err=-18.624Hz  corr=-385.37W  u_ff=110.0W  PCAP→78W  power=78.1W
[PID] perf=29.267Hz  target=10.715Hz  err=-18.552Hz  corr=-384.04W  u_ff=110.0W  PCAP→78W  power=77.0W
[PID] perf=29.307Hz  target=10.715Hz  err=-18.591Hz  corr=-384.77W  u_ff=110.0W  PCAP→78W  power=77.6W
[PID] perf=29.248Hz  target=10.715Hz  err=-18.533Hz  corr=-383.68W  u_ff=110.0W  PCAP→78W  power=77.7W
[PID] perf=27.401Hz  target=10.715Hz  err=-16.686Hz  corr=-349.43W  u_ff=110.0W  PCAP→78W  power=77.2W
[PID] perf=29.313Hz  target=10.715Hz  err=-18.598Hz  corr=-384.90W  u_ff=110.0W  PCAP→78W  power=76.8W
[PID] perf=29.337Hz  target=10.715Hz  err=-18.622Hz  corr=-385.34W  u_ff=110.0W  PCAP→78W  power=78.8W
[PID] perf=29.317Hz  target=10.715Hz  err=-18.602Hz  corr=-384.96W  u_ff=110.0W  PCAP→78W  power=77.5W
[PID] perf=29.339Hz  target=10.715Hz  err=-18.624Hz  corr=-385.37W  u_ff=110.0W  PCAP→78W  power=78.4W
[PID] perf=29.330Hz  target=10.715Hz  err=-18.614Hz  corr=-385.20W  u_ff=110.0W  PCAP→78W  power=79.2W
[PID] perf=29.263Hz  target=10.715Hz  err=-18.548Hz  corr=-383.96W  u_ff=110.0W  PCAP→78W  power=78.4W
[PID] perf=29.296Hz  target=10.715Hz  err=-18.580Hz  corr=-384.57W  u_ff=110.0W  PCAP→78W  power=78.4W
[PID] perf=27.100Hz  target=10.715Hz  err=-16.385Hz  corr=-343.85W  u_ff=110.0W  PCAP→78W  power=77.1W
[PID] perf=29.357Hz  target=10.715Hz  err=-18.641Hz  corr=-385.69W  u_ff=110.0W  PCAP→78W  power=76.3W
[PID] perf=29.385Hz  target=10.715Hz  err=-18.670Hz  corr=-386.22W  u_ff=110.0W  PCAP→78W  power=77.8W
[PID] perf=29.385Hz  target=10.715Hz  err=-18.669Hz  corr=-386.22W  u_ff=110.0W  PCAP→78W  power=79.4W
[PID] perf=29.375Hz  target=10.715Hz  err=-18.660Hz  corr=-386.04W  u_ff=110.0W  PCAP→78W  power=78.3W
[PID] perf=29.416Hz  target=10.715Hz  err=-18.701Hz  corr=-386.80W  u_ff=110.0W  PCAP→78W  power=77.1W
[PID] perf=29.388Hz  target=10.715Hz  err=-18.673Hz  corr=-386.29W  u_ff=110.0W  PCAP→78W  power=77.5W
[PID] perf=29.391Hz  target=10.715Hz  err=-18.676Hz  corr=-386.33W  u_ff=110.0W  PCAP→78W  power=77.1W
[PID] perf=29.423Hz  target=10.715Hz  err=-18.708Hz  corr=-386.93W  u_ff=110.0W  PCAP→78W  power=77.9W
[PID] perf=29.396Hz  target=10.715Hz  err=-18.681Hz  corr=-386.43W  u_ff=110.0W  PCAP→78W  power=78.1W
[PID] perf=29.400Hz  target=10.715Hz  err=-18.685Hz  corr=-386.50W  u_ff=110.0W  PCAP→78W  power=77.2W
[PID] perf=29.362Hz  target=10.715Hz  err=-18.647Hz  corr=-385.80W  u_ff=110.0W  PCAP→78W  power=76.4W
[PID] perf=29.399Hz  target=10.715Hz  err=-18.684Hz  corr=-386.48W  u_ff=110.0W  PCAP→78W  power=77.2W
[PID] perf=29.355Hz  target=10.715Hz  err=-18.640Hz  corr=-385.67W  u_ff=110.0W  PCAP→78W  power=77.5W
[PID] perf=29.393Hz  target=10.715Hz  err=-18.677Hz  corr=-386.37W  u_ff=110.0W  PCAP→78W  power=79.0W
[PID] perf=29.394Hz  target=10.715Hz  err=-18.678Hz  corr=-386.38W  u_ff=110.0W  PCAP→78W  power=78.2W
[PID] perf=29.370Hz  target=10.715Hz  err=-18.655Hz  corr=-385.95W  u_ff=110.0W  PCAP→78W  power=77.8W
[PID] perf=29.424Hz  target=10.715Hz  err=-18.708Hz  corr=-386.94W  u_ff=110.0W  PCAP→78W  power=76.9W
[PID] perf=29.425Hz  target=10.715Hz  err=-18.709Hz  corr=-386.96W  u_ff=110.0W  PCAP→78W  power=78.3W
[PID] perf=29.377Hz  target=10.715Hz  err=-18.662Hz  corr=-386.08W  u_ff=110.0W  PCAP→78W  power=78.9W
[PID] perf=29.388Hz  target=10.715Hz  err=-18.673Hz  corr=-386.28W  u_ff=110.0W  PCAP→78W  power=76.9W
[PID] perf=28.296Hz  target=10.715Hz  err=-17.580Hz  corr=-366.02W  u_ff=110.0W  PCAP→78W  power=76.4W
[PID] perf=27.555Hz  target=10.715Hz  err=-16.840Hz  corr=-352.29W  u_ff=110.0W  PCAP→78W  power=78.4W
[PID] perf=27.572Hz  target=10.715Hz  err=-16.857Hz  corr=-352.60W  u_ff=110.0W  PCAP→78W  power=78.2W
[PID] perf=27.520Hz  target=10.715Hz  err=-16.805Hz  corr=-351.64W  u_ff=110.0W  PCAP→78W  power=77.0W
[PID] perf=27.560Hz  target=10.715Hz  err=-16.845Hz  corr=-352.38W  u_ff=110.0W  PCAP→78W  power=77.1W
[PID] perf=27.539Hz  target=10.715Hz  err=-16.823Hz  corr=-351.98W  u_ff=110.0W  PCAP→78W  power=76.7W
[PID] perf=27.540Hz  target=10.715Hz  err=-16.825Hz  corr=-352.01W  u_ff=110.0W  PCAP→78W  power=76.3W
[PID] perf=27.549Hz  target=10.715Hz  err=-16.834Hz  corr=-352.17W  u_ff=110.0W  PCAP→78W  power=77.0W
[PID] perf=27.576Hz  target=10.715Hz  err=-16.861Hz  corr=-352.68W  u_ff=110.0W  PCAP→78W  power=79.4W
[PID] perf=27.582Hz  target=10.715Hz  err=-16.867Hz  corr=-352.80W  u_ff=110.0W  PCAP→78W  power=76.3W
[PID] perf=27.593Hz  target=10.715Hz  err=-16.878Hz  corr=-352.99W  u_ff=110.0W  PCAP→78W  power=77.9W
[PID] perf=29.320Hz  target=10.715Hz  err=-18.604Hz  corr=-385.01W  u_ff=110.0W  PCAP→78W  power=78.3W
[PID] perf=29.397Hz  target=10.715Hz  err=-18.682Hz  corr=-386.44W  u_ff=110.0W  PCAP→78W  power=78.9W
[PID] perf=29.390Hz  target=10.715Hz  err=-18.674Hz  corr=-386.31W  u_ff=110.0W  PCAP→78W  power=78.7W
[PID] perf=29.377Hz  target=10.715Hz  err=-18.661Hz  corr=-386.07W  u_ff=110.0W  PCAP→78W  power=77.7W
[PID] perf=29.423Hz  target=10.715Hz  err=-18.708Hz  corr=-386.93W  u_ff=110.0W  PCAP→78W  power=77.9W
[PID] perf=29.343Hz  target=10.715Hz  err=-18.627Hz  corr=-385.44W  u_ff=110.0W  PCAP→78W  power=78.6W
[PID] perf=29.411Hz  target=10.715Hz  err=-18.695Hz  corr=-386.70W  u_ff=110.0W  PCAP→78W  power=79.0W
[PID] perf=29.409Hz  target=10.715Hz  err=-18.694Hz  corr=-386.67W  u_ff=110.0W  PCAP→78W  power=78.2W
[PID] perf=29.383Hz  target=10.715Hz  err=-18.668Hz  corr=-386.18W  u_ff=110.0W  PCAP→78W  power=77.5W
[PID] perf=29.374Hz  target=10.715Hz  err=-18.659Hz  corr=-386.03W  u_ff=110.0W  PCAP→78W  power=79.3W
[PID] perf=29.401Hz  target=10.715Hz  err=-18.686Hz  corr=-386.52W  u_ff=110.0W  PCAP→78W  power=78.8W
[PID] perf=29.421Hz  target=10.715Hz  err=-18.706Hz  corr=-386.90W  u_ff=110.0W  PCAP→78W  power=79.0W
[PID] perf=29.364Hz  target=10.715Hz  err=-18.648Hz  corr=-385.82W  u_ff=110.0W  PCAP→78W  power=76.3W
[PID] perf=29.367Hz  target=10.715Hz  err=-18.652Hz  corr=-385.89W  u_ff=110.0W  PCAP→78W  power=76.2W
[PID] perf=29.345Hz  target=10.715Hz  err=-18.629Hz  corr=-385.47W  u_ff=110.0W  PCAP→78W  power=79.1W
[PID] perf=29.377Hz  target=10.715Hz  err=-18.662Hz  corr=-386.08W  u_ff=110.0W  PCAP→78W  power=77.5W
[PID] perf=29.313Hz  target=10.715Hz  err=-18.598Hz  corr=-384.88W  u_ff=110.0W  PCAP→78W  power=77.2W
[PID] perf=29.306Hz  target=10.715Hz  err=-18.591Hz  corr=-384.77W  u_ff=110.0W  PCAP→78W  power=78.0W
[PID] perf=29.321Hz  target=10.715Hz  err=-18.606Hz  corr=-385.04W  u_ff=110.0W  PCAP→78W  power=77.7W
[PID] perf=29.363Hz  target=10.715Hz  err=-18.648Hz  corr=-385.82W  u_ff=110.0W  PCAP→78W  power=77.5W
[PID] perf=29.325Hz  target=10.715Hz  err=-18.610Hz  corr=-385.11W  u_ff=110.0W  PCAP→78W  power=77.0W
[PID] perf=29.326Hz  target=10.715Hz  err=-18.611Hz  corr=-385.13W  u_ff=110.0W  PCAP→78W  power=77.7W
[PID] perf=29.307Hz  target=10.715Hz  err=-18.591Hz  corr=-384.77W  u_ff=110.0W  PCAP→78W  power=79.1W
[PID] perf=29.366Hz  target=10.715Hz  err=-18.651Hz  corr=-385.87W  u_ff=110.0W  PCAP→78W  power=76.9W
[PID] perf=29.324Hz  target=10.715Hz  err=-18.608Hz  corr=-385.09W  u_ff=110.0W  PCAP→78W  power=78.1W
[PID] perf=29.382Hz  target=10.715Hz  err=-18.667Hz  corr=-386.17W  u_ff=110.0W  PCAP→78W  power=78.8W
[PID] perf=29.384Hz  target=10.715Hz  err=-18.668Hz  corr=-386.19W  u_ff=110.0W  PCAP→78W  power=79.0W
[PID] perf=29.408Hz  target=10.715Hz  err=-18.692Hz  corr=-386.64W  u_ff=110.0W  PCAP→78W  power=77.5W
[PID] perf=29.317Hz  target=10.715Hz  err=-18.602Hz  corr=-384.96W  u_ff=110.0W  PCAP→78W  power=77.9W
[PID] perf=29.324Hz  target=10.715Hz  err=-18.609Hz  corr=-385.10W  u_ff=110.0W  PCAP→78W  power=77.9W
[PID] perf=29.309Hz  target=10.715Hz  err=-18.594Hz  corr=-384.81W  u_ff=110.0W  PCAP→78W  power=79.2W
[PID] perf=29.340Hz  target=10.715Hz  err=-18.625Hz  corr=-385.39W  u_ff=110.0W  PCAP→78W  power=78.7W
[PID] perf=29.290Hz  target=10.715Hz  err=-18.575Hz  corr=-384.47W  u_ff=110.0W  PCAP→78W  power=76.9W
[PID] perf=29.321Hz  target=10.715Hz  err=-18.605Hz  corr=-385.03W  u_ff=110.0W  PCAP→78W  power=78.7W
[PID] perf=29.332Hz  target=10.715Hz  err=-18.617Hz  corr=-385.24W  u_ff=110.0W  PCAP→78W  power=78.2W
[PID] perf=29.323Hz  target=10.715Hz  err=-18.607Hz  corr=-385.07W  u_ff=110.0W  PCAP→78W  power=78.1W
[PID] perf=29.336Hz  target=10.715Hz  err=-18.620Hz  corr=-385.30W  u_ff=110.0W  PCAP→78W  power=76.7W
[PID] perf=29.327Hz  target=10.715Hz  err=-18.612Hz  corr=-385.15W  u_ff=110.0W  PCAP→78W  power=79.1W
[PID] perf=29.311Hz  target=10.715Hz  err=-18.595Hz  corr=-384.85W  u_ff=110.0W  PCAP→78W  power=78.1W
[PID] perf=29.366Hz  target=10.715Hz  err=-18.651Hz  corr=-385.87W  u_ff=110.0W  PCAP→78W  power=77.8W
[PID] perf=29.386Hz  target=10.715Hz  err=-18.671Hz  corr=-386.25W  u_ff=110.0W  PCAP→78W  power=77.6W
[PID] perf=29.400Hz  target=10.715Hz  err=-18.685Hz  corr=-386.50W  u_ff=110.0W  PCAP→78W  power=78.1W
[PID] perf=29.346Hz  target=10.715Hz  err=-18.630Hz  corr=-385.49W  u_ff=110.0W  PCAP→78W  power=77.4W
[PID] perf=29.336Hz  target=10.715Hz  err=-18.621Hz  corr=-385.32W  u_ff=110.0W  PCAP→78W  power=76.8W
[PID] perf=29.322Hz  target=10.715Hz  err=-18.607Hz  corr=-385.06W  u_ff=110.0W  PCAP→78W  power=78.2W
[PID] perf=29.373Hz  target=10.715Hz  err=-18.658Hz  corr=-386.00W  u_ff=110.0W  PCAP→78W  power=78.7W
[PID] perf=29.332Hz  target=10.715Hz  err=-18.616Hz  corr=-385.23W  u_ff=110.0W  PCAP→78W  power=78.0W
[PID] perf=29.389Hz  target=10.715Hz  err=-18.673Hz  corr=-386.29W  u_ff=110.0W  PCAP→78W  power=79.0W
[PID] perf=29.353Hz  target=10.715Hz  err=-18.638Hz  corr=-385.63W  u_ff=110.0W  PCAP→78W  power=76.8W
[PID] perf=29.319Hz  target=10.715Hz  err=-18.604Hz  corr=-385.01W  u_ff=110.0W  PCAP→78W  power=76.8W
[PID] perf=29.305Hz  target=10.715Hz  err=-18.589Hz  corr=-384.73W  u_ff=110.0W  PCAP→78W  power=76.4W
[PID] perf=29.268Hz  target=10.715Hz  err=-18.553Hz  corr=-384.05W  u_ff=110.0W  PCAP→78W  power=78.7W
[PID] perf=29.336Hz  target=10.715Hz  err=-18.621Hz  corr=-385.32W  u_ff=110.0W  PCAP→78W  power=77.8W
[PID] perf=29.344Hz  target=10.715Hz  err=-18.629Hz  corr=-385.47W  u_ff=110.0W  PCAP→78W  power=77.1W
[PID] perf=29.370Hz  target=10.715Hz  err=-18.654Hz  corr=-385.94W  u_ff=110.0W  PCAP→78W  power=78.6W
[PID] perf=29.337Hz  target=10.715Hz  err=-18.621Hz  corr=-385.33W  u_ff=110.0W  PCAP→78W  power=79.6W
[PID] perf=29.360Hz  target=10.715Hz  err=-18.645Hz  corr=-385.76W  u_ff=110.0W  PCAP→78W  power=78.7W
[PID] perf=29.353Hz  target=10.715Hz  err=-18.637Hz  corr=-385.62W  u_ff=110.0W  PCAP→78W  power=79.1W
[PID] perf=29.368Hz  target=10.715Hz  err=-18.653Hz  corr=-385.91W  u_ff=110.0W  PCAP→78W  power=77.4W
[PID] perf=29.335Hz  target=10.715Hz  err=-18.620Hz  corr=-385.30W  u_ff=110.0W  PCAP→78W  power=78.9W
[PID] perf=29.367Hz  target=10.715Hz  err=-18.651Hz  corr=-385.88W  u_ff=110.0W  PCAP→78W  power=78.7W
[PID] perf=29.347Hz  target=10.715Hz  err=-18.631Hz  corr=-385.51W  u_ff=110.0W  PCAP→78W  power=77.2W
[PID] perf=29.363Hz  target=10.715Hz  err=-18.647Hz  corr=-385.81W  u_ff=110.0W  PCAP→78W  power=76.7W
[PID] perf=29.329Hz  target=10.715Hz  err=-18.614Hz  corr=-385.19W  u_ff=110.0W  PCAP→78W  power=77.0W
[PID] perf=29.341Hz  target=10.715Hz  err=-18.626Hz  corr=-385.41W  u_ff=110.0W  PCAP→78W  power=78.4W
[PID] perf=29.314Hz  target=10.715Hz  err=-18.599Hz  corr=-384.91W  u_ff=110.0W  PCAP→78W  power=78.9W
[PID] perf=29.334Hz  target=10.715Hz  err=-18.618Hz  corr=-385.27W  u_ff=110.0W  PCAP→78W  power=79.3W
[PID] perf=29.373Hz  target=10.715Hz  err=-18.657Hz  corr=-385.99W  u_ff=110.0W  PCAP→78W  power=76.3W
[PID] perf=29.360Hz  target=10.715Hz  err=-18.645Hz  corr=-385.76W  u_ff=110.0W  PCAP→78W  power=78.3W
[PID] perf=29.345Hz  target=10.715Hz  err=-18.630Hz  corr=-385.48W  u_ff=110.0W  PCAP→78W  power=79.0W
[PID] perf=29.343Hz  target=10.715Hz  err=-18.628Hz  corr=-385.45W  u_ff=110.0W  PCAP→78W  power=77.3W
[PID] perf=29.342Hz  target=10.715Hz  err=-18.626Hz  corr=-385.42W  u_ff=110.0W  PCAP→78W  power=77.8W
[PID] perf=29.334Hz  target=10.715Hz  err=-18.618Hz  corr=-385.27W  u_ff=110.0W  PCAP→78W  power=78.7W
[PID] perf=29.350Hz  target=10.715Hz  err=-18.634Hz  corr=-385.57W  u_ff=110.0W  PCAP→78W  power=78.9W
[PID] perf=29.306Hz  target=10.715Hz  err=-18.591Hz  corr=-384.76W  u_ff=110.0W  PCAP→78W  power=77.6W
[PID] perf=29.326Hz  target=10.715Hz  err=-18.611Hz  corr=-385.13W  u_ff=110.0W  PCAP→78W  power=77.1W
[PID] perf=29.337Hz  target=10.715Hz  err=-18.621Hz  corr=-385.33W  u_ff=110.0W  PCAP→78W  power=76.3W
[PID] perf=29.346Hz  target=10.715Hz  err=-18.630Hz  corr=-385.49W  u_ff=110.0W  PCAP→78W  power=76.8W
[PID] perf=29.334Hz  target=10.715Hz  err=-18.618Hz  corr=-385.27W  u_ff=110.0W  PCAP→78W  power=76.8W
[PID] perf=29.328Hz  target=10.715Hz  err=-18.612Hz  corr=-385.16W  u_ff=110.0W  PCAP→78W  power=77.9W
[PID] perf=29.319Hz  target=10.715Hz  err=-18.603Hz  corr=-384.99W  u_ff=110.0W  PCAP→78W  power=79.2W
[PID] perf=29.332Hz  target=10.715Hz  err=-18.617Hz  corr=-385.25W  u_ff=110.0W  PCAP→78W  power=76.8W
[PID] perf=29.295Hz  target=10.715Hz  err=-18.580Hz  corr=-384.55W  u_ff=110.0W  PCAP→78W  power=77.1W
[PID] perf=29.349Hz  target=10.715Hz  err=-18.634Hz  corr=-385.56W  u_ff=110.0W  PCAP→78W  power=77.5W
[PID] perf=29.345Hz  target=10.715Hz  err=-18.630Hz  corr=-385.48W  u_ff=110.0W  PCAP→78W  power=78.8W
[PID] perf=29.317Hz  target=10.715Hz  err=-18.601Hz  corr=-384.96W  u_ff=110.0W  PCAP→78W  power=78.2W
[PID] perf=29.329Hz  target=10.715Hz  err=-18.614Hz  corr=-385.19W  u_ff=110.0W  PCAP→78W  power=77.8W
[PID] perf=29.360Hz  target=10.715Hz  err=-18.645Hz  corr=-385.76W  u_ff=110.0W  PCAP→78W  power=77.4W
[PID] perf=29.370Hz  target=10.715Hz  err=-18.655Hz  corr=-385.94W  u_ff=110.0W  PCAP→78W  power=77.2W
[PID] perf=29.357Hz  target=10.715Hz  err=-18.642Hz  corr=-385.71W  u_ff=110.0W  PCAP→78W  power=78.9W
[PID] perf=29.353Hz  target=10.715Hz  err=-18.638Hz  corr=-385.63W  u_ff=110.0W  PCAP→78W  power=77.7W
[PID] perf=29.376Hz  target=10.715Hz  err=-18.661Hz  corr=-386.06W  u_ff=110.0W  PCAP→78W  power=78.8W
[PID] perf=29.359Hz  target=10.715Hz  err=-18.644Hz  corr=-385.74W  u_ff=110.0W  PCAP→78W  power=78.0W
[PID] perf=29.380Hz  target=10.715Hz  err=-18.665Hz  corr=-386.13W  u_ff=110.0W  PCAP→78W  power=79.0W
[PID] perf=29.311Hz  target=10.715Hz  err=-18.595Hz  corr=-384.84W  u_ff=110.0W  PCAP→78W  power=79.4W
[PID] perf=29.373Hz  target=10.715Hz  err=-18.658Hz  corr=-386.00W  u_ff=110.0W  PCAP→78W  power=77.9W
[PID] perf=29.399Hz  target=10.715Hz  err=-18.683Hz  corr=-386.47W  u_ff=110.0W  PCAP→78W  power=77.1W
[PID] perf=29.362Hz  target=10.715Hz  err=-18.647Hz  corr=-385.80W  u_ff=110.0W  PCAP→78W  power=78.9W
[PID] perf=29.333Hz  target=10.715Hz  err=-18.618Hz  corr=-385.26W  u_ff=110.0W  PCAP→78W  power=79.1W
[PID] perf=29.357Hz  target=10.715Hz  err=-18.642Hz  corr=-385.71W  u_ff=110.0W  PCAP→78W  power=77.1W
[PID] perf=29.304Hz  target=10.715Hz  err=-18.588Hz  corr=-384.71W  u_ff=110.0W  PCAP→78W  power=78.2W
[PID] perf=29.368Hz  target=10.715Hz  err=-18.653Hz  corr=-385.91W  u_ff=110.0W  PCAP→78W  power=78.2W
[PID] perf=29.353Hz  target=10.715Hz  err=-18.638Hz  corr=-385.63W  u_ff=110.0W  PCAP→78W  power=77.7W
[PID] perf=29.329Hz  target=10.715Hz  err=-18.613Hz  corr=-385.18W  u_ff=110.0W  PCAP→78W  power=77.6W
[PID] perf=29.322Hz  target=10.715Hz  err=-18.607Hz  corr=-385.06W  u_ff=110.0W  PCAP→78W  power=76.6W
[PID] perf=29.321Hz  target=10.715Hz  err=-18.606Hz  corr=-385.04W  u_ff=110.0W  PCAP→78W  power=77.4W
[PID] perf=29.355Hz  target=10.715Hz  err=-18.640Hz  corr=-385.67W  u_ff=110.0W  PCAP→78W  power=78.5W
[PID] perf=29.377Hz  target=10.715Hz  err=-18.661Hz  corr=-386.07W  u_ff=110.0W  PCAP→78W  power=77.1W
[PID] perf=7.848Hz  target=10.715Hz  err=+2.867Hz  corr=+28.10W  u_ff=110.0W  PCAP→136W  power=78.3W
[PID] perf=40.086Hz  target=10.715Hz  err=-29.371Hz  corr=-584.67W  u_ff=110.0W  PCAP→78W  power=137.6W
[PID] perf=29.295Hz  target=10.715Hz  err=-18.580Hz  corr=-384.56W  u_ff=110.0W  PCAP→78W  power=76.5W
[PID] perf=29.294Hz  target=10.715Hz  err=-18.579Hz  corr=-384.54W  u_ff=110.0W  PCAP→78W  power=76.4W
[PID] perf=29.322Hz  target=10.715Hz  err=-18.606Hz  corr=-385.05W  u_ff=110.0W  PCAP→78W  power=78.4W
[PID] perf=29.328Hz  target=10.715Hz  err=-18.613Hz  corr=-385.17W  u_ff=110.0W  PCAP→78W  power=76.7W
[PID] perf=29.298Hz  target=10.715Hz  err=-18.583Hz  corr=-384.62W  u_ff=110.0W  PCAP→78W  power=78.5W
[PID] perf=29.316Hz  target=10.715Hz  err=-18.600Hz  corr=-384.94W  u_ff=110.0W  PCAP→78W  power=79.6W
[PID] perf=29.311Hz  target=10.715Hz  err=-18.596Hz  corr=-384.85W  u_ff=110.0W  PCAP→78W  power=78.6W
[PID] perf=29.348Hz  target=10.715Hz  err=-18.633Hz  corr=-385.53W  u_ff=110.0W  PCAP→78W  power=77.8W
[PID] perf=29.307Hz  target=10.715Hz  err=-18.591Hz  corr=-384.77W  u_ff=110.0W  PCAP→78W  power=78.5W
[PID] perf=29.322Hz  target=10.715Hz  err=-18.606Hz  corr=-385.05W  u_ff=110.0W  PCAP→78W  power=78.9W
[PID] perf=29.345Hz  target=10.715Hz  err=-18.630Hz  corr=-385.48W  u_ff=110.0W  PCAP→78W  power=78.0W
[PID] perf=29.301Hz  target=10.715Hz  err=-18.586Hz  corr=-384.67W  u_ff=110.0W  PCAP→78W  power=78.5W
[PID] perf=29.338Hz  target=10.715Hz  err=-18.622Hz  corr=-385.34W  u_ff=110.0W  PCAP→78W  power=78.5W
[PID] perf=29.331Hz  target=10.715Hz  err=-18.615Hz  corr=-385.22W  u_ff=110.0W  PCAP→78W  power=79.0W
[PID] perf=29.338Hz  target=10.715Hz  err=-18.622Hz  corr=-385.35W  u_ff=110.0W  PCAP→78W  power=79.2W
[PID] perf=29.327Hz  target=10.715Hz  err=-18.611Hz  corr=-385.14W  u_ff=110.0W  PCAP→78W  power=78.1W
[PID] perf=29.327Hz  target=10.715Hz  err=-18.611Hz  corr=-385.14W  u_ff=110.0W  PCAP→78W  power=77.4W
[PID] perf=29.329Hz  target=10.715Hz  err=-18.613Hz  corr=-385.18W  u_ff=110.0W  PCAP→78W  power=78.4W
[PID] perf=29.331Hz  target=10.715Hz  err=-18.615Hz  corr=-385.22W  u_ff=110.0W  PCAP→78W  power=77.8W
[PID] perf=29.347Hz  target=10.715Hz  err=-18.632Hz  corr=-385.52W  u_ff=110.0W  PCAP→78W  power=77.8W
[PID] perf=29.348Hz  target=10.715Hz  err=-18.632Hz  corr=-385.53W  u_ff=110.0W  PCAP→78W  power=77.6W
[PID] perf=29.351Hz  target=10.715Hz  err=-18.636Hz  corr=-385.59W  u_ff=110.0W  PCAP→78W  power=76.7W
[PID] perf=29.344Hz  target=10.715Hz  err=-18.628Hz  corr=-385.46W  u_ff=110.0W  PCAP→78W  power=78.0W
[PID] perf=29.328Hz  target=10.715Hz  err=-18.613Hz  corr=-385.17W  u_ff=110.0W  PCAP→78W  power=78.5W
[PID] perf=29.305Hz  target=10.715Hz  err=-18.590Hz  corr=-384.75W  u_ff=110.0W  PCAP→78W  power=78.0W
[PID] perf=29.316Hz  target=10.715Hz  err=-18.600Hz  corr=-384.93W  u_ff=110.0W  PCAP→78W  power=77.6W
[PID] perf=29.336Hz  target=10.715Hz  err=-18.620Hz  corr=-385.31W  u_ff=110.0W  PCAP→78W  power=76.6W
[PID] perf=29.339Hz  target=10.715Hz  err=-18.623Hz  corr=-385.36W  u_ff=110.0W  PCAP→78W  power=77.3W
[PID] perf=29.302Hz  target=10.715Hz  err=-18.586Hz  corr=-384.68W  u_ff=110.0W  PCAP→78W  power=77.9W
[PID] perf=29.324Hz  target=10.715Hz  err=-18.608Hz  corr=-385.08W  u_ff=110.0W  PCAP→78W  power=78.5W
[PID] perf=29.297Hz  target=10.715Hz  err=-18.581Hz  corr=-384.59W  u_ff=110.0W  PCAP→78W  power=78.5W
[PID] perf=29.358Hz  target=10.715Hz  err=-18.642Hz  corr=-385.72W  u_ff=110.0W  PCAP→78W  power=78.6W
[PID] perf=29.320Hz  target=10.715Hz  err=-18.604Hz  corr=-385.01W  u_ff=110.0W  PCAP→78W  power=78.6W
[PID] perf=29.332Hz  target=10.715Hz  err=-18.616Hz  corr=-385.23W  u_ff=110.0W  PCAP→78W  power=76.3W
[PID] perf=29.309Hz  target=10.715Hz  err=-18.594Hz  corr=-384.82W  u_ff=110.0W  PCAP→78W  power=76.1W
[PID] perf=29.292Hz  target=10.715Hz  err=-18.576Hz  corr=-384.49W  u_ff=110.0W  PCAP→78W  power=78.2W
[PID] perf=29.300Hz  target=10.715Hz  err=-18.585Hz  corr=-384.65W  u_ff=110.0W  PCAP→78W  power=79.0W
[PID] perf=29.307Hz  target=10.715Hz  err=-18.591Hz  corr=-384.77W  u_ff=110.0W  PCAP→78W  power=79.3W
[PID] perf=29.304Hz  target=10.715Hz  err=-18.589Hz  corr=-384.72W  u_ff=110.0W  PCAP→78W  power=78.1W
[PID] perf=29.305Hz  target=10.715Hz  err=-18.590Hz  corr=-384.75W  u_ff=110.0W  PCAP→78W  power=77.3W
[PID] perf=29.314Hz  target=10.715Hz  err=-18.599Hz  corr=-384.91W  u_ff=110.0W  PCAP→78W  power=77.2W
[PID] perf=29.305Hz  target=10.715Hz  err=-18.590Hz  corr=-384.74W  u_ff=110.0W  PCAP→78W  power=77.9W
[PID] perf=29.287Hz  target=10.715Hz  err=-18.572Hz  corr=-384.41W  u_ff=110.0W  PCAP→78W  power=79.2W
[PID] perf=29.305Hz  target=10.715Hz  err=-18.590Hz  corr=-384.75W  u_ff=110.0W  PCAP→78W  power=77.7W
[PID] perf=29.334Hz  target=10.715Hz  err=-18.619Hz  corr=-385.28W  u_ff=110.0W  PCAP→78W  power=76.2W
[PID] perf=29.314Hz  target=10.715Hz  err=-18.598Hz  corr=-384.90W  u_ff=110.0W  PCAP→78W  power=79.4W
[PID] perf=29.302Hz  target=10.715Hz  err=-18.587Hz  corr=-384.69W  u_ff=110.0W  PCAP→78W  power=78.3W
[PID] perf=29.345Hz  target=10.715Hz  err=-18.629Hz  corr=-385.47W  u_ff=110.0W  PCAP→78W  power=77.1W
[PID] perf=29.293Hz  target=10.715Hz  err=-18.577Hz  corr=-384.51W  u_ff=110.0W  PCAP→78W  power=79.1W
[PID] perf=29.311Hz  target=10.715Hz  err=-18.596Hz  corr=-384.85W  u_ff=110.0W  PCAP→78W  power=79.1W
[PID] perf=29.283Hz  target=10.715Hz  err=-18.567Hz  corr=-384.33W  u_ff=110.0W  PCAP→78W  power=77.2W
[PID] perf=29.338Hz  target=10.715Hz  err=-18.623Hz  corr=-385.35W  u_ff=110.0W  PCAP→78W  power=78.2W
[PID] perf=29.311Hz  target=10.715Hz  err=-18.595Hz  corr=-384.85W  u_ff=110.0W  PCAP→78W  power=77.9W
[PID] perf=29.311Hz  target=10.715Hz  err=-18.596Hz  corr=-384.86W  u_ff=110.0W  PCAP→78W  power=79.1W
[PID] perf=29.280Hz  target=10.715Hz  err=-18.565Hz  corr=-384.28W  u_ff=110.0W  PCAP→78W  power=78.8W
[PID] perf=29.332Hz  target=10.715Hz  err=-18.616Hz  corr=-385.23W  u_ff=110.0W  PCAP→78W  power=77.3W
[PID] perf=29.286Hz  target=10.715Hz  err=-18.570Hz  corr=-384.38W  u_ff=110.0W  PCAP→78W  power=77.2W
[PID] perf=29.308Hz  target=10.715Hz  err=-18.593Hz  corr=-384.79W  u_ff=110.0W  PCAP→78W  power=78.9W
[PID] perf=29.306Hz  target=10.715Hz  err=-18.591Hz  corr=-384.76W  u_ff=110.0W  PCAP→78W  power=78.3W
[PID] perf=29.309Hz  target=10.715Hz  err=-18.593Hz  corr=-384.81W  u_ff=110.0W  PCAP→78W  power=77.4W
[PID] perf=29.327Hz  target=10.715Hz  err=-18.612Hz  corr=-385.15W  u_ff=110.0W  PCAP→78W  power=78.0W
[PID] perf=29.337Hz  target=10.715Hz  err=-18.622Hz  corr=-385.33W  u_ff=110.0W  PCAP→78W  power=78.9W
[PID] perf=29.315Hz  target=10.715Hz  err=-18.600Hz  corr=-384.93W  u_ff=110.0W  PCAP→78W  power=77.7W
[PID] perf=29.330Hz  target=10.715Hz  err=-18.615Hz  corr=-385.21W  u_ff=110.0W  PCAP→78W  power=76.7W
[PID] perf=29.313Hz  target=10.715Hz  err=-18.598Hz  corr=-384.89W  u_ff=110.0W  PCAP→78W  power=78.5W
[PID] perf=29.333Hz  target=10.715Hz  err=-18.618Hz  corr=-385.26W  u_ff=110.0W  PCAP→78W  power=77.1W
[PID] perf=29.277Hz  target=10.715Hz  err=-18.562Hz  corr=-384.22W  u_ff=110.0W  PCAP→78W  power=77.9W
[PID] perf=29.324Hz  target=10.715Hz  err=-18.608Hz  corr=-385.08W  u_ff=110.0W  PCAP→78W  power=77.4W
[PID] perf=29.319Hz  target=10.715Hz  err=-18.604Hz  corr=-385.00W  u_ff=110.0W  PCAP→78W  power=79.2W
[PID] perf=29.329Hz  target=10.715Hz  err=-18.614Hz  corr=-385.19W  u_ff=110.0W  PCAP→78W  power=79.4W
[PID] perf=29.330Hz  target=10.715Hz  err=-18.615Hz  corr=-385.21W  u_ff=110.0W  PCAP→78W  power=79.4W
[PID] perf=29.324Hz  target=10.715Hz  err=-18.608Hz  corr=-385.08W  u_ff=110.0W  PCAP→78W  power=77.4W
[PID] perf=29.338Hz  target=10.715Hz  err=-18.623Hz  corr=-385.35W  u_ff=110.0W  PCAP→78W  power=77.4W
[PID] perf=29.379Hz  target=10.715Hz  err=-18.664Hz  corr=-386.12W  u_ff=110.0W  PCAP→78W  power=78.5W
[PID] perf=29.335Hz  target=10.715Hz  err=-18.619Hz  corr=-385.29W  u_ff=110.0W  PCAP→78W  power=78.1W
[PID] perf=29.308Hz  target=10.715Hz  err=-18.592Hz  corr=-384.79W  u_ff=110.0W  PCAP→78W  power=76.8W
[PID] perf=29.328Hz  target=10.715Hz  err=-18.613Hz  corr=-385.17W  u_ff=110.0W  PCAP→78W  power=78.3W
[PID] perf=29.335Hz  target=10.715Hz  err=-18.619Hz  corr=-385.29W  u_ff=110.0W  PCAP→78W  power=79.0W
[PID] perf=29.345Hz  target=10.715Hz  err=-18.630Hz  corr=-385.48W  u_ff=110.0W  PCAP→78W  power=75.6W
[PID] perf=29.309Hz  target=10.715Hz  err=-18.594Hz  corr=-384.82W  u_ff=110.0W  PCAP→78W  power=77.0W
[PID] perf=29.345Hz  target=10.715Hz  err=-18.630Hz  corr=-385.49W  u_ff=110.0W  PCAP→78W  power=77.0W
[PID] perf=29.326Hz  target=10.715Hz  err=-18.611Hz  corr=-385.13W  u_ff=110.0W  PCAP→78W  power=79.4W
[PID] perf=29.326Hz  target=10.715Hz  err=-18.610Hz  corr=-385.12W  u_ff=110.0W  PCAP→78W  power=78.4W
[PID] perf=29.338Hz  target=10.715Hz  err=-18.623Hz  corr=-385.36W  u_ff=110.0W  PCAP→78W  power=77.5W
[PID] perf=29.335Hz  target=10.715Hz  err=-18.620Hz  corr=-385.30W  u_ff=110.0W  PCAP→78W  power=76.8W
[PID] perf=29.335Hz  target=10.715Hz  err=-18.620Hz  corr=-385.29W  u_ff=110.0W  PCAP→78W  power=79.2W
[PID] perf=29.255Hz  target=10.715Hz  err=-18.540Hz  corr=-383.82W  u_ff=110.0W  PCAP→78W  power=78.3W
[PID] perf=29.330Hz  target=10.715Hz  err=-18.614Hz  corr=-385.20W  u_ff=110.0W  PCAP→78W  power=78.0W
[PID] perf=29.313Hz  target=10.715Hz  err=-18.598Hz  corr=-384.89W  u_ff=110.0W  PCAP→78W  power=78.5W
[PID] perf=29.321Hz  target=10.715Hz  err=-18.606Hz  corr=-385.03W  u_ff=110.0W  PCAP→78W  power=78.9W
[PID] perf=29.322Hz  target=10.715Hz  err=-18.607Hz  corr=-385.05W  u_ff=110.0W  PCAP→78W  power=78.4W
[PID] perf=29.330Hz  target=10.715Hz  err=-18.615Hz  corr=-385.21W  u_ff=110.0W  PCAP→78W  power=79.1W
[PID] perf=29.315Hz  target=10.715Hz  err=-18.599Hz  corr=-384.92W  u_ff=110.0W  PCAP→78W  power=78.3W
[PID] perf=29.323Hz  target=10.715Hz  err=-18.607Hz  corr=-385.07W  u_ff=110.0W  PCAP→78W  power=77.8W
[PID] perf=29.282Hz  target=10.715Hz  err=-18.567Hz  corr=-384.32W  u_ff=110.0W  PCAP→78W  power=77.2W
[PID] perf=29.323Hz  target=10.715Hz  err=-18.607Hz  corr=-385.07W  u_ff=110.0W  PCAP→78W  power=79.3W
[PID] perf=29.312Hz  target=10.715Hz  err=-18.597Hz  corr=-384.87W  u_ff=110.0W  PCAP→78W  power=79.1W
[PID] perf=29.305Hz  target=10.715Hz  err=-18.589Hz  corr=-384.73W  u_ff=110.0W  PCAP→78W  power=77.8W
[PID] perf=29.329Hz  target=10.715Hz  err=-18.614Hz  corr=-385.19W  u_ff=110.0W  PCAP→78W  power=76.8W
[PID] perf=29.293Hz  target=10.715Hz  err=-18.578Hz  corr=-384.52W  u_ff=110.0W  PCAP→78W  power=78.7W
[PID] perf=29.324Hz  target=10.715Hz  err=-18.609Hz  corr=-385.09W  u_ff=110.0W  PCAP→78W  power=76.9W
[PID] perf=29.321Hz  target=10.715Hz  err=-18.605Hz  corr=-385.03W  u_ff=110.0W  PCAP→78W  power=76.3W
[PID] perf=29.341Hz  target=10.715Hz  err=-18.626Hz  corr=-385.41W  u_ff=110.0W  PCAP→78W  power=78.6W
[PID] perf=29.333Hz  target=10.715Hz  err=-18.618Hz  corr=-385.26W  u_ff=110.0W  PCAP→78W  power=76.6W
[PID] perf=29.280Hz  target=10.715Hz  err=-18.564Hz  corr=-384.27W  u_ff=110.0W  PCAP→78W  power=77.2W
[PID] perf=29.323Hz  target=10.715Hz  err=-18.608Hz  corr=-385.07W  u_ff=110.0W  PCAP→78W  power=77.4W
[PID] perf=29.305Hz  target=10.715Hz  err=-18.589Hz  corr=-384.73W  u_ff=110.0W  PCAP→78W  power=77.8W
[PID] perf=29.294Hz  target=10.715Hz  err=-18.579Hz  corr=-384.54W  u_ff=110.0W  PCAP→78W  power=78.1W
[PID] perf=29.313Hz  target=10.715Hz  err=-18.597Hz  corr=-384.88W  u_ff=110.0W  PCAP→78W  power=76.2W
[PID] perf=29.311Hz  target=10.715Hz  err=-18.595Hz  corr=-384.85W  u_ff=110.0W  PCAP→78W  power=78.9W
[PID] perf=29.351Hz  target=10.715Hz  err=-18.635Hz  corr=-385.58W  u_ff=110.0W  PCAP→78W  power=76.7W
[PID] perf=29.326Hz  target=10.715Hz  err=-18.610Hz  corr=-385.13W  u_ff=110.0W  PCAP→78W  power=78.3W
[PID] perf=29.318Hz  target=10.715Hz  err=-18.603Hz  corr=-384.98W  u_ff=110.0W  PCAP→78W  power=78.3W
[PID] perf=29.301Hz  target=10.715Hz  err=-18.586Hz  corr=-384.67W  u_ff=110.0W  PCAP→78W  power=78.8W
[PID] perf=29.343Hz  target=10.715Hz  err=-18.627Hz  corr=-385.44W  u_ff=110.0W  PCAP→78W  power=78.9W
[PID] perf=29.269Hz  target=10.715Hz  err=-18.554Hz  corr=-384.08W  u_ff=110.0W  PCAP→78W  power=77.3W
[PID] perf=29.321Hz  target=10.715Hz  err=-18.606Hz  corr=-385.04W  u_ff=110.0W  PCAP→78W  power=77.5W
[PID] perf=29.314Hz  target=10.715Hz  err=-18.599Hz  corr=-384.91W  u_ff=110.0W  PCAP→78W  power=79.4W
[PID] perf=29.331Hz  target=10.715Hz  err=-18.616Hz  corr=-385.22W  u_ff=110.0W  PCAP→78W  power=78.7W
[PID] perf=29.247Hz  target=10.715Hz  err=-18.531Hz  corr=-383.66W  u_ff=110.0W  PCAP→78W  power=79.3W
[PID] perf=29.331Hz  target=10.715Hz  err=-18.616Hz  corr=-385.22W  u_ff=110.0W  PCAP→78W  power=78.0W
[PID] perf=29.296Hz  target=10.715Hz  err=-18.581Hz  corr=-384.57W  u_ff=110.0W  PCAP→78W  power=77.9W
[PID] perf=29.339Hz  target=10.715Hz  err=-18.624Hz  corr=-385.38W  u_ff=110.0W  PCAP→78W  power=78.1W
[PID] perf=29.323Hz  target=10.715Hz  err=-18.607Hz  corr=-385.07W  u_ff=110.0W  PCAP→78W  power=78.3W
[PID] perf=29.350Hz  target=10.715Hz  err=-18.634Hz  corr=-385.57W  u_ff=110.0W  PCAP→78W  power=78.0W
[PID] perf=29.327Hz  target=10.715Hz  err=-18.612Hz  corr=-385.15W  u_ff=110.0W  PCAP→78W  power=78.3W
[PID] perf=29.333Hz  target=10.715Hz  err=-18.618Hz  corr=-385.27W  u_ff=110.0W  PCAP→78W  power=76.6W
[PID] perf=29.307Hz  target=10.715Hz  err=-18.592Hz  corr=-384.78W  u_ff=110.0W  PCAP→78W  power=77.4W
[PID] perf=29.303Hz  target=10.715Hz  err=-18.588Hz  corr=-384.71W  u_ff=110.0W  PCAP→78W  power=77.4W
[PID] perf=29.298Hz  target=10.715Hz  err=-18.583Hz  corr=-384.61W  u_ff=110.0W  PCAP→78W  power=78.4W
[PID] perf=29.316Hz  target=10.715Hz  err=-18.600Hz  corr=-384.93W  u_ff=110.0W  PCAP→78W  power=77.9W
[PID] perf=29.321Hz  target=10.715Hz  err=-18.605Hz  corr=-385.03W  u_ff=110.0W  PCAP→78W  power=77.5W
[PID] perf=29.314Hz  target=10.715Hz  err=-18.599Hz  corr=-384.91W  u_ff=110.0W  PCAP→78W  power=77.2W
[PID] perf=29.337Hz  target=10.715Hz  err=-18.622Hz  corr=-385.34W  u_ff=110.0W  PCAP→78W  power=76.9W
[PID] perf=29.326Hz  target=10.715Hz  err=-18.611Hz  corr=-385.13W  u_ff=110.0W  PCAP→78W  power=77.0W
[PID] perf=29.325Hz  target=10.715Hz  err=-18.610Hz  corr=-385.12W  u_ff=110.0W  PCAP→78W  power=78.0W
[PID] perf=29.336Hz  target=10.715Hz  err=-18.620Hz  corr=-385.31W  u_ff=110.0W  PCAP→78W  power=78.8W
[PID] perf=29.321Hz  target=10.715Hz  err=-18.606Hz  corr=-385.04W  u_ff=110.0W  PCAP→78W  power=79.4W
[PID] perf=29.309Hz  target=10.715Hz  err=-18.594Hz  corr=-384.81W  u_ff=110.0W  PCAP→78W  power=77.0W
[PID] perf=29.303Hz  target=10.715Hz  err=-18.588Hz  corr=-384.70W  u_ff=110.0W  PCAP→78W  power=77.6W
[PID] perf=29.324Hz  target=10.715Hz  err=-18.609Hz  corr=-385.09W  u_ff=110.0W  PCAP→78W  power=79.1W
[PID] perf=29.322Hz  target=10.715Hz  err=-18.607Hz  corr=-385.06W  u_ff=110.0W  PCAP→78W  power=79.3W
[PID] perf=29.314Hz  target=10.715Hz  err=-18.599Hz  corr=-384.91W  u_ff=110.0W  PCAP→78W  power=78.2W
[PID] perf=29.331Hz  target=10.715Hz  err=-18.616Hz  corr=-385.22W  u_ff=110.0W  PCAP→78W  power=76.9W
[PID] perf=29.345Hz  target=10.715Hz  err=-18.630Hz  corr=-385.48W  u_ff=110.0W  PCAP→78W  power=77.1W
[PID] perf=29.362Hz  target=10.715Hz  err=-18.647Hz  corr=-385.80W  u_ff=110.0W  PCAP→78W  power=78.6W
[PID] perf=29.341Hz  target=10.715Hz  err=-18.625Hz  corr=-385.40W  u_ff=110.0W  PCAP→78W  power=79.3W
[PID] perf=29.345Hz  target=10.715Hz  err=-18.630Hz  corr=-385.48W  u_ff=110.0W  PCAP→78W  power=77.2W
[PID] perf=29.332Hz  target=10.715Hz  err=-18.617Hz  corr=-385.24W  u_ff=110.0W  PCAP→78W  power=76.7W
[PID] perf=29.317Hz  target=10.715Hz  err=-18.602Hz  corr=-384.97W  u_ff=110.0W  PCAP→78W  power=78.1W
[PID] perf=29.316Hz  target=10.715Hz  err=-18.601Hz  corr=-384.94W  u_ff=110.0W  PCAP→78W  power=78.9W
[PID] perf=29.305Hz  target=10.715Hz  err=-18.590Hz  corr=-384.74W  u_ff=110.0W  PCAP→78W  power=78.7W
[PID] perf=29.318Hz  target=10.715Hz  err=-18.603Hz  corr=-384.98W  u_ff=110.0W  PCAP→78W  power=79.1W
[PID] perf=29.320Hz  target=10.715Hz  err=-18.605Hz  corr=-385.02W  u_ff=110.0W  PCAP→78W  power=76.8W
[PID] perf=29.310Hz  target=10.715Hz  err=-18.595Hz  corr=-384.83W  u_ff=110.0W  PCAP→78W  power=78.2W
[PID] perf=29.364Hz  target=10.715Hz  err=-18.649Hz  corr=-385.83W  u_ff=110.0W  PCAP→78W  power=77.4W
[PID] perf=29.333Hz  target=10.715Hz  err=-18.617Hz  corr=-385.25W  u_ff=110.0W  PCAP→78W  power=79.6W
[PID] perf=29.327Hz  target=10.715Hz  err=-18.611Hz  corr=-385.14W  u_ff=110.0W  PCAP→78W  power=77.7W
[PID] perf=29.340Hz  target=10.715Hz  err=-18.624Hz  corr=-385.38W  u_ff=110.0W  PCAP→78W  power=79.7W
[PID] perf=29.375Hz  target=10.715Hz  err=-18.659Hz  corr=-386.03W  u_ff=110.0W  PCAP→78W  power=77.1W
[PID] perf=29.317Hz  target=10.715Hz  err=-18.602Hz  corr=-384.96W  u_ff=110.0W  PCAP→78W  power=79.4W
[PID] perf=29.320Hz  target=10.715Hz  err=-18.605Hz  corr=-385.03W  u_ff=110.0W  PCAP→78W  power=77.8W
[PID] perf=29.329Hz  target=10.715Hz  err=-18.613Hz  corr=-385.18W  u_ff=110.0W  PCAP→78W  power=77.0W
[PID] perf=29.375Hz  target=10.715Hz  err=-18.660Hz  corr=-386.04W  u_ff=110.0W  PCAP→78W  power=77.6W
[PID] perf=29.339Hz  target=10.715Hz  err=-18.624Hz  corr=-385.37W  u_ff=110.0W  PCAP→78W  power=78.5W
[PID] perf=29.339Hz  target=10.715Hz  err=-18.624Hz  corr=-385.37W  u_ff=110.0W  PCAP→78W  power=77.9W
[PID] perf=29.333Hz  target=10.715Hz  err=-18.617Hz  corr=-385.26W  u_ff=110.0W  PCAP→78W  power=77.5W
[PID] perf=29.337Hz  target=10.715Hz  err=-18.622Hz  corr=-385.33W  u_ff=110.0W  PCAP→78W  power=77.9W
[PID] perf=29.313Hz  target=10.715Hz  err=-18.598Hz  corr=-384.89W  u_ff=110.0W  PCAP→78W  power=78.5W
[PID] perf=29.328Hz  target=10.715Hz  err=-18.613Hz  corr=-385.17W  u_ff=110.0W  PCAP→78W  power=76.7W
[PID] perf=29.320Hz  target=10.715Hz  err=-18.605Hz  corr=-385.02W  u_ff=110.0W  PCAP→78W  power=77.7W
[PID] perf=29.301Hz  target=10.715Hz  err=-18.586Hz  corr=-384.67W  u_ff=110.0W  PCAP→78W  power=78.6W
[PID] perf=29.336Hz  target=10.715Hz  err=-18.620Hz  corr=-385.31W  u_ff=110.0W  PCAP→78W  power=78.6W
[PID] perf=29.334Hz  target=10.715Hz  err=-18.619Hz  corr=-385.28W  u_ff=110.0W  PCAP→78W  power=78.9W
[PID] perf=29.315Hz  target=10.715Hz  err=-18.600Hz  corr=-384.93W  u_ff=110.0W  PCAP→78W  power=78.6W
[PID] perf=29.323Hz  target=10.715Hz  err=-18.608Hz  corr=-385.07W  u_ff=110.0W  PCAP→78W  power=78.9W
[PID] perf=29.337Hz  target=10.715Hz  err=-18.622Hz  corr=-385.33W  u_ff=110.0W  PCAP→78W  power=78.4W
[PID] perf=29.342Hz  target=10.715Hz  err=-18.627Hz  corr=-385.43W  u_ff=110.0W  PCAP→78W  power=77.2W
[PID] perf=29.339Hz  target=10.715Hz  err=-18.623Hz  corr=-385.36W  u_ff=110.0W  PCAP→78W  power=77.4W
[PID] perf=29.355Hz  target=10.715Hz  err=-18.640Hz  corr=-385.67W  u_ff=110.0W  PCAP→78W  power=78.4W
[PID] perf=29.357Hz  target=10.715Hz  err=-18.642Hz  corr=-385.70W  u_ff=110.0W  PCAP→78W  power=79.0W
[PID] perf=29.334Hz  target=10.715Hz  err=-18.619Hz  corr=-385.28W  u_ff=110.0W  PCAP→78W  power=79.8W
[PID] perf=29.335Hz  target=10.715Hz  err=-18.620Hz  corr=-385.29W  u_ff=110.0W  PCAP→78W  power=78.3W
[PID] perf=29.357Hz  target=10.715Hz  err=-18.642Hz  corr=-385.71W  u_ff=110.0W  PCAP→78W  power=78.9W
[PID] perf=29.347Hz  target=10.715Hz  err=-18.632Hz  corr=-385.52W  u_ff=110.0W  PCAP→78W  power=76.6W
[PID] perf=29.337Hz  target=10.715Hz  err=-18.621Hz  corr=-385.33W  u_ff=110.0W  PCAP→78W  power=78.2W
[PID] perf=29.359Hz  target=10.715Hz  err=-18.644Hz  corr=-385.75W  u_ff=110.0W  PCAP→78W  power=78.9W
[PID] perf=29.345Hz  target=10.715Hz  err=-18.630Hz  corr=-385.48W  u_ff=110.0W  PCAP→78W  power=77.6W
[PID] perf=29.361Hz  target=10.715Hz  err=-18.645Hz  corr=-385.77W  u_ff=110.0W  PCAP→78W  power=78.8W
[PID] perf=29.366Hz  target=10.715Hz  err=-18.650Hz  corr=-385.86W  u_ff=110.0W  PCAP→78W  power=78.8W
[PID] perf=27.813Hz  target=10.715Hz  err=-17.097Hz  corr=-357.06W  u_ff=110.0W  PCAP→78W  power=78.6W
[PID] perf=27.875Hz  target=10.715Hz  err=-17.160Hz  corr=-358.22W  u_ff=110.0W  PCAP→78W  power=77.1W
[PID] perf=27.884Hz  target=10.715Hz  err=-17.168Hz  corr=-358.38W  u_ff=110.0W  PCAP→78W  power=78.5W
[PID] perf=27.862Hz  target=10.715Hz  err=-17.147Hz  corr=-357.98W  u_ff=110.0W  PCAP→78W  power=79.2W
[PID] perf=29.218Hz  target=10.715Hz  err=-18.503Hz  corr=-383.13W  u_ff=110.0W  PCAP→78W  power=78.7W
[PID] perf=29.267Hz  target=10.715Hz  err=-18.552Hz  corr=-384.03W  u_ff=110.0W  PCAP→78W  power=78.7W
[PID] perf=29.338Hz  target=10.715Hz  err=-18.623Hz  corr=-385.36W  u_ff=110.0W  PCAP→78W  power=79.3W
[PID] perf=29.291Hz  target=10.715Hz  err=-18.576Hz  corr=-384.48W  u_ff=110.0W  PCAP→78W  power=77.6W
[PID] perf=29.352Hz  target=10.715Hz  err=-18.636Hz  corr=-385.60W  u_ff=110.0W  PCAP→78W  power=78.9W
[PID] perf=29.367Hz  target=10.715Hz  err=-18.652Hz  corr=-385.89W  u_ff=110.0W  PCAP→78W  power=78.6W
[PID] perf=29.341Hz  target=10.715Hz  err=-18.625Hz  corr=-385.40W  u_ff=110.0W  PCAP→78W  power=77.9W
[PID] perf=29.350Hz  target=10.715Hz  err=-18.635Hz  corr=-385.58W  u_ff=110.0W  PCAP→78W  power=78.1W
[PID] perf=29.338Hz  target=10.715Hz  err=-18.623Hz  corr=-385.36W  u_ff=110.0W  PCAP→78W  power=77.1W
[PID] perf=29.345Hz  target=10.715Hz  err=-18.630Hz  corr=-385.48W  u_ff=110.0W  PCAP→78W  power=78.9W
[PID] perf=29.299Hz  target=10.715Hz  err=-18.584Hz  corr=-384.63W  u_ff=110.0W  PCAP→78W  power=78.3W
[PID] perf=29.374Hz  target=10.715Hz  err=-18.658Hz  corr=-386.01W  u_ff=110.0W  PCAP→78W  power=76.7W
[PID] perf=29.377Hz  target=10.715Hz  err=-18.662Hz  corr=-386.08W  u_ff=110.0W  PCAP→78W  power=78.9W
[PID] perf=29.380Hz  target=10.715Hz  err=-18.665Hz  corr=-386.13W  u_ff=110.0W  PCAP→78W  power=77.1W
[PID] perf=29.343Hz  target=10.715Hz  err=-18.628Hz  corr=-385.45W  u_ff=110.0W  PCAP→78W  power=79.3W
[PID] perf=29.370Hz  target=10.715Hz  err=-18.654Hz  corr=-385.94W  u_ff=110.0W  PCAP→78W  power=77.7W
[PID] perf=29.352Hz  target=10.715Hz  err=-18.637Hz  corr=-385.61W  u_ff=110.0W  PCAP→78W  power=77.8W
[PID] perf=29.359Hz  target=10.715Hz  err=-18.643Hz  corr=-385.73W  u_ff=110.0W  PCAP→78W  power=77.3W
[PID] perf=29.342Hz  target=10.715Hz  err=-18.626Hz  corr=-385.42W  u_ff=110.0W  PCAP→78W  power=77.0W
[PID] perf=29.356Hz  target=10.715Hz  err=-18.640Hz  corr=-385.68W  u_ff=110.0W  PCAP→78W  power=77.7W
[PID] perf=29.346Hz  target=10.715Hz  err=-18.630Hz  corr=-385.49W  u_ff=110.0W  PCAP→78W  power=79.4W
[PID] perf=29.356Hz  target=10.715Hz  err=-18.641Hz  corr=-385.69W  u_ff=110.0W  PCAP→78W  power=79.2W
[PID] perf=29.342Hz  target=10.715Hz  err=-18.627Hz  corr=-385.42W  u_ff=110.0W  PCAP→78W  power=77.5W
[PID] perf=29.344Hz  target=10.715Hz  err=-18.628Hz  corr=-385.45W  u_ff=110.0W  PCAP→78W  power=78.8W
[PID] perf=29.352Hz  target=10.715Hz  err=-18.637Hz  corr=-385.61W  u_ff=110.0W  PCAP→78W  power=79.4W
[PID] perf=29.340Hz  target=10.715Hz  err=-18.624Hz  corr=-385.38W  u_ff=110.0W  PCAP→78W  power=79.0W
[PID] perf=29.339Hz  target=10.715Hz  err=-18.623Hz  corr=-385.36W  u_ff=110.0W  PCAP→78W  power=76.9W
[PID] perf=29.319Hz  target=10.715Hz  err=-18.604Hz  corr=-385.00W  u_ff=110.0W  PCAP→78W  power=78.1W
[PID] perf=29.316Hz  target=10.715Hz  err=-18.600Hz  corr=-384.94W  u_ff=110.0W  PCAP→78W  power=79.0W
[PID] perf=27.759Hz  target=10.715Hz  err=-17.044Hz  corr=-356.07W  u_ff=110.0W  PCAP→78W  power=79.3W
[PID] perf=29.316Hz  target=10.715Hz  err=-18.601Hz  corr=-384.94W  u_ff=110.0W  PCAP→78W  power=79.1W
[PID] perf=29.322Hz  target=10.715Hz  err=-18.607Hz  corr=-385.06W  u_ff=110.0W  PCAP→78W  power=79.1W
[PID] perf=29.293Hz  target=10.715Hz  err=-18.578Hz  corr=-384.52W  u_ff=110.0W  PCAP→78W  power=76.7W
[PID] perf=29.307Hz  target=10.715Hz  err=-18.591Hz  corr=-384.77W  u_ff=110.0W  PCAP→78W  power=76.6W
[PID] perf=29.312Hz  target=10.715Hz  err=-18.597Hz  corr=-384.87W  u_ff=110.0W  PCAP→78W  power=77.5W
[PID] perf=29.333Hz  target=10.715Hz  err=-18.617Hz  corr=-385.25W  u_ff=110.0W  PCAP→78W  power=78.1W
[PID] perf=29.323Hz  target=10.715Hz  err=-18.607Hz  corr=-385.07W  u_ff=110.0W  PCAP→78W  power=78.8W
[PID] perf=29.329Hz  target=10.715Hz  err=-18.614Hz  corr=-385.18W  u_ff=110.0W  PCAP→78W  power=77.7W
[PID] perf=29.317Hz  target=10.715Hz  err=-18.602Hz  corr=-384.96W  u_ff=110.0W  PCAP→78W  power=76.9W
[PID] perf=29.353Hz  target=10.715Hz  err=-18.638Hz  corr=-385.63W  u_ff=110.0W  PCAP→78W  power=78.1W
[PID] perf=29.324Hz  target=10.715Hz  err=-18.608Hz  corr=-385.09W  u_ff=110.0W  PCAP→78W  power=77.9W
[PID] perf=29.313Hz  target=10.715Hz  err=-18.598Hz  corr=-384.89W  u_ff=110.0W  PCAP→78W  power=77.3W
[PID] perf=29.332Hz  target=10.715Hz  err=-18.617Hz  corr=-385.24W  u_ff=110.0W  PCAP→78W  power=76.4W
[PID] perf=29.307Hz  target=10.715Hz  err=-18.591Hz  corr=-384.77W  u_ff=110.0W  PCAP→78W  power=77.5W
[PID] perf=29.320Hz  target=10.715Hz  err=-18.605Hz  corr=-385.02W  u_ff=110.0W  PCAP→78W  power=77.4W
[PID] perf=29.316Hz  target=10.715Hz  err=-18.600Hz  corr=-384.94W  u_ff=110.0W  PCAP→78W  power=79.3W
[PID] perf=29.314Hz  target=10.715Hz  err=-18.599Hz  corr=-384.91W  u_ff=110.0W  PCAP→78W  power=76.8W
[PID] perf=29.332Hz  target=10.715Hz  err=-18.617Hz  corr=-385.25W  u_ff=110.0W  PCAP→78W  power=79.0W
[PID] perf=29.334Hz  target=10.715Hz  err=-18.619Hz  corr=-385.28W  u_ff=110.0W  PCAP→78W  power=78.6W
[PID] perf=29.312Hz  target=10.715Hz  err=-18.596Hz  corr=-384.86W  u_ff=110.0W  PCAP→78W  power=77.5W
[PID] perf=29.315Hz  target=10.715Hz  err=-18.600Hz  corr=-384.93W  u_ff=110.0W  PCAP→78W  power=76.7W
[PID] perf=29.326Hz  target=10.715Hz  err=-18.611Hz  corr=-385.14W  u_ff=110.0W  PCAP→78W  power=78.2W
[PID] perf=29.322Hz  target=10.715Hz  err=-18.607Hz  corr=-385.06W  u_ff=110.0W  PCAP→78W  power=78.0W
[PID] perf=29.322Hz  target=10.715Hz  err=-18.607Hz  corr=-385.06W  u_ff=110.0W  PCAP→78W  power=78.7W
[PID] perf=29.303Hz  target=10.715Hz  err=-18.588Hz  corr=-384.70W  u_ff=110.0W  PCAP→78W  power=78.1W
[PID] perf=29.310Hz  target=10.715Hz  err=-18.595Hz  corr=-384.84W  u_ff=110.0W  PCAP→78W  power=77.7W
[PID] perf=29.307Hz  target=10.715Hz  err=-18.592Hz  corr=-384.78W  u_ff=110.0W  PCAP→78W  power=76.6W
[PID] perf=29.302Hz  target=10.715Hz  err=-18.586Hz  corr=-384.68W  u_ff=110.0W  PCAP→78W  power=77.4W
[PID] perf=29.310Hz  target=10.715Hz  err=-18.595Hz  corr=-384.83W  u_ff=110.0W  PCAP→78W  power=78.9W
[PID] perf=29.315Hz  target=10.715Hz  err=-18.600Hz  corr=-384.93W  u_ff=110.0W  PCAP→78W  power=78.4W
[PID] perf=29.325Hz  target=10.715Hz  err=-18.609Hz  corr=-385.10W  u_ff=110.0W  PCAP→78W  power=78.3W
[PID] perf=29.334Hz  target=10.715Hz  err=-18.618Hz  corr=-385.27W  u_ff=110.0W  PCAP→78W  power=78.4W
[PID] perf=29.334Hz  target=10.715Hz  err=-18.618Hz  corr=-385.27W  u_ff=110.0W  PCAP→78W  power=79.0W
[PID] perf=29.301Hz  target=10.715Hz  err=-18.586Hz  corr=-384.67W  u_ff=110.0W  PCAP→78W  power=77.8W
[PID] perf=29.304Hz  target=10.715Hz  err=-18.589Hz  corr=-384.73W  u_ff=110.0W  PCAP→78W  power=77.1W
[PID] perf=29.348Hz  target=10.715Hz  err=-18.632Hz  corr=-385.53W  u_ff=110.0W  PCAP→78W  power=79.0W
[PID] perf=29.310Hz  target=10.715Hz  err=-18.594Hz  corr=-384.83W  u_ff=110.0W  PCAP→78W  power=79.0W
[PID] perf=29.339Hz  target=10.715Hz  err=-18.623Hz  corr=-385.36W  u_ff=110.0W  PCAP→78W  power=76.6W
[PID] perf=29.308Hz  target=10.715Hz  err=-18.593Hz  corr=-384.79W  u_ff=110.0W  PCAP→78W  power=77.5W
[PID] perf=29.339Hz  target=10.715Hz  err=-18.624Hz  corr=-385.38W  u_ff=110.0W  PCAP→78W  power=78.0W
[PID] perf=29.364Hz  target=10.715Hz  err=-18.649Hz  corr=-385.84W  u_ff=110.0W  PCAP→78W  power=78.7W
[PID] perf=29.321Hz  target=10.715Hz  err=-18.605Hz  corr=-385.03W  u_ff=110.0W  PCAP→78W  power=78.7W
[PID] perf=29.303Hz  target=10.715Hz  err=-18.588Hz  corr=-384.71W  u_ff=110.0W  PCAP→78W  power=77.0W
[PID] perf=29.305Hz  target=10.715Hz  err=-18.589Hz  corr=-384.73W  u_ff=110.0W  PCAP→78W  power=76.3W
[PID] perf=29.323Hz  target=10.715Hz  err=-18.608Hz  corr=-385.08W  u_ff=110.0W  PCAP→78W  power=78.1W
[PID] perf=29.339Hz  target=10.715Hz  err=-18.623Hz  corr=-385.36W  u_ff=110.0W  PCAP→78W  power=78.6W
[PID] perf=29.343Hz  target=10.715Hz  err=-18.628Hz  corr=-385.45W  u_ff=110.0W  PCAP→78W  power=79.4W
[PID] perf=29.338Hz  target=10.715Hz  err=-18.623Hz  corr=-385.35W  u_ff=110.0W  PCAP→78W  power=77.5W
[PID] perf=29.332Hz  target=10.715Hz  err=-18.616Hz  corr=-385.24W  u_ff=110.0W  PCAP→78W  power=79.5W
[PID] perf=29.320Hz  target=10.715Hz  err=-18.604Hz  corr=-385.01W  u_ff=110.0W  PCAP→78W  power=77.9W
[PID] perf=29.328Hz  target=10.715Hz  err=-18.613Hz  corr=-385.17W  u_ff=110.0W  PCAP→78W  power=77.9W
[PID] perf=29.333Hz  target=10.715Hz  err=-18.618Hz  corr=-385.26W  u_ff=110.0W  PCAP→78W  power=79.4W
[PID] perf=29.329Hz  target=10.715Hz  err=-18.614Hz  corr=-385.19W  u_ff=110.0W  PCAP→78W  power=78.9W
[PID] perf=29.309Hz  target=10.715Hz  err=-18.594Hz  corr=-384.81W  u_ff=110.0W  PCAP→78W  power=77.5W
[PID] perf=29.325Hz  target=10.715Hz  err=-18.610Hz  corr=-385.11W  u_ff=110.0W  PCAP→78W  power=77.5W
[PID] perf=29.307Hz  target=10.715Hz  err=-18.591Hz  corr=-384.77W  u_ff=110.0W  PCAP→78W  power=79.0W
[PID] perf=29.336Hz  target=10.715Hz  err=-18.621Hz  corr=-385.32W  u_ff=110.0W  PCAP→78W  power=78.0W
[PID] perf=29.334Hz  target=10.715Hz  err=-18.618Hz  corr=-385.27W  u_ff=110.0W  PCAP→78W  power=77.0W
[PID] perf=29.369Hz  target=10.715Hz  err=-18.654Hz  corr=-385.93W  u_ff=110.0W  PCAP→78W  power=76.5W
[PID] perf=29.365Hz  target=10.715Hz  err=-18.649Hz  corr=-385.85W  u_ff=110.0W  PCAP→78W  power=78.9W
[PID] perf=29.366Hz  target=10.715Hz  err=-18.650Hz  corr=-385.87W  u_ff=110.0W  PCAP→78W  power=78.6W
[PID] perf=29.327Hz  target=10.715Hz  err=-18.612Hz  corr=-385.15W  u_ff=110.0W  PCAP→78W  power=79.1W
[PID] perf=29.320Hz  target=10.715Hz  err=-18.604Hz  corr=-385.01W  u_ff=110.0W  PCAP→78W  power=76.9W
[PID] perf=29.347Hz  target=10.715Hz  err=-18.632Hz  corr=-385.52W  u_ff=110.0W  PCAP→78W  power=76.3W
[PID] perf=29.373Hz  target=10.715Hz  err=-18.657Hz  corr=-385.99W  u_ff=110.0W  PCAP→78W  power=78.4W
[PID] perf=29.335Hz  target=10.715Hz  err=-18.619Hz  corr=-385.29W  u_ff=110.0W  PCAP→78W  power=79.0W
[PID] perf=29.337Hz  target=10.715Hz  err=-18.622Hz  corr=-385.34W  u_ff=110.0W  PCAP→78W  power=78.7W
[PID] perf=29.295Hz  target=10.715Hz  err=-18.579Hz  corr=-384.55W  u_ff=110.0W  PCAP→78W  power=77.3W
[PID] perf=29.304Hz  target=10.715Hz  err=-18.588Hz  corr=-384.71W  u_ff=110.0W  PCAP→78W  power=77.5W
[PID] perf=29.329Hz  target=10.715Hz  err=-18.614Hz  corr=-385.19W  u_ff=110.0W  PCAP→78W  power=78.9W
[PID] perf=29.310Hz  target=10.715Hz  err=-18.594Hz  corr=-384.83W  u_ff=110.0W  PCAP→78W  power=77.5W
[PID] perf=29.334Hz  target=10.715Hz  err=-18.618Hz  corr=-385.27W  u_ff=110.0W  PCAP→78W  power=78.3W
[PID] perf=29.329Hz  target=10.715Hz  err=-18.613Hz  corr=-385.18W  u_ff=110.0W  PCAP→78W  power=77.2W
[PID] perf=29.310Hz  target=10.715Hz  err=-18.594Hz  corr=-384.82W  u_ff=110.0W  PCAP→78W  power=79.0W
[PID] perf=29.341Hz  target=10.715Hz  err=-18.626Hz  corr=-385.41W  u_ff=110.0W  PCAP→78W  power=78.8W
[PID] perf=29.347Hz  target=10.715Hz  err=-18.632Hz  corr=-385.52W  u_ff=110.0W  PCAP→78W  power=77.7W
[PID] perf=29.317Hz  target=10.715Hz  err=-18.601Hz  corr=-384.95W  u_ff=110.0W  PCAP→78W  power=77.5W
[PID] perf=29.326Hz  target=10.715Hz  err=-18.610Hz  corr=-385.12W  u_ff=110.0W  PCAP→78W  power=79.0W
[PID] perf=29.341Hz  target=10.715Hz  err=-18.626Hz  corr=-385.41W  u_ff=110.0W  PCAP→78W  power=79.3W
[PID] perf=29.315Hz  target=10.715Hz  err=-18.600Hz  corr=-384.93W  u_ff=110.0W  PCAP→78W  power=79.0W
[PID] perf=29.295Hz  target=10.715Hz  err=-18.580Hz  corr=-384.56W  u_ff=110.0W  PCAP→78W  power=76.9W
[PID] perf=29.311Hz  target=10.715Hz  err=-18.596Hz  corr=-384.85W  u_ff=110.0W  PCAP→78W  power=79.1W
[PID] perf=29.329Hz  target=10.715Hz  err=-18.613Hz  corr=-385.18W  u_ff=110.0W  PCAP→78W  power=79.1W
[PID] perf=29.320Hz  target=10.715Hz  err=-18.604Hz  corr=-385.01W  u_ff=110.0W  PCAP→78W  power=78.1W
[PID] perf=29.320Hz  target=10.715Hz  err=-18.605Hz  corr=-385.02W  u_ff=110.0W  PCAP→78W  power=78.1W
[PID] perf=29.326Hz  target=10.715Hz  err=-18.611Hz  corr=-385.14W  u_ff=110.0W  PCAP→78W  power=77.0W
[PID] perf=29.322Hz  target=10.715Hz  err=-18.606Hz  corr=-385.05W  u_ff=110.0W  PCAP→78W  power=76.7W
[PID] perf=29.328Hz  target=10.715Hz  err=-18.613Hz  corr=-385.17W  u_ff=110.0W  PCAP→78W  power=78.4W
[PID] perf=29.326Hz  target=10.715Hz  err=-18.610Hz  corr=-385.12W  u_ff=110.0W  PCAP→78W  power=78.7W
[PID] perf=29.331Hz  target=10.715Hz  err=-18.615Hz  corr=-385.22W  u_ff=110.0W  PCAP→78W  power=77.2W
[PID] perf=29.325Hz  target=10.715Hz  err=-18.610Hz  corr=-385.12W  u_ff=110.0W  PCAP→78W  power=79.1W
[PID] perf=29.314Hz  target=10.715Hz  err=-18.599Hz  corr=-384.91W  u_ff=110.0W  PCAP→78W  power=77.4W
[PID] perf=29.306Hz  target=10.715Hz  err=-18.590Hz  corr=-384.75W  u_ff=110.0W  PCAP→78W  power=77.2W
[PID] perf=29.339Hz  target=10.715Hz  err=-18.624Hz  corr=-385.38W  u_ff=110.0W  PCAP→78W  power=79.2W
[PID] perf=29.303Hz  target=10.715Hz  err=-18.587Hz  corr=-384.69W  u_ff=110.0W  PCAP→78W  power=77.6W
[PID] perf=29.336Hz  target=10.715Hz  err=-18.620Hz  corr=-385.31W  u_ff=110.0W  PCAP→78W  power=76.4W
[PID] perf=29.331Hz  target=10.715Hz  err=-18.615Hz  corr=-385.22W  u_ff=110.0W  PCAP→78W  power=78.5W
[PID] perf=29.353Hz  target=10.715Hz  err=-18.638Hz  corr=-385.63W  u_ff=110.0W  PCAP→78W  power=76.8W
[PID] perf=29.338Hz  target=10.715Hz  err=-18.623Hz  corr=-385.35W  u_ff=110.0W  PCAP→78W  power=77.0W
[PID] perf=29.319Hz  target=10.715Hz  err=-18.603Hz  corr=-384.99W  u_ff=110.0W  PCAP→78W  power=77.6W
[PID] perf=29.315Hz  target=10.715Hz  err=-18.600Hz  corr=-384.93W  u_ff=110.0W  PCAP→78W  power=77.2W
[PID] perf=29.334Hz  target=10.715Hz  err=-18.619Hz  corr=-385.28W  u_ff=110.0W  PCAP→78W  power=77.0W
[PID] perf=29.341Hz  target=10.715Hz  err=-18.626Hz  corr=-385.41W  u_ff=110.0W  PCAP→78W  power=78.8W
[PID] perf=29.311Hz  target=10.715Hz  err=-18.596Hz  corr=-384.85W  u_ff=110.0W  PCAP→78W  power=78.4W
[PID] perf=29.289Hz  target=10.715Hz  err=-18.573Hz  corr=-384.44W  u_ff=110.0W  PCAP→78W  power=77.5W
[PID] perf=29.336Hz  target=10.715Hz  err=-18.620Hz  corr=-385.31W  u_ff=110.0W  PCAP→78W  power=78.1W
[PID] perf=29.316Hz  target=10.715Hz  err=-18.600Hz  corr=-384.94W  u_ff=110.0W  PCAP→78W  power=79.0W
[PID] perf=29.368Hz  target=10.715Hz  err=-18.652Hz  corr=-385.90W  u_ff=110.0W  PCAP→78W  power=78.9W
[PID] perf=29.311Hz  target=10.715Hz  err=-18.596Hz  corr=-384.85W  u_ff=110.0W  PCAP→78W  power=77.9W
[PID] perf=29.313Hz  target=10.715Hz  err=-18.597Hz  corr=-384.88W  u_ff=110.0W  PCAP→78W  power=78.5W
[PID] perf=29.332Hz  target=10.715Hz  err=-18.617Hz  corr=-385.25W  u_ff=110.0W  PCAP→78W  power=78.0W
[PID] perf=29.327Hz  target=10.715Hz  err=-18.612Hz  corr=-385.15W  u_ff=110.0W  PCAP→78W  power=76.3W
[PID] perf=29.325Hz  target=10.715Hz  err=-18.610Hz  corr=-385.11W  u_ff=110.0W  PCAP→78W  power=76.6W
[PID] perf=29.328Hz  target=10.715Hz  err=-18.613Hz  corr=-385.17W  u_ff=110.0W  PCAP→78W  power=77.8W
[PID] perf=29.319Hz  target=10.715Hz  err=-18.604Hz  corr=-385.00W  u_ff=110.0W  PCAP→78W  power=77.3W
[PID] perf=29.306Hz  target=10.715Hz  err=-18.591Hz  corr=-384.76W  u_ff=110.0W  PCAP→78W  power=77.0W
[PID] perf=29.294Hz  target=10.715Hz  err=-18.578Hz  corr=-384.53W  u_ff=110.0W  PCAP→78W  power=77.8W
[PID] perf=29.321Hz  target=10.715Hz  err=-18.606Hz  corr=-385.04W  u_ff=110.0W  PCAP→78W  power=78.5W
[PID] perf=29.320Hz  target=10.715Hz  err=-18.605Hz  corr=-385.02W  u_ff=110.0W  PCAP→78W  power=78.2W
[PID] perf=29.342Hz  target=10.715Hz  err=-18.627Hz  corr=-385.43W  u_ff=110.0W  PCAP→78W  power=78.0W
[PID] perf=29.333Hz  target=10.715Hz  err=-18.617Hz  corr=-385.25W  u_ff=110.0W  PCAP→78W  power=78.9W
[PID] perf=29.309Hz  target=10.715Hz  err=-18.594Hz  corr=-384.82W  u_ff=110.0W  PCAP→78W  power=77.9W
Process completed.
Compressed into /home/cc/summer2024/main_codes/pid_controller/../experiment_data/PID_Control_sweep/ones-npb-cg/compressed_iteration_20260513_124923.tar
----------------------------------
