
>>> Step 1/3

[ones-npb-cg]
  target perf      : 10.1775 Hz
  coefficients_perf: [-0.0006547837485238978, 0.18607436314256556, -1.8317688501798497]
  feedforward PCAP : 99.10 W  →  101 W (snapped)
  Perf(u_ff) check : 10.1775 Hz  (should ≈ target)
  PID gains        : Kp=18.5447 W/Hz  Ki=1.85447 W/(Hz·s)  Kd=0.0000
[PID] Awaiting data — feedforward PCAP=101W
[PID] Awaiting data — feedforward PCAP=101W
[PID] Awaiting data — feedforward PCAP=101W
[PID] Awaiting data — feedforward PCAP=101W
[PID] Awaiting data — feedforward PCAP=101W
[PID] Awaiting data — feedforward PCAP=101W
[PID] perf=19.802Hz  target=10.178Hz  err=-9.624Hz  corr=-214.17W  u_ff=99.1W  PCAP→78W  power=nanW
[PID] perf=18.062Hz  target=10.178Hz  err=-7.884Hz  corr=-186.21W  u_ff=99.1W  PCAP→78W  power=78.0W
[PID] perf=18.068Hz  target=10.178Hz  err=-7.890Hz  corr=-186.32W  u_ff=99.1W  PCAP→78W  power=78.1W
[PID] perf=18.052Hz  target=10.178Hz  err=-7.874Hz  corr=-186.02W  u_ff=99.1W  PCAP→78W  power=78.0W
[PID] perf=18.111Hz  target=10.178Hz  err=-7.934Hz  corr=-187.13W  u_ff=99.1W  PCAP→78W  power=77.4W
[PID] perf=18.078Hz  target=10.178Hz  err=-7.901Hz  corr=-186.52W  u_ff=99.1W  PCAP→78W  power=76.5W
[PID] perf=18.102Hz  target=10.178Hz  err=-7.925Hz  corr=-186.96W  u_ff=99.1W  PCAP→78W  power=79.0W
[PID] perf=22.761Hz  target=10.178Hz  err=-12.584Hz  corr=-273.36W  u_ff=99.1W  PCAP→78W  power=78.0W
[PID] perf=27.221Hz  target=10.178Hz  err=-17.044Hz  corr=-356.08W  u_ff=99.1W  PCAP→78W  power=77.7W
[PID] perf=27.914Hz  target=10.178Hz  err=-17.736Hz  corr=-368.91W  u_ff=99.1W  PCAP→78W  power=78.3W
[PID] perf=27.947Hz  target=10.178Hz  err=-17.770Hz  corr=-369.54W  u_ff=99.1W  PCAP→78W  power=78.0W
[PID] perf=27.975Hz  target=10.178Hz  err=-17.797Hz  corr=-370.05W  u_ff=99.1W  PCAP→78W  power=77.7W
[PID] perf=28.005Hz  target=10.178Hz  err=-17.828Hz  corr=-370.61W  u_ff=99.1W  PCAP→78W  power=78.6W
[PID] perf=27.996Hz  target=10.178Hz  err=-17.819Hz  corr=-370.44W  u_ff=99.1W  PCAP→78W  power=77.0W
[PID] perf=27.969Hz  target=10.178Hz  err=-17.792Hz  corr=-369.94W  u_ff=99.1W  PCAP→78W  power=76.8W
[PID] perf=27.977Hz  target=10.178Hz  err=-17.799Hz  corr=-370.08W  u_ff=99.1W  PCAP→78W  power=78.1W
[PID] perf=27.954Hz  target=10.178Hz  err=-17.777Hz  corr=-369.66W  u_ff=99.1W  PCAP→78W  power=78.9W
[PID] perf=28.002Hz  target=10.178Hz  err=-17.824Hz  corr=-370.54W  u_ff=99.1W  PCAP→78W  power=78.7W
[PID] perf=27.967Hz  target=10.178Hz  err=-17.790Hz  corr=-369.91W  u_ff=99.1W  PCAP→78W  power=76.2W
[PID] perf=27.958Hz  target=10.178Hz  err=-17.781Hz  corr=-369.74W  u_ff=99.1W  PCAP→78W  power=77.4W
[PID] perf=27.993Hz  target=10.178Hz  err=-17.816Hz  corr=-370.39W  u_ff=99.1W  PCAP→78W  power=78.9W
[PID] perf=27.972Hz  target=10.178Hz  err=-17.795Hz  corr=-370.00W  u_ff=99.1W  PCAP→78W  power=77.9W
[PID] perf=27.961Hz  target=10.178Hz  err=-17.783Hz  corr=-369.78W  u_ff=99.1W  PCAP→78W  power=77.1W
[PID] perf=27.948Hz  target=10.178Hz  err=-17.771Hz  corr=-369.56W  u_ff=99.1W  PCAP→78W  power=76.3W
[PID] perf=27.943Hz  target=10.178Hz  err=-17.765Hz  corr=-369.45W  u_ff=99.1W  PCAP→78W  power=78.6W
[PID] perf=27.985Hz  target=10.178Hz  err=-17.807Hz  corr=-370.23W  u_ff=99.1W  PCAP→78W  power=78.5W
[PID] perf=27.957Hz  target=10.178Hz  err=-17.780Hz  corr=-369.72W  u_ff=99.1W  PCAP→78W  power=78.1W
[PID] perf=27.984Hz  target=10.178Hz  err=-17.806Hz  corr=-370.21W  u_ff=99.1W  PCAP→78W  power=77.5W
[PID] perf=27.992Hz  target=10.178Hz  err=-17.814Hz  corr=-370.36W  u_ff=99.1W  PCAP→78W  power=76.5W
[PID] perf=27.982Hz  target=10.178Hz  err=-17.805Hz  corr=-370.18W  u_ff=99.1W  PCAP→78W  power=77.8W
[PID] perf=27.957Hz  target=10.178Hz  err=-17.779Hz  corr=-369.71W  u_ff=99.1W  PCAP→78W  power=78.8W
[PID] perf=27.944Hz  target=10.178Hz  err=-17.766Hz  corr=-369.47W  u_ff=99.1W  PCAP→78W  power=78.4W
[PID] perf=27.954Hz  target=10.178Hz  err=-17.777Hz  corr=-369.67W  u_ff=99.1W  PCAP→78W  power=77.8W
[PID] perf=27.947Hz  target=10.178Hz  err=-17.770Hz  corr=-369.53W  u_ff=99.1W  PCAP→78W  power=77.0W
[PID] perf=27.933Hz  target=10.178Hz  err=-17.755Hz  corr=-369.27W  u_ff=99.1W  PCAP→78W  power=77.7W
[PID] perf=27.935Hz  target=10.178Hz  err=-17.757Hz  corr=-369.30W  u_ff=99.1W  PCAP→78W  power=77.6W
[PID] perf=27.963Hz  target=10.178Hz  err=-17.785Hz  corr=-369.82W  u_ff=99.1W  PCAP→78W  power=77.2W
[PID] perf=27.953Hz  target=10.178Hz  err=-17.776Hz  corr=-369.64W  u_ff=99.1W  PCAP→78W  power=77.6W
[PID] perf=27.985Hz  target=10.178Hz  err=-17.808Hz  corr=-370.24W  u_ff=99.1W  PCAP→78W  power=78.9W
[PID] perf=28.017Hz  target=10.178Hz  err=-17.840Hz  corr=-370.83W  u_ff=99.1W  PCAP→78W  power=77.8W
[PID] perf=27.958Hz  target=10.178Hz  err=-17.781Hz  corr=-369.74W  u_ff=99.1W  PCAP→78W  power=79.2W
[PID] perf=27.982Hz  target=10.178Hz  err=-17.805Hz  corr=-370.18W  u_ff=99.1W  PCAP→78W  power=77.1W
[PID] perf=27.993Hz  target=10.178Hz  err=-17.816Hz  corr=-370.39W  u_ff=99.1W  PCAP→78W  power=77.2W
[PID] perf=27.979Hz  target=10.178Hz  err=-17.802Hz  corr=-370.13W  u_ff=99.1W  PCAP→78W  power=77.2W
[PID] perf=27.945Hz  target=10.178Hz  err=-17.768Hz  corr=-369.49W  u_ff=99.1W  PCAP→78W  power=79.1W
[PID] perf=27.957Hz  target=10.178Hz  err=-17.779Hz  corr=-369.71W  u_ff=99.1W  PCAP→78W  power=78.9W
[PID] perf=27.975Hz  target=10.178Hz  err=-17.798Hz  corr=-370.05W  u_ff=99.1W  PCAP→78W  power=78.1W
[PID] perf=27.960Hz  target=10.178Hz  err=-17.783Hz  corr=-369.77W  u_ff=99.1W  PCAP→78W  power=77.9W
[PID] perf=27.906Hz  target=10.178Hz  err=-17.728Hz  corr=-368.77W  u_ff=99.1W  PCAP→78W  power=77.8W
[PID] perf=27.928Hz  target=10.178Hz  err=-17.751Hz  corr=-369.18W  u_ff=99.1W  PCAP→78W  power=78.7W
[PID] perf=27.920Hz  target=10.178Hz  err=-17.742Hz  corr=-369.02W  u_ff=99.1W  PCAP→78W  power=78.3W
[PID] perf=27.920Hz  target=10.178Hz  err=-17.743Hz  corr=-369.03W  u_ff=99.1W  PCAP→78W  power=76.4W
[PID] perf=27.955Hz  target=10.178Hz  err=-17.777Hz  corr=-369.68W  u_ff=99.1W  PCAP→78W  power=77.9W
[PID] perf=27.958Hz  target=10.178Hz  err=-17.780Hz  corr=-369.73W  u_ff=99.1W  PCAP→78W  power=79.4W
[PID] perf=27.957Hz  target=10.178Hz  err=-17.780Hz  corr=-369.72W  u_ff=99.1W  PCAP→78W  power=77.8W
[PID] perf=27.989Hz  target=10.178Hz  err=-17.811Hz  corr=-370.30W  u_ff=99.1W  PCAP→78W  power=77.6W
[PID] perf=27.968Hz  target=10.178Hz  err=-17.791Hz  corr=-369.93W  u_ff=99.1W  PCAP→78W  power=77.7W
[PID] perf=27.948Hz  target=10.178Hz  err=-17.771Hz  corr=-369.55W  u_ff=99.1W  PCAP→78W  power=79.3W
[PID] perf=27.972Hz  target=10.178Hz  err=-17.795Hz  corr=-370.00W  u_ff=99.1W  PCAP→78W  power=79.1W
[PID] perf=27.941Hz  target=10.178Hz  err=-17.764Hz  corr=-369.42W  u_ff=99.1W  PCAP→78W  power=77.4W
[PID] perf=27.975Hz  target=10.178Hz  err=-17.797Hz  corr=-370.04W  u_ff=99.1W  PCAP→78W  power=77.6W
[PID] perf=27.913Hz  target=10.178Hz  err=-17.736Hz  corr=-368.90W  u_ff=99.1W  PCAP→78W  power=76.3W
[PID] perf=27.958Hz  target=10.178Hz  err=-17.780Hz  corr=-369.73W  u_ff=99.1W  PCAP→78W  power=76.8W
[PID] perf=27.965Hz  target=10.178Hz  err=-17.788Hz  corr=-369.87W  u_ff=99.1W  PCAP→78W  power=78.8W
[PID] perf=27.973Hz  target=10.178Hz  err=-17.796Hz  corr=-370.01W  u_ff=99.1W  PCAP→78W  power=78.7W
[PID] perf=27.966Hz  target=10.178Hz  err=-17.789Hz  corr=-369.88W  u_ff=99.1W  PCAP→78W  power=77.2W
[PID] perf=28.000Hz  target=10.178Hz  err=-17.822Hz  corr=-370.51W  u_ff=99.1W  PCAP→78W  power=78.7W
[PID] perf=29.134Hz  target=10.178Hz  err=-18.956Hz  corr=-391.53W  u_ff=99.1W  PCAP→78W  power=77.1W
[PID] perf=29.154Hz  target=10.178Hz  err=-18.976Hz  corr=-391.91W  u_ff=99.1W  PCAP→78W  power=77.7W
[PID] perf=27.461Hz  target=10.178Hz  err=-17.284Hz  corr=-360.52W  u_ff=99.1W  PCAP→78W  power=79.1W
[PID] perf=27.541Hz  target=10.178Hz  err=-17.364Hz  corr=-362.00W  u_ff=99.1W  PCAP→78W  power=77.8W
[PID] perf=27.545Hz  target=10.178Hz  err=-17.367Hz  corr=-362.07W  u_ff=99.1W  PCAP→78W  power=78.5W
[PID] perf=27.557Hz  target=10.178Hz  err=-17.380Hz  corr=-362.30W  u_ff=99.1W  PCAP→78W  power=77.4W
[PID] perf=27.566Hz  target=10.178Hz  err=-17.389Hz  corr=-362.47W  u_ff=99.1W  PCAP→78W  power=76.9W
[PID] perf=27.550Hz  target=10.178Hz  err=-17.373Hz  corr=-362.17W  u_ff=99.1W  PCAP→78W  power=78.2W
[PID] perf=27.572Hz  target=10.178Hz  err=-17.395Hz  corr=-362.58W  u_ff=99.1W  PCAP→78W  power=78.3W
[PID] perf=27.546Hz  target=10.178Hz  err=-17.368Hz  corr=-362.08W  u_ff=99.1W  PCAP→78W  power=79.0W
[PID] perf=27.512Hz  target=10.178Hz  err=-17.335Hz  corr=-361.47W  u_ff=99.1W  PCAP→78W  power=79.2W
[PID] perf=27.532Hz  target=10.178Hz  err=-17.355Hz  corr=-361.84W  u_ff=99.1W  PCAP→78W  power=77.4W
[PID] perf=27.511Hz  target=10.178Hz  err=-17.333Hz  corr=-361.44W  u_ff=99.1W  PCAP→78W  power=78.0W
[PID] perf=27.509Hz  target=10.178Hz  err=-17.332Hz  corr=-361.42W  u_ff=99.1W  PCAP→78W  power=76.3W
[PID] perf=27.494Hz  target=10.178Hz  err=-17.316Hz  corr=-361.13W  u_ff=99.1W  PCAP→78W  power=79.1W
[PID] perf=25.882Hz  target=10.178Hz  err=-15.705Hz  corr=-331.24W  u_ff=99.1W  PCAP→78W  power=78.9W
[PID] perf=25.995Hz  target=10.178Hz  err=-15.817Hz  corr=-333.32W  u_ff=99.1W  PCAP→78W  power=79.0W
[PID] perf=26.027Hz  target=10.178Hz  err=-15.850Hz  corr=-333.93W  u_ff=99.1W  PCAP→78W  power=78.6W
[PID] perf=26.060Hz  target=10.178Hz  err=-15.882Hz  corr=-334.53W  u_ff=99.1W  PCAP→78W  power=78.4W
[PID] perf=26.015Hz  target=10.178Hz  err=-15.838Hz  corr=-333.71W  u_ff=99.1W  PCAP→78W  power=78.7W
[PID] perf=26.049Hz  target=10.178Hz  err=-15.871Hz  corr=-334.32W  u_ff=99.1W  PCAP→78W  power=78.6W
[PID] perf=26.078Hz  target=10.178Hz  err=-15.901Hz  corr=-334.88W  u_ff=99.1W  PCAP→78W  power=78.2W
[PID] perf=26.093Hz  target=10.178Hz  err=-15.916Hz  corr=-335.15W  u_ff=99.1W  PCAP→78W  power=78.0W
[PID] perf=26.086Hz  target=10.178Hz  err=-15.909Hz  corr=-335.02W  u_ff=99.1W  PCAP→78W  power=76.1W
[PID] perf=26.108Hz  target=10.178Hz  err=-15.930Hz  corr=-335.43W  u_ff=99.1W  PCAP→78W  power=77.9W
[PID] perf=26.106Hz  target=10.178Hz  err=-15.929Hz  corr=-335.39W  u_ff=99.1W  PCAP→78W  power=79.2W
[PID] perf=26.127Hz  target=10.178Hz  err=-15.950Hz  corr=-335.78W  u_ff=99.1W  PCAP→78W  power=79.3W
[PID] perf=26.073Hz  target=10.178Hz  err=-15.896Hz  corr=-334.78W  u_ff=99.1W  PCAP→78W  power=77.9W
[PID] perf=26.094Hz  target=10.178Hz  err=-15.916Hz  corr=-335.16W  u_ff=99.1W  PCAP→78W  power=77.8W
[PID] perf=26.085Hz  target=10.178Hz  err=-15.908Hz  corr=-335.01W  u_ff=99.1W  PCAP→78W  power=77.1W
[PID] perf=26.102Hz  target=10.178Hz  err=-15.924Hz  corr=-335.31W  u_ff=99.1W  PCAP→78W  power=79.1W
[PID] perf=26.136Hz  target=10.178Hz  err=-15.958Hz  corr=-335.94W  u_ff=99.1W  PCAP→78W  power=78.7W
[PID] perf=26.102Hz  target=10.178Hz  err=-15.925Hz  corr=-335.32W  u_ff=99.1W  PCAP→78W  power=78.3W
[PID] perf=26.147Hz  target=10.178Hz  err=-15.969Hz  corr=-336.14W  u_ff=99.1W  PCAP→78W  power=76.4W
[PID] perf=26.082Hz  target=10.178Hz  err=-15.904Hz  corr=-334.94W  u_ff=99.1W  PCAP→78W  power=78.2W
[PID] perf=26.117Hz  target=10.178Hz  err=-15.940Hz  corr=-335.60W  u_ff=99.1W  PCAP→78W  power=77.3W
[PID] perf=26.062Hz  target=10.178Hz  err=-15.884Hz  corr=-334.57W  u_ff=99.1W  PCAP→78W  power=76.3W
[PID] perf=26.069Hz  target=10.178Hz  err=-15.891Hz  corr=-334.70W  u_ff=99.1W  PCAP→78W  power=76.0W
[PID] perf=26.103Hz  target=10.178Hz  err=-15.925Hz  corr=-335.33W  u_ff=99.1W  PCAP→78W  power=76.3W
[PID] perf=26.089Hz  target=10.178Hz  err=-15.911Hz  corr=-335.07W  u_ff=99.1W  PCAP→78W  power=76.1W
[PID] perf=26.089Hz  target=10.178Hz  err=-15.911Hz  corr=-335.06W  u_ff=99.1W  PCAP→78W  power=76.4W
[PID] perf=26.120Hz  target=10.178Hz  err=-15.943Hz  corr=-335.65W  u_ff=99.1W  PCAP→78W  power=78.3W
[PID] perf=26.124Hz  target=10.178Hz  err=-15.946Hz  corr=-335.72W  u_ff=99.1W  PCAP→78W  power=78.0W
[PID] perf=26.155Hz  target=10.178Hz  err=-15.977Hz  corr=-336.30W  u_ff=99.1W  PCAP→78W  power=77.8W
[PID] perf=26.131Hz  target=10.178Hz  err=-15.953Hz  corr=-335.85W  u_ff=99.1W  PCAP→78W  power=77.5W
[PID] perf=26.152Hz  target=10.178Hz  err=-15.975Hz  corr=-336.24W  u_ff=99.1W  PCAP→78W  power=76.4W
[PID] perf=26.097Hz  target=10.178Hz  err=-15.920Hz  corr=-335.22W  u_ff=99.1W  PCAP→78W  power=77.1W
[PID] perf=26.098Hz  target=10.178Hz  err=-15.921Hz  corr=-335.24W  u_ff=99.1W  PCAP→78W  power=78.6W
[PID] perf=26.076Hz  target=10.178Hz  err=-15.898Hz  corr=-334.83W  u_ff=99.1W  PCAP→78W  power=77.3W
[PID] perf=26.126Hz  target=10.178Hz  err=-15.948Hz  corr=-335.75W  u_ff=99.1W  PCAP→78W  power=78.3W
[PID] perf=26.185Hz  target=10.178Hz  err=-16.007Hz  corr=-336.84W  u_ff=99.1W  PCAP→78W  power=77.1W
[PID] perf=26.872Hz  target=10.178Hz  err=-16.695Hz  corr=-349.60W  u_ff=99.1W  PCAP→78W  power=78.9W
[PID] perf=26.985Hz  target=10.178Hz  err=-16.807Hz  corr=-351.69W  u_ff=99.1W  PCAP→78W  power=77.8W
[PID] perf=26.983Hz  target=10.178Hz  err=-16.805Hz  corr=-351.64W  u_ff=99.1W  PCAP→78W  power=78.6W
[PID] perf=26.978Hz  target=10.178Hz  err=-16.800Hz  corr=-351.55W  u_ff=99.1W  PCAP→78W  power=78.0W
[PID] perf=26.938Hz  target=10.178Hz  err=-16.761Hz  corr=-350.82W  u_ff=99.1W  PCAP→78W  power=77.1W
[PID] perf=26.917Hz  target=10.178Hz  err=-16.740Hz  corr=-350.44W  u_ff=99.1W  PCAP→78W  power=77.0W
[PID] perf=26.953Hz  target=10.178Hz  err=-16.776Hz  corr=-351.10W  u_ff=99.1W  PCAP→78W  power=76.2W
[PID] perf=26.929Hz  target=10.178Hz  err=-16.752Hz  corr=-350.66W  u_ff=99.1W  PCAP→78W  power=76.7W
[PID] perf=26.951Hz  target=10.178Hz  err=-16.773Hz  corr=-351.06W  u_ff=99.1W  PCAP→78W  power=78.3W
[PID] perf=26.947Hz  target=10.178Hz  err=-16.770Hz  corr=-350.99W  u_ff=99.1W  PCAP→78W  power=79.1W
[PID] perf=26.989Hz  target=10.178Hz  err=-16.812Hz  corr=-351.77W  u_ff=99.1W  PCAP→78W  power=78.5W
[PID] perf=26.955Hz  target=10.178Hz  err=-16.777Hz  corr=-351.13W  u_ff=99.1W  PCAP→78W  power=78.5W
[PID] perf=26.985Hz  target=10.178Hz  err=-16.807Hz  corr=-351.69W  u_ff=99.1W  PCAP→78W  power=76.9W
[PID] perf=26.993Hz  target=10.178Hz  err=-16.815Hz  corr=-351.84W  u_ff=99.1W  PCAP→78W  power=77.9W
[PID] perf=27.022Hz  target=10.178Hz  err=-16.845Hz  corr=-352.38W  u_ff=99.1W  PCAP→78W  power=77.6W
[PID] perf=26.988Hz  target=10.178Hz  err=-16.810Hz  corr=-351.74W  u_ff=99.1W  PCAP→78W  power=79.2W
[PID] perf=27.026Hz  target=10.178Hz  err=-16.848Hz  corr=-352.45W  u_ff=99.1W  PCAP→78W  power=79.5W
[PID] perf=26.992Hz  target=10.178Hz  err=-16.815Hz  corr=-351.83W  u_ff=99.1W  PCAP→78W  power=77.6W
[PID] perf=27.040Hz  target=10.178Hz  err=-16.863Hz  corr=-352.72W  u_ff=99.1W  PCAP→78W  power=77.1W
[PID] perf=27.033Hz  target=10.178Hz  err=-16.855Hz  corr=-352.58W  u_ff=99.1W  PCAP→78W  power=78.7W
[PID] perf=27.025Hz  target=10.178Hz  err=-16.848Hz  corr=-352.43W  u_ff=99.1W  PCAP→78W  power=79.3W
[PID] perf=26.964Hz  target=10.178Hz  err=-16.786Hz  corr=-351.30W  u_ff=99.1W  PCAP→78W  power=77.6W
[PID] perf=26.984Hz  target=10.178Hz  err=-16.807Hz  corr=-351.67W  u_ff=99.1W  PCAP→78W  power=76.4W
[PID] perf=26.963Hz  target=10.178Hz  err=-16.785Hz  corr=-351.27W  u_ff=99.1W  PCAP→78W  power=77.2W
[PID] perf=26.955Hz  target=10.178Hz  err=-16.777Hz  corr=-351.13W  u_ff=99.1W  PCAP→78W  power=78.8W
[PID] perf=26.992Hz  target=10.178Hz  err=-16.815Hz  corr=-351.82W  u_ff=99.1W  PCAP→78W  power=77.0W
[PID] perf=26.962Hz  target=10.178Hz  err=-16.784Hz  corr=-351.25W  u_ff=99.1W  PCAP→78W  power=78.4W
[PID] perf=26.962Hz  target=10.178Hz  err=-16.785Hz  corr=-351.27W  u_ff=99.1W  PCAP→78W  power=76.6W
[PID] perf=27.003Hz  target=10.178Hz  err=-16.826Hz  corr=-352.03W  u_ff=99.1W  PCAP→78W  power=78.9W
[PID] perf=26.964Hz  target=10.178Hz  err=-16.787Hz  corr=-351.31W  u_ff=99.1W  PCAP→78W  power=78.9W
[PID] perf=27.018Hz  target=10.178Hz  err=-16.841Hz  corr=-352.31W  u_ff=99.1W  PCAP→78W  power=77.7W
[PID] perf=26.964Hz  target=10.178Hz  err=-16.787Hz  corr=-351.30W  u_ff=99.1W  PCAP→78W  power=78.9W
[PID] perf=26.978Hz  target=10.178Hz  err=-16.801Hz  corr=-351.56W  u_ff=99.1W  PCAP→78W  power=77.8W
[PID] perf=26.954Hz  target=10.178Hz  err=-16.776Hz  corr=-351.11W  u_ff=99.1W  PCAP→78W  power=78.5W
[PID] perf=26.973Hz  target=10.178Hz  err=-16.795Hz  corr=-351.46W  u_ff=99.1W  PCAP→78W  power=78.7W
[PID] perf=27.023Hz  target=10.178Hz  err=-16.846Hz  corr=-352.39W  u_ff=99.1W  PCAP→78W  power=77.9W
[PID] perf=26.992Hz  target=10.178Hz  err=-16.814Hz  corr=-351.81W  u_ff=99.1W  PCAP→78W  power=79.4W
[PID] perf=26.959Hz  target=10.178Hz  err=-16.781Hz  corr=-351.20W  u_ff=99.1W  PCAP→78W  power=77.4W
[PID] perf=26.969Hz  target=10.178Hz  err=-16.792Hz  corr=-351.40W  u_ff=99.1W  PCAP→78W  power=76.8W
[PID] perf=26.929Hz  target=10.178Hz  err=-16.751Hz  corr=-350.65W  u_ff=99.1W  PCAP→78W  power=77.5W
[PID] perf=26.954Hz  target=10.178Hz  err=-16.776Hz  corr=-351.11W  u_ff=99.1W  PCAP→78W  power=78.5W
[PID] perf=26.919Hz  target=10.178Hz  err=-16.741Hz  corr=-350.46W  u_ff=99.1W  PCAP→78W  power=78.9W
[PID] perf=26.983Hz  target=10.178Hz  err=-16.806Hz  corr=-351.66W  u_ff=99.1W  PCAP→78W  power=77.2W
[PID] perf=27.029Hz  target=10.178Hz  err=-16.852Hz  corr=-352.51W  u_ff=99.1W  PCAP→78W  power=79.2W
[PID] perf=26.969Hz  target=10.178Hz  err=-16.792Hz  corr=-351.40W  u_ff=99.1W  PCAP→78W  power=78.1W
[PID] perf=25.853Hz  target=10.178Hz  err=-15.675Hz  corr=-330.70W  u_ff=99.1W  PCAP→78W  power=77.9W
[PID] perf=26.279Hz  target=10.178Hz  err=-16.102Hz  corr=-338.61W  u_ff=99.1W  PCAP→78W  power=77.3W
[PID] perf=26.336Hz  target=10.178Hz  err=-16.158Hz  corr=-339.65W  u_ff=99.1W  PCAP→78W  power=77.3W
[PID] perf=26.381Hz  target=10.178Hz  err=-16.203Hz  corr=-340.48W  u_ff=99.1W  PCAP→78W  power=78.3W
[PID] perf=26.375Hz  target=10.178Hz  err=-16.198Hz  corr=-340.38W  u_ff=99.1W  PCAP→78W  power=77.4W
[PID] perf=26.381Hz  target=10.178Hz  err=-16.204Hz  corr=-340.49W  u_ff=99.1W  PCAP→78W  power=77.1W
[PID] perf=26.405Hz  target=10.178Hz  err=-16.228Hz  corr=-340.94W  u_ff=99.1W  PCAP→78W  power=77.4W
[PID] perf=26.368Hz  target=10.178Hz  err=-16.191Hz  corr=-340.25W  u_ff=99.1W  PCAP→78W  power=77.6W
[PID] perf=26.353Hz  target=10.178Hz  err=-16.176Hz  corr=-339.98W  u_ff=99.1W  PCAP→78W  power=76.3W
[PID] perf=26.379Hz  target=10.178Hz  err=-16.201Hz  corr=-340.45W  u_ff=99.1W  PCAP→78W  power=77.5W
[PID] perf=26.376Hz  target=10.178Hz  err=-16.198Hz  corr=-340.39W  u_ff=99.1W  PCAP→78W  power=76.2W
[PID] perf=26.428Hz  target=10.178Hz  err=-16.250Hz  corr=-341.36W  u_ff=99.1W  PCAP→78W  power=77.4W
[PID] perf=26.403Hz  target=10.178Hz  err=-16.226Hz  corr=-340.90W  u_ff=99.1W  PCAP→78W  power=77.4W
[PID] perf=26.408Hz  target=10.178Hz  err=-16.230Hz  corr=-340.99W  u_ff=99.1W  PCAP→78W  power=77.2W
[PID] perf=26.403Hz  target=10.178Hz  err=-16.225Hz  corr=-340.90W  u_ff=99.1W  PCAP→78W  power=77.7W
[PID] perf=27.773Hz  target=10.178Hz  err=-17.596Hz  corr=-366.30W  u_ff=99.1W  PCAP→78W  power=76.9W
[PID] perf=27.857Hz  target=10.178Hz  err=-17.680Hz  corr=-367.86W  u_ff=99.1W  PCAP→78W  power=78.5W
[PID] perf=27.802Hz  target=10.178Hz  err=-17.624Hz  corr=-366.84W  u_ff=99.1W  PCAP→78W  power=77.2W
[PID] perf=27.854Hz  target=10.178Hz  err=-17.677Hz  corr=-367.81W  u_ff=99.1W  PCAP→78W  power=78.4W
[PID] perf=27.837Hz  target=10.178Hz  err=-17.660Hz  corr=-367.49W  u_ff=99.1W  PCAP→78W  power=78.7W
[PID] perf=27.835Hz  target=10.178Hz  err=-17.658Hz  corr=-367.46W  u_ff=99.1W  PCAP→78W  power=79.0W
[PID] perf=27.803Hz  target=10.178Hz  err=-17.626Hz  corr=-366.87W  u_ff=99.1W  PCAP→78W  power=76.2W
[PID] perf=27.847Hz  target=10.178Hz  err=-17.670Hz  corr=-367.68W  u_ff=99.1W  PCAP→78W  power=79.2W
[PID] perf=27.825Hz  target=10.178Hz  err=-17.647Hz  corr=-367.26W  u_ff=99.1W  PCAP→78W  power=78.2W
[PID] perf=27.821Hz  target=10.178Hz  err=-17.644Hz  corr=-367.19W  u_ff=99.1W  PCAP→78W  power=77.3W
[PID] perf=27.830Hz  target=10.178Hz  err=-17.653Hz  corr=-367.37W  u_ff=99.1W  PCAP→78W  power=78.4W
[PID] perf=27.812Hz  target=10.178Hz  err=-17.634Hz  corr=-367.02W  u_ff=99.1W  PCAP→78W  power=77.6W
[PID] perf=27.837Hz  target=10.178Hz  err=-17.660Hz  corr=-367.49W  u_ff=99.1W  PCAP→78W  power=78.8W
[PID] perf=27.874Hz  target=10.178Hz  err=-17.696Hz  corr=-368.17W  u_ff=99.1W  PCAP→78W  power=78.3W
[PID] perf=27.820Hz  target=10.178Hz  err=-17.643Hz  corr=-367.18W  u_ff=99.1W  PCAP→78W  power=77.3W
[PID] perf=27.885Hz  target=10.178Hz  err=-17.708Hz  corr=-368.38W  u_ff=99.1W  PCAP→78W  power=79.0W
[PID] perf=27.894Hz  target=10.178Hz  err=-17.716Hz  corr=-368.54W  u_ff=99.1W  PCAP→78W  power=77.7W
[PID] perf=27.447Hz  target=10.178Hz  err=-17.269Hz  corr=-360.25W  u_ff=99.1W  PCAP→78W  power=76.3W
[PID] perf=27.479Hz  target=10.178Hz  err=-17.302Hz  corr=-360.85W  u_ff=99.1W  PCAP→78W  power=76.8W
[PID] perf=27.490Hz  target=10.178Hz  err=-17.312Hz  corr=-361.05W  u_ff=99.1W  PCAP→78W  power=78.1W
[PID] perf=27.545Hz  target=10.178Hz  err=-17.367Hz  corr=-362.07W  u_ff=99.1W  PCAP→78W  power=78.6W
[PID] perf=27.533Hz  target=10.178Hz  err=-17.355Hz  corr=-361.85W  u_ff=99.1W  PCAP→78W  power=79.0W
[PID] perf=27.550Hz  target=10.178Hz  err=-17.372Hz  corr=-362.16W  u_ff=99.1W  PCAP→78W  power=78.2W
[PID] perf=27.544Hz  target=10.178Hz  err=-17.366Hz  corr=-362.05W  u_ff=99.1W  PCAP→78W  power=79.0W
[PID] perf=27.497Hz  target=10.178Hz  err=-17.319Hz  corr=-361.18W  u_ff=99.1W  PCAP→78W  power=78.9W
[PID] perf=27.519Hz  target=10.178Hz  err=-17.342Hz  corr=-361.60W  u_ff=99.1W  PCAP→78W  power=79.2W
[PID] perf=27.532Hz  target=10.178Hz  err=-17.354Hz  corr=-361.83W  u_ff=99.1W  PCAP→78W  power=76.3W
[PID] perf=27.517Hz  target=10.178Hz  err=-17.340Hz  corr=-361.56W  u_ff=99.1W  PCAP→78W  power=77.1W
[PID] perf=27.525Hz  target=10.178Hz  err=-17.348Hz  corr=-361.71W  u_ff=99.1W  PCAP→78W  power=78.5W
[PID] perf=27.518Hz  target=10.178Hz  err=-17.340Hz  corr=-361.57W  u_ff=99.1W  PCAP→78W  power=78.3W
[PID] perf=26.857Hz  target=10.178Hz  err=-16.680Hz  corr=-349.32W  u_ff=99.1W  PCAP→78W  power=78.0W
[PID] perf=26.952Hz  target=10.178Hz  err=-16.774Hz  corr=-351.08W  u_ff=99.1W  PCAP→78W  power=77.9W
[PID] perf=26.951Hz  target=10.178Hz  err=-16.774Hz  corr=-351.06W  u_ff=99.1W  PCAP→78W  power=78.6W
[PID] perf=26.941Hz  target=10.178Hz  err=-16.764Hz  corr=-350.88W  u_ff=99.1W  PCAP→78W  power=78.4W
[PID] perf=26.958Hz  target=10.178Hz  err=-16.780Hz  corr=-351.19W  u_ff=99.1W  PCAP→78W  power=77.7W
[PID] perf=26.969Hz  target=10.178Hz  err=-16.792Hz  corr=-351.40W  u_ff=99.1W  PCAP→78W  power=76.9W
[PID] perf=26.965Hz  target=10.178Hz  err=-16.787Hz  corr=-351.31W  u_ff=99.1W  PCAP→78W  power=77.2W
[PID] perf=26.952Hz  target=10.178Hz  err=-16.775Hz  corr=-351.08W  u_ff=99.1W  PCAP→78W  power=77.5W
[PID] perf=26.937Hz  target=10.178Hz  err=-16.759Hz  corr=-350.79W  u_ff=99.1W  PCAP→78W  power=79.2W
[PID] perf=27.235Hz  target=10.178Hz  err=-17.058Hz  corr=-356.33W  u_ff=99.1W  PCAP→78W  power=79.1W
[PID] perf=27.212Hz  target=10.178Hz  err=-17.034Hz  corr=-355.89W  u_ff=99.1W  PCAP→78W  power=77.5W
[PID] perf=27.234Hz  target=10.178Hz  err=-17.057Hz  corr=-356.31W  u_ff=99.1W  PCAP→78W  power=78.1W
[PID] perf=27.259Hz  target=10.178Hz  err=-17.081Hz  corr=-356.77W  u_ff=99.1W  PCAP→78W  power=77.5W
[PID] perf=27.248Hz  target=10.178Hz  err=-17.071Hz  corr=-356.57W  u_ff=99.1W  PCAP→78W  power=78.7W
[PID] perf=27.203Hz  target=10.178Hz  err=-17.026Hz  corr=-355.74W  u_ff=99.1W  PCAP→78W  power=77.5W
[PID] perf=27.644Hz  target=10.178Hz  err=-17.467Hz  corr=-363.92W  u_ff=99.1W  PCAP→78W  power=78.9W
[PID] perf=27.712Hz  target=10.178Hz  err=-17.534Hz  corr=-365.17W  u_ff=99.1W  PCAP→78W  power=79.2W
[PID] perf=27.709Hz  target=10.178Hz  err=-17.531Hz  corr=-365.11W  u_ff=99.1W  PCAP→78W  power=79.6W
[PID] perf=27.763Hz  target=10.178Hz  err=-17.585Hz  corr=-366.11W  u_ff=99.1W  PCAP→78W  power=79.2W
[PID] perf=27.788Hz  target=10.178Hz  err=-17.610Hz  corr=-366.58W  u_ff=99.1W  PCAP→78W  power=78.4W
[PID] perf=27.750Hz  target=10.178Hz  err=-17.573Hz  corr=-365.88W  u_ff=99.1W  PCAP→78W  power=78.2W
[PID] perf=27.729Hz  target=10.178Hz  err=-17.552Hz  corr=-365.49W  u_ff=99.1W  PCAP→78W  power=78.8W
[PID] perf=27.711Hz  target=10.178Hz  err=-17.534Hz  corr=-365.16W  u_ff=99.1W  PCAP→78W  power=78.9W
[PID] perf=27.767Hz  target=10.178Hz  err=-17.589Hz  corr=-366.18W  u_ff=99.1W  PCAP→78W  power=79.1W
[PID] perf=27.657Hz  target=10.178Hz  err=-17.480Hz  corr=-364.16W  u_ff=99.1W  PCAP→78W  power=79.1W
[PID] perf=27.668Hz  target=10.178Hz  err=-17.491Hz  corr=-364.36W  u_ff=99.1W  PCAP→78W  power=76.9W
[PID] perf=27.680Hz  target=10.178Hz  err=-17.503Hz  corr=-364.58W  u_ff=99.1W  PCAP→78W  power=78.1W
[PID] perf=27.620Hz  target=10.178Hz  err=-17.443Hz  corr=-363.47W  u_ff=99.1W  PCAP→78W  power=77.1W
[PID] perf=27.651Hz  target=10.178Hz  err=-17.473Hz  corr=-364.03W  u_ff=99.1W  PCAP→78W  power=77.3W
[PID] perf=27.685Hz  target=10.178Hz  err=-17.507Hz  corr=-364.67W  u_ff=99.1W  PCAP→78W  power=76.6W
[PID] perf=27.662Hz  target=10.178Hz  err=-17.484Hz  corr=-364.24W  u_ff=99.1W  PCAP→78W  power=78.9W
[PID] perf=27.680Hz  target=10.178Hz  err=-17.502Hz  corr=-364.57W  u_ff=99.1W  PCAP→78W  power=76.2W
[PID] perf=27.674Hz  target=10.178Hz  err=-17.497Hz  corr=-364.47W  u_ff=99.1W  PCAP→78W  power=78.4W
[PID] perf=27.682Hz  target=10.178Hz  err=-17.505Hz  corr=-364.62W  u_ff=99.1W  PCAP→78W  power=77.1W
[PID] perf=27.680Hz  target=10.178Hz  err=-17.502Hz  corr=-364.57W  u_ff=99.1W  PCAP→78W  power=78.9W
[PID] perf=27.665Hz  target=10.178Hz  err=-17.487Hz  corr=-364.30W  u_ff=99.1W  PCAP→78W  power=78.6W
[PID] perf=27.665Hz  target=10.178Hz  err=-17.488Hz  corr=-364.31W  u_ff=99.1W  PCAP→78W  power=79.2W
[PID] perf=27.682Hz  target=10.178Hz  err=-17.504Hz  corr=-364.61W  u_ff=99.1W  PCAP→78W  power=78.0W
[PID] perf=27.704Hz  target=10.178Hz  err=-17.527Hz  corr=-365.02W  u_ff=99.1W  PCAP→78W  power=78.9W
[PID] perf=27.687Hz  target=10.178Hz  err=-17.510Hz  corr=-364.71W  u_ff=99.1W  PCAP→78W  power=78.7W
[PID] perf=27.686Hz  target=10.178Hz  err=-17.509Hz  corr=-364.69W  u_ff=99.1W  PCAP→78W  power=78.7W
[PID] perf=27.676Hz  target=10.178Hz  err=-17.498Hz  corr=-364.50W  u_ff=99.1W  PCAP→78W  power=78.8W
[PID] perf=27.656Hz  target=10.178Hz  err=-17.479Hz  corr=-364.14W  u_ff=99.1W  PCAP→78W  power=78.9W
[PID] perf=27.662Hz  target=10.178Hz  err=-17.485Hz  corr=-364.25W  u_ff=99.1W  PCAP→78W  power=78.0W
[PID] perf=27.645Hz  target=10.178Hz  err=-17.468Hz  corr=-363.93W  u_ff=99.1W  PCAP→78W  power=78.1W
[PID] perf=27.636Hz  target=10.178Hz  err=-17.458Hz  corr=-363.76W  u_ff=99.1W  PCAP→78W  power=77.9W
[PID] perf=27.666Hz  target=10.178Hz  err=-17.489Hz  corr=-364.32W  u_ff=99.1W  PCAP→78W  power=76.9W
[PID] perf=27.650Hz  target=10.178Hz  err=-17.473Hz  corr=-364.02W  u_ff=99.1W  PCAP→78W  power=76.0W
[PID] perf=27.653Hz  target=10.178Hz  err=-17.476Hz  corr=-364.08W  u_ff=99.1W  PCAP→78W  power=76.5W
[PID] perf=27.664Hz  target=10.178Hz  err=-17.486Hz  corr=-364.28W  u_ff=99.1W  PCAP→78W  power=77.5W
[PID] perf=27.635Hz  target=10.178Hz  err=-17.458Hz  corr=-363.75W  u_ff=99.1W  PCAP→78W  power=76.7W
[PID] perf=27.638Hz  target=10.178Hz  err=-17.461Hz  corr=-363.80W  u_ff=99.1W  PCAP→78W  power=77.2W
[PID] perf=27.658Hz  target=10.178Hz  err=-17.481Hz  corr=-364.17W  u_ff=99.1W  PCAP→78W  power=78.8W
[PID] perf=27.647Hz  target=10.178Hz  err=-17.470Hz  corr=-363.97W  u_ff=99.1W  PCAP→78W  power=77.5W
[PID] perf=27.664Hz  target=10.178Hz  err=-17.487Hz  corr=-364.29W  u_ff=99.1W  PCAP→78W  power=76.6W
[PID] perf=27.661Hz  target=10.178Hz  err=-17.483Hz  corr=-364.22W  u_ff=99.1W  PCAP→78W  power=78.5W
[PID] perf=27.688Hz  target=10.178Hz  err=-17.510Hz  corr=-364.73W  u_ff=99.1W  PCAP→78W  power=78.5W
[PID] perf=27.702Hz  target=10.178Hz  err=-17.525Hz  corr=-364.99W  u_ff=99.1W  PCAP→78W  power=77.4W
[PID] perf=27.670Hz  target=10.178Hz  err=-17.493Hz  corr=-364.40W  u_ff=99.1W  PCAP→78W  power=77.2W
[PID] perf=27.675Hz  target=10.178Hz  err=-17.498Hz  corr=-364.49W  u_ff=99.1W  PCAP→78W  power=76.5W
[PID] perf=27.662Hz  target=10.178Hz  err=-17.485Hz  corr=-364.25W  u_ff=99.1W  PCAP→78W  power=77.1W
[PID] perf=27.614Hz  target=10.178Hz  err=-17.437Hz  corr=-363.36W  u_ff=99.1W  PCAP→78W  power=78.9W
[PID] perf=27.584Hz  target=10.178Hz  err=-17.406Hz  corr=-362.79W  u_ff=99.1W  PCAP→78W  power=77.0W
[PID] perf=27.631Hz  target=10.178Hz  err=-17.454Hz  corr=-363.67W  u_ff=99.1W  PCAP→78W  power=77.9W
[PID] perf=27.659Hz  target=10.178Hz  err=-17.482Hz  corr=-364.20W  u_ff=99.1W  PCAP→78W  power=77.2W
[PID] perf=27.626Hz  target=10.178Hz  err=-17.449Hz  corr=-363.58W  u_ff=99.1W  PCAP→78W  power=78.5W
[PID] perf=27.641Hz  target=10.178Hz  err=-17.463Hz  corr=-363.85W  u_ff=99.1W  PCAP→78W  power=78.7W
[PID] perf=27.640Hz  target=10.178Hz  err=-17.462Hz  corr=-363.83W  u_ff=99.1W  PCAP→78W  power=76.4W
[PID] perf=27.642Hz  target=10.178Hz  err=-17.465Hz  corr=-363.88W  u_ff=99.1W  PCAP→78W  power=78.6W
[PID] perf=27.591Hz  target=10.178Hz  err=-17.414Hz  corr=-362.94W  u_ff=99.1W  PCAP→78W  power=79.0W
[PID] perf=27.636Hz  target=10.178Hz  err=-17.458Hz  corr=-363.75W  u_ff=99.1W  PCAP→78W  power=79.5W
[PID] perf=27.744Hz  target=10.178Hz  err=-17.567Hz  corr=-365.77W  u_ff=99.1W  PCAP→78W  power=77.7W
[PID] perf=27.750Hz  target=10.178Hz  err=-17.572Hz  corr=-365.87W  u_ff=99.1W  PCAP→78W  power=78.0W
[PID] perf=27.729Hz  target=10.178Hz  err=-17.552Hz  corr=-365.49W  u_ff=99.1W  PCAP→78W  power=78.4W
[PID] perf=26.671Hz  target=10.178Hz  err=-16.494Hz  corr=-345.87W  u_ff=99.1W  PCAP→78W  power=77.0W
[PID] perf=27.035Hz  target=10.178Hz  err=-16.858Hz  corr=-352.62W  u_ff=99.1W  PCAP→78W  power=77.7W
[PID] perf=27.084Hz  target=10.178Hz  err=-16.907Hz  corr=-353.53W  u_ff=99.1W  PCAP→78W  power=77.5W
[PID] perf=27.181Hz  target=10.178Hz  err=-17.003Hz  corr=-355.32W  u_ff=99.1W  PCAP→78W  power=77.9W
[PID] perf=27.159Hz  target=10.178Hz  err=-16.981Hz  corr=-354.91W  u_ff=99.1W  PCAP→78W  power=79.1W
[PID] perf=27.189Hz  target=10.178Hz  err=-17.011Hz  corr=-355.46W  u_ff=99.1W  PCAP→78W  power=79.0W
[PID] perf=27.169Hz  target=10.178Hz  err=-16.991Hz  corr=-355.10W  u_ff=99.1W  PCAP→78W  power=76.4W
[PID] perf=27.214Hz  target=10.178Hz  err=-17.037Hz  corr=-355.94W  u_ff=99.1W  PCAP→78W  power=77.4W
[PID] perf=27.196Hz  target=10.178Hz  err=-17.018Hz  corr=-355.60W  u_ff=99.1W  PCAP→78W  power=77.7W
[PID] perf=27.164Hz  target=10.178Hz  err=-16.986Hz  corr=-355.00W  u_ff=99.1W  PCAP→78W  power=77.7W
[PID] perf=27.300Hz  target=10.178Hz  err=-17.123Hz  corr=-357.54W  u_ff=99.1W  PCAP→78W  power=77.0W
[PID] perf=27.090Hz  target=10.178Hz  err=-16.912Hz  corr=-353.63W  u_ff=99.1W  PCAP→78W  power=76.9W
[PID] perf=27.200Hz  target=10.178Hz  err=-17.023Hz  corr=-355.68W  u_ff=99.1W  PCAP→78W  power=78.5W
[PID] perf=27.683Hz  target=10.178Hz  err=-17.506Hz  corr=-364.63W  u_ff=99.1W  PCAP→78W  power=78.8W
[PID] perf=27.782Hz  target=10.178Hz  err=-17.605Hz  corr=-366.48W  u_ff=99.1W  PCAP→78W  power=78.0W
[PID] perf=27.760Hz  target=10.178Hz  err=-17.583Hz  corr=-366.07W  u_ff=99.1W  PCAP→78W  power=78.9W
[PID] perf=27.774Hz  target=10.178Hz  err=-17.596Hz  corr=-366.31W  u_ff=99.1W  PCAP→78W  power=77.9W
[PID] perf=27.762Hz  target=10.178Hz  err=-17.584Hz  corr=-366.09W  u_ff=99.1W  PCAP→78W  power=78.9W
[PID] perf=27.814Hz  target=10.178Hz  err=-17.636Hz  corr=-367.06W  u_ff=99.1W  PCAP→78W  power=79.1W
[PID] perf=27.832Hz  target=10.178Hz  err=-17.654Hz  corr=-367.39W  u_ff=99.1W  PCAP→78W  power=78.9W
[PID] perf=27.793Hz  target=10.178Hz  err=-17.615Hz  corr=-366.67W  u_ff=99.1W  PCAP→78W  power=77.9W
[PID] perf=27.835Hz  target=10.178Hz  err=-17.657Hz  corr=-367.45W  u_ff=99.1W  PCAP→78W  power=76.4W
[PID] perf=27.826Hz  target=10.178Hz  err=-17.649Hz  corr=-367.29W  u_ff=99.1W  PCAP→78W  power=77.5W
[PID] perf=27.834Hz  target=10.178Hz  err=-17.656Hz  corr=-367.43W  u_ff=99.1W  PCAP→78W  power=77.8W
[PID] perf=27.801Hz  target=10.178Hz  err=-17.624Hz  corr=-366.82W  u_ff=99.1W  PCAP→78W  power=78.5W
[PID] perf=27.793Hz  target=10.178Hz  err=-17.616Hz  corr=-366.67W  u_ff=99.1W  PCAP→78W  power=77.8W
[PID] perf=27.809Hz  target=10.178Hz  err=-17.632Hz  corr=-366.97W  u_ff=99.1W  PCAP→78W  power=79.3W
[PID] perf=27.788Hz  target=10.178Hz  err=-17.610Hz  corr=-366.57W  u_ff=99.1W  PCAP→78W  power=78.5W
[PID] perf=27.802Hz  target=10.178Hz  err=-17.625Hz  corr=-366.85W  u_ff=99.1W  PCAP→78W  power=77.8W
[PID] perf=27.806Hz  target=10.178Hz  err=-17.629Hz  corr=-366.92W  u_ff=99.1W  PCAP→78W  power=79.0W
[PID] perf=27.846Hz  target=10.178Hz  err=-17.669Hz  corr=-367.66W  u_ff=99.1W  PCAP→78W  power=78.3W
[PID] perf=27.764Hz  target=10.178Hz  err=-17.587Hz  corr=-366.14W  u_ff=99.1W  PCAP→78W  power=77.2W
[PID] perf=27.812Hz  target=10.178Hz  err=-17.635Hz  corr=-367.03W  u_ff=99.1W  PCAP→78W  power=77.1W
[PID] perf=27.817Hz  target=10.178Hz  err=-17.639Hz  corr=-367.12W  u_ff=99.1W  PCAP→78W  power=76.7W
[PID] perf=27.281Hz  target=10.178Hz  err=-17.103Hz  corr=-357.18W  u_ff=99.1W  PCAP→78W  power=79.1W
[PID] perf=27.785Hz  target=10.178Hz  err=-17.608Hz  corr=-366.53W  u_ff=99.1W  PCAP→78W  power=77.2W
[PID] perf=27.813Hz  target=10.178Hz  err=-17.636Hz  corr=-367.05W  u_ff=99.1W  PCAP→78W  power=77.8W
[PID] perf=27.809Hz  target=10.178Hz  err=-17.632Hz  corr=-366.97W  u_ff=99.1W  PCAP→78W  power=78.8W
[PID] perf=27.793Hz  target=10.178Hz  err=-17.616Hz  corr=-366.68W  u_ff=99.1W  PCAP→78W  power=78.2W
[PID] perf=27.765Hz  target=10.178Hz  err=-17.588Hz  corr=-366.15W  u_ff=99.1W  PCAP→78W  power=77.0W
[PID] perf=27.759Hz  target=10.178Hz  err=-17.582Hz  corr=-366.05W  u_ff=99.1W  PCAP→78W  power=79.0W
[PID] perf=27.769Hz  target=10.178Hz  err=-17.592Hz  corr=-366.23W  u_ff=99.1W  PCAP→78W  power=77.5W
[PID] perf=27.804Hz  target=10.178Hz  err=-17.626Hz  corr=-366.87W  u_ff=99.1W  PCAP→78W  power=77.7W
[PID] perf=27.787Hz  target=10.178Hz  err=-17.609Hz  corr=-366.56W  u_ff=99.1W  PCAP→78W  power=78.7W
[PID] perf=27.734Hz  target=10.178Hz  err=-17.557Hz  corr=-365.58W  u_ff=99.1W  PCAP→78W  power=77.9W
[PID] perf=27.792Hz  target=10.178Hz  err=-17.614Hz  corr=-366.65W  u_ff=99.1W  PCAP→78W  power=79.2W
[PID] perf=27.763Hz  target=10.178Hz  err=-17.586Hz  corr=-366.12W  u_ff=99.1W  PCAP→78W  power=77.6W
[PID] perf=27.771Hz  target=10.178Hz  err=-17.594Hz  corr=-366.27W  u_ff=99.1W  PCAP→78W  power=78.4W
[PID] perf=27.802Hz  target=10.178Hz  err=-17.625Hz  corr=-366.85W  u_ff=99.1W  PCAP→78W  power=77.7W
[PID] perf=27.786Hz  target=10.178Hz  err=-17.608Hz  corr=-366.54W  u_ff=99.1W  PCAP→78W  power=76.0W
[PID] perf=27.788Hz  target=10.178Hz  err=-17.611Hz  corr=-366.59W  u_ff=99.1W  PCAP→78W  power=77.9W
[PID] perf=27.826Hz  target=10.178Hz  err=-17.648Hz  corr=-367.28W  u_ff=99.1W  PCAP→78W  power=77.4W
[PID] perf=27.798Hz  target=10.178Hz  err=-17.621Hz  corr=-366.77W  u_ff=99.1W  PCAP→78W  power=78.2W
[PID] perf=27.769Hz  target=10.178Hz  err=-17.592Hz  corr=-366.23W  u_ff=99.1W  PCAP→78W  power=77.1W
[PID] perf=27.811Hz  target=10.178Hz  err=-17.634Hz  corr=-367.02W  u_ff=99.1W  PCAP→78W  power=78.3W
[PID] perf=27.756Hz  target=10.178Hz  err=-17.579Hz  corr=-365.99W  u_ff=99.1W  PCAP→78W  power=79.0W
[PID] perf=27.771Hz  target=10.178Hz  err=-17.594Hz  corr=-366.27W  u_ff=99.1W  PCAP→78W  power=76.4W
[PID] perf=27.761Hz  target=10.178Hz  err=-17.583Hz  corr=-366.08W  u_ff=99.1W  PCAP→78W  power=79.0W
[PID] perf=27.768Hz  target=10.178Hz  err=-17.591Hz  corr=-366.22W  u_ff=99.1W  PCAP→78W  power=76.1W
[PID] perf=27.814Hz  target=10.178Hz  err=-17.637Hz  corr=-367.07W  u_ff=99.1W  PCAP→78W  power=76.5W
[PID] perf=29.103Hz  target=10.178Hz  err=-18.926Hz  corr=-390.97W  u_ff=99.1W  PCAP→78W  power=77.6W
[PID] perf=29.180Hz  target=10.178Hz  err=-19.003Hz  corr=-392.40W  u_ff=99.1W  PCAP→78W  power=78.7W
[PID] perf=29.136Hz  target=10.178Hz  err=-18.959Hz  corr=-391.58W  u_ff=99.1W  PCAP→78W  power=79.3W
[PID] perf=29.253Hz  target=10.178Hz  err=-19.075Hz  corr=-393.75W  u_ff=99.1W  PCAP→78W  power=77.8W
[PID] perf=29.157Hz  target=10.178Hz  err=-18.979Hz  corr=-391.96W  u_ff=99.1W  PCAP→78W  power=76.6W
[PID] perf=29.170Hz  target=10.178Hz  err=-18.992Hz  corr=-392.21W  u_ff=99.1W  PCAP→78W  power=78.9W
[PID] perf=29.188Hz  target=10.178Hz  err=-19.011Hz  corr=-392.54W  u_ff=99.1W  PCAP→78W  power=78.4W
[PID] perf=29.200Hz  target=10.178Hz  err=-19.023Hz  corr=-392.77W  u_ff=99.1W  PCAP→78W  power=79.0W
[PID] perf=29.205Hz  target=10.178Hz  err=-19.028Hz  corr=-392.86W  u_ff=99.1W  PCAP→78W  power=79.8W
[PID] perf=29.179Hz  target=10.178Hz  err=-19.002Hz  corr=-392.38W  u_ff=99.1W  PCAP→78W  power=79.5W
[PID] perf=29.184Hz  target=10.178Hz  err=-19.006Hz  corr=-392.46W  u_ff=99.1W  PCAP→78W  power=78.5W
[PID] perf=29.214Hz  target=10.178Hz  err=-19.037Hz  corr=-393.03W  u_ff=99.1W  PCAP→78W  power=78.9W
[PID] perf=29.224Hz  target=10.178Hz  err=-19.046Hz  corr=-393.20W  u_ff=99.1W  PCAP→78W  power=77.5W
[PID] perf=29.210Hz  target=10.178Hz  err=-19.032Hz  corr=-392.95W  u_ff=99.1W  PCAP→78W  power=77.3W
[PID] perf=29.199Hz  target=10.178Hz  err=-19.021Hz  corr=-392.75W  u_ff=99.1W  PCAP→78W  power=78.5W
[PID] perf=29.187Hz  target=10.178Hz  err=-19.010Hz  corr=-392.53W  u_ff=99.1W  PCAP→78W  power=76.5W
[PID] perf=29.190Hz  target=10.178Hz  err=-19.012Hz  corr=-392.58W  u_ff=99.1W  PCAP→78W  power=76.6W
[PID] perf=29.197Hz  target=10.178Hz  err=-19.020Hz  corr=-392.71W  u_ff=99.1W  PCAP→78W  power=78.0W
[PID] perf=29.153Hz  target=10.178Hz  err=-18.975Hz  corr=-391.89W  u_ff=99.1W  PCAP→78W  power=76.7W
[PID] perf=29.215Hz  target=10.178Hz  err=-19.038Hz  corr=-393.05W  u_ff=99.1W  PCAP→78W  power=76.9W
[PID] perf=29.168Hz  target=10.178Hz  err=-18.991Hz  corr=-392.18W  u_ff=99.1W  PCAP→78W  power=78.6W
[PID] perf=29.198Hz  target=10.178Hz  err=-19.021Hz  corr=-392.74W  u_ff=99.1W  PCAP→78W  power=78.2W
[PID] perf=29.223Hz  target=10.178Hz  err=-19.046Hz  corr=-393.19W  u_ff=99.1W  PCAP→78W  power=78.2W
[PID] perf=29.192Hz  target=10.178Hz  err=-19.014Hz  corr=-392.61W  u_ff=99.1W  PCAP→78W  power=77.3W
[PID] perf=29.179Hz  target=10.178Hz  err=-19.001Hz  corr=-392.37W  u_ff=99.1W  PCAP→78W  power=78.9W
[PID] perf=29.205Hz  target=10.178Hz  err=-19.027Hz  corr=-392.85W  u_ff=99.1W  PCAP→78W  power=77.6W
[PID] perf=29.207Hz  target=10.178Hz  err=-19.029Hz  corr=-392.89W  u_ff=99.1W  PCAP→78W  power=78.8W
[PID] perf=29.221Hz  target=10.178Hz  err=-19.044Hz  corr=-393.16W  u_ff=99.1W  PCAP→78W  power=78.8W
[PID] perf=29.195Hz  target=10.178Hz  err=-19.018Hz  corr=-392.67W  u_ff=99.1W  PCAP→78W  power=78.9W
[PID] perf=29.174Hz  target=10.178Hz  err=-18.997Hz  corr=-392.28W  u_ff=99.1W  PCAP→78W  power=79.4W
[PID] perf=29.173Hz  target=10.178Hz  err=-18.996Hz  corr=-392.27W  u_ff=99.1W  PCAP→78W  power=77.3W
[PID] perf=29.184Hz  target=10.178Hz  err=-19.006Hz  corr=-392.47W  u_ff=99.1W  PCAP→78W  power=78.6W
[PID] perf=29.182Hz  target=10.178Hz  err=-19.005Hz  corr=-392.44W  u_ff=99.1W  PCAP→78W  power=79.2W
[PID] perf=29.180Hz  target=10.178Hz  err=-19.002Hz  corr=-392.39W  u_ff=99.1W  PCAP→78W  power=78.1W
[PID] perf=29.152Hz  target=10.178Hz  err=-18.975Hz  corr=-391.88W  u_ff=99.1W  PCAP→78W  power=76.6W
[PID] perf=29.190Hz  target=10.178Hz  err=-19.013Hz  corr=-392.58W  u_ff=99.1W  PCAP→78W  power=76.2W
[PID] perf=29.144Hz  target=10.178Hz  err=-18.967Hz  corr=-391.74W  u_ff=99.1W  PCAP→78W  power=79.4W
[PID] perf=29.190Hz  target=10.178Hz  err=-19.012Hz  corr=-392.57W  u_ff=99.1W  PCAP→78W  power=78.6W
[PID] perf=29.188Hz  target=10.178Hz  err=-19.011Hz  corr=-392.55W  u_ff=99.1W  PCAP→78W  power=76.0W
[PID] perf=29.184Hz  target=10.178Hz  err=-19.007Hz  corr=-392.48W  u_ff=99.1W  PCAP→78W  power=76.4W
[PID] perf=29.195Hz  target=10.178Hz  err=-19.017Hz  corr=-392.67W  u_ff=99.1W  PCAP→78W  power=78.8W
[PID] perf=29.213Hz  target=10.178Hz  err=-19.036Hz  corr=-393.01W  u_ff=99.1W  PCAP→78W  power=78.7W
[PID] perf=29.142Hz  target=10.178Hz  err=-18.964Hz  corr=-391.69W  u_ff=99.1W  PCAP→78W  power=77.3W
[PID] perf=29.204Hz  target=10.178Hz  err=-19.026Hz  corr=-392.83W  u_ff=99.1W  PCAP→78W  power=79.4W
[PID] perf=29.187Hz  target=10.178Hz  err=-19.010Hz  corr=-392.53W  u_ff=99.1W  PCAP→78W  power=79.3W
[PID] perf=29.169Hz  target=10.178Hz  err=-18.991Hz  corr=-392.19W  u_ff=99.1W  PCAP→78W  power=77.0W
[PID] perf=29.181Hz  target=10.178Hz  err=-19.004Hz  corr=-392.41W  u_ff=99.1W  PCAP→78W  power=79.0W
[PID] perf=29.230Hz  target=10.178Hz  err=-19.052Hz  corr=-393.32W  u_ff=99.1W  PCAP→78W  power=77.3W
[PID] perf=29.147Hz  target=10.178Hz  err=-18.970Hz  corr=-391.79W  u_ff=99.1W  PCAP→78W  power=77.0W
[PID] perf=29.174Hz  target=10.178Hz  err=-18.997Hz  corr=-392.29W  u_ff=99.1W  PCAP→78W  power=78.6W
[PID] perf=29.160Hz  target=10.178Hz  err=-18.983Hz  corr=-392.03W  u_ff=99.1W  PCAP→78W  power=77.5W
[PID] perf=29.187Hz  target=10.178Hz  err=-19.010Hz  corr=-392.53W  u_ff=99.1W  PCAP→78W  power=79.4W
[PID] perf=29.166Hz  target=10.178Hz  err=-18.989Hz  corr=-392.14W  u_ff=99.1W  PCAP→78W  power=76.8W
[PID] perf=29.199Hz  target=10.178Hz  err=-19.022Hz  corr=-392.75W  u_ff=99.1W  PCAP→78W  power=79.1W
[PID] perf=29.209Hz  target=10.178Hz  err=-19.031Hz  corr=-392.93W  u_ff=99.1W  PCAP→78W  power=78.9W
[PID] perf=29.219Hz  target=10.178Hz  err=-19.041Hz  corr=-393.12W  u_ff=99.1W  PCAP→78W  power=78.0W
[PID] perf=29.167Hz  target=10.178Hz  err=-18.990Hz  corr=-392.16W  u_ff=99.1W  PCAP→78W  power=76.9W
[PID] perf=29.222Hz  target=10.178Hz  err=-19.045Hz  corr=-393.18W  u_ff=99.1W  PCAP→78W  power=78.5W
[PID] perf=29.217Hz  target=10.178Hz  err=-19.040Hz  corr=-393.09W  u_ff=99.1W  PCAP→78W  power=77.8W
[PID] perf=29.161Hz  target=10.178Hz  err=-18.984Hz  corr=-392.05W  u_ff=99.1W  PCAP→78W  power=76.8W
[PID] perf=29.125Hz  target=10.178Hz  err=-18.948Hz  corr=-391.38W  u_ff=99.1W  PCAP→78W  power=79.1W
[PID] perf=29.177Hz  target=10.178Hz  err=-19.000Hz  corr=-392.35W  u_ff=99.1W  PCAP→78W  power=77.1W
[PID] perf=29.182Hz  target=10.178Hz  err=-19.004Hz  corr=-392.43W  u_ff=99.1W  PCAP→78W  power=77.3W
[PID] perf=29.184Hz  target=10.178Hz  err=-19.007Hz  corr=-392.47W  u_ff=99.1W  PCAP→78W  power=77.7W
[PID] perf=29.160Hz  target=10.178Hz  err=-18.982Hz  corr=-392.02W  u_ff=99.1W  PCAP→78W  power=76.5W
[PID] perf=29.202Hz  target=10.178Hz  err=-19.024Hz  corr=-392.79W  u_ff=99.1W  PCAP→78W  power=76.4W
[PID] perf=29.137Hz  target=10.178Hz  err=-18.960Hz  corr=-391.61W  u_ff=99.1W  PCAP→78W  power=77.4W
[PID] perf=29.179Hz  target=10.178Hz  err=-19.002Hz  corr=-392.38W  u_ff=99.1W  PCAP→78W  power=78.9W
[PID] perf=29.209Hz  target=10.178Hz  err=-19.031Hz  corr=-392.93W  u_ff=99.1W  PCAP→78W  power=78.6W
[PID] perf=29.206Hz  target=10.178Hz  err=-19.028Hz  corr=-392.88W  u_ff=99.1W  PCAP→78W  power=77.3W
[PID] perf=29.198Hz  target=10.178Hz  err=-19.020Hz  corr=-392.72W  u_ff=99.1W  PCAP→78W  power=77.7W
[PID] perf=29.197Hz  target=10.178Hz  err=-19.020Hz  corr=-392.71W  u_ff=99.1W  PCAP→78W  power=77.3W
[PID] perf=29.247Hz  target=10.178Hz  err=-19.070Hz  corr=-393.64W  u_ff=99.1W  PCAP→78W  power=79.0W
[PID] perf=29.201Hz  target=10.178Hz  err=-19.024Hz  corr=-392.79W  u_ff=99.1W  PCAP→78W  power=78.1W
[PID] perf=29.195Hz  target=10.178Hz  err=-19.018Hz  corr=-392.68W  u_ff=99.1W  PCAP→78W  power=77.0W
[PID] perf=29.190Hz  target=10.178Hz  err=-19.012Hz  corr=-392.58W  u_ff=99.1W  PCAP→78W  power=78.0W
[PID] perf=29.178Hz  target=10.178Hz  err=-19.000Hz  corr=-392.35W  u_ff=99.1W  PCAP→78W  power=77.3W
[PID] perf=29.201Hz  target=10.178Hz  err=-19.024Hz  corr=-392.79W  u_ff=99.1W  PCAP→78W  power=79.6W
[PID] perf=29.119Hz  target=10.178Hz  err=-18.942Hz  corr=-391.27W  u_ff=99.1W  PCAP→78W  power=78.8W
[PID] perf=29.198Hz  target=10.178Hz  err=-19.021Hz  corr=-392.73W  u_ff=99.1W  PCAP→78W  power=77.8W
[PID] perf=29.178Hz  target=10.178Hz  err=-19.000Hz  corr=-392.35W  u_ff=99.1W  PCAP→78W  power=76.7W
[PID] perf=29.164Hz  target=10.178Hz  err=-18.986Hz  corr=-392.09W  u_ff=99.1W  PCAP→78W  power=78.8W
[PID] perf=29.182Hz  target=10.178Hz  err=-19.005Hz  corr=-392.44W  u_ff=99.1W  PCAP→78W  power=77.3W
[PID] perf=29.155Hz  target=10.178Hz  err=-18.977Hz  corr=-391.92W  u_ff=99.1W  PCAP→78W  power=78.0W
[PID] perf=29.180Hz  target=10.178Hz  err=-19.002Hz  corr=-392.39W  u_ff=99.1W  PCAP→78W  power=79.4W
[PID] perf=29.150Hz  target=10.178Hz  err=-18.973Hz  corr=-391.84W  u_ff=99.1W  PCAP→78W  power=78.3W
[PID] perf=29.150Hz  target=10.178Hz  err=-18.972Hz  corr=-391.83W  u_ff=99.1W  PCAP→78W  power=76.9W
[PID] perf=29.206Hz  target=10.178Hz  err=-19.029Hz  corr=-392.88W  u_ff=99.1W  PCAP→78W  power=78.3W
[PID] perf=29.202Hz  target=10.178Hz  err=-19.025Hz  corr=-392.81W  u_ff=99.1W  PCAP→78W  power=77.6W
[PID] perf=29.154Hz  target=10.178Hz  err=-18.977Hz  corr=-391.92W  u_ff=99.1W  PCAP→78W  power=79.0W
[PID] perf=29.175Hz  target=10.178Hz  err=-18.997Hz  corr=-392.30W  u_ff=99.1W  PCAP→78W  power=78.6W
[PID] perf=29.185Hz  target=10.178Hz  err=-19.007Hz  corr=-392.49W  u_ff=99.1W  PCAP→78W  power=77.5W
[PID] perf=29.204Hz  target=10.178Hz  err=-19.027Hz  corr=-392.84W  u_ff=99.1W  PCAP→78W  power=78.5W
[PID] perf=29.181Hz  target=10.178Hz  err=-19.003Hz  corr=-392.41W  u_ff=99.1W  PCAP→78W  power=79.0W
[PID] perf=29.180Hz  target=10.178Hz  err=-19.002Hz  corr=-392.39W  u_ff=99.1W  PCAP→78W  power=79.0W
[PID] perf=29.175Hz  target=10.178Hz  err=-18.997Hz  corr=-392.30W  u_ff=99.1W  PCAP→78W  power=78.6W
[PID] perf=27.800Hz  target=10.178Hz  err=-17.622Hz  corr=-366.80W  u_ff=99.1W  PCAP→78W  power=77.2W
[PID] perf=26.885Hz  target=10.178Hz  err=-16.708Hz  corr=-349.84W  u_ff=99.1W  PCAP→78W  power=79.0W
[PID] perf=26.874Hz  target=10.178Hz  err=-16.697Hz  corr=-349.63W  u_ff=99.1W  PCAP→78W  power=78.3W
[PID] perf=26.911Hz  target=10.178Hz  err=-16.733Hz  corr=-350.31W  u_ff=99.1W  PCAP→78W  power=76.9W
[PID] perf=26.883Hz  target=10.178Hz  err=-16.706Hz  corr=-349.81W  u_ff=99.1W  PCAP→78W  power=76.8W
[PID] perf=26.967Hz  target=10.178Hz  err=-16.789Hz  corr=-351.35W  u_ff=99.1W  PCAP→78W  power=77.8W
[PID] perf=26.978Hz  target=10.178Hz  err=-16.801Hz  corr=-351.57W  u_ff=99.1W  PCAP→78W  power=78.6W
[PID] perf=26.971Hz  target=10.178Hz  err=-16.793Hz  corr=-351.43W  u_ff=99.1W  PCAP→78W  power=78.4W
[PID] perf=26.954Hz  target=10.178Hz  err=-16.776Hz  corr=-351.11W  u_ff=99.1W  PCAP→78W  power=76.5W
[PID] perf=26.924Hz  target=10.178Hz  err=-16.746Hz  corr=-350.55W  u_ff=99.1W  PCAP→78W  power=76.8W
[PID] perf=26.955Hz  target=10.178Hz  err=-16.778Hz  corr=-351.14W  u_ff=99.1W  PCAP→78W  power=79.5W
[PID] perf=27.008Hz  target=10.178Hz  err=-16.831Hz  corr=-352.12W  u_ff=99.1W  PCAP→78W  power=78.7W
[PID] perf=26.983Hz  target=10.178Hz  err=-16.806Hz  corr=-351.66W  u_ff=99.1W  PCAP→78W  power=76.6W
[PID] perf=26.999Hz  target=10.178Hz  err=-16.821Hz  corr=-351.95W  u_ff=99.1W  PCAP→78W  power=78.4W
[PID] perf=27.022Hz  target=10.178Hz  err=-16.845Hz  corr=-352.38W  u_ff=99.1W  PCAP→78W  power=78.3W
[PID] perf=27.071Hz  target=10.178Hz  err=-16.894Hz  corr=-353.29W  u_ff=99.1W  PCAP→78W  power=78.3W
[PID] perf=27.075Hz  target=10.178Hz  err=-16.898Hz  corr=-353.36W  u_ff=99.1W  PCAP→78W  power=78.8W
[PID] perf=27.067Hz  target=10.178Hz  err=-16.890Hz  corr=-353.21W  u_ff=99.1W  PCAP→78W  power=77.6W
[PID] perf=27.012Hz  target=10.178Hz  err=-16.834Hz  corr=-352.19W  u_ff=99.1W  PCAP→78W  power=77.3W
[PID] perf=27.003Hz  target=10.178Hz  err=-16.826Hz  corr=-352.03W  u_ff=99.1W  PCAP→78W  power=77.1W
[PID] perf=26.936Hz  target=10.178Hz  err=-16.758Hz  corr=-350.78W  u_ff=99.1W  PCAP→78W  power=76.1W
[PID] perf=27.566Hz  target=10.178Hz  err=-17.388Hz  corr=-362.46W  u_ff=99.1W  PCAP→78W  power=76.7W
[PID] perf=27.657Hz  target=10.178Hz  err=-17.480Hz  corr=-364.16W  u_ff=99.1W  PCAP→78W  power=77.9W
[PID] perf=27.679Hz  target=10.178Hz  err=-17.502Hz  corr=-364.56W  u_ff=99.1W  PCAP→78W  power=78.5W
[PID] perf=27.677Hz  target=10.178Hz  err=-17.499Hz  corr=-364.51W  u_ff=99.1W  PCAP→78W  power=76.6W
[PID] perf=27.713Hz  target=10.178Hz  err=-17.536Hz  corr=-365.20W  u_ff=99.1W  PCAP→78W  power=78.8W
[PID] perf=27.715Hz  target=10.178Hz  err=-17.537Hz  corr=-365.22W  u_ff=99.1W  PCAP→78W  power=78.4W
[PID] perf=27.720Hz  target=10.178Hz  err=-17.542Hz  corr=-365.32W  u_ff=99.1W  PCAP→78W  power=78.9W
[PID] perf=27.703Hz  target=10.178Hz  err=-17.526Hz  corr=-365.01W  u_ff=99.1W  PCAP→78W  power=77.2W
[PID] perf=27.682Hz  target=10.178Hz  err=-17.505Hz  corr=-364.62W  u_ff=99.1W  PCAP→78W  power=77.7W
[PID] perf=27.718Hz  target=10.178Hz  err=-17.540Hz  corr=-365.28W  u_ff=99.1W  PCAP→78W  power=78.1W
[PID] perf=27.739Hz  target=10.178Hz  err=-17.561Hz  corr=-365.67W  u_ff=99.1W  PCAP→78W  power=76.3W
[PID] perf=27.657Hz  target=10.178Hz  err=-17.480Hz  corr=-364.16W  u_ff=99.1W  PCAP→78W  power=78.1W
[PID] perf=27.300Hz  target=10.178Hz  err=-17.123Hz  corr=-357.53W  u_ff=99.1W  PCAP→78W  power=78.3W
[PID] perf=27.422Hz  target=10.178Hz  err=-17.245Hz  corr=-359.80W  u_ff=99.1W  PCAP→78W  power=79.1W
[PID] perf=27.468Hz  target=10.178Hz  err=-17.290Hz  corr=-360.64W  u_ff=99.1W  PCAP→78W  power=78.1W
[PID] perf=27.469Hz  target=10.178Hz  err=-17.292Hz  corr=-360.67W  u_ff=99.1W  PCAP→78W  power=78.2W
[PID] perf=27.518Hz  target=10.178Hz  err=-17.341Hz  corr=-361.57W  u_ff=99.1W  PCAP→78W  power=77.6W
[PID] perf=27.542Hz  target=10.178Hz  err=-17.365Hz  corr=-362.02W  u_ff=99.1W  PCAP→78W  power=77.5W
[PID] perf=27.520Hz  target=10.178Hz  err=-17.342Hz  corr=-361.61W  u_ff=99.1W  PCAP→78W  power=77.8W
[PID] perf=27.513Hz  target=10.178Hz  err=-17.335Hz  corr=-361.48W  u_ff=99.1W  PCAP→78W  power=76.9W
[PID] perf=27.449Hz  target=10.178Hz  err=-17.271Hz  corr=-360.29W  u_ff=99.1W  PCAP→78W  power=78.6W
[PID] perf=27.457Hz  target=10.178Hz  err=-17.280Hz  corr=-360.45W  u_ff=99.1W  PCAP→78W  power=77.7W
[PID] perf=27.472Hz  target=10.178Hz  err=-17.295Hz  corr=-360.73W  u_ff=99.1W  PCAP→78W  power=76.8W
[PID] perf=27.460Hz  target=10.178Hz  err=-17.282Hz  corr=-360.50W  u_ff=99.1W  PCAP→78W  power=76.5W
[PID] perf=27.453Hz  target=10.178Hz  err=-17.275Hz  corr=-360.37W  u_ff=99.1W  PCAP→78W  power=78.1W
[PID] perf=27.460Hz  target=10.178Hz  err=-17.282Hz  corr=-360.49W  u_ff=99.1W  PCAP→78W  power=77.1W
[PID] perf=27.446Hz  target=10.178Hz  err=-17.269Hz  corr=-360.24W  u_ff=99.1W  PCAP→78W  power=78.2W
[PID] perf=27.406Hz  target=10.178Hz  err=-17.229Hz  corr=-359.50W  u_ff=99.1W  PCAP→78W  power=77.3W
[PID] perf=27.460Hz  target=10.178Hz  err=-17.282Hz  corr=-360.49W  u_ff=99.1W  PCAP→78W  power=76.7W
[PID] perf=27.485Hz  target=10.178Hz  err=-17.308Hz  corr=-360.97W  u_ff=99.1W  PCAP→78W  power=77.6W
[PID] perf=27.462Hz  target=10.178Hz  err=-17.285Hz  corr=-360.54W  u_ff=99.1W  PCAP→78W  power=77.3W
[PID] perf=27.442Hz  target=10.178Hz  err=-17.265Hz  corr=-360.17W  u_ff=99.1W  PCAP→78W  power=76.8W
[PID] perf=27.439Hz  target=10.178Hz  err=-17.261Hz  corr=-360.11W  u_ff=99.1W  PCAP→78W  power=77.6W
[PID] perf=27.458Hz  target=10.178Hz  err=-17.281Hz  corr=-360.47W  u_ff=99.1W  PCAP→78W  power=78.8W
[PID] perf=27.480Hz  target=10.178Hz  err=-17.303Hz  corr=-360.87W  u_ff=99.1W  PCAP→78W  power=76.5W
[PID] perf=27.467Hz  target=10.178Hz  err=-17.290Hz  corr=-360.63W  u_ff=99.1W  PCAP→78W  power=77.0W
[PID] perf=27.484Hz  target=10.178Hz  err=-17.306Hz  corr=-360.94W  u_ff=99.1W  PCAP→78W  power=77.4W
[PID] perf=27.463Hz  target=10.178Hz  err=-17.285Hz  corr=-360.55W  u_ff=99.1W  PCAP→78W  power=78.2W
[PID] perf=27.495Hz  target=10.178Hz  err=-17.317Hz  corr=-361.15W  u_ff=99.1W  PCAP→78W  power=78.9W
[PID] perf=27.418Hz  target=10.178Hz  err=-17.240Hz  corr=-359.71W  u_ff=99.1W  PCAP→78W  power=79.2W
[PID] perf=27.483Hz  target=10.178Hz  err=-17.306Hz  corr=-360.93W  u_ff=99.1W  PCAP→78W  power=76.9W
[PID] perf=27.428Hz  target=10.178Hz  err=-17.250Hz  corr=-359.90W  u_ff=99.1W  PCAP→78W  power=79.6W
[PID] perf=27.465Hz  target=10.178Hz  err=-17.288Hz  corr=-360.59W  u_ff=99.1W  PCAP→78W  power=78.5W
[PID] perf=27.455Hz  target=10.178Hz  err=-17.277Hz  corr=-360.40W  u_ff=99.1W  PCAP→78W  power=77.4W
[PID] perf=27.461Hz  target=10.178Hz  err=-17.283Hz  corr=-360.51W  u_ff=99.1W  PCAP→78W  power=77.2W
[PID] perf=27.443Hz  target=10.178Hz  err=-17.266Hz  corr=-360.19W  u_ff=99.1W  PCAP→78W  power=78.5W
[PID] perf=27.471Hz  target=10.178Hz  err=-17.294Hz  corr=-360.71W  u_ff=99.1W  PCAP→78W  power=77.4W
[PID] perf=27.473Hz  target=10.178Hz  err=-17.295Hz  corr=-360.74W  u_ff=99.1W  PCAP→78W  power=77.1W
[PID] perf=27.477Hz  target=10.178Hz  err=-17.300Hz  corr=-360.82W  u_ff=99.1W  PCAP→78W  power=79.4W
[PID] perf=27.478Hz  target=10.178Hz  err=-17.301Hz  corr=-360.84W  u_ff=99.1W  PCAP→78W  power=79.0W
[PID] perf=27.467Hz  target=10.178Hz  err=-17.289Hz  corr=-360.62W  u_ff=99.1W  PCAP→78W  power=77.2W
[PID] perf=27.496Hz  target=10.178Hz  err=-17.319Hz  corr=-361.17W  u_ff=99.1W  PCAP→78W  power=79.0W
[PID] perf=27.471Hz  target=10.178Hz  err=-17.294Hz  corr=-360.71W  u_ff=99.1W  PCAP→78W  power=77.2W
[PID] perf=27.473Hz  target=10.178Hz  err=-17.296Hz  corr=-360.75W  u_ff=99.1W  PCAP→78W  power=76.4W
[PID] perf=27.251Hz  target=10.178Hz  err=-17.074Hz  corr=-356.63W  u_ff=99.1W  PCAP→78W  power=76.8W
[PID] perf=27.220Hz  target=10.178Hz  err=-17.042Hz  corr=-356.05W  u_ff=99.1W  PCAP→78W  power=75.9W
[PID] perf=27.220Hz  target=10.178Hz  err=-17.043Hz  corr=-356.05W  u_ff=99.1W  PCAP→78W  power=79.1W
[PID] perf=27.251Hz  target=10.178Hz  err=-17.073Hz  corr=-356.62W  u_ff=99.1W  PCAP→78W  power=77.9W
[PID] perf=27.461Hz  target=10.178Hz  err=-17.283Hz  corr=-360.52W  u_ff=99.1W  PCAP→78W  power=77.3W
[PID] perf=27.478Hz  target=10.178Hz  err=-17.300Hz  corr=-360.82W  u_ff=99.1W  PCAP→78W  power=76.4W
[PID] perf=27.416Hz  target=10.178Hz  err=-17.239Hz  corr=-359.69W  u_ff=99.1W  PCAP→78W  power=77.3W
[PID] perf=27.454Hz  target=10.178Hz  err=-17.277Hz  corr=-360.39W  u_ff=99.1W  PCAP→78W  power=78.5W
[PID] perf=27.435Hz  target=10.178Hz  err=-17.257Hz  corr=-360.03W  u_ff=99.1W  PCAP→78W  power=78.2W
[PID] perf=27.457Hz  target=10.178Hz  err=-17.279Hz  corr=-360.44W  u_ff=99.1W  PCAP→78W  power=77.7W
[PID] perf=27.451Hz  target=10.178Hz  err=-17.273Hz  corr=-360.32W  u_ff=99.1W  PCAP→78W  power=77.8W
[PID] perf=27.415Hz  target=10.178Hz  err=-17.237Hz  corr=-359.66W  u_ff=99.1W  PCAP→78W  power=78.2W
[PID] perf=27.463Hz  target=10.178Hz  err=-17.285Hz  corr=-360.55W  u_ff=99.1W  PCAP→78W  power=79.5W
[PID] perf=27.467Hz  target=10.178Hz  err=-17.289Hz  corr=-360.62W  u_ff=99.1W  PCAP→78W  power=77.7W
[PID] perf=27.454Hz  target=10.178Hz  err=-17.277Hz  corr=-360.39W  u_ff=99.1W  PCAP→78W  power=79.3W
[PID] perf=27.452Hz  target=10.178Hz  err=-17.274Hz  corr=-360.35W  u_ff=99.1W  PCAP→78W  power=79.2W
[PID] perf=27.444Hz  target=10.178Hz  err=-17.267Hz  corr=-360.20W  u_ff=99.1W  PCAP→78W  power=78.8W
[PID] perf=27.430Hz  target=10.178Hz  err=-17.253Hz  corr=-359.95W  u_ff=99.1W  PCAP→78W  power=77.6W
[PID] perf=27.455Hz  target=10.178Hz  err=-17.277Hz  corr=-360.40W  u_ff=99.1W  PCAP→78W  power=77.1W
[PID] perf=27.421Hz  target=10.178Hz  err=-17.243Hz  corr=-359.77W  u_ff=99.1W  PCAP→78W  power=77.8W
[PID] perf=27.463Hz  target=10.178Hz  err=-17.285Hz  corr=-360.54W  u_ff=99.1W  PCAP→78W  power=77.9W
[PID] perf=27.472Hz  target=10.178Hz  err=-17.294Hz  corr=-360.72W  u_ff=99.1W  PCAP→78W  power=77.0W
[PID] perf=27.417Hz  target=10.178Hz  err=-17.239Hz  corr=-359.70W  u_ff=99.1W  PCAP→78W  power=78.8W
[PID] perf=27.432Hz  target=10.178Hz  err=-17.254Hz  corr=-359.97W  u_ff=99.1W  PCAP→78W  power=77.2W
[PID] perf=27.453Hz  target=10.178Hz  err=-17.275Hz  corr=-360.36W  u_ff=99.1W  PCAP→78W  power=78.3W
[PID] perf=27.458Hz  target=10.178Hz  err=-17.280Hz  corr=-360.46W  u_ff=99.1W  PCAP→78W  power=77.9W
[PID] perf=27.453Hz  target=10.178Hz  err=-17.276Hz  corr=-360.38W  u_ff=99.1W  PCAP→78W  power=77.7W
[PID] perf=27.429Hz  target=10.178Hz  err=-17.252Hz  corr=-359.93W  u_ff=99.1W  PCAP→78W  power=77.3W
[PID] perf=27.418Hz  target=10.178Hz  err=-17.240Hz  corr=-359.71W  u_ff=99.1W  PCAP→78W  power=77.9W
[PID] perf=27.402Hz  target=10.178Hz  err=-17.224Hz  corr=-359.41W  u_ff=99.1W  PCAP→78W  power=79.6W
[PID] perf=27.467Hz  target=10.178Hz  err=-17.290Hz  corr=-360.64W  u_ff=99.1W  PCAP→78W  power=77.8W
[PID] perf=27.443Hz  target=10.178Hz  err=-17.265Hz  corr=-360.18W  u_ff=99.1W  PCAP→78W  power=76.3W
Process completed.
Compressed into /home/cc/summer2024/main_codes/pid_controller/../experiment_data/PID_Control_sweep/ones-npb-cg/compressed_iteration_20260513_083059.tar
----------------------------------

>>> Step 2/3

[ones-npb-cg]
  target perf      : 10.1775 Hz
  coefficients_perf: [-0.0006547837485238978, 0.18607436314256556, -1.8317688501798497]
  feedforward PCAP : 99.10 W  →  101 W (snapped)
  Perf(u_ff) check : 10.1775 Hz  (should ≈ target)
  PID gains        : Kp=18.5447 W/Hz  Ki=1.85447 W/(Hz·s)  Kd=0.0000
[PID] Awaiting data — feedforward PCAP=101W
[PID] Awaiting data — feedforward PCAP=101W
[PID] Awaiting data — feedforward PCAP=101W
[PID] Awaiting data — feedforward PCAP=101W
[PID] Awaiting data — feedforward PCAP=101W
[PID] Awaiting data — feedforward PCAP=101W
[PID] perf=20.044Hz  target=10.178Hz  err=-9.866Hz  corr=-219.56W  u_ff=99.1W  PCAP→78W  power=nanW
[PID] perf=18.125Hz  target=10.178Hz  err=-7.948Hz  corr=-187.39W  u_ff=99.1W  PCAP→78W  power=78.3W
[PID] perf=18.148Hz  target=10.178Hz  err=-7.971Hz  corr=-187.82W  u_ff=99.1W  PCAP→78W  power=77.5W
[PID] perf=18.158Hz  target=10.178Hz  err=-7.980Hz  corr=-187.99W  u_ff=99.1W  PCAP→78W  power=78.5W
[PID] perf=18.171Hz  target=10.178Hz  err=-7.994Hz  corr=-188.24W  u_ff=99.1W  PCAP→78W  power=78.7W
[PID] perf=18.172Hz  target=10.178Hz  err=-7.994Hz  corr=-188.25W  u_ff=99.1W  PCAP→78W  power=79.4W
[PID] perf=18.170Hz  target=10.178Hz  err=-7.993Hz  corr=-188.23W  u_ff=99.1W  PCAP→78W  power=77.9W
[PID] perf=18.172Hz  target=10.178Hz  err=-7.995Hz  corr=-188.26W  u_ff=99.1W  PCAP→78W  power=76.6W
[PID] perf=18.161Hz  target=10.178Hz  err=-7.983Hz  corr=-188.05W  u_ff=99.1W  PCAP→78W  power=78.2W
[PID] perf=18.174Hz  target=10.178Hz  err=-7.997Hz  corr=-188.30W  u_ff=99.1W  PCAP→78W  power=77.6W
[PID] perf=18.131Hz  target=10.178Hz  err=-7.954Hz  corr=-187.50W  u_ff=99.1W  PCAP→78W  power=77.0W
[PID] perf=18.159Hz  target=10.178Hz  err=-7.981Hz  corr=-188.01W  u_ff=99.1W  PCAP→78W  power=77.6W
[PID] perf=18.169Hz  target=10.178Hz  err=-7.992Hz  corr=-188.21W  u_ff=99.1W  PCAP→78W  power=76.5W
[PID] perf=18.175Hz  target=10.178Hz  err=-7.997Hz  corr=-188.30W  u_ff=99.1W  PCAP→78W  power=77.6W
[PID] perf=18.163Hz  target=10.178Hz  err=-7.985Hz  corr=-188.08W  u_ff=99.1W  PCAP→78W  power=77.6W
[PID] perf=18.178Hz  target=10.178Hz  err=-8.000Hz  corr=-188.37W  u_ff=99.1W  PCAP→78W  power=78.6W
[PID] perf=18.146Hz  target=10.178Hz  err=-7.969Hz  corr=-187.78W  u_ff=99.1W  PCAP→78W  power=78.8W
[PID] perf=18.176Hz  target=10.178Hz  err=-7.998Hz  corr=-188.33W  u_ff=99.1W  PCAP→78W  power=77.7W
[PID] perf=18.174Hz  target=10.178Hz  err=-7.996Hz  corr=-188.29W  u_ff=99.1W  PCAP→78W  power=76.6W
[PID] perf=18.170Hz  target=10.178Hz  err=-7.992Hz  corr=-188.22W  u_ff=99.1W  PCAP→78W  power=78.2W
[PID] perf=18.178Hz  target=10.178Hz  err=-8.001Hz  corr=-188.38W  u_ff=99.1W  PCAP→78W  power=78.3W
[PID] perf=18.171Hz  target=10.178Hz  err=-7.993Hz  corr=-188.23W  u_ff=99.1W  PCAP→78W  power=78.9W
[PID] perf=18.182Hz  target=10.178Hz  err=-8.004Hz  corr=-188.43W  u_ff=99.1W  PCAP→78W  power=78.6W
[PID] perf=18.159Hz  target=10.178Hz  err=-7.981Hz  corr=-188.01W  u_ff=99.1W  PCAP→78W  power=77.6W
[PID] perf=18.150Hz  target=10.178Hz  err=-7.973Hz  corr=-187.85W  u_ff=99.1W  PCAP→78W  power=77.2W
[PID] perf=18.167Hz  target=10.178Hz  err=-7.990Hz  corr=-188.17W  u_ff=99.1W  PCAP→78W  power=77.5W
[PID] perf=18.197Hz  target=10.178Hz  err=-8.020Hz  corr=-188.73W  u_ff=99.1W  PCAP→78W  power=77.4W
[PID] perf=18.163Hz  target=10.178Hz  err=-7.985Hz  corr=-188.08W  u_ff=99.1W  PCAP→78W  power=79.3W
[PID] perf=18.172Hz  target=10.178Hz  err=-7.994Hz  corr=-188.25W  u_ff=99.1W  PCAP→78W  power=77.1W
[PID] perf=18.174Hz  target=10.178Hz  err=-7.996Hz  corr=-188.29W  u_ff=99.1W  PCAP→78W  power=77.0W
[PID] perf=18.147Hz  target=10.178Hz  err=-7.969Hz  corr=-187.79W  u_ff=99.1W  PCAP→78W  power=76.6W
[PID] perf=18.053Hz  target=10.178Hz  err=-7.876Hz  corr=-186.06W  u_ff=99.1W  PCAP→78W  power=77.4W
[PID] perf=18.144Hz  target=10.178Hz  err=-7.966Hz  corr=-187.73W  u_ff=99.1W  PCAP→78W  power=79.3W
[PID] perf=18.161Hz  target=10.178Hz  err=-7.983Hz  corr=-188.05W  u_ff=99.1W  PCAP→78W  power=77.6W
[PID] perf=18.166Hz  target=10.178Hz  err=-7.988Hz  corr=-188.14W  u_ff=99.1W  PCAP→78W  power=77.8W
[PID] perf=18.180Hz  target=10.178Hz  err=-8.003Hz  corr=-188.41W  u_ff=99.1W  PCAP→78W  power=77.5W
[PID] perf=18.200Hz  target=10.178Hz  err=-8.023Hz  corr=-188.78W  u_ff=99.1W  PCAP→78W  power=78.2W
[PID] perf=18.202Hz  target=10.178Hz  err=-8.025Hz  corr=-188.82W  u_ff=99.1W  PCAP→78W  power=78.3W
[PID] perf=18.182Hz  target=10.178Hz  err=-8.004Hz  corr=-188.43W  u_ff=99.1W  PCAP→78W  power=76.4W
[PID] perf=18.170Hz  target=10.178Hz  err=-7.992Hz  corr=-188.21W  u_ff=99.1W  PCAP→78W  power=76.8W
[PID] perf=18.135Hz  target=10.178Hz  err=-7.958Hz  corr=-187.57W  u_ff=99.1W  PCAP→78W  power=77.9W
[PID] perf=18.164Hz  target=10.178Hz  err=-7.987Hz  corr=-188.12W  u_ff=99.1W  PCAP→78W  power=77.2W
[PID] perf=18.156Hz  target=10.178Hz  err=-7.978Hz  corr=-187.96W  u_ff=99.1W  PCAP→78W  power=78.7W
[PID] perf=18.143Hz  target=10.178Hz  err=-7.966Hz  corr=-187.72W  u_ff=99.1W  PCAP→78W  power=76.9W
[PID] perf=18.128Hz  target=10.178Hz  err=-7.951Hz  corr=-187.45W  u_ff=99.1W  PCAP→78W  power=77.4W
[PID] perf=18.155Hz  target=10.178Hz  err=-7.977Hz  corr=-187.94W  u_ff=99.1W  PCAP→78W  power=76.7W
[PID] perf=18.173Hz  target=10.178Hz  err=-7.996Hz  corr=-188.28W  u_ff=99.1W  PCAP→78W  power=77.8W
[PID] perf=24.055Hz  target=10.178Hz  err=-13.878Hz  corr=-297.36W  u_ff=99.1W  PCAP→78W  power=77.3W
[PID] perf=28.998Hz  target=10.178Hz  err=-18.820Hz  corr=-389.02W  u_ff=99.1W  PCAP→78W  power=77.8W
[PID] perf=29.435Hz  target=10.178Hz  err=-19.258Hz  corr=-397.13W  u_ff=99.1W  PCAP→78W  power=77.5W
[PID] perf=29.463Hz  target=10.178Hz  err=-19.285Hz  corr=-397.64W  u_ff=99.1W  PCAP→78W  power=79.5W
[PID] perf=29.463Hz  target=10.178Hz  err=-19.285Hz  corr=-397.64W  u_ff=99.1W  PCAP→78W  power=77.5W
[PID] perf=29.470Hz  target=10.178Hz  err=-19.293Hz  corr=-397.77W  u_ff=99.1W  PCAP→78W  power=77.2W
[PID] perf=29.472Hz  target=10.178Hz  err=-19.295Hz  corr=-397.81W  u_ff=99.1W  PCAP→78W  power=77.3W
[PID] perf=29.526Hz  target=10.178Hz  err=-19.349Hz  corr=-398.82W  u_ff=99.1W  PCAP→78W  power=78.6W
[PID] perf=29.496Hz  target=10.178Hz  err=-19.319Hz  corr=-398.26W  u_ff=99.1W  PCAP→78W  power=76.6W
[PID] perf=29.470Hz  target=10.178Hz  err=-19.293Hz  corr=-397.78W  u_ff=99.1W  PCAP→78W  power=78.7W
[PID] perf=29.480Hz  target=10.178Hz  err=-19.303Hz  corr=-397.97W  u_ff=99.1W  PCAP→78W  power=79.4W
[PID] perf=29.474Hz  target=10.178Hz  err=-19.296Hz  corr=-397.84W  u_ff=99.1W  PCAP→78W  power=79.3W
[PID] perf=29.465Hz  target=10.178Hz  err=-19.288Hz  corr=-397.69W  u_ff=99.1W  PCAP→78W  power=76.5W
[PID] perf=29.498Hz  target=10.178Hz  err=-19.320Hz  corr=-398.29W  u_ff=99.1W  PCAP→78W  power=78.9W
[PID] perf=29.467Hz  target=10.178Hz  err=-19.289Hz  corr=-397.72W  u_ff=99.1W  PCAP→78W  power=78.6W
[PID] perf=29.490Hz  target=10.178Hz  err=-19.312Hz  corr=-398.14W  u_ff=99.1W  PCAP→78W  power=78.6W
[PID] perf=29.470Hz  target=10.178Hz  err=-19.293Hz  corr=-397.78W  u_ff=99.1W  PCAP→78W  power=78.2W
[PID] perf=29.466Hz  target=10.178Hz  err=-19.289Hz  corr=-397.70W  u_ff=99.1W  PCAP→78W  power=78.1W
[PID] perf=29.501Hz  target=10.178Hz  err=-19.324Hz  corr=-398.35W  u_ff=99.1W  PCAP→78W  power=79.0W
[PID] perf=29.482Hz  target=10.178Hz  err=-19.304Hz  corr=-397.99W  u_ff=99.1W  PCAP→78W  power=78.1W
[PID] perf=29.445Hz  target=10.178Hz  err=-19.268Hz  corr=-397.32W  u_ff=99.1W  PCAP→78W  power=76.9W
[PID] perf=29.481Hz  target=10.178Hz  err=-19.304Hz  corr=-397.99W  u_ff=99.1W  PCAP→78W  power=77.6W
[PID] perf=29.472Hz  target=10.178Hz  err=-19.295Hz  corr=-397.81W  u_ff=99.1W  PCAP→78W  power=79.3W
[PID] perf=29.476Hz  target=10.178Hz  err=-19.298Hz  corr=-397.88W  u_ff=99.1W  PCAP→78W  power=78.7W
[PID] perf=29.509Hz  target=10.178Hz  err=-19.332Hz  corr=-398.50W  u_ff=99.1W  PCAP→78W  power=77.3W
[PID] perf=29.439Hz  target=10.178Hz  err=-19.262Hz  corr=-397.21W  u_ff=99.1W  PCAP→78W  power=76.2W
[PID] perf=29.483Hz  target=10.178Hz  err=-19.306Hz  corr=-398.02W  u_ff=99.1W  PCAP→78W  power=77.3W
[PID] perf=29.466Hz  target=10.178Hz  err=-19.288Hz  corr=-397.70W  u_ff=99.1W  PCAP→78W  power=78.6W
[PID] perf=29.437Hz  target=10.178Hz  err=-19.259Hz  corr=-397.15W  u_ff=99.1W  PCAP→78W  power=78.4W
[PID] perf=29.475Hz  target=10.178Hz  err=-19.298Hz  corr=-397.87W  u_ff=99.1W  PCAP→78W  power=76.9W
[PID] perf=27.179Hz  target=10.178Hz  err=-17.002Hz  corr=-355.29W  u_ff=99.1W  PCAP→78W  power=78.1W
[PID] perf=27.230Hz  target=10.178Hz  err=-17.053Hz  corr=-356.23W  u_ff=99.1W  PCAP→78W  power=78.7W
[PID] perf=27.303Hz  target=10.178Hz  err=-17.126Hz  corr=-357.59W  u_ff=99.1W  PCAP→78W  power=76.5W
[PID] perf=27.172Hz  target=10.178Hz  err=-16.994Hz  corr=-355.16W  u_ff=99.1W  PCAP→78W  power=77.3W
[PID] perf=26.060Hz  target=10.178Hz  err=-15.882Hz  corr=-334.53W  u_ff=99.1W  PCAP→78W  power=76.8W
[PID] perf=26.155Hz  target=10.178Hz  err=-15.978Hz  corr=-336.30W  u_ff=99.1W  PCAP→78W  power=79.1W
[PID] perf=26.199Hz  target=10.178Hz  err=-16.021Hz  corr=-337.11W  u_ff=99.1W  PCAP→78W  power=77.9W
[PID] perf=26.236Hz  target=10.178Hz  err=-16.059Hz  corr=-337.81W  u_ff=99.1W  PCAP→78W  power=78.0W
[PID] perf=26.219Hz  target=10.178Hz  err=-16.041Hz  corr=-337.48W  u_ff=99.1W  PCAP→78W  power=76.3W
[PID] perf=26.234Hz  target=10.178Hz  err=-16.057Hz  corr=-337.76W  u_ff=99.1W  PCAP→78W  power=77.0W
[PID] perf=26.453Hz  target=10.178Hz  err=-16.275Hz  corr=-341.82W  u_ff=99.1W  PCAP→78W  power=77.2W
[PID] perf=26.487Hz  target=10.178Hz  err=-16.310Hz  corr=-342.46W  u_ff=99.1W  PCAP→78W  power=76.9W
[PID] perf=26.484Hz  target=10.178Hz  err=-16.306Hz  corr=-342.39W  u_ff=99.1W  PCAP→78W  power=78.7W
[PID] perf=26.498Hz  target=10.178Hz  err=-16.321Hz  corr=-342.66W  u_ff=99.1W  PCAP→78W  power=76.6W
[PID] perf=26.503Hz  target=10.178Hz  err=-16.326Hz  corr=-342.75W  u_ff=99.1W  PCAP→78W  power=77.6W
[PID] perf=26.511Hz  target=10.178Hz  err=-16.334Hz  corr=-342.90W  u_ff=99.1W  PCAP→78W  power=77.6W
[PID] perf=26.510Hz  target=10.178Hz  err=-16.332Hz  corr=-342.88W  u_ff=99.1W  PCAP→78W  power=77.4W
[PID] perf=26.499Hz  target=10.178Hz  err=-16.322Hz  corr=-342.68W  u_ff=99.1W  PCAP→78W  power=77.4W
[PID] perf=26.505Hz  target=10.178Hz  err=-16.328Hz  corr=-342.79W  u_ff=99.1W  PCAP→78W  power=79.2W
[PID] perf=26.508Hz  target=10.178Hz  err=-16.330Hz  corr=-342.84W  u_ff=99.1W  PCAP→78W  power=77.2W
[PID] perf=26.534Hz  target=10.178Hz  err=-16.357Hz  corr=-343.33W  u_ff=99.1W  PCAP→78W  power=78.9W
[PID] perf=26.513Hz  target=10.178Hz  err=-16.335Hz  corr=-342.93W  u_ff=99.1W  PCAP→78W  power=78.1W
[PID] perf=26.527Hz  target=10.178Hz  err=-16.350Hz  corr=-343.20W  u_ff=99.1W  PCAP→78W  power=77.2W
[PID] perf=26.519Hz  target=10.178Hz  err=-16.341Hz  corr=-343.04W  u_ff=99.1W  PCAP→78W  power=76.7W
[PID] perf=26.519Hz  target=10.178Hz  err=-16.342Hz  corr=-343.05W  u_ff=99.1W  PCAP→78W  power=78.4W
[PID] perf=26.538Hz  target=10.178Hz  err=-16.360Hz  corr=-343.39W  u_ff=99.1W  PCAP→78W  power=78.5W
[PID] perf=26.559Hz  target=10.178Hz  err=-16.382Hz  corr=-343.79W  u_ff=99.1W  PCAP→78W  power=77.2W
[PID] perf=26.523Hz  target=10.178Hz  err=-16.345Hz  corr=-343.12W  u_ff=99.1W  PCAP→78W  power=78.6W
[PID] perf=26.522Hz  target=10.178Hz  err=-16.345Hz  corr=-343.11W  u_ff=99.1W  PCAP→78W  power=77.6W
[PID] perf=26.559Hz  target=10.178Hz  err=-16.381Hz  corr=-343.79W  u_ff=99.1W  PCAP→78W  power=77.7W
[PID] perf=26.519Hz  target=10.178Hz  err=-16.342Hz  corr=-343.06W  u_ff=99.1W  PCAP→78W  power=76.4W
[PID] perf=26.522Hz  target=10.178Hz  err=-16.345Hz  corr=-343.11W  u_ff=99.1W  PCAP→78W  power=76.5W
[PID] perf=26.523Hz  target=10.178Hz  err=-16.345Hz  corr=-343.11W  u_ff=99.1W  PCAP→78W  power=76.9W
[PID] perf=26.509Hz  target=10.178Hz  err=-16.332Hz  corr=-342.87W  u_ff=99.1W  PCAP→78W  power=77.0W
[PID] perf=26.521Hz  target=10.178Hz  err=-16.343Hz  corr=-343.08W  u_ff=99.1W  PCAP→78W  power=78.1W
[PID] perf=26.501Hz  target=10.178Hz  err=-16.324Hz  corr=-342.72W  u_ff=99.1W  PCAP→78W  power=78.7W
[PID] perf=26.498Hz  target=10.178Hz  err=-16.320Hz  corr=-342.65W  u_ff=99.1W  PCAP→78W  power=78.7W
[PID] perf=26.512Hz  target=10.178Hz  err=-16.334Hz  corr=-342.91W  u_ff=99.1W  PCAP→78W  power=77.9W
[PID] perf=26.513Hz  target=10.178Hz  err=-16.335Hz  corr=-342.94W  u_ff=99.1W  PCAP→78W  power=79.1W
[PID] perf=26.507Hz  target=10.178Hz  err=-16.329Hz  corr=-342.82W  u_ff=99.1W  PCAP→78W  power=78.0W
[PID] perf=26.484Hz  target=10.178Hz  err=-16.307Hz  corr=-342.40W  u_ff=99.1W  PCAP→78W  power=78.1W
[PID] perf=26.481Hz  target=10.178Hz  err=-16.303Hz  corr=-342.34W  u_ff=99.1W  PCAP→78W  power=78.0W
[PID] perf=26.489Hz  target=10.178Hz  err=-16.311Hz  corr=-342.49W  u_ff=99.1W  PCAP→78W  power=77.0W
[PID] perf=26.478Hz  target=10.178Hz  err=-16.300Hz  corr=-342.28W  u_ff=99.1W  PCAP→78W  power=77.6W
[PID] perf=26.513Hz  target=10.178Hz  err=-16.336Hz  corr=-342.94W  u_ff=99.1W  PCAP→78W  power=77.5W
[PID] perf=26.506Hz  target=10.178Hz  err=-16.328Hz  corr=-342.80W  u_ff=99.1W  PCAP→78W  power=77.0W
[PID] perf=26.514Hz  target=10.178Hz  err=-16.337Hz  corr=-342.96W  u_ff=99.1W  PCAP→78W  power=79.2W
[PID] perf=26.500Hz  target=10.178Hz  err=-16.322Hz  corr=-342.69W  u_ff=99.1W  PCAP→78W  power=78.7W
[PID] perf=26.543Hz  target=10.178Hz  err=-16.365Hz  corr=-343.49W  u_ff=99.1W  PCAP→78W  power=77.6W
[PID] perf=26.479Hz  target=10.178Hz  err=-16.301Hz  corr=-342.31W  u_ff=99.1W  PCAP→78W  power=77.8W
[PID] perf=26.525Hz  target=10.178Hz  err=-16.348Hz  corr=-343.16W  u_ff=99.1W  PCAP→78W  power=78.8W
[PID] perf=26.541Hz  target=10.178Hz  err=-16.363Hz  corr=-343.45W  u_ff=99.1W  PCAP→78W  power=77.4W
[PID] perf=26.507Hz  target=10.178Hz  err=-16.329Hz  corr=-342.82W  u_ff=99.1W  PCAP→78W  power=76.6W
[PID] perf=26.501Hz  target=10.178Hz  err=-16.324Hz  corr=-342.72W  u_ff=99.1W  PCAP→78W  power=76.3W
[PID] perf=26.529Hz  target=10.178Hz  err=-16.352Hz  corr=-343.24W  u_ff=99.1W  PCAP→78W  power=77.6W
[PID] perf=26.518Hz  target=10.178Hz  err=-16.341Hz  corr=-343.04W  u_ff=99.1W  PCAP→78W  power=78.8W
[PID] perf=26.519Hz  target=10.178Hz  err=-16.341Hz  corr=-343.05W  u_ff=99.1W  PCAP→78W  power=78.6W
[PID] perf=26.497Hz  target=10.178Hz  err=-16.320Hz  corr=-342.64W  u_ff=99.1W  PCAP→78W  power=77.3W
[PID] perf=26.513Hz  target=10.178Hz  err=-16.335Hz  corr=-342.93W  u_ff=99.1W  PCAP→78W  power=79.0W
[PID] perf=26.480Hz  target=10.178Hz  err=-16.303Hz  corr=-342.33W  u_ff=99.1W  PCAP→78W  power=77.8W
[PID] perf=26.514Hz  target=10.178Hz  err=-16.337Hz  corr=-342.96W  u_ff=99.1W  PCAP→78W  power=77.2W
[PID] perf=26.519Hz  target=10.178Hz  err=-16.342Hz  corr=-343.05W  u_ff=99.1W  PCAP→78W  power=77.5W
[PID] perf=26.534Hz  target=10.178Hz  err=-16.356Hz  corr=-343.32W  u_ff=99.1W  PCAP→78W  power=77.0W
[PID] perf=26.541Hz  target=10.178Hz  err=-16.363Hz  corr=-343.45W  u_ff=99.1W  PCAP→78W  power=77.2W
[PID] perf=26.535Hz  target=10.178Hz  err=-16.358Hz  corr=-343.35W  u_ff=99.1W  PCAP→78W  power=78.1W
[PID] perf=26.548Hz  target=10.178Hz  err=-16.370Hz  corr=-343.58W  u_ff=99.1W  PCAP→78W  power=77.4W
[PID] perf=26.511Hz  target=10.178Hz  err=-16.333Hz  corr=-342.90W  u_ff=99.1W  PCAP→78W  power=77.8W
[PID] perf=26.502Hz  target=10.178Hz  err=-16.325Hz  corr=-342.73W  u_ff=99.1W  PCAP→78W  power=78.6W
[PID] perf=26.512Hz  target=10.178Hz  err=-16.335Hz  corr=-342.93W  u_ff=99.1W  PCAP→78W  power=77.6W
[PID] perf=26.513Hz  target=10.178Hz  err=-16.335Hz  corr=-342.93W  u_ff=99.1W  PCAP→78W  power=79.0W
[PID] perf=26.487Hz  target=10.178Hz  err=-16.309Hz  corr=-342.45W  u_ff=99.1W  PCAP→78W  power=78.0W
[PID] perf=26.534Hz  target=10.178Hz  err=-16.357Hz  corr=-343.33W  u_ff=99.1W  PCAP→78W  power=77.2W
[PID] perf=26.522Hz  target=10.178Hz  err=-16.345Hz  corr=-343.11W  u_ff=99.1W  PCAP→78W  power=76.0W
[PID] perf=26.518Hz  target=10.178Hz  err=-16.340Hz  corr=-343.03W  u_ff=99.1W  PCAP→78W  power=78.2W
[PID] perf=26.510Hz  target=10.178Hz  err=-16.332Hz  corr=-342.88W  u_ff=99.1W  PCAP→78W  power=78.4W
[PID] perf=26.496Hz  target=10.178Hz  err=-16.318Hz  corr=-342.62W  u_ff=99.1W  PCAP→78W  power=79.1W
[PID] perf=26.525Hz  target=10.178Hz  err=-16.348Hz  corr=-343.17W  u_ff=99.1W  PCAP→78W  power=78.5W
[PID] perf=26.513Hz  target=10.178Hz  err=-16.336Hz  corr=-342.94W  u_ff=99.1W  PCAP→78W  power=77.5W
[PID] perf=26.521Hz  target=10.178Hz  err=-16.343Hz  corr=-343.08W  u_ff=99.1W  PCAP→78W  power=77.9W
[PID] perf=26.511Hz  target=10.178Hz  err=-16.334Hz  corr=-342.90W  u_ff=99.1W  PCAP→78W  power=78.0W
[PID] perf=26.538Hz  target=10.178Hz  err=-16.360Hz  corr=-343.39W  u_ff=99.1W  PCAP→78W  power=76.5W
[PID] perf=26.538Hz  target=10.178Hz  err=-16.361Hz  corr=-343.40W  u_ff=99.1W  PCAP→78W  power=77.3W
[PID] perf=26.503Hz  target=10.178Hz  err=-16.325Hz  corr=-342.75W  u_ff=99.1W  PCAP→78W  power=76.4W
[PID] perf=26.504Hz  target=10.178Hz  err=-16.327Hz  corr=-342.77W  u_ff=99.1W  PCAP→78W  power=77.3W
[PID] perf=26.484Hz  target=10.178Hz  err=-16.307Hz  corr=-342.40W  u_ff=99.1W  PCAP→78W  power=77.4W
[PID] perf=26.512Hz  target=10.178Hz  err=-16.334Hz  corr=-342.91W  u_ff=99.1W  PCAP→78W  power=80.2W
[PID] perf=25.676Hz  target=10.178Hz  err=-15.499Hz  corr=-327.42W  u_ff=99.1W  PCAP→78W  power=78.7W
[PID] perf=25.775Hz  target=10.178Hz  err=-15.597Hz  corr=-329.25W  u_ff=99.1W  PCAP→78W  power=78.7W
[PID] perf=25.792Hz  target=10.178Hz  err=-15.615Hz  corr=-329.57W  u_ff=99.1W  PCAP→78W  power=79.4W
[PID] perf=25.791Hz  target=10.178Hz  err=-15.614Hz  corr=-329.55W  u_ff=99.1W  PCAP→78W  power=78.4W
[PID] perf=25.786Hz  target=10.178Hz  err=-15.608Hz  corr=-329.45W  u_ff=99.1W  PCAP→78W  power=76.9W
[PID] perf=25.796Hz  target=10.178Hz  err=-15.618Hz  corr=-329.63W  u_ff=99.1W  PCAP→78W  power=76.8W
[PID] perf=25.800Hz  target=10.178Hz  err=-15.623Hz  corr=-329.72W  u_ff=99.1W  PCAP→78W  power=77.2W
[PID] perf=25.783Hz  target=10.178Hz  err=-15.606Hz  corr=-329.40W  u_ff=99.1W  PCAP→78W  power=78.8W
[PID] perf=25.803Hz  target=10.178Hz  err=-15.626Hz  corr=-329.77W  u_ff=99.1W  PCAP→78W  power=77.5W
[PID] perf=25.802Hz  target=10.178Hz  err=-15.624Hz  corr=-329.75W  u_ff=99.1W  PCAP→78W  power=77.6W
[PID] perf=26.973Hz  target=10.178Hz  err=-16.795Hz  corr=-351.47W  u_ff=99.1W  PCAP→78W  power=79.5W
[PID] perf=27.076Hz  target=10.178Hz  err=-16.898Hz  corr=-353.37W  u_ff=99.1W  PCAP→78W  power=77.2W
[PID] perf=27.076Hz  target=10.178Hz  err=-16.899Hz  corr=-353.39W  u_ff=99.1W  PCAP→78W  power=76.9W
[PID] perf=27.075Hz  target=10.178Hz  err=-16.898Hz  corr=-353.36W  u_ff=99.1W  PCAP→78W  power=77.1W
[PID] perf=27.061Hz  target=10.178Hz  err=-16.883Hz  corr=-353.09W  u_ff=99.1W  PCAP→78W  power=78.9W
[PID] perf=27.102Hz  target=10.178Hz  err=-16.924Hz  corr=-353.86W  u_ff=99.1W  PCAP→78W  power=79.1W
[PID] perf=27.066Hz  target=10.178Hz  err=-16.889Hz  corr=-353.20W  u_ff=99.1W  PCAP→78W  power=78.3W
[PID] perf=27.069Hz  target=10.178Hz  err=-16.891Hz  corr=-353.24W  u_ff=99.1W  PCAP→78W  power=77.3W
[PID] perf=27.080Hz  target=10.178Hz  err=-16.903Hz  corr=-353.46W  u_ff=99.1W  PCAP→78W  power=77.7W
[PID] perf=27.056Hz  target=10.178Hz  err=-16.878Hz  corr=-353.00W  u_ff=99.1W  PCAP→78W  power=76.5W
[PID] perf=27.092Hz  target=10.178Hz  err=-16.914Hz  corr=-353.67W  u_ff=99.1W  PCAP→78W  power=76.8W
[PID] perf=27.067Hz  target=10.178Hz  err=-16.889Hz  corr=-353.21W  u_ff=99.1W  PCAP→78W  power=77.2W
[PID] perf=27.477Hz  target=10.178Hz  err=-17.299Hz  corr=-360.81W  u_ff=99.1W  PCAP→78W  power=78.2W
[PID] perf=27.586Hz  target=10.178Hz  err=-17.408Hz  corr=-362.84W  u_ff=99.1W  PCAP→78W  power=77.7W
[PID] perf=27.619Hz  target=10.178Hz  err=-17.442Hz  corr=-363.45W  u_ff=99.1W  PCAP→78W  power=78.7W
[PID] perf=27.620Hz  target=10.178Hz  err=-17.442Hz  corr=-363.46W  u_ff=99.1W  PCAP→78W  power=77.2W
[PID] perf=27.608Hz  target=10.178Hz  err=-17.430Hz  corr=-363.24W  u_ff=99.1W  PCAP→78W  power=79.0W
[PID] perf=27.609Hz  target=10.178Hz  err=-17.432Hz  corr=-363.26W  u_ff=99.1W  PCAP→78W  power=77.8W
[PID] perf=27.648Hz  target=10.178Hz  err=-17.471Hz  corr=-363.99W  u_ff=99.1W  PCAP→78W  power=77.2W
[PID] perf=27.628Hz  target=10.178Hz  err=-17.450Hz  corr=-363.61W  u_ff=99.1W  PCAP→78W  power=77.3W
[PID] perf=27.590Hz  target=10.178Hz  err=-17.412Hz  corr=-362.90W  u_ff=99.1W  PCAP→78W  power=77.1W
[PID] perf=27.641Hz  target=10.178Hz  err=-17.463Hz  corr=-363.85W  u_ff=99.1W  PCAP→78W  power=76.4W
[PID] perf=27.652Hz  target=10.178Hz  err=-17.475Hz  corr=-364.06W  u_ff=99.1W  PCAP→78W  power=78.9W
[PID] perf=27.646Hz  target=10.178Hz  err=-17.469Hz  corr=-363.95W  u_ff=99.1W  PCAP→78W  power=78.2W
[PID] perf=27.638Hz  target=10.178Hz  err=-17.460Hz  corr=-363.79W  u_ff=99.1W  PCAP→78W  power=76.8W
[PID] perf=27.614Hz  target=10.178Hz  err=-17.436Hz  corr=-363.35W  u_ff=99.1W  PCAP→78W  power=77.5W
[PID] perf=27.628Hz  target=10.178Hz  err=-17.451Hz  corr=-363.62W  u_ff=99.1W  PCAP→78W  power=77.1W
[PID] perf=27.613Hz  target=10.178Hz  err=-17.436Hz  corr=-363.34W  u_ff=99.1W  PCAP→78W  power=77.7W
[PID] perf=27.622Hz  target=10.178Hz  err=-17.445Hz  corr=-363.50W  u_ff=99.1W  PCAP→78W  power=76.5W
[PID] perf=27.598Hz  target=10.178Hz  err=-17.420Hz  corr=-363.05W  u_ff=99.1W  PCAP→78W  power=79.3W
[PID] perf=27.527Hz  target=10.178Hz  err=-17.350Hz  corr=-361.74W  u_ff=99.1W  PCAP→78W  power=77.7W
[PID] perf=27.572Hz  target=10.178Hz  err=-17.394Hz  corr=-362.57W  u_ff=99.1W  PCAP→78W  power=78.0W
[PID] perf=27.590Hz  target=10.178Hz  err=-17.412Hz  corr=-362.91W  u_ff=99.1W  PCAP→78W  power=76.8W
[PID] perf=27.561Hz  target=10.178Hz  err=-17.383Hz  corr=-362.37W  u_ff=99.1W  PCAP→78W  power=78.8W
[PID] perf=27.540Hz  target=10.178Hz  err=-17.362Hz  corr=-361.97W  u_ff=99.1W  PCAP→78W  power=79.1W
[PID] perf=27.551Hz  target=10.178Hz  err=-17.373Hz  corr=-362.18W  u_ff=99.1W  PCAP→78W  power=79.2W
[PID] perf=26.829Hz  target=10.178Hz  err=-16.651Hz  corr=-348.79W  u_ff=99.1W  PCAP→78W  power=79.0W
[PID] perf=26.891Hz  target=10.178Hz  err=-16.714Hz  corr=-349.95W  u_ff=99.1W  PCAP→78W  power=78.6W
[PID] perf=26.917Hz  target=10.178Hz  err=-16.739Hz  corr=-350.43W  u_ff=99.1W  PCAP→78W  power=77.0W
[PID] perf=26.937Hz  target=10.178Hz  err=-16.759Hz  corr=-350.80W  u_ff=99.1W  PCAP→78W  power=77.0W
[PID] perf=27.268Hz  target=10.178Hz  err=-17.091Hz  corr=-356.94W  u_ff=99.1W  PCAP→78W  power=79.1W
[PID] perf=27.298Hz  target=10.178Hz  err=-17.121Hz  corr=-357.50W  u_ff=99.1W  PCAP→78W  power=79.1W
[PID] perf=27.303Hz  target=10.178Hz  err=-17.125Hz  corr=-357.58W  u_ff=99.1W  PCAP→78W  power=78.2W
[PID] perf=27.304Hz  target=10.178Hz  err=-17.126Hz  corr=-357.60W  u_ff=99.1W  PCAP→78W  power=77.2W
[PID] perf=27.320Hz  target=10.178Hz  err=-17.143Hz  corr=-357.91W  u_ff=99.1W  PCAP→78W  power=77.0W
[PID] perf=27.311Hz  target=10.178Hz  err=-17.133Hz  corr=-357.73W  u_ff=99.1W  PCAP→78W  power=77.6W
[PID] perf=27.316Hz  target=10.178Hz  err=-17.138Hz  corr=-357.82W  u_ff=99.1W  PCAP→78W  power=77.9W
[PID] perf=27.304Hz  target=10.178Hz  err=-17.127Hz  corr=-357.61W  u_ff=99.1W  PCAP→78W  power=77.5W
[PID] perf=27.303Hz  target=10.178Hz  err=-17.125Hz  corr=-357.59W  u_ff=99.1W  PCAP→78W  power=78.1W
[PID] perf=27.257Hz  target=10.178Hz  err=-17.080Hz  corr=-356.73W  u_ff=99.1W  PCAP→78W  power=78.3W
[PID] perf=27.301Hz  target=10.178Hz  err=-17.124Hz  corr=-357.55W  u_ff=99.1W  PCAP→78W  power=79.0W
[PID] perf=27.287Hz  target=10.178Hz  err=-17.110Hz  corr=-357.29W  u_ff=99.1W  PCAP→78W  power=77.5W
[PID] perf=27.280Hz  target=10.178Hz  err=-17.102Hz  corr=-357.16W  u_ff=99.1W  PCAP→78W  power=77.4W
[PID] perf=27.272Hz  target=10.178Hz  err=-17.095Hz  corr=-357.01W  u_ff=99.1W  PCAP→78W  power=79.2W
[PID] perf=27.286Hz  target=10.178Hz  err=-17.109Hz  corr=-357.27W  u_ff=99.1W  PCAP→78W  power=79.2W
[PID] perf=27.311Hz  target=10.178Hz  err=-17.133Hz  corr=-357.73W  u_ff=99.1W  PCAP→78W  power=77.8W
[PID] perf=27.290Hz  target=10.178Hz  err=-17.112Hz  corr=-357.34W  u_ff=99.1W  PCAP→78W  power=77.7W
[PID] perf=27.306Hz  target=10.178Hz  err=-17.128Hz  corr=-357.64W  u_ff=99.1W  PCAP→78W  power=76.4W
[PID] perf=27.310Hz  target=10.178Hz  err=-17.132Hz  corr=-357.71W  u_ff=99.1W  PCAP→78W  power=77.4W
[PID] perf=27.317Hz  target=10.178Hz  err=-17.139Hz  corr=-357.84W  u_ff=99.1W  PCAP→78W  power=77.4W
[PID] perf=27.282Hz  target=10.178Hz  err=-17.104Hz  corr=-357.19W  u_ff=99.1W  PCAP→78W  power=77.3W
[PID] perf=27.284Hz  target=10.178Hz  err=-17.107Hz  corr=-357.24W  u_ff=99.1W  PCAP→78W  power=78.9W
[PID] perf=27.272Hz  target=10.178Hz  err=-17.094Hz  corr=-357.01W  u_ff=99.1W  PCAP→78W  power=79.5W
[PID] perf=27.288Hz  target=10.178Hz  err=-17.110Hz  corr=-357.31W  u_ff=99.1W  PCAP→78W  power=78.6W
[PID] perf=27.304Hz  target=10.178Hz  err=-17.127Hz  corr=-357.61W  u_ff=99.1W  PCAP→78W  power=77.9W
[PID] perf=27.317Hz  target=10.178Hz  err=-17.139Hz  corr=-357.84W  u_ff=99.1W  PCAP→78W  power=77.3W
[PID] perf=27.264Hz  target=10.178Hz  err=-17.086Hz  corr=-356.86W  u_ff=99.1W  PCAP→78W  power=77.2W
[PID] perf=27.286Hz  target=10.178Hz  err=-17.109Hz  corr=-357.28W  u_ff=99.1W  PCAP→78W  power=77.5W
[PID] perf=27.315Hz  target=10.178Hz  err=-17.137Hz  corr=-357.80W  u_ff=99.1W  PCAP→78W  power=77.2W
[PID] perf=27.312Hz  target=10.178Hz  err=-17.134Hz  corr=-357.75W  u_ff=99.1W  PCAP→78W  power=78.5W
[PID] perf=27.329Hz  target=10.178Hz  err=-17.151Hz  corr=-358.06W  u_ff=99.1W  PCAP→78W  power=77.8W
[PID] perf=27.310Hz  target=10.178Hz  err=-17.133Hz  corr=-357.72W  u_ff=99.1W  PCAP→78W  power=76.8W
[PID] perf=27.494Hz  target=10.178Hz  err=-17.316Hz  corr=-361.13W  u_ff=99.1W  PCAP→78W  power=77.2W
[PID] perf=27.520Hz  target=10.178Hz  err=-17.343Hz  corr=-361.62W  u_ff=99.1W  PCAP→78W  power=77.0W
[PID] perf=27.571Hz  target=10.178Hz  err=-17.394Hz  corr=-362.56W  u_ff=99.1W  PCAP→78W  power=76.7W
[PID] perf=27.539Hz  target=10.178Hz  err=-17.362Hz  corr=-361.97W  u_ff=99.1W  PCAP→78W  power=78.6W
[PID] perf=27.550Hz  target=10.178Hz  err=-17.373Hz  corr=-362.17W  u_ff=99.1W  PCAP→78W  power=77.6W
[PID] perf=27.556Hz  target=10.178Hz  err=-17.378Hz  corr=-362.27W  u_ff=99.1W  PCAP→78W  power=79.0W
[PID] perf=27.522Hz  target=10.178Hz  err=-17.345Hz  corr=-361.65W  u_ff=99.1W  PCAP→78W  power=77.9W
[PID] perf=27.576Hz  target=10.178Hz  err=-17.399Hz  corr=-362.65W  u_ff=99.1W  PCAP→78W  power=77.3W
[PID] perf=27.548Hz  target=10.178Hz  err=-17.371Hz  corr=-362.14W  u_ff=99.1W  PCAP→78W  power=76.9W
[PID] perf=27.533Hz  target=10.178Hz  err=-17.356Hz  corr=-361.86W  u_ff=99.1W  PCAP→78W  power=78.0W
[PID] perf=27.530Hz  target=10.178Hz  err=-17.352Hz  corr=-361.79W  u_ff=99.1W  PCAP→78W  power=76.6W
[PID] perf=27.566Hz  target=10.178Hz  err=-17.389Hz  corr=-362.47W  u_ff=99.1W  PCAP→78W  power=77.7W
[PID] perf=27.578Hz  target=10.178Hz  err=-17.400Hz  corr=-362.69W  u_ff=99.1W  PCAP→78W  power=77.0W
[PID] perf=27.546Hz  target=10.178Hz  err=-17.368Hz  corr=-362.08W  u_ff=99.1W  PCAP→78W  power=77.9W
[PID] perf=27.554Hz  target=10.178Hz  err=-17.376Hz  corr=-362.24W  u_ff=99.1W  PCAP→78W  power=77.4W
[PID] perf=27.923Hz  target=10.178Hz  err=-17.745Hz  corr=-369.08W  u_ff=99.1W  PCAP→78W  power=76.2W
[PID] perf=27.895Hz  target=10.178Hz  err=-17.718Hz  corr=-368.57W  u_ff=99.1W  PCAP→78W  power=76.9W
[PID] perf=27.927Hz  target=10.178Hz  err=-17.749Hz  corr=-369.15W  u_ff=99.1W  PCAP→78W  power=78.7W
[PID] perf=27.923Hz  target=10.178Hz  err=-17.746Hz  corr=-369.09W  u_ff=99.1W  PCAP→78W  power=78.1W
[PID] perf=29.245Hz  target=10.178Hz  err=-19.067Hz  corr=-393.59W  u_ff=99.1W  PCAP→78W  power=76.9W
[PID] perf=29.262Hz  target=10.178Hz  err=-19.085Hz  corr=-393.92W  u_ff=99.1W  PCAP→78W  power=79.5W
[PID] perf=29.243Hz  target=10.178Hz  err=-19.065Hz  corr=-393.55W  u_ff=99.1W  PCAP→78W  power=79.9W
[PID] perf=29.265Hz  target=10.178Hz  err=-19.088Hz  corr=-393.97W  u_ff=99.1W  PCAP→78W  power=78.9W
[PID] perf=29.260Hz  target=10.178Hz  err=-19.083Hz  corr=-393.89W  u_ff=99.1W  PCAP→78W  power=76.6W
[PID] perf=29.261Hz  target=10.178Hz  err=-19.084Hz  corr=-393.91W  u_ff=99.1W  PCAP→78W  power=78.0W
[PID] perf=29.247Hz  target=10.178Hz  err=-19.070Hz  corr=-393.64W  u_ff=99.1W  PCAP→78W  power=78.9W
[PID] perf=29.278Hz  target=10.178Hz  err=-19.100Hz  corr=-394.20W  u_ff=99.1W  PCAP→78W  power=77.6W
[PID] perf=29.303Hz  target=10.178Hz  err=-19.126Hz  corr=-394.68W  u_ff=99.1W  PCAP→78W  power=77.9W
[PID] perf=29.270Hz  target=10.178Hz  err=-19.093Hz  corr=-394.07W  u_ff=99.1W  PCAP→78W  power=77.2W
[PID] perf=29.273Hz  target=10.178Hz  err=-19.095Hz  corr=-394.11W  u_ff=99.1W  PCAP→78W  power=79.2W
[PID] perf=29.288Hz  target=10.178Hz  err=-19.111Hz  corr=-394.40W  u_ff=99.1W  PCAP→78W  power=78.7W
[PID] perf=29.293Hz  target=10.178Hz  err=-19.116Hz  corr=-394.49W  u_ff=99.1W  PCAP→78W  power=79.7W
[PID] perf=29.250Hz  target=10.178Hz  err=-19.073Hz  corr=-393.70W  u_ff=99.1W  PCAP→78W  power=78.0W
[PID] perf=29.249Hz  target=10.178Hz  err=-19.072Hz  corr=-393.68W  u_ff=99.1W  PCAP→78W  power=77.8W
[PID] perf=29.255Hz  target=10.178Hz  err=-19.077Hz  corr=-393.78W  u_ff=99.1W  PCAP→78W  power=79.5W
[PID] perf=29.245Hz  target=10.178Hz  err=-19.067Hz  corr=-393.60W  u_ff=99.1W  PCAP→78W  power=79.7W
[PID] perf=29.216Hz  target=10.178Hz  err=-19.039Hz  corr=-393.07W  u_ff=99.1W  PCAP→78W  power=77.1W
[PID] perf=29.271Hz  target=10.178Hz  err=-19.094Hz  corr=-394.08W  u_ff=99.1W  PCAP→78W  power=76.9W
[PID] perf=27.079Hz  target=10.178Hz  err=-16.902Hz  corr=-353.44W  u_ff=99.1W  PCAP→78W  power=77.7W
[PID] perf=27.578Hz  target=10.178Hz  err=-17.401Hz  corr=-362.69W  u_ff=99.1W  PCAP→78W  power=77.1W
[PID] perf=27.558Hz  target=10.178Hz  err=-17.380Hz  corr=-362.31W  u_ff=99.1W  PCAP→78W  power=77.9W
[PID] perf=27.652Hz  target=10.178Hz  err=-17.475Hz  corr=-364.06W  u_ff=99.1W  PCAP→78W  power=77.3W
[PID] perf=27.640Hz  target=10.178Hz  err=-17.463Hz  corr=-363.84W  u_ff=99.1W  PCAP→78W  power=76.3W
[PID] perf=27.635Hz  target=10.178Hz  err=-17.458Hz  corr=-363.75W  u_ff=99.1W  PCAP→78W  power=77.0W
[PID] perf=27.618Hz  target=10.178Hz  err=-17.441Hz  corr=-363.43W  u_ff=99.1W  PCAP→78W  power=77.6W
[PID] perf=27.621Hz  target=10.178Hz  err=-17.443Hz  corr=-363.48W  u_ff=99.1W  PCAP→78W  power=77.9W
[PID] perf=27.663Hz  target=10.178Hz  err=-17.485Hz  corr=-364.26W  u_ff=99.1W  PCAP→78W  power=78.7W
[PID] perf=27.650Hz  target=10.178Hz  err=-17.473Hz  corr=-364.03W  u_ff=99.1W  PCAP→78W  power=78.4W
[PID] perf=27.628Hz  target=10.178Hz  err=-17.451Hz  corr=-363.62W  u_ff=99.1W  PCAP→78W  power=77.5W
[PID] perf=27.596Hz  target=10.178Hz  err=-17.418Hz  corr=-363.01W  u_ff=99.1W  PCAP→78W  power=79.0W
[PID] perf=27.604Hz  target=10.178Hz  err=-17.426Hz  corr=-363.17W  u_ff=99.1W  PCAP→78W  power=76.8W
[PID] perf=27.606Hz  target=10.178Hz  err=-17.429Hz  corr=-363.21W  u_ff=99.1W  PCAP→78W  power=78.1W
[PID] perf=27.604Hz  target=10.178Hz  err=-17.427Hz  corr=-363.18W  u_ff=99.1W  PCAP→78W  power=78.4W
[PID] perf=27.645Hz  target=10.178Hz  err=-17.467Hz  corr=-363.93W  u_ff=99.1W  PCAP→78W  power=78.9W
[PID] perf=27.615Hz  target=10.178Hz  err=-17.438Hz  corr=-363.38W  u_ff=99.1W  PCAP→78W  power=76.9W
[PID] perf=27.619Hz  target=10.178Hz  err=-17.441Hz  corr=-363.44W  u_ff=99.1W  PCAP→78W  power=78.8W
[PID] perf=25.998Hz  target=10.178Hz  err=-15.821Hz  corr=-333.39W  u_ff=99.1W  PCAP→78W  power=77.9W
[PID] perf=26.394Hz  target=10.178Hz  err=-16.216Hz  corr=-340.73W  u_ff=99.1W  PCAP→78W  power=78.1W
[PID] perf=26.517Hz  target=10.178Hz  err=-16.340Hz  corr=-343.01W  u_ff=99.1W  PCAP→78W  power=79.0W
[PID] perf=26.529Hz  target=10.178Hz  err=-16.352Hz  corr=-343.24W  u_ff=99.1W  PCAP→78W  power=79.2W
[PID] perf=26.519Hz  target=10.178Hz  err=-16.342Hz  corr=-343.05W  u_ff=99.1W  PCAP→78W  power=79.1W
[PID] perf=26.551Hz  target=10.178Hz  err=-16.373Hz  corr=-343.64W  u_ff=99.1W  PCAP→78W  power=79.0W
[PID] perf=26.530Hz  target=10.178Hz  err=-16.353Hz  corr=-343.25W  u_ff=99.1W  PCAP→78W  power=76.7W
[PID] perf=26.511Hz  target=10.178Hz  err=-16.334Hz  corr=-342.91W  u_ff=99.1W  PCAP→78W  power=78.2W
[PID] perf=26.483Hz  target=10.178Hz  err=-16.306Hz  corr=-342.39W  u_ff=99.1W  PCAP→78W  power=76.7W
[PID] perf=26.511Hz  target=10.178Hz  err=-16.334Hz  corr=-342.90W  u_ff=99.1W  PCAP→78W  power=76.5W
[PID] perf=26.508Hz  target=10.178Hz  err=-16.331Hz  corr=-342.85W  u_ff=99.1W  PCAP→78W  power=77.3W
[PID] perf=26.494Hz  target=10.178Hz  err=-16.316Hz  corr=-342.58W  u_ff=99.1W  PCAP→78W  power=77.1W
[PID] perf=26.494Hz  target=10.178Hz  err=-16.316Hz  corr=-342.58W  u_ff=99.1W  PCAP→78W  power=78.0W
[PID] perf=26.746Hz  target=10.178Hz  err=-16.569Hz  corr=-347.27W  u_ff=99.1W  PCAP→78W  power=78.1W
[PID] perf=27.132Hz  target=10.178Hz  err=-16.954Hz  corr=-354.41W  u_ff=99.1W  PCAP→78W  power=78.9W
[PID] perf=27.182Hz  target=10.178Hz  err=-17.005Hz  corr=-355.34W  u_ff=99.1W  PCAP→78W  power=76.8W
[PID] perf=27.176Hz  target=10.178Hz  err=-16.998Hz  corr=-355.23W  u_ff=99.1W  PCAP→78W  power=77.0W
[PID] perf=27.184Hz  target=10.178Hz  err=-17.006Hz  corr=-355.38W  u_ff=99.1W  PCAP→78W  power=78.5W
[PID] perf=27.194Hz  target=10.178Hz  err=-17.016Hz  corr=-355.56W  u_ff=99.1W  PCAP→78W  power=79.2W
[PID] perf=27.218Hz  target=10.178Hz  err=-17.041Hz  corr=-356.02W  u_ff=99.1W  PCAP→78W  power=77.4W
[PID] perf=27.194Hz  target=10.178Hz  err=-17.017Hz  corr=-355.57W  u_ff=99.1W  PCAP→78W  power=77.5W
[PID] perf=27.213Hz  target=10.178Hz  err=-17.036Hz  corr=-355.92W  u_ff=99.1W  PCAP→78W  power=78.5W
[PID] perf=27.241Hz  target=10.178Hz  err=-17.064Hz  corr=-356.44W  u_ff=99.1W  PCAP→78W  power=78.9W
[PID] perf=27.204Hz  target=10.178Hz  err=-17.027Hz  corr=-355.75W  u_ff=99.1W  PCAP→78W  power=79.0W
[PID] perf=27.181Hz  target=10.178Hz  err=-17.004Hz  corr=-355.33W  u_ff=99.1W  PCAP→78W  power=76.9W
[PID] perf=27.184Hz  target=10.178Hz  err=-17.007Hz  corr=-355.38W  u_ff=99.1W  PCAP→78W  power=78.2W
[PID] perf=27.151Hz  target=10.178Hz  err=-16.973Hz  corr=-354.76W  u_ff=99.1W  PCAP→78W  power=78.2W
[PID] perf=27.219Hz  target=10.178Hz  err=-17.042Hz  corr=-356.03W  u_ff=99.1W  PCAP→78W  power=78.7W
[PID] perf=27.206Hz  target=10.178Hz  err=-17.028Hz  corr=-355.78W  u_ff=99.1W  PCAP→78W  power=77.7W
[PID] perf=27.184Hz  target=10.178Hz  err=-17.007Hz  corr=-355.39W  u_ff=99.1W  PCAP→78W  power=77.8W
[PID] perf=27.199Hz  target=10.178Hz  err=-17.022Hz  corr=-355.66W  u_ff=99.1W  PCAP→78W  power=77.5W
[PID] perf=27.212Hz  target=10.178Hz  err=-17.034Hz  corr=-355.89W  u_ff=99.1W  PCAP→78W  power=79.1W
[PID] perf=27.185Hz  target=10.178Hz  err=-17.007Hz  corr=-355.39W  u_ff=99.1W  PCAP→78W  power=78.7W
[PID] perf=27.149Hz  target=10.178Hz  err=-16.972Hz  corr=-354.74W  u_ff=99.1W  PCAP→78W  power=79.0W
[PID] perf=27.193Hz  target=10.178Hz  err=-17.015Hz  corr=-355.54W  u_ff=99.1W  PCAP→78W  power=78.6W
[PID] perf=27.208Hz  target=10.178Hz  err=-17.030Hz  corr=-355.82W  u_ff=99.1W  PCAP→78W  power=77.2W
[PID] perf=27.248Hz  target=10.178Hz  err=-17.071Hz  corr=-356.57W  u_ff=99.1W  PCAP→78W  power=76.7W
[PID] perf=27.175Hz  target=10.178Hz  err=-16.997Hz  corr=-355.21W  u_ff=99.1W  PCAP→78W  power=78.6W
[PID] perf=27.247Hz  target=10.178Hz  err=-17.070Hz  corr=-356.55W  u_ff=99.1W  PCAP→78W  power=76.8W
[PID] perf=27.547Hz  target=10.178Hz  err=-17.370Hz  corr=-362.11W  u_ff=99.1W  PCAP→78W  power=77.7W
[PID] perf=27.533Hz  target=10.178Hz  err=-17.356Hz  corr=-361.86W  u_ff=99.1W  PCAP→78W  power=77.9W
[PID] perf=27.579Hz  target=10.178Hz  err=-17.402Hz  corr=-362.71W  u_ff=99.1W  PCAP→78W  power=78.9W
[PID] perf=27.564Hz  target=10.178Hz  err=-17.387Hz  corr=-362.43W  u_ff=99.1W  PCAP→78W  power=77.3W
[PID] perf=27.566Hz  target=10.178Hz  err=-17.388Hz  corr=-362.46W  u_ff=99.1W  PCAP→78W  power=78.7W
[PID] perf=27.599Hz  target=10.178Hz  err=-17.422Hz  corr=-363.08W  u_ff=99.1W  PCAP→78W  power=77.7W
[PID] perf=27.603Hz  target=10.178Hz  err=-17.426Hz  corr=-363.16W  u_ff=99.1W  PCAP→78W  power=76.6W
[PID] perf=27.605Hz  target=10.178Hz  err=-17.428Hz  corr=-363.19W  u_ff=99.1W  PCAP→78W  power=79.1W
[PID] perf=27.599Hz  target=10.178Hz  err=-17.421Hz  corr=-363.07W  u_ff=99.1W  PCAP→78W  power=78.0W
[PID] perf=27.622Hz  target=10.178Hz  err=-17.445Hz  corr=-363.51W  u_ff=99.1W  PCAP→78W  power=78.7W
[PID] perf=27.607Hz  target=10.178Hz  err=-17.429Hz  corr=-363.22W  u_ff=99.1W  PCAP→78W  power=77.2W
[PID] perf=27.599Hz  target=10.178Hz  err=-17.421Hz  corr=-363.07W  u_ff=99.1W  PCAP→78W  power=76.8W
[PID] perf=27.600Hz  target=10.178Hz  err=-17.423Hz  corr=-363.10W  u_ff=99.1W  PCAP→78W  power=77.7W
[PID] perf=27.617Hz  target=10.178Hz  err=-17.439Hz  corr=-363.41W  u_ff=99.1W  PCAP→78W  power=79.2W
[PID] perf=27.609Hz  target=10.178Hz  err=-17.431Hz  corr=-363.26W  u_ff=99.1W  PCAP→78W  power=77.5W
[PID] perf=27.638Hz  target=10.178Hz  err=-17.461Hz  corr=-363.80W  u_ff=99.1W  PCAP→78W  power=76.7W
[PID] perf=27.620Hz  target=10.178Hz  err=-17.442Hz  corr=-363.46W  u_ff=99.1W  PCAP→78W  power=78.1W
[PID] perf=27.619Hz  target=10.178Hz  err=-17.441Hz  corr=-363.44W  u_ff=99.1W  PCAP→78W  power=79.1W
[PID] perf=27.614Hz  target=10.178Hz  err=-17.436Hz  corr=-363.35W  u_ff=99.1W  PCAP→78W  power=77.6W
[PID] perf=27.584Hz  target=10.178Hz  err=-17.407Hz  corr=-362.81W  u_ff=99.1W  PCAP→78W  power=78.9W
[PID] perf=27.591Hz  target=10.178Hz  err=-17.414Hz  corr=-362.93W  u_ff=99.1W  PCAP→78W  power=77.0W
[PID] perf=27.592Hz  target=10.178Hz  err=-17.415Hz  corr=-362.95W  u_ff=99.1W  PCAP→78W  power=77.7W
[PID] perf=27.569Hz  target=10.178Hz  err=-17.392Hz  corr=-362.52W  u_ff=99.1W  PCAP→78W  power=79.0W
[PID] perf=27.600Hz  target=10.178Hz  err=-17.423Hz  corr=-363.10W  u_ff=99.1W  PCAP→78W  power=77.5W
[PID] perf=27.599Hz  target=10.178Hz  err=-17.421Hz  corr=-363.07W  u_ff=99.1W  PCAP→78W  power=77.6W
[PID] perf=27.617Hz  target=10.178Hz  err=-17.439Hz  corr=-363.40W  u_ff=99.1W  PCAP→78W  power=77.7W
[PID] perf=27.612Hz  target=10.178Hz  err=-17.435Hz  corr=-363.32W  u_ff=99.1W  PCAP→78W  power=78.4W
[PID] perf=27.603Hz  target=10.178Hz  err=-17.425Hz  corr=-363.15W  u_ff=99.1W  PCAP→78W  power=78.9W
[PID] perf=27.577Hz  target=10.178Hz  err=-17.400Hz  corr=-362.67W  u_ff=99.1W  PCAP→78W  power=77.7W
[PID] perf=27.597Hz  target=10.178Hz  err=-17.420Hz  corr=-363.04W  u_ff=99.1W  PCAP→78W  power=77.3W
[PID] perf=27.574Hz  target=10.178Hz  err=-17.396Hz  corr=-362.61W  u_ff=99.1W  PCAP→78W  power=77.0W
[PID] perf=27.612Hz  target=10.178Hz  err=-17.434Hz  corr=-363.31W  u_ff=99.1W  PCAP→78W  power=78.1W
[PID] perf=27.636Hz  target=10.178Hz  err=-17.458Hz  corr=-363.76W  u_ff=99.1W  PCAP→78W  power=79.1W
[PID] perf=27.635Hz  target=10.178Hz  err=-17.457Hz  corr=-363.73W  u_ff=99.1W  PCAP→78W  power=77.5W
[PID] perf=27.601Hz  target=10.178Hz  err=-17.424Hz  corr=-363.12W  u_ff=99.1W  PCAP→78W  power=77.1W
[PID] perf=27.610Hz  target=10.178Hz  err=-17.433Hz  corr=-363.28W  u_ff=99.1W  PCAP→78W  power=76.4W
[PID] perf=27.597Hz  target=10.178Hz  err=-17.419Hz  corr=-363.04W  u_ff=99.1W  PCAP→78W  power=76.2W
[PID] perf=27.584Hz  target=10.178Hz  err=-17.407Hz  corr=-362.80W  u_ff=99.1W  PCAP→78W  power=76.3W
[PID] perf=27.592Hz  target=10.178Hz  err=-17.414Hz  corr=-362.94W  u_ff=99.1W  PCAP→78W  power=79.3W
[PID] perf=27.621Hz  target=10.178Hz  err=-17.444Hz  corr=-363.49W  u_ff=99.1W  PCAP→78W  power=78.9W
[PID] perf=27.635Hz  target=10.178Hz  err=-17.458Hz  corr=-363.74W  u_ff=99.1W  PCAP→78W  power=77.5W
[PID] perf=27.656Hz  target=10.178Hz  err=-17.479Hz  corr=-364.14W  u_ff=99.1W  PCAP→78W  power=77.2W
[PID] perf=27.633Hz  target=10.178Hz  err=-17.455Hz  corr=-363.70W  u_ff=99.1W  PCAP→78W  power=77.1W
[PID] perf=27.660Hz  target=10.178Hz  err=-17.483Hz  corr=-364.22W  u_ff=99.1W  PCAP→78W  power=76.3W
[PID] perf=27.650Hz  target=10.178Hz  err=-17.473Hz  corr=-364.02W  u_ff=99.1W  PCAP→78W  power=79.3W
[PID] perf=27.641Hz  target=10.178Hz  err=-17.463Hz  corr=-363.85W  u_ff=99.1W  PCAP→78W  power=78.2W
[PID] perf=27.621Hz  target=10.178Hz  err=-17.444Hz  corr=-363.49W  u_ff=99.1W  PCAP→78W  power=76.8W
[PID] perf=27.619Hz  target=10.178Hz  err=-17.441Hz  corr=-363.44W  u_ff=99.1W  PCAP→78W  power=76.7W
[PID] perf=27.595Hz  target=10.178Hz  err=-17.418Hz  corr=-363.00W  u_ff=99.1W  PCAP→78W  power=77.1W
[PID] perf=27.604Hz  target=10.178Hz  err=-17.426Hz  corr=-363.16W  u_ff=99.1W  PCAP→78W  power=78.3W
[PID] perf=27.563Hz  target=10.178Hz  err=-17.386Hz  corr=-362.41W  u_ff=99.1W  PCAP→78W  power=77.2W
[PID] perf=27.587Hz  target=10.178Hz  err=-17.409Hz  corr=-362.85W  u_ff=99.1W  PCAP→78W  power=76.3W
[PID] perf=27.588Hz  target=10.178Hz  err=-17.411Hz  corr=-362.88W  u_ff=99.1W  PCAP→78W  power=77.7W
[PID] perf=27.585Hz  target=10.178Hz  err=-17.407Hz  corr=-362.81W  u_ff=99.1W  PCAP→78W  power=77.4W
[PID] perf=27.590Hz  target=10.178Hz  err=-17.413Hz  corr=-362.92W  u_ff=99.1W  PCAP→78W  power=76.9W
[PID] perf=27.602Hz  target=10.178Hz  err=-17.424Hz  corr=-363.12W  u_ff=99.1W  PCAP→78W  power=78.6W
[PID] perf=27.603Hz  target=10.178Hz  err=-17.426Hz  corr=-363.15W  u_ff=99.1W  PCAP→78W  power=78.0W
[PID] perf=27.591Hz  target=10.178Hz  err=-17.414Hz  corr=-362.93W  u_ff=99.1W  PCAP→78W  power=77.0W
[PID] perf=27.570Hz  target=10.178Hz  err=-17.393Hz  corr=-362.54W  u_ff=99.1W  PCAP→78W  power=78.5W
[PID] perf=27.586Hz  target=10.178Hz  err=-17.408Hz  corr=-362.83W  u_ff=99.1W  PCAP→78W  power=78.9W
[PID] perf=27.594Hz  target=10.178Hz  err=-17.416Hz  corr=-362.98W  u_ff=99.1W  PCAP→78W  power=78.9W
[PID] perf=27.542Hz  target=10.178Hz  err=-17.364Hz  corr=-362.02W  u_ff=99.1W  PCAP→78W  power=77.2W
[PID] perf=27.602Hz  target=10.178Hz  err=-17.425Hz  corr=-363.14W  u_ff=99.1W  PCAP→78W  power=77.0W
[PID] perf=27.608Hz  target=10.178Hz  err=-17.431Hz  corr=-363.25W  u_ff=99.1W  PCAP→78W  power=77.0W
[PID] perf=27.594Hz  target=10.178Hz  err=-17.416Hz  corr=-362.98W  u_ff=99.1W  PCAP→78W  power=78.9W
[PID] perf=27.578Hz  target=10.178Hz  err=-17.400Hz  corr=-362.68W  u_ff=99.1W  PCAP→78W  power=79.2W
[PID] perf=27.574Hz  target=10.178Hz  err=-17.396Hz  corr=-362.60W  u_ff=99.1W  PCAP→78W  power=78.6W
[PID] perf=27.562Hz  target=10.178Hz  err=-17.385Hz  corr=-362.40W  u_ff=99.1W  PCAP→78W  power=78.6W
[PID] perf=27.535Hz  target=10.178Hz  err=-17.358Hz  corr=-361.89W  u_ff=99.1W  PCAP→78W  power=77.1W
[PID] perf=27.584Hz  target=10.178Hz  err=-17.407Hz  corr=-362.80W  u_ff=99.1W  PCAP→78W  power=77.6W
[PID] perf=27.603Hz  target=10.178Hz  err=-17.425Hz  corr=-363.15W  u_ff=99.1W  PCAP→78W  power=78.2W
[PID] perf=27.614Hz  target=10.178Hz  err=-17.436Hz  corr=-363.35W  u_ff=99.1W  PCAP→78W  power=76.7W
[PID] perf=27.615Hz  target=10.178Hz  err=-17.438Hz  corr=-363.38W  u_ff=99.1W  PCAP→78W  power=76.3W
[PID] perf=27.613Hz  target=10.178Hz  err=-17.436Hz  corr=-363.34W  u_ff=99.1W  PCAP→78W  power=79.1W
[PID] perf=27.591Hz  target=10.178Hz  err=-17.413Hz  corr=-362.93W  u_ff=99.1W  PCAP→78W  power=77.8W
[PID] perf=27.598Hz  target=10.178Hz  err=-17.421Hz  corr=-363.06W  u_ff=99.1W  PCAP→78W  power=78.9W
[PID] perf=27.584Hz  target=10.178Hz  err=-17.406Hz  corr=-362.79W  u_ff=99.1W  PCAP→78W  power=78.0W
[PID] perf=27.608Hz  target=10.178Hz  err=-17.430Hz  corr=-363.24W  u_ff=99.1W  PCAP→78W  power=77.6W
[PID] perf=27.595Hz  target=10.178Hz  err=-17.418Hz  corr=-363.01W  u_ff=99.1W  PCAP→78W  power=77.2W
[PID] perf=27.581Hz  target=10.178Hz  err=-17.404Hz  corr=-362.74W  u_ff=99.1W  PCAP→78W  power=77.2W
[PID] perf=27.573Hz  target=10.178Hz  err=-17.395Hz  corr=-362.59W  u_ff=99.1W  PCAP→78W  power=78.6W
[PID] perf=27.601Hz  target=10.178Hz  err=-17.424Hz  corr=-363.12W  u_ff=99.1W  PCAP→78W  power=78.6W
[PID] perf=27.579Hz  target=10.178Hz  err=-17.401Hz  corr=-362.70W  u_ff=99.1W  PCAP→78W  power=79.4W
[PID] perf=27.565Hz  target=10.178Hz  err=-17.388Hz  corr=-362.45W  u_ff=99.1W  PCAP→78W  power=78.8W
[PID] perf=27.594Hz  target=10.178Hz  err=-17.416Hz  corr=-362.98W  u_ff=99.1W  PCAP→78W  power=76.8W
[PID] perf=27.619Hz  target=10.178Hz  err=-17.442Hz  corr=-363.45W  u_ff=99.1W  PCAP→78W  power=77.6W
[PID] perf=27.618Hz  target=10.178Hz  err=-17.440Hz  corr=-363.42W  u_ff=99.1W  PCAP→78W  power=76.4W
[PID] perf=27.623Hz  target=10.178Hz  err=-17.445Hz  corr=-363.52W  u_ff=99.1W  PCAP→78W  power=79.0W
[PID] perf=27.602Hz  target=10.178Hz  err=-17.425Hz  corr=-363.13W  u_ff=99.1W  PCAP→78W  power=76.2W
[PID] perf=27.593Hz  target=10.178Hz  err=-17.415Hz  corr=-362.96W  u_ff=99.1W  PCAP→78W  power=77.2W
[PID] perf=27.596Hz  target=10.178Hz  err=-17.418Hz  corr=-363.01W  u_ff=99.1W  PCAP→78W  power=78.6W
[PID] perf=27.614Hz  target=10.178Hz  err=-17.436Hz  corr=-363.35W  u_ff=99.1W  PCAP→78W  power=77.4W
[PID] perf=27.582Hz  target=10.178Hz  err=-17.404Hz  corr=-362.75W  u_ff=99.1W  PCAP→78W  power=76.5W
[PID] perf=27.596Hz  target=10.178Hz  err=-17.419Hz  corr=-363.03W  u_ff=99.1W  PCAP→78W  power=79.1W
[PID] perf=27.611Hz  target=10.178Hz  err=-17.434Hz  corr=-363.31W  u_ff=99.1W  PCAP→78W  power=79.2W
[PID] perf=27.603Hz  target=10.178Hz  err=-17.426Hz  corr=-363.16W  u_ff=99.1W  PCAP→78W  power=79.2W
[PID] perf=27.599Hz  target=10.178Hz  err=-17.422Hz  corr=-363.08W  u_ff=99.1W  PCAP→78W  power=77.5W
[PID] perf=27.599Hz  target=10.178Hz  err=-17.421Hz  corr=-363.07W  u_ff=99.1W  PCAP→78W  power=77.0W
[PID] perf=27.602Hz  target=10.178Hz  err=-17.424Hz  corr=-363.12W  u_ff=99.1W  PCAP→78W  power=76.9W
[PID] perf=27.600Hz  target=10.178Hz  err=-17.423Hz  corr=-363.10W  u_ff=99.1W  PCAP→78W  power=77.4W
[PID] perf=27.605Hz  target=10.178Hz  err=-17.427Hz  corr=-363.18W  u_ff=99.1W  PCAP→78W  power=78.0W
[PID] perf=27.631Hz  target=10.178Hz  err=-17.454Hz  corr=-363.67W  u_ff=99.1W  PCAP→78W  power=78.1W
[PID] perf=27.628Hz  target=10.178Hz  err=-17.450Hz  corr=-363.61W  u_ff=99.1W  PCAP→78W  power=78.8W
[PID] perf=27.616Hz  target=10.178Hz  err=-17.439Hz  corr=-363.39W  u_ff=99.1W  PCAP→78W  power=76.9W
[PID] perf=26.729Hz  target=10.178Hz  err=-16.551Hz  corr=-346.94W  u_ff=99.1W  PCAP→78W  power=76.7W
[PID] perf=26.749Hz  target=10.178Hz  err=-16.572Hz  corr=-347.32W  u_ff=99.1W  PCAP→78W  power=78.9W
[PID] perf=26.778Hz  target=10.178Hz  err=-16.601Hz  corr=-347.86W  u_ff=99.1W  PCAP→78W  power=79.0W
[PID] perf=26.791Hz  target=10.178Hz  err=-16.614Hz  corr=-348.10W  u_ff=99.1W  PCAP→78W  power=77.6W
[PID] perf=26.797Hz  target=10.178Hz  err=-16.620Hz  corr=-348.21W  u_ff=99.1W  PCAP→78W  power=77.0W
[PID] perf=26.803Hz  target=10.178Hz  err=-16.625Hz  corr=-348.31W  u_ff=99.1W  PCAP→78W  power=76.9W
[PID] perf=26.797Hz  target=10.178Hz  err=-16.620Hz  corr=-348.21W  u_ff=99.1W  PCAP→78W  power=78.0W
[PID] perf=26.844Hz  target=10.178Hz  err=-16.667Hz  corr=-349.08W  u_ff=99.1W  PCAP→78W  power=79.2W
[PID] perf=26.823Hz  target=10.178Hz  err=-16.646Hz  corr=-348.69W  u_ff=99.1W  PCAP→78W  power=78.8W
[PID] perf=27.577Hz  target=10.178Hz  err=-17.399Hz  corr=-362.66W  u_ff=99.1W  PCAP→78W  power=79.1W
[PID] perf=27.600Hz  target=10.178Hz  err=-17.422Hz  corr=-363.09W  u_ff=99.1W  PCAP→78W  power=77.0W
[PID] perf=27.623Hz  target=10.178Hz  err=-17.445Hz  corr=-363.52W  u_ff=99.1W  PCAP→78W  power=77.7W
[PID] perf=27.618Hz  target=10.178Hz  err=-17.440Hz  corr=-363.42W  u_ff=99.1W  PCAP→78W  power=78.9W
[PID] perf=27.609Hz  target=10.178Hz  err=-17.431Hz  corr=-363.26W  u_ff=99.1W  PCAP→78W  power=78.0W
[PID] perf=27.599Hz  target=10.178Hz  err=-17.421Hz  corr=-363.07W  u_ff=99.1W  PCAP→78W  power=79.3W
[PID] perf=27.604Hz  target=10.178Hz  err=-17.427Hz  corr=-363.17W  u_ff=99.1W  PCAP→78W  power=76.3W
[PID] perf=27.632Hz  target=10.178Hz  err=-17.454Hz  corr=-363.68W  u_ff=99.1W  PCAP→78W  power=76.5W
[PID] perf=27.615Hz  target=10.178Hz  err=-17.438Hz  corr=-363.38W  u_ff=99.1W  PCAP→78W  power=76.9W
[PID] perf=27.626Hz  target=10.178Hz  err=-17.449Hz  corr=-363.58W  u_ff=99.1W  PCAP→78W  power=78.3W
[PID] perf=27.633Hz  target=10.178Hz  err=-17.456Hz  corr=-363.71W  u_ff=99.1W  PCAP→78W  power=78.8W
[PID] perf=27.646Hz  target=10.178Hz  err=-17.469Hz  corr=-363.96W  u_ff=99.1W  PCAP→78W  power=76.6W
[PID] perf=27.618Hz  target=10.178Hz  err=-17.440Hz  corr=-363.42W  u_ff=99.1W  PCAP→78W  power=78.1W
[PID] perf=27.616Hz  target=10.178Hz  err=-17.438Hz  corr=-363.39W  u_ff=99.1W  PCAP→78W  power=78.0W
[PID] perf=27.626Hz  target=10.178Hz  err=-17.449Hz  corr=-363.58W  u_ff=99.1W  PCAP→78W  power=78.0W
[PID] perf=27.611Hz  target=10.178Hz  err=-17.433Hz  corr=-363.29W  u_ff=99.1W  PCAP→78W  power=79.1W
[PID] perf=27.605Hz  target=10.178Hz  err=-17.428Hz  corr=-363.19W  u_ff=99.1W  PCAP→78W  power=78.6W
[PID] perf=27.600Hz  target=10.178Hz  err=-17.422Hz  corr=-363.09W  u_ff=99.1W  PCAP→78W  power=76.3W
[PID] perf=27.594Hz  target=10.178Hz  err=-17.416Hz  corr=-362.98W  u_ff=99.1W  PCAP→78W  power=79.0W
[PID] perf=27.574Hz  target=10.178Hz  err=-17.397Hz  corr=-362.61W  u_ff=99.1W  PCAP→78W  power=77.9W
[PID] perf=27.621Hz  target=10.178Hz  err=-17.444Hz  corr=-363.49W  u_ff=99.1W  PCAP→78W  power=78.4W
[PID] perf=27.617Hz  target=10.178Hz  err=-17.440Hz  corr=-363.41W  u_ff=99.1W  PCAP→78W  power=76.2W
[PID] perf=27.619Hz  target=10.178Hz  err=-17.441Hz  corr=-363.44W  u_ff=99.1W  PCAP→78W  power=77.6W
[PID] perf=27.567Hz  target=10.178Hz  err=-17.390Hz  corr=-362.49W  u_ff=99.1W  PCAP→78W  power=78.9W
[PID] perf=27.623Hz  target=10.178Hz  err=-17.446Hz  corr=-363.52W  u_ff=99.1W  PCAP→78W  power=78.3W
[PID] perf=27.639Hz  target=10.178Hz  err=-17.461Hz  corr=-363.82W  u_ff=99.1W  PCAP→78W  power=77.4W
[PID] perf=27.641Hz  target=10.178Hz  err=-17.464Hz  corr=-363.86W  u_ff=99.1W  PCAP→78W  power=77.4W
[PID] perf=27.626Hz  target=10.178Hz  err=-17.448Hz  corr=-363.57W  u_ff=99.1W  PCAP→78W  power=78.1W
[PID] perf=27.631Hz  target=10.178Hz  err=-17.453Hz  corr=-363.67W  u_ff=99.1W  PCAP→78W  power=78.7W
[PID] perf=27.633Hz  target=10.178Hz  err=-17.456Hz  corr=-363.71W  u_ff=99.1W  PCAP→78W  power=78.6W
[PID] perf=27.651Hz  target=10.178Hz  err=-17.474Hz  corr=-364.05W  u_ff=99.1W  PCAP→78W  power=76.3W
[PID] perf=27.617Hz  target=10.178Hz  err=-17.439Hz  corr=-363.41W  u_ff=99.1W  PCAP→78W  power=77.9W
[PID] perf=27.625Hz  target=10.178Hz  err=-17.447Hz  corr=-363.55W  u_ff=99.1W  PCAP→78W  power=78.5W
[PID] perf=27.633Hz  target=10.178Hz  err=-17.456Hz  corr=-363.71W  u_ff=99.1W  PCAP→78W  power=79.0W
[PID] perf=27.628Hz  target=10.178Hz  err=-17.451Hz  corr=-363.62W  u_ff=99.1W  PCAP→78W  power=76.5W
[PID] perf=27.637Hz  target=10.178Hz  err=-17.460Hz  corr=-363.78W  u_ff=99.1W  PCAP→78W  power=77.4W
[PID] perf=27.659Hz  target=10.178Hz  err=-17.482Hz  corr=-364.20W  u_ff=99.1W  PCAP→78W  power=76.9W
[PID] perf=27.659Hz  target=10.178Hz  err=-17.482Hz  corr=-364.20W  u_ff=99.1W  PCAP→78W  power=78.3W
[PID] perf=27.665Hz  target=10.178Hz  err=-17.487Hz  corr=-364.30W  u_ff=99.1W  PCAP→78W  power=79.1W
[PID] perf=27.678Hz  target=10.178Hz  err=-17.500Hz  corr=-364.53W  u_ff=99.1W  PCAP→78W  power=77.2W
[PID] perf=27.695Hz  target=10.178Hz  err=-17.517Hz  corr=-364.85W  u_ff=99.1W  PCAP→78W  power=76.5W
[PID] perf=27.647Hz  target=10.178Hz  err=-17.469Hz  corr=-363.96W  u_ff=99.1W  PCAP→78W  power=77.0W
[PID] perf=27.662Hz  target=10.178Hz  err=-17.484Hz  corr=-364.24W  u_ff=99.1W  PCAP→78W  power=77.8W
[PID] perf=27.653Hz  target=10.178Hz  err=-17.475Hz  corr=-364.07W  u_ff=99.1W  PCAP→78W  power=78.3W
[PID] perf=27.679Hz  target=10.178Hz  err=-17.501Hz  corr=-364.55W  u_ff=99.1W  PCAP→78W  power=77.7W
[PID] perf=27.641Hz  target=10.178Hz  err=-17.464Hz  corr=-363.86W  u_ff=99.1W  PCAP→78W  power=76.4W
[PID] perf=27.620Hz  target=10.178Hz  err=-17.443Hz  corr=-363.47W  u_ff=99.1W  PCAP→78W  power=78.8W
[PID] perf=27.626Hz  target=10.178Hz  err=-17.449Hz  corr=-363.58W  u_ff=99.1W  PCAP→78W  power=79.3W
[PID] perf=27.643Hz  target=10.178Hz  err=-17.466Hz  corr=-363.90W  u_ff=99.1W  PCAP→78W  power=78.9W
[PID] perf=27.639Hz  target=10.178Hz  err=-17.461Hz  corr=-363.82W  u_ff=99.1W  PCAP→78W  power=78.2W
[PID] perf=27.656Hz  target=10.178Hz  err=-17.478Hz  corr=-364.13W  u_ff=99.1W  PCAP→78W  power=78.8W
[PID] perf=27.654Hz  target=10.178Hz  err=-17.476Hz  corr=-364.09W  u_ff=99.1W  PCAP→78W  power=77.6W
[PID] perf=27.680Hz  target=10.178Hz  err=-17.503Hz  corr=-364.58W  u_ff=99.1W  PCAP→78W  power=76.5W
[PID] perf=27.630Hz  target=10.178Hz  err=-17.452Hz  corr=-363.64W  u_ff=99.1W  PCAP→78W  power=76.3W
[PID] perf=27.667Hz  target=10.178Hz  err=-17.490Hz  corr=-364.35W  u_ff=99.1W  PCAP→78W  power=78.7W
[PID] perf=27.644Hz  target=10.178Hz  err=-17.467Hz  corr=-363.91W  u_ff=99.1W  PCAP→78W  power=77.9W
[PID] perf=27.674Hz  target=10.178Hz  err=-17.497Hz  corr=-364.47W  u_ff=99.1W  PCAP→78W  power=77.0W
[PID] perf=27.662Hz  target=10.178Hz  err=-17.485Hz  corr=-364.25W  u_ff=99.1W  PCAP→78W  power=76.5W
[PID] perf=27.672Hz  target=10.178Hz  err=-17.494Hz  corr=-364.43W  u_ff=99.1W  PCAP→78W  power=78.1W
[PID] perf=27.621Hz  target=10.178Hz  err=-17.443Hz  corr=-363.48W  u_ff=99.1W  PCAP→78W  power=77.2W
[PID] perf=27.626Hz  target=10.178Hz  err=-17.449Hz  corr=-363.58W  u_ff=99.1W  PCAP→78W  power=77.3W
[PID] perf=27.627Hz  target=10.178Hz  err=-17.449Hz  corr=-363.59W  u_ff=99.1W  PCAP→78W  power=77.4W
[PID] perf=27.665Hz  target=10.178Hz  err=-17.487Hz  corr=-364.30W  u_ff=99.1W  PCAP→78W  power=77.2W
[PID] perf=27.665Hz  target=10.178Hz  err=-17.488Hz  corr=-364.30W  u_ff=99.1W  PCAP→78W  power=76.3W
[PID] perf=27.629Hz  target=10.178Hz  err=-17.451Hz  corr=-363.63W  u_ff=99.1W  PCAP→78W  power=76.9W
[PID] perf=27.629Hz  target=10.178Hz  err=-17.452Hz  corr=-363.64W  u_ff=99.1W  PCAP→78W  power=77.9W
[PID] perf=27.644Hz  target=10.178Hz  err=-17.466Hz  corr=-363.91W  u_ff=99.1W  PCAP→78W  power=78.6W
[PID] perf=27.613Hz  target=10.178Hz  err=-17.435Hz  corr=-363.33W  u_ff=99.1W  PCAP→78W  power=77.8W
[PID] perf=27.638Hz  target=10.178Hz  err=-17.460Hz  corr=-363.79W  u_ff=99.1W  PCAP→78W  power=77.4W
[PID] perf=27.630Hz  target=10.178Hz  err=-17.452Hz  corr=-363.64W  u_ff=99.1W  PCAP→78W  power=78.9W
[PID] perf=27.618Hz  target=10.178Hz  err=-17.441Hz  corr=-363.43W  u_ff=99.1W  PCAP→78W  power=78.1W
[PID] perf=27.618Hz  target=10.178Hz  err=-17.440Hz  corr=-363.43W  u_ff=99.1W  PCAP→78W  power=77.1W
[PID] perf=27.661Hz  target=10.178Hz  err=-17.483Hz  corr=-364.22W  u_ff=99.1W  PCAP→78W  power=76.8W
[PID] perf=27.608Hz  target=10.178Hz  err=-17.431Hz  corr=-363.25W  u_ff=99.1W  PCAP→78W  power=77.0W
[PID] perf=27.606Hz  target=10.178Hz  err=-17.429Hz  corr=-363.21W  u_ff=99.1W  PCAP→78W  power=77.0W
[PID] perf=27.618Hz  target=10.178Hz  err=-17.440Hz  corr=-363.42W  u_ff=99.1W  PCAP→78W  power=77.8W
[PID] perf=27.598Hz  target=10.178Hz  err=-17.421Hz  corr=-363.06W  u_ff=99.1W  PCAP→78W  power=77.1W
[PID] perf=27.636Hz  target=10.178Hz  err=-17.459Hz  corr=-363.77W  u_ff=99.1W  PCAP→78W  power=76.8W
[PID] perf=27.597Hz  target=10.178Hz  err=-17.419Hz  corr=-363.04W  u_ff=99.1W  PCAP→78W  power=78.8W
[PID] perf=27.651Hz  target=10.178Hz  err=-17.474Hz  corr=-364.04W  u_ff=99.1W  PCAP→78W  power=77.3W
[PID] perf=27.146Hz  target=10.178Hz  err=-16.969Hz  corr=-354.68W  u_ff=99.1W  PCAP→78W  power=78.2W
[PID] perf=26.839Hz  target=10.178Hz  err=-16.662Hz  corr=-348.99W  u_ff=99.1W  PCAP→78W  power=76.6W
[PID] perf=26.876Hz  target=10.178Hz  err=-16.698Hz  corr=-349.66W  u_ff=99.1W  PCAP→78W  power=77.5W
[PID] perf=26.886Hz  target=10.178Hz  err=-16.708Hz  corr=-349.85W  u_ff=99.1W  PCAP→78W  power=77.7W
[PID] perf=26.868Hz  target=10.178Hz  err=-16.690Hz  corr=-349.51W  u_ff=99.1W  PCAP→78W  power=78.0W
[PID] perf=27.614Hz  target=10.178Hz  err=-17.436Hz  corr=-363.35W  u_ff=99.1W  PCAP→78W  power=78.2W
[PID] perf=27.619Hz  target=10.178Hz  err=-17.442Hz  corr=-363.45W  u_ff=99.1W  PCAP→78W  power=76.3W
[PID] perf=27.633Hz  target=10.178Hz  err=-17.456Hz  corr=-363.71W  u_ff=99.1W  PCAP→78W  power=79.2W
[PID] perf=27.595Hz  target=10.178Hz  err=-17.418Hz  corr=-363.01W  u_ff=99.1W  PCAP→78W  power=78.4W
[PID] perf=27.604Hz  target=10.178Hz  err=-17.427Hz  corr=-363.17W  u_ff=99.1W  PCAP→78W  power=77.2W
[PID] perf=27.592Hz  target=10.178Hz  err=-17.414Hz  corr=-362.94W  u_ff=99.1W  PCAP→78W  power=77.6W
[PID] perf=27.618Hz  target=10.178Hz  err=-17.441Hz  corr=-363.43W  u_ff=99.1W  PCAP→78W  power=79.0W
[PID] perf=27.631Hz  target=10.178Hz  err=-17.453Hz  corr=-363.66W  u_ff=99.1W  PCAP→78W  power=77.8W
[PID] perf=27.627Hz  target=10.178Hz  err=-17.449Hz  corr=-363.59W  u_ff=99.1W  PCAP→78W  power=78.7W
[PID] perf=27.614Hz  target=10.178Hz  err=-17.436Hz  corr=-363.35W  u_ff=99.1W  PCAP→78W  power=77.1W
[PID] perf=27.607Hz  target=10.178Hz  err=-17.429Hz  corr=-363.22W  u_ff=99.1W  PCAP→78W  power=77.8W
[PID] perf=27.631Hz  target=10.178Hz  err=-17.453Hz  corr=-363.66W  u_ff=99.1W  PCAP→78W  power=79.3W
[PID] perf=27.616Hz  target=10.178Hz  err=-17.438Hz  corr=-363.39W  u_ff=99.1W  PCAP→78W  power=76.9W
[PID] perf=27.603Hz  target=10.178Hz  err=-17.425Hz  corr=-363.15W  u_ff=99.1W  PCAP→78W  power=77.9W
[PID] perf=27.595Hz  target=10.178Hz  err=-17.417Hz  corr=-363.00W  u_ff=99.1W  PCAP→78W  power=78.2W
[PID] perf=27.576Hz  target=10.178Hz  err=-17.398Hz  corr=-362.65W  u_ff=99.1W  PCAP→78W  power=79.2W
[PID] perf=27.595Hz  target=10.178Hz  err=-17.418Hz  corr=-363.00W  u_ff=99.1W  PCAP→78W  power=78.4W
[PID] perf=27.582Hz  target=10.178Hz  err=-17.405Hz  corr=-362.76W  u_ff=99.1W  PCAP→78W  power=78.6W
[PID] perf=27.591Hz  target=10.178Hz  err=-17.413Hz  corr=-362.92W  u_ff=99.1W  PCAP→78W  power=77.6W
[PID] perf=27.597Hz  target=10.178Hz  err=-17.420Hz  corr=-363.04W  u_ff=99.1W  PCAP→78W  power=79.2W
[PID] perf=27.611Hz  target=10.178Hz  err=-17.433Hz  corr=-363.30W  u_ff=99.1W  PCAP→78W  power=78.5W
[PID] perf=27.588Hz  target=10.178Hz  err=-17.410Hz  corr=-362.87W  u_ff=99.1W  PCAP→78W  power=78.1W
[PID] perf=27.606Hz  target=10.178Hz  err=-17.429Hz  corr=-363.21W  u_ff=99.1W  PCAP→78W  power=78.1W
[PID] perf=27.587Hz  target=10.178Hz  err=-17.410Hz  corr=-362.86W  u_ff=99.1W  PCAP→78W  power=76.9W
[PID] perf=27.592Hz  target=10.178Hz  err=-17.414Hz  corr=-362.94W  u_ff=99.1W  PCAP→78W  power=77.9W
Process completed.
Compressed into /home/cc/summer2024/main_codes/pid_controller/../experiment_data/PID_Control_sweep/ones-npb-cg/compressed_iteration_20260513_084957.tar
----------------------------------

>>> Step 3/3

[ones-npb-cg]
  target perf      : 10.1775 Hz
  coefficients_perf: [-0.0006547837485238978, 0.18607436314256556, -1.8317688501798497]
  feedforward PCAP : 99.10 W  →  101 W (snapped)
  Perf(u_ff) check : 10.1775 Hz  (should ≈ target)
  PID gains        : Kp=18.5447 W/Hz  Ki=1.85447 W/(Hz·s)  Kd=0.0000
[PID] Awaiting data — feedforward PCAP=101W
[PID] Awaiting data — feedforward PCAP=101W
[PID] Awaiting data — feedforward PCAP=101W
[PID] Awaiting data — feedforward PCAP=101W
[PID] Awaiting data — feedforward PCAP=101W
[PID] Awaiting data — feedforward PCAP=101W
[PID] perf=20.097Hz  target=10.178Hz  err=-9.919Hz  corr=-220.74W  u_ff=99.1W  PCAP→78W  power=nanW
[PID] perf=18.090Hz  target=10.178Hz  err=-7.913Hz  corr=-186.74W  u_ff=99.1W  PCAP→78W  power=77.0W
[PID] perf=18.126Hz  target=10.178Hz  err=-7.949Hz  corr=-187.40W  u_ff=99.1W  PCAP→78W  power=76.5W
[PID] perf=18.158Hz  target=10.178Hz  err=-7.980Hz  corr=-188.00W  u_ff=99.1W  PCAP→78W  power=77.5W
[PID] perf=18.160Hz  target=10.178Hz  err=-7.982Hz  corr=-188.03W  u_ff=99.1W  PCAP→78W  power=77.2W
[PID] perf=18.135Hz  target=10.178Hz  err=-7.957Hz  corr=-187.57W  u_ff=99.1W  PCAP→78W  power=78.1W
[PID] perf=18.156Hz  target=10.178Hz  err=-7.978Hz  corr=-187.96W  u_ff=99.1W  PCAP→78W  power=76.9W
[PID] perf=18.186Hz  target=10.178Hz  err=-8.008Hz  corr=-188.51W  u_ff=99.1W  PCAP→78W  power=77.5W
[PID] perf=18.190Hz  target=10.178Hz  err=-8.012Hz  corr=-188.59W  u_ff=99.1W  PCAP→78W  power=77.2W
[PID] perf=18.187Hz  target=10.178Hz  err=-8.009Hz  corr=-188.53W  u_ff=99.1W  PCAP→78W  power=77.7W
[PID] perf=18.169Hz  target=10.178Hz  err=-7.991Hz  corr=-188.19W  u_ff=99.1W  PCAP→78W  power=77.8W
[PID] perf=18.169Hz  target=10.178Hz  err=-7.992Hz  corr=-188.20W  u_ff=99.1W  PCAP→78W  power=77.2W
[PID] perf=18.201Hz  target=10.178Hz  err=-8.023Hz  corr=-188.79W  u_ff=99.1W  PCAP→78W  power=79.0W
[PID] perf=18.158Hz  target=10.178Hz  err=-7.980Hz  corr=-187.99W  u_ff=99.1W  PCAP→78W  power=78.0W
[PID] perf=18.114Hz  target=10.178Hz  err=-7.937Hz  corr=-187.18W  u_ff=99.1W  PCAP→78W  power=77.8W
[PID] perf=18.168Hz  target=10.178Hz  err=-7.991Hz  corr=-188.19W  u_ff=99.1W  PCAP→78W  power=77.1W
[PID] perf=18.173Hz  target=10.178Hz  err=-7.996Hz  corr=-188.27W  u_ff=99.1W  PCAP→78W  power=77.1W
[PID] perf=18.165Hz  target=10.178Hz  err=-7.987Hz  corr=-188.12W  u_ff=99.1W  PCAP→78W  power=78.5W
[PID] perf=18.190Hz  target=10.178Hz  err=-8.013Hz  corr=-188.59W  u_ff=99.1W  PCAP→78W  power=76.4W
[PID] perf=18.150Hz  target=10.178Hz  err=-7.973Hz  corr=-187.85W  u_ff=99.1W  PCAP→78W  power=76.6W
[PID] perf=18.171Hz  target=10.178Hz  err=-7.993Hz  corr=-188.23W  u_ff=99.1W  PCAP→78W  power=79.0W
[PID] perf=18.176Hz  target=10.178Hz  err=-7.999Hz  corr=-188.33W  u_ff=99.1W  PCAP→78W  power=76.4W
[PID] perf=18.170Hz  target=10.178Hz  err=-7.993Hz  corr=-188.22W  u_ff=99.1W  PCAP→78W  power=76.9W
[PID] perf=18.170Hz  target=10.178Hz  err=-7.992Hz  corr=-188.21W  u_ff=99.1W  PCAP→78W  power=77.9W
[PID] perf=18.168Hz  target=10.178Hz  err=-7.990Hz  corr=-188.18W  u_ff=99.1W  PCAP→78W  power=77.0W
[PID] perf=18.145Hz  target=10.178Hz  err=-7.967Hz  corr=-187.75W  u_ff=99.1W  PCAP→78W  power=77.2W
[PID] perf=18.179Hz  target=10.178Hz  err=-8.001Hz  corr=-188.38W  u_ff=99.1W  PCAP→78W  power=77.6W
[PID] perf=18.156Hz  target=10.178Hz  err=-7.979Hz  corr=-187.96W  u_ff=99.1W  PCAP→78W  power=78.2W
[PID] perf=18.167Hz  target=10.178Hz  err=-7.990Hz  corr=-188.17W  u_ff=99.1W  PCAP→78W  power=78.9W
[PID] perf=18.159Hz  target=10.178Hz  err=-7.982Hz  corr=-188.02W  u_ff=99.1W  PCAP→78W  power=77.1W
[PID] perf=18.146Hz  target=10.178Hz  err=-7.969Hz  corr=-187.77W  u_ff=99.1W  PCAP→78W  power=76.3W
[PID] perf=18.167Hz  target=10.178Hz  err=-7.989Hz  corr=-188.16W  u_ff=99.1W  PCAP→78W  power=77.9W
[PID] perf=18.182Hz  target=10.178Hz  err=-8.004Hz  corr=-188.44W  u_ff=99.1W  PCAP→78W  power=77.8W
[PID] perf=18.147Hz  target=10.178Hz  err=-7.970Hz  corr=-187.80W  u_ff=99.1W  PCAP→78W  power=77.6W
[PID] perf=18.172Hz  target=10.178Hz  err=-7.995Hz  corr=-188.26W  u_ff=99.1W  PCAP→78W  power=79.5W
[PID] perf=18.165Hz  target=10.178Hz  err=-7.988Hz  corr=-188.13W  u_ff=99.1W  PCAP→78W  power=78.1W
[PID] perf=23.984Hz  target=10.178Hz  err=-13.806Hz  corr=-296.04W  u_ff=99.1W  PCAP→78W  power=78.8W
[PID] perf=29.055Hz  target=10.178Hz  err=-18.877Hz  corr=-390.07W  u_ff=99.1W  PCAP→78W  power=76.3W
[PID] perf=29.366Hz  target=10.178Hz  err=-19.188Hz  corr=-395.84W  u_ff=99.1W  PCAP→78W  power=77.7W
[PID] perf=29.391Hz  target=10.178Hz  err=-19.214Hz  corr=-396.32W  u_ff=99.1W  PCAP→78W  power=78.2W
[PID] perf=29.402Hz  target=10.178Hz  err=-19.225Hz  corr=-396.52W  u_ff=99.1W  PCAP→78W  power=77.7W
[PID] perf=29.400Hz  target=10.178Hz  err=-19.223Hz  corr=-396.48W  u_ff=99.1W  PCAP→78W  power=77.2W
[PID] perf=29.394Hz  target=10.178Hz  err=-19.217Hz  corr=-396.37W  u_ff=99.1W  PCAP→78W  power=76.8W
[PID] perf=29.444Hz  target=10.178Hz  err=-19.267Hz  corr=-397.30W  u_ff=99.1W  PCAP→78W  power=77.2W
[PID] perf=29.403Hz  target=10.178Hz  err=-19.225Hz  corr=-396.53W  u_ff=99.1W  PCAP→78W  power=79.1W
[PID] perf=29.382Hz  target=10.178Hz  err=-19.205Hz  corr=-396.15W  u_ff=99.1W  PCAP→78W  power=78.2W
[PID] perf=29.417Hz  target=10.178Hz  err=-19.240Hz  corr=-396.80W  u_ff=99.1W  PCAP→78W  power=78.5W
[PID] perf=29.427Hz  target=10.178Hz  err=-19.249Hz  corr=-396.97W  u_ff=99.1W  PCAP→78W  power=76.6W
[PID] perf=29.411Hz  target=10.178Hz  err=-19.234Hz  corr=-396.68W  u_ff=99.1W  PCAP→78W  power=78.7W
[PID] perf=29.400Hz  target=10.178Hz  err=-19.223Hz  corr=-396.48W  u_ff=99.1W  PCAP→78W  power=78.9W
[PID] perf=29.415Hz  target=10.178Hz  err=-19.237Hz  corr=-396.75W  u_ff=99.1W  PCAP→78W  power=78.4W
[PID] perf=29.412Hz  target=10.178Hz  err=-19.235Hz  corr=-396.70W  u_ff=99.1W  PCAP→78W  power=78.7W
[PID] perf=29.400Hz  target=10.178Hz  err=-19.223Hz  corr=-396.48W  u_ff=99.1W  PCAP→78W  power=78.6W
[PID] perf=29.418Hz  target=10.178Hz  err=-19.240Hz  corr=-396.80W  u_ff=99.1W  PCAP→78W  power=79.2W
[PID] perf=29.398Hz  target=10.178Hz  err=-19.220Hz  corr=-396.43W  u_ff=99.1W  PCAP→78W  power=78.4W
[PID] perf=29.388Hz  target=10.178Hz  err=-19.210Hz  corr=-396.25W  u_ff=99.1W  PCAP→78W  power=77.9W
[PID] perf=29.395Hz  target=10.178Hz  err=-19.217Hz  corr=-396.38W  u_ff=99.1W  PCAP→78W  power=77.9W
[PID] perf=29.391Hz  target=10.178Hz  err=-19.213Hz  corr=-396.30W  u_ff=99.1W  PCAP→78W  power=79.3W
[PID] perf=29.388Hz  target=10.178Hz  err=-19.210Hz  corr=-396.25W  u_ff=99.1W  PCAP→78W  power=79.1W
[PID] perf=29.390Hz  target=10.178Hz  err=-19.212Hz  corr=-396.29W  u_ff=99.1W  PCAP→78W  power=77.4W
[PID] perf=29.379Hz  target=10.178Hz  err=-19.201Hz  corr=-396.08W  u_ff=99.1W  PCAP→78W  power=77.5W
[PID] perf=29.405Hz  target=10.178Hz  err=-19.227Hz  corr=-396.56W  u_ff=99.1W  PCAP→78W  power=77.6W
[PID] perf=29.412Hz  target=10.178Hz  err=-19.234Hz  corr=-396.69W  u_ff=99.1W  PCAP→78W  power=79.1W
[PID] perf=29.389Hz  target=10.178Hz  err=-19.211Hz  corr=-396.27W  u_ff=99.1W  PCAP→78W  power=78.6W
[PID] perf=29.410Hz  target=10.178Hz  err=-19.232Hz  corr=-396.66W  u_ff=99.1W  PCAP→78W  power=78.9W
[PID] perf=29.411Hz  target=10.178Hz  err=-19.234Hz  corr=-396.68W  u_ff=99.1W  PCAP→78W  power=77.7W
[PID] perf=29.425Hz  target=10.178Hz  err=-19.247Hz  corr=-396.93W  u_ff=99.1W  PCAP→78W  power=77.4W
[PID] perf=29.416Hz  target=10.178Hz  err=-19.238Hz  corr=-396.77W  u_ff=99.1W  PCAP→78W  power=77.8W
[PID] perf=29.395Hz  target=10.178Hz  err=-19.218Hz  corr=-396.39W  u_ff=99.1W  PCAP→78W  power=77.1W
[PID] perf=29.405Hz  target=10.178Hz  err=-19.227Hz  corr=-396.56W  u_ff=99.1W  PCAP→78W  power=79.1W
[PID] perf=29.437Hz  target=10.178Hz  err=-19.260Hz  corr=-397.17W  u_ff=99.1W  PCAP→78W  power=78.7W
[PID] perf=29.419Hz  target=10.178Hz  err=-19.241Hz  corr=-396.82W  u_ff=99.1W  PCAP→78W  power=78.2W
[PID] perf=29.398Hz  target=10.178Hz  err=-19.221Hz  corr=-396.44W  u_ff=99.1W  PCAP→78W  power=78.9W
[PID] perf=29.392Hz  target=10.178Hz  err=-19.214Hz  corr=-396.32W  u_ff=99.1W  PCAP→78W  power=76.8W
[PID] perf=29.395Hz  target=10.178Hz  err=-19.218Hz  corr=-396.39W  u_ff=99.1W  PCAP→78W  power=77.0W
[PID] perf=29.396Hz  target=10.178Hz  err=-19.219Hz  corr=-396.40W  u_ff=99.1W  PCAP→78W  power=77.8W
[PID] perf=29.416Hz  target=10.178Hz  err=-19.238Hz  corr=-396.77W  u_ff=99.1W  PCAP→78W  power=78.8W
[PID] perf=29.397Hz  target=10.178Hz  err=-19.220Hz  corr=-396.42W  u_ff=99.1W  PCAP→78W  power=78.9W
[PID] perf=29.355Hz  target=10.178Hz  err=-19.178Hz  corr=-395.65W  u_ff=99.1W  PCAP→78W  power=79.1W
[PID] perf=29.384Hz  target=10.178Hz  err=-19.207Hz  corr=-396.18W  u_ff=99.1W  PCAP→78W  power=79.4W
[PID] perf=29.404Hz  target=10.178Hz  err=-19.226Hz  corr=-396.55W  u_ff=99.1W  PCAP→78W  power=78.8W
[PID] perf=29.400Hz  target=10.178Hz  err=-19.222Hz  corr=-396.47W  u_ff=99.1W  PCAP→78W  power=77.7W
[PID] perf=29.357Hz  target=10.178Hz  err=-19.180Hz  corr=-395.68W  u_ff=99.1W  PCAP→78W  power=77.3W
[PID] perf=29.389Hz  target=10.178Hz  err=-19.212Hz  corr=-396.28W  u_ff=99.1W  PCAP→78W  power=78.4W
[PID] perf=29.401Hz  target=10.178Hz  err=-19.223Hz  corr=-396.49W  u_ff=99.1W  PCAP→78W  power=78.4W
[PID] perf=29.377Hz  target=10.178Hz  err=-19.200Hz  corr=-396.05W  u_ff=99.1W  PCAP→78W  power=77.6W
[PID] perf=29.344Hz  target=10.178Hz  err=-19.166Hz  corr=-395.44W  u_ff=99.1W  PCAP→78W  power=78.1W
[PID] perf=29.379Hz  target=10.178Hz  err=-19.201Hz  corr=-396.08W  u_ff=99.1W  PCAP→78W  power=79.8W
[PID] perf=29.409Hz  target=10.178Hz  err=-19.231Hz  corr=-396.63W  u_ff=99.1W  PCAP→78W  power=77.2W
[PID] perf=27.284Hz  target=10.178Hz  err=-17.106Hz  corr=-357.23W  u_ff=99.1W  PCAP→78W  power=77.2W
[PID] perf=27.382Hz  target=10.178Hz  err=-17.205Hz  corr=-359.06W  u_ff=99.1W  PCAP→78W  power=77.1W
[PID] perf=27.386Hz  target=10.178Hz  err=-17.209Hz  corr=-359.13W  u_ff=99.1W  PCAP→78W  power=76.7W
[PID] perf=27.439Hz  target=10.178Hz  err=-17.262Hz  corr=-360.11W  u_ff=99.1W  PCAP→78W  power=77.9W
[PID] perf=25.773Hz  target=10.178Hz  err=-15.595Hz  corr=-329.20W  u_ff=99.1W  PCAP→78W  power=77.1W
[PID] perf=25.938Hz  target=10.178Hz  err=-15.761Hz  corr=-332.28W  u_ff=99.1W  PCAP→78W  power=77.8W
[PID] perf=26.078Hz  target=10.178Hz  err=-15.900Hz  corr=-334.87W  u_ff=99.1W  PCAP→78W  power=76.9W
[PID] perf=26.105Hz  target=10.178Hz  err=-15.927Hz  corr=-335.36W  u_ff=99.1W  PCAP→78W  power=79.0W
[PID] perf=26.143Hz  target=10.178Hz  err=-15.965Hz  corr=-336.07W  u_ff=99.1W  PCAP→78W  power=78.6W
[PID] perf=26.119Hz  target=10.178Hz  err=-15.942Hz  corr=-335.64W  u_ff=99.1W  PCAP→78W  power=79.4W
[PID] perf=26.107Hz  target=10.178Hz  err=-15.930Hz  corr=-335.41W  u_ff=99.1W  PCAP→78W  power=78.9W
[PID] perf=26.107Hz  target=10.178Hz  err=-15.930Hz  corr=-335.41W  u_ff=99.1W  PCAP→78W  power=76.9W
[PID] perf=26.103Hz  target=10.178Hz  err=-15.925Hz  corr=-335.33W  u_ff=99.1W  PCAP→78W  power=76.2W
[PID] perf=26.133Hz  target=10.178Hz  err=-15.956Hz  corr=-335.89W  u_ff=99.1W  PCAP→78W  power=77.0W
[PID] perf=26.142Hz  target=10.178Hz  err=-15.965Hz  corr=-336.06W  u_ff=99.1W  PCAP→78W  power=78.4W
[PID] perf=26.131Hz  target=10.178Hz  err=-15.953Hz  corr=-335.84W  u_ff=99.1W  PCAP→78W  power=77.9W
[PID] perf=26.152Hz  target=10.178Hz  err=-15.974Hz  corr=-336.24W  u_ff=99.1W  PCAP→78W  power=78.4W
[PID] perf=26.213Hz  target=10.178Hz  err=-16.035Hz  corr=-337.37W  u_ff=99.1W  PCAP→78W  power=76.3W
[PID] perf=26.191Hz  target=10.178Hz  err=-16.013Hz  corr=-336.96W  u_ff=99.1W  PCAP→78W  power=77.1W
[PID] perf=26.124Hz  target=10.178Hz  err=-15.947Hz  corr=-335.73W  u_ff=99.1W  PCAP→78W  power=78.9W
[PID] perf=26.190Hz  target=10.178Hz  err=-16.013Hz  corr=-336.95W  u_ff=99.1W  PCAP→78W  power=77.5W
[PID] perf=26.153Hz  target=10.178Hz  err=-15.976Hz  corr=-336.26W  u_ff=99.1W  PCAP→78W  power=76.6W
[PID] perf=26.154Hz  target=10.178Hz  err=-15.977Hz  corr=-336.29W  u_ff=99.1W  PCAP→78W  power=77.6W
[PID] perf=26.149Hz  target=10.178Hz  err=-15.972Hz  corr=-336.19W  u_ff=99.1W  PCAP→78W  power=78.0W
[PID] perf=26.156Hz  target=10.178Hz  err=-15.979Hz  corr=-336.32W  u_ff=99.1W  PCAP→78W  power=79.1W
[PID] perf=26.168Hz  target=10.178Hz  err=-15.990Hz  corr=-336.53W  u_ff=99.1W  PCAP→78W  power=78.0W
[PID] perf=26.169Hz  target=10.178Hz  err=-15.992Hz  corr=-336.56W  u_ff=99.1W  PCAP→78W  power=77.6W
[PID] perf=26.154Hz  target=10.178Hz  err=-15.976Hz  corr=-336.27W  u_ff=99.1W  PCAP→78W  power=77.4W
[PID] perf=26.166Hz  target=10.178Hz  err=-15.988Hz  corr=-336.50W  u_ff=99.1W  PCAP→78W  power=76.8W
[PID] perf=26.185Hz  target=10.178Hz  err=-16.008Hz  corr=-336.86W  u_ff=99.1W  PCAP→78W  power=76.8W
[PID] perf=26.217Hz  target=10.178Hz  err=-16.040Hz  corr=-337.46W  u_ff=99.1W  PCAP→78W  power=76.9W
[PID] perf=26.168Hz  target=10.178Hz  err=-15.991Hz  corr=-336.55W  u_ff=99.1W  PCAP→78W  power=78.9W
[PID] perf=26.185Hz  target=10.178Hz  err=-16.007Hz  corr=-336.85W  u_ff=99.1W  PCAP→78W  power=78.0W
[PID] perf=26.153Hz  target=10.178Hz  err=-15.975Hz  corr=-336.25W  u_ff=99.1W  PCAP→78W  power=76.3W
[PID] perf=26.167Hz  target=10.178Hz  err=-15.990Hz  corr=-336.53W  u_ff=99.1W  PCAP→78W  power=77.0W
[PID] perf=26.188Hz  target=10.178Hz  err=-16.010Hz  corr=-336.90W  u_ff=99.1W  PCAP→78W  power=78.6W
[PID] perf=26.214Hz  target=10.178Hz  err=-16.037Hz  corr=-337.40W  u_ff=99.1W  PCAP→78W  power=77.9W
[PID] perf=26.177Hz  target=10.178Hz  err=-15.999Hz  corr=-336.71W  u_ff=99.1W  PCAP→78W  power=76.8W
[PID] perf=26.129Hz  target=10.178Hz  err=-15.951Hz  corr=-335.81W  u_ff=99.1W  PCAP→78W  power=79.2W
[PID] perf=26.181Hz  target=10.178Hz  err=-16.004Hz  corr=-336.79W  u_ff=99.1W  PCAP→78W  power=78.0W
[PID] perf=26.167Hz  target=10.178Hz  err=-15.990Hz  corr=-336.53W  u_ff=99.1W  PCAP→78W  power=77.4W
[PID] perf=26.170Hz  target=10.178Hz  err=-15.993Hz  corr=-336.58W  u_ff=99.1W  PCAP→78W  power=79.1W
[PID] perf=26.176Hz  target=10.178Hz  err=-15.999Hz  corr=-336.69W  u_ff=99.1W  PCAP→78W  power=78.9W
[PID] perf=26.144Hz  target=10.178Hz  err=-15.967Hz  corr=-336.10W  u_ff=99.1W  PCAP→78W  power=77.8W
[PID] perf=26.138Hz  target=10.178Hz  err=-15.961Hz  corr=-335.99W  u_ff=99.1W  PCAP→78W  power=76.6W
[PID] perf=26.200Hz  target=10.178Hz  err=-16.023Hz  corr=-337.14W  u_ff=99.1W  PCAP→78W  power=78.6W
[PID] perf=26.178Hz  target=10.178Hz  err=-16.000Hz  corr=-336.72W  u_ff=99.1W  PCAP→78W  power=78.9W
[PID] perf=26.175Hz  target=10.178Hz  err=-15.997Hz  corr=-336.66W  u_ff=99.1W  PCAP→78W  power=76.2W
[PID] perf=26.201Hz  target=10.178Hz  err=-16.023Hz  corr=-337.14W  u_ff=99.1W  PCAP→78W  power=78.9W
[PID] perf=26.201Hz  target=10.178Hz  err=-16.023Hz  corr=-337.14W  u_ff=99.1W  PCAP→78W  power=76.6W
[PID] perf=26.180Hz  target=10.178Hz  err=-16.002Hz  corr=-336.75W  u_ff=99.1W  PCAP→78W  power=78.5W
[PID] perf=26.172Hz  target=10.178Hz  err=-15.994Hz  corr=-336.61W  u_ff=99.1W  PCAP→78W  power=76.8W
[PID] perf=26.190Hz  target=10.178Hz  err=-16.012Hz  corr=-336.94W  u_ff=99.1W  PCAP→78W  power=76.7W
[PID] perf=26.184Hz  target=10.178Hz  err=-16.006Hz  corr=-336.83W  u_ff=99.1W  PCAP→78W  power=78.4W
[PID] perf=26.191Hz  target=10.178Hz  err=-16.014Hz  corr=-336.97W  u_ff=99.1W  PCAP→78W  power=77.6W
[PID] perf=26.207Hz  target=10.178Hz  err=-16.030Hz  corr=-337.26W  u_ff=99.1W  PCAP→78W  power=79.1W
[PID] perf=26.186Hz  target=10.178Hz  err=-16.009Hz  corr=-336.87W  u_ff=99.1W  PCAP→78W  power=78.8W
[PID] perf=26.152Hz  target=10.178Hz  err=-15.975Hz  corr=-336.25W  u_ff=99.1W  PCAP→78W  power=77.8W
[PID] perf=26.154Hz  target=10.178Hz  err=-15.977Hz  corr=-336.28W  u_ff=99.1W  PCAP→78W  power=78.4W
[PID] perf=26.165Hz  target=10.178Hz  err=-15.988Hz  corr=-336.49W  u_ff=99.1W  PCAP→78W  power=77.0W
[PID] perf=26.185Hz  target=10.178Hz  err=-16.007Hz  corr=-336.85W  u_ff=99.1W  PCAP→78W  power=78.1W
[PID] perf=26.173Hz  target=10.178Hz  err=-15.996Hz  corr=-336.64W  u_ff=99.1W  PCAP→78W  power=77.1W
[PID] perf=26.164Hz  target=10.178Hz  err=-15.986Hz  corr=-336.46W  u_ff=99.1W  PCAP→78W  power=77.5W
[PID] perf=26.185Hz  target=10.178Hz  err=-16.008Hz  corr=-336.86W  u_ff=99.1W  PCAP→78W  power=78.8W
[PID] perf=26.181Hz  target=10.178Hz  err=-16.003Hz  corr=-336.78W  u_ff=99.1W  PCAP→78W  power=78.3W
[PID] perf=26.179Hz  target=10.178Hz  err=-16.001Hz  corr=-336.74W  u_ff=99.1W  PCAP→78W  power=77.0W
[PID] perf=26.179Hz  target=10.178Hz  err=-16.002Hz  corr=-336.75W  u_ff=99.1W  PCAP→78W  power=78.9W
[PID] perf=26.200Hz  target=10.178Hz  err=-16.023Hz  corr=-337.14W  u_ff=99.1W  PCAP→78W  power=78.2W
[PID] perf=26.165Hz  target=10.178Hz  err=-15.987Hz  corr=-336.48W  u_ff=99.1W  PCAP→78W  power=76.1W
[PID] perf=26.143Hz  target=10.178Hz  err=-15.965Hz  corr=-336.07W  u_ff=99.1W  PCAP→78W  power=77.9W
[PID] perf=26.175Hz  target=10.178Hz  err=-15.998Hz  corr=-336.68W  u_ff=99.1W  PCAP→78W  power=77.1W
[PID] perf=26.154Hz  target=10.178Hz  err=-15.976Hz  corr=-336.28W  u_ff=99.1W  PCAP→78W  power=76.3W
[PID] perf=26.172Hz  target=10.178Hz  err=-15.994Hz  corr=-336.61W  u_ff=99.1W  PCAP→78W  power=77.4W
[PID] perf=26.172Hz  target=10.178Hz  err=-15.995Hz  corr=-336.61W  u_ff=99.1W  PCAP→78W  power=78.7W
[PID] perf=26.178Hz  target=10.178Hz  err=-16.000Hz  corr=-336.72W  u_ff=99.1W  PCAP→78W  power=76.4W
[PID] perf=26.169Hz  target=10.178Hz  err=-15.991Hz  corr=-336.56W  u_ff=99.1W  PCAP→78W  power=77.5W
[PID] perf=26.153Hz  target=10.178Hz  err=-15.976Hz  corr=-336.27W  u_ff=99.1W  PCAP→78W  power=79.0W
[PID] perf=26.223Hz  target=10.178Hz  err=-16.045Hz  corr=-337.55W  u_ff=99.1W  PCAP→78W  power=78.7W
[PID] perf=26.258Hz  target=10.178Hz  err=-16.080Hz  corr=-338.20W  u_ff=99.1W  PCAP→78W  power=78.5W
[PID] perf=26.254Hz  target=10.178Hz  err=-16.077Hz  corr=-338.14W  u_ff=99.1W  PCAP→78W  power=76.3W
[PID] perf=26.105Hz  target=10.178Hz  err=-15.927Hz  corr=-335.37W  u_ff=99.1W  PCAP→78W  power=76.9W
[PID] perf=26.145Hz  target=10.178Hz  err=-15.968Hz  corr=-336.11W  u_ff=99.1W  PCAP→78W  power=78.8W
[PID] perf=26.130Hz  target=10.178Hz  err=-15.952Hz  corr=-335.83W  u_ff=99.1W  PCAP→78W  power=79.2W
[PID] perf=26.117Hz  target=10.178Hz  err=-15.939Hz  corr=-335.59W  u_ff=99.1W  PCAP→78W  power=77.2W
[PID] perf=26.116Hz  target=10.178Hz  err=-15.938Hz  corr=-335.57W  u_ff=99.1W  PCAP→78W  power=79.3W
[PID] perf=26.266Hz  target=10.178Hz  err=-16.089Hz  corr=-338.36W  u_ff=99.1W  PCAP→78W  power=77.8W
[PID] perf=26.208Hz  target=10.178Hz  err=-16.031Hz  corr=-337.28W  u_ff=99.1W  PCAP→78W  power=78.5W
[PID] perf=26.199Hz  target=10.178Hz  err=-16.022Hz  corr=-337.11W  u_ff=99.1W  PCAP→78W  power=78.7W
[PID] perf=26.230Hz  target=10.178Hz  err=-16.052Hz  corr=-337.69W  u_ff=99.1W  PCAP→78W  power=76.2W
[PID] perf=26.194Hz  target=10.178Hz  err=-16.017Hz  corr=-337.03W  u_ff=99.1W  PCAP→78W  power=78.2W
[PID] perf=26.194Hz  target=10.178Hz  err=-16.016Hz  corr=-337.02W  u_ff=99.1W  PCAP→78W  power=77.0W
[PID] perf=26.205Hz  target=10.178Hz  err=-16.028Hz  corr=-337.23W  u_ff=99.1W  PCAP→78W  power=77.3W
[PID] perf=26.175Hz  target=10.178Hz  err=-15.998Hz  corr=-336.67W  u_ff=99.1W  PCAP→78W  power=78.3W
[PID] perf=26.146Hz  target=10.178Hz  err=-15.968Hz  corr=-336.13W  u_ff=99.1W  PCAP→78W  power=78.6W
[PID] perf=26.180Hz  target=10.178Hz  err=-16.003Hz  corr=-336.77W  u_ff=99.1W  PCAP→78W  power=77.2W
[PID] perf=26.193Hz  target=10.178Hz  err=-16.015Hz  corr=-337.00W  u_ff=99.1W  PCAP→78W  power=76.5W
[PID] perf=26.295Hz  target=10.178Hz  err=-16.117Hz  corr=-338.89W  u_ff=99.1W  PCAP→78W  power=77.1W
[PID] perf=26.553Hz  target=10.178Hz  err=-16.376Hz  corr=-343.68W  u_ff=99.1W  PCAP→78W  power=77.5W
[PID] perf=26.574Hz  target=10.178Hz  err=-16.397Hz  corr=-344.07W  u_ff=99.1W  PCAP→78W  power=77.3W
[PID] perf=26.583Hz  target=10.178Hz  err=-16.405Hz  corr=-344.23W  u_ff=99.1W  PCAP→78W  power=77.4W
[PID] perf=26.607Hz  target=10.178Hz  err=-16.429Hz  corr=-344.67W  u_ff=99.1W  PCAP→78W  power=77.2W
[PID] perf=26.536Hz  target=10.178Hz  err=-16.359Hz  corr=-343.37W  u_ff=99.1W  PCAP→78W  power=78.6W
[PID] perf=26.577Hz  target=10.178Hz  err=-16.400Hz  corr=-344.13W  u_ff=99.1W  PCAP→78W  power=77.6W
[PID] perf=26.568Hz  target=10.178Hz  err=-16.391Hz  corr=-343.96W  u_ff=99.1W  PCAP→78W  power=78.7W
[PID] perf=26.583Hz  target=10.178Hz  err=-16.405Hz  corr=-344.23W  u_ff=99.1W  PCAP→78W  power=78.7W
[PID] perf=26.591Hz  target=10.178Hz  err=-16.413Hz  corr=-344.38W  u_ff=99.1W  PCAP→78W  power=77.9W
[PID] perf=26.570Hz  target=10.178Hz  err=-16.393Hz  corr=-344.00W  u_ff=99.1W  PCAP→78W  power=76.5W
[PID] perf=26.085Hz  target=10.178Hz  err=-15.908Hz  corr=-335.00W  u_ff=99.1W  PCAP→78W  power=77.5W
[PID] perf=26.125Hz  target=10.178Hz  err=-15.948Hz  corr=-335.75W  u_ff=99.1W  PCAP→78W  power=77.2W
[PID] perf=26.150Hz  target=10.178Hz  err=-15.972Hz  corr=-336.20W  u_ff=99.1W  PCAP→78W  power=78.7W
[PID] perf=26.148Hz  target=10.178Hz  err=-15.971Hz  corr=-336.17W  u_ff=99.1W  PCAP→78W  power=77.9W
[PID] perf=26.182Hz  target=10.178Hz  err=-16.005Hz  corr=-336.80W  u_ff=99.1W  PCAP→78W  power=77.3W
[PID] perf=26.132Hz  target=10.178Hz  err=-15.955Hz  corr=-335.88W  u_ff=99.1W  PCAP→78W  power=78.7W
[PID] perf=26.139Hz  target=10.178Hz  err=-15.962Hz  corr=-336.00W  u_ff=99.1W  PCAP→78W  power=79.0W
[PID] perf=26.180Hz  target=10.178Hz  err=-16.003Hz  corr=-336.76W  u_ff=99.1W  PCAP→78W  power=77.6W
[PID] perf=26.170Hz  target=10.178Hz  err=-15.993Hz  corr=-336.58W  u_ff=99.1W  PCAP→78W  power=76.8W
[PID] perf=26.164Hz  target=10.178Hz  err=-15.986Hz  corr=-336.46W  u_ff=99.1W  PCAP→78W  power=79.1W
[PID] perf=26.168Hz  target=10.178Hz  err=-15.990Hz  corr=-336.54W  u_ff=99.1W  PCAP→78W  power=79.2W
[PID] perf=26.149Hz  target=10.178Hz  err=-15.972Hz  corr=-336.19W  u_ff=99.1W  PCAP→78W  power=77.5W
[PID] perf=26.176Hz  target=10.178Hz  err=-15.998Hz  corr=-336.68W  u_ff=99.1W  PCAP→78W  power=79.0W
[PID] perf=26.165Hz  target=10.178Hz  err=-15.988Hz  corr=-336.49W  u_ff=99.1W  PCAP→78W  power=78.6W
[PID] perf=26.175Hz  target=10.178Hz  err=-15.998Hz  corr=-336.67W  u_ff=99.1W  PCAP→78W  power=76.9W
[PID] perf=26.222Hz  target=10.178Hz  err=-16.044Hz  corr=-337.54W  u_ff=99.1W  PCAP→78W  power=76.7W
[PID] perf=26.509Hz  target=10.178Hz  err=-16.331Hz  corr=-342.86W  u_ff=99.1W  PCAP→78W  power=76.7W
[PID] perf=26.549Hz  target=10.178Hz  err=-16.372Hz  corr=-343.61W  u_ff=99.1W  PCAP→78W  power=78.9W
[PID] perf=26.544Hz  target=10.178Hz  err=-16.366Hz  corr=-343.50W  u_ff=99.1W  PCAP→78W  power=78.1W
[PID] perf=26.547Hz  target=10.178Hz  err=-16.369Hz  corr=-343.56W  u_ff=99.1W  PCAP→78W  power=78.2W
[PID] perf=26.560Hz  target=10.178Hz  err=-16.383Hz  corr=-343.81W  u_ff=99.1W  PCAP→78W  power=77.8W
[PID] perf=26.531Hz  target=10.178Hz  err=-16.354Hz  corr=-343.28W  u_ff=99.1W  PCAP→78W  power=76.5W
[PID] perf=26.546Hz  target=10.178Hz  err=-16.368Hz  corr=-343.54W  u_ff=99.1W  PCAP→78W  power=78.7W
[PID] perf=26.525Hz  target=10.178Hz  err=-16.348Hz  corr=-343.17W  u_ff=99.1W  PCAP→78W  power=77.9W
[PID] perf=26.510Hz  target=10.178Hz  err=-16.333Hz  corr=-342.89W  u_ff=99.1W  PCAP→78W  power=78.8W
[PID] perf=26.542Hz  target=10.178Hz  err=-16.365Hz  corr=-343.48W  u_ff=99.1W  PCAP→78W  power=78.5W
[PID] perf=26.524Hz  target=10.178Hz  err=-16.346Hz  corr=-343.14W  u_ff=99.1W  PCAP→78W  power=78.7W
[PID] perf=26.533Hz  target=10.178Hz  err=-16.356Hz  corr=-343.31W  u_ff=99.1W  PCAP→78W  power=77.1W
[PID] perf=26.494Hz  target=10.178Hz  err=-16.317Hz  corr=-342.58W  u_ff=99.1W  PCAP→78W  power=78.9W
[PID] perf=26.359Hz  target=10.178Hz  err=-16.182Hz  corr=-340.09W  u_ff=99.1W  PCAP→78W  power=78.1W
[PID] perf=26.408Hz  target=10.178Hz  err=-16.231Hz  corr=-340.99W  u_ff=99.1W  PCAP→78W  power=77.5W
[PID] perf=26.392Hz  target=10.178Hz  err=-16.215Hz  corr=-340.70W  u_ff=99.1W  PCAP→78W  power=78.7W
[PID] perf=26.436Hz  target=10.178Hz  err=-16.259Hz  corr=-341.51W  u_ff=99.1W  PCAP→78W  power=76.2W
[PID] perf=26.446Hz  target=10.178Hz  err=-16.268Hz  corr=-341.69W  u_ff=99.1W  PCAP→78W  power=76.8W
[PID] perf=26.426Hz  target=10.178Hz  err=-16.248Hz  corr=-341.32W  u_ff=99.1W  PCAP→78W  power=77.2W
[PID] perf=26.397Hz  target=10.178Hz  err=-16.219Hz  corr=-340.78W  u_ff=99.1W  PCAP→78W  power=78.2W
[PID] perf=26.431Hz  target=10.178Hz  err=-16.254Hz  corr=-341.42W  u_ff=99.1W  PCAP→78W  power=76.8W
[PID] perf=26.464Hz  target=10.178Hz  err=-16.287Hz  corr=-342.03W  u_ff=99.1W  PCAP→78W  power=76.2W
[PID] perf=26.464Hz  target=10.178Hz  err=-16.286Hz  corr=-342.02W  u_ff=99.1W  PCAP→78W  power=77.6W
[PID] perf=26.415Hz  target=10.178Hz  err=-16.237Hz  corr=-341.12W  u_ff=99.1W  PCAP→78W  power=78.3W
[PID] perf=26.443Hz  target=10.178Hz  err=-16.265Hz  corr=-341.63W  u_ff=99.1W  PCAP→78W  power=77.3W
[PID] perf=26.426Hz  target=10.178Hz  err=-16.248Hz  corr=-341.32W  u_ff=99.1W  PCAP→78W  power=79.1W
[PID] perf=26.398Hz  target=10.178Hz  err=-16.221Hz  corr=-340.81W  u_ff=99.1W  PCAP→78W  power=78.0W
[PID] perf=26.468Hz  target=10.178Hz  err=-16.291Hz  corr=-342.11W  u_ff=99.1W  PCAP→78W  power=78.3W
[PID] perf=26.419Hz  target=10.178Hz  err=-16.242Hz  corr=-341.20W  u_ff=99.1W  PCAP→78W  power=76.6W
[PID] perf=26.424Hz  target=10.178Hz  err=-16.247Hz  corr=-341.29W  u_ff=99.1W  PCAP→78W  power=78.5W
[PID] perf=26.448Hz  target=10.178Hz  err=-16.270Hz  corr=-341.73W  u_ff=99.1W  PCAP→78W  power=77.8W
[PID] perf=26.475Hz  target=10.178Hz  err=-16.297Hz  corr=-342.23W  u_ff=99.1W  PCAP→78W  power=79.1W
[PID] perf=26.539Hz  target=10.178Hz  err=-16.362Hz  corr=-343.42W  u_ff=99.1W  PCAP→78W  power=77.2W
[PID] perf=26.552Hz  target=10.178Hz  err=-16.374Hz  corr=-343.65W  u_ff=99.1W  PCAP→78W  power=77.1W
[PID] perf=26.584Hz  target=10.178Hz  err=-16.407Hz  corr=-344.25W  u_ff=99.1W  PCAP→78W  power=78.3W
[PID] perf=26.551Hz  target=10.178Hz  err=-16.374Hz  corr=-343.64W  u_ff=99.1W  PCAP→78W  power=78.8W
[PID] perf=26.564Hz  target=10.178Hz  err=-16.387Hz  corr=-343.89W  u_ff=99.1W  PCAP→78W  power=78.2W
[PID] perf=26.543Hz  target=10.178Hz  err=-16.366Hz  corr=-343.49W  u_ff=99.1W  PCAP→78W  power=79.4W
[PID] perf=26.682Hz  target=10.178Hz  err=-16.505Hz  corr=-346.07W  u_ff=99.1W  PCAP→78W  power=78.1W
[PID] perf=26.714Hz  target=10.178Hz  err=-16.536Hz  corr=-346.66W  u_ff=99.1W  PCAP→78W  power=77.1W
[PID] perf=26.749Hz  target=10.178Hz  err=-16.572Hz  corr=-347.32W  u_ff=99.1W  PCAP→78W  power=77.0W
[PID] perf=26.746Hz  target=10.178Hz  err=-16.568Hz  corr=-347.25W  u_ff=99.1W  PCAP→78W  power=79.2W
[PID] perf=26.773Hz  target=10.178Hz  err=-16.596Hz  corr=-347.76W  u_ff=99.1W  PCAP→78W  power=78.2W
[PID] perf=26.763Hz  target=10.178Hz  err=-16.586Hz  corr=-347.58W  u_ff=99.1W  PCAP→78W  power=78.8W
[PID] perf=26.765Hz  target=10.178Hz  err=-16.588Hz  corr=-347.61W  u_ff=99.1W  PCAP→78W  power=78.9W
[PID] perf=26.786Hz  target=10.178Hz  err=-16.609Hz  corr=-348.00W  u_ff=99.1W  PCAP→78W  power=79.3W
[PID] perf=26.770Hz  target=10.178Hz  err=-16.593Hz  corr=-347.71W  u_ff=99.1W  PCAP→78W  power=78.0W
[PID] perf=26.806Hz  target=10.178Hz  err=-16.628Hz  corr=-348.36W  u_ff=99.1W  PCAP→78W  power=78.7W
[PID] perf=26.764Hz  target=10.178Hz  err=-16.587Hz  corr=-347.59W  u_ff=99.1W  PCAP→78W  power=77.0W
[PID] perf=26.762Hz  target=10.178Hz  err=-16.584Hz  corr=-347.55W  u_ff=99.1W  PCAP→78W  power=78.1W
[PID] perf=26.774Hz  target=10.178Hz  err=-16.596Hz  corr=-347.77W  u_ff=99.1W  PCAP→78W  power=78.1W
[PID] perf=26.780Hz  target=10.178Hz  err=-16.602Hz  corr=-347.88W  u_ff=99.1W  PCAP→78W  power=77.2W
[PID] perf=26.789Hz  target=10.178Hz  err=-16.612Hz  corr=-348.06W  u_ff=99.1W  PCAP→78W  power=77.3W
[PID] perf=26.765Hz  target=10.178Hz  err=-16.588Hz  corr=-347.61W  u_ff=99.1W  PCAP→78W  power=78.4W
[PID] perf=26.766Hz  target=10.178Hz  err=-16.589Hz  corr=-347.63W  u_ff=99.1W  PCAP→78W  power=76.6W
[PID] perf=26.773Hz  target=10.178Hz  err=-16.596Hz  corr=-347.77W  u_ff=99.1W  PCAP→78W  power=77.6W
[PID] perf=26.767Hz  target=10.178Hz  err=-16.589Hz  corr=-347.65W  u_ff=99.1W  PCAP→78W  power=79.0W
[PID] perf=26.771Hz  target=10.178Hz  err=-16.594Hz  corr=-347.72W  u_ff=99.1W  PCAP→78W  power=78.9W
[PID] perf=26.770Hz  target=10.178Hz  err=-16.593Hz  corr=-347.71W  u_ff=99.1W  PCAP→78W  power=77.4W
[PID] perf=26.777Hz  target=10.178Hz  err=-16.600Hz  corr=-347.84W  u_ff=99.1W  PCAP→78W  power=78.3W
[PID] perf=26.785Hz  target=10.178Hz  err=-16.608Hz  corr=-347.98W  u_ff=99.1W  PCAP→78W  power=78.6W
[PID] perf=26.752Hz  target=10.178Hz  err=-16.575Hz  corr=-347.38W  u_ff=99.1W  PCAP→78W  power=77.7W
[PID] perf=26.774Hz  target=10.178Hz  err=-16.596Hz  corr=-347.77W  u_ff=99.1W  PCAP→78W  power=78.5W
[PID] perf=26.774Hz  target=10.178Hz  err=-16.596Hz  corr=-347.77W  u_ff=99.1W  PCAP→78W  power=77.1W
[PID] perf=26.768Hz  target=10.178Hz  err=-16.591Hz  corr=-347.67W  u_ff=99.1W  PCAP→78W  power=77.1W
[PID] perf=26.764Hz  target=10.178Hz  err=-16.586Hz  corr=-347.59W  u_ff=99.1W  PCAP→78W  power=78.9W
[PID] perf=26.762Hz  target=10.178Hz  err=-16.584Hz  corr=-347.55W  u_ff=99.1W  PCAP→78W  power=77.3W
[PID] perf=26.799Hz  target=10.178Hz  err=-16.621Hz  corr=-348.24W  u_ff=99.1W  PCAP→78W  power=77.0W
[PID] perf=26.780Hz  target=10.178Hz  err=-16.603Hz  corr=-347.90W  u_ff=99.1W  PCAP→78W  power=79.1W
[PID] perf=26.772Hz  target=10.178Hz  err=-16.595Hz  corr=-347.75W  u_ff=99.1W  PCAP→78W  power=77.4W
[PID] perf=26.803Hz  target=10.178Hz  err=-16.626Hz  corr=-348.32W  u_ff=99.1W  PCAP→78W  power=77.9W
[PID] perf=26.735Hz  target=10.178Hz  err=-16.558Hz  corr=-347.06W  u_ff=99.1W  PCAP→78W  power=78.1W
[PID] perf=26.764Hz  target=10.178Hz  err=-16.587Hz  corr=-347.60W  u_ff=99.1W  PCAP→78W  power=78.5W
[PID] perf=26.787Hz  target=10.178Hz  err=-16.609Hz  corr=-348.01W  u_ff=99.1W  PCAP→78W  power=77.5W
[PID] perf=26.774Hz  target=10.178Hz  err=-16.597Hz  corr=-347.78W  u_ff=99.1W  PCAP→78W  power=77.3W
[PID] perf=26.791Hz  target=10.178Hz  err=-16.614Hz  corr=-348.10W  u_ff=99.1W  PCAP→78W  power=79.0W
[PID] perf=26.794Hz  target=10.178Hz  err=-16.616Hz  corr=-348.14W  u_ff=99.1W  PCAP→78W  power=77.4W
[PID] perf=26.799Hz  target=10.178Hz  err=-16.622Hz  corr=-348.24W  u_ff=99.1W  PCAP→78W  power=76.6W
[PID] perf=26.782Hz  target=10.178Hz  err=-16.604Hz  corr=-347.92W  u_ff=99.1W  PCAP→78W  power=76.6W
[PID] perf=26.770Hz  target=10.178Hz  err=-16.592Hz  corr=-347.69W  u_ff=99.1W  PCAP→78W  power=77.4W
[PID] perf=26.733Hz  target=10.178Hz  err=-16.556Hz  corr=-347.02W  u_ff=99.1W  PCAP→78W  power=78.4W
[PID] perf=26.768Hz  target=10.178Hz  err=-16.590Hz  corr=-347.66W  u_ff=99.1W  PCAP→78W  power=77.7W
[PID] perf=26.754Hz  target=10.178Hz  err=-16.577Hz  corr=-347.41W  u_ff=99.1W  PCAP→78W  power=77.2W
[PID] perf=26.752Hz  target=10.178Hz  err=-16.575Hz  corr=-347.38W  u_ff=99.1W  PCAP→78W  power=77.7W
[PID] perf=26.727Hz  target=10.178Hz  err=-16.550Hz  corr=-346.91W  u_ff=99.1W  PCAP→78W  power=79.2W
[PID] perf=26.654Hz  target=10.178Hz  err=-16.476Hz  corr=-345.55W  u_ff=99.1W  PCAP→78W  power=78.5W
[PID] perf=26.641Hz  target=10.178Hz  err=-16.463Hz  corr=-345.31W  u_ff=99.1W  PCAP→78W  power=77.5W
[PID] perf=26.705Hz  target=10.178Hz  err=-16.528Hz  corr=-346.50W  u_ff=99.1W  PCAP→78W  power=77.5W
[PID] perf=26.653Hz  target=10.178Hz  err=-16.476Hz  corr=-345.53W  u_ff=99.1W  PCAP→78W  power=79.0W
[PID] perf=26.745Hz  target=10.178Hz  err=-16.567Hz  corr=-347.24W  u_ff=99.1W  PCAP→78W  power=77.2W
[PID] perf=26.745Hz  target=10.178Hz  err=-16.567Hz  corr=-347.24W  u_ff=99.1W  PCAP→78W  power=77.7W
[PID] perf=26.756Hz  target=10.178Hz  err=-16.578Hz  corr=-347.44W  u_ff=99.1W  PCAP→78W  power=77.1W
[PID] perf=26.774Hz  target=10.178Hz  err=-16.596Hz  corr=-347.77W  u_ff=99.1W  PCAP→78W  power=77.3W
[PID] perf=26.758Hz  target=10.178Hz  err=-16.581Hz  corr=-347.48W  u_ff=99.1W  PCAP→78W  power=79.2W
[PID] perf=26.756Hz  target=10.178Hz  err=-16.579Hz  corr=-347.44W  u_ff=99.1W  PCAP→78W  power=78.9W
[PID] perf=26.737Hz  target=10.178Hz  err=-16.559Hz  corr=-347.09W  u_ff=99.1W  PCAP→78W  power=79.3W
[PID] perf=26.743Hz  target=10.178Hz  err=-16.565Hz  corr=-347.20W  u_ff=99.1W  PCAP→78W  power=76.9W
[PID] perf=26.740Hz  target=10.178Hz  err=-16.563Hz  corr=-347.15W  u_ff=99.1W  PCAP→78W  power=77.5W
[PID] perf=26.749Hz  target=10.178Hz  err=-16.572Hz  corr=-347.32W  u_ff=99.1W  PCAP→78W  power=76.4W
[PID] perf=26.737Hz  target=10.178Hz  err=-16.560Hz  corr=-347.09W  u_ff=99.1W  PCAP→78W  power=78.4W
[PID] perf=26.768Hz  target=10.178Hz  err=-16.590Hz  corr=-347.66W  u_ff=99.1W  PCAP→78W  power=78.7W
[PID] perf=26.766Hz  target=10.178Hz  err=-16.589Hz  corr=-347.63W  u_ff=99.1W  PCAP→78W  power=76.8W
[PID] perf=26.790Hz  target=10.178Hz  err=-16.612Hz  corr=-348.07W  u_ff=99.1W  PCAP→78W  power=76.2W
[PID] perf=26.757Hz  target=10.178Hz  err=-16.579Hz  corr=-347.46W  u_ff=99.1W  PCAP→78W  power=78.1W
[PID] perf=26.742Hz  target=10.178Hz  err=-16.565Hz  corr=-347.19W  u_ff=99.1W  PCAP→78W  power=79.3W
[PID] perf=26.749Hz  target=10.178Hz  err=-16.572Hz  corr=-347.32W  u_ff=99.1W  PCAP→78W  power=77.5W
[PID] perf=26.767Hz  target=10.178Hz  err=-16.590Hz  corr=-347.65W  u_ff=99.1W  PCAP→78W  power=76.5W
[PID] perf=26.774Hz  target=10.178Hz  err=-16.596Hz  corr=-347.77W  u_ff=99.1W  PCAP→78W  power=78.4W
[PID] perf=26.792Hz  target=10.178Hz  err=-16.614Hz  corr=-348.10W  u_ff=99.1W  PCAP→78W  power=77.6W
[PID] perf=26.804Hz  target=10.178Hz  err=-16.626Hz  corr=-348.32W  u_ff=99.1W  PCAP→78W  power=78.0W
[PID] perf=26.798Hz  target=10.178Hz  err=-16.620Hz  corr=-348.21W  u_ff=99.1W  PCAP→78W  power=77.2W
[PID] perf=26.806Hz  target=10.178Hz  err=-16.629Hz  corr=-348.38W  u_ff=99.1W  PCAP→78W  power=78.7W
[PID] perf=26.783Hz  target=10.178Hz  err=-16.605Hz  corr=-347.94W  u_ff=99.1W  PCAP→78W  power=79.0W
[PID] perf=26.778Hz  target=10.178Hz  err=-16.601Hz  corr=-347.86W  u_ff=99.1W  PCAP→78W  power=77.1W
[PID] perf=26.784Hz  target=10.178Hz  err=-16.607Hz  corr=-347.97W  u_ff=99.1W  PCAP→78W  power=77.4W
[PID] perf=26.786Hz  target=10.178Hz  err=-16.609Hz  corr=-348.00W  u_ff=99.1W  PCAP→78W  power=77.9W
[PID] perf=26.739Hz  target=10.178Hz  err=-16.561Hz  corr=-347.12W  u_ff=99.1W  PCAP→78W  power=78.2W
[PID] perf=26.771Hz  target=10.178Hz  err=-16.593Hz  corr=-347.71W  u_ff=99.1W  PCAP→78W  power=77.2W
[PID] perf=26.753Hz  target=10.178Hz  err=-16.575Hz  corr=-347.38W  u_ff=99.1W  PCAP→78W  power=77.9W
[PID] perf=26.775Hz  target=10.178Hz  err=-16.597Hz  corr=-347.79W  u_ff=99.1W  PCAP→78W  power=78.6W
[PID] perf=26.777Hz  target=10.178Hz  err=-16.600Hz  corr=-347.84W  u_ff=99.1W  PCAP→78W  power=77.4W
[PID] perf=26.752Hz  target=10.178Hz  err=-16.574Hz  corr=-347.36W  u_ff=99.1W  PCAP→78W  power=77.4W
[PID] perf=26.780Hz  target=10.178Hz  err=-16.602Hz  corr=-347.88W  u_ff=99.1W  PCAP→78W  power=79.0W
[PID] perf=26.768Hz  target=10.178Hz  err=-16.590Hz  corr=-347.66W  u_ff=99.1W  PCAP→78W  power=78.6W
[PID] perf=26.773Hz  target=10.178Hz  err=-16.595Hz  corr=-347.75W  u_ff=99.1W  PCAP→78W  power=77.2W
[PID] perf=26.758Hz  target=10.178Hz  err=-16.580Hz  corr=-347.48W  u_ff=99.1W  PCAP→78W  power=76.9W
[PID] perf=26.756Hz  target=10.178Hz  err=-16.578Hz  corr=-347.44W  u_ff=99.1W  PCAP→78W  power=77.5W
[PID] perf=26.749Hz  target=10.178Hz  err=-16.572Hz  corr=-347.32W  u_ff=99.1W  PCAP→78W  power=77.5W
[PID] perf=26.752Hz  target=10.178Hz  err=-16.575Hz  corr=-347.37W  u_ff=99.1W  PCAP→78W  power=78.6W
[PID] perf=26.779Hz  target=10.178Hz  err=-16.602Hz  corr=-347.88W  u_ff=99.1W  PCAP→78W  power=78.5W
[PID] perf=26.750Hz  target=10.178Hz  err=-16.573Hz  corr=-347.33W  u_ff=99.1W  PCAP→78W  power=77.3W
[PID] perf=26.765Hz  target=10.178Hz  err=-16.588Hz  corr=-347.61W  u_ff=99.1W  PCAP→78W  power=76.1W
[PID] perf=26.786Hz  target=10.178Hz  err=-16.609Hz  corr=-348.01W  u_ff=99.1W  PCAP→78W  power=79.0W
[PID] perf=26.774Hz  target=10.178Hz  err=-16.597Hz  corr=-347.78W  u_ff=99.1W  PCAP→78W  power=79.2W
[PID] perf=26.794Hz  target=10.178Hz  err=-16.617Hz  corr=-348.15W  u_ff=99.1W  PCAP→78W  power=77.2W
[PID] perf=26.780Hz  target=10.178Hz  err=-16.602Hz  corr=-347.88W  u_ff=99.1W  PCAP→78W  power=78.3W
[PID] perf=26.786Hz  target=10.178Hz  err=-16.608Hz  corr=-347.99W  u_ff=99.1W  PCAP→78W  power=78.9W
[PID] perf=26.781Hz  target=10.178Hz  err=-16.604Hz  corr=-347.91W  u_ff=99.1W  PCAP→78W  power=76.4W
[PID] perf=26.782Hz  target=10.178Hz  err=-16.605Hz  corr=-347.93W  u_ff=99.1W  PCAP→78W  power=76.9W
[PID] perf=26.753Hz  target=10.178Hz  err=-16.575Hz  corr=-347.38W  u_ff=99.1W  PCAP→78W  power=79.0W
[PID] perf=26.762Hz  target=10.178Hz  err=-16.584Hz  corr=-347.55W  u_ff=99.1W  PCAP→78W  power=77.7W
[PID] perf=26.788Hz  target=10.178Hz  err=-16.610Hz  corr=-348.04W  u_ff=99.1W  PCAP→78W  power=78.3W
[PID] perf=26.765Hz  target=10.178Hz  err=-16.587Hz  corr=-347.61W  u_ff=99.1W  PCAP→78W  power=77.1W
[PID] perf=26.697Hz  target=10.178Hz  err=-16.520Hz  corr=-346.35W  u_ff=99.1W  PCAP→78W  power=76.1W
[PID] perf=26.697Hz  target=10.178Hz  err=-16.519Hz  corr=-346.34W  u_ff=99.1W  PCAP→78W  power=78.9W
[PID] perf=26.663Hz  target=10.178Hz  err=-16.485Hz  corr=-345.71W  u_ff=99.1W  PCAP→78W  power=78.7W
[PID] perf=26.638Hz  target=10.178Hz  err=-16.461Hz  corr=-345.26W  u_ff=99.1W  PCAP→78W  power=79.3W
[PID] perf=26.666Hz  target=10.178Hz  err=-16.489Hz  corr=-345.78W  u_ff=99.1W  PCAP→78W  power=79.0W
[PID] perf=26.771Hz  target=10.178Hz  err=-16.594Hz  corr=-347.72W  u_ff=99.1W  PCAP→78W  power=77.4W
[PID] perf=26.767Hz  target=10.178Hz  err=-16.590Hz  corr=-347.65W  u_ff=99.1W  PCAP→78W  power=77.1W
[PID] perf=26.776Hz  target=10.178Hz  err=-16.598Hz  corr=-347.81W  u_ff=99.1W  PCAP→78W  power=78.1W
[PID] perf=26.789Hz  target=10.178Hz  err=-16.611Hz  corr=-348.05W  u_ff=99.1W  PCAP→78W  power=78.0W
[PID] perf=26.770Hz  target=10.178Hz  err=-16.592Hz  corr=-347.70W  u_ff=99.1W  PCAP→78W  power=77.8W
[PID] perf=26.771Hz  target=10.178Hz  err=-16.594Hz  corr=-347.73W  u_ff=99.1W  PCAP→78W  power=77.1W
[PID] perf=26.799Hz  target=10.178Hz  err=-16.621Hz  corr=-348.23W  u_ff=99.1W  PCAP→78W  power=77.0W
[PID] perf=26.767Hz  target=10.178Hz  err=-16.589Hz  corr=-347.64W  u_ff=99.1W  PCAP→78W  power=79.7W
[PID] perf=26.748Hz  target=10.178Hz  err=-16.570Hz  corr=-347.29W  u_ff=99.1W  PCAP→78W  power=77.9W
[PID] perf=26.769Hz  target=10.178Hz  err=-16.592Hz  corr=-347.69W  u_ff=99.1W  PCAP→78W  power=77.6W
[PID] perf=26.966Hz  target=10.178Hz  err=-16.789Hz  corr=-351.34W  u_ff=99.1W  PCAP→78W  power=78.5W
[PID] perf=26.997Hz  target=10.178Hz  err=-16.819Hz  corr=-351.91W  u_ff=99.1W  PCAP→78W  power=77.3W
[PID] perf=27.046Hz  target=10.178Hz  err=-16.869Hz  corr=-352.83W  u_ff=99.1W  PCAP→78W  power=76.4W
[PID] perf=27.049Hz  target=10.178Hz  err=-16.872Hz  corr=-352.88W  u_ff=99.1W  PCAP→78W  power=79.3W
[PID] perf=27.045Hz  target=10.178Hz  err=-16.867Hz  corr=-352.80W  u_ff=99.1W  PCAP→78W  power=78.1W
[PID] perf=27.024Hz  target=10.178Hz  err=-16.847Hz  corr=-352.42W  u_ff=99.1W  PCAP→78W  power=77.1W
[PID] perf=27.061Hz  target=10.178Hz  err=-16.884Hz  corr=-353.11W  u_ff=99.1W  PCAP→78W  power=78.8W
[PID] perf=27.030Hz  target=10.178Hz  err=-16.852Hz  corr=-352.52W  u_ff=99.1W  PCAP→78W  power=78.8W
[PID] perf=27.046Hz  target=10.178Hz  err=-16.868Hz  corr=-352.81W  u_ff=99.1W  PCAP→78W  power=77.1W
[PID] perf=27.042Hz  target=10.178Hz  err=-16.864Hz  corr=-352.74W  u_ff=99.1W  PCAP→78W  power=78.5W
[PID] perf=27.039Hz  target=10.178Hz  err=-16.861Hz  corr=-352.68W  u_ff=99.1W  PCAP→78W  power=79.0W
[PID] perf=27.017Hz  target=10.178Hz  err=-16.839Hz  corr=-352.28W  u_ff=99.1W  PCAP→78W  power=76.8W
[PID] perf=27.012Hz  target=10.178Hz  err=-16.835Hz  corr=-352.19W  u_ff=99.1W  PCAP→78W  power=78.3W
[PID] perf=27.023Hz  target=10.178Hz  err=-16.846Hz  corr=-352.40W  u_ff=99.1W  PCAP→78W  power=78.8W
[PID] perf=27.041Hz  target=10.178Hz  err=-16.863Hz  corr=-352.72W  u_ff=99.1W  PCAP→78W  power=77.3W
[PID] perf=27.478Hz  target=10.178Hz  err=-17.301Hz  corr=-360.84W  u_ff=99.1W  PCAP→78W  power=76.5W
[PID] perf=27.531Hz  target=10.178Hz  err=-17.353Hz  corr=-361.81W  u_ff=99.1W  PCAP→78W  power=76.8W
[PID] perf=27.526Hz  target=10.178Hz  err=-17.349Hz  corr=-361.73W  u_ff=99.1W  PCAP→78W  power=76.4W
[PID] perf=27.531Hz  target=10.178Hz  err=-17.353Hz  corr=-361.81W  u_ff=99.1W  PCAP→78W  power=78.9W
[PID] perf=27.513Hz  target=10.178Hz  err=-17.335Hz  corr=-361.47W  u_ff=99.1W  PCAP→78W  power=78.6W
[PID] perf=27.518Hz  target=10.178Hz  err=-17.340Hz  corr=-361.57W  u_ff=99.1W  PCAP→78W  power=76.8W
[PID] perf=27.512Hz  target=10.178Hz  err=-17.335Hz  corr=-361.47W  u_ff=99.1W  PCAP→78W  power=78.3W
[PID] perf=27.529Hz  target=10.178Hz  err=-17.351Hz  corr=-361.77W  u_ff=99.1W  PCAP→78W  power=77.3W
[PID] perf=27.517Hz  target=10.178Hz  err=-17.340Hz  corr=-361.56W  u_ff=99.1W  PCAP→78W  power=78.6W
[PID] perf=27.520Hz  target=10.178Hz  err=-17.342Hz  corr=-361.61W  u_ff=99.1W  PCAP→78W  power=79.2W
[PID] perf=27.533Hz  target=10.178Hz  err=-17.355Hz  corr=-361.85W  u_ff=99.1W  PCAP→78W  power=77.2W
[PID] perf=27.486Hz  target=10.178Hz  err=-17.309Hz  corr=-360.99W  u_ff=99.1W  PCAP→78W  power=79.1W
[PID] perf=27.480Hz  target=10.178Hz  err=-17.303Hz  corr=-360.87W  u_ff=99.1W  PCAP→78W  power=76.2W
[PID] perf=27.460Hz  target=10.178Hz  err=-17.282Hz  corr=-360.50W  u_ff=99.1W  PCAP→78W  power=76.1W
[PID] perf=27.489Hz  target=10.178Hz  err=-17.312Hz  corr=-361.04W  u_ff=99.1W  PCAP→78W  power=78.3W
[PID] perf=27.479Hz  target=10.178Hz  err=-17.302Hz  corr=-360.85W  u_ff=99.1W  PCAP→78W  power=76.3W
[PID] perf=27.506Hz  target=10.178Hz  err=-17.328Hz  corr=-361.34W  u_ff=99.1W  PCAP→78W  power=77.2W
[PID] perf=27.495Hz  target=10.178Hz  err=-17.317Hz  corr=-361.14W  u_ff=99.1W  PCAP→78W  power=78.4W
[PID] perf=27.531Hz  target=10.178Hz  err=-17.354Hz  corr=-361.82W  u_ff=99.1W  PCAP→78W  power=78.3W
[PID] perf=27.508Hz  target=10.178Hz  err=-17.330Hz  corr=-361.38W  u_ff=99.1W  PCAP→78W  power=78.4W
[PID] perf=27.514Hz  target=10.178Hz  err=-17.336Hz  corr=-361.49W  u_ff=99.1W  PCAP→78W  power=78.9W
[PID] perf=27.537Hz  target=10.178Hz  err=-17.359Hz  corr=-361.92W  u_ff=99.1W  PCAP→78W  power=76.4W
[PID] perf=27.520Hz  target=10.178Hz  err=-17.342Hz  corr=-361.61W  u_ff=99.1W  PCAP→78W  power=78.1W
[PID] perf=27.508Hz  target=10.178Hz  err=-17.330Hz  corr=-361.39W  u_ff=99.1W  PCAP→78W  power=78.4W
[PID] perf=27.536Hz  target=10.178Hz  err=-17.359Hz  corr=-361.91W  u_ff=99.1W  PCAP→78W  power=77.7W
[PID] perf=27.514Hz  target=10.178Hz  err=-17.336Hz  corr=-361.49W  u_ff=99.1W  PCAP→78W  power=77.6W
[PID] perf=27.524Hz  target=10.178Hz  err=-17.346Hz  corr=-361.68W  u_ff=99.1W  PCAP→78W  power=79.2W
[PID] perf=27.524Hz  target=10.178Hz  err=-17.346Hz  corr=-361.68W  u_ff=99.1W  PCAP→78W  power=76.4W
[PID] perf=28.399Hz  target=10.178Hz  err=-18.222Hz  corr=-377.92W  u_ff=99.1W  PCAP→78W  power=77.3W
[PID] perf=28.545Hz  target=10.178Hz  err=-18.368Hz  corr=-380.63W  u_ff=99.1W  PCAP→78W  power=79.6W
[PID] perf=28.640Hz  target=10.178Hz  err=-18.463Hz  corr=-382.38W  u_ff=99.1W  PCAP→78W  power=77.7W
[PID] perf=28.633Hz  target=10.178Hz  err=-18.455Hz  corr=-382.25W  u_ff=99.1W  PCAP→78W  power=79.2W
[PID] perf=28.570Hz  target=10.178Hz  err=-18.392Hz  corr=-381.07W  u_ff=99.1W  PCAP→78W  power=79.1W
[PID] perf=28.646Hz  target=10.178Hz  err=-18.469Hz  corr=-382.50W  u_ff=99.1W  PCAP→78W  power=78.6W
[PID] perf=28.623Hz  target=10.178Hz  err=-18.446Hz  corr=-382.07W  u_ff=99.1W  PCAP→78W  power=79.3W
[PID] perf=28.625Hz  target=10.178Hz  err=-18.447Hz  corr=-382.10W  u_ff=99.1W  PCAP→78W  power=79.3W
[PID] perf=28.620Hz  target=10.178Hz  err=-18.443Hz  corr=-382.02W  u_ff=99.1W  PCAP→78W  power=77.2W
[PID] perf=28.634Hz  target=10.178Hz  err=-18.457Hz  corr=-382.27W  u_ff=99.1W  PCAP→78W  power=77.4W
[PID] perf=28.618Hz  target=10.178Hz  err=-18.440Hz  corr=-381.97W  u_ff=99.1W  PCAP→78W  power=77.7W
[PID] perf=28.597Hz  target=10.178Hz  err=-18.419Hz  corr=-381.58W  u_ff=99.1W  PCAP→78W  power=79.2W
[PID] perf=28.639Hz  target=10.178Hz  err=-18.462Hz  corr=-382.37W  u_ff=99.1W  PCAP→78W  power=79.5W
[PID] perf=28.606Hz  target=10.178Hz  err=-18.428Hz  corr=-381.75W  u_ff=99.1W  PCAP→78W  power=78.7W
[PID] perf=28.616Hz  target=10.178Hz  err=-18.438Hz  corr=-381.94W  u_ff=99.1W  PCAP→78W  power=77.1W
[PID] perf=28.625Hz  target=10.178Hz  err=-18.448Hz  corr=-382.11W  u_ff=99.1W  PCAP→78W  power=77.3W
[PID] perf=28.635Hz  target=10.178Hz  err=-18.458Hz  corr=-382.30W  u_ff=99.1W  PCAP→78W  power=76.8W
[PID] perf=27.535Hz  target=10.178Hz  err=-17.358Hz  corr=-361.89W  u_ff=99.1W  PCAP→78W  power=76.4W
[PID] perf=27.590Hz  target=10.178Hz  err=-17.413Hz  corr=-362.91W  u_ff=99.1W  PCAP→78W  power=80.2W
[PID] perf=27.600Hz  target=10.178Hz  err=-17.422Hz  corr=-363.09W  u_ff=99.1W  PCAP→78W  power=79.1W
[PID] perf=27.604Hz  target=10.178Hz  err=-17.426Hz  corr=-363.16W  u_ff=99.1W  PCAP→78W  power=77.0W
[PID] perf=26.838Hz  target=10.178Hz  err=-16.660Hz  corr=-348.96W  u_ff=99.1W  PCAP→78W  power=79.3W
[PID] perf=26.907Hz  target=10.178Hz  err=-16.730Hz  corr=-350.25W  u_ff=99.1W  PCAP→78W  power=76.5W
[PID] perf=26.928Hz  target=10.178Hz  err=-16.751Hz  corr=-350.63W  u_ff=99.1W  PCAP→78W  power=77.4W
[PID] perf=26.957Hz  target=10.178Hz  err=-16.780Hz  corr=-351.18W  u_ff=99.1W  PCAP→78W  power=76.5W
[PID] perf=26.946Hz  target=10.178Hz  err=-16.769Hz  corr=-350.97W  u_ff=99.1W  PCAP→78W  power=78.6W
[PID] perf=26.967Hz  target=10.178Hz  err=-16.790Hz  corr=-351.36W  u_ff=99.1W  PCAP→78W  power=79.1W
[PID] perf=26.983Hz  target=10.178Hz  err=-16.806Hz  corr=-351.66W  u_ff=99.1W  PCAP→78W  power=77.5W
[PID] perf=26.965Hz  target=10.178Hz  err=-16.788Hz  corr=-351.32W  u_ff=99.1W  PCAP→78W  power=77.6W
[PID] perf=26.964Hz  target=10.178Hz  err=-16.787Hz  corr=-351.31W  u_ff=99.1W  PCAP→78W  power=77.8W
[PID] perf=26.943Hz  target=10.178Hz  err=-16.766Hz  corr=-350.92W  u_ff=99.1W  PCAP→78W  power=78.9W
[PID] perf=26.961Hz  target=10.178Hz  err=-16.783Hz  corr=-351.24W  u_ff=99.1W  PCAP→78W  power=77.1W
[PID] perf=26.934Hz  target=10.178Hz  err=-16.756Hz  corr=-350.74W  u_ff=99.1W  PCAP→78W  power=79.1W
[PID] perf=26.965Hz  target=10.178Hz  err=-16.788Hz  corr=-351.32W  u_ff=99.1W  PCAP→78W  power=77.3W
[PID] perf=26.955Hz  target=10.178Hz  err=-16.778Hz  corr=-351.14W  u_ff=99.1W  PCAP→78W  power=76.8W
[PID] perf=26.992Hz  target=10.178Hz  err=-16.814Hz  corr=-351.82W  u_ff=99.1W  PCAP→78W  power=78.4W
[PID] perf=26.990Hz  target=10.178Hz  err=-16.813Hz  corr=-351.79W  u_ff=99.1W  PCAP→78W  power=76.1W
[PID] perf=26.941Hz  target=10.178Hz  err=-16.764Hz  corr=-350.88W  u_ff=99.1W  PCAP→78W  power=78.7W
[PID] perf=26.963Hz  target=10.178Hz  err=-16.785Hz  corr=-351.28W  u_ff=99.1W  PCAP→78W  power=78.2W
[PID] perf=27.319Hz  target=10.178Hz  err=-17.142Hz  corr=-357.89W  u_ff=99.1W  PCAP→78W  power=77.1W
[PID] perf=27.753Hz  target=10.178Hz  err=-17.576Hz  corr=-365.94W  u_ff=99.1W  PCAP→78W  power=78.1W
[PID] perf=27.802Hz  target=10.178Hz  err=-17.625Hz  corr=-366.85W  u_ff=99.1W  PCAP→78W  power=77.6W
[PID] perf=27.783Hz  target=10.178Hz  err=-17.606Hz  corr=-366.50W  u_ff=99.1W  PCAP→78W  power=77.6W
[PID] perf=27.791Hz  target=10.178Hz  err=-17.614Hz  corr=-366.64W  u_ff=99.1W  PCAP→78W  power=77.7W
[PID] perf=27.822Hz  target=10.178Hz  err=-17.645Hz  corr=-367.21W  u_ff=99.1W  PCAP→78W  power=79.3W
[PID] perf=27.827Hz  target=10.178Hz  err=-17.650Hz  corr=-367.30W  u_ff=99.1W  PCAP→78W  power=76.9W
[PID] perf=27.851Hz  target=10.178Hz  err=-17.674Hz  corr=-367.76W  u_ff=99.1W  PCAP→78W  power=76.9W
[PID] perf=27.916Hz  target=10.178Hz  err=-17.739Hz  corr=-368.96W  u_ff=99.1W  PCAP→78W  power=77.4W
[PID] perf=27.883Hz  target=10.178Hz  err=-17.705Hz  corr=-368.33W  u_ff=99.1W  PCAP→78W  power=78.8W
[PID] perf=27.863Hz  target=10.178Hz  err=-17.685Hz  corr=-367.97W  u_ff=99.1W  PCAP→78W  power=77.2W
[PID] perf=27.893Hz  target=10.178Hz  err=-17.715Hz  corr=-368.52W  u_ff=99.1W  PCAP→78W  power=77.4W
[PID] perf=27.893Hz  target=10.178Hz  err=-17.715Hz  corr=-368.52W  u_ff=99.1W  PCAP→78W  power=79.1W
[PID] perf=27.923Hz  target=10.178Hz  err=-17.745Hz  corr=-369.08W  u_ff=99.1W  PCAP→78W  power=78.3W
[PID] perf=27.886Hz  target=10.178Hz  err=-17.708Hz  corr=-368.39W  u_ff=99.1W  PCAP→78W  power=76.4W
[PID] perf=27.916Hz  target=10.178Hz  err=-17.739Hz  corr=-368.96W  u_ff=99.1W  PCAP→78W  power=78.9W
[PID] perf=27.882Hz  target=10.178Hz  err=-17.704Hz  corr=-368.32W  u_ff=99.1W  PCAP→78W  power=79.5W
[PID] perf=27.904Hz  target=10.178Hz  err=-17.726Hz  corr=-368.72W  u_ff=99.1W  PCAP→78W  power=78.2W
[PID] perf=27.891Hz  target=10.178Hz  err=-17.713Hz  corr=-368.49W  u_ff=99.1W  PCAP→78W  power=77.6W
[PID] perf=27.914Hz  target=10.178Hz  err=-17.736Hz  corr=-368.91W  u_ff=99.1W  PCAP→78W  power=78.6W
[PID] perf=27.868Hz  target=10.178Hz  err=-17.691Hz  corr=-368.07W  u_ff=99.1W  PCAP→78W  power=77.2W
[PID] perf=27.902Hz  target=10.178Hz  err=-17.724Hz  corr=-368.69W  u_ff=99.1W  PCAP→78W  power=77.6W
[PID] perf=27.935Hz  target=10.178Hz  err=-17.757Hz  corr=-369.30W  u_ff=99.1W  PCAP→78W  power=78.5W
[PID] perf=27.885Hz  target=10.178Hz  err=-17.708Hz  corr=-368.38W  u_ff=99.1W  PCAP→78W  power=78.7W
[PID] perf=27.882Hz  target=10.178Hz  err=-17.705Hz  corr=-368.33W  u_ff=99.1W  PCAP→78W  power=77.5W
[PID] perf=27.894Hz  target=10.178Hz  err=-17.716Hz  corr=-368.54W  u_ff=99.1W  PCAP→78W  power=77.3W
[PID] perf=27.923Hz  target=10.178Hz  err=-17.745Hz  corr=-369.08W  u_ff=99.1W  PCAP→78W  power=79.2W
[PID] perf=27.868Hz  target=10.178Hz  err=-17.690Hz  corr=-368.06W  u_ff=99.1W  PCAP→78W  power=77.2W
[PID] perf=27.836Hz  target=10.178Hz  err=-17.659Hz  corr=-367.48W  u_ff=99.1W  PCAP→78W  power=78.6W
[PID] perf=27.895Hz  target=10.178Hz  err=-17.717Hz  corr=-368.56W  u_ff=99.1W  PCAP→78W  power=77.5W
[PID] perf=27.906Hz  target=10.178Hz  err=-17.728Hz  corr=-368.76W  u_ff=99.1W  PCAP→78W  power=77.0W
[PID] perf=27.908Hz  target=10.178Hz  err=-17.730Hz  corr=-368.80W  u_ff=99.1W  PCAP→78W  power=78.5W
[PID] perf=27.927Hz  target=10.178Hz  err=-17.749Hz  corr=-369.16W  u_ff=99.1W  PCAP→78W  power=79.2W
[PID] perf=27.890Hz  target=10.178Hz  err=-17.713Hz  corr=-368.47W  u_ff=99.1W  PCAP→78W  power=78.0W
[PID] perf=27.879Hz  target=10.178Hz  err=-17.701Hz  corr=-368.26W  u_ff=99.1W  PCAP→78W  power=79.2W
[PID] perf=27.905Hz  target=10.178Hz  err=-17.728Hz  corr=-368.75W  u_ff=99.1W  PCAP→78W  power=78.2W
[PID] perf=27.886Hz  target=10.178Hz  err=-17.708Hz  corr=-368.40W  u_ff=99.1W  PCAP→78W  power=77.4W
[PID] perf=27.911Hz  target=10.178Hz  err=-17.733Hz  corr=-368.86W  u_ff=99.1W  PCAP→78W  power=78.0W
[PID] perf=27.887Hz  target=10.178Hz  err=-17.709Hz  corr=-368.41W  u_ff=99.1W  PCAP→78W  power=77.6W
[PID] perf=27.848Hz  target=10.178Hz  err=-17.670Hz  corr=-367.69W  u_ff=99.1W  PCAP→78W  power=78.7W
[PID] perf=27.896Hz  target=10.178Hz  err=-17.718Hz  corr=-368.58W  u_ff=99.1W  PCAP→78W  power=77.9W
[PID] perf=27.874Hz  target=10.178Hz  err=-17.697Hz  corr=-368.18W  u_ff=99.1W  PCAP→78W  power=77.5W
[PID] perf=27.904Hz  target=10.178Hz  err=-17.726Hz  corr=-368.73W  u_ff=99.1W  PCAP→78W  power=77.0W
[PID] perf=27.874Hz  target=10.178Hz  err=-17.697Hz  corr=-368.18W  u_ff=99.1W  PCAP→78W  power=77.0W
[PID] perf=27.847Hz  target=10.178Hz  err=-17.669Hz  corr=-367.67W  u_ff=99.1W  PCAP→78W  power=78.8W
[PID] perf=27.861Hz  target=10.178Hz  err=-17.684Hz  corr=-367.94W  u_ff=99.1W  PCAP→78W  power=77.5W
[PID] perf=27.855Hz  target=10.178Hz  err=-17.677Hz  corr=-367.82W  u_ff=99.1W  PCAP→78W  power=78.0W
[PID] perf=27.881Hz  target=10.178Hz  err=-17.704Hz  corr=-368.31W  u_ff=99.1W  PCAP→78W  power=77.2W
[PID] perf=27.898Hz  target=10.178Hz  err=-17.720Hz  corr=-368.62W  u_ff=99.1W  PCAP→78W  power=77.1W
[PID] perf=27.926Hz  target=10.178Hz  err=-17.749Hz  corr=-369.15W  u_ff=99.1W  PCAP→78W  power=77.1W
[PID] perf=27.913Hz  target=10.178Hz  err=-17.735Hz  corr=-368.89W  u_ff=99.1W  PCAP→78W  power=76.8W
[PID] perf=27.905Hz  target=10.178Hz  err=-17.728Hz  corr=-368.76W  u_ff=99.1W  PCAP→78W  power=78.9W
[PID] perf=27.882Hz  target=10.178Hz  err=-17.705Hz  corr=-368.32W  u_ff=99.1W  PCAP→78W  power=77.4W
[PID] perf=27.815Hz  target=10.178Hz  err=-17.637Hz  corr=-367.08W  u_ff=99.1W  PCAP→78W  power=77.0W
[PID] perf=27.877Hz  target=10.178Hz  err=-17.700Hz  corr=-368.24W  u_ff=99.1W  PCAP→78W  power=78.3W
[PID] perf=27.864Hz  target=10.178Hz  err=-17.687Hz  corr=-367.99W  u_ff=99.1W  PCAP→78W  power=77.6W
[PID] perf=27.867Hz  target=10.178Hz  err=-17.689Hz  corr=-368.04W  u_ff=99.1W  PCAP→78W  power=77.1W
[PID] perf=27.838Hz  target=10.178Hz  err=-17.660Hz  corr=-367.51W  u_ff=99.1W  PCAP→78W  power=78.9W
[PID] perf=27.864Hz  target=10.178Hz  err=-17.686Hz  corr=-367.98W  u_ff=99.1W  PCAP→78W  power=78.0W
[PID] perf=27.895Hz  target=10.178Hz  err=-17.717Hz  corr=-368.56W  u_ff=99.1W  PCAP→78W  power=77.6W
[PID] perf=27.866Hz  target=10.178Hz  err=-17.689Hz  corr=-368.03W  u_ff=99.1W  PCAP→78W  power=78.2W
[PID] perf=27.899Hz  target=10.178Hz  err=-17.721Hz  corr=-368.64W  u_ff=99.1W  PCAP→78W  power=77.3W
[PID] perf=27.886Hz  target=10.178Hz  err=-17.709Hz  corr=-368.40W  u_ff=99.1W  PCAP→78W  power=77.9W
[PID] perf=27.891Hz  target=10.178Hz  err=-17.713Hz  corr=-368.49W  u_ff=99.1W  PCAP→78W  power=78.3W
[PID] perf=27.879Hz  target=10.178Hz  err=-17.702Hz  corr=-368.27W  u_ff=99.1W  PCAP→78W  power=76.9W
[PID] perf=27.897Hz  target=10.178Hz  err=-17.720Hz  corr=-368.60W  u_ff=99.1W  PCAP→78W  power=77.0W
[PID] perf=27.844Hz  target=10.178Hz  err=-17.667Hz  corr=-367.63W  u_ff=99.1W  PCAP→78W  power=78.6W
[PID] perf=27.877Hz  target=10.178Hz  err=-17.700Hz  corr=-368.24W  u_ff=99.1W  PCAP→78W  power=78.9W
[PID] perf=27.885Hz  target=10.178Hz  err=-17.707Hz  corr=-368.37W  u_ff=99.1W  PCAP→78W  power=77.4W
[PID] perf=27.875Hz  target=10.178Hz  err=-17.698Hz  corr=-368.19W  u_ff=99.1W  PCAP→78W  power=78.8W
[PID] perf=27.909Hz  target=10.178Hz  err=-17.732Hz  corr=-368.83W  u_ff=99.1W  PCAP→78W  power=76.4W
[PID] perf=27.911Hz  target=10.178Hz  err=-17.733Hz  corr=-368.86W  u_ff=99.1W  PCAP→78W  power=78.7W
[PID] perf=27.904Hz  target=10.178Hz  err=-17.726Hz  corr=-368.73W  u_ff=99.1W  PCAP→78W  power=77.8W
[PID] perf=27.863Hz  target=10.178Hz  err=-17.685Hz  corr=-367.97W  u_ff=99.1W  PCAP→78W  power=78.1W
[PID] perf=27.882Hz  target=10.178Hz  err=-17.705Hz  corr=-368.33W  u_ff=99.1W  PCAP→78W  power=77.3W
[PID] perf=27.899Hz  target=10.178Hz  err=-17.721Hz  corr=-368.64W  u_ff=99.1W  PCAP→78W  power=78.3W
[PID] perf=27.885Hz  target=10.178Hz  err=-17.707Hz  corr=-368.38W  u_ff=99.1W  PCAP→78W  power=77.3W
[PID] perf=27.857Hz  target=10.178Hz  err=-17.680Hz  corr=-367.87W  u_ff=99.1W  PCAP→78W  power=76.6W
[PID] perf=27.875Hz  target=10.178Hz  err=-17.698Hz  corr=-368.20W  u_ff=99.1W  PCAP→78W  power=78.2W
[PID] perf=27.858Hz  target=10.178Hz  err=-17.681Hz  corr=-367.88W  u_ff=99.1W  PCAP→78W  power=76.6W
[PID] perf=27.896Hz  target=10.178Hz  err=-17.718Hz  corr=-368.58W  u_ff=99.1W  PCAP→78W  power=78.7W
[PID] perf=27.881Hz  target=10.178Hz  err=-17.704Hz  corr=-368.31W  u_ff=99.1W  PCAP→78W  power=79.2W
[PID] perf=27.875Hz  target=10.178Hz  err=-17.698Hz  corr=-368.20W  u_ff=99.1W  PCAP→78W  power=78.8W
[PID] perf=27.892Hz  target=10.178Hz  err=-17.714Hz  corr=-368.50W  u_ff=99.1W  PCAP→78W  power=76.5W
[PID] perf=27.857Hz  target=10.178Hz  err=-17.680Hz  corr=-367.86W  u_ff=99.1W  PCAP→78W  power=76.9W
[PID] perf=27.891Hz  target=10.178Hz  err=-17.714Hz  corr=-368.50W  u_ff=99.1W  PCAP→78W  power=78.1W
[PID] perf=29.085Hz  target=10.178Hz  err=-18.907Hz  corr=-390.63W  u_ff=99.1W  PCAP→78W  power=76.5W
[PID] perf=29.190Hz  target=10.178Hz  err=-19.012Hz  corr=-392.58W  u_ff=99.1W  PCAP→78W  power=78.8W
[PID] perf=29.182Hz  target=10.178Hz  err=-19.005Hz  corr=-392.44W  u_ff=99.1W  PCAP→78W  power=76.8W
[PID] perf=29.212Hz  target=10.178Hz  err=-19.034Hz  corr=-392.98W  u_ff=99.1W  PCAP→78W  power=77.6W
[PID] perf=29.218Hz  target=10.178Hz  err=-19.040Hz  corr=-393.09W  u_ff=99.1W  PCAP→78W  power=79.2W
[PID] perf=29.207Hz  target=10.178Hz  err=-19.030Hz  corr=-392.90W  u_ff=99.1W  PCAP→78W  power=78.7W
[PID] perf=29.216Hz  target=10.178Hz  err=-19.038Hz  corr=-393.05W  u_ff=99.1W  PCAP→78W  power=79.1W
[PID] perf=29.210Hz  target=10.178Hz  err=-19.033Hz  corr=-392.95W  u_ff=99.1W  PCAP→78W  power=78.9W
[PID] perf=29.231Hz  target=10.178Hz  err=-19.053Hz  corr=-393.34W  u_ff=99.1W  PCAP→78W  power=79.0W
[PID] perf=29.219Hz  target=10.178Hz  err=-19.041Hz  corr=-393.12W  u_ff=99.1W  PCAP→78W  power=79.3W
[PID] perf=29.230Hz  target=10.178Hz  err=-19.052Hz  corr=-393.31W  u_ff=99.1W  PCAP→78W  power=77.0W
[PID] perf=29.205Hz  target=10.178Hz  err=-19.027Hz  corr=-392.86W  u_ff=99.1W  PCAP→78W  power=76.9W
[PID] perf=29.211Hz  target=10.178Hz  err=-19.034Hz  corr=-392.98W  u_ff=99.1W  PCAP→78W  power=78.2W
[PID] perf=29.231Hz  target=10.178Hz  err=-19.054Hz  corr=-393.34W  u_ff=99.1W  PCAP→78W  power=77.0W
[PID] perf=29.227Hz  target=10.178Hz  err=-19.049Hz  corr=-393.26W  u_ff=99.1W  PCAP→78W  power=77.1W
[PID] perf=29.244Hz  target=10.178Hz  err=-19.066Hz  corr=-393.58W  u_ff=99.1W  PCAP→78W  power=76.9W
[PID] perf=29.251Hz  target=10.178Hz  err=-19.073Hz  corr=-393.70W  u_ff=99.1W  PCAP→78W  power=77.0W
[PID] perf=29.242Hz  target=10.178Hz  err=-19.065Hz  corr=-393.55W  u_ff=99.1W  PCAP→78W  power=77.2W
[PID] perf=29.205Hz  target=10.178Hz  err=-19.028Hz  corr=-392.86W  u_ff=99.1W  PCAP→78W  power=77.4W
[PID] perf=29.221Hz  target=10.178Hz  err=-19.043Hz  corr=-393.15W  u_ff=99.1W  PCAP→78W  power=77.2W
[PID] perf=29.235Hz  target=10.178Hz  err=-19.057Hz  corr=-393.41W  u_ff=99.1W  PCAP→78W  power=79.0W
[PID] perf=29.221Hz  target=10.178Hz  err=-19.044Hz  corr=-393.16W  u_ff=99.1W  PCAP→78W  power=76.9W
[PID] perf=29.221Hz  target=10.178Hz  err=-19.043Hz  corr=-393.15W  u_ff=99.1W  PCAP→78W  power=77.2W
[PID] perf=29.240Hz  target=10.178Hz  err=-19.062Hz  corr=-393.50W  u_ff=99.1W  PCAP→78W  power=77.7W
Process completed.
Compressed into /home/cc/summer2024/main_codes/pid_controller/../experiment_data/PID_Control_sweep/ones-npb-cg/compressed_iteration_20260513_090854.tar
----------------------------------
