
>>> Step 1/3

[ones-npb-cg]
  target perf      : 9.5052 Hz
  coefficients_perf: [-0.0006547837485238978, 0.18607436314256556, -1.8317688501798497]
  feedforward PCAP : 88.47 W  →  89 W (snapped)
  Perf(u_ff) check : 9.5052 Hz  (should ≈ target)
  PID gains        : Kp=18.5447 W/Hz  Ki=1.85447 W/(Hz·s)  Kd=0.0000
[PID] Awaiting data — feedforward PCAP=89W
[PID] Awaiting data — feedforward PCAP=89W
[PID] Awaiting data — feedforward PCAP=89W
[PID] Awaiting data — feedforward PCAP=89W
[PID] Awaiting data — feedforward PCAP=89W
[PID] Awaiting data — feedforward PCAP=89W
[PID] perf=19.281Hz  target=9.505Hz  err=-9.776Hz  corr=-217.54W  u_ff=88.5W  PCAP→78W  power=nanW
[PID] perf=18.033Hz  target=9.505Hz  err=-8.528Hz  corr=-198.15W  u_ff=88.5W  PCAP→78W  power=79.3W
[PID] perf=18.081Hz  target=9.505Hz  err=-8.576Hz  corr=-199.04W  u_ff=88.5W  PCAP→78W  power=78.8W
[PID] perf=18.061Hz  target=9.505Hz  err=-8.555Hz  corr=-198.66W  u_ff=88.5W  PCAP→78W  power=78.3W
[PID] perf=18.069Hz  target=9.505Hz  err=-8.563Hz  corr=-198.81W  u_ff=88.5W  PCAP→78W  power=78.7W
[PID] perf=18.091Hz  target=9.505Hz  err=-8.586Hz  corr=-199.22W  u_ff=88.5W  PCAP→78W  power=78.1W
[PID] perf=18.076Hz  target=9.505Hz  err=-8.571Hz  corr=-198.95W  u_ff=88.5W  PCAP→78W  power=78.8W
[PID] perf=18.086Hz  target=9.505Hz  err=-8.581Hz  corr=-199.13W  u_ff=88.5W  PCAP→78W  power=79.1W
[PID] perf=18.084Hz  target=9.505Hz  err=-8.578Hz  corr=-199.08W  u_ff=88.5W  PCAP→78W  power=78.0W
[PID] perf=18.041Hz  target=9.505Hz  err=-8.536Hz  corr=-198.29W  u_ff=88.5W  PCAP→78W  power=79.1W
[PID] perf=18.056Hz  target=9.505Hz  err=-8.551Hz  corr=-198.58W  u_ff=88.5W  PCAP→78W  power=78.0W
[PID] perf=18.089Hz  target=9.505Hz  err=-8.583Hz  corr=-199.18W  u_ff=88.5W  PCAP→78W  power=77.8W
[PID] perf=18.094Hz  target=9.505Hz  err=-8.589Hz  corr=-199.28W  u_ff=88.5W  PCAP→78W  power=77.5W
[PID] perf=18.102Hz  target=9.505Hz  err=-8.597Hz  corr=-199.43W  u_ff=88.5W  PCAP→78W  power=78.4W
[PID] perf=18.091Hz  target=9.505Hz  err=-8.586Hz  corr=-199.22W  u_ff=88.5W  PCAP→78W  power=78.5W
[PID] perf=18.072Hz  target=9.505Hz  err=-8.567Hz  corr=-198.86W  u_ff=88.5W  PCAP→78W  power=78.1W
[PID] perf=18.076Hz  target=9.505Hz  err=-8.571Hz  corr=-198.95W  u_ff=88.5W  PCAP→78W  power=76.8W
[PID] perf=18.078Hz  target=9.505Hz  err=-8.573Hz  corr=-198.98W  u_ff=88.5W  PCAP→78W  power=77.6W
[PID] perf=18.063Hz  target=9.505Hz  err=-8.558Hz  corr=-198.71W  u_ff=88.5W  PCAP→78W  power=77.2W
[PID] perf=18.060Hz  target=9.505Hz  err=-8.555Hz  corr=-198.64W  u_ff=88.5W  PCAP→78W  power=78.8W
[PID] perf=18.084Hz  target=9.505Hz  err=-8.578Hz  corr=-199.08W  u_ff=88.5W  PCAP→78W  power=77.7W
[PID] perf=18.091Hz  target=9.505Hz  err=-8.586Hz  corr=-199.23W  u_ff=88.5W  PCAP→78W  power=77.9W
[PID] perf=18.104Hz  target=9.505Hz  err=-8.599Hz  corr=-199.46W  u_ff=88.5W  PCAP→78W  power=77.8W
[PID] perf=18.844Hz  target=9.505Hz  err=-9.339Hz  corr=-213.19W  u_ff=88.5W  PCAP→78W  power=77.3W
[PID] perf=28.969Hz  target=9.505Hz  err=-19.464Hz  corr=-400.95W  u_ff=88.5W  PCAP→78W  power=76.7W
[PID] perf=29.212Hz  target=9.505Hz  err=-19.707Hz  corr=-405.45W  u_ff=88.5W  PCAP→78W  power=76.3W
[PID] perf=29.238Hz  target=9.505Hz  err=-19.733Hz  corr=-405.94W  u_ff=88.5W  PCAP→78W  power=78.0W
[PID] perf=29.246Hz  target=9.505Hz  err=-19.740Hz  corr=-406.08W  u_ff=88.5W  PCAP→78W  power=78.0W
[PID] perf=29.241Hz  target=9.505Hz  err=-19.736Hz  corr=-406.00W  u_ff=88.5W  PCAP→78W  power=78.1W
[PID] perf=29.227Hz  target=9.505Hz  err=-19.722Hz  corr=-405.73W  u_ff=88.5W  PCAP→78W  power=77.6W
[PID] perf=29.198Hz  target=9.505Hz  err=-19.693Hz  corr=-405.20W  u_ff=88.5W  PCAP→78W  power=78.1W
[PID] perf=29.213Hz  target=9.505Hz  err=-19.708Hz  corr=-405.48W  u_ff=88.5W  PCAP→78W  power=77.7W
[PID] perf=29.219Hz  target=9.505Hz  err=-19.714Hz  corr=-405.59W  u_ff=88.5W  PCAP→78W  power=79.1W
[PID] perf=29.204Hz  target=9.505Hz  err=-19.699Hz  corr=-405.31W  u_ff=88.5W  PCAP→78W  power=77.7W
[PID] perf=29.206Hz  target=9.505Hz  err=-19.701Hz  corr=-405.35W  u_ff=88.5W  PCAP→78W  power=78.0W
[PID] perf=29.208Hz  target=9.505Hz  err=-19.703Hz  corr=-405.39W  u_ff=88.5W  PCAP→78W  power=77.1W
[PID] perf=29.235Hz  target=9.505Hz  err=-19.730Hz  corr=-405.88W  u_ff=88.5W  PCAP→78W  power=78.2W
[PID] perf=29.268Hz  target=9.505Hz  err=-19.763Hz  corr=-406.49W  u_ff=88.5W  PCAP→78W  power=77.4W
[PID] perf=29.194Hz  target=9.505Hz  err=-19.689Hz  corr=-405.13W  u_ff=88.5W  PCAP→78W  power=78.2W
[PID] perf=29.206Hz  target=9.505Hz  err=-19.701Hz  corr=-405.35W  u_ff=88.5W  PCAP→78W  power=79.1W
[PID] perf=29.214Hz  target=9.505Hz  err=-19.709Hz  corr=-405.49W  u_ff=88.5W  PCAP→78W  power=77.7W
[PID] perf=29.257Hz  target=9.505Hz  err=-19.751Hz  corr=-406.28W  u_ff=88.5W  PCAP→78W  power=76.3W
[PID] perf=29.236Hz  target=9.505Hz  err=-19.731Hz  corr=-405.91W  u_ff=88.5W  PCAP→78W  power=78.7W
[PID] perf=29.229Hz  target=9.505Hz  err=-19.724Hz  corr=-405.77W  u_ff=88.5W  PCAP→78W  power=78.7W
[PID] perf=29.212Hz  target=9.505Hz  err=-19.707Hz  corr=-405.46W  u_ff=88.5W  PCAP→78W  power=77.0W
[PID] perf=29.210Hz  target=9.505Hz  err=-19.704Hz  corr=-405.41W  u_ff=88.5W  PCAP→78W  power=78.3W
[PID] perf=29.209Hz  target=9.505Hz  err=-19.703Hz  corr=-405.39W  u_ff=88.5W  PCAP→78W  power=77.9W
[PID] perf=29.215Hz  target=9.505Hz  err=-19.710Hz  corr=-405.51W  u_ff=88.5W  PCAP→78W  power=76.6W
[PID] perf=29.227Hz  target=9.505Hz  err=-19.722Hz  corr=-405.74W  u_ff=88.5W  PCAP→78W  power=77.3W
[PID] perf=29.211Hz  target=9.505Hz  err=-19.706Hz  corr=-405.44W  u_ff=88.5W  PCAP→78W  power=77.1W
[PID] perf=29.214Hz  target=9.505Hz  err=-19.709Hz  corr=-405.49W  u_ff=88.5W  PCAP→78W  power=77.4W
[PID] perf=29.231Hz  target=9.505Hz  err=-19.726Hz  corr=-405.81W  u_ff=88.5W  PCAP→78W  power=78.2W
[PID] perf=29.215Hz  target=9.505Hz  err=-19.709Hz  corr=-405.50W  u_ff=88.5W  PCAP→78W  power=77.7W
[PID] perf=29.202Hz  target=9.505Hz  err=-19.697Hz  corr=-405.27W  u_ff=88.5W  PCAP→78W  power=78.9W
[PID] perf=29.227Hz  target=9.505Hz  err=-19.722Hz  corr=-405.74W  u_ff=88.5W  PCAP→78W  power=77.2W
[PID] perf=29.239Hz  target=9.505Hz  err=-19.734Hz  corr=-405.96W  u_ff=88.5W  PCAP→78W  power=77.2W
[PID] perf=29.217Hz  target=9.505Hz  err=-19.712Hz  corr=-405.55W  u_ff=88.5W  PCAP→78W  power=76.7W
[PID] perf=29.228Hz  target=9.505Hz  err=-19.722Hz  corr=-405.74W  u_ff=88.5W  PCAP→78W  power=78.0W
[PID] perf=29.192Hz  target=9.505Hz  err=-19.687Hz  corr=-405.09W  u_ff=88.5W  PCAP→78W  power=79.1W
[PID] perf=29.222Hz  target=9.505Hz  err=-19.717Hz  corr=-405.65W  u_ff=88.5W  PCAP→78W  power=78.3W
[PID] perf=29.202Hz  target=9.505Hz  err=-19.696Hz  corr=-405.26W  u_ff=88.5W  PCAP→78W  power=78.9W
[PID] perf=29.207Hz  target=9.505Hz  err=-19.702Hz  corr=-405.36W  u_ff=88.5W  PCAP→78W  power=77.5W
[PID] perf=29.214Hz  target=9.505Hz  err=-19.709Hz  corr=-405.50W  u_ff=88.5W  PCAP→78W  power=77.6W
[PID] perf=29.228Hz  target=9.505Hz  err=-19.723Hz  corr=-405.76W  u_ff=88.5W  PCAP→78W  power=76.6W
[PID] perf=29.219Hz  target=9.505Hz  err=-19.714Hz  corr=-405.59W  u_ff=88.5W  PCAP→78W  power=77.9W
[PID] perf=29.204Hz  target=9.505Hz  err=-19.699Hz  corr=-405.31W  u_ff=88.5W  PCAP→78W  power=78.0W
[PID] perf=29.230Hz  target=9.505Hz  err=-19.725Hz  corr=-405.80W  u_ff=88.5W  PCAP→78W  power=78.2W
[PID] perf=29.200Hz  target=9.505Hz  err=-19.695Hz  corr=-405.23W  u_ff=88.5W  PCAP→78W  power=78.2W
[PID] perf=29.221Hz  target=9.505Hz  err=-19.716Hz  corr=-405.63W  u_ff=88.5W  PCAP→78W  power=78.7W
[PID] perf=29.212Hz  target=9.505Hz  err=-19.707Hz  corr=-405.46W  u_ff=88.5W  PCAP→78W  power=77.2W
[PID] perf=29.221Hz  target=9.505Hz  err=-19.716Hz  corr=-405.63W  u_ff=88.5W  PCAP→78W  power=77.8W
[PID] perf=29.193Hz  target=9.505Hz  err=-19.688Hz  corr=-405.11W  u_ff=88.5W  PCAP→78W  power=78.8W
[PID] perf=29.211Hz  target=9.505Hz  err=-19.706Hz  corr=-405.45W  u_ff=88.5W  PCAP→78W  power=78.0W
[PID] perf=29.249Hz  target=9.505Hz  err=-19.743Hz  corr=-406.14W  u_ff=88.5W  PCAP→78W  power=78.6W
[PID] perf=29.208Hz  target=9.505Hz  err=-19.703Hz  corr=-405.38W  u_ff=88.5W  PCAP→78W  power=78.9W
[PID] perf=29.210Hz  target=9.505Hz  err=-19.705Hz  corr=-405.43W  u_ff=88.5W  PCAP→78W  power=78.0W
[PID] perf=29.179Hz  target=9.505Hz  err=-19.674Hz  corr=-404.85W  u_ff=88.5W  PCAP→78W  power=78.3W
[PID] perf=29.219Hz  target=9.505Hz  err=-19.714Hz  corr=-405.58W  u_ff=88.5W  PCAP→78W  power=79.0W
[PID] perf=29.221Hz  target=9.505Hz  err=-19.716Hz  corr=-405.62W  u_ff=88.5W  PCAP→78W  power=78.6W
[PID] perf=29.236Hz  target=9.505Hz  err=-19.731Hz  corr=-405.90W  u_ff=88.5W  PCAP→78W  power=77.9W
[PID] perf=29.205Hz  target=9.505Hz  err=-19.700Hz  corr=-405.32W  u_ff=88.5W  PCAP→78W  power=78.0W
[PID] perf=29.233Hz  target=9.505Hz  err=-19.728Hz  corr=-405.84W  u_ff=88.5W  PCAP→78W  power=76.9W
[PID] perf=29.226Hz  target=9.505Hz  err=-19.721Hz  corr=-405.72W  u_ff=88.5W  PCAP→78W  power=77.8W
[PID] perf=29.267Hz  target=9.505Hz  err=-19.762Hz  corr=-406.48W  u_ff=88.5W  PCAP→78W  power=77.8W
[PID] perf=29.249Hz  target=9.505Hz  err=-19.744Hz  corr=-406.14W  u_ff=88.5W  PCAP→78W  power=78.8W
[PID] perf=27.141Hz  target=9.505Hz  err=-17.636Hz  corr=-367.05W  u_ff=88.5W  PCAP→78W  power=76.9W
[PID] perf=27.168Hz  target=9.505Hz  err=-17.663Hz  corr=-367.55W  u_ff=88.5W  PCAP→78W  power=76.7W
[PID] perf=27.161Hz  target=9.505Hz  err=-17.655Hz  corr=-367.41W  u_ff=88.5W  PCAP→78W  power=79.0W
[PID] perf=27.182Hz  target=9.505Hz  err=-17.676Hz  corr=-367.80W  u_ff=88.5W  PCAP→78W  power=77.8W
[PID] perf=27.178Hz  target=9.505Hz  err=-17.672Hz  corr=-367.73W  u_ff=88.5W  PCAP→78W  power=77.9W
[PID] perf=27.171Hz  target=9.505Hz  err=-17.665Hz  corr=-367.60W  u_ff=88.5W  PCAP→78W  power=79.0W
[PID] perf=27.175Hz  target=9.505Hz  err=-17.670Hz  corr=-367.68W  u_ff=88.5W  PCAP→78W  power=79.2W
[PID] perf=27.192Hz  target=9.505Hz  err=-17.686Hz  corr=-367.99W  u_ff=88.5W  PCAP→78W  power=78.2W
[PID] perf=27.229Hz  target=9.505Hz  err=-17.724Hz  corr=-368.69W  u_ff=88.5W  PCAP→78W  power=78.4W
[PID] perf=27.207Hz  target=9.505Hz  err=-17.702Hz  corr=-368.27W  u_ff=88.5W  PCAP→78W  power=77.9W
[PID] perf=27.218Hz  target=9.505Hz  err=-17.713Hz  corr=-368.48W  u_ff=88.5W  PCAP→78W  power=77.5W
[PID] perf=27.205Hz  target=9.505Hz  err=-17.700Hz  corr=-368.23W  u_ff=88.5W  PCAP→78W  power=79.1W
[PID] perf=27.190Hz  target=9.505Hz  err=-17.685Hz  corr=-367.96W  u_ff=88.5W  PCAP→78W  power=78.0W
[PID] perf=27.212Hz  target=9.505Hz  err=-17.707Hz  corr=-368.37W  u_ff=88.5W  PCAP→78W  power=77.0W
[PID] perf=27.235Hz  target=9.505Hz  err=-17.730Hz  corr=-368.79W  u_ff=88.5W  PCAP→78W  power=76.7W
[PID] perf=27.221Hz  target=9.505Hz  err=-17.716Hz  corr=-368.54W  u_ff=88.5W  PCAP→78W  power=77.8W
[PID] perf=27.249Hz  target=9.505Hz  err=-17.744Hz  corr=-369.06W  u_ff=88.5W  PCAP→78W  power=78.1W
[PID] perf=27.224Hz  target=9.505Hz  err=-17.719Hz  corr=-368.58W  u_ff=88.5W  PCAP→78W  power=77.7W
[PID] perf=27.181Hz  target=9.505Hz  err=-17.676Hz  corr=-367.79W  u_ff=88.5W  PCAP→78W  power=78.2W
[PID] perf=27.215Hz  target=9.505Hz  err=-17.710Hz  corr=-368.43W  u_ff=88.5W  PCAP→78W  power=78.2W
[PID] perf=27.208Hz  target=9.505Hz  err=-17.702Hz  corr=-368.28W  u_ff=88.5W  PCAP→78W  power=78.8W
[PID] perf=27.222Hz  target=9.505Hz  err=-17.717Hz  corr=-368.55W  u_ff=88.5W  PCAP→78W  power=78.9W
[PID] perf=27.219Hz  target=9.505Hz  err=-17.714Hz  corr=-368.50W  u_ff=88.5W  PCAP→78W  power=77.7W
[PID] perf=27.222Hz  target=9.505Hz  err=-17.717Hz  corr=-368.55W  u_ff=88.5W  PCAP→78W  power=76.7W
[PID] perf=27.229Hz  target=9.505Hz  err=-17.724Hz  corr=-368.68W  u_ff=88.5W  PCAP→78W  power=77.7W
[PID] perf=27.201Hz  target=9.505Hz  err=-17.696Hz  corr=-368.16W  u_ff=88.5W  PCAP→78W  power=78.1W
[PID] perf=27.236Hz  target=9.505Hz  err=-17.731Hz  corr=-368.82W  u_ff=88.5W  PCAP→78W  power=77.5W
[PID] perf=27.211Hz  target=9.505Hz  err=-17.706Hz  corr=-368.35W  u_ff=88.5W  PCAP→78W  power=77.7W
[PID] perf=27.251Hz  target=9.505Hz  err=-17.746Hz  corr=-369.09W  u_ff=88.5W  PCAP→78W  power=77.7W
[PID] perf=27.237Hz  target=9.505Hz  err=-17.732Hz  corr=-368.83W  u_ff=88.5W  PCAP→78W  power=77.3W
[PID] perf=27.203Hz  target=9.505Hz  err=-17.698Hz  corr=-368.21W  u_ff=88.5W  PCAP→78W  power=76.6W
[PID] perf=27.212Hz  target=9.505Hz  err=-17.707Hz  corr=-368.36W  u_ff=88.5W  PCAP→78W  power=77.6W
[PID] perf=27.236Hz  target=9.505Hz  err=-17.731Hz  corr=-368.81W  u_ff=88.5W  PCAP→78W  power=78.1W
[PID] perf=27.237Hz  target=9.505Hz  err=-17.731Hz  corr=-368.82W  u_ff=88.5W  PCAP→78W  power=78.6W
[PID] perf=27.213Hz  target=9.505Hz  err=-17.708Hz  corr=-368.39W  u_ff=88.5W  PCAP→78W  power=78.0W
[PID] perf=27.174Hz  target=9.505Hz  err=-17.669Hz  corr=-367.66W  u_ff=88.5W  PCAP→78W  power=79.1W
[PID] perf=27.239Hz  target=9.505Hz  err=-17.734Hz  corr=-368.87W  u_ff=88.5W  PCAP→78W  power=77.9W
[PID] perf=27.215Hz  target=9.505Hz  err=-17.710Hz  corr=-368.43W  u_ff=88.5W  PCAP→78W  power=77.6W
[PID] perf=27.220Hz  target=9.505Hz  err=-17.715Hz  corr=-368.51W  u_ff=88.5W  PCAP→78W  power=77.4W
[PID] perf=27.204Hz  target=9.505Hz  err=-17.699Hz  corr=-368.22W  u_ff=88.5W  PCAP→78W  power=78.8W
[PID] perf=27.215Hz  target=9.505Hz  err=-17.709Hz  corr=-368.41W  u_ff=88.5W  PCAP→78W  power=77.5W
[PID] perf=27.210Hz  target=9.505Hz  err=-17.705Hz  corr=-368.34W  u_ff=88.5W  PCAP→78W  power=76.4W
[PID] perf=27.229Hz  target=9.505Hz  err=-17.724Hz  corr=-368.68W  u_ff=88.5W  PCAP→78W  power=77.7W
[PID] perf=27.203Hz  target=9.505Hz  err=-17.698Hz  corr=-368.20W  u_ff=88.5W  PCAP→78W  power=78.6W
[PID] perf=27.202Hz  target=9.505Hz  err=-17.697Hz  corr=-368.18W  u_ff=88.5W  PCAP→78W  power=78.8W
[PID] perf=27.231Hz  target=9.505Hz  err=-17.726Hz  corr=-368.71W  u_ff=88.5W  PCAP→78W  power=76.7W
[PID] perf=27.227Hz  target=9.505Hz  err=-17.721Hz  corr=-368.64W  u_ff=88.5W  PCAP→78W  power=77.8W
[PID] perf=27.254Hz  target=9.505Hz  err=-17.749Hz  corr=-369.15W  u_ff=88.5W  PCAP→78W  power=77.4W
[PID] perf=27.232Hz  target=9.505Hz  err=-17.726Hz  corr=-368.73W  u_ff=88.5W  PCAP→78W  power=77.9W
[PID] perf=27.233Hz  target=9.505Hz  err=-17.728Hz  corr=-368.75W  u_ff=88.5W  PCAP→78W  power=77.7W
[PID] perf=27.219Hz  target=9.505Hz  err=-17.713Hz  corr=-368.49W  u_ff=88.5W  PCAP→78W  power=77.5W
[PID] perf=27.231Hz  target=9.505Hz  err=-17.726Hz  corr=-368.73W  u_ff=88.5W  PCAP→78W  power=76.4W
[PID] perf=27.219Hz  target=9.505Hz  err=-17.714Hz  corr=-368.50W  u_ff=88.5W  PCAP→78W  power=78.2W
[PID] perf=27.191Hz  target=9.505Hz  err=-17.685Hz  corr=-367.97W  u_ff=88.5W  PCAP→78W  power=79.1W
[PID] perf=27.226Hz  target=9.505Hz  err=-17.721Hz  corr=-368.63W  u_ff=88.5W  PCAP→78W  power=77.9W
[PID] perf=27.169Hz  target=9.505Hz  err=-17.664Hz  corr=-367.58W  u_ff=88.5W  PCAP→78W  power=76.9W
[PID] perf=27.158Hz  target=9.505Hz  err=-17.653Hz  corr=-367.37W  u_ff=88.5W  PCAP→78W  power=77.5W
[PID] perf=27.132Hz  target=9.505Hz  err=-17.627Hz  corr=-366.89W  u_ff=88.5W  PCAP→78W  power=77.3W
[PID] perf=27.136Hz  target=9.505Hz  err=-17.631Hz  corr=-366.96W  u_ff=88.5W  PCAP→78W  power=77.3W
[PID] perf=27.135Hz  target=9.505Hz  err=-17.630Hz  corr=-366.93W  u_ff=88.5W  PCAP→78W  power=77.8W
[PID] perf=27.164Hz  target=9.505Hz  err=-17.659Hz  corr=-367.48W  u_ff=88.5W  PCAP→78W  power=77.4W
[PID] perf=27.108Hz  target=9.505Hz  err=-17.603Hz  corr=-366.44W  u_ff=88.5W  PCAP→78W  power=76.4W
[PID] perf=27.191Hz  target=9.505Hz  err=-17.686Hz  corr=-367.98W  u_ff=88.5W  PCAP→78W  power=77.9W
[PID] perf=27.214Hz  target=9.505Hz  err=-17.709Hz  corr=-368.40W  u_ff=88.5W  PCAP→78W  power=77.5W
[PID] perf=27.196Hz  target=9.505Hz  err=-17.691Hz  corr=-368.07W  u_ff=88.5W  PCAP→78W  power=78.5W
[PID] perf=27.186Hz  target=9.505Hz  err=-17.680Hz  corr=-367.88W  u_ff=88.5W  PCAP→78W  power=77.1W
[PID] perf=27.141Hz  target=9.505Hz  err=-17.635Hz  corr=-367.04W  u_ff=88.5W  PCAP→78W  power=77.6W
[PID] perf=27.202Hz  target=9.505Hz  err=-17.697Hz  corr=-368.18W  u_ff=88.5W  PCAP→78W  power=78.5W
[PID] perf=27.224Hz  target=9.505Hz  err=-17.719Hz  corr=-368.60W  u_ff=88.5W  PCAP→78W  power=76.6W
[PID] perf=27.238Hz  target=9.505Hz  err=-17.733Hz  corr=-368.85W  u_ff=88.5W  PCAP→78W  power=78.9W
[PID] perf=27.223Hz  target=9.505Hz  err=-17.718Hz  corr=-368.58W  u_ff=88.5W  PCAP→78W  power=77.7W
[PID] perf=27.238Hz  target=9.505Hz  err=-17.732Hz  corr=-368.84W  u_ff=88.5W  PCAP→78W  power=78.7W
[PID] perf=27.228Hz  target=9.505Hz  err=-17.722Hz  corr=-368.66W  u_ff=88.5W  PCAP→78W  power=76.9W
[PID] perf=27.181Hz  target=9.505Hz  err=-17.676Hz  corr=-367.79W  u_ff=88.5W  PCAP→78W  power=78.6W
[PID] perf=27.167Hz  target=9.505Hz  err=-17.662Hz  corr=-367.54W  u_ff=88.5W  PCAP→78W  power=76.7W
[PID] perf=27.149Hz  target=9.505Hz  err=-17.644Hz  corr=-367.21W  u_ff=88.5W  PCAP→78W  power=78.0W
[PID] perf=26.585Hz  target=9.505Hz  err=-17.079Hz  corr=-356.73W  u_ff=88.5W  PCAP→78W  power=79.3W
[PID] perf=26.621Hz  target=9.505Hz  err=-17.116Hz  corr=-357.40W  u_ff=88.5W  PCAP→78W  power=76.7W
[PID] perf=26.614Hz  target=9.505Hz  err=-17.109Hz  corr=-357.27W  u_ff=88.5W  PCAP→78W  power=77.8W
[PID] perf=26.658Hz  target=9.505Hz  err=-17.153Hz  corr=-358.09W  u_ff=88.5W  PCAP→78W  power=76.6W
[PID] perf=26.667Hz  target=9.505Hz  err=-17.161Hz  corr=-358.25W  u_ff=88.5W  PCAP→78W  power=77.9W
[PID] perf=26.064Hz  target=9.505Hz  err=-16.558Hz  corr=-347.07W  u_ff=88.5W  PCAP→78W  power=77.1W
[PID] perf=26.081Hz  target=9.505Hz  err=-16.576Hz  corr=-347.40W  u_ff=88.5W  PCAP→78W  power=78.1W
[PID] perf=26.143Hz  target=9.505Hz  err=-16.638Hz  corr=-348.54W  u_ff=88.5W  PCAP→78W  power=77.5W
[PID] perf=26.159Hz  target=9.505Hz  err=-16.654Hz  corr=-348.84W  u_ff=88.5W  PCAP→78W  power=78.0W
[PID] perf=26.126Hz  target=9.505Hz  err=-16.621Hz  corr=-348.23W  u_ff=88.5W  PCAP→78W  power=76.6W
[PID] perf=26.147Hz  target=9.505Hz  err=-16.642Hz  corr=-348.62W  u_ff=88.5W  PCAP→78W  power=77.2W
[PID] perf=26.124Hz  target=9.505Hz  err=-16.619Hz  corr=-348.18W  u_ff=88.5W  PCAP→78W  power=78.3W
[PID] perf=26.091Hz  target=9.505Hz  err=-16.586Hz  corr=-347.58W  u_ff=88.5W  PCAP→78W  power=78.6W
[PID] perf=26.110Hz  target=9.505Hz  err=-16.605Hz  corr=-347.93W  u_ff=88.5W  PCAP→78W  power=77.9W
[PID] perf=26.136Hz  target=9.505Hz  err=-16.631Hz  corr=-348.41W  u_ff=88.5W  PCAP→78W  power=77.5W
[PID] perf=26.125Hz  target=9.505Hz  err=-16.619Hz  corr=-348.20W  u_ff=88.5W  PCAP→78W  power=78.8W
[PID] perf=26.419Hz  target=9.505Hz  err=-16.913Hz  corr=-353.65W  u_ff=88.5W  PCAP→78W  power=77.9W
[PID] perf=26.441Hz  target=9.505Hz  err=-16.935Hz  corr=-354.06W  u_ff=88.5W  PCAP→78W  power=78.7W
[PID] perf=26.425Hz  target=9.505Hz  err=-16.920Hz  corr=-353.77W  u_ff=88.5W  PCAP→78W  power=77.3W
[PID] perf=26.434Hz  target=9.505Hz  err=-16.928Hz  corr=-353.93W  u_ff=88.5W  PCAP→78W  power=76.8W
[PID] perf=26.474Hz  target=9.505Hz  err=-16.969Hz  corr=-354.68W  u_ff=88.5W  PCAP→78W  power=78.6W
[PID] perf=26.457Hz  target=9.505Hz  err=-16.952Hz  corr=-354.37W  u_ff=88.5W  PCAP→78W  power=78.3W
[PID] perf=26.452Hz  target=9.505Hz  err=-16.947Hz  corr=-354.28W  u_ff=88.5W  PCAP→78W  power=76.4W
[PID] perf=26.447Hz  target=9.505Hz  err=-16.942Hz  corr=-354.18W  u_ff=88.5W  PCAP→78W  power=76.3W
[PID] perf=26.450Hz  target=9.505Hz  err=-16.945Hz  corr=-354.24W  u_ff=88.5W  PCAP→78W  power=77.4W
[PID] perf=26.431Hz  target=9.505Hz  err=-16.925Hz  corr=-353.88W  u_ff=88.5W  PCAP→78W  power=79.1W
[PID] perf=26.472Hz  target=9.505Hz  err=-16.967Hz  corr=-354.65W  u_ff=88.5W  PCAP→78W  power=78.5W
[PID] perf=26.463Hz  target=9.505Hz  err=-16.958Hz  corr=-354.47W  u_ff=88.5W  PCAP→78W  power=77.0W
[PID] perf=26.454Hz  target=9.505Hz  err=-16.949Hz  corr=-354.32W  u_ff=88.5W  PCAP→78W  power=78.0W
[PID] perf=26.079Hz  target=9.505Hz  err=-16.574Hz  corr=-347.37W  u_ff=88.5W  PCAP→78W  power=77.9W
[PID] perf=26.464Hz  target=9.505Hz  err=-16.959Hz  corr=-354.49W  u_ff=88.5W  PCAP→78W  power=76.9W
[PID] perf=26.482Hz  target=9.505Hz  err=-16.977Hz  corr=-354.82W  u_ff=88.5W  PCAP→78W  power=76.8W
[PID] perf=26.437Hz  target=9.505Hz  err=-16.932Hz  corr=-354.00W  u_ff=88.5W  PCAP→78W  power=77.9W
[PID] perf=26.463Hz  target=9.505Hz  err=-16.958Hz  corr=-354.49W  u_ff=88.5W  PCAP→78W  power=77.9W
[PID] perf=26.467Hz  target=9.505Hz  err=-16.962Hz  corr=-354.55W  u_ff=88.5W  PCAP→78W  power=77.6W
[PID] perf=26.454Hz  target=9.505Hz  err=-16.949Hz  corr=-354.32W  u_ff=88.5W  PCAP→78W  power=78.3W
[PID] perf=26.462Hz  target=9.505Hz  err=-16.957Hz  corr=-354.46W  u_ff=88.5W  PCAP→78W  power=77.0W
[PID] perf=26.478Hz  target=9.505Hz  err=-16.973Hz  corr=-354.76W  u_ff=88.5W  PCAP→78W  power=77.0W
[PID] perf=26.475Hz  target=9.505Hz  err=-16.969Hz  corr=-354.69W  u_ff=88.5W  PCAP→78W  power=77.0W
[PID] perf=26.494Hz  target=9.505Hz  err=-16.988Hz  corr=-355.04W  u_ff=88.5W  PCAP→78W  power=77.3W
[PID] perf=26.485Hz  target=9.505Hz  err=-16.980Hz  corr=-354.88W  u_ff=88.5W  PCAP→78W  power=78.3W
[PID] perf=26.493Hz  target=9.505Hz  err=-16.988Hz  corr=-355.03W  u_ff=88.5W  PCAP→78W  power=78.9W
[PID] perf=26.413Hz  target=9.505Hz  err=-16.908Hz  corr=-353.56W  u_ff=88.5W  PCAP→78W  power=77.0W
[PID] perf=26.476Hz  target=9.505Hz  err=-16.971Hz  corr=-354.71W  u_ff=88.5W  PCAP→78W  power=76.7W
[PID] perf=26.605Hz  target=9.505Hz  err=-17.099Hz  corr=-357.10W  u_ff=88.5W  PCAP→78W  power=77.4W
[PID] perf=27.067Hz  target=9.505Hz  err=-17.561Hz  corr=-365.67W  u_ff=88.5W  PCAP→78W  power=77.7W
[PID] perf=27.183Hz  target=9.505Hz  err=-17.677Hz  corr=-367.82W  u_ff=88.5W  PCAP→78W  power=78.3W
[PID] perf=27.157Hz  target=9.505Hz  err=-17.652Hz  corr=-367.35W  u_ff=88.5W  PCAP→78W  power=78.4W
[PID] perf=27.189Hz  target=9.505Hz  err=-17.683Hz  corr=-367.93W  u_ff=88.5W  PCAP→78W  power=76.9W
[PID] perf=27.201Hz  target=9.505Hz  err=-17.696Hz  corr=-368.16W  u_ff=88.5W  PCAP→78W  power=77.3W
[PID] perf=27.183Hz  target=9.505Hz  err=-17.678Hz  corr=-367.83W  u_ff=88.5W  PCAP→78W  power=78.2W
[PID] perf=27.175Hz  target=9.505Hz  err=-17.670Hz  corr=-367.68W  u_ff=88.5W  PCAP→78W  power=78.3W
[PID] perf=27.188Hz  target=9.505Hz  err=-17.683Hz  corr=-367.93W  u_ff=88.5W  PCAP→78W  power=77.7W
[PID] perf=27.190Hz  target=9.505Hz  err=-17.684Hz  corr=-367.95W  u_ff=88.5W  PCAP→78W  power=76.4W
[PID] perf=27.192Hz  target=9.505Hz  err=-17.687Hz  corr=-368.00W  u_ff=88.5W  PCAP→78W  power=77.6W
[PID] perf=27.188Hz  target=9.505Hz  err=-17.683Hz  corr=-367.92W  u_ff=88.5W  PCAP→78W  power=77.7W
[PID] perf=27.206Hz  target=9.505Hz  err=-17.701Hz  corr=-368.26W  u_ff=88.5W  PCAP→78W  power=78.2W
[PID] perf=27.151Hz  target=9.505Hz  err=-17.646Hz  corr=-367.24W  u_ff=88.5W  PCAP→78W  power=77.8W
[PID] perf=27.187Hz  target=9.505Hz  err=-17.682Hz  corr=-367.90W  u_ff=88.5W  PCAP→78W  power=77.3W
[PID] perf=27.182Hz  target=9.505Hz  err=-17.677Hz  corr=-367.81W  u_ff=88.5W  PCAP→78W  power=77.6W
[PID] perf=27.187Hz  target=9.505Hz  err=-17.682Hz  corr=-367.90W  u_ff=88.5W  PCAP→78W  power=79.5W
[PID] perf=27.199Hz  target=9.505Hz  err=-17.694Hz  corr=-368.14W  u_ff=88.5W  PCAP→78W  power=78.8W
[PID] perf=27.234Hz  target=9.505Hz  err=-17.729Hz  corr=-368.78W  u_ff=88.5W  PCAP→78W  power=78.5W
[PID] perf=27.229Hz  target=9.505Hz  err=-17.724Hz  corr=-368.69W  u_ff=88.5W  PCAP→78W  power=79.1W
[PID] perf=26.995Hz  target=9.505Hz  err=-17.490Hz  corr=-364.34W  u_ff=88.5W  PCAP→78W  power=79.5W
[PID] perf=27.244Hz  target=9.505Hz  err=-17.739Hz  corr=-368.97W  u_ff=88.5W  PCAP→78W  power=78.4W
[PID] perf=27.276Hz  target=9.505Hz  err=-17.771Hz  corr=-369.55W  u_ff=88.5W  PCAP→78W  power=77.9W
[PID] perf=27.256Hz  target=9.505Hz  err=-17.751Hz  corr=-369.18W  u_ff=88.5W  PCAP→78W  power=79.2W
[PID] perf=27.271Hz  target=9.505Hz  err=-17.766Hz  corr=-369.46W  u_ff=88.5W  PCAP→78W  power=78.1W
[PID] perf=27.290Hz  target=9.505Hz  err=-17.785Hz  corr=-369.82W  u_ff=88.5W  PCAP→78W  power=77.8W
[PID] perf=27.293Hz  target=9.505Hz  err=-17.788Hz  corr=-369.87W  u_ff=88.5W  PCAP→78W  power=77.6W
[PID] perf=27.296Hz  target=9.505Hz  err=-17.791Hz  corr=-369.92W  u_ff=88.5W  PCAP→78W  power=77.9W
[PID] perf=27.294Hz  target=9.505Hz  err=-17.789Hz  corr=-369.89W  u_ff=88.5W  PCAP→78W  power=78.8W
[PID] perf=27.254Hz  target=9.505Hz  err=-17.749Hz  corr=-369.15W  u_ff=88.5W  PCAP→78W  power=77.0W
[PID] perf=27.285Hz  target=9.505Hz  err=-17.780Hz  corr=-369.73W  u_ff=88.5W  PCAP→78W  power=77.5W
[PID] perf=27.306Hz  target=9.505Hz  err=-17.800Hz  corr=-370.10W  u_ff=88.5W  PCAP→78W  power=78.0W
[PID] perf=27.275Hz  target=9.505Hz  err=-17.770Hz  corr=-369.54W  u_ff=88.5W  PCAP→78W  power=77.9W
[PID] perf=27.258Hz  target=9.505Hz  err=-17.753Hz  corr=-369.22W  u_ff=88.5W  PCAP→78W  power=77.3W
[PID] perf=27.247Hz  target=9.505Hz  err=-17.742Hz  corr=-369.03W  u_ff=88.5W  PCAP→78W  power=77.6W
[PID] perf=27.290Hz  target=9.505Hz  err=-17.785Hz  corr=-369.81W  u_ff=88.5W  PCAP→78W  power=77.4W
[PID] perf=27.267Hz  target=9.505Hz  err=-17.762Hz  corr=-369.40W  u_ff=88.5W  PCAP→78W  power=77.4W
[PID] perf=27.281Hz  target=9.505Hz  err=-17.775Hz  corr=-369.64W  u_ff=88.5W  PCAP→78W  power=77.7W
[PID] perf=27.283Hz  target=9.505Hz  err=-17.778Hz  corr=-369.68W  u_ff=88.5W  PCAP→78W  power=77.4W
[PID] perf=27.270Hz  target=9.505Hz  err=-17.765Hz  corr=-369.44W  u_ff=88.5W  PCAP→78W  power=77.3W
[PID] perf=27.277Hz  target=9.505Hz  err=-17.772Hz  corr=-369.57W  u_ff=88.5W  PCAP→78W  power=77.4W
[PID] perf=27.291Hz  target=9.505Hz  err=-17.785Hz  corr=-369.82W  u_ff=88.5W  PCAP→78W  power=78.5W
[PID] perf=27.295Hz  target=9.505Hz  err=-17.790Hz  corr=-369.91W  u_ff=88.5W  PCAP→78W  power=77.7W
[PID] perf=27.318Hz  target=9.505Hz  err=-17.813Hz  corr=-370.33W  u_ff=88.5W  PCAP→78W  power=78.5W
[PID] perf=27.281Hz  target=9.505Hz  err=-17.776Hz  corr=-369.64W  u_ff=88.5W  PCAP→78W  power=78.0W
[PID] perf=27.279Hz  target=9.505Hz  err=-17.774Hz  corr=-369.61W  u_ff=88.5W  PCAP→78W  power=77.8W
[PID] perf=27.248Hz  target=9.505Hz  err=-17.742Hz  corr=-369.03W  u_ff=88.5W  PCAP→78W  power=77.9W
[PID] perf=27.255Hz  target=9.505Hz  err=-17.750Hz  corr=-369.16W  u_ff=88.5W  PCAP→78W  power=77.7W
[PID] perf=27.278Hz  target=9.505Hz  err=-17.773Hz  corr=-369.59W  u_ff=88.5W  PCAP→78W  power=78.5W
[PID] perf=27.299Hz  target=9.505Hz  err=-17.794Hz  corr=-369.99W  u_ff=88.5W  PCAP→78W  power=77.9W
[PID] perf=27.288Hz  target=9.505Hz  err=-17.783Hz  corr=-369.78W  u_ff=88.5W  PCAP→78W  power=77.7W
[PID] perf=27.214Hz  target=9.505Hz  err=-17.709Hz  corr=-368.40W  u_ff=88.5W  PCAP→78W  power=78.6W
[PID] perf=27.196Hz  target=9.505Hz  err=-17.691Hz  corr=-368.07W  u_ff=88.5W  PCAP→78W  power=77.7W
[PID] perf=27.212Hz  target=9.505Hz  err=-17.707Hz  corr=-368.37W  u_ff=88.5W  PCAP→78W  power=77.9W
[PID] perf=27.033Hz  target=9.505Hz  err=-17.528Hz  corr=-365.05W  u_ff=88.5W  PCAP→78W  power=77.9W
[PID] perf=27.067Hz  target=9.505Hz  err=-17.562Hz  corr=-365.69W  u_ff=88.5W  PCAP→78W  power=77.8W
[PID] perf=27.075Hz  target=9.505Hz  err=-17.570Hz  corr=-365.83W  u_ff=88.5W  PCAP→78W  power=77.9W
[PID] perf=27.094Hz  target=9.505Hz  err=-17.589Hz  corr=-366.18W  u_ff=88.5W  PCAP→78W  power=77.9W
[PID] perf=27.092Hz  target=9.505Hz  err=-17.587Hz  corr=-366.15W  u_ff=88.5W  PCAP→78W  power=77.4W
[PID] perf=27.083Hz  target=9.505Hz  err=-17.578Hz  corr=-365.98W  u_ff=88.5W  PCAP→78W  power=78.3W
[PID] perf=27.096Hz  target=9.505Hz  err=-17.591Hz  corr=-366.22W  u_ff=88.5W  PCAP→78W  power=79.4W
[PID] perf=27.114Hz  target=9.505Hz  err=-17.609Hz  corr=-366.56W  u_ff=88.5W  PCAP→78W  power=77.6W
[PID] perf=27.254Hz  target=9.505Hz  err=-17.749Hz  corr=-369.15W  u_ff=88.5W  PCAP→78W  power=77.5W
[PID] perf=27.272Hz  target=9.505Hz  err=-17.767Hz  corr=-369.48W  u_ff=88.5W  PCAP→78W  power=76.4W
[PID] perf=27.243Hz  target=9.505Hz  err=-17.738Hz  corr=-368.95W  u_ff=88.5W  PCAP→78W  power=78.8W
[PID] perf=27.229Hz  target=9.505Hz  err=-17.723Hz  corr=-368.68W  u_ff=88.5W  PCAP→78W  power=77.4W
[PID] perf=27.198Hz  target=9.505Hz  err=-17.693Hz  corr=-368.10W  u_ff=88.5W  PCAP→78W  power=77.5W
[PID] perf=27.227Hz  target=9.505Hz  err=-17.722Hz  corr=-368.65W  u_ff=88.5W  PCAP→78W  power=77.1W
[PID] perf=27.192Hz  target=9.505Hz  err=-17.687Hz  corr=-367.99W  u_ff=88.5W  PCAP→78W  power=77.3W
[PID] perf=27.226Hz  target=9.505Hz  err=-17.720Hz  corr=-368.62W  u_ff=88.5W  PCAP→78W  power=77.7W
[PID] perf=27.208Hz  target=9.505Hz  err=-17.703Hz  corr=-368.29W  u_ff=88.5W  PCAP→78W  power=77.3W
[PID] perf=27.246Hz  target=9.505Hz  err=-17.741Hz  corr=-369.00W  u_ff=88.5W  PCAP→78W  power=77.1W
[PID] perf=28.491Hz  target=9.505Hz  err=-18.986Hz  corr=-392.09W  u_ff=88.5W  PCAP→78W  power=77.9W
[PID] perf=28.342Hz  target=9.505Hz  err=-18.837Hz  corr=-389.33W  u_ff=88.5W  PCAP→78W  power=78.7W
[PID] perf=27.591Hz  target=9.505Hz  err=-18.086Hz  corr=-375.40W  u_ff=88.5W  PCAP→78W  power=78.0W
[PID] perf=27.555Hz  target=9.505Hz  err=-18.050Hz  corr=-374.73W  u_ff=88.5W  PCAP→78W  power=77.9W
[PID] perf=27.588Hz  target=9.505Hz  err=-18.083Hz  corr=-375.34W  u_ff=88.5W  PCAP→78W  power=77.8W
[PID] perf=27.601Hz  target=9.505Hz  err=-18.096Hz  corr=-375.59W  u_ff=88.5W  PCAP→78W  power=76.5W
[PID] perf=27.588Hz  target=9.505Hz  err=-18.082Hz  corr=-375.33W  u_ff=88.5W  PCAP→78W  power=78.2W
[PID] perf=27.587Hz  target=9.505Hz  err=-18.081Hz  corr=-375.32W  u_ff=88.5W  PCAP→78W  power=78.0W
[PID] perf=27.565Hz  target=9.505Hz  err=-18.060Hz  corr=-374.91W  u_ff=88.5W  PCAP→78W  power=78.4W
[PID] perf=27.577Hz  target=9.505Hz  err=-18.072Hz  corr=-375.13W  u_ff=88.5W  PCAP→78W  power=77.7W
[PID] perf=27.613Hz  target=9.505Hz  err=-18.108Hz  corr=-375.80W  u_ff=88.5W  PCAP→78W  power=78.1W
[PID] perf=27.596Hz  target=9.505Hz  err=-18.091Hz  corr=-375.49W  u_ff=88.5W  PCAP→78W  power=79.2W
[PID] perf=27.636Hz  target=9.505Hz  err=-18.130Hz  corr=-376.22W  u_ff=88.5W  PCAP→78W  power=76.3W
[PID] perf=27.597Hz  target=9.505Hz  err=-18.092Hz  corr=-375.52W  u_ff=88.5W  PCAP→78W  power=77.7W
[PID] perf=27.581Hz  target=9.505Hz  err=-18.076Hz  corr=-375.21W  u_ff=88.5W  PCAP→78W  power=78.2W
[PID] perf=27.597Hz  target=9.505Hz  err=-18.091Hz  corr=-375.50W  u_ff=88.5W  PCAP→78W  power=77.3W
[PID] perf=27.568Hz  target=9.505Hz  err=-18.063Hz  corr=-374.98W  u_ff=88.5W  PCAP→78W  power=77.7W
[PID] perf=27.597Hz  target=9.505Hz  err=-18.092Hz  corr=-375.52W  u_ff=88.5W  PCAP→78W  power=78.4W
[PID] perf=27.614Hz  target=9.505Hz  err=-18.108Hz  corr=-375.81W  u_ff=88.5W  PCAP→78W  power=76.6W
[PID] perf=27.570Hz  target=9.505Hz  err=-18.065Hz  corr=-375.00W  u_ff=88.5W  PCAP→78W  power=77.2W
[PID] perf=27.576Hz  target=9.505Hz  err=-18.071Hz  corr=-375.12W  u_ff=88.5W  PCAP→78W  power=78.2W
[PID] perf=27.620Hz  target=9.505Hz  err=-18.114Hz  corr=-375.93W  u_ff=88.5W  PCAP→78W  power=77.6W
[PID] perf=27.599Hz  target=9.505Hz  err=-18.094Hz  corr=-375.54W  u_ff=88.5W  PCAP→78W  power=78.8W
[PID] perf=27.583Hz  target=9.505Hz  err=-18.077Hz  corr=-375.24W  u_ff=88.5W  PCAP→78W  power=78.9W
[PID] perf=27.567Hz  target=9.505Hz  err=-18.061Hz  corr=-374.94W  u_ff=88.5W  PCAP→78W  power=77.3W
[PID] perf=27.588Hz  target=9.505Hz  err=-18.083Hz  corr=-375.35W  u_ff=88.5W  PCAP→78W  power=78.4W
[PID] perf=27.627Hz  target=9.505Hz  err=-18.122Hz  corr=-376.07W  u_ff=88.5W  PCAP→78W  power=78.4W
[PID] perf=27.586Hz  target=9.505Hz  err=-18.081Hz  corr=-375.30W  u_ff=88.5W  PCAP→78W  power=77.4W
[PID] perf=27.591Hz  target=9.505Hz  err=-18.086Hz  corr=-375.40W  u_ff=88.5W  PCAP→78W  power=78.3W
[PID] perf=27.568Hz  target=9.505Hz  err=-18.062Hz  corr=-374.96W  u_ff=88.5W  PCAP→78W  power=77.7W
[PID] perf=27.588Hz  target=9.505Hz  err=-18.083Hz  corr=-375.34W  u_ff=88.5W  PCAP→78W  power=77.1W
[PID] perf=27.578Hz  target=9.505Hz  err=-18.073Hz  corr=-375.15W  u_ff=88.5W  PCAP→78W  power=78.8W
[PID] perf=27.555Hz  target=9.505Hz  err=-18.050Hz  corr=-374.72W  u_ff=88.5W  PCAP→78W  power=78.1W
[PID] perf=27.577Hz  target=9.505Hz  err=-18.072Hz  corr=-375.13W  u_ff=88.5W  PCAP→78W  power=78.2W
[PID] perf=27.581Hz  target=9.505Hz  err=-18.076Hz  corr=-375.21W  u_ff=88.5W  PCAP→78W  power=78.2W
[PID] perf=27.560Hz  target=9.505Hz  err=-18.055Hz  corr=-374.82W  u_ff=88.5W  PCAP→78W  power=77.0W
[PID] perf=27.579Hz  target=9.505Hz  err=-18.073Hz  corr=-375.17W  u_ff=88.5W  PCAP→78W  power=76.8W
[PID] perf=27.596Hz  target=9.505Hz  err=-18.091Hz  corr=-375.49W  u_ff=88.5W  PCAP→78W  power=78.2W
[PID] perf=27.605Hz  target=9.505Hz  err=-18.100Hz  corr=-375.65W  u_ff=88.5W  PCAP→78W  power=78.3W
[PID] perf=27.547Hz  target=9.505Hz  err=-18.041Hz  corr=-374.57W  u_ff=88.5W  PCAP→78W  power=78.3W
[PID] perf=27.647Hz  target=9.505Hz  err=-18.142Hz  corr=-376.44W  u_ff=88.5W  PCAP→78W  power=78.0W
[PID] perf=27.672Hz  target=9.505Hz  err=-18.167Hz  corr=-376.90W  u_ff=88.5W  PCAP→78W  power=77.3W
[PID] perf=27.694Hz  target=9.505Hz  err=-18.189Hz  corr=-377.31W  u_ff=88.5W  PCAP→78W  power=79.5W
[PID] perf=27.676Hz  target=9.505Hz  err=-18.171Hz  corr=-376.98W  u_ff=88.5W  PCAP→78W  power=78.9W
[PID] perf=27.678Hz  target=9.505Hz  err=-18.172Hz  corr=-377.00W  u_ff=88.5W  PCAP→78W  power=78.4W
[PID] perf=27.666Hz  target=9.505Hz  err=-18.161Hz  corr=-376.79W  u_ff=88.5W  PCAP→78W  power=78.0W
[PID] perf=27.684Hz  target=9.505Hz  err=-18.179Hz  corr=-377.13W  u_ff=88.5W  PCAP→78W  power=78.6W
[PID] perf=27.694Hz  target=9.505Hz  err=-18.189Hz  corr=-377.31W  u_ff=88.5W  PCAP→78W  power=78.0W
[PID] perf=27.678Hz  target=9.505Hz  err=-18.173Hz  corr=-377.02W  u_ff=88.5W  PCAP→78W  power=77.8W
[PID] perf=27.696Hz  target=9.505Hz  err=-18.191Hz  corr=-377.34W  u_ff=88.5W  PCAP→78W  power=77.5W
[PID] perf=27.684Hz  target=9.505Hz  err=-18.179Hz  corr=-377.12W  u_ff=88.5W  PCAP→78W  power=79.1W
[PID] perf=27.713Hz  target=9.505Hz  err=-18.208Hz  corr=-377.66W  u_ff=88.5W  PCAP→78W  power=78.8W
[PID] perf=27.714Hz  target=9.505Hz  err=-18.209Hz  corr=-377.68W  u_ff=88.5W  PCAP→78W  power=77.9W
[PID] perf=27.722Hz  target=9.505Hz  err=-18.217Hz  corr=-377.83W  u_ff=88.5W  PCAP→78W  power=76.3W
[PID] perf=27.725Hz  target=9.505Hz  err=-18.220Hz  corr=-377.89W  u_ff=88.5W  PCAP→78W  power=77.9W
[PID] perf=27.696Hz  target=9.505Hz  err=-18.191Hz  corr=-377.34W  u_ff=88.5W  PCAP→78W  power=77.8W
[PID] perf=27.731Hz  target=9.505Hz  err=-18.226Hz  corr=-377.99W  u_ff=88.5W  PCAP→78W  power=78.1W
[PID] perf=27.717Hz  target=9.505Hz  err=-18.212Hz  corr=-377.73W  u_ff=88.5W  PCAP→78W  power=77.9W
[PID] perf=27.741Hz  target=9.505Hz  err=-18.236Hz  corr=-378.18W  u_ff=88.5W  PCAP→78W  power=76.9W
[PID] perf=27.711Hz  target=9.505Hz  err=-18.206Hz  corr=-377.62W  u_ff=88.5W  PCAP→78W  power=78.5W
[PID] perf=27.205Hz  target=9.505Hz  err=-17.699Hz  corr=-368.23W  u_ff=88.5W  PCAP→78W  power=79.1W
[PID] perf=27.274Hz  target=9.505Hz  err=-17.769Hz  corr=-369.52W  u_ff=88.5W  PCAP→78W  power=79.0W
[PID] perf=27.287Hz  target=9.505Hz  err=-17.781Hz  corr=-369.75W  u_ff=88.5W  PCAP→78W  power=77.8W
[PID] perf=27.261Hz  target=9.505Hz  err=-17.756Hz  corr=-369.27W  u_ff=88.5W  PCAP→78W  power=79.2W
[PID] perf=27.248Hz  target=9.505Hz  err=-17.743Hz  corr=-369.03W  u_ff=88.5W  PCAP→78W  power=79.1W
[PID] perf=27.259Hz  target=9.505Hz  err=-17.754Hz  corr=-369.25W  u_ff=88.5W  PCAP→78W  power=78.1W
[PID] perf=27.259Hz  target=9.505Hz  err=-17.754Hz  corr=-369.24W  u_ff=88.5W  PCAP→78W  power=78.5W
[PID] perf=27.212Hz  target=9.505Hz  err=-17.707Hz  corr=-368.37W  u_ff=88.5W  PCAP→78W  power=78.1W
[PID] perf=27.264Hz  target=9.505Hz  err=-17.759Hz  corr=-369.34W  u_ff=88.5W  PCAP→78W  power=76.4W
[PID] perf=27.847Hz  target=9.505Hz  err=-18.342Hz  corr=-380.15W  u_ff=88.5W  PCAP→78W  power=78.0W
[PID] perf=27.857Hz  target=9.505Hz  err=-18.352Hz  corr=-380.33W  u_ff=88.5W  PCAP→78W  power=78.2W
[PID] perf=27.850Hz  target=9.505Hz  err=-18.345Hz  corr=-380.20W  u_ff=88.5W  PCAP→78W  power=78.4W
[PID] perf=27.878Hz  target=9.505Hz  err=-18.373Hz  corr=-380.72W  u_ff=88.5W  PCAP→78W  power=78.7W
[PID] perf=27.870Hz  target=9.505Hz  err=-18.365Hz  corr=-380.56W  u_ff=88.5W  PCAP→78W  power=76.9W
[PID] perf=27.886Hz  target=9.505Hz  err=-18.381Hz  corr=-380.86W  u_ff=88.5W  PCAP→78W  power=77.8W
[PID] perf=27.889Hz  target=9.505Hz  err=-18.383Hz  corr=-380.91W  u_ff=88.5W  PCAP→78W  power=78.3W
[PID] perf=27.919Hz  target=9.505Hz  err=-18.414Hz  corr=-381.49W  u_ff=88.5W  PCAP→78W  power=78.2W
[PID] perf=27.912Hz  target=9.505Hz  err=-18.407Hz  corr=-381.35W  u_ff=88.5W  PCAP→78W  power=78.7W
[PID] perf=27.901Hz  target=9.505Hz  err=-18.396Hz  corr=-381.15W  u_ff=88.5W  PCAP→78W  power=78.4W
[PID] perf=27.922Hz  target=9.505Hz  err=-18.417Hz  corr=-381.53W  u_ff=88.5W  PCAP→78W  power=77.1W
[PID] perf=27.925Hz  target=9.505Hz  err=-18.420Hz  corr=-381.59W  u_ff=88.5W  PCAP→78W  power=78.1W
[PID] perf=27.895Hz  target=9.505Hz  err=-18.389Hz  corr=-381.03W  u_ff=88.5W  PCAP→78W  power=78.4W
[PID] perf=27.897Hz  target=9.505Hz  err=-18.392Hz  corr=-381.08W  u_ff=88.5W  PCAP→78W  power=78.1W
[PID] perf=27.890Hz  target=9.505Hz  err=-18.385Hz  corr=-380.95W  u_ff=88.5W  PCAP→78W  power=78.6W
[PID] perf=27.930Hz  target=9.505Hz  err=-18.424Hz  corr=-381.68W  u_ff=88.5W  PCAP→78W  power=77.6W
[PID] perf=27.900Hz  target=9.505Hz  err=-18.395Hz  corr=-381.12W  u_ff=88.5W  PCAP→78W  power=79.3W
[PID] perf=27.885Hz  target=9.505Hz  err=-18.380Hz  corr=-380.86W  u_ff=88.5W  PCAP→78W  power=77.5W
[PID] perf=27.886Hz  target=9.505Hz  err=-18.381Hz  corr=-380.86W  u_ff=88.5W  PCAP→78W  power=76.6W
[PID] perf=27.900Hz  target=9.505Hz  err=-18.395Hz  corr=-381.13W  u_ff=88.5W  PCAP→78W  power=78.5W
[PID] perf=27.883Hz  target=9.505Hz  err=-18.378Hz  corr=-380.81W  u_ff=88.5W  PCAP→78W  power=78.7W
[PID] perf=27.900Hz  target=9.505Hz  err=-18.395Hz  corr=-381.12W  u_ff=88.5W  PCAP→78W  power=77.8W
[PID] perf=27.862Hz  target=9.505Hz  err=-18.357Hz  corr=-380.43W  u_ff=88.5W  PCAP→78W  power=78.7W
[PID] perf=27.845Hz  target=9.505Hz  err=-18.340Hz  corr=-380.11W  u_ff=88.5W  PCAP→78W  power=76.9W
[PID] perf=27.872Hz  target=9.505Hz  err=-18.367Hz  corr=-380.61W  u_ff=88.5W  PCAP→78W  power=77.7W
[PID] perf=27.848Hz  target=9.505Hz  err=-18.343Hz  corr=-380.17W  u_ff=88.5W  PCAP→78W  power=76.1W
[PID] perf=27.879Hz  target=9.505Hz  err=-18.374Hz  corr=-380.74W  u_ff=88.5W  PCAP→78W  power=78.2W
[PID] perf=27.872Hz  target=9.505Hz  err=-18.367Hz  corr=-380.61W  u_ff=88.5W  PCAP→78W  power=76.3W
[PID] perf=27.845Hz  target=9.505Hz  err=-18.339Hz  corr=-380.10W  u_ff=88.5W  PCAP→78W  power=76.5W
[PID] perf=27.881Hz  target=9.505Hz  err=-18.376Hz  corr=-380.78W  u_ff=88.5W  PCAP→78W  power=77.4W
[PID] perf=27.868Hz  target=9.505Hz  err=-18.363Hz  corr=-380.54W  u_ff=88.5W  PCAP→78W  power=78.1W
[PID] perf=27.886Hz  target=9.505Hz  err=-18.381Hz  corr=-380.86W  u_ff=88.5W  PCAP→78W  power=78.8W
[PID] perf=27.120Hz  target=9.505Hz  err=-17.615Hz  corr=-366.67W  u_ff=88.5W  PCAP→78W  power=78.9W
[PID] perf=27.705Hz  target=9.505Hz  err=-18.199Hz  corr=-377.50W  u_ff=88.5W  PCAP→78W  power=77.7W
[PID] perf=27.854Hz  target=9.505Hz  err=-18.348Hz  corr=-380.26W  u_ff=88.5W  PCAP→78W  power=77.6W
[PID] perf=27.844Hz  target=9.505Hz  err=-18.339Hz  corr=-380.09W  u_ff=88.5W  PCAP→78W  power=77.2W
[PID] perf=27.852Hz  target=9.505Hz  err=-18.347Hz  corr=-380.24W  u_ff=88.5W  PCAP→78W  power=77.6W
[PID] perf=27.885Hz  target=9.505Hz  err=-18.380Hz  corr=-380.86W  u_ff=88.5W  PCAP→78W  power=77.1W
[PID] perf=27.895Hz  target=9.505Hz  err=-18.390Hz  corr=-381.04W  u_ff=88.5W  PCAP→78W  power=78.8W
[PID] perf=27.893Hz  target=9.505Hz  err=-18.388Hz  corr=-381.00W  u_ff=88.5W  PCAP→78W  power=77.0W
[PID] perf=27.888Hz  target=9.505Hz  err=-18.383Hz  corr=-380.90W  u_ff=88.5W  PCAP→78W  power=77.6W
[PID] perf=27.930Hz  target=9.505Hz  err=-18.424Hz  corr=-381.68W  u_ff=88.5W  PCAP→78W  power=77.5W
[PID] perf=27.909Hz  target=9.505Hz  err=-18.404Hz  corr=-381.30W  u_ff=88.5W  PCAP→78W  power=78.4W
[PID] perf=27.928Hz  target=9.505Hz  err=-18.423Hz  corr=-381.64W  u_ff=88.5W  PCAP→78W  power=78.4W
[PID] perf=27.927Hz  target=9.505Hz  err=-18.422Hz  corr=-381.63W  u_ff=88.5W  PCAP→78W  power=78.3W
[PID] perf=27.954Hz  target=9.505Hz  err=-18.448Hz  corr=-382.12W  u_ff=88.5W  PCAP→78W  power=78.2W
[PID] perf=27.909Hz  target=9.505Hz  err=-18.404Hz  corr=-381.29W  u_ff=88.5W  PCAP→78W  power=77.3W
[PID] perf=27.914Hz  target=9.505Hz  err=-18.409Hz  corr=-381.39W  u_ff=88.5W  PCAP→78W  power=77.4W
[PID] perf=27.923Hz  target=9.505Hz  err=-18.418Hz  corr=-381.56W  u_ff=88.5W  PCAP→78W  power=78.5W
[PID] perf=28.182Hz  target=9.505Hz  err=-18.677Hz  corr=-386.35W  u_ff=88.5W  PCAP→78W  power=80.8W
[PID] perf=28.193Hz  target=9.505Hz  err=-18.688Hz  corr=-386.56W  u_ff=88.5W  PCAP→78W  power=76.0W
[PID] perf=28.216Hz  target=9.505Hz  err=-18.711Hz  corr=-386.98W  u_ff=88.5W  PCAP→78W  power=77.6W
[PID] perf=28.227Hz  target=9.505Hz  err=-18.722Hz  corr=-387.19W  u_ff=88.5W  PCAP→78W  power=78.0W
[PID] perf=28.233Hz  target=9.505Hz  err=-18.728Hz  corr=-387.30W  u_ff=88.5W  PCAP→78W  power=78.4W
[PID] perf=28.231Hz  target=9.505Hz  err=-18.726Hz  corr=-387.27W  u_ff=88.5W  PCAP→78W  power=78.1W
[PID] perf=28.252Hz  target=9.505Hz  err=-18.747Hz  corr=-387.65W  u_ff=88.5W  PCAP→78W  power=79.3W
[PID] perf=28.213Hz  target=9.505Hz  err=-18.707Hz  corr=-386.92W  u_ff=88.5W  PCAP→78W  power=78.0W
[PID] perf=28.235Hz  target=9.505Hz  err=-18.730Hz  corr=-387.34W  u_ff=88.5W  PCAP→78W  power=77.4W
[PID] perf=28.219Hz  target=9.505Hz  err=-18.714Hz  corr=-387.05W  u_ff=88.5W  PCAP→78W  power=77.6W
[PID] perf=28.171Hz  target=9.505Hz  err=-18.666Hz  corr=-386.15W  u_ff=88.5W  PCAP→78W  power=78.0W
[PID] perf=28.222Hz  target=9.505Hz  err=-18.717Hz  corr=-387.10W  u_ff=88.5W  PCAP→78W  power=78.1W
[PID] perf=28.230Hz  target=9.505Hz  err=-18.724Hz  corr=-387.24W  u_ff=88.5W  PCAP→78W  power=78.5W
[PID] perf=28.236Hz  target=9.505Hz  err=-18.731Hz  corr=-387.36W  u_ff=88.5W  PCAP→78W  power=78.5W
[PID] perf=28.269Hz  target=9.505Hz  err=-18.764Hz  corr=-387.97W  u_ff=88.5W  PCAP→78W  power=78.7W
[PID] perf=28.254Hz  target=9.505Hz  err=-18.749Hz  corr=-387.70W  u_ff=88.5W  PCAP→78W  power=77.8W
[PID] perf=28.278Hz  target=9.505Hz  err=-18.773Hz  corr=-388.13W  u_ff=88.5W  PCAP→78W  power=77.4W
[PID] perf=28.248Hz  target=9.505Hz  err=-18.743Hz  corr=-387.58W  u_ff=88.5W  PCAP→78W  power=78.0W
[PID] perf=28.258Hz  target=9.505Hz  err=-18.753Hz  corr=-387.77W  u_ff=88.5W  PCAP→78W  power=78.8W
[PID] perf=28.257Hz  target=9.505Hz  err=-18.751Hz  corr=-387.74W  u_ff=88.5W  PCAP→78W  power=78.6W
[PID] perf=28.217Hz  target=9.505Hz  err=-18.712Hz  corr=-387.01W  u_ff=88.5W  PCAP→78W  power=77.3W
[PID] perf=28.215Hz  target=9.505Hz  err=-18.709Hz  corr=-386.96W  u_ff=88.5W  PCAP→78W  power=78.0W
[PID] perf=28.239Hz  target=9.505Hz  err=-18.734Hz  corr=-387.41W  u_ff=88.5W  PCAP→78W  power=77.5W
[PID] perf=28.221Hz  target=9.505Hz  err=-18.716Hz  corr=-387.08W  u_ff=88.5W  PCAP→78W  power=77.5W
[PID] perf=28.225Hz  target=9.505Hz  err=-18.719Hz  corr=-387.15W  u_ff=88.5W  PCAP→78W  power=79.1W
[PID] perf=28.208Hz  target=9.505Hz  err=-18.703Hz  corr=-386.84W  u_ff=88.5W  PCAP→78W  power=78.5W
[PID] perf=28.203Hz  target=9.505Hz  err=-18.698Hz  corr=-386.75W  u_ff=88.5W  PCAP→78W  power=77.4W
[PID] perf=28.247Hz  target=9.505Hz  err=-18.741Hz  corr=-387.55W  u_ff=88.5W  PCAP→78W  power=77.6W
[PID] perf=28.243Hz  target=9.505Hz  err=-18.738Hz  corr=-387.49W  u_ff=88.5W  PCAP→78W  power=79.3W
[PID] perf=28.265Hz  target=9.505Hz  err=-18.760Hz  corr=-387.89W  u_ff=88.5W  PCAP→78W  power=79.1W
[PID] perf=28.282Hz  target=9.505Hz  err=-18.777Hz  corr=-388.21W  u_ff=88.5W  PCAP→78W  power=76.7W
[PID] perf=28.224Hz  target=9.505Hz  err=-18.719Hz  corr=-387.13W  u_ff=88.5W  PCAP→78W  power=76.5W
[PID] perf=28.197Hz  target=9.505Hz  err=-18.691Hz  corr=-386.63W  u_ff=88.5W  PCAP→78W  power=79.3W
[PID] perf=28.204Hz  target=9.505Hz  err=-18.698Hz  corr=-386.76W  u_ff=88.5W  PCAP→78W  power=77.8W
[PID] perf=28.166Hz  target=9.505Hz  err=-18.660Hz  corr=-386.05W  u_ff=88.5W  PCAP→78W  power=77.6W
[PID] perf=28.200Hz  target=9.505Hz  err=-18.695Hz  corr=-386.69W  u_ff=88.5W  PCAP→78W  power=77.2W
[PID] perf=28.232Hz  target=9.505Hz  err=-18.727Hz  corr=-387.29W  u_ff=88.5W  PCAP→78W  power=78.4W
[PID] perf=28.219Hz  target=9.505Hz  err=-18.714Hz  corr=-387.04W  u_ff=88.5W  PCAP→78W  power=77.5W
[PID] perf=28.249Hz  target=9.505Hz  err=-18.744Hz  corr=-387.61W  u_ff=88.5W  PCAP→78W  power=78.1W
[PID] perf=28.266Hz  target=9.505Hz  err=-18.761Hz  corr=-387.91W  u_ff=88.5W  PCAP→78W  power=78.7W
[PID] perf=28.213Hz  target=9.505Hz  err=-18.708Hz  corr=-386.93W  u_ff=88.5W  PCAP→78W  power=77.2W
[PID] perf=28.269Hz  target=9.505Hz  err=-18.764Hz  corr=-387.98W  u_ff=88.5W  PCAP→78W  power=77.5W
[PID] perf=28.240Hz  target=9.505Hz  err=-18.735Hz  corr=-387.43W  u_ff=88.5W  PCAP→78W  power=77.3W
[PID] perf=28.256Hz  target=9.505Hz  err=-18.751Hz  corr=-387.73W  u_ff=88.5W  PCAP→78W  power=77.4W
[PID] perf=28.244Hz  target=9.505Hz  err=-18.739Hz  corr=-387.51W  u_ff=88.5W  PCAP→78W  power=78.4W
[PID] perf=28.261Hz  target=9.505Hz  err=-18.756Hz  corr=-387.83W  u_ff=88.5W  PCAP→78W  power=77.5W
[PID] perf=28.259Hz  target=9.505Hz  err=-18.754Hz  corr=-387.78W  u_ff=88.5W  PCAP→78W  power=78.1W
[PID] perf=28.223Hz  target=9.505Hz  err=-18.718Hz  corr=-387.11W  u_ff=88.5W  PCAP→78W  power=77.6W
[PID] perf=28.245Hz  target=9.505Hz  err=-18.740Hz  corr=-387.52W  u_ff=88.5W  PCAP→78W  power=77.5W
[PID] perf=28.248Hz  target=9.505Hz  err=-18.743Hz  corr=-387.58W  u_ff=88.5W  PCAP→78W  power=77.5W
[PID] perf=28.245Hz  target=9.505Hz  err=-18.740Hz  corr=-387.53W  u_ff=88.5W  PCAP→78W  power=77.2W
[PID] perf=28.255Hz  target=9.505Hz  err=-18.750Hz  corr=-387.71W  u_ff=88.5W  PCAP→78W  power=77.9W
[PID] perf=28.244Hz  target=9.505Hz  err=-18.739Hz  corr=-387.50W  u_ff=88.5W  PCAP→78W  power=78.6W
[PID] perf=28.239Hz  target=9.505Hz  err=-18.734Hz  corr=-387.41W  u_ff=88.5W  PCAP→78W  power=76.2W
[PID] perf=28.228Hz  target=9.505Hz  err=-18.723Hz  corr=-387.21W  u_ff=88.5W  PCAP→78W  power=77.3W
[PID] perf=28.291Hz  target=9.505Hz  err=-18.786Hz  corr=-388.37W  u_ff=88.5W  PCAP→78W  power=78.5W
[PID] perf=28.252Hz  target=9.505Hz  err=-18.747Hz  corr=-387.65W  u_ff=88.5W  PCAP→78W  power=77.1W
[PID] perf=28.251Hz  target=9.505Hz  err=-18.745Hz  corr=-387.63W  u_ff=88.5W  PCAP→78W  power=77.8W
[PID] perf=28.228Hz  target=9.505Hz  err=-18.723Hz  corr=-387.21W  u_ff=88.5W  PCAP→78W  power=77.7W
[PID] perf=28.266Hz  target=9.505Hz  err=-18.761Hz  corr=-387.91W  u_ff=88.5W  PCAP→78W  power=77.0W
[PID] perf=28.273Hz  target=9.505Hz  err=-18.768Hz  corr=-388.05W  u_ff=88.5W  PCAP→78W  power=77.6W
[PID] perf=28.241Hz  target=9.505Hz  err=-18.735Hz  corr=-387.44W  u_ff=88.5W  PCAP→78W  power=78.9W
[PID] perf=28.252Hz  target=9.505Hz  err=-18.747Hz  corr=-387.66W  u_ff=88.5W  PCAP→78W  power=77.9W
[PID] perf=28.254Hz  target=9.505Hz  err=-18.749Hz  corr=-387.70W  u_ff=88.5W  PCAP→78W  power=78.1W
[PID] perf=28.242Hz  target=9.505Hz  err=-18.737Hz  corr=-387.46W  u_ff=88.5W  PCAP→78W  power=77.6W
[PID] perf=28.257Hz  target=9.505Hz  err=-18.752Hz  corr=-387.75W  u_ff=88.5W  PCAP→78W  power=77.6W
[PID] perf=28.259Hz  target=9.505Hz  err=-18.754Hz  corr=-387.79W  u_ff=88.5W  PCAP→78W  power=79.3W
[PID] perf=28.297Hz  target=9.505Hz  err=-18.792Hz  corr=-388.49W  u_ff=88.5W  PCAP→78W  power=77.9W
[PID] perf=28.227Hz  target=9.505Hz  err=-18.722Hz  corr=-387.20W  u_ff=88.5W  PCAP→78W  power=78.0W
[PID] perf=28.285Hz  target=9.505Hz  err=-18.779Hz  corr=-388.26W  u_ff=88.5W  PCAP→78W  power=78.4W
[PID] perf=28.212Hz  target=9.505Hz  err=-18.707Hz  corr=-386.91W  u_ff=88.5W  PCAP→78W  power=77.9W
[PID] perf=28.236Hz  target=9.505Hz  err=-18.731Hz  corr=-387.37W  u_ff=88.5W  PCAP→78W  power=78.6W
[PID] perf=28.271Hz  target=9.505Hz  err=-18.766Hz  corr=-388.01W  u_ff=88.5W  PCAP→78W  power=78.6W
[PID] perf=28.292Hz  target=9.505Hz  err=-18.787Hz  corr=-388.41W  u_ff=88.5W  PCAP→78W  power=79.3W
[PID] perf=28.266Hz  target=9.505Hz  err=-18.761Hz  corr=-387.92W  u_ff=88.5W  PCAP→78W  power=77.6W
[PID] perf=28.233Hz  target=9.505Hz  err=-18.728Hz  corr=-387.30W  u_ff=88.5W  PCAP→78W  power=77.9W
[PID] perf=28.227Hz  target=9.505Hz  err=-18.722Hz  corr=-387.19W  u_ff=88.5W  PCAP→78W  power=78.0W
[PID] perf=28.244Hz  target=9.505Hz  err=-18.738Hz  corr=-387.50W  u_ff=88.5W  PCAP→78W  power=78.1W
[PID] perf=28.255Hz  target=9.505Hz  err=-18.750Hz  corr=-387.72W  u_ff=88.5W  PCAP→78W  power=78.7W
[PID] perf=28.271Hz  target=9.505Hz  err=-18.766Hz  corr=-388.01W  u_ff=88.5W  PCAP→78W  power=77.6W
[PID] perf=28.242Hz  target=9.505Hz  err=-18.737Hz  corr=-387.48W  u_ff=88.5W  PCAP→78W  power=76.3W
[PID] perf=28.264Hz  target=9.505Hz  err=-18.759Hz  corr=-387.88W  u_ff=88.5W  PCAP→78W  power=77.5W
[PID] perf=28.269Hz  target=9.505Hz  err=-18.763Hz  corr=-387.96W  u_ff=88.5W  PCAP→78W  power=77.8W
[PID] perf=28.257Hz  target=9.505Hz  err=-18.752Hz  corr=-387.75W  u_ff=88.5W  PCAP→78W  power=78.4W
[PID] perf=28.331Hz  target=9.505Hz  err=-18.826Hz  corr=-389.12W  u_ff=88.5W  PCAP→78W  power=77.3W
[PID] perf=28.274Hz  target=9.505Hz  err=-18.769Hz  corr=-388.06W  u_ff=88.5W  PCAP→78W  power=76.9W
[PID] perf=28.281Hz  target=9.505Hz  err=-18.776Hz  corr=-388.20W  u_ff=88.5W  PCAP→78W  power=76.5W
[PID] perf=28.265Hz  target=9.505Hz  err=-18.759Hz  corr=-387.89W  u_ff=88.5W  PCAP→78W  power=77.1W
[PID] perf=28.221Hz  target=9.505Hz  err=-18.716Hz  corr=-387.08W  u_ff=88.5W  PCAP→78W  power=77.3W
[PID] perf=28.217Hz  target=9.505Hz  err=-18.712Hz  corr=-387.00W  u_ff=88.5W  PCAP→78W  power=77.5W
[PID] perf=28.240Hz  target=9.505Hz  err=-18.735Hz  corr=-387.43W  u_ff=88.5W  PCAP→78W  power=77.2W
[PID] perf=28.251Hz  target=9.505Hz  err=-18.746Hz  corr=-387.64W  u_ff=88.5W  PCAP→78W  power=77.3W
[PID] perf=28.265Hz  target=9.505Hz  err=-18.760Hz  corr=-387.90W  u_ff=88.5W  PCAP→78W  power=76.4W
[PID] perf=28.256Hz  target=9.505Hz  err=-18.750Hz  corr=-387.72W  u_ff=88.5W  PCAP→78W  power=78.4W
[PID] perf=28.255Hz  target=9.505Hz  err=-18.749Hz  corr=-387.70W  u_ff=88.5W  PCAP→78W  power=77.5W
[PID] perf=28.254Hz  target=9.505Hz  err=-18.749Hz  corr=-387.69W  u_ff=88.5W  PCAP→78W  power=79.4W
[PID] perf=28.252Hz  target=9.505Hz  err=-18.747Hz  corr=-387.65W  u_ff=88.5W  PCAP→78W  power=77.4W
[PID] perf=28.195Hz  target=9.505Hz  err=-18.690Hz  corr=-386.61W  u_ff=88.5W  PCAP→78W  power=77.8W
[PID] perf=26.726Hz  target=9.505Hz  err=-17.221Hz  corr=-359.36W  u_ff=88.5W  PCAP→78W  power=79.5W
[PID] perf=26.820Hz  target=9.505Hz  err=-17.315Hz  corr=-361.09W  u_ff=88.5W  PCAP→78W  power=77.8W
[PID] perf=26.948Hz  target=9.505Hz  err=-17.443Hz  corr=-363.48W  u_ff=88.5W  PCAP→78W  power=77.2W
[PID] perf=26.980Hz  target=9.505Hz  err=-17.475Hz  corr=-364.07W  u_ff=88.5W  PCAP→78W  power=78.5W
[PID] perf=26.988Hz  target=9.505Hz  err=-17.482Hz  corr=-364.21W  u_ff=88.5W  PCAP→78W  power=77.4W
[PID] perf=26.985Hz  target=9.505Hz  err=-17.480Hz  corr=-364.17W  u_ff=88.5W  PCAP→78W  power=78.7W
[PID] perf=26.961Hz  target=9.505Hz  err=-17.456Hz  corr=-363.72W  u_ff=88.5W  PCAP→78W  power=77.6W
[PID] perf=26.980Hz  target=9.505Hz  err=-17.475Hz  corr=-364.06W  u_ff=88.5W  PCAP→78W  power=78.8W
[PID] perf=26.961Hz  target=9.505Hz  err=-17.456Hz  corr=-363.72W  u_ff=88.5W  PCAP→78W  power=77.1W
[PID] perf=26.968Hz  target=9.505Hz  err=-17.463Hz  corr=-363.84W  u_ff=88.5W  PCAP→78W  power=78.2W
[PID] perf=26.992Hz  target=9.505Hz  err=-17.487Hz  corr=-364.30W  u_ff=88.5W  PCAP→78W  power=77.5W
[PID] perf=26.997Hz  target=9.505Hz  err=-17.492Hz  corr=-364.38W  u_ff=88.5W  PCAP→78W  power=79.0W
[PID] perf=26.975Hz  target=9.505Hz  err=-17.470Hz  corr=-363.98W  u_ff=88.5W  PCAP→78W  power=77.3W
[PID] perf=27.557Hz  target=9.505Hz  err=-18.052Hz  corr=-374.77W  u_ff=88.5W  PCAP→78W  power=78.5W
[PID] perf=27.553Hz  target=9.505Hz  err=-18.048Hz  corr=-374.69W  u_ff=88.5W  PCAP→78W  power=76.4W
[PID] perf=27.575Hz  target=9.505Hz  err=-18.070Hz  corr=-375.11W  u_ff=88.5W  PCAP→78W  power=77.5W
[PID] perf=27.570Hz  target=9.505Hz  err=-18.065Hz  corr=-375.02W  u_ff=88.5W  PCAP→78W  power=77.8W
[PID] perf=27.575Hz  target=9.505Hz  err=-18.070Hz  corr=-375.10W  u_ff=88.5W  PCAP→78W  power=78.7W
[PID] perf=27.537Hz  target=9.505Hz  err=-18.032Hz  corr=-374.40W  u_ff=88.5W  PCAP→78W  power=78.2W
[PID] perf=27.579Hz  target=9.505Hz  err=-18.074Hz  corr=-375.17W  u_ff=88.5W  PCAP→78W  power=76.5W
[PID] perf=27.541Hz  target=9.505Hz  err=-18.036Hz  corr=-374.48W  u_ff=88.5W  PCAP→78W  power=78.5W
[PID] perf=27.565Hz  target=9.505Hz  err=-18.060Hz  corr=-374.92W  u_ff=88.5W  PCAP→78W  power=79.6W
[PID] perf=27.549Hz  target=9.505Hz  err=-18.044Hz  corr=-374.61W  u_ff=88.5W  PCAP→78W  power=77.3W
[PID] perf=27.574Hz  target=9.505Hz  err=-18.069Hz  corr=-375.08W  u_ff=88.5W  PCAP→78W  power=77.1W
[PID] perf=27.553Hz  target=9.505Hz  err=-18.048Hz  corr=-374.70W  u_ff=88.5W  PCAP→78W  power=77.6W
[PID] perf=27.535Hz  target=9.505Hz  err=-18.030Hz  corr=-374.36W  u_ff=88.5W  PCAP→78W  power=77.6W
[PID] perf=27.579Hz  target=9.505Hz  err=-18.073Hz  corr=-375.17W  u_ff=88.5W  PCAP→78W  power=77.6W
[PID] perf=27.548Hz  target=9.505Hz  err=-18.043Hz  corr=-374.60W  u_ff=88.5W  PCAP→78W  power=78.2W
[PID] perf=27.602Hz  target=9.505Hz  err=-18.097Hz  corr=-375.61W  u_ff=88.5W  PCAP→78W  power=77.1W
[PID] perf=27.570Hz  target=9.505Hz  err=-18.065Hz  corr=-375.01W  u_ff=88.5W  PCAP→78W  power=79.1W
[PID] perf=27.591Hz  target=9.505Hz  err=-18.086Hz  corr=-375.39W  u_ff=88.5W  PCAP→78W  power=78.7W
[PID] perf=27.600Hz  target=9.505Hz  err=-18.095Hz  corr=-375.57W  u_ff=88.5W  PCAP→78W  power=77.0W
[PID] perf=27.612Hz  target=9.505Hz  err=-18.107Hz  corr=-375.79W  u_ff=88.5W  PCAP→78W  power=79.2W
[PID] perf=27.579Hz  target=9.505Hz  err=-18.073Hz  corr=-375.16W  u_ff=88.5W  PCAP→78W  power=77.5W
[PID] perf=27.606Hz  target=9.505Hz  err=-18.101Hz  corr=-375.68W  u_ff=88.5W  PCAP→78W  power=77.8W
[PID] perf=26.547Hz  target=9.505Hz  err=-17.042Hz  corr=-356.04W  u_ff=88.5W  PCAP→78W  power=77.8W
[PID] perf=26.579Hz  target=9.505Hz  err=-17.074Hz  corr=-356.63W  u_ff=88.5W  PCAP→78W  power=77.8W
[PID] perf=26.634Hz  target=9.505Hz  err=-17.129Hz  corr=-357.64W  u_ff=88.5W  PCAP→78W  power=78.8W
[PID] perf=26.652Hz  target=9.505Hz  err=-17.147Hz  corr=-357.98W  u_ff=88.5W  PCAP→78W  power=78.0W
[PID] perf=26.656Hz  target=9.505Hz  err=-17.151Hz  corr=-358.06W  u_ff=88.5W  PCAP→78W  power=76.6W
[PID] perf=26.645Hz  target=9.505Hz  err=-17.140Hz  corr=-357.86W  u_ff=88.5W  PCAP→78W  power=76.6W
[PID] perf=26.653Hz  target=9.505Hz  err=-17.148Hz  corr=-358.01W  u_ff=88.5W  PCAP→78W  power=77.7W
[PID] perf=26.684Hz  target=9.505Hz  err=-17.179Hz  corr=-358.58W  u_ff=88.5W  PCAP→78W  power=77.9W
[PID] perf=26.688Hz  target=9.505Hz  err=-17.183Hz  corr=-358.65W  u_ff=88.5W  PCAP→78W  power=78.0W
[PID] perf=27.429Hz  target=9.505Hz  err=-17.924Hz  corr=-372.40W  u_ff=88.5W  PCAP→78W  power=77.4W
[PID] perf=27.472Hz  target=9.505Hz  err=-17.966Hz  corr=-373.18W  u_ff=88.5W  PCAP→78W  power=77.7W
[PID] perf=27.530Hz  target=9.505Hz  err=-18.025Hz  corr=-374.27W  u_ff=88.5W  PCAP→78W  power=79.5W
[PID] perf=27.507Hz  target=9.505Hz  err=-18.002Hz  corr=-373.83W  u_ff=88.5W  PCAP→78W  power=79.1W
[PID] perf=27.523Hz  target=9.505Hz  err=-18.017Hz  corr=-374.13W  u_ff=88.5W  PCAP→78W  power=77.5W
[PID] perf=27.488Hz  target=9.505Hz  err=-17.983Hz  corr=-373.48W  u_ff=88.5W  PCAP→78W  power=77.4W
[PID] perf=27.485Hz  target=9.505Hz  err=-17.980Hz  corr=-373.43W  u_ff=88.5W  PCAP→78W  power=78.1W
[PID] perf=27.542Hz  target=9.505Hz  err=-18.037Hz  corr=-374.50W  u_ff=88.5W  PCAP→78W  power=78.2W
[PID] perf=27.515Hz  target=9.505Hz  err=-18.010Hz  corr=-373.99W  u_ff=88.5W  PCAP→78W  power=78.2W
[PID] perf=27.533Hz  target=9.505Hz  err=-18.027Hz  corr=-374.31W  u_ff=88.5W  PCAP→78W  power=76.9W
[PID] perf=27.499Hz  target=9.505Hz  err=-17.994Hz  corr=-373.70W  u_ff=88.5W  PCAP→78W  power=77.8W
[PID] perf=27.495Hz  target=9.505Hz  err=-17.990Hz  corr=-373.62W  u_ff=88.5W  PCAP→78W  power=78.7W
[PID] perf=27.483Hz  target=9.505Hz  err=-17.978Hz  corr=-373.40W  u_ff=88.5W  PCAP→78W  power=76.6W
[PID] perf=27.495Hz  target=9.505Hz  err=-17.990Hz  corr=-373.62W  u_ff=88.5W  PCAP→78W  power=77.2W
Process completed.
Compressed into /home/cc/summer2024/main_codes/pid_controller/../experiment_data/PID_Control_sweep/ones-npb-cg/compressed_iteration_20260513_035043.tar
----------------------------------

>>> Step 2/3

[ones-npb-cg]
  target perf      : 9.5052 Hz
  coefficients_perf: [-0.0006547837485238978, 0.18607436314256556, -1.8317688501798497]
  feedforward PCAP : 88.47 W  →  89 W (snapped)
  Perf(u_ff) check : 9.5052 Hz  (should ≈ target)
  PID gains        : Kp=18.5447 W/Hz  Ki=1.85447 W/(Hz·s)  Kd=0.0000
[PID] Awaiting data — feedforward PCAP=89W
[PID] Awaiting data — feedforward PCAP=89W
[PID] Awaiting data — feedforward PCAP=89W
[PID] Awaiting data — feedforward PCAP=89W
[PID] Awaiting data — feedforward PCAP=89W
[PID] Awaiting data — feedforward PCAP=89W
[PID] perf=19.353Hz  target=9.505Hz  err=-9.848Hz  corr=-219.15W  u_ff=88.5W  PCAP→78W  power=nanW
[PID] perf=18.130Hz  target=9.505Hz  err=-8.625Hz  corr=-199.94W  u_ff=88.5W  PCAP→78W  power=77.1W
[PID] perf=18.145Hz  target=9.505Hz  err=-8.640Hz  corr=-200.23W  u_ff=88.5W  PCAP→78W  power=76.4W
[PID] perf=18.151Hz  target=9.505Hz  err=-8.646Hz  corr=-200.33W  u_ff=88.5W  PCAP→78W  power=77.2W
[PID] perf=18.153Hz  target=9.505Hz  err=-8.648Hz  corr=-200.37W  u_ff=88.5W  PCAP→78W  power=77.3W
[PID] perf=18.166Hz  target=9.505Hz  err=-8.661Hz  corr=-200.62W  u_ff=88.5W  PCAP→78W  power=77.3W
[PID] perf=18.136Hz  target=9.505Hz  err=-8.631Hz  corr=-200.06W  u_ff=88.5W  PCAP→78W  power=77.2W
[PID] perf=18.129Hz  target=9.505Hz  err=-8.624Hz  corr=-199.93W  u_ff=88.5W  PCAP→78W  power=78.8W
[PID] perf=18.144Hz  target=9.505Hz  err=-8.639Hz  corr=-200.21W  u_ff=88.5W  PCAP→78W  power=77.4W
[PID] perf=18.154Hz  target=9.505Hz  err=-8.649Hz  corr=-200.40W  u_ff=88.5W  PCAP→78W  power=77.6W
[PID] perf=18.154Hz  target=9.505Hz  err=-8.649Hz  corr=-200.40W  u_ff=88.5W  PCAP→78W  power=78.8W
[PID] perf=18.150Hz  target=9.505Hz  err=-8.645Hz  corr=-200.32W  u_ff=88.5W  PCAP→78W  power=78.4W
[PID] perf=18.103Hz  target=9.505Hz  err=-8.598Hz  corr=-199.44W  u_ff=88.5W  PCAP→78W  power=77.4W
[PID] perf=18.140Hz  target=9.505Hz  err=-8.635Hz  corr=-200.14W  u_ff=88.5W  PCAP→78W  power=77.1W
[PID] perf=18.147Hz  target=9.505Hz  err=-8.641Hz  corr=-200.25W  u_ff=88.5W  PCAP→78W  power=77.8W
[PID] perf=18.162Hz  target=9.505Hz  err=-8.657Hz  corr=-200.54W  u_ff=88.5W  PCAP→78W  power=78.8W
[PID] perf=18.130Hz  target=9.505Hz  err=-8.625Hz  corr=-199.94W  u_ff=88.5W  PCAP→78W  power=77.8W
[PID] perf=18.133Hz  target=9.505Hz  err=-8.628Hz  corr=-200.00W  u_ff=88.5W  PCAP→78W  power=79.1W
[PID] perf=18.156Hz  target=9.505Hz  err=-8.651Hz  corr=-200.43W  u_ff=88.5W  PCAP→78W  power=79.3W
[PID] perf=18.143Hz  target=9.505Hz  err=-8.638Hz  corr=-200.19W  u_ff=88.5W  PCAP→78W  power=77.6W
[PID] perf=18.123Hz  target=9.505Hz  err=-8.618Hz  corr=-199.81W  u_ff=88.5W  PCAP→78W  power=77.3W
[PID] perf=18.117Hz  target=9.505Hz  err=-8.612Hz  corr=-199.71W  u_ff=88.5W  PCAP→78W  power=76.7W
[PID] perf=18.131Hz  target=9.505Hz  err=-8.626Hz  corr=-199.96W  u_ff=88.5W  PCAP→78W  power=77.2W
[PID] perf=18.116Hz  target=9.505Hz  err=-8.611Hz  corr=-199.69W  u_ff=88.5W  PCAP→78W  power=77.6W
[PID] perf=18.123Hz  target=9.505Hz  err=-8.618Hz  corr=-199.82W  u_ff=88.5W  PCAP→78W  power=77.2W
[PID] perf=18.130Hz  target=9.505Hz  err=-8.625Hz  corr=-199.94W  u_ff=88.5W  PCAP→78W  power=79.1W
[PID] perf=18.148Hz  target=9.505Hz  err=-8.642Hz  corr=-200.27W  u_ff=88.5W  PCAP→78W  power=78.3W
[PID] perf=18.151Hz  target=9.505Hz  err=-8.646Hz  corr=-200.34W  u_ff=88.5W  PCAP→78W  power=77.9W
[PID] perf=18.142Hz  target=9.505Hz  err=-8.637Hz  corr=-200.17W  u_ff=88.5W  PCAP→78W  power=78.7W
[PID] perf=18.136Hz  target=9.505Hz  err=-8.631Hz  corr=-200.05W  u_ff=88.5W  PCAP→78W  power=78.2W
[PID] perf=18.133Hz  target=9.505Hz  err=-8.628Hz  corr=-199.99W  u_ff=88.5W  PCAP→78W  power=78.9W
[PID] perf=18.150Hz  target=9.505Hz  err=-8.644Hz  corr=-200.31W  u_ff=88.5W  PCAP→78W  power=78.5W
[PID] perf=18.139Hz  target=9.505Hz  err=-8.633Hz  corr=-200.10W  u_ff=88.5W  PCAP→78W  power=77.5W
[PID] perf=18.135Hz  target=9.505Hz  err=-8.630Hz  corr=-200.04W  u_ff=88.5W  PCAP→78W  power=78.0W
[PID] perf=24.287Hz  target=9.505Hz  err=-14.782Hz  corr=-314.12W  u_ff=88.5W  PCAP→78W  power=78.4W
[PID] perf=29.422Hz  target=9.505Hz  err=-19.917Hz  corr=-409.35W  u_ff=88.5W  PCAP→78W  power=79.0W
[PID] perf=29.469Hz  target=9.505Hz  err=-19.964Hz  corr=-410.23W  u_ff=88.5W  PCAP→78W  power=77.6W
[PID] perf=29.474Hz  target=9.505Hz  err=-19.969Hz  corr=-410.32W  u_ff=88.5W  PCAP→78W  power=79.0W
[PID] perf=29.489Hz  target=9.505Hz  err=-19.984Hz  corr=-410.60W  u_ff=88.5W  PCAP→78W  power=78.4W
[PID] perf=29.519Hz  target=9.505Hz  err=-20.014Hz  corr=-411.15W  u_ff=88.5W  PCAP→78W  power=76.7W
[PID] perf=29.508Hz  target=9.505Hz  err=-20.003Hz  corr=-410.95W  u_ff=88.5W  PCAP→78W  power=76.3W
[PID] perf=29.498Hz  target=9.505Hz  err=-19.993Hz  corr=-410.77W  u_ff=88.5W  PCAP→78W  power=76.4W
[PID] perf=29.476Hz  target=9.505Hz  err=-19.970Hz  corr=-410.34W  u_ff=88.5W  PCAP→78W  power=78.4W
[PID] perf=29.466Hz  target=9.505Hz  err=-19.961Hz  corr=-410.17W  u_ff=88.5W  PCAP→78W  power=77.0W
[PID] perf=29.444Hz  target=9.505Hz  err=-19.939Hz  corr=-409.76W  u_ff=88.5W  PCAP→78W  power=76.8W
[PID] perf=29.467Hz  target=9.505Hz  err=-19.962Hz  corr=-410.18W  u_ff=88.5W  PCAP→78W  power=76.2W
[PID] perf=29.482Hz  target=9.505Hz  err=-19.977Hz  corr=-410.46W  u_ff=88.5W  PCAP→78W  power=77.4W
[PID] perf=29.510Hz  target=9.505Hz  err=-20.005Hz  corr=-410.99W  u_ff=88.5W  PCAP→78W  power=77.4W
[PID] perf=29.485Hz  target=9.505Hz  err=-19.980Hz  corr=-410.52W  u_ff=88.5W  PCAP→78W  power=77.3W
[PID] perf=29.496Hz  target=9.505Hz  err=-19.991Hz  corr=-410.73W  u_ff=88.5W  PCAP→78W  power=77.1W
[PID] perf=29.487Hz  target=9.505Hz  err=-19.982Hz  corr=-410.55W  u_ff=88.5W  PCAP→78W  power=78.5W
[PID] perf=29.479Hz  target=9.505Hz  err=-19.974Hz  corr=-410.40W  u_ff=88.5W  PCAP→78W  power=78.4W
[PID] perf=29.518Hz  target=9.505Hz  err=-20.013Hz  corr=-411.13W  u_ff=88.5W  PCAP→78W  power=76.8W
[PID] perf=29.518Hz  target=9.505Hz  err=-20.012Hz  corr=-411.12W  u_ff=88.5W  PCAP→78W  power=78.8W
[PID] perf=29.543Hz  target=9.505Hz  err=-20.037Hz  corr=-411.59W  u_ff=88.5W  PCAP→78W  power=77.5W
[PID] perf=29.507Hz  target=9.505Hz  err=-20.002Hz  corr=-410.94W  u_ff=88.5W  PCAP→78W  power=78.2W
[PID] perf=29.503Hz  target=9.505Hz  err=-19.998Hz  corr=-410.86W  u_ff=88.5W  PCAP→78W  power=77.3W
[PID] perf=29.494Hz  target=9.505Hz  err=-19.989Hz  corr=-410.68W  u_ff=88.5W  PCAP→78W  power=76.6W
[PID] perf=29.514Hz  target=9.505Hz  err=-20.009Hz  corr=-411.06W  u_ff=88.5W  PCAP→78W  power=77.3W
[PID] perf=29.514Hz  target=9.505Hz  err=-20.009Hz  corr=-411.05W  u_ff=88.5W  PCAP→78W  power=78.9W
[PID] perf=29.516Hz  target=9.505Hz  err=-20.011Hz  corr=-411.10W  u_ff=88.5W  PCAP→78W  power=77.0W
[PID] perf=29.525Hz  target=9.505Hz  err=-20.020Hz  corr=-411.27W  u_ff=88.5W  PCAP→78W  power=77.8W
[PID] perf=29.535Hz  target=9.505Hz  err=-20.030Hz  corr=-411.45W  u_ff=88.5W  PCAP→78W  power=77.9W
[PID] perf=29.530Hz  target=9.505Hz  err=-20.025Hz  corr=-411.35W  u_ff=88.5W  PCAP→78W  power=76.6W
[PID] perf=29.491Hz  target=9.505Hz  err=-19.985Hz  corr=-410.62W  u_ff=88.5W  PCAP→78W  power=77.3W
[PID] perf=29.487Hz  target=9.505Hz  err=-19.982Hz  corr=-410.55W  u_ff=88.5W  PCAP→78W  power=77.8W
[PID] perf=29.505Hz  target=9.505Hz  err=-20.000Hz  corr=-410.90W  u_ff=88.5W  PCAP→78W  power=78.3W
[PID] perf=29.497Hz  target=9.505Hz  err=-19.992Hz  corr=-410.74W  u_ff=88.5W  PCAP→78W  power=77.6W
[PID] perf=29.481Hz  target=9.505Hz  err=-19.976Hz  corr=-410.44W  u_ff=88.5W  PCAP→78W  power=78.1W
[PID] perf=29.478Hz  target=9.505Hz  err=-19.973Hz  corr=-410.40W  u_ff=88.5W  PCAP→78W  power=77.5W
[PID] perf=29.482Hz  target=9.505Hz  err=-19.977Hz  corr=-410.46W  u_ff=88.5W  PCAP→78W  power=77.1W
[PID] perf=29.489Hz  target=9.505Hz  err=-19.984Hz  corr=-410.59W  u_ff=88.5W  PCAP→78W  power=77.0W
[PID] perf=29.490Hz  target=9.505Hz  err=-19.985Hz  corr=-410.61W  u_ff=88.5W  PCAP→78W  power=77.2W
[PID] perf=29.486Hz  target=9.505Hz  err=-19.981Hz  corr=-410.54W  u_ff=88.5W  PCAP→78W  power=79.2W
[PID] perf=29.477Hz  target=9.505Hz  err=-19.972Hz  corr=-410.37W  u_ff=88.5W  PCAP→78W  power=78.9W
[PID] perf=29.493Hz  target=9.505Hz  err=-19.988Hz  corr=-410.68W  u_ff=88.5W  PCAP→78W  power=77.7W
[PID] perf=29.502Hz  target=9.505Hz  err=-19.997Hz  corr=-410.83W  u_ff=88.5W  PCAP→78W  power=78.4W
[PID] perf=29.490Hz  target=9.505Hz  err=-19.984Hz  corr=-410.60W  u_ff=88.5W  PCAP→78W  power=78.3W
[PID] perf=29.473Hz  target=9.505Hz  err=-19.968Hz  corr=-410.31W  u_ff=88.5W  PCAP→78W  power=78.2W
[PID] perf=29.485Hz  target=9.505Hz  err=-19.979Hz  corr=-410.51W  u_ff=88.5W  PCAP→78W  power=78.7W
[PID] perf=29.502Hz  target=9.505Hz  err=-19.997Hz  corr=-410.83W  u_ff=88.5W  PCAP→78W  power=77.2W
[PID] perf=29.485Hz  target=9.505Hz  err=-19.980Hz  corr=-410.53W  u_ff=88.5W  PCAP→78W  power=77.2W
[PID] perf=29.470Hz  target=9.505Hz  err=-19.965Hz  corr=-410.24W  u_ff=88.5W  PCAP→78W  power=76.6W
[PID] perf=29.493Hz  target=9.505Hz  err=-19.988Hz  corr=-410.67W  u_ff=88.5W  PCAP→78W  power=77.0W
[PID] perf=29.549Hz  target=9.505Hz  err=-20.044Hz  corr=-411.71W  u_ff=88.5W  PCAP→78W  power=77.1W
[PID] perf=29.418Hz  target=9.505Hz  err=-19.913Hz  corr=-409.28W  u_ff=88.5W  PCAP→78W  power=77.6W
[PID] perf=29.408Hz  target=9.505Hz  err=-19.903Hz  corr=-409.09W  u_ff=88.5W  PCAP→78W  power=79.1W
[PID] perf=29.511Hz  target=9.505Hz  err=-20.006Hz  corr=-411.00W  u_ff=88.5W  PCAP→78W  power=78.9W
[PID] perf=29.503Hz  target=9.505Hz  err=-19.998Hz  corr=-410.86W  u_ff=88.5W  PCAP→78W  power=78.8W
[PID] perf=29.483Hz  target=9.505Hz  err=-19.978Hz  corr=-410.49W  u_ff=88.5W  PCAP→78W  power=76.8W
[PID] perf=29.490Hz  target=9.505Hz  err=-19.985Hz  corr=-410.61W  u_ff=88.5W  PCAP→78W  power=77.6W
[PID] perf=29.517Hz  target=9.505Hz  err=-20.012Hz  corr=-411.11W  u_ff=88.5W  PCAP→78W  power=79.0W
[PID] perf=29.494Hz  target=9.505Hz  err=-19.988Hz  corr=-410.68W  u_ff=88.5W  PCAP→78W  power=79.4W
[PID] perf=29.510Hz  target=9.505Hz  err=-20.005Hz  corr=-410.98W  u_ff=88.5W  PCAP→78W  power=78.5W
[PID] perf=29.468Hz  target=9.505Hz  err=-19.963Hz  corr=-410.20W  u_ff=88.5W  PCAP→78W  power=77.8W
[PID] perf=29.495Hz  target=9.505Hz  err=-19.990Hz  corr=-410.71W  u_ff=88.5W  PCAP→78W  power=76.7W
[PID] perf=29.507Hz  target=9.505Hz  err=-20.002Hz  corr=-410.93W  u_ff=88.5W  PCAP→78W  power=76.7W
[PID] perf=27.125Hz  target=9.505Hz  err=-17.620Hz  corr=-366.76W  u_ff=88.5W  PCAP→78W  power=78.4W
[PID] perf=27.225Hz  target=9.505Hz  err=-17.720Hz  corr=-368.61W  u_ff=88.5W  PCAP→78W  power=78.5W
[PID] perf=27.285Hz  target=9.505Hz  err=-17.780Hz  corr=-369.72W  u_ff=88.5W  PCAP→78W  power=79.0W
[PID] perf=27.393Hz  target=9.505Hz  err=-17.888Hz  corr=-371.72W  u_ff=88.5W  PCAP→78W  power=79.5W
[PID] perf=27.433Hz  target=9.505Hz  err=-17.928Hz  corr=-372.47W  u_ff=88.5W  PCAP→78W  power=79.0W
[PID] perf=27.481Hz  target=9.505Hz  err=-17.976Hz  corr=-373.36W  u_ff=88.5W  PCAP→78W  power=77.8W
[PID] perf=27.495Hz  target=9.505Hz  err=-17.990Hz  corr=-373.61W  u_ff=88.5W  PCAP→78W  power=78.9W
[PID] perf=27.448Hz  target=9.505Hz  err=-17.943Hz  corr=-372.75W  u_ff=88.5W  PCAP→78W  power=78.9W
[PID] perf=27.472Hz  target=9.505Hz  err=-17.967Hz  corr=-373.20W  u_ff=88.5W  PCAP→78W  power=78.6W
[PID] perf=27.514Hz  target=9.505Hz  err=-18.009Hz  corr=-373.97W  u_ff=88.5W  PCAP→78W  power=76.4W
[PID] perf=27.494Hz  target=9.505Hz  err=-17.989Hz  corr=-373.60W  u_ff=88.5W  PCAP→78W  power=76.9W
[PID] perf=27.490Hz  target=9.505Hz  err=-17.985Hz  corr=-373.53W  u_ff=88.5W  PCAP→78W  power=78.1W
[PID] perf=27.450Hz  target=9.505Hz  err=-17.945Hz  corr=-372.78W  u_ff=88.5W  PCAP→78W  power=77.9W
[PID] perf=27.466Hz  target=9.505Hz  err=-17.961Hz  corr=-373.07W  u_ff=88.5W  PCAP→78W  power=77.2W
[PID] perf=27.428Hz  target=9.505Hz  err=-17.923Hz  corr=-372.38W  u_ff=88.5W  PCAP→78W  power=77.7W
[PID] perf=27.322Hz  target=9.505Hz  err=-17.817Hz  corr=-370.41W  u_ff=88.5W  PCAP→78W  power=76.8W
[PID] perf=27.498Hz  target=9.505Hz  err=-17.993Hz  corr=-373.68W  u_ff=88.5W  PCAP→78W  power=77.2W
[PID] perf=27.498Hz  target=9.505Hz  err=-17.992Hz  corr=-373.66W  u_ff=88.5W  PCAP→78W  power=76.5W
[PID] perf=27.524Hz  target=9.505Hz  err=-18.018Hz  corr=-374.15W  u_ff=88.5W  PCAP→78W  power=77.1W
[PID] perf=27.511Hz  target=9.505Hz  err=-18.005Hz  corr=-373.90W  u_ff=88.5W  PCAP→78W  power=78.4W
[PID] perf=27.497Hz  target=9.505Hz  err=-17.992Hz  corr=-373.65W  u_ff=88.5W  PCAP→78W  power=77.5W
[PID] perf=27.518Hz  target=9.505Hz  err=-18.013Hz  corr=-374.05W  u_ff=88.5W  PCAP→78W  power=77.3W
[PID] perf=27.485Hz  target=9.505Hz  err=-17.980Hz  corr=-373.43W  u_ff=88.5W  PCAP→78W  power=78.0W
[PID] perf=27.535Hz  target=9.505Hz  err=-18.029Hz  corr=-374.35W  u_ff=88.5W  PCAP→78W  power=78.2W
[PID] perf=27.523Hz  target=9.505Hz  err=-18.018Hz  corr=-374.13W  u_ff=88.5W  PCAP→78W  power=77.9W
[PID] perf=27.497Hz  target=9.505Hz  err=-17.992Hz  corr=-373.66W  u_ff=88.5W  PCAP→78W  power=76.0W
[PID] perf=27.476Hz  target=9.505Hz  err=-17.971Hz  corr=-373.27W  u_ff=88.5W  PCAP→78W  power=77.3W
[PID] perf=27.504Hz  target=9.505Hz  err=-17.998Hz  corr=-373.78W  u_ff=88.5W  PCAP→78W  power=77.6W
[PID] perf=27.468Hz  target=9.505Hz  err=-17.962Hz  corr=-373.11W  u_ff=88.5W  PCAP→78W  power=77.8W
[PID] perf=27.515Hz  target=9.505Hz  err=-18.010Hz  corr=-373.99W  u_ff=88.5W  PCAP→78W  power=78.9W
[PID] perf=27.525Hz  target=9.505Hz  err=-18.020Hz  corr=-374.17W  u_ff=88.5W  PCAP→78W  power=76.7W
[PID] perf=27.478Hz  target=9.505Hz  err=-17.973Hz  corr=-373.30W  u_ff=88.5W  PCAP→78W  power=77.8W
[PID] perf=27.505Hz  target=9.505Hz  err=-18.000Hz  corr=-373.81W  u_ff=88.5W  PCAP→78W  power=77.9W
[PID] perf=27.517Hz  target=9.505Hz  err=-18.012Hz  corr=-374.03W  u_ff=88.5W  PCAP→78W  power=77.3W
[PID] perf=27.525Hz  target=9.505Hz  err=-18.020Hz  corr=-374.17W  u_ff=88.5W  PCAP→78W  power=78.7W
[PID] perf=27.483Hz  target=9.505Hz  err=-17.978Hz  corr=-373.40W  u_ff=88.5W  PCAP→78W  power=77.3W
[PID] perf=27.528Hz  target=9.505Hz  err=-18.023Hz  corr=-374.23W  u_ff=88.5W  PCAP→78W  power=78.5W
[PID] perf=27.488Hz  target=9.505Hz  err=-17.983Hz  corr=-373.48W  u_ff=88.5W  PCAP→78W  power=78.8W
[PID] perf=27.495Hz  target=9.505Hz  err=-17.990Hz  corr=-373.61W  u_ff=88.5W  PCAP→78W  power=76.8W
[PID] perf=27.502Hz  target=9.505Hz  err=-17.997Hz  corr=-373.75W  u_ff=88.5W  PCAP→78W  power=77.1W
[PID] perf=27.456Hz  target=9.505Hz  err=-17.951Hz  corr=-372.89W  u_ff=88.5W  PCAP→78W  power=77.8W
[PID] perf=27.517Hz  target=9.505Hz  err=-18.012Hz  corr=-374.02W  u_ff=88.5W  PCAP→78W  power=76.8W
[PID] perf=27.526Hz  target=9.505Hz  err=-18.021Hz  corr=-374.20W  u_ff=88.5W  PCAP→78W  power=77.2W
[PID] perf=27.511Hz  target=9.505Hz  err=-18.006Hz  corr=-373.91W  u_ff=88.5W  PCAP→78W  power=77.7W
[PID] perf=27.498Hz  target=9.505Hz  err=-17.993Hz  corr=-373.67W  u_ff=88.5W  PCAP→78W  power=76.6W
[PID] perf=27.541Hz  target=9.505Hz  err=-18.036Hz  corr=-374.47W  u_ff=88.5W  PCAP→78W  power=78.9W
[PID] perf=27.550Hz  target=9.505Hz  err=-18.045Hz  corr=-374.64W  u_ff=88.5W  PCAP→78W  power=77.1W
[PID] perf=27.573Hz  target=9.505Hz  err=-18.067Hz  corr=-375.05W  u_ff=88.5W  PCAP→78W  power=78.0W
[PID] perf=27.533Hz  target=9.505Hz  err=-18.027Hz  corr=-374.31W  u_ff=88.5W  PCAP→78W  power=77.7W
[PID] perf=27.505Hz  target=9.505Hz  err=-18.000Hz  corr=-373.80W  u_ff=88.5W  PCAP→78W  power=77.5W
[PID] perf=27.511Hz  target=9.505Hz  err=-18.006Hz  corr=-373.92W  u_ff=88.5W  PCAP→78W  power=78.7W
[PID] perf=27.511Hz  target=9.505Hz  err=-18.006Hz  corr=-373.92W  u_ff=88.5W  PCAP→78W  power=79.2W
[PID] perf=27.484Hz  target=9.505Hz  err=-17.979Hz  corr=-373.41W  u_ff=88.5W  PCAP→78W  power=78.9W
[PID] perf=27.473Hz  target=9.505Hz  err=-17.968Hz  corr=-373.20W  u_ff=88.5W  PCAP→78W  power=77.1W
[PID] perf=27.472Hz  target=9.505Hz  err=-17.966Hz  corr=-373.18W  u_ff=88.5W  PCAP→78W  power=77.9W
[PID] perf=27.460Hz  target=9.505Hz  err=-17.955Hz  corr=-372.97W  u_ff=88.5W  PCAP→78W  power=79.2W
[PID] perf=27.466Hz  target=9.505Hz  err=-17.961Hz  corr=-373.08W  u_ff=88.5W  PCAP→78W  power=76.6W
[PID] perf=27.501Hz  target=9.505Hz  err=-17.996Hz  corr=-373.73W  u_ff=88.5W  PCAP→78W  power=77.7W
[PID] perf=27.513Hz  target=9.505Hz  err=-18.008Hz  corr=-373.95W  u_ff=88.5W  PCAP→78W  power=77.7W
[PID] perf=27.482Hz  target=9.505Hz  err=-17.976Hz  corr=-373.37W  u_ff=88.5W  PCAP→78W  power=76.2W
[PID] perf=27.505Hz  target=9.505Hz  err=-18.000Hz  corr=-373.81W  u_ff=88.5W  PCAP→78W  power=78.6W
[PID] perf=27.509Hz  target=9.505Hz  err=-18.003Hz  corr=-373.87W  u_ff=88.5W  PCAP→78W  power=78.7W
[PID] perf=27.477Hz  target=9.505Hz  err=-17.972Hz  corr=-373.28W  u_ff=88.5W  PCAP→78W  power=78.6W
[PID] perf=25.304Hz  target=9.505Hz  err=-15.799Hz  corr=-332.99W  u_ff=88.5W  PCAP→78W  power=78.3W
[PID] perf=25.429Hz  target=9.505Hz  err=-15.924Hz  corr=-335.30W  u_ff=88.5W  PCAP→78W  power=78.1W
[PID] perf=25.441Hz  target=9.505Hz  err=-15.936Hz  corr=-335.52W  u_ff=88.5W  PCAP→78W  power=77.8W
[PID] perf=25.448Hz  target=9.505Hz  err=-15.943Hz  corr=-335.65W  u_ff=88.5W  PCAP→78W  power=76.9W
[PID] perf=25.452Hz  target=9.505Hz  err=-15.947Hz  corr=-335.72W  u_ff=88.5W  PCAP→78W  power=76.4W
[PID] perf=25.307Hz  target=9.505Hz  err=-15.802Hz  corr=-333.04W  u_ff=88.5W  PCAP→78W  power=77.4W
[PID] perf=25.393Hz  target=9.505Hz  err=-15.888Hz  corr=-334.63W  u_ff=88.5W  PCAP→78W  power=79.0W
[PID] perf=25.390Hz  target=9.505Hz  err=-15.885Hz  corr=-334.58W  u_ff=88.5W  PCAP→78W  power=77.7W
[PID] perf=25.412Hz  target=9.505Hz  err=-15.906Hz  corr=-334.98W  u_ff=88.5W  PCAP→78W  power=78.1W
[PID] perf=25.400Hz  target=9.505Hz  err=-15.895Hz  corr=-334.76W  u_ff=88.5W  PCAP→78W  power=75.9W
[PID] perf=25.406Hz  target=9.505Hz  err=-15.901Hz  corr=-334.87W  u_ff=88.5W  PCAP→78W  power=76.6W
[PID] perf=25.407Hz  target=9.505Hz  err=-15.902Hz  corr=-334.89W  u_ff=88.5W  PCAP→78W  power=77.3W
[PID] perf=25.408Hz  target=9.505Hz  err=-15.903Hz  corr=-334.91W  u_ff=88.5W  PCAP→78W  power=79.0W
[PID] perf=25.417Hz  target=9.505Hz  err=-15.912Hz  corr=-335.08W  u_ff=88.5W  PCAP→78W  power=77.4W
[PID] perf=25.407Hz  target=9.505Hz  err=-15.901Hz  corr=-334.89W  u_ff=88.5W  PCAP→78W  power=77.3W
[PID] perf=25.390Hz  target=9.505Hz  err=-15.885Hz  corr=-334.59W  u_ff=88.5W  PCAP→78W  power=78.0W
[PID] perf=25.371Hz  target=9.505Hz  err=-15.866Hz  corr=-334.22W  u_ff=88.5W  PCAP→78W  power=77.3W
[PID] perf=25.413Hz  target=9.505Hz  err=-15.908Hz  corr=-335.00W  u_ff=88.5W  PCAP→78W  power=77.4W
[PID] perf=25.383Hz  target=9.505Hz  err=-15.877Hz  corr=-334.44W  u_ff=88.5W  PCAP→78W  power=78.4W
[PID] perf=25.388Hz  target=9.505Hz  err=-15.883Hz  corr=-334.54W  u_ff=88.5W  PCAP→78W  power=78.5W
[PID] perf=25.395Hz  target=9.505Hz  err=-15.890Hz  corr=-334.67W  u_ff=88.5W  PCAP→78W  power=79.1W
[PID] perf=25.393Hz  target=9.505Hz  err=-15.888Hz  corr=-334.64W  u_ff=88.5W  PCAP→78W  power=78.7W
[PID] perf=25.390Hz  target=9.505Hz  err=-15.884Hz  corr=-334.57W  u_ff=88.5W  PCAP→78W  power=77.5W
[PID] perf=25.372Hz  target=9.505Hz  err=-15.867Hz  corr=-334.24W  u_ff=88.5W  PCAP→78W  power=78.2W
[PID] perf=25.350Hz  target=9.505Hz  err=-15.845Hz  corr=-333.84W  u_ff=88.5W  PCAP→78W  power=78.8W
[PID] perf=25.423Hz  target=9.505Hz  err=-15.918Hz  corr=-335.19W  u_ff=88.5W  PCAP→78W  power=78.0W
[PID] perf=25.385Hz  target=9.505Hz  err=-15.880Hz  corr=-334.48W  u_ff=88.5W  PCAP→78W  power=77.2W
[PID] perf=25.389Hz  target=9.505Hz  err=-15.884Hz  corr=-334.56W  u_ff=88.5W  PCAP→78W  power=78.8W
[PID] perf=25.399Hz  target=9.505Hz  err=-15.894Hz  corr=-334.74W  u_ff=88.5W  PCAP→78W  power=76.8W
[PID] perf=25.420Hz  target=9.505Hz  err=-15.915Hz  corr=-335.14W  u_ff=88.5W  PCAP→78W  power=78.3W
[PID] perf=25.381Hz  target=9.505Hz  err=-15.876Hz  corr=-334.41W  u_ff=88.5W  PCAP→78W  power=77.0W
[PID] perf=25.386Hz  target=9.505Hz  err=-15.881Hz  corr=-334.51W  u_ff=88.5W  PCAP→78W  power=76.5W
[PID] perf=25.359Hz  target=9.505Hz  err=-15.854Hz  corr=-334.01W  u_ff=88.5W  PCAP→78W  power=78.5W
[PID] perf=25.362Hz  target=9.505Hz  err=-15.857Hz  corr=-334.06W  u_ff=88.5W  PCAP→78W  power=78.6W
[PID] perf=25.385Hz  target=9.505Hz  err=-15.879Hz  corr=-334.48W  u_ff=88.5W  PCAP→78W  power=78.7W
[PID] perf=25.418Hz  target=9.505Hz  err=-15.913Hz  corr=-335.10W  u_ff=88.5W  PCAP→78W  power=77.8W
[PID] perf=25.423Hz  target=9.505Hz  err=-15.918Hz  corr=-335.19W  u_ff=88.5W  PCAP→78W  power=76.2W
[PID] perf=25.410Hz  target=9.505Hz  err=-15.905Hz  corr=-334.96W  u_ff=88.5W  PCAP→78W  power=77.5W
[PID] perf=25.395Hz  target=9.505Hz  err=-15.890Hz  corr=-334.68W  u_ff=88.5W  PCAP→78W  power=77.5W
[PID] perf=25.380Hz  target=9.505Hz  err=-15.875Hz  corr=-334.39W  u_ff=88.5W  PCAP→78W  power=78.1W
[PID] perf=25.376Hz  target=9.505Hz  err=-15.871Hz  corr=-334.32W  u_ff=88.5W  PCAP→78W  power=77.1W
[PID] perf=25.387Hz  target=9.505Hz  err=-15.882Hz  corr=-334.53W  u_ff=88.5W  PCAP→78W  power=78.7W
[PID] perf=25.381Hz  target=9.505Hz  err=-15.876Hz  corr=-334.41W  u_ff=88.5W  PCAP→78W  power=78.6W
[PID] perf=25.392Hz  target=9.505Hz  err=-15.887Hz  corr=-334.62W  u_ff=88.5W  PCAP→78W  power=78.5W
[PID] perf=25.404Hz  target=9.505Hz  err=-15.899Hz  corr=-334.84W  u_ff=88.5W  PCAP→78W  power=78.6W
[PID] perf=25.412Hz  target=9.505Hz  err=-15.907Hz  corr=-335.00W  u_ff=88.5W  PCAP→78W  power=78.3W
[PID] perf=25.373Hz  target=9.505Hz  err=-15.867Hz  corr=-334.26W  u_ff=88.5W  PCAP→78W  power=78.2W
[PID] perf=25.363Hz  target=9.505Hz  err=-15.857Hz  corr=-334.07W  u_ff=88.5W  PCAP→78W  power=76.0W
[PID] perf=25.383Hz  target=9.505Hz  err=-15.878Hz  corr=-334.45W  u_ff=88.5W  PCAP→78W  power=77.9W
[PID] perf=25.355Hz  target=9.505Hz  err=-15.850Hz  corr=-333.94W  u_ff=88.5W  PCAP→78W  power=78.2W
[PID] perf=25.371Hz  target=9.505Hz  err=-15.866Hz  corr=-334.23W  u_ff=88.5W  PCAP→78W  power=77.0W
[PID] perf=25.390Hz  target=9.505Hz  err=-15.885Hz  corr=-334.58W  u_ff=88.5W  PCAP→78W  power=77.7W
[PID] perf=25.376Hz  target=9.505Hz  err=-15.871Hz  corr=-334.32W  u_ff=88.5W  PCAP→78W  power=78.7W
[PID] perf=25.397Hz  target=9.505Hz  err=-15.892Hz  corr=-334.71W  u_ff=88.5W  PCAP→78W  power=78.5W
[PID] perf=25.388Hz  target=9.505Hz  err=-15.883Hz  corr=-334.55W  u_ff=88.5W  PCAP→78W  power=79.0W
[PID] perf=25.416Hz  target=9.505Hz  err=-15.911Hz  corr=-335.06W  u_ff=88.5W  PCAP→78W  power=78.4W
[PID] perf=25.405Hz  target=9.505Hz  err=-15.900Hz  corr=-334.86W  u_ff=88.5W  PCAP→78W  power=79.1W
[PID] perf=25.430Hz  target=9.505Hz  err=-15.925Hz  corr=-335.32W  u_ff=88.5W  PCAP→78W  power=76.9W
[PID] perf=25.404Hz  target=9.505Hz  err=-15.899Hz  corr=-334.84W  u_ff=88.5W  PCAP→78W  power=77.4W
[PID] perf=25.430Hz  target=9.505Hz  err=-15.924Hz  corr=-335.31W  u_ff=88.5W  PCAP→78W  power=77.8W
[PID] perf=25.430Hz  target=9.505Hz  err=-15.925Hz  corr=-335.32W  u_ff=88.5W  PCAP→78W  power=77.0W
[PID] perf=25.414Hz  target=9.505Hz  err=-15.909Hz  corr=-335.03W  u_ff=88.5W  PCAP→78W  power=77.6W
[PID] perf=25.411Hz  target=9.505Hz  err=-15.906Hz  corr=-334.97W  u_ff=88.5W  PCAP→78W  power=77.2W
[PID] perf=25.424Hz  target=9.505Hz  err=-15.919Hz  corr=-335.22W  u_ff=88.5W  PCAP→78W  power=79.0W
[PID] perf=25.398Hz  target=9.505Hz  err=-15.893Hz  corr=-334.73W  u_ff=88.5W  PCAP→78W  power=77.6W
[PID] perf=25.400Hz  target=9.505Hz  err=-15.895Hz  corr=-334.77W  u_ff=88.5W  PCAP→78W  power=76.8W
[PID] perf=25.403Hz  target=9.505Hz  err=-15.898Hz  corr=-334.81W  u_ff=88.5W  PCAP→78W  power=77.2W
[PID] perf=25.429Hz  target=9.505Hz  err=-15.924Hz  corr=-335.30W  u_ff=88.5W  PCAP→78W  power=77.4W
[PID] perf=25.437Hz  target=9.505Hz  err=-15.932Hz  corr=-335.45W  u_ff=88.5W  PCAP→78W  power=78.8W
[PID] perf=25.395Hz  target=9.505Hz  err=-15.889Hz  corr=-334.66W  u_ff=88.5W  PCAP→78W  power=77.6W
[PID] perf=25.433Hz  target=9.505Hz  err=-15.928Hz  corr=-335.38W  u_ff=88.5W  PCAP→78W  power=78.6W
[PID] perf=25.417Hz  target=9.505Hz  err=-15.912Hz  corr=-335.08W  u_ff=88.5W  PCAP→78W  power=77.5W
[PID] perf=25.416Hz  target=9.505Hz  err=-15.911Hz  corr=-335.06W  u_ff=88.5W  PCAP→78W  power=77.6W
[PID] perf=25.434Hz  target=9.505Hz  err=-15.929Hz  corr=-335.39W  u_ff=88.5W  PCAP→78W  power=78.0W
[PID] perf=25.420Hz  target=9.505Hz  err=-15.915Hz  corr=-335.14W  u_ff=88.5W  PCAP→78W  power=78.2W
[PID] perf=25.393Hz  target=9.505Hz  err=-15.888Hz  corr=-334.64W  u_ff=88.5W  PCAP→78W  power=78.5W
[PID] perf=25.415Hz  target=9.505Hz  err=-15.910Hz  corr=-335.04W  u_ff=88.5W  PCAP→78W  power=76.5W
[PID] perf=25.411Hz  target=9.505Hz  err=-15.906Hz  corr=-334.97W  u_ff=88.5W  PCAP→78W  power=77.8W
[PID] perf=25.385Hz  target=9.505Hz  err=-15.880Hz  corr=-334.49W  u_ff=88.5W  PCAP→78W  power=78.5W
[PID] perf=25.393Hz  target=9.505Hz  err=-15.888Hz  corr=-334.63W  u_ff=88.5W  PCAP→78W  power=77.7W
[PID] perf=25.403Hz  target=9.505Hz  err=-15.897Hz  corr=-334.81W  u_ff=88.5W  PCAP→78W  power=78.3W
[PID] perf=25.421Hz  target=9.505Hz  err=-15.916Hz  corr=-335.16W  u_ff=88.5W  PCAP→78W  power=76.3W
[PID] perf=25.424Hz  target=9.505Hz  err=-15.919Hz  corr=-335.20W  u_ff=88.5W  PCAP→78W  power=78.0W
[PID] perf=25.420Hz  target=9.505Hz  err=-15.914Hz  corr=-335.13W  u_ff=88.5W  PCAP→78W  power=77.6W
[PID] perf=25.401Hz  target=9.505Hz  err=-15.896Hz  corr=-334.79W  u_ff=88.5W  PCAP→78W  power=79.2W
[PID] perf=25.251Hz  target=9.505Hz  err=-15.746Hz  corr=-332.00W  u_ff=88.5W  PCAP→78W  power=78.2W
[PID] perf=25.740Hz  target=9.505Hz  err=-16.235Hz  corr=-341.07W  u_ff=88.5W  PCAP→78W  power=78.8W
[PID] perf=25.844Hz  target=9.505Hz  err=-16.339Hz  corr=-343.00W  u_ff=88.5W  PCAP→78W  power=79.0W
[PID] perf=25.881Hz  target=9.505Hz  err=-16.376Hz  corr=-343.68W  u_ff=88.5W  PCAP→78W  power=77.0W
[PID] perf=25.860Hz  target=9.505Hz  err=-16.355Hz  corr=-343.30W  u_ff=88.5W  PCAP→78W  power=77.7W
[PID] perf=25.858Hz  target=9.505Hz  err=-16.353Hz  corr=-343.27W  u_ff=88.5W  PCAP→78W  power=79.2W
[PID] perf=25.879Hz  target=9.505Hz  err=-16.374Hz  corr=-343.64W  u_ff=88.5W  PCAP→78W  power=77.7W
[PID] perf=25.894Hz  target=9.505Hz  err=-16.389Hz  corr=-343.94W  u_ff=88.5W  PCAP→78W  power=76.9W
[PID] perf=25.903Hz  target=9.505Hz  err=-16.398Hz  corr=-344.10W  u_ff=88.5W  PCAP→78W  power=76.3W
[PID] perf=25.835Hz  target=9.505Hz  err=-16.330Hz  corr=-342.84W  u_ff=88.5W  PCAP→78W  power=77.5W
[PID] perf=25.854Hz  target=9.505Hz  err=-16.349Hz  corr=-343.18W  u_ff=88.5W  PCAP→78W  power=76.2W
[PID] perf=25.873Hz  target=9.505Hz  err=-16.368Hz  corr=-343.53W  u_ff=88.5W  PCAP→78W  power=78.5W
[PID] perf=25.864Hz  target=9.505Hz  err=-16.358Hz  corr=-343.36W  u_ff=88.5W  PCAP→78W  power=79.2W
[PID] perf=25.901Hz  target=9.505Hz  err=-16.396Hz  corr=-344.05W  u_ff=88.5W  PCAP→78W  power=77.4W
[PID] perf=25.726Hz  target=9.505Hz  err=-16.220Hz  corr=-340.80W  u_ff=88.5W  PCAP→78W  power=78.4W
[PID] perf=25.791Hz  target=9.505Hz  err=-16.286Hz  corr=-342.02W  u_ff=88.5W  PCAP→78W  power=78.2W
[PID] perf=25.857Hz  target=9.505Hz  err=-16.352Hz  corr=-343.24W  u_ff=88.5W  PCAP→78W  power=78.3W
[PID] perf=25.871Hz  target=9.505Hz  err=-16.366Hz  corr=-343.50W  u_ff=88.5W  PCAP→78W  power=78.6W
[PID] perf=25.866Hz  target=9.505Hz  err=-16.361Hz  corr=-343.42W  u_ff=88.5W  PCAP→78W  power=78.4W
[PID] perf=25.878Hz  target=9.505Hz  err=-16.373Hz  corr=-343.63W  u_ff=88.5W  PCAP→78W  power=77.1W
[PID] perf=25.861Hz  target=9.505Hz  err=-16.356Hz  corr=-343.31W  u_ff=88.5W  PCAP→78W  power=78.5W
[PID] perf=25.912Hz  target=9.505Hz  err=-16.407Hz  corr=-344.26W  u_ff=88.5W  PCAP→78W  power=78.3W
[PID] perf=25.896Hz  target=9.505Hz  err=-16.391Hz  corr=-343.96W  u_ff=88.5W  PCAP→78W  power=78.4W
[PID] perf=25.884Hz  target=9.505Hz  err=-16.378Hz  corr=-343.73W  u_ff=88.5W  PCAP→78W  power=77.4W
[PID] perf=25.871Hz  target=9.505Hz  err=-16.365Hz  corr=-343.49W  u_ff=88.5W  PCAP→78W  power=76.7W
[PID] perf=25.889Hz  target=9.505Hz  err=-16.384Hz  corr=-343.84W  u_ff=88.5W  PCAP→78W  power=77.6W
[PID] perf=25.854Hz  target=9.505Hz  err=-16.349Hz  corr=-343.19W  u_ff=88.5W  PCAP→78W  power=77.2W
[PID] perf=25.866Hz  target=9.505Hz  err=-16.360Hz  corr=-343.40W  u_ff=88.5W  PCAP→78W  power=76.2W
[PID] perf=25.890Hz  target=9.505Hz  err=-16.385Hz  corr=-343.85W  u_ff=88.5W  PCAP→78W  power=77.3W
[PID] perf=25.799Hz  target=9.505Hz  err=-16.294Hz  corr=-342.16W  u_ff=88.5W  PCAP→78W  power=77.8W
[PID] perf=25.901Hz  target=9.505Hz  err=-16.396Hz  corr=-344.06W  u_ff=88.5W  PCAP→78W  power=77.2W
[PID] perf=25.924Hz  target=9.505Hz  err=-16.419Hz  corr=-344.48W  u_ff=88.5W  PCAP→78W  power=78.3W
[PID] perf=25.924Hz  target=9.505Hz  err=-16.418Hz  corr=-344.47W  u_ff=88.5W  PCAP→78W  power=78.3W
[PID] perf=25.919Hz  target=9.505Hz  err=-16.414Hz  corr=-344.39W  u_ff=88.5W  PCAP→78W  power=77.4W
[PID] perf=25.892Hz  target=9.505Hz  err=-16.387Hz  corr=-343.89W  u_ff=88.5W  PCAP→78W  power=79.4W
[PID] perf=25.916Hz  target=9.505Hz  err=-16.411Hz  corr=-344.34W  u_ff=88.5W  PCAP→78W  power=78.4W
[PID] perf=25.938Hz  target=9.505Hz  err=-16.433Hz  corr=-344.74W  u_ff=88.5W  PCAP→78W  power=79.0W
[PID] perf=25.942Hz  target=9.505Hz  err=-16.437Hz  corr=-344.82W  u_ff=88.5W  PCAP→78W  power=77.6W
[PID] perf=25.922Hz  target=9.505Hz  err=-16.417Hz  corr=-344.44W  u_ff=88.5W  PCAP→78W  power=77.1W
[PID] perf=25.927Hz  target=9.505Hz  err=-16.422Hz  corr=-344.53W  u_ff=88.5W  PCAP→78W  power=77.8W
[PID] perf=25.916Hz  target=9.505Hz  err=-16.411Hz  corr=-344.34W  u_ff=88.5W  PCAP→78W  power=77.6W
[PID] perf=25.929Hz  target=9.505Hz  err=-16.423Hz  corr=-344.57W  u_ff=88.5W  PCAP→78W  power=79.5W
[PID] perf=25.912Hz  target=9.505Hz  err=-16.407Hz  corr=-344.26W  u_ff=88.5W  PCAP→78W  power=79.1W
[PID] perf=25.958Hz  target=9.505Hz  err=-16.452Hz  corr=-345.11W  u_ff=88.5W  PCAP→78W  power=77.8W
[PID] perf=25.935Hz  target=9.505Hz  err=-16.430Hz  corr=-344.69W  u_ff=88.5W  PCAP→78W  power=76.9W
[PID] perf=25.941Hz  target=9.505Hz  err=-16.436Hz  corr=-344.79W  u_ff=88.5W  PCAP→78W  power=78.5W
[PID] perf=25.929Hz  target=9.505Hz  err=-16.424Hz  corr=-344.57W  u_ff=88.5W  PCAP→78W  power=78.6W
[PID] perf=25.920Hz  target=9.505Hz  err=-16.415Hz  corr=-344.41W  u_ff=88.5W  PCAP→78W  power=77.2W
[PID] perf=26.496Hz  target=9.505Hz  err=-16.991Hz  corr=-355.09W  u_ff=88.5W  PCAP→78W  power=77.8W
[PID] perf=26.635Hz  target=9.505Hz  err=-17.130Hz  corr=-357.66W  u_ff=88.5W  PCAP→78W  power=78.4W
[PID] perf=26.642Hz  target=9.505Hz  err=-17.137Hz  corr=-357.79W  u_ff=88.5W  PCAP→78W  power=78.8W
[PID] perf=26.657Hz  target=9.505Hz  err=-17.152Hz  corr=-358.07W  u_ff=88.5W  PCAP→78W  power=77.7W
[PID] perf=26.667Hz  target=9.505Hz  err=-17.162Hz  corr=-358.27W  u_ff=88.5W  PCAP→78W  power=75.9W
[PID] perf=26.686Hz  target=9.505Hz  err=-17.181Hz  corr=-358.61W  u_ff=88.5W  PCAP→78W  power=77.4W
[PID] perf=26.667Hz  target=9.505Hz  err=-17.162Hz  corr=-358.26W  u_ff=88.5W  PCAP→78W  power=77.3W
[PID] perf=26.649Hz  target=9.505Hz  err=-17.144Hz  corr=-357.93W  u_ff=88.5W  PCAP→78W  power=79.3W
[PID] perf=26.633Hz  target=9.505Hz  err=-17.127Hz  corr=-357.62W  u_ff=88.5W  PCAP→78W  power=77.2W
[PID] perf=26.673Hz  target=9.505Hz  err=-17.168Hz  corr=-358.37W  u_ff=88.5W  PCAP→78W  power=77.6W
[PID] perf=26.660Hz  target=9.505Hz  err=-17.155Hz  corr=-358.13W  u_ff=88.5W  PCAP→78W  power=78.8W
[PID] perf=26.678Hz  target=9.505Hz  err=-17.173Hz  corr=-358.46W  u_ff=88.5W  PCAP→78W  power=78.8W
[PID] perf=26.673Hz  target=9.505Hz  err=-17.168Hz  corr=-358.37W  u_ff=88.5W  PCAP→78W  power=77.6W
[PID] perf=26.672Hz  target=9.505Hz  err=-17.167Hz  corr=-358.36W  u_ff=88.5W  PCAP→78W  power=78.3W
[PID] perf=26.647Hz  target=9.505Hz  err=-17.142Hz  corr=-357.89W  u_ff=88.5W  PCAP→78W  power=77.1W
[PID] perf=25.556Hz  target=9.505Hz  err=-16.051Hz  corr=-337.66W  u_ff=88.5W  PCAP→78W  power=77.2W
[PID] perf=25.471Hz  target=9.505Hz  err=-15.966Hz  corr=-336.08W  u_ff=88.5W  PCAP→78W  power=76.7W
[PID] perf=25.265Hz  target=9.505Hz  err=-15.759Hz  corr=-332.25W  u_ff=88.5W  PCAP→78W  power=78.1W
[PID] perf=25.807Hz  target=9.505Hz  err=-16.302Hz  corr=-342.31W  u_ff=88.5W  PCAP→78W  power=78.5W
[PID] perf=25.871Hz  target=9.505Hz  err=-16.365Hz  corr=-343.49W  u_ff=88.5W  PCAP→78W  power=76.9W
[PID] perf=25.873Hz  target=9.505Hz  err=-16.368Hz  corr=-343.54W  u_ff=88.5W  PCAP→78W  power=79.0W
[PID] perf=25.884Hz  target=9.505Hz  err=-16.379Hz  corr=-343.74W  u_ff=88.5W  PCAP→78W  power=78.1W
[PID] perf=25.866Hz  target=9.505Hz  err=-16.361Hz  corr=-343.41W  u_ff=88.5W  PCAP→78W  power=77.4W
[PID] perf=25.875Hz  target=9.505Hz  err=-16.370Hz  corr=-343.58W  u_ff=88.5W  PCAP→78W  power=76.9W
[PID] perf=25.899Hz  target=9.505Hz  err=-16.393Hz  corr=-344.01W  u_ff=88.5W  PCAP→78W  power=78.1W
[PID] perf=25.870Hz  target=9.505Hz  err=-16.365Hz  corr=-343.49W  u_ff=88.5W  PCAP→78W  power=78.2W
[PID] perf=25.884Hz  target=9.505Hz  err=-16.379Hz  corr=-343.74W  u_ff=88.5W  PCAP→78W  power=76.1W
[PID] perf=25.910Hz  target=9.505Hz  err=-16.405Hz  corr=-344.22W  u_ff=88.5W  PCAP→78W  power=76.9W
[PID] perf=25.903Hz  target=9.505Hz  err=-16.398Hz  corr=-344.10W  u_ff=88.5W  PCAP→78W  power=79.0W
[PID] perf=25.900Hz  target=9.505Hz  err=-16.395Hz  corr=-344.03W  u_ff=88.5W  PCAP→78W  power=79.0W
[PID] perf=24.848Hz  target=9.505Hz  err=-15.342Hz  corr=-324.52W  u_ff=88.5W  PCAP→78W  power=78.9W
[PID] perf=25.081Hz  target=9.505Hz  err=-15.576Hz  corr=-328.85W  u_ff=88.5W  PCAP→78W  power=76.5W
[PID] perf=25.128Hz  target=9.505Hz  err=-15.623Hz  corr=-329.72W  u_ff=88.5W  PCAP→78W  power=78.1W
[PID] perf=25.122Hz  target=9.505Hz  err=-15.617Hz  corr=-329.61W  u_ff=88.5W  PCAP→78W  power=76.5W
[PID] perf=25.146Hz  target=9.505Hz  err=-15.641Hz  corr=-330.06W  u_ff=88.5W  PCAP→78W  power=78.2W
[PID] perf=25.156Hz  target=9.505Hz  err=-15.651Hz  corr=-330.25W  u_ff=88.5W  PCAP→78W  power=79.4W
[PID] perf=25.162Hz  target=9.505Hz  err=-15.657Hz  corr=-330.36W  u_ff=88.5W  PCAP→78W  power=77.6W
[PID] perf=25.153Hz  target=9.505Hz  err=-15.648Hz  corr=-330.18W  u_ff=88.5W  PCAP→78W  power=78.2W
[PID] perf=25.139Hz  target=9.505Hz  err=-15.633Hz  corr=-329.92W  u_ff=88.5W  PCAP→78W  power=78.8W
[PID] perf=25.178Hz  target=9.505Hz  err=-15.673Hz  corr=-330.66W  u_ff=88.5W  PCAP→78W  power=79.1W
[PID] perf=25.165Hz  target=9.505Hz  err=-15.659Hz  corr=-330.40W  u_ff=88.5W  PCAP→78W  power=78.6W
[PID] perf=25.195Hz  target=9.505Hz  err=-15.690Hz  corr=-330.97W  u_ff=88.5W  PCAP→78W  power=78.9W
[PID] perf=25.165Hz  target=9.505Hz  err=-15.660Hz  corr=-330.40W  u_ff=88.5W  PCAP→78W  power=77.2W
[PID] perf=26.283Hz  target=9.505Hz  err=-16.778Hz  corr=-351.15W  u_ff=88.5W  PCAP→78W  power=76.6W
[PID] perf=26.351Hz  target=9.505Hz  err=-16.846Hz  corr=-352.40W  u_ff=88.5W  PCAP→78W  power=77.2W
[PID] perf=26.363Hz  target=9.505Hz  err=-16.858Hz  corr=-352.62W  u_ff=88.5W  PCAP→78W  power=78.6W
[PID] perf=26.365Hz  target=9.505Hz  err=-16.860Hz  corr=-352.67W  u_ff=88.5W  PCAP→78W  power=78.8W
[PID] perf=26.384Hz  target=9.505Hz  err=-16.879Hz  corr=-353.01W  u_ff=88.5W  PCAP→78W  power=77.7W
[PID] perf=26.387Hz  target=9.505Hz  err=-16.882Hz  corr=-353.07W  u_ff=88.5W  PCAP→78W  power=77.0W
[PID] perf=26.403Hz  target=9.505Hz  err=-16.898Hz  corr=-353.37W  u_ff=88.5W  PCAP→78W  power=77.8W
[PID] perf=26.404Hz  target=9.505Hz  err=-16.899Hz  corr=-353.39W  u_ff=88.5W  PCAP→78W  power=77.4W
[PID] perf=26.420Hz  target=9.505Hz  err=-16.915Hz  corr=-353.68W  u_ff=88.5W  PCAP→78W  power=77.8W
[PID] perf=26.426Hz  target=9.505Hz  err=-16.921Hz  corr=-353.79W  u_ff=88.5W  PCAP→78W  power=77.2W
[PID] perf=26.411Hz  target=9.505Hz  err=-16.906Hz  corr=-353.52W  u_ff=88.5W  PCAP→78W  power=78.0W
[PID] perf=26.379Hz  target=9.505Hz  err=-16.874Hz  corr=-352.92W  u_ff=88.5W  PCAP→78W  power=78.5W
[PID] perf=26.418Hz  target=9.505Hz  err=-16.913Hz  corr=-353.65W  u_ff=88.5W  PCAP→78W  power=77.5W
[PID] perf=26.410Hz  target=9.505Hz  err=-16.905Hz  corr=-353.49W  u_ff=88.5W  PCAP→78W  power=77.5W
[PID] perf=26.388Hz  target=9.505Hz  err=-16.883Hz  corr=-353.08W  u_ff=88.5W  PCAP→78W  power=77.1W
[PID] perf=26.397Hz  target=9.505Hz  err=-16.892Hz  corr=-353.25W  u_ff=88.5W  PCAP→78W  power=77.5W
[PID] perf=26.442Hz  target=9.505Hz  err=-16.937Hz  corr=-354.09W  u_ff=88.5W  PCAP→78W  power=77.8W
[PID] perf=26.446Hz  target=9.505Hz  err=-16.940Hz  corr=-354.16W  u_ff=88.5W  PCAP→78W  power=78.9W
[PID] perf=26.417Hz  target=9.505Hz  err=-16.912Hz  corr=-353.62W  u_ff=88.5W  PCAP→78W  power=79.4W
[PID] perf=26.418Hz  target=9.505Hz  err=-16.913Hz  corr=-353.64W  u_ff=88.5W  PCAP→78W  power=77.1W
[PID] perf=26.423Hz  target=9.505Hz  err=-16.918Hz  corr=-353.73W  u_ff=88.5W  PCAP→78W  power=77.1W
[PID] perf=26.394Hz  target=9.505Hz  err=-16.889Hz  corr=-353.20W  u_ff=88.5W  PCAP→78W  power=77.8W
[PID] perf=26.425Hz  target=9.505Hz  err=-16.920Hz  corr=-353.77W  u_ff=88.5W  PCAP→78W  power=78.3W
[PID] perf=26.404Hz  target=9.505Hz  err=-16.899Hz  corr=-353.39W  u_ff=88.5W  PCAP→78W  power=78.3W
[PID] perf=26.405Hz  target=9.505Hz  err=-16.900Hz  corr=-353.40W  u_ff=88.5W  PCAP→78W  power=78.7W
[PID] perf=26.433Hz  target=9.505Hz  err=-16.928Hz  corr=-353.92W  u_ff=88.5W  PCAP→78W  power=76.3W
[PID] perf=26.405Hz  target=9.505Hz  err=-16.900Hz  corr=-353.41W  u_ff=88.5W  PCAP→78W  power=76.2W
[PID] perf=27.102Hz  target=9.505Hz  err=-17.597Hz  corr=-366.33W  u_ff=88.5W  PCAP→78W  power=78.0W
[PID] perf=27.169Hz  target=9.505Hz  err=-17.664Hz  corr=-367.57W  u_ff=88.5W  PCAP→78W  power=77.9W
[PID] perf=27.578Hz  target=9.505Hz  err=-18.073Hz  corr=-375.15W  u_ff=88.5W  PCAP→78W  power=79.1W
[PID] perf=27.572Hz  target=9.505Hz  err=-18.067Hz  corr=-375.05W  u_ff=88.5W  PCAP→78W  power=77.2W
[PID] perf=27.600Hz  target=9.505Hz  err=-18.095Hz  corr=-375.57W  u_ff=88.5W  PCAP→78W  power=77.5W
[PID] perf=27.577Hz  target=9.505Hz  err=-18.072Hz  corr=-375.13W  u_ff=88.5W  PCAP→78W  power=77.1W
[PID] perf=27.606Hz  target=9.505Hz  err=-18.101Hz  corr=-375.68W  u_ff=88.5W  PCAP→78W  power=77.9W
[PID] perf=27.576Hz  target=9.505Hz  err=-18.071Hz  corr=-375.12W  u_ff=88.5W  PCAP→78W  power=78.3W
[PID] perf=27.586Hz  target=9.505Hz  err=-18.081Hz  corr=-375.31W  u_ff=88.5W  PCAP→78W  power=78.4W
[PID] perf=27.587Hz  target=9.505Hz  err=-18.081Hz  corr=-375.31W  u_ff=88.5W  PCAP→78W  power=79.1W
[PID] perf=27.590Hz  target=9.505Hz  err=-18.085Hz  corr=-375.37W  u_ff=88.5W  PCAP→78W  power=77.3W
[PID] perf=27.572Hz  target=9.505Hz  err=-18.067Hz  corr=-375.05W  u_ff=88.5W  PCAP→78W  power=78.9W
[PID] perf=27.569Hz  target=9.505Hz  err=-18.064Hz  corr=-374.99W  u_ff=88.5W  PCAP→78W  power=78.9W
[PID] perf=27.609Hz  target=9.505Hz  err=-18.104Hz  corr=-375.73W  u_ff=88.5W  PCAP→78W  power=77.2W
[PID] perf=27.604Hz  target=9.505Hz  err=-18.099Hz  corr=-375.64W  u_ff=88.5W  PCAP→78W  power=78.7W
[PID] perf=27.575Hz  target=9.505Hz  err=-18.070Hz  corr=-375.09W  u_ff=88.5W  PCAP→78W  power=77.9W
[PID] perf=27.574Hz  target=9.505Hz  err=-18.069Hz  corr=-375.08W  u_ff=88.5W  PCAP→78W  power=79.1W
[PID] perf=27.593Hz  target=9.505Hz  err=-18.088Hz  corr=-375.44W  u_ff=88.5W  PCAP→78W  power=77.1W
[PID] perf=27.556Hz  target=9.505Hz  err=-18.051Hz  corr=-374.75W  u_ff=88.5W  PCAP→78W  power=79.0W
[PID] perf=27.585Hz  target=9.505Hz  err=-18.080Hz  corr=-375.29W  u_ff=88.5W  PCAP→78W  power=77.8W
[PID] perf=27.583Hz  target=9.505Hz  err=-18.078Hz  corr=-375.25W  u_ff=88.5W  PCAP→78W  power=77.1W
[PID] perf=27.618Hz  target=9.505Hz  err=-18.113Hz  corr=-375.90W  u_ff=88.5W  PCAP→78W  power=77.1W
[PID] perf=27.689Hz  target=9.505Hz  err=-18.184Hz  corr=-377.22W  u_ff=88.5W  PCAP→78W  power=76.8W
[PID] perf=28.340Hz  target=9.505Hz  err=-18.835Hz  corr=-389.29W  u_ff=88.5W  PCAP→78W  power=77.1W
[PID] perf=28.722Hz  target=9.505Hz  err=-19.217Hz  corr=-396.37W  u_ff=88.5W  PCAP→78W  power=76.6W
[PID] perf=28.700Hz  target=9.505Hz  err=-19.195Hz  corr=-395.96W  u_ff=88.5W  PCAP→78W  power=77.6W
[PID] perf=28.710Hz  target=9.505Hz  err=-19.205Hz  corr=-396.15W  u_ff=88.5W  PCAP→78W  power=77.9W
[PID] perf=28.749Hz  target=9.505Hz  err=-19.244Hz  corr=-396.88W  u_ff=88.5W  PCAP→78W  power=78.4W
[PID] perf=28.739Hz  target=9.505Hz  err=-19.234Hz  corr=-396.69W  u_ff=88.5W  PCAP→78W  power=77.0W
[PID] perf=28.745Hz  target=9.505Hz  err=-19.240Hz  corr=-396.80W  u_ff=88.5W  PCAP→78W  power=77.2W
[PID] perf=28.755Hz  target=9.505Hz  err=-19.250Hz  corr=-396.99W  u_ff=88.5W  PCAP→78W  power=77.6W
[PID] perf=28.755Hz  target=9.505Hz  err=-19.250Hz  corr=-396.98W  u_ff=88.5W  PCAP→78W  power=77.9W
[PID] perf=28.719Hz  target=9.505Hz  err=-19.214Hz  corr=-396.32W  u_ff=88.5W  PCAP→78W  power=77.9W
[PID] perf=28.759Hz  target=9.505Hz  err=-19.254Hz  corr=-397.06W  u_ff=88.5W  PCAP→78W  power=77.7W
[PID] perf=28.760Hz  target=9.505Hz  err=-19.255Hz  corr=-397.07W  u_ff=88.5W  PCAP→78W  power=79.4W
[PID] perf=28.696Hz  target=9.505Hz  err=-19.191Hz  corr=-395.90W  u_ff=88.5W  PCAP→78W  power=78.2W
[PID] perf=28.767Hz  target=9.505Hz  err=-19.262Hz  corr=-397.20W  u_ff=88.5W  PCAP→78W  power=79.1W
[PID] perf=28.775Hz  target=9.505Hz  err=-19.270Hz  corr=-397.36W  u_ff=88.5W  PCAP→78W  power=78.6W
[PID] perf=28.794Hz  target=9.505Hz  err=-19.289Hz  corr=-397.71W  u_ff=88.5W  PCAP→78W  power=77.9W
[PID] perf=28.771Hz  target=9.505Hz  err=-19.266Hz  corr=-397.27W  u_ff=88.5W  PCAP→78W  power=77.8W
[PID] perf=28.748Hz  target=9.505Hz  err=-19.243Hz  corr=-396.86W  u_ff=88.5W  PCAP→78W  power=77.4W
[PID] perf=28.771Hz  target=9.505Hz  err=-19.265Hz  corr=-397.27W  u_ff=88.5W  PCAP→78W  power=78.7W
[PID] perf=28.766Hz  target=9.505Hz  err=-19.261Hz  corr=-397.19W  u_ff=88.5W  PCAP→78W  power=77.8W
[PID] perf=28.762Hz  target=9.505Hz  err=-19.257Hz  corr=-397.12W  u_ff=88.5W  PCAP→78W  power=79.1W
[PID] perf=28.776Hz  target=9.505Hz  err=-19.270Hz  corr=-397.36W  u_ff=88.5W  PCAP→78W  power=77.5W
[PID] perf=28.746Hz  target=9.505Hz  err=-19.241Hz  corr=-396.81W  u_ff=88.5W  PCAP→78W  power=78.7W
[PID] perf=28.741Hz  target=9.505Hz  err=-19.236Hz  corr=-396.72W  u_ff=88.5W  PCAP→78W  power=77.7W
[PID] perf=28.765Hz  target=9.505Hz  err=-19.260Hz  corr=-397.17W  u_ff=88.5W  PCAP→78W  power=76.6W
[PID] perf=28.773Hz  target=9.505Hz  err=-19.268Hz  corr=-397.32W  u_ff=88.5W  PCAP→78W  power=77.2W
[PID] perf=28.760Hz  target=9.505Hz  err=-19.254Hz  corr=-397.07W  u_ff=88.5W  PCAP→78W  power=76.9W
[PID] perf=28.759Hz  target=9.505Hz  err=-19.254Hz  corr=-397.05W  u_ff=88.5W  PCAP→78W  power=77.8W
[PID] perf=28.742Hz  target=9.505Hz  err=-19.237Hz  corr=-396.74W  u_ff=88.5W  PCAP→78W  power=76.5W
[PID] perf=28.751Hz  target=9.505Hz  err=-19.246Hz  corr=-396.91W  u_ff=88.5W  PCAP→78W  power=78.4W
[PID] perf=28.740Hz  target=9.505Hz  err=-19.235Hz  corr=-396.70W  u_ff=88.5W  PCAP→78W  power=77.6W
[PID] perf=28.753Hz  target=9.505Hz  err=-19.248Hz  corr=-396.95W  u_ff=88.5W  PCAP→78W  power=78.8W
[PID] perf=28.746Hz  target=9.505Hz  err=-19.241Hz  corr=-396.82W  u_ff=88.5W  PCAP→78W  power=78.0W
[PID] perf=28.779Hz  target=9.505Hz  err=-19.274Hz  corr=-397.42W  u_ff=88.5W  PCAP→78W  power=76.9W
[PID] perf=28.741Hz  target=9.505Hz  err=-19.236Hz  corr=-396.72W  u_ff=88.5W  PCAP→78W  power=77.5W
[PID] perf=28.756Hz  target=9.505Hz  err=-19.251Hz  corr=-397.00W  u_ff=88.5W  PCAP→78W  power=76.1W
[PID] perf=28.761Hz  target=9.505Hz  err=-19.256Hz  corr=-397.10W  u_ff=88.5W  PCAP→78W  power=77.5W
[PID] perf=28.760Hz  target=9.505Hz  err=-19.255Hz  corr=-397.07W  u_ff=88.5W  PCAP→78W  power=79.0W
[PID] perf=28.728Hz  target=9.505Hz  err=-19.223Hz  corr=-396.48W  u_ff=88.5W  PCAP→78W  power=78.1W
[PID] perf=28.778Hz  target=9.505Hz  err=-19.273Hz  corr=-397.41W  u_ff=88.5W  PCAP→78W  power=78.1W
[PID] perf=28.746Hz  target=9.505Hz  err=-19.240Hz  corr=-396.81W  u_ff=88.5W  PCAP→78W  power=78.4W
[PID] perf=28.757Hz  target=9.505Hz  err=-19.252Hz  corr=-397.02W  u_ff=88.5W  PCAP→78W  power=77.0W
[PID] perf=28.737Hz  target=9.505Hz  err=-19.232Hz  corr=-396.64W  u_ff=88.5W  PCAP→78W  power=78.4W
[PID] perf=28.764Hz  target=9.505Hz  err=-19.258Hz  corr=-397.14W  u_ff=88.5W  PCAP→78W  power=78.6W
[PID] perf=28.716Hz  target=9.505Hz  err=-19.210Hz  corr=-396.25W  u_ff=88.5W  PCAP→78W  power=77.8W
[PID] perf=28.764Hz  target=9.505Hz  err=-19.259Hz  corr=-397.15W  u_ff=88.5W  PCAP→78W  power=79.1W
[PID] perf=28.769Hz  target=9.505Hz  err=-19.264Hz  corr=-397.25W  u_ff=88.5W  PCAP→78W  power=76.2W
[PID] perf=28.766Hz  target=9.505Hz  err=-19.261Hz  corr=-397.18W  u_ff=88.5W  PCAP→78W  power=76.8W
[PID] perf=28.777Hz  target=9.505Hz  err=-19.272Hz  corr=-397.39W  u_ff=88.5W  PCAP→78W  power=77.1W
[PID] perf=28.790Hz  target=9.505Hz  err=-19.284Hz  corr=-397.62W  u_ff=88.5W  PCAP→78W  power=77.6W
[PID] perf=28.743Hz  target=9.505Hz  err=-19.238Hz  corr=-396.75W  u_ff=88.5W  PCAP→78W  power=76.2W
[PID] perf=28.743Hz  target=9.505Hz  err=-19.237Hz  corr=-396.75W  u_ff=88.5W  PCAP→78W  power=76.5W
[PID] perf=28.785Hz  target=9.505Hz  err=-19.280Hz  corr=-397.54W  u_ff=88.5W  PCAP→78W  power=78.7W
[PID] perf=28.783Hz  target=9.505Hz  err=-19.278Hz  corr=-397.51W  u_ff=88.5W  PCAP→78W  power=77.6W
[PID] perf=28.742Hz  target=9.505Hz  err=-19.237Hz  corr=-396.74W  u_ff=88.5W  PCAP→78W  power=77.5W
[PID] perf=28.790Hz  target=9.505Hz  err=-19.285Hz  corr=-397.64W  u_ff=88.5W  PCAP→78W  power=77.2W
[PID] perf=28.759Hz  target=9.505Hz  err=-19.254Hz  corr=-397.06W  u_ff=88.5W  PCAP→78W  power=77.1W
[PID] perf=28.806Hz  target=9.505Hz  err=-19.300Hz  corr=-397.92W  u_ff=88.5W  PCAP→78W  power=78.6W
[PID] perf=28.775Hz  target=9.505Hz  err=-19.269Hz  corr=-397.34W  u_ff=88.5W  PCAP→78W  power=79.4W
[PID] perf=28.772Hz  target=9.505Hz  err=-19.267Hz  corr=-397.30W  u_ff=88.5W  PCAP→78W  power=78.6W
[PID] perf=28.756Hz  target=9.505Hz  err=-19.251Hz  corr=-397.00W  u_ff=88.5W  PCAP→78W  power=78.9W
[PID] perf=28.741Hz  target=9.505Hz  err=-19.236Hz  corr=-396.72W  u_ff=88.5W  PCAP→78W  power=78.3W
[PID] perf=28.800Hz  target=9.505Hz  err=-19.295Hz  corr=-397.81W  u_ff=88.5W  PCAP→78W  power=79.2W
[PID] perf=28.771Hz  target=9.505Hz  err=-19.266Hz  corr=-397.27W  u_ff=88.5W  PCAP→78W  power=78.9W
[PID] perf=28.743Hz  target=9.505Hz  err=-19.238Hz  corr=-396.75W  u_ff=88.5W  PCAP→78W  power=78.2W
[PID] perf=28.772Hz  target=9.505Hz  err=-19.267Hz  corr=-397.29W  u_ff=88.5W  PCAP→78W  power=77.6W
[PID] perf=28.748Hz  target=9.505Hz  err=-19.242Hz  corr=-396.85W  u_ff=88.5W  PCAP→78W  power=76.5W
[PID] perf=28.761Hz  target=9.505Hz  err=-19.256Hz  corr=-397.09W  u_ff=88.5W  PCAP→78W  power=76.8W
[PID] perf=28.746Hz  target=9.505Hz  err=-19.241Hz  corr=-396.82W  u_ff=88.5W  PCAP→78W  power=78.2W
[PID] perf=28.757Hz  target=9.505Hz  err=-19.252Hz  corr=-397.01W  u_ff=88.5W  PCAP→78W  power=79.0W
[PID] perf=28.699Hz  target=9.505Hz  err=-19.194Hz  corr=-395.95W  u_ff=88.5W  PCAP→78W  power=78.3W
[PID] perf=28.726Hz  target=9.505Hz  err=-19.221Hz  corr=-396.45W  u_ff=88.5W  PCAP→78W  power=76.7W
[PID] perf=28.753Hz  target=9.505Hz  err=-19.248Hz  corr=-396.94W  u_ff=88.5W  PCAP→78W  power=78.0W
[PID] perf=28.734Hz  target=9.505Hz  err=-19.229Hz  corr=-396.59W  u_ff=88.5W  PCAP→78W  power=77.8W
[PID] perf=28.742Hz  target=9.505Hz  err=-19.237Hz  corr=-396.75W  u_ff=88.5W  PCAP→78W  power=78.6W
[PID] perf=28.768Hz  target=9.505Hz  err=-19.262Hz  corr=-397.22W  u_ff=88.5W  PCAP→78W  power=78.4W
[PID] perf=28.760Hz  target=9.505Hz  err=-19.255Hz  corr=-397.07W  u_ff=88.5W  PCAP→78W  power=78.4W
[PID] perf=28.762Hz  target=9.505Hz  err=-19.256Hz  corr=-397.10W  u_ff=88.5W  PCAP→78W  power=79.2W
[PID] perf=28.767Hz  target=9.505Hz  err=-19.262Hz  corr=-397.20W  u_ff=88.5W  PCAP→78W  power=79.0W
[PID] perf=28.746Hz  target=9.505Hz  err=-19.241Hz  corr=-396.82W  u_ff=88.5W  PCAP→78W  power=79.4W
[PID] perf=28.732Hz  target=9.505Hz  err=-19.227Hz  corr=-396.55W  u_ff=88.5W  PCAP→78W  power=78.2W
[PID] perf=28.756Hz  target=9.505Hz  err=-19.250Hz  corr=-396.99W  u_ff=88.5W  PCAP→78W  power=76.9W
[PID] perf=28.721Hz  target=9.505Hz  err=-19.215Hz  corr=-396.34W  u_ff=88.5W  PCAP→78W  power=76.0W
[PID] perf=28.717Hz  target=9.505Hz  err=-19.211Hz  corr=-396.27W  u_ff=88.5W  PCAP→78W  power=78.2W
[PID] perf=28.731Hz  target=9.505Hz  err=-19.226Hz  corr=-396.54W  u_ff=88.5W  PCAP→78W  power=78.8W
[PID] perf=28.714Hz  target=9.505Hz  err=-19.209Hz  corr=-396.22W  u_ff=88.5W  PCAP→78W  power=78.9W
[PID] perf=28.747Hz  target=9.505Hz  err=-19.241Hz  corr=-396.83W  u_ff=88.5W  PCAP→78W  power=78.3W
[PID] perf=28.756Hz  target=9.505Hz  err=-19.251Hz  corr=-397.01W  u_ff=88.5W  PCAP→78W  power=77.1W
[PID] perf=28.707Hz  target=9.505Hz  err=-19.202Hz  corr=-396.10W  u_ff=88.5W  PCAP→78W  power=76.6W
[PID] perf=28.693Hz  target=9.505Hz  err=-19.188Hz  corr=-395.83W  u_ff=88.5W  PCAP→78W  power=77.3W
[PID] perf=28.761Hz  target=9.505Hz  err=-19.255Hz  corr=-397.09W  u_ff=88.5W  PCAP→78W  power=78.6W
[PID] perf=28.732Hz  target=9.505Hz  err=-19.227Hz  corr=-396.55W  u_ff=88.5W  PCAP→78W  power=78.1W
[PID] perf=28.744Hz  target=9.505Hz  err=-19.239Hz  corr=-396.77W  u_ff=88.5W  PCAP→78W  power=78.2W
[PID] perf=28.754Hz  target=9.505Hz  err=-19.249Hz  corr=-396.97W  u_ff=88.5W  PCAP→78W  power=77.7W
[PID] perf=28.738Hz  target=9.505Hz  err=-19.233Hz  corr=-396.67W  u_ff=88.5W  PCAP→78W  power=77.7W
[PID] perf=28.767Hz  target=9.505Hz  err=-19.262Hz  corr=-397.20W  u_ff=88.5W  PCAP→78W  power=78.0W
[PID] perf=28.737Hz  target=9.505Hz  err=-19.232Hz  corr=-396.64W  u_ff=88.5W  PCAP→78W  power=78.0W
[PID] perf=28.741Hz  target=9.505Hz  err=-19.236Hz  corr=-396.72W  u_ff=88.5W  PCAP→78W  power=78.4W
[PID] perf=28.537Hz  target=9.505Hz  err=-19.032Hz  corr=-392.94W  u_ff=88.5W  PCAP→78W  power=78.3W
[PID] perf=27.257Hz  target=9.505Hz  err=-17.752Hz  corr=-369.20W  u_ff=88.5W  PCAP→78W  power=77.9W
[PID] perf=27.277Hz  target=9.505Hz  err=-17.772Hz  corr=-369.57W  u_ff=88.5W  PCAP→78W  power=78.3W
[PID] perf=27.304Hz  target=9.505Hz  err=-17.799Hz  corr=-370.08W  u_ff=88.5W  PCAP→78W  power=78.6W
[PID] perf=27.300Hz  target=9.505Hz  err=-17.795Hz  corr=-370.00W  u_ff=88.5W  PCAP→78W  power=77.9W
[PID] perf=27.341Hz  target=9.505Hz  err=-17.836Hz  corr=-370.76W  u_ff=88.5W  PCAP→78W  power=78.8W
[PID] perf=27.360Hz  target=9.505Hz  err=-17.854Hz  corr=-371.11W  u_ff=88.5W  PCAP→78W  power=78.3W
[PID] perf=27.372Hz  target=9.505Hz  err=-17.867Hz  corr=-371.34W  u_ff=88.5W  PCAP→78W  power=78.9W
[PID] perf=27.395Hz  target=9.505Hz  err=-17.890Hz  corr=-371.76W  u_ff=88.5W  PCAP→78W  power=78.1W
[PID] perf=27.361Hz  target=9.505Hz  err=-17.856Hz  corr=-371.13W  u_ff=88.5W  PCAP→78W  power=78.2W
[PID] perf=27.351Hz  target=9.505Hz  err=-17.846Hz  corr=-370.95W  u_ff=88.5W  PCAP→78W  power=78.2W
[PID] perf=27.339Hz  target=9.505Hz  err=-17.834Hz  corr=-370.73W  u_ff=88.5W  PCAP→78W  power=79.4W
[PID] perf=27.365Hz  target=9.505Hz  err=-17.860Hz  corr=-371.21W  u_ff=88.5W  PCAP→78W  power=77.1W
[PID] perf=27.372Hz  target=9.505Hz  err=-17.866Hz  corr=-371.33W  u_ff=88.5W  PCAP→78W  power=78.6W
[PID] perf=27.392Hz  target=9.505Hz  err=-17.887Hz  corr=-371.70W  u_ff=88.5W  PCAP→78W  power=79.2W
[PID] perf=27.387Hz  target=9.505Hz  err=-17.882Hz  corr=-371.62W  u_ff=88.5W  PCAP→78W  power=77.3W
[PID] perf=27.392Hz  target=9.505Hz  err=-17.887Hz  corr=-371.70W  u_ff=88.5W  PCAP→78W  power=79.0W
[PID] perf=27.357Hz  target=9.505Hz  err=-17.852Hz  corr=-371.06W  u_ff=88.5W  PCAP→78W  power=77.4W
[PID] perf=27.346Hz  target=9.505Hz  err=-17.841Hz  corr=-370.85W  u_ff=88.5W  PCAP→78W  power=78.6W
[PID] perf=27.350Hz  target=9.505Hz  err=-17.845Hz  corr=-370.93W  u_ff=88.5W  PCAP→78W  power=77.4W
[PID] perf=27.676Hz  target=9.505Hz  err=-18.171Hz  corr=-376.97W  u_ff=88.5W  PCAP→78W  power=79.3W
[PID] perf=27.729Hz  target=9.505Hz  err=-18.224Hz  corr=-377.96W  u_ff=88.5W  PCAP→78W  power=77.4W
[PID] perf=27.754Hz  target=9.505Hz  err=-18.249Hz  corr=-378.42W  u_ff=88.5W  PCAP→78W  power=76.3W
[PID] perf=27.732Hz  target=9.505Hz  err=-18.226Hz  corr=-378.00W  u_ff=88.5W  PCAP→78W  power=77.0W
[PID] perf=27.788Hz  target=9.505Hz  err=-18.283Hz  corr=-379.04W  u_ff=88.5W  PCAP→78W  power=76.8W
[PID] perf=27.719Hz  target=9.505Hz  err=-18.214Hz  corr=-377.77W  u_ff=88.5W  PCAP→78W  power=76.4W
[PID] perf=27.750Hz  target=9.505Hz  err=-18.244Hz  corr=-378.34W  u_ff=88.5W  PCAP→78W  power=77.7W
[PID] perf=27.752Hz  target=9.505Hz  err=-18.247Hz  corr=-378.38W  u_ff=88.5W  PCAP→78W  power=76.3W
[PID] perf=27.754Hz  target=9.505Hz  err=-18.248Hz  corr=-378.41W  u_ff=88.5W  PCAP→78W  power=77.4W
[PID] perf=27.728Hz  target=9.505Hz  err=-18.223Hz  corr=-377.94W  u_ff=88.5W  PCAP→78W  power=77.0W
[PID] perf=27.750Hz  target=9.505Hz  err=-18.245Hz  corr=-378.35W  u_ff=88.5W  PCAP→78W  power=77.0W
[PID] perf=27.741Hz  target=9.505Hz  err=-18.235Hz  corr=-378.17W  u_ff=88.5W  PCAP→78W  power=78.3W
[PID] perf=27.761Hz  target=9.505Hz  err=-18.256Hz  corr=-378.56W  u_ff=88.5W  PCAP→78W  power=77.5W
[PID] perf=27.744Hz  target=9.505Hz  err=-18.239Hz  corr=-378.24W  u_ff=88.5W  PCAP→78W  power=78.8W
[PID] perf=27.770Hz  target=9.505Hz  err=-18.264Hz  corr=-378.71W  u_ff=88.5W  PCAP→78W  power=78.8W
[PID] perf=27.734Hz  target=9.505Hz  err=-18.228Hz  corr=-378.04W  u_ff=88.5W  PCAP→78W  power=78.0W
[PID] perf=27.749Hz  target=9.505Hz  err=-18.244Hz  corr=-378.33W  u_ff=88.5W  PCAP→78W  power=76.3W
[PID] perf=27.759Hz  target=9.505Hz  err=-18.254Hz  corr=-378.51W  u_ff=88.5W  PCAP→78W  power=77.1W
[PID] perf=27.759Hz  target=9.505Hz  err=-18.253Hz  corr=-378.50W  u_ff=88.5W  PCAP→78W  power=77.3W
[PID] perf=27.733Hz  target=9.505Hz  err=-18.228Hz  corr=-378.03W  u_ff=88.5W  PCAP→78W  power=76.3W
[PID] perf=27.725Hz  target=9.505Hz  err=-18.220Hz  corr=-377.88W  u_ff=88.5W  PCAP→78W  power=76.7W
[PID] perf=27.728Hz  target=9.505Hz  err=-18.223Hz  corr=-377.94W  u_ff=88.5W  PCAP→78W  power=78.9W
[PID] perf=27.727Hz  target=9.505Hz  err=-18.222Hz  corr=-377.92W  u_ff=88.5W  PCAP→78W  power=76.4W
[PID] perf=27.757Hz  target=9.505Hz  err=-18.252Hz  corr=-378.48W  u_ff=88.5W  PCAP→78W  power=77.8W
[PID] perf=27.731Hz  target=9.505Hz  err=-18.226Hz  corr=-377.99W  u_ff=88.5W  PCAP→78W  power=78.3W
[PID] perf=27.713Hz  target=9.505Hz  err=-18.208Hz  corr=-377.66W  u_ff=88.5W  PCAP→78W  power=76.2W
[PID] perf=27.702Hz  target=9.505Hz  err=-18.196Hz  corr=-377.45W  u_ff=88.5W  PCAP→78W  power=77.4W
[PID] perf=27.738Hz  target=9.505Hz  err=-18.233Hz  corr=-378.12W  u_ff=88.5W  PCAP→78W  power=77.5W
[PID] perf=27.718Hz  target=9.505Hz  err=-18.213Hz  corr=-377.75W  u_ff=88.5W  PCAP→78W  power=79.1W
[PID] perf=27.721Hz  target=9.505Hz  err=-18.216Hz  corr=-377.81W  u_ff=88.5W  PCAP→78W  power=78.2W
[PID] perf=27.719Hz  target=9.505Hz  err=-18.214Hz  corr=-377.77W  u_ff=88.5W  PCAP→78W  power=77.1W
[PID] perf=27.711Hz  target=9.505Hz  err=-18.206Hz  corr=-377.62W  u_ff=88.5W  PCAP→78W  power=77.5W
[PID] perf=27.723Hz  target=9.505Hz  err=-18.218Hz  corr=-377.85W  u_ff=88.5W  PCAP→78W  power=78.6W
[PID] perf=27.723Hz  target=9.505Hz  err=-18.218Hz  corr=-377.84W  u_ff=88.5W  PCAP→78W  power=76.9W
[PID] perf=27.748Hz  target=9.505Hz  err=-18.243Hz  corr=-378.31W  u_ff=88.5W  PCAP→78W  power=78.9W
[PID] perf=27.717Hz  target=9.505Hz  err=-18.212Hz  corr=-377.73W  u_ff=88.5W  PCAP→78W  power=78.7W
[PID] perf=27.737Hz  target=9.505Hz  err=-18.232Hz  corr=-378.11W  u_ff=88.5W  PCAP→78W  power=78.2W
[PID] perf=27.687Hz  target=9.505Hz  err=-18.182Hz  corr=-377.17W  u_ff=88.5W  PCAP→78W  power=78.1W
[PID] perf=27.738Hz  target=9.505Hz  err=-18.233Hz  corr=-378.12W  u_ff=88.5W  PCAP→78W  power=78.6W
[PID] perf=27.735Hz  target=9.505Hz  err=-18.230Hz  corr=-378.07W  u_ff=88.5W  PCAP→78W  power=77.1W
[PID] perf=27.743Hz  target=9.505Hz  err=-18.238Hz  corr=-378.22W  u_ff=88.5W  PCAP→78W  power=78.8W
[PID] perf=27.765Hz  target=9.505Hz  err=-18.260Hz  corr=-378.62W  u_ff=88.5W  PCAP→78W  power=77.5W
[PID] perf=27.747Hz  target=9.505Hz  err=-18.242Hz  corr=-378.28W  u_ff=88.5W  PCAP→78W  power=77.1W
[PID] perf=27.718Hz  target=9.505Hz  err=-18.212Hz  corr=-377.74W  u_ff=88.5W  PCAP→78W  power=76.4W
[PID] perf=27.743Hz  target=9.505Hz  err=-18.238Hz  corr=-378.21W  u_ff=88.5W  PCAP→78W  power=77.6W
[PID] perf=27.723Hz  target=9.505Hz  err=-18.218Hz  corr=-377.85W  u_ff=88.5W  PCAP→78W  power=78.4W
[PID] perf=27.745Hz  target=9.505Hz  err=-18.239Hz  corr=-378.24W  u_ff=88.5W  PCAP→78W  power=79.2W
[PID] perf=27.731Hz  target=9.505Hz  err=-18.226Hz  corr=-377.99W  u_ff=88.5W  PCAP→78W  power=77.2W
[PID] perf=27.179Hz  target=9.505Hz  err=-17.673Hz  corr=-367.75W  u_ff=88.5W  PCAP→78W  power=77.1W
[PID] perf=27.225Hz  target=9.505Hz  err=-17.720Hz  corr=-368.62W  u_ff=88.5W  PCAP→78W  power=76.6W
[PID] perf=27.206Hz  target=9.505Hz  err=-17.701Hz  corr=-368.26W  u_ff=88.5W  PCAP→78W  power=77.0W
[PID] perf=27.276Hz  target=9.505Hz  err=-17.771Hz  corr=-369.55W  u_ff=88.5W  PCAP→78W  power=77.5W
[PID] perf=27.230Hz  target=9.505Hz  err=-17.725Hz  corr=-368.70W  u_ff=88.5W  PCAP→78W  power=77.8W
[PID] perf=27.248Hz  target=9.505Hz  err=-17.743Hz  corr=-369.04W  u_ff=88.5W  PCAP→78W  power=77.2W
[PID] perf=27.231Hz  target=9.505Hz  err=-17.726Hz  corr=-368.73W  u_ff=88.5W  PCAP→78W  power=76.9W
[PID] perf=27.243Hz  target=9.505Hz  err=-17.738Hz  corr=-368.95W  u_ff=88.5W  PCAP→78W  power=76.2W
[PID] perf=27.309Hz  target=9.505Hz  err=-17.804Hz  corr=-370.17W  u_ff=88.5W  PCAP→78W  power=77.7W
[PID] perf=27.873Hz  target=9.505Hz  err=-18.368Hz  corr=-380.63W  u_ff=88.5W  PCAP→78W  power=78.6W
Process completed.
Compressed into /home/cc/summer2024/main_codes/pid_controller/../experiment_data/PID_Control_sweep/ones-npb-cg/compressed_iteration_20260513_040938.tar
----------------------------------

>>> Step 3/3

[ones-npb-cg]
  target perf      : 9.5052 Hz
  coefficients_perf: [-0.0006547837485238978, 0.18607436314256556, -1.8317688501798497]
  feedforward PCAP : 88.47 W  →  89 W (snapped)
  Perf(u_ff) check : 9.5052 Hz  (should ≈ target)
  PID gains        : Kp=18.5447 W/Hz  Ki=1.85447 W/(Hz·s)  Kd=0.0000
[PID] Awaiting data — feedforward PCAP=89W
[PID] Awaiting data — feedforward PCAP=89W
[PID] Awaiting data — feedforward PCAP=89W
[PID] Awaiting data — feedforward PCAP=89W
[PID] Awaiting data — feedforward PCAP=89W
[PID] Awaiting data — feedforward PCAP=89W
[PID] perf=19.397Hz  target=9.505Hz  err=-9.892Hz  corr=-220.13W  u_ff=88.5W  PCAP→78W  power=nanW
[PID] perf=18.226Hz  target=9.505Hz  err=-8.721Hz  corr=-201.73W  u_ff=88.5W  PCAP→78W  power=77.6W
[PID] perf=18.252Hz  target=9.505Hz  err=-8.747Hz  corr=-202.20W  u_ff=88.5W  PCAP→78W  power=79.0W
[PID] perf=18.147Hz  target=9.505Hz  err=-8.642Hz  corr=-200.26W  u_ff=88.5W  PCAP→78W  power=78.6W
[PID] perf=18.143Hz  target=9.505Hz  err=-8.638Hz  corr=-200.19W  u_ff=88.5W  PCAP→78W  power=78.5W
[PID] perf=18.231Hz  target=9.505Hz  err=-8.726Hz  corr=-201.82W  u_ff=88.5W  PCAP→78W  power=77.7W
[PID] perf=18.234Hz  target=9.505Hz  err=-8.729Hz  corr=-201.88W  u_ff=88.5W  PCAP→78W  power=78.3W
[PID] perf=18.242Hz  target=9.505Hz  err=-8.737Hz  corr=-202.03W  u_ff=88.5W  PCAP→78W  power=78.1W
[PID] perf=18.237Hz  target=9.505Hz  err=-8.732Hz  corr=-201.94W  u_ff=88.5W  PCAP→78W  power=78.0W
[PID] perf=18.134Hz  target=9.505Hz  err=-8.628Hz  corr=-200.01W  u_ff=88.5W  PCAP→78W  power=77.9W
[PID] perf=29.190Hz  target=9.505Hz  err=-19.684Hz  corr=-405.04W  u_ff=88.5W  PCAP→78W  power=79.0W
[PID] perf=29.518Hz  target=9.505Hz  err=-20.013Hz  corr=-411.13W  u_ff=88.5W  PCAP→78W  power=76.4W
[PID] perf=29.526Hz  target=9.505Hz  err=-20.021Hz  corr=-411.27W  u_ff=88.5W  PCAP→78W  power=76.5W
[PID] perf=29.547Hz  target=9.505Hz  err=-20.042Hz  corr=-411.67W  u_ff=88.5W  PCAP→78W  power=77.7W
[PID] perf=29.477Hz  target=9.505Hz  err=-19.972Hz  corr=-410.37W  u_ff=88.5W  PCAP→78W  power=79.0W
[PID] perf=29.522Hz  target=9.505Hz  err=-20.017Hz  corr=-411.20W  u_ff=88.5W  PCAP→78W  power=77.1W
[PID] perf=29.535Hz  target=9.505Hz  err=-20.029Hz  corr=-411.44W  u_ff=88.5W  PCAP→78W  power=77.8W
[PID] perf=29.486Hz  target=9.505Hz  err=-19.981Hz  corr=-410.54W  u_ff=88.5W  PCAP→78W  power=77.8W
[PID] perf=29.524Hz  target=9.505Hz  err=-20.019Hz  corr=-411.24W  u_ff=88.5W  PCAP→78W  power=77.4W
[PID] perf=29.573Hz  target=9.505Hz  err=-20.068Hz  corr=-412.15W  u_ff=88.5W  PCAP→78W  power=79.0W
[PID] perf=29.518Hz  target=9.505Hz  err=-20.013Hz  corr=-411.13W  u_ff=88.5W  PCAP→78W  power=78.2W
[PID] perf=29.528Hz  target=9.505Hz  err=-20.023Hz  corr=-411.32W  u_ff=88.5W  PCAP→78W  power=77.0W
[PID] perf=29.562Hz  target=9.505Hz  err=-20.057Hz  corr=-411.96W  u_ff=88.5W  PCAP→78W  power=76.7W
[PID] perf=29.536Hz  target=9.505Hz  err=-20.031Hz  corr=-411.47W  u_ff=88.5W  PCAP→78W  power=79.1W
[PID] perf=29.542Hz  target=9.505Hz  err=-20.037Hz  corr=-411.58W  u_ff=88.5W  PCAP→78W  power=78.8W
[PID] perf=29.571Hz  target=9.505Hz  err=-20.066Hz  corr=-412.12W  u_ff=88.5W  PCAP→78W  power=79.3W
[PID] perf=29.579Hz  target=9.505Hz  err=-20.074Hz  corr=-412.26W  u_ff=88.5W  PCAP→78W  power=77.9W
[PID] perf=29.547Hz  target=9.505Hz  err=-20.041Hz  corr=-411.66W  u_ff=88.5W  PCAP→78W  power=76.7W
[PID] perf=29.558Hz  target=9.505Hz  err=-20.053Hz  corr=-411.87W  u_ff=88.5W  PCAP→78W  power=77.7W
[PID] perf=29.544Hz  target=9.505Hz  err=-20.039Hz  corr=-411.62W  u_ff=88.5W  PCAP→78W  power=78.4W
[PID] perf=29.537Hz  target=9.505Hz  err=-20.031Hz  corr=-411.48W  u_ff=88.5W  PCAP→78W  power=78.4W
[PID] perf=29.535Hz  target=9.505Hz  err=-20.030Hz  corr=-411.45W  u_ff=88.5W  PCAP→78W  power=76.8W
[PID] perf=29.456Hz  target=9.505Hz  err=-19.951Hz  corr=-409.98W  u_ff=88.5W  PCAP→78W  power=77.4W
[PID] perf=29.532Hz  target=9.505Hz  err=-20.027Hz  corr=-411.40W  u_ff=88.5W  PCAP→78W  power=79.0W
[PID] perf=29.557Hz  target=9.505Hz  err=-20.052Hz  corr=-411.86W  u_ff=88.5W  PCAP→78W  power=79.1W
[PID] perf=29.567Hz  target=9.505Hz  err=-20.062Hz  corr=-412.05W  u_ff=88.5W  PCAP→78W  power=77.1W
[PID] perf=29.528Hz  target=9.505Hz  err=-20.023Hz  corr=-411.32W  u_ff=88.5W  PCAP→78W  power=78.5W
[PID] perf=29.533Hz  target=9.505Hz  err=-20.027Hz  corr=-411.40W  u_ff=88.5W  PCAP→78W  power=77.1W
[PID] perf=29.536Hz  target=9.505Hz  err=-20.031Hz  corr=-411.47W  u_ff=88.5W  PCAP→78W  power=76.2W
[PID] perf=29.537Hz  target=9.505Hz  err=-20.032Hz  corr=-411.48W  u_ff=88.5W  PCAP→78W  power=78.8W
[PID] perf=29.540Hz  target=9.505Hz  err=-20.035Hz  corr=-411.54W  u_ff=88.5W  PCAP→78W  power=77.2W
[PID] perf=29.552Hz  target=9.505Hz  err=-20.046Hz  corr=-411.76W  u_ff=88.5W  PCAP→78W  power=76.1W
[PID] perf=29.558Hz  target=9.505Hz  err=-20.053Hz  corr=-411.87W  u_ff=88.5W  PCAP→78W  power=77.6W
[PID] perf=29.500Hz  target=9.505Hz  err=-19.995Hz  corr=-410.80W  u_ff=88.5W  PCAP→78W  power=78.9W
[PID] perf=29.581Hz  target=9.505Hz  err=-20.076Hz  corr=-412.30W  u_ff=88.5W  PCAP→78W  power=78.5W
[PID] perf=29.555Hz  target=9.505Hz  err=-20.050Hz  corr=-411.81W  u_ff=88.5W  PCAP→78W  power=79.7W
[PID] perf=29.547Hz  target=9.505Hz  err=-20.041Hz  corr=-411.66W  u_ff=88.5W  PCAP→78W  power=76.8W
[PID] perf=29.564Hz  target=9.505Hz  err=-20.059Hz  corr=-411.98W  u_ff=88.5W  PCAP→78W  power=76.7W
[PID] perf=29.566Hz  target=9.505Hz  err=-20.061Hz  corr=-412.03W  u_ff=88.5W  PCAP→78W  power=78.4W
[PID] perf=29.621Hz  target=9.505Hz  err=-20.116Hz  corr=-413.05W  u_ff=88.5W  PCAP→78W  power=79.6W
[PID] perf=29.556Hz  target=9.505Hz  err=-20.051Hz  corr=-411.84W  u_ff=88.5W  PCAP→78W  power=77.0W
[PID] perf=29.592Hz  target=9.505Hz  err=-20.087Hz  corr=-412.50W  u_ff=88.5W  PCAP→78W  power=77.9W
[PID] perf=29.488Hz  target=9.505Hz  err=-19.982Hz  corr=-410.57W  u_ff=88.5W  PCAP→78W  power=77.1W
[PID] perf=29.577Hz  target=9.505Hz  err=-20.072Hz  corr=-412.23W  u_ff=88.5W  PCAP→78W  power=78.7W
[PID] perf=29.556Hz  target=9.505Hz  err=-20.051Hz  corr=-411.84W  u_ff=88.5W  PCAP→78W  power=79.3W
[PID] perf=29.570Hz  target=9.505Hz  err=-20.065Hz  corr=-412.09W  u_ff=88.5W  PCAP→78W  power=77.4W
[PID] perf=29.560Hz  target=9.505Hz  err=-20.054Hz  corr=-411.90W  u_ff=88.5W  PCAP→78W  power=76.0W
[PID] perf=29.551Hz  target=9.505Hz  err=-20.046Hz  corr=-411.74W  u_ff=88.5W  PCAP→78W  power=78.1W
[PID] perf=29.551Hz  target=9.505Hz  err=-20.046Hz  corr=-411.75W  u_ff=88.5W  PCAP→78W  power=78.9W
[PID] perf=29.551Hz  target=9.505Hz  err=-20.046Hz  corr=-411.75W  u_ff=88.5W  PCAP→78W  power=76.7W
[PID] perf=29.561Hz  target=9.505Hz  err=-20.056Hz  corr=-411.94W  u_ff=88.5W  PCAP→78W  power=78.1W
[PID] perf=29.575Hz  target=9.505Hz  err=-20.070Hz  corr=-412.19W  u_ff=88.5W  PCAP→78W  power=77.1W
[PID] perf=29.520Hz  target=9.505Hz  err=-20.015Hz  corr=-411.17W  u_ff=88.5W  PCAP→78W  power=76.2W
[PID] perf=29.561Hz  target=9.505Hz  err=-20.055Hz  corr=-411.92W  u_ff=88.5W  PCAP→78W  power=79.3W
[PID] perf=29.525Hz  target=9.505Hz  err=-20.020Hz  corr=-411.27W  u_ff=88.5W  PCAP→78W  power=78.6W
[PID] perf=29.524Hz  target=9.505Hz  err=-20.019Hz  corr=-411.24W  u_ff=88.5W  PCAP→78W  power=78.5W
[PID] perf=29.571Hz  target=9.505Hz  err=-20.066Hz  corr=-412.11W  u_ff=88.5W  PCAP→78W  power=78.9W
[PID] perf=29.565Hz  target=9.505Hz  err=-20.060Hz  corr=-412.01W  u_ff=88.5W  PCAP→78W  power=77.5W
[PID] perf=29.574Hz  target=9.505Hz  err=-20.069Hz  corr=-412.17W  u_ff=88.5W  PCAP→78W  power=78.7W
[PID] perf=29.580Hz  target=9.505Hz  err=-20.075Hz  corr=-412.28W  u_ff=88.5W  PCAP→78W  power=76.8W
[PID] perf=29.551Hz  target=9.505Hz  err=-20.046Hz  corr=-411.75W  u_ff=88.5W  PCAP→78W  power=77.2W
[PID] perf=29.576Hz  target=9.505Hz  err=-20.070Hz  corr=-412.20W  u_ff=88.5W  PCAP→78W  power=77.0W
[PID] perf=29.534Hz  target=9.505Hz  err=-20.029Hz  corr=-411.43W  u_ff=88.5W  PCAP→78W  power=79.6W
[PID] perf=27.283Hz  target=9.505Hz  err=-17.778Hz  corr=-369.69W  u_ff=88.5W  PCAP→78W  power=77.4W
[PID] perf=27.357Hz  target=9.505Hz  err=-17.852Hz  corr=-371.05W  u_ff=88.5W  PCAP→78W  power=78.5W
[PID] perf=27.352Hz  target=9.505Hz  err=-17.847Hz  corr=-370.97W  u_ff=88.5W  PCAP→78W  power=78.3W
[PID] perf=27.300Hz  target=9.505Hz  err=-17.795Hz  corr=-370.00W  u_ff=88.5W  PCAP→78W  power=78.6W
[PID] perf=24.799Hz  target=9.505Hz  err=-15.294Hz  corr=-323.62W  u_ff=88.5W  PCAP→78W  power=78.6W
[PID] perf=25.040Hz  target=9.505Hz  err=-15.535Hz  corr=-328.09W  u_ff=88.5W  PCAP→78W  power=77.1W
[PID] perf=24.929Hz  target=9.505Hz  err=-15.424Hz  corr=-326.03W  u_ff=88.5W  PCAP→78W  power=76.7W
[PID] perf=25.288Hz  target=9.505Hz  err=-15.783Hz  corr=-332.68W  u_ff=88.5W  PCAP→78W  power=78.3W
[PID] perf=25.252Hz  target=9.505Hz  err=-15.747Hz  corr=-332.02W  u_ff=88.5W  PCAP→78W  power=79.3W
[PID] perf=25.680Hz  target=9.505Hz  err=-16.174Hz  corr=-339.95W  u_ff=88.5W  PCAP→78W  power=77.6W
[PID] perf=26.012Hz  target=9.505Hz  err=-16.507Hz  corr=-346.11W  u_ff=88.5W  PCAP→78W  power=79.1W
[PID] perf=25.970Hz  target=9.505Hz  err=-16.465Hz  corr=-345.34W  u_ff=88.5W  PCAP→78W  power=77.9W
[PID] perf=25.975Hz  target=9.505Hz  err=-16.470Hz  corr=-345.42W  u_ff=88.5W  PCAP→78W  power=77.9W
[PID] perf=26.002Hz  target=9.505Hz  err=-16.497Hz  corr=-345.93W  u_ff=88.5W  PCAP→78W  power=79.3W
[PID] perf=25.963Hz  target=9.505Hz  err=-16.457Hz  corr=-345.20W  u_ff=88.5W  PCAP→78W  power=77.2W
[PID] perf=26.006Hz  target=9.505Hz  err=-16.501Hz  corr=-346.01W  u_ff=88.5W  PCAP→78W  power=77.4W
[PID] perf=26.015Hz  target=9.505Hz  err=-16.510Hz  corr=-346.17W  u_ff=88.5W  PCAP→78W  power=77.0W
[PID] perf=25.988Hz  target=9.505Hz  err=-16.483Hz  corr=-345.67W  u_ff=88.5W  PCAP→78W  power=78.2W
[PID] perf=26.008Hz  target=9.505Hz  err=-16.503Hz  corr=-346.05W  u_ff=88.5W  PCAP→78W  power=77.8W
[PID] perf=25.848Hz  target=9.505Hz  err=-16.343Hz  corr=-343.07W  u_ff=88.5W  PCAP→78W  power=77.6W
[PID] perf=25.989Hz  target=9.505Hz  err=-16.484Hz  corr=-345.69W  u_ff=88.5W  PCAP→78W  power=77.7W
[PID] perf=25.963Hz  target=9.505Hz  err=-16.458Hz  corr=-345.21W  u_ff=88.5W  PCAP→78W  power=79.0W
[PID] perf=25.941Hz  target=9.505Hz  err=-16.436Hz  corr=-344.81W  u_ff=88.5W  PCAP→78W  power=77.7W
[PID] perf=25.683Hz  target=9.505Hz  err=-16.178Hz  corr=-340.01W  u_ff=88.5W  PCAP→78W  power=76.7W
[PID] perf=25.617Hz  target=9.505Hz  err=-16.112Hz  corr=-338.79W  u_ff=88.5W  PCAP→78W  power=76.4W
[PID] perf=25.634Hz  target=9.505Hz  err=-16.129Hz  corr=-339.10W  u_ff=88.5W  PCAP→78W  power=77.3W
[PID] perf=25.681Hz  target=9.505Hz  err=-16.176Hz  corr=-339.98W  u_ff=88.5W  PCAP→78W  power=77.6W
[PID] perf=25.673Hz  target=9.505Hz  err=-16.168Hz  corr=-339.82W  u_ff=88.5W  PCAP→78W  power=78.5W
[PID] perf=25.661Hz  target=9.505Hz  err=-16.156Hz  corr=-339.61W  u_ff=88.5W  PCAP→78W  power=79.0W
[PID] perf=25.702Hz  target=9.505Hz  err=-16.197Hz  corr=-340.37W  u_ff=88.5W  PCAP→78W  power=77.1W
[PID] perf=25.663Hz  target=9.505Hz  err=-16.158Hz  corr=-339.65W  u_ff=88.5W  PCAP→78W  power=77.1W
[PID] perf=25.682Hz  target=9.505Hz  err=-16.177Hz  corr=-340.00W  u_ff=88.5W  PCAP→78W  power=77.9W
[PID] perf=25.685Hz  target=9.505Hz  err=-16.180Hz  corr=-340.06W  u_ff=88.5W  PCAP→78W  power=77.6W
[PID] perf=25.684Hz  target=9.505Hz  err=-16.178Hz  corr=-340.02W  u_ff=88.5W  PCAP→78W  power=78.3W
[PID] perf=26.144Hz  target=9.505Hz  err=-16.638Hz  corr=-348.55W  u_ff=88.5W  PCAP→78W  power=79.0W
[PID] perf=26.139Hz  target=9.505Hz  err=-16.634Hz  corr=-348.47W  u_ff=88.5W  PCAP→78W  power=79.0W
[PID] perf=26.170Hz  target=9.505Hz  err=-16.665Hz  corr=-349.04W  u_ff=88.5W  PCAP→78W  power=79.0W
[PID] perf=26.140Hz  target=9.505Hz  err=-16.635Hz  corr=-348.50W  u_ff=88.5W  PCAP→78W  power=79.2W
[PID] perf=26.169Hz  target=9.505Hz  err=-16.663Hz  corr=-349.02W  u_ff=88.5W  PCAP→78W  power=78.0W
[PID] perf=26.148Hz  target=9.505Hz  err=-16.643Hz  corr=-348.63W  u_ff=88.5W  PCAP→78W  power=79.1W
[PID] perf=26.163Hz  target=9.505Hz  err=-16.658Hz  corr=-348.92W  u_ff=88.5W  PCAP→78W  power=77.5W
[PID] perf=26.167Hz  target=9.505Hz  err=-16.662Hz  corr=-349.00W  u_ff=88.5W  PCAP→78W  power=78.1W
[PID] perf=26.160Hz  target=9.505Hz  err=-16.654Hz  corr=-348.85W  u_ff=88.5W  PCAP→78W  power=77.3W
[PID] perf=26.173Hz  target=9.505Hz  err=-16.668Hz  corr=-349.11W  u_ff=88.5W  PCAP→78W  power=77.1W
[PID] perf=26.183Hz  target=9.505Hz  err=-16.678Hz  corr=-349.29W  u_ff=88.5W  PCAP→78W  power=76.9W
[PID] perf=26.166Hz  target=9.505Hz  err=-16.661Hz  corr=-348.97W  u_ff=88.5W  PCAP→78W  power=77.7W
[PID] perf=26.175Hz  target=9.505Hz  err=-16.670Hz  corr=-349.14W  u_ff=88.5W  PCAP→78W  power=78.1W
[PID] perf=26.172Hz  target=9.505Hz  err=-16.667Hz  corr=-349.08W  u_ff=88.5W  PCAP→78W  power=78.3W
[PID] perf=25.329Hz  target=9.505Hz  err=-15.824Hz  corr=-333.44W  u_ff=88.5W  PCAP→78W  power=78.5W
[PID] perf=26.495Hz  target=9.505Hz  err=-16.990Hz  corr=-355.07W  u_ff=88.5W  PCAP→78W  power=77.6W
[PID] perf=26.494Hz  target=9.505Hz  err=-16.988Hz  corr=-355.04W  u_ff=88.5W  PCAP→78W  power=77.7W
[PID] perf=26.544Hz  target=9.505Hz  err=-17.039Hz  corr=-355.98W  u_ff=88.5W  PCAP→78W  power=78.7W
[PID] perf=26.547Hz  target=9.505Hz  err=-17.041Hz  corr=-356.03W  u_ff=88.5W  PCAP→78W  power=79.0W
[PID] perf=26.569Hz  target=9.505Hz  err=-17.064Hz  corr=-356.44W  u_ff=88.5W  PCAP→78W  power=79.1W
[PID] perf=26.579Hz  target=9.505Hz  err=-17.074Hz  corr=-356.63W  u_ff=88.5W  PCAP→78W  power=77.7W
[PID] perf=26.584Hz  target=9.505Hz  err=-17.079Hz  corr=-356.73W  u_ff=88.5W  PCAP→78W  power=76.9W
[PID] perf=26.580Hz  target=9.505Hz  err=-17.075Hz  corr=-356.65W  u_ff=88.5W  PCAP→78W  power=77.0W
[PID] perf=26.545Hz  target=9.505Hz  err=-17.040Hz  corr=-356.00W  u_ff=88.5W  PCAP→78W  power=76.7W
[PID] perf=26.552Hz  target=9.505Hz  err=-17.046Hz  corr=-356.12W  u_ff=88.5W  PCAP→78W  power=76.6W
[PID] perf=26.577Hz  target=9.505Hz  err=-17.071Hz  corr=-356.59W  u_ff=88.5W  PCAP→78W  power=78.9W
[PID] perf=26.618Hz  target=9.505Hz  err=-17.113Hz  corr=-357.36W  u_ff=88.5W  PCAP→78W  power=79.1W
[PID] perf=27.323Hz  target=9.505Hz  err=-17.818Hz  corr=-370.43W  u_ff=88.5W  PCAP→78W  power=79.3W
[PID] perf=27.391Hz  target=9.505Hz  err=-17.886Hz  corr=-371.69W  u_ff=88.5W  PCAP→78W  power=79.2W
[PID] perf=27.306Hz  target=9.505Hz  err=-17.801Hz  corr=-370.10W  u_ff=88.5W  PCAP→78W  power=78.3W
[PID] perf=27.321Hz  target=9.505Hz  err=-17.816Hz  corr=-370.39W  u_ff=88.5W  PCAP→78W  power=77.4W
[PID] perf=27.375Hz  target=9.505Hz  err=-17.869Hz  corr=-371.38W  u_ff=88.5W  PCAP→78W  power=78.7W
[PID] perf=27.343Hz  target=9.505Hz  err=-17.838Hz  corr=-370.80W  u_ff=88.5W  PCAP→78W  power=76.4W
[PID] perf=27.382Hz  target=9.505Hz  err=-17.877Hz  corr=-371.53W  u_ff=88.5W  PCAP→78W  power=77.5W
[PID] perf=27.345Hz  target=9.505Hz  err=-17.840Hz  corr=-370.84W  u_ff=88.5W  PCAP→78W  power=78.4W
[PID] perf=27.328Hz  target=9.505Hz  err=-17.823Hz  corr=-370.52W  u_ff=88.5W  PCAP→78W  power=77.0W
[PID] perf=27.354Hz  target=9.505Hz  err=-17.849Hz  corr=-371.00W  u_ff=88.5W  PCAP→78W  power=76.6W
[PID] perf=27.381Hz  target=9.505Hz  err=-17.876Hz  corr=-371.51W  u_ff=88.5W  PCAP→78W  power=77.4W
[PID] perf=27.368Hz  target=9.505Hz  err=-17.863Hz  corr=-371.26W  u_ff=88.5W  PCAP→78W  power=78.0W
[PID] perf=27.359Hz  target=9.505Hz  err=-17.854Hz  corr=-371.09W  u_ff=88.5W  PCAP→78W  power=78.4W
[PID] perf=27.389Hz  target=9.505Hz  err=-17.883Hz  corr=-371.64W  u_ff=88.5W  PCAP→78W  power=77.4W
[PID] perf=27.378Hz  target=9.505Hz  err=-17.873Hz  corr=-371.44W  u_ff=88.5W  PCAP→78W  power=76.0W
[PID] perf=27.378Hz  target=9.505Hz  err=-17.873Hz  corr=-371.46W  u_ff=88.5W  PCAP→78W  power=76.9W
[PID] perf=27.360Hz  target=9.505Hz  err=-17.855Hz  corr=-371.11W  u_ff=88.5W  PCAP→78W  power=78.7W
[PID] perf=27.349Hz  target=9.505Hz  err=-17.844Hz  corr=-370.91W  u_ff=88.5W  PCAP→78W  power=78.6W
[PID] perf=27.348Hz  target=9.505Hz  err=-17.843Hz  corr=-370.88W  u_ff=88.5W  PCAP→78W  power=77.0W
[PID] perf=27.180Hz  target=9.505Hz  err=-17.675Hz  corr=-367.77W  u_ff=88.5W  PCAP→78W  power=77.6W
[PID] perf=27.195Hz  target=9.505Hz  err=-17.690Hz  corr=-368.05W  u_ff=88.5W  PCAP→78W  power=76.6W
[PID] perf=27.314Hz  target=9.505Hz  err=-17.808Hz  corr=-370.25W  u_ff=88.5W  PCAP→78W  power=77.0W
[PID] perf=27.304Hz  target=9.505Hz  err=-17.799Hz  corr=-370.08W  u_ff=88.5W  PCAP→78W  power=78.9W
[PID] perf=27.317Hz  target=9.505Hz  err=-17.812Hz  corr=-370.31W  u_ff=88.5W  PCAP→78W  power=78.1W
[PID] perf=27.327Hz  target=9.505Hz  err=-17.822Hz  corr=-370.50W  u_ff=88.5W  PCAP→78W  power=78.0W
[PID] perf=27.256Hz  target=9.505Hz  err=-17.751Hz  corr=-369.19W  u_ff=88.5W  PCAP→78W  power=78.4W
[PID] perf=27.284Hz  target=9.505Hz  err=-17.778Hz  corr=-369.69W  u_ff=88.5W  PCAP→78W  power=79.1W
[PID] perf=27.264Hz  target=9.505Hz  err=-17.759Hz  corr=-369.33W  u_ff=88.5W  PCAP→78W  power=78.6W
[PID] perf=27.287Hz  target=9.505Hz  err=-17.781Hz  corr=-369.75W  u_ff=88.5W  PCAP→78W  power=79.4W
[PID] perf=27.328Hz  target=9.505Hz  err=-17.823Hz  corr=-370.52W  u_ff=88.5W  PCAP→78W  power=78.7W
[PID] perf=27.307Hz  target=9.505Hz  err=-17.802Hz  corr=-370.14W  u_ff=88.5W  PCAP→78W  power=78.6W
[PID] perf=27.295Hz  target=9.505Hz  err=-17.790Hz  corr=-369.91W  u_ff=88.5W  PCAP→78W  power=78.1W
[PID] perf=27.324Hz  target=9.505Hz  err=-17.819Hz  corr=-370.45W  u_ff=88.5W  PCAP→78W  power=76.3W
[PID] perf=27.310Hz  target=9.505Hz  err=-17.805Hz  corr=-370.18W  u_ff=88.5W  PCAP→78W  power=77.7W
[PID] perf=27.309Hz  target=9.505Hz  err=-17.804Hz  corr=-370.16W  u_ff=88.5W  PCAP→78W  power=77.5W
[PID] perf=27.323Hz  target=9.505Hz  err=-17.818Hz  corr=-370.42W  u_ff=88.5W  PCAP→78W  power=78.9W
[PID] perf=27.336Hz  target=9.505Hz  err=-17.831Hz  corr=-370.67W  u_ff=88.5W  PCAP→78W  power=77.0W
[PID] perf=27.321Hz  target=9.505Hz  err=-17.815Hz  corr=-370.38W  u_ff=88.5W  PCAP→78W  power=78.5W
[PID] perf=27.304Hz  target=9.505Hz  err=-17.799Hz  corr=-370.07W  u_ff=88.5W  PCAP→78W  power=78.7W
[PID] perf=27.338Hz  target=9.505Hz  err=-17.833Hz  corr=-370.71W  u_ff=88.5W  PCAP→78W  power=78.0W
[PID] perf=27.332Hz  target=9.505Hz  err=-17.827Hz  corr=-370.60W  u_ff=88.5W  PCAP→78W  power=78.4W
[PID] perf=27.323Hz  target=9.505Hz  err=-17.818Hz  corr=-370.42W  u_ff=88.5W  PCAP→78W  power=76.8W
[PID] perf=27.092Hz  target=9.505Hz  err=-17.587Hz  corr=-366.14W  u_ff=88.5W  PCAP→78W  power=78.8W
[PID] perf=27.651Hz  target=9.505Hz  err=-18.146Hz  corr=-376.51W  u_ff=88.5W  PCAP→78W  power=77.6W
[PID] perf=27.683Hz  target=9.505Hz  err=-18.178Hz  corr=-377.11W  u_ff=88.5W  PCAP→78W  power=79.2W
[PID] perf=27.710Hz  target=9.505Hz  err=-18.205Hz  corr=-377.61W  u_ff=88.5W  PCAP→78W  power=76.6W
[PID] perf=27.739Hz  target=9.505Hz  err=-18.234Hz  corr=-378.15W  u_ff=88.5W  PCAP→78W  power=78.8W
[PID] perf=27.745Hz  target=9.505Hz  err=-18.240Hz  corr=-378.25W  u_ff=88.5W  PCAP→78W  power=79.1W
[PID] perf=27.654Hz  target=9.505Hz  err=-18.149Hz  corr=-376.57W  u_ff=88.5W  PCAP→78W  power=79.2W
[PID] perf=27.296Hz  target=9.505Hz  err=-17.791Hz  corr=-369.93W  u_ff=88.5W  PCAP→78W  power=79.0W
[PID] perf=27.310Hz  target=9.505Hz  err=-17.805Hz  corr=-370.19W  u_ff=88.5W  PCAP→78W  power=77.6W
[PID] perf=27.306Hz  target=9.505Hz  err=-17.801Hz  corr=-370.12W  u_ff=88.5W  PCAP→78W  power=77.4W
[PID] perf=27.287Hz  target=9.505Hz  err=-17.782Hz  corr=-369.75W  u_ff=88.5W  PCAP→78W  power=77.6W
[PID] perf=27.321Hz  target=9.505Hz  err=-17.816Hz  corr=-370.39W  u_ff=88.5W  PCAP→78W  power=77.4W
[PID] perf=27.332Hz  target=9.505Hz  err=-17.827Hz  corr=-370.59W  u_ff=88.5W  PCAP→78W  power=77.5W
[PID] perf=27.320Hz  target=9.505Hz  err=-17.815Hz  corr=-370.37W  u_ff=88.5W  PCAP→78W  power=76.6W
[PID] perf=27.315Hz  target=9.505Hz  err=-17.810Hz  corr=-370.27W  u_ff=88.5W  PCAP→78W  power=77.7W
[PID] perf=27.339Hz  target=9.505Hz  err=-17.834Hz  corr=-370.73W  u_ff=88.5W  PCAP→78W  power=77.4W
[PID] perf=27.327Hz  target=9.505Hz  err=-17.822Hz  corr=-370.50W  u_ff=88.5W  PCAP→78W  power=77.5W
[PID] perf=27.346Hz  target=9.505Hz  err=-17.841Hz  corr=-370.85W  u_ff=88.5W  PCAP→78W  power=78.8W
[PID] perf=27.333Hz  target=9.505Hz  err=-17.828Hz  corr=-370.62W  u_ff=88.5W  PCAP→78W  power=78.3W
[PID] perf=27.338Hz  target=9.505Hz  err=-17.833Hz  corr=-370.70W  u_ff=88.5W  PCAP→78W  power=78.8W
[PID] perf=27.358Hz  target=9.505Hz  err=-17.853Hz  corr=-371.07W  u_ff=88.5W  PCAP→78W  power=78.8W
[PID] perf=27.351Hz  target=9.505Hz  err=-17.846Hz  corr=-370.95W  u_ff=88.5W  PCAP→78W  power=78.2W
[PID] perf=27.269Hz  target=9.505Hz  err=-17.764Hz  corr=-369.42W  u_ff=88.5W  PCAP→78W  power=78.6W
[PID] perf=27.350Hz  target=9.505Hz  err=-17.845Hz  corr=-370.93W  u_ff=88.5W  PCAP→78W  power=79.2W
[PID] perf=27.310Hz  target=9.505Hz  err=-17.805Hz  corr=-370.18W  u_ff=88.5W  PCAP→78W  power=78.9W
[PID] perf=27.344Hz  target=9.505Hz  err=-17.839Hz  corr=-370.81W  u_ff=88.5W  PCAP→78W  power=78.7W
[PID] perf=26.480Hz  target=9.505Hz  err=-16.975Hz  corr=-354.80W  u_ff=88.5W  PCAP→78W  power=77.5W
[PID] perf=26.663Hz  target=9.505Hz  err=-17.158Hz  corr=-358.20W  u_ff=88.5W  PCAP→78W  power=78.2W
[PID] perf=26.652Hz  target=9.505Hz  err=-17.147Hz  corr=-357.98W  u_ff=88.5W  PCAP→78W  power=77.3W
[PID] perf=26.692Hz  target=9.505Hz  err=-17.186Hz  corr=-358.72W  u_ff=88.5W  PCAP→78W  power=77.3W
[PID] perf=26.633Hz  target=9.505Hz  err=-17.128Hz  corr=-357.64W  u_ff=88.5W  PCAP→78W  power=77.8W
[PID] perf=26.607Hz  target=9.505Hz  err=-17.102Hz  corr=-357.15W  u_ff=88.5W  PCAP→78W  power=78.7W
[PID] perf=26.679Hz  target=9.505Hz  err=-17.174Hz  corr=-358.48W  u_ff=88.5W  PCAP→78W  power=77.8W
[PID] perf=26.639Hz  target=9.505Hz  err=-17.134Hz  corr=-357.74W  u_ff=88.5W  PCAP→78W  power=78.6W
[PID] perf=26.658Hz  target=9.505Hz  err=-17.153Hz  corr=-358.10W  u_ff=88.5W  PCAP→78W  power=78.3W
[PID] perf=26.660Hz  target=9.505Hz  err=-17.155Hz  corr=-358.14W  u_ff=88.5W  PCAP→78W  power=78.6W
[PID] perf=26.688Hz  target=9.505Hz  err=-17.183Hz  corr=-358.65W  u_ff=88.5W  PCAP→78W  power=77.4W
[PID] perf=26.656Hz  target=9.505Hz  err=-17.150Hz  corr=-358.05W  u_ff=88.5W  PCAP→78W  power=76.7W
[PID] perf=26.653Hz  target=9.505Hz  err=-17.148Hz  corr=-358.00W  u_ff=88.5W  PCAP→78W  power=77.9W
[PID] perf=26.652Hz  target=9.505Hz  err=-17.147Hz  corr=-357.99W  u_ff=88.5W  PCAP→78W  power=79.1W
[PID] perf=26.664Hz  target=9.505Hz  err=-17.159Hz  corr=-358.21W  u_ff=88.5W  PCAP→78W  power=77.7W
[PID] perf=26.656Hz  target=9.505Hz  err=-17.151Hz  corr=-358.06W  u_ff=88.5W  PCAP→78W  power=78.1W
[PID] perf=26.661Hz  target=9.505Hz  err=-17.155Hz  corr=-358.14W  u_ff=88.5W  PCAP→78W  power=77.5W
[PID] perf=26.683Hz  target=9.505Hz  err=-17.178Hz  corr=-358.55W  u_ff=88.5W  PCAP→78W  power=78.9W
[PID] perf=26.636Hz  target=9.505Hz  err=-17.131Hz  corr=-357.69W  u_ff=88.5W  PCAP→78W  power=78.8W
[PID] perf=26.686Hz  target=9.505Hz  err=-17.181Hz  corr=-358.61W  u_ff=88.5W  PCAP→78W  power=78.4W
[PID] perf=26.644Hz  target=9.505Hz  err=-17.139Hz  corr=-357.83W  u_ff=88.5W  PCAP→78W  power=77.4W
[PID] perf=26.632Hz  target=9.505Hz  err=-17.127Hz  corr=-357.61W  u_ff=88.5W  PCAP→78W  power=77.3W
[PID] perf=26.612Hz  target=9.505Hz  err=-17.107Hz  corr=-357.25W  u_ff=88.5W  PCAP→78W  power=78.8W
[PID] perf=26.656Hz  target=9.505Hz  err=-17.151Hz  corr=-358.05W  u_ff=88.5W  PCAP→78W  power=78.2W
[PID] perf=26.670Hz  target=9.505Hz  err=-17.165Hz  corr=-358.33W  u_ff=88.5W  PCAP→78W  power=79.3W
[PID] perf=26.635Hz  target=9.505Hz  err=-17.130Hz  corr=-357.66W  u_ff=88.5W  PCAP→78W  power=79.0W
[PID] perf=26.629Hz  target=9.505Hz  err=-17.124Hz  corr=-357.56W  u_ff=88.5W  PCAP→78W  power=78.1W
[PID] perf=26.648Hz  target=9.505Hz  err=-17.142Hz  corr=-357.90W  u_ff=88.5W  PCAP→78W  power=77.7W
[PID] perf=26.675Hz  target=9.505Hz  err=-17.170Hz  corr=-358.41W  u_ff=88.5W  PCAP→78W  power=78.7W
[PID] perf=26.662Hz  target=9.505Hz  err=-17.157Hz  corr=-358.17W  u_ff=88.5W  PCAP→78W  power=77.2W
[PID] perf=26.685Hz  target=9.505Hz  err=-17.180Hz  corr=-358.60W  u_ff=88.5W  PCAP→78W  power=77.2W
[PID] perf=26.697Hz  target=9.505Hz  err=-17.192Hz  corr=-358.82W  u_ff=88.5W  PCAP→78W  power=79.1W
[PID] perf=26.662Hz  target=9.505Hz  err=-17.157Hz  corr=-358.17W  u_ff=88.5W  PCAP→78W  power=79.1W
[PID] perf=26.629Hz  target=9.505Hz  err=-17.123Hz  corr=-357.55W  u_ff=88.5W  PCAP→78W  power=78.7W
[PID] perf=26.646Hz  target=9.505Hz  err=-17.140Hz  corr=-357.86W  u_ff=88.5W  PCAP→78W  power=76.9W
[PID] perf=26.676Hz  target=9.505Hz  err=-17.171Hz  corr=-358.42W  u_ff=88.5W  PCAP→78W  power=77.3W
[PID] perf=26.672Hz  target=9.505Hz  err=-17.167Hz  corr=-358.35W  u_ff=88.5W  PCAP→78W  power=77.0W
[PID] perf=26.687Hz  target=9.505Hz  err=-17.182Hz  corr=-358.63W  u_ff=88.5W  PCAP→78W  power=79.0W
[PID] perf=26.657Hz  target=9.505Hz  err=-17.152Hz  corr=-358.08W  u_ff=88.5W  PCAP→78W  power=79.1W
[PID] perf=26.668Hz  target=9.505Hz  err=-17.163Hz  corr=-358.29W  u_ff=88.5W  PCAP→78W  power=78.7W
[PID] perf=26.659Hz  target=9.505Hz  err=-17.153Hz  corr=-358.10W  u_ff=88.5W  PCAP→78W  power=79.0W
[PID] perf=26.657Hz  target=9.505Hz  err=-17.152Hz  corr=-358.07W  u_ff=88.5W  PCAP→78W  power=78.1W
[PID] perf=26.629Hz  target=9.505Hz  err=-17.123Hz  corr=-357.55W  u_ff=88.5W  PCAP→78W  power=77.4W
[PID] perf=26.670Hz  target=9.505Hz  err=-17.165Hz  corr=-358.32W  u_ff=88.5W  PCAP→78W  power=77.8W
[PID] perf=26.671Hz  target=9.505Hz  err=-17.166Hz  corr=-358.34W  u_ff=88.5W  PCAP→78W  power=78.7W
[PID] perf=26.651Hz  target=9.505Hz  err=-17.146Hz  corr=-357.97W  u_ff=88.5W  PCAP→78W  power=78.4W
[PID] perf=26.639Hz  target=9.505Hz  err=-17.134Hz  corr=-357.75W  u_ff=88.5W  PCAP→78W  power=77.7W
[PID] perf=26.655Hz  target=9.505Hz  err=-17.150Hz  corr=-358.05W  u_ff=88.5W  PCAP→78W  power=77.0W
[PID] perf=26.689Hz  target=9.505Hz  err=-17.184Hz  corr=-358.68W  u_ff=88.5W  PCAP→78W  power=78.8W
[PID] perf=28.346Hz  target=9.505Hz  err=-18.841Hz  corr=-389.39W  u_ff=88.5W  PCAP→78W  power=77.8W
[PID] perf=28.356Hz  target=9.505Hz  err=-18.851Hz  corr=-389.59W  u_ff=88.5W  PCAP→78W  power=79.0W
[PID] perf=28.377Hz  target=9.505Hz  err=-18.871Hz  corr=-389.97W  u_ff=88.5W  PCAP→78W  power=79.4W
[PID] perf=28.337Hz  target=9.505Hz  err=-18.831Hz  corr=-389.22W  u_ff=88.5W  PCAP→78W  power=78.6W
[PID] perf=28.320Hz  target=9.505Hz  err=-18.815Hz  corr=-388.92W  u_ff=88.5W  PCAP→78W  power=78.6W
[PID] perf=28.372Hz  target=9.505Hz  err=-18.867Hz  corr=-389.89W  u_ff=88.5W  PCAP→78W  power=76.8W
[PID] perf=28.324Hz  target=9.505Hz  err=-18.819Hz  corr=-389.00W  u_ff=88.5W  PCAP→78W  power=77.5W
[PID] perf=28.339Hz  target=9.505Hz  err=-18.834Hz  corr=-389.27W  u_ff=88.5W  PCAP→78W  power=78.0W
[PID] perf=28.342Hz  target=9.505Hz  err=-18.837Hz  corr=-389.33W  u_ff=88.5W  PCAP→78W  power=78.1W
[PID] perf=28.323Hz  target=9.505Hz  err=-18.818Hz  corr=-388.98W  u_ff=88.5W  PCAP→78W  power=76.7W
[PID] perf=28.346Hz  target=9.505Hz  err=-18.841Hz  corr=-389.41W  u_ff=88.5W  PCAP→78W  power=78.6W
[PID] perf=28.363Hz  target=9.505Hz  err=-18.858Hz  corr=-389.71W  u_ff=88.5W  PCAP→78W  power=77.0W
[PID] perf=28.329Hz  target=9.505Hz  err=-18.824Hz  corr=-389.09W  u_ff=88.5W  PCAP→78W  power=76.8W
[PID] perf=28.348Hz  target=9.505Hz  err=-18.843Hz  corr=-389.44W  u_ff=88.5W  PCAP→78W  power=77.5W
[PID] perf=28.330Hz  target=9.505Hz  err=-18.825Hz  corr=-389.11W  u_ff=88.5W  PCAP→78W  power=77.2W
[PID] perf=28.354Hz  target=9.505Hz  err=-18.849Hz  corr=-389.55W  u_ff=88.5W  PCAP→78W  power=76.6W
[PID] perf=28.331Hz  target=9.505Hz  err=-18.826Hz  corr=-389.12W  u_ff=88.5W  PCAP→78W  power=77.2W
[PID] perf=28.406Hz  target=9.505Hz  err=-18.901Hz  corr=-390.51W  u_ff=88.5W  PCAP→78W  power=77.2W
[PID] perf=28.357Hz  target=9.505Hz  err=-18.852Hz  corr=-389.61W  u_ff=88.5W  PCAP→78W  power=77.6W
[PID] perf=28.344Hz  target=9.505Hz  err=-18.838Hz  corr=-389.35W  u_ff=88.5W  PCAP→78W  power=76.5W
[PID] perf=28.377Hz  target=9.505Hz  err=-18.872Hz  corr=-389.97W  u_ff=88.5W  PCAP→78W  power=77.6W
[PID] perf=28.378Hz  target=9.505Hz  err=-18.873Hz  corr=-390.00W  u_ff=88.5W  PCAP→78W  power=77.8W
[PID] perf=28.368Hz  target=9.505Hz  err=-18.863Hz  corr=-389.80W  u_ff=88.5W  PCAP→78W  power=76.2W
[PID] perf=28.365Hz  target=9.505Hz  err=-18.859Hz  corr=-389.74W  u_ff=88.5W  PCAP→78W  power=77.1W
[PID] perf=28.371Hz  target=9.505Hz  err=-18.866Hz  corr=-389.86W  u_ff=88.5W  PCAP→78W  power=77.4W
[PID] perf=28.373Hz  target=9.505Hz  err=-18.867Hz  corr=-389.89W  u_ff=88.5W  PCAP→78W  power=77.7W
[PID] perf=28.376Hz  target=9.505Hz  err=-18.871Hz  corr=-389.96W  u_ff=88.5W  PCAP→78W  power=77.7W
[PID] perf=28.342Hz  target=9.505Hz  err=-18.837Hz  corr=-389.32W  u_ff=88.5W  PCAP→78W  power=77.7W
[PID] perf=28.367Hz  target=9.505Hz  err=-18.862Hz  corr=-389.79W  u_ff=88.5W  PCAP→78W  power=78.0W
[PID] perf=28.373Hz  target=9.505Hz  err=-18.867Hz  corr=-389.89W  u_ff=88.5W  PCAP→78W  power=78.4W
[PID] perf=28.348Hz  target=9.505Hz  err=-18.843Hz  corr=-389.44W  u_ff=88.5W  PCAP→78W  power=77.4W
[PID] perf=28.359Hz  target=9.505Hz  err=-18.853Hz  corr=-389.63W  u_ff=88.5W  PCAP→78W  power=78.1W
[PID] perf=28.360Hz  target=9.505Hz  err=-18.855Hz  corr=-389.66W  u_ff=88.5W  PCAP→78W  power=78.1W
[PID] perf=28.363Hz  target=9.505Hz  err=-18.858Hz  corr=-389.71W  u_ff=88.5W  PCAP→78W  power=77.0W
[PID] perf=28.332Hz  target=9.505Hz  err=-18.827Hz  corr=-389.14W  u_ff=88.5W  PCAP→78W  power=78.8W
[PID] perf=28.318Hz  target=9.505Hz  err=-18.812Hz  corr=-388.87W  u_ff=88.5W  PCAP→78W  power=79.0W
[PID] perf=28.345Hz  target=9.505Hz  err=-18.840Hz  corr=-389.39W  u_ff=88.5W  PCAP→78W  power=77.6W
[PID] perf=28.338Hz  target=9.505Hz  err=-18.833Hz  corr=-389.25W  u_ff=88.5W  PCAP→78W  power=79.0W
[PID] perf=28.337Hz  target=9.505Hz  err=-18.831Hz  corr=-389.22W  u_ff=88.5W  PCAP→78W  power=76.9W
[PID] perf=28.371Hz  target=9.505Hz  err=-18.866Hz  corr=-389.87W  u_ff=88.5W  PCAP→78W  power=78.9W
[PID] perf=28.367Hz  target=9.505Hz  err=-18.862Hz  corr=-389.78W  u_ff=88.5W  PCAP→78W  power=77.9W
[PID] perf=28.348Hz  target=9.505Hz  err=-18.843Hz  corr=-389.44W  u_ff=88.5W  PCAP→78W  power=77.0W
[PID] perf=28.330Hz  target=9.505Hz  err=-18.825Hz  corr=-389.10W  u_ff=88.5W  PCAP→78W  power=78.3W
[PID] perf=28.302Hz  target=9.505Hz  err=-18.797Hz  corr=-388.58W  u_ff=88.5W  PCAP→78W  power=77.8W
[PID] perf=28.330Hz  target=9.505Hz  err=-18.825Hz  corr=-389.10W  u_ff=88.5W  PCAP→78W  power=78.7W
[PID] perf=28.293Hz  target=9.505Hz  err=-18.788Hz  corr=-388.42W  u_ff=88.5W  PCAP→78W  power=77.7W
[PID] perf=28.287Hz  target=9.505Hz  err=-18.782Hz  corr=-388.31W  u_ff=88.5W  PCAP→78W  power=78.7W
[PID] perf=28.275Hz  target=9.505Hz  err=-18.770Hz  corr=-388.09W  u_ff=88.5W  PCAP→78W  power=78.7W
[PID] perf=28.267Hz  target=9.505Hz  err=-18.762Hz  corr=-387.93W  u_ff=88.5W  PCAP→78W  power=76.9W
[PID] perf=28.211Hz  target=9.505Hz  err=-18.705Hz  corr=-386.89W  u_ff=88.5W  PCAP→78W  power=77.5W
[PID] perf=27.562Hz  target=9.505Hz  err=-18.056Hz  corr=-374.85W  u_ff=88.5W  PCAP→78W  power=77.5W
[PID] perf=27.628Hz  target=9.505Hz  err=-18.123Hz  corr=-376.08W  u_ff=88.5W  PCAP→78W  power=77.8W
[PID] perf=27.616Hz  target=9.505Hz  err=-18.111Hz  corr=-375.85W  u_ff=88.5W  PCAP→78W  power=78.5W
[PID] perf=27.656Hz  target=9.505Hz  err=-18.150Hz  corr=-376.59W  u_ff=88.5W  PCAP→78W  power=79.0W
[PID] perf=27.625Hz  target=9.505Hz  err=-18.119Hz  corr=-376.02W  u_ff=88.5W  PCAP→78W  power=78.5W
[PID] perf=27.600Hz  target=9.505Hz  err=-18.094Hz  corr=-375.56W  u_ff=88.5W  PCAP→78W  power=79.1W
[PID] perf=27.644Hz  target=9.505Hz  err=-18.139Hz  corr=-376.38W  u_ff=88.5W  PCAP→78W  power=77.3W
[PID] perf=27.635Hz  target=9.505Hz  err=-18.130Hz  corr=-376.22W  u_ff=88.5W  PCAP→78W  power=77.6W
[PID] perf=27.620Hz  target=9.505Hz  err=-18.115Hz  corr=-375.93W  u_ff=88.5W  PCAP→78W  power=77.5W
[PID] perf=27.618Hz  target=9.505Hz  err=-18.113Hz  corr=-375.90W  u_ff=88.5W  PCAP→78W  power=77.0W
[PID] perf=27.637Hz  target=9.505Hz  err=-18.132Hz  corr=-376.25W  u_ff=88.5W  PCAP→78W  power=78.9W
[PID] perf=27.652Hz  target=9.505Hz  err=-18.147Hz  corr=-376.54W  u_ff=88.5W  PCAP→78W  power=77.8W
[PID] perf=27.642Hz  target=9.505Hz  err=-18.137Hz  corr=-376.34W  u_ff=88.5W  PCAP→78W  power=79.0W
[PID] perf=27.650Hz  target=9.505Hz  err=-18.145Hz  corr=-376.50W  u_ff=88.5W  PCAP→78W  power=78.5W
[PID] perf=27.674Hz  target=9.505Hz  err=-18.169Hz  corr=-376.93W  u_ff=88.5W  PCAP→78W  power=77.7W
[PID] perf=27.624Hz  target=9.505Hz  err=-18.119Hz  corr=-376.01W  u_ff=88.5W  PCAP→78W  power=77.9W
[PID] perf=27.631Hz  target=9.505Hz  err=-18.125Hz  corr=-376.13W  u_ff=88.5W  PCAP→78W  power=77.5W
[PID] perf=27.647Hz  target=9.505Hz  err=-18.142Hz  corr=-376.44W  u_ff=88.5W  PCAP→78W  power=77.0W
[PID] perf=27.638Hz  target=9.505Hz  err=-18.132Hz  corr=-376.26W  u_ff=88.5W  PCAP→78W  power=77.0W
[PID] perf=27.602Hz  target=9.505Hz  err=-18.097Hz  corr=-375.61W  u_ff=88.5W  PCAP→78W  power=78.2W
[PID] perf=27.638Hz  target=9.505Hz  err=-18.133Hz  corr=-376.26W  u_ff=88.5W  PCAP→78W  power=77.0W
[PID] perf=27.623Hz  target=9.505Hz  err=-18.118Hz  corr=-375.99W  u_ff=88.5W  PCAP→78W  power=77.4W
[PID] perf=27.627Hz  target=9.505Hz  err=-18.122Hz  corr=-376.07W  u_ff=88.5W  PCAP→78W  power=77.8W
[PID] perf=27.630Hz  target=9.505Hz  err=-18.125Hz  corr=-376.12W  u_ff=88.5W  PCAP→78W  power=76.5W
[PID] perf=27.458Hz  target=9.505Hz  err=-17.953Hz  corr=-372.93W  u_ff=88.5W  PCAP→78W  power=78.3W
[PID] perf=27.493Hz  target=9.505Hz  err=-17.988Hz  corr=-373.58W  u_ff=88.5W  PCAP→78W  power=76.3W
[PID] perf=27.530Hz  target=9.505Hz  err=-18.025Hz  corr=-374.26W  u_ff=88.5W  PCAP→78W  power=77.2W
[PID] perf=27.556Hz  target=9.505Hz  err=-18.051Hz  corr=-374.75W  u_ff=88.5W  PCAP→78W  power=77.1W
[PID] perf=27.560Hz  target=9.505Hz  err=-18.055Hz  corr=-374.82W  u_ff=88.5W  PCAP→78W  power=79.0W
[PID] perf=27.578Hz  target=9.505Hz  err=-18.073Hz  corr=-375.16W  u_ff=88.5W  PCAP→78W  power=78.4W
[PID] perf=27.599Hz  target=9.505Hz  err=-18.094Hz  corr=-375.54W  u_ff=88.5W  PCAP→78W  power=79.3W
[PID] perf=27.566Hz  target=9.505Hz  err=-18.061Hz  corr=-374.93W  u_ff=88.5W  PCAP→78W  power=79.0W
[PID] perf=27.582Hz  target=9.505Hz  err=-18.077Hz  corr=-375.23W  u_ff=88.5W  PCAP→78W  power=77.1W
[PID] perf=27.560Hz  target=9.505Hz  err=-18.055Hz  corr=-374.83W  u_ff=88.5W  PCAP→78W  power=79.3W
[PID] perf=27.556Hz  target=9.505Hz  err=-18.050Hz  corr=-374.74W  u_ff=88.5W  PCAP→78W  power=77.8W
[PID] perf=27.524Hz  target=9.505Hz  err=-18.019Hz  corr=-374.16W  u_ff=88.5W  PCAP→78W  power=78.0W
[PID] perf=27.574Hz  target=9.505Hz  err=-18.069Hz  corr=-375.09W  u_ff=88.5W  PCAP→78W  power=77.0W
[PID] perf=27.593Hz  target=9.505Hz  err=-18.088Hz  corr=-375.44W  u_ff=88.5W  PCAP→78W  power=77.7W
[PID] perf=27.595Hz  target=9.505Hz  err=-18.090Hz  corr=-375.47W  u_ff=88.5W  PCAP→78W  power=78.4W
[PID] perf=27.607Hz  target=9.505Hz  err=-18.102Hz  corr=-375.69W  u_ff=88.5W  PCAP→78W  power=77.8W
[PID] perf=27.593Hz  target=9.505Hz  err=-18.088Hz  corr=-375.43W  u_ff=88.5W  PCAP→78W  power=77.3W
[PID] perf=27.600Hz  target=9.505Hz  err=-18.095Hz  corr=-375.56W  u_ff=88.5W  PCAP→78W  power=78.4W
[PID] perf=27.601Hz  target=9.505Hz  err=-18.096Hz  corr=-375.58W  u_ff=88.5W  PCAP→78W  power=78.4W
[PID] perf=27.575Hz  target=9.505Hz  err=-18.070Hz  corr=-375.10W  u_ff=88.5W  PCAP→78W  power=79.2W
[PID] perf=27.580Hz  target=9.505Hz  err=-18.075Hz  corr=-375.20W  u_ff=88.5W  PCAP→78W  power=79.0W
[PID] perf=27.592Hz  target=9.505Hz  err=-18.086Hz  corr=-375.41W  u_ff=88.5W  PCAP→78W  power=77.8W
[PID] perf=27.564Hz  target=9.505Hz  err=-18.059Hz  corr=-374.90W  u_ff=88.5W  PCAP→78W  power=76.2W
[PID] perf=27.623Hz  target=9.505Hz  err=-18.118Hz  corr=-375.99W  u_ff=88.5W  PCAP→78W  power=76.4W
[PID] perf=27.614Hz  target=9.505Hz  err=-18.109Hz  corr=-375.83W  u_ff=88.5W  PCAP→78W  power=78.4W
[PID] perf=27.603Hz  target=9.505Hz  err=-18.098Hz  corr=-375.62W  u_ff=88.5W  PCAP→78W  power=76.1W
[PID] perf=27.608Hz  target=9.505Hz  err=-18.103Hz  corr=-375.71W  u_ff=88.5W  PCAP→78W  power=76.4W
[PID] perf=27.597Hz  target=9.505Hz  err=-18.091Hz  corr=-375.50W  u_ff=88.5W  PCAP→78W  power=77.5W
[PID] perf=27.573Hz  target=9.505Hz  err=-18.068Hz  corr=-375.06W  u_ff=88.5W  PCAP→78W  power=77.5W
[PID] perf=27.600Hz  target=9.505Hz  err=-18.095Hz  corr=-375.57W  u_ff=88.5W  PCAP→78W  power=78.9W
[PID] perf=27.588Hz  target=9.505Hz  err=-18.083Hz  corr=-375.35W  u_ff=88.5W  PCAP→78W  power=78.4W
[PID] perf=27.593Hz  target=9.505Hz  err=-18.088Hz  corr=-375.43W  u_ff=88.5W  PCAP→78W  power=77.2W
[PID] perf=27.572Hz  target=9.505Hz  err=-18.066Hz  corr=-375.04W  u_ff=88.5W  PCAP→78W  power=79.0W
[PID] perf=27.563Hz  target=9.505Hz  err=-18.058Hz  corr=-374.87W  u_ff=88.5W  PCAP→78W  power=79.1W
[PID] perf=27.600Hz  target=9.505Hz  err=-18.095Hz  corr=-375.56W  u_ff=88.5W  PCAP→78W  power=77.5W
[PID] perf=27.578Hz  target=9.505Hz  err=-18.073Hz  corr=-375.16W  u_ff=88.5W  PCAP→78W  power=77.6W
[PID] perf=27.571Hz  target=9.505Hz  err=-18.065Hz  corr=-375.02W  u_ff=88.5W  PCAP→78W  power=78.5W
[PID] perf=27.599Hz  target=9.505Hz  err=-18.094Hz  corr=-375.55W  u_ff=88.5W  PCAP→78W  power=76.7W
[PID] perf=27.621Hz  target=9.505Hz  err=-18.116Hz  corr=-375.96W  u_ff=88.5W  PCAP→78W  power=77.7W
[PID] perf=27.603Hz  target=9.505Hz  err=-18.098Hz  corr=-375.61W  u_ff=88.5W  PCAP→78W  power=77.7W
[PID] perf=27.590Hz  target=9.505Hz  err=-18.085Hz  corr=-375.38W  u_ff=88.5W  PCAP→78W  power=77.8W
[PID] perf=27.543Hz  target=9.505Hz  err=-18.038Hz  corr=-374.51W  u_ff=88.5W  PCAP→78W  power=78.2W
[PID] perf=27.598Hz  target=9.505Hz  err=-18.093Hz  corr=-375.53W  u_ff=88.5W  PCAP→78W  power=76.2W
[PID] perf=27.617Hz  target=9.505Hz  err=-18.111Hz  corr=-375.87W  u_ff=88.5W  PCAP→78W  power=77.5W
[PID] perf=27.609Hz  target=9.505Hz  err=-18.104Hz  corr=-375.72W  u_ff=88.5W  PCAP→78W  power=77.4W
[PID] perf=27.598Hz  target=9.505Hz  err=-18.093Hz  corr=-375.53W  u_ff=88.5W  PCAP→78W  power=78.7W
[PID] perf=27.597Hz  target=9.505Hz  err=-18.091Hz  corr=-375.50W  u_ff=88.5W  PCAP→78W  power=77.8W
[PID] perf=27.629Hz  target=9.505Hz  err=-18.124Hz  corr=-376.10W  u_ff=88.5W  PCAP→78W  power=78.0W
[PID] perf=27.622Hz  target=9.505Hz  err=-18.117Hz  corr=-375.97W  u_ff=88.5W  PCAP→78W  power=77.8W
[PID] perf=27.616Hz  target=9.505Hz  err=-18.111Hz  corr=-375.86W  u_ff=88.5W  PCAP→78W  power=77.3W
[PID] perf=27.599Hz  target=9.505Hz  err=-18.094Hz  corr=-375.55W  u_ff=88.5W  PCAP→78W  power=78.3W
[PID] perf=27.589Hz  target=9.505Hz  err=-18.083Hz  corr=-375.35W  u_ff=88.5W  PCAP→78W  power=78.2W
[PID] perf=27.584Hz  target=9.505Hz  err=-18.079Hz  corr=-375.27W  u_ff=88.5W  PCAP→78W  power=78.7W
[PID] perf=27.596Hz  target=9.505Hz  err=-18.091Hz  corr=-375.49W  u_ff=88.5W  PCAP→78W  power=79.3W
[PID] perf=27.526Hz  target=9.505Hz  err=-18.021Hz  corr=-374.18W  u_ff=88.5W  PCAP→78W  power=78.1W
[PID] perf=27.553Hz  target=9.505Hz  err=-18.048Hz  corr=-374.69W  u_ff=88.5W  PCAP→78W  power=76.9W
[PID] perf=27.557Hz  target=9.505Hz  err=-18.052Hz  corr=-374.77W  u_ff=88.5W  PCAP→78W  power=77.9W
[PID] perf=27.566Hz  target=9.505Hz  err=-18.061Hz  corr=-374.94W  u_ff=88.5W  PCAP→78W  power=78.0W
[PID] perf=27.576Hz  target=9.505Hz  err=-18.070Hz  corr=-375.11W  u_ff=88.5W  PCAP→78W  power=77.6W
[PID] perf=27.560Hz  target=9.505Hz  err=-18.055Hz  corr=-374.82W  u_ff=88.5W  PCAP→78W  power=77.8W
[PID] perf=27.554Hz  target=9.505Hz  err=-18.049Hz  corr=-374.71W  u_ff=88.5W  PCAP→78W  power=76.5W
[PID] perf=27.551Hz  target=9.505Hz  err=-18.046Hz  corr=-374.65W  u_ff=88.5W  PCAP→78W  power=76.6W
[PID] perf=27.582Hz  target=9.505Hz  err=-18.077Hz  corr=-375.23W  u_ff=88.5W  PCAP→78W  power=78.7W
[PID] perf=27.545Hz  target=9.505Hz  err=-18.040Hz  corr=-374.55W  u_ff=88.5W  PCAP→78W  power=78.6W
[PID] perf=27.552Hz  target=9.505Hz  err=-18.046Hz  corr=-374.66W  u_ff=88.5W  PCAP→78W  power=78.4W
[PID] perf=27.557Hz  target=9.505Hz  err=-18.052Hz  corr=-374.77W  u_ff=88.5W  PCAP→78W  power=77.7W
[PID] perf=27.554Hz  target=9.505Hz  err=-18.049Hz  corr=-374.70W  u_ff=88.5W  PCAP→78W  power=76.7W
[PID] perf=27.541Hz  target=9.505Hz  err=-18.036Hz  corr=-374.46W  u_ff=88.5W  PCAP→78W  power=77.1W
[PID] perf=27.565Hz  target=9.505Hz  err=-18.060Hz  corr=-374.92W  u_ff=88.5W  PCAP→78W  power=77.3W
[PID] perf=27.521Hz  target=9.505Hz  err=-18.016Hz  corr=-374.10W  u_ff=88.5W  PCAP→78W  power=78.3W
[PID] perf=27.576Hz  target=9.505Hz  err=-18.071Hz  corr=-375.12W  u_ff=88.5W  PCAP→78W  power=78.6W
[PID] perf=27.563Hz  target=9.505Hz  err=-18.058Hz  corr=-374.89W  u_ff=88.5W  PCAP→78W  power=78.5W
[PID] perf=27.553Hz  target=9.505Hz  err=-18.048Hz  corr=-374.69W  u_ff=88.5W  PCAP→78W  power=76.5W
[PID] perf=27.533Hz  target=9.505Hz  err=-18.028Hz  corr=-374.32W  u_ff=88.5W  PCAP→78W  power=77.3W
[PID] perf=27.607Hz  target=9.505Hz  err=-18.102Hz  corr=-375.69W  u_ff=88.5W  PCAP→78W  power=77.7W
[PID] perf=27.585Hz  target=9.505Hz  err=-18.080Hz  corr=-375.29W  u_ff=88.5W  PCAP→78W  power=77.9W
[PID] perf=27.565Hz  target=9.505Hz  err=-18.060Hz  corr=-374.91W  u_ff=88.5W  PCAP→78W  power=78.8W
[PID] perf=27.574Hz  target=9.505Hz  err=-18.069Hz  corr=-375.09W  u_ff=88.5W  PCAP→78W  power=76.8W
[PID] perf=27.554Hz  target=9.505Hz  err=-18.049Hz  corr=-374.71W  u_ff=88.5W  PCAP→78W  power=78.9W
[PID] perf=27.569Hz  target=9.505Hz  err=-18.064Hz  corr=-374.99W  u_ff=88.5W  PCAP→78W  power=78.6W
[PID] perf=27.563Hz  target=9.505Hz  err=-18.058Hz  corr=-374.89W  u_ff=88.5W  PCAP→78W  power=78.2W
[PID] perf=27.586Hz  target=9.505Hz  err=-18.081Hz  corr=-375.31W  u_ff=88.5W  PCAP→78W  power=78.1W
[PID] perf=27.581Hz  target=9.505Hz  err=-18.076Hz  corr=-375.22W  u_ff=88.5W  PCAP→78W  power=77.2W
[PID] perf=27.532Hz  target=9.505Hz  err=-18.027Hz  corr=-374.30W  u_ff=88.5W  PCAP→78W  power=77.5W
[PID] perf=27.548Hz  target=9.505Hz  err=-18.043Hz  corr=-374.60W  u_ff=88.5W  PCAP→78W  power=78.2W
[PID] perf=27.522Hz  target=9.505Hz  err=-18.017Hz  corr=-374.11W  u_ff=88.5W  PCAP→78W  power=79.3W
[PID] perf=27.568Hz  target=9.505Hz  err=-18.063Hz  corr=-374.97W  u_ff=88.5W  PCAP→78W  power=77.9W
[PID] perf=27.635Hz  target=9.505Hz  err=-18.130Hz  corr=-376.21W  u_ff=88.5W  PCAP→78W  power=78.9W
[PID] perf=27.615Hz  target=9.505Hz  err=-18.109Hz  corr=-375.83W  u_ff=88.5W  PCAP→78W  power=76.5W
[PID] perf=27.588Hz  target=9.505Hz  err=-18.083Hz  corr=-375.34W  u_ff=88.5W  PCAP→78W  power=77.4W
[PID] perf=27.616Hz  target=9.505Hz  err=-18.111Hz  corr=-375.86W  u_ff=88.5W  PCAP→78W  power=77.4W
[PID] perf=27.584Hz  target=9.505Hz  err=-18.079Hz  corr=-375.27W  u_ff=88.5W  PCAP→78W  power=77.7W
[PID] perf=27.599Hz  target=9.505Hz  err=-18.094Hz  corr=-375.55W  u_ff=88.5W  PCAP→78W  power=76.4W
[PID] perf=27.646Hz  target=9.505Hz  err=-18.141Hz  corr=-376.41W  u_ff=88.5W  PCAP→78W  power=78.7W
[PID] perf=27.599Hz  target=9.505Hz  err=-18.094Hz  corr=-375.55W  u_ff=88.5W  PCAP→78W  power=78.5W
[PID] perf=27.568Hz  target=9.505Hz  err=-18.062Hz  corr=-374.96W  u_ff=88.5W  PCAP→78W  power=77.9W
[PID] perf=27.585Hz  target=9.505Hz  err=-18.080Hz  corr=-375.29W  u_ff=88.5W  PCAP→78W  power=77.3W
[PID] perf=27.542Hz  target=9.505Hz  err=-18.037Hz  corr=-374.50W  u_ff=88.5W  PCAP→78W  power=78.8W
[PID] perf=27.588Hz  target=9.505Hz  err=-18.083Hz  corr=-375.33W  u_ff=88.5W  PCAP→78W  power=77.1W
[PID] perf=27.580Hz  target=9.505Hz  err=-18.075Hz  corr=-375.20W  u_ff=88.5W  PCAP→78W  power=78.6W
[PID] perf=27.600Hz  target=9.505Hz  err=-18.094Hz  corr=-375.55W  u_ff=88.5W  PCAP→78W  power=76.4W
[PID] perf=27.622Hz  target=9.505Hz  err=-18.117Hz  corr=-375.98W  u_ff=88.5W  PCAP→78W  power=77.7W
[PID] perf=27.591Hz  target=9.505Hz  err=-18.086Hz  corr=-375.40W  u_ff=88.5W  PCAP→78W  power=77.4W
[PID] perf=27.610Hz  target=9.505Hz  err=-18.105Hz  corr=-375.75W  u_ff=88.5W  PCAP→78W  power=78.6W
[PID] perf=27.604Hz  target=9.505Hz  err=-18.099Hz  corr=-375.64W  u_ff=88.5W  PCAP→78W  power=77.7W
[PID] perf=27.579Hz  target=9.505Hz  err=-18.074Hz  corr=-375.18W  u_ff=88.5W  PCAP→78W  power=78.9W
[PID] perf=27.609Hz  target=9.505Hz  err=-18.104Hz  corr=-375.73W  u_ff=88.5W  PCAP→78W  power=78.2W
[PID] perf=27.601Hz  target=9.505Hz  err=-18.096Hz  corr=-375.58W  u_ff=88.5W  PCAP→78W  power=77.1W
[PID] perf=27.601Hz  target=9.505Hz  err=-18.096Hz  corr=-375.58W  u_ff=88.5W  PCAP→78W  power=76.7W
[PID] perf=27.582Hz  target=9.505Hz  err=-18.077Hz  corr=-375.24W  u_ff=88.5W  PCAP→78W  power=77.5W
[PID] perf=27.604Hz  target=9.505Hz  err=-18.099Hz  corr=-375.64W  u_ff=88.5W  PCAP→78W  power=78.3W
[PID] perf=27.613Hz  target=9.505Hz  err=-18.107Hz  corr=-375.80W  u_ff=88.5W  PCAP→78W  power=77.2W
[PID] perf=27.645Hz  target=9.505Hz  err=-18.140Hz  corr=-376.40W  u_ff=88.5W  PCAP→78W  power=77.5W
[PID] perf=27.648Hz  target=9.505Hz  err=-18.143Hz  corr=-376.45W  u_ff=88.5W  PCAP→78W  power=78.6W
[PID] perf=27.613Hz  target=9.505Hz  err=-18.107Hz  corr=-375.80W  u_ff=88.5W  PCAP→78W  power=78.0W
[PID] perf=27.585Hz  target=9.505Hz  err=-18.080Hz  corr=-375.28W  u_ff=88.5W  PCAP→78W  power=76.3W
[PID] perf=27.620Hz  target=9.505Hz  err=-18.115Hz  corr=-375.94W  u_ff=88.5W  PCAP→78W  power=78.4W
[PID] perf=27.632Hz  target=9.505Hz  err=-18.126Hz  corr=-376.15W  u_ff=88.5W  PCAP→78W  power=77.9W
[PID] perf=27.636Hz  target=9.505Hz  err=-18.131Hz  corr=-376.22W  u_ff=88.5W  PCAP→78W  power=77.4W
[PID] perf=27.626Hz  target=9.505Hz  err=-18.120Hz  corr=-376.04W  u_ff=88.5W  PCAP→78W  power=77.3W
[PID] perf=27.574Hz  target=9.505Hz  err=-18.069Hz  corr=-375.08W  u_ff=88.5W  PCAP→78W  power=78.8W
[PID] perf=27.584Hz  target=9.505Hz  err=-18.078Hz  corr=-375.26W  u_ff=88.5W  PCAP→78W  power=78.1W
[PID] perf=27.605Hz  target=9.505Hz  err=-18.099Hz  corr=-375.65W  u_ff=88.5W  PCAP→78W  power=78.5W
[PID] perf=27.588Hz  target=9.505Hz  err=-18.083Hz  corr=-375.35W  u_ff=88.5W  PCAP→78W  power=78.0W
[PID] perf=27.591Hz  target=9.505Hz  err=-18.086Hz  corr=-375.41W  u_ff=88.5W  PCAP→78W  power=78.5W
[PID] perf=27.630Hz  target=9.505Hz  err=-18.125Hz  corr=-376.11W  u_ff=88.5W  PCAP→78W  power=78.6W
[PID] perf=27.618Hz  target=9.505Hz  err=-18.113Hz  corr=-375.91W  u_ff=88.5W  PCAP→78W  power=77.6W
[PID] perf=27.642Hz  target=9.505Hz  err=-18.137Hz  corr=-376.35W  u_ff=88.5W  PCAP→78W  power=77.8W
[PID] perf=27.628Hz  target=9.505Hz  err=-18.123Hz  corr=-376.08W  u_ff=88.5W  PCAP→78W  power=78.1W
[PID] perf=27.621Hz  target=9.505Hz  err=-18.116Hz  corr=-375.95W  u_ff=88.5W  PCAP→78W  power=77.8W
[PID] perf=27.590Hz  target=9.505Hz  err=-18.084Hz  corr=-375.37W  u_ff=88.5W  PCAP→78W  power=79.0W
[PID] perf=27.584Hz  target=9.505Hz  err=-18.079Hz  corr=-375.28W  u_ff=88.5W  PCAP→78W  power=77.0W
[PID] perf=27.608Hz  target=9.505Hz  err=-18.103Hz  corr=-375.72W  u_ff=88.5W  PCAP→78W  power=77.4W
[PID] perf=27.617Hz  target=9.505Hz  err=-18.112Hz  corr=-375.88W  u_ff=88.5W  PCAP→78W  power=77.9W
[PID] perf=27.624Hz  target=9.505Hz  err=-18.119Hz  corr=-376.00W  u_ff=88.5W  PCAP→78W  power=77.7W
[PID] perf=27.614Hz  target=9.505Hz  err=-18.109Hz  corr=-375.83W  u_ff=88.5W  PCAP→78W  power=78.9W
[PID] perf=27.642Hz  target=9.505Hz  err=-18.137Hz  corr=-376.34W  u_ff=88.5W  PCAP→78W  power=79.2W
[PID] perf=27.593Hz  target=9.505Hz  err=-18.088Hz  corr=-375.44W  u_ff=88.5W  PCAP→78W  power=77.1W
[PID] perf=27.601Hz  target=9.505Hz  err=-18.096Hz  corr=-375.59W  u_ff=88.5W  PCAP→78W  power=76.1W
[PID] perf=27.590Hz  target=9.505Hz  err=-18.085Hz  corr=-375.38W  u_ff=88.5W  PCAP→78W  power=77.5W
[PID] perf=27.620Hz  target=9.505Hz  err=-18.115Hz  corr=-375.93W  u_ff=88.5W  PCAP→78W  power=78.8W
[PID] perf=27.612Hz  target=9.505Hz  err=-18.107Hz  corr=-375.79W  u_ff=88.5W  PCAP→78W  power=79.3W
[PID] perf=27.588Hz  target=9.505Hz  err=-18.082Hz  corr=-375.33W  u_ff=88.5W  PCAP→78W  power=78.8W
[PID] perf=27.591Hz  target=9.505Hz  err=-18.086Hz  corr=-375.40W  u_ff=88.5W  PCAP→78W  power=78.3W
[PID] perf=27.617Hz  target=9.505Hz  err=-18.112Hz  corr=-375.87W  u_ff=88.5W  PCAP→78W  power=77.6W
[PID] perf=27.605Hz  target=9.505Hz  err=-18.100Hz  corr=-375.66W  u_ff=88.5W  PCAP→78W  power=76.7W
[PID] perf=27.642Hz  target=9.505Hz  err=-18.136Hz  corr=-376.34W  u_ff=88.5W  PCAP→78W  power=77.7W
[PID] perf=27.625Hz  target=9.505Hz  err=-18.120Hz  corr=-376.02W  u_ff=88.5W  PCAP→78W  power=78.3W
[PID] perf=27.647Hz  target=9.505Hz  err=-18.141Hz  corr=-376.43W  u_ff=88.5W  PCAP→78W  power=78.4W
[PID] perf=27.653Hz  target=9.505Hz  err=-18.148Hz  corr=-376.54W  u_ff=88.5W  PCAP→78W  power=76.3W
[PID] perf=27.647Hz  target=9.505Hz  err=-18.141Hz  corr=-376.43W  u_ff=88.5W  PCAP→78W  power=77.8W
[PID] perf=27.633Hz  target=9.505Hz  err=-18.128Hz  corr=-376.18W  u_ff=88.5W  PCAP→78W  power=78.4W
[PID] perf=26.742Hz  target=9.505Hz  err=-17.237Hz  corr=-359.65W  u_ff=88.5W  PCAP→78W  power=77.8W
[PID] perf=26.857Hz  target=9.505Hz  err=-17.351Hz  corr=-361.78W  u_ff=88.5W  PCAP→78W  power=77.7W
[PID] perf=26.848Hz  target=9.505Hz  err=-17.343Hz  corr=-361.63W  u_ff=88.5W  PCAP→78W  power=79.0W
[PID] perf=27.650Hz  target=9.505Hz  err=-18.145Hz  corr=-376.50W  u_ff=88.5W  PCAP→78W  power=78.5W
[PID] perf=27.620Hz  target=9.505Hz  err=-18.115Hz  corr=-375.94W  u_ff=88.5W  PCAP→78W  power=78.3W
[PID] perf=27.611Hz  target=9.505Hz  err=-18.106Hz  corr=-375.76W  u_ff=88.5W  PCAP→78W  power=77.5W
[PID] perf=27.630Hz  target=9.505Hz  err=-18.125Hz  corr=-376.11W  u_ff=88.5W  PCAP→78W  power=76.9W
[PID] perf=27.603Hz  target=9.505Hz  err=-18.098Hz  corr=-375.63W  u_ff=88.5W  PCAP→78W  power=79.0W
[PID] perf=27.619Hz  target=9.505Hz  err=-18.114Hz  corr=-375.91W  u_ff=88.5W  PCAP→78W  power=78.0W
[PID] perf=27.561Hz  target=9.505Hz  err=-18.056Hz  corr=-374.85W  u_ff=88.5W  PCAP→78W  power=76.5W
[PID] perf=27.599Hz  target=9.505Hz  err=-18.094Hz  corr=-375.55W  u_ff=88.5W  PCAP→78W  power=77.1W
[PID] perf=27.587Hz  target=9.505Hz  err=-18.082Hz  corr=-375.32W  u_ff=88.5W  PCAP→78W  power=79.2W
[PID] perf=27.614Hz  target=9.505Hz  err=-18.109Hz  corr=-375.83W  u_ff=88.5W  PCAP→78W  power=78.9W
[PID] perf=27.598Hz  target=9.505Hz  err=-18.093Hz  corr=-375.53W  u_ff=88.5W  PCAP→78W  power=76.7W
[PID] perf=27.593Hz  target=9.505Hz  err=-18.087Hz  corr=-375.43W  u_ff=88.5W  PCAP→78W  power=78.6W
[PID] perf=27.549Hz  target=9.505Hz  err=-18.043Hz  corr=-374.61W  u_ff=88.5W  PCAP→78W  power=78.0W
[PID] perf=27.590Hz  target=9.505Hz  err=-18.085Hz  corr=-375.37W  u_ff=88.5W  PCAP→78W  power=78.7W
[PID] perf=27.585Hz  target=9.505Hz  err=-18.080Hz  corr=-375.28W  u_ff=88.5W  PCAP→78W  power=77.6W
[PID] perf=27.602Hz  target=9.505Hz  err=-18.097Hz  corr=-375.60W  u_ff=88.5W  PCAP→78W  power=77.1W
[PID] perf=27.566Hz  target=9.505Hz  err=-18.061Hz  corr=-374.94W  u_ff=88.5W  PCAP→78W  power=77.1W
[PID] perf=27.595Hz  target=9.505Hz  err=-18.090Hz  corr=-375.48W  u_ff=88.5W  PCAP→78W  power=76.4W
[PID] perf=27.586Hz  target=9.505Hz  err=-18.080Hz  corr=-375.29W  u_ff=88.5W  PCAP→78W  power=76.5W
[PID] perf=27.641Hz  target=9.505Hz  err=-18.136Hz  corr=-376.32W  u_ff=88.5W  PCAP→78W  power=79.0W
[PID] perf=27.599Hz  target=9.505Hz  err=-18.094Hz  corr=-375.55W  u_ff=88.5W  PCAP→78W  power=77.8W
[PID] perf=27.598Hz  target=9.505Hz  err=-18.093Hz  corr=-375.53W  u_ff=88.5W  PCAP→78W  power=78.2W
[PID] perf=27.567Hz  target=9.505Hz  err=-18.062Hz  corr=-374.95W  u_ff=88.5W  PCAP→78W  power=77.5W
[PID] perf=27.554Hz  target=9.505Hz  err=-18.049Hz  corr=-374.72W  u_ff=88.5W  PCAP→78W  power=77.0W
[PID] perf=27.600Hz  target=9.505Hz  err=-18.094Hz  corr=-375.55W  u_ff=88.5W  PCAP→78W  power=77.1W
[PID] perf=27.585Hz  target=9.505Hz  err=-18.080Hz  corr=-375.28W  u_ff=88.5W  PCAP→78W  power=76.1W
[PID] perf=27.554Hz  target=9.505Hz  err=-18.048Hz  corr=-374.70W  u_ff=88.5W  PCAP→78W  power=76.3W
[PID] perf=27.596Hz  target=9.505Hz  err=-18.091Hz  corr=-375.49W  u_ff=88.5W  PCAP→78W  power=78.3W
[PID] perf=27.612Hz  target=9.505Hz  err=-18.107Hz  corr=-375.78W  u_ff=88.5W  PCAP→78W  power=76.4W
[PID] perf=27.547Hz  target=9.505Hz  err=-18.042Hz  corr=-374.59W  u_ff=88.5W  PCAP→78W  power=77.0W
[PID] perf=27.619Hz  target=9.505Hz  err=-18.114Hz  corr=-375.92W  u_ff=88.5W  PCAP→78W  power=77.0W
[PID] perf=27.572Hz  target=9.505Hz  err=-18.066Hz  corr=-375.04W  u_ff=88.5W  PCAP→78W  power=77.1W
[PID] perf=27.574Hz  target=9.505Hz  err=-18.069Hz  corr=-375.08W  u_ff=88.5W  PCAP→78W  power=78.2W
[PID] perf=27.558Hz  target=9.505Hz  err=-18.053Hz  corr=-374.78W  u_ff=88.5W  PCAP→78W  power=78.7W
[PID] perf=27.562Hz  target=9.505Hz  err=-18.057Hz  corr=-374.87W  u_ff=88.5W  PCAP→78W  power=79.3W
[PID] perf=27.618Hz  target=9.505Hz  err=-18.113Hz  corr=-375.90W  u_ff=88.5W  PCAP→78W  power=79.0W
[PID] perf=27.636Hz  target=9.505Hz  err=-18.131Hz  corr=-376.23W  u_ff=88.5W  PCAP→78W  power=79.1W
[PID] perf=27.579Hz  target=9.505Hz  err=-18.074Hz  corr=-375.17W  u_ff=88.5W  PCAP→78W  power=76.3W
[PID] perf=27.586Hz  target=9.505Hz  err=-18.081Hz  corr=-375.31W  u_ff=88.5W  PCAP→78W  power=77.2W
[PID] perf=27.606Hz  target=9.505Hz  err=-18.101Hz  corr=-375.67W  u_ff=88.5W  PCAP→78W  power=77.3W
[PID] perf=27.644Hz  target=9.505Hz  err=-18.138Hz  corr=-376.37W  u_ff=88.5W  PCAP→78W  power=79.3W
[PID] perf=27.575Hz  target=9.505Hz  err=-18.070Hz  corr=-375.11W  u_ff=88.5W  PCAP→78W  power=78.8W
[PID] perf=27.433Hz  target=9.505Hz  err=-17.928Hz  corr=-372.47W  u_ff=88.5W  PCAP→78W  power=78.8W
[PID] perf=27.435Hz  target=9.505Hz  err=-17.930Hz  corr=-372.50W  u_ff=88.5W  PCAP→78W  power=77.2W
[PID] perf=27.449Hz  target=9.505Hz  err=-17.944Hz  corr=-372.76W  u_ff=88.5W  PCAP→78W  power=76.7W
[PID] perf=27.421Hz  target=9.505Hz  err=-17.916Hz  corr=-372.25W  u_ff=88.5W  PCAP→78W  power=77.4W
[PID] perf=27.435Hz  target=9.505Hz  err=-17.929Hz  corr=-372.50W  u_ff=88.5W  PCAP→78W  power=77.2W
[PID] perf=27.487Hz  target=9.505Hz  err=-17.982Hz  corr=-373.48W  u_ff=88.5W  PCAP→78W  power=77.2W
[PID] perf=27.457Hz  target=9.505Hz  err=-17.952Hz  corr=-372.91W  u_ff=88.5W  PCAP→78W  power=76.7W
[PID] perf=27.542Hz  target=9.505Hz  err=-18.037Hz  corr=-374.49W  u_ff=88.5W  PCAP→78W  power=78.6W
[PID] perf=27.524Hz  target=9.505Hz  err=-18.018Hz  corr=-374.15W  u_ff=88.5W  PCAP→78W  power=78.7W
[PID] perf=27.499Hz  target=9.505Hz  err=-17.993Hz  corr=-373.68W  u_ff=88.5W  PCAP→78W  power=77.8W
[PID] perf=27.503Hz  target=9.505Hz  err=-17.997Hz  corr=-373.76W  u_ff=88.5W  PCAP→78W  power=78.0W
[PID] perf=27.593Hz  target=9.505Hz  err=-18.088Hz  corr=-375.44W  u_ff=88.5W  PCAP→78W  power=78.9W
[PID] perf=27.588Hz  target=9.505Hz  err=-18.082Hz  corr=-375.33W  u_ff=88.5W  PCAP→78W  power=78.0W
[PID] perf=27.531Hz  target=9.505Hz  err=-18.025Hz  corr=-374.27W  u_ff=88.5W  PCAP→78W  power=77.7W
[PID] perf=27.582Hz  target=9.505Hz  err=-18.077Hz  corr=-375.24W  u_ff=88.5W  PCAP→78W  power=78.5W
[PID] perf=27.607Hz  target=9.505Hz  err=-18.101Hz  corr=-375.69W  u_ff=88.5W  PCAP→78W  power=77.7W
[PID] perf=27.577Hz  target=9.505Hz  err=-18.072Hz  corr=-375.13W  u_ff=88.5W  PCAP→78W  power=77.3W
[PID] perf=27.543Hz  target=9.505Hz  err=-18.037Hz  corr=-374.50W  u_ff=88.5W  PCAP→78W  power=77.9W
[PID] perf=27.614Hz  target=9.505Hz  err=-18.109Hz  corr=-375.83W  u_ff=88.5W  PCAP→78W  power=77.7W
[PID] perf=27.567Hz  target=9.505Hz  err=-18.062Hz  corr=-374.95W  u_ff=88.5W  PCAP→78W  power=77.2W
[PID] perf=27.585Hz  target=9.505Hz  err=-18.079Hz  corr=-375.28W  u_ff=88.5W  PCAP→78W  power=78.8W
[PID] perf=27.567Hz  target=9.505Hz  err=-18.062Hz  corr=-374.95W  u_ff=88.5W  PCAP→78W  power=78.3W
[PID] perf=27.559Hz  target=9.505Hz  err=-18.054Hz  corr=-374.81W  u_ff=88.5W  PCAP→78W  power=78.9W
[PID] perf=27.582Hz  target=9.505Hz  err=-18.077Hz  corr=-375.23W  u_ff=88.5W  PCAP→78W  power=79.2W
[PID] perf=27.542Hz  target=9.505Hz  err=-18.037Hz  corr=-374.49W  u_ff=88.5W  PCAP→78W  power=78.4W
[PID] perf=27.552Hz  target=9.505Hz  err=-18.047Hz  corr=-374.67W  u_ff=88.5W  PCAP→78W  power=78.7W
Process completed.
Compressed into /home/cc/summer2024/main_codes/pid_controller/../experiment_data/PID_Control_sweep/ones-npb-cg/compressed_iteration_20260513_042805.tar
----------------------------------
