
>>> Step 1/3

[ones-npb-cg]
  target perf      : 10.5809 Hz
  coefficients_perf: [-0.0006547837485238978, 0.18607436314256556, -1.8317688501798497]
  feedforward PCAP : 106.99 W  →  107 W (snapped)
  Perf(u_ff) check : 10.5809 Hz  (should ≈ target)
  PID gains        : Kp=18.5447 W/Hz  Ki=1.85447 W/(Hz·s)  Kd=0.0000
[PID] Awaiting data — feedforward PCAP=107W
[PID] Awaiting data — feedforward PCAP=107W
[PID] Awaiting data — feedforward PCAP=107W
[PID] Awaiting data — feedforward PCAP=107W
[PID] Awaiting data — feedforward PCAP=107W
[PID] Awaiting data — feedforward PCAP=107W
[PID] perf=20.184Hz  target=10.581Hz  err=-9.604Hz  corr=-213.71W  u_ff=107.0W  PCAP→78W  power=nanW
[PID] perf=18.114Hz  target=10.581Hz  err=-7.533Hz  corr=-179.71W  u_ff=107.0W  PCAP→78W  power=78.0W
[PID] perf=18.120Hz  target=10.581Hz  err=-7.539Hz  corr=-179.81W  u_ff=107.0W  PCAP→78W  power=79.6W
[PID] perf=18.159Hz  target=10.581Hz  err=-7.578Hz  corr=-180.54W  u_ff=107.0W  PCAP→78W  power=76.9W
[PID] perf=18.150Hz  target=10.581Hz  err=-7.569Hz  corr=-180.36W  u_ff=107.0W  PCAP→78W  power=78.6W
[PID] perf=18.170Hz  target=10.581Hz  err=-7.589Hz  corr=-180.74W  u_ff=107.0W  PCAP→78W  power=78.9W
[PID] perf=18.106Hz  target=10.581Hz  err=-7.525Hz  corr=-179.54W  u_ff=107.0W  PCAP→78W  power=78.4W
[PID] perf=18.128Hz  target=10.581Hz  err=-7.548Hz  corr=-179.97W  u_ff=107.0W  PCAP→78W  power=77.8W
[PID] perf=18.053Hz  target=10.581Hz  err=-7.472Hz  corr=-178.57W  u_ff=107.0W  PCAP→78W  power=79.0W
[PID] perf=18.135Hz  target=10.581Hz  err=-7.555Hz  corr=-180.10W  u_ff=107.0W  PCAP→78W  power=78.6W
[PID] perf=18.107Hz  target=10.581Hz  err=-7.526Hz  corr=-179.57W  u_ff=107.0W  PCAP→78W  power=77.7W
[PID] perf=18.102Hz  target=10.581Hz  err=-7.521Hz  corr=-179.48W  u_ff=107.0W  PCAP→78W  power=76.7W
[PID] perf=18.113Hz  target=10.581Hz  err=-7.533Hz  corr=-179.69W  u_ff=107.0W  PCAP→78W  power=76.9W
[PID] perf=18.115Hz  target=10.581Hz  err=-7.534Hz  corr=-179.71W  u_ff=107.0W  PCAP→78W  power=78.5W
[PID] perf=18.107Hz  target=10.581Hz  err=-7.526Hz  corr=-179.57W  u_ff=107.0W  PCAP→78W  power=78.1W
[PID] perf=18.121Hz  target=10.581Hz  err=-7.540Hz  corr=-179.83W  u_ff=107.0W  PCAP→78W  power=78.6W
[PID] perf=18.131Hz  target=10.581Hz  err=-7.550Hz  corr=-180.01W  u_ff=107.0W  PCAP→78W  power=79.3W
[PID] perf=18.112Hz  target=10.581Hz  err=-7.531Hz  corr=-179.67W  u_ff=107.0W  PCAP→78W  power=79.3W
[PID] perf=18.113Hz  target=10.581Hz  err=-7.532Hz  corr=-179.69W  u_ff=107.0W  PCAP→78W  power=78.7W
[PID] perf=18.125Hz  target=10.581Hz  err=-7.544Hz  corr=-179.90W  u_ff=107.0W  PCAP→78W  power=78.1W
[PID] perf=18.117Hz  target=10.581Hz  err=-7.536Hz  corr=-179.76W  u_ff=107.0W  PCAP→78W  power=77.8W
[PID] perf=18.126Hz  target=10.581Hz  err=-7.545Hz  corr=-179.91W  u_ff=107.0W  PCAP→78W  power=77.2W
[PID] perf=18.127Hz  target=10.581Hz  err=-7.546Hz  corr=-179.94W  u_ff=107.0W  PCAP→78W  power=78.3W
[PID] perf=18.136Hz  target=10.581Hz  err=-7.555Hz  corr=-180.11W  u_ff=107.0W  PCAP→78W  power=79.0W
[PID] perf=18.118Hz  target=10.581Hz  err=-7.537Hz  corr=-179.77W  u_ff=107.0W  PCAP→78W  power=79.1W
[PID] perf=18.109Hz  target=10.581Hz  err=-7.528Hz  corr=-179.60W  u_ff=107.0W  PCAP→78W  power=77.3W
[PID] perf=18.121Hz  target=10.581Hz  err=-7.540Hz  corr=-179.83W  u_ff=107.0W  PCAP→78W  power=77.2W
[PID] perf=18.127Hz  target=10.581Hz  err=-7.546Hz  corr=-179.93W  u_ff=107.0W  PCAP→78W  power=76.7W
[PID] perf=18.130Hz  target=10.581Hz  err=-7.549Hz  corr=-180.00W  u_ff=107.0W  PCAP→78W  power=78.1W
[PID] perf=18.119Hz  target=10.581Hz  err=-7.538Hz  corr=-179.80W  u_ff=107.0W  PCAP→78W  power=79.0W
[PID] perf=18.132Hz  target=10.581Hz  err=-7.551Hz  corr=-180.03W  u_ff=107.0W  PCAP→78W  power=77.6W
[PID] perf=18.138Hz  target=10.581Hz  err=-7.557Hz  corr=-180.15W  u_ff=107.0W  PCAP→78W  power=77.6W
[PID] perf=18.142Hz  target=10.581Hz  err=-7.561Hz  corr=-180.21W  u_ff=107.0W  PCAP→78W  power=77.3W
[PID] perf=18.116Hz  target=10.581Hz  err=-7.535Hz  corr=-179.73W  u_ff=107.0W  PCAP→78W  power=77.2W
[PID] perf=18.133Hz  target=10.581Hz  err=-7.552Hz  corr=-180.06W  u_ff=107.0W  PCAP→78W  power=78.8W
[PID] perf=18.130Hz  target=10.581Hz  err=-7.549Hz  corr=-180.00W  u_ff=107.0W  PCAP→78W  power=76.7W
[PID] perf=18.085Hz  target=10.581Hz  err=-7.504Hz  corr=-179.17W  u_ff=107.0W  PCAP→78W  power=77.2W
[PID] perf=18.102Hz  target=10.581Hz  err=-7.521Hz  corr=-179.47W  u_ff=107.0W  PCAP→78W  power=76.5W
[PID] perf=18.104Hz  target=10.581Hz  err=-7.523Hz  corr=-179.52W  u_ff=107.0W  PCAP→78W  power=77.2W
[PID] perf=18.106Hz  target=10.581Hz  err=-7.525Hz  corr=-179.55W  u_ff=107.0W  PCAP→78W  power=77.3W
[PID] perf=18.103Hz  target=10.581Hz  err=-7.522Hz  corr=-179.49W  u_ff=107.0W  PCAP→78W  power=76.5W
[PID] perf=18.116Hz  target=10.581Hz  err=-7.535Hz  corr=-179.73W  u_ff=107.0W  PCAP→78W  power=78.8W
[PID] perf=18.110Hz  target=10.581Hz  err=-7.529Hz  corr=-179.62W  u_ff=107.0W  PCAP→78W  power=78.3W
[PID] perf=18.086Hz  target=10.581Hz  err=-7.506Hz  corr=-179.19W  u_ff=107.0W  PCAP→78W  power=77.9W
[PID] perf=18.110Hz  target=10.581Hz  err=-7.529Hz  corr=-179.63W  u_ff=107.0W  PCAP→78W  power=77.7W
[PID] perf=18.123Hz  target=10.581Hz  err=-7.542Hz  corr=-179.87W  u_ff=107.0W  PCAP→78W  power=78.0W
[PID] perf=18.069Hz  target=10.581Hz  err=-7.488Hz  corr=-178.87W  u_ff=107.0W  PCAP→78W  power=77.8W
[PID] perf=18.097Hz  target=10.581Hz  err=-7.516Hz  corr=-179.39W  u_ff=107.0W  PCAP→78W  power=76.5W
[PID] perf=18.105Hz  target=10.581Hz  err=-7.524Hz  corr=-179.53W  u_ff=107.0W  PCAP→78W  power=77.2W
[PID] perf=18.092Hz  target=10.581Hz  err=-7.511Hz  corr=-179.29W  u_ff=107.0W  PCAP→78W  power=77.5W
[PID] perf=18.109Hz  target=10.581Hz  err=-7.528Hz  corr=-179.60W  u_ff=107.0W  PCAP→78W  power=77.3W
[PID] perf=18.085Hz  target=10.581Hz  err=-7.505Hz  corr=-179.17W  u_ff=107.0W  PCAP→78W  power=79.2W
[PID] perf=18.095Hz  target=10.581Hz  err=-7.514Hz  corr=-179.34W  u_ff=107.0W  PCAP→78W  power=79.2W
[PID] perf=18.098Hz  target=10.581Hz  err=-7.517Hz  corr=-179.40W  u_ff=107.0W  PCAP→78W  power=77.1W
[PID] perf=18.085Hz  target=10.581Hz  err=-7.504Hz  corr=-179.16W  u_ff=107.0W  PCAP→78W  power=78.7W
[PID] perf=18.098Hz  target=10.581Hz  err=-7.517Hz  corr=-179.41W  u_ff=107.0W  PCAP→78W  power=77.0W
[PID] perf=18.094Hz  target=10.581Hz  err=-7.514Hz  corr=-179.34W  u_ff=107.0W  PCAP→78W  power=78.1W
[PID] perf=18.066Hz  target=10.581Hz  err=-7.485Hz  corr=-178.81W  u_ff=107.0W  PCAP→78W  power=76.5W
[PID] perf=18.093Hz  target=10.581Hz  err=-7.513Hz  corr=-179.32W  u_ff=107.0W  PCAP→78W  power=78.0W
[PID] perf=18.079Hz  target=10.581Hz  err=-7.498Hz  corr=-179.05W  u_ff=107.0W  PCAP→78W  power=76.5W
[PID] perf=18.119Hz  target=10.581Hz  err=-7.538Hz  corr=-179.79W  u_ff=107.0W  PCAP→78W  power=78.2W
[PID] perf=24.325Hz  target=10.581Hz  err=-13.744Hz  corr=-294.88W  u_ff=107.0W  PCAP→78W  power=77.3W
[PID] perf=27.852Hz  target=10.581Hz  err=-17.271Hz  corr=-360.28W  u_ff=107.0W  PCAP→78W  power=77.3W
[PID] perf=28.033Hz  target=10.581Hz  err=-17.452Hz  corr=-363.65W  u_ff=107.0W  PCAP→78W  power=79.0W
[PID] perf=28.036Hz  target=10.581Hz  err=-17.455Hz  corr=-363.70W  u_ff=107.0W  PCAP→78W  power=77.1W
[PID] perf=28.030Hz  target=10.581Hz  err=-17.449Hz  corr=-363.59W  u_ff=107.0W  PCAP→78W  power=77.6W
[PID] perf=28.014Hz  target=10.581Hz  err=-17.433Hz  corr=-363.29W  u_ff=107.0W  PCAP→78W  power=78.7W
[PID] perf=28.038Hz  target=10.581Hz  err=-17.457Hz  corr=-363.73W  u_ff=107.0W  PCAP→78W  power=78.8W
[PID] perf=28.031Hz  target=10.581Hz  err=-17.450Hz  corr=-363.60W  u_ff=107.0W  PCAP→78W  power=78.5W
[PID] perf=28.046Hz  target=10.581Hz  err=-17.465Hz  corr=-363.88W  u_ff=107.0W  PCAP→78W  power=77.3W
[PID] perf=28.050Hz  target=10.581Hz  err=-17.469Hz  corr=-363.96W  u_ff=107.0W  PCAP→78W  power=79.1W
[PID] perf=28.026Hz  target=10.581Hz  err=-17.445Hz  corr=-363.51W  u_ff=107.0W  PCAP→78W  power=78.1W
[PID] perf=28.007Hz  target=10.581Hz  err=-17.426Hz  corr=-363.17W  u_ff=107.0W  PCAP→78W  power=78.2W
[PID] perf=28.043Hz  target=10.581Hz  err=-17.462Hz  corr=-363.82W  u_ff=107.0W  PCAP→78W  power=79.1W
[PID] perf=28.027Hz  target=10.581Hz  err=-17.446Hz  corr=-363.53W  u_ff=107.0W  PCAP→78W  power=78.8W
[PID] perf=28.008Hz  target=10.581Hz  err=-17.427Hz  corr=-363.17W  u_ff=107.0W  PCAP→78W  power=78.4W
[PID] perf=28.027Hz  target=10.581Hz  err=-17.446Hz  corr=-363.53W  u_ff=107.0W  PCAP→78W  power=76.9W
[PID] perf=28.032Hz  target=10.581Hz  err=-17.451Hz  corr=-363.62W  u_ff=107.0W  PCAP→78W  power=77.2W
[PID] perf=28.030Hz  target=10.581Hz  err=-17.449Hz  corr=-363.58W  u_ff=107.0W  PCAP→78W  power=78.5W
[PID] perf=28.059Hz  target=10.581Hz  err=-17.478Hz  corr=-364.12W  u_ff=107.0W  PCAP→78W  power=78.3W
[PID] perf=28.028Hz  target=10.581Hz  err=-17.447Hz  corr=-363.55W  u_ff=107.0W  PCAP→78W  power=78.3W
[PID] perf=28.023Hz  target=10.581Hz  err=-17.442Hz  corr=-363.46W  u_ff=107.0W  PCAP→78W  power=77.1W
[PID] perf=28.021Hz  target=10.581Hz  err=-17.440Hz  corr=-363.43W  u_ff=107.0W  PCAP→78W  power=78.3W
[PID] perf=28.021Hz  target=10.581Hz  err=-17.441Hz  corr=-363.43W  u_ff=107.0W  PCAP→78W  power=77.1W
[PID] perf=28.058Hz  target=10.581Hz  err=-17.478Hz  corr=-364.12W  u_ff=107.0W  PCAP→78W  power=76.9W
[PID] perf=28.071Hz  target=10.581Hz  err=-17.490Hz  corr=-364.34W  u_ff=107.0W  PCAP→78W  power=77.3W
[PID] perf=28.020Hz  target=10.581Hz  err=-17.439Hz  corr=-363.41W  u_ff=107.0W  PCAP→78W  power=77.4W
[PID] perf=28.028Hz  target=10.581Hz  err=-17.447Hz  corr=-363.55W  u_ff=107.0W  PCAP→78W  power=78.0W
[PID] perf=27.039Hz  target=10.581Hz  err=-16.458Hz  corr=-345.21W  u_ff=107.0W  PCAP→78W  power=78.5W
[PID] perf=27.236Hz  target=10.581Hz  err=-16.655Hz  corr=-348.86W  u_ff=107.0W  PCAP→78W  power=77.8W
[PID] perf=27.242Hz  target=10.581Hz  err=-16.661Hz  corr=-348.98W  u_ff=107.0W  PCAP→78W  power=78.6W
[PID] perf=27.269Hz  target=10.581Hz  err=-16.688Hz  corr=-349.47W  u_ff=107.0W  PCAP→78W  power=79.0W
[PID] perf=27.253Hz  target=10.581Hz  err=-16.672Hz  corr=-349.18W  u_ff=107.0W  PCAP→78W  power=76.4W
[PID] perf=27.230Hz  target=10.581Hz  err=-16.649Hz  corr=-348.75W  u_ff=107.0W  PCAP→78W  power=77.9W
[PID] perf=27.202Hz  target=10.581Hz  err=-16.621Hz  corr=-348.23W  u_ff=107.0W  PCAP→78W  power=76.3W
[PID] perf=27.204Hz  target=10.581Hz  err=-16.623Hz  corr=-348.28W  u_ff=107.0W  PCAP→78W  power=78.8W
[PID] perf=27.247Hz  target=10.581Hz  err=-16.666Hz  corr=-349.06W  u_ff=107.0W  PCAP→78W  power=78.9W
[PID] perf=27.257Hz  target=10.581Hz  err=-16.676Hz  corr=-349.26W  u_ff=107.0W  PCAP→78W  power=78.7W
[PID] perf=27.284Hz  target=10.581Hz  err=-16.703Hz  corr=-349.76W  u_ff=107.0W  PCAP→78W  power=78.6W
[PID] perf=27.297Hz  target=10.581Hz  err=-16.716Hz  corr=-350.00W  u_ff=107.0W  PCAP→78W  power=77.4W
[PID] perf=27.280Hz  target=10.581Hz  err=-16.699Hz  corr=-349.67W  u_ff=107.0W  PCAP→78W  power=77.3W
[PID] perf=27.249Hz  target=10.581Hz  err=-16.668Hz  corr=-349.10W  u_ff=107.0W  PCAP→78W  power=78.7W
[PID] perf=27.254Hz  target=10.581Hz  err=-16.673Hz  corr=-349.19W  u_ff=107.0W  PCAP→78W  power=78.9W
[PID] perf=27.251Hz  target=10.581Hz  err=-16.670Hz  corr=-349.15W  u_ff=107.0W  PCAP→78W  power=79.0W
[PID] perf=27.266Hz  target=10.581Hz  err=-16.685Hz  corr=-349.43W  u_ff=107.0W  PCAP→78W  power=76.5W
[PID] perf=27.231Hz  target=10.581Hz  err=-16.651Hz  corr=-348.78W  u_ff=107.0W  PCAP→78W  power=77.6W
[PID] perf=27.240Hz  target=10.581Hz  err=-16.659Hz  corr=-348.93W  u_ff=107.0W  PCAP→78W  power=77.2W
[PID] perf=27.246Hz  target=10.581Hz  err=-16.665Hz  corr=-349.05W  u_ff=107.0W  PCAP→78W  power=76.9W
[PID] perf=27.198Hz  target=10.581Hz  err=-16.617Hz  corr=-348.16W  u_ff=107.0W  PCAP→78W  power=77.1W
[PID] perf=27.214Hz  target=10.581Hz  err=-16.633Hz  corr=-348.45W  u_ff=107.0W  PCAP→78W  power=78.5W
[PID] perf=27.213Hz  target=10.581Hz  err=-16.632Hz  corr=-348.43W  u_ff=107.0W  PCAP→78W  power=78.9W
[PID] perf=27.233Hz  target=10.581Hz  err=-16.652Hz  corr=-348.81W  u_ff=107.0W  PCAP→78W  power=79.3W
[PID] perf=27.239Hz  target=10.581Hz  err=-16.658Hz  corr=-348.91W  u_ff=107.0W  PCAP→78W  power=76.6W
[PID] perf=27.235Hz  target=10.581Hz  err=-16.654Hz  corr=-348.84W  u_ff=107.0W  PCAP→78W  power=77.1W
[PID] perf=27.248Hz  target=10.581Hz  err=-16.667Hz  corr=-349.09W  u_ff=107.0W  PCAP→78W  power=77.0W
[PID] perf=27.227Hz  target=10.581Hz  err=-16.646Hz  corr=-348.70W  u_ff=107.0W  PCAP→78W  power=78.9W
[PID] perf=27.373Hz  target=10.581Hz  err=-16.792Hz  corr=-351.40W  u_ff=107.0W  PCAP→78W  power=77.7W
[PID] perf=26.416Hz  target=10.581Hz  err=-15.835Hz  corr=-333.66W  u_ff=107.0W  PCAP→78W  power=78.6W
[PID] perf=26.236Hz  target=10.581Hz  err=-15.655Hz  corr=-330.32W  u_ff=107.0W  PCAP→78W  power=79.3W
[PID] perf=27.287Hz  target=10.581Hz  err=-16.706Hz  corr=-349.81W  u_ff=107.0W  PCAP→78W  power=78.2W
[PID] perf=26.380Hz  target=10.581Hz  err=-15.799Hz  corr=-332.99W  u_ff=107.0W  PCAP→78W  power=76.8W
[PID] perf=27.108Hz  target=10.581Hz  err=-16.527Hz  corr=-346.48W  u_ff=107.0W  PCAP→78W  power=77.2W
[PID] perf=27.278Hz  target=10.581Hz  err=-16.697Hz  corr=-349.64W  u_ff=107.0W  PCAP→78W  power=76.2W
[PID] perf=27.317Hz  target=10.581Hz  err=-16.736Hz  corr=-350.36W  u_ff=107.0W  PCAP→78W  power=79.0W
[PID] perf=27.265Hz  target=10.581Hz  err=-16.685Hz  corr=-349.41W  u_ff=107.0W  PCAP→78W  power=76.3W
[PID] perf=27.276Hz  target=10.581Hz  err=-16.695Hz  corr=-349.60W  u_ff=107.0W  PCAP→78W  power=79.0W
[PID] perf=27.288Hz  target=10.581Hz  err=-16.707Hz  corr=-349.83W  u_ff=107.0W  PCAP→78W  power=77.8W
[PID] perf=27.331Hz  target=10.581Hz  err=-16.750Hz  corr=-350.63W  u_ff=107.0W  PCAP→78W  power=77.9W
[PID] perf=27.275Hz  target=10.581Hz  err=-16.694Hz  corr=-349.58W  u_ff=107.0W  PCAP→78W  power=77.8W
[PID] perf=27.230Hz  target=10.581Hz  err=-16.649Hz  corr=-348.75W  u_ff=107.0W  PCAP→78W  power=76.4W
[PID] perf=27.254Hz  target=10.581Hz  err=-16.673Hz  corr=-349.20W  u_ff=107.0W  PCAP→78W  power=78.6W
[PID] perf=27.257Hz  target=10.581Hz  err=-16.676Hz  corr=-349.25W  u_ff=107.0W  PCAP→78W  power=79.1W
[PID] perf=26.510Hz  target=10.581Hz  err=-15.929Hz  corr=-335.40W  u_ff=107.0W  PCAP→78W  power=78.8W
[PID] perf=26.609Hz  target=10.581Hz  err=-16.028Hz  corr=-337.23W  u_ff=107.0W  PCAP→78W  power=78.0W
[PID] perf=26.637Hz  target=10.581Hz  err=-16.056Hz  corr=-337.76W  u_ff=107.0W  PCAP→78W  power=77.4W
[PID] perf=26.643Hz  target=10.581Hz  err=-16.062Hz  corr=-337.87W  u_ff=107.0W  PCAP→78W  power=76.8W
[PID] perf=26.665Hz  target=10.581Hz  err=-16.084Hz  corr=-338.28W  u_ff=107.0W  PCAP→78W  power=76.1W
[PID] perf=26.689Hz  target=10.581Hz  err=-16.108Hz  corr=-338.72W  u_ff=107.0W  PCAP→78W  power=77.7W
[PID] perf=26.659Hz  target=10.581Hz  err=-16.078Hz  corr=-338.16W  u_ff=107.0W  PCAP→78W  power=78.7W
[PID] perf=25.232Hz  target=10.581Hz  err=-14.651Hz  corr=-311.70W  u_ff=107.0W  PCAP→78W  power=78.4W
[PID] perf=25.446Hz  target=10.581Hz  err=-14.865Hz  corr=-315.68W  u_ff=107.0W  PCAP→78W  power=77.4W
[PID] perf=25.896Hz  target=10.581Hz  err=-15.315Hz  corr=-324.01W  u_ff=107.0W  PCAP→78W  power=76.7W
[PID] perf=25.919Hz  target=10.581Hz  err=-15.338Hz  corr=-324.44W  u_ff=107.0W  PCAP→78W  power=76.3W
[PID] perf=25.918Hz  target=10.581Hz  err=-15.337Hz  corr=-324.42W  u_ff=107.0W  PCAP→78W  power=76.5W
[PID] perf=25.924Hz  target=10.581Hz  err=-15.343Hz  corr=-324.53W  u_ff=107.0W  PCAP→78W  power=79.0W
[PID] perf=25.921Hz  target=10.581Hz  err=-15.340Hz  corr=-324.47W  u_ff=107.0W  PCAP→78W  power=78.1W
[PID] perf=25.934Hz  target=10.581Hz  err=-15.353Hz  corr=-324.72W  u_ff=107.0W  PCAP→78W  power=79.3W
[PID] perf=25.900Hz  target=10.581Hz  err=-15.319Hz  corr=-324.08W  u_ff=107.0W  PCAP→78W  power=79.2W
[PID] perf=25.911Hz  target=10.581Hz  err=-15.330Hz  corr=-324.29W  u_ff=107.0W  PCAP→78W  power=77.1W
[PID] perf=25.918Hz  target=10.581Hz  err=-15.337Hz  corr=-324.42W  u_ff=107.0W  PCAP→78W  power=77.2W
[PID] perf=25.920Hz  target=10.581Hz  err=-15.339Hz  corr=-324.46W  u_ff=107.0W  PCAP→78W  power=77.6W
[PID] perf=25.886Hz  target=10.581Hz  err=-15.305Hz  corr=-323.82W  u_ff=107.0W  PCAP→78W  power=78.8W
[PID] perf=25.928Hz  target=10.581Hz  err=-15.347Hz  corr=-324.61W  u_ff=107.0W  PCAP→78W  power=77.7W
[PID] perf=25.865Hz  target=10.581Hz  err=-15.284Hz  corr=-323.43W  u_ff=107.0W  PCAP→78W  power=78.2W
[PID] perf=25.894Hz  target=10.581Hz  err=-15.313Hz  corr=-323.98W  u_ff=107.0W  PCAP→78W  power=76.3W
[PID] perf=25.872Hz  target=10.581Hz  err=-15.291Hz  corr=-323.56W  u_ff=107.0W  PCAP→78W  power=77.3W
[PID] perf=25.896Hz  target=10.581Hz  err=-15.315Hz  corr=-324.01W  u_ff=107.0W  PCAP→78W  power=79.3W
[PID] perf=25.946Hz  target=10.581Hz  err=-15.365Hz  corr=-324.94W  u_ff=107.0W  PCAP→78W  power=78.5W
[PID] perf=25.925Hz  target=10.581Hz  err=-15.344Hz  corr=-324.55W  u_ff=107.0W  PCAP→78W  power=78.5W
[PID] perf=25.909Hz  target=10.581Hz  err=-15.329Hz  corr=-324.26W  u_ff=107.0W  PCAP→78W  power=77.5W
[PID] perf=25.933Hz  target=10.581Hz  err=-15.352Hz  corr=-324.70W  u_ff=107.0W  PCAP→78W  power=77.5W
[PID] perf=25.946Hz  target=10.581Hz  err=-15.365Hz  corr=-324.94W  u_ff=107.0W  PCAP→78W  power=79.0W
[PID] perf=25.897Hz  target=10.581Hz  err=-15.316Hz  corr=-324.02W  u_ff=107.0W  PCAP→78W  power=79.3W
[PID] perf=25.940Hz  target=10.581Hz  err=-15.360Hz  corr=-324.84W  u_ff=107.0W  PCAP→78W  power=78.3W
[PID] perf=25.955Hz  target=10.581Hz  err=-15.374Hz  corr=-325.11W  u_ff=107.0W  PCAP→78W  power=77.5W
[PID] perf=25.925Hz  target=10.581Hz  err=-15.344Hz  corr=-324.54W  u_ff=107.0W  PCAP→78W  power=78.0W
[PID] perf=25.938Hz  target=10.581Hz  err=-15.357Hz  corr=-324.79W  u_ff=107.0W  PCAP→78W  power=76.4W
[PID] perf=25.950Hz  target=10.581Hz  err=-15.369Hz  corr=-325.02W  u_ff=107.0W  PCAP→78W  power=77.3W
[PID] perf=25.979Hz  target=10.581Hz  err=-15.398Hz  corr=-325.55W  u_ff=107.0W  PCAP→78W  power=78.2W
[PID] perf=25.949Hz  target=10.581Hz  err=-15.368Hz  corr=-324.99W  u_ff=107.0W  PCAP→78W  power=77.1W
[PID] perf=25.925Hz  target=10.581Hz  err=-15.344Hz  corr=-324.56W  u_ff=107.0W  PCAP→78W  power=78.8W
[PID] perf=25.958Hz  target=10.581Hz  err=-15.377Hz  corr=-325.16W  u_ff=107.0W  PCAP→78W  power=78.8W
[PID] perf=25.927Hz  target=10.581Hz  err=-15.346Hz  corr=-324.59W  u_ff=107.0W  PCAP→78W  power=79.0W
[PID] perf=25.924Hz  target=10.581Hz  err=-15.343Hz  corr=-324.53W  u_ff=107.0W  PCAP→78W  power=78.0W
[PID] perf=25.916Hz  target=10.581Hz  err=-15.335Hz  corr=-324.38W  u_ff=107.0W  PCAP→78W  power=77.2W
[PID] perf=25.945Hz  target=10.581Hz  err=-15.364Hz  corr=-324.93W  u_ff=107.0W  PCAP→78W  power=76.9W
[PID] perf=25.883Hz  target=10.581Hz  err=-15.302Hz  corr=-323.77W  u_ff=107.0W  PCAP→78W  power=77.0W
[PID] perf=25.916Hz  target=10.581Hz  err=-15.335Hz  corr=-324.39W  u_ff=107.0W  PCAP→78W  power=77.5W
[PID] perf=25.949Hz  target=10.581Hz  err=-15.368Hz  corr=-325.00W  u_ff=107.0W  PCAP→78W  power=77.0W
[PID] perf=25.943Hz  target=10.581Hz  err=-15.362Hz  corr=-324.89W  u_ff=107.0W  PCAP→78W  power=77.3W
[PID] perf=25.973Hz  target=10.581Hz  err=-15.392Hz  corr=-325.43W  u_ff=107.0W  PCAP→78W  power=78.2W
[PID] perf=25.939Hz  target=10.581Hz  err=-15.358Hz  corr=-324.82W  u_ff=107.0W  PCAP→78W  power=77.4W
[PID] perf=25.939Hz  target=10.581Hz  err=-15.358Hz  corr=-324.81W  u_ff=107.0W  PCAP→78W  power=78.7W
[PID] perf=25.938Hz  target=10.581Hz  err=-15.357Hz  corr=-324.78W  u_ff=107.0W  PCAP→78W  power=77.3W
[PID] perf=25.910Hz  target=10.581Hz  err=-15.330Hz  corr=-324.28W  u_ff=107.0W  PCAP→78W  power=78.4W
[PID] perf=25.911Hz  target=10.581Hz  err=-15.330Hz  corr=-324.29W  u_ff=107.0W  PCAP→78W  power=79.1W
[PID] perf=25.920Hz  target=10.581Hz  err=-15.339Hz  corr=-324.45W  u_ff=107.0W  PCAP→78W  power=78.0W
[PID] perf=25.908Hz  target=10.581Hz  err=-15.327Hz  corr=-324.24W  u_ff=107.0W  PCAP→78W  power=79.1W
[PID] perf=25.920Hz  target=10.581Hz  err=-15.339Hz  corr=-324.46W  u_ff=107.0W  PCAP→78W  power=78.8W
[PID] perf=25.900Hz  target=10.581Hz  err=-15.319Hz  corr=-324.08W  u_ff=107.0W  PCAP→78W  power=78.0W
[PID] perf=25.936Hz  target=10.581Hz  err=-15.355Hz  corr=-324.76W  u_ff=107.0W  PCAP→78W  power=78.1W
[PID] perf=25.942Hz  target=10.581Hz  err=-15.361Hz  corr=-324.86W  u_ff=107.0W  PCAP→78W  power=79.2W
[PID] perf=25.948Hz  target=10.581Hz  err=-15.367Hz  corr=-324.98W  u_ff=107.0W  PCAP→78W  power=78.2W
[PID] perf=25.945Hz  target=10.581Hz  err=-15.364Hz  corr=-324.92W  u_ff=107.0W  PCAP→78W  power=79.2W
[PID] perf=25.955Hz  target=10.581Hz  err=-15.374Hz  corr=-325.11W  u_ff=107.0W  PCAP→78W  power=76.0W
[PID] perf=25.927Hz  target=10.581Hz  err=-15.346Hz  corr=-324.59W  u_ff=107.0W  PCAP→78W  power=77.8W
[PID] perf=25.928Hz  target=10.581Hz  err=-15.347Hz  corr=-324.61W  u_ff=107.0W  PCAP→78W  power=78.7W
[PID] perf=25.916Hz  target=10.581Hz  err=-15.335Hz  corr=-324.38W  u_ff=107.0W  PCAP→78W  power=78.5W
[PID] perf=25.941Hz  target=10.581Hz  err=-15.360Hz  corr=-324.85W  u_ff=107.0W  PCAP→78W  power=78.5W
[PID] perf=25.932Hz  target=10.581Hz  err=-15.351Hz  corr=-324.68W  u_ff=107.0W  PCAP→78W  power=78.9W
[PID] perf=25.923Hz  target=10.581Hz  err=-15.342Hz  corr=-324.51W  u_ff=107.0W  PCAP→78W  power=77.8W
[PID] perf=25.933Hz  target=10.581Hz  err=-15.352Hz  corr=-324.70W  u_ff=107.0W  PCAP→78W  power=76.5W
[PID] perf=25.933Hz  target=10.581Hz  err=-15.352Hz  corr=-324.70W  u_ff=107.0W  PCAP→78W  power=78.2W
[PID] perf=25.907Hz  target=10.581Hz  err=-15.326Hz  corr=-324.22W  u_ff=107.0W  PCAP→78W  power=78.1W
[PID] perf=25.938Hz  target=10.581Hz  err=-15.357Hz  corr=-324.79W  u_ff=107.0W  PCAP→78W  power=77.7W
[PID] perf=25.938Hz  target=10.581Hz  err=-15.357Hz  corr=-324.78W  u_ff=107.0W  PCAP→78W  power=79.0W
[PID] perf=25.935Hz  target=10.581Hz  err=-15.355Hz  corr=-324.74W  u_ff=107.0W  PCAP→78W  power=77.7W
[PID] perf=25.933Hz  target=10.581Hz  err=-15.352Hz  corr=-324.70W  u_ff=107.0W  PCAP→78W  power=77.6W
[PID] perf=25.951Hz  target=10.581Hz  err=-15.370Hz  corr=-325.04W  u_ff=107.0W  PCAP→78W  power=78.6W
[PID] perf=25.917Hz  target=10.581Hz  err=-15.336Hz  corr=-324.41W  u_ff=107.0W  PCAP→78W  power=77.0W
[PID] perf=25.934Hz  target=10.581Hz  err=-15.353Hz  corr=-324.72W  u_ff=107.0W  PCAP→78W  power=77.3W
[PID] perf=25.917Hz  target=10.581Hz  err=-15.336Hz  corr=-324.40W  u_ff=107.0W  PCAP→78W  power=77.5W
[PID] perf=25.884Hz  target=10.581Hz  err=-15.303Hz  corr=-323.78W  u_ff=107.0W  PCAP→78W  power=78.7W
[PID] perf=25.927Hz  target=10.581Hz  err=-15.346Hz  corr=-324.59W  u_ff=107.0W  PCAP→78W  power=77.0W
[PID] perf=25.886Hz  target=10.581Hz  err=-15.305Hz  corr=-323.83W  u_ff=107.0W  PCAP→78W  power=76.9W
[PID] perf=25.925Hz  target=10.581Hz  err=-15.344Hz  corr=-324.55W  u_ff=107.0W  PCAP→78W  power=76.9W
[PID] perf=25.918Hz  target=10.581Hz  err=-15.338Hz  corr=-324.43W  u_ff=107.0W  PCAP→78W  power=78.1W
[PID] perf=25.914Hz  target=10.581Hz  err=-15.334Hz  corr=-324.36W  u_ff=107.0W  PCAP→78W  power=78.0W
[PID] perf=25.927Hz  target=10.581Hz  err=-15.347Hz  corr=-324.60W  u_ff=107.0W  PCAP→78W  power=78.9W
[PID] perf=25.901Hz  target=10.581Hz  err=-15.320Hz  corr=-324.10W  u_ff=107.0W  PCAP→78W  power=77.1W
[PID] perf=25.922Hz  target=10.581Hz  err=-15.342Hz  corr=-324.50W  u_ff=107.0W  PCAP→78W  power=77.0W
[PID] perf=25.907Hz  target=10.581Hz  err=-15.326Hz  corr=-324.21W  u_ff=107.0W  PCAP→78W  power=76.3W
[PID] perf=25.883Hz  target=10.581Hz  err=-15.302Hz  corr=-323.77W  u_ff=107.0W  PCAP→78W  power=78.7W
[PID] perf=25.932Hz  target=10.581Hz  err=-15.351Hz  corr=-324.67W  u_ff=107.0W  PCAP→78W  power=78.1W
[PID] perf=25.929Hz  target=10.581Hz  err=-15.348Hz  corr=-324.63W  u_ff=107.0W  PCAP→78W  power=76.7W
[PID] perf=25.954Hz  target=10.581Hz  err=-15.373Hz  corr=-325.09W  u_ff=107.0W  PCAP→78W  power=77.8W
[PID] perf=25.934Hz  target=10.581Hz  err=-15.353Hz  corr=-324.71W  u_ff=107.0W  PCAP→78W  power=76.4W
[PID] perf=25.928Hz  target=10.581Hz  err=-15.347Hz  corr=-324.61W  u_ff=107.0W  PCAP→78W  power=76.4W
[PID] perf=25.956Hz  target=10.581Hz  err=-15.375Hz  corr=-325.13W  u_ff=107.0W  PCAP→78W  power=78.1W
[PID] perf=25.953Hz  target=10.581Hz  err=-15.372Hz  corr=-325.07W  u_ff=107.0W  PCAP→78W  power=75.8W
[PID] perf=25.912Hz  target=10.581Hz  err=-15.331Hz  corr=-324.31W  u_ff=107.0W  PCAP→78W  power=78.6W
[PID] perf=25.899Hz  target=10.581Hz  err=-15.318Hz  corr=-324.07W  u_ff=107.0W  PCAP→78W  power=78.9W
[PID] perf=25.920Hz  target=10.581Hz  err=-15.340Hz  corr=-324.47W  u_ff=107.0W  PCAP→78W  power=77.2W
[PID] perf=25.917Hz  target=10.581Hz  err=-15.336Hz  corr=-324.40W  u_ff=107.0W  PCAP→78W  power=79.0W
[PID] perf=25.930Hz  target=10.581Hz  err=-15.350Hz  corr=-324.65W  u_ff=107.0W  PCAP→78W  power=78.3W
[PID] perf=25.956Hz  target=10.581Hz  err=-15.375Hz  corr=-325.13W  u_ff=107.0W  PCAP→78W  power=77.4W
[PID] perf=25.949Hz  target=10.581Hz  err=-15.368Hz  corr=-325.00W  u_ff=107.0W  PCAP→78W  power=76.1W
[PID] perf=25.945Hz  target=10.581Hz  err=-15.364Hz  corr=-324.93W  u_ff=107.0W  PCAP→78W  power=77.9W
[PID] perf=25.974Hz  target=10.581Hz  err=-15.393Hz  corr=-325.46W  u_ff=107.0W  PCAP→78W  power=78.3W
[PID] perf=25.962Hz  target=10.581Hz  err=-15.381Hz  corr=-325.23W  u_ff=107.0W  PCAP→78W  power=78.3W
[PID] perf=25.975Hz  target=10.581Hz  err=-15.394Hz  corr=-325.47W  u_ff=107.0W  PCAP→78W  power=77.8W
[PID] perf=25.963Hz  target=10.581Hz  err=-15.382Hz  corr=-325.26W  u_ff=107.0W  PCAP→78W  power=77.2W
[PID] perf=25.967Hz  target=10.581Hz  err=-15.386Hz  corr=-325.33W  u_ff=107.0W  PCAP→78W  power=79.4W
[PID] perf=25.953Hz  target=10.581Hz  err=-15.372Hz  corr=-325.07W  u_ff=107.0W  PCAP→78W  power=78.0W
[PID] perf=25.956Hz  target=10.581Hz  err=-15.375Hz  corr=-325.12W  u_ff=107.0W  PCAP→78W  power=79.0W
[PID] perf=25.920Hz  target=10.581Hz  err=-15.339Hz  corr=-324.45W  u_ff=107.0W  PCAP→78W  power=78.2W
[PID] perf=25.931Hz  target=10.581Hz  err=-15.350Hz  corr=-324.67W  u_ff=107.0W  PCAP→78W  power=76.6W
[PID] perf=25.962Hz  target=10.581Hz  err=-15.381Hz  corr=-325.24W  u_ff=107.0W  PCAP→78W  power=77.1W
[PID] perf=25.942Hz  target=10.581Hz  err=-15.362Hz  corr=-324.87W  u_ff=107.0W  PCAP→78W  power=78.6W
[PID] perf=25.935Hz  target=10.581Hz  err=-15.354Hz  corr=-324.73W  u_ff=107.0W  PCAP→78W  power=78.1W
[PID] perf=25.938Hz  target=10.581Hz  err=-15.357Hz  corr=-324.79W  u_ff=107.0W  PCAP→78W  power=77.2W
[PID] perf=25.962Hz  target=10.581Hz  err=-15.381Hz  corr=-325.23W  u_ff=107.0W  PCAP→78W  power=78.0W
[PID] perf=25.968Hz  target=10.581Hz  err=-15.387Hz  corr=-325.35W  u_ff=107.0W  PCAP→78W  power=78.2W
[PID] perf=25.973Hz  target=10.581Hz  err=-15.392Hz  corr=-325.43W  u_ff=107.0W  PCAP→78W  power=77.1W
[PID] perf=25.924Hz  target=10.581Hz  err=-15.343Hz  corr=-324.53W  u_ff=107.0W  PCAP→78W  power=77.3W
[PID] perf=25.951Hz  target=10.581Hz  err=-15.370Hz  corr=-325.03W  u_ff=107.0W  PCAP→78W  power=77.4W
[PID] perf=25.957Hz  target=10.581Hz  err=-15.376Hz  corr=-325.15W  u_ff=107.0W  PCAP→78W  power=77.3W
[PID] perf=25.930Hz  target=10.581Hz  err=-15.349Hz  corr=-324.64W  u_ff=107.0W  PCAP→78W  power=77.6W
[PID] perf=25.920Hz  target=10.581Hz  err=-15.339Hz  corr=-324.46W  u_ff=107.0W  PCAP→78W  power=76.9W
[PID] perf=25.945Hz  target=10.581Hz  err=-15.364Hz  corr=-324.92W  u_ff=107.0W  PCAP→78W  power=77.2W
[PID] perf=25.917Hz  target=10.581Hz  err=-15.336Hz  corr=-324.40W  u_ff=107.0W  PCAP→78W  power=77.9W
[PID] perf=25.934Hz  target=10.581Hz  err=-15.353Hz  corr=-324.72W  u_ff=107.0W  PCAP→78W  power=78.8W
[PID] perf=25.929Hz  target=10.581Hz  err=-15.348Hz  corr=-324.62W  u_ff=107.0W  PCAP→78W  power=78.2W
[PID] perf=25.920Hz  target=10.581Hz  err=-15.339Hz  corr=-324.46W  u_ff=107.0W  PCAP→78W  power=78.0W
[PID] perf=25.871Hz  target=10.581Hz  err=-15.290Hz  corr=-323.54W  u_ff=107.0W  PCAP→78W  power=79.0W
[PID] perf=25.935Hz  target=10.581Hz  err=-15.354Hz  corr=-324.73W  u_ff=107.0W  PCAP→78W  power=78.6W
[PID] perf=25.956Hz  target=10.581Hz  err=-15.375Hz  corr=-325.13W  u_ff=107.0W  PCAP→78W  power=79.2W
[PID] perf=25.906Hz  target=10.581Hz  err=-15.325Hz  corr=-324.19W  u_ff=107.0W  PCAP→78W  power=76.2W
[PID] perf=25.907Hz  target=10.581Hz  err=-15.326Hz  corr=-324.21W  u_ff=107.0W  PCAP→78W  power=77.3W
[PID] perf=25.943Hz  target=10.581Hz  err=-15.362Hz  corr=-324.88W  u_ff=107.0W  PCAP→78W  power=78.1W
[PID] perf=25.922Hz  target=10.581Hz  err=-15.341Hz  corr=-324.50W  u_ff=107.0W  PCAP→78W  power=79.2W
[PID] perf=25.829Hz  target=10.581Hz  err=-15.248Hz  corr=-322.78W  u_ff=107.0W  PCAP→78W  power=79.0W
[PID] perf=25.884Hz  target=10.581Hz  err=-15.303Hz  corr=-323.78W  u_ff=107.0W  PCAP→78W  power=78.0W
[PID] perf=25.898Hz  target=10.581Hz  err=-15.317Hz  corr=-324.06W  u_ff=107.0W  PCAP→78W  power=78.3W
[PID] perf=25.916Hz  target=10.581Hz  err=-15.335Hz  corr=-324.39W  u_ff=107.0W  PCAP→78W  power=77.1W
[PID] perf=25.907Hz  target=10.581Hz  err=-15.326Hz  corr=-324.21W  u_ff=107.0W  PCAP→78W  power=77.7W
[PID] perf=25.906Hz  target=10.581Hz  err=-15.325Hz  corr=-324.20W  u_ff=107.0W  PCAP→78W  power=76.2W
[PID] perf=25.897Hz  target=10.581Hz  err=-15.316Hz  corr=-324.03W  u_ff=107.0W  PCAP→78W  power=78.4W
[PID] perf=25.906Hz  target=10.581Hz  err=-15.325Hz  corr=-324.21W  u_ff=107.0W  PCAP→78W  power=78.9W
[PID] perf=25.918Hz  target=10.581Hz  err=-15.337Hz  corr=-324.42W  u_ff=107.0W  PCAP→78W  power=77.3W
[PID] perf=25.915Hz  target=10.581Hz  err=-15.334Hz  corr=-324.37W  u_ff=107.0W  PCAP→78W  power=77.4W
[PID] perf=25.921Hz  target=10.581Hz  err=-15.340Hz  corr=-324.47W  u_ff=107.0W  PCAP→78W  power=77.3W
[PID] perf=25.946Hz  target=10.581Hz  err=-15.365Hz  corr=-324.94W  u_ff=107.0W  PCAP→78W  power=77.6W
[PID] perf=25.922Hz  target=10.581Hz  err=-15.341Hz  corr=-324.50W  u_ff=107.0W  PCAP→78W  power=77.2W
[PID] perf=25.906Hz  target=10.581Hz  err=-15.325Hz  corr=-324.20W  u_ff=107.0W  PCAP→78W  power=78.8W
[PID] perf=25.906Hz  target=10.581Hz  err=-15.326Hz  corr=-324.21W  u_ff=107.0W  PCAP→78W  power=78.4W
[PID] perf=25.872Hz  target=10.581Hz  err=-15.291Hz  corr=-323.58W  u_ff=107.0W  PCAP→78W  power=78.6W
[PID] perf=25.894Hz  target=10.581Hz  err=-15.313Hz  corr=-323.97W  u_ff=107.0W  PCAP→78W  power=77.2W
[PID] perf=25.857Hz  target=10.581Hz  err=-15.276Hz  corr=-323.28W  u_ff=107.0W  PCAP→78W  power=78.6W
[PID] perf=25.894Hz  target=10.581Hz  err=-15.313Hz  corr=-323.97W  u_ff=107.0W  PCAP→78W  power=77.7W
[PID] perf=25.906Hz  target=10.581Hz  err=-15.325Hz  corr=-324.20W  u_ff=107.0W  PCAP→78W  power=76.1W
[PID] perf=25.897Hz  target=10.581Hz  err=-15.316Hz  corr=-324.03W  u_ff=107.0W  PCAP→78W  power=77.9W
[PID] perf=25.873Hz  target=10.581Hz  err=-15.292Hz  corr=-323.59W  u_ff=107.0W  PCAP→78W  power=77.9W
[PID] perf=25.860Hz  target=10.581Hz  err=-15.279Hz  corr=-323.35W  u_ff=107.0W  PCAP→78W  power=78.2W
[PID] perf=25.855Hz  target=10.581Hz  err=-15.274Hz  corr=-323.25W  u_ff=107.0W  PCAP→78W  power=77.4W
[PID] perf=25.861Hz  target=10.581Hz  err=-15.280Hz  corr=-323.36W  u_ff=107.0W  PCAP→78W  power=77.3W
[PID] perf=26.686Hz  target=10.581Hz  err=-16.105Hz  corr=-338.66W  u_ff=107.0W  PCAP→78W  power=76.1W
[PID] perf=26.887Hz  target=10.581Hz  err=-16.306Hz  corr=-342.40W  u_ff=107.0W  PCAP→78W  power=78.6W
[PID] perf=27.036Hz  target=10.581Hz  err=-16.455Hz  corr=-345.16W  u_ff=107.0W  PCAP→78W  power=78.8W
[PID] perf=27.046Hz  target=10.581Hz  err=-16.465Hz  corr=-345.34W  u_ff=107.0W  PCAP→78W  power=78.3W
[PID] perf=27.040Hz  target=10.581Hz  err=-16.459Hz  corr=-345.22W  u_ff=107.0W  PCAP→78W  power=77.8W
[PID] perf=27.036Hz  target=10.581Hz  err=-16.455Hz  corr=-345.16W  u_ff=107.0W  PCAP→78W  power=78.7W
[PID] perf=27.050Hz  target=10.581Hz  err=-16.469Hz  corr=-345.42W  u_ff=107.0W  PCAP→78W  power=76.5W
[PID] perf=27.064Hz  target=10.581Hz  err=-16.483Hz  corr=-345.68W  u_ff=107.0W  PCAP→78W  power=77.5W
[PID] perf=27.023Hz  target=10.581Hz  err=-16.443Hz  corr=-344.92W  u_ff=107.0W  PCAP→78W  power=77.5W
[PID] perf=27.012Hz  target=10.581Hz  err=-16.431Hz  corr=-344.71W  u_ff=107.0W  PCAP→78W  power=77.9W
[PID] perf=27.058Hz  target=10.581Hz  err=-16.477Hz  corr=-345.56W  u_ff=107.0W  PCAP→78W  power=78.0W
[PID] perf=27.020Hz  target=10.581Hz  err=-16.440Hz  corr=-344.87W  u_ff=107.0W  PCAP→78W  power=77.1W
[PID] perf=27.025Hz  target=10.581Hz  err=-16.444Hz  corr=-344.95W  u_ff=107.0W  PCAP→78W  power=76.2W
[PID] perf=27.063Hz  target=10.581Hz  err=-16.482Hz  corr=-345.65W  u_ff=107.0W  PCAP→78W  power=78.8W
[PID] perf=27.019Hz  target=10.581Hz  err=-16.438Hz  corr=-344.84W  u_ff=107.0W  PCAP→78W  power=78.5W
[PID] perf=27.029Hz  target=10.581Hz  err=-16.448Hz  corr=-345.02W  u_ff=107.0W  PCAP→78W  power=79.0W
[PID] perf=27.035Hz  target=10.581Hz  err=-16.454Hz  corr=-345.13W  u_ff=107.0W  PCAP→78W  power=76.2W
[PID] perf=27.046Hz  target=10.581Hz  err=-16.465Hz  corr=-345.34W  u_ff=107.0W  PCAP→78W  power=76.2W
[PID] perf=27.047Hz  target=10.581Hz  err=-16.466Hz  corr=-345.36W  u_ff=107.0W  PCAP→78W  power=77.9W
[PID] perf=27.026Hz  target=10.581Hz  err=-16.445Hz  corr=-344.97W  u_ff=107.0W  PCAP→78W  power=78.0W
[PID] perf=27.038Hz  target=10.581Hz  err=-16.457Hz  corr=-345.19W  u_ff=107.0W  PCAP→78W  power=78.4W
[PID] perf=27.014Hz  target=10.581Hz  err=-16.433Hz  corr=-344.75W  u_ff=107.0W  PCAP→78W  power=76.8W
[PID] perf=27.016Hz  target=10.581Hz  err=-16.435Hz  corr=-344.78W  u_ff=107.0W  PCAP→78W  power=78.0W
[PID] perf=27.027Hz  target=10.581Hz  err=-16.446Hz  corr=-344.98W  u_ff=107.0W  PCAP→78W  power=78.2W
[PID] perf=27.048Hz  target=10.581Hz  err=-16.467Hz  corr=-345.37W  u_ff=107.0W  PCAP→78W  power=78.7W
[PID] perf=27.044Hz  target=10.581Hz  err=-16.463Hz  corr=-345.30W  u_ff=107.0W  PCAP→78W  power=76.3W
[PID] perf=27.020Hz  target=10.581Hz  err=-16.439Hz  corr=-344.86W  u_ff=107.0W  PCAP→78W  power=77.1W
[PID] perf=27.054Hz  target=10.581Hz  err=-16.473Hz  corr=-345.49W  u_ff=107.0W  PCAP→78W  power=78.7W
[PID] perf=27.032Hz  target=10.581Hz  err=-16.451Hz  corr=-345.07W  u_ff=107.0W  PCAP→78W  power=79.3W
[PID] perf=27.076Hz  target=10.581Hz  err=-16.495Hz  corr=-345.90W  u_ff=107.0W  PCAP→78W  power=78.3W
[PID] perf=27.050Hz  target=10.581Hz  err=-16.469Hz  corr=-345.42W  u_ff=107.0W  PCAP→78W  power=79.2W
[PID] perf=27.033Hz  target=10.581Hz  err=-16.452Hz  corr=-345.10W  u_ff=107.0W  PCAP→78W  power=77.7W
[PID] perf=27.053Hz  target=10.581Hz  err=-16.472Hz  corr=-345.46W  u_ff=107.0W  PCAP→78W  power=77.1W
[PID] perf=27.038Hz  target=10.581Hz  err=-16.457Hz  corr=-345.19W  u_ff=107.0W  PCAP→78W  power=76.8W
[PID] perf=27.055Hz  target=10.581Hz  err=-16.474Hz  corr=-345.51W  u_ff=107.0W  PCAP→78W  power=76.4W
[PID] perf=27.058Hz  target=10.581Hz  err=-16.477Hz  corr=-345.57W  u_ff=107.0W  PCAP→78W  power=77.2W
[PID] perf=27.054Hz  target=10.581Hz  err=-16.473Hz  corr=-345.50W  u_ff=107.0W  PCAP→78W  power=76.2W
[PID] perf=27.039Hz  target=10.581Hz  err=-16.458Hz  corr=-345.20W  u_ff=107.0W  PCAP→78W  power=78.9W
[PID] perf=27.095Hz  target=10.581Hz  err=-16.514Hz  corr=-346.25W  u_ff=107.0W  PCAP→78W  power=78.1W
[PID] perf=27.121Hz  target=10.581Hz  err=-16.540Hz  corr=-346.73W  u_ff=107.0W  PCAP→78W  power=78.1W
[PID] perf=27.096Hz  target=10.581Hz  err=-16.515Hz  corr=-346.26W  u_ff=107.0W  PCAP→78W  power=78.5W
[PID] perf=27.067Hz  target=10.581Hz  err=-16.486Hz  corr=-345.72W  u_ff=107.0W  PCAP→78W  power=78.9W
[PID] perf=27.106Hz  target=10.581Hz  err=-16.525Hz  corr=-346.45W  u_ff=107.0W  PCAP→78W  power=78.4W
[PID] perf=27.070Hz  target=10.581Hz  err=-16.489Hz  corr=-345.78W  u_ff=107.0W  PCAP→78W  power=78.8W
[PID] perf=27.061Hz  target=10.581Hz  err=-16.480Hz  corr=-345.62W  u_ff=107.0W  PCAP→78W  power=77.1W
[PID] perf=27.096Hz  target=10.581Hz  err=-16.515Hz  corr=-346.27W  u_ff=107.0W  PCAP→78W  power=77.5W
[PID] perf=27.121Hz  target=10.581Hz  err=-16.540Hz  corr=-346.72W  u_ff=107.0W  PCAP→78W  power=78.3W
[PID] perf=27.109Hz  target=10.581Hz  err=-16.528Hz  corr=-346.50W  u_ff=107.0W  PCAP→78W  power=78.6W
[PID] perf=27.094Hz  target=10.581Hz  err=-16.513Hz  corr=-346.23W  u_ff=107.0W  PCAP→78W  power=78.9W
[PID] perf=27.109Hz  target=10.581Hz  err=-16.528Hz  corr=-346.51W  u_ff=107.0W  PCAP→78W  power=78.6W
[PID] perf=27.091Hz  target=10.581Hz  err=-16.510Hz  corr=-346.18W  u_ff=107.0W  PCAP→78W  power=77.0W
[PID] perf=27.089Hz  target=10.581Hz  err=-16.508Hz  corr=-346.13W  u_ff=107.0W  PCAP→78W  power=77.9W
[PID] perf=27.090Hz  target=10.581Hz  err=-16.509Hz  corr=-346.16W  u_ff=107.0W  PCAP→78W  power=76.4W
[PID] perf=27.094Hz  target=10.581Hz  err=-16.513Hz  corr=-346.23W  u_ff=107.0W  PCAP→78W  power=77.2W
[PID] perf=27.091Hz  target=10.581Hz  err=-16.510Hz  corr=-346.17W  u_ff=107.0W  PCAP→78W  power=76.9W
[PID] perf=27.093Hz  target=10.581Hz  err=-16.512Hz  corr=-346.21W  u_ff=107.0W  PCAP→78W  power=76.5W
[PID] perf=27.059Hz  target=10.581Hz  err=-16.478Hz  corr=-345.57W  u_ff=107.0W  PCAP→78W  power=77.3W
[PID] perf=27.040Hz  target=10.581Hz  err=-16.459Hz  corr=-345.23W  u_ff=107.0W  PCAP→78W  power=77.1W
[PID] perf=27.064Hz  target=10.581Hz  err=-16.483Hz  corr=-345.66W  u_ff=107.0W  PCAP→78W  power=79.0W
[PID] perf=27.066Hz  target=10.581Hz  err=-16.485Hz  corr=-345.71W  u_ff=107.0W  PCAP→78W  power=77.7W
[PID] perf=27.045Hz  target=10.581Hz  err=-16.464Hz  corr=-345.32W  u_ff=107.0W  PCAP→78W  power=76.3W
[PID] perf=27.089Hz  target=10.581Hz  err=-16.508Hz  corr=-346.14W  u_ff=107.0W  PCAP→78W  power=76.2W
[PID] perf=27.064Hz  target=10.581Hz  err=-16.483Hz  corr=-345.68W  u_ff=107.0W  PCAP→78W  power=78.5W
[PID] perf=27.038Hz  target=10.581Hz  err=-16.457Hz  corr=-345.20W  u_ff=107.0W  PCAP→78W  power=78.4W
[PID] perf=27.074Hz  target=10.581Hz  err=-16.493Hz  corr=-345.86W  u_ff=107.0W  PCAP→78W  power=78.5W
[PID] perf=27.072Hz  target=10.581Hz  err=-16.491Hz  corr=-345.81W  u_ff=107.0W  PCAP→78W  power=78.5W
[PID] perf=27.119Hz  target=10.581Hz  err=-16.538Hz  corr=-346.69W  u_ff=107.0W  PCAP→78W  power=77.7W
[PID] perf=27.116Hz  target=10.581Hz  err=-16.535Hz  corr=-346.64W  u_ff=107.0W  PCAP→78W  power=79.3W
[PID] perf=27.017Hz  target=10.581Hz  err=-16.437Hz  corr=-344.81W  u_ff=107.0W  PCAP→78W  power=78.5W
[PID] perf=27.073Hz  target=10.581Hz  err=-16.492Hz  corr=-345.84W  u_ff=107.0W  PCAP→78W  power=77.1W
[PID] perf=27.062Hz  target=10.581Hz  err=-16.481Hz  corr=-345.63W  u_ff=107.0W  PCAP→78W  power=77.4W
[PID] perf=27.052Hz  target=10.581Hz  err=-16.471Hz  corr=-345.45W  u_ff=107.0W  PCAP→78W  power=77.1W
[PID] perf=27.084Hz  target=10.581Hz  err=-16.503Hz  corr=-346.05W  u_ff=107.0W  PCAP→78W  power=77.9W
[PID] perf=27.037Hz  target=10.581Hz  err=-16.456Hz  corr=-345.18W  u_ff=107.0W  PCAP→78W  power=78.4W
[PID] perf=27.069Hz  target=10.581Hz  err=-16.488Hz  corr=-345.76W  u_ff=107.0W  PCAP→78W  power=79.1W
[PID] perf=27.055Hz  target=10.581Hz  err=-16.474Hz  corr=-345.51W  u_ff=107.0W  PCAP→78W  power=77.5W
[PID] perf=27.063Hz  target=10.581Hz  err=-16.482Hz  corr=-345.65W  u_ff=107.0W  PCAP→78W  power=78.8W
[PID] perf=27.057Hz  target=10.581Hz  err=-16.476Hz  corr=-345.54W  u_ff=107.0W  PCAP→78W  power=78.0W
[PID] perf=27.057Hz  target=10.581Hz  err=-16.476Hz  corr=-345.54W  u_ff=107.0W  PCAP→78W  power=76.4W
[PID] perf=27.034Hz  target=10.581Hz  err=-16.454Hz  corr=-345.12W  u_ff=107.0W  PCAP→78W  power=78.7W
[PID] perf=27.070Hz  target=10.581Hz  err=-16.489Hz  corr=-345.79W  u_ff=107.0W  PCAP→78W  power=79.6W
[PID] perf=27.093Hz  target=10.581Hz  err=-16.512Hz  corr=-346.21W  u_ff=107.0W  PCAP→78W  power=78.5W
[PID] perf=27.118Hz  target=10.581Hz  err=-16.538Hz  corr=-346.68W  u_ff=107.0W  PCAP→78W  power=77.9W
[PID] perf=27.092Hz  target=10.581Hz  err=-16.511Hz  corr=-346.20W  u_ff=107.0W  PCAP→78W  power=79.1W
[PID] perf=27.090Hz  target=10.581Hz  err=-16.509Hz  corr=-346.15W  u_ff=107.0W  PCAP→78W  power=79.0W
[PID] perf=27.111Hz  target=10.581Hz  err=-16.530Hz  corr=-346.54W  u_ff=107.0W  PCAP→78W  power=77.4W
[PID] perf=27.076Hz  target=10.581Hz  err=-16.495Hz  corr=-345.89W  u_ff=107.0W  PCAP→78W  power=77.0W
[PID] perf=27.083Hz  target=10.581Hz  err=-16.502Hz  corr=-346.02W  u_ff=107.0W  PCAP→78W  power=77.8W
[PID] perf=27.099Hz  target=10.581Hz  err=-16.519Hz  corr=-346.33W  u_ff=107.0W  PCAP→78W  power=77.9W
[PID] perf=27.067Hz  target=10.581Hz  err=-16.486Hz  corr=-345.73W  u_ff=107.0W  PCAP→78W  power=76.3W
[PID] perf=27.095Hz  target=10.581Hz  err=-16.514Hz  corr=-346.25W  u_ff=107.0W  PCAP→78W  power=76.1W
[PID] perf=27.083Hz  target=10.581Hz  err=-16.502Hz  corr=-346.03W  u_ff=107.0W  PCAP→78W  power=76.8W
[PID] perf=27.070Hz  target=10.581Hz  err=-16.489Hz  corr=-345.78W  u_ff=107.0W  PCAP→78W  power=78.8W
[PID] perf=27.083Hz  target=10.581Hz  err=-16.502Hz  corr=-346.02W  u_ff=107.0W  PCAP→78W  power=78.1W
[PID] perf=27.095Hz  target=10.581Hz  err=-16.514Hz  corr=-346.24W  u_ff=107.0W  PCAP→78W  power=78.7W
[PID] perf=27.113Hz  target=10.581Hz  err=-16.532Hz  corr=-346.59W  u_ff=107.0W  PCAP→78W  power=78.8W
[PID] perf=27.078Hz  target=10.581Hz  err=-16.497Hz  corr=-345.93W  u_ff=107.0W  PCAP→78W  power=79.0W
[PID] perf=27.057Hz  target=10.581Hz  err=-16.476Hz  corr=-345.55W  u_ff=107.0W  PCAP→78W  power=78.8W
[PID] perf=27.069Hz  target=10.581Hz  err=-16.488Hz  corr=-345.77W  u_ff=107.0W  PCAP→78W  power=76.6W
[PID] perf=27.072Hz  target=10.581Hz  err=-16.491Hz  corr=-345.82W  u_ff=107.0W  PCAP→78W  power=76.4W
[PID] perf=27.087Hz  target=10.581Hz  err=-16.506Hz  corr=-346.10W  u_ff=107.0W  PCAP→78W  power=77.6W
[PID] perf=25.932Hz  target=10.581Hz  err=-15.351Hz  corr=-324.68W  u_ff=107.0W  PCAP→78W  power=77.4W
[PID] perf=26.048Hz  target=10.581Hz  err=-15.468Hz  corr=-326.84W  u_ff=107.0W  PCAP→78W  power=77.4W
[PID] perf=26.051Hz  target=10.581Hz  err=-15.470Hz  corr=-326.89W  u_ff=107.0W  PCAP→78W  power=78.1W
[PID] perf=26.085Hz  target=10.581Hz  err=-15.504Hz  corr=-327.52W  u_ff=107.0W  PCAP→78W  power=76.6W
[PID] perf=26.085Hz  target=10.581Hz  err=-15.504Hz  corr=-327.51W  u_ff=107.0W  PCAP→78W  power=79.1W
[PID] perf=26.092Hz  target=10.581Hz  err=-15.511Hz  corr=-327.64W  u_ff=107.0W  PCAP→78W  power=76.7W
[PID] perf=26.094Hz  target=10.581Hz  err=-15.513Hz  corr=-327.68W  u_ff=107.0W  PCAP→78W  power=78.3W
[PID] perf=26.091Hz  target=10.581Hz  err=-15.511Hz  corr=-327.64W  u_ff=107.0W  PCAP→78W  power=78.5W
[PID] perf=26.072Hz  target=10.581Hz  err=-15.491Hz  corr=-327.28W  u_ff=107.0W  PCAP→78W  power=77.5W
[PID] perf=26.077Hz  target=10.581Hz  err=-15.496Hz  corr=-327.37W  u_ff=107.0W  PCAP→78W  power=77.5W
[PID] perf=26.063Hz  target=10.581Hz  err=-15.482Hz  corr=-327.11W  u_ff=107.0W  PCAP→78W  power=77.2W
[PID] perf=25.978Hz  target=10.581Hz  err=-15.397Hz  corr=-325.54W  u_ff=107.0W  PCAP→78W  power=78.9W
[PID] perf=26.017Hz  target=10.581Hz  err=-15.436Hz  corr=-326.25W  u_ff=107.0W  PCAP→78W  power=77.5W
[PID] perf=26.011Hz  target=10.581Hz  err=-15.430Hz  corr=-326.15W  u_ff=107.0W  PCAP→78W  power=78.3W
[PID] perf=26.009Hz  target=10.581Hz  err=-15.428Hz  corr=-326.11W  u_ff=107.0W  PCAP→78W  power=78.9W
[PID] perf=26.688Hz  target=10.581Hz  err=-16.107Hz  corr=-338.70W  u_ff=107.0W  PCAP→78W  power=78.8W
[PID] perf=26.726Hz  target=10.581Hz  err=-16.145Hz  corr=-339.41W  u_ff=107.0W  PCAP→78W  power=79.3W
[PID] perf=26.730Hz  target=10.581Hz  err=-16.149Hz  corr=-339.48W  u_ff=107.0W  PCAP→78W  power=77.2W
[PID] perf=26.737Hz  target=10.581Hz  err=-16.156Hz  corr=-339.61W  u_ff=107.0W  PCAP→78W  power=77.7W
[PID] perf=26.738Hz  target=10.581Hz  err=-16.157Hz  corr=-339.63W  u_ff=107.0W  PCAP→78W  power=79.1W
[PID] perf=26.724Hz  target=10.581Hz  err=-16.143Hz  corr=-339.37W  u_ff=107.0W  PCAP→78W  power=76.4W
[PID] perf=26.757Hz  target=10.581Hz  err=-16.176Hz  corr=-339.99W  u_ff=107.0W  PCAP→78W  power=77.7W
[PID] perf=26.728Hz  target=10.581Hz  err=-16.147Hz  corr=-339.43W  u_ff=107.0W  PCAP→78W  power=78.1W
[PID] perf=26.747Hz  target=10.581Hz  err=-16.166Hz  corr=-339.80W  u_ff=107.0W  PCAP→78W  power=77.9W
[PID] perf=26.727Hz  target=10.581Hz  err=-16.146Hz  corr=-339.42W  u_ff=107.0W  PCAP→78W  power=79.0W
[PID] perf=26.756Hz  target=10.581Hz  err=-16.175Hz  corr=-339.96W  u_ff=107.0W  PCAP→78W  power=76.9W
[PID] perf=26.756Hz  target=10.581Hz  err=-16.175Hz  corr=-339.96W  u_ff=107.0W  PCAP→78W  power=77.9W
[PID] perf=26.737Hz  target=10.581Hz  err=-16.156Hz  corr=-339.60W  u_ff=107.0W  PCAP→78W  power=79.2W
[PID] perf=26.753Hz  target=10.581Hz  err=-16.173Hz  corr=-339.92W  u_ff=107.0W  PCAP→78W  power=78.0W
[PID] perf=26.733Hz  target=10.581Hz  err=-16.152Hz  corr=-339.54W  u_ff=107.0W  PCAP→78W  power=77.3W
[PID] perf=26.738Hz  target=10.581Hz  err=-16.158Hz  corr=-339.64W  u_ff=107.0W  PCAP→78W  power=78.3W
[PID] perf=26.724Hz  target=10.581Hz  err=-16.143Hz  corr=-339.36W  u_ff=107.0W  PCAP→78W  power=78.3W
[PID] perf=26.742Hz  target=10.581Hz  err=-16.161Hz  corr=-339.70W  u_ff=107.0W  PCAP→78W  power=77.1W
[PID] perf=26.692Hz  target=10.581Hz  err=-16.111Hz  corr=-338.77W  u_ff=107.0W  PCAP→78W  power=78.7W
[PID] perf=26.703Hz  target=10.581Hz  err=-16.122Hz  corr=-338.99W  u_ff=107.0W  PCAP→78W  power=78.1W
[PID] perf=26.716Hz  target=10.581Hz  err=-16.135Hz  corr=-339.21W  u_ff=107.0W  PCAP→78W  power=76.5W
[PID] perf=26.705Hz  target=10.581Hz  err=-16.124Hz  corr=-339.01W  u_ff=107.0W  PCAP→78W  power=77.7W
[PID] perf=26.711Hz  target=10.581Hz  err=-16.130Hz  corr=-339.12W  u_ff=107.0W  PCAP→78W  power=78.6W
[PID] perf=26.710Hz  target=10.581Hz  err=-16.129Hz  corr=-339.11W  u_ff=107.0W  PCAP→78W  power=77.8W
[PID] perf=26.722Hz  target=10.581Hz  err=-16.141Hz  corr=-339.33W  u_ff=107.0W  PCAP→78W  power=79.4W
[PID] perf=26.735Hz  target=10.581Hz  err=-16.154Hz  corr=-339.57W  u_ff=107.0W  PCAP→78W  power=77.2W
[PID] perf=26.747Hz  target=10.581Hz  err=-16.166Hz  corr=-339.80W  u_ff=107.0W  PCAP→78W  power=77.4W
[PID] perf=26.725Hz  target=10.581Hz  err=-16.145Hz  corr=-339.40W  u_ff=107.0W  PCAP→78W  power=78.2W
[PID] perf=26.751Hz  target=10.581Hz  err=-16.170Hz  corr=-339.86W  u_ff=107.0W  PCAP→78W  power=77.1W
[PID] perf=27.614Hz  target=10.581Hz  err=-17.033Hz  corr=-355.87W  u_ff=107.0W  PCAP→78W  power=79.2W
[PID] perf=27.704Hz  target=10.581Hz  err=-17.123Hz  corr=-357.54W  u_ff=107.0W  PCAP→78W  power=78.0W
[PID] perf=27.708Hz  target=10.581Hz  err=-17.127Hz  corr=-357.62W  u_ff=107.0W  PCAP→78W  power=76.5W
[PID] perf=27.749Hz  target=10.581Hz  err=-17.168Hz  corr=-358.38W  u_ff=107.0W  PCAP→78W  power=76.9W
[PID] perf=27.765Hz  target=10.581Hz  err=-17.184Hz  corr=-358.68W  u_ff=107.0W  PCAP→78W  power=78.9W
[PID] perf=27.755Hz  target=10.581Hz  err=-17.174Hz  corr=-358.49W  u_ff=107.0W  PCAP→78W  power=78.8W
[PID] perf=27.767Hz  target=10.581Hz  err=-17.186Hz  corr=-358.71W  u_ff=107.0W  PCAP→78W  power=78.0W
[PID] perf=27.777Hz  target=10.581Hz  err=-17.196Hz  corr=-358.89W  u_ff=107.0W  PCAP→78W  power=77.1W
[PID] perf=27.752Hz  target=10.581Hz  err=-17.171Hz  corr=-358.43W  u_ff=107.0W  PCAP→78W  power=78.5W
[PID] perf=27.760Hz  target=10.581Hz  err=-17.179Hz  corr=-358.58W  u_ff=107.0W  PCAP→78W  power=77.7W
[PID] perf=27.777Hz  target=10.581Hz  err=-17.196Hz  corr=-358.90W  u_ff=107.0W  PCAP→78W  power=78.5W
[PID] perf=27.712Hz  target=10.581Hz  err=-17.131Hz  corr=-357.69W  u_ff=107.0W  PCAP→78W  power=77.8W
[PID] perf=27.723Hz  target=10.581Hz  err=-17.142Hz  corr=-357.89W  u_ff=107.0W  PCAP→78W  power=77.6W
[PID] perf=27.776Hz  target=10.581Hz  err=-17.195Hz  corr=-358.88W  u_ff=107.0W  PCAP→78W  power=77.0W
[PID] perf=27.794Hz  target=10.581Hz  err=-17.213Hz  corr=-359.20W  u_ff=107.0W  PCAP→78W  power=76.3W
[PID] perf=27.783Hz  target=10.581Hz  err=-17.202Hz  corr=-359.01W  u_ff=107.0W  PCAP→78W  power=77.0W
[PID] perf=27.782Hz  target=10.581Hz  err=-17.201Hz  corr=-358.99W  u_ff=107.0W  PCAP→78W  power=78.1W
[PID] perf=27.745Hz  target=10.581Hz  err=-17.164Hz  corr=-358.30W  u_ff=107.0W  PCAP→78W  power=78.8W
[PID] perf=27.817Hz  target=10.581Hz  err=-17.237Hz  corr=-359.65W  u_ff=107.0W  PCAP→78W  power=78.5W
[PID] perf=27.746Hz  target=10.581Hz  err=-17.165Hz  corr=-358.32W  u_ff=107.0W  PCAP→78W  power=79.2W
[PID] perf=27.768Hz  target=10.581Hz  err=-17.187Hz  corr=-358.73W  u_ff=107.0W  PCAP→78W  power=77.7W
[PID] perf=27.794Hz  target=10.581Hz  err=-17.213Hz  corr=-359.21W  u_ff=107.0W  PCAP→78W  power=79.1W
[PID] perf=27.789Hz  target=10.581Hz  err=-17.208Hz  corr=-359.12W  u_ff=107.0W  PCAP→78W  power=77.4W
[PID] perf=27.737Hz  target=10.581Hz  err=-17.156Hz  corr=-358.15W  u_ff=107.0W  PCAP→78W  power=76.2W
[PID] perf=27.766Hz  target=10.581Hz  err=-17.185Hz  corr=-358.69W  u_ff=107.0W  PCAP→78W  power=76.5W
[PID] perf=27.799Hz  target=10.581Hz  err=-17.218Hz  corr=-359.30W  u_ff=107.0W  PCAP→78W  power=77.9W
[PID] perf=27.543Hz  target=10.581Hz  err=-16.962Hz  corr=-354.55W  u_ff=107.0W  PCAP→78W  power=76.8W
[PID] perf=27.586Hz  target=10.581Hz  err=-17.006Hz  corr=-355.36W  u_ff=107.0W  PCAP→78W  power=78.2W
[PID] perf=27.571Hz  target=10.581Hz  err=-16.990Hz  corr=-355.08W  u_ff=107.0W  PCAP→78W  power=78.9W
[PID] perf=27.582Hz  target=10.581Hz  err=-17.002Hz  corr=-355.29W  u_ff=107.0W  PCAP→78W  power=79.0W
[PID] perf=27.589Hz  target=10.581Hz  err=-17.008Hz  corr=-355.41W  u_ff=107.0W  PCAP→78W  power=77.2W
[PID] perf=27.578Hz  target=10.581Hz  err=-16.997Hz  corr=-355.21W  u_ff=107.0W  PCAP→78W  power=77.1W
[PID] perf=27.578Hz  target=10.581Hz  err=-16.997Hz  corr=-355.20W  u_ff=107.0W  PCAP→78W  power=76.3W
[PID] perf=27.568Hz  target=10.581Hz  err=-16.987Hz  corr=-355.02W  u_ff=107.0W  PCAP→78W  power=77.5W
[PID] perf=27.565Hz  target=10.581Hz  err=-16.984Hz  corr=-354.96W  u_ff=107.0W  PCAP→78W  power=77.6W
[PID] perf=27.575Hz  target=10.581Hz  err=-16.994Hz  corr=-355.14W  u_ff=107.0W  PCAP→78W  power=79.0W
[PID] perf=27.558Hz  target=10.581Hz  err=-16.977Hz  corr=-354.83W  u_ff=107.0W  PCAP→78W  power=78.7W
[PID] perf=27.588Hz  target=10.581Hz  err=-17.007Hz  corr=-355.39W  u_ff=107.0W  PCAP→78W  power=78.5W
[PID] perf=27.581Hz  target=10.581Hz  err=-17.001Hz  corr=-355.27W  u_ff=107.0W  PCAP→78W  power=78.7W
[PID] perf=27.576Hz  target=10.581Hz  err=-16.995Hz  corr=-355.16W  u_ff=107.0W  PCAP→78W  power=77.8W
[PID] perf=27.578Hz  target=10.581Hz  err=-16.997Hz  corr=-355.21W  u_ff=107.0W  PCAP→78W  power=77.0W
[PID] perf=27.608Hz  target=10.581Hz  err=-17.027Hz  corr=-355.75W  u_ff=107.0W  PCAP→78W  power=76.6W
[PID] perf=27.595Hz  target=10.581Hz  err=-17.015Hz  corr=-355.53W  u_ff=107.0W  PCAP→78W  power=79.0W
[PID] perf=27.601Hz  target=10.581Hz  err=-17.020Hz  corr=-355.64W  u_ff=107.0W  PCAP→78W  power=78.4W
[PID] perf=27.582Hz  target=10.581Hz  err=-17.001Hz  corr=-355.28W  u_ff=107.0W  PCAP→78W  power=78.6W
[PID] perf=27.598Hz  target=10.581Hz  err=-17.017Hz  corr=-355.57W  u_ff=107.0W  PCAP→78W  power=77.7W
[PID] perf=27.603Hz  target=10.581Hz  err=-17.022Hz  corr=-355.66W  u_ff=107.0W  PCAP→78W  power=77.1W
[PID] perf=26.328Hz  target=10.581Hz  err=-15.747Hz  corr=-332.02W  u_ff=107.0W  PCAP→78W  power=78.1W
[PID] perf=27.409Hz  target=10.581Hz  err=-16.828Hz  corr=-352.07W  u_ff=107.0W  PCAP→78W  power=78.1W
[PID] perf=27.542Hz  target=10.581Hz  err=-16.961Hz  corr=-354.54W  u_ff=107.0W  PCAP→78W  power=79.2W
[PID] perf=27.519Hz  target=10.581Hz  err=-16.938Hz  corr=-354.10W  u_ff=107.0W  PCAP→78W  power=79.4W
[PID] perf=27.537Hz  target=10.581Hz  err=-16.956Hz  corr=-354.44W  u_ff=107.0W  PCAP→78W  power=77.2W
[PID] perf=27.505Hz  target=10.581Hz  err=-16.924Hz  corr=-353.85W  u_ff=107.0W  PCAP→78W  power=78.2W
[PID] perf=27.535Hz  target=10.581Hz  err=-16.954Hz  corr=-354.40W  u_ff=107.0W  PCAP→78W  power=78.3W
[PID] perf=27.513Hz  target=10.581Hz  err=-16.932Hz  corr=-354.00W  u_ff=107.0W  PCAP→78W  power=77.4W
[PID] perf=27.534Hz  target=10.581Hz  err=-16.953Hz  corr=-354.39W  u_ff=107.0W  PCAP→78W  power=77.0W
[PID] perf=27.506Hz  target=10.581Hz  err=-16.925Hz  corr=-353.87W  u_ff=107.0W  PCAP→78W  power=79.1W
[PID] perf=27.508Hz  target=10.581Hz  err=-16.928Hz  corr=-353.92W  u_ff=107.0W  PCAP→78W  power=76.2W
[PID] perf=27.498Hz  target=10.581Hz  err=-16.917Hz  corr=-353.72W  u_ff=107.0W  PCAP→78W  power=77.3W
[PID] perf=27.497Hz  target=10.581Hz  err=-16.916Hz  corr=-353.70W  u_ff=107.0W  PCAP→78W  power=76.9W
[PID] perf=27.553Hz  target=10.581Hz  err=-16.972Hz  corr=-354.74W  u_ff=107.0W  PCAP→78W  power=77.3W
[PID] perf=27.526Hz  target=10.581Hz  err=-16.945Hz  corr=-354.24W  u_ff=107.0W  PCAP→78W  power=79.2W
[PID] perf=27.552Hz  target=10.581Hz  err=-16.971Hz  corr=-354.72W  u_ff=107.0W  PCAP→78W  power=78.9W
[PID] perf=27.548Hz  target=10.581Hz  err=-16.967Hz  corr=-354.65W  u_ff=107.0W  PCAP→78W  power=77.6W
[PID] perf=27.538Hz  target=10.581Hz  err=-16.958Hz  corr=-354.47W  u_ff=107.0W  PCAP→78W  power=79.3W
[PID] perf=27.496Hz  target=10.581Hz  err=-16.915Hz  corr=-353.69W  u_ff=107.0W  PCAP→78W  power=79.1W
[PID] perf=27.523Hz  target=10.581Hz  err=-16.942Hz  corr=-354.19W  u_ff=107.0W  PCAP→78W  power=79.3W
[PID] perf=27.497Hz  target=10.581Hz  err=-16.916Hz  corr=-353.70W  u_ff=107.0W  PCAP→78W  power=79.3W
[PID] perf=27.512Hz  target=10.581Hz  err=-16.931Hz  corr=-353.98W  u_ff=107.0W  PCAP→78W  power=77.4W
[PID] perf=27.489Hz  target=10.581Hz  err=-16.908Hz  corr=-353.55W  u_ff=107.0W  PCAP→78W  power=77.2W
[PID] perf=27.469Hz  target=10.581Hz  err=-16.888Hz  corr=-353.19W  u_ff=107.0W  PCAP→78W  power=77.3W
[PID] perf=27.507Hz  target=10.581Hz  err=-16.927Hz  corr=-353.90W  u_ff=107.0W  PCAP→78W  power=77.7W
[PID] perf=27.508Hz  target=10.581Hz  err=-16.927Hz  corr=-353.91W  u_ff=107.0W  PCAP→78W  power=79.2W
[PID] perf=27.491Hz  target=10.581Hz  err=-16.910Hz  corr=-353.59W  u_ff=107.0W  PCAP→78W  power=79.6W
[PID] perf=27.495Hz  target=10.581Hz  err=-16.915Hz  corr=-353.67W  u_ff=107.0W  PCAP→78W  power=77.7W
[PID] perf=26.841Hz  target=10.581Hz  err=-16.260Hz  corr=-341.54W  u_ff=107.0W  PCAP→78W  power=77.5W
[PID] perf=26.890Hz  target=10.581Hz  err=-16.309Hz  corr=-342.45W  u_ff=107.0W  PCAP→78W  power=77.3W
[PID] perf=26.916Hz  target=10.581Hz  err=-16.335Hz  corr=-342.94W  u_ff=107.0W  PCAP→78W  power=78.1W
[PID] perf=26.945Hz  target=10.581Hz  err=-16.364Hz  corr=-343.47W  u_ff=107.0W  PCAP→78W  power=79.0W
[PID] perf=26.954Hz  target=10.581Hz  err=-16.373Hz  corr=-343.64W  u_ff=107.0W  PCAP→78W  power=77.8W
[PID] perf=26.949Hz  target=10.581Hz  err=-16.368Hz  corr=-343.54W  u_ff=107.0W  PCAP→78W  power=77.6W
[PID] perf=26.956Hz  target=10.581Hz  err=-16.375Hz  corr=-343.66W  u_ff=107.0W  PCAP→78W  power=77.9W
[PID] perf=26.975Hz  target=10.581Hz  err=-16.394Hz  corr=-344.03W  u_ff=107.0W  PCAP→78W  power=78.0W
[PID] perf=26.975Hz  target=10.581Hz  err=-16.394Hz  corr=-344.03W  u_ff=107.0W  PCAP→78W  power=79.1W
[PID] perf=26.956Hz  target=10.581Hz  err=-16.375Hz  corr=-343.66W  u_ff=107.0W  PCAP→78W  power=79.2W
[PID] perf=26.953Hz  target=10.581Hz  err=-16.372Hz  corr=-343.61W  u_ff=107.0W  PCAP→78W  power=78.6W
[PID] perf=26.970Hz  target=10.581Hz  err=-16.390Hz  corr=-343.94W  u_ff=107.0W  PCAP→78W  power=76.8W
[PID] perf=26.926Hz  target=10.581Hz  err=-16.345Hz  corr=-343.11W  u_ff=107.0W  PCAP→78W  power=76.7W
[PID] perf=26.952Hz  target=10.581Hz  err=-16.371Hz  corr=-343.60W  u_ff=107.0W  PCAP→78W  power=78.1W
[PID] perf=26.946Hz  target=10.581Hz  err=-16.365Hz  corr=-343.49W  u_ff=107.0W  PCAP→78W  power=78.6W
[PID] perf=27.451Hz  target=10.581Hz  err=-16.870Hz  corr=-352.85W  u_ff=107.0W  PCAP→78W  power=79.0W
[PID] perf=27.533Hz  target=10.581Hz  err=-16.952Hz  corr=-354.37W  u_ff=107.0W  PCAP→78W  power=78.8W
[PID] perf=27.525Hz  target=10.581Hz  err=-16.944Hz  corr=-354.21W  u_ff=107.0W  PCAP→78W  power=77.7W
[PID] perf=27.511Hz  target=10.581Hz  err=-16.930Hz  corr=-353.96W  u_ff=107.0W  PCAP→78W  power=77.9W
[PID] perf=27.553Hz  target=10.581Hz  err=-16.972Hz  corr=-354.74W  u_ff=107.0W  PCAP→78W  power=77.2W
[PID] perf=27.566Hz  target=10.581Hz  err=-16.985Hz  corr=-354.99W  u_ff=107.0W  PCAP→78W  power=77.8W
[PID] perf=27.558Hz  target=10.581Hz  err=-16.977Hz  corr=-354.84W  u_ff=107.0W  PCAP→78W  power=77.2W
[PID] perf=27.548Hz  target=10.581Hz  err=-16.967Hz  corr=-354.66W  u_ff=107.0W  PCAP→78W  power=76.4W
[PID] perf=27.532Hz  target=10.581Hz  err=-16.951Hz  corr=-354.35W  u_ff=107.0W  PCAP→78W  power=78.2W
[PID] perf=27.524Hz  target=10.581Hz  err=-16.943Hz  corr=-354.20W  u_ff=107.0W  PCAP→78W  power=78.6W
[PID] perf=27.558Hz  target=10.581Hz  err=-16.978Hz  corr=-354.84W  u_ff=107.0W  PCAP→78W  power=79.3W
[PID] perf=27.595Hz  target=10.581Hz  err=-17.014Hz  corr=-355.52W  u_ff=107.0W  PCAP→78W  power=78.7W
[PID] perf=27.588Hz  target=10.581Hz  err=-17.007Hz  corr=-355.40W  u_ff=107.0W  PCAP→78W  power=77.5W
[PID] perf=27.576Hz  target=10.581Hz  err=-16.995Hz  corr=-355.17W  u_ff=107.0W  PCAP→78W  power=77.0W
[PID] perf=27.539Hz  target=10.581Hz  err=-16.958Hz  corr=-354.48W  u_ff=107.0W  PCAP→78W  power=78.5W
[PID] perf=27.531Hz  target=10.581Hz  err=-16.950Hz  corr=-354.34W  u_ff=107.0W  PCAP→78W  power=77.7W
[PID] perf=27.535Hz  target=10.581Hz  err=-16.954Hz  corr=-354.40W  u_ff=107.0W  PCAP→78W  power=77.8W
[PID] perf=27.531Hz  target=10.581Hz  err=-16.951Hz  corr=-354.34W  u_ff=107.0W  PCAP→78W  power=77.4W
[PID] perf=27.508Hz  target=10.581Hz  err=-16.927Hz  corr=-353.90W  u_ff=107.0W  PCAP→78W  power=77.2W
[PID] perf=27.533Hz  target=10.581Hz  err=-16.952Hz  corr=-354.38W  u_ff=107.0W  PCAP→78W  power=78.3W
[PID] perf=27.541Hz  target=10.581Hz  err=-16.960Hz  corr=-354.52W  u_ff=107.0W  PCAP→78W  power=77.7W
[PID] perf=27.555Hz  target=10.581Hz  err=-16.974Hz  corr=-354.77W  u_ff=107.0W  PCAP→78W  power=78.8W
[PID] perf=27.552Hz  target=10.581Hz  err=-16.971Hz  corr=-354.72W  u_ff=107.0W  PCAP→78W  power=79.5W
[PID] perf=27.607Hz  target=10.581Hz  err=-17.026Hz  corr=-355.75W  u_ff=107.0W  PCAP→78W  power=78.4W
[PID] perf=27.534Hz  target=10.581Hz  err=-16.953Hz  corr=-354.39W  u_ff=107.0W  PCAP→78W  power=77.9W
[PID] perf=27.514Hz  target=10.581Hz  err=-16.933Hz  corr=-354.02W  u_ff=107.0W  PCAP→78W  power=78.5W
[PID] perf=27.540Hz  target=10.581Hz  err=-16.959Hz  corr=-354.50W  u_ff=107.0W  PCAP→78W  power=76.2W
[PID] perf=27.499Hz  target=10.581Hz  err=-16.918Hz  corr=-353.75W  u_ff=107.0W  PCAP→78W  power=76.8W
[PID] perf=27.480Hz  target=10.581Hz  err=-16.899Hz  corr=-353.39W  u_ff=107.0W  PCAP→78W  power=77.2W
[PID] perf=27.528Hz  target=10.581Hz  err=-16.947Hz  corr=-354.27W  u_ff=107.0W  PCAP→78W  power=79.4W
[PID] perf=27.535Hz  target=10.581Hz  err=-16.954Hz  corr=-354.40W  u_ff=107.0W  PCAP→78W  power=77.2W
[PID] perf=27.488Hz  target=10.581Hz  err=-16.907Hz  corr=-353.53W  u_ff=107.0W  PCAP→78W  power=78.8W
[PID] perf=27.484Hz  target=10.581Hz  err=-16.903Hz  corr=-353.46W  u_ff=107.0W  PCAP→78W  power=78.4W
[PID] perf=27.529Hz  target=10.581Hz  err=-16.948Hz  corr=-354.30W  u_ff=107.0W  PCAP→78W  power=77.3W
[PID] perf=27.543Hz  target=10.581Hz  err=-16.962Hz  corr=-354.55W  u_ff=107.0W  PCAP→78W  power=76.5W
[PID] perf=27.556Hz  target=10.581Hz  err=-16.975Hz  corr=-354.79W  u_ff=107.0W  PCAP→78W  power=77.6W
[PID] perf=27.564Hz  target=10.581Hz  err=-16.983Hz  corr=-354.95W  u_ff=107.0W  PCAP→78W  power=77.2W
[PID] perf=27.566Hz  target=10.581Hz  err=-16.985Hz  corr=-354.98W  u_ff=107.0W  PCAP→78W  power=78.4W
[PID] perf=27.566Hz  target=10.581Hz  err=-16.985Hz  corr=-354.98W  u_ff=107.0W  PCAP→78W  power=79.2W
[PID] perf=27.550Hz  target=10.581Hz  err=-16.969Hz  corr=-354.69W  u_ff=107.0W  PCAP→78W  power=77.4W
[PID] perf=27.568Hz  target=10.581Hz  err=-16.988Hz  corr=-355.03W  u_ff=107.0W  PCAP→78W  power=77.8W
[PID] perf=27.574Hz  target=10.581Hz  err=-16.993Hz  corr=-355.12W  u_ff=107.0W  PCAP→78W  power=77.7W
[PID] perf=27.555Hz  target=10.581Hz  err=-16.974Hz  corr=-354.78W  u_ff=107.0W  PCAP→78W  power=77.1W
[PID] perf=27.566Hz  target=10.581Hz  err=-16.985Hz  corr=-354.98W  u_ff=107.0W  PCAP→78W  power=78.5W
[PID] perf=27.527Hz  target=10.581Hz  err=-16.946Hz  corr=-354.26W  u_ff=107.0W  PCAP→78W  power=79.0W
[PID] perf=27.512Hz  target=10.581Hz  err=-16.931Hz  corr=-353.97W  u_ff=107.0W  PCAP→78W  power=77.9W
[PID] perf=27.513Hz  target=10.581Hz  err=-16.932Hz  corr=-354.00W  u_ff=107.0W  PCAP→78W  power=79.2W
[PID] perf=27.505Hz  target=10.581Hz  err=-16.924Hz  corr=-353.85W  u_ff=107.0W  PCAP→78W  power=78.4W
Process completed.
Compressed into /home/cc/summer2024/main_codes/pid_controller/../experiment_data/PID_Control_sweep/ones-npb-cg/compressed_iteration_20260513_111909.tar
----------------------------------

>>> Step 2/3

[ones-npb-cg]
  target perf      : 10.5809 Hz
  coefficients_perf: [-0.0006547837485238978, 0.18607436314256556, -1.8317688501798497]
  feedforward PCAP : 106.99 W  →  107 W (snapped)
  Perf(u_ff) check : 10.5809 Hz  (should ≈ target)
  PID gains        : Kp=18.5447 W/Hz  Ki=1.85447 W/(Hz·s)  Kd=0.0000
[PID] Awaiting data — feedforward PCAP=107W
[PID] Awaiting data — feedforward PCAP=107W
[PID] Awaiting data — feedforward PCAP=107W
[PID] Awaiting data — feedforward PCAP=107W
[PID] Awaiting data — feedforward PCAP=107W
[PID] Awaiting data — feedforward PCAP=107W
[PID] perf=20.202Hz  target=10.581Hz  err=-9.621Hz  corr=-214.10W  u_ff=107.0W  PCAP→78W  power=nanW
[PID] perf=18.128Hz  target=10.581Hz  err=-7.547Hz  corr=-179.95W  u_ff=107.0W  PCAP→78W  power=77.8W
[PID] perf=18.162Hz  target=10.581Hz  err=-7.581Hz  corr=-180.59W  u_ff=107.0W  PCAP→78W  power=77.7W
[PID] perf=21.555Hz  target=10.581Hz  err=-10.974Hz  corr=-243.52W  u_ff=107.0W  PCAP→78W  power=76.6W
[PID] perf=28.391Hz  target=10.581Hz  err=-17.810Hz  corr=-370.28W  u_ff=107.0W  PCAP→78W  power=79.2W
[PID] perf=29.343Hz  target=10.581Hz  err=-18.762Hz  corr=-387.93W  u_ff=107.0W  PCAP→78W  power=77.5W
[PID] perf=29.354Hz  target=10.581Hz  err=-18.773Hz  corr=-388.15W  u_ff=107.0W  PCAP→78W  power=78.6W
[PID] perf=29.374Hz  target=10.581Hz  err=-18.793Hz  corr=-388.50W  u_ff=107.0W  PCAP→78W  power=79.3W
[PID] perf=29.364Hz  target=10.581Hz  err=-18.783Hz  corr=-388.32W  u_ff=107.0W  PCAP→78W  power=77.2W
[PID] perf=29.355Hz  target=10.581Hz  err=-18.774Hz  corr=-388.15W  u_ff=107.0W  PCAP→78W  power=77.5W
[PID] perf=29.357Hz  target=10.581Hz  err=-18.776Hz  corr=-388.20W  u_ff=107.0W  PCAP→78W  power=77.4W
[PID] perf=29.339Hz  target=10.581Hz  err=-18.758Hz  corr=-387.86W  u_ff=107.0W  PCAP→78W  power=77.6W
[PID] perf=29.346Hz  target=10.581Hz  err=-18.765Hz  corr=-388.00W  u_ff=107.0W  PCAP→78W  power=77.6W
[PID] perf=29.339Hz  target=10.581Hz  err=-18.758Hz  corr=-387.86W  u_ff=107.0W  PCAP→78W  power=77.5W
[PID] perf=29.393Hz  target=10.581Hz  err=-18.812Hz  corr=-388.86W  u_ff=107.0W  PCAP→78W  power=77.4W
[PID] perf=29.320Hz  target=10.581Hz  err=-18.739Hz  corr=-387.52W  u_ff=107.0W  PCAP→78W  power=78.9W
[PID] perf=29.371Hz  target=10.581Hz  err=-18.790Hz  corr=-388.46W  u_ff=107.0W  PCAP→78W  power=78.3W
[PID] perf=29.367Hz  target=10.581Hz  err=-18.786Hz  corr=-388.37W  u_ff=107.0W  PCAP→78W  power=76.2W
[PID] perf=29.351Hz  target=10.581Hz  err=-18.770Hz  corr=-388.08W  u_ff=107.0W  PCAP→78W  power=78.5W
[PID] perf=29.339Hz  target=10.581Hz  err=-18.758Hz  corr=-387.86W  u_ff=107.0W  PCAP→78W  power=79.6W
[PID] perf=29.363Hz  target=10.581Hz  err=-18.782Hz  corr=-388.30W  u_ff=107.0W  PCAP→78W  power=77.1W
[PID] perf=29.288Hz  target=10.581Hz  err=-18.707Hz  corr=-386.91W  u_ff=107.0W  PCAP→78W  power=76.9W
[PID] perf=29.348Hz  target=10.581Hz  err=-18.768Hz  corr=-388.04W  u_ff=107.0W  PCAP→78W  power=78.6W
[PID] perf=29.346Hz  target=10.581Hz  err=-18.765Hz  corr=-387.99W  u_ff=107.0W  PCAP→78W  power=78.5W
[PID] perf=29.374Hz  target=10.581Hz  err=-18.793Hz  corr=-388.51W  u_ff=107.0W  PCAP→78W  power=76.7W
[PID] perf=29.370Hz  target=10.581Hz  err=-18.789Hz  corr=-388.44W  u_ff=107.0W  PCAP→78W  power=77.7W
[PID] perf=29.354Hz  target=10.581Hz  err=-18.773Hz  corr=-388.14W  u_ff=107.0W  PCAP→78W  power=78.3W
[PID] perf=29.332Hz  target=10.581Hz  err=-18.751Hz  corr=-387.74W  u_ff=107.0W  PCAP→78W  power=77.8W
[PID] perf=29.346Hz  target=10.581Hz  err=-18.765Hz  corr=-388.00W  u_ff=107.0W  PCAP→78W  power=77.3W
[PID] perf=29.397Hz  target=10.581Hz  err=-18.816Hz  corr=-388.94W  u_ff=107.0W  PCAP→78W  power=78.3W
[PID] perf=29.368Hz  target=10.581Hz  err=-18.787Hz  corr=-388.41W  u_ff=107.0W  PCAP→78W  power=78.3W
[PID] perf=29.373Hz  target=10.581Hz  err=-18.792Hz  corr=-388.49W  u_ff=107.0W  PCAP→78W  power=76.9W
[PID] perf=29.358Hz  target=10.581Hz  err=-18.778Hz  corr=-388.22W  u_ff=107.0W  PCAP→78W  power=76.0W
[PID] perf=29.361Hz  target=10.581Hz  err=-18.780Hz  corr=-388.27W  u_ff=107.0W  PCAP→78W  power=78.6W
[PID] perf=29.331Hz  target=10.581Hz  err=-18.750Hz  corr=-387.72W  u_ff=107.0W  PCAP→78W  power=76.7W
[PID] perf=29.341Hz  target=10.581Hz  err=-18.760Hz  corr=-387.90W  u_ff=107.0W  PCAP→78W  power=77.7W
[PID] perf=29.322Hz  target=10.581Hz  err=-18.742Hz  corr=-387.56W  u_ff=107.0W  PCAP→78W  power=79.0W
[PID] perf=29.331Hz  target=10.581Hz  err=-18.750Hz  corr=-387.72W  u_ff=107.0W  PCAP→78W  power=78.7W
[PID] perf=29.353Hz  target=10.581Hz  err=-18.772Hz  corr=-388.12W  u_ff=107.0W  PCAP→78W  power=76.7W
[PID] perf=29.353Hz  target=10.581Hz  err=-18.772Hz  corr=-388.12W  u_ff=107.0W  PCAP→78W  power=78.1W
[PID] perf=29.279Hz  target=10.581Hz  err=-18.698Hz  corr=-386.75W  u_ff=107.0W  PCAP→78W  power=78.8W
[PID] perf=29.338Hz  target=10.581Hz  err=-18.757Hz  corr=-387.85W  u_ff=107.0W  PCAP→78W  power=78.1W
[PID] perf=29.339Hz  target=10.581Hz  err=-18.758Hz  corr=-387.86W  u_ff=107.0W  PCAP→78W  power=77.1W
[PID] perf=29.346Hz  target=10.581Hz  err=-18.766Hz  corr=-388.00W  u_ff=107.0W  PCAP→78W  power=77.6W
[PID] perf=29.328Hz  target=10.581Hz  err=-18.747Hz  corr=-387.66W  u_ff=107.0W  PCAP→78W  power=79.3W
[PID] perf=29.352Hz  target=10.581Hz  err=-18.771Hz  corr=-388.11W  u_ff=107.0W  PCAP→78W  power=78.0W
[PID] perf=29.356Hz  target=10.581Hz  err=-18.775Hz  corr=-388.18W  u_ff=107.0W  PCAP→78W  power=77.9W
[PID] perf=29.332Hz  target=10.581Hz  err=-18.751Hz  corr=-387.73W  u_ff=107.0W  PCAP→78W  power=79.0W
[PID] perf=29.351Hz  target=10.581Hz  err=-18.770Hz  corr=-388.08W  u_ff=107.0W  PCAP→78W  power=79.2W
[PID] perf=29.360Hz  target=10.581Hz  err=-18.779Hz  corr=-388.25W  u_ff=107.0W  PCAP→78W  power=77.0W
[PID] perf=29.357Hz  target=10.581Hz  err=-18.776Hz  corr=-388.20W  u_ff=107.0W  PCAP→78W  power=79.5W
[PID] perf=29.335Hz  target=10.581Hz  err=-18.754Hz  corr=-387.79W  u_ff=107.0W  PCAP→78W  power=76.1W
[PID] perf=29.352Hz  target=10.581Hz  err=-18.771Hz  corr=-388.10W  u_ff=107.0W  PCAP→78W  power=78.7W
[PID] perf=29.329Hz  target=10.581Hz  err=-18.748Hz  corr=-387.67W  u_ff=107.0W  PCAP→78W  power=79.1W
[PID] perf=29.337Hz  target=10.581Hz  err=-18.756Hz  corr=-387.83W  u_ff=107.0W  PCAP→78W  power=78.3W
[PID] perf=29.377Hz  target=10.581Hz  err=-18.796Hz  corr=-388.57W  u_ff=107.0W  PCAP→78W  power=78.1W
[PID] perf=29.342Hz  target=10.581Hz  err=-18.761Hz  corr=-387.92W  u_ff=107.0W  PCAP→78W  power=78.7W
[PID] perf=29.355Hz  target=10.581Hz  err=-18.774Hz  corr=-388.16W  u_ff=107.0W  PCAP→78W  power=78.3W
[PID] perf=29.344Hz  target=10.581Hz  err=-18.763Hz  corr=-387.96W  u_ff=107.0W  PCAP→78W  power=79.5W
[PID] perf=29.371Hz  target=10.581Hz  err=-18.790Hz  corr=-388.45W  u_ff=107.0W  PCAP→78W  power=77.3W
[PID] perf=29.360Hz  target=10.581Hz  err=-18.780Hz  corr=-388.26W  u_ff=107.0W  PCAP→78W  power=76.4W
[PID] perf=29.365Hz  target=10.581Hz  err=-18.785Hz  corr=-388.35W  u_ff=107.0W  PCAP→78W  power=78.6W
[PID] perf=29.352Hz  target=10.581Hz  err=-18.771Hz  corr=-388.10W  u_ff=107.0W  PCAP→78W  power=79.1W
[PID] perf=29.359Hz  target=10.581Hz  err=-18.778Hz  corr=-388.23W  u_ff=107.0W  PCAP→78W  power=78.9W
[PID] perf=29.365Hz  target=10.581Hz  err=-18.784Hz  corr=-388.35W  u_ff=107.0W  PCAP→78W  power=76.4W
[PID] perf=29.369Hz  target=10.581Hz  err=-18.788Hz  corr=-388.42W  u_ff=107.0W  PCAP→78W  power=78.3W
[PID] perf=29.352Hz  target=10.581Hz  err=-18.772Hz  corr=-388.11W  u_ff=107.0W  PCAP→78W  power=78.8W
[PID] perf=29.390Hz  target=10.581Hz  err=-18.809Hz  corr=-388.81W  u_ff=107.0W  PCAP→78W  power=78.4W
[PID] perf=29.381Hz  target=10.581Hz  err=-18.800Hz  corr=-388.64W  u_ff=107.0W  PCAP→78W  power=78.2W
[PID] perf=29.358Hz  target=10.581Hz  err=-18.777Hz  corr=-388.21W  u_ff=107.0W  PCAP→78W  power=77.0W
[PID] perf=29.390Hz  target=10.581Hz  err=-18.809Hz  corr=-388.81W  u_ff=107.0W  PCAP→78W  power=78.5W
[PID] perf=29.343Hz  target=10.581Hz  err=-18.762Hz  corr=-387.93W  u_ff=107.0W  PCAP→78W  power=77.7W
[PID] perf=29.357Hz  target=10.581Hz  err=-18.776Hz  corr=-388.20W  u_ff=107.0W  PCAP→78W  power=78.3W
[PID] perf=29.322Hz  target=10.581Hz  err=-18.741Hz  corr=-387.54W  u_ff=107.0W  PCAP→78W  power=77.7W
[PID] perf=29.325Hz  target=10.581Hz  err=-18.744Hz  corr=-387.60W  u_ff=107.0W  PCAP→78W  power=78.8W
[PID] perf=29.328Hz  target=10.581Hz  err=-18.747Hz  corr=-387.66W  u_ff=107.0W  PCAP→78W  power=77.5W
[PID] perf=29.331Hz  target=10.581Hz  err=-18.750Hz  corr=-387.72W  u_ff=107.0W  PCAP→78W  power=78.1W
[PID] perf=29.328Hz  target=10.581Hz  err=-18.747Hz  corr=-387.65W  u_ff=107.0W  PCAP→78W  power=76.4W
[PID] perf=29.322Hz  target=10.581Hz  err=-18.741Hz  corr=-387.55W  u_ff=107.0W  PCAP→78W  power=77.6W
[PID] perf=29.332Hz  target=10.581Hz  err=-18.751Hz  corr=-387.73W  u_ff=107.0W  PCAP→78W  power=79.1W
[PID] perf=29.360Hz  target=10.581Hz  err=-18.779Hz  corr=-388.26W  u_ff=107.0W  PCAP→78W  power=78.1W
[PID] perf=29.318Hz  target=10.581Hz  err=-18.737Hz  corr=-387.47W  u_ff=107.0W  PCAP→78W  power=78.2W
[PID] perf=29.338Hz  target=10.581Hz  err=-18.757Hz  corr=-387.84W  u_ff=107.0W  PCAP→78W  power=79.4W
[PID] perf=29.297Hz  target=10.581Hz  err=-18.716Hz  corr=-387.08W  u_ff=107.0W  PCAP→78W  power=78.4W
[PID] perf=29.314Hz  target=10.581Hz  err=-18.733Hz  corr=-387.39W  u_ff=107.0W  PCAP→78W  power=77.8W
[PID] perf=29.310Hz  target=10.581Hz  err=-18.729Hz  corr=-387.33W  u_ff=107.0W  PCAP→78W  power=77.1W
[PID] perf=29.311Hz  target=10.581Hz  err=-18.730Hz  corr=-387.34W  u_ff=107.0W  PCAP→78W  power=78.7W
[PID] perf=29.315Hz  target=10.581Hz  err=-18.734Hz  corr=-387.41W  u_ff=107.0W  PCAP→78W  power=79.1W
[PID] perf=29.306Hz  target=10.581Hz  err=-18.725Hz  corr=-387.25W  u_ff=107.0W  PCAP→78W  power=77.2W
[PID] perf=29.343Hz  target=10.581Hz  err=-18.762Hz  corr=-387.93W  u_ff=107.0W  PCAP→78W  power=76.7W
[PID] perf=29.309Hz  target=10.581Hz  err=-18.728Hz  corr=-387.31W  u_ff=107.0W  PCAP→78W  power=78.5W
[PID] perf=29.314Hz  target=10.581Hz  err=-18.733Hz  corr=-387.39W  u_ff=107.0W  PCAP→78W  power=78.9W
[PID] perf=29.322Hz  target=10.581Hz  err=-18.741Hz  corr=-387.55W  u_ff=107.0W  PCAP→78W  power=77.1W
[PID] perf=29.300Hz  target=10.581Hz  err=-18.719Hz  corr=-387.14W  u_ff=107.0W  PCAP→78W  power=77.5W
[PID] perf=29.339Hz  target=10.581Hz  err=-18.758Hz  corr=-387.86W  u_ff=107.0W  PCAP→78W  power=76.4W
[PID] perf=29.339Hz  target=10.581Hz  err=-18.758Hz  corr=-387.87W  u_ff=107.0W  PCAP→78W  power=79.2W
[PID] perf=29.325Hz  target=10.581Hz  err=-18.744Hz  corr=-387.60W  u_ff=107.0W  PCAP→78W  power=77.2W
[PID] perf=29.312Hz  target=10.581Hz  err=-18.731Hz  corr=-387.37W  u_ff=107.0W  PCAP→78W  power=77.0W
[PID] perf=29.285Hz  target=10.581Hz  err=-18.704Hz  corr=-386.85W  u_ff=107.0W  PCAP→78W  power=76.6W
[PID] perf=29.315Hz  target=10.581Hz  err=-18.734Hz  corr=-387.42W  u_ff=107.0W  PCAP→78W  power=79.1W
[PID] perf=29.330Hz  target=10.581Hz  err=-18.749Hz  corr=-387.70W  u_ff=107.0W  PCAP→78W  power=77.7W
[PID] perf=29.325Hz  target=10.581Hz  err=-18.744Hz  corr=-387.60W  u_ff=107.0W  PCAP→78W  power=77.2W
[PID] perf=29.313Hz  target=10.581Hz  err=-18.732Hz  corr=-387.38W  u_ff=107.0W  PCAP→78W  power=77.1W
[PID] perf=29.312Hz  target=10.581Hz  err=-18.731Hz  corr=-387.35W  u_ff=107.0W  PCAP→78W  power=77.9W
[PID] perf=29.320Hz  target=10.581Hz  err=-18.739Hz  corr=-387.51W  u_ff=107.0W  PCAP→78W  power=78.7W
[PID] perf=29.292Hz  target=10.581Hz  err=-18.711Hz  corr=-386.99W  u_ff=107.0W  PCAP→78W  power=79.0W
[PID] perf=29.319Hz  target=10.581Hz  err=-18.738Hz  corr=-387.50W  u_ff=107.0W  PCAP→78W  power=76.8W
[PID] perf=29.309Hz  target=10.581Hz  err=-18.728Hz  corr=-387.30W  u_ff=107.0W  PCAP→78W  power=76.6W
[PID] perf=29.320Hz  target=10.581Hz  err=-18.739Hz  corr=-387.52W  u_ff=107.0W  PCAP→78W  power=78.3W
[PID] perf=29.339Hz  target=10.581Hz  err=-18.758Hz  corr=-387.86W  u_ff=107.0W  PCAP→78W  power=78.6W
[PID] perf=29.349Hz  target=10.581Hz  err=-18.768Hz  corr=-388.04W  u_ff=107.0W  PCAP→78W  power=77.1W
[PID] perf=29.326Hz  target=10.581Hz  err=-18.745Hz  corr=-387.63W  u_ff=107.0W  PCAP→78W  power=78.9W
[PID] perf=29.329Hz  target=10.581Hz  err=-18.748Hz  corr=-387.67W  u_ff=107.0W  PCAP→78W  power=78.7W
[PID] perf=29.332Hz  target=10.581Hz  err=-18.751Hz  corr=-387.74W  u_ff=107.0W  PCAP→78W  power=77.8W
[PID] perf=29.335Hz  target=10.581Hz  err=-18.754Hz  corr=-387.79W  u_ff=107.0W  PCAP→78W  power=77.7W
[PID] perf=29.336Hz  target=10.581Hz  err=-18.755Hz  corr=-387.80W  u_ff=107.0W  PCAP→78W  power=78.8W
[PID] perf=29.336Hz  target=10.581Hz  err=-18.755Hz  corr=-387.80W  u_ff=107.0W  PCAP→78W  power=78.8W
[PID] perf=29.335Hz  target=10.581Hz  err=-18.754Hz  corr=-387.79W  u_ff=107.0W  PCAP→78W  power=76.6W
[PID] perf=29.346Hz  target=10.581Hz  err=-18.765Hz  corr=-387.99W  u_ff=107.0W  PCAP→78W  power=77.9W
[PID] perf=29.318Hz  target=10.581Hz  err=-18.738Hz  corr=-387.48W  u_ff=107.0W  PCAP→78W  power=79.1W
[PID] perf=29.361Hz  target=10.581Hz  err=-18.780Hz  corr=-388.27W  u_ff=107.0W  PCAP→78W  power=78.1W
[PID] perf=29.335Hz  target=10.581Hz  err=-18.754Hz  corr=-387.79W  u_ff=107.0W  PCAP→78W  power=76.2W
[PID] perf=29.320Hz  target=10.581Hz  err=-18.739Hz  corr=-387.51W  u_ff=107.0W  PCAP→78W  power=77.5W
[PID] perf=29.351Hz  target=10.581Hz  err=-18.770Hz  corr=-388.09W  u_ff=107.0W  PCAP→78W  power=76.7W
[PID] perf=29.389Hz  target=10.581Hz  err=-18.808Hz  corr=-388.79W  u_ff=107.0W  PCAP→78W  power=78.0W
[PID] perf=29.379Hz  target=10.581Hz  err=-18.799Hz  corr=-388.61W  u_ff=107.0W  PCAP→78W  power=77.6W
[PID] perf=29.374Hz  target=10.581Hz  err=-18.793Hz  corr=-388.51W  u_ff=107.0W  PCAP→78W  power=78.1W
[PID] perf=29.327Hz  target=10.581Hz  err=-18.746Hz  corr=-387.65W  u_ff=107.0W  PCAP→78W  power=76.5W
[PID] perf=29.317Hz  target=10.581Hz  err=-18.736Hz  corr=-387.46W  u_ff=107.0W  PCAP→78W  power=77.6W
[PID] perf=29.320Hz  target=10.581Hz  err=-18.739Hz  corr=-387.50W  u_ff=107.0W  PCAP→78W  power=76.5W
[PID] perf=29.340Hz  target=10.581Hz  err=-18.759Hz  corr=-387.88W  u_ff=107.0W  PCAP→78W  power=79.0W
[PID] perf=29.335Hz  target=10.581Hz  err=-18.754Hz  corr=-387.79W  u_ff=107.0W  PCAP→78W  power=78.2W
[PID] perf=29.334Hz  target=10.581Hz  err=-18.753Hz  corr=-387.77W  u_ff=107.0W  PCAP→78W  power=77.9W
[PID] perf=29.392Hz  target=10.581Hz  err=-18.811Hz  corr=-388.85W  u_ff=107.0W  PCAP→78W  power=77.0W
[PID] perf=29.357Hz  target=10.581Hz  err=-18.776Hz  corr=-388.20W  u_ff=107.0W  PCAP→78W  power=78.2W
[PID] perf=29.385Hz  target=10.581Hz  err=-18.804Hz  corr=-388.71W  u_ff=107.0W  PCAP→78W  power=79.0W
[PID] perf=29.321Hz  target=10.581Hz  err=-18.740Hz  corr=-387.53W  u_ff=107.0W  PCAP→78W  power=78.9W
[PID] perf=29.355Hz  target=10.581Hz  err=-18.774Hz  corr=-388.16W  u_ff=107.0W  PCAP→78W  power=77.4W
[PID] perf=29.354Hz  target=10.581Hz  err=-18.773Hz  corr=-388.15W  u_ff=107.0W  PCAP→78W  power=78.4W
[PID] perf=29.276Hz  target=10.581Hz  err=-18.695Hz  corr=-386.70W  u_ff=107.0W  PCAP→78W  power=79.1W
[PID] perf=29.279Hz  target=10.581Hz  err=-18.698Hz  corr=-386.74W  u_ff=107.0W  PCAP→78W  power=76.2W
[PID] perf=29.317Hz  target=10.581Hz  err=-18.736Hz  corr=-387.45W  u_ff=107.0W  PCAP→78W  power=77.6W
[PID] perf=29.328Hz  target=10.581Hz  err=-18.747Hz  corr=-387.65W  u_ff=107.0W  PCAP→78W  power=78.8W
[PID] perf=29.333Hz  target=10.581Hz  err=-18.752Hz  corr=-387.74W  u_ff=107.0W  PCAP→78W  power=79.6W
[PID] perf=29.365Hz  target=10.581Hz  err=-18.784Hz  corr=-388.35W  u_ff=107.0W  PCAP→78W  power=77.7W
[PID] perf=29.336Hz  target=10.581Hz  err=-18.755Hz  corr=-387.81W  u_ff=107.0W  PCAP→78W  power=78.2W
[PID] perf=29.326Hz  target=10.581Hz  err=-18.745Hz  corr=-387.63W  u_ff=107.0W  PCAP→78W  power=78.5W
[PID] perf=29.339Hz  target=10.581Hz  err=-18.758Hz  corr=-387.86W  u_ff=107.0W  PCAP→78W  power=77.3W
[PID] perf=29.324Hz  target=10.581Hz  err=-18.743Hz  corr=-387.59W  u_ff=107.0W  PCAP→78W  power=77.6W
[PID] perf=29.300Hz  target=10.581Hz  err=-18.719Hz  corr=-387.15W  u_ff=107.0W  PCAP→78W  power=79.2W
[PID] perf=29.323Hz  target=10.581Hz  err=-18.742Hz  corr=-387.57W  u_ff=107.0W  PCAP→78W  power=77.1W
[PID] perf=29.329Hz  target=10.581Hz  err=-18.749Hz  corr=-387.69W  u_ff=107.0W  PCAP→78W  power=78.7W
[PID] perf=29.330Hz  target=10.581Hz  err=-18.749Hz  corr=-387.69W  u_ff=107.0W  PCAP→78W  power=78.4W
[PID] perf=29.310Hz  target=10.581Hz  err=-18.729Hz  corr=-387.33W  u_ff=107.0W  PCAP→78W  power=78.1W
[PID] perf=29.329Hz  target=10.581Hz  err=-18.748Hz  corr=-387.67W  u_ff=107.0W  PCAP→78W  power=77.7W
[PID] perf=29.334Hz  target=10.581Hz  err=-18.753Hz  corr=-387.76W  u_ff=107.0W  PCAP→78W  power=78.7W
[PID] perf=29.311Hz  target=10.581Hz  err=-18.730Hz  corr=-387.35W  u_ff=107.0W  PCAP→78W  power=77.4W
[PID] perf=29.291Hz  target=10.581Hz  err=-18.710Hz  corr=-386.98W  u_ff=107.0W  PCAP→78W  power=78.6W
[PID] perf=29.327Hz  target=10.581Hz  err=-18.746Hz  corr=-387.63W  u_ff=107.0W  PCAP→78W  power=76.4W
[PID] perf=29.333Hz  target=10.581Hz  err=-18.752Hz  corr=-387.74W  u_ff=107.0W  PCAP→78W  power=76.4W
[PID] perf=29.315Hz  target=10.581Hz  err=-18.734Hz  corr=-387.41W  u_ff=107.0W  PCAP→78W  power=76.0W
[PID] perf=29.352Hz  target=10.581Hz  err=-18.771Hz  corr=-388.10W  u_ff=107.0W  PCAP→78W  power=79.1W
[PID] perf=29.200Hz  target=10.581Hz  err=-18.619Hz  corr=-385.28W  u_ff=107.0W  PCAP→78W  power=77.4W
[PID] perf=29.223Hz  target=10.581Hz  err=-18.642Hz  corr=-385.71W  u_ff=107.0W  PCAP→78W  power=78.8W
[PID] perf=29.237Hz  target=10.581Hz  err=-18.657Hz  corr=-385.98W  u_ff=107.0W  PCAP→78W  power=77.5W
[PID] perf=29.236Hz  target=10.581Hz  err=-18.655Hz  corr=-385.96W  u_ff=107.0W  PCAP→78W  power=76.9W
[PID] perf=29.255Hz  target=10.581Hz  err=-18.674Hz  corr=-386.30W  u_ff=107.0W  PCAP→78W  power=76.9W
[PID] perf=29.290Hz  target=10.581Hz  err=-18.709Hz  corr=-386.96W  u_ff=107.0W  PCAP→78W  power=76.9W
[PID] perf=29.260Hz  target=10.581Hz  err=-18.679Hz  corr=-386.40W  u_ff=107.0W  PCAP→78W  power=78.9W
[PID] perf=29.272Hz  target=10.581Hz  err=-18.691Hz  corr=-386.62W  u_ff=107.0W  PCAP→78W  power=76.9W
[PID] perf=29.229Hz  target=10.581Hz  err=-18.648Hz  corr=-385.82W  u_ff=107.0W  PCAP→78W  power=77.2W
[PID] perf=29.272Hz  target=10.581Hz  err=-18.691Hz  corr=-386.61W  u_ff=107.0W  PCAP→78W  power=77.1W
[PID] perf=29.252Hz  target=10.581Hz  err=-18.671Hz  corr=-386.25W  u_ff=107.0W  PCAP→78W  power=77.9W
[PID] perf=29.246Hz  target=10.581Hz  err=-18.665Hz  corr=-386.13W  u_ff=107.0W  PCAP→78W  power=78.6W
[PID] perf=29.226Hz  target=10.581Hz  err=-18.645Hz  corr=-385.77W  u_ff=107.0W  PCAP→78W  power=77.3W
[PID] perf=29.225Hz  target=10.581Hz  err=-18.645Hz  corr=-385.76W  u_ff=107.0W  PCAP→78W  power=77.2W
[PID] perf=29.211Hz  target=10.581Hz  err=-18.631Hz  corr=-385.50W  u_ff=107.0W  PCAP→78W  power=77.8W
[PID] perf=29.219Hz  target=10.581Hz  err=-18.638Hz  corr=-385.63W  u_ff=107.0W  PCAP→78W  power=78.1W
[PID] perf=29.232Hz  target=10.581Hz  err=-18.652Hz  corr=-385.89W  u_ff=107.0W  PCAP→78W  power=77.3W
[PID] perf=29.249Hz  target=10.581Hz  err=-18.668Hz  corr=-386.20W  u_ff=107.0W  PCAP→78W  power=77.6W
[PID] perf=29.227Hz  target=10.581Hz  err=-18.646Hz  corr=-385.79W  u_ff=107.0W  PCAP→78W  power=77.2W
[PID] perf=29.225Hz  target=10.581Hz  err=-18.644Hz  corr=-385.75W  u_ff=107.0W  PCAP→78W  power=78.0W
[PID] perf=29.230Hz  target=10.581Hz  err=-18.649Hz  corr=-385.84W  u_ff=107.0W  PCAP→78W  power=77.2W
[PID] perf=29.221Hz  target=10.581Hz  err=-18.640Hz  corr=-385.68W  u_ff=107.0W  PCAP→78W  power=77.2W
[PID] perf=29.212Hz  target=10.581Hz  err=-18.632Hz  corr=-385.52W  u_ff=107.0W  PCAP→78W  power=78.1W
[PID] perf=29.219Hz  target=10.581Hz  err=-18.638Hz  corr=-385.64W  u_ff=107.0W  PCAP→78W  power=78.6W
[PID] perf=29.190Hz  target=10.581Hz  err=-18.609Hz  corr=-385.10W  u_ff=107.0W  PCAP→78W  power=76.6W
[PID] perf=29.218Hz  target=10.581Hz  err=-18.637Hz  corr=-385.62W  u_ff=107.0W  PCAP→78W  power=78.3W
[PID] perf=29.240Hz  target=10.581Hz  err=-18.659Hz  corr=-386.03W  u_ff=107.0W  PCAP→78W  power=77.1W
[PID] perf=29.210Hz  target=10.581Hz  err=-18.629Hz  corr=-385.47W  u_ff=107.0W  PCAP→78W  power=79.2W
[PID] perf=29.213Hz  target=10.581Hz  err=-18.632Hz  corr=-385.52W  u_ff=107.0W  PCAP→78W  power=77.3W
[PID] perf=29.244Hz  target=10.581Hz  err=-18.664Hz  corr=-386.11W  u_ff=107.0W  PCAP→78W  power=78.2W
[PID] perf=29.237Hz  target=10.581Hz  err=-18.656Hz  corr=-385.97W  u_ff=107.0W  PCAP→78W  power=77.9W
[PID] perf=29.271Hz  target=10.581Hz  err=-18.690Hz  corr=-386.60W  u_ff=107.0W  PCAP→78W  power=78.0W
[PID] perf=29.273Hz  target=10.581Hz  err=-18.692Hz  corr=-386.64W  u_ff=107.0W  PCAP→78W  power=78.1W
[PID] perf=29.231Hz  target=10.581Hz  err=-18.650Hz  corr=-385.87W  u_ff=107.0W  PCAP→78W  power=77.1W
[PID] perf=29.227Hz  target=10.581Hz  err=-18.646Hz  corr=-385.79W  u_ff=107.0W  PCAP→78W  power=76.9W
[PID] perf=29.210Hz  target=10.581Hz  err=-18.629Hz  corr=-385.47W  u_ff=107.0W  PCAP→78W  power=79.1W
[PID] perf=29.247Hz  target=10.581Hz  err=-18.667Hz  corr=-386.16W  u_ff=107.0W  PCAP→78W  power=77.7W
[PID] perf=29.236Hz  target=10.581Hz  err=-18.655Hz  corr=-385.95W  u_ff=107.0W  PCAP→78W  power=77.8W
[PID] perf=29.242Hz  target=10.581Hz  err=-18.662Hz  corr=-386.07W  u_ff=107.0W  PCAP→78W  power=79.3W
[PID] perf=29.184Hz  target=10.581Hz  err=-18.603Hz  corr=-384.99W  u_ff=107.0W  PCAP→78W  power=77.5W
[PID] perf=29.238Hz  target=10.581Hz  err=-18.657Hz  corr=-385.99W  u_ff=107.0W  PCAP→78W  power=79.5W
[PID] perf=29.236Hz  target=10.581Hz  err=-18.655Hz  corr=-385.96W  u_ff=107.0W  PCAP→78W  power=78.9W
[PID] perf=29.243Hz  target=10.581Hz  err=-18.662Hz  corr=-386.08W  u_ff=107.0W  PCAP→78W  power=78.3W
[PID] perf=29.245Hz  target=10.581Hz  err=-18.664Hz  corr=-386.12W  u_ff=107.0W  PCAP→78W  power=77.4W
[PID] perf=29.252Hz  target=10.581Hz  err=-18.671Hz  corr=-386.24W  u_ff=107.0W  PCAP→78W  power=78.7W
[PID] perf=29.243Hz  target=10.581Hz  err=-18.662Hz  corr=-386.08W  u_ff=107.0W  PCAP→78W  power=77.4W
[PID] perf=29.243Hz  target=10.581Hz  err=-18.662Hz  corr=-386.09W  u_ff=107.0W  PCAP→78W  power=77.5W
[PID] perf=29.247Hz  target=10.581Hz  err=-18.666Hz  corr=-386.15W  u_ff=107.0W  PCAP→78W  power=78.6W
[PID] perf=29.239Hz  target=10.581Hz  err=-18.659Hz  corr=-386.02W  u_ff=107.0W  PCAP→78W  power=77.1W
[PID] perf=29.197Hz  target=10.581Hz  err=-18.616Hz  corr=-385.22W  u_ff=107.0W  PCAP→78W  power=77.5W
[PID] perf=29.218Hz  target=10.581Hz  err=-18.637Hz  corr=-385.63W  u_ff=107.0W  PCAP→78W  power=77.3W
[PID] perf=29.221Hz  target=10.581Hz  err=-18.640Hz  corr=-385.67W  u_ff=107.0W  PCAP→78W  power=79.5W
[PID] perf=29.213Hz  target=10.581Hz  err=-18.632Hz  corr=-385.53W  u_ff=107.0W  PCAP→78W  power=78.1W
[PID] perf=29.227Hz  target=10.581Hz  err=-18.646Hz  corr=-385.78W  u_ff=107.0W  PCAP→78W  power=76.5W
[PID] perf=29.246Hz  target=10.581Hz  err=-18.665Hz  corr=-386.14W  u_ff=107.0W  PCAP→78W  power=78.3W
[PID] perf=29.240Hz  target=10.581Hz  err=-18.659Hz  corr=-386.03W  u_ff=107.0W  PCAP→78W  power=78.3W
[PID] perf=29.237Hz  target=10.581Hz  err=-18.656Hz  corr=-385.98W  u_ff=107.0W  PCAP→78W  power=77.6W
[PID] perf=29.245Hz  target=10.581Hz  err=-18.664Hz  corr=-386.12W  u_ff=107.0W  PCAP→78W  power=79.2W
[PID] perf=29.217Hz  target=10.581Hz  err=-18.636Hz  corr=-385.60W  u_ff=107.0W  PCAP→78W  power=79.0W
[PID] perf=29.245Hz  target=10.581Hz  err=-18.664Hz  corr=-386.11W  u_ff=107.0W  PCAP→78W  power=78.0W
[PID] perf=29.236Hz  target=10.581Hz  err=-18.655Hz  corr=-385.94W  u_ff=107.0W  PCAP→78W  power=78.6W
[PID] perf=29.212Hz  target=10.581Hz  err=-18.631Hz  corr=-385.50W  u_ff=107.0W  PCAP→78W  power=77.7W
[PID] perf=29.255Hz  target=10.581Hz  err=-18.674Hz  corr=-386.30W  u_ff=107.0W  PCAP→78W  power=78.2W
[PID] perf=29.188Hz  target=10.581Hz  err=-18.607Hz  corr=-385.06W  u_ff=107.0W  PCAP→78W  power=77.3W
[PID] perf=29.215Hz  target=10.581Hz  err=-18.634Hz  corr=-385.56W  u_ff=107.0W  PCAP→78W  power=79.1W
[PID] perf=29.200Hz  target=10.581Hz  err=-18.619Hz  corr=-385.28W  u_ff=107.0W  PCAP→78W  power=77.6W
[PID] perf=29.233Hz  target=10.581Hz  err=-18.652Hz  corr=-385.90W  u_ff=107.0W  PCAP→78W  power=78.1W
[PID] perf=29.233Hz  target=10.581Hz  err=-18.652Hz  corr=-385.90W  u_ff=107.0W  PCAP→78W  power=76.9W
[PID] perf=29.234Hz  target=10.581Hz  err=-18.653Hz  corr=-385.92W  u_ff=107.0W  PCAP→78W  power=77.7W
[PID] perf=29.245Hz  target=10.581Hz  err=-18.664Hz  corr=-386.11W  u_ff=107.0W  PCAP→78W  power=77.7W
[PID] perf=29.268Hz  target=10.581Hz  err=-18.687Hz  corr=-386.54W  u_ff=107.0W  PCAP→78W  power=78.7W
[PID] perf=29.249Hz  target=10.581Hz  err=-18.669Hz  corr=-386.20W  u_ff=107.0W  PCAP→78W  power=79.3W
[PID] perf=29.238Hz  target=10.581Hz  err=-18.657Hz  corr=-385.99W  u_ff=107.0W  PCAP→78W  power=78.4W
[PID] perf=29.259Hz  target=10.581Hz  err=-18.679Hz  corr=-386.39W  u_ff=107.0W  PCAP→78W  power=78.3W
[PID] perf=29.218Hz  target=10.581Hz  err=-18.637Hz  corr=-385.62W  u_ff=107.0W  PCAP→78W  power=76.7W
[PID] perf=29.242Hz  target=10.581Hz  err=-18.661Hz  corr=-386.06W  u_ff=107.0W  PCAP→78W  power=79.1W
[PID] perf=29.285Hz  target=10.581Hz  err=-18.704Hz  corr=-386.85W  u_ff=107.0W  PCAP→78W  power=78.6W
[PID] perf=29.269Hz  target=10.581Hz  err=-18.688Hz  corr=-386.57W  u_ff=107.0W  PCAP→78W  power=78.7W
[PID] perf=29.252Hz  target=10.581Hz  err=-18.671Hz  corr=-386.24W  u_ff=107.0W  PCAP→78W  power=77.4W
[PID] perf=29.204Hz  target=10.581Hz  err=-18.624Hz  corr=-385.37W  u_ff=107.0W  PCAP→78W  power=77.8W
[PID] perf=29.262Hz  target=10.581Hz  err=-18.681Hz  corr=-386.43W  u_ff=107.0W  PCAP→78W  power=77.2W
[PID] perf=29.214Hz  target=10.581Hz  err=-18.633Hz  corr=-385.55W  u_ff=107.0W  PCAP→78W  power=77.7W
[PID] perf=29.210Hz  target=10.581Hz  err=-18.629Hz  corr=-385.47W  u_ff=107.0W  PCAP→78W  power=78.6W
[PID] perf=29.215Hz  target=10.581Hz  err=-18.634Hz  corr=-385.56W  u_ff=107.0W  PCAP→78W  power=78.3W
[PID] perf=29.217Hz  target=10.581Hz  err=-18.637Hz  corr=-385.61W  u_ff=107.0W  PCAP→78W  power=77.6W
[PID] perf=29.180Hz  target=10.581Hz  err=-18.599Hz  corr=-384.91W  u_ff=107.0W  PCAP→78W  power=77.0W
[PID] perf=29.220Hz  target=10.581Hz  err=-18.639Hz  corr=-385.66W  u_ff=107.0W  PCAP→78W  power=77.3W
[PID] perf=29.198Hz  target=10.581Hz  err=-18.617Hz  corr=-385.24W  u_ff=107.0W  PCAP→78W  power=77.3W
[PID] perf=29.260Hz  target=10.581Hz  err=-18.679Hz  corr=-386.39W  u_ff=107.0W  PCAP→78W  power=77.3W
[PID] perf=29.205Hz  target=10.581Hz  err=-18.624Hz  corr=-385.37W  u_ff=107.0W  PCAP→78W  power=78.0W
[PID] perf=29.239Hz  target=10.581Hz  err=-18.658Hz  corr=-386.00W  u_ff=107.0W  PCAP→78W  power=78.9W
[PID] perf=29.244Hz  target=10.581Hz  err=-18.663Hz  corr=-386.10W  u_ff=107.0W  PCAP→78W  power=78.7W
[PID] perf=29.246Hz  target=10.581Hz  err=-18.665Hz  corr=-386.14W  u_ff=107.0W  PCAP→78W  power=79.3W
[PID] perf=29.197Hz  target=10.581Hz  err=-18.616Hz  corr=-385.23W  u_ff=107.0W  PCAP→78W  power=77.8W
[PID] perf=29.217Hz  target=10.581Hz  err=-18.636Hz  corr=-385.60W  u_ff=107.0W  PCAP→78W  power=77.2W
[PID] perf=29.265Hz  target=10.581Hz  err=-18.684Hz  corr=-386.48W  u_ff=107.0W  PCAP→78W  power=78.6W
[PID] perf=29.240Hz  target=10.581Hz  err=-18.659Hz  corr=-386.02W  u_ff=107.0W  PCAP→78W  power=78.5W
[PID] perf=29.263Hz  target=10.581Hz  err=-18.682Hz  corr=-386.45W  u_ff=107.0W  PCAP→78W  power=77.8W
[PID] perf=29.273Hz  target=10.581Hz  err=-18.692Hz  corr=-386.64W  u_ff=107.0W  PCAP→78W  power=77.3W
[PID] perf=29.235Hz  target=10.581Hz  err=-18.654Hz  corr=-385.94W  u_ff=107.0W  PCAP→78W  power=78.5W
[PID] perf=29.270Hz  target=10.581Hz  err=-18.689Hz  corr=-386.59W  u_ff=107.0W  PCAP→78W  power=79.1W
[PID] perf=29.251Hz  target=10.581Hz  err=-18.670Hz  corr=-386.23W  u_ff=107.0W  PCAP→78W  power=77.7W
[PID] perf=29.257Hz  target=10.581Hz  err=-18.676Hz  corr=-386.34W  u_ff=107.0W  PCAP→78W  power=77.2W
[PID] perf=29.253Hz  target=10.581Hz  err=-18.672Hz  corr=-386.26W  u_ff=107.0W  PCAP→78W  power=78.1W
[PID] perf=29.243Hz  target=10.581Hz  err=-18.662Hz  corr=-386.08W  u_ff=107.0W  PCAP→78W  power=77.3W
[PID] perf=29.212Hz  target=10.581Hz  err=-18.631Hz  corr=-385.51W  u_ff=107.0W  PCAP→78W  power=79.0W
[PID] perf=29.215Hz  target=10.581Hz  err=-18.634Hz  corr=-385.57W  u_ff=107.0W  PCAP→78W  power=79.4W
[PID] perf=29.230Hz  target=10.581Hz  err=-18.649Hz  corr=-385.85W  u_ff=107.0W  PCAP→78W  power=77.4W
[PID] perf=29.264Hz  target=10.581Hz  err=-18.683Hz  corr=-386.47W  u_ff=107.0W  PCAP→78W  power=79.4W
[PID] perf=29.226Hz  target=10.581Hz  err=-18.645Hz  corr=-385.77W  u_ff=107.0W  PCAP→78W  power=79.1W
[PID] perf=29.270Hz  target=10.581Hz  err=-18.689Hz  corr=-386.58W  u_ff=107.0W  PCAP→78W  power=79.3W
[PID] perf=29.228Hz  target=10.581Hz  err=-18.647Hz  corr=-385.81W  u_ff=107.0W  PCAP→78W  power=77.3W
[PID] perf=29.247Hz  target=10.581Hz  err=-18.666Hz  corr=-386.16W  u_ff=107.0W  PCAP→78W  power=78.8W
[PID] perf=29.236Hz  target=10.581Hz  err=-18.655Hz  corr=-385.95W  u_ff=107.0W  PCAP→78W  power=78.8W
[PID] perf=29.190Hz  target=10.581Hz  err=-18.609Hz  corr=-385.10W  u_ff=107.0W  PCAP→78W  power=77.1W
[PID] perf=29.248Hz  target=10.581Hz  err=-18.667Hz  corr=-386.18W  u_ff=107.0W  PCAP→78W  power=76.8W
[PID] perf=29.243Hz  target=10.581Hz  err=-18.662Hz  corr=-386.08W  u_ff=107.0W  PCAP→78W  power=76.6W
[PID] perf=29.235Hz  target=10.581Hz  err=-18.654Hz  corr=-385.94W  u_ff=107.0W  PCAP→78W  power=78.5W
[PID] perf=29.273Hz  target=10.581Hz  err=-18.692Hz  corr=-386.64W  u_ff=107.0W  PCAP→78W  power=77.3W
[PID] perf=29.239Hz  target=10.581Hz  err=-18.658Hz  corr=-386.00W  u_ff=107.0W  PCAP→78W  power=77.5W
[PID] perf=29.224Hz  target=10.581Hz  err=-18.643Hz  corr=-385.74W  u_ff=107.0W  PCAP→78W  power=79.1W
[PID] perf=29.242Hz  target=10.581Hz  err=-18.661Hz  corr=-386.06W  u_ff=107.0W  PCAP→78W  power=79.3W
[PID] perf=29.208Hz  target=10.581Hz  err=-18.627Hz  corr=-385.43W  u_ff=107.0W  PCAP→78W  power=78.6W
[PID] perf=29.221Hz  target=10.581Hz  err=-18.640Hz  corr=-385.67W  u_ff=107.0W  PCAP→78W  power=76.4W
[PID] perf=29.202Hz  target=10.581Hz  err=-18.622Hz  corr=-385.33W  u_ff=107.0W  PCAP→78W  power=77.5W
[PID] perf=29.219Hz  target=10.581Hz  err=-18.638Hz  corr=-385.63W  u_ff=107.0W  PCAP→78W  power=78.4W
[PID] perf=29.227Hz  target=10.581Hz  err=-18.646Hz  corr=-385.79W  u_ff=107.0W  PCAP→78W  power=76.8W
[PID] perf=29.222Hz  target=10.581Hz  err=-18.641Hz  corr=-385.69W  u_ff=107.0W  PCAP→78W  power=78.6W
[PID] perf=29.202Hz  target=10.581Hz  err=-18.621Hz  corr=-385.32W  u_ff=107.0W  PCAP→78W  power=77.9W
[PID] perf=29.226Hz  target=10.581Hz  err=-18.645Hz  corr=-385.77W  u_ff=107.0W  PCAP→78W  power=77.3W
[PID] perf=29.228Hz  target=10.581Hz  err=-18.647Hz  corr=-385.81W  u_ff=107.0W  PCAP→78W  power=77.3W
[PID] perf=29.203Hz  target=10.581Hz  err=-18.622Hz  corr=-385.34W  u_ff=107.0W  PCAP→78W  power=78.6W
[PID] perf=29.246Hz  target=10.581Hz  err=-18.665Hz  corr=-386.14W  u_ff=107.0W  PCAP→78W  power=78.9W
[PID] perf=29.233Hz  target=10.581Hz  err=-18.652Hz  corr=-385.90W  u_ff=107.0W  PCAP→78W  power=76.7W
[PID] perf=29.231Hz  target=10.581Hz  err=-18.650Hz  corr=-385.85W  u_ff=107.0W  PCAP→78W  power=78.9W
[PID] perf=29.222Hz  target=10.581Hz  err=-18.641Hz  corr=-385.70W  u_ff=107.0W  PCAP→78W  power=76.2W
[PID] perf=29.258Hz  target=10.581Hz  err=-18.677Hz  corr=-386.36W  u_ff=107.0W  PCAP→78W  power=79.0W
[PID] perf=29.253Hz  target=10.581Hz  err=-18.672Hz  corr=-386.26W  u_ff=107.0W  PCAP→78W  power=77.0W
[PID] perf=29.277Hz  target=10.581Hz  err=-18.696Hz  corr=-386.71W  u_ff=107.0W  PCAP→78W  power=77.1W
[PID] perf=29.240Hz  target=10.581Hz  err=-18.659Hz  corr=-386.02W  u_ff=107.0W  PCAP→78W  power=78.3W
[PID] perf=29.270Hz  target=10.581Hz  err=-18.689Hz  corr=-386.58W  u_ff=107.0W  PCAP→78W  power=77.9W
[PID] perf=29.258Hz  target=10.581Hz  err=-18.677Hz  corr=-386.35W  u_ff=107.0W  PCAP→78W  power=78.1W
[PID] perf=29.243Hz  target=10.581Hz  err=-18.662Hz  corr=-386.08W  u_ff=107.0W  PCAP→78W  power=78.9W
[PID] perf=29.235Hz  target=10.581Hz  err=-18.654Hz  corr=-385.93W  u_ff=107.0W  PCAP→78W  power=77.9W
[PID] perf=29.240Hz  target=10.581Hz  err=-18.659Hz  corr=-386.03W  u_ff=107.0W  PCAP→78W  power=77.7W
[PID] perf=29.224Hz  target=10.581Hz  err=-18.643Hz  corr=-385.72W  u_ff=107.0W  PCAP→78W  power=78.4W
[PID] perf=29.224Hz  target=10.581Hz  err=-18.643Hz  corr=-385.72W  u_ff=107.0W  PCAP→78W  power=78.5W
[PID] perf=29.225Hz  target=10.581Hz  err=-18.644Hz  corr=-385.75W  u_ff=107.0W  PCAP→78W  power=77.2W
[PID] perf=29.225Hz  target=10.581Hz  err=-18.644Hz  corr=-385.74W  u_ff=107.0W  PCAP→78W  power=79.1W
[PID] perf=29.228Hz  target=10.581Hz  err=-18.647Hz  corr=-385.81W  u_ff=107.0W  PCAP→78W  power=78.3W
[PID] perf=29.244Hz  target=10.581Hz  err=-18.663Hz  corr=-386.10W  u_ff=107.0W  PCAP→78W  power=77.2W
[PID] perf=29.256Hz  target=10.581Hz  err=-18.675Hz  corr=-386.32W  u_ff=107.0W  PCAP→78W  power=76.8W
[PID] perf=29.233Hz  target=10.581Hz  err=-18.653Hz  corr=-385.91W  u_ff=107.0W  PCAP→78W  power=77.9W
[PID] perf=29.227Hz  target=10.581Hz  err=-18.646Hz  corr=-385.78W  u_ff=107.0W  PCAP→78W  power=77.6W
[PID] perf=29.240Hz  target=10.581Hz  err=-18.659Hz  corr=-386.03W  u_ff=107.0W  PCAP→78W  power=77.5W
[PID] perf=29.246Hz  target=10.581Hz  err=-18.665Hz  corr=-386.14W  u_ff=107.0W  PCAP→78W  power=76.9W
[PID] perf=29.191Hz  target=10.581Hz  err=-18.610Hz  corr=-385.11W  u_ff=107.0W  PCAP→78W  power=77.9W
[PID] perf=29.224Hz  target=10.581Hz  err=-18.643Hz  corr=-385.73W  u_ff=107.0W  PCAP→78W  power=78.3W
[PID] perf=29.226Hz  target=10.581Hz  err=-18.645Hz  corr=-385.77W  u_ff=107.0W  PCAP→78W  power=78.4W
[PID] perf=29.165Hz  target=10.581Hz  err=-18.584Hz  corr=-384.63W  u_ff=107.0W  PCAP→78W  power=78.5W
[PID] perf=29.214Hz  target=10.581Hz  err=-18.634Hz  corr=-385.55W  u_ff=107.0W  PCAP→78W  power=79.2W
[PID] perf=29.256Hz  target=10.581Hz  err=-18.675Hz  corr=-386.33W  u_ff=107.0W  PCAP→78W  power=79.5W
[PID] perf=29.259Hz  target=10.581Hz  err=-18.678Hz  corr=-386.38W  u_ff=107.0W  PCAP→78W  power=76.8W
[PID] perf=29.233Hz  target=10.581Hz  err=-18.652Hz  corr=-385.90W  u_ff=107.0W  PCAP→78W  power=78.9W
[PID] perf=29.243Hz  target=10.581Hz  err=-18.662Hz  corr=-386.08W  u_ff=107.0W  PCAP→78W  power=79.0W
[PID] perf=29.221Hz  target=10.581Hz  err=-18.640Hz  corr=-385.67W  u_ff=107.0W  PCAP→78W  power=76.8W
[PID] perf=29.220Hz  target=10.581Hz  err=-18.639Hz  corr=-385.65W  u_ff=107.0W  PCAP→78W  power=77.7W
[PID] perf=29.238Hz  target=10.581Hz  err=-18.657Hz  corr=-385.99W  u_ff=107.0W  PCAP→78W  power=78.8W
[PID] perf=29.255Hz  target=10.581Hz  err=-18.674Hz  corr=-386.31W  u_ff=107.0W  PCAP→78W  power=77.1W
[PID] perf=29.139Hz  target=10.581Hz  err=-18.558Hz  corr=-384.16W  u_ff=107.0W  PCAP→78W  power=76.9W
[PID] perf=29.129Hz  target=10.581Hz  err=-18.548Hz  corr=-383.97W  u_ff=107.0W  PCAP→78W  power=77.0W
[PID] perf=29.122Hz  target=10.581Hz  err=-18.541Hz  corr=-383.83W  u_ff=107.0W  PCAP→78W  power=77.6W
[PID] perf=29.123Hz  target=10.581Hz  err=-18.542Hz  corr=-383.86W  u_ff=107.0W  PCAP→78W  power=78.4W
[PID] perf=29.133Hz  target=10.581Hz  err=-18.552Hz  corr=-384.04W  u_ff=107.0W  PCAP→78W  power=78.4W
[PID] perf=29.128Hz  target=10.581Hz  err=-18.547Hz  corr=-383.96W  u_ff=107.0W  PCAP→78W  power=78.6W
[PID] perf=29.119Hz  target=10.581Hz  err=-18.539Hz  corr=-383.79W  u_ff=107.0W  PCAP→78W  power=78.1W
[PID] perf=29.137Hz  target=10.581Hz  err=-18.556Hz  corr=-384.11W  u_ff=107.0W  PCAP→78W  power=78.4W
[PID] perf=29.173Hz  target=10.581Hz  err=-18.592Hz  corr=-384.79W  u_ff=107.0W  PCAP→78W  power=77.8W
[PID] perf=29.174Hz  target=10.581Hz  err=-18.593Hz  corr=-384.80W  u_ff=107.0W  PCAP→78W  power=76.7W
[PID] perf=29.156Hz  target=10.581Hz  err=-18.575Hz  corr=-384.46W  u_ff=107.0W  PCAP→78W  power=79.5W
[PID] perf=29.159Hz  target=10.581Hz  err=-18.578Hz  corr=-384.53W  u_ff=107.0W  PCAP→78W  power=78.5W
[PID] perf=29.146Hz  target=10.581Hz  err=-18.565Hz  corr=-384.28W  u_ff=107.0W  PCAP→78W  power=77.4W
[PID] perf=29.144Hz  target=10.581Hz  err=-18.563Hz  corr=-384.24W  u_ff=107.0W  PCAP→78W  power=76.1W
[PID] perf=29.141Hz  target=10.581Hz  err=-18.561Hz  corr=-384.20W  u_ff=107.0W  PCAP→78W  power=78.7W
[PID] perf=29.134Hz  target=10.581Hz  err=-18.554Hz  corr=-384.07W  u_ff=107.0W  PCAP→78W  power=76.4W
[PID] perf=29.175Hz  target=10.581Hz  err=-18.594Hz  corr=-384.81W  u_ff=107.0W  PCAP→78W  power=76.4W
[PID] perf=29.167Hz  target=10.581Hz  err=-18.586Hz  corr=-384.67W  u_ff=107.0W  PCAP→78W  power=77.0W
[PID] perf=29.150Hz  target=10.581Hz  err=-18.569Hz  corr=-384.36W  u_ff=107.0W  PCAP→78W  power=79.6W
[PID] perf=29.141Hz  target=10.581Hz  err=-18.560Hz  corr=-384.20W  u_ff=107.0W  PCAP→78W  power=79.2W
[PID] perf=29.157Hz  target=10.581Hz  err=-18.576Hz  corr=-384.48W  u_ff=107.0W  PCAP→78W  power=76.8W
[PID] perf=29.161Hz  target=10.581Hz  err=-18.580Hz  corr=-384.57W  u_ff=107.0W  PCAP→78W  power=79.0W
[PID] perf=29.158Hz  target=10.581Hz  err=-18.577Hz  corr=-384.50W  u_ff=107.0W  PCAP→78W  power=77.7W
[PID] perf=29.157Hz  target=10.581Hz  err=-18.576Hz  corr=-384.48W  u_ff=107.0W  PCAP→78W  power=78.1W
[PID] perf=29.145Hz  target=10.581Hz  err=-18.564Hz  corr=-384.26W  u_ff=107.0W  PCAP→78W  power=78.2W
[PID] perf=29.154Hz  target=10.581Hz  err=-18.573Hz  corr=-384.43W  u_ff=107.0W  PCAP→78W  power=79.4W
[PID] perf=29.162Hz  target=10.581Hz  err=-18.581Hz  corr=-384.58W  u_ff=107.0W  PCAP→78W  power=78.8W
[PID] perf=29.172Hz  target=10.581Hz  err=-18.591Hz  corr=-384.77W  u_ff=107.0W  PCAP→78W  power=76.6W
[PID] perf=29.187Hz  target=10.581Hz  err=-18.607Hz  corr=-385.05W  u_ff=107.0W  PCAP→78W  power=77.7W
[PID] perf=29.196Hz  target=10.581Hz  err=-18.616Hz  corr=-385.22W  u_ff=107.0W  PCAP→78W  power=77.8W
[PID] perf=29.134Hz  target=10.581Hz  err=-18.554Hz  corr=-384.07W  u_ff=107.0W  PCAP→78W  power=77.6W
[PID] perf=29.176Hz  target=10.581Hz  err=-18.595Hz  corr=-384.85W  u_ff=107.0W  PCAP→78W  power=78.9W
[PID] perf=29.174Hz  target=10.581Hz  err=-18.593Hz  corr=-384.81W  u_ff=107.0W  PCAP→78W  power=79.1W
[PID] perf=29.159Hz  target=10.581Hz  err=-18.578Hz  corr=-384.53W  u_ff=107.0W  PCAP→78W  power=77.3W
[PID] perf=29.176Hz  target=10.581Hz  err=-18.595Hz  corr=-384.84W  u_ff=107.0W  PCAP→78W  power=77.0W
[PID] perf=29.142Hz  target=10.581Hz  err=-18.561Hz  corr=-384.20W  u_ff=107.0W  PCAP→78W  power=79.4W
[PID] perf=29.173Hz  target=10.581Hz  err=-18.592Hz  corr=-384.78W  u_ff=107.0W  PCAP→78W  power=77.9W
[PID] perf=29.165Hz  target=10.581Hz  err=-18.584Hz  corr=-384.63W  u_ff=107.0W  PCAP→78W  power=76.7W
[PID] perf=29.195Hz  target=10.581Hz  err=-18.614Hz  corr=-385.19W  u_ff=107.0W  PCAP→78W  power=76.8W
[PID] perf=27.485Hz  target=10.581Hz  err=-16.904Hz  corr=-353.48W  u_ff=107.0W  PCAP→78W  power=77.0W
[PID] perf=27.520Hz  target=10.581Hz  err=-16.939Hz  corr=-354.14W  u_ff=107.0W  PCAP→78W  power=76.4W
[PID] perf=27.300Hz  target=10.581Hz  err=-16.719Hz  corr=-350.05W  u_ff=107.0W  PCAP→78W  power=77.6W
[PID] perf=27.309Hz  target=10.581Hz  err=-16.728Hz  corr=-350.21W  u_ff=107.0W  PCAP→78W  power=77.6W
[PID] perf=27.353Hz  target=10.581Hz  err=-16.772Hz  corr=-351.03W  u_ff=107.0W  PCAP→78W  power=79.2W
[PID] perf=27.375Hz  target=10.581Hz  err=-16.794Hz  corr=-351.45W  u_ff=107.0W  PCAP→78W  power=78.4W
[PID] perf=27.363Hz  target=10.581Hz  err=-16.782Hz  corr=-351.22W  u_ff=107.0W  PCAP→78W  power=78.8W
[PID] perf=27.371Hz  target=10.581Hz  err=-16.790Hz  corr=-351.36W  u_ff=107.0W  PCAP→78W  power=78.6W
[PID] perf=27.396Hz  target=10.581Hz  err=-16.815Hz  corr=-351.83W  u_ff=107.0W  PCAP→78W  power=77.3W
[PID] perf=27.378Hz  target=10.581Hz  err=-16.797Hz  corr=-351.49W  u_ff=107.0W  PCAP→78W  power=79.1W
[PID] perf=27.393Hz  target=10.581Hz  err=-16.812Hz  corr=-351.77W  u_ff=107.0W  PCAP→78W  power=77.7W
[PID] perf=27.376Hz  target=10.581Hz  err=-16.795Hz  corr=-351.46W  u_ff=107.0W  PCAP→78W  power=77.3W
[PID] perf=27.346Hz  target=10.581Hz  err=-16.765Hz  corr=-350.90W  u_ff=107.0W  PCAP→78W  power=77.7W
[PID] perf=27.315Hz  target=10.581Hz  err=-16.734Hz  corr=-350.32W  u_ff=107.0W  PCAP→78W  power=79.0W
[PID] perf=27.348Hz  target=10.581Hz  err=-16.767Hz  corr=-350.94W  u_ff=107.0W  PCAP→78W  power=77.5W
[PID] perf=27.363Hz  target=10.581Hz  err=-16.782Hz  corr=-351.22W  u_ff=107.0W  PCAP→78W  power=78.4W
[PID] perf=27.390Hz  target=10.581Hz  err=-16.809Hz  corr=-351.72W  u_ff=107.0W  PCAP→78W  power=77.2W
[PID] perf=27.354Hz  target=10.581Hz  err=-16.773Hz  corr=-351.05W  u_ff=107.0W  PCAP→78W  power=77.2W
[PID] perf=27.338Hz  target=10.581Hz  err=-16.757Hz  corr=-350.75W  u_ff=107.0W  PCAP→78W  power=77.7W
[PID] perf=27.351Hz  target=10.581Hz  err=-16.770Hz  corr=-350.99W  u_ff=107.0W  PCAP→78W  power=78.4W
[PID] perf=29.141Hz  target=10.581Hz  err=-18.561Hz  corr=-384.20W  u_ff=107.0W  PCAP→78W  power=77.5W
[PID] perf=29.109Hz  target=10.581Hz  err=-18.528Hz  corr=-383.60W  u_ff=107.0W  PCAP→78W  power=78.6W
[PID] perf=29.173Hz  target=10.581Hz  err=-18.592Hz  corr=-384.78W  u_ff=107.0W  PCAP→78W  power=79.3W
[PID] perf=29.165Hz  target=10.581Hz  err=-18.584Hz  corr=-384.63W  u_ff=107.0W  PCAP→78W  power=78.8W
[PID] perf=29.144Hz  target=10.581Hz  err=-18.563Hz  corr=-384.25W  u_ff=107.0W  PCAP→78W  power=76.5W
[PID] perf=29.167Hz  target=10.581Hz  err=-18.586Hz  corr=-384.67W  u_ff=107.0W  PCAP→78W  power=77.2W
[PID] perf=29.151Hz  target=10.581Hz  err=-18.570Hz  corr=-384.37W  u_ff=107.0W  PCAP→78W  power=78.6W
[PID] perf=29.154Hz  target=10.581Hz  err=-18.573Hz  corr=-384.44W  u_ff=107.0W  PCAP→78W  power=79.2W
[PID] perf=29.171Hz  target=10.581Hz  err=-18.591Hz  corr=-384.76W  u_ff=107.0W  PCAP→78W  power=78.6W
[PID] perf=29.170Hz  target=10.581Hz  err=-18.589Hz  corr=-384.73W  u_ff=107.0W  PCAP→78W  power=77.2W
[PID] perf=29.161Hz  target=10.581Hz  err=-18.580Hz  corr=-384.56W  u_ff=107.0W  PCAP→78W  power=77.7W
[PID] perf=29.170Hz  target=10.581Hz  err=-18.589Hz  corr=-384.72W  u_ff=107.0W  PCAP→78W  power=79.6W
[PID] perf=29.162Hz  target=10.581Hz  err=-18.581Hz  corr=-384.58W  u_ff=107.0W  PCAP→78W  power=79.0W
[PID] perf=29.133Hz  target=10.581Hz  err=-18.552Hz  corr=-384.05W  u_ff=107.0W  PCAP→78W  power=78.0W
[PID] perf=29.155Hz  target=10.581Hz  err=-18.574Hz  corr=-384.45W  u_ff=107.0W  PCAP→78W  power=76.2W
[PID] perf=29.111Hz  target=10.581Hz  err=-18.530Hz  corr=-383.63W  u_ff=107.0W  PCAP→78W  power=76.4W
[PID] perf=29.143Hz  target=10.581Hz  err=-18.562Hz  corr=-384.23W  u_ff=107.0W  PCAP→78W  power=77.2W
[PID] perf=29.142Hz  target=10.581Hz  err=-18.561Hz  corr=-384.21W  u_ff=107.0W  PCAP→78W  power=77.1W
[PID] perf=29.122Hz  target=10.581Hz  err=-18.541Hz  corr=-383.85W  u_ff=107.0W  PCAP→78W  power=78.2W
[PID] perf=29.131Hz  target=10.581Hz  err=-18.550Hz  corr=-384.00W  u_ff=107.0W  PCAP→78W  power=79.1W
[PID] perf=29.155Hz  target=10.581Hz  err=-18.574Hz  corr=-384.44W  u_ff=107.0W  PCAP→78W  power=78.2W
[PID] perf=29.166Hz  target=10.581Hz  err=-18.585Hz  corr=-384.66W  u_ff=107.0W  PCAP→78W  power=76.7W
[PID] perf=29.161Hz  target=10.581Hz  err=-18.580Hz  corr=-384.56W  u_ff=107.0W  PCAP→78W  power=77.8W
[PID] perf=29.124Hz  target=10.581Hz  err=-18.544Hz  corr=-383.88W  u_ff=107.0W  PCAP→78W  power=78.9W
[PID] perf=29.154Hz  target=10.581Hz  err=-18.573Hz  corr=-384.44W  u_ff=107.0W  PCAP→78W  power=78.7W
[PID] perf=29.139Hz  target=10.581Hz  err=-18.558Hz  corr=-384.16W  u_ff=107.0W  PCAP→78W  power=78.2W
[PID] perf=26.145Hz  target=10.581Hz  err=-15.565Hz  corr=-328.64W  u_ff=107.0W  PCAP→78W  power=76.3W
[PID] perf=26.367Hz  target=10.581Hz  err=-15.786Hz  corr=-332.74W  u_ff=107.0W  PCAP→78W  power=78.7W
[PID] perf=26.403Hz  target=10.581Hz  err=-15.822Hz  corr=-333.41W  u_ff=107.0W  PCAP→78W  power=78.3W
[PID] perf=26.444Hz  target=10.581Hz  err=-15.863Hz  corr=-334.18W  u_ff=107.0W  PCAP→78W  power=76.9W
[PID] perf=26.436Hz  target=10.581Hz  err=-15.855Hz  corr=-334.03W  u_ff=107.0W  PCAP→78W  power=76.9W
[PID] perf=26.432Hz  target=10.581Hz  err=-15.851Hz  corr=-333.96W  u_ff=107.0W  PCAP→78W  power=78.9W
[PID] perf=26.457Hz  target=10.581Hz  err=-15.876Hz  corr=-334.41W  u_ff=107.0W  PCAP→78W  power=76.4W
[PID] perf=26.445Hz  target=10.581Hz  err=-15.864Hz  corr=-334.19W  u_ff=107.0W  PCAP→78W  power=76.5W
[PID] perf=26.427Hz  target=10.581Hz  err=-15.847Hz  corr=-333.87W  u_ff=107.0W  PCAP→78W  power=77.5W
[PID] perf=26.453Hz  target=10.581Hz  err=-15.872Hz  corr=-334.34W  u_ff=107.0W  PCAP→78W  power=77.1W
[PID] perf=26.426Hz  target=10.581Hz  err=-15.845Hz  corr=-333.84W  u_ff=107.0W  PCAP→78W  power=77.2W
[PID] perf=26.411Hz  target=10.581Hz  err=-15.830Hz  corr=-333.57W  u_ff=107.0W  PCAP→78W  power=78.6W
[PID] perf=26.428Hz  target=10.581Hz  err=-15.847Hz  corr=-333.87W  u_ff=107.0W  PCAP→78W  power=76.8W
[PID] perf=26.408Hz  target=10.581Hz  err=-15.827Hz  corr=-333.51W  u_ff=107.0W  PCAP→78W  power=77.4W
[PID] perf=26.425Hz  target=10.581Hz  err=-15.844Hz  corr=-333.82W  u_ff=107.0W  PCAP→78W  power=77.0W
[PID] perf=26.420Hz  target=10.581Hz  err=-15.839Hz  corr=-333.73W  u_ff=107.0W  PCAP→78W  power=77.0W
[PID] perf=26.412Hz  target=10.581Hz  err=-15.831Hz  corr=-333.57W  u_ff=107.0W  PCAP→78W  power=77.1W
[PID] perf=26.413Hz  target=10.581Hz  err=-15.832Hz  corr=-333.60W  u_ff=107.0W  PCAP→78W  power=76.5W
[PID] perf=26.412Hz  target=10.581Hz  err=-15.831Hz  corr=-333.58W  u_ff=107.0W  PCAP→78W  power=76.4W
[PID] perf=26.430Hz  target=10.581Hz  err=-15.849Hz  corr=-333.92W  u_ff=107.0W  PCAP→78W  power=76.7W
[PID] perf=26.348Hz  target=10.581Hz  err=-15.767Hz  corr=-332.39W  u_ff=107.0W  PCAP→78W  power=77.9W
[PID] perf=26.394Hz  target=10.581Hz  err=-15.813Hz  corr=-333.25W  u_ff=107.0W  PCAP→78W  power=77.0W
[PID] perf=26.459Hz  target=10.581Hz  err=-15.878Hz  corr=-334.45W  u_ff=107.0W  PCAP→78W  power=79.0W
[PID] perf=26.464Hz  target=10.581Hz  err=-15.883Hz  corr=-334.55W  u_ff=107.0W  PCAP→78W  power=78.3W
[PID] perf=26.467Hz  target=10.581Hz  err=-15.886Hz  corr=-334.61W  u_ff=107.0W  PCAP→78W  power=78.1W
[PID] perf=26.481Hz  target=10.581Hz  err=-15.900Hz  corr=-334.86W  u_ff=107.0W  PCAP→78W  power=79.1W
[PID] perf=26.471Hz  target=10.581Hz  err=-15.890Hz  corr=-334.67W  u_ff=107.0W  PCAP→78W  power=78.8W
[PID] perf=26.477Hz  target=10.581Hz  err=-15.896Hz  corr=-334.78W  u_ff=107.0W  PCAP→78W  power=77.3W
[PID] perf=26.464Hz  target=10.581Hz  err=-15.883Hz  corr=-334.54W  u_ff=107.0W  PCAP→78W  power=78.6W
[PID] perf=26.454Hz  target=10.581Hz  err=-15.873Hz  corr=-334.37W  u_ff=107.0W  PCAP→78W  power=77.4W
[PID] perf=26.477Hz  target=10.581Hz  err=-15.896Hz  corr=-334.79W  u_ff=107.0W  PCAP→78W  power=78.4W
[PID] perf=26.498Hz  target=10.581Hz  err=-15.917Hz  corr=-335.18W  u_ff=107.0W  PCAP→78W  power=78.5W
[PID] perf=26.461Hz  target=10.581Hz  err=-15.880Hz  corr=-334.49W  u_ff=107.0W  PCAP→78W  power=77.3W
[PID] perf=26.484Hz  target=10.581Hz  err=-15.903Hz  corr=-334.91W  u_ff=107.0W  PCAP→78W  power=77.7W
[PID] perf=26.446Hz  target=10.581Hz  err=-15.866Hz  corr=-334.22W  u_ff=107.0W  PCAP→78W  power=77.8W
[PID] perf=26.495Hz  target=10.581Hz  err=-15.914Hz  corr=-335.12W  u_ff=107.0W  PCAP→78W  power=76.5W
[PID] perf=26.466Hz  target=10.581Hz  err=-15.885Hz  corr=-334.59W  u_ff=107.0W  PCAP→78W  power=76.3W
[PID] perf=26.472Hz  target=10.581Hz  err=-15.891Hz  corr=-334.70W  u_ff=107.0W  PCAP→78W  power=78.7W
[PID] perf=26.439Hz  target=10.581Hz  err=-15.858Hz  corr=-334.09W  u_ff=107.0W  PCAP→78W  power=78.7W
[PID] perf=26.445Hz  target=10.581Hz  err=-15.864Hz  corr=-334.19W  u_ff=107.0W  PCAP→78W  power=78.5W
[PID] perf=26.453Hz  target=10.581Hz  err=-15.872Hz  corr=-334.35W  u_ff=107.0W  PCAP→78W  power=79.3W
[PID] perf=26.446Hz  target=10.581Hz  err=-15.865Hz  corr=-334.22W  u_ff=107.0W  PCAP→78W  power=77.0W
[PID] perf=26.436Hz  target=10.581Hz  err=-15.855Hz  corr=-334.02W  u_ff=107.0W  PCAP→78W  power=77.9W
[PID] perf=26.436Hz  target=10.581Hz  err=-15.855Hz  corr=-334.02W  u_ff=107.0W  PCAP→78W  power=77.2W
[PID] perf=26.471Hz  target=10.581Hz  err=-15.890Hz  corr=-334.68W  u_ff=107.0W  PCAP→78W  power=79.0W
[PID] perf=26.465Hz  target=10.581Hz  err=-15.884Hz  corr=-334.57W  u_ff=107.0W  PCAP→78W  power=79.3W
[PID] perf=26.439Hz  target=10.581Hz  err=-15.858Hz  corr=-334.09W  u_ff=107.0W  PCAP→78W  power=78.8W
[PID] perf=26.442Hz  target=10.581Hz  err=-15.861Hz  corr=-334.14W  u_ff=107.0W  PCAP→78W  power=77.5W
[PID] perf=26.465Hz  target=10.581Hz  err=-15.884Hz  corr=-334.56W  u_ff=107.0W  PCAP→78W  power=77.5W
[PID] perf=26.443Hz  target=10.581Hz  err=-15.862Hz  corr=-334.15W  u_ff=107.0W  PCAP→78W  power=76.1W
[PID] perf=26.432Hz  target=10.581Hz  err=-15.851Hz  corr=-333.95W  u_ff=107.0W  PCAP→78W  power=77.4W
[PID] perf=26.438Hz  target=10.581Hz  err=-15.857Hz  corr=-334.06W  u_ff=107.0W  PCAP→78W  power=78.5W
[PID] perf=26.452Hz  target=10.581Hz  err=-15.871Hz  corr=-334.32W  u_ff=107.0W  PCAP→78W  power=76.6W
[PID] perf=26.432Hz  target=10.581Hz  err=-15.851Hz  corr=-333.95W  u_ff=107.0W  PCAP→78W  power=79.6W
[PID] perf=26.406Hz  target=10.581Hz  err=-15.825Hz  corr=-333.47W  u_ff=107.0W  PCAP→78W  power=78.2W
[PID] perf=26.437Hz  target=10.581Hz  err=-15.856Hz  corr=-334.04W  u_ff=107.0W  PCAP→78W  power=76.9W
[PID] perf=26.390Hz  target=10.581Hz  err=-15.810Hz  corr=-333.18W  u_ff=107.0W  PCAP→78W  power=77.1W
[PID] perf=26.402Hz  target=10.581Hz  err=-15.821Hz  corr=-333.40W  u_ff=107.0W  PCAP→78W  power=78.6W
[PID] perf=26.444Hz  target=10.581Hz  err=-15.863Hz  corr=-334.18W  u_ff=107.0W  PCAP→78W  power=77.1W
[PID] perf=26.441Hz  target=10.581Hz  err=-15.860Hz  corr=-334.11W  u_ff=107.0W  PCAP→78W  power=78.9W
[PID] perf=26.461Hz  target=10.581Hz  err=-15.880Hz  corr=-334.49W  u_ff=107.0W  PCAP→78W  power=77.2W
[PID] perf=26.448Hz  target=10.581Hz  err=-15.867Hz  corr=-334.26W  u_ff=107.0W  PCAP→78W  power=78.2W
[PID] perf=26.469Hz  target=10.581Hz  err=-15.888Hz  corr=-334.63W  u_ff=107.0W  PCAP→78W  power=78.0W
[PID] perf=26.416Hz  target=10.581Hz  err=-15.835Hz  corr=-333.65W  u_ff=107.0W  PCAP→78W  power=78.5W
[PID] perf=26.418Hz  target=10.581Hz  err=-15.837Hz  corr=-333.69W  u_ff=107.0W  PCAP→78W  power=77.5W
[PID] perf=26.380Hz  target=10.581Hz  err=-15.800Hz  corr=-333.00W  u_ff=107.0W  PCAP→78W  power=77.7W
[PID] perf=26.370Hz  target=10.581Hz  err=-15.789Hz  corr=-332.80W  u_ff=107.0W  PCAP→78W  power=77.9W
[PID] perf=26.390Hz  target=10.581Hz  err=-15.809Hz  corr=-333.17W  u_ff=107.0W  PCAP→78W  power=76.6W
[PID] perf=26.395Hz  target=10.581Hz  err=-15.814Hz  corr=-333.26W  u_ff=107.0W  PCAP→78W  power=77.0W
[PID] perf=26.362Hz  target=10.581Hz  err=-15.781Hz  corr=-332.65W  u_ff=107.0W  PCAP→78W  power=77.5W
[PID] perf=26.381Hz  target=10.581Hz  err=-15.800Hz  corr=-333.01W  u_ff=107.0W  PCAP→78W  power=78.7W
[PID] perf=26.359Hz  target=10.581Hz  err=-15.778Hz  corr=-332.61W  u_ff=107.0W  PCAP→78W  power=79.2W
[PID] perf=26.370Hz  target=10.581Hz  err=-15.789Hz  corr=-332.80W  u_ff=107.0W  PCAP→78W  power=78.9W
[PID] perf=26.416Hz  target=10.581Hz  err=-15.835Hz  corr=-333.66W  u_ff=107.0W  PCAP→78W  power=77.7W
[PID] perf=26.408Hz  target=10.581Hz  err=-15.827Hz  corr=-333.51W  u_ff=107.0W  PCAP→78W  power=78.9W
[PID] perf=26.418Hz  target=10.581Hz  err=-15.838Hz  corr=-333.70W  u_ff=107.0W  PCAP→78W  power=76.3W
[PID] perf=26.450Hz  target=10.581Hz  err=-15.869Hz  corr=-334.29W  u_ff=107.0W  PCAP→78W  power=76.9W
[PID] perf=26.410Hz  target=10.581Hz  err=-15.829Hz  corr=-333.54W  u_ff=107.0W  PCAP→78W  power=78.7W
[PID] perf=26.409Hz  target=10.581Hz  err=-15.828Hz  corr=-333.52W  u_ff=107.0W  PCAP→78W  power=78.7W
[PID] perf=26.397Hz  target=10.581Hz  err=-15.816Hz  corr=-333.30W  u_ff=107.0W  PCAP→78W  power=79.0W
[PID] perf=26.409Hz  target=10.581Hz  err=-15.828Hz  corr=-333.52W  u_ff=107.0W  PCAP→78W  power=78.1W
[PID] perf=26.415Hz  target=10.581Hz  err=-15.834Hz  corr=-333.63W  u_ff=107.0W  PCAP→78W  power=78.4W
[PID] perf=26.434Hz  target=10.581Hz  err=-15.853Hz  corr=-333.99W  u_ff=107.0W  PCAP→78W  power=78.8W
[PID] perf=26.431Hz  target=10.581Hz  err=-15.850Hz  corr=-333.93W  u_ff=107.0W  PCAP→78W  power=78.6W
[PID] perf=26.433Hz  target=10.581Hz  err=-15.852Hz  corr=-333.97W  u_ff=107.0W  PCAP→78W  power=77.0W
[PID] perf=26.420Hz  target=10.581Hz  err=-15.839Hz  corr=-333.73W  u_ff=107.0W  PCAP→78W  power=76.1W
[PID] perf=26.389Hz  target=10.581Hz  err=-15.808Hz  corr=-333.16W  u_ff=107.0W  PCAP→78W  power=77.5W
[PID] perf=26.411Hz  target=10.581Hz  err=-15.830Hz  corr=-333.56W  u_ff=107.0W  PCAP→78W  power=77.3W
[PID] perf=26.393Hz  target=10.581Hz  err=-15.812Hz  corr=-333.24W  u_ff=107.0W  PCAP→78W  power=76.4W
[PID] perf=26.433Hz  target=10.581Hz  err=-15.852Hz  corr=-333.96W  u_ff=107.0W  PCAP→78W  power=76.3W
[PID] perf=26.429Hz  target=10.581Hz  err=-15.848Hz  corr=-333.90W  u_ff=107.0W  PCAP→78W  power=76.2W
[PID] perf=26.405Hz  target=10.581Hz  err=-15.824Hz  corr=-333.44W  u_ff=107.0W  PCAP→78W  power=78.3W
[PID] perf=26.432Hz  target=10.581Hz  err=-15.851Hz  corr=-333.96W  u_ff=107.0W  PCAP→78W  power=79.0W
[PID] perf=26.403Hz  target=10.581Hz  err=-15.822Hz  corr=-333.42W  u_ff=107.0W  PCAP→78W  power=77.5W
[PID] perf=26.435Hz  target=10.581Hz  err=-15.854Hz  corr=-334.01W  u_ff=107.0W  PCAP→78W  power=78.6W
[PID] perf=26.406Hz  target=10.581Hz  err=-15.825Hz  corr=-333.47W  u_ff=107.0W  PCAP→78W  power=77.0W
[PID] perf=26.451Hz  target=10.581Hz  err=-15.870Hz  corr=-334.30W  u_ff=107.0W  PCAP→78W  power=77.2W
[PID] perf=26.426Hz  target=10.581Hz  err=-15.845Hz  corr=-333.85W  u_ff=107.0W  PCAP→78W  power=78.5W
[PID] perf=26.431Hz  target=10.581Hz  err=-15.850Hz  corr=-333.93W  u_ff=107.0W  PCAP→78W  power=77.8W
[PID] perf=26.409Hz  target=10.581Hz  err=-15.829Hz  corr=-333.54W  u_ff=107.0W  PCAP→78W  power=78.3W
[PID] perf=26.399Hz  target=10.581Hz  err=-15.818Hz  corr=-333.33W  u_ff=107.0W  PCAP→78W  power=78.5W
[PID] perf=26.408Hz  target=10.581Hz  err=-15.827Hz  corr=-333.50W  u_ff=107.0W  PCAP→78W  power=77.5W
[PID] perf=26.391Hz  target=10.581Hz  err=-15.810Hz  corr=-333.19W  u_ff=107.0W  PCAP→78W  power=76.8W
[PID] perf=26.426Hz  target=10.581Hz  err=-15.845Hz  corr=-333.84W  u_ff=107.0W  PCAP→78W  power=77.6W
[PID] perf=26.422Hz  target=10.581Hz  err=-15.842Hz  corr=-333.78W  u_ff=107.0W  PCAP→78W  power=77.9W
[PID] perf=26.416Hz  target=10.581Hz  err=-15.835Hz  corr=-333.65W  u_ff=107.0W  PCAP→78W  power=78.9W
[PID] perf=26.429Hz  target=10.581Hz  err=-15.848Hz  corr=-333.89W  u_ff=107.0W  PCAP→78W  power=78.8W
[PID] perf=26.424Hz  target=10.581Hz  err=-15.843Hz  corr=-333.81W  u_ff=107.0W  PCAP→78W  power=76.6W
[PID] perf=26.436Hz  target=10.581Hz  err=-15.855Hz  corr=-334.04W  u_ff=107.0W  PCAP→78W  power=79.1W
[PID] perf=26.406Hz  target=10.581Hz  err=-15.825Hz  corr=-333.48W  u_ff=107.0W  PCAP→78W  power=77.2W
[PID] perf=26.432Hz  target=10.581Hz  err=-15.851Hz  corr=-333.95W  u_ff=107.0W  PCAP→78W  power=77.2W
Process completed.
Compressed into /home/cc/summer2024/main_codes/pid_controller/../experiment_data/PID_Control_sweep/ones-npb-cg/compressed_iteration_20260513_113654.tar
----------------------------------

>>> Step 3/3

[ones-npb-cg]
  target perf      : 10.5809 Hz
  coefficients_perf: [-0.0006547837485238978, 0.18607436314256556, -1.8317688501798497]
  feedforward PCAP : 106.99 W  →  107 W (snapped)
  Perf(u_ff) check : 10.5809 Hz  (should ≈ target)
  PID gains        : Kp=18.5447 W/Hz  Ki=1.85447 W/(Hz·s)  Kd=0.0000
[PID] Awaiting data — feedforward PCAP=107W
[PID] Awaiting data — feedforward PCAP=107W
[PID] Awaiting data — feedforward PCAP=107W
[PID] Awaiting data — feedforward PCAP=107W
[PID] Awaiting data — feedforward PCAP=107W
[PID] Awaiting data — feedforward PCAP=107W
[PID] perf=20.230Hz  target=10.581Hz  err=-9.649Hz  corr=-214.72W  u_ff=107.0W  PCAP→78W  power=nanW
[PID] perf=18.132Hz  target=10.581Hz  err=-7.551Hz  corr=-180.03W  u_ff=107.0W  PCAP→78W  power=77.0W
[PID] perf=18.175Hz  target=10.581Hz  err=-7.594Hz  corr=-180.82W  u_ff=107.0W  PCAP→78W  power=77.5W
[PID] perf=18.173Hz  target=10.581Hz  err=-7.592Hz  corr=-180.79W  u_ff=107.0W  PCAP→78W  power=77.9W
[PID] perf=18.169Hz  target=10.581Hz  err=-7.588Hz  corr=-180.71W  u_ff=107.0W  PCAP→78W  power=79.1W
[PID] perf=18.159Hz  target=10.581Hz  err=-7.578Hz  corr=-180.54W  u_ff=107.0W  PCAP→78W  power=78.1W
[PID] perf=24.096Hz  target=10.581Hz  err=-13.515Hz  corr=-290.63W  u_ff=107.0W  PCAP→78W  power=78.0W
[PID] perf=24.526Hz  target=10.581Hz  err=-13.945Hz  corr=-298.61W  u_ff=107.0W  PCAP→78W  power=77.0W
[PID] perf=29.409Hz  target=10.581Hz  err=-18.828Hz  corr=-389.16W  u_ff=107.0W  PCAP→78W  power=78.2W
[PID] perf=29.436Hz  target=10.581Hz  err=-18.855Hz  corr=-389.66W  u_ff=107.0W  PCAP→78W  power=78.6W
[PID] perf=29.435Hz  target=10.581Hz  err=-18.854Hz  corr=-389.65W  u_ff=107.0W  PCAP→78W  power=79.1W
[PID] perf=29.423Hz  target=10.581Hz  err=-18.843Hz  corr=-389.43W  u_ff=107.0W  PCAP→78W  power=77.5W
[PID] perf=29.424Hz  target=10.581Hz  err=-18.843Hz  corr=-389.43W  u_ff=107.0W  PCAP→78W  power=78.7W
[PID] perf=29.451Hz  target=10.581Hz  err=-18.870Hz  corr=-389.94W  u_ff=107.0W  PCAP→78W  power=78.7W
[PID] perf=29.438Hz  target=10.581Hz  err=-18.857Hz  corr=-389.69W  u_ff=107.0W  PCAP→78W  power=77.2W
[PID] perf=29.451Hz  target=10.581Hz  err=-18.870Hz  corr=-389.93W  u_ff=107.0W  PCAP→78W  power=77.3W
[PID] perf=29.455Hz  target=10.581Hz  err=-18.874Hz  corr=-390.02W  u_ff=107.0W  PCAP→78W  power=77.1W
[PID] perf=29.472Hz  target=10.581Hz  err=-18.891Hz  corr=-390.33W  u_ff=107.0W  PCAP→78W  power=78.5W
[PID] perf=29.451Hz  target=10.581Hz  err=-18.870Hz  corr=-389.94W  u_ff=107.0W  PCAP→78W  power=79.1W
[PID] perf=29.458Hz  target=10.581Hz  err=-18.877Hz  corr=-390.06W  u_ff=107.0W  PCAP→78W  power=77.6W
[PID] perf=29.457Hz  target=10.581Hz  err=-18.876Hz  corr=-390.04W  u_ff=107.0W  PCAP→78W  power=76.7W
[PID] perf=29.429Hz  target=10.581Hz  err=-18.848Hz  corr=-389.52W  u_ff=107.0W  PCAP→78W  power=78.7W
[PID] perf=29.472Hz  target=10.581Hz  err=-18.891Hz  corr=-390.32W  u_ff=107.0W  PCAP→78W  power=79.3W
[PID] perf=29.425Hz  target=10.581Hz  err=-18.844Hz  corr=-389.45W  u_ff=107.0W  PCAP→78W  power=77.3W
[PID] perf=29.462Hz  target=10.581Hz  err=-18.881Hz  corr=-390.14W  u_ff=107.0W  PCAP→78W  power=79.1W
[PID] perf=29.444Hz  target=10.581Hz  err=-18.863Hz  corr=-389.82W  u_ff=107.0W  PCAP→78W  power=78.5W
[PID] perf=29.453Hz  target=10.581Hz  err=-18.872Hz  corr=-389.97W  u_ff=107.0W  PCAP→78W  power=76.9W
[PID] perf=29.447Hz  target=10.581Hz  err=-18.866Hz  corr=-389.87W  u_ff=107.0W  PCAP→78W  power=79.3W
[PID] perf=29.458Hz  target=10.581Hz  err=-18.878Hz  corr=-390.08W  u_ff=107.0W  PCAP→78W  power=79.5W
[PID] perf=29.491Hz  target=10.581Hz  err=-18.910Hz  corr=-390.68W  u_ff=107.0W  PCAP→78W  power=78.4W
[PID] perf=29.457Hz  target=10.581Hz  err=-18.876Hz  corr=-390.05W  u_ff=107.0W  PCAP→78W  power=76.6W
[PID] perf=29.404Hz  target=10.581Hz  err=-18.823Hz  corr=-389.08W  u_ff=107.0W  PCAP→78W  power=77.7W
[PID] perf=29.419Hz  target=10.581Hz  err=-18.838Hz  corr=-389.34W  u_ff=107.0W  PCAP→78W  power=77.4W
[PID] perf=29.445Hz  target=10.581Hz  err=-18.865Hz  corr=-389.84W  u_ff=107.0W  PCAP→78W  power=78.9W
[PID] perf=29.429Hz  target=10.581Hz  err=-18.848Hz  corr=-389.53W  u_ff=107.0W  PCAP→78W  power=77.4W
[PID] perf=29.411Hz  target=10.581Hz  err=-18.830Hz  corr=-389.19W  u_ff=107.0W  PCAP→78W  power=78.8W
[PID] perf=29.448Hz  target=10.581Hz  err=-18.867Hz  corr=-389.88W  u_ff=107.0W  PCAP→78W  power=79.0W
[PID] perf=29.446Hz  target=10.581Hz  err=-18.865Hz  corr=-389.85W  u_ff=107.0W  PCAP→78W  power=76.7W
[PID] perf=29.442Hz  target=10.581Hz  err=-18.861Hz  corr=-389.77W  u_ff=107.0W  PCAP→78W  power=77.6W
[PID] perf=29.442Hz  target=10.581Hz  err=-18.862Hz  corr=-389.78W  u_ff=107.0W  PCAP→78W  power=77.7W
[PID] perf=29.432Hz  target=10.581Hz  err=-18.851Hz  corr=-389.58W  u_ff=107.0W  PCAP→78W  power=77.8W
[PID] perf=29.466Hz  target=10.581Hz  err=-18.885Hz  corr=-390.21W  u_ff=107.0W  PCAP→78W  power=78.6W
[PID] perf=29.450Hz  target=10.581Hz  err=-18.869Hz  corr=-389.92W  u_ff=107.0W  PCAP→78W  power=78.7W
[PID] perf=29.465Hz  target=10.581Hz  err=-18.884Hz  corr=-390.20W  u_ff=107.0W  PCAP→78W  power=78.7W
[PID] perf=29.453Hz  target=10.581Hz  err=-18.872Hz  corr=-389.97W  u_ff=107.0W  PCAP→78W  power=78.7W
[PID] perf=29.465Hz  target=10.581Hz  err=-18.884Hz  corr=-390.21W  u_ff=107.0W  PCAP→78W  power=77.4W
[PID] perf=29.458Hz  target=10.581Hz  err=-18.877Hz  corr=-390.07W  u_ff=107.0W  PCAP→78W  power=76.8W
[PID] perf=29.468Hz  target=10.581Hz  err=-18.887Hz  corr=-390.25W  u_ff=107.0W  PCAP→78W  power=77.8W
[PID] perf=29.462Hz  target=10.581Hz  err=-18.881Hz  corr=-390.15W  u_ff=107.0W  PCAP→78W  power=77.5W
[PID] perf=29.466Hz  target=10.581Hz  err=-18.885Hz  corr=-390.21W  u_ff=107.0W  PCAP→78W  power=78.7W
[PID] perf=29.484Hz  target=10.581Hz  err=-18.903Hz  corr=-390.54W  u_ff=107.0W  PCAP→78W  power=77.1W
[PID] perf=29.474Hz  target=10.581Hz  err=-18.893Hz  corr=-390.36W  u_ff=107.0W  PCAP→78W  power=77.3W
[PID] perf=29.434Hz  target=10.581Hz  err=-18.853Hz  corr=-389.62W  u_ff=107.0W  PCAP→78W  power=77.5W
[PID] perf=29.433Hz  target=10.581Hz  err=-18.852Hz  corr=-389.60W  u_ff=107.0W  PCAP→78W  power=78.5W
[PID] perf=29.460Hz  target=10.581Hz  err=-18.879Hz  corr=-390.10W  u_ff=107.0W  PCAP→78W  power=77.1W
[PID] perf=29.427Hz  target=10.581Hz  err=-18.846Hz  corr=-389.49W  u_ff=107.0W  PCAP→78W  power=77.1W
[PID] perf=29.469Hz  target=10.581Hz  err=-18.888Hz  corr=-390.28W  u_ff=107.0W  PCAP→78W  power=79.2W
[PID] perf=29.443Hz  target=10.581Hz  err=-18.862Hz  corr=-389.79W  u_ff=107.0W  PCAP→78W  power=78.6W
[PID] perf=29.433Hz  target=10.581Hz  err=-18.852Hz  corr=-389.61W  u_ff=107.0W  PCAP→78W  power=76.3W
[PID] perf=29.462Hz  target=10.581Hz  err=-18.881Hz  corr=-390.14W  u_ff=107.0W  PCAP→78W  power=77.0W
[PID] perf=29.452Hz  target=10.581Hz  err=-18.871Hz  corr=-389.96W  u_ff=107.0W  PCAP→78W  power=78.7W
[PID] perf=29.463Hz  target=10.581Hz  err=-18.883Hz  corr=-390.17W  u_ff=107.0W  PCAP→78W  power=77.4W
[PID] perf=29.461Hz  target=10.581Hz  err=-18.880Hz  corr=-390.13W  u_ff=107.0W  PCAP→78W  power=78.0W
[PID] perf=29.443Hz  target=10.581Hz  err=-18.862Hz  corr=-389.80W  u_ff=107.0W  PCAP→78W  power=78.1W
[PID] perf=29.469Hz  target=10.581Hz  err=-18.888Hz  corr=-390.27W  u_ff=107.0W  PCAP→78W  power=77.9W
[PID] perf=29.452Hz  target=10.581Hz  err=-18.871Hz  corr=-389.96W  u_ff=107.0W  PCAP→78W  power=78.5W
[PID] perf=29.460Hz  target=10.581Hz  err=-18.879Hz  corr=-390.11W  u_ff=107.0W  PCAP→78W  power=77.4W
[PID] perf=29.433Hz  target=10.581Hz  err=-18.852Hz  corr=-389.61W  u_ff=107.0W  PCAP→78W  power=77.3W
[PID] perf=29.470Hz  target=10.581Hz  err=-18.889Hz  corr=-390.30W  u_ff=107.0W  PCAP→78W  power=76.8W
[PID] perf=29.467Hz  target=10.581Hz  err=-18.886Hz  corr=-390.23W  u_ff=107.0W  PCAP→78W  power=79.3W
[PID] perf=29.444Hz  target=10.581Hz  err=-18.864Hz  corr=-389.82W  u_ff=107.0W  PCAP→78W  power=77.1W
[PID] perf=29.380Hz  target=10.581Hz  err=-18.799Hz  corr=-388.63W  u_ff=107.0W  PCAP→78W  power=76.4W
[PID] perf=29.407Hz  target=10.581Hz  err=-18.826Hz  corr=-389.13W  u_ff=107.0W  PCAP→78W  power=77.0W
[PID] perf=29.419Hz  target=10.581Hz  err=-18.838Hz  corr=-389.34W  u_ff=107.0W  PCAP→78W  power=78.6W
[PID] perf=29.430Hz  target=10.581Hz  err=-18.849Hz  corr=-389.54W  u_ff=107.0W  PCAP→78W  power=78.0W
[PID] perf=29.415Hz  target=10.581Hz  err=-18.834Hz  corr=-389.27W  u_ff=107.0W  PCAP→78W  power=77.6W
[PID] perf=29.409Hz  target=10.581Hz  err=-18.828Hz  corr=-389.15W  u_ff=107.0W  PCAP→78W  power=78.6W
[PID] perf=27.397Hz  target=10.581Hz  err=-16.816Hz  corr=-351.85W  u_ff=107.0W  PCAP→78W  power=76.8W
[PID] perf=27.544Hz  target=10.581Hz  err=-16.963Hz  corr=-354.58W  u_ff=107.0W  PCAP→78W  power=77.8W
[PID] perf=27.547Hz  target=10.581Hz  err=-16.966Hz  corr=-354.63W  u_ff=107.0W  PCAP→78W  power=79.0W
[PID] perf=27.569Hz  target=10.581Hz  err=-16.988Hz  corr=-355.05W  u_ff=107.0W  PCAP→78W  power=78.4W
[PID] perf=27.570Hz  target=10.581Hz  err=-16.989Hz  corr=-355.06W  u_ff=107.0W  PCAP→78W  power=76.8W
[PID] perf=27.528Hz  target=10.581Hz  err=-16.947Hz  corr=-354.28W  u_ff=107.0W  PCAP→78W  power=78.0W
[PID] perf=27.639Hz  target=10.581Hz  err=-17.058Hz  corr=-356.33W  u_ff=107.0W  PCAP→78W  power=78.0W
[PID] perf=27.692Hz  target=10.581Hz  err=-17.111Hz  corr=-357.32W  u_ff=107.0W  PCAP→78W  power=77.1W
[PID] perf=27.631Hz  target=10.581Hz  err=-17.050Hz  corr=-356.20W  u_ff=107.0W  PCAP→78W  power=78.8W
[PID] perf=27.656Hz  target=10.581Hz  err=-17.075Hz  corr=-356.65W  u_ff=107.0W  PCAP→78W  power=79.4W
[PID] perf=27.640Hz  target=10.581Hz  err=-17.059Hz  corr=-356.36W  u_ff=107.0W  PCAP→78W  power=77.7W
[PID] perf=27.638Hz  target=10.581Hz  err=-17.057Hz  corr=-356.32W  u_ff=107.0W  PCAP→78W  power=77.9W
[PID] perf=27.630Hz  target=10.581Hz  err=-17.049Hz  corr=-356.17W  u_ff=107.0W  PCAP→78W  power=79.0W
[PID] perf=27.616Hz  target=10.581Hz  err=-17.035Hz  corr=-355.91W  u_ff=107.0W  PCAP→78W  power=79.1W
[PID] perf=27.609Hz  target=10.581Hz  err=-17.028Hz  corr=-355.78W  u_ff=107.0W  PCAP→78W  power=76.4W
[PID] perf=27.643Hz  target=10.581Hz  err=-17.062Hz  corr=-356.41W  u_ff=107.0W  PCAP→78W  power=77.6W
[PID] perf=27.654Hz  target=10.581Hz  err=-17.074Hz  corr=-356.62W  u_ff=107.0W  PCAP→78W  power=78.6W
[PID] perf=27.647Hz  target=10.581Hz  err=-17.066Hz  corr=-356.48W  u_ff=107.0W  PCAP→78W  power=79.2W
[PID] perf=27.653Hz  target=10.581Hz  err=-17.072Hz  corr=-356.60W  u_ff=107.0W  PCAP→78W  power=78.5W
[PID] perf=27.614Hz  target=10.581Hz  err=-17.033Hz  corr=-355.87W  u_ff=107.0W  PCAP→78W  power=78.6W
[PID] perf=27.660Hz  target=10.581Hz  err=-17.079Hz  corr=-356.72W  u_ff=107.0W  PCAP→78W  power=76.7W
[PID] perf=27.648Hz  target=10.581Hz  err=-17.067Hz  corr=-356.51W  u_ff=107.0W  PCAP→78W  power=76.3W
[PID] perf=27.658Hz  target=10.581Hz  err=-17.077Hz  corr=-356.70W  u_ff=107.0W  PCAP→78W  power=77.7W
[PID] perf=27.651Hz  target=10.581Hz  err=-17.070Hz  corr=-356.55W  u_ff=107.0W  PCAP→78W  power=78.8W
[PID] perf=27.632Hz  target=10.581Hz  err=-17.051Hz  corr=-356.21W  u_ff=107.0W  PCAP→78W  power=78.1W
[PID] perf=27.403Hz  target=10.581Hz  err=-16.822Hz  corr=-351.95W  u_ff=107.0W  PCAP→78W  power=78.6W
[PID] perf=27.473Hz  target=10.581Hz  err=-16.892Hz  corr=-353.25W  u_ff=107.0W  PCAP→78W  power=76.2W
[PID] perf=27.513Hz  target=10.581Hz  err=-16.932Hz  corr=-354.00W  u_ff=107.0W  PCAP→78W  power=76.9W
[PID] perf=27.533Hz  target=10.581Hz  err=-16.952Hz  corr=-354.36W  u_ff=107.0W  PCAP→78W  power=79.3W
[PID] perf=27.516Hz  target=10.581Hz  err=-16.935Hz  corr=-354.06W  u_ff=107.0W  PCAP→78W  power=78.2W
[PID] perf=27.539Hz  target=10.581Hz  err=-16.958Hz  corr=-354.47W  u_ff=107.0W  PCAP→78W  power=77.9W
[PID] perf=27.539Hz  target=10.581Hz  err=-16.958Hz  corr=-354.49W  u_ff=107.0W  PCAP→78W  power=78.8W
[PID] perf=27.504Hz  target=10.581Hz  err=-16.923Hz  corr=-353.83W  u_ff=107.0W  PCAP→78W  power=79.0W
[PID] perf=27.519Hz  target=10.581Hz  err=-16.938Hz  corr=-354.11W  u_ff=107.0W  PCAP→78W  power=77.2W
[PID] perf=27.496Hz  target=10.581Hz  err=-16.915Hz  corr=-353.68W  u_ff=107.0W  PCAP→78W  power=76.6W
[PID] perf=27.500Hz  target=10.581Hz  err=-16.919Hz  corr=-353.75W  u_ff=107.0W  PCAP→78W  power=78.5W
[PID] perf=27.501Hz  target=10.581Hz  err=-16.920Hz  corr=-353.78W  u_ff=107.0W  PCAP→78W  power=76.1W
[PID] perf=27.512Hz  target=10.581Hz  err=-16.931Hz  corr=-353.97W  u_ff=107.0W  PCAP→78W  power=78.3W
[PID] perf=27.507Hz  target=10.581Hz  err=-16.926Hz  corr=-353.88W  u_ff=107.0W  PCAP→78W  power=78.3W
[PID] perf=27.482Hz  target=10.581Hz  err=-16.901Hz  corr=-353.43W  u_ff=107.0W  PCAP→78W  power=76.5W
[PID] perf=27.468Hz  target=10.581Hz  err=-16.887Hz  corr=-353.16W  u_ff=107.0W  PCAP→78W  power=78.9W
[PID] perf=27.489Hz  target=10.581Hz  err=-16.908Hz  corr=-353.55W  u_ff=107.0W  PCAP→78W  power=79.2W
[PID] perf=27.492Hz  target=10.581Hz  err=-16.911Hz  corr=-353.62W  u_ff=107.0W  PCAP→78W  power=78.8W
[PID] perf=27.513Hz  target=10.581Hz  err=-16.932Hz  corr=-353.99W  u_ff=107.0W  PCAP→78W  power=78.0W
[PID] perf=27.499Hz  target=10.581Hz  err=-16.918Hz  corr=-353.75W  u_ff=107.0W  PCAP→78W  power=78.4W
[PID] perf=27.515Hz  target=10.581Hz  err=-16.934Hz  corr=-354.03W  u_ff=107.0W  PCAP→78W  power=77.6W
[PID] perf=27.498Hz  target=10.581Hz  err=-16.917Hz  corr=-353.72W  u_ff=107.0W  PCAP→78W  power=78.0W
[PID] perf=27.489Hz  target=10.581Hz  err=-16.909Hz  corr=-353.56W  u_ff=107.0W  PCAP→78W  power=77.3W
[PID] perf=27.543Hz  target=10.581Hz  err=-16.962Hz  corr=-354.56W  u_ff=107.0W  PCAP→78W  power=78.5W
[PID] perf=27.520Hz  target=10.581Hz  err=-16.939Hz  corr=-354.13W  u_ff=107.0W  PCAP→78W  power=79.3W
[PID] perf=27.494Hz  target=10.581Hz  err=-16.913Hz  corr=-353.64W  u_ff=107.0W  PCAP→78W  power=78.0W
[PID] perf=27.511Hz  target=10.581Hz  err=-16.930Hz  corr=-353.96W  u_ff=107.0W  PCAP→78W  power=77.8W
[PID] perf=27.493Hz  target=10.581Hz  err=-16.912Hz  corr=-353.63W  u_ff=107.0W  PCAP→78W  power=77.9W
[PID] perf=27.517Hz  target=10.581Hz  err=-16.936Hz  corr=-354.07W  u_ff=107.0W  PCAP→78W  power=78.0W
[PID] perf=27.488Hz  target=10.581Hz  err=-16.907Hz  corr=-353.53W  u_ff=107.0W  PCAP→78W  power=77.2W
[PID] perf=27.493Hz  target=10.581Hz  err=-16.912Hz  corr=-353.62W  u_ff=107.0W  PCAP→78W  power=77.2W
[PID] perf=27.502Hz  target=10.581Hz  err=-16.921Hz  corr=-353.80W  u_ff=107.0W  PCAP→78W  power=77.6W
[PID] perf=27.494Hz  target=10.581Hz  err=-16.913Hz  corr=-353.65W  u_ff=107.0W  PCAP→78W  power=77.9W
[PID] perf=27.496Hz  target=10.581Hz  err=-16.915Hz  corr=-353.68W  u_ff=107.0W  PCAP→78W  power=78.9W
[PID] perf=26.793Hz  target=10.581Hz  err=-16.213Hz  corr=-340.66W  u_ff=107.0W  PCAP→78W  power=79.0W
[PID] perf=27.078Hz  target=10.581Hz  err=-16.497Hz  corr=-345.94W  u_ff=107.0W  PCAP→78W  power=79.0W
[PID] perf=27.103Hz  target=10.581Hz  err=-16.523Hz  corr=-346.41W  u_ff=107.0W  PCAP→78W  power=77.7W
[PID] perf=27.123Hz  target=10.581Hz  err=-16.542Hz  corr=-346.77W  u_ff=107.0W  PCAP→78W  power=76.3W
[PID] perf=27.121Hz  target=10.581Hz  err=-16.540Hz  corr=-346.73W  u_ff=107.0W  PCAP→78W  power=77.9W
[PID] perf=27.123Hz  target=10.581Hz  err=-16.542Hz  corr=-346.76W  u_ff=107.0W  PCAP→78W  power=77.2W
[PID] perf=27.112Hz  target=10.581Hz  err=-16.531Hz  corr=-346.55W  u_ff=107.0W  PCAP→78W  power=78.1W
[PID] perf=27.131Hz  target=10.581Hz  err=-16.550Hz  corr=-346.92W  u_ff=107.0W  PCAP→78W  power=78.3W
[PID] perf=27.114Hz  target=10.581Hz  err=-16.533Hz  corr=-346.60W  u_ff=107.0W  PCAP→78W  power=78.5W
[PID] perf=27.133Hz  target=10.581Hz  err=-16.552Hz  corr=-346.95W  u_ff=107.0W  PCAP→78W  power=76.8W
[PID] perf=27.120Hz  target=10.581Hz  err=-16.540Hz  corr=-346.72W  u_ff=107.0W  PCAP→78W  power=78.3W
[PID] perf=27.128Hz  target=10.581Hz  err=-16.547Hz  corr=-346.87W  u_ff=107.0W  PCAP→78W  power=77.2W
[PID] perf=27.161Hz  target=10.581Hz  err=-16.580Hz  corr=-347.47W  u_ff=107.0W  PCAP→78W  power=79.1W
[PID] perf=27.101Hz  target=10.581Hz  err=-16.520Hz  corr=-346.37W  u_ff=107.0W  PCAP→78W  power=79.2W
[PID] perf=27.150Hz  target=10.581Hz  err=-16.569Hz  corr=-347.27W  u_ff=107.0W  PCAP→78W  power=77.6W
[PID] perf=27.146Hz  target=10.581Hz  err=-16.565Hz  corr=-347.19W  u_ff=107.0W  PCAP→78W  power=76.9W
[PID] perf=27.110Hz  target=10.581Hz  err=-16.529Hz  corr=-346.53W  u_ff=107.0W  PCAP→78W  power=76.0W
[PID] perf=27.131Hz  target=10.581Hz  err=-16.550Hz  corr=-346.92W  u_ff=107.0W  PCAP→78W  power=78.9W
[PID] perf=27.097Hz  target=10.581Hz  err=-16.516Hz  corr=-346.28W  u_ff=107.0W  PCAP→78W  power=78.9W
[PID] perf=27.042Hz  target=10.581Hz  err=-16.461Hz  corr=-345.27W  u_ff=107.0W  PCAP→78W  power=78.9W
[PID] perf=27.073Hz  target=10.581Hz  err=-16.492Hz  corr=-345.84W  u_ff=107.0W  PCAP→78W  power=77.2W
[PID] perf=27.071Hz  target=10.581Hz  err=-16.490Hz  corr=-345.80W  u_ff=107.0W  PCAP→78W  power=78.2W
[PID] perf=27.079Hz  target=10.581Hz  err=-16.498Hz  corr=-345.94W  u_ff=107.0W  PCAP→78W  power=78.5W
[PID] perf=27.080Hz  target=10.581Hz  err=-16.499Hz  corr=-345.96W  u_ff=107.0W  PCAP→78W  power=76.0W
[PID] perf=27.088Hz  target=10.581Hz  err=-16.507Hz  corr=-346.12W  u_ff=107.0W  PCAP→78W  power=78.1W
[PID] perf=26.951Hz  target=10.581Hz  err=-16.370Hz  corr=-343.57W  u_ff=107.0W  PCAP→78W  power=78.6W
[PID] perf=27.138Hz  target=10.581Hz  err=-16.557Hz  corr=-347.05W  u_ff=107.0W  PCAP→78W  power=77.7W
[PID] perf=27.201Hz  target=10.581Hz  err=-16.620Hz  corr=-348.22W  u_ff=107.0W  PCAP→78W  power=78.7W
[PID] perf=27.234Hz  target=10.581Hz  err=-16.653Hz  corr=-348.83W  u_ff=107.0W  PCAP→78W  power=77.3W
[PID] perf=27.249Hz  target=10.581Hz  err=-16.668Hz  corr=-349.10W  u_ff=107.0W  PCAP→78W  power=77.0W
[PID] perf=27.279Hz  target=10.581Hz  err=-16.698Hz  corr=-349.66W  u_ff=107.0W  PCAP→78W  power=77.2W
[PID] perf=27.251Hz  target=10.581Hz  err=-16.670Hz  corr=-349.14W  u_ff=107.0W  PCAP→78W  power=78.0W
[PID] perf=27.264Hz  target=10.581Hz  err=-16.683Hz  corr=-349.38W  u_ff=107.0W  PCAP→78W  power=78.3W
[PID] perf=27.261Hz  target=10.581Hz  err=-16.680Hz  corr=-349.33W  u_ff=107.0W  PCAP→78W  power=78.8W
[PID] perf=27.239Hz  target=10.581Hz  err=-16.658Hz  corr=-348.92W  u_ff=107.0W  PCAP→78W  power=77.8W
[PID] perf=27.242Hz  target=10.581Hz  err=-16.661Hz  corr=-348.97W  u_ff=107.0W  PCAP→78W  power=77.1W
[PID] perf=27.227Hz  target=10.581Hz  err=-16.646Hz  corr=-348.70W  u_ff=107.0W  PCAP→78W  power=79.1W
[PID] perf=27.252Hz  target=10.581Hz  err=-16.671Hz  corr=-349.16W  u_ff=107.0W  PCAP→78W  power=77.2W
[PID] perf=27.223Hz  target=10.581Hz  err=-16.642Hz  corr=-348.62W  u_ff=107.0W  PCAP→78W  power=78.7W
[PID] perf=27.227Hz  target=10.581Hz  err=-16.646Hz  corr=-348.70W  u_ff=107.0W  PCAP→78W  power=76.9W
[PID] perf=27.239Hz  target=10.581Hz  err=-16.658Hz  corr=-348.91W  u_ff=107.0W  PCAP→78W  power=78.0W
[PID] perf=27.240Hz  target=10.581Hz  err=-16.659Hz  corr=-348.94W  u_ff=107.0W  PCAP→78W  power=78.0W
[PID] perf=27.250Hz  target=10.581Hz  err=-16.669Hz  corr=-349.13W  u_ff=107.0W  PCAP→78W  power=77.1W
[PID] perf=27.232Hz  target=10.581Hz  err=-16.651Hz  corr=-348.78W  u_ff=107.0W  PCAP→78W  power=77.2W
[PID] perf=27.235Hz  target=10.581Hz  err=-16.654Hz  corr=-348.85W  u_ff=107.0W  PCAP→78W  power=76.5W
[PID] perf=27.236Hz  target=10.581Hz  err=-16.655Hz  corr=-348.87W  u_ff=107.0W  PCAP→78W  power=78.4W
[PID] perf=27.263Hz  target=10.581Hz  err=-16.682Hz  corr=-349.37W  u_ff=107.0W  PCAP→78W  power=78.5W
[PID] perf=27.247Hz  target=10.581Hz  err=-16.666Hz  corr=-349.07W  u_ff=107.0W  PCAP→78W  power=76.8W
[PID] perf=27.276Hz  target=10.581Hz  err=-16.695Hz  corr=-349.60W  u_ff=107.0W  PCAP→78W  power=77.7W
[PID] perf=27.243Hz  target=10.581Hz  err=-16.662Hz  corr=-348.99W  u_ff=107.0W  PCAP→78W  power=77.5W
[PID] perf=27.279Hz  target=10.581Hz  err=-16.698Hz  corr=-349.66W  u_ff=107.0W  PCAP→78W  power=79.1W
[PID] perf=27.295Hz  target=10.581Hz  err=-16.714Hz  corr=-349.95W  u_ff=107.0W  PCAP→78W  power=78.8W
[PID] perf=27.283Hz  target=10.581Hz  err=-16.702Hz  corr=-349.74W  u_ff=107.0W  PCAP→78W  power=77.4W
[PID] perf=27.250Hz  target=10.581Hz  err=-16.669Hz  corr=-349.12W  u_ff=107.0W  PCAP→78W  power=79.0W
[PID] perf=27.281Hz  target=10.581Hz  err=-16.700Hz  corr=-349.70W  u_ff=107.0W  PCAP→78W  power=77.4W
[PID] perf=27.280Hz  target=10.581Hz  err=-16.699Hz  corr=-349.69W  u_ff=107.0W  PCAP→78W  power=77.5W
[PID] perf=27.215Hz  target=10.581Hz  err=-16.634Hz  corr=-348.47W  u_ff=107.0W  PCAP→78W  power=76.4W
[PID] perf=27.289Hz  target=10.581Hz  err=-16.708Hz  corr=-349.85W  u_ff=107.0W  PCAP→78W  power=76.4W
[PID] perf=27.276Hz  target=10.581Hz  err=-16.695Hz  corr=-349.61W  u_ff=107.0W  PCAP→78W  power=77.1W
[PID] perf=27.289Hz  target=10.581Hz  err=-16.708Hz  corr=-349.84W  u_ff=107.0W  PCAP→78W  power=76.8W
[PID] perf=27.240Hz  target=10.581Hz  err=-16.659Hz  corr=-348.94W  u_ff=107.0W  PCAP→78W  power=77.8W
[PID] perf=27.235Hz  target=10.581Hz  err=-16.654Hz  corr=-348.85W  u_ff=107.0W  PCAP→78W  power=76.7W
[PID] perf=27.222Hz  target=10.581Hz  err=-16.641Hz  corr=-348.60W  u_ff=107.0W  PCAP→78W  power=77.9W
[PID] perf=27.277Hz  target=10.581Hz  err=-16.696Hz  corr=-349.62W  u_ff=107.0W  PCAP→78W  power=78.9W
[PID] perf=27.254Hz  target=10.581Hz  err=-16.673Hz  corr=-349.20W  u_ff=107.0W  PCAP→78W  power=77.8W
[PID] perf=27.247Hz  target=10.581Hz  err=-16.666Hz  corr=-349.07W  u_ff=107.0W  PCAP→78W  power=77.7W
[PID] perf=27.254Hz  target=10.581Hz  err=-16.673Hz  corr=-349.20W  u_ff=107.0W  PCAP→78W  power=76.8W
[PID] perf=27.262Hz  target=10.581Hz  err=-16.681Hz  corr=-349.35W  u_ff=107.0W  PCAP→78W  power=77.6W
[PID] perf=27.236Hz  target=10.581Hz  err=-16.656Hz  corr=-348.87W  u_ff=107.0W  PCAP→78W  power=78.4W
[PID] perf=27.241Hz  target=10.581Hz  err=-16.660Hz  corr=-348.95W  u_ff=107.0W  PCAP→78W  power=78.0W
[PID] perf=27.256Hz  target=10.581Hz  err=-16.675Hz  corr=-349.24W  u_ff=107.0W  PCAP→78W  power=77.7W
[PID] perf=27.265Hz  target=10.581Hz  err=-16.684Hz  corr=-349.40W  u_ff=107.0W  PCAP→78W  power=77.1W
[PID] perf=27.262Hz  target=10.581Hz  err=-16.681Hz  corr=-349.34W  u_ff=107.0W  PCAP→78W  power=76.6W
[PID] perf=27.278Hz  target=10.581Hz  err=-16.697Hz  corr=-349.65W  u_ff=107.0W  PCAP→78W  power=77.9W
[PID] perf=27.239Hz  target=10.581Hz  err=-16.658Hz  corr=-348.92W  u_ff=107.0W  PCAP→78W  power=77.8W
[PID] perf=27.234Hz  target=10.581Hz  err=-16.653Hz  corr=-348.83W  u_ff=107.0W  PCAP→78W  power=78.2W
[PID] perf=27.157Hz  target=10.581Hz  err=-16.576Hz  corr=-347.40W  u_ff=107.0W  PCAP→78W  power=77.6W
[PID] perf=27.231Hz  target=10.581Hz  err=-16.650Hz  corr=-348.77W  u_ff=107.0W  PCAP→78W  power=79.3W
[PID] perf=27.220Hz  target=10.581Hz  err=-16.639Hz  corr=-348.56W  u_ff=107.0W  PCAP→78W  power=77.3W
[PID] perf=27.294Hz  target=10.581Hz  err=-16.714Hz  corr=-349.95W  u_ff=107.0W  PCAP→78W  power=76.7W
[PID] perf=27.282Hz  target=10.581Hz  err=-16.701Hz  corr=-349.71W  u_ff=107.0W  PCAP→78W  power=77.7W
[PID] perf=27.298Hz  target=10.581Hz  err=-16.717Hz  corr=-350.01W  u_ff=107.0W  PCAP→78W  power=77.3W
[PID] perf=27.312Hz  target=10.581Hz  err=-16.731Hz  corr=-350.27W  u_ff=107.0W  PCAP→78W  power=77.7W
[PID] perf=27.304Hz  target=10.581Hz  err=-16.723Hz  corr=-350.13W  u_ff=107.0W  PCAP→78W  power=79.0W
[PID] perf=27.328Hz  target=10.581Hz  err=-16.747Hz  corr=-350.57W  u_ff=107.0W  PCAP→78W  power=79.0W
[PID] perf=27.317Hz  target=10.581Hz  err=-16.736Hz  corr=-350.37W  u_ff=107.0W  PCAP→78W  power=78.6W
[PID] perf=27.254Hz  target=10.581Hz  err=-16.673Hz  corr=-349.19W  u_ff=107.0W  PCAP→78W  power=79.1W
[PID] perf=27.326Hz  target=10.581Hz  err=-16.745Hz  corr=-350.53W  u_ff=107.0W  PCAP→78W  power=76.7W
[PID] perf=27.297Hz  target=10.581Hz  err=-16.716Hz  corr=-350.00W  u_ff=107.0W  PCAP→78W  power=77.7W
[PID] perf=27.310Hz  target=10.581Hz  err=-16.729Hz  corr=-350.24W  u_ff=107.0W  PCAP→78W  power=79.3W
[PID] perf=27.311Hz  target=10.581Hz  err=-16.730Hz  corr=-350.26W  u_ff=107.0W  PCAP→78W  power=78.7W
[PID] perf=27.323Hz  target=10.581Hz  err=-16.742Hz  corr=-350.48W  u_ff=107.0W  PCAP→78W  power=78.0W
[PID] perf=27.296Hz  target=10.581Hz  err=-16.715Hz  corr=-349.97W  u_ff=107.0W  PCAP→78W  power=78.5W
[PID] perf=27.276Hz  target=10.581Hz  err=-16.695Hz  corr=-349.60W  u_ff=107.0W  PCAP→78W  power=76.9W
[PID] perf=27.301Hz  target=10.581Hz  err=-16.720Hz  corr=-350.06W  u_ff=107.0W  PCAP→78W  power=77.7W
[PID] perf=27.897Hz  target=10.581Hz  err=-17.316Hz  corr=-361.12W  u_ff=107.0W  PCAP→78W  power=76.6W
[PID] perf=28.060Hz  target=10.581Hz  err=-17.479Hz  corr=-364.14W  u_ff=107.0W  PCAP→78W  power=77.7W
[PID] perf=28.069Hz  target=10.581Hz  err=-17.489Hz  corr=-364.32W  u_ff=107.0W  PCAP→78W  power=78.4W
[PID] perf=28.127Hz  target=10.581Hz  err=-17.546Hz  corr=-365.39W  u_ff=107.0W  PCAP→78W  power=77.7W
[PID] perf=28.119Hz  target=10.581Hz  err=-17.538Hz  corr=-365.23W  u_ff=107.0W  PCAP→78W  power=77.8W
[PID] perf=28.126Hz  target=10.581Hz  err=-17.545Hz  corr=-365.37W  u_ff=107.0W  PCAP→78W  power=78.6W
[PID] perf=28.100Hz  target=10.581Hz  err=-17.519Hz  corr=-364.89W  u_ff=107.0W  PCAP→78W  power=76.6W
[PID] perf=28.079Hz  target=10.581Hz  err=-17.498Hz  corr=-364.49W  u_ff=107.0W  PCAP→78W  power=78.4W
[PID] perf=28.106Hz  target=10.581Hz  err=-17.525Hz  corr=-365.00W  u_ff=107.0W  PCAP→78W  power=78.4W
[PID] perf=28.120Hz  target=10.581Hz  err=-17.539Hz  corr=-365.25W  u_ff=107.0W  PCAP→78W  power=78.2W
[PID] perf=28.130Hz  target=10.581Hz  err=-17.549Hz  corr=-365.44W  u_ff=107.0W  PCAP→78W  power=78.3W
[PID] perf=28.141Hz  target=10.581Hz  err=-17.560Hz  corr=-365.65W  u_ff=107.0W  PCAP→78W  power=77.2W
[PID] perf=28.143Hz  target=10.581Hz  err=-17.562Hz  corr=-365.68W  u_ff=107.0W  PCAP→78W  power=77.4W
[PID] perf=28.137Hz  target=10.581Hz  err=-17.556Hz  corr=-365.57W  u_ff=107.0W  PCAP→78W  power=77.8W
[PID] perf=28.099Hz  target=10.581Hz  err=-17.518Hz  corr=-364.86W  u_ff=107.0W  PCAP→78W  power=77.8W
[PID] perf=28.081Hz  target=10.581Hz  err=-17.500Hz  corr=-364.53W  u_ff=107.0W  PCAP→78W  power=77.5W
[PID] perf=28.101Hz  target=10.581Hz  err=-17.520Hz  corr=-364.91W  u_ff=107.0W  PCAP→78W  power=78.2W
[PID] perf=28.139Hz  target=10.581Hz  err=-17.558Hz  corr=-365.61W  u_ff=107.0W  PCAP→78W  power=78.9W
[PID] perf=28.138Hz  target=10.581Hz  err=-17.557Hz  corr=-365.58W  u_ff=107.0W  PCAP→78W  power=77.7W
[PID] perf=28.107Hz  target=10.581Hz  err=-17.527Hz  corr=-365.02W  u_ff=107.0W  PCAP→78W  power=77.4W
[PID] perf=28.099Hz  target=10.581Hz  err=-17.518Hz  corr=-364.87W  u_ff=107.0W  PCAP→78W  power=77.4W
[PID] perf=28.110Hz  target=10.581Hz  err=-17.529Hz  corr=-365.07W  u_ff=107.0W  PCAP→78W  power=77.6W
[PID] perf=28.110Hz  target=10.581Hz  err=-17.529Hz  corr=-365.06W  u_ff=107.0W  PCAP→78W  power=76.5W
[PID] perf=28.094Hz  target=10.581Hz  err=-17.513Hz  corr=-364.77W  u_ff=107.0W  PCAP→78W  power=77.6W
[PID] perf=28.075Hz  target=10.581Hz  err=-17.494Hz  corr=-364.42W  u_ff=107.0W  PCAP→78W  power=76.9W
[PID] perf=28.093Hz  target=10.581Hz  err=-17.512Hz  corr=-364.75W  u_ff=107.0W  PCAP→78W  power=77.1W
[PID] perf=28.107Hz  target=10.581Hz  err=-17.526Hz  corr=-365.02W  u_ff=107.0W  PCAP→78W  power=77.5W
[PID] perf=28.128Hz  target=10.581Hz  err=-17.547Hz  corr=-365.40W  u_ff=107.0W  PCAP→78W  power=77.3W
[PID] perf=28.136Hz  target=10.581Hz  err=-17.555Hz  corr=-365.56W  u_ff=107.0W  PCAP→78W  power=77.3W
[PID] perf=28.097Hz  target=10.581Hz  err=-17.516Hz  corr=-364.83W  u_ff=107.0W  PCAP→78W  power=76.6W
[PID] perf=28.107Hz  target=10.581Hz  err=-17.526Hz  corr=-365.02W  u_ff=107.0W  PCAP→78W  power=77.3W
[PID] perf=28.088Hz  target=10.581Hz  err=-17.507Hz  corr=-364.67W  u_ff=107.0W  PCAP→78W  power=77.0W
[PID] perf=28.122Hz  target=10.581Hz  err=-17.541Hz  corr=-365.29W  u_ff=107.0W  PCAP→78W  power=77.0W
[PID] perf=28.120Hz  target=10.581Hz  err=-17.539Hz  corr=-365.25W  u_ff=107.0W  PCAP→78W  power=77.7W
[PID] perf=28.134Hz  target=10.581Hz  err=-17.553Hz  corr=-365.51W  u_ff=107.0W  PCAP→78W  power=79.0W
[PID] perf=28.125Hz  target=10.581Hz  err=-17.544Hz  corr=-365.35W  u_ff=107.0W  PCAP→78W  power=78.3W
[PID] perf=28.115Hz  target=10.581Hz  err=-17.534Hz  corr=-365.16W  u_ff=107.0W  PCAP→78W  power=79.0W
[PID] perf=28.096Hz  target=10.581Hz  err=-17.515Hz  corr=-364.80W  u_ff=107.0W  PCAP→78W  power=78.1W
[PID] perf=28.117Hz  target=10.581Hz  err=-17.536Hz  corr=-365.19W  u_ff=107.0W  PCAP→78W  power=76.6W
[PID] perf=28.141Hz  target=10.581Hz  err=-17.560Hz  corr=-365.65W  u_ff=107.0W  PCAP→78W  power=77.3W
[PID] perf=28.118Hz  target=10.581Hz  err=-17.537Hz  corr=-365.21W  u_ff=107.0W  PCAP→78W  power=76.2W
[PID] perf=28.117Hz  target=10.581Hz  err=-17.537Hz  corr=-365.21W  u_ff=107.0W  PCAP→78W  power=77.7W
[PID] perf=28.157Hz  target=10.581Hz  err=-17.576Hz  corr=-365.93W  u_ff=107.0W  PCAP→78W  power=77.1W
[PID] perf=28.136Hz  target=10.581Hz  err=-17.555Hz  corr=-365.55W  u_ff=107.0W  PCAP→78W  power=77.3W
[PID] perf=28.156Hz  target=10.581Hz  err=-17.575Hz  corr=-365.92W  u_ff=107.0W  PCAP→78W  power=76.5W
[PID] perf=28.133Hz  target=10.581Hz  err=-17.553Hz  corr=-365.51W  u_ff=107.0W  PCAP→78W  power=77.9W
[PID] perf=28.127Hz  target=10.581Hz  err=-17.546Hz  corr=-365.39W  u_ff=107.0W  PCAP→78W  power=78.5W
[PID] perf=28.162Hz  target=10.581Hz  err=-17.581Hz  corr=-366.03W  u_ff=107.0W  PCAP→78W  power=78.8W
[PID] perf=28.121Hz  target=10.581Hz  err=-17.540Hz  corr=-365.27W  u_ff=107.0W  PCAP→78W  power=78.0W
[PID] perf=28.080Hz  target=10.581Hz  err=-17.499Hz  corr=-364.51W  u_ff=107.0W  PCAP→78W  power=78.9W
[PID] perf=29.248Hz  target=10.581Hz  err=-18.667Hz  corr=-386.17W  u_ff=107.0W  PCAP→78W  power=79.5W
[PID] perf=29.287Hz  target=10.581Hz  err=-18.706Hz  corr=-386.90W  u_ff=107.0W  PCAP→78W  power=78.1W
[PID] perf=29.299Hz  target=10.581Hz  err=-18.718Hz  corr=-387.12W  u_ff=107.0W  PCAP→78W  power=76.4W
[PID] perf=29.278Hz  target=10.581Hz  err=-18.697Hz  corr=-386.73W  u_ff=107.0W  PCAP→78W  power=77.9W
[PID] perf=29.285Hz  target=10.581Hz  err=-18.704Hz  corr=-386.86W  u_ff=107.0W  PCAP→78W  power=78.8W
[PID] perf=29.252Hz  target=10.581Hz  err=-18.671Hz  corr=-386.25W  u_ff=107.0W  PCAP→78W  power=77.2W
[PID] perf=29.277Hz  target=10.581Hz  err=-18.697Hz  corr=-386.72W  u_ff=107.0W  PCAP→78W  power=76.1W
[PID] perf=29.257Hz  target=10.581Hz  err=-18.676Hz  corr=-386.34W  u_ff=107.0W  PCAP→78W  power=78.1W
[PID] perf=29.251Hz  target=10.581Hz  err=-18.670Hz  corr=-386.23W  u_ff=107.0W  PCAP→78W  power=78.6W
[PID] perf=29.300Hz  target=10.581Hz  err=-18.719Hz  corr=-387.13W  u_ff=107.0W  PCAP→78W  power=78.9W
[PID] perf=29.289Hz  target=10.581Hz  err=-18.708Hz  corr=-386.94W  u_ff=107.0W  PCAP→78W  power=78.7W
[PID] perf=29.253Hz  target=10.581Hz  err=-18.672Hz  corr=-386.27W  u_ff=107.0W  PCAP→78W  power=79.1W
[PID] perf=29.283Hz  target=10.581Hz  err=-18.702Hz  corr=-386.82W  u_ff=107.0W  PCAP→78W  power=76.3W
[PID] perf=29.282Hz  target=10.581Hz  err=-18.701Hz  corr=-386.81W  u_ff=107.0W  PCAP→78W  power=76.6W
[PID] perf=29.287Hz  target=10.581Hz  err=-18.706Hz  corr=-386.89W  u_ff=107.0W  PCAP→78W  power=77.6W
[PID] perf=29.233Hz  target=10.581Hz  err=-18.653Hz  corr=-385.90W  u_ff=107.0W  PCAP→78W  power=78.2W
[PID] perf=29.278Hz  target=10.581Hz  err=-18.697Hz  corr=-386.73W  u_ff=107.0W  PCAP→78W  power=77.8W
[PID] perf=29.271Hz  target=10.581Hz  err=-18.690Hz  corr=-386.60W  u_ff=107.0W  PCAP→78W  power=78.4W
[PID] perf=29.284Hz  target=10.581Hz  err=-18.703Hz  corr=-386.85W  u_ff=107.0W  PCAP→78W  power=78.6W
[PID] perf=29.289Hz  target=10.581Hz  err=-18.708Hz  corr=-386.94W  u_ff=107.0W  PCAP→78W  power=76.6W
[PID] perf=29.265Hz  target=10.581Hz  err=-18.684Hz  corr=-386.49W  u_ff=107.0W  PCAP→78W  power=78.1W
[PID] perf=29.289Hz  target=10.581Hz  err=-18.708Hz  corr=-386.93W  u_ff=107.0W  PCAP→78W  power=78.4W
[PID] perf=29.293Hz  target=10.581Hz  err=-18.712Hz  corr=-387.01W  u_ff=107.0W  PCAP→78W  power=77.0W
[PID] perf=29.307Hz  target=10.581Hz  err=-18.726Hz  corr=-387.27W  u_ff=107.0W  PCAP→78W  power=77.0W
[PID] perf=29.282Hz  target=10.581Hz  err=-18.701Hz  corr=-386.80W  u_ff=107.0W  PCAP→78W  power=78.7W
[PID] perf=29.297Hz  target=10.581Hz  err=-18.716Hz  corr=-387.09W  u_ff=107.0W  PCAP→78W  power=77.1W
[PID] perf=29.298Hz  target=10.581Hz  err=-18.717Hz  corr=-387.10W  u_ff=107.0W  PCAP→78W  power=76.4W
[PID] perf=29.279Hz  target=10.581Hz  err=-18.698Hz  corr=-386.75W  u_ff=107.0W  PCAP→78W  power=77.0W
[PID] perf=29.265Hz  target=10.581Hz  err=-18.684Hz  corr=-386.50W  u_ff=107.0W  PCAP→78W  power=79.3W
[PID] perf=29.303Hz  target=10.581Hz  err=-18.722Hz  corr=-387.20W  u_ff=107.0W  PCAP→78W  power=77.4W
[PID] perf=29.302Hz  target=10.581Hz  err=-18.721Hz  corr=-387.18W  u_ff=107.0W  PCAP→78W  power=78.5W
[PID] perf=29.293Hz  target=10.581Hz  err=-18.712Hz  corr=-387.02W  u_ff=107.0W  PCAP→78W  power=78.3W
[PID] perf=29.316Hz  target=10.581Hz  err=-18.735Hz  corr=-387.44W  u_ff=107.0W  PCAP→78W  power=78.8W
[PID] perf=29.284Hz  target=10.581Hz  err=-18.704Hz  corr=-386.85W  u_ff=107.0W  PCAP→78W  power=77.3W
[PID] perf=29.291Hz  target=10.581Hz  err=-18.710Hz  corr=-386.97W  u_ff=107.0W  PCAP→78W  power=76.5W
[PID] perf=29.293Hz  target=10.581Hz  err=-18.712Hz  corr=-387.01W  u_ff=107.0W  PCAP→78W  power=79.1W
[PID] perf=29.318Hz  target=10.581Hz  err=-18.737Hz  corr=-387.48W  u_ff=107.0W  PCAP→78W  power=79.3W
[PID] perf=29.268Hz  target=10.581Hz  err=-18.687Hz  corr=-386.55W  u_ff=107.0W  PCAP→78W  power=78.5W
[PID] perf=29.300Hz  target=10.581Hz  err=-18.719Hz  corr=-387.14W  u_ff=107.0W  PCAP→78W  power=76.2W
[PID] perf=29.258Hz  target=10.581Hz  err=-18.678Hz  corr=-386.37W  u_ff=107.0W  PCAP→78W  power=76.1W
[PID] perf=29.288Hz  target=10.581Hz  err=-18.707Hz  corr=-386.91W  u_ff=107.0W  PCAP→78W  power=79.1W
[PID] perf=29.314Hz  target=10.581Hz  err=-18.733Hz  corr=-387.40W  u_ff=107.0W  PCAP→78W  power=79.2W
[PID] perf=29.312Hz  target=10.581Hz  err=-18.731Hz  corr=-387.36W  u_ff=107.0W  PCAP→78W  power=76.9W
[PID] perf=29.313Hz  target=10.581Hz  err=-18.732Hz  corr=-387.37W  u_ff=107.0W  PCAP→78W  power=77.5W
[PID] perf=29.301Hz  target=10.581Hz  err=-18.721Hz  corr=-387.17W  u_ff=107.0W  PCAP→78W  power=78.4W
[PID] perf=29.321Hz  target=10.581Hz  err=-18.740Hz  corr=-387.53W  u_ff=107.0W  PCAP→78W  power=78.5W
[PID] perf=29.315Hz  target=10.581Hz  err=-18.734Hz  corr=-387.41W  u_ff=107.0W  PCAP→78W  power=79.2W
[PID] perf=29.332Hz  target=10.581Hz  err=-18.751Hz  corr=-387.74W  u_ff=107.0W  PCAP→78W  power=77.4W
[PID] perf=29.334Hz  target=10.581Hz  err=-18.753Hz  corr=-387.78W  u_ff=107.0W  PCAP→78W  power=77.9W
[PID] perf=29.286Hz  target=10.581Hz  err=-18.705Hz  corr=-386.88W  u_ff=107.0W  PCAP→78W  power=78.9W
[PID] perf=29.280Hz  target=10.581Hz  err=-18.699Hz  corr=-386.77W  u_ff=107.0W  PCAP→78W  power=78.5W
[PID] perf=29.287Hz  target=10.581Hz  err=-18.706Hz  corr=-386.90W  u_ff=107.0W  PCAP→78W  power=77.7W
[PID] perf=29.265Hz  target=10.581Hz  err=-18.684Hz  corr=-386.49W  u_ff=107.0W  PCAP→78W  power=77.8W
[PID] perf=29.307Hz  target=10.581Hz  err=-18.726Hz  corr=-387.27W  u_ff=107.0W  PCAP→78W  power=77.6W
[PID] perf=29.311Hz  target=10.581Hz  err=-18.730Hz  corr=-387.34W  u_ff=107.0W  PCAP→78W  power=78.9W
[PID] perf=29.305Hz  target=10.581Hz  err=-18.724Hz  corr=-387.24W  u_ff=107.0W  PCAP→78W  power=77.5W
[PID] perf=29.296Hz  target=10.581Hz  err=-18.715Hz  corr=-387.06W  u_ff=107.0W  PCAP→78W  power=75.9W
[PID] perf=29.313Hz  target=10.581Hz  err=-18.732Hz  corr=-387.38W  u_ff=107.0W  PCAP→78W  power=79.1W
[PID] perf=29.314Hz  target=10.581Hz  err=-18.733Hz  corr=-387.39W  u_ff=107.0W  PCAP→78W  power=77.2W
[PID] perf=29.299Hz  target=10.581Hz  err=-18.718Hz  corr=-387.12W  u_ff=107.0W  PCAP→78W  power=77.8W
[PID] perf=29.312Hz  target=10.581Hz  err=-18.731Hz  corr=-387.36W  u_ff=107.0W  PCAP→78W  power=78.2W
[PID] perf=27.748Hz  target=10.581Hz  err=-17.167Hz  corr=-358.36W  u_ff=107.0W  PCAP→78W  power=77.1W
[PID] perf=27.814Hz  target=10.581Hz  err=-17.234Hz  corr=-359.59W  u_ff=107.0W  PCAP→78W  power=77.4W
[PID] perf=27.831Hz  target=10.581Hz  err=-17.250Hz  corr=-359.90W  u_ff=107.0W  PCAP→78W  power=77.2W
[PID] perf=27.904Hz  target=10.581Hz  err=-17.323Hz  corr=-361.25W  u_ff=107.0W  PCAP→78W  power=77.0W
[PID] perf=27.885Hz  target=10.581Hz  err=-17.304Hz  corr=-360.89W  u_ff=107.0W  PCAP→78W  power=78.0W
[PID] perf=27.913Hz  target=10.581Hz  err=-17.333Hz  corr=-361.43W  u_ff=107.0W  PCAP→78W  power=77.4W
[PID] perf=27.857Hz  target=10.581Hz  err=-17.276Hz  corr=-360.38W  u_ff=107.0W  PCAP→78W  power=78.3W
[PID] perf=29.309Hz  target=10.581Hz  err=-18.728Hz  corr=-387.30W  u_ff=107.0W  PCAP→78W  power=78.5W
[PID] perf=29.340Hz  target=10.581Hz  err=-18.759Hz  corr=-387.88W  u_ff=107.0W  PCAP→78W  power=78.1W
[PID] perf=29.354Hz  target=10.581Hz  err=-18.773Hz  corr=-388.14W  u_ff=107.0W  PCAP→78W  power=77.8W
[PID] perf=29.292Hz  target=10.581Hz  err=-18.711Hz  corr=-386.99W  u_ff=107.0W  PCAP→78W  power=78.5W
[PID] perf=29.326Hz  target=10.581Hz  err=-18.745Hz  corr=-387.63W  u_ff=107.0W  PCAP→78W  power=78.4W
[PID] perf=29.308Hz  target=10.581Hz  err=-18.727Hz  corr=-387.29W  u_ff=107.0W  PCAP→78W  power=77.6W
[PID] perf=29.185Hz  target=10.581Hz  err=-18.604Hz  corr=-385.00W  u_ff=107.0W  PCAP→78W  power=76.3W
[PID] perf=27.357Hz  target=10.581Hz  err=-16.776Hz  corr=-351.10W  u_ff=107.0W  PCAP→78W  power=77.4W
[PID] perf=27.414Hz  target=10.581Hz  err=-16.833Hz  corr=-352.17W  u_ff=107.0W  PCAP→78W  power=77.1W
[PID] perf=27.355Hz  target=10.581Hz  err=-16.775Hz  corr=-351.08W  u_ff=107.0W  PCAP→78W  power=76.8W
[PID] perf=27.415Hz  target=10.581Hz  err=-16.834Hz  corr=-352.19W  u_ff=107.0W  PCAP→78W  power=78.3W
[PID] perf=27.817Hz  target=10.581Hz  err=-17.236Hz  corr=-359.64W  u_ff=107.0W  PCAP→78W  power=79.0W
[PID] perf=27.826Hz  target=10.581Hz  err=-17.245Hz  corr=-359.80W  u_ff=107.0W  PCAP→78W  power=79.0W
[PID] perf=27.862Hz  target=10.581Hz  err=-17.281Hz  corr=-360.48W  u_ff=107.0W  PCAP→78W  power=78.9W
[PID] perf=27.882Hz  target=10.581Hz  err=-17.301Hz  corr=-360.84W  u_ff=107.0W  PCAP→78W  power=78.8W
[PID] perf=27.853Hz  target=10.581Hz  err=-17.272Hz  corr=-360.30W  u_ff=107.0W  PCAP→78W  power=78.4W
[PID] perf=27.904Hz  target=10.581Hz  err=-17.323Hz  corr=-361.25W  u_ff=107.0W  PCAP→78W  power=76.3W
[PID] perf=27.908Hz  target=10.581Hz  err=-17.327Hz  corr=-361.33W  u_ff=107.0W  PCAP→78W  power=78.4W
[PID] perf=27.902Hz  target=10.581Hz  err=-17.321Hz  corr=-361.21W  u_ff=107.0W  PCAP→78W  power=78.4W
[PID] perf=27.917Hz  target=10.581Hz  err=-17.336Hz  corr=-361.48W  u_ff=107.0W  PCAP→78W  power=78.7W
[PID] perf=27.864Hz  target=10.581Hz  err=-17.283Hz  corr=-360.51W  u_ff=107.0W  PCAP→78W  power=78.2W
[PID] perf=27.877Hz  target=10.581Hz  err=-17.296Hz  corr=-360.75W  u_ff=107.0W  PCAP→78W  power=77.7W
[PID] perf=27.878Hz  target=10.581Hz  err=-17.297Hz  corr=-360.76W  u_ff=107.0W  PCAP→78W  power=79.2W
[PID] perf=27.925Hz  target=10.581Hz  err=-17.344Hz  corr=-361.65W  u_ff=107.0W  PCAP→78W  power=77.2W
[PID] perf=27.856Hz  target=10.581Hz  err=-17.275Hz  corr=-360.35W  u_ff=107.0W  PCAP→78W  power=78.3W
[PID] perf=27.846Hz  target=10.581Hz  err=-17.265Hz  corr=-360.17W  u_ff=107.0W  PCAP→78W  power=77.8W
[PID] perf=27.904Hz  target=10.581Hz  err=-17.323Hz  corr=-361.26W  u_ff=107.0W  PCAP→78W  power=77.7W
[PID] perf=27.839Hz  target=10.581Hz  err=-17.258Hz  corr=-360.04W  u_ff=107.0W  PCAP→78W  power=77.3W
[PID] perf=27.811Hz  target=10.581Hz  err=-17.230Hz  corr=-359.53W  u_ff=107.0W  PCAP→78W  power=77.4W
[PID] perf=27.836Hz  target=10.581Hz  err=-17.255Hz  corr=-359.99W  u_ff=107.0W  PCAP→78W  power=78.7W
[PID] perf=27.849Hz  target=10.581Hz  err=-17.268Hz  corr=-360.23W  u_ff=107.0W  PCAP→78W  power=78.1W
[PID] perf=27.840Hz  target=10.581Hz  err=-17.259Hz  corr=-360.07W  u_ff=107.0W  PCAP→78W  power=78.8W
[PID] perf=27.875Hz  target=10.581Hz  err=-17.294Hz  corr=-360.71W  u_ff=107.0W  PCAP→78W  power=78.0W
[PID] perf=27.852Hz  target=10.581Hz  err=-17.271Hz  corr=-360.29W  u_ff=107.0W  PCAP→78W  power=78.7W
[PID] perf=27.826Hz  target=10.581Hz  err=-17.245Hz  corr=-359.81W  u_ff=107.0W  PCAP→78W  power=77.5W
[PID] perf=27.867Hz  target=10.581Hz  err=-17.286Hz  corr=-360.56W  u_ff=107.0W  PCAP→78W  power=77.3W
[PID] perf=27.815Hz  target=10.581Hz  err=-17.234Hz  corr=-359.60W  u_ff=107.0W  PCAP→78W  power=76.7W
[PID] perf=27.866Hz  target=10.581Hz  err=-17.285Hz  corr=-360.54W  u_ff=107.0W  PCAP→78W  power=79.5W
[PID] perf=27.871Hz  target=10.581Hz  err=-17.290Hz  corr=-360.64W  u_ff=107.0W  PCAP→78W  power=77.2W
[PID] perf=27.844Hz  target=10.581Hz  err=-17.263Hz  corr=-360.13W  u_ff=107.0W  PCAP→78W  power=76.8W
[PID] perf=27.895Hz  target=10.581Hz  err=-17.314Hz  corr=-361.09W  u_ff=107.0W  PCAP→78W  power=77.5W
[PID] perf=27.856Hz  target=10.581Hz  err=-17.275Hz  corr=-360.36W  u_ff=107.0W  PCAP→78W  power=76.4W
[PID] perf=27.905Hz  target=10.581Hz  err=-17.324Hz  corr=-361.26W  u_ff=107.0W  PCAP→78W  power=76.9W
[PID] perf=27.878Hz  target=10.581Hz  err=-17.297Hz  corr=-360.77W  u_ff=107.0W  PCAP→78W  power=78.2W
[PID] perf=27.900Hz  target=10.581Hz  err=-17.319Hz  corr=-361.17W  u_ff=107.0W  PCAP→78W  power=77.1W
[PID] perf=27.894Hz  target=10.581Hz  err=-17.313Hz  corr=-361.07W  u_ff=107.0W  PCAP→78W  power=79.1W
[PID] perf=27.871Hz  target=10.581Hz  err=-17.290Hz  corr=-360.64W  u_ff=107.0W  PCAP→78W  power=79.0W
[PID] perf=27.846Hz  target=10.581Hz  err=-17.265Hz  corr=-360.18W  u_ff=107.0W  PCAP→78W  power=77.5W
[PID] perf=27.852Hz  target=10.581Hz  err=-17.271Hz  corr=-360.29W  u_ff=107.0W  PCAP→78W  power=76.3W
[PID] perf=27.821Hz  target=10.581Hz  err=-17.240Hz  corr=-359.70W  u_ff=107.0W  PCAP→78W  power=78.7W
[PID] perf=27.838Hz  target=10.581Hz  err=-17.257Hz  corr=-360.02W  u_ff=107.0W  PCAP→78W  power=77.1W
[PID] perf=27.862Hz  target=10.581Hz  err=-17.281Hz  corr=-360.48W  u_ff=107.0W  PCAP→78W  power=76.6W
[PID] perf=27.836Hz  target=10.581Hz  err=-17.255Hz  corr=-359.98W  u_ff=107.0W  PCAP→78W  power=78.0W
[PID] perf=27.835Hz  target=10.581Hz  err=-17.254Hz  corr=-359.98W  u_ff=107.0W  PCAP→78W  power=77.3W
[PID] perf=27.830Hz  target=10.581Hz  err=-17.249Hz  corr=-359.88W  u_ff=107.0W  PCAP→78W  power=77.2W
[PID] perf=27.817Hz  target=10.581Hz  err=-17.236Hz  corr=-359.63W  u_ff=107.0W  PCAP→78W  power=77.9W
[PID] perf=27.845Hz  target=10.581Hz  err=-17.264Hz  corr=-360.15W  u_ff=107.0W  PCAP→78W  power=77.2W
[PID] perf=27.855Hz  target=10.581Hz  err=-17.275Hz  corr=-360.35W  u_ff=107.0W  PCAP→78W  power=79.0W
[PID] perf=27.883Hz  target=10.581Hz  err=-17.302Hz  corr=-360.86W  u_ff=107.0W  PCAP→78W  power=78.0W
[PID] perf=27.846Hz  target=10.581Hz  err=-17.265Hz  corr=-360.17W  u_ff=107.0W  PCAP→78W  power=77.8W
[PID] perf=27.863Hz  target=10.581Hz  err=-17.282Hz  corr=-360.48W  u_ff=107.0W  PCAP→78W  power=79.0W
[PID] perf=27.858Hz  target=10.581Hz  err=-17.277Hz  corr=-360.40W  u_ff=107.0W  PCAP→78W  power=76.9W
[PID] perf=27.813Hz  target=10.581Hz  err=-17.232Hz  corr=-359.56W  u_ff=107.0W  PCAP→78W  power=76.5W
[PID] perf=27.852Hz  target=10.581Hz  err=-17.271Hz  corr=-360.29W  u_ff=107.0W  PCAP→78W  power=77.2W
[PID] perf=27.850Hz  target=10.581Hz  err=-17.269Hz  corr=-360.26W  u_ff=107.0W  PCAP→78W  power=78.7W
[PID] perf=27.883Hz  target=10.581Hz  err=-17.302Hz  corr=-360.87W  u_ff=107.0W  PCAP→78W  power=77.0W
[PID] perf=27.830Hz  target=10.581Hz  err=-17.249Hz  corr=-359.87W  u_ff=107.0W  PCAP→78W  power=77.3W
[PID] perf=27.809Hz  target=10.581Hz  err=-17.228Hz  corr=-359.49W  u_ff=107.0W  PCAP→78W  power=77.9W
[PID] perf=27.810Hz  target=10.581Hz  err=-17.229Hz  corr=-359.50W  u_ff=107.0W  PCAP→78W  power=76.4W
[PID] perf=27.801Hz  target=10.581Hz  err=-17.220Hz  corr=-359.33W  u_ff=107.0W  PCAP→78W  power=76.3W
[PID] perf=27.820Hz  target=10.581Hz  err=-17.239Hz  corr=-359.69W  u_ff=107.0W  PCAP→78W  power=78.6W
[PID] perf=27.812Hz  target=10.581Hz  err=-17.231Hz  corr=-359.54W  u_ff=107.0W  PCAP→78W  power=77.7W
[PID] perf=27.795Hz  target=10.581Hz  err=-17.214Hz  corr=-359.23W  u_ff=107.0W  PCAP→78W  power=78.4W
[PID] perf=27.777Hz  target=10.581Hz  err=-17.196Hz  corr=-358.90W  u_ff=107.0W  PCAP→78W  power=78.3W
[PID] perf=27.852Hz  target=10.581Hz  err=-17.271Hz  corr=-360.29W  u_ff=107.0W  PCAP→78W  power=77.3W
[PID] perf=27.844Hz  target=10.581Hz  err=-17.263Hz  corr=-360.14W  u_ff=107.0W  PCAP→78W  power=77.6W
[PID] perf=27.845Hz  target=10.581Hz  err=-17.264Hz  corr=-360.15W  u_ff=107.0W  PCAP→78W  power=78.2W
[PID] perf=27.827Hz  target=10.581Hz  err=-17.246Hz  corr=-359.81W  u_ff=107.0W  PCAP→78W  power=78.8W
[PID] perf=27.808Hz  target=10.581Hz  err=-17.227Hz  corr=-359.46W  u_ff=107.0W  PCAP→78W  power=78.7W
[PID] perf=27.865Hz  target=10.581Hz  err=-17.284Hz  corr=-360.53W  u_ff=107.0W  PCAP→78W  power=77.7W
[PID] perf=27.867Hz  target=10.581Hz  err=-17.286Hz  corr=-360.57W  u_ff=107.0W  PCAP→78W  power=78.5W
[PID] perf=27.864Hz  target=10.581Hz  err=-17.284Hz  corr=-360.52W  u_ff=107.0W  PCAP→78W  power=77.8W
[PID] perf=27.844Hz  target=10.581Hz  err=-17.263Hz  corr=-360.13W  u_ff=107.0W  PCAP→78W  power=78.2W
[PID] perf=27.857Hz  target=10.581Hz  err=-17.276Hz  corr=-360.38W  u_ff=107.0W  PCAP→78W  power=76.4W
[PID] perf=27.901Hz  target=10.581Hz  err=-17.320Hz  corr=-361.19W  u_ff=107.0W  PCAP→78W  power=77.2W
[PID] perf=27.885Hz  target=10.581Hz  err=-17.304Hz  corr=-360.89W  u_ff=107.0W  PCAP→78W  power=76.4W
[PID] perf=27.888Hz  target=10.581Hz  err=-17.307Hz  corr=-360.95W  u_ff=107.0W  PCAP→78W  power=78.9W
[PID] perf=27.884Hz  target=10.581Hz  err=-17.303Hz  corr=-360.88W  u_ff=107.0W  PCAP→78W  power=79.2W
[PID] perf=27.856Hz  target=10.581Hz  err=-17.275Hz  corr=-360.36W  u_ff=107.0W  PCAP→78W  power=77.7W
[PID] perf=27.915Hz  target=10.581Hz  err=-17.334Hz  corr=-361.46W  u_ff=107.0W  PCAP→78W  power=78.3W
[PID] perf=27.890Hz  target=10.581Hz  err=-17.309Hz  corr=-360.99W  u_ff=107.0W  PCAP→78W  power=79.1W
[PID] perf=27.848Hz  target=10.581Hz  err=-17.267Hz  corr=-360.21W  u_ff=107.0W  PCAP→78W  power=78.1W
[PID] perf=27.873Hz  target=10.581Hz  err=-17.292Hz  corr=-360.68W  u_ff=107.0W  PCAP→78W  power=77.7W
[PID] perf=27.887Hz  target=10.581Hz  err=-17.306Hz  corr=-360.94W  u_ff=107.0W  PCAP→78W  power=76.8W
[PID] perf=27.856Hz  target=10.581Hz  err=-17.275Hz  corr=-360.37W  u_ff=107.0W  PCAP→78W  power=79.0W
[PID] perf=27.852Hz  target=10.581Hz  err=-17.271Hz  corr=-360.29W  u_ff=107.0W  PCAP→78W  power=77.8W
[PID] perf=27.869Hz  target=10.581Hz  err=-17.288Hz  corr=-360.61W  u_ff=107.0W  PCAP→78W  power=76.3W
[PID] perf=27.872Hz  target=10.581Hz  err=-17.292Hz  corr=-360.67W  u_ff=107.0W  PCAP→78W  power=77.7W
[PID] perf=27.839Hz  target=10.581Hz  err=-17.258Hz  corr=-360.04W  u_ff=107.0W  PCAP→78W  power=79.1W
[PID] perf=27.842Hz  target=10.581Hz  err=-17.261Hz  corr=-360.11W  u_ff=107.0W  PCAP→78W  power=76.8W
[PID] perf=27.870Hz  target=10.581Hz  err=-17.289Hz  corr=-360.62W  u_ff=107.0W  PCAP→78W  power=77.1W
[PID] perf=27.841Hz  target=10.581Hz  err=-17.261Hz  corr=-360.09W  u_ff=107.0W  PCAP→78W  power=78.6W
[PID] perf=27.860Hz  target=10.581Hz  err=-17.279Hz  corr=-360.43W  u_ff=107.0W  PCAP→78W  power=76.6W
[PID] perf=27.863Hz  target=10.581Hz  err=-17.282Hz  corr=-360.49W  u_ff=107.0W  PCAP→78W  power=76.3W
[PID] perf=27.871Hz  target=10.581Hz  err=-17.290Hz  corr=-360.63W  u_ff=107.0W  PCAP→78W  power=77.6W
[PID] perf=27.922Hz  target=10.581Hz  err=-17.341Hz  corr=-361.58W  u_ff=107.0W  PCAP→78W  power=77.6W
[PID] perf=27.892Hz  target=10.581Hz  err=-17.311Hz  corr=-361.02W  u_ff=107.0W  PCAP→78W  power=79.0W
[PID] perf=27.901Hz  target=10.581Hz  err=-17.321Hz  corr=-361.20W  u_ff=107.0W  PCAP→78W  power=78.4W
[PID] perf=27.898Hz  target=10.581Hz  err=-17.317Hz  corr=-361.14W  u_ff=107.0W  PCAP→78W  power=78.1W
[PID] perf=27.901Hz  target=10.581Hz  err=-17.320Hz  corr=-361.19W  u_ff=107.0W  PCAP→78W  power=76.5W
[PID] perf=27.909Hz  target=10.581Hz  err=-17.328Hz  corr=-361.35W  u_ff=107.0W  PCAP→78W  power=77.2W
[PID] perf=27.878Hz  target=10.581Hz  err=-17.297Hz  corr=-360.76W  u_ff=107.0W  PCAP→78W  power=77.0W
[PID] perf=27.876Hz  target=10.581Hz  err=-17.295Hz  corr=-360.73W  u_ff=107.0W  PCAP→78W  power=78.9W
[PID] perf=27.857Hz  target=10.581Hz  err=-17.276Hz  corr=-360.38W  u_ff=107.0W  PCAP→78W  power=79.2W
[PID] perf=27.864Hz  target=10.581Hz  err=-17.283Hz  corr=-360.51W  u_ff=107.0W  PCAP→78W  power=77.6W
[PID] perf=27.884Hz  target=10.581Hz  err=-17.303Hz  corr=-360.88W  u_ff=107.0W  PCAP→78W  power=78.7W
[PID] perf=27.900Hz  target=10.581Hz  err=-17.320Hz  corr=-361.18W  u_ff=107.0W  PCAP→78W  power=77.1W
[PID] perf=27.869Hz  target=10.581Hz  err=-17.288Hz  corr=-360.61W  u_ff=107.0W  PCAP→78W  power=76.7W
[PID] perf=27.858Hz  target=10.581Hz  err=-17.277Hz  corr=-360.39W  u_ff=107.0W  PCAP→78W  power=78.8W
[PID] perf=27.877Hz  target=10.581Hz  err=-17.296Hz  corr=-360.74W  u_ff=107.0W  PCAP→78W  power=77.6W
[PID] perf=27.882Hz  target=10.581Hz  err=-17.301Hz  corr=-360.85W  u_ff=107.0W  PCAP→78W  power=78.2W
[PID] perf=27.907Hz  target=10.581Hz  err=-17.326Hz  corr=-361.31W  u_ff=107.0W  PCAP→78W  power=78.6W
[PID] perf=27.918Hz  target=10.581Hz  err=-17.337Hz  corr=-361.51W  u_ff=107.0W  PCAP→78W  power=78.9W
[PID] perf=27.870Hz  target=10.581Hz  err=-17.289Hz  corr=-360.62W  u_ff=107.0W  PCAP→78W  power=79.4W
[PID] perf=27.835Hz  target=10.581Hz  err=-17.255Hz  corr=-359.98W  u_ff=107.0W  PCAP→78W  power=79.5W
[PID] perf=27.825Hz  target=10.581Hz  err=-17.244Hz  corr=-359.79W  u_ff=107.0W  PCAP→78W  power=77.1W
[PID] perf=27.863Hz  target=10.581Hz  err=-17.282Hz  corr=-360.48W  u_ff=107.0W  PCAP→78W  power=76.9W
[PID] perf=27.826Hz  target=10.581Hz  err=-17.245Hz  corr=-359.80W  u_ff=107.0W  PCAP→78W  power=77.0W
[PID] perf=27.851Hz  target=10.581Hz  err=-17.270Hz  corr=-360.28W  u_ff=107.0W  PCAP→78W  power=76.1W
[PID] perf=27.832Hz  target=10.581Hz  err=-17.252Hz  corr=-359.92W  u_ff=107.0W  PCAP→78W  power=78.8W
[PID] perf=27.807Hz  target=10.581Hz  err=-17.226Hz  corr=-359.46W  u_ff=107.0W  PCAP→78W  power=79.0W
[PID] perf=27.836Hz  target=10.581Hz  err=-17.255Hz  corr=-359.99W  u_ff=107.0W  PCAP→78W  power=78.1W
[PID] perf=27.846Hz  target=10.581Hz  err=-17.266Hz  corr=-360.18W  u_ff=107.0W  PCAP→78W  power=77.8W
[PID] perf=27.825Hz  target=10.581Hz  err=-17.244Hz  corr=-359.79W  u_ff=107.0W  PCAP→78W  power=76.7W
[PID] perf=27.841Hz  target=10.581Hz  err=-17.260Hz  corr=-360.09W  u_ff=107.0W  PCAP→78W  power=78.9W
[PID] perf=27.845Hz  target=10.581Hz  err=-17.264Hz  corr=-360.16W  u_ff=107.0W  PCAP→78W  power=77.1W
[PID] perf=27.841Hz  target=10.581Hz  err=-17.260Hz  corr=-360.08W  u_ff=107.0W  PCAP→78W  power=77.7W
[PID] perf=27.821Hz  target=10.581Hz  err=-17.241Hz  corr=-359.72W  u_ff=107.0W  PCAP→78W  power=77.3W
[PID] perf=27.857Hz  target=10.581Hz  err=-17.276Hz  corr=-360.38W  u_ff=107.0W  PCAP→78W  power=78.2W
[PID] perf=27.849Hz  target=10.581Hz  err=-17.268Hz  corr=-360.23W  u_ff=107.0W  PCAP→78W  power=79.0W
[PID] perf=27.851Hz  target=10.581Hz  err=-17.270Hz  corr=-360.26W  u_ff=107.0W  PCAP→78W  power=79.0W
[PID] perf=27.839Hz  target=10.581Hz  err=-17.258Hz  corr=-360.05W  u_ff=107.0W  PCAP→78W  power=77.3W
[PID] perf=27.830Hz  target=10.581Hz  err=-17.249Hz  corr=-359.87W  u_ff=107.0W  PCAP→78W  power=77.7W
[PID] perf=27.806Hz  target=10.581Hz  err=-17.225Hz  corr=-359.43W  u_ff=107.0W  PCAP→78W  power=77.9W
[PID] perf=27.813Hz  target=10.581Hz  err=-17.232Hz  corr=-359.57W  u_ff=107.0W  PCAP→78W  power=78.9W
[PID] perf=27.857Hz  target=10.581Hz  err=-17.276Hz  corr=-360.37W  u_ff=107.0W  PCAP→78W  power=76.8W
[PID] perf=27.777Hz  target=10.581Hz  err=-17.196Hz  corr=-358.89W  u_ff=107.0W  PCAP→78W  power=77.6W
[PID] perf=27.819Hz  target=10.581Hz  err=-17.238Hz  corr=-359.67W  u_ff=107.0W  PCAP→78W  power=78.7W
[PID] perf=27.793Hz  target=10.581Hz  err=-17.212Hz  corr=-359.19W  u_ff=107.0W  PCAP→78W  power=77.7W
[PID] perf=27.834Hz  target=10.581Hz  err=-17.254Hz  corr=-359.96W  u_ff=107.0W  PCAP→78W  power=79.2W
[PID] perf=27.801Hz  target=10.581Hz  err=-17.220Hz  corr=-359.34W  u_ff=107.0W  PCAP→78W  power=77.6W
[PID] perf=27.804Hz  target=10.581Hz  err=-17.223Hz  corr=-359.39W  u_ff=107.0W  PCAP→78W  power=78.5W
[PID] perf=27.796Hz  target=10.581Hz  err=-17.215Hz  corr=-359.25W  u_ff=107.0W  PCAP→78W  power=79.2W
[PID] perf=27.852Hz  target=10.581Hz  err=-17.271Hz  corr=-360.28W  u_ff=107.0W  PCAP→78W  power=79.4W
[PID] perf=27.840Hz  target=10.581Hz  err=-17.259Hz  corr=-360.06W  u_ff=107.0W  PCAP→78W  power=78.1W
[PID] perf=27.835Hz  target=10.581Hz  err=-17.254Hz  corr=-359.97W  u_ff=107.0W  PCAP→78W  power=77.0W
[PID] perf=27.838Hz  target=10.581Hz  err=-17.257Hz  corr=-360.03W  u_ff=107.0W  PCAP→78W  power=79.2W
[PID] perf=27.789Hz  target=10.581Hz  err=-17.208Hz  corr=-359.12W  u_ff=107.0W  PCAP→78W  power=79.2W
[PID] perf=27.832Hz  target=10.581Hz  err=-17.251Hz  corr=-359.91W  u_ff=107.0W  PCAP→78W  power=78.7W
[PID] perf=27.832Hz  target=10.581Hz  err=-17.251Hz  corr=-359.92W  u_ff=107.0W  PCAP→78W  power=79.0W
[PID] perf=27.855Hz  target=10.581Hz  err=-17.274Hz  corr=-360.33W  u_ff=107.0W  PCAP→78W  power=77.1W
[PID] perf=27.807Hz  target=10.581Hz  err=-17.226Hz  corr=-359.46W  u_ff=107.0W  PCAP→78W  power=79.1W
[PID] perf=27.858Hz  target=10.581Hz  err=-17.277Hz  corr=-360.39W  u_ff=107.0W  PCAP→78W  power=76.4W
[PID] perf=27.796Hz  target=10.581Hz  err=-17.215Hz  corr=-359.25W  u_ff=107.0W  PCAP→78W  power=76.2W
[PID] perf=27.826Hz  target=10.581Hz  err=-17.245Hz  corr=-359.80W  u_ff=107.0W  PCAP→78W  power=77.5W
[PID] perf=27.790Hz  target=10.581Hz  err=-17.209Hz  corr=-359.13W  u_ff=107.0W  PCAP→78W  power=78.8W
[PID] perf=27.780Hz  target=10.581Hz  err=-17.199Hz  corr=-358.95W  u_ff=107.0W  PCAP→78W  power=79.1W
[PID] perf=27.817Hz  target=10.581Hz  err=-17.236Hz  corr=-359.63W  u_ff=107.0W  PCAP→78W  power=78.0W
[PID] perf=27.823Hz  target=10.581Hz  err=-17.242Hz  corr=-359.74W  u_ff=107.0W  PCAP→78W  power=77.4W
[PID] perf=27.829Hz  target=10.581Hz  err=-17.248Hz  corr=-359.85W  u_ff=107.0W  PCAP→78W  power=77.7W
[PID] perf=27.836Hz  target=10.581Hz  err=-17.255Hz  corr=-360.00W  u_ff=107.0W  PCAP→78W  power=77.7W
[PID] perf=27.794Hz  target=10.581Hz  err=-17.214Hz  corr=-359.22W  u_ff=107.0W  PCAP→78W  power=78.9W
[PID] perf=27.805Hz  target=10.581Hz  err=-17.224Hz  corr=-359.41W  u_ff=107.0W  PCAP→78W  power=77.5W
[PID] perf=27.824Hz  target=10.581Hz  err=-17.243Hz  corr=-359.76W  u_ff=107.0W  PCAP→78W  power=78.1W
[PID] perf=27.826Hz  target=10.581Hz  err=-17.245Hz  corr=-359.80W  u_ff=107.0W  PCAP→78W  power=77.1W
[PID] perf=27.841Hz  target=10.581Hz  err=-17.260Hz  corr=-360.09W  u_ff=107.0W  PCAP→78W  power=76.5W
[PID] perf=27.746Hz  target=10.581Hz  err=-17.165Hz  corr=-358.33W  u_ff=107.0W  PCAP→78W  power=78.8W
[PID] perf=27.762Hz  target=10.581Hz  err=-17.181Hz  corr=-358.63W  u_ff=107.0W  PCAP→78W  power=79.5W
[PID] perf=27.806Hz  target=10.581Hz  err=-17.225Hz  corr=-359.43W  u_ff=107.0W  PCAP→78W  power=79.0W
[PID] perf=27.805Hz  target=10.581Hz  err=-17.224Hz  corr=-359.41W  u_ff=107.0W  PCAP→78W  power=78.7W
[PID] perf=27.827Hz  target=10.581Hz  err=-17.246Hz  corr=-359.83W  u_ff=107.0W  PCAP→78W  power=78.3W
[PID] perf=27.798Hz  target=10.581Hz  err=-17.217Hz  corr=-359.29W  u_ff=107.0W  PCAP→78W  power=77.8W
[PID] perf=27.808Hz  target=10.581Hz  err=-17.227Hz  corr=-359.48W  u_ff=107.0W  PCAP→78W  power=79.2W
[PID] perf=27.837Hz  target=10.581Hz  err=-17.256Hz  corr=-360.01W  u_ff=107.0W  PCAP→78W  power=77.6W
[PID] perf=27.838Hz  target=10.581Hz  err=-17.257Hz  corr=-360.03W  u_ff=107.0W  PCAP→78W  power=77.4W
[PID] perf=27.824Hz  target=10.581Hz  err=-17.243Hz  corr=-359.77W  u_ff=107.0W  PCAP→78W  power=78.5W
[PID] perf=27.814Hz  target=10.581Hz  err=-17.233Hz  corr=-359.58W  u_ff=107.0W  PCAP→78W  power=78.2W
[PID] perf=27.804Hz  target=10.581Hz  err=-17.223Hz  corr=-359.39W  u_ff=107.0W  PCAP→78W  power=79.1W
Process completed.
Compressed into /home/cc/summer2024/main_codes/pid_controller/../experiment_data/PID_Control_sweep/ones-npb-cg/compressed_iteration_20260513_115458.tar
----------------------------------
