
>>> Step 1/10
  [auto target] max perf @ PCAP=159.6W = 8.298Hz  →  80% target = 6.639Hz

[ones-npb-is]
  target perf      : 6.6385 Hz
  coefficients_perf: [-0.0002928630053090073, 0.09346144861544026, 0.8415796304794382]
  feedforward PCAP : 84.29 W  →  83 W (snapped)
  Perf(u_ff) check : 6.6385 Hz  (should ≈ target)
  PID gains        : Kp=22.4258 W/Hz  Ki=2.24258 W/(Hz·s)  Kd=0.0000
[PID] perf=87.914Hz  target=6.639Hz  err=-81.276Hz  corr=-1862.68W  u_ff=84.3W  PCAP→78W  power=nanW
[PID] perf=6.874Hz  target=6.639Hz  err=-0.235Hz  corr=-6.32W  u_ff=84.3W  PCAP→78W  power=78.0W
[PID] perf=8.613Hz  target=6.639Hz  err=-1.975Hz  corr=-54.20W  u_ff=84.3W  PCAP→78W  power=78.0W
[PID] perf=5.849Hz  target=6.639Hz  err=+0.789Hz  corr=+11.33W  u_ff=84.3W  PCAP→95W  power=77.6W
[PID] perf=13.341Hz  target=6.639Hz  err=-6.702Hz  corr=-186.73W  u_ff=84.3W  PCAP→78W  power=94.5W
[PID] perf=10.399Hz  target=6.639Hz  err=-3.760Hz  corr=-124.32W  u_ff=84.3W  PCAP→78W  power=77.6W
[PID] perf=47.614Hz  target=6.639Hz  err=-40.975Hz  corr=-958.90W  u_ff=84.3W  PCAP→78W  power=78.0W
[PID] perf=5.973Hz  target=6.639Hz  err=+0.666Hz  corr=-18.51W  u_ff=84.3W  PCAP→78W  power=78.8W
[PID] perf=6.797Hz  target=6.639Hz  err=-0.158Hz  corr=-37.71W  u_ff=84.3W  PCAP→78W  power=77.9W
[PID] perf=9.982Hz  target=6.639Hz  err=-3.344Hz  corr=-114.99W  u_ff=84.3W  PCAP→78W  power=77.7W
[PID] perf=6.451Hz  target=6.639Hz  err=+0.188Hz  corr=-29.10W  u_ff=84.3W  PCAP→78W  power=78.2W
[PID] perf=7.397Hz  target=6.639Hz  err=-0.759Hz  corr=-53.73W  u_ff=84.3W  PCAP→78W  power=78.2W
[PID] perf=35.768Hz  target=6.639Hz  err=-29.130Hz  corr=-693.25W  u_ff=84.3W  PCAP→78W  power=78.0W
[PID] perf=6.728Hz  target=6.639Hz  err=-0.090Hz  corr=-39.13W  u_ff=84.3W  PCAP→78W  power=78.1W
[PID] perf=7.195Hz  target=6.639Hz  err=-0.556Hz  corr=-52.08W  u_ff=84.3W  PCAP→78W  power=77.1W
[PID] perf=10.629Hz  target=6.639Hz  err=-3.991Hz  corr=-129.50W  u_ff=84.3W  PCAP→78W  power=77.8W
[PID] perf=14.353Hz  target=6.639Hz  err=-7.715Hz  corr=-213.01W  u_ff=84.3W  PCAP→78W  power=78.0W
[PID] perf=6.849Hz  target=6.639Hz  err=-0.211Hz  corr=-44.72W  u_ff=84.3W  PCAP→78W  power=77.7W
[PID] perf=36.198Hz  target=6.639Hz  err=-29.560Hz  corr=-702.90W  u_ff=84.3W  PCAP→78W  power=78.4W
[PID] perf=32.785Hz  target=6.639Hz  err=-26.146Hz  corr=-626.35W  u_ff=84.3W  PCAP→78W  power=78.4W
[PID] perf=7.629Hz  target=6.639Hz  err=-0.991Hz  corr=-62.22W  u_ff=84.3W  PCAP→78W  power=77.9W
[PID] perf=57.125Hz  target=6.639Hz  err=-50.486Hz  corr=-1172.20W  u_ff=84.3W  PCAP→78W  power=78.2W
[PID] perf=22.726Hz  target=6.639Hz  err=-16.087Hz  corr=-400.77W  u_ff=84.3W  PCAP→78W  power=77.4W
[PID] perf=13.673Hz  target=6.639Hz  err=-7.035Hz  corr=-197.76W  u_ff=84.3W  PCAP→78W  power=77.6W
[PID] perf=30.143Hz  target=6.639Hz  err=-23.504Hz  corr=-567.10W  u_ff=84.3W  PCAP→78W  power=77.2W
[PID] perf=7.480Hz  target=6.639Hz  err=-0.841Hz  corr=-58.87W  u_ff=84.3W  PCAP→78W  power=77.9W
[PID] perf=62.514Hz  target=6.639Hz  err=-55.875Hz  corr=-1293.05W  u_ff=84.3W  PCAP→78W  power=77.9W
[PID] perf=15.964Hz  target=6.639Hz  err=-9.326Hz  corr=-249.14W  u_ff=84.3W  PCAP→78W  power=77.1W
[PID] perf=15.914Hz  target=6.639Hz  err=-9.276Hz  corr=-248.01W  u_ff=84.3W  PCAP→78W  power=76.9W
[PID] perf=9.862Hz  target=6.639Hz  err=-3.223Hz  corr=-112.28W  u_ff=84.3W  PCAP→78W  power=78.4W
[PID] perf=5.666Hz  target=6.639Hz  err=+0.973Hz  corr=-13.43W  u_ff=84.3W  PCAP→78W  power=78.6W
[PID] perf=7.971Hz  target=6.639Hz  err=-1.332Hz  corr=-69.87W  u_ff=84.3W  PCAP→78W  power=78.0W
[PID] perf=47.594Hz  target=6.639Hz  err=-40.956Hz  corr=-958.47W  u_ff=84.3W  PCAP→78W  power=78.6W
[PID] perf=17.266Hz  target=6.639Hz  err=-10.628Hz  corr=-278.34W  u_ff=84.3W  PCAP→78W  power=78.9W
[PID] perf=23.151Hz  target=6.639Hz  err=-16.512Hz  corr=-410.31W  u_ff=84.3W  PCAP→78W  power=79.2W
[PID] perf=11.873Hz  target=6.639Hz  err=-5.235Hz  corr=-157.39W  u_ff=84.3W  PCAP→78W  power=77.1W
[PID] perf=20.732Hz  target=6.639Hz  err=-14.093Hz  corr=-356.06W  u_ff=84.3W  PCAP→78W  power=79.6W
[PID] perf=15.433Hz  target=6.639Hz  err=-8.794Hz  corr=-237.22W  u_ff=84.3W  PCAP→78W  power=78.1W
[PID] perf=5.008Hz  target=6.639Hz  err=+1.630Hz  corr=+8.63W  u_ff=84.3W  PCAP→95W  power=79.3W
[PID] perf=5.897Hz  target=6.639Hz  err=+0.741Hz  corr=-7.99W  u_ff=84.3W  PCAP→78W  power=94.7W
[PID] perf=10.293Hz  target=6.639Hz  err=-3.654Hz  corr=-121.95W  u_ff=84.3W  PCAP→78W  power=78.1W
[PID] perf=5.510Hz  target=6.639Hz  err=+1.129Hz  corr=+5.77W  u_ff=84.3W  PCAP→89W  power=78.4W
[PID] perf=6.821Hz  target=6.639Hz  err=-0.183Hz  corr=-24.46W  u_ff=84.3W  PCAP→78W  power=88.2W
[PID] perf=5.779Hz  target=6.639Hz  err=+0.860Hz  corr=+2.76W  u_ff=84.3W  PCAP→89W  power=78.1W
[PID] perf=9.094Hz  target=6.639Hz  err=-2.456Hz  corr=-82.60W  u_ff=84.3W  PCAP→78W  power=89.8W
[PID] perf=5.921Hz  target=6.639Hz  err=+0.718Hz  corr=-8.21W  u_ff=84.3W  PCAP→78W  power=77.3W
[PID] perf=10.390Hz  target=6.639Hz  err=-3.752Hz  corr=-124.13W  u_ff=84.3W  PCAP→78W  power=77.7W
[PID] perf=22.473Hz  target=6.639Hz  err=-15.834Hz  corr=-395.09W  u_ff=84.3W  PCAP→78W  power=77.5W
[PID] perf=7.605Hz  target=6.639Hz  err=-0.966Hz  corr=-50.31W  u_ff=84.3W  PCAP→78W  power=77.5W
[PID] perf=6.589Hz  target=6.639Hz  err=+0.050Hz  corr=-27.31W  u_ff=84.3W  PCAP→78W  power=79.0W
[PID] perf=7.042Hz  target=6.639Hz  err=-0.403Hz  corr=-39.27W  u_ff=84.3W  PCAP→78W  power=78.7W
[PID] perf=8.365Hz  target=6.639Hz  err=-1.726Hz  corr=-76.68W  u_ff=84.3W  PCAP→78W  power=76.2W
[PID] perf=12.288Hz  target=6.639Hz  err=-5.650Hz  corr=-166.70W  u_ff=84.3W  PCAP→78W  power=77.8W
[PID] perf=5.110Hz  target=6.639Hz  err=+1.529Hz  corr=+3.18W  u_ff=84.3W  PCAP→89W  power=78.3W
[PID] perf=5.522Hz  target=6.639Hz  err=+1.116Hz  corr=-1.07W  u_ff=84.3W  PCAP→83W  power=87.9W
[PID] perf=19.207Hz  target=6.639Hz  err=-12.568Hz  corr=-321.86W  u_ff=84.3W  PCAP→78W  power=83.4W
[PID] perf=22.123Hz  target=6.639Hz  err=-15.484Hz  corr=-387.25W  u_ff=84.3W  PCAP→78W  power=77.5W
[PID] perf=9.221Hz  target=6.639Hz  err=-2.582Hz  corr=-95.60W  u_ff=84.3W  PCAP→78W  power=76.9W
[PID] perf=8.404Hz  target=6.639Hz  err=-1.766Hz  corr=-79.60W  u_ff=84.3W  PCAP→78W  power=76.9W
[PID] perf=6.059Hz  target=6.639Hz  err=+0.579Hz  corr=-22.09W  u_ff=84.3W  PCAP→78W  power=79.3W
[PID] perf=35.584Hz  target=6.639Hz  err=-28.946Hz  corr=-689.13W  u_ff=84.3W  PCAP→78W  power=77.5W
[PID] perf=17.561Hz  target=6.639Hz  err=-10.922Hz  corr=-284.95W  u_ff=84.3W  PCAP→78W  power=78.1W
[PID] perf=6.895Hz  target=6.639Hz  err=-0.256Hz  corr=-41.98W  u_ff=84.3W  PCAP→78W  power=78.5W
[PID] perf=55.561Hz  target=6.639Hz  err=-48.923Hz  corr=-1137.13W  u_ff=84.3W  PCAP→78W  power=78.8W
[PID] perf=7.649Hz  target=6.639Hz  err=-1.010Hz  corr=-62.65W  u_ff=84.3W  PCAP→78W  power=77.0W
[PID] perf=18.868Hz  target=6.639Hz  err=-12.229Hz  corr=-314.25W  u_ff=84.3W  PCAP→78W  power=77.1W
[PID] perf=6.361Hz  target=6.639Hz  err=+0.278Hz  corr=-28.77W  u_ff=84.3W  PCAP→78W  power=78.4W
[PID] perf=22.224Hz  target=6.639Hz  err=-15.586Hz  corr=-389.52W  u_ff=84.3W  PCAP→78W  power=78.7W
[PID] perf=9.343Hz  target=6.639Hz  err=-2.705Hz  corr=-100.66W  u_ff=84.3W  PCAP→78W  power=78.1W
[PID] perf=7.783Hz  target=6.639Hz  err=-1.145Hz  corr=-65.67W  u_ff=84.3W  PCAP→78W  power=78.5W
[PID] perf=10.639Hz  target=6.639Hz  err=-4.000Hz  corr=-129.70W  u_ff=84.3W  PCAP→78W  power=77.5W
[PID] perf=20.569Hz  target=6.639Hz  err=-13.930Hz  corr=-352.40W  u_ff=84.3W  PCAP→78W  power=78.4W
[PID] perf=6.042Hz  target=6.639Hz  err=+0.596Hz  corr=-18.94W  u_ff=84.3W  PCAP→78W  power=77.6W
[PID] perf=7.106Hz  target=6.639Hz  err=-0.467Hz  corr=-44.89W  u_ff=84.3W  PCAP→78W  power=78.0W
[PID] perf=9.628Hz  target=6.639Hz  err=-2.989Hz  corr=-107.04W  u_ff=84.3W  PCAP→78W  power=78.3W
[PID] perf=7.213Hz  target=6.639Hz  err=-0.574Hz  corr=-49.86W  u_ff=84.3W  PCAP→78W  power=77.7W
[PID] perf=25.639Hz  target=6.639Hz  err=-19.000Hz  corr=-466.10W  u_ff=84.3W  PCAP→78W  power=77.0W
[PID] perf=9.571Hz  target=6.639Hz  err=-2.932Hz  corr=-105.75W  u_ff=84.3W  PCAP→78W  power=78.5W
[PID] perf=9.674Hz  target=6.639Hz  err=-3.036Hz  corr=-108.08W  u_ff=84.3W  PCAP→78W  power=78.7W
[PID] perf=12.987Hz  target=6.639Hz  err=-6.348Hz  corr=-182.36W  u_ff=84.3W  PCAP→78W  power=79.7W
[PID] perf=39.932Hz  target=6.639Hz  err=-33.294Hz  corr=-786.63W  u_ff=84.3W  PCAP→78W  power=77.6W
[PID] perf=55.562Hz  target=6.639Hz  err=-48.923Hz  corr=-1137.14W  u_ff=84.3W  PCAP→78W  power=77.7W
[PID] perf=32.516Hz  target=6.639Hz  err=-25.878Hz  corr=-620.33W  u_ff=84.3W  PCAP→78W  power=78.2W
[PID] perf=10.752Hz  target=6.639Hz  err=-4.113Hz  corr=-132.25W  u_ff=84.3W  PCAP→78W  power=78.5W
[PID] perf=11.048Hz  target=6.639Hz  err=-4.410Hz  corr=-138.89W  u_ff=84.3W  PCAP→78W  power=77.6W
[PID] perf=55.571Hz  target=6.639Hz  err=-48.933Hz  corr=-1137.36W  u_ff=84.3W  PCAP→78W  power=76.9W
[PID] perf=10.178Hz  target=6.639Hz  err=-3.540Hz  corr=-119.38W  u_ff=84.3W  PCAP→78W  power=77.6W
[PID] perf=8.230Hz  target=6.639Hz  err=-1.592Hz  corr=-75.70W  u_ff=84.3W  PCAP→78W  power=77.9W
[PID] perf=10.719Hz  target=6.639Hz  err=-4.080Hz  corr=-131.51W  u_ff=84.3W  PCAP→78W  power=78.4W
[PID] perf=11.475Hz  target=6.639Hz  err=-4.837Hz  corr=-148.47W  u_ff=84.3W  PCAP→78W  power=77.7W
[PID] perf=7.194Hz  target=6.639Hz  err=-0.556Hz  corr=-51.94W  u_ff=84.3W  PCAP→78W  power=77.4W
[PID] perf=7.831Hz  target=6.639Hz  err=-1.192Hz  corr=-66.73W  u_ff=84.3W  PCAP→78W  power=76.9W
[PID] perf=5.825Hz  target=6.639Hz  err=+0.813Hz  corr=-17.59W  u_ff=84.3W  PCAP→78W  power=77.7W
[PID] perf=35.766Hz  target=6.639Hz  err=-29.128Hz  corr=-693.21W  u_ff=84.3W  PCAP→78W  power=78.3W
[PID] perf=11.943Hz  target=6.639Hz  err=-5.305Hz  corr=-158.97W  u_ff=84.3W  PCAP→78W  power=78.4W
[PID] perf=5.376Hz  target=6.639Hz  err=+1.263Hz  corr=-1.86W  u_ff=84.3W  PCAP→83W  power=76.7W
[PID] perf=10.358Hz  target=6.639Hz  err=-3.719Hz  corr=-123.40W  u_ff=84.3W  PCAP→78W  power=84.3W
[PID] perf=7.018Hz  target=6.639Hz  err=-0.380Hz  corr=-40.39W  u_ff=84.3W  PCAP→78W  power=77.5W
[PID] perf=7.071Hz  target=6.639Hz  err=-0.432Hz  corr=-43.51W  u_ff=84.3W  PCAP→78W  power=76.8W
[PID] perf=30.989Hz  target=6.639Hz  err=-24.350Hz  corr=-586.07W  u_ff=84.3W  PCAP→78W  power=76.6W
[PID] perf=8.064Hz  target=6.639Hz  err=-1.426Hz  corr=-71.97W  u_ff=84.3W  PCAP→78W  power=77.7W
[PID] perf=14.681Hz  target=6.639Hz  err=-8.042Hz  corr=-220.36W  u_ff=84.3W  PCAP→78W  power=78.8W
[PID] perf=6.886Hz  target=6.639Hz  err=-0.247Hz  corr=-40.47W  u_ff=84.3W  PCAP→78W  power=78.8W
[PID] perf=29.411Hz  target=6.639Hz  err=-22.772Hz  corr=-550.68W  u_ff=84.3W  PCAP→78W  power=77.0W
[PID] perf=9.163Hz  target=6.639Hz  err=-2.525Hz  corr=-96.62W  u_ff=84.3W  PCAP→78W  power=76.9W
[PID] perf=5.714Hz  target=6.639Hz  err=+0.924Hz  corr=-10.04W  u_ff=84.3W  PCAP→78W  power=78.4W
[PID] perf=35.713Hz  target=6.639Hz  err=-29.075Hz  corr=-692.03W  u_ff=84.3W  PCAP→78W  power=77.7W
[PID] perf=7.611Hz  target=6.639Hz  err=-0.973Hz  corr=-56.95W  u_ff=84.3W  PCAP→78W  power=77.0W
[PID] perf=15.154Hz  target=6.639Hz  err=-8.516Hz  corr=-230.97W  u_ff=84.3W  PCAP→78W  power=78.5W
[PID] perf=6.945Hz  target=6.639Hz  err=-0.307Hz  corr=-43.39W  u_ff=84.3W  PCAP→78W  power=76.8W
[PID] perf=28.169Hz  target=6.639Hz  err=-21.531Hz  corr=-522.84W  u_ff=84.3W  PCAP→78W  power=77.1W
[PID] perf=10.104Hz  target=6.639Hz  err=-3.465Hz  corr=-117.71W  u_ff=84.3W  PCAP→78W  power=76.6W
[PID] perf=10.002Hz  target=6.639Hz  err=-3.364Hz  corr=-115.43W  u_ff=84.3W  PCAP→78W  power=77.0W
[PID] perf=21.277Hz  target=6.639Hz  err=-14.639Hz  corr=-368.29W  u_ff=84.3W  PCAP→78W  power=77.4W
[PID] perf=16.392Hz  target=6.639Hz  err=-9.754Hz  corr=-258.73W  u_ff=84.3W  PCAP→78W  power=79.3W
[PID] perf=9.506Hz  target=6.639Hz  err=-2.867Hz  corr=-104.30W  u_ff=84.3W  PCAP→78W  power=77.3W
[PID] perf=7.162Hz  target=6.639Hz  err=-0.524Hz  corr=-50.61W  u_ff=84.3W  PCAP→78W  power=78.3W
[PID] perf=14.919Hz  target=6.639Hz  err=-8.280Hz  corr=-225.69W  u_ff=84.3W  PCAP→78W  power=77.6W
[PID] perf=40.001Hz  target=6.639Hz  err=-33.362Hz  corr=-788.18W  u_ff=84.3W  PCAP→78W  power=76.9W
[PID] perf=6.581Hz  target=6.639Hz  err=+0.058Hz  corr=-37.32W  u_ff=84.3W  PCAP→78W  power=78.7W
[PID] perf=7.812Hz  target=6.639Hz  err=-1.174Hz  corr=-66.33W  u_ff=84.3W  PCAP→78W  power=77.6W
[PID] perf=20.957Hz  target=6.639Hz  err=-14.319Hz  corr=-361.11W  u_ff=84.3W  PCAP→78W  power=78.0W
[PID] perf=5.405Hz  target=6.639Hz  err=+1.233Hz  corr=-5.42W  u_ff=84.3W  PCAP→78W  power=77.5W
[PID] perf=16.712Hz  target=6.639Hz  err=-10.073Hz  corr=-265.90W  u_ff=84.3W  PCAP→78W  power=78.1W
[PID] perf=18.269Hz  target=6.639Hz  err=-11.630Hz  corr=-300.81W  u_ff=84.3W  PCAP→78W  power=77.5W
[PID] perf=22.781Hz  target=6.639Hz  err=-16.142Hz  corr=-402.00W  u_ff=84.3W  PCAP→78W  power=77.6W
[PID] perf=6.703Hz  target=6.639Hz  err=-0.064Hz  corr=-34.81W  u_ff=84.3W  PCAP→78W  power=78.0W
[PID] perf=34.484Hz  target=6.639Hz  err=-27.845Hz  corr=-664.45W  u_ff=84.3W  PCAP→78W  power=78.7W
[PID] perf=11.200Hz  target=6.639Hz  err=-4.561Hz  corr=-142.29W  u_ff=84.3W  PCAP→78W  power=76.3W
[PID] perf=41.641Hz  target=6.639Hz  err=-35.002Hz  corr=-824.95W  u_ff=84.3W  PCAP→78W  power=77.1W
[PID] perf=12.837Hz  target=6.639Hz  err=-6.198Hz  corr=-179.00W  u_ff=84.3W  PCAP→78W  power=78.2W
[PID] perf=6.560Hz  target=6.639Hz  err=+0.078Hz  corr=-31.26W  u_ff=84.3W  PCAP→78W  power=77.9W
[PID] perf=12.980Hz  target=6.639Hz  err=-6.341Hz  corr=-182.21W  u_ff=84.3W  PCAP→78W  power=77.2W
[PID] perf=42.912Hz  target=6.639Hz  err=-36.274Hz  corr=-853.47W  u_ff=84.3W  PCAP→78W  power=78.4W
[PID] perf=7.921Hz  target=6.639Hz  err=-1.282Hz  corr=-67.52W  u_ff=84.3W  PCAP→78W  power=78.4W
[PID] perf=6.483Hz  target=6.639Hz  err=+0.156Hz  corr=-34.57W  u_ff=84.3W  PCAP→78W  power=78.6W
[PID] perf=29.472Hz  target=6.639Hz  err=-22.833Hz  corr=-552.06W  u_ff=84.3W  PCAP→78W  power=77.6W
[PID] perf=8.243Hz  target=6.639Hz  err=-1.604Hz  corr=-75.98W  u_ff=84.3W  PCAP→78W  power=78.4W
[PID] perf=6.896Hz  target=6.639Hz  err=-0.258Hz  corr=-45.00W  u_ff=84.3W  PCAP→78W  power=78.1W
[PID] perf=8.049Hz  target=6.639Hz  err=-1.411Hz  corr=-71.63W  u_ff=84.3W  PCAP→78W  power=77.4W
[PID] perf=7.508Hz  target=6.639Hz  err=-0.869Hz  corr=-59.49W  u_ff=84.3W  PCAP→78W  power=79.0W
[PID] perf=14.730Hz  target=6.639Hz  err=-8.092Hz  corr=-221.46W  u_ff=84.3W  PCAP→78W  power=77.2W
[PID] perf=8.511Hz  target=6.639Hz  err=-1.872Hz  corr=-81.98W  u_ff=84.3W  PCAP→78W  power=79.8W
[PID] perf=12.360Hz  target=6.639Hz  err=-5.722Hz  corr=-168.32W  u_ff=84.3W  PCAP→78W  power=77.7W
[PID] perf=14.377Hz  target=6.639Hz  err=-7.739Hz  corr=-213.55W  u_ff=84.3W  PCAP→78W  power=76.8W
[PID] perf=12.061Hz  target=6.639Hz  err=-5.422Hz  corr=-161.60W  u_ff=84.3W  PCAP→78W  power=78.3W
[PID] perf=9.091Hz  target=6.639Hz  err=-2.452Hz  corr=-95.00W  u_ff=84.3W  PCAP→78W  power=78.3W
[PID] perf=10.549Hz  target=6.639Hz  err=-3.911Hz  corr=-127.70W  u_ff=84.3W  PCAP→78W  power=79.0W
[PID] perf=7.169Hz  target=6.639Hz  err=-0.530Hz  corr=-51.89W  u_ff=84.3W  PCAP→78W  power=78.7W
[PID] perf=10.225Hz  target=6.639Hz  err=-3.587Hz  corr=-120.43W  u_ff=84.3W  PCAP→78W  power=77.8W
[PID] perf=19.000Hz  target=6.639Hz  err=-12.362Hz  corr=-317.22W  u_ff=84.3W  PCAP→78W  power=78.0W
[PID] perf=6.250Hz  target=6.639Hz  err=+0.388Hz  corr=-28.77W  u_ff=84.3W  PCAP→78W  power=78.6W
[PID] perf=27.936Hz  target=6.639Hz  err=-21.298Hz  corr=-517.62W  u_ff=84.3W  PCAP→78W  power=77.9W
[PID] perf=6.095Hz  target=6.639Hz  err=+0.544Hz  corr=-22.84W  u_ff=84.3W  PCAP→78W  power=77.3W
[PID] perf=11.349Hz  target=6.639Hz  err=-4.710Hz  corr=-145.63W  u_ff=84.3W  PCAP→78W  power=80.0W
[PID] perf=7.062Hz  target=6.639Hz  err=-0.424Hz  corr=-46.45W  u_ff=84.3W  PCAP→78W  power=78.9W
[PID] perf=9.338Hz  target=6.639Hz  err=-2.700Hz  corr=-100.54W  u_ff=84.3W  PCAP→78W  power=77.7W
[PID] perf=9.951Hz  target=6.639Hz  err=-3.312Hz  corr=-114.28W  u_ff=84.3W  PCAP→78W  power=77.1W
[PID] perf=17.960Hz  target=6.639Hz  err=-11.321Hz  corr=-293.89W  u_ff=84.3W  PCAP→78W  power=76.9W
[PID] perf=6.176Hz  target=6.639Hz  err=+0.462Hz  corr=-24.50W  u_ff=84.3W  PCAP→78W  power=78.6W
[PID] perf=21.836Hz  target=6.639Hz  err=-15.197Hz  corr=-380.81W  u_ff=84.3W  PCAP→78W  power=77.6W
[PID] perf=32.257Hz  target=6.639Hz  err=-25.618Hz  corr=-614.51W  u_ff=84.3W  PCAP→78W  power=77.0W
[PID] perf=7.913Hz  target=6.639Hz  err=-1.275Hz  corr=-68.59W  u_ff=84.3W  PCAP→78W  power=77.5W
[PID] perf=12.707Hz  target=6.639Hz  err=-6.068Hz  corr=-176.08W  u_ff=84.3W  PCAP→78W  power=78.6W
[PID] perf=9.248Hz  target=6.639Hz  err=-2.609Hz  corr=-98.52W  u_ff=84.3W  PCAP→78W  power=77.8W
[PID] perf=5.830Hz  target=6.639Hz  err=+0.809Hz  corr=-13.10W  u_ff=84.3W  PCAP→78W  power=77.1W
[PID] perf=14.481Hz  target=6.639Hz  err=-7.842Hz  corr=-215.87W  u_ff=84.3W  PCAP→78W  power=77.4W
[PID] perf=9.901Hz  target=6.639Hz  err=-3.262Hz  corr=-113.16W  u_ff=84.3W  PCAP→78W  power=77.6W
[PID] perf=9.133Hz  target=6.639Hz  err=-2.494Hz  corr=-95.94W  u_ff=84.3W  PCAP→78W  power=76.3W
[PID] perf=34.485Hz  target=6.639Hz  err=-27.847Hz  corr=-664.48W  u_ff=84.3W  PCAP→78W  power=77.6W
[PID] perf=5.726Hz  target=6.639Hz  err=+0.913Hz  corr=-6.68W  u_ff=84.3W  PCAP→78W  power=76.3W
[PID] perf=15.678Hz  target=6.639Hz  err=-9.039Hz  corr=-242.71W  u_ff=84.3W  PCAP→78W  power=77.2W
[PID] perf=17.242Hz  target=6.639Hz  err=-10.603Hz  corr=-277.79W  u_ff=84.3W  PCAP→78W  power=77.4W
[PID] perf=6.408Hz  target=6.639Hz  err=+0.231Hz  corr=-20.93W  u_ff=84.3W  PCAP→78W  power=78.5W
[PID] perf=11.555Hz  target=6.639Hz  err=-4.916Hz  corr=-150.25W  u_ff=84.3W  PCAP→78W  power=77.8W
[PID] perf=7.115Hz  target=6.639Hz  err=-0.476Hz  corr=-38.92W  u_ff=84.3W  PCAP→78W  power=79.6W
[PID] perf=19.580Hz  target=6.639Hz  err=-12.942Hz  corr=-330.23W  u_ff=84.3W  PCAP→78W  power=78.9W
[PID] perf=6.279Hz  target=6.639Hz  err=+0.360Hz  corr=-18.56W  u_ff=84.3W  PCAP→78W  power=78.8W
[PID] perf=16.924Hz  target=6.639Hz  err=-10.285Hz  corr=-270.66W  u_ff=84.3W  PCAP→78W  power=78.3W
[PID] perf=8.036Hz  target=6.639Hz  err=-1.397Hz  corr=-64.23W  u_ff=84.3W  PCAP→78W  power=76.5W
[PID] perf=5.618Hz  target=6.639Hz  err=+1.021Hz  corr=-5.43W  u_ff=84.3W  PCAP→78W  power=78.4W
[PID] perf=13.513Hz  target=6.639Hz  err=-6.874Hz  corr=-194.16W  u_ff=84.3W  PCAP→78W  power=77.9W
[PID] perf=6.786Hz  target=6.639Hz  err=-0.148Hz  corr=-32.29W  u_ff=84.3W  PCAP→78W  power=77.2W
[PID] perf=7.683Hz  target=6.639Hz  err=-1.044Hz  corr=-57.08W  u_ff=84.3W  PCAP→78W  power=79.0W
[PID] perf=15.776Hz  target=6.639Hz  err=-9.137Hz  corr=-244.91W  u_ff=84.3W  PCAP→78W  power=78.3W
[PID] perf=7.273Hz  target=6.639Hz  err=-0.634Hz  corr=-50.74W  u_ff=84.3W  PCAP→78W  power=77.3W
[PID] perf=19.892Hz  target=6.639Hz  err=-13.254Hz  corr=-337.22W  u_ff=84.3W  PCAP→78W  power=77.2W
[PID] perf=52.635Hz  target=6.639Hz  err=-45.996Hz  corr=-1071.50W  u_ff=84.3W  PCAP→78W  power=77.1W
[PID] perf=21.590Hz  target=6.639Hz  err=-14.951Hz  corr=-375.29W  u_ff=84.3W  PCAP→78W  power=78.2W
[PID] perf=11.998Hz  target=6.639Hz  err=-5.360Hz  corr=-160.20W  u_ff=84.3W  PCAP→78W  power=77.0W
[PID] perf=6.122Hz  target=6.639Hz  err=+0.517Hz  corr=-22.60W  u_ff=84.3W  PCAP→78W  power=78.3W
[PID] perf=46.626Hz  target=6.639Hz  err=-39.987Hz  corr=-936.75W  u_ff=84.3W  PCAP→78W  power=78.2W
[PID] perf=8.000Hz  target=6.639Hz  err=-1.361Hz  corr=-70.53W  u_ff=84.3W  PCAP→78W  power=79.0W
[PID] perf=6.711Hz  target=6.639Hz  err=-0.073Hz  corr=-36.15W  u_ff=84.3W  PCAP→78W  power=79.0W
[PID] perf=15.404Hz  target=6.639Hz  err=-8.766Hz  corr=-236.58W  u_ff=84.3W  PCAP→78W  power=78.1W
[PID] perf=14.035Hz  target=6.639Hz  err=-7.397Hz  corr=-205.88W  u_ff=84.3W  PCAP→78W  power=78.5W
[PID] perf=10.559Hz  target=6.639Hz  err=-3.920Hz  corr=-127.92W  u_ff=84.3W  PCAP→78W  power=77.5W
[PID] perf=14.172Hz  target=6.639Hz  err=-7.534Hz  corr=-208.95W  u_ff=84.3W  PCAP→78W  power=80.0W
[PID] perf=7.642Hz  target=6.639Hz  err=-1.003Hz  corr=-61.51W  u_ff=84.3W  PCAP→78W  power=77.1W
[PID] perf=13.992Hz  target=6.639Hz  err=-7.353Hz  corr=-204.90W  u_ff=84.3W  PCAP→78W  power=76.6W
[PID] perf=7.765Hz  target=6.639Hz  err=-1.126Hz  corr=-65.26W  u_ff=84.3W  PCAP→78W  power=78.1W
[PID] perf=14.742Hz  target=6.639Hz  err=-8.104Hz  corr=-221.74W  u_ff=84.3W  PCAP→78W  power=77.3W
[PID] perf=7.634Hz  target=6.639Hz  err=-0.995Hz  corr=-62.32W  u_ff=84.3W  PCAP→78W  power=77.6W
[PID] perf=4.013Hz  target=6.639Hz  err=+2.625Hz  corr=+31.62W  u_ff=84.3W  PCAP→118W  power=78.3W
[PID] perf=8.163Hz  target=6.639Hz  err=-1.524Hz  corr=-68.27W  u_ff=84.3W  PCAP→78W  power=118.0W
[PID] perf=31.754Hz  target=6.639Hz  err=-25.115Hz  corr=-603.23W  u_ff=84.3W  PCAP→78W  power=77.3W
[PID] perf=12.750Hz  target=6.639Hz  err=-6.112Hz  corr=-177.06W  u_ff=84.3W  PCAP→78W  power=78.0W
[PID] perf=5.990Hz  target=6.639Hz  err=+0.649Hz  corr=-16.62W  u_ff=84.3W  PCAP→78W  power=76.7W
[PID] perf=22.724Hz  target=6.639Hz  err=-16.085Hz  corr=-400.72W  u_ff=84.3W  PCAP→78W  power=76.4W
[PID] perf=7.839Hz  target=6.639Hz  err=-1.201Hz  corr=-63.49W  u_ff=84.3W  PCAP→78W  power=78.0W
[PID] perf=15.748Hz  target=6.639Hz  err=-9.110Hz  corr=-244.29W  u_ff=84.3W  PCAP→78W  power=76.7W
[PID] perf=9.896Hz  target=6.639Hz  err=-3.258Hz  corr=-113.05W  u_ff=84.3W  PCAP→78W  power=78.9W
[PID] perf=14.705Hz  target=6.639Hz  err=-8.066Hz  corr=-220.89W  u_ff=84.3W  PCAP→78W  power=78.9W
[PID] perf=8.370Hz  target=6.639Hz  err=-1.731Hz  corr=-78.83W  u_ff=84.3W  PCAP→78W  power=79.7W
[PID] perf=11.296Hz  target=6.639Hz  err=-4.658Hz  corr=-144.45W  u_ff=84.3W  PCAP→78W  power=77.9W
[PID] perf=24.700Hz  target=6.639Hz  err=-18.062Hz  corr=-445.05W  u_ff=84.3W  PCAP→78W  power=76.9W
[PID] perf=38.671Hz  target=6.639Hz  err=-32.033Hz  corr=-758.36W  u_ff=84.3W  PCAP→78W  power=77.5W
[PID] perf=18.559Hz  target=6.639Hz  err=-11.920Hz  corr=-307.32W  u_ff=84.3W  PCAP→78W  power=78.6W
[PID] perf=7.738Hz  target=6.639Hz  err=-1.099Hz  corr=-64.66W  u_ff=84.3W  PCAP→78W  power=78.8W
[PID] perf=12.499Hz  target=6.639Hz  err=-5.861Hz  corr=-171.43W  u_ff=84.3W  PCAP→78W  power=79.0W
[PID] perf=8.919Hz  target=6.639Hz  err=-2.280Hz  corr=-91.14W  u_ff=84.3W  PCAP→78W  power=77.4W
[PID] perf=5.941Hz  target=6.639Hz  err=+0.697Hz  corr=-17.80W  u_ff=84.3W  PCAP→78W  power=77.5W
[PID] perf=24.999Hz  target=6.639Hz  err=-18.361Hz  corr=-451.76W  u_ff=84.3W  PCAP→78W  power=77.1W
[PID] perf=19.119Hz  target=6.639Hz  err=-12.481Hz  corr=-319.89W  u_ff=84.3W  PCAP→78W  power=79.3W
[PID] perf=6.211Hz  target=6.639Hz  err=+0.427Hz  corr=-21.93W  u_ff=84.3W  PCAP→78W  power=78.2W
[PID] perf=5.246Hz  target=6.639Hz  err=+1.392Hz  corr=+5.95W  u_ff=84.3W  PCAP→89W  power=79.1W
[PID] perf=6.751Hz  target=6.639Hz  err=-0.112Hz  corr=-28.28W  u_ff=84.3W  PCAP→78W  power=87.8W
[PID] perf=30.311Hz  target=6.639Hz  err=-23.673Hz  corr=-570.88W  u_ff=84.3W  PCAP→78W  power=77.5W
[PID] perf=10.023Hz  target=6.639Hz  err=-3.385Hz  corr=-115.91W  u_ff=84.3W  PCAP→78W  power=77.1W
[PID] perf=43.475Hz  target=6.639Hz  err=-36.836Hz  corr=-866.08W  u_ff=84.3W  PCAP→78W  power=77.2W
[PID] perf=44.221Hz  target=6.639Hz  err=-37.582Hz  corr=-882.81W  u_ff=84.3W  PCAP→78W  power=77.6W
[PID] perf=8.648Hz  target=6.639Hz  err=-2.009Hz  corr=-79.84W  u_ff=84.3W  PCAP→78W  power=79.0W
[PID] perf=26.316Hz  target=6.639Hz  err=-19.677Hz  corr=-481.28W  u_ff=84.3W  PCAP→78W  power=78.0W
[PID] perf=13.605Hz  target=6.639Hz  err=-6.967Hz  corr=-196.23W  u_ff=84.3W  PCAP→78W  power=77.3W
[PID] perf=6.079Hz  target=6.639Hz  err=+0.560Hz  corr=-19.73W  u_ff=84.3W  PCAP→78W  power=78.3W
[PID] perf=10.869Hz  target=6.639Hz  err=-4.230Hz  corr=-134.87W  u_ff=84.3W  PCAP→78W  power=78.1W
[PID] perf=15.235Hz  target=6.639Hz  err=-8.597Hz  corr=-232.79W  u_ff=84.3W  PCAP→78W  power=77.8W
[PID] perf=14.139Hz  target=6.639Hz  err=-7.501Hz  corr=-208.21W  u_ff=84.3W  PCAP→78W  power=77.0W
[PID] perf=56.367Hz  target=6.639Hz  err=-49.728Hz  corr=-1155.20W  u_ff=84.3W  PCAP→78W  power=78.0W
[PID] perf=9.768Hz  target=6.639Hz  err=-3.129Hz  corr=-110.17W  u_ff=84.3W  PCAP→78W  power=78.7W
[PID] perf=13.824Hz  target=6.639Hz  err=-7.186Hz  corr=-201.14W  u_ff=84.3W  PCAP→78W  power=77.4W
[PID] perf=8.514Hz  target=6.639Hz  err=-1.875Hz  corr=-82.06W  u_ff=84.3W  PCAP→78W  power=78.2W
[PID] perf=7.099Hz  target=6.639Hz  err=-0.461Hz  corr=-44.67W  u_ff=84.3W  PCAP→78W  power=77.5W
[PID] perf=10.821Hz  target=6.639Hz  err=-4.183Hz  corr=-133.81W  u_ff=84.3W  PCAP→78W  power=78.3W
[PID] perf=5.898Hz  target=6.639Hz  err=+0.740Hz  corr=-14.42W  u_ff=84.3W  PCAP→78W  power=78.4W
[PID] perf=5.333Hz  target=6.639Hz  err=+1.305Hz  corr=+4.10W  u_ff=84.3W  PCAP→89W  power=77.3W
[PID] perf=8.197Hz  target=6.639Hz  err=-1.559Hz  corr=-67.11W  u_ff=84.3W  PCAP→78W  power=89.8W
[PID] perf=12.130Hz  target=6.639Hz  err=-5.492Hz  corr=-163.16W  u_ff=84.3W  PCAP→78W  power=76.8W
[PID] perf=21.756Hz  target=6.639Hz  err=-15.117Hz  corr=-379.02W  u_ff=84.3W  PCAP→78W  power=77.5W
[PID] perf=7.144Hz  target=6.639Hz  err=-0.505Hz  corr=-45.75W  u_ff=84.3W  PCAP→78W  power=78.9W
[PID] perf=6.802Hz  target=6.639Hz  err=-0.164Hz  corr=-38.83W  u_ff=84.3W  PCAP→78W  power=77.2W
[PID] perf=31.252Hz  target=6.639Hz  err=-24.613Hz  corr=-591.97W  u_ff=84.3W  PCAP→78W  power=77.3W
[PID] perf=10.073Hz  target=6.639Hz  err=-3.434Hz  corr=-117.02W  u_ff=84.3W  PCAP→78W  power=78.1W
[PID] perf=7.943Hz  target=6.639Hz  err=-1.304Hz  corr=-69.25W  u_ff=84.3W  PCAP→78W  power=78.1W
[PID] perf=14.928Hz  target=6.639Hz  err=-8.289Hz  corr=-225.89W  u_ff=84.3W  PCAP→78W  power=77.3W
[PID] perf=8.475Hz  target=6.639Hz  err=-1.837Hz  corr=-81.19W  u_ff=84.3W  PCAP→78W  power=76.7W
[PID] perf=14.638Hz  target=6.639Hz  err=-8.000Hz  corr=-219.40W  u_ff=84.3W  PCAP→78W  power=76.5W
[PID] perf=5.817Hz  target=6.639Hz  err=+0.821Hz  corr=-13.06W  u_ff=84.3W  PCAP→78W  power=79.6W
[PID] perf=10.470Hz  target=6.639Hz  err=-3.832Hz  corr=-125.93W  u_ff=84.3W  PCAP→78W  power=77.4W
[PID] perf=8.856Hz  target=6.639Hz  err=-2.218Hz  corr=-89.73W  u_ff=84.3W  PCAP→78W  power=77.3W
[PID] perf=6.523Hz  target=6.639Hz  err=+0.115Hz  corr=-28.37W  u_ff=84.3W  PCAP→78W  power=76.3W
[PID] perf=21.504Hz  target=6.639Hz  err=-14.865Hz  corr=-373.37W  u_ff=84.3W  PCAP→78W  power=78.0W
[PID] perf=6.184Hz  target=6.639Hz  err=+0.455Hz  corr=-18.72W  u_ff=84.3W  PCAP→78W  power=78.8W
[PID] perf=20.430Hz  target=6.639Hz  err=-13.792Hz  corr=-349.29W  u_ff=84.3W  PCAP→78W  power=78.2W
[PID] perf=5.929Hz  target=6.639Hz  err=+0.709Hz  corr=-9.84W  u_ff=84.3W  PCAP→78W  power=76.6W
[PID] perf=12.446Hz  target=6.639Hz  err=-5.808Hz  corr=-170.24W  u_ff=84.3W  PCAP→78W  power=78.9W
[PID] perf=6.518Hz  target=6.639Hz  err=+0.121Hz  corr=-22.49W  u_ff=84.3W  PCAP→78W  power=78.6W
[PID] perf=15.369Hz  target=6.639Hz  err=-8.731Hz  corr=-235.80W  u_ff=84.3W  PCAP→78W  power=79.5W
[PID] perf=6.913Hz  target=6.639Hz  err=-0.275Hz  corr=-32.58W  u_ff=84.3W  PCAP→78W  power=78.7W
[PID] perf=13.889Hz  target=6.639Hz  err=-7.251Hz  corr=-202.60W  u_ff=84.3W  PCAP→78W  power=78.2W
[PID] perf=9.776Hz  target=6.639Hz  err=-3.137Hz  corr=-110.36W  u_ff=84.3W  PCAP→78W  power=78.7W
[PID] perf=6.982Hz  target=6.639Hz  err=-0.343Hz  corr=-35.66W  u_ff=84.3W  PCAP→78W  power=77.5W
[PID] perf=6.986Hz  target=6.639Hz  err=-0.347Hz  corr=-37.31W  u_ff=84.3W  PCAP→78W  power=77.5W
[PID] perf=32.388Hz  target=6.639Hz  err=-25.750Hz  corr=-617.46W  u_ff=84.3W  PCAP→78W  power=78.0W
[PID] perf=8.722Hz  target=6.639Hz  err=-2.083Hz  corr=-85.58W  u_ff=84.3W  PCAP→78W  power=77.0W
Process completed.
Compressed into /home/cc/summer2024/main_codes/pid_controller/../experiment_data/PID_Control/ones-npb-is/compressed_iteration_20260511_035454.tar
----------------------------------

>>> Step 2/10
  [auto target] max perf @ PCAP=159.6W = 8.298Hz  →  80% target = 6.639Hz

[ones-npb-is]
  target perf      : 6.6385 Hz
  coefficients_perf: [-0.0002928630053090073, 0.09346144861544026, 0.8415796304794382]
  feedforward PCAP : 84.29 W  →  83 W (snapped)
  Perf(u_ff) check : 6.6385 Hz  (should ≈ target)
  PID gains        : Kp=22.4258 W/Hz  Ki=2.24258 W/(Hz·s)  Kd=0.0000
[PID] perf=31.255Hz  target=6.639Hz  err=-24.617Hz  corr=-592.05W  u_ff=84.3W  PCAP→78W  power=nanW
[PID] perf=7.427Hz  target=6.639Hz  err=-0.789Hz  corr=-21.23W  u_ff=84.3W  PCAP→78W  power=77.8W
[PID] perf=5.555Hz  target=6.639Hz  err=+1.083Hz  corr=+25.61W  u_ff=84.3W  PCAP→112W  power=78.1W
[PID] perf=8.889Hz  target=6.639Hz  err=-2.251Hz  corr=-59.25W  u_ff=84.3W  PCAP→78W  power=112.7W
[PID] perf=3.771Hz  target=6.639Hz  err=+2.867Hz  corr=+68.39W  u_ff=84.3W  PCAP→153W  power=78.1W
[PID] perf=35.312Hz  target=6.639Hz  err=-28.673Hz  corr=-683.02W  u_ff=84.3W  PCAP→78W  power=145.0W
[PID] perf=5.868Hz  target=6.639Hz  err=+0.771Hz  corr=+24.83W  u_ff=84.3W  PCAP→107W  power=75.9W
[PID] perf=16.170Hz  target=6.639Hz  err=-9.531Hz  corr=-248.95W  u_ff=84.3W  PCAP→78W  power=106.0W
[PID] perf=5.715Hz  target=6.639Hz  err=+0.924Hz  corr=-10.34W  u_ff=84.3W  PCAP→78W  power=77.3W
[PID] perf=5.697Hz  target=6.639Hz  err=+0.941Hz  corr=-5.74W  u_ff=84.3W  PCAP→78W  power=78.7W
[PID] perf=5.141Hz  target=6.639Hz  err=+1.497Hz  corr=+13.45W  u_ff=84.3W  PCAP→95W  power=77.9W
[PID] perf=17.976Hz  target=6.639Hz  err=-11.337Hz  corr=-294.25W  u_ff=84.3W  PCAP→78W  power=96.1W
[PID] perf=6.472Hz  target=6.639Hz  err=+0.166Hz  corr=-15.65W  u_ff=84.3W  PCAP→78W  power=77.3W
[PID] perf=49.524Hz  target=6.639Hz  err=-42.886Hz  corr=-1001.75W  u_ff=84.3W  PCAP→78W  power=77.3W
[PID] perf=12.342Hz  target=6.639Hz  err=-5.703Hz  corr=-167.90W  u_ff=84.3W  PCAP→78W  power=76.7W
[PID] perf=13.872Hz  target=6.639Hz  err=-7.234Hz  corr=-202.22W  u_ff=84.3W  PCAP→78W  power=78.3W
[PID] perf=8.092Hz  target=6.639Hz  err=-1.453Hz  corr=-58.48W  u_ff=84.3W  PCAP→78W  power=77.8W
[PID] perf=17.392Hz  target=6.639Hz  err=-10.753Hz  corr=-281.15W  u_ff=84.3W  PCAP→78W  power=79.0W
[PID] perf=8.387Hz  target=6.639Hz  err=-1.748Hz  corr=-72.95W  u_ff=84.3W  PCAP→78W  power=76.3W
[PID] perf=5.731Hz  target=6.639Hz  err=+0.908Hz  corr=-9.30W  u_ff=84.3W  PCAP→78W  power=78.1W
[PID] perf=33.930Hz  target=6.639Hz  err=-27.291Hz  corr=-652.03W  u_ff=84.3W  PCAP→78W  power=77.3W
[PID] perf=9.050Hz  target=6.639Hz  err=-2.412Hz  corr=-94.08W  u_ff=84.3W  PCAP→78W  power=76.6W
[PID] perf=6.250Hz  target=6.639Hz  err=+0.388Hz  corr=-19.22W  u_ff=84.3W  PCAP→78W  power=77.9W
[PID] perf=8.945Hz  target=6.639Hz  err=-2.307Hz  corr=-90.00W  u_ff=84.3W  PCAP→78W  power=78.7W
[PID] perf=11.112Hz  target=6.639Hz  err=-4.473Hz  corr=-140.31W  u_ff=84.3W  PCAP→78W  power=76.9W
[PID] perf=7.109Hz  target=6.639Hz  err=-0.470Hz  corr=-50.54W  u_ff=84.3W  PCAP→78W  power=79.4W
[PID] perf=55.545Hz  target=6.639Hz  err=-48.906Hz  corr=-1136.76W  u_ff=84.3W  PCAP→78W  power=77.4W
[PID] perf=9.079Hz  target=6.639Hz  err=-2.440Hz  corr=-94.72W  u_ff=84.3W  PCAP→78W  power=76.7W
[PID] perf=12.447Hz  target=6.639Hz  err=-5.809Hz  corr=-170.27W  u_ff=84.3W  PCAP→78W  power=76.2W
[PID] perf=43.573Hz  target=6.639Hz  err=-36.934Hz  corr=-868.28W  u_ff=84.3W  PCAP→78W  power=77.6W
[PID] perf=8.438Hz  target=6.639Hz  err=-1.800Hz  corr=-80.36W  u_ff=84.3W  PCAP→78W  power=78.0W
[PID] perf=7.910Hz  target=6.639Hz  err=-1.271Hz  corr=-68.51W  u_ff=84.3W  PCAP→78W  power=77.7W
[PID] perf=6.040Hz  target=6.639Hz  err=+0.599Hz  corr=-22.15W  u_ff=84.3W  PCAP→78W  power=76.7W
[PID] perf=64.421Hz  target=6.639Hz  err=-57.783Hz  corr=-1335.82W  u_ff=84.3W  PCAP→78W  power=77.8W
[PID] perf=58.989Hz  target=6.639Hz  err=-52.351Hz  corr=-1214.00W  u_ff=84.3W  PCAP→78W  power=77.7W
[PID] perf=8.402Hz  target=6.639Hz  err=-1.763Hz  corr=-79.54W  u_ff=84.3W  PCAP→78W  power=77.7W
[PID] perf=16.670Hz  target=6.639Hz  err=-10.031Hz  corr=-264.96W  u_ff=84.3W  PCAP→78W  power=78.6W
[PID] perf=7.519Hz  target=6.639Hz  err=-0.880Hz  corr=-59.27W  u_ff=84.3W  PCAP→78W  power=76.5W
[PID] perf=5.931Hz  target=6.639Hz  err=+0.707Hz  corr=-20.50W  u_ff=84.3W  PCAP→78W  power=76.8W
[PID] perf=13.157Hz  target=6.639Hz  err=-6.518Hz  corr=-186.17W  u_ff=84.3W  PCAP→78W  power=77.9W
[PID] perf=9.967Hz  target=6.639Hz  err=-3.328Hz  corr=-114.64W  u_ff=84.3W  PCAP→78W  power=76.2W
[PID] perf=55.565Hz  target=6.639Hz  err=-48.926Hz  corr=-1137.21W  u_ff=84.3W  PCAP→78W  power=79.2W
[PID] perf=45.538Hz  target=6.639Hz  err=-38.899Hz  corr=-912.34W  u_ff=84.3W  PCAP→78W  power=79.0W
[PID] perf=5.572Hz  target=6.639Hz  err=+1.066Hz  corr=-7.66W  u_ff=84.3W  PCAP→78W  power=78.4W
[PID] perf=9.648Hz  target=6.639Hz  err=-3.009Hz  corr=-107.48W  u_ff=84.3W  PCAP→78W  power=76.9W
[PID] perf=5.463Hz  target=6.639Hz  err=+1.175Hz  corr=+0.05W  u_ff=84.3W  PCAP→83W  power=77.2W
[PID] perf=16.895Hz  target=6.639Hz  err=-10.257Hz  corr=-270.02W  u_ff=84.3W  PCAP→78W  power=81.6W
[PID] perf=5.376Hz  target=6.639Hz  err=+1.262Hz  corr=+7.66W  u_ff=84.3W  PCAP→89W  power=77.7W
[PID] perf=13.158Hz  target=6.639Hz  err=-6.519Hz  corr=-186.19W  u_ff=84.3W  PCAP→78W  power=89.1W
[PID] perf=37.687Hz  target=6.639Hz  err=-31.048Hz  corr=-736.29W  u_ff=84.3W  PCAP→78W  power=78.2W
[PID] perf=6.515Hz  target=6.639Hz  err=+0.124Hz  corr=-17.31W  u_ff=84.3W  PCAP→78W  power=78.4W
[PID] perf=16.958Hz  target=6.639Hz  err=-10.320Hz  corr=-271.43W  u_ff=84.3W  PCAP→78W  power=75.8W
[PID] perf=10.228Hz  target=6.639Hz  err=-3.589Hz  corr=-116.68W  u_ff=84.3W  PCAP→78W  power=78.2W
[PID] perf=5.882Hz  target=6.639Hz  err=+0.756Hz  corr=-15.83W  u_ff=84.3W  PCAP→78W  power=75.9W
[PID] perf=37.035Hz  target=6.639Hz  err=-30.396Hz  corr=-721.66W  u_ff=84.3W  PCAP→78W  power=78.0W
[PID] perf=5.428Hz  target=6.639Hz  err=+1.211Hz  corr=-0.21W  u_ff=84.3W  PCAP→83W  power=77.8W
[PID] perf=18.493Hz  target=6.639Hz  err=-11.854Hz  corr=-305.84W  u_ff=84.3W  PCAP→78W  power=83.5W
[PID] perf=12.754Hz  target=6.639Hz  err=-6.116Hz  corr=-177.15W  u_ff=84.3W  PCAP→78W  power=78.1W
[PID] perf=8.693Hz  target=6.639Hz  err=-2.054Hz  corr=-82.65W  u_ff=84.3W  PCAP→78W  power=78.0W
[PID] perf=5.334Hz  target=6.639Hz  err=+1.304Hz  corr=-1.49W  u_ff=84.3W  PCAP→83W  power=78.3W
[PID] perf=6.309Hz  target=6.639Hz  err=+0.329Hz  corr=-21.87W  u_ff=84.3W  PCAP→78W  power=83.0W
[PID] perf=6.090Hz  target=6.639Hz  err=+0.549Hz  corr=-14.48W  u_ff=84.3W  PCAP→78W  power=78.3W
[PID] perf=5.435Hz  target=6.639Hz  err=+1.204Hz  corr=+5.61W  u_ff=84.3W  PCAP→89W  power=78.3W
[PID] perf=6.023Hz  target=6.639Hz  err=+0.616Hz  corr=-4.82W  u_ff=84.3W  PCAP→78W  power=89.3W
[PID] perf=12.875Hz  target=6.639Hz  err=-6.236Hz  corr=-179.85W  u_ff=84.3W  PCAP→78W  power=77.3W
[PID] perf=38.470Hz  target=6.639Hz  err=-31.832Hz  corr=-753.85W  u_ff=84.3W  PCAP→78W  power=77.9W
[PID] perf=7.170Hz  target=6.639Hz  err=-0.531Hz  corr=-32.92W  u_ff=84.3W  PCAP→78W  power=77.0W
[PID] perf=55.558Hz  target=6.639Hz  err=-48.920Hz  corr=-1137.06W  u_ff=84.3W  PCAP→78W  power=76.7W
[PID] perf=7.643Hz  target=6.639Hz  err=-1.005Hz  corr=-48.05W  u_ff=84.3W  PCAP→78W  power=76.9W
[PID] perf=18.866Hz  target=6.639Hz  err=-12.227Hz  corr=-314.21W  u_ff=84.3W  PCAP→78W  power=76.2W
[PID] perf=13.319Hz  target=6.639Hz  err=-6.681Hz  corr=-189.82W  u_ff=84.3W  PCAP→78W  power=77.9W
[PID] perf=16.264Hz  target=6.639Hz  err=-9.625Hz  corr=-255.86W  u_ff=84.3W  PCAP→78W  power=77.8W
[PID] perf=9.434Hz  target=6.639Hz  err=-2.795Hz  corr=-100.74W  u_ff=84.3W  PCAP→78W  power=76.5W
[PID] perf=12.648Hz  target=6.639Hz  err=-6.009Hz  corr=-174.76W  u_ff=84.3W  PCAP→78W  power=78.2W
[PID] perf=8.585Hz  target=6.639Hz  err=-1.946Hz  corr=-83.65W  u_ff=84.3W  PCAP→78W  power=77.9W
[PID] perf=7.483Hz  target=6.639Hz  err=-0.844Hz  corr=-58.93W  u_ff=84.3W  PCAP→78W  power=77.4W
[PID] perf=31.269Hz  target=6.639Hz  err=-24.631Hz  corr=-592.37W  u_ff=84.3W  PCAP→78W  power=77.9W
[PID] perf=6.601Hz  target=6.639Hz  err=+0.038Hz  corr=-37.03W  u_ff=84.3W  PCAP→78W  power=78.2W
[PID] perf=11.235Hz  target=6.639Hz  err=-4.597Hz  corr=-143.09W  u_ff=84.3W  PCAP→78W  power=77.4W
[PID] perf=7.609Hz  target=6.639Hz  err=-0.970Hz  corr=-61.76W  u_ff=84.3W  PCAP→78W  power=76.8W
[PID] perf=5.825Hz  target=6.639Hz  err=+0.814Hz  corr=-15.98W  u_ff=84.3W  PCAP→78W  power=77.3W
[PID] perf=4.651Hz  target=6.639Hz  err=+1.987Hz  corr=+19.24W  u_ff=84.3W  PCAP→101W  power=78.1W
[PID] perf=13.333Hz  target=6.639Hz  err=-6.694Hz  corr=-190.12W  u_ff=84.3W  PCAP→78W  power=99.1W
[PID] perf=5.391Hz  target=6.639Hz  err=+1.247Hz  corr=+8.24W  u_ff=84.3W  PCAP→95W  power=77.5W
[PID] perf=34.812Hz  target=6.639Hz  err=-28.173Hz  corr=-671.81W  u_ff=84.3W  PCAP→78W  power=95.7W
[PID] perf=16.319Hz  target=6.639Hz  err=-9.680Hz  corr=-257.09W  u_ff=84.3W  PCAP→78W  power=77.5W
[PID] perf=7.058Hz  target=6.639Hz  err=-0.419Hz  corr=-31.01W  u_ff=84.3W  PCAP→78W  power=76.9W
[PID] perf=16.271Hz  target=6.639Hz  err=-9.632Hz  corr=-256.01W  u_ff=84.3W  PCAP→78W  power=77.5W
[PID] perf=7.143Hz  target=6.639Hz  err=-0.504Hz  corr=-35.18W  u_ff=84.3W  PCAP→78W  power=77.9W
[PID] perf=8.913Hz  target=6.639Hz  err=-2.274Hz  corr=-85.07W  u_ff=84.3W  PCAP→78W  power=78.1W
[PID] perf=5.935Hz  target=6.639Hz  err=+0.704Hz  corr=-15.13W  u_ff=84.3W  PCAP→78W  power=78.9W
[PID] perf=5.507Hz  target=6.639Hz  err=+1.132Hz  corr=-0.45W  u_ff=84.3W  PCAP→83W  power=78.3W
[PID] perf=16.129Hz  target=6.639Hz  err=-9.490Hz  corr=-252.82W  u_ff=84.3W  PCAP→78W  power=83.5W
[PID] perf=5.695Hz  target=6.639Hz  err=+0.943Hz  corr=-0.45W  u_ff=84.3W  PCAP→83W  power=77.9W
[PID] perf=6.289Hz  target=6.639Hz  err=+0.350Hz  corr=-12.20W  u_ff=84.3W  PCAP→78W  power=83.5W
[PID] perf=10.312Hz  target=6.639Hz  err=-3.673Hz  corr=-118.88W  u_ff=84.3W  PCAP→78W  power=78.1W
[PID] perf=11.282Hz  target=6.639Hz  err=-4.644Hz  corr=-144.13W  u_ff=84.3W  PCAP→78W  power=79.1W
[PID] perf=12.853Hz  target=6.639Hz  err=-6.214Hz  corr=-179.36W  u_ff=84.3W  PCAP→78W  power=77.4W
[PID] perf=8.689Hz  target=6.639Hz  err=-2.050Hz  corr=-85.98W  u_ff=84.3W  PCAP→78W  power=78.4W
[PID] perf=5.420Hz  target=6.639Hz  err=+1.219Hz  corr=-3.72W  u_ff=84.3W  PCAP→83W  power=77.6W
[PID] perf=5.726Hz  target=6.639Hz  err=+0.913Hz  corr=-6.48W  u_ff=84.3W  PCAP→78W  power=83.6W
[PID] perf=5.347Hz  target=6.639Hz  err=+1.291Hz  corr=+7.79W  u_ff=84.3W  PCAP→95W  power=78.0W
[PID] perf=26.448Hz  target=6.639Hz  err=-19.810Hz  corr=-484.25W  u_ff=84.3W  PCAP→78W  power=95.1W
[PID] perf=6.135Hz  target=6.639Hz  err=+0.503Hz  corr=-7.62W  u_ff=84.3W  PCAP→78W  power=76.5W
[PID] perf=12.605Hz  target=6.639Hz  err=-5.966Hz  corr=-173.80W  u_ff=84.3W  PCAP→78W  power=79.3W
[PID] perf=9.893Hz  target=6.639Hz  err=-3.254Hz  corr=-106.48W  u_ff=84.3W  PCAP→78W  power=77.8W
[PID] perf=15.815Hz  target=6.639Hz  err=-9.176Hz  corr=-245.79W  u_ff=84.3W  PCAP→78W  power=77.7W
[PID] perf=6.579Hz  target=6.639Hz  err=+0.060Hz  corr=-31.89W  u_ff=84.3W  PCAP→78W  power=78.1W
[PID] perf=16.668Hz  target=6.639Hz  err=-10.030Hz  corr=-264.92W  u_ff=84.3W  PCAP→78W  power=78.3W
[PID] perf=6.379Hz  target=6.639Hz  err=+0.259Hz  corr=-26.25W  u_ff=84.3W  PCAP→78W  power=77.9W
[PID] perf=26.031Hz  target=6.639Hz  err=-19.392Hz  corr=-474.89W  u_ff=84.3W  PCAP→78W  power=78.0W
[PID] perf=7.838Hz  target=6.639Hz  err=-1.200Hz  corr=-64.35W  u_ff=84.3W  PCAP→78W  power=77.3W
[PID] perf=11.089Hz  target=6.639Hz  err=-4.450Hz  corr=-139.80W  u_ff=84.3W  PCAP→78W  power=78.6W
[PID] perf=7.877Hz  target=6.639Hz  err=-1.238Hz  corr=-67.77W  u_ff=84.3W  PCAP→78W  power=77.7W
[PID] perf=5.495Hz  target=6.639Hz  err=+1.143Hz  corr=-6.68W  u_ff=84.3W  PCAP→78W  power=77.8W
[PID] perf=29.935Hz  target=6.639Hz  err=-23.297Hz  corr=-562.45W  u_ff=84.3W  PCAP→78W  power=77.9W
[PID] perf=7.812Hz  target=6.639Hz  err=-1.174Hz  corr=-63.91W  u_ff=84.3W  PCAP→78W  power=77.5W
[PID] perf=10.124Hz  target=6.639Hz  err=-3.485Hz  corr=-118.16W  u_ff=84.3W  PCAP→78W  power=79.6W
[PID] perf=11.916Hz  target=6.639Hz  err=-5.278Hz  corr=-158.36W  u_ff=84.3W  PCAP→78W  power=79.9W
[PID] perf=7.368Hz  target=6.639Hz  err=-0.729Hz  corr=-56.36W  u_ff=84.3W  PCAP→78W  power=78.2W
[PID] perf=50.001Hz  target=6.639Hz  err=-43.362Hz  corr=-1012.43W  u_ff=84.3W  PCAP→78W  power=79.0W
[PID] perf=10.544Hz  target=6.639Hz  err=-3.906Hz  corr=-127.59W  u_ff=84.3W  PCAP→78W  power=78.0W
[PID] perf=5.319Hz  target=6.639Hz  err=+1.319Hz  corr=-2.08W  u_ff=84.3W  PCAP→83W  power=78.8W
[PID] perf=7.129Hz  target=6.639Hz  err=-0.491Hz  corr=-44.88W  u_ff=84.3W  PCAP→78W  power=81.8W
[PID] perf=8.772Hz  target=6.639Hz  err=-2.133Hz  corr=-87.83W  u_ff=84.3W  PCAP→78W  power=77.5W
[PID] perf=9.852Hz  target=6.639Hz  err=-3.214Hz  corr=-112.07W  u_ff=84.3W  PCAP→78W  power=78.3W
[PID] perf=10.826Hz  target=6.639Hz  err=-4.188Hz  corr=-133.91W  u_ff=84.3W  PCAP→78W  power=77.4W
[PID] perf=5.000Hz  target=6.639Hz  err=+1.639Hz  corr=+10.22W  u_ff=84.3W  PCAP→95W  power=78.2W
[PID] perf=11.561Hz  target=6.639Hz  err=-4.922Hz  corr=-150.38W  u_ff=84.3W  PCAP→78W  power=95.4W
[PID] perf=6.517Hz  target=6.639Hz  err=+0.122Hz  corr=-23.25W  u_ff=84.3W  PCAP→78W  power=78.0W
[PID] perf=9.050Hz  target=6.639Hz  err=-2.411Hz  corr=-90.86W  u_ff=84.3W  PCAP→78W  power=78.3W
[PID] perf=7.299Hz  target=6.639Hz  err=-0.661Hz  corr=-54.57W  u_ff=84.3W  PCAP→78W  power=77.7W
[PID] perf=11.834Hz  target=6.639Hz  err=-5.196Hz  corr=-156.52W  u_ff=84.3W  PCAP→78W  power=78.3W
[PID] perf=6.834Hz  target=6.639Hz  err=-0.196Hz  corr=-44.39W  u_ff=84.3W  PCAP→78W  power=79.0W
[PID] perf=11.428Hz  target=6.639Hz  err=-4.789Hz  corr=-147.41W  u_ff=84.3W  PCAP→78W  power=78.1W
[PID] perf=20.426Hz  target=6.639Hz  err=-13.787Hz  corr=-349.19W  u_ff=84.3W  PCAP→78W  power=76.5W
[PID] perf=6.329Hz  target=6.639Hz  err=+0.309Hz  corr=-31.43W  u_ff=84.3W  PCAP→78W  power=78.1W
[PID] perf=19.665Hz  target=6.639Hz  err=-13.026Hz  corr=-332.12W  u_ff=84.3W  PCAP→78W  power=77.5W
[PID] perf=9.950Hz  target=6.639Hz  err=-3.311Hz  corr=-114.26W  u_ff=84.3W  PCAP→78W  power=77.0W
[PID] perf=31.584Hz  target=6.639Hz  err=-24.946Hz  corr=-599.43W  u_ff=84.3W  PCAP→78W  power=78.9W
[PID] perf=6.927Hz  target=6.639Hz  err=-0.288Hz  corr=-46.12W  u_ff=84.3W  PCAP→78W  power=78.7W
[PID] perf=31.809Hz  target=6.639Hz  err=-25.171Hz  corr=-604.47W  u_ff=84.3W  PCAP→78W  power=78.8W
[PID] perf=7.196Hz  target=6.639Hz  err=-0.558Hz  corr=-52.50W  u_ff=84.3W  PCAP→78W  power=78.1W
[PID] perf=6.601Hz  target=6.639Hz  err=+0.038Hz  corr=-38.64W  u_ff=84.3W  PCAP→78W  power=78.8W
[PID] perf=45.590Hz  target=6.639Hz  err=-38.952Hz  corr=-913.53W  u_ff=84.3W  PCAP→78W  power=77.9W
[PID] perf=9.666Hz  target=6.639Hz  err=-3.028Hz  corr=-107.90W  u_ff=84.3W  PCAP→78W  power=78.8W
[PID] perf=5.049Hz  target=6.639Hz  err=+1.590Hz  corr=+3.30W  u_ff=84.3W  PCAP→89W  power=76.7W
[PID] perf=9.060Hz  target=6.639Hz  err=-2.421Hz  corr=-94.30W  u_ff=84.3W  PCAP→78W  power=89.4W
[PID] perf=6.061Hz  target=6.639Hz  err=+0.578Hz  corr=-16.81W  u_ff=84.3W  PCAP→78W  power=79.0W
[PID] perf=15.515Hz  target=6.639Hz  err=-8.876Hz  corr=-239.06W  u_ff=84.3W  PCAP→78W  power=79.0W
[PID] perf=10.251Hz  target=6.639Hz  err=-3.612Hz  corr=-121.01W  u_ff=84.3W  PCAP→78W  power=78.4W
[PID] perf=8.691Hz  target=6.639Hz  err=-2.053Hz  corr=-85.01W  u_ff=84.3W  PCAP→78W  power=76.3W
[PID] perf=6.074Hz  target=6.639Hz  err=+0.564Hz  corr=-23.79W  u_ff=84.3W  PCAP→78W  power=78.5W
[PID] perf=24.895Hz  target=6.639Hz  err=-18.256Hz  corr=-449.41W  u_ff=84.3W  PCAP→78W  power=76.7W
[PID] perf=12.270Hz  target=6.639Hz  err=-5.631Hz  corr=-166.29W  u_ff=84.3W  PCAP→78W  power=77.5W
[PID] perf=8.463Hz  target=6.639Hz  err=-1.825Hz  corr=-80.92W  u_ff=84.3W  PCAP→78W  power=78.0W
[PID] perf=6.118Hz  target=6.639Hz  err=+0.521Hz  corr=-22.42W  u_ff=84.3W  PCAP→78W  power=78.5W
[PID] perf=7.451Hz  target=6.639Hz  err=-0.813Hz  corr=-55.98W  u_ff=84.3W  PCAP→78W  power=78.9W
[PID] perf=13.157Hz  target=6.639Hz  err=-6.519Hz  corr=-186.19W  u_ff=84.3W  PCAP→78W  power=78.4W
[PID] perf=7.272Hz  target=6.639Hz  err=-0.634Hz  corr=-54.21W  u_ff=84.3W  PCAP→78W  power=77.5W
[PID] perf=7.774Hz  target=6.639Hz  err=-1.135Hz  corr=-65.45W  u_ff=84.3W  PCAP→78W  power=79.2W
[PID] perf=22.220Hz  target=6.639Hz  err=-15.581Hz  corr=-389.42W  u_ff=84.3W  PCAP→78W  power=78.3W
[PID] perf=6.048Hz  target=6.639Hz  err=+0.590Hz  corr=-21.87W  u_ff=84.3W  PCAP→78W  power=77.5W
[PID] perf=8.130Hz  target=6.639Hz  err=-1.492Hz  corr=-73.45W  u_ff=84.3W  PCAP→78W  power=78.2W
[PID] perf=30.976Hz  target=6.639Hz  err=-24.338Hz  corr=-585.79W  u_ff=84.3W  PCAP→78W  power=77.4W
[PID] perf=30.578Hz  target=6.639Hz  err=-23.940Hz  corr=-576.87W  u_ff=84.3W  PCAP→78W  power=77.5W
[PID] perf=7.107Hz  target=6.639Hz  err=-0.469Hz  corr=-47.72W  u_ff=84.3W  PCAP→78W  power=78.1W
[PID] perf=24.394Hz  target=6.639Hz  err=-17.756Hz  corr=-438.19W  u_ff=84.3W  PCAP→78W  power=77.5W
[PID] perf=13.246Hz  target=6.639Hz  err=-6.607Hz  corr=-188.17W  u_ff=84.3W  PCAP→78W  power=77.2W
[PID] perf=6.731Hz  target=6.639Hz  err=-0.092Hz  corr=-39.68W  u_ff=84.3W  PCAP→78W  power=78.3W
[PID] perf=17.580Hz  target=6.639Hz  err=-10.942Hz  corr=-285.38W  u_ff=84.3W  PCAP→78W  power=77.7W
[PID] perf=10.311Hz  target=6.639Hz  err=-3.673Hz  corr=-122.36W  u_ff=84.3W  PCAP→78W  power=76.8W
[PID] perf=32.011Hz  target=6.639Hz  err=-25.372Hz  corr=-608.99W  u_ff=84.3W  PCAP→78W  power=78.2W
[PID] perf=8.215Hz  target=6.639Hz  err=-1.576Hz  corr=-75.34W  u_ff=84.3W  PCAP→78W  power=77.7W
[PID] perf=9.015Hz  target=6.639Hz  err=-2.376Hz  corr=-93.29W  u_ff=84.3W  PCAP→78W  power=76.6W
[PID] perf=7.245Hz  target=6.639Hz  err=-0.606Hz  corr=-53.59W  u_ff=84.3W  PCAP→78W  power=78.2W
[PID] perf=6.832Hz  target=6.639Hz  err=-0.194Hz  corr=-42.84W  u_ff=84.3W  PCAP→78W  power=77.0W
[PID] perf=6.897Hz  target=6.639Hz  err=-0.258Hz  corr=-45.44W  u_ff=84.3W  PCAP→78W  power=77.8W
[PID] perf=9.847Hz  target=6.639Hz  err=-3.208Hz  corr=-111.95W  u_ff=84.3W  PCAP→78W  power=78.5W
[PID] perf=5.814Hz  target=6.639Hz  err=+0.824Hz  corr=-17.47W  u_ff=84.3W  PCAP→78W  power=78.9W
[PID] perf=13.429Hz  target=6.639Hz  err=-6.790Hz  corr=-192.27W  u_ff=84.3W  PCAP→78W  power=77.8W
[PID] perf=21.736Hz  target=6.639Hz  err=-15.097Hz  corr=-378.57W  u_ff=84.3W  PCAP→78W  power=79.1W
[PID] perf=15.550Hz  target=6.639Hz  err=-8.911Hz  corr=-239.84W  u_ff=84.3W  PCAP→78W  power=78.2W
[PID] perf=31.747Hz  target=6.639Hz  err=-25.108Hz  corr=-603.08W  u_ff=84.3W  PCAP→78W  power=77.8W
[PID] perf=8.922Hz  target=6.639Hz  err=-2.283Hz  corr=-91.20W  u_ff=84.3W  PCAP→78W  power=77.2W
[PID] perf=10.258Hz  target=6.639Hz  err=-3.619Hz  corr=-121.17W  u_ff=84.3W  PCAP→78W  power=76.3W
[PID] perf=6.652Hz  target=6.639Hz  err=-0.013Hz  corr=-36.31W  u_ff=84.3W  PCAP→78W  power=79.1W
[PID] perf=5.376Hz  target=6.639Hz  err=+1.262Hz  corr=-2.04W  u_ff=84.3W  PCAP→83W  power=78.0W
[PID] perf=30.938Hz  target=6.639Hz  err=-24.299Hz  corr=-584.92W  u_ff=84.3W  PCAP→78W  power=81.6W
[PID] perf=36.362Hz  target=6.639Hz  err=-29.724Hz  corr=-706.58W  u_ff=84.3W  PCAP→78W  power=77.5W
[PID] perf=7.354Hz  target=6.639Hz  err=-0.716Hz  corr=-49.61W  u_ff=84.3W  PCAP→78W  power=77.4W
[PID] perf=5.458Hz  target=6.639Hz  err=+1.181Hz  corr=-1.78W  u_ff=84.3W  PCAP→83W  power=76.8W
[PID] perf=37.056Hz  target=6.639Hz  err=-30.417Hz  corr=-722.13W  u_ff=84.3W  PCAP→78W  power=81.5W
[PID] perf=7.587Hz  target=6.639Hz  err=-0.948Hz  corr=-53.78W  u_ff=84.3W  PCAP→78W  power=77.7W
[PID] perf=7.123Hz  target=6.639Hz  err=-0.484Hz  corr=-45.54W  u_ff=84.3W  PCAP→78W  power=78.1W
[PID] perf=6.359Hz  target=6.639Hz  err=+0.280Hz  corr=-27.16W  u_ff=84.3W  PCAP→78W  power=77.8W
[PID] perf=24.965Hz  target=6.639Hz  err=-18.327Hz  corr=-450.99W  u_ff=84.3W  PCAP→78W  power=77.9W
[PID] perf=20.830Hz  target=6.639Hz  err=-14.191Hz  corr=-358.25W  u_ff=84.3W  PCAP→78W  power=79.2W
[PID] perf=6.250Hz  target=6.639Hz  err=+0.389Hz  corr=-22.97W  u_ff=84.3W  PCAP→78W  power=77.9W
[PID] perf=12.050Hz  target=6.639Hz  err=-5.411Hz  corr=-161.35W  u_ff=84.3W  PCAP→78W  power=77.5W
[PID] perf=17.506Hz  target=6.639Hz  err=-10.867Hz  corr=-283.71W  u_ff=84.3W  PCAP→78W  power=78.7W
[PID] perf=6.211Hz  target=6.639Hz  err=+0.427Hz  corr=-20.19W  u_ff=84.3W  PCAP→78W  power=78.1W
[PID] perf=9.522Hz  target=6.639Hz  err=-2.883Hz  corr=-104.66W  u_ff=84.3W  PCAP→78W  power=78.6W
[PID] perf=9.731Hz  target=6.639Hz  err=-3.093Hz  corr=-109.35W  u_ff=84.3W  PCAP→78W  power=78.1W
[PID] perf=8.975Hz  target=6.639Hz  err=-2.337Hz  corr=-92.41W  u_ff=84.3W  PCAP→78W  power=77.2W
[PID] perf=5.618Hz  target=6.639Hz  err=+1.020Hz  corr=-2.31W  u_ff=84.3W  PCAP→83W  power=78.1W
[PID] perf=8.144Hz  target=6.639Hz  err=-1.506Hz  corr=-65.72W  u_ff=84.3W  PCAP→78W  power=83.3W
[PID] perf=24.058Hz  target=6.639Hz  err=-17.420Hz  corr=-430.65W  u_ff=84.3W  PCAP→78W  power=79.0W
[PID] perf=6.790Hz  target=6.639Hz  err=-0.151Hz  corr=-36.02W  u_ff=84.3W  PCAP→78W  power=78.3W
[PID] perf=14.520Hz  target=6.639Hz  err=-7.882Hz  corr=-216.76W  u_ff=84.3W  PCAP→78W  power=78.1W
[PID] perf=5.465Hz  target=6.639Hz  err=+1.174Hz  corr=-1.04W  u_ff=84.3W  PCAP→83W  power=78.0W
[PID] perf=6.403Hz  target=6.639Hz  err=+0.236Hz  corr=-21.02W  u_ff=84.3W  PCAP→78W  power=83.9W
[PID] perf=5.277Hz  target=6.639Hz  err=+1.361Hz  corr=+10.33W  u_ff=84.3W  PCAP→95W  power=77.6W
[PID] perf=24.528Hz  target=6.639Hz  err=-17.890Hz  corr=-441.20W  u_ff=84.3W  PCAP→78W  power=95.9W
[PID] perf=6.774Hz  target=6.639Hz  err=-0.135Hz  corr=-23.84W  u_ff=84.3W  PCAP→78W  power=78.2W
[PID] perf=6.225Hz  target=6.639Hz  err=+0.414Hz  corr=-9.67W  u_ff=84.3W  PCAP→78W  power=78.9W
[PID] perf=55.560Hz  target=6.639Hz  err=-48.922Hz  corr=-1137.11W  u_ff=84.3W  PCAP→78W  power=78.4W
[PID] perf=35.711Hz  target=6.639Hz  err=-29.072Hz  corr=-691.97W  u_ff=84.3W  PCAP→78W  power=78.1W
[PID] perf=5.714Hz  target=6.639Hz  err=+0.924Hz  corr=+5.92W  u_ff=84.3W  PCAP→89W  power=78.5W
[PID] perf=7.109Hz  target=6.639Hz  err=-0.470Hz  corr=-27.45W  u_ff=84.3W  PCAP→78W  power=90.3W
[PID] perf=5.777Hz  target=6.639Hz  err=+0.861Hz  corr=+6.27W  u_ff=84.3W  PCAP→89W  power=77.2W
[PID] perf=30.662Hz  target=6.639Hz  err=-24.023Hz  corr=-578.74W  u_ff=84.3W  PCAP→78W  power=89.0W
[PID] perf=5.609Hz  target=6.639Hz  err=+1.029Hz  corr=+14.64W  u_ff=84.3W  PCAP→101W  power=76.9W
[PID] perf=11.237Hz  target=6.639Hz  err=-4.599Hz  corr=-132.19W  u_ff=84.3W  PCAP→78W  power=100.2W
[PID] perf=6.829Hz  target=6.639Hz  err=-0.191Hz  corr=-34.20W  u_ff=84.3W  PCAP→78W  power=80.2W
[PID] perf=19.418Hz  target=6.639Hz  err=-12.780Hz  corr=-326.59W  u_ff=84.3W  PCAP→78W  power=77.6W
[PID] perf=9.045Hz  target=6.639Hz  err=-2.407Hz  corr=-93.97W  u_ff=84.3W  PCAP→78W  power=78.4W
[PID] perf=13.404Hz  target=6.639Hz  err=-6.766Hz  corr=-191.73W  u_ff=84.3W  PCAP→78W  power=76.9W
[PID] perf=12.013Hz  target=6.639Hz  err=-5.375Hz  corr=-160.53W  u_ff=84.3W  PCAP→78W  power=77.4W
[PID] perf=5.778Hz  target=6.639Hz  err=+0.861Hz  corr=-6.76W  u_ff=84.3W  PCAP→78W  power=76.1W
[PID] perf=9.433Hz  target=6.639Hz  err=-2.795Hz  corr=-101.26W  u_ff=84.3W  PCAP→78W  power=77.8W
[PID] perf=14.084Hz  target=6.639Hz  err=-7.446Hz  corr=-206.98W  u_ff=84.3W  PCAP→78W  power=77.4W
[PID] perf=5.882Hz  target=6.639Hz  err=+0.756Hz  corr=-18.24W  u_ff=84.3W  PCAP→78W  power=78.3W
[PID] perf=37.051Hz  target=6.639Hz  err=-30.412Hz  corr=-722.01W  u_ff=84.3W  PCAP→78W  power=77.3W
[PID] perf=7.920Hz  target=6.639Hz  err=-1.281Hz  corr=-68.73W  u_ff=84.3W  PCAP→78W  power=75.9W
[PID] perf=13.432Hz  target=6.639Hz  err=-6.793Hz  corr=-192.35W  u_ff=84.3W  PCAP→78W  power=76.8W
[PID] perf=5.916Hz  target=6.639Hz  err=+0.722Hz  corr=-15.77W  u_ff=84.3W  PCAP→78W  power=77.3W
[PID] perf=34.392Hz  target=6.639Hz  err=-27.754Hz  corr=-662.40W  u_ff=84.3W  PCAP→78W  power=77.4W
[PID] perf=35.769Hz  target=6.639Hz  err=-29.130Hz  corr=-693.27W  u_ff=84.3W  PCAP→78W  power=77.0W
[PID] perf=5.750Hz  target=6.639Hz  err=+0.888Hz  corr=-8.06W  u_ff=84.3W  PCAP→78W  power=77.8W
[PID] perf=9.700Hz  target=6.639Hz  err=-3.061Hz  corr=-108.65W  u_ff=84.3W  PCAP→78W  power=78.2W
[PID] perf=18.870Hz  target=6.639Hz  err=-12.231Hz  corr=-314.29W  u_ff=84.3W  PCAP→78W  power=76.4W
[PID] perf=10.594Hz  target=6.639Hz  err=-3.956Hz  corr=-128.71W  u_ff=84.3W  PCAP→78W  power=77.4W
[PID] perf=5.634Hz  target=6.639Hz  err=+1.004Hz  corr=-0.96W  u_ff=84.3W  PCAP→83W  power=77.2W
[PID] perf=55.566Hz  target=6.639Hz  err=-48.927Hz  corr=-1137.23W  u_ff=84.3W  PCAP→78W  power=81.6W
[PID] perf=24.688Hz  target=6.639Hz  err=-18.050Hz  corr=-444.78W  u_ff=84.3W  PCAP→78W  power=76.6W
[PID] perf=7.721Hz  target=6.639Hz  err=-1.083Hz  corr=-52.62W  u_ff=84.3W  PCAP→78W  power=76.6W
[PID] perf=17.392Hz  target=6.639Hz  err=-10.754Hz  corr=-281.16W  u_ff=84.3W  PCAP→78W  power=78.0W
[PID] perf=11.448Hz  target=6.639Hz  err=-4.810Hz  corr=-147.86W  u_ff=84.3W  PCAP→78W  power=77.8W
[PID] perf=12.160Hz  target=6.639Hz  err=-5.521Hz  corr=-163.82W  u_ff=84.3W  PCAP→78W  power=78.8W
[PID] perf=7.668Hz  target=6.639Hz  err=-1.029Hz  corr=-56.03W  u_ff=84.3W  PCAP→78W  power=77.5W
[PID] perf=13.889Hz  target=6.639Hz  err=-7.251Hz  corr=-202.61W  u_ff=84.3W  PCAP→78W  power=80.9W
[PID] perf=26.074Hz  target=6.639Hz  err=-19.435Hz  corr=-475.85W  u_ff=84.3W  PCAP→78W  power=77.4W
[PID] perf=5.646Hz  target=6.639Hz  err=+0.992Hz  corr=-6.24W  u_ff=84.3W  PCAP→78W  power=77.0W
[PID] perf=8.889Hz  target=6.639Hz  err=-2.251Hz  corr=-89.07W  u_ff=84.3W  PCAP→78W  power=77.7W
[PID] perf=5.076Hz  target=6.639Hz  err=+1.562Hz  corr=+3.45W  u_ff=84.3W  PCAP→89W  power=76.3W
[PID] perf=20.211Hz  target=6.639Hz  err=-13.573Hz  corr=-344.38W  u_ff=84.3W  PCAP→78W  power=89.6W
[PID] perf=5.917Hz  target=6.639Hz  err=+0.721Hz  corr=-12.17W  u_ff=84.3W  PCAP→78W  power=79.7W
[PID] perf=35.700Hz  target=6.639Hz  err=-29.062Hz  corr=-691.73W  u_ff=84.3W  PCAP→78W  power=78.9W
[PID] perf=23.814Hz  target=6.639Hz  err=-17.175Hz  corr=-425.16W  u_ff=84.3W  PCAP→78W  power=77.2W
[PID] perf=35.632Hz  target=6.639Hz  err=-28.993Hz  corr=-690.20W  u_ff=84.3W  PCAP→78W  power=nanW
[PID] perf=36.229Hz  target=6.639Hz  err=-29.590Hz  corr=-703.59W  u_ff=84.3W  PCAP→78W  power=78.4W
[PID] perf=7.385Hz  target=6.639Hz  err=-0.747Hz  corr=-48.44W  u_ff=84.3W  PCAP→78W  power=77.3W
[PID] perf=15.050Hz  target=6.639Hz  err=-8.411Hz  corr=-228.63W  u_ff=84.3W  PCAP→78W  power=76.1W
[PID] perf=5.684Hz  target=6.639Hz  err=+0.955Hz  corr=-6.01W  u_ff=84.3W  PCAP→78W  power=78.7W
[PID] perf=21.145Hz  target=6.639Hz  err=-14.506Hz  corr=-365.32W  u_ff=84.3W  PCAP→78W  power=77.9W
[PID] perf=14.925Hz  target=6.639Hz  err=-8.286Hz  corr=-225.83W  u_ff=84.3W  PCAP→78W  power=77.2W
[PID] perf=8.130Hz  target=6.639Hz  err=-1.491Hz  corr=-67.55W  u_ff=84.3W  PCAP→78W  power=nanW
[PID] perf=6.350Hz  target=6.639Hz  err=+0.289Hz  corr=-26.33W  u_ff=84.3W  PCAP→78W  power=78.3W
[PID] perf=11.172Hz  target=6.639Hz  err=-4.534Hz  corr=-141.68W  u_ff=84.3W  PCAP→78W  power=78.5W
[PID] perf=5.961Hz  target=6.639Hz  err=+0.677Hz  corr=-14.58W  u_ff=84.3W  PCAP→78W  power=78.8W
[PID] perf=11.420Hz  target=6.639Hz  err=-4.781Hz  corr=-147.23W  u_ff=84.3W  PCAP→78W  power=78.9W
[PID] perf=6.711Hz  target=6.639Hz  err=-0.073Hz  corr=-31.73W  u_ff=84.3W  PCAP→78W  power=78.2W
[PID] perf=15.589Hz  target=6.639Hz  err=-8.950Hz  corr=-240.71W  u_ff=84.3W  PCAP→78W  power=77.5W
[PID] perf=9.174Hz  target=6.639Hz  err=-2.536Hz  corr=-96.87W  u_ff=84.3W  PCAP→78W  power=78.3W
[PID] perf=12.503Hz  target=6.639Hz  err=-5.865Hz  corr=-171.52W  u_ff=84.3W  PCAP→78W  power=77.6W
[PID] perf=6.310Hz  target=6.639Hz  err=+0.329Hz  corr=-21.25W  u_ff=84.3W  PCAP→78W  power=78.2W
[PID] perf=12.644Hz  target=6.639Hz  err=-6.005Hz  corr=-174.67W  u_ff=84.3W  PCAP→78W  power=79.8W
[PID] perf=22.995Hz  target=6.639Hz  err=-16.357Hz  corr=-406.82W  u_ff=84.3W  PCAP→78W  power=78.7W
[PID] perf=23.161Hz  target=6.639Hz  err=-16.522Hz  corr=-410.53W  u_ff=84.3W  PCAP→78W  power=78.5W
[PID] perf=9.836Hz  target=6.639Hz  err=-3.197Hz  corr=-111.70W  u_ff=84.3W  PCAP→78W  power=78.0W
[PID] perf=7.868Hz  target=6.639Hz  err=-1.229Hz  corr=-61.70W  u_ff=84.3W  PCAP→78W  power=77.2W
[PID] perf=6.530Hz  target=6.639Hz  err=+0.109Hz  corr=-31.21W  u_ff=84.3W  PCAP→78W  power=77.3W
[PID] perf=9.620Hz  target=6.639Hz  err=-2.981Hz  corr=-106.86W  u_ff=84.3W  PCAP→78W  power=77.3W
[PID] perf=16.668Hz  target=6.639Hz  err=-10.029Hz  corr=-264.91W  u_ff=84.3W  PCAP→78W  power=78.4W
Process completed.
Compressed into /home/cc/summer2024/main_codes/pid_controller/../experiment_data/PID_Control/ones-npb-is/compressed_iteration_20260511_040423.tar
----------------------------------

>>> Step 3/10
  [auto target] max perf @ PCAP=159.6W = 8.298Hz  →  80% target = 6.639Hz

[ones-npb-is]
  target perf      : 6.6385 Hz
  coefficients_perf: [-0.0002928630053090073, 0.09346144861544026, 0.8415796304794382]
  feedforward PCAP : 84.29 W  →  83 W (snapped)
  Perf(u_ff) check : 6.6385 Hz  (should ≈ target)
  PID gains        : Kp=22.4258 W/Hz  Ki=2.24258 W/(Hz·s)  Kd=0.0000
[PID] perf=46.356Hz  target=6.639Hz  err=-39.718Hz  corr=-930.70W  u_ff=84.3W  PCAP→78W  power=nanW
[PID] perf=12.434Hz  target=6.639Hz  err=-5.795Hz  corr=-155.95W  u_ff=84.3W  PCAP→78W  power=78.3W
[PID] perf=7.456Hz  target=6.639Hz  err=-0.817Hz  corr=-47.98W  u_ff=84.3W  PCAP→78W  power=77.4W
[PID] perf=6.170Hz  target=6.639Hz  err=+0.469Hz  corr=-17.04W  u_ff=84.3W  PCAP→78W  power=78.0W
[PID] perf=8.245Hz  target=6.639Hz  err=-1.606Hz  corr=-70.77W  u_ff=84.3W  PCAP→78W  power=77.9W
[PID] perf=29.723Hz  target=6.639Hz  err=-23.085Hz  corr=-557.69W  u_ff=84.3W  PCAP→78W  power=77.0W
[PID] perf=14.287Hz  target=6.639Hz  err=-7.648Hz  corr=-211.52W  u_ff=84.3W  PCAP→78W  power=78.2W
[PID] perf=6.880Hz  target=6.639Hz  err=-0.241Hz  corr=-41.25W  u_ff=84.3W  PCAP→78W  power=76.7W
[PID] perf=6.251Hz  target=6.639Hz  err=+0.387Hz  corr=-25.41W  u_ff=84.3W  PCAP→78W  power=77.8W
[PID] perf=19.594Hz  target=6.639Hz  err=-12.955Hz  corr=-330.54W  u_ff=84.3W  PCAP→78W  power=77.4W
[PID] perf=16.408Hz  target=6.639Hz  err=-9.769Hz  corr=-259.09W  u_ff=84.3W  PCAP→78W  power=76.9W
[PID] perf=11.984Hz  target=6.639Hz  err=-5.345Hz  corr=-159.87W  u_ff=84.3W  PCAP→78W  power=79.1W
[PID] perf=6.414Hz  target=6.639Hz  err=+0.225Hz  corr=-28.05W  u_ff=84.3W  PCAP→78W  power=78.7W
[PID] perf=9.196Hz  target=6.639Hz  err=-2.557Hz  corr=-97.35W  u_ff=84.3W  PCAP→78W  power=78.3W
[PID] perf=11.448Hz  target=6.639Hz  err=-4.809Hz  corr=-147.85W  u_ff=84.3W  PCAP→78W  power=78.3W
[PID] perf=11.079Hz  target=6.639Hz  err=-4.441Hz  corr=-139.59W  u_ff=84.3W  PCAP→78W  power=78.1W
[PID] perf=20.167Hz  target=6.639Hz  err=-13.528Hz  corr=-343.39W  u_ff=84.3W  PCAP→78W  power=78.0W
[PID] perf=18.209Hz  target=6.639Hz  err=-11.571Hz  corr=-299.48W  u_ff=84.3W  PCAP→78W  power=77.2W
[PID] perf=8.154Hz  target=6.639Hz  err=-1.516Hz  corr=-73.88W  u_ff=84.3W  PCAP→78W  power=79.2W
[PID] perf=8.928Hz  target=6.639Hz  err=-2.290Hz  corr=-91.35W  u_ff=84.3W  PCAP→78W  power=79.3W
[PID] perf=34.159Hz  target=6.639Hz  err=-27.521Hz  corr=-657.17W  u_ff=84.3W  PCAP→78W  power=77.1W
[PID] perf=31.052Hz  target=6.639Hz  err=-24.414Hz  corr=-587.50W  u_ff=84.3W  PCAP→78W  power=78.2W
[PID] perf=10.590Hz  target=6.639Hz  err=-3.951Hz  corr=-128.61W  u_ff=84.3W  PCAP→78W  power=77.6W
[PID] perf=55.547Hz  target=6.639Hz  err=-48.909Hz  corr=-1136.81W  u_ff=84.3W  PCAP→78W  power=78.2W
[PID] perf=51.230Hz  target=6.639Hz  err=-44.591Hz  corr=-1040.00W  u_ff=84.3W  PCAP→78W  power=77.3W
[PID] perf=8.026Hz  target=6.639Hz  err=-1.388Hz  corr=-71.12W  u_ff=84.3W  PCAP→78W  power=77.4W
[PID] perf=22.820Hz  target=6.639Hz  err=-16.182Hz  corr=-402.89W  u_ff=84.3W  PCAP→78W  power=77.7W
[PID] perf=6.920Hz  target=6.639Hz  err=-0.282Hz  corr=-46.32W  u_ff=84.3W  PCAP→78W  power=77.5W
[PID] perf=6.080Hz  target=6.639Hz  err=+0.558Hz  corr=-24.87W  u_ff=84.3W  PCAP→78W  power=76.5W
[PID] perf=18.517Hz  target=6.639Hz  err=-11.878Hz  corr=-306.38W  u_ff=84.3W  PCAP→78W  power=76.7W
[PID] perf=6.088Hz  target=6.639Hz  err=+0.551Hz  corr=-22.56W  u_ff=84.3W  PCAP→78W  power=77.9W
[PID] perf=7.092Hz  target=6.639Hz  err=-0.454Hz  corr=-47.13W  u_ff=84.3W  PCAP→78W  power=77.7W
[PID] perf=55.052Hz  target=6.639Hz  err=-48.414Hz  corr=-1125.71W  u_ff=84.3W  PCAP→78W  power=77.8W
[PID] perf=10.932Hz  target=6.639Hz  err=-4.294Hz  corr=-136.29W  u_ff=84.3W  PCAP→78W  power=79.0W
[PID] perf=5.740Hz  target=6.639Hz  err=+0.899Hz  corr=-12.77W  u_ff=84.3W  PCAP→78W  power=79.0W
[PID] perf=20.097Hz  target=6.639Hz  err=-13.458Hz  corr=-341.81W  u_ff=84.3W  PCAP→78W  power=78.1W
[PID] perf=15.874Hz  target=6.639Hz  err=-9.235Hz  corr=-247.10W  u_ff=84.3W  PCAP→78W  power=76.1W
[PID] perf=6.350Hz  target=6.639Hz  err=+0.288Hz  corr=-25.16W  u_ff=84.3W  PCAP→78W  power=76.8W
[PID] perf=11.603Hz  target=6.639Hz  err=-4.965Hz  corr=-151.34W  u_ff=84.3W  PCAP→78W  power=78.1W
[PID] perf=9.222Hz  target=6.639Hz  err=-2.584Hz  corr=-97.94W  u_ff=84.3W  PCAP→78W  power=79.0W
[PID] perf=31.037Hz  target=6.639Hz  err=-24.398Hz  corr=-587.15W  u_ff=84.3W  PCAP→78W  power=77.9W
[PID] perf=8.189Hz  target=6.639Hz  err=-1.551Hz  corr=-73.36W  u_ff=84.3W  PCAP→78W  power=77.1W
[PID] perf=24.511Hz  target=6.639Hz  err=-17.873Hz  corr=-440.81W  u_ff=84.3W  PCAP→78W  power=77.0W
[PID] perf=8.230Hz  target=6.639Hz  err=-1.592Hz  corr=-75.69W  u_ff=84.3W  PCAP→78W  power=78.0W
[PID] perf=5.666Hz  target=6.639Hz  err=+0.972Hz  corr=-12.42W  u_ff=84.3W  PCAP→78W  power=77.0W
[PID] perf=5.497Hz  target=6.639Hz  err=+1.142Hz  corr=-3.50W  u_ff=84.3W  PCAP→83W  power=79.3W
[PID] perf=45.205Hz  target=6.639Hz  err=-38.566Hz  corr=-904.88W  u_ff=84.3W  PCAP→78W  power=82.5W
[PID] perf=10.056Hz  target=6.639Hz  err=-3.418Hz  corr=-116.64W  u_ff=84.3W  PCAP→78W  power=77.4W
[PID] perf=5.848Hz  target=6.639Hz  err=+0.791Hz  corr=-7.82W  u_ff=84.3W  PCAP→78W  power=78.8W
[PID] perf=13.601Hz  target=6.639Hz  err=-6.962Hz  corr=-196.13W  u_ff=84.3W  PCAP→78W  power=77.8W
[PID] perf=11.236Hz  target=6.639Hz  err=-4.598Hz  corr=-143.11W  u_ff=84.3W  PCAP→78W  power=76.7W
[PID] perf=47.641Hz  target=6.639Hz  err=-41.003Hz  corr=-959.52W  u_ff=84.3W  PCAP→78W  power=78.1W
[PID] perf=34.468Hz  target=6.639Hz  err=-27.830Hz  corr=-664.11W  u_ff=84.3W  PCAP→78W  power=76.8W
[PID] perf=8.546Hz  target=6.639Hz  err=-1.908Hz  corr=-76.89W  u_ff=84.3W  PCAP→78W  power=76.9W
[PID] perf=8.198Hz  target=6.639Hz  err=-1.560Hz  corr=-74.97W  u_ff=84.3W  PCAP→78W  power=78.2W
[PID] perf=6.922Hz  target=6.639Hz  err=-0.283Hz  corr=-41.74W  u_ff=84.3W  PCAP→78W  power=77.9W
[PID] perf=9.025Hz  target=6.639Hz  err=-2.386Hz  corr=-93.52W  u_ff=84.3W  PCAP→78W  power=78.5W
[PID] perf=5.319Hz  target=6.639Hz  err=+1.320Hz  corr=+0.13W  u_ff=84.3W  PCAP→83W  power=77.2W
[PID] perf=20.382Hz  target=6.639Hz  err=-13.744Hz  corr=-348.22W  u_ff=84.3W  PCAP→78W  power=82.8W
[PID] perf=9.274Hz  target=6.639Hz  err=-2.635Hz  corr=-99.10W  u_ff=84.3W  PCAP→78W  power=79.0W
[PID] perf=7.359Hz  target=6.639Hz  err=-0.721Hz  corr=-48.86W  u_ff=84.3W  PCAP→78W  power=78.4W
[PID] perf=6.712Hz  target=6.639Hz  err=-0.073Hz  corr=-34.66W  u_ff=84.3W  PCAP→78W  power=77.4W
[PID] perf=8.115Hz  target=6.639Hz  err=-1.476Hz  corr=-72.76W  u_ff=84.3W  PCAP→78W  power=77.9W
[PID] perf=5.228Hz  target=6.639Hz  err=+1.411Hz  corr=-1.69W  u_ff=84.3W  PCAP→83W  power=78.6W
[PID] perf=7.076Hz  target=6.639Hz  err=-0.438Hz  corr=-45.10W  u_ff=84.3W  PCAP→78W  power=82.9W
[PID] perf=12.590Hz  target=6.639Hz  err=-5.951Hz  corr=-173.47W  u_ff=84.3W  PCAP→78W  power=77.3W
[PID] perf=13.519Hz  target=6.639Hz  err=-6.880Hz  corr=-194.29W  u_ff=84.3W  PCAP→78W  power=77.9W
[PID] perf=10.105Hz  target=6.639Hz  err=-3.467Hz  corr=-117.75W  u_ff=84.3W  PCAP→78W  power=78.4W
[PID] perf=17.752Hz  target=6.639Hz  err=-11.113Hz  corr=-289.23W  u_ff=84.3W  PCAP→78W  power=78.6W
[PID] perf=6.849Hz  target=6.639Hz  err=-0.211Hz  corr=-40.96W  u_ff=84.3W  PCAP→78W  power=78.0W
[PID] perf=5.640Hz  target=6.639Hz  err=+0.999Hz  corr=-9.35W  u_ff=84.3W  PCAP→78W  power=77.8W
[PID] perf=5.765Hz  target=6.639Hz  err=+0.874Hz  corr=-8.24W  u_ff=84.3W  PCAP→78W  power=78.8W
[PID] perf=8.889Hz  target=6.639Hz  err=-2.250Hz  corr=-88.39W  u_ff=84.3W  PCAP→78W  power=78.6W
[PID] perf=46.537Hz  target=6.639Hz  err=-39.898Hz  corr=-934.75W  u_ff=84.3W  PCAP→78W  power=77.9W
[PID] perf=6.027Hz  target=6.639Hz  err=+0.612Hz  corr=-21.46W  u_ff=84.3W  PCAP→78W  power=77.7W
[PID] perf=21.276Hz  target=6.639Hz  err=-14.637Hz  corr=-368.26W  u_ff=84.3W  PCAP→78W  power=77.8W
[PID] perf=7.663Hz  target=6.639Hz  err=-1.025Hz  corr=-62.76W  u_ff=84.3W  PCAP→78W  power=78.0W
[PID] perf=38.166Hz  target=6.639Hz  err=-31.528Hz  corr=-747.04W  u_ff=84.3W  PCAP→78W  power=77.6W
[PID] perf=9.613Hz  target=6.639Hz  err=-2.975Hz  corr=-106.71W  u_ff=84.3W  PCAP→78W  power=76.2W
[PID] perf=6.727Hz  target=6.639Hz  err=-0.089Hz  corr=-41.99W  u_ff=84.3W  PCAP→78W  power=76.9W
[PID] perf=7.353Hz  target=6.639Hz  err=-0.714Hz  corr=-56.02W  u_ff=84.3W  PCAP→78W  power=78.1W
[PID] perf=16.808Hz  target=6.639Hz  err=-10.169Hz  corr=-268.06W  u_ff=84.3W  PCAP→78W  power=76.4W
[PID] perf=8.744Hz  target=6.639Hz  err=-2.105Hz  corr=-87.21W  u_ff=84.3W  PCAP→78W  power=77.9W
[PID] perf=5.785Hz  target=6.639Hz  err=+0.854Hz  corr=-16.80W  u_ff=84.3W  PCAP→78W  power=78.2W
[PID] perf=38.729Hz  target=6.639Hz  err=-32.090Hz  corr=-759.65W  u_ff=84.3W  PCAP→78W  power=78.3W
[PID] perf=8.693Hz  target=6.639Hz  err=-2.054Hz  corr=-86.06W  u_ff=84.3W  PCAP→78W  power=77.5W
[PID] perf=10.754Hz  target=6.639Hz  err=-4.115Hz  corr=-132.29W  u_ff=84.3W  PCAP→78W  power=77.8W
[PID] perf=57.080Hz  target=6.639Hz  err=-50.442Hz  corr=-1171.20W  u_ff=84.3W  PCAP→78W  power=77.8W
[PID] perf=15.440Hz  target=6.639Hz  err=-8.802Hz  corr=-237.39W  u_ff=84.3W  PCAP→78W  power=77.5W
[PID] perf=13.621Hz  target=6.639Hz  err=-6.982Hz  corr=-196.58W  u_ff=84.3W  PCAP→78W  power=77.3W
[PID] perf=6.192Hz  target=6.639Hz  err=+0.446Hz  corr=-23.93W  u_ff=84.3W  PCAP→78W  power=78.4W
[PID] perf=5.939Hz  target=6.639Hz  err=+0.699Hz  corr=-15.12W  u_ff=84.3W  PCAP→78W  power=77.7W
[PID] perf=9.807Hz  target=6.639Hz  err=-3.169Hz  corr=-111.06W  u_ff=84.3W  PCAP→78W  power=79.4W
[PID] perf=7.427Hz  target=6.639Hz  err=-0.788Hz  corr=-52.02W  u_ff=84.3W  PCAP→78W  power=78.2W
[PID] perf=5.764Hz  target=6.639Hz  err=+0.875Hz  corr=-10.80W  u_ff=84.3W  PCAP→78W  power=78.8W
[PID] perf=7.829Hz  target=6.639Hz  err=-1.190Hz  corr=-62.45W  u_ff=84.3W  PCAP→78W  power=78.0W
[PID] perf=14.454Hz  target=6.639Hz  err=-7.816Hz  corr=-215.27W  u_ff=84.3W  PCAP→78W  power=77.7W
[PID] perf=7.906Hz  target=6.639Hz  err=-1.267Hz  corr=-68.42W  u_ff=84.3W  PCAP→78W  power=77.7W
[PID] perf=9.455Hz  target=6.639Hz  err=-2.816Hz  corr=-103.15W  u_ff=84.3W  PCAP→78W  power=78.5W
[PID] perf=14.926Hz  target=6.639Hz  err=-8.287Hz  corr=-225.85W  u_ff=84.3W  PCAP→78W  power=78.0W
[PID] perf=8.116Hz  target=6.639Hz  err=-1.477Hz  corr=-73.13W  u_ff=84.3W  PCAP→78W  power=78.5W
[PID] perf=17.238Hz  target=6.639Hz  err=-10.599Hz  corr=-277.70W  u_ff=84.3W  PCAP→78W  power=77.9W
[PID] perf=35.129Hz  target=6.639Hz  err=-28.491Hz  corr=-678.93W  u_ff=84.3W  PCAP→78W  power=77.9W
[PID] perf=7.036Hz  target=6.639Hz  err=-0.397Hz  corr=-46.45W  u_ff=84.3W  PCAP→78W  power=78.2W
[PID] perf=6.667Hz  target=6.639Hz  err=-0.028Hz  corr=-38.29W  u_ff=84.3W  PCAP→78W  power=78.8W
[PID] perf=9.909Hz  target=6.639Hz  err=-3.270Hz  corr=-113.34W  u_ff=84.3W  PCAP→78W  power=77.1W
[PID] perf=6.710Hz  target=6.639Hz  err=-0.071Hz  corr=-39.58W  u_ff=84.3W  PCAP→78W  power=78.1W
[PID] perf=13.699Hz  target=6.639Hz  err=-7.060Hz  corr=-198.33W  u_ff=84.3W  PCAP→78W  power=77.6W
[PID] perf=28.988Hz  target=6.639Hz  err=-22.349Hz  corr=-541.20W  u_ff=84.3W  PCAP→78W  power=79.0W
[PID] perf=10.213Hz  target=6.639Hz  err=-3.574Hz  corr=-120.16W  u_ff=84.3W  PCAP→78W  power=79.1W
[PID] perf=8.312Hz  target=6.639Hz  err=-1.673Hz  corr=-77.52W  u_ff=84.3W  PCAP→78W  power=78.3W
[PID] perf=9.047Hz  target=6.639Hz  err=-2.409Hz  corr=-94.02W  u_ff=84.3W  PCAP→78W  power=78.7W
[PID] perf=12.344Hz  target=6.639Hz  err=-5.706Hz  corr=-167.95W  u_ff=84.3W  PCAP→78W  power=78.4W
[PID] perf=16.515Hz  target=6.639Hz  err=-9.876Hz  corr=-261.49W  u_ff=84.3W  PCAP→78W  power=77.2W
[PID] perf=6.154Hz  target=6.639Hz  err=+0.485Hz  corr=-24.94W  u_ff=84.3W  PCAP→78W  power=78.8W
[PID] perf=19.856Hz  target=6.639Hz  err=-13.218Hz  corr=-336.42W  u_ff=84.3W  PCAP→78W  power=77.7W
[PID] perf=9.893Hz  target=6.639Hz  err=-3.254Hz  corr=-112.98W  u_ff=84.3W  PCAP→78W  power=77.6W
[PID] perf=40.611Hz  target=6.639Hz  err=-33.973Hz  corr=-801.87W  u_ff=84.3W  PCAP→78W  power=78.2W
[PID] perf=5.817Hz  target=6.639Hz  err=+0.822Hz  corr=-13.70W  u_ff=84.3W  PCAP→78W  power=77.6W
[PID] perf=27.771Hz  target=6.639Hz  err=-21.132Hz  corr=-513.90W  u_ff=84.3W  PCAP→78W  power=77.7W
[PID] perf=5.876Hz  target=6.639Hz  err=+0.762Hz  corr=-11.61W  u_ff=84.3W  PCAP→78W  power=77.5W
[PID] perf=20.002Hz  target=6.639Hz  err=-13.363Hz  corr=-339.68W  u_ff=84.3W  PCAP→78W  power=77.7W
[PID] perf=9.872Hz  target=6.639Hz  err=-3.233Hz  corr=-112.51W  u_ff=84.3W  PCAP→78W  power=77.9W
[PID] perf=6.361Hz  target=6.639Hz  err=+0.278Hz  corr=-21.23W  u_ff=84.3W  PCAP→78W  power=77.6W
[PID] perf=7.276Hz  target=6.639Hz  err=-0.638Hz  corr=-44.62W  u_ff=84.3W  PCAP→78W  power=77.5W
[PID] perf=7.358Hz  target=6.639Hz  err=-0.720Hz  corr=-49.69W  u_ff=84.3W  PCAP→78W  power=79.9W
[PID] perf=8.767Hz  target=6.639Hz  err=-2.128Hz  corr=-87.73W  u_ff=84.3W  PCAP→78W  power=78.2W
[PID] perf=34.069Hz  target=6.639Hz  err=-27.431Hz  corr=-655.15W  u_ff=84.3W  PCAP→78W  power=77.8W
[PID] perf=11.724Hz  target=6.639Hz  err=-5.085Hz  corr=-154.04W  u_ff=84.3W  PCAP→78W  power=76.9W
[PID] perf=6.386Hz  target=6.639Hz  err=+0.253Hz  corr=-26.74W  u_ff=84.3W  PCAP→78W  power=77.4W
[PID] perf=6.535Hz  target=6.639Hz  err=+0.103Hz  corr=-29.63W  u_ff=84.3W  PCAP→78W  power=78.4W
[PID] perf=6.707Hz  target=6.639Hz  err=-0.069Hz  corr=-33.79W  u_ff=84.3W  PCAP→78W  power=78.0W
[PID] perf=20.139Hz  target=6.639Hz  err=-13.500Hz  corr=-342.76W  u_ff=84.3W  PCAP→78W  power=78.6W
[PID] perf=11.704Hz  target=6.639Hz  err=-5.066Hz  corr=-153.60W  u_ff=84.3W  PCAP→78W  power=77.7W
[PID] perf=11.588Hz  target=6.639Hz  err=-4.949Hz  corr=-150.99W  u_ff=84.3W  PCAP→78W  power=77.3W
[PID] perf=8.819Hz  target=6.639Hz  err=-2.180Hz  corr=-88.89W  u_ff=84.3W  PCAP→78W  power=78.6W
[PID] perf=4.819Hz  target=6.639Hz  err=+1.819Hz  corr=+16.70W  u_ff=84.3W  PCAP→101W  power=77.6W
[PID] perf=6.175Hz  target=6.639Hz  err=+0.463Hz  corr=-11.63W  u_ff=84.3W  PCAP→78W  power=101.2W
[PID] perf=29.661Hz  target=6.639Hz  err=-23.022Hz  corr=-556.29W  u_ff=84.3W  PCAP→78W  power=78.3W
[PID] perf=12.532Hz  target=6.639Hz  err=-5.894Hz  corr=-172.17W  u_ff=84.3W  PCAP→78W  power=78.0W
[PID] perf=55.566Hz  target=6.639Hz  err=-48.928Hz  corr=-1137.24W  u_ff=84.3W  PCAP→78W  power=78.3W
[PID] perf=17.672Hz  target=6.639Hz  err=-11.033Hz  corr=-287.43W  u_ff=84.3W  PCAP→78W  power=76.7W
[PID] perf=7.085Hz  target=6.639Hz  err=-0.446Hz  corr=-34.02W  u_ff=84.3W  PCAP→78W  power=76.8W
[PID] perf=11.905Hz  target=6.639Hz  err=-5.267Hz  corr=-158.11W  u_ff=84.3W  PCAP→78W  power=78.0W
[PID] perf=8.126Hz  target=6.639Hz  err=-1.488Hz  corr=-64.06W  u_ff=84.3W  PCAP→78W  power=77.3W
[PID] perf=31.653Hz  target=6.639Hz  err=-25.015Hz  corr=-600.98W  u_ff=84.3W  PCAP→78W  power=77.8W
[PID] perf=10.133Hz  target=6.639Hz  err=-3.495Hz  corr=-118.37W  u_ff=84.3W  PCAP→78W  power=79.8W
[PID] perf=7.407Hz  target=6.639Hz  err=-0.769Hz  corr=-51.38W  u_ff=84.3W  PCAP→78W  power=78.2W
[PID] perf=13.093Hz  target=6.639Hz  err=-6.455Hz  corr=-184.75W  u_ff=84.3W  PCAP→78W  power=78.0W
[PID] perf=11.645Hz  target=6.639Hz  err=-5.006Hz  corr=-152.27W  u_ff=84.3W  PCAP→78W  power=77.1W
[PID] perf=9.009Hz  target=6.639Hz  err=-2.370Hz  corr=-93.16W  u_ff=84.3W  PCAP→78W  power=77.7W
[PID] perf=5.497Hz  target=6.639Hz  err=+1.141Hz  corr=-3.43W  u_ff=84.3W  PCAP→83W  power=79.2W
[PID] perf=22.986Hz  target=6.639Hz  err=-16.348Hz  corr=-406.61W  u_ff=84.3W  PCAP→78W  power=82.0W
[PID] perf=10.625Hz  target=6.639Hz  err=-3.986Hz  corr=-129.39W  u_ff=84.3W  PCAP→78W  power=77.4W
[PID] perf=13.181Hz  target=6.639Hz  err=-6.543Hz  corr=-186.73W  u_ff=84.3W  PCAP→78W  power=77.7W
[PID] perf=18.197Hz  target=6.639Hz  err=-11.559Hz  corr=-299.21W  u_ff=84.3W  PCAP→78W  power=78.3W
[PID] perf=21.234Hz  target=6.639Hz  err=-14.596Hz  corr=-367.33W  u_ff=84.3W  PCAP→78W  power=78.6W
[PID] perf=8.777Hz  target=6.639Hz  err=-2.138Hz  corr=-86.57W  u_ff=84.3W  PCAP→78W  power=76.7W
[PID] perf=5.333Hz  target=6.639Hz  err=+1.305Hz  corr=-3.49W  u_ff=84.3W  PCAP→83W  power=78.5W
[PID] perf=15.870Hz  target=6.639Hz  err=-9.232Hz  corr=-247.02W  u_ff=84.3W  PCAP→78W  power=82.8W
[PID] perf=16.150Hz  target=6.639Hz  err=-9.512Hz  corr=-253.31W  u_ff=84.3W  PCAP→78W  power=79.5W
[PID] perf=6.121Hz  target=6.639Hz  err=+0.518Hz  corr=-18.83W  u_ff=84.3W  PCAP→78W  power=77.1W
[PID] perf=22.510Hz  target=6.639Hz  err=-15.872Hz  corr=-395.94W  u_ff=84.3W  PCAP→78W  power=78.3W
[PID] perf=7.069Hz  target=6.639Hz  err=-0.431Hz  corr=-42.03W  u_ff=84.3W  PCAP→78W  power=77.3W
[PID] perf=16.530Hz  target=6.639Hz  err=-9.892Hz  corr=-261.83W  u_ff=84.3W  PCAP→78W  power=78.6W
[PID] perf=5.270Hz  target=6.639Hz  err=+1.368Hz  corr=+4.44W  u_ff=84.3W  PCAP→89W  power=77.1W
[PID] perf=7.663Hz  target=6.639Hz  err=-1.024Hz  corr=-53.80W  u_ff=84.3W  PCAP→78W  power=89.7W
[PID] perf=6.536Hz  target=6.639Hz  err=+0.102Hz  corr=-28.08W  u_ff=84.3W  PCAP→78W  power=78.6W
[PID] perf=8.695Hz  target=6.639Hz  err=-2.057Hz  corr=-85.72W  u_ff=84.3W  PCAP→78W  power=79.0W
[PID] perf=32.014Hz  target=6.639Hz  err=-25.376Hz  corr=-609.07W  u_ff=84.3W  PCAP→78W  power=77.0W
[PID] perf=27.297Hz  target=6.639Hz  err=-20.659Hz  corr=-503.29W  u_ff=84.3W  PCAP→78W  power=78.0W
[PID] perf=8.529Hz  target=6.639Hz  err=-1.890Hz  corr=-82.39W  u_ff=84.3W  PCAP→78W  power=78.0W
[PID] perf=5.970Hz  target=6.639Hz  err=+0.669Hz  corr=-21.61W  u_ff=84.3W  PCAP→78W  power=78.7W
[PID] perf=12.553Hz  target=6.639Hz  err=-5.914Hz  corr=-172.64W  u_ff=84.3W  PCAP→78W  power=78.0W
[PID] perf=8.762Hz  target=6.639Hz  err=-2.124Hz  corr=-87.63W  u_ff=84.3W  PCAP→78W  power=76.8W
[PID] perf=6.666Hz  target=6.639Hz  err=-0.027Hz  corr=-37.32W  u_ff=84.3W  PCAP→78W  power=78.1W
[PID] perf=13.609Hz  target=6.639Hz  err=-6.971Hz  corr=-196.32W  u_ff=84.3W  PCAP→78W  power=78.8W
[PID] perf=8.884Hz  target=6.639Hz  err=-2.246Hz  corr=-90.36W  u_ff=84.3W  PCAP→78W  power=76.2W
[PID] perf=9.208Hz  target=6.639Hz  err=-2.570Hz  corr=-97.63W  u_ff=84.3W  PCAP→78W  power=78.8W
[PID] perf=15.390Hz  target=6.639Hz  err=-8.751Hz  corr=-236.25W  u_ff=84.3W  PCAP→78W  power=78.5W
[PID] perf=7.704Hz  target=6.639Hz  err=-1.065Hz  corr=-63.88W  u_ff=84.3W  PCAP→78W  power=77.2W
[PID] perf=6.146Hz  target=6.639Hz  err=+0.493Hz  corr=-23.46W  u_ff=84.3W  PCAP→78W  power=77.0W
[PID] perf=30.821Hz  target=6.639Hz  err=-24.182Hz  corr=-582.30W  u_ff=84.3W  PCAP→78W  power=78.4W
[PID] perf=6.074Hz  target=6.639Hz  err=+0.565Hz  corr=-19.31W  u_ff=84.3W  PCAP→78W  power=78.3W
[PID] perf=7.199Hz  target=6.639Hz  err=-0.561Hz  corr=-47.07W  u_ff=84.3W  PCAP→78W  power=77.8W
[PID] perf=7.514Hz  target=6.639Hz  err=-0.875Hz  corr=-58.04W  u_ff=84.3W  PCAP→78W  power=78.0W
[PID] perf=8.696Hz  target=6.639Hz  err=-2.057Hz  corr=-86.14W  u_ff=84.3W  PCAP→78W  power=77.9W
[PID] perf=8.326Hz  target=6.639Hz  err=-1.687Hz  corr=-77.84W  u_ff=84.3W  PCAP→78W  power=78.0W
[PID] perf=55.554Hz  target=6.639Hz  err=-48.915Hz  corr=-1136.96W  u_ff=84.3W  PCAP→78W  power=78.6W
[PID] perf=7.867Hz  target=6.639Hz  err=-1.228Hz  corr=-67.55W  u_ff=84.3W  PCAP→78W  power=77.7W
[PID] perf=13.261Hz  target=6.639Hz  err=-6.622Hz  corr=-188.51W  u_ff=84.3W  PCAP→78W  power=76.3W
[PID] perf=7.039Hz  target=6.639Hz  err=-0.400Hz  corr=-48.98W  u_ff=84.3W  PCAP→78W  power=79.1W
[PID] perf=28.166Hz  target=6.639Hz  err=-21.528Hz  corr=-522.77W  u_ff=84.3W  PCAP→78W  power=76.7W
[PID] perf=10.759Hz  target=6.639Hz  err=-4.121Hz  corr=-132.41W  u_ff=84.3W  PCAP→78W  power=77.3W
[PID] perf=8.331Hz  target=6.639Hz  err=-1.692Hz  corr=-77.95W  u_ff=84.3W  PCAP→78W  power=76.7W
[PID] perf=7.906Hz  target=6.639Hz  err=-1.267Hz  corr=-68.42W  u_ff=84.3W  PCAP→78W  power=78.2W
[PID] perf=7.995Hz  target=6.639Hz  err=-1.357Hz  corr=-70.42W  u_ff=84.3W  PCAP→78W  power=77.9W
[PID] perf=9.575Hz  target=6.639Hz  err=-2.936Hz  corr=-105.85W  u_ff=84.3W  PCAP→78W  power=78.4W
[PID] perf=5.650Hz  target=6.639Hz  err=+0.989Hz  corr=-11.81W  u_ff=84.3W  PCAP→78W  power=79.2W
[PID] perf=15.130Hz  target=6.639Hz  err=-8.492Hz  corr=-230.44W  u_ff=84.3W  PCAP→78W  power=77.4W
[PID] perf=8.588Hz  target=6.639Hz  err=-1.949Hz  corr=-83.71W  u_ff=84.3W  PCAP→78W  power=77.9W
[PID] perf=26.795Hz  target=6.639Hz  err=-20.157Hz  corr=-492.03W  u_ff=84.3W  PCAP→78W  power=77.6W
[PID] perf=7.147Hz  target=6.639Hz  err=-0.508Hz  corr=-47.65W  u_ff=84.3W  PCAP→78W  power=78.3W
[PID] perf=5.277Hz  target=6.639Hz  err=+1.361Hz  corr=+0.38W  u_ff=84.3W  PCAP→83W  power=78.6W
[PID] perf=21.499Hz  target=6.639Hz  err=-14.861Hz  corr=-373.26W  u_ff=84.3W  PCAP→78W  power=82.9W
[PID] perf=6.008Hz  target=6.639Hz  err=+0.630Hz  corr=-13.19W  u_ff=84.3W  PCAP→78W  power=78.4W
[PID] perf=26.990Hz  target=6.639Hz  err=-20.351Hz  corr=-496.39W  u_ff=84.3W  PCAP→78W  power=77.6W
[PID] perf=10.810Hz  target=6.639Hz  err=-4.172Hz  corr=-133.56W  u_ff=84.3W  PCAP→78W  power=77.1W
[PID] perf=15.307Hz  target=6.639Hz  err=-8.669Hz  corr=-234.40W  u_ff=84.3W  PCAP→78W  power=76.9W
[PID] perf=11.547Hz  target=6.639Hz  err=-4.908Hz  corr=-150.07W  u_ff=84.3W  PCAP→78W  power=78.0W
[PID] perf=9.174Hz  target=6.639Hz  err=-2.536Hz  corr=-95.56W  u_ff=84.3W  PCAP→78W  power=77.2W
[PID] perf=7.311Hz  target=6.639Hz  err=-0.673Hz  corr=-55.09W  u_ff=84.3W  PCAP→78W  power=78.5W
[PID] perf=10.572Hz  target=6.639Hz  err=-3.934Hz  corr=-128.22W  u_ff=84.3W  PCAP→78W  power=76.0W
[PID] perf=9.145Hz  target=6.639Hz  err=-2.507Hz  corr=-96.22W  u_ff=84.3W  PCAP→78W  power=77.4W
[PID] perf=12.500Hz  target=6.639Hz  err=-5.861Hz  corr=-171.45W  u_ff=84.3W  PCAP→78W  power=78.3W
[PID] perf=6.583Hz  target=6.639Hz  err=+0.056Hz  corr=-37.19W  u_ff=84.3W  PCAP→78W  power=77.3W
[PID] perf=42.551Hz  target=6.639Hz  err=-35.912Hz  corr=-845.36W  u_ff=84.3W  PCAP→78W  power=79.4W
[PID] perf=7.523Hz  target=6.639Hz  err=-0.884Hz  corr=-59.83W  u_ff=84.3W  PCAP→78W  power=78.5W
[PID] perf=29.853Hz  target=6.639Hz  err=-23.214Hz  corr=-560.60W  u_ff=84.3W  PCAP→78W  power=79.1W
[PID] perf=7.664Hz  target=6.639Hz  err=-1.025Hz  corr=-62.99W  u_ff=84.3W  PCAP→78W  power=79.0W
[PID] perf=6.204Hz  target=6.639Hz  err=+0.434Hz  corr=-26.76W  u_ff=84.3W  PCAP→78W  power=77.5W
[PID] perf=5.622Hz  target=6.639Hz  err=+1.016Hz  corr=-9.15W  u_ff=84.3W  PCAP→78W  power=76.3W
[PID] perf=5.817Hz  target=6.639Hz  err=+0.822Hz  corr=-9.83W  u_ff=84.3W  PCAP→78W  power=77.6W
[PID] perf=5.414Hz  target=6.639Hz  err=+1.225Hz  corr=+4.70W  u_ff=84.3W  PCAP→89W  power=78.0W
[PID] perf=16.936Hz  target=6.639Hz  err=-10.298Hz  corr=-270.94W  u_ff=84.3W  PCAP→78W  power=88.5W
[PID] perf=8.476Hz  target=6.639Hz  err=-1.837Hz  corr=-72.20W  u_ff=84.3W  PCAP→78W  power=77.8W
[PID] perf=7.925Hz  target=6.639Hz  err=-1.287Hz  corr=-65.63W  u_ff=84.3W  PCAP→78W  power=77.3W
[PID] perf=5.236Hz  target=6.639Hz  err=+1.403Hz  corr=+0.98W  u_ff=84.3W  PCAP→83W  power=78.1W
[PID] perf=9.756Hz  target=6.639Hz  err=-3.118Hz  corr=-109.92W  u_ff=84.3W  PCAP→78W  power=83.9W
[PID] perf=6.926Hz  target=6.639Hz  err=-0.288Hz  corr=-38.23W  u_ff=84.3W  PCAP→78W  power=78.5W
[PID] perf=55.565Hz  target=6.639Hz  err=-48.927Hz  corr=-1137.23W  u_ff=84.3W  PCAP→78W  power=77.1W
[PID] perf=9.804Hz  target=6.639Hz  err=-3.165Hz  corr=-110.98W  u_ff=84.3W  PCAP→78W  power=78.6W
[PID] perf=5.959Hz  target=6.639Hz  err=+0.680Hz  corr=-13.48W  u_ff=84.3W  PCAP→78W  power=77.8W
[PID] perf=6.502Hz  target=6.639Hz  err=+0.136Hz  corr=-25.06W  u_ff=84.3W  PCAP→78W  power=77.7W
[PID] perf=31.258Hz  target=6.639Hz  err=-24.619Hz  corr=-592.10W  u_ff=84.3W  PCAP→78W  power=78.2W
[PID] perf=7.380Hz  target=6.639Hz  err=-0.741Hz  corr=-48.07W  u_ff=84.3W  PCAP→78W  power=78.8W
[PID] perf=19.620Hz  target=6.639Hz  err=-12.982Hz  corr=-331.13W  u_ff=84.3W  PCAP→78W  power=78.0W
[PID] perf=9.605Hz  target=6.639Hz  err=-2.966Hz  corr=-106.53W  u_ff=84.3W  PCAP→78W  power=77.9W
[PID] perf=6.355Hz  target=6.639Hz  err=+0.283Hz  corr=-23.82W  u_ff=84.3W  PCAP→78W  power=77.3W
[PID] perf=8.900Hz  target=6.639Hz  err=-2.261Hz  corr=-90.71W  u_ff=84.3W  PCAP→78W  power=77.1W
[PID] perf=6.155Hz  target=6.639Hz  err=+0.484Hz  corr=-17.16W  u_ff=84.3W  PCAP→78W  power=78.1W
[PID] perf=60.687Hz  target=6.639Hz  err=-54.048Hz  corr=-1252.08W  u_ff=84.3W  PCAP→78W  power=78.0W
[PID] perf=52.629Hz  target=6.639Hz  err=-45.990Hz  corr=-1071.37W  u_ff=84.3W  PCAP→78W  power=77.5W
[PID] perf=10.472Hz  target=6.639Hz  err=-3.833Hz  corr=-125.96W  u_ff=84.3W  PCAP→78W  power=77.7W
[PID] perf=6.644Hz  target=6.639Hz  err=-0.006Hz  corr=-28.16W  u_ff=84.3W  PCAP→78W  power=76.4W
[PID] perf=14.065Hz  target=6.639Hz  err=-7.426Hz  corr=-206.53W  u_ff=84.3W  PCAP→78W  power=77.3W
[PID] perf=13.333Hz  target=6.639Hz  err=-6.694Hz  corr=-190.12W  u_ff=84.3W  PCAP→78W  power=77.3W
[PID] perf=45.483Hz  target=6.639Hz  err=-38.845Hz  corr=-911.13W  u_ff=84.3W  PCAP→78W  power=76.6W
[PID] perf=14.060Hz  target=6.639Hz  err=-7.421Hz  corr=-206.42W  u_ff=84.3W  PCAP→78W  power=77.7W
[PID] perf=8.221Hz  target=6.639Hz  err=-1.583Hz  corr=-70.62W  u_ff=84.3W  PCAP→78W  power=79.2W
[PID] perf=8.535Hz  target=6.639Hz  err=-1.896Hz  corr=-82.52W  u_ff=84.3W  PCAP→78W  power=78.0W
[PID] perf=29.219Hz  target=6.639Hz  err=-22.580Hz  corr=-546.38W  u_ff=84.3W  PCAP→78W  power=78.1W
[PID] perf=7.998Hz  target=6.639Hz  err=-1.360Hz  corr=-70.50W  u_ff=84.3W  PCAP→78W  power=78.5W
[PID] perf=12.821Hz  target=6.639Hz  err=-6.183Hz  corr=-178.65W  u_ff=84.3W  PCAP→78W  power=78.6W
[PID] perf=9.866Hz  target=6.639Hz  err=-3.228Hz  corr=-112.39W  u_ff=84.3W  PCAP→78W  power=77.8W
[PID] perf=26.284Hz  target=6.639Hz  err=-19.646Hz  corr=-480.57W  u_ff=84.3W  PCAP→78W  power=78.1W
[PID] perf=12.806Hz  target=6.639Hz  err=-6.168Hz  corr=-178.32W  u_ff=84.3W  PCAP→78W  power=79.1W
[PID] perf=25.136Hz  target=6.639Hz  err=-18.498Hz  corr=-454.83W  u_ff=84.3W  PCAP→78W  power=77.8W
[PID] perf=7.035Hz  target=6.639Hz  err=-0.397Hz  corr=-45.80W  u_ff=84.3W  PCAP→78W  power=78.1W
[PID] perf=33.491Hz  target=6.639Hz  err=-26.853Hz  corr=-642.19W  u_ff=84.3W  PCAP→78W  power=77.1W
[PID] perf=8.230Hz  target=6.639Hz  err=-1.592Hz  corr=-75.70W  u_ff=84.3W  PCAP→78W  power=78.6W
[PID] perf=6.116Hz  target=6.639Hz  err=+0.522Hz  corr=-22.84W  u_ff=84.3W  PCAP→78W  power=76.9W
[PID] perf=19.229Hz  target=6.639Hz  err=-12.590Hz  corr=-322.35W  u_ff=84.3W  PCAP→78W  power=77.3W
[PID] perf=8.246Hz  target=6.639Hz  err=-1.607Hz  corr=-76.04W  u_ff=84.3W  PCAP→78W  power=78.4W
[PID] perf=6.006Hz  target=6.639Hz  err=+0.633Hz  corr=-17.53W  u_ff=84.3W  PCAP→78W  power=77.7W
[PID] perf=5.571Hz  target=6.639Hz  err=+1.067Hz  corr=-3.01W  u_ff=84.3W  PCAP→83W  power=77.1W
[PID] perf=7.885Hz  target=6.639Hz  err=-1.247Hz  corr=-60.49W  u_ff=84.3W  PCAP→78W  power=82.3W
[PID] perf=14.203Hz  target=6.639Hz  err=-7.565Hz  corr=-209.65W  u_ff=84.3W  PCAP→78W  power=77.5W
[PID] perf=12.122Hz  target=6.639Hz  err=-5.483Hz  corr=-162.96W  u_ff=84.3W  PCAP→78W  power=78.5W
[PID] perf=5.814Hz  target=6.639Hz  err=+0.824Hz  corr=-10.34W  u_ff=84.3W  PCAP→78W  power=78.2W
[PID] perf=31.259Hz  target=6.639Hz  err=-24.621Hz  corr=-592.14W  u_ff=84.3W  PCAP→78W  power=78.3W
[PID] perf=15.872Hz  target=6.639Hz  err=-9.233Hz  corr=-247.06W  u_ff=84.3W  PCAP→78W  power=77.2W
[PID] perf=6.809Hz  target=6.639Hz  err=-0.170Hz  corr=-33.41W  u_ff=84.3W  PCAP→78W  power=78.4W
[PID] perf=9.799Hz  target=6.639Hz  err=-3.160Hz  corr=-110.87W  u_ff=84.3W  PCAP→78W  power=78.0W
[PID] perf=9.244Hz  target=6.639Hz  err=-2.606Hz  corr=-98.43W  u_ff=84.3W  PCAP→78W  power=78.4W
[PID] perf=6.411Hz  target=6.639Hz  err=+0.228Hz  corr=-23.47W  u_ff=84.3W  PCAP→78W  power=77.8W
[PID] perf=21.505Hz  target=6.639Hz  err=-14.867Hz  corr=-373.40W  u_ff=84.3W  PCAP→78W  power=76.1W
[PID] perf=9.530Hz  target=6.639Hz  err=-2.891Hz  corr=-104.84W  u_ff=84.3W  PCAP→78W  power=78.7W
[PID] perf=17.094Hz  target=6.639Hz  err=-10.456Hz  corr=-274.48W  u_ff=84.3W  PCAP→78W  power=78.9W
[PID] perf=7.857Hz  target=6.639Hz  err=-1.218Hz  corr=-61.36W  u_ff=84.3W  PCAP→78W  power=76.3W
[PID] perf=5.848Hz  target=6.639Hz  err=+0.791Hz  corr=-12.76W  u_ff=84.3W  PCAP→78W  power=76.6W
[PID] perf=8.904Hz  target=6.639Hz  err=-2.265Hz  corr=-90.80W  u_ff=84.3W  PCAP→78W  power=78.1W
[PID] perf=11.339Hz  target=6.639Hz  err=-4.700Hz  corr=-145.40W  u_ff=84.3W  PCAP→78W  power=79.0W
[PID] perf=14.388Hz  target=6.639Hz  err=-7.750Hz  corr=-213.79W  u_ff=84.3W  PCAP→78W  power=77.6W
Process completed.
Compressed into /home/cc/summer2024/main_codes/pid_controller/../experiment_data/PID_Control/ones-npb-is/compressed_iteration_20260511_041352.tar
----------------------------------

>>> Step 4/10
  [auto target] max perf @ PCAP=159.6W = 8.298Hz  →  80% target = 6.639Hz

[ones-npb-is]
  target perf      : 6.6385 Hz
  coefficients_perf: [-0.0002928630053090073, 0.09346144861544026, 0.8415796304794382]
  feedforward PCAP : 84.29 W  →  83 W (snapped)
  Perf(u_ff) check : 6.6385 Hz  (should ≈ target)
  PID gains        : Kp=22.4258 W/Hz  Ki=2.24258 W/(Hz·s)  Kd=0.0000
[PID] perf=27.774Hz  target=6.639Hz  err=-21.136Hz  corr=-513.99W  u_ff=84.3W  PCAP→78W  power=nanW
[PID] perf=5.617Hz  target=6.639Hz  err=+1.022Hz  corr=+27.50W  u_ff=84.3W  PCAP→112W  power=78.9W
[PID] perf=23.988Hz  target=6.639Hz  err=-17.350Hz  corr=-429.08W  u_ff=84.3W  PCAP→78W  power=110.3W
[PID] perf=8.837Hz  target=6.639Hz  err=-2.198Hz  corr=-54.58W  u_ff=84.3W  PCAP→78W  power=77.6W
[PID] perf=18.183Hz  target=6.639Hz  err=-11.544Hz  corr=-298.89W  u_ff=84.3W  PCAP→78W  power=76.7W
[PID] perf=9.061Hz  target=6.639Hz  err=-2.423Hz  corr=-70.47W  u_ff=84.3W  PCAP→78W  power=76.9W
[PID] perf=11.365Hz  target=6.639Hz  err=-4.727Hz  corr=-143.34W  u_ff=84.3W  PCAP→78W  power=77.8W
[PID] perf=8.002Hz  target=6.639Hz  err=-1.364Hz  corr=-70.58W  u_ff=84.3W  PCAP→78W  power=77.9W
[PID] perf=20.230Hz  target=6.639Hz  err=-13.591Hz  corr=-344.79W  u_ff=84.3W  PCAP→78W  power=78.7W
[PID] perf=7.069Hz  target=6.639Hz  err=-0.430Hz  corr=-48.92W  u_ff=84.3W  PCAP→78W  power=78.6W
[PID] perf=24.076Hz  target=6.639Hz  err=-17.438Hz  corr=-431.06W  u_ff=84.3W  PCAP→78W  power=77.7W
[PID] perf=47.614Hz  target=6.639Hz  err=-40.975Hz  corr=-958.90W  u_ff=84.3W  PCAP→78W  power=78.0W
[PID] perf=13.171Hz  target=6.639Hz  err=-6.533Hz  corr=-186.50W  u_ff=84.3W  PCAP→78W  power=77.7W
[PID] perf=54.046Hz  target=6.639Hz  err=-47.408Hz  corr=-1103.16W  u_ff=84.3W  PCAP→78W  power=78.3W
[PID] perf=5.851Hz  target=6.639Hz  err=+0.787Hz  corr=-18.08W  u_ff=84.3W  PCAP→78W  power=77.2W
[PID] perf=28.744Hz  target=6.639Hz  err=-22.105Hz  corr=-535.73W  u_ff=84.3W  PCAP→78W  power=77.5W
[PID] perf=4.973Hz  target=6.639Hz  err=+1.665Hz  corr=+9.08W  u_ff=84.3W  PCAP→95W  power=77.4W
[PID] perf=15.757Hz  target=6.639Hz  err=-9.119Hz  corr=-244.50W  u_ff=84.3W  PCAP→78W  power=93.3W
[PID] perf=5.540Hz  target=6.639Hz  err=+1.098Hz  corr=+1.29W  u_ff=84.3W  PCAP→83W  power=77.4W
[PID] perf=31.085Hz  target=6.639Hz  err=-24.446Hz  corr=-588.23W  u_ff=84.3W  PCAP→78W  power=82.4W
[PID] perf=12.206Hz  target=6.639Hz  err=-5.568Hz  corr=-164.86W  u_ff=84.3W  PCAP→78W  power=78.8W
[PID] perf=6.045Hz  target=6.639Hz  err=+0.593Hz  corr=-7.38W  u_ff=84.3W  PCAP→78W  power=78.1W
[PID] perf=5.715Hz  target=6.639Hz  err=+0.924Hz  corr=+4.18W  u_ff=84.3W  PCAP→89W  power=77.3W
[PID] perf=13.169Hz  target=6.639Hz  err=-6.530Hz  corr=-186.44W  u_ff=84.3W  PCAP→78W  power=89.6W
[PID] perf=6.051Hz  target=6.639Hz  err=+0.587Hz  corr=-0.73W  u_ff=84.3W  PCAP→83W  power=77.7W
[PID] perf=14.821Hz  target=6.639Hz  err=-8.183Hz  corr=-223.51W  u_ff=84.3W  PCAP→78W  power=82.9W
[PID] perf=9.905Hz  target=6.639Hz  err=-3.267Hz  corr=-101.82W  u_ff=84.3W  PCAP→78W  power=78.9W
[PID] perf=22.757Hz  target=6.639Hz  err=-16.118Hz  corr=-401.46W  u_ff=84.3W  PCAP→78W  power=78.6W
[PID] perf=8.222Hz  target=6.639Hz  err=-1.584Hz  corr=-71.17W  u_ff=84.3W  PCAP→78W  power=78.1W
[PID] perf=12.933Hz  target=6.639Hz  err=-6.294Hz  corr=-181.15W  u_ff=84.3W  PCAP→78W  power=77.8W
[PID] perf=7.194Hz  target=6.639Hz  err=-0.555Hz  corr=-50.61W  u_ff=84.3W  PCAP→78W  power=77.1W
[PID] perf=6.289Hz  target=6.639Hz  err=+0.349Hz  corr=-28.75W  u_ff=84.3W  PCAP→78W  power=77.0W
[PID] perf=8.397Hz  target=6.639Hz  err=-1.758Hz  corr=-79.43W  u_ff=84.3W  PCAP→78W  power=76.9W
[PID] perf=6.497Hz  target=6.639Hz  err=+0.142Hz  corr=-32.77W  u_ff=84.3W  PCAP→78W  power=78.3W
[PID] perf=6.670Hz  target=6.639Hz  err=-0.031Hz  corr=-36.79W  u_ff=84.3W  PCAP→78W  power=78.0W
[PID] perf=8.475Hz  target=6.639Hz  err=-1.836Hz  corr=-81.18W  u_ff=84.3W  PCAP→78W  power=78.6W
[PID] perf=22.046Hz  target=6.639Hz  err=-15.408Hz  corr=-385.53W  u_ff=84.3W  PCAP→78W  power=77.6W
[PID] perf=7.543Hz  target=6.639Hz  err=-0.904Hz  corr=-60.28W  u_ff=84.3W  PCAP→78W  power=78.2W
[PID] perf=7.702Hz  target=6.639Hz  err=-1.063Hz  corr=-63.84W  u_ff=84.3W  PCAP→78W  power=77.9W
[PID] perf=9.091Hz  target=6.639Hz  err=-2.452Hz  corr=-95.00W  u_ff=84.3W  PCAP→78W  power=78.0W
[PID] perf=41.740Hz  target=6.639Hz  err=-35.101Hz  corr=-827.18W  u_ff=84.3W  PCAP→78W  power=79.4W
[PID] perf=7.661Hz  target=6.639Hz  err=-1.022Hz  corr=-62.93W  u_ff=84.3W  PCAP→78W  power=76.8W
[PID] perf=9.204Hz  target=6.639Hz  err=-2.565Hz  corr=-97.52W  u_ff=84.3W  PCAP→78W  power=78.6W
[PID] perf=17.553Hz  target=6.639Hz  err=-10.915Hz  corr=-284.77W  u_ff=84.3W  PCAP→78W  power=77.0W
[PID] perf=8.361Hz  target=6.639Hz  err=-1.722Hz  corr=-78.62W  u_ff=84.3W  PCAP→78W  power=78.5W
[PID] perf=34.485Hz  target=6.639Hz  err=-27.846Hz  corr=-664.48W  u_ff=84.3W  PCAP→78W  power=78.0W
[PID] perf=7.165Hz  target=6.639Hz  err=-0.526Hz  corr=-50.25W  u_ff=84.3W  PCAP→78W  power=78.1W
[PID] perf=6.211Hz  target=6.639Hz  err=+0.427Hz  corr=-26.95W  u_ff=84.3W  PCAP→78W  power=78.1W
[PID] perf=20.228Hz  target=6.639Hz  err=-13.589Hz  corr=-344.75W  u_ff=84.3W  PCAP→78W  power=77.5W
[PID] perf=7.302Hz  target=6.639Hz  err=-0.664Hz  corr=-54.40W  u_ff=84.3W  PCAP→78W  power=76.8W
[PID] perf=9.443Hz  target=6.639Hz  err=-2.805Hz  corr=-102.89W  u_ff=84.3W  PCAP→78W  power=77.5W
[PID] perf=8.237Hz  target=6.639Hz  err=-1.598Hz  corr=-75.85W  u_ff=84.3W  PCAP→78W  power=76.8W
[PID] perf=10.870Hz  target=6.639Hz  err=-4.232Hz  corr=-134.90W  u_ff=84.3W  PCAP→78W  power=77.8W
[PID] perf=9.853Hz  target=6.639Hz  err=-3.215Hz  corr=-112.09W  u_ff=84.3W  PCAP→78W  power=77.7W
[PID] perf=7.133Hz  target=6.639Hz  err=-0.495Hz  corr=-51.10W  u_ff=84.3W  PCAP→78W  power=76.5W
[PID] perf=10.676Hz  target=6.639Hz  err=-4.037Hz  corr=-130.54W  u_ff=84.3W  PCAP→78W  power=78.6W
[PID] perf=11.111Hz  target=6.639Hz  err=-4.472Hz  corr=-140.29W  u_ff=84.3W  PCAP→78W  power=78.5W
[PID] perf=11.940Hz  target=6.639Hz  err=-5.301Hz  corr=-158.88W  u_ff=84.3W  PCAP→78W  power=77.4W
[PID] perf=6.898Hz  target=6.639Hz  err=-0.259Hz  corr=-45.81W  u_ff=84.3W  PCAP→78W  power=79.5W
[PID] perf=7.408Hz  target=6.639Hz  err=-0.769Hz  corr=-57.25W  u_ff=84.3W  PCAP→78W  power=77.8W
[PID] perf=26.893Hz  target=6.639Hz  err=-20.255Hz  corr=-494.23W  u_ff=84.3W  PCAP→78W  power=nanW
[PID] perf=5.340Hz  target=6.639Hz  err=+1.299Hz  corr=-4.56W  u_ff=84.3W  PCAP→78W  power=76.9W
[PID] perf=31.806Hz  target=6.639Hz  err=-25.168Hz  corr=-604.41W  u_ff=84.3W  PCAP→78W  power=77.2W
[PID] perf=10.003Hz  target=6.639Hz  err=-3.364Hz  corr=-115.45W  u_ff=84.3W  PCAP→78W  power=nanW
[PID] perf=19.384Hz  target=6.639Hz  err=-12.745Hz  corr=-325.83W  u_ff=84.3W  PCAP→78W  power=nanW
[PID] perf=6.669Hz  target=6.639Hz  err=-0.030Hz  corr=-34.50W  u_ff=84.3W  PCAP→78W  power=78.1W
[PID] perf=10.152Hz  target=6.639Hz  err=-3.513Hz  corr=-118.79W  u_ff=84.3W  PCAP→78W  power=78.1W
[PID] perf=9.743Hz  target=6.639Hz  err=-3.104Hz  corr=-109.61W  u_ff=84.3W  PCAP→78W  power=77.3W
[PID] perf=5.586Hz  target=6.639Hz  err=+1.052Hz  corr=-5.50W  u_ff=84.3W  PCAP→78W  power=78.8W
[PID] perf=7.270Hz  target=6.639Hz  err=-0.632Hz  corr=-46.11W  u_ff=84.3W  PCAP→78W  power=79.0W
[PID] perf=14.305Hz  target=6.639Hz  err=-7.666Hz  corr=-211.92W  u_ff=84.3W  PCAP→78W  power=79.0W
[PID] perf=22.244Hz  target=6.639Hz  err=-15.606Hz  corr=-389.97W  u_ff=84.3W  PCAP→78W  power=77.6W
[PID] perf=6.579Hz  target=6.639Hz  err=+0.060Hz  corr=-30.33W  u_ff=84.3W  PCAP→78W  power=78.7W
[PID] perf=15.846Hz  target=6.639Hz  err=-9.207Hz  corr=-246.48W  u_ff=84.3W  PCAP→78W  power=79.1W
[PID] perf=5.446Hz  target=6.639Hz  err=+1.192Hz  corr=+0.42W  u_ff=84.3W  PCAP→83W  power=76.8W
[PID] perf=12.142Hz  target=6.639Hz  err=-5.504Hz  corr=-163.42W  u_ff=84.3W  PCAP→78W  power=83.3W
[PID] perf=11.111Hz  target=6.639Hz  err=-4.472Hz  corr=-140.30W  u_ff=84.3W  PCAP→78W  power=79.5W
[PID] perf=6.600Hz  target=6.639Hz  err=+0.038Hz  corr=-25.29W  u_ff=84.3W  PCAP→78W  power=77.0W
[PID] perf=8.754Hz  target=6.639Hz  err=-2.115Hz  corr=-83.07W  u_ff=84.3W  PCAP→78W  power=78.6W
[PID] perf=52.640Hz  target=6.639Hz  err=-46.001Hz  corr=-1071.62W  u_ff=84.3W  PCAP→78W  power=77.9W
[PID] perf=32.257Hz  target=6.639Hz  err=-25.619Hz  corr=-614.52W  u_ff=84.3W  PCAP→78W  power=78.4W
[PID] perf=7.560Hz  target=6.639Hz  err=-0.921Hz  corr=-60.43W  u_ff=84.3W  PCAP→78W  power=77.1W
[PID] perf=9.174Hz  target=6.639Hz  err=-2.535Hz  corr=-96.86W  u_ff=84.3W  PCAP→78W  power=77.2W
[PID] perf=23.256Hz  target=6.639Hz  err=-16.618Hz  corr=-412.66W  u_ff=84.3W  PCAP→78W  power=77.9W
[PID] perf=8.190Hz  target=6.639Hz  err=-1.552Hz  corr=-74.80W  u_ff=84.3W  PCAP→78W  power=75.9W
[PID] perf=15.363Hz  target=6.639Hz  err=-8.724Hz  corr=-235.65W  u_ff=84.3W  PCAP→78W  power=76.9W
[PID] perf=26.609Hz  target=6.639Hz  err=-19.970Hz  corr=-487.85W  u_ff=84.3W  PCAP→78W  power=78.5W
[PID] perf=6.756Hz  target=6.639Hz  err=-0.117Hz  corr=-42.63W  u_ff=84.3W  PCAP→78W  power=76.9W
[PID] perf=4.705Hz  target=6.639Hz  err=+1.933Hz  corr=+12.25W  u_ff=84.3W  PCAP→95W  power=77.1W
[PID] perf=58.815Hz  target=6.639Hz  err=-52.176Hz  corr=-1210.09W  u_ff=84.3W  PCAP→78W  power=94.2W
[PID] perf=8.478Hz  target=6.639Hz  err=-1.840Hz  corr=-80.61W  u_ff=84.3W  PCAP→78W  power=76.4W
[PID] perf=30.311Hz  target=6.639Hz  err=-23.672Hz  corr=-570.87W  u_ff=84.3W  PCAP→78W  power=76.3W
[PID] perf=6.993Hz  target=6.639Hz  err=-0.354Hz  corr=-47.95W  u_ff=84.3W  PCAP→78W  power=77.7W
[PID] perf=18.741Hz  target=6.639Hz  err=-12.103Hz  corr=-311.42W  u_ff=84.3W  PCAP→78W  power=77.1W
[PID] perf=5.377Hz  target=6.639Hz  err=+1.261Hz  corr=-5.41W  u_ff=84.3W  PCAP→78W  power=79.4W
[PID] perf=9.091Hz  target=6.639Hz  err=-2.453Hz  corr=-95.01W  u_ff=84.3W  PCAP→78W  power=76.6W
[PID] perf=4.583Hz  target=6.639Hz  err=+2.055Hz  corr=+21.62W  u_ff=84.3W  PCAP→107W  power=77.7W
[PID] perf=16.943Hz  target=6.639Hz  err=-10.304Hz  corr=-271.09W  u_ff=84.3W  PCAP→78W  power=106.6W
[PID] perf=6.319Hz  target=6.639Hz  err=+0.319Hz  corr=-15.88W  u_ff=84.3W  PCAP→78W  power=78.1W
[PID] perf=24.120Hz  target=6.639Hz  err=-17.482Hz  corr=-432.05W  u_ff=84.3W  PCAP→78W  power=79.7W
[PID] perf=7.305Hz  target=6.639Hz  err=-0.667Hz  corr=-40.98W  u_ff=84.3W  PCAP→78W  power=78.2W
[PID] perf=9.902Hz  target=6.639Hz  err=-3.264Hz  corr=-113.19W  u_ff=84.3W  PCAP→78W  power=77.1W
[PID] perf=28.581Hz  target=6.639Hz  err=-21.943Hz  corr=-532.08W  u_ff=84.3W  PCAP→78W  power=nanW
[PID] perf=5.376Hz  target=6.639Hz  err=+1.262Hz  corr=+7.93W  u_ff=84.3W  PCAP→95W  power=77.7W
[PID] perf=9.297Hz  target=6.639Hz  err=-2.658Hz  corr=-91.90W  u_ff=84.3W  PCAP→78W  power=95.5W
[PID] perf=6.098Hz  target=6.639Hz  err=+0.541Hz  corr=-17.74W  u_ff=84.3W  PCAP→78W  power=nanW
[PID] perf=11.707Hz  target=6.639Hz  err=-5.068Hz  corr=-153.66W  u_ff=84.3W  PCAP→78W  power=77.9W
[PID] perf=15.579Hz  target=6.639Hz  err=-8.940Hz  corr=-240.49W  u_ff=84.3W  PCAP→78W  power=79.2W
[PID] perf=5.747Hz  target=6.639Hz  err=+0.891Hz  corr=-5.88W  u_ff=84.3W  PCAP→78W  power=77.4W
[PID] perf=25.581Hz  target=6.639Hz  err=-18.942Hz  corr=-464.79W  u_ff=84.3W  PCAP→78W  power=77.3W
[PID] perf=12.345Hz  target=6.639Hz  err=-5.707Hz  corr=-167.98W  u_ff=84.3W  PCAP→78W  power=77.3W
[PID] perf=21.601Hz  target=6.639Hz  err=-14.962Hz  corr=-375.54W  u_ff=84.3W  PCAP→78W  power=77.3W
[PID] perf=16.576Hz  target=6.639Hz  err=-9.938Hz  corr=-262.86W  u_ff=84.3W  PCAP→78W  power=77.3W
[PID] perf=7.444Hz  target=6.639Hz  err=-0.806Hz  corr=-47.55W  u_ff=84.3W  PCAP→78W  power=77.9W
[PID] perf=12.454Hz  target=6.639Hz  err=-5.816Hz  corr=-170.42W  u_ff=84.3W  PCAP→78W  power=78.1W
[PID] perf=32.255Hz  target=6.639Hz  err=-25.617Hz  corr=-614.48W  u_ff=84.3W  PCAP→78W  power=78.6W
[PID] perf=13.619Hz  target=6.639Hz  err=-6.980Hz  corr=-196.54W  u_ff=84.3W  PCAP→78W  power=77.6W
[PID] perf=6.623Hz  target=6.639Hz  err=+0.016Hz  corr=-29.05W  u_ff=84.3W  PCAP→78W  power=79.6W
[PID] perf=12.074Hz  target=6.639Hz  err=-5.436Hz  corr=-161.90W  u_ff=84.3W  PCAP→78W  power=77.6W
[PID] perf=7.091Hz  target=6.639Hz  err=-0.453Hz  corr=-41.60W  u_ff=84.3W  PCAP→78W  power=77.5W
[PID] perf=25.635Hz  target=6.639Hz  err=-18.996Hz  corr=-466.01W  u_ff=84.3W  PCAP→78W  power=78.1W
[PID] perf=6.173Hz  target=6.639Hz  err=+0.466Hz  corr=-18.91W  u_ff=84.3W  PCAP→78W  power=78.6W
[PID] perf=15.688Hz  target=6.639Hz  err=-9.050Hz  corr=-242.94W  u_ff=84.3W  PCAP→78W  power=79.1W
[PID] perf=7.427Hz  target=6.639Hz  err=-0.788Hz  corr=-50.57W  u_ff=84.3W  PCAP→78W  power=78.3W
[PID] perf=38.869Hz  target=6.639Hz  err=-32.231Hz  corr=-762.80W  u_ff=84.3W  PCAP→78W  power=78.0W
[PID] perf=16.667Hz  target=6.639Hz  err=-10.028Hz  corr=-264.89W  u_ff=84.3W  PCAP→78W  power=77.6W
[PID] perf=6.840Hz  target=6.639Hz  err=-0.201Hz  corr=-38.31W  u_ff=84.3W  PCAP→78W  power=76.3W
[PID] perf=19.036Hz  target=6.639Hz  err=-12.398Hz  corr=-318.03W  u_ff=84.3W  PCAP→78W  power=77.7W
[PID] perf=6.673Hz  target=6.639Hz  err=-0.035Hz  corr=-34.73W  u_ff=84.3W  PCAP→78W  power=78.8W
[PID] perf=11.906Hz  target=6.639Hz  err=-5.267Hz  corr=-158.12W  u_ff=84.3W  PCAP→78W  power=78.0W
[PID] perf=19.802Hz  target=6.639Hz  err=-13.164Hz  corr=-335.21W  u_ff=84.3W  PCAP→78W  power=77.0W
[PID] perf=6.324Hz  target=6.639Hz  err=+0.315Hz  corr=-25.47W  u_ff=84.3W  PCAP→78W  power=77.8W
[PID] perf=15.267Hz  target=6.639Hz  err=-8.628Hz  corr=-233.50W  u_ff=84.3W  PCAP→78W  power=79.1W
[PID] perf=10.443Hz  target=6.639Hz  err=-3.805Hz  corr=-125.33W  u_ff=84.3W  PCAP→78W  power=76.3W
[PID] perf=50.032Hz  target=6.639Hz  err=-43.393Hz  corr=-1013.13W  u_ff=84.3W  PCAP→78W  power=78.4W
[PID] perf=6.676Hz  target=6.639Hz  err=-0.038Hz  corr=-33.55W  u_ff=84.3W  PCAP→78W  power=77.7W
[PID] perf=33.439Hz  target=6.639Hz  err=-26.801Hz  corr=-641.03W  u_ff=84.3W  PCAP→78W  power=78.2W
[PID] perf=66.691Hz  target=6.639Hz  err=-60.052Hz  corr=-1386.72W  u_ff=84.3W  PCAP→78W  power=77.9W
[PID] perf=49.999Hz  target=6.639Hz  err=-43.360Hz  corr=-1012.39W  u_ff=84.3W  PCAP→78W  power=77.6W
[PID] perf=6.298Hz  target=6.639Hz  err=+0.340Hz  corr=-23.55W  u_ff=84.3W  PCAP→78W  power=77.1W
[PID] perf=5.236Hz  target=6.639Hz  err=+1.403Hz  corr=+6.57W  u_ff=84.3W  PCAP→89W  power=79.5W
[PID] perf=51.397Hz  target=6.639Hz  err=-44.758Hz  corr=-1043.74W  u_ff=84.3W  PCAP→78W  power=88.7W
[PID] perf=7.492Hz  target=6.639Hz  err=-0.854Hz  corr=-47.86W  u_ff=84.3W  PCAP→78W  power=77.1W
[PID] perf=42.892Hz  target=6.639Hz  err=-36.253Hz  corr=-853.01W  u_ff=84.3W  PCAP→78W  power=76.1W
[PID] perf=4.651Hz  target=6.639Hz  err=+1.987Hz  corr=+24.76W  u_ff=84.3W  PCAP→107W  power=78.8W
[PID] perf=25.897Hz  target=6.639Hz  err=-19.258Hz  corr=-471.89W  u_ff=84.3W  PCAP→78W  power=108.2W
[PID] perf=5.433Hz  target=6.639Hz  err=+1.206Hz  corr=+12.64W  u_ff=84.3W  PCAP→95W  power=77.7W
[PID] perf=41.561Hz  target=6.639Hz  err=-34.923Hz  corr=-823.17W  u_ff=84.3W  PCAP→78W  power=94.4W
[PID] perf=32.787Hz  target=6.639Hz  err=-26.149Hz  corr=-626.41W  u_ff=84.3W  PCAP→78W  power=78.7W
[PID] perf=7.038Hz  target=6.639Hz  err=-0.399Hz  corr=-25.15W  u_ff=84.3W  PCAP→78W  power=78.0W
[PID] perf=5.707Hz  target=6.639Hz  err=+0.931Hz  corr=+8.88W  u_ff=84.3W  PCAP→95W  power=77.5W
[PID] perf=46.104Hz  target=6.639Hz  err=-39.465Hz  corr=-925.04W  u_ff=84.3W  PCAP→78W  power=93.9W
[PID] perf=8.615Hz  target=6.639Hz  err=-1.977Hz  corr=-65.21W  u_ff=84.3W  PCAP→78W  power=78.2W
[PID] perf=6.386Hz  target=6.639Hz  err=+0.253Hz  corr=-14.07W  u_ff=84.3W  PCAP→78W  power=79.5W
[PID] perf=47.597Hz  target=6.639Hz  err=-40.958Hz  corr=-958.52W  u_ff=84.3W  PCAP→78W  power=77.8W
[PID] perf=7.409Hz  target=6.639Hz  err=-0.770Hz  corr=-40.47W  u_ff=84.3W  PCAP→78W  power=78.8W
[PID] perf=31.741Hz  target=6.639Hz  err=-25.102Hz  corr=-602.94W  u_ff=84.3W  PCAP→78W  power=77.3W
[PID] perf=6.509Hz  target=6.639Hz  err=+0.130Hz  corr=-19.71W  u_ff=84.3W  PCAP→78W  power=78.5W
[PID] perf=21.473Hz  target=6.639Hz  err=-14.834Hz  corr=-372.67W  u_ff=84.3W  PCAP→78W  power=75.3W
[PID] perf=6.583Hz  target=6.639Hz  err=+0.056Hz  corr=-21.12W  u_ff=84.3W  PCAP→78W  power=78.2W
[PID] perf=5.698Hz  target=6.639Hz  err=+0.941Hz  corr=+2.94W  u_ff=84.3W  PCAP→89W  power=78.4W
[PID] perf=5.376Hz  target=6.639Hz  err=+1.262Hz  corr=+15.82W  u_ff=84.3W  PCAP→101W  power=89.7W
[PID] perf=10.967Hz  target=6.639Hz  err=-4.328Hz  corr=-128.96W  u_ff=84.3W  PCAP→78W  power=101.3W
[PID] perf=55.568Hz  target=6.639Hz  err=-48.929Hz  corr=-1137.28W  u_ff=84.3W  PCAP→78W  power=78.4W
[PID] perf=7.122Hz  target=6.639Hz  err=-0.483Hz  corr=-44.91W  u_ff=84.3W  PCAP→78W  power=77.1W
[PID] perf=15.442Hz  target=6.639Hz  err=-8.804Hz  corr=-237.43W  u_ff=84.3W  PCAP→78W  power=77.9W
[PID] perf=6.042Hz  target=6.639Hz  err=+0.596Hz  corr=-18.02W  u_ff=84.3W  PCAP→78W  power=78.3W
[PID] perf=6.245Hz  target=6.639Hz  err=+0.394Hz  corr=-20.79W  u_ff=84.3W  PCAP→78W  power=77.7W
[PID] perf=33.336Hz  target=6.639Hz  err=-26.698Hz  corr=-638.72W  u_ff=84.3W  PCAP→78W  power=78.1W
[PID] perf=7.220Hz  target=6.639Hz  err=-0.582Hz  corr=-45.28W  u_ff=84.3W  PCAP→78W  power=78.1W
[PID] perf=12.737Hz  target=6.639Hz  err=-6.098Hz  corr=-176.76W  u_ff=84.3W  PCAP→78W  power=76.2W
[PID] perf=26.322Hz  target=6.639Hz  err=-19.683Hz  corr=-481.41W  u_ff=84.3W  PCAP→78W  power=77.2W
[PID] perf=8.169Hz  target=6.639Hz  err=-1.530Hz  corr=-73.42W  u_ff=84.3W  PCAP→78W  power=78.5W
[PID] perf=29.416Hz  target=6.639Hz  err=-22.777Hz  corr=-550.79W  u_ff=84.3W  PCAP→78W  power=79.1W
[PID] perf=13.699Hz  target=6.639Hz  err=-7.060Hz  corr=-198.33W  u_ff=84.3W  PCAP→78W  power=78.1W
[PID] perf=6.094Hz  target=6.639Hz  err=+0.545Hz  corr=-24.44W  u_ff=84.3W  PCAP→78W  power=77.8W
[PID] perf=58.842Hz  target=6.639Hz  err=-52.203Hz  corr=-1210.70W  u_ff=84.3W  PCAP→78W  power=78.5W
[PID] perf=9.198Hz  target=6.639Hz  err=-2.559Hz  corr=-97.39W  u_ff=84.3W  PCAP→78W  power=77.3W
[PID] perf=6.042Hz  target=6.639Hz  err=+0.596Hz  corr=-20.61W  u_ff=84.3W  PCAP→78W  power=77.5W
[PID] perf=8.417Hz  target=6.639Hz  err=-1.779Hz  corr=-79.88W  u_ff=84.3W  PCAP→78W  power=78.6W
[PID] perf=6.283Hz  target=6.639Hz  err=+0.355Hz  corr=-24.42W  u_ff=84.3W  PCAP→78W  power=79.0W
[PID] perf=15.627Hz  target=6.639Hz  err=-8.989Hz  corr=-241.58W  u_ff=84.3W  PCAP→78W  power=76.9W
[PID] perf=44.319Hz  target=6.639Hz  err=-37.680Hz  corr=-885.01W  u_ff=84.3W  PCAP→78W  power=78.5W
[PID] perf=7.874Hz  target=6.639Hz  err=-1.236Hz  corr=-65.64W  u_ff=84.3W  PCAP→78W  power=76.3W
[PID] perf=18.802Hz  target=6.639Hz  err=-12.164Hz  corr=-312.78W  u_ff=84.3W  PCAP→78W  power=79.2W
[PID] perf=4.929Hz  target=6.639Hz  err=+1.710Hz  corr=+8.08W  u_ff=84.3W  PCAP→95W  power=77.8W
[PID] perf=16.311Hz  target=6.639Hz  err=-9.673Hz  corr=-256.92W  u_ff=84.3W  PCAP→78W  power=94.8W
[PID] perf=9.812Hz  target=6.639Hz  err=-3.174Hz  corr=-111.17W  u_ff=84.3W  PCAP→78W  power=78.4W
[PID] perf=12.307Hz  target=6.639Hz  err=-5.669Hz  corr=-167.12W  u_ff=84.3W  PCAP→78W  power=79.2W
[PID] perf=20.406Hz  target=6.639Hz  err=-13.768Hz  corr=-348.76W  u_ff=84.3W  PCAP→78W  power=76.9W
[PID] perf=5.970Hz  target=6.639Hz  err=+0.668Hz  corr=-12.27W  u_ff=84.3W  PCAP→78W  power=77.3W
[PID] perf=6.285Hz  target=6.639Hz  err=+0.353Hz  corr=-17.75W  u_ff=84.3W  PCAP→78W  power=78.4W
[PID] perf=11.166Hz  target=6.639Hz  err=-4.528Hz  corr=-141.54W  u_ff=84.3W  PCAP→78W  power=77.8W
[PID] perf=9.065Hz  target=6.639Hz  err=-2.426Hz  corr=-90.98W  u_ff=84.3W  PCAP→78W  power=76.8W
[PID] perf=4.948Hz  target=6.639Hz  err=+1.690Hz  corr=+8.92W  u_ff=84.3W  PCAP→95W  power=78.7W
[PID] perf=10.929Hz  target=6.639Hz  err=-4.290Hz  corr=-136.21W  u_ff=84.3W  PCAP→78W  power=93.6W
[PID] perf=18.481Hz  target=6.639Hz  err=-11.842Hz  corr=-305.58W  u_ff=84.3W  PCAP→78W  power=76.3W
[PID] perf=8.548Hz  target=6.639Hz  err=-1.909Hz  corr=-80.36W  u_ff=84.3W  PCAP→78W  power=77.2W
[PID] perf=31.739Hz  target=6.639Hz  err=-25.101Hz  corr=-602.91W  u_ff=84.3W  PCAP→78W  power=78.8W
[PID] perf=12.911Hz  target=6.639Hz  err=-6.273Hz  corr=-180.67W  u_ff=84.3W  PCAP→78W  power=78.9W
[PID] perf=6.006Hz  target=6.639Hz  err=+0.633Hz  corr=-20.52W  u_ff=84.3W  PCAP→78W  power=78.9W
[PID] perf=11.512Hz  target=6.639Hz  err=-4.874Hz  corr=-149.29W  u_ff=84.3W  PCAP→78W  power=76.6W
[PID] perf=8.136Hz  target=6.639Hz  err=-1.497Hz  corr=-73.57W  u_ff=84.3W  PCAP→78W  power=78.5W
[PID] perf=6.250Hz  target=6.639Hz  err=+0.388Hz  corr=-24.26W  u_ff=84.3W  PCAP→78W  power=77.8W
[PID] perf=5.948Hz  target=6.639Hz  err=+0.690Hz  corr=-14.39W  u_ff=84.3W  PCAP→78W  power=77.2W
[PID] perf=11.576Hz  target=6.639Hz  err=-4.937Hz  corr=-150.72W  u_ff=84.3W  PCAP→78W  power=78.5W
[PID] perf=5.337Hz  target=6.639Hz  err=+1.301Hz  corr=+5.15W  u_ff=84.3W  PCAP→89W  power=77.8W
[PID] perf=13.905Hz  target=6.639Hz  err=-7.267Hz  corr=-202.96W  u_ff=84.3W  PCAP→78W  power=89.2W
[PID] perf=12.346Hz  target=6.639Hz  err=-5.707Hz  corr=-167.99W  u_ff=84.3W  PCAP→78W  power=78.4W
[PID] perf=7.867Hz  target=6.639Hz  err=-1.228Hz  corr=-57.09W  u_ff=84.3W  PCAP→78W  power=77.2W
[PID] perf=25.787Hz  target=6.639Hz  err=-19.148Hz  corr=-469.41W  u_ff=84.3W  PCAP→78W  power=77.8W
[PID] perf=7.463Hz  target=6.639Hz  err=-0.824Hz  corr=-51.72W  u_ff=84.3W  PCAP→78W  power=77.4W
[PID] perf=5.038Hz  target=6.639Hz  err=+1.601Hz  corr=+9.84W  u_ff=84.3W  PCAP→95W  power=79.1W
[PID] perf=15.908Hz  target=6.639Hz  err=-9.270Hz  corr=-247.88W  u_ff=84.3W  PCAP→78W  power=94.6W
[PID] perf=5.982Hz  target=6.639Hz  err=+0.656Hz  corr=-8.40W  u_ff=84.3W  PCAP→78W  power=77.2W
[PID] perf=12.217Hz  target=6.639Hz  err=-5.578Hz  corr=-165.10W  u_ff=84.3W  PCAP→78W  power=78.2W
[PID] perf=5.942Hz  target=6.639Hz  err=+0.697Hz  corr=-4.37W  u_ff=84.3W  PCAP→78W  power=78.1W
[PID] perf=5.132Hz  target=6.639Hz  err=+1.507Hz  corr=+20.55W  u_ff=84.3W  PCAP→107W  power=79.6W
[PID] perf=15.118Hz  target=6.639Hz  err=-8.479Hz  corr=-230.16W  u_ff=84.3W  PCAP→78W  power=108.2W
[PID] perf=7.937Hz  target=6.639Hz  err=-1.298Hz  corr=-48.17W  u_ff=84.3W  PCAP→78W  power=79.3W
[PID] perf=26.831Hz  target=6.639Hz  err=-20.192Hz  corr=-492.83W  u_ff=84.3W  PCAP→78W  power=77.9W
[PID] perf=10.695Hz  target=6.639Hz  err=-4.057Hz  corr=-128.23W  u_ff=84.3W  PCAP→78W  power=77.3W
[PID] perf=5.195Hz  target=6.639Hz  err=+1.444Hz  corr=+1.60W  u_ff=84.3W  PCAP→83W  power=78.2W
[PID] perf=8.333Hz  target=6.639Hz  err=-1.695Hz  corr=-76.38W  u_ff=84.3W  PCAP→78W  power=82.8W
[PID] perf=6.061Hz  target=6.639Hz  err=+0.578Hz  corr=-22.83W  u_ff=84.3W  PCAP→78W  power=76.8W
[PID] perf=6.616Hz  target=6.639Hz  err=+0.022Hz  corr=-35.19W  u_ff=84.3W  PCAP→78W  power=79.1W
[PID] perf=15.520Hz  target=6.639Hz  err=-8.882Hz  corr=-239.18W  u_ff=84.3W  PCAP→78W  power=78.3W
[PID] perf=7.435Hz  target=6.639Hz  err=-0.797Hz  corr=-57.13W  u_ff=84.3W  PCAP→78W  power=76.6W
[PID] perf=25.000Hz  target=6.639Hz  err=-18.362Hz  corr=-451.78W  u_ff=84.3W  PCAP→78W  power=79.0W
[PID] perf=6.768Hz  target=6.639Hz  err=-0.129Hz  corr=-42.74W  u_ff=84.3W  PCAP→78W  power=77.7W
[PID] perf=10.529Hz  target=6.639Hz  err=-3.890Hz  corr=-127.24W  u_ff=84.3W  PCAP→78W  power=78.9W
[PID] perf=12.219Hz  target=6.639Hz  err=-5.581Hz  corr=-165.15W  u_ff=84.3W  PCAP→78W  power=77.8W
[PID] perf=6.844Hz  target=6.639Hz  err=-0.206Hz  corr=-44.61W  u_ff=84.3W  PCAP→78W  power=77.4W
[PID] perf=16.945Hz  target=6.639Hz  err=-10.306Hz  corr=-271.12W  u_ff=84.3W  PCAP→78W  power=76.8W
[PID] perf=5.063Hz  target=6.639Hz  err=+1.575Hz  corr=+2.55W  u_ff=84.3W  PCAP→89W  power=78.6W
[PID] perf=7.564Hz  target=6.639Hz  err=-0.926Hz  corr=-57.68W  u_ff=84.3W  PCAP→78W  power=89.0W
[PID] perf=25.649Hz  target=6.639Hz  err=-19.010Hz  corr=-466.31W  u_ff=84.3W  PCAP→78W  power=78.2W
[PID] perf=5.984Hz  target=6.639Hz  err=+0.654Hz  corr=-19.31W  u_ff=84.3W  PCAP→78W  power=78.0W
[PID] perf=19.262Hz  target=6.639Hz  err=-12.624Hz  corr=-323.10W  u_ff=84.3W  PCAP→78W  power=78.0W
[PID] perf=7.205Hz  target=6.639Hz  err=-0.566Hz  corr=-49.23W  u_ff=84.3W  PCAP→78W  power=76.8W
[PID] perf=6.536Hz  target=6.639Hz  err=+0.102Hz  corr=-33.78W  u_ff=84.3W  PCAP→78W  power=77.8W
[PID] perf=8.202Hz  target=6.639Hz  err=-1.563Hz  corr=-75.05W  u_ff=84.3W  PCAP→78W  power=79.3W
[PID] perf=11.986Hz  target=6.639Hz  err=-5.348Hz  corr=-159.93W  u_ff=84.3W  PCAP→78W  power=77.6W
[PID] perf=8.720Hz  target=6.639Hz  err=-2.081Hz  corr=-86.67W  u_ff=84.3W  PCAP→78W  power=77.8W
[PID] perf=18.028Hz  target=6.639Hz  err=-11.389Hz  corr=-295.41W  u_ff=84.3W  PCAP→78W  power=77.8W
[PID] perf=7.234Hz  target=6.639Hz  err=-0.596Hz  corr=-52.10W  u_ff=84.3W  PCAP→78W  power=76.9W
[PID] perf=10.223Hz  target=6.639Hz  err=-3.585Hz  corr=-120.39W  u_ff=84.3W  PCAP→78W  power=78.0W
[PID] perf=8.511Hz  target=6.639Hz  err=-1.872Hz  corr=-81.98W  u_ff=84.3W  PCAP→78W  power=77.8W
[PID] perf=22.090Hz  target=6.639Hz  err=-15.451Hz  corr=-386.51W  u_ff=84.3W  PCAP→78W  power=77.5W
[PID] perf=4.929Hz  target=6.639Hz  err=+1.709Hz  corr=+7.26W  u_ff=84.3W  PCAP→89W  power=77.7W
[PID] perf=28.045Hz  target=6.639Hz  err=-21.407Hz  corr=-520.06W  u_ff=84.3W  PCAP→78W  power=88.9W
[PID] perf=6.173Hz  target=6.639Hz  err=+0.466Hz  corr=-18.54W  u_ff=84.3W  PCAP→78W  power=80.8W
[PID] perf=7.711Hz  target=6.639Hz  err=-1.073Hz  corr=-57.86W  u_ff=84.3W  PCAP→78W  power=77.3W
[PID] perf=13.432Hz  target=6.639Hz  err=-6.794Hz  corr=-192.36W  u_ff=84.3W  PCAP→78W  power=78.2W
[PID] perf=10.727Hz  target=6.639Hz  err=-4.089Hz  corr=-131.69W  u_ff=84.3W  PCAP→78W  power=77.5W
[PID] perf=18.529Hz  target=6.639Hz  err=-11.891Hz  corr=-306.66W  u_ff=84.3W  PCAP→78W  power=79.3W
[PID] perf=5.997Hz  target=6.639Hz  err=+0.642Hz  corr=-16.52W  u_ff=84.3W  PCAP→78W  power=77.3W
[PID] perf=6.451Hz  target=6.639Hz  err=+0.187Hz  corr=-25.87W  u_ff=84.3W  PCAP→78W  power=77.3W
[PID] perf=16.810Hz  target=6.639Hz  err=-10.171Hz  corr=-268.09W  u_ff=84.3W  PCAP→78W  power=78.3W
[PID] perf=5.540Hz  target=6.639Hz  err=+1.098Hz  corr=-0.53W  u_ff=84.3W  PCAP→83W  power=78.2W
[PID] perf=7.124Hz  target=6.639Hz  err=-0.485Hz  corr=-38.22W  u_ff=84.3W  PCAP→78W  power=80.7W
[PID] perf=45.447Hz  target=6.639Hz  err=-38.809Hz  corr=-910.32W  u_ff=84.3W  PCAP→78W  power=78.7W
[PID] perf=5.603Hz  target=6.639Hz  err=+1.036Hz  corr=+0.54W  u_ff=84.3W  PCAP→83W  power=76.6W
[PID] perf=5.767Hz  target=6.639Hz  err=+0.871Hz  corr=+0.76W  u_ff=84.3W  PCAP→83W  power=83.0W
[PID] perf=39.742Hz  target=6.639Hz  err=-33.104Hz  corr=-782.37W  u_ff=84.3W  PCAP→78W  power=84.0W
[PID] perf=13.219Hz  target=6.639Hz  err=-6.580Hz  corr=-187.56W  u_ff=84.3W  PCAP→78W  power=78.9W
[PID] perf=7.815Hz  target=6.639Hz  err=-1.176Hz  corr=-50.43W  u_ff=84.3W  PCAP→78W  power=77.4W
[PID] perf=6.211Hz  target=6.639Hz  err=+0.427Hz  corr=-12.55W  u_ff=84.3W  PCAP→78W  power=79.1W
[PID] perf=15.551Hz  target=6.639Hz  err=-8.912Hz  corr=-239.87W  u_ff=84.3W  PCAP→78W  power=78.9W
[PID] perf=39.992Hz  target=6.639Hz  err=-33.354Hz  corr=-787.98W  u_ff=84.3W  PCAP→78W  power=79.4W
[PID] perf=5.768Hz  target=6.639Hz  err=+0.871Hz  corr=+1.30W  u_ff=84.3W  PCAP→83W  power=77.7W
[PID] perf=29.853Hz  target=6.639Hz  err=-23.215Hz  corr=-560.61W  u_ff=84.3W  PCAP→78W  power=82.3W
[PID] perf=10.761Hz  target=6.639Hz  err=-4.122Hz  corr=-129.16W  u_ff=84.3W  PCAP→78W  power=78.9W
[PID] perf=5.497Hz  target=6.639Hz  err=+1.141Hz  corr=-6.01W  u_ff=84.3W  PCAP→78W  power=77.7W
[PID] perf=61.596Hz  target=6.639Hz  err=-54.957Hz  corr=-1272.46W  u_ff=84.3W  PCAP→78W  power=77.8W
[PID] perf=8.250Hz  target=6.639Hz  err=-1.611Hz  corr=-74.96W  u_ff=84.3W  PCAP→78W  power=77.6W
[PID] perf=14.598Hz  target=6.639Hz  err=-7.959Hz  corr=-218.49W  u_ff=84.3W  PCAP→78W  power=79.3W
[PID] perf=7.508Hz  target=6.639Hz  err=-0.870Hz  corr=-59.51W  u_ff=84.3W  PCAP→78W  power=78.7W
[PID] perf=7.844Hz  target=6.639Hz  err=-1.205Hz  corr=-67.03W  u_ff=84.3W  PCAP→78W  power=78.1W
[PID] perf=11.957Hz  target=6.639Hz  err=-5.318Hz  corr=-159.26W  u_ff=84.3W  PCAP→78W  power=76.7W
[PID] perf=11.572Hz  target=6.639Hz  err=-4.933Hz  corr=-150.63W  u_ff=84.3W  PCAP→78W  power=78.1W
[PID] perf=6.224Hz  target=6.639Hz  err=+0.415Hz  corr=-27.66W  u_ff=84.3W  PCAP→78W  power=78.6W
[PID] perf=6.061Hz  target=6.639Hz  err=+0.578Hz  corr=-21.42W  u_ff=84.3W  PCAP→78W  power=77.8W
[PID] perf=16.391Hz  target=6.639Hz  err=-9.752Hz  corr=-258.70W  u_ff=84.3W  PCAP→78W  power=77.8W
[PID] perf=18.873Hz  target=6.639Hz  err=-12.234Hz  corr=-314.36W  u_ff=84.3W  PCAP→78W  power=78.6W
[PID] perf=7.303Hz  target=6.639Hz  err=-0.664Hz  corr=-52.25W  u_ff=84.3W  PCAP→78W  power=77.9W
Process completed.
Compressed into /home/cc/summer2024/main_codes/pid_controller/../experiment_data/PID_Control/ones-npb-is/compressed_iteration_20260511_042324.tar
----------------------------------

>>> Step 5/10
  [auto target] max perf @ PCAP=159.6W = 8.298Hz  →  80% target = 6.639Hz

[ones-npb-is]
  target perf      : 6.6385 Hz
  coefficients_perf: [-0.0002928630053090073, 0.09346144861544026, 0.8415796304794382]
  feedforward PCAP : 84.29 W  →  83 W (snapped)
  Perf(u_ff) check : 6.6385 Hz  (should ≈ target)
  PID gains        : Kp=22.4258 W/Hz  Ki=2.24258 W/(Hz·s)  Kd=0.0000
[PID] perf=83.356Hz  target=6.639Hz  err=-76.717Hz  corr=-1760.45W  u_ff=84.3W  PCAP→78W  power=nanW
[PID] perf=24.266Hz  target=6.639Hz  err=-17.628Hz  corr=-435.31W  u_ff=84.3W  PCAP→78W  power=76.8W
[PID] perf=58.867Hz  target=6.639Hz  err=-52.229Hz  corr=-1211.28W  u_ff=84.3W  PCAP→78W  power=75.9W
[PID] perf=8.547Hz  target=6.639Hz  err=-1.909Hz  corr=-51.36W  u_ff=84.3W  PCAP→78W  power=76.7W
[PID] perf=22.245Hz  target=6.639Hz  err=-15.606Hz  corr=-389.98W  u_ff=84.3W  PCAP→78W  power=77.9W
[PID] perf=24.073Hz  target=6.639Hz  err=-17.434Hz  corr=-430.97W  u_ff=84.3W  PCAP→78W  power=77.8W
[PID] perf=26.732Hz  target=6.639Hz  err=-20.094Hz  corr=-490.62W  u_ff=84.3W  PCAP→78W  power=77.7W
[PID] perf=16.022Hz  target=6.639Hz  err=-9.384Hz  corr=-250.44W  u_ff=84.3W  PCAP→78W  power=76.5W
[PID] perf=5.726Hz  target=6.639Hz  err=+0.913Hz  corr=+16.01W  u_ff=84.3W  PCAP→101W  power=78.0W
[PID] perf=13.814Hz  target=6.639Hz  err=-7.175Hz  corr=-197.56W  u_ff=84.3W  PCAP→78W  power=100.1W
[PID] perf=8.796Hz  target=6.639Hz  err=-2.157Hz  corr=-88.37W  u_ff=84.3W  PCAP→78W  power=79.0W
[PID] perf=15.788Hz  target=6.639Hz  err=-9.149Hz  corr=-245.18W  u_ff=84.3W  PCAP→78W  power=77.1W
[PID] perf=8.268Hz  target=6.639Hz  err=-1.629Hz  corr=-76.54W  u_ff=84.3W  PCAP→78W  power=77.7W
[PID] perf=7.459Hz  target=6.639Hz  err=-0.820Hz  corr=-58.40W  u_ff=84.3W  PCAP→78W  power=77.5W
[PID] perf=12.071Hz  target=6.639Hz  err=-5.432Hz  corr=-161.82W  u_ff=84.3W  PCAP→78W  power=78.8W
[PID] perf=7.129Hz  target=6.639Hz  err=-0.490Hz  corr=-49.84W  u_ff=84.3W  PCAP→78W  power=77.2W
[PID] perf=5.650Hz  target=6.639Hz  err=+0.989Hz  corr=-12.24W  u_ff=84.3W  PCAP→78W  power=78.8W
[PID] perf=20.531Hz  target=6.639Hz  err=-13.892Hz  corr=-351.54W  u_ff=84.3W  PCAP→78W  power=78.0W
[PID] perf=24.101Hz  target=6.639Hz  err=-17.463Hz  corr=-431.61W  u_ff=84.3W  PCAP→78W  power=76.2W
[PID] perf=6.414Hz  target=6.639Hz  err=+0.224Hz  corr=-28.38W  u_ff=84.3W  PCAP→78W  power=76.7W
[PID] perf=14.269Hz  target=6.639Hz  err=-7.631Hz  corr=-211.12W  u_ff=84.3W  PCAP→78W  power=77.1W
[PID] perf=21.742Hz  target=6.639Hz  err=-15.104Hz  corr=-378.72W  u_ff=84.3W  PCAP→78W  power=80.4W
[PID] perf=6.958Hz  target=6.639Hz  err=-0.320Hz  corr=-42.01W  u_ff=84.3W  PCAP→78W  power=77.8W
[PID] perf=32.872Hz  target=6.639Hz  err=-26.234Hz  corr=-628.31W  u_ff=84.3W  PCAP→78W  power=77.8W
[PID] perf=20.482Hz  target=6.639Hz  err=-13.844Hz  corr=-350.45W  u_ff=84.3W  PCAP→78W  power=78.7W
[PID] perf=7.400Hz  target=6.639Hz  err=-0.761Hz  corr=-55.32W  u_ff=84.3W  PCAP→78W  power=78.3W
[PID] perf=9.163Hz  target=6.639Hz  err=-2.524Hz  corr=-96.61W  u_ff=84.3W  PCAP→78W  power=77.5W
[PID] perf=16.985Hz  target=6.639Hz  err=-10.347Hz  corr=-272.03W  u_ff=84.3W  PCAP→78W  power=76.6W
[PID] perf=5.450Hz  target=6.639Hz  err=+1.189Hz  corr=-6.27W  u_ff=84.3W  PCAP→78W  power=78.0W
[PID] perf=10.997Hz  target=6.639Hz  err=-4.358Hz  corr=-137.73W  u_ff=84.3W  PCAP→78W  power=78.0W
[PID] perf=42.672Hz  target=6.639Hz  err=-36.034Hz  corr=-848.08W  u_ff=84.3W  PCAP→78W  power=78.3W
[PID] perf=12.195Hz  target=6.639Hz  err=-5.556Hz  corr=-164.61W  u_ff=84.3W  PCAP→78W  power=78.6W
[PID] perf=8.854Hz  target=6.639Hz  err=-2.216Hz  corr=-89.69W  u_ff=84.3W  PCAP→78W  power=78.7W
[PID] perf=40.084Hz  target=6.639Hz  err=-33.445Hz  corr=-790.03W  u_ff=84.3W  PCAP→78W  power=77.0W
[PID] perf=6.367Hz  target=6.639Hz  err=+0.272Hz  corr=-25.61W  u_ff=84.3W  PCAP→78W  power=77.9W
[PID] perf=21.273Hz  target=6.639Hz  err=-14.634Hz  corr=-368.19W  u_ff=84.3W  PCAP→78W  power=78.1W
[PID] perf=16.270Hz  target=6.639Hz  err=-9.631Hz  corr=-255.99W  u_ff=84.3W  PCAP→78W  power=78.9W
[PID] perf=26.038Hz  target=6.639Hz  err=-19.399Hz  corr=-475.04W  u_ff=84.3W  PCAP→78W  power=76.4W
[PID] perf=24.225Hz  target=6.639Hz  err=-17.586Hz  corr=-434.39W  u_ff=84.3W  PCAP→78W  power=76.8W
[PID] perf=8.230Hz  target=6.639Hz  err=-1.592Hz  corr=-74.54W  u_ff=84.3W  PCAP→78W  power=78.5W
[PID] perf=7.406Hz  target=6.639Hz  err=-0.767Hz  corr=-57.21W  u_ff=84.3W  PCAP→78W  power=77.9W
[PID] perf=23.529Hz  target=6.639Hz  err=-16.890Hz  corr=-418.77W  u_ff=84.3W  PCAP→78W  power=79.0W
[PID] perf=13.108Hz  target=6.639Hz  err=-6.470Hz  corr=-185.09W  u_ff=84.3W  PCAP→78W  power=77.0W
[PID] perf=7.437Hz  target=6.639Hz  err=-0.799Hz  corr=-57.91W  u_ff=84.3W  PCAP→78W  power=75.7W
[PID] perf=9.598Hz  target=6.639Hz  err=-2.960Hz  corr=-106.38W  u_ff=84.3W  PCAP→78W  power=78.1W
[PID] perf=5.625Hz  target=6.639Hz  err=+1.013Hz  corr=-11.57W  u_ff=84.3W  PCAP→78W  power=77.1W
[PID] perf=11.051Hz  target=6.639Hz  err=-4.412Hz  corr=-138.95W  u_ff=84.3W  PCAP→78W  power=77.7W
[PID] perf=6.873Hz  target=6.639Hz  err=-0.235Hz  corr=-40.62W  u_ff=84.3W  PCAP→78W  power=77.2W
[PID] perf=6.835Hz  target=6.639Hz  err=-0.196Hz  corr=-40.64W  u_ff=84.3W  PCAP→78W  power=78.4W
[PID] perf=16.409Hz  target=6.639Hz  err=-9.770Hz  corr=-259.10W  u_ff=84.3W  PCAP→78W  power=77.7W
[PID] perf=55.563Hz  target=6.639Hz  err=-48.925Hz  corr=-1137.18W  u_ff=84.3W  PCAP→78W  power=78.1W
[PID] perf=15.062Hz  target=6.639Hz  err=-8.423Hz  corr=-228.90W  u_ff=84.3W  PCAP→78W  power=77.9W
[PID] perf=10.867Hz  target=6.639Hz  err=-4.229Hz  corr=-134.83W  u_ff=84.3W  PCAP→78W  power=77.5W
[PID] perf=14.236Hz  target=6.639Hz  err=-7.598Hz  corr=-210.38W  u_ff=84.3W  PCAP→78W  power=77.4W
[PID] perf=9.060Hz  target=6.639Hz  err=-2.422Hz  corr=-94.31W  u_ff=84.3W  PCAP→78W  power=79.6W
[PID] perf=14.797Hz  target=6.639Hz  err=-8.159Hz  corr=-222.97W  u_ff=84.3W  PCAP→78W  power=77.1W
[PID] perf=5.990Hz  target=6.639Hz  err=+0.648Hz  corr=-18.78W  u_ff=84.3W  PCAP→78W  power=78.1W
[PID] perf=37.398Hz  target=6.639Hz  err=-30.759Hz  corr=-729.80W  u_ff=84.3W  PCAP→78W  power=77.8W
[PID] perf=10.503Hz  target=6.639Hz  err=-3.864Hz  corr=-126.66W  u_ff=84.3W  PCAP→78W  power=77.3W
[PID] perf=13.281Hz  target=6.639Hz  err=-6.643Hz  corr=-188.97W  u_ff=84.3W  PCAP→78W  power=77.7W
[PID] perf=6.008Hz  target=6.639Hz  err=+0.631Hz  corr=-16.34W  u_ff=84.3W  PCAP→78W  power=78.6W
[PID] perf=36.122Hz  target=6.639Hz  err=-29.484Hz  corr=-701.20W  u_ff=84.3W  PCAP→78W  power=77.2W
[PID] perf=7.984Hz  target=6.639Hz  err=-1.346Hz  corr=-66.71W  u_ff=84.3W  PCAP→78W  power=78.6W
[PID] perf=11.216Hz  target=6.639Hz  err=-4.577Hz  corr=-142.64W  u_ff=84.3W  PCAP→78W  power=78.0W
[PID] perf=17.623Hz  target=6.639Hz  err=-10.985Hz  corr=-286.34W  u_ff=84.3W  PCAP→78W  power=77.4W
[PID] perf=7.213Hz  target=6.639Hz  err=-0.574Hz  corr=-51.98W  u_ff=84.3W  PCAP→78W  power=77.1W
[PID] perf=13.095Hz  target=6.639Hz  err=-6.457Hz  corr=-184.80W  u_ff=84.3W  PCAP→78W  power=77.6W
[PID] perf=7.308Hz  target=6.639Hz  err=-0.669Hz  corr=-55.00W  u_ff=84.3W  PCAP→78W  power=76.6W
[PID] perf=11.764Hz  target=6.639Hz  err=-5.126Hz  corr=-154.94W  u_ff=84.3W  PCAP→78W  power=77.4W
[PID] perf=12.980Hz  target=6.639Hz  err=-6.342Hz  corr=-182.22W  u_ff=84.3W  PCAP→78W  power=79.2W
[PID] perf=12.368Hz  target=6.639Hz  err=-5.730Hz  corr=-168.50W  u_ff=84.3W  PCAP→78W  power=78.3W
[PID] perf=12.999Hz  target=6.639Hz  err=-6.360Hz  corr=-182.63W  u_ff=84.3W  PCAP→78W  power=78.2W
[PID] perf=9.497Hz  target=6.639Hz  err=-2.858Hz  corr=-104.10W  u_ff=84.3W  PCAP→78W  power=77.7W
[PID] perf=5.399Hz  target=6.639Hz  err=+1.239Hz  corr=-5.75W  u_ff=84.3W  PCAP→78W  power=76.9W
[PID] perf=6.993Hz  target=6.639Hz  err=-0.355Hz  corr=-43.10W  u_ff=84.3W  PCAP→78W  power=77.5W
[PID] perf=26.343Hz  target=6.639Hz  err=-19.705Hz  corr=-481.90W  u_ff=84.3W  PCAP→78W  power=78.1W
[PID] perf=7.124Hz  target=6.639Hz  err=-0.486Hz  corr=-48.20W  u_ff=84.3W  PCAP→78W  power=76.8W
[PID] perf=8.459Hz  target=6.639Hz  err=-1.821Hz  corr=-80.83W  u_ff=84.3W  PCAP→78W  power=78.0W
[PID] perf=11.734Hz  target=6.639Hz  err=-5.095Hz  corr=-154.26W  u_ff=84.3W  PCAP→78W  power=78.6W
[PID] perf=11.943Hz  target=6.639Hz  err=-5.304Hz  corr=-158.95W  u_ff=84.3W  PCAP→78W  power=77.6W
[PID] perf=12.056Hz  target=6.639Hz  err=-5.417Hz  corr=-161.48W  u_ff=84.3W  PCAP→78W  power=76.2W
[PID] perf=9.986Hz  target=6.639Hz  err=-3.348Hz  corr=-115.07W  u_ff=84.3W  PCAP→78W  power=75.5W
[PID] perf=7.215Hz  target=6.639Hz  err=-0.576Hz  corr=-52.82W  u_ff=84.3W  PCAP→78W  power=79.2W
[PID] perf=16.268Hz  target=6.639Hz  err=-9.629Hz  corr=-255.94W  u_ff=84.3W  PCAP→78W  power=78.3W
[PID] perf=6.874Hz  target=6.639Hz  err=-0.236Hz  corr=-45.28W  u_ff=84.3W  PCAP→78W  power=79.0W
[PID] perf=7.293Hz  target=6.639Hz  err=-0.655Hz  corr=-54.68W  u_ff=84.3W  PCAP→78W  power=76.3W
[PID] perf=12.008Hz  target=6.639Hz  err=-5.370Hz  corr=-160.42W  u_ff=84.3W  PCAP→78W  power=77.3W
[PID] perf=5.747Hz  target=6.639Hz  err=+0.892Hz  corr=-15.90W  u_ff=84.3W  PCAP→78W  power=76.3W
[PID] perf=18.751Hz  target=6.639Hz  err=-12.113Hz  corr=-311.63W  u_ff=84.3W  PCAP→78W  power=77.8W
[PID] perf=7.410Hz  target=6.639Hz  err=-0.771Hz  corr=-56.66W  u_ff=84.3W  PCAP→78W  power=77.6W
[PID] perf=5.921Hz  target=6.639Hz  err=+0.718Hz  corr=-20.04W  u_ff=84.3W  PCAP→78W  power=76.4W
[PID] perf=31.167Hz  target=6.639Hz  err=-24.529Hz  corr=-590.08W  u_ff=84.3W  PCAP→78W  power=77.5W
[PID] perf=13.172Hz  target=6.639Hz  err=-6.533Hz  corr=-186.51W  u_ff=84.3W  PCAP→78W  power=77.4W
[PID] perf=7.293Hz  target=6.639Hz  err=-0.654Hz  corr=-53.74W  u_ff=84.3W  PCAP→78W  power=77.3W
[PID] perf=35.907Hz  target=6.639Hz  err=-29.268Hz  corr=-696.36W  u_ff=84.3W  PCAP→78W  power=78.0W
[PID] perf=8.626Hz  target=6.639Hz  err=-1.988Hz  corr=-84.58W  u_ff=84.3W  PCAP→78W  power=78.9W
[PID] perf=10.374Hz  target=6.639Hz  err=-3.735Hz  corr=-123.76W  u_ff=84.3W  PCAP→78W  power=78.2W
[PID] perf=6.192Hz  target=6.639Hz  err=+0.446Hz  corr=-27.07W  u_ff=84.3W  PCAP→78W  power=77.7W
[PID] perf=17.478Hz  target=6.639Hz  err=-10.839Hz  corr=-283.07W  u_ff=84.3W  PCAP→78W  power=80.1W
[PID] perf=9.525Hz  target=6.639Hz  err=-2.886Hz  corr=-104.73W  u_ff=84.3W  PCAP→78W  power=78.0W
[PID] perf=39.341Hz  target=6.639Hz  err=-32.703Hz  corr=-773.39W  u_ff=84.3W  PCAP→78W  power=76.2W
[PID] perf=8.850Hz  target=6.639Hz  err=-2.211Hz  corr=-89.58W  u_ff=84.3W  PCAP→78W  power=80.1W
[PID] perf=5.915Hz  target=6.639Hz  err=+0.724Hz  corr=-17.60W  u_ff=84.3W  PCAP→78W  power=77.7W
[PID] perf=12.054Hz  target=6.639Hz  err=-5.415Hz  corr=-161.44W  u_ff=84.3W  PCAP→78W  power=78.5W
[PID] perf=6.564Hz  target=6.639Hz  err=+0.075Hz  corr=-31.81W  u_ff=84.3W  PCAP→78W  power=78.0W
[PID] perf=27.410Hz  target=6.639Hz  err=-20.771Hz  corr=-505.81W  u_ff=84.3W  PCAP→78W  power=78.5W
[PID] perf=7.986Hz  target=6.639Hz  err=-1.347Hz  corr=-69.75W  u_ff=84.3W  PCAP→78W  power=79.6W
[PID] perf=22.543Hz  target=6.639Hz  err=-15.904Hz  corr=-396.67W  u_ff=84.3W  PCAP→78W  power=78.6W
[PID] perf=12.577Hz  target=6.639Hz  err=-5.939Hz  corr=-173.19W  u_ff=84.3W  PCAP→78W  power=77.8W
[PID] perf=7.628Hz  target=6.639Hz  err=-0.990Hz  corr=-62.20W  u_ff=84.3W  PCAP→78W  power=78.1W
[PID] perf=7.090Hz  target=6.639Hz  err=-0.451Hz  corr=-50.12W  u_ff=84.3W  PCAP→78W  power=78.5W
[PID] perf=7.360Hz  target=6.639Hz  err=-0.721Hz  corr=-56.17W  u_ff=84.3W  PCAP→78W  power=76.6W
[PID] perf=43.499Hz  target=6.639Hz  err=-36.860Hz  corr=-866.63W  u_ff=84.3W  PCAP→78W  power=78.3W
[PID] perf=7.092Hz  target=6.639Hz  err=-0.453Hz  corr=-50.17W  u_ff=84.3W  PCAP→78W  power=78.4W
[PID] perf=19.237Hz  target=6.639Hz  err=-12.599Hz  corr=-322.54W  u_ff=84.3W  PCAP→78W  power=77.4W
[PID] perf=7.741Hz  target=6.639Hz  err=-1.102Hz  corr=-64.72W  u_ff=84.3W  PCAP→78W  power=77.9W
[PID] perf=29.673Hz  target=6.639Hz  err=-23.035Hz  corr=-556.57W  u_ff=84.3W  PCAP→78W  power=78.0W
[PID] perf=6.340Hz  target=6.639Hz  err=+0.299Hz  corr=-31.49W  u_ff=84.3W  PCAP→78W  power=77.7W
[PID] perf=8.515Hz  target=6.639Hz  err=-1.876Hz  corr=-82.08W  u_ff=84.3W  PCAP→78W  power=78.5W
[PID] perf=7.416Hz  target=6.639Hz  err=-0.777Hz  corr=-57.43W  u_ff=84.3W  PCAP→78W  power=77.7W
[PID] perf=12.108Hz  target=6.639Hz  err=-5.470Hz  corr=-162.66W  u_ff=84.3W  PCAP→78W  power=79.1W
[PID] perf=6.345Hz  target=6.639Hz  err=+0.293Hz  corr=-30.30W  u_ff=84.3W  PCAP→78W  power=78.9W
[PID] perf=6.890Hz  target=6.639Hz  err=-0.252Hz  corr=-43.65W  u_ff=84.3W  PCAP→78W  power=78.0W
[PID] perf=15.270Hz  target=6.639Hz  err=-8.631Hz  corr=-233.56W  u_ff=84.3W  PCAP→78W  power=78.6W
[PID] perf=5.882Hz  target=6.639Hz  err=+0.756Hz  corr=-17.65W  u_ff=84.3W  PCAP→78W  power=78.7W
[PID] perf=11.561Hz  target=6.639Hz  err=-4.922Hz  corr=-150.39W  u_ff=84.3W  PCAP→78W  power=78.3W
[PID] perf=7.053Hz  target=6.639Hz  err=-0.414Hz  corr=-45.76W  u_ff=84.3W  PCAP→78W  power=78.8W
[PID] perf=10.859Hz  target=6.639Hz  err=-4.220Hz  corr=-134.64W  u_ff=84.3W  PCAP→78W  power=77.7W
[PID] perf=10.803Hz  target=6.639Hz  err=-4.165Hz  corr=-133.40W  u_ff=84.3W  PCAP→78W  power=75.9W
[PID] perf=30.372Hz  target=6.639Hz  err=-23.734Hz  corr=-572.25W  u_ff=84.3W  PCAP→78W  power=76.8W
[PID] perf=7.049Hz  target=6.639Hz  err=-0.410Hz  corr=-47.51W  u_ff=84.3W  PCAP→78W  power=78.0W
[PID] perf=7.366Hz  target=6.639Hz  err=-0.728Hz  corr=-56.32W  u_ff=84.3W  PCAP→78W  power=79.1W
[PID] perf=7.874Hz  target=6.639Hz  err=-1.235Hz  corr=-67.70W  u_ff=84.3W  PCAP→78W  power=78.6W
[PID] perf=13.076Hz  target=6.639Hz  err=-6.437Hz  corr=-184.36W  u_ff=84.3W  PCAP→78W  power=78.6W
[PID] perf=7.810Hz  target=6.639Hz  err=-1.172Hz  corr=-66.28W  u_ff=84.3W  PCAP→78W  power=78.8W
[PID] perf=12.050Hz  target=6.639Hz  err=-5.411Hz  corr=-161.35W  u_ff=84.3W  PCAP→78W  power=77.1W
[PID] perf=17.904Hz  target=6.639Hz  err=-11.265Hz  corr=-292.63W  u_ff=84.3W  PCAP→78W  power=78.9W
[PID] perf=6.330Hz  target=6.639Hz  err=+0.309Hz  corr=-30.00W  u_ff=84.3W  PCAP→78W  power=77.0W
[PID] perf=15.310Hz  target=6.639Hz  err=-8.672Hz  corr=-234.47W  u_ff=84.3W  PCAP→78W  power=77.3W
[PID] perf=18.334Hz  target=6.639Hz  err=-11.696Hz  corr=-302.28W  u_ff=84.3W  PCAP→78W  power=76.7W
[PID] perf=7.252Hz  target=6.639Hz  err=-0.614Hz  corr=-53.44W  u_ff=84.3W  PCAP→78W  power=77.2W
[PID] perf=11.879Hz  target=6.639Hz  err=-5.241Hz  corr=-157.53W  u_ff=84.3W  PCAP→78W  power=78.5W
[PID] perf=12.359Hz  target=6.639Hz  err=-5.721Hz  corr=-168.29W  u_ff=84.3W  PCAP→78W  power=78.3W
[PID] perf=41.665Hz  target=6.639Hz  err=-35.027Hz  corr=-825.50W  u_ff=84.3W  PCAP→78W  power=77.4W
[PID] perf=8.489Hz  target=6.639Hz  err=-1.850Hz  corr=-81.50W  u_ff=84.3W  PCAP→78W  power=76.9W
[PID] perf=12.912Hz  target=6.639Hz  err=-6.273Hz  corr=-180.68W  u_ff=84.3W  PCAP→78W  power=78.3W
[PID] perf=15.632Hz  target=6.639Hz  err=-8.993Hz  corr=-241.68W  u_ff=84.3W  PCAP→78W  power=78.0W
[PID] perf=62.032Hz  target=6.639Hz  err=-55.393Hz  corr=-1282.24W  u_ff=84.3W  PCAP→78W  power=77.2W
[PID] perf=8.429Hz  target=6.639Hz  err=-1.790Hz  corr=-80.15W  u_ff=84.3W  PCAP→78W  power=78.9W
[PID] perf=36.705Hz  target=6.639Hz  err=-30.066Hz  corr=-714.26W  u_ff=84.3W  PCAP→78W  power=77.4W
[PID] perf=7.175Hz  target=6.639Hz  err=-0.536Hz  corr=-52.02W  u_ff=84.3W  PCAP→78W  power=76.1W
[PID] perf=9.390Hz  target=6.639Hz  err=-2.751Hz  corr=-101.70W  u_ff=84.3W  PCAP→78W  power=78.9W
[PID] perf=9.011Hz  target=6.639Hz  err=-2.373Hz  corr=-93.21W  u_ff=84.3W  PCAP→78W  power=78.1W
[PID] perf=17.532Hz  target=6.639Hz  err=-10.893Hz  corr=-284.28W  u_ff=84.3W  PCAP→78W  power=77.8W
[PID] perf=7.443Hz  target=6.639Hz  err=-0.804Hz  corr=-58.03W  u_ff=84.3W  PCAP→78W  power=79.0W
[PID] perf=18.182Hz  target=6.639Hz  err=-11.543Hz  corr=-298.86W  u_ff=84.3W  PCAP→78W  power=79.4W
[PID] perf=10.822Hz  target=6.639Hz  err=-4.184Hz  corr=-133.82W  u_ff=84.3W  PCAP→78W  power=77.6W
[PID] perf=16.067Hz  target=6.639Hz  err=-9.428Hz  corr=-251.43W  u_ff=84.3W  PCAP→78W  power=77.9W
[PID] perf=15.186Hz  target=6.639Hz  err=-8.548Hz  corr=-231.69W  u_ff=84.3W  PCAP→78W  power=77.2W
[PID] perf=8.151Hz  target=6.639Hz  err=-1.513Hz  corr=-73.92W  u_ff=84.3W  PCAP→78W  power=77.2W
[PID] perf=37.042Hz  target=6.639Hz  err=-30.403Hz  corr=-721.81W  u_ff=84.3W  PCAP→78W  power=78.4W
[PID] perf=6.947Hz  target=6.639Hz  err=-0.309Hz  corr=-46.93W  u_ff=84.3W  PCAP→78W  power=77.1W
[PID] perf=49.998Hz  target=6.639Hz  err=-43.359Hz  corr=-1012.36W  u_ff=84.3W  PCAP→78W  power=78.4W
[PID] perf=7.374Hz  target=6.639Hz  err=-0.736Hz  corr=-56.50W  u_ff=84.3W  PCAP→78W  power=76.7W
[PID] perf=29.418Hz  target=6.639Hz  err=-22.780Hz  corr=-550.85W  u_ff=84.3W  PCAP→78W  power=77.1W
[PID] perf=6.626Hz  target=6.639Hz  err=+0.013Hz  corr=-39.33W  u_ff=84.3W  PCAP→78W  power=78.0W
[PID] perf=11.488Hz  target=6.639Hz  err=-4.849Hz  corr=-148.75W  u_ff=84.3W  PCAP→78W  power=80.0W
[PID] perf=10.967Hz  target=6.639Hz  err=-4.329Hz  corr=-137.07W  u_ff=84.3W  PCAP→78W  power=77.7W
[PID] perf=12.013Hz  target=6.639Hz  err=-5.374Hz  corr=-160.52W  u_ff=84.3W  PCAP→78W  power=77.4W
[PID] perf=9.223Hz  target=6.639Hz  err=-2.585Hz  corr=-97.97W  u_ff=84.3W  PCAP→78W  power=77.3W
[PID] perf=22.149Hz  target=6.639Hz  err=-15.511Hz  corr=-387.84W  u_ff=84.3W  PCAP→78W  power=78.9W
[PID] perf=23.472Hz  target=6.639Hz  err=-16.833Hz  corr=-417.49W  u_ff=84.3W  PCAP→78W  power=76.6W
[PID] perf=8.130Hz  target=6.639Hz  err=-1.491Hz  corr=-73.44W  u_ff=84.3W  PCAP→78W  power=77.9W
[PID] perf=23.075Hz  target=6.639Hz  err=-16.436Hz  corr=-408.60W  u_ff=84.3W  PCAP→78W  power=75.9W
[PID] perf=10.198Hz  target=6.639Hz  err=-3.560Hz  corr=-119.83W  u_ff=84.3W  PCAP→78W  power=76.9W
[PID] perf=6.998Hz  target=6.639Hz  err=-0.360Hz  corr=-48.06W  u_ff=84.3W  PCAP→78W  power=78.4W
[PID] perf=52.638Hz  target=6.639Hz  err=-45.999Hz  corr=-1071.58W  u_ff=84.3W  PCAP→78W  power=79.4W
[PID] perf=5.951Hz  target=6.639Hz  err=+0.687Hz  corr=-21.13W  u_ff=84.3W  PCAP→78W  power=79.2W
[PID] perf=17.452Hz  target=6.639Hz  err=-10.814Hz  corr=-282.51W  u_ff=84.3W  PCAP→78W  power=77.5W
[PID] perf=7.198Hz  target=6.639Hz  err=-0.559Hz  corr=-51.58W  u_ff=84.3W  PCAP→78W  power=78.0W
[PID] perf=10.341Hz  target=6.639Hz  err=-3.702Hz  corr=-123.03W  u_ff=84.3W  PCAP→78W  power=77.4W
[PID] perf=15.337Hz  target=6.639Hz  err=-8.699Hz  corr=-235.08W  u_ff=84.3W  PCAP→78W  power=77.2W
[PID] perf=32.923Hz  target=6.639Hz  err=-26.284Hz  corr=-629.45W  u_ff=84.3W  PCAP→78W  power=77.5W
[PID] perf=20.437Hz  target=6.639Hz  err=-13.798Hz  corr=-349.44W  u_ff=84.3W  PCAP→78W  power=77.6W
[PID] perf=15.864Hz  target=6.639Hz  err=-9.226Hz  corr=-246.89W  u_ff=84.3W  PCAP→78W  power=78.3W
[PID] perf=15.046Hz  target=6.639Hz  err=-8.408Hz  corr=-228.55W  u_ff=84.3W  PCAP→78W  power=77.5W
[PID] perf=7.117Hz  target=6.639Hz  err=-0.479Hz  corr=-50.74W  u_ff=84.3W  PCAP→78W  power=77.3W
[PID] perf=58.949Hz  target=6.639Hz  err=-52.310Hz  corr=-1213.10W  u_ff=84.3W  PCAP→78W  power=76.8W
[PID] perf=8.382Hz  target=6.639Hz  err=-1.744Hz  corr=-79.10W  u_ff=84.3W  PCAP→78W  power=nanW
[PID] perf=35.492Hz  target=6.639Hz  err=-28.853Hz  corr=-687.06W  u_ff=84.3W  PCAP→78W  power=77.2W
[PID] perf=14.085Hz  target=6.639Hz  err=-7.446Hz  corr=-206.99W  u_ff=84.3W  PCAP→78W  power=78.4W
[PID] perf=5.946Hz  target=6.639Hz  err=+0.692Hz  corr=-20.41W  u_ff=84.3W  PCAP→78W  power=78.4W
[PID] perf=7.212Hz  target=6.639Hz  err=-0.573Hz  corr=-51.37W  u_ff=84.3W  PCAP→78W  power=77.7W
[PID] perf=22.979Hz  target=6.639Hz  err=-16.341Hz  corr=-406.46W  u_ff=84.3W  PCAP→78W  power=78.3W
[PID] perf=22.623Hz  target=6.639Hz  err=-15.984Hz  corr=-398.46W  u_ff=84.3W  PCAP→78W  power=79.5W
[PID] perf=12.502Hz  target=6.639Hz  err=-5.863Hz  corr=-171.49W  u_ff=84.3W  PCAP→78W  power=78.2W
[PID] perf=5.747Hz  target=6.639Hz  err=+0.891Hz  corr=-14.52W  u_ff=84.3W  PCAP→78W  power=77.0W
[PID] perf=23.592Hz  target=6.639Hz  err=-16.954Hz  corr=-420.20W  u_ff=84.3W  PCAP→78W  power=78.9W
[PID] perf=8.837Hz  target=6.639Hz  err=-2.199Hz  corr=-89.31W  u_ff=84.3W  PCAP→78W  power=77.8W
[PID] perf=17.376Hz  target=6.639Hz  err=-10.738Hz  corr=-280.80W  u_ff=84.3W  PCAP→78W  power=nanW
[PID] perf=2.294Hz  target=6.639Hz  err=+4.345Hz  corr=+82.41W  u_ff=84.3W  PCAP→165W  power=80.6W
[PID] perf=18.031Hz  target=6.639Hz  err=-11.393Hz  corr=-295.49W  u_ff=84.3W  PCAP→78W  power=146.9W
[PID] perf=11.209Hz  target=6.639Hz  err=-4.570Hz  corr=-138.01W  u_ff=84.3W  PCAP→78W  power=77.3W
[PID] perf=14.455Hz  target=6.639Hz  err=-7.817Hz  corr=-215.30W  u_ff=84.3W  PCAP→78W  power=76.7W
[PID] perf=8.098Hz  target=6.639Hz  err=-1.459Hz  corr=-72.73W  u_ff=84.3W  PCAP→78W  power=77.4W
[PID] perf=29.213Hz  target=6.639Hz  err=-22.575Hz  corr=-546.25W  u_ff=84.3W  PCAP→78W  power=76.4W
[PID] perf=13.473Hz  target=6.639Hz  err=-6.835Hz  corr=-193.28W  u_ff=84.3W  PCAP→78W  power=75.4W
[PID] perf=8.043Hz  target=6.639Hz  err=-1.404Hz  corr=-71.49W  u_ff=84.3W  PCAP→78W  power=79.8W
[PID] perf=9.804Hz  target=6.639Hz  err=-3.166Hz  corr=-110.99W  u_ff=84.3W  PCAP→78W  power=76.5W
[PID] perf=15.321Hz  target=6.639Hz  err=-8.682Hz  corr=-234.70W  u_ff=84.3W  PCAP→78W  power=78.2W
[PID] perf=10.043Hz  target=6.639Hz  err=-3.404Hz  corr=-116.34W  u_ff=84.3W  PCAP→78W  power=75.8W
[PID] perf=6.494Hz  target=6.639Hz  err=+0.145Hz  corr=-31.63W  u_ff=84.3W  PCAP→78W  power=77.6W
[PID] perf=46.260Hz  target=6.639Hz  err=-39.622Hz  corr=-928.55W  u_ff=84.3W  PCAP→78W  power=78.0W
[PID] perf=29.437Hz  target=6.639Hz  err=-22.799Hz  corr=-551.28W  u_ff=84.3W  PCAP→78W  power=75.4W
[PID] perf=8.023Hz  target=6.639Hz  err=-1.385Hz  corr=-71.05W  u_ff=84.3W  PCAP→78W  power=78.0W
[PID] perf=48.783Hz  target=6.639Hz  err=-42.145Hz  corr=-985.13W  u_ff=84.3W  PCAP→78W  power=80.3W
[PID] perf=10.494Hz  target=6.639Hz  err=-3.856Hz  corr=-126.47W  u_ff=84.3W  PCAP→78W  power=80.5W
[PID] perf=21.052Hz  target=6.639Hz  err=-14.413Hz  corr=-363.22W  u_ff=84.3W  PCAP→78W  power=75.8W
[PID] perf=17.199Hz  target=6.639Hz  err=-10.560Hz  corr=-276.82W  u_ff=84.3W  PCAP→78W  power=78.6W
[PID] perf=11.299Hz  target=6.639Hz  err=-4.661Hz  corr=-144.52W  u_ff=84.3W  PCAP→78W  power=78.2W
[PID] perf=7.805Hz  target=6.639Hz  err=-1.167Hz  corr=-66.17W  u_ff=84.3W  PCAP→78W  power=78.6W
[PID] perf=8.302Hz  target=6.639Hz  err=-1.664Hz  corr=-77.31W  u_ff=84.3W  PCAP→78W  power=77.7W
[PID] perf=11.628Hz  target=6.639Hz  err=-4.989Hz  corr=-151.89W  u_ff=84.3W  PCAP→78W  power=78.0W
[PID] perf=23.403Hz  target=6.639Hz  err=-16.764Hz  corr=-415.95W  u_ff=84.3W  PCAP→78W  power=77.8W
[PID] perf=15.319Hz  target=6.639Hz  err=-8.681Hz  corr=-234.67W  u_ff=84.3W  PCAP→78W  power=nanW
[PID] perf=6.536Hz  target=6.639Hz  err=+0.103Hz  corr=-32.11W  u_ff=84.3W  PCAP→78W  power=76.2W
[PID] perf=8.183Hz  target=6.639Hz  err=-1.545Hz  corr=-74.64W  u_ff=84.3W  PCAP→78W  power=77.8W
[PID] perf=20.949Hz  target=6.639Hz  err=-14.310Hz  corr=-360.91W  u_ff=84.3W  PCAP→78W  power=nanW
[PID] perf=6.572Hz  target=6.639Hz  err=+0.067Hz  corr=-32.62W  u_ff=84.3W  PCAP→78W  power=nanW
[PID] perf=9.952Hz  target=6.639Hz  err=-3.313Hz  corr=-114.30W  u_ff=84.3W  PCAP→78W  power=78.5W
[PID] perf=6.154Hz  target=6.639Hz  err=+0.485Hz  corr=-21.07W  u_ff=84.3W  PCAP→78W  power=77.4W
[PID] perf=12.898Hz  target=6.639Hz  err=-6.259Hz  corr=-180.36W  u_ff=84.3W  PCAP→78W  power=78.5W
[PID] perf=8.130Hz  target=6.639Hz  err=-1.491Hz  corr=-72.07W  u_ff=84.3W  PCAP→78W  power=78.2W
[PID] perf=18.315Hz  target=6.639Hz  err=-11.677Hz  corr=-301.86W  u_ff=84.3W  PCAP→78W  power=76.6W
[PID] perf=7.019Hz  target=6.639Hz  err=-0.380Hz  corr=-48.53W  u_ff=84.3W  PCAP→78W  power=78.5W
[PID] perf=17.220Hz  target=6.639Hz  err=-10.581Hz  corr=-277.29W  u_ff=84.3W  PCAP→78W  power=78.4W
[PID] perf=6.171Hz  target=6.639Hz  err=+0.467Hz  corr=-26.05W  u_ff=84.3W  PCAP→78W  power=80.0W
[PID] perf=16.585Hz  target=6.639Hz  err=-9.946Hz  corr=-263.05W  u_ff=84.3W  PCAP→78W  power=77.5W
[PID] perf=33.636Hz  target=6.639Hz  err=-26.998Hz  corr=-645.44W  u_ff=84.3W  PCAP→78W  power=78.7W
[PID] perf=22.009Hz  target=6.639Hz  err=-15.371Hz  corr=-384.70W  u_ff=84.3W  PCAP→78W  power=78.5W
[PID] perf=8.052Hz  target=6.639Hz  err=-1.414Hz  corr=-71.70W  u_ff=84.3W  PCAP→78W  power=78.6W
[PID] perf=7.861Hz  target=6.639Hz  err=-1.222Hz  corr=-67.41W  u_ff=84.3W  PCAP→78W  power=78.0W
[PID] perf=10.624Hz  target=6.639Hz  err=-3.986Hz  corr=-129.39W  u_ff=84.3W  PCAP→78W  power=77.9W
[PID] perf=8.133Hz  target=6.639Hz  err=-1.494Hz  corr=-73.51W  u_ff=84.3W  PCAP→78W  power=79.3W
[PID] perf=7.787Hz  target=6.639Hz  err=-1.148Hz  corr=-65.75W  u_ff=84.3W  PCAP→78W  power=76.1W
[PID] perf=7.955Hz  target=6.639Hz  err=-1.316Hz  corr=-69.51W  u_ff=84.3W  PCAP→78W  power=78.8W
[PID] perf=11.705Hz  target=6.639Hz  err=-5.067Hz  corr=-153.62W  u_ff=84.3W  PCAP→78W  power=76.0W
[PID] perf=8.246Hz  target=6.639Hz  err=-1.608Hz  corr=-76.06W  u_ff=84.3W  PCAP→78W  power=77.8W
[PID] perf=7.897Hz  target=6.639Hz  err=-1.258Hz  corr=-68.22W  u_ff=84.3W  PCAP→78W  power=78.6W
[PID] perf=7.194Hz  target=6.639Hz  err=-0.556Hz  corr=-51.49W  u_ff=84.3W  PCAP→78W  power=76.3W
[PID] perf=20.904Hz  target=6.639Hz  err=-14.265Hz  corr=-359.91W  u_ff=84.3W  PCAP→78W  power=77.4W
[PID] perf=21.694Hz  target=6.639Hz  err=-15.056Hz  corr=-377.64W  u_ff=84.3W  PCAP→78W  power=78.2W
[PID] perf=13.076Hz  target=6.639Hz  err=-6.438Hz  corr=-184.37W  u_ff=84.3W  PCAP→78W  power=76.6W
[PID] perf=31.592Hz  target=6.639Hz  err=-24.954Hz  corr=-599.61W  u_ff=84.3W  PCAP→78W  power=76.4W
[PID] perf=10.535Hz  target=6.639Hz  err=-3.896Hz  corr=-127.38W  u_ff=84.3W  PCAP→78W  power=77.9W
Process completed.
Compressed into /home/cc/summer2024/main_codes/pid_controller/../experiment_data/PID_Control/ones-npb-is/compressed_iteration_20260511_043153.tar
----------------------------------

>>> Step 6/10
  [auto target] max perf @ PCAP=159.6W = 8.298Hz  →  80% target = 6.639Hz

[ones-npb-is]
  target perf      : 6.6385 Hz
  coefficients_perf: [-0.0002928630053090073, 0.09346144861544026, 0.8415796304794382]
  feedforward PCAP : 84.29 W  →  83 W (snapped)
  Perf(u_ff) check : 6.6385 Hz  (should ≈ target)
  PID gains        : Kp=22.4258 W/Hz  Ki=2.24258 W/(Hz·s)  Kd=0.0000
[PID] Awaiting data — feedforward PCAP=83W
[PID] perf=10.312Hz  target=6.639Hz  err=-3.674Hz  corr=-98.87W  u_ff=84.3W  PCAP→78W  power=81.6W
[PID] perf=12.946Hz  target=6.639Hz  err=-6.307Hz  corr=-181.45W  u_ff=84.3W  PCAP→78W  power=77.0W
[PID] perf=7.844Hz  target=6.639Hz  err=-1.206Hz  corr=-48.93W  u_ff=84.3W  PCAP→78W  power=76.1W
[PID] perf=13.360Hz  target=6.639Hz  err=-6.721Hz  corr=-190.73W  u_ff=84.3W  PCAP→78W  power=78.3W
[PID] perf=15.291Hz  target=6.639Hz  err=-8.653Hz  corr=-234.04W  u_ff=84.3W  PCAP→78W  power=78.6W
[PID] perf=6.922Hz  target=6.639Hz  err=-0.284Hz  corr=-29.52W  u_ff=84.3W  PCAP→78W  power=78.3W
[PID] perf=10.543Hz  target=6.639Hz  err=-3.904Hz  corr=-127.56W  u_ff=84.3W  PCAP→78W  power=79.1W
[PID] perf=7.357Hz  target=6.639Hz  err=-0.719Hz  corr=-42.50W  u_ff=84.3W  PCAP→78W  power=79.2W
[PID] perf=5.921Hz  target=6.639Hz  err=+0.717Hz  corr=-7.08W  u_ff=84.3W  PCAP→78W  power=75.8W
[PID] perf=16.282Hz  target=6.639Hz  err=-9.643Hz  corr=-256.26W  u_ff=84.3W  PCAP→78W  power=76.6W
[PID] perf=7.198Hz  target=6.639Hz  err=-0.559Hz  corr=-38.21W  u_ff=84.3W  PCAP→78W  power=79.3W
[PID] perf=8.931Hz  target=6.639Hz  err=-2.293Hz  corr=-87.38W  u_ff=84.3W  PCAP→78W  power=78.0W
[PID] perf=19.864Hz  target=6.639Hz  err=-13.225Hz  corr=-336.59W  u_ff=84.3W  PCAP→78W  power=78.5W
[PID] perf=8.597Hz  target=6.639Hz  err=-1.958Hz  corr=-83.92W  u_ff=84.3W  PCAP→78W  power=76.8W
[PID] perf=7.247Hz  target=6.639Hz  err=-0.609Hz  corr=-52.34W  u_ff=84.3W  PCAP→78W  power=78.5W
[PID] perf=9.282Hz  target=6.639Hz  err=-2.643Hz  corr=-99.28W  u_ff=84.3W  PCAP→78W  power=78.3W
[PID] perf=13.365Hz  target=6.639Hz  err=-6.727Hz  corr=-190.86W  u_ff=84.3W  PCAP→78W  power=76.6W
[PID] perf=6.667Hz  target=6.639Hz  err=-0.028Hz  corr=-39.45W  u_ff=84.3W  PCAP→78W  power=76.6W
[PID] perf=7.376Hz  target=6.639Hz  err=-0.738Hz  corr=-56.55W  u_ff=84.3W  PCAP→78W  power=76.4W
[PID] perf=9.574Hz  target=6.639Hz  err=-2.936Hz  corr=-105.83W  u_ff=84.3W  PCAP→78W  power=77.1W
[PID] perf=7.691Hz  target=6.639Hz  err=-1.052Hz  corr=-63.60W  u_ff=84.3W  PCAP→78W  power=76.9W
[PID] perf=25.678Hz  target=6.639Hz  err=-19.039Hz  corr=-466.97W  u_ff=84.3W  PCAP→78W  power=77.0W
[PID] perf=16.134Hz  target=6.639Hz  err=-9.495Hz  corr=-252.94W  u_ff=84.3W  PCAP→78W  power=77.7W
[PID] perf=33.337Hz  target=6.639Hz  err=-26.699Hz  corr=-638.74W  u_ff=84.3W  PCAP→78W  power=77.4W
[PID] perf=8.584Hz  target=6.639Hz  err=-1.946Hz  corr=-83.64W  u_ff=84.3W  PCAP→78W  power=77.5W
[PID] perf=12.184Hz  target=6.639Hz  err=-5.545Hz  corr=-164.36W  u_ff=84.3W  PCAP→78W  power=76.1W
[PID] perf=14.205Hz  target=6.639Hz  err=-7.567Hz  corr=-209.69W  u_ff=84.3W  PCAP→78W  power=78.3W
[PID] perf=6.042Hz  target=6.639Hz  err=+0.596Hz  corr=-22.77W  u_ff=84.3W  PCAP→78W  power=78.3W
[PID] perf=10.798Hz  target=6.639Hz  err=-4.160Hz  corr=-133.29W  u_ff=84.3W  PCAP→78W  power=76.9W
[PID] perf=5.569Hz  target=6.639Hz  err=+1.070Hz  corr=-7.35W  u_ff=84.3W  PCAP→78W  power=76.0W
[PID] perf=4.822Hz  target=6.639Hz  err=+1.817Hz  corr=+17.55W  u_ff=84.3W  PCAP→101W  power=77.7W
[PID] perf=5.248Hz  target=6.639Hz  err=+1.390Hz  corr=+14.22W  u_ff=84.3W  PCAP→101W  power=99.1W
[PID] perf=5.248Hz  target=6.639Hz  err=+1.390Hz  corr=+20.45W  u_ff=84.3W  PCAP→107W  power=99.3W
[PID] perf=5.333Hz  target=6.639Hz  err=+1.306Hz  corr=+24.42W  u_ff=84.3W  PCAP→107W  power=105.6W
[PID] perf=5.329Hz  target=6.639Hz  err=+1.310Hz  corr=+30.39W  u_ff=84.3W  PCAP→112W  power=105.9W
[PID] perf=5.395Hz  target=6.639Hz  err=+1.243Hz  corr=+34.46W  u_ff=84.3W  PCAP→118W  power=109.2W
[PID] perf=5.419Hz  target=6.639Hz  err=+1.219Hz  corr=+39.39W  u_ff=84.3W  PCAP→124W  power=115.6W
[PID] perf=5.456Hz  target=6.639Hz  err=+1.183Hz  corr=+43.89W  u_ff=84.3W  PCAP→130W  power=122.2W
[PID] perf=5.505Hz  target=6.639Hz  err=+1.134Hz  corr=+47.87W  u_ff=84.3W  PCAP→130W  power=128.3W
[PID] perf=5.544Hz  target=6.639Hz  err=+1.095Hz  corr=+51.90W  u_ff=84.3W  PCAP→136W  power=128.8W
[PID] perf=5.558Hz  target=6.639Hz  err=+1.080Hz  corr=+56.43W  u_ff=84.3W  PCAP→141W  power=136.0W
[PID] perf=5.578Hz  target=6.639Hz  err=+1.060Hz  corr=+60.73W  u_ff=84.3W  PCAP→147W  power=138.6W
[PID] perf=5.613Hz  target=6.639Hz  err=+1.025Hz  corr=+62.99W  u_ff=84.3W  PCAP→147W  power=145.1W
[PID] perf=5.603Hz  target=6.639Hz  err=+1.035Hz  corr=+63.22W  u_ff=84.3W  PCAP→147W  power=145.3W
[PID] perf=5.658Hz  target=6.639Hz  err=+0.980Hz  corr=+61.98W  u_ff=84.3W  PCAP→147W  power=145.3W
[PID] perf=5.608Hz  target=6.639Hz  err=+1.031Hz  corr=+63.12W  u_ff=84.3W  PCAP→147W  power=144.5W
[PID] perf=5.607Hz  target=6.639Hz  err=+1.032Hz  corr=+63.13W  u_ff=84.3W  PCAP→147W  power=147.2W
[PID] perf=5.607Hz  target=6.639Hz  err=+1.031Hz  corr=+63.13W  u_ff=84.3W  PCAP→147W  power=147.0W
[PID] perf=5.606Hz  target=6.639Hz  err=+1.033Hz  corr=+63.16W  u_ff=84.3W  PCAP→147W  power=145.3W
[PID] perf=5.607Hz  target=6.639Hz  err=+1.031Hz  corr=+63.13W  u_ff=84.3W  PCAP→147W  power=146.4W
[PID] perf=5.607Hz  target=6.639Hz  err=+1.032Hz  corr=+63.14W  u_ff=84.3W  PCAP→147W  power=143.8W
[PID] perf=5.606Hz  target=6.639Hz  err=+1.033Hz  corr=+63.16W  u_ff=84.3W  PCAP→147W  power=148.3W
[PID] perf=5.605Hz  target=6.639Hz  err=+1.033Hz  corr=+63.18W  u_ff=84.3W  PCAP→147W  power=145.8W
[PID] perf=5.607Hz  target=6.639Hz  err=+1.031Hz  corr=+63.13W  u_ff=84.3W  PCAP→147W  power=146.6W
[PID] perf=5.606Hz  target=6.639Hz  err=+1.032Hz  corr=+63.15W  u_ff=84.3W  PCAP→147W  power=146.8W
[PID] perf=5.606Hz  target=6.639Hz  err=+1.032Hz  corr=+63.15W  u_ff=84.3W  PCAP→147W  power=144.7W
[PID] perf=6.675Hz  target=6.639Hz  err=-0.036Hz  corr=+35.98W  u_ff=84.3W  PCAP→118W  power=148.3W
[PID] perf=7.265Hz  target=6.639Hz  err=-0.626Hz  corr=+19.94W  u_ff=84.3W  PCAP→107W  power=117.9W
[PID] perf=7.039Hz  target=6.639Hz  err=-0.400Hz  corr=+23.22W  u_ff=84.3W  PCAP→107W  power=108.0W
[PID] perf=7.038Hz  target=6.639Hz  err=-0.400Hz  corr=+21.43W  u_ff=84.3W  PCAP→107W  power=105.4W
[PID] perf=7.043Hz  target=6.639Hz  err=-0.404Hz  corr=+19.52W  u_ff=84.3W  PCAP→101W  power=105.6W
[PID] perf=6.880Hz  target=6.639Hz  err=-0.242Hz  corr=+22.08W  u_ff=84.3W  PCAP→107W  power=102.5W
[PID] perf=7.038Hz  target=6.639Hz  err=-0.399Hz  corr=+16.76W  u_ff=84.3W  PCAP→101W  power=108.6W
[PID] perf=6.888Hz  target=6.639Hz  err=-0.249Hz  corr=+19.00W  u_ff=84.3W  PCAP→101W  power=101.0W
[PID] perf=6.889Hz  target=6.639Hz  err=-0.251Hz  corr=+17.85W  u_ff=84.3W  PCAP→101W  power=101.0W
[PID] perf=6.887Hz  target=6.639Hz  err=-0.248Hz  corr=+16.79W  u_ff=84.3W  PCAP→101W  power=101.0W
[PID] perf=6.886Hz  target=6.639Hz  err=-0.248Hz  corr=+15.69W  u_ff=84.3W  PCAP→101W  power=102.2W
[PID] perf=6.885Hz  target=6.639Hz  err=-0.246Hz  corr=+14.61W  u_ff=84.3W  PCAP→101W  power=102.1W
[PID] perf=6.886Hz  target=6.639Hz  err=-0.248Hz  corr=+13.48W  u_ff=84.3W  PCAP→95W  power=99.5W
[PID] perf=6.728Hz  target=6.639Hz  err=-0.089Hz  corr=+16.63W  u_ff=84.3W  PCAP→101W  power=93.7W
[PID] perf=6.882Hz  target=6.639Hz  err=-0.244Hz  corr=+12.07W  u_ff=84.3W  PCAP→95W  power=100.4W
[PID] perf=6.724Hz  target=6.639Hz  err=-0.086Hz  corr=+15.23W  u_ff=84.3W  PCAP→101W  power=95.2W
[PID] perf=6.881Hz  target=6.639Hz  err=-0.242Hz  corr=+10.63W  u_ff=84.3W  PCAP→95W  power=99.1W
[PID] perf=6.726Hz  target=6.639Hz  err=-0.087Hz  corr=+13.71W  u_ff=84.3W  PCAP→95W  power=95.3W
[PID] perf=6.730Hz  target=6.639Hz  err=-0.091Hz  corr=+13.22W  u_ff=84.3W  PCAP→95W  power=94.1W
[PID] perf=6.727Hz  target=6.639Hz  err=-0.089Hz  corr=+12.87W  u_ff=84.3W  PCAP→95W  power=93.0W
[PID] perf=6.719Hz  target=6.639Hz  err=-0.081Hz  corr=+12.70W  u_ff=84.3W  PCAP→95W  power=93.4W
[PID] perf=6.724Hz  target=6.639Hz  err=-0.086Hz  corr=+12.20W  u_ff=84.3W  PCAP→95W  power=96.0W
[PID] perf=6.727Hz  target=6.639Hz  err=-0.089Hz  corr=+11.73W  u_ff=84.3W  PCAP→95W  power=94.5W
[PID] perf=6.728Hz  target=6.639Hz  err=-0.089Hz  corr=+11.31W  u_ff=84.3W  PCAP→95W  power=95.2W
[PID] perf=6.725Hz  target=6.639Hz  err=-0.087Hz  corr=+10.99W  u_ff=84.3W  PCAP→95W  power=93.9W
[PID] perf=6.730Hz  target=6.639Hz  err=-0.092Hz  corr=+10.46W  u_ff=84.3W  PCAP→95W  power=96.1W
[PID] perf=6.726Hz  target=6.639Hz  err=-0.087Hz  corr=+10.17W  u_ff=84.3W  PCAP→95W  power=95.4W
[PID] perf=6.733Hz  target=6.639Hz  err=-0.094Hz  corr=+9.59W  u_ff=84.3W  PCAP→95W  power=93.9W
[PID] perf=6.725Hz  target=6.639Hz  err=-0.086Hz  corr=+9.38W  u_ff=84.3W  PCAP→95W  power=96.1W
[PID] perf=6.723Hz  target=6.639Hz  err=-0.085Hz  corr=+9.03W  u_ff=84.3W  PCAP→95W  power=96.2W
[PID] perf=6.723Hz  target=6.639Hz  err=-0.084Hz  corr=+8.68W  u_ff=84.3W  PCAP→95W  power=94.1W
[PID] perf=6.729Hz  target=6.639Hz  err=-0.091Hz  corr=+8.12W  u_ff=84.3W  PCAP→95W  power=95.6W
[PID] perf=6.733Hz  target=6.639Hz  err=-0.094Hz  corr=+7.62W  u_ff=84.3W  PCAP→89W  power=94.8W
[PID] perf=6.516Hz  target=6.639Hz  err=+0.123Hz  corr=+13.03W  u_ff=84.3W  PCAP→95W  power=88.7W
[PID] perf=6.726Hz  target=6.639Hz  err=-0.087Hz  corr=+7.94W  u_ff=84.3W  PCAP→95W  power=95.1W
[PID] perf=6.780Hz  target=6.639Hz  err=-0.141Hz  corr=+6.10W  u_ff=84.3W  PCAP→89W  power=94.2W
[PID] perf=6.559Hz  target=6.639Hz  err=+0.080Hz  corr=+11.40W  u_ff=84.3W  PCAP→95W  power=87.9W
[PID] perf=6.782Hz  target=6.639Hz  err=-0.144Hz  corr=+5.75W  u_ff=84.3W  PCAP→89W  power=95.3W
[PID] perf=6.555Hz  target=6.639Hz  err=+0.084Hz  corr=+11.22W  u_ff=84.3W  PCAP→95W  power=89.6W
[PID] perf=6.777Hz  target=6.639Hz  err=-0.139Hz  corr=+5.62W  u_ff=84.3W  PCAP→89W  power=94.8W
[PID] perf=6.560Hz  target=6.639Hz  err=+0.079Hz  corr=+10.85W  u_ff=84.3W  PCAP→95W  power=89.0W
[PID] perf=6.777Hz  target=6.639Hz  err=-0.138Hz  corr=+5.36W  u_ff=84.3W  PCAP→89W  power=93.7W
[PID] perf=6.555Hz  target=6.639Hz  err=+0.083Hz  corr=+10.70W  u_ff=84.3W  PCAP→95W  power=88.1W
Process completed.
Compressed into /home/cc/summer2024/main_codes/pid_controller/../experiment_data/PID_Control/ones-npb-is/compressed_iteration_20260511_043513.tar
----------------------------------

>>> Step 7/10
  [auto target] max perf @ PCAP=159.6W = 8.298Hz  →  80% target = 6.639Hz

[ones-npb-is]
  target perf      : 6.6385 Hz
  coefficients_perf: [-0.0002928630053090073, 0.09346144861544026, 0.8415796304794382]
  feedforward PCAP : 84.29 W  →  83 W (snapped)
  Perf(u_ff) check : 6.6385 Hz  (should ≈ target)
  PID gains        : Kp=22.4258 W/Hz  Ki=2.24258 W/(Hz·s)  Kd=0.0000
[PID] perf=3.449Hz  target=6.639Hz  err=+3.190Hz  corr=+85.83W  u_ff=84.3W  PCAP→165W  power=nanW
[PID] perf=8.249Hz  target=6.639Hz  err=-1.610Hz  corr=-29.03W  u_ff=84.3W  PCAP→78W  power=160.8W
[PID] perf=6.284Hz  target=6.639Hz  err=+0.354Hz  corr=+16.61W  u_ff=84.3W  PCAP→101W  power=77.0W
[PID] perf=7.229Hz  target=6.639Hz  err=-0.590Hz  corr=-7.22W  u_ff=84.3W  PCAP→78W  power=101.7W
[PID] perf=6.208Hz  target=6.639Hz  err=+0.430Hz  corr=+17.60W  u_ff=84.3W  PCAP→101W  power=77.2W
[PID] perf=7.134Hz  target=6.639Hz  err=-0.496Hz  corr=-5.39W  u_ff=84.3W  PCAP→78W  power=100.7W
[PID] perf=6.199Hz  target=6.639Hz  err=+0.439Hz  corr=+17.55W  u_ff=84.3W  PCAP→101W  power=77.1W
[PID] perf=7.139Hz  target=6.639Hz  err=-0.501Hz  corr=-5.77W  u_ff=84.3W  PCAP→78W  power=102.7W
[PID] perf=6.197Hz  target=6.639Hz  err=+0.441Hz  corr=+17.33W  u_ff=84.3W  PCAP→101W  power=78.9W
[PID] perf=7.136Hz  target=6.639Hz  err=-0.497Hz  corr=-5.95W  u_ff=84.3W  PCAP→78W  power=100.3W
[PID] perf=6.192Hz  target=6.639Hz  err=+0.447Hz  corr=+17.22W  u_ff=84.3W  PCAP→101W  power=78.5W
[PID] perf=7.094Hz  target=6.639Hz  err=-0.456Hz  corr=-5.06W  u_ff=84.3W  PCAP→78W  power=101.2W
[PID] perf=6.214Hz  target=6.639Hz  err=+0.425Hz  corr=+16.60W  u_ff=84.3W  PCAP→101W  power=78.1W
[PID] perf=7.103Hz  target=6.639Hz  err=-0.464Hz  corr=-5.42W  u_ff=84.3W  PCAP→78W  power=101.0W
[PID] perf=6.213Hz  target=6.639Hz  err=+0.426Hz  corr=+16.44W  u_ff=84.3W  PCAP→101W  power=77.9W
[PID] perf=7.108Hz  target=6.639Hz  err=-0.469Hz  corr=-5.74W  u_ff=84.3W  PCAP→78W  power=100.8W
[PID] perf=6.208Hz  target=6.639Hz  err=+0.430Hz  corr=+16.37W  u_ff=84.3W  PCAP→101W  power=78.2W
[PID] perf=7.108Hz  target=6.639Hz  err=-0.470Hz  corr=-5.92W  u_ff=84.3W  PCAP→78W  power=99.6W
[PID] perf=6.207Hz  target=6.639Hz  err=+0.431Hz  corr=+16.22W  u_ff=84.3W  PCAP→101W  power=76.8W
[PID] perf=7.098Hz  target=6.639Hz  err=-0.460Hz  corr=-5.83W  u_ff=84.3W  PCAP→78W  power=99.8W
[PID] perf=6.208Hz  target=6.639Hz  err=+0.431Hz  corr=+16.08W  u_ff=84.3W  PCAP→101W  power=76.6W
[PID] perf=7.105Hz  target=6.639Hz  err=-0.466Hz  corr=-6.12W  u_ff=84.3W  PCAP→78W  power=101.0W
[PID] perf=6.209Hz  target=6.639Hz  err=+0.430Hz  corr=+15.89W  u_ff=84.3W  PCAP→101W  power=77.3W
[PID] perf=7.107Hz  target=6.639Hz  err=-0.468Hz  corr=-6.35W  u_ff=84.3W  PCAP→78W  power=102.5W
[PID] perf=6.217Hz  target=6.639Hz  err=+0.422Hz  corr=+15.50W  u_ff=84.3W  PCAP→101W  power=78.8W
[PID] perf=7.110Hz  target=6.639Hz  err=-0.471Hz  corr=-6.64W  u_ff=84.3W  PCAP→78W  power=99.5W
[PID] perf=6.211Hz  target=6.639Hz  err=+0.427Hz  corr=+15.43W  u_ff=84.3W  PCAP→101W  power=79.2W
[PID] perf=7.105Hz  target=6.639Hz  err=-0.467Hz  corr=-6.72W  u_ff=84.3W  PCAP→78W  power=100.6W
[PID] perf=6.218Hz  target=6.639Hz  err=+0.420Hz  corr=+15.07W  u_ff=84.3W  PCAP→101W  power=78.8W
[PID] perf=7.101Hz  target=6.639Hz  err=-0.462Hz  corr=-6.80W  u_ff=84.3W  PCAP→78W  power=99.9W
[PID] perf=6.219Hz  target=6.639Hz  err=+0.420Hz  corr=+14.86W  u_ff=84.3W  PCAP→101W  power=76.5W
[PID] perf=7.094Hz  target=6.639Hz  err=-0.456Hz  corr=-6.82W  u_ff=84.3W  PCAP→78W  power=100.8W
[PID] perf=6.215Hz  target=6.639Hz  err=+0.424Hz  corr=+14.81W  u_ff=84.3W  PCAP→101W  power=79.1W
[PID] perf=7.104Hz  target=6.639Hz  err=-0.465Hz  corr=-7.22W  u_ff=84.3W  PCAP→78W  power=100.3W
[PID] perf=6.213Hz  target=6.639Hz  err=+0.425Hz  corr=+14.67W  u_ff=84.3W  PCAP→101W  power=78.9W
[PID] perf=7.111Hz  target=6.639Hz  err=-0.472Hz  corr=-7.58W  u_ff=84.3W  PCAP→78W  power=102.5W
[PID] perf=6.223Hz  target=6.639Hz  err=+0.415Hz  corr=+14.18W  u_ff=84.3W  PCAP→101W  power=78.1W
[PID] perf=7.092Hz  target=6.639Hz  err=-0.454Hz  corr=-7.34W  u_ff=84.3W  PCAP→78W  power=99.6W
[PID] perf=6.213Hz  target=6.639Hz  err=+0.425Hz  corr=+14.28W  u_ff=84.3W  PCAP→101W  power=78.5W
[PID] perf=7.096Hz  target=6.639Hz  err=-0.458Hz  corr=-7.58W  u_ff=84.3W  PCAP→78W  power=101.0W
[PID] perf=6.210Hz  target=6.639Hz  err=+0.428Hz  corr=+14.21W  u_ff=84.3W  PCAP→101W  power=78.8W
[PID] perf=7.110Hz  target=6.639Hz  err=-0.472Hz  corr=-8.08W  u_ff=84.3W  PCAP→78W  power=101.0W
[PID] perf=6.203Hz  target=6.639Hz  err=+0.436Hz  corr=+14.22W  u_ff=84.3W  PCAP→101W  power=77.1W
[PID] perf=7.113Hz  target=6.639Hz  err=-0.474Hz  corr=-8.31W  u_ff=84.3W  PCAP→78W  power=100.9W
[PID] perf=6.224Hz  target=6.639Hz  err=+0.415Hz  corr=+13.48W  u_ff=84.3W  PCAP→95W  power=77.9W
[PID] perf=6.834Hz  target=6.639Hz  err=-0.196Hz  corr=-1.09W  u_ff=84.3W  PCAP→83W  power=95.8W
[PID] perf=6.380Hz  target=6.639Hz  err=+0.259Hz  corr=+10.27W  u_ff=84.3W  PCAP→95W  power=83.5W
[PID] perf=6.839Hz  target=6.639Hz  err=-0.200Hz  corr=-0.93W  u_ff=84.3W  PCAP→83W  power=94.2W
[PID] perf=6.383Hz  target=6.639Hz  err=+0.256Hz  corr=+10.44W  u_ff=84.3W  PCAP→95W  power=82.7W
[PID] perf=6.843Hz  target=6.639Hz  err=-0.205Hz  corr=-0.79W  u_ff=84.3W  PCAP→83W  power=95.7W
[PID] perf=6.514Hz  target=6.639Hz  err=+0.125Hz  corr=+7.15W  u_ff=84.3W  PCAP→89W  power=81.9W
[PID] perf=6.759Hz  target=6.639Hz  err=-0.121Hz  corr=+1.11W  u_ff=84.3W  PCAP→83W  power=88.9W
[PID] perf=6.512Hz  target=6.639Hz  err=+0.127Hz  corr=+7.23W  u_ff=84.3W  PCAP→89W  power=84.0W
[PID] perf=6.768Hz  target=6.639Hz  err=-0.130Hz  corr=+0.89W  u_ff=84.3W  PCAP→83W  power=88.8W
[PID] perf=6.518Hz  target=6.639Hz  err=+0.120Hz  corr=+7.04W  u_ff=84.3W  PCAP→89W  power=82.5W
[PID] perf=6.770Hz  target=6.639Hz  err=-0.131Hz  corr=+0.81W  u_ff=84.3W  PCAP→83W  power=88.7W
[PID] perf=6.513Hz  target=6.639Hz  err=+0.126Hz  corr=+7.14W  u_ff=84.3W  PCAP→89W  power=82.5W
[PID] perf=6.768Hz  target=6.639Hz  err=-0.129Hz  corr=+0.84W  u_ff=84.3W  PCAP→83W  power=89.2W
[PID] perf=6.521Hz  target=6.639Hz  err=+0.118Hz  corr=+6.90W  u_ff=84.3W  PCAP→89W  power=82.7W
[PID] perf=6.767Hz  target=6.639Hz  err=-0.128Hz  corr=+0.82W  u_ff=84.3W  PCAP→83W  power=89.9W
[PID] perf=6.518Hz  target=6.639Hz  err=+0.120Hz  corr=+6.92W  u_ff=84.3W  PCAP→89W  power=81.4W
[PID] perf=6.769Hz  target=6.639Hz  err=-0.130Hz  corr=+0.73W  u_ff=84.3W  PCAP→83W  power=88.9W
[PID] perf=6.512Hz  target=6.639Hz  err=+0.127Hz  corr=+7.06W  u_ff=84.3W  PCAP→89W  power=82.5W
[PID] perf=6.771Hz  target=6.639Hz  err=-0.132Hz  corr=+0.66W  u_ff=84.3W  PCAP→83W  power=90.7W
[PID] perf=6.512Hz  target=6.639Hz  err=+0.127Hz  corr=+7.03W  u_ff=84.3W  PCAP→89W  power=82.0W
[PID] perf=6.767Hz  target=6.639Hz  err=-0.129Hz  corr=+0.73W  u_ff=84.3W  PCAP→83W  power=89.9W
[PID] perf=6.506Hz  target=6.639Hz  err=+0.132Hz  corr=+7.17W  u_ff=84.3W  PCAP→89W  power=83.6W
[PID] perf=6.772Hz  target=6.639Hz  err=-0.133Hz  corr=+0.63W  u_ff=84.3W  PCAP→83W  power=88.8W
[PID] perf=6.514Hz  target=6.639Hz  err=+0.125Hz  corr=+6.97W  u_ff=84.3W  PCAP→89W  power=82.8W
[PID] perf=6.771Hz  target=6.639Hz  err=-0.132Hz  corr=+0.62W  u_ff=84.3W  PCAP→83W  power=89.8W
[PID] perf=6.519Hz  target=6.639Hz  err=+0.119Hz  corr=+6.78W  u_ff=84.3W  PCAP→89W  power=82.4W
[PID] perf=6.770Hz  target=6.639Hz  err=-0.131Hz  corr=+0.57W  u_ff=84.3W  PCAP→83W  power=89.8W
[PID] perf=6.494Hz  target=6.639Hz  err=+0.145Hz  corr=+7.42W  u_ff=84.3W  PCAP→89W  power=82.4W
[PID] perf=6.743Hz  target=6.639Hz  err=-0.104Hz  corr=+1.37W  u_ff=84.3W  PCAP→83W  power=89.7W
[PID] perf=6.494Hz  target=6.639Hz  err=+0.145Hz  corr=+7.60W  u_ff=84.3W  PCAP→89W  power=82.4W
[PID] perf=6.751Hz  target=6.639Hz  err=-0.112Hz  corr=+1.34W  u_ff=84.3W  PCAP→83W  power=87.7W
Process completed.
Compressed into /home/cc/summer2024/main_codes/pid_controller/../experiment_data/PID_Control/ones-npb-is/compressed_iteration_20260511_043744.tar
----------------------------------

>>> Step 8/10
  [auto target] max perf @ PCAP=159.6W = 8.298Hz  →  80% target = 6.639Hz

[ones-npb-is]
  target perf      : 6.6385 Hz
  coefficients_perf: [-0.0002928630053090073, 0.09346144861544026, 0.8415796304794382]
  feedforward PCAP : 84.29 W  →  83 W (snapped)
  Perf(u_ff) check : 6.6385 Hz  (should ≈ target)
  PID gains        : Kp=22.4258 W/Hz  Ki=2.24258 W/(Hz·s)  Kd=0.0000
[PID] perf=3.251Hz  target=6.639Hz  err=+3.387Hz  corr=+91.16W  u_ff=84.3W  PCAP→165W  power=nanW
[PID] perf=8.163Hz  target=6.639Hz  err=-1.525Hz  corr=-25.84W  u_ff=84.3W  PCAP→78W  power=162.0W
[PID] perf=6.200Hz  target=6.639Hz  err=+0.438Hz  corr=+20.14W  u_ff=84.3W  PCAP→107W  power=76.5W
[PID] perf=7.266Hz  target=6.639Hz  err=-0.627Hz  corr=-6.56W  u_ff=84.3W  PCAP→78W  power=108.2W
[PID] perf=6.197Hz  target=6.639Hz  err=+0.441Hz  corr=+19.39W  u_ff=84.3W  PCAP→101W  power=77.5W
[PID] perf=7.132Hz  target=6.639Hz  err=-0.493Hz  corr=-3.79W  u_ff=84.3W  PCAP→78W  power=99.0W
[PID] perf=6.206Hz  target=6.639Hz  err=+0.433Hz  corr=+18.92W  u_ff=84.3W  PCAP→101W  power=79.1W
[PID] perf=7.133Hz  target=6.639Hz  err=-0.495Hz  corr=-4.10W  u_ff=84.3W  PCAP→78W  power=100.8W
[PID] perf=6.207Hz  target=6.639Hz  err=+0.432Hz  corr=+18.61W  u_ff=84.3W  PCAP→101W  power=77.7W
[PID] perf=7.143Hz  target=6.639Hz  err=-0.505Hz  corr=-4.65W  u_ff=84.3W  PCAP→78W  power=102.0W
[PID] perf=6.130Hz  target=6.639Hz  err=+0.508Hz  corr=+20.34W  u_ff=84.3W  PCAP→107W  power=78.6W
[PID] perf=7.135Hz  target=6.639Hz  err=-0.497Hz  corr=-4.42W  u_ff=84.3W  PCAP→78W  power=106.4W
[PID] perf=6.160Hz  target=6.639Hz  err=+0.478Hz  corr=+19.60W  u_ff=84.3W  PCAP→101W  power=77.6W
[PID] perf=6.997Hz  target=6.639Hz  err=-0.358Hz  corr=-0.77W  u_ff=84.3W  PCAP→83W  power=100.8W
[PID] perf=6.390Hz  target=6.639Hz  err=+0.249Hz  corr=+13.96W  u_ff=84.3W  PCAP→101W  power=84.4W
[PID] perf=6.994Hz  target=6.639Hz  err=-0.355Hz  corr=-1.19W  u_ff=84.3W  PCAP→83W  power=99.1W
[PID] perf=6.395Hz  target=6.639Hz  err=+0.243Hz  corr=+13.33W  u_ff=84.3W  PCAP→95W  power=84.2W
[PID] perf=6.850Hz  target=6.639Hz  err=-0.212Hz  corr=+2.18W  u_ff=84.3W  PCAP→89W  power=93.5W
[PID] perf=6.652Hz  target=6.639Hz  err=-0.013Hz  corr=+6.57W  u_ff=84.3W  PCAP→89W  power=89.2W
[PID] perf=6.649Hz  target=6.639Hz  err=-0.011Hz  corr=+6.58W  u_ff=84.3W  PCAP→89W  power=89.9W
[PID] perf=6.641Hz  target=6.639Hz  err=-0.003Hz  corr=+6.74W  u_ff=84.3W  PCAP→89W  power=88.7W
[PID] perf=6.642Hz  target=6.639Hz  err=-0.003Hz  corr=+6.72W  u_ff=84.3W  PCAP→89W  power=89.8W
[PID] perf=6.672Hz  target=6.639Hz  err=-0.033Hz  corr=+5.90W  u_ff=84.3W  PCAP→89W  power=87.5W
[PID] perf=6.673Hz  target=6.639Hz  err=-0.035Hz  corr=+5.71W  u_ff=84.3W  PCAP→89W  power=88.9W
[PID] perf=6.681Hz  target=6.639Hz  err=-0.043Hz  corr=+5.33W  u_ff=84.3W  PCAP→89W  power=88.0W
[PID] perf=6.672Hz  target=6.639Hz  err=-0.034Hz  corr=+5.38W  u_ff=84.3W  PCAP→89W  power=89.2W
[PID] perf=6.677Hz  target=6.639Hz  err=-0.038Hz  corr=+5.11W  u_ff=84.3W  PCAP→89W  power=89.6W
[PID] perf=6.680Hz  target=6.639Hz  err=-0.041Hz  corr=+4.86W  u_ff=84.3W  PCAP→89W  power=88.0W
[PID] perf=6.674Hz  target=6.639Hz  err=-0.035Hz  corr=+4.84W  u_ff=84.3W  PCAP→89W  power=89.3W
[PID] perf=6.666Hz  target=6.639Hz  err=-0.027Hz  corr=+4.90W  u_ff=84.3W  PCAP→89W  power=89.4W
[PID] perf=6.659Hz  target=6.639Hz  err=-0.021Hz  corr=+4.94W  u_ff=84.3W  PCAP→89W  power=87.6W
[PID] perf=6.664Hz  target=6.639Hz  err=-0.025Hz  corr=+4.74W  u_ff=84.3W  PCAP→89W  power=88.0W
[PID] perf=6.660Hz  target=6.639Hz  err=-0.022Hz  corr=+4.72W  u_ff=84.3W  PCAP→89W  power=89.2W
[PID] perf=6.664Hz  target=6.639Hz  err=-0.026Hz  corr=+4.51W  u_ff=84.3W  PCAP→89W  power=87.8W
[PID] perf=6.657Hz  target=6.639Hz  err=-0.019Hz  corr=+4.59W  u_ff=84.3W  PCAP→89W  power=87.9W
[PID] perf=6.668Hz  target=6.639Hz  err=-0.030Hz  corr=+4.20W  u_ff=84.3W  PCAP→89W  power=89.1W
[PID] perf=6.668Hz  target=6.639Hz  err=-0.030Hz  corr=+4.07W  u_ff=84.3W  PCAP→89W  power=90.6W
[PID] perf=6.818Hz  target=6.639Hz  err=-0.179Hz  corr=-0.09W  u_ff=84.3W  PCAP→83W  power=88.9W
[PID] perf=6.549Hz  target=6.639Hz  err=+0.090Hz  corr=+6.35W  u_ff=84.3W  PCAP→89W  power=82.5W
[PID] perf=6.808Hz  target=6.639Hz  err=-0.169Hz  corr=-0.22W  u_ff=84.3W  PCAP→83W  power=88.0W
[PID] perf=6.542Hz  target=6.639Hz  err=+0.097Hz  corr=+6.18W  u_ff=84.3W  PCAP→89W  power=83.5W
[PID] perf=6.808Hz  target=6.639Hz  err=-0.170Hz  corr=-0.56W  u_ff=84.3W  PCAP→83W  power=88.7W
[PID] perf=6.539Hz  target=6.639Hz  err=+0.099Hz  corr=+5.92W  u_ff=84.3W  PCAP→89W  power=83.5W
[PID] perf=6.809Hz  target=6.639Hz  err=-0.171Hz  corr=-0.91W  u_ff=84.3W  PCAP→83W  power=88.2W
[PID] perf=6.532Hz  target=6.639Hz  err=+0.106Hz  corr=+5.79W  u_ff=84.3W  PCAP→89W  power=82.7W
[PID] perf=6.811Hz  target=6.639Hz  err=-0.173Hz  corr=-1.24W  u_ff=84.3W  PCAP→83W  power=87.8W
[PID] perf=6.546Hz  target=6.639Hz  err=+0.092Hz  corr=+5.11W  u_ff=84.3W  PCAP→89W  power=82.4W
[PID] perf=6.817Hz  target=6.639Hz  err=-0.178Hz  corr=-1.75W  u_ff=84.3W  PCAP→83W  power=89.4W
[PID] perf=6.542Hz  target=6.639Hz  err=+0.097Hz  corr=+4.85W  u_ff=84.3W  PCAP→89W  power=81.7W
[PID] perf=6.816Hz  target=6.639Hz  err=-0.178Hz  corr=-2.11W  u_ff=84.3W  PCAP→83W  power=88.5W
[PID] perf=6.548Hz  target=6.639Hz  err=+0.090Hz  corr=+4.31W  u_ff=84.3W  PCAP→89W  power=83.6W
[PID] perf=6.813Hz  target=6.639Hz  err=-0.175Hz  corr=-2.42W  u_ff=84.3W  PCAP→83W  power=90.0W
[PID] perf=6.541Hz  target=6.639Hz  err=+0.098Hz  corr=+4.14W  u_ff=84.3W  PCAP→89W  power=81.7W
[PID] perf=6.811Hz  target=6.639Hz  err=-0.173Hz  corr=-2.71W  u_ff=84.3W  PCAP→83W  power=89.4W
[PID] perf=6.547Hz  target=6.639Hz  err=+0.092Hz  corr=+3.63W  u_ff=84.3W  PCAP→89W  power=81.4W
[PID] perf=6.812Hz  target=6.639Hz  err=-0.174Hz  corr=-3.10W  u_ff=84.3W  PCAP→83W  power=88.8W
[PID] perf=6.546Hz  target=6.639Hz  err=+0.093Hz  corr=+3.29W  u_ff=84.3W  PCAP→89W  power=83.3W
[PID] perf=6.808Hz  target=6.639Hz  err=-0.169Hz  corr=-3.34W  u_ff=84.3W  PCAP→83W  power=89.4W
[PID] perf=6.541Hz  target=6.639Hz  err=+0.097Hz  corr=+3.07W  u_ff=84.3W  PCAP→89W  power=83.3W
[PID] perf=6.815Hz  target=6.639Hz  err=-0.176Hz  corr=-3.85W  u_ff=84.3W  PCAP→78W  power=88.6W
[PID] perf=6.289Hz  target=6.639Hz  err=+0.349Hz  corr=+9.50W  u_ff=84.3W  PCAP→95W  power=77.1W
[PID] perf=7.030Hz  target=6.639Hz  err=-0.392Hz  corr=-8.87W  u_ff=84.3W  PCAP→78W  power=94.9W
[PID] perf=6.278Hz  target=6.639Hz  err=+0.361Hz  corr=+9.62W  u_ff=84.3W  PCAP→95W  power=76.7W
[PID] perf=7.018Hz  target=6.639Hz  err=-0.379Hz  corr=-8.67W  u_ff=84.3W  PCAP→78W  power=96.3W
[PID] perf=6.249Hz  target=6.639Hz  err=+0.390Hz  corr=+10.32W  u_ff=84.3W  PCAP→95W  power=77.9W
[PID] perf=6.976Hz  target=6.639Hz  err=-0.337Hz  corr=-7.51W  u_ff=84.3W  PCAP→78W  power=93.6W
[PID] perf=6.253Hz  target=6.639Hz  err=+0.386Hz  corr=+10.44W  u_ff=84.3W  PCAP→95W  power=77.1W
[PID] perf=7.006Hz  target=6.639Hz  err=-0.367Hz  corr=-8.09W  u_ff=84.3W  PCAP→78W  power=94.8W
[PID] perf=6.274Hz  target=6.639Hz  err=+0.364Hz  corr=+9.94W  u_ff=84.3W  PCAP→95W  power=77.7W
[PID] perf=6.994Hz  target=6.639Hz  err=-0.355Hz  corr=-7.78W  u_ff=84.3W  PCAP→78W  power=95.4W
[PID] perf=6.268Hz  target=6.639Hz  err=+0.371Hz  corr=+10.16W  u_ff=84.3W  PCAP→95W  power=78.3W
[PID] perf=7.005Hz  target=6.639Hz  err=-0.367Hz  corr=-8.02W  u_ff=84.3W  PCAP→78W  power=95.9W
[PID] perf=6.274Hz  target=6.639Hz  err=+0.365Hz  corr=+10.02W  u_ff=84.3W  PCAP→95W  power=78.4W
[PID] perf=6.997Hz  target=6.639Hz  err=-0.359Hz  corr=-7.81W  u_ff=84.3W  PCAP→78W  power=95.9W
[PID] perf=6.271Hz  target=6.639Hz  err=+0.367Hz  corr=+10.12W  u_ff=84.3W  PCAP→95W  power=77.0W
Process completed.
Compressed into /home/cc/summer2024/main_codes/pid_controller/../experiment_data/PID_Control/ones-npb-is/compressed_iteration_20260511_044014.tar
----------------------------------

>>> Step 9/10
  [auto target] max perf @ PCAP=159.6W = 8.298Hz  →  80% target = 6.639Hz

[ones-npb-is]
  target perf      : 6.6385 Hz
  coefficients_perf: [-0.0002928630053090073, 0.09346144861544026, 0.8415796304794382]
  feedforward PCAP : 84.29 W  →  83 W (snapped)
  Perf(u_ff) check : 6.6385 Hz  (should ≈ target)
  PID gains        : Kp=22.4258 W/Hz  Ki=2.24258 W/(Hz·s)  Kd=0.0000
[PID] perf=3.494Hz  target=6.639Hz  err=+3.145Hz  corr=+84.62W  u_ff=84.3W  PCAP→165W  power=nanW
[PID] perf=8.149Hz  target=6.639Hz  err=-1.511Hz  corr=-26.55W  u_ff=84.3W  PCAP→78W  power=160.6W
[PID] perf=6.182Hz  target=6.639Hz  err=+0.456Hz  corr=+19.60W  u_ff=84.3W  PCAP→101W  power=77.5W
[PID] perf=7.188Hz  target=6.639Hz  err=-0.550Hz  corr=-5.42W  u_ff=84.3W  PCAP→78W  power=99.8W
[PID] perf=6.282Hz  target=6.639Hz  err=+0.357Hz  corr=+16.51W  u_ff=84.3W  PCAP→101W  power=77.4W
[PID] perf=7.183Hz  target=6.639Hz  err=-0.545Hz  corr=-6.15W  u_ff=84.3W  PCAP→78W  power=99.7W
[PID] perf=6.271Hz  target=6.639Hz  err=+0.367Hz  corr=+15.95W  u_ff=84.3W  PCAP→101W  power=77.0W
[PID] perf=7.127Hz  target=6.639Hz  err=-0.489Hz  corr=-5.44W  u_ff=84.3W  PCAP→78W  power=99.6W
[PID] perf=6.250Hz  target=6.639Hz  err=+0.389Hz  corr=+15.99W  u_ff=84.3W  PCAP→101W  power=77.4W
[PID] perf=7.170Hz  target=6.639Hz  err=-0.531Hz  corr=-7.03W  u_ff=84.3W  PCAP→78W  power=101.6W
[PID] perf=6.248Hz  target=6.639Hz  err=+0.391Hz  corr=+15.40W  u_ff=84.3W  PCAP→101W  power=77.3W
[PID] perf=7.174Hz  target=6.639Hz  err=-0.536Hz  corr=-7.78W  u_ff=84.3W  PCAP→78W  power=101.6W
[PID] perf=6.261Hz  target=6.639Hz  err=+0.377Hz  corr=+14.39W  u_ff=84.3W  PCAP→101W  power=78.7W
[PID] perf=7.172Hz  target=6.639Hz  err=-0.534Hz  corr=-8.43W  u_ff=84.3W  PCAP→78W  power=101.4W
[PID] perf=6.253Hz  target=6.639Hz  err=+0.386Hz  corr=+13.91W  u_ff=84.3W  PCAP→101W  power=78.4W
[PID] perf=7.176Hz  target=6.639Hz  err=-0.538Hz  corr=-9.21W  u_ff=84.3W  PCAP→78W  power=100.4W
[PID] perf=6.251Hz  target=6.639Hz  err=+0.388Hz  corr=+13.29W  u_ff=84.3W  PCAP→95W  power=77.5W
[PID] perf=7.007Hz  target=6.639Hz  err=-0.368Hz  corr=-5.32W  u_ff=84.3W  PCAP→78W  power=94.6W
[PID] perf=6.254Hz  target=6.639Hz  err=+0.385Hz  corr=+13.30W  u_ff=84.3W  PCAP→95W  power=77.3W
[PID] perf=7.006Hz  target=6.639Hz  err=-0.367Hz  corr=-5.22W  u_ff=84.3W  PCAP→78W  power=95.7W
[PID] perf=6.244Hz  target=6.639Hz  err=+0.394Hz  corr=+13.63W  u_ff=84.3W  PCAP→95W  power=76.3W
[PID] perf=7.013Hz  target=6.639Hz  err=-0.375Hz  corr=-5.30W  u_ff=84.3W  PCAP→78W  power=94.6W
[PID] perf=6.248Hz  target=6.639Hz  err=+0.390Hz  corr=+13.60W  u_ff=84.3W  PCAP→95W  power=77.0W
[PID] perf=7.002Hz  target=6.639Hz  err=-0.364Hz  corr=-4.94W  u_ff=84.3W  PCAP→78W  power=93.3W
[PID] perf=6.241Hz  target=6.639Hz  err=+0.398Hz  corr=+13.92W  u_ff=84.3W  PCAP→101W  power=78.1W
[PID] perf=7.172Hz  target=6.639Hz  err=-0.534Hz  corr=-9.36W  u_ff=84.3W  PCAP→78W  power=100.8W
[PID] perf=6.245Hz  target=6.639Hz  err=+0.393Hz  corr=+13.19W  u_ff=84.3W  PCAP→95W  power=78.8W
[PID] perf=6.997Hz  target=6.639Hz  err=-0.358Hz  corr=-5.27W  u_ff=84.3W  PCAP→78W  power=95.7W
[PID] perf=6.239Hz  target=6.639Hz  err=+0.399Hz  corr=+13.52W  u_ff=84.3W  PCAP→95W  power=77.5W
[PID] perf=6.999Hz  target=6.639Hz  err=-0.361Hz  corr=-5.15W  u_ff=84.3W  PCAP→78W  power=94.7W
[PID] perf=6.240Hz  target=6.639Hz  err=+0.399Hz  corr=+13.68W  u_ff=84.3W  PCAP→95W  power=78.8W
[PID] perf=7.010Hz  target=6.639Hz  err=-0.371Hz  corr=-5.26W  u_ff=84.3W  PCAP→78W  power=93.4W
[PID] perf=6.254Hz  target=6.639Hz  err=+0.385Hz  corr=+13.42W  u_ff=84.3W  PCAP→95W  power=79.0W
[PID] perf=7.014Hz  target=6.639Hz  err=-0.376Hz  corr=-5.32W  u_ff=84.3W  PCAP→78W  power=95.8W
[PID] perf=6.245Hz  target=6.639Hz  err=+0.394Hz  corr=+13.70W  u_ff=84.3W  PCAP→95W  power=77.9W
[PID] perf=7.010Hz  target=6.639Hz  err=-0.371Hz  corr=-5.11W  u_ff=84.3W  PCAP→78W  power=94.8W
[PID] perf=6.246Hz  target=6.639Hz  err=+0.393Hz  corr=+13.78W  u_ff=84.3W  PCAP→101W  power=79.3W
[PID] perf=7.182Hz  target=6.639Hz  err=-0.543Hz  corr=-9.65W  u_ff=84.3W  PCAP→78W  power=100.6W
[PID] perf=6.251Hz  target=6.639Hz  err=+0.388Hz  corr=+12.96W  u_ff=84.3W  PCAP→95W  power=76.9W
[PID] perf=6.979Hz  target=6.639Hz  err=-0.340Hz  corr=-4.89W  u_ff=84.3W  PCAP→78W  power=94.6W
[PID] perf=6.239Hz  target=6.639Hz  err=+0.400Hz  corr=+13.51W  u_ff=84.3W  PCAP→95W  power=78.7W
[PID] perf=6.979Hz  target=6.639Hz  err=-0.340Hz  corr=-4.62W  u_ff=84.3W  PCAP→78W  power=94.7W
[PID] perf=6.248Hz  target=6.639Hz  err=+0.390Hz  corr=+13.51W  u_ff=84.3W  PCAP→95W  power=78.7W
[PID] perf=6.978Hz  target=6.639Hz  err=-0.340Hz  corr=-4.38W  u_ff=84.3W  PCAP→78W  power=95.0W
[PID] perf=6.239Hz  target=6.639Hz  err=+0.399Hz  corr=+13.99W  u_ff=84.3W  PCAP→101W  power=77.4W
[PID] perf=7.130Hz  target=6.639Hz  err=-0.492Hz  corr=-8.20W  u_ff=84.3W  PCAP→78W  power=99.5W
[PID] perf=6.242Hz  target=6.639Hz  err=+0.397Hz  corr=+13.50W  u_ff=84.3W  PCAP→95W  power=76.8W
[PID] perf=6.978Hz  target=6.639Hz  err=-0.340Hz  corr=-4.53W  u_ff=84.3W  PCAP→78W  power=94.6W
[PID] perf=6.234Hz  target=6.639Hz  err=+0.404Hz  corr=+13.96W  u_ff=84.3W  PCAP→101W  power=77.5W
[PID] perf=7.072Hz  target=6.639Hz  err=-0.433Hz  corr=-6.76W  u_ff=84.3W  PCAP→78W  power=101.9W
[PID] perf=6.199Hz  target=6.639Hz  err=+0.439Hz  corr=+14.77W  u_ff=84.3W  PCAP→101W  power=78.6W
[PID] perf=7.069Hz  target=6.639Hz  err=-0.430Hz  corr=-6.66W  u_ff=84.3W  PCAP→78W  power=100.6W
[PID] perf=6.205Hz  target=6.639Hz  err=+0.434Hz  corr=+14.66W  u_ff=84.3W  PCAP→101W  power=78.6W
[PID] perf=7.073Hz  target=6.639Hz  err=-0.434Hz  corr=-6.75W  u_ff=84.3W  PCAP→78W  power=99.9W
[PID] perf=6.194Hz  target=6.639Hz  err=+0.444Hz  corr=+14.94W  u_ff=84.3W  PCAP→101W  power=76.9W
[PID] perf=7.075Hz  target=6.639Hz  err=-0.436Hz  corr=-6.76W  u_ff=84.3W  PCAP→78W  power=99.4W
[PID] perf=6.190Hz  target=6.639Hz  err=+0.449Hz  corr=+15.11W  u_ff=84.3W  PCAP→101W  power=79.0W
[PID] perf=7.066Hz  target=6.639Hz  err=-0.427Hz  corr=-6.46W  u_ff=84.3W  PCAP→78W  power=100.7W
[PID] perf=6.193Hz  target=6.639Hz  err=+0.446Hz  corr=+15.11W  u_ff=84.3W  PCAP→101W  power=77.9W
[PID] perf=7.062Hz  target=6.639Hz  err=-0.424Hz  corr=-6.28W  u_ff=84.3W  PCAP→78W  power=102.9W
[PID] perf=6.200Hz  target=6.639Hz  err=+0.439Hz  corr=+15.02W  u_ff=84.3W  PCAP→101W  power=76.8W
[PID] perf=7.072Hz  target=6.639Hz  err=-0.434Hz  corr=-6.49W  u_ff=84.3W  PCAP→78W  power=100.8W
[PID] perf=6.198Hz  target=6.639Hz  err=+0.440Hz  corr=+15.09W  u_ff=84.3W  PCAP→101W  power=79.2W
[PID] perf=7.065Hz  target=6.639Hz  err=-0.426Hz  corr=-6.25W  u_ff=84.3W  PCAP→78W  power=102.2W
[PID] perf=6.194Hz  target=6.639Hz  err=+0.445Hz  corr=+15.27W  u_ff=84.3W  PCAP→101W  power=78.0W
[PID] perf=7.065Hz  target=6.639Hz  err=-0.427Hz  corr=-6.19W  u_ff=84.3W  PCAP→78W  power=101.7W
[PID] perf=6.193Hz  target=6.639Hz  err=+0.446Hz  corr=+15.38W  u_ff=84.3W  PCAP→101W  power=78.1W
[PID] perf=7.062Hz  target=6.639Hz  err=-0.424Hz  corr=-6.01W  u_ff=84.3W  PCAP→78W  power=100.8W
[PID] perf=6.195Hz  target=6.639Hz  err=+0.443Hz  corr=+15.41W  u_ff=84.3W  PCAP→101W  power=77.6W
[PID] perf=7.058Hz  target=6.639Hz  err=-0.420Hz  corr=-5.82W  u_ff=84.3W  PCAP→78W  power=99.9W
[PID] perf=6.185Hz  target=6.639Hz  err=+0.453Hz  corr=+15.79W  u_ff=84.3W  PCAP→101W  power=77.7W
[PID] perf=7.068Hz  target=6.639Hz  err=-0.429Hz  corr=-5.93W  u_ff=84.3W  PCAP→78W  power=99.8W
[PID] perf=6.195Hz  target=6.639Hz  err=+0.444Hz  corr=+15.64W  u_ff=84.3W  PCAP→101W  power=76.6W
[PID] perf=7.060Hz  target=6.639Hz  err=-0.422Hz  corr=-5.66W  u_ff=84.3W  PCAP→78W  power=100.0W
[PID] perf=6.190Hz  target=6.639Hz  err=+0.449Hz  corr=+15.87W  u_ff=84.3W  PCAP→101W  power=77.3W
Process completed.
Compressed into /home/cc/summer2024/main_codes/pid_controller/../experiment_data/PID_Control/ones-npb-is/compressed_iteration_20260511_044245.tar
----------------------------------

>>> Step 10/10
  [auto target] max perf @ PCAP=159.6W = 8.298Hz  →  80% target = 6.639Hz

[ones-npb-is]
  target perf      : 6.6385 Hz
  coefficients_perf: [-0.0002928630053090073, 0.09346144861544026, 0.8415796304794382]
  feedforward PCAP : 84.29 W  →  83 W (snapped)
  Perf(u_ff) check : 6.6385 Hz  (should ≈ target)
  PID gains        : Kp=22.4258 W/Hz  Ki=2.24258 W/(Hz·s)  Kd=0.0000
[PID] perf=3.623Hz  target=6.639Hz  err=+3.015Hz  corr=+81.14W  u_ff=84.3W  PCAP→165W  power=nanW
[PID] perf=8.337Hz  target=6.639Hz  err=-1.698Hz  corr=-32.18W  u_ff=84.3W  PCAP→78W  power=156.3W
[PID] perf=6.277Hz  target=6.639Hz  err=+0.361Hz  corr=+15.63W  u_ff=84.3W  PCAP→101W  power=76.5W
[PID] perf=7.234Hz  target=6.639Hz  err=-0.596Hz  corr=-8.51W  u_ff=84.3W  PCAP→78W  power=99.4W
[PID] perf=6.272Hz  target=6.639Hz  err=+0.366Hz  corr=+14.71W  u_ff=84.3W  PCAP→101W  power=78.5W
[PID] perf=7.260Hz  target=6.639Hz  err=-0.621Hz  corr=-10.22W  u_ff=84.3W  PCAP→78W  power=100.1W
[PID] perf=6.278Hz  target=6.639Hz  err=+0.361Hz  corr=+13.42W  u_ff=84.3W  PCAP→95W  power=76.9W
[PID] perf=7.073Hz  target=6.639Hz  err=-0.435Hz  corr=-6.37W  u_ff=84.3W  PCAP→78W  power=96.4W
[PID] perf=6.285Hz  target=6.639Hz  err=+0.353Hz  corr=+12.89W  u_ff=84.3W  PCAP→95W  power=78.5W
[PID] perf=7.022Hz  target=6.639Hz  err=-0.383Hz  corr=-5.34W  u_ff=84.3W  PCAP→78W  power=95.0W
[PID] perf=6.244Hz  target=6.639Hz  err=+0.394Hz  corr=+13.86W  u_ff=84.3W  PCAP→101W  power=77.9W
[PID] perf=7.148Hz  target=6.639Hz  err=-0.510Hz  corr=-8.70W  u_ff=84.3W  PCAP→78W  power=100.3W
[PID] perf=6.247Hz  target=6.639Hz  err=+0.392Hz  corr=+13.27W  u_ff=84.3W  PCAP→95W  power=78.4W
[PID] perf=6.979Hz  target=6.639Hz  err=-0.341Hz  corr=-4.68W  u_ff=84.3W  PCAP→78W  power=95.1W
[PID] perf=6.249Hz  target=6.639Hz  err=+0.389Hz  corr=+13.43W  u_ff=84.3W  PCAP→95W  power=77.1W
[PID] perf=6.984Hz  target=6.639Hz  err=-0.346Hz  corr=-4.60W  u_ff=84.3W  PCAP→78W  power=94.1W
[PID] perf=6.250Hz  target=6.639Hz  err=+0.389Hz  corr=+13.61W  u_ff=84.3W  PCAP→95W  power=76.9W
[PID] perf=6.985Hz  target=6.639Hz  err=-0.346Hz  corr=-4.42W  u_ff=84.3W  PCAP→78W  power=95.8W
[PID] perf=6.244Hz  target=6.639Hz  err=+0.395Hz  corr=+13.97W  u_ff=84.3W  PCAP→101W  power=78.1W
[PID] perf=7.148Hz  target=6.639Hz  err=-0.509Hz  corr=-8.59W  u_ff=84.3W  PCAP→78W  power=99.8W
[PID] perf=6.251Hz  target=6.639Hz  err=+0.388Hz  corr=+13.27W  u_ff=84.3W  PCAP→95W  power=77.0W
[PID] perf=6.986Hz  target=6.639Hz  err=-0.347Hz  corr=-4.78W  u_ff=84.3W  PCAP→78W  power=94.1W
[PID] perf=6.249Hz  target=6.639Hz  err=+0.389Hz  corr=+13.48W  u_ff=84.3W  PCAP→95W  power=77.6W
[PID] perf=6.982Hz  target=6.639Hz  err=-0.343Hz  corr=-4.47W  u_ff=84.3W  PCAP→78W  power=94.8W
[PID] perf=6.244Hz  target=6.639Hz  err=+0.395Hz  corr=+13.85W  u_ff=84.3W  PCAP→101W  power=78.8W
[PID] perf=7.148Hz  target=6.639Hz  err=-0.510Hz  corr=-8.73W  u_ff=84.3W  PCAP→78W  power=101.2W
[PID] perf=6.252Hz  target=6.639Hz  err=+0.387Hz  corr=+13.11W  u_ff=84.3W  PCAP→95W  power=78.1W
[PID] perf=6.985Hz  target=6.639Hz  err=-0.347Hz  corr=-4.89W  u_ff=84.3W  PCAP→78W  power=96.4W
[PID] perf=6.253Hz  target=6.639Hz  err=+0.385Hz  corr=+13.26W  u_ff=84.3W  PCAP→95W  power=79.3W
[PID] perf=6.983Hz  target=6.639Hz  err=-0.344Hz  corr=-4.65W  u_ff=84.3W  PCAP→78W  power=95.8W
[PID] perf=6.246Hz  target=6.639Hz  err=+0.393Hz  corr=+13.64W  u_ff=84.3W  PCAP→95W  power=76.7W
[PID] perf=6.986Hz  target=6.639Hz  err=-0.347Hz  corr=-4.51W  u_ff=84.3W  PCAP→78W  power=95.7W
[PID] perf=6.247Hz  target=6.639Hz  err=+0.392Hz  corr=+13.81W  u_ff=84.3W  PCAP→101W  power=78.4W
[PID] perf=7.142Hz  target=6.639Hz  err=-0.504Hz  corr=-8.53W  u_ff=84.3W  PCAP→78W  power=100.6W
[PID] perf=6.254Hz  target=6.639Hz  err=+0.385Hz  corr=+13.13W  u_ff=84.3W  PCAP→95W  power=78.7W
[PID] perf=6.993Hz  target=6.639Hz  err=-0.354Hz  corr=-5.03W  u_ff=84.3W  PCAP→78W  power=93.7W
[PID] perf=6.248Hz  target=6.639Hz  err=+0.390Hz  corr=+13.41W  u_ff=84.3W  PCAP→95W  power=76.8W
[PID] perf=6.987Hz  target=6.639Hz  err=-0.349Hz  corr=-4.72W  u_ff=84.3W  PCAP→78W  power=95.4W
[PID] perf=6.244Hz  target=6.639Hz  err=+0.394Hz  corr=+13.70W  u_ff=84.3W  PCAP→95W  power=77.7W
[PID] perf=6.978Hz  target=6.639Hz  err=-0.339Hz  corr=-4.26W  u_ff=84.3W  PCAP→78W  power=94.1W
[PID] perf=6.242Hz  target=6.639Hz  err=+0.397Hz  corr=+14.02W  u_ff=84.3W  PCAP→101W  power=78.8W
[PID] perf=7.145Hz  target=6.639Hz  err=-0.506Hz  corr=-8.50W  u_ff=84.3W  PCAP→78W  power=99.4W
[PID] perf=6.254Hz  target=6.639Hz  err=+0.385Hz  corr=+13.21W  u_ff=84.3W  PCAP→95W  power=78.8W
[PID] perf=6.987Hz  target=6.639Hz  err=-0.348Hz  corr=-4.80W  u_ff=84.3W  PCAP→78W  power=95.1W
[PID] perf=6.248Hz  target=6.639Hz  err=+0.391Hz  corr=+13.54W  u_ff=84.3W  PCAP→95W  power=77.1W
[PID] perf=6.983Hz  target=6.639Hz  err=-0.345Hz  corr=-4.51W  u_ff=84.3W  PCAP→78W  power=95.3W
[PID] perf=6.250Hz  target=6.639Hz  err=+0.389Hz  corr=+13.68W  u_ff=84.3W  PCAP→95W  power=76.7W
[PID] perf=6.983Hz  target=6.639Hz  err=-0.344Hz  corr=-4.30W  u_ff=84.3W  PCAP→78W  power=95.1W
[PID] perf=6.248Hz  target=6.639Hz  err=+0.391Hz  corr=+13.93W  u_ff=84.3W  PCAP→101W  power=76.7W
[PID] perf=7.140Hz  target=6.639Hz  err=-0.502Hz  corr=-8.33W  u_ff=84.3W  PCAP→78W  power=102.5W
[PID] perf=6.251Hz  target=6.639Hz  err=+0.388Hz  corr=+13.35W  u_ff=84.3W  PCAP→95W  power=77.5W
[PID] perf=6.935Hz  target=6.639Hz  err=-0.297Hz  corr=-3.33W  u_ff=84.3W  PCAP→83W  power=94.8W
[PID] perf=6.342Hz  target=6.639Hz  err=+0.297Hz  corr=+11.31W  u_ff=84.3W  PCAP→95W  power=81.3W
[PID] perf=6.791Hz  target=6.639Hz  err=-0.153Hz  corr=+0.55W  u_ff=84.3W  PCAP→83W  power=94.3W
[PID] perf=6.374Hz  target=6.639Hz  err=+0.265Hz  corr=+11.10W  u_ff=84.3W  PCAP→95W  power=82.1W
[PID] perf=7.003Hz  target=6.639Hz  err=-0.364Hz  corr=-4.64W  u_ff=84.3W  PCAP→78W  power=93.8W
[PID] perf=6.235Hz  target=6.639Hz  err=+0.403Hz  corr=+14.39W  u_ff=84.3W  PCAP→101W  power=76.4W
[PID] perf=7.165Hz  target=6.639Hz  err=-0.526Hz  corr=-8.82W  u_ff=84.3W  PCAP→78W  power=101.9W
[PID] perf=6.266Hz  target=6.639Hz  err=+0.372Hz  corr=+12.99W  u_ff=84.3W  PCAP→95W  power=79.1W
[PID] perf=7.000Hz  target=6.639Hz  err=-0.362Hz  corr=-5.08W  u_ff=84.3W  PCAP→78W  power=94.3W
[PID] perf=6.261Hz  target=6.639Hz  err=+0.377Hz  corr=+13.17W  u_ff=84.3W  PCAP→95W  power=76.4W
[PID] perf=6.999Hz  target=6.639Hz  err=-0.360Hz  corr=-4.97W  u_ff=84.3W  PCAP→78W  power=95.2W
[PID] perf=6.265Hz  target=6.639Hz  err=+0.374Hz  corr=+13.16W  u_ff=84.3W  PCAP→95W  power=77.6W
[PID] perf=7.002Hz  target=6.639Hz  err=-0.363Hz  corr=-5.00W  u_ff=84.3W  PCAP→78W  power=93.6W
[PID] perf=6.266Hz  target=6.639Hz  err=+0.373Hz  corr=+13.19W  u_ff=84.3W  PCAP→95W  power=77.7W
[PID] perf=7.004Hz  target=6.639Hz  err=-0.365Hz  corr=-5.00W  u_ff=84.3W  PCAP→78W  power=95.2W
[PID] perf=6.270Hz  target=6.639Hz  err=+0.368Hz  corr=+13.09W  u_ff=84.3W  PCAP→95W  power=77.7W
[PID] perf=7.008Hz  target=6.639Hz  err=-0.369Hz  corr=-5.10W  u_ff=84.3W  PCAP→78W  power=96.0W
[PID] perf=6.268Hz  target=6.639Hz  err=+0.370Hz  corr=+13.14W  u_ff=84.3W  PCAP→95W  power=77.1W
[PID] perf=7.002Hz  target=6.639Hz  err=-0.363Hz  corr=-4.94W  u_ff=84.3W  PCAP→78W  power=93.9W
[PID] perf=6.272Hz  target=6.639Hz  err=+0.366Hz  corr=+13.07W  u_ff=84.3W  PCAP→95W  power=77.9W
[PID] perf=7.003Hz  target=6.639Hz  err=-0.364Hz  corr=-4.95W  u_ff=84.3W  PCAP→78W  power=94.2W
[PID] perf=6.267Hz  target=6.639Hz  err=+0.372Hz  corr=+13.23W  u_ff=84.3W  PCAP→95W  power=78.6W
[PID] perf=7.003Hz  target=6.639Hz  err=-0.365Hz  corr=-4.93W  u_ff=84.3W  PCAP→78W  power=94.1W
[PID] perf=6.271Hz  target=6.639Hz  err=+0.367Hz  corr=+13.13W  u_ff=84.3W  PCAP→95W  power=79.0W
[PID] perf=7.004Hz  target=6.639Hz  err=-0.365Hz  corr=-4.93W  u_ff=84.3W  PCAP→78W  power=94.1W
Process completed.
Compressed into /home/cc/summer2024/main_codes/pid_controller/../experiment_data/PID_Control/ones-npb-is/compressed_iteration_20260511_044516.tar
----------------------------------
