
>>> Step 1/3

[ones-npb-cg]
  target perf      : 8.8328 Hz
  coefficients_perf: [-0.0006547837485238978, 0.18607436314256556, -1.8317688501798497]
  feedforward PCAP : 79.62 W  →  78 W (snapped)
  Perf(u_ff) check : 8.8328 Hz  (should ≈ target)
  PID gains        : Kp=18.5447 W/Hz  Ki=1.85447 W/(Hz·s)  Kd=0.0000
[PID] Awaiting data — feedforward PCAP=78W
[PID] Awaiting data — feedforward PCAP=78W
[PID] Awaiting data — feedforward PCAP=78W
[PID] Awaiting data — feedforward PCAP=78W
[PID] Awaiting data — feedforward PCAP=78W
[PID] Awaiting data — feedforward PCAP=78W
[PID] perf=17.910Hz  target=8.833Hz  err=-9.078Hz  corr=-202.01W  u_ff=79.6W  PCAP→78W  power=nanW
[PID] perf=18.013Hz  target=8.833Hz  err=-9.180Hz  corr=-210.24W  u_ff=79.6W  PCAP→78W  power=nanW
[PID] perf=18.059Hz  target=8.833Hz  err=-9.227Hz  corr=-211.11W  u_ff=79.6W  PCAP→78W  power=nanW
[PID] perf=18.012Hz  target=8.833Hz  err=-9.179Hz  corr=-210.22W  u_ff=79.6W  PCAP→78W  power=nanW
[PID] perf=18.043Hz  target=8.833Hz  err=-9.210Hz  corr=-210.79W  u_ff=79.6W  PCAP→78W  power=nanW
[PID] perf=18.030Hz  target=8.833Hz  err=-9.198Hz  corr=-210.57W  u_ff=79.6W  PCAP→78W  power=nanW
[PID] perf=18.040Hz  target=8.833Hz  err=-9.207Hz  corr=-210.74W  u_ff=79.6W  PCAP→78W  power=nanW
[PID] perf=18.043Hz  target=8.833Hz  err=-9.210Hz  corr=-210.79W  u_ff=79.6W  PCAP→78W  power=nanW
[PID] perf=18.032Hz  target=8.833Hz  err=-9.200Hz  corr=-210.60W  u_ff=79.6W  PCAP→78W  power=nanW
[PID] perf=18.002Hz  target=8.833Hz  err=-9.169Hz  corr=-210.04W  u_ff=79.6W  PCAP→78W  power=nanW
[PID] perf=18.045Hz  target=8.833Hz  err=-9.213Hz  corr=-210.84W  u_ff=79.6W  PCAP→78W  power=nanW
[PID] perf=18.029Hz  target=8.833Hz  err=-9.196Hz  corr=-210.54W  u_ff=79.6W  PCAP→78W  power=78.3W
[PID] perf=18.047Hz  target=8.833Hz  err=-9.214Hz  corr=-210.87W  u_ff=79.6W  PCAP→78W  power=nanW
[PID] perf=18.041Hz  target=8.833Hz  err=-9.208Hz  corr=-210.77W  u_ff=79.6W  PCAP→78W  power=nanW
[PID] perf=18.045Hz  target=8.833Hz  err=-9.212Hz  corr=-210.83W  u_ff=79.6W  PCAP→78W  power=nanW
[PID] perf=18.041Hz  target=8.833Hz  err=-9.208Hz  corr=-210.76W  u_ff=79.6W  PCAP→78W  power=nanW
[PID] perf=18.020Hz  target=8.833Hz  err=-9.187Hz  corr=-210.38W  u_ff=79.6W  PCAP→78W  power=nanW
[PID] perf=18.044Hz  target=8.833Hz  err=-9.211Hz  corr=-210.82W  u_ff=79.6W  PCAP→78W  power=nanW
[PID] perf=18.056Hz  target=8.833Hz  err=-9.223Hz  corr=-211.04W  u_ff=79.6W  PCAP→78W  power=nanW
[PID] perf=18.043Hz  target=8.833Hz  err=-9.210Hz  corr=-210.80W  u_ff=79.6W  PCAP→78W  power=nanW
[PID] perf=18.006Hz  target=8.833Hz  err=-9.173Hz  corr=-210.12W  u_ff=79.6W  PCAP→78W  power=nanW
[PID] perf=18.046Hz  target=8.833Hz  err=-9.213Hz  corr=-210.86W  u_ff=79.6W  PCAP→78W  power=nanW
[PID] perf=18.047Hz  target=8.833Hz  err=-9.214Hz  corr=-210.88W  u_ff=79.6W  PCAP→78W  power=nanW
[PID] perf=18.065Hz  target=8.833Hz  err=-9.232Hz  corr=-211.21W  u_ff=79.6W  PCAP→78W  power=nanW
[PID] perf=18.024Hz  target=8.833Hz  err=-9.191Hz  corr=-210.44W  u_ff=79.6W  PCAP→78W  power=nanW
[PID] perf=18.024Hz  target=8.833Hz  err=-9.191Hz  corr=-210.45W  u_ff=79.6W  PCAP→78W  power=nanW
[PID] perf=18.041Hz  target=8.833Hz  err=-9.208Hz  corr=-210.77W  u_ff=79.6W  PCAP→78W  power=nanW
[PID] perf=18.021Hz  target=8.833Hz  err=-9.188Hz  corr=-210.38W  u_ff=79.6W  PCAP→78W  power=nanW
[PID] perf=18.037Hz  target=8.833Hz  err=-9.204Hz  corr=-210.68W  u_ff=79.6W  PCAP→78W  power=nanW
[PID] perf=18.055Hz  target=8.833Hz  err=-9.222Hz  corr=-211.02W  u_ff=79.6W  PCAP→78W  power=nanW
[PID] perf=18.037Hz  target=8.833Hz  err=-9.205Hz  corr=-210.69W  u_ff=79.6W  PCAP→78W  power=nanW
[PID] perf=18.055Hz  target=8.833Hz  err=-9.222Hz  corr=-211.01W  u_ff=79.6W  PCAP→78W  power=nanW
[PID] perf=18.027Hz  target=8.833Hz  err=-9.194Hz  corr=-210.51W  u_ff=79.6W  PCAP→78W  power=nanW
[PID] perf=18.023Hz  target=8.833Hz  err=-9.191Hz  corr=-210.44W  u_ff=79.6W  PCAP→78W  power=nanW
[PID] perf=18.024Hz  target=8.833Hz  err=-9.191Hz  corr=-210.44W  u_ff=79.6W  PCAP→78W  power=nanW
[PID] perf=18.034Hz  target=8.833Hz  err=-9.201Hz  corr=-210.64W  u_ff=79.6W  PCAP→78W  power=nanW
[PID] perf=18.041Hz  target=8.833Hz  err=-9.208Hz  corr=-210.75W  u_ff=79.6W  PCAP→78W  power=nanW
[PID] perf=18.060Hz  target=8.833Hz  err=-9.227Hz  corr=-211.11W  u_ff=79.6W  PCAP→78W  power=nanW
[PID] perf=18.001Hz  target=8.833Hz  err=-9.168Hz  corr=-210.02W  u_ff=79.6W  PCAP→78W  power=nanW
[PID] perf=18.017Hz  target=8.833Hz  err=-9.184Hz  corr=-210.32W  u_ff=79.6W  PCAP→78W  power=nanW
[PID] perf=18.026Hz  target=8.833Hz  err=-9.193Hz  corr=-210.48W  u_ff=79.6W  PCAP→78W  power=nanW
[PID] perf=18.029Hz  target=8.833Hz  err=-9.197Hz  corr=-210.55W  u_ff=79.6W  PCAP→78W  power=nanW
[PID] perf=18.034Hz  target=8.833Hz  err=-9.201Hz  corr=-210.63W  u_ff=79.6W  PCAP→78W  power=nanW
[PID] perf=18.043Hz  target=8.833Hz  err=-9.210Hz  corr=-210.79W  u_ff=79.6W  PCAP→78W  power=nanW
[PID] perf=18.046Hz  target=8.833Hz  err=-9.214Hz  corr=-210.86W  u_ff=79.6W  PCAP→78W  power=nanW
[PID] perf=18.042Hz  target=8.833Hz  err=-9.209Hz  corr=-210.77W  u_ff=79.6W  PCAP→78W  power=nanW
[PID] perf=18.023Hz  target=8.833Hz  err=-9.191Hz  corr=-210.44W  u_ff=79.6W  PCAP→78W  power=nanW
[PID] perf=18.030Hz  target=8.833Hz  err=-9.197Hz  corr=-210.55W  u_ff=79.6W  PCAP→78W  power=nanW
[PID] perf=18.021Hz  target=8.833Hz  err=-9.188Hz  corr=-210.39W  u_ff=79.6W  PCAP→78W  power=nanW
[PID] perf=18.034Hz  target=8.833Hz  err=-9.201Hz  corr=-210.63W  u_ff=79.6W  PCAP→78W  power=nanW
[PID] perf=18.023Hz  target=8.833Hz  err=-9.190Hz  corr=-210.42W  u_ff=79.6W  PCAP→78W  power=nanW
[PID] perf=18.031Hz  target=8.833Hz  err=-9.198Hz  corr=-210.57W  u_ff=79.6W  PCAP→78W  power=nanW
[PID] perf=18.032Hz  target=8.833Hz  err=-9.199Hz  corr=-210.60W  u_ff=79.6W  PCAP→78W  power=nanW
[PID] perf=18.049Hz  target=8.833Hz  err=-9.216Hz  corr=-210.91W  u_ff=79.6W  PCAP→78W  power=nanW
[PID] perf=18.035Hz  target=8.833Hz  err=-9.203Hz  corr=-210.66W  u_ff=79.6W  PCAP→78W  power=nanW
[PID] perf=18.041Hz  target=8.833Hz  err=-9.209Hz  corr=-210.77W  u_ff=79.6W  PCAP→78W  power=nanW
[PID] perf=18.045Hz  target=8.833Hz  err=-9.212Hz  corr=-210.83W  u_ff=79.6W  PCAP→78W  power=nanW
[PID] perf=18.037Hz  target=8.833Hz  err=-9.204Hz  corr=-210.69W  u_ff=79.6W  PCAP→78W  power=nanW
[PID] perf=18.025Hz  target=8.833Hz  err=-9.193Hz  corr=-210.47W  u_ff=79.6W  PCAP→78W  power=nanW
[PID] perf=18.052Hz  target=8.833Hz  err=-9.219Hz  corr=-210.97W  u_ff=79.6W  PCAP→78W  power=nanW
[PID] perf=18.047Hz  target=8.833Hz  err=-9.214Hz  corr=-210.87W  u_ff=79.6W  PCAP→78W  power=nanW
[PID] perf=18.050Hz  target=8.833Hz  err=-9.217Hz  corr=-210.93W  u_ff=79.6W  PCAP→78W  power=nanW
[PID] perf=18.052Hz  target=8.833Hz  err=-9.219Hz  corr=-210.97W  u_ff=79.6W  PCAP→78W  power=nanW
[PID] perf=18.047Hz  target=8.833Hz  err=-9.215Hz  corr=-210.88W  u_ff=79.6W  PCAP→78W  power=nanW
[PID] perf=18.043Hz  target=8.833Hz  err=-9.211Hz  corr=-210.81W  u_ff=79.6W  PCAP→78W  power=nanW
[PID] perf=18.051Hz  target=8.833Hz  err=-9.218Hz  corr=-210.95W  u_ff=79.6W  PCAP→78W  power=nanW
[PID] perf=18.028Hz  target=8.833Hz  err=-9.195Hz  corr=-210.52W  u_ff=79.6W  PCAP→78W  power=76.4W
[PID] perf=18.068Hz  target=8.833Hz  err=-9.235Hz  corr=-211.26W  u_ff=79.6W  PCAP→78W  power=nanW
[PID] perf=18.061Hz  target=8.833Hz  err=-9.228Hz  corr=-211.13W  u_ff=79.6W  PCAP→78W  power=nanW
[PID] perf=18.063Hz  target=8.833Hz  err=-9.230Hz  corr=-211.17W  u_ff=79.6W  PCAP→78W  power=nanW
[PID] perf=18.060Hz  target=8.833Hz  err=-9.227Hz  corr=-211.11W  u_ff=79.6W  PCAP→78W  power=nanW
[PID] perf=18.052Hz  target=8.833Hz  err=-9.220Hz  corr=-210.97W  u_ff=79.6W  PCAP→78W  power=77.6W
[PID] perf=18.046Hz  target=8.833Hz  err=-9.213Hz  corr=-210.85W  u_ff=79.6W  PCAP→78W  power=nanW
[PID] perf=18.071Hz  target=8.833Hz  err=-9.238Hz  corr=-211.32W  u_ff=79.6W  PCAP→78W  power=78.7W
[PID] perf=18.071Hz  target=8.833Hz  err=-9.238Hz  corr=-211.32W  u_ff=79.6W  PCAP→78W  power=nanW
[PID] perf=18.061Hz  target=8.833Hz  err=-9.229Hz  corr=-211.14W  u_ff=79.6W  PCAP→78W  power=nanW
[PID] perf=18.034Hz  target=8.833Hz  err=-9.202Hz  corr=-210.64W  u_ff=79.6W  PCAP→78W  power=nanW
[PID] perf=18.052Hz  target=8.833Hz  err=-9.219Hz  corr=-210.97W  u_ff=79.6W  PCAP→78W  power=nanW
[PID] perf=18.031Hz  target=8.833Hz  err=-9.198Hz  corr=-210.57W  u_ff=79.6W  PCAP→78W  power=nanW
[PID] perf=18.064Hz  target=8.833Hz  err=-9.231Hz  corr=-211.19W  u_ff=79.6W  PCAP→78W  power=nanW
[PID] perf=18.068Hz  target=8.833Hz  err=-9.235Hz  corr=-211.26W  u_ff=79.6W  PCAP→78W  power=nanW
[PID] perf=18.057Hz  target=8.833Hz  err=-9.224Hz  corr=-211.06W  u_ff=79.6W  PCAP→78W  power=nanW
[PID] perf=18.053Hz  target=8.833Hz  err=-9.220Hz  corr=-210.98W  u_ff=79.6W  PCAP→78W  power=nanW
[PID] perf=18.075Hz  target=8.833Hz  err=-9.243Hz  corr=-211.40W  u_ff=79.6W  PCAP→78W  power=nanW
[PID] perf=18.049Hz  target=8.833Hz  err=-9.216Hz  corr=-210.90W  u_ff=79.6W  PCAP→78W  power=nanW
[PID] perf=18.058Hz  target=8.833Hz  err=-9.225Hz  corr=-211.07W  u_ff=79.6W  PCAP→78W  power=nanW
[PID] perf=18.048Hz  target=8.833Hz  err=-9.215Hz  corr=-210.89W  u_ff=79.6W  PCAP→78W  power=nanW
[PID] perf=18.041Hz  target=8.833Hz  err=-9.208Hz  corr=-210.77W  u_ff=79.6W  PCAP→78W  power=nanW
[PID] perf=18.044Hz  target=8.833Hz  err=-9.211Hz  corr=-210.82W  u_ff=79.6W  PCAP→78W  power=nanW
[PID] perf=18.046Hz  target=8.833Hz  err=-9.214Hz  corr=-210.86W  u_ff=79.6W  PCAP→78W  power=nanW
[PID] perf=18.081Hz  target=8.833Hz  err=-9.248Hz  corr=-211.50W  u_ff=79.6W  PCAP→78W  power=nanW
[PID] perf=18.032Hz  target=8.833Hz  err=-9.199Hz  corr=-210.59W  u_ff=79.6W  PCAP→78W  power=nanW
[PID] perf=18.031Hz  target=8.833Hz  err=-9.198Hz  corr=-210.57W  u_ff=79.6W  PCAP→78W  power=77.8W
[PID] perf=18.016Hz  target=8.833Hz  err=-9.183Hz  corr=-210.29W  u_ff=79.6W  PCAP→78W  power=nanW
[PID] perf=18.013Hz  target=8.833Hz  err=-9.180Hz  corr=-210.24W  u_ff=79.6W  PCAP→78W  power=nanW
[PID] perf=18.032Hz  target=8.833Hz  err=-9.199Hz  corr=-210.59W  u_ff=79.6W  PCAP→78W  power=nanW
[PID] perf=18.052Hz  target=8.833Hz  err=-9.219Hz  corr=-210.96W  u_ff=79.6W  PCAP→78W  power=nanW
[PID] perf=18.064Hz  target=8.833Hz  err=-9.232Hz  corr=-211.20W  u_ff=79.6W  PCAP→78W  power=nanW
[PID] perf=18.065Hz  target=8.833Hz  err=-9.232Hz  corr=-211.20W  u_ff=79.6W  PCAP→78W  power=nanW
[PID] perf=18.081Hz  target=8.833Hz  err=-9.248Hz  corr=-211.50W  u_ff=79.6W  PCAP→78W  power=nanW
[PID] perf=24.370Hz  target=8.833Hz  err=-15.538Hz  corr=-328.14W  u_ff=79.6W  PCAP→78W  power=nanW
[PID] perf=29.152Hz  target=8.833Hz  err=-20.319Hz  corr=-416.81W  u_ff=79.6W  PCAP→78W  power=77.7W
[PID] perf=29.280Hz  target=8.833Hz  err=-20.448Hz  corr=-419.19W  u_ff=79.6W  PCAP→78W  power=nanW
[PID] perf=29.298Hz  target=8.833Hz  err=-20.465Hz  corr=-419.53W  u_ff=79.6W  PCAP→78W  power=nanW
[PID] perf=29.264Hz  target=8.833Hz  err=-20.432Hz  corr=-418.90W  u_ff=79.6W  PCAP→78W  power=nanW
[PID] perf=29.292Hz  target=8.833Hz  err=-20.459Hz  corr=-419.40W  u_ff=79.6W  PCAP→78W  power=nanW
[PID] perf=29.280Hz  target=8.833Hz  err=-20.447Hz  corr=-419.19W  u_ff=79.6W  PCAP→78W  power=nanW
[PID] perf=29.297Hz  target=8.833Hz  err=-20.464Hz  corr=-419.51W  u_ff=79.6W  PCAP→78W  power=nanW
[PID] perf=29.277Hz  target=8.833Hz  err=-20.444Hz  corr=-419.14W  u_ff=79.6W  PCAP→78W  power=nanW
[PID] perf=29.276Hz  target=8.833Hz  err=-20.443Hz  corr=-419.11W  u_ff=79.6W  PCAP→78W  power=nanW
[PID] perf=29.269Hz  target=8.833Hz  err=-20.436Hz  corr=-418.99W  u_ff=79.6W  PCAP→78W  power=nanW
[PID] perf=29.282Hz  target=8.833Hz  err=-20.449Hz  corr=-419.21W  u_ff=79.6W  PCAP→78W  power=nanW
[PID] perf=29.252Hz  target=8.833Hz  err=-20.419Hz  corr=-418.66W  u_ff=79.6W  PCAP→78W  power=nanW
[PID] perf=29.319Hz  target=8.833Hz  err=-20.486Hz  corr=-419.90W  u_ff=79.6W  PCAP→78W  power=nanW
[PID] perf=29.320Hz  target=8.833Hz  err=-20.487Hz  corr=-419.92W  u_ff=79.6W  PCAP→78W  power=nanW
[PID] perf=29.288Hz  target=8.833Hz  err=-20.456Hz  corr=-419.34W  u_ff=79.6W  PCAP→78W  power=76.6W
[PID] perf=29.292Hz  target=8.833Hz  err=-20.459Hz  corr=-419.41W  u_ff=79.6W  PCAP→78W  power=76.7W
[PID] perf=29.302Hz  target=8.833Hz  err=-20.469Hz  corr=-419.60W  u_ff=79.6W  PCAP→78W  power=nanW
[PID] perf=29.251Hz  target=8.833Hz  err=-20.418Hz  corr=-418.64W  u_ff=79.6W  PCAP→78W  power=77.8W
[PID] perf=29.276Hz  target=8.833Hz  err=-20.443Hz  corr=-419.11W  u_ff=79.6W  PCAP→78W  power=nanW
[PID] perf=29.309Hz  target=8.833Hz  err=-20.476Hz  corr=-419.72W  u_ff=79.6W  PCAP→78W  power=77.8W
[PID] perf=29.281Hz  target=8.833Hz  err=-20.448Hz  corr=-419.20W  u_ff=79.6W  PCAP→78W  power=78.5W
[PID] perf=27.237Hz  target=8.833Hz  err=-18.404Hz  corr=-381.31W  u_ff=79.6W  PCAP→78W  power=nanW
[PID] perf=27.448Hz  target=8.833Hz  err=-18.615Hz  corr=-385.21W  u_ff=79.6W  PCAP→78W  power=77.7W
[PID] perf=27.523Hz  target=8.833Hz  err=-18.691Hz  corr=-386.61W  u_ff=79.6W  PCAP→78W  power=77.6W
[PID] perf=27.530Hz  target=8.833Hz  err=-18.697Hz  corr=-386.73W  u_ff=79.6W  PCAP→78W  power=77.8W
[PID] perf=27.541Hz  target=8.833Hz  err=-18.709Hz  corr=-386.94W  u_ff=79.6W  PCAP→78W  power=nanW
[PID] perf=27.551Hz  target=8.833Hz  err=-18.718Hz  corr=-387.11W  u_ff=79.6W  PCAP→78W  power=77.0W
[PID] perf=27.533Hz  target=8.833Hz  err=-18.701Hz  corr=-386.80W  u_ff=79.6W  PCAP→78W  power=77.8W
[PID] perf=27.540Hz  target=8.833Hz  err=-18.707Hz  corr=-386.92W  u_ff=79.6W  PCAP→78W  power=78.7W
[PID] perf=27.526Hz  target=8.833Hz  err=-18.693Hz  corr=-386.66W  u_ff=79.6W  PCAP→78W  power=76.6W
[PID] perf=27.567Hz  target=8.833Hz  err=-18.734Hz  corr=-387.41W  u_ff=79.6W  PCAP→78W  power=78.5W
[PID] perf=27.527Hz  target=8.833Hz  err=-18.694Hz  corr=-386.67W  u_ff=79.6W  PCAP→78W  power=77.5W
[PID] perf=27.513Hz  target=8.833Hz  err=-18.680Hz  corr=-386.41W  u_ff=79.6W  PCAP→78W  power=77.4W
[PID] perf=27.524Hz  target=8.833Hz  err=-18.691Hz  corr=-386.61W  u_ff=79.6W  PCAP→78W  power=78.5W
[PID] perf=27.514Hz  target=8.833Hz  err=-18.681Hz  corr=-386.43W  u_ff=79.6W  PCAP→78W  power=78.8W
[PID] perf=27.526Hz  target=8.833Hz  err=-18.693Hz  corr=-386.66W  u_ff=79.6W  PCAP→78W  power=76.9W
[PID] perf=27.524Hz  target=8.833Hz  err=-18.692Hz  corr=-386.63W  u_ff=79.6W  PCAP→78W  power=77.6W
[PID] perf=27.521Hz  target=8.833Hz  err=-18.688Hz  corr=-386.56W  u_ff=79.6W  PCAP→78W  power=77.1W
[PID] perf=27.531Hz  target=8.833Hz  err=-18.698Hz  corr=-386.75W  u_ff=79.6W  PCAP→78W  power=77.1W
[PID] perf=27.526Hz  target=8.833Hz  err=-18.693Hz  corr=-386.66W  u_ff=79.6W  PCAP→78W  power=78.1W
[PID] perf=27.564Hz  target=8.833Hz  err=-18.731Hz  corr=-387.36W  u_ff=79.6W  PCAP→78W  power=nanW
[PID] perf=27.526Hz  target=8.833Hz  err=-18.693Hz  corr=-386.66W  u_ff=79.6W  PCAP→78W  power=78.6W
[PID] perf=27.531Hz  target=8.833Hz  err=-18.698Hz  corr=-386.74W  u_ff=79.6W  PCAP→78W  power=78.1W
[PID] perf=27.514Hz  target=8.833Hz  err=-18.681Hz  corr=-386.43W  u_ff=79.6W  PCAP→78W  power=78.7W
[PID] perf=27.550Hz  target=8.833Hz  err=-18.718Hz  corr=-387.11W  u_ff=79.6W  PCAP→78W  power=77.4W
[PID] perf=27.533Hz  target=8.833Hz  err=-18.700Hz  corr=-386.79W  u_ff=79.6W  PCAP→78W  power=79.0W
[PID] perf=27.536Hz  target=8.833Hz  err=-18.704Hz  corr=-386.85W  u_ff=79.6W  PCAP→78W  power=nanW
[PID] perf=27.541Hz  target=8.833Hz  err=-18.708Hz  corr=-386.93W  u_ff=79.6W  PCAP→78W  power=nanW
[PID] perf=27.542Hz  target=8.833Hz  err=-18.709Hz  corr=-386.95W  u_ff=79.6W  PCAP→78W  power=79.1W
[PID] perf=27.541Hz  target=8.833Hz  err=-18.709Hz  corr=-386.94W  u_ff=79.6W  PCAP→78W  power=nanW
[PID] perf=27.529Hz  target=8.833Hz  err=-18.697Hz  corr=-386.72W  u_ff=79.6W  PCAP→78W  power=nanW
[PID] perf=27.508Hz  target=8.833Hz  err=-18.676Hz  corr=-386.33W  u_ff=79.6W  PCAP→78W  power=77.9W
[PID] perf=27.504Hz  target=8.833Hz  err=-18.671Hz  corr=-386.26W  u_ff=79.6W  PCAP→78W  power=78.4W
[PID] perf=25.046Hz  target=8.833Hz  err=-16.213Hz  corr=-340.67W  u_ff=79.6W  PCAP→78W  power=79.1W
[PID] perf=25.422Hz  target=8.833Hz  err=-16.589Hz  corr=-347.64W  u_ff=79.6W  PCAP→78W  power=77.6W
[PID] perf=25.463Hz  target=8.833Hz  err=-16.631Hz  corr=-348.41W  u_ff=79.6W  PCAP→78W  power=78.2W
[PID] perf=25.432Hz  target=8.833Hz  err=-16.599Hz  corr=-347.82W  u_ff=79.6W  PCAP→78W  power=78.1W
[PID] perf=25.520Hz  target=8.833Hz  err=-16.687Hz  corr=-349.46W  u_ff=79.6W  PCAP→78W  power=78.9W
[PID] perf=25.511Hz  target=8.833Hz  err=-16.678Hz  corr=-349.29W  u_ff=79.6W  PCAP→78W  power=78.4W
[PID] perf=25.463Hz  target=8.833Hz  err=-16.630Hz  corr=-348.40W  u_ff=79.6W  PCAP→78W  power=79.2W
[PID] perf=25.462Hz  target=8.833Hz  err=-16.629Hz  corr=-348.38W  u_ff=79.6W  PCAP→78W  power=76.0W
[PID] perf=25.498Hz  target=8.833Hz  err=-16.666Hz  corr=-349.06W  u_ff=79.6W  PCAP→78W  power=76.5W
[PID] perf=25.497Hz  target=8.833Hz  err=-16.664Hz  corr=-349.02W  u_ff=79.6W  PCAP→78W  power=77.6W
[PID] perf=25.502Hz  target=8.833Hz  err=-16.669Hz  corr=-349.12W  u_ff=79.6W  PCAP→78W  power=77.5W
[PID] perf=25.459Hz  target=8.833Hz  err=-16.626Hz  corr=-348.33W  u_ff=79.6W  PCAP→78W  power=77.3W
[PID] perf=25.537Hz  target=8.833Hz  err=-16.704Hz  corr=-349.77W  u_ff=79.6W  PCAP→78W  power=nanW
[PID] perf=25.522Hz  target=8.833Hz  err=-16.690Hz  corr=-349.50W  u_ff=79.6W  PCAP→78W  power=77.2W
[PID] perf=25.511Hz  target=8.833Hz  err=-16.678Hz  corr=-349.30W  u_ff=79.6W  PCAP→78W  power=79.0W
[PID] perf=25.515Hz  target=8.833Hz  err=-16.682Hz  corr=-349.37W  u_ff=79.6W  PCAP→78W  power=78.5W
[PID] perf=25.503Hz  target=8.833Hz  err=-16.670Hz  corr=-349.14W  u_ff=79.6W  PCAP→78W  power=nanW
[PID] perf=25.478Hz  target=8.833Hz  err=-16.645Hz  corr=-348.68W  u_ff=79.6W  PCAP→78W  power=77.9W
[PID] perf=26.690Hz  target=8.833Hz  err=-17.857Hz  corr=-371.16W  u_ff=79.6W  PCAP→78W  power=76.7W
[PID] perf=26.850Hz  target=8.833Hz  err=-18.017Hz  corr=-374.13W  u_ff=79.6W  PCAP→78W  power=79.1W
[PID] perf=26.833Hz  target=8.833Hz  err=-18.000Hz  corr=-373.80W  u_ff=79.6W  PCAP→78W  power=78.8W
[PID] perf=26.870Hz  target=8.833Hz  err=-18.037Hz  corr=-374.49W  u_ff=79.6W  PCAP→78W  power=78.5W
[PID] perf=26.867Hz  target=8.833Hz  err=-18.035Hz  corr=-374.45W  u_ff=79.6W  PCAP→78W  power=78.0W
[PID] perf=26.854Hz  target=8.833Hz  err=-18.022Hz  corr=-374.20W  u_ff=79.6W  PCAP→78W  power=77.9W
[PID] perf=26.856Hz  target=8.833Hz  err=-18.024Hz  corr=-374.24W  u_ff=79.6W  PCAP→78W  power=77.9W
[PID] perf=26.850Hz  target=8.833Hz  err=-18.017Hz  corr=-374.12W  u_ff=79.6W  PCAP→78W  power=78.8W
[PID] perf=26.843Hz  target=8.833Hz  err=-18.010Hz  corr=-373.99W  u_ff=79.6W  PCAP→78W  power=77.1W
[PID] perf=26.871Hz  target=8.833Hz  err=-18.038Hz  corr=-374.51W  u_ff=79.6W  PCAP→78W  power=78.9W
[PID] perf=26.836Hz  target=8.833Hz  err=-18.004Hz  corr=-373.87W  u_ff=79.6W  PCAP→78W  power=nanW
[PID] perf=27.071Hz  target=8.833Hz  err=-18.238Hz  corr=-378.22W  u_ff=79.6W  PCAP→78W  power=78.7W
[PID] perf=27.068Hz  target=8.833Hz  err=-18.235Hz  corr=-378.17W  u_ff=79.6W  PCAP→78W  power=77.9W
[PID] perf=27.089Hz  target=8.833Hz  err=-18.256Hz  corr=-378.56W  u_ff=79.6W  PCAP→78W  power=77.7W
[PID] perf=27.090Hz  target=8.833Hz  err=-18.257Hz  corr=-378.58W  u_ff=79.6W  PCAP→78W  power=76.6W
[PID] perf=27.014Hz  target=8.833Hz  err=-18.181Hz  corr=-377.16W  u_ff=79.6W  PCAP→78W  power=nanW
[PID] perf=27.012Hz  target=8.833Hz  err=-18.179Hz  corr=-377.12W  u_ff=79.6W  PCAP→78W  power=77.7W
[PID] perf=27.016Hz  target=8.833Hz  err=-18.184Hz  corr=-377.21W  u_ff=79.6W  PCAP→78W  power=77.1W
[PID] perf=27.040Hz  target=8.833Hz  err=-18.207Hz  corr=-377.64W  u_ff=79.6W  PCAP→78W  power=77.2W
[PID] perf=26.966Hz  target=8.833Hz  err=-18.133Hz  corr=-376.27W  u_ff=79.6W  PCAP→78W  power=78.9W
[PID] perf=26.912Hz  target=8.833Hz  err=-18.079Hz  corr=-375.27W  u_ff=79.6W  PCAP→78W  power=77.8W
[PID] perf=26.918Hz  target=8.833Hz  err=-18.085Hz  corr=-375.39W  u_ff=79.6W  PCAP→78W  power=77.9W
[PID] perf=26.943Hz  target=8.833Hz  err=-18.110Hz  corr=-375.85W  u_ff=79.6W  PCAP→78W  power=77.6W
[PID] perf=25.916Hz  target=8.833Hz  err=-17.083Hz  corr=-356.80W  u_ff=79.6W  PCAP→78W  power=77.6W
[PID] perf=26.275Hz  target=8.833Hz  err=-17.443Hz  corr=-363.47W  u_ff=79.6W  PCAP→78W  power=78.2W
[PID] perf=26.252Hz  target=8.833Hz  err=-17.419Hz  corr=-363.03W  u_ff=79.6W  PCAP→78W  power=77.2W
[PID] perf=26.261Hz  target=8.833Hz  err=-17.428Hz  corr=-363.19W  u_ff=79.6W  PCAP→78W  power=nanW
[PID] perf=26.273Hz  target=8.833Hz  err=-17.440Hz  corr=-363.42W  u_ff=79.6W  PCAP→78W  power=nanW
[PID] perf=26.306Hz  target=8.833Hz  err=-17.473Hz  corr=-364.03W  u_ff=79.6W  PCAP→78W  power=78.4W
[PID] perf=26.292Hz  target=8.833Hz  err=-17.459Hz  corr=-363.77W  u_ff=79.6W  PCAP→78W  power=79.0W
[PID] perf=26.289Hz  target=8.833Hz  err=-17.456Hz  corr=-363.72W  u_ff=79.6W  PCAP→78W  power=79.0W
[PID] perf=26.282Hz  target=8.833Hz  err=-17.449Hz  corr=-363.59W  u_ff=79.6W  PCAP→78W  power=77.0W
[PID] perf=26.243Hz  target=8.833Hz  err=-17.410Hz  corr=-362.87W  u_ff=79.6W  PCAP→78W  power=nanW
[PID] perf=26.277Hz  target=8.833Hz  err=-17.444Hz  corr=-363.50W  u_ff=79.6W  PCAP→78W  power=77.5W
[PID] perf=26.269Hz  target=8.833Hz  err=-17.437Hz  corr=-363.36W  u_ff=79.6W  PCAP→78W  power=77.4W
[PID] perf=26.257Hz  target=8.833Hz  err=-17.424Hz  corr=-363.13W  u_ff=79.6W  PCAP→78W  power=77.2W
[PID] perf=26.285Hz  target=8.833Hz  err=-17.453Hz  corr=-363.65W  u_ff=79.6W  PCAP→78W  power=76.3W
[PID] perf=26.323Hz  target=8.833Hz  err=-17.490Hz  corr=-364.34W  u_ff=79.6W  PCAP→78W  power=77.0W
[PID] perf=26.313Hz  target=8.833Hz  err=-17.480Hz  corr=-364.17W  u_ff=79.6W  PCAP→78W  power=77.9W
[PID] perf=26.337Hz  target=8.833Hz  err=-17.504Hz  corr=-364.61W  u_ff=79.6W  PCAP→78W  power=77.6W
[PID] perf=26.299Hz  target=8.833Hz  err=-17.467Hz  corr=-363.91W  u_ff=79.6W  PCAP→78W  power=77.8W
[PID] perf=26.302Hz  target=8.833Hz  err=-17.469Hz  corr=-363.96W  u_ff=79.6W  PCAP→78W  power=77.9W
[PID] perf=26.293Hz  target=8.833Hz  err=-17.460Hz  corr=-363.80W  u_ff=79.6W  PCAP→78W  power=nanW
[PID] perf=26.334Hz  target=8.833Hz  err=-17.501Hz  corr=-364.55W  u_ff=79.6W  PCAP→78W  power=78.7W
[PID] perf=26.853Hz  target=8.833Hz  err=-18.020Hz  corr=-374.17W  u_ff=79.6W  PCAP→78W  power=78.3W
[PID] perf=27.090Hz  target=8.833Hz  err=-18.257Hz  corr=-378.57W  u_ff=79.6W  PCAP→78W  power=77.6W
[PID] perf=27.072Hz  target=8.833Hz  err=-18.240Hz  corr=-378.25W  u_ff=79.6W  PCAP→78W  power=78.8W
[PID] perf=27.125Hz  target=8.833Hz  err=-18.292Hz  corr=-379.22W  u_ff=79.6W  PCAP→78W  power=78.6W
[PID] perf=27.098Hz  target=8.833Hz  err=-18.265Hz  corr=-378.72W  u_ff=79.6W  PCAP→78W  power=nanW
[PID] perf=27.084Hz  target=8.833Hz  err=-18.251Hz  corr=-378.46W  u_ff=79.6W  PCAP→78W  power=nanW
[PID] perf=27.088Hz  target=8.833Hz  err=-18.256Hz  corr=-378.54W  u_ff=79.6W  PCAP→78W  power=77.2W
[PID] perf=27.095Hz  target=8.833Hz  err=-18.262Hz  corr=-378.67W  u_ff=79.6W  PCAP→78W  power=77.5W
[PID] perf=27.081Hz  target=8.833Hz  err=-18.248Hz  corr=-378.40W  u_ff=79.6W  PCAP→78W  power=78.5W
[PID] perf=27.103Hz  target=8.833Hz  err=-18.271Hz  corr=-378.82W  u_ff=79.6W  PCAP→78W  power=79.0W
[PID] perf=27.106Hz  target=8.833Hz  err=-18.274Hz  corr=-378.88W  u_ff=79.6W  PCAP→78W  power=78.7W
[PID] perf=27.080Hz  target=8.833Hz  err=-18.247Hz  corr=-378.39W  u_ff=79.6W  PCAP→78W  power=78.5W
[PID] perf=27.043Hz  target=8.833Hz  err=-18.210Hz  corr=-377.70W  u_ff=79.6W  PCAP→78W  power=77.6W
[PID] perf=27.034Hz  target=8.833Hz  err=-18.201Hz  corr=-377.54W  u_ff=79.6W  PCAP→78W  power=78.1W
[PID] perf=27.033Hz  target=8.833Hz  err=-18.200Hz  corr=-377.51W  u_ff=79.6W  PCAP→78W  power=76.4W
[PID] perf=27.059Hz  target=8.833Hz  err=-18.227Hz  corr=-378.01W  u_ff=79.6W  PCAP→78W  power=77.3W
[PID] perf=27.051Hz  target=8.833Hz  err=-18.218Hz  corr=-377.84W  u_ff=79.6W  PCAP→78W  power=nanW
[PID] perf=27.095Hz  target=8.833Hz  err=-18.263Hz  corr=-378.68W  u_ff=79.6W  PCAP→78W  power=78.2W
[PID] perf=27.075Hz  target=8.833Hz  err=-18.242Hz  corr=-378.30W  u_ff=79.6W  PCAP→78W  power=77.5W
[PID] perf=27.008Hz  target=8.833Hz  err=-18.175Hz  corr=-377.05W  u_ff=79.6W  PCAP→78W  power=nanW
[PID] perf=27.042Hz  target=8.833Hz  err=-18.209Hz  corr=-377.68W  u_ff=79.6W  PCAP→78W  power=78.7W
[PID] perf=27.111Hz  target=8.833Hz  err=-18.278Hz  corr=-378.96W  u_ff=79.6W  PCAP→78W  power=78.5W
[PID] perf=27.016Hz  target=8.833Hz  err=-18.184Hz  corr=-377.21W  u_ff=79.6W  PCAP→78W  power=77.9W
[PID] perf=27.071Hz  target=8.833Hz  err=-18.238Hz  corr=-378.21W  u_ff=79.6W  PCAP→78W  power=76.7W
[PID] perf=27.072Hz  target=8.833Hz  err=-18.239Hz  corr=-378.24W  u_ff=79.6W  PCAP→78W  power=77.2W
[PID] perf=27.088Hz  target=8.833Hz  err=-18.255Hz  corr=-378.54W  u_ff=79.6W  PCAP→78W  power=78.4W
[PID] perf=27.073Hz  target=8.833Hz  err=-18.241Hz  corr=-378.27W  u_ff=79.6W  PCAP→78W  power=76.5W
[PID] perf=27.046Hz  target=8.833Hz  err=-18.213Hz  corr=-377.75W  u_ff=79.6W  PCAP→78W  power=78.1W
[PID] perf=27.045Hz  target=8.833Hz  err=-18.212Hz  corr=-377.74W  u_ff=79.6W  PCAP→78W  power=78.3W
[PID] perf=27.102Hz  target=8.833Hz  err=-18.269Hz  corr=-378.79W  u_ff=79.6W  PCAP→78W  power=77.9W
[PID] perf=27.074Hz  target=8.833Hz  err=-18.241Hz  corr=-378.28W  u_ff=79.6W  PCAP→78W  power=nanW
[PID] perf=27.075Hz  target=8.833Hz  err=-18.242Hz  corr=-378.29W  u_ff=79.6W  PCAP→78W  power=78.5W
[PID] perf=27.077Hz  target=8.833Hz  err=-18.245Hz  corr=-378.34W  u_ff=79.6W  PCAP→78W  power=77.7W
[PID] perf=27.093Hz  target=8.833Hz  err=-18.260Hz  corr=-378.63W  u_ff=79.6W  PCAP→78W  power=78.2W
[PID] perf=27.118Hz  target=8.833Hz  err=-18.285Hz  corr=-379.10W  u_ff=79.6W  PCAP→78W  power=78.9W
[PID] perf=27.047Hz  target=8.833Hz  err=-18.214Hz  corr=-377.78W  u_ff=79.6W  PCAP→78W  power=78.8W
[PID] perf=27.039Hz  target=8.833Hz  err=-18.207Hz  corr=-377.64W  u_ff=79.6W  PCAP→78W  power=nanW
[PID] perf=27.107Hz  target=8.833Hz  err=-18.275Hz  corr=-378.90W  u_ff=79.6W  PCAP→78W  power=79.2W
[PID] perf=27.079Hz  target=8.833Hz  err=-18.246Hz  corr=-378.37W  u_ff=79.6W  PCAP→78W  power=78.6W
[PID] perf=27.095Hz  target=8.833Hz  err=-18.262Hz  corr=-378.66W  u_ff=79.6W  PCAP→78W  power=76.1W
[PID] perf=27.072Hz  target=8.833Hz  err=-18.239Hz  corr=-378.23W  u_ff=79.6W  PCAP→78W  power=78.7W
[PID] perf=27.042Hz  target=8.833Hz  err=-18.209Hz  corr=-377.68W  u_ff=79.6W  PCAP→78W  power=79.2W
[PID] perf=27.031Hz  target=8.833Hz  err=-18.198Hz  corr=-377.48W  u_ff=79.6W  PCAP→78W  power=79.1W
[PID] perf=27.065Hz  target=8.833Hz  err=-18.233Hz  corr=-378.12W  u_ff=79.6W  PCAP→78W  power=nanW
[PID] perf=27.061Hz  target=8.833Hz  err=-18.228Hz  corr=-378.04W  u_ff=79.6W  PCAP→78W  power=77.3W
[PID] perf=27.077Hz  target=8.833Hz  err=-18.245Hz  corr=-378.34W  u_ff=79.6W  PCAP→78W  power=77.6W
[PID] perf=27.060Hz  target=8.833Hz  err=-18.227Hz  corr=-378.01W  u_ff=79.6W  PCAP→78W  power=77.8W
[PID] perf=27.037Hz  target=8.833Hz  err=-18.204Hz  corr=-377.59W  u_ff=79.6W  PCAP→78W  power=76.6W
[PID] perf=27.057Hz  target=8.833Hz  err=-18.224Hz  corr=-377.96W  u_ff=79.6W  PCAP→78W  power=nanW
[PID] perf=27.064Hz  target=8.833Hz  err=-18.231Hz  corr=-378.09W  u_ff=79.6W  PCAP→78W  power=nanW
[PID] perf=27.082Hz  target=8.833Hz  err=-18.249Hz  corr=-378.42W  u_ff=79.6W  PCAP→78W  power=77.3W
[PID] perf=27.053Hz  target=8.833Hz  err=-18.220Hz  corr=-377.89W  u_ff=79.6W  PCAP→78W  power=78.7W
[PID] perf=27.075Hz  target=8.833Hz  err=-18.242Hz  corr=-378.29W  u_ff=79.6W  PCAP→78W  power=77.8W
[PID] perf=27.070Hz  target=8.833Hz  err=-18.237Hz  corr=-378.20W  u_ff=79.6W  PCAP→78W  power=nanW
[PID] perf=27.123Hz  target=8.833Hz  err=-18.290Hz  corr=-379.19W  u_ff=79.6W  PCAP→78W  power=nanW
[PID] perf=27.082Hz  target=8.833Hz  err=-18.249Hz  corr=-378.43W  u_ff=79.6W  PCAP→78W  power=79.2W
[PID] perf=27.104Hz  target=8.833Hz  err=-18.271Hz  corr=-378.83W  u_ff=79.6W  PCAP→78W  power=77.5W
[PID] perf=27.092Hz  target=8.833Hz  err=-18.259Hz  corr=-378.60W  u_ff=79.6W  PCAP→78W  power=77.5W
[PID] perf=27.063Hz  target=8.833Hz  err=-18.230Hz  corr=-378.07W  u_ff=79.6W  PCAP→78W  power=77.0W
[PID] perf=27.098Hz  target=8.833Hz  err=-18.265Hz  corr=-378.72W  u_ff=79.6W  PCAP→78W  power=nanW
[PID] perf=27.133Hz  target=8.833Hz  err=-18.300Hz  corr=-379.36W  u_ff=79.6W  PCAP→78W  power=77.8W
[PID] perf=27.103Hz  target=8.833Hz  err=-18.270Hz  corr=-378.82W  u_ff=79.6W  PCAP→78W  power=79.4W
[PID] perf=27.108Hz  target=8.833Hz  err=-18.275Hz  corr=-378.90W  u_ff=79.6W  PCAP→78W  power=nanW
[PID] perf=27.089Hz  target=8.833Hz  err=-18.256Hz  corr=-378.55W  u_ff=79.6W  PCAP→78W  power=nanW
[PID] perf=27.085Hz  target=8.833Hz  err=-18.252Hz  corr=-378.48W  u_ff=79.6W  PCAP→78W  power=78.7W
[PID] perf=27.051Hz  target=8.833Hz  err=-18.218Hz  corr=-377.84W  u_ff=79.6W  PCAP→78W  power=77.1W
[PID] perf=27.095Hz  target=8.833Hz  err=-18.263Hz  corr=-378.67W  u_ff=79.6W  PCAP→78W  power=77.6W
[PID] perf=27.082Hz  target=8.833Hz  err=-18.249Hz  corr=-378.42W  u_ff=79.6W  PCAP→78W  power=78.5W
[PID] perf=27.090Hz  target=8.833Hz  err=-18.257Hz  corr=-378.58W  u_ff=79.6W  PCAP→78W  power=nanW
[PID] perf=27.111Hz  target=8.833Hz  err=-18.278Hz  corr=-378.97W  u_ff=79.6W  PCAP→78W  power=77.4W
[PID] perf=27.086Hz  target=8.833Hz  err=-18.253Hz  corr=-378.49W  u_ff=79.6W  PCAP→78W  power=78.9W
[PID] perf=27.096Hz  target=8.833Hz  err=-18.263Hz  corr=-378.69W  u_ff=79.6W  PCAP→78W  power=78.8W
[PID] perf=27.107Hz  target=8.833Hz  err=-18.274Hz  corr=-378.89W  u_ff=79.6W  PCAP→78W  power=78.2W
[PID] perf=27.091Hz  target=8.833Hz  err=-18.258Hz  corr=-378.60W  u_ff=79.6W  PCAP→78W  power=77.2W
[PID] perf=27.122Hz  target=8.833Hz  err=-18.289Hz  corr=-379.16W  u_ff=79.6W  PCAP→78W  power=77.4W
[PID] perf=27.110Hz  target=8.833Hz  err=-18.278Hz  corr=-378.95W  u_ff=79.6W  PCAP→78W  power=77.5W
[PID] perf=27.082Hz  target=8.833Hz  err=-18.249Hz  corr=-378.42W  u_ff=79.6W  PCAP→78W  power=78.9W
[PID] perf=27.066Hz  target=8.833Hz  err=-18.233Hz  corr=-378.13W  u_ff=79.6W  PCAP→78W  power=nanW
[PID] perf=27.102Hz  target=8.833Hz  err=-18.269Hz  corr=-378.80W  u_ff=79.6W  PCAP→78W  power=78.3W
[PID] perf=27.074Hz  target=8.833Hz  err=-18.241Hz  corr=-378.27W  u_ff=79.6W  PCAP→78W  power=79.2W
[PID] perf=27.094Hz  target=8.833Hz  err=-18.261Hz  corr=-378.64W  u_ff=79.6W  PCAP→78W  power=nanW
[PID] perf=27.062Hz  target=8.833Hz  err=-18.230Hz  corr=-378.06W  u_ff=79.6W  PCAP→78W  power=77.2W
[PID] perf=27.087Hz  target=8.833Hz  err=-18.254Hz  corr=-378.52W  u_ff=79.6W  PCAP→78W  power=78.0W
[PID] perf=27.111Hz  target=8.833Hz  err=-18.278Hz  corr=-378.96W  u_ff=79.6W  PCAP→78W  power=77.4W
[PID] perf=27.134Hz  target=8.833Hz  err=-18.301Hz  corr=-379.38W  u_ff=79.6W  PCAP→78W  power=76.2W
[PID] perf=27.118Hz  target=8.833Hz  err=-18.286Hz  corr=-379.10W  u_ff=79.6W  PCAP→78W  power=78.6W
[PID] perf=27.127Hz  target=8.833Hz  err=-18.295Hz  corr=-379.27W  u_ff=79.6W  PCAP→78W  power=78.9W
[PID] perf=27.139Hz  target=8.833Hz  err=-18.306Hz  corr=-379.48W  u_ff=79.6W  PCAP→78W  power=79.3W
[PID] perf=27.126Hz  target=8.833Hz  err=-18.294Hz  corr=-379.25W  u_ff=79.6W  PCAP→78W  power=nanW
[PID] perf=27.102Hz  target=8.833Hz  err=-18.269Hz  corr=-378.80W  u_ff=79.6W  PCAP→78W  power=78.9W
[PID] perf=27.111Hz  target=8.833Hz  err=-18.278Hz  corr=-378.96W  u_ff=79.6W  PCAP→78W  power=nanW
[PID] perf=27.143Hz  target=8.833Hz  err=-18.310Hz  corr=-379.55W  u_ff=79.6W  PCAP→78W  power=77.0W
[PID] perf=27.112Hz  target=8.833Hz  err=-18.279Hz  corr=-378.98W  u_ff=79.6W  PCAP→78W  power=77.1W
[PID] perf=27.118Hz  target=8.833Hz  err=-18.285Hz  corr=-379.09W  u_ff=79.6W  PCAP→78W  power=nanW
[PID] perf=27.097Hz  target=8.833Hz  err=-18.264Hz  corr=-378.71W  u_ff=79.6W  PCAP→78W  power=77.9W
[PID] perf=27.115Hz  target=8.833Hz  err=-18.282Hz  corr=-379.03W  u_ff=79.6W  PCAP→78W  power=77.2W
[PID] perf=27.127Hz  target=8.833Hz  err=-18.294Hz  corr=-379.25W  u_ff=79.6W  PCAP→78W  power=77.4W
[PID] perf=27.122Hz  target=8.833Hz  err=-18.289Hz  corr=-379.17W  u_ff=79.6W  PCAP→78W  power=78.0W
[PID] perf=27.118Hz  target=8.833Hz  err=-18.285Hz  corr=-379.09W  u_ff=79.6W  PCAP→78W  power=78.6W
[PID] perf=27.106Hz  target=8.833Hz  err=-18.273Hz  corr=-378.87W  u_ff=79.6W  PCAP→78W  power=78.5W
[PID] perf=27.089Hz  target=8.833Hz  err=-18.257Hz  corr=-378.56W  u_ff=79.6W  PCAP→78W  power=nanW
[PID] perf=27.098Hz  target=8.833Hz  err=-18.266Hz  corr=-378.73W  u_ff=79.6W  PCAP→78W  power=78.8W
[PID] perf=27.089Hz  target=8.833Hz  err=-18.257Hz  corr=-378.56W  u_ff=79.6W  PCAP→78W  power=nanW
[PID] perf=27.095Hz  target=8.833Hz  err=-18.262Hz  corr=-378.66W  u_ff=79.6W  PCAP→78W  power=79.4W
[PID] perf=27.085Hz  target=8.833Hz  err=-18.252Hz  corr=-378.48W  u_ff=79.6W  PCAP→78W  power=78.3W
[PID] perf=27.060Hz  target=8.833Hz  err=-18.227Hz  corr=-378.02W  u_ff=79.6W  PCAP→78W  power=77.8W
[PID] perf=27.064Hz  target=8.833Hz  err=-18.231Hz  corr=-378.10W  u_ff=79.6W  PCAP→78W  power=78.2W
[PID] perf=27.079Hz  target=8.833Hz  err=-18.246Hz  corr=-378.37W  u_ff=79.6W  PCAP→78W  power=79.3W
[PID] perf=27.063Hz  target=8.833Hz  err=-18.230Hz  corr=-378.07W  u_ff=79.6W  PCAP→78W  power=77.7W
[PID] perf=27.071Hz  target=8.833Hz  err=-18.238Hz  corr=-378.21W  u_ff=79.6W  PCAP→78W  power=79.0W
[PID] perf=27.058Hz  target=8.833Hz  err=-18.226Hz  corr=-377.99W  u_ff=79.6W  PCAP→78W  power=77.5W
[PID] perf=27.067Hz  target=8.833Hz  err=-18.235Hz  corr=-378.15W  u_ff=79.6W  PCAP→78W  power=77.9W
[PID] perf=27.113Hz  target=8.833Hz  err=-18.280Hz  corr=-379.00W  u_ff=79.6W  PCAP→78W  power=76.4W
[PID] perf=27.104Hz  target=8.833Hz  err=-18.272Hz  corr=-378.84W  u_ff=79.6W  PCAP→78W  power=76.1W
[PID] perf=27.103Hz  target=8.833Hz  err=-18.270Hz  corr=-378.82W  u_ff=79.6W  PCAP→78W  power=76.7W
[PID] perf=27.113Hz  target=8.833Hz  err=-18.280Hz  corr=-379.00W  u_ff=79.6W  PCAP→78W  power=78.4W
[PID] perf=27.075Hz  target=8.833Hz  err=-18.243Hz  corr=-378.30W  u_ff=79.6W  PCAP→78W  power=77.7W
[PID] perf=27.121Hz  target=8.833Hz  err=-18.288Hz  corr=-379.15W  u_ff=79.6W  PCAP→78W  power=79.6W
[PID] perf=27.118Hz  target=8.833Hz  err=-18.286Hz  corr=-379.10W  u_ff=79.6W  PCAP→78W  power=77.2W
[PID] perf=27.099Hz  target=8.833Hz  err=-18.266Hz  corr=-378.73W  u_ff=79.6W  PCAP→78W  power=77.9W
[PID] perf=27.088Hz  target=8.833Hz  err=-18.255Hz  corr=-378.53W  u_ff=79.6W  PCAP→78W  power=78.8W
[PID] perf=27.096Hz  target=8.833Hz  err=-18.264Hz  corr=-378.69W  u_ff=79.6W  PCAP→78W  power=79.2W
[PID] perf=27.099Hz  target=8.833Hz  err=-18.266Hz  corr=-378.74W  u_ff=79.6W  PCAP→78W  power=76.1W
[PID] perf=27.133Hz  target=8.833Hz  err=-18.300Hz  corr=-379.37W  u_ff=79.6W  PCAP→78W  power=79.1W
[PID] perf=27.101Hz  target=8.833Hz  err=-18.268Hz  corr=-378.78W  u_ff=79.6W  PCAP→78W  power=78.1W
[PID] perf=27.082Hz  target=8.833Hz  err=-18.249Hz  corr=-378.43W  u_ff=79.6W  PCAP→78W  power=79.6W
[PID] perf=26.144Hz  target=8.833Hz  err=-17.311Hz  corr=-361.03W  u_ff=79.6W  PCAP→78W  power=77.9W
[PID] perf=26.982Hz  target=8.833Hz  err=-18.149Hz  corr=-376.57W  u_ff=79.6W  PCAP→78W  power=76.7W
[PID] perf=26.984Hz  target=8.833Hz  err=-18.151Hz  corr=-376.61W  u_ff=79.6W  PCAP→78W  power=76.9W
[PID] perf=27.010Hz  target=8.833Hz  err=-18.177Hz  corr=-377.08W  u_ff=79.6W  PCAP→78W  power=79.1W
[PID] perf=26.988Hz  target=8.833Hz  err=-18.155Hz  corr=-376.68W  u_ff=79.6W  PCAP→78W  power=78.7W
[PID] perf=26.986Hz  target=8.833Hz  err=-18.154Hz  corr=-376.65W  u_ff=79.6W  PCAP→78W  power=78.1W
[PID] perf=26.992Hz  target=8.833Hz  err=-18.160Hz  corr=-376.77W  u_ff=79.6W  PCAP→78W  power=78.7W
[PID] perf=26.975Hz  target=8.833Hz  err=-18.142Hz  corr=-376.43W  u_ff=79.6W  PCAP→78W  power=78.7W
[PID] perf=26.975Hz  target=8.833Hz  err=-18.142Hz  corr=-376.44W  u_ff=79.6W  PCAP→78W  power=79.1W
[PID] perf=26.955Hz  target=8.833Hz  err=-18.122Hz  corr=-376.06W  u_ff=79.6W  PCAP→78W  power=78.8W
[PID] perf=26.990Hz  target=8.833Hz  err=-18.158Hz  corr=-376.73W  u_ff=79.6W  PCAP→78W  power=77.9W
[PID] perf=26.977Hz  target=8.833Hz  err=-18.144Hz  corr=-376.48W  u_ff=79.6W  PCAP→78W  power=77.5W
[PID] perf=26.980Hz  target=8.833Hz  err=-18.147Hz  corr=-376.53W  u_ff=79.6W  PCAP→78W  power=77.0W
[PID] perf=26.956Hz  target=8.833Hz  err=-18.123Hz  corr=-376.08W  u_ff=79.6W  PCAP→78W  power=78.1W
[PID] perf=27.448Hz  target=8.833Hz  err=-18.615Hz  corr=-385.21W  u_ff=79.6W  PCAP→78W  power=76.8W
[PID] perf=27.652Hz  target=8.833Hz  err=-18.819Hz  corr=-388.99W  u_ff=79.6W  PCAP→78W  power=78.9W
[PID] perf=27.642Hz  target=8.833Hz  err=-18.810Hz  corr=-388.82W  u_ff=79.6W  PCAP→78W  power=78.6W
[PID] perf=27.662Hz  target=8.833Hz  err=-18.829Hz  corr=-389.19W  u_ff=79.6W  PCAP→78W  power=78.8W
[PID] perf=27.586Hz  target=8.833Hz  err=-18.754Hz  corr=-387.78W  u_ff=79.6W  PCAP→78W  power=79.0W
[PID] perf=27.653Hz  target=8.833Hz  err=-18.820Hz  corr=-389.02W  u_ff=79.6W  PCAP→78W  power=nanW
[PID] perf=27.671Hz  target=8.833Hz  err=-18.838Hz  corr=-389.34W  u_ff=79.6W  PCAP→78W  power=78.6W
[PID] perf=27.662Hz  target=8.833Hz  err=-18.829Hz  corr=-389.18W  u_ff=79.6W  PCAP→78W  power=77.6W
[PID] perf=27.588Hz  target=8.833Hz  err=-18.755Hz  corr=-387.80W  u_ff=79.6W  PCAP→78W  power=76.5W
[PID] perf=27.680Hz  target=8.833Hz  err=-18.847Hz  corr=-389.52W  u_ff=79.6W  PCAP→78W  power=79.2W
[PID] perf=27.617Hz  target=8.833Hz  err=-18.784Hz  corr=-388.34W  u_ff=79.6W  PCAP→78W  power=77.6W
[PID] perf=27.674Hz  target=8.833Hz  err=-18.841Hz  corr=-389.40W  u_ff=79.6W  PCAP→78W  power=78.4W
[PID] perf=27.675Hz  target=8.833Hz  err=-18.843Hz  corr=-389.43W  u_ff=79.6W  PCAP→78W  power=78.9W
[PID] perf=27.658Hz  target=8.833Hz  err=-18.825Hz  corr=-389.11W  u_ff=79.6W  PCAP→78W  power=77.2W
[PID] perf=26.852Hz  target=8.833Hz  err=-18.020Hz  corr=-374.17W  u_ff=79.6W  PCAP→78W  power=76.2W
[PID] perf=27.226Hz  target=8.833Hz  err=-18.393Hz  corr=-381.10W  u_ff=79.6W  PCAP→78W  power=76.4W
[PID] perf=27.222Hz  target=8.833Hz  err=-18.389Hz  corr=-381.01W  u_ff=79.6W  PCAP→78W  power=nanW
[PID] perf=27.282Hz  target=8.833Hz  err=-18.449Hz  corr=-382.14W  u_ff=79.6W  PCAP→78W  power=nanW
[PID] perf=27.335Hz  target=8.833Hz  err=-18.502Hz  corr=-383.11W  u_ff=79.6W  PCAP→78W  power=77.7W
[PID] perf=27.312Hz  target=8.833Hz  err=-18.479Hz  corr=-382.69W  u_ff=79.6W  PCAP→78W  power=77.6W
[PID] perf=27.274Hz  target=8.833Hz  err=-18.441Hz  corr=-381.99W  u_ff=79.6W  PCAP→78W  power=78.6W
[PID] perf=27.280Hz  target=8.833Hz  err=-18.447Hz  corr=-382.10W  u_ff=79.6W  PCAP→78W  power=78.7W
[PID] perf=27.300Hz  target=8.833Hz  err=-18.467Hz  corr=-382.46W  u_ff=79.6W  PCAP→78W  power=79.0W
[PID] perf=27.308Hz  target=8.833Hz  err=-18.476Hz  corr=-382.62W  u_ff=79.6W  PCAP→78W  power=77.3W
[PID] perf=27.330Hz  target=8.833Hz  err=-18.497Hz  corr=-383.03W  u_ff=79.6W  PCAP→78W  power=78.0W
[PID] perf=27.306Hz  target=8.833Hz  err=-18.474Hz  corr=-382.59W  u_ff=79.6W  PCAP→78W  power=77.0W
[PID] perf=27.301Hz  target=8.833Hz  err=-18.468Hz  corr=-382.48W  u_ff=79.6W  PCAP→78W  power=nanW
[PID] perf=27.393Hz  target=8.833Hz  err=-18.560Hz  corr=-384.20W  u_ff=79.6W  PCAP→78W  power=79.0W
[PID] perf=27.896Hz  target=8.833Hz  err=-19.063Hz  corr=-393.52W  u_ff=79.6W  PCAP→78W  power=77.9W
[PID] perf=27.876Hz  target=8.833Hz  err=-19.043Hz  corr=-393.15W  u_ff=79.6W  PCAP→78W  power=78.3W
[PID] perf=27.892Hz  target=8.833Hz  err=-19.059Hz  corr=-393.45W  u_ff=79.6W  PCAP→78W  power=78.4W
[PID] perf=27.892Hz  target=8.833Hz  err=-19.059Hz  corr=-393.45W  u_ff=79.6W  PCAP→78W  power=77.9W
[PID] perf=27.875Hz  target=8.833Hz  err=-19.042Hz  corr=-393.14W  u_ff=79.6W  PCAP→78W  power=77.8W
[PID] perf=27.872Hz  target=8.833Hz  err=-19.039Hz  corr=-393.07W  u_ff=79.6W  PCAP→78W  power=77.2W
[PID] perf=27.833Hz  target=8.833Hz  err=-19.000Hz  corr=-392.36W  u_ff=79.6W  PCAP→78W  power=76.9W
[PID] perf=27.875Hz  target=8.833Hz  err=-19.042Hz  corr=-393.13W  u_ff=79.6W  PCAP→78W  power=77.8W
[PID] perf=27.876Hz  target=8.833Hz  err=-19.043Hz  corr=-393.15W  u_ff=79.6W  PCAP→78W  power=77.5W
[PID] perf=27.901Hz  target=8.833Hz  err=-19.069Hz  corr=-393.62W  u_ff=79.6W  PCAP→78W  power=78.8W
[PID] perf=27.855Hz  target=8.833Hz  err=-19.022Hz  corr=-392.76W  u_ff=79.6W  PCAP→78W  power=77.2W
[PID] perf=27.869Hz  target=8.833Hz  err=-19.036Hz  corr=-393.02W  u_ff=79.6W  PCAP→78W  power=77.7W
[PID] perf=27.888Hz  target=8.833Hz  err=-19.055Hz  corr=-393.36W  u_ff=79.6W  PCAP→78W  power=77.1W
[PID] perf=27.888Hz  target=8.833Hz  err=-19.055Hz  corr=-393.37W  u_ff=79.6W  PCAP→78W  power=nanW
[PID] perf=27.883Hz  target=8.833Hz  err=-19.050Hz  corr=-393.28W  u_ff=79.6W  PCAP→78W  power=78.3W
[PID] perf=27.882Hz  target=8.833Hz  err=-19.050Hz  corr=-393.27W  u_ff=79.6W  PCAP→78W  power=77.3W
[PID] perf=27.905Hz  target=8.833Hz  err=-19.072Hz  corr=-393.69W  u_ff=79.6W  PCAP→78W  power=nanW
[PID] perf=27.908Hz  target=8.833Hz  err=-19.075Hz  corr=-393.74W  u_ff=79.6W  PCAP→78W  power=77.7W
[PID] perf=27.896Hz  target=8.833Hz  err=-19.063Hz  corr=-393.53W  u_ff=79.6W  PCAP→78W  power=78.0W
[PID] perf=27.901Hz  target=8.833Hz  err=-19.069Hz  corr=-393.62W  u_ff=79.6W  PCAP→78W  power=76.9W
[PID] perf=27.867Hz  target=8.833Hz  err=-19.034Hz  corr=-392.99W  u_ff=79.6W  PCAP→78W  power=77.4W
[PID] perf=27.848Hz  target=8.833Hz  err=-19.015Hz  corr=-392.63W  u_ff=79.6W  PCAP→78W  power=77.1W
[PID] perf=27.865Hz  target=8.833Hz  err=-19.032Hz  corr=-392.95W  u_ff=79.6W  PCAP→78W  power=78.0W
[PID] perf=27.886Hz  target=8.833Hz  err=-19.053Hz  corr=-393.34W  u_ff=79.6W  PCAP→78W  power=79.0W
[PID] perf=27.891Hz  target=8.833Hz  err=-19.058Hz  corr=-393.42W  u_ff=79.6W  PCAP→78W  power=78.2W
[PID] perf=27.878Hz  target=8.833Hz  err=-19.045Hz  corr=-393.18W  u_ff=79.6W  PCAP→78W  power=nanW
[PID] perf=27.928Hz  target=8.833Hz  err=-19.095Hz  corr=-394.11W  u_ff=79.6W  PCAP→78W  power=77.3W
[PID] perf=27.912Hz  target=8.833Hz  err=-19.079Hz  corr=-393.81W  u_ff=79.6W  PCAP→78W  power=77.0W
[PID] perf=27.892Hz  target=8.833Hz  err=-19.059Hz  corr=-393.44W  u_ff=79.6W  PCAP→78W  power=77.2W
[PID] perf=27.911Hz  target=8.833Hz  err=-19.078Hz  corr=-393.80W  u_ff=79.6W  PCAP→78W  power=nanW
[PID] perf=27.917Hz  target=8.833Hz  err=-19.084Hz  corr=-393.90W  u_ff=79.6W  PCAP→78W  power=78.1W
[PID] perf=27.913Hz  target=8.833Hz  err=-19.080Hz  corr=-393.84W  u_ff=79.6W  PCAP→78W  power=76.8W
[PID] perf=27.902Hz  target=8.833Hz  err=-19.069Hz  corr=-393.62W  u_ff=79.6W  PCAP→78W  power=76.2W
[PID] perf=27.885Hz  target=8.833Hz  err=-19.052Hz  corr=-393.32W  u_ff=79.6W  PCAP→78W  power=76.7W
[PID] perf=27.857Hz  target=8.833Hz  err=-19.025Hz  corr=-392.81W  u_ff=79.6W  PCAP→78W  power=76.9W
[PID] perf=27.904Hz  target=8.833Hz  err=-19.071Hz  corr=-393.67W  u_ff=79.6W  PCAP→78W  power=77.4W
[PID] perf=27.879Hz  target=8.833Hz  err=-19.046Hz  corr=-393.21W  u_ff=79.6W  PCAP→78W  power=nanW
[PID] perf=27.943Hz  target=8.833Hz  err=-19.110Hz  corr=-394.40W  u_ff=79.6W  PCAP→78W  power=77.0W
[PID] perf=27.907Hz  target=8.833Hz  err=-19.074Hz  corr=-393.72W  u_ff=79.6W  PCAP→78W  power=77.8W
[PID] perf=27.925Hz  target=8.833Hz  err=-19.092Hz  corr=-394.05W  u_ff=79.6W  PCAP→78W  power=76.3W
[PID] perf=27.899Hz  target=8.833Hz  err=-19.066Hz  corr=-393.57W  u_ff=79.6W  PCAP→78W  power=78.8W
[PID] perf=27.892Hz  target=8.833Hz  err=-19.059Hz  corr=-393.45W  u_ff=79.6W  PCAP→78W  power=77.8W
[PID] perf=27.886Hz  target=8.833Hz  err=-19.053Hz  corr=-393.33W  u_ff=79.6W  PCAP→78W  power=nanW
[PID] perf=27.937Hz  target=8.833Hz  err=-19.104Hz  corr=-394.28W  u_ff=79.6W  PCAP→78W  power=78.6W
[PID] perf=27.966Hz  target=8.833Hz  err=-19.133Hz  corr=-394.81W  u_ff=79.6W  PCAP→78W  power=78.4W
[PID] perf=27.888Hz  target=8.833Hz  err=-19.055Hz  corr=-393.37W  u_ff=79.6W  PCAP→78W  power=77.7W
[PID] perf=27.875Hz  target=8.833Hz  err=-19.042Hz  corr=-393.13W  u_ff=79.6W  PCAP→78W  power=79.2W
[PID] perf=27.913Hz  target=8.833Hz  err=-19.081Hz  corr=-393.84W  u_ff=79.6W  PCAP→78W  power=78.2W
[PID] perf=27.905Hz  target=8.833Hz  err=-19.073Hz  corr=-393.70W  u_ff=79.6W  PCAP→78W  power=77.7W
[PID] perf=27.857Hz  target=8.833Hz  err=-19.025Hz  corr=-392.81W  u_ff=79.6W  PCAP→78W  power=77.5W
[PID] perf=27.900Hz  target=8.833Hz  err=-19.067Hz  corr=-393.60W  u_ff=79.6W  PCAP→78W  power=77.0W
[PID] perf=27.879Hz  target=8.833Hz  err=-19.046Hz  corr=-393.20W  u_ff=79.6W  PCAP→78W  power=79.2W
[PID] perf=27.869Hz  target=8.833Hz  err=-19.036Hz  corr=-393.02W  u_ff=79.6W  PCAP→78W  power=77.6W
[PID] perf=27.839Hz  target=8.833Hz  err=-19.006Hz  corr=-392.47W  u_ff=79.6W  PCAP→78W  power=76.7W
[PID] perf=27.844Hz  target=8.833Hz  err=-19.012Hz  corr=-392.56W  u_ff=79.6W  PCAP→78W  power=77.3W
[PID] perf=27.823Hz  target=8.833Hz  err=-18.991Hz  corr=-392.17W  u_ff=79.6W  PCAP→78W  power=76.4W
[PID] perf=27.853Hz  target=8.833Hz  err=-19.020Hz  corr=-392.72W  u_ff=79.6W  PCAP→78W  power=76.3W
[PID] perf=27.857Hz  target=8.833Hz  err=-19.024Hz  corr=-392.79W  u_ff=79.6W  PCAP→78W  power=nanW
[PID] perf=27.906Hz  target=8.833Hz  err=-19.074Hz  corr=-393.71W  u_ff=79.6W  PCAP→78W  power=77.3W
[PID] perf=27.885Hz  target=8.833Hz  err=-19.052Hz  corr=-393.32W  u_ff=79.6W  PCAP→78W  power=78.4W
[PID] perf=27.882Hz  target=8.833Hz  err=-19.049Hz  corr=-393.26W  u_ff=79.6W  PCAP→78W  power=nanW
[PID] perf=27.893Hz  target=8.833Hz  err=-19.060Hz  corr=-393.47W  u_ff=79.6W  PCAP→78W  power=77.1W
[PID] perf=27.877Hz  target=8.833Hz  err=-19.044Hz  corr=-393.17W  u_ff=79.6W  PCAP→78W  power=79.2W
[PID] perf=27.900Hz  target=8.833Hz  err=-19.067Hz  corr=-393.60W  u_ff=79.6W  PCAP→78W  power=78.9W
[PID] perf=27.883Hz  target=8.833Hz  err=-19.050Hz  corr=-393.28W  u_ff=79.6W  PCAP→78W  power=78.4W
[PID] perf=27.874Hz  target=8.833Hz  err=-19.041Hz  corr=-393.11W  u_ff=79.6W  PCAP→78W  power=76.4W
[PID] perf=27.874Hz  target=8.833Hz  err=-19.041Hz  corr=-393.11W  u_ff=79.6W  PCAP→78W  power=78.4W
[PID] perf=27.880Hz  target=8.833Hz  err=-19.048Hz  corr=-393.23W  u_ff=79.6W  PCAP→78W  power=76.4W
[PID] perf=27.902Hz  target=8.833Hz  err=-19.069Hz  corr=-393.63W  u_ff=79.6W  PCAP→78W  power=77.9W
[PID] perf=27.889Hz  target=8.833Hz  err=-19.056Hz  corr=-393.39W  u_ff=79.6W  PCAP→78W  power=78.4W
[PID] perf=27.923Hz  target=8.833Hz  err=-19.090Hz  corr=-394.02W  u_ff=79.6W  PCAP→78W  power=77.8W
[PID] perf=27.932Hz  target=8.833Hz  err=-19.099Hz  corr=-394.19W  u_ff=79.6W  PCAP→78W  power=77.5W
[PID] perf=27.911Hz  target=8.833Hz  err=-19.078Hz  corr=-393.79W  u_ff=79.6W  PCAP→78W  power=78.3W
[PID] perf=27.905Hz  target=8.833Hz  err=-19.072Hz  corr=-393.69W  u_ff=79.6W  PCAP→78W  power=78.6W
[PID] perf=27.921Hz  target=8.833Hz  err=-19.088Hz  corr=-393.98W  u_ff=79.6W  PCAP→78W  power=76.9W
[PID] perf=27.955Hz  target=8.833Hz  err=-19.122Hz  corr=-394.61W  u_ff=79.6W  PCAP→78W  power=77.2W
[PID] perf=27.922Hz  target=8.833Hz  err=-19.089Hz  corr=-394.01W  u_ff=79.6W  PCAP→78W  power=77.6W
[PID] perf=27.929Hz  target=8.833Hz  err=-19.097Hz  corr=-394.14W  u_ff=79.6W  PCAP→78W  power=78.0W
[PID] perf=27.907Hz  target=8.833Hz  err=-19.075Hz  corr=-393.73W  u_ff=79.6W  PCAP→78W  power=77.1W
[PID] perf=27.929Hz  target=8.833Hz  err=-19.096Hz  corr=-394.13W  u_ff=79.6W  PCAP→78W  power=78.6W
[PID] perf=27.904Hz  target=8.833Hz  err=-19.071Hz  corr=-393.67W  u_ff=79.6W  PCAP→78W  power=78.8W
[PID] perf=27.951Hz  target=8.833Hz  err=-19.119Hz  corr=-394.55W  u_ff=79.6W  PCAP→78W  power=77.1W
[PID] perf=27.897Hz  target=8.833Hz  err=-19.064Hz  corr=-393.54W  u_ff=79.6W  PCAP→78W  power=77.9W
[PID] perf=27.941Hz  target=8.833Hz  err=-19.109Hz  corr=-394.36W  u_ff=79.6W  PCAP→78W  power=77.8W
[PID] perf=27.933Hz  target=8.833Hz  err=-19.100Hz  corr=-394.20W  u_ff=79.6W  PCAP→78W  power=79.0W
[PID] perf=27.962Hz  target=8.833Hz  err=-19.130Hz  corr=-394.75W  u_ff=79.6W  PCAP→78W  power=78.8W
[PID] perf=27.939Hz  target=8.833Hz  err=-19.106Hz  corr=-394.31W  u_ff=79.6W  PCAP→78W  power=79.0W
[PID] perf=27.902Hz  target=8.833Hz  err=-19.069Hz  corr=-393.63W  u_ff=79.6W  PCAP→78W  power=77.7W
[PID] perf=27.911Hz  target=8.833Hz  err=-19.079Hz  corr=-393.81W  u_ff=79.6W  PCAP→78W  power=78.1W
[PID] perf=27.910Hz  target=8.833Hz  err=-19.077Hz  corr=-393.77W  u_ff=79.6W  PCAP→78W  power=79.1W
[PID] perf=27.900Hz  target=8.833Hz  err=-19.067Hz  corr=-393.60W  u_ff=79.6W  PCAP→78W  power=77.4W
[PID] perf=27.891Hz  target=8.833Hz  err=-19.058Hz  corr=-393.43W  u_ff=79.6W  PCAP→78W  power=78.1W
[PID] perf=27.923Hz  target=8.833Hz  err=-19.090Hz  corr=-394.02W  u_ff=79.6W  PCAP→78W  power=78.9W
[PID] perf=27.915Hz  target=8.833Hz  err=-19.082Hz  corr=-393.88W  u_ff=79.6W  PCAP→78W  power=78.2W
[PID] perf=27.890Hz  target=8.833Hz  err=-19.057Hz  corr=-393.40W  u_ff=79.6W  PCAP→78W  power=78.6W
[PID] perf=27.880Hz  target=8.833Hz  err=-19.047Hz  corr=-393.22W  u_ff=79.6W  PCAP→78W  power=77.0W
[PID] perf=27.898Hz  target=8.833Hz  err=-19.065Hz  corr=-393.55W  u_ff=79.6W  PCAP→78W  power=nanW
[PID] perf=27.884Hz  target=8.833Hz  err=-19.051Hz  corr=-393.30W  u_ff=79.6W  PCAP→78W  power=79.3W
[PID] perf=27.880Hz  target=8.833Hz  err=-19.047Hz  corr=-393.22W  u_ff=79.6W  PCAP→78W  power=79.4W
[PID] perf=27.923Hz  target=8.833Hz  err=-19.090Hz  corr=-394.02W  u_ff=79.6W  PCAP→78W  power=77.2W
[PID] perf=27.948Hz  target=8.833Hz  err=-19.115Hz  corr=-394.48W  u_ff=79.6W  PCAP→78W  power=77.1W
[PID] perf=27.917Hz  target=8.833Hz  err=-19.084Hz  corr=-393.90W  u_ff=79.6W  PCAP→78W  power=77.7W
[PID] perf=27.919Hz  target=8.833Hz  err=-19.086Hz  corr=-393.94W  u_ff=79.6W  PCAP→78W  power=78.7W
[PID] perf=27.897Hz  target=8.833Hz  err=-19.064Hz  corr=-393.54W  u_ff=79.6W  PCAP→78W  power=78.1W
[PID] perf=27.906Hz  target=8.833Hz  err=-19.073Hz  corr=-393.70W  u_ff=79.6W  PCAP→78W  power=77.9W
[PID] perf=27.939Hz  target=8.833Hz  err=-19.106Hz  corr=-394.31W  u_ff=79.6W  PCAP→78W  power=77.0W
[PID] perf=27.890Hz  target=8.833Hz  err=-19.057Hz  corr=-393.41W  u_ff=79.6W  PCAP→78W  power=77.1W
[PID] perf=27.861Hz  target=8.833Hz  err=-19.028Hz  corr=-392.86W  u_ff=79.6W  PCAP→78W  power=77.9W
[PID] perf=27.890Hz  target=8.833Hz  err=-19.057Hz  corr=-393.41W  u_ff=79.6W  PCAP→78W  power=78.9W
[PID] perf=27.893Hz  target=8.833Hz  err=-19.060Hz  corr=-393.46W  u_ff=79.6W  PCAP→78W  power=78.3W
[PID] perf=27.908Hz  target=8.833Hz  err=-19.075Hz  corr=-393.74W  u_ff=79.6W  PCAP→78W  power=77.8W
[PID] perf=27.911Hz  target=8.833Hz  err=-19.078Hz  corr=-393.80W  u_ff=79.6W  PCAP→78W  power=76.6W
[PID] perf=27.900Hz  target=8.833Hz  err=-19.068Hz  corr=-393.60W  u_ff=79.6W  PCAP→78W  power=78.9W
[PID] perf=27.936Hz  target=8.833Hz  err=-19.103Hz  corr=-394.25W  u_ff=79.6W  PCAP→78W  power=77.7W
[PID] perf=27.904Hz  target=8.833Hz  err=-19.071Hz  corr=-393.67W  u_ff=79.6W  PCAP→78W  power=79.2W
[PID] perf=27.909Hz  target=8.833Hz  err=-19.076Hz  corr=-393.76W  u_ff=79.6W  PCAP→78W  power=76.8W
[PID] perf=27.913Hz  target=8.833Hz  err=-19.080Hz  corr=-393.84W  u_ff=79.6W  PCAP→78W  power=77.2W
[PID] perf=27.900Hz  target=8.833Hz  err=-19.067Hz  corr=-393.59W  u_ff=79.6W  PCAP→78W  power=76.5W
[PID] perf=27.918Hz  target=8.833Hz  err=-19.085Hz  corr=-393.93W  u_ff=79.6W  PCAP→78W  power=78.1W
[PID] perf=27.900Hz  target=8.833Hz  err=-19.067Hz  corr=-393.60W  u_ff=79.6W  PCAP→78W  power=78.9W
[PID] perf=27.935Hz  target=8.833Hz  err=-19.102Hz  corr=-394.24W  u_ff=79.6W  PCAP→78W  power=77.3W
[PID] perf=27.903Hz  target=8.833Hz  err=-19.071Hz  corr=-393.66W  u_ff=79.6W  PCAP→78W  power=77.4W
[PID] perf=27.914Hz  target=8.833Hz  err=-19.081Hz  corr=-393.85W  u_ff=79.6W  PCAP→78W  power=79.1W
[PID] perf=27.953Hz  target=8.833Hz  err=-19.120Hz  corr=-394.58W  u_ff=79.6W  PCAP→78W  power=78.6W
[PID] perf=27.893Hz  target=8.833Hz  err=-19.060Hz  corr=-393.46W  u_ff=79.6W  PCAP→78W  power=78.4W
[PID] perf=27.926Hz  target=8.833Hz  err=-19.093Hz  corr=-394.08W  u_ff=79.6W  PCAP→78W  power=77.6W
[PID] perf=27.902Hz  target=8.833Hz  err=-19.069Hz  corr=-393.63W  u_ff=79.6W  PCAP→78W  power=nanW
[PID] perf=27.917Hz  target=8.833Hz  err=-19.085Hz  corr=-393.92W  u_ff=79.6W  PCAP→78W  power=78.9W
[PID] perf=27.922Hz  target=8.833Hz  err=-19.089Hz  corr=-394.01W  u_ff=79.6W  PCAP→78W  power=77.7W
[PID] perf=27.903Hz  target=8.833Hz  err=-19.070Hz  corr=-393.64W  u_ff=79.6W  PCAP→78W  power=nanW
[PID] perf=27.909Hz  target=8.833Hz  err=-19.077Hz  corr=-393.77W  u_ff=79.6W  PCAP→78W  power=77.7W
[PID] perf=27.909Hz  target=8.833Hz  err=-19.076Hz  corr=-393.77W  u_ff=79.6W  PCAP→78W  power=77.5W
[PID] perf=27.925Hz  target=8.833Hz  err=-19.092Hz  corr=-394.06W  u_ff=79.6W  PCAP→78W  power=77.7W
[PID] perf=27.878Hz  target=8.833Hz  err=-19.045Hz  corr=-393.18W  u_ff=79.6W  PCAP→78W  power=77.4W
[PID] perf=27.889Hz  target=8.833Hz  err=-19.056Hz  corr=-393.40W  u_ff=79.6W  PCAP→78W  power=76.2W
[PID] perf=27.890Hz  target=8.833Hz  err=-19.057Hz  corr=-393.41W  u_ff=79.6W  PCAP→78W  power=78.2W
[PID] perf=27.902Hz  target=8.833Hz  err=-19.070Hz  corr=-393.64W  u_ff=79.6W  PCAP→78W  power=76.9W
[PID] perf=27.923Hz  target=8.833Hz  err=-19.090Hz  corr=-394.02W  u_ff=79.6W  PCAP→78W  power=77.1W
[PID] perf=27.922Hz  target=8.833Hz  err=-19.089Hz  corr=-394.00W  u_ff=79.6W  PCAP→78W  power=77.7W
[PID] perf=27.924Hz  target=8.833Hz  err=-19.091Hz  corr=-394.04W  u_ff=79.6W  PCAP→78W  power=77.0W
[PID] perf=27.898Hz  target=8.833Hz  err=-19.065Hz  corr=-393.56W  u_ff=79.6W  PCAP→78W  power=77.8W
[PID] perf=27.904Hz  target=8.833Hz  err=-19.071Hz  corr=-393.66W  u_ff=79.6W  PCAP→78W  power=79.1W
[PID] perf=27.915Hz  target=8.833Hz  err=-19.083Hz  corr=-393.88W  u_ff=79.6W  PCAP→78W  power=77.1W
[PID] perf=27.916Hz  target=8.833Hz  err=-19.083Hz  corr=-393.88W  u_ff=79.6W  PCAP→78W  power=76.9W
[PID] perf=27.937Hz  target=8.833Hz  err=-19.105Hz  corr=-394.29W  u_ff=79.6W  PCAP→78W  power=77.4W
[PID] perf=27.934Hz  target=8.833Hz  err=-19.101Hz  corr=-394.23W  u_ff=79.6W  PCAP→78W  power=78.7W
[PID] perf=27.918Hz  target=8.833Hz  err=-19.085Hz  corr=-393.93W  u_ff=79.6W  PCAP→78W  power=77.2W
[PID] perf=27.942Hz  target=8.833Hz  err=-19.109Hz  corr=-394.37W  u_ff=79.6W  PCAP→78W  power=77.7W
[PID] perf=27.970Hz  target=8.833Hz  err=-19.137Hz  corr=-394.89W  u_ff=79.6W  PCAP→78W  power=78.5W
[PID] perf=27.970Hz  target=8.833Hz  err=-19.137Hz  corr=-394.89W  u_ff=79.6W  PCAP→78W  power=78.4W
[PID] perf=27.933Hz  target=8.833Hz  err=-19.101Hz  corr=-394.21W  u_ff=79.6W  PCAP→78W  power=nanW
[PID] perf=27.915Hz  target=8.833Hz  err=-19.082Hz  corr=-393.86W  u_ff=79.6W  PCAP→78W  power=77.7W
[PID] perf=27.878Hz  target=8.833Hz  err=-19.045Hz  corr=-393.19W  u_ff=79.6W  PCAP→78W  power=77.8W
[PID] perf=27.858Hz  target=8.833Hz  err=-19.025Hz  corr=-392.82W  u_ff=79.6W  PCAP→78W  power=78.2W
[PID] perf=27.888Hz  target=8.833Hz  err=-19.056Hz  corr=-393.38W  u_ff=79.6W  PCAP→78W  power=78.3W
[PID] perf=27.902Hz  target=8.833Hz  err=-19.069Hz  corr=-393.63W  u_ff=79.6W  PCAP→78W  power=77.0W
[PID] perf=27.834Hz  target=8.833Hz  err=-19.001Hz  corr=-392.37W  u_ff=79.6W  PCAP→78W  power=nanW
[PID] perf=27.892Hz  target=8.833Hz  err=-19.059Hz  corr=-393.45W  u_ff=79.6W  PCAP→78W  power=78.1W
[PID] perf=27.823Hz  target=8.833Hz  err=-18.990Hz  corr=-392.16W  u_ff=79.6W  PCAP→78W  power=78.2W
[PID] perf=27.874Hz  target=8.833Hz  err=-19.041Hz  corr=-393.11W  u_ff=79.6W  PCAP→78W  power=76.8W
[PID] perf=27.861Hz  target=8.833Hz  err=-19.028Hz  corr=-392.88W  u_ff=79.6W  PCAP→78W  power=76.7W
[PID] perf=27.873Hz  target=8.833Hz  err=-19.040Hz  corr=-393.09W  u_ff=79.6W  PCAP→78W  power=77.9W
[PID] perf=27.858Hz  target=8.833Hz  err=-19.025Hz  corr=-392.81W  u_ff=79.6W  PCAP→78W  power=nanW
[PID] perf=27.918Hz  target=8.833Hz  err=-19.085Hz  corr=-393.93W  u_ff=79.6W  PCAP→78W  power=78.0W
[PID] perf=27.904Hz  target=8.833Hz  err=-19.071Hz  corr=-393.67W  u_ff=79.6W  PCAP→78W  power=78.3W
[PID] perf=27.863Hz  target=8.833Hz  err=-19.030Hz  corr=-392.90W  u_ff=79.6W  PCAP→78W  power=77.4W
[PID] perf=27.295Hz  target=8.833Hz  err=-18.462Hz  corr=-382.37W  u_ff=79.6W  PCAP→78W  power=77.3W
[PID] perf=27.286Hz  target=8.833Hz  err=-18.453Hz  corr=-382.20W  u_ff=79.6W  PCAP→78W  power=78.5W
[PID] perf=27.284Hz  target=8.833Hz  err=-18.451Hz  corr=-382.18W  u_ff=79.6W  PCAP→78W  power=77.9W
[PID] perf=27.308Hz  target=8.833Hz  err=-18.475Hz  corr=-382.62W  u_ff=79.6W  PCAP→78W  power=79.2W
[PID] perf=27.320Hz  target=8.833Hz  err=-18.487Hz  corr=-382.83W  u_ff=79.6W  PCAP→78W  power=79.1W
[PID] perf=27.335Hz  target=8.833Hz  err=-18.502Hz  corr=-383.12W  u_ff=79.6W  PCAP→78W  power=78.5W
[PID] perf=27.948Hz  target=8.833Hz  err=-19.115Hz  corr=-394.49W  u_ff=79.6W  PCAP→78W  power=76.6W
[PID] perf=27.944Hz  target=8.833Hz  err=-19.111Hz  corr=-394.41W  u_ff=79.6W  PCAP→78W  power=78.2W
[PID] perf=27.912Hz  target=8.833Hz  err=-19.079Hz  corr=-393.82W  u_ff=79.6W  PCAP→78W  power=77.2W
[PID] perf=27.903Hz  target=8.833Hz  err=-19.071Hz  corr=-393.66W  u_ff=79.6W  PCAP→78W  power=78.0W
[PID] perf=27.902Hz  target=8.833Hz  err=-19.069Hz  corr=-393.62W  u_ff=79.6W  PCAP→78W  power=77.7W
[PID] perf=27.873Hz  target=8.833Hz  err=-19.041Hz  corr=-393.10W  u_ff=79.6W  PCAP→78W  power=77.7W
[PID] perf=27.892Hz  target=8.833Hz  err=-19.059Hz  corr=-393.44W  u_ff=79.6W  PCAP→78W  power=78.1W
[PID] perf=27.883Hz  target=8.833Hz  err=-19.051Hz  corr=-393.29W  u_ff=79.6W  PCAP→78W  power=79.0W
[PID] perf=27.876Hz  target=8.833Hz  err=-19.044Hz  corr=-393.16W  u_ff=79.6W  PCAP→78W  power=77.0W
[PID] perf=27.888Hz  target=8.833Hz  err=-19.055Hz  corr=-393.37W  u_ff=79.6W  PCAP→78W  power=77.7W
[PID] perf=27.863Hz  target=8.833Hz  err=-19.030Hz  corr=-392.91W  u_ff=79.6W  PCAP→78W  power=77.4W
[PID] perf=27.884Hz  target=8.833Hz  err=-19.051Hz  corr=-393.30W  u_ff=79.6W  PCAP→78W  power=77.5W
[PID] perf=27.887Hz  target=8.833Hz  err=-19.054Hz  corr=-393.35W  u_ff=79.6W  PCAP→78W  power=78.9W
[PID] perf=27.912Hz  target=8.833Hz  err=-19.079Hz  corr=-393.81W  u_ff=79.6W  PCAP→78W  power=78.4W
[PID] perf=27.920Hz  target=8.833Hz  err=-19.088Hz  corr=-393.97W  u_ff=79.6W  PCAP→78W  power=78.0W
[PID] perf=27.891Hz  target=8.833Hz  err=-19.058Hz  corr=-393.43W  u_ff=79.6W  PCAP→78W  power=77.2W
[PID] perf=27.867Hz  target=8.833Hz  err=-19.034Hz  corr=-392.98W  u_ff=79.6W  PCAP→78W  power=79.5W
[PID] perf=27.869Hz  target=8.833Hz  err=-19.037Hz  corr=-393.03W  u_ff=79.6W  PCAP→78W  power=78.5W
[PID] perf=27.871Hz  target=8.833Hz  err=-19.038Hz  corr=-393.05W  u_ff=79.6W  PCAP→78W  power=77.3W
[PID] perf=27.881Hz  target=8.833Hz  err=-19.048Hz  corr=-393.24W  u_ff=79.6W  PCAP→78W  power=77.9W
[PID] perf=27.867Hz  target=8.833Hz  err=-19.035Hz  corr=-392.99W  u_ff=79.6W  PCAP→78W  power=77.0W
[PID] perf=27.869Hz  target=8.833Hz  err=-19.037Hz  corr=-393.03W  u_ff=79.6W  PCAP→78W  power=77.7W
[PID] perf=27.867Hz  target=8.833Hz  err=-19.034Hz  corr=-392.99W  u_ff=79.6W  PCAP→78W  power=78.4W
[PID] perf=27.866Hz  target=8.833Hz  err=-19.033Hz  corr=-392.96W  u_ff=79.6W  PCAP→78W  power=78.5W
[PID] perf=27.808Hz  target=8.833Hz  err=-18.976Hz  corr=-391.90W  u_ff=79.6W  PCAP→78W  power=78.9W
Process completed.
Compressed into /home/cc/summer2024/main_codes/pid_controller/../experiment_data/PID_Control_sweep/ones-npb-cg/compressed_iteration_20260512_230716.tar
----------------------------------

>>> Step 2/3

[ones-npb-cg]
  target perf      : 8.8328 Hz
  coefficients_perf: [-0.0006547837485238978, 0.18607436314256556, -1.8317688501798497]
  feedforward PCAP : 79.62 W  →  78 W (snapped)
  Perf(u_ff) check : 8.8328 Hz  (should ≈ target)
  PID gains        : Kp=18.5447 W/Hz  Ki=1.85447 W/(Hz·s)  Kd=0.0000
[PID] Awaiting data — feedforward PCAP=78W
[PID] Awaiting data — feedforward PCAP=78W
[PID] Awaiting data — feedforward PCAP=78W
[PID] Awaiting data — feedforward PCAP=78W
[PID] Awaiting data — feedforward PCAP=78W
[PID] Awaiting data — feedforward PCAP=78W
[PID] perf=18.005Hz  target=8.833Hz  err=-9.173Hz  corr=-204.13W  u_ff=79.6W  PCAP→78W  power=nanW
[PID] perf=18.160Hz  target=8.833Hz  err=-9.327Hz  corr=-212.97W  u_ff=79.6W  PCAP→78W  power=79.2W
[PID] perf=18.183Hz  target=8.833Hz  err=-9.350Hz  corr=-213.39W  u_ff=79.6W  PCAP→78W  power=78.1W
[PID] perf=18.191Hz  target=8.833Hz  err=-9.358Hz  corr=-213.55W  u_ff=79.6W  PCAP→78W  power=76.8W
[PID] perf=18.182Hz  target=8.833Hz  err=-9.349Hz  corr=-213.38W  u_ff=79.6W  PCAP→78W  power=79.1W
[PID] perf=18.202Hz  target=8.833Hz  err=-9.369Hz  corr=-213.74W  u_ff=79.6W  PCAP→78W  power=79.5W
[PID] perf=18.161Hz  target=8.833Hz  err=-9.328Hz  corr=-212.99W  u_ff=79.6W  PCAP→78W  power=79.3W
[PID] perf=18.192Hz  target=8.833Hz  err=-9.359Hz  corr=-213.56W  u_ff=79.6W  PCAP→78W  power=77.3W
[PID] perf=18.188Hz  target=8.833Hz  err=-9.355Hz  corr=-213.49W  u_ff=79.6W  PCAP→78W  power=78.5W
[PID] perf=18.182Hz  target=8.833Hz  err=-9.349Hz  corr=-213.38W  u_ff=79.6W  PCAP→78W  power=76.6W
[PID] perf=18.184Hz  target=8.833Hz  err=-9.351Hz  corr=-213.41W  u_ff=79.6W  PCAP→78W  power=77.4W
[PID] perf=18.169Hz  target=8.833Hz  err=-9.336Hz  corr=-213.13W  u_ff=79.6W  PCAP→78W  power=76.8W
[PID] perf=18.186Hz  target=8.833Hz  err=-9.353Hz  corr=-213.45W  u_ff=79.6W  PCAP→78W  power=76.5W
[PID] perf=18.183Hz  target=8.833Hz  err=-9.350Hz  corr=-213.40W  u_ff=79.6W  PCAP→78W  power=78.5W
[PID] perf=18.166Hz  target=8.833Hz  err=-9.333Hz  corr=-213.08W  u_ff=79.6W  PCAP→78W  power=77.4W
[PID] perf=18.184Hz  target=8.833Hz  err=-9.351Hz  corr=-213.41W  u_ff=79.6W  PCAP→78W  power=79.2W
[PID] perf=18.209Hz  target=8.833Hz  err=-9.376Hz  corr=-213.88W  u_ff=79.6W  PCAP→78W  power=78.9W
[PID] perf=18.198Hz  target=8.833Hz  err=-9.365Hz  corr=-213.67W  u_ff=79.6W  PCAP→78W  power=78.9W
[PID] perf=18.105Hz  target=8.833Hz  err=-9.272Hz  corr=-211.94W  u_ff=79.6W  PCAP→78W  power=79.4W
[PID] perf=18.179Hz  target=8.833Hz  err=-9.347Hz  corr=-213.33W  u_ff=79.6W  PCAP→78W  power=77.8W
[PID] perf=18.178Hz  target=8.833Hz  err=-9.345Hz  corr=-213.30W  u_ff=79.6W  PCAP→78W  power=77.6W
[PID] perf=18.078Hz  target=8.833Hz  err=-9.245Hz  corr=-211.45W  u_ff=79.6W  PCAP→78W  power=79.2W
[PID] perf=18.066Hz  target=8.833Hz  err=-9.233Hz  corr=-211.22W  u_ff=79.6W  PCAP→78W  power=79.2W
[PID] perf=18.149Hz  target=8.833Hz  err=-9.316Hz  corr=-212.77W  u_ff=79.6W  PCAP→78W  power=77.8W
[PID] perf=18.167Hz  target=8.833Hz  err=-9.335Hz  corr=-213.11W  u_ff=79.6W  PCAP→78W  power=76.4W
[PID] perf=18.171Hz  target=8.833Hz  err=-9.338Hz  corr=-213.18W  u_ff=79.6W  PCAP→78W  power=78.1W
[PID] perf=18.196Hz  target=8.833Hz  err=-9.363Hz  corr=-213.64W  u_ff=79.6W  PCAP→78W  power=77.3W
[PID] perf=18.181Hz  target=8.833Hz  err=-9.348Hz  corr=-213.36W  u_ff=79.6W  PCAP→78W  power=77.9W
[PID] perf=18.190Hz  target=8.833Hz  err=-9.357Hz  corr=-213.52W  u_ff=79.6W  PCAP→78W  power=78.9W
[PID] perf=18.168Hz  target=8.833Hz  err=-9.335Hz  corr=-213.12W  u_ff=79.6W  PCAP→78W  power=77.4W
[PID] perf=18.153Hz  target=8.833Hz  err=-9.320Hz  corr=-212.83W  u_ff=79.6W  PCAP→78W  power=78.1W
[PID] perf=18.185Hz  target=8.833Hz  err=-9.352Hz  corr=-213.43W  u_ff=79.6W  PCAP→78W  power=79.1W
[PID] perf=18.174Hz  target=8.833Hz  err=-9.341Hz  corr=-213.22W  u_ff=79.6W  PCAP→78W  power=78.2W
[PID] perf=18.182Hz  target=8.833Hz  err=-9.350Hz  corr=-213.38W  u_ff=79.6W  PCAP→78W  power=76.7W
[PID] perf=18.162Hz  target=8.833Hz  err=-9.329Hz  corr=-213.00W  u_ff=79.6W  PCAP→78W  power=76.6W
[PID] perf=18.171Hz  target=8.833Hz  err=-9.338Hz  corr=-213.18W  u_ff=79.6W  PCAP→78W  power=77.4W
[PID] perf=18.171Hz  target=8.833Hz  err=-9.338Hz  corr=-213.18W  u_ff=79.6W  PCAP→78W  power=78.4W
[PID] perf=18.175Hz  target=8.833Hz  err=-9.342Hz  corr=-213.25W  u_ff=79.6W  PCAP→78W  power=78.1W
[PID] perf=18.181Hz  target=8.833Hz  err=-9.348Hz  corr=-213.36W  u_ff=79.6W  PCAP→78W  power=78.7W
[PID] perf=18.153Hz  target=8.833Hz  err=-9.320Hz  corr=-212.83W  u_ff=79.6W  PCAP→78W  power=77.5W
[PID] perf=18.221Hz  target=8.833Hz  err=-9.388Hz  corr=-214.10W  u_ff=79.6W  PCAP→78W  power=76.8W
[PID] perf=18.202Hz  target=8.833Hz  err=-9.370Hz  corr=-213.76W  u_ff=79.6W  PCAP→78W  power=77.5W
[PID] perf=18.203Hz  target=8.833Hz  err=-9.370Hz  corr=-213.77W  u_ff=79.6W  PCAP→78W  power=78.0W
[PID] perf=18.167Hz  target=8.833Hz  err=-9.335Hz  corr=-213.11W  u_ff=79.6W  PCAP→78W  power=79.2W
[PID] perf=18.198Hz  target=8.833Hz  err=-9.365Hz  corr=-213.67W  u_ff=79.6W  PCAP→78W  power=78.3W
[PID] perf=18.191Hz  target=8.833Hz  err=-9.358Hz  corr=-213.54W  u_ff=79.6W  PCAP→78W  power=78.2W
[PID] perf=18.205Hz  target=8.833Hz  err=-9.372Hz  corr=-213.81W  u_ff=79.6W  PCAP→78W  power=76.8W
[PID] perf=18.209Hz  target=8.833Hz  err=-9.376Hz  corr=-213.87W  u_ff=79.6W  PCAP→78W  power=79.0W
[PID] perf=18.220Hz  target=8.833Hz  err=-9.387Hz  corr=-214.08W  u_ff=79.6W  PCAP→78W  power=77.7W
[PID] perf=18.102Hz  target=8.833Hz  err=-9.269Hz  corr=-211.89W  u_ff=79.6W  PCAP→78W  power=77.6W
[PID] perf=18.114Hz  target=8.833Hz  err=-9.281Hz  corr=-212.12W  u_ff=79.6W  PCAP→78W  power=77.7W
[PID] perf=18.078Hz  target=8.833Hz  err=-9.245Hz  corr=-211.45W  u_ff=79.6W  PCAP→78W  power=77.3W
[PID] perf=18.102Hz  target=8.833Hz  err=-9.270Hz  corr=-211.90W  u_ff=79.6W  PCAP→78W  power=77.3W
[PID] perf=18.087Hz  target=8.833Hz  err=-9.254Hz  corr=-211.61W  u_ff=79.6W  PCAP→78W  power=77.4W
[PID] perf=18.137Hz  target=8.833Hz  err=-9.304Hz  corr=-212.53W  u_ff=79.6W  PCAP→78W  power=78.7W
[PID] perf=18.188Hz  target=8.833Hz  err=-9.355Hz  corr=-213.49W  u_ff=79.6W  PCAP→78W  power=77.7W
[PID] perf=18.195Hz  target=8.833Hz  err=-9.362Hz  corr=-213.61W  u_ff=79.6W  PCAP→78W  power=77.8W
[PID] perf=18.200Hz  target=8.833Hz  err=-9.367Hz  corr=-213.70W  u_ff=79.6W  PCAP→78W  power=78.8W
[PID] perf=18.191Hz  target=8.833Hz  err=-9.358Hz  corr=-213.54W  u_ff=79.6W  PCAP→78W  power=78.9W
[PID] perf=18.218Hz  target=8.833Hz  err=-9.386Hz  corr=-214.05W  u_ff=79.6W  PCAP→78W  power=77.2W
[PID] perf=18.197Hz  target=8.833Hz  err=-9.365Hz  corr=-213.66W  u_ff=79.6W  PCAP→78W  power=78.2W
[PID] perf=18.192Hz  target=8.833Hz  err=-9.359Hz  corr=-213.56W  u_ff=79.6W  PCAP→78W  power=76.6W
[PID] perf=18.192Hz  target=8.833Hz  err=-9.359Hz  corr=-213.56W  u_ff=79.6W  PCAP→78W  power=77.1W
[PID] perf=18.190Hz  target=8.833Hz  err=-9.357Hz  corr=-213.52W  u_ff=79.6W  PCAP→78W  power=77.9W
[PID] perf=18.187Hz  target=8.833Hz  err=-9.354Hz  corr=-213.47W  u_ff=79.6W  PCAP→78W  power=76.6W
[PID] perf=18.145Hz  target=8.833Hz  err=-9.312Hz  corr=-212.69W  u_ff=79.6W  PCAP→78W  power=77.4W
[PID] perf=18.181Hz  target=8.833Hz  err=-9.348Hz  corr=-213.36W  u_ff=79.6W  PCAP→78W  power=78.3W
[PID] perf=18.177Hz  target=8.833Hz  err=-9.344Hz  corr=-213.29W  u_ff=79.6W  PCAP→78W  power=77.3W
[PID] perf=24.284Hz  target=8.833Hz  err=-15.451Hz  corr=-326.54W  u_ff=79.6W  PCAP→78W  power=77.8W
[PID] perf=24.584Hz  target=8.833Hz  err=-15.751Hz  corr=-332.09W  u_ff=79.6W  PCAP→78W  power=78.3W
[PID] perf=29.364Hz  target=8.833Hz  err=-20.532Hz  corr=-420.75W  u_ff=79.6W  PCAP→78W  power=78.7W
[PID] perf=29.419Hz  target=8.833Hz  err=-20.586Hz  corr=-421.76W  u_ff=79.6W  PCAP→78W  power=78.2W
[PID] perf=29.367Hz  target=8.833Hz  err=-20.535Hz  corr=-420.81W  u_ff=79.6W  PCAP→78W  power=78.1W
[PID] perf=29.409Hz  target=8.833Hz  err=-20.576Hz  corr=-421.57W  u_ff=79.6W  PCAP→78W  power=78.0W
[PID] perf=29.417Hz  target=8.833Hz  err=-20.584Hz  corr=-421.73W  u_ff=79.6W  PCAP→78W  power=77.4W
[PID] perf=29.395Hz  target=8.833Hz  err=-20.562Hz  corr=-421.32W  u_ff=79.6W  PCAP→78W  power=79.2W
[PID] perf=29.408Hz  target=8.833Hz  err=-20.575Hz  corr=-421.56W  u_ff=79.6W  PCAP→78W  power=76.9W
[PID] perf=29.388Hz  target=8.833Hz  err=-20.555Hz  corr=-421.18W  u_ff=79.6W  PCAP→78W  power=79.1W
[PID] perf=29.444Hz  target=8.833Hz  err=-20.611Hz  corr=-422.22W  u_ff=79.6W  PCAP→78W  power=77.1W
[PID] perf=29.443Hz  target=8.833Hz  err=-20.610Hz  corr=-422.21W  u_ff=79.6W  PCAP→78W  power=76.3W
[PID] perf=29.423Hz  target=8.833Hz  err=-20.590Hz  corr=-421.84W  u_ff=79.6W  PCAP→78W  power=76.4W
[PID] perf=29.412Hz  target=8.833Hz  err=-20.579Hz  corr=-421.63W  u_ff=79.6W  PCAP→78W  power=76.9W
[PID] perf=29.423Hz  target=8.833Hz  err=-20.590Hz  corr=-421.83W  u_ff=79.6W  PCAP→78W  power=77.0W
[PID] perf=29.403Hz  target=8.833Hz  err=-20.571Hz  corr=-421.48W  u_ff=79.6W  PCAP→78W  power=77.1W
[PID] perf=29.402Hz  target=8.833Hz  err=-20.569Hz  corr=-421.44W  u_ff=79.6W  PCAP→78W  power=78.5W
[PID] perf=29.418Hz  target=8.833Hz  err=-20.585Hz  corr=-421.75W  u_ff=79.6W  PCAP→78W  power=79.2W
[PID] perf=29.438Hz  target=8.833Hz  err=-20.605Hz  corr=-422.12W  u_ff=79.6W  PCAP→78W  power=79.3W
[PID] perf=29.425Hz  target=8.833Hz  err=-20.592Hz  corr=-421.87W  u_ff=79.6W  PCAP→78W  power=77.8W
[PID] perf=29.412Hz  target=8.833Hz  err=-20.579Hz  corr=-421.63W  u_ff=79.6W  PCAP→78W  power=77.2W
[PID] perf=29.421Hz  target=8.833Hz  err=-20.588Hz  corr=-421.81W  u_ff=79.6W  PCAP→78W  power=77.4W
[PID] perf=29.477Hz  target=8.833Hz  err=-20.644Hz  corr=-422.84W  u_ff=79.6W  PCAP→78W  power=77.4W
[PID] perf=29.454Hz  target=8.833Hz  err=-20.621Hz  corr=-422.40W  u_ff=79.6W  PCAP→78W  power=77.3W
[PID] perf=29.428Hz  target=8.833Hz  err=-20.596Hz  corr=-421.94W  u_ff=79.6W  PCAP→78W  power=77.3W
[PID] perf=29.416Hz  target=8.833Hz  err=-20.583Hz  corr=-421.71W  u_ff=79.6W  PCAP→78W  power=77.6W
[PID] perf=29.358Hz  target=8.833Hz  err=-20.525Hz  corr=-420.63W  u_ff=79.6W  PCAP→78W  power=79.6W
[PID] perf=29.398Hz  target=8.833Hz  err=-20.565Hz  corr=-421.38W  u_ff=79.6W  PCAP→78W  power=79.2W
[PID] perf=29.415Hz  target=8.833Hz  err=-20.582Hz  corr=-421.69W  u_ff=79.6W  PCAP→78W  power=77.2W
[PID] perf=29.401Hz  target=8.833Hz  err=-20.568Hz  corr=-421.42W  u_ff=79.6W  PCAP→78W  power=76.5W
[PID] perf=29.396Hz  target=8.833Hz  err=-20.564Hz  corr=-421.34W  u_ff=79.6W  PCAP→78W  power=77.0W
[PID] perf=29.420Hz  target=8.833Hz  err=-20.587Hz  corr=-421.78W  u_ff=79.6W  PCAP→78W  power=77.4W
[PID] perf=29.413Hz  target=8.833Hz  err=-20.581Hz  corr=-421.66W  u_ff=79.6W  PCAP→78W  power=77.1W
[PID] perf=29.416Hz  target=8.833Hz  err=-20.583Hz  corr=-421.71W  u_ff=79.6W  PCAP→78W  power=79.0W
[PID] perf=29.411Hz  target=8.833Hz  err=-20.578Hz  corr=-421.61W  u_ff=79.6W  PCAP→78W  power=77.1W
[PID] perf=29.402Hz  target=8.833Hz  err=-20.569Hz  corr=-421.45W  u_ff=79.6W  PCAP→78W  power=79.3W
[PID] perf=29.361Hz  target=8.833Hz  err=-20.529Hz  corr=-420.70W  u_ff=79.6W  PCAP→78W  power=78.5W
[PID] perf=29.390Hz  target=8.833Hz  err=-20.558Hz  corr=-421.23W  u_ff=79.6W  PCAP→78W  power=76.8W
[PID] perf=29.422Hz  target=8.833Hz  err=-20.589Hz  corr=-421.82W  u_ff=79.6W  PCAP→78W  power=77.7W
[PID] perf=29.345Hz  target=8.833Hz  err=-20.512Hz  corr=-420.40W  u_ff=79.6W  PCAP→78W  power=77.1W
[PID] perf=29.433Hz  target=8.833Hz  err=-20.600Hz  corr=-422.02W  u_ff=79.6W  PCAP→78W  power=78.6W
[PID] perf=29.405Hz  target=8.833Hz  err=-20.572Hz  corr=-421.51W  u_ff=79.6W  PCAP→78W  power=77.2W
[PID] perf=29.416Hz  target=8.833Hz  err=-20.584Hz  corr=-421.71W  u_ff=79.6W  PCAP→78W  power=76.7W
[PID] perf=29.416Hz  target=8.833Hz  err=-20.583Hz  corr=-421.71W  u_ff=79.6W  PCAP→78W  power=76.9W
[PID] perf=29.403Hz  target=8.833Hz  err=-20.571Hz  corr=-421.47W  u_ff=79.6W  PCAP→78W  power=76.7W
[PID] perf=29.400Hz  target=8.833Hz  err=-20.567Hz  corr=-421.42W  u_ff=79.6W  PCAP→78W  power=78.9W
[PID] perf=29.406Hz  target=8.833Hz  err=-20.573Hz  corr=-421.52W  u_ff=79.6W  PCAP→78W  power=77.1W
[PID] perf=29.424Hz  target=8.833Hz  err=-20.591Hz  corr=-421.86W  u_ff=79.6W  PCAP→78W  power=77.7W
[PID] perf=29.392Hz  target=8.833Hz  err=-20.559Hz  corr=-421.26W  u_ff=79.6W  PCAP→78W  power=78.3W
[PID] perf=29.415Hz  target=8.833Hz  err=-20.582Hz  corr=-421.69W  u_ff=79.6W  PCAP→78W  power=79.6W
[PID] perf=29.409Hz  target=8.833Hz  err=-20.576Hz  corr=-421.58W  u_ff=79.6W  PCAP→78W  power=78.4W
[PID] perf=29.416Hz  target=8.833Hz  err=-20.584Hz  corr=-421.72W  u_ff=79.6W  PCAP→78W  power=77.8W
[PID] perf=29.425Hz  target=8.833Hz  err=-20.592Hz  corr=-421.88W  u_ff=79.6W  PCAP→78W  power=79.4W
[PID] perf=29.351Hz  target=8.833Hz  err=-20.518Hz  corr=-420.50W  u_ff=79.6W  PCAP→78W  power=76.9W
[PID] perf=29.395Hz  target=8.833Hz  err=-20.562Hz  corr=-421.31W  u_ff=79.6W  PCAP→78W  power=77.1W
[PID] perf=29.355Hz  target=8.833Hz  err=-20.523Hz  corr=-420.59W  u_ff=79.6W  PCAP→78W  power=76.7W
[PID] perf=29.429Hz  target=8.833Hz  err=-20.596Hz  corr=-421.94W  u_ff=79.6W  PCAP→78W  power=77.4W
[PID] perf=29.414Hz  target=8.833Hz  err=-20.581Hz  corr=-421.67W  u_ff=79.6W  PCAP→78W  power=76.3W
[PID] perf=29.400Hz  target=8.833Hz  err=-20.567Hz  corr=-421.41W  u_ff=79.6W  PCAP→78W  power=76.8W
[PID] perf=29.417Hz  target=8.833Hz  err=-20.584Hz  corr=-421.73W  u_ff=79.6W  PCAP→78W  power=76.9W
[PID] perf=29.370Hz  target=8.833Hz  err=-20.537Hz  corr=-420.85W  u_ff=79.6W  PCAP→78W  power=79.0W
[PID] perf=29.404Hz  target=8.833Hz  err=-20.571Hz  corr=-421.48W  u_ff=79.6W  PCAP→78W  power=78.8W
[PID] perf=29.366Hz  target=8.833Hz  err=-20.533Hz  corr=-420.78W  u_ff=79.6W  PCAP→78W  power=78.6W
[PID] perf=26.931Hz  target=8.833Hz  err=-18.098Hz  corr=-375.63W  u_ff=79.6W  PCAP→78W  power=78.6W
[PID] perf=27.002Hz  target=8.833Hz  err=-18.169Hz  corr=-376.94W  u_ff=79.6W  PCAP→78W  power=78.1W
[PID] perf=27.493Hz  target=8.833Hz  err=-18.660Hz  corr=-386.05W  u_ff=79.6W  PCAP→78W  power=77.8W
[PID] perf=27.663Hz  target=8.833Hz  err=-18.830Hz  corr=-389.20W  u_ff=79.6W  PCAP→78W  power=76.6W
[PID] perf=27.641Hz  target=8.833Hz  err=-18.808Hz  corr=-388.79W  u_ff=79.6W  PCAP→78W  power=77.5W
[PID] perf=27.639Hz  target=8.833Hz  err=-18.806Hz  corr=-388.76W  u_ff=79.6W  PCAP→78W  power=77.0W
[PID] perf=27.649Hz  target=8.833Hz  err=-18.816Hz  corr=-388.94W  u_ff=79.6W  PCAP→78W  power=78.5W
[PID] perf=27.652Hz  target=8.833Hz  err=-18.819Hz  corr=-389.00W  u_ff=79.6W  PCAP→78W  power=77.7W
[PID] perf=27.635Hz  target=8.833Hz  err=-18.802Hz  corr=-388.68W  u_ff=79.6W  PCAP→78W  power=77.1W
[PID] perf=27.620Hz  target=8.833Hz  err=-18.787Hz  corr=-388.41W  u_ff=79.6W  PCAP→78W  power=77.1W
[PID] perf=27.666Hz  target=8.833Hz  err=-18.833Hz  corr=-389.26W  u_ff=79.6W  PCAP→78W  power=78.8W
[PID] perf=27.640Hz  target=8.833Hz  err=-18.807Hz  corr=-388.77W  u_ff=79.6W  PCAP→78W  power=78.6W
[PID] perf=27.683Hz  target=8.833Hz  err=-18.851Hz  corr=-389.58W  u_ff=79.6W  PCAP→78W  power=78.9W
[PID] perf=27.513Hz  target=8.833Hz  err=-18.680Hz  corr=-386.42W  u_ff=79.6W  PCAP→78W  power=79.2W
[PID] perf=27.550Hz  target=8.833Hz  err=-18.717Hz  corr=-387.10W  u_ff=79.6W  PCAP→78W  power=79.5W
[PID] perf=27.659Hz  target=8.833Hz  err=-18.826Hz  corr=-389.12W  u_ff=79.6W  PCAP→78W  power=78.8W
[PID] perf=27.620Hz  target=8.833Hz  err=-18.787Hz  corr=-388.40W  u_ff=79.6W  PCAP→78W  power=77.6W
[PID] perf=27.645Hz  target=8.833Hz  err=-18.812Hz  corr=-388.86W  u_ff=79.6W  PCAP→78W  power=77.8W
[PID] perf=27.664Hz  target=8.833Hz  err=-18.831Hz  corr=-389.22W  u_ff=79.6W  PCAP→78W  power=76.6W
[PID] perf=27.679Hz  target=8.833Hz  err=-18.846Hz  corr=-389.49W  u_ff=79.6W  PCAP→78W  power=77.4W
[PID] perf=27.639Hz  target=8.833Hz  err=-18.806Hz  corr=-388.75W  u_ff=79.6W  PCAP→78W  power=77.2W
[PID] perf=27.647Hz  target=8.833Hz  err=-18.814Hz  corr=-388.90W  u_ff=79.6W  PCAP→78W  power=77.7W
[PID] perf=27.635Hz  target=8.833Hz  err=-18.802Hz  corr=-388.68W  u_ff=79.6W  PCAP→78W  power=78.9W
[PID] perf=27.658Hz  target=8.833Hz  err=-18.825Hz  corr=-389.11W  u_ff=79.6W  PCAP→78W  power=77.1W
[PID] perf=27.653Hz  target=8.833Hz  err=-18.820Hz  corr=-389.01W  u_ff=79.6W  PCAP→78W  power=76.7W
[PID] perf=27.643Hz  target=8.833Hz  err=-18.810Hz  corr=-388.83W  u_ff=79.6W  PCAP→78W  power=77.2W
[PID] perf=27.622Hz  target=8.833Hz  err=-18.790Hz  corr=-388.45W  u_ff=79.6W  PCAP→78W  power=77.3W
[PID] perf=27.657Hz  target=8.833Hz  err=-18.824Hz  corr=-389.08W  u_ff=79.6W  PCAP→78W  power=79.4W
[PID] perf=27.635Hz  target=8.833Hz  err=-18.803Hz  corr=-388.69W  u_ff=79.6W  PCAP→78W  power=79.1W
[PID] perf=27.666Hz  target=8.833Hz  err=-18.833Hz  corr=-389.25W  u_ff=79.6W  PCAP→78W  power=77.3W
[PID] perf=27.652Hz  target=8.833Hz  err=-18.819Hz  corr=-388.99W  u_ff=79.6W  PCAP→78W  power=77.7W
[PID] perf=27.639Hz  target=8.833Hz  err=-18.807Hz  corr=-388.76W  u_ff=79.6W  PCAP→78W  power=77.7W
[PID] perf=27.644Hz  target=8.833Hz  err=-18.811Hz  corr=-388.85W  u_ff=79.6W  PCAP→78W  power=77.0W
[PID] perf=27.628Hz  target=8.833Hz  err=-18.795Hz  corr=-388.54W  u_ff=79.6W  PCAP→78W  power=77.4W
[PID] perf=27.572Hz  target=8.833Hz  err=-18.740Hz  corr=-387.52W  u_ff=79.6W  PCAP→78W  power=78.6W
[PID] perf=27.640Hz  target=8.833Hz  err=-18.807Hz  corr=-388.77W  u_ff=79.6W  PCAP→78W  power=76.7W
[PID] perf=27.625Hz  target=8.833Hz  err=-18.792Hz  corr=-388.49W  u_ff=79.6W  PCAP→78W  power=78.9W
[PID] perf=27.646Hz  target=8.833Hz  err=-18.813Hz  corr=-388.88W  u_ff=79.6W  PCAP→78W  power=77.5W
[PID] perf=27.659Hz  target=8.833Hz  err=-18.826Hz  corr=-389.12W  u_ff=79.6W  PCAP→78W  power=76.9W
[PID] perf=27.670Hz  target=8.833Hz  err=-18.838Hz  corr=-389.34W  u_ff=79.6W  PCAP→78W  power=78.5W
[PID] perf=27.651Hz  target=8.833Hz  err=-18.818Hz  corr=-388.97W  u_ff=79.6W  PCAP→78W  power=78.2W
[PID] perf=27.642Hz  target=8.833Hz  err=-18.809Hz  corr=-388.82W  u_ff=79.6W  PCAP→78W  power=78.2W
[PID] perf=27.628Hz  target=8.833Hz  err=-18.796Hz  corr=-388.56W  u_ff=79.6W  PCAP→78W  power=77.6W
[PID] perf=27.604Hz  target=8.833Hz  err=-18.771Hz  corr=-388.11W  u_ff=79.6W  PCAP→78W  power=77.7W
[PID] perf=27.635Hz  target=8.833Hz  err=-18.802Hz  corr=-388.67W  u_ff=79.6W  PCAP→78W  power=77.1W
[PID] perf=27.669Hz  target=8.833Hz  err=-18.836Hz  corr=-389.30W  u_ff=79.6W  PCAP→78W  power=79.1W
[PID] perf=27.618Hz  target=8.833Hz  err=-18.785Hz  corr=-388.36W  u_ff=79.6W  PCAP→78W  power=78.4W
[PID] perf=27.641Hz  target=8.833Hz  err=-18.808Hz  corr=-388.80W  u_ff=79.6W  PCAP→78W  power=78.4W
[PID] perf=27.623Hz  target=8.833Hz  err=-18.790Hz  corr=-388.45W  u_ff=79.6W  PCAP→78W  power=77.9W
[PID] perf=27.642Hz  target=8.833Hz  err=-18.810Hz  corr=-388.82W  u_ff=79.6W  PCAP→78W  power=78.3W
[PID] perf=27.664Hz  target=8.833Hz  err=-18.831Hz  corr=-389.22W  u_ff=79.6W  PCAP→78W  power=79.1W
[PID] perf=27.650Hz  target=8.833Hz  err=-18.818Hz  corr=-388.97W  u_ff=79.6W  PCAP→78W  power=79.0W
[PID] perf=27.650Hz  target=8.833Hz  err=-18.818Hz  corr=-388.97W  u_ff=79.6W  PCAP→78W  power=77.8W
[PID] perf=27.658Hz  target=8.833Hz  err=-18.825Hz  corr=-389.11W  u_ff=79.6W  PCAP→78W  power=77.7W
[PID] perf=27.688Hz  target=8.833Hz  err=-18.855Hz  corr=-389.66W  u_ff=79.6W  PCAP→78W  power=78.5W
[PID] perf=27.668Hz  target=8.833Hz  err=-18.836Hz  corr=-389.30W  u_ff=79.6W  PCAP→78W  power=78.7W
[PID] perf=27.658Hz  target=8.833Hz  err=-18.825Hz  corr=-389.11W  u_ff=79.6W  PCAP→78W  power=78.1W
[PID] perf=27.671Hz  target=8.833Hz  err=-18.838Hz  corr=-389.35W  u_ff=79.6W  PCAP→78W  power=77.4W
[PID] perf=27.667Hz  target=8.833Hz  err=-18.834Hz  corr=-389.28W  u_ff=79.6W  PCAP→78W  power=76.5W
[PID] perf=27.671Hz  target=8.833Hz  err=-18.838Hz  corr=-389.35W  u_ff=79.6W  PCAP→78W  power=77.9W
[PID] perf=27.658Hz  target=8.833Hz  err=-18.825Hz  corr=-389.10W  u_ff=79.6W  PCAP→78W  power=77.7W
[PID] perf=27.686Hz  target=8.833Hz  err=-18.853Hz  corr=-389.62W  u_ff=79.6W  PCAP→78W  power=78.4W
[PID] perf=27.668Hz  target=8.833Hz  err=-18.835Hz  corr=-389.30W  u_ff=79.6W  PCAP→78W  power=78.9W
[PID] perf=27.629Hz  target=8.833Hz  err=-18.796Hz  corr=-388.57W  u_ff=79.6W  PCAP→78W  power=78.9W
[PID] perf=27.629Hz  target=8.833Hz  err=-18.796Hz  corr=-388.57W  u_ff=79.6W  PCAP→78W  power=79.2W
[PID] perf=27.612Hz  target=8.833Hz  err=-18.779Hz  corr=-388.26W  u_ff=79.6W  PCAP→78W  power=78.9W
[PID] perf=27.642Hz  target=8.833Hz  err=-18.809Hz  corr=-388.81W  u_ff=79.6W  PCAP→78W  power=78.6W
[PID] perf=27.623Hz  target=8.833Hz  err=-18.790Hz  corr=-388.45W  u_ff=79.6W  PCAP→78W  power=77.7W
[PID] perf=27.648Hz  target=8.833Hz  err=-18.815Hz  corr=-388.92W  u_ff=79.6W  PCAP→78W  power=77.3W
[PID] perf=27.675Hz  target=8.833Hz  err=-18.842Hz  corr=-389.42W  u_ff=79.6W  PCAP→78W  power=77.5W
[PID] perf=27.693Hz  target=8.833Hz  err=-18.860Hz  corr=-389.76W  u_ff=79.6W  PCAP→78W  power=77.0W
[PID] perf=27.658Hz  target=8.833Hz  err=-18.825Hz  corr=-389.11W  u_ff=79.6W  PCAP→78W  power=77.6W
[PID] perf=27.671Hz  target=8.833Hz  err=-18.839Hz  corr=-389.36W  u_ff=79.6W  PCAP→78W  power=77.7W
[PID] perf=27.656Hz  target=8.833Hz  err=-18.824Hz  corr=-389.08W  u_ff=79.6W  PCAP→78W  power=78.3W
[PID] perf=27.663Hz  target=8.833Hz  err=-18.830Hz  corr=-389.20W  u_ff=79.6W  PCAP→78W  power=77.8W
[PID] perf=27.675Hz  target=8.833Hz  err=-18.842Hz  corr=-389.42W  u_ff=79.6W  PCAP→78W  power=79.0W
[PID] perf=27.671Hz  target=8.833Hz  err=-18.838Hz  corr=-389.34W  u_ff=79.6W  PCAP→78W  power=77.7W
[PID] perf=27.679Hz  target=8.833Hz  err=-18.846Hz  corr=-389.49W  u_ff=79.6W  PCAP→78W  power=79.0W
[PID] perf=27.666Hz  target=8.833Hz  err=-18.833Hz  corr=-389.25W  u_ff=79.6W  PCAP→78W  power=76.2W
[PID] perf=27.667Hz  target=8.833Hz  err=-18.834Hz  corr=-389.28W  u_ff=79.6W  PCAP→78W  power=77.9W
[PID] perf=27.653Hz  target=8.833Hz  err=-18.820Hz  corr=-389.02W  u_ff=79.6W  PCAP→78W  power=77.2W
[PID] perf=27.674Hz  target=8.833Hz  err=-18.841Hz  corr=-389.40W  u_ff=79.6W  PCAP→78W  power=77.9W
[PID] perf=27.621Hz  target=8.833Hz  err=-18.788Hz  corr=-388.42W  u_ff=79.6W  PCAP→78W  power=78.2W
[PID] perf=27.573Hz  target=8.833Hz  err=-18.740Hz  corr=-387.53W  u_ff=79.6W  PCAP→78W  power=78.6W
[PID] perf=27.654Hz  target=8.833Hz  err=-18.821Hz  corr=-389.03W  u_ff=79.6W  PCAP→78W  power=76.9W
[PID] perf=27.668Hz  target=8.833Hz  err=-18.836Hz  corr=-389.30W  u_ff=79.6W  PCAP→78W  power=77.2W
[PID] perf=27.668Hz  target=8.833Hz  err=-18.835Hz  corr=-389.29W  u_ff=79.6W  PCAP→78W  power=77.7W
[PID] perf=27.707Hz  target=8.833Hz  err=-18.874Hz  corr=-390.01W  u_ff=79.6W  PCAP→78W  power=76.6W
[PID] perf=27.663Hz  target=8.833Hz  err=-18.831Hz  corr=-389.21W  u_ff=79.6W  PCAP→78W  power=79.0W
[PID] perf=27.641Hz  target=8.833Hz  err=-18.808Hz  corr=-388.80W  u_ff=79.6W  PCAP→78W  power=78.6W
[PID] perf=27.625Hz  target=8.833Hz  err=-18.792Hz  corr=-388.50W  u_ff=79.6W  PCAP→78W  power=78.4W
[PID] perf=27.667Hz  target=8.833Hz  err=-18.834Hz  corr=-389.27W  u_ff=79.6W  PCAP→78W  power=77.7W
[PID] perf=27.606Hz  target=8.833Hz  err=-18.773Hz  corr=-388.14W  u_ff=79.6W  PCAP→78W  power=77.0W
[PID] perf=27.542Hz  target=8.833Hz  err=-18.709Hz  corr=-386.96W  u_ff=79.6W  PCAP→78W  power=77.2W
[PID] perf=27.396Hz  target=8.833Hz  err=-18.563Hz  corr=-384.25W  u_ff=79.6W  PCAP→78W  power=76.4W
[PID] perf=27.485Hz  target=8.833Hz  err=-18.653Hz  corr=-385.90W  u_ff=79.6W  PCAP→78W  power=78.2W
[PID] perf=27.602Hz  target=8.833Hz  err=-18.770Hz  corr=-388.07W  u_ff=79.6W  PCAP→78W  power=78.7W
[PID] perf=27.604Hz  target=8.833Hz  err=-18.771Hz  corr=-388.10W  u_ff=79.6W  PCAP→78W  power=76.9W
[PID] perf=27.558Hz  target=8.833Hz  err=-18.725Hz  corr=-387.25W  u_ff=79.6W  PCAP→78W  power=77.3W
[PID] perf=27.601Hz  target=8.833Hz  err=-18.768Hz  corr=-388.04W  u_ff=79.6W  PCAP→78W  power=79.1W
[PID] perf=27.574Hz  target=8.833Hz  err=-18.741Hz  corr=-387.55W  u_ff=79.6W  PCAP→78W  power=78.0W
[PID] perf=27.621Hz  target=8.833Hz  err=-18.788Hz  corr=-388.42W  u_ff=79.6W  PCAP→78W  power=78.7W
[PID] perf=27.579Hz  target=8.833Hz  err=-18.746Hz  corr=-387.64W  u_ff=79.6W  PCAP→78W  power=79.0W
[PID] perf=27.199Hz  target=8.833Hz  err=-18.366Hz  corr=-380.59W  u_ff=79.6W  PCAP→78W  power=77.0W
[PID] perf=27.335Hz  target=8.833Hz  err=-18.502Hz  corr=-383.11W  u_ff=79.6W  PCAP→78W  power=76.7W
[PID] perf=27.554Hz  target=8.833Hz  err=-18.721Hz  corr=-387.18W  u_ff=79.6W  PCAP→78W  power=76.3W
[PID] perf=27.567Hz  target=8.833Hz  err=-18.734Hz  corr=-387.42W  u_ff=79.6W  PCAP→78W  power=77.8W
[PID] perf=27.332Hz  target=8.833Hz  err=-18.499Hz  corr=-383.05W  u_ff=79.6W  PCAP→78W  power=77.4W
[PID] perf=27.455Hz  target=8.833Hz  err=-18.622Hz  corr=-385.35W  u_ff=79.6W  PCAP→78W  power=77.1W
[PID] perf=27.427Hz  target=8.833Hz  err=-18.595Hz  corr=-384.83W  u_ff=79.6W  PCAP→78W  power=79.0W
[PID] perf=27.445Hz  target=8.833Hz  err=-18.612Hz  corr=-385.16W  u_ff=79.6W  PCAP→78W  power=79.4W
[PID] perf=25.830Hz  target=8.833Hz  err=-16.997Hz  corr=-355.21W  u_ff=79.6W  PCAP→78W  power=77.6W
[PID] perf=25.954Hz  target=8.833Hz  err=-17.121Hz  corr=-357.51W  u_ff=79.6W  PCAP→78W  power=77.0W
[PID] perf=25.993Hz  target=8.833Hz  err=-17.160Hz  corr=-358.23W  u_ff=79.6W  PCAP→78W  power=79.2W
[PID] perf=26.023Hz  target=8.833Hz  err=-17.191Hz  corr=-358.80W  u_ff=79.6W  PCAP→78W  power=79.1W
[PID] perf=26.014Hz  target=8.833Hz  err=-17.181Hz  corr=-358.61W  u_ff=79.6W  PCAP→78W  power=78.6W
[PID] perf=25.869Hz  target=8.833Hz  err=-17.036Hz  corr=-355.92W  u_ff=79.6W  PCAP→78W  power=78.0W
[PID] perf=25.972Hz  target=8.833Hz  err=-17.139Hz  corr=-357.84W  u_ff=79.6W  PCAP→78W  power=79.2W
[PID] perf=26.012Hz  target=8.833Hz  err=-17.179Hz  corr=-358.58W  u_ff=79.6W  PCAP→78W  power=77.8W
[PID] perf=26.038Hz  target=8.833Hz  err=-17.205Hz  corr=-359.07W  u_ff=79.6W  PCAP→78W  power=77.5W
[PID] perf=26.004Hz  target=8.833Hz  err=-17.171Hz  corr=-358.43W  u_ff=79.6W  PCAP→78W  power=78.3W
[PID] perf=25.991Hz  target=8.833Hz  err=-17.158Hz  corr=-358.19W  u_ff=79.6W  PCAP→78W  power=77.8W
[PID] perf=26.010Hz  target=8.833Hz  err=-17.177Hz  corr=-358.54W  u_ff=79.6W  PCAP→78W  power=78.2W
[PID] perf=26.012Hz  target=8.833Hz  err=-17.179Hz  corr=-358.58W  u_ff=79.6W  PCAP→78W  power=79.3W
[PID] perf=26.019Hz  target=8.833Hz  err=-17.186Hz  corr=-358.71W  u_ff=79.6W  PCAP→78W  power=78.3W
[PID] perf=26.020Hz  target=8.833Hz  err=-17.187Hz  corr=-358.72W  u_ff=79.6W  PCAP→78W  power=78.2W
[PID] perf=26.015Hz  target=8.833Hz  err=-17.182Hz  corr=-358.63W  u_ff=79.6W  PCAP→78W  power=78.0W
[PID] perf=25.997Hz  target=8.833Hz  err=-17.164Hz  corr=-358.30W  u_ff=79.6W  PCAP→78W  power=76.9W
[PID] perf=25.992Hz  target=8.833Hz  err=-17.160Hz  corr=-358.22W  u_ff=79.6W  PCAP→78W  power=78.3W
[PID] perf=26.017Hz  target=8.833Hz  err=-17.184Hz  corr=-358.67W  u_ff=79.6W  PCAP→78W  power=77.7W
[PID] perf=26.017Hz  target=8.833Hz  err=-17.184Hz  corr=-358.68W  u_ff=79.6W  PCAP→78W  power=79.6W
[PID] perf=25.984Hz  target=8.833Hz  err=-17.152Hz  corr=-358.07W  u_ff=79.6W  PCAP→78W  power=77.0W
[PID] perf=26.801Hz  target=8.833Hz  err=-17.968Hz  corr=-373.21W  u_ff=79.6W  PCAP→78W  power=78.0W
[PID] perf=26.523Hz  target=8.833Hz  err=-17.690Hz  corr=-368.05W  u_ff=79.6W  PCAP→78W  power=79.3W
[PID] perf=26.556Hz  target=8.833Hz  err=-17.723Hz  corr=-368.67W  u_ff=79.6W  PCAP→78W  power=78.8W
[PID] perf=26.589Hz  target=8.833Hz  err=-17.757Hz  corr=-369.29W  u_ff=79.6W  PCAP→78W  power=78.8W
[PID] perf=26.595Hz  target=8.833Hz  err=-17.762Hz  corr=-369.40W  u_ff=79.6W  PCAP→78W  power=78.0W
[PID] perf=26.591Hz  target=8.833Hz  err=-17.758Hz  corr=-369.31W  u_ff=79.6W  PCAP→78W  power=79.2W
[PID] perf=26.626Hz  target=8.833Hz  err=-17.794Hz  corr=-369.98W  u_ff=79.6W  PCAP→78W  power=78.3W
[PID] perf=26.614Hz  target=8.833Hz  err=-17.781Hz  corr=-369.75W  u_ff=79.6W  PCAP→78W  power=77.8W
[PID] perf=26.607Hz  target=8.833Hz  err=-17.774Hz  corr=-369.61W  u_ff=79.6W  PCAP→78W  power=78.7W
[PID] perf=26.651Hz  target=8.833Hz  err=-17.819Hz  corr=-370.44W  u_ff=79.6W  PCAP→78W  power=76.9W
[PID] perf=26.638Hz  target=8.833Hz  err=-17.806Hz  corr=-370.20W  u_ff=79.6W  PCAP→78W  power=76.9W
[PID] perf=26.640Hz  target=8.833Hz  err=-17.807Hz  corr=-370.23W  u_ff=79.6W  PCAP→78W  power=77.0W
[PID] perf=26.632Hz  target=8.833Hz  err=-17.800Hz  corr=-370.09W  u_ff=79.6W  PCAP→78W  power=78.9W
[PID] perf=26.632Hz  target=8.833Hz  err=-17.799Hz  corr=-370.07W  u_ff=79.6W  PCAP→78W  power=78.4W
[PID] perf=26.626Hz  target=8.833Hz  err=-17.793Hz  corr=-369.96W  u_ff=79.6W  PCAP→78W  power=78.3W
[PID] perf=26.602Hz  target=8.833Hz  err=-17.769Hz  corr=-369.53W  u_ff=79.6W  PCAP→78W  power=76.8W
[PID] perf=26.650Hz  target=8.833Hz  err=-17.818Hz  corr=-370.42W  u_ff=79.6W  PCAP→78W  power=77.2W
[PID] perf=26.701Hz  target=8.833Hz  err=-17.868Hz  corr=-371.36W  u_ff=79.6W  PCAP→78W  power=77.0W
[PID] perf=26.722Hz  target=8.833Hz  err=-17.889Hz  corr=-371.75W  u_ff=79.6W  PCAP→78W  power=77.5W
[PID] perf=26.703Hz  target=8.833Hz  err=-17.870Hz  corr=-371.40W  u_ff=79.6W  PCAP→78W  power=78.7W
[PID] perf=26.714Hz  target=8.833Hz  err=-17.881Hz  corr=-371.60W  u_ff=79.6W  PCAP→78W  power=79.1W
[PID] perf=26.729Hz  target=8.833Hz  err=-17.896Hz  corr=-371.88W  u_ff=79.6W  PCAP→78W  power=78.3W
[PID] perf=26.735Hz  target=8.833Hz  err=-17.902Hz  corr=-371.99W  u_ff=79.6W  PCAP→78W  power=78.2W
[PID] perf=26.718Hz  target=8.833Hz  err=-17.886Hz  corr=-371.68W  u_ff=79.6W  PCAP→78W  power=77.4W
[PID] perf=26.742Hz  target=8.833Hz  err=-17.910Hz  corr=-372.13W  u_ff=79.6W  PCAP→78W  power=77.8W
[PID] perf=26.731Hz  target=8.833Hz  err=-17.898Hz  corr=-371.91W  u_ff=79.6W  PCAP→78W  power=76.4W
[PID] perf=26.722Hz  target=8.833Hz  err=-17.889Hz  corr=-371.75W  u_ff=79.6W  PCAP→78W  power=78.9W
[PID] perf=26.705Hz  target=8.833Hz  err=-17.873Hz  corr=-371.44W  u_ff=79.6W  PCAP→78W  power=78.8W
[PID] perf=26.736Hz  target=8.833Hz  err=-17.903Hz  corr=-372.01W  u_ff=79.6W  PCAP→78W  power=78.8W
[PID] perf=26.681Hz  target=8.833Hz  err=-17.849Hz  corr=-371.00W  u_ff=79.6W  PCAP→78W  power=79.1W
[PID] perf=26.724Hz  target=8.833Hz  err=-17.891Hz  corr=-371.79W  u_ff=79.6W  PCAP→78W  power=78.0W
[PID] perf=26.721Hz  target=8.833Hz  err=-17.888Hz  corr=-371.73W  u_ff=79.6W  PCAP→78W  power=77.2W
[PID] perf=26.739Hz  target=8.833Hz  err=-17.906Hz  corr=-372.06W  u_ff=79.6W  PCAP→78W  power=77.0W
[PID] perf=26.734Hz  target=8.833Hz  err=-17.901Hz  corr=-371.97W  u_ff=79.6W  PCAP→78W  power=77.0W
[PID] perf=26.712Hz  target=8.833Hz  err=-17.879Hz  corr=-371.56W  u_ff=79.6W  PCAP→78W  power=79.3W
[PID] perf=26.717Hz  target=8.833Hz  err=-17.884Hz  corr=-371.65W  u_ff=79.6W  PCAP→78W  power=77.8W
[PID] perf=26.719Hz  target=8.833Hz  err=-17.886Hz  corr=-371.69W  u_ff=79.6W  PCAP→78W  power=77.3W
[PID] perf=26.721Hz  target=8.833Hz  err=-17.888Hz  corr=-371.73W  u_ff=79.6W  PCAP→78W  power=77.1W
[PID] perf=26.684Hz  target=8.833Hz  err=-17.851Hz  corr=-371.05W  u_ff=79.6W  PCAP→78W  power=77.5W
[PID] perf=26.712Hz  target=8.833Hz  err=-17.879Hz  corr=-371.56W  u_ff=79.6W  PCAP→78W  power=78.8W
[PID] perf=26.719Hz  target=8.833Hz  err=-17.886Hz  corr=-371.69W  u_ff=79.6W  PCAP→78W  power=79.1W
[PID] perf=26.735Hz  target=8.833Hz  err=-17.902Hz  corr=-371.99W  u_ff=79.6W  PCAP→78W  power=76.2W
[PID] perf=26.731Hz  target=8.833Hz  err=-17.898Hz  corr=-371.91W  u_ff=79.6W  PCAP→78W  power=76.1W
[PID] perf=26.721Hz  target=8.833Hz  err=-17.888Hz  corr=-371.74W  u_ff=79.6W  PCAP→78W  power=79.1W
[PID] perf=26.720Hz  target=8.833Hz  err=-17.887Hz  corr=-371.71W  u_ff=79.6W  PCAP→78W  power=78.4W
[PID] perf=26.718Hz  target=8.833Hz  err=-17.885Hz  corr=-371.68W  u_ff=79.6W  PCAP→78W  power=77.5W
[PID] perf=26.688Hz  target=8.833Hz  err=-17.855Hz  corr=-371.12W  u_ff=79.6W  PCAP→78W  power=76.6W
[PID] perf=26.677Hz  target=8.833Hz  err=-17.844Hz  corr=-370.91W  u_ff=79.6W  PCAP→78W  power=77.1W
[PID] perf=26.697Hz  target=8.833Hz  err=-17.864Hz  corr=-371.28W  u_ff=79.6W  PCAP→78W  power=76.8W
[PID] perf=26.729Hz  target=8.833Hz  err=-17.896Hz  corr=-371.87W  u_ff=79.6W  PCAP→78W  power=78.1W
[PID] perf=26.732Hz  target=8.833Hz  err=-17.900Hz  corr=-371.94W  u_ff=79.6W  PCAP→78W  power=79.0W
[PID] perf=26.714Hz  target=8.833Hz  err=-17.881Hz  corr=-371.60W  u_ff=79.6W  PCAP→78W  power=79.2W
[PID] perf=26.709Hz  target=8.833Hz  err=-17.876Hz  corr=-371.51W  u_ff=79.6W  PCAP→78W  power=77.1W
[PID] perf=26.689Hz  target=8.833Hz  err=-17.857Hz  corr=-371.15W  u_ff=79.6W  PCAP→78W  power=77.9W
[PID] perf=26.682Hz  target=8.833Hz  err=-17.849Hz  corr=-371.00W  u_ff=79.6W  PCAP→78W  power=78.4W
[PID] perf=26.710Hz  target=8.833Hz  err=-17.877Hz  corr=-371.52W  u_ff=79.6W  PCAP→78W  power=78.0W
[PID] perf=26.728Hz  target=8.833Hz  err=-17.895Hz  corr=-371.86W  u_ff=79.6W  PCAP→78W  power=77.1W
[PID] perf=26.726Hz  target=8.833Hz  err=-17.893Hz  corr=-371.82W  u_ff=79.6W  PCAP→78W  power=77.2W
[PID] perf=26.657Hz  target=8.833Hz  err=-17.824Hz  corr=-370.55W  u_ff=79.6W  PCAP→78W  power=77.3W
[PID] perf=26.699Hz  target=8.833Hz  err=-17.866Hz  corr=-371.32W  u_ff=79.6W  PCAP→78W  power=77.1W
[PID] perf=26.730Hz  target=8.833Hz  err=-17.897Hz  corr=-371.89W  u_ff=79.6W  PCAP→78W  power=77.0W
[PID] perf=26.712Hz  target=8.833Hz  err=-17.879Hz  corr=-371.57W  u_ff=79.6W  PCAP→78W  power=78.5W
[PID] perf=26.698Hz  target=8.833Hz  err=-17.865Hz  corr=-371.30W  u_ff=79.6W  PCAP→78W  power=78.5W
[PID] perf=26.682Hz  target=8.833Hz  err=-17.849Hz  corr=-371.00W  u_ff=79.6W  PCAP→78W  power=78.8W
[PID] perf=26.705Hz  target=8.833Hz  err=-17.872Hz  corr=-371.43W  u_ff=79.6W  PCAP→78W  power=78.6W
[PID] perf=26.678Hz  target=8.833Hz  err=-17.845Hz  corr=-370.93W  u_ff=79.6W  PCAP→78W  power=77.8W
[PID] perf=26.695Hz  target=8.833Hz  err=-17.862Hz  corr=-371.25W  u_ff=79.6W  PCAP→78W  power=78.2W
[PID] perf=26.715Hz  target=8.833Hz  err=-17.882Hz  corr=-371.62W  u_ff=79.6W  PCAP→78W  power=78.6W
[PID] perf=26.693Hz  target=8.833Hz  err=-17.860Hz  corr=-371.21W  u_ff=79.6W  PCAP→78W  power=77.4W
[PID] perf=26.690Hz  target=8.833Hz  err=-17.857Hz  corr=-371.15W  u_ff=79.6W  PCAP→78W  power=77.1W
[PID] perf=26.678Hz  target=8.833Hz  err=-17.845Hz  corr=-370.93W  u_ff=79.6W  PCAP→78W  power=78.1W
[PID] perf=26.696Hz  target=8.833Hz  err=-17.863Hz  corr=-371.27W  u_ff=79.6W  PCAP→78W  power=78.3W
[PID] perf=26.698Hz  target=8.833Hz  err=-17.865Hz  corr=-371.30W  u_ff=79.6W  PCAP→78W  power=78.7W
[PID] perf=26.711Hz  target=8.833Hz  err=-17.878Hz  corr=-371.55W  u_ff=79.6W  PCAP→78W  power=77.2W
[PID] perf=26.684Hz  target=8.833Hz  err=-17.851Hz  corr=-371.05W  u_ff=79.6W  PCAP→78W  power=77.5W
[PID] perf=26.674Hz  target=8.833Hz  err=-17.841Hz  corr=-370.86W  u_ff=79.6W  PCAP→78W  power=76.6W
[PID] perf=26.714Hz  target=8.833Hz  err=-17.881Hz  corr=-371.60W  u_ff=79.6W  PCAP→78W  power=76.5W
[PID] perf=26.719Hz  target=8.833Hz  err=-17.886Hz  corr=-371.70W  u_ff=79.6W  PCAP→78W  power=78.3W
[PID] perf=26.698Hz  target=8.833Hz  err=-17.865Hz  corr=-371.31W  u_ff=79.6W  PCAP→78W  power=77.4W
[PID] perf=26.669Hz  target=8.833Hz  err=-17.836Hz  corr=-370.77W  u_ff=79.6W  PCAP→78W  power=77.3W
[PID] perf=26.689Hz  target=8.833Hz  err=-17.856Hz  corr=-371.14W  u_ff=79.6W  PCAP→78W  power=79.2W
[PID] perf=26.696Hz  target=8.833Hz  err=-17.863Hz  corr=-371.27W  u_ff=79.6W  PCAP→78W  power=77.8W
[PID] perf=26.710Hz  target=8.833Hz  err=-17.877Hz  corr=-371.52W  u_ff=79.6W  PCAP→78W  power=76.6W
[PID] perf=26.705Hz  target=8.833Hz  err=-17.872Hz  corr=-371.43W  u_ff=79.6W  PCAP→78W  power=77.9W
[PID] perf=26.683Hz  target=8.833Hz  err=-17.850Hz  corr=-371.02W  u_ff=79.6W  PCAP→78W  power=78.1W
[PID] perf=26.714Hz  target=8.833Hz  err=-17.881Hz  corr=-371.59W  u_ff=79.6W  PCAP→78W  power=78.5W
[PID] perf=26.717Hz  target=8.833Hz  err=-17.884Hz  corr=-371.66W  u_ff=79.6W  PCAP→78W  power=78.4W
[PID] perf=26.703Hz  target=8.833Hz  err=-17.870Hz  corr=-371.40W  u_ff=79.6W  PCAP→78W  power=77.6W
[PID] perf=26.707Hz  target=8.833Hz  err=-17.874Hz  corr=-371.46W  u_ff=79.6W  PCAP→78W  power=77.3W
[PID] perf=26.712Hz  target=8.833Hz  err=-17.879Hz  corr=-371.57W  u_ff=79.6W  PCAP→78W  power=77.4W
[PID] perf=26.727Hz  target=8.833Hz  err=-17.894Hz  corr=-371.84W  u_ff=79.6W  PCAP→78W  power=78.0W
[PID] perf=26.716Hz  target=8.833Hz  err=-17.883Hz  corr=-371.63W  u_ff=79.6W  PCAP→78W  power=77.7W
[PID] perf=26.696Hz  target=8.833Hz  err=-17.863Hz  corr=-371.26W  u_ff=79.6W  PCAP→78W  power=76.5W
[PID] perf=26.717Hz  target=8.833Hz  err=-17.884Hz  corr=-371.65W  u_ff=79.6W  PCAP→78W  power=78.8W
[PID] perf=26.728Hz  target=8.833Hz  err=-17.895Hz  corr=-371.85W  u_ff=79.6W  PCAP→78W  power=79.0W
[PID] perf=26.725Hz  target=8.833Hz  err=-17.892Hz  corr=-371.80W  u_ff=79.6W  PCAP→78W  power=78.4W
[PID] perf=26.711Hz  target=8.833Hz  err=-17.878Hz  corr=-371.55W  u_ff=79.6W  PCAP→78W  power=79.5W
[PID] perf=26.692Hz  target=8.833Hz  err=-17.859Hz  corr=-371.19W  u_ff=79.6W  PCAP→78W  power=77.2W
[PID] perf=26.704Hz  target=8.833Hz  err=-17.872Hz  corr=-371.42W  u_ff=79.6W  PCAP→78W  power=78.8W
[PID] perf=26.687Hz  target=8.833Hz  err=-17.854Hz  corr=-371.10W  u_ff=79.6W  PCAP→78W  power=77.3W
[PID] perf=26.690Hz  target=8.833Hz  err=-17.857Hz  corr=-371.16W  u_ff=79.6W  PCAP→78W  power=76.9W
[PID] perf=26.729Hz  target=8.833Hz  err=-17.896Hz  corr=-371.87W  u_ff=79.6W  PCAP→78W  power=79.1W
[PID] perf=26.714Hz  target=8.833Hz  err=-17.881Hz  corr=-371.60W  u_ff=79.6W  PCAP→78W  power=79.2W
[PID] perf=26.760Hz  target=8.833Hz  err=-17.928Hz  corr=-372.46W  u_ff=79.6W  PCAP→78W  power=79.0W
[PID] perf=26.725Hz  target=8.833Hz  err=-17.892Hz  corr=-371.81W  u_ff=79.6W  PCAP→78W  power=78.6W
[PID] perf=26.739Hz  target=8.833Hz  err=-17.906Hz  corr=-372.06W  u_ff=79.6W  PCAP→78W  power=77.9W
[PID] perf=26.731Hz  target=8.833Hz  err=-17.898Hz  corr=-371.91W  u_ff=79.6W  PCAP→78W  power=78.8W
[PID] perf=26.722Hz  target=8.833Hz  err=-17.890Hz  corr=-371.76W  u_ff=79.6W  PCAP→78W  power=76.3W
[PID] perf=26.716Hz  target=8.833Hz  err=-17.883Hz  corr=-371.64W  u_ff=79.6W  PCAP→78W  power=76.5W
[PID] perf=26.686Hz  target=8.833Hz  err=-17.853Hz  corr=-371.07W  u_ff=79.6W  PCAP→78W  power=78.7W
[PID] perf=26.696Hz  target=8.833Hz  err=-17.863Hz  corr=-371.27W  u_ff=79.6W  PCAP→78W  power=78.3W
[PID] perf=26.733Hz  target=8.833Hz  err=-17.900Hz  corr=-371.96W  u_ff=79.6W  PCAP→78W  power=77.2W
[PID] perf=26.729Hz  target=8.833Hz  err=-17.897Hz  corr=-371.89W  u_ff=79.6W  PCAP→78W  power=78.8W
[PID] perf=26.718Hz  target=8.833Hz  err=-17.885Hz  corr=-371.67W  u_ff=79.6W  PCAP→78W  power=77.8W
[PID] perf=26.655Hz  target=8.833Hz  err=-17.823Hz  corr=-370.51W  u_ff=79.6W  PCAP→78W  power=78.7W
[PID] perf=26.694Hz  target=8.833Hz  err=-17.861Hz  corr=-371.23W  u_ff=79.6W  PCAP→78W  power=77.3W
[PID] perf=26.725Hz  target=8.833Hz  err=-17.892Hz  corr=-371.80W  u_ff=79.6W  PCAP→78W  power=77.6W
[PID] perf=26.731Hz  target=8.833Hz  err=-17.899Hz  corr=-371.92W  u_ff=79.6W  PCAP→78W  power=78.8W
[PID] perf=26.707Hz  target=8.833Hz  err=-17.874Hz  corr=-371.46W  u_ff=79.6W  PCAP→78W  power=77.8W
[PID] perf=26.709Hz  target=8.833Hz  err=-17.877Hz  corr=-371.52W  u_ff=79.6W  PCAP→78W  power=78.4W
[PID] perf=26.717Hz  target=8.833Hz  err=-17.884Hz  corr=-371.66W  u_ff=79.6W  PCAP→78W  power=76.7W
[PID] perf=26.713Hz  target=8.833Hz  err=-17.880Hz  corr=-371.58W  u_ff=79.6W  PCAP→78W  power=78.7W
[PID] perf=26.717Hz  target=8.833Hz  err=-17.884Hz  corr=-371.65W  u_ff=79.6W  PCAP→78W  power=78.9W
[PID] perf=26.694Hz  target=8.833Hz  err=-17.861Hz  corr=-371.23W  u_ff=79.6W  PCAP→78W  power=77.6W
[PID] perf=26.705Hz  target=8.833Hz  err=-17.872Hz  corr=-371.44W  u_ff=79.6W  PCAP→78W  power=79.0W
[PID] perf=26.716Hz  target=8.833Hz  err=-17.883Hz  corr=-371.64W  u_ff=79.6W  PCAP→78W  power=76.9W
[PID] perf=26.819Hz  target=8.833Hz  err=-17.986Hz  corr=-373.54W  u_ff=79.6W  PCAP→78W  power=77.5W
[PID] perf=26.904Hz  target=8.833Hz  err=-18.072Hz  corr=-375.13W  u_ff=79.6W  PCAP→78W  power=77.3W
[PID] perf=26.909Hz  target=8.833Hz  err=-18.076Hz  corr=-375.22W  u_ff=79.6W  PCAP→78W  power=77.6W
[PID] perf=26.913Hz  target=8.833Hz  err=-18.080Hz  corr=-375.30W  u_ff=79.6W  PCAP→78W  power=79.0W
[PID] perf=26.930Hz  target=8.833Hz  err=-18.097Hz  corr=-375.61W  u_ff=79.6W  PCAP→78W  power=78.7W
[PID] perf=26.943Hz  target=8.833Hz  err=-18.110Hz  corr=-375.84W  u_ff=79.6W  PCAP→78W  power=76.9W
[PID] perf=26.968Hz  target=8.833Hz  err=-18.135Hz  corr=-376.30W  u_ff=79.6W  PCAP→78W  power=77.8W
[PID] perf=26.950Hz  target=8.833Hz  err=-18.117Hz  corr=-375.97W  u_ff=79.6W  PCAP→78W  power=77.7W
[PID] perf=26.947Hz  target=8.833Hz  err=-18.114Hz  corr=-375.92W  u_ff=79.6W  PCAP→78W  power=77.5W
[PID] perf=26.933Hz  target=8.833Hz  err=-18.100Hz  corr=-375.67W  u_ff=79.6W  PCAP→78W  power=78.8W
[PID] perf=26.944Hz  target=8.833Hz  err=-18.111Hz  corr=-375.86W  u_ff=79.6W  PCAP→78W  power=78.5W
[PID] perf=26.931Hz  target=8.833Hz  err=-18.098Hz  corr=-375.63W  u_ff=79.6W  PCAP→78W  power=78.2W
[PID] perf=26.934Hz  target=8.833Hz  err=-18.101Hz  corr=-375.68W  u_ff=79.6W  PCAP→78W  power=77.7W
[PID] perf=26.907Hz  target=8.833Hz  err=-18.074Hz  corr=-375.17W  u_ff=79.6W  PCAP→78W  power=79.0W
[PID] perf=26.950Hz  target=8.833Hz  err=-18.117Hz  corr=-375.98W  u_ff=79.6W  PCAP→78W  power=77.0W
[PID] perf=26.958Hz  target=8.833Hz  err=-18.125Hz  corr=-376.12W  u_ff=79.6W  PCAP→78W  power=76.2W
[PID] perf=26.914Hz  target=8.833Hz  err=-18.081Hz  corr=-375.31W  u_ff=79.6W  PCAP→78W  power=76.0W
[PID] perf=27.149Hz  target=8.833Hz  err=-18.316Hz  corr=-379.66W  u_ff=79.6W  PCAP→78W  power=76.5W
[PID] perf=27.218Hz  target=8.833Hz  err=-18.385Hz  corr=-380.95W  u_ff=79.6W  PCAP→78W  power=77.5W
[PID] perf=27.265Hz  target=8.833Hz  err=-18.432Hz  corr=-381.81W  u_ff=79.6W  PCAP→78W  power=78.8W
[PID] perf=27.285Hz  target=8.833Hz  err=-18.452Hz  corr=-382.19W  u_ff=79.6W  PCAP→78W  power=78.9W
[PID] perf=27.228Hz  target=8.833Hz  err=-18.396Hz  corr=-381.14W  u_ff=79.6W  PCAP→78W  power=77.7W
[PID] perf=27.227Hz  target=8.833Hz  err=-18.395Hz  corr=-381.12W  u_ff=79.6W  PCAP→78W  power=78.0W
[PID] perf=27.244Hz  target=8.833Hz  err=-18.411Hz  corr=-381.43W  u_ff=79.6W  PCAP→78W  power=77.1W
[PID] perf=27.219Hz  target=8.833Hz  err=-18.387Hz  corr=-380.97W  u_ff=79.6W  PCAP→78W  power=77.3W
[PID] perf=27.228Hz  target=8.833Hz  err=-18.395Hz  corr=-381.14W  u_ff=79.6W  PCAP→78W  power=78.6W
[PID] perf=27.206Hz  target=8.833Hz  err=-18.373Hz  corr=-380.72W  u_ff=79.6W  PCAP→78W  power=76.3W
[PID] perf=27.230Hz  target=8.833Hz  err=-18.397Hz  corr=-381.17W  u_ff=79.6W  PCAP→78W  power=77.4W
[PID] perf=27.255Hz  target=8.833Hz  err=-18.423Hz  corr=-381.64W  u_ff=79.6W  PCAP→78W  power=79.4W
[PID] perf=27.225Hz  target=8.833Hz  err=-18.393Hz  corr=-381.08W  u_ff=79.6W  PCAP→78W  power=77.8W
[PID] perf=27.221Hz  target=8.833Hz  err=-18.388Hz  corr=-381.00W  u_ff=79.6W  PCAP→78W  power=77.1W
[PID] perf=27.228Hz  target=8.833Hz  err=-18.395Hz  corr=-381.14W  u_ff=79.6W  PCAP→78W  power=77.9W
[PID] perf=27.228Hz  target=8.833Hz  err=-18.396Hz  corr=-381.14W  u_ff=79.6W  PCAP→78W  power=78.7W
[PID] perf=27.207Hz  target=8.833Hz  err=-18.375Hz  corr=-380.75W  u_ff=79.6W  PCAP→78W  power=78.3W
[PID] perf=27.238Hz  target=8.833Hz  err=-18.405Hz  corr=-381.31W  u_ff=79.6W  PCAP→78W  power=79.1W
[PID] perf=27.229Hz  target=8.833Hz  err=-18.396Hz  corr=-381.15W  u_ff=79.6W  PCAP→78W  power=77.9W
[PID] perf=27.224Hz  target=8.833Hz  err=-18.391Hz  corr=-381.06W  u_ff=79.6W  PCAP→78W  power=77.4W
[PID] perf=27.225Hz  target=8.833Hz  err=-18.393Hz  corr=-381.08W  u_ff=79.6W  PCAP→78W  power=78.8W
[PID] perf=27.213Hz  target=8.833Hz  err=-18.381Hz  corr=-380.86W  u_ff=79.6W  PCAP→78W  power=78.5W
[PID] perf=27.231Hz  target=8.833Hz  err=-18.398Hz  corr=-381.18W  u_ff=79.6W  PCAP→78W  power=78.3W
[PID] perf=27.239Hz  target=8.833Hz  err=-18.406Hz  corr=-381.33W  u_ff=79.6W  PCAP→78W  power=79.4W
[PID] perf=27.246Hz  target=8.833Hz  err=-18.413Hz  corr=-381.46W  u_ff=79.6W  PCAP→78W  power=76.6W
[PID] perf=27.242Hz  target=8.833Hz  err=-18.409Hz  corr=-381.39W  u_ff=79.6W  PCAP→78W  power=77.4W
[PID] perf=27.205Hz  target=8.833Hz  err=-18.372Hz  corr=-380.70W  u_ff=79.6W  PCAP→78W  power=78.7W
[PID] perf=27.216Hz  target=8.833Hz  err=-18.384Hz  corr=-380.92W  u_ff=79.6W  PCAP→78W  power=77.8W
[PID] perf=27.220Hz  target=8.833Hz  err=-18.387Hz  corr=-380.98W  u_ff=79.6W  PCAP→78W  power=77.7W
[PID] perf=27.229Hz  target=8.833Hz  err=-18.396Hz  corr=-381.15W  u_ff=79.6W  PCAP→78W  power=77.2W
[PID] perf=27.208Hz  target=8.833Hz  err=-18.375Hz  corr=-380.76W  u_ff=79.6W  PCAP→78W  power=77.8W
[PID] perf=27.219Hz  target=8.833Hz  err=-18.386Hz  corr=-380.96W  u_ff=79.6W  PCAP→78W  power=78.5W
[PID] perf=27.195Hz  target=8.833Hz  err=-18.362Hz  corr=-380.52W  u_ff=79.6W  PCAP→78W  power=76.7W
[PID] perf=27.193Hz  target=8.833Hz  err=-18.360Hz  corr=-380.48W  u_ff=79.6W  PCAP→78W  power=77.0W
[PID] perf=27.227Hz  target=8.833Hz  err=-18.395Hz  corr=-381.12W  u_ff=79.6W  PCAP→78W  power=76.1W
[PID] perf=27.183Hz  target=8.833Hz  err=-18.350Hz  corr=-380.30W  u_ff=79.6W  PCAP→78W  power=77.9W
[PID] perf=27.245Hz  target=8.833Hz  err=-18.412Hz  corr=-381.45W  u_ff=79.6W  PCAP→78W  power=78.5W
[PID] perf=27.214Hz  target=8.833Hz  err=-18.381Hz  corr=-380.87W  u_ff=79.6W  PCAP→78W  power=76.7W
[PID] perf=27.206Hz  target=8.833Hz  err=-18.373Hz  corr=-380.72W  u_ff=79.6W  PCAP→78W  power=78.3W
[PID] perf=27.216Hz  target=8.833Hz  err=-18.383Hz  corr=-380.91W  u_ff=79.6W  PCAP→78W  power=78.2W
[PID] perf=27.188Hz  target=8.833Hz  err=-18.356Hz  corr=-380.40W  u_ff=79.6W  PCAP→78W  power=78.4W
[PID] perf=27.204Hz  target=8.833Hz  err=-18.371Hz  corr=-380.69W  u_ff=79.6W  PCAP→78W  power=78.0W
[PID] perf=27.215Hz  target=8.833Hz  err=-18.382Hz  corr=-380.90W  u_ff=79.6W  PCAP→78W  power=78.6W
[PID] perf=27.188Hz  target=8.833Hz  err=-18.355Hz  corr=-380.39W  u_ff=79.6W  PCAP→78W  power=78.1W
[PID] perf=27.206Hz  target=8.833Hz  err=-18.374Hz  corr=-380.73W  u_ff=79.6W  PCAP→78W  power=76.9W
[PID] perf=27.190Hz  target=8.833Hz  err=-18.357Hz  corr=-380.43W  u_ff=79.6W  PCAP→78W  power=78.9W
[PID] perf=27.195Hz  target=8.833Hz  err=-18.362Hz  corr=-380.52W  u_ff=79.6W  PCAP→78W  power=77.7W
[PID] perf=27.213Hz  target=8.833Hz  err=-18.380Hz  corr=-380.85W  u_ff=79.6W  PCAP→78W  power=78.9W
[PID] perf=27.254Hz  target=8.833Hz  err=-18.421Hz  corr=-381.62W  u_ff=79.6W  PCAP→78W  power=78.5W
[PID] perf=27.232Hz  target=8.833Hz  err=-18.399Hz  corr=-381.21W  u_ff=79.6W  PCAP→78W  power=79.2W
[PID] perf=27.228Hz  target=8.833Hz  err=-18.395Hz  corr=-381.13W  u_ff=79.6W  PCAP→78W  power=78.7W
[PID] perf=27.218Hz  target=8.833Hz  err=-18.386Hz  corr=-380.95W  u_ff=79.6W  PCAP→78W  power=75.9W
[PID] perf=27.220Hz  target=8.833Hz  err=-18.387Hz  corr=-380.98W  u_ff=79.6W  PCAP→78W  power=77.7W
[PID] perf=27.253Hz  target=8.833Hz  err=-18.420Hz  corr=-381.59W  u_ff=79.6W  PCAP→78W  power=77.7W
[PID] perf=27.225Hz  target=8.833Hz  err=-18.392Hz  corr=-381.07W  u_ff=79.6W  PCAP→78W  power=78.9W
[PID] perf=27.241Hz  target=8.833Hz  err=-18.408Hz  corr=-381.38W  u_ff=79.6W  PCAP→78W  power=78.3W
[PID] perf=27.241Hz  target=8.833Hz  err=-18.409Hz  corr=-381.38W  u_ff=79.6W  PCAP→78W  power=78.6W
[PID] perf=27.195Hz  target=8.833Hz  err=-18.362Hz  corr=-380.52W  u_ff=79.6W  PCAP→78W  power=78.7W
[PID] perf=27.154Hz  target=8.833Hz  err=-18.321Hz  corr=-379.76W  u_ff=79.6W  PCAP→78W  power=77.5W
[PID] perf=27.152Hz  target=8.833Hz  err=-18.320Hz  corr=-379.73W  u_ff=79.6W  PCAP→78W  power=76.1W
[PID] perf=27.189Hz  target=8.833Hz  err=-18.356Hz  corr=-380.41W  u_ff=79.6W  PCAP→78W  power=78.3W
[PID] perf=27.212Hz  target=8.833Hz  err=-18.380Hz  corr=-380.84W  u_ff=79.6W  PCAP→78W  power=78.7W
[PID] perf=27.197Hz  target=8.833Hz  err=-18.364Hz  corr=-380.55W  u_ff=79.6W  PCAP→78W  power=77.5W
[PID] perf=27.206Hz  target=8.833Hz  err=-18.373Hz  corr=-380.73W  u_ff=79.6W  PCAP→78W  power=77.0W
[PID] perf=27.309Hz  target=8.833Hz  err=-18.476Hz  corr=-382.64W  u_ff=79.6W  PCAP→78W  power=76.9W
[PID] perf=27.411Hz  target=8.833Hz  err=-18.579Hz  corr=-384.53W  u_ff=79.6W  PCAP→78W  power=76.0W
[PID] perf=27.415Hz  target=8.833Hz  err=-18.583Hz  corr=-384.61W  u_ff=79.6W  PCAP→78W  power=77.1W
[PID] perf=27.420Hz  target=8.833Hz  err=-18.587Hz  corr=-384.69W  u_ff=79.6W  PCAP→78W  power=79.0W
[PID] perf=27.365Hz  target=8.833Hz  err=-18.533Hz  corr=-383.68W  u_ff=79.6W  PCAP→78W  power=77.4W
[PID] perf=27.427Hz  target=8.833Hz  err=-18.595Hz  corr=-384.83W  u_ff=79.6W  PCAP→78W  power=79.2W
[PID] perf=27.470Hz  target=8.833Hz  err=-18.637Hz  corr=-385.62W  u_ff=79.6W  PCAP→78W  power=78.9W
[PID] perf=27.442Hz  target=8.833Hz  err=-18.609Hz  corr=-385.10W  u_ff=79.6W  PCAP→78W  power=77.6W
[PID] perf=27.465Hz  target=8.833Hz  err=-18.633Hz  corr=-385.54W  u_ff=79.6W  PCAP→78W  power=77.3W
[PID] perf=27.484Hz  target=8.833Hz  err=-18.651Hz  corr=-385.89W  u_ff=79.6W  PCAP→78W  power=78.0W
[PID] perf=27.494Hz  target=8.833Hz  err=-18.661Hz  corr=-386.06W  u_ff=79.6W  PCAP→78W  power=78.3W
[PID] perf=27.460Hz  target=8.833Hz  err=-18.628Hz  corr=-385.44W  u_ff=79.6W  PCAP→78W  power=77.5W
[PID] perf=27.443Hz  target=8.833Hz  err=-18.610Hz  corr=-385.12W  u_ff=79.6W  PCAP→78W  power=78.7W
[PID] perf=27.455Hz  target=8.833Hz  err=-18.622Hz  corr=-385.33W  u_ff=79.6W  PCAP→78W  power=77.4W
[PID] perf=27.499Hz  target=8.833Hz  err=-18.666Hz  corr=-386.15W  u_ff=79.6W  PCAP→78W  power=76.3W
[PID] perf=27.514Hz  target=8.833Hz  err=-18.681Hz  corr=-386.43W  u_ff=79.6W  PCAP→78W  power=76.3W
[PID] perf=27.533Hz  target=8.833Hz  err=-18.700Hz  corr=-386.78W  u_ff=79.6W  PCAP→78W  power=78.2W
[PID] perf=27.523Hz  target=8.833Hz  err=-18.690Hz  corr=-386.61W  u_ff=79.6W  PCAP→78W  power=77.8W
[PID] perf=27.857Hz  target=8.833Hz  err=-19.024Hz  corr=-392.79W  u_ff=79.6W  PCAP→78W  power=78.2W
[PID] perf=27.892Hz  target=8.833Hz  err=-19.059Hz  corr=-393.44W  u_ff=79.6W  PCAP→78W  power=79.1W
[PID] perf=27.922Hz  target=8.833Hz  err=-19.089Hz  corr=-394.00W  u_ff=79.6W  PCAP→78W  power=76.9W
[PID] perf=27.914Hz  target=8.833Hz  err=-19.081Hz  corr=-393.85W  u_ff=79.6W  PCAP→78W  power=77.5W
[PID] perf=27.891Hz  target=8.833Hz  err=-19.059Hz  corr=-393.43W  u_ff=79.6W  PCAP→78W  power=77.6W
[PID] perf=27.847Hz  target=8.833Hz  err=-19.014Hz  corr=-392.62W  u_ff=79.6W  PCAP→78W  power=79.0W
[PID] perf=27.579Hz  target=8.833Hz  err=-18.746Hz  corr=-387.65W  u_ff=79.6W  PCAP→78W  power=79.0W
[PID] perf=27.918Hz  target=8.833Hz  err=-19.086Hz  corr=-393.94W  u_ff=79.6W  PCAP→78W  power=78.1W
[PID] perf=27.716Hz  target=8.833Hz  err=-18.883Hz  corr=-390.19W  u_ff=79.6W  PCAP→78W  power=77.8W
[PID] perf=27.753Hz  target=8.833Hz  err=-18.920Hz  corr=-390.87W  u_ff=79.6W  PCAP→78W  power=78.0W
[PID] perf=27.715Hz  target=8.833Hz  err=-18.883Hz  corr=-390.17W  u_ff=79.6W  PCAP→78W  power=79.3W
[PID] perf=27.734Hz  target=8.833Hz  err=-18.902Hz  corr=-390.52W  u_ff=79.6W  PCAP→78W  power=77.1W
[PID] perf=27.753Hz  target=8.833Hz  err=-18.921Hz  corr=-390.88W  u_ff=79.6W  PCAP→78W  power=77.2W
[PID] perf=27.718Hz  target=8.833Hz  err=-18.885Hz  corr=-390.22W  u_ff=79.6W  PCAP→78W  power=78.1W
[PID] perf=27.740Hz  target=8.833Hz  err=-18.907Hz  corr=-390.63W  u_ff=79.6W  PCAP→78W  power=78.2W
[PID] perf=27.740Hz  target=8.833Hz  err=-18.907Hz  corr=-390.62W  u_ff=79.6W  PCAP→78W  power=79.3W
[PID] perf=27.748Hz  target=8.833Hz  err=-18.915Hz  corr=-390.78W  u_ff=79.6W  PCAP→78W  power=77.7W
[PID] perf=27.750Hz  target=8.833Hz  err=-18.917Hz  corr=-390.82W  u_ff=79.6W  PCAP→78W  power=78.7W
[PID] perf=27.755Hz  target=8.833Hz  err=-18.922Hz  corr=-390.90W  u_ff=79.6W  PCAP→78W  power=77.7W
[PID] perf=27.769Hz  target=8.833Hz  err=-18.936Hz  corr=-391.16W  u_ff=79.6W  PCAP→78W  power=77.1W
[PID] perf=27.800Hz  target=8.833Hz  err=-18.968Hz  corr=-391.75W  u_ff=79.6W  PCAP→78W  power=77.0W
[PID] perf=27.790Hz  target=8.833Hz  err=-18.957Hz  corr=-391.55W  u_ff=79.6W  PCAP→78W  power=76.4W
[PID] perf=27.766Hz  target=8.833Hz  err=-18.933Hz  corr=-391.11W  u_ff=79.6W  PCAP→78W  power=78.4W
[PID] perf=27.755Hz  target=8.833Hz  err=-18.922Hz  corr=-390.90W  u_ff=79.6W  PCAP→78W  power=78.1W
[PID] perf=27.750Hz  target=8.833Hz  err=-18.917Hz  corr=-390.81W  u_ff=79.6W  PCAP→78W  power=78.9W
[PID] perf=27.765Hz  target=8.833Hz  err=-18.932Hz  corr=-391.08W  u_ff=79.6W  PCAP→78W  power=77.9W
[PID] perf=27.758Hz  target=8.833Hz  err=-18.926Hz  corr=-390.97W  u_ff=79.6W  PCAP→78W  power=78.6W
[PID] perf=27.771Hz  target=8.833Hz  err=-18.939Hz  corr=-391.21W  u_ff=79.6W  PCAP→78W  power=79.0W
[PID] perf=27.745Hz  target=8.833Hz  err=-18.912Hz  corr=-390.72W  u_ff=79.6W  PCAP→78W  power=79.3W
[PID] perf=27.748Hz  target=8.833Hz  err=-18.916Hz  corr=-390.79W  u_ff=79.6W  PCAP→78W  power=78.8W
[PID] perf=27.772Hz  target=8.833Hz  err=-18.939Hz  corr=-391.22W  u_ff=79.6W  PCAP→78W  power=78.8W
[PID] perf=27.770Hz  target=8.833Hz  err=-18.937Hz  corr=-391.18W  u_ff=79.6W  PCAP→78W  power=78.3W
[PID] perf=27.792Hz  target=8.833Hz  err=-18.959Hz  corr=-391.60W  u_ff=79.6W  PCAP→78W  power=79.2W
[PID] perf=27.770Hz  target=8.833Hz  err=-18.937Hz  corr=-391.19W  u_ff=79.6W  PCAP→78W  power=78.8W
[PID] perf=27.771Hz  target=8.833Hz  err=-18.938Hz  corr=-391.21W  u_ff=79.6W  PCAP→78W  power=76.1W
[PID] perf=27.745Hz  target=8.833Hz  err=-18.912Hz  corr=-390.71W  u_ff=79.6W  PCAP→78W  power=76.5W
[PID] perf=27.727Hz  target=8.833Hz  err=-18.895Hz  corr=-390.40W  u_ff=79.6W  PCAP→78W  power=77.9W
[PID] perf=27.716Hz  target=8.833Hz  err=-18.883Hz  corr=-390.18W  u_ff=79.6W  PCAP→78W  power=77.4W
[PID] perf=27.760Hz  target=8.833Hz  err=-18.927Hz  corr=-391.00W  u_ff=79.6W  PCAP→78W  power=78.6W
[PID] perf=27.722Hz  target=8.833Hz  err=-18.889Hz  corr=-390.29W  u_ff=79.6W  PCAP→78W  power=78.5W
[PID] perf=27.727Hz  target=8.833Hz  err=-18.894Hz  corr=-390.38W  u_ff=79.6W  PCAP→78W  power=79.1W
[PID] perf=27.689Hz  target=8.833Hz  err=-18.856Hz  corr=-389.68W  u_ff=79.6W  PCAP→78W  power=78.5W
[PID] perf=27.729Hz  target=8.833Hz  err=-18.896Hz  corr=-390.43W  u_ff=79.6W  PCAP→78W  power=77.5W
[PID] perf=27.731Hz  target=8.833Hz  err=-18.898Hz  corr=-390.46W  u_ff=79.6W  PCAP→78W  power=76.4W
[PID] perf=27.731Hz  target=8.833Hz  err=-18.898Hz  corr=-390.46W  u_ff=79.6W  PCAP→78W  power=78.7W
[PID] perf=27.750Hz  target=8.833Hz  err=-18.917Hz  corr=-390.81W  u_ff=79.6W  PCAP→78W  power=79.2W
[PID] perf=27.731Hz  target=8.833Hz  err=-18.898Hz  corr=-390.46W  u_ff=79.6W  PCAP→78W  power=78.3W
[PID] perf=27.754Hz  target=8.833Hz  err=-18.921Hz  corr=-390.88W  u_ff=79.6W  PCAP→78W  power=78.7W
[PID] perf=27.770Hz  target=8.833Hz  err=-18.937Hz  corr=-391.18W  u_ff=79.6W  PCAP→78W  power=76.9W
[PID] perf=27.724Hz  target=8.833Hz  err=-18.892Hz  corr=-390.34W  u_ff=79.6W  PCAP→78W  power=76.4W
[PID] perf=27.731Hz  target=8.833Hz  err=-18.898Hz  corr=-390.47W  u_ff=79.6W  PCAP→78W  power=78.9W
[PID] perf=27.763Hz  target=8.833Hz  err=-18.931Hz  corr=-391.06W  u_ff=79.6W  PCAP→78W  power=78.8W
[PID] perf=27.752Hz  target=8.833Hz  err=-18.919Hz  corr=-390.85W  u_ff=79.6W  PCAP→78W  power=78.9W
[PID] perf=27.789Hz  target=8.833Hz  err=-18.956Hz  corr=-391.53W  u_ff=79.6W  PCAP→78W  power=77.3W
[PID] perf=27.744Hz  target=8.833Hz  err=-18.911Hz  corr=-390.70W  u_ff=79.6W  PCAP→78W  power=78.2W
[PID] perf=26.777Hz  target=8.833Hz  err=-17.944Hz  corr=-372.77W  u_ff=79.6W  PCAP→78W  power=77.0W
[PID] perf=26.885Hz  target=8.833Hz  err=-18.052Hz  corr=-374.77W  u_ff=79.6W  PCAP→78W  power=79.2W
[PID] perf=26.916Hz  target=8.833Hz  err=-18.084Hz  corr=-375.35W  u_ff=79.6W  PCAP→78W  power=78.8W
[PID] perf=26.874Hz  target=8.833Hz  err=-18.041Hz  corr=-374.57W  u_ff=79.6W  PCAP→78W  power=77.8W
[PID] perf=26.880Hz  target=8.833Hz  err=-18.047Hz  corr=-374.67W  u_ff=79.6W  PCAP→78W  power=77.2W
[PID] perf=26.900Hz  target=8.833Hz  err=-18.068Hz  corr=-375.06W  u_ff=79.6W  PCAP→78W  power=77.2W
[PID] perf=26.908Hz  target=8.833Hz  err=-18.076Hz  corr=-375.20W  u_ff=79.6W  PCAP→78W  power=78.2W
[PID] perf=26.895Hz  target=8.833Hz  err=-18.063Hz  corr=-374.96W  u_ff=79.6W  PCAP→78W  power=78.4W
[PID] perf=26.877Hz  target=8.833Hz  err=-18.044Hz  corr=-374.62W  u_ff=79.6W  PCAP→78W  power=79.0W
[PID] perf=26.884Hz  target=8.833Hz  err=-18.051Hz  corr=-374.75W  u_ff=79.6W  PCAP→78W  power=77.7W
[PID] perf=26.886Hz  target=8.833Hz  err=-18.053Hz  corr=-374.79W  u_ff=79.6W  PCAP→78W  power=78.2W
[PID] perf=26.886Hz  target=8.833Hz  err=-18.053Hz  corr=-374.80W  u_ff=79.6W  PCAP→78W  power=78.2W
[PID] perf=26.877Hz  target=8.833Hz  err=-18.045Hz  corr=-374.63W  u_ff=79.6W  PCAP→78W  power=77.5W
[PID] perf=26.877Hz  target=8.833Hz  err=-18.044Hz  corr=-374.62W  u_ff=79.6W  PCAP→78W  power=78.8W
[PID] perf=26.897Hz  target=8.833Hz  err=-18.064Hz  corr=-374.99W  u_ff=79.6W  PCAP→78W  power=78.1W
[PID] perf=26.736Hz  target=8.833Hz  err=-17.903Hz  corr=-372.00W  u_ff=79.6W  PCAP→78W  power=77.3W
[PID] perf=26.803Hz  target=8.833Hz  err=-17.970Hz  corr=-373.25W  u_ff=79.6W  PCAP→78W  power=77.4W
[PID] perf=26.835Hz  target=8.833Hz  err=-18.002Hz  corr=-373.84W  u_ff=79.6W  PCAP→78W  power=78.8W
[PID] perf=26.843Hz  target=8.833Hz  err=-18.010Hz  corr=-373.99W  u_ff=79.6W  PCAP→78W  power=77.6W
[PID] perf=26.851Hz  target=8.833Hz  err=-18.018Hz  corr=-374.14W  u_ff=79.6W  PCAP→78W  power=77.6W
[PID] perf=26.848Hz  target=8.833Hz  err=-18.015Hz  corr=-374.08W  u_ff=79.6W  PCAP→78W  power=77.9W
[PID] perf=26.826Hz  target=8.833Hz  err=-17.993Hz  corr=-373.68W  u_ff=79.6W  PCAP→78W  power=77.3W
[PID] perf=26.820Hz  target=8.833Hz  err=-17.987Hz  corr=-373.56W  u_ff=79.6W  PCAP→78W  power=76.9W
[PID] perf=26.840Hz  target=8.833Hz  err=-18.007Hz  corr=-373.93W  u_ff=79.6W  PCAP→78W  power=77.3W
[PID] perf=26.801Hz  target=8.833Hz  err=-17.969Hz  corr=-373.22W  u_ff=79.6W  PCAP→78W  power=78.7W
[PID] perf=26.835Hz  target=8.833Hz  err=-18.002Hz  corr=-373.84W  u_ff=79.6W  PCAP→78W  power=78.7W
[PID] perf=26.862Hz  target=8.833Hz  err=-18.029Hz  corr=-374.34W  u_ff=79.6W  PCAP→78W  power=77.4W
[PID] perf=27.228Hz  target=8.833Hz  err=-18.395Hz  corr=-381.13W  u_ff=79.6W  PCAP→78W  power=76.8W
Process completed.
Compressed into /home/cc/summer2024/main_codes/pid_controller/../experiment_data/PID_Control_sweep/ones-npb-cg/compressed_iteration_20260512_232629.tar
----------------------------------

>>> Step 3/3

[ones-npb-cg]
  target perf      : 8.8328 Hz
  coefficients_perf: [-0.0006547837485238978, 0.18607436314256556, -1.8317688501798497]
  feedforward PCAP : 79.62 W  →  78 W (snapped)
  Perf(u_ff) check : 8.8328 Hz  (should ≈ target)
  PID gains        : Kp=18.5447 W/Hz  Ki=1.85447 W/(Hz·s)  Kd=0.0000
[PID] Awaiting data — feedforward PCAP=78W
[PID] Awaiting data — feedforward PCAP=78W
[PID] Awaiting data — feedforward PCAP=78W
[PID] Awaiting data — feedforward PCAP=78W
[PID] Awaiting data — feedforward PCAP=78W
[PID] Awaiting data — feedforward PCAP=78W
[PID] perf=18.073Hz  target=8.833Hz  err=-9.240Hz  corr=-205.62W  u_ff=79.6W  PCAP→78W  power=nanW
[PID] perf=18.126Hz  target=8.833Hz  err=-9.293Hz  corr=-212.33W  u_ff=79.6W  PCAP→78W  power=77.2W
[PID] perf=18.162Hz  target=8.833Hz  err=-9.330Hz  corr=-213.01W  u_ff=79.6W  PCAP→78W  power=78.3W
[PID] perf=18.204Hz  target=8.833Hz  err=-9.372Hz  corr=-213.79W  u_ff=79.6W  PCAP→78W  power=79.1W
[PID] perf=18.181Hz  target=8.833Hz  err=-9.348Hz  corr=-213.35W  u_ff=79.6W  PCAP→78W  power=76.5W
[PID] perf=18.193Hz  target=8.833Hz  err=-9.361Hz  corr=-213.59W  u_ff=79.6W  PCAP→78W  power=78.5W
[PID] perf=18.217Hz  target=8.833Hz  err=-9.384Hz  corr=-214.02W  u_ff=79.6W  PCAP→78W  power=77.8W
[PID] perf=18.199Hz  target=8.833Hz  err=-9.367Hz  corr=-213.70W  u_ff=79.6W  PCAP→78W  power=77.7W
[PID] perf=18.202Hz  target=8.833Hz  err=-9.370Hz  corr=-213.75W  u_ff=79.6W  PCAP→78W  power=76.5W
[PID] perf=18.208Hz  target=8.833Hz  err=-9.376Hz  corr=-213.87W  u_ff=79.6W  PCAP→78W  power=77.7W
[PID] perf=18.211Hz  target=8.833Hz  err=-9.378Hz  corr=-213.92W  u_ff=79.6W  PCAP→78W  power=77.2W
[PID] perf=18.184Hz  target=8.833Hz  err=-9.351Hz  corr=-213.41W  u_ff=79.6W  PCAP→78W  power=76.7W
[PID] perf=18.187Hz  target=8.833Hz  err=-9.354Hz  corr=-213.47W  u_ff=79.6W  PCAP→78W  power=77.9W
[PID] perf=18.190Hz  target=8.833Hz  err=-9.358Hz  corr=-213.53W  u_ff=79.6W  PCAP→78W  power=77.8W
[PID] perf=18.190Hz  target=8.833Hz  err=-9.358Hz  corr=-213.54W  u_ff=79.6W  PCAP→78W  power=77.3W
[PID] perf=18.197Hz  target=8.833Hz  err=-9.364Hz  corr=-213.66W  u_ff=79.6W  PCAP→78W  power=77.8W
[PID] perf=18.197Hz  target=8.833Hz  err=-9.364Hz  corr=-213.66W  u_ff=79.6W  PCAP→78W  power=76.3W
[PID] perf=18.209Hz  target=8.833Hz  err=-9.376Hz  corr=-213.88W  u_ff=79.6W  PCAP→78W  power=77.0W
[PID] perf=18.209Hz  target=8.833Hz  err=-9.376Hz  corr=-213.88W  u_ff=79.6W  PCAP→78W  power=77.1W
[PID] perf=18.190Hz  target=8.833Hz  err=-9.357Hz  corr=-213.52W  u_ff=79.6W  PCAP→78W  power=78.4W
[PID] perf=18.180Hz  target=8.833Hz  err=-9.348Hz  corr=-213.35W  u_ff=79.6W  PCAP→78W  power=77.8W
[PID] perf=18.185Hz  target=8.833Hz  err=-9.352Hz  corr=-213.43W  u_ff=79.6W  PCAP→78W  power=77.7W
[PID] perf=18.205Hz  target=8.833Hz  err=-9.372Hz  corr=-213.81W  u_ff=79.6W  PCAP→78W  power=77.1W
[PID] perf=18.115Hz  target=8.833Hz  err=-9.282Hz  corr=-212.14W  u_ff=79.6W  PCAP→78W  power=78.8W
[PID] perf=18.190Hz  target=8.833Hz  err=-9.357Hz  corr=-213.52W  u_ff=79.6W  PCAP→78W  power=78.5W
[PID] perf=18.177Hz  target=8.833Hz  err=-9.344Hz  corr=-213.29W  u_ff=79.6W  PCAP→78W  power=78.1W
[PID] perf=24.385Hz  target=8.833Hz  err=-15.552Hz  corr=-328.42W  u_ff=79.6W  PCAP→78W  power=78.3W
[PID] perf=24.612Hz  target=8.833Hz  err=-15.779Hz  corr=-332.62W  u_ff=79.6W  PCAP→78W  power=78.4W
[PID] perf=29.298Hz  target=8.833Hz  err=-20.465Hz  corr=-419.53W  u_ff=79.6W  PCAP→78W  power=78.8W
[PID] perf=29.435Hz  target=8.833Hz  err=-20.602Hz  corr=-422.06W  u_ff=79.6W  PCAP→78W  power=78.8W
[PID] perf=29.430Hz  target=8.833Hz  err=-20.598Hz  corr=-421.98W  u_ff=79.6W  PCAP→78W  power=77.7W
[PID] perf=29.456Hz  target=8.833Hz  err=-20.623Hz  corr=-422.45W  u_ff=79.6W  PCAP→78W  power=78.2W
[PID] perf=29.442Hz  target=8.833Hz  err=-20.609Hz  corr=-422.18W  u_ff=79.6W  PCAP→78W  power=77.6W
[PID] perf=29.436Hz  target=8.833Hz  err=-20.603Hz  corr=-422.07W  u_ff=79.6W  PCAP→78W  power=76.8W
[PID] perf=29.481Hz  target=8.833Hz  err=-20.648Hz  corr=-422.91W  u_ff=79.6W  PCAP→78W  power=77.6W
[PID] perf=29.429Hz  target=8.833Hz  err=-20.596Hz  corr=-421.95W  u_ff=79.6W  PCAP→78W  power=77.2W
[PID] perf=29.464Hz  target=8.833Hz  err=-20.632Hz  corr=-422.61W  u_ff=79.6W  PCAP→78W  power=77.1W
[PID] perf=29.412Hz  target=8.833Hz  err=-20.580Hz  corr=-421.64W  u_ff=79.6W  PCAP→78W  power=76.5W
[PID] perf=29.442Hz  target=8.833Hz  err=-20.609Hz  corr=-422.19W  u_ff=79.6W  PCAP→78W  power=76.8W
[PID] perf=29.447Hz  target=8.833Hz  err=-20.614Hz  corr=-422.28W  u_ff=79.6W  PCAP→78W  power=77.5W
[PID] perf=29.438Hz  target=8.833Hz  err=-20.606Hz  corr=-422.13W  u_ff=79.6W  PCAP→78W  power=77.4W
[PID] perf=29.462Hz  target=8.833Hz  err=-20.629Hz  corr=-422.56W  u_ff=79.6W  PCAP→78W  power=78.7W
[PID] perf=29.485Hz  target=8.833Hz  err=-20.652Hz  corr=-422.99W  u_ff=79.6W  PCAP→78W  power=78.1W
[PID] perf=29.472Hz  target=8.833Hz  err=-20.639Hz  corr=-422.75W  u_ff=79.6W  PCAP→78W  power=78.9W
[PID] perf=29.463Hz  target=8.833Hz  err=-20.630Hz  corr=-422.58W  u_ff=79.6W  PCAP→78W  power=78.0W
[PID] perf=29.417Hz  target=8.833Hz  err=-20.584Hz  corr=-421.73W  u_ff=79.6W  PCAP→78W  power=77.8W
[PID] perf=27.080Hz  target=8.833Hz  err=-18.247Hz  corr=-378.39W  u_ff=79.6W  PCAP→78W  power=77.3W
[PID] perf=27.134Hz  target=8.833Hz  err=-18.301Hz  corr=-379.38W  u_ff=79.6W  PCAP→78W  power=77.1W
[PID] perf=27.182Hz  target=8.833Hz  err=-18.349Hz  corr=-380.28W  u_ff=79.6W  PCAP→78W  power=76.3W
[PID] perf=27.239Hz  target=8.833Hz  err=-18.406Hz  corr=-381.33W  u_ff=79.6W  PCAP→78W  power=76.5W
[PID] perf=27.246Hz  target=8.833Hz  err=-18.413Hz  corr=-381.46W  u_ff=79.6W  PCAP→78W  power=78.3W
[PID] perf=27.267Hz  target=8.833Hz  err=-18.434Hz  corr=-381.85W  u_ff=79.6W  PCAP→78W  power=77.4W
[PID] perf=27.224Hz  target=8.833Hz  err=-18.391Hz  corr=-381.05W  u_ff=79.6W  PCAP→78W  power=78.6W
[PID] perf=27.194Hz  target=8.833Hz  err=-18.361Hz  corr=-380.50W  u_ff=79.6W  PCAP→78W  power=76.3W
[PID] perf=27.232Hz  target=8.833Hz  err=-18.399Hz  corr=-381.21W  u_ff=79.6W  PCAP→78W  power=78.1W
[PID] perf=27.242Hz  target=8.833Hz  err=-18.409Hz  corr=-381.39W  u_ff=79.6W  PCAP→78W  power=78.6W
[PID] perf=27.218Hz  target=8.833Hz  err=-18.385Hz  corr=-380.94W  u_ff=79.6W  PCAP→78W  power=78.6W
[PID] perf=27.247Hz  target=8.833Hz  err=-18.415Hz  corr=-381.49W  u_ff=79.6W  PCAP→78W  power=78.0W
[PID] perf=27.258Hz  target=8.833Hz  err=-18.426Hz  corr=-381.70W  u_ff=79.6W  PCAP→78W  power=78.4W
[PID] perf=27.280Hz  target=8.833Hz  err=-18.447Hz  corr=-382.10W  u_ff=79.6W  PCAP→78W  power=76.9W
[PID] perf=27.273Hz  target=8.833Hz  err=-18.440Hz  corr=-381.96W  u_ff=79.6W  PCAP→78W  power=77.3W
[PID] perf=27.271Hz  target=8.833Hz  err=-18.438Hz  corr=-381.93W  u_ff=79.6W  PCAP→78W  power=77.1W
[PID] perf=27.259Hz  target=8.833Hz  err=-18.426Hz  corr=-381.70W  u_ff=79.6W  PCAP→78W  power=78.8W
[PID] perf=27.272Hz  target=8.833Hz  err=-18.440Hz  corr=-381.96W  u_ff=79.6W  PCAP→78W  power=78.9W
[PID] perf=27.273Hz  target=8.833Hz  err=-18.440Hz  corr=-381.97W  u_ff=79.6W  PCAP→78W  power=76.3W
[PID] perf=27.312Hz  target=8.833Hz  err=-18.479Hz  corr=-382.68W  u_ff=79.6W  PCAP→78W  power=78.6W
[PID] perf=27.307Hz  target=8.833Hz  err=-18.474Hz  corr=-382.59W  u_ff=79.6W  PCAP→78W  power=77.8W
[PID] perf=27.270Hz  target=8.833Hz  err=-18.437Hz  corr=-381.90W  u_ff=79.6W  PCAP→78W  power=78.1W
[PID] perf=27.240Hz  target=8.833Hz  err=-18.407Hz  corr=-381.36W  u_ff=79.6W  PCAP→78W  power=77.9W
[PID] perf=27.277Hz  target=8.833Hz  err=-18.444Hz  corr=-382.04W  u_ff=79.6W  PCAP→78W  power=78.4W
[PID] perf=27.255Hz  target=8.833Hz  err=-18.422Hz  corr=-381.63W  u_ff=79.6W  PCAP→78W  power=78.6W
[PID] perf=27.266Hz  target=8.833Hz  err=-18.433Hz  corr=-381.84W  u_ff=79.6W  PCAP→78W  power=78.5W
[PID] perf=27.314Hz  target=8.833Hz  err=-18.481Hz  corr=-382.72W  u_ff=79.6W  PCAP→78W  power=79.1W
[PID] perf=27.275Hz  target=8.833Hz  err=-18.442Hz  corr=-382.01W  u_ff=79.6W  PCAP→78W  power=77.9W
[PID] perf=27.264Hz  target=8.833Hz  err=-18.431Hz  corr=-381.81W  u_ff=79.6W  PCAP→78W  power=77.6W
[PID] perf=27.260Hz  target=8.833Hz  err=-18.427Hz  corr=-381.72W  u_ff=79.6W  PCAP→78W  power=77.1W
[PID] perf=27.294Hz  target=8.833Hz  err=-18.461Hz  corr=-382.35W  u_ff=79.6W  PCAP→78W  power=77.2W
[PID] perf=27.281Hz  target=8.833Hz  err=-18.449Hz  corr=-382.12W  u_ff=79.6W  PCAP→78W  power=77.1W
[PID] perf=27.294Hz  target=8.833Hz  err=-18.462Hz  corr=-382.36W  u_ff=79.6W  PCAP→78W  power=79.1W
[PID] perf=27.270Hz  target=8.833Hz  err=-18.437Hz  corr=-381.91W  u_ff=79.6W  PCAP→78W  power=77.3W
[PID] perf=27.282Hz  target=8.833Hz  err=-18.449Hz  corr=-382.14W  u_ff=79.6W  PCAP→78W  power=78.8W
[PID] perf=27.284Hz  target=8.833Hz  err=-18.451Hz  corr=-382.17W  u_ff=79.6W  PCAP→78W  power=79.4W
[PID] perf=27.287Hz  target=8.833Hz  err=-18.455Hz  corr=-382.23W  u_ff=79.6W  PCAP→78W  power=78.5W
[PID] perf=27.279Hz  target=8.833Hz  err=-18.446Hz  corr=-382.07W  u_ff=79.6W  PCAP→78W  power=77.0W
[PID] perf=27.242Hz  target=8.833Hz  err=-18.409Hz  corr=-381.40W  u_ff=79.6W  PCAP→78W  power=77.6W
[PID] perf=27.245Hz  target=8.833Hz  err=-18.413Hz  corr=-381.46W  u_ff=79.6W  PCAP→78W  power=78.5W
[PID] perf=27.226Hz  target=8.833Hz  err=-18.393Hz  corr=-381.09W  u_ff=79.6W  PCAP→78W  power=78.6W
[PID] perf=27.269Hz  target=8.833Hz  err=-18.436Hz  corr=-381.89W  u_ff=79.6W  PCAP→78W  power=78.7W
[PID] perf=27.265Hz  target=8.833Hz  err=-18.432Hz  corr=-381.81W  u_ff=79.6W  PCAP→78W  power=77.5W
[PID] perf=27.223Hz  target=8.833Hz  err=-18.391Hz  corr=-381.05W  u_ff=79.6W  PCAP→78W  power=76.4W
[PID] perf=27.247Hz  target=8.833Hz  err=-18.414Hz  corr=-381.49W  u_ff=79.6W  PCAP→78W  power=78.9W
[PID] perf=27.200Hz  target=8.833Hz  err=-18.367Hz  corr=-380.61W  u_ff=79.6W  PCAP→78W  power=78.5W
[PID] perf=27.234Hz  target=8.833Hz  err=-18.401Hz  corr=-381.25W  u_ff=79.6W  PCAP→78W  power=76.8W
[PID] perf=27.257Hz  target=8.833Hz  err=-18.425Hz  corr=-381.68W  u_ff=79.6W  PCAP→78W  power=78.8W
[PID] perf=27.266Hz  target=8.833Hz  err=-18.433Hz  corr=-381.84W  u_ff=79.6W  PCAP→78W  power=79.0W
[PID] perf=27.267Hz  target=8.833Hz  err=-18.435Hz  corr=-381.86W  u_ff=79.6W  PCAP→78W  power=78.1W
[PID] perf=27.269Hz  target=8.833Hz  err=-18.436Hz  corr=-381.89W  u_ff=79.6W  PCAP→78W  power=78.9W
[PID] perf=27.237Hz  target=8.833Hz  err=-18.404Hz  corr=-381.30W  u_ff=79.6W  PCAP→78W  power=79.2W
[PID] perf=27.240Hz  target=8.833Hz  err=-18.407Hz  corr=-381.36W  u_ff=79.6W  PCAP→78W  power=76.9W
[PID] perf=27.243Hz  target=8.833Hz  err=-18.410Hz  corr=-381.41W  u_ff=79.6W  PCAP→78W  power=77.2W
[PID] perf=27.266Hz  target=8.833Hz  err=-18.433Hz  corr=-381.84W  u_ff=79.6W  PCAP→78W  power=78.1W
[PID] perf=27.282Hz  target=8.833Hz  err=-18.450Hz  corr=-382.14W  u_ff=79.6W  PCAP→78W  power=77.6W
[PID] perf=27.265Hz  target=8.833Hz  err=-18.432Hz  corr=-381.82W  u_ff=79.6W  PCAP→78W  power=78.0W
[PID] perf=27.255Hz  target=8.833Hz  err=-18.422Hz  corr=-381.63W  u_ff=79.6W  PCAP→78W  power=79.3W
[PID] perf=27.315Hz  target=8.833Hz  err=-18.482Hz  corr=-382.75W  u_ff=79.6W  PCAP→78W  power=78.7W
[PID] perf=27.305Hz  target=8.833Hz  err=-18.472Hz  corr=-382.56W  u_ff=79.6W  PCAP→78W  power=78.6W
[PID] perf=27.285Hz  target=8.833Hz  err=-18.452Hz  corr=-382.18W  u_ff=79.6W  PCAP→78W  power=76.8W
[PID] perf=27.286Hz  target=8.833Hz  err=-18.453Hz  corr=-382.21W  u_ff=79.6W  PCAP→78W  power=77.8W
[PID] perf=27.242Hz  target=8.833Hz  err=-18.409Hz  corr=-381.38W  u_ff=79.6W  PCAP→78W  power=78.2W
[PID] perf=27.216Hz  target=8.833Hz  err=-18.384Hz  corr=-380.92W  u_ff=79.6W  PCAP→78W  power=77.3W
[PID] perf=27.241Hz  target=8.833Hz  err=-18.409Hz  corr=-381.38W  u_ff=79.6W  PCAP→78W  power=79.3W
[PID] perf=27.255Hz  target=8.833Hz  err=-18.422Hz  corr=-381.63W  u_ff=79.6W  PCAP→78W  power=78.6W
[PID] perf=27.254Hz  target=8.833Hz  err=-18.421Hz  corr=-381.61W  u_ff=79.6W  PCAP→78W  power=76.5W
[PID] perf=27.270Hz  target=8.833Hz  err=-18.437Hz  corr=-381.91W  u_ff=79.6W  PCAP→78W  power=77.2W
[PID] perf=27.279Hz  target=8.833Hz  err=-18.446Hz  corr=-382.07W  u_ff=79.6W  PCAP→78W  power=78.9W
[PID] perf=27.270Hz  target=8.833Hz  err=-18.437Hz  corr=-381.91W  u_ff=79.6W  PCAP→78W  power=79.0W
[PID] perf=27.285Hz  target=8.833Hz  err=-18.452Hz  corr=-382.19W  u_ff=79.6W  PCAP→78W  power=77.2W
[PID] perf=27.282Hz  target=8.833Hz  err=-18.449Hz  corr=-382.13W  u_ff=79.6W  PCAP→78W  power=77.1W
[PID] perf=27.293Hz  target=8.833Hz  err=-18.461Hz  corr=-382.35W  u_ff=79.6W  PCAP→78W  power=79.3W
[PID] perf=27.271Hz  target=8.833Hz  err=-18.438Hz  corr=-381.92W  u_ff=79.6W  PCAP→78W  power=77.1W
[PID] perf=27.272Hz  target=8.833Hz  err=-18.440Hz  corr=-381.96W  u_ff=79.6W  PCAP→78W  power=78.9W
[PID] perf=27.277Hz  target=8.833Hz  err=-18.444Hz  corr=-382.04W  u_ff=79.6W  PCAP→78W  power=79.2W
[PID] perf=27.250Hz  target=8.833Hz  err=-18.417Hz  corr=-381.54W  u_ff=79.6W  PCAP→78W  power=77.8W
[PID] perf=27.271Hz  target=8.833Hz  err=-18.438Hz  corr=-381.92W  u_ff=79.6W  PCAP→78W  power=77.0W
[PID] perf=27.281Hz  target=8.833Hz  err=-18.449Hz  corr=-382.12W  u_ff=79.6W  PCAP→78W  power=79.1W
[PID] perf=27.292Hz  target=8.833Hz  err=-18.459Hz  corr=-382.31W  u_ff=79.6W  PCAP→78W  power=78.9W
[PID] perf=27.254Hz  target=8.833Hz  err=-18.421Hz  corr=-381.61W  u_ff=79.6W  PCAP→78W  power=77.3W
[PID] perf=27.253Hz  target=8.833Hz  err=-18.421Hz  corr=-381.60W  u_ff=79.6W  PCAP→78W  power=77.8W
[PID] perf=27.255Hz  target=8.833Hz  err=-18.422Hz  corr=-381.63W  u_ff=79.6W  PCAP→78W  power=78.7W
[PID] perf=27.275Hz  target=8.833Hz  err=-18.442Hz  corr=-382.01W  u_ff=79.6W  PCAP→78W  power=79.0W
[PID] perf=27.262Hz  target=8.833Hz  err=-18.429Hz  corr=-381.76W  u_ff=79.6W  PCAP→78W  power=77.5W
[PID] perf=27.231Hz  target=8.833Hz  err=-18.398Hz  corr=-381.18W  u_ff=79.6W  PCAP→78W  power=76.3W
[PID] perf=27.225Hz  target=8.833Hz  err=-18.393Hz  corr=-381.08W  u_ff=79.6W  PCAP→78W  power=77.9W
[PID] perf=27.264Hz  target=8.833Hz  err=-18.431Hz  corr=-381.80W  u_ff=79.6W  PCAP→78W  power=78.5W
[PID] perf=27.237Hz  target=8.833Hz  err=-18.404Hz  corr=-381.30W  u_ff=79.6W  PCAP→78W  power=76.8W
[PID] perf=27.244Hz  target=8.833Hz  err=-18.411Hz  corr=-381.42W  u_ff=79.6W  PCAP→78W  power=77.0W
[PID] perf=27.269Hz  target=8.833Hz  err=-18.436Hz  corr=-381.89W  u_ff=79.6W  PCAP→78W  power=78.7W
[PID] perf=27.254Hz  target=8.833Hz  err=-18.421Hz  corr=-381.61W  u_ff=79.6W  PCAP→78W  power=78.6W
[PID] perf=27.256Hz  target=8.833Hz  err=-18.423Hz  corr=-381.65W  u_ff=79.6W  PCAP→78W  power=77.8W
[PID] perf=27.251Hz  target=8.833Hz  err=-18.418Hz  corr=-381.56W  u_ff=79.6W  PCAP→78W  power=77.2W
[PID] perf=27.257Hz  target=8.833Hz  err=-18.425Hz  corr=-381.68W  u_ff=79.6W  PCAP→78W  power=78.5W
[PID] perf=27.248Hz  target=8.833Hz  err=-18.415Hz  corr=-381.51W  u_ff=79.6W  PCAP→78W  power=78.9W
[PID] perf=27.238Hz  target=8.833Hz  err=-18.405Hz  corr=-381.31W  u_ff=79.6W  PCAP→78W  power=77.4W
[PID] perf=27.224Hz  target=8.833Hz  err=-18.391Hz  corr=-381.06W  u_ff=79.6W  PCAP→78W  power=77.1W
[PID] perf=27.219Hz  target=8.833Hz  err=-18.386Hz  corr=-380.97W  u_ff=79.6W  PCAP→78W  power=78.6W
[PID] perf=27.224Hz  target=8.833Hz  err=-18.391Hz  corr=-381.06W  u_ff=79.6W  PCAP→78W  power=78.0W
[PID] perf=27.207Hz  target=8.833Hz  err=-18.374Hz  corr=-380.74W  u_ff=79.6W  PCAP→78W  power=77.1W
[PID] perf=27.232Hz  target=8.833Hz  err=-18.400Hz  corr=-381.21W  u_ff=79.6W  PCAP→78W  power=77.2W
[PID] perf=27.233Hz  target=8.833Hz  err=-18.400Hz  corr=-381.23W  u_ff=79.6W  PCAP→78W  power=78.3W
[PID] perf=27.216Hz  target=8.833Hz  err=-18.383Hz  corr=-380.90W  u_ff=79.6W  PCAP→78W  power=78.1W
[PID] perf=27.211Hz  target=8.833Hz  err=-18.378Hz  corr=-380.81W  u_ff=79.6W  PCAP→78W  power=77.6W
[PID] perf=27.191Hz  target=8.833Hz  err=-18.358Hz  corr=-380.45W  u_ff=79.6W  PCAP→78W  power=78.2W
[PID] perf=27.224Hz  target=8.833Hz  err=-18.391Hz  corr=-381.06W  u_ff=79.6W  PCAP→78W  power=78.4W
[PID] perf=27.201Hz  target=8.833Hz  err=-18.368Hz  corr=-380.62W  u_ff=79.6W  PCAP→78W  power=78.9W
[PID] perf=27.224Hz  target=8.833Hz  err=-18.391Hz  corr=-381.06W  u_ff=79.6W  PCAP→78W  power=77.8W
[PID] perf=27.244Hz  target=8.833Hz  err=-18.412Hz  corr=-381.44W  u_ff=79.6W  PCAP→78W  power=76.5W
[PID] perf=27.208Hz  target=8.833Hz  err=-18.375Hz  corr=-380.76W  u_ff=79.6W  PCAP→78W  power=79.1W
[PID] perf=27.202Hz  target=8.833Hz  err=-18.369Hz  corr=-380.65W  u_ff=79.6W  PCAP→78W  power=79.3W
[PID] perf=27.174Hz  target=8.833Hz  err=-18.341Hz  corr=-380.13W  u_ff=79.6W  PCAP→78W  power=77.0W
[PID] perf=27.194Hz  target=8.833Hz  err=-18.361Hz  corr=-380.50W  u_ff=79.6W  PCAP→78W  power=77.4W
[PID] perf=27.162Hz  target=8.833Hz  err=-18.329Hz  corr=-379.91W  u_ff=79.6W  PCAP→78W  power=78.5W
[PID] perf=27.281Hz  target=8.833Hz  err=-18.448Hz  corr=-382.12W  u_ff=79.6W  PCAP→78W  power=76.8W
[PID] perf=27.289Hz  target=8.833Hz  err=-18.457Hz  corr=-382.27W  u_ff=79.6W  PCAP→78W  power=76.8W
[PID] perf=27.255Hz  target=8.833Hz  err=-18.423Hz  corr=-381.64W  u_ff=79.6W  PCAP→78W  power=78.3W
[PID] perf=27.259Hz  target=8.833Hz  err=-18.426Hz  corr=-381.71W  u_ff=79.6W  PCAP→78W  power=78.6W
[PID] perf=27.280Hz  target=8.833Hz  err=-18.447Hz  corr=-382.10W  u_ff=79.6W  PCAP→78W  power=77.9W
[PID] perf=27.229Hz  target=8.833Hz  err=-18.397Hz  corr=-381.16W  u_ff=79.6W  PCAP→78W  power=77.1W
[PID] perf=27.231Hz  target=8.833Hz  err=-18.398Hz  corr=-381.19W  u_ff=79.6W  PCAP→78W  power=77.1W
[PID] perf=27.269Hz  target=8.833Hz  err=-18.436Hz  corr=-381.89W  u_ff=79.6W  PCAP→78W  power=79.2W
[PID] perf=27.255Hz  target=8.833Hz  err=-18.422Hz  corr=-381.64W  u_ff=79.6W  PCAP→78W  power=78.4W
[PID] perf=27.240Hz  target=8.833Hz  err=-18.407Hz  corr=-381.35W  u_ff=79.6W  PCAP→78W  power=77.3W
[PID] perf=27.214Hz  target=8.833Hz  err=-18.382Hz  corr=-380.88W  u_ff=79.6W  PCAP→78W  power=78.0W
[PID] perf=27.219Hz  target=8.833Hz  err=-18.386Hz  corr=-380.96W  u_ff=79.6W  PCAP→78W  power=78.5W
[PID] perf=27.248Hz  target=8.833Hz  err=-18.416Hz  corr=-381.51W  u_ff=79.6W  PCAP→78W  power=79.1W
[PID] perf=27.221Hz  target=8.833Hz  err=-18.388Hz  corr=-381.01W  u_ff=79.6W  PCAP→78W  power=76.5W
[PID] perf=27.240Hz  target=8.833Hz  err=-18.407Hz  corr=-381.36W  u_ff=79.6W  PCAP→78W  power=77.7W
[PID] perf=27.280Hz  target=8.833Hz  err=-18.448Hz  corr=-382.10W  u_ff=79.6W  PCAP→78W  power=79.0W
[PID] perf=27.290Hz  target=8.833Hz  err=-18.457Hz  corr=-382.28W  u_ff=79.6W  PCAP→78W  power=77.7W
[PID] perf=27.243Hz  target=8.833Hz  err=-18.411Hz  corr=-381.42W  u_ff=79.6W  PCAP→78W  power=76.9W
[PID] perf=27.263Hz  target=8.833Hz  err=-18.430Hz  corr=-381.77W  u_ff=79.6W  PCAP→78W  power=77.1W
[PID] perf=27.216Hz  target=8.833Hz  err=-18.384Hz  corr=-380.92W  u_ff=79.6W  PCAP→78W  power=78.5W
[PID] perf=27.219Hz  target=8.833Hz  err=-18.386Hz  corr=-380.96W  u_ff=79.6W  PCAP→78W  power=78.5W
[PID] perf=27.252Hz  target=8.833Hz  err=-18.419Hz  corr=-381.58W  u_ff=79.6W  PCAP→78W  power=78.9W
[PID] perf=27.222Hz  target=8.833Hz  err=-18.389Hz  corr=-381.03W  u_ff=79.6W  PCAP→78W  power=77.2W
[PID] perf=27.207Hz  target=8.833Hz  err=-18.375Hz  corr=-380.75W  u_ff=79.6W  PCAP→78W  power=79.1W
[PID] perf=27.191Hz  target=8.833Hz  err=-18.358Hz  corr=-380.44W  u_ff=79.6W  PCAP→78W  power=78.2W
[PID] perf=27.229Hz  target=8.833Hz  err=-18.396Hz  corr=-381.15W  u_ff=79.6W  PCAP→78W  power=78.3W
[PID] perf=27.246Hz  target=8.833Hz  err=-18.413Hz  corr=-381.47W  u_ff=79.6W  PCAP→78W  power=77.3W
[PID] perf=27.220Hz  target=8.833Hz  err=-18.387Hz  corr=-380.98W  u_ff=79.6W  PCAP→78W  power=78.5W
[PID] perf=27.244Hz  target=8.833Hz  err=-18.411Hz  corr=-381.42W  u_ff=79.6W  PCAP→78W  power=78.6W
[PID] perf=27.124Hz  target=8.833Hz  err=-18.291Hz  corr=-379.20W  u_ff=79.6W  PCAP→78W  power=78.4W
[PID] perf=27.094Hz  target=8.833Hz  err=-18.262Hz  corr=-378.66W  u_ff=79.6W  PCAP→78W  power=78.4W
[PID] perf=27.086Hz  target=8.833Hz  err=-18.253Hz  corr=-378.50W  u_ff=79.6W  PCAP→78W  power=77.9W
[PID] perf=27.108Hz  target=8.833Hz  err=-18.275Hz  corr=-378.91W  u_ff=79.6W  PCAP→78W  power=78.6W
[PID] perf=27.140Hz  target=8.833Hz  err=-18.307Hz  corr=-379.49W  u_ff=79.6W  PCAP→78W  power=78.4W
[PID] perf=27.120Hz  target=8.833Hz  err=-18.287Hz  corr=-379.13W  u_ff=79.6W  PCAP→78W  power=76.5W
[PID] perf=27.128Hz  target=8.833Hz  err=-18.295Hz  corr=-379.27W  u_ff=79.6W  PCAP→78W  power=76.8W
[PID] perf=27.099Hz  target=8.833Hz  err=-18.266Hz  corr=-378.73W  u_ff=79.6W  PCAP→78W  power=77.3W
[PID] perf=27.117Hz  target=8.833Hz  err=-18.284Hz  corr=-379.07W  u_ff=79.6W  PCAP→78W  power=78.6W
[PID] perf=27.148Hz  target=8.833Hz  err=-18.316Hz  corr=-379.66W  u_ff=79.6W  PCAP→78W  power=78.7W
[PID] perf=27.160Hz  target=8.833Hz  err=-18.327Hz  corr=-379.87W  u_ff=79.6W  PCAP→78W  power=78.1W
[PID] perf=27.106Hz  target=8.833Hz  err=-18.273Hz  corr=-378.87W  u_ff=79.6W  PCAP→78W  power=77.6W
[PID] perf=27.141Hz  target=8.833Hz  err=-18.308Hz  corr=-379.51W  u_ff=79.6W  PCAP→78W  power=77.4W
[PID] perf=27.136Hz  target=8.833Hz  err=-18.303Hz  corr=-379.42W  u_ff=79.6W  PCAP→78W  power=78.9W
[PID] perf=27.133Hz  target=8.833Hz  err=-18.300Hz  corr=-379.37W  u_ff=79.6W  PCAP→78W  power=78.5W
[PID] perf=27.145Hz  target=8.833Hz  err=-18.312Hz  corr=-379.59W  u_ff=79.6W  PCAP→78W  power=78.7W
[PID] perf=27.158Hz  target=8.833Hz  err=-18.326Hz  corr=-379.84W  u_ff=79.6W  PCAP→78W  power=79.1W
[PID] perf=27.100Hz  target=8.833Hz  err=-18.267Hz  corr=-378.76W  u_ff=79.6W  PCAP→78W  power=78.7W
[PID] perf=27.134Hz  target=8.833Hz  err=-18.302Hz  corr=-379.40W  u_ff=79.6W  PCAP→78W  power=76.3W
[PID] perf=27.157Hz  target=8.833Hz  err=-18.324Hz  corr=-379.82W  u_ff=79.6W  PCAP→78W  power=76.8W
[PID] perf=27.138Hz  target=8.833Hz  err=-18.305Hz  corr=-379.47W  u_ff=79.6W  PCAP→78W  power=76.8W
[PID] perf=27.133Hz  target=8.833Hz  err=-18.301Hz  corr=-379.38W  u_ff=79.6W  PCAP→78W  power=77.6W
[PID] perf=27.148Hz  target=8.833Hz  err=-18.315Hz  corr=-379.65W  u_ff=79.6W  PCAP→78W  power=77.0W
[PID] perf=27.162Hz  target=8.833Hz  err=-18.330Hz  corr=-379.91W  u_ff=79.6W  PCAP→78W  power=77.1W
[PID] perf=27.135Hz  target=8.833Hz  err=-18.302Hz  corr=-379.40W  u_ff=79.6W  PCAP→78W  power=78.7W
[PID] perf=27.136Hz  target=8.833Hz  err=-18.303Hz  corr=-379.42W  u_ff=79.6W  PCAP→78W  power=78.4W
[PID] perf=27.162Hz  target=8.833Hz  err=-18.329Hz  corr=-379.90W  u_ff=79.6W  PCAP→78W  power=77.1W
[PID] perf=27.148Hz  target=8.833Hz  err=-18.315Hz  corr=-379.64W  u_ff=79.6W  PCAP→78W  power=77.7W
[PID] perf=27.151Hz  target=8.833Hz  err=-18.318Hz  corr=-379.70W  u_ff=79.6W  PCAP→78W  power=78.1W
[PID] perf=27.183Hz  target=8.833Hz  err=-18.350Hz  corr=-380.30W  u_ff=79.6W  PCAP→78W  power=77.6W
[PID] perf=27.178Hz  target=8.833Hz  err=-18.345Hz  corr=-380.21W  u_ff=79.6W  PCAP→78W  power=78.7W
[PID] perf=27.171Hz  target=8.833Hz  err=-18.338Hz  corr=-380.08W  u_ff=79.6W  PCAP→78W  power=77.4W
[PID] perf=27.164Hz  target=8.833Hz  err=-18.331Hz  corr=-379.94W  u_ff=79.6W  PCAP→78W  power=77.4W
[PID] perf=27.147Hz  target=8.833Hz  err=-18.314Hz  corr=-379.62W  u_ff=79.6W  PCAP→78W  power=77.6W
[PID] perf=27.158Hz  target=8.833Hz  err=-18.325Hz  corr=-379.84W  u_ff=79.6W  PCAP→78W  power=77.3W
[PID] perf=27.118Hz  target=8.833Hz  err=-18.286Hz  corr=-379.10W  u_ff=79.6W  PCAP→78W  power=77.4W
[PID] perf=27.135Hz  target=8.833Hz  err=-18.302Hz  corr=-379.41W  u_ff=79.6W  PCAP→78W  power=77.4W
[PID] perf=27.171Hz  target=8.833Hz  err=-18.338Hz  corr=-380.07W  u_ff=79.6W  PCAP→78W  power=76.6W
[PID] perf=27.185Hz  target=8.833Hz  err=-18.352Hz  corr=-380.33W  u_ff=79.6W  PCAP→78W  power=77.6W
[PID] perf=27.163Hz  target=8.833Hz  err=-18.330Hz  corr=-379.92W  u_ff=79.6W  PCAP→78W  power=77.8W
[PID] perf=27.139Hz  target=8.833Hz  err=-18.306Hz  corr=-379.47W  u_ff=79.6W  PCAP→78W  power=78.6W
[PID] perf=27.164Hz  target=8.833Hz  err=-18.331Hz  corr=-379.95W  u_ff=79.6W  PCAP→78W  power=78.5W
[PID] perf=27.142Hz  target=8.833Hz  err=-18.309Hz  corr=-379.54W  u_ff=79.6W  PCAP→78W  power=76.8W
[PID] perf=27.144Hz  target=8.833Hz  err=-18.312Hz  corr=-379.58W  u_ff=79.6W  PCAP→78W  power=77.9W
[PID] perf=27.158Hz  target=8.833Hz  err=-18.325Hz  corr=-379.84W  u_ff=79.6W  PCAP→78W  power=78.0W
[PID] perf=27.158Hz  target=8.833Hz  err=-18.325Hz  corr=-379.84W  u_ff=79.6W  PCAP→78W  power=77.2W
[PID] perf=27.152Hz  target=8.833Hz  err=-18.319Hz  corr=-379.71W  u_ff=79.6W  PCAP→78W  power=76.5W
[PID] perf=27.176Hz  target=8.833Hz  err=-18.343Hz  corr=-380.16W  u_ff=79.6W  PCAP→78W  power=77.2W
[PID] perf=27.168Hz  target=8.833Hz  err=-18.335Hz  corr=-380.02W  u_ff=79.6W  PCAP→78W  power=78.6W
[PID] perf=27.155Hz  target=8.833Hz  err=-18.322Hz  corr=-379.78W  u_ff=79.6W  PCAP→78W  power=78.5W
[PID] perf=27.163Hz  target=8.833Hz  err=-18.331Hz  corr=-379.93W  u_ff=79.6W  PCAP→78W  power=77.8W
[PID] perf=27.162Hz  target=8.833Hz  err=-18.330Hz  corr=-379.92W  u_ff=79.6W  PCAP→78W  power=77.4W
[PID] perf=27.166Hz  target=8.833Hz  err=-18.333Hz  corr=-379.98W  u_ff=79.6W  PCAP→78W  power=78.8W
[PID] perf=27.182Hz  target=8.833Hz  err=-18.350Hz  corr=-380.29W  u_ff=79.6W  PCAP→78W  power=78.9W
[PID] perf=27.174Hz  target=8.833Hz  err=-18.341Hz  corr=-380.13W  u_ff=79.6W  PCAP→78W  power=78.2W
[PID] perf=27.171Hz  target=8.833Hz  err=-18.338Hz  corr=-380.07W  u_ff=79.6W  PCAP→78W  power=78.7W
[PID] perf=27.190Hz  target=8.833Hz  err=-18.357Hz  corr=-380.42W  u_ff=79.6W  PCAP→78W  power=76.9W
[PID] perf=27.201Hz  target=8.833Hz  err=-18.368Hz  corr=-380.63W  u_ff=79.6W  PCAP→78W  power=77.1W
[PID] perf=27.187Hz  target=8.833Hz  err=-18.354Hz  corr=-380.37W  u_ff=79.6W  PCAP→78W  power=77.0W
[PID] perf=27.179Hz  target=8.833Hz  err=-18.346Hz  corr=-380.23W  u_ff=79.6W  PCAP→78W  power=78.0W
[PID] perf=27.170Hz  target=8.833Hz  err=-18.338Hz  corr=-380.07W  u_ff=79.6W  PCAP→78W  power=77.8W
[PID] perf=27.159Hz  target=8.833Hz  err=-18.326Hz  corr=-379.85W  u_ff=79.6W  PCAP→78W  power=79.1W
[PID] perf=27.158Hz  target=8.833Hz  err=-18.325Hz  corr=-379.83W  u_ff=79.6W  PCAP→78W  power=79.2W
[PID] perf=27.142Hz  target=8.833Hz  err=-18.309Hz  corr=-379.54W  u_ff=79.6W  PCAP→78W  power=76.8W
[PID] perf=27.162Hz  target=8.833Hz  err=-18.329Hz  corr=-379.91W  u_ff=79.6W  PCAP→78W  power=76.5W
[PID] perf=27.197Hz  target=8.833Hz  err=-18.364Hz  corr=-380.56W  u_ff=79.6W  PCAP→78W  power=78.7W
[PID] perf=27.180Hz  target=8.833Hz  err=-18.348Hz  corr=-380.25W  u_ff=79.6W  PCAP→78W  power=77.8W
[PID] perf=27.182Hz  target=8.833Hz  err=-18.349Hz  corr=-380.29W  u_ff=79.6W  PCAP→78W  power=77.4W
[PID] perf=27.183Hz  target=8.833Hz  err=-18.350Hz  corr=-380.30W  u_ff=79.6W  PCAP→78W  power=78.6W
[PID] perf=27.182Hz  target=8.833Hz  err=-18.349Hz  corr=-380.28W  u_ff=79.6W  PCAP→78W  power=78.2W
[PID] perf=27.182Hz  target=8.833Hz  err=-18.349Hz  corr=-380.28W  u_ff=79.6W  PCAP→78W  power=77.2W
[PID] perf=27.175Hz  target=8.833Hz  err=-18.342Hz  corr=-380.15W  u_ff=79.6W  PCAP→78W  power=78.8W
[PID] perf=27.169Hz  target=8.833Hz  err=-18.336Hz  corr=-380.03W  u_ff=79.6W  PCAP→78W  power=77.9W
[PID] perf=27.150Hz  target=8.833Hz  err=-18.318Hz  corr=-379.69W  u_ff=79.6W  PCAP→78W  power=78.5W
[PID] perf=27.148Hz  target=8.833Hz  err=-18.315Hz  corr=-379.65W  u_ff=79.6W  PCAP→78W  power=78.6W
[PID] perf=27.151Hz  target=8.833Hz  err=-18.318Hz  corr=-379.70W  u_ff=79.6W  PCAP→78W  power=79.1W
[PID] perf=27.098Hz  target=8.833Hz  err=-18.265Hz  corr=-378.72W  u_ff=79.6W  PCAP→78W  power=77.6W
[PID] perf=27.167Hz  target=8.833Hz  err=-18.334Hz  corr=-380.00W  u_ff=79.6W  PCAP→78W  power=77.7W
[PID] perf=27.160Hz  target=8.833Hz  err=-18.328Hz  corr=-379.88W  u_ff=79.6W  PCAP→78W  power=76.6W
[PID] perf=27.194Hz  target=8.833Hz  err=-18.361Hz  corr=-380.50W  u_ff=79.6W  PCAP→78W  power=78.2W
[PID] perf=27.180Hz  target=8.833Hz  err=-18.347Hz  corr=-380.25W  u_ff=79.6W  PCAP→78W  power=79.1W
[PID] perf=27.164Hz  target=8.833Hz  err=-18.331Hz  corr=-379.94W  u_ff=79.6W  PCAP→78W  power=77.6W
[PID] perf=27.149Hz  target=8.833Hz  err=-18.317Hz  corr=-379.68W  u_ff=79.6W  PCAP→78W  power=77.4W
[PID] perf=27.158Hz  target=8.833Hz  err=-18.326Hz  corr=-379.84W  u_ff=79.6W  PCAP→78W  power=77.7W
[PID] perf=27.167Hz  target=8.833Hz  err=-18.334Hz  corr=-380.01W  u_ff=79.6W  PCAP→78W  power=78.7W
[PID] perf=27.177Hz  target=8.833Hz  err=-18.344Hz  corr=-380.19W  u_ff=79.6W  PCAP→78W  power=77.7W
[PID] perf=27.182Hz  target=8.833Hz  err=-18.350Hz  corr=-380.29W  u_ff=79.6W  PCAP→78W  power=77.6W
[PID] perf=27.178Hz  target=8.833Hz  err=-18.345Hz  corr=-380.21W  u_ff=79.6W  PCAP→78W  power=78.3W
[PID] perf=27.201Hz  target=8.833Hz  err=-18.368Hz  corr=-380.63W  u_ff=79.6W  PCAP→78W  power=77.6W
[PID] perf=27.156Hz  target=8.833Hz  err=-18.323Hz  corr=-379.79W  u_ff=79.6W  PCAP→78W  power=78.6W
[PID] perf=27.204Hz  target=8.833Hz  err=-18.371Hz  corr=-380.68W  u_ff=79.6W  PCAP→78W  power=77.2W
[PID] perf=27.179Hz  target=8.833Hz  err=-18.346Hz  corr=-380.22W  u_ff=79.6W  PCAP→78W  power=78.3W
[PID] perf=27.207Hz  target=8.833Hz  err=-18.374Hz  corr=-380.75W  u_ff=79.6W  PCAP→78W  power=77.2W
[PID] perf=27.197Hz  target=8.833Hz  err=-18.364Hz  corr=-380.56W  u_ff=79.6W  PCAP→78W  power=77.8W
[PID] perf=27.219Hz  target=8.833Hz  err=-18.387Hz  corr=-380.97W  u_ff=79.6W  PCAP→78W  power=78.6W
[PID] perf=27.177Hz  target=8.833Hz  err=-18.344Hz  corr=-380.18W  u_ff=79.6W  PCAP→78W  power=77.9W
[PID] perf=27.175Hz  target=8.833Hz  err=-18.342Hz  corr=-380.14W  u_ff=79.6W  PCAP→78W  power=77.9W
[PID] perf=27.193Hz  target=8.833Hz  err=-18.360Hz  corr=-380.48W  u_ff=79.6W  PCAP→78W  power=78.5W
[PID] perf=27.222Hz  target=8.833Hz  err=-18.390Hz  corr=-381.03W  u_ff=79.6W  PCAP→78W  power=77.8W
[PID] perf=27.183Hz  target=8.833Hz  err=-18.350Hz  corr=-380.30W  u_ff=79.6W  PCAP→78W  power=77.9W
[PID] perf=27.220Hz  target=8.833Hz  err=-18.387Hz  corr=-380.99W  u_ff=79.6W  PCAP→78W  power=77.7W
[PID] perf=27.184Hz  target=8.833Hz  err=-18.352Hz  corr=-380.32W  u_ff=79.6W  PCAP→78W  power=78.6W
[PID] perf=27.170Hz  target=8.833Hz  err=-18.337Hz  corr=-380.05W  u_ff=79.6W  PCAP→78W  power=78.7W
[PID] perf=27.183Hz  target=8.833Hz  err=-18.350Hz  corr=-380.30W  u_ff=79.6W  PCAP→78W  power=78.6W
[PID] perf=27.186Hz  target=8.833Hz  err=-18.353Hz  corr=-380.35W  u_ff=79.6W  PCAP→78W  power=78.6W
[PID] perf=27.176Hz  target=8.833Hz  err=-18.344Hz  corr=-380.17W  u_ff=79.6W  PCAP→78W  power=77.0W
[PID] perf=27.184Hz  target=8.833Hz  err=-18.351Hz  corr=-380.31W  u_ff=79.6W  PCAP→78W  power=77.3W
[PID] perf=27.153Hz  target=8.833Hz  err=-18.320Hz  corr=-379.74W  u_ff=79.6W  PCAP→78W  power=77.0W
[PID] perf=27.117Hz  target=8.833Hz  err=-18.284Hz  corr=-379.08W  u_ff=79.6W  PCAP→78W  power=77.4W
[PID] perf=27.103Hz  target=8.833Hz  err=-18.270Hz  corr=-378.81W  u_ff=79.6W  PCAP→78W  power=77.6W
[PID] perf=27.083Hz  target=8.833Hz  err=-18.251Hz  corr=-378.45W  u_ff=79.6W  PCAP→78W  power=78.0W
[PID] perf=27.060Hz  target=8.833Hz  err=-18.227Hz  corr=-378.01W  u_ff=79.6W  PCAP→78W  power=77.1W
[PID] perf=27.050Hz  target=8.833Hz  err=-18.217Hz  corr=-377.83W  u_ff=79.6W  PCAP→78W  power=78.5W
[PID] perf=27.085Hz  target=8.833Hz  err=-18.252Hz  corr=-378.48W  u_ff=79.6W  PCAP→78W  power=77.5W
[PID] perf=27.096Hz  target=8.833Hz  err=-18.263Hz  corr=-378.69W  u_ff=79.6W  PCAP→78W  power=77.0W
[PID] perf=27.093Hz  target=8.833Hz  err=-18.260Hz  corr=-378.63W  u_ff=79.6W  PCAP→78W  power=77.0W
[PID] perf=27.125Hz  target=8.833Hz  err=-18.292Hz  corr=-379.23W  u_ff=79.6W  PCAP→78W  power=78.4W
[PID] perf=27.164Hz  target=8.833Hz  err=-18.331Hz  corr=-379.94W  u_ff=79.6W  PCAP→78W  power=79.0W
[PID] perf=27.126Hz  target=8.833Hz  err=-18.294Hz  corr=-379.25W  u_ff=79.6W  PCAP→78W  power=77.2W
[PID] perf=27.102Hz  target=8.833Hz  err=-18.269Hz  corr=-378.79W  u_ff=79.6W  PCAP→78W  power=76.8W
[PID] perf=27.118Hz  target=8.833Hz  err=-18.285Hz  corr=-379.09W  u_ff=79.6W  PCAP→78W  power=78.3W
[PID] perf=27.111Hz  target=8.833Hz  err=-18.278Hz  corr=-378.96W  u_ff=79.6W  PCAP→78W  power=78.4W
[PID] perf=27.092Hz  target=8.833Hz  err=-18.259Hz  corr=-378.61W  u_ff=79.6W  PCAP→78W  power=76.5W
[PID] perf=27.118Hz  target=8.833Hz  err=-18.285Hz  corr=-379.09W  u_ff=79.6W  PCAP→78W  power=78.5W
[PID] perf=27.129Hz  target=8.833Hz  err=-18.296Hz  corr=-379.29W  u_ff=79.6W  PCAP→78W  power=77.3W
[PID] perf=27.064Hz  target=8.833Hz  err=-18.231Hz  corr=-378.09W  u_ff=79.6W  PCAP→78W  power=79.0W
[PID] perf=27.084Hz  target=8.833Hz  err=-18.251Hz  corr=-378.46W  u_ff=79.6W  PCAP→78W  power=78.5W
[PID] perf=27.101Hz  target=8.833Hz  err=-18.268Hz  corr=-378.77W  u_ff=79.6W  PCAP→78W  power=76.1W
[PID] perf=27.089Hz  target=8.833Hz  err=-18.256Hz  corr=-378.56W  u_ff=79.6W  PCAP→78W  power=78.9W
[PID] perf=27.058Hz  target=8.833Hz  err=-18.226Hz  corr=-377.99W  u_ff=79.6W  PCAP→78W  power=79.3W
[PID] perf=27.111Hz  target=8.833Hz  err=-18.278Hz  corr=-378.95W  u_ff=79.6W  PCAP→78W  power=77.9W
[PID] perf=27.127Hz  target=8.833Hz  err=-18.295Hz  corr=-379.27W  u_ff=79.6W  PCAP→78W  power=77.8W
[PID] perf=27.142Hz  target=8.833Hz  err=-18.310Hz  corr=-379.54W  u_ff=79.6W  PCAP→78W  power=77.6W
[PID] perf=27.093Hz  target=8.833Hz  err=-18.260Hz  corr=-378.62W  u_ff=79.6W  PCAP→78W  power=77.2W
[PID] perf=27.115Hz  target=8.833Hz  err=-18.282Hz  corr=-379.04W  u_ff=79.6W  PCAP→78W  power=78.2W
[PID] perf=27.084Hz  target=8.833Hz  err=-18.251Hz  corr=-378.47W  u_ff=79.6W  PCAP→78W  power=78.5W
[PID] perf=27.099Hz  target=8.833Hz  err=-18.266Hz  corr=-378.74W  u_ff=79.6W  PCAP→78W  power=77.0W
[PID] perf=26.929Hz  target=8.833Hz  err=-18.096Hz  corr=-375.59W  u_ff=79.6W  PCAP→78W  power=78.2W
[PID] perf=26.962Hz  target=8.833Hz  err=-18.129Hz  corr=-376.19W  u_ff=79.6W  PCAP→78W  power=77.9W
[PID] perf=26.952Hz  target=8.833Hz  err=-18.119Hz  corr=-376.02W  u_ff=79.6W  PCAP→78W  power=77.4W
[PID] perf=26.988Hz  target=8.833Hz  err=-18.155Hz  corr=-376.69W  u_ff=79.6W  PCAP→78W  power=78.6W
[PID] perf=26.980Hz  target=8.833Hz  err=-18.147Hz  corr=-376.53W  u_ff=79.6W  PCAP→78W  power=77.6W
[PID] perf=26.943Hz  target=8.833Hz  err=-18.111Hz  corr=-375.86W  u_ff=79.6W  PCAP→78W  power=76.7W
[PID] perf=26.948Hz  target=8.833Hz  err=-18.115Hz  corr=-375.94W  u_ff=79.6W  PCAP→78W  power=79.0W
[PID] perf=26.956Hz  target=8.833Hz  err=-18.123Hz  corr=-376.09W  u_ff=79.6W  PCAP→78W  power=77.8W
[PID] perf=26.899Hz  target=8.833Hz  err=-18.066Hz  corr=-375.03W  u_ff=79.6W  PCAP→78W  power=76.8W
[PID] perf=26.888Hz  target=8.833Hz  err=-18.055Hz  corr=-374.82W  u_ff=79.6W  PCAP→78W  power=78.8W
[PID] perf=26.894Hz  target=8.833Hz  err=-18.061Hz  corr=-374.94W  u_ff=79.6W  PCAP→78W  power=77.4W
[PID] perf=26.898Hz  target=8.833Hz  err=-18.065Hz  corr=-375.00W  u_ff=79.6W  PCAP→78W  power=77.9W
[PID] perf=26.887Hz  target=8.833Hz  err=-18.054Hz  corr=-374.81W  u_ff=79.6W  PCAP→78W  power=79.0W
[PID] perf=26.918Hz  target=8.833Hz  err=-18.085Hz  corr=-375.38W  u_ff=79.6W  PCAP→78W  power=79.2W
[PID] perf=26.983Hz  target=8.833Hz  err=-18.150Hz  corr=-376.58W  u_ff=79.6W  PCAP→78W  power=77.7W
[PID] perf=26.974Hz  target=8.833Hz  err=-18.141Hz  corr=-376.42W  u_ff=79.6W  PCAP→78W  power=77.4W
[PID] perf=26.967Hz  target=8.833Hz  err=-18.135Hz  corr=-376.30W  u_ff=79.6W  PCAP→78W  power=77.8W
[PID] perf=26.963Hz  target=8.833Hz  err=-18.130Hz  corr=-376.21W  u_ff=79.6W  PCAP→78W  power=79.1W
[PID] perf=26.964Hz  target=8.833Hz  err=-18.131Hz  corr=-376.23W  u_ff=79.6W  PCAP→78W  power=78.5W
[PID] perf=26.936Hz  target=8.833Hz  err=-18.103Hz  corr=-375.71W  u_ff=79.6W  PCAP→78W  power=77.4W
[PID] perf=26.973Hz  target=8.833Hz  err=-18.141Hz  corr=-376.41W  u_ff=79.6W  PCAP→78W  power=77.0W
[PID] perf=27.000Hz  target=8.833Hz  err=-18.167Hz  corr=-376.90W  u_ff=79.6W  PCAP→78W  power=78.1W
[PID] perf=26.875Hz  target=8.833Hz  err=-18.042Hz  corr=-374.58W  u_ff=79.6W  PCAP→78W  power=77.2W
[PID] perf=26.858Hz  target=8.833Hz  err=-18.025Hz  corr=-374.26W  u_ff=79.6W  PCAP→78W  power=77.0W
[PID] perf=26.874Hz  target=8.833Hz  err=-18.041Hz  corr=-374.57W  u_ff=79.6W  PCAP→78W  power=77.6W
[PID] perf=26.884Hz  target=8.833Hz  err=-18.051Hz  corr=-374.76W  u_ff=79.6W  PCAP→78W  power=77.0W
[PID] perf=26.881Hz  target=8.833Hz  err=-18.048Hz  corr=-374.69W  u_ff=79.6W  PCAP→78W  power=77.9W
[PID] perf=26.856Hz  target=8.833Hz  err=-18.023Hz  corr=-374.23W  u_ff=79.6W  PCAP→78W  power=79.0W
[PID] perf=26.869Hz  target=8.833Hz  err=-18.036Hz  corr=-374.47W  u_ff=79.6W  PCAP→78W  power=78.2W
[PID] perf=26.862Hz  target=8.833Hz  err=-18.029Hz  corr=-374.34W  u_ff=79.6W  PCAP→78W  power=77.5W
[PID] perf=26.839Hz  target=8.833Hz  err=-18.006Hz  corr=-373.91W  u_ff=79.6W  PCAP→78W  power=78.1W
[PID] perf=26.862Hz  target=8.833Hz  err=-18.029Hz  corr=-374.34W  u_ff=79.6W  PCAP→78W  power=78.0W
[PID] perf=26.851Hz  target=8.833Hz  err=-18.018Hz  corr=-374.14W  u_ff=79.6W  PCAP→78W  power=78.9W
[PID] perf=26.853Hz  target=8.833Hz  err=-18.020Hz  corr=-374.17W  u_ff=79.6W  PCAP→78W  power=76.8W
[PID] perf=26.841Hz  target=8.833Hz  err=-18.008Hz  corr=-373.95W  u_ff=79.6W  PCAP→78W  power=77.6W
[PID] perf=26.870Hz  target=8.833Hz  err=-18.037Hz  corr=-374.50W  u_ff=79.6W  PCAP→78W  power=78.5W
[PID] perf=26.867Hz  target=8.833Hz  err=-18.035Hz  corr=-374.44W  u_ff=79.6W  PCAP→78W  power=79.2W
[PID] perf=26.871Hz  target=8.833Hz  err=-18.038Hz  corr=-374.51W  u_ff=79.6W  PCAP→78W  power=78.5W
[PID] perf=26.829Hz  target=8.833Hz  err=-17.996Hz  corr=-373.73W  u_ff=79.6W  PCAP→78W  power=78.1W
[PID] perf=26.804Hz  target=8.833Hz  err=-17.971Hz  corr=-373.27W  u_ff=79.6W  PCAP→78W  power=78.2W
[PID] perf=26.845Hz  target=8.833Hz  err=-18.012Hz  corr=-374.03W  u_ff=79.6W  PCAP→78W  power=78.6W
[PID] perf=26.800Hz  target=8.833Hz  err=-17.967Hz  corr=-373.19W  u_ff=79.6W  PCAP→78W  power=77.9W
[PID] perf=26.745Hz  target=8.833Hz  err=-17.912Hz  corr=-372.17W  u_ff=79.6W  PCAP→78W  power=79.1W
[PID] perf=26.749Hz  target=8.833Hz  err=-17.917Hz  corr=-372.26W  u_ff=79.6W  PCAP→78W  power=76.1W
[PID] perf=26.727Hz  target=8.833Hz  err=-17.894Hz  corr=-371.85W  u_ff=79.6W  PCAP→78W  power=77.6W
[PID] perf=26.747Hz  target=8.833Hz  err=-17.914Hz  corr=-372.22W  u_ff=79.6W  PCAP→78W  power=78.9W
[PID] perf=26.756Hz  target=8.833Hz  err=-17.923Hz  corr=-372.38W  u_ff=79.6W  PCAP→78W  power=78.0W
[PID] perf=26.727Hz  target=8.833Hz  err=-17.894Hz  corr=-371.84W  u_ff=79.6W  PCAP→78W  power=78.3W
[PID] perf=26.752Hz  target=8.833Hz  err=-17.919Hz  corr=-372.31W  u_ff=79.6W  PCAP→78W  power=78.5W
[PID] perf=26.794Hz  target=8.833Hz  err=-17.961Hz  corr=-373.09W  u_ff=79.6W  PCAP→78W  power=77.4W
[PID] perf=26.764Hz  target=8.833Hz  err=-17.931Hz  corr=-372.53W  u_ff=79.6W  PCAP→78W  power=76.7W
[PID] perf=26.756Hz  target=8.833Hz  err=-17.923Hz  corr=-372.37W  u_ff=79.6W  PCAP→78W  power=77.3W
[PID] perf=26.756Hz  target=8.833Hz  err=-17.923Hz  corr=-372.37W  u_ff=79.6W  PCAP→78W  power=77.9W
[PID] perf=26.763Hz  target=8.833Hz  err=-17.930Hz  corr=-372.51W  u_ff=79.6W  PCAP→78W  power=78.6W
[PID] perf=26.757Hz  target=8.833Hz  err=-17.924Hz  corr=-372.40W  u_ff=79.6W  PCAP→78W  power=78.6W
[PID] perf=26.769Hz  target=8.833Hz  err=-17.937Hz  corr=-372.63W  u_ff=79.6W  PCAP→78W  power=76.9W
[PID] perf=26.780Hz  target=8.833Hz  err=-17.947Hz  corr=-372.83W  u_ff=79.6W  PCAP→78W  power=76.7W
[PID] perf=26.778Hz  target=8.833Hz  err=-17.946Hz  corr=-372.80W  u_ff=79.6W  PCAP→78W  power=77.7W
[PID] perf=26.766Hz  target=8.833Hz  err=-17.933Hz  corr=-372.56W  u_ff=79.6W  PCAP→78W  power=78.7W
[PID] perf=26.746Hz  target=8.833Hz  err=-17.914Hz  corr=-372.20W  u_ff=79.6W  PCAP→78W  power=77.1W
[PID] perf=26.748Hz  target=8.833Hz  err=-17.915Hz  corr=-372.24W  u_ff=79.6W  PCAP→78W  power=77.3W
[PID] perf=26.774Hz  target=8.833Hz  err=-17.941Hz  corr=-372.71W  u_ff=79.6W  PCAP→78W  power=78.8W
[PID] perf=26.788Hz  target=8.833Hz  err=-17.955Hz  corr=-372.96W  u_ff=79.6W  PCAP→78W  power=77.9W
[PID] perf=26.753Hz  target=8.833Hz  err=-17.920Hz  corr=-372.33W  u_ff=79.6W  PCAP→78W  power=77.8W
[PID] perf=26.741Hz  target=8.833Hz  err=-17.908Hz  corr=-372.11W  u_ff=79.6W  PCAP→78W  power=78.3W
[PID] perf=26.733Hz  target=8.833Hz  err=-17.900Hz  corr=-371.95W  u_ff=79.6W  PCAP→78W  power=78.3W
[PID] perf=26.765Hz  target=8.833Hz  err=-17.932Hz  corr=-372.55W  u_ff=79.6W  PCAP→78W  power=78.7W
[PID] perf=26.756Hz  target=8.833Hz  err=-17.923Hz  corr=-372.38W  u_ff=79.6W  PCAP→78W  power=77.9W
[PID] perf=26.782Hz  target=8.833Hz  err=-17.949Hz  corr=-372.86W  u_ff=79.6W  PCAP→78W  power=79.0W
[PID] perf=26.737Hz  target=8.833Hz  err=-17.904Hz  corr=-372.03W  u_ff=79.6W  PCAP→78W  power=79.2W
[PID] perf=26.578Hz  target=8.833Hz  err=-17.746Hz  corr=-369.09W  u_ff=79.6W  PCAP→78W  power=79.0W
[PID] perf=25.842Hz  target=8.833Hz  err=-17.009Hz  corr=-355.43W  u_ff=79.6W  PCAP→78W  power=77.7W
[PID] perf=25.897Hz  target=8.833Hz  err=-17.064Hz  corr=-356.45W  u_ff=79.6W  PCAP→78W  power=77.7W
[PID] perf=25.878Hz  target=8.833Hz  err=-17.045Hz  corr=-356.10W  u_ff=79.6W  PCAP→78W  power=78.6W
[PID] perf=25.835Hz  target=8.833Hz  err=-17.002Hz  corr=-355.30W  u_ff=79.6W  PCAP→78W  power=79.7W
[PID] perf=25.912Hz  target=8.833Hz  err=-17.079Hz  corr=-356.73W  u_ff=79.6W  PCAP→78W  power=78.7W
[PID] perf=25.946Hz  target=8.833Hz  err=-17.113Hz  corr=-357.36W  u_ff=79.6W  PCAP→78W  power=77.7W
[PID] perf=25.733Hz  target=8.833Hz  err=-16.900Hz  corr=-353.41W  u_ff=79.6W  PCAP→78W  power=77.6W
[PID] perf=25.835Hz  target=8.833Hz  err=-17.002Hz  corr=-355.30W  u_ff=79.6W  PCAP→78W  power=77.9W
[PID] perf=25.767Hz  target=8.833Hz  err=-16.934Hz  corr=-354.04W  u_ff=79.6W  PCAP→78W  power=79.0W
[PID] perf=25.787Hz  target=8.833Hz  err=-16.954Hz  corr=-354.40W  u_ff=79.6W  PCAP→78W  power=78.7W
[PID] perf=25.808Hz  target=8.833Hz  err=-16.975Hz  corr=-354.80W  u_ff=79.6W  PCAP→78W  power=78.4W
[PID] perf=25.776Hz  target=8.833Hz  err=-16.943Hz  corr=-354.21W  u_ff=79.6W  PCAP→78W  power=77.0W
[PID] perf=25.779Hz  target=8.833Hz  err=-16.946Hz  corr=-354.26W  u_ff=79.6W  PCAP→78W  power=77.3W
[PID] perf=25.757Hz  target=8.833Hz  err=-16.924Hz  corr=-353.85W  u_ff=79.6W  PCAP→78W  power=78.5W
[PID] perf=25.758Hz  target=8.833Hz  err=-16.926Hz  corr=-353.88W  u_ff=79.6W  PCAP→78W  power=78.2W
[PID] perf=25.792Hz  target=8.833Hz  err=-16.959Hz  corr=-354.51W  u_ff=79.6W  PCAP→78W  power=78.2W
[PID] perf=25.775Hz  target=8.833Hz  err=-16.942Hz  corr=-354.19W  u_ff=79.6W  PCAP→78W  power=78.8W
[PID] perf=25.760Hz  target=8.833Hz  err=-16.927Hz  corr=-353.91W  u_ff=79.6W  PCAP→78W  power=78.2W
[PID] perf=25.771Hz  target=8.833Hz  err=-16.938Hz  corr=-354.11W  u_ff=79.6W  PCAP→78W  power=77.1W
[PID] perf=25.796Hz  target=8.833Hz  err=-16.963Hz  corr=-354.57W  u_ff=79.6W  PCAP→78W  power=79.4W
[PID] perf=25.773Hz  target=8.833Hz  err=-16.941Hz  corr=-354.16W  u_ff=79.6W  PCAP→78W  power=78.9W
[PID] perf=25.817Hz  target=8.833Hz  err=-16.984Hz  corr=-354.96W  u_ff=79.6W  PCAP→78W  power=77.4W
[PID] perf=25.776Hz  target=8.833Hz  err=-16.943Hz  corr=-354.21W  u_ff=79.6W  PCAP→78W  power=78.1W
[PID] perf=25.780Hz  target=8.833Hz  err=-16.947Hz  corr=-354.28W  u_ff=79.6W  PCAP→78W  power=76.9W
[PID] perf=25.757Hz  target=8.833Hz  err=-16.924Hz  corr=-353.86W  u_ff=79.6W  PCAP→78W  power=77.7W
[PID] perf=25.750Hz  target=8.833Hz  err=-16.917Hz  corr=-353.72W  u_ff=79.6W  PCAP→78W  power=78.8W
[PID] perf=25.790Hz  target=8.833Hz  err=-16.957Hz  corr=-354.47W  u_ff=79.6W  PCAP→78W  power=78.9W
[PID] perf=25.824Hz  target=8.833Hz  err=-16.991Hz  corr=-355.10W  u_ff=79.6W  PCAP→78W  power=78.0W
[PID] perf=25.822Hz  target=8.833Hz  err=-16.989Hz  corr=-355.05W  u_ff=79.6W  PCAP→78W  power=78.2W
[PID] perf=25.827Hz  target=8.833Hz  err=-16.994Hz  corr=-355.15W  u_ff=79.6W  PCAP→78W  power=77.7W
[PID] perf=25.796Hz  target=8.833Hz  err=-16.963Hz  corr=-354.58W  u_ff=79.6W  PCAP→78W  power=76.9W
[PID] perf=25.780Hz  target=8.833Hz  err=-16.947Hz  corr=-354.28W  u_ff=79.6W  PCAP→78W  power=77.8W
[PID] perf=25.793Hz  target=8.833Hz  err=-16.960Hz  corr=-354.53W  u_ff=79.6W  PCAP→78W  power=77.7W
[PID] perf=25.789Hz  target=8.833Hz  err=-16.956Hz  corr=-354.45W  u_ff=79.6W  PCAP→78W  power=78.0W
[PID] perf=25.778Hz  target=8.833Hz  err=-16.945Hz  corr=-354.24W  u_ff=79.6W  PCAP→78W  power=78.5W
[PID] perf=25.817Hz  target=8.833Hz  err=-16.984Hz  corr=-354.96W  u_ff=79.6W  PCAP→78W  power=79.2W
[PID] perf=25.840Hz  target=8.833Hz  err=-17.008Hz  corr=-355.40W  u_ff=79.6W  PCAP→78W  power=78.3W
[PID] perf=25.839Hz  target=8.833Hz  err=-17.006Hz  corr=-355.38W  u_ff=79.6W  PCAP→78W  power=78.0W
[PID] perf=25.846Hz  target=8.833Hz  err=-17.014Hz  corr=-355.51W  u_ff=79.6W  PCAP→78W  power=76.5W
[PID] perf=25.830Hz  target=8.833Hz  err=-16.997Hz  corr=-355.21W  u_ff=79.6W  PCAP→78W  power=77.4W
[PID] perf=25.779Hz  target=8.833Hz  err=-16.946Hz  corr=-354.26W  u_ff=79.6W  PCAP→78W  power=77.2W
[PID] perf=25.848Hz  target=8.833Hz  err=-17.015Hz  corr=-355.54W  u_ff=79.6W  PCAP→78W  power=77.6W
[PID] perf=25.848Hz  target=8.833Hz  err=-17.015Hz  corr=-355.54W  u_ff=79.6W  PCAP→78W  power=76.1W
[PID] perf=25.855Hz  target=8.833Hz  err=-17.023Hz  corr=-355.68W  u_ff=79.6W  PCAP→78W  power=77.7W
[PID] perf=25.843Hz  target=8.833Hz  err=-17.010Hz  corr=-355.44W  u_ff=79.6W  PCAP→78W  power=77.8W
[PID] perf=25.869Hz  target=8.833Hz  err=-17.036Hz  corr=-355.93W  u_ff=79.6W  PCAP→78W  power=77.0W
[PID] perf=25.834Hz  target=8.833Hz  err=-17.001Hz  corr=-355.27W  u_ff=79.6W  PCAP→78W  power=77.5W
[PID] perf=25.803Hz  target=8.833Hz  err=-16.971Hz  corr=-354.71W  u_ff=79.6W  PCAP→78W  power=77.7W
[PID] perf=25.790Hz  target=8.833Hz  err=-16.957Hz  corr=-354.46W  u_ff=79.6W  PCAP→78W  power=77.9W
[PID] perf=25.799Hz  target=8.833Hz  err=-16.966Hz  corr=-354.64W  u_ff=79.6W  PCAP→78W  power=76.7W
[PID] perf=25.835Hz  target=8.833Hz  err=-17.003Hz  corr=-355.31W  u_ff=79.6W  PCAP→78W  power=78.0W
[PID] perf=25.826Hz  target=8.833Hz  err=-16.993Hz  corr=-355.13W  u_ff=79.6W  PCAP→78W  power=78.0W
[PID] perf=25.817Hz  target=8.833Hz  err=-16.984Hz  corr=-354.96W  u_ff=79.6W  PCAP→78W  power=77.6W
[PID] perf=25.828Hz  target=8.833Hz  err=-16.995Hz  corr=-355.17W  u_ff=79.6W  PCAP→78W  power=78.4W
[PID] perf=25.824Hz  target=8.833Hz  err=-16.991Hz  corr=-355.09W  u_ff=79.6W  PCAP→78W  power=76.6W
[PID] perf=25.840Hz  target=8.833Hz  err=-17.007Hz  corr=-355.39W  u_ff=79.6W  PCAP→78W  power=77.0W
[PID] perf=25.849Hz  target=8.833Hz  err=-17.017Hz  corr=-355.57W  u_ff=79.6W  PCAP→78W  power=76.9W
[PID] perf=25.855Hz  target=8.833Hz  err=-17.022Hz  corr=-355.66W  u_ff=79.6W  PCAP→78W  power=78.6W
[PID] perf=25.812Hz  target=8.833Hz  err=-16.980Hz  corr=-354.88W  u_ff=79.6W  PCAP→78W  power=78.3W
[PID] perf=25.868Hz  target=8.833Hz  err=-17.035Hz  corr=-355.91W  u_ff=79.6W  PCAP→78W  power=78.5W
[PID] perf=25.845Hz  target=8.833Hz  err=-17.012Hz  corr=-355.48W  u_ff=79.6W  PCAP→78W  power=78.0W
[PID] perf=25.821Hz  target=8.833Hz  err=-16.988Hz  corr=-355.04W  u_ff=79.6W  PCAP→78W  power=77.0W
[PID] perf=25.811Hz  target=8.833Hz  err=-16.978Hz  corr=-354.85W  u_ff=79.6W  PCAP→78W  power=76.9W
[PID] perf=25.812Hz  target=8.833Hz  err=-16.979Hz  corr=-354.87W  u_ff=79.6W  PCAP→78W  power=77.1W
[PID] perf=25.825Hz  target=8.833Hz  err=-16.992Hz  corr=-355.11W  u_ff=79.6W  PCAP→78W  power=77.5W
[PID] perf=25.800Hz  target=8.833Hz  err=-16.967Hz  corr=-354.65W  u_ff=79.6W  PCAP→78W  power=78.6W
[PID] perf=25.816Hz  target=8.833Hz  err=-16.983Hz  corr=-354.94W  u_ff=79.6W  PCAP→78W  power=76.9W
[PID] perf=25.812Hz  target=8.833Hz  err=-16.979Hz  corr=-354.87W  u_ff=79.6W  PCAP→78W  power=78.6W
[PID] perf=25.801Hz  target=8.833Hz  err=-16.968Hz  corr=-354.66W  u_ff=79.6W  PCAP→78W  power=78.9W
[PID] perf=25.803Hz  target=8.833Hz  err=-16.970Hz  corr=-354.71W  u_ff=79.6W  PCAP→78W  power=77.6W
[PID] perf=25.801Hz  target=8.833Hz  err=-16.969Hz  corr=-354.68W  u_ff=79.6W  PCAP→78W  power=76.7W
[PID] perf=25.815Hz  target=8.833Hz  err=-16.982Hz  corr=-354.92W  u_ff=79.6W  PCAP→78W  power=76.9W
[PID] perf=25.828Hz  target=8.833Hz  err=-16.995Hz  corr=-355.17W  u_ff=79.6W  PCAP→78W  power=77.3W
[PID] perf=25.801Hz  target=8.833Hz  err=-16.968Hz  corr=-354.67W  u_ff=79.6W  PCAP→78W  power=78.2W
[PID] perf=25.787Hz  target=8.833Hz  err=-16.954Hz  corr=-354.40W  u_ff=79.6W  PCAP→78W  power=76.9W
[PID] perf=25.799Hz  target=8.833Hz  err=-16.967Hz  corr=-354.64W  u_ff=79.6W  PCAP→78W  power=79.3W
[PID] perf=25.785Hz  target=8.833Hz  err=-16.953Hz  corr=-354.38W  u_ff=79.6W  PCAP→78W  power=77.2W
[PID] perf=25.779Hz  target=8.833Hz  err=-16.946Hz  corr=-354.26W  u_ff=79.6W  PCAP→78W  power=77.1W
[PID] perf=25.779Hz  target=8.833Hz  err=-16.946Hz  corr=-354.26W  u_ff=79.6W  PCAP→78W  power=77.9W
[PID] perf=25.748Hz  target=8.833Hz  err=-16.915Hz  corr=-353.69W  u_ff=79.6W  PCAP→78W  power=79.1W
[PID] perf=25.768Hz  target=8.833Hz  err=-16.936Hz  corr=-354.07W  u_ff=79.6W  PCAP→78W  power=77.7W
[PID] perf=25.791Hz  target=8.833Hz  err=-16.958Hz  corr=-354.48W  u_ff=79.6W  PCAP→78W  power=77.3W
[PID] perf=25.758Hz  target=8.833Hz  err=-16.925Hz  corr=-353.88W  u_ff=79.6W  PCAP→78W  power=77.5W
[PID] perf=25.783Hz  target=8.833Hz  err=-16.951Hz  corr=-354.35W  u_ff=79.6W  PCAP→78W  power=78.7W
[PID] perf=25.789Hz  target=8.833Hz  err=-16.956Hz  corr=-354.44W  u_ff=79.6W  PCAP→78W  power=79.3W
[PID] perf=25.790Hz  target=8.833Hz  err=-16.957Hz  corr=-354.46W  u_ff=79.6W  PCAP→78W  power=76.5W
[PID] perf=25.765Hz  target=8.833Hz  err=-16.932Hz  corr=-354.01W  u_ff=79.6W  PCAP→78W  power=78.1W
[PID] perf=25.768Hz  target=8.833Hz  err=-16.936Hz  corr=-354.06W  u_ff=79.6W  PCAP→78W  power=79.0W
[PID] perf=25.808Hz  target=8.833Hz  err=-16.975Hz  corr=-354.80W  u_ff=79.6W  PCAP→78W  power=77.8W
[PID] perf=25.812Hz  target=8.833Hz  err=-16.979Hz  corr=-354.87W  u_ff=79.6W  PCAP→78W  power=76.3W
[PID] perf=25.770Hz  target=8.833Hz  err=-16.937Hz  corr=-354.09W  u_ff=79.6W  PCAP→78W  power=78.2W
[PID] perf=25.784Hz  target=8.833Hz  err=-16.951Hz  corr=-354.35W  u_ff=79.6W  PCAP→78W  power=78.9W
[PID] perf=25.815Hz  target=8.833Hz  err=-16.983Hz  corr=-354.94W  u_ff=79.6W  PCAP→78W  power=79.4W
[PID] perf=25.774Hz  target=8.833Hz  err=-16.941Hz  corr=-354.17W  u_ff=79.6W  PCAP→78W  power=76.8W
[PID] perf=25.781Hz  target=8.833Hz  err=-16.948Hz  corr=-354.30W  u_ff=79.6W  PCAP→78W  power=76.2W
[PID] perf=25.758Hz  target=8.833Hz  err=-16.925Hz  corr=-353.87W  u_ff=79.6W  PCAP→78W  power=78.4W
[PID] perf=25.782Hz  target=8.833Hz  err=-16.949Hz  corr=-354.32W  u_ff=79.6W  PCAP→78W  power=78.7W
[PID] perf=25.788Hz  target=8.833Hz  err=-16.955Hz  corr=-354.43W  u_ff=79.6W  PCAP→78W  power=79.2W
[PID] perf=25.808Hz  target=8.833Hz  err=-16.975Hz  corr=-354.80W  u_ff=79.6W  PCAP→78W  power=77.0W
[PID] perf=25.780Hz  target=8.833Hz  err=-16.948Hz  corr=-354.29W  u_ff=79.6W  PCAP→78W  power=77.2W
[PID] perf=25.749Hz  target=8.833Hz  err=-16.916Hz  corr=-353.70W  u_ff=79.6W  PCAP→78W  power=78.3W
[PID] perf=25.766Hz  target=8.833Hz  err=-16.934Hz  corr=-354.03W  u_ff=79.6W  PCAP→78W  power=77.1W
[PID] perf=25.817Hz  target=8.833Hz  err=-16.984Hz  corr=-354.96W  u_ff=79.6W  PCAP→78W  power=77.1W
[PID] perf=25.799Hz  target=8.833Hz  err=-16.966Hz  corr=-354.63W  u_ff=79.6W  PCAP→78W  power=78.4W
[PID] perf=25.810Hz  target=8.833Hz  err=-16.977Hz  corr=-354.83W  u_ff=79.6W  PCAP→78W  power=78.2W
[PID] perf=25.774Hz  target=8.833Hz  err=-16.942Hz  corr=-354.18W  u_ff=79.6W  PCAP→78W  power=78.6W
[PID] perf=25.802Hz  target=8.833Hz  err=-16.970Hz  corr=-354.70W  u_ff=79.6W  PCAP→78W  power=77.6W
[PID] perf=25.783Hz  target=8.833Hz  err=-16.950Hz  corr=-354.33W  u_ff=79.6W  PCAP→78W  power=78.5W
[PID] perf=25.774Hz  target=8.833Hz  err=-16.941Hz  corr=-354.17W  u_ff=79.6W  PCAP→78W  power=78.4W
[PID] perf=25.571Hz  target=8.833Hz  err=-16.738Hz  corr=-350.40W  u_ff=79.6W  PCAP→78W  power=77.2W
[PID] perf=25.587Hz  target=8.833Hz  err=-16.754Hz  corr=-350.70W  u_ff=79.6W  PCAP→78W  power=78.4W
[PID] perf=25.657Hz  target=8.833Hz  err=-16.824Hz  corr=-351.99W  u_ff=79.6W  PCAP→78W  power=77.9W
[PID] perf=25.659Hz  target=8.833Hz  err=-16.826Hz  corr=-352.04W  u_ff=79.6W  PCAP→78W  power=77.3W
[PID] perf=25.658Hz  target=8.833Hz  err=-16.825Hz  corr=-352.02W  u_ff=79.6W  PCAP→78W  power=78.0W
[PID] perf=25.624Hz  target=8.833Hz  err=-16.791Hz  corr=-351.39W  u_ff=79.6W  PCAP→78W  power=77.5W
[PID] perf=25.652Hz  target=8.833Hz  err=-16.819Hz  corr=-351.91W  u_ff=79.6W  PCAP→78W  power=78.8W
[PID] perf=25.624Hz  target=8.833Hz  err=-16.791Hz  corr=-351.38W  u_ff=79.6W  PCAP→78W  power=76.1W
[PID] perf=25.641Hz  target=8.833Hz  err=-16.808Hz  corr=-351.70W  u_ff=79.6W  PCAP→78W  power=78.7W
[PID] perf=25.653Hz  target=8.833Hz  err=-16.821Hz  corr=-351.93W  u_ff=79.6W  PCAP→78W  power=78.2W
[PID] perf=25.683Hz  target=8.833Hz  err=-16.850Hz  corr=-352.48W  u_ff=79.6W  PCAP→78W  power=78.6W
[PID] perf=25.721Hz  target=8.833Hz  err=-16.889Hz  corr=-353.19W  u_ff=79.6W  PCAP→78W  power=78.1W
[PID] perf=25.612Hz  target=8.833Hz  err=-16.779Hz  corr=-351.16W  u_ff=79.6W  PCAP→78W  power=78.5W
[PID] perf=25.243Hz  target=8.833Hz  err=-16.410Hz  corr=-344.31W  u_ff=79.6W  PCAP→78W  power=77.5W
[PID] perf=25.471Hz  target=8.833Hz  err=-16.638Hz  corr=-348.55W  u_ff=79.6W  PCAP→78W  power=78.0W
[PID] perf=25.537Hz  target=8.833Hz  err=-16.704Hz  corr=-349.77W  u_ff=79.6W  PCAP→78W  power=78.0W
[PID] perf=25.540Hz  target=8.833Hz  err=-16.707Hz  corr=-349.84W  u_ff=79.6W  PCAP→78W  power=76.8W
[PID] perf=25.534Hz  target=8.833Hz  err=-16.702Hz  corr=-349.73W  u_ff=79.6W  PCAP→78W  power=76.8W
[PID] perf=25.546Hz  target=8.833Hz  err=-16.713Hz  corr=-349.94W  u_ff=79.6W  PCAP→78W  power=78.2W
[PID] perf=25.570Hz  target=8.833Hz  err=-16.738Hz  corr=-350.39W  u_ff=79.6W  PCAP→78W  power=78.5W
[PID] perf=25.555Hz  target=8.833Hz  err=-16.723Hz  corr=-350.12W  u_ff=79.6W  PCAP→78W  power=78.8W
[PID] perf=25.562Hz  target=8.833Hz  err=-16.729Hz  corr=-350.24W  u_ff=79.6W  PCAP→78W  power=78.6W
[PID] perf=25.559Hz  target=8.833Hz  err=-16.726Hz  corr=-350.18W  u_ff=79.6W  PCAP→78W  power=78.4W
[PID] perf=25.571Hz  target=8.833Hz  err=-16.738Hz  corr=-350.41W  u_ff=79.6W  PCAP→78W  power=76.5W
[PID] perf=25.584Hz  target=8.833Hz  err=-16.751Hz  corr=-350.64W  u_ff=79.6W  PCAP→78W  power=77.6W
[PID] perf=25.682Hz  target=8.833Hz  err=-16.849Hz  corr=-352.45W  u_ff=79.6W  PCAP→78W  power=76.8W
[PID] perf=26.172Hz  target=8.833Hz  err=-17.340Hz  corr=-361.56W  u_ff=79.6W  PCAP→78W  power=76.4W
[PID] perf=26.233Hz  target=8.833Hz  err=-17.401Hz  corr=-362.69W  u_ff=79.6W  PCAP→78W  power=78.5W
[PID] perf=26.202Hz  target=8.833Hz  err=-17.369Hz  corr=-362.10W  u_ff=79.6W  PCAP→78W  power=78.4W
[PID] perf=26.175Hz  target=8.833Hz  err=-17.342Hz  corr=-361.60W  u_ff=79.6W  PCAP→78W  power=78.0W
[PID] perf=26.130Hz  target=8.833Hz  err=-17.298Hz  corr=-360.78W  u_ff=79.6W  PCAP→78W  power=79.2W
[PID] perf=26.075Hz  target=8.833Hz  err=-17.243Hz  corr=-359.76W  u_ff=79.6W  PCAP→78W  power=76.8W
[PID] perf=26.048Hz  target=8.833Hz  err=-17.215Hz  corr=-359.24W  u_ff=79.6W  PCAP→78W  power=77.5W
[PID] perf=26.063Hz  target=8.833Hz  err=-17.231Hz  corr=-359.54W  u_ff=79.6W  PCAP→78W  power=77.2W
[PID] perf=26.024Hz  target=8.833Hz  err=-17.192Hz  corr=-358.81W  u_ff=79.6W  PCAP→78W  power=77.2W
[PID] perf=26.046Hz  target=8.833Hz  err=-17.214Hz  corr=-359.22W  u_ff=79.6W  PCAP→78W  power=76.3W
[PID] perf=26.109Hz  target=8.833Hz  err=-17.277Hz  corr=-360.39W  u_ff=79.6W  PCAP→78W  power=76.2W
[PID] perf=26.107Hz  target=8.833Hz  err=-17.274Hz  corr=-360.35W  u_ff=79.6W  PCAP→78W  power=76.3W
[PID] perf=26.052Hz  target=8.833Hz  err=-17.220Hz  corr=-359.33W  u_ff=79.6W  PCAP→78W  power=77.9W
[PID] perf=26.067Hz  target=8.833Hz  err=-17.234Hz  corr=-359.60W  u_ff=79.6W  PCAP→78W  power=77.5W
[PID] perf=26.270Hz  target=8.833Hz  err=-17.437Hz  corr=-363.36W  u_ff=79.6W  PCAP→78W  power=76.2W
[PID] perf=26.360Hz  target=8.833Hz  err=-17.527Hz  corr=-365.04W  u_ff=79.6W  PCAP→78W  power=78.3W
[PID] perf=26.407Hz  target=8.833Hz  err=-17.574Hz  corr=-365.91W  u_ff=79.6W  PCAP→78W  power=78.2W
[PID] perf=26.384Hz  target=8.833Hz  err=-17.551Hz  corr=-365.48W  u_ff=79.6W  PCAP→78W  power=79.0W
[PID] perf=26.441Hz  target=8.833Hz  err=-17.608Hz  corr=-366.54W  u_ff=79.6W  PCAP→78W  power=77.4W
[PID] perf=26.449Hz  target=8.833Hz  err=-17.617Hz  corr=-366.70W  u_ff=79.6W  PCAP→78W  power=76.9W
[PID] perf=26.463Hz  target=8.833Hz  err=-17.630Hz  corr=-366.95W  u_ff=79.6W  PCAP→78W  power=77.8W
[PID] perf=26.438Hz  target=8.833Hz  err=-17.605Hz  corr=-366.48W  u_ff=79.6W  PCAP→78W  power=77.4W
[PID] perf=26.414Hz  target=8.833Hz  err=-17.581Hz  corr=-366.03W  u_ff=79.6W  PCAP→78W  power=78.6W
[PID] perf=26.443Hz  target=8.833Hz  err=-17.611Hz  corr=-366.58W  u_ff=79.6W  PCAP→78W  power=79.1W
[PID] perf=26.455Hz  target=8.833Hz  err=-17.622Hz  corr=-366.80W  u_ff=79.6W  PCAP→78W  power=77.6W
[PID] perf=26.434Hz  target=8.833Hz  err=-17.601Hz  corr=-366.41W  u_ff=79.6W  PCAP→78W  power=77.6W
[PID] perf=26.483Hz  target=8.833Hz  err=-17.651Hz  corr=-367.33W  u_ff=79.6W  PCAP→78W  power=77.7W
[PID] perf=26.475Hz  target=8.833Hz  err=-17.642Hz  corr=-367.17W  u_ff=79.6W  PCAP→78W  power=77.4W
[PID] perf=26.447Hz  target=8.833Hz  err=-17.614Hz  corr=-366.65W  u_ff=79.6W  PCAP→78W  power=78.7W
[PID] perf=26.469Hz  target=8.833Hz  err=-17.637Hz  corr=-367.07W  u_ff=79.6W  PCAP→78W  power=77.6W
[PID] perf=26.999Hz  target=8.833Hz  err=-18.166Hz  corr=-376.88W  u_ff=79.6W  PCAP→78W  power=76.9W
[PID] perf=27.039Hz  target=8.833Hz  err=-18.206Hz  corr=-377.62W  u_ff=79.6W  PCAP→78W  power=78.5W
[PID] perf=27.036Hz  target=8.833Hz  err=-18.204Hz  corr=-377.58W  u_ff=79.6W  PCAP→78W  power=78.1W
[PID] perf=27.057Hz  target=8.833Hz  err=-18.224Hz  corr=-377.96W  u_ff=79.6W  PCAP→78W  power=78.5W
[PID] perf=27.068Hz  target=8.833Hz  err=-18.235Hz  corr=-378.17W  u_ff=79.6W  PCAP→78W  power=78.9W
Process completed.
Compressed into /home/cc/summer2024/main_codes/pid_controller/../experiment_data/PID_Control_sweep/ones-npb-cg/compressed_iteration_20260512_234537.tar
----------------------------------
