
>>> Step 1/3

[ones-npb-cg]
  target perf      : 10.4464 Hz
  coefficients_perf: [-0.0006547837485238978, 0.18607436314256556, -1.8317688501798497]
  feedforward PCAP : 104.17 W  →  107 W (snapped)
  Perf(u_ff) check : 10.4464 Hz  (should ≈ target)
  PID gains        : Kp=18.5447 W/Hz  Ki=1.85447 W/(Hz·s)  Kd=0.0000
[PID] Awaiting data — feedforward PCAP=107W
[PID] Awaiting data — feedforward PCAP=107W
[PID] Awaiting data — feedforward PCAP=107W
[PID] Awaiting data — feedforward PCAP=107W
[PID] Awaiting data — feedforward PCAP=107W
[PID] Awaiting data — feedforward PCAP=107W
[PID] perf=20.222Hz  target=10.446Hz  err=-9.775Hz  corr=-217.53W  u_ff=104.2W  PCAP→78W  power=nanW
[PID] perf=18.148Hz  target=10.446Hz  err=-7.702Hz  corr=-182.82W  u_ff=104.2W  PCAP→78W  power=79.1W
[PID] perf=18.170Hz  target=10.446Hz  err=-7.724Hz  corr=-183.24W  u_ff=104.2W  PCAP→78W  power=78.8W
[PID] perf=18.148Hz  target=10.446Hz  err=-7.701Hz  corr=-182.81W  u_ff=104.2W  PCAP→78W  power=78.6W
[PID] perf=18.165Hz  target=10.446Hz  err=-7.719Hz  corr=-183.14W  u_ff=104.2W  PCAP→78W  power=77.8W
[PID] perf=18.178Hz  target=10.446Hz  err=-7.732Hz  corr=-183.39W  u_ff=104.2W  PCAP→78W  power=77.9W
[PID] perf=18.184Hz  target=10.446Hz  err=-7.737Hz  corr=-183.49W  u_ff=104.2W  PCAP→78W  power=77.3W
[PID] perf=18.180Hz  target=10.446Hz  err=-7.734Hz  corr=-183.42W  u_ff=104.2W  PCAP→78W  power=77.1W
[PID] perf=18.178Hz  target=10.446Hz  err=-7.732Hz  corr=-183.39W  u_ff=104.2W  PCAP→78W  power=77.3W
[PID] perf=18.162Hz  target=10.446Hz  err=-7.715Hz  corr=-183.08W  u_ff=104.2W  PCAP→78W  power=76.6W
[PID] perf=18.174Hz  target=10.446Hz  err=-7.727Hz  corr=-183.30W  u_ff=104.2W  PCAP→78W  power=76.7W
[PID] perf=18.176Hz  target=10.446Hz  err=-7.730Hz  corr=-183.35W  u_ff=104.2W  PCAP→78W  power=76.7W
[PID] perf=18.167Hz  target=10.446Hz  err=-7.721Hz  corr=-183.18W  u_ff=104.2W  PCAP→78W  power=77.1W
[PID] perf=18.173Hz  target=10.446Hz  err=-7.726Hz  corr=-183.28W  u_ff=104.2W  PCAP→78W  power=77.8W
[PID] perf=18.181Hz  target=10.446Hz  err=-7.735Hz  corr=-183.44W  u_ff=104.2W  PCAP→78W  power=77.7W
[PID] perf=18.157Hz  target=10.446Hz  err=-7.711Hz  corr=-182.99W  u_ff=104.2W  PCAP→78W  power=77.9W
[PID] perf=18.145Hz  target=10.446Hz  err=-7.698Hz  corr=-182.76W  u_ff=104.2W  PCAP→78W  power=76.4W
[PID] perf=18.153Hz  target=10.446Hz  err=-7.706Hz  corr=-182.91W  u_ff=104.2W  PCAP→78W  power=77.9W
[PID] perf=18.160Hz  target=10.446Hz  err=-7.714Hz  corr=-183.05W  u_ff=104.2W  PCAP→78W  power=76.4W
[PID] perf=18.159Hz  target=10.446Hz  err=-7.713Hz  corr=-183.03W  u_ff=104.2W  PCAP→78W  power=77.7W
[PID] perf=18.164Hz  target=10.446Hz  err=-7.718Hz  corr=-183.13W  u_ff=104.2W  PCAP→78W  power=77.4W
[PID] perf=18.152Hz  target=10.446Hz  err=-7.706Hz  corr=-182.90W  u_ff=104.2W  PCAP→78W  power=78.9W
[PID] perf=18.146Hz  target=10.446Hz  err=-7.700Hz  corr=-182.79W  u_ff=104.2W  PCAP→78W  power=77.8W
[PID] perf=18.168Hz  target=10.446Hz  err=-7.722Hz  corr=-183.19W  u_ff=104.2W  PCAP→78W  power=77.5W
[PID] perf=18.166Hz  target=10.446Hz  err=-7.720Hz  corr=-183.16W  u_ff=104.2W  PCAP→78W  power=78.0W
[PID] perf=18.177Hz  target=10.446Hz  err=-7.730Hz  corr=-183.35W  u_ff=104.2W  PCAP→78W  power=78.7W
[PID] perf=18.157Hz  target=10.446Hz  err=-7.711Hz  corr=-183.00W  u_ff=104.2W  PCAP→78W  power=77.9W
[PID] perf=18.157Hz  target=10.446Hz  err=-7.711Hz  corr=-183.00W  u_ff=104.2W  PCAP→78W  power=77.7W
[PID] perf=18.164Hz  target=10.446Hz  err=-7.718Hz  corr=-183.13W  u_ff=104.2W  PCAP→78W  power=77.2W
[PID] perf=18.153Hz  target=10.446Hz  err=-7.707Hz  corr=-182.92W  u_ff=104.2W  PCAP→78W  power=76.3W
[PID] perf=18.177Hz  target=10.446Hz  err=-7.731Hz  corr=-183.37W  u_ff=104.2W  PCAP→78W  power=78.7W
[PID] perf=18.160Hz  target=10.446Hz  err=-7.714Hz  corr=-183.05W  u_ff=104.2W  PCAP→78W  power=78.4W
[PID] perf=18.190Hz  target=10.446Hz  err=-7.743Hz  corr=-183.59W  u_ff=104.2W  PCAP→78W  power=78.2W
[PID] perf=18.138Hz  target=10.446Hz  err=-7.692Hz  corr=-182.64W  u_ff=104.2W  PCAP→78W  power=77.1W
[PID] perf=18.151Hz  target=10.446Hz  err=-7.705Hz  corr=-182.88W  u_ff=104.2W  PCAP→78W  power=77.7W
[PID] perf=18.152Hz  target=10.446Hz  err=-7.705Hz  corr=-182.89W  u_ff=104.2W  PCAP→78W  power=77.6W
[PID] perf=18.172Hz  target=10.446Hz  err=-7.725Hz  corr=-183.26W  u_ff=104.2W  PCAP→78W  power=77.7W
[PID] perf=18.149Hz  target=10.446Hz  err=-7.703Hz  corr=-182.84W  u_ff=104.2W  PCAP→78W  power=78.6W
[PID] perf=18.161Hz  target=10.446Hz  err=-7.715Hz  corr=-183.07W  u_ff=104.2W  PCAP→78W  power=77.2W
[PID] perf=18.162Hz  target=10.446Hz  err=-7.716Hz  corr=-183.08W  u_ff=104.2W  PCAP→78W  power=78.2W
[PID] perf=18.168Hz  target=10.446Hz  err=-7.722Hz  corr=-183.20W  u_ff=104.2W  PCAP→78W  power=78.1W
[PID] perf=18.172Hz  target=10.446Hz  err=-7.726Hz  corr=-183.28W  u_ff=104.2W  PCAP→78W  power=76.5W
[PID] perf=18.198Hz  target=10.446Hz  err=-7.751Hz  corr=-183.74W  u_ff=104.2W  PCAP→78W  power=78.2W
[PID] perf=23.745Hz  target=10.446Hz  err=-13.298Hz  corr=-286.62W  u_ff=104.2W  PCAP→78W  power=78.7W
[PID] perf=29.464Hz  target=10.446Hz  err=-19.018Hz  corr=-392.68W  u_ff=104.2W  PCAP→78W  power=79.0W
[PID] perf=29.519Hz  target=10.446Hz  err=-19.073Hz  corr=-393.70W  u_ff=104.2W  PCAP→78W  power=78.6W
[PID] perf=29.521Hz  target=10.446Hz  err=-19.075Hz  corr=-393.74W  u_ff=104.2W  PCAP→78W  power=78.6W
[PID] perf=29.513Hz  target=10.446Hz  err=-19.067Hz  corr=-393.58W  u_ff=104.2W  PCAP→78W  power=78.9W
[PID] perf=29.539Hz  target=10.446Hz  err=-19.093Hz  corr=-394.06W  u_ff=104.2W  PCAP→78W  power=79.0W
[PID] perf=29.507Hz  target=10.446Hz  err=-19.060Hz  corr=-393.46W  u_ff=104.2W  PCAP→78W  power=76.9W
[PID] perf=29.486Hz  target=10.446Hz  err=-19.039Hz  corr=-393.08W  u_ff=104.2W  PCAP→78W  power=77.3W
[PID] perf=29.501Hz  target=10.446Hz  err=-19.055Hz  corr=-393.37W  u_ff=104.2W  PCAP→78W  power=78.4W
[PID] perf=29.538Hz  target=10.446Hz  err=-19.092Hz  corr=-394.05W  u_ff=104.2W  PCAP→78W  power=78.2W
[PID] perf=29.531Hz  target=10.446Hz  err=-19.084Hz  corr=-393.91W  u_ff=104.2W  PCAP→78W  power=79.0W
[PID] perf=29.552Hz  target=10.446Hz  err=-19.106Hz  corr=-394.31W  u_ff=104.2W  PCAP→78W  power=76.2W
[PID] perf=29.548Hz  target=10.446Hz  err=-19.102Hz  corr=-394.23W  u_ff=104.2W  PCAP→78W  power=78.9W
[PID] perf=29.510Hz  target=10.446Hz  err=-19.064Hz  corr=-393.54W  u_ff=104.2W  PCAP→78W  power=79.3W
[PID] perf=29.524Hz  target=10.446Hz  err=-19.077Hz  corr=-393.78W  u_ff=104.2W  PCAP→78W  power=78.9W
[PID] perf=29.525Hz  target=10.446Hz  err=-19.079Hz  corr=-393.81W  u_ff=104.2W  PCAP→78W  power=78.9W
[PID] perf=29.509Hz  target=10.446Hz  err=-19.063Hz  corr=-393.52W  u_ff=104.2W  PCAP→78W  power=78.0W
[PID] perf=29.529Hz  target=10.446Hz  err=-19.083Hz  corr=-393.88W  u_ff=104.2W  PCAP→78W  power=78.3W
[PID] perf=29.523Hz  target=10.446Hz  err=-19.077Hz  corr=-393.78W  u_ff=104.2W  PCAP→78W  power=78.8W
[PID] perf=29.528Hz  target=10.446Hz  err=-19.081Hz  corr=-393.86W  u_ff=104.2W  PCAP→78W  power=79.1W
[PID] perf=29.488Hz  target=10.446Hz  err=-19.041Hz  corr=-393.11W  u_ff=104.2W  PCAP→78W  power=77.0W
[PID] perf=29.485Hz  target=10.446Hz  err=-19.039Hz  corr=-393.07W  u_ff=104.2W  PCAP→78W  power=78.1W
[PID] perf=29.524Hz  target=10.446Hz  err=-19.077Hz  corr=-393.78W  u_ff=104.2W  PCAP→78W  power=77.3W
[PID] perf=29.530Hz  target=10.446Hz  err=-19.083Hz  corr=-393.89W  u_ff=104.2W  PCAP→78W  power=76.8W
[PID] perf=29.521Hz  target=10.446Hz  err=-19.075Hz  corr=-393.74W  u_ff=104.2W  PCAP→78W  power=77.9W
[PID] perf=29.526Hz  target=10.446Hz  err=-19.080Hz  corr=-393.83W  u_ff=104.2W  PCAP→78W  power=78.8W
[PID] perf=29.523Hz  target=10.446Hz  err=-19.076Hz  corr=-393.77W  u_ff=104.2W  PCAP→78W  power=79.0W
[PID] perf=29.496Hz  target=10.446Hz  err=-19.050Hz  corr=-393.27W  u_ff=104.2W  PCAP→78W  power=77.7W
[PID] perf=29.526Hz  target=10.446Hz  err=-19.079Hz  corr=-393.82W  u_ff=104.2W  PCAP→78W  power=76.3W
[PID] perf=29.576Hz  target=10.446Hz  err=-19.129Hz  corr=-394.74W  u_ff=104.2W  PCAP→78W  power=79.0W
[PID] perf=29.534Hz  target=10.446Hz  err=-19.087Hz  corr=-393.96W  u_ff=104.2W  PCAP→78W  power=76.9W
[PID] perf=29.562Hz  target=10.446Hz  err=-19.116Hz  corr=-394.50W  u_ff=104.2W  PCAP→78W  power=76.7W
[PID] perf=29.551Hz  target=10.446Hz  err=-19.105Hz  corr=-394.29W  u_ff=104.2W  PCAP→78W  power=77.5W
[PID] perf=29.504Hz  target=10.446Hz  err=-19.058Hz  corr=-393.42W  u_ff=104.2W  PCAP→78W  power=77.9W
[PID] perf=29.579Hz  target=10.446Hz  err=-19.132Hz  corr=-394.80W  u_ff=104.2W  PCAP→78W  power=76.7W
[PID] perf=29.601Hz  target=10.446Hz  err=-19.155Hz  corr=-395.22W  u_ff=104.2W  PCAP→78W  power=77.7W
[PID] perf=29.526Hz  target=10.446Hz  err=-19.080Hz  corr=-393.83W  u_ff=104.2W  PCAP→78W  power=76.3W
[PID] perf=29.525Hz  target=10.446Hz  err=-19.078Hz  corr=-393.80W  u_ff=104.2W  PCAP→78W  power=78.4W
[PID] perf=29.533Hz  target=10.446Hz  err=-19.086Hz  corr=-393.95W  u_ff=104.2W  PCAP→78W  power=79.4W
[PID] perf=29.525Hz  target=10.446Hz  err=-19.079Hz  corr=-393.81W  u_ff=104.2W  PCAP→78W  power=78.3W
[PID] perf=29.520Hz  target=10.446Hz  err=-19.073Hz  corr=-393.71W  u_ff=104.2W  PCAP→78W  power=76.7W
[PID] perf=29.529Hz  target=10.446Hz  err=-19.083Hz  corr=-393.89W  u_ff=104.2W  PCAP→78W  power=78.7W
[PID] perf=29.545Hz  target=10.446Hz  err=-19.099Hz  corr=-394.19W  u_ff=104.2W  PCAP→78W  power=78.9W
[PID] perf=29.552Hz  target=10.446Hz  err=-19.105Hz  corr=-394.30W  u_ff=104.2W  PCAP→78W  power=78.9W
[PID] perf=29.557Hz  target=10.446Hz  err=-19.111Hz  corr=-394.40W  u_ff=104.2W  PCAP→78W  power=79.3W
[PID] perf=29.541Hz  target=10.446Hz  err=-19.094Hz  corr=-394.10W  u_ff=104.2W  PCAP→78W  power=77.2W
[PID] perf=29.548Hz  target=10.446Hz  err=-19.102Hz  corr=-394.24W  u_ff=104.2W  PCAP→78W  power=77.0W
[PID] perf=29.541Hz  target=10.446Hz  err=-19.095Hz  corr=-394.10W  u_ff=104.2W  PCAP→78W  power=78.4W
[PID] perf=29.508Hz  target=10.446Hz  err=-19.061Hz  corr=-393.48W  u_ff=104.2W  PCAP→78W  power=78.5W
[PID] perf=29.519Hz  target=10.446Hz  err=-19.073Hz  corr=-393.70W  u_ff=104.2W  PCAP→78W  power=78.8W
[PID] perf=29.533Hz  target=10.446Hz  err=-19.087Hz  corr=-393.96W  u_ff=104.2W  PCAP→78W  power=79.6W
[PID] perf=29.573Hz  target=10.446Hz  err=-19.127Hz  corr=-394.70W  u_ff=104.2W  PCAP→78W  power=78.5W
[PID] perf=29.515Hz  target=10.446Hz  err=-19.068Hz  corr=-393.61W  u_ff=104.2W  PCAP→78W  power=77.3W
[PID] perf=29.538Hz  target=10.446Hz  err=-19.091Hz  corr=-394.04W  u_ff=104.2W  PCAP→78W  power=79.1W
[PID] perf=29.517Hz  target=10.446Hz  err=-19.071Hz  corr=-393.66W  u_ff=104.2W  PCAP→78W  power=78.9W
[PID] perf=29.523Hz  target=10.446Hz  err=-19.076Hz  corr=-393.76W  u_ff=104.2W  PCAP→78W  power=78.9W
[PID] perf=29.533Hz  target=10.446Hz  err=-19.087Hz  corr=-393.96W  u_ff=104.2W  PCAP→78W  power=78.7W
[PID] perf=29.519Hz  target=10.446Hz  err=-19.072Hz  corr=-393.69W  u_ff=104.2W  PCAP→78W  power=77.3W
[PID] perf=29.530Hz  target=10.446Hz  err=-19.083Hz  corr=-393.89W  u_ff=104.2W  PCAP→78W  power=78.6W
[PID] perf=29.520Hz  target=10.446Hz  err=-19.074Hz  corr=-393.72W  u_ff=104.2W  PCAP→78W  power=78.3W
[PID] perf=29.553Hz  target=10.446Hz  err=-19.107Hz  corr=-394.33W  u_ff=104.2W  PCAP→78W  power=78.5W
[PID] perf=29.527Hz  target=10.446Hz  err=-19.081Hz  corr=-393.85W  u_ff=104.2W  PCAP→78W  power=78.3W
[PID] perf=29.525Hz  target=10.446Hz  err=-19.079Hz  corr=-393.81W  u_ff=104.2W  PCAP→78W  power=76.4W
[PID] perf=27.402Hz  target=10.446Hz  err=-16.955Hz  corr=-354.43W  u_ff=104.2W  PCAP→78W  power=79.2W
[PID] perf=27.421Hz  target=10.446Hz  err=-16.975Hz  corr=-354.79W  u_ff=104.2W  PCAP→78W  power=79.2W
[PID] perf=27.431Hz  target=10.446Hz  err=-16.984Hz  corr=-354.97W  u_ff=104.2W  PCAP→78W  power=77.5W
[PID] perf=27.496Hz  target=10.446Hz  err=-17.050Hz  corr=-356.18W  u_ff=104.2W  PCAP→78W  power=78.4W
[PID] perf=27.523Hz  target=10.446Hz  err=-17.076Hz  corr=-356.67W  u_ff=104.2W  PCAP→78W  power=78.4W
[PID] perf=27.529Hz  target=10.446Hz  err=-17.083Hz  corr=-356.80W  u_ff=104.2W  PCAP→78W  power=79.0W
[PID] perf=27.497Hz  target=10.446Hz  err=-17.051Hz  corr=-356.20W  u_ff=104.2W  PCAP→78W  power=77.5W
[PID] perf=27.509Hz  target=10.446Hz  err=-17.063Hz  corr=-356.42W  u_ff=104.2W  PCAP→78W  power=76.8W
[PID] perf=27.482Hz  target=10.446Hz  err=-17.036Hz  corr=-355.92W  u_ff=104.2W  PCAP→78W  power=78.3W
[PID] perf=27.501Hz  target=10.446Hz  err=-17.054Hz  corr=-356.26W  u_ff=104.2W  PCAP→78W  power=79.1W
[PID] perf=27.488Hz  target=10.446Hz  err=-17.042Hz  corr=-356.03W  u_ff=104.2W  PCAP→78W  power=78.9W
[PID] perf=27.507Hz  target=10.446Hz  err=-17.061Hz  corr=-356.39W  u_ff=104.2W  PCAP→78W  power=78.6W
[PID] perf=27.589Hz  target=10.446Hz  err=-17.143Hz  corr=-357.91W  u_ff=104.2W  PCAP→78W  power=77.7W
[PID] perf=27.530Hz  target=10.446Hz  err=-17.083Hz  corr=-356.81W  u_ff=104.2W  PCAP→78W  power=76.3W
[PID] perf=27.516Hz  target=10.446Hz  err=-17.069Hz  corr=-356.55W  u_ff=104.2W  PCAP→78W  power=76.0W
[PID] perf=27.516Hz  target=10.446Hz  err=-17.069Hz  corr=-356.54W  u_ff=104.2W  PCAP→78W  power=77.6W
[PID] perf=27.552Hz  target=10.446Hz  err=-17.105Hz  corr=-357.21W  u_ff=104.2W  PCAP→78W  power=78.9W
[PID] perf=27.520Hz  target=10.446Hz  err=-17.074Hz  corr=-356.63W  u_ff=104.2W  PCAP→78W  power=78.2W
[PID] perf=27.515Hz  target=10.446Hz  err=-17.068Hz  corr=-356.53W  u_ff=104.2W  PCAP→78W  power=77.4W
[PID] perf=27.505Hz  target=10.446Hz  err=-17.059Hz  corr=-356.35W  u_ff=104.2W  PCAP→78W  power=77.0W
[PID] perf=27.538Hz  target=10.446Hz  err=-17.091Hz  corr=-356.95W  u_ff=104.2W  PCAP→78W  power=76.6W
[PID] perf=27.528Hz  target=10.446Hz  err=-17.081Hz  corr=-356.77W  u_ff=104.2W  PCAP→78W  power=78.2W
[PID] perf=27.557Hz  target=10.446Hz  err=-17.111Hz  corr=-357.32W  u_ff=104.2W  PCAP→78W  power=77.1W
[PID] perf=27.551Hz  target=10.446Hz  err=-17.104Hz  corr=-357.19W  u_ff=104.2W  PCAP→78W  power=77.3W
[PID] perf=27.572Hz  target=10.446Hz  err=-17.126Hz  corr=-357.60W  u_ff=104.2W  PCAP→78W  power=76.4W
[PID] perf=27.598Hz  target=10.446Hz  err=-17.151Hz  corr=-358.07W  u_ff=104.2W  PCAP→78W  power=77.2W
[PID] perf=27.566Hz  target=10.446Hz  err=-17.119Hz  corr=-357.47W  u_ff=104.2W  PCAP→78W  power=78.6W
[PID] perf=27.556Hz  target=10.446Hz  err=-17.110Hz  corr=-357.29W  u_ff=104.2W  PCAP→78W  power=79.0W
[PID] perf=27.521Hz  target=10.446Hz  err=-17.075Hz  corr=-356.64W  u_ff=104.2W  PCAP→78W  power=78.4W
[PID] perf=27.518Hz  target=10.446Hz  err=-17.072Hz  corr=-356.59W  u_ff=104.2W  PCAP→78W  power=78.8W
[PID] perf=27.536Hz  target=10.446Hz  err=-17.089Hz  corr=-356.92W  u_ff=104.2W  PCAP→78W  power=78.9W
[PID] perf=27.542Hz  target=10.446Hz  err=-17.095Hz  corr=-357.03W  u_ff=104.2W  PCAP→78W  power=77.5W
[PID] perf=27.538Hz  target=10.446Hz  err=-17.092Hz  corr=-356.96W  u_ff=104.2W  PCAP→78W  power=78.3W
[PID] perf=27.510Hz  target=10.446Hz  err=-17.063Hz  corr=-356.43W  u_ff=104.2W  PCAP→78W  power=78.7W
[PID] perf=27.537Hz  target=10.446Hz  err=-17.090Hz  corr=-356.93W  u_ff=104.2W  PCAP→78W  power=76.3W
[PID] perf=27.535Hz  target=10.446Hz  err=-17.089Hz  corr=-356.90W  u_ff=104.2W  PCAP→78W  power=78.9W
[PID] perf=27.617Hz  target=10.446Hz  err=-17.170Hz  corr=-358.41W  u_ff=104.2W  PCAP→78W  power=79.1W
[PID] perf=27.570Hz  target=10.446Hz  err=-17.124Hz  corr=-357.56W  u_ff=104.2W  PCAP→78W  power=79.1W
[PID] perf=27.606Hz  target=10.446Hz  err=-17.160Hz  corr=-358.23W  u_ff=104.2W  PCAP→78W  power=78.8W
[PID] perf=27.587Hz  target=10.446Hz  err=-17.140Hz  corr=-357.86W  u_ff=104.2W  PCAP→78W  power=79.0W
[PID] perf=27.567Hz  target=10.446Hz  err=-17.120Hz  corr=-357.49W  u_ff=104.2W  PCAP→78W  power=77.3W
[PID] perf=27.523Hz  target=10.446Hz  err=-17.077Hz  corr=-356.69W  u_ff=104.2W  PCAP→78W  power=78.7W
[PID] perf=27.552Hz  target=10.446Hz  err=-17.106Hz  corr=-357.22W  u_ff=104.2W  PCAP→78W  power=77.7W
[PID] perf=27.548Hz  target=10.446Hz  err=-17.102Hz  corr=-357.15W  u_ff=104.2W  PCAP→78W  power=77.4W
[PID] perf=27.591Hz  target=10.446Hz  err=-17.144Hz  corr=-357.93W  u_ff=104.2W  PCAP→78W  power=77.0W
[PID] perf=27.559Hz  target=10.446Hz  err=-17.113Hz  corr=-357.35W  u_ff=104.2W  PCAP→78W  power=77.7W
[PID] perf=27.553Hz  target=10.446Hz  err=-17.106Hz  corr=-357.23W  u_ff=104.2W  PCAP→78W  power=79.1W
[PID] perf=27.583Hz  target=10.446Hz  err=-17.137Hz  corr=-357.80W  u_ff=104.2W  PCAP→78W  power=79.1W
[PID] perf=27.554Hz  target=10.446Hz  err=-17.107Hz  corr=-357.25W  u_ff=104.2W  PCAP→78W  power=78.7W
[PID] perf=27.571Hz  target=10.446Hz  err=-17.125Hz  corr=-357.57W  u_ff=104.2W  PCAP→78W  power=79.4W
[PID] perf=27.550Hz  target=10.446Hz  err=-17.104Hz  corr=-357.18W  u_ff=104.2W  PCAP→78W  power=77.4W
[PID] perf=27.540Hz  target=10.446Hz  err=-17.094Hz  corr=-357.00W  u_ff=104.2W  PCAP→78W  power=77.5W
[PID] perf=27.552Hz  target=10.446Hz  err=-17.105Hz  corr=-357.21W  u_ff=104.2W  PCAP→78W  power=77.9W
[PID] perf=27.571Hz  target=10.446Hz  err=-17.124Hz  corr=-357.56W  u_ff=104.2W  PCAP→78W  power=78.8W
[PID] perf=27.529Hz  target=10.446Hz  err=-17.083Hz  corr=-356.80W  u_ff=104.2W  PCAP→78W  power=78.0W
[PID] perf=27.554Hz  target=10.446Hz  err=-17.107Hz  corr=-357.25W  u_ff=104.2W  PCAP→78W  power=78.6W
[PID] perf=27.572Hz  target=10.446Hz  err=-17.125Hz  corr=-357.59W  u_ff=104.2W  PCAP→78W  power=79.0W
[PID] perf=27.588Hz  target=10.446Hz  err=-17.142Hz  corr=-357.89W  u_ff=104.2W  PCAP→78W  power=77.2W
[PID] perf=27.579Hz  target=10.446Hz  err=-17.132Hz  corr=-357.71W  u_ff=104.2W  PCAP→78W  power=76.4W
[PID] perf=27.569Hz  target=10.446Hz  err=-17.123Hz  corr=-357.53W  u_ff=104.2W  PCAP→78W  power=77.0W
[PID] perf=27.604Hz  target=10.446Hz  err=-17.157Hz  corr=-358.18W  u_ff=104.2W  PCAP→78W  power=77.9W
[PID] perf=27.603Hz  target=10.446Hz  err=-17.156Hz  corr=-358.16W  u_ff=104.2W  PCAP→78W  power=78.9W
[PID] perf=27.576Hz  target=10.446Hz  err=-17.129Hz  corr=-357.66W  u_ff=104.2W  PCAP→78W  power=77.9W
[PID] perf=27.580Hz  target=10.446Hz  err=-17.134Hz  corr=-357.75W  u_ff=104.2W  PCAP→78W  power=77.9W
[PID] perf=27.554Hz  target=10.446Hz  err=-17.108Hz  corr=-357.25W  u_ff=104.2W  PCAP→78W  power=77.7W
[PID] perf=27.557Hz  target=10.446Hz  err=-17.111Hz  corr=-357.31W  u_ff=104.2W  PCAP→78W  power=76.6W
[PID] perf=27.576Hz  target=10.446Hz  err=-17.130Hz  corr=-357.66W  u_ff=104.2W  PCAP→78W  power=78.0W
[PID] perf=27.598Hz  target=10.446Hz  err=-17.152Hz  corr=-358.08W  u_ff=104.2W  PCAP→78W  power=77.1W
[PID] perf=27.596Hz  target=10.446Hz  err=-17.150Hz  corr=-358.04W  u_ff=104.2W  PCAP→78W  power=77.3W
[PID] perf=27.563Hz  target=10.446Hz  err=-17.116Hz  corr=-357.41W  u_ff=104.2W  PCAP→78W  power=76.5W
[PID] perf=27.581Hz  target=10.446Hz  err=-17.134Hz  corr=-357.75W  u_ff=104.2W  PCAP→78W  power=77.9W
[PID] perf=27.566Hz  target=10.446Hz  err=-17.120Hz  corr=-357.48W  u_ff=104.2W  PCAP→78W  power=78.8W
[PID] perf=27.536Hz  target=10.446Hz  err=-17.089Hz  corr=-356.91W  u_ff=104.2W  PCAP→78W  power=79.1W
[PID] perf=27.606Hz  target=10.446Hz  err=-17.160Hz  corr=-358.22W  u_ff=104.2W  PCAP→78W  power=77.7W
[PID] perf=27.602Hz  target=10.446Hz  err=-17.155Hz  corr=-358.14W  u_ff=104.2W  PCAP→78W  power=77.1W
[PID] perf=27.632Hz  target=10.446Hz  err=-17.186Hz  corr=-358.70W  u_ff=104.2W  PCAP→78W  power=77.0W
[PID] perf=27.608Hz  target=10.446Hz  err=-17.161Hz  corr=-358.25W  u_ff=104.2W  PCAP→78W  power=77.6W
[PID] perf=27.590Hz  target=10.446Hz  err=-17.144Hz  corr=-357.93W  u_ff=104.2W  PCAP→78W  power=78.4W
[PID] perf=27.577Hz  target=10.446Hz  err=-17.131Hz  corr=-357.68W  u_ff=104.2W  PCAP→78W  power=78.7W
[PID] perf=27.534Hz  target=10.446Hz  err=-17.088Hz  corr=-356.89W  u_ff=104.2W  PCAP→78W  power=79.1W
[PID] perf=27.568Hz  target=10.446Hz  err=-17.121Hz  corr=-357.51W  u_ff=104.2W  PCAP→78W  power=77.7W
[PID] perf=27.552Hz  target=10.446Hz  err=-17.106Hz  corr=-357.22W  u_ff=104.2W  PCAP→78W  power=78.0W
[PID] perf=27.578Hz  target=10.446Hz  err=-17.131Hz  corr=-357.70W  u_ff=104.2W  PCAP→78W  power=77.4W
[PID] perf=27.589Hz  target=10.446Hz  err=-17.142Hz  corr=-357.89W  u_ff=104.2W  PCAP→78W  power=76.8W
[PID] perf=27.575Hz  target=10.446Hz  err=-17.129Hz  corr=-357.65W  u_ff=104.2W  PCAP→78W  power=76.7W
[PID] perf=27.557Hz  target=10.446Hz  err=-17.111Hz  corr=-357.32W  u_ff=104.2W  PCAP→78W  power=78.7W
[PID] perf=27.585Hz  target=10.446Hz  err=-17.138Hz  corr=-357.82W  u_ff=104.2W  PCAP→78W  power=76.7W
[PID] perf=27.574Hz  target=10.446Hz  err=-17.128Hz  corr=-357.63W  u_ff=104.2W  PCAP→78W  power=78.7W
[PID] perf=27.570Hz  target=10.446Hz  err=-17.124Hz  corr=-357.56W  u_ff=104.2W  PCAP→78W  power=79.2W
[PID] perf=27.540Hz  target=10.446Hz  err=-17.093Hz  corr=-356.99W  u_ff=104.2W  PCAP→78W  power=77.8W
[PID] perf=27.574Hz  target=10.446Hz  err=-17.128Hz  corr=-357.63W  u_ff=104.2W  PCAP→78W  power=76.6W
[PID] perf=27.583Hz  target=10.446Hz  err=-17.136Hz  corr=-357.79W  u_ff=104.2W  PCAP→78W  power=77.0W
[PID] perf=27.585Hz  target=10.446Hz  err=-17.139Hz  corr=-357.83W  u_ff=104.2W  PCAP→78W  power=77.2W
[PID] perf=27.548Hz  target=10.446Hz  err=-17.102Hz  corr=-357.15W  u_ff=104.2W  PCAP→78W  power=77.5W
[PID] perf=27.540Hz  target=10.446Hz  err=-17.094Hz  corr=-357.00W  u_ff=104.2W  PCAP→78W  power=78.7W
[PID] perf=27.596Hz  target=10.446Hz  err=-17.150Hz  corr=-358.03W  u_ff=104.2W  PCAP→78W  power=77.8W
[PID] perf=27.582Hz  target=10.446Hz  err=-17.135Hz  corr=-357.77W  u_ff=104.2W  PCAP→78W  power=77.3W
[PID] perf=27.578Hz  target=10.446Hz  err=-17.131Hz  corr=-357.70W  u_ff=104.2W  PCAP→78W  power=76.5W
[PID] perf=27.553Hz  target=10.446Hz  err=-17.106Hz  corr=-357.23W  u_ff=104.2W  PCAP→78W  power=78.1W
[PID] perf=27.615Hz  target=10.446Hz  err=-17.168Hz  corr=-358.38W  u_ff=104.2W  PCAP→78W  power=78.3W
[PID] perf=27.566Hz  target=10.446Hz  err=-17.120Hz  corr=-357.48W  u_ff=104.2W  PCAP→78W  power=78.2W
[PID] perf=27.556Hz  target=10.446Hz  err=-17.110Hz  corr=-357.29W  u_ff=104.2W  PCAP→78W  power=78.9W
[PID] perf=27.573Hz  target=10.446Hz  err=-17.126Hz  corr=-357.60W  u_ff=104.2W  PCAP→78W  power=79.2W
[PID] perf=27.578Hz  target=10.446Hz  err=-17.132Hz  corr=-357.71W  u_ff=104.2W  PCAP→78W  power=78.1W
[PID] perf=27.633Hz  target=10.446Hz  err=-17.187Hz  corr=-358.73W  u_ff=104.2W  PCAP→78W  power=77.5W
[PID] perf=27.607Hz  target=10.446Hz  err=-17.160Hz  corr=-358.23W  u_ff=104.2W  PCAP→78W  power=76.9W
[PID] perf=27.558Hz  target=10.446Hz  err=-17.111Hz  corr=-357.32W  u_ff=104.2W  PCAP→78W  power=78.7W
[PID] perf=27.579Hz  target=10.446Hz  err=-17.133Hz  corr=-357.72W  u_ff=104.2W  PCAP→78W  power=78.7W
[PID] perf=27.565Hz  target=10.446Hz  err=-17.119Hz  corr=-357.46W  u_ff=104.2W  PCAP→78W  power=77.6W
[PID] perf=27.553Hz  target=10.446Hz  err=-17.107Hz  corr=-357.24W  u_ff=104.2W  PCAP→78W  power=77.5W
[PID] perf=27.558Hz  target=10.446Hz  err=-17.112Hz  corr=-357.33W  u_ff=104.2W  PCAP→78W  power=78.6W
[PID] perf=27.580Hz  target=10.446Hz  err=-17.134Hz  corr=-357.74W  u_ff=104.2W  PCAP→78W  power=78.4W
[PID] perf=27.556Hz  target=10.446Hz  err=-17.110Hz  corr=-357.29W  u_ff=104.2W  PCAP→78W  power=77.0W
[PID] perf=27.571Hz  target=10.446Hz  err=-17.124Hz  corr=-357.56W  u_ff=104.2W  PCAP→78W  power=77.3W
[PID] perf=27.604Hz  target=10.446Hz  err=-17.158Hz  corr=-358.19W  u_ff=104.2W  PCAP→78W  power=78.2W
[PID] perf=27.595Hz  target=10.446Hz  err=-17.149Hz  corr=-358.02W  u_ff=104.2W  PCAP→78W  power=78.4W
[PID] perf=27.565Hz  target=10.446Hz  err=-17.119Hz  corr=-357.46W  u_ff=104.2W  PCAP→78W  power=78.9W
[PID] perf=27.584Hz  target=10.446Hz  err=-17.138Hz  corr=-357.82W  u_ff=104.2W  PCAP→78W  power=78.8W
[PID] perf=26.594Hz  target=10.446Hz  err=-16.148Hz  corr=-339.45W  u_ff=104.2W  PCAP→78W  power=76.1W
[PID] perf=26.725Hz  target=10.446Hz  err=-16.278Hz  corr=-341.87W  u_ff=104.2W  PCAP→78W  power=77.4W
[PID] perf=25.445Hz  target=10.446Hz  err=-14.999Hz  corr=-318.15W  u_ff=104.2W  PCAP→78W  power=76.8W
[PID] perf=26.240Hz  target=10.446Hz  err=-15.793Hz  corr=-332.89W  u_ff=104.2W  PCAP→78W  power=77.5W
[PID] perf=26.301Hz  target=10.446Hz  err=-15.855Hz  corr=-334.02W  u_ff=104.2W  PCAP→78W  power=77.7W
[PID] perf=26.297Hz  target=10.446Hz  err=-15.850Hz  corr=-333.94W  u_ff=104.2W  PCAP→78W  power=78.8W
[PID] perf=26.277Hz  target=10.446Hz  err=-15.831Hz  corr=-333.57W  u_ff=104.2W  PCAP→78W  power=77.4W
[PID] perf=26.277Hz  target=10.446Hz  err=-15.831Hz  corr=-333.57W  u_ff=104.2W  PCAP→78W  power=76.5W
[PID] perf=26.275Hz  target=10.446Hz  err=-15.828Hz  corr=-333.53W  u_ff=104.2W  PCAP→78W  power=77.2W
[PID] perf=26.281Hz  target=10.446Hz  err=-15.835Hz  corr=-333.65W  u_ff=104.2W  PCAP→78W  power=78.9W
[PID] perf=26.314Hz  target=10.446Hz  err=-15.868Hz  corr=-334.26W  u_ff=104.2W  PCAP→78W  power=78.9W
[PID] perf=26.252Hz  target=10.446Hz  err=-15.805Hz  corr=-333.10W  u_ff=104.2W  PCAP→78W  power=78.4W
[PID] perf=26.340Hz  target=10.446Hz  err=-15.894Hz  corr=-334.75W  u_ff=104.2W  PCAP→78W  power=77.1W
[PID] perf=26.312Hz  target=10.446Hz  err=-15.866Hz  corr=-334.23W  u_ff=104.2W  PCAP→78W  power=79.3W
[PID] perf=26.349Hz  target=10.446Hz  err=-15.903Hz  corr=-334.91W  u_ff=104.2W  PCAP→78W  power=77.4W
[PID] perf=26.291Hz  target=10.446Hz  err=-15.845Hz  corr=-333.83W  u_ff=104.2W  PCAP→78W  power=78.9W
[PID] perf=26.007Hz  target=10.446Hz  err=-15.561Hz  corr=-328.57W  u_ff=104.2W  PCAP→78W  power=77.6W
[PID] perf=26.087Hz  target=10.446Hz  err=-15.640Hz  corr=-330.05W  u_ff=104.2W  PCAP→78W  power=77.6W
[PID] perf=26.101Hz  target=10.446Hz  err=-15.655Hz  corr=-330.31W  u_ff=104.2W  PCAP→78W  power=77.5W
[PID] perf=26.120Hz  target=10.446Hz  err=-15.673Hz  corr=-330.66W  u_ff=104.2W  PCAP→78W  power=76.9W
[PID] perf=26.154Hz  target=10.446Hz  err=-15.707Hz  corr=-331.28W  u_ff=104.2W  PCAP→78W  power=76.8W
[PID] perf=26.124Hz  target=10.446Hz  err=-15.678Hz  corr=-330.74W  u_ff=104.2W  PCAP→78W  power=78.7W
[PID] perf=26.173Hz  target=10.446Hz  err=-15.727Hz  corr=-331.64W  u_ff=104.2W  PCAP→78W  power=79.2W
[PID] perf=26.163Hz  target=10.446Hz  err=-15.717Hz  corr=-331.46W  u_ff=104.2W  PCAP→78W  power=76.5W
[PID] perf=26.170Hz  target=10.446Hz  err=-15.724Hz  corr=-331.59W  u_ff=104.2W  PCAP→78W  power=77.8W
[PID] perf=26.165Hz  target=10.446Hz  err=-15.719Hz  corr=-331.50W  u_ff=104.2W  PCAP→78W  power=78.5W
[PID] perf=26.148Hz  target=10.446Hz  err=-15.702Hz  corr=-331.18W  u_ff=104.2W  PCAP→78W  power=78.1W
[PID] perf=26.179Hz  target=10.446Hz  err=-15.732Hz  corr=-331.75W  u_ff=104.2W  PCAP→78W  power=77.0W
[PID] perf=26.166Hz  target=10.446Hz  err=-15.720Hz  corr=-331.52W  u_ff=104.2W  PCAP→78W  power=77.9W
[PID] perf=26.185Hz  target=10.446Hz  err=-15.738Hz  corr=-331.86W  u_ff=104.2W  PCAP→78W  power=78.8W
[PID] perf=26.179Hz  target=10.446Hz  err=-15.733Hz  corr=-331.76W  u_ff=104.2W  PCAP→78W  power=78.6W
[PID] perf=26.163Hz  target=10.446Hz  err=-15.717Hz  corr=-331.46W  u_ff=104.2W  PCAP→78W  power=78.4W
[PID] perf=26.164Hz  target=10.446Hz  err=-15.717Hz  corr=-331.47W  u_ff=104.2W  PCAP→78W  power=78.2W
[PID] perf=26.170Hz  target=10.446Hz  err=-15.724Hz  corr=-331.59W  u_ff=104.2W  PCAP→78W  power=77.7W
[PID] perf=26.139Hz  target=10.446Hz  err=-15.692Hz  corr=-331.01W  u_ff=104.2W  PCAP→78W  power=78.7W
[PID] perf=26.150Hz  target=10.446Hz  err=-15.704Hz  corr=-331.22W  u_ff=104.2W  PCAP→78W  power=79.2W
[PID] perf=26.139Hz  target=10.446Hz  err=-15.693Hz  corr=-331.02W  u_ff=104.2W  PCAP→78W  power=78.9W
[PID] perf=26.126Hz  target=10.446Hz  err=-15.680Hz  corr=-330.77W  u_ff=104.2W  PCAP→78W  power=76.0W
[PID] perf=26.158Hz  target=10.446Hz  err=-15.711Hz  corr=-331.36W  u_ff=104.2W  PCAP→78W  power=76.5W
[PID] perf=26.110Hz  target=10.446Hz  err=-15.663Hz  corr=-330.47W  u_ff=104.2W  PCAP→78W  power=78.4W
[PID] perf=26.162Hz  target=10.446Hz  err=-15.715Hz  corr=-331.43W  u_ff=104.2W  PCAP→78W  power=79.3W
[PID] perf=26.145Hz  target=10.446Hz  err=-15.699Hz  corr=-331.13W  u_ff=104.2W  PCAP→78W  power=76.4W
[PID] perf=26.164Hz  target=10.446Hz  err=-15.718Hz  corr=-331.48W  u_ff=104.2W  PCAP→78W  power=77.8W
[PID] perf=26.177Hz  target=10.446Hz  err=-15.731Hz  corr=-331.72W  u_ff=104.2W  PCAP→78W  power=76.5W
[PID] perf=26.183Hz  target=10.446Hz  err=-15.737Hz  corr=-331.83W  u_ff=104.2W  PCAP→78W  power=78.3W
[PID] perf=26.176Hz  target=10.446Hz  err=-15.730Hz  corr=-331.71W  u_ff=104.2W  PCAP→78W  power=78.8W
[PID] perf=26.168Hz  target=10.446Hz  err=-15.722Hz  corr=-331.55W  u_ff=104.2W  PCAP→78W  power=78.2W
[PID] perf=26.134Hz  target=10.446Hz  err=-15.687Hz  corr=-330.92W  u_ff=104.2W  PCAP→78W  power=78.5W
[PID] perf=26.164Hz  target=10.446Hz  err=-15.718Hz  corr=-331.49W  u_ff=104.2W  PCAP→78W  power=76.8W
[PID] perf=26.168Hz  target=10.446Hz  err=-15.722Hz  corr=-331.56W  u_ff=104.2W  PCAP→78W  power=77.2W
[PID] perf=26.167Hz  target=10.446Hz  err=-15.721Hz  corr=-331.54W  u_ff=104.2W  PCAP→78W  power=77.4W
[PID] perf=26.160Hz  target=10.446Hz  err=-15.713Hz  corr=-331.40W  u_ff=104.2W  PCAP→78W  power=79.2W
[PID] perf=26.150Hz  target=10.446Hz  err=-15.704Hz  corr=-331.23W  u_ff=104.2W  PCAP→78W  power=78.6W
[PID] perf=26.174Hz  target=10.446Hz  err=-15.728Hz  corr=-331.66W  u_ff=104.2W  PCAP→78W  power=76.5W
[PID] perf=26.197Hz  target=10.446Hz  err=-15.750Hz  corr=-332.08W  u_ff=104.2W  PCAP→78W  power=77.3W
[PID] perf=26.161Hz  target=10.446Hz  err=-15.715Hz  corr=-331.42W  u_ff=104.2W  PCAP→78W  power=76.3W
[PID] perf=26.163Hz  target=10.446Hz  err=-15.717Hz  corr=-331.46W  u_ff=104.2W  PCAP→78W  power=78.1W
[PID] perf=26.172Hz  target=10.446Hz  err=-15.726Hz  corr=-331.63W  u_ff=104.2W  PCAP→78W  power=78.7W
[PID] perf=26.198Hz  target=10.446Hz  err=-15.751Hz  corr=-332.11W  u_ff=104.2W  PCAP→78W  power=78.2W
[PID] perf=26.169Hz  target=10.446Hz  err=-15.722Hz  corr=-331.57W  u_ff=104.2W  PCAP→78W  power=78.5W
[PID] perf=26.154Hz  target=10.446Hz  err=-15.708Hz  corr=-331.29W  u_ff=104.2W  PCAP→78W  power=79.2W
[PID] perf=27.002Hz  target=10.446Hz  err=-16.556Hz  corr=-347.02W  u_ff=104.2W  PCAP→78W  power=79.2W
[PID] perf=27.086Hz  target=10.446Hz  err=-16.639Hz  corr=-348.57W  u_ff=104.2W  PCAP→78W  power=79.5W
[PID] perf=27.107Hz  target=10.446Hz  err=-16.661Hz  corr=-348.97W  u_ff=104.2W  PCAP→78W  power=77.7W
[PID] perf=27.143Hz  target=10.446Hz  err=-16.697Hz  corr=-349.64W  u_ff=104.2W  PCAP→78W  power=77.7W
[PID] perf=27.116Hz  target=10.446Hz  err=-16.669Hz  corr=-349.13W  u_ff=104.2W  PCAP→78W  power=77.0W
[PID] perf=27.100Hz  target=10.446Hz  err=-16.653Hz  corr=-348.83W  u_ff=104.2W  PCAP→78W  power=77.1W
[PID] perf=27.104Hz  target=10.446Hz  err=-16.658Hz  corr=-348.91W  u_ff=104.2W  PCAP→78W  power=78.8W
[PID] perf=27.105Hz  target=10.446Hz  err=-16.658Hz  corr=-348.92W  u_ff=104.2W  PCAP→78W  power=77.5W
[PID] perf=27.133Hz  target=10.446Hz  err=-16.686Hz  corr=-349.44W  u_ff=104.2W  PCAP→78W  power=77.5W
[PID] perf=27.120Hz  target=10.446Hz  err=-16.673Hz  corr=-349.20W  u_ff=104.2W  PCAP→78W  power=77.9W
[PID] perf=27.117Hz  target=10.446Hz  err=-16.671Hz  corr=-349.16W  u_ff=104.2W  PCAP→78W  power=78.5W
[PID] perf=27.129Hz  target=10.446Hz  err=-16.683Hz  corr=-349.37W  u_ff=104.2W  PCAP→78W  power=79.4W
[PID] perf=27.528Hz  target=10.446Hz  err=-17.081Hz  corr=-356.77W  u_ff=104.2W  PCAP→78W  power=77.6W
[PID] perf=27.782Hz  target=10.446Hz  err=-17.335Hz  corr=-361.48W  u_ff=104.2W  PCAP→78W  power=78.6W
[PID] perf=27.862Hz  target=10.446Hz  err=-17.415Hz  corr=-362.96W  u_ff=104.2W  PCAP→78W  power=76.9W
[PID] perf=27.877Hz  target=10.446Hz  err=-17.430Hz  corr=-363.24W  u_ff=104.2W  PCAP→78W  power=78.4W
[PID] perf=27.887Hz  target=10.446Hz  err=-17.441Hz  corr=-363.43W  u_ff=104.2W  PCAP→78W  power=77.8W
[PID] perf=27.875Hz  target=10.446Hz  err=-17.428Hz  corr=-363.20W  u_ff=104.2W  PCAP→78W  power=76.5W
[PID] perf=27.887Hz  target=10.446Hz  err=-17.441Hz  corr=-363.43W  u_ff=104.2W  PCAP→78W  power=79.4W
[PID] perf=27.879Hz  target=10.446Hz  err=-17.433Hz  corr=-363.28W  u_ff=104.2W  PCAP→78W  power=79.0W
[PID] perf=27.893Hz  target=10.446Hz  err=-17.447Hz  corr=-363.55W  u_ff=104.2W  PCAP→78W  power=78.2W
[PID] perf=27.884Hz  target=10.446Hz  err=-17.438Hz  corr=-363.38W  u_ff=104.2W  PCAP→78W  power=79.0W
[PID] perf=27.892Hz  target=10.446Hz  err=-17.445Hz  corr=-363.51W  u_ff=104.2W  PCAP→78W  power=76.8W
[PID] perf=27.907Hz  target=10.446Hz  err=-17.461Hz  corr=-363.81W  u_ff=104.2W  PCAP→78W  power=76.8W
[PID] perf=27.887Hz  target=10.446Hz  err=-17.441Hz  corr=-363.43W  u_ff=104.2W  PCAP→78W  power=77.5W
[PID] perf=27.923Hz  target=10.446Hz  err=-17.476Hz  corr=-364.09W  u_ff=104.2W  PCAP→78W  power=77.7W
[PID] perf=27.910Hz  target=10.446Hz  err=-17.463Hz  corr=-363.85W  u_ff=104.2W  PCAP→78W  power=77.3W
[PID] perf=27.924Hz  target=10.446Hz  err=-17.478Hz  corr=-364.12W  u_ff=104.2W  PCAP→78W  power=77.8W
[PID] perf=27.916Hz  target=10.446Hz  err=-17.469Hz  corr=-363.96W  u_ff=104.2W  PCAP→78W  power=78.0W
[PID] perf=27.937Hz  target=10.446Hz  err=-17.491Hz  corr=-364.36W  u_ff=104.2W  PCAP→78W  power=77.1W
[PID] perf=27.946Hz  target=10.446Hz  err=-17.499Hz  corr=-364.52W  u_ff=104.2W  PCAP→78W  power=76.8W
[PID] perf=27.936Hz  target=10.446Hz  err=-17.489Hz  corr=-364.33W  u_ff=104.2W  PCAP→78W  power=77.5W
[PID] perf=27.912Hz  target=10.446Hz  err=-17.466Hz  corr=-363.90W  u_ff=104.2W  PCAP→78W  power=78.2W
[PID] perf=27.878Hz  target=10.446Hz  err=-17.431Hz  corr=-363.26W  u_ff=104.2W  PCAP→78W  power=78.6W
[PID] perf=27.999Hz  target=10.446Hz  err=-17.552Hz  corr=-365.51W  u_ff=104.2W  PCAP→78W  power=77.8W
[PID] perf=27.973Hz  target=10.446Hz  err=-17.527Hz  corr=-365.03W  u_ff=104.2W  PCAP→78W  power=76.9W
[PID] perf=27.959Hz  target=10.446Hz  err=-17.512Hz  corr=-364.76W  u_ff=104.2W  PCAP→78W  power=78.7W
[PID] perf=28.005Hz  target=10.446Hz  err=-17.559Hz  corr=-365.62W  u_ff=104.2W  PCAP→78W  power=76.1W
[PID] perf=27.990Hz  target=10.446Hz  err=-17.543Hz  corr=-365.33W  u_ff=104.2W  PCAP→78W  power=77.0W
[PID] perf=27.998Hz  target=10.446Hz  err=-17.551Hz  corr=-365.48W  u_ff=104.2W  PCAP→78W  power=78.2W
[PID] perf=28.048Hz  target=10.446Hz  err=-17.602Hz  corr=-366.42W  u_ff=104.2W  PCAP→78W  power=76.1W
[PID] perf=28.033Hz  target=10.446Hz  err=-17.586Hz  corr=-366.13W  u_ff=104.2W  PCAP→78W  power=78.2W
[PID] perf=28.061Hz  target=10.446Hz  err=-17.614Hz  corr=-366.65W  u_ff=104.2W  PCAP→78W  power=78.2W
[PID] perf=28.014Hz  target=10.446Hz  err=-17.568Hz  corr=-365.79W  u_ff=104.2W  PCAP→78W  power=78.2W
[PID] perf=28.028Hz  target=10.446Hz  err=-17.581Hz  corr=-366.04W  u_ff=104.2W  PCAP→78W  power=78.4W
[PID] perf=28.049Hz  target=10.446Hz  err=-17.602Hz  corr=-366.42W  u_ff=104.2W  PCAP→78W  power=78.7W
[PID] perf=27.988Hz  target=10.446Hz  err=-17.542Hz  corr=-365.31W  u_ff=104.2W  PCAP→78W  power=77.3W
[PID] perf=28.038Hz  target=10.446Hz  err=-17.591Hz  corr=-366.23W  u_ff=104.2W  PCAP→78W  power=77.9W
[PID] perf=27.994Hz  target=10.446Hz  err=-17.548Hz  corr=-365.41W  u_ff=104.2W  PCAP→78W  power=79.4W
[PID] perf=28.058Hz  target=10.446Hz  err=-17.612Hz  corr=-366.60W  u_ff=104.2W  PCAP→78W  power=78.9W
[PID] perf=28.004Hz  target=10.446Hz  err=-17.558Hz  corr=-365.61W  u_ff=104.2W  PCAP→78W  power=78.7W
[PID] perf=28.024Hz  target=10.446Hz  err=-17.577Hz  corr=-365.97W  u_ff=104.2W  PCAP→78W  power=78.7W
[PID] perf=28.052Hz  target=10.446Hz  err=-17.606Hz  corr=-366.49W  u_ff=104.2W  PCAP→78W  power=77.3W
[PID] perf=28.034Hz  target=10.446Hz  err=-17.588Hz  corr=-366.16W  u_ff=104.2W  PCAP→78W  power=76.9W
[PID] perf=28.069Hz  target=10.446Hz  err=-17.622Hz  corr=-366.80W  u_ff=104.2W  PCAP→78W  power=77.7W
[PID] perf=28.049Hz  target=10.446Hz  err=-17.603Hz  corr=-366.43W  u_ff=104.2W  PCAP→78W  power=77.6W
[PID] perf=28.029Hz  target=10.446Hz  err=-17.582Hz  corr=-366.06W  u_ff=104.2W  PCAP→78W  power=77.1W
[PID] perf=28.027Hz  target=10.446Hz  err=-17.581Hz  corr=-366.03W  u_ff=104.2W  PCAP→78W  power=76.8W
[PID] perf=28.030Hz  target=10.446Hz  err=-17.583Hz  corr=-366.08W  u_ff=104.2W  PCAP→78W  power=77.5W
[PID] perf=28.021Hz  target=10.446Hz  err=-17.574Hz  corr=-365.91W  u_ff=104.2W  PCAP→78W  power=76.7W
[PID] perf=27.999Hz  target=10.446Hz  err=-17.553Hz  corr=-365.51W  u_ff=104.2W  PCAP→78W  power=77.7W
[PID] perf=27.973Hz  target=10.446Hz  err=-17.526Hz  corr=-365.02W  u_ff=104.2W  PCAP→78W  power=77.1W
[PID] perf=28.025Hz  target=10.446Hz  err=-17.579Hz  corr=-366.00W  u_ff=104.2W  PCAP→78W  power=77.0W
[PID] perf=28.039Hz  target=10.446Hz  err=-17.593Hz  corr=-366.25W  u_ff=104.2W  PCAP→78W  power=77.0W
[PID] perf=27.991Hz  target=10.446Hz  err=-17.545Hz  corr=-365.36W  u_ff=104.2W  PCAP→78W  power=78.4W
[PID] perf=27.998Hz  target=10.446Hz  err=-17.551Hz  corr=-365.48W  u_ff=104.2W  PCAP→78W  power=78.7W
[PID] perf=28.035Hz  target=10.446Hz  err=-17.588Hz  corr=-366.17W  u_ff=104.2W  PCAP→78W  power=79.1W
[PID] perf=28.012Hz  target=10.446Hz  err=-17.566Hz  corr=-365.75W  u_ff=104.2W  PCAP→78W  power=79.2W
[PID] perf=28.012Hz  target=10.446Hz  err=-17.565Hz  corr=-365.74W  u_ff=104.2W  PCAP→78W  power=79.2W
[PID] perf=28.039Hz  target=10.446Hz  err=-17.592Hz  corr=-366.24W  u_ff=104.2W  PCAP→78W  power=78.5W
[PID] perf=28.046Hz  target=10.446Hz  err=-17.599Hz  corr=-366.37W  u_ff=104.2W  PCAP→78W  power=78.9W
[PID] perf=28.007Hz  target=10.446Hz  err=-17.560Hz  corr=-365.65W  u_ff=104.2W  PCAP→78W  power=77.8W
[PID] perf=28.055Hz  target=10.446Hz  err=-17.608Hz  corr=-366.54W  u_ff=104.2W  PCAP→78W  power=77.2W
[PID] perf=28.068Hz  target=10.446Hz  err=-17.621Hz  corr=-366.78W  u_ff=104.2W  PCAP→78W  power=76.9W
[PID] perf=28.074Hz  target=10.446Hz  err=-17.627Hz  corr=-366.89W  u_ff=104.2W  PCAP→78W  power=77.0W
[PID] perf=28.040Hz  target=10.446Hz  err=-17.593Hz  corr=-366.26W  u_ff=104.2W  PCAP→78W  power=76.7W
[PID] perf=28.006Hz  target=10.446Hz  err=-17.559Hz  corr=-365.63W  u_ff=104.2W  PCAP→78W  power=77.3W
[PID] perf=28.006Hz  target=10.446Hz  err=-17.559Hz  corr=-365.63W  u_ff=104.2W  PCAP→78W  power=77.9W
[PID] perf=28.027Hz  target=10.446Hz  err=-17.581Hz  corr=-366.03W  u_ff=104.2W  PCAP→78W  power=77.2W
[PID] perf=27.644Hz  target=10.446Hz  err=-17.198Hz  corr=-358.93W  u_ff=104.2W  PCAP→78W  power=77.5W
[PID] perf=27.693Hz  target=10.446Hz  err=-17.247Hz  corr=-359.83W  u_ff=104.2W  PCAP→78W  power=78.1W
[PID] perf=27.696Hz  target=10.446Hz  err=-17.249Hz  corr=-359.88W  u_ff=104.2W  PCAP→78W  power=76.3W
[PID] perf=27.997Hz  target=10.446Hz  err=-17.551Hz  corr=-365.48W  u_ff=104.2W  PCAP→78W  power=77.3W
[PID] perf=28.019Hz  target=10.446Hz  err=-17.572Hz  corr=-365.88W  u_ff=104.2W  PCAP→78W  power=76.3W
[PID] perf=28.046Hz  target=10.446Hz  err=-17.599Hz  corr=-366.37W  u_ff=104.2W  PCAP→78W  power=79.1W
[PID] perf=27.999Hz  target=10.446Hz  err=-17.552Hz  corr=-365.50W  u_ff=104.2W  PCAP→78W  power=77.5W
[PID] perf=28.012Hz  target=10.446Hz  err=-17.566Hz  corr=-365.75W  u_ff=104.2W  PCAP→78W  power=77.9W
[PID] perf=28.054Hz  target=10.446Hz  err=-17.607Hz  corr=-366.52W  u_ff=104.2W  PCAP→78W  power=78.9W
[PID] perf=28.072Hz  target=10.446Hz  err=-17.625Hz  corr=-366.85W  u_ff=104.2W  PCAP→78W  power=79.0W
[PID] perf=28.018Hz  target=10.446Hz  err=-17.572Hz  corr=-365.86W  u_ff=104.2W  PCAP→78W  power=76.4W
[PID] perf=28.927Hz  target=10.446Hz  err=-18.481Hz  corr=-382.72W  u_ff=104.2W  PCAP→78W  power=78.4W
[PID] perf=29.192Hz  target=10.446Hz  err=-18.746Hz  corr=-387.63W  u_ff=104.2W  PCAP→78W  power=77.4W
[PID] perf=29.253Hz  target=10.446Hz  err=-18.806Hz  corr=-388.75W  u_ff=104.2W  PCAP→78W  power=79.2W
[PID] perf=29.251Hz  target=10.446Hz  err=-18.804Hz  corr=-388.72W  u_ff=104.2W  PCAP→78W  power=78.1W
[PID] perf=29.238Hz  target=10.446Hz  err=-18.792Hz  corr=-388.49W  u_ff=104.2W  PCAP→78W  power=77.2W
[PID] perf=29.278Hz  target=10.446Hz  err=-18.832Hz  corr=-389.23W  u_ff=104.2W  PCAP→78W  power=77.2W
[PID] perf=29.262Hz  target=10.446Hz  err=-18.816Hz  corr=-388.93W  u_ff=104.2W  PCAP→78W  power=77.1W
[PID] perf=29.256Hz  target=10.446Hz  err=-18.809Hz  corr=-388.81W  u_ff=104.2W  PCAP→78W  power=78.1W
[PID] perf=29.260Hz  target=10.446Hz  err=-18.813Hz  corr=-388.89W  u_ff=104.2W  PCAP→78W  power=78.8W
[PID] perf=29.267Hz  target=10.446Hz  err=-18.820Hz  corr=-389.01W  u_ff=104.2W  PCAP→78W  power=79.3W
[PID] perf=29.244Hz  target=10.446Hz  err=-18.798Hz  corr=-388.60W  u_ff=104.2W  PCAP→78W  power=77.8W
[PID] perf=29.217Hz  target=10.446Hz  err=-18.770Hz  corr=-388.09W  u_ff=104.2W  PCAP→78W  power=79.7W
[PID] perf=29.250Hz  target=10.446Hz  err=-18.803Hz  corr=-388.70W  u_ff=104.2W  PCAP→78W  power=78.6W
[PID] perf=29.272Hz  target=10.446Hz  err=-18.825Hz  corr=-389.10W  u_ff=104.2W  PCAP→78W  power=77.2W
[PID] perf=29.272Hz  target=10.446Hz  err=-18.826Hz  corr=-389.11W  u_ff=104.2W  PCAP→78W  power=76.2W
[PID] perf=29.230Hz  target=10.446Hz  err=-18.783Hz  corr=-388.33W  u_ff=104.2W  PCAP→78W  power=76.6W
[PID] perf=29.264Hz  target=10.446Hz  err=-18.818Hz  corr=-388.97W  u_ff=104.2W  PCAP→78W  power=78.5W
[PID] perf=29.288Hz  target=10.446Hz  err=-18.841Hz  corr=-389.41W  u_ff=104.2W  PCAP→78W  power=79.7W
[PID] perf=29.240Hz  target=10.446Hz  err=-18.793Hz  corr=-388.52W  u_ff=104.2W  PCAP→78W  power=77.3W
[PID] perf=29.288Hz  target=10.446Hz  err=-18.841Hz  corr=-389.41W  u_ff=104.2W  PCAP→78W  power=76.3W
[PID] perf=29.292Hz  target=10.446Hz  err=-18.846Hz  corr=-389.49W  u_ff=104.2W  PCAP→78W  power=76.8W
[PID] perf=29.278Hz  target=10.446Hz  err=-18.832Hz  corr=-389.23W  u_ff=104.2W  PCAP→78W  power=77.9W
[PID] perf=29.278Hz  target=10.446Hz  err=-18.831Hz  corr=-389.22W  u_ff=104.2W  PCAP→78W  power=77.9W
[PID] perf=29.313Hz  target=10.446Hz  err=-18.866Hz  corr=-389.87W  u_ff=104.2W  PCAP→78W  power=77.6W
[PID] perf=29.304Hz  target=10.446Hz  err=-18.857Hz  corr=-389.70W  u_ff=104.2W  PCAP→78W  power=76.7W
[PID] perf=29.299Hz  target=10.446Hz  err=-18.853Hz  corr=-389.62W  u_ff=104.2W  PCAP→78W  power=76.9W
[PID] perf=29.297Hz  target=10.446Hz  err=-18.850Hz  corr=-389.57W  u_ff=104.2W  PCAP→78W  power=78.6W
[PID] perf=29.281Hz  target=10.446Hz  err=-18.834Hz  corr=-389.27W  u_ff=104.2W  PCAP→78W  power=78.5W
[PID] perf=29.279Hz  target=10.446Hz  err=-18.832Hz  corr=-389.23W  u_ff=104.2W  PCAP→78W  power=76.5W
[PID] perf=29.245Hz  target=10.446Hz  err=-18.798Hz  corr=-388.61W  u_ff=104.2W  PCAP→78W  power=78.4W
[PID] perf=29.269Hz  target=10.446Hz  err=-18.823Hz  corr=-389.06W  u_ff=104.2W  PCAP→78W  power=78.9W
[PID] perf=29.271Hz  target=10.446Hz  err=-18.824Hz  corr=-389.09W  u_ff=104.2W  PCAP→78W  power=78.3W
[PID] perf=29.300Hz  target=10.446Hz  err=-18.854Hz  corr=-389.64W  u_ff=104.2W  PCAP→78W  power=78.1W
[PID] perf=29.251Hz  target=10.446Hz  err=-18.804Hz  corr=-388.72W  u_ff=104.2W  PCAP→78W  power=77.2W
[PID] perf=29.298Hz  target=10.446Hz  err=-18.851Hz  corr=-389.59W  u_ff=104.2W  PCAP→78W  power=76.8W
[PID] perf=29.291Hz  target=10.446Hz  err=-18.844Hz  corr=-389.46W  u_ff=104.2W  PCAP→78W  power=76.5W
[PID] perf=29.251Hz  target=10.446Hz  err=-18.805Hz  corr=-388.73W  u_ff=104.2W  PCAP→78W  power=78.2W
[PID] perf=29.287Hz  target=10.446Hz  err=-18.841Hz  corr=-389.40W  u_ff=104.2W  PCAP→78W  power=77.7W
[PID] perf=29.302Hz  target=10.446Hz  err=-18.856Hz  corr=-389.68W  u_ff=104.2W  PCAP→78W  power=77.7W
[PID] perf=29.266Hz  target=10.446Hz  err=-18.819Hz  corr=-389.00W  u_ff=104.2W  PCAP→78W  power=79.0W
[PID] perf=29.298Hz  target=10.446Hz  err=-18.852Hz  corr=-389.60W  u_ff=104.2W  PCAP→78W  power=78.5W
[PID] perf=29.292Hz  target=10.446Hz  err=-18.845Hz  corr=-389.48W  u_ff=104.2W  PCAP→78W  power=78.9W
[PID] perf=29.288Hz  target=10.446Hz  err=-18.841Hz  corr=-389.41W  u_ff=104.2W  PCAP→78W  power=79.2W
[PID] perf=29.289Hz  target=10.446Hz  err=-18.842Hz  corr=-389.43W  u_ff=104.2W  PCAP→78W  power=78.3W
[PID] perf=29.294Hz  target=10.446Hz  err=-18.848Hz  corr=-389.52W  u_ff=104.2W  PCAP→78W  power=79.3W
[PID] perf=29.267Hz  target=10.446Hz  err=-18.821Hz  corr=-389.02W  u_ff=104.2W  PCAP→78W  power=77.7W
[PID] perf=29.292Hz  target=10.446Hz  err=-18.846Hz  corr=-389.49W  u_ff=104.2W  PCAP→78W  power=77.9W
[PID] perf=29.277Hz  target=10.446Hz  err=-18.830Hz  corr=-389.20W  u_ff=104.2W  PCAP→78W  power=77.1W
[PID] perf=29.251Hz  target=10.446Hz  err=-18.805Hz  corr=-388.73W  u_ff=104.2W  PCAP→78W  power=78.8W
[PID] perf=29.271Hz  target=10.446Hz  err=-18.824Hz  corr=-389.09W  u_ff=104.2W  PCAP→78W  power=76.2W
[PID] perf=29.278Hz  target=10.446Hz  err=-18.831Hz  corr=-389.22W  u_ff=104.2W  PCAP→78W  power=78.4W
[PID] perf=29.254Hz  target=10.446Hz  err=-18.807Hz  corr=-388.77W  u_ff=104.2W  PCAP→78W  power=78.5W
[PID] perf=29.310Hz  target=10.446Hz  err=-18.864Hz  corr=-389.82W  u_ff=104.2W  PCAP→78W  power=79.1W
[PID] perf=29.229Hz  target=10.446Hz  err=-18.783Hz  corr=-388.32W  u_ff=104.2W  PCAP→78W  power=78.8W
[PID] perf=29.274Hz  target=10.446Hz  err=-18.827Hz  corr=-389.14W  u_ff=104.2W  PCAP→78W  power=78.3W
[PID] perf=29.292Hz  target=10.446Hz  err=-18.845Hz  corr=-389.48W  u_ff=104.2W  PCAP→78W  power=78.3W
[PID] perf=29.242Hz  target=10.446Hz  err=-18.795Hz  corr=-388.55W  u_ff=104.2W  PCAP→78W  power=78.4W
[PID] perf=29.248Hz  target=10.446Hz  err=-18.802Hz  corr=-388.67W  u_ff=104.2W  PCAP→78W  power=77.0W
[PID] perf=29.267Hz  target=10.446Hz  err=-18.821Hz  corr=-389.03W  u_ff=104.2W  PCAP→78W  power=76.2W
[PID] perf=29.271Hz  target=10.446Hz  err=-18.825Hz  corr=-389.10W  u_ff=104.2W  PCAP→78W  power=78.4W
[PID] perf=29.238Hz  target=10.446Hz  err=-18.791Hz  corr=-388.48W  u_ff=104.2W  PCAP→78W  power=78.6W
[PID] perf=29.280Hz  target=10.446Hz  err=-18.833Hz  corr=-389.26W  u_ff=104.2W  PCAP→78W  power=77.5W
[PID] perf=29.296Hz  target=10.446Hz  err=-18.849Hz  corr=-389.56W  u_ff=104.2W  PCAP→78W  power=79.0W
[PID] perf=29.255Hz  target=10.446Hz  err=-18.809Hz  corr=-388.80W  u_ff=104.2W  PCAP→78W  power=78.1W
[PID] perf=29.173Hz  target=10.446Hz  err=-18.726Hz  corr=-387.27W  u_ff=104.2W  PCAP→78W  power=76.1W
[PID] perf=29.306Hz  target=10.446Hz  err=-18.860Hz  corr=-389.75W  u_ff=104.2W  PCAP→78W  power=77.6W
[PID] perf=29.254Hz  target=10.446Hz  err=-18.808Hz  corr=-388.79W  u_ff=104.2W  PCAP→78W  power=76.2W
[PID] perf=29.271Hz  target=10.446Hz  err=-18.825Hz  corr=-389.10W  u_ff=104.2W  PCAP→78W  power=78.3W
[PID] perf=29.283Hz  target=10.446Hz  err=-18.836Hz  corr=-389.31W  u_ff=104.2W  PCAP→78W  power=78.4W
[PID] perf=29.271Hz  target=10.446Hz  err=-18.824Hz  corr=-389.09W  u_ff=104.2W  PCAP→78W  power=78.0W
[PID] perf=29.260Hz  target=10.446Hz  err=-18.813Hz  corr=-388.89W  u_ff=104.2W  PCAP→78W  power=78.5W
[PID] perf=29.284Hz  target=10.446Hz  err=-18.837Hz  corr=-389.33W  u_ff=104.2W  PCAP→78W  power=79.2W
[PID] perf=29.259Hz  target=10.446Hz  err=-18.813Hz  corr=-388.88W  u_ff=104.2W  PCAP→78W  power=78.1W
[PID] perf=29.277Hz  target=10.446Hz  err=-18.831Hz  corr=-389.21W  u_ff=104.2W  PCAP→78W  power=78.4W
[PID] perf=29.248Hz  target=10.446Hz  err=-18.801Hz  corr=-388.66W  u_ff=104.2W  PCAP→78W  power=78.5W
[PID] perf=29.275Hz  target=10.446Hz  err=-18.829Hz  corr=-389.17W  u_ff=104.2W  PCAP→78W  power=79.1W
[PID] perf=29.268Hz  target=10.446Hz  err=-18.821Hz  corr=-389.04W  u_ff=104.2W  PCAP→78W  power=78.3W
[PID] perf=29.255Hz  target=10.446Hz  err=-18.809Hz  corr=-388.80W  u_ff=104.2W  PCAP→78W  power=79.0W
[PID] perf=29.269Hz  target=10.446Hz  err=-18.823Hz  corr=-389.06W  u_ff=104.2W  PCAP→78W  power=77.8W
[PID] perf=27.320Hz  target=10.446Hz  err=-16.874Hz  corr=-352.91W  u_ff=104.2W  PCAP→78W  power=78.1W
[PID] perf=27.400Hz  target=10.446Hz  err=-16.953Hz  corr=-354.39W  u_ff=104.2W  PCAP→78W  power=77.5W
[PID] perf=27.376Hz  target=10.446Hz  err=-16.929Hz  corr=-353.95W  u_ff=104.2W  PCAP→78W  power=76.1W
[PID] perf=27.376Hz  target=10.446Hz  err=-16.930Hz  corr=-353.95W  u_ff=104.2W  PCAP→78W  power=78.6W
[PID] perf=27.387Hz  target=10.446Hz  err=-16.940Hz  corr=-354.15W  u_ff=104.2W  PCAP→78W  power=78.8W
[PID] perf=27.375Hz  target=10.446Hz  err=-16.929Hz  corr=-353.94W  u_ff=104.2W  PCAP→78W  power=78.9W
[PID] perf=27.431Hz  target=10.446Hz  err=-16.985Hz  corr=-354.98W  u_ff=104.2W  PCAP→78W  power=78.8W
[PID] perf=27.382Hz  target=10.446Hz  err=-16.936Hz  corr=-354.07W  u_ff=104.2W  PCAP→78W  power=77.8W
[PID] perf=27.397Hz  target=10.446Hz  err=-16.951Hz  corr=-354.35W  u_ff=104.2W  PCAP→78W  power=77.9W
[PID] perf=27.413Hz  target=10.446Hz  err=-16.966Hz  corr=-354.63W  u_ff=104.2W  PCAP→78W  power=78.0W
[PID] perf=27.403Hz  target=10.446Hz  err=-16.957Hz  corr=-354.46W  u_ff=104.2W  PCAP→78W  power=78.9W
[PID] perf=27.426Hz  target=10.446Hz  err=-16.980Hz  corr=-354.89W  u_ff=104.2W  PCAP→78W  power=77.7W
[PID] perf=27.411Hz  target=10.446Hz  err=-16.964Hz  corr=-354.60W  u_ff=104.2W  PCAP→78W  power=78.3W
[PID] perf=27.377Hz  target=10.446Hz  err=-16.931Hz  corr=-353.97W  u_ff=104.2W  PCAP→78W  power=77.7W
[PID] perf=29.152Hz  target=10.446Hz  err=-18.706Hz  corr=-386.89W  u_ff=104.2W  PCAP→78W  power=77.5W
[PID] perf=29.267Hz  target=10.446Hz  err=-18.820Hz  corr=-389.02W  u_ff=104.2W  PCAP→78W  power=77.2W
[PID] perf=29.258Hz  target=10.446Hz  err=-18.812Hz  corr=-388.86W  u_ff=104.2W  PCAP→78W  power=78.7W
[PID] perf=29.243Hz  target=10.446Hz  err=-18.797Hz  corr=-388.58W  u_ff=104.2W  PCAP→78W  power=76.9W
[PID] perf=29.285Hz  target=10.446Hz  err=-18.838Hz  corr=-389.35W  u_ff=104.2W  PCAP→78W  power=78.6W
[PID] perf=29.259Hz  target=10.446Hz  err=-18.813Hz  corr=-388.88W  u_ff=104.2W  PCAP→78W  power=79.3W
[PID] perf=29.225Hz  target=10.446Hz  err=-18.778Hz  corr=-388.24W  u_ff=104.2W  PCAP→78W  power=78.2W
[PID] perf=29.240Hz  target=10.446Hz  err=-18.794Hz  corr=-388.53W  u_ff=104.2W  PCAP→78W  power=77.1W
[PID] perf=29.283Hz  target=10.446Hz  err=-18.837Hz  corr=-389.32W  u_ff=104.2W  PCAP→78W  power=78.4W
[PID] perf=29.294Hz  target=10.446Hz  err=-18.848Hz  corr=-389.53W  u_ff=104.2W  PCAP→78W  power=79.1W
[PID] perf=29.249Hz  target=10.446Hz  err=-18.803Hz  corr=-388.69W  u_ff=104.2W  PCAP→78W  power=79.1W
[PID] perf=29.268Hz  target=10.446Hz  err=-18.821Hz  corr=-389.03W  u_ff=104.2W  PCAP→78W  power=78.4W
[PID] perf=29.279Hz  target=10.446Hz  err=-18.832Hz  corr=-389.24W  u_ff=104.2W  PCAP→78W  power=78.1W
[PID] perf=29.266Hz  target=10.446Hz  err=-18.820Hz  corr=-389.01W  u_ff=104.2W  PCAP→78W  power=79.3W
[PID] perf=29.279Hz  target=10.446Hz  err=-18.833Hz  corr=-389.25W  u_ff=104.2W  PCAP→78W  power=78.7W
[PID] perf=29.220Hz  target=10.446Hz  err=-18.773Hz  corr=-388.14W  u_ff=104.2W  PCAP→78W  power=77.1W
[PID] perf=29.286Hz  target=10.446Hz  err=-18.840Hz  corr=-389.38W  u_ff=104.2W  PCAP→78W  power=76.8W
[PID] perf=29.278Hz  target=10.446Hz  err=-18.831Hz  corr=-389.22W  u_ff=104.2W  PCAP→78W  power=78.8W
[PID] perf=29.294Hz  target=10.446Hz  err=-18.848Hz  corr=-389.52W  u_ff=104.2W  PCAP→78W  power=77.3W
[PID] perf=29.265Hz  target=10.446Hz  err=-18.818Hz  corr=-388.98W  u_ff=104.2W  PCAP→78W  power=77.1W
[PID] perf=29.319Hz  target=10.446Hz  err=-18.873Hz  corr=-389.99W  u_ff=104.2W  PCAP→78W  power=79.0W
[PID] perf=29.305Hz  target=10.446Hz  err=-18.859Hz  corr=-389.73W  u_ff=104.2W  PCAP→78W  power=77.7W
[PID] perf=29.291Hz  target=10.446Hz  err=-18.845Hz  corr=-389.47W  u_ff=104.2W  PCAP→78W  power=79.0W
[PID] perf=29.259Hz  target=10.446Hz  err=-18.813Hz  corr=-388.88W  u_ff=104.2W  PCAP→78W  power=78.3W
[PID] perf=29.260Hz  target=10.446Hz  err=-18.814Hz  corr=-388.90W  u_ff=104.2W  PCAP→78W  power=77.5W
[PID] perf=29.280Hz  target=10.446Hz  err=-18.834Hz  corr=-389.27W  u_ff=104.2W  PCAP→78W  power=78.6W
[PID] perf=29.270Hz  target=10.446Hz  err=-18.824Hz  corr=-389.08W  u_ff=104.2W  PCAP→78W  power=78.7W
[PID] perf=29.264Hz  target=10.446Hz  err=-18.818Hz  corr=-388.97W  u_ff=104.2W  PCAP→78W  power=76.7W
[PID] perf=29.274Hz  target=10.446Hz  err=-18.828Hz  corr=-389.15W  u_ff=104.2W  PCAP→78W  power=78.9W
[PID] perf=29.236Hz  target=10.446Hz  err=-18.789Hz  corr=-388.44W  u_ff=104.2W  PCAP→78W  power=77.2W
[PID] perf=29.269Hz  target=10.446Hz  err=-18.822Hz  corr=-389.05W  u_ff=104.2W  PCAP→78W  power=78.4W
[PID] perf=29.247Hz  target=10.446Hz  err=-18.800Hz  corr=-388.65W  u_ff=104.2W  PCAP→78W  power=78.8W
[PID] perf=29.256Hz  target=10.446Hz  err=-18.810Hz  corr=-388.82W  u_ff=104.2W  PCAP→78W  power=78.7W
[PID] perf=29.293Hz  target=10.446Hz  err=-18.846Hz  corr=-389.50W  u_ff=104.2W  PCAP→78W  power=78.9W
[PID] perf=29.248Hz  target=10.446Hz  err=-18.801Hz  corr=-388.67W  u_ff=104.2W  PCAP→78W  power=77.3W
[PID] perf=29.273Hz  target=10.446Hz  err=-18.826Hz  corr=-389.13W  u_ff=104.2W  PCAP→78W  power=76.9W
[PID] perf=29.236Hz  target=10.446Hz  err=-18.790Hz  corr=-388.45W  u_ff=104.2W  PCAP→78W  power=78.6W
[PID] perf=29.230Hz  target=10.446Hz  err=-18.784Hz  corr=-388.34W  u_ff=104.2W  PCAP→78W  power=78.7W
[PID] perf=29.270Hz  target=10.446Hz  err=-18.823Hz  corr=-389.07W  u_ff=104.2W  PCAP→78W  power=78.0W
[PID] perf=29.242Hz  target=10.446Hz  err=-18.796Hz  corr=-388.57W  u_ff=104.2W  PCAP→78W  power=77.9W
[PID] perf=29.219Hz  target=10.446Hz  err=-18.773Hz  corr=-388.14W  u_ff=104.2W  PCAP→78W  power=76.7W
[PID] perf=29.275Hz  target=10.446Hz  err=-18.828Hz  corr=-389.16W  u_ff=104.2W  PCAP→78W  power=76.5W
[PID] perf=27.276Hz  target=10.446Hz  err=-16.829Hz  corr=-352.10W  u_ff=104.2W  PCAP→78W  power=78.6W
[PID] perf=27.854Hz  target=10.446Hz  err=-17.408Hz  corr=-362.82W  u_ff=104.2W  PCAP→78W  power=78.1W
[PID] perf=27.895Hz  target=10.446Hz  err=-17.449Hz  corr=-363.58W  u_ff=104.2W  PCAP→78W  power=77.8W
[PID] perf=27.901Hz  target=10.446Hz  err=-17.455Hz  corr=-363.70W  u_ff=104.2W  PCAP→78W  power=77.9W
[PID] perf=27.904Hz  target=10.446Hz  err=-17.457Hz  corr=-363.74W  u_ff=104.2W  PCAP→78W  power=78.4W
[PID] perf=27.913Hz  target=10.446Hz  err=-17.467Hz  corr=-363.91W  u_ff=104.2W  PCAP→78W  power=78.3W
[PID] perf=27.952Hz  target=10.446Hz  err=-17.506Hz  corr=-364.64W  u_ff=104.2W  PCAP→78W  power=78.7W
[PID] perf=27.956Hz  target=10.446Hz  err=-17.509Hz  corr=-364.71W  u_ff=104.2W  PCAP→78W  power=79.1W
[PID] perf=27.934Hz  target=10.446Hz  err=-17.488Hz  corr=-364.31W  u_ff=104.2W  PCAP→78W  power=79.5W
[PID] perf=27.940Hz  target=10.446Hz  err=-17.493Hz  corr=-364.40W  u_ff=104.2W  PCAP→78W  power=78.1W
[PID] perf=27.945Hz  target=10.446Hz  err=-17.498Hz  corr=-364.50W  u_ff=104.2W  PCAP→78W  power=78.9W
[PID] perf=27.900Hz  target=10.446Hz  err=-17.453Hz  corr=-363.67W  u_ff=104.2W  PCAP→78W  power=78.2W
[PID] perf=27.912Hz  target=10.446Hz  err=-17.465Hz  corr=-363.89W  u_ff=104.2W  PCAP→78W  power=78.9W
[PID] perf=27.904Hz  target=10.446Hz  err=-17.457Hz  corr=-363.74W  u_ff=104.2W  PCAP→78W  power=79.1W
[PID] perf=27.906Hz  target=10.446Hz  err=-17.459Hz  corr=-363.78W  u_ff=104.2W  PCAP→78W  power=78.2W
[PID] perf=27.919Hz  target=10.446Hz  err=-17.472Hz  corr=-364.01W  u_ff=104.2W  PCAP→78W  power=79.1W
[PID] perf=27.928Hz  target=10.446Hz  err=-17.481Hz  corr=-364.19W  u_ff=104.2W  PCAP→78W  power=79.4W
[PID] perf=27.931Hz  target=10.446Hz  err=-17.485Hz  corr=-364.25W  u_ff=104.2W  PCAP→78W  power=79.1W
[PID] perf=27.916Hz  target=10.446Hz  err=-17.469Hz  corr=-363.96W  u_ff=104.2W  PCAP→78W  power=78.3W
[PID] perf=27.921Hz  target=10.446Hz  err=-17.475Hz  corr=-364.06W  u_ff=104.2W  PCAP→78W  power=78.0W
[PID] perf=27.937Hz  target=10.446Hz  err=-17.491Hz  corr=-364.36W  u_ff=104.2W  PCAP→78W  power=77.0W
[PID] perf=27.893Hz  target=10.446Hz  err=-17.446Hz  corr=-363.54W  u_ff=104.2W  PCAP→78W  power=76.5W
[PID] perf=27.927Hz  target=10.446Hz  err=-17.481Hz  corr=-364.17W  u_ff=104.2W  PCAP→78W  power=77.1W
[PID] perf=27.912Hz  target=10.446Hz  err=-17.465Hz  corr=-363.89W  u_ff=104.2W  PCAP→78W  power=78.7W
[PID] perf=27.963Hz  target=10.446Hz  err=-17.517Hz  corr=-364.84W  u_ff=104.2W  PCAP→78W  power=79.0W
[PID] perf=27.933Hz  target=10.446Hz  err=-17.486Hz  corr=-364.28W  u_ff=104.2W  PCAP→78W  power=78.6W
[PID] perf=27.951Hz  target=10.446Hz  err=-17.504Hz  corr=-364.61W  u_ff=104.2W  PCAP→78W  power=77.5W
[PID] perf=27.934Hz  target=10.446Hz  err=-17.487Hz  corr=-364.29W  u_ff=104.2W  PCAP→78W  power=76.5W
[PID] perf=27.913Hz  target=10.446Hz  err=-17.466Hz  corr=-363.91W  u_ff=104.2W  PCAP→78W  power=76.9W
[PID] perf=27.923Hz  target=10.446Hz  err=-17.477Hz  corr=-364.10W  u_ff=104.2W  PCAP→78W  power=76.9W
[PID] perf=27.924Hz  target=10.446Hz  err=-17.478Hz  corr=-364.12W  u_ff=104.2W  PCAP→78W  power=76.2W
[PID] perf=27.909Hz  target=10.446Hz  err=-17.463Hz  corr=-363.84W  u_ff=104.2W  PCAP→78W  power=76.8W
[PID] perf=27.894Hz  target=10.446Hz  err=-17.447Hz  corr=-363.55W  u_ff=104.2W  PCAP→78W  power=76.4W
[PID] perf=27.924Hz  target=10.446Hz  err=-17.478Hz  corr=-364.12W  u_ff=104.2W  PCAP→78W  power=79.0W
[PID] perf=27.970Hz  target=10.446Hz  err=-17.524Hz  corr=-364.97W  u_ff=104.2W  PCAP→78W  power=77.0W
[PID] perf=27.927Hz  target=10.446Hz  err=-17.480Hz  corr=-364.16W  u_ff=104.2W  PCAP→78W  power=77.8W
[PID] perf=27.898Hz  target=10.446Hz  err=-17.451Hz  corr=-363.63W  u_ff=104.2W  PCAP→78W  power=78.4W
[PID] perf=27.902Hz  target=10.446Hz  err=-17.456Hz  corr=-363.71W  u_ff=104.2W  PCAP→78W  power=77.6W
[PID] perf=27.931Hz  target=10.446Hz  err=-17.485Hz  corr=-364.25W  u_ff=104.2W  PCAP→78W  power=77.3W
Process completed.
Compressed into /home/cc/summer2024/main_codes/pid_controller/../experiment_data/PID_Control_sweep/ones-npb-cg/compressed_iteration_20260513_102247.tar
----------------------------------

>>> Step 2/3

[ones-npb-cg]
  target perf      : 10.4464 Hz
  coefficients_perf: [-0.0006547837485238978, 0.18607436314256556, -1.8317688501798497]
  feedforward PCAP : 104.17 W  →  107 W (snapped)
  Perf(u_ff) check : 10.4464 Hz  (should ≈ target)
  PID gains        : Kp=18.5447 W/Hz  Ki=1.85447 W/(Hz·s)  Kd=0.0000
[PID] Awaiting data — feedforward PCAP=107W
[PID] Awaiting data — feedforward PCAP=107W
[PID] Awaiting data — feedforward PCAP=107W
[PID] Awaiting data — feedforward PCAP=107W
[PID] Awaiting data — feedforward PCAP=107W
[PID] Awaiting data — feedforward PCAP=107W
[PID] perf=20.214Hz  target=10.446Hz  err=-9.768Hz  corr=-217.37W  u_ff=104.2W  PCAP→78W  power=nanW
[PID] perf=18.112Hz  target=10.446Hz  err=-7.665Hz  corr=-182.15W  u_ff=104.2W  PCAP→78W  power=77.6W
[PID] perf=18.169Hz  target=10.446Hz  err=-7.723Hz  corr=-183.22W  u_ff=104.2W  PCAP→78W  power=77.9W
[PID] perf=18.170Hz  target=10.446Hz  err=-7.724Hz  corr=-183.23W  u_ff=104.2W  PCAP→78W  power=79.2W
[PID] perf=18.155Hz  target=10.446Hz  err=-7.708Hz  corr=-182.94W  u_ff=104.2W  PCAP→78W  power=77.8W
[PID] perf=18.149Hz  target=10.446Hz  err=-7.703Hz  corr=-182.85W  u_ff=104.2W  PCAP→78W  power=78.8W
[PID] perf=18.169Hz  target=10.446Hz  err=-7.722Hz  corr=-183.21W  u_ff=104.2W  PCAP→78W  power=77.7W
[PID] perf=18.157Hz  target=10.446Hz  err=-7.710Hz  corr=-182.99W  u_ff=104.2W  PCAP→78W  power=79.1W
[PID] perf=18.155Hz  target=10.446Hz  err=-7.709Hz  corr=-182.96W  u_ff=104.2W  PCAP→78W  power=77.3W
[PID] perf=18.164Hz  target=10.446Hz  err=-7.717Hz  corr=-183.12W  u_ff=104.2W  PCAP→78W  power=77.7W
[PID] perf=18.138Hz  target=10.446Hz  err=-7.692Hz  corr=-182.64W  u_ff=104.2W  PCAP→78W  power=77.4W
[PID] perf=18.126Hz  target=10.446Hz  err=-7.680Hz  corr=-182.42W  u_ff=104.2W  PCAP→78W  power=78.9W
[PID] perf=18.156Hz  target=10.446Hz  err=-7.709Hz  corr=-182.96W  u_ff=104.2W  PCAP→78W  power=78.0W
[PID] perf=24.269Hz  target=10.446Hz  err=-13.822Hz  corr=-296.33W  u_ff=104.2W  PCAP→78W  power=77.4W
[PID] perf=29.093Hz  target=10.446Hz  err=-18.647Hz  corr=-385.80W  u_ff=104.2W  PCAP→78W  power=79.0W
[PID] perf=29.239Hz  target=10.446Hz  err=-18.792Hz  corr=-388.50W  u_ff=104.2W  PCAP→78W  power=76.3W
[PID] perf=29.266Hz  target=10.446Hz  err=-18.819Hz  corr=-389.00W  u_ff=104.2W  PCAP→78W  power=76.7W
[PID] perf=29.254Hz  target=10.446Hz  err=-18.808Hz  corr=-388.79W  u_ff=104.2W  PCAP→78W  power=78.7W
[PID] perf=29.252Hz  target=10.446Hz  err=-18.806Hz  corr=-388.75W  u_ff=104.2W  PCAP→78W  power=79.3W
[PID] perf=29.258Hz  target=10.446Hz  err=-18.811Hz  corr=-388.85W  u_ff=104.2W  PCAP→78W  power=76.7W
[PID] perf=29.247Hz  target=10.446Hz  err=-18.800Hz  corr=-388.65W  u_ff=104.2W  PCAP→78W  power=77.6W
[PID] perf=29.255Hz  target=10.446Hz  err=-18.809Hz  corr=-388.80W  u_ff=104.2W  PCAP→78W  power=79.3W
[PID] perf=29.264Hz  target=10.446Hz  err=-18.818Hz  corr=-388.97W  u_ff=104.2W  PCAP→78W  power=77.3W
[PID] perf=29.260Hz  target=10.446Hz  err=-18.813Hz  corr=-388.89W  u_ff=104.2W  PCAP→78W  power=78.7W
[PID] perf=29.262Hz  target=10.446Hz  err=-18.816Hz  corr=-388.93W  u_ff=104.2W  PCAP→78W  power=77.8W
[PID] perf=29.252Hz  target=10.446Hz  err=-18.805Hz  corr=-388.74W  u_ff=104.2W  PCAP→78W  power=77.7W
[PID] perf=29.237Hz  target=10.446Hz  err=-18.790Hz  corr=-388.46W  u_ff=104.2W  PCAP→78W  power=76.2W
[PID] perf=29.237Hz  target=10.446Hz  err=-18.790Hz  corr=-388.46W  u_ff=104.2W  PCAP→78W  power=77.7W
[PID] perf=29.277Hz  target=10.446Hz  err=-18.831Hz  corr=-389.21W  u_ff=104.2W  PCAP→78W  power=79.2W
[PID] perf=29.239Hz  target=10.446Hz  err=-18.793Hz  corr=-388.51W  u_ff=104.2W  PCAP→78W  power=79.2W
[PID] perf=29.226Hz  target=10.446Hz  err=-18.779Hz  corr=-388.25W  u_ff=104.2W  PCAP→78W  power=76.2W
[PID] perf=29.262Hz  target=10.446Hz  err=-18.816Hz  corr=-388.93W  u_ff=104.2W  PCAP→78W  power=76.7W
[PID] perf=29.220Hz  target=10.446Hz  err=-18.774Hz  corr=-388.16W  u_ff=104.2W  PCAP→78W  power=79.4W
[PID] perf=29.256Hz  target=10.446Hz  err=-18.810Hz  corr=-388.82W  u_ff=104.2W  PCAP→78W  power=78.7W
[PID] perf=29.206Hz  target=10.446Hz  err=-18.759Hz  corr=-387.88W  u_ff=104.2W  PCAP→78W  power=78.7W
[PID] perf=29.226Hz  target=10.446Hz  err=-18.779Hz  corr=-388.26W  u_ff=104.2W  PCAP→78W  power=78.8W
[PID] perf=29.253Hz  target=10.446Hz  err=-18.807Hz  corr=-388.76W  u_ff=104.2W  PCAP→78W  power=77.2W
[PID] perf=29.272Hz  target=10.446Hz  err=-18.825Hz  corr=-389.11W  u_ff=104.2W  PCAP→78W  power=77.0W
[PID] perf=29.249Hz  target=10.446Hz  err=-18.802Hz  corr=-388.69W  u_ff=104.2W  PCAP→78W  power=79.4W
[PID] perf=29.267Hz  target=10.446Hz  err=-18.821Hz  corr=-389.03W  u_ff=104.2W  PCAP→78W  power=78.8W
[PID] perf=29.252Hz  target=10.446Hz  err=-18.805Hz  corr=-388.74W  u_ff=104.2W  PCAP→78W  power=76.2W
[PID] perf=29.255Hz  target=10.446Hz  err=-18.809Hz  corr=-388.81W  u_ff=104.2W  PCAP→78W  power=78.6W
[PID] perf=29.226Hz  target=10.446Hz  err=-18.779Hz  corr=-388.26W  u_ff=104.2W  PCAP→78W  power=79.0W
[PID] perf=29.262Hz  target=10.446Hz  err=-18.816Hz  corr=-388.93W  u_ff=104.2W  PCAP→78W  power=78.5W
[PID] perf=29.248Hz  target=10.446Hz  err=-18.801Hz  corr=-388.66W  u_ff=104.2W  PCAP→78W  power=78.7W
[PID] perf=29.215Hz  target=10.446Hz  err=-18.769Hz  corr=-388.06W  u_ff=104.2W  PCAP→78W  power=78.3W
[PID] perf=29.252Hz  target=10.446Hz  err=-18.805Hz  corr=-388.74W  u_ff=104.2W  PCAP→78W  power=77.2W
[PID] perf=29.274Hz  target=10.446Hz  err=-18.828Hz  corr=-389.16W  u_ff=104.2W  PCAP→78W  power=78.8W
[PID] perf=29.248Hz  target=10.446Hz  err=-18.802Hz  corr=-388.67W  u_ff=104.2W  PCAP→78W  power=78.1W
[PID] perf=29.251Hz  target=10.446Hz  err=-18.804Hz  corr=-388.72W  u_ff=104.2W  PCAP→78W  power=76.4W
[PID] perf=29.266Hz  target=10.446Hz  err=-18.820Hz  corr=-389.01W  u_ff=104.2W  PCAP→78W  power=76.6W
[PID] perf=29.260Hz  target=10.446Hz  err=-18.813Hz  corr=-388.88W  u_ff=104.2W  PCAP→78W  power=78.5W
[PID] perf=29.294Hz  target=10.446Hz  err=-18.847Hz  corr=-389.51W  u_ff=104.2W  PCAP→78W  power=78.9W
[PID] perf=29.285Hz  target=10.446Hz  err=-18.839Hz  corr=-389.36W  u_ff=104.2W  PCAP→78W  power=77.8W
[PID] perf=29.304Hz  target=10.446Hz  err=-18.858Hz  corr=-389.71W  u_ff=104.2W  PCAP→78W  power=76.9W
[PID] perf=29.289Hz  target=10.446Hz  err=-18.842Hz  corr=-389.43W  u_ff=104.2W  PCAP→78W  power=78.0W
[PID] perf=29.238Hz  target=10.446Hz  err=-18.792Hz  corr=-388.48W  u_ff=104.2W  PCAP→78W  power=79.1W
[PID] perf=29.262Hz  target=10.446Hz  err=-18.815Hz  corr=-388.92W  u_ff=104.2W  PCAP→78W  power=77.3W
[PID] perf=29.245Hz  target=10.446Hz  err=-18.798Hz  corr=-388.61W  u_ff=104.2W  PCAP→78W  power=76.9W
[PID] perf=29.262Hz  target=10.446Hz  err=-18.815Hz  corr=-388.92W  u_ff=104.2W  PCAP→78W  power=78.3W
[PID] perf=29.241Hz  target=10.446Hz  err=-18.795Hz  corr=-388.54W  u_ff=104.2W  PCAP→78W  power=79.3W
[PID] perf=29.268Hz  target=10.446Hz  err=-18.822Hz  corr=-389.05W  u_ff=104.2W  PCAP→78W  power=78.1W
[PID] perf=29.307Hz  target=10.446Hz  err=-18.860Hz  corr=-389.76W  u_ff=104.2W  PCAP→78W  power=78.2W
[PID] perf=29.307Hz  target=10.446Hz  err=-18.861Hz  corr=-389.77W  u_ff=104.2W  PCAP→78W  power=77.1W
[PID] perf=29.306Hz  target=10.446Hz  err=-18.860Hz  corr=-389.75W  u_ff=104.2W  PCAP→78W  power=78.9W
[PID] perf=29.317Hz  target=10.446Hz  err=-18.870Hz  corr=-389.94W  u_ff=104.2W  PCAP→78W  power=78.2W
[PID] perf=29.315Hz  target=10.446Hz  err=-18.869Hz  corr=-389.92W  u_ff=104.2W  PCAP→78W  power=79.0W
[PID] perf=29.335Hz  target=10.446Hz  err=-18.889Hz  corr=-390.29W  u_ff=104.2W  PCAP→78W  power=77.5W
[PID] perf=29.318Hz  target=10.446Hz  err=-18.872Hz  corr=-389.98W  u_ff=104.2W  PCAP→78W  power=76.3W
[PID] perf=29.325Hz  target=10.446Hz  err=-18.879Hz  corr=-390.10W  u_ff=104.2W  PCAP→78W  power=76.3W
[PID] perf=29.330Hz  target=10.446Hz  err=-18.884Hz  corr=-390.19W  u_ff=104.2W  PCAP→78W  power=77.0W
[PID] perf=29.288Hz  target=10.446Hz  err=-18.842Hz  corr=-389.42W  u_ff=104.2W  PCAP→78W  power=76.9W
[PID] perf=29.252Hz  target=10.446Hz  err=-18.805Hz  corr=-388.74W  u_ff=104.2W  PCAP→78W  power=76.6W
[PID] perf=29.237Hz  target=10.446Hz  err=-18.791Hz  corr=-388.47W  u_ff=104.2W  PCAP→78W  power=78.9W
[PID] perf=29.252Hz  target=10.446Hz  err=-18.805Hz  corr=-388.74W  u_ff=104.2W  PCAP→78W  power=78.9W
[PID] perf=29.336Hz  target=10.446Hz  err=-18.890Hz  corr=-390.30W  u_ff=104.2W  PCAP→78W  power=78.7W
[PID] perf=29.299Hz  target=10.446Hz  err=-18.852Hz  corr=-389.61W  u_ff=104.2W  PCAP→78W  power=77.1W
[PID] perf=27.507Hz  target=10.446Hz  err=-17.061Hz  corr=-356.38W  u_ff=104.2W  PCAP→78W  power=77.7W
[PID] perf=29.302Hz  target=10.446Hz  err=-18.856Hz  corr=-389.67W  u_ff=104.2W  PCAP→78W  power=77.1W
[PID] perf=29.312Hz  target=10.446Hz  err=-18.865Hz  corr=-389.85W  u_ff=104.2W  PCAP→78W  power=77.1W
[PID] perf=29.314Hz  target=10.446Hz  err=-18.867Hz  corr=-389.89W  u_ff=104.2W  PCAP→78W  power=76.2W
[PID] perf=29.318Hz  target=10.446Hz  err=-18.871Hz  corr=-389.96W  u_ff=104.2W  PCAP→78W  power=78.1W
[PID] perf=29.319Hz  target=10.446Hz  err=-18.872Hz  corr=-389.98W  u_ff=104.2W  PCAP→78W  power=77.1W
[PID] perf=29.321Hz  target=10.446Hz  err=-18.875Hz  corr=-390.03W  u_ff=104.2W  PCAP→78W  power=77.1W
[PID] perf=29.315Hz  target=10.446Hz  err=-18.868Hz  corr=-389.91W  u_ff=104.2W  PCAP→78W  power=77.0W
[PID] perf=29.319Hz  target=10.446Hz  err=-18.872Hz  corr=-389.98W  u_ff=104.2W  PCAP→78W  power=78.1W
[PID] perf=29.290Hz  target=10.446Hz  err=-18.843Hz  corr=-389.44W  u_ff=104.2W  PCAP→78W  power=76.6W
[PID] perf=29.329Hz  target=10.446Hz  err=-18.883Hz  corr=-390.18W  u_ff=104.2W  PCAP→78W  power=77.6W
[PID] perf=29.319Hz  target=10.446Hz  err=-18.872Hz  corr=-389.98W  u_ff=104.2W  PCAP→78W  power=78.4W
[PID] perf=29.313Hz  target=10.446Hz  err=-18.866Hz  corr=-389.87W  u_ff=104.2W  PCAP→78W  power=78.8W
[PID] perf=29.288Hz  target=10.446Hz  err=-18.842Hz  corr=-389.42W  u_ff=104.2W  PCAP→78W  power=79.1W
[PID] perf=29.318Hz  target=10.446Hz  err=-18.872Hz  corr=-389.97W  u_ff=104.2W  PCAP→78W  power=76.7W
[PID] perf=29.307Hz  target=10.446Hz  err=-18.861Hz  corr=-389.77W  u_ff=104.2W  PCAP→78W  power=76.2W
[PID] perf=29.336Hz  target=10.446Hz  err=-18.889Hz  corr=-390.30W  u_ff=104.2W  PCAP→78W  power=77.7W
[PID] perf=29.326Hz  target=10.446Hz  err=-18.879Hz  corr=-390.11W  u_ff=104.2W  PCAP→78W  power=77.8W
[PID] perf=29.293Hz  target=10.446Hz  err=-18.847Hz  corr=-389.51W  u_ff=104.2W  PCAP→78W  power=79.0W
[PID] perf=29.337Hz  target=10.446Hz  err=-18.891Hz  corr=-390.32W  u_ff=104.2W  PCAP→78W  power=79.3W
[PID] perf=29.345Hz  target=10.446Hz  err=-18.898Hz  corr=-390.46W  u_ff=104.2W  PCAP→78W  power=79.2W
[PID] perf=29.319Hz  target=10.446Hz  err=-18.873Hz  corr=-389.99W  u_ff=104.2W  PCAP→78W  power=79.1W
[PID] perf=29.303Hz  target=10.446Hz  err=-18.856Hz  corr=-389.68W  u_ff=104.2W  PCAP→78W  power=78.0W
[PID] perf=29.252Hz  target=10.446Hz  err=-18.805Hz  corr=-388.74W  u_ff=104.2W  PCAP→78W  power=79.2W
[PID] perf=29.316Hz  target=10.446Hz  err=-18.869Hz  corr=-389.93W  u_ff=104.2W  PCAP→78W  power=78.9W
[PID] perf=29.270Hz  target=10.446Hz  err=-18.824Hz  corr=-389.08W  u_ff=104.2W  PCAP→78W  power=78.7W
[PID] perf=29.295Hz  target=10.446Hz  err=-18.848Hz  corr=-389.54W  u_ff=104.2W  PCAP→78W  power=77.7W
[PID] perf=29.355Hz  target=10.446Hz  err=-18.909Hz  corr=-390.66W  u_ff=104.2W  PCAP→78W  power=77.2W
[PID] perf=29.379Hz  target=10.446Hz  err=-18.933Hz  corr=-391.11W  u_ff=104.2W  PCAP→78W  power=79.1W
[PID] perf=29.366Hz  target=10.446Hz  err=-18.920Hz  corr=-390.86W  u_ff=104.2W  PCAP→78W  power=76.2W
[PID] perf=29.329Hz  target=10.446Hz  err=-18.882Hz  corr=-390.16W  u_ff=104.2W  PCAP→78W  power=76.9W
[PID] perf=29.312Hz  target=10.446Hz  err=-18.865Hz  corr=-389.85W  u_ff=104.2W  PCAP→78W  power=77.9W
[PID] perf=29.315Hz  target=10.446Hz  err=-18.868Hz  corr=-389.91W  u_ff=104.2W  PCAP→78W  power=77.1W
[PID] perf=29.344Hz  target=10.446Hz  err=-18.897Hz  corr=-390.44W  u_ff=104.2W  PCAP→78W  power=78.3W
[PID] perf=29.372Hz  target=10.446Hz  err=-18.926Hz  corr=-390.98W  u_ff=104.2W  PCAP→78W  power=78.5W
[PID] perf=29.340Hz  target=10.446Hz  err=-18.894Hz  corr=-390.38W  u_ff=104.2W  PCAP→78W  power=77.0W
[PID] perf=29.324Hz  target=10.446Hz  err=-18.877Hz  corr=-390.07W  u_ff=104.2W  PCAP→78W  power=76.2W
[PID] perf=29.337Hz  target=10.446Hz  err=-18.891Hz  corr=-390.32W  u_ff=104.2W  PCAP→78W  power=78.5W
[PID] perf=29.351Hz  target=10.446Hz  err=-18.904Hz  corr=-390.58W  u_ff=104.2W  PCAP→78W  power=76.9W
[PID] perf=29.382Hz  target=10.446Hz  err=-18.935Hz  corr=-391.15W  u_ff=104.2W  PCAP→78W  power=78.5W
[PID] perf=29.379Hz  target=10.446Hz  err=-18.932Hz  corr=-391.10W  u_ff=104.2W  PCAP→78W  power=78.6W
[PID] perf=29.337Hz  target=10.446Hz  err=-18.891Hz  corr=-390.32W  u_ff=104.2W  PCAP→78W  power=78.3W
[PID] perf=29.369Hz  target=10.446Hz  err=-18.923Hz  corr=-390.92W  u_ff=104.2W  PCAP→78W  power=77.8W
[PID] perf=29.383Hz  target=10.446Hz  err=-18.936Hz  corr=-391.17W  u_ff=104.2W  PCAP→78W  power=77.9W
[PID] perf=29.362Hz  target=10.446Hz  err=-18.915Hz  corr=-390.78W  u_ff=104.2W  PCAP→78W  power=78.7W
[PID] perf=29.294Hz  target=10.446Hz  err=-18.848Hz  corr=-389.53W  u_ff=104.2W  PCAP→78W  power=76.3W
[PID] perf=29.332Hz  target=10.446Hz  err=-18.885Hz  corr=-390.22W  u_ff=104.2W  PCAP→78W  power=77.2W
[PID] perf=29.339Hz  target=10.446Hz  err=-18.893Hz  corr=-390.36W  u_ff=104.2W  PCAP→78W  power=78.5W
[PID] perf=29.289Hz  target=10.446Hz  err=-18.843Hz  corr=-389.43W  u_ff=104.2W  PCAP→78W  power=79.0W
[PID] perf=29.322Hz  target=10.446Hz  err=-18.875Hz  corr=-390.03W  u_ff=104.2W  PCAP→78W  power=78.9W
[PID] perf=29.315Hz  target=10.446Hz  err=-18.868Hz  corr=-389.90W  u_ff=104.2W  PCAP→78W  power=79.1W
[PID] perf=29.337Hz  target=10.446Hz  err=-18.890Hz  corr=-390.32W  u_ff=104.2W  PCAP→78W  power=78.7W
[PID] perf=29.328Hz  target=10.446Hz  err=-18.882Hz  corr=-390.16W  u_ff=104.2W  PCAP→78W  power=79.3W
[PID] perf=29.267Hz  target=10.446Hz  err=-18.820Hz  corr=-389.01W  u_ff=104.2W  PCAP→78W  power=79.2W
[PID] perf=29.320Hz  target=10.446Hz  err=-18.873Hz  corr=-390.00W  u_ff=104.2W  PCAP→78W  power=78.6W
[PID] perf=29.280Hz  target=10.446Hz  err=-18.834Hz  corr=-389.26W  u_ff=104.2W  PCAP→78W  power=78.2W
[PID] perf=29.306Hz  target=10.446Hz  err=-18.859Hz  corr=-389.74W  u_ff=104.2W  PCAP→78W  power=76.8W
[PID] perf=29.282Hz  target=10.446Hz  err=-18.835Hz  corr=-389.29W  u_ff=104.2W  PCAP→78W  power=77.7W
[PID] perf=29.290Hz  target=10.446Hz  err=-18.843Hz  corr=-389.45W  u_ff=104.2W  PCAP→78W  power=76.5W
[PID] perf=29.307Hz  target=10.446Hz  err=-18.861Hz  corr=-389.77W  u_ff=104.2W  PCAP→78W  power=77.3W
[PID] perf=29.282Hz  target=10.446Hz  err=-18.835Hz  corr=-389.30W  u_ff=104.2W  PCAP→78W  power=76.8W
[PID] perf=29.347Hz  target=10.446Hz  err=-18.901Hz  corr=-390.51W  u_ff=104.2W  PCAP→78W  power=77.3W
[PID] perf=29.320Hz  target=10.446Hz  err=-18.874Hz  corr=-390.01W  u_ff=104.2W  PCAP→78W  power=78.8W
[PID] perf=27.536Hz  target=10.446Hz  err=-17.090Hz  corr=-356.93W  u_ff=104.2W  PCAP→78W  power=77.5W
[PID] perf=27.587Hz  target=10.446Hz  err=-17.141Hz  corr=-357.87W  u_ff=104.2W  PCAP→78W  power=77.5W
[PID] perf=27.637Hz  target=10.446Hz  err=-17.191Hz  corr=-358.80W  u_ff=104.2W  PCAP→78W  power=77.2W
[PID] perf=27.615Hz  target=10.446Hz  err=-17.169Hz  corr=-358.39W  u_ff=104.2W  PCAP→78W  power=76.9W
[PID] perf=27.631Hz  target=10.446Hz  err=-17.185Hz  corr=-358.69W  u_ff=104.2W  PCAP→78W  power=76.2W
[PID] perf=27.658Hz  target=10.446Hz  err=-17.212Hz  corr=-359.19W  u_ff=104.2W  PCAP→78W  power=78.8W
[PID] perf=27.627Hz  target=10.446Hz  err=-17.181Hz  corr=-358.61W  u_ff=104.2W  PCAP→78W  power=78.7W
[PID] perf=27.641Hz  target=10.446Hz  err=-17.195Hz  corr=-358.87W  u_ff=104.2W  PCAP→78W  power=78.0W
[PID] perf=29.251Hz  target=10.446Hz  err=-18.805Hz  corr=-388.73W  u_ff=104.2W  PCAP→78W  power=78.5W
[PID] perf=29.285Hz  target=10.446Hz  err=-18.838Hz  corr=-389.35W  u_ff=104.2W  PCAP→78W  power=79.3W
[PID] perf=29.289Hz  target=10.446Hz  err=-18.842Hz  corr=-389.42W  u_ff=104.2W  PCAP→78W  power=79.0W
[PID] perf=29.267Hz  target=10.446Hz  err=-18.821Hz  corr=-389.03W  u_ff=104.2W  PCAP→78W  power=77.7W
[PID] perf=29.276Hz  target=10.446Hz  err=-18.830Hz  corr=-389.19W  u_ff=104.2W  PCAP→78W  power=79.1W
[PID] perf=29.256Hz  target=10.446Hz  err=-18.810Hz  corr=-388.83W  u_ff=104.2W  PCAP→78W  power=79.4W
[PID] perf=29.324Hz  target=10.446Hz  err=-18.878Hz  corr=-390.09W  u_ff=104.2W  PCAP→78W  power=77.0W
[PID] perf=29.285Hz  target=10.446Hz  err=-18.838Hz  corr=-389.35W  u_ff=104.2W  PCAP→78W  power=79.2W
[PID] perf=29.322Hz  target=10.446Hz  err=-18.875Hz  corr=-390.03W  u_ff=104.2W  PCAP→78W  power=78.6W
[PID] perf=29.312Hz  target=10.446Hz  err=-18.866Hz  corr=-389.86W  u_ff=104.2W  PCAP→78W  power=78.2W
[PID] perf=29.288Hz  target=10.446Hz  err=-18.841Hz  corr=-389.40W  u_ff=104.2W  PCAP→78W  power=79.2W
[PID] perf=29.312Hz  target=10.446Hz  err=-18.865Hz  corr=-389.85W  u_ff=104.2W  PCAP→78W  power=78.4W
[PID] perf=29.299Hz  target=10.446Hz  err=-18.852Hz  corr=-389.61W  u_ff=104.2W  PCAP→78W  power=78.7W
[PID] perf=29.331Hz  target=10.446Hz  err=-18.885Hz  corr=-390.21W  u_ff=104.2W  PCAP→78W  power=79.3W
[PID] perf=29.265Hz  target=10.446Hz  err=-18.818Hz  corr=-388.98W  u_ff=104.2W  PCAP→78W  power=79.2W
[PID] perf=29.300Hz  target=10.446Hz  err=-18.853Hz  corr=-389.63W  u_ff=104.2W  PCAP→78W  power=77.9W
[PID] perf=29.323Hz  target=10.446Hz  err=-18.876Hz  corr=-390.06W  u_ff=104.2W  PCAP→78W  power=78.6W
[PID] perf=29.341Hz  target=10.446Hz  err=-18.894Hz  corr=-390.39W  u_ff=104.2W  PCAP→78W  power=77.8W
[PID] perf=29.337Hz  target=10.446Hz  err=-18.891Hz  corr=-390.33W  u_ff=104.2W  PCAP→78W  power=78.3W
[PID] perf=29.317Hz  target=10.446Hz  err=-18.870Hz  corr=-389.94W  u_ff=104.2W  PCAP→78W  power=78.3W
[PID] perf=29.277Hz  target=10.446Hz  err=-18.830Hz  corr=-389.20W  u_ff=104.2W  PCAP→78W  power=78.1W
[PID] perf=29.323Hz  target=10.446Hz  err=-18.876Hz  corr=-390.06W  u_ff=104.2W  PCAP→78W  power=79.3W
[PID] perf=29.326Hz  target=10.446Hz  err=-18.879Hz  corr=-390.11W  u_ff=104.2W  PCAP→78W  power=78.7W
[PID] perf=29.300Hz  target=10.446Hz  err=-18.853Hz  corr=-389.63W  u_ff=104.2W  PCAP→78W  power=77.2W
[PID] perf=29.292Hz  target=10.446Hz  err=-18.846Hz  corr=-389.49W  u_ff=104.2W  PCAP→78W  power=76.3W
[PID] perf=29.292Hz  target=10.446Hz  err=-18.845Hz  corr=-389.48W  u_ff=104.2W  PCAP→78W  power=76.8W
[PID] perf=29.288Hz  target=10.446Hz  err=-18.842Hz  corr=-389.41W  u_ff=104.2W  PCAP→78W  power=77.2W
[PID] perf=29.303Hz  target=10.446Hz  err=-18.856Hz  corr=-389.68W  u_ff=104.2W  PCAP→78W  power=76.5W
[PID] perf=29.092Hz  target=10.446Hz  err=-18.646Hz  corr=-385.78W  u_ff=104.2W  PCAP→78W  power=78.4W
[PID] perf=27.668Hz  target=10.446Hz  err=-17.222Hz  corr=-359.37W  u_ff=104.2W  PCAP→78W  power=77.1W
[PID] perf=27.692Hz  target=10.446Hz  err=-17.245Hz  corr=-359.81W  u_ff=104.2W  PCAP→78W  power=76.9W
[PID] perf=29.267Hz  target=10.446Hz  err=-18.820Hz  corr=-389.02W  u_ff=104.2W  PCAP→78W  power=79.0W
[PID] perf=29.290Hz  target=10.446Hz  err=-18.844Hz  corr=-389.45W  u_ff=104.2W  PCAP→78W  power=78.8W
[PID] perf=29.293Hz  target=10.446Hz  err=-18.847Hz  corr=-389.50W  u_ff=104.2W  PCAP→78W  power=76.2W
[PID] perf=29.273Hz  target=10.446Hz  err=-18.827Hz  corr=-389.13W  u_ff=104.2W  PCAP→78W  power=78.8W
[PID] perf=29.316Hz  target=10.446Hz  err=-18.869Hz  corr=-389.92W  u_ff=104.2W  PCAP→78W  power=78.9W
[PID] perf=29.306Hz  target=10.446Hz  err=-18.860Hz  corr=-389.75W  u_ff=104.2W  PCAP→78W  power=77.1W
[PID] perf=27.216Hz  target=10.446Hz  err=-16.770Hz  corr=-350.99W  u_ff=104.2W  PCAP→78W  power=76.4W
[PID] perf=27.279Hz  target=10.446Hz  err=-16.833Hz  corr=-352.16W  u_ff=104.2W  PCAP→78W  power=77.8W
[PID] perf=27.287Hz  target=10.446Hz  err=-16.840Hz  corr=-352.30W  u_ff=104.2W  PCAP→78W  power=78.3W
[PID] perf=27.272Hz  target=10.446Hz  err=-16.826Hz  corr=-352.03W  u_ff=104.2W  PCAP→78W  power=78.5W
[PID] perf=27.266Hz  target=10.446Hz  err=-16.819Hz  corr=-351.91W  u_ff=104.2W  PCAP→78W  power=75.5W
[PID] perf=27.190Hz  target=10.446Hz  err=-16.744Hz  corr=-350.51W  u_ff=104.2W  PCAP→78W  power=76.8W
[PID] perf=27.216Hz  target=10.446Hz  err=-16.770Hz  corr=-350.99W  u_ff=104.2W  PCAP→78W  power=76.8W
[PID] perf=27.270Hz  target=10.446Hz  err=-16.823Hz  corr=-351.99W  u_ff=104.2W  PCAP→78W  power=78.6W
[PID] perf=27.251Hz  target=10.446Hz  err=-16.805Hz  corr=-351.64W  u_ff=104.2W  PCAP→78W  power=79.4W
[PID] perf=27.250Hz  target=10.446Hz  err=-16.804Hz  corr=-351.62W  u_ff=104.2W  PCAP→78W  power=78.0W
[PID] perf=27.295Hz  target=10.446Hz  err=-16.849Hz  corr=-352.45W  u_ff=104.2W  PCAP→78W  power=77.6W
[PID] perf=27.252Hz  target=10.446Hz  err=-16.806Hz  corr=-351.66W  u_ff=104.2W  PCAP→78W  power=78.7W
[PID] perf=27.243Hz  target=10.446Hz  err=-16.796Hz  corr=-351.48W  u_ff=104.2W  PCAP→78W  power=76.3W
[PID] perf=27.241Hz  target=10.446Hz  err=-16.795Hz  corr=-351.46W  u_ff=104.2W  PCAP→78W  power=78.1W
[PID] perf=27.208Hz  target=10.446Hz  err=-16.762Hz  corr=-350.84W  u_ff=104.2W  PCAP→78W  power=78.8W
[PID] perf=27.252Hz  target=10.446Hz  err=-16.805Hz  corr=-351.65W  u_ff=104.2W  PCAP→78W  power=79.1W
[PID] perf=27.227Hz  target=10.446Hz  err=-16.781Hz  corr=-351.19W  u_ff=104.2W  PCAP→78W  power=78.1W
[PID] perf=25.516Hz  target=10.446Hz  err=-15.069Hz  corr=-319.46W  u_ff=104.2W  PCAP→78W  power=77.1W
[PID] perf=25.609Hz  target=10.446Hz  err=-15.163Hz  corr=-321.19W  u_ff=104.2W  PCAP→78W  power=78.2W
[PID] perf=25.626Hz  target=10.446Hz  err=-15.180Hz  corr=-321.50W  u_ff=104.2W  PCAP→78W  power=78.4W
[PID] perf=25.647Hz  target=10.446Hz  err=-15.201Hz  corr=-321.89W  u_ff=104.2W  PCAP→78W  power=78.9W
[PID] perf=25.642Hz  target=10.446Hz  err=-15.196Hz  corr=-321.80W  u_ff=104.2W  PCAP→78W  power=76.3W
[PID] perf=25.621Hz  target=10.446Hz  err=-15.175Hz  corr=-321.41W  u_ff=104.2W  PCAP→78W  power=77.1W
[PID] perf=25.819Hz  target=10.446Hz  err=-15.373Hz  corr=-325.08W  u_ff=104.2W  PCAP→78W  power=77.7W
[PID] perf=25.858Hz  target=10.446Hz  err=-15.412Hz  corr=-325.81W  u_ff=104.2W  PCAP→78W  power=78.0W
[PID] perf=25.848Hz  target=10.446Hz  err=-15.401Hz  corr=-325.61W  u_ff=104.2W  PCAP→78W  power=77.9W
[PID] perf=25.830Hz  target=10.446Hz  err=-15.383Hz  corr=-325.28W  u_ff=104.2W  PCAP→78W  power=77.5W
[PID] perf=26.643Hz  target=10.446Hz  err=-16.197Hz  corr=-340.36W  u_ff=104.2W  PCAP→78W  power=77.6W
[PID] perf=26.729Hz  target=10.446Hz  err=-16.283Hz  corr=-341.96W  u_ff=104.2W  PCAP→78W  power=77.9W
[PID] perf=26.730Hz  target=10.446Hz  err=-16.283Hz  corr=-341.97W  u_ff=104.2W  PCAP→78W  power=79.0W
[PID] perf=26.726Hz  target=10.446Hz  err=-16.280Hz  corr=-341.91W  u_ff=104.2W  PCAP→78W  power=77.8W
[PID] perf=26.741Hz  target=10.446Hz  err=-16.294Hz  corr=-342.17W  u_ff=104.2W  PCAP→78W  power=77.0W
[PID] perf=26.740Hz  target=10.446Hz  err=-16.294Hz  corr=-342.16W  u_ff=104.2W  PCAP→78W  power=78.7W
[PID] perf=26.723Hz  target=10.446Hz  err=-16.276Hz  corr=-341.84W  u_ff=104.2W  PCAP→78W  power=79.0W
[PID] perf=26.677Hz  target=10.446Hz  err=-16.230Hz  corr=-340.99W  u_ff=104.2W  PCAP→78W  power=76.4W
[PID] perf=26.721Hz  target=10.446Hz  err=-16.274Hz  corr=-341.80W  u_ff=104.2W  PCAP→78W  power=77.3W
[PID] perf=26.752Hz  target=10.446Hz  err=-16.306Hz  corr=-342.38W  u_ff=104.2W  PCAP→78W  power=79.1W
[PID] perf=26.749Hz  target=10.446Hz  err=-16.303Hz  corr=-342.33W  u_ff=104.2W  PCAP→78W  power=78.7W
[PID] perf=26.733Hz  target=10.446Hz  err=-16.287Hz  corr=-342.03W  u_ff=104.2W  PCAP→78W  power=79.0W
[PID] perf=26.730Hz  target=10.446Hz  err=-16.284Hz  corr=-341.98W  u_ff=104.2W  PCAP→78W  power=77.6W
[PID] perf=26.710Hz  target=10.446Hz  err=-16.263Hz  corr=-341.60W  u_ff=104.2W  PCAP→78W  power=78.9W
[PID] perf=26.710Hz  target=10.446Hz  err=-16.263Hz  corr=-341.60W  u_ff=104.2W  PCAP→78W  power=79.0W
[PID] perf=25.452Hz  target=10.446Hz  err=-15.006Hz  corr=-318.28W  u_ff=104.2W  PCAP→78W  power=77.5W
[PID] perf=25.688Hz  target=10.446Hz  err=-15.241Hz  corr=-322.64W  u_ff=104.2W  PCAP→78W  power=76.0W
[PID] perf=25.717Hz  target=10.446Hz  err=-15.271Hz  corr=-323.19W  u_ff=104.2W  PCAP→78W  power=78.8W
[PID] perf=25.720Hz  target=10.446Hz  err=-15.274Hz  corr=-323.24W  u_ff=104.2W  PCAP→78W  power=77.6W
[PID] perf=25.728Hz  target=10.446Hz  err=-15.282Hz  corr=-323.40W  u_ff=104.2W  PCAP→78W  power=77.0W
[PID] perf=25.729Hz  target=10.446Hz  err=-15.282Hz  corr=-323.40W  u_ff=104.2W  PCAP→78W  power=79.0W
[PID] perf=25.727Hz  target=10.446Hz  err=-15.280Hz  corr=-323.37W  u_ff=104.2W  PCAP→78W  power=79.4W
[PID] perf=25.785Hz  target=10.446Hz  err=-15.339Hz  corr=-324.45W  u_ff=104.2W  PCAP→78W  power=78.0W
[PID] perf=25.801Hz  target=10.446Hz  err=-15.354Hz  corr=-324.74W  u_ff=104.2W  PCAP→78W  power=78.6W
[PID] perf=25.747Hz  target=10.446Hz  err=-15.301Hz  corr=-323.75W  u_ff=104.2W  PCAP→78W  power=77.1W
[PID] perf=25.762Hz  target=10.446Hz  err=-15.316Hz  corr=-324.03W  u_ff=104.2W  PCAP→78W  power=77.6W
[PID] perf=25.734Hz  target=10.446Hz  err=-15.287Hz  corr=-323.50W  u_ff=104.2W  PCAP→78W  power=79.0W
[PID] perf=25.738Hz  target=10.446Hz  err=-15.292Hz  corr=-323.58W  u_ff=104.2W  PCAP→78W  power=78.9W
[PID] perf=25.754Hz  target=10.446Hz  err=-15.308Hz  corr=-323.88W  u_ff=104.2W  PCAP→78W  power=77.6W
[PID] perf=25.765Hz  target=10.446Hz  err=-15.319Hz  corr=-324.08W  u_ff=104.2W  PCAP→78W  power=77.2W
[PID] perf=25.759Hz  target=10.446Hz  err=-15.312Hz  corr=-323.96W  u_ff=104.2W  PCAP→78W  power=77.3W
[PID] perf=25.774Hz  target=10.446Hz  err=-15.327Hz  corr=-324.24W  u_ff=104.2W  PCAP→78W  power=78.9W
[PID] perf=25.753Hz  target=10.446Hz  err=-15.307Hz  corr=-323.86W  u_ff=104.2W  PCAP→78W  power=79.1W
[PID] perf=25.781Hz  target=10.446Hz  err=-15.334Hz  corr=-324.37W  u_ff=104.2W  PCAP→78W  power=77.2W
[PID] perf=25.759Hz  target=10.446Hz  err=-15.312Hz  corr=-323.96W  u_ff=104.2W  PCAP→78W  power=78.8W
[PID] perf=25.787Hz  target=10.446Hz  err=-15.341Hz  corr=-324.49W  u_ff=104.2W  PCAP→78W  power=78.4W
[PID] perf=26.851Hz  target=10.446Hz  err=-16.405Hz  corr=-344.22W  u_ff=104.2W  PCAP→78W  power=77.0W
[PID] perf=26.905Hz  target=10.446Hz  err=-16.458Hz  corr=-345.21W  u_ff=104.2W  PCAP→78W  power=77.0W
[PID] perf=27.015Hz  target=10.446Hz  err=-16.569Hz  corr=-347.26W  u_ff=104.2W  PCAP→78W  power=77.1W
[PID] perf=27.009Hz  target=10.446Hz  err=-16.563Hz  corr=-347.15W  u_ff=104.2W  PCAP→78W  power=76.7W
[PID] perf=27.006Hz  target=10.446Hz  err=-16.560Hz  corr=-347.10W  u_ff=104.2W  PCAP→78W  power=78.7W
[PID] perf=26.992Hz  target=10.446Hz  err=-16.546Hz  corr=-346.83W  u_ff=104.2W  PCAP→78W  power=76.9W
[PID] perf=27.001Hz  target=10.446Hz  err=-16.554Hz  corr=-346.99W  u_ff=104.2W  PCAP→78W  power=77.8W
[PID] perf=27.007Hz  target=10.446Hz  err=-16.561Hz  corr=-347.11W  u_ff=104.2W  PCAP→78W  power=76.6W
[PID] perf=27.009Hz  target=10.446Hz  err=-16.563Hz  corr=-347.15W  u_ff=104.2W  PCAP→78W  power=79.1W
[PID] perf=26.992Hz  target=10.446Hz  err=-16.545Hz  corr=-346.83W  u_ff=104.2W  PCAP→78W  power=77.5W
[PID] perf=27.000Hz  target=10.446Hz  err=-16.554Hz  corr=-346.98W  u_ff=104.2W  PCAP→78W  power=77.2W
[PID] perf=26.981Hz  target=10.446Hz  err=-16.535Hz  corr=-346.63W  u_ff=104.2W  PCAP→78W  power=77.4W
[PID] perf=26.967Hz  target=10.446Hz  err=-16.521Hz  corr=-346.37W  u_ff=104.2W  PCAP→78W  power=77.6W
[PID] perf=26.980Hz  target=10.446Hz  err=-16.534Hz  corr=-346.61W  u_ff=104.2W  PCAP→78W  power=78.9W
[PID] perf=26.977Hz  target=10.446Hz  err=-16.531Hz  corr=-346.56W  u_ff=104.2W  PCAP→78W  power=77.7W
[PID] perf=26.989Hz  target=10.446Hz  err=-16.543Hz  corr=-346.78W  u_ff=104.2W  PCAP→78W  power=76.1W
[PID] perf=26.981Hz  target=10.446Hz  err=-16.534Hz  corr=-346.63W  u_ff=104.2W  PCAP→78W  power=77.6W
[PID] perf=26.981Hz  target=10.446Hz  err=-16.534Hz  corr=-346.62W  u_ff=104.2W  PCAP→78W  power=77.9W
[PID] perf=27.010Hz  target=10.446Hz  err=-16.564Hz  corr=-347.17W  u_ff=104.2W  PCAP→78W  power=77.1W
[PID] perf=26.998Hz  target=10.446Hz  err=-16.551Hz  corr=-346.93W  u_ff=104.2W  PCAP→78W  power=77.8W
[PID] perf=27.011Hz  target=10.446Hz  err=-16.564Hz  corr=-347.18W  u_ff=104.2W  PCAP→78W  power=77.4W
[PID] perf=27.022Hz  target=10.446Hz  err=-16.576Hz  corr=-347.39W  u_ff=104.2W  PCAP→78W  power=76.4W
[PID] perf=26.999Hz  target=10.446Hz  err=-16.553Hz  corr=-346.97W  u_ff=104.2W  PCAP→78W  power=79.3W
[PID] perf=26.976Hz  target=10.446Hz  err=-16.530Hz  corr=-346.54W  u_ff=104.2W  PCAP→78W  power=76.7W
[PID] perf=26.983Hz  target=10.446Hz  err=-16.536Hz  corr=-346.66W  u_ff=104.2W  PCAP→78W  power=77.9W
[PID] perf=26.987Hz  target=10.446Hz  err=-16.541Hz  corr=-346.74W  u_ff=104.2W  PCAP→78W  power=78.5W
[PID] perf=27.004Hz  target=10.446Hz  err=-16.558Hz  corr=-347.05W  u_ff=104.2W  PCAP→78W  power=77.2W
[PID] perf=27.002Hz  target=10.446Hz  err=-16.555Hz  corr=-347.01W  u_ff=104.2W  PCAP→78W  power=78.7W
[PID] perf=27.003Hz  target=10.446Hz  err=-16.556Hz  corr=-347.03W  u_ff=104.2W  PCAP→78W  power=77.6W
[PID] perf=26.989Hz  target=10.446Hz  err=-16.543Hz  corr=-346.78W  u_ff=104.2W  PCAP→78W  power=76.6W
[PID] perf=26.946Hz  target=10.446Hz  err=-16.499Hz  corr=-345.97W  u_ff=104.2W  PCAP→78W  power=78.9W
[PID] perf=26.965Hz  target=10.446Hz  err=-16.518Hz  corr=-346.32W  u_ff=104.2W  PCAP→78W  power=78.8W
[PID] perf=26.933Hz  target=10.446Hz  err=-16.486Hz  corr=-345.74W  u_ff=104.2W  PCAP→78W  power=78.9W
[PID] perf=26.972Hz  target=10.446Hz  err=-16.526Hz  corr=-346.47W  u_ff=104.2W  PCAP→78W  power=76.9W
[PID] perf=27.007Hz  target=10.446Hz  err=-16.560Hz  corr=-347.10W  u_ff=104.2W  PCAP→78W  power=78.6W
[PID] perf=27.003Hz  target=10.446Hz  err=-16.556Hz  corr=-347.03W  u_ff=104.2W  PCAP→78W  power=78.0W
[PID] perf=27.008Hz  target=10.446Hz  err=-16.561Hz  corr=-347.13W  u_ff=104.2W  PCAP→78W  power=77.3W
[PID] perf=26.988Hz  target=10.446Hz  err=-16.542Hz  corr=-346.77W  u_ff=104.2W  PCAP→78W  power=78.7W
[PID] perf=27.017Hz  target=10.446Hz  err=-16.571Hz  corr=-347.30W  u_ff=104.2W  PCAP→78W  power=79.1W
[PID] perf=26.983Hz  target=10.446Hz  err=-16.537Hz  corr=-346.67W  u_ff=104.2W  PCAP→78W  power=78.9W
[PID] perf=26.990Hz  target=10.446Hz  err=-16.543Hz  corr=-346.79W  u_ff=104.2W  PCAP→78W  power=77.6W
[PID] perf=26.991Hz  target=10.446Hz  err=-16.545Hz  corr=-346.82W  u_ff=104.2W  PCAP→78W  power=77.0W
[PID] perf=27.006Hz  target=10.446Hz  err=-16.560Hz  corr=-347.09W  u_ff=104.2W  PCAP→78W  power=77.8W
[PID] perf=26.984Hz  target=10.446Hz  err=-16.538Hz  corr=-346.68W  u_ff=104.2W  PCAP→78W  power=78.6W
[PID] perf=26.966Hz  target=10.446Hz  err=-16.519Hz  corr=-346.34W  u_ff=104.2W  PCAP→78W  power=77.2W
[PID] perf=26.978Hz  target=10.446Hz  err=-16.532Hz  corr=-346.57W  u_ff=104.2W  PCAP→78W  power=79.1W
[PID] perf=26.986Hz  target=10.446Hz  err=-16.539Hz  corr=-346.72W  u_ff=104.2W  PCAP→78W  power=77.6W
[PID] perf=26.999Hz  target=10.446Hz  err=-16.552Hz  corr=-346.95W  u_ff=104.2W  PCAP→78W  power=78.1W
[PID] perf=26.983Hz  target=10.446Hz  err=-16.536Hz  corr=-346.66W  u_ff=104.2W  PCAP→78W  power=79.3W
[PID] perf=26.987Hz  target=10.446Hz  err=-16.541Hz  corr=-346.74W  u_ff=104.2W  PCAP→78W  power=76.9W
[PID] perf=26.993Hz  target=10.446Hz  err=-16.547Hz  corr=-346.86W  u_ff=104.2W  PCAP→78W  power=77.1W
[PID] perf=26.959Hz  target=10.446Hz  err=-16.513Hz  corr=-346.22W  u_ff=104.2W  PCAP→78W  power=77.5W
[PID] perf=26.967Hz  target=10.446Hz  err=-16.521Hz  corr=-346.38W  u_ff=104.2W  PCAP→78W  power=77.7W
[PID] perf=26.987Hz  target=10.446Hz  err=-16.540Hz  corr=-346.73W  u_ff=104.2W  PCAP→78W  power=79.5W
[PID] perf=26.982Hz  target=10.446Hz  err=-16.535Hz  corr=-346.65W  u_ff=104.2W  PCAP→78W  power=77.0W
[PID] perf=26.967Hz  target=10.446Hz  err=-16.520Hz  corr=-346.36W  u_ff=104.2W  PCAP→78W  power=76.9W
[PID] perf=26.973Hz  target=10.446Hz  err=-16.527Hz  corr=-346.49W  u_ff=104.2W  PCAP→78W  power=77.9W
[PID] perf=26.947Hz  target=10.446Hz  err=-16.501Hz  corr=-346.00W  u_ff=104.2W  PCAP→78W  power=78.3W
[PID] perf=26.960Hz  target=10.446Hz  err=-16.514Hz  corr=-346.24W  u_ff=104.2W  PCAP→78W  power=77.4W
[PID] perf=26.960Hz  target=10.446Hz  err=-16.513Hz  corr=-346.23W  u_ff=104.2W  PCAP→78W  power=77.5W
[PID] perf=26.947Hz  target=10.446Hz  err=-16.500Hz  corr=-345.99W  u_ff=104.2W  PCAP→78W  power=79.6W
[PID] perf=26.951Hz  target=10.446Hz  err=-16.505Hz  corr=-346.07W  u_ff=104.2W  PCAP→78W  power=79.4W
[PID] perf=26.973Hz  target=10.446Hz  err=-16.526Hz  corr=-346.47W  u_ff=104.2W  PCAP→78W  power=77.4W
[PID] perf=26.995Hz  target=10.446Hz  err=-16.549Hz  corr=-346.89W  u_ff=104.2W  PCAP→78W  power=77.7W
[PID] perf=26.957Hz  target=10.446Hz  err=-16.510Hz  corr=-346.18W  u_ff=104.2W  PCAP→78W  power=77.3W
[PID] perf=26.980Hz  target=10.446Hz  err=-16.534Hz  corr=-346.62W  u_ff=104.2W  PCAP→78W  power=77.8W
[PID] perf=26.925Hz  target=10.446Hz  err=-16.478Hz  corr=-345.59W  u_ff=104.2W  PCAP→78W  power=76.2W
[PID] perf=26.941Hz  target=10.446Hz  err=-16.494Hz  corr=-345.88W  u_ff=104.2W  PCAP→78W  power=77.4W
[PID] perf=26.936Hz  target=10.446Hz  err=-16.489Hz  corr=-345.79W  u_ff=104.2W  PCAP→78W  power=78.3W
[PID] perf=26.935Hz  target=10.446Hz  err=-16.488Hz  corr=-345.77W  u_ff=104.2W  PCAP→78W  power=79.0W
[PID] perf=26.971Hz  target=10.446Hz  err=-16.524Hz  corr=-346.43W  u_ff=104.2W  PCAP→78W  power=77.7W
[PID] perf=26.942Hz  target=10.446Hz  err=-16.496Hz  corr=-345.91W  u_ff=104.2W  PCAP→78W  power=78.5W
[PID] perf=26.949Hz  target=10.446Hz  err=-16.502Hz  corr=-346.03W  u_ff=104.2W  PCAP→78W  power=77.2W
[PID] perf=26.942Hz  target=10.446Hz  err=-16.495Hz  corr=-345.90W  u_ff=104.2W  PCAP→78W  power=79.0W
[PID] perf=26.940Hz  target=10.446Hz  err=-16.494Hz  corr=-345.87W  u_ff=104.2W  PCAP→78W  power=77.5W
[PID] perf=26.934Hz  target=10.446Hz  err=-16.488Hz  corr=-345.76W  u_ff=104.2W  PCAP→78W  power=78.5W
[PID] perf=26.946Hz  target=10.446Hz  err=-16.500Hz  corr=-345.98W  u_ff=104.2W  PCAP→78W  power=77.7W
[PID] perf=26.964Hz  target=10.446Hz  err=-16.518Hz  corr=-346.31W  u_ff=104.2W  PCAP→78W  power=77.0W
[PID] perf=26.912Hz  target=10.446Hz  err=-16.466Hz  corr=-345.35W  u_ff=104.2W  PCAP→78W  power=76.9W
[PID] perf=26.977Hz  target=10.446Hz  err=-16.531Hz  corr=-346.56W  u_ff=104.2W  PCAP→78W  power=77.2W
[PID] perf=26.954Hz  target=10.446Hz  err=-16.508Hz  corr=-346.13W  u_ff=104.2W  PCAP→78W  power=77.4W
[PID] perf=26.978Hz  target=10.446Hz  err=-16.531Hz  corr=-346.57W  u_ff=104.2W  PCAP→78W  power=77.9W
[PID] perf=26.947Hz  target=10.446Hz  err=-16.500Hz  corr=-345.99W  u_ff=104.2W  PCAP→78W  power=78.9W
[PID] perf=26.940Hz  target=10.446Hz  err=-16.494Hz  corr=-345.87W  u_ff=104.2W  PCAP→78W  power=78.8W
[PID] perf=26.936Hz  target=10.446Hz  err=-16.490Hz  corr=-345.80W  u_ff=104.2W  PCAP→78W  power=78.3W
[PID] perf=26.918Hz  target=10.446Hz  err=-16.472Hz  corr=-345.47W  u_ff=104.2W  PCAP→78W  power=78.4W
[PID] perf=26.939Hz  target=10.446Hz  err=-16.493Hz  corr=-345.86W  u_ff=104.2W  PCAP→78W  power=79.3W
[PID] perf=26.944Hz  target=10.446Hz  err=-16.497Hz  corr=-345.94W  u_ff=104.2W  PCAP→78W  power=77.2W
[PID] perf=26.912Hz  target=10.446Hz  err=-16.466Hz  corr=-345.36W  u_ff=104.2W  PCAP→78W  power=77.2W
[PID] perf=26.937Hz  target=10.446Hz  err=-16.491Hz  corr=-345.81W  u_ff=104.2W  PCAP→78W  power=77.8W
[PID] perf=26.961Hz  target=10.446Hz  err=-16.514Hz  corr=-346.26W  u_ff=104.2W  PCAP→78W  power=78.9W
[PID] perf=26.963Hz  target=10.446Hz  err=-16.517Hz  corr=-346.30W  u_ff=104.2W  PCAP→78W  power=77.7W
[PID] perf=26.903Hz  target=10.446Hz  err=-16.456Hz  corr=-345.18W  u_ff=104.2W  PCAP→78W  power=77.7W
[PID] perf=26.934Hz  target=10.446Hz  err=-16.487Hz  corr=-345.75W  u_ff=104.2W  PCAP→78W  power=77.4W
[PID] perf=26.933Hz  target=10.446Hz  err=-16.486Hz  corr=-345.73W  u_ff=104.2W  PCAP→78W  power=77.0W
[PID] perf=26.939Hz  target=10.446Hz  err=-16.492Hz  corr=-345.84W  u_ff=104.2W  PCAP→78W  power=78.6W
[PID] perf=26.945Hz  target=10.446Hz  err=-16.499Hz  corr=-345.96W  u_ff=104.2W  PCAP→78W  power=79.0W
[PID] perf=26.943Hz  target=10.446Hz  err=-16.497Hz  corr=-345.92W  u_ff=104.2W  PCAP→78W  power=77.8W
[PID] perf=26.967Hz  target=10.446Hz  err=-16.520Hz  corr=-346.37W  u_ff=104.2W  PCAP→78W  power=77.9W
[PID] perf=26.944Hz  target=10.446Hz  err=-16.498Hz  corr=-345.95W  u_ff=104.2W  PCAP→78W  power=77.3W
[PID] perf=26.937Hz  target=10.446Hz  err=-16.490Hz  corr=-345.81W  u_ff=104.2W  PCAP→78W  power=76.8W
[PID] perf=26.929Hz  target=10.446Hz  err=-16.483Hz  corr=-345.67W  u_ff=104.2W  PCAP→78W  power=79.1W
[PID] perf=26.914Hz  target=10.446Hz  err=-16.468Hz  corr=-345.39W  u_ff=104.2W  PCAP→78W  power=77.3W
[PID] perf=26.970Hz  target=10.446Hz  err=-16.523Hz  corr=-346.42W  u_ff=104.2W  PCAP→78W  power=78.3W
[PID] perf=26.938Hz  target=10.446Hz  err=-16.492Hz  corr=-345.83W  u_ff=104.2W  PCAP→78W  power=77.7W
[PID] perf=26.945Hz  target=10.446Hz  err=-16.499Hz  corr=-345.97W  u_ff=104.2W  PCAP→78W  power=77.9W
[PID] perf=26.951Hz  target=10.446Hz  err=-16.504Hz  corr=-346.06W  u_ff=104.2W  PCAP→78W  power=77.3W
[PID] perf=26.945Hz  target=10.446Hz  err=-16.499Hz  corr=-345.97W  u_ff=104.2W  PCAP→78W  power=77.2W
[PID] perf=26.949Hz  target=10.446Hz  err=-16.502Hz  corr=-346.03W  u_ff=104.2W  PCAP→78W  power=79.1W
[PID] perf=26.946Hz  target=10.446Hz  err=-16.499Hz  corr=-345.97W  u_ff=104.2W  PCAP→78W  power=78.8W
[PID] perf=26.949Hz  target=10.446Hz  err=-16.502Hz  corr=-346.03W  u_ff=104.2W  PCAP→78W  power=77.3W
[PID] perf=26.926Hz  target=10.446Hz  err=-16.479Hz  corr=-345.60W  u_ff=104.2W  PCAP→78W  power=78.0W
[PID] perf=26.935Hz  target=10.446Hz  err=-16.489Hz  corr=-345.78W  u_ff=104.2W  PCAP→78W  power=76.7W
[PID] perf=26.916Hz  target=10.446Hz  err=-16.470Hz  corr=-345.43W  u_ff=104.2W  PCAP→78W  power=77.6W
[PID] perf=26.916Hz  target=10.446Hz  err=-16.470Hz  corr=-345.43W  u_ff=104.2W  PCAP→78W  power=77.9W
[PID] perf=26.909Hz  target=10.446Hz  err=-16.462Hz  corr=-345.29W  u_ff=104.2W  PCAP→78W  power=76.2W
[PID] perf=26.923Hz  target=10.446Hz  err=-16.476Hz  corr=-345.54W  u_ff=104.2W  PCAP→78W  power=76.8W
[PID] perf=26.932Hz  target=10.446Hz  err=-16.486Hz  corr=-345.72W  u_ff=104.2W  PCAP→78W  power=79.3W
[PID] perf=26.952Hz  target=10.446Hz  err=-16.506Hz  corr=-346.09W  u_ff=104.2W  PCAP→78W  power=77.3W
[PID] perf=26.924Hz  target=10.446Hz  err=-16.477Hz  corr=-345.57W  u_ff=104.2W  PCAP→78W  power=77.4W
[PID] perf=26.941Hz  target=10.446Hz  err=-16.494Hz  corr=-345.88W  u_ff=104.2W  PCAP→78W  power=77.5W
[PID] perf=26.952Hz  target=10.446Hz  err=-16.505Hz  corr=-346.08W  u_ff=104.2W  PCAP→78W  power=76.3W
[PID] perf=26.987Hz  target=10.446Hz  err=-16.541Hz  corr=-346.75W  u_ff=104.2W  PCAP→78W  power=78.6W
[PID] perf=26.985Hz  target=10.446Hz  err=-16.539Hz  corr=-346.70W  u_ff=104.2W  PCAP→78W  power=77.3W
[PID] perf=26.973Hz  target=10.446Hz  err=-16.526Hz  corr=-346.48W  u_ff=104.2W  PCAP→78W  power=77.2W
[PID] perf=26.988Hz  target=10.446Hz  err=-16.541Hz  corr=-346.75W  u_ff=104.2W  PCAP→78W  power=77.1W
[PID] perf=26.956Hz  target=10.446Hz  err=-16.510Hz  corr=-346.17W  u_ff=104.2W  PCAP→78W  power=78.9W
[PID] perf=26.929Hz  target=10.446Hz  err=-16.482Hz  corr=-345.66W  u_ff=104.2W  PCAP→78W  power=77.2W
[PID] perf=26.931Hz  target=10.446Hz  err=-16.484Hz  corr=-345.70W  u_ff=104.2W  PCAP→78W  power=78.3W
[PID] perf=26.950Hz  target=10.446Hz  err=-16.503Hz  corr=-346.04W  u_ff=104.2W  PCAP→78W  power=79.3W
[PID] perf=26.962Hz  target=10.446Hz  err=-16.515Hz  corr=-346.27W  u_ff=104.2W  PCAP→78W  power=77.6W
[PID] perf=26.964Hz  target=10.446Hz  err=-16.518Hz  corr=-346.32W  u_ff=104.2W  PCAP→78W  power=77.5W
[PID] perf=26.961Hz  target=10.446Hz  err=-16.514Hz  corr=-346.25W  u_ff=104.2W  PCAP→78W  power=78.1W
[PID] perf=26.943Hz  target=10.446Hz  err=-16.497Hz  corr=-345.92W  u_ff=104.2W  PCAP→78W  power=77.6W
[PID] perf=26.978Hz  target=10.446Hz  err=-16.531Hz  corr=-346.56W  u_ff=104.2W  PCAP→78W  power=77.1W
[PID] perf=26.965Hz  target=10.446Hz  err=-16.519Hz  corr=-346.34W  u_ff=104.2W  PCAP→78W  power=78.7W
[PID] perf=26.979Hz  target=10.446Hz  err=-16.533Hz  corr=-346.59W  u_ff=104.2W  PCAP→78W  power=77.3W
[PID] perf=26.989Hz  target=10.446Hz  err=-16.543Hz  corr=-346.78W  u_ff=104.2W  PCAP→78W  power=78.0W
[PID] perf=26.973Hz  target=10.446Hz  err=-16.527Hz  corr=-346.48W  u_ff=104.2W  PCAP→78W  power=77.8W
[PID] perf=26.978Hz  target=10.446Hz  err=-16.531Hz  corr=-346.57W  u_ff=104.2W  PCAP→78W  power=77.0W
[PID] perf=27.002Hz  target=10.446Hz  err=-16.556Hz  corr=-347.02W  u_ff=104.2W  PCAP→78W  power=77.9W
[PID] perf=26.965Hz  target=10.446Hz  err=-16.518Hz  corr=-346.33W  u_ff=104.2W  PCAP→78W  power=79.3W
[PID] perf=26.963Hz  target=10.446Hz  err=-16.516Hz  corr=-346.29W  u_ff=104.2W  PCAP→78W  power=77.9W
[PID] perf=26.963Hz  target=10.446Hz  err=-16.517Hz  corr=-346.29W  u_ff=104.2W  PCAP→78W  power=79.0W
[PID] perf=26.967Hz  target=10.446Hz  err=-16.521Hz  corr=-346.37W  u_ff=104.2W  PCAP→78W  power=78.9W
[PID] perf=26.972Hz  target=10.446Hz  err=-16.525Hz  corr=-346.45W  u_ff=104.2W  PCAP→78W  power=79.1W
[PID] perf=26.988Hz  target=10.446Hz  err=-16.541Hz  corr=-346.75W  u_ff=104.2W  PCAP→78W  power=77.0W
[PID] perf=26.992Hz  target=10.446Hz  err=-16.545Hz  corr=-346.83W  u_ff=104.2W  PCAP→78W  power=77.5W
[PID] perf=26.993Hz  target=10.446Hz  err=-16.546Hz  corr=-346.84W  u_ff=104.2W  PCAP→78W  power=78.1W
[PID] perf=26.953Hz  target=10.446Hz  err=-16.506Hz  corr=-346.10W  u_ff=104.2W  PCAP→78W  power=79.2W
[PID] perf=26.948Hz  target=10.446Hz  err=-16.501Hz  corr=-346.01W  u_ff=104.2W  PCAP→78W  power=78.8W
[PID] perf=26.952Hz  target=10.446Hz  err=-16.505Hz  corr=-346.08W  u_ff=104.2W  PCAP→78W  power=78.8W
[PID] perf=26.951Hz  target=10.446Hz  err=-16.504Hz  corr=-346.07W  u_ff=104.2W  PCAP→78W  power=77.7W
[PID] perf=26.987Hz  target=10.446Hz  err=-16.540Hz  corr=-346.74W  u_ff=104.2W  PCAP→78W  power=76.6W
[PID] perf=26.976Hz  target=10.446Hz  err=-16.529Hz  corr=-346.53W  u_ff=104.2W  PCAP→78W  power=77.2W
[PID] perf=26.928Hz  target=10.446Hz  err=-16.481Hz  corr=-345.64W  u_ff=104.2W  PCAP→78W  power=77.9W
[PID] perf=26.933Hz  target=10.446Hz  err=-16.487Hz  corr=-345.74W  u_ff=104.2W  PCAP→78W  power=79.0W
[PID] perf=25.910Hz  target=10.446Hz  err=-15.464Hz  corr=-326.77W  u_ff=104.2W  PCAP→78W  power=78.9W
[PID] perf=26.065Hz  target=10.446Hz  err=-15.619Hz  corr=-329.65W  u_ff=104.2W  PCAP→78W  power=76.5W
[PID] perf=26.190Hz  target=10.446Hz  err=-15.744Hz  corr=-331.97W  u_ff=104.2W  PCAP→78W  power=76.5W
[PID] perf=26.876Hz  target=10.446Hz  err=-16.430Hz  corr=-344.69W  u_ff=104.2W  PCAP→78W  power=78.5W
[PID] perf=26.902Hz  target=10.446Hz  err=-16.455Hz  corr=-345.16W  u_ff=104.2W  PCAP→78W  power=78.6W
[PID] perf=26.883Hz  target=10.446Hz  err=-16.436Hz  corr=-344.81W  u_ff=104.2W  PCAP→78W  power=77.4W
[PID] perf=26.909Hz  target=10.446Hz  err=-16.462Hz  corr=-345.29W  u_ff=104.2W  PCAP→78W  power=76.7W
[PID] perf=26.908Hz  target=10.446Hz  err=-16.462Hz  corr=-345.28W  u_ff=104.2W  PCAP→78W  power=78.2W
[PID] perf=26.919Hz  target=10.446Hz  err=-16.473Hz  corr=-345.49W  u_ff=104.2W  PCAP→78W  power=77.8W
[PID] perf=26.919Hz  target=10.446Hz  err=-16.473Hz  corr=-345.48W  u_ff=104.2W  PCAP→78W  power=77.3W
[PID] perf=26.911Hz  target=10.446Hz  err=-16.465Hz  corr=-345.34W  u_ff=104.2W  PCAP→78W  power=78.1W
[PID] perf=26.925Hz  target=10.446Hz  err=-16.479Hz  corr=-345.59W  u_ff=104.2W  PCAP→78W  power=77.3W
[PID] perf=26.928Hz  target=10.446Hz  err=-16.482Hz  corr=-345.65W  u_ff=104.2W  PCAP→78W  power=78.4W
[PID] perf=26.911Hz  target=10.446Hz  err=-16.464Hz  corr=-345.32W  u_ff=104.2W  PCAP→78W  power=78.9W
[PID] perf=26.933Hz  target=10.446Hz  err=-16.487Hz  corr=-345.74W  u_ff=104.2W  PCAP→78W  power=77.7W
[PID] perf=26.946Hz  target=10.446Hz  err=-16.499Hz  corr=-345.98W  u_ff=104.2W  PCAP→78W  power=78.6W
[PID] perf=26.919Hz  target=10.446Hz  err=-16.473Hz  corr=-345.48W  u_ff=104.2W  PCAP→78W  power=79.3W
[PID] perf=26.923Hz  target=10.446Hz  err=-16.477Hz  corr=-345.56W  u_ff=104.2W  PCAP→78W  power=77.1W
[PID] perf=26.965Hz  target=10.446Hz  err=-16.518Hz  corr=-346.33W  u_ff=104.2W  PCAP→78W  power=78.4W
[PID] perf=27.742Hz  target=10.446Hz  err=-17.296Hz  corr=-360.75W  u_ff=104.2W  PCAP→78W  power=79.1W
[PID] perf=27.775Hz  target=10.446Hz  err=-17.328Hz  corr=-361.34W  u_ff=104.2W  PCAP→78W  power=77.4W
[PID] perf=27.751Hz  target=10.446Hz  err=-17.305Hz  corr=-360.91W  u_ff=104.2W  PCAP→78W  power=76.9W
[PID] perf=27.774Hz  target=10.446Hz  err=-17.327Hz  corr=-361.33W  u_ff=104.2W  PCAP→78W  power=77.7W
[PID] perf=27.803Hz  target=10.446Hz  err=-17.356Hz  corr=-361.87W  u_ff=104.2W  PCAP→78W  power=77.0W
[PID] perf=27.803Hz  target=10.446Hz  err=-17.357Hz  corr=-361.88W  u_ff=104.2W  PCAP→78W  power=77.0W
[PID] perf=27.798Hz  target=10.446Hz  err=-17.352Hz  corr=-361.79W  u_ff=104.2W  PCAP→78W  power=77.7W
[PID] perf=27.790Hz  target=10.446Hz  err=-17.343Hz  corr=-361.63W  u_ff=104.2W  PCAP→78W  power=77.2W
[PID] perf=27.787Hz  target=10.446Hz  err=-17.341Hz  corr=-361.58W  u_ff=104.2W  PCAP→78W  power=78.9W
[PID] perf=27.740Hz  target=10.446Hz  err=-17.294Hz  corr=-360.71W  u_ff=104.2W  PCAP→78W  power=78.2W
[PID] perf=27.762Hz  target=10.446Hz  err=-17.315Hz  corr=-361.10W  u_ff=104.2W  PCAP→78W  power=78.0W
[PID] perf=27.781Hz  target=10.446Hz  err=-17.335Hz  corr=-361.47W  u_ff=104.2W  PCAP→78W  power=78.0W
[PID] perf=27.807Hz  target=10.446Hz  err=-17.360Hz  corr=-361.94W  u_ff=104.2W  PCAP→78W  power=76.4W
[PID] perf=27.799Hz  target=10.446Hz  err=-17.352Hz  corr=-361.79W  u_ff=104.2W  PCAP→78W  power=77.5W
[PID] perf=27.780Hz  target=10.446Hz  err=-17.334Hz  corr=-361.45W  u_ff=104.2W  PCAP→78W  power=79.3W
[PID] perf=27.798Hz  target=10.446Hz  err=-17.351Hz  corr=-361.78W  u_ff=104.2W  PCAP→78W  power=78.3W
[PID] perf=27.781Hz  target=10.446Hz  err=-17.335Hz  corr=-361.47W  u_ff=104.2W  PCAP→78W  power=76.1W
[PID] perf=27.784Hz  target=10.446Hz  err=-17.337Hz  corr=-361.51W  u_ff=104.2W  PCAP→78W  power=78.3W
[PID] perf=27.796Hz  target=10.446Hz  err=-17.349Hz  corr=-361.74W  u_ff=104.2W  PCAP→78W  power=78.0W
[PID] perf=27.779Hz  target=10.446Hz  err=-17.332Hz  corr=-361.42W  u_ff=104.2W  PCAP→78W  power=78.1W
[PID] perf=27.788Hz  target=10.446Hz  err=-17.342Hz  corr=-361.60W  u_ff=104.2W  PCAP→78W  power=76.9W
[PID] perf=27.766Hz  target=10.446Hz  err=-17.320Hz  corr=-361.19W  u_ff=104.2W  PCAP→78W  power=77.2W
[PID] perf=27.760Hz  target=10.446Hz  err=-17.314Hz  corr=-361.08W  u_ff=104.2W  PCAP→78W  power=78.1W
[PID] perf=27.727Hz  target=10.446Hz  err=-17.281Hz  corr=-360.47W  u_ff=104.2W  PCAP→78W  power=79.1W
[PID] perf=27.726Hz  target=10.446Hz  err=-17.279Hz  corr=-360.44W  u_ff=104.2W  PCAP→78W  power=77.0W
[PID] perf=27.739Hz  target=10.446Hz  err=-17.293Hz  corr=-360.69W  u_ff=104.2W  PCAP→78W  power=78.8W
[PID] perf=27.763Hz  target=10.446Hz  err=-17.316Hz  corr=-361.12W  u_ff=104.2W  PCAP→78W  power=77.2W
[PID] perf=27.782Hz  target=10.446Hz  err=-17.336Hz  corr=-361.49W  u_ff=104.2W  PCAP→78W  power=77.2W
[PID] perf=27.719Hz  target=10.446Hz  err=-17.272Hz  corr=-360.31W  u_ff=104.2W  PCAP→78W  power=77.0W
[PID] perf=27.725Hz  target=10.446Hz  err=-17.279Hz  corr=-360.43W  u_ff=104.2W  PCAP→78W  power=77.7W
[PID] perf=27.685Hz  target=10.446Hz  err=-17.239Hz  corr=-359.69W  u_ff=104.2W  PCAP→78W  power=76.6W
[PID] perf=27.720Hz  target=10.446Hz  err=-17.274Hz  corr=-360.33W  u_ff=104.2W  PCAP→78W  power=77.4W
[PID] perf=27.729Hz  target=10.446Hz  err=-17.283Hz  corr=-360.51W  u_ff=104.2W  PCAP→78W  power=78.0W
[PID] perf=27.707Hz  target=10.446Hz  err=-17.261Hz  corr=-360.10W  u_ff=104.2W  PCAP→78W  power=78.9W
[PID] perf=27.699Hz  target=10.446Hz  err=-17.252Hz  corr=-359.94W  u_ff=104.2W  PCAP→78W  power=78.0W
[PID] perf=27.729Hz  target=10.446Hz  err=-17.283Hz  corr=-360.50W  u_ff=104.2W  PCAP→78W  power=76.6W
[PID] perf=27.753Hz  target=10.446Hz  err=-17.306Hz  corr=-360.94W  u_ff=104.2W  PCAP→78W  power=77.5W
[PID] perf=27.762Hz  target=10.446Hz  err=-17.316Hz  corr=-361.12W  u_ff=104.2W  PCAP→78W  power=78.8W
[PID] perf=27.763Hz  target=10.446Hz  err=-17.317Hz  corr=-361.13W  u_ff=104.2W  PCAP→78W  power=77.5W
[PID] perf=27.734Hz  target=10.446Hz  err=-17.287Hz  corr=-360.58W  u_ff=104.2W  PCAP→78W  power=77.9W
[PID] perf=27.756Hz  target=10.446Hz  err=-17.310Hz  corr=-361.01W  u_ff=104.2W  PCAP→78W  power=79.5W
[PID] perf=27.733Hz  target=10.446Hz  err=-17.287Hz  corr=-360.57W  u_ff=104.2W  PCAP→78W  power=78.5W
[PID] perf=27.748Hz  target=10.446Hz  err=-17.301Hz  corr=-360.85W  u_ff=104.2W  PCAP→78W  power=77.6W
[PID] perf=27.786Hz  target=10.446Hz  err=-17.340Hz  corr=-361.56W  u_ff=104.2W  PCAP→78W  power=77.1W
[PID] perf=27.775Hz  target=10.446Hz  err=-17.328Hz  corr=-361.34W  u_ff=104.2W  PCAP→78W  power=77.0W
[PID] perf=27.771Hz  target=10.446Hz  err=-17.324Hz  corr=-361.27W  u_ff=104.2W  PCAP→78W  power=78.7W
[PID] perf=27.765Hz  target=10.446Hz  err=-17.319Hz  corr=-361.17W  u_ff=104.2W  PCAP→78W  power=77.3W
[PID] perf=27.798Hz  target=10.446Hz  err=-17.352Hz  corr=-361.78W  u_ff=104.2W  PCAP→78W  power=78.3W
[PID] perf=27.779Hz  target=10.446Hz  err=-17.333Hz  corr=-361.43W  u_ff=104.2W  PCAP→78W  power=76.5W
[PID] perf=27.761Hz  target=10.446Hz  err=-17.314Hz  corr=-361.08W  u_ff=104.2W  PCAP→78W  power=77.1W
[PID] perf=27.811Hz  target=10.446Hz  err=-17.365Hz  corr=-362.03W  u_ff=104.2W  PCAP→78W  power=79.0W
[PID] perf=27.828Hz  target=10.446Hz  err=-17.381Hz  corr=-362.33W  u_ff=104.2W  PCAP→78W  power=79.2W
[PID] perf=27.802Hz  target=10.446Hz  err=-17.356Hz  corr=-361.85W  u_ff=104.2W  PCAP→78W  power=76.2W
[PID] perf=27.755Hz  target=10.446Hz  err=-17.308Hz  corr=-360.98W  u_ff=104.2W  PCAP→78W  power=78.6W
[PID] perf=27.772Hz  target=10.446Hz  err=-17.325Hz  corr=-361.29W  u_ff=104.2W  PCAP→78W  power=78.4W
[PID] perf=27.749Hz  target=10.446Hz  err=-17.303Hz  corr=-360.87W  u_ff=104.2W  PCAP→78W  power=77.3W
[PID] perf=27.762Hz  target=10.446Hz  err=-17.315Hz  corr=-361.10W  u_ff=104.2W  PCAP→78W  power=77.1W
[PID] perf=27.787Hz  target=10.446Hz  err=-17.340Hz  corr=-361.57W  u_ff=104.2W  PCAP→78W  power=78.2W
[PID] perf=27.771Hz  target=10.446Hz  err=-17.325Hz  corr=-361.29W  u_ff=104.2W  PCAP→78W  power=78.3W
[PID] perf=27.767Hz  target=10.446Hz  err=-17.320Hz  corr=-361.20W  u_ff=104.2W  PCAP→78W  power=78.3W
[PID] perf=27.747Hz  target=10.446Hz  err=-17.301Hz  corr=-360.83W  u_ff=104.2W  PCAP→78W  power=77.7W
[PID] perf=27.742Hz  target=10.446Hz  err=-17.295Hz  corr=-360.73W  u_ff=104.2W  PCAP→78W  power=77.8W
[PID] perf=27.782Hz  target=10.446Hz  err=-17.335Hz  corr=-361.48W  u_ff=104.2W  PCAP→78W  power=79.0W
[PID] perf=27.788Hz  target=10.446Hz  err=-17.341Hz  corr=-361.59W  u_ff=104.2W  PCAP→78W  power=78.6W
[PID] perf=27.772Hz  target=10.446Hz  err=-17.325Hz  corr=-361.29W  u_ff=104.2W  PCAP→78W  power=77.1W
[PID] perf=27.790Hz  target=10.446Hz  err=-17.343Hz  corr=-361.63W  u_ff=104.2W  PCAP→78W  power=77.1W
[PID] perf=27.743Hz  target=10.446Hz  err=-17.297Hz  corr=-360.76W  u_ff=104.2W  PCAP→78W  power=78.4W
[PID] perf=27.768Hz  target=10.446Hz  err=-17.321Hz  corr=-361.21W  u_ff=104.2W  PCAP→78W  power=76.6W
[PID] perf=27.785Hz  target=10.446Hz  err=-17.339Hz  corr=-361.55W  u_ff=104.2W  PCAP→78W  power=78.4W
[PID] perf=27.815Hz  target=10.446Hz  err=-17.368Hz  corr=-362.09W  u_ff=104.2W  PCAP→78W  power=77.7W
[PID] perf=27.809Hz  target=10.446Hz  err=-17.362Hz  corr=-361.98W  u_ff=104.2W  PCAP→78W  power=77.9W
[PID] perf=27.790Hz  target=10.446Hz  err=-17.343Hz  corr=-361.63W  u_ff=104.2W  PCAP→78W  power=79.0W
[PID] perf=27.777Hz  target=10.446Hz  err=-17.330Hz  corr=-361.38W  u_ff=104.2W  PCAP→78W  power=78.2W
[PID] perf=27.817Hz  target=10.446Hz  err=-17.370Hz  corr=-362.13W  u_ff=104.2W  PCAP→78W  power=76.3W
[PID] perf=27.810Hz  target=10.446Hz  err=-17.363Hz  corr=-362.00W  u_ff=104.2W  PCAP→78W  power=78.7W
[PID] perf=27.787Hz  target=10.446Hz  err=-17.341Hz  corr=-361.58W  u_ff=104.2W  PCAP→78W  power=79.4W
[PID] perf=27.773Hz  target=10.446Hz  err=-17.326Hz  corr=-361.31W  u_ff=104.2W  PCAP→78W  power=78.2W
[PID] perf=27.767Hz  target=10.446Hz  err=-17.320Hz  corr=-361.20W  u_ff=104.2W  PCAP→78W  power=77.5W
[PID] perf=27.780Hz  target=10.446Hz  err=-17.333Hz  corr=-361.44W  u_ff=104.2W  PCAP→78W  power=78.3W
[PID] perf=27.789Hz  target=10.446Hz  err=-17.342Hz  corr=-361.61W  u_ff=104.2W  PCAP→78W  power=76.2W
[PID] perf=27.762Hz  target=10.446Hz  err=-17.316Hz  corr=-361.12W  u_ff=104.2W  PCAP→78W  power=77.5W
[PID] perf=27.774Hz  target=10.446Hz  err=-17.328Hz  corr=-361.34W  u_ff=104.2W  PCAP→78W  power=78.2W
[PID] perf=27.820Hz  target=10.446Hz  err=-17.373Hz  corr=-362.18W  u_ff=104.2W  PCAP→78W  power=78.0W
[PID] perf=27.758Hz  target=10.446Hz  err=-17.311Hz  corr=-361.04W  u_ff=104.2W  PCAP→78W  power=78.1W
[PID] perf=27.804Hz  target=10.446Hz  err=-17.358Hz  corr=-361.90W  u_ff=104.2W  PCAP→78W  power=77.9W
[PID] perf=27.780Hz  target=10.446Hz  err=-17.333Hz  corr=-361.44W  u_ff=104.2W  PCAP→78W  power=78.4W
[PID] perf=27.761Hz  target=10.446Hz  err=-17.315Hz  corr=-361.10W  u_ff=104.2W  PCAP→78W  power=77.7W
[PID] perf=27.773Hz  target=10.446Hz  err=-17.327Hz  corr=-361.32W  u_ff=104.2W  PCAP→78W  power=78.9W
[PID] perf=27.773Hz  target=10.446Hz  err=-17.327Hz  corr=-361.32W  u_ff=104.2W  PCAP→78W  power=76.4W
[PID] perf=27.741Hz  target=10.446Hz  err=-17.294Hz  corr=-360.71W  u_ff=104.2W  PCAP→78W  power=77.6W
[PID] perf=27.750Hz  target=10.446Hz  err=-17.303Hz  corr=-360.88W  u_ff=104.2W  PCAP→78W  power=78.5W
[PID] perf=27.805Hz  target=10.446Hz  err=-17.358Hz  corr=-361.91W  u_ff=104.2W  PCAP→78W  power=78.5W
[PID] perf=27.772Hz  target=10.446Hz  err=-17.325Hz  corr=-361.29W  u_ff=104.2W  PCAP→78W  power=77.6W
[PID] perf=27.744Hz  target=10.446Hz  err=-17.297Hz  corr=-360.77W  u_ff=104.2W  PCAP→78W  power=76.3W
[PID] perf=27.751Hz  target=10.446Hz  err=-17.305Hz  corr=-360.91W  u_ff=104.2W  PCAP→78W  power=78.5W
[PID] perf=27.787Hz  target=10.446Hz  err=-17.341Hz  corr=-361.58W  u_ff=104.2W  PCAP→78W  power=79.1W
[PID] perf=27.744Hz  target=10.446Hz  err=-17.298Hz  corr=-360.78W  u_ff=104.2W  PCAP→78W  power=76.4W
[PID] perf=27.780Hz  target=10.446Hz  err=-17.334Hz  corr=-361.45W  u_ff=104.2W  PCAP→78W  power=77.8W
[PID] perf=27.764Hz  target=10.446Hz  err=-17.318Hz  corr=-361.15W  u_ff=104.2W  PCAP→78W  power=78.7W
[PID] perf=27.783Hz  target=10.446Hz  err=-17.337Hz  corr=-361.50W  u_ff=104.2W  PCAP→78W  power=79.4W
[PID] perf=27.762Hz  target=10.446Hz  err=-17.315Hz  corr=-361.11W  u_ff=104.2W  PCAP→78W  power=77.2W
[PID] perf=27.786Hz  target=10.446Hz  err=-17.340Hz  corr=-361.56W  u_ff=104.2W  PCAP→78W  power=76.5W
[PID] perf=27.794Hz  target=10.446Hz  err=-17.347Hz  corr=-361.70W  u_ff=104.2W  PCAP→78W  power=76.5W
[PID] perf=27.785Hz  target=10.446Hz  err=-17.338Hz  corr=-361.53W  u_ff=104.2W  PCAP→78W  power=78.7W
[PID] perf=27.806Hz  target=10.446Hz  err=-17.359Hz  corr=-361.92W  u_ff=104.2W  PCAP→78W  power=78.3W
[PID] perf=27.776Hz  target=10.446Hz  err=-17.330Hz  corr=-361.38W  u_ff=104.2W  PCAP→78W  power=77.8W
[PID] perf=27.785Hz  target=10.446Hz  err=-17.339Hz  corr=-361.55W  u_ff=104.2W  PCAP→78W  power=77.8W
[PID] perf=27.758Hz  target=10.446Hz  err=-17.312Hz  corr=-361.04W  u_ff=104.2W  PCAP→78W  power=77.8W
[PID] perf=27.795Hz  target=10.446Hz  err=-17.348Hz  corr=-361.72W  u_ff=104.2W  PCAP→78W  power=79.6W
[PID] perf=27.788Hz  target=10.446Hz  err=-17.342Hz  corr=-361.60W  u_ff=104.2W  PCAP→78W  power=77.6W
[PID] perf=27.815Hz  target=10.446Hz  err=-17.368Hz  corr=-362.09W  u_ff=104.2W  PCAP→78W  power=77.9W
[PID] perf=27.826Hz  target=10.446Hz  err=-17.380Hz  corr=-362.30W  u_ff=104.2W  PCAP→78W  power=77.0W
[PID] perf=27.777Hz  target=10.446Hz  err=-17.330Hz  corr=-361.38W  u_ff=104.2W  PCAP→78W  power=76.9W
[PID] perf=27.810Hz  target=10.446Hz  err=-17.363Hz  corr=-361.99W  u_ff=104.2W  PCAP→78W  power=76.2W
[PID] perf=27.810Hz  target=10.446Hz  err=-17.363Hz  corr=-361.99W  u_ff=104.2W  PCAP→78W  power=78.4W
[PID] perf=27.808Hz  target=10.446Hz  err=-17.362Hz  corr=-361.97W  u_ff=104.2W  PCAP→78W  power=77.3W
[PID] perf=27.770Hz  target=10.446Hz  err=-17.323Hz  corr=-361.25W  u_ff=104.2W  PCAP→78W  power=78.6W
[PID] perf=27.778Hz  target=10.446Hz  err=-17.332Hz  corr=-361.41W  u_ff=104.2W  PCAP→78W  power=78.6W
[PID] perf=27.744Hz  target=10.446Hz  err=-17.297Hz  corr=-360.77W  u_ff=104.2W  PCAP→78W  power=77.4W
[PID] perf=27.815Hz  target=10.446Hz  err=-17.368Hz  corr=-362.09W  u_ff=104.2W  PCAP→78W  power=77.5W
[PID] perf=27.777Hz  target=10.446Hz  err=-17.330Hz  corr=-361.38W  u_ff=104.2W  PCAP→78W  power=76.5W
Process completed.
Compressed into /home/cc/summer2024/main_codes/pid_controller/../experiment_data/PID_Control_sweep/ones-npb-cg/compressed_iteration_20260513_104109.tar
----------------------------------

>>> Step 3/3

[ones-npb-cg]
  target perf      : 10.4464 Hz
  coefficients_perf: [-0.0006547837485238978, 0.18607436314256556, -1.8317688501798497]
  feedforward PCAP : 104.17 W  →  107 W (snapped)
  Perf(u_ff) check : 10.4464 Hz  (should ≈ target)
  PID gains        : Kp=18.5447 W/Hz  Ki=1.85447 W/(Hz·s)  Kd=0.0000
[PID] Awaiting data — feedforward PCAP=107W
[PID] Awaiting data — feedforward PCAP=107W
[PID] Awaiting data — feedforward PCAP=107W
[PID] Awaiting data — feedforward PCAP=107W
[PID] Awaiting data — feedforward PCAP=107W
[PID] Awaiting data — feedforward PCAP=107W
[PID] perf=20.255Hz  target=10.446Hz  err=-9.808Hz  corr=-218.27W  u_ff=104.2W  PCAP→78W  power=nanW
[PID] perf=18.204Hz  target=10.446Hz  err=-7.758Hz  corr=-183.87W  u_ff=104.2W  PCAP→78W  power=78.6W
[PID] perf=18.223Hz  target=10.446Hz  err=-7.777Hz  corr=-184.21W  u_ff=104.2W  PCAP→78W  power=77.6W
[PID] perf=18.215Hz  target=10.446Hz  err=-7.769Hz  corr=-184.07W  u_ff=104.2W  PCAP→78W  power=77.3W
[PID] perf=18.240Hz  target=10.446Hz  err=-7.794Hz  corr=-184.54W  u_ff=104.2W  PCAP→78W  power=77.9W
[PID] perf=18.217Hz  target=10.446Hz  err=-7.771Hz  corr=-184.11W  u_ff=104.2W  PCAP→78W  power=78.7W
[PID] perf=18.211Hz  target=10.446Hz  err=-7.765Hz  corr=-184.00W  u_ff=104.2W  PCAP→78W  power=76.6W
[PID] perf=18.225Hz  target=10.446Hz  err=-7.778Hz  corr=-184.24W  u_ff=104.2W  PCAP→78W  power=76.5W
[PID] perf=18.234Hz  target=10.446Hz  err=-7.788Hz  corr=-184.42W  u_ff=104.2W  PCAP→78W  power=77.4W
[PID] perf=18.235Hz  target=10.446Hz  err=-7.789Hz  corr=-184.44W  u_ff=104.2W  PCAP→78W  power=78.0W
[PID] perf=18.216Hz  target=10.446Hz  err=-7.769Hz  corr=-184.08W  u_ff=104.2W  PCAP→78W  power=78.7W
[PID] perf=18.187Hz  target=10.446Hz  err=-7.741Hz  corr=-183.55W  u_ff=104.2W  PCAP→78W  power=78.4W
[PID] perf=18.216Hz  target=10.446Hz  err=-7.770Hz  corr=-184.08W  u_ff=104.2W  PCAP→78W  power=78.0W
[PID] perf=18.204Hz  target=10.446Hz  err=-7.757Hz  corr=-183.86W  u_ff=104.2W  PCAP→78W  power=77.2W
[PID] perf=18.218Hz  target=10.446Hz  err=-7.772Hz  corr=-184.12W  u_ff=104.2W  PCAP→78W  power=77.8W
[PID] perf=18.204Hz  target=10.446Hz  err=-7.758Hz  corr=-183.86W  u_ff=104.2W  PCAP→78W  power=77.2W
[PID] perf=18.201Hz  target=10.446Hz  err=-7.755Hz  corr=-183.81W  u_ff=104.2W  PCAP→78W  power=78.1W
[PID] perf=24.071Hz  target=10.446Hz  err=-13.624Hz  corr=-292.66W  u_ff=104.2W  PCAP→78W  power=78.6W
[PID] perf=28.797Hz  target=10.446Hz  err=-18.350Hz  corr=-380.30W  u_ff=104.2W  PCAP→78W  power=78.6W
[PID] perf=29.334Hz  target=10.446Hz  err=-18.888Hz  corr=-390.27W  u_ff=104.2W  PCAP→78W  power=79.3W
[PID] perf=29.360Hz  target=10.446Hz  err=-18.914Hz  corr=-390.75W  u_ff=104.2W  PCAP→78W  power=77.7W
[PID] perf=29.350Hz  target=10.446Hz  err=-18.903Hz  corr=-390.56W  u_ff=104.2W  PCAP→78W  power=78.9W
[PID] perf=29.350Hz  target=10.446Hz  err=-18.903Hz  corr=-390.55W  u_ff=104.2W  PCAP→78W  power=79.4W
[PID] perf=29.335Hz  target=10.446Hz  err=-18.889Hz  corr=-390.28W  u_ff=104.2W  PCAP→78W  power=78.5W
[PID] perf=29.366Hz  target=10.446Hz  err=-18.920Hz  corr=-390.86W  u_ff=104.2W  PCAP→78W  power=77.6W
[PID] perf=29.345Hz  target=10.446Hz  err=-18.899Hz  corr=-390.47W  u_ff=104.2W  PCAP→78W  power=76.2W
[PID] perf=29.392Hz  target=10.446Hz  err=-18.945Hz  corr=-391.33W  u_ff=104.2W  PCAP→78W  power=79.3W
[PID] perf=29.329Hz  target=10.446Hz  err=-18.882Hz  corr=-390.16W  u_ff=104.2W  PCAP→78W  power=76.0W
[PID] perf=29.345Hz  target=10.446Hz  err=-18.898Hz  corr=-390.47W  u_ff=104.2W  PCAP→78W  power=76.9W
[PID] perf=29.349Hz  target=10.446Hz  err=-18.903Hz  corr=-390.54W  u_ff=104.2W  PCAP→78W  power=76.8W
[PID] perf=29.351Hz  target=10.446Hz  err=-18.905Hz  corr=-390.58W  u_ff=104.2W  PCAP→78W  power=79.0W
[PID] perf=29.329Hz  target=10.446Hz  err=-18.882Hz  corr=-390.16W  u_ff=104.2W  PCAP→78W  power=79.5W
[PID] perf=29.353Hz  target=10.446Hz  err=-18.906Hz  corr=-390.61W  u_ff=104.2W  PCAP→78W  power=78.8W
[PID] perf=29.354Hz  target=10.446Hz  err=-18.907Hz  corr=-390.63W  u_ff=104.2W  PCAP→78W  power=77.1W
[PID] perf=29.365Hz  target=10.446Hz  err=-18.919Hz  corr=-390.85W  u_ff=104.2W  PCAP→78W  power=76.8W
[PID] perf=29.353Hz  target=10.446Hz  err=-18.907Hz  corr=-390.62W  u_ff=104.2W  PCAP→78W  power=79.1W
[PID] perf=29.365Hz  target=10.446Hz  err=-18.918Hz  corr=-390.84W  u_ff=104.2W  PCAP→78W  power=78.7W
[PID] perf=29.357Hz  target=10.446Hz  err=-18.910Hz  corr=-390.69W  u_ff=104.2W  PCAP→78W  power=78.6W
[PID] perf=29.337Hz  target=10.446Hz  err=-18.890Hz  corr=-390.31W  u_ff=104.2W  PCAP→78W  power=79.0W
[PID] perf=29.359Hz  target=10.446Hz  err=-18.912Hz  corr=-390.72W  u_ff=104.2W  PCAP→78W  power=76.6W
[PID] perf=29.349Hz  target=10.446Hz  err=-18.902Hz  corr=-390.54W  u_ff=104.2W  PCAP→78W  power=77.3W
[PID] perf=29.372Hz  target=10.446Hz  err=-18.926Hz  corr=-390.97W  u_ff=104.2W  PCAP→78W  power=79.1W
[PID] perf=29.367Hz  target=10.446Hz  err=-18.920Hz  corr=-390.87W  u_ff=104.2W  PCAP→78W  power=78.7W
[PID] perf=29.341Hz  target=10.446Hz  err=-18.894Hz  corr=-390.39W  u_ff=104.2W  PCAP→78W  power=79.0W
[PID] perf=29.333Hz  target=10.446Hz  err=-18.887Hz  corr=-390.24W  u_ff=104.2W  PCAP→78W  power=79.3W
[PID] perf=29.329Hz  target=10.446Hz  err=-18.883Hz  corr=-390.18W  u_ff=104.2W  PCAP→78W  power=79.1W
[PID] perf=29.363Hz  target=10.446Hz  err=-18.916Hz  corr=-390.80W  u_ff=104.2W  PCAP→78W  power=76.8W
[PID] perf=29.365Hz  target=10.446Hz  err=-18.918Hz  corr=-390.83W  u_ff=104.2W  PCAP→78W  power=77.1W
[PID] perf=29.325Hz  target=10.446Hz  err=-18.879Hz  corr=-390.11W  u_ff=104.2W  PCAP→78W  power=76.9W
[PID] perf=29.337Hz  target=10.446Hz  err=-18.891Hz  corr=-390.32W  u_ff=104.2W  PCAP→78W  power=77.1W
[PID] perf=29.348Hz  target=10.446Hz  err=-18.902Hz  corr=-390.53W  u_ff=104.2W  PCAP→78W  power=77.6W
[PID] perf=29.339Hz  target=10.446Hz  err=-18.893Hz  corr=-390.37W  u_ff=104.2W  PCAP→78W  power=77.0W
[PID] perf=29.335Hz  target=10.446Hz  err=-18.889Hz  corr=-390.29W  u_ff=104.2W  PCAP→78W  power=76.6W
[PID] perf=29.307Hz  target=10.446Hz  err=-18.861Hz  corr=-389.76W  u_ff=104.2W  PCAP→78W  power=78.7W
[PID] perf=29.325Hz  target=10.446Hz  err=-18.879Hz  corr=-390.10W  u_ff=104.2W  PCAP→78W  power=78.4W
[PID] perf=29.371Hz  target=10.446Hz  err=-18.924Hz  corr=-390.94W  u_ff=104.2W  PCAP→78W  power=77.3W
[PID] perf=29.362Hz  target=10.446Hz  err=-18.916Hz  corr=-390.79W  u_ff=104.2W  PCAP→78W  power=79.2W
[PID] perf=29.322Hz  target=10.446Hz  err=-18.875Hz  corr=-390.04W  u_ff=104.2W  PCAP→78W  power=78.4W
[PID] perf=29.355Hz  target=10.446Hz  err=-18.908Hz  corr=-390.65W  u_ff=104.2W  PCAP→78W  power=77.8W
[PID] perf=29.306Hz  target=10.446Hz  err=-18.860Hz  corr=-389.75W  u_ff=104.2W  PCAP→78W  power=78.9W
[PID] perf=29.370Hz  target=10.446Hz  err=-18.923Hz  corr=-390.93W  u_ff=104.2W  PCAP→78W  power=77.4W
[PID] perf=29.350Hz  target=10.446Hz  err=-18.904Hz  corr=-390.56W  u_ff=104.2W  PCAP→78W  power=78.4W
[PID] perf=29.356Hz  target=10.446Hz  err=-18.909Hz  corr=-390.67W  u_ff=104.2W  PCAP→78W  power=78.0W
[PID] perf=29.350Hz  target=10.446Hz  err=-18.903Hz  corr=-390.55W  u_ff=104.2W  PCAP→78W  power=78.7W
[PID] perf=29.380Hz  target=10.446Hz  err=-18.934Hz  corr=-391.12W  u_ff=104.2W  PCAP→78W  power=77.4W
[PID] perf=29.343Hz  target=10.446Hz  err=-18.896Hz  corr=-390.42W  u_ff=104.2W  PCAP→78W  power=76.9W
[PID] perf=29.351Hz  target=10.446Hz  err=-18.904Hz  corr=-390.57W  u_ff=104.2W  PCAP→78W  power=78.0W
[PID] perf=29.306Hz  target=10.446Hz  err=-18.860Hz  corr=-389.75W  u_ff=104.2W  PCAP→78W  power=78.1W
[PID] perf=29.331Hz  target=10.446Hz  err=-18.885Hz  corr=-390.21W  u_ff=104.2W  PCAP→78W  power=78.2W
[PID] perf=29.344Hz  target=10.446Hz  err=-18.897Hz  corr=-390.44W  u_ff=104.2W  PCAP→78W  power=77.4W
[PID] perf=29.345Hz  target=10.446Hz  err=-18.899Hz  corr=-390.47W  u_ff=104.2W  PCAP→78W  power=78.7W
[PID] perf=29.357Hz  target=10.446Hz  err=-18.910Hz  corr=-390.69W  u_ff=104.2W  PCAP→78W  power=76.5W
[PID] perf=29.348Hz  target=10.446Hz  err=-18.902Hz  corr=-390.53W  u_ff=104.2W  PCAP→78W  power=77.0W
[PID] perf=29.355Hz  target=10.446Hz  err=-18.908Hz  corr=-390.65W  u_ff=104.2W  PCAP→78W  power=77.2W
[PID] perf=29.268Hz  target=10.446Hz  err=-18.821Hz  corr=-389.04W  u_ff=104.2W  PCAP→78W  power=77.8W
[PID] perf=29.374Hz  target=10.446Hz  err=-18.928Hz  corr=-391.01W  u_ff=104.2W  PCAP→78W  power=79.7W
[PID] perf=29.373Hz  target=10.446Hz  err=-18.926Hz  corr=-390.98W  u_ff=104.2W  PCAP→78W  power=79.0W
[PID] perf=29.368Hz  target=10.446Hz  err=-18.921Hz  corr=-390.89W  u_ff=104.2W  PCAP→78W  power=79.4W
[PID] perf=29.360Hz  target=10.446Hz  err=-18.914Hz  corr=-390.75W  u_ff=104.2W  PCAP→78W  power=77.2W
[PID] perf=29.386Hz  target=10.446Hz  err=-18.939Hz  corr=-391.22W  u_ff=104.2W  PCAP→78W  power=78.0W
[PID] perf=29.360Hz  target=10.446Hz  err=-18.913Hz  corr=-390.74W  u_ff=104.2W  PCAP→78W  power=79.0W
[PID] perf=29.371Hz  target=10.446Hz  err=-18.925Hz  corr=-390.95W  u_ff=104.2W  PCAP→78W  power=77.5W
[PID] perf=29.312Hz  target=10.446Hz  err=-18.865Hz  corr=-389.85W  u_ff=104.2W  PCAP→78W  power=78.8W
[PID] perf=29.347Hz  target=10.446Hz  err=-18.900Hz  corr=-390.50W  u_ff=104.2W  PCAP→78W  power=74.3W
[PID] perf=26.815Hz  target=10.446Hz  err=-16.369Hz  corr=-343.55W  u_ff=104.2W  PCAP→78W  power=78.5W
[PID] perf=26.850Hz  target=10.446Hz  err=-16.404Hz  corr=-344.21W  u_ff=104.2W  PCAP→78W  power=79.2W
[PID] perf=26.792Hz  target=10.446Hz  err=-16.345Hz  corr=-343.12W  u_ff=104.2W  PCAP→78W  power=79.2W
[PID] perf=26.834Hz  target=10.446Hz  err=-16.387Hz  corr=-343.90W  u_ff=104.2W  PCAP→78W  power=78.8W
[PID] perf=26.844Hz  target=10.446Hz  err=-16.398Hz  corr=-344.09W  u_ff=104.2W  PCAP→78W  power=78.3W
[PID] perf=26.895Hz  target=10.446Hz  err=-16.448Hz  corr=-345.03W  u_ff=104.2W  PCAP→78W  power=77.0W
[PID] perf=26.837Hz  target=10.446Hz  err=-16.391Hz  corr=-343.96W  u_ff=104.2W  PCAP→78W  power=79.1W
[PID] perf=26.859Hz  target=10.446Hz  err=-16.412Hz  corr=-344.36W  u_ff=104.2W  PCAP→78W  power=76.9W
[PID] perf=26.819Hz  target=10.446Hz  err=-16.373Hz  corr=-343.63W  u_ff=104.2W  PCAP→78W  power=78.7W
[PID] perf=26.835Hz  target=10.446Hz  err=-16.389Hz  corr=-343.92W  u_ff=104.2W  PCAP→78W  power=76.9W
[PID] perf=26.892Hz  target=10.446Hz  err=-16.445Hz  corr=-344.97W  u_ff=104.2W  PCAP→78W  power=78.3W
[PID] perf=26.902Hz  target=10.446Hz  err=-16.455Hz  corr=-345.16W  u_ff=104.2W  PCAP→78W  power=77.5W
[PID] perf=26.841Hz  target=10.446Hz  err=-16.394Hz  corr=-344.02W  u_ff=104.2W  PCAP→78W  power=76.5W
[PID] perf=26.884Hz  target=10.446Hz  err=-16.437Hz  corr=-344.82W  u_ff=104.2W  PCAP→78W  power=78.5W
[PID] perf=26.877Hz  target=10.446Hz  err=-16.431Hz  corr=-344.70W  u_ff=104.2W  PCAP→78W  power=77.3W
[PID] perf=26.885Hz  target=10.446Hz  err=-16.439Hz  corr=-344.85W  u_ff=104.2W  PCAP→78W  power=77.3W
[PID] perf=26.876Hz  target=10.446Hz  err=-16.430Hz  corr=-344.69W  u_ff=104.2W  PCAP→78W  power=77.4W
[PID] perf=26.914Hz  target=10.446Hz  err=-16.468Hz  corr=-345.39W  u_ff=104.2W  PCAP→78W  power=78.7W
[PID] perf=26.891Hz  target=10.446Hz  err=-16.445Hz  corr=-344.97W  u_ff=104.2W  PCAP→78W  power=77.6W
[PID] perf=26.941Hz  target=10.446Hz  err=-16.495Hz  corr=-345.89W  u_ff=104.2W  PCAP→78W  power=77.7W
[PID] perf=26.914Hz  target=10.446Hz  err=-16.468Hz  corr=-345.39W  u_ff=104.2W  PCAP→78W  power=78.1W
[PID] perf=26.910Hz  target=10.446Hz  err=-16.463Hz  corr=-345.31W  u_ff=104.2W  PCAP→78W  power=78.0W
[PID] perf=26.858Hz  target=10.446Hz  err=-16.411Hz  corr=-344.35W  u_ff=104.2W  PCAP→78W  power=77.2W
[PID] perf=26.861Hz  target=10.446Hz  err=-16.415Hz  corr=-344.41W  u_ff=104.2W  PCAP→78W  power=78.7W
[PID] perf=26.864Hz  target=10.446Hz  err=-16.418Hz  corr=-344.47W  u_ff=104.2W  PCAP→78W  power=78.4W
[PID] perf=26.884Hz  target=10.446Hz  err=-16.438Hz  corr=-344.83W  u_ff=104.2W  PCAP→78W  power=76.6W
[PID] perf=26.542Hz  target=10.446Hz  err=-16.095Hz  corr=-338.48W  u_ff=104.2W  PCAP→78W  power=79.3W
[PID] perf=25.618Hz  target=10.446Hz  err=-15.171Hz  corr=-321.35W  u_ff=104.2W  PCAP→78W  power=79.4W
[PID] perf=25.761Hz  target=10.446Hz  err=-15.314Hz  corr=-324.00W  u_ff=104.2W  PCAP→78W  power=78.8W
[PID] perf=25.804Hz  target=10.446Hz  err=-15.357Hz  corr=-324.80W  u_ff=104.2W  PCAP→78W  power=77.7W
[PID] perf=25.785Hz  target=10.446Hz  err=-15.338Hz  corr=-324.45W  u_ff=104.2W  PCAP→78W  power=78.4W
[PID] perf=25.818Hz  target=10.446Hz  err=-15.372Hz  corr=-325.07W  u_ff=104.2W  PCAP→78W  power=76.4W
[PID] perf=25.796Hz  target=10.446Hz  err=-15.350Hz  corr=-324.65W  u_ff=104.2W  PCAP→78W  power=77.4W
[PID] perf=25.676Hz  target=10.446Hz  err=-15.230Hz  corr=-322.43W  u_ff=104.2W  PCAP→78W  power=78.4W
[PID] perf=25.700Hz  target=10.446Hz  err=-15.254Hz  corr=-322.87W  u_ff=104.2W  PCAP→78W  power=77.7W
[PID] perf=25.714Hz  target=10.446Hz  err=-15.268Hz  corr=-323.13W  u_ff=104.2W  PCAP→78W  power=78.5W
[PID] perf=25.707Hz  target=10.446Hz  err=-15.261Hz  corr=-323.01W  u_ff=104.2W  PCAP→78W  power=76.9W
[PID] perf=25.729Hz  target=10.446Hz  err=-15.282Hz  corr=-323.41W  u_ff=104.2W  PCAP→78W  power=76.8W
[PID] perf=25.690Hz  target=10.446Hz  err=-15.243Hz  corr=-322.68W  u_ff=104.2W  PCAP→78W  power=78.5W
[PID] perf=25.706Hz  target=10.446Hz  err=-15.260Hz  corr=-322.99W  u_ff=104.2W  PCAP→78W  power=78.6W
[PID] perf=25.704Hz  target=10.446Hz  err=-15.257Hz  corr=-322.94W  u_ff=104.2W  PCAP→78W  power=77.2W
[PID] perf=25.678Hz  target=10.446Hz  err=-15.232Hz  corr=-322.47W  u_ff=104.2W  PCAP→78W  power=77.2W
[PID] perf=25.704Hz  target=10.446Hz  err=-15.257Hz  corr=-322.94W  u_ff=104.2W  PCAP→78W  power=79.3W
[PID] perf=25.712Hz  target=10.446Hz  err=-15.266Hz  corr=-323.10W  u_ff=104.2W  PCAP→78W  power=77.9W
[PID] perf=25.713Hz  target=10.446Hz  err=-15.267Hz  corr=-323.12W  u_ff=104.2W  PCAP→78W  power=78.0W
[PID] perf=25.700Hz  target=10.446Hz  err=-15.253Hz  corr=-322.87W  u_ff=104.2W  PCAP→78W  power=78.2W
[PID] perf=25.733Hz  target=10.446Hz  err=-15.286Hz  corr=-323.48W  u_ff=104.2W  PCAP→78W  power=77.9W
[PID] perf=25.712Hz  target=10.446Hz  err=-15.265Hz  corr=-323.09W  u_ff=104.2W  PCAP→78W  power=77.7W
[PID] perf=25.689Hz  target=10.446Hz  err=-15.242Hz  corr=-322.66W  u_ff=104.2W  PCAP→78W  power=77.5W
[PID] perf=25.701Hz  target=10.446Hz  err=-15.255Hz  corr=-322.89W  u_ff=104.2W  PCAP→78W  power=76.6W
[PID] perf=25.713Hz  target=10.446Hz  err=-15.266Hz  corr=-323.11W  u_ff=104.2W  PCAP→78W  power=79.2W
[PID] perf=25.712Hz  target=10.446Hz  err=-15.266Hz  corr=-323.10W  u_ff=104.2W  PCAP→78W  power=76.4W
[PID] perf=25.703Hz  target=10.446Hz  err=-15.256Hz  corr=-322.93W  u_ff=104.2W  PCAP→78W  power=77.4W
[PID] perf=25.665Hz  target=10.446Hz  err=-15.219Hz  corr=-322.23W  u_ff=104.2W  PCAP→78W  power=77.7W
[PID] perf=25.679Hz  target=10.446Hz  err=-15.233Hz  corr=-322.48W  u_ff=104.2W  PCAP→78W  power=77.5W
[PID] perf=25.701Hz  target=10.446Hz  err=-15.255Hz  corr=-322.89W  u_ff=104.2W  PCAP→78W  power=79.0W
[PID] perf=25.702Hz  target=10.446Hz  err=-15.255Hz  corr=-322.90W  u_ff=104.2W  PCAP→78W  power=77.4W
[PID] perf=25.733Hz  target=10.446Hz  err=-15.286Hz  corr=-323.48W  u_ff=104.2W  PCAP→78W  power=78.5W
[PID] perf=25.755Hz  target=10.446Hz  err=-15.309Hz  corr=-323.90W  u_ff=104.2W  PCAP→78W  power=78.9W
[PID] perf=25.686Hz  target=10.446Hz  err=-15.240Hz  corr=-322.62W  u_ff=104.2W  PCAP→78W  power=78.0W
[PID] perf=25.710Hz  target=10.446Hz  err=-15.264Hz  corr=-323.06W  u_ff=104.2W  PCAP→78W  power=77.3W
[PID] perf=25.695Hz  target=10.446Hz  err=-15.248Hz  corr=-322.77W  u_ff=104.2W  PCAP→78W  power=77.1W
[PID] perf=25.703Hz  target=10.446Hz  err=-15.257Hz  corr=-322.93W  u_ff=104.2W  PCAP→78W  power=78.9W
[PID] perf=25.702Hz  target=10.446Hz  err=-15.255Hz  corr=-322.90W  u_ff=104.2W  PCAP→78W  power=76.6W
[PID] perf=25.723Hz  target=10.446Hz  err=-15.277Hz  corr=-323.30W  u_ff=104.2W  PCAP→78W  power=77.8W
[PID] perf=25.715Hz  target=10.446Hz  err=-15.269Hz  corr=-323.15W  u_ff=104.2W  PCAP→78W  power=78.1W
[PID] perf=25.710Hz  target=10.446Hz  err=-15.263Hz  corr=-323.05W  u_ff=104.2W  PCAP→78W  power=77.2W
[PID] perf=25.728Hz  target=10.446Hz  err=-15.282Hz  corr=-323.40W  u_ff=104.2W  PCAP→78W  power=77.1W
[PID] perf=25.714Hz  target=10.446Hz  err=-15.268Hz  corr=-323.13W  u_ff=104.2W  PCAP→78W  power=79.0W
[PID] perf=25.707Hz  target=10.446Hz  err=-15.261Hz  corr=-323.01W  u_ff=104.2W  PCAP→78W  power=78.6W
[PID] perf=25.722Hz  target=10.446Hz  err=-15.275Hz  corr=-323.27W  u_ff=104.2W  PCAP→78W  power=77.6W
[PID] perf=25.714Hz  target=10.446Hz  err=-15.267Hz  corr=-323.13W  u_ff=104.2W  PCAP→78W  power=77.4W
[PID] perf=25.665Hz  target=10.446Hz  err=-15.219Hz  corr=-322.22W  u_ff=104.2W  PCAP→78W  power=78.4W
[PID] perf=25.691Hz  target=10.446Hz  err=-15.245Hz  corr=-322.71W  u_ff=104.2W  PCAP→78W  power=76.3W
[PID] perf=25.697Hz  target=10.446Hz  err=-15.251Hz  corr=-322.82W  u_ff=104.2W  PCAP→78W  power=78.6W
[PID] perf=23.947Hz  target=10.446Hz  err=-13.501Hz  corr=-290.37W  u_ff=104.2W  PCAP→78W  power=76.9W
[PID] perf=24.025Hz  target=10.446Hz  err=-13.578Hz  corr=-291.81W  u_ff=104.2W  PCAP→78W  power=76.6W
[PID] perf=24.080Hz  target=10.446Hz  err=-13.634Hz  corr=-292.83W  u_ff=104.2W  PCAP→78W  power=77.8W
[PID] perf=24.126Hz  target=10.446Hz  err=-13.679Hz  corr=-293.68W  u_ff=104.2W  PCAP→78W  power=77.4W
[PID] perf=24.148Hz  target=10.446Hz  err=-13.702Hz  corr=-294.09W  u_ff=104.2W  PCAP→78W  power=76.7W
[PID] perf=24.136Hz  target=10.446Hz  err=-13.690Hz  corr=-293.88W  u_ff=104.2W  PCAP→78W  power=77.2W
[PID] perf=24.146Hz  target=10.446Hz  err=-13.700Hz  corr=-294.06W  u_ff=104.2W  PCAP→78W  power=78.8W
[PID] perf=24.146Hz  target=10.446Hz  err=-13.700Hz  corr=-294.06W  u_ff=104.2W  PCAP→78W  power=78.7W
[PID] perf=24.168Hz  target=10.446Hz  err=-13.722Hz  corr=-294.46W  u_ff=104.2W  PCAP→78W  power=77.8W
[PID] perf=24.193Hz  target=10.446Hz  err=-13.747Hz  corr=-294.93W  u_ff=104.2W  PCAP→78W  power=77.9W
[PID] perf=24.122Hz  target=10.446Hz  err=-13.676Hz  corr=-293.61W  u_ff=104.2W  PCAP→78W  power=76.0W
[PID] perf=24.168Hz  target=10.446Hz  err=-13.722Hz  corr=-294.47W  u_ff=104.2W  PCAP→78W  power=78.6W
[PID] perf=24.211Hz  target=10.446Hz  err=-13.765Hz  corr=-295.26W  u_ff=104.2W  PCAP→78W  power=78.9W
[PID] perf=24.242Hz  target=10.446Hz  err=-13.795Hz  corr=-295.83W  u_ff=104.2W  PCAP→78W  power=77.7W
[PID] perf=24.235Hz  target=10.446Hz  err=-13.788Hz  corr=-295.70W  u_ff=104.2W  PCAP→78W  power=78.2W
[PID] perf=24.246Hz  target=10.446Hz  err=-13.800Hz  corr=-295.91W  u_ff=104.2W  PCAP→78W  power=79.4W
[PID] perf=24.260Hz  target=10.446Hz  err=-13.814Hz  corr=-296.17W  u_ff=104.2W  PCAP→78W  power=77.2W
[PID] perf=24.252Hz  target=10.446Hz  err=-13.806Hz  corr=-296.02W  u_ff=104.2W  PCAP→78W  power=77.0W
[PID] perf=24.248Hz  target=10.446Hz  err=-13.802Hz  corr=-295.95W  u_ff=104.2W  PCAP→78W  power=78.8W
[PID] perf=24.261Hz  target=10.446Hz  err=-13.814Hz  corr=-296.18W  u_ff=104.2W  PCAP→78W  power=78.9W
[PID] perf=24.275Hz  target=10.446Hz  err=-13.828Hz  corr=-296.44W  u_ff=104.2W  PCAP→78W  power=78.2W
[PID] perf=24.265Hz  target=10.446Hz  err=-13.818Hz  corr=-296.26W  u_ff=104.2W  PCAP→78W  power=78.5W
[PID] perf=24.274Hz  target=10.446Hz  err=-13.827Hz  corr=-296.42W  u_ff=104.2W  PCAP→78W  power=77.0W
[PID] perf=24.250Hz  target=10.446Hz  err=-13.804Hz  corr=-295.98W  u_ff=104.2W  PCAP→78W  power=78.6W
[PID] perf=24.266Hz  target=10.446Hz  err=-13.819Hz  corr=-296.27W  u_ff=104.2W  PCAP→78W  power=78.5W
[PID] perf=24.272Hz  target=10.446Hz  err=-13.825Hz  corr=-296.38W  u_ff=104.2W  PCAP→78W  power=77.0W
[PID] perf=24.250Hz  target=10.446Hz  err=-13.803Hz  corr=-295.98W  u_ff=104.2W  PCAP→78W  power=77.5W
[PID] perf=24.262Hz  target=10.446Hz  err=-13.815Hz  corr=-296.20W  u_ff=104.2W  PCAP→78W  power=79.0W
[PID] perf=24.268Hz  target=10.446Hz  err=-13.822Hz  corr=-296.32W  u_ff=104.2W  PCAP→78W  power=76.6W
[PID] perf=24.258Hz  target=10.446Hz  err=-13.811Hz  corr=-296.12W  u_ff=104.2W  PCAP→78W  power=77.8W
[PID] perf=24.253Hz  target=10.446Hz  err=-13.806Hz  corr=-296.03W  u_ff=104.2W  PCAP→78W  power=78.3W
[PID] perf=26.422Hz  target=10.446Hz  err=-15.975Hz  corr=-336.26W  u_ff=104.2W  PCAP→78W  power=77.7W
[PID] perf=26.125Hz  target=10.446Hz  err=-15.679Hz  corr=-330.76W  u_ff=104.2W  PCAP→78W  power=77.0W
[PID] perf=26.155Hz  target=10.446Hz  err=-15.709Hz  corr=-331.32W  u_ff=104.2W  PCAP→78W  power=78.7W
[PID] perf=26.163Hz  target=10.446Hz  err=-15.717Hz  corr=-331.46W  u_ff=104.2W  PCAP→78W  power=78.9W
[PID] perf=26.174Hz  target=10.446Hz  err=-15.728Hz  corr=-331.67W  u_ff=104.2W  PCAP→78W  power=77.5W
[PID] perf=26.192Hz  target=10.446Hz  err=-15.745Hz  corr=-331.99W  u_ff=104.2W  PCAP→78W  power=77.0W
[PID] perf=26.188Hz  target=10.446Hz  err=-15.741Hz  corr=-331.92W  u_ff=104.2W  PCAP→78W  power=79.3W
[PID] perf=26.171Hz  target=10.446Hz  err=-15.725Hz  corr=-331.61W  u_ff=104.2W  PCAP→78W  power=78.0W
[PID] perf=26.199Hz  target=10.446Hz  err=-15.752Hz  corr=-332.12W  u_ff=104.2W  PCAP→78W  power=77.8W
[PID] perf=26.173Hz  target=10.446Hz  err=-15.726Hz  corr=-331.64W  u_ff=104.2W  PCAP→78W  power=78.3W
[PID] perf=26.106Hz  target=10.446Hz  err=-15.660Hz  corr=-330.41W  u_ff=104.2W  PCAP→78W  power=76.8W
[PID] perf=26.084Hz  target=10.446Hz  err=-15.638Hz  corr=-330.00W  u_ff=104.2W  PCAP→78W  power=77.2W
[PID] perf=26.067Hz  target=10.446Hz  err=-15.620Hz  corr=-329.67W  u_ff=104.2W  PCAP→78W  power=78.5W
[PID] perf=26.058Hz  target=10.446Hz  err=-15.611Hz  corr=-329.51W  u_ff=104.2W  PCAP→78W  power=77.9W
[PID] perf=26.997Hz  target=10.446Hz  err=-16.550Hz  corr=-346.92W  u_ff=104.2W  PCAP→78W  power=78.4W
[PID] perf=27.025Hz  target=10.446Hz  err=-16.578Hz  corr=-347.44W  u_ff=104.2W  PCAP→78W  power=78.5W
[PID] perf=27.027Hz  target=10.446Hz  err=-16.581Hz  corr=-347.48W  u_ff=104.2W  PCAP→78W  power=77.5W
[PID] perf=27.036Hz  target=10.446Hz  err=-16.589Hz  corr=-347.64W  u_ff=104.2W  PCAP→78W  power=79.1W
[PID] perf=27.039Hz  target=10.446Hz  err=-16.593Hz  corr=-347.70W  u_ff=104.2W  PCAP→78W  power=78.2W
[PID] perf=27.042Hz  target=10.446Hz  err=-16.596Hz  corr=-347.76W  u_ff=104.2W  PCAP→78W  power=78.6W
[PID] perf=27.061Hz  target=10.446Hz  err=-16.615Hz  corr=-348.12W  u_ff=104.2W  PCAP→78W  power=78.0W
[PID] perf=27.064Hz  target=10.446Hz  err=-16.617Hz  corr=-348.16W  u_ff=104.2W  PCAP→78W  power=79.1W
[PID] perf=27.060Hz  target=10.446Hz  err=-16.614Hz  corr=-348.09W  u_ff=104.2W  PCAP→78W  power=78.6W
[PID] perf=27.065Hz  target=10.446Hz  err=-16.618Hz  corr=-348.18W  u_ff=104.2W  PCAP→78W  power=79.0W
[PID] perf=27.071Hz  target=10.446Hz  err=-16.624Hz  corr=-348.29W  u_ff=104.2W  PCAP→78W  power=76.5W
[PID] perf=27.094Hz  target=10.446Hz  err=-16.648Hz  corr=-348.73W  u_ff=104.2W  PCAP→78W  power=78.8W
[PID] perf=27.088Hz  target=10.446Hz  err=-16.641Hz  corr=-348.61W  u_ff=104.2W  PCAP→78W  power=77.2W
[PID] perf=27.055Hz  target=10.446Hz  err=-16.609Hz  corr=-348.00W  u_ff=104.2W  PCAP→78W  power=76.6W
[PID] perf=27.055Hz  target=10.446Hz  err=-16.608Hz  corr=-348.00W  u_ff=104.2W  PCAP→78W  power=79.3W
[PID] perf=27.052Hz  target=10.446Hz  err=-16.606Hz  corr=-347.95W  u_ff=104.2W  PCAP→78W  power=76.3W
[PID] perf=27.054Hz  target=10.446Hz  err=-16.607Hz  corr=-347.98W  u_ff=104.2W  PCAP→78W  power=76.9W
[PID] perf=27.034Hz  target=10.446Hz  err=-16.587Hz  corr=-347.60W  u_ff=104.2W  PCAP→78W  power=78.5W
[PID] perf=26.993Hz  target=10.446Hz  err=-16.547Hz  corr=-346.86W  u_ff=104.2W  PCAP→78W  power=78.2W
[PID] perf=27.017Hz  target=10.446Hz  err=-16.571Hz  corr=-347.30W  u_ff=104.2W  PCAP→78W  power=77.4W
[PID] perf=27.037Hz  target=10.446Hz  err=-16.590Hz  corr=-347.66W  u_ff=104.2W  PCAP→78W  power=78.1W
[PID] perf=27.048Hz  target=10.446Hz  err=-16.602Hz  corr=-347.87W  u_ff=104.2W  PCAP→78W  power=79.8W
[PID] perf=27.058Hz  target=10.446Hz  err=-16.611Hz  corr=-348.05W  u_ff=104.2W  PCAP→78W  power=76.7W
[PID] perf=27.032Hz  target=10.446Hz  err=-16.585Hz  corr=-347.57W  u_ff=104.2W  PCAP→78W  power=78.0W
[PID] perf=27.083Hz  target=10.446Hz  err=-16.637Hz  corr=-348.52W  u_ff=104.2W  PCAP→78W  power=76.6W
[PID] perf=27.065Hz  target=10.446Hz  err=-16.619Hz  corr=-348.18W  u_ff=104.2W  PCAP→78W  power=78.1W
[PID] perf=27.709Hz  target=10.446Hz  err=-17.263Hz  corr=-360.13W  u_ff=104.2W  PCAP→78W  power=79.3W
[PID] perf=27.807Hz  target=10.446Hz  err=-17.360Hz  corr=-361.94W  u_ff=104.2W  PCAP→78W  power=77.1W
[PID] perf=27.752Hz  target=10.446Hz  err=-17.306Hz  corr=-360.93W  u_ff=104.2W  PCAP→78W  power=78.6W
[PID] perf=27.748Hz  target=10.446Hz  err=-17.302Hz  corr=-360.86W  u_ff=104.2W  PCAP→78W  power=77.1W
[PID] perf=27.763Hz  target=10.446Hz  err=-17.317Hz  corr=-361.14W  u_ff=104.2W  PCAP→78W  power=78.7W
[PID] perf=27.751Hz  target=10.446Hz  err=-17.305Hz  corr=-360.91W  u_ff=104.2W  PCAP→78W  power=78.4W
[PID] perf=27.713Hz  target=10.446Hz  err=-17.267Hz  corr=-360.21W  u_ff=104.2W  PCAP→78W  power=76.8W
[PID] perf=27.746Hz  target=10.446Hz  err=-17.300Hz  corr=-360.82W  u_ff=104.2W  PCAP→78W  power=79.1W
[PID] perf=27.749Hz  target=10.446Hz  err=-17.303Hz  corr=-360.88W  u_ff=104.2W  PCAP→78W  power=78.2W
[PID] perf=27.758Hz  target=10.446Hz  err=-17.311Hz  corr=-361.03W  u_ff=104.2W  PCAP→78W  power=76.3W
[PID] perf=27.814Hz  target=10.446Hz  err=-17.367Hz  corr=-362.07W  u_ff=104.2W  PCAP→78W  power=78.3W
[PID] perf=27.782Hz  target=10.446Hz  err=-17.336Hz  corr=-361.49W  u_ff=104.2W  PCAP→78W  power=76.4W
[PID] perf=27.782Hz  target=10.446Hz  err=-17.335Hz  corr=-361.48W  u_ff=104.2W  PCAP→78W  power=77.9W
[PID] perf=27.823Hz  target=10.446Hz  err=-17.377Hz  corr=-362.25W  u_ff=104.2W  PCAP→78W  power=78.4W
[PID] perf=27.784Hz  target=10.446Hz  err=-17.337Hz  corr=-361.52W  u_ff=104.2W  PCAP→78W  power=78.3W
[PID] perf=27.848Hz  target=10.446Hz  err=-17.402Hz  corr=-362.71W  u_ff=104.2W  PCAP→78W  power=78.6W
[PID] perf=29.068Hz  target=10.446Hz  err=-18.621Hz  corr=-385.32W  u_ff=104.2W  PCAP→78W  power=77.9W
[PID] perf=29.057Hz  target=10.446Hz  err=-18.611Hz  corr=-385.13W  u_ff=104.2W  PCAP→78W  power=76.9W
[PID] perf=29.095Hz  target=10.446Hz  err=-18.649Hz  corr=-385.84W  u_ff=104.2W  PCAP→78W  power=77.8W
[PID] perf=29.068Hz  target=10.446Hz  err=-18.621Hz  corr=-385.33W  u_ff=104.2W  PCAP→78W  power=78.7W
[PID] perf=29.092Hz  target=10.446Hz  err=-18.645Hz  corr=-385.77W  u_ff=104.2W  PCAP→78W  power=76.8W
[PID] perf=29.073Hz  target=10.446Hz  err=-18.627Hz  corr=-385.43W  u_ff=104.2W  PCAP→78W  power=77.6W
[PID] perf=29.054Hz  target=10.446Hz  err=-18.608Hz  corr=-385.07W  u_ff=104.2W  PCAP→78W  power=77.3W
[PID] perf=29.062Hz  target=10.446Hz  err=-18.616Hz  corr=-385.22W  u_ff=104.2W  PCAP→78W  power=78.9W
[PID] perf=29.068Hz  target=10.446Hz  err=-18.621Hz  corr=-385.33W  u_ff=104.2W  PCAP→78W  power=77.6W
[PID] perf=29.036Hz  target=10.446Hz  err=-18.589Hz  corr=-384.73W  u_ff=104.2W  PCAP→78W  power=78.0W
[PID] perf=29.077Hz  target=10.446Hz  err=-18.631Hz  corr=-385.50W  u_ff=104.2W  PCAP→78W  power=77.2W
[PID] perf=29.065Hz  target=10.446Hz  err=-18.619Hz  corr=-385.28W  u_ff=104.2W  PCAP→78W  power=77.5W
[PID] perf=29.076Hz  target=10.446Hz  err=-18.629Hz  corr=-385.48W  u_ff=104.2W  PCAP→78W  power=78.6W
[PID] perf=29.112Hz  target=10.446Hz  err=-18.665Hz  corr=-386.14W  u_ff=104.2W  PCAP→78W  power=78.6W
[PID] perf=29.041Hz  target=10.446Hz  err=-18.595Hz  corr=-384.84W  u_ff=104.2W  PCAP→78W  power=78.3W
[PID] perf=29.029Hz  target=10.446Hz  err=-18.582Hz  corr=-384.60W  u_ff=104.2W  PCAP→78W  power=79.3W
[PID] perf=29.068Hz  target=10.446Hz  err=-18.622Hz  corr=-385.34W  u_ff=104.2W  PCAP→78W  power=77.2W
[PID] perf=29.058Hz  target=10.446Hz  err=-18.611Hz  corr=-385.14W  u_ff=104.2W  PCAP→78W  power=77.2W
[PID] perf=29.088Hz  target=10.446Hz  err=-18.641Hz  corr=-385.70W  u_ff=104.2W  PCAP→78W  power=78.4W
[PID] perf=29.059Hz  target=10.446Hz  err=-18.612Hz  corr=-385.16W  u_ff=104.2W  PCAP→78W  power=78.5W
[PID] perf=29.050Hz  target=10.446Hz  err=-18.603Hz  corr=-384.99W  u_ff=104.2W  PCAP→78W  power=79.0W
[PID] perf=29.047Hz  target=10.446Hz  err=-18.601Hz  corr=-384.95W  u_ff=104.2W  PCAP→78W  power=79.3W
[PID] perf=29.051Hz  target=10.446Hz  err=-18.605Hz  corr=-385.02W  u_ff=104.2W  PCAP→78W  power=77.4W
[PID] perf=29.063Hz  target=10.446Hz  err=-18.616Hz  corr=-385.23W  u_ff=104.2W  PCAP→78W  power=78.3W
[PID] perf=29.071Hz  target=10.446Hz  err=-18.624Hz  corr=-385.38W  u_ff=104.2W  PCAP→78W  power=78.4W
[PID] perf=29.058Hz  target=10.446Hz  err=-18.611Hz  corr=-385.14W  u_ff=104.2W  PCAP→78W  power=77.0W
[PID] perf=29.074Hz  target=10.446Hz  err=-18.628Hz  corr=-385.45W  u_ff=104.2W  PCAP→78W  power=78.8W
[PID] perf=29.069Hz  target=10.446Hz  err=-18.623Hz  corr=-385.36W  u_ff=104.2W  PCAP→78W  power=79.4W
[PID] perf=29.072Hz  target=10.446Hz  err=-18.625Hz  corr=-385.40W  u_ff=104.2W  PCAP→78W  power=76.8W
[PID] perf=29.049Hz  target=10.446Hz  err=-18.603Hz  corr=-384.99W  u_ff=104.2W  PCAP→78W  power=77.8W
[PID] perf=29.030Hz  target=10.446Hz  err=-18.584Hz  corr=-384.63W  u_ff=104.2W  PCAP→78W  power=78.9W
[PID] perf=29.046Hz  target=10.446Hz  err=-18.600Hz  corr=-384.92W  u_ff=104.2W  PCAP→78W  power=78.4W
[PID] perf=29.054Hz  target=10.446Hz  err=-18.608Hz  corr=-385.07W  u_ff=104.2W  PCAP→78W  power=78.4W
[PID] perf=29.060Hz  target=10.446Hz  err=-18.613Hz  corr=-385.18W  u_ff=104.2W  PCAP→78W  power=77.6W
[PID] perf=29.051Hz  target=10.446Hz  err=-18.604Hz  corr=-385.01W  u_ff=104.2W  PCAP→78W  power=78.7W
[PID] perf=29.075Hz  target=10.446Hz  err=-18.628Hz  corr=-385.45W  u_ff=104.2W  PCAP→78W  power=77.4W
[PID] perf=29.068Hz  target=10.446Hz  err=-18.622Hz  corr=-385.33W  u_ff=104.2W  PCAP→78W  power=78.6W
[PID] perf=29.094Hz  target=10.446Hz  err=-18.648Hz  corr=-385.82W  u_ff=104.2W  PCAP→78W  power=79.2W
[PID] perf=29.066Hz  target=10.446Hz  err=-18.619Hz  corr=-385.29W  u_ff=104.2W  PCAP→78W  power=79.0W
[PID] perf=29.064Hz  target=10.446Hz  err=-18.617Hz  corr=-385.25W  u_ff=104.2W  PCAP→78W  power=78.4W
[PID] perf=29.085Hz  target=10.446Hz  err=-18.638Hz  corr=-385.64W  u_ff=104.2W  PCAP→78W  power=76.5W
[PID] perf=29.064Hz  target=10.446Hz  err=-18.617Hz  corr=-385.25W  u_ff=104.2W  PCAP→78W  power=78.0W
[PID] perf=29.063Hz  target=10.446Hz  err=-18.617Hz  corr=-385.24W  u_ff=104.2W  PCAP→78W  power=79.5W
[PID] perf=29.063Hz  target=10.446Hz  err=-18.617Hz  corr=-385.24W  u_ff=104.2W  PCAP→78W  power=76.4W
[PID] perf=29.056Hz  target=10.446Hz  err=-18.610Hz  corr=-385.11W  u_ff=104.2W  PCAP→78W  power=78.2W
[PID] perf=27.414Hz  target=10.446Hz  err=-16.967Hz  corr=-354.65W  u_ff=104.2W  PCAP→78W  power=76.5W
[PID] perf=27.452Hz  target=10.446Hz  err=-17.005Hz  corr=-355.36W  u_ff=104.2W  PCAP→78W  power=78.6W
[PID] perf=29.051Hz  target=10.446Hz  err=-18.604Hz  corr=-385.01W  u_ff=104.2W  PCAP→78W  power=77.6W
[PID] perf=29.083Hz  target=10.446Hz  err=-18.637Hz  corr=-385.61W  u_ff=104.2W  PCAP→78W  power=76.6W
[PID] perf=29.075Hz  target=10.446Hz  err=-18.629Hz  corr=-385.46W  u_ff=104.2W  PCAP→78W  power=77.2W
[PID] perf=29.051Hz  target=10.446Hz  err=-18.605Hz  corr=-385.02W  u_ff=104.2W  PCAP→78W  power=79.3W
[PID] perf=29.062Hz  target=10.446Hz  err=-18.616Hz  corr=-385.22W  u_ff=104.2W  PCAP→78W  power=77.1W
[PID] perf=29.062Hz  target=10.446Hz  err=-18.616Hz  corr=-385.22W  u_ff=104.2W  PCAP→78W  power=77.1W
[PID] perf=29.046Hz  target=10.446Hz  err=-18.599Hz  corr=-384.91W  u_ff=104.2W  PCAP→78W  power=77.5W
[PID] perf=29.054Hz  target=10.446Hz  err=-18.607Hz  corr=-385.07W  u_ff=104.2W  PCAP→78W  power=77.1W
[PID] perf=29.043Hz  target=10.446Hz  err=-18.597Hz  corr=-384.88W  u_ff=104.2W  PCAP→78W  power=78.7W
[PID] perf=29.065Hz  target=10.446Hz  err=-18.619Hz  corr=-385.27W  u_ff=104.2W  PCAP→78W  power=77.4W
[PID] perf=29.043Hz  target=10.446Hz  err=-18.596Hz  corr=-384.86W  u_ff=104.2W  PCAP→78W  power=78.2W
[PID] perf=29.057Hz  target=10.446Hz  err=-18.611Hz  corr=-385.13W  u_ff=104.2W  PCAP→78W  power=76.1W
[PID] perf=29.040Hz  target=10.446Hz  err=-18.594Hz  corr=-384.82W  u_ff=104.2W  PCAP→78W  power=79.3W
[PID] perf=29.078Hz  target=10.446Hz  err=-18.632Hz  corr=-385.52W  u_ff=104.2W  PCAP→78W  power=76.5W
[PID] perf=29.058Hz  target=10.446Hz  err=-18.611Hz  corr=-385.14W  u_ff=104.2W  PCAP→78W  power=79.1W
[PID] perf=29.081Hz  target=10.446Hz  err=-18.634Hz  corr=-385.57W  u_ff=104.2W  PCAP→78W  power=77.7W
[PID] perf=29.056Hz  target=10.446Hz  err=-18.609Hz  corr=-385.10W  u_ff=104.2W  PCAP→78W  power=77.2W
[PID] perf=29.058Hz  target=10.446Hz  err=-18.612Hz  corr=-385.15W  u_ff=104.2W  PCAP→78W  power=79.5W
[PID] perf=29.072Hz  target=10.446Hz  err=-18.626Hz  corr=-385.41W  u_ff=104.2W  PCAP→78W  power=79.7W
[PID] perf=29.043Hz  target=10.446Hz  err=-18.596Hz  corr=-384.86W  u_ff=104.2W  PCAP→78W  power=78.2W
[PID] perf=29.056Hz  target=10.446Hz  err=-18.610Hz  corr=-385.11W  u_ff=104.2W  PCAP→78W  power=79.2W
[PID] perf=29.020Hz  target=10.446Hz  err=-18.574Hz  corr=-384.44W  u_ff=104.2W  PCAP→78W  power=77.6W
[PID] perf=29.052Hz  target=10.446Hz  err=-18.606Hz  corr=-385.04W  u_ff=104.2W  PCAP→78W  power=77.1W
[PID] perf=29.051Hz  target=10.446Hz  err=-18.605Hz  corr=-385.02W  u_ff=104.2W  PCAP→78W  power=79.1W
[PID] perf=29.052Hz  target=10.446Hz  err=-18.605Hz  corr=-385.03W  u_ff=104.2W  PCAP→78W  power=78.0W
[PID] perf=29.044Hz  target=10.446Hz  err=-18.597Hz  corr=-384.88W  u_ff=104.2W  PCAP→78W  power=78.9W
[PID] perf=29.041Hz  target=10.446Hz  err=-18.595Hz  corr=-384.84W  u_ff=104.2W  PCAP→78W  power=78.6W
[PID] perf=29.040Hz  target=10.446Hz  err=-18.593Hz  corr=-384.81W  u_ff=104.2W  PCAP→78W  power=78.3W
[PID] perf=29.087Hz  target=10.446Hz  err=-18.640Hz  corr=-385.68W  u_ff=104.2W  PCAP→78W  power=78.4W
[PID] perf=29.057Hz  target=10.446Hz  err=-18.611Hz  corr=-385.13W  u_ff=104.2W  PCAP→78W  power=78.9W
[PID] perf=29.069Hz  target=10.446Hz  err=-18.623Hz  corr=-385.36W  u_ff=104.2W  PCAP→78W  power=76.8W
[PID] perf=29.043Hz  target=10.446Hz  err=-18.596Hz  corr=-384.86W  u_ff=104.2W  PCAP→78W  power=76.6W
[PID] perf=29.024Hz  target=10.446Hz  err=-18.578Hz  corr=-384.52W  u_ff=104.2W  PCAP→78W  power=77.7W
[PID] perf=29.084Hz  target=10.446Hz  err=-18.638Hz  corr=-385.63W  u_ff=104.2W  PCAP→78W  power=77.0W
[PID] perf=29.046Hz  target=10.446Hz  err=-18.599Hz  corr=-384.92W  u_ff=104.2W  PCAP→78W  power=76.9W
[PID] perf=29.066Hz  target=10.446Hz  err=-18.619Hz  corr=-385.29W  u_ff=104.2W  PCAP→78W  power=79.2W
[PID] perf=29.050Hz  target=10.446Hz  err=-18.604Hz  corr=-385.00W  u_ff=104.2W  PCAP→78W  power=77.7W
[PID] perf=28.990Hz  target=10.446Hz  err=-18.543Hz  corr=-383.88W  u_ff=104.2W  PCAP→78W  power=78.8W
[PID] perf=29.053Hz  target=10.446Hz  err=-18.606Hz  corr=-385.05W  u_ff=104.2W  PCAP→78W  power=78.4W
[PID] perf=29.057Hz  target=10.446Hz  err=-18.611Hz  corr=-385.13W  u_ff=104.2W  PCAP→78W  power=78.4W
[PID] perf=29.045Hz  target=10.446Hz  err=-18.598Hz  corr=-384.90W  u_ff=104.2W  PCAP→78W  power=78.7W
[PID] perf=29.035Hz  target=10.446Hz  err=-18.589Hz  corr=-384.72W  u_ff=104.2W  PCAP→78W  power=79.5W
[PID] perf=29.019Hz  target=10.446Hz  err=-18.572Hz  corr=-384.42W  u_ff=104.2W  PCAP→78W  power=77.5W
[PID] perf=28.964Hz  target=10.446Hz  err=-18.517Hz  corr=-383.40W  u_ff=104.2W  PCAP→78W  power=79.1W
[PID] perf=29.054Hz  target=10.446Hz  err=-18.608Hz  corr=-385.08W  u_ff=104.2W  PCAP→78W  power=79.2W
[PID] perf=29.039Hz  target=10.446Hz  err=-18.593Hz  corr=-384.80W  u_ff=104.2W  PCAP→78W  power=78.5W
[PID] perf=29.048Hz  target=10.446Hz  err=-18.601Hz  corr=-384.95W  u_ff=104.2W  PCAP→78W  power=78.7W
[PID] perf=29.035Hz  target=10.446Hz  err=-18.589Hz  corr=-384.72W  u_ff=104.2W  PCAP→78W  power=77.3W
[PID] perf=29.067Hz  target=10.446Hz  err=-18.621Hz  corr=-385.32W  u_ff=104.2W  PCAP→78W  power=77.8W
[PID] perf=29.072Hz  target=10.446Hz  err=-18.625Hz  corr=-385.40W  u_ff=104.2W  PCAP→78W  power=76.4W
[PID] perf=29.050Hz  target=10.446Hz  err=-18.603Hz  corr=-384.99W  u_ff=104.2W  PCAP→78W  power=77.6W
[PID] perf=29.055Hz  target=10.446Hz  err=-18.608Hz  corr=-385.08W  u_ff=104.2W  PCAP→78W  power=77.6W
[PID] perf=29.048Hz  target=10.446Hz  err=-18.602Hz  corr=-384.96W  u_ff=104.2W  PCAP→78W  power=77.8W
[PID] perf=29.039Hz  target=10.446Hz  err=-18.593Hz  corr=-384.80W  u_ff=104.2W  PCAP→78W  power=77.4W
[PID] perf=29.013Hz  target=10.446Hz  err=-18.566Hz  corr=-384.30W  u_ff=104.2W  PCAP→78W  power=78.8W
[PID] perf=29.026Hz  target=10.446Hz  err=-18.579Hz  corr=-384.55W  u_ff=104.2W  PCAP→78W  power=75.9W
[PID] perf=29.042Hz  target=10.446Hz  err=-18.596Hz  corr=-384.85W  u_ff=104.2W  PCAP→78W  power=78.1W
[PID] perf=29.047Hz  target=10.446Hz  err=-18.601Hz  corr=-384.95W  u_ff=104.2W  PCAP→78W  power=78.8W
[PID] perf=29.048Hz  target=10.446Hz  err=-18.602Hz  corr=-384.96W  u_ff=104.2W  PCAP→78W  power=77.8W
[PID] perf=29.025Hz  target=10.446Hz  err=-18.579Hz  corr=-384.53W  u_ff=104.2W  PCAP→78W  power=78.2W
[PID] perf=29.083Hz  target=10.446Hz  err=-18.636Hz  corr=-385.60W  u_ff=104.2W  PCAP→78W  power=77.6W
[PID] perf=29.090Hz  target=10.446Hz  err=-18.643Hz  corr=-385.74W  u_ff=104.2W  PCAP→78W  power=76.0W
[PID] perf=29.043Hz  target=10.446Hz  err=-18.597Hz  corr=-384.87W  u_ff=104.2W  PCAP→78W  power=77.1W
[PID] perf=29.078Hz  target=10.446Hz  err=-18.632Hz  corr=-385.52W  u_ff=104.2W  PCAP→78W  power=77.5W
[PID] perf=29.082Hz  target=10.446Hz  err=-18.636Hz  corr=-385.60W  u_ff=104.2W  PCAP→78W  power=76.8W
[PID] perf=29.075Hz  target=10.446Hz  err=-18.629Hz  corr=-385.47W  u_ff=104.2W  PCAP→78W  power=78.0W
[PID] perf=29.090Hz  target=10.446Hz  err=-18.643Hz  corr=-385.74W  u_ff=104.2W  PCAP→78W  power=77.9W
[PID] perf=29.063Hz  target=10.446Hz  err=-18.616Hz  corr=-385.23W  u_ff=104.2W  PCAP→78W  power=78.1W
[PID] perf=29.053Hz  target=10.446Hz  err=-18.606Hz  corr=-385.05W  u_ff=104.2W  PCAP→78W  power=76.4W
[PID] perf=29.063Hz  target=10.446Hz  err=-18.616Hz  corr=-385.23W  u_ff=104.2W  PCAP→78W  power=76.7W
[PID] perf=27.569Hz  target=10.446Hz  err=-17.123Hz  corr=-357.54W  u_ff=104.2W  PCAP→78W  power=77.7W
[PID] perf=27.630Hz  target=10.446Hz  err=-17.184Hz  corr=-358.67W  u_ff=104.2W  PCAP→78W  power=78.2W
[PID] perf=27.652Hz  target=10.446Hz  err=-17.205Hz  corr=-359.07W  u_ff=104.2W  PCAP→78W  power=78.6W
[PID] perf=27.669Hz  target=10.446Hz  err=-17.223Hz  corr=-359.39W  u_ff=104.2W  PCAP→78W  power=79.3W
[PID] perf=27.631Hz  target=10.446Hz  err=-17.185Hz  corr=-358.68W  u_ff=104.2W  PCAP→78W  power=79.2W
[PID] perf=27.693Hz  target=10.446Hz  err=-17.246Hz  corr=-359.82W  u_ff=104.2W  PCAP→78W  power=77.5W
[PID] perf=27.691Hz  target=10.446Hz  err=-17.245Hz  corr=-359.80W  u_ff=104.2W  PCAP→78W  power=78.3W
[PID] perf=27.720Hz  target=10.446Hz  err=-17.273Hz  corr=-360.33W  u_ff=104.2W  PCAP→78W  power=76.6W
[PID] perf=27.726Hz  target=10.446Hz  err=-17.280Hz  corr=-360.45W  u_ff=104.2W  PCAP→78W  power=77.1W
[PID] perf=27.687Hz  target=10.446Hz  err=-17.241Hz  corr=-359.73W  u_ff=104.2W  PCAP→78W  power=76.6W
[PID] perf=27.730Hz  target=10.446Hz  err=-17.283Hz  corr=-360.51W  u_ff=104.2W  PCAP→78W  power=77.1W
[PID] perf=27.681Hz  target=10.446Hz  err=-17.234Hz  corr=-359.61W  u_ff=104.2W  PCAP→78W  power=77.3W
[PID] perf=27.670Hz  target=10.446Hz  err=-17.224Hz  corr=-359.41W  u_ff=104.2W  PCAP→78W  power=79.1W
[PID] perf=27.673Hz  target=10.446Hz  err=-17.226Hz  corr=-359.46W  u_ff=104.2W  PCAP→78W  power=77.5W
[PID] perf=27.670Hz  target=10.446Hz  err=-17.224Hz  corr=-359.40W  u_ff=104.2W  PCAP→78W  power=76.7W
[PID] perf=27.686Hz  target=10.446Hz  err=-17.240Hz  corr=-359.71W  u_ff=104.2W  PCAP→78W  power=78.5W
[PID] perf=27.668Hz  target=10.446Hz  err=-17.222Hz  corr=-359.38W  u_ff=104.2W  PCAP→78W  power=79.1W
[PID] perf=27.676Hz  target=10.446Hz  err=-17.229Hz  corr=-359.51W  u_ff=104.2W  PCAP→78W  power=77.5W
[PID] perf=27.650Hz  target=10.446Hz  err=-17.204Hz  corr=-359.04W  u_ff=104.2W  PCAP→78W  power=77.6W
[PID] perf=27.650Hz  target=10.446Hz  err=-17.204Hz  corr=-359.04W  u_ff=104.2W  PCAP→78W  power=77.7W
[PID] perf=27.651Hz  target=10.446Hz  err=-17.204Hz  corr=-359.05W  u_ff=104.2W  PCAP→78W  power=77.2W
[PID] perf=27.647Hz  target=10.446Hz  err=-17.201Hz  corr=-358.98W  u_ff=104.2W  PCAP→78W  power=76.4W
[PID] perf=27.644Hz  target=10.446Hz  err=-17.197Hz  corr=-358.92W  u_ff=104.2W  PCAP→78W  power=76.4W
[PID] perf=27.642Hz  target=10.446Hz  err=-17.195Hz  corr=-358.88W  u_ff=104.2W  PCAP→78W  power=78.6W
[PID] perf=27.631Hz  target=10.446Hz  err=-17.185Hz  corr=-358.68W  u_ff=104.2W  PCAP→78W  power=77.1W
[PID] perf=27.637Hz  target=10.446Hz  err=-17.191Hz  corr=-358.80W  u_ff=104.2W  PCAP→78W  power=79.0W
[PID] perf=27.649Hz  target=10.446Hz  err=-17.202Hz  corr=-359.01W  u_ff=104.2W  PCAP→78W  power=78.3W
[PID] perf=27.650Hz  target=10.446Hz  err=-17.203Hz  corr=-359.03W  u_ff=104.2W  PCAP→78W  power=77.8W
[PID] perf=27.664Hz  target=10.446Hz  err=-17.218Hz  corr=-359.29W  u_ff=104.2W  PCAP→78W  power=77.1W
[PID] perf=27.632Hz  target=10.446Hz  err=-17.186Hz  corr=-358.70W  u_ff=104.2W  PCAP→78W  power=77.6W
[PID] perf=27.683Hz  target=10.446Hz  err=-17.236Hz  corr=-359.64W  u_ff=104.2W  PCAP→78W  power=78.3W
[PID] perf=27.668Hz  target=10.446Hz  err=-17.221Hz  corr=-359.36W  u_ff=104.2W  PCAP→78W  power=78.2W
[PID] perf=27.707Hz  target=10.446Hz  err=-17.260Hz  corr=-360.08W  u_ff=104.2W  PCAP→78W  power=78.2W
[PID] perf=27.692Hz  target=10.446Hz  err=-17.246Hz  corr=-359.81W  u_ff=104.2W  PCAP→78W  power=77.4W
[PID] perf=27.663Hz  target=10.446Hz  err=-17.217Hz  corr=-359.28W  u_ff=104.2W  PCAP→78W  power=77.3W
[PID] perf=27.680Hz  target=10.446Hz  err=-17.233Hz  corr=-359.58W  u_ff=104.2W  PCAP→78W  power=77.6W
[PID] perf=27.667Hz  target=10.446Hz  err=-17.220Hz  corr=-359.35W  u_ff=104.2W  PCAP→78W  power=79.3W
[PID] perf=27.712Hz  target=10.446Hz  err=-17.265Hz  corr=-360.18W  u_ff=104.2W  PCAP→78W  power=76.8W
[PID] perf=27.676Hz  target=10.446Hz  err=-17.230Hz  corr=-359.52W  u_ff=104.2W  PCAP→78W  power=78.9W
[PID] perf=27.665Hz  target=10.446Hz  err=-17.218Hz  corr=-359.31W  u_ff=104.2W  PCAP→78W  power=79.0W
[PID] perf=27.700Hz  target=10.446Hz  err=-17.254Hz  corr=-359.96W  u_ff=104.2W  PCAP→78W  power=77.5W
[PID] perf=27.680Hz  target=10.446Hz  err=-17.233Hz  corr=-359.58W  u_ff=104.2W  PCAP→78W  power=76.1W
[PID] perf=27.702Hz  target=10.446Hz  err=-17.256Hz  corr=-360.00W  u_ff=104.2W  PCAP→78W  power=76.7W
[PID] perf=27.653Hz  target=10.446Hz  err=-17.207Hz  corr=-359.09W  u_ff=104.2W  PCAP→78W  power=77.7W
[PID] perf=27.684Hz  target=10.446Hz  err=-17.237Hz  corr=-359.66W  u_ff=104.2W  PCAP→78W  power=77.6W
[PID] perf=27.671Hz  target=10.446Hz  err=-17.225Hz  corr=-359.43W  u_ff=104.2W  PCAP→78W  power=76.6W
[PID] perf=27.717Hz  target=10.446Hz  err=-17.271Hz  corr=-360.28W  u_ff=104.2W  PCAP→78W  power=77.1W
[PID] perf=27.655Hz  target=10.446Hz  err=-17.208Hz  corr=-359.12W  u_ff=104.2W  PCAP→78W  power=78.7W
[PID] perf=27.642Hz  target=10.446Hz  err=-17.196Hz  corr=-358.89W  u_ff=104.2W  PCAP→78W  power=77.4W
[PID] perf=27.681Hz  target=10.446Hz  err=-17.235Hz  corr=-359.62W  u_ff=104.2W  PCAP→78W  power=79.0W
[PID] perf=27.658Hz  target=10.446Hz  err=-17.212Hz  corr=-359.18W  u_ff=104.2W  PCAP→78W  power=77.3W
[PID] perf=27.686Hz  target=10.446Hz  err=-17.240Hz  corr=-359.71W  u_ff=104.2W  PCAP→78W  power=77.1W
[PID] perf=27.669Hz  target=10.446Hz  err=-17.223Hz  corr=-359.39W  u_ff=104.2W  PCAP→78W  power=79.0W
[PID] perf=27.658Hz  target=10.446Hz  err=-17.212Hz  corr=-359.19W  u_ff=104.2W  PCAP→78W  power=77.5W
[PID] perf=27.625Hz  target=10.446Hz  err=-17.178Hz  corr=-358.57W  u_ff=104.2W  PCAP→78W  power=78.4W
[PID] perf=27.679Hz  target=10.446Hz  err=-17.232Hz  corr=-359.56W  u_ff=104.2W  PCAP→78W  power=77.1W
[PID] perf=27.698Hz  target=10.446Hz  err=-17.251Hz  corr=-359.92W  u_ff=104.2W  PCAP→78W  power=78.5W
[PID] perf=27.671Hz  target=10.446Hz  err=-17.225Hz  corr=-359.43W  u_ff=104.2W  PCAP→78W  power=78.5W
[PID] perf=27.650Hz  target=10.446Hz  err=-17.203Hz  corr=-359.03W  u_ff=104.2W  PCAP→78W  power=78.6W
[PID] perf=27.658Hz  target=10.446Hz  err=-17.211Hz  corr=-359.18W  u_ff=104.2W  PCAP→78W  power=77.6W
[PID] perf=27.683Hz  target=10.446Hz  err=-17.236Hz  corr=-359.64W  u_ff=104.2W  PCAP→78W  power=77.7W
[PID] perf=27.678Hz  target=10.446Hz  err=-17.231Hz  corr=-359.55W  u_ff=104.2W  PCAP→78W  power=77.5W
[PID] perf=27.696Hz  target=10.446Hz  err=-17.250Hz  corr=-359.89W  u_ff=104.2W  PCAP→78W  power=77.0W
[PID] perf=27.671Hz  target=10.446Hz  err=-17.225Hz  corr=-359.43W  u_ff=104.2W  PCAP→78W  power=77.5W
[PID] perf=27.712Hz  target=10.446Hz  err=-17.265Hz  corr=-360.18W  u_ff=104.2W  PCAP→78W  power=76.0W
[PID] perf=27.705Hz  target=10.446Hz  err=-17.259Hz  corr=-360.05W  u_ff=104.2W  PCAP→78W  power=78.5W
[PID] perf=27.707Hz  target=10.446Hz  err=-17.261Hz  corr=-360.09W  u_ff=104.2W  PCAP→78W  power=79.2W
[PID] perf=27.677Hz  target=10.446Hz  err=-17.230Hz  corr=-359.53W  u_ff=104.2W  PCAP→78W  power=77.0W
[PID] perf=27.558Hz  target=10.446Hz  err=-17.111Hz  corr=-357.32W  u_ff=104.2W  PCAP→78W  power=77.1W
[PID] perf=27.546Hz  target=10.446Hz  err=-17.100Hz  corr=-357.11W  u_ff=104.2W  PCAP→78W  power=76.6W
[PID] perf=27.559Hz  target=10.446Hz  err=-17.112Hz  corr=-357.34W  u_ff=104.2W  PCAP→78W  power=77.7W
[PID] perf=27.557Hz  target=10.446Hz  err=-17.111Hz  corr=-357.31W  u_ff=104.2W  PCAP→78W  power=78.4W
[PID] perf=27.591Hz  target=10.446Hz  err=-17.144Hz  corr=-357.93W  u_ff=104.2W  PCAP→78W  power=79.1W
[PID] perf=27.586Hz  target=10.446Hz  err=-17.140Hz  corr=-357.85W  u_ff=104.2W  PCAP→78W  power=78.6W
[PID] perf=27.564Hz  target=10.446Hz  err=-17.118Hz  corr=-357.44W  u_ff=104.2W  PCAP→78W  power=78.8W
[PID] perf=27.534Hz  target=10.446Hz  err=-17.088Hz  corr=-356.89W  u_ff=104.2W  PCAP→78W  power=78.7W
[PID] perf=27.340Hz  target=10.446Hz  err=-16.893Hz  corr=-353.28W  u_ff=104.2W  PCAP→78W  power=76.3W
[PID] perf=27.379Hz  target=10.446Hz  err=-16.933Hz  corr=-354.01W  u_ff=104.2W  PCAP→78W  power=76.7W
[PID] perf=27.364Hz  target=10.446Hz  err=-16.917Hz  corr=-353.72W  u_ff=104.2W  PCAP→78W  power=78.1W
[PID] perf=27.398Hz  target=10.446Hz  err=-16.952Hz  corr=-354.36W  u_ff=104.2W  PCAP→78W  power=77.8W
[PID] perf=27.422Hz  target=10.446Hz  err=-16.975Hz  corr=-354.80W  u_ff=104.2W  PCAP→78W  power=79.0W
[PID] perf=27.388Hz  target=10.446Hz  err=-16.941Hz  corr=-354.17W  u_ff=104.2W  PCAP→78W  power=77.5W
[PID] perf=27.387Hz  target=10.446Hz  err=-16.940Hz  corr=-354.15W  u_ff=104.2W  PCAP→78W  power=78.2W
[PID] perf=27.388Hz  target=10.446Hz  err=-16.942Hz  corr=-354.18W  u_ff=104.2W  PCAP→78W  power=78.7W
[PID] perf=27.434Hz  target=10.446Hz  err=-16.988Hz  corr=-355.03W  u_ff=104.2W  PCAP→78W  power=78.6W
[PID] perf=27.387Hz  target=10.446Hz  err=-16.941Hz  corr=-354.16W  u_ff=104.2W  PCAP→78W  power=76.4W
[PID] perf=27.399Hz  target=10.446Hz  err=-16.953Hz  corr=-354.38W  u_ff=104.2W  PCAP→78W  power=76.9W
[PID] perf=27.364Hz  target=10.446Hz  err=-16.917Hz  corr=-353.73W  u_ff=104.2W  PCAP→78W  power=76.6W
[PID] perf=27.294Hz  target=10.446Hz  err=-16.848Hz  corr=-352.44W  u_ff=104.2W  PCAP→78W  power=78.4W
[PID] perf=27.372Hz  target=10.446Hz  err=-16.926Hz  corr=-353.89W  u_ff=104.2W  PCAP→78W  power=76.3W
[PID] perf=27.391Hz  target=10.446Hz  err=-16.945Hz  corr=-354.23W  u_ff=104.2W  PCAP→78W  power=77.8W
[PID] perf=27.409Hz  target=10.446Hz  err=-16.962Hz  corr=-354.56W  u_ff=104.2W  PCAP→78W  power=78.5W
[PID] perf=27.386Hz  target=10.446Hz  err=-16.939Hz  corr=-354.13W  u_ff=104.2W  PCAP→78W  power=78.8W
[PID] perf=27.387Hz  target=10.446Hz  err=-16.940Hz  corr=-354.15W  u_ff=104.2W  PCAP→78W  power=78.5W
[PID] perf=27.454Hz  target=10.446Hz  err=-17.007Hz  corr=-355.40W  u_ff=104.2W  PCAP→78W  power=78.6W
[PID] perf=27.431Hz  target=10.446Hz  err=-16.985Hz  corr=-354.98W  u_ff=104.2W  PCAP→78W  power=77.6W
[PID] perf=27.426Hz  target=10.446Hz  err=-16.979Hz  corr=-354.87W  u_ff=104.2W  PCAP→78W  power=78.2W
[PID] perf=27.450Hz  target=10.446Hz  err=-17.003Hz  corr=-355.32W  u_ff=104.2W  PCAP→78W  power=78.5W
[PID] perf=27.456Hz  target=10.446Hz  err=-17.010Hz  corr=-355.44W  u_ff=104.2W  PCAP→78W  power=77.1W
[PID] perf=27.452Hz  target=10.446Hz  err=-17.005Hz  corr=-355.36W  u_ff=104.2W  PCAP→78W  power=77.4W
[PID] perf=27.460Hz  target=10.446Hz  err=-17.014Hz  corr=-355.52W  u_ff=104.2W  PCAP→78W  power=78.1W
[PID] perf=27.483Hz  target=10.446Hz  err=-17.036Hz  corr=-355.93W  u_ff=104.2W  PCAP→78W  power=77.8W
[PID] perf=27.413Hz  target=10.446Hz  err=-16.966Hz  corr=-354.63W  u_ff=104.2W  PCAP→78W  power=77.4W
[PID] perf=27.455Hz  target=10.446Hz  err=-17.008Hz  corr=-355.41W  u_ff=104.2W  PCAP→78W  power=78.8W
[PID] perf=27.434Hz  target=10.446Hz  err=-16.987Hz  corr=-355.02W  u_ff=104.2W  PCAP→78W  power=77.2W
[PID] perf=27.444Hz  target=10.446Hz  err=-16.998Hz  corr=-355.21W  u_ff=104.2W  PCAP→78W  power=78.1W
[PID] perf=27.445Hz  target=10.446Hz  err=-16.998Hz  corr=-355.23W  u_ff=104.2W  PCAP→78W  power=78.8W
[PID] perf=27.443Hz  target=10.446Hz  err=-16.997Hz  corr=-355.20W  u_ff=104.2W  PCAP→78W  power=78.2W
[PID] perf=27.443Hz  target=10.446Hz  err=-16.996Hz  corr=-355.19W  u_ff=104.2W  PCAP→78W  power=78.6W
[PID] perf=27.424Hz  target=10.446Hz  err=-16.978Hz  corr=-354.85W  u_ff=104.2W  PCAP→78W  power=78.2W
[PID] perf=27.461Hz  target=10.446Hz  err=-17.015Hz  corr=-355.54W  u_ff=104.2W  PCAP→78W  power=77.3W
[PID] perf=27.419Hz  target=10.446Hz  err=-16.973Hz  corr=-354.75W  u_ff=104.2W  PCAP→78W  power=78.9W
[PID] perf=27.444Hz  target=10.446Hz  err=-16.998Hz  corr=-355.22W  u_ff=104.2W  PCAP→78W  power=77.6W
[PID] perf=27.428Hz  target=10.446Hz  err=-16.981Hz  corr=-354.91W  u_ff=104.2W  PCAP→78W  power=78.8W
[PID] perf=27.468Hz  target=10.446Hz  err=-17.022Hz  corr=-355.66W  u_ff=104.2W  PCAP→78W  power=78.5W
[PID] perf=27.477Hz  target=10.446Hz  err=-17.031Hz  corr=-355.84W  u_ff=104.2W  PCAP→78W  power=79.0W
[PID] perf=27.495Hz  target=10.446Hz  err=-17.049Hz  corr=-356.16W  u_ff=104.2W  PCAP→78W  power=79.3W
[PID] perf=27.485Hz  target=10.446Hz  err=-17.039Hz  corr=-355.98W  u_ff=104.2W  PCAP→78W  power=77.7W
[PID] perf=27.470Hz  target=10.446Hz  err=-17.023Hz  corr=-355.69W  u_ff=104.2W  PCAP→78W  power=78.3W
[PID] perf=27.485Hz  target=10.446Hz  err=-17.038Hz  corr=-355.97W  u_ff=104.2W  PCAP→78W  power=77.6W
[PID] perf=27.440Hz  target=10.446Hz  err=-16.994Hz  corr=-355.14W  u_ff=104.2W  PCAP→78W  power=76.9W
[PID] perf=27.616Hz  target=10.446Hz  err=-17.170Hz  corr=-358.41W  u_ff=104.2W  PCAP→78W  power=76.5W
[PID] perf=27.681Hz  target=10.446Hz  err=-17.234Hz  corr=-359.60W  u_ff=104.2W  PCAP→78W  power=77.7W
[PID] perf=27.743Hz  target=10.446Hz  err=-17.296Hz  corr=-360.75W  u_ff=104.2W  PCAP→78W  power=77.1W
[PID] perf=27.744Hz  target=10.446Hz  err=-17.298Hz  corr=-360.78W  u_ff=104.2W  PCAP→78W  power=76.9W
[PID] perf=27.763Hz  target=10.446Hz  err=-17.316Hz  corr=-361.12W  u_ff=104.2W  PCAP→78W  power=78.6W
[PID] perf=27.735Hz  target=10.446Hz  err=-17.288Hz  corr=-360.61W  u_ff=104.2W  PCAP→78W  power=78.9W
[PID] perf=27.746Hz  target=10.446Hz  err=-17.299Hz  corr=-360.81W  u_ff=104.2W  PCAP→78W  power=79.4W
[PID] perf=27.717Hz  target=10.446Hz  err=-17.270Hz  corr=-360.27W  u_ff=104.2W  PCAP→78W  power=77.1W
[PID] perf=27.700Hz  target=10.446Hz  err=-17.253Hz  corr=-359.96W  u_ff=104.2W  PCAP→78W  power=76.3W
[PID] perf=27.714Hz  target=10.446Hz  err=-17.267Hz  corr=-360.21W  u_ff=104.2W  PCAP→78W  power=78.3W
[PID] perf=27.705Hz  target=10.446Hz  err=-17.258Hz  corr=-360.05W  u_ff=104.2W  PCAP→78W  power=78.9W
[PID] perf=27.712Hz  target=10.446Hz  err=-17.266Hz  corr=-360.19W  u_ff=104.2W  PCAP→78W  power=78.5W
[PID] perf=27.737Hz  target=10.446Hz  err=-17.291Hz  corr=-360.65W  u_ff=104.2W  PCAP→78W  power=77.8W
[PID] perf=27.709Hz  target=10.446Hz  err=-17.262Hz  corr=-360.13W  u_ff=104.2W  PCAP→78W  power=79.0W
[PID] perf=27.707Hz  target=10.446Hz  err=-17.260Hz  corr=-360.09W  u_ff=104.2W  PCAP→78W  power=76.4W
[PID] perf=27.718Hz  target=10.446Hz  err=-17.271Hz  corr=-360.29W  u_ff=104.2W  PCAP→78W  power=78.6W
[PID] perf=27.716Hz  target=10.446Hz  err=-17.270Hz  corr=-360.26W  u_ff=104.2W  PCAP→78W  power=77.6W
[PID] perf=27.715Hz  target=10.446Hz  err=-17.269Hz  corr=-360.25W  u_ff=104.2W  PCAP→78W  power=78.3W
[PID] perf=27.697Hz  target=10.446Hz  err=-17.251Hz  corr=-359.91W  u_ff=104.2W  PCAP→78W  power=78.1W
[PID] perf=27.722Hz  target=10.446Hz  err=-17.275Hz  corr=-360.36W  u_ff=104.2W  PCAP→78W  power=77.3W
[PID] perf=27.681Hz  target=10.446Hz  err=-17.235Hz  corr=-359.62W  u_ff=104.2W  PCAP→78W  power=78.6W
[PID] perf=27.715Hz  target=10.446Hz  err=-17.268Hz  corr=-360.23W  u_ff=104.2W  PCAP→78W  power=78.4W
[PID] perf=27.669Hz  target=10.446Hz  err=-17.222Hz  corr=-359.38W  u_ff=104.2W  PCAP→78W  power=77.5W
[PID] perf=27.742Hz  target=10.446Hz  err=-17.296Hz  corr=-360.75W  u_ff=104.2W  PCAP→78W  power=78.1W
[PID] perf=27.698Hz  target=10.446Hz  err=-17.251Hz  corr=-359.92W  u_ff=104.2W  PCAP→78W  power=78.4W
[PID] perf=27.701Hz  target=10.446Hz  err=-17.255Hz  corr=-359.98W  u_ff=104.2W  PCAP→78W  power=78.1W
[PID] perf=27.698Hz  target=10.446Hz  err=-17.252Hz  corr=-359.93W  u_ff=104.2W  PCAP→78W  power=77.9W
[PID] perf=27.711Hz  target=10.446Hz  err=-17.264Hz  corr=-360.16W  u_ff=104.2W  PCAP→78W  power=76.4W
[PID] perf=27.667Hz  target=10.446Hz  err=-17.221Hz  corr=-359.36W  u_ff=104.2W  PCAP→78W  power=77.6W
[PID] perf=27.680Hz  target=10.446Hz  err=-17.234Hz  corr=-359.59W  u_ff=104.2W  PCAP→78W  power=77.7W
[PID] perf=27.653Hz  target=10.446Hz  err=-17.206Hz  corr=-359.08W  u_ff=104.2W  PCAP→78W  power=78.9W
[PID] perf=27.688Hz  target=10.446Hz  err=-17.241Hz  corr=-359.74W  u_ff=104.2W  PCAP→78W  power=77.3W
[PID] perf=27.702Hz  target=10.446Hz  err=-17.256Hz  corr=-360.01W  u_ff=104.2W  PCAP→78W  power=77.6W
[PID] perf=27.696Hz  target=10.446Hz  err=-17.250Hz  corr=-359.89W  u_ff=104.2W  PCAP→78W  power=77.7W
[PID] perf=27.702Hz  target=10.446Hz  err=-17.256Hz  corr=-360.00W  u_ff=104.2W  PCAP→78W  power=77.3W
[PID] perf=27.725Hz  target=10.446Hz  err=-17.278Hz  corr=-360.42W  u_ff=104.2W  PCAP→78W  power=78.4W
[PID] perf=27.731Hz  target=10.446Hz  err=-17.284Hz  corr=-360.53W  u_ff=104.2W  PCAP→78W  power=76.9W
[PID] perf=27.695Hz  target=10.446Hz  err=-17.248Hz  corr=-359.87W  u_ff=104.2W  PCAP→78W  power=78.6W
[PID] perf=27.712Hz  target=10.446Hz  err=-17.266Hz  corr=-360.19W  u_ff=104.2W  PCAP→78W  power=77.6W
[PID] perf=27.729Hz  target=10.446Hz  err=-17.283Hz  corr=-360.50W  u_ff=104.2W  PCAP→78W  power=78.0W
[PID] perf=27.732Hz  target=10.446Hz  err=-17.286Hz  corr=-360.56W  u_ff=104.2W  PCAP→78W  power=79.4W
[PID] perf=27.736Hz  target=10.446Hz  err=-17.290Hz  corr=-360.64W  u_ff=104.2W  PCAP→78W  power=77.8W
[PID] perf=27.728Hz  target=10.446Hz  err=-17.282Hz  corr=-360.48W  u_ff=104.2W  PCAP→78W  power=77.4W
[PID] perf=27.702Hz  target=10.446Hz  err=-17.256Hz  corr=-360.00W  u_ff=104.2W  PCAP→78W  power=77.3W
[PID] perf=27.710Hz  target=10.446Hz  err=-17.264Hz  corr=-360.15W  u_ff=104.2W  PCAP→78W  power=77.4W
[PID] perf=27.703Hz  target=10.446Hz  err=-17.256Hz  corr=-360.01W  u_ff=104.2W  PCAP→78W  power=78.9W
[PID] perf=27.714Hz  target=10.446Hz  err=-17.268Hz  corr=-360.22W  u_ff=104.2W  PCAP→78W  power=78.4W
[PID] perf=27.710Hz  target=10.446Hz  err=-17.263Hz  corr=-360.14W  u_ff=104.2W  PCAP→78W  power=77.2W
[PID] perf=27.705Hz  target=10.446Hz  err=-17.259Hz  corr=-360.06W  u_ff=104.2W  PCAP→78W  power=76.6W
[PID] perf=27.729Hz  target=10.446Hz  err=-17.282Hz  corr=-360.49W  u_ff=104.2W  PCAP→78W  power=78.7W
[PID] perf=27.742Hz  target=10.446Hz  err=-17.295Hz  corr=-360.73W  u_ff=104.2W  PCAP→78W  power=78.5W
[PID] perf=27.743Hz  target=10.446Hz  err=-17.296Hz  corr=-360.76W  u_ff=104.2W  PCAP→78W  power=78.4W
[PID] perf=27.713Hz  target=10.446Hz  err=-17.267Hz  corr=-360.21W  u_ff=104.2W  PCAP→78W  power=79.3W
[PID] perf=27.702Hz  target=10.446Hz  err=-17.256Hz  corr=-360.00W  u_ff=104.2W  PCAP→78W  power=76.9W
[PID] perf=27.762Hz  target=10.446Hz  err=-17.315Hz  corr=-361.11W  u_ff=104.2W  PCAP→78W  power=78.5W
[PID] perf=27.724Hz  target=10.446Hz  err=-17.277Hz  corr=-360.40W  u_ff=104.2W  PCAP→78W  power=78.0W
[PID] perf=27.741Hz  target=10.446Hz  err=-17.295Hz  corr=-360.72W  u_ff=104.2W  PCAP→78W  power=76.3W
[PID] perf=27.707Hz  target=10.446Hz  err=-17.261Hz  corr=-360.09W  u_ff=104.2W  PCAP→78W  power=78.5W
[PID] perf=27.705Hz  target=10.446Hz  err=-17.258Hz  corr=-360.05W  u_ff=104.2W  PCAP→78W  power=78.3W
[PID] perf=27.686Hz  target=10.446Hz  err=-17.240Hz  corr=-359.71W  u_ff=104.2W  PCAP→78W  power=78.8W
[PID] perf=27.734Hz  target=10.446Hz  err=-17.287Hz  corr=-360.58W  u_ff=104.2W  PCAP→78W  power=76.8W
[PID] perf=27.706Hz  target=10.446Hz  err=-17.259Hz  corr=-360.07W  u_ff=104.2W  PCAP→78W  power=77.1W
[PID] perf=27.718Hz  target=10.446Hz  err=-17.272Hz  corr=-360.30W  u_ff=104.2W  PCAP→78W  power=78.1W
[PID] perf=27.702Hz  target=10.446Hz  err=-17.256Hz  corr=-360.00W  u_ff=104.2W  PCAP→78W  power=77.4W
[PID] perf=27.706Hz  target=10.446Hz  err=-17.259Hz  corr=-360.07W  u_ff=104.2W  PCAP→78W  power=77.4W
Process completed.
Compressed into /home/cc/summer2024/main_codes/pid_controller/../experiment_data/PID_Control_sweep/ones-npb-cg/compressed_iteration_20260513_105938.tar
----------------------------------
