
>>> Step 1/3

[ones-npb-cg]
  target perf      : 10.9843 Hz
  coefficients_perf: [-0.0006547837485238978, 0.18607436314256556, -1.8317688501798497]
  feedforward PCAP : 117.27 W  →  118 W (snapped)
  Perf(u_ff) check : 10.9843 Hz  (should ≈ target)
  PID gains        : Kp=18.5447 W/Hz  Ki=1.85447 W/(Hz·s)  Kd=0.0000
[PID] Awaiting data — feedforward PCAP=118W
[PID] Awaiting data — feedforward PCAP=118W
[PID] Awaiting data — feedforward PCAP=118W
[PID] Awaiting data — feedforward PCAP=118W
[PID] Awaiting data — feedforward PCAP=118W
[PID] Awaiting data — feedforward PCAP=118W
[PID] perf=20.239Hz  target=10.984Hz  err=-9.255Hz  corr=-205.95W  u_ff=117.3W  PCAP→78W  power=nanW
[PID] perf=18.120Hz  target=10.984Hz  err=-7.135Hz  corr=-172.32W  u_ff=117.3W  PCAP→78W  power=79.1W
[PID] perf=18.141Hz  target=10.984Hz  err=-7.157Hz  corr=-172.72W  u_ff=117.3W  PCAP→78W  power=77.4W
[PID] perf=18.148Hz  target=10.984Hz  err=-7.163Hz  corr=-172.84W  u_ff=117.3W  PCAP→78W  power=77.1W
[PID] perf=18.159Hz  target=10.984Hz  err=-7.175Hz  corr=-173.06W  u_ff=117.3W  PCAP→78W  power=77.2W
[PID] perf=18.125Hz  target=10.984Hz  err=-7.141Hz  corr=-172.42W  u_ff=117.3W  PCAP→78W  power=76.9W
[PID] perf=18.148Hz  target=10.984Hz  err=-7.164Hz  corr=-172.85W  u_ff=117.3W  PCAP→78W  power=78.2W
[PID] perf=18.111Hz  target=10.984Hz  err=-7.126Hz  corr=-172.15W  u_ff=117.3W  PCAP→78W  power=79.3W
[PID] perf=18.103Hz  target=10.984Hz  err=-7.119Hz  corr=-172.01W  u_ff=117.3W  PCAP→78W  power=77.9W
[PID] perf=18.144Hz  target=10.984Hz  err=-7.160Hz  corr=-172.77W  u_ff=117.3W  PCAP→78W  power=76.9W
[PID] perf=18.151Hz  target=10.984Hz  err=-7.166Hz  corr=-172.89W  u_ff=117.3W  PCAP→78W  power=77.6W
[PID] perf=18.084Hz  target=10.984Hz  err=-7.099Hz  corr=-171.65W  u_ff=117.3W  PCAP→78W  power=77.4W
[PID] perf=29.335Hz  target=10.984Hz  err=-18.351Hz  corr=-380.31W  u_ff=117.3W  PCAP→78W  power=77.7W
[PID] perf=29.439Hz  target=10.984Hz  err=-18.455Hz  corr=-382.24W  u_ff=117.3W  PCAP→78W  power=78.0W
[PID] perf=29.430Hz  target=10.984Hz  err=-18.445Hz  corr=-382.06W  u_ff=117.3W  PCAP→78W  power=78.1W
[PID] perf=29.423Hz  target=10.984Hz  err=-18.439Hz  corr=-381.94W  u_ff=117.3W  PCAP→78W  power=78.4W
[PID] perf=29.428Hz  target=10.984Hz  err=-18.443Hz  corr=-382.02W  u_ff=117.3W  PCAP→78W  power=77.8W
[PID] perf=29.454Hz  target=10.984Hz  err=-18.469Hz  corr=-382.51W  u_ff=117.3W  PCAP→78W  power=79.4W
[PID] perf=29.428Hz  target=10.984Hz  err=-18.444Hz  corr=-382.04W  u_ff=117.3W  PCAP→78W  power=76.5W
[PID] perf=29.410Hz  target=10.984Hz  err=-18.426Hz  corr=-381.70W  u_ff=117.3W  PCAP→78W  power=78.4W
[PID] perf=29.453Hz  target=10.984Hz  err=-18.469Hz  corr=-382.50W  u_ff=117.3W  PCAP→78W  power=79.2W
[PID] perf=29.444Hz  target=10.984Hz  err=-18.460Hz  corr=-382.34W  u_ff=117.3W  PCAP→78W  power=77.7W
[PID] perf=29.447Hz  target=10.984Hz  err=-18.462Hz  corr=-382.38W  u_ff=117.3W  PCAP→78W  power=77.4W
[PID] perf=29.409Hz  target=10.984Hz  err=-18.425Hz  corr=-381.68W  u_ff=117.3W  PCAP→78W  power=77.1W
[PID] perf=29.449Hz  target=10.984Hz  err=-18.464Hz  corr=-382.42W  u_ff=117.3W  PCAP→78W  power=76.3W
[PID] perf=29.424Hz  target=10.984Hz  err=-18.440Hz  corr=-381.97W  u_ff=117.3W  PCAP→78W  power=76.1W
[PID] perf=29.445Hz  target=10.984Hz  err=-18.461Hz  corr=-382.35W  u_ff=117.3W  PCAP→78W  power=78.0W
[PID] perf=29.450Hz  target=10.984Hz  err=-18.466Hz  corr=-382.45W  u_ff=117.3W  PCAP→78W  power=79.1W
[PID] perf=29.456Hz  target=10.984Hz  err=-18.472Hz  corr=-382.56W  u_ff=117.3W  PCAP→78W  power=78.9W
[PID] perf=29.448Hz  target=10.984Hz  err=-18.464Hz  corr=-382.41W  u_ff=117.3W  PCAP→78W  power=78.9W
[PID] perf=29.437Hz  target=10.984Hz  err=-18.453Hz  corr=-382.20W  u_ff=117.3W  PCAP→78W  power=78.2W
[PID] perf=29.428Hz  target=10.984Hz  err=-18.443Hz  corr=-382.02W  u_ff=117.3W  PCAP→78W  power=76.9W
[PID] perf=29.446Hz  target=10.984Hz  err=-18.462Hz  corr=-382.37W  u_ff=117.3W  PCAP→78W  power=78.3W
[PID] perf=29.435Hz  target=10.984Hz  err=-18.451Hz  corr=-382.17W  u_ff=117.3W  PCAP→78W  power=79.1W
[PID] perf=29.379Hz  target=10.984Hz  err=-18.395Hz  corr=-381.12W  u_ff=117.3W  PCAP→78W  power=79.4W
[PID] perf=29.306Hz  target=10.984Hz  err=-18.321Hz  corr=-379.76W  u_ff=117.3W  PCAP→78W  power=78.7W
[PID] perf=29.340Hz  target=10.984Hz  err=-18.356Hz  corr=-380.41W  u_ff=117.3W  PCAP→78W  power=78.0W
[PID] perf=29.342Hz  target=10.984Hz  err=-18.358Hz  corr=-380.44W  u_ff=117.3W  PCAP→78W  power=79.1W
[PID] perf=29.320Hz  target=10.984Hz  err=-18.336Hz  corr=-380.04W  u_ff=117.3W  PCAP→78W  power=78.1W
[PID] perf=29.325Hz  target=10.984Hz  err=-18.340Hz  corr=-380.12W  u_ff=117.3W  PCAP→78W  power=76.6W
[PID] perf=29.314Hz  target=10.984Hz  err=-18.330Hz  corr=-379.92W  u_ff=117.3W  PCAP→78W  power=79.0W
[PID] perf=29.191Hz  target=10.984Hz  err=-18.207Hz  corr=-377.65W  u_ff=117.3W  PCAP→78W  power=77.7W
[PID] perf=27.338Hz  target=10.984Hz  err=-16.354Hz  corr=-343.28W  u_ff=117.3W  PCAP→78W  power=76.9W
[PID] perf=27.342Hz  target=10.984Hz  err=-16.357Hz  corr=-343.34W  u_ff=117.3W  PCAP→78W  power=76.3W
[PID] perf=29.323Hz  target=10.984Hz  err=-18.339Hz  corr=-380.09W  u_ff=117.3W  PCAP→78W  power=76.2W
[PID] perf=29.326Hz  target=10.984Hz  err=-18.341Hz  corr=-380.13W  u_ff=117.3W  PCAP→78W  power=75.8W
[PID] perf=29.333Hz  target=10.984Hz  err=-18.348Hz  corr=-380.26W  u_ff=117.3W  PCAP→78W  power=78.3W
[PID] perf=29.306Hz  target=10.984Hz  err=-18.321Hz  corr=-379.76W  u_ff=117.3W  PCAP→78W  power=78.6W
[PID] perf=29.306Hz  target=10.984Hz  err=-18.321Hz  corr=-379.76W  u_ff=117.3W  PCAP→78W  power=76.9W
[PID] perf=29.289Hz  target=10.984Hz  err=-18.305Hz  corr=-379.45W  u_ff=117.3W  PCAP→78W  power=76.0W
[PID] perf=29.349Hz  target=10.984Hz  err=-18.364Hz  corr=-380.56W  u_ff=117.3W  PCAP→78W  power=77.5W
[PID] perf=29.343Hz  target=10.984Hz  err=-18.359Hz  corr=-380.46W  u_ff=117.3W  PCAP→78W  power=79.3W
[PID] perf=29.330Hz  target=10.984Hz  err=-18.346Hz  corr=-380.21W  u_ff=117.3W  PCAP→78W  power=79.3W
[PID] perf=29.331Hz  target=10.984Hz  err=-18.346Hz  corr=-380.23W  u_ff=117.3W  PCAP→78W  power=77.0W
[PID] perf=29.332Hz  target=10.984Hz  err=-18.347Hz  corr=-380.24W  u_ff=117.3W  PCAP→78W  power=76.8W
[PID] perf=29.311Hz  target=10.984Hz  err=-18.327Hz  corr=-379.87W  u_ff=117.3W  PCAP→78W  power=78.8W
[PID] perf=29.316Hz  target=10.984Hz  err=-18.332Hz  corr=-379.96W  u_ff=117.3W  PCAP→78W  power=79.1W
[PID] perf=29.337Hz  target=10.984Hz  err=-18.353Hz  corr=-380.34W  u_ff=117.3W  PCAP→78W  power=77.9W
[PID] perf=29.327Hz  target=10.984Hz  err=-18.342Hz  corr=-380.15W  u_ff=117.3W  PCAP→78W  power=78.3W
[PID] perf=29.333Hz  target=10.984Hz  err=-18.349Hz  corr=-380.28W  u_ff=117.3W  PCAP→78W  power=77.5W
[PID] perf=29.338Hz  target=10.984Hz  err=-18.353Hz  corr=-380.36W  u_ff=117.3W  PCAP→78W  power=79.4W
[PID] perf=29.327Hz  target=10.984Hz  err=-18.343Hz  corr=-380.16W  u_ff=117.3W  PCAP→78W  power=79.4W
[PID] perf=29.339Hz  target=10.984Hz  err=-18.354Hz  corr=-380.37W  u_ff=117.3W  PCAP→78W  power=77.5W
[PID] perf=29.318Hz  target=10.984Hz  err=-18.334Hz  corr=-379.99W  u_ff=117.3W  PCAP→78W  power=77.1W
[PID] perf=29.305Hz  target=10.984Hz  err=-18.321Hz  corr=-379.76W  u_ff=117.3W  PCAP→78W  power=78.8W
[PID] perf=29.316Hz  target=10.984Hz  err=-18.332Hz  corr=-379.95W  u_ff=117.3W  PCAP→78W  power=79.4W
[PID] perf=29.343Hz  target=10.984Hz  err=-18.359Hz  corr=-380.46W  u_ff=117.3W  PCAP→78W  power=78.3W
[PID] perf=29.328Hz  target=10.984Hz  err=-18.343Hz  corr=-380.17W  u_ff=117.3W  PCAP→78W  power=78.5W
[PID] perf=29.350Hz  target=10.984Hz  err=-18.366Hz  corr=-380.59W  u_ff=117.3W  PCAP→78W  power=78.7W
[PID] perf=29.331Hz  target=10.984Hz  err=-18.347Hz  corr=-380.24W  u_ff=117.3W  PCAP→78W  power=79.1W
[PID] perf=29.320Hz  target=10.984Hz  err=-18.336Hz  corr=-380.04W  u_ff=117.3W  PCAP→78W  power=78.7W
[PID] perf=29.349Hz  target=10.984Hz  err=-18.364Hz  corr=-380.56W  u_ff=117.3W  PCAP→78W  power=79.6W
[PID] perf=29.328Hz  target=10.984Hz  err=-18.344Hz  corr=-380.18W  u_ff=117.3W  PCAP→78W  power=76.6W
[PID] perf=29.290Hz  target=10.984Hz  err=-18.306Hz  corr=-379.47W  u_ff=117.3W  PCAP→78W  power=79.1W
[PID] perf=29.333Hz  target=10.984Hz  err=-18.348Hz  corr=-380.27W  u_ff=117.3W  PCAP→78W  power=79.3W
[PID] perf=29.298Hz  target=10.984Hz  err=-18.314Hz  corr=-379.63W  u_ff=117.3W  PCAP→78W  power=78.3W
[PID] perf=26.568Hz  target=10.984Hz  err=-15.584Hz  corr=-329.00W  u_ff=117.3W  PCAP→78W  power=78.5W
[PID] perf=26.680Hz  target=10.984Hz  err=-15.696Hz  corr=-331.08W  u_ff=117.3W  PCAP→78W  power=78.0W
[PID] perf=26.659Hz  target=10.984Hz  err=-15.674Hz  corr=-330.67W  u_ff=117.3W  PCAP→78W  power=78.0W
[PID] perf=26.951Hz  target=10.984Hz  err=-15.967Hz  corr=-336.11W  u_ff=117.3W  PCAP→78W  power=78.9W
[PID] perf=27.048Hz  target=10.984Hz  err=-16.064Hz  corr=-337.89W  u_ff=117.3W  PCAP→78W  power=78.8W
[PID] perf=27.071Hz  target=10.984Hz  err=-16.087Hz  corr=-338.33W  u_ff=117.3W  PCAP→78W  power=76.4W
[PID] perf=27.059Hz  target=10.984Hz  err=-16.075Hz  corr=-338.11W  u_ff=117.3W  PCAP→78W  power=77.9W
[PID] perf=27.076Hz  target=10.984Hz  err=-16.092Hz  corr=-338.41W  u_ff=117.3W  PCAP→78W  power=79.2W
[PID] perf=27.034Hz  target=10.984Hz  err=-16.050Hz  corr=-337.63W  u_ff=117.3W  PCAP→78W  power=79.2W
[PID] perf=27.048Hz  target=10.984Hz  err=-16.064Hz  corr=-337.90W  u_ff=117.3W  PCAP→78W  power=78.3W
[PID] perf=27.067Hz  target=10.984Hz  err=-16.082Hz  corr=-338.24W  u_ff=117.3W  PCAP→78W  power=78.5W
[PID] perf=27.069Hz  target=10.984Hz  err=-16.085Hz  corr=-338.28W  u_ff=117.3W  PCAP→78W  power=77.3W
[PID] perf=27.075Hz  target=10.984Hz  err=-16.091Hz  corr=-338.39W  u_ff=117.3W  PCAP→78W  power=76.6W
[PID] perf=27.080Hz  target=10.984Hz  err=-16.096Hz  corr=-338.49W  u_ff=117.3W  PCAP→78W  power=77.6W
[PID] perf=27.083Hz  target=10.984Hz  err=-16.098Hz  corr=-338.54W  u_ff=117.3W  PCAP→78W  power=78.5W
[PID] perf=24.410Hz  target=10.984Hz  err=-13.426Hz  corr=-288.98W  u_ff=117.3W  PCAP→78W  power=77.6W
[PID] perf=24.634Hz  target=10.984Hz  err=-13.649Hz  corr=-293.12W  u_ff=117.3W  PCAP→78W  power=78.1W
[PID] perf=24.672Hz  target=10.984Hz  err=-13.688Hz  corr=-293.84W  u_ff=117.3W  PCAP→78W  power=78.3W
[PID] perf=24.698Hz  target=10.984Hz  err=-13.713Hz  corr=-294.31W  u_ff=117.3W  PCAP→78W  power=77.0W
[PID] perf=24.712Hz  target=10.984Hz  err=-13.728Hz  corr=-294.58W  u_ff=117.3W  PCAP→78W  power=76.9W
[PID] perf=24.724Hz  target=10.984Hz  err=-13.739Hz  corr=-294.79W  u_ff=117.3W  PCAP→78W  power=77.0W
[PID] perf=24.726Hz  target=10.984Hz  err=-13.742Hz  corr=-294.84W  u_ff=117.3W  PCAP→78W  power=78.8W
[PID] perf=24.708Hz  target=10.984Hz  err=-13.724Hz  corr=-294.51W  u_ff=117.3W  PCAP→78W  power=77.4W
[PID] perf=24.716Hz  target=10.984Hz  err=-13.732Hz  corr=-294.65W  u_ff=117.3W  PCAP→78W  power=76.8W
[PID] perf=24.732Hz  target=10.984Hz  err=-13.748Hz  corr=-294.95W  u_ff=117.3W  PCAP→78W  power=77.4W
[PID] perf=24.718Hz  target=10.984Hz  err=-13.734Hz  corr=-294.69W  u_ff=117.3W  PCAP→78W  power=77.9W
[PID] perf=24.916Hz  target=10.984Hz  err=-13.931Hz  corr=-298.35W  u_ff=117.3W  PCAP→78W  power=79.5W
[PID] perf=24.957Hz  target=10.984Hz  err=-13.972Hz  corr=-299.11W  u_ff=117.3W  PCAP→78W  power=78.5W
[PID] perf=24.945Hz  target=10.984Hz  err=-13.960Hz  corr=-298.89W  u_ff=117.3W  PCAP→78W  power=78.1W
[PID] perf=24.884Hz  target=10.984Hz  err=-13.899Hz  corr=-297.76W  u_ff=117.3W  PCAP→78W  power=78.3W
[PID] perf=24.928Hz  target=10.984Hz  err=-13.944Hz  corr=-298.59W  u_ff=117.3W  PCAP→78W  power=77.3W
[PID] perf=24.934Hz  target=10.984Hz  err=-13.950Hz  corr=-298.69W  u_ff=117.3W  PCAP→78W  power=76.1W
[PID] perf=24.920Hz  target=10.984Hz  err=-13.936Hz  corr=-298.44W  u_ff=117.3W  PCAP→78W  power=77.7W
[PID] perf=24.951Hz  target=10.984Hz  err=-13.967Hz  corr=-299.01W  u_ff=117.3W  PCAP→78W  power=77.4W
[PID] perf=24.934Hz  target=10.984Hz  err=-13.949Hz  corr=-298.69W  u_ff=117.3W  PCAP→78W  power=77.6W
[PID] perf=24.964Hz  target=10.984Hz  err=-13.980Hz  corr=-299.25W  u_ff=117.3W  PCAP→78W  power=79.4W
[PID] perf=24.962Hz  target=10.984Hz  err=-13.978Hz  corr=-299.22W  u_ff=117.3W  PCAP→78W  power=78.7W
[PID] perf=24.937Hz  target=10.984Hz  err=-13.953Hz  corr=-298.75W  u_ff=117.3W  PCAP→78W  power=78.2W
[PID] perf=24.895Hz  target=10.984Hz  err=-13.911Hz  corr=-297.97W  u_ff=117.3W  PCAP→78W  power=75.7W
[PID] perf=24.958Hz  target=10.984Hz  err=-13.974Hz  corr=-299.13W  u_ff=117.3W  PCAP→78W  power=79.0W
[PID] perf=24.683Hz  target=10.984Hz  err=-13.699Hz  corr=-294.04W  u_ff=117.3W  PCAP→78W  power=76.5W
[PID] perf=24.658Hz  target=10.984Hz  err=-13.673Hz  corr=-293.57W  u_ff=117.3W  PCAP→78W  power=77.1W
[PID] perf=24.679Hz  target=10.984Hz  err=-13.695Hz  corr=-293.96W  u_ff=117.3W  PCAP→78W  power=76.9W
[PID] perf=24.708Hz  target=10.984Hz  err=-13.724Hz  corr=-294.50W  u_ff=117.3W  PCAP→78W  power=77.2W
[PID] perf=24.715Hz  target=10.984Hz  err=-13.730Hz  corr=-294.62W  u_ff=117.3W  PCAP→78W  power=77.5W
[PID] perf=24.702Hz  target=10.984Hz  err=-13.717Hz  corr=-294.38W  u_ff=117.3W  PCAP→78W  power=77.7W
[PID] perf=24.713Hz  target=10.984Hz  err=-13.728Hz  corr=-294.59W  u_ff=117.3W  PCAP→78W  power=76.5W
[PID] perf=24.742Hz  target=10.984Hz  err=-13.758Hz  corr=-295.14W  u_ff=117.3W  PCAP→78W  power=77.1W
[PID] perf=26.628Hz  target=10.984Hz  err=-15.644Hz  corr=-330.10W  u_ff=117.3W  PCAP→78W  power=76.7W
[PID] perf=26.685Hz  target=10.984Hz  err=-15.701Hz  corr=-331.17W  u_ff=117.3W  PCAP→78W  power=76.8W
[PID] perf=26.710Hz  target=10.984Hz  err=-15.726Hz  corr=-331.63W  u_ff=117.3W  PCAP→78W  power=77.3W
[PID] perf=26.714Hz  target=10.984Hz  err=-15.730Hz  corr=-331.70W  u_ff=117.3W  PCAP→78W  power=78.4W
[PID] perf=26.726Hz  target=10.984Hz  err=-15.742Hz  corr=-331.92W  u_ff=117.3W  PCAP→78W  power=78.8W
[PID] perf=26.734Hz  target=10.984Hz  err=-15.749Hz  corr=-332.06W  u_ff=117.3W  PCAP→78W  power=77.0W
[PID] perf=26.755Hz  target=10.984Hz  err=-15.771Hz  corr=-332.46W  u_ff=117.3W  PCAP→78W  power=77.5W
[PID] perf=26.736Hz  target=10.984Hz  err=-15.752Hz  corr=-332.11W  u_ff=117.3W  PCAP→78W  power=78.1W
[PID] perf=26.721Hz  target=10.984Hz  err=-15.737Hz  corr=-331.84W  u_ff=117.3W  PCAP→78W  power=77.8W
[PID] perf=26.750Hz  target=10.984Hz  err=-15.766Hz  corr=-332.38W  u_ff=117.3W  PCAP→78W  power=76.7W
[PID] perf=26.726Hz  target=10.984Hz  err=-15.742Hz  corr=-331.93W  u_ff=117.3W  PCAP→78W  power=77.5W
[PID] perf=26.737Hz  target=10.984Hz  err=-15.752Hz  corr=-332.12W  u_ff=117.3W  PCAP→78W  power=77.2W
[PID] perf=26.717Hz  target=10.984Hz  err=-15.733Hz  corr=-331.76W  u_ff=117.3W  PCAP→78W  power=78.5W
[PID] perf=26.722Hz  target=10.984Hz  err=-15.738Hz  corr=-331.85W  u_ff=117.3W  PCAP→78W  power=79.1W
[PID] perf=26.705Hz  target=10.984Hz  err=-15.720Hz  corr=-331.53W  u_ff=117.3W  PCAP→78W  power=79.0W
[PID] perf=26.713Hz  target=10.984Hz  err=-15.729Hz  corr=-331.68W  u_ff=117.3W  PCAP→78W  power=78.0W
[PID] perf=26.753Hz  target=10.984Hz  err=-15.769Hz  corr=-332.42W  u_ff=117.3W  PCAP→78W  power=76.8W
[PID] perf=26.743Hz  target=10.984Hz  err=-15.758Hz  corr=-332.23W  u_ff=117.3W  PCAP→78W  power=76.3W
[PID] perf=26.767Hz  target=10.984Hz  err=-15.783Hz  corr=-332.69W  u_ff=117.3W  PCAP→78W  power=79.3W
[PID] perf=26.760Hz  target=10.984Hz  err=-15.776Hz  corr=-332.56W  u_ff=117.3W  PCAP→78W  power=79.0W
[PID] perf=26.741Hz  target=10.984Hz  err=-15.756Hz  corr=-332.19W  u_ff=117.3W  PCAP→78W  power=78.1W
[PID] perf=26.734Hz  target=10.984Hz  err=-15.749Hz  corr=-332.07W  u_ff=117.3W  PCAP→78W  power=77.6W
[PID] perf=26.715Hz  target=10.984Hz  err=-15.731Hz  corr=-331.73W  u_ff=117.3W  PCAP→78W  power=77.0W
[PID] perf=26.723Hz  target=10.984Hz  err=-15.738Hz  corr=-331.86W  u_ff=117.3W  PCAP→78W  power=77.2W
[PID] perf=26.755Hz  target=10.984Hz  err=-15.771Hz  corr=-332.47W  u_ff=117.3W  PCAP→78W  power=78.9W
[PID] perf=26.750Hz  target=10.984Hz  err=-15.765Hz  corr=-332.36W  u_ff=117.3W  PCAP→78W  power=77.9W
[PID] perf=26.760Hz  target=10.984Hz  err=-15.776Hz  corr=-332.56W  u_ff=117.3W  PCAP→78W  power=77.7W
[PID] perf=26.733Hz  target=10.984Hz  err=-15.749Hz  corr=-332.06W  u_ff=117.3W  PCAP→78W  power=78.0W
[PID] perf=26.723Hz  target=10.984Hz  err=-15.739Hz  corr=-331.88W  u_ff=117.3W  PCAP→78W  power=79.1W
[PID] perf=26.758Hz  target=10.984Hz  err=-15.773Hz  corr=-332.51W  u_ff=117.3W  PCAP→78W  power=78.6W
[PID] perf=26.782Hz  target=10.984Hz  err=-15.798Hz  corr=-332.96W  u_ff=117.3W  PCAP→78W  power=77.7W
[PID] perf=26.760Hz  target=10.984Hz  err=-15.776Hz  corr=-332.56W  u_ff=117.3W  PCAP→78W  power=77.1W
[PID] perf=26.766Hz  target=10.984Hz  err=-15.781Hz  corr=-332.66W  u_ff=117.3W  PCAP→78W  power=77.6W
[PID] perf=26.754Hz  target=10.984Hz  err=-15.770Hz  corr=-332.44W  u_ff=117.3W  PCAP→78W  power=77.3W
[PID] perf=26.747Hz  target=10.984Hz  err=-15.762Hz  corr=-332.31W  u_ff=117.3W  PCAP→78W  power=77.2W
[PID] perf=26.770Hz  target=10.984Hz  err=-15.786Hz  corr=-332.74W  u_ff=117.3W  PCAP→78W  power=78.4W
[PID] perf=26.772Hz  target=10.984Hz  err=-15.788Hz  corr=-332.78W  u_ff=117.3W  PCAP→78W  power=78.6W
[PID] perf=26.760Hz  target=10.984Hz  err=-15.775Hz  corr=-332.55W  u_ff=117.3W  PCAP→78W  power=77.3W
[PID] perf=26.746Hz  target=10.984Hz  err=-15.762Hz  corr=-332.30W  u_ff=117.3W  PCAP→78W  power=77.8W
[PID] perf=26.745Hz  target=10.984Hz  err=-15.760Hz  corr=-332.27W  u_ff=117.3W  PCAP→78W  power=78.3W
[PID] perf=26.746Hz  target=10.984Hz  err=-15.762Hz  corr=-332.30W  u_ff=117.3W  PCAP→78W  power=77.8W
[PID] perf=26.809Hz  target=10.984Hz  err=-15.825Hz  corr=-333.47W  u_ff=117.3W  PCAP→78W  power=78.2W
[PID] perf=26.747Hz  target=10.984Hz  err=-15.763Hz  corr=-332.31W  u_ff=117.3W  PCAP→78W  power=78.5W
[PID] perf=26.742Hz  target=10.984Hz  err=-15.758Hz  corr=-332.22W  u_ff=117.3W  PCAP→78W  power=78.4W
[PID] perf=26.750Hz  target=10.984Hz  err=-15.766Hz  corr=-332.37W  u_ff=117.3W  PCAP→78W  power=77.4W
[PID] perf=26.739Hz  target=10.984Hz  err=-15.755Hz  corr=-332.17W  u_ff=117.3W  PCAP→78W  power=78.3W
[PID] perf=26.751Hz  target=10.984Hz  err=-15.767Hz  corr=-332.40W  u_ff=117.3W  PCAP→78W  power=77.3W
[PID] perf=26.760Hz  target=10.984Hz  err=-15.776Hz  corr=-332.56W  u_ff=117.3W  PCAP→78W  power=79.1W
[PID] perf=26.719Hz  target=10.984Hz  err=-15.735Hz  corr=-331.79W  u_ff=117.3W  PCAP→78W  power=78.9W
[PID] perf=26.717Hz  target=10.984Hz  err=-15.733Hz  corr=-331.76W  u_ff=117.3W  PCAP→78W  power=78.9W
[PID] perf=26.749Hz  target=10.984Hz  err=-15.765Hz  corr=-332.36W  u_ff=117.3W  PCAP→78W  power=79.2W
[PID] perf=26.773Hz  target=10.984Hz  err=-15.788Hz  corr=-332.79W  u_ff=117.3W  PCAP→78W  power=76.6W
[PID] perf=26.752Hz  target=10.984Hz  err=-15.768Hz  corr=-332.40W  u_ff=117.3W  PCAP→78W  power=79.0W
[PID] perf=26.720Hz  target=10.984Hz  err=-15.735Hz  corr=-331.80W  u_ff=117.3W  PCAP→78W  power=77.3W
[PID] perf=26.752Hz  target=10.984Hz  err=-15.767Hz  corr=-332.40W  u_ff=117.3W  PCAP→78W  power=76.5W
[PID] perf=26.729Hz  target=10.984Hz  err=-15.745Hz  corr=-331.98W  u_ff=117.3W  PCAP→78W  power=78.9W
[PID] perf=26.740Hz  target=10.984Hz  err=-15.756Hz  corr=-332.19W  u_ff=117.3W  PCAP→78W  power=78.6W
[PID] perf=26.722Hz  target=10.984Hz  err=-15.737Hz  corr=-331.84W  u_ff=117.3W  PCAP→78W  power=77.7W
[PID] perf=26.719Hz  target=10.984Hz  err=-15.735Hz  corr=-331.80W  u_ff=117.3W  PCAP→78W  power=76.4W
[PID] perf=26.699Hz  target=10.984Hz  err=-15.715Hz  corr=-331.43W  u_ff=117.3W  PCAP→78W  power=78.1W
[PID] perf=26.699Hz  target=10.984Hz  err=-15.715Hz  corr=-331.43W  u_ff=117.3W  PCAP→78W  power=75.7W
[PID] perf=26.733Hz  target=10.984Hz  err=-15.749Hz  corr=-332.05W  u_ff=117.3W  PCAP→78W  power=77.6W
[PID] perf=26.723Hz  target=10.984Hz  err=-15.739Hz  corr=-331.87W  u_ff=117.3W  PCAP→78W  power=79.1W
[PID] perf=26.736Hz  target=10.984Hz  err=-15.751Hz  corr=-332.10W  u_ff=117.3W  PCAP→78W  power=77.1W
[PID] perf=26.717Hz  target=10.984Hz  err=-15.732Hz  corr=-331.75W  u_ff=117.3W  PCAP→78W  power=77.6W
[PID] perf=26.746Hz  target=10.984Hz  err=-15.761Hz  corr=-332.29W  u_ff=117.3W  PCAP→78W  power=78.0W
[PID] perf=26.724Hz  target=10.984Hz  err=-15.739Hz  corr=-331.88W  u_ff=117.3W  PCAP→78W  power=76.9W
[PID] perf=26.723Hz  target=10.984Hz  err=-15.738Hz  corr=-331.86W  u_ff=117.3W  PCAP→78W  power=77.3W
[PID] perf=26.734Hz  target=10.984Hz  err=-15.750Hz  corr=-332.07W  u_ff=117.3W  PCAP→78W  power=77.7W
[PID] perf=26.759Hz  target=10.984Hz  err=-15.774Hz  corr=-332.53W  u_ff=117.3W  PCAP→78W  power=77.7W
[PID] perf=26.743Hz  target=10.984Hz  err=-15.758Hz  corr=-332.23W  u_ff=117.3W  PCAP→78W  power=78.3W
[PID] perf=26.450Hz  target=10.984Hz  err=-15.466Hz  corr=-326.81W  u_ff=117.3W  PCAP→78W  power=77.2W
[PID] perf=26.475Hz  target=10.984Hz  err=-15.491Hz  corr=-327.27W  u_ff=117.3W  PCAP→78W  power=78.3W
[PID] perf=26.491Hz  target=10.984Hz  err=-15.507Hz  corr=-327.57W  u_ff=117.3W  PCAP→78W  power=79.0W
[PID] perf=26.514Hz  target=10.984Hz  err=-15.530Hz  corr=-327.99W  u_ff=117.3W  PCAP→78W  power=79.2W
[PID] perf=26.487Hz  target=10.984Hz  err=-15.503Hz  corr=-327.50W  u_ff=117.3W  PCAP→78W  power=78.0W
[PID] perf=26.504Hz  target=10.984Hz  err=-15.520Hz  corr=-327.81W  u_ff=117.3W  PCAP→78W  power=78.4W
[PID] perf=26.515Hz  target=10.984Hz  err=-15.531Hz  corr=-328.01W  u_ff=117.3W  PCAP→78W  power=77.1W
[PID] perf=26.490Hz  target=10.984Hz  err=-15.505Hz  corr=-327.54W  u_ff=117.3W  PCAP→78W  power=77.8W
[PID] perf=26.522Hz  target=10.984Hz  err=-15.538Hz  corr=-328.14W  u_ff=117.3W  PCAP→78W  power=77.4W
[PID] perf=26.537Hz  target=10.984Hz  err=-15.553Hz  corr=-328.42W  u_ff=117.3W  PCAP→78W  power=78.1W
[PID] perf=26.502Hz  target=10.984Hz  err=-15.518Hz  corr=-327.77W  u_ff=117.3W  PCAP→78W  power=77.8W
[PID] perf=27.177Hz  target=10.984Hz  err=-16.193Hz  corr=-340.29W  u_ff=117.3W  PCAP→78W  power=77.4W
[PID] perf=27.183Hz  target=10.984Hz  err=-16.199Hz  corr=-340.40W  u_ff=117.3W  PCAP→78W  power=79.1W
[PID] perf=27.171Hz  target=10.984Hz  err=-16.186Hz  corr=-340.17W  u_ff=117.3W  PCAP→78W  power=78.9W
[PID] perf=27.190Hz  target=10.984Hz  err=-16.206Hz  corr=-340.53W  u_ff=117.3W  PCAP→78W  power=77.5W
[PID] perf=27.191Hz  target=10.984Hz  err=-16.207Hz  corr=-340.55W  u_ff=117.3W  PCAP→78W  power=77.2W
[PID] perf=27.184Hz  target=10.984Hz  err=-16.200Hz  corr=-340.42W  u_ff=117.3W  PCAP→78W  power=78.6W
[PID] perf=27.156Hz  target=10.984Hz  err=-16.172Hz  corr=-339.90W  u_ff=117.3W  PCAP→78W  power=78.9W
[PID] perf=27.178Hz  target=10.984Hz  err=-16.194Hz  corr=-340.32W  u_ff=117.3W  PCAP→78W  power=78.5W
[PID] perf=27.180Hz  target=10.984Hz  err=-16.196Hz  corr=-340.34W  u_ff=117.3W  PCAP→78W  power=77.7W
[PID] perf=27.167Hz  target=10.984Hz  err=-16.183Hz  corr=-340.11W  u_ff=117.3W  PCAP→78W  power=77.1W
[PID] perf=27.170Hz  target=10.984Hz  err=-16.185Hz  corr=-340.15W  u_ff=117.3W  PCAP→78W  power=78.4W
[PID] perf=27.186Hz  target=10.984Hz  err=-16.202Hz  corr=-340.46W  u_ff=117.3W  PCAP→78W  power=76.9W
[PID] perf=27.177Hz  target=10.984Hz  err=-16.192Hz  corr=-340.28W  u_ff=117.3W  PCAP→78W  power=77.7W
[PID] perf=27.190Hz  target=10.984Hz  err=-16.205Hz  corr=-340.52W  u_ff=117.3W  PCAP→78W  power=79.1W
[PID] perf=27.193Hz  target=10.984Hz  err=-16.209Hz  corr=-340.58W  u_ff=117.3W  PCAP→78W  power=78.7W
[PID] perf=27.140Hz  target=10.984Hz  err=-16.155Hz  corr=-339.60W  u_ff=117.3W  PCAP→78W  power=78.1W
[PID] perf=27.166Hz  target=10.984Hz  err=-16.182Hz  corr=-340.09W  u_ff=117.3W  PCAP→78W  power=77.4W
[PID] perf=27.183Hz  target=10.984Hz  err=-16.199Hz  corr=-340.41W  u_ff=117.3W  PCAP→78W  power=77.1W
[PID] perf=27.155Hz  target=10.984Hz  err=-16.171Hz  corr=-339.89W  u_ff=117.3W  PCAP→78W  power=77.3W
[PID] perf=27.136Hz  target=10.984Hz  err=-16.152Hz  corr=-339.53W  u_ff=117.3W  PCAP→78W  power=76.6W
[PID] perf=27.165Hz  target=10.984Hz  err=-16.180Hz  corr=-340.06W  u_ff=117.3W  PCAP→78W  power=78.3W
[PID] perf=27.158Hz  target=10.984Hz  err=-16.174Hz  corr=-339.94W  u_ff=117.3W  PCAP→78W  power=79.0W
[PID] perf=27.180Hz  target=10.984Hz  err=-16.196Hz  corr=-340.34W  u_ff=117.3W  PCAP→78W  power=78.2W
[PID] perf=27.182Hz  target=10.984Hz  err=-16.198Hz  corr=-340.39W  u_ff=117.3W  PCAP→78W  power=79.3W
[PID] perf=27.206Hz  target=10.984Hz  err=-16.221Hz  corr=-340.82W  u_ff=117.3W  PCAP→78W  power=78.4W
[PID] perf=27.172Hz  target=10.984Hz  err=-16.187Hz  corr=-340.19W  u_ff=117.3W  PCAP→78W  power=78.6W
[PID] perf=27.192Hz  target=10.984Hz  err=-16.208Hz  corr=-340.56W  u_ff=117.3W  PCAP→78W  power=78.6W
[PID] perf=27.163Hz  target=10.984Hz  err=-16.178Hz  corr=-340.02W  u_ff=117.3W  PCAP→78W  power=77.3W
[PID] perf=27.172Hz  target=10.984Hz  err=-16.187Hz  corr=-340.19W  u_ff=117.3W  PCAP→78W  power=78.6W
[PID] perf=27.191Hz  target=10.984Hz  err=-16.206Hz  corr=-340.54W  u_ff=117.3W  PCAP→78W  power=77.9W
[PID] perf=27.180Hz  target=10.984Hz  err=-16.196Hz  corr=-340.34W  u_ff=117.3W  PCAP→78W  power=77.2W
[PID] perf=27.195Hz  target=10.984Hz  err=-16.211Hz  corr=-340.63W  u_ff=117.3W  PCAP→78W  power=78.6W
[PID] perf=27.167Hz  target=10.984Hz  err=-16.183Hz  corr=-340.11W  u_ff=117.3W  PCAP→78W  power=78.8W
[PID] perf=27.172Hz  target=10.984Hz  err=-16.188Hz  corr=-340.20W  u_ff=117.3W  PCAP→78W  power=77.2W
[PID] perf=27.199Hz  target=10.984Hz  err=-16.214Hz  corr=-340.69W  u_ff=117.3W  PCAP→78W  power=76.6W
[PID] perf=27.202Hz  target=10.984Hz  err=-16.218Hz  corr=-340.75W  u_ff=117.3W  PCAP→78W  power=77.5W
[PID] perf=27.161Hz  target=10.984Hz  err=-16.176Hz  corr=-339.99W  u_ff=117.3W  PCAP→78W  power=77.9W
[PID] perf=27.204Hz  target=10.984Hz  err=-16.220Hz  corr=-340.79W  u_ff=117.3W  PCAP→78W  power=79.2W
[PID] perf=27.170Hz  target=10.984Hz  err=-16.186Hz  corr=-340.17W  u_ff=117.3W  PCAP→78W  power=78.5W
[PID] perf=27.199Hz  target=10.984Hz  err=-16.215Hz  corr=-340.70W  u_ff=117.3W  PCAP→78W  power=77.2W
[PID] perf=27.202Hz  target=10.984Hz  err=-16.217Hz  corr=-340.74W  u_ff=117.3W  PCAP→78W  power=78.6W
[PID] perf=27.496Hz  target=10.984Hz  err=-16.511Hz  corr=-346.20W  u_ff=117.3W  PCAP→78W  power=77.4W
[PID] perf=27.549Hz  target=10.984Hz  err=-16.565Hz  corr=-347.18W  u_ff=117.3W  PCAP→78W  power=77.6W
[PID] perf=27.550Hz  target=10.984Hz  err=-16.565Hz  corr=-347.20W  u_ff=117.3W  PCAP→78W  power=77.6W
[PID] perf=27.546Hz  target=10.984Hz  err=-16.562Hz  corr=-347.13W  u_ff=117.3W  PCAP→78W  power=78.5W
[PID] perf=27.521Hz  target=10.984Hz  err=-16.537Hz  corr=-346.67W  u_ff=117.3W  PCAP→78W  power=79.2W
[PID] perf=27.540Hz  target=10.984Hz  err=-16.556Hz  corr=-347.02W  u_ff=117.3W  PCAP→78W  power=77.5W
[PID] perf=27.531Hz  target=10.984Hz  err=-16.546Hz  corr=-346.85W  u_ff=117.3W  PCAP→78W  power=77.0W
[PID] perf=27.569Hz  target=10.984Hz  err=-16.585Hz  corr=-347.56W  u_ff=117.3W  PCAP→78W  power=77.1W
[PID] perf=27.572Hz  target=10.984Hz  err=-16.588Hz  corr=-347.62W  u_ff=117.3W  PCAP→78W  power=78.4W
[PID] perf=27.572Hz  target=10.984Hz  err=-16.588Hz  corr=-347.62W  u_ff=117.3W  PCAP→78W  power=78.8W
[PID] perf=27.533Hz  target=10.984Hz  err=-16.549Hz  corr=-346.89W  u_ff=117.3W  PCAP→78W  power=78.7W
[PID] perf=27.571Hz  target=10.984Hz  err=-16.587Hz  corr=-347.59W  u_ff=117.3W  PCAP→78W  power=78.7W
[PID] perf=27.522Hz  target=10.984Hz  err=-16.538Hz  corr=-346.68W  u_ff=117.3W  PCAP→78W  power=79.1W
[PID] perf=27.521Hz  target=10.984Hz  err=-16.537Hz  corr=-346.67W  u_ff=117.3W  PCAP→78W  power=76.8W
[PID] perf=27.540Hz  target=10.984Hz  err=-16.556Hz  corr=-347.02W  u_ff=117.3W  PCAP→78W  power=76.4W
[PID] perf=27.495Hz  target=10.984Hz  err=-16.511Hz  corr=-346.19W  u_ff=117.3W  PCAP→78W  power=77.2W
[PID] perf=27.520Hz  target=10.984Hz  err=-16.536Hz  corr=-346.65W  u_ff=117.3W  PCAP→78W  power=76.9W
[PID] perf=27.549Hz  target=10.984Hz  err=-16.564Hz  corr=-347.18W  u_ff=117.3W  PCAP→78W  power=78.5W
[PID] perf=27.557Hz  target=10.984Hz  err=-16.573Hz  corr=-347.34W  u_ff=117.3W  PCAP→78W  power=78.2W
[PID] perf=27.569Hz  target=10.984Hz  err=-16.585Hz  corr=-347.57W  u_ff=117.3W  PCAP→78W  power=79.2W
[PID] perf=27.587Hz  target=10.984Hz  err=-16.602Hz  corr=-347.89W  u_ff=117.3W  PCAP→78W  power=79.0W
[PID] perf=27.541Hz  target=10.984Hz  err=-16.557Hz  corr=-347.04W  u_ff=117.3W  PCAP→78W  power=79.5W
[PID] perf=27.531Hz  target=10.984Hz  err=-16.547Hz  corr=-346.86W  u_ff=117.3W  PCAP→78W  power=78.4W
[PID] perf=27.583Hz  target=10.984Hz  err=-16.599Hz  corr=-347.83W  u_ff=117.3W  PCAP→78W  power=76.8W
[PID] perf=27.555Hz  target=10.984Hz  err=-16.571Hz  corr=-347.30W  u_ff=117.3W  PCAP→78W  power=76.6W
[PID] perf=27.566Hz  target=10.984Hz  err=-16.582Hz  corr=-347.51W  u_ff=117.3W  PCAP→78W  power=77.8W
[PID] perf=27.571Hz  target=10.984Hz  err=-16.587Hz  corr=-347.60W  u_ff=117.3W  PCAP→78W  power=77.4W
[PID] perf=27.558Hz  target=10.984Hz  err=-16.574Hz  corr=-347.36W  u_ff=117.3W  PCAP→78W  power=78.4W
[PID] perf=27.545Hz  target=10.984Hz  err=-16.560Hz  corr=-347.11W  u_ff=117.3W  PCAP→78W  power=79.0W
[PID] perf=27.564Hz  target=10.984Hz  err=-16.579Hz  corr=-347.46W  u_ff=117.3W  PCAP→78W  power=78.7W
[PID] perf=27.564Hz  target=10.984Hz  err=-16.580Hz  corr=-347.47W  u_ff=117.3W  PCAP→78W  power=79.0W
[PID] perf=27.555Hz  target=10.984Hz  err=-16.571Hz  corr=-347.30W  u_ff=117.3W  PCAP→78W  power=78.9W
[PID] perf=27.579Hz  target=10.984Hz  err=-16.594Hz  corr=-347.74W  u_ff=117.3W  PCAP→78W  power=79.2W
[PID] perf=27.569Hz  target=10.984Hz  err=-16.585Hz  corr=-347.56W  u_ff=117.3W  PCAP→78W  power=78.8W
[PID] perf=27.558Hz  target=10.984Hz  err=-16.574Hz  corr=-347.36W  u_ff=117.3W  PCAP→78W  power=77.3W
[PID] perf=27.551Hz  target=10.984Hz  err=-16.567Hz  corr=-347.22W  u_ff=117.3W  PCAP→78W  power=78.3W
[PID] perf=27.531Hz  target=10.984Hz  err=-16.547Hz  corr=-346.85W  u_ff=117.3W  PCAP→78W  power=79.0W
[PID] perf=27.576Hz  target=10.984Hz  err=-16.592Hz  corr=-347.68W  u_ff=117.3W  PCAP→78W  power=77.4W
[PID] perf=27.550Hz  target=10.984Hz  err=-16.565Hz  corr=-347.20W  u_ff=117.3W  PCAP→78W  power=78.9W
[PID] perf=27.536Hz  target=10.984Hz  err=-16.551Hz  corr=-346.94W  u_ff=117.3W  PCAP→78W  power=79.0W
[PID] perf=27.550Hz  target=10.984Hz  err=-16.565Hz  corr=-347.20W  u_ff=117.3W  PCAP→78W  power=78.9W
[PID] perf=27.550Hz  target=10.984Hz  err=-16.566Hz  corr=-347.21W  u_ff=117.3W  PCAP→78W  power=77.0W
[PID] perf=27.520Hz  target=10.984Hz  err=-16.536Hz  corr=-346.65W  u_ff=117.3W  PCAP→78W  power=77.0W
[PID] perf=27.546Hz  target=10.984Hz  err=-16.562Hz  corr=-347.13W  u_ff=117.3W  PCAP→78W  power=78.3W
[PID] perf=27.564Hz  target=10.984Hz  err=-16.580Hz  corr=-347.47W  u_ff=117.3W  PCAP→78W  power=76.4W
[PID] perf=27.561Hz  target=10.984Hz  err=-16.577Hz  corr=-347.42W  u_ff=117.3W  PCAP→78W  power=77.8W
[PID] perf=27.572Hz  target=10.984Hz  err=-16.587Hz  corr=-347.60W  u_ff=117.3W  PCAP→78W  power=79.0W
[PID] perf=27.594Hz  target=10.984Hz  err=-16.610Hz  corr=-348.02W  u_ff=117.3W  PCAP→78W  power=77.2W
[PID] perf=27.597Hz  target=10.984Hz  err=-16.613Hz  corr=-348.08W  u_ff=117.3W  PCAP→78W  power=78.3W
[PID] perf=27.566Hz  target=10.984Hz  err=-16.581Hz  corr=-347.50W  u_ff=117.3W  PCAP→78W  power=77.4W
[PID] perf=27.579Hz  target=10.984Hz  err=-16.595Hz  corr=-347.74W  u_ff=117.3W  PCAP→78W  power=77.7W
[PID] perf=27.529Hz  target=10.984Hz  err=-16.544Hz  corr=-346.81W  u_ff=117.3W  PCAP→78W  power=77.2W
[PID] perf=27.592Hz  target=10.984Hz  err=-16.607Hz  corr=-347.98W  u_ff=117.3W  PCAP→78W  power=77.2W
[PID] perf=27.568Hz  target=10.984Hz  err=-16.584Hz  corr=-347.54W  u_ff=117.3W  PCAP→78W  power=77.1W
[PID] perf=27.581Hz  target=10.984Hz  err=-16.597Hz  corr=-347.78W  u_ff=117.3W  PCAP→78W  power=76.3W
[PID] perf=27.600Hz  target=10.984Hz  err=-16.616Hz  corr=-348.13W  u_ff=117.3W  PCAP→78W  power=78.5W
[PID] perf=27.595Hz  target=10.984Hz  err=-16.610Hz  corr=-348.03W  u_ff=117.3W  PCAP→78W  power=77.4W
[PID] perf=27.575Hz  target=10.984Hz  err=-16.591Hz  corr=-347.67W  u_ff=117.3W  PCAP→78W  power=78.1W
[PID] perf=27.534Hz  target=10.984Hz  err=-16.550Hz  corr=-346.91W  u_ff=117.3W  PCAP→78W  power=79.0W
[PID] perf=27.520Hz  target=10.984Hz  err=-16.536Hz  corr=-346.66W  u_ff=117.3W  PCAP→78W  power=77.2W
[PID] perf=27.526Hz  target=10.984Hz  err=-16.542Hz  corr=-346.76W  u_ff=117.3W  PCAP→78W  power=79.6W
[PID] perf=27.575Hz  target=10.984Hz  err=-16.591Hz  corr=-347.68W  u_ff=117.3W  PCAP→78W  power=76.5W
[PID] perf=27.555Hz  target=10.984Hz  err=-16.571Hz  corr=-347.30W  u_ff=117.3W  PCAP→78W  power=77.5W
[PID] perf=27.528Hz  target=10.984Hz  err=-16.544Hz  corr=-346.80W  u_ff=117.3W  PCAP→78W  power=78.8W
[PID] perf=27.549Hz  target=10.984Hz  err=-16.564Hz  corr=-347.18W  u_ff=117.3W  PCAP→78W  power=77.0W
[PID] perf=27.560Hz  target=10.984Hz  err=-16.576Hz  corr=-347.39W  u_ff=117.3W  PCAP→78W  power=77.1W
[PID] perf=27.549Hz  target=10.984Hz  err=-16.565Hz  corr=-347.19W  u_ff=117.3W  PCAP→78W  power=79.3W
[PID] perf=27.584Hz  target=10.984Hz  err=-16.599Hz  corr=-347.83W  u_ff=117.3W  PCAP→78W  power=77.1W
[PID] perf=27.546Hz  target=10.984Hz  err=-16.561Hz  corr=-347.12W  u_ff=117.3W  PCAP→78W  power=78.4W
[PID] perf=27.552Hz  target=10.984Hz  err=-16.568Hz  corr=-347.25W  u_ff=117.3W  PCAP→78W  power=77.5W
[PID] perf=27.544Hz  target=10.984Hz  err=-16.560Hz  corr=-347.10W  u_ff=117.3W  PCAP→78W  power=76.8W
[PID] perf=27.582Hz  target=10.984Hz  err=-16.598Hz  corr=-347.81W  u_ff=117.3W  PCAP→78W  power=76.7W
[PID] perf=27.551Hz  target=10.984Hz  err=-16.567Hz  corr=-347.23W  u_ff=117.3W  PCAP→78W  power=76.9W
[PID] perf=27.600Hz  target=10.984Hz  err=-16.615Hz  corr=-348.12W  u_ff=117.3W  PCAP→78W  power=78.8W
[PID] perf=27.577Hz  target=10.984Hz  err=-16.593Hz  corr=-347.71W  u_ff=117.3W  PCAP→78W  power=76.7W
[PID] perf=27.576Hz  target=10.984Hz  err=-16.592Hz  corr=-347.69W  u_ff=117.3W  PCAP→78W  power=77.6W
[PID] perf=27.556Hz  target=10.984Hz  err=-16.572Hz  corr=-347.32W  u_ff=117.3W  PCAP→78W  power=77.1W
[PID] perf=27.578Hz  target=10.984Hz  err=-16.594Hz  corr=-347.73W  u_ff=117.3W  PCAP→78W  power=78.7W
[PID] perf=27.557Hz  target=10.984Hz  err=-16.573Hz  corr=-347.34W  u_ff=117.3W  PCAP→78W  power=77.0W
[PID] perf=27.525Hz  target=10.984Hz  err=-16.540Hz  corr=-346.74W  u_ff=117.3W  PCAP→78W  power=77.4W
[PID] perf=27.553Hz  target=10.984Hz  err=-16.569Hz  corr=-347.27W  u_ff=117.3W  PCAP→78W  power=76.6W
[PID] perf=27.569Hz  target=10.984Hz  err=-16.585Hz  corr=-347.56W  u_ff=117.3W  PCAP→78W  power=76.4W
[PID] perf=27.566Hz  target=10.984Hz  err=-16.582Hz  corr=-347.51W  u_ff=117.3W  PCAP→78W  power=76.8W
[PID] perf=27.555Hz  target=10.984Hz  err=-16.571Hz  corr=-347.30W  u_ff=117.3W  PCAP→78W  power=76.5W
[PID] perf=27.558Hz  target=10.984Hz  err=-16.574Hz  corr=-347.36W  u_ff=117.3W  PCAP→78W  power=77.2W
[PID] perf=27.550Hz  target=10.984Hz  err=-16.565Hz  corr=-347.20W  u_ff=117.3W  PCAP→78W  power=76.2W
[PID] perf=27.558Hz  target=10.984Hz  err=-16.574Hz  corr=-347.35W  u_ff=117.3W  PCAP→78W  power=79.2W
[PID] perf=27.577Hz  target=10.984Hz  err=-16.593Hz  corr=-347.71W  u_ff=117.3W  PCAP→78W  power=79.1W
[PID] perf=27.548Hz  target=10.984Hz  err=-16.564Hz  corr=-347.17W  u_ff=117.3W  PCAP→78W  power=79.4W
[PID] perf=27.524Hz  target=10.984Hz  err=-16.539Hz  corr=-346.72W  u_ff=117.3W  PCAP→78W  power=79.0W
[PID] perf=27.515Hz  target=10.984Hz  err=-16.531Hz  corr=-346.55W  u_ff=117.3W  PCAP→78W  power=78.7W
[PID] perf=27.496Hz  target=10.984Hz  err=-16.511Hz  corr=-346.20W  u_ff=117.3W  PCAP→78W  power=77.8W
[PID] perf=27.500Hz  target=10.984Hz  err=-16.516Hz  corr=-346.28W  u_ff=117.3W  PCAP→78W  power=79.1W
[PID] perf=27.553Hz  target=10.984Hz  err=-16.568Hz  corr=-347.25W  u_ff=117.3W  PCAP→78W  power=77.7W
[PID] perf=27.551Hz  target=10.984Hz  err=-16.567Hz  corr=-347.23W  u_ff=117.3W  PCAP→78W  power=77.0W
[PID] perf=27.548Hz  target=10.984Hz  err=-16.563Hz  corr=-347.16W  u_ff=117.3W  PCAP→78W  power=77.9W
[PID] perf=27.570Hz  target=10.984Hz  err=-16.585Hz  corr=-347.57W  u_ff=117.3W  PCAP→78W  power=76.6W
[PID] perf=27.587Hz  target=10.984Hz  err=-16.603Hz  corr=-347.89W  u_ff=117.3W  PCAP→78W  power=76.3W
[PID] perf=27.559Hz  target=10.984Hz  err=-16.575Hz  corr=-347.38W  u_ff=117.3W  PCAP→78W  power=78.2W
[PID] perf=27.552Hz  target=10.984Hz  err=-16.568Hz  corr=-347.24W  u_ff=117.3W  PCAP→78W  power=76.8W
[PID] perf=27.518Hz  target=10.984Hz  err=-16.534Hz  corr=-346.61W  u_ff=117.3W  PCAP→78W  power=78.5W
[PID] perf=27.543Hz  target=10.984Hz  err=-16.559Hz  corr=-347.07W  u_ff=117.3W  PCAP→78W  power=76.2W
[PID] perf=27.524Hz  target=10.984Hz  err=-16.539Hz  corr=-346.71W  u_ff=117.3W  PCAP→78W  power=78.8W
[PID] perf=27.535Hz  target=10.984Hz  err=-16.551Hz  corr=-346.93W  u_ff=117.3W  PCAP→78W  power=77.9W
[PID] perf=27.536Hz  target=10.984Hz  err=-16.552Hz  corr=-346.94W  u_ff=117.3W  PCAP→78W  power=77.9W
[PID] perf=27.530Hz  target=10.984Hz  err=-16.545Hz  corr=-346.83W  u_ff=117.3W  PCAP→78W  power=77.4W
[PID] perf=27.518Hz  target=10.984Hz  err=-16.534Hz  corr=-346.61W  u_ff=117.3W  PCAP→78W  power=76.6W
[PID] perf=27.529Hz  target=10.984Hz  err=-16.545Hz  corr=-346.81W  u_ff=117.3W  PCAP→78W  power=76.1W
[PID] perf=27.530Hz  target=10.984Hz  err=-16.546Hz  corr=-346.84W  u_ff=117.3W  PCAP→78W  power=78.6W
[PID] perf=27.562Hz  target=10.984Hz  err=-16.578Hz  corr=-347.43W  u_ff=117.3W  PCAP→78W  power=79.0W
[PID] perf=27.534Hz  target=10.984Hz  err=-16.549Hz  corr=-346.90W  u_ff=117.3W  PCAP→78W  power=78.5W
[PID] perf=27.500Hz  target=10.984Hz  err=-16.516Hz  corr=-346.28W  u_ff=117.3W  PCAP→78W  power=76.9W
[PID] perf=27.534Hz  target=10.984Hz  err=-16.549Hz  corr=-346.90W  u_ff=117.3W  PCAP→78W  power=78.3W
[PID] perf=27.529Hz  target=10.984Hz  err=-16.544Hz  corr=-346.81W  u_ff=117.3W  PCAP→78W  power=76.9W
[PID] perf=27.507Hz  target=10.984Hz  err=-16.523Hz  corr=-346.41W  u_ff=117.3W  PCAP→78W  power=78.0W
[PID] perf=27.563Hz  target=10.984Hz  err=-16.579Hz  corr=-347.44W  u_ff=117.3W  PCAP→78W  power=79.0W
[PID] perf=27.531Hz  target=10.984Hz  err=-16.547Hz  corr=-346.85W  u_ff=117.3W  PCAP→78W  power=79.2W
[PID] perf=27.487Hz  target=10.984Hz  err=-16.503Hz  corr=-346.04W  u_ff=117.3W  PCAP→78W  power=78.1W
[PID] perf=27.515Hz  target=10.984Hz  err=-16.531Hz  corr=-346.56W  u_ff=117.3W  PCAP→78W  power=77.6W
[PID] perf=27.503Hz  target=10.984Hz  err=-16.518Hz  corr=-346.33W  u_ff=117.3W  PCAP→78W  power=77.7W
[PID] perf=27.533Hz  target=10.984Hz  err=-16.549Hz  corr=-346.89W  u_ff=117.3W  PCAP→78W  power=78.1W
[PID] perf=27.559Hz  target=10.984Hz  err=-16.574Hz  corr=-347.37W  u_ff=117.3W  PCAP→78W  power=77.6W
[PID] perf=27.526Hz  target=10.984Hz  err=-16.541Hz  corr=-346.75W  u_ff=117.3W  PCAP→78W  power=76.4W
[PID] perf=27.548Hz  target=10.984Hz  err=-16.563Hz  corr=-347.16W  u_ff=117.3W  PCAP→78W  power=77.1W
[PID] perf=27.552Hz  target=10.984Hz  err=-16.568Hz  corr=-347.24W  u_ff=117.3W  PCAP→78W  power=76.5W
[PID] perf=27.553Hz  target=10.984Hz  err=-16.568Hz  corr=-347.25W  u_ff=117.3W  PCAP→78W  power=76.3W
[PID] perf=27.550Hz  target=10.984Hz  err=-16.565Hz  corr=-347.20W  u_ff=117.3W  PCAP→78W  power=77.0W
[PID] perf=27.563Hz  target=10.984Hz  err=-16.578Hz  corr=-347.44W  u_ff=117.3W  PCAP→78W  power=78.2W
[PID] perf=27.592Hz  target=10.984Hz  err=-16.607Hz  corr=-347.98W  u_ff=117.3W  PCAP→78W  power=77.9W
[PID] perf=27.565Hz  target=10.984Hz  err=-16.580Hz  corr=-347.48W  u_ff=117.3W  PCAP→78W  power=76.9W
[PID] perf=27.534Hz  target=10.984Hz  err=-16.549Hz  corr=-346.90W  u_ff=117.3W  PCAP→78W  power=76.9W
[PID] perf=27.540Hz  target=10.984Hz  err=-16.555Hz  corr=-347.02W  u_ff=117.3W  PCAP→78W  power=77.0W
[PID] perf=27.559Hz  target=10.984Hz  err=-16.574Hz  corr=-347.37W  u_ff=117.3W  PCAP→78W  power=78.4W
[PID] perf=27.570Hz  target=10.984Hz  err=-16.586Hz  corr=-347.57W  u_ff=117.3W  PCAP→78W  power=78.6W
[PID] perf=27.580Hz  target=10.984Hz  err=-16.596Hz  corr=-347.76W  u_ff=117.3W  PCAP→78W  power=78.4W
[PID] perf=27.524Hz  target=10.984Hz  err=-16.540Hz  corr=-346.72W  u_ff=117.3W  PCAP→78W  power=79.3W
[PID] perf=27.559Hz  target=10.984Hz  err=-16.574Hz  corr=-347.36W  u_ff=117.3W  PCAP→78W  power=78.5W
[PID] perf=27.547Hz  target=10.984Hz  err=-16.563Hz  corr=-347.15W  u_ff=117.3W  PCAP→78W  power=77.0W
[PID] perf=27.532Hz  target=10.984Hz  err=-16.548Hz  corr=-346.88W  u_ff=117.3W  PCAP→78W  power=76.4W
[PID] perf=27.523Hz  target=10.984Hz  err=-16.539Hz  corr=-346.71W  u_ff=117.3W  PCAP→78W  power=77.8W
[PID] perf=27.548Hz  target=10.984Hz  err=-16.564Hz  corr=-347.17W  u_ff=117.3W  PCAP→78W  power=77.9W
[PID] perf=27.552Hz  target=10.984Hz  err=-16.568Hz  corr=-347.25W  u_ff=117.3W  PCAP→78W  power=77.8W
[PID] perf=27.501Hz  target=10.984Hz  err=-16.517Hz  corr=-346.30W  u_ff=117.3W  PCAP→78W  power=77.7W
[PID] perf=27.520Hz  target=10.984Hz  err=-16.535Hz  corr=-346.64W  u_ff=117.3W  PCAP→78W  power=79.0W
[PID] perf=27.509Hz  target=10.984Hz  err=-16.525Hz  corr=-346.45W  u_ff=117.3W  PCAP→78W  power=79.1W
[PID] perf=27.538Hz  target=10.984Hz  err=-16.554Hz  corr=-346.98W  u_ff=117.3W  PCAP→78W  power=78.4W
[PID] perf=27.490Hz  target=10.984Hz  err=-16.506Hz  corr=-346.09W  u_ff=117.3W  PCAP→78W  power=76.8W
[PID] perf=27.524Hz  target=10.984Hz  err=-16.540Hz  corr=-346.72W  u_ff=117.3W  PCAP→78W  power=77.0W
[PID] perf=27.479Hz  target=10.984Hz  err=-16.495Hz  corr=-345.89W  u_ff=117.3W  PCAP→78W  power=77.0W
[PID] perf=27.485Hz  target=10.984Hz  err=-16.500Hz  corr=-345.99W  u_ff=117.3W  PCAP→78W  power=77.0W
[PID] perf=27.495Hz  target=10.984Hz  err=-16.510Hz  corr=-346.18W  u_ff=117.3W  PCAP→78W  power=77.3W
[PID] perf=27.515Hz  target=10.984Hz  err=-16.531Hz  corr=-346.56W  u_ff=117.3W  PCAP→78W  power=78.3W
[PID] perf=27.552Hz  target=10.984Hz  err=-16.568Hz  corr=-347.24W  u_ff=117.3W  PCAP→78W  power=76.7W
[PID] perf=27.519Hz  target=10.984Hz  err=-16.535Hz  corr=-346.63W  u_ff=117.3W  PCAP→78W  power=78.5W
[PID] perf=27.491Hz  target=10.984Hz  err=-16.507Hz  corr=-346.11W  u_ff=117.3W  PCAP→78W  power=79.1W
[PID] perf=27.499Hz  target=10.984Hz  err=-16.515Hz  corr=-346.26W  u_ff=117.3W  PCAP→78W  power=78.8W
[PID] perf=27.503Hz  target=10.984Hz  err=-16.519Hz  corr=-346.34W  u_ff=117.3W  PCAP→78W  power=77.6W
[PID] perf=27.516Hz  target=10.984Hz  err=-16.531Hz  corr=-346.57W  u_ff=117.3W  PCAP→78W  power=77.6W
[PID] perf=27.493Hz  target=10.984Hz  err=-16.509Hz  corr=-346.15W  u_ff=117.3W  PCAP→78W  power=77.3W
[PID] perf=27.528Hz  target=10.984Hz  err=-16.544Hz  corr=-346.80W  u_ff=117.3W  PCAP→78W  power=77.6W
[PID] perf=27.505Hz  target=10.984Hz  err=-16.521Hz  corr=-346.38W  u_ff=117.3W  PCAP→78W  power=78.6W
[PID] perf=27.492Hz  target=10.984Hz  err=-16.507Hz  corr=-346.12W  u_ff=117.3W  PCAP→78W  power=78.9W
[PID] perf=27.481Hz  target=10.984Hz  err=-16.496Hz  corr=-345.92W  u_ff=117.3W  PCAP→78W  power=79.0W
[PID] perf=27.458Hz  target=10.984Hz  err=-16.474Hz  corr=-345.50W  u_ff=117.3W  PCAP→78W  power=77.7W
[PID] perf=27.477Hz  target=10.984Hz  err=-16.493Hz  corr=-345.85W  u_ff=117.3W  PCAP→78W  power=77.5W
[PID] perf=27.530Hz  target=10.984Hz  err=-16.546Hz  corr=-346.84W  u_ff=117.3W  PCAP→78W  power=77.3W
[PID] perf=27.525Hz  target=10.984Hz  err=-16.541Hz  corr=-346.74W  u_ff=117.3W  PCAP→78W  power=78.9W
[PID] perf=27.515Hz  target=10.984Hz  err=-16.530Hz  corr=-346.55W  u_ff=117.3W  PCAP→78W  power=77.1W
[PID] perf=27.513Hz  target=10.984Hz  err=-16.528Hz  corr=-346.51W  u_ff=117.3W  PCAP→78W  power=77.1W
[PID] perf=27.555Hz  target=10.984Hz  err=-16.570Hz  corr=-347.29W  u_ff=117.3W  PCAP→78W  power=78.5W
[PID] perf=27.532Hz  target=10.984Hz  err=-16.548Hz  corr=-346.87W  u_ff=117.3W  PCAP→78W  power=79.5W
[PID] perf=27.553Hz  target=10.984Hz  err=-16.569Hz  corr=-347.26W  u_ff=117.3W  PCAP→78W  power=77.7W
[PID] perf=27.512Hz  target=10.984Hz  err=-16.528Hz  corr=-346.50W  u_ff=117.3W  PCAP→78W  power=77.8W
[PID] perf=27.538Hz  target=10.984Hz  err=-16.554Hz  corr=-346.99W  u_ff=117.3W  PCAP→78W  power=78.2W
[PID] perf=27.543Hz  target=10.984Hz  err=-16.559Hz  corr=-347.08W  u_ff=117.3W  PCAP→78W  power=78.1W
[PID] perf=27.518Hz  target=10.984Hz  err=-16.534Hz  corr=-346.61W  u_ff=117.3W  PCAP→78W  power=78.6W
[PID] perf=27.567Hz  target=10.984Hz  err=-16.583Hz  corr=-347.53W  u_ff=117.3W  PCAP→78W  power=77.1W
[PID] perf=27.555Hz  target=10.984Hz  err=-16.571Hz  corr=-347.31W  u_ff=117.3W  PCAP→78W  power=77.1W
[PID] perf=27.532Hz  target=10.984Hz  err=-16.548Hz  corr=-346.88W  u_ff=117.3W  PCAP→78W  power=77.1W
[PID] perf=27.541Hz  target=10.984Hz  err=-16.557Hz  corr=-347.04W  u_ff=117.3W  PCAP→78W  power=78.9W
[PID] perf=27.553Hz  target=10.984Hz  err=-16.569Hz  corr=-347.27W  u_ff=117.3W  PCAP→78W  power=77.5W
[PID] perf=27.478Hz  target=10.984Hz  err=-16.493Hz  corr=-345.86W  u_ff=117.3W  PCAP→78W  power=79.4W
[PID] perf=27.541Hz  target=10.984Hz  err=-16.556Hz  corr=-347.03W  u_ff=117.3W  PCAP→78W  power=78.7W
[PID] perf=27.537Hz  target=10.984Hz  err=-16.552Hz  corr=-346.96W  u_ff=117.3W  PCAP→78W  power=77.7W
[PID] perf=27.557Hz  target=10.984Hz  err=-16.573Hz  corr=-347.33W  u_ff=117.3W  PCAP→78W  power=77.9W
[PID] perf=27.535Hz  target=10.984Hz  err=-16.551Hz  corr=-346.93W  u_ff=117.3W  PCAP→78W  power=77.1W
[PID] perf=27.468Hz  target=10.984Hz  err=-16.483Hz  corr=-345.68W  u_ff=117.3W  PCAP→78W  power=76.4W
[PID] perf=26.145Hz  target=10.984Hz  err=-15.161Hz  corr=-321.15W  u_ff=117.3W  PCAP→78W  power=77.6W
[PID] perf=26.226Hz  target=10.984Hz  err=-15.242Hz  corr=-322.65W  u_ff=117.3W  PCAP→78W  power=78.0W
[PID] perf=26.268Hz  target=10.984Hz  err=-15.283Hz  corr=-323.42W  u_ff=117.3W  PCAP→78W  power=76.4W
[PID] perf=26.231Hz  target=10.984Hz  err=-15.247Hz  corr=-322.75W  u_ff=117.3W  PCAP→78W  power=78.6W
[PID] perf=26.236Hz  target=10.984Hz  err=-15.252Hz  corr=-322.85W  u_ff=117.3W  PCAP→78W  power=77.9W
[PID] perf=26.286Hz  target=10.984Hz  err=-15.302Hz  corr=-323.77W  u_ff=117.3W  PCAP→78W  power=78.7W
[PID] perf=26.270Hz  target=10.984Hz  err=-15.286Hz  corr=-323.47W  u_ff=117.3W  PCAP→78W  power=79.1W
[PID] perf=26.266Hz  target=10.984Hz  err=-15.281Hz  corr=-323.39W  u_ff=117.3W  PCAP→78W  power=77.3W
[PID] perf=26.272Hz  target=10.984Hz  err=-15.287Hz  corr=-323.50W  u_ff=117.3W  PCAP→78W  power=77.1W
[PID] perf=26.251Hz  target=10.984Hz  err=-15.266Hz  corr=-323.11W  u_ff=117.3W  PCAP→78W  power=76.3W
[PID] perf=26.251Hz  target=10.984Hz  err=-15.267Hz  corr=-323.12W  u_ff=117.3W  PCAP→78W  power=78.4W
[PID] perf=26.242Hz  target=10.984Hz  err=-15.257Hz  corr=-322.94W  u_ff=117.3W  PCAP→78W  power=78.7W
[PID] perf=26.230Hz  target=10.984Hz  err=-15.246Hz  corr=-322.73W  u_ff=117.3W  PCAP→78W  power=79.0W
[PID] perf=26.234Hz  target=10.984Hz  err=-15.250Hz  corr=-322.80W  u_ff=117.3W  PCAP→78W  power=78.6W
[PID] perf=26.267Hz  target=10.984Hz  err=-15.283Hz  corr=-323.42W  u_ff=117.3W  PCAP→78W  power=78.6W
[PID] perf=27.353Hz  target=10.984Hz  err=-16.368Hz  corr=-343.54W  u_ff=117.3W  PCAP→78W  power=78.3W
[PID] perf=27.364Hz  target=10.984Hz  err=-16.380Hz  corr=-343.76W  u_ff=117.3W  PCAP→78W  power=79.1W
[PID] perf=27.415Hz  target=10.984Hz  err=-16.430Hz  corr=-344.70W  u_ff=117.3W  PCAP→78W  power=78.4W
[PID] perf=27.412Hz  target=10.984Hz  err=-16.428Hz  corr=-344.65W  u_ff=117.3W  PCAP→78W  power=79.2W
[PID] perf=27.404Hz  target=10.984Hz  err=-16.420Hz  corr=-344.50W  u_ff=117.3W  PCAP→78W  power=79.2W
[PID] perf=27.368Hz  target=10.984Hz  err=-16.384Hz  corr=-343.84W  u_ff=117.3W  PCAP→78W  power=75.7W
[PID] perf=27.424Hz  target=10.984Hz  err=-16.440Hz  corr=-344.87W  u_ff=117.3W  PCAP→78W  power=77.0W
[PID] perf=27.416Hz  target=10.984Hz  err=-16.431Hz  corr=-344.71W  u_ff=117.3W  PCAP→78W  power=77.0W
[PID] perf=27.429Hz  target=10.984Hz  err=-16.445Hz  corr=-344.97W  u_ff=117.3W  PCAP→78W  power=77.4W
[PID] perf=27.418Hz  target=10.984Hz  err=-16.434Hz  corr=-344.76W  u_ff=117.3W  PCAP→78W  power=77.9W
[PID] perf=27.439Hz  target=10.984Hz  err=-16.455Hz  corr=-345.14W  u_ff=117.3W  PCAP→78W  power=78.3W
[PID] perf=27.417Hz  target=10.984Hz  err=-16.433Hz  corr=-344.74W  u_ff=117.3W  PCAP→78W  power=78.4W
[PID] perf=27.412Hz  target=10.984Hz  err=-16.427Hz  corr=-344.64W  u_ff=117.3W  PCAP→78W  power=78.7W
[PID] perf=27.094Hz  target=10.984Hz  err=-16.109Hz  corr=-338.74W  u_ff=117.3W  PCAP→78W  power=78.7W
[PID] perf=27.137Hz  target=10.984Hz  err=-16.153Hz  corr=-339.55W  u_ff=117.3W  PCAP→78W  power=78.7W
[PID] perf=27.170Hz  target=10.984Hz  err=-16.186Hz  corr=-340.16W  u_ff=117.3W  PCAP→78W  power=78.1W
[PID] perf=27.415Hz  target=10.984Hz  err=-16.431Hz  corr=-344.70W  u_ff=117.3W  PCAP→78W  power=76.6W
[PID] perf=27.393Hz  target=10.984Hz  err=-16.408Hz  corr=-344.29W  u_ff=117.3W  PCAP→78W  power=76.6W
[PID] perf=27.415Hz  target=10.984Hz  err=-16.431Hz  corr=-344.70W  u_ff=117.3W  PCAP→78W  power=77.9W
[PID] perf=27.377Hz  target=10.984Hz  err=-16.393Hz  corr=-344.00W  u_ff=117.3W  PCAP→78W  power=76.4W
[PID] perf=27.393Hz  target=10.984Hz  err=-16.409Hz  corr=-344.30W  u_ff=117.3W  PCAP→78W  power=77.9W
[PID] perf=27.404Hz  target=10.984Hz  err=-16.420Hz  corr=-344.50W  u_ff=117.3W  PCAP→78W  power=79.0W
[PID] perf=27.409Hz  target=10.984Hz  err=-16.424Hz  corr=-344.58W  u_ff=117.3W  PCAP→78W  power=78.9W
[PID] perf=27.419Hz  target=10.984Hz  err=-16.435Hz  corr=-344.78W  u_ff=117.3W  PCAP→78W  power=78.6W
[PID] perf=27.399Hz  target=10.984Hz  err=-16.415Hz  corr=-344.40W  u_ff=117.3W  PCAP→78W  power=79.2W
[PID] perf=27.421Hz  target=10.984Hz  err=-16.436Hz  corr=-344.81W  u_ff=117.3W  PCAP→78W  power=77.7W
[PID] perf=27.358Hz  target=10.984Hz  err=-16.374Hz  corr=-343.64W  u_ff=117.3W  PCAP→78W  power=78.2W
[PID] perf=27.375Hz  target=10.984Hz  err=-16.390Hz  corr=-343.96W  u_ff=117.3W  PCAP→78W  power=79.0W
[PID] perf=27.387Hz  target=10.984Hz  err=-16.403Hz  corr=-344.18W  u_ff=117.3W  PCAP→78W  power=77.1W
[PID] perf=27.412Hz  target=10.984Hz  err=-16.428Hz  corr=-344.65W  u_ff=117.3W  PCAP→78W  power=76.4W
[PID] perf=27.366Hz  target=10.984Hz  err=-16.381Hz  corr=-343.79W  u_ff=117.3W  PCAP→78W  power=77.6W
[PID] perf=27.456Hz  target=10.984Hz  err=-16.472Hz  corr=-345.46W  u_ff=117.3W  PCAP→78W  power=77.1W
[PID] perf=27.430Hz  target=10.984Hz  err=-16.446Hz  corr=-344.98W  u_ff=117.3W  PCAP→78W  power=79.1W
[PID] perf=27.438Hz  target=10.984Hz  err=-16.454Hz  corr=-345.13W  u_ff=117.3W  PCAP→78W  power=78.9W
[PID] perf=27.436Hz  target=10.984Hz  err=-16.451Hz  corr=-345.09W  u_ff=117.3W  PCAP→78W  power=78.8W
[PID] perf=27.439Hz  target=10.984Hz  err=-16.455Hz  corr=-345.16W  u_ff=117.3W  PCAP→78W  power=79.2W
[PID] perf=27.455Hz  target=10.984Hz  err=-16.471Hz  corr=-345.45W  u_ff=117.3W  PCAP→78W  power=76.6W
[PID] perf=27.457Hz  target=10.984Hz  err=-16.472Hz  corr=-345.47W  u_ff=117.3W  PCAP→78W  power=78.4W
[PID] perf=27.477Hz  target=10.984Hz  err=-16.493Hz  corr=-345.85W  u_ff=117.3W  PCAP→78W  power=78.7W
[PID] perf=27.446Hz  target=10.984Hz  err=-16.462Hz  corr=-345.28W  u_ff=117.3W  PCAP→78W  power=76.3W
[PID] perf=27.448Hz  target=10.984Hz  err=-16.463Hz  corr=-345.31W  u_ff=117.3W  PCAP→78W  power=77.7W
[PID] perf=27.458Hz  target=10.984Hz  err=-16.473Hz  corr=-345.49W  u_ff=117.3W  PCAP→78W  power=77.6W
[PID] perf=27.463Hz  target=10.984Hz  err=-16.479Hz  corr=-345.60W  u_ff=117.3W  PCAP→78W  power=77.7W
[PID] perf=27.478Hz  target=10.984Hz  err=-16.493Hz  corr=-345.86W  u_ff=117.3W  PCAP→78W  power=77.2W
[PID] perf=27.457Hz  target=10.984Hz  err=-16.473Hz  corr=-345.48W  u_ff=117.3W  PCAP→78W  power=77.5W
[PID] perf=27.466Hz  target=10.984Hz  err=-16.481Hz  corr=-345.64W  u_ff=117.3W  PCAP→78W  power=77.5W
[PID] perf=27.455Hz  target=10.984Hz  err=-16.470Hz  corr=-345.44W  u_ff=117.3W  PCAP→78W  power=78.3W
[PID] perf=27.461Hz  target=10.984Hz  err=-16.477Hz  corr=-345.56W  u_ff=117.3W  PCAP→78W  power=77.2W
[PID] perf=27.448Hz  target=10.984Hz  err=-16.464Hz  corr=-345.32W  u_ff=117.3W  PCAP→78W  power=78.5W
[PID] perf=27.425Hz  target=10.984Hz  err=-16.441Hz  corr=-344.90W  u_ff=117.3W  PCAP→78W  power=78.4W
[PID] perf=27.412Hz  target=10.984Hz  err=-16.427Hz  corr=-344.64W  u_ff=117.3W  PCAP→78W  power=79.0W
[PID] perf=27.420Hz  target=10.984Hz  err=-16.436Hz  corr=-344.79W  u_ff=117.3W  PCAP→78W  power=78.5W
[PID] perf=27.431Hz  target=10.984Hz  err=-16.446Hz  corr=-344.99W  u_ff=117.3W  PCAP→78W  power=77.6W
[PID] perf=27.413Hz  target=10.984Hz  err=-16.429Hz  corr=-344.66W  u_ff=117.3W  PCAP→78W  power=76.8W
[PID] perf=27.426Hz  target=10.984Hz  err=-16.442Hz  corr=-344.91W  u_ff=117.3W  PCAP→78W  power=76.9W
[PID] perf=27.411Hz  target=10.984Hz  err=-16.427Hz  corr=-344.63W  u_ff=117.3W  PCAP→78W  power=78.6W
[PID] perf=27.382Hz  target=10.984Hz  err=-16.398Hz  corr=-344.09W  u_ff=117.3W  PCAP→78W  power=78.3W
[PID] perf=27.431Hz  target=10.984Hz  err=-16.447Hz  corr=-345.00W  u_ff=117.3W  PCAP→78W  power=79.1W
[PID] perf=27.444Hz  target=10.984Hz  err=-16.460Hz  corr=-345.25W  u_ff=117.3W  PCAP→78W  power=78.5W
[PID] perf=27.428Hz  target=10.984Hz  err=-16.444Hz  corr=-344.94W  u_ff=117.3W  PCAP→78W  power=78.8W
[PID] perf=27.427Hz  target=10.984Hz  err=-16.442Hz  corr=-344.92W  u_ff=117.3W  PCAP→78W  power=77.6W
[PID] perf=27.405Hz  target=10.984Hz  err=-16.421Hz  corr=-344.51W  u_ff=117.3W  PCAP→78W  power=78.7W
[PID] perf=27.420Hz  target=10.984Hz  err=-16.436Hz  corr=-344.79W  u_ff=117.3W  PCAP→78W  power=77.9W
[PID] perf=27.445Hz  target=10.984Hz  err=-16.461Hz  corr=-345.26W  u_ff=117.3W  PCAP→78W  power=77.2W
[PID] perf=27.407Hz  target=10.984Hz  err=-16.423Hz  corr=-344.56W  u_ff=117.3W  PCAP→78W  power=79.3W
[PID] perf=27.403Hz  target=10.984Hz  err=-16.419Hz  corr=-344.49W  u_ff=117.3W  PCAP→78W  power=77.3W
[PID] perf=27.400Hz  target=10.984Hz  err=-16.416Hz  corr=-344.43W  u_ff=117.3W  PCAP→78W  power=78.9W
[PID] perf=27.389Hz  target=10.984Hz  err=-16.405Hz  corr=-344.22W  u_ff=117.3W  PCAP→78W  power=79.1W
[PID] perf=27.363Hz  target=10.984Hz  err=-16.378Hz  corr=-343.73W  u_ff=117.3W  PCAP→78W  power=77.5W
[PID] perf=27.427Hz  target=10.984Hz  err=-16.443Hz  corr=-344.93W  u_ff=117.3W  PCAP→78W  power=76.7W
[PID] perf=27.381Hz  target=10.984Hz  err=-16.397Hz  corr=-344.08W  u_ff=117.3W  PCAP→78W  power=76.7W
[PID] perf=27.417Hz  target=10.984Hz  err=-16.433Hz  corr=-344.74W  u_ff=117.3W  PCAP→78W  power=76.9W
[PID] perf=27.428Hz  target=10.984Hz  err=-16.444Hz  corr=-344.94W  u_ff=117.3W  PCAP→78W  power=77.0W
[PID] perf=27.432Hz  target=10.984Hz  err=-16.447Hz  corr=-345.01W  u_ff=117.3W  PCAP→78W  power=79.2W
[PID] perf=27.366Hz  target=10.984Hz  err=-16.381Hz  corr=-343.78W  u_ff=117.3W  PCAP→78W  power=77.9W
[PID] perf=27.415Hz  target=10.984Hz  err=-16.431Hz  corr=-344.71W  u_ff=117.3W  PCAP→78W  power=79.2W
[PID] perf=27.399Hz  target=10.984Hz  err=-16.415Hz  corr=-344.40W  u_ff=117.3W  PCAP→78W  power=78.3W
[PID] perf=27.378Hz  target=10.984Hz  err=-16.394Hz  corr=-344.02W  u_ff=117.3W  PCAP→78W  power=77.1W
[PID] perf=27.344Hz  target=10.984Hz  err=-16.360Hz  corr=-343.39W  u_ff=117.3W  PCAP→78W  power=78.2W
[PID] perf=27.426Hz  target=10.984Hz  err=-16.442Hz  corr=-344.91W  u_ff=117.3W  PCAP→78W  power=77.6W
[PID] perf=27.408Hz  target=10.984Hz  err=-16.424Hz  corr=-344.57W  u_ff=117.3W  PCAP→78W  power=79.1W
[PID] perf=27.387Hz  target=10.984Hz  err=-16.403Hz  corr=-344.19W  u_ff=117.3W  PCAP→78W  power=78.5W
[PID] perf=27.409Hz  target=10.984Hz  err=-16.424Hz  corr=-344.58W  u_ff=117.3W  PCAP→78W  power=77.8W
[PID] perf=27.429Hz  target=10.984Hz  err=-16.444Hz  corr=-344.96W  u_ff=117.3W  PCAP→78W  power=78.5W
[PID] perf=27.397Hz  target=10.984Hz  err=-16.412Hz  corr=-344.36W  u_ff=117.3W  PCAP→78W  power=78.0W
[PID] perf=27.413Hz  target=10.984Hz  err=-16.429Hz  corr=-344.66W  u_ff=117.3W  PCAP→78W  power=78.7W
[PID] perf=27.431Hz  target=10.984Hz  err=-16.447Hz  corr=-345.01W  u_ff=117.3W  PCAP→78W  power=77.5W
[PID] perf=27.434Hz  target=10.984Hz  err=-16.449Hz  corr=-345.05W  u_ff=117.3W  PCAP→78W  power=76.6W
[PID] perf=27.426Hz  target=10.984Hz  err=-16.442Hz  corr=-344.91W  u_ff=117.3W  PCAP→78W  power=76.2W
[PID] perf=27.437Hz  target=10.984Hz  err=-16.453Hz  corr=-345.11W  u_ff=117.3W  PCAP→78W  power=77.3W
[PID] perf=27.466Hz  target=10.984Hz  err=-16.482Hz  corr=-345.66W  u_ff=117.3W  PCAP→78W  power=77.6W
[PID] perf=27.261Hz  target=10.984Hz  err=-16.276Hz  corr=-341.84W  u_ff=117.3W  PCAP→78W  power=78.0W
[PID] perf=27.392Hz  target=10.984Hz  err=-16.408Hz  corr=-344.28W  u_ff=117.3W  PCAP→78W  power=78.5W
[PID] perf=27.442Hz  target=10.984Hz  err=-16.458Hz  corr=-345.21W  u_ff=117.3W  PCAP→78W  power=79.1W
[PID] perf=27.436Hz  target=10.984Hz  err=-16.452Hz  corr=-345.09W  u_ff=117.3W  PCAP→78W  power=78.9W
[PID] perf=27.442Hz  target=10.984Hz  err=-16.458Hz  corr=-345.21W  u_ff=117.3W  PCAP→78W  power=79.0W
[PID] perf=27.441Hz  target=10.984Hz  err=-16.457Hz  corr=-345.19W  u_ff=117.3W  PCAP→78W  power=76.4W
[PID] perf=27.454Hz  target=10.984Hz  err=-16.470Hz  corr=-345.43W  u_ff=117.3W  PCAP→78W  power=76.6W
[PID] perf=27.841Hz  target=10.984Hz  err=-16.856Hz  corr=-352.60W  u_ff=117.3W  PCAP→78W  power=78.4W
[PID] perf=27.888Hz  target=10.984Hz  err=-16.904Hz  corr=-353.47W  u_ff=117.3W  PCAP→78W  power=79.5W
[PID] perf=27.936Hz  target=10.984Hz  err=-16.951Hz  corr=-354.36W  u_ff=117.3W  PCAP→78W  power=78.5W
[PID] perf=27.971Hz  target=10.984Hz  err=-16.987Hz  corr=-355.01W  u_ff=117.3W  PCAP→78W  power=78.3W
[PID] perf=27.972Hz  target=10.984Hz  err=-16.987Hz  corr=-355.03W  u_ff=117.3W  PCAP→78W  power=76.0W
[PID] perf=26.788Hz  target=10.984Hz  err=-15.804Hz  corr=-333.07W  u_ff=117.3W  PCAP→78W  power=78.4W
[PID] perf=12.929Hz  target=10.984Hz  err=-1.945Hz  corr=-76.06W  u_ff=117.3W  PCAP→78W  power=77.1W
Process completed.
Compressed into /home/cc/summer2024/main_codes/pid_controller/../experiment_data/PID_Control_sweep/ones-npb-cg/compressed_iteration_20260513_140501.tar
----------------------------------

>>> Step 2/3

[ones-npb-cg]
  target perf      : 10.9843 Hz
  coefficients_perf: [-0.0006547837485238978, 0.18607436314256556, -1.8317688501798497]
  feedforward PCAP : 117.27 W  →  118 W (snapped)
  Perf(u_ff) check : 10.9843 Hz  (should ≈ target)
  PID gains        : Kp=18.5447 W/Hz  Ki=1.85447 W/(Hz·s)  Kd=0.0000
[PID] Awaiting data — feedforward PCAP=118W
[PID] Awaiting data — feedforward PCAP=118W
[PID] Awaiting data — feedforward PCAP=118W
[PID] Awaiting data — feedforward PCAP=118W
[PID] Awaiting data — feedforward PCAP=118W
[PID] Awaiting data — feedforward PCAP=118W
[PID] perf=38.967Hz  target=10.984Hz  err=-27.983Hz  corr=-558.94W  u_ff=117.3W  PCAP→78W  power=nanW
[PID] perf=33.233Hz  target=10.984Hz  err=-22.248Hz  corr=-452.59W  u_ff=117.3W  PCAP→78W  power=77.5W
[PID] perf=2.388Hz  target=10.984Hz  err=+8.596Hz  corr=+191.29W  u_ff=117.3W  PCAP→165W  power=78.1W
[PID] perf=11.152Hz  target=10.984Hz  err=-0.168Hz  corr=+28.14W  u_ff=117.3W  PCAP→147W  power=150.9W
[PID] perf=18.820Hz  target=10.984Hz  err=-7.836Hz  corr=-143.11W  u_ff=117.3W  PCAP→78W  power=145.1W
[PID] perf=17.311Hz  target=10.984Hz  err=-6.327Hz  corr=-138.60W  u_ff=117.3W  PCAP→78W  power=76.3W
[PID] perf=17.276Hz  target=10.984Hz  err=-6.291Hz  corr=-156.67W  u_ff=117.3W  PCAP→78W  power=77.9W
[PID] perf=17.263Hz  target=10.984Hz  err=-6.279Hz  corr=-156.44W  u_ff=117.3W  PCAP→78W  power=79.0W
[PID] perf=17.311Hz  target=10.984Hz  err=-6.327Hz  corr=-157.33W  u_ff=117.3W  PCAP→78W  power=78.5W
[PID] perf=17.194Hz  target=10.984Hz  err=-6.210Hz  corr=-155.16W  u_ff=117.3W  PCAP→78W  power=78.2W
[PID] perf=17.197Hz  target=10.984Hz  err=-6.212Hz  corr=-155.20W  u_ff=117.3W  PCAP→78W  power=76.5W
[PID] perf=16.755Hz  target=10.984Hz  err=-5.771Hz  corr=-147.02W  u_ff=117.3W  PCAP→78W  power=77.7W
[PID] perf=17.064Hz  target=10.984Hz  err=-6.080Hz  corr=-152.75W  u_ff=117.3W  PCAP→78W  power=76.5W
[PID] perf=17.028Hz  target=10.984Hz  err=-6.044Hz  corr=-152.08W  u_ff=117.3W  PCAP→78W  power=78.3W
[PID] perf=16.984Hz  target=10.984Hz  err=-5.999Hz  corr=-151.25W  u_ff=117.3W  PCAP→78W  power=77.7W
[PID] perf=16.677Hz  target=10.984Hz  err=-5.692Hz  corr=-145.56W  u_ff=117.3W  PCAP→78W  power=78.0W
[PID] perf=16.973Hz  target=10.984Hz  err=-5.989Hz  corr=-151.06W  u_ff=117.3W  PCAP→78W  power=76.8W
[PID] perf=17.067Hz  target=10.984Hz  err=-6.083Hz  corr=-152.80W  u_ff=117.3W  PCAP→78W  power=77.1W
[PID] perf=17.404Hz  target=10.984Hz  err=-6.420Hz  corr=-159.05W  u_ff=117.3W  PCAP→78W  power=75.8W
[PID] perf=3.164Hz  target=10.984Hz  err=+7.820Hz  corr=+152.75W  u_ff=117.3W  PCAP→165W  power=78.8W
[PID] perf=19.110Hz  target=10.984Hz  err=-8.126Hz  corr=-173.10W  u_ff=117.3W  PCAP→78W  power=173.1W
[PID] perf=26.971Hz  target=10.984Hz  err=-15.987Hz  corr=-336.47W  u_ff=117.3W  PCAP→78W  power=78.4W
[PID] perf=26.871Hz  target=10.984Hz  err=-15.887Hz  corr=-334.61W  u_ff=117.3W  PCAP→78W  power=77.1W
[PID] perf=26.899Hz  target=10.984Hz  err=-15.915Hz  corr=-335.13W  u_ff=117.3W  PCAP→78W  power=79.4W
[PID] perf=27.002Hz  target=10.984Hz  err=-16.018Hz  corr=-337.04W  u_ff=117.3W  PCAP→78W  power=78.4W
[PID] perf=27.112Hz  target=10.984Hz  err=-16.127Hz  corr=-339.08W  u_ff=117.3W  PCAP→78W  power=77.2W
[PID] perf=26.761Hz  target=10.984Hz  err=-15.777Hz  corr=-332.58W  u_ff=117.3W  PCAP→78W  power=77.5W
[PID] perf=26.800Hz  target=10.984Hz  err=-15.815Hz  corr=-333.29W  u_ff=117.3W  PCAP→78W  power=76.8W
[PID] perf=26.726Hz  target=10.984Hz  err=-15.742Hz  corr=-331.93W  u_ff=117.3W  PCAP→78W  power=78.9W
[PID] perf=26.804Hz  target=10.984Hz  err=-15.819Hz  corr=-333.36W  u_ff=117.3W  PCAP→78W  power=77.7W
[PID] perf=26.722Hz  target=10.984Hz  err=-15.738Hz  corr=-331.85W  u_ff=117.3W  PCAP→78W  power=76.7W
[PID] perf=26.873Hz  target=10.984Hz  err=-15.889Hz  corr=-334.66W  u_ff=117.3W  PCAP→78W  power=77.7W
[PID] perf=26.837Hz  target=10.984Hz  err=-15.852Hz  corr=-333.98W  u_ff=117.3W  PCAP→78W  power=77.9W
[PID] perf=26.823Hz  target=10.984Hz  err=-15.839Hz  corr=-333.72W  u_ff=117.3W  PCAP→78W  power=78.5W
[PID] perf=26.836Hz  target=10.984Hz  err=-15.852Hz  corr=-333.96W  u_ff=117.3W  PCAP→78W  power=77.3W
[PID] perf=26.835Hz  target=10.984Hz  err=-15.851Hz  corr=-333.95W  u_ff=117.3W  PCAP→78W  power=78.3W
[PID] perf=26.271Hz  target=10.984Hz  err=-15.286Hz  corr=-323.48W  u_ff=117.3W  PCAP→78W  power=78.1W
[PID] perf=26.552Hz  target=10.984Hz  err=-15.568Hz  corr=-328.71W  u_ff=117.3W  PCAP→78W  power=78.9W
[PID] perf=26.585Hz  target=10.984Hz  err=-15.601Hz  corr=-329.31W  u_ff=117.3W  PCAP→78W  power=78.6W
[PID] perf=26.587Hz  target=10.984Hz  err=-15.603Hz  corr=-329.35W  u_ff=117.3W  PCAP→78W  power=78.6W
[PID] perf=26.578Hz  target=10.984Hz  err=-15.594Hz  corr=-329.18W  u_ff=117.3W  PCAP→78W  power=78.1W
[PID] perf=26.613Hz  target=10.984Hz  err=-15.629Hz  corr=-329.83W  u_ff=117.3W  PCAP→78W  power=79.0W
[PID] perf=26.637Hz  target=10.984Hz  err=-15.652Hz  corr=-330.27W  u_ff=117.3W  PCAP→78W  power=78.2W
[PID] perf=26.666Hz  target=10.984Hz  err=-15.682Hz  corr=-330.82W  u_ff=117.3W  PCAP→78W  power=77.4W
[PID] perf=26.653Hz  target=10.984Hz  err=-15.669Hz  corr=-330.57W  u_ff=117.3W  PCAP→78W  power=77.3W
[PID] perf=26.656Hz  target=10.984Hz  err=-15.672Hz  corr=-330.63W  u_ff=117.3W  PCAP→78W  power=78.7W
[PID] perf=26.667Hz  target=10.984Hz  err=-15.682Hz  corr=-330.83W  u_ff=117.3W  PCAP→78W  power=78.6W
[PID] perf=26.649Hz  target=10.984Hz  err=-15.665Hz  corr=-330.51W  u_ff=117.3W  PCAP→78W  power=77.9W
[PID] perf=26.672Hz  target=10.984Hz  err=-15.688Hz  corr=-330.93W  u_ff=117.3W  PCAP→78W  power=76.4W
[PID] perf=26.627Hz  target=10.984Hz  err=-15.643Hz  corr=-330.09W  u_ff=117.3W  PCAP→78W  power=78.2W
[PID] perf=26.633Hz  target=10.984Hz  err=-15.648Hz  corr=-330.20W  u_ff=117.3W  PCAP→78W  power=77.9W
[PID] perf=26.643Hz  target=10.984Hz  err=-15.659Hz  corr=-330.38W  u_ff=117.3W  PCAP→78W  power=79.3W
[PID] perf=26.627Hz  target=10.984Hz  err=-15.643Hz  corr=-330.09W  u_ff=117.3W  PCAP→78W  power=78.8W
[PID] perf=25.979Hz  target=10.984Hz  err=-14.995Hz  corr=-318.07W  u_ff=117.3W  PCAP→78W  power=78.6W
[PID] perf=25.925Hz  target=10.984Hz  err=-14.941Hz  corr=-317.08W  u_ff=117.3W  PCAP→78W  power=77.2W
[PID] perf=26.052Hz  target=10.984Hz  err=-15.068Hz  corr=-319.43W  u_ff=117.3W  PCAP→78W  power=77.1W
[PID] perf=26.012Hz  target=10.984Hz  err=-15.027Hz  corr=-318.68W  u_ff=117.3W  PCAP→78W  power=76.3W
[PID] perf=25.969Hz  target=10.984Hz  err=-14.985Hz  corr=-317.89W  u_ff=117.3W  PCAP→78W  power=77.1W
[PID] perf=26.034Hz  target=10.984Hz  err=-15.049Hz  corr=-319.09W  u_ff=117.3W  PCAP→78W  power=77.4W
[PID] perf=26.075Hz  target=10.984Hz  err=-15.091Hz  corr=-319.85W  u_ff=117.3W  PCAP→78W  power=77.0W
[PID] perf=26.033Hz  target=10.984Hz  err=-15.049Hz  corr=-319.08W  u_ff=117.3W  PCAP→78W  power=78.1W
[PID] perf=26.037Hz  target=10.984Hz  err=-15.053Hz  corr=-319.16W  u_ff=117.3W  PCAP→78W  power=76.7W
[PID] perf=26.106Hz  target=10.984Hz  err=-15.122Hz  corr=-320.43W  u_ff=117.3W  PCAP→78W  power=78.2W
[PID] perf=26.059Hz  target=10.984Hz  err=-15.075Hz  corr=-319.55W  u_ff=117.3W  PCAP→78W  power=77.7W
[PID] perf=26.066Hz  target=10.984Hz  err=-15.082Hz  corr=-319.69W  u_ff=117.3W  PCAP→78W  power=77.4W
[PID] perf=26.082Hz  target=10.984Hz  err=-15.098Hz  corr=-319.98W  u_ff=117.3W  PCAP→78W  power=77.2W
[PID] perf=26.090Hz  target=10.984Hz  err=-15.106Hz  corr=-320.13W  u_ff=117.3W  PCAP→78W  power=79.0W
[PID] perf=26.091Hz  target=10.984Hz  err=-15.106Hz  corr=-320.14W  u_ff=117.3W  PCAP→78W  power=76.3W
[PID] perf=26.077Hz  target=10.984Hz  err=-15.092Hz  corr=-319.88W  u_ff=117.3W  PCAP→78W  power=77.8W
[PID] perf=26.060Hz  target=10.984Hz  err=-15.076Hz  corr=-319.58W  u_ff=117.3W  PCAP→78W  power=78.9W
[PID] perf=26.050Hz  target=10.984Hz  err=-15.066Hz  corr=-319.39W  u_ff=117.3W  PCAP→78W  power=77.9W
[PID] perf=25.002Hz  target=10.984Hz  err=-14.017Hz  corr=-299.94W  u_ff=117.3W  PCAP→78W  power=77.9W
[PID] perf=25.099Hz  target=10.984Hz  err=-14.115Hz  corr=-301.75W  u_ff=117.3W  PCAP→78W  power=78.4W
[PID] perf=25.179Hz  target=10.984Hz  err=-14.194Hz  corr=-303.23W  u_ff=117.3W  PCAP→78W  power=78.6W
[PID] perf=25.204Hz  target=10.984Hz  err=-14.220Hz  corr=-303.71W  u_ff=117.3W  PCAP→78W  power=78.9W
[PID] perf=25.183Hz  target=10.984Hz  err=-14.199Hz  corr=-303.31W  u_ff=117.3W  PCAP→78W  power=78.5W
[PID] perf=25.188Hz  target=10.984Hz  err=-14.204Hz  corr=-303.41W  u_ff=117.3W  PCAP→78W  power=79.2W
[PID] perf=25.181Hz  target=10.984Hz  err=-14.196Hz  corr=-303.26W  u_ff=117.3W  PCAP→78W  power=77.6W
[PID] perf=25.209Hz  target=10.984Hz  err=-14.225Hz  corr=-303.79W  u_ff=117.3W  PCAP→78W  power=77.5W
[PID] perf=25.207Hz  target=10.984Hz  err=-14.223Hz  corr=-303.76W  u_ff=117.3W  PCAP→78W  power=77.5W
[PID] perf=25.188Hz  target=10.984Hz  err=-14.204Hz  corr=-303.40W  u_ff=117.3W  PCAP→78W  power=78.6W
[PID] perf=25.197Hz  target=10.984Hz  err=-14.212Hz  corr=-303.57W  u_ff=117.3W  PCAP→78W  power=79.0W
[PID] perf=25.155Hz  target=10.984Hz  err=-14.170Hz  corr=-302.78W  u_ff=117.3W  PCAP→78W  power=78.1W
[PID] perf=25.203Hz  target=10.984Hz  err=-14.219Hz  corr=-303.68W  u_ff=117.3W  PCAP→78W  power=76.1W
[PID] perf=25.202Hz  target=10.984Hz  err=-14.218Hz  corr=-303.66W  u_ff=117.3W  PCAP→78W  power=76.8W
[PID] perf=25.223Hz  target=10.984Hz  err=-14.239Hz  corr=-304.06W  u_ff=117.3W  PCAP→78W  power=75.9W
[PID] perf=25.214Hz  target=10.984Hz  err=-14.230Hz  corr=-303.89W  u_ff=117.3W  PCAP→78W  power=76.7W
[PID] perf=25.197Hz  target=10.984Hz  err=-14.213Hz  corr=-303.57W  u_ff=117.3W  PCAP→78W  power=77.4W
[PID] perf=25.214Hz  target=10.984Hz  err=-14.229Hz  corr=-303.88W  u_ff=117.3W  PCAP→78W  power=77.6W
[PID] perf=25.224Hz  target=10.984Hz  err=-14.240Hz  corr=-304.07W  u_ff=117.3W  PCAP→78W  power=78.7W
[PID] perf=25.220Hz  target=10.984Hz  err=-14.235Hz  corr=-303.99W  u_ff=117.3W  PCAP→78W  power=78.9W
[PID] perf=25.932Hz  target=10.984Hz  err=-14.947Hz  corr=-317.19W  u_ff=117.3W  PCAP→78W  power=77.9W
[PID] perf=26.540Hz  target=10.984Hz  err=-15.556Hz  corr=-328.48W  u_ff=117.3W  PCAP→78W  power=77.1W
[PID] perf=26.627Hz  target=10.984Hz  err=-15.642Hz  corr=-330.08W  u_ff=117.3W  PCAP→78W  power=77.8W
[PID] perf=26.667Hz  target=10.984Hz  err=-15.682Hz  corr=-330.82W  u_ff=117.3W  PCAP→78W  power=79.1W
[PID] perf=26.655Hz  target=10.984Hz  err=-15.671Hz  corr=-330.61W  u_ff=117.3W  PCAP→78W  power=77.3W
[PID] perf=26.674Hz  target=10.984Hz  err=-15.690Hz  corr=-330.97W  u_ff=117.3W  PCAP→78W  power=78.5W
[PID] perf=26.678Hz  target=10.984Hz  err=-15.694Hz  corr=-331.03W  u_ff=117.3W  PCAP→78W  power=78.6W
[PID] perf=26.675Hz  target=10.984Hz  err=-15.690Hz  corr=-330.97W  u_ff=117.3W  PCAP→78W  power=78.8W
[PID] perf=26.681Hz  target=10.984Hz  err=-15.696Hz  corr=-331.08W  u_ff=117.3W  PCAP→78W  power=78.0W
[PID] perf=26.500Hz  target=10.984Hz  err=-15.515Hz  corr=-327.73W  u_ff=117.3W  PCAP→78W  power=78.8W
[PID] perf=26.498Hz  target=10.984Hz  err=-15.513Hz  corr=-327.69W  u_ff=117.3W  PCAP→78W  power=78.6W
[PID] perf=26.356Hz  target=10.984Hz  err=-15.372Hz  corr=-325.07W  u_ff=117.3W  PCAP→78W  power=77.5W
[PID] perf=26.692Hz  target=10.984Hz  err=-15.708Hz  corr=-331.30W  u_ff=117.3W  PCAP→78W  power=78.9W
[PID] perf=25.571Hz  target=10.984Hz  err=-14.587Hz  corr=-310.51W  u_ff=117.3W  PCAP→78W  power=78.4W
[PID] perf=26.261Hz  target=10.984Hz  err=-15.277Hz  corr=-323.31W  u_ff=117.3W  PCAP→78W  power=76.6W
[PID] perf=26.913Hz  target=10.984Hz  err=-15.929Hz  corr=-335.39W  u_ff=117.3W  PCAP→78W  power=78.4W
[PID] perf=26.931Hz  target=10.984Hz  err=-15.947Hz  corr=-335.73W  u_ff=117.3W  PCAP→78W  power=76.5W
[PID] perf=25.970Hz  target=10.984Hz  err=-14.986Hz  corr=-317.91W  u_ff=117.3W  PCAP→78W  power=76.6W
[PID] perf=26.630Hz  target=10.984Hz  err=-15.645Hz  corr=-330.14W  u_ff=117.3W  PCAP→78W  power=78.5W
[PID] perf=27.139Hz  target=10.984Hz  err=-16.155Hz  corr=-339.59W  u_ff=117.3W  PCAP→78W  power=78.6W
[PID] perf=27.107Hz  target=10.984Hz  err=-16.122Hz  corr=-338.98W  u_ff=117.3W  PCAP→78W  power=79.1W
[PID] perf=27.064Hz  target=10.984Hz  err=-16.080Hz  corr=-338.20W  u_ff=117.3W  PCAP→78W  power=77.8W
[PID] perf=27.070Hz  target=10.984Hz  err=-16.086Hz  corr=-338.30W  u_ff=117.3W  PCAP→78W  power=78.3W
[PID] perf=27.088Hz  target=10.984Hz  err=-16.103Hz  corr=-338.63W  u_ff=117.3W  PCAP→78W  power=76.6W
[PID] perf=27.101Hz  target=10.984Hz  err=-16.117Hz  corr=-338.89W  u_ff=117.3W  PCAP→78W  power=77.9W
[PID] perf=27.097Hz  target=10.984Hz  err=-16.113Hz  corr=-338.80W  u_ff=117.3W  PCAP→78W  power=77.3W
[PID] perf=27.132Hz  target=10.984Hz  err=-16.147Hz  corr=-339.45W  u_ff=117.3W  PCAP→78W  power=78.5W
[PID] perf=27.101Hz  target=10.984Hz  err=-16.117Hz  corr=-338.88W  u_ff=117.3W  PCAP→78W  power=79.1W
[PID] perf=27.109Hz  target=10.984Hz  err=-16.124Hz  corr=-339.02W  u_ff=117.3W  PCAP→78W  power=79.4W
[PID] perf=27.147Hz  target=10.984Hz  err=-16.163Hz  corr=-339.73W  u_ff=117.3W  PCAP→78W  power=78.8W
[PID] perf=27.152Hz  target=10.984Hz  err=-16.168Hz  corr=-339.82W  u_ff=117.3W  PCAP→78W  power=78.6W
[PID] perf=27.169Hz  target=10.984Hz  err=-16.185Hz  corr=-340.14W  u_ff=117.3W  PCAP→78W  power=79.0W
[PID] perf=27.142Hz  target=10.984Hz  err=-16.158Hz  corr=-339.64W  u_ff=117.3W  PCAP→78W  power=78.3W
[PID] perf=27.142Hz  target=10.984Hz  err=-16.158Hz  corr=-339.65W  u_ff=117.3W  PCAP→78W  power=78.4W
[PID] perf=27.127Hz  target=10.984Hz  err=-16.143Hz  corr=-339.36W  u_ff=117.3W  PCAP→78W  power=79.1W
[PID] perf=27.066Hz  target=10.984Hz  err=-16.082Hz  corr=-338.24W  u_ff=117.3W  PCAP→78W  power=77.8W
[PID] perf=27.113Hz  target=10.984Hz  err=-16.129Hz  corr=-339.11W  u_ff=117.3W  PCAP→78W  power=77.8W
[PID] perf=27.062Hz  target=10.984Hz  err=-16.077Hz  corr=-338.15W  u_ff=117.3W  PCAP→78W  power=77.1W
[PID] perf=27.131Hz  target=10.984Hz  err=-16.146Hz  corr=-339.43W  u_ff=117.3W  PCAP→78W  power=76.8W
[PID] perf=27.152Hz  target=10.984Hz  err=-16.168Hz  corr=-339.83W  u_ff=117.3W  PCAP→78W  power=76.5W
[PID] perf=23.095Hz  target=10.984Hz  err=-12.110Hz  corr=-264.58W  u_ff=117.3W  PCAP→78W  power=77.3W
[PID] perf=23.250Hz  target=10.984Hz  err=-12.266Hz  corr=-267.46W  u_ff=117.3W  PCAP→78W  power=78.1W
[PID] perf=23.329Hz  target=10.984Hz  err=-12.344Hz  corr=-268.92W  u_ff=117.3W  PCAP→78W  power=77.2W
[PID] perf=23.315Hz  target=10.984Hz  err=-12.331Hz  corr=-268.67W  u_ff=117.3W  PCAP→78W  power=77.8W
[PID] perf=23.324Hz  target=10.984Hz  err=-12.340Hz  corr=-268.84W  u_ff=117.3W  PCAP→78W  power=76.9W
[PID] perf=23.392Hz  target=10.984Hz  err=-12.407Hz  corr=-270.09W  u_ff=117.3W  PCAP→78W  power=77.0W
[PID] perf=23.400Hz  target=10.984Hz  err=-12.416Hz  corr=-270.24W  u_ff=117.3W  PCAP→78W  power=78.4W
[PID] perf=23.381Hz  target=10.984Hz  err=-12.397Hz  corr=-269.90W  u_ff=117.3W  PCAP→78W  power=78.2W
[PID] perf=23.392Hz  target=10.984Hz  err=-12.408Hz  corr=-270.10W  u_ff=117.3W  PCAP→78W  power=78.5W
[PID] perf=24.923Hz  target=10.984Hz  err=-13.939Hz  corr=-298.49W  u_ff=117.3W  PCAP→78W  power=78.6W
[PID] perf=24.927Hz  target=10.984Hz  err=-13.942Hz  corr=-298.55W  u_ff=117.3W  PCAP→78W  power=78.8W
[PID] perf=24.924Hz  target=10.984Hz  err=-13.940Hz  corr=-298.51W  u_ff=117.3W  PCAP→78W  power=78.8W
[PID] perf=24.950Hz  target=10.984Hz  err=-13.965Hz  corr=-298.99W  u_ff=117.3W  PCAP→78W  power=77.5W
[PID] perf=24.946Hz  target=10.984Hz  err=-13.961Hz  corr=-298.91W  u_ff=117.3W  PCAP→78W  power=77.4W
[PID] perf=25.109Hz  target=10.984Hz  err=-14.125Hz  corr=-301.94W  u_ff=117.3W  PCAP→78W  power=79.2W
[PID] perf=25.126Hz  target=10.984Hz  err=-14.142Hz  corr=-302.25W  u_ff=117.3W  PCAP→78W  power=78.6W
[PID] perf=25.136Hz  target=10.984Hz  err=-14.152Hz  corr=-302.44W  u_ff=117.3W  PCAP→78W  power=77.1W
[PID] perf=25.136Hz  target=10.984Hz  err=-14.151Hz  corr=-302.43W  u_ff=117.3W  PCAP→78W  power=77.4W
[PID] perf=25.152Hz  target=10.984Hz  err=-14.168Hz  corr=-302.74W  u_ff=117.3W  PCAP→78W  power=78.4W
[PID] perf=25.163Hz  target=10.984Hz  err=-14.178Hz  corr=-302.93W  u_ff=117.3W  PCAP→78W  power=76.5W
[PID] perf=25.197Hz  target=10.984Hz  err=-14.213Hz  corr=-303.57W  u_ff=117.3W  PCAP→78W  power=76.6W
[PID] perf=26.757Hz  target=10.984Hz  err=-15.772Hz  corr=-332.49W  u_ff=117.3W  PCAP→78W  power=76.5W
[PID] perf=26.723Hz  target=10.984Hz  err=-15.738Hz  corr=-331.86W  u_ff=117.3W  PCAP→78W  power=79.1W
[PID] perf=26.759Hz  target=10.984Hz  err=-15.774Hz  corr=-332.53W  u_ff=117.3W  PCAP→78W  power=78.9W
[PID] perf=26.806Hz  target=10.984Hz  err=-15.822Hz  corr=-333.42W  u_ff=117.3W  PCAP→78W  power=79.0W
[PID] perf=26.712Hz  target=10.984Hz  err=-15.727Hz  corr=-331.66W  u_ff=117.3W  PCAP→78W  power=79.2W
[PID] perf=26.821Hz  target=10.984Hz  err=-15.837Hz  corr=-333.69W  u_ff=117.3W  PCAP→78W  power=76.9W
[PID] perf=26.788Hz  target=10.984Hz  err=-15.804Hz  corr=-333.08W  u_ff=117.3W  PCAP→78W  power=77.8W
[PID] perf=26.779Hz  target=10.984Hz  err=-15.794Hz  corr=-332.90W  u_ff=117.3W  PCAP→78W  power=77.4W
[PID] perf=26.767Hz  target=10.984Hz  err=-15.783Hz  corr=-332.68W  u_ff=117.3W  PCAP→78W  power=76.5W
[PID] perf=26.754Hz  target=10.984Hz  err=-15.770Hz  corr=-332.44W  u_ff=117.3W  PCAP→78W  power=77.2W
[PID] perf=26.386Hz  target=10.984Hz  err=-15.402Hz  corr=-325.62W  u_ff=117.3W  PCAP→78W  power=77.9W
[PID] perf=26.415Hz  target=10.984Hz  err=-15.431Hz  corr=-326.16W  u_ff=117.3W  PCAP→78W  power=76.9W
[PID] perf=26.391Hz  target=10.984Hz  err=-15.407Hz  corr=-325.72W  u_ff=117.3W  PCAP→78W  power=79.2W
[PID] perf=26.419Hz  target=10.984Hz  err=-15.435Hz  corr=-326.24W  u_ff=117.3W  PCAP→78W  power=78.2W
[PID] perf=26.435Hz  target=10.984Hz  err=-15.451Hz  corr=-326.53W  u_ff=117.3W  PCAP→78W  power=79.3W
[PID] perf=26.412Hz  target=10.984Hz  err=-15.428Hz  corr=-326.11W  u_ff=117.3W  PCAP→78W  power=77.8W
[PID] perf=26.415Hz  target=10.984Hz  err=-15.431Hz  corr=-326.16W  u_ff=117.3W  PCAP→78W  power=78.4W
[PID] perf=26.521Hz  target=10.984Hz  err=-15.536Hz  corr=-328.12W  u_ff=117.3W  PCAP→78W  power=77.3W
[PID] perf=26.583Hz  target=10.984Hz  err=-15.599Hz  corr=-329.27W  u_ff=117.3W  PCAP→78W  power=78.7W
[PID] perf=27.479Hz  target=10.984Hz  err=-16.494Hz  corr=-345.88W  u_ff=117.3W  PCAP→78W  power=77.9W
[PID] perf=27.503Hz  target=10.984Hz  err=-16.519Hz  corr=-346.34W  u_ff=117.3W  PCAP→78W  power=77.6W
[PID] perf=27.537Hz  target=10.984Hz  err=-16.553Hz  corr=-346.96W  u_ff=117.3W  PCAP→78W  power=78.9W
[PID] perf=27.585Hz  target=10.984Hz  err=-16.600Hz  corr=-347.85W  u_ff=117.3W  PCAP→78W  power=76.6W
[PID] perf=27.555Hz  target=10.984Hz  err=-16.571Hz  corr=-347.30W  u_ff=117.3W  PCAP→78W  power=77.9W
[PID] perf=27.567Hz  target=10.984Hz  err=-16.582Hz  corr=-347.51W  u_ff=117.3W  PCAP→78W  power=77.7W
[PID] perf=27.532Hz  target=10.984Hz  err=-16.548Hz  corr=-346.88W  u_ff=117.3W  PCAP→78W  power=76.3W
[PID] perf=27.535Hz  target=10.984Hz  err=-16.551Hz  corr=-346.93W  u_ff=117.3W  PCAP→78W  power=77.2W
[PID] perf=27.521Hz  target=10.984Hz  err=-16.537Hz  corr=-346.67W  u_ff=117.3W  PCAP→78W  power=78.4W
[PID] perf=27.452Hz  target=10.984Hz  err=-16.468Hz  corr=-345.39W  u_ff=117.3W  PCAP→78W  power=79.1W
[PID] perf=27.419Hz  target=10.984Hz  err=-16.434Hz  corr=-344.77W  u_ff=117.3W  PCAP→78W  power=78.8W
[PID] perf=27.457Hz  target=10.984Hz  err=-16.473Hz  corr=-345.49W  u_ff=117.3W  PCAP→78W  power=77.1W
[PID] perf=27.494Hz  target=10.984Hz  err=-16.510Hz  corr=-346.16W  u_ff=117.3W  PCAP→78W  power=77.0W
[PID] perf=27.536Hz  target=10.984Hz  err=-16.551Hz  corr=-346.94W  u_ff=117.3W  PCAP→78W  power=76.5W
[PID] perf=27.516Hz  target=10.984Hz  err=-16.532Hz  corr=-346.58W  u_ff=117.3W  PCAP→78W  power=77.1W
[PID] perf=27.564Hz  target=10.984Hz  err=-16.580Hz  corr=-347.46W  u_ff=117.3W  PCAP→78W  power=76.1W
[PID] perf=27.559Hz  target=10.984Hz  err=-16.574Hz  corr=-347.36W  u_ff=117.3W  PCAP→78W  power=78.7W
[PID] perf=27.555Hz  target=10.984Hz  err=-16.571Hz  corr=-347.30W  u_ff=117.3W  PCAP→78W  power=78.6W
[PID] perf=27.572Hz  target=10.984Hz  err=-16.588Hz  corr=-347.62W  u_ff=117.3W  PCAP→78W  power=79.2W
[PID] perf=27.473Hz  target=10.984Hz  err=-16.489Hz  corr=-345.78W  u_ff=117.3W  PCAP→78W  power=78.3W
[PID] perf=27.436Hz  target=10.984Hz  err=-16.452Hz  corr=-345.10W  u_ff=117.3W  PCAP→78W  power=78.5W
[PID] perf=27.464Hz  target=10.984Hz  err=-16.480Hz  corr=-345.61W  u_ff=117.3W  PCAP→78W  power=78.2W
[PID] perf=27.461Hz  target=10.984Hz  err=-16.477Hz  corr=-345.56W  u_ff=117.3W  PCAP→78W  power=77.4W
[PID] perf=27.461Hz  target=10.984Hz  err=-16.477Hz  corr=-345.55W  u_ff=117.3W  PCAP→78W  power=77.2W
[PID] perf=27.511Hz  target=10.984Hz  err=-16.526Hz  corr=-346.48W  u_ff=117.3W  PCAP→78W  power=77.2W
[PID] perf=27.474Hz  target=10.984Hz  err=-16.489Hz  corr=-345.79W  u_ff=117.3W  PCAP→78W  power=77.5W
[PID] perf=27.543Hz  target=10.984Hz  err=-16.559Hz  corr=-347.08W  u_ff=117.3W  PCAP→78W  power=78.7W
[PID] perf=27.533Hz  target=10.984Hz  err=-16.549Hz  corr=-346.89W  u_ff=117.3W  PCAP→78W  power=78.4W
[PID] perf=27.507Hz  target=10.984Hz  err=-16.523Hz  corr=-346.41W  u_ff=117.3W  PCAP→78W  power=78.7W
[PID] perf=27.483Hz  target=10.984Hz  err=-16.498Hz  corr=-345.96W  u_ff=117.3W  PCAP→78W  power=78.1W
[PID] perf=27.490Hz  target=10.984Hz  err=-16.505Hz  corr=-346.08W  u_ff=117.3W  PCAP→78W  power=77.3W
[PID] perf=27.515Hz  target=10.984Hz  err=-16.531Hz  corr=-346.56W  u_ff=117.3W  PCAP→78W  power=79.1W
[PID] perf=27.474Hz  target=10.984Hz  err=-16.489Hz  corr=-345.79W  u_ff=117.3W  PCAP→78W  power=76.8W
[PID] perf=27.471Hz  target=10.984Hz  err=-16.487Hz  corr=-345.74W  u_ff=117.3W  PCAP→78W  power=77.3W
[PID] perf=27.436Hz  target=10.984Hz  err=-16.451Hz  corr=-345.08W  u_ff=117.3W  PCAP→78W  power=79.1W
[PID] perf=27.489Hz  target=10.984Hz  err=-16.504Hz  corr=-346.07W  u_ff=117.3W  PCAP→78W  power=78.9W
[PID] perf=27.474Hz  target=10.984Hz  err=-16.490Hz  corr=-345.80W  u_ff=117.3W  PCAP→78W  power=79.0W
[PID] perf=27.493Hz  target=10.984Hz  err=-16.508Hz  corr=-346.14W  u_ff=117.3W  PCAP→78W  power=78.7W
[PID] perf=27.501Hz  target=10.984Hz  err=-16.516Hz  corr=-346.29W  u_ff=117.3W  PCAP→78W  power=77.0W
[PID] perf=27.487Hz  target=10.984Hz  err=-16.502Hz  corr=-346.03W  u_ff=117.3W  PCAP→78W  power=77.6W
[PID] perf=27.511Hz  target=10.984Hz  err=-16.527Hz  corr=-346.48W  u_ff=117.3W  PCAP→78W  power=76.4W
[PID] perf=27.493Hz  target=10.984Hz  err=-16.509Hz  corr=-346.16W  u_ff=117.3W  PCAP→78W  power=78.8W
[PID] perf=27.478Hz  target=10.984Hz  err=-16.494Hz  corr=-345.88W  u_ff=117.3W  PCAP→78W  power=76.9W
[PID] perf=27.523Hz  target=10.984Hz  err=-16.539Hz  corr=-346.70W  u_ff=117.3W  PCAP→78W  power=76.8W
[PID] perf=27.510Hz  target=10.984Hz  err=-16.525Hz  corr=-346.46W  u_ff=117.3W  PCAP→78W  power=77.8W
[PID] perf=27.510Hz  target=10.984Hz  err=-16.526Hz  corr=-346.46W  u_ff=117.3W  PCAP→78W  power=77.5W
[PID] perf=27.913Hz  target=10.984Hz  err=-16.928Hz  corr=-353.93W  u_ff=117.3W  PCAP→78W  power=79.1W
[PID] perf=27.847Hz  target=10.984Hz  err=-16.862Hz  corr=-352.71W  u_ff=117.3W  PCAP→78W  power=78.7W
[PID] perf=27.087Hz  target=10.984Hz  err=-16.102Hz  corr=-338.61W  u_ff=117.3W  PCAP→78W  power=78.0W
[PID] perf=27.126Hz  target=10.984Hz  err=-16.141Hz  corr=-339.33W  u_ff=117.3W  PCAP→78W  power=77.5W
[PID] perf=27.162Hz  target=10.984Hz  err=-16.178Hz  corr=-340.01W  u_ff=117.3W  PCAP→78W  power=76.1W
[PID] perf=27.162Hz  target=10.984Hz  err=-16.178Hz  corr=-340.02W  u_ff=117.3W  PCAP→78W  power=77.8W
[PID] perf=27.147Hz  target=10.984Hz  err=-16.163Hz  corr=-339.73W  u_ff=117.3W  PCAP→78W  power=78.2W
[PID] perf=27.113Hz  target=10.984Hz  err=-16.129Hz  corr=-339.11W  u_ff=117.3W  PCAP→78W  power=78.6W
[PID] perf=27.097Hz  target=10.984Hz  err=-16.112Hz  corr=-338.80W  u_ff=117.3W  PCAP→78W  power=78.6W
[PID] perf=27.118Hz  target=10.984Hz  err=-16.134Hz  corr=-339.20W  u_ff=117.3W  PCAP→78W  power=76.4W
[PID] perf=27.201Hz  target=10.984Hz  err=-16.217Hz  corr=-340.74W  u_ff=117.3W  PCAP→78W  power=77.9W
[PID] perf=27.109Hz  target=10.984Hz  err=-16.124Hz  corr=-339.02W  u_ff=117.3W  PCAP→78W  power=78.9W
[PID] perf=27.159Hz  target=10.984Hz  err=-16.175Hz  corr=-339.95W  u_ff=117.3W  PCAP→78W  power=79.3W
[PID] perf=27.147Hz  target=10.984Hz  err=-16.163Hz  corr=-339.74W  u_ff=117.3W  PCAP→78W  power=78.8W
[PID] perf=27.145Hz  target=10.984Hz  err=-16.161Hz  corr=-339.70W  u_ff=117.3W  PCAP→78W  power=78.6W
[PID] perf=27.137Hz  target=10.984Hz  err=-16.153Hz  corr=-339.54W  u_ff=117.3W  PCAP→78W  power=76.2W
[PID] perf=27.131Hz  target=10.984Hz  err=-16.147Hz  corr=-339.44W  u_ff=117.3W  PCAP→78W  power=77.3W
[PID] perf=27.120Hz  target=10.984Hz  err=-16.135Hz  corr=-339.23W  u_ff=117.3W  PCAP→78W  power=78.7W
[PID] perf=27.196Hz  target=10.984Hz  err=-16.211Hz  corr=-340.63W  u_ff=117.3W  PCAP→78W  power=79.0W
[PID] perf=27.156Hz  target=10.984Hz  err=-16.172Hz  corr=-339.91W  u_ff=117.3W  PCAP→78W  power=79.0W
[PID] perf=27.145Hz  target=10.984Hz  err=-16.161Hz  corr=-339.70W  u_ff=117.3W  PCAP→78W  power=78.5W
[PID] perf=27.156Hz  target=10.984Hz  err=-16.172Hz  corr=-339.90W  u_ff=117.3W  PCAP→78W  power=77.0W
[PID] perf=27.128Hz  target=10.984Hz  err=-16.143Hz  corr=-339.37W  u_ff=117.3W  PCAP→78W  power=76.8W
[PID] perf=27.217Hz  target=10.984Hz  err=-16.233Hz  corr=-341.04W  u_ff=117.3W  PCAP→78W  power=77.7W
[PID] perf=27.191Hz  target=10.984Hz  err=-16.206Hz  corr=-340.54W  u_ff=117.3W  PCAP→78W  power=77.3W
[PID] perf=27.193Hz  target=10.984Hz  err=-16.208Hz  corr=-340.58W  u_ff=117.3W  PCAP→78W  power=78.7W
[PID] perf=27.190Hz  target=10.984Hz  err=-16.206Hz  corr=-340.53W  u_ff=117.3W  PCAP→78W  power=78.9W
[PID] perf=27.206Hz  target=10.984Hz  err=-16.222Hz  corr=-340.83W  u_ff=117.3W  PCAP→78W  power=78.1W
[PID] perf=27.176Hz  target=10.984Hz  err=-16.191Hz  corr=-340.26W  u_ff=117.3W  PCAP→78W  power=77.3W
[PID] perf=27.162Hz  target=10.984Hz  err=-16.177Hz  corr=-340.00W  u_ff=117.3W  PCAP→78W  power=76.9W
[PID] perf=27.210Hz  target=10.984Hz  err=-16.226Hz  corr=-340.90W  u_ff=117.3W  PCAP→78W  power=77.3W
[PID] perf=27.210Hz  target=10.984Hz  err=-16.226Hz  corr=-340.91W  u_ff=117.3W  PCAP→78W  power=79.6W
[PID] perf=27.269Hz  target=10.984Hz  err=-16.285Hz  corr=-342.00W  u_ff=117.3W  PCAP→78W  power=78.2W
[PID] perf=27.261Hz  target=10.984Hz  err=-16.276Hz  corr=-341.84W  u_ff=117.3W  PCAP→78W  power=78.3W
[PID] perf=27.266Hz  target=10.984Hz  err=-16.282Hz  corr=-341.94W  u_ff=117.3W  PCAP→78W  power=78.6W
[PID] perf=27.253Hz  target=10.984Hz  err=-16.269Hz  corr=-341.70W  u_ff=117.3W  PCAP→78W  power=76.5W
[PID] perf=27.249Hz  target=10.984Hz  err=-16.264Hz  corr=-341.62W  u_ff=117.3W  PCAP→78W  power=78.7W
[PID] perf=27.227Hz  target=10.984Hz  err=-16.243Hz  corr=-341.22W  u_ff=117.3W  PCAP→78W  power=77.7W
[PID] perf=27.249Hz  target=10.984Hz  err=-16.265Hz  corr=-341.62W  u_ff=117.3W  PCAP→78W  power=78.8W
[PID] perf=27.255Hz  target=10.984Hz  err=-16.270Hz  corr=-341.73W  u_ff=117.3W  PCAP→78W  power=79.0W
[PID] perf=27.234Hz  target=10.984Hz  err=-16.250Hz  corr=-341.34W  u_ff=117.3W  PCAP→78W  power=78.9W
[PID] perf=27.251Hz  target=10.984Hz  err=-16.267Hz  corr=-341.66W  u_ff=117.3W  PCAP→78W  power=78.3W
[PID] perf=27.246Hz  target=10.984Hz  err=-16.262Hz  corr=-341.56W  u_ff=117.3W  PCAP→78W  power=77.6W
[PID] perf=27.226Hz  target=10.984Hz  err=-16.242Hz  corr=-341.20W  u_ff=117.3W  PCAP→78W  power=78.6W
[PID] perf=27.208Hz  target=10.984Hz  err=-16.223Hz  corr=-340.85W  u_ff=117.3W  PCAP→78W  power=76.4W
[PID] perf=27.218Hz  target=10.984Hz  err=-16.234Hz  corr=-341.05W  u_ff=117.3W  PCAP→78W  power=77.4W
[PID] perf=27.197Hz  target=10.984Hz  err=-16.212Hz  corr=-340.65W  u_ff=117.3W  PCAP→78W  power=78.4W
[PID] perf=27.177Hz  target=10.984Hz  err=-16.193Hz  corr=-340.29W  u_ff=117.3W  PCAP→78W  power=77.8W
[PID] perf=27.250Hz  target=10.984Hz  err=-16.266Hz  corr=-341.65W  u_ff=117.3W  PCAP→78W  power=76.3W
[PID] perf=27.148Hz  target=10.984Hz  err=-16.164Hz  corr=-339.76W  u_ff=117.3W  PCAP→78W  power=78.2W
[PID] perf=27.163Hz  target=10.984Hz  err=-16.179Hz  corr=-340.03W  u_ff=117.3W  PCAP→78W  power=77.7W
[PID] perf=27.222Hz  target=10.984Hz  err=-16.237Hz  corr=-341.12W  u_ff=117.3W  PCAP→78W  power=78.8W
[PID] perf=27.210Hz  target=10.984Hz  err=-16.225Hz  corr=-340.89W  u_ff=117.3W  PCAP→78W  power=79.3W
[PID] perf=27.218Hz  target=10.984Hz  err=-16.234Hz  corr=-341.05W  u_ff=117.3W  PCAP→78W  power=78.6W
[PID] perf=27.188Hz  target=10.984Hz  err=-16.204Hz  corr=-340.50W  u_ff=117.3W  PCAP→78W  power=78.8W
[PID] perf=27.242Hz  target=10.984Hz  err=-16.258Hz  corr=-341.50W  u_ff=117.3W  PCAP→78W  power=78.3W
[PID] perf=27.252Hz  target=10.984Hz  err=-16.268Hz  corr=-341.68W  u_ff=117.3W  PCAP→78W  power=77.3W
[PID] perf=27.242Hz  target=10.984Hz  err=-16.258Hz  corr=-341.50W  u_ff=117.3W  PCAP→78W  power=78.8W
[PID] perf=27.227Hz  target=10.984Hz  err=-16.243Hz  corr=-341.22W  u_ff=117.3W  PCAP→78W  power=76.8W
[PID] perf=27.239Hz  target=10.984Hz  err=-16.255Hz  corr=-341.43W  u_ff=117.3W  PCAP→78W  power=78.8W
[PID] perf=27.252Hz  target=10.984Hz  err=-16.268Hz  corr=-341.68W  u_ff=117.3W  PCAP→78W  power=79.1W
[PID] perf=27.280Hz  target=10.984Hz  err=-16.295Hz  corr=-342.19W  u_ff=117.3W  PCAP→78W  power=78.6W
[PID] perf=27.259Hz  target=10.984Hz  err=-16.274Hz  corr=-341.80W  u_ff=117.3W  PCAP→78W  power=77.1W
[PID] perf=27.237Hz  target=10.984Hz  err=-16.252Hz  corr=-341.39W  u_ff=117.3W  PCAP→78W  power=76.3W
[PID] perf=27.202Hz  target=10.984Hz  err=-16.217Hz  corr=-340.75W  u_ff=117.3W  PCAP→78W  power=76.3W
[PID] perf=27.202Hz  target=10.984Hz  err=-16.218Hz  corr=-340.75W  u_ff=117.3W  PCAP→78W  power=76.5W
[PID] perf=27.273Hz  target=10.984Hz  err=-16.289Hz  corr=-342.07W  u_ff=117.3W  PCAP→78W  power=78.5W
[PID] perf=27.221Hz  target=10.984Hz  err=-16.237Hz  corr=-341.10W  u_ff=117.3W  PCAP→78W  power=78.9W
[PID] perf=27.300Hz  target=10.984Hz  err=-16.316Hz  corr=-342.57W  u_ff=117.3W  PCAP→78W  power=79.5W
[PID] perf=27.275Hz  target=10.984Hz  err=-16.291Hz  corr=-342.10W  u_ff=117.3W  PCAP→78W  power=76.4W
[PID] perf=27.272Hz  target=10.984Hz  err=-16.287Hz  corr=-342.05W  u_ff=117.3W  PCAP→78W  power=77.0W
[PID] perf=27.260Hz  target=10.984Hz  err=-16.276Hz  corr=-341.83W  u_ff=117.3W  PCAP→78W  power=78.7W
[PID] perf=27.224Hz  target=10.984Hz  err=-16.239Hz  corr=-341.15W  u_ff=117.3W  PCAP→78W  power=77.5W
[PID] perf=27.264Hz  target=10.984Hz  err=-16.279Hz  corr=-341.89W  u_ff=117.3W  PCAP→78W  power=76.8W
[PID] perf=27.240Hz  target=10.984Hz  err=-16.256Hz  corr=-341.46W  u_ff=117.3W  PCAP→78W  power=76.8W
[PID] perf=27.277Hz  target=10.984Hz  err=-16.293Hz  corr=-342.15W  u_ff=117.3W  PCAP→78W  power=78.0W
[PID] perf=27.264Hz  target=10.984Hz  err=-16.280Hz  corr=-341.90W  u_ff=117.3W  PCAP→78W  power=77.1W
[PID] perf=27.219Hz  target=10.984Hz  err=-16.235Hz  corr=-341.06W  u_ff=117.3W  PCAP→78W  power=78.0W
[PID] perf=26.449Hz  target=10.984Hz  err=-15.464Hz  corr=-326.78W  u_ff=117.3W  PCAP→78W  power=78.7W
[PID] perf=26.472Hz  target=10.984Hz  err=-15.488Hz  corr=-327.22W  u_ff=117.3W  PCAP→78W  power=78.8W
[PID] perf=26.458Hz  target=10.984Hz  err=-15.474Hz  corr=-326.96W  u_ff=117.3W  PCAP→78W  power=79.7W
[PID] perf=26.500Hz  target=10.984Hz  err=-15.515Hz  corr=-327.73W  u_ff=117.3W  PCAP→78W  power=78.4W
[PID] perf=26.460Hz  target=10.984Hz  err=-15.475Hz  corr=-326.98W  u_ff=117.3W  PCAP→78W  power=77.4W
[PID] perf=26.523Hz  target=10.984Hz  err=-15.538Hz  corr=-328.16W  u_ff=117.3W  PCAP→78W  power=77.1W
[PID] perf=26.534Hz  target=10.984Hz  err=-15.550Hz  corr=-328.37W  u_ff=117.3W  PCAP→78W  power=78.8W
[PID] perf=26.597Hz  target=10.984Hz  err=-15.613Hz  corr=-329.54W  u_ff=117.3W  PCAP→78W  power=78.6W
[PID] perf=27.200Hz  target=10.984Hz  err=-16.216Hz  corr=-340.72W  u_ff=117.3W  PCAP→78W  power=78.0W
[PID] perf=27.262Hz  target=10.984Hz  err=-16.277Hz  corr=-341.86W  u_ff=117.3W  PCAP→78W  power=77.3W
[PID] perf=27.243Hz  target=10.984Hz  err=-16.258Hz  corr=-341.51W  u_ff=117.3W  PCAP→78W  power=78.7W
[PID] perf=27.262Hz  target=10.984Hz  err=-16.277Hz  corr=-341.86W  u_ff=117.3W  PCAP→78W  power=76.9W
[PID] perf=27.230Hz  target=10.984Hz  err=-16.246Hz  corr=-341.27W  u_ff=117.3W  PCAP→78W  power=77.8W
[PID] perf=27.229Hz  target=10.984Hz  err=-16.245Hz  corr=-341.26W  u_ff=117.3W  PCAP→78W  power=77.2W
[PID] perf=27.253Hz  target=10.984Hz  err=-16.268Hz  corr=-341.69W  u_ff=117.3W  PCAP→78W  power=78.6W
[PID] perf=27.221Hz  target=10.984Hz  err=-16.237Hz  corr=-341.10W  u_ff=117.3W  PCAP→78W  power=78.0W
[PID] perf=27.249Hz  target=10.984Hz  err=-16.265Hz  corr=-341.63W  u_ff=117.3W  PCAP→78W  power=77.3W
[PID] perf=27.214Hz  target=10.984Hz  err=-16.230Hz  corr=-340.98W  u_ff=117.3W  PCAP→78W  power=78.2W
[PID] perf=27.283Hz  target=10.984Hz  err=-16.299Hz  corr=-342.26W  u_ff=117.3W  PCAP→78W  power=78.2W
[PID] perf=27.265Hz  target=10.984Hz  err=-16.281Hz  corr=-341.92W  u_ff=117.3W  PCAP→78W  power=78.8W
[PID] perf=27.213Hz  target=10.984Hz  err=-16.229Hz  corr=-340.96W  u_ff=117.3W  PCAP→78W  power=76.8W
[PID] perf=27.252Hz  target=10.984Hz  err=-16.267Hz  corr=-341.67W  u_ff=117.3W  PCAP→78W  power=77.4W
[PID] perf=27.250Hz  target=10.984Hz  err=-16.265Hz  corr=-341.64W  u_ff=117.3W  PCAP→78W  power=78.0W
[PID] perf=27.300Hz  target=10.984Hz  err=-16.316Hz  corr=-342.57W  u_ff=117.3W  PCAP→78W  power=77.9W
[PID] perf=27.319Hz  target=10.984Hz  err=-16.334Hz  corr=-342.91W  u_ff=117.3W  PCAP→78W  power=77.4W
[PID] perf=27.236Hz  target=10.984Hz  err=-16.251Hz  corr=-341.38W  u_ff=117.3W  PCAP→78W  power=76.5W
[PID] perf=27.222Hz  target=10.984Hz  err=-16.237Hz  corr=-341.12W  u_ff=117.3W  PCAP→78W  power=78.4W
[PID] perf=27.189Hz  target=10.984Hz  err=-16.205Hz  corr=-340.52W  u_ff=117.3W  PCAP→78W  power=78.4W
[PID] perf=27.248Hz  target=10.984Hz  err=-16.263Hz  corr=-341.60W  u_ff=117.3W  PCAP→78W  power=77.1W
[PID] perf=26.608Hz  target=10.984Hz  err=-15.623Hz  corr=-329.73W  u_ff=117.3W  PCAP→78W  power=77.8W
[PID] perf=26.693Hz  target=10.984Hz  err=-15.708Hz  corr=-331.30W  u_ff=117.3W  PCAP→78W  power=78.7W
[PID] perf=26.730Hz  target=10.984Hz  err=-15.745Hz  corr=-331.99W  u_ff=117.3W  PCAP→78W  power=78.7W
[PID] perf=26.680Hz  target=10.984Hz  err=-15.696Hz  corr=-331.07W  u_ff=117.3W  PCAP→78W  power=78.0W
[PID] perf=26.727Hz  target=10.984Hz  err=-15.742Hz  corr=-331.94W  u_ff=117.3W  PCAP→78W  power=77.2W
[PID] perf=26.722Hz  target=10.984Hz  err=-15.738Hz  corr=-331.86W  u_ff=117.3W  PCAP→78W  power=79.1W
[PID] perf=26.670Hz  target=10.984Hz  err=-15.686Hz  corr=-330.89W  u_ff=117.3W  PCAP→78W  power=79.0W
[PID] perf=26.748Hz  target=10.984Hz  err=-15.763Hz  corr=-332.32W  u_ff=117.3W  PCAP→78W  power=77.8W
[PID] perf=26.752Hz  target=10.984Hz  err=-15.768Hz  corr=-332.41W  u_ff=117.3W  PCAP→78W  power=77.3W
[PID] perf=26.755Hz  target=10.984Hz  err=-15.771Hz  corr=-332.47W  u_ff=117.3W  PCAP→78W  power=78.1W
[PID] perf=26.724Hz  target=10.984Hz  err=-15.740Hz  corr=-331.89W  u_ff=117.3W  PCAP→78W  power=78.2W
[PID] perf=26.749Hz  target=10.984Hz  err=-15.764Hz  corr=-332.34W  u_ff=117.3W  PCAP→78W  power=78.9W
[PID] perf=26.728Hz  target=10.984Hz  err=-15.744Hz  corr=-331.96W  u_ff=117.3W  PCAP→78W  power=78.3W
[PID] perf=26.722Hz  target=10.984Hz  err=-15.737Hz  corr=-331.84W  u_ff=117.3W  PCAP→78W  power=76.0W
[PID] perf=26.717Hz  target=10.984Hz  err=-15.733Hz  corr=-331.76W  u_ff=117.3W  PCAP→78W  power=77.3W
[PID] perf=26.692Hz  target=10.984Hz  err=-15.708Hz  corr=-331.30W  u_ff=117.3W  PCAP→78W  power=76.6W
[PID] perf=26.687Hz  target=10.984Hz  err=-15.702Hz  corr=-331.20W  u_ff=117.3W  PCAP→78W  power=77.6W
[PID] perf=26.676Hz  target=10.984Hz  err=-15.692Hz  corr=-331.00W  u_ff=117.3W  PCAP→78W  power=77.6W
[PID] perf=26.719Hz  target=10.984Hz  err=-15.735Hz  corr=-331.80W  u_ff=117.3W  PCAP→78W  power=77.1W
[PID] perf=26.729Hz  target=10.984Hz  err=-15.744Hz  corr=-331.97W  u_ff=117.3W  PCAP→78W  power=77.5W
[PID] perf=26.738Hz  target=10.984Hz  err=-15.754Hz  corr=-332.16W  u_ff=117.3W  PCAP→78W  power=79.2W
[PID] perf=26.722Hz  target=10.984Hz  err=-15.738Hz  corr=-331.85W  u_ff=117.3W  PCAP→78W  power=78.6W
[PID] perf=26.708Hz  target=10.984Hz  err=-15.724Hz  corr=-331.59W  u_ff=117.3W  PCAP→78W  power=78.5W
[PID] perf=26.732Hz  target=10.984Hz  err=-15.748Hz  corr=-332.03W  u_ff=117.3W  PCAP→78W  power=78.5W
[PID] perf=26.748Hz  target=10.984Hz  err=-15.764Hz  corr=-332.33W  u_ff=117.3W  PCAP→78W  power=77.4W
[PID] perf=26.726Hz  target=10.984Hz  err=-15.742Hz  corr=-331.92W  u_ff=117.3W  PCAP→78W  power=76.6W
[PID] perf=26.737Hz  target=10.984Hz  err=-15.753Hz  corr=-332.13W  u_ff=117.3W  PCAP→78W  power=78.4W
[PID] perf=26.739Hz  target=10.984Hz  err=-15.755Hz  corr=-332.17W  u_ff=117.3W  PCAP→78W  power=78.7W
[PID] perf=26.749Hz  target=10.984Hz  err=-15.764Hz  corr=-332.34W  u_ff=117.3W  PCAP→78W  power=78.8W
[PID] perf=26.689Hz  target=10.984Hz  err=-15.705Hz  corr=-331.25W  u_ff=117.3W  PCAP→78W  power=79.1W
[PID] perf=26.709Hz  target=10.984Hz  err=-15.724Hz  corr=-331.60W  u_ff=117.3W  PCAP→78W  power=77.3W
[PID] perf=26.719Hz  target=10.984Hz  err=-15.735Hz  corr=-331.80W  u_ff=117.3W  PCAP→78W  power=77.4W
[PID] perf=26.720Hz  target=10.984Hz  err=-15.735Hz  corr=-331.81W  u_ff=117.3W  PCAP→78W  power=77.3W
[PID] perf=26.759Hz  target=10.984Hz  err=-15.774Hz  corr=-332.53W  u_ff=117.3W  PCAP→78W  power=77.0W
[PID] perf=26.784Hz  target=10.984Hz  err=-15.800Hz  corr=-333.00W  u_ff=117.3W  PCAP→78W  power=77.6W
[PID] perf=26.771Hz  target=10.984Hz  err=-15.787Hz  corr=-332.76W  u_ff=117.3W  PCAP→78W  power=78.3W
[PID] perf=26.730Hz  target=10.984Hz  err=-15.746Hz  corr=-332.01W  u_ff=117.3W  PCAP→78W  power=76.8W
[PID] perf=26.726Hz  target=10.984Hz  err=-15.741Hz  corr=-331.92W  u_ff=117.3W  PCAP→78W  power=77.5W
[PID] perf=26.726Hz  target=10.984Hz  err=-15.742Hz  corr=-331.93W  u_ff=117.3W  PCAP→78W  power=76.7W
[PID] perf=26.729Hz  target=10.984Hz  err=-15.744Hz  corr=-331.97W  u_ff=117.3W  PCAP→78W  power=77.2W
[PID] perf=26.722Hz  target=10.984Hz  err=-15.738Hz  corr=-331.85W  u_ff=117.3W  PCAP→78W  power=77.4W
[PID] perf=26.744Hz  target=10.984Hz  err=-15.760Hz  corr=-332.26W  u_ff=117.3W  PCAP→78W  power=78.9W
[PID] perf=26.732Hz  target=10.984Hz  err=-15.748Hz  corr=-332.04W  u_ff=117.3W  PCAP→78W  power=79.2W
[PID] perf=26.791Hz  target=10.984Hz  err=-15.807Hz  corr=-333.13W  u_ff=117.3W  PCAP→78W  power=77.2W
[PID] perf=26.798Hz  target=10.984Hz  err=-15.814Hz  corr=-333.27W  u_ff=117.3W  PCAP→78W  power=76.4W
[PID] perf=26.830Hz  target=10.984Hz  err=-15.845Hz  corr=-333.85W  u_ff=117.3W  PCAP→78W  power=77.2W
[PID] perf=26.815Hz  target=10.984Hz  err=-15.830Hz  corr=-333.57W  u_ff=117.3W  PCAP→78W  power=78.2W
[PID] perf=26.827Hz  target=10.984Hz  err=-15.843Hz  corr=-333.80W  u_ff=117.3W  PCAP→78W  power=78.7W
[PID] perf=26.806Hz  target=10.984Hz  err=-15.822Hz  corr=-333.41W  u_ff=117.3W  PCAP→78W  power=78.4W
[PID] perf=26.804Hz  target=10.984Hz  err=-15.819Hz  corr=-333.37W  u_ff=117.3W  PCAP→78W  power=77.2W
[PID] perf=26.825Hz  target=10.984Hz  err=-15.841Hz  corr=-333.76W  u_ff=117.3W  PCAP→78W  power=77.0W
[PID] perf=26.811Hz  target=10.984Hz  err=-15.827Hz  corr=-333.51W  u_ff=117.3W  PCAP→78W  power=78.7W
[PID] perf=26.813Hz  target=10.984Hz  err=-15.828Hz  corr=-333.53W  u_ff=117.3W  PCAP→78W  power=78.7W
[PID] perf=26.817Hz  target=10.984Hz  err=-15.832Hz  corr=-333.60W  u_ff=117.3W  PCAP→78W  power=77.3W
[PID] perf=26.814Hz  target=10.984Hz  err=-15.830Hz  corr=-333.55W  u_ff=117.3W  PCAP→78W  power=78.7W
[PID] perf=26.807Hz  target=10.984Hz  err=-15.823Hz  corr=-333.43W  u_ff=117.3W  PCAP→78W  power=78.6W
[PID] perf=26.857Hz  target=10.984Hz  err=-15.873Hz  corr=-334.36W  u_ff=117.3W  PCAP→78W  power=77.5W
[PID] perf=26.860Hz  target=10.984Hz  err=-15.875Hz  corr=-334.40W  u_ff=117.3W  PCAP→78W  power=78.0W
[PID] perf=26.857Hz  target=10.984Hz  err=-15.873Hz  corr=-334.36W  u_ff=117.3W  PCAP→78W  power=77.5W
[PID] perf=26.838Hz  target=10.984Hz  err=-15.854Hz  corr=-334.00W  u_ff=117.3W  PCAP→78W  power=77.1W
[PID] perf=26.754Hz  target=10.984Hz  err=-15.769Hz  corr=-332.44W  u_ff=117.3W  PCAP→78W  power=77.1W
[PID] perf=26.782Hz  target=10.984Hz  err=-15.798Hz  corr=-332.97W  u_ff=117.3W  PCAP→78W  power=78.0W
[PID] perf=26.822Hz  target=10.984Hz  err=-15.837Hz  corr=-333.70W  u_ff=117.3W  PCAP→78W  power=79.2W
[PID] perf=26.810Hz  target=10.984Hz  err=-15.825Hz  corr=-333.48W  u_ff=117.3W  PCAP→78W  power=78.8W
[PID] perf=26.791Hz  target=10.984Hz  err=-15.806Hz  corr=-333.12W  u_ff=117.3W  PCAP→78W  power=77.7W
[PID] perf=26.808Hz  target=10.984Hz  err=-15.824Hz  corr=-333.45W  u_ff=117.3W  PCAP→78W  power=79.0W
[PID] perf=26.764Hz  target=10.984Hz  err=-15.779Hz  corr=-332.63W  u_ff=117.3W  PCAP→78W  power=78.1W
[PID] perf=26.799Hz  target=10.984Hz  err=-15.815Hz  corr=-333.28W  u_ff=117.3W  PCAP→78W  power=76.8W
[PID] perf=26.823Hz  target=10.984Hz  err=-15.839Hz  corr=-333.73W  u_ff=117.3W  PCAP→78W  power=77.2W
[PID] perf=26.793Hz  target=10.984Hz  err=-15.808Hz  corr=-333.16W  u_ff=117.3W  PCAP→78W  power=77.5W
[PID] perf=26.839Hz  target=10.984Hz  err=-15.854Hz  corr=-334.01W  u_ff=117.3W  PCAP→78W  power=78.4W
[PID] perf=26.808Hz  target=10.984Hz  err=-15.824Hz  corr=-333.45W  u_ff=117.3W  PCAP→78W  power=79.1W
[PID] perf=26.813Hz  target=10.984Hz  err=-15.828Hz  corr=-333.53W  u_ff=117.3W  PCAP→78W  power=78.2W
[PID] perf=26.834Hz  target=10.984Hz  err=-15.850Hz  corr=-333.94W  u_ff=117.3W  PCAP→78W  power=79.0W
[PID] perf=26.838Hz  target=10.984Hz  err=-15.854Hz  corr=-334.01W  u_ff=117.3W  PCAP→78W  power=77.5W
[PID] perf=26.796Hz  target=10.984Hz  err=-15.812Hz  corr=-333.22W  u_ff=117.3W  PCAP→78W  power=77.8W
[PID] perf=26.850Hz  target=10.984Hz  err=-15.866Hz  corr=-334.23W  u_ff=117.3W  PCAP→78W  power=78.0W
[PID] perf=26.789Hz  target=10.984Hz  err=-15.805Hz  corr=-333.10W  u_ff=117.3W  PCAP→78W  power=78.9W
[PID] perf=26.839Hz  target=10.984Hz  err=-15.855Hz  corr=-334.02W  u_ff=117.3W  PCAP→78W  power=79.0W
[PID] perf=26.813Hz  target=10.984Hz  err=-15.829Hz  corr=-333.54W  u_ff=117.3W  PCAP→78W  power=78.1W
[PID] perf=26.819Hz  target=10.984Hz  err=-15.835Hz  corr=-333.65W  u_ff=117.3W  PCAP→78W  power=77.1W
[PID] perf=26.822Hz  target=10.984Hz  err=-15.837Hz  corr=-333.70W  u_ff=117.3W  PCAP→78W  power=76.6W
[PID] perf=26.816Hz  target=10.984Hz  err=-15.832Hz  corr=-333.59W  u_ff=117.3W  PCAP→78W  power=79.0W
[PID] perf=26.794Hz  target=10.984Hz  err=-15.809Hz  corr=-333.18W  u_ff=117.3W  PCAP→78W  power=77.6W
[PID] perf=26.768Hz  target=10.984Hz  err=-15.783Hz  corr=-332.70W  u_ff=117.3W  PCAP→78W  power=77.0W
[PID] perf=26.798Hz  target=10.984Hz  err=-15.814Hz  corr=-333.26W  u_ff=117.3W  PCAP→78W  power=77.3W
[PID] perf=26.806Hz  target=10.984Hz  err=-15.822Hz  corr=-333.41W  u_ff=117.3W  PCAP→78W  power=77.9W
[PID] perf=26.783Hz  target=10.984Hz  err=-15.798Hz  corr=-332.97W  u_ff=117.3W  PCAP→78W  power=78.5W
[PID] perf=26.863Hz  target=10.984Hz  err=-15.879Hz  corr=-334.47W  u_ff=117.3W  PCAP→78W  power=77.1W
[PID] perf=26.865Hz  target=10.984Hz  err=-15.880Hz  corr=-334.50W  u_ff=117.3W  PCAP→78W  power=76.3W
[PID] perf=26.822Hz  target=10.984Hz  err=-15.838Hz  corr=-333.70W  u_ff=117.3W  PCAP→78W  power=77.1W
[PID] perf=26.816Hz  target=10.984Hz  err=-15.831Hz  corr=-333.58W  u_ff=117.3W  PCAP→78W  power=77.0W
[PID] perf=26.791Hz  target=10.984Hz  err=-15.806Hz  corr=-333.12W  u_ff=117.3W  PCAP→78W  power=79.0W
[PID] perf=26.846Hz  target=10.984Hz  err=-15.862Hz  corr=-334.15W  u_ff=117.3W  PCAP→78W  power=78.9W
[PID] perf=26.824Hz  target=10.984Hz  err=-15.840Hz  corr=-333.74W  u_ff=117.3W  PCAP→78W  power=79.1W
[PID] perf=26.801Hz  target=10.984Hz  err=-15.817Hz  corr=-333.32W  u_ff=117.3W  PCAP→78W  power=78.4W
[PID] perf=26.779Hz  target=10.984Hz  err=-15.795Hz  corr=-332.91W  u_ff=117.3W  PCAP→78W  power=78.7W
[PID] perf=26.795Hz  target=10.984Hz  err=-15.811Hz  corr=-333.20W  u_ff=117.3W  PCAP→78W  power=78.9W
[PID] perf=26.793Hz  target=10.984Hz  err=-15.809Hz  corr=-333.17W  u_ff=117.3W  PCAP→78W  power=78.5W
[PID] perf=26.799Hz  target=10.984Hz  err=-15.815Hz  corr=-333.29W  u_ff=117.3W  PCAP→78W  power=76.3W
[PID] perf=26.830Hz  target=10.984Hz  err=-15.845Hz  corr=-333.85W  u_ff=117.3W  PCAP→78W  power=78.5W
[PID] perf=26.817Hz  target=10.984Hz  err=-15.833Hz  corr=-333.61W  u_ff=117.3W  PCAP→78W  power=78.4W
[PID] perf=26.831Hz  target=10.984Hz  err=-15.847Hz  corr=-333.87W  u_ff=117.3W  PCAP→78W  power=77.1W
[PID] perf=26.810Hz  target=10.984Hz  err=-15.826Hz  corr=-333.48W  u_ff=117.3W  PCAP→78W  power=76.5W
[PID] perf=26.811Hz  target=10.984Hz  err=-15.827Hz  corr=-333.51W  u_ff=117.3W  PCAP→78W  power=77.2W
[PID] perf=26.777Hz  target=10.984Hz  err=-15.793Hz  corr=-332.87W  u_ff=117.3W  PCAP→78W  power=78.9W
[PID] perf=26.814Hz  target=10.984Hz  err=-15.830Hz  corr=-333.56W  u_ff=117.3W  PCAP→78W  power=79.1W
[PID] perf=26.765Hz  target=10.984Hz  err=-15.781Hz  corr=-332.65W  u_ff=117.3W  PCAP→78W  power=78.3W
[PID] perf=26.809Hz  target=10.984Hz  err=-15.824Hz  corr=-333.46W  u_ff=117.3W  PCAP→78W  power=77.7W
[PID] perf=26.770Hz  target=10.984Hz  err=-15.786Hz  corr=-332.75W  u_ff=117.3W  PCAP→78W  power=76.7W
[PID] perf=26.819Hz  target=10.984Hz  err=-15.835Hz  corr=-333.65W  u_ff=117.3W  PCAP→78W  power=77.0W
[PID] perf=26.804Hz  target=10.984Hz  err=-15.819Hz  corr=-333.36W  u_ff=117.3W  PCAP→78W  power=76.2W
[PID] perf=26.813Hz  target=10.984Hz  err=-15.829Hz  corr=-333.54W  u_ff=117.3W  PCAP→78W  power=78.4W
[PID] perf=26.828Hz  target=10.984Hz  err=-15.843Hz  corr=-333.81W  u_ff=117.3W  PCAP→78W  power=78.1W
[PID] perf=26.817Hz  target=10.984Hz  err=-15.832Hz  corr=-333.60W  u_ff=117.3W  PCAP→78W  power=76.8W
[PID] perf=26.791Hz  target=10.984Hz  err=-15.807Hz  corr=-333.13W  u_ff=117.3W  PCAP→78W  power=78.6W
[PID] perf=26.768Hz  target=10.984Hz  err=-15.784Hz  corr=-332.70W  u_ff=117.3W  PCAP→78W  power=78.4W
[PID] perf=26.783Hz  target=10.984Hz  err=-15.799Hz  corr=-332.98W  u_ff=117.3W  PCAP→78W  power=78.4W
[PID] perf=26.756Hz  target=10.984Hz  err=-15.772Hz  corr=-332.48W  u_ff=117.3W  PCAP→78W  power=76.4W
[PID] perf=26.817Hz  target=10.984Hz  err=-15.832Hz  corr=-333.61W  u_ff=117.3W  PCAP→78W  power=76.6W
[PID] perf=26.833Hz  target=10.984Hz  err=-15.849Hz  corr=-333.92W  u_ff=117.3W  PCAP→78W  power=76.3W
[PID] perf=26.732Hz  target=10.984Hz  err=-15.747Hz  corr=-332.03W  u_ff=117.3W  PCAP→78W  power=77.7W
[PID] perf=26.774Hz  target=10.984Hz  err=-15.790Hz  corr=-332.82W  u_ff=117.3W  PCAP→78W  power=78.2W
[PID] perf=26.731Hz  target=10.984Hz  err=-15.747Hz  corr=-332.02W  u_ff=117.3W  PCAP→78W  power=78.1W
[PID] perf=26.762Hz  target=10.984Hz  err=-15.778Hz  corr=-332.59W  u_ff=117.3W  PCAP→78W  power=79.4W
[PID] perf=27.418Hz  target=10.984Hz  err=-16.434Hz  corr=-344.76W  u_ff=117.3W  PCAP→78W  power=79.3W
[PID] perf=27.495Hz  target=10.984Hz  err=-16.511Hz  corr=-346.19W  u_ff=117.3W  PCAP→78W  power=78.9W
[PID] perf=27.427Hz  target=10.984Hz  err=-16.443Hz  corr=-344.93W  u_ff=117.3W  PCAP→78W  power=78.8W
[PID] perf=27.446Hz  target=10.984Hz  err=-16.461Hz  corr=-345.27W  u_ff=117.3W  PCAP→78W  power=76.4W
[PID] perf=27.405Hz  target=10.984Hz  err=-16.421Hz  corr=-344.52W  u_ff=117.3W  PCAP→78W  power=79.0W
[PID] perf=27.424Hz  target=10.984Hz  err=-16.439Hz  corr=-344.86W  u_ff=117.3W  PCAP→78W  power=77.9W
[PID] perf=27.404Hz  target=10.984Hz  err=-16.420Hz  corr=-344.50W  u_ff=117.3W  PCAP→78W  power=77.4W
[PID] perf=27.414Hz  target=10.984Hz  err=-16.430Hz  corr=-344.69W  u_ff=117.3W  PCAP→78W  power=78.3W
[PID] perf=27.422Hz  target=10.984Hz  err=-16.438Hz  corr=-344.84W  u_ff=117.3W  PCAP→78W  power=78.8W
[PID] perf=27.400Hz  target=10.984Hz  err=-16.416Hz  corr=-344.43W  u_ff=117.3W  PCAP→78W  power=77.5W
[PID] perf=27.378Hz  target=10.984Hz  err=-16.394Hz  corr=-344.02W  u_ff=117.3W  PCAP→78W  power=77.5W
[PID] perf=27.351Hz  target=10.984Hz  err=-16.367Hz  corr=-343.51W  u_ff=117.3W  PCAP→78W  power=79.8W
[PID] perf=27.416Hz  target=10.984Hz  err=-16.432Hz  corr=-344.72W  u_ff=117.3W  PCAP→78W  power=78.0W
[PID] perf=27.415Hz  target=10.984Hz  err=-16.431Hz  corr=-344.71W  u_ff=117.3W  PCAP→78W  power=76.3W
[PID] perf=27.354Hz  target=10.984Hz  err=-16.369Hz  corr=-343.56W  u_ff=117.3W  PCAP→78W  power=77.1W
[PID] perf=27.337Hz  target=10.984Hz  err=-16.352Hz  corr=-343.25W  u_ff=117.3W  PCAP→78W  power=77.1W
[PID] perf=27.384Hz  target=10.984Hz  err=-16.399Hz  corr=-344.12W  u_ff=117.3W  PCAP→78W  power=76.1W
[PID] perf=27.431Hz  target=10.984Hz  err=-16.446Hz  corr=-344.99W  u_ff=117.3W  PCAP→78W  power=78.8W
[PID] perf=27.438Hz  target=10.984Hz  err=-16.454Hz  corr=-345.13W  u_ff=117.3W  PCAP→78W  power=79.1W
[PID] perf=27.411Hz  target=10.984Hz  err=-16.427Hz  corr=-344.63W  u_ff=117.3W  PCAP→78W  power=78.6W
[PID] perf=27.451Hz  target=10.984Hz  err=-16.467Hz  corr=-345.37W  u_ff=117.3W  PCAP→78W  power=78.5W
[PID] perf=27.442Hz  target=10.984Hz  err=-16.458Hz  corr=-345.21W  u_ff=117.3W  PCAP→78W  power=78.2W
[PID] perf=27.468Hz  target=10.984Hz  err=-16.483Hz  corr=-345.68W  u_ff=117.3W  PCAP→78W  power=77.1W
[PID] perf=27.456Hz  target=10.984Hz  err=-16.472Hz  corr=-345.47W  u_ff=117.3W  PCAP→78W  power=77.9W
[PID] perf=27.427Hz  target=10.984Hz  err=-16.443Hz  corr=-344.93W  u_ff=117.3W  PCAP→78W  power=77.6W
[PID] perf=27.445Hz  target=10.984Hz  err=-16.460Hz  corr=-345.25W  u_ff=117.3W  PCAP→78W  power=79.3W
[PID] perf=27.421Hz  target=10.984Hz  err=-16.436Hz  corr=-344.80W  u_ff=117.3W  PCAP→78W  power=76.8W
[PID] perf=27.441Hz  target=10.984Hz  err=-16.457Hz  corr=-345.18W  u_ff=117.3W  PCAP→78W  power=77.8W
[PID] perf=27.440Hz  target=10.984Hz  err=-16.456Hz  corr=-345.17W  u_ff=117.3W  PCAP→78W  power=79.3W
[PID] perf=27.438Hz  target=10.984Hz  err=-16.454Hz  corr=-345.13W  u_ff=117.3W  PCAP→78W  power=77.1W
[PID] perf=27.447Hz  target=10.984Hz  err=-16.463Hz  corr=-345.30W  u_ff=117.3W  PCAP→78W  power=78.5W
[PID] perf=27.466Hz  target=10.984Hz  err=-16.482Hz  corr=-345.64W  u_ff=117.3W  PCAP→78W  power=77.1W
[PID] perf=27.444Hz  target=10.984Hz  err=-16.459Hz  corr=-345.23W  u_ff=117.3W  PCAP→78W  power=78.4W
[PID] perf=27.419Hz  target=10.984Hz  err=-16.435Hz  corr=-344.78W  u_ff=117.3W  PCAP→78W  power=78.6W
[PID] perf=27.397Hz  target=10.984Hz  err=-16.413Hz  corr=-344.36W  u_ff=117.3W  PCAP→78W  power=78.3W
[PID] perf=27.427Hz  target=10.984Hz  err=-16.442Hz  corr=-344.92W  u_ff=117.3W  PCAP→78W  power=77.2W
[PID] perf=27.401Hz  target=10.984Hz  err=-16.417Hz  corr=-344.44W  u_ff=117.3W  PCAP→78W  power=79.0W
[PID] perf=27.396Hz  target=10.984Hz  err=-16.412Hz  corr=-344.36W  u_ff=117.3W  PCAP→78W  power=78.8W
[PID] perf=27.402Hz  target=10.984Hz  err=-16.418Hz  corr=-344.47W  u_ff=117.3W  PCAP→78W  power=77.6W
[PID] perf=27.443Hz  target=10.984Hz  err=-16.459Hz  corr=-345.23W  u_ff=117.3W  PCAP→78W  power=77.5W
[PID] perf=27.388Hz  target=10.984Hz  err=-16.403Hz  corr=-344.19W  u_ff=117.3W  PCAP→78W  power=76.2W
[PID] perf=27.396Hz  target=10.984Hz  err=-16.412Hz  corr=-344.35W  u_ff=117.3W  PCAP→78W  power=76.7W
[PID] perf=27.412Hz  target=10.984Hz  err=-16.428Hz  corr=-344.65W  u_ff=117.3W  PCAP→78W  power=77.5W
[PID] perf=27.426Hz  target=10.984Hz  err=-16.442Hz  corr=-344.91W  u_ff=117.3W  PCAP→78W  power=79.1W
[PID] perf=27.422Hz  target=10.984Hz  err=-16.438Hz  corr=-344.83W  u_ff=117.3W  PCAP→78W  power=78.2W
[PID] perf=27.453Hz  target=10.984Hz  err=-16.469Hz  corr=-345.41W  u_ff=117.3W  PCAP→78W  power=79.1W
[PID] perf=27.418Hz  target=10.984Hz  err=-16.434Hz  corr=-344.76W  u_ff=117.3W  PCAP→78W  power=77.9W
[PID] perf=27.447Hz  target=10.984Hz  err=-16.462Hz  corr=-345.29W  u_ff=117.3W  PCAP→78W  power=77.3W
[PID] perf=27.411Hz  target=10.984Hz  err=-16.427Hz  corr=-344.63W  u_ff=117.3W  PCAP→78W  power=76.8W
[PID] perf=27.410Hz  target=10.984Hz  err=-16.425Hz  corr=-344.60W  u_ff=117.3W  PCAP→78W  power=76.7W
[PID] perf=27.403Hz  target=10.984Hz  err=-16.418Hz  corr=-344.47W  u_ff=117.3W  PCAP→78W  power=76.3W
[PID] perf=27.382Hz  target=10.984Hz  err=-16.397Hz  corr=-344.08W  u_ff=117.3W  PCAP→78W  power=77.7W
[PID] perf=27.427Hz  target=10.984Hz  err=-16.443Hz  corr=-344.93W  u_ff=117.3W  PCAP→78W  power=77.8W
[PID] perf=27.388Hz  target=10.984Hz  err=-16.403Hz  corr=-344.19W  u_ff=117.3W  PCAP→78W  power=79.2W
[PID] perf=27.437Hz  target=10.984Hz  err=-16.452Hz  corr=-345.10W  u_ff=117.3W  PCAP→78W  power=78.8W
[PID] perf=27.425Hz  target=10.984Hz  err=-16.441Hz  corr=-344.89W  u_ff=117.3W  PCAP→78W  power=77.4W
[PID] perf=27.431Hz  target=10.984Hz  err=-16.447Hz  corr=-345.00W  u_ff=117.3W  PCAP→78W  power=79.1W
[PID] perf=27.373Hz  target=10.984Hz  err=-16.388Hz  corr=-343.91W  u_ff=117.3W  PCAP→78W  power=78.2W
[PID] perf=27.400Hz  target=10.984Hz  err=-16.415Hz  corr=-344.42W  u_ff=117.3W  PCAP→78W  power=77.6W
[PID] perf=27.391Hz  target=10.984Hz  err=-16.406Hz  corr=-344.25W  u_ff=117.3W  PCAP→78W  power=79.1W
[PID] perf=27.389Hz  target=10.984Hz  err=-16.405Hz  corr=-344.22W  u_ff=117.3W  PCAP→78W  power=77.0W
[PID] perf=27.399Hz  target=10.984Hz  err=-16.414Hz  corr=-344.40W  u_ff=117.3W  PCAP→78W  power=77.3W
[PID] perf=27.373Hz  target=10.984Hz  err=-16.389Hz  corr=-343.93W  u_ff=117.3W  PCAP→78W  power=76.7W
[PID] perf=27.392Hz  target=10.984Hz  err=-16.408Hz  corr=-344.28W  u_ff=117.3W  PCAP→78W  power=77.1W
[PID] perf=27.396Hz  target=10.984Hz  err=-16.411Hz  corr=-344.34W  u_ff=117.3W  PCAP→78W  power=77.0W
[PID] perf=27.390Hz  target=10.984Hz  err=-16.405Hz  corr=-344.23W  u_ff=117.3W  PCAP→78W  power=79.0W
[PID] perf=27.367Hz  target=10.984Hz  err=-16.383Hz  corr=-343.81W  u_ff=117.3W  PCAP→78W  power=76.3W
[PID] perf=27.389Hz  target=10.984Hz  err=-16.405Hz  corr=-344.23W  u_ff=117.3W  PCAP→78W  power=78.7W
[PID] perf=27.371Hz  target=10.984Hz  err=-16.387Hz  corr=-343.88W  u_ff=117.3W  PCAP→78W  power=78.7W
[PID] perf=27.333Hz  target=10.984Hz  err=-16.349Hz  corr=-343.18W  u_ff=117.3W  PCAP→78W  power=78.2W
[PID] perf=27.356Hz  target=10.984Hz  err=-16.372Hz  corr=-343.62W  u_ff=117.3W  PCAP→78W  power=78.6W
[PID] perf=27.450Hz  target=10.984Hz  err=-16.465Hz  corr=-345.34W  u_ff=117.3W  PCAP→78W  power=78.1W
[PID] perf=27.442Hz  target=10.984Hz  err=-16.458Hz  corr=-345.21W  u_ff=117.3W  PCAP→78W  power=78.4W
[PID] perf=27.363Hz  target=10.984Hz  err=-16.379Hz  corr=-343.74W  u_ff=117.3W  PCAP→78W  power=77.5W
[PID] perf=27.395Hz  target=10.984Hz  err=-16.411Hz  corr=-344.33W  u_ff=117.3W  PCAP→78W  power=77.5W
[PID] perf=27.393Hz  target=10.984Hz  err=-16.408Hz  corr=-344.29W  u_ff=117.3W  PCAP→78W  power=77.0W
[PID] perf=27.376Hz  target=10.984Hz  err=-16.392Hz  corr=-343.98W  u_ff=117.3W  PCAP→78W  power=79.0W
[PID] perf=27.380Hz  target=10.984Hz  err=-16.395Hz  corr=-344.05W  u_ff=117.3W  PCAP→78W  power=78.7W
[PID] perf=27.408Hz  target=10.984Hz  err=-16.423Hz  corr=-344.57W  u_ff=117.3W  PCAP→78W  power=78.0W
[PID] perf=27.418Hz  target=10.984Hz  err=-16.433Hz  corr=-344.75W  u_ff=117.3W  PCAP→78W  power=77.1W
[PID] perf=27.417Hz  target=10.984Hz  err=-16.432Hz  corr=-344.73W  u_ff=117.3W  PCAP→78W  power=78.0W
[PID] perf=27.410Hz  target=10.984Hz  err=-16.426Hz  corr=-344.61W  u_ff=117.3W  PCAP→78W  power=76.2W
[PID] perf=27.369Hz  target=10.984Hz  err=-16.385Hz  corr=-343.85W  u_ff=117.3W  PCAP→78W  power=76.9W
[PID] perf=27.370Hz  target=10.984Hz  err=-16.385Hz  corr=-343.86W  u_ff=117.3W  PCAP→78W  power=76.8W
[PID] perf=27.357Hz  target=10.984Hz  err=-16.373Hz  corr=-343.63W  u_ff=117.3W  PCAP→78W  power=77.6W
[PID] perf=27.323Hz  target=10.984Hz  err=-16.339Hz  corr=-343.00W  u_ff=117.3W  PCAP→78W  power=78.9W
[PID] perf=27.343Hz  target=10.984Hz  err=-16.359Hz  corr=-343.37W  u_ff=117.3W  PCAP→78W  power=78.8W
[PID] perf=27.414Hz  target=10.984Hz  err=-16.430Hz  corr=-344.69W  u_ff=117.3W  PCAP→78W  power=78.6W
[PID] perf=27.380Hz  target=10.984Hz  err=-16.396Hz  corr=-344.06W  u_ff=117.3W  PCAP→78W  power=77.5W
[PID] perf=27.349Hz  target=10.984Hz  err=-16.365Hz  corr=-343.48W  u_ff=117.3W  PCAP→78W  power=78.2W
[PID] perf=27.361Hz  target=10.984Hz  err=-16.377Hz  corr=-343.70W  u_ff=117.3W  PCAP→78W  power=78.3W
[PID] perf=27.371Hz  target=10.984Hz  err=-16.386Hz  corr=-343.88W  u_ff=117.3W  PCAP→78W  power=78.1W
[PID] perf=27.370Hz  target=10.984Hz  err=-16.385Hz  corr=-343.86W  u_ff=117.3W  PCAP→78W  power=77.7W
[PID] perf=27.369Hz  target=10.984Hz  err=-16.385Hz  corr=-343.85W  u_ff=117.3W  PCAP→78W  power=76.9W
[PID] perf=27.365Hz  target=10.984Hz  err=-16.380Hz  corr=-343.77W  u_ff=117.3W  PCAP→78W  power=76.4W
[PID] perf=27.398Hz  target=10.984Hz  err=-16.414Hz  corr=-344.38W  u_ff=117.3W  PCAP→78W  power=77.2W
[PID] perf=27.374Hz  target=10.984Hz  err=-16.390Hz  corr=-343.94W  u_ff=117.3W  PCAP→78W  power=78.3W
[PID] perf=27.372Hz  target=10.984Hz  err=-16.388Hz  corr=-343.91W  u_ff=117.3W  PCAP→78W  power=76.5W
[PID] perf=27.378Hz  target=10.984Hz  err=-16.394Hz  corr=-344.01W  u_ff=117.3W  PCAP→78W  power=77.6W
[PID] perf=27.354Hz  target=10.984Hz  err=-16.370Hz  corr=-343.57W  u_ff=117.3W  PCAP→78W  power=78.6W
[PID] perf=27.384Hz  target=10.984Hz  err=-16.400Hz  corr=-344.12W  u_ff=117.3W  PCAP→78W  power=76.9W
[PID] perf=27.345Hz  target=10.984Hz  err=-16.360Hz  corr=-343.40W  u_ff=117.3W  PCAP→78W  power=77.0W
[PID] perf=27.394Hz  target=10.984Hz  err=-16.410Hz  corr=-344.31W  u_ff=117.3W  PCAP→78W  power=77.0W
[PID] perf=27.425Hz  target=10.984Hz  err=-16.440Hz  corr=-344.88W  u_ff=117.3W  PCAP→78W  power=78.5W
[PID] perf=27.462Hz  target=10.984Hz  err=-16.478Hz  corr=-345.57W  u_ff=117.3W  PCAP→78W  power=77.8W
[PID] perf=27.429Hz  target=10.984Hz  err=-16.445Hz  corr=-344.97W  u_ff=117.3W  PCAP→78W  power=77.8W
[PID] perf=27.376Hz  target=10.984Hz  err=-16.392Hz  corr=-343.98W  u_ff=117.3W  PCAP→78W  power=77.3W
[PID] perf=27.401Hz  target=10.984Hz  err=-16.416Hz  corr=-344.43W  u_ff=117.3W  PCAP→78W  power=76.4W
[PID] perf=27.418Hz  target=10.984Hz  err=-16.434Hz  corr=-344.76W  u_ff=117.3W  PCAP→78W  power=78.9W
[PID] perf=27.404Hz  target=10.984Hz  err=-16.420Hz  corr=-344.50W  u_ff=117.3W  PCAP→78W  power=77.8W
[PID] perf=27.404Hz  target=10.984Hz  err=-16.419Hz  corr=-344.49W  u_ff=117.3W  PCAP→78W  power=76.8W
[PID] perf=27.394Hz  target=10.984Hz  err=-16.409Hz  corr=-344.30W  u_ff=117.3W  PCAP→78W  power=77.3W
[PID] perf=26.320Hz  target=10.984Hz  err=-15.336Hz  corr=-324.40W  u_ff=117.3W  PCAP→78W  power=77.4W
[PID] perf=26.403Hz  target=10.984Hz  err=-15.419Hz  corr=-325.93W  u_ff=117.3W  PCAP→78W  power=77.5W
[PID] perf=26.376Hz  target=10.984Hz  err=-15.391Hz  corr=-325.43W  u_ff=117.3W  PCAP→78W  power=78.5W
[PID] perf=26.421Hz  target=10.984Hz  err=-15.437Hz  corr=-326.27W  u_ff=117.3W  PCAP→78W  power=77.8W
[PID] perf=26.408Hz  target=10.984Hz  err=-15.424Hz  corr=-326.03W  u_ff=117.3W  PCAP→78W  power=78.3W
[PID] perf=26.333Hz  target=10.984Hz  err=-15.348Hz  corr=-324.63W  u_ff=117.3W  PCAP→78W  power=79.0W
[PID] perf=26.324Hz  target=10.984Hz  err=-15.340Hz  corr=-324.47W  u_ff=117.3W  PCAP→78W  power=78.7W
[PID] perf=26.420Hz  target=10.984Hz  err=-15.436Hz  corr=-326.25W  u_ff=117.3W  PCAP→78W  power=78.8W
[PID] perf=26.377Hz  target=10.984Hz  err=-15.392Hz  corr=-325.45W  u_ff=117.3W  PCAP→78W  power=79.0W
Process completed.
Compressed into /home/cc/summer2024/main_codes/pid_controller/../experiment_data/PID_Control_sweep/ones-npb-cg/compressed_iteration_20260513_142412.tar
----------------------------------

>>> Step 3/3

[ones-npb-cg]
  target perf      : 10.9843 Hz
  coefficients_perf: [-0.0006547837485238978, 0.18607436314256556, -1.8317688501798497]
  feedforward PCAP : 117.27 W  →  118 W (snapped)
  Perf(u_ff) check : 10.9843 Hz  (should ≈ target)
  PID gains        : Kp=18.5447 W/Hz  Ki=1.85447 W/(Hz·s)  Kd=0.0000
[PID] Awaiting data — feedforward PCAP=118W
[PID] Awaiting data — feedforward PCAP=118W
[PID] Awaiting data — feedforward PCAP=118W
[PID] Awaiting data — feedforward PCAP=118W
[PID] Awaiting data — feedforward PCAP=118W
[PID] Awaiting data — feedforward PCAP=118W
[PID] perf=19.795Hz  target=10.984Hz  err=-8.811Hz  corr=-196.07W  u_ff=117.3W  PCAP→78W  power=nanW
[PID] perf=18.032Hz  target=10.984Hz  err=-7.048Hz  corr=-170.70W  u_ff=117.3W  PCAP→78W  power=77.9W
[PID] perf=18.062Hz  target=10.984Hz  err=-7.078Hz  corr=-171.25W  u_ff=117.3W  PCAP→78W  power=77.5W
[PID] perf=18.021Hz  target=10.984Hz  err=-7.037Hz  corr=-170.49W  u_ff=117.3W  PCAP→78W  power=78.3W
[PID] perf=24.056Hz  target=10.984Hz  err=-13.072Hz  corr=-282.41W  u_ff=117.3W  PCAP→78W  power=79.2W
[PID] perf=29.213Hz  target=10.984Hz  err=-18.229Hz  corr=-378.05W  u_ff=117.3W  PCAP→78W  power=79.1W
[PID] perf=29.171Hz  target=10.984Hz  err=-18.187Hz  corr=-377.27W  u_ff=117.3W  PCAP→78W  power=79.6W
[PID] perf=29.222Hz  target=10.984Hz  err=-18.238Hz  corr=-378.22W  u_ff=117.3W  PCAP→78W  power=77.5W
[PID] perf=29.226Hz  target=10.984Hz  err=-18.241Hz  corr=-378.28W  u_ff=117.3W  PCAP→78W  power=79.1W
[PID] perf=29.213Hz  target=10.984Hz  err=-18.228Hz  corr=-378.04W  u_ff=117.3W  PCAP→78W  power=77.0W
[PID] perf=29.217Hz  target=10.984Hz  err=-18.233Hz  corr=-378.12W  u_ff=117.3W  PCAP→78W  power=78.9W
[PID] perf=29.211Hz  target=10.984Hz  err=-18.226Hz  corr=-378.00W  u_ff=117.3W  PCAP→78W  power=78.8W
[PID] perf=29.231Hz  target=10.984Hz  err=-18.247Hz  corr=-378.38W  u_ff=117.3W  PCAP→78W  power=78.7W
[PID] perf=29.188Hz  target=10.984Hz  err=-18.203Hz  corr=-377.58W  u_ff=117.3W  PCAP→78W  power=76.6W
[PID] perf=29.249Hz  target=10.984Hz  err=-18.265Hz  corr=-378.72W  u_ff=117.3W  PCAP→78W  power=77.4W
[PID] perf=29.231Hz  target=10.984Hz  err=-18.247Hz  corr=-378.38W  u_ff=117.3W  PCAP→78W  power=77.4W
[PID] perf=29.238Hz  target=10.984Hz  err=-18.254Hz  corr=-378.52W  u_ff=117.3W  PCAP→78W  power=79.1W
[PID] perf=29.221Hz  target=10.984Hz  err=-18.237Hz  corr=-378.20W  u_ff=117.3W  PCAP→78W  power=78.5W
[PID] perf=29.257Hz  target=10.984Hz  err=-18.272Hz  corr=-378.86W  u_ff=117.3W  PCAP→78W  power=76.6W
[PID] perf=29.152Hz  target=10.984Hz  err=-18.168Hz  corr=-376.92W  u_ff=117.3W  PCAP→78W  power=77.1W
[PID] perf=29.253Hz  target=10.984Hz  err=-18.268Hz  corr=-378.78W  u_ff=117.3W  PCAP→78W  power=77.0W
[PID] perf=29.208Hz  target=10.984Hz  err=-18.223Hz  corr=-377.95W  u_ff=117.3W  PCAP→78W  power=76.5W
[PID] perf=29.180Hz  target=10.984Hz  err=-18.195Hz  corr=-377.43W  u_ff=117.3W  PCAP→78W  power=77.1W
[PID] perf=29.225Hz  target=10.984Hz  err=-18.241Hz  corr=-378.27W  u_ff=117.3W  PCAP→78W  power=77.5W
[PID] perf=29.211Hz  target=10.984Hz  err=-18.226Hz  corr=-378.00W  u_ff=117.3W  PCAP→78W  power=77.8W
[PID] perf=29.198Hz  target=10.984Hz  err=-18.213Hz  corr=-377.76W  u_ff=117.3W  PCAP→78W  power=76.8W
[PID] perf=29.245Hz  target=10.984Hz  err=-18.261Hz  corr=-378.65W  u_ff=117.3W  PCAP→78W  power=78.4W
[PID] perf=29.333Hz  target=10.984Hz  err=-18.349Hz  corr=-380.27W  u_ff=117.3W  PCAP→78W  power=79.1W
[PID] perf=29.263Hz  target=10.984Hz  err=-18.279Hz  corr=-378.97W  u_ff=117.3W  PCAP→78W  power=78.9W
[PID] perf=29.284Hz  target=10.984Hz  err=-18.300Hz  corr=-379.37W  u_ff=117.3W  PCAP→78W  power=77.8W
[PID] perf=29.287Hz  target=10.984Hz  err=-18.303Hz  corr=-379.42W  u_ff=117.3W  PCAP→78W  power=78.0W
[PID] perf=29.216Hz  target=10.984Hz  err=-18.232Hz  corr=-378.11W  u_ff=117.3W  PCAP→78W  power=77.2W
[PID] perf=29.260Hz  target=10.984Hz  err=-18.275Hz  corr=-378.91W  u_ff=117.3W  PCAP→78W  power=79.7W
[PID] perf=29.287Hz  target=10.984Hz  err=-18.302Hz  corr=-379.41W  u_ff=117.3W  PCAP→78W  power=78.6W
[PID] perf=29.284Hz  target=10.984Hz  err=-18.300Hz  corr=-379.36W  u_ff=117.3W  PCAP→78W  power=78.9W
[PID] perf=29.283Hz  target=10.984Hz  err=-18.298Hz  corr=-379.34W  u_ff=117.3W  PCAP→78W  power=76.9W
[PID] perf=29.281Hz  target=10.984Hz  err=-18.297Hz  corr=-379.30W  u_ff=117.3W  PCAP→78W  power=76.9W
[PID] perf=29.216Hz  target=10.984Hz  err=-18.231Hz  corr=-378.10W  u_ff=117.3W  PCAP→78W  power=76.0W
[PID] perf=29.240Hz  target=10.984Hz  err=-18.256Hz  corr=-378.54W  u_ff=117.3W  PCAP→78W  power=76.6W
[PID] perf=29.232Hz  target=10.984Hz  err=-18.247Hz  corr=-378.39W  u_ff=117.3W  PCAP→78W  power=77.1W
[PID] perf=29.241Hz  target=10.984Hz  err=-18.256Hz  corr=-378.56W  u_ff=117.3W  PCAP→78W  power=76.2W
[PID] perf=29.269Hz  target=10.984Hz  err=-18.284Hz  corr=-379.07W  u_ff=117.3W  PCAP→78W  power=76.9W
[PID] perf=29.261Hz  target=10.984Hz  err=-18.277Hz  corr=-378.94W  u_ff=117.3W  PCAP→78W  power=76.8W
[PID] perf=29.178Hz  target=10.984Hz  err=-18.194Hz  corr=-377.40W  u_ff=117.3W  PCAP→78W  power=79.5W
[PID] perf=29.244Hz  target=10.984Hz  err=-18.259Hz  corr=-378.61W  u_ff=117.3W  PCAP→78W  power=78.6W
[PID] perf=29.237Hz  target=10.984Hz  err=-18.253Hz  corr=-378.49W  u_ff=117.3W  PCAP→78W  power=79.2W
[PID] perf=29.230Hz  target=10.984Hz  err=-18.245Hz  corr=-378.35W  u_ff=117.3W  PCAP→78W  power=77.9W
[PID] perf=29.222Hz  target=10.984Hz  err=-18.238Hz  corr=-378.22W  u_ff=117.3W  PCAP→78W  power=78.0W
[PID] perf=29.337Hz  target=10.984Hz  err=-18.352Hz  corr=-380.34W  u_ff=117.3W  PCAP→78W  power=78.6W
[PID] perf=29.279Hz  target=10.984Hz  err=-18.295Hz  corr=-379.27W  u_ff=117.3W  PCAP→78W  power=79.3W
[PID] perf=29.275Hz  target=10.984Hz  err=-18.291Hz  corr=-379.19W  u_ff=117.3W  PCAP→78W  power=77.2W
[PID] perf=29.230Hz  target=10.984Hz  err=-18.246Hz  corr=-378.36W  u_ff=117.3W  PCAP→78W  power=77.6W
[PID] perf=27.617Hz  target=10.984Hz  err=-16.633Hz  corr=-348.45W  u_ff=117.3W  PCAP→78W  power=78.0W
[PID] perf=27.693Hz  target=10.984Hz  err=-16.709Hz  corr=-349.86W  u_ff=117.3W  PCAP→78W  power=77.5W
[PID] perf=27.693Hz  target=10.984Hz  err=-16.709Hz  corr=-349.85W  u_ff=117.3W  PCAP→78W  power=77.6W
[PID] perf=27.701Hz  target=10.984Hz  err=-16.716Hz  corr=-350.00W  u_ff=117.3W  PCAP→78W  power=78.5W
[PID] perf=27.721Hz  target=10.984Hz  err=-16.737Hz  corr=-350.37W  u_ff=117.3W  PCAP→78W  power=78.8W
[PID] perf=27.705Hz  target=10.984Hz  err=-16.720Hz  corr=-350.07W  u_ff=117.3W  PCAP→78W  power=77.2W
[PID] perf=27.709Hz  target=10.984Hz  err=-16.725Hz  corr=-350.15W  u_ff=117.3W  PCAP→78W  power=77.7W
[PID] perf=27.741Hz  target=10.984Hz  err=-16.756Hz  corr=-350.74W  u_ff=117.3W  PCAP→78W  power=77.4W
[PID] perf=27.748Hz  target=10.984Hz  err=-16.763Hz  corr=-350.87W  u_ff=117.3W  PCAP→78W  power=76.4W
[PID] perf=27.755Hz  target=10.984Hz  err=-16.771Hz  corr=-351.01W  u_ff=117.3W  PCAP→78W  power=78.8W
[PID] perf=27.734Hz  target=10.984Hz  err=-16.750Hz  corr=-350.63W  u_ff=117.3W  PCAP→78W  power=76.5W
[PID] perf=27.729Hz  target=10.984Hz  err=-16.745Hz  corr=-350.53W  u_ff=117.3W  PCAP→78W  power=77.1W
[PID] perf=27.795Hz  target=10.984Hz  err=-16.811Hz  corr=-351.75W  u_ff=117.3W  PCAP→78W  power=78.2W
[PID] perf=27.764Hz  target=10.984Hz  err=-16.779Hz  corr=-351.17W  u_ff=117.3W  PCAP→78W  power=77.2W
[PID] perf=28.973Hz  target=10.984Hz  err=-17.989Hz  corr=-373.60W  u_ff=117.3W  PCAP→78W  power=78.0W
[PID] perf=29.078Hz  target=10.984Hz  err=-18.094Hz  corr=-375.55W  u_ff=117.3W  PCAP→78W  power=79.0W
[PID] perf=29.148Hz  target=10.984Hz  err=-18.164Hz  corr=-376.85W  u_ff=117.3W  PCAP→78W  power=78.5W
[PID] perf=29.115Hz  target=10.984Hz  err=-18.130Hz  corr=-376.22W  u_ff=117.3W  PCAP→78W  power=77.2W
[PID] perf=29.134Hz  target=10.984Hz  err=-18.150Hz  corr=-376.58W  u_ff=117.3W  PCAP→78W  power=77.8W
[PID] perf=29.154Hz  target=10.984Hz  err=-18.170Hz  corr=-376.95W  u_ff=117.3W  PCAP→78W  power=78.1W
[PID] perf=29.105Hz  target=10.984Hz  err=-18.120Hz  corr=-376.04W  u_ff=117.3W  PCAP→78W  power=77.1W
[PID] perf=29.109Hz  target=10.984Hz  err=-18.125Hz  corr=-376.12W  u_ff=117.3W  PCAP→78W  power=77.1W
[PID] perf=29.155Hz  target=10.984Hz  err=-18.171Hz  corr=-376.98W  u_ff=117.3W  PCAP→78W  power=77.7W
[PID] perf=29.129Hz  target=10.984Hz  err=-18.144Hz  corr=-376.48W  u_ff=117.3W  PCAP→78W  power=79.3W
[PID] perf=29.073Hz  target=10.984Hz  err=-18.088Hz  corr=-375.44W  u_ff=117.3W  PCAP→78W  power=77.1W
[PID] perf=29.165Hz  target=10.984Hz  err=-18.181Hz  corr=-377.16W  u_ff=117.3W  PCAP→78W  power=76.8W
[PID] perf=29.134Hz  target=10.984Hz  err=-18.149Hz  corr=-376.57W  u_ff=117.3W  PCAP→78W  power=78.5W
[PID] perf=29.145Hz  target=10.984Hz  err=-18.160Hz  corr=-376.78W  u_ff=117.3W  PCAP→78W  power=76.5W
[PID] perf=29.145Hz  target=10.984Hz  err=-18.161Hz  corr=-376.78W  u_ff=117.3W  PCAP→78W  power=77.2W
[PID] perf=29.122Hz  target=10.984Hz  err=-18.138Hz  corr=-376.36W  u_ff=117.3W  PCAP→78W  power=76.1W
[PID] perf=29.108Hz  target=10.984Hz  err=-18.124Hz  corr=-376.11W  u_ff=117.3W  PCAP→78W  power=76.2W
[PID] perf=29.171Hz  target=10.984Hz  err=-18.186Hz  corr=-377.26W  u_ff=117.3W  PCAP→78W  power=79.0W
[PID] perf=29.160Hz  target=10.984Hz  err=-18.175Hz  corr=-377.06W  u_ff=117.3W  PCAP→78W  power=77.8W
[PID] perf=29.145Hz  target=10.984Hz  err=-18.161Hz  corr=-376.79W  u_ff=117.3W  PCAP→78W  power=77.5W
[PID] perf=29.119Hz  target=10.984Hz  err=-18.135Hz  corr=-376.30W  u_ff=117.3W  PCAP→78W  power=77.6W
[PID] perf=29.136Hz  target=10.984Hz  err=-18.152Hz  corr=-376.62W  u_ff=117.3W  PCAP→78W  power=77.2W
[PID] perf=29.142Hz  target=10.984Hz  err=-18.158Hz  corr=-376.73W  u_ff=117.3W  PCAP→78W  power=77.4W
[PID] perf=29.183Hz  target=10.984Hz  err=-18.199Hz  corr=-377.49W  u_ff=117.3W  PCAP→78W  power=78.2W
[PID] perf=29.182Hz  target=10.984Hz  err=-18.197Hz  corr=-377.47W  u_ff=117.3W  PCAP→78W  power=77.9W
[PID] perf=29.144Hz  target=10.984Hz  err=-18.160Hz  corr=-376.76W  u_ff=117.3W  PCAP→78W  power=78.2W
[PID] perf=29.181Hz  target=10.984Hz  err=-18.196Hz  corr=-377.45W  u_ff=117.3W  PCAP→78W  power=77.7W
[PID] perf=29.151Hz  target=10.984Hz  err=-18.166Hz  corr=-376.89W  u_ff=117.3W  PCAP→78W  power=77.8W
[PID] perf=29.173Hz  target=10.984Hz  err=-18.189Hz  corr=-377.30W  u_ff=117.3W  PCAP→78W  power=78.9W
[PID] perf=29.150Hz  target=10.984Hz  err=-18.166Hz  corr=-376.88W  u_ff=117.3W  PCAP→78W  power=79.4W
[PID] perf=29.043Hz  target=10.984Hz  err=-18.058Hz  corr=-374.88W  u_ff=117.3W  PCAP→78W  power=76.4W
[PID] perf=29.082Hz  target=10.984Hz  err=-18.097Hz  corr=-375.61W  u_ff=117.3W  PCAP→78W  power=77.7W
[PID] perf=29.140Hz  target=10.984Hz  err=-18.155Hz  corr=-376.68W  u_ff=117.3W  PCAP→78W  power=78.4W
[PID] perf=29.184Hz  target=10.984Hz  err=-18.200Hz  corr=-377.51W  u_ff=117.3W  PCAP→78W  power=79.1W
[PID] perf=29.199Hz  target=10.984Hz  err=-18.215Hz  corr=-377.79W  u_ff=117.3W  PCAP→78W  power=78.5W
[PID] perf=29.200Hz  target=10.984Hz  err=-18.216Hz  corr=-377.80W  u_ff=117.3W  PCAP→78W  power=78.3W
[PID] perf=29.208Hz  target=10.984Hz  err=-18.224Hz  corr=-377.96W  u_ff=117.3W  PCAP→78W  power=79.2W
[PID] perf=29.190Hz  target=10.984Hz  err=-18.206Hz  corr=-377.63W  u_ff=117.3W  PCAP→78W  power=78.9W
[PID] perf=29.165Hz  target=10.984Hz  err=-18.181Hz  corr=-377.15W  u_ff=117.3W  PCAP→78W  power=78.0W
[PID] perf=29.190Hz  target=10.984Hz  err=-18.206Hz  corr=-377.62W  u_ff=117.3W  PCAP→78W  power=77.5W
[PID] perf=29.155Hz  target=10.984Hz  err=-18.171Hz  corr=-376.97W  u_ff=117.3W  PCAP→78W  power=78.1W
[PID] perf=29.121Hz  target=10.984Hz  err=-18.136Hz  corr=-376.33W  u_ff=117.3W  PCAP→78W  power=78.4W
[PID] perf=29.180Hz  target=10.984Hz  err=-18.195Hz  corr=-377.43W  u_ff=117.3W  PCAP→78W  power=77.6W
[PID] perf=29.186Hz  target=10.984Hz  err=-18.202Hz  corr=-377.55W  u_ff=117.3W  PCAP→78W  power=76.5W
[PID] perf=29.184Hz  target=10.984Hz  err=-18.200Hz  corr=-377.51W  u_ff=117.3W  PCAP→78W  power=76.9W
[PID] perf=29.165Hz  target=10.984Hz  err=-18.181Hz  corr=-377.15W  u_ff=117.3W  PCAP→78W  power=78.4W
[PID] perf=29.248Hz  target=10.984Hz  err=-18.263Hz  corr=-378.69W  u_ff=117.3W  PCAP→78W  power=78.0W
[PID] perf=29.235Hz  target=10.984Hz  err=-18.251Hz  corr=-378.46W  u_ff=117.3W  PCAP→78W  power=78.5W
[PID] perf=29.229Hz  target=10.984Hz  err=-18.245Hz  corr=-378.35W  u_ff=117.3W  PCAP→78W  power=77.9W
[PID] perf=29.193Hz  target=10.984Hz  err=-18.209Hz  corr=-377.68W  u_ff=117.3W  PCAP→78W  power=76.9W
[PID] perf=29.224Hz  target=10.984Hz  err=-18.240Hz  corr=-378.25W  u_ff=117.3W  PCAP→78W  power=78.7W
[PID] perf=29.168Hz  target=10.984Hz  err=-18.184Hz  corr=-377.22W  u_ff=117.3W  PCAP→78W  power=77.2W
[PID] perf=29.108Hz  target=10.984Hz  err=-18.124Hz  corr=-376.10W  u_ff=117.3W  PCAP→78W  power=77.6W
[PID] perf=29.176Hz  target=10.984Hz  err=-18.192Hz  corr=-377.37W  u_ff=117.3W  PCAP→78W  power=76.1W
[PID] perf=29.171Hz  target=10.984Hz  err=-18.187Hz  corr=-377.26W  u_ff=117.3W  PCAP→78W  power=79.1W
[PID] perf=29.153Hz  target=10.984Hz  err=-18.169Hz  corr=-376.94W  u_ff=117.3W  PCAP→78W  power=79.2W
[PID] perf=29.153Hz  target=10.984Hz  err=-18.168Hz  corr=-376.93W  u_ff=117.3W  PCAP→78W  power=79.3W
[PID] perf=29.157Hz  target=10.984Hz  err=-18.173Hz  corr=-377.01W  u_ff=117.3W  PCAP→78W  power=78.9W
[PID] perf=29.156Hz  target=10.984Hz  err=-18.172Hz  corr=-377.00W  u_ff=117.3W  PCAP→78W  power=78.3W
[PID] perf=29.164Hz  target=10.984Hz  err=-18.180Hz  corr=-377.14W  u_ff=117.3W  PCAP→78W  power=78.0W
[PID] perf=29.168Hz  target=10.984Hz  err=-18.184Hz  corr=-377.21W  u_ff=117.3W  PCAP→78W  power=78.7W
[PID] perf=29.094Hz  target=10.984Hz  err=-18.110Hz  corr=-375.84W  u_ff=117.3W  PCAP→78W  power=77.0W
[PID] perf=29.188Hz  target=10.984Hz  err=-18.204Hz  corr=-377.58W  u_ff=117.3W  PCAP→78W  power=79.2W
[PID] perf=29.189Hz  target=10.984Hz  err=-18.205Hz  corr=-377.61W  u_ff=117.3W  PCAP→78W  power=79.0W
[PID] perf=29.223Hz  target=10.984Hz  err=-18.239Hz  corr=-378.23W  u_ff=117.3W  PCAP→78W  power=79.1W
[PID] perf=29.254Hz  target=10.984Hz  err=-18.269Hz  corr=-378.80W  u_ff=117.3W  PCAP→78W  power=76.6W
[PID] perf=29.270Hz  target=10.984Hz  err=-18.285Hz  corr=-379.09W  u_ff=117.3W  PCAP→78W  power=77.8W
[PID] perf=29.246Hz  target=10.984Hz  err=-18.261Hz  corr=-378.65W  u_ff=117.3W  PCAP→78W  power=78.9W
[PID] perf=29.198Hz  target=10.984Hz  err=-18.213Hz  corr=-377.76W  u_ff=117.3W  PCAP→78W  power=79.1W
[PID] perf=29.166Hz  target=10.984Hz  err=-18.182Hz  corr=-377.17W  u_ff=117.3W  PCAP→78W  power=78.6W
[PID] perf=29.164Hz  target=10.984Hz  err=-18.179Hz  corr=-377.13W  u_ff=117.3W  PCAP→78W  power=76.9W
[PID] perf=29.160Hz  target=10.984Hz  err=-18.176Hz  corr=-377.07W  u_ff=117.3W  PCAP→78W  power=77.0W
[PID] perf=29.131Hz  target=10.984Hz  err=-18.146Hz  corr=-376.52W  u_ff=117.3W  PCAP→78W  power=77.9W
[PID] perf=29.113Hz  target=10.984Hz  err=-18.129Hz  corr=-376.19W  u_ff=117.3W  PCAP→78W  power=79.1W
[PID] perf=29.194Hz  target=10.984Hz  err=-18.210Hz  corr=-377.70W  u_ff=117.3W  PCAP→78W  power=76.7W
[PID] perf=29.257Hz  target=10.984Hz  err=-18.272Hz  corr=-378.85W  u_ff=117.3W  PCAP→78W  power=77.0W
[PID] perf=29.225Hz  target=10.984Hz  err=-18.241Hz  corr=-378.27W  u_ff=117.3W  PCAP→78W  power=76.9W
[PID] perf=29.161Hz  target=10.984Hz  err=-18.176Hz  corr=-377.07W  u_ff=117.3W  PCAP→78W  power=77.1W
[PID] perf=29.100Hz  target=10.984Hz  err=-18.115Hz  corr=-375.94W  u_ff=117.3W  PCAP→78W  power=79.0W
[PID] perf=29.176Hz  target=10.984Hz  err=-18.192Hz  corr=-377.36W  u_ff=117.3W  PCAP→78W  power=77.9W
[PID] perf=29.092Hz  target=10.984Hz  err=-18.108Hz  corr=-375.80W  u_ff=117.3W  PCAP→78W  power=77.1W
[PID] perf=29.221Hz  target=10.984Hz  err=-18.237Hz  corr=-378.19W  u_ff=117.3W  PCAP→78W  power=78.0W
[PID] perf=29.179Hz  target=10.984Hz  err=-18.194Hz  corr=-377.41W  u_ff=117.3W  PCAP→78W  power=77.9W
[PID] perf=29.184Hz  target=10.984Hz  err=-18.200Hz  corr=-377.51W  u_ff=117.3W  PCAP→78W  power=78.9W
[PID] perf=29.204Hz  target=10.984Hz  err=-18.219Hz  corr=-377.87W  u_ff=117.3W  PCAP→78W  power=79.2W
[PID] perf=29.158Hz  target=10.984Hz  err=-18.173Hz  corr=-377.02W  u_ff=117.3W  PCAP→78W  power=76.3W
[PID] perf=26.936Hz  target=10.984Hz  err=-15.952Hz  corr=-335.83W  u_ff=117.3W  PCAP→78W  power=77.1W
[PID] perf=27.024Hz  target=10.984Hz  err=-16.039Hz  corr=-337.44W  u_ff=117.3W  PCAP→78W  power=77.8W
[PID] perf=27.033Hz  target=10.984Hz  err=-16.049Hz  corr=-337.62W  u_ff=117.3W  PCAP→78W  power=78.9W
[PID] perf=26.895Hz  target=10.984Hz  err=-15.911Hz  corr=-335.06W  u_ff=117.3W  PCAP→78W  power=78.8W
[PID] perf=26.863Hz  target=10.984Hz  err=-15.879Hz  corr=-334.47W  u_ff=117.3W  PCAP→78W  power=78.4W
[PID] perf=26.878Hz  target=10.984Hz  err=-15.893Hz  corr=-334.74W  u_ff=117.3W  PCAP→78W  power=78.5W
[PID] perf=26.923Hz  target=10.984Hz  err=-15.939Hz  corr=-335.58W  u_ff=117.3W  PCAP→78W  power=78.6W
[PID] perf=26.944Hz  target=10.984Hz  err=-15.960Hz  corr=-335.97W  u_ff=117.3W  PCAP→78W  power=78.4W
[PID] perf=26.916Hz  target=10.984Hz  err=-15.931Hz  corr=-335.44W  u_ff=117.3W  PCAP→78W  power=76.3W
[PID] perf=26.921Hz  target=10.984Hz  err=-15.937Hz  corr=-335.55W  u_ff=117.3W  PCAP→78W  power=76.2W
[PID] perf=26.919Hz  target=10.984Hz  err=-15.934Hz  corr=-335.50W  u_ff=117.3W  PCAP→78W  power=78.9W
[PID] perf=26.863Hz  target=10.984Hz  err=-15.879Hz  corr=-334.47W  u_ff=117.3W  PCAP→78W  power=77.7W
[PID] perf=26.914Hz  target=10.984Hz  err=-15.930Hz  corr=-335.41W  u_ff=117.3W  PCAP→78W  power=77.1W
[PID] perf=26.886Hz  target=10.984Hz  err=-15.902Hz  corr=-334.89W  u_ff=117.3W  PCAP→78W  power=78.2W
[PID] perf=26.929Hz  target=10.984Hz  err=-15.944Hz  corr=-335.68W  u_ff=117.3W  PCAP→78W  power=78.4W
[PID] perf=26.941Hz  target=10.984Hz  err=-15.956Hz  corr=-335.90W  u_ff=117.3W  PCAP→78W  power=78.9W
[PID] perf=26.899Hz  target=10.984Hz  err=-15.914Hz  corr=-335.12W  u_ff=117.3W  PCAP→78W  power=78.5W
[PID] perf=26.887Hz  target=10.984Hz  err=-15.903Hz  corr=-334.91W  u_ff=117.3W  PCAP→78W  power=77.3W
[PID] perf=26.937Hz  target=10.984Hz  err=-15.953Hz  corr=-335.84W  u_ff=117.3W  PCAP→78W  power=78.2W
[PID] perf=26.985Hz  target=10.984Hz  err=-16.001Hz  corr=-336.73W  u_ff=117.3W  PCAP→78W  power=77.8W
[PID] perf=26.947Hz  target=10.984Hz  err=-15.962Hz  corr=-336.02W  u_ff=117.3W  PCAP→78W  power=77.5W
[PID] perf=26.963Hz  target=10.984Hz  err=-15.979Hz  corr=-336.32W  u_ff=117.3W  PCAP→78W  power=77.0W
[PID] perf=26.962Hz  target=10.984Hz  err=-15.978Hz  corr=-336.31W  u_ff=117.3W  PCAP→78W  power=77.6W
[PID] perf=26.913Hz  target=10.984Hz  err=-15.929Hz  corr=-335.39W  u_ff=117.3W  PCAP→78W  power=77.7W
[PID] perf=26.945Hz  target=10.984Hz  err=-15.961Hz  corr=-335.98W  u_ff=117.3W  PCAP→78W  power=78.9W
[PID] perf=26.906Hz  target=10.984Hz  err=-15.922Hz  corr=-335.27W  u_ff=117.3W  PCAP→78W  power=79.0W
[PID] perf=26.914Hz  target=10.984Hz  err=-15.930Hz  corr=-335.41W  u_ff=117.3W  PCAP→78W  power=78.4W
[PID] perf=26.935Hz  target=10.984Hz  err=-15.951Hz  corr=-335.81W  u_ff=117.3W  PCAP→78W  power=78.5W
[PID] perf=26.941Hz  target=10.984Hz  err=-15.957Hz  corr=-335.92W  u_ff=117.3W  PCAP→78W  power=78.2W
[PID] perf=26.910Hz  target=10.984Hz  err=-15.926Hz  corr=-335.34W  u_ff=117.3W  PCAP→78W  power=78.2W
[PID] perf=26.929Hz  target=10.984Hz  err=-15.945Hz  corr=-335.70W  u_ff=117.3W  PCAP→78W  power=79.2W
[PID] perf=26.937Hz  target=10.984Hz  err=-15.953Hz  corr=-335.85W  u_ff=117.3W  PCAP→78W  power=78.5W
[PID] perf=26.954Hz  target=10.984Hz  err=-15.969Hz  corr=-336.15W  u_ff=117.3W  PCAP→78W  power=78.5W
[PID] perf=26.928Hz  target=10.984Hz  err=-15.944Hz  corr=-335.68W  u_ff=117.3W  PCAP→78W  power=78.0W
[PID] perf=26.899Hz  target=10.984Hz  err=-15.915Hz  corr=-335.14W  u_ff=117.3W  PCAP→78W  power=79.3W
[PID] perf=26.994Hz  target=10.984Hz  err=-16.009Hz  corr=-336.89W  u_ff=117.3W  PCAP→78W  power=79.0W
[PID] perf=25.344Hz  target=10.984Hz  err=-14.359Hz  corr=-306.29W  u_ff=117.3W  PCAP→78W  power=78.7W
[PID] perf=26.064Hz  target=10.984Hz  err=-15.080Hz  corr=-319.66W  u_ff=117.3W  PCAP→78W  power=77.0W
[PID] perf=26.087Hz  target=10.984Hz  err=-15.102Hz  corr=-320.07W  u_ff=117.3W  PCAP→78W  power=78.9W
[PID] perf=26.092Hz  target=10.984Hz  err=-15.108Hz  corr=-320.17W  u_ff=117.3W  PCAP→78W  power=78.9W
[PID] perf=26.109Hz  target=10.984Hz  err=-15.125Hz  corr=-320.49W  u_ff=117.3W  PCAP→78W  power=78.9W
[PID] perf=26.135Hz  target=10.984Hz  err=-15.151Hz  corr=-320.96W  u_ff=117.3W  PCAP→78W  power=78.4W
[PID] perf=26.135Hz  target=10.984Hz  err=-15.151Hz  corr=-320.96W  u_ff=117.3W  PCAP→78W  power=77.6W
[PID] perf=26.097Hz  target=10.984Hz  err=-15.113Hz  corr=-320.26W  u_ff=117.3W  PCAP→78W  power=77.4W
[PID] perf=26.089Hz  target=10.984Hz  err=-15.105Hz  corr=-320.11W  u_ff=117.3W  PCAP→78W  power=77.8W
[PID] perf=26.055Hz  target=10.984Hz  err=-15.071Hz  corr=-319.48W  u_ff=117.3W  PCAP→78W  power=77.0W
[PID] perf=26.031Hz  target=10.984Hz  err=-15.046Hz  corr=-319.03W  u_ff=117.3W  PCAP→78W  power=76.6W
[PID] perf=26.033Hz  target=10.984Hz  err=-15.049Hz  corr=-319.07W  u_ff=117.3W  PCAP→78W  power=77.2W
[PID] perf=26.022Hz  target=10.984Hz  err=-15.038Hz  corr=-318.87W  u_ff=117.3W  PCAP→78W  power=76.4W
[PID] perf=26.038Hz  target=10.984Hz  err=-15.054Hz  corr=-319.16W  u_ff=117.3W  PCAP→78W  power=76.2W
[PID] perf=26.041Hz  target=10.984Hz  err=-15.056Hz  corr=-319.21W  u_ff=117.3W  PCAP→78W  power=77.8W
[PID] perf=25.992Hz  target=10.984Hz  err=-15.007Hz  corr=-318.31W  u_ff=117.3W  PCAP→78W  power=78.4W
[PID] perf=26.015Hz  target=10.984Hz  err=-15.030Hz  corr=-318.73W  u_ff=117.3W  PCAP→78W  power=77.8W
[PID] perf=25.931Hz  target=10.984Hz  err=-14.947Hz  corr=-317.18W  u_ff=117.3W  PCAP→78W  power=77.2W
[PID] perf=26.026Hz  target=10.984Hz  err=-15.042Hz  corr=-318.95W  u_ff=117.3W  PCAP→78W  power=78.8W
[PID] perf=25.986Hz  target=10.984Hz  err=-15.002Hz  corr=-318.21W  u_ff=117.3W  PCAP→78W  power=78.9W
[PID] perf=25.961Hz  target=10.984Hz  err=-14.977Hz  corr=-317.74W  u_ff=117.3W  PCAP→78W  power=78.3W
[PID] perf=25.997Hz  target=10.984Hz  err=-15.013Hz  corr=-318.41W  u_ff=117.3W  PCAP→78W  power=76.7W
[PID] perf=26.015Hz  target=10.984Hz  err=-15.030Hz  corr=-318.73W  u_ff=117.3W  PCAP→78W  power=79.2W
[PID] perf=25.978Hz  target=10.984Hz  err=-14.994Hz  corr=-318.05W  u_ff=117.3W  PCAP→78W  power=78.9W
[PID] perf=25.986Hz  target=10.984Hz  err=-15.002Hz  corr=-318.20W  u_ff=117.3W  PCAP→78W  power=78.5W
[PID] perf=25.995Hz  target=10.984Hz  err=-15.011Hz  corr=-318.37W  u_ff=117.3W  PCAP→78W  power=78.6W
[PID] perf=25.974Hz  target=10.984Hz  err=-14.989Hz  corr=-317.97W  u_ff=117.3W  PCAP→78W  power=78.0W
[PID] perf=25.971Hz  target=10.984Hz  err=-14.986Hz  corr=-317.91W  u_ff=117.3W  PCAP→78W  power=78.7W
[PID] perf=25.964Hz  target=10.984Hz  err=-14.980Hz  corr=-317.79W  u_ff=117.3W  PCAP→78W  power=78.2W
[PID] perf=25.968Hz  target=10.984Hz  err=-14.983Hz  corr=-317.86W  u_ff=117.3W  PCAP→78W  power=77.6W
[PID] perf=25.990Hz  target=10.984Hz  err=-15.006Hz  corr=-318.28W  u_ff=117.3W  PCAP→78W  power=78.8W
[PID] perf=25.969Hz  target=10.984Hz  err=-14.984Hz  corr=-317.88W  u_ff=117.3W  PCAP→78W  power=78.1W
[PID] perf=25.938Hz  target=10.984Hz  err=-14.954Hz  corr=-317.31W  u_ff=117.3W  PCAP→78W  power=78.7W
[PID] perf=25.959Hz  target=10.984Hz  err=-14.975Hz  corr=-317.70W  u_ff=117.3W  PCAP→78W  power=77.7W
[PID] perf=25.949Hz  target=10.984Hz  err=-14.965Hz  corr=-317.51W  u_ff=117.3W  PCAP→78W  power=78.2W
[PID] perf=25.980Hz  target=10.984Hz  err=-14.996Hz  corr=-318.09W  u_ff=117.3W  PCAP→78W  power=77.8W
[PID] perf=25.976Hz  target=10.984Hz  err=-14.992Hz  corr=-318.02W  u_ff=117.3W  PCAP→78W  power=77.6W
[PID] perf=25.999Hz  target=10.984Hz  err=-15.015Hz  corr=-318.45W  u_ff=117.3W  PCAP→78W  power=78.5W
[PID] perf=25.988Hz  target=10.984Hz  err=-15.004Hz  corr=-318.25W  u_ff=117.3W  PCAP→78W  power=78.8W
[PID] perf=25.972Hz  target=10.984Hz  err=-14.988Hz  corr=-317.94W  u_ff=117.3W  PCAP→78W  power=78.9W
[PID] perf=25.960Hz  target=10.984Hz  err=-14.976Hz  corr=-317.72W  u_ff=117.3W  PCAP→78W  power=78.7W
[PID] perf=25.988Hz  target=10.984Hz  err=-15.003Hz  corr=-318.23W  u_ff=117.3W  PCAP→78W  power=79.1W
[PID] perf=25.960Hz  target=10.984Hz  err=-14.976Hz  corr=-317.72W  u_ff=117.3W  PCAP→78W  power=78.7W
[PID] perf=25.949Hz  target=10.984Hz  err=-14.965Hz  corr=-317.52W  u_ff=117.3W  PCAP→78W  power=77.8W
[PID] perf=25.998Hz  target=10.984Hz  err=-15.013Hz  corr=-318.42W  u_ff=117.3W  PCAP→78W  power=78.3W
[PID] perf=25.971Hz  target=10.984Hz  err=-14.987Hz  corr=-317.92W  u_ff=117.3W  PCAP→78W  power=77.8W
[PID] perf=25.980Hz  target=10.984Hz  err=-14.996Hz  corr=-318.09W  u_ff=117.3W  PCAP→78W  power=77.1W
[PID] perf=25.983Hz  target=10.984Hz  err=-14.999Hz  corr=-318.15W  u_ff=117.3W  PCAP→78W  power=78.1W
[PID] perf=25.999Hz  target=10.984Hz  err=-15.015Hz  corr=-318.44W  u_ff=117.3W  PCAP→78W  power=78.7W
[PID] perf=25.972Hz  target=10.984Hz  err=-14.988Hz  corr=-317.94W  u_ff=117.3W  PCAP→78W  power=78.6W
[PID] perf=25.976Hz  target=10.984Hz  err=-14.992Hz  corr=-318.02W  u_ff=117.3W  PCAP→78W  power=78.8W
[PID] perf=25.974Hz  target=10.984Hz  err=-14.990Hz  corr=-317.98W  u_ff=117.3W  PCAP→78W  power=78.7W
[PID] perf=25.943Hz  target=10.984Hz  err=-14.959Hz  corr=-317.41W  u_ff=117.3W  PCAP→78W  power=78.3W
[PID] perf=25.975Hz  target=10.984Hz  err=-14.991Hz  corr=-318.00W  u_ff=117.3W  PCAP→78W  power=77.7W
[PID] perf=25.969Hz  target=10.984Hz  err=-14.985Hz  corr=-317.89W  u_ff=117.3W  PCAP→78W  power=78.3W
[PID] perf=25.970Hz  target=10.984Hz  err=-14.986Hz  corr=-317.91W  u_ff=117.3W  PCAP→78W  power=79.0W
[PID] perf=25.941Hz  target=10.984Hz  err=-14.957Hz  corr=-317.37W  u_ff=117.3W  PCAP→78W  power=77.5W
[PID] perf=25.972Hz  target=10.984Hz  err=-14.988Hz  corr=-317.94W  u_ff=117.3W  PCAP→78W  power=77.2W
[PID] perf=26.034Hz  target=10.984Hz  err=-15.049Hz  corr=-319.08W  u_ff=117.3W  PCAP→78W  power=77.2W
[PID] perf=25.983Hz  target=10.984Hz  err=-14.998Hz  corr=-318.14W  u_ff=117.3W  PCAP→78W  power=77.6W
[PID] perf=25.993Hz  target=10.984Hz  err=-15.008Hz  corr=-318.33W  u_ff=117.3W  PCAP→78W  power=78.9W
[PID] perf=25.953Hz  target=10.984Hz  err=-14.968Hz  corr=-317.58W  u_ff=117.3W  PCAP→78W  power=78.1W
[PID] perf=25.963Hz  target=10.984Hz  err=-14.979Hz  corr=-317.78W  u_ff=117.3W  PCAP→78W  power=78.3W
[PID] perf=25.928Hz  target=10.984Hz  err=-14.944Hz  corr=-317.13W  u_ff=117.3W  PCAP→78W  power=78.7W
[PID] perf=26.359Hz  target=10.984Hz  err=-15.374Hz  corr=-325.11W  u_ff=117.3W  PCAP→78W  power=78.8W
[PID] perf=26.504Hz  target=10.984Hz  err=-15.520Hz  corr=-327.81W  u_ff=117.3W  PCAP→78W  power=79.0W
[PID] perf=26.546Hz  target=10.984Hz  err=-15.562Hz  corr=-328.58W  u_ff=117.3W  PCAP→78W  power=78.1W
[PID] perf=26.547Hz  target=10.984Hz  err=-15.563Hz  corr=-328.60W  u_ff=117.3W  PCAP→78W  power=78.8W
[PID] perf=26.536Hz  target=10.984Hz  err=-15.552Hz  corr=-328.41W  u_ff=117.3W  PCAP→78W  power=77.9W
[PID] perf=26.706Hz  target=10.984Hz  err=-15.722Hz  corr=-331.55W  u_ff=117.3W  PCAP→78W  power=77.6W
[PID] perf=26.731Hz  target=10.984Hz  err=-15.746Hz  corr=-332.01W  u_ff=117.3W  PCAP→78W  power=76.7W
[PID] perf=26.780Hz  target=10.984Hz  err=-15.795Hz  corr=-332.92W  u_ff=117.3W  PCAP→78W  power=76.7W
[PID] perf=26.800Hz  target=10.984Hz  err=-15.816Hz  corr=-333.30W  u_ff=117.3W  PCAP→78W  power=77.3W
[PID] perf=26.737Hz  target=10.984Hz  err=-15.753Hz  corr=-332.14W  u_ff=117.3W  PCAP→78W  power=78.5W
[PID] perf=26.772Hz  target=10.984Hz  err=-15.787Hz  corr=-332.77W  u_ff=117.3W  PCAP→78W  power=77.6W
[PID] perf=26.779Hz  target=10.984Hz  err=-15.794Hz  corr=-332.90W  u_ff=117.3W  PCAP→78W  power=78.0W
[PID] perf=26.790Hz  target=10.984Hz  err=-15.806Hz  corr=-333.11W  u_ff=117.3W  PCAP→78W  power=76.5W
[PID] perf=26.733Hz  target=10.984Hz  err=-15.748Hz  corr=-332.05W  u_ff=117.3W  PCAP→78W  power=76.5W
[PID] perf=26.742Hz  target=10.984Hz  err=-15.758Hz  corr=-332.23W  u_ff=117.3W  PCAP→78W  power=77.1W
[PID] perf=26.745Hz  target=10.984Hz  err=-15.761Hz  corr=-332.28W  u_ff=117.3W  PCAP→78W  power=78.3W
[PID] perf=26.756Hz  target=10.984Hz  err=-15.772Hz  corr=-332.48W  u_ff=117.3W  PCAP→78W  power=78.7W
[PID] perf=26.741Hz  target=10.984Hz  err=-15.756Hz  corr=-332.20W  u_ff=117.3W  PCAP→78W  power=77.7W
[PID] perf=26.749Hz  target=10.984Hz  err=-15.765Hz  corr=-332.35W  u_ff=117.3W  PCAP→78W  power=77.7W
[PID] perf=26.739Hz  target=10.984Hz  err=-15.755Hz  corr=-332.17W  u_ff=117.3W  PCAP→78W  power=77.6W
[PID] perf=26.731Hz  target=10.984Hz  err=-15.746Hz  corr=-332.01W  u_ff=117.3W  PCAP→78W  power=77.8W
[PID] perf=26.738Hz  target=10.984Hz  err=-15.754Hz  corr=-332.15W  u_ff=117.3W  PCAP→78W  power=79.1W
[PID] perf=26.709Hz  target=10.984Hz  err=-15.724Hz  corr=-331.60W  u_ff=117.3W  PCAP→78W  power=79.2W
[PID] perf=26.683Hz  target=10.984Hz  err=-15.699Hz  corr=-331.13W  u_ff=117.3W  PCAP→78W  power=78.1W
[PID] perf=26.685Hz  target=10.984Hz  err=-15.700Hz  corr=-331.16W  u_ff=117.3W  PCAP→78W  power=77.8W
[PID] perf=26.726Hz  target=10.984Hz  err=-15.742Hz  corr=-331.92W  u_ff=117.3W  PCAP→78W  power=77.3W
[PID] perf=26.728Hz  target=10.984Hz  err=-15.744Hz  corr=-331.96W  u_ff=117.3W  PCAP→78W  power=77.7W
[PID] perf=26.727Hz  target=10.984Hz  err=-15.743Hz  corr=-331.95W  u_ff=117.3W  PCAP→78W  power=77.0W
[PID] perf=26.729Hz  target=10.984Hz  err=-15.744Hz  corr=-331.98W  u_ff=117.3W  PCAP→78W  power=77.9W
[PID] perf=26.737Hz  target=10.984Hz  err=-15.752Hz  corr=-332.12W  u_ff=117.3W  PCAP→78W  power=78.6W
[PID] perf=26.737Hz  target=10.984Hz  err=-15.753Hz  corr=-332.13W  u_ff=117.3W  PCAP→78W  power=77.6W
[PID] perf=26.774Hz  target=10.984Hz  err=-15.790Hz  corr=-332.82W  u_ff=117.3W  PCAP→78W  power=77.9W
[PID] perf=26.775Hz  target=10.984Hz  err=-15.790Hz  corr=-332.83W  u_ff=117.3W  PCAP→78W  power=76.9W
[PID] perf=26.769Hz  target=10.984Hz  err=-15.785Hz  corr=-332.73W  u_ff=117.3W  PCAP→78W  power=76.7W
[PID] perf=26.724Hz  target=10.984Hz  err=-15.739Hz  corr=-331.88W  u_ff=117.3W  PCAP→78W  power=77.4W
[PID] perf=26.716Hz  target=10.984Hz  err=-15.732Hz  corr=-331.75W  u_ff=117.3W  PCAP→78W  power=77.0W
[PID] perf=26.743Hz  target=10.984Hz  err=-15.758Hz  corr=-332.23W  u_ff=117.3W  PCAP→78W  power=76.3W
[PID] perf=26.706Hz  target=10.984Hz  err=-15.722Hz  corr=-331.56W  u_ff=117.3W  PCAP→78W  power=76.8W
[PID] perf=26.734Hz  target=10.984Hz  err=-15.749Hz  corr=-332.06W  u_ff=117.3W  PCAP→78W  power=78.3W
[PID] perf=26.705Hz  target=10.984Hz  err=-15.721Hz  corr=-331.54W  u_ff=117.3W  PCAP→78W  power=78.8W
[PID] perf=26.663Hz  target=10.984Hz  err=-15.679Hz  corr=-330.76W  u_ff=117.3W  PCAP→78W  power=76.3W
[PID] perf=26.729Hz  target=10.984Hz  err=-15.745Hz  corr=-331.99W  u_ff=117.3W  PCAP→78W  power=78.8W
[PID] perf=27.425Hz  target=10.984Hz  err=-16.440Hz  corr=-344.88W  u_ff=117.3W  PCAP→78W  power=79.2W
[PID] perf=26.901Hz  target=10.984Hz  err=-15.917Hz  corr=-335.17W  u_ff=117.3W  PCAP→78W  power=78.8W
[PID] perf=27.550Hz  target=10.984Hz  err=-16.566Hz  corr=-347.21W  u_ff=117.3W  PCAP→78W  power=76.9W
[PID] perf=27.001Hz  target=10.984Hz  err=-16.017Hz  corr=-337.03W  u_ff=117.3W  PCAP→78W  power=78.0W
[PID] perf=27.041Hz  target=10.984Hz  err=-16.056Hz  corr=-337.76W  u_ff=117.3W  PCAP→78W  power=77.7W
[PID] perf=27.042Hz  target=10.984Hz  err=-16.058Hz  corr=-337.78W  u_ff=117.3W  PCAP→78W  power=77.3W
[PID] perf=27.046Hz  target=10.984Hz  err=-16.061Hz  corr=-337.85W  u_ff=117.3W  PCAP→78W  power=78.2W
[PID] perf=27.030Hz  target=10.984Hz  err=-16.046Hz  corr=-337.57W  u_ff=117.3W  PCAP→78W  power=79.1W
[PID] perf=27.075Hz  target=10.984Hz  err=-16.091Hz  corr=-338.40W  u_ff=117.3W  PCAP→78W  power=78.0W
[PID] perf=27.025Hz  target=10.984Hz  err=-16.040Hz  corr=-337.46W  u_ff=117.3W  PCAP→78W  power=78.7W
[PID] perf=27.045Hz  target=10.984Hz  err=-16.061Hz  corr=-337.84W  u_ff=117.3W  PCAP→78W  power=77.5W
[PID] perf=27.075Hz  target=10.984Hz  err=-16.091Hz  corr=-338.40W  u_ff=117.3W  PCAP→78W  power=77.5W
[PID] perf=26.190Hz  target=10.984Hz  err=-15.205Hz  corr=-321.98W  u_ff=117.3W  PCAP→78W  power=78.6W
[PID] perf=25.610Hz  target=10.984Hz  err=-14.625Hz  corr=-311.22W  u_ff=117.3W  PCAP→78W  power=76.6W
[PID] perf=25.801Hz  target=10.984Hz  err=-14.817Hz  corr=-314.77W  u_ff=117.3W  PCAP→78W  power=77.0W
[PID] perf=25.819Hz  target=10.984Hz  err=-14.834Hz  corr=-315.10W  u_ff=117.3W  PCAP→78W  power=78.4W
[PID] perf=25.816Hz  target=10.984Hz  err=-14.831Hz  corr=-315.05W  u_ff=117.3W  PCAP→78W  power=79.0W
[PID] perf=25.841Hz  target=10.984Hz  err=-14.857Hz  corr=-315.52W  u_ff=117.3W  PCAP→78W  power=78.3W
[PID] perf=25.874Hz  target=10.984Hz  err=-14.890Hz  corr=-316.13W  u_ff=117.3W  PCAP→78W  power=77.6W
[PID] perf=25.847Hz  target=10.984Hz  err=-14.863Hz  corr=-315.63W  u_ff=117.3W  PCAP→78W  power=76.7W
[PID] perf=25.879Hz  target=10.984Hz  err=-14.895Hz  corr=-316.22W  u_ff=117.3W  PCAP→78W  power=76.3W
[PID] perf=25.883Hz  target=10.984Hz  err=-14.899Hz  corr=-316.29W  u_ff=117.3W  PCAP→78W  power=77.8W
[PID] perf=25.894Hz  target=10.984Hz  err=-14.910Hz  corr=-316.50W  u_ff=117.3W  PCAP→78W  power=77.4W
[PID] perf=25.905Hz  target=10.984Hz  err=-14.921Hz  corr=-316.70W  u_ff=117.3W  PCAP→78W  power=77.2W
[PID] perf=25.903Hz  target=10.984Hz  err=-14.918Hz  corr=-316.66W  u_ff=117.3W  PCAP→78W  power=77.7W
[PID] perf=25.930Hz  target=10.984Hz  err=-14.945Hz  corr=-317.15W  u_ff=117.3W  PCAP→78W  power=78.7W
[PID] perf=25.894Hz  target=10.984Hz  err=-14.910Hz  corr=-316.50W  u_ff=117.3W  PCAP→78W  power=76.4W
[PID] perf=25.817Hz  target=10.984Hz  err=-14.833Hz  corr=-315.07W  u_ff=117.3W  PCAP→78W  power=77.2W
[PID] perf=25.921Hz  target=10.984Hz  err=-14.936Hz  corr=-316.99W  u_ff=117.3W  PCAP→78W  power=76.2W
[PID] perf=25.900Hz  target=10.984Hz  err=-14.915Hz  corr=-316.60W  u_ff=117.3W  PCAP→78W  power=78.5W
[PID] perf=25.879Hz  target=10.984Hz  err=-14.895Hz  corr=-316.22W  u_ff=117.3W  PCAP→78W  power=78.3W
[PID] perf=25.892Hz  target=10.984Hz  err=-14.908Hz  corr=-316.46W  u_ff=117.3W  PCAP→78W  power=79.1W
[PID] perf=25.952Hz  target=10.984Hz  err=-14.968Hz  corr=-317.57W  u_ff=117.3W  PCAP→78W  power=76.9W
[PID] perf=25.944Hz  target=10.984Hz  err=-14.960Hz  corr=-317.42W  u_ff=117.3W  PCAP→78W  power=76.7W
[PID] perf=25.930Hz  target=10.984Hz  err=-14.945Hz  corr=-317.16W  u_ff=117.3W  PCAP→78W  power=77.1W
[PID] perf=25.882Hz  target=10.984Hz  err=-14.897Hz  corr=-316.27W  u_ff=117.3W  PCAP→78W  power=78.2W
[PID] perf=25.900Hz  target=10.984Hz  err=-14.916Hz  corr=-316.61W  u_ff=117.3W  PCAP→78W  power=78.3W
[PID] perf=25.931Hz  target=10.984Hz  err=-14.946Hz  corr=-317.17W  u_ff=117.3W  PCAP→78W  power=78.6W
[PID] perf=25.967Hz  target=10.984Hz  err=-14.983Hz  corr=-317.85W  u_ff=117.3W  PCAP→78W  power=76.9W
[PID] perf=25.952Hz  target=10.984Hz  err=-14.967Hz  corr=-317.56W  u_ff=117.3W  PCAP→78W  power=76.7W
[PID] perf=25.938Hz  target=10.984Hz  err=-14.954Hz  corr=-317.32W  u_ff=117.3W  PCAP→78W  power=77.9W
[PID] perf=25.952Hz  target=10.984Hz  err=-14.968Hz  corr=-317.57W  u_ff=117.3W  PCAP→78W  power=79.2W
[PID] perf=25.888Hz  target=10.984Hz  err=-14.904Hz  corr=-316.38W  u_ff=117.3W  PCAP→78W  power=77.8W
[PID] perf=25.960Hz  target=10.984Hz  err=-14.976Hz  corr=-317.72W  u_ff=117.3W  PCAP→78W  power=78.2W
[PID] perf=25.901Hz  target=10.984Hz  err=-14.917Hz  corr=-316.62W  u_ff=117.3W  PCAP→78W  power=78.6W
[PID] perf=25.920Hz  target=10.984Hz  err=-14.936Hz  corr=-316.98W  u_ff=117.3W  PCAP→78W  power=78.9W
[PID] perf=25.928Hz  target=10.984Hz  err=-14.943Hz  corr=-317.12W  u_ff=117.3W  PCAP→78W  power=78.3W
[PID] perf=26.718Hz  target=10.984Hz  err=-15.734Hz  corr=-331.78W  u_ff=117.3W  PCAP→78W  power=78.4W
[PID] perf=27.118Hz  target=10.984Hz  err=-16.134Hz  corr=-339.20W  u_ff=117.3W  PCAP→78W  power=76.3W
[PID] perf=27.106Hz  target=10.984Hz  err=-16.122Hz  corr=-338.97W  u_ff=117.3W  PCAP→78W  power=77.2W
[PID] perf=27.128Hz  target=10.984Hz  err=-16.144Hz  corr=-339.39W  u_ff=117.3W  PCAP→78W  power=78.4W
[PID] perf=27.154Hz  target=10.984Hz  err=-16.170Hz  corr=-339.86W  u_ff=117.3W  PCAP→78W  power=76.4W
[PID] perf=27.148Hz  target=10.984Hz  err=-16.164Hz  corr=-339.76W  u_ff=117.3W  PCAP→78W  power=77.4W
[PID] perf=27.185Hz  target=10.984Hz  err=-16.200Hz  corr=-340.43W  u_ff=117.3W  PCAP→78W  power=78.2W
[PID] perf=27.190Hz  target=10.984Hz  err=-16.206Hz  corr=-340.53W  u_ff=117.3W  PCAP→78W  power=76.4W
[PID] perf=27.152Hz  target=10.984Hz  err=-16.167Hz  corr=-339.82W  u_ff=117.3W  PCAP→78W  power=77.3W
[PID] perf=27.188Hz  target=10.984Hz  err=-16.204Hz  corr=-340.49W  u_ff=117.3W  PCAP→78W  power=78.2W
[PID] perf=27.202Hz  target=10.984Hz  err=-16.218Hz  corr=-340.75W  u_ff=117.3W  PCAP→78W  power=78.3W
[PID] perf=27.184Hz  target=10.984Hz  err=-16.200Hz  corr=-340.42W  u_ff=117.3W  PCAP→78W  power=78.6W
[PID] perf=27.239Hz  target=10.984Hz  err=-16.255Hz  corr=-341.44W  u_ff=117.3W  PCAP→78W  power=78.3W
[PID] perf=24.898Hz  target=10.984Hz  err=-13.914Hz  corr=-298.03W  u_ff=117.3W  PCAP→78W  power=76.2W
[PID] perf=26.438Hz  target=10.984Hz  err=-15.453Hz  corr=-326.58W  u_ff=117.3W  PCAP→78W  power=79.2W
[PID] perf=26.474Hz  target=10.984Hz  err=-15.489Hz  corr=-327.25W  u_ff=117.3W  PCAP→78W  power=79.2W
[PID] perf=26.353Hz  target=10.984Hz  err=-15.369Hz  corr=-325.01W  u_ff=117.3W  PCAP→78W  power=78.8W
[PID] perf=26.354Hz  target=10.984Hz  err=-15.369Hz  corr=-325.02W  u_ff=117.3W  PCAP→78W  power=78.3W
[PID] perf=26.378Hz  target=10.984Hz  err=-15.394Hz  corr=-325.48W  u_ff=117.3W  PCAP→78W  power=77.2W
[PID] perf=26.400Hz  target=10.984Hz  err=-15.415Hz  corr=-325.87W  u_ff=117.3W  PCAP→78W  power=77.2W
[PID] perf=26.364Hz  target=10.984Hz  err=-15.379Hz  corr=-325.20W  u_ff=117.3W  PCAP→78W  power=79.0W
[PID] perf=26.438Hz  target=10.984Hz  err=-15.454Hz  corr=-326.59W  u_ff=117.3W  PCAP→78W  power=77.9W
[PID] perf=26.404Hz  target=10.984Hz  err=-15.420Hz  corr=-325.96W  u_ff=117.3W  PCAP→78W  power=77.5W
[PID] perf=26.340Hz  target=10.984Hz  err=-15.356Hz  corr=-324.77W  u_ff=117.3W  PCAP→78W  power=77.1W
[PID] perf=26.286Hz  target=10.984Hz  err=-15.302Hz  corr=-323.76W  u_ff=117.3W  PCAP→78W  power=77.1W
[PID] perf=25.838Hz  target=10.984Hz  err=-14.854Hz  corr=-315.46W  u_ff=117.3W  PCAP→78W  power=76.3W
[PID] perf=26.897Hz  target=10.984Hz  err=-15.912Hz  corr=-335.09W  u_ff=117.3W  PCAP→78W  power=78.2W
[PID] perf=26.931Hz  target=10.984Hz  err=-15.947Hz  corr=-335.73W  u_ff=117.3W  PCAP→78W  power=78.7W
[PID] perf=26.931Hz  target=10.984Hz  err=-15.947Hz  corr=-335.72W  u_ff=117.3W  PCAP→78W  power=78.5W
[PID] perf=26.956Hz  target=10.984Hz  err=-15.972Hz  corr=-336.19W  u_ff=117.3W  PCAP→78W  power=76.6W
[PID] perf=26.950Hz  target=10.984Hz  err=-15.966Hz  corr=-336.08W  u_ff=117.3W  PCAP→78W  power=77.5W
[PID] perf=26.906Hz  target=10.984Hz  err=-15.921Hz  corr=-335.26W  u_ff=117.3W  PCAP→78W  power=77.9W
[PID] perf=26.903Hz  target=10.984Hz  err=-15.919Hz  corr=-335.21W  u_ff=117.3W  PCAP→78W  power=78.8W
[PID] perf=26.741Hz  target=10.984Hz  err=-15.757Hz  corr=-332.21W  u_ff=117.3W  PCAP→78W  power=77.1W
[PID] perf=26.950Hz  target=10.984Hz  err=-15.966Hz  corr=-336.09W  u_ff=117.3W  PCAP→78W  power=76.4W
[PID] perf=26.948Hz  target=10.984Hz  err=-15.963Hz  corr=-336.03W  u_ff=117.3W  PCAP→78W  power=78.8W
[PID] perf=26.997Hz  target=10.984Hz  err=-16.013Hz  corr=-336.96W  u_ff=117.3W  PCAP→78W  power=76.4W
[PID] perf=26.979Hz  target=10.984Hz  err=-15.995Hz  corr=-336.62W  u_ff=117.3W  PCAP→78W  power=76.3W
[PID] perf=27.017Hz  target=10.984Hz  err=-16.033Hz  corr=-337.32W  u_ff=117.3W  PCAP→78W  power=76.4W
[PID] perf=26.956Hz  target=10.984Hz  err=-15.971Hz  corr=-336.18W  u_ff=117.3W  PCAP→78W  power=77.0W
[PID] perf=26.950Hz  target=10.984Hz  err=-15.965Hz  corr=-336.07W  u_ff=117.3W  PCAP→78W  power=79.1W
[PID] perf=26.948Hz  target=10.984Hz  err=-15.964Hz  corr=-336.04W  u_ff=117.3W  PCAP→78W  power=77.9W
[PID] perf=26.895Hz  target=10.984Hz  err=-15.911Hz  corr=-335.06W  u_ff=117.3W  PCAP→78W  power=77.5W
[PID] perf=26.984Hz  target=10.984Hz  err=-15.999Hz  corr=-336.70W  u_ff=117.3W  PCAP→78W  power=78.5W
[PID] perf=26.984Hz  target=10.984Hz  err=-16.000Hz  corr=-336.72W  u_ff=117.3W  PCAP→78W  power=79.0W
[PID] perf=27.050Hz  target=10.984Hz  err=-16.066Hz  corr=-337.93W  u_ff=117.3W  PCAP→78W  power=79.0W
[PID] perf=27.018Hz  target=10.984Hz  err=-16.034Hz  corr=-337.34W  u_ff=117.3W  PCAP→78W  power=77.9W
[PID] perf=27.008Hz  target=10.984Hz  err=-16.024Hz  corr=-337.16W  u_ff=117.3W  PCAP→78W  power=77.7W
[PID] perf=27.021Hz  target=10.984Hz  err=-16.037Hz  corr=-337.40W  u_ff=117.3W  PCAP→78W  power=77.3W
[PID] perf=26.981Hz  target=10.984Hz  err=-15.996Hz  corr=-336.65W  u_ff=117.3W  PCAP→78W  power=76.2W
[PID] perf=26.986Hz  target=10.984Hz  err=-16.002Hz  corr=-336.74W  u_ff=117.3W  PCAP→78W  power=78.6W
[PID] perf=26.978Hz  target=10.984Hz  err=-15.994Hz  corr=-336.60W  u_ff=117.3W  PCAP→78W  power=77.7W
[PID] perf=26.977Hz  target=10.984Hz  err=-15.992Hz  corr=-336.57W  u_ff=117.3W  PCAP→78W  power=78.3W
[PID] perf=26.975Hz  target=10.984Hz  err=-15.990Hz  corr=-336.54W  u_ff=117.3W  PCAP→78W  power=77.9W
[PID] perf=26.984Hz  target=10.984Hz  err=-15.999Hz  corr=-336.70W  u_ff=117.3W  PCAP→78W  power=77.3W
[PID] perf=26.967Hz  target=10.984Hz  err=-15.983Hz  corr=-336.40W  u_ff=117.3W  PCAP→78W  power=77.8W
[PID] perf=26.976Hz  target=10.984Hz  err=-15.992Hz  corr=-336.56W  u_ff=117.3W  PCAP→78W  power=76.6W
[PID] perf=26.900Hz  target=10.984Hz  err=-15.916Hz  corr=-335.15W  u_ff=117.3W  PCAP→78W  power=78.6W
[PID] perf=26.835Hz  target=10.984Hz  err=-15.850Hz  corr=-333.94W  u_ff=117.3W  PCAP→78W  power=79.0W
[PID] perf=26.858Hz  target=10.984Hz  err=-15.874Hz  corr=-334.37W  u_ff=117.3W  PCAP→78W  power=77.0W
[PID] perf=26.834Hz  target=10.984Hz  err=-15.850Hz  corr=-333.93W  u_ff=117.3W  PCAP→78W  power=77.1W
[PID] perf=26.859Hz  target=10.984Hz  err=-15.874Hz  corr=-334.39W  u_ff=117.3W  PCAP→78W  power=79.2W
[PID] perf=26.785Hz  target=10.984Hz  err=-15.800Hz  corr=-333.01W  u_ff=117.3W  PCAP→78W  power=77.1W
[PID] perf=26.813Hz  target=10.984Hz  err=-15.829Hz  corr=-333.54W  u_ff=117.3W  PCAP→78W  power=78.1W
[PID] perf=26.713Hz  target=10.984Hz  err=-15.728Hz  corr=-331.68W  u_ff=117.3W  PCAP→78W  power=77.8W
[PID] perf=26.730Hz  target=10.984Hz  err=-15.745Hz  corr=-331.99W  u_ff=117.3W  PCAP→78W  power=77.2W
[PID] perf=26.686Hz  target=10.984Hz  err=-15.701Hz  corr=-331.18W  u_ff=117.3W  PCAP→78W  power=77.6W
[PID] perf=26.768Hz  target=10.984Hz  err=-15.784Hz  corr=-332.71W  u_ff=117.3W  PCAP→78W  power=79.1W
[PID] perf=26.741Hz  target=10.984Hz  err=-15.757Hz  corr=-332.21W  u_ff=117.3W  PCAP→78W  power=78.2W
[PID] perf=26.686Hz  target=10.984Hz  err=-15.702Hz  corr=-331.19W  u_ff=117.3W  PCAP→78W  power=78.1W
[PID] perf=26.691Hz  target=10.984Hz  err=-15.707Hz  corr=-331.28W  u_ff=117.3W  PCAP→78W  power=78.1W
[PID] perf=26.923Hz  target=10.984Hz  err=-15.938Hz  corr=-335.57W  u_ff=117.3W  PCAP→78W  power=78.4W
[PID] perf=27.137Hz  target=10.984Hz  err=-16.152Hz  corr=-339.54W  u_ff=117.3W  PCAP→78W  power=79.2W
[PID] perf=27.150Hz  target=10.984Hz  err=-16.166Hz  corr=-339.78W  u_ff=117.3W  PCAP→78W  power=78.5W
[PID] perf=27.180Hz  target=10.984Hz  err=-16.195Hz  corr=-340.34W  u_ff=117.3W  PCAP→78W  power=77.5W
[PID] perf=26.758Hz  target=10.984Hz  err=-15.774Hz  corr=-332.52W  u_ff=117.3W  PCAP→78W  power=78.5W
[PID] perf=26.927Hz  target=10.984Hz  err=-15.942Hz  corr=-335.65W  u_ff=117.3W  PCAP→78W  power=77.1W
[PID] perf=26.902Hz  target=10.984Hz  err=-15.917Hz  corr=-335.18W  u_ff=117.3W  PCAP→78W  power=76.4W
[PID] perf=26.903Hz  target=10.984Hz  err=-15.919Hz  corr=-335.21W  u_ff=117.3W  PCAP→78W  power=78.6W
[PID] perf=26.910Hz  target=10.984Hz  err=-15.925Hz  corr=-335.33W  u_ff=117.3W  PCAP→78W  power=77.0W
[PID] perf=26.941Hz  target=10.984Hz  err=-15.957Hz  corr=-335.92W  u_ff=117.3W  PCAP→78W  power=79.5W
[PID] perf=26.905Hz  target=10.984Hz  err=-15.921Hz  corr=-335.24W  u_ff=117.3W  PCAP→78W  power=78.1W
[PID] perf=26.844Hz  target=10.984Hz  err=-15.859Hz  corr=-334.11W  u_ff=117.3W  PCAP→78W  power=77.2W
[PID] perf=26.892Hz  target=10.984Hz  err=-15.908Hz  corr=-335.00W  u_ff=117.3W  PCAP→78W  power=77.3W
[PID] perf=26.894Hz  target=10.984Hz  err=-15.910Hz  corr=-335.04W  u_ff=117.3W  PCAP→78W  power=77.1W
[PID] perf=26.885Hz  target=10.984Hz  err=-15.900Hz  corr=-334.87W  u_ff=117.3W  PCAP→78W  power=77.3W
[PID] perf=26.944Hz  target=10.984Hz  err=-15.959Hz  corr=-335.96W  u_ff=117.3W  PCAP→78W  power=76.3W
[PID] perf=26.868Hz  target=10.984Hz  err=-15.884Hz  corr=-334.56W  u_ff=117.3W  PCAP→78W  power=76.8W
[PID] perf=26.853Hz  target=10.984Hz  err=-15.869Hz  corr=-334.29W  u_ff=117.3W  PCAP→78W  power=77.3W
[PID] perf=26.919Hz  target=10.984Hz  err=-15.934Hz  corr=-335.50W  u_ff=117.3W  PCAP→78W  power=76.7W
[PID] perf=26.925Hz  target=10.984Hz  err=-15.940Hz  corr=-335.61W  u_ff=117.3W  PCAP→78W  power=76.3W
[PID] perf=26.873Hz  target=10.984Hz  err=-15.888Hz  corr=-334.64W  u_ff=117.3W  PCAP→78W  power=78.0W
[PID] perf=26.892Hz  target=10.984Hz  err=-15.908Hz  corr=-335.01W  u_ff=117.3W  PCAP→78W  power=78.8W
[PID] perf=26.889Hz  target=10.984Hz  err=-15.904Hz  corr=-334.94W  u_ff=117.3W  PCAP→78W  power=78.9W
[PID] perf=26.926Hz  target=10.984Hz  err=-15.942Hz  corr=-335.64W  u_ff=117.3W  PCAP→78W  power=78.3W
[PID] perf=26.968Hz  target=10.984Hz  err=-15.983Hz  corr=-336.40W  u_ff=117.3W  PCAP→78W  power=77.3W
[PID] perf=26.966Hz  target=10.984Hz  err=-15.982Hz  corr=-336.37W  u_ff=117.3W  PCAP→78W  power=77.7W
[PID] perf=26.966Hz  target=10.984Hz  err=-15.982Hz  corr=-336.37W  u_ff=117.3W  PCAP→78W  power=78.6W
[PID] perf=26.938Hz  target=10.984Hz  err=-15.954Hz  corr=-335.86W  u_ff=117.3W  PCAP→78W  power=78.7W
[PID] perf=28.646Hz  target=10.984Hz  err=-17.662Hz  corr=-367.53W  u_ff=117.3W  PCAP→78W  power=77.8W
[PID] perf=28.912Hz  target=10.984Hz  err=-17.928Hz  corr=-372.47W  u_ff=117.3W  PCAP→78W  power=77.1W
[PID] perf=28.941Hz  target=10.984Hz  err=-17.956Hz  corr=-373.00W  u_ff=117.3W  PCAP→78W  power=77.3W
[PID] perf=28.904Hz  target=10.984Hz  err=-17.920Hz  corr=-372.32W  u_ff=117.3W  PCAP→78W  power=76.5W
[PID] perf=28.911Hz  target=10.984Hz  err=-17.927Hz  corr=-372.45W  u_ff=117.3W  PCAP→78W  power=76.1W
[PID] perf=28.972Hz  target=10.984Hz  err=-17.988Hz  corr=-373.58W  u_ff=117.3W  PCAP→78W  power=77.3W
[PID] perf=28.933Hz  target=10.984Hz  err=-17.949Hz  corr=-372.86W  u_ff=117.3W  PCAP→78W  power=79.4W
[PID] perf=28.930Hz  target=10.984Hz  err=-17.945Hz  corr=-372.79W  u_ff=117.3W  PCAP→78W  power=78.6W
[PID] perf=28.967Hz  target=10.984Hz  err=-17.983Hz  corr=-373.49W  u_ff=117.3W  PCAP→78W  power=77.9W
[PID] perf=28.929Hz  target=10.984Hz  err=-17.945Hz  corr=-372.78W  u_ff=117.3W  PCAP→78W  power=76.6W
[PID] perf=28.956Hz  target=10.984Hz  err=-17.972Hz  corr=-373.28W  u_ff=117.3W  PCAP→78W  power=76.7W
[PID] perf=29.007Hz  target=10.984Hz  err=-18.022Hz  corr=-374.22W  u_ff=117.3W  PCAP→78W  power=76.9W
[PID] perf=29.003Hz  target=10.984Hz  err=-18.019Hz  corr=-374.15W  u_ff=117.3W  PCAP→78W  power=77.0W
[PID] perf=28.984Hz  target=10.984Hz  err=-18.000Hz  corr=-373.80W  u_ff=117.3W  PCAP→78W  power=79.0W
[PID] perf=28.991Hz  target=10.984Hz  err=-18.006Hz  corr=-373.92W  u_ff=117.3W  PCAP→78W  power=77.1W
[PID] perf=29.001Hz  target=10.984Hz  err=-18.017Hz  corr=-374.11W  u_ff=117.3W  PCAP→78W  power=77.0W
[PID] perf=29.016Hz  target=10.984Hz  err=-18.032Hz  corr=-374.40W  u_ff=117.3W  PCAP→78W  power=79.0W
[PID] perf=28.965Hz  target=10.984Hz  err=-17.980Hz  corr=-373.44W  u_ff=117.3W  PCAP→78W  power=78.8W
[PID] perf=28.956Hz  target=10.984Hz  err=-17.972Hz  corr=-373.28W  u_ff=117.3W  PCAP→78W  power=77.5W
[PID] perf=28.981Hz  target=10.984Hz  err=-17.997Hz  corr=-373.74W  u_ff=117.3W  PCAP→78W  power=77.6W
[PID] perf=29.016Hz  target=10.984Hz  err=-18.031Hz  corr=-374.39W  u_ff=117.3W  PCAP→78W  power=77.8W
[PID] perf=28.982Hz  target=10.984Hz  err=-17.998Hz  corr=-373.77W  u_ff=117.3W  PCAP→78W  power=77.9W
[PID] perf=29.006Hz  target=10.984Hz  err=-18.022Hz  corr=-374.21W  u_ff=117.3W  PCAP→78W  power=76.2W
[PID] perf=28.988Hz  target=10.984Hz  err=-18.004Hz  corr=-373.87W  u_ff=117.3W  PCAP→78W  power=76.9W
[PID] perf=29.017Hz  target=10.984Hz  err=-18.033Hz  corr=-374.42W  u_ff=117.3W  PCAP→78W  power=76.7W
[PID] perf=28.982Hz  target=10.984Hz  err=-17.998Hz  corr=-373.77W  u_ff=117.3W  PCAP→78W  power=76.8W
[PID] perf=29.025Hz  target=10.984Hz  err=-18.041Hz  corr=-374.56W  u_ff=117.3W  PCAP→78W  power=76.1W
[PID] perf=28.995Hz  target=10.984Hz  err=-18.010Hz  corr=-374.00W  u_ff=117.3W  PCAP→78W  power=77.3W
[PID] perf=28.997Hz  target=10.984Hz  err=-18.013Hz  corr=-374.04W  u_ff=117.3W  PCAP→78W  power=77.4W
[PID] perf=29.009Hz  target=10.984Hz  err=-18.025Hz  corr=-374.26W  u_ff=117.3W  PCAP→78W  power=76.7W
[PID] perf=29.011Hz  target=10.984Hz  err=-18.026Hz  corr=-374.29W  u_ff=117.3W  PCAP→78W  power=78.3W
[PID] perf=28.999Hz  target=10.984Hz  err=-18.015Hz  corr=-374.08W  u_ff=117.3W  PCAP→78W  power=79.4W
[PID] perf=29.025Hz  target=10.984Hz  err=-18.041Hz  corr=-374.56W  u_ff=117.3W  PCAP→78W  power=78.5W
[PID] perf=29.002Hz  target=10.984Hz  err=-18.017Hz  corr=-374.12W  u_ff=117.3W  PCAP→78W  power=76.8W
[PID] perf=29.029Hz  target=10.984Hz  err=-18.044Hz  corr=-374.63W  u_ff=117.3W  PCAP→78W  power=78.1W
[PID] perf=29.013Hz  target=10.984Hz  err=-18.028Hz  corr=-374.33W  u_ff=117.3W  PCAP→78W  power=77.7W
[PID] perf=28.918Hz  target=10.984Hz  err=-17.933Hz  corr=-372.57W  u_ff=117.3W  PCAP→78W  power=78.6W
[PID] perf=29.025Hz  target=10.984Hz  err=-18.041Hz  corr=-374.56W  u_ff=117.3W  PCAP→78W  power=78.9W
[PID] perf=29.021Hz  target=10.984Hz  err=-18.036Hz  corr=-374.48W  u_ff=117.3W  PCAP→78W  power=78.6W
[PID] perf=28.946Hz  target=10.984Hz  err=-17.961Hz  corr=-373.09W  u_ff=117.3W  PCAP→78W  power=78.9W
[PID] perf=29.035Hz  target=10.984Hz  err=-18.051Hz  corr=-374.75W  u_ff=117.3W  PCAP→78W  power=76.5W
[PID] perf=29.019Hz  target=10.984Hz  err=-18.034Hz  corr=-374.44W  u_ff=117.3W  PCAP→78W  power=77.4W
[PID] perf=29.041Hz  target=10.984Hz  err=-18.057Hz  corr=-374.86W  u_ff=117.3W  PCAP→78W  power=76.4W
[PID] perf=28.993Hz  target=10.984Hz  err=-18.009Hz  corr=-373.96W  u_ff=117.3W  PCAP→78W  power=76.6W
[PID] perf=29.008Hz  target=10.984Hz  err=-18.024Hz  corr=-374.25W  u_ff=117.3W  PCAP→78W  power=76.4W
[PID] perf=29.018Hz  target=10.984Hz  err=-18.034Hz  corr=-374.44W  u_ff=117.3W  PCAP→78W  power=76.3W
[PID] perf=28.984Hz  target=10.984Hz  err=-18.000Hz  corr=-373.80W  u_ff=117.3W  PCAP→78W  power=76.4W
[PID] perf=28.969Hz  target=10.984Hz  err=-17.985Hz  corr=-373.52W  u_ff=117.3W  PCAP→78W  power=77.1W
[PID] perf=28.991Hz  target=10.984Hz  err=-18.006Hz  corr=-373.92W  u_ff=117.3W  PCAP→78W  power=77.8W
[PID] perf=28.968Hz  target=10.984Hz  err=-17.983Hz  corr=-373.49W  u_ff=117.3W  PCAP→78W  power=78.9W
[PID] perf=28.998Hz  target=10.984Hz  err=-18.013Hz  corr=-374.05W  u_ff=117.3W  PCAP→78W  power=78.9W
[PID] perf=28.988Hz  target=10.984Hz  err=-18.004Hz  corr=-373.87W  u_ff=117.3W  PCAP→78W  power=78.2W
[PID] perf=29.013Hz  target=10.984Hz  err=-18.028Hz  corr=-374.33W  u_ff=117.3W  PCAP→78W  power=77.1W
[PID] perf=28.947Hz  target=10.984Hz  err=-17.963Hz  corr=-373.11W  u_ff=117.3W  PCAP→78W  power=76.9W
[PID] perf=29.018Hz  target=10.984Hz  err=-18.034Hz  corr=-374.43W  u_ff=117.3W  PCAP→78W  power=78.8W
[PID] perf=28.974Hz  target=10.984Hz  err=-17.990Hz  corr=-373.61W  u_ff=117.3W  PCAP→78W  power=76.6W
[PID] perf=28.923Hz  target=10.984Hz  err=-17.939Hz  corr=-372.67W  u_ff=117.3W  PCAP→78W  power=76.5W
[PID] perf=28.976Hz  target=10.984Hz  err=-17.992Hz  corr=-373.66W  u_ff=117.3W  PCAP→78W  power=79.1W
[PID] perf=28.908Hz  target=10.984Hz  err=-17.923Hz  corr=-372.38W  u_ff=117.3W  PCAP→78W  power=78.2W
[PID] perf=29.028Hz  target=10.984Hz  err=-18.044Hz  corr=-374.62W  u_ff=117.3W  PCAP→78W  power=78.8W
[PID] perf=29.010Hz  target=10.984Hz  err=-18.026Hz  corr=-374.28W  u_ff=117.3W  PCAP→78W  power=78.9W
[PID] perf=28.983Hz  target=10.984Hz  err=-17.999Hz  corr=-373.78W  u_ff=117.3W  PCAP→78W  power=78.4W
[PID] perf=28.900Hz  target=10.984Hz  err=-17.916Hz  corr=-372.24W  u_ff=117.3W  PCAP→78W  power=77.1W
[PID] perf=28.918Hz  target=10.984Hz  err=-17.933Hz  corr=-372.57W  u_ff=117.3W  PCAP→78W  power=77.3W
[PID] perf=28.940Hz  target=10.984Hz  err=-17.956Hz  corr=-372.98W  u_ff=117.3W  PCAP→78W  power=76.5W
[PID] perf=28.875Hz  target=10.984Hz  err=-17.891Hz  corr=-371.78W  u_ff=117.3W  PCAP→78W  power=77.9W
[PID] perf=28.997Hz  target=10.984Hz  err=-18.013Hz  corr=-374.05W  u_ff=117.3W  PCAP→78W  power=77.4W
[PID] perf=28.995Hz  target=10.984Hz  err=-18.011Hz  corr=-374.00W  u_ff=117.3W  PCAP→78W  power=77.6W
[PID] perf=28.999Hz  target=10.984Hz  err=-18.015Hz  corr=-374.08W  u_ff=117.3W  PCAP→78W  power=77.7W
[PID] perf=28.932Hz  target=10.984Hz  err=-17.947Hz  corr=-372.83W  u_ff=117.3W  PCAP→78W  power=78.4W
[PID] perf=28.956Hz  target=10.984Hz  err=-17.972Hz  corr=-373.28W  u_ff=117.3W  PCAP→78W  power=77.0W
[PID] perf=28.928Hz  target=10.984Hz  err=-17.944Hz  corr=-372.76W  u_ff=117.3W  PCAP→78W  power=78.9W
[PID] perf=28.949Hz  target=10.984Hz  err=-17.964Hz  corr=-373.14W  u_ff=117.3W  PCAP→78W  power=77.0W
[PID] perf=28.870Hz  target=10.984Hz  err=-17.886Hz  corr=-371.68W  u_ff=117.3W  PCAP→78W  power=77.6W
[PID] perf=28.916Hz  target=10.984Hz  err=-17.932Hz  corr=-372.53W  u_ff=117.3W  PCAP→78W  power=79.1W
[PID] perf=28.853Hz  target=10.984Hz  err=-17.868Hz  corr=-371.36W  u_ff=117.3W  PCAP→78W  power=77.5W
[PID] perf=28.882Hz  target=10.984Hz  err=-17.898Hz  corr=-371.91W  u_ff=117.3W  PCAP→78W  power=79.1W
[PID] perf=28.901Hz  target=10.984Hz  err=-17.917Hz  corr=-372.26W  u_ff=117.3W  PCAP→78W  power=78.6W
[PID] perf=28.963Hz  target=10.984Hz  err=-17.979Hz  corr=-373.41W  u_ff=117.3W  PCAP→78W  power=76.5W
[PID] perf=26.977Hz  target=10.984Hz  err=-15.992Hz  corr=-336.58W  u_ff=117.3W  PCAP→78W  power=78.0W
[PID] perf=27.012Hz  target=10.984Hz  err=-16.028Hz  corr=-337.23W  u_ff=117.3W  PCAP→78W  power=79.4W
[PID] perf=27.045Hz  target=10.984Hz  err=-16.061Hz  corr=-337.84W  u_ff=117.3W  PCAP→78W  power=78.6W
[PID] perf=27.024Hz  target=10.984Hz  err=-16.040Hz  corr=-337.45W  u_ff=117.3W  PCAP→78W  power=76.6W
[PID] perf=27.069Hz  target=10.984Hz  err=-16.084Hz  corr=-338.28W  u_ff=117.3W  PCAP→78W  power=78.0W
[PID] perf=27.088Hz  target=10.984Hz  err=-16.104Hz  corr=-338.64W  u_ff=117.3W  PCAP→78W  power=77.4W
[PID] perf=28.872Hz  target=10.984Hz  err=-17.888Hz  corr=-371.73W  u_ff=117.3W  PCAP→78W  power=76.0W
[PID] perf=28.908Hz  target=10.984Hz  err=-17.924Hz  corr=-372.39W  u_ff=117.3W  PCAP→78W  power=78.1W
[PID] perf=28.852Hz  target=10.984Hz  err=-17.868Hz  corr=-371.35W  u_ff=117.3W  PCAP→78W  power=79.4W
[PID] perf=28.909Hz  target=10.984Hz  err=-17.925Hz  corr=-372.41W  u_ff=117.3W  PCAP→78W  power=77.7W
[PID] perf=28.915Hz  target=10.984Hz  err=-17.931Hz  corr=-372.52W  u_ff=117.3W  PCAP→78W  power=79.0W
[PID] perf=28.860Hz  target=10.984Hz  err=-17.875Hz  corr=-371.49W  u_ff=117.3W  PCAP→78W  power=76.6W
[PID] perf=28.908Hz  target=10.984Hz  err=-17.924Hz  corr=-372.39W  u_ff=117.3W  PCAP→78W  power=78.6W
[PID] perf=28.899Hz  target=10.984Hz  err=-17.915Hz  corr=-372.23W  u_ff=117.3W  PCAP→78W  power=77.4W
[PID] perf=28.879Hz  target=10.984Hz  err=-17.895Hz  corr=-371.85W  u_ff=117.3W  PCAP→78W  power=78.8W
[PID] perf=28.893Hz  target=10.984Hz  err=-17.909Hz  corr=-372.12W  u_ff=117.3W  PCAP→78W  power=77.1W
[PID] perf=28.867Hz  target=10.984Hz  err=-17.882Hz  corr=-371.62W  u_ff=117.3W  PCAP→78W  power=79.5W
[PID] perf=28.989Hz  target=10.984Hz  err=-18.005Hz  corr=-373.90W  u_ff=117.3W  PCAP→78W  power=78.1W
[PID] perf=28.921Hz  target=10.984Hz  err=-17.937Hz  corr=-372.64W  u_ff=117.3W  PCAP→78W  power=77.9W
[PID] perf=28.923Hz  target=10.984Hz  err=-17.939Hz  corr=-372.67W  u_ff=117.3W  PCAP→78W  power=77.6W
[PID] perf=28.961Hz  target=10.984Hz  err=-17.977Hz  corr=-373.38W  u_ff=117.3W  PCAP→78W  power=77.1W
[PID] perf=28.957Hz  target=10.984Hz  err=-17.972Hz  corr=-373.29W  u_ff=117.3W  PCAP→78W  power=79.0W
[PID] perf=28.919Hz  target=10.984Hz  err=-17.934Hz  corr=-372.59W  u_ff=117.3W  PCAP→78W  power=78.1W
[PID] perf=28.900Hz  target=10.984Hz  err=-17.916Hz  corr=-372.24W  u_ff=117.3W  PCAP→78W  power=78.8W
[PID] perf=28.900Hz  target=10.984Hz  err=-17.916Hz  corr=-372.25W  u_ff=117.3W  PCAP→78W  power=78.7W
Process completed.
Compressed into /home/cc/summer2024/main_codes/pid_controller/../experiment_data/PID_Control_sweep/ones-npb-cg/compressed_iteration_20260513_144232.tar
----------------------------------
