
>>> Step 1/3

[ones-npb-cg]
  target perf      : 9.1017 Hz
  coefficients_perf: [-0.0006547837485238978, 0.18607436314256556, -1.8317688501798497]
  feedforward PCAP : 83.00 W  →  83 W (snapped)
  Perf(u_ff) check : 9.1017 Hz  (should ≈ target)
  PID gains        : Kp=18.5447 W/Hz  Ki=1.85447 W/(Hz·s)  Kd=0.0000
[PID] Awaiting data — feedforward PCAP=83W
[PID] Awaiting data — feedforward PCAP=83W
[PID] Awaiting data — feedforward PCAP=83W
[PID] Awaiting data — feedforward PCAP=83W
[PID] Awaiting data — feedforward PCAP=83W
[PID] Awaiting data — feedforward PCAP=83W
[PID] perf=18.675Hz  target=9.102Hz  err=-9.573Hz  corr=-213.04W  u_ff=83.0W  PCAP→78W  power=nanW
[PID] perf=18.084Hz  target=9.102Hz  err=-8.983Hz  corr=-206.58W  u_ff=83.0W  PCAP→78W  power=78.0W
[PID] perf=18.121Hz  target=9.102Hz  err=-9.020Hz  corr=-207.27W  u_ff=83.0W  PCAP→78W  power=77.5W
[PID] perf=18.080Hz  target=9.102Hz  err=-8.978Hz  corr=-206.49W  u_ff=83.0W  PCAP→78W  power=78.6W
[PID] perf=18.147Hz  target=9.102Hz  err=-9.045Hz  corr=-207.74W  u_ff=83.0W  PCAP→78W  power=76.2W
[PID] perf=18.113Hz  target=9.102Hz  err=-9.012Hz  corr=-207.12W  u_ff=83.0W  PCAP→78W  power=78.2W
[PID] perf=18.126Hz  target=9.102Hz  err=-9.025Hz  corr=-207.36W  u_ff=83.0W  PCAP→78W  power=76.7W
[PID] perf=18.128Hz  target=9.102Hz  err=-9.026Hz  corr=-207.39W  u_ff=83.0W  PCAP→78W  power=76.5W
[PID] perf=18.142Hz  target=9.102Hz  err=-9.040Hz  corr=-207.64W  u_ff=83.0W  PCAP→78W  power=78.7W
[PID] perf=18.119Hz  target=9.102Hz  err=-9.018Hz  corr=-207.23W  u_ff=83.0W  PCAP→78W  power=77.0W
[PID] perf=18.135Hz  target=9.102Hz  err=-9.033Hz  corr=-207.52W  u_ff=83.0W  PCAP→78W  power=76.5W
[PID] perf=18.126Hz  target=9.102Hz  err=-9.025Hz  corr=-207.36W  u_ff=83.0W  PCAP→78W  power=77.9W
[PID] perf=18.158Hz  target=9.102Hz  err=-9.056Hz  corr=-207.94W  u_ff=83.0W  PCAP→78W  power=77.8W
[PID] perf=18.146Hz  target=9.102Hz  err=-9.044Hz  corr=-207.72W  u_ff=83.0W  PCAP→78W  power=76.7W
[PID] perf=18.143Hz  target=9.102Hz  err=-9.041Hz  corr=-207.66W  u_ff=83.0W  PCAP→78W  power=77.2W
[PID] perf=18.158Hz  target=9.102Hz  err=-9.057Hz  corr=-207.95W  u_ff=83.0W  PCAP→78W  power=78.3W
[PID] perf=18.149Hz  target=9.102Hz  err=-9.047Hz  corr=-207.77W  u_ff=83.0W  PCAP→78W  power=76.5W
[PID] perf=18.163Hz  target=9.102Hz  err=-9.061Hz  corr=-208.03W  u_ff=83.0W  PCAP→78W  power=78.6W
[PID] perf=18.130Hz  target=9.102Hz  err=-9.028Hz  corr=-207.42W  u_ff=83.0W  PCAP→78W  power=78.0W
[PID] perf=18.154Hz  target=9.102Hz  err=-9.053Hz  corr=-207.88W  u_ff=83.0W  PCAP→78W  power=77.7W
[PID] perf=18.131Hz  target=9.102Hz  err=-9.029Hz  corr=-207.45W  u_ff=83.0W  PCAP→78W  power=78.1W
[PID] perf=18.123Hz  target=9.102Hz  err=-9.021Hz  corr=-207.29W  u_ff=83.0W  PCAP→78W  power=76.6W
[PID] perf=18.127Hz  target=9.102Hz  err=-9.026Hz  corr=-207.38W  u_ff=83.0W  PCAP→78W  power=77.3W
[PID] perf=18.134Hz  target=9.102Hz  err=-9.033Hz  corr=-207.51W  u_ff=83.0W  PCAP→78W  power=78.4W
[PID] perf=18.126Hz  target=9.102Hz  err=-9.024Hz  corr=-207.35W  u_ff=83.0W  PCAP→78W  power=78.5W
[PID] perf=18.116Hz  target=9.102Hz  err=-9.014Hz  corr=-207.17W  u_ff=83.0W  PCAP→78W  power=77.2W
[PID] perf=18.065Hz  target=9.102Hz  err=-8.963Hz  corr=-206.22W  u_ff=83.0W  PCAP→78W  power=78.0W
[PID] perf=18.025Hz  target=9.102Hz  err=-8.923Hz  corr=-205.48W  u_ff=83.0W  PCAP→78W  power=78.8W
[PID] perf=18.072Hz  target=9.102Hz  err=-8.970Hz  corr=-206.35W  u_ff=83.0W  PCAP→78W  power=78.5W
[PID] perf=18.067Hz  target=9.102Hz  err=-8.965Hz  corr=-206.25W  u_ff=83.0W  PCAP→78W  power=77.8W
[PID] perf=18.077Hz  target=9.102Hz  err=-8.975Hz  corr=-206.44W  u_ff=83.0W  PCAP→78W  power=77.5W
[PID] perf=18.110Hz  target=9.102Hz  err=-9.009Hz  corr=-207.06W  u_ff=83.0W  PCAP→78W  power=77.5W
[PID] perf=18.135Hz  target=9.102Hz  err=-9.033Hz  corr=-207.51W  u_ff=83.0W  PCAP→78W  power=76.8W
[PID] perf=18.151Hz  target=9.102Hz  err=-9.050Hz  corr=-207.82W  u_ff=83.0W  PCAP→78W  power=78.2W
[PID] perf=18.161Hz  target=9.102Hz  err=-9.059Hz  corr=-208.00W  u_ff=83.0W  PCAP→78W  power=77.5W
[PID] perf=18.154Hz  target=9.102Hz  err=-9.052Hz  corr=-207.87W  u_ff=83.0W  PCAP→78W  power=78.7W
[PID] perf=18.156Hz  target=9.102Hz  err=-9.055Hz  corr=-207.91W  u_ff=83.0W  PCAP→78W  power=78.7W
[PID] perf=18.134Hz  target=9.102Hz  err=-9.032Hz  corr=-207.50W  u_ff=83.0W  PCAP→78W  power=77.3W
[PID] perf=18.154Hz  target=9.102Hz  err=-9.052Hz  corr=-207.86W  u_ff=83.0W  PCAP→78W  power=76.8W
[PID] perf=18.150Hz  target=9.102Hz  err=-9.048Hz  corr=-207.79W  u_ff=83.0W  PCAP→78W  power=77.1W
[PID] perf=18.152Hz  target=9.102Hz  err=-9.050Hz  corr=-207.83W  u_ff=83.0W  PCAP→78W  power=76.6W
[PID] perf=18.135Hz  target=9.102Hz  err=-9.034Hz  corr=-207.53W  u_ff=83.0W  PCAP→78W  power=78.2W
[PID] perf=18.129Hz  target=9.102Hz  err=-9.028Hz  corr=-207.41W  u_ff=83.0W  PCAP→78W  power=78.7W
[PID] perf=18.124Hz  target=9.102Hz  err=-9.022Hz  corr=-207.31W  u_ff=83.0W  PCAP→78W  power=78.8W
[PID] perf=18.093Hz  target=9.102Hz  err=-8.991Hz  corr=-206.74W  u_ff=83.0W  PCAP→78W  power=77.4W
[PID] perf=18.126Hz  target=9.102Hz  err=-9.025Hz  corr=-207.36W  u_ff=83.0W  PCAP→78W  power=79.6W
[PID] perf=18.113Hz  target=9.102Hz  err=-9.012Hz  corr=-207.12W  u_ff=83.0W  PCAP→78W  power=78.5W
[PID] perf=18.027Hz  target=9.102Hz  err=-8.925Hz  corr=-205.51W  u_ff=83.0W  PCAP→78W  power=77.3W
[PID] perf=18.147Hz  target=9.102Hz  err=-9.046Hz  corr=-207.75W  u_ff=83.0W  PCAP→78W  power=79.2W
[PID] perf=18.135Hz  target=9.102Hz  err=-9.033Hz  corr=-207.51W  u_ff=83.0W  PCAP→78W  power=78.0W
[PID] perf=18.157Hz  target=9.102Hz  err=-9.055Hz  corr=-207.92W  u_ff=83.0W  PCAP→78W  power=76.4W
[PID] perf=18.140Hz  target=9.102Hz  err=-9.038Hz  corr=-207.62W  u_ff=83.0W  PCAP→78W  power=76.8W
[PID] perf=18.127Hz  target=9.102Hz  err=-9.025Hz  corr=-207.37W  u_ff=83.0W  PCAP→78W  power=77.6W
[PID] perf=24.177Hz  target=9.102Hz  err=-15.075Hz  corr=-319.56W  u_ff=83.0W  PCAP→78W  power=78.6W
[PID] perf=27.646Hz  target=9.102Hz  err=-18.544Hz  corr=-383.89W  u_ff=83.0W  PCAP→78W  power=79.3W
[PID] perf=27.934Hz  target=9.102Hz  err=-18.833Hz  corr=-389.24W  u_ff=83.0W  PCAP→78W  power=77.4W
[PID] perf=27.948Hz  target=9.102Hz  err=-18.846Hz  corr=-389.49W  u_ff=83.0W  PCAP→78W  power=77.9W
[PID] perf=27.972Hz  target=9.102Hz  err=-18.870Hz  corr=-389.94W  u_ff=83.0W  PCAP→78W  power=77.1W
[PID] perf=27.947Hz  target=9.102Hz  err=-18.845Hz  corr=-389.47W  u_ff=83.0W  PCAP→78W  power=76.7W
[PID] perf=27.914Hz  target=9.102Hz  err=-18.812Hz  corr=-388.86W  u_ff=83.0W  PCAP→78W  power=77.6W
[PID] perf=27.934Hz  target=9.102Hz  err=-18.832Hz  corr=-389.24W  u_ff=83.0W  PCAP→78W  power=77.6W
[PID] perf=27.962Hz  target=9.102Hz  err=-18.861Hz  corr=-389.76W  u_ff=83.0W  PCAP→78W  power=77.2W
[PID] perf=27.960Hz  target=9.102Hz  err=-18.858Hz  corr=-389.72W  u_ff=83.0W  PCAP→78W  power=78.3W
[PID] perf=27.929Hz  target=9.102Hz  err=-18.827Hz  corr=-389.14W  u_ff=83.0W  PCAP→78W  power=78.6W
[PID] perf=27.923Hz  target=9.102Hz  err=-18.821Hz  corr=-389.02W  u_ff=83.0W  PCAP→78W  power=78.4W
[PID] perf=27.930Hz  target=9.102Hz  err=-18.828Hz  corr=-389.16W  u_ff=83.0W  PCAP→78W  power=77.9W
[PID] perf=27.898Hz  target=9.102Hz  err=-18.796Hz  corr=-388.57W  u_ff=83.0W  PCAP→78W  power=77.8W
[PID] perf=27.940Hz  target=9.102Hz  err=-18.839Hz  corr=-389.36W  u_ff=83.0W  PCAP→78W  power=76.8W
[PID] perf=27.887Hz  target=9.102Hz  err=-18.785Hz  corr=-388.36W  u_ff=83.0W  PCAP→78W  power=79.4W
[PID] perf=27.905Hz  target=9.102Hz  err=-18.803Hz  corr=-388.70W  u_ff=83.0W  PCAP→78W  power=77.6W
[PID] perf=27.911Hz  target=9.102Hz  err=-18.810Hz  corr=-388.82W  u_ff=83.0W  PCAP→78W  power=79.1W
[PID] perf=27.917Hz  target=9.102Hz  err=-18.815Hz  corr=-388.92W  u_ff=83.0W  PCAP→78W  power=77.5W
[PID] perf=27.927Hz  target=9.102Hz  err=-18.826Hz  corr=-389.11W  u_ff=83.0W  PCAP→78W  power=76.6W
[PID] perf=27.904Hz  target=9.102Hz  err=-18.802Hz  corr=-388.68W  u_ff=83.0W  PCAP→78W  power=76.4W
[PID] perf=27.240Hz  target=9.102Hz  err=-18.138Hz  corr=-376.37W  u_ff=83.0W  PCAP→78W  power=77.2W
[PID] perf=27.144Hz  target=9.102Hz  err=-18.042Hz  corr=-374.58W  u_ff=83.0W  PCAP→78W  power=77.9W
[PID] perf=27.221Hz  target=9.102Hz  err=-18.119Hz  corr=-376.02W  u_ff=83.0W  PCAP→78W  power=77.8W
[PID] perf=27.217Hz  target=9.102Hz  err=-18.115Hz  corr=-375.94W  u_ff=83.0W  PCAP→78W  power=77.0W
[PID] perf=27.238Hz  target=9.102Hz  err=-18.136Hz  corr=-376.32W  u_ff=83.0W  PCAP→78W  power=77.0W
[PID] perf=27.882Hz  target=9.102Hz  err=-18.781Hz  corr=-388.28W  u_ff=83.0W  PCAP→78W  power=78.5W
[PID] perf=27.905Hz  target=9.102Hz  err=-18.803Hz  corr=-388.70W  u_ff=83.0W  PCAP→78W  power=78.6W
[PID] perf=27.860Hz  target=9.102Hz  err=-18.758Hz  corr=-387.86W  u_ff=83.0W  PCAP→78W  power=79.0W
[PID] perf=27.858Hz  target=9.102Hz  err=-18.756Hz  corr=-387.83W  u_ff=83.0W  PCAP→78W  power=79.0W
[PID] perf=27.864Hz  target=9.102Hz  err=-18.763Hz  corr=-387.95W  u_ff=83.0W  PCAP→78W  power=77.5W
[PID] perf=27.852Hz  target=9.102Hz  err=-18.750Hz  corr=-387.71W  u_ff=83.0W  PCAP→78W  power=78.4W
[PID] perf=27.870Hz  target=9.102Hz  err=-18.768Hz  corr=-388.05W  u_ff=83.0W  PCAP→78W  power=78.0W
[PID] perf=27.870Hz  target=9.102Hz  err=-18.769Hz  corr=-388.06W  u_ff=83.0W  PCAP→78W  power=77.2W
[PID] perf=26.826Hz  target=9.102Hz  err=-17.725Hz  corr=-368.70W  u_ff=83.0W  PCAP→78W  power=78.5W
[PID] perf=26.916Hz  target=9.102Hz  err=-17.815Hz  corr=-370.37W  u_ff=83.0W  PCAP→78W  power=78.7W
[PID] perf=26.876Hz  target=9.102Hz  err=-17.774Hz  corr=-369.62W  u_ff=83.0W  PCAP→78W  power=78.5W
[PID] perf=26.923Hz  target=9.102Hz  err=-17.822Hz  corr=-370.50W  u_ff=83.0W  PCAP→78W  power=78.2W
[PID] perf=26.932Hz  target=9.102Hz  err=-17.831Hz  corr=-370.66W  u_ff=83.0W  PCAP→78W  power=78.0W
[PID] perf=26.971Hz  target=9.102Hz  err=-17.869Hz  corr=-371.37W  u_ff=83.0W  PCAP→78W  power=76.8W
[PID] perf=26.937Hz  target=9.102Hz  err=-17.835Hz  corr=-370.75W  u_ff=83.0W  PCAP→78W  power=78.6W
[PID] perf=26.950Hz  target=9.102Hz  err=-17.849Hz  corr=-371.00W  u_ff=83.0W  PCAP→78W  power=76.5W
[PID] perf=26.898Hz  target=9.102Hz  err=-17.796Hz  corr=-370.02W  u_ff=83.0W  PCAP→78W  power=78.5W
[PID] perf=26.936Hz  target=9.102Hz  err=-17.834Hz  corr=-370.73W  u_ff=83.0W  PCAP→78W  power=78.2W
[PID] perf=26.945Hz  target=9.102Hz  err=-17.843Hz  corr=-370.90W  u_ff=83.0W  PCAP→78W  power=77.8W
[PID] perf=26.921Hz  target=9.102Hz  err=-17.819Hz  corr=-370.45W  u_ff=83.0W  PCAP→78W  power=78.8W
[PID] perf=27.042Hz  target=9.102Hz  err=-17.940Hz  corr=-372.69W  u_ff=83.0W  PCAP→78W  power=78.8W
[PID] perf=26.971Hz  target=9.102Hz  err=-17.869Hz  corr=-371.37W  u_ff=83.0W  PCAP→78W  power=77.5W
[PID] perf=26.946Hz  target=9.102Hz  err=-17.844Hz  corr=-370.91W  u_ff=83.0W  PCAP→78W  power=77.3W
[PID] perf=26.942Hz  target=9.102Hz  err=-17.840Hz  corr=-370.85W  u_ff=83.0W  PCAP→78W  power=78.2W
[PID] perf=26.957Hz  target=9.102Hz  err=-17.855Hz  corr=-371.12W  u_ff=83.0W  PCAP→78W  power=77.1W
[PID] perf=26.937Hz  target=9.102Hz  err=-17.835Hz  corr=-370.74W  u_ff=83.0W  PCAP→78W  power=76.8W
[PID] perf=26.977Hz  target=9.102Hz  err=-17.875Hz  corr=-371.48W  u_ff=83.0W  PCAP→78W  power=76.4W
[PID] perf=26.971Hz  target=9.102Hz  err=-17.869Hz  corr=-371.38W  u_ff=83.0W  PCAP→78W  power=79.0W
[PID] perf=26.932Hz  target=9.102Hz  err=-17.830Hz  corr=-370.65W  u_ff=83.0W  PCAP→78W  power=79.0W
[PID] perf=26.942Hz  target=9.102Hz  err=-17.840Hz  corr=-370.84W  u_ff=83.0W  PCAP→78W  power=79.0W
[PID] perf=26.949Hz  target=9.102Hz  err=-17.847Hz  corr=-370.96W  u_ff=83.0W  PCAP→78W  power=77.8W
[PID] perf=26.962Hz  target=9.102Hz  err=-17.860Hz  corr=-371.22W  u_ff=83.0W  PCAP→78W  power=77.4W
[PID] perf=26.934Hz  target=9.102Hz  err=-17.833Hz  corr=-370.70W  u_ff=83.0W  PCAP→78W  power=76.3W
[PID] perf=26.960Hz  target=9.102Hz  err=-17.858Hz  corr=-371.18W  u_ff=83.0W  PCAP→78W  power=76.5W
[PID] perf=26.953Hz  target=9.102Hz  err=-17.851Hz  corr=-371.04W  u_ff=83.0W  PCAP→78W  power=79.2W
[PID] perf=26.944Hz  target=9.102Hz  err=-17.842Hz  corr=-370.88W  u_ff=83.0W  PCAP→78W  power=79.2W
[PID] perf=26.949Hz  target=9.102Hz  err=-17.847Hz  corr=-370.98W  u_ff=83.0W  PCAP→78W  power=77.2W
[PID] perf=26.964Hz  target=9.102Hz  err=-17.863Hz  corr=-371.26W  u_ff=83.0W  PCAP→78W  power=76.4W
[PID] perf=26.950Hz  target=9.102Hz  err=-17.848Hz  corr=-370.99W  u_ff=83.0W  PCAP→78W  power=77.1W
[PID] perf=26.957Hz  target=9.102Hz  err=-17.856Hz  corr=-371.13W  u_ff=83.0W  PCAP→78W  power=77.6W
[PID] perf=26.987Hz  target=9.102Hz  err=-17.886Hz  corr=-371.68W  u_ff=83.0W  PCAP→78W  power=79.3W
[PID] perf=26.945Hz  target=9.102Hz  err=-17.843Hz  corr=-370.89W  u_ff=83.0W  PCAP→78W  power=77.6W
[PID] perf=26.904Hz  target=9.102Hz  err=-17.802Hz  corr=-370.14W  u_ff=83.0W  PCAP→78W  power=78.4W
[PID] perf=26.994Hz  target=9.102Hz  err=-17.892Hz  corr=-371.81W  u_ff=83.0W  PCAP→78W  power=77.5W
[PID] perf=26.971Hz  target=9.102Hz  err=-17.869Hz  corr=-371.37W  u_ff=83.0W  PCAP→78W  power=78.7W
[PID] perf=26.973Hz  target=9.102Hz  err=-17.871Hz  corr=-371.41W  u_ff=83.0W  PCAP→78W  power=77.2W
[PID] perf=26.943Hz  target=9.102Hz  err=-17.841Hz  corr=-370.86W  u_ff=83.0W  PCAP→78W  power=77.3W
[PID] perf=26.996Hz  target=9.102Hz  err=-17.894Hz  corr=-371.84W  u_ff=83.0W  PCAP→78W  power=78.6W
[PID] perf=26.994Hz  target=9.102Hz  err=-17.892Hz  corr=-371.80W  u_ff=83.0W  PCAP→78W  power=79.2W
[PID] perf=26.987Hz  target=9.102Hz  err=-17.885Hz  corr=-371.68W  u_ff=83.0W  PCAP→78W  power=78.2W
[PID] perf=26.967Hz  target=9.102Hz  err=-17.865Hz  corr=-371.30W  u_ff=83.0W  PCAP→78W  power=76.4W
[PID] perf=27.015Hz  target=9.102Hz  err=-17.913Hz  corr=-372.19W  u_ff=83.0W  PCAP→78W  power=77.9W
[PID] perf=26.945Hz  target=9.102Hz  err=-17.843Hz  corr=-370.90W  u_ff=83.0W  PCAP→78W  power=77.4W
[PID] perf=26.964Hz  target=9.102Hz  err=-17.862Hz  corr=-371.25W  u_ff=83.0W  PCAP→78W  power=76.9W
[PID] perf=26.971Hz  target=9.102Hz  err=-17.870Hz  corr=-371.39W  u_ff=83.0W  PCAP→78W  power=78.9W
[PID] perf=26.983Hz  target=9.102Hz  err=-17.881Hz  corr=-371.60W  u_ff=83.0W  PCAP→78W  power=79.0W
[PID] perf=26.970Hz  target=9.102Hz  err=-17.869Hz  corr=-371.37W  u_ff=83.0W  PCAP→78W  power=77.8W
[PID] perf=26.975Hz  target=9.102Hz  err=-17.873Hz  corr=-371.45W  u_ff=83.0W  PCAP→78W  power=76.9W
[PID] perf=26.979Hz  target=9.102Hz  err=-17.877Hz  corr=-371.52W  u_ff=83.0W  PCAP→78W  power=76.6W
[PID] perf=26.974Hz  target=9.102Hz  err=-17.872Hz  corr=-371.43W  u_ff=83.0W  PCAP→78W  power=77.6W
[PID] perf=26.964Hz  target=9.102Hz  err=-17.862Hz  corr=-371.25W  u_ff=83.0W  PCAP→78W  power=78.6W
[PID] perf=26.982Hz  target=9.102Hz  err=-17.881Hz  corr=-371.59W  u_ff=83.0W  PCAP→78W  power=78.3W
[PID] perf=26.961Hz  target=9.102Hz  err=-17.859Hz  corr=-371.19W  u_ff=83.0W  PCAP→78W  power=77.1W
[PID] perf=26.974Hz  target=9.102Hz  err=-17.872Hz  corr=-371.44W  u_ff=83.0W  PCAP→78W  power=78.8W
[PID] perf=26.975Hz  target=9.102Hz  err=-17.873Hz  corr=-371.46W  u_ff=83.0W  PCAP→78W  power=78.3W
[PID] perf=26.968Hz  target=9.102Hz  err=-17.866Hz  corr=-371.32W  u_ff=83.0W  PCAP→78W  power=76.5W
[PID] perf=26.968Hz  target=9.102Hz  err=-17.866Hz  corr=-371.32W  u_ff=83.0W  PCAP→78W  power=79.4W
[PID] perf=26.977Hz  target=9.102Hz  err=-17.876Hz  corr=-371.50W  u_ff=83.0W  PCAP→78W  power=78.1W
[PID] perf=25.152Hz  target=9.102Hz  err=-16.051Hz  corr=-337.66W  u_ff=83.0W  PCAP→78W  power=77.5W
[PID] perf=25.268Hz  target=9.102Hz  err=-16.166Hz  corr=-339.79W  u_ff=83.0W  PCAP→78W  power=78.2W
[PID] perf=25.555Hz  target=9.102Hz  err=-16.453Hz  corr=-345.12W  u_ff=83.0W  PCAP→78W  power=77.8W
[PID] perf=25.337Hz  target=9.102Hz  err=-16.235Hz  corr=-341.07W  u_ff=83.0W  PCAP→78W  power=77.6W
[PID] perf=25.335Hz  target=9.102Hz  err=-16.234Hz  corr=-341.05W  u_ff=83.0W  PCAP→78W  power=78.9W
[PID] perf=25.336Hz  target=9.102Hz  err=-16.234Hz  corr=-341.06W  u_ff=83.0W  PCAP→78W  power=76.8W
[PID] perf=25.328Hz  target=9.102Hz  err=-16.226Hz  corr=-340.91W  u_ff=83.0W  PCAP→78W  power=77.8W
[PID] perf=25.300Hz  target=9.102Hz  err=-16.198Hz  corr=-340.39W  u_ff=83.0W  PCAP→78W  power=77.7W
[PID] perf=25.312Hz  target=9.102Hz  err=-16.211Hz  corr=-340.62W  u_ff=83.0W  PCAP→78W  power=79.1W
[PID] perf=25.316Hz  target=9.102Hz  err=-16.214Hz  corr=-340.69W  u_ff=83.0W  PCAP→78W  power=77.1W
[PID] perf=25.312Hz  target=9.102Hz  err=-16.210Hz  corr=-340.62W  u_ff=83.0W  PCAP→78W  power=78.1W
[PID] perf=25.310Hz  target=9.102Hz  err=-16.209Hz  corr=-340.59W  u_ff=83.0W  PCAP→78W  power=78.2W
[PID] perf=25.285Hz  target=9.102Hz  err=-16.183Hz  corr=-340.12W  u_ff=83.0W  PCAP→78W  power=76.3W
[PID] perf=25.310Hz  target=9.102Hz  err=-16.208Hz  corr=-340.57W  u_ff=83.0W  PCAP→78W  power=77.6W
[PID] perf=25.324Hz  target=9.102Hz  err=-16.223Hz  corr=-340.84W  u_ff=83.0W  PCAP→78W  power=77.7W
[PID] perf=25.306Hz  target=9.102Hz  err=-16.204Hz  corr=-340.50W  u_ff=83.0W  PCAP→78W  power=76.8W
[PID] perf=25.346Hz  target=9.102Hz  err=-16.244Hz  corr=-341.24W  u_ff=83.0W  PCAP→78W  power=76.9W
[PID] perf=25.312Hz  target=9.102Hz  err=-16.210Hz  corr=-340.61W  u_ff=83.0W  PCAP→78W  power=77.0W
[PID] perf=25.318Hz  target=9.102Hz  err=-16.216Hz  corr=-340.73W  u_ff=83.0W  PCAP→78W  power=77.3W
[PID] perf=25.763Hz  target=9.102Hz  err=-16.661Hz  corr=-348.98W  u_ff=83.0W  PCAP→78W  power=78.6W
[PID] perf=25.889Hz  target=9.102Hz  err=-16.787Hz  corr=-351.32W  u_ff=83.0W  PCAP→78W  power=78.8W
[PID] perf=25.930Hz  target=9.102Hz  err=-16.828Hz  corr=-352.08W  u_ff=83.0W  PCAP→78W  power=78.3W
[PID] perf=25.894Hz  target=9.102Hz  err=-16.792Hz  corr=-351.40W  u_ff=83.0W  PCAP→78W  power=78.2W
[PID] perf=25.910Hz  target=9.102Hz  err=-16.808Hz  corr=-351.70W  u_ff=83.0W  PCAP→78W  power=78.8W
[PID] perf=25.900Hz  target=9.102Hz  err=-16.799Hz  corr=-351.52W  u_ff=83.0W  PCAP→78W  power=77.9W
[PID] perf=25.918Hz  target=9.102Hz  err=-16.816Hz  corr=-351.85W  u_ff=83.0W  PCAP→78W  power=78.6W
[PID] perf=25.936Hz  target=9.102Hz  err=-16.834Hz  corr=-352.19W  u_ff=83.0W  PCAP→78W  power=77.3W
[PID] perf=25.901Hz  target=9.102Hz  err=-16.800Hz  corr=-351.55W  u_ff=83.0W  PCAP→78W  power=77.7W
[PID] perf=25.978Hz  target=9.102Hz  err=-16.877Hz  corr=-352.97W  u_ff=83.0W  PCAP→78W  power=77.3W
[PID] perf=25.981Hz  target=9.102Hz  err=-16.879Hz  corr=-353.02W  u_ff=83.0W  PCAP→78W  power=77.6W
[PID] perf=25.949Hz  target=9.102Hz  err=-16.847Hz  corr=-352.42W  u_ff=83.0W  PCAP→78W  power=78.6W
[PID] perf=25.949Hz  target=9.102Hz  err=-16.847Hz  corr=-352.43W  u_ff=83.0W  PCAP→78W  power=77.5W
[PID] perf=25.974Hz  target=9.102Hz  err=-16.873Hz  corr=-352.90W  u_ff=83.0W  PCAP→78W  power=79.1W
[PID] perf=25.938Hz  target=9.102Hz  err=-16.836Hz  corr=-352.23W  u_ff=83.0W  PCAP→78W  power=78.3W
[PID] perf=25.964Hz  target=9.102Hz  err=-16.862Hz  corr=-352.70W  u_ff=83.0W  PCAP→78W  power=78.0W
[PID] perf=25.995Hz  target=9.102Hz  err=-16.893Hz  corr=-353.27W  u_ff=83.0W  PCAP→78W  power=78.7W
[PID] perf=25.958Hz  target=9.102Hz  err=-16.856Hz  corr=-352.59W  u_ff=83.0W  PCAP→78W  power=77.0W
[PID] perf=25.972Hz  target=9.102Hz  err=-16.870Hz  corr=-352.85W  u_ff=83.0W  PCAP→78W  power=76.2W
[PID] perf=25.943Hz  target=9.102Hz  err=-16.842Hz  corr=-352.32W  u_ff=83.0W  PCAP→78W  power=79.0W
[PID] perf=25.942Hz  target=9.102Hz  err=-16.840Hz  corr=-352.30W  u_ff=83.0W  PCAP→78W  power=77.0W
[PID] perf=25.977Hz  target=9.102Hz  err=-16.876Hz  corr=-352.95W  u_ff=83.0W  PCAP→78W  power=76.5W
[PID] perf=25.949Hz  target=9.102Hz  err=-16.848Hz  corr=-352.44W  u_ff=83.0W  PCAP→78W  power=78.1W
[PID] perf=25.946Hz  target=9.102Hz  err=-16.844Hz  corr=-352.37W  u_ff=83.0W  PCAP→78W  power=79.1W
[PID] perf=25.928Hz  target=9.102Hz  err=-16.826Hz  corr=-352.04W  u_ff=83.0W  PCAP→78W  power=78.7W
[PID] perf=26.324Hz  target=9.102Hz  err=-17.222Hz  corr=-359.38W  u_ff=83.0W  PCAP→78W  power=79.3W
[PID] perf=26.363Hz  target=9.102Hz  err=-17.261Hz  corr=-360.10W  u_ff=83.0W  PCAP→78W  power=79.5W
[PID] perf=26.407Hz  target=9.102Hz  err=-17.305Hz  corr=-360.91W  u_ff=83.0W  PCAP→78W  power=77.4W
[PID] perf=26.416Hz  target=9.102Hz  err=-17.314Hz  corr=-361.08W  u_ff=83.0W  PCAP→78W  power=77.5W
[PID] perf=26.414Hz  target=9.102Hz  err=-17.312Hz  corr=-361.05W  u_ff=83.0W  PCAP→78W  power=76.7W
[PID] perf=26.438Hz  target=9.102Hz  err=-17.336Hz  corr=-361.49W  u_ff=83.0W  PCAP→78W  power=77.6W
[PID] perf=26.454Hz  target=9.102Hz  err=-17.352Hz  corr=-361.79W  u_ff=83.0W  PCAP→78W  power=79.1W
[PID] perf=26.432Hz  target=9.102Hz  err=-17.330Hz  corr=-361.38W  u_ff=83.0W  PCAP→78W  power=78.7W
[PID] perf=26.409Hz  target=9.102Hz  err=-17.308Hz  corr=-360.96W  u_ff=83.0W  PCAP→78W  power=77.2W
[PID] perf=26.407Hz  target=9.102Hz  err=-17.306Hz  corr=-360.93W  u_ff=83.0W  PCAP→78W  power=77.2W
[PID] perf=26.410Hz  target=9.102Hz  err=-17.308Hz  corr=-360.98W  u_ff=83.0W  PCAP→78W  power=77.9W
[PID] perf=26.421Hz  target=9.102Hz  err=-17.319Hz  corr=-361.18W  u_ff=83.0W  PCAP→78W  power=76.3W
[PID] perf=26.398Hz  target=9.102Hz  err=-17.297Hz  corr=-360.76W  u_ff=83.0W  PCAP→78W  power=78.3W
[PID] perf=26.401Hz  target=9.102Hz  err=-17.299Hz  corr=-360.81W  u_ff=83.0W  PCAP→78W  power=78.6W
[PID] perf=26.230Hz  target=9.102Hz  err=-17.128Hz  corr=-357.64W  u_ff=83.0W  PCAP→78W  power=77.7W
[PID] perf=26.980Hz  target=9.102Hz  err=-17.878Hz  corr=-371.55W  u_ff=83.0W  PCAP→78W  power=77.4W
[PID] perf=26.938Hz  target=9.102Hz  err=-17.836Hz  corr=-370.76W  u_ff=83.0W  PCAP→78W  power=77.4W
[PID] perf=26.984Hz  target=9.102Hz  err=-17.882Hz  corr=-371.62W  u_ff=83.0W  PCAP→78W  power=79.5W
[PID] perf=26.976Hz  target=9.102Hz  err=-17.875Hz  corr=-371.48W  u_ff=83.0W  PCAP→78W  power=78.4W
[PID] perf=26.967Hz  target=9.102Hz  err=-17.865Hz  corr=-371.30W  u_ff=83.0W  PCAP→78W  power=78.5W
[PID] perf=26.964Hz  target=9.102Hz  err=-17.863Hz  corr=-371.26W  u_ff=83.0W  PCAP→78W  power=79.0W
[PID] perf=26.999Hz  target=9.102Hz  err=-17.897Hz  corr=-371.90W  u_ff=83.0W  PCAP→78W  power=79.3W
[PID] perf=26.988Hz  target=9.102Hz  err=-17.887Hz  corr=-371.70W  u_ff=83.0W  PCAP→78W  power=78.3W
[PID] perf=26.985Hz  target=9.102Hz  err=-17.883Hz  corr=-371.63W  u_ff=83.0W  PCAP→78W  power=77.9W
[PID] perf=26.974Hz  target=9.102Hz  err=-17.872Hz  corr=-371.44W  u_ff=83.0W  PCAP→78W  power=77.0W
[PID] perf=26.948Hz  target=9.102Hz  err=-17.846Hz  corr=-370.95W  u_ff=83.0W  PCAP→78W  power=78.3W
[PID] perf=26.943Hz  target=9.102Hz  err=-17.842Hz  corr=-370.87W  u_ff=83.0W  PCAP→78W  power=78.3W
[PID] perf=26.957Hz  target=9.102Hz  err=-17.855Hz  corr=-371.12W  u_ff=83.0W  PCAP→78W  power=78.6W
[PID] perf=26.963Hz  target=9.102Hz  err=-17.861Hz  corr=-371.23W  u_ff=83.0W  PCAP→78W  power=77.6W
[PID] perf=26.956Hz  target=9.102Hz  err=-17.854Hz  corr=-371.09W  u_ff=83.0W  PCAP→78W  power=79.3W
[PID] perf=26.921Hz  target=9.102Hz  err=-17.819Hz  corr=-370.45W  u_ff=83.0W  PCAP→78W  power=78.7W
[PID] perf=26.949Hz  target=9.102Hz  err=-17.847Hz  corr=-370.97W  u_ff=83.0W  PCAP→78W  power=78.1W
[PID] perf=27.038Hz  target=9.102Hz  err=-17.937Hz  corr=-372.63W  u_ff=83.0W  PCAP→78W  power=76.2W
[PID] perf=27.341Hz  target=9.102Hz  err=-18.240Hz  corr=-378.25W  u_ff=83.0W  PCAP→78W  power=76.5W
[PID] perf=27.351Hz  target=9.102Hz  err=-18.249Hz  corr=-378.42W  u_ff=83.0W  PCAP→78W  power=76.9W
[PID] perf=27.351Hz  target=9.102Hz  err=-18.250Hz  corr=-378.43W  u_ff=83.0W  PCAP→78W  power=77.5W
[PID] perf=27.331Hz  target=9.102Hz  err=-18.229Hz  corr=-378.06W  u_ff=83.0W  PCAP→78W  power=77.0W
[PID] perf=27.311Hz  target=9.102Hz  err=-18.209Hz  corr=-377.68W  u_ff=83.0W  PCAP→78W  power=77.7W
[PID] perf=27.320Hz  target=9.102Hz  err=-18.218Hz  corr=-377.85W  u_ff=83.0W  PCAP→78W  power=78.9W
[PID] perf=27.321Hz  target=9.102Hz  err=-18.219Hz  corr=-377.87W  u_ff=83.0W  PCAP→78W  power=76.7W
[PID] perf=27.331Hz  target=9.102Hz  err=-18.230Hz  corr=-378.06W  u_ff=83.0W  PCAP→78W  power=79.3W
[PID] perf=27.322Hz  target=9.102Hz  err=-18.221Hz  corr=-377.89W  u_ff=83.0W  PCAP→78W  power=77.7W
[PID] perf=27.346Hz  target=9.102Hz  err=-18.244Hz  corr=-378.33W  u_ff=83.0W  PCAP→78W  power=78.2W
[PID] perf=27.321Hz  target=9.102Hz  err=-18.220Hz  corr=-377.88W  u_ff=83.0W  PCAP→78W  power=76.8W
[PID] perf=27.388Hz  target=9.102Hz  err=-18.286Hz  corr=-379.11W  u_ff=83.0W  PCAP→78W  power=79.0W
[PID] perf=27.335Hz  target=9.102Hz  err=-18.233Hz  corr=-378.12W  u_ff=83.0W  PCAP→78W  power=79.0W
[PID] perf=27.351Hz  target=9.102Hz  err=-18.249Hz  corr=-378.42W  u_ff=83.0W  PCAP→78W  power=78.8W
[PID] perf=27.389Hz  target=9.102Hz  err=-18.287Hz  corr=-379.13W  u_ff=83.0W  PCAP→78W  power=79.1W
[PID] perf=27.684Hz  target=9.102Hz  err=-18.583Hz  corr=-384.61W  u_ff=83.0W  PCAP→78W  power=78.9W
[PID] perf=27.711Hz  target=9.102Hz  err=-18.609Hz  corr=-385.10W  u_ff=83.0W  PCAP→78W  power=78.5W
[PID] perf=27.717Hz  target=9.102Hz  err=-18.615Hz  corr=-385.21W  u_ff=83.0W  PCAP→78W  power=78.6W
[PID] perf=27.704Hz  target=9.102Hz  err=-18.602Hz  corr=-384.97W  u_ff=83.0W  PCAP→78W  power=77.1W
[PID] perf=27.714Hz  target=9.102Hz  err=-18.612Hz  corr=-385.16W  u_ff=83.0W  PCAP→78W  power=77.1W
[PID] perf=27.713Hz  target=9.102Hz  err=-18.611Hz  corr=-385.13W  u_ff=83.0W  PCAP→78W  power=77.0W
[PID] perf=27.712Hz  target=9.102Hz  err=-18.610Hz  corr=-385.12W  u_ff=83.0W  PCAP→78W  power=76.2W
[PID] perf=27.712Hz  target=9.102Hz  err=-18.610Hz  corr=-385.11W  u_ff=83.0W  PCAP→78W  power=78.3W
[PID] perf=27.689Hz  target=9.102Hz  err=-18.587Hz  corr=-384.69W  u_ff=83.0W  PCAP→78W  power=78.5W
[PID] perf=27.700Hz  target=9.102Hz  err=-18.598Hz  corr=-384.90W  u_ff=83.0W  PCAP→78W  power=78.8W
[PID] perf=27.728Hz  target=9.102Hz  err=-18.626Hz  corr=-385.42W  u_ff=83.0W  PCAP→78W  power=78.1W
[PID] perf=27.732Hz  target=9.102Hz  err=-18.630Hz  corr=-385.49W  u_ff=83.0W  PCAP→78W  power=78.3W
[PID] perf=27.717Hz  target=9.102Hz  err=-18.615Hz  corr=-385.21W  u_ff=83.0W  PCAP→78W  power=78.7W
[PID] perf=27.688Hz  target=9.102Hz  err=-18.586Hz  corr=-384.68W  u_ff=83.0W  PCAP→78W  power=79.1W
[PID] perf=27.683Hz  target=9.102Hz  err=-18.582Hz  corr=-384.59W  u_ff=83.0W  PCAP→78W  power=78.3W
[PID] perf=27.692Hz  target=9.102Hz  err=-18.590Hz  corr=-384.75W  u_ff=83.0W  PCAP→78W  power=79.1W
[PID] perf=27.720Hz  target=9.102Hz  err=-18.618Hz  corr=-385.27W  u_ff=83.0W  PCAP→78W  power=76.7W
[PID] perf=27.724Hz  target=9.102Hz  err=-18.623Hz  corr=-385.35W  u_ff=83.0W  PCAP→78W  power=77.9W
[PID] perf=27.690Hz  target=9.102Hz  err=-18.589Hz  corr=-384.72W  u_ff=83.0W  PCAP→78W  power=77.9W
[PID] perf=27.698Hz  target=9.102Hz  err=-18.596Hz  corr=-384.86W  u_ff=83.0W  PCAP→78W  power=77.7W
[PID] perf=27.716Hz  target=9.102Hz  err=-18.614Hz  corr=-385.19W  u_ff=83.0W  PCAP→78W  power=79.1W
[PID] perf=27.697Hz  target=9.102Hz  err=-18.595Hz  corr=-384.85W  u_ff=83.0W  PCAP→78W  power=77.1W
[PID] perf=27.680Hz  target=9.102Hz  err=-18.579Hz  corr=-384.54W  u_ff=83.0W  PCAP→78W  power=78.2W
[PID] perf=25.919Hz  target=9.102Hz  err=-16.817Hz  corr=-351.86W  u_ff=83.0W  PCAP→78W  power=78.3W
[PID] perf=25.932Hz  target=9.102Hz  err=-16.830Hz  corr=-352.11W  u_ff=83.0W  PCAP→78W  power=77.3W
[PID] perf=25.948Hz  target=9.102Hz  err=-16.846Hz  corr=-352.41W  u_ff=83.0W  PCAP→78W  power=78.2W
[PID] perf=26.017Hz  target=9.102Hz  err=-16.915Hz  corr=-353.69W  u_ff=83.0W  PCAP→78W  power=78.2W
[PID] perf=26.072Hz  target=9.102Hz  err=-16.970Hz  corr=-354.71W  u_ff=83.0W  PCAP→78W  power=77.2W
[PID] perf=26.049Hz  target=9.102Hz  err=-16.948Hz  corr=-354.29W  u_ff=83.0W  PCAP→78W  power=78.2W
[PID] perf=26.074Hz  target=9.102Hz  err=-16.972Hz  corr=-354.74W  u_ff=83.0W  PCAP→78W  power=77.6W
[PID] perf=26.054Hz  target=9.102Hz  err=-16.952Hz  corr=-354.37W  u_ff=83.0W  PCAP→78W  power=76.5W
[PID] perf=26.065Hz  target=9.102Hz  err=-16.963Hz  corr=-354.57W  u_ff=83.0W  PCAP→78W  power=77.7W
[PID] perf=26.089Hz  target=9.102Hz  err=-16.987Hz  corr=-355.03W  u_ff=83.0W  PCAP→78W  power=78.2W
[PID] perf=26.085Hz  target=9.102Hz  err=-16.983Hz  corr=-354.94W  u_ff=83.0W  PCAP→78W  power=79.0W
[PID] perf=26.074Hz  target=9.102Hz  err=-16.973Hz  corr=-354.75W  u_ff=83.0W  PCAP→78W  power=77.8W
[PID] perf=26.123Hz  target=9.102Hz  err=-17.021Hz  corr=-355.65W  u_ff=83.0W  PCAP→78W  power=79.5W
[PID] perf=26.117Hz  target=9.102Hz  err=-17.015Hz  corr=-355.54W  u_ff=83.0W  PCAP→78W  power=78.7W
[PID] perf=26.110Hz  target=9.102Hz  err=-17.008Hz  corr=-355.42W  u_ff=83.0W  PCAP→78W  power=78.4W
[PID] perf=26.122Hz  target=9.102Hz  err=-17.021Hz  corr=-355.64W  u_ff=83.0W  PCAP→78W  power=79.1W
[PID] perf=26.144Hz  target=9.102Hz  err=-17.042Hz  corr=-356.04W  u_ff=83.0W  PCAP→78W  power=79.3W
[PID] perf=26.072Hz  target=9.102Hz  err=-16.970Hz  corr=-354.70W  u_ff=83.0W  PCAP→78W  power=78.0W
[PID] perf=26.101Hz  target=9.102Hz  err=-17.000Hz  corr=-355.25W  u_ff=83.0W  PCAP→78W  power=77.7W
[PID] perf=26.051Hz  target=9.102Hz  err=-16.949Hz  corr=-354.31W  u_ff=83.0W  PCAP→78W  power=77.3W
[PID] perf=26.119Hz  target=9.102Hz  err=-17.017Hz  corr=-355.57W  u_ff=83.0W  PCAP→78W  power=76.6W
[PID] perf=26.109Hz  target=9.102Hz  err=-17.007Hz  corr=-355.39W  u_ff=83.0W  PCAP→78W  power=77.5W
[PID] perf=26.114Hz  target=9.102Hz  err=-17.012Hz  corr=-355.48W  u_ff=83.0W  PCAP→78W  power=77.8W
[PID] perf=26.079Hz  target=9.102Hz  err=-16.977Hz  corr=-354.84W  u_ff=83.0W  PCAP→78W  power=79.1W
[PID] perf=26.087Hz  target=9.102Hz  err=-16.985Hz  corr=-354.98W  u_ff=83.0W  PCAP→78W  power=79.0W
[PID] perf=26.106Hz  target=9.102Hz  err=-17.005Hz  corr=-355.35W  u_ff=83.0W  PCAP→78W  power=77.3W
[PID] perf=26.091Hz  target=9.102Hz  err=-16.990Hz  corr=-355.07W  u_ff=83.0W  PCAP→78W  power=77.6W
[PID] perf=26.108Hz  target=9.102Hz  err=-17.007Hz  corr=-355.38W  u_ff=83.0W  PCAP→78W  power=77.3W
[PID] perf=26.083Hz  target=9.102Hz  err=-16.981Hz  corr=-354.90W  u_ff=83.0W  PCAP→78W  power=78.6W
[PID] perf=26.066Hz  target=9.102Hz  err=-16.965Hz  corr=-354.60W  u_ff=83.0W  PCAP→78W  power=78.0W
[PID] perf=26.080Hz  target=9.102Hz  err=-16.978Hz  corr=-354.86W  u_ff=83.0W  PCAP→78W  power=78.0W
[PID] perf=26.106Hz  target=9.102Hz  err=-17.005Hz  corr=-355.34W  u_ff=83.0W  PCAP→78W  power=78.5W
[PID] perf=26.107Hz  target=9.102Hz  err=-17.005Hz  corr=-355.35W  u_ff=83.0W  PCAP→78W  power=78.7W
[PID] perf=26.108Hz  target=9.102Hz  err=-17.007Hz  corr=-355.38W  u_ff=83.0W  PCAP→78W  power=76.5W
[PID] perf=26.107Hz  target=9.102Hz  err=-17.005Hz  corr=-355.36W  u_ff=83.0W  PCAP→78W  power=76.2W
[PID] perf=26.100Hz  target=9.102Hz  err=-16.998Hz  corr=-355.22W  u_ff=83.0W  PCAP→78W  power=76.9W
[PID] perf=26.135Hz  target=9.102Hz  err=-17.033Hz  corr=-355.88W  u_ff=83.0W  PCAP→78W  power=78.2W
[PID] perf=26.119Hz  target=9.102Hz  err=-17.017Hz  corr=-355.58W  u_ff=83.0W  PCAP→78W  power=77.2W
[PID] perf=26.113Hz  target=9.102Hz  err=-17.011Hz  corr=-355.47W  u_ff=83.0W  PCAP→78W  power=79.2W
[PID] perf=26.117Hz  target=9.102Hz  err=-17.015Hz  corr=-355.54W  u_ff=83.0W  PCAP→78W  power=77.1W
[PID] perf=26.169Hz  target=9.102Hz  err=-17.067Hz  corr=-356.51W  u_ff=83.0W  PCAP→78W  power=77.3W
[PID] perf=26.178Hz  target=9.102Hz  err=-17.076Hz  corr=-356.67W  u_ff=83.0W  PCAP→78W  power=77.7W
[PID] perf=26.191Hz  target=9.102Hz  err=-17.089Hz  corr=-356.92W  u_ff=83.0W  PCAP→78W  power=77.0W
[PID] perf=26.184Hz  target=9.102Hz  err=-17.082Hz  corr=-356.78W  u_ff=83.0W  PCAP→78W  power=77.5W
[PID] perf=26.153Hz  target=9.102Hz  err=-17.051Hz  corr=-356.20W  u_ff=83.0W  PCAP→78W  power=78.1W
[PID] perf=26.135Hz  target=9.102Hz  err=-17.034Hz  corr=-355.89W  u_ff=83.0W  PCAP→78W  power=78.1W
[PID] perf=26.105Hz  target=9.102Hz  err=-17.003Hz  corr=-355.32W  u_ff=83.0W  PCAP→78W  power=78.1W
[PID] perf=26.123Hz  target=9.102Hz  err=-17.021Hz  corr=-355.66W  u_ff=83.0W  PCAP→78W  power=78.2W
[PID] perf=26.132Hz  target=9.102Hz  err=-17.030Hz  corr=-355.82W  u_ff=83.0W  PCAP→78W  power=78.2W
[PID] perf=26.087Hz  target=9.102Hz  err=-16.985Hz  corr=-354.98W  u_ff=83.0W  PCAP→78W  power=78.8W
[PID] perf=26.149Hz  target=9.102Hz  err=-17.048Hz  corr=-356.14W  u_ff=83.0W  PCAP→78W  power=78.9W
[PID] perf=26.130Hz  target=9.102Hz  err=-17.028Hz  corr=-355.79W  u_ff=83.0W  PCAP→78W  power=77.1W
[PID] perf=26.169Hz  target=9.102Hz  err=-17.067Hz  corr=-356.50W  u_ff=83.0W  PCAP→78W  power=77.8W
[PID] perf=26.155Hz  target=9.102Hz  err=-17.054Hz  corr=-356.25W  u_ff=83.0W  PCAP→78W  power=77.2W
[PID] perf=26.126Hz  target=9.102Hz  err=-17.025Hz  corr=-355.72W  u_ff=83.0W  PCAP→78W  power=77.0W
[PID] perf=26.114Hz  target=9.102Hz  err=-17.013Hz  corr=-355.50W  u_ff=83.0W  PCAP→78W  power=78.0W
[PID] perf=26.127Hz  target=9.102Hz  err=-17.026Hz  corr=-355.73W  u_ff=83.0W  PCAP→78W  power=77.4W
[PID] perf=26.142Hz  target=9.102Hz  err=-17.040Hz  corr=-356.00W  u_ff=83.0W  PCAP→78W  power=77.1W
[PID] perf=26.126Hz  target=9.102Hz  err=-17.025Hz  corr=-355.72W  u_ff=83.0W  PCAP→78W  power=76.7W
[PID] perf=26.160Hz  target=9.102Hz  err=-17.058Hz  corr=-356.33W  u_ff=83.0W  PCAP→78W  power=77.1W
[PID] perf=26.112Hz  target=9.102Hz  err=-17.010Hz  corr=-355.45W  u_ff=83.0W  PCAP→78W  power=77.4W
[PID] perf=26.081Hz  target=9.102Hz  err=-16.979Hz  corr=-354.87W  u_ff=83.0W  PCAP→78W  power=79.1W
[PID] perf=26.150Hz  target=9.102Hz  err=-17.048Hz  corr=-356.16W  u_ff=83.0W  PCAP→78W  power=77.8W
[PID] perf=26.146Hz  target=9.102Hz  err=-17.045Hz  corr=-356.09W  u_ff=83.0W  PCAP→78W  power=78.9W
[PID] perf=26.159Hz  target=9.102Hz  err=-17.057Hz  corr=-356.32W  u_ff=83.0W  PCAP→78W  power=77.2W
[PID] perf=26.112Hz  target=9.102Hz  err=-17.011Hz  corr=-355.46W  u_ff=83.0W  PCAP→78W  power=76.9W
[PID] perf=26.109Hz  target=9.102Hz  err=-17.007Hz  corr=-355.39W  u_ff=83.0W  PCAP→78W  power=76.7W
[PID] perf=26.106Hz  target=9.102Hz  err=-17.004Hz  corr=-355.33W  u_ff=83.0W  PCAP→78W  power=77.4W
[PID] perf=26.084Hz  target=9.102Hz  err=-16.983Hz  corr=-354.94W  u_ff=83.0W  PCAP→78W  power=78.0W
[PID] perf=26.089Hz  target=9.102Hz  err=-16.987Hz  corr=-355.02W  u_ff=83.0W  PCAP→78W  power=77.8W
[PID] perf=26.142Hz  target=9.102Hz  err=-17.040Hz  corr=-356.00W  u_ff=83.0W  PCAP→78W  power=78.1W
[PID] perf=26.121Hz  target=9.102Hz  err=-17.019Hz  corr=-355.61W  u_ff=83.0W  PCAP→78W  power=77.5W
[PID] perf=26.136Hz  target=9.102Hz  err=-17.035Hz  corr=-355.90W  u_ff=83.0W  PCAP→78W  power=78.0W
[PID] perf=26.155Hz  target=9.102Hz  err=-17.053Hz  corr=-356.25W  u_ff=83.0W  PCAP→78W  power=77.1W
[PID] perf=26.130Hz  target=9.102Hz  err=-17.028Hz  corr=-355.77W  u_ff=83.0W  PCAP→78W  power=77.3W
[PID] perf=26.122Hz  target=9.102Hz  err=-17.020Hz  corr=-355.64W  u_ff=83.0W  PCAP→78W  power=77.5W
[PID] perf=26.101Hz  target=9.102Hz  err=-16.999Hz  corr=-355.25W  u_ff=83.0W  PCAP→78W  power=76.6W
[PID] perf=26.099Hz  target=9.102Hz  err=-16.997Hz  corr=-355.20W  u_ff=83.0W  PCAP→78W  power=78.0W
[PID] perf=26.046Hz  target=9.102Hz  err=-16.944Hz  corr=-354.22W  u_ff=83.0W  PCAP→78W  power=77.9W
[PID] perf=24.600Hz  target=9.102Hz  err=-15.498Hz  corr=-327.41W  u_ff=83.0W  PCAP→78W  power=76.6W
[PID] perf=24.663Hz  target=9.102Hz  err=-15.562Hz  corr=-328.59W  u_ff=83.0W  PCAP→78W  power=78.3W
[PID] perf=24.708Hz  target=9.102Hz  err=-15.606Hz  corr=-329.41W  u_ff=83.0W  PCAP→78W  power=78.0W
[PID] perf=24.691Hz  target=9.102Hz  err=-15.589Hz  corr=-329.10W  u_ff=83.0W  PCAP→78W  power=78.1W
[PID] perf=24.715Hz  target=9.102Hz  err=-15.613Hz  corr=-329.54W  u_ff=83.0W  PCAP→78W  power=78.5W
[PID] perf=24.697Hz  target=9.102Hz  err=-15.595Hz  corr=-329.21W  u_ff=83.0W  PCAP→78W  power=77.3W
[PID] perf=24.702Hz  target=9.102Hz  err=-15.600Hz  corr=-329.30W  u_ff=83.0W  PCAP→78W  power=77.6W
[PID] perf=24.699Hz  target=9.102Hz  err=-15.597Hz  corr=-329.24W  u_ff=83.0W  PCAP→78W  power=78.1W
[PID] perf=25.025Hz  target=9.102Hz  err=-15.924Hz  corr=-335.30W  u_ff=83.0W  PCAP→78W  power=76.4W
[PID] perf=25.087Hz  target=9.102Hz  err=-15.985Hz  corr=-336.43W  u_ff=83.0W  PCAP→78W  power=77.2W
[PID] perf=25.099Hz  target=9.102Hz  err=-15.998Hz  corr=-336.67W  u_ff=83.0W  PCAP→78W  power=77.0W
[PID] perf=25.093Hz  target=9.102Hz  err=-15.991Hz  corr=-336.55W  u_ff=83.0W  PCAP→78W  power=77.4W
[PID] perf=25.095Hz  target=9.102Hz  err=-15.994Hz  corr=-336.60W  u_ff=83.0W  PCAP→78W  power=78.1W
[PID] perf=25.108Hz  target=9.102Hz  err=-16.006Hz  corr=-336.83W  u_ff=83.0W  PCAP→78W  power=78.9W
[PID] perf=25.126Hz  target=9.102Hz  err=-16.025Hz  corr=-337.17W  u_ff=83.0W  PCAP→78W  power=77.6W
[PID] perf=25.078Hz  target=9.102Hz  err=-15.977Hz  corr=-336.28W  u_ff=83.0W  PCAP→78W  power=76.6W
[PID] perf=25.136Hz  target=9.102Hz  err=-16.035Hz  corr=-337.36W  u_ff=83.0W  PCAP→78W  power=77.5W
[PID] perf=25.140Hz  target=9.102Hz  err=-16.038Hz  corr=-337.43W  u_ff=83.0W  PCAP→78W  power=79.0W
[PID] perf=25.135Hz  target=9.102Hz  err=-16.033Hz  corr=-337.32W  u_ff=83.0W  PCAP→78W  power=78.5W
[PID] perf=25.138Hz  target=9.102Hz  err=-16.036Hz  corr=-337.39W  u_ff=83.0W  PCAP→78W  power=78.8W
[PID] perf=25.101Hz  target=9.102Hz  err=-15.999Hz  corr=-336.70W  u_ff=83.0W  PCAP→78W  power=78.4W
[PID] perf=25.133Hz  target=9.102Hz  err=-16.032Hz  corr=-337.30W  u_ff=83.0W  PCAP→78W  power=76.2W
[PID] perf=25.127Hz  target=9.102Hz  err=-16.025Hz  corr=-337.18W  u_ff=83.0W  PCAP→78W  power=76.9W
[PID] perf=25.130Hz  target=9.102Hz  err=-16.028Hz  corr=-337.24W  u_ff=83.0W  PCAP→78W  power=79.5W
[PID] perf=25.147Hz  target=9.102Hz  err=-16.045Hz  corr=-337.55W  u_ff=83.0W  PCAP→78W  power=77.6W
[PID] perf=25.141Hz  target=9.102Hz  err=-16.039Hz  corr=-337.44W  u_ff=83.0W  PCAP→78W  power=77.6W
[PID] perf=25.114Hz  target=9.102Hz  err=-16.012Hz  corr=-336.94W  u_ff=83.0W  PCAP→78W  power=77.7W
[PID] perf=25.133Hz  target=9.102Hz  err=-16.032Hz  corr=-337.30W  u_ff=83.0W  PCAP→78W  power=77.7W
[PID] perf=25.118Hz  target=9.102Hz  err=-16.016Hz  corr=-337.02W  u_ff=83.0W  PCAP→78W  power=78.8W
[PID] perf=25.121Hz  target=9.102Hz  err=-16.019Hz  corr=-337.07W  u_ff=83.0W  PCAP→78W  power=79.0W
[PID] perf=25.109Hz  target=9.102Hz  err=-16.007Hz  corr=-336.85W  u_ff=83.0W  PCAP→78W  power=78.7W
[PID] perf=25.125Hz  target=9.102Hz  err=-16.023Hz  corr=-337.14W  u_ff=83.0W  PCAP→78W  power=78.7W
[PID] perf=25.115Hz  target=9.102Hz  err=-16.014Hz  corr=-336.97W  u_ff=83.0W  PCAP→78W  power=77.9W
[PID] perf=25.110Hz  target=9.102Hz  err=-16.009Hz  corr=-336.87W  u_ff=83.0W  PCAP→78W  power=77.3W
[PID] perf=25.143Hz  target=9.102Hz  err=-16.041Hz  corr=-337.47W  u_ff=83.0W  PCAP→78W  power=79.1W
[PID] perf=25.119Hz  target=9.102Hz  err=-16.018Hz  corr=-337.04W  u_ff=83.0W  PCAP→78W  power=78.9W
[PID] perf=25.112Hz  target=9.102Hz  err=-16.010Hz  corr=-336.91W  u_ff=83.0W  PCAP→78W  power=78.3W
[PID] perf=25.145Hz  target=9.102Hz  err=-16.044Hz  corr=-337.52W  u_ff=83.0W  PCAP→78W  power=78.2W
[PID] perf=25.126Hz  target=9.102Hz  err=-16.024Hz  corr=-337.17W  u_ff=83.0W  PCAP→78W  power=77.7W
[PID] perf=25.133Hz  target=9.102Hz  err=-16.031Hz  corr=-337.29W  u_ff=83.0W  PCAP→78W  power=77.8W
[PID] perf=25.120Hz  target=9.102Hz  err=-16.018Hz  corr=-337.05W  u_ff=83.0W  PCAP→78W  power=77.8W
[PID] perf=25.142Hz  target=9.102Hz  err=-16.041Hz  corr=-337.47W  u_ff=83.0W  PCAP→78W  power=76.2W
[PID] perf=25.118Hz  target=9.102Hz  err=-16.016Hz  corr=-337.01W  u_ff=83.0W  PCAP→78W  power=77.7W
[PID] perf=25.111Hz  target=9.102Hz  err=-16.010Hz  corr=-336.89W  u_ff=83.0W  PCAP→78W  power=79.4W
[PID] perf=25.115Hz  target=9.102Hz  err=-16.013Hz  corr=-336.96W  u_ff=83.0W  PCAP→78W  power=77.2W
[PID] perf=25.125Hz  target=9.102Hz  err=-16.023Hz  corr=-337.14W  u_ff=83.0W  PCAP→78W  power=77.0W
[PID] perf=25.166Hz  target=9.102Hz  err=-16.064Hz  corr=-337.90W  u_ff=83.0W  PCAP→78W  power=79.3W
[PID] perf=25.141Hz  target=9.102Hz  err=-16.039Hz  corr=-337.44W  u_ff=83.0W  PCAP→78W  power=79.0W
[PID] perf=25.142Hz  target=9.102Hz  err=-16.040Hz  corr=-337.46W  u_ff=83.0W  PCAP→78W  power=77.9W
[PID] perf=25.120Hz  target=9.102Hz  err=-16.018Hz  corr=-337.05W  u_ff=83.0W  PCAP→78W  power=77.3W
[PID] perf=25.143Hz  target=9.102Hz  err=-16.042Hz  corr=-337.49W  u_ff=83.0W  PCAP→78W  power=78.2W
[PID] perf=25.208Hz  target=9.102Hz  err=-16.106Hz  corr=-338.68W  u_ff=83.0W  PCAP→78W  power=79.1W
[PID] perf=26.174Hz  target=9.102Hz  err=-17.072Hz  corr=-356.59W  u_ff=83.0W  PCAP→78W  power=78.7W
[PID] perf=26.155Hz  target=9.102Hz  err=-17.053Hz  corr=-356.25W  u_ff=83.0W  PCAP→78W  power=76.8W
[PID] perf=26.125Hz  target=9.102Hz  err=-17.023Hz  corr=-355.69W  u_ff=83.0W  PCAP→78W  power=77.7W
[PID] perf=26.374Hz  target=9.102Hz  err=-17.272Hz  corr=-360.30W  u_ff=83.0W  PCAP→78W  power=77.8W
[PID] perf=26.388Hz  target=9.102Hz  err=-17.286Hz  corr=-360.56W  u_ff=83.0W  PCAP→78W  power=78.9W
[PID] perf=26.406Hz  target=9.102Hz  err=-17.304Hz  corr=-360.90W  u_ff=83.0W  PCAP→78W  power=78.0W
[PID] perf=26.437Hz  target=9.102Hz  err=-17.335Hz  corr=-361.48W  u_ff=83.0W  PCAP→78W  power=78.4W
[PID] perf=26.460Hz  target=9.102Hz  err=-17.358Hz  corr=-361.90W  u_ff=83.0W  PCAP→78W  power=77.7W
[PID] perf=26.452Hz  target=9.102Hz  err=-17.351Hz  corr=-361.76W  u_ff=83.0W  PCAP→78W  power=78.7W
[PID] perf=26.472Hz  target=9.102Hz  err=-17.370Hz  corr=-362.13W  u_ff=83.0W  PCAP→78W  power=78.1W
[PID] perf=26.448Hz  target=9.102Hz  err=-17.347Hz  corr=-361.69W  u_ff=83.0W  PCAP→78W  power=77.4W
[PID] perf=26.444Hz  target=9.102Hz  err=-17.342Hz  corr=-361.60W  u_ff=83.0W  PCAP→78W  power=78.7W
[PID] perf=26.399Hz  target=9.102Hz  err=-17.298Hz  corr=-360.78W  u_ff=83.0W  PCAP→78W  power=78.8W
[PID] perf=26.431Hz  target=9.102Hz  err=-17.330Hz  corr=-361.37W  u_ff=83.0W  PCAP→78W  power=78.4W
[PID] perf=26.428Hz  target=9.102Hz  err=-17.326Hz  corr=-361.31W  u_ff=83.0W  PCAP→78W  power=77.1W
[PID] perf=26.443Hz  target=9.102Hz  err=-17.342Hz  corr=-361.60W  u_ff=83.0W  PCAP→78W  power=77.2W
[PID] perf=26.440Hz  target=9.102Hz  err=-17.338Hz  corr=-361.53W  u_ff=83.0W  PCAP→78W  power=79.0W
[PID] perf=26.424Hz  target=9.102Hz  err=-17.323Hz  corr=-361.24W  u_ff=83.0W  PCAP→78W  power=78.2W
[PID] perf=26.415Hz  target=9.102Hz  err=-17.314Hz  corr=-361.07W  u_ff=83.0W  PCAP→78W  power=77.0W
[PID] perf=26.421Hz  target=9.102Hz  err=-17.319Hz  corr=-361.18W  u_ff=83.0W  PCAP→78W  power=76.4W
[PID] perf=26.436Hz  target=9.102Hz  err=-17.335Hz  corr=-361.46W  u_ff=83.0W  PCAP→78W  power=76.9W
[PID] perf=26.415Hz  target=9.102Hz  err=-17.313Hz  corr=-361.07W  u_ff=83.0W  PCAP→78W  power=78.2W
[PID] perf=26.401Hz  target=9.102Hz  err=-17.300Hz  corr=-360.81W  u_ff=83.0W  PCAP→78W  power=79.6W
[PID] perf=26.386Hz  target=9.102Hz  err=-17.284Hz  corr=-360.53W  u_ff=83.0W  PCAP→78W  power=77.5W
[PID] perf=26.385Hz  target=9.102Hz  err=-17.283Hz  corr=-360.51W  u_ff=83.0W  PCAP→78W  power=77.0W
[PID] perf=26.367Hz  target=9.102Hz  err=-17.265Hz  corr=-360.18W  u_ff=83.0W  PCAP→78W  power=79.0W
[PID] perf=26.353Hz  target=9.102Hz  err=-17.251Hz  corr=-359.92W  u_ff=83.0W  PCAP→78W  power=77.2W
[PID] perf=26.434Hz  target=9.102Hz  err=-17.332Hz  corr=-361.42W  u_ff=83.0W  PCAP→78W  power=77.4W
[PID] perf=26.429Hz  target=9.102Hz  err=-17.327Hz  corr=-361.32W  u_ff=83.0W  PCAP→78W  power=79.0W
[PID] perf=26.415Hz  target=9.102Hz  err=-17.313Hz  corr=-361.07W  u_ff=83.0W  PCAP→78W  power=77.3W
[PID] perf=26.413Hz  target=9.102Hz  err=-17.312Hz  corr=-361.04W  u_ff=83.0W  PCAP→78W  power=78.2W
[PID] perf=26.406Hz  target=9.102Hz  err=-17.304Hz  corr=-360.89W  u_ff=83.0W  PCAP→78W  power=77.5W
[PID] perf=26.403Hz  target=9.102Hz  err=-17.301Hz  corr=-360.85W  u_ff=83.0W  PCAP→78W  power=78.7W
[PID] perf=26.414Hz  target=9.102Hz  err=-17.312Hz  corr=-361.05W  u_ff=83.0W  PCAP→78W  power=79.0W
[PID] perf=26.423Hz  target=9.102Hz  err=-17.321Hz  corr=-361.22W  u_ff=83.0W  PCAP→78W  power=78.6W
[PID] perf=26.389Hz  target=9.102Hz  err=-17.287Hz  corr=-360.59W  u_ff=83.0W  PCAP→78W  power=79.2W
[PID] perf=26.405Hz  target=9.102Hz  err=-17.304Hz  corr=-360.89W  u_ff=83.0W  PCAP→78W  power=77.7W
[PID] perf=26.384Hz  target=9.102Hz  err=-17.282Hz  corr=-360.49W  u_ff=83.0W  PCAP→78W  power=78.3W
[PID] perf=26.417Hz  target=9.102Hz  err=-17.316Hz  corr=-361.11W  u_ff=83.0W  PCAP→78W  power=77.4W
[PID] perf=26.422Hz  target=9.102Hz  err=-17.320Hz  corr=-361.20W  u_ff=83.0W  PCAP→78W  power=77.8W
[PID] perf=25.462Hz  target=9.102Hz  err=-16.361Hz  corr=-343.40W  u_ff=83.0W  PCAP→78W  power=77.4W
[PID] perf=26.319Hz  target=9.102Hz  err=-17.218Hz  corr=-359.30W  u_ff=83.0W  PCAP→78W  power=77.4W
[PID] perf=26.356Hz  target=9.102Hz  err=-17.254Hz  corr=-359.98W  u_ff=83.0W  PCAP→78W  power=78.6W
[PID] perf=26.371Hz  target=9.102Hz  err=-17.269Hz  corr=-360.25W  u_ff=83.0W  PCAP→78W  power=77.6W
[PID] perf=26.365Hz  target=9.102Hz  err=-17.264Hz  corr=-360.15W  u_ff=83.0W  PCAP→78W  power=78.5W
[PID] perf=26.359Hz  target=9.102Hz  err=-17.258Hz  corr=-360.04W  u_ff=83.0W  PCAP→78W  power=78.9W
[PID] perf=26.320Hz  target=9.102Hz  err=-17.218Hz  corr=-359.31W  u_ff=83.0W  PCAP→78W  power=79.3W
[PID] perf=26.349Hz  target=9.102Hz  err=-17.247Hz  corr=-359.85W  u_ff=83.0W  PCAP→78W  power=77.1W
[PID] perf=26.334Hz  target=9.102Hz  err=-17.233Hz  corr=-359.57W  u_ff=83.0W  PCAP→78W  power=78.5W
[PID] perf=26.351Hz  target=9.102Hz  err=-17.250Hz  corr=-359.89W  u_ff=83.0W  PCAP→78W  power=79.1W
[PID] perf=26.349Hz  target=9.102Hz  err=-17.247Hz  corr=-359.84W  u_ff=83.0W  PCAP→78W  power=78.9W
[PID] perf=26.356Hz  target=9.102Hz  err=-17.254Hz  corr=-359.97W  u_ff=83.0W  PCAP→78W  power=77.0W
[PID] perf=26.324Hz  target=9.102Hz  err=-17.222Hz  corr=-359.38W  u_ff=83.0W  PCAP→78W  power=76.7W
[PID] perf=26.331Hz  target=9.102Hz  err=-17.229Hz  corr=-359.51W  u_ff=83.0W  PCAP→78W  power=77.4W
[PID] perf=26.360Hz  target=9.102Hz  err=-17.258Hz  corr=-360.05W  u_ff=83.0W  PCAP→78W  power=77.1W
[PID] perf=26.366Hz  target=9.102Hz  err=-17.264Hz  corr=-360.16W  u_ff=83.0W  PCAP→78W  power=79.3W
[PID] perf=26.347Hz  target=9.102Hz  err=-17.246Hz  corr=-359.81W  u_ff=83.0W  PCAP→78W  power=78.9W
[PID] perf=26.359Hz  target=9.102Hz  err=-17.257Hz  corr=-360.02W  u_ff=83.0W  PCAP→78W  power=78.2W
[PID] perf=26.346Hz  target=9.102Hz  err=-17.244Hz  corr=-359.79W  u_ff=83.0W  PCAP→78W  power=77.3W
[PID] perf=26.368Hz  target=9.102Hz  err=-17.267Hz  corr=-360.20W  u_ff=83.0W  PCAP→78W  power=76.6W
[PID] perf=26.374Hz  target=9.102Hz  err=-17.272Hz  corr=-360.31W  u_ff=83.0W  PCAP→78W  power=76.3W
[PID] perf=26.614Hz  target=9.102Hz  err=-17.512Hz  corr=-364.76W  u_ff=83.0W  PCAP→78W  power=77.0W
[PID] perf=26.659Hz  target=9.102Hz  err=-17.557Hz  corr=-365.59W  u_ff=83.0W  PCAP→78W  power=76.7W
[PID] perf=26.674Hz  target=9.102Hz  err=-17.572Hz  corr=-365.87W  u_ff=83.0W  PCAP→78W  power=77.0W
[PID] perf=26.677Hz  target=9.102Hz  err=-17.575Hz  corr=-365.92W  u_ff=83.0W  PCAP→78W  power=79.1W
[PID] perf=26.687Hz  target=9.102Hz  err=-17.585Hz  corr=-366.11W  u_ff=83.0W  PCAP→78W  power=78.5W
[PID] perf=26.691Hz  target=9.102Hz  err=-17.589Hz  corr=-366.18W  u_ff=83.0W  PCAP→78W  power=78.0W
[PID] perf=26.687Hz  target=9.102Hz  err=-17.585Hz  corr=-366.11W  u_ff=83.0W  PCAP→78W  power=78.9W
[PID] perf=26.684Hz  target=9.102Hz  err=-17.582Hz  corr=-366.06W  u_ff=83.0W  PCAP→78W  power=77.4W
[PID] perf=26.683Hz  target=9.102Hz  err=-17.581Hz  corr=-366.04W  u_ff=83.0W  PCAP→78W  power=78.2W
[PID] perf=26.660Hz  target=9.102Hz  err=-17.558Hz  corr=-365.61W  u_ff=83.0W  PCAP→78W  power=78.8W
[PID] perf=26.660Hz  target=9.102Hz  err=-17.558Hz  corr=-365.61W  u_ff=83.0W  PCAP→78W  power=78.5W
[PID] perf=26.702Hz  target=9.102Hz  err=-17.600Hz  corr=-366.39W  u_ff=83.0W  PCAP→78W  power=77.3W
[PID] perf=26.661Hz  target=9.102Hz  err=-17.559Hz  corr=-365.63W  u_ff=83.0W  PCAP→78W  power=78.3W
[PID] perf=26.658Hz  target=9.102Hz  err=-17.556Hz  corr=-365.57W  u_ff=83.0W  PCAP→78W  power=77.7W
[PID] perf=26.647Hz  target=9.102Hz  err=-17.545Hz  corr=-365.37W  u_ff=83.0W  PCAP→78W  power=76.8W
[PID] perf=26.685Hz  target=9.102Hz  err=-17.584Hz  corr=-366.08W  u_ff=83.0W  PCAP→78W  power=77.6W
[PID] perf=26.674Hz  target=9.102Hz  err=-17.572Hz  corr=-365.87W  u_ff=83.0W  PCAP→78W  power=77.7W
[PID] perf=26.709Hz  target=9.102Hz  err=-17.607Hz  corr=-366.52W  u_ff=83.0W  PCAP→78W  power=76.7W
[PID] perf=26.690Hz  target=9.102Hz  err=-17.588Hz  corr=-366.17W  u_ff=83.0W  PCAP→78W  power=79.4W
[PID] perf=26.698Hz  target=9.102Hz  err=-17.596Hz  corr=-366.31W  u_ff=83.0W  PCAP→78W  power=77.3W
[PID] perf=26.728Hz  target=9.102Hz  err=-17.626Hz  corr=-366.87W  u_ff=83.0W  PCAP→78W  power=76.4W
[PID] perf=26.699Hz  target=9.102Hz  err=-17.597Hz  corr=-366.33W  u_ff=83.0W  PCAP→78W  power=78.1W
[PID] perf=26.720Hz  target=9.102Hz  err=-17.618Hz  corr=-366.72W  u_ff=83.0W  PCAP→78W  power=76.4W
[PID] perf=26.698Hz  target=9.102Hz  err=-17.596Hz  corr=-366.31W  u_ff=83.0W  PCAP→78W  power=76.7W
[PID] perf=26.659Hz  target=9.102Hz  err=-17.557Hz  corr=-365.59W  u_ff=83.0W  PCAP→78W  power=77.6W
[PID] perf=26.691Hz  target=9.102Hz  err=-17.590Hz  corr=-366.19W  u_ff=83.0W  PCAP→78W  power=78.8W
[PID] perf=26.701Hz  target=9.102Hz  err=-17.599Hz  corr=-366.37W  u_ff=83.0W  PCAP→78W  power=79.1W
[PID] perf=26.675Hz  target=9.102Hz  err=-17.573Hz  corr=-365.88W  u_ff=83.0W  PCAP→78W  power=77.7W
[PID] perf=26.695Hz  target=9.102Hz  err=-17.593Hz  corr=-366.26W  u_ff=83.0W  PCAP→78W  power=77.3W
[PID] perf=26.681Hz  target=9.102Hz  err=-17.579Hz  corr=-366.00W  u_ff=83.0W  PCAP→78W  power=76.9W
[PID] perf=26.711Hz  target=9.102Hz  err=-17.610Hz  corr=-366.56W  u_ff=83.0W  PCAP→78W  power=77.6W
[PID] perf=26.727Hz  target=9.102Hz  err=-17.625Hz  corr=-366.86W  u_ff=83.0W  PCAP→78W  power=76.3W
[PID] perf=26.676Hz  target=9.102Hz  err=-17.574Hz  corr=-365.90W  u_ff=83.0W  PCAP→78W  power=79.2W
[PID] perf=26.685Hz  target=9.102Hz  err=-17.584Hz  corr=-366.08W  u_ff=83.0W  PCAP→78W  power=79.2W
[PID] perf=26.699Hz  target=9.102Hz  err=-17.597Hz  corr=-366.33W  u_ff=83.0W  PCAP→78W  power=77.0W
[PID] perf=26.676Hz  target=9.102Hz  err=-17.574Hz  corr=-365.90W  u_ff=83.0W  PCAP→78W  power=78.5W
[PID] perf=26.684Hz  target=9.102Hz  err=-17.582Hz  corr=-366.05W  u_ff=83.0W  PCAP→78W  power=77.0W
[PID] perf=26.674Hz  target=9.102Hz  err=-17.572Hz  corr=-365.87W  u_ff=83.0W  PCAP→78W  power=77.1W
[PID] perf=26.699Hz  target=9.102Hz  err=-17.598Hz  corr=-366.34W  u_ff=83.0W  PCAP→78W  power=76.7W
[PID] perf=26.675Hz  target=9.102Hz  err=-17.574Hz  corr=-365.90W  u_ff=83.0W  PCAP→78W  power=78.3W
[PID] perf=26.681Hz  target=9.102Hz  err=-17.579Hz  corr=-366.00W  u_ff=83.0W  PCAP→78W  power=78.5W
[PID] perf=26.688Hz  target=9.102Hz  err=-17.586Hz  corr=-366.13W  u_ff=83.0W  PCAP→78W  power=78.8W
[PID] perf=26.706Hz  target=9.102Hz  err=-17.604Hz  corr=-366.46W  u_ff=83.0W  PCAP→78W  power=78.2W
[PID] perf=26.725Hz  target=9.102Hz  err=-17.623Hz  corr=-366.82W  u_ff=83.0W  PCAP→78W  power=77.2W
[PID] perf=26.694Hz  target=9.102Hz  err=-17.592Hz  corr=-366.24W  u_ff=83.0W  PCAP→78W  power=77.4W
[PID] perf=26.710Hz  target=9.102Hz  err=-17.608Hz  corr=-366.54W  u_ff=83.0W  PCAP→78W  power=77.6W
[PID] perf=26.706Hz  target=9.102Hz  err=-17.604Hz  corr=-366.46W  u_ff=83.0W  PCAP→78W  power=77.7W
[PID] perf=26.711Hz  target=9.102Hz  err=-17.609Hz  corr=-366.56W  u_ff=83.0W  PCAP→78W  power=78.1W
[PID] perf=26.698Hz  target=9.102Hz  err=-17.596Hz  corr=-366.31W  u_ff=83.0W  PCAP→78W  power=77.7W
[PID] perf=26.678Hz  target=9.102Hz  err=-17.577Hz  corr=-365.95W  u_ff=83.0W  PCAP→78W  power=78.8W
[PID] perf=26.693Hz  target=9.102Hz  err=-17.592Hz  corr=-366.23W  u_ff=83.0W  PCAP→78W  power=76.6W
[PID] perf=26.683Hz  target=9.102Hz  err=-17.582Hz  corr=-366.05W  u_ff=83.0W  PCAP→78W  power=76.5W
[PID] perf=26.704Hz  target=9.102Hz  err=-17.602Hz  corr=-366.43W  u_ff=83.0W  PCAP→78W  power=78.8W
[PID] perf=26.701Hz  target=9.102Hz  err=-17.600Hz  corr=-366.38W  u_ff=83.0W  PCAP→78W  power=78.4W
[PID] perf=26.675Hz  target=9.102Hz  err=-17.573Hz  corr=-365.89W  u_ff=83.0W  PCAP→78W  power=78.1W
[PID] perf=26.683Hz  target=9.102Hz  err=-17.581Hz  corr=-366.04W  u_ff=83.0W  PCAP→78W  power=77.0W
[PID] perf=26.663Hz  target=9.102Hz  err=-17.561Hz  corr=-365.66W  u_ff=83.0W  PCAP→78W  power=76.6W
[PID] perf=26.694Hz  target=9.102Hz  err=-17.592Hz  corr=-366.24W  u_ff=83.0W  PCAP→78W  power=76.2W
[PID] perf=26.699Hz  target=9.102Hz  err=-17.597Hz  corr=-366.33W  u_ff=83.0W  PCAP→78W  power=79.2W
[PID] perf=26.662Hz  target=9.102Hz  err=-17.560Hz  corr=-365.65W  u_ff=83.0W  PCAP→78W  power=78.3W
[PID] perf=26.637Hz  target=9.102Hz  err=-17.535Hz  corr=-365.18W  u_ff=83.0W  PCAP→78W  power=77.5W
[PID] perf=26.673Hz  target=9.102Hz  err=-17.571Hz  corr=-365.85W  u_ff=83.0W  PCAP→78W  power=79.1W
[PID] perf=26.669Hz  target=9.102Hz  err=-17.567Hz  corr=-365.77W  u_ff=83.0W  PCAP→78W  power=77.9W
[PID] perf=26.684Hz  target=9.102Hz  err=-17.582Hz  corr=-366.05W  u_ff=83.0W  PCAP→78W  power=77.3W
[PID] perf=26.686Hz  target=9.102Hz  err=-17.584Hz  corr=-366.09W  u_ff=83.0W  PCAP→78W  power=78.2W
[PID] perf=26.646Hz  target=9.102Hz  err=-17.544Hz  corr=-365.34W  u_ff=83.0W  PCAP→78W  power=78.0W
[PID] perf=26.691Hz  target=9.102Hz  err=-17.590Hz  corr=-366.19W  u_ff=83.0W  PCAP→78W  power=77.6W
[PID] perf=26.694Hz  target=9.102Hz  err=-17.592Hz  corr=-366.24W  u_ff=83.0W  PCAP→78W  power=78.5W
[PID] perf=26.693Hz  target=9.102Hz  err=-17.592Hz  corr=-366.23W  u_ff=83.0W  PCAP→78W  power=76.9W
[PID] perf=26.675Hz  target=9.102Hz  err=-17.574Hz  corr=-365.89W  u_ff=83.0W  PCAP→78W  power=78.4W
[PID] perf=26.670Hz  target=9.102Hz  err=-17.568Hz  corr=-365.80W  u_ff=83.0W  PCAP→78W  power=77.2W
[PID] perf=26.370Hz  target=9.102Hz  err=-17.268Hz  corr=-360.23W  u_ff=83.0W  PCAP→78W  power=77.9W
[PID] perf=26.682Hz  target=9.102Hz  err=-17.580Hz  corr=-366.01W  u_ff=83.0W  PCAP→78W  power=76.4W
[PID] perf=26.677Hz  target=9.102Hz  err=-17.575Hz  corr=-365.93W  u_ff=83.0W  PCAP→78W  power=77.2W
[PID] perf=26.706Hz  target=9.102Hz  err=-17.604Hz  corr=-366.46W  u_ff=83.0W  PCAP→78W  power=77.5W
[PID] perf=26.698Hz  target=9.102Hz  err=-17.596Hz  corr=-366.31W  u_ff=83.0W  PCAP→78W  power=76.4W
[PID] perf=26.656Hz  target=9.102Hz  err=-17.554Hz  corr=-365.53W  u_ff=83.0W  PCAP→78W  power=77.5W
[PID] perf=26.691Hz  target=9.102Hz  err=-17.589Hz  corr=-366.18W  u_ff=83.0W  PCAP→78W  power=78.4W
[PID] perf=26.699Hz  target=9.102Hz  err=-17.597Hz  corr=-366.34W  u_ff=83.0W  PCAP→78W  power=78.2W
[PID] perf=26.694Hz  target=9.102Hz  err=-17.592Hz  corr=-366.24W  u_ff=83.0W  PCAP→78W  power=76.4W
[PID] perf=26.677Hz  target=9.102Hz  err=-17.575Hz  corr=-365.93W  u_ff=83.0W  PCAP→78W  power=77.5W
[PID] perf=26.659Hz  target=9.102Hz  err=-17.557Hz  corr=-365.59W  u_ff=83.0W  PCAP→78W  power=78.6W
[PID] perf=26.660Hz  target=9.102Hz  err=-17.558Hz  corr=-365.61W  u_ff=83.0W  PCAP→78W  power=77.0W
[PID] perf=26.699Hz  target=9.102Hz  err=-17.597Hz  corr=-366.33W  u_ff=83.0W  PCAP→78W  power=77.5W
[PID] perf=26.683Hz  target=9.102Hz  err=-17.582Hz  corr=-366.05W  u_ff=83.0W  PCAP→78W  power=79.6W
[PID] perf=26.669Hz  target=9.102Hz  err=-17.568Hz  corr=-365.79W  u_ff=83.0W  PCAP→78W  power=77.4W
[PID] perf=26.638Hz  target=9.102Hz  err=-17.537Hz  corr=-365.21W  u_ff=83.0W  PCAP→78W  power=77.0W
[PID] perf=26.673Hz  target=9.102Hz  err=-17.571Hz  corr=-365.85W  u_ff=83.0W  PCAP→78W  power=76.6W
[PID] perf=26.678Hz  target=9.102Hz  err=-17.576Hz  corr=-365.95W  u_ff=83.0W  PCAP→78W  power=77.6W
[PID] perf=26.670Hz  target=9.102Hz  err=-17.568Hz  corr=-365.79W  u_ff=83.0W  PCAP→78W  power=78.2W
[PID] perf=26.681Hz  target=9.102Hz  err=-17.579Hz  corr=-366.00W  u_ff=83.0W  PCAP→78W  power=78.5W
[PID] perf=26.699Hz  target=9.102Hz  err=-17.598Hz  corr=-366.34W  u_ff=83.0W  PCAP→78W  power=78.3W
[PID] perf=26.689Hz  target=9.102Hz  err=-17.587Hz  corr=-366.15W  u_ff=83.0W  PCAP→78W  power=77.0W
[PID] perf=26.681Hz  target=9.102Hz  err=-17.579Hz  corr=-366.01W  u_ff=83.0W  PCAP→78W  power=77.7W
[PID] perf=26.679Hz  target=9.102Hz  err=-17.577Hz  corr=-365.97W  u_ff=83.0W  PCAP→78W  power=77.5W
[PID] perf=26.660Hz  target=9.102Hz  err=-17.558Hz  corr=-365.61W  u_ff=83.0W  PCAP→78W  power=76.7W
[PID] perf=26.688Hz  target=9.102Hz  err=-17.587Hz  corr=-366.14W  u_ff=83.0W  PCAP→78W  power=76.8W
[PID] perf=26.692Hz  target=9.102Hz  err=-17.591Hz  corr=-366.21W  u_ff=83.0W  PCAP→78W  power=76.3W
[PID] perf=26.691Hz  target=9.102Hz  err=-17.589Hz  corr=-366.19W  u_ff=83.0W  PCAP→78W  power=78.6W
[PID] perf=26.678Hz  target=9.102Hz  err=-17.577Hz  corr=-365.95W  u_ff=83.0W  PCAP→78W  power=79.2W
[PID] perf=26.704Hz  target=9.102Hz  err=-17.602Hz  corr=-366.42W  u_ff=83.0W  PCAP→78W  power=78.9W
[PID] perf=26.661Hz  target=9.102Hz  err=-17.559Hz  corr=-365.63W  u_ff=83.0W  PCAP→78W  power=78.6W
[PID] perf=26.667Hz  target=9.102Hz  err=-17.565Hz  corr=-365.73W  u_ff=83.0W  PCAP→78W  power=76.6W
[PID] perf=26.667Hz  target=9.102Hz  err=-17.565Hz  corr=-365.74W  u_ff=83.0W  PCAP→78W  power=78.4W
[PID] perf=26.660Hz  target=9.102Hz  err=-17.558Hz  corr=-365.61W  u_ff=83.0W  PCAP→78W  power=79.2W
[PID] perf=26.683Hz  target=9.102Hz  err=-17.581Hz  corr=-366.03W  u_ff=83.0W  PCAP→78W  power=76.8W
[PID] perf=26.665Hz  target=9.102Hz  err=-17.563Hz  corr=-365.71W  u_ff=83.0W  PCAP→78W  power=78.5W
[PID] perf=26.653Hz  target=9.102Hz  err=-17.552Hz  corr=-365.49W  u_ff=83.0W  PCAP→78W  power=78.7W
[PID] perf=26.656Hz  target=9.102Hz  err=-17.554Hz  corr=-365.54W  u_ff=83.0W  PCAP→78W  power=76.6W
[PID] perf=26.671Hz  target=9.102Hz  err=-17.569Hz  corr=-365.81W  u_ff=83.0W  PCAP→78W  power=76.3W
[PID] perf=26.653Hz  target=9.102Hz  err=-17.551Hz  corr=-365.48W  u_ff=83.0W  PCAP→78W  power=77.0W
[PID] perf=26.641Hz  target=9.102Hz  err=-17.539Hz  corr=-365.25W  u_ff=83.0W  PCAP→78W  power=77.8W
[PID] perf=26.634Hz  target=9.102Hz  err=-17.533Hz  corr=-365.13W  u_ff=83.0W  PCAP→78W  power=79.1W
[PID] perf=26.642Hz  target=9.102Hz  err=-17.540Hz  corr=-365.28W  u_ff=83.0W  PCAP→78W  power=77.6W
[PID] perf=26.644Hz  target=9.102Hz  err=-17.542Hz  corr=-365.31W  u_ff=83.0W  PCAP→78W  power=79.0W
[PID] perf=26.651Hz  target=9.102Hz  err=-17.549Hz  corr=-365.44W  u_ff=83.0W  PCAP→78W  power=79.2W
[PID] perf=26.631Hz  target=9.102Hz  err=-17.530Hz  corr=-365.08W  u_ff=83.0W  PCAP→78W  power=79.1W
[PID] perf=26.670Hz  target=9.102Hz  err=-17.568Hz  corr=-365.79W  u_ff=83.0W  PCAP→78W  power=79.0W
[PID] perf=26.624Hz  target=9.102Hz  err=-17.522Hz  corr=-364.94W  u_ff=83.0W  PCAP→78W  power=77.1W
[PID] perf=26.678Hz  target=9.102Hz  err=-17.576Hz  corr=-365.94W  u_ff=83.0W  PCAP→78W  power=77.0W
[PID] perf=26.645Hz  target=9.102Hz  err=-17.543Hz  corr=-365.33W  u_ff=83.0W  PCAP→78W  power=76.6W
[PID] perf=26.683Hz  target=9.102Hz  err=-17.581Hz  corr=-366.04W  u_ff=83.0W  PCAP→78W  power=77.2W
[PID] perf=26.673Hz  target=9.102Hz  err=-17.572Hz  corr=-365.86W  u_ff=83.0W  PCAP→78W  power=77.0W
[PID] perf=26.650Hz  target=9.102Hz  err=-17.548Hz  corr=-365.42W  u_ff=83.0W  PCAP→78W  power=79.1W
[PID] perf=26.668Hz  target=9.102Hz  err=-17.566Hz  corr=-365.76W  u_ff=83.0W  PCAP→78W  power=78.2W
[PID] perf=26.711Hz  target=9.102Hz  err=-17.609Hz  corr=-366.56W  u_ff=83.0W  PCAP→78W  power=78.9W
[PID] perf=26.680Hz  target=9.102Hz  err=-17.578Hz  corr=-365.98W  u_ff=83.0W  PCAP→78W  power=78.6W
[PID] perf=26.676Hz  target=9.102Hz  err=-17.574Hz  corr=-365.91W  u_ff=83.0W  PCAP→78W  power=77.8W
[PID] perf=26.673Hz  target=9.102Hz  err=-17.571Hz  corr=-365.85W  u_ff=83.0W  PCAP→78W  power=77.2W
[PID] perf=26.692Hz  target=9.102Hz  err=-17.590Hz  corr=-366.21W  u_ff=83.0W  PCAP→78W  power=77.6W
Process completed.
Compressed into /home/cc/summer2024/main_codes/pid_controller/../experiment_data/PID_Control_sweep/ones-npb-cg/compressed_iteration_20260513_010218.tar
----------------------------------

>>> Step 2/3

[ones-npb-cg]
  target perf      : 9.1017 Hz
  coefficients_perf: [-0.0006547837485238978, 0.18607436314256556, -1.8317688501798497]
  feedforward PCAP : 83.00 W  →  83 W (snapped)
  Perf(u_ff) check : 9.1017 Hz  (should ≈ target)
  PID gains        : Kp=18.5447 W/Hz  Ki=1.85447 W/(Hz·s)  Kd=0.0000
[PID] Awaiting data — feedforward PCAP=83W
[PID] Awaiting data — feedforward PCAP=83W
[PID] Awaiting data — feedforward PCAP=83W
[PID] Awaiting data — feedforward PCAP=83W
[PID] Awaiting data — feedforward PCAP=83W
[PID] Awaiting data — feedforward PCAP=83W
[PID] perf=18.753Hz  target=9.102Hz  err=-9.651Hz  corr=-214.77W  u_ff=83.0W  PCAP→78W  power=nanW
[PID] perf=18.077Hz  target=9.102Hz  err=-8.975Hz  corr=-206.44W  u_ff=83.0W  PCAP→78W  power=78.8W
[PID] perf=18.116Hz  target=9.102Hz  err=-9.014Hz  corr=-207.17W  u_ff=83.0W  PCAP→78W  power=79.3W
[PID] perf=18.110Hz  target=9.102Hz  err=-9.008Hz  corr=-207.05W  u_ff=83.0W  PCAP→78W  power=78.8W
[PID] perf=18.138Hz  target=9.102Hz  err=-9.036Hz  corr=-207.57W  u_ff=83.0W  PCAP→78W  power=78.3W
[PID] perf=18.131Hz  target=9.102Hz  err=-9.029Hz  corr=-207.45W  u_ff=83.0W  PCAP→78W  power=78.8W
[PID] perf=18.143Hz  target=9.102Hz  err=-9.041Hz  corr=-207.67W  u_ff=83.0W  PCAP→78W  power=79.1W
[PID] perf=18.141Hz  target=9.102Hz  err=-9.039Hz  corr=-207.62W  u_ff=83.0W  PCAP→78W  power=79.2W
[PID] perf=18.141Hz  target=9.102Hz  err=-9.039Hz  corr=-207.63W  u_ff=83.0W  PCAP→78W  power=78.0W
[PID] perf=18.149Hz  target=9.102Hz  err=-9.048Hz  corr=-207.79W  u_ff=83.0W  PCAP→78W  power=77.9W
[PID] perf=18.150Hz  target=9.102Hz  err=-9.048Hz  corr=-207.79W  u_ff=83.0W  PCAP→78W  power=76.5W
[PID] perf=18.153Hz  target=9.102Hz  err=-9.051Hz  corr=-207.85W  u_ff=83.0W  PCAP→78W  power=77.4W
[PID] perf=18.138Hz  target=9.102Hz  err=-9.036Hz  corr=-207.57W  u_ff=83.0W  PCAP→78W  power=79.1W
[PID] perf=18.154Hz  target=9.102Hz  err=-9.052Hz  corr=-207.87W  u_ff=83.0W  PCAP→78W  power=77.1W
[PID] perf=18.148Hz  target=9.102Hz  err=-9.046Hz  corr=-207.75W  u_ff=83.0W  PCAP→78W  power=76.7W
[PID] perf=18.162Hz  target=9.102Hz  err=-9.060Hz  corr=-208.02W  u_ff=83.0W  PCAP→78W  power=76.5W
[PID] perf=18.131Hz  target=9.102Hz  err=-9.029Hz  corr=-207.44W  u_ff=83.0W  PCAP→78W  power=77.1W
[PID] perf=18.142Hz  target=9.102Hz  err=-9.040Hz  corr=-207.64W  u_ff=83.0W  PCAP→78W  power=79.1W
[PID] perf=18.153Hz  target=9.102Hz  err=-9.051Hz  corr=-207.85W  u_ff=83.0W  PCAP→78W  power=79.1W
[PID] perf=18.153Hz  target=9.102Hz  err=-9.051Hz  corr=-207.85W  u_ff=83.0W  PCAP→78W  power=77.3W
[PID] perf=18.138Hz  target=9.102Hz  err=-9.036Hz  corr=-207.57W  u_ff=83.0W  PCAP→78W  power=77.3W
[PID] perf=18.115Hz  target=9.102Hz  err=-9.013Hz  corr=-207.14W  u_ff=83.0W  PCAP→78W  power=76.5W
[PID] perf=18.151Hz  target=9.102Hz  err=-9.049Hz  corr=-207.81W  u_ff=83.0W  PCAP→78W  power=78.4W
[PID] perf=18.162Hz  target=9.102Hz  err=-9.060Hz  corr=-208.02W  u_ff=83.0W  PCAP→78W  power=77.0W
[PID] perf=18.160Hz  target=9.102Hz  err=-9.058Hz  corr=-207.98W  u_ff=83.0W  PCAP→78W  power=79.0W
[PID] perf=18.140Hz  target=9.102Hz  err=-9.038Hz  corr=-207.61W  u_ff=83.0W  PCAP→78W  power=77.8W
[PID] perf=18.135Hz  target=9.102Hz  err=-9.034Hz  corr=-207.53W  u_ff=83.0W  PCAP→78W  power=78.6W
[PID] perf=18.132Hz  target=9.102Hz  err=-9.030Hz  corr=-207.47W  u_ff=83.0W  PCAP→78W  power=76.4W
[PID] perf=18.143Hz  target=9.102Hz  err=-9.041Hz  corr=-207.67W  u_ff=83.0W  PCAP→78W  power=78.7W
[PID] perf=18.145Hz  target=9.102Hz  err=-9.044Hz  corr=-207.71W  u_ff=83.0W  PCAP→78W  power=79.3W
[PID] perf=18.138Hz  target=9.102Hz  err=-9.036Hz  corr=-207.57W  u_ff=83.0W  PCAP→78W  power=77.9W
[PID] perf=18.128Hz  target=9.102Hz  err=-9.027Hz  corr=-207.39W  u_ff=83.0W  PCAP→78W  power=77.4W
[PID] perf=18.136Hz  target=9.102Hz  err=-9.034Hz  corr=-207.53W  u_ff=83.0W  PCAP→78W  power=76.8W
[PID] perf=18.140Hz  target=9.102Hz  err=-9.038Hz  corr=-207.62W  u_ff=83.0W  PCAP→78W  power=76.6W
[PID] perf=18.139Hz  target=9.102Hz  err=-9.038Hz  corr=-207.60W  u_ff=83.0W  PCAP→78W  power=78.1W
[PID] perf=18.137Hz  target=9.102Hz  err=-9.036Hz  corr=-207.56W  u_ff=83.0W  PCAP→78W  power=78.2W
[PID] perf=18.145Hz  target=9.102Hz  err=-9.044Hz  corr=-207.71W  u_ff=83.0W  PCAP→78W  power=77.9W
[PID] perf=18.131Hz  target=9.102Hz  err=-9.029Hz  corr=-207.44W  u_ff=83.0W  PCAP→78W  power=78.8W
[PID] perf=18.128Hz  target=9.102Hz  err=-9.027Hz  corr=-207.40W  u_ff=83.0W  PCAP→78W  power=77.8W
[PID] perf=18.052Hz  target=9.102Hz  err=-8.951Hz  corr=-205.99W  u_ff=83.0W  PCAP→78W  power=78.0W
[PID] perf=18.093Hz  target=9.102Hz  err=-8.991Hz  corr=-206.74W  u_ff=83.0W  PCAP→78W  power=78.6W
[PID] perf=18.103Hz  target=9.102Hz  err=-9.001Hz  corr=-206.93W  u_ff=83.0W  PCAP→78W  power=76.4W
[PID] perf=18.108Hz  target=9.102Hz  err=-9.006Hz  corr=-207.01W  u_ff=83.0W  PCAP→78W  power=77.4W
[PID] perf=18.106Hz  target=9.102Hz  err=-9.005Hz  corr=-206.99W  u_ff=83.0W  PCAP→78W  power=78.9W
[PID] perf=18.071Hz  target=9.102Hz  err=-8.970Hz  corr=-206.34W  u_ff=83.0W  PCAP→78W  power=76.4W
[PID] perf=18.095Hz  target=9.102Hz  err=-8.993Hz  corr=-206.77W  u_ff=83.0W  PCAP→78W  power=77.9W
[PID] perf=18.101Hz  target=9.102Hz  err=-8.999Hz  corr=-206.88W  u_ff=83.0W  PCAP→78W  power=76.5W
[PID] perf=18.085Hz  target=9.102Hz  err=-8.983Hz  corr=-206.59W  u_ff=83.0W  PCAP→78W  power=78.5W
[PID] perf=18.097Hz  target=9.102Hz  err=-8.995Hz  corr=-206.81W  u_ff=83.0W  PCAP→78W  power=79.4W
[PID] perf=18.099Hz  target=9.102Hz  err=-8.998Hz  corr=-206.86W  u_ff=83.0W  PCAP→78W  power=78.1W
[PID] perf=18.091Hz  target=9.102Hz  err=-8.989Hz  corr=-206.70W  u_ff=83.0W  PCAP→78W  power=76.6W
[PID] perf=18.102Hz  target=9.102Hz  err=-9.000Hz  corr=-206.90W  u_ff=83.0W  PCAP→78W  power=77.4W
[PID] perf=18.108Hz  target=9.102Hz  err=-9.006Hz  corr=-207.02W  u_ff=83.0W  PCAP→78W  power=77.3W
[PID] perf=18.100Hz  target=9.102Hz  err=-8.998Hz  corr=-206.86W  u_ff=83.0W  PCAP→78W  power=78.2W
[PID] perf=18.106Hz  target=9.102Hz  err=-9.004Hz  corr=-206.98W  u_ff=83.0W  PCAP→78W  power=78.6W
[PID] perf=18.113Hz  target=9.102Hz  err=-9.011Hz  corr=-207.11W  u_ff=83.0W  PCAP→78W  power=76.8W
[PID] perf=18.095Hz  target=9.102Hz  err=-8.994Hz  corr=-206.79W  u_ff=83.0W  PCAP→78W  power=79.1W
[PID] perf=18.108Hz  target=9.102Hz  err=-9.006Hz  corr=-207.01W  u_ff=83.0W  PCAP→78W  power=77.2W
[PID] perf=18.097Hz  target=9.102Hz  err=-8.995Hz  corr=-206.81W  u_ff=83.0W  PCAP→78W  power=76.4W
[PID] perf=18.112Hz  target=9.102Hz  err=-9.010Hz  corr=-207.09W  u_ff=83.0W  PCAP→78W  power=76.7W
[PID] perf=18.109Hz  target=9.102Hz  err=-9.007Hz  corr=-207.04W  u_ff=83.0W  PCAP→78W  power=77.3W
[PID] perf=18.100Hz  target=9.102Hz  err=-8.998Hz  corr=-206.87W  u_ff=83.0W  PCAP→78W  power=78.4W
[PID] perf=18.117Hz  target=9.102Hz  err=-9.015Hz  corr=-207.18W  u_ff=83.0W  PCAP→78W  power=78.8W
[PID] perf=18.115Hz  target=9.102Hz  err=-9.013Hz  corr=-207.14W  u_ff=83.0W  PCAP→78W  power=78.8W
[PID] perf=18.102Hz  target=9.102Hz  err=-9.000Hz  corr=-206.91W  u_ff=83.0W  PCAP→78W  power=76.4W
[PID] perf=18.129Hz  target=9.102Hz  err=-9.027Hz  corr=-207.40W  u_ff=83.0W  PCAP→78W  power=76.9W
[PID] perf=18.107Hz  target=9.102Hz  err=-9.005Hz  corr=-207.00W  u_ff=83.0W  PCAP→78W  power=77.2W
[PID] perf=18.116Hz  target=9.102Hz  err=-9.014Hz  corr=-207.16W  u_ff=83.0W  PCAP→78W  power=78.5W
[PID] perf=18.118Hz  target=9.102Hz  err=-9.016Hz  corr=-207.20W  u_ff=83.0W  PCAP→78W  power=78.5W
[PID] perf=18.099Hz  target=9.102Hz  err=-8.997Hz  corr=-206.85W  u_ff=83.0W  PCAP→78W  power=77.8W
[PID] perf=18.094Hz  target=9.102Hz  err=-8.993Hz  corr=-206.76W  u_ff=83.0W  PCAP→78W  power=78.3W
[PID] perf=18.114Hz  target=9.102Hz  err=-9.012Hz  corr=-207.12W  u_ff=83.0W  PCAP→78W  power=77.8W
[PID] perf=18.085Hz  target=9.102Hz  err=-8.983Hz  corr=-206.59W  u_ff=83.0W  PCAP→78W  power=77.2W
[PID] perf=18.095Hz  target=9.102Hz  err=-8.993Hz  corr=-206.77W  u_ff=83.0W  PCAP→78W  power=76.5W
[PID] perf=18.094Hz  target=9.102Hz  err=-8.992Hz  corr=-206.76W  u_ff=83.0W  PCAP→78W  power=77.9W
[PID] perf=18.115Hz  target=9.102Hz  err=-9.014Hz  corr=-207.15W  u_ff=83.0W  PCAP→78W  power=78.9W
[PID] perf=18.097Hz  target=9.102Hz  err=-8.995Hz  corr=-206.82W  u_ff=83.0W  PCAP→78W  power=78.7W
[PID] perf=18.106Hz  target=9.102Hz  err=-9.005Hz  corr=-206.99W  u_ff=83.0W  PCAP→78W  power=79.4W
[PID] perf=18.103Hz  target=9.102Hz  err=-9.001Hz  corr=-206.93W  u_ff=83.0W  PCAP→78W  power=78.7W
[PID] perf=18.120Hz  target=9.102Hz  err=-9.018Hz  corr=-207.24W  u_ff=83.0W  PCAP→78W  power=77.8W
[PID] perf=18.116Hz  target=9.102Hz  err=-9.014Hz  corr=-207.17W  u_ff=83.0W  PCAP→78W  power=78.3W
[PID] perf=18.088Hz  target=9.102Hz  err=-8.986Hz  corr=-206.64W  u_ff=83.0W  PCAP→78W  power=78.0W
[PID] perf=18.097Hz  target=9.102Hz  err=-8.995Hz  corr=-206.81W  u_ff=83.0W  PCAP→78W  power=76.9W
[PID] perf=18.109Hz  target=9.102Hz  err=-9.007Hz  corr=-207.03W  u_ff=83.0W  PCAP→78W  power=76.6W
[PID] perf=18.103Hz  target=9.102Hz  err=-9.001Hz  corr=-206.92W  u_ff=83.0W  PCAP→78W  power=78.5W
[PID] perf=18.097Hz  target=9.102Hz  err=-8.995Hz  corr=-206.81W  u_ff=83.0W  PCAP→78W  power=78.0W
[PID] perf=18.103Hz  target=9.102Hz  err=-9.001Hz  corr=-206.92W  u_ff=83.0W  PCAP→78W  power=77.4W
[PID] perf=18.095Hz  target=9.102Hz  err=-8.993Hz  corr=-206.78W  u_ff=83.0W  PCAP→78W  power=77.8W
[PID] perf=18.094Hz  target=9.102Hz  err=-8.993Hz  corr=-206.77W  u_ff=83.0W  PCAP→78W  power=77.4W
[PID] perf=18.119Hz  target=9.102Hz  err=-9.017Hz  corr=-207.22W  u_ff=83.0W  PCAP→78W  power=77.4W
[PID] perf=18.081Hz  target=9.102Hz  err=-8.980Hz  corr=-206.52W  u_ff=83.0W  PCAP→78W  power=77.5W
[PID] perf=18.089Hz  target=9.102Hz  err=-8.988Hz  corr=-206.67W  u_ff=83.0W  PCAP→78W  power=77.3W
[PID] perf=18.089Hz  target=9.102Hz  err=-8.987Hz  corr=-206.67W  u_ff=83.0W  PCAP→78W  power=77.2W
[PID] perf=18.096Hz  target=9.102Hz  err=-8.994Hz  corr=-206.79W  u_ff=83.0W  PCAP→78W  power=77.5W
[PID] perf=18.098Hz  target=9.102Hz  err=-8.996Hz  corr=-206.83W  u_ff=83.0W  PCAP→78W  power=77.3W
[PID] perf=18.105Hz  target=9.102Hz  err=-9.004Hz  corr=-206.97W  u_ff=83.0W  PCAP→78W  power=77.7W
[PID] perf=18.087Hz  target=9.102Hz  err=-8.985Hz  corr=-206.63W  u_ff=83.0W  PCAP→78W  power=77.6W
[PID] perf=18.111Hz  target=9.102Hz  err=-9.010Hz  corr=-207.08W  u_ff=83.0W  PCAP→78W  power=78.9W
[PID] perf=18.101Hz  target=9.102Hz  err=-8.999Hz  corr=-206.88W  u_ff=83.0W  PCAP→78W  power=78.5W
[PID] perf=18.101Hz  target=9.102Hz  err=-8.999Hz  corr=-206.89W  u_ff=83.0W  PCAP→78W  power=78.4W
[PID] perf=18.103Hz  target=9.102Hz  err=-9.001Hz  corr=-206.92W  u_ff=83.0W  PCAP→78W  power=78.7W
[PID] perf=18.117Hz  target=9.102Hz  err=-9.015Hz  corr=-207.18W  u_ff=83.0W  PCAP→78W  power=77.5W
[PID] perf=18.115Hz  target=9.102Hz  err=-9.013Hz  corr=-207.15W  u_ff=83.0W  PCAP→78W  power=77.5W
[PID] perf=18.127Hz  target=9.102Hz  err=-9.025Hz  corr=-207.37W  u_ff=83.0W  PCAP→78W  power=76.6W
[PID] perf=18.103Hz  target=9.102Hz  err=-9.001Hz  corr=-206.92W  u_ff=83.0W  PCAP→78W  power=76.6W
[PID] perf=18.084Hz  target=9.102Hz  err=-8.982Hz  corr=-206.57W  u_ff=83.0W  PCAP→78W  power=77.0W
[PID] perf=18.122Hz  target=9.102Hz  err=-9.020Hz  corr=-207.28W  u_ff=83.0W  PCAP→78W  power=78.7W
[PID] perf=18.106Hz  target=9.102Hz  err=-9.004Hz  corr=-206.97W  u_ff=83.0W  PCAP→78W  power=77.4W
[PID] perf=18.124Hz  target=9.102Hz  err=-9.022Hz  corr=-207.32W  u_ff=83.0W  PCAP→78W  power=77.7W
[PID] perf=18.091Hz  target=9.102Hz  err=-8.989Hz  corr=-206.71W  u_ff=83.0W  PCAP→78W  power=77.4W
[PID] perf=18.111Hz  target=9.102Hz  err=-9.009Hz  corr=-207.07W  u_ff=83.0W  PCAP→78W  power=78.3W
[PID] perf=18.129Hz  target=9.102Hz  err=-9.027Hz  corr=-207.41W  u_ff=83.0W  PCAP→78W  power=78.7W
[PID] perf=24.315Hz  target=9.102Hz  err=-15.213Hz  corr=-322.13W  u_ff=83.0W  PCAP→78W  power=78.4W
[PID] perf=27.378Hz  target=9.102Hz  err=-18.277Hz  corr=-378.93W  u_ff=83.0W  PCAP→78W  power=79.1W
[PID] perf=27.476Hz  target=9.102Hz  err=-18.375Hz  corr=-380.75W  u_ff=83.0W  PCAP→78W  power=78.2W
[PID] perf=27.522Hz  target=9.102Hz  err=-18.420Hz  corr=-381.59W  u_ff=83.0W  PCAP→78W  power=76.7W
[PID] perf=27.502Hz  target=9.102Hz  err=-18.400Hz  corr=-381.22W  u_ff=83.0W  PCAP→78W  power=76.8W
[PID] perf=27.495Hz  target=9.102Hz  err=-18.394Hz  corr=-381.11W  u_ff=83.0W  PCAP→78W  power=77.9W
[PID] perf=27.505Hz  target=9.102Hz  err=-18.403Hz  corr=-381.28W  u_ff=83.0W  PCAP→78W  power=78.3W
[PID] perf=27.500Hz  target=9.102Hz  err=-18.399Hz  corr=-381.20W  u_ff=83.0W  PCAP→78W  power=78.8W
[PID] perf=27.533Hz  target=9.102Hz  err=-18.431Hz  corr=-381.80W  u_ff=83.0W  PCAP→78W  power=78.6W
[PID] perf=27.521Hz  target=9.102Hz  err=-18.419Hz  corr=-381.58W  u_ff=83.0W  PCAP→78W  power=79.0W
[PID] perf=27.500Hz  target=9.102Hz  err=-18.399Hz  corr=-381.20W  u_ff=83.0W  PCAP→78W  power=78.6W
[PID] perf=27.521Hz  target=9.102Hz  err=-18.420Hz  corr=-381.58W  u_ff=83.0W  PCAP→78W  power=78.8W
[PID] perf=27.533Hz  target=9.102Hz  err=-18.431Hz  corr=-381.81W  u_ff=83.0W  PCAP→78W  power=77.0W
[PID] perf=27.582Hz  target=9.102Hz  err=-18.480Hz  corr=-382.71W  u_ff=83.0W  PCAP→78W  power=78.6W
[PID] perf=27.565Hz  target=9.102Hz  err=-18.463Hz  corr=-382.39W  u_ff=83.0W  PCAP→78W  power=76.5W
[PID] perf=27.579Hz  target=9.102Hz  err=-18.477Hz  corr=-382.65W  u_ff=83.0W  PCAP→78W  power=77.2W
[PID] perf=27.574Hz  target=9.102Hz  err=-18.472Hz  corr=-382.55W  u_ff=83.0W  PCAP→78W  power=78.0W
[PID] perf=27.542Hz  target=9.102Hz  err=-18.440Hz  corr=-381.97W  u_ff=83.0W  PCAP→78W  power=79.3W
[PID] perf=27.544Hz  target=9.102Hz  err=-18.442Hz  corr=-382.00W  u_ff=83.0W  PCAP→78W  power=77.8W
[PID] perf=27.391Hz  target=9.102Hz  err=-18.289Hz  corr=-379.17W  u_ff=83.0W  PCAP→78W  power=76.9W
[PID] perf=27.507Hz  target=9.102Hz  err=-18.405Hz  corr=-381.32W  u_ff=83.0W  PCAP→78W  power=76.6W
[PID] perf=27.395Hz  target=9.102Hz  err=-18.293Hz  corr=-379.24W  u_ff=83.0W  PCAP→78W  power=77.0W
[PID] perf=27.460Hz  target=9.102Hz  err=-18.359Hz  corr=-380.46W  u_ff=83.0W  PCAP→78W  power=79.3W
[PID] perf=27.480Hz  target=9.102Hz  err=-18.379Hz  corr=-380.83W  u_ff=83.0W  PCAP→78W  power=77.1W
[PID] perf=27.486Hz  target=9.102Hz  err=-18.384Hz  corr=-380.93W  u_ff=83.0W  PCAP→78W  power=78.9W
[PID] perf=27.463Hz  target=9.102Hz  err=-18.361Hz  corr=-380.50W  u_ff=83.0W  PCAP→78W  power=78.9W
[PID] perf=27.490Hz  target=9.102Hz  err=-18.388Hz  corr=-381.01W  u_ff=83.0W  PCAP→78W  power=77.2W
[PID] perf=27.464Hz  target=9.102Hz  err=-18.362Hz  corr=-380.52W  u_ff=83.0W  PCAP→78W  power=77.6W
[PID] perf=27.440Hz  target=9.102Hz  err=-18.338Hz  corr=-380.07W  u_ff=83.0W  PCAP→78W  power=77.0W
[PID] perf=27.490Hz  target=9.102Hz  err=-18.388Hz  corr=-381.01W  u_ff=83.0W  PCAP→78W  power=77.1W
[PID] perf=27.425Hz  target=9.102Hz  err=-18.323Hz  corr=-379.79W  u_ff=83.0W  PCAP→78W  power=77.2W
[PID] perf=27.472Hz  target=9.102Hz  err=-18.370Hz  corr=-380.66W  u_ff=83.0W  PCAP→78W  power=77.1W
[PID] perf=27.399Hz  target=9.102Hz  err=-18.298Hz  corr=-379.33W  u_ff=83.0W  PCAP→78W  power=78.3W
[PID] perf=27.470Hz  target=9.102Hz  err=-18.368Hz  corr=-380.63W  u_ff=83.0W  PCAP→78W  power=76.4W
[PID] perf=27.494Hz  target=9.102Hz  err=-18.392Hz  corr=-381.08W  u_ff=83.0W  PCAP→78W  power=78.4W
[PID] perf=27.479Hz  target=9.102Hz  err=-18.377Hz  corr=-380.79W  u_ff=83.0W  PCAP→78W  power=78.3W
[PID] perf=27.479Hz  target=9.102Hz  err=-18.377Hz  corr=-380.80W  u_ff=83.0W  PCAP→78W  power=78.2W
[PID] perf=27.420Hz  target=9.102Hz  err=-18.318Hz  corr=-379.71W  u_ff=83.0W  PCAP→78W  power=77.5W
[PID] perf=27.465Hz  target=9.102Hz  err=-18.363Hz  corr=-380.54W  u_ff=83.0W  PCAP→78W  power=76.3W
[PID] perf=27.460Hz  target=9.102Hz  err=-18.359Hz  corr=-380.45W  u_ff=83.0W  PCAP→78W  power=76.2W
[PID] perf=27.428Hz  target=9.102Hz  err=-18.326Hz  corr=-379.86W  u_ff=83.0W  PCAP→78W  power=78.4W
[PID] perf=27.462Hz  target=9.102Hz  err=-18.360Hz  corr=-380.49W  u_ff=83.0W  PCAP→78W  power=77.2W
[PID] perf=27.466Hz  target=9.102Hz  err=-18.364Hz  corr=-380.56W  u_ff=83.0W  PCAP→78W  power=77.0W
[PID] perf=27.474Hz  target=9.102Hz  err=-18.372Hz  corr=-380.70W  u_ff=83.0W  PCAP→78W  power=79.4W
[PID] perf=27.491Hz  target=9.102Hz  err=-18.389Hz  corr=-381.01W  u_ff=83.0W  PCAP→78W  power=79.3W
[PID] perf=27.463Hz  target=9.102Hz  err=-18.361Hz  corr=-380.50W  u_ff=83.0W  PCAP→78W  power=77.3W
[PID] perf=27.470Hz  target=9.102Hz  err=-18.368Hz  corr=-380.63W  u_ff=83.0W  PCAP→78W  power=79.0W
[PID] perf=27.480Hz  target=9.102Hz  err=-18.378Hz  corr=-380.81W  u_ff=83.0W  PCAP→78W  power=77.3W
[PID] perf=27.375Hz  target=9.102Hz  err=-18.273Hz  corr=-378.87W  u_ff=83.0W  PCAP→78W  power=76.3W
[PID] perf=27.193Hz  target=9.102Hz  err=-18.091Hz  corr=-375.49W  u_ff=83.0W  PCAP→78W  power=76.3W
[PID] perf=27.226Hz  target=9.102Hz  err=-18.124Hz  corr=-376.11W  u_ff=83.0W  PCAP→78W  power=77.4W
[PID] perf=27.258Hz  target=9.102Hz  err=-18.156Hz  corr=-376.70W  u_ff=83.0W  PCAP→78W  power=76.8W
[PID] perf=27.260Hz  target=9.102Hz  err=-18.158Hz  corr=-376.74W  u_ff=83.0W  PCAP→78W  power=78.6W
[PID] perf=27.306Hz  target=9.102Hz  err=-18.204Hz  corr=-377.59W  u_ff=83.0W  PCAP→78W  power=79.0W
[PID] perf=27.319Hz  target=9.102Hz  err=-18.218Hz  corr=-377.84W  u_ff=83.0W  PCAP→78W  power=78.0W
[PID] perf=27.303Hz  target=9.102Hz  err=-18.201Hz  corr=-377.53W  u_ff=83.0W  PCAP→78W  power=77.2W
[PID] perf=27.293Hz  target=9.102Hz  err=-18.191Hz  corr=-377.35W  u_ff=83.0W  PCAP→78W  power=77.2W
[PID] perf=27.310Hz  target=9.102Hz  err=-18.209Hz  corr=-377.67W  u_ff=83.0W  PCAP→78W  power=78.9W
[PID] perf=27.284Hz  target=9.102Hz  err=-18.183Hz  corr=-377.19W  u_ff=83.0W  PCAP→78W  power=76.5W
[PID] perf=27.320Hz  target=9.102Hz  err=-18.218Hz  corr=-377.85W  u_ff=83.0W  PCAP→78W  power=78.1W
[PID] perf=27.316Hz  target=9.102Hz  err=-18.214Hz  corr=-377.78W  u_ff=83.0W  PCAP→78W  power=76.2W
[PID] perf=27.315Hz  target=9.102Hz  err=-18.213Hz  corr=-377.76W  u_ff=83.0W  PCAP→78W  power=77.9W
[PID] perf=27.317Hz  target=9.102Hz  err=-18.215Hz  corr=-377.79W  u_ff=83.0W  PCAP→78W  power=78.9W
[PID] perf=27.353Hz  target=9.102Hz  err=-18.251Hz  corr=-378.47W  u_ff=83.0W  PCAP→78W  power=78.1W
[PID] perf=27.320Hz  target=9.102Hz  err=-18.219Hz  corr=-377.86W  u_ff=83.0W  PCAP→78W  power=77.4W
[PID] perf=27.320Hz  target=9.102Hz  err=-18.218Hz  corr=-377.85W  u_ff=83.0W  PCAP→78W  power=76.4W
[PID] perf=27.313Hz  target=9.102Hz  err=-18.211Hz  corr=-377.72W  u_ff=83.0W  PCAP→78W  power=76.9W
[PID] perf=27.309Hz  target=9.102Hz  err=-18.208Hz  corr=-377.65W  u_ff=83.0W  PCAP→78W  power=77.5W
[PID] perf=27.311Hz  target=9.102Hz  err=-18.209Hz  corr=-377.68W  u_ff=83.0W  PCAP→78W  power=77.3W
[PID] perf=27.325Hz  target=9.102Hz  err=-18.223Hz  corr=-377.95W  u_ff=83.0W  PCAP→78W  power=76.8W
[PID] perf=27.299Hz  target=9.102Hz  err=-18.198Hz  corr=-377.47W  u_ff=83.0W  PCAP→78W  power=77.6W
[PID] perf=27.279Hz  target=9.102Hz  err=-18.177Hz  corr=-377.08W  u_ff=83.0W  PCAP→78W  power=77.4W
[PID] perf=27.292Hz  target=9.102Hz  err=-18.190Hz  corr=-377.33W  u_ff=83.0W  PCAP→78W  power=79.0W
[PID] perf=27.344Hz  target=9.102Hz  err=-18.242Hz  corr=-378.29W  u_ff=83.0W  PCAP→78W  power=77.3W
[PID] perf=27.309Hz  target=9.102Hz  err=-18.208Hz  corr=-377.65W  u_ff=83.0W  PCAP→78W  power=77.5W
[PID] perf=27.305Hz  target=9.102Hz  err=-18.203Hz  corr=-377.57W  u_ff=83.0W  PCAP→78W  power=77.5W
[PID] perf=27.351Hz  target=9.102Hz  err=-18.249Hz  corr=-378.42W  u_ff=83.0W  PCAP→78W  power=78.1W
[PID] perf=27.316Hz  target=9.102Hz  err=-18.214Hz  corr=-377.77W  u_ff=83.0W  PCAP→78W  power=77.1W
[PID] perf=27.368Hz  target=9.102Hz  err=-18.267Hz  corr=-378.75W  u_ff=83.0W  PCAP→78W  power=78.5W
[PID] perf=27.376Hz  target=9.102Hz  err=-18.274Hz  corr=-378.89W  u_ff=83.0W  PCAP→78W  power=77.7W
[PID] perf=27.372Hz  target=9.102Hz  err=-18.270Hz  corr=-378.81W  u_ff=83.0W  PCAP→78W  power=78.3W
[PID] perf=27.347Hz  target=9.102Hz  err=-18.245Hz  corr=-378.35W  u_ff=83.0W  PCAP→78W  power=77.2W
[PID] perf=27.328Hz  target=9.102Hz  err=-18.227Hz  corr=-378.01W  u_ff=83.0W  PCAP→78W  power=78.4W
[PID] perf=27.329Hz  target=9.102Hz  err=-18.228Hz  corr=-378.02W  u_ff=83.0W  PCAP→78W  power=78.2W
[PID] perf=27.304Hz  target=9.102Hz  err=-18.202Hz  corr=-377.56W  u_ff=83.0W  PCAP→78W  power=77.8W
[PID] perf=27.311Hz  target=9.102Hz  err=-18.209Hz  corr=-377.69W  u_ff=83.0W  PCAP→78W  power=75.9W
[PID] perf=27.319Hz  target=9.102Hz  err=-18.217Hz  corr=-377.84W  u_ff=83.0W  PCAP→78W  power=77.5W
[PID] perf=27.308Hz  target=9.102Hz  err=-18.207Hz  corr=-377.64W  u_ff=83.0W  PCAP→78W  power=77.1W
[PID] perf=27.301Hz  target=9.102Hz  err=-18.200Hz  corr=-377.51W  u_ff=83.0W  PCAP→78W  power=77.6W
[PID] perf=27.319Hz  target=9.102Hz  err=-18.217Hz  corr=-377.84W  u_ff=83.0W  PCAP→78W  power=76.9W
[PID] perf=27.326Hz  target=9.102Hz  err=-18.225Hz  corr=-377.97W  u_ff=83.0W  PCAP→78W  power=79.2W
[PID] perf=27.336Hz  target=9.102Hz  err=-18.235Hz  corr=-378.16W  u_ff=83.0W  PCAP→78W  power=78.2W
[PID] perf=27.329Hz  target=9.102Hz  err=-18.228Hz  corr=-378.03W  u_ff=83.0W  PCAP→78W  power=77.7W
[PID] perf=27.326Hz  target=9.102Hz  err=-18.224Hz  corr=-377.96W  u_ff=83.0W  PCAP→78W  power=77.2W
[PID] perf=27.350Hz  target=9.102Hz  err=-18.248Hz  corr=-378.41W  u_ff=83.0W  PCAP→78W  power=77.4W
[PID] perf=27.360Hz  target=9.102Hz  err=-18.258Hz  corr=-378.60W  u_ff=83.0W  PCAP→78W  power=79.1W
[PID] perf=27.341Hz  target=9.102Hz  err=-18.239Hz  corr=-378.23W  u_ff=83.0W  PCAP→78W  power=77.7W
[PID] perf=27.371Hz  target=9.102Hz  err=-18.269Hz  corr=-378.79W  u_ff=83.0W  PCAP→78W  power=76.7W
[PID] perf=27.376Hz  target=9.102Hz  err=-18.274Hz  corr=-378.88W  u_ff=83.0W  PCAP→78W  power=78.5W
[PID] perf=27.367Hz  target=9.102Hz  err=-18.265Hz  corr=-378.72W  u_ff=83.0W  PCAP→78W  power=78.6W
[PID] perf=27.334Hz  target=9.102Hz  err=-18.232Hz  corr=-378.11W  u_ff=83.0W  PCAP→78W  power=79.0W
[PID] perf=27.349Hz  target=9.102Hz  err=-18.247Hz  corr=-378.39W  u_ff=83.0W  PCAP→78W  power=78.0W
[PID] perf=27.334Hz  target=9.102Hz  err=-18.232Hz  corr=-378.12W  u_ff=83.0W  PCAP→78W  power=77.1W
[PID] perf=27.346Hz  target=9.102Hz  err=-18.245Hz  corr=-378.34W  u_ff=83.0W  PCAP→78W  power=79.4W
[PID] perf=25.019Hz  target=9.102Hz  err=-15.917Hz  corr=-335.18W  u_ff=83.0W  PCAP→78W  power=76.9W
[PID] perf=25.127Hz  target=9.102Hz  err=-16.026Hz  corr=-337.19W  u_ff=83.0W  PCAP→78W  power=77.4W
[PID] perf=25.194Hz  target=9.102Hz  err=-16.093Hz  corr=-338.43W  u_ff=83.0W  PCAP→78W  power=78.0W
[PID] perf=25.192Hz  target=9.102Hz  err=-16.090Hz  corr=-338.39W  u_ff=83.0W  PCAP→78W  power=78.6W
[PID] perf=25.240Hz  target=9.102Hz  err=-16.138Hz  corr=-339.28W  u_ff=83.0W  PCAP→78W  power=78.4W
[PID] perf=25.234Hz  target=9.102Hz  err=-16.132Hz  corr=-339.17W  u_ff=83.0W  PCAP→78W  power=78.2W
[PID] perf=25.580Hz  target=9.102Hz  err=-16.478Hz  corr=-345.58W  u_ff=83.0W  PCAP→78W  power=78.8W
[PID] perf=25.635Hz  target=9.102Hz  err=-16.533Hz  corr=-346.61W  u_ff=83.0W  PCAP→78W  power=77.2W
[PID] perf=25.617Hz  target=9.102Hz  err=-16.515Hz  corr=-346.27W  u_ff=83.0W  PCAP→78W  power=77.3W
[PID] perf=25.649Hz  target=9.102Hz  err=-16.547Hz  corr=-346.86W  u_ff=83.0W  PCAP→78W  power=78.5W
[PID] perf=25.646Hz  target=9.102Hz  err=-16.544Hz  corr=-346.80W  u_ff=83.0W  PCAP→78W  power=78.6W
[PID] perf=25.637Hz  target=9.102Hz  err=-16.536Hz  corr=-346.65W  u_ff=83.0W  PCAP→78W  power=78.7W
[PID] perf=25.654Hz  target=9.102Hz  err=-16.553Hz  corr=-346.96W  u_ff=83.0W  PCAP→78W  power=76.4W
[PID] perf=25.670Hz  target=9.102Hz  err=-16.568Hz  corr=-347.25W  u_ff=83.0W  PCAP→78W  power=78.0W
[PID] perf=25.660Hz  target=9.102Hz  err=-16.559Hz  corr=-347.08W  u_ff=83.0W  PCAP→78W  power=76.5W
[PID] perf=25.669Hz  target=9.102Hz  err=-16.567Hz  corr=-347.23W  u_ff=83.0W  PCAP→78W  power=78.7W
[PID] perf=25.646Hz  target=9.102Hz  err=-16.544Hz  corr=-346.80W  u_ff=83.0W  PCAP→78W  power=76.7W
[PID] perf=25.647Hz  target=9.102Hz  err=-16.545Hz  corr=-346.83W  u_ff=83.0W  PCAP→78W  power=77.5W
[PID] perf=25.665Hz  target=9.102Hz  err=-16.564Hz  corr=-347.17W  u_ff=83.0W  PCAP→78W  power=78.0W
[PID] perf=25.659Hz  target=9.102Hz  err=-16.558Hz  corr=-347.06W  u_ff=83.0W  PCAP→78W  power=79.2W
[PID] perf=25.667Hz  target=9.102Hz  err=-16.565Hz  corr=-347.20W  u_ff=83.0W  PCAP→78W  power=78.7W
[PID] perf=25.652Hz  target=9.102Hz  err=-16.550Hz  corr=-346.91W  u_ff=83.0W  PCAP→78W  power=78.9W
[PID] perf=25.681Hz  target=9.102Hz  err=-16.579Hz  corr=-347.45W  u_ff=83.0W  PCAP→78W  power=77.8W
[PID] perf=25.688Hz  target=9.102Hz  err=-16.586Hz  corr=-347.58W  u_ff=83.0W  PCAP→78W  power=78.0W
[PID] perf=25.668Hz  target=9.102Hz  err=-16.567Hz  corr=-347.22W  u_ff=83.0W  PCAP→78W  power=77.9W
[PID] perf=25.693Hz  target=9.102Hz  err=-16.591Hz  corr=-347.67W  u_ff=83.0W  PCAP→78W  power=77.0W
[PID] perf=25.674Hz  target=9.102Hz  err=-16.572Hz  corr=-347.32W  u_ff=83.0W  PCAP→78W  power=78.7W
[PID] perf=25.687Hz  target=9.102Hz  err=-16.585Hz  corr=-347.57W  u_ff=83.0W  PCAP→78W  power=78.3W
[PID] perf=25.643Hz  target=9.102Hz  err=-16.541Hz  corr=-346.75W  u_ff=83.0W  PCAP→78W  power=78.7W
[PID] perf=25.659Hz  target=9.102Hz  err=-16.557Hz  corr=-347.05W  u_ff=83.0W  PCAP→78W  power=78.2W
[PID] perf=25.643Hz  target=9.102Hz  err=-16.541Hz  corr=-346.75W  u_ff=83.0W  PCAP→78W  power=77.6W
[PID] perf=25.674Hz  target=9.102Hz  err=-16.573Hz  corr=-347.34W  u_ff=83.0W  PCAP→78W  power=77.2W
[PID] perf=25.674Hz  target=9.102Hz  err=-16.572Hz  corr=-347.33W  u_ff=83.0W  PCAP→78W  power=77.5W
[PID] perf=25.640Hz  target=9.102Hz  err=-16.538Hz  corr=-346.69W  u_ff=83.0W  PCAP→78W  power=79.3W
[PID] perf=25.668Hz  target=9.102Hz  err=-16.566Hz  corr=-347.22W  u_ff=83.0W  PCAP→78W  power=76.3W
[PID] perf=25.651Hz  target=9.102Hz  err=-16.550Hz  corr=-346.91W  u_ff=83.0W  PCAP→78W  power=78.7W
[PID] perf=25.640Hz  target=9.102Hz  err=-16.539Hz  corr=-346.70W  u_ff=83.0W  PCAP→78W  power=77.7W
[PID] perf=25.657Hz  target=9.102Hz  err=-16.555Hz  corr=-347.01W  u_ff=83.0W  PCAP→78W  power=76.8W
[PID] perf=25.661Hz  target=9.102Hz  err=-16.559Hz  corr=-347.08W  u_ff=83.0W  PCAP→78W  power=76.4W
[PID] perf=25.670Hz  target=9.102Hz  err=-16.568Hz  corr=-347.25W  u_ff=83.0W  PCAP→78W  power=77.7W
[PID] perf=25.671Hz  target=9.102Hz  err=-16.569Hz  corr=-347.27W  u_ff=83.0W  PCAP→78W  power=77.8W
[PID] perf=25.687Hz  target=9.102Hz  err=-16.586Hz  corr=-347.58W  u_ff=83.0W  PCAP→78W  power=78.9W
[PID] perf=25.692Hz  target=9.102Hz  err=-16.590Hz  corr=-347.66W  u_ff=83.0W  PCAP→78W  power=76.6W
[PID] perf=25.662Hz  target=9.102Hz  err=-16.560Hz  corr=-347.10W  u_ff=83.0W  PCAP→78W  power=77.0W
[PID] perf=25.660Hz  target=9.102Hz  err=-16.558Hz  corr=-347.07W  u_ff=83.0W  PCAP→78W  power=77.5W
[PID] perf=25.661Hz  target=9.102Hz  err=-16.560Hz  corr=-347.09W  u_ff=83.0W  PCAP→78W  power=77.7W
[PID] perf=25.668Hz  target=9.102Hz  err=-16.566Hz  corr=-347.21W  u_ff=83.0W  PCAP→78W  power=78.1W
[PID] perf=25.692Hz  target=9.102Hz  err=-16.590Hz  corr=-347.66W  u_ff=83.0W  PCAP→78W  power=77.9W
[PID] perf=25.682Hz  target=9.102Hz  err=-16.580Hz  corr=-347.48W  u_ff=83.0W  PCAP→78W  power=78.6W
[PID] perf=25.633Hz  target=9.102Hz  err=-16.531Hz  corr=-346.57W  u_ff=83.0W  PCAP→78W  power=76.9W
[PID] perf=25.663Hz  target=9.102Hz  err=-16.561Hz  corr=-347.12W  u_ff=83.0W  PCAP→78W  power=77.5W
[PID] perf=25.688Hz  target=9.102Hz  err=-16.587Hz  corr=-347.59W  u_ff=83.0W  PCAP→78W  power=77.3W
[PID] perf=25.660Hz  target=9.102Hz  err=-16.558Hz  corr=-347.07W  u_ff=83.0W  PCAP→78W  power=77.7W
[PID] perf=25.668Hz  target=9.102Hz  err=-16.567Hz  corr=-347.22W  u_ff=83.0W  PCAP→78W  power=77.0W
[PID] perf=25.707Hz  target=9.102Hz  err=-16.605Hz  corr=-347.94W  u_ff=83.0W  PCAP→78W  power=78.2W
[PID] perf=25.652Hz  target=9.102Hz  err=-16.551Hz  corr=-346.93W  u_ff=83.0W  PCAP→78W  power=78.0W
[PID] perf=25.689Hz  target=9.102Hz  err=-16.587Hz  corr=-347.60W  u_ff=83.0W  PCAP→78W  power=78.0W
[PID] perf=25.705Hz  target=9.102Hz  err=-16.603Hz  corr=-347.90W  u_ff=83.0W  PCAP→78W  power=78.2W
[PID] perf=25.644Hz  target=9.102Hz  err=-16.542Hz  corr=-346.77W  u_ff=83.0W  PCAP→78W  power=77.1W
[PID] perf=25.661Hz  target=9.102Hz  err=-16.559Hz  corr=-347.08W  u_ff=83.0W  PCAP→78W  power=77.1W
[PID] perf=25.664Hz  target=9.102Hz  err=-16.562Hz  corr=-347.15W  u_ff=83.0W  PCAP→78W  power=77.7W
[PID] perf=25.647Hz  target=9.102Hz  err=-16.545Hz  corr=-346.82W  u_ff=83.0W  PCAP→78W  power=78.7W
[PID] perf=25.651Hz  target=9.102Hz  err=-16.549Hz  corr=-346.89W  u_ff=83.0W  PCAP→78W  power=78.0W
[PID] perf=25.670Hz  target=9.102Hz  err=-16.568Hz  corr=-347.25W  u_ff=83.0W  PCAP→78W  power=78.7W
[PID] perf=25.644Hz  target=9.102Hz  err=-16.542Hz  corr=-346.77W  u_ff=83.0W  PCAP→78W  power=77.9W
[PID] perf=25.657Hz  target=9.102Hz  err=-16.555Hz  corr=-347.00W  u_ff=83.0W  PCAP→78W  power=78.3W
[PID] perf=25.636Hz  target=9.102Hz  err=-16.534Hz  corr=-346.61W  u_ff=83.0W  PCAP→78W  power=79.0W
[PID] perf=25.651Hz  target=9.102Hz  err=-16.549Hz  corr=-346.89W  u_ff=83.0W  PCAP→78W  power=78.1W
[PID] perf=25.661Hz  target=9.102Hz  err=-16.560Hz  corr=-347.09W  u_ff=83.0W  PCAP→78W  power=77.2W
[PID] perf=25.669Hz  target=9.102Hz  err=-16.567Hz  corr=-347.23W  u_ff=83.0W  PCAP→78W  power=78.3W
[PID] perf=25.487Hz  target=9.102Hz  err=-16.385Hz  corr=-343.86W  u_ff=83.0W  PCAP→78W  power=78.0W
[PID] perf=26.591Hz  target=9.102Hz  err=-17.489Hz  corr=-364.33W  u_ff=83.0W  PCAP→78W  power=76.9W
[PID] perf=26.678Hz  target=9.102Hz  err=-17.576Hz  corr=-365.95W  u_ff=83.0W  PCAP→78W  power=77.8W
[PID] perf=26.676Hz  target=9.102Hz  err=-17.574Hz  corr=-365.91W  u_ff=83.0W  PCAP→78W  power=76.8W
[PID] perf=26.709Hz  target=9.102Hz  err=-17.607Hz  corr=-366.52W  u_ff=83.0W  PCAP→78W  power=79.2W
[PID] perf=26.704Hz  target=9.102Hz  err=-17.602Hz  corr=-366.42W  u_ff=83.0W  PCAP→78W  power=77.4W
[PID] perf=26.702Hz  target=9.102Hz  err=-17.600Hz  corr=-366.39W  u_ff=83.0W  PCAP→78W  power=78.7W
[PID] perf=26.690Hz  target=9.102Hz  err=-17.588Hz  corr=-366.17W  u_ff=83.0W  PCAP→78W  power=78.4W
[PID] perf=26.721Hz  target=9.102Hz  err=-17.619Hz  corr=-366.74W  u_ff=83.0W  PCAP→78W  power=79.2W
[PID] perf=26.718Hz  target=9.102Hz  err=-17.617Hz  corr=-366.69W  u_ff=83.0W  PCAP→78W  power=77.8W
[PID] perf=26.733Hz  target=9.102Hz  err=-17.632Hz  corr=-366.97W  u_ff=83.0W  PCAP→78W  power=78.3W
[PID] perf=26.756Hz  target=9.102Hz  err=-17.654Hz  corr=-367.40W  u_ff=83.0W  PCAP→78W  power=78.7W
[PID] perf=26.747Hz  target=9.102Hz  err=-17.645Hz  corr=-367.22W  u_ff=83.0W  PCAP→78W  power=79.0W
[PID] perf=26.780Hz  target=9.102Hz  err=-17.678Hz  corr=-367.83W  u_ff=83.0W  PCAP→78W  power=77.5W
[PID] perf=26.559Hz  target=9.102Hz  err=-17.458Hz  corr=-363.75W  u_ff=83.0W  PCAP→78W  power=76.4W
[PID] perf=26.753Hz  target=9.102Hz  err=-17.652Hz  corr=-367.34W  u_ff=83.0W  PCAP→78W  power=76.4W
[PID] perf=26.818Hz  target=9.102Hz  err=-17.716Hz  corr=-368.54W  u_ff=83.0W  PCAP→78W  power=78.2W
[PID] perf=26.780Hz  target=9.102Hz  err=-17.679Hz  corr=-367.85W  u_ff=83.0W  PCAP→78W  power=78.8W
[PID] perf=26.819Hz  target=9.102Hz  err=-17.717Hz  corr=-368.56W  u_ff=83.0W  PCAP→78W  power=77.7W
[PID] perf=26.796Hz  target=9.102Hz  err=-17.694Hz  corr=-368.14W  u_ff=83.0W  PCAP→78W  power=77.1W
[PID] perf=26.793Hz  target=9.102Hz  err=-17.691Hz  corr=-368.08W  u_ff=83.0W  PCAP→78W  power=77.7W
[PID] perf=26.812Hz  target=9.102Hz  err=-17.711Hz  corr=-368.44W  u_ff=83.0W  PCAP→78W  power=77.1W
[PID] perf=26.799Hz  target=9.102Hz  err=-17.698Hz  corr=-368.20W  u_ff=83.0W  PCAP→78W  power=77.7W
[PID] perf=26.778Hz  target=9.102Hz  err=-17.677Hz  corr=-367.81W  u_ff=83.0W  PCAP→78W  power=79.2W
[PID] perf=26.763Hz  target=9.102Hz  err=-17.661Hz  corr=-367.51W  u_ff=83.0W  PCAP→78W  power=77.2W
[PID] perf=26.781Hz  target=9.102Hz  err=-17.679Hz  corr=-367.85W  u_ff=83.0W  PCAP→78W  power=77.5W
[PID] perf=26.782Hz  target=9.102Hz  err=-17.680Hz  corr=-367.87W  u_ff=83.0W  PCAP→78W  power=77.5W
[PID] perf=26.785Hz  target=9.102Hz  err=-17.684Hz  corr=-367.94W  u_ff=83.0W  PCAP→78W  power=76.2W
[PID] perf=26.803Hz  target=9.102Hz  err=-17.701Hz  corr=-368.26W  u_ff=83.0W  PCAP→78W  power=79.2W
[PID] perf=26.786Hz  target=9.102Hz  err=-17.685Hz  corr=-367.95W  u_ff=83.0W  PCAP→78W  power=77.9W
[PID] perf=26.757Hz  target=9.102Hz  err=-17.656Hz  corr=-367.42W  u_ff=83.0W  PCAP→78W  power=77.3W
[PID] perf=27.548Hz  target=9.102Hz  err=-18.447Hz  corr=-382.09W  u_ff=83.0W  PCAP→78W  power=77.0W
[PID] perf=27.723Hz  target=9.102Hz  err=-18.622Hz  corr=-385.33W  u_ff=83.0W  PCAP→78W  power=77.2W
[PID] perf=27.736Hz  target=9.102Hz  err=-18.634Hz  corr=-385.56W  u_ff=83.0W  PCAP→78W  power=78.3W
[PID] perf=27.769Hz  target=9.102Hz  err=-18.667Hz  corr=-386.17W  u_ff=83.0W  PCAP→78W  power=78.7W
[PID] perf=27.763Hz  target=9.102Hz  err=-18.661Hz  corr=-386.06W  u_ff=83.0W  PCAP→78W  power=79.2W
[PID] perf=27.751Hz  target=9.102Hz  err=-18.649Hz  corr=-385.84W  u_ff=83.0W  PCAP→78W  power=78.9W
[PID] perf=27.772Hz  target=9.102Hz  err=-18.670Hz  corr=-386.23W  u_ff=83.0W  PCAP→78W  power=77.3W
[PID] perf=27.765Hz  target=9.102Hz  err=-18.663Hz  corr=-386.11W  u_ff=83.0W  PCAP→78W  power=76.6W
[PID] perf=27.745Hz  target=9.102Hz  err=-18.643Hz  corr=-385.73W  u_ff=83.0W  PCAP→78W  power=78.3W
[PID] perf=27.747Hz  target=9.102Hz  err=-18.645Hz  corr=-385.77W  u_ff=83.0W  PCAP→78W  power=78.8W
[PID] perf=27.780Hz  target=9.102Hz  err=-18.678Hz  corr=-386.38W  u_ff=83.0W  PCAP→78W  power=77.6W
[PID] perf=27.781Hz  target=9.102Hz  err=-18.680Hz  corr=-386.41W  u_ff=83.0W  PCAP→78W  power=78.4W
[PID] perf=27.779Hz  target=9.102Hz  err=-18.677Hz  corr=-386.36W  u_ff=83.0W  PCAP→78W  power=79.1W
[PID] perf=27.775Hz  target=9.102Hz  err=-18.673Hz  corr=-386.29W  u_ff=83.0W  PCAP→78W  power=76.9W
[PID] perf=27.768Hz  target=9.102Hz  err=-18.667Hz  corr=-386.17W  u_ff=83.0W  PCAP→78W  power=78.6W
[PID] perf=27.765Hz  target=9.102Hz  err=-18.663Hz  corr=-386.10W  u_ff=83.0W  PCAP→78W  power=78.5W
[PID] perf=27.767Hz  target=9.102Hz  err=-18.665Hz  corr=-386.14W  u_ff=83.0W  PCAP→78W  power=78.9W
[PID] perf=27.681Hz  target=9.102Hz  err=-18.579Hz  corr=-384.55W  u_ff=83.0W  PCAP→78W  power=77.3W
[PID] perf=27.733Hz  target=9.102Hz  err=-18.631Hz  corr=-385.51W  u_ff=83.0W  PCAP→78W  power=77.6W
[PID] perf=27.723Hz  target=9.102Hz  err=-18.621Hz  corr=-385.32W  u_ff=83.0W  PCAP→78W  power=78.5W
[PID] perf=27.756Hz  target=9.102Hz  err=-18.655Hz  corr=-385.94W  u_ff=83.0W  PCAP→78W  power=78.8W
[PID] perf=27.711Hz  target=9.102Hz  err=-18.609Hz  corr=-385.10W  u_ff=83.0W  PCAP→78W  power=79.1W
[PID] perf=27.757Hz  target=9.102Hz  err=-18.655Hz  corr=-385.96W  u_ff=83.0W  PCAP→78W  power=79.1W
[PID] perf=27.739Hz  target=9.102Hz  err=-18.638Hz  corr=-385.63W  u_ff=83.0W  PCAP→78W  power=79.2W
[PID] perf=27.750Hz  target=9.102Hz  err=-18.648Hz  corr=-385.82W  u_ff=83.0W  PCAP→78W  power=77.4W
[PID] perf=27.721Hz  target=9.102Hz  err=-18.619Hz  corr=-385.28W  u_ff=83.0W  PCAP→78W  power=78.7W
[PID] perf=27.007Hz  target=9.102Hz  err=-17.905Hz  corr=-372.04W  u_ff=83.0W  PCAP→78W  power=76.3W
[PID] perf=27.106Hz  target=9.102Hz  err=-18.004Hz  corr=-373.88W  u_ff=83.0W  PCAP→78W  power=78.1W
[PID] perf=27.104Hz  target=9.102Hz  err=-18.002Hz  corr=-373.84W  u_ff=83.0W  PCAP→78W  power=77.6W
[PID] perf=27.156Hz  target=9.102Hz  err=-18.054Hz  corr=-374.81W  u_ff=83.0W  PCAP→78W  power=78.8W
[PID] perf=27.624Hz  target=9.102Hz  err=-18.522Hz  corr=-383.49W  u_ff=83.0W  PCAP→78W  power=77.8W
[PID] perf=27.671Hz  target=9.102Hz  err=-18.569Hz  corr=-384.36W  u_ff=83.0W  PCAP→78W  power=78.5W
[PID] perf=27.718Hz  target=9.102Hz  err=-18.616Hz  corr=-385.23W  u_ff=83.0W  PCAP→78W  power=79.0W
[PID] perf=27.728Hz  target=9.102Hz  err=-18.626Hz  corr=-385.41W  u_ff=83.0W  PCAP→78W  power=79.1W
[PID] perf=27.751Hz  target=9.102Hz  err=-18.650Hz  corr=-385.85W  u_ff=83.0W  PCAP→78W  power=78.6W
[PID] perf=27.745Hz  target=9.102Hz  err=-18.644Hz  corr=-385.74W  u_ff=83.0W  PCAP→78W  power=77.0W
[PID] perf=27.756Hz  target=9.102Hz  err=-18.654Hz  corr=-385.93W  u_ff=83.0W  PCAP→78W  power=78.6W
[PID] perf=27.741Hz  target=9.102Hz  err=-18.640Hz  corr=-385.66W  u_ff=83.0W  PCAP→78W  power=79.3W
[PID] perf=27.727Hz  target=9.102Hz  err=-18.625Hz  corr=-385.39W  u_ff=83.0W  PCAP→78W  power=78.8W
[PID] perf=27.579Hz  target=9.102Hz  err=-18.477Hz  corr=-382.66W  u_ff=83.0W  PCAP→78W  power=79.0W
[PID] perf=27.248Hz  target=9.102Hz  err=-18.146Hz  corr=-376.52W  u_ff=83.0W  PCAP→78W  power=77.9W
[PID] perf=27.243Hz  target=9.102Hz  err=-18.142Hz  corr=-376.43W  u_ff=83.0W  PCAP→78W  power=79.0W
[PID] perf=27.244Hz  target=9.102Hz  err=-18.143Hz  corr=-376.45W  u_ff=83.0W  PCAP→78W  power=78.0W
[PID] perf=27.392Hz  target=9.102Hz  err=-18.290Hz  corr=-379.18W  u_ff=83.0W  PCAP→78W  power=79.0W
[PID] perf=27.409Hz  target=9.102Hz  err=-18.307Hz  corr=-379.50W  u_ff=83.0W  PCAP→78W  power=79.1W
[PID] perf=27.410Hz  target=9.102Hz  err=-18.308Hz  corr=-379.52W  u_ff=83.0W  PCAP→78W  power=79.5W
[PID] perf=27.430Hz  target=9.102Hz  err=-18.328Hz  corr=-379.89W  u_ff=83.0W  PCAP→78W  power=79.1W
[PID] perf=27.417Hz  target=9.102Hz  err=-18.315Hz  corr=-379.65W  u_ff=83.0W  PCAP→78W  power=78.6W
[PID] perf=27.172Hz  target=9.102Hz  err=-18.070Hz  corr=-375.10W  u_ff=83.0W  PCAP→78W  power=77.7W
[PID] perf=27.409Hz  target=9.102Hz  err=-18.307Hz  corr=-379.50W  u_ff=83.0W  PCAP→78W  power=77.6W
[PID] perf=27.215Hz  target=9.102Hz  err=-18.113Hz  corr=-375.90W  u_ff=83.0W  PCAP→78W  power=76.9W
[PID] perf=27.253Hz  target=9.102Hz  err=-18.152Hz  corr=-376.62W  u_ff=83.0W  PCAP→78W  power=77.8W
[PID] perf=27.211Hz  target=9.102Hz  err=-18.110Hz  corr=-375.84W  u_ff=83.0W  PCAP→78W  power=79.0W
[PID] perf=27.243Hz  target=9.102Hz  err=-18.141Hz  corr=-376.42W  u_ff=83.0W  PCAP→78W  power=78.9W
[PID] perf=27.229Hz  target=9.102Hz  err=-18.127Hz  corr=-376.16W  u_ff=83.0W  PCAP→78W  power=78.6W
[PID] perf=27.402Hz  target=9.102Hz  err=-18.300Hz  corr=-379.36W  u_ff=83.0W  PCAP→78W  power=77.2W
[PID] perf=27.389Hz  target=9.102Hz  err=-18.287Hz  corr=-379.13W  u_ff=83.0W  PCAP→78W  power=77.4W
[PID] perf=27.369Hz  target=9.102Hz  err=-18.267Hz  corr=-378.76W  u_ff=83.0W  PCAP→78W  power=77.3W
[PID] perf=27.374Hz  target=9.102Hz  err=-18.272Hz  corr=-378.86W  u_ff=83.0W  PCAP→78W  power=78.7W
[PID] perf=27.395Hz  target=9.102Hz  err=-18.293Hz  corr=-379.24W  u_ff=83.0W  PCAP→78W  power=78.5W
[PID] perf=26.554Hz  target=9.102Hz  err=-17.452Hz  corr=-363.65W  u_ff=83.0W  PCAP→78W  power=78.3W
[PID] perf=26.937Hz  target=9.102Hz  err=-17.835Hz  corr=-370.75W  u_ff=83.0W  PCAP→78W  power=79.1W
[PID] perf=27.002Hz  target=9.102Hz  err=-17.900Hz  corr=-371.96W  u_ff=83.0W  PCAP→78W  power=79.2W
[PID] perf=26.948Hz  target=9.102Hz  err=-17.846Hz  corr=-370.94W  u_ff=83.0W  PCAP→78W  power=78.4W
[PID] perf=27.002Hz  target=9.102Hz  err=-17.900Hz  corr=-371.95W  u_ff=83.0W  PCAP→78W  power=78.8W
[PID] perf=26.967Hz  target=9.102Hz  err=-17.866Hz  corr=-371.31W  u_ff=83.0W  PCAP→78W  power=77.4W
[PID] perf=27.030Hz  target=9.102Hz  err=-17.928Hz  corr=-372.47W  u_ff=83.0W  PCAP→78W  power=77.6W
[PID] perf=27.046Hz  target=9.102Hz  err=-17.944Hz  corr=-372.77W  u_ff=83.0W  PCAP→78W  power=77.5W
[PID] perf=27.055Hz  target=9.102Hz  err=-17.953Hz  corr=-372.94W  u_ff=83.0W  PCAP→78W  power=77.0W
[PID] perf=27.072Hz  target=9.102Hz  err=-17.970Hz  corr=-373.25W  u_ff=83.0W  PCAP→78W  power=78.7W
[PID] perf=27.231Hz  target=9.102Hz  err=-18.130Hz  corr=-376.21W  u_ff=83.0W  PCAP→78W  power=79.3W
[PID] perf=27.259Hz  target=9.102Hz  err=-18.157Hz  corr=-376.72W  u_ff=83.0W  PCAP→78W  power=78.1W
[PID] perf=27.260Hz  target=9.102Hz  err=-18.159Hz  corr=-376.74W  u_ff=83.0W  PCAP→78W  power=77.8W
[PID] perf=27.248Hz  target=9.102Hz  err=-18.147Hz  corr=-376.52W  u_ff=83.0W  PCAP→78W  power=78.0W
[PID] perf=27.229Hz  target=9.102Hz  err=-18.128Hz  corr=-376.17W  u_ff=83.0W  PCAP→78W  power=78.3W
[PID] perf=27.294Hz  target=9.102Hz  err=-18.193Hz  corr=-377.38W  u_ff=83.0W  PCAP→78W  power=78.5W
[PID] perf=27.017Hz  target=9.102Hz  err=-17.915Hz  corr=-372.23W  u_ff=83.0W  PCAP→78W  power=79.3W
[PID] perf=27.030Hz  target=9.102Hz  err=-17.928Hz  corr=-372.47W  u_ff=83.0W  PCAP→78W  power=79.3W
[PID] perf=27.228Hz  target=9.102Hz  err=-18.127Hz  corr=-376.15W  u_ff=83.0W  PCAP→78W  power=77.3W
[PID] perf=27.273Hz  target=9.102Hz  err=-18.171Hz  corr=-376.98W  u_ff=83.0W  PCAP→78W  power=78.3W
[PID] perf=27.279Hz  target=9.102Hz  err=-18.177Hz  corr=-377.08W  u_ff=83.0W  PCAP→78W  power=78.1W
[PID] perf=27.286Hz  target=9.102Hz  err=-18.184Hz  corr=-377.21W  u_ff=83.0W  PCAP→78W  power=77.8W
[PID] perf=27.200Hz  target=9.102Hz  err=-18.098Hz  corr=-375.62W  u_ff=83.0W  PCAP→78W  power=77.7W
[PID] perf=27.170Hz  target=9.102Hz  err=-18.068Hz  corr=-375.07W  u_ff=83.0W  PCAP→78W  power=76.3W
[PID] perf=26.939Hz  target=9.102Hz  err=-17.837Hz  corr=-370.79W  u_ff=83.0W  PCAP→78W  power=77.7W
[PID] perf=26.954Hz  target=9.102Hz  err=-17.853Hz  corr=-371.07W  u_ff=83.0W  PCAP→78W  power=77.7W
[PID] perf=27.014Hz  target=9.102Hz  err=-17.912Hz  corr=-372.17W  u_ff=83.0W  PCAP→78W  power=76.7W
[PID] perf=27.000Hz  target=9.102Hz  err=-17.898Hz  corr=-371.91W  u_ff=83.0W  PCAP→78W  power=77.0W
[PID] perf=27.257Hz  target=9.102Hz  err=-18.155Hz  corr=-376.69W  u_ff=83.0W  PCAP→78W  power=77.0W
[PID] perf=27.263Hz  target=9.102Hz  err=-18.162Hz  corr=-376.80W  u_ff=83.0W  PCAP→78W  power=78.1W
[PID] perf=27.256Hz  target=9.102Hz  err=-18.154Hz  corr=-376.67W  u_ff=83.0W  PCAP→78W  power=78.8W
[PID] perf=27.252Hz  target=9.102Hz  err=-18.150Hz  corr=-376.59W  u_ff=83.0W  PCAP→78W  power=77.1W
[PID] perf=27.291Hz  target=9.102Hz  err=-18.190Hz  corr=-377.32W  u_ff=83.0W  PCAP→78W  power=78.9W
[PID] perf=27.254Hz  target=9.102Hz  err=-18.152Hz  corr=-376.62W  u_ff=83.0W  PCAP→78W  power=77.5W
[PID] perf=27.272Hz  target=9.102Hz  err=-18.170Hz  corr=-376.97W  u_ff=83.0W  PCAP→78W  power=78.6W
[PID] perf=27.271Hz  target=9.102Hz  err=-18.170Hz  corr=-376.95W  u_ff=83.0W  PCAP→78W  power=76.4W
[PID] perf=27.268Hz  target=9.102Hz  err=-18.166Hz  corr=-376.89W  u_ff=83.0W  PCAP→78W  power=78.7W
[PID] perf=27.121Hz  target=9.102Hz  err=-18.020Hz  corr=-374.17W  u_ff=83.0W  PCAP→78W  power=76.6W
[PID] perf=27.172Hz  target=9.102Hz  err=-18.070Hz  corr=-375.10W  u_ff=83.0W  PCAP→78W  power=78.9W
[PID] perf=27.157Hz  target=9.102Hz  err=-18.055Hz  corr=-374.83W  u_ff=83.0W  PCAP→78W  power=77.9W
[PID] perf=27.136Hz  target=9.102Hz  err=-18.034Hz  corr=-374.44W  u_ff=83.0W  PCAP→78W  power=78.6W
[PID] perf=27.162Hz  target=9.102Hz  err=-18.060Hz  corr=-374.92W  u_ff=83.0W  PCAP→78W  power=79.2W
[PID] perf=26.636Hz  target=9.102Hz  err=-17.534Hz  corr=-365.17W  u_ff=83.0W  PCAP→78W  power=77.6W
[PID] perf=26.708Hz  target=9.102Hz  err=-17.606Hz  corr=-366.49W  u_ff=83.0W  PCAP→78W  power=79.0W
[PID] perf=26.679Hz  target=9.102Hz  err=-17.577Hz  corr=-365.96W  u_ff=83.0W  PCAP→78W  power=78.3W
[PID] perf=26.721Hz  target=9.102Hz  err=-17.620Hz  corr=-366.75W  u_ff=83.0W  PCAP→78W  power=79.3W
[PID] perf=26.706Hz  target=9.102Hz  err=-17.605Hz  corr=-366.47W  u_ff=83.0W  PCAP→78W  power=78.3W
[PID] perf=26.713Hz  target=9.102Hz  err=-17.611Hz  corr=-366.59W  u_ff=83.0W  PCAP→78W  power=78.7W
[PID] perf=27.175Hz  target=9.102Hz  err=-18.073Hz  corr=-375.16W  u_ff=83.0W  PCAP→78W  power=78.5W
[PID] perf=26.675Hz  target=9.102Hz  err=-17.574Hz  corr=-365.90W  u_ff=83.0W  PCAP→78W  power=78.4W
[PID] perf=26.726Hz  target=9.102Hz  err=-17.624Hz  corr=-366.84W  u_ff=83.0W  PCAP→78W  power=79.2W
[PID] perf=26.921Hz  target=9.102Hz  err=-17.819Hz  corr=-370.45W  u_ff=83.0W  PCAP→78W  power=78.4W
[PID] perf=27.266Hz  target=9.102Hz  err=-18.164Hz  corr=-376.85W  u_ff=83.0W  PCAP→78W  power=76.8W
[PID] perf=27.262Hz  target=9.102Hz  err=-18.160Hz  corr=-376.78W  u_ff=83.0W  PCAP→78W  power=76.4W
[PID] perf=27.303Hz  target=9.102Hz  err=-18.202Hz  corr=-377.54W  u_ff=83.0W  PCAP→78W  power=79.0W
[PID] perf=27.295Hz  target=9.102Hz  err=-18.194Hz  corr=-377.39W  u_ff=83.0W  PCAP→78W  power=76.3W
[PID] perf=27.316Hz  target=9.102Hz  err=-18.214Hz  corr=-377.77W  u_ff=83.0W  PCAP→78W  power=76.4W
[PID] perf=27.293Hz  target=9.102Hz  err=-18.191Hz  corr=-377.35W  u_ff=83.0W  PCAP→78W  power=77.7W
[PID] perf=27.345Hz  target=9.102Hz  err=-18.243Hz  corr=-378.31W  u_ff=83.0W  PCAP→78W  power=78.7W
[PID] perf=27.285Hz  target=9.102Hz  err=-18.183Hz  corr=-377.20W  u_ff=83.0W  PCAP→78W  power=77.6W
[PID] perf=27.299Hz  target=9.102Hz  err=-18.197Hz  corr=-377.46W  u_ff=83.0W  PCAP→78W  power=77.6W
[PID] perf=27.265Hz  target=9.102Hz  err=-18.163Hz  corr=-376.83W  u_ff=83.0W  PCAP→78W  power=77.6W
[PID] perf=27.272Hz  target=9.102Hz  err=-18.170Hz  corr=-376.96W  u_ff=83.0W  PCAP→78W  power=76.5W
[PID] perf=27.350Hz  target=9.102Hz  err=-18.248Hz  corr=-378.41W  u_ff=83.0W  PCAP→78W  power=77.2W
[PID] perf=27.338Hz  target=9.102Hz  err=-18.237Hz  corr=-378.19W  u_ff=83.0W  PCAP→78W  power=76.6W
[PID] perf=27.314Hz  target=9.102Hz  err=-18.213Hz  corr=-377.75W  u_ff=83.0W  PCAP→78W  power=78.8W
[PID] perf=27.341Hz  target=9.102Hz  err=-18.240Hz  corr=-378.25W  u_ff=83.0W  PCAP→78W  power=76.9W
[PID] perf=27.255Hz  target=9.102Hz  err=-18.153Hz  corr=-376.64W  u_ff=83.0W  PCAP→78W  power=77.1W
[PID] perf=27.277Hz  target=9.102Hz  err=-18.175Hz  corr=-377.05W  u_ff=83.0W  PCAP→78W  power=78.5W
[PID] perf=27.275Hz  target=9.102Hz  err=-18.173Hz  corr=-377.01W  u_ff=83.0W  PCAP→78W  power=77.3W
[PID] perf=27.282Hz  target=9.102Hz  err=-18.180Hz  corr=-377.14W  u_ff=83.0W  PCAP→78W  power=77.8W
[PID] perf=27.244Hz  target=9.102Hz  err=-18.143Hz  corr=-376.45W  u_ff=83.0W  PCAP→78W  power=77.5W
[PID] perf=27.264Hz  target=9.102Hz  err=-18.163Hz  corr=-376.82W  u_ff=83.0W  PCAP→78W  power=76.4W
[PID] perf=27.265Hz  target=9.102Hz  err=-18.163Hz  corr=-376.83W  u_ff=83.0W  PCAP→78W  power=78.1W
[PID] perf=27.308Hz  target=9.102Hz  err=-18.206Hz  corr=-377.62W  u_ff=83.0W  PCAP→78W  power=78.7W
[PID] perf=27.281Hz  target=9.102Hz  err=-18.179Hz  corr=-377.13W  u_ff=83.0W  PCAP→78W  power=77.8W
[PID] perf=27.263Hz  target=9.102Hz  err=-18.162Hz  corr=-376.80W  u_ff=83.0W  PCAP→78W  power=78.0W
[PID] perf=27.287Hz  target=9.102Hz  err=-18.186Hz  corr=-377.25W  u_ff=83.0W  PCAP→78W  power=78.5W
[PID] perf=27.306Hz  target=9.102Hz  err=-18.204Hz  corr=-377.59W  u_ff=83.0W  PCAP→78W  power=77.4W
[PID] perf=27.277Hz  target=9.102Hz  err=-18.176Hz  corr=-377.06W  u_ff=83.0W  PCAP→78W  power=76.6W
[PID] perf=27.288Hz  target=9.102Hz  err=-18.186Hz  corr=-377.26W  u_ff=83.0W  PCAP→78W  power=77.7W
[PID] perf=27.272Hz  target=9.102Hz  err=-18.170Hz  corr=-376.95W  u_ff=83.0W  PCAP→78W  power=80.1W
[PID] perf=27.266Hz  target=9.102Hz  err=-18.165Hz  corr=-376.86W  u_ff=83.0W  PCAP→78W  power=79.0W
[PID] perf=27.303Hz  target=9.102Hz  err=-18.201Hz  corr=-377.53W  u_ff=83.0W  PCAP→78W  power=78.1W
[PID] perf=27.284Hz  target=9.102Hz  err=-18.182Hz  corr=-377.18W  u_ff=83.0W  PCAP→78W  power=79.1W
[PID] perf=27.295Hz  target=9.102Hz  err=-18.193Hz  corr=-377.39W  u_ff=83.0W  PCAP→78W  power=78.9W
[PID] perf=27.302Hz  target=9.102Hz  err=-18.200Hz  corr=-377.52W  u_ff=83.0W  PCAP→78W  power=77.8W
[PID] perf=27.306Hz  target=9.102Hz  err=-18.204Hz  corr=-377.59W  u_ff=83.0W  PCAP→78W  power=77.4W
[PID] perf=27.280Hz  target=9.102Hz  err=-18.178Hz  corr=-377.10W  u_ff=83.0W  PCAP→78W  power=79.1W
[PID] perf=27.265Hz  target=9.102Hz  err=-18.163Hz  corr=-376.83W  u_ff=83.0W  PCAP→78W  power=78.3W
[PID] perf=27.282Hz  target=9.102Hz  err=-18.180Hz  corr=-377.15W  u_ff=83.0W  PCAP→78W  power=77.5W
[PID] perf=27.244Hz  target=9.102Hz  err=-18.143Hz  corr=-376.45W  u_ff=83.0W  PCAP→78W  power=77.4W
[PID] perf=27.296Hz  target=9.102Hz  err=-18.194Hz  corr=-377.41W  u_ff=83.0W  PCAP→78W  power=77.2W
[PID] perf=27.274Hz  target=9.102Hz  err=-18.172Hz  corr=-377.00W  u_ff=83.0W  PCAP→78W  power=78.8W
[PID] perf=27.273Hz  target=9.102Hz  err=-18.171Hz  corr=-376.98W  u_ff=83.0W  PCAP→78W  power=78.9W
[PID] perf=27.281Hz  target=9.102Hz  err=-18.180Hz  corr=-377.13W  u_ff=83.0W  PCAP→78W  power=78.5W
[PID] perf=27.302Hz  target=9.102Hz  err=-18.200Hz  corr=-377.51W  u_ff=83.0W  PCAP→78W  power=77.5W
[PID] perf=27.294Hz  target=9.102Hz  err=-18.192Hz  corr=-377.37W  u_ff=83.0W  PCAP→78W  power=78.9W
[PID] perf=27.308Hz  target=9.102Hz  err=-18.206Hz  corr=-377.63W  u_ff=83.0W  PCAP→78W  power=77.1W
[PID] perf=27.283Hz  target=9.102Hz  err=-18.181Hz  corr=-377.16W  u_ff=83.0W  PCAP→78W  power=78.5W
[PID] perf=27.301Hz  target=9.102Hz  err=-18.200Hz  corr=-377.51W  u_ff=83.0W  PCAP→78W  power=77.9W
[PID] perf=27.306Hz  target=9.102Hz  err=-18.205Hz  corr=-377.60W  u_ff=83.0W  PCAP→78W  power=78.7W
[PID] perf=27.309Hz  target=9.102Hz  err=-18.207Hz  corr=-377.64W  u_ff=83.0W  PCAP→78W  power=77.8W
[PID] perf=27.296Hz  target=9.102Hz  err=-18.194Hz  corr=-377.40W  u_ff=83.0W  PCAP→78W  power=77.3W
[PID] perf=27.287Hz  target=9.102Hz  err=-18.185Hz  corr=-377.24W  u_ff=83.0W  PCAP→78W  power=79.0W
[PID] perf=27.293Hz  target=9.102Hz  err=-18.191Hz  corr=-377.35W  u_ff=83.0W  PCAP→78W  power=76.5W
[PID] perf=27.289Hz  target=9.102Hz  err=-18.187Hz  corr=-377.28W  u_ff=83.0W  PCAP→78W  power=77.2W
[PID] perf=27.205Hz  target=9.102Hz  err=-18.103Hz  corr=-375.72W  u_ff=83.0W  PCAP→78W  power=77.6W
[PID] perf=27.274Hz  target=9.102Hz  err=-18.172Hz  corr=-377.00W  u_ff=83.0W  PCAP→78W  power=78.9W
[PID] perf=27.253Hz  target=9.102Hz  err=-18.151Hz  corr=-376.60W  u_ff=83.0W  PCAP→78W  power=77.9W
[PID] perf=27.289Hz  target=9.102Hz  err=-18.187Hz  corr=-377.28W  u_ff=83.0W  PCAP→78W  power=78.1W
[PID] perf=27.301Hz  target=9.102Hz  err=-18.199Hz  corr=-377.49W  u_ff=83.0W  PCAP→78W  power=77.5W
[PID] perf=27.313Hz  target=9.102Hz  err=-18.211Hz  corr=-377.71W  u_ff=83.0W  PCAP→78W  power=76.9W
[PID] perf=27.288Hz  target=9.102Hz  err=-18.186Hz  corr=-377.26W  u_ff=83.0W  PCAP→78W  power=78.0W
[PID] perf=27.330Hz  target=9.102Hz  err=-18.228Hz  corr=-378.04W  u_ff=83.0W  PCAP→78W  power=77.7W
[PID] perf=27.288Hz  target=9.102Hz  err=-18.186Hz  corr=-377.26W  u_ff=83.0W  PCAP→78W  power=77.3W
[PID] perf=27.307Hz  target=9.102Hz  err=-18.205Hz  corr=-377.61W  u_ff=83.0W  PCAP→78W  power=78.4W
[PID] perf=27.287Hz  target=9.102Hz  err=-18.186Hz  corr=-377.25W  u_ff=83.0W  PCAP→78W  power=78.8W
[PID] perf=27.304Hz  target=9.102Hz  err=-18.202Hz  corr=-377.55W  u_ff=83.0W  PCAP→78W  power=79.0W
[PID] perf=27.308Hz  target=9.102Hz  err=-18.206Hz  corr=-377.63W  u_ff=83.0W  PCAP→78W  power=78.4W
[PID] perf=27.294Hz  target=9.102Hz  err=-18.192Hz  corr=-377.37W  u_ff=83.0W  PCAP→78W  power=78.9W
[PID] perf=27.309Hz  target=9.102Hz  err=-18.207Hz  corr=-377.64W  u_ff=83.0W  PCAP→78W  power=77.6W
[PID] perf=27.305Hz  target=9.102Hz  err=-18.204Hz  corr=-377.58W  u_ff=83.0W  PCAP→78W  power=77.3W
[PID] perf=27.318Hz  target=9.102Hz  err=-18.216Hz  corr=-377.81W  u_ff=83.0W  PCAP→78W  power=77.1W
[PID] perf=27.286Hz  target=9.102Hz  err=-18.184Hz  corr=-377.21W  u_ff=83.0W  PCAP→78W  power=78.8W
[PID] perf=27.349Hz  target=9.102Hz  err=-18.247Hz  corr=-378.38W  u_ff=83.0W  PCAP→78W  power=78.3W
[PID] perf=27.306Hz  target=9.102Hz  err=-18.204Hz  corr=-377.58W  u_ff=83.0W  PCAP→78W  power=79.4W
[PID] perf=27.321Hz  target=9.102Hz  err=-18.220Hz  corr=-377.88W  u_ff=83.0W  PCAP→78W  power=76.4W
[PID] perf=27.326Hz  target=9.102Hz  err=-18.224Hz  corr=-377.96W  u_ff=83.0W  PCAP→78W  power=78.9W
[PID] perf=27.315Hz  target=9.102Hz  err=-18.213Hz  corr=-377.76W  u_ff=83.0W  PCAP→78W  power=79.2W
[PID] perf=27.325Hz  target=9.102Hz  err=-18.223Hz  corr=-377.94W  u_ff=83.0W  PCAP→78W  power=76.9W
[PID] perf=27.322Hz  target=9.102Hz  err=-18.221Hz  corr=-377.90W  u_ff=83.0W  PCAP→78W  power=77.3W
[PID] perf=27.302Hz  target=9.102Hz  err=-18.200Hz  corr=-377.51W  u_ff=83.0W  PCAP→78W  power=76.7W
[PID] perf=27.283Hz  target=9.102Hz  err=-18.181Hz  corr=-377.17W  u_ff=83.0W  PCAP→78W  power=78.5W
[PID] perf=27.281Hz  target=9.102Hz  err=-18.179Hz  corr=-377.13W  u_ff=83.0W  PCAP→78W  power=76.6W
[PID] perf=27.291Hz  target=9.102Hz  err=-18.189Hz  corr=-377.31W  u_ff=83.0W  PCAP→78W  power=79.0W
[PID] perf=27.251Hz  target=9.102Hz  err=-18.149Hz  corr=-376.58W  u_ff=83.0W  PCAP→78W  power=77.9W
[PID] perf=27.270Hz  target=9.102Hz  err=-18.168Hz  corr=-376.92W  u_ff=83.0W  PCAP→78W  power=78.9W
[PID] perf=27.305Hz  target=9.102Hz  err=-18.203Hz  corr=-377.58W  u_ff=83.0W  PCAP→78W  power=77.9W
[PID] perf=27.191Hz  target=9.102Hz  err=-18.089Hz  corr=-375.46W  u_ff=83.0W  PCAP→78W  power=76.8W
[PID] perf=26.257Hz  target=9.102Hz  err=-17.155Hz  corr=-358.14W  u_ff=83.0W  PCAP→78W  power=76.1W
[PID] perf=26.268Hz  target=9.102Hz  err=-17.166Hz  corr=-358.34W  u_ff=83.0W  PCAP→78W  power=76.7W
[PID] perf=26.266Hz  target=9.102Hz  err=-17.164Hz  corr=-358.30W  u_ff=83.0W  PCAP→78W  power=77.8W
[PID] perf=26.288Hz  target=9.102Hz  err=-17.186Hz  corr=-358.71W  u_ff=83.0W  PCAP→78W  power=78.2W
[PID] perf=26.376Hz  target=9.102Hz  err=-17.275Hz  corr=-360.35W  u_ff=83.0W  PCAP→78W  power=77.1W
[PID] perf=26.308Hz  target=9.102Hz  err=-17.207Hz  corr=-359.09W  u_ff=83.0W  PCAP→78W  power=78.8W
[PID] perf=26.345Hz  target=9.102Hz  err=-17.244Hz  corr=-359.78W  u_ff=83.0W  PCAP→78W  power=78.6W
[PID] perf=26.293Hz  target=9.102Hz  err=-17.191Hz  corr=-358.80W  u_ff=83.0W  PCAP→78W  power=77.7W
[PID] perf=26.341Hz  target=9.102Hz  err=-17.239Hz  corr=-359.69W  u_ff=83.0W  PCAP→78W  power=79.2W
[PID] perf=26.326Hz  target=9.102Hz  err=-17.224Hz  corr=-359.41W  u_ff=83.0W  PCAP→78W  power=77.1W
[PID] perf=26.359Hz  target=9.102Hz  err=-17.257Hz  corr=-360.03W  u_ff=83.0W  PCAP→78W  power=77.8W
[PID] perf=26.346Hz  target=9.102Hz  err=-17.245Hz  corr=-359.80W  u_ff=83.0W  PCAP→78W  power=78.9W
[PID] perf=26.336Hz  target=9.102Hz  err=-17.234Hz  corr=-359.60W  u_ff=83.0W  PCAP→78W  power=78.9W
[PID] perf=26.354Hz  target=9.102Hz  err=-17.252Hz  corr=-359.93W  u_ff=83.0W  PCAP→78W  power=78.2W
[PID] perf=26.363Hz  target=9.102Hz  err=-17.261Hz  corr=-360.11W  u_ff=83.0W  PCAP→78W  power=76.8W
[PID] perf=27.265Hz  target=9.102Hz  err=-18.163Hz  corr=-376.82W  u_ff=83.0W  PCAP→78W  power=77.5W
[PID] perf=27.257Hz  target=9.102Hz  err=-18.155Hz  corr=-376.68W  u_ff=83.0W  PCAP→78W  power=78.9W
[PID] perf=27.269Hz  target=9.102Hz  err=-18.168Hz  corr=-376.91W  u_ff=83.0W  PCAP→78W  power=78.3W
[PID] perf=27.262Hz  target=9.102Hz  err=-18.160Hz  corr=-376.77W  u_ff=83.0W  PCAP→78W  power=76.4W
[PID] perf=27.259Hz  target=9.102Hz  err=-18.157Hz  corr=-376.71W  u_ff=83.0W  PCAP→78W  power=76.6W
[PID] perf=27.243Hz  target=9.102Hz  err=-18.142Hz  corr=-376.43W  u_ff=83.0W  PCAP→78W  power=77.8W
[PID] perf=27.270Hz  target=9.102Hz  err=-18.169Hz  corr=-376.93W  u_ff=83.0W  PCAP→78W  power=77.8W
[PID] perf=27.250Hz  target=9.102Hz  err=-18.148Hz  corr=-376.56W  u_ff=83.0W  PCAP→78W  power=77.9W
[PID] perf=27.306Hz  target=9.102Hz  err=-18.205Hz  corr=-377.60W  u_ff=83.0W  PCAP→78W  power=78.9W
[PID] perf=27.299Hz  target=9.102Hz  err=-18.197Hz  corr=-377.46W  u_ff=83.0W  PCAP→78W  power=77.0W
[PID] perf=27.321Hz  target=9.102Hz  err=-18.219Hz  corr=-377.87W  u_ff=83.0W  PCAP→78W  power=78.8W
[PID] perf=27.305Hz  target=9.102Hz  err=-18.203Hz  corr=-377.58W  u_ff=83.0W  PCAP→78W  power=78.5W
[PID] perf=27.288Hz  target=9.102Hz  err=-18.187Hz  corr=-377.26W  u_ff=83.0W  PCAP→78W  power=78.5W
[PID] perf=27.268Hz  target=9.102Hz  err=-18.166Hz  corr=-376.89W  u_ff=83.0W  PCAP→78W  power=76.8W
[PID] perf=27.276Hz  target=9.102Hz  err=-18.174Hz  corr=-377.03W  u_ff=83.0W  PCAP→78W  power=77.8W
[PID] perf=27.300Hz  target=9.102Hz  err=-18.198Hz  corr=-377.48W  u_ff=83.0W  PCAP→78W  power=77.8W
[PID] perf=27.335Hz  target=9.102Hz  err=-18.233Hz  corr=-378.13W  u_ff=83.0W  PCAP→78W  power=78.0W
[PID] perf=27.289Hz  target=9.102Hz  err=-18.188Hz  corr=-377.28W  u_ff=83.0W  PCAP→78W  power=79.1W
[PID] perf=27.289Hz  target=9.102Hz  err=-18.188Hz  corr=-377.29W  u_ff=83.0W  PCAP→78W  power=77.0W
[PID] perf=27.260Hz  target=9.102Hz  err=-18.158Hz  corr=-376.73W  u_ff=83.0W  PCAP→78W  power=77.2W
[PID] perf=27.248Hz  target=9.102Hz  err=-18.146Hz  corr=-376.52W  u_ff=83.0W  PCAP→78W  power=77.9W
[PID] perf=27.248Hz  target=9.102Hz  err=-18.147Hz  corr=-376.52W  u_ff=83.0W  PCAP→78W  power=79.4W
[PID] perf=27.299Hz  target=9.102Hz  err=-18.198Hz  corr=-377.47W  u_ff=83.0W  PCAP→78W  power=78.3W
[PID] perf=27.320Hz  target=9.102Hz  err=-18.218Hz  corr=-377.84W  u_ff=83.0W  PCAP→78W  power=77.5W
[PID] perf=27.353Hz  target=9.102Hz  err=-18.251Hz  corr=-378.46W  u_ff=83.0W  PCAP→78W  power=76.9W
[PID] perf=27.362Hz  target=9.102Hz  err=-18.260Hz  corr=-378.62W  u_ff=83.0W  PCAP→78W  power=76.1W
[PID] perf=27.340Hz  target=9.102Hz  err=-18.238Hz  corr=-378.22W  u_ff=83.0W  PCAP→78W  power=78.0W
[PID] perf=27.343Hz  target=9.102Hz  err=-18.241Hz  corr=-378.27W  u_ff=83.0W  PCAP→78W  power=77.5W
[PID] perf=27.282Hz  target=9.102Hz  err=-18.180Hz  corr=-377.14W  u_ff=83.0W  PCAP→78W  power=77.9W
[PID] perf=27.291Hz  target=9.102Hz  err=-18.189Hz  corr=-377.31W  u_ff=83.0W  PCAP→78W  power=78.2W
[PID] perf=27.308Hz  target=9.102Hz  err=-18.206Hz  corr=-377.63W  u_ff=83.0W  PCAP→78W  power=78.1W
[PID] perf=27.312Hz  target=9.102Hz  err=-18.210Hz  corr=-377.69W  u_ff=83.0W  PCAP→78W  power=77.6W
[PID] perf=27.249Hz  target=9.102Hz  err=-18.148Hz  corr=-376.54W  u_ff=83.0W  PCAP→78W  power=77.6W
[PID] perf=27.281Hz  target=9.102Hz  err=-18.179Hz  corr=-377.13W  u_ff=83.0W  PCAP→78W  power=77.1W
[PID] perf=27.229Hz  target=9.102Hz  err=-18.127Hz  corr=-376.16W  u_ff=83.0W  PCAP→78W  power=77.1W
[PID] perf=27.308Hz  target=9.102Hz  err=-18.206Hz  corr=-377.63W  u_ff=83.0W  PCAP→78W  power=78.8W
[PID] perf=27.315Hz  target=9.102Hz  err=-18.213Hz  corr=-377.76W  u_ff=83.0W  PCAP→78W  power=78.8W
[PID] perf=27.288Hz  target=9.102Hz  err=-18.186Hz  corr=-377.26W  u_ff=83.0W  PCAP→78W  power=79.3W
[PID] perf=27.206Hz  target=9.102Hz  err=-18.104Hz  corr=-375.74W  u_ff=83.0W  PCAP→78W  power=78.3W
[PID] perf=27.277Hz  target=9.102Hz  err=-18.176Hz  corr=-377.06W  u_ff=83.0W  PCAP→78W  power=78.3W
[PID] perf=27.302Hz  target=9.102Hz  err=-18.200Hz  corr=-377.52W  u_ff=83.0W  PCAP→78W  power=78.1W
[PID] perf=27.251Hz  target=9.102Hz  err=-18.149Hz  corr=-376.57W  u_ff=83.0W  PCAP→78W  power=77.3W
[PID] perf=26.868Hz  target=9.102Hz  err=-17.766Hz  corr=-369.46W  u_ff=83.0W  PCAP→78W  power=76.7W
[PID] perf=27.305Hz  target=9.102Hz  err=-18.203Hz  corr=-377.57W  u_ff=83.0W  PCAP→78W  power=78.0W
[PID] perf=27.323Hz  target=9.102Hz  err=-18.221Hz  corr=-377.91W  u_ff=83.0W  PCAP→78W  power=79.1W
[PID] perf=27.287Hz  target=9.102Hz  err=-18.186Hz  corr=-377.25W  u_ff=83.0W  PCAP→78W  power=77.0W
[PID] perf=27.311Hz  target=9.102Hz  err=-18.209Hz  corr=-377.69W  u_ff=83.0W  PCAP→78W  power=76.6W
[PID] perf=27.318Hz  target=9.102Hz  err=-18.216Hz  corr=-377.81W  u_ff=83.0W  PCAP→78W  power=78.5W
[PID] perf=27.328Hz  target=9.102Hz  err=-18.227Hz  corr=-378.01W  u_ff=83.0W  PCAP→78W  power=77.8W
[PID] perf=27.332Hz  target=9.102Hz  err=-18.231Hz  corr=-378.08W  u_ff=83.0W  PCAP→78W  power=78.9W
[PID] perf=27.323Hz  target=9.102Hz  err=-18.221Hz  corr=-377.91W  u_ff=83.0W  PCAP→78W  power=77.1W
[PID] perf=27.325Hz  target=9.102Hz  err=-18.223Hz  corr=-377.95W  u_ff=83.0W  PCAP→78W  power=79.5W
[PID] perf=27.341Hz  target=9.102Hz  err=-18.239Hz  corr=-378.24W  u_ff=83.0W  PCAP→78W  power=77.1W
[PID] perf=27.327Hz  target=9.102Hz  err=-18.225Hz  corr=-377.98W  u_ff=83.0W  PCAP→78W  power=78.9W
[PID] perf=28.226Hz  target=9.102Hz  err=-19.125Hz  corr=-394.66W  u_ff=83.0W  PCAP→78W  power=79.2W
[PID] perf=28.532Hz  target=9.102Hz  err=-19.430Hz  corr=-400.33W  u_ff=83.0W  PCAP→78W  power=78.5W
[PID] perf=28.525Hz  target=9.102Hz  err=-19.424Hz  corr=-400.20W  u_ff=83.0W  PCAP→78W  power=77.6W
[PID] perf=28.547Hz  target=9.102Hz  err=-19.445Hz  corr=-400.60W  u_ff=83.0W  PCAP→78W  power=77.2W
[PID] perf=28.554Hz  target=9.102Hz  err=-19.453Hz  corr=-400.74W  u_ff=83.0W  PCAP→78W  power=78.9W
[PID] perf=28.565Hz  target=9.102Hz  err=-19.463Hz  corr=-400.93W  u_ff=83.0W  PCAP→78W  power=78.6W
[PID] perf=28.541Hz  target=9.102Hz  err=-19.439Hz  corr=-400.49W  u_ff=83.0W  PCAP→78W  power=77.8W
Process completed.
Compressed into /home/cc/summer2024/main_codes/pid_controller/../experiment_data/PID_Control_sweep/ones-npb-cg/compressed_iteration_20260513_012215.tar
----------------------------------

>>> Step 3/3

[ones-npb-cg]
  target perf      : 9.1017 Hz
  coefficients_perf: [-0.0006547837485238978, 0.18607436314256556, -1.8317688501798497]
  feedforward PCAP : 83.00 W  →  83 W (snapped)
  Perf(u_ff) check : 9.1017 Hz  (should ≈ target)
  PID gains        : Kp=18.5447 W/Hz  Ki=1.85447 W/(Hz·s)  Kd=0.0000
[PID] Awaiting data — feedforward PCAP=83W
[PID] Awaiting data — feedforward PCAP=83W
[PID] Awaiting data — feedforward PCAP=83W
[PID] Awaiting data — feedforward PCAP=83W
[PID] Awaiting data — feedforward PCAP=83W
[PID] Awaiting data — feedforward PCAP=83W
[PID] perf=18.690Hz  target=9.102Hz  err=-9.589Hz  corr=-213.38W  u_ff=83.0W  PCAP→78W  power=nanW
[PID] perf=18.071Hz  target=9.102Hz  err=-8.969Hz  corr=-206.32W  u_ff=83.0W  PCAP→78W  power=77.2W
[PID] perf=18.149Hz  target=9.102Hz  err=-9.047Hz  corr=-207.78W  u_ff=83.0W  PCAP→78W  power=77.3W
[PID] perf=18.156Hz  target=9.102Hz  err=-9.054Hz  corr=-207.91W  u_ff=83.0W  PCAP→78W  power=78.2W
[PID] perf=18.140Hz  target=9.102Hz  err=-9.038Hz  corr=-207.60W  u_ff=83.0W  PCAP→78W  power=78.3W
[PID] perf=24.408Hz  target=9.102Hz  err=-15.306Hz  corr=-323.85W  u_ff=83.0W  PCAP→78W  power=79.0W
[PID] perf=29.273Hz  target=9.102Hz  err=-20.171Hz  corr=-414.07W  u_ff=83.0W  PCAP→78W  power=77.8W
[PID] perf=29.323Hz  target=9.102Hz  err=-20.222Hz  corr=-415.00W  u_ff=83.0W  PCAP→78W  power=77.1W
[PID] perf=29.318Hz  target=9.102Hz  err=-20.216Hz  corr=-414.90W  u_ff=83.0W  PCAP→78W  power=79.0W
[PID] perf=29.341Hz  target=9.102Hz  err=-20.239Hz  corr=-415.33W  u_ff=83.0W  PCAP→78W  power=79.7W
[PID] perf=29.401Hz  target=9.102Hz  err=-20.299Hz  corr=-416.44W  u_ff=83.0W  PCAP→78W  power=79.4W
[PID] perf=29.318Hz  target=9.102Hz  err=-20.216Hz  corr=-414.91W  u_ff=83.0W  PCAP→78W  power=78.0W
[PID] perf=29.356Hz  target=9.102Hz  err=-20.255Hz  corr=-415.62W  u_ff=83.0W  PCAP→78W  power=78.3W
[PID] perf=29.340Hz  target=9.102Hz  err=-20.238Hz  corr=-415.32W  u_ff=83.0W  PCAP→78W  power=76.7W
[PID] perf=29.358Hz  target=9.102Hz  err=-20.257Hz  corr=-415.65W  u_ff=83.0W  PCAP→78W  power=78.5W
[PID] perf=29.342Hz  target=9.102Hz  err=-20.240Hz  corr=-415.35W  u_ff=83.0W  PCAP→78W  power=77.3W
[PID] perf=29.320Hz  target=9.102Hz  err=-20.219Hz  corr=-414.95W  u_ff=83.0W  PCAP→78W  power=76.8W
[PID] perf=29.368Hz  target=9.102Hz  err=-20.267Hz  corr=-415.84W  u_ff=83.0W  PCAP→78W  power=78.5W
[PID] perf=29.334Hz  target=9.102Hz  err=-20.232Hz  corr=-415.20W  u_ff=83.0W  PCAP→78W  power=77.9W
[PID] perf=29.356Hz  target=9.102Hz  err=-20.255Hz  corr=-415.62W  u_ff=83.0W  PCAP→78W  power=78.7W
[PID] perf=29.335Hz  target=9.102Hz  err=-20.234Hz  corr=-415.23W  u_ff=83.0W  PCAP→78W  power=76.7W
[PID] perf=29.347Hz  target=9.102Hz  err=-20.245Hz  corr=-415.44W  u_ff=83.0W  PCAP→78W  power=79.1W
[PID] perf=29.332Hz  target=9.102Hz  err=-20.230Hz  corr=-415.16W  u_ff=83.0W  PCAP→78W  power=77.8W
[PID] perf=29.348Hz  target=9.102Hz  err=-20.246Hz  corr=-415.46W  u_ff=83.0W  PCAP→78W  power=79.1W
[PID] perf=29.357Hz  target=9.102Hz  err=-20.255Hz  corr=-415.63W  u_ff=83.0W  PCAP→78W  power=78.7W
[PID] perf=29.329Hz  target=9.102Hz  err=-20.228Hz  corr=-415.11W  u_ff=83.0W  PCAP→78W  power=76.3W
[PID] perf=29.346Hz  target=9.102Hz  err=-20.244Hz  corr=-415.43W  u_ff=83.0W  PCAP→78W  power=77.4W
[PID] perf=29.328Hz  target=9.102Hz  err=-20.226Hz  corr=-415.09W  u_ff=83.0W  PCAP→78W  power=78.3W
[PID] perf=29.325Hz  target=9.102Hz  err=-20.223Hz  corr=-415.03W  u_ff=83.0W  PCAP→78W  power=78.8W
[PID] perf=29.345Hz  target=9.102Hz  err=-20.243Hz  corr=-415.41W  u_ff=83.0W  PCAP→78W  power=76.8W
[PID] perf=29.365Hz  target=9.102Hz  err=-20.264Hz  corr=-415.78W  u_ff=83.0W  PCAP→78W  power=76.3W
[PID] perf=29.349Hz  target=9.102Hz  err=-20.247Hz  corr=-415.48W  u_ff=83.0W  PCAP→78W  power=76.4W
[PID] perf=29.344Hz  target=9.102Hz  err=-20.242Hz  corr=-415.38W  u_ff=83.0W  PCAP→78W  power=76.1W
[PID] perf=29.348Hz  target=9.102Hz  err=-20.246Hz  corr=-415.46W  u_ff=83.0W  PCAP→78W  power=78.4W
[PID] perf=29.319Hz  target=9.102Hz  err=-20.217Hz  corr=-414.92W  u_ff=83.0W  PCAP→78W  power=76.3W
[PID] perf=29.343Hz  target=9.102Hz  err=-20.241Hz  corr=-415.36W  u_ff=83.0W  PCAP→78W  power=77.8W
[PID] perf=29.332Hz  target=9.102Hz  err=-20.231Hz  corr=-415.17W  u_ff=83.0W  PCAP→78W  power=77.1W
[PID] perf=29.336Hz  target=9.102Hz  err=-20.235Hz  corr=-415.24W  u_ff=83.0W  PCAP→78W  power=78.6W
[PID] perf=29.364Hz  target=9.102Hz  err=-20.262Hz  corr=-415.75W  u_ff=83.0W  PCAP→78W  power=79.4W
[PID] perf=29.306Hz  target=9.102Hz  err=-20.204Hz  corr=-414.68W  u_ff=83.0W  PCAP→78W  power=77.4W
[PID] perf=29.345Hz  target=9.102Hz  err=-20.243Hz  corr=-415.40W  u_ff=83.0W  PCAP→78W  power=77.5W
[PID] perf=29.373Hz  target=9.102Hz  err=-20.272Hz  corr=-415.93W  u_ff=83.0W  PCAP→78W  power=78.3W
[PID] perf=29.382Hz  target=9.102Hz  err=-20.280Hz  corr=-416.09W  u_ff=83.0W  PCAP→78W  power=78.4W
[PID] perf=29.371Hz  target=9.102Hz  err=-20.269Hz  corr=-415.88W  u_ff=83.0W  PCAP→78W  power=77.3W
[PID] perf=29.423Hz  target=9.102Hz  err=-20.321Hz  corr=-416.85W  u_ff=83.0W  PCAP→78W  power=77.0W
[PID] perf=29.318Hz  target=9.102Hz  err=-20.216Hz  corr=-414.90W  u_ff=83.0W  PCAP→78W  power=78.7W
[PID] perf=29.320Hz  target=9.102Hz  err=-20.218Hz  corr=-414.94W  u_ff=83.0W  PCAP→78W  power=78.9W
[PID] perf=29.331Hz  target=9.102Hz  err=-20.229Hz  corr=-415.15W  u_ff=83.0W  PCAP→78W  power=78.0W
[PID] perf=29.365Hz  target=9.102Hz  err=-20.263Hz  corr=-415.77W  u_ff=83.0W  PCAP→78W  power=76.8W
[PID] perf=29.309Hz  target=9.102Hz  err=-20.207Hz  corr=-414.74W  u_ff=83.0W  PCAP→78W  power=76.3W
[PID] perf=29.330Hz  target=9.102Hz  err=-20.228Hz  corr=-415.12W  u_ff=83.0W  PCAP→78W  power=76.5W
[PID] perf=29.324Hz  target=9.102Hz  err=-20.223Hz  corr=-415.02W  u_ff=83.0W  PCAP→78W  power=79.3W
[PID] perf=29.315Hz  target=9.102Hz  err=-20.213Hz  corr=-414.84W  u_ff=83.0W  PCAP→78W  power=78.6W
[PID] perf=29.363Hz  target=9.102Hz  err=-20.261Hz  corr=-415.74W  u_ff=83.0W  PCAP→78W  power=77.9W
[PID] perf=29.331Hz  target=9.102Hz  err=-20.230Hz  corr=-415.15W  u_ff=83.0W  PCAP→78W  power=77.5W
[PID] perf=29.283Hz  target=9.102Hz  err=-20.181Hz  corr=-414.25W  u_ff=83.0W  PCAP→78W  power=79.4W
[PID] perf=29.308Hz  target=9.102Hz  err=-20.206Hz  corr=-414.72W  u_ff=83.0W  PCAP→78W  power=78.1W
[PID] perf=29.338Hz  target=9.102Hz  err=-20.236Hz  corr=-415.27W  u_ff=83.0W  PCAP→78W  power=79.3W
[PID] perf=29.324Hz  target=9.102Hz  err=-20.222Hz  corr=-415.02W  u_ff=83.0W  PCAP→78W  power=77.1W
[PID] perf=29.314Hz  target=9.102Hz  err=-20.212Hz  corr=-414.83W  u_ff=83.0W  PCAP→78W  power=79.0W
[PID] perf=29.343Hz  target=9.102Hz  err=-20.241Hz  corr=-415.36W  u_ff=83.0W  PCAP→78W  power=79.1W
[PID] perf=29.339Hz  target=9.102Hz  err=-20.237Hz  corr=-415.29W  u_ff=83.0W  PCAP→78W  power=77.3W
[PID] perf=29.341Hz  target=9.102Hz  err=-20.240Hz  corr=-415.34W  u_ff=83.0W  PCAP→78W  power=78.7W
[PID] perf=29.323Hz  target=9.102Hz  err=-20.221Hz  corr=-415.00W  u_ff=83.0W  PCAP→78W  power=78.2W
[PID] perf=29.329Hz  target=9.102Hz  err=-20.227Hz  corr=-415.10W  u_ff=83.0W  PCAP→78W  power=76.3W
[PID] perf=29.331Hz  target=9.102Hz  err=-20.229Hz  corr=-415.14W  u_ff=83.0W  PCAP→78W  power=78.9W
[PID] perf=29.350Hz  target=9.102Hz  err=-20.248Hz  corr=-415.50W  u_ff=83.0W  PCAP→78W  power=78.8W
[PID] perf=29.315Hz  target=9.102Hz  err=-20.213Hz  corr=-414.85W  u_ff=83.0W  PCAP→78W  power=78.3W
[PID] perf=27.558Hz  target=9.102Hz  err=-18.456Hz  corr=-382.26W  u_ff=83.0W  PCAP→78W  power=77.3W
[PID] perf=27.588Hz  target=9.102Hz  err=-18.486Hz  corr=-382.81W  u_ff=83.0W  PCAP→78W  power=77.3W
[PID] perf=27.627Hz  target=9.102Hz  err=-18.525Hz  corr=-383.55W  u_ff=83.0W  PCAP→78W  power=76.1W
[PID] perf=27.403Hz  target=9.102Hz  err=-18.301Hz  corr=-379.39W  u_ff=83.0W  PCAP→78W  power=79.3W
[PID] perf=27.494Hz  target=9.102Hz  err=-18.392Hz  corr=-381.08W  u_ff=83.0W  PCAP→78W  power=79.0W
[PID] perf=27.512Hz  target=9.102Hz  err=-18.410Hz  corr=-381.41W  u_ff=83.0W  PCAP→78W  power=79.1W
[PID] perf=27.537Hz  target=9.102Hz  err=-18.435Hz  corr=-381.88W  u_ff=83.0W  PCAP→78W  power=77.4W
[PID] perf=27.519Hz  target=9.102Hz  err=-18.417Hz  corr=-381.54W  u_ff=83.0W  PCAP→78W  power=76.2W
[PID] perf=27.538Hz  target=9.102Hz  err=-18.436Hz  corr=-381.89W  u_ff=83.0W  PCAP→78W  power=78.5W
[PID] perf=27.506Hz  target=9.102Hz  err=-18.405Hz  corr=-381.31W  u_ff=83.0W  PCAP→78W  power=76.9W
[PID] perf=27.538Hz  target=9.102Hz  err=-18.436Hz  corr=-381.89W  u_ff=83.0W  PCAP→78W  power=77.2W
[PID] perf=27.512Hz  target=9.102Hz  err=-18.411Hz  corr=-381.42W  u_ff=83.0W  PCAP→78W  power=77.1W
[PID] perf=27.507Hz  target=9.102Hz  err=-18.405Hz  corr=-381.32W  u_ff=83.0W  PCAP→78W  power=78.9W
[PID] perf=27.541Hz  target=9.102Hz  err=-18.439Hz  corr=-381.95W  u_ff=83.0W  PCAP→78W  power=77.0W
[PID] perf=27.521Hz  target=9.102Hz  err=-18.419Hz  corr=-381.57W  u_ff=83.0W  PCAP→78W  power=77.2W
[PID] perf=27.538Hz  target=9.102Hz  err=-18.436Hz  corr=-381.89W  u_ff=83.0W  PCAP→78W  power=78.2W
[PID] perf=27.525Hz  target=9.102Hz  err=-18.423Hz  corr=-381.65W  u_ff=83.0W  PCAP→78W  power=76.9W
[PID] perf=27.509Hz  target=9.102Hz  err=-18.407Hz  corr=-381.36W  u_ff=83.0W  PCAP→78W  power=78.7W
[PID] perf=27.455Hz  target=9.102Hz  err=-18.353Hz  corr=-380.36W  u_ff=83.0W  PCAP→78W  power=79.4W
[PID] perf=27.483Hz  target=9.102Hz  err=-18.381Hz  corr=-380.87W  u_ff=83.0W  PCAP→78W  power=77.1W
[PID] perf=27.470Hz  target=9.102Hz  err=-18.369Hz  corr=-380.64W  u_ff=83.0W  PCAP→78W  power=79.1W
[PID] perf=27.495Hz  target=9.102Hz  err=-18.393Hz  corr=-381.10W  u_ff=83.0W  PCAP→78W  power=79.0W
[PID] perf=27.536Hz  target=9.102Hz  err=-18.434Hz  corr=-381.85W  u_ff=83.0W  PCAP→78W  power=77.1W
[PID] perf=27.537Hz  target=9.102Hz  err=-18.435Hz  corr=-381.87W  u_ff=83.0W  PCAP→78W  power=78.2W
[PID] perf=27.541Hz  target=9.102Hz  err=-18.440Hz  corr=-381.96W  u_ff=83.0W  PCAP→78W  power=78.5W
[PID] perf=27.537Hz  target=9.102Hz  err=-18.435Hz  corr=-381.87W  u_ff=83.0W  PCAP→78W  power=77.9W
[PID] perf=27.550Hz  target=9.102Hz  err=-18.448Hz  corr=-382.11W  u_ff=83.0W  PCAP→78W  power=77.5W
[PID] perf=27.544Hz  target=9.102Hz  err=-18.443Hz  corr=-382.01W  u_ff=83.0W  PCAP→78W  power=76.5W
[PID] perf=27.527Hz  target=9.102Hz  err=-18.425Hz  corr=-381.69W  u_ff=83.0W  PCAP→78W  power=76.4W
[PID] perf=27.487Hz  target=9.102Hz  err=-18.385Hz  corr=-380.95W  u_ff=83.0W  PCAP→78W  power=79.3W
[PID] perf=27.478Hz  target=9.102Hz  err=-18.376Hz  corr=-380.78W  u_ff=83.0W  PCAP→78W  power=77.3W
[PID] perf=27.504Hz  target=9.102Hz  err=-18.402Hz  corr=-381.26W  u_ff=83.0W  PCAP→78W  power=77.2W
[PID] perf=27.478Hz  target=9.102Hz  err=-18.376Hz  corr=-380.79W  u_ff=83.0W  PCAP→78W  power=78.8W
[PID] perf=27.473Hz  target=9.102Hz  err=-18.371Hz  corr=-380.69W  u_ff=83.0W  PCAP→78W  power=77.1W
[PID] perf=27.482Hz  target=9.102Hz  err=-18.380Hz  corr=-380.85W  u_ff=83.0W  PCAP→78W  power=78.5W
[PID] perf=27.522Hz  target=9.102Hz  err=-18.420Hz  corr=-381.59W  u_ff=83.0W  PCAP→78W  power=77.6W
[PID] perf=27.459Hz  target=9.102Hz  err=-18.357Hz  corr=-380.42W  u_ff=83.0W  PCAP→78W  power=77.7W
[PID] perf=27.468Hz  target=9.102Hz  err=-18.366Hz  corr=-380.59W  u_ff=83.0W  PCAP→78W  power=78.5W
[PID] perf=27.512Hz  target=9.102Hz  err=-18.410Hz  corr=-381.41W  u_ff=83.0W  PCAP→78W  power=79.2W
[PID] perf=27.477Hz  target=9.102Hz  err=-18.375Hz  corr=-380.76W  u_ff=83.0W  PCAP→78W  power=77.1W
[PID] perf=27.512Hz  target=9.102Hz  err=-18.410Hz  corr=-381.41W  u_ff=83.0W  PCAP→78W  power=77.0W
[PID] perf=27.517Hz  target=9.102Hz  err=-18.415Hz  corr=-381.51W  u_ff=83.0W  PCAP→78W  power=78.4W
[PID] perf=27.524Hz  target=9.102Hz  err=-18.423Hz  corr=-381.64W  u_ff=83.0W  PCAP→78W  power=77.5W
[PID] perf=27.469Hz  target=9.102Hz  err=-18.367Hz  corr=-380.61W  u_ff=83.0W  PCAP→78W  power=78.4W
[PID] perf=27.496Hz  target=9.102Hz  err=-18.394Hz  corr=-381.11W  u_ff=83.0W  PCAP→78W  power=78.4W
[PID] perf=27.488Hz  target=9.102Hz  err=-18.387Hz  corr=-380.98W  u_ff=83.0W  PCAP→78W  power=77.3W
[PID] perf=27.436Hz  target=9.102Hz  err=-18.334Hz  corr=-380.01W  u_ff=83.0W  PCAP→78W  power=77.1W
[PID] perf=27.479Hz  target=9.102Hz  err=-18.378Hz  corr=-380.81W  u_ff=83.0W  PCAP→78W  power=78.4W
[PID] perf=27.488Hz  target=9.102Hz  err=-18.386Hz  corr=-380.96W  u_ff=83.0W  PCAP→78W  power=78.8W
[PID] perf=27.468Hz  target=9.102Hz  err=-18.366Hz  corr=-380.60W  u_ff=83.0W  PCAP→78W  power=76.5W
[PID] perf=27.474Hz  target=9.102Hz  err=-18.372Hz  corr=-380.70W  u_ff=83.0W  PCAP→78W  power=78.3W
[PID] perf=27.505Hz  target=9.102Hz  err=-18.403Hz  corr=-381.28W  u_ff=83.0W  PCAP→78W  power=76.3W
[PID] perf=27.478Hz  target=9.102Hz  err=-18.376Hz  corr=-380.77W  u_ff=83.0W  PCAP→78W  power=78.4W
[PID] perf=27.485Hz  target=9.102Hz  err=-18.383Hz  corr=-380.91W  u_ff=83.0W  PCAP→78W  power=78.2W
[PID] perf=27.477Hz  target=9.102Hz  err=-18.375Hz  corr=-380.76W  u_ff=83.0W  PCAP→78W  power=77.6W
[PID] perf=27.510Hz  target=9.102Hz  err=-18.409Hz  corr=-381.38W  u_ff=83.0W  PCAP→78W  power=77.7W
[PID] perf=27.514Hz  target=9.102Hz  err=-18.413Hz  corr=-381.46W  u_ff=83.0W  PCAP→78W  power=77.9W
[PID] perf=27.477Hz  target=9.102Hz  err=-18.375Hz  corr=-380.76W  u_ff=83.0W  PCAP→78W  power=77.7W
[PID] perf=27.508Hz  target=9.102Hz  err=-18.406Hz  corr=-381.34W  u_ff=83.0W  PCAP→78W  power=77.3W
[PID] perf=27.540Hz  target=9.102Hz  err=-18.438Hz  corr=-381.93W  u_ff=83.0W  PCAP→78W  power=78.8W
[PID] perf=27.522Hz  target=9.102Hz  err=-18.420Hz  corr=-381.59W  u_ff=83.0W  PCAP→78W  power=77.9W
[PID] perf=27.524Hz  target=9.102Hz  err=-18.422Hz  corr=-381.63W  u_ff=83.0W  PCAP→78W  power=77.6W
[PID] perf=27.501Hz  target=9.102Hz  err=-18.399Hz  corr=-381.21W  u_ff=83.0W  PCAP→78W  power=77.0W
[PID] perf=27.505Hz  target=9.102Hz  err=-18.403Hz  corr=-381.28W  u_ff=83.0W  PCAP→78W  power=77.4W
[PID] perf=27.544Hz  target=9.102Hz  err=-18.443Hz  corr=-382.01W  u_ff=83.0W  PCAP→78W  power=78.3W
[PID] perf=27.571Hz  target=9.102Hz  err=-18.469Hz  corr=-382.50W  u_ff=83.0W  PCAP→78W  power=78.1W
[PID] perf=27.581Hz  target=9.102Hz  err=-18.479Hz  corr=-382.70W  u_ff=83.0W  PCAP→78W  power=76.9W
[PID] perf=27.566Hz  target=9.102Hz  err=-18.464Hz  corr=-382.41W  u_ff=83.0W  PCAP→78W  power=78.6W
[PID] perf=27.495Hz  target=9.102Hz  err=-18.393Hz  corr=-381.10W  u_ff=83.0W  PCAP→78W  power=78.9W
[PID] perf=27.509Hz  target=9.102Hz  err=-18.407Hz  corr=-381.35W  u_ff=83.0W  PCAP→78W  power=79.0W
[PID] perf=27.520Hz  target=9.102Hz  err=-18.418Hz  corr=-381.55W  u_ff=83.0W  PCAP→78W  power=78.7W
[PID] perf=27.519Hz  target=9.102Hz  err=-18.417Hz  corr=-381.54W  u_ff=83.0W  PCAP→78W  power=77.5W
[PID] perf=27.485Hz  target=9.102Hz  err=-18.384Hz  corr=-380.92W  u_ff=83.0W  PCAP→78W  power=77.3W
[PID] perf=27.497Hz  target=9.102Hz  err=-18.395Hz  corr=-381.13W  u_ff=83.0W  PCAP→78W  power=78.7W
[PID] perf=27.497Hz  target=9.102Hz  err=-18.396Hz  corr=-381.14W  u_ff=83.0W  PCAP→78W  power=78.5W
[PID] perf=27.483Hz  target=9.102Hz  err=-18.381Hz  corr=-380.87W  u_ff=83.0W  PCAP→78W  power=76.9W
[PID] perf=25.337Hz  target=9.102Hz  err=-16.236Hz  corr=-341.09W  u_ff=83.0W  PCAP→78W  power=79.0W
[PID] perf=25.340Hz  target=9.102Hz  err=-16.238Hz  corr=-341.13W  u_ff=83.0W  PCAP→78W  power=78.3W
[PID] perf=25.412Hz  target=9.102Hz  err=-16.310Hz  corr=-342.47W  u_ff=83.0W  PCAP→78W  power=77.9W
[PID] perf=25.463Hz  target=9.102Hz  err=-16.361Hz  corr=-343.41W  u_ff=83.0W  PCAP→78W  power=77.7W
[PID] perf=25.477Hz  target=9.102Hz  err=-16.375Hz  corr=-343.67W  u_ff=83.0W  PCAP→78W  power=78.7W
[PID] perf=25.457Hz  target=9.102Hz  err=-16.355Hz  corr=-343.29W  u_ff=83.0W  PCAP→78W  power=78.6W
[PID] perf=25.456Hz  target=9.102Hz  err=-16.354Hz  corr=-343.28W  u_ff=83.0W  PCAP→78W  power=77.0W
[PID] perf=25.493Hz  target=9.102Hz  err=-16.391Hz  corr=-343.97W  u_ff=83.0W  PCAP→78W  power=77.3W
[PID] perf=25.507Hz  target=9.102Hz  err=-16.405Hz  corr=-344.23W  u_ff=83.0W  PCAP→78W  power=78.1W
[PID] perf=25.484Hz  target=9.102Hz  err=-16.382Hz  corr=-343.80W  u_ff=83.0W  PCAP→78W  power=77.0W
[PID] perf=25.521Hz  target=9.102Hz  err=-16.420Hz  corr=-344.50W  u_ff=83.0W  PCAP→78W  power=76.3W
[PID] perf=25.537Hz  target=9.102Hz  err=-16.435Hz  corr=-344.79W  u_ff=83.0W  PCAP→78W  power=79.0W
[PID] perf=25.482Hz  target=9.102Hz  err=-16.380Hz  corr=-343.76W  u_ff=83.0W  PCAP→78W  power=78.2W
[PID] perf=23.734Hz  target=9.102Hz  err=-14.632Hz  corr=-311.35W  u_ff=83.0W  PCAP→78W  power=78.0W
[PID] perf=24.497Hz  target=9.102Hz  err=-15.396Hz  corr=-325.51W  u_ff=83.0W  PCAP→78W  power=77.8W
[PID] perf=24.601Hz  target=9.102Hz  err=-15.499Hz  corr=-327.43W  u_ff=83.0W  PCAP→78W  power=79.0W
[PID] perf=24.636Hz  target=9.102Hz  err=-15.534Hz  corr=-328.07W  u_ff=83.0W  PCAP→78W  power=78.7W
[PID] perf=24.587Hz  target=9.102Hz  err=-15.485Hz  corr=-327.17W  u_ff=83.0W  PCAP→78W  power=77.4W
[PID] perf=24.617Hz  target=9.102Hz  err=-15.515Hz  corr=-327.72W  u_ff=83.0W  PCAP→78W  power=78.2W
[PID] perf=24.657Hz  target=9.102Hz  err=-15.555Hz  corr=-328.47W  u_ff=83.0W  PCAP→78W  power=76.9W
[PID] perf=24.637Hz  target=9.102Hz  err=-15.535Hz  corr=-328.09W  u_ff=83.0W  PCAP→78W  power=77.5W
[PID] perf=24.651Hz  target=9.102Hz  err=-15.549Hz  corr=-328.36W  u_ff=83.0W  PCAP→78W  power=78.5W
[PID] perf=24.649Hz  target=9.102Hz  err=-15.547Hz  corr=-328.31W  u_ff=83.0W  PCAP→78W  power=78.6W
[PID] perf=24.624Hz  target=9.102Hz  err=-15.523Hz  corr=-327.86W  u_ff=83.0W  PCAP→78W  power=77.9W
[PID] perf=24.638Hz  target=9.102Hz  err=-15.536Hz  corr=-328.11W  u_ff=83.0W  PCAP→78W  power=78.2W
[PID] perf=24.604Hz  target=9.102Hz  err=-15.502Hz  corr=-327.48W  u_ff=83.0W  PCAP→78W  power=78.8W
[PID] perf=24.646Hz  target=9.102Hz  err=-15.544Hz  corr=-328.25W  u_ff=83.0W  PCAP→78W  power=78.0W
[PID] perf=24.633Hz  target=9.102Hz  err=-15.531Hz  corr=-328.02W  u_ff=83.0W  PCAP→78W  power=77.2W
[PID] perf=24.691Hz  target=9.102Hz  err=-15.589Hz  corr=-329.10W  u_ff=83.0W  PCAP→78W  power=77.8W
[PID] perf=24.647Hz  target=9.102Hz  err=-15.546Hz  corr=-328.29W  u_ff=83.0W  PCAP→78W  power=79.0W
[PID] perf=24.608Hz  target=9.102Hz  err=-15.506Hz  corr=-327.56W  u_ff=83.0W  PCAP→78W  power=79.5W
[PID] perf=24.663Hz  target=9.102Hz  err=-15.562Hz  corr=-328.58W  u_ff=83.0W  PCAP→78W  power=77.0W
[PID] perf=24.640Hz  target=9.102Hz  err=-15.538Hz  corr=-328.15W  u_ff=83.0W  PCAP→78W  power=77.7W
[PID] perf=24.653Hz  target=9.102Hz  err=-15.551Hz  corr=-328.39W  u_ff=83.0W  PCAP→78W  power=77.1W
[PID] perf=24.666Hz  target=9.102Hz  err=-15.565Hz  corr=-328.64W  u_ff=83.0W  PCAP→78W  power=77.5W
[PID] perf=24.614Hz  target=9.102Hz  err=-15.513Hz  corr=-327.67W  u_ff=83.0W  PCAP→78W  power=77.6W
[PID] perf=24.452Hz  target=9.102Hz  err=-15.350Hz  corr=-324.66W  u_ff=83.0W  PCAP→78W  power=78.6W
[PID] perf=24.508Hz  target=9.102Hz  err=-15.407Hz  corr=-325.71W  u_ff=83.0W  PCAP→78W  power=78.2W
[PID] perf=26.342Hz  target=9.102Hz  err=-17.241Hz  corr=-359.72W  u_ff=83.0W  PCAP→78W  power=79.2W
[PID] perf=26.937Hz  target=9.102Hz  err=-17.836Hz  corr=-370.76W  u_ff=83.0W  PCAP→78W  power=78.4W
[PID] perf=26.953Hz  target=9.102Hz  err=-17.851Hz  corr=-371.05W  u_ff=83.0W  PCAP→78W  power=79.1W
[PID] perf=26.653Hz  target=9.102Hz  err=-17.551Hz  corr=-365.48W  u_ff=83.0W  PCAP→78W  power=77.4W
[PID] perf=26.680Hz  target=9.102Hz  err=-17.578Hz  corr=-365.98W  u_ff=83.0W  PCAP→78W  power=77.5W
[PID] perf=26.685Hz  target=9.102Hz  err=-17.583Hz  corr=-366.08W  u_ff=83.0W  PCAP→78W  power=77.7W
[PID] perf=26.704Hz  target=9.102Hz  err=-17.602Hz  corr=-366.42W  u_ff=83.0W  PCAP→78W  power=77.2W
[PID] perf=26.648Hz  target=9.102Hz  err=-17.546Hz  corr=-365.39W  u_ff=83.0W  PCAP→78W  power=77.9W
[PID] perf=26.600Hz  target=9.102Hz  err=-17.498Hz  corr=-364.50W  u_ff=83.0W  PCAP→78W  power=77.0W
[PID] perf=26.627Hz  target=9.102Hz  err=-17.526Hz  corr=-365.01W  u_ff=83.0W  PCAP→78W  power=77.0W
[PID] perf=26.633Hz  target=9.102Hz  err=-17.531Hz  corr=-365.11W  u_ff=83.0W  PCAP→78W  power=77.4W
[PID] perf=26.660Hz  target=9.102Hz  err=-17.558Hz  corr=-365.61W  u_ff=83.0W  PCAP→78W  power=78.7W
[PID] perf=26.610Hz  target=9.102Hz  err=-17.508Hz  corr=-364.69W  u_ff=83.0W  PCAP→78W  power=79.2W
[PID] perf=26.637Hz  target=9.102Hz  err=-17.535Hz  corr=-365.18W  u_ff=83.0W  PCAP→78W  power=78.0W
[PID] perf=26.636Hz  target=9.102Hz  err=-17.534Hz  corr=-365.16W  u_ff=83.0W  PCAP→78W  power=77.1W
[PID] perf=26.649Hz  target=9.102Hz  err=-17.547Hz  corr=-365.41W  u_ff=83.0W  PCAP→78W  power=77.3W
[PID] perf=26.625Hz  target=9.102Hz  err=-17.523Hz  corr=-364.96W  u_ff=83.0W  PCAP→78W  power=78.9W
[PID] perf=26.627Hz  target=9.102Hz  err=-17.525Hz  corr=-364.99W  u_ff=83.0W  PCAP→78W  power=76.9W
[PID] perf=26.823Hz  target=9.102Hz  err=-17.721Hz  corr=-368.63W  u_ff=83.0W  PCAP→78W  power=78.6W
[PID] perf=26.844Hz  target=9.102Hz  err=-17.742Hz  corr=-369.02W  u_ff=83.0W  PCAP→78W  power=77.7W
[PID] perf=26.870Hz  target=9.102Hz  err=-17.768Hz  corr=-369.50W  u_ff=83.0W  PCAP→78W  power=78.0W
[PID] perf=26.879Hz  target=9.102Hz  err=-17.777Hz  corr=-369.67W  u_ff=83.0W  PCAP→78W  power=77.6W
[PID] perf=26.845Hz  target=9.102Hz  err=-17.743Hz  corr=-369.04W  u_ff=83.0W  PCAP→78W  power=77.3W
[PID] perf=26.854Hz  target=9.102Hz  err=-17.752Hz  corr=-369.21W  u_ff=83.0W  PCAP→78W  power=77.7W
[PID] perf=26.867Hz  target=9.102Hz  err=-17.766Hz  corr=-369.46W  u_ff=83.0W  PCAP→78W  power=78.8W
[PID] perf=26.863Hz  target=9.102Hz  err=-17.762Hz  corr=-369.38W  u_ff=83.0W  PCAP→78W  power=77.1W
[PID] perf=26.864Hz  target=9.102Hz  err=-17.763Hz  corr=-369.40W  u_ff=83.0W  PCAP→78W  power=77.2W
[PID] perf=26.870Hz  target=9.102Hz  err=-17.768Hz  corr=-369.50W  u_ff=83.0W  PCAP→78W  power=77.7W
[PID] perf=26.856Hz  target=9.102Hz  err=-17.754Hz  corr=-369.25W  u_ff=83.0W  PCAP→78W  power=77.4W
[PID] perf=26.877Hz  target=9.102Hz  err=-17.775Hz  corr=-369.64W  u_ff=83.0W  PCAP→78W  power=77.1W
[PID] perf=26.890Hz  target=9.102Hz  err=-17.788Hz  corr=-369.88W  u_ff=83.0W  PCAP→78W  power=76.8W
[PID] perf=26.860Hz  target=9.102Hz  err=-17.759Hz  corr=-369.33W  u_ff=83.0W  PCAP→78W  power=77.4W
[PID] perf=26.857Hz  target=9.102Hz  err=-17.755Hz  corr=-369.26W  u_ff=83.0W  PCAP→78W  power=76.8W
[PID] perf=25.720Hz  target=9.102Hz  err=-16.619Hz  corr=-348.19W  u_ff=83.0W  PCAP→78W  power=77.8W
[PID] perf=27.029Hz  target=9.102Hz  err=-17.928Hz  corr=-372.46W  u_ff=83.0W  PCAP→78W  power=78.8W
[PID] perf=27.051Hz  target=9.102Hz  err=-17.949Hz  corr=-372.86W  u_ff=83.0W  PCAP→78W  power=78.6W
[PID] perf=27.072Hz  target=9.102Hz  err=-17.971Hz  corr=-373.26W  u_ff=83.0W  PCAP→78W  power=78.5W
[PID] perf=27.052Hz  target=9.102Hz  err=-17.950Hz  corr=-372.89W  u_ff=83.0W  PCAP→78W  power=77.5W
[PID] perf=27.106Hz  target=9.102Hz  err=-18.004Hz  corr=-373.88W  u_ff=83.0W  PCAP→78W  power=76.1W
[PID] perf=27.111Hz  target=9.102Hz  err=-18.009Hz  corr=-373.98W  u_ff=83.0W  PCAP→78W  power=78.2W
[PID] perf=27.086Hz  target=9.102Hz  err=-17.984Hz  corr=-373.51W  u_ff=83.0W  PCAP→78W  power=78.5W
[PID] perf=27.092Hz  target=9.102Hz  err=-17.990Hz  corr=-373.62W  u_ff=83.0W  PCAP→78W  power=79.2W
[PID] perf=27.068Hz  target=9.102Hz  err=-17.966Hz  corr=-373.18W  u_ff=83.0W  PCAP→78W  power=79.0W
[PID] perf=27.080Hz  target=9.102Hz  err=-17.978Hz  corr=-373.39W  u_ff=83.0W  PCAP→78W  power=78.7W
[PID] perf=27.091Hz  target=9.102Hz  err=-17.989Hz  corr=-373.60W  u_ff=83.0W  PCAP→78W  power=76.9W
[PID] perf=27.099Hz  target=9.102Hz  err=-17.997Hz  corr=-373.76W  u_ff=83.0W  PCAP→78W  power=76.3W
[PID] perf=26.686Hz  target=9.102Hz  err=-17.584Hz  corr=-366.09W  u_ff=83.0W  PCAP→78W  power=78.7W
[PID] perf=26.737Hz  target=9.102Hz  err=-17.635Hz  corr=-367.04W  u_ff=83.0W  PCAP→78W  power=76.9W
[PID] perf=26.741Hz  target=9.102Hz  err=-17.639Hz  corr=-367.11W  u_ff=83.0W  PCAP→78W  power=78.4W
[PID] perf=26.715Hz  target=9.102Hz  err=-17.613Hz  corr=-366.64W  u_ff=83.0W  PCAP→78W  power=79.1W
[PID] perf=26.772Hz  target=9.102Hz  err=-17.670Hz  corr=-367.69W  u_ff=83.0W  PCAP→78W  power=77.2W
[PID] perf=26.748Hz  target=9.102Hz  err=-17.647Hz  corr=-367.25W  u_ff=83.0W  PCAP→78W  power=77.0W
[PID] perf=26.739Hz  target=9.102Hz  err=-17.638Hz  corr=-367.08W  u_ff=83.0W  PCAP→78W  power=77.0W
[PID] perf=26.783Hz  target=9.102Hz  err=-17.682Hz  corr=-367.90W  u_ff=83.0W  PCAP→78W  power=77.1W
[PID] perf=26.697Hz  target=9.102Hz  err=-17.596Hz  corr=-366.31W  u_ff=83.0W  PCAP→78W  power=79.1W
[PID] perf=26.570Hz  target=9.102Hz  err=-17.468Hz  corr=-363.95W  u_ff=83.0W  PCAP→78W  power=78.2W
[PID] perf=26.575Hz  target=9.102Hz  err=-17.474Hz  corr=-364.04W  u_ff=83.0W  PCAP→78W  power=78.0W
[PID] perf=26.560Hz  target=9.102Hz  err=-17.459Hz  corr=-363.77W  u_ff=83.0W  PCAP→78W  power=78.0W
[PID] perf=26.578Hz  target=9.102Hz  err=-17.476Hz  corr=-364.09W  u_ff=83.0W  PCAP→78W  power=77.3W
[PID] perf=26.642Hz  target=9.102Hz  err=-17.540Hz  corr=-365.28W  u_ff=83.0W  PCAP→78W  power=79.1W
[PID] perf=26.627Hz  target=9.102Hz  err=-17.526Hz  corr=-365.01W  u_ff=83.0W  PCAP→78W  power=79.0W
[PID] perf=26.609Hz  target=9.102Hz  err=-17.507Hz  corr=-364.66W  u_ff=83.0W  PCAP→78W  power=78.3W
[PID] perf=26.655Hz  target=9.102Hz  err=-17.553Hz  corr=-365.51W  u_ff=83.0W  PCAP→78W  power=79.2W
[PID] perf=26.629Hz  target=9.102Hz  err=-17.527Hz  corr=-365.04W  u_ff=83.0W  PCAP→78W  power=76.4W
[PID] perf=26.628Hz  target=9.102Hz  err=-17.527Hz  corr=-365.03W  u_ff=83.0W  PCAP→78W  power=77.1W
[PID] perf=26.620Hz  target=9.102Hz  err=-17.518Hz  corr=-364.86W  u_ff=83.0W  PCAP→78W  power=76.5W
[PID] perf=26.603Hz  target=9.102Hz  err=-17.502Hz  corr=-364.56W  u_ff=83.0W  PCAP→78W  power=76.3W
[PID] perf=26.612Hz  target=9.102Hz  err=-17.511Hz  corr=-364.73W  u_ff=83.0W  PCAP→78W  power=78.1W
[PID] perf=26.110Hz  target=9.102Hz  err=-17.008Hz  corr=-355.41W  u_ff=83.0W  PCAP→78W  power=76.2W
[PID] perf=26.194Hz  target=9.102Hz  err=-17.092Hz  corr=-356.97W  u_ff=83.0W  PCAP→78W  power=78.4W
[PID] perf=27.167Hz  target=9.102Hz  err=-18.065Hz  corr=-375.01W  u_ff=83.0W  PCAP→78W  power=76.9W
[PID] perf=27.178Hz  target=9.102Hz  err=-18.077Hz  corr=-375.22W  u_ff=83.0W  PCAP→78W  power=79.4W
[PID] perf=27.200Hz  target=9.102Hz  err=-18.099Hz  corr=-375.63W  u_ff=83.0W  PCAP→78W  power=78.7W
[PID] perf=27.194Hz  target=9.102Hz  err=-18.093Hz  corr=-375.52W  u_ff=83.0W  PCAP→78W  power=78.8W
[PID] perf=27.222Hz  target=9.102Hz  err=-18.120Hz  corr=-376.03W  u_ff=83.0W  PCAP→78W  power=77.6W
[PID] perf=27.162Hz  target=9.102Hz  err=-18.060Hz  corr=-374.92W  u_ff=83.0W  PCAP→78W  power=77.9W
[PID] perf=27.205Hz  target=9.102Hz  err=-18.103Hz  corr=-375.71W  u_ff=83.0W  PCAP→78W  power=77.1W
[PID] perf=27.193Hz  target=9.102Hz  err=-18.092Hz  corr=-375.50W  u_ff=83.0W  PCAP→78W  power=78.0W
[PID] perf=27.200Hz  target=9.102Hz  err=-18.098Hz  corr=-375.62W  u_ff=83.0W  PCAP→78W  power=78.8W
[PID] perf=27.201Hz  target=9.102Hz  err=-18.100Hz  corr=-375.65W  u_ff=83.0W  PCAP→78W  power=78.7W
[PID] perf=27.183Hz  target=9.102Hz  err=-18.082Hz  corr=-375.32W  u_ff=83.0W  PCAP→78W  power=77.2W
[PID] perf=27.188Hz  target=9.102Hz  err=-18.087Hz  corr=-375.41W  u_ff=83.0W  PCAP→78W  power=79.1W
[PID] perf=27.188Hz  target=9.102Hz  err=-18.087Hz  corr=-375.41W  u_ff=83.0W  PCAP→78W  power=78.8W
[PID] perf=27.181Hz  target=9.102Hz  err=-18.079Hz  corr=-375.27W  u_ff=83.0W  PCAP→78W  power=78.6W
[PID] perf=27.193Hz  target=9.102Hz  err=-18.092Hz  corr=-375.50W  u_ff=83.0W  PCAP→78W  power=77.4W
[PID] perf=27.205Hz  target=9.102Hz  err=-18.104Hz  corr=-375.73W  u_ff=83.0W  PCAP→78W  power=77.7W
[PID] perf=27.201Hz  target=9.102Hz  err=-18.099Hz  corr=-375.65W  u_ff=83.0W  PCAP→78W  power=77.3W
[PID] perf=27.189Hz  target=9.102Hz  err=-18.087Hz  corr=-375.42W  u_ff=83.0W  PCAP→78W  power=78.5W
[PID] perf=27.186Hz  target=9.102Hz  err=-18.084Hz  corr=-375.37W  u_ff=83.0W  PCAP→78W  power=77.9W
[PID] perf=27.217Hz  target=9.102Hz  err=-18.115Hz  corr=-375.94W  u_ff=83.0W  PCAP→78W  power=76.5W
[PID] perf=27.195Hz  target=9.102Hz  err=-18.093Hz  corr=-375.54W  u_ff=83.0W  PCAP→78W  power=77.4W
[PID] perf=27.225Hz  target=9.102Hz  err=-18.124Hz  corr=-376.10W  u_ff=83.0W  PCAP→78W  power=76.3W
[PID] perf=27.246Hz  target=9.102Hz  err=-18.144Hz  corr=-376.47W  u_ff=83.0W  PCAP→78W  power=77.3W
[PID] perf=27.276Hz  target=9.102Hz  err=-18.174Hz  corr=-377.04W  u_ff=83.0W  PCAP→78W  power=78.5W
[PID] perf=27.233Hz  target=9.102Hz  err=-18.132Hz  corr=-376.24W  u_ff=83.0W  PCAP→78W  power=79.0W
[PID] perf=27.263Hz  target=9.102Hz  err=-18.161Hz  corr=-376.79W  u_ff=83.0W  PCAP→78W  power=78.3W
[PID] perf=27.289Hz  target=9.102Hz  err=-18.188Hz  corr=-377.29W  u_ff=83.0W  PCAP→78W  power=77.7W
[PID] perf=27.297Hz  target=9.102Hz  err=-18.195Hz  corr=-377.43W  u_ff=83.0W  PCAP→78W  power=77.4W
[PID] perf=26.862Hz  target=9.102Hz  err=-17.760Hz  corr=-369.35W  u_ff=83.0W  PCAP→78W  power=77.8W
[PID] perf=26.870Hz  target=9.102Hz  err=-17.768Hz  corr=-369.51W  u_ff=83.0W  PCAP→78W  power=76.9W
[PID] perf=26.913Hz  target=9.102Hz  err=-17.811Hz  corr=-370.30W  u_ff=83.0W  PCAP→78W  power=78.5W
[PID] perf=26.880Hz  target=9.102Hz  err=-17.778Hz  corr=-369.69W  u_ff=83.0W  PCAP→78W  power=79.5W
[PID] perf=26.883Hz  target=9.102Hz  err=-17.781Hz  corr=-369.75W  u_ff=83.0W  PCAP→78W  power=78.3W
[PID] perf=26.918Hz  target=9.102Hz  err=-17.816Hz  corr=-370.40W  u_ff=83.0W  PCAP→78W  power=78.9W
[PID] perf=26.898Hz  target=9.102Hz  err=-17.797Hz  corr=-370.03W  u_ff=83.0W  PCAP→78W  power=78.9W
[PID] perf=26.933Hz  target=9.102Hz  err=-17.831Hz  corr=-370.68W  u_ff=83.0W  PCAP→78W  power=77.4W
[PID] perf=26.918Hz  target=9.102Hz  err=-17.816Hz  corr=-370.40W  u_ff=83.0W  PCAP→78W  power=78.5W
[PID] perf=26.911Hz  target=9.102Hz  err=-17.809Hz  corr=-370.27W  u_ff=83.0W  PCAP→78W  power=77.5W
[PID] perf=26.894Hz  target=9.102Hz  err=-17.793Hz  corr=-369.96W  u_ff=83.0W  PCAP→78W  power=77.7W
[PID] perf=26.901Hz  target=9.102Hz  err=-17.799Hz  corr=-370.08W  u_ff=83.0W  PCAP→78W  power=79.7W
[PID] perf=26.906Hz  target=9.102Hz  err=-17.804Hz  corr=-370.18W  u_ff=83.0W  PCAP→78W  power=79.2W
[PID] perf=26.881Hz  target=9.102Hz  err=-17.779Hz  corr=-369.70W  u_ff=83.0W  PCAP→78W  power=79.2W
[PID] perf=26.912Hz  target=9.102Hz  err=-17.811Hz  corr=-370.29W  u_ff=83.0W  PCAP→78W  power=77.6W
[PID] perf=26.936Hz  target=9.102Hz  err=-17.834Hz  corr=-370.73W  u_ff=83.0W  PCAP→78W  power=76.4W
[PID] perf=26.917Hz  target=9.102Hz  err=-17.815Hz  corr=-370.37W  u_ff=83.0W  PCAP→78W  power=77.5W
[PID] perf=26.925Hz  target=9.102Hz  err=-17.823Hz  corr=-370.52W  u_ff=83.0W  PCAP→78W  power=76.8W
[PID] perf=26.879Hz  target=9.102Hz  err=-17.777Hz  corr=-369.67W  u_ff=83.0W  PCAP→78W  power=77.0W
[PID] perf=26.897Hz  target=9.102Hz  err=-17.795Hz  corr=-370.01W  u_ff=83.0W  PCAP→78W  power=78.0W
[PID] perf=26.890Hz  target=9.102Hz  err=-17.788Hz  corr=-369.88W  u_ff=83.0W  PCAP→78W  power=78.2W
[PID] perf=26.887Hz  target=9.102Hz  err=-17.786Hz  corr=-369.83W  u_ff=83.0W  PCAP→78W  power=76.9W
[PID] perf=26.847Hz  target=9.102Hz  err=-17.746Hz  corr=-369.09W  u_ff=83.0W  PCAP→78W  power=77.4W
[PID] perf=26.855Hz  target=9.102Hz  err=-17.754Hz  corr=-369.24W  u_ff=83.0W  PCAP→78W  power=77.1W
[PID] perf=26.852Hz  target=9.102Hz  err=-17.750Hz  corr=-369.17W  u_ff=83.0W  PCAP→78W  power=77.6W
[PID] perf=26.917Hz  target=9.102Hz  err=-17.815Hz  corr=-370.38W  u_ff=83.0W  PCAP→78W  power=78.5W
[PID] perf=26.910Hz  target=9.102Hz  err=-17.808Hz  corr=-370.24W  u_ff=83.0W  PCAP→78W  power=76.7W
[PID] perf=26.913Hz  target=9.102Hz  err=-17.812Hz  corr=-370.31W  u_ff=83.0W  PCAP→78W  power=76.5W
[PID] perf=26.932Hz  target=9.102Hz  err=-17.830Hz  corr=-370.65W  u_ff=83.0W  PCAP→78W  power=78.8W
[PID] perf=26.947Hz  target=9.102Hz  err=-17.846Hz  corr=-370.94W  u_ff=83.0W  PCAP→78W  power=78.3W
[PID] perf=26.910Hz  target=9.102Hz  err=-17.808Hz  corr=-370.24W  u_ff=83.0W  PCAP→78W  power=77.2W
[PID] perf=26.934Hz  target=9.102Hz  err=-17.833Hz  corr=-370.70W  u_ff=83.0W  PCAP→78W  power=76.5W
[PID] perf=26.968Hz  target=9.102Hz  err=-17.866Hz  corr=-371.32W  u_ff=83.0W  PCAP→78W  power=79.6W
[PID] perf=26.969Hz  target=9.102Hz  err=-17.867Hz  corr=-371.34W  u_ff=83.0W  PCAP→78W  power=78.6W
[PID] perf=26.999Hz  target=9.102Hz  err=-17.897Hz  corr=-371.90W  u_ff=83.0W  PCAP→78W  power=78.7W
[PID] perf=27.023Hz  target=9.102Hz  err=-17.922Hz  corr=-372.35W  u_ff=83.0W  PCAP→78W  power=78.2W
[PID] perf=26.985Hz  target=9.102Hz  err=-17.884Hz  corr=-371.65W  u_ff=83.0W  PCAP→78W  power=79.3W
[PID] perf=26.983Hz  target=9.102Hz  err=-17.882Hz  corr=-371.61W  u_ff=83.0W  PCAP→78W  power=78.1W
[PID] perf=26.992Hz  target=9.102Hz  err=-17.890Hz  corr=-371.76W  u_ff=83.0W  PCAP→78W  power=78.9W
[PID] perf=26.976Hz  target=9.102Hz  err=-17.874Hz  corr=-371.48W  u_ff=83.0W  PCAP→78W  power=78.4W
[PID] perf=26.987Hz  target=9.102Hz  err=-17.886Hz  corr=-371.69W  u_ff=83.0W  PCAP→78W  power=79.2W
[PID] perf=27.042Hz  target=9.102Hz  err=-17.940Hz  corr=-372.69W  u_ff=83.0W  PCAP→78W  power=77.8W
[PID] perf=27.029Hz  target=9.102Hz  err=-17.928Hz  corr=-372.46W  u_ff=83.0W  PCAP→78W  power=77.2W
[PID] perf=27.038Hz  target=9.102Hz  err=-17.936Hz  corr=-372.62W  u_ff=83.0W  PCAP→78W  power=79.0W
[PID] perf=27.008Hz  target=9.102Hz  err=-17.906Hz  corr=-372.07W  u_ff=83.0W  PCAP→78W  power=77.1W
[PID] perf=27.022Hz  target=9.102Hz  err=-17.921Hz  corr=-372.33W  u_ff=83.0W  PCAP→78W  power=77.7W
[PID] perf=27.002Hz  target=9.102Hz  err=-17.900Hz  corr=-371.95W  u_ff=83.0W  PCAP→78W  power=76.6W
[PID] perf=26.989Hz  target=9.102Hz  err=-17.887Hz  corr=-371.71W  u_ff=83.0W  PCAP→78W  power=76.9W
[PID] perf=27.007Hz  target=9.102Hz  err=-17.905Hz  corr=-372.04W  u_ff=83.0W  PCAP→78W  power=77.5W
[PID] perf=27.000Hz  target=9.102Hz  err=-17.899Hz  corr=-371.92W  u_ff=83.0W  PCAP→78W  power=77.7W
[PID] perf=27.043Hz  target=9.102Hz  err=-17.941Hz  corr=-372.71W  u_ff=83.0W  PCAP→78W  power=76.8W
[PID] perf=27.046Hz  target=9.102Hz  err=-17.944Hz  corr=-372.77W  u_ff=83.0W  PCAP→78W  power=78.5W
[PID] perf=27.053Hz  target=9.102Hz  err=-17.951Hz  corr=-372.90W  u_ff=83.0W  PCAP→78W  power=77.6W
[PID] perf=27.051Hz  target=9.102Hz  err=-17.950Hz  corr=-372.87W  u_ff=83.0W  PCAP→78W  power=76.9W
[PID] perf=27.035Hz  target=9.102Hz  err=-17.933Hz  corr=-372.56W  u_ff=83.0W  PCAP→78W  power=76.5W
[PID] perf=27.011Hz  target=9.102Hz  err=-17.909Hz  corr=-372.12W  u_ff=83.0W  PCAP→78W  power=77.1W
[PID] perf=26.973Hz  target=9.102Hz  err=-17.871Hz  corr=-371.42W  u_ff=83.0W  PCAP→78W  power=78.4W
[PID] perf=26.969Hz  target=9.102Hz  err=-17.867Hz  corr=-371.34W  u_ff=83.0W  PCAP→78W  power=76.4W
[PID] perf=26.992Hz  target=9.102Hz  err=-17.890Hz  corr=-371.77W  u_ff=83.0W  PCAP→78W  power=78.5W
[PID] perf=27.024Hz  target=9.102Hz  err=-17.923Hz  corr=-372.37W  u_ff=83.0W  PCAP→78W  power=78.7W
[PID] perf=26.986Hz  target=9.102Hz  err=-17.885Hz  corr=-371.66W  u_ff=83.0W  PCAP→78W  power=77.8W
[PID] perf=27.017Hz  target=9.102Hz  err=-17.916Hz  corr=-372.24W  u_ff=83.0W  PCAP→78W  power=77.3W
[PID] perf=26.998Hz  target=9.102Hz  err=-17.896Hz  corr=-371.87W  u_ff=83.0W  PCAP→78W  power=77.3W
[PID] perf=26.961Hz  target=9.102Hz  err=-17.860Hz  corr=-371.20W  u_ff=83.0W  PCAP→78W  power=78.5W
[PID] perf=26.985Hz  target=9.102Hz  err=-17.883Hz  corr=-371.63W  u_ff=83.0W  PCAP→78W  power=77.4W
[PID] perf=26.978Hz  target=9.102Hz  err=-17.877Hz  corr=-371.51W  u_ff=83.0W  PCAP→78W  power=77.1W
[PID] perf=26.993Hz  target=9.102Hz  err=-17.891Hz  corr=-371.79W  u_ff=83.0W  PCAP→78W  power=79.5W
[PID] perf=26.993Hz  target=9.102Hz  err=-17.891Hz  corr=-371.78W  u_ff=83.0W  PCAP→78W  power=76.8W
[PID] perf=26.986Hz  target=9.102Hz  err=-17.884Hz  corr=-371.65W  u_ff=83.0W  PCAP→78W  power=77.4W
[PID] perf=27.004Hz  target=9.102Hz  err=-17.902Hz  corr=-371.99W  u_ff=83.0W  PCAP→78W  power=78.7W
[PID] perf=27.029Hz  target=9.102Hz  err=-17.928Hz  corr=-372.46W  u_ff=83.0W  PCAP→78W  power=77.9W
[PID] perf=26.990Hz  target=9.102Hz  err=-17.888Hz  corr=-371.74W  u_ff=83.0W  PCAP→78W  power=78.9W
[PID] perf=27.000Hz  target=9.102Hz  err=-17.898Hz  corr=-371.92W  u_ff=83.0W  PCAP→78W  power=77.5W
[PID] perf=26.988Hz  target=9.102Hz  err=-17.886Hz  corr=-371.69W  u_ff=83.0W  PCAP→78W  power=77.4W
[PID] perf=26.983Hz  target=9.102Hz  err=-17.881Hz  corr=-371.60W  u_ff=83.0W  PCAP→78W  power=78.8W
[PID] perf=26.991Hz  target=9.102Hz  err=-17.889Hz  corr=-371.75W  u_ff=83.0W  PCAP→78W  power=77.2W
[PID] perf=26.987Hz  target=9.102Hz  err=-17.886Hz  corr=-371.68W  u_ff=83.0W  PCAP→78W  power=76.6W
[PID] perf=26.968Hz  target=9.102Hz  err=-17.866Hz  corr=-371.32W  u_ff=83.0W  PCAP→78W  power=76.3W
[PID] perf=26.996Hz  target=9.102Hz  err=-17.895Hz  corr=-371.85W  u_ff=83.0W  PCAP→78W  power=77.2W
[PID] perf=26.993Hz  target=9.102Hz  err=-17.891Hz  corr=-371.78W  u_ff=83.0W  PCAP→78W  power=78.4W
[PID] perf=26.992Hz  target=9.102Hz  err=-17.890Hz  corr=-371.76W  u_ff=83.0W  PCAP→78W  power=78.9W
[PID] perf=26.990Hz  target=9.102Hz  err=-17.888Hz  corr=-371.73W  u_ff=83.0W  PCAP→78W  power=78.1W
[PID] perf=26.971Hz  target=9.102Hz  err=-17.869Hz  corr=-371.37W  u_ff=83.0W  PCAP→78W  power=77.1W
[PID] perf=27.014Hz  target=9.102Hz  err=-17.912Hz  corr=-372.18W  u_ff=83.0W  PCAP→78W  power=79.3W
[PID] perf=27.012Hz  target=9.102Hz  err=-17.910Hz  corr=-372.13W  u_ff=83.0W  PCAP→78W  power=79.2W
[PID] perf=26.978Hz  target=9.102Hz  err=-17.876Hz  corr=-371.51W  u_ff=83.0W  PCAP→78W  power=77.2W
[PID] perf=26.987Hz  target=9.102Hz  err=-17.886Hz  corr=-371.68W  u_ff=83.0W  PCAP→78W  power=78.2W
[PID] perf=26.987Hz  target=9.102Hz  err=-17.885Hz  corr=-371.67W  u_ff=83.0W  PCAP→78W  power=77.5W
[PID] perf=26.955Hz  target=9.102Hz  err=-17.853Hz  corr=-371.08W  u_ff=83.0W  PCAP→78W  power=78.5W
[PID] perf=26.982Hz  target=9.102Hz  err=-17.881Hz  corr=-371.59W  u_ff=83.0W  PCAP→78W  power=79.0W
[PID] perf=27.005Hz  target=9.102Hz  err=-17.904Hz  corr=-372.02W  u_ff=83.0W  PCAP→78W  power=76.9W
[PID] perf=27.001Hz  target=9.102Hz  err=-17.899Hz  corr=-371.93W  u_ff=83.0W  PCAP→78W  power=77.3W
[PID] perf=26.964Hz  target=9.102Hz  err=-17.862Hz  corr=-371.25W  u_ff=83.0W  PCAP→78W  power=78.3W
[PID] perf=26.963Hz  target=9.102Hz  err=-17.862Hz  corr=-371.24W  u_ff=83.0W  PCAP→78W  power=77.6W
[PID] perf=27.009Hz  target=9.102Hz  err=-17.907Hz  corr=-372.08W  u_ff=83.0W  PCAP→78W  power=77.8W
[PID] perf=27.017Hz  target=9.102Hz  err=-17.916Hz  corr=-372.24W  u_ff=83.0W  PCAP→78W  power=78.3W
[PID] perf=27.015Hz  target=9.102Hz  err=-17.914Hz  corr=-372.20W  u_ff=83.0W  PCAP→78W  power=79.1W
[PID] perf=27.058Hz  target=9.102Hz  err=-17.956Hz  corr=-372.99W  u_ff=83.0W  PCAP→78W  power=79.0W
[PID] perf=27.021Hz  target=9.102Hz  err=-17.920Hz  corr=-372.31W  u_ff=83.0W  PCAP→78W  power=78.5W
[PID] perf=27.001Hz  target=9.102Hz  err=-17.900Hz  corr=-371.95W  u_ff=83.0W  PCAP→78W  power=77.2W
[PID] perf=26.987Hz  target=9.102Hz  err=-17.885Hz  corr=-371.67W  u_ff=83.0W  PCAP→78W  power=77.5W
[PID] perf=27.023Hz  target=9.102Hz  err=-17.921Hz  corr=-372.34W  u_ff=83.0W  PCAP→78W  power=77.7W
[PID] perf=27.014Hz  target=9.102Hz  err=-17.912Hz  corr=-372.17W  u_ff=83.0W  PCAP→78W  power=76.6W
[PID] perf=26.992Hz  target=9.102Hz  err=-17.890Hz  corr=-371.76W  u_ff=83.0W  PCAP→78W  power=78.8W
[PID] perf=26.998Hz  target=9.102Hz  err=-17.897Hz  corr=-371.89W  u_ff=83.0W  PCAP→78W  power=77.1W
[PID] perf=26.994Hz  target=9.102Hz  err=-17.893Hz  corr=-371.81W  u_ff=83.0W  PCAP→78W  power=77.2W
[PID] perf=26.987Hz  target=9.102Hz  err=-17.885Hz  corr=-371.67W  u_ff=83.0W  PCAP→78W  power=77.5W
[PID] perf=26.954Hz  target=9.102Hz  err=-17.853Hz  corr=-371.07W  u_ff=83.0W  PCAP→78W  power=77.6W
[PID] perf=27.000Hz  target=9.102Hz  err=-17.899Hz  corr=-371.92W  u_ff=83.0W  PCAP→78W  power=77.9W
[PID] perf=26.996Hz  target=9.102Hz  err=-17.894Hz  corr=-371.84W  u_ff=83.0W  PCAP→78W  power=78.8W
[PID] perf=26.997Hz  target=9.102Hz  err=-17.895Hz  corr=-371.86W  u_ff=83.0W  PCAP→78W  power=79.0W
[PID] perf=27.025Hz  target=9.102Hz  err=-17.923Hz  corr=-372.38W  u_ff=83.0W  PCAP→78W  power=77.5W
[PID] perf=27.014Hz  target=9.102Hz  err=-17.912Hz  corr=-372.17W  u_ff=83.0W  PCAP→78W  power=78.9W
[PID] perf=27.024Hz  target=9.102Hz  err=-17.923Hz  corr=-372.37W  u_ff=83.0W  PCAP→78W  power=76.6W
[PID] perf=27.002Hz  target=9.102Hz  err=-17.900Hz  corr=-371.96W  u_ff=83.0W  PCAP→78W  power=78.5W
[PID] perf=27.017Hz  target=9.102Hz  err=-17.916Hz  corr=-372.24W  u_ff=83.0W  PCAP→78W  power=78.8W
[PID] perf=26.985Hz  target=9.102Hz  err=-17.883Hz  corr=-371.63W  u_ff=83.0W  PCAP→78W  power=78.7W
[PID] perf=27.004Hz  target=9.102Hz  err=-17.902Hz  corr=-371.99W  u_ff=83.0W  PCAP→78W  power=77.5W
[PID] perf=27.024Hz  target=9.102Hz  err=-17.922Hz  corr=-372.36W  u_ff=83.0W  PCAP→78W  power=76.5W
[PID] perf=27.029Hz  target=9.102Hz  err=-17.927Hz  corr=-372.46W  u_ff=83.0W  PCAP→78W  power=78.6W
[PID] perf=27.066Hz  target=9.102Hz  err=-17.964Hz  corr=-373.14W  u_ff=83.0W  PCAP→78W  power=79.1W
[PID] perf=27.010Hz  target=9.102Hz  err=-17.908Hz  corr=-372.11W  u_ff=83.0W  PCAP→78W  power=79.5W
[PID] perf=27.040Hz  target=9.102Hz  err=-17.939Hz  corr=-372.67W  u_ff=83.0W  PCAP→78W  power=76.3W
[PID] perf=27.052Hz  target=9.102Hz  err=-17.950Hz  corr=-372.88W  u_ff=83.0W  PCAP→78W  power=78.3W
[PID] perf=27.023Hz  target=9.102Hz  err=-17.921Hz  corr=-372.34W  u_ff=83.0W  PCAP→78W  power=77.5W
[PID] perf=27.004Hz  target=9.102Hz  err=-17.902Hz  corr=-371.99W  u_ff=83.0W  PCAP→78W  power=77.4W
[PID] perf=27.024Hz  target=9.102Hz  err=-17.922Hz  corr=-372.36W  u_ff=83.0W  PCAP→78W  power=78.3W
[PID] perf=27.046Hz  target=9.102Hz  err=-17.944Hz  corr=-372.77W  u_ff=83.0W  PCAP→78W  power=77.8W
[PID] perf=27.049Hz  target=9.102Hz  err=-17.947Hz  corr=-372.83W  u_ff=83.0W  PCAP→78W  power=78.4W
[PID] perf=27.046Hz  target=9.102Hz  err=-17.944Hz  corr=-372.77W  u_ff=83.0W  PCAP→78W  power=77.2W
[PID] perf=27.059Hz  target=9.102Hz  err=-17.958Hz  corr=-373.02W  u_ff=83.0W  PCAP→78W  power=77.3W
[PID] perf=27.019Hz  target=9.102Hz  err=-17.917Hz  corr=-372.27W  u_ff=83.0W  PCAP→78W  power=77.5W
[PID] perf=27.068Hz  target=9.102Hz  err=-17.966Hz  corr=-373.18W  u_ff=83.0W  PCAP→78W  power=78.9W
[PID] perf=27.060Hz  target=9.102Hz  err=-17.959Hz  corr=-373.04W  u_ff=83.0W  PCAP→78W  power=79.1W
[PID] perf=27.034Hz  target=9.102Hz  err=-17.932Hz  corr=-372.55W  u_ff=83.0W  PCAP→78W  power=77.5W
[PID] perf=27.048Hz  target=9.102Hz  err=-17.946Hz  corr=-372.80W  u_ff=83.0W  PCAP→78W  power=76.9W
[PID] perf=27.065Hz  target=9.102Hz  err=-17.963Hz  corr=-373.12W  u_ff=83.0W  PCAP→78W  power=78.1W
[PID] perf=27.066Hz  target=9.102Hz  err=-17.965Hz  corr=-373.15W  u_ff=83.0W  PCAP→78W  power=78.4W
[PID] perf=27.067Hz  target=9.102Hz  err=-17.966Hz  corr=-373.17W  u_ff=83.0W  PCAP→78W  power=77.8W
[PID] perf=27.106Hz  target=9.102Hz  err=-18.004Hz  corr=-373.89W  u_ff=83.0W  PCAP→78W  power=77.4W
[PID] perf=27.108Hz  target=9.102Hz  err=-18.007Hz  corr=-373.93W  u_ff=83.0W  PCAP→78W  power=77.2W
[PID] perf=27.056Hz  target=9.102Hz  err=-17.954Hz  corr=-372.95W  u_ff=83.0W  PCAP→78W  power=77.7W
[PID] perf=27.058Hz  target=9.102Hz  err=-17.956Hz  corr=-372.99W  u_ff=83.0W  PCAP→78W  power=79.0W
[PID] perf=27.032Hz  target=9.102Hz  err=-17.930Hz  corr=-372.51W  u_ff=83.0W  PCAP→78W  power=77.1W
[PID] perf=27.059Hz  target=9.102Hz  err=-17.958Hz  corr=-373.02W  u_ff=83.0W  PCAP→78W  power=79.0W
[PID] perf=27.052Hz  target=9.102Hz  err=-17.950Hz  corr=-372.89W  u_ff=83.0W  PCAP→78W  power=76.7W
[PID] perf=27.000Hz  target=9.102Hz  err=-17.898Hz  corr=-371.91W  u_ff=83.0W  PCAP→78W  power=77.9W
[PID] perf=27.025Hz  target=9.102Hz  err=-17.923Hz  corr=-372.38W  u_ff=83.0W  PCAP→78W  power=79.1W
[PID] perf=27.009Hz  target=9.102Hz  err=-17.907Hz  corr=-372.08W  u_ff=83.0W  PCAP→78W  power=77.6W
[PID] perf=27.031Hz  target=9.102Hz  err=-17.929Hz  corr=-372.49W  u_ff=83.0W  PCAP→78W  power=78.0W
[PID] perf=27.022Hz  target=9.102Hz  err=-17.920Hz  corr=-372.33W  u_ff=83.0W  PCAP→78W  power=78.9W
[PID] perf=27.051Hz  target=9.102Hz  err=-17.949Hz  corr=-372.86W  u_ff=83.0W  PCAP→78W  power=78.5W
[PID] perf=26.987Hz  target=9.102Hz  err=-17.885Hz  corr=-371.67W  u_ff=83.0W  PCAP→78W  power=76.7W
[PID] perf=26.994Hz  target=9.102Hz  err=-17.892Hz  corr=-371.80W  u_ff=83.0W  PCAP→78W  power=77.2W
[PID] perf=27.005Hz  target=9.102Hz  err=-17.903Hz  corr=-372.00W  u_ff=83.0W  PCAP→78W  power=77.5W
[PID] perf=27.031Hz  target=9.102Hz  err=-17.929Hz  corr=-372.49W  u_ff=83.0W  PCAP→78W  power=78.1W
[PID] perf=27.071Hz  target=9.102Hz  err=-17.969Hz  corr=-373.24W  u_ff=83.0W  PCAP→78W  power=77.8W
[PID] perf=27.033Hz  target=9.102Hz  err=-17.931Hz  corr=-372.52W  u_ff=83.0W  PCAP→78W  power=76.6W
[PID] perf=27.013Hz  target=9.102Hz  err=-17.912Hz  corr=-372.16W  u_ff=83.0W  PCAP→78W  power=76.9W
[PID] perf=27.021Hz  target=9.102Hz  err=-17.920Hz  corr=-372.31W  u_ff=83.0W  PCAP→78W  power=79.3W
[PID] perf=27.015Hz  target=9.102Hz  err=-17.913Hz  corr=-372.20W  u_ff=83.0W  PCAP→78W  power=77.8W
[PID] perf=26.994Hz  target=9.102Hz  err=-17.893Hz  corr=-371.82W  u_ff=83.0W  PCAP→78W  power=77.9W
[PID] perf=26.963Hz  target=9.102Hz  err=-17.861Hz  corr=-371.23W  u_ff=83.0W  PCAP→78W  power=77.3W
[PID] perf=26.983Hz  target=9.102Hz  err=-17.881Hz  corr=-371.59W  u_ff=83.0W  PCAP→78W  power=78.6W
[PID] perf=27.016Hz  target=9.102Hz  err=-17.914Hz  corr=-372.21W  u_ff=83.0W  PCAP→78W  power=79.3W
[PID] perf=27.032Hz  target=9.102Hz  err=-17.930Hz  corr=-372.50W  u_ff=83.0W  PCAP→78W  power=77.2W
[PID] perf=27.007Hz  target=9.102Hz  err=-17.905Hz  corr=-372.04W  u_ff=83.0W  PCAP→78W  power=78.3W
[PID] perf=27.007Hz  target=9.102Hz  err=-17.906Hz  corr=-372.06W  u_ff=83.0W  PCAP→78W  power=79.3W
[PID] perf=26.974Hz  target=9.102Hz  err=-17.872Hz  corr=-371.43W  u_ff=83.0W  PCAP→78W  power=78.3W
[PID] perf=26.974Hz  target=9.102Hz  err=-17.873Hz  corr=-371.44W  u_ff=83.0W  PCAP→78W  power=78.4W
[PID] perf=26.992Hz  target=9.102Hz  err=-17.891Hz  corr=-371.78W  u_ff=83.0W  PCAP→78W  power=78.7W
[PID] perf=26.984Hz  target=9.102Hz  err=-17.883Hz  corr=-371.63W  u_ff=83.0W  PCAP→78W  power=77.0W
[PID] perf=27.009Hz  target=9.102Hz  err=-17.907Hz  corr=-372.08W  u_ff=83.0W  PCAP→78W  power=78.2W
[PID] perf=28.838Hz  target=9.102Hz  err=-19.736Hz  corr=-406.00W  u_ff=83.0W  PCAP→78W  power=78.6W
[PID] perf=29.090Hz  target=9.102Hz  err=-19.988Hz  corr=-410.68W  u_ff=83.0W  PCAP→78W  power=76.5W
[PID] perf=29.075Hz  target=9.102Hz  err=-19.974Hz  corr=-410.41W  u_ff=83.0W  PCAP→78W  power=77.2W
[PID] perf=29.064Hz  target=9.102Hz  err=-19.962Hz  corr=-410.19W  u_ff=83.0W  PCAP→78W  power=77.2W
[PID] perf=29.175Hz  target=9.102Hz  err=-20.074Hz  corr=-412.26W  u_ff=83.0W  PCAP→78W  power=77.3W
[PID] perf=29.207Hz  target=9.102Hz  err=-20.106Hz  corr=-412.85W  u_ff=83.0W  PCAP→78W  power=78.5W
[PID] perf=29.271Hz  target=9.102Hz  err=-20.169Hz  corr=-414.03W  u_ff=83.0W  PCAP→78W  power=78.1W
[PID] perf=29.288Hz  target=9.102Hz  err=-20.186Hz  corr=-414.35W  u_ff=83.0W  PCAP→78W  power=78.9W
[PID] perf=29.285Hz  target=9.102Hz  err=-20.183Hz  corr=-414.29W  u_ff=83.0W  PCAP→78W  power=78.3W
[PID] perf=29.273Hz  target=9.102Hz  err=-20.171Hz  corr=-414.06W  u_ff=83.0W  PCAP→78W  power=78.2W
[PID] perf=29.296Hz  target=9.102Hz  err=-20.194Hz  corr=-414.49W  u_ff=83.0W  PCAP→78W  power=79.4W
[PID] perf=29.287Hz  target=9.102Hz  err=-20.185Hz  corr=-414.33W  u_ff=83.0W  PCAP→78W  power=79.2W
[PID] perf=29.306Hz  target=9.102Hz  err=-20.204Hz  corr=-414.68W  u_ff=83.0W  PCAP→78W  power=78.8W
[PID] perf=29.286Hz  target=9.102Hz  err=-20.184Hz  corr=-414.31W  u_ff=83.0W  PCAP→78W  power=77.9W
[PID] perf=29.296Hz  target=9.102Hz  err=-20.195Hz  corr=-414.50W  u_ff=83.0W  PCAP→78W  power=77.8W
[PID] perf=29.294Hz  target=9.102Hz  err=-20.192Hz  corr=-414.46W  u_ff=83.0W  PCAP→78W  power=78.6W
[PID] perf=29.305Hz  target=9.102Hz  err=-20.204Hz  corr=-414.67W  u_ff=83.0W  PCAP→78W  power=77.6W
[PID] perf=29.287Hz  target=9.102Hz  err=-20.185Hz  corr=-414.33W  u_ff=83.0W  PCAP→78W  power=78.8W
[PID] perf=29.284Hz  target=9.102Hz  err=-20.182Hz  corr=-414.27W  u_ff=83.0W  PCAP→78W  power=78.7W
[PID] perf=29.290Hz  target=9.102Hz  err=-20.188Hz  corr=-414.39W  u_ff=83.0W  PCAP→78W  power=77.6W
[PID] perf=29.251Hz  target=9.102Hz  err=-20.149Hz  corr=-413.66W  u_ff=83.0W  PCAP→78W  power=78.8W
[PID] perf=29.254Hz  target=9.102Hz  err=-20.152Hz  corr=-413.72W  u_ff=83.0W  PCAP→78W  power=76.3W
[PID] perf=29.312Hz  target=9.102Hz  err=-20.210Hz  corr=-414.79W  u_ff=83.0W  PCAP→78W  power=76.8W
[PID] perf=29.326Hz  target=9.102Hz  err=-20.225Hz  corr=-415.06W  u_ff=83.0W  PCAP→78W  power=78.9W
[PID] perf=29.302Hz  target=9.102Hz  err=-20.201Hz  corr=-414.61W  u_ff=83.0W  PCAP→78W  power=77.2W
[PID] perf=29.286Hz  target=9.102Hz  err=-20.184Hz  corr=-414.31W  u_ff=83.0W  PCAP→78W  power=79.4W
[PID] perf=29.265Hz  target=9.102Hz  err=-20.163Hz  corr=-413.92W  u_ff=83.0W  PCAP→78W  power=78.0W
[PID] perf=29.273Hz  target=9.102Hz  err=-20.172Hz  corr=-414.08W  u_ff=83.0W  PCAP→78W  power=78.0W
[PID] perf=27.451Hz  target=9.102Hz  err=-18.349Hz  corr=-380.28W  u_ff=83.0W  PCAP→78W  power=79.3W
[PID] perf=27.484Hz  target=9.102Hz  err=-18.382Hz  corr=-380.89W  u_ff=83.0W  PCAP→78W  power=76.4W
[PID] perf=27.479Hz  target=9.102Hz  err=-18.377Hz  corr=-380.80W  u_ff=83.0W  PCAP→78W  power=77.5W
[PID] perf=27.524Hz  target=9.102Hz  err=-18.422Hz  corr=-381.64W  u_ff=83.0W  PCAP→78W  power=77.6W
[PID] perf=27.399Hz  target=9.102Hz  err=-18.297Hz  corr=-379.31W  u_ff=83.0W  PCAP→78W  power=78.7W
[PID] perf=29.283Hz  target=9.102Hz  err=-20.181Hz  corr=-414.26W  u_ff=83.0W  PCAP→78W  power=77.8W
[PID] perf=29.309Hz  target=9.102Hz  err=-20.207Hz  corr=-414.74W  u_ff=83.0W  PCAP→78W  power=78.8W
[PID] perf=27.482Hz  target=9.102Hz  err=-18.380Hz  corr=-380.85W  u_ff=83.0W  PCAP→78W  power=77.9W
[PID] perf=27.508Hz  target=9.102Hz  err=-18.406Hz  corr=-381.34W  u_ff=83.0W  PCAP→78W  power=77.5W
[PID] perf=29.333Hz  target=9.102Hz  err=-20.232Hz  corr=-415.19W  u_ff=83.0W  PCAP→78W  power=78.0W
[PID] perf=29.260Hz  target=9.102Hz  err=-20.158Hz  corr=-413.83W  u_ff=83.0W  PCAP→78W  power=81.4W
[PID] perf=29.289Hz  target=9.102Hz  err=-20.187Hz  corr=-414.36W  u_ff=83.0W  PCAP→78W  power=77.0W
[PID] perf=29.270Hz  target=9.102Hz  err=-20.168Hz  corr=-414.02W  u_ff=83.0W  PCAP→78W  power=79.2W
[PID] perf=29.279Hz  target=9.102Hz  err=-20.177Hz  corr=-414.18W  u_ff=83.0W  PCAP→78W  power=77.6W
[PID] perf=29.286Hz  target=9.102Hz  err=-20.184Hz  corr=-414.30W  u_ff=83.0W  PCAP→78W  power=78.3W
[PID] perf=29.261Hz  target=9.102Hz  err=-20.159Hz  corr=-413.84W  u_ff=83.0W  PCAP→78W  power=76.5W
[PID] perf=29.254Hz  target=9.102Hz  err=-20.152Hz  corr=-413.72W  u_ff=83.0W  PCAP→78W  power=77.2W
[PID] perf=29.287Hz  target=9.102Hz  err=-20.185Hz  corr=-414.33W  u_ff=83.0W  PCAP→78W  power=77.1W
[PID] perf=29.286Hz  target=9.102Hz  err=-20.184Hz  corr=-414.31W  u_ff=83.0W  PCAP→78W  power=79.0W
[PID] perf=29.282Hz  target=9.102Hz  err=-20.180Hz  corr=-414.23W  u_ff=83.0W  PCAP→78W  power=76.6W
[PID] perf=29.275Hz  target=9.102Hz  err=-20.173Hz  corr=-414.10W  u_ff=83.0W  PCAP→78W  power=77.8W
[PID] perf=29.284Hz  target=9.102Hz  err=-20.182Hz  corr=-414.27W  u_ff=83.0W  PCAP→78W  power=78.0W
[PID] perf=29.293Hz  target=9.102Hz  err=-20.192Hz  corr=-414.45W  u_ff=83.0W  PCAP→78W  power=78.9W
[PID] perf=29.295Hz  target=9.102Hz  err=-20.193Hz  corr=-414.48W  u_ff=83.0W  PCAP→78W  power=79.4W
[PID] perf=29.228Hz  target=9.102Hz  err=-20.126Hz  corr=-413.23W  u_ff=83.0W  PCAP→78W  power=77.6W
[PID] perf=29.272Hz  target=9.102Hz  err=-20.170Hz  corr=-414.05W  u_ff=83.0W  PCAP→78W  power=77.4W
[PID] perf=29.282Hz  target=9.102Hz  err=-20.180Hz  corr=-414.24W  u_ff=83.0W  PCAP→78W  power=78.8W
[PID] perf=29.269Hz  target=9.102Hz  err=-20.167Hz  corr=-413.99W  u_ff=83.0W  PCAP→78W  power=78.5W
[PID] perf=29.277Hz  target=9.102Hz  err=-20.175Hz  corr=-414.14W  u_ff=83.0W  PCAP→78W  power=77.9W
[PID] perf=29.282Hz  target=9.102Hz  err=-20.180Hz  corr=-414.23W  u_ff=83.0W  PCAP→78W  power=78.7W
[PID] perf=29.263Hz  target=9.102Hz  err=-20.161Hz  corr=-413.88W  u_ff=83.0W  PCAP→78W  power=78.2W
[PID] perf=29.236Hz  target=9.102Hz  err=-20.134Hz  corr=-413.38W  u_ff=83.0W  PCAP→78W  power=78.8W
[PID] perf=29.298Hz  target=9.102Hz  err=-20.196Hz  corr=-414.53W  u_ff=83.0W  PCAP→78W  power=78.7W
[PID] perf=29.301Hz  target=9.102Hz  err=-20.200Hz  corr=-414.59W  u_ff=83.0W  PCAP→78W  power=76.9W
[PID] perf=29.268Hz  target=9.102Hz  err=-20.166Hz  corr=-413.98W  u_ff=83.0W  PCAP→78W  power=77.0W
[PID] perf=29.237Hz  target=9.102Hz  err=-20.136Hz  corr=-413.41W  u_ff=83.0W  PCAP→78W  power=78.6W
[PID] perf=29.283Hz  target=9.102Hz  err=-20.182Hz  corr=-414.26W  u_ff=83.0W  PCAP→78W  power=78.6W
[PID] perf=29.296Hz  target=9.102Hz  err=-20.195Hz  corr=-414.50W  u_ff=83.0W  PCAP→78W  power=77.4W
[PID] perf=29.265Hz  target=9.102Hz  err=-20.164Hz  corr=-413.93W  u_ff=83.0W  PCAP→78W  power=78.0W
[PID] perf=29.245Hz  target=9.102Hz  err=-20.143Hz  corr=-413.55W  u_ff=83.0W  PCAP→78W  power=78.0W
[PID] perf=29.229Hz  target=9.102Hz  err=-20.128Hz  corr=-413.26W  u_ff=83.0W  PCAP→78W  power=77.0W
[PID] perf=29.205Hz  target=9.102Hz  err=-20.103Hz  corr=-412.80W  u_ff=83.0W  PCAP→78W  power=77.7W
[PID] perf=29.281Hz  target=9.102Hz  err=-20.180Hz  corr=-414.22W  u_ff=83.0W  PCAP→78W  power=77.7W
[PID] perf=29.288Hz  target=9.102Hz  err=-20.186Hz  corr=-414.34W  u_ff=83.0W  PCAP→78W  power=78.7W
[PID] perf=29.275Hz  target=9.102Hz  err=-20.173Hz  corr=-414.10W  u_ff=83.0W  PCAP→78W  power=78.0W
[PID] perf=29.218Hz  target=9.102Hz  err=-20.116Hz  corr=-413.04W  u_ff=83.0W  PCAP→78W  power=77.9W
[PID] perf=29.287Hz  target=9.102Hz  err=-20.185Hz  corr=-414.32W  u_ff=83.0W  PCAP→78W  power=78.2W
[PID] perf=29.257Hz  target=9.102Hz  err=-20.155Hz  corr=-413.77W  u_ff=83.0W  PCAP→78W  power=77.8W
[PID] perf=29.253Hz  target=9.102Hz  err=-20.151Hz  corr=-413.70W  u_ff=83.0W  PCAP→78W  power=77.8W
[PID] perf=29.262Hz  target=9.102Hz  err=-20.160Hz  corr=-413.86W  u_ff=83.0W  PCAP→78W  power=79.3W
[PID] perf=29.290Hz  target=9.102Hz  err=-20.188Hz  corr=-414.38W  u_ff=83.0W  PCAP→78W  power=79.0W
[PID] perf=29.270Hz  target=9.102Hz  err=-20.169Hz  corr=-414.02W  u_ff=83.0W  PCAP→78W  power=77.6W
[PID] perf=29.303Hz  target=9.102Hz  err=-20.201Hz  corr=-414.62W  u_ff=83.0W  PCAP→78W  power=76.3W
[PID] perf=29.307Hz  target=9.102Hz  err=-20.205Hz  corr=-414.70W  u_ff=83.0W  PCAP→78W  power=76.9W
[PID] perf=27.476Hz  target=9.102Hz  err=-18.374Hz  corr=-380.75W  u_ff=83.0W  PCAP→78W  power=77.3W
[PID] perf=27.514Hz  target=9.102Hz  err=-18.412Hz  corr=-381.45W  u_ff=83.0W  PCAP→78W  power=78.0W
[PID] perf=29.309Hz  target=9.102Hz  err=-20.208Hz  corr=-414.74W  u_ff=83.0W  PCAP→78W  power=77.1W
[PID] perf=29.296Hz  target=9.102Hz  err=-20.195Hz  corr=-414.50W  u_ff=83.0W  PCAP→78W  power=77.6W
[PID] perf=29.275Hz  target=9.102Hz  err=-20.173Hz  corr=-414.10W  u_ff=83.0W  PCAP→78W  power=77.5W
[PID] perf=29.337Hz  target=9.102Hz  err=-20.235Hz  corr=-415.26W  u_ff=83.0W  PCAP→78W  power=76.7W
[PID] perf=29.331Hz  target=9.102Hz  err=-20.229Hz  corr=-415.15W  u_ff=83.0W  PCAP→78W  power=76.4W
[PID] perf=29.334Hz  target=9.102Hz  err=-20.232Hz  corr=-415.20W  u_ff=83.0W  PCAP→78W  power=77.3W
[PID] perf=29.318Hz  target=9.102Hz  err=-20.216Hz  corr=-414.90W  u_ff=83.0W  PCAP→78W  power=78.9W
[PID] perf=29.299Hz  target=9.102Hz  err=-20.197Hz  corr=-414.55W  u_ff=83.0W  PCAP→78W  power=78.7W
[PID] perf=29.326Hz  target=9.102Hz  err=-20.225Hz  corr=-415.06W  u_ff=83.0W  PCAP→78W  power=77.8W
[PID] perf=29.284Hz  target=9.102Hz  err=-20.183Hz  corr=-414.28W  u_ff=83.0W  PCAP→78W  power=77.3W
Process completed.
Compressed into /home/cc/summer2024/main_codes/pid_controller/../experiment_data/PID_Control_sweep/ones-npb-cg/compressed_iteration_20260513_014041.tar
----------------------------------
