
>>> Step 1/3

[ones-npb-cg]
  target perf      : 10.3120 Hz
  coefficients_perf: [-0.0006547837485238978, 0.18607436314256556, -1.8317688501798497]
  feedforward PCAP : 101.56 W  →  101 W (snapped)
  Perf(u_ff) check : 10.3120 Hz  (should ≈ target)
  PID gains        : Kp=18.5447 W/Hz  Ki=1.85447 W/(Hz·s)  Kd=0.0000
[PID] Awaiting data — feedforward PCAP=101W
[PID] Awaiting data — feedforward PCAP=101W
[PID] Awaiting data — feedforward PCAP=101W
[PID] Awaiting data — feedforward PCAP=101W
[PID] Awaiting data — feedforward PCAP=101W
[PID] Awaiting data — feedforward PCAP=101W
[PID] perf=20.138Hz  target=10.312Hz  err=-9.826Hz  corr=-218.66W  u_ff=101.6W  PCAP→78W  power=nanW
[PID] perf=18.077Hz  target=10.312Hz  err=-7.765Hz  corr=-183.99W  u_ff=101.6W  PCAP→78W  power=nanW
[PID] perf=18.130Hz  target=10.312Hz  err=-7.818Hz  corr=-184.99W  u_ff=101.6W  PCAP→78W  power=78.3W
[PID] perf=18.144Hz  target=10.312Hz  err=-7.832Hz  corr=-185.24W  u_ff=101.6W  PCAP→78W  power=78.7W
[PID] perf=24.420Hz  target=10.312Hz  err=-14.108Hz  corr=-301.63W  u_ff=101.6W  PCAP→78W  power=78.3W
[PID] perf=29.233Hz  target=10.312Hz  err=-18.921Hz  corr=-390.89W  u_ff=101.6W  PCAP→78W  power=77.5W
[PID] perf=29.313Hz  target=10.312Hz  err=-19.001Hz  corr=-392.36W  u_ff=101.6W  PCAP→78W  power=79.3W
[PID] perf=29.336Hz  target=10.312Hz  err=-19.024Hz  corr=-392.79W  u_ff=101.6W  PCAP→78W  power=79.2W
[PID] perf=29.334Hz  target=10.312Hz  err=-19.022Hz  corr=-392.76W  u_ff=101.6W  PCAP→78W  power=78.4W
[PID] perf=29.342Hz  target=10.312Hz  err=-19.030Hz  corr=-392.91W  u_ff=101.6W  PCAP→78W  power=79.0W
[PID] perf=29.323Hz  target=10.312Hz  err=-19.011Hz  corr=-392.56W  u_ff=101.6W  PCAP→78W  power=77.0W
[PID] perf=29.317Hz  target=10.312Hz  err=-19.005Hz  corr=-392.45W  u_ff=101.6W  PCAP→78W  power=77.2W
[PID] perf=29.287Hz  target=10.312Hz  err=-18.975Hz  corr=-391.89W  u_ff=101.6W  PCAP→78W  power=78.6W
[PID] perf=29.347Hz  target=10.312Hz  err=-19.035Hz  corr=-393.00W  u_ff=101.6W  PCAP→78W  power=79.4W
[PID] perf=29.322Hz  target=10.312Hz  err=-19.010Hz  corr=-392.54W  u_ff=101.6W  PCAP→78W  power=79.0W
[PID] perf=29.292Hz  target=10.312Hz  err=-18.980Hz  corr=-391.97W  u_ff=101.6W  PCAP→78W  power=77.9W
[PID] perf=29.292Hz  target=10.312Hz  err=-18.980Hz  corr=-391.99W  u_ff=101.6W  PCAP→78W  power=77.3W
[PID] perf=29.309Hz  target=10.312Hz  err=-18.997Hz  corr=-392.29W  u_ff=101.6W  PCAP→78W  power=79.5W
[PID] perf=29.297Hz  target=10.312Hz  err=-18.985Hz  corr=-392.07W  u_ff=101.6W  PCAP→78W  power=78.0W
[PID] perf=29.327Hz  target=10.312Hz  err=-19.015Hz  corr=-392.62W  u_ff=101.6W  PCAP→78W  power=78.2W
[PID] perf=29.306Hz  target=10.312Hz  err=-18.994Hz  corr=-392.24W  u_ff=101.6W  PCAP→78W  power=77.1W
[PID] perf=29.325Hz  target=10.312Hz  err=-19.013Hz  corr=-392.59W  u_ff=101.6W  PCAP→78W  power=79.0W
[PID] perf=29.327Hz  target=10.312Hz  err=-19.015Hz  corr=-392.62W  u_ff=101.6W  PCAP→78W  power=78.6W
[PID] perf=29.350Hz  target=10.312Hz  err=-19.038Hz  corr=-393.06W  u_ff=101.6W  PCAP→78W  power=77.3W
[PID] perf=29.328Hz  target=10.312Hz  err=-19.016Hz  corr=-392.64W  u_ff=101.6W  PCAP→78W  power=77.4W
[PID] perf=29.322Hz  target=10.312Hz  err=-19.010Hz  corr=-392.53W  u_ff=101.6W  PCAP→78W  power=79.2W
[PID] perf=29.316Hz  target=10.312Hz  err=-19.004Hz  corr=-392.43W  u_ff=101.6W  PCAP→78W  power=77.5W
[PID] perf=29.322Hz  target=10.312Hz  err=-19.010Hz  corr=-392.54W  u_ff=101.6W  PCAP→78W  power=77.7W
[PID] perf=29.299Hz  target=10.312Hz  err=-18.987Hz  corr=-392.11W  u_ff=101.6W  PCAP→78W  power=79.0W
[PID] perf=29.328Hz  target=10.312Hz  err=-19.016Hz  corr=-392.65W  u_ff=101.6W  PCAP→78W  power=78.4W
[PID] perf=29.353Hz  target=10.312Hz  err=-19.041Hz  corr=-393.11W  u_ff=101.6W  PCAP→78W  power=78.5W
[PID] perf=29.343Hz  target=10.312Hz  err=-19.031Hz  corr=-392.92W  u_ff=101.6W  PCAP→78W  power=78.9W
[PID] perf=29.349Hz  target=10.312Hz  err=-19.037Hz  corr=-393.03W  u_ff=101.6W  PCAP→78W  power=78.3W
[PID] perf=29.351Hz  target=10.312Hz  err=-19.039Hz  corr=-393.08W  u_ff=101.6W  PCAP→78W  power=78.9W
[PID] perf=29.338Hz  target=10.312Hz  err=-19.026Hz  corr=-392.83W  u_ff=101.6W  PCAP→78W  power=78.7W
[PID] perf=29.335Hz  target=10.312Hz  err=-19.024Hz  corr=-392.78W  u_ff=101.6W  PCAP→78W  power=76.1W
[PID] perf=29.332Hz  target=10.312Hz  err=-19.020Hz  corr=-392.73W  u_ff=101.6W  PCAP→78W  power=76.4W
[PID] perf=29.309Hz  target=10.312Hz  err=-18.997Hz  corr=-392.30W  u_ff=101.6W  PCAP→78W  power=76.4W
[PID] perf=29.328Hz  target=10.312Hz  err=-19.016Hz  corr=-392.65W  u_ff=101.6W  PCAP→78W  power=77.0W
[PID] perf=29.340Hz  target=10.312Hz  err=-19.028Hz  corr=-392.86W  u_ff=101.6W  PCAP→78W  power=79.2W
[PID] perf=29.318Hz  target=10.312Hz  err=-19.006Hz  corr=-392.45W  u_ff=101.6W  PCAP→78W  power=76.8W
[PID] perf=29.348Hz  target=10.312Hz  err=-19.036Hz  corr=-393.01W  u_ff=101.6W  PCAP→78W  power=78.4W
[PID] perf=29.339Hz  target=10.312Hz  err=-19.027Hz  corr=-392.85W  u_ff=101.6W  PCAP→78W  power=78.0W
[PID] perf=29.358Hz  target=10.312Hz  err=-19.046Hz  corr=-393.20W  u_ff=101.6W  PCAP→78W  power=79.4W
[PID] perf=29.325Hz  target=10.312Hz  err=-19.013Hz  corr=-392.60W  u_ff=101.6W  PCAP→78W  power=79.0W
[PID] perf=29.341Hz  target=10.312Hz  err=-19.029Hz  corr=-392.88W  u_ff=101.6W  PCAP→78W  power=77.2W
[PID] perf=29.351Hz  target=10.312Hz  err=-19.039Hz  corr=-393.07W  u_ff=101.6W  PCAP→78W  power=79.2W
[PID] perf=29.347Hz  target=10.312Hz  err=-19.035Hz  corr=-392.99W  u_ff=101.6W  PCAP→78W  power=78.9W
[PID] perf=29.320Hz  target=10.312Hz  err=-19.008Hz  corr=-392.50W  u_ff=101.6W  PCAP→78W  power=76.8W
[PID] perf=29.350Hz  target=10.312Hz  err=-19.038Hz  corr=-393.05W  u_ff=101.6W  PCAP→78W  power=78.3W
[PID] perf=29.349Hz  target=10.312Hz  err=-19.037Hz  corr=-393.04W  u_ff=101.6W  PCAP→78W  power=78.2W
[PID] perf=29.355Hz  target=10.312Hz  err=-19.043Hz  corr=-393.15W  u_ff=101.6W  PCAP→78W  power=78.2W
[PID] perf=29.326Hz  target=10.312Hz  err=-19.014Hz  corr=-392.61W  u_ff=101.6W  PCAP→78W  power=76.6W
[PID] perf=29.339Hz  target=10.312Hz  err=-19.027Hz  corr=-392.84W  u_ff=101.6W  PCAP→78W  power=76.5W
[PID] perf=29.354Hz  target=10.312Hz  err=-19.042Hz  corr=-393.12W  u_ff=101.6W  PCAP→78W  power=79.1W
[PID] perf=29.336Hz  target=10.312Hz  err=-19.024Hz  corr=-392.79W  u_ff=101.6W  PCAP→78W  power=78.8W
[PID] perf=29.325Hz  target=10.312Hz  err=-19.013Hz  corr=-392.59W  u_ff=101.6W  PCAP→78W  power=76.9W
[PID] perf=29.352Hz  target=10.312Hz  err=-19.040Hz  corr=-393.09W  u_ff=101.6W  PCAP→78W  power=76.6W
[PID] perf=29.314Hz  target=10.312Hz  err=-19.002Hz  corr=-392.38W  u_ff=101.6W  PCAP→78W  power=76.2W
[PID] perf=29.328Hz  target=10.312Hz  err=-19.016Hz  corr=-392.65W  u_ff=101.6W  PCAP→78W  power=78.6W
[PID] perf=29.336Hz  target=10.312Hz  err=-19.024Hz  corr=-392.80W  u_ff=101.6W  PCAP→78W  power=78.7W
[PID] perf=29.348Hz  target=10.312Hz  err=-19.036Hz  corr=-393.01W  u_ff=101.6W  PCAP→78W  power=76.6W
[PID] perf=29.341Hz  target=10.312Hz  err=-19.029Hz  corr=-392.89W  u_ff=101.6W  PCAP→78W  power=78.3W
[PID] perf=29.308Hz  target=10.312Hz  err=-18.996Hz  corr=-392.28W  u_ff=101.6W  PCAP→78W  power=79.6W
[PID] perf=29.330Hz  target=10.312Hz  err=-19.018Hz  corr=-392.69W  u_ff=101.6W  PCAP→78W  power=77.5W
[PID] perf=29.304Hz  target=10.312Hz  err=-18.992Hz  corr=-392.20W  u_ff=101.6W  PCAP→78W  power=77.2W
[PID] perf=29.333Hz  target=10.312Hz  err=-19.021Hz  corr=-392.74W  u_ff=101.6W  PCAP→78W  power=79.4W
[PID] perf=29.288Hz  target=10.312Hz  err=-18.976Hz  corr=-391.91W  u_ff=101.6W  PCAP→78W  power=79.3W
[PID] perf=29.336Hz  target=10.312Hz  err=-19.024Hz  corr=-392.79W  u_ff=101.6W  PCAP→78W  power=77.7W
[PID] perf=27.113Hz  target=10.312Hz  err=-16.802Hz  corr=-351.58W  u_ff=101.6W  PCAP→78W  power=76.9W
[PID] perf=27.151Hz  target=10.312Hz  err=-16.839Hz  corr=-352.28W  u_ff=101.6W  PCAP→78W  power=76.7W
[PID] perf=27.215Hz  target=10.312Hz  err=-16.903Hz  corr=-353.46W  u_ff=101.6W  PCAP→78W  power=76.4W
[PID] perf=27.408Hz  target=10.312Hz  err=-17.096Hz  corr=-357.04W  u_ff=101.6W  PCAP→78W  power=77.8W
[PID] perf=27.419Hz  target=10.312Hz  err=-17.107Hz  corr=-357.24W  u_ff=101.6W  PCAP→78W  power=78.4W
[PID] perf=27.403Hz  target=10.312Hz  err=-17.091Hz  corr=-356.95W  u_ff=101.6W  PCAP→78W  power=77.9W
[PID] perf=27.420Hz  target=10.312Hz  err=-17.108Hz  corr=-357.26W  u_ff=101.6W  PCAP→78W  power=77.1W
[PID] perf=27.427Hz  target=10.312Hz  err=-17.115Hz  corr=-357.40W  u_ff=101.6W  PCAP→78W  power=76.2W
[PID] perf=27.425Hz  target=10.312Hz  err=-17.113Hz  corr=-357.36W  u_ff=101.6W  PCAP→78W  power=78.0W
[PID] perf=27.449Hz  target=10.312Hz  err=-17.137Hz  corr=-357.80W  u_ff=101.6W  PCAP→78W  power=78.7W
[PID] perf=27.453Hz  target=10.312Hz  err=-17.141Hz  corr=-357.87W  u_ff=101.6W  PCAP→78W  power=76.4W
[PID] perf=27.435Hz  target=10.312Hz  err=-17.123Hz  corr=-357.55W  u_ff=101.6W  PCAP→78W  power=76.6W
[PID] perf=27.396Hz  target=10.312Hz  err=-17.084Hz  corr=-356.81W  u_ff=101.6W  PCAP→78W  power=78.1W
[PID] perf=27.433Hz  target=10.312Hz  err=-17.121Hz  corr=-357.51W  u_ff=101.6W  PCAP→78W  power=77.5W
[PID] perf=27.418Hz  target=10.312Hz  err=-17.106Hz  corr=-357.22W  u_ff=101.6W  PCAP→78W  power=76.8W
[PID] perf=27.417Hz  target=10.312Hz  err=-17.105Hz  corr=-357.21W  u_ff=101.6W  PCAP→78W  power=78.3W
[PID] perf=27.416Hz  target=10.312Hz  err=-17.104Hz  corr=-357.20W  u_ff=101.6W  PCAP→78W  power=78.2W
[PID] perf=27.393Hz  target=10.312Hz  err=-17.081Hz  corr=-356.77W  u_ff=101.6W  PCAP→78W  power=78.3W
[PID] perf=27.358Hz  target=10.312Hz  err=-17.046Hz  corr=-356.11W  u_ff=101.6W  PCAP→78W  power=78.8W
[PID] perf=27.354Hz  target=10.312Hz  err=-17.042Hz  corr=-356.03W  u_ff=101.6W  PCAP→78W  power=76.0W
[PID] perf=27.339Hz  target=10.312Hz  err=-17.027Hz  corr=-355.76W  u_ff=101.6W  PCAP→78W  power=79.2W
[PID] perf=27.340Hz  target=10.312Hz  err=-17.028Hz  corr=-355.78W  u_ff=101.6W  PCAP→78W  power=78.6W
[PID] perf=27.389Hz  target=10.312Hz  err=-17.077Hz  corr=-356.68W  u_ff=101.6W  PCAP→78W  power=79.0W
[PID] perf=27.454Hz  target=10.312Hz  err=-17.142Hz  corr=-357.90W  u_ff=101.6W  PCAP→78W  power=78.5W
[PID] perf=27.407Hz  target=10.312Hz  err=-17.095Hz  corr=-357.02W  u_ff=101.6W  PCAP→78W  power=78.5W
[PID] perf=27.428Hz  target=10.312Hz  err=-17.116Hz  corr=-357.42W  u_ff=101.6W  PCAP→78W  power=77.7W
[PID] perf=27.429Hz  target=10.312Hz  err=-17.117Hz  corr=-357.43W  u_ff=101.6W  PCAP→78W  power=77.4W
[PID] perf=27.429Hz  target=10.312Hz  err=-17.117Hz  corr=-357.42W  u_ff=101.6W  PCAP→78W  power=77.5W
[PID] perf=27.434Hz  target=10.312Hz  err=-17.122Hz  corr=-357.52W  u_ff=101.6W  PCAP→78W  power=76.8W
[PID] perf=27.467Hz  target=10.312Hz  err=-17.155Hz  corr=-358.14W  u_ff=101.6W  PCAP→78W  power=78.2W
[PID] perf=27.407Hz  target=10.312Hz  err=-17.095Hz  corr=-357.02W  u_ff=101.6W  PCAP→78W  power=78.7W
[PID] perf=25.446Hz  target=10.312Hz  err=-15.134Hz  corr=-320.65W  u_ff=101.6W  PCAP→78W  power=78.4W
[PID] perf=25.655Hz  target=10.312Hz  err=-15.343Hz  corr=-324.54W  u_ff=101.6W  PCAP→78W  power=79.2W
[PID] perf=25.671Hz  target=10.312Hz  err=-15.359Hz  corr=-324.82W  u_ff=101.6W  PCAP→78W  power=78.8W
[PID] perf=25.743Hz  target=10.312Hz  err=-15.431Hz  corr=-326.16W  u_ff=101.6W  PCAP→78W  power=77.1W
[PID] perf=25.826Hz  target=10.312Hz  err=-15.514Hz  corr=-327.69W  u_ff=101.6W  PCAP→78W  power=79.4W
[PID] perf=25.752Hz  target=10.312Hz  err=-15.440Hz  corr=-326.34W  u_ff=101.6W  PCAP→78W  power=78.4W
[PID] perf=25.916Hz  target=10.312Hz  err=-15.604Hz  corr=-329.37W  u_ff=101.6W  PCAP→78W  power=78.5W
[PID] perf=25.922Hz  target=10.312Hz  err=-15.610Hz  corr=-329.48W  u_ff=101.6W  PCAP→78W  power=77.8W
[PID] perf=25.720Hz  target=10.312Hz  err=-15.408Hz  corr=-325.74W  u_ff=101.6W  PCAP→78W  power=77.4W
[PID] perf=25.729Hz  target=10.312Hz  err=-15.417Hz  corr=-325.91W  u_ff=101.6W  PCAP→78W  power=76.4W
[PID] perf=25.742Hz  target=10.312Hz  err=-15.430Hz  corr=-326.15W  u_ff=101.6W  PCAP→78W  power=76.5W
[PID] perf=25.743Hz  target=10.312Hz  err=-15.431Hz  corr=-326.16W  u_ff=101.6W  PCAP→78W  power=77.3W
[PID] perf=25.733Hz  target=10.312Hz  err=-15.421Hz  corr=-325.98W  u_ff=101.6W  PCAP→78W  power=76.9W
[PID] perf=25.751Hz  target=10.312Hz  err=-15.439Hz  corr=-326.32W  u_ff=101.6W  PCAP→78W  power=78.0W
[PID] perf=25.786Hz  target=10.312Hz  err=-15.474Hz  corr=-326.96W  u_ff=101.6W  PCAP→78W  power=78.8W
[PID] perf=25.955Hz  target=10.312Hz  err=-15.643Hz  corr=-330.10W  u_ff=101.6W  PCAP→78W  power=78.6W
[PID] perf=25.805Hz  target=10.312Hz  err=-15.493Hz  corr=-327.31W  u_ff=101.6W  PCAP→78W  power=78.3W
[PID] perf=25.798Hz  target=10.312Hz  err=-15.486Hz  corr=-327.18W  u_ff=101.6W  PCAP→78W  power=78.1W
[PID] perf=25.797Hz  target=10.312Hz  err=-15.485Hz  corr=-327.16W  u_ff=101.6W  PCAP→78W  power=79.2W
[PID] perf=25.767Hz  target=10.312Hz  err=-15.455Hz  corr=-326.61W  u_ff=101.6W  PCAP→78W  power=78.9W
[PID] perf=25.770Hz  target=10.312Hz  err=-15.458Hz  corr=-326.66W  u_ff=101.6W  PCAP→78W  power=77.2W
[PID] perf=25.765Hz  target=10.312Hz  err=-15.453Hz  corr=-326.57W  u_ff=101.6W  PCAP→78W  power=76.8W
[PID] perf=25.772Hz  target=10.312Hz  err=-15.460Hz  corr=-326.70W  u_ff=101.6W  PCAP→78W  power=78.2W
[PID] perf=25.697Hz  target=10.312Hz  err=-15.385Hz  corr=-325.32W  u_ff=101.6W  PCAP→78W  power=78.4W
[PID] perf=25.785Hz  target=10.312Hz  err=-15.473Hz  corr=-326.94W  u_ff=101.6W  PCAP→78W  power=78.5W
[PID] perf=25.722Hz  target=10.312Hz  err=-15.410Hz  corr=-325.78W  u_ff=101.6W  PCAP→78W  power=77.8W
[PID] perf=25.860Hz  target=10.312Hz  err=-15.548Hz  corr=-328.33W  u_ff=101.6W  PCAP→78W  power=77.9W
[PID] perf=25.957Hz  target=10.312Hz  err=-15.645Hz  corr=-330.13W  u_ff=101.6W  PCAP→78W  power=77.5W
[PID] perf=25.658Hz  target=10.312Hz  err=-15.346Hz  corr=-324.58W  u_ff=101.6W  PCAP→78W  power=77.3W
[PID] perf=25.691Hz  target=10.312Hz  err=-15.379Hz  corr=-325.20W  u_ff=101.6W  PCAP→78W  power=76.7W
[PID] perf=25.623Hz  target=10.312Hz  err=-15.311Hz  corr=-323.94W  u_ff=101.6W  PCAP→78W  power=76.4W
[PID] perf=25.694Hz  target=10.312Hz  err=-15.382Hz  corr=-325.25W  u_ff=101.6W  PCAP→78W  power=78.5W
[PID] perf=25.704Hz  target=10.312Hz  err=-15.392Hz  corr=-325.43W  u_ff=101.6W  PCAP→78W  power=78.7W
[PID] perf=25.698Hz  target=10.312Hz  err=-15.386Hz  corr=-325.33W  u_ff=101.6W  PCAP→78W  power=79.0W
[PID] perf=25.701Hz  target=10.312Hz  err=-15.389Hz  corr=-325.39W  u_ff=101.6W  PCAP→78W  power=79.5W
[PID] perf=25.698Hz  target=10.312Hz  err=-15.386Hz  corr=-325.33W  u_ff=101.6W  PCAP→78W  power=77.4W
[PID] perf=25.671Hz  target=10.312Hz  err=-15.359Hz  corr=-324.82W  u_ff=101.6W  PCAP→78W  power=79.1W
[PID] perf=25.674Hz  target=10.312Hz  err=-15.362Hz  corr=-324.89W  u_ff=101.6W  PCAP→78W  power=78.9W
[PID] perf=25.678Hz  target=10.312Hz  err=-15.366Hz  corr=-324.95W  u_ff=101.6W  PCAP→78W  power=77.9W
[PID] perf=25.668Hz  target=10.312Hz  err=-15.356Hz  corr=-324.78W  u_ff=101.6W  PCAP→78W  power=77.6W
[PID] perf=25.636Hz  target=10.312Hz  err=-15.324Hz  corr=-324.18W  u_ff=101.6W  PCAP→78W  power=77.4W
[PID] perf=25.671Hz  target=10.312Hz  err=-15.359Hz  corr=-324.82W  u_ff=101.6W  PCAP→78W  power=77.7W
[PID] perf=25.679Hz  target=10.312Hz  err=-15.367Hz  corr=-324.98W  u_ff=101.6W  PCAP→78W  power=77.7W
[PID] perf=25.683Hz  target=10.312Hz  err=-15.371Hz  corr=-325.05W  u_ff=101.6W  PCAP→78W  power=77.2W
[PID] perf=25.656Hz  target=10.312Hz  err=-15.344Hz  corr=-324.55W  u_ff=101.6W  PCAP→78W  power=77.2W
[PID] perf=25.675Hz  target=10.312Hz  err=-15.363Hz  corr=-324.90W  u_ff=101.6W  PCAP→78W  power=77.3W
[PID] perf=25.697Hz  target=10.312Hz  err=-15.385Hz  corr=-325.31W  u_ff=101.6W  PCAP→78W  power=78.6W
[PID] perf=25.665Hz  target=10.312Hz  err=-15.353Hz  corr=-324.71W  u_ff=101.6W  PCAP→78W  power=78.2W
[PID] perf=25.702Hz  target=10.312Hz  err=-15.390Hz  corr=-325.40W  u_ff=101.6W  PCAP→78W  power=76.9W
[PID] perf=25.715Hz  target=10.312Hz  err=-15.403Hz  corr=-325.64W  u_ff=101.6W  PCAP→78W  power=78.3W
[PID] perf=25.671Hz  target=10.312Hz  err=-15.359Hz  corr=-324.82W  u_ff=101.6W  PCAP→78W  power=78.4W
[PID] perf=25.704Hz  target=10.312Hz  err=-15.392Hz  corr=-325.45W  u_ff=101.6W  PCAP→78W  power=78.7W
[PID] perf=25.651Hz  target=10.312Hz  err=-15.339Hz  corr=-324.45W  u_ff=101.6W  PCAP→78W  power=77.9W
[PID] perf=25.619Hz  target=10.312Hz  err=-15.307Hz  corr=-323.87W  u_ff=101.6W  PCAP→78W  power=77.6W
[PID] perf=25.608Hz  target=10.312Hz  err=-15.296Hz  corr=-323.67W  u_ff=101.6W  PCAP→78W  power=79.8W
[PID] perf=25.620Hz  target=10.312Hz  err=-15.308Hz  corr=-323.88W  u_ff=101.6W  PCAP→78W  power=78.2W
[PID] perf=25.639Hz  target=10.312Hz  err=-15.327Hz  corr=-324.24W  u_ff=101.6W  PCAP→78W  power=77.6W
[PID] perf=25.624Hz  target=10.312Hz  err=-15.312Hz  corr=-323.96W  u_ff=101.6W  PCAP→78W  power=77.2W
[PID] perf=25.568Hz  target=10.312Hz  err=-15.256Hz  corr=-322.91W  u_ff=101.6W  PCAP→78W  power=79.1W
[PID] perf=25.641Hz  target=10.312Hz  err=-15.329Hz  corr=-324.26W  u_ff=101.6W  PCAP→78W  power=78.2W
[PID] perf=25.647Hz  target=10.312Hz  err=-15.335Hz  corr=-324.39W  u_ff=101.6W  PCAP→78W  power=79.1W
[PID] perf=25.680Hz  target=10.312Hz  err=-15.368Hz  corr=-325.00W  u_ff=101.6W  PCAP→78W  power=78.1W
[PID] perf=23.951Hz  target=10.312Hz  err=-13.639Hz  corr=-292.94W  u_ff=101.6W  PCAP→78W  power=79.1W
[PID] perf=24.549Hz  target=10.312Hz  err=-14.237Hz  corr=-304.03W  u_ff=101.6W  PCAP→78W  power=77.6W
[PID] perf=24.585Hz  target=10.312Hz  err=-14.273Hz  corr=-304.69W  u_ff=101.6W  PCAP→78W  power=78.1W
[PID] perf=24.589Hz  target=10.312Hz  err=-14.277Hz  corr=-304.76W  u_ff=101.6W  PCAP→78W  power=78.7W
[PID] perf=25.889Hz  target=10.312Hz  err=-15.577Hz  corr=-328.88W  u_ff=101.6W  PCAP→78W  power=77.3W
[PID] perf=25.900Hz  target=10.312Hz  err=-15.588Hz  corr=-329.07W  u_ff=101.6W  PCAP→78W  power=77.3W
[PID] perf=26.514Hz  target=10.312Hz  err=-16.202Hz  corr=-340.46W  u_ff=101.6W  PCAP→78W  power=78.5W
[PID] perf=26.617Hz  target=10.312Hz  err=-16.305Hz  corr=-342.36W  u_ff=101.6W  PCAP→78W  power=78.2W
[PID] perf=26.618Hz  target=10.312Hz  err=-16.306Hz  corr=-342.39W  u_ff=101.6W  PCAP→78W  power=77.2W
[PID] perf=26.615Hz  target=10.312Hz  err=-16.303Hz  corr=-342.34W  u_ff=101.6W  PCAP→78W  power=79.1W
[PID] perf=26.595Hz  target=10.312Hz  err=-16.283Hz  corr=-341.96W  u_ff=101.6W  PCAP→78W  power=77.8W
[PID] perf=26.600Hz  target=10.312Hz  err=-16.288Hz  corr=-342.05W  u_ff=101.6W  PCAP→78W  power=78.7W
[PID] perf=26.637Hz  target=10.312Hz  err=-16.326Hz  corr=-342.75W  u_ff=101.6W  PCAP→78W  power=79.2W
[PID] perf=26.641Hz  target=10.312Hz  err=-16.329Hz  corr=-342.82W  u_ff=101.6W  PCAP→78W  power=78.6W
[PID] perf=26.625Hz  target=10.312Hz  err=-16.313Hz  corr=-342.51W  u_ff=101.6W  PCAP→78W  power=78.5W
[PID] perf=26.625Hz  target=10.312Hz  err=-16.314Hz  corr=-342.53W  u_ff=101.6W  PCAP→78W  power=78.4W
[PID] perf=26.617Hz  target=10.312Hz  err=-16.305Hz  corr=-342.38W  u_ff=101.6W  PCAP→78W  power=76.3W
[PID] perf=26.621Hz  target=10.312Hz  err=-16.309Hz  corr=-342.44W  u_ff=101.6W  PCAP→78W  power=78.3W
[PID] perf=26.641Hz  target=10.312Hz  err=-16.329Hz  corr=-342.81W  u_ff=101.6W  PCAP→78W  power=78.9W
[PID] perf=26.650Hz  target=10.312Hz  err=-16.338Hz  corr=-342.99W  u_ff=101.6W  PCAP→78W  power=78.8W
[PID] perf=26.781Hz  target=10.312Hz  err=-16.469Hz  corr=-345.42W  u_ff=101.6W  PCAP→78W  power=78.4W
[PID] perf=26.780Hz  target=10.312Hz  err=-16.468Hz  corr=-345.40W  u_ff=101.6W  PCAP→78W  power=79.0W
[PID] perf=26.797Hz  target=10.312Hz  err=-16.485Hz  corr=-345.71W  u_ff=101.6W  PCAP→78W  power=77.7W
[PID] perf=26.813Hz  target=10.312Hz  err=-16.501Hz  corr=-346.01W  u_ff=101.6W  PCAP→78W  power=79.0W
[PID] perf=26.847Hz  target=10.312Hz  err=-16.535Hz  corr=-346.64W  u_ff=101.6W  PCAP→78W  power=75.9W
[PID] perf=26.875Hz  target=10.312Hz  err=-16.563Hz  corr=-347.15W  u_ff=101.6W  PCAP→78W  power=77.2W
[PID] perf=26.831Hz  target=10.312Hz  err=-16.519Hz  corr=-346.33W  u_ff=101.6W  PCAP→78W  power=78.7W
[PID] perf=26.802Hz  target=10.312Hz  err=-16.490Hz  corr=-345.79W  u_ff=101.6W  PCAP→78W  power=77.4W
[PID] perf=26.916Hz  target=10.312Hz  err=-16.604Hz  corr=-347.92W  u_ff=101.6W  PCAP→78W  power=78.4W
[PID] perf=26.802Hz  target=10.312Hz  err=-16.490Hz  corr=-345.81W  u_ff=101.6W  PCAP→78W  power=77.1W
[PID] perf=26.907Hz  target=10.312Hz  err=-16.595Hz  corr=-347.76W  u_ff=101.6W  PCAP→78W  power=77.6W
[PID] perf=26.847Hz  target=10.312Hz  err=-16.535Hz  corr=-346.64W  u_ff=101.6W  PCAP→78W  power=77.9W
[PID] perf=26.888Hz  target=10.312Hz  err=-16.576Hz  corr=-347.40W  u_ff=101.6W  PCAP→78W  power=78.4W
[PID] perf=26.876Hz  target=10.312Hz  err=-16.564Hz  corr=-347.17W  u_ff=101.6W  PCAP→78W  power=77.0W
[PID] perf=26.907Hz  target=10.312Hz  err=-16.595Hz  corr=-347.74W  u_ff=101.6W  PCAP→78W  power=78.8W
[PID] perf=27.116Hz  target=10.312Hz  err=-16.804Hz  corr=-351.63W  u_ff=101.6W  PCAP→78W  power=78.0W
[PID] perf=27.125Hz  target=10.312Hz  err=-16.813Hz  corr=-351.80W  u_ff=101.6W  PCAP→78W  power=77.1W
[PID] perf=27.151Hz  target=10.312Hz  err=-16.839Hz  corr=-352.27W  u_ff=101.6W  PCAP→78W  power=78.0W
[PID] perf=27.146Hz  target=10.312Hz  err=-16.834Hz  corr=-352.17W  u_ff=101.6W  PCAP→78W  power=77.5W
[PID] perf=27.308Hz  target=10.312Hz  err=-16.996Hz  corr=-355.19W  u_ff=101.6W  PCAP→78W  power=76.8W
[PID] perf=27.184Hz  target=10.312Hz  err=-16.872Hz  corr=-352.89W  u_ff=101.6W  PCAP→78W  power=77.4W
[PID] perf=27.181Hz  target=10.312Hz  err=-16.869Hz  corr=-352.83W  u_ff=101.6W  PCAP→78W  power=79.2W
[PID] perf=27.172Hz  target=10.312Hz  err=-16.860Hz  corr=-352.66W  u_ff=101.6W  PCAP→78W  power=76.8W
[PID] perf=27.320Hz  target=10.312Hz  err=-17.008Hz  corr=-355.40W  u_ff=101.6W  PCAP→78W  power=78.1W
[PID] perf=27.328Hz  target=10.312Hz  err=-17.016Hz  corr=-355.56W  u_ff=101.6W  PCAP→78W  power=78.2W
[PID] perf=27.273Hz  target=10.312Hz  err=-16.961Hz  corr=-354.53W  u_ff=101.6W  PCAP→78W  power=78.3W
[PID] perf=27.312Hz  target=10.312Hz  err=-17.000Hz  corr=-355.26W  u_ff=101.6W  PCAP→78W  power=76.4W
[PID] perf=27.236Hz  target=10.312Hz  err=-16.924Hz  corr=-353.84W  u_ff=101.6W  PCAP→78W  power=78.5W
[PID] perf=27.339Hz  target=10.312Hz  err=-17.027Hz  corr=-355.77W  u_ff=101.6W  PCAP→78W  power=77.1W
[PID] perf=27.343Hz  target=10.312Hz  err=-17.031Hz  corr=-355.84W  u_ff=101.6W  PCAP→78W  power=78.2W
[PID] perf=27.339Hz  target=10.312Hz  err=-17.027Hz  corr=-355.77W  u_ff=101.6W  PCAP→78W  power=77.6W
[PID] perf=27.356Hz  target=10.312Hz  err=-17.044Hz  corr=-356.08W  u_ff=101.6W  PCAP→78W  power=78.5W
[PID] perf=27.357Hz  target=10.312Hz  err=-17.045Hz  corr=-356.10W  u_ff=101.6W  PCAP→78W  power=78.8W
[PID] perf=27.375Hz  target=10.312Hz  err=-17.063Hz  corr=-356.42W  u_ff=101.6W  PCAP→78W  power=77.8W
[PID] perf=27.372Hz  target=10.312Hz  err=-17.060Hz  corr=-356.38W  u_ff=101.6W  PCAP→78W  power=76.2W
[PID] perf=27.385Hz  target=10.312Hz  err=-17.073Hz  corr=-356.62W  u_ff=101.6W  PCAP→78W  power=78.2W
[PID] perf=27.385Hz  target=10.312Hz  err=-17.073Hz  corr=-356.61W  u_ff=101.6W  PCAP→78W  power=78.1W
[PID] perf=27.384Hz  target=10.312Hz  err=-17.072Hz  corr=-356.59W  u_ff=101.6W  PCAP→78W  power=77.8W
[PID] perf=27.365Hz  target=10.312Hz  err=-17.053Hz  corr=-356.24W  u_ff=101.6W  PCAP→78W  power=77.8W
[PID] perf=27.403Hz  target=10.312Hz  err=-17.091Hz  corr=-356.94W  u_ff=101.6W  PCAP→78W  power=78.2W
[PID] perf=27.386Hz  target=10.312Hz  err=-17.074Hz  corr=-356.63W  u_ff=101.6W  PCAP→78W  power=79.0W
[PID] perf=27.385Hz  target=10.312Hz  err=-17.073Hz  corr=-356.61W  u_ff=101.6W  PCAP→78W  power=79.3W
[PID] perf=27.341Hz  target=10.312Hz  err=-17.029Hz  corr=-355.79W  u_ff=101.6W  PCAP→78W  power=77.1W
[PID] perf=27.301Hz  target=10.312Hz  err=-16.989Hz  corr=-355.05W  u_ff=101.6W  PCAP→78W  power=77.4W
[PID] perf=27.363Hz  target=10.312Hz  err=-17.051Hz  corr=-356.21W  u_ff=101.6W  PCAP→78W  power=76.2W
[PID] perf=27.322Hz  target=10.312Hz  err=-17.010Hz  corr=-355.44W  u_ff=101.6W  PCAP→78W  power=78.1W
[PID] perf=27.363Hz  target=10.312Hz  err=-17.051Hz  corr=-356.21W  u_ff=101.6W  PCAP→78W  power=77.7W
[PID] perf=27.375Hz  target=10.312Hz  err=-17.063Hz  corr=-356.43W  u_ff=101.6W  PCAP→78W  power=76.2W
[PID] perf=27.395Hz  target=10.312Hz  err=-17.083Hz  corr=-356.80W  u_ff=101.6W  PCAP→78W  power=79.1W
[PID] perf=27.427Hz  target=10.312Hz  err=-17.115Hz  corr=-357.39W  u_ff=101.6W  PCAP→78W  power=78.0W
[PID] perf=27.365Hz  target=10.312Hz  err=-17.053Hz  corr=-356.25W  u_ff=101.6W  PCAP→78W  power=78.0W
[PID] perf=27.424Hz  target=10.312Hz  err=-17.112Hz  corr=-357.34W  u_ff=101.6W  PCAP→78W  power=77.0W
[PID] perf=27.377Hz  target=10.312Hz  err=-17.065Hz  corr=-356.47W  u_ff=101.6W  PCAP→78W  power=79.1W
[PID] perf=27.388Hz  target=10.312Hz  err=-17.076Hz  corr=-356.67W  u_ff=101.6W  PCAP→78W  power=79.1W
[PID] perf=27.383Hz  target=10.312Hz  err=-17.071Hz  corr=-356.58W  u_ff=101.6W  PCAP→78W  power=78.0W
[PID] perf=27.358Hz  target=10.312Hz  err=-17.046Hz  corr=-356.11W  u_ff=101.6W  PCAP→78W  power=77.2W
[PID] perf=27.348Hz  target=10.312Hz  err=-17.036Hz  corr=-355.93W  u_ff=101.6W  PCAP→78W  power=78.6W
[PID] perf=27.343Hz  target=10.312Hz  err=-17.031Hz  corr=-355.84W  u_ff=101.6W  PCAP→78W  power=79.1W
[PID] perf=27.286Hz  target=10.312Hz  err=-16.974Hz  corr=-354.78W  u_ff=101.6W  PCAP→78W  power=78.3W
[PID] perf=27.388Hz  target=10.312Hz  err=-17.076Hz  corr=-356.67W  u_ff=101.6W  PCAP→78W  power=77.0W
[PID] perf=27.376Hz  target=10.312Hz  err=-17.064Hz  corr=-356.44W  u_ff=101.6W  PCAP→78W  power=77.8W
[PID] perf=27.836Hz  target=10.312Hz  err=-17.524Hz  corr=-364.98W  u_ff=101.6W  PCAP→78W  power=77.6W
[PID] perf=27.861Hz  target=10.312Hz  err=-17.549Hz  corr=-365.43W  u_ff=101.6W  PCAP→78W  power=77.3W
[PID] perf=27.868Hz  target=10.312Hz  err=-17.556Hz  corr=-365.56W  u_ff=101.6W  PCAP→78W  power=78.8W
[PID] perf=27.918Hz  target=10.312Hz  err=-17.607Hz  corr=-366.51W  u_ff=101.6W  PCAP→78W  power=77.9W
[PID] perf=27.892Hz  target=10.312Hz  err=-17.580Hz  corr=-366.02W  u_ff=101.6W  PCAP→78W  power=77.7W
[PID] perf=27.913Hz  target=10.312Hz  err=-17.601Hz  corr=-366.40W  u_ff=101.6W  PCAP→78W  power=77.5W
[PID] perf=27.902Hz  target=10.312Hz  err=-17.590Hz  corr=-366.19W  u_ff=101.6W  PCAP→78W  power=78.4W
[PID] perf=27.881Hz  target=10.312Hz  err=-17.569Hz  corr=-365.81W  u_ff=101.6W  PCAP→78W  power=78.7W
[PID] perf=27.882Hz  target=10.312Hz  err=-17.570Hz  corr=-365.82W  u_ff=101.6W  PCAP→78W  power=77.4W
[PID] perf=27.870Hz  target=10.312Hz  err=-17.558Hz  corr=-365.60W  u_ff=101.6W  PCAP→78W  power=77.1W
[PID] perf=27.836Hz  target=10.312Hz  err=-17.524Hz  corr=-364.97W  u_ff=101.6W  PCAP→78W  power=78.8W
[PID] perf=27.871Hz  target=10.312Hz  err=-17.559Hz  corr=-365.63W  u_ff=101.6W  PCAP→78W  power=78.9W
[PID] perf=27.862Hz  target=10.312Hz  err=-17.550Hz  corr=-365.45W  u_ff=101.6W  PCAP→78W  power=78.6W
[PID] perf=27.869Hz  target=10.312Hz  err=-17.557Hz  corr=-365.59W  u_ff=101.6W  PCAP→78W  power=77.6W
[PID] perf=27.932Hz  target=10.312Hz  err=-17.620Hz  corr=-366.77W  u_ff=101.6W  PCAP→78W  power=76.8W
[PID] perf=27.872Hz  target=10.312Hz  err=-17.560Hz  corr=-365.65W  u_ff=101.6W  PCAP→78W  power=79.0W
[PID] perf=27.843Hz  target=10.312Hz  err=-17.531Hz  corr=-365.10W  u_ff=101.6W  PCAP→78W  power=77.8W
[PID] perf=27.863Hz  target=10.312Hz  err=-17.551Hz  corr=-365.48W  u_ff=101.6W  PCAP→78W  power=77.5W
[PID] perf=27.829Hz  target=10.312Hz  err=-17.517Hz  corr=-364.85W  u_ff=101.6W  PCAP→78W  power=79.0W
[PID] perf=27.863Hz  target=10.312Hz  err=-17.551Hz  corr=-365.47W  u_ff=101.6W  PCAP→78W  power=77.8W
[PID] perf=27.871Hz  target=10.312Hz  err=-17.559Hz  corr=-365.62W  u_ff=101.6W  PCAP→78W  power=77.9W
[PID] perf=27.854Hz  target=10.312Hz  err=-17.542Hz  corr=-365.31W  u_ff=101.6W  PCAP→78W  power=77.4W
[PID] perf=27.815Hz  target=10.312Hz  err=-17.503Hz  corr=-364.59W  u_ff=101.6W  PCAP→78W  power=77.9W
[PID] perf=27.845Hz  target=10.312Hz  err=-17.533Hz  corr=-365.15W  u_ff=101.6W  PCAP→78W  power=78.8W
[PID] perf=27.895Hz  target=10.312Hz  err=-17.583Hz  corr=-366.08W  u_ff=101.6W  PCAP→78W  power=79.3W
[PID] perf=27.896Hz  target=10.312Hz  err=-17.584Hz  corr=-366.09W  u_ff=101.6W  PCAP→78W  power=77.3W
[PID] perf=27.867Hz  target=10.312Hz  err=-17.555Hz  corr=-365.55W  u_ff=101.6W  PCAP→78W  power=77.3W
[PID] perf=28.733Hz  target=10.312Hz  err=-18.421Hz  corr=-381.62W  u_ff=101.6W  PCAP→78W  power=77.0W
[PID] perf=28.701Hz  target=10.312Hz  err=-18.389Hz  corr=-381.01W  u_ff=101.6W  PCAP→78W  power=77.0W
[PID] perf=28.735Hz  target=10.312Hz  err=-18.423Hz  corr=-381.65W  u_ff=101.6W  PCAP→78W  power=77.6W
[PID] perf=28.765Hz  target=10.312Hz  err=-18.453Hz  corr=-382.21W  u_ff=101.6W  PCAP→78W  power=78.3W
[PID] perf=26.705Hz  target=10.312Hz  err=-16.393Hz  corr=-344.01W  u_ff=101.6W  PCAP→78W  power=77.4W
[PID] perf=26.803Hz  target=10.312Hz  err=-16.491Hz  corr=-345.82W  u_ff=101.6W  PCAP→78W  power=77.1W
[PID] perf=26.876Hz  target=10.312Hz  err=-16.564Hz  corr=-347.18W  u_ff=101.6W  PCAP→78W  power=77.0W
[PID] perf=26.888Hz  target=10.312Hz  err=-16.576Hz  corr=-347.39W  u_ff=101.6W  PCAP→78W  power=78.6W
[PID] perf=27.760Hz  target=10.312Hz  err=-17.448Hz  corr=-363.56W  u_ff=101.6W  PCAP→78W  power=77.7W
[PID] perf=27.770Hz  target=10.312Hz  err=-17.458Hz  corr=-363.75W  u_ff=101.6W  PCAP→78W  power=76.3W
[PID] perf=27.771Hz  target=10.312Hz  err=-17.459Hz  corr=-363.78W  u_ff=101.6W  PCAP→78W  power=77.1W
[PID] perf=27.776Hz  target=10.312Hz  err=-17.464Hz  corr=-363.86W  u_ff=101.6W  PCAP→78W  power=76.2W
[PID] perf=27.819Hz  target=10.312Hz  err=-17.507Hz  corr=-364.66W  u_ff=101.6W  PCAP→78W  power=79.1W
[PID] perf=27.809Hz  target=10.312Hz  err=-17.497Hz  corr=-364.49W  u_ff=101.6W  PCAP→78W  power=77.4W
[PID] perf=27.762Hz  target=10.312Hz  err=-17.450Hz  corr=-363.61W  u_ff=101.6W  PCAP→78W  power=77.2W
[PID] perf=27.801Hz  target=10.312Hz  err=-17.489Hz  corr=-364.32W  u_ff=101.6W  PCAP→78W  power=76.8W
[PID] perf=27.776Hz  target=10.312Hz  err=-17.464Hz  corr=-363.87W  u_ff=101.6W  PCAP→78W  power=76.1W
[PID] perf=27.808Hz  target=10.312Hz  err=-17.496Hz  corr=-364.46W  u_ff=101.6W  PCAP→78W  power=76.2W
[PID] perf=27.803Hz  target=10.312Hz  err=-17.491Hz  corr=-364.36W  u_ff=101.6W  PCAP→78W  power=78.8W
[PID] perf=27.803Hz  target=10.312Hz  err=-17.491Hz  corr=-364.37W  u_ff=101.6W  PCAP→78W  power=78.9W
[PID] perf=27.025Hz  target=10.312Hz  err=-16.713Hz  corr=-349.94W  u_ff=101.6W  PCAP→78W  power=79.0W
[PID] perf=27.109Hz  target=10.312Hz  err=-16.797Hz  corr=-351.49W  u_ff=101.6W  PCAP→78W  power=78.5W
[PID] perf=27.134Hz  target=10.312Hz  err=-16.822Hz  corr=-351.97W  u_ff=101.6W  PCAP→78W  power=76.6W
[PID] perf=27.113Hz  target=10.312Hz  err=-16.801Hz  corr=-351.56W  u_ff=101.6W  PCAP→78W  power=76.3W
[PID] perf=27.139Hz  target=10.312Hz  err=-16.827Hz  corr=-352.04W  u_ff=101.6W  PCAP→78W  power=77.0W
[PID] perf=27.116Hz  target=10.312Hz  err=-16.804Hz  corr=-351.62W  u_ff=101.6W  PCAP→78W  power=78.8W
[PID] perf=27.118Hz  target=10.312Hz  err=-16.806Hz  corr=-351.65W  u_ff=101.6W  PCAP→78W  power=79.1W
[PID] perf=27.119Hz  target=10.312Hz  err=-16.807Hz  corr=-351.68W  u_ff=101.6W  PCAP→78W  power=78.9W
[PID] perf=27.135Hz  target=10.312Hz  err=-16.823Hz  corr=-351.98W  u_ff=101.6W  PCAP→78W  power=77.6W
[PID] perf=27.151Hz  target=10.312Hz  err=-16.839Hz  corr=-352.28W  u_ff=101.6W  PCAP→78W  power=78.1W
[PID] perf=27.124Hz  target=10.312Hz  err=-16.812Hz  corr=-351.77W  u_ff=101.6W  PCAP→78W  power=77.0W
[PID] perf=27.122Hz  target=10.312Hz  err=-16.810Hz  corr=-351.73W  u_ff=101.6W  PCAP→78W  power=78.1W
[PID] perf=27.115Hz  target=10.312Hz  err=-16.803Hz  corr=-351.61W  u_ff=101.6W  PCAP→78W  power=78.6W
[PID] perf=27.107Hz  target=10.312Hz  err=-16.795Hz  corr=-351.46W  u_ff=101.6W  PCAP→78W  power=79.0W
[PID] perf=27.159Hz  target=10.312Hz  err=-16.847Hz  corr=-352.42W  u_ff=101.6W  PCAP→78W  power=78.8W
[PID] perf=27.103Hz  target=10.312Hz  err=-16.791Hz  corr=-351.38W  u_ff=101.6W  PCAP→78W  power=77.9W
[PID] perf=27.132Hz  target=10.312Hz  err=-16.820Hz  corr=-351.93W  u_ff=101.6W  PCAP→78W  power=78.7W
[PID] perf=27.202Hz  target=10.312Hz  err=-16.890Hz  corr=-353.21W  u_ff=101.6W  PCAP→78W  power=78.8W
[PID] perf=27.182Hz  target=10.312Hz  err=-16.870Hz  corr=-352.84W  u_ff=101.6W  PCAP→78W  power=77.1W
[PID] perf=27.186Hz  target=10.312Hz  err=-16.874Hz  corr=-352.92W  u_ff=101.6W  PCAP→78W  power=77.0W
[PID] perf=27.196Hz  target=10.312Hz  err=-16.884Hz  corr=-353.11W  u_ff=101.6W  PCAP→78W  power=76.8W
[PID] perf=27.189Hz  target=10.312Hz  err=-16.877Hz  corr=-352.98W  u_ff=101.6W  PCAP→78W  power=78.0W
[PID] perf=27.183Hz  target=10.312Hz  err=-16.871Hz  corr=-352.87W  u_ff=101.6W  PCAP→78W  power=77.9W
[PID] perf=27.160Hz  target=10.312Hz  err=-16.848Hz  corr=-352.43W  u_ff=101.6W  PCAP→78W  power=77.1W
[PID] perf=27.136Hz  target=10.312Hz  err=-16.824Hz  corr=-351.99W  u_ff=101.6W  PCAP→78W  power=77.6W
[PID] perf=27.144Hz  target=10.312Hz  err=-16.832Hz  corr=-352.15W  u_ff=101.6W  PCAP→78W  power=77.3W
[PID] perf=27.162Hz  target=10.312Hz  err=-16.850Hz  corr=-352.48W  u_ff=101.6W  PCAP→78W  power=77.5W
[PID] perf=27.148Hz  target=10.312Hz  err=-16.836Hz  corr=-352.21W  u_ff=101.6W  PCAP→78W  power=78.1W
[PID] perf=27.132Hz  target=10.312Hz  err=-16.820Hz  corr=-351.92W  u_ff=101.6W  PCAP→78W  power=77.5W
[PID] perf=27.143Hz  target=10.312Hz  err=-16.831Hz  corr=-352.12W  u_ff=101.6W  PCAP→78W  power=78.0W
[PID] perf=27.167Hz  target=10.312Hz  err=-16.855Hz  corr=-352.58W  u_ff=101.6W  PCAP→78W  power=78.0W
[PID] perf=27.133Hz  target=10.312Hz  err=-16.821Hz  corr=-351.95W  u_ff=101.6W  PCAP→78W  power=78.2W
[PID] perf=27.155Hz  target=10.312Hz  err=-16.843Hz  corr=-352.35W  u_ff=101.6W  PCAP→78W  power=76.9W
[PID] perf=27.158Hz  target=10.312Hz  err=-16.846Hz  corr=-352.40W  u_ff=101.6W  PCAP→78W  power=78.1W
[PID] perf=27.138Hz  target=10.312Hz  err=-16.826Hz  corr=-352.04W  u_ff=101.6W  PCAP→78W  power=78.4W
[PID] perf=27.144Hz  target=10.312Hz  err=-16.833Hz  corr=-352.15W  u_ff=101.6W  PCAP→78W  power=78.1W
[PID] perf=27.129Hz  target=10.312Hz  err=-16.817Hz  corr=-351.86W  u_ff=101.6W  PCAP→78W  power=77.6W
[PID] perf=27.112Hz  target=10.312Hz  err=-16.800Hz  corr=-351.54W  u_ff=101.6W  PCAP→78W  power=77.0W
[PID] perf=27.149Hz  target=10.312Hz  err=-16.837Hz  corr=-352.25W  u_ff=101.6W  PCAP→78W  power=77.8W
[PID] perf=27.121Hz  target=10.312Hz  err=-16.809Hz  corr=-351.71W  u_ff=101.6W  PCAP→78W  power=78.5W
[PID] perf=26.607Hz  target=10.312Hz  err=-16.295Hz  corr=-342.18W  u_ff=101.6W  PCAP→78W  power=76.7W
[PID] perf=26.867Hz  target=10.312Hz  err=-16.555Hz  corr=-347.01W  u_ff=101.6W  PCAP→78W  power=77.1W
[PID] perf=26.860Hz  target=10.312Hz  err=-16.548Hz  corr=-346.87W  u_ff=101.6W  PCAP→78W  power=77.0W
[PID] perf=26.870Hz  target=10.312Hz  err=-16.559Hz  corr=-347.07W  u_ff=101.6W  PCAP→78W  power=78.6W
[PID] perf=26.857Hz  target=10.312Hz  err=-16.545Hz  corr=-346.82W  u_ff=101.6W  PCAP→78W  power=77.3W
[PID] perf=26.855Hz  target=10.312Hz  err=-16.543Hz  corr=-346.79W  u_ff=101.6W  PCAP→78W  power=78.8W
[PID] perf=26.896Hz  target=10.312Hz  err=-16.584Hz  corr=-347.55W  u_ff=101.6W  PCAP→78W  power=77.5W
[PID] perf=26.886Hz  target=10.312Hz  err=-16.574Hz  corr=-347.37W  u_ff=101.6W  PCAP→78W  power=78.0W
[PID] perf=26.891Hz  target=10.312Hz  err=-16.579Hz  corr=-347.46W  u_ff=101.6W  PCAP→78W  power=77.2W
[PID] perf=26.798Hz  target=10.312Hz  err=-16.486Hz  corr=-345.73W  u_ff=101.6W  PCAP→78W  power=77.3W
[PID] perf=26.844Hz  target=10.312Hz  err=-16.532Hz  corr=-346.59W  u_ff=101.6W  PCAP→78W  power=78.5W
[PID] perf=26.849Hz  target=10.312Hz  err=-16.537Hz  corr=-346.67W  u_ff=101.6W  PCAP→78W  power=78.9W
[PID] perf=26.849Hz  target=10.312Hz  err=-16.537Hz  corr=-346.68W  u_ff=101.6W  PCAP→78W  power=78.1W
[PID] perf=26.928Hz  target=10.312Hz  err=-16.616Hz  corr=-348.15W  u_ff=101.6W  PCAP→78W  power=77.8W
[PID] perf=26.955Hz  target=10.312Hz  err=-16.643Hz  corr=-348.64W  u_ff=101.6W  PCAP→78W  power=79.3W
[PID] perf=27.001Hz  target=10.312Hz  err=-16.689Hz  corr=-349.50W  u_ff=101.6W  PCAP→78W  power=78.9W
[PID] perf=27.044Hz  target=10.312Hz  err=-16.732Hz  corr=-350.28W  u_ff=101.6W  PCAP→78W  power=77.8W
[PID] perf=27.569Hz  target=10.312Hz  err=-17.257Hz  corr=-360.02W  u_ff=101.6W  PCAP→78W  power=78.2W
[PID] perf=27.578Hz  target=10.312Hz  err=-17.266Hz  corr=-360.19W  u_ff=101.6W  PCAP→78W  power=77.6W
[PID] perf=27.597Hz  target=10.312Hz  err=-17.285Hz  corr=-360.55W  u_ff=101.6W  PCAP→78W  power=77.0W
[PID] perf=27.577Hz  target=10.312Hz  err=-17.265Hz  corr=-360.17W  u_ff=101.6W  PCAP→78W  power=76.5W
[PID] perf=27.604Hz  target=10.312Hz  err=-17.292Hz  corr=-360.67W  u_ff=101.6W  PCAP→78W  power=78.6W
[PID] perf=27.614Hz  target=10.312Hz  err=-17.302Hz  corr=-360.86W  u_ff=101.6W  PCAP→78W  power=77.9W
[PID] perf=27.578Hz  target=10.312Hz  err=-17.266Hz  corr=-360.19W  u_ff=101.6W  PCAP→78W  power=77.9W
[PID] perf=27.651Hz  target=10.312Hz  err=-17.339Hz  corr=-361.55W  u_ff=101.6W  PCAP→78W  power=78.0W
[PID] perf=27.634Hz  target=10.312Hz  err=-17.322Hz  corr=-361.23W  u_ff=101.6W  PCAP→78W  power=77.1W
[PID] perf=27.605Hz  target=10.312Hz  err=-17.293Hz  corr=-360.68W  u_ff=101.6W  PCAP→78W  power=77.7W
[PID] perf=27.595Hz  target=10.312Hz  err=-17.283Hz  corr=-360.52W  u_ff=101.6W  PCAP→78W  power=79.1W
[PID] perf=27.610Hz  target=10.312Hz  err=-17.298Hz  corr=-360.78W  u_ff=101.6W  PCAP→78W  power=78.6W
[PID] perf=27.626Hz  target=10.312Hz  err=-17.314Hz  corr=-361.09W  u_ff=101.6W  PCAP→78W  power=77.1W
[PID] perf=27.625Hz  target=10.312Hz  err=-17.313Hz  corr=-361.06W  u_ff=101.6W  PCAP→78W  power=76.9W
[PID] perf=27.617Hz  target=10.312Hz  err=-17.305Hz  corr=-360.92W  u_ff=101.6W  PCAP→78W  power=76.4W
[PID] perf=27.633Hz  target=10.312Hz  err=-17.321Hz  corr=-361.21W  u_ff=101.6W  PCAP→78W  power=76.8W
[PID] perf=27.618Hz  target=10.312Hz  err=-17.306Hz  corr=-360.93W  u_ff=101.6W  PCAP→78W  power=76.3W
[PID] perf=27.590Hz  target=10.312Hz  err=-17.278Hz  corr=-360.42W  u_ff=101.6W  PCAP→78W  power=78.7W
[PID] perf=27.593Hz  target=10.312Hz  err=-17.281Hz  corr=-360.47W  u_ff=101.6W  PCAP→78W  power=79.1W
[PID] perf=27.575Hz  target=10.312Hz  err=-17.263Hz  corr=-360.13W  u_ff=101.6W  PCAP→78W  power=77.2W
[PID] perf=27.595Hz  target=10.312Hz  err=-17.283Hz  corr=-360.51W  u_ff=101.6W  PCAP→78W  power=78.9W
[PID] perf=27.600Hz  target=10.312Hz  err=-17.288Hz  corr=-360.60W  u_ff=101.6W  PCAP→78W  power=78.8W
[PID] perf=27.216Hz  target=10.312Hz  err=-16.904Hz  corr=-353.48W  u_ff=101.6W  PCAP→78W  power=76.2W
[PID] perf=26.957Hz  target=10.312Hz  err=-16.645Hz  corr=-348.67W  u_ff=101.6W  PCAP→78W  power=77.5W
[PID] perf=27.054Hz  target=10.312Hz  err=-16.742Hz  corr=-350.48W  u_ff=101.6W  PCAP→78W  power=77.0W
[PID] perf=27.027Hz  target=10.312Hz  err=-16.715Hz  corr=-349.98W  u_ff=101.6W  PCAP→78W  power=77.0W
[PID] perf=27.044Hz  target=10.312Hz  err=-16.732Hz  corr=-350.29W  u_ff=101.6W  PCAP→78W  power=77.7W
[PID] perf=27.023Hz  target=10.312Hz  err=-16.711Hz  corr=-349.89W  u_ff=101.6W  PCAP→78W  power=78.5W
[PID] perf=27.032Hz  target=10.312Hz  err=-16.720Hz  corr=-350.08W  u_ff=101.6W  PCAP→78W  power=77.7W
[PID] perf=27.028Hz  target=10.312Hz  err=-16.716Hz  corr=-349.99W  u_ff=101.6W  PCAP→78W  power=78.9W
[PID] perf=27.047Hz  target=10.312Hz  err=-16.735Hz  corr=-350.35W  u_ff=101.6W  PCAP→78W  power=76.4W
[PID] perf=27.043Hz  target=10.312Hz  err=-16.731Hz  corr=-350.28W  u_ff=101.6W  PCAP→78W  power=76.3W
[PID] perf=27.031Hz  target=10.312Hz  err=-16.719Hz  corr=-350.05W  u_ff=101.6W  PCAP→78W  power=77.9W
[PID] perf=27.058Hz  target=10.312Hz  err=-16.746Hz  corr=-350.55W  u_ff=101.6W  PCAP→78W  power=78.3W
[PID] perf=27.046Hz  target=10.312Hz  err=-16.734Hz  corr=-350.32W  u_ff=101.6W  PCAP→78W  power=77.8W
[PID] perf=27.033Hz  target=10.312Hz  err=-16.721Hz  corr=-350.09W  u_ff=101.6W  PCAP→78W  power=78.4W
[PID] perf=27.064Hz  target=10.312Hz  err=-16.752Hz  corr=-350.67W  u_ff=101.6W  PCAP→78W  power=78.9W
[PID] perf=27.075Hz  target=10.312Hz  err=-16.763Hz  corr=-350.87W  u_ff=101.6W  PCAP→78W  power=78.6W
[PID] perf=27.067Hz  target=10.312Hz  err=-16.755Hz  corr=-350.72W  u_ff=101.6W  PCAP→78W  power=78.3W
[PID] perf=27.056Hz  target=10.312Hz  err=-16.744Hz  corr=-350.52W  u_ff=101.6W  PCAP→78W  power=76.9W
[PID] perf=27.038Hz  target=10.312Hz  err=-16.726Hz  corr=-350.19W  u_ff=101.6W  PCAP→78W  power=77.5W
[PID] perf=27.078Hz  target=10.312Hz  err=-16.766Hz  corr=-350.92W  u_ff=101.6W  PCAP→78W  power=77.7W
[PID] perf=27.042Hz  target=10.312Hz  err=-16.730Hz  corr=-350.25W  u_ff=101.6W  PCAP→78W  power=76.7W
[PID] perf=27.041Hz  target=10.312Hz  err=-16.729Hz  corr=-350.23W  u_ff=101.6W  PCAP→78W  power=77.9W
[PID] perf=27.075Hz  target=10.312Hz  err=-16.763Hz  corr=-350.86W  u_ff=101.6W  PCAP→78W  power=78.7W
[PID] perf=27.054Hz  target=10.312Hz  err=-16.742Hz  corr=-350.47W  u_ff=101.6W  PCAP→78W  power=76.5W
[PID] perf=27.064Hz  target=10.312Hz  err=-16.752Hz  corr=-350.66W  u_ff=101.6W  PCAP→78W  power=76.5W
[PID] perf=27.061Hz  target=10.312Hz  err=-16.749Hz  corr=-350.60W  u_ff=101.6W  PCAP→78W  power=77.2W
[PID] perf=27.064Hz  target=10.312Hz  err=-16.752Hz  corr=-350.65W  u_ff=101.6W  PCAP→78W  power=77.3W
[PID] perf=27.089Hz  target=10.312Hz  err=-16.777Hz  corr=-351.13W  u_ff=101.6W  PCAP→78W  power=77.5W
[PID] perf=27.106Hz  target=10.312Hz  err=-16.794Hz  corr=-351.43W  u_ff=101.6W  PCAP→78W  power=78.2W
[PID] perf=27.110Hz  target=10.312Hz  err=-16.798Hz  corr=-351.51W  u_ff=101.6W  PCAP→78W  power=77.3W
[PID] perf=27.093Hz  target=10.312Hz  err=-16.781Hz  corr=-351.19W  u_ff=101.6W  PCAP→78W  power=78.6W
[PID] perf=27.103Hz  target=10.312Hz  err=-16.791Hz  corr=-351.39W  u_ff=101.6W  PCAP→78W  power=76.5W
[PID] perf=27.044Hz  target=10.312Hz  err=-16.732Hz  corr=-350.29W  u_ff=101.6W  PCAP→78W  power=76.8W
[PID] perf=27.065Hz  target=10.312Hz  err=-16.753Hz  corr=-350.68W  u_ff=101.6W  PCAP→78W  power=77.6W
[PID] perf=27.086Hz  target=10.312Hz  err=-16.774Hz  corr=-351.08W  u_ff=101.6W  PCAP→78W  power=79.2W
[PID] perf=27.055Hz  target=10.312Hz  err=-16.743Hz  corr=-350.50W  u_ff=101.6W  PCAP→78W  power=76.8W
[PID] perf=27.081Hz  target=10.312Hz  err=-16.769Hz  corr=-350.97W  u_ff=101.6W  PCAP→78W  power=78.9W
[PID] perf=27.076Hz  target=10.312Hz  err=-16.764Hz  corr=-350.89W  u_ff=101.6W  PCAP→78W  power=76.4W
[PID] perf=27.142Hz  target=10.312Hz  err=-16.830Hz  corr=-352.10W  u_ff=101.6W  PCAP→78W  power=76.2W
[PID] perf=27.511Hz  target=10.312Hz  err=-17.199Hz  corr=-358.95W  u_ff=101.6W  PCAP→78W  power=76.8W
[PID] perf=27.465Hz  target=10.312Hz  err=-17.153Hz  corr=-358.10W  u_ff=101.6W  PCAP→78W  power=78.1W
[PID] perf=27.475Hz  target=10.312Hz  err=-17.163Hz  corr=-358.29W  u_ff=101.6W  PCAP→78W  power=78.8W
[PID] perf=27.477Hz  target=10.312Hz  err=-17.165Hz  corr=-358.32W  u_ff=101.6W  PCAP→78W  power=77.9W
[PID] perf=27.498Hz  target=10.312Hz  err=-17.186Hz  corr=-358.71W  u_ff=101.6W  PCAP→78W  power=77.0W
[PID] perf=27.489Hz  target=10.312Hz  err=-17.177Hz  corr=-358.55W  u_ff=101.6W  PCAP→78W  power=77.6W
[PID] perf=27.457Hz  target=10.312Hz  err=-17.145Hz  corr=-357.94W  u_ff=101.6W  PCAP→78W  power=77.2W
[PID] perf=27.437Hz  target=10.312Hz  err=-17.125Hz  corr=-357.58W  u_ff=101.6W  PCAP→78W  power=77.8W
[PID] perf=27.504Hz  target=10.312Hz  err=-17.192Hz  corr=-358.82W  u_ff=101.6W  PCAP→78W  power=77.8W
[PID] perf=27.483Hz  target=10.312Hz  err=-17.171Hz  corr=-358.43W  u_ff=101.6W  PCAP→78W  power=77.5W
[PID] perf=27.487Hz  target=10.312Hz  err=-17.175Hz  corr=-358.50W  u_ff=101.6W  PCAP→78W  power=78.2W
[PID] perf=27.493Hz  target=10.312Hz  err=-17.181Hz  corr=-358.61W  u_ff=101.6W  PCAP→78W  power=78.4W
[PID] perf=27.461Hz  target=10.312Hz  err=-17.149Hz  corr=-358.02W  u_ff=101.6W  PCAP→78W  power=77.6W
[PID] perf=27.467Hz  target=10.312Hz  err=-17.155Hz  corr=-358.14W  u_ff=101.6W  PCAP→78W  power=76.5W
[PID] perf=27.463Hz  target=10.312Hz  err=-17.151Hz  corr=-358.06W  u_ff=101.6W  PCAP→78W  power=78.7W
[PID] perf=27.464Hz  target=10.312Hz  err=-17.152Hz  corr=-358.09W  u_ff=101.6W  PCAP→78W  power=78.2W
[PID] perf=27.490Hz  target=10.312Hz  err=-17.178Hz  corr=-358.55W  u_ff=101.6W  PCAP→78W  power=78.9W
[PID] perf=27.495Hz  target=10.312Hz  err=-17.183Hz  corr=-358.66W  u_ff=101.6W  PCAP→78W  power=79.2W
[PID] perf=27.482Hz  target=10.312Hz  err=-17.170Hz  corr=-358.42W  u_ff=101.6W  PCAP→78W  power=77.5W
[PID] perf=27.437Hz  target=10.312Hz  err=-17.125Hz  corr=-357.58W  u_ff=101.6W  PCAP→78W  power=77.2W
[PID] perf=27.489Hz  target=10.312Hz  err=-17.177Hz  corr=-358.54W  u_ff=101.6W  PCAP→78W  power=78.0W
[PID] perf=27.513Hz  target=10.312Hz  err=-17.201Hz  corr=-358.99W  u_ff=101.6W  PCAP→78W  power=76.0W
[PID] perf=27.529Hz  target=10.312Hz  err=-17.217Hz  corr=-359.28W  u_ff=101.6W  PCAP→78W  power=76.5W
[PID] perf=27.525Hz  target=10.312Hz  err=-17.213Hz  corr=-359.21W  u_ff=101.6W  PCAP→78W  power=78.6W
[PID] perf=27.500Hz  target=10.312Hz  err=-17.189Hz  corr=-358.76W  u_ff=101.6W  PCAP→78W  power=78.5W
[PID] perf=27.515Hz  target=10.312Hz  err=-17.203Hz  corr=-359.03W  u_ff=101.6W  PCAP→78W  power=78.6W
[PID] perf=27.545Hz  target=10.312Hz  err=-17.233Hz  corr=-359.59W  u_ff=101.6W  PCAP→78W  power=78.3W
[PID] perf=27.504Hz  target=10.312Hz  err=-17.192Hz  corr=-358.82W  u_ff=101.6W  PCAP→78W  power=78.7W
[PID] perf=27.524Hz  target=10.312Hz  err=-17.212Hz  corr=-359.20W  u_ff=101.6W  PCAP→78W  power=78.9W
[PID] perf=27.498Hz  target=10.312Hz  err=-17.186Hz  corr=-358.71W  u_ff=101.6W  PCAP→78W  power=79.4W
[PID] perf=27.506Hz  target=10.312Hz  err=-17.194Hz  corr=-358.85W  u_ff=101.6W  PCAP→78W  power=77.6W
[PID] perf=28.496Hz  target=10.312Hz  err=-18.184Hz  corr=-377.21W  u_ff=101.6W  PCAP→78W  power=78.1W
[PID] perf=28.963Hz  target=10.312Hz  err=-18.651Hz  corr=-385.88W  u_ff=101.6W  PCAP→78W  power=77.2W
[PID] perf=29.097Hz  target=10.312Hz  err=-18.785Hz  corr=-388.35W  u_ff=101.6W  PCAP→78W  power=77.1W
[PID] perf=29.089Hz  target=10.312Hz  err=-18.777Hz  corr=-388.21W  u_ff=101.6W  PCAP→78W  power=77.1W
[PID] perf=29.102Hz  target=10.312Hz  err=-18.790Hz  corr=-388.46W  u_ff=101.6W  PCAP→78W  power=78.3W
[PID] perf=29.071Hz  target=10.312Hz  err=-18.759Hz  corr=-387.88W  u_ff=101.6W  PCAP→78W  power=79.1W
[PID] perf=29.063Hz  target=10.312Hz  err=-18.751Hz  corr=-387.74W  u_ff=101.6W  PCAP→78W  power=78.9W
[PID] perf=29.085Hz  target=10.312Hz  err=-18.773Hz  corr=-388.15W  u_ff=101.6W  PCAP→78W  power=78.7W
[PID] perf=29.110Hz  target=10.312Hz  err=-18.798Hz  corr=-388.60W  u_ff=101.6W  PCAP→78W  power=77.9W
[PID] perf=29.088Hz  target=10.312Hz  err=-18.776Hz  corr=-388.19W  u_ff=101.6W  PCAP→78W  power=77.7W
[PID] perf=29.074Hz  target=10.312Hz  err=-18.762Hz  corr=-387.93W  u_ff=101.6W  PCAP→78W  power=77.0W
[PID] perf=29.075Hz  target=10.312Hz  err=-18.763Hz  corr=-387.96W  u_ff=101.6W  PCAP→78W  power=78.4W
[PID] perf=29.090Hz  target=10.312Hz  err=-18.778Hz  corr=-388.24W  u_ff=101.6W  PCAP→78W  power=78.1W
[PID] perf=29.099Hz  target=10.312Hz  err=-18.787Hz  corr=-388.40W  u_ff=101.6W  PCAP→78W  power=77.8W
[PID] perf=29.090Hz  target=10.312Hz  err=-18.778Hz  corr=-388.24W  u_ff=101.6W  PCAP→78W  power=78.8W
[PID] perf=29.091Hz  target=10.312Hz  err=-18.779Hz  corr=-388.26W  u_ff=101.6W  PCAP→78W  power=76.9W
[PID] perf=29.087Hz  target=10.312Hz  err=-18.775Hz  corr=-388.17W  u_ff=101.6W  PCAP→78W  power=77.2W
[PID] perf=29.071Hz  target=10.312Hz  err=-18.759Hz  corr=-387.88W  u_ff=101.6W  PCAP→78W  power=78.4W
[PID] perf=29.082Hz  target=10.312Hz  err=-18.770Hz  corr=-388.09W  u_ff=101.6W  PCAP→78W  power=77.6W
[PID] perf=29.094Hz  target=10.312Hz  err=-18.782Hz  corr=-388.30W  u_ff=101.6W  PCAP→78W  power=76.9W
[PID] perf=29.102Hz  target=10.312Hz  err=-18.790Hz  corr=-388.45W  u_ff=101.6W  PCAP→78W  power=78.1W
[PID] perf=29.096Hz  target=10.312Hz  err=-18.784Hz  corr=-388.34W  u_ff=101.6W  PCAP→78W  power=77.5W
[PID] perf=29.067Hz  target=10.312Hz  err=-18.755Hz  corr=-387.81W  u_ff=101.6W  PCAP→78W  power=78.2W
[PID] perf=28.987Hz  target=10.312Hz  err=-18.675Hz  corr=-386.32W  u_ff=101.6W  PCAP→78W  power=79.0W
[PID] perf=29.085Hz  target=10.312Hz  err=-18.773Hz  corr=-388.14W  u_ff=101.6W  PCAP→78W  power=78.8W
[PID] perf=29.103Hz  target=10.312Hz  err=-18.791Hz  corr=-388.47W  u_ff=101.6W  PCAP→78W  power=76.6W
[PID] perf=29.034Hz  target=10.312Hz  err=-18.722Hz  corr=-387.20W  u_ff=101.6W  PCAP→78W  power=77.9W
[PID] perf=29.082Hz  target=10.312Hz  err=-18.770Hz  corr=-388.08W  u_ff=101.6W  PCAP→78W  power=77.3W
[PID] perf=29.075Hz  target=10.312Hz  err=-18.763Hz  corr=-387.96W  u_ff=101.6W  PCAP→78W  power=78.7W
[PID] perf=29.087Hz  target=10.312Hz  err=-18.775Hz  corr=-388.18W  u_ff=101.6W  PCAP→78W  power=79.3W
[PID] perf=29.123Hz  target=10.312Hz  err=-18.811Hz  corr=-388.85W  u_ff=101.6W  PCAP→78W  power=77.9W
[PID] perf=29.103Hz  target=10.312Hz  err=-18.791Hz  corr=-388.47W  u_ff=101.6W  PCAP→78W  power=78.6W
[PID] perf=29.108Hz  target=10.312Hz  err=-18.796Hz  corr=-388.56W  u_ff=101.6W  PCAP→78W  power=78.6W
[PID] perf=29.087Hz  target=10.312Hz  err=-18.775Hz  corr=-388.18W  u_ff=101.6W  PCAP→78W  power=78.9W
[PID] perf=29.102Hz  target=10.312Hz  err=-18.790Hz  corr=-388.45W  u_ff=101.6W  PCAP→78W  power=77.3W
[PID] perf=29.060Hz  target=10.312Hz  err=-18.748Hz  corr=-387.67W  u_ff=101.6W  PCAP→78W  power=77.4W
[PID] perf=29.085Hz  target=10.312Hz  err=-18.773Hz  corr=-388.14W  u_ff=101.6W  PCAP→78W  power=77.8W
[PID] perf=29.111Hz  target=10.312Hz  err=-18.799Hz  corr=-388.62W  u_ff=101.6W  PCAP→78W  power=78.9W
[PID] perf=29.103Hz  target=10.312Hz  err=-18.791Hz  corr=-388.47W  u_ff=101.6W  PCAP→78W  power=78.3W
[PID] perf=29.096Hz  target=10.312Hz  err=-18.784Hz  corr=-388.35W  u_ff=101.6W  PCAP→78W  power=78.6W
[PID] perf=29.120Hz  target=10.312Hz  err=-18.808Hz  corr=-388.79W  u_ff=101.6W  PCAP→78W  power=77.6W
[PID] perf=29.108Hz  target=10.312Hz  err=-18.796Hz  corr=-388.56W  u_ff=101.6W  PCAP→78W  power=77.7W
[PID] perf=29.096Hz  target=10.312Hz  err=-18.784Hz  corr=-388.35W  u_ff=101.6W  PCAP→78W  power=76.0W
[PID] perf=29.099Hz  target=10.312Hz  err=-18.787Hz  corr=-388.40W  u_ff=101.6W  PCAP→78W  power=77.5W
[PID] perf=29.115Hz  target=10.312Hz  err=-18.803Hz  corr=-388.70W  u_ff=101.6W  PCAP→78W  power=78.9W
[PID] perf=29.095Hz  target=10.312Hz  err=-18.783Hz  corr=-388.33W  u_ff=101.6W  PCAP→78W  power=79.2W
[PID] perf=29.107Hz  target=10.312Hz  err=-18.795Hz  corr=-388.55W  u_ff=101.6W  PCAP→78W  power=78.3W
[PID] perf=29.072Hz  target=10.312Hz  err=-18.760Hz  corr=-387.91W  u_ff=101.6W  PCAP→78W  power=77.6W
[PID] perf=29.090Hz  target=10.312Hz  err=-18.778Hz  corr=-388.23W  u_ff=101.6W  PCAP→78W  power=76.8W
[PID] perf=29.100Hz  target=10.312Hz  err=-18.788Hz  corr=-388.42W  u_ff=101.6W  PCAP→78W  power=78.4W
[PID] perf=29.072Hz  target=10.312Hz  err=-18.760Hz  corr=-387.90W  u_ff=101.6W  PCAP→78W  power=78.4W
[PID] perf=29.078Hz  target=10.312Hz  err=-18.766Hz  corr=-388.02W  u_ff=101.6W  PCAP→78W  power=77.3W
[PID] perf=29.105Hz  target=10.312Hz  err=-18.793Hz  corr=-388.51W  u_ff=101.6W  PCAP→78W  power=79.1W
[PID] perf=29.069Hz  target=10.312Hz  err=-18.757Hz  corr=-387.84W  u_ff=101.6W  PCAP→78W  power=77.2W
[PID] perf=29.070Hz  target=10.312Hz  err=-18.758Hz  corr=-387.86W  u_ff=101.6W  PCAP→78W  power=77.8W
[PID] perf=29.063Hz  target=10.312Hz  err=-18.751Hz  corr=-387.72W  u_ff=101.6W  PCAP→78W  power=79.2W
[PID] perf=29.111Hz  target=10.312Hz  err=-18.799Hz  corr=-388.63W  u_ff=101.6W  PCAP→78W  power=76.7W
[PID] perf=29.058Hz  target=10.312Hz  err=-18.746Hz  corr=-387.64W  u_ff=101.6W  PCAP→78W  power=76.4W
[PID] perf=29.118Hz  target=10.312Hz  err=-18.806Hz  corr=-388.76W  u_ff=101.6W  PCAP→78W  power=79.2W
[PID] perf=29.102Hz  target=10.312Hz  err=-18.790Hz  corr=-388.46W  u_ff=101.6W  PCAP→78W  power=78.8W
[PID] perf=29.077Hz  target=10.312Hz  err=-18.765Hz  corr=-387.99W  u_ff=101.6W  PCAP→78W  power=77.7W
[PID] perf=29.092Hz  target=10.312Hz  err=-18.780Hz  corr=-388.27W  u_ff=101.6W  PCAP→78W  power=77.6W
[PID] perf=29.110Hz  target=10.312Hz  err=-18.798Hz  corr=-388.60W  u_ff=101.6W  PCAP→78W  power=77.4W
[PID] perf=29.063Hz  target=10.312Hz  err=-18.751Hz  corr=-387.73W  u_ff=101.6W  PCAP→78W  power=77.6W
[PID] perf=29.077Hz  target=10.312Hz  err=-18.765Hz  corr=-388.00W  u_ff=101.6W  PCAP→78W  power=76.7W
[PID] perf=29.076Hz  target=10.312Hz  err=-18.764Hz  corr=-387.98W  u_ff=101.6W  PCAP→78W  power=78.3W
[PID] perf=29.065Hz  target=10.312Hz  err=-18.753Hz  corr=-387.77W  u_ff=101.6W  PCAP→78W  power=79.4W
[PID] perf=29.074Hz  target=10.312Hz  err=-18.762Hz  corr=-387.93W  u_ff=101.6W  PCAP→78W  power=76.9W
[PID] perf=29.090Hz  target=10.312Hz  err=-18.778Hz  corr=-388.23W  u_ff=101.6W  PCAP→78W  power=76.3W
[PID] perf=29.076Hz  target=10.312Hz  err=-18.764Hz  corr=-387.98W  u_ff=101.6W  PCAP→78W  power=77.3W
[PID] perf=29.070Hz  target=10.312Hz  err=-18.758Hz  corr=-387.85W  u_ff=101.6W  PCAP→78W  power=78.8W
[PID] perf=29.084Hz  target=10.312Hz  err=-18.772Hz  corr=-388.12W  u_ff=101.6W  PCAP→78W  power=76.9W
[PID] perf=29.111Hz  target=10.312Hz  err=-18.799Hz  corr=-388.63W  u_ff=101.6W  PCAP→78W  power=76.3W
[PID] perf=29.107Hz  target=10.312Hz  err=-18.795Hz  corr=-388.54W  u_ff=101.6W  PCAP→78W  power=76.8W
[PID] perf=29.095Hz  target=10.312Hz  err=-18.783Hz  corr=-388.32W  u_ff=101.6W  PCAP→78W  power=76.3W
[PID] perf=29.077Hz  target=10.312Hz  err=-18.765Hz  corr=-388.00W  u_ff=101.6W  PCAP→78W  power=78.8W
[PID] perf=29.078Hz  target=10.312Hz  err=-18.766Hz  corr=-388.00W  u_ff=101.6W  PCAP→78W  power=78.6W
[PID] perf=29.073Hz  target=10.312Hz  err=-18.761Hz  corr=-387.92W  u_ff=101.6W  PCAP→78W  power=77.7W
[PID] perf=29.109Hz  target=10.312Hz  err=-18.797Hz  corr=-388.58W  u_ff=101.6W  PCAP→78W  power=78.0W
[PID] perf=29.093Hz  target=10.312Hz  err=-18.781Hz  corr=-388.28W  u_ff=101.6W  PCAP→78W  power=77.1W
[PID] perf=29.099Hz  target=10.312Hz  err=-18.787Hz  corr=-388.40W  u_ff=101.6W  PCAP→78W  power=77.9W
[PID] perf=29.098Hz  target=10.312Hz  err=-18.786Hz  corr=-388.38W  u_ff=101.6W  PCAP→78W  power=78.9W
[PID] perf=29.074Hz  target=10.312Hz  err=-18.762Hz  corr=-387.93W  u_ff=101.6W  PCAP→78W  power=79.3W
[PID] perf=29.088Hz  target=10.312Hz  err=-18.776Hz  corr=-388.19W  u_ff=101.6W  PCAP→78W  power=77.4W
[PID] perf=29.108Hz  target=10.312Hz  err=-18.796Hz  corr=-388.57W  u_ff=101.6W  PCAP→78W  power=79.0W
[PID] perf=29.087Hz  target=10.312Hz  err=-18.775Hz  corr=-388.18W  u_ff=101.6W  PCAP→78W  power=78.9W
[PID] perf=29.052Hz  target=10.312Hz  err=-18.740Hz  corr=-387.54W  u_ff=101.6W  PCAP→78W  power=77.5W
[PID] perf=29.113Hz  target=10.312Hz  err=-18.801Hz  corr=-388.66W  u_ff=101.6W  PCAP→78W  power=77.8W
[PID] perf=29.108Hz  target=10.312Hz  err=-18.796Hz  corr=-388.56W  u_ff=101.6W  PCAP→78W  power=78.9W
[PID] perf=29.098Hz  target=10.312Hz  err=-18.786Hz  corr=-388.37W  u_ff=101.6W  PCAP→78W  power=78.3W
[PID] perf=29.116Hz  target=10.312Hz  err=-18.804Hz  corr=-388.72W  u_ff=101.6W  PCAP→78W  power=79.3W
[PID] perf=29.062Hz  target=10.312Hz  err=-18.750Hz  corr=-387.72W  u_ff=101.6W  PCAP→78W  power=77.9W
[PID] perf=29.108Hz  target=10.312Hz  err=-18.796Hz  corr=-388.56W  u_ff=101.6W  PCAP→78W  power=76.8W
[PID] perf=29.116Hz  target=10.312Hz  err=-18.804Hz  corr=-388.71W  u_ff=101.6W  PCAP→78W  power=76.6W
[PID] perf=29.125Hz  target=10.312Hz  err=-18.813Hz  corr=-388.87W  u_ff=101.6W  PCAP→78W  power=79.3W
[PID] perf=29.079Hz  target=10.312Hz  err=-18.767Hz  corr=-388.02W  u_ff=101.6W  PCAP→78W  power=78.1W
[PID] perf=29.089Hz  target=10.312Hz  err=-18.777Hz  corr=-388.22W  u_ff=101.6W  PCAP→78W  power=77.0W
[PID] perf=29.064Hz  target=10.312Hz  err=-18.752Hz  corr=-387.76W  u_ff=101.6W  PCAP→78W  power=77.0W
[PID] perf=29.079Hz  target=10.312Hz  err=-18.767Hz  corr=-388.02W  u_ff=101.6W  PCAP→78W  power=79.0W
[PID] perf=29.068Hz  target=10.312Hz  err=-18.756Hz  corr=-387.82W  u_ff=101.6W  PCAP→78W  power=78.5W
[PID] perf=29.096Hz  target=10.312Hz  err=-18.784Hz  corr=-388.35W  u_ff=101.6W  PCAP→78W  power=78.8W
[PID] perf=29.093Hz  target=10.312Hz  err=-18.781Hz  corr=-388.29W  u_ff=101.6W  PCAP→78W  power=77.0W
[PID] perf=29.062Hz  target=10.312Hz  err=-18.750Hz  corr=-387.72W  u_ff=101.6W  PCAP→78W  power=78.5W
[PID] perf=29.076Hz  target=10.312Hz  err=-18.764Hz  corr=-387.98W  u_ff=101.6W  PCAP→78W  power=79.3W
[PID] perf=29.088Hz  target=10.312Hz  err=-18.776Hz  corr=-388.19W  u_ff=101.6W  PCAP→78W  power=78.9W
Process completed.
Compressed into /home/cc/summer2024/main_codes/pid_controller/../experiment_data/PID_Control_sweep/ones-npb-cg/compressed_iteration_20260513_092715.tar
----------------------------------

>>> Step 2/3

[ones-npb-cg]
  target perf      : 10.3120 Hz
  coefficients_perf: [-0.0006547837485238978, 0.18607436314256556, -1.8317688501798497]
  feedforward PCAP : 101.56 W  →  101 W (snapped)
  Perf(u_ff) check : 10.3120 Hz  (should ≈ target)
  PID gains        : Kp=18.5447 W/Hz  Ki=1.85447 W/(Hz·s)  Kd=0.0000
[PID] Awaiting data — feedforward PCAP=101W
[PID] Awaiting data — feedforward PCAP=101W
[PID] Awaiting data — feedforward PCAP=101W
[PID] Awaiting data — feedforward PCAP=101W
[PID] Awaiting data — feedforward PCAP=101W
[PID] Awaiting data — feedforward PCAP=101W
[PID] perf=20.173Hz  target=10.312Hz  err=-9.861Hz  corr=-219.45W  u_ff=101.6W  PCAP→78W  power=nanW
[PID] perf=18.106Hz  target=10.312Hz  err=-7.794Hz  corr=-184.53W  u_ff=101.6W  PCAP→78W  power=77.2W
[PID] perf=18.119Hz  target=10.312Hz  err=-7.807Hz  corr=-184.78W  u_ff=101.6W  PCAP→78W  power=78.8W
[PID] perf=18.125Hz  target=10.312Hz  err=-7.814Hz  corr=-184.90W  u_ff=101.6W  PCAP→78W  power=77.8W
[PID] perf=18.121Hz  target=10.312Hz  err=-7.809Hz  corr=-184.81W  u_ff=101.6W  PCAP→78W  power=78.6W
[PID] perf=18.165Hz  target=10.312Hz  err=-7.853Hz  corr=-185.62W  u_ff=101.6W  PCAP→78W  power=78.0W
[PID] perf=18.147Hz  target=10.312Hz  err=-7.835Hz  corr=-185.29W  u_ff=101.6W  PCAP→78W  power=79.2W
[PID] perf=18.128Hz  target=10.312Hz  err=-7.816Hz  corr=-184.94W  u_ff=101.6W  PCAP→78W  power=78.1W
[PID] perf=18.129Hz  target=10.312Hz  err=-7.817Hz  corr=-184.96W  u_ff=101.6W  PCAP→78W  power=79.3W
[PID] perf=18.127Hz  target=10.312Hz  err=-7.815Hz  corr=-184.93W  u_ff=101.6W  PCAP→78W  power=77.9W
[PID] perf=18.091Hz  target=10.312Hz  err=-7.779Hz  corr=-184.26W  u_ff=101.6W  PCAP→78W  power=76.6W
[PID] perf=18.111Hz  target=10.312Hz  err=-7.799Hz  corr=-184.63W  u_ff=101.6W  PCAP→78W  power=77.2W
[PID] perf=18.133Hz  target=10.312Hz  err=-7.821Hz  corr=-185.04W  u_ff=101.6W  PCAP→78W  power=78.5W
[PID] perf=18.141Hz  target=10.312Hz  err=-7.829Hz  corr=-185.19W  u_ff=101.6W  PCAP→78W  power=77.5W
[PID] perf=18.107Hz  target=10.312Hz  err=-7.795Hz  corr=-184.55W  u_ff=101.6W  PCAP→78W  power=76.7W
[PID] perf=18.111Hz  target=10.312Hz  err=-7.799Hz  corr=-184.62W  u_ff=101.6W  PCAP→78W  power=77.2W
[PID] perf=18.134Hz  target=10.312Hz  err=-7.822Hz  corr=-185.06W  u_ff=101.6W  PCAP→78W  power=79.0W
[PID] perf=18.149Hz  target=10.312Hz  err=-7.837Hz  corr=-185.34W  u_ff=101.6W  PCAP→78W  power=78.1W
[PID] perf=18.140Hz  target=10.312Hz  err=-7.828Hz  corr=-185.17W  u_ff=101.6W  PCAP→78W  power=79.2W
[PID] perf=18.108Hz  target=10.312Hz  err=-7.796Hz  corr=-184.58W  u_ff=101.6W  PCAP→78W  power=78.7W
[PID] perf=18.121Hz  target=10.312Hz  err=-7.809Hz  corr=-184.82W  u_ff=101.6W  PCAP→78W  power=79.0W
[PID] perf=18.130Hz  target=10.312Hz  err=-7.818Hz  corr=-184.99W  u_ff=101.6W  PCAP→78W  power=79.4W
[PID] perf=18.137Hz  target=10.312Hz  err=-7.825Hz  corr=-185.11W  u_ff=101.6W  PCAP→78W  power=76.5W
[PID] perf=18.142Hz  target=10.312Hz  err=-7.830Hz  corr=-185.21W  u_ff=101.6W  PCAP→78W  power=78.0W
[PID] perf=18.141Hz  target=10.312Hz  err=-7.829Hz  corr=-185.19W  u_ff=101.6W  PCAP→78W  power=79.5W
[PID] perf=23.632Hz  target=10.312Hz  err=-13.320Hz  corr=-287.01W  u_ff=101.6W  PCAP→78W  power=78.8W
[PID] perf=28.866Hz  target=10.312Hz  err=-18.554Hz  corr=-384.08W  u_ff=101.6W  PCAP→78W  power=78.6W
[PID] perf=29.376Hz  target=10.312Hz  err=-19.064Hz  corr=-393.53W  u_ff=101.6W  PCAP→78W  power=78.3W
[PID] perf=29.369Hz  target=10.312Hz  err=-19.057Hz  corr=-393.40W  u_ff=101.6W  PCAP→78W  power=78.4W
[PID] perf=29.375Hz  target=10.312Hz  err=-19.063Hz  corr=-393.52W  u_ff=101.6W  PCAP→78W  power=78.9W
[PID] perf=29.340Hz  target=10.312Hz  err=-19.028Hz  corr=-392.87W  u_ff=101.6W  PCAP→78W  power=76.9W
[PID] perf=29.408Hz  target=10.312Hz  err=-19.096Hz  corr=-394.13W  u_ff=101.6W  PCAP→78W  power=79.1W
[PID] perf=29.386Hz  target=10.312Hz  err=-19.074Hz  corr=-393.71W  u_ff=101.6W  PCAP→78W  power=79.2W
[PID] perf=29.405Hz  target=10.312Hz  err=-19.094Hz  corr=-394.08W  u_ff=101.6W  PCAP→78W  power=77.0W
[PID] perf=29.379Hz  target=10.312Hz  err=-19.067Hz  corr=-393.59W  u_ff=101.6W  PCAP→78W  power=77.9W
[PID] perf=29.421Hz  target=10.312Hz  err=-19.109Hz  corr=-394.37W  u_ff=101.6W  PCAP→78W  power=78.9W
[PID] perf=29.403Hz  target=10.312Hz  err=-19.091Hz  corr=-394.05W  u_ff=101.6W  PCAP→78W  power=77.6W
[PID] perf=27.521Hz  target=10.312Hz  err=-17.209Hz  corr=-359.13W  u_ff=101.6W  PCAP→78W  power=76.7W
[PID] perf=27.537Hz  target=10.312Hz  err=-17.225Hz  corr=-359.43W  u_ff=101.6W  PCAP→78W  power=76.9W
[PID] perf=27.543Hz  target=10.312Hz  err=-17.231Hz  corr=-359.55W  u_ff=101.6W  PCAP→78W  power=77.5W
[PID] perf=27.520Hz  target=10.312Hz  err=-17.208Hz  corr=-359.12W  u_ff=101.6W  PCAP→78W  power=77.9W
[PID] perf=27.543Hz  target=10.312Hz  err=-17.231Hz  corr=-359.54W  u_ff=101.6W  PCAP→78W  power=77.0W
[PID] perf=27.531Hz  target=10.312Hz  err=-17.219Hz  corr=-359.33W  u_ff=101.6W  PCAP→78W  power=77.8W
[PID] perf=27.533Hz  target=10.312Hz  err=-17.221Hz  corr=-359.36W  u_ff=101.6W  PCAP→78W  power=77.2W
[PID] perf=27.560Hz  target=10.312Hz  err=-17.248Hz  corr=-359.85W  u_ff=101.6W  PCAP→78W  power=77.7W
[PID] perf=27.558Hz  target=10.312Hz  err=-17.246Hz  corr=-359.82W  u_ff=101.6W  PCAP→78W  power=76.9W
[PID] perf=27.576Hz  target=10.312Hz  err=-17.264Hz  corr=-360.16W  u_ff=101.6W  PCAP→78W  power=78.2W
[PID] perf=29.409Hz  target=10.312Hz  err=-19.098Hz  corr=-394.16W  u_ff=101.6W  PCAP→78W  power=77.3W
[PID] perf=29.328Hz  target=10.312Hz  err=-19.016Hz  corr=-392.65W  u_ff=101.6W  PCAP→78W  power=78.7W
[PID] perf=29.374Hz  target=10.312Hz  err=-19.062Hz  corr=-393.50W  u_ff=101.6W  PCAP→78W  power=78.9W
[PID] perf=29.408Hz  target=10.312Hz  err=-19.096Hz  corr=-394.12W  u_ff=101.6W  PCAP→78W  power=77.2W
[PID] perf=29.385Hz  target=10.312Hz  err=-19.073Hz  corr=-393.71W  u_ff=101.6W  PCAP→78W  power=77.1W
[PID] perf=29.316Hz  target=10.312Hz  err=-19.004Hz  corr=-392.42W  u_ff=101.6W  PCAP→78W  power=76.7W
[PID] perf=29.346Hz  target=10.312Hz  err=-19.034Hz  corr=-392.99W  u_ff=101.6W  PCAP→78W  power=78.5W
[PID] perf=29.375Hz  target=10.312Hz  err=-19.063Hz  corr=-393.52W  u_ff=101.6W  PCAP→78W  power=79.1W
[PID] perf=29.353Hz  target=10.312Hz  err=-19.041Hz  corr=-393.11W  u_ff=101.6W  PCAP→78W  power=77.8W
[PID] perf=29.371Hz  target=10.312Hz  err=-19.059Hz  corr=-393.44W  u_ff=101.6W  PCAP→78W  power=77.2W
[PID] perf=29.391Hz  target=10.312Hz  err=-19.079Hz  corr=-393.81W  u_ff=101.6W  PCAP→78W  power=78.0W
[PID] perf=29.389Hz  target=10.312Hz  err=-19.077Hz  corr=-393.78W  u_ff=101.6W  PCAP→78W  power=79.1W
[PID] perf=29.392Hz  target=10.312Hz  err=-19.080Hz  corr=-393.84W  u_ff=101.6W  PCAP→78W  power=76.8W
[PID] perf=29.414Hz  target=10.312Hz  err=-19.102Hz  corr=-394.23W  u_ff=101.6W  PCAP→78W  power=78.3W
[PID] perf=29.361Hz  target=10.312Hz  err=-19.049Hz  corr=-393.26W  u_ff=101.6W  PCAP→78W  power=79.1W
[PID] perf=29.399Hz  target=10.312Hz  err=-19.087Hz  corr=-393.97W  u_ff=101.6W  PCAP→78W  power=77.2W
[PID] perf=29.379Hz  target=10.312Hz  err=-19.067Hz  corr=-393.58W  u_ff=101.6W  PCAP→78W  power=77.9W
[PID] perf=29.392Hz  target=10.312Hz  err=-19.080Hz  corr=-393.83W  u_ff=101.6W  PCAP→78W  power=78.8W
[PID] perf=29.387Hz  target=10.312Hz  err=-19.075Hz  corr=-393.74W  u_ff=101.6W  PCAP→78W  power=79.2W
[PID] perf=29.365Hz  target=10.312Hz  err=-19.053Hz  corr=-393.33W  u_ff=101.6W  PCAP→78W  power=78.1W
[PID] perf=29.426Hz  target=10.312Hz  err=-19.114Hz  corr=-394.46W  u_ff=101.6W  PCAP→78W  power=77.3W
[PID] perf=29.384Hz  target=10.312Hz  err=-19.072Hz  corr=-393.68W  u_ff=101.6W  PCAP→78W  power=79.4W
[PID] perf=29.384Hz  target=10.312Hz  err=-19.072Hz  corr=-393.68W  u_ff=101.6W  PCAP→78W  power=77.4W
[PID] perf=29.362Hz  target=10.312Hz  err=-19.051Hz  corr=-393.29W  u_ff=101.6W  PCAP→78W  power=78.1W
[PID] perf=29.400Hz  target=10.312Hz  err=-19.088Hz  corr=-393.98W  u_ff=101.6W  PCAP→78W  power=78.1W
[PID] perf=29.357Hz  target=10.312Hz  err=-19.045Hz  corr=-393.19W  u_ff=101.6W  PCAP→78W  power=76.8W
[PID] perf=29.400Hz  target=10.312Hz  err=-19.088Hz  corr=-393.98W  u_ff=101.6W  PCAP→78W  power=77.0W
[PID] perf=29.351Hz  target=10.312Hz  err=-19.039Hz  corr=-393.08W  u_ff=101.6W  PCAP→78W  power=77.4W
[PID] perf=29.396Hz  target=10.312Hz  err=-19.084Hz  corr=-393.90W  u_ff=101.6W  PCAP→78W  power=77.0W
[PID] perf=29.401Hz  target=10.312Hz  err=-19.089Hz  corr=-394.01W  u_ff=101.6W  PCAP→78W  power=78.9W
[PID] perf=29.385Hz  target=10.312Hz  err=-19.073Hz  corr=-393.70W  u_ff=101.6W  PCAP→78W  power=79.2W
[PID] perf=29.351Hz  target=10.312Hz  err=-19.040Hz  corr=-393.08W  u_ff=101.6W  PCAP→78W  power=79.0W
[PID] perf=29.422Hz  target=10.312Hz  err=-19.110Hz  corr=-394.38W  u_ff=101.6W  PCAP→78W  power=78.7W
[PID] perf=29.387Hz  target=10.312Hz  err=-19.075Hz  corr=-393.75W  u_ff=101.6W  PCAP→78W  power=78.7W
[PID] perf=29.393Hz  target=10.312Hz  err=-19.081Hz  corr=-393.86W  u_ff=101.6W  PCAP→78W  power=77.0W
[PID] perf=29.397Hz  target=10.312Hz  err=-19.085Hz  corr=-393.93W  u_ff=101.6W  PCAP→78W  power=79.1W
[PID] perf=29.397Hz  target=10.312Hz  err=-19.085Hz  corr=-393.93W  u_ff=101.6W  PCAP→78W  power=76.3W
[PID] perf=29.403Hz  target=10.312Hz  err=-19.092Hz  corr=-394.05W  u_ff=101.6W  PCAP→78W  power=76.8W
[PID] perf=29.399Hz  target=10.312Hz  err=-19.087Hz  corr=-393.96W  u_ff=101.6W  PCAP→78W  power=78.7W
[PID] perf=29.364Hz  target=10.312Hz  err=-19.052Hz  corr=-393.31W  u_ff=101.6W  PCAP→78W  power=78.6W
[PID] perf=29.415Hz  target=10.312Hz  err=-19.103Hz  corr=-394.26W  u_ff=101.6W  PCAP→78W  power=78.8W
[PID] perf=29.395Hz  target=10.312Hz  err=-19.083Hz  corr=-393.88W  u_ff=101.6W  PCAP→78W  power=77.9W
[PID] perf=29.381Hz  target=10.312Hz  err=-19.069Hz  corr=-393.63W  u_ff=101.6W  PCAP→78W  power=76.4W
[PID] perf=29.408Hz  target=10.312Hz  err=-19.096Hz  corr=-394.13W  u_ff=101.6W  PCAP→78W  power=76.5W
[PID] perf=29.421Hz  target=10.312Hz  err=-19.109Hz  corr=-394.38W  u_ff=101.6W  PCAP→78W  power=78.9W
[PID] perf=29.423Hz  target=10.312Hz  err=-19.111Hz  corr=-394.41W  u_ff=101.6W  PCAP→78W  power=79.1W
[PID] perf=29.436Hz  target=10.312Hz  err=-19.124Hz  corr=-394.66W  u_ff=101.6W  PCAP→78W  power=77.5W
[PID] perf=29.408Hz  target=10.312Hz  err=-19.096Hz  corr=-394.14W  u_ff=101.6W  PCAP→78W  power=79.1W
[PID] perf=29.392Hz  target=10.312Hz  err=-19.080Hz  corr=-393.84W  u_ff=101.6W  PCAP→78W  power=79.1W
[PID] perf=29.401Hz  target=10.312Hz  err=-19.089Hz  corr=-394.00W  u_ff=101.6W  PCAP→78W  power=78.8W
[PID] perf=29.409Hz  target=10.312Hz  err=-19.097Hz  corr=-394.15W  u_ff=101.6W  PCAP→78W  power=76.7W
[PID] perf=29.406Hz  target=10.312Hz  err=-19.094Hz  corr=-394.10W  u_ff=101.6W  PCAP→78W  power=77.8W
[PID] perf=29.420Hz  target=10.312Hz  err=-19.108Hz  corr=-394.34W  u_ff=101.6W  PCAP→78W  power=78.0W
[PID] perf=29.414Hz  target=10.312Hz  err=-19.102Hz  corr=-394.24W  u_ff=101.6W  PCAP→78W  power=77.2W
[PID] perf=29.437Hz  target=10.312Hz  err=-19.125Hz  corr=-394.66W  u_ff=101.6W  PCAP→78W  power=77.6W
[PID] perf=29.415Hz  target=10.312Hz  err=-19.103Hz  corr=-394.26W  u_ff=101.6W  PCAP→78W  power=77.5W
[PID] perf=29.402Hz  target=10.312Hz  err=-19.090Hz  corr=-394.01W  u_ff=101.6W  PCAP→78W  power=78.9W
[PID] perf=29.393Hz  target=10.312Hz  err=-19.082Hz  corr=-393.86W  u_ff=101.6W  PCAP→78W  power=79.3W
[PID] perf=29.423Hz  target=10.312Hz  err=-19.111Hz  corr=-394.40W  u_ff=101.6W  PCAP→78W  power=79.8W
[PID] perf=29.389Hz  target=10.312Hz  err=-19.077Hz  corr=-393.77W  u_ff=101.6W  PCAP→78W  power=78.2W
[PID] perf=29.418Hz  target=10.312Hz  err=-19.106Hz  corr=-394.32W  u_ff=101.6W  PCAP→78W  power=77.8W
[PID] perf=29.419Hz  target=10.312Hz  err=-19.107Hz  corr=-394.34W  u_ff=101.6W  PCAP→78W  power=77.6W
[PID] perf=29.443Hz  target=10.312Hz  err=-19.131Hz  corr=-394.78W  u_ff=101.6W  PCAP→78W  power=78.0W
[PID] perf=29.458Hz  target=10.312Hz  err=-19.146Hz  corr=-395.06W  u_ff=101.6W  PCAP→78W  power=77.3W
[PID] perf=29.450Hz  target=10.312Hz  err=-19.138Hz  corr=-394.90W  u_ff=101.6W  PCAP→78W  power=77.0W
[PID] perf=29.415Hz  target=10.312Hz  err=-19.103Hz  corr=-394.27W  u_ff=101.6W  PCAP→78W  power=78.3W
[PID] perf=29.411Hz  target=10.312Hz  err=-19.099Hz  corr=-394.18W  u_ff=101.6W  PCAP→78W  power=77.6W
[PID] perf=29.428Hz  target=10.312Hz  err=-19.116Hz  corr=-394.49W  u_ff=101.6W  PCAP→78W  power=78.0W
[PID] perf=29.404Hz  target=10.312Hz  err=-19.092Hz  corr=-394.05W  u_ff=101.6W  PCAP→78W  power=77.1W
[PID] perf=29.406Hz  target=10.312Hz  err=-19.094Hz  corr=-394.09W  u_ff=101.6W  PCAP→78W  power=76.4W
[PID] perf=29.467Hz  target=10.312Hz  err=-19.155Hz  corr=-395.22W  u_ff=101.6W  PCAP→78W  power=77.6W
[PID] perf=29.444Hz  target=10.312Hz  err=-19.132Hz  corr=-394.80W  u_ff=101.6W  PCAP→78W  power=78.2W
[PID] perf=29.469Hz  target=10.312Hz  err=-19.157Hz  corr=-395.27W  u_ff=101.6W  PCAP→78W  power=77.2W
[PID] perf=29.427Hz  target=10.312Hz  err=-19.115Hz  corr=-394.49W  u_ff=101.6W  PCAP→78W  power=77.3W
[PID] perf=29.453Hz  target=10.312Hz  err=-19.141Hz  corr=-394.97W  u_ff=101.6W  PCAP→78W  power=77.0W
[PID] perf=29.419Hz  target=10.312Hz  err=-19.107Hz  corr=-394.33W  u_ff=101.6W  PCAP→78W  power=77.5W
[PID] perf=29.427Hz  target=10.312Hz  err=-19.115Hz  corr=-394.48W  u_ff=101.6W  PCAP→78W  power=77.1W
[PID] perf=29.414Hz  target=10.312Hz  err=-19.102Hz  corr=-394.23W  u_ff=101.6W  PCAP→78W  power=78.0W
[PID] perf=29.407Hz  target=10.312Hz  err=-19.095Hz  corr=-394.12W  u_ff=101.6W  PCAP→78W  power=78.2W
[PID] perf=29.452Hz  target=10.312Hz  err=-19.140Hz  corr=-394.94W  u_ff=101.6W  PCAP→78W  power=78.9W
[PID] perf=29.405Hz  target=10.312Hz  err=-19.093Hz  corr=-394.08W  u_ff=101.6W  PCAP→78W  power=77.3W
[PID] perf=29.424Hz  target=10.312Hz  err=-19.112Hz  corr=-394.42W  u_ff=101.6W  PCAP→78W  power=78.2W
[PID] perf=29.474Hz  target=10.312Hz  err=-19.162Hz  corr=-395.36W  u_ff=101.6W  PCAP→78W  power=79.4W
[PID] perf=29.426Hz  target=10.312Hz  err=-19.114Hz  corr=-394.46W  u_ff=101.6W  PCAP→78W  power=79.2W
[PID] perf=29.452Hz  target=10.312Hz  err=-19.140Hz  corr=-394.94W  u_ff=101.6W  PCAP→78W  power=78.3W
[PID] perf=29.395Hz  target=10.312Hz  err=-19.083Hz  corr=-393.89W  u_ff=101.6W  PCAP→78W  power=77.6W
[PID] perf=29.446Hz  target=10.312Hz  err=-19.134Hz  corr=-394.83W  u_ff=101.6W  PCAP→78W  power=77.5W
[PID] perf=29.444Hz  target=10.312Hz  err=-19.133Hz  corr=-394.81W  u_ff=101.6W  PCAP→78W  power=77.9W
[PID] perf=29.421Hz  target=10.312Hz  err=-19.109Hz  corr=-394.37W  u_ff=101.6W  PCAP→78W  power=78.4W
[PID] perf=29.427Hz  target=10.312Hz  err=-19.115Hz  corr=-394.48W  u_ff=101.6W  PCAP→78W  power=77.1W
[PID] perf=29.422Hz  target=10.312Hz  err=-19.110Hz  corr=-394.39W  u_ff=101.6W  PCAP→78W  power=77.0W
[PID] perf=29.418Hz  target=10.312Hz  err=-19.106Hz  corr=-394.31W  u_ff=101.6W  PCAP→78W  power=77.1W
[PID] perf=29.399Hz  target=10.312Hz  err=-19.087Hz  corr=-393.95W  u_ff=101.6W  PCAP→78W  power=76.5W
[PID] perf=29.451Hz  target=10.312Hz  err=-19.139Hz  corr=-394.93W  u_ff=101.6W  PCAP→78W  power=78.7W
[PID] perf=29.437Hz  target=10.312Hz  err=-19.125Hz  corr=-394.67W  u_ff=101.6W  PCAP→78W  power=79.2W
[PID] perf=29.413Hz  target=10.312Hz  err=-19.101Hz  corr=-394.22W  u_ff=101.6W  PCAP→78W  power=76.8W
[PID] perf=29.439Hz  target=10.312Hz  err=-19.127Hz  corr=-394.70W  u_ff=101.6W  PCAP→78W  power=76.6W
[PID] perf=29.395Hz  target=10.312Hz  err=-19.083Hz  corr=-393.88W  u_ff=101.6W  PCAP→78W  power=78.0W
[PID] perf=29.425Hz  target=10.312Hz  err=-19.113Hz  corr=-394.44W  u_ff=101.6W  PCAP→78W  power=76.4W
[PID] perf=29.362Hz  target=10.312Hz  err=-19.050Hz  corr=-393.28W  u_ff=101.6W  PCAP→78W  power=78.5W
[PID] perf=29.384Hz  target=10.312Hz  err=-19.072Hz  corr=-393.68W  u_ff=101.6W  PCAP→78W  power=78.8W
[PID] perf=29.420Hz  target=10.312Hz  err=-19.108Hz  corr=-394.34W  u_ff=101.6W  PCAP→78W  power=77.4W
[PID] perf=29.406Hz  target=10.312Hz  err=-19.094Hz  corr=-394.10W  u_ff=101.6W  PCAP→78W  power=77.5W
[PID] perf=29.411Hz  target=10.312Hz  err=-19.099Hz  corr=-394.18W  u_ff=101.6W  PCAP→78W  power=78.5W
[PID] perf=29.405Hz  target=10.312Hz  err=-19.093Hz  corr=-394.08W  u_ff=101.6W  PCAP→78W  power=79.3W
[PID] perf=29.414Hz  target=10.312Hz  err=-19.102Hz  corr=-394.24W  u_ff=101.6W  PCAP→78W  power=79.0W
[PID] perf=29.381Hz  target=10.312Hz  err=-19.069Hz  corr=-393.64W  u_ff=101.6W  PCAP→78W  power=77.6W
[PID] perf=29.396Hz  target=10.312Hz  err=-19.084Hz  corr=-393.91W  u_ff=101.6W  PCAP→78W  power=76.3W
[PID] perf=29.453Hz  target=10.312Hz  err=-19.141Hz  corr=-394.96W  u_ff=101.6W  PCAP→78W  power=79.5W
[PID] perf=29.397Hz  target=10.312Hz  err=-19.085Hz  corr=-393.92W  u_ff=101.6W  PCAP→78W  power=77.1W
[PID] perf=29.406Hz  target=10.312Hz  err=-19.094Hz  corr=-394.09W  u_ff=101.6W  PCAP→78W  power=77.8W
[PID] perf=29.384Hz  target=10.312Hz  err=-19.072Hz  corr=-393.69W  u_ff=101.6W  PCAP→78W  power=79.0W
[PID] perf=29.403Hz  target=10.312Hz  err=-19.091Hz  corr=-394.04W  u_ff=101.6W  PCAP→78W  power=77.2W
[PID] perf=29.414Hz  target=10.312Hz  err=-19.102Hz  corr=-394.24W  u_ff=101.6W  PCAP→78W  power=76.8W
[PID] perf=29.432Hz  target=10.312Hz  err=-19.120Hz  corr=-394.57W  u_ff=101.6W  PCAP→78W  power=78.8W
[PID] perf=29.404Hz  target=10.312Hz  err=-19.092Hz  corr=-394.06W  u_ff=101.6W  PCAP→78W  power=77.5W
[PID] perf=29.357Hz  target=10.312Hz  err=-19.045Hz  corr=-393.19W  u_ff=101.6W  PCAP→78W  power=79.3W
[PID] perf=29.385Hz  target=10.312Hz  err=-19.073Hz  corr=-393.70W  u_ff=101.6W  PCAP→78W  power=77.9W
[PID] perf=29.436Hz  target=10.312Hz  err=-19.124Hz  corr=-394.65W  u_ff=101.6W  PCAP→78W  power=78.6W
[PID] perf=29.419Hz  target=10.312Hz  err=-19.107Hz  corr=-394.33W  u_ff=101.6W  PCAP→78W  power=78.7W
[PID] perf=29.418Hz  target=10.312Hz  err=-19.106Hz  corr=-394.32W  u_ff=101.6W  PCAP→78W  power=79.2W
[PID] perf=29.424Hz  target=10.312Hz  err=-19.112Hz  corr=-394.42W  u_ff=101.6W  PCAP→78W  power=76.7W
[PID] perf=29.454Hz  target=10.312Hz  err=-19.142Hz  corr=-394.99W  u_ff=101.6W  PCAP→78W  power=78.4W
[PID] perf=29.424Hz  target=10.312Hz  err=-19.112Hz  corr=-394.43W  u_ff=101.6W  PCAP→78W  power=79.1W
[PID] perf=29.408Hz  target=10.312Hz  err=-19.096Hz  corr=-394.12W  u_ff=101.6W  PCAP→78W  power=77.2W
[PID] perf=29.402Hz  target=10.312Hz  err=-19.090Hz  corr=-394.01W  u_ff=101.6W  PCAP→78W  power=78.4W
[PID] perf=29.433Hz  target=10.312Hz  err=-19.121Hz  corr=-394.59W  u_ff=101.6W  PCAP→78W  power=77.1W
[PID] perf=29.395Hz  target=10.312Hz  err=-19.083Hz  corr=-393.88W  u_ff=101.6W  PCAP→78W  power=78.3W
[PID] perf=29.427Hz  target=10.312Hz  err=-19.115Hz  corr=-394.48W  u_ff=101.6W  PCAP→78W  power=78.8W
[PID] perf=29.405Hz  target=10.312Hz  err=-19.093Hz  corr=-394.07W  u_ff=101.6W  PCAP→78W  power=78.6W
[PID] perf=29.414Hz  target=10.312Hz  err=-19.102Hz  corr=-394.24W  u_ff=101.6W  PCAP→78W  power=77.0W
[PID] perf=29.407Hz  target=10.312Hz  err=-19.095Hz  corr=-394.11W  u_ff=101.6W  PCAP→78W  power=79.2W
[PID] perf=29.436Hz  target=10.312Hz  err=-19.124Hz  corr=-394.66W  u_ff=101.6W  PCAP→78W  power=79.0W
[PID] perf=29.402Hz  target=10.312Hz  err=-19.090Hz  corr=-394.02W  u_ff=101.6W  PCAP→78W  power=79.2W
[PID] perf=29.394Hz  target=10.312Hz  err=-19.082Hz  corr=-393.87W  u_ff=101.6W  PCAP→78W  power=78.6W
[PID] perf=29.397Hz  target=10.312Hz  err=-19.085Hz  corr=-393.92W  u_ff=101.6W  PCAP→78W  power=78.4W
[PID] perf=29.436Hz  target=10.312Hz  err=-19.124Hz  corr=-394.66W  u_ff=101.6W  PCAP→78W  power=77.2W
[PID] perf=29.445Hz  target=10.312Hz  err=-19.133Hz  corr=-394.82W  u_ff=101.6W  PCAP→78W  power=76.5W
[PID] perf=29.428Hz  target=10.312Hz  err=-19.116Hz  corr=-394.50W  u_ff=101.6W  PCAP→78W  power=77.5W
[PID] perf=29.367Hz  target=10.312Hz  err=-19.055Hz  corr=-393.36W  u_ff=101.6W  PCAP→78W  power=78.1W
[PID] perf=29.423Hz  target=10.312Hz  err=-19.111Hz  corr=-394.41W  u_ff=101.6W  PCAP→78W  power=77.4W
[PID] perf=29.380Hz  target=10.312Hz  err=-19.068Hz  corr=-393.62W  u_ff=101.6W  PCAP→78W  power=76.7W
[PID] perf=29.427Hz  target=10.312Hz  err=-19.115Hz  corr=-394.49W  u_ff=101.6W  PCAP→78W  power=79.3W
[PID] perf=29.414Hz  target=10.312Hz  err=-19.102Hz  corr=-394.23W  u_ff=101.6W  PCAP→78W  power=78.9W
[PID] perf=29.443Hz  target=10.312Hz  err=-19.131Hz  corr=-394.78W  u_ff=101.6W  PCAP→78W  power=76.4W
[PID] perf=29.389Hz  target=10.312Hz  err=-19.077Hz  corr=-393.77W  u_ff=101.6W  PCAP→78W  power=77.6W
[PID] perf=25.648Hz  target=10.312Hz  err=-15.336Hz  corr=-324.40W  u_ff=101.6W  PCAP→78W  power=78.4W
[PID] perf=25.723Hz  target=10.312Hz  err=-15.411Hz  corr=-325.79W  u_ff=101.6W  PCAP→78W  power=78.1W
[PID] perf=25.767Hz  target=10.312Hz  err=-15.455Hz  corr=-326.61W  u_ff=101.6W  PCAP→78W  power=77.4W
[PID] perf=25.792Hz  target=10.312Hz  err=-15.480Hz  corr=-327.08W  u_ff=101.6W  PCAP→78W  power=79.1W
[PID] perf=25.773Hz  target=10.312Hz  err=-15.461Hz  corr=-326.71W  u_ff=101.6W  PCAP→78W  power=76.8W
[PID] perf=25.809Hz  target=10.312Hz  err=-15.497Hz  corr=-327.39W  u_ff=101.6W  PCAP→78W  power=78.6W
[PID] perf=25.732Hz  target=10.312Hz  err=-15.420Hz  corr=-325.96W  u_ff=101.6W  PCAP→78W  power=78.9W
[PID] perf=25.753Hz  target=10.312Hz  err=-15.441Hz  corr=-326.35W  u_ff=101.6W  PCAP→78W  power=79.0W
[PID] perf=25.857Hz  target=10.312Hz  err=-15.545Hz  corr=-328.28W  u_ff=101.6W  PCAP→78W  power=77.8W
[PID] perf=25.833Hz  target=10.312Hz  err=-15.521Hz  corr=-327.83W  u_ff=101.6W  PCAP→78W  power=78.6W
[PID] perf=25.844Hz  target=10.312Hz  err=-15.532Hz  corr=-328.03W  u_ff=101.6W  PCAP→78W  power=79.3W
[PID] perf=25.839Hz  target=10.312Hz  err=-15.527Hz  corr=-327.95W  u_ff=101.6W  PCAP→78W  power=77.5W
[PID] perf=25.842Hz  target=10.312Hz  err=-15.530Hz  corr=-328.00W  u_ff=101.6W  PCAP→78W  power=78.7W
[PID] perf=25.863Hz  target=10.312Hz  err=-15.551Hz  corr=-328.40W  u_ff=101.6W  PCAP→78W  power=79.0W
[PID] perf=25.873Hz  target=10.312Hz  err=-15.561Hz  corr=-328.58W  u_ff=101.6W  PCAP→78W  power=77.9W
[PID] perf=25.862Hz  target=10.312Hz  err=-15.550Hz  corr=-328.37W  u_ff=101.6W  PCAP→78W  power=79.6W
[PID] perf=25.850Hz  target=10.312Hz  err=-15.538Hz  corr=-328.16W  u_ff=101.6W  PCAP→78W  power=78.8W
[PID] perf=26.097Hz  target=10.312Hz  err=-15.785Hz  corr=-332.72W  u_ff=101.6W  PCAP→78W  power=79.1W
[PID] perf=26.126Hz  target=10.312Hz  err=-15.814Hz  corr=-333.26W  u_ff=101.6W  PCAP→78W  power=77.8W
[PID] perf=26.154Hz  target=10.312Hz  err=-15.842Hz  corr=-333.78W  u_ff=101.6W  PCAP→78W  power=76.2W
[PID] perf=26.183Hz  target=10.312Hz  err=-15.871Hz  corr=-334.32W  u_ff=101.6W  PCAP→78W  power=77.7W
[PID] perf=26.212Hz  target=10.312Hz  err=-15.900Hz  corr=-334.85W  u_ff=101.6W  PCAP→78W  power=77.5W
[PID] perf=26.150Hz  target=10.312Hz  err=-15.838Hz  corr=-333.71W  u_ff=101.6W  PCAP→78W  power=77.4W
[PID] perf=26.192Hz  target=10.312Hz  err=-15.880Hz  corr=-334.50W  u_ff=101.6W  PCAP→78W  power=79.2W
[PID] perf=26.156Hz  target=10.312Hz  err=-15.844Hz  corr=-333.82W  u_ff=101.6W  PCAP→78W  power=77.9W
[PID] perf=26.158Hz  target=10.312Hz  err=-15.846Hz  corr=-333.85W  u_ff=101.6W  PCAP→78W  power=76.8W
[PID] perf=26.142Hz  target=10.312Hz  err=-15.830Hz  corr=-333.56W  u_ff=101.6W  PCAP→78W  power=77.3W
[PID] perf=26.155Hz  target=10.312Hz  err=-15.843Hz  corr=-333.80W  u_ff=101.6W  PCAP→78W  power=78.2W
[PID] perf=26.159Hz  target=10.312Hz  err=-15.847Hz  corr=-333.89W  u_ff=101.6W  PCAP→78W  power=76.7W
[PID] perf=26.159Hz  target=10.312Hz  err=-15.847Hz  corr=-333.87W  u_ff=101.6W  PCAP→78W  power=78.3W
[PID] perf=26.192Hz  target=10.312Hz  err=-15.880Hz  corr=-334.49W  u_ff=101.6W  PCAP→78W  power=79.2W
[PID] perf=26.203Hz  target=10.312Hz  err=-15.891Hz  corr=-334.70W  u_ff=101.6W  PCAP→78W  power=77.0W
[PID] perf=26.180Hz  target=10.312Hz  err=-15.868Hz  corr=-334.27W  u_ff=101.6W  PCAP→78W  power=78.8W
[PID] perf=26.194Hz  target=10.312Hz  err=-15.882Hz  corr=-334.54W  u_ff=101.6W  PCAP→78W  power=78.7W
[PID] perf=26.128Hz  target=10.312Hz  err=-15.816Hz  corr=-333.30W  u_ff=101.6W  PCAP→78W  power=77.7W
[PID] perf=26.145Hz  target=10.312Hz  err=-15.833Hz  corr=-333.62W  u_ff=101.6W  PCAP→78W  power=79.2W
[PID] perf=26.139Hz  target=10.312Hz  err=-15.827Hz  corr=-333.50W  u_ff=101.6W  PCAP→78W  power=77.2W
[PID] perf=26.152Hz  target=10.312Hz  err=-15.840Hz  corr=-333.75W  u_ff=101.6W  PCAP→78W  power=77.8W
[PID] perf=26.171Hz  target=10.312Hz  err=-15.859Hz  corr=-334.11W  u_ff=101.6W  PCAP→78W  power=76.7W
[PID] perf=26.045Hz  target=10.312Hz  err=-15.733Hz  corr=-331.75W  u_ff=101.6W  PCAP→78W  power=76.9W
[PID] perf=25.742Hz  target=10.312Hz  err=-15.430Hz  corr=-326.15W  u_ff=101.6W  PCAP→78W  power=77.1W
[PID] perf=26.354Hz  target=10.312Hz  err=-16.042Hz  corr=-337.50W  u_ff=101.6W  PCAP→78W  power=78.3W
[PID] perf=26.397Hz  target=10.312Hz  err=-16.085Hz  corr=-338.29W  u_ff=101.6W  PCAP→78W  power=76.5W
[PID] perf=26.422Hz  target=10.312Hz  err=-16.110Hz  corr=-338.75W  u_ff=101.6W  PCAP→78W  power=78.7W
[PID] perf=26.426Hz  target=10.312Hz  err=-16.114Hz  corr=-338.83W  u_ff=101.6W  PCAP→78W  power=79.3W
[PID] perf=26.422Hz  target=10.312Hz  err=-16.110Hz  corr=-338.76W  u_ff=101.6W  PCAP→78W  power=78.1W
[PID] perf=26.430Hz  target=10.312Hz  err=-16.118Hz  corr=-338.91W  u_ff=101.6W  PCAP→78W  power=77.2W
[PID] perf=26.443Hz  target=10.312Hz  err=-16.131Hz  corr=-339.14W  u_ff=101.6W  PCAP→78W  power=77.7W
[PID] perf=26.371Hz  target=10.312Hz  err=-16.059Hz  corr=-337.81W  u_ff=101.6W  PCAP→78W  power=77.3W
[PID] perf=26.349Hz  target=10.312Hz  err=-16.037Hz  corr=-337.39W  u_ff=101.6W  PCAP→78W  power=78.8W
[PID] perf=26.414Hz  target=10.312Hz  err=-16.103Hz  corr=-338.62W  u_ff=101.6W  PCAP→78W  power=79.1W
[PID] perf=26.396Hz  target=10.312Hz  err=-16.084Hz  corr=-338.27W  u_ff=101.6W  PCAP→78W  power=78.2W
[PID] perf=26.672Hz  target=10.312Hz  err=-16.360Hz  corr=-343.40W  u_ff=101.6W  PCAP→78W  power=77.1W
[PID] perf=26.641Hz  target=10.312Hz  err=-16.329Hz  corr=-342.81W  u_ff=101.6W  PCAP→78W  power=78.7W
[PID] perf=26.782Hz  target=10.312Hz  err=-16.470Hz  corr=-345.44W  u_ff=101.6W  PCAP→78W  power=78.2W
[PID] perf=26.975Hz  target=10.312Hz  err=-16.663Hz  corr=-349.00W  u_ff=101.6W  PCAP→78W  power=76.7W
[PID] perf=26.970Hz  target=10.312Hz  err=-16.658Hz  corr=-348.91W  u_ff=101.6W  PCAP→78W  power=77.3W
[PID] perf=26.983Hz  target=10.312Hz  err=-16.671Hz  corr=-349.16W  u_ff=101.6W  PCAP→78W  power=76.8W
[PID] perf=27.023Hz  target=10.312Hz  err=-16.711Hz  corr=-349.91W  u_ff=101.6W  PCAP→78W  power=77.9W
[PID] perf=26.985Hz  target=10.312Hz  err=-16.673Hz  corr=-349.19W  u_ff=101.6W  PCAP→78W  power=78.2W
[PID] perf=27.013Hz  target=10.312Hz  err=-16.701Hz  corr=-349.72W  u_ff=101.6W  PCAP→78W  power=79.2W
[PID] perf=27.027Hz  target=10.312Hz  err=-16.715Hz  corr=-349.97W  u_ff=101.6W  PCAP→78W  power=79.1W
[PID] perf=27.006Hz  target=10.312Hz  err=-16.694Hz  corr=-349.59W  u_ff=101.6W  PCAP→78W  power=79.2W
[PID] perf=27.026Hz  target=10.312Hz  err=-16.714Hz  corr=-349.95W  u_ff=101.6W  PCAP→78W  power=77.0W
[PID] perf=26.971Hz  target=10.312Hz  err=-16.659Hz  corr=-348.93W  u_ff=101.6W  PCAP→78W  power=78.4W
[PID] perf=26.988Hz  target=10.312Hz  err=-16.676Hz  corr=-349.25W  u_ff=101.6W  PCAP→78W  power=78.1W
[PID] perf=26.988Hz  target=10.312Hz  err=-16.676Hz  corr=-349.25W  u_ff=101.6W  PCAP→78W  power=78.7W
[PID] perf=26.956Hz  target=10.312Hz  err=-16.644Hz  corr=-348.66W  u_ff=101.6W  PCAP→78W  power=78.6W
[PID] perf=26.985Hz  target=10.312Hz  err=-16.674Hz  corr=-349.20W  u_ff=101.6W  PCAP→78W  power=79.2W
[PID] perf=26.993Hz  target=10.312Hz  err=-16.681Hz  corr=-349.35W  u_ff=101.6W  PCAP→78W  power=77.4W
[PID] perf=26.976Hz  target=10.312Hz  err=-16.664Hz  corr=-349.03W  u_ff=101.6W  PCAP→78W  power=78.5W
[PID] perf=27.015Hz  target=10.312Hz  err=-16.703Hz  corr=-349.76W  u_ff=101.6W  PCAP→78W  power=78.6W
[PID] perf=27.002Hz  target=10.312Hz  err=-16.690Hz  corr=-349.51W  u_ff=101.6W  PCAP→78W  power=78.0W
[PID] perf=26.983Hz  target=10.312Hz  err=-16.671Hz  corr=-349.16W  u_ff=101.6W  PCAP→78W  power=79.0W
[PID] perf=26.974Hz  target=10.312Hz  err=-16.662Hz  corr=-349.00W  u_ff=101.6W  PCAP→78W  power=78.3W
[PID] perf=27.157Hz  target=10.312Hz  err=-16.845Hz  corr=-352.38W  u_ff=101.6W  PCAP→78W  power=77.1W
[PID] perf=27.494Hz  target=10.312Hz  err=-17.182Hz  corr=-358.63W  u_ff=101.6W  PCAP→78W  power=78.3W
[PID] perf=27.558Hz  target=10.312Hz  err=-17.246Hz  corr=-359.83W  u_ff=101.6W  PCAP→78W  power=77.3W
[PID] perf=27.580Hz  target=10.312Hz  err=-17.268Hz  corr=-360.22W  u_ff=101.6W  PCAP→78W  power=77.2W
[PID] perf=27.605Hz  target=10.312Hz  err=-17.293Hz  corr=-360.70W  u_ff=101.6W  PCAP→78W  power=78.7W
[PID] perf=27.600Hz  target=10.312Hz  err=-17.288Hz  corr=-360.60W  u_ff=101.6W  PCAP→78W  power=79.1W
[PID] perf=27.566Hz  target=10.312Hz  err=-17.254Hz  corr=-359.97W  u_ff=101.6W  PCAP→78W  power=77.4W
[PID] perf=27.582Hz  target=10.312Hz  err=-17.270Hz  corr=-360.27W  u_ff=101.6W  PCAP→78W  power=77.2W
[PID] perf=27.605Hz  target=10.312Hz  err=-17.293Hz  corr=-360.69W  u_ff=101.6W  PCAP→78W  power=78.9W
[PID] perf=27.552Hz  target=10.312Hz  err=-17.240Hz  corr=-359.71W  u_ff=101.6W  PCAP→78W  power=78.5W
[PID] perf=27.599Hz  target=10.312Hz  err=-17.287Hz  corr=-360.58W  u_ff=101.6W  PCAP→78W  power=77.6W
[PID] perf=27.599Hz  target=10.312Hz  err=-17.287Hz  corr=-360.57W  u_ff=101.6W  PCAP→78W  power=77.0W
[PID] perf=27.627Hz  target=10.312Hz  err=-17.315Hz  corr=-361.10W  u_ff=101.6W  PCAP→78W  power=77.1W
[PID] perf=28.722Hz  target=10.312Hz  err=-18.410Hz  corr=-381.41W  u_ff=101.6W  PCAP→78W  power=78.0W
[PID] perf=29.255Hz  target=10.312Hz  err=-18.943Hz  corr=-391.29W  u_ff=101.6W  PCAP→78W  power=78.4W
[PID] perf=29.239Hz  target=10.312Hz  err=-18.927Hz  corr=-391.00W  u_ff=101.6W  PCAP→78W  power=77.5W
[PID] perf=29.249Hz  target=10.312Hz  err=-18.937Hz  corr=-391.18W  u_ff=101.6W  PCAP→78W  power=77.2W
[PID] perf=29.223Hz  target=10.312Hz  err=-18.911Hz  corr=-390.69W  u_ff=101.6W  PCAP→78W  power=77.7W
[PID] perf=29.213Hz  target=10.312Hz  err=-18.901Hz  corr=-390.50W  u_ff=101.6W  PCAP→78W  power=76.3W
[PID] perf=29.183Hz  target=10.312Hz  err=-18.871Hz  corr=-389.96W  u_ff=101.6W  PCAP→78W  power=79.7W
[PID] perf=29.215Hz  target=10.312Hz  err=-18.903Hz  corr=-390.56W  u_ff=101.6W  PCAP→78W  power=78.4W
[PID] perf=29.266Hz  target=10.312Hz  err=-18.954Hz  corr=-391.50W  u_ff=101.6W  PCAP→78W  power=78.6W
[PID] perf=29.246Hz  target=10.312Hz  err=-18.934Hz  corr=-391.12W  u_ff=101.6W  PCAP→78W  power=76.2W
[PID] perf=29.229Hz  target=10.312Hz  err=-18.918Hz  corr=-390.82W  u_ff=101.6W  PCAP→78W  power=76.2W
[PID] perf=29.236Hz  target=10.312Hz  err=-18.924Hz  corr=-390.95W  u_ff=101.6W  PCAP→78W  power=77.0W
[PID] perf=29.293Hz  target=10.312Hz  err=-18.981Hz  corr=-392.00W  u_ff=101.6W  PCAP→78W  power=78.0W
[PID] perf=29.247Hz  target=10.312Hz  err=-18.935Hz  corr=-391.14W  u_ff=101.6W  PCAP→78W  power=76.8W
[PID] perf=29.258Hz  target=10.312Hz  err=-18.946Hz  corr=-391.34W  u_ff=101.6W  PCAP→78W  power=77.1W
[PID] perf=29.204Hz  target=10.312Hz  err=-18.892Hz  corr=-390.34W  u_ff=101.6W  PCAP→78W  power=77.6W
[PID] perf=29.267Hz  target=10.312Hz  err=-18.955Hz  corr=-391.52W  u_ff=101.6W  PCAP→78W  power=77.2W
[PID] perf=29.238Hz  target=10.312Hz  err=-18.926Hz  corr=-390.97W  u_ff=101.6W  PCAP→78W  power=78.9W
[PID] perf=29.261Hz  target=10.312Hz  err=-18.949Hz  corr=-391.41W  u_ff=101.6W  PCAP→78W  power=78.6W
[PID] perf=29.252Hz  target=10.312Hz  err=-18.940Hz  corr=-391.23W  u_ff=101.6W  PCAP→78W  power=78.0W
[PID] perf=29.267Hz  target=10.312Hz  err=-18.955Hz  corr=-391.52W  u_ff=101.6W  PCAP→78W  power=76.2W
[PID] perf=29.252Hz  target=10.312Hz  err=-18.940Hz  corr=-391.23W  u_ff=101.6W  PCAP→78W  power=78.5W
[PID] perf=29.264Hz  target=10.312Hz  err=-18.952Hz  corr=-391.47W  u_ff=101.6W  PCAP→78W  power=79.0W
[PID] perf=29.256Hz  target=10.312Hz  err=-18.944Hz  corr=-391.31W  u_ff=101.6W  PCAP→78W  power=78.4W
[PID] perf=29.267Hz  target=10.312Hz  err=-18.955Hz  corr=-391.51W  u_ff=101.6W  PCAP→78W  power=79.0W
[PID] perf=29.254Hz  target=10.312Hz  err=-18.942Hz  corr=-391.27W  u_ff=101.6W  PCAP→78W  power=76.5W
[PID] perf=29.242Hz  target=10.312Hz  err=-18.930Hz  corr=-391.06W  u_ff=101.6W  PCAP→78W  power=77.7W
[PID] perf=29.280Hz  target=10.312Hz  err=-18.968Hz  corr=-391.75W  u_ff=101.6W  PCAP→78W  power=78.6W
[PID] perf=29.262Hz  target=10.312Hz  err=-18.950Hz  corr=-391.42W  u_ff=101.6W  PCAP→78W  power=79.4W
[PID] perf=29.272Hz  target=10.312Hz  err=-18.960Hz  corr=-391.61W  u_ff=101.6W  PCAP→78W  power=78.2W
[PID] perf=29.243Hz  target=10.312Hz  err=-18.931Hz  corr=-391.07W  u_ff=101.6W  PCAP→78W  power=78.2W
[PID] perf=29.234Hz  target=10.312Hz  err=-18.922Hz  corr=-390.90W  u_ff=101.6W  PCAP→78W  power=79.0W
[PID] perf=29.264Hz  target=10.312Hz  err=-18.952Hz  corr=-391.46W  u_ff=101.6W  PCAP→78W  power=77.0W
[PID] perf=29.255Hz  target=10.312Hz  err=-18.943Hz  corr=-391.29W  u_ff=101.6W  PCAP→78W  power=76.8W
[PID] perf=29.291Hz  target=10.312Hz  err=-18.979Hz  corr=-391.96W  u_ff=101.6W  PCAP→78W  power=78.5W
[PID] perf=29.283Hz  target=10.312Hz  err=-18.971Hz  corr=-391.81W  u_ff=101.6W  PCAP→78W  power=76.9W
[PID] perf=29.290Hz  target=10.312Hz  err=-18.978Hz  corr=-391.95W  u_ff=101.6W  PCAP→78W  power=76.4W
[PID] perf=29.270Hz  target=10.312Hz  err=-18.958Hz  corr=-391.56W  u_ff=101.6W  PCAP→78W  power=78.5W
[PID] perf=29.206Hz  target=10.312Hz  err=-18.894Hz  corr=-390.39W  u_ff=101.6W  PCAP→78W  power=78.6W
[PID] perf=29.230Hz  target=10.312Hz  err=-18.918Hz  corr=-390.83W  u_ff=101.6W  PCAP→78W  power=77.4W
[PID] perf=29.222Hz  target=10.312Hz  err=-18.910Hz  corr=-390.68W  u_ff=101.6W  PCAP→78W  power=76.9W
[PID] perf=29.254Hz  target=10.312Hz  err=-18.942Hz  corr=-391.27W  u_ff=101.6W  PCAP→78W  power=78.3W
[PID] perf=29.284Hz  target=10.312Hz  err=-18.972Hz  corr=-391.83W  u_ff=101.6W  PCAP→78W  power=79.2W
[PID] perf=29.262Hz  target=10.312Hz  err=-18.950Hz  corr=-391.43W  u_ff=101.6W  PCAP→78W  power=77.7W
[PID] perf=29.269Hz  target=10.312Hz  err=-18.957Hz  corr=-391.56W  u_ff=101.6W  PCAP→78W  power=77.8W
[PID] perf=29.307Hz  target=10.312Hz  err=-18.995Hz  corr=-392.26W  u_ff=101.6W  PCAP→78W  power=77.9W
[PID] perf=29.296Hz  target=10.312Hz  err=-18.984Hz  corr=-392.06W  u_ff=101.6W  PCAP→78W  power=77.3W
[PID] perf=29.296Hz  target=10.312Hz  err=-18.984Hz  corr=-392.05W  u_ff=101.6W  PCAP→78W  power=78.7W
[PID] perf=29.285Hz  target=10.312Hz  err=-18.973Hz  corr=-391.85W  u_ff=101.6W  PCAP→78W  power=79.4W
[PID] perf=29.293Hz  target=10.312Hz  err=-18.981Hz  corr=-392.00W  u_ff=101.6W  PCAP→78W  power=78.5W
[PID] perf=29.301Hz  target=10.312Hz  err=-18.989Hz  corr=-392.15W  u_ff=101.6W  PCAP→78W  power=77.4W
[PID] perf=29.288Hz  target=10.312Hz  err=-18.976Hz  corr=-391.91W  u_ff=101.6W  PCAP→78W  power=79.1W
[PID] perf=29.304Hz  target=10.312Hz  err=-18.992Hz  corr=-392.21W  u_ff=101.6W  PCAP→78W  power=77.4W
[PID] perf=29.305Hz  target=10.312Hz  err=-18.993Hz  corr=-392.22W  u_ff=101.6W  PCAP→78W  power=79.2W
[PID] perf=29.324Hz  target=10.312Hz  err=-19.012Hz  corr=-392.57W  u_ff=101.6W  PCAP→78W  power=77.0W
[PID] perf=29.292Hz  target=10.312Hz  err=-18.980Hz  corr=-391.98W  u_ff=101.6W  PCAP→78W  power=76.9W
[PID] perf=29.293Hz  target=10.312Hz  err=-18.981Hz  corr=-391.99W  u_ff=101.6W  PCAP→78W  power=77.3W
[PID] perf=29.283Hz  target=10.312Hz  err=-18.971Hz  corr=-391.82W  u_ff=101.6W  PCAP→78W  power=79.1W
[PID] perf=29.321Hz  target=10.312Hz  err=-19.009Hz  corr=-392.51W  u_ff=101.6W  PCAP→78W  power=77.6W
[PID] perf=29.264Hz  target=10.312Hz  err=-18.952Hz  corr=-391.45W  u_ff=101.6W  PCAP→78W  power=77.2W
[PID] perf=29.312Hz  target=10.312Hz  err=-19.000Hz  corr=-392.35W  u_ff=101.6W  PCAP→78W  power=79.0W
[PID] perf=29.274Hz  target=10.312Hz  err=-18.962Hz  corr=-391.65W  u_ff=101.6W  PCAP→78W  power=78.3W
[PID] perf=29.310Hz  target=10.312Hz  err=-18.998Hz  corr=-392.32W  u_ff=101.6W  PCAP→78W  power=78.9W
[PID] perf=29.306Hz  target=10.312Hz  err=-18.994Hz  corr=-392.24W  u_ff=101.6W  PCAP→78W  power=78.6W
[PID] perf=29.292Hz  target=10.312Hz  err=-18.980Hz  corr=-391.98W  u_ff=101.6W  PCAP→78W  power=79.2W
[PID] perf=29.297Hz  target=10.312Hz  err=-18.985Hz  corr=-392.08W  u_ff=101.6W  PCAP→78W  power=77.5W
[PID] perf=29.289Hz  target=10.312Hz  err=-18.977Hz  corr=-391.92W  u_ff=101.6W  PCAP→78W  power=77.3W
[PID] perf=29.318Hz  target=10.312Hz  err=-19.006Hz  corr=-392.46W  u_ff=101.6W  PCAP→78W  power=78.1W
[PID] perf=29.346Hz  target=10.312Hz  err=-19.034Hz  corr=-392.97W  u_ff=101.6W  PCAP→78W  power=79.0W
[PID] perf=29.306Hz  target=10.312Hz  err=-18.994Hz  corr=-392.24W  u_ff=101.6W  PCAP→78W  power=76.9W
[PID] perf=29.319Hz  target=10.312Hz  err=-19.007Hz  corr=-392.47W  u_ff=101.6W  PCAP→78W  power=77.5W
[PID] perf=29.307Hz  target=10.312Hz  err=-18.995Hz  corr=-392.25W  u_ff=101.6W  PCAP→78W  power=77.1W
[PID] perf=29.312Hz  target=10.312Hz  err=-19.000Hz  corr=-392.34W  u_ff=101.6W  PCAP→78W  power=77.6W
[PID] perf=29.304Hz  target=10.312Hz  err=-18.993Hz  corr=-392.21W  u_ff=101.6W  PCAP→78W  power=78.2W
[PID] perf=29.292Hz  target=10.312Hz  err=-18.980Hz  corr=-391.97W  u_ff=101.6W  PCAP→78W  power=77.5W
[PID] perf=29.291Hz  target=10.312Hz  err=-18.979Hz  corr=-391.96W  u_ff=101.6W  PCAP→78W  power=77.3W
[PID] perf=29.334Hz  target=10.312Hz  err=-19.022Hz  corr=-392.76W  u_ff=101.6W  PCAP→78W  power=79.0W
[PID] perf=29.275Hz  target=10.312Hz  err=-18.963Hz  corr=-391.66W  u_ff=101.6W  PCAP→78W  power=77.7W
[PID] perf=29.306Hz  target=10.312Hz  err=-18.994Hz  corr=-392.23W  u_ff=101.6W  PCAP→78W  power=77.6W
[PID] perf=29.297Hz  target=10.312Hz  err=-18.985Hz  corr=-392.06W  u_ff=101.6W  PCAP→78W  power=76.8W
[PID] perf=29.276Hz  target=10.312Hz  err=-18.964Hz  corr=-391.68W  u_ff=101.6W  PCAP→78W  power=76.4W
[PID] perf=29.271Hz  target=10.312Hz  err=-18.959Hz  corr=-391.58W  u_ff=101.6W  PCAP→78W  power=78.9W
[PID] perf=29.297Hz  target=10.312Hz  err=-18.985Hz  corr=-392.07W  u_ff=101.6W  PCAP→78W  power=78.9W
[PID] perf=29.272Hz  target=10.312Hz  err=-18.960Hz  corr=-391.61W  u_ff=101.6W  PCAP→78W  power=77.3W
[PID] perf=29.313Hz  target=10.312Hz  err=-19.001Hz  corr=-392.37W  u_ff=101.6W  PCAP→78W  power=78.7W
[PID] perf=29.320Hz  target=10.312Hz  err=-19.008Hz  corr=-392.50W  u_ff=101.6W  PCAP→78W  power=79.1W
[PID] perf=29.312Hz  target=10.312Hz  err=-19.000Hz  corr=-392.34W  u_ff=101.6W  PCAP→78W  power=78.8W
[PID] perf=29.312Hz  target=10.312Hz  err=-19.000Hz  corr=-392.34W  u_ff=101.6W  PCAP→78W  power=76.9W
[PID] perf=29.327Hz  target=10.312Hz  err=-19.015Hz  corr=-392.62W  u_ff=101.6W  PCAP→78W  power=77.7W
[PID] perf=29.319Hz  target=10.312Hz  err=-19.007Hz  corr=-392.47W  u_ff=101.6W  PCAP→78W  power=78.7W
[PID] perf=29.304Hz  target=10.312Hz  err=-18.992Hz  corr=-392.20W  u_ff=101.6W  PCAP→78W  power=78.8W
[PID] perf=29.286Hz  target=10.312Hz  err=-18.974Hz  corr=-391.86W  u_ff=101.6W  PCAP→78W  power=77.6W
[PID] perf=29.292Hz  target=10.312Hz  err=-18.980Hz  corr=-391.97W  u_ff=101.6W  PCAP→78W  power=76.3W
[PID] perf=29.278Hz  target=10.312Hz  err=-18.966Hz  corr=-391.72W  u_ff=101.6W  PCAP→78W  power=79.1W
[PID] perf=29.294Hz  target=10.312Hz  err=-18.982Hz  corr=-392.01W  u_ff=101.6W  PCAP→78W  power=78.1W
[PID] perf=29.279Hz  target=10.312Hz  err=-18.967Hz  corr=-391.73W  u_ff=101.6W  PCAP→78W  power=75.9W
[PID] perf=29.278Hz  target=10.312Hz  err=-18.966Hz  corr=-391.73W  u_ff=101.6W  PCAP→78W  power=77.3W
[PID] perf=29.271Hz  target=10.312Hz  err=-18.959Hz  corr=-391.59W  u_ff=101.6W  PCAP→78W  power=76.5W
[PID] perf=29.231Hz  target=10.312Hz  err=-18.919Hz  corr=-390.86W  u_ff=101.6W  PCAP→78W  power=79.0W
[PID] perf=29.289Hz  target=10.312Hz  err=-18.977Hz  corr=-391.92W  u_ff=101.6W  PCAP→78W  power=76.2W
[PID] perf=29.287Hz  target=10.312Hz  err=-18.975Hz  corr=-391.88W  u_ff=101.6W  PCAP→78W  power=76.6W
[PID] perf=29.313Hz  target=10.312Hz  err=-19.001Hz  corr=-392.37W  u_ff=101.6W  PCAP→78W  power=78.1W
[PID] perf=29.295Hz  target=10.312Hz  err=-18.983Hz  corr=-392.04W  u_ff=101.6W  PCAP→78W  power=78.8W
[PID] perf=29.293Hz  target=10.312Hz  err=-18.981Hz  corr=-392.00W  u_ff=101.6W  PCAP→78W  power=78.2W
[PID] perf=29.295Hz  target=10.312Hz  err=-18.983Hz  corr=-392.04W  u_ff=101.6W  PCAP→78W  power=76.3W
[PID] perf=29.270Hz  target=10.312Hz  err=-18.958Hz  corr=-391.57W  u_ff=101.6W  PCAP→78W  power=77.2W
[PID] perf=29.290Hz  target=10.312Hz  err=-18.978Hz  corr=-391.95W  u_ff=101.6W  PCAP→78W  power=76.8W
[PID] perf=29.292Hz  target=10.312Hz  err=-18.980Hz  corr=-391.97W  u_ff=101.6W  PCAP→78W  power=79.0W
[PID] perf=29.288Hz  target=10.312Hz  err=-18.976Hz  corr=-391.91W  u_ff=101.6W  PCAP→78W  power=79.2W
[PID] perf=29.304Hz  target=10.312Hz  err=-18.992Hz  corr=-392.20W  u_ff=101.6W  PCAP→78W  power=79.0W
[PID] perf=29.312Hz  target=10.312Hz  err=-19.000Hz  corr=-392.34W  u_ff=101.6W  PCAP→78W  power=77.4W
[PID] perf=29.285Hz  target=10.312Hz  err=-18.973Hz  corr=-391.85W  u_ff=101.6W  PCAP→78W  power=77.1W
[PID] perf=29.260Hz  target=10.312Hz  err=-18.948Hz  corr=-391.39W  u_ff=101.6W  PCAP→78W  power=76.5W
[PID] perf=29.283Hz  target=10.312Hz  err=-18.971Hz  corr=-391.82W  u_ff=101.6W  PCAP→78W  power=76.3W
[PID] perf=29.255Hz  target=10.312Hz  err=-18.943Hz  corr=-391.30W  u_ff=101.6W  PCAP→78W  power=78.0W
[PID] perf=29.241Hz  target=10.312Hz  err=-18.929Hz  corr=-391.04W  u_ff=101.6W  PCAP→78W  power=78.9W
[PID] perf=29.246Hz  target=10.312Hz  err=-18.934Hz  corr=-391.12W  u_ff=101.6W  PCAP→78W  power=78.4W
[PID] perf=29.231Hz  target=10.312Hz  err=-18.919Hz  corr=-390.85W  u_ff=101.6W  PCAP→78W  power=77.3W
[PID] perf=29.235Hz  target=10.312Hz  err=-18.923Hz  corr=-390.93W  u_ff=101.6W  PCAP→78W  power=78.9W
[PID] perf=29.271Hz  target=10.312Hz  err=-18.959Hz  corr=-391.60W  u_ff=101.6W  PCAP→78W  power=79.0W
[PID] perf=29.240Hz  target=10.312Hz  err=-18.929Hz  corr=-391.02W  u_ff=101.6W  PCAP→78W  power=79.5W
[PID] perf=29.246Hz  target=10.312Hz  err=-18.934Hz  corr=-391.13W  u_ff=101.6W  PCAP→78W  power=78.2W
[PID] perf=29.234Hz  target=10.312Hz  err=-18.922Hz  corr=-390.90W  u_ff=101.6W  PCAP→78W  power=77.5W
[PID] perf=29.218Hz  target=10.312Hz  err=-18.906Hz  corr=-390.61W  u_ff=101.6W  PCAP→78W  power=76.6W
[PID] perf=29.280Hz  target=10.312Hz  err=-18.968Hz  corr=-391.75W  u_ff=101.6W  PCAP→78W  power=77.4W
[PID] perf=29.231Hz  target=10.312Hz  err=-18.919Hz  corr=-390.84W  u_ff=101.6W  PCAP→78W  power=77.4W
[PID] perf=29.263Hz  target=10.312Hz  err=-18.951Hz  corr=-391.44W  u_ff=101.6W  PCAP→78W  power=79.1W
[PID] perf=29.234Hz  target=10.312Hz  err=-18.922Hz  corr=-390.91W  u_ff=101.6W  PCAP→78W  power=78.4W
[PID] perf=29.291Hz  target=10.312Hz  err=-18.979Hz  corr=-391.97W  u_ff=101.6W  PCAP→78W  power=79.0W
[PID] perf=29.251Hz  target=10.312Hz  err=-18.939Hz  corr=-391.23W  u_ff=101.6W  PCAP→78W  power=77.0W
[PID] perf=29.266Hz  target=10.312Hz  err=-18.954Hz  corr=-391.49W  u_ff=101.6W  PCAP→78W  power=77.2W
[PID] perf=29.283Hz  target=10.312Hz  err=-18.971Hz  corr=-391.80W  u_ff=101.6W  PCAP→78W  power=76.4W
[PID] perf=29.289Hz  target=10.312Hz  err=-18.977Hz  corr=-391.92W  u_ff=101.6W  PCAP→78W  power=77.9W
[PID] perf=29.184Hz  target=10.312Hz  err=-18.872Hz  corr=-389.97W  u_ff=101.6W  PCAP→78W  power=77.6W
[PID] perf=29.189Hz  target=10.312Hz  err=-18.877Hz  corr=-390.07W  u_ff=101.6W  PCAP→78W  power=78.0W
[PID] perf=29.168Hz  target=10.312Hz  err=-18.856Hz  corr=-389.68W  u_ff=101.6W  PCAP→78W  power=78.5W
[PID] perf=29.166Hz  target=10.312Hz  err=-18.854Hz  corr=-389.63W  u_ff=101.6W  PCAP→78W  power=77.4W
[PID] perf=29.158Hz  target=10.312Hz  err=-18.846Hz  corr=-389.50W  u_ff=101.6W  PCAP→78W  power=78.0W
[PID] perf=29.182Hz  target=10.312Hz  err=-18.870Hz  corr=-389.93W  u_ff=101.6W  PCAP→78W  power=77.7W
[PID] perf=29.156Hz  target=10.312Hz  err=-18.844Hz  corr=-389.46W  u_ff=101.6W  PCAP→78W  power=76.9W
[PID] perf=29.165Hz  target=10.312Hz  err=-18.853Hz  corr=-389.62W  u_ff=101.6W  PCAP→78W  power=76.6W
[PID] perf=29.156Hz  target=10.312Hz  err=-18.844Hz  corr=-389.45W  u_ff=101.6W  PCAP→78W  power=77.0W
[PID] perf=29.174Hz  target=10.312Hz  err=-18.862Hz  corr=-389.80W  u_ff=101.6W  PCAP→78W  power=79.5W
[PID] perf=29.177Hz  target=10.312Hz  err=-18.865Hz  corr=-389.84W  u_ff=101.6W  PCAP→78W  power=78.4W
[PID] perf=29.195Hz  target=10.312Hz  err=-18.883Hz  corr=-390.18W  u_ff=101.6W  PCAP→78W  power=77.1W
[PID] perf=29.180Hz  target=10.312Hz  err=-18.868Hz  corr=-389.90W  u_ff=101.6W  PCAP→78W  power=77.3W
[PID] perf=29.143Hz  target=10.312Hz  err=-18.831Hz  corr=-389.21W  u_ff=101.6W  PCAP→78W  power=78.8W
[PID] perf=29.168Hz  target=10.312Hz  err=-18.856Hz  corr=-389.68W  u_ff=101.6W  PCAP→78W  power=78.2W
[PID] perf=29.183Hz  target=10.312Hz  err=-18.871Hz  corr=-389.96W  u_ff=101.6W  PCAP→78W  power=79.2W
[PID] perf=29.199Hz  target=10.312Hz  err=-18.887Hz  corr=-390.26W  u_ff=101.6W  PCAP→78W  power=77.0W
[PID] perf=29.130Hz  target=10.312Hz  err=-18.818Hz  corr=-388.97W  u_ff=101.6W  PCAP→78W  power=77.3W
[PID] perf=29.141Hz  target=10.312Hz  err=-18.829Hz  corr=-389.18W  u_ff=101.6W  PCAP→78W  power=78.5W
[PID] perf=29.156Hz  target=10.312Hz  err=-18.844Hz  corr=-389.46W  u_ff=101.6W  PCAP→78W  power=79.3W
[PID] perf=29.168Hz  target=10.312Hz  err=-18.856Hz  corr=-389.67W  u_ff=101.6W  PCAP→78W  power=77.1W
[PID] perf=29.135Hz  target=10.312Hz  err=-18.823Hz  corr=-389.06W  u_ff=101.6W  PCAP→78W  power=78.5W
[PID] perf=29.174Hz  target=10.312Hz  err=-18.862Hz  corr=-389.78W  u_ff=101.6W  PCAP→78W  power=79.0W
[PID] perf=29.143Hz  target=10.312Hz  err=-18.831Hz  corr=-389.21W  u_ff=101.6W  PCAP→78W  power=79.3W
[PID] perf=29.148Hz  target=10.312Hz  err=-18.836Hz  corr=-389.31W  u_ff=101.6W  PCAP→78W  power=78.9W
[PID] perf=29.132Hz  target=10.312Hz  err=-18.820Hz  corr=-389.01W  u_ff=101.6W  PCAP→78W  power=78.8W
[PID] perf=29.173Hz  target=10.312Hz  err=-18.861Hz  corr=-389.77W  u_ff=101.6W  PCAP→78W  power=77.8W
[PID] perf=29.173Hz  target=10.312Hz  err=-18.861Hz  corr=-389.77W  u_ff=101.6W  PCAP→78W  power=76.3W
[PID] perf=29.174Hz  target=10.312Hz  err=-18.862Hz  corr=-389.79W  u_ff=101.6W  PCAP→78W  power=77.6W
[PID] perf=29.169Hz  target=10.312Hz  err=-18.857Hz  corr=-389.69W  u_ff=101.6W  PCAP→78W  power=78.3W
[PID] perf=29.062Hz  target=10.312Hz  err=-18.750Hz  corr=-387.71W  u_ff=101.6W  PCAP→78W  power=79.0W
[PID] perf=29.163Hz  target=10.312Hz  err=-18.851Hz  corr=-389.59W  u_ff=101.6W  PCAP→78W  power=77.4W
[PID] perf=29.156Hz  target=10.312Hz  err=-18.844Hz  corr=-389.46W  u_ff=101.6W  PCAP→78W  power=76.1W
[PID] perf=29.151Hz  target=10.312Hz  err=-18.839Hz  corr=-389.36W  u_ff=101.6W  PCAP→78W  power=78.6W
[PID] perf=29.148Hz  target=10.312Hz  err=-18.836Hz  corr=-389.31W  u_ff=101.6W  PCAP→78W  power=78.9W
[PID] perf=29.140Hz  target=10.312Hz  err=-18.828Hz  corr=-389.16W  u_ff=101.6W  PCAP→78W  power=79.4W
[PID] perf=29.167Hz  target=10.312Hz  err=-18.855Hz  corr=-389.67W  u_ff=101.6W  PCAP→78W  power=78.4W
[PID] perf=29.184Hz  target=10.312Hz  err=-18.872Hz  corr=-389.98W  u_ff=101.6W  PCAP→78W  power=78.4W
[PID] perf=29.175Hz  target=10.312Hz  err=-18.863Hz  corr=-389.80W  u_ff=101.6W  PCAP→78W  power=77.3W
[PID] perf=29.161Hz  target=10.312Hz  err=-18.849Hz  corr=-389.54W  u_ff=101.6W  PCAP→78W  power=77.7W
[PID] perf=29.172Hz  target=10.312Hz  err=-18.860Hz  corr=-389.75W  u_ff=101.6W  PCAP→78W  power=77.8W
[PID] perf=29.142Hz  target=10.312Hz  err=-18.830Hz  corr=-389.19W  u_ff=101.6W  PCAP→78W  power=77.0W
[PID] perf=29.152Hz  target=10.312Hz  err=-18.840Hz  corr=-389.39W  u_ff=101.6W  PCAP→78W  power=77.6W
[PID] perf=29.111Hz  target=10.312Hz  err=-18.799Hz  corr=-388.63W  u_ff=101.6W  PCAP→78W  power=78.6W
[PID] perf=29.184Hz  target=10.312Hz  err=-18.872Hz  corr=-389.97W  u_ff=101.6W  PCAP→78W  power=78.3W
[PID] perf=29.184Hz  target=10.312Hz  err=-18.872Hz  corr=-389.98W  u_ff=101.6W  PCAP→78W  power=78.3W
[PID] perf=29.145Hz  target=10.312Hz  err=-18.833Hz  corr=-389.25W  u_ff=101.6W  PCAP→78W  power=78.4W
[PID] perf=29.150Hz  target=10.312Hz  err=-18.838Hz  corr=-389.34W  u_ff=101.6W  PCAP→78W  power=77.6W
[PID] perf=29.170Hz  target=10.312Hz  err=-18.858Hz  corr=-389.71W  u_ff=101.6W  PCAP→78W  power=78.5W
[PID] perf=29.154Hz  target=10.312Hz  err=-18.842Hz  corr=-389.42W  u_ff=101.6W  PCAP→78W  power=78.9W
[PID] perf=29.168Hz  target=10.312Hz  err=-18.856Hz  corr=-389.68W  u_ff=101.6W  PCAP→78W  power=78.3W
[PID] perf=29.189Hz  target=10.312Hz  err=-18.877Hz  corr=-390.06W  u_ff=101.6W  PCAP→78W  power=78.4W
[PID] perf=29.127Hz  target=10.312Hz  err=-18.815Hz  corr=-388.92W  u_ff=101.6W  PCAP→78W  power=76.6W
[PID] perf=29.155Hz  target=10.312Hz  err=-18.843Hz  corr=-389.44W  u_ff=101.6W  PCAP→78W  power=78.6W
[PID] perf=29.142Hz  target=10.312Hz  err=-18.830Hz  corr=-389.20W  u_ff=101.6W  PCAP→78W  power=78.4W
[PID] perf=29.155Hz  target=10.312Hz  err=-18.843Hz  corr=-389.44W  u_ff=101.6W  PCAP→78W  power=77.1W
[PID] perf=29.161Hz  target=10.312Hz  err=-18.849Hz  corr=-389.55W  u_ff=101.6W  PCAP→78W  power=78.4W
[PID] perf=29.150Hz  target=10.312Hz  err=-18.838Hz  corr=-389.35W  u_ff=101.6W  PCAP→78W  power=79.3W
[PID] perf=29.166Hz  target=10.312Hz  err=-18.854Hz  corr=-389.63W  u_ff=101.6W  PCAP→78W  power=78.2W
[PID] perf=29.148Hz  target=10.312Hz  err=-18.836Hz  corr=-389.30W  u_ff=101.6W  PCAP→78W  power=76.9W
[PID] perf=29.104Hz  target=10.312Hz  err=-18.793Hz  corr=-388.50W  u_ff=101.6W  PCAP→78W  power=78.6W
[PID] perf=29.151Hz  target=10.312Hz  err=-18.839Hz  corr=-389.36W  u_ff=101.6W  PCAP→78W  power=77.8W
[PID] perf=29.201Hz  target=10.312Hz  err=-18.889Hz  corr=-390.29W  u_ff=101.6W  PCAP→78W  power=76.3W
[PID] perf=29.226Hz  target=10.312Hz  err=-18.914Hz  corr=-390.75W  u_ff=101.6W  PCAP→78W  power=79.2W
[PID] perf=29.207Hz  target=10.312Hz  err=-18.895Hz  corr=-390.40W  u_ff=101.6W  PCAP→78W  power=78.8W
[PID] perf=29.230Hz  target=10.312Hz  err=-18.918Hz  corr=-390.84W  u_ff=101.6W  PCAP→78W  power=78.1W
[PID] perf=29.230Hz  target=10.312Hz  err=-18.918Hz  corr=-390.83W  u_ff=101.6W  PCAP→78W  power=77.7W
[PID] perf=29.242Hz  target=10.312Hz  err=-18.930Hz  corr=-391.05W  u_ff=101.6W  PCAP→78W  power=77.3W
[PID] perf=29.236Hz  target=10.312Hz  err=-18.924Hz  corr=-390.94W  u_ff=101.6W  PCAP→78W  power=79.4W
[PID] perf=29.218Hz  target=10.312Hz  err=-18.906Hz  corr=-390.60W  u_ff=101.6W  PCAP→78W  power=79.2W
[PID] perf=29.225Hz  target=10.312Hz  err=-18.913Hz  corr=-390.73W  u_ff=101.6W  PCAP→78W  power=76.9W
[PID] perf=29.200Hz  target=10.312Hz  err=-18.888Hz  corr=-390.27W  u_ff=101.6W  PCAP→78W  power=79.1W
[PID] perf=29.245Hz  target=10.312Hz  err=-18.933Hz  corr=-391.11W  u_ff=101.6W  PCAP→78W  power=76.6W
[PID] perf=29.251Hz  target=10.312Hz  err=-18.939Hz  corr=-391.22W  u_ff=101.6W  PCAP→78W  power=77.7W
[PID] perf=29.274Hz  target=10.312Hz  err=-18.962Hz  corr=-391.64W  u_ff=101.6W  PCAP→78W  power=78.3W
[PID] perf=29.242Hz  target=10.312Hz  err=-18.930Hz  corr=-391.06W  u_ff=101.6W  PCAP→78W  power=78.5W
[PID] perf=29.244Hz  target=10.312Hz  err=-18.932Hz  corr=-391.08W  u_ff=101.6W  PCAP→78W  power=77.1W
[PID] perf=29.249Hz  target=10.312Hz  err=-18.937Hz  corr=-391.18W  u_ff=101.6W  PCAP→78W  power=78.0W
[PID] perf=29.234Hz  target=10.312Hz  err=-18.922Hz  corr=-390.91W  u_ff=101.6W  PCAP→78W  power=78.2W
[PID] perf=29.255Hz  target=10.312Hz  err=-18.943Hz  corr=-391.29W  u_ff=101.6W  PCAP→78W  power=76.3W
[PID] perf=29.242Hz  target=10.312Hz  err=-18.930Hz  corr=-391.04W  u_ff=101.6W  PCAP→78W  power=78.3W
[PID] perf=29.239Hz  target=10.312Hz  err=-18.927Hz  corr=-391.00W  u_ff=101.6W  PCAP→78W  power=78.7W
[PID] perf=29.268Hz  target=10.312Hz  err=-18.956Hz  corr=-391.54W  u_ff=101.6W  PCAP→78W  power=77.9W
[PID] perf=29.284Hz  target=10.312Hz  err=-18.972Hz  corr=-391.83W  u_ff=101.6W  PCAP→78W  power=78.0W
[PID] perf=29.240Hz  target=10.312Hz  err=-18.928Hz  corr=-391.01W  u_ff=101.6W  PCAP→78W  power=78.0W
[PID] perf=29.281Hz  target=10.312Hz  err=-18.969Hz  corr=-391.77W  u_ff=101.6W  PCAP→78W  power=79.1W
[PID] perf=29.257Hz  target=10.312Hz  err=-18.945Hz  corr=-391.33W  u_ff=101.6W  PCAP→78W  power=78.0W
[PID] perf=27.143Hz  target=10.312Hz  err=-16.831Hz  corr=-352.13W  u_ff=101.6W  PCAP→78W  power=77.0W
[PID] perf=27.174Hz  target=10.312Hz  err=-16.862Hz  corr=-352.71W  u_ff=101.6W  PCAP→78W  power=77.7W
[PID] perf=29.246Hz  target=10.312Hz  err=-18.934Hz  corr=-391.13W  u_ff=101.6W  PCAP→78W  power=77.2W
[PID] perf=29.239Hz  target=10.312Hz  err=-18.927Hz  corr=-390.99W  u_ff=101.6W  PCAP→78W  power=77.8W
[PID] perf=29.276Hz  target=10.312Hz  err=-18.964Hz  corr=-391.67W  u_ff=101.6W  PCAP→78W  power=78.5W
[PID] perf=29.248Hz  target=10.312Hz  err=-18.936Hz  corr=-391.16W  u_ff=101.6W  PCAP→78W  power=79.3W
[PID] perf=29.257Hz  target=10.312Hz  err=-18.945Hz  corr=-391.33W  u_ff=101.6W  PCAP→78W  power=77.5W
[PID] perf=29.269Hz  target=10.312Hz  err=-18.957Hz  corr=-391.56W  u_ff=101.6W  PCAP→78W  power=76.7W
[PID] perf=29.257Hz  target=10.312Hz  err=-18.945Hz  corr=-391.33W  u_ff=101.6W  PCAP→78W  power=78.3W
[PID] perf=29.251Hz  target=10.312Hz  err=-18.939Hz  corr=-391.22W  u_ff=101.6W  PCAP→78W  power=78.6W
[PID] perf=29.318Hz  target=10.312Hz  err=-19.006Hz  corr=-392.47W  u_ff=101.6W  PCAP→78W  power=78.2W
[PID] perf=29.265Hz  target=10.312Hz  err=-18.953Hz  corr=-391.48W  u_ff=101.6W  PCAP→78W  power=77.6W
[PID] perf=29.223Hz  target=10.312Hz  err=-18.911Hz  corr=-390.70W  u_ff=101.6W  PCAP→78W  power=76.7W
[PID] perf=29.250Hz  target=10.312Hz  err=-18.939Hz  corr=-391.21W  u_ff=101.6W  PCAP→78W  power=78.0W
[PID] perf=29.247Hz  target=10.312Hz  err=-18.935Hz  corr=-391.14W  u_ff=101.6W  PCAP→78W  power=78.7W
[PID] perf=29.250Hz  target=10.312Hz  err=-18.938Hz  corr=-391.21W  u_ff=101.6W  PCAP→78W  power=79.1W
[PID] perf=29.244Hz  target=10.312Hz  err=-18.932Hz  corr=-391.09W  u_ff=101.6W  PCAP→78W  power=77.1W
[PID] perf=29.228Hz  target=10.312Hz  err=-18.916Hz  corr=-390.79W  u_ff=101.6W  PCAP→78W  power=77.3W
[PID] perf=29.277Hz  target=10.312Hz  err=-18.965Hz  corr=-391.71W  u_ff=101.6W  PCAP→78W  power=78.6W
[PID] perf=29.244Hz  target=10.312Hz  err=-18.932Hz  corr=-391.09W  u_ff=101.6W  PCAP→78W  power=78.4W
[PID] perf=29.271Hz  target=10.312Hz  err=-18.959Hz  corr=-391.58W  u_ff=101.6W  PCAP→78W  power=76.4W
[PID] perf=29.259Hz  target=10.312Hz  err=-18.947Hz  corr=-391.36W  u_ff=101.6W  PCAP→78W  power=78.4W
[PID] perf=29.239Hz  target=10.312Hz  err=-18.927Hz  corr=-390.99W  u_ff=101.6W  PCAP→78W  power=77.8W
[PID] perf=29.259Hz  target=10.312Hz  err=-18.947Hz  corr=-391.37W  u_ff=101.6W  PCAP→78W  power=79.0W
[PID] perf=29.264Hz  target=10.312Hz  err=-18.953Hz  corr=-391.47W  u_ff=101.6W  PCAP→78W  power=78.0W
[PID] perf=29.262Hz  target=10.312Hz  err=-18.950Hz  corr=-391.43W  u_ff=101.6W  PCAP→78W  power=79.3W
[PID] perf=29.242Hz  target=10.312Hz  err=-18.930Hz  corr=-391.05W  u_ff=101.6W  PCAP→78W  power=76.8W
[PID] perf=29.259Hz  target=10.312Hz  err=-18.947Hz  corr=-391.36W  u_ff=101.6W  PCAP→78W  power=79.0W
[PID] perf=29.211Hz  target=10.312Hz  err=-18.899Hz  corr=-390.48W  u_ff=101.6W  PCAP→78W  power=78.2W
[PID] perf=29.274Hz  target=10.312Hz  err=-18.962Hz  corr=-391.64W  u_ff=101.6W  PCAP→78W  power=77.3W
[PID] perf=29.232Hz  target=10.312Hz  err=-18.920Hz  corr=-390.87W  u_ff=101.6W  PCAP→78W  power=78.6W
Process completed.
Compressed into /home/cc/summer2024/main_codes/pid_controller/../experiment_data/PID_Control_sweep/ones-npb-cg/compressed_iteration_20260513_094509.tar
----------------------------------

>>> Step 3/3

[ones-npb-cg]
  target perf      : 10.3120 Hz
  coefficients_perf: [-0.0006547837485238978, 0.18607436314256556, -1.8317688501798497]
  feedforward PCAP : 101.56 W  →  101 W (snapped)
  Perf(u_ff) check : 10.3120 Hz  (should ≈ target)
  PID gains        : Kp=18.5447 W/Hz  Ki=1.85447 W/(Hz·s)  Kd=0.0000
[PID] Awaiting data — feedforward PCAP=101W
[PID] Awaiting data — feedforward PCAP=101W
[PID] Awaiting data — feedforward PCAP=101W
[PID] Awaiting data — feedforward PCAP=101W
[PID] Awaiting data — feedforward PCAP=101W
[PID] Awaiting data — feedforward PCAP=101W
[PID] perf=20.137Hz  target=10.312Hz  err=-9.825Hz  corr=-218.65W  u_ff=101.6W  PCAP→78W  power=nanW
[PID] perf=18.129Hz  target=10.312Hz  err=-7.817Hz  corr=-184.96W  u_ff=101.6W  PCAP→78W  power=79.3W
[PID] perf=18.172Hz  target=10.312Hz  err=-7.860Hz  corr=-185.77W  u_ff=101.6W  PCAP→78W  power=79.0W
[PID] perf=18.191Hz  target=10.312Hz  err=-7.879Hz  corr=-186.11W  u_ff=101.6W  PCAP→78W  power=78.9W
[PID] perf=18.179Hz  target=10.312Hz  err=-7.867Hz  corr=-185.90W  u_ff=101.6W  PCAP→78W  power=76.5W
[PID] perf=18.155Hz  target=10.312Hz  err=-7.843Hz  corr=-185.45W  u_ff=101.6W  PCAP→78W  power=77.7W
[PID] perf=18.202Hz  target=10.312Hz  err=-7.890Hz  corr=-186.31W  u_ff=101.6W  PCAP→78W  power=77.8W
[PID] perf=18.185Hz  target=10.312Hz  err=-7.873Hz  corr=-186.00W  u_ff=101.6W  PCAP→78W  power=78.9W
[PID] perf=18.187Hz  target=10.312Hz  err=-7.875Hz  corr=-186.04W  u_ff=101.6W  PCAP→78W  power=79.0W
[PID] perf=18.182Hz  target=10.312Hz  err=-7.870Hz  corr=-185.94W  u_ff=101.6W  PCAP→78W  power=79.1W
[PID] perf=18.185Hz  target=10.312Hz  err=-7.873Hz  corr=-186.00W  u_ff=101.6W  PCAP→78W  power=76.7W
[PID] perf=18.184Hz  target=10.312Hz  err=-7.872Hz  corr=-185.99W  u_ff=101.6W  PCAP→78W  power=78.6W
[PID] perf=18.175Hz  target=10.312Hz  err=-7.863Hz  corr=-185.81W  u_ff=101.6W  PCAP→78W  power=77.4W
[PID] perf=18.161Hz  target=10.312Hz  err=-7.849Hz  corr=-185.56W  u_ff=101.6W  PCAP→78W  power=77.9W
[PID] perf=18.186Hz  target=10.312Hz  err=-7.874Hz  corr=-186.02W  u_ff=101.6W  PCAP→78W  power=77.2W
[PID] perf=18.181Hz  target=10.312Hz  err=-7.869Hz  corr=-185.93W  u_ff=101.6W  PCAP→78W  power=77.1W
[PID] perf=18.194Hz  target=10.312Hz  err=-7.882Hz  corr=-186.17W  u_ff=101.6W  PCAP→78W  power=77.3W
[PID] perf=18.182Hz  target=10.312Hz  err=-7.870Hz  corr=-185.95W  u_ff=101.6W  PCAP→78W  power=77.7W
[PID] perf=18.183Hz  target=10.312Hz  err=-7.871Hz  corr=-185.96W  u_ff=101.6W  PCAP→78W  power=78.4W
[PID] perf=18.174Hz  target=10.312Hz  err=-7.862Hz  corr=-185.81W  u_ff=101.6W  PCAP→78W  power=79.0W
[PID] perf=18.164Hz  target=10.312Hz  err=-7.852Hz  corr=-185.61W  u_ff=101.6W  PCAP→78W  power=77.6W
[PID] perf=18.159Hz  target=10.312Hz  err=-7.847Hz  corr=-185.53W  u_ff=101.6W  PCAP→78W  power=76.6W
[PID] perf=18.150Hz  target=10.312Hz  err=-7.838Hz  corr=-185.36W  u_ff=101.6W  PCAP→78W  power=78.4W
[PID] perf=18.136Hz  target=10.312Hz  err=-7.824Hz  corr=-185.10W  u_ff=101.6W  PCAP→78W  power=79.1W
[PID] perf=18.161Hz  target=10.312Hz  err=-7.849Hz  corr=-185.56W  u_ff=101.6W  PCAP→78W  power=78.6W
[PID] perf=18.172Hz  target=10.312Hz  err=-7.860Hz  corr=-185.77W  u_ff=101.6W  PCAP→78W  power=77.1W
[PID] perf=18.167Hz  target=10.312Hz  err=-7.855Hz  corr=-185.68W  u_ff=101.6W  PCAP→78W  power=78.6W
[PID] perf=18.130Hz  target=10.312Hz  err=-7.818Hz  corr=-184.98W  u_ff=101.6W  PCAP→78W  power=77.8W
[PID] perf=18.150Hz  target=10.312Hz  err=-7.838Hz  corr=-185.35W  u_ff=101.6W  PCAP→78W  power=79.2W
[PID] perf=18.161Hz  target=10.312Hz  err=-7.849Hz  corr=-185.56W  u_ff=101.6W  PCAP→78W  power=77.6W
[PID] perf=18.153Hz  target=10.312Hz  err=-7.841Hz  corr=-185.41W  u_ff=101.6W  PCAP→78W  power=77.9W
[PID] perf=18.144Hz  target=10.312Hz  err=-7.832Hz  corr=-185.24W  u_ff=101.6W  PCAP→78W  power=79.0W
[PID] perf=18.151Hz  target=10.312Hz  err=-7.839Hz  corr=-185.38W  u_ff=101.6W  PCAP→78W  power=78.3W
[PID] perf=18.134Hz  target=10.312Hz  err=-7.822Hz  corr=-185.05W  u_ff=101.6W  PCAP→78W  power=77.2W
[PID] perf=18.165Hz  target=10.312Hz  err=-7.853Hz  corr=-185.64W  u_ff=101.6W  PCAP→78W  power=79.3W
[PID] perf=18.158Hz  target=10.312Hz  err=-7.846Hz  corr=-185.50W  u_ff=101.6W  PCAP→78W  power=78.3W
[PID] perf=18.166Hz  target=10.312Hz  err=-7.854Hz  corr=-185.65W  u_ff=101.6W  PCAP→78W  power=78.9W
[PID] perf=18.157Hz  target=10.312Hz  err=-7.845Hz  corr=-185.47W  u_ff=101.6W  PCAP→78W  power=76.6W
[PID] perf=18.166Hz  target=10.312Hz  err=-7.854Hz  corr=-185.65W  u_ff=101.6W  PCAP→78W  power=79.3W
[PID] perf=18.155Hz  target=10.312Hz  err=-7.843Hz  corr=-185.44W  u_ff=101.6W  PCAP→78W  power=78.8W
[PID] perf=18.125Hz  target=10.312Hz  err=-7.813Hz  corr=-184.89W  u_ff=101.6W  PCAP→78W  power=76.0W
[PID] perf=18.077Hz  target=10.312Hz  err=-7.765Hz  corr=-184.01W  u_ff=101.6W  PCAP→78W  power=77.1W
[PID] perf=18.093Hz  target=10.312Hz  err=-7.781Hz  corr=-184.30W  u_ff=101.6W  PCAP→78W  power=76.9W
[PID] perf=27.675Hz  target=10.312Hz  err=-17.363Hz  corr=-361.99W  u_ff=101.6W  PCAP→78W  power=77.8W
[PID] perf=27.839Hz  target=10.312Hz  err=-17.527Hz  corr=-365.04W  u_ff=101.6W  PCAP→78W  power=77.5W
[PID] perf=27.817Hz  target=10.312Hz  err=-17.505Hz  corr=-364.62W  u_ff=101.6W  PCAP→78W  power=77.8W
[PID] perf=27.873Hz  target=10.312Hz  err=-17.561Hz  corr=-365.66W  u_ff=101.6W  PCAP→78W  power=78.4W
[PID] perf=27.856Hz  target=10.312Hz  err=-17.544Hz  corr=-365.36W  u_ff=101.6W  PCAP→78W  power=79.1W
[PID] perf=27.822Hz  target=10.312Hz  err=-17.510Hz  corr=-364.72W  u_ff=101.6W  PCAP→78W  power=78.5W
[PID] perf=27.867Hz  target=10.312Hz  err=-17.555Hz  corr=-365.55W  u_ff=101.6W  PCAP→78W  power=76.4W
[PID] perf=27.885Hz  target=10.312Hz  err=-17.573Hz  corr=-365.88W  u_ff=101.6W  PCAP→78W  power=77.1W
[PID] perf=27.842Hz  target=10.312Hz  err=-17.530Hz  corr=-365.09W  u_ff=101.6W  PCAP→78W  power=77.8W
[PID] perf=27.868Hz  target=10.312Hz  err=-17.556Hz  corr=-365.57W  u_ff=101.6W  PCAP→78W  power=77.1W
[PID] perf=27.849Hz  target=10.312Hz  err=-17.537Hz  corr=-365.22W  u_ff=101.6W  PCAP→78W  power=79.0W
[PID] perf=27.857Hz  target=10.312Hz  err=-17.545Hz  corr=-365.37W  u_ff=101.6W  PCAP→78W  power=78.5W
[PID] perf=27.866Hz  target=10.312Hz  err=-17.554Hz  corr=-365.54W  u_ff=101.6W  PCAP→78W  power=77.6W
[PID] perf=27.850Hz  target=10.312Hz  err=-17.538Hz  corr=-365.24W  u_ff=101.6W  PCAP→78W  power=78.5W
[PID] perf=27.839Hz  target=10.312Hz  err=-17.527Hz  corr=-365.03W  u_ff=101.6W  PCAP→78W  power=78.2W
[PID] perf=27.831Hz  target=10.312Hz  err=-17.519Hz  corr=-364.89W  u_ff=101.6W  PCAP→78W  power=79.1W
[PID] perf=27.813Hz  target=10.312Hz  err=-17.501Hz  corr=-364.55W  u_ff=101.6W  PCAP→78W  power=78.8W
[PID] perf=27.839Hz  target=10.312Hz  err=-17.527Hz  corr=-365.04W  u_ff=101.6W  PCAP→78W  power=77.6W
[PID] perf=27.843Hz  target=10.312Hz  err=-17.531Hz  corr=-365.11W  u_ff=101.6W  PCAP→78W  power=78.8W
[PID] perf=27.831Hz  target=10.312Hz  err=-17.519Hz  corr=-364.88W  u_ff=101.6W  PCAP→78W  power=78.8W
[PID] perf=27.821Hz  target=10.312Hz  err=-17.509Hz  corr=-364.71W  u_ff=101.6W  PCAP→78W  power=78.7W
[PID] perf=27.813Hz  target=10.312Hz  err=-17.501Hz  corr=-364.55W  u_ff=101.6W  PCAP→78W  power=77.1W
[PID] perf=27.841Hz  target=10.312Hz  err=-17.529Hz  corr=-365.07W  u_ff=101.6W  PCAP→78W  power=78.6W
[PID] perf=27.177Hz  target=10.312Hz  err=-16.865Hz  corr=-352.75W  u_ff=101.6W  PCAP→78W  power=77.2W
[PID] perf=27.235Hz  target=10.312Hz  err=-16.923Hz  corr=-353.83W  u_ff=101.6W  PCAP→78W  power=78.2W
[PID] perf=27.272Hz  target=10.312Hz  err=-16.960Hz  corr=-354.51W  u_ff=101.6W  PCAP→78W  power=79.2W
[PID] perf=27.252Hz  target=10.312Hz  err=-16.940Hz  corr=-354.14W  u_ff=101.6W  PCAP→78W  power=79.1W
[PID] perf=27.260Hz  target=10.312Hz  err=-16.948Hz  corr=-354.29W  u_ff=101.6W  PCAP→78W  power=78.9W
[PID] perf=27.248Hz  target=10.312Hz  err=-16.936Hz  corr=-354.07W  u_ff=101.6W  PCAP→78W  power=77.8W
[PID] perf=27.254Hz  target=10.312Hz  err=-16.942Hz  corr=-354.18W  u_ff=101.6W  PCAP→78W  power=78.8W
[PID] perf=27.235Hz  target=10.312Hz  err=-16.923Hz  corr=-353.83W  u_ff=101.6W  PCAP→78W  power=77.7W
[PID] perf=27.244Hz  target=10.312Hz  err=-16.932Hz  corr=-353.99W  u_ff=101.6W  PCAP→78W  power=77.0W
[PID] perf=27.279Hz  target=10.312Hz  err=-16.967Hz  corr=-354.65W  u_ff=101.6W  PCAP→78W  power=76.1W
[PID] perf=27.256Hz  target=10.312Hz  err=-16.944Hz  corr=-354.22W  u_ff=101.6W  PCAP→78W  power=76.3W
[PID] perf=27.290Hz  target=10.312Hz  err=-16.978Hz  corr=-354.85W  u_ff=101.6W  PCAP→78W  power=77.2W
[PID] perf=27.291Hz  target=10.312Hz  err=-16.979Hz  corr=-354.87W  u_ff=101.6W  PCAP→78W  power=78.5W
[PID] perf=27.294Hz  target=10.312Hz  err=-16.982Hz  corr=-354.92W  u_ff=101.6W  PCAP→78W  power=77.6W
[PID] perf=27.317Hz  target=10.312Hz  err=-17.005Hz  corr=-355.36W  u_ff=101.6W  PCAP→78W  power=77.5W
[PID] perf=27.381Hz  target=10.312Hz  err=-17.069Hz  corr=-356.54W  u_ff=101.6W  PCAP→78W  power=76.4W
[PID] perf=27.364Hz  target=10.312Hz  err=-17.052Hz  corr=-356.23W  u_ff=101.6W  PCAP→78W  power=77.8W
[PID] perf=27.373Hz  target=10.312Hz  err=-17.061Hz  corr=-356.39W  u_ff=101.6W  PCAP→78W  power=78.2W
[PID] perf=27.315Hz  target=10.312Hz  err=-17.003Hz  corr=-355.31W  u_ff=101.6W  PCAP→78W  power=77.7W
[PID] perf=24.558Hz  target=10.312Hz  err=-14.246Hz  corr=-304.19W  u_ff=101.6W  PCAP→78W  power=78.0W
[PID] perf=26.302Hz  target=10.312Hz  err=-15.990Hz  corr=-336.53W  u_ff=101.6W  PCAP→78W  power=78.0W
[PID] perf=26.743Hz  target=10.312Hz  err=-16.431Hz  corr=-344.70W  u_ff=101.6W  PCAP→78W  power=78.7W
[PID] perf=26.814Hz  target=10.312Hz  err=-16.502Hz  corr=-346.03W  u_ff=101.6W  PCAP→78W  power=78.9W
[PID] perf=26.819Hz  target=10.312Hz  err=-16.507Hz  corr=-346.11W  u_ff=101.6W  PCAP→78W  power=79.4W
[PID] perf=26.803Hz  target=10.312Hz  err=-16.491Hz  corr=-345.82W  u_ff=101.6W  PCAP→78W  power=78.8W
[PID] perf=26.852Hz  target=10.312Hz  err=-16.540Hz  corr=-346.74W  u_ff=101.6W  PCAP→78W  power=77.3W
[PID] perf=26.881Hz  target=10.312Hz  err=-16.569Hz  corr=-347.26W  u_ff=101.6W  PCAP→78W  power=77.6W
[PID] perf=26.784Hz  target=10.312Hz  err=-16.472Hz  corr=-345.47W  u_ff=101.6W  PCAP→78W  power=77.5W
[PID] perf=26.881Hz  target=10.312Hz  err=-16.569Hz  corr=-347.26W  u_ff=101.6W  PCAP→78W  power=76.8W
[PID] perf=26.748Hz  target=10.312Hz  err=-16.436Hz  corr=-344.81W  u_ff=101.6W  PCAP→78W  power=76.3W
[PID] perf=26.775Hz  target=10.312Hz  err=-16.463Hz  corr=-345.30W  u_ff=101.6W  PCAP→78W  power=77.7W
[PID] perf=26.791Hz  target=10.312Hz  err=-16.479Hz  corr=-345.60W  u_ff=101.6W  PCAP→78W  power=77.0W
[PID] perf=26.841Hz  target=10.312Hz  err=-16.529Hz  corr=-346.53W  u_ff=101.6W  PCAP→78W  power=76.7W
[PID] perf=25.630Hz  target=10.312Hz  err=-15.318Hz  corr=-324.07W  u_ff=101.6W  PCAP→78W  power=76.9W
[PID] perf=26.724Hz  target=10.312Hz  err=-16.412Hz  corr=-344.35W  u_ff=101.6W  PCAP→78W  power=77.2W
[PID] perf=26.922Hz  target=10.312Hz  err=-16.610Hz  corr=-348.03W  u_ff=101.6W  PCAP→78W  power=77.6W
[PID] perf=26.967Hz  target=10.312Hz  err=-16.655Hz  corr=-348.85W  u_ff=101.6W  PCAP→78W  power=77.4W
[PID] perf=26.979Hz  target=10.312Hz  err=-16.667Hz  corr=-349.08W  u_ff=101.6W  PCAP→78W  power=78.8W
[PID] perf=27.035Hz  target=10.312Hz  err=-16.723Hz  corr=-350.12W  u_ff=101.6W  PCAP→78W  power=79.1W
[PID] perf=27.047Hz  target=10.312Hz  err=-16.735Hz  corr=-350.35W  u_ff=101.6W  PCAP→78W  power=78.6W
[PID] perf=27.024Hz  target=10.312Hz  err=-16.712Hz  corr=-349.92W  u_ff=101.6W  PCAP→78W  power=79.2W
[PID] perf=27.032Hz  target=10.312Hz  err=-16.720Hz  corr=-350.06W  u_ff=101.6W  PCAP→78W  power=77.2W
[PID] perf=27.007Hz  target=10.312Hz  err=-16.695Hz  corr=-349.61W  u_ff=101.6W  PCAP→78W  power=77.0W
[PID] perf=27.048Hz  target=10.312Hz  err=-16.736Hz  corr=-350.36W  u_ff=101.6W  PCAP→78W  power=76.4W
[PID] perf=27.031Hz  target=10.312Hz  err=-16.719Hz  corr=-350.05W  u_ff=101.6W  PCAP→78W  power=77.4W
[PID] perf=27.033Hz  target=10.312Hz  err=-16.721Hz  corr=-350.08W  u_ff=101.6W  PCAP→78W  power=78.0W
[PID] perf=27.063Hz  target=10.312Hz  err=-16.751Hz  corr=-350.64W  u_ff=101.6W  PCAP→78W  power=76.6W
[PID] perf=27.029Hz  target=10.312Hz  err=-16.717Hz  corr=-350.01W  u_ff=101.6W  PCAP→78W  power=77.2W
[PID] perf=27.023Hz  target=10.312Hz  err=-16.711Hz  corr=-349.89W  u_ff=101.6W  PCAP→78W  power=78.4W
[PID] perf=27.043Hz  target=10.312Hz  err=-16.731Hz  corr=-350.27W  u_ff=101.6W  PCAP→78W  power=77.0W
[PID] perf=26.456Hz  target=10.312Hz  err=-16.144Hz  corr=-339.39W  u_ff=101.6W  PCAP→78W  power=76.9W
[PID] perf=26.510Hz  target=10.312Hz  err=-16.198Hz  corr=-340.39W  u_ff=101.6W  PCAP→78W  power=77.3W
[PID] perf=26.513Hz  target=10.312Hz  err=-16.201Hz  corr=-340.45W  u_ff=101.6W  PCAP→78W  power=79.0W
[PID] perf=26.545Hz  target=10.312Hz  err=-16.233Hz  corr=-341.03W  u_ff=101.6W  PCAP→78W  power=77.2W
[PID] perf=26.533Hz  target=10.312Hz  err=-16.221Hz  corr=-340.82W  u_ff=101.6W  PCAP→78W  power=79.3W
[PID] perf=26.564Hz  target=10.312Hz  err=-16.252Hz  corr=-341.39W  u_ff=101.6W  PCAP→78W  power=77.8W
[PID] perf=26.552Hz  target=10.312Hz  err=-16.240Hz  corr=-341.16W  u_ff=101.6W  PCAP→78W  power=78.1W
[PID] perf=26.567Hz  target=10.312Hz  err=-16.255Hz  corr=-341.44W  u_ff=101.6W  PCAP→78W  power=76.4W
[PID] perf=26.565Hz  target=10.312Hz  err=-16.253Hz  corr=-341.40W  u_ff=101.6W  PCAP→78W  power=78.2W
[PID] perf=26.525Hz  target=10.312Hz  err=-16.213Hz  corr=-340.66W  u_ff=101.6W  PCAP→78W  power=77.0W
[PID] perf=26.553Hz  target=10.312Hz  err=-16.241Hz  corr=-341.19W  u_ff=101.6W  PCAP→78W  power=77.9W
[PID] perf=26.547Hz  target=10.312Hz  err=-16.235Hz  corr=-341.08W  u_ff=101.6W  PCAP→78W  power=76.5W
[PID] perf=26.514Hz  target=10.312Hz  err=-16.202Hz  corr=-340.47W  u_ff=101.6W  PCAP→78W  power=77.1W
[PID] perf=26.536Hz  target=10.312Hz  err=-16.224Hz  corr=-340.88W  u_ff=101.6W  PCAP→78W  power=78.4W
[PID] perf=26.495Hz  target=10.312Hz  err=-16.183Hz  corr=-340.11W  u_ff=101.6W  PCAP→78W  power=78.3W
[PID] perf=26.511Hz  target=10.312Hz  err=-16.199Hz  corr=-340.41W  u_ff=101.6W  PCAP→78W  power=77.1W
[PID] perf=26.523Hz  target=10.312Hz  err=-16.211Hz  corr=-340.62W  u_ff=101.6W  PCAP→78W  power=78.8W
[PID] perf=26.512Hz  target=10.312Hz  err=-16.200Hz  corr=-340.42W  u_ff=101.6W  PCAP→78W  power=79.0W
[PID] perf=26.507Hz  target=10.312Hz  err=-16.195Hz  corr=-340.33W  u_ff=101.6W  PCAP→78W  power=78.7W
[PID] perf=26.492Hz  target=10.312Hz  err=-16.180Hz  corr=-340.06W  u_ff=101.6W  PCAP→78W  power=79.3W
[PID] perf=26.530Hz  target=10.312Hz  err=-16.218Hz  corr=-340.76W  u_ff=101.6W  PCAP→78W  power=79.0W
[PID] perf=26.531Hz  target=10.312Hz  err=-16.219Hz  corr=-340.77W  u_ff=101.6W  PCAP→78W  power=78.5W
[PID] perf=26.574Hz  target=10.312Hz  err=-16.262Hz  corr=-341.57W  u_ff=101.6W  PCAP→78W  power=78.1W
[PID] perf=26.567Hz  target=10.312Hz  err=-16.255Hz  corr=-341.44W  u_ff=101.6W  PCAP→78W  power=77.6W
[PID] perf=26.597Hz  target=10.312Hz  err=-16.285Hz  corr=-342.00W  u_ff=101.6W  PCAP→78W  power=76.3W
[PID] perf=26.595Hz  target=10.312Hz  err=-16.283Hz  corr=-341.97W  u_ff=101.6W  PCAP→78W  power=77.7W
[PID] perf=26.578Hz  target=10.312Hz  err=-16.266Hz  corr=-341.64W  u_ff=101.6W  PCAP→78W  power=77.1W
[PID] perf=25.609Hz  target=10.312Hz  err=-15.297Hz  corr=-323.67W  u_ff=101.6W  PCAP→78W  power=76.5W
[PID] perf=26.624Hz  target=10.312Hz  err=-16.312Hz  corr=-342.51W  u_ff=101.6W  PCAP→78W  power=77.1W
[PID] perf=26.842Hz  target=10.312Hz  err=-16.530Hz  corr=-346.54W  u_ff=101.6W  PCAP→78W  power=77.1W
[PID] perf=26.830Hz  target=10.312Hz  err=-16.518Hz  corr=-346.32W  u_ff=101.6W  PCAP→78W  power=78.7W
[PID] perf=26.713Hz  target=10.312Hz  err=-16.402Hz  corr=-344.16W  u_ff=101.6W  PCAP→78W  power=78.8W
[PID] perf=26.731Hz  target=10.312Hz  err=-16.420Hz  corr=-344.49W  u_ff=101.6W  PCAP→78W  power=77.2W
[PID] perf=26.723Hz  target=10.312Hz  err=-16.411Hz  corr=-344.34W  u_ff=101.6W  PCAP→78W  power=77.3W
[PID] perf=26.727Hz  target=10.312Hz  err=-16.415Hz  corr=-344.41W  u_ff=101.6W  PCAP→78W  power=77.6W
[PID] perf=26.731Hz  target=10.312Hz  err=-16.419Hz  corr=-344.48W  u_ff=101.6W  PCAP→78W  power=76.3W
[PID] perf=26.759Hz  target=10.312Hz  err=-16.447Hz  corr=-345.00W  u_ff=101.6W  PCAP→78W  power=78.0W
[PID] perf=26.799Hz  target=10.312Hz  err=-16.487Hz  corr=-345.75W  u_ff=101.6W  PCAP→78W  power=78.0W
[PID] perf=26.766Hz  target=10.312Hz  err=-16.454Hz  corr=-345.13W  u_ff=101.6W  PCAP→78W  power=77.9W
[PID] perf=26.783Hz  target=10.312Hz  err=-16.471Hz  corr=-345.45W  u_ff=101.6W  PCAP→78W  power=77.0W
[PID] perf=26.770Hz  target=10.312Hz  err=-16.458Hz  corr=-345.21W  u_ff=101.6W  PCAP→78W  power=76.9W
[PID] perf=27.168Hz  target=10.312Hz  err=-16.856Hz  corr=-352.59W  u_ff=101.6W  PCAP→78W  power=77.8W
[PID] perf=27.119Hz  target=10.312Hz  err=-16.807Hz  corr=-351.68W  u_ff=101.6W  PCAP→78W  power=78.4W
[PID] perf=26.249Hz  target=10.312Hz  err=-15.937Hz  corr=-335.54W  u_ff=101.6W  PCAP→78W  power=78.6W
[PID] perf=26.356Hz  target=10.312Hz  err=-16.044Hz  corr=-337.53W  u_ff=101.6W  PCAP→78W  power=77.7W
[PID] perf=26.334Hz  target=10.312Hz  err=-16.022Hz  corr=-337.12W  u_ff=101.6W  PCAP→78W  power=78.6W
[PID] perf=26.395Hz  target=10.312Hz  err=-16.083Hz  corr=-338.25W  u_ff=101.6W  PCAP→78W  power=78.5W
[PID] perf=26.381Hz  target=10.312Hz  err=-16.069Hz  corr=-338.00W  u_ff=101.6W  PCAP→78W  power=78.3W
[PID] perf=26.364Hz  target=10.312Hz  err=-16.052Hz  corr=-337.68W  u_ff=101.6W  PCAP→78W  power=79.0W
[PID] perf=26.369Hz  target=10.312Hz  err=-16.057Hz  corr=-337.78W  u_ff=101.6W  PCAP→78W  power=77.3W
[PID] perf=26.364Hz  target=10.312Hz  err=-16.052Hz  corr=-337.69W  u_ff=101.6W  PCAP→78W  power=77.0W
[PID] perf=26.392Hz  target=10.312Hz  err=-16.080Hz  corr=-338.19W  u_ff=101.6W  PCAP→78W  power=77.0W
[PID] perf=26.365Hz  target=10.312Hz  err=-16.053Hz  corr=-337.70W  u_ff=101.6W  PCAP→78W  power=77.9W
[PID] perf=26.362Hz  target=10.312Hz  err=-16.050Hz  corr=-337.64W  u_ff=101.6W  PCAP→78W  power=78.7W
[PID] perf=26.321Hz  target=10.312Hz  err=-16.009Hz  corr=-336.88W  u_ff=101.6W  PCAP→78W  power=78.7W
[PID] perf=26.367Hz  target=10.312Hz  err=-16.055Hz  corr=-337.74W  u_ff=101.6W  PCAP→78W  power=77.7W
[PID] perf=26.427Hz  target=10.312Hz  err=-16.115Hz  corr=-338.86W  u_ff=101.6W  PCAP→78W  power=78.7W
[PID] perf=26.424Hz  target=10.312Hz  err=-16.112Hz  corr=-338.79W  u_ff=101.6W  PCAP→78W  power=78.1W
[PID] perf=26.387Hz  target=10.312Hz  err=-16.075Hz  corr=-338.11W  u_ff=101.6W  PCAP→78W  power=78.0W
[PID] perf=26.402Hz  target=10.312Hz  err=-16.091Hz  corr=-338.39W  u_ff=101.6W  PCAP→78W  power=76.8W
[PID] perf=26.379Hz  target=10.312Hz  err=-16.067Hz  corr=-337.96W  u_ff=101.6W  PCAP→78W  power=76.8W
[PID] perf=26.414Hz  target=10.312Hz  err=-16.102Hz  corr=-338.61W  u_ff=101.6W  PCAP→78W  power=76.6W
[PID] perf=27.357Hz  target=10.312Hz  err=-17.045Hz  corr=-356.10W  u_ff=101.6W  PCAP→78W  power=78.2W
[PID] perf=27.370Hz  target=10.312Hz  err=-17.058Hz  corr=-356.33W  u_ff=101.6W  PCAP→78W  power=77.7W
[PID] perf=27.385Hz  target=10.312Hz  err=-17.073Hz  corr=-356.61W  u_ff=101.6W  PCAP→78W  power=79.2W
[PID] perf=27.392Hz  target=10.312Hz  err=-17.080Hz  corr=-356.74W  u_ff=101.6W  PCAP→78W  power=78.7W
[PID] perf=27.377Hz  target=10.312Hz  err=-17.065Hz  corr=-356.47W  u_ff=101.6W  PCAP→78W  power=78.8W
[PID] perf=27.369Hz  target=10.312Hz  err=-17.057Hz  corr=-356.31W  u_ff=101.6W  PCAP→78W  power=78.3W
[PID] perf=27.038Hz  target=10.312Hz  err=-16.726Hz  corr=-350.18W  u_ff=101.6W  PCAP→78W  power=79.1W
[PID] perf=27.087Hz  target=10.312Hz  err=-16.775Hz  corr=-351.09W  u_ff=101.6W  PCAP→78W  power=77.4W
[PID] perf=27.039Hz  target=10.312Hz  err=-16.727Hz  corr=-350.21W  u_ff=101.6W  PCAP→78W  power=78.7W
[PID] perf=27.052Hz  target=10.312Hz  err=-16.740Hz  corr=-350.45W  u_ff=101.6W  PCAP→78W  power=77.8W
[PID] perf=27.128Hz  target=10.312Hz  err=-16.816Hz  corr=-351.86W  u_ff=101.6W  PCAP→78W  power=77.0W
[PID] perf=27.096Hz  target=10.312Hz  err=-16.784Hz  corr=-351.26W  u_ff=101.6W  PCAP→78W  power=78.1W
[PID] perf=27.111Hz  target=10.312Hz  err=-16.799Hz  corr=-351.54W  u_ff=101.6W  PCAP→78W  power=77.7W
[PID] perf=27.374Hz  target=10.312Hz  err=-17.062Hz  corr=-356.42W  u_ff=101.6W  PCAP→78W  power=76.8W
[PID] perf=27.366Hz  target=10.312Hz  err=-17.054Hz  corr=-356.26W  u_ff=101.6W  PCAP→78W  power=77.7W
[PID] perf=27.385Hz  target=10.312Hz  err=-17.073Hz  corr=-356.62W  u_ff=101.6W  PCAP→78W  power=77.8W
[PID] perf=27.343Hz  target=10.312Hz  err=-17.031Hz  corr=-355.84W  u_ff=101.6W  PCAP→78W  power=77.0W
[PID] perf=27.330Hz  target=10.312Hz  err=-17.018Hz  corr=-355.59W  u_ff=101.6W  PCAP→78W  power=76.5W
[PID] perf=27.349Hz  target=10.312Hz  err=-17.037Hz  corr=-355.94W  u_ff=101.6W  PCAP→78W  power=78.1W
[PID] perf=27.321Hz  target=10.312Hz  err=-17.009Hz  corr=-355.43W  u_ff=101.6W  PCAP→78W  power=76.5W
[PID] perf=27.318Hz  target=10.312Hz  err=-17.006Hz  corr=-355.38W  u_ff=101.6W  PCAP→78W  power=78.7W
[PID] perf=27.356Hz  target=10.312Hz  err=-17.045Hz  corr=-356.08W  u_ff=101.6W  PCAP→78W  power=77.6W
[PID] perf=27.349Hz  target=10.312Hz  err=-17.037Hz  corr=-355.94W  u_ff=101.6W  PCAP→78W  power=78.6W
[PID] perf=27.361Hz  target=10.312Hz  err=-17.049Hz  corr=-356.17W  u_ff=101.6W  PCAP→78W  power=79.2W
[PID] perf=27.385Hz  target=10.312Hz  err=-17.073Hz  corr=-356.61W  u_ff=101.6W  PCAP→78W  power=77.4W
[PID] perf=27.348Hz  target=10.312Hz  err=-17.036Hz  corr=-355.94W  u_ff=101.6W  PCAP→78W  power=78.2W
[PID] perf=27.338Hz  target=10.312Hz  err=-17.026Hz  corr=-355.73W  u_ff=101.6W  PCAP→78W  power=77.9W
[PID] perf=27.351Hz  target=10.312Hz  err=-17.039Hz  corr=-355.97W  u_ff=101.6W  PCAP→78W  power=77.7W
[PID] perf=27.368Hz  target=10.312Hz  err=-17.056Hz  corr=-356.30W  u_ff=101.6W  PCAP→78W  power=79.2W
[PID] perf=27.361Hz  target=10.312Hz  err=-17.049Hz  corr=-356.16W  u_ff=101.6W  PCAP→78W  power=77.8W
[PID] perf=27.366Hz  target=10.312Hz  err=-17.054Hz  corr=-356.26W  u_ff=101.6W  PCAP→78W  power=77.3W
[PID] perf=27.366Hz  target=10.312Hz  err=-17.054Hz  corr=-356.26W  u_ff=101.6W  PCAP→78W  power=77.3W
[PID] perf=27.383Hz  target=10.312Hz  err=-17.071Hz  corr=-356.58W  u_ff=101.6W  PCAP→78W  power=78.0W
[PID] perf=27.385Hz  target=10.312Hz  err=-17.073Hz  corr=-356.62W  u_ff=101.6W  PCAP→78W  power=76.5W
[PID] perf=27.374Hz  target=10.312Hz  err=-17.062Hz  corr=-356.42W  u_ff=101.6W  PCAP→78W  power=76.2W
[PID] perf=27.427Hz  target=10.312Hz  err=-17.115Hz  corr=-357.39W  u_ff=101.6W  PCAP→78W  power=77.7W
[PID] perf=27.398Hz  target=10.312Hz  err=-17.086Hz  corr=-356.85W  u_ff=101.6W  PCAP→78W  power=76.5W
[PID] perf=27.390Hz  target=10.312Hz  err=-17.078Hz  corr=-356.70W  u_ff=101.6W  PCAP→78W  power=77.2W
[PID] perf=27.443Hz  target=10.312Hz  err=-17.131Hz  corr=-357.70W  u_ff=101.6W  PCAP→78W  power=77.7W
[PID] perf=27.432Hz  target=10.312Hz  err=-17.120Hz  corr=-357.48W  u_ff=101.6W  PCAP→78W  power=76.7W
[PID] perf=27.438Hz  target=10.312Hz  err=-17.126Hz  corr=-357.59W  u_ff=101.6W  PCAP→78W  power=77.6W
[PID] perf=27.395Hz  target=10.312Hz  err=-17.083Hz  corr=-356.81W  u_ff=101.6W  PCAP→78W  power=79.3W
[PID] perf=27.425Hz  target=10.312Hz  err=-17.113Hz  corr=-357.35W  u_ff=101.6W  PCAP→78W  power=76.9W
[PID] perf=27.434Hz  target=10.312Hz  err=-17.122Hz  corr=-357.52W  u_ff=101.6W  PCAP→78W  power=78.0W
[PID] perf=27.434Hz  target=10.312Hz  err=-17.122Hz  corr=-357.53W  u_ff=101.6W  PCAP→78W  power=77.8W
[PID] perf=27.389Hz  target=10.312Hz  err=-17.077Hz  corr=-356.68W  u_ff=101.6W  PCAP→78W  power=79.1W
[PID] perf=27.367Hz  target=10.312Hz  err=-17.055Hz  corr=-356.28W  u_ff=101.6W  PCAP→78W  power=77.8W
[PID] perf=27.392Hz  target=10.312Hz  err=-17.080Hz  corr=-356.75W  u_ff=101.6W  PCAP→78W  power=77.1W
[PID] perf=27.403Hz  target=10.312Hz  err=-17.091Hz  corr=-356.94W  u_ff=101.6W  PCAP→78W  power=76.2W
[PID] perf=27.400Hz  target=10.312Hz  err=-17.088Hz  corr=-356.89W  u_ff=101.6W  PCAP→78W  power=77.1W
[PID] perf=27.409Hz  target=10.312Hz  err=-17.097Hz  corr=-357.05W  u_ff=101.6W  PCAP→78W  power=76.8W
[PID] perf=27.336Hz  target=10.312Hz  err=-17.024Hz  corr=-355.71W  u_ff=101.6W  PCAP→78W  power=78.7W
[PID] perf=27.303Hz  target=10.312Hz  err=-16.991Hz  corr=-355.09W  u_ff=101.6W  PCAP→78W  power=77.4W
[PID] perf=27.406Hz  target=10.312Hz  err=-17.094Hz  corr=-357.01W  u_ff=101.6W  PCAP→78W  power=76.2W
[PID] perf=27.361Hz  target=10.312Hz  err=-17.049Hz  corr=-356.17W  u_ff=101.6W  PCAP→78W  power=77.1W
[PID] perf=27.368Hz  target=10.312Hz  err=-17.056Hz  corr=-356.30W  u_ff=101.6W  PCAP→78W  power=78.4W
[PID] perf=27.358Hz  target=10.312Hz  err=-17.046Hz  corr=-356.11W  u_ff=101.6W  PCAP→78W  power=78.1W
[PID] perf=27.390Hz  target=10.312Hz  err=-17.078Hz  corr=-356.71W  u_ff=101.6W  PCAP→78W  power=77.1W
[PID] perf=27.381Hz  target=10.312Hz  err=-17.069Hz  corr=-356.53W  u_ff=101.6W  PCAP→78W  power=78.7W
[PID] perf=27.363Hz  target=10.312Hz  err=-17.051Hz  corr=-356.20W  u_ff=101.6W  PCAP→78W  power=77.8W
[PID] perf=27.385Hz  target=10.312Hz  err=-17.073Hz  corr=-356.61W  u_ff=101.6W  PCAP→78W  power=78.6W
[PID] perf=27.383Hz  target=10.312Hz  err=-17.071Hz  corr=-356.59W  u_ff=101.6W  PCAP→78W  power=78.3W
[PID] perf=27.367Hz  target=10.312Hz  err=-17.055Hz  corr=-356.28W  u_ff=101.6W  PCAP→78W  power=78.5W
[PID] perf=27.402Hz  target=10.312Hz  err=-17.090Hz  corr=-356.93W  u_ff=101.6W  PCAP→78W  power=78.9W
[PID] perf=27.557Hz  target=10.312Hz  err=-17.245Hz  corr=-359.81W  u_ff=101.6W  PCAP→78W  power=79.3W
[PID] perf=27.655Hz  target=10.312Hz  err=-17.343Hz  corr=-361.62W  u_ff=101.6W  PCAP→78W  power=78.0W
[PID] perf=27.711Hz  target=10.312Hz  err=-17.399Hz  corr=-362.67W  u_ff=101.6W  PCAP→78W  power=78.8W
[PID] perf=27.739Hz  target=10.312Hz  err=-17.427Hz  corr=-363.19W  u_ff=101.6W  PCAP→78W  power=77.0W
[PID] perf=26.890Hz  target=10.312Hz  err=-16.578Hz  corr=-347.43W  u_ff=101.6W  PCAP→78W  power=78.1W
[PID] perf=26.875Hz  target=10.312Hz  err=-16.563Hz  corr=-347.15W  u_ff=101.6W  PCAP→78W  power=77.0W
[PID] perf=26.891Hz  target=10.312Hz  err=-16.579Hz  corr=-347.45W  u_ff=101.6W  PCAP→78W  power=77.5W
[PID] perf=26.921Hz  target=10.312Hz  err=-16.609Hz  corr=-348.01W  u_ff=101.6W  PCAP→78W  power=77.3W
[PID] perf=26.908Hz  target=10.312Hz  err=-16.596Hz  corr=-347.77W  u_ff=101.6W  PCAP→78W  power=78.9W
[PID] perf=26.906Hz  target=10.312Hz  err=-16.594Hz  corr=-347.73W  u_ff=101.6W  PCAP→78W  power=79.1W
[PID] perf=26.843Hz  target=10.312Hz  err=-16.531Hz  corr=-346.55W  u_ff=101.6W  PCAP→78W  power=76.4W
[PID] perf=26.800Hz  target=10.312Hz  err=-16.488Hz  corr=-345.77W  u_ff=101.6W  PCAP→78W  power=77.1W
[PID] perf=26.830Hz  target=10.312Hz  err=-16.518Hz  corr=-346.33W  u_ff=101.6W  PCAP→78W  power=77.5W
[PID] perf=26.872Hz  target=10.312Hz  err=-16.561Hz  corr=-347.11W  u_ff=101.6W  PCAP→78W  power=77.6W
[PID] perf=26.880Hz  target=10.312Hz  err=-16.568Hz  corr=-347.24W  u_ff=101.6W  PCAP→78W  power=79.5W
[PID] perf=26.836Hz  target=10.312Hz  err=-16.524Hz  corr=-346.43W  u_ff=101.6W  PCAP→78W  power=76.4W
[PID] perf=26.851Hz  target=10.312Hz  err=-16.539Hz  corr=-346.72W  u_ff=101.6W  PCAP→78W  power=77.5W
[PID] perf=26.871Hz  target=10.312Hz  err=-16.559Hz  corr=-347.09W  u_ff=101.6W  PCAP→78W  power=78.1W
[PID] perf=26.858Hz  target=10.312Hz  err=-16.546Hz  corr=-346.84W  u_ff=101.6W  PCAP→78W  power=78.6W
[PID] perf=26.886Hz  target=10.312Hz  err=-16.574Hz  corr=-347.36W  u_ff=101.6W  PCAP→78W  power=78.8W
[PID] perf=26.861Hz  target=10.312Hz  err=-16.549Hz  corr=-346.90W  u_ff=101.6W  PCAP→78W  power=78.6W
[PID] perf=26.786Hz  target=10.312Hz  err=-16.474Hz  corr=-345.51W  u_ff=101.6W  PCAP→78W  power=77.1W
[PID] perf=26.872Hz  target=10.312Hz  err=-16.560Hz  corr=-347.09W  u_ff=101.6W  PCAP→78W  power=76.8W
[PID] perf=26.883Hz  target=10.312Hz  err=-16.571Hz  corr=-347.31W  u_ff=101.6W  PCAP→78W  power=78.5W
[PID] perf=26.866Hz  target=10.312Hz  err=-16.554Hz  corr=-346.99W  u_ff=101.6W  PCAP→78W  power=77.5W
[PID] perf=26.848Hz  target=10.312Hz  err=-16.536Hz  corr=-346.66W  u_ff=101.6W  PCAP→78W  power=77.4W
[PID] perf=26.866Hz  target=10.312Hz  err=-16.554Hz  corr=-346.98W  u_ff=101.6W  PCAP→78W  power=78.7W
[PID] perf=26.842Hz  target=10.312Hz  err=-16.530Hz  corr=-346.54W  u_ff=101.6W  PCAP→78W  power=77.0W
[PID] perf=26.825Hz  target=10.312Hz  err=-16.514Hz  corr=-346.24W  u_ff=101.6W  PCAP→78W  power=76.7W
[PID] perf=26.791Hz  target=10.312Hz  err=-16.479Hz  corr=-345.59W  u_ff=101.6W  PCAP→78W  power=78.3W
[PID] perf=26.881Hz  target=10.312Hz  err=-16.569Hz  corr=-347.27W  u_ff=101.6W  PCAP→78W  power=77.7W
[PID] perf=25.756Hz  target=10.312Hz  err=-15.444Hz  corr=-326.40W  u_ff=101.6W  PCAP→78W  power=78.5W
[PID] perf=25.754Hz  target=10.312Hz  err=-15.442Hz  corr=-326.37W  u_ff=101.6W  PCAP→78W  power=76.4W
[PID] perf=27.390Hz  target=10.312Hz  err=-17.078Hz  corr=-356.70W  u_ff=101.6W  PCAP→78W  power=77.1W
[PID] perf=27.403Hz  target=10.312Hz  err=-17.091Hz  corr=-356.95W  u_ff=101.6W  PCAP→78W  power=76.5W
[PID] perf=27.378Hz  target=10.312Hz  err=-17.066Hz  corr=-356.49W  u_ff=101.6W  PCAP→78W  power=77.3W
[PID] perf=27.360Hz  target=10.312Hz  err=-17.048Hz  corr=-356.15W  u_ff=101.6W  PCAP→78W  power=77.1W
[PID] perf=27.368Hz  target=10.312Hz  err=-17.056Hz  corr=-356.29W  u_ff=101.6W  PCAP→78W  power=78.4W
[PID] perf=27.367Hz  target=10.312Hz  err=-17.055Hz  corr=-356.28W  u_ff=101.6W  PCAP→78W  power=78.0W
[PID] perf=27.348Hz  target=10.312Hz  err=-17.036Hz  corr=-355.92W  u_ff=101.6W  PCAP→78W  power=77.2W
[PID] perf=27.359Hz  target=10.312Hz  err=-17.047Hz  corr=-356.14W  u_ff=101.6W  PCAP→78W  power=76.9W
[PID] perf=26.781Hz  target=10.312Hz  err=-16.469Hz  corr=-345.40W  u_ff=101.6W  PCAP→78W  power=78.3W
[PID] perf=26.820Hz  target=10.312Hz  err=-16.508Hz  corr=-346.14W  u_ff=101.6W  PCAP→78W  power=77.3W
[PID] perf=25.734Hz  target=10.312Hz  err=-15.422Hz  corr=-326.00W  u_ff=101.6W  PCAP→78W  power=79.2W
[PID] perf=25.794Hz  target=10.312Hz  err=-15.482Hz  corr=-327.11W  u_ff=101.6W  PCAP→78W  power=78.3W
[PID] perf=25.780Hz  target=10.312Hz  err=-15.469Hz  corr=-326.86W  u_ff=101.6W  PCAP→78W  power=76.5W
[PID] perf=25.785Hz  target=10.312Hz  err=-15.473Hz  corr=-326.94W  u_ff=101.6W  PCAP→78W  power=77.4W
[PID] perf=26.001Hz  target=10.312Hz  err=-15.689Hz  corr=-330.95W  u_ff=101.6W  PCAP→78W  power=77.6W
[PID] perf=26.362Hz  target=10.312Hz  err=-16.050Hz  corr=-337.64W  u_ff=101.6W  PCAP→78W  power=78.9W
[PID] perf=26.415Hz  target=10.312Hz  err=-16.103Hz  corr=-338.63W  u_ff=101.6W  PCAP→78W  power=77.4W
[PID] perf=26.441Hz  target=10.312Hz  err=-16.129Hz  corr=-339.11W  u_ff=101.6W  PCAP→78W  power=78.4W
[PID] perf=26.444Hz  target=10.312Hz  err=-16.132Hz  corr=-339.15W  u_ff=101.6W  PCAP→78W  power=78.7W
[PID] perf=26.449Hz  target=10.312Hz  err=-16.137Hz  corr=-339.25W  u_ff=101.6W  PCAP→78W  power=79.2W
[PID] perf=26.443Hz  target=10.312Hz  err=-16.131Hz  corr=-339.15W  u_ff=101.6W  PCAP→78W  power=77.4W
[PID] perf=26.447Hz  target=10.312Hz  err=-16.135Hz  corr=-339.22W  u_ff=101.6W  PCAP→78W  power=76.5W
[PID] perf=26.448Hz  target=10.312Hz  err=-16.136Hz  corr=-339.24W  u_ff=101.6W  PCAP→78W  power=77.9W
[PID] perf=26.456Hz  target=10.312Hz  err=-16.144Hz  corr=-339.38W  u_ff=101.6W  PCAP→78W  power=76.6W
[PID] perf=26.386Hz  target=10.312Hz  err=-16.074Hz  corr=-338.10W  u_ff=101.6W  PCAP→78W  power=79.1W
[PID] perf=26.420Hz  target=10.312Hz  err=-16.108Hz  corr=-338.71W  u_ff=101.6W  PCAP→78W  power=77.6W
[PID] perf=26.457Hz  target=10.312Hz  err=-16.145Hz  corr=-339.40W  u_ff=101.6W  PCAP→78W  power=79.4W
[PID] perf=26.493Hz  target=10.312Hz  err=-16.181Hz  corr=-340.07W  u_ff=101.6W  PCAP→78W  power=79.2W
[PID] perf=26.483Hz  target=10.312Hz  err=-16.171Hz  corr=-339.88W  u_ff=101.6W  PCAP→78W  power=76.9W
[PID] perf=26.498Hz  target=10.312Hz  err=-16.186Hz  corr=-340.16W  u_ff=101.6W  PCAP→78W  power=77.9W
[PID] perf=26.475Hz  target=10.312Hz  err=-16.163Hz  corr=-339.74W  u_ff=101.6W  PCAP→78W  power=78.8W
[PID] perf=26.452Hz  target=10.312Hz  err=-16.140Hz  corr=-339.30W  u_ff=101.6W  PCAP→78W  power=78.6W
[PID] perf=26.449Hz  target=10.312Hz  err=-16.137Hz  corr=-339.26W  u_ff=101.6W  PCAP→78W  power=76.7W
[PID] perf=26.436Hz  target=10.312Hz  err=-16.124Hz  corr=-339.01W  u_ff=101.6W  PCAP→78W  power=77.7W
[PID] perf=26.421Hz  target=10.312Hz  err=-16.109Hz  corr=-338.74W  u_ff=101.6W  PCAP→78W  power=78.1W
[PID] perf=26.505Hz  target=10.312Hz  err=-16.193Hz  corr=-340.29W  u_ff=101.6W  PCAP→78W  power=77.3W
[PID] perf=26.447Hz  target=10.312Hz  err=-16.135Hz  corr=-339.21W  u_ff=101.6W  PCAP→78W  power=77.6W
[PID] perf=26.460Hz  target=10.312Hz  err=-16.148Hz  corr=-339.46W  u_ff=101.6W  PCAP→78W  power=78.0W
[PID] perf=26.461Hz  target=10.312Hz  err=-16.149Hz  corr=-339.47W  u_ff=101.6W  PCAP→78W  power=78.8W
[PID] perf=26.415Hz  target=10.312Hz  err=-16.103Hz  corr=-338.63W  u_ff=101.6W  PCAP→78W  power=78.6W
[PID] perf=26.349Hz  target=10.312Hz  err=-16.037Hz  corr=-337.40W  u_ff=101.6W  PCAP→78W  power=76.7W
[PID] perf=28.000Hz  target=10.312Hz  err=-17.688Hz  corr=-368.02W  u_ff=101.6W  PCAP→78W  power=77.4W
[PID] perf=28.046Hz  target=10.312Hz  err=-17.734Hz  corr=-368.86W  u_ff=101.6W  PCAP→78W  power=77.2W
[PID] perf=28.063Hz  target=10.312Hz  err=-17.751Hz  corr=-369.18W  u_ff=101.6W  PCAP→78W  power=78.1W
[PID] perf=28.167Hz  target=10.312Hz  err=-17.855Hz  corr=-371.12W  u_ff=101.6W  PCAP→78W  power=78.8W
[PID] perf=28.213Hz  target=10.312Hz  err=-17.901Hz  corr=-371.96W  u_ff=101.6W  PCAP→78W  power=78.5W
[PID] perf=28.232Hz  target=10.312Hz  err=-17.920Hz  corr=-372.33W  u_ff=101.6W  PCAP→78W  power=79.2W
[PID] perf=28.227Hz  target=10.312Hz  err=-17.915Hz  corr=-372.23W  u_ff=101.6W  PCAP→78W  power=79.0W
[PID] perf=28.222Hz  target=10.312Hz  err=-17.910Hz  corr=-372.14W  u_ff=101.6W  PCAP→78W  power=77.7W
[PID] perf=28.211Hz  target=10.312Hz  err=-17.899Hz  corr=-371.94W  u_ff=101.6W  PCAP→78W  power=77.7W
[PID] perf=28.181Hz  target=10.312Hz  err=-17.869Hz  corr=-371.37W  u_ff=101.6W  PCAP→78W  power=76.3W
[PID] perf=28.206Hz  target=10.312Hz  err=-17.894Hz  corr=-371.83W  u_ff=101.6W  PCAP→78W  power=78.4W
[PID] perf=28.208Hz  target=10.312Hz  err=-17.896Hz  corr=-371.87W  u_ff=101.6W  PCAP→78W  power=76.9W
[PID] perf=28.264Hz  target=10.312Hz  err=-17.952Hz  corr=-372.92W  u_ff=101.6W  PCAP→78W  power=76.5W
[PID] perf=28.228Hz  target=10.312Hz  err=-17.916Hz  corr=-372.24W  u_ff=101.6W  PCAP→78W  power=77.9W
[PID] perf=28.265Hz  target=10.312Hz  err=-17.953Hz  corr=-372.93W  u_ff=101.6W  PCAP→78W  power=76.8W
[PID] perf=27.447Hz  target=10.312Hz  err=-17.135Hz  corr=-357.77W  u_ff=101.6W  PCAP→78W  power=76.1W
[PID] perf=27.506Hz  target=10.312Hz  err=-17.194Hz  corr=-358.85W  u_ff=101.6W  PCAP→78W  power=77.6W
[PID] perf=27.528Hz  target=10.312Hz  err=-17.216Hz  corr=-359.26W  u_ff=101.6W  PCAP→78W  power=78.3W
[PID] perf=27.564Hz  target=10.312Hz  err=-17.252Hz  corr=-359.93W  u_ff=101.6W  PCAP→78W  power=78.4W
[PID] perf=27.559Hz  target=10.312Hz  err=-17.247Hz  corr=-359.84W  u_ff=101.6W  PCAP→78W  power=79.4W
[PID] perf=27.542Hz  target=10.312Hz  err=-17.230Hz  corr=-359.53W  u_ff=101.6W  PCAP→78W  power=78.4W
[PID] perf=27.524Hz  target=10.312Hz  err=-17.212Hz  corr=-359.19W  u_ff=101.6W  PCAP→78W  power=78.6W
[PID] perf=27.515Hz  target=10.312Hz  err=-17.203Hz  corr=-359.03W  u_ff=101.6W  PCAP→78W  power=78.6W
[PID] perf=27.554Hz  target=10.312Hz  err=-17.242Hz  corr=-359.75W  u_ff=101.6W  PCAP→78W  power=78.3W
[PID] perf=27.558Hz  target=10.312Hz  err=-17.246Hz  corr=-359.82W  u_ff=101.6W  PCAP→78W  power=78.5W
[PID] perf=27.578Hz  target=10.312Hz  err=-17.266Hz  corr=-360.20W  u_ff=101.6W  PCAP→78W  power=77.6W
[PID] perf=27.559Hz  target=10.312Hz  err=-17.247Hz  corr=-359.84W  u_ff=101.6W  PCAP→78W  power=77.7W
[PID] perf=27.553Hz  target=10.312Hz  err=-17.241Hz  corr=-359.74W  u_ff=101.6W  PCAP→78W  power=78.7W
[PID] perf=27.557Hz  target=10.312Hz  err=-17.245Hz  corr=-359.80W  u_ff=101.6W  PCAP→78W  power=77.4W
[PID] perf=27.582Hz  target=10.312Hz  err=-17.270Hz  corr=-360.27W  u_ff=101.6W  PCAP→78W  power=77.8W
[PID] perf=27.558Hz  target=10.312Hz  err=-17.246Hz  corr=-359.82W  u_ff=101.6W  PCAP→78W  power=78.3W
[PID] perf=27.555Hz  target=10.312Hz  err=-17.243Hz  corr=-359.76W  u_ff=101.6W  PCAP→78W  power=78.6W
[PID] perf=27.530Hz  target=10.312Hz  err=-17.218Hz  corr=-359.29W  u_ff=101.6W  PCAP→78W  power=78.5W
[PID] perf=27.543Hz  target=10.312Hz  err=-17.231Hz  corr=-359.54W  u_ff=101.6W  PCAP→78W  power=78.2W
[PID] perf=27.563Hz  target=10.312Hz  err=-17.251Hz  corr=-359.91W  u_ff=101.6W  PCAP→78W  power=78.4W
[PID] perf=27.568Hz  target=10.312Hz  err=-17.256Hz  corr=-360.00W  u_ff=101.6W  PCAP→78W  power=78.1W
[PID] perf=27.519Hz  target=10.312Hz  err=-17.207Hz  corr=-359.10W  u_ff=101.6W  PCAP→78W  power=76.3W
[PID] perf=27.549Hz  target=10.312Hz  err=-17.237Hz  corr=-359.66W  u_ff=101.6W  PCAP→78W  power=76.7W
[PID] perf=27.552Hz  target=10.312Hz  err=-17.240Hz  corr=-359.71W  u_ff=101.6W  PCAP→78W  power=78.5W
[PID] perf=27.539Hz  target=10.312Hz  err=-17.227Hz  corr=-359.47W  u_ff=101.6W  PCAP→78W  power=77.4W
[PID] perf=27.543Hz  target=10.312Hz  err=-17.231Hz  corr=-359.54W  u_ff=101.6W  PCAP→78W  power=78.6W
[PID] perf=27.559Hz  target=10.312Hz  err=-17.247Hz  corr=-359.85W  u_ff=101.6W  PCAP→78W  power=78.7W
[PID] perf=27.579Hz  target=10.312Hz  err=-17.267Hz  corr=-360.21W  u_ff=101.6W  PCAP→78W  power=77.1W
[PID] perf=27.044Hz  target=10.312Hz  err=-16.732Hz  corr=-350.29W  u_ff=101.6W  PCAP→78W  power=77.7W
[PID] perf=28.151Hz  target=10.312Hz  err=-17.839Hz  corr=-370.81W  u_ff=101.6W  PCAP→78W  power=78.5W
[PID] perf=28.173Hz  target=10.312Hz  err=-17.861Hz  corr=-371.22W  u_ff=101.6W  PCAP→78W  power=77.6W
[PID] perf=28.175Hz  target=10.312Hz  err=-17.863Hz  corr=-371.26W  u_ff=101.6W  PCAP→78W  power=79.2W
[PID] perf=28.166Hz  target=10.312Hz  err=-17.854Hz  corr=-371.10W  u_ff=101.6W  PCAP→78W  power=78.2W
[PID] perf=28.179Hz  target=10.312Hz  err=-17.867Hz  corr=-371.35W  u_ff=101.6W  PCAP→78W  power=77.3W
[PID] perf=28.149Hz  target=10.312Hz  err=-17.837Hz  corr=-370.78W  u_ff=101.6W  PCAP→78W  power=77.4W
[PID] perf=28.183Hz  target=10.312Hz  err=-17.871Hz  corr=-371.42W  u_ff=101.6W  PCAP→78W  power=77.6W
[PID] perf=28.178Hz  target=10.312Hz  err=-17.866Hz  corr=-371.31W  u_ff=101.6W  PCAP→78W  power=77.0W
[PID] perf=28.191Hz  target=10.312Hz  err=-17.879Hz  corr=-371.57W  u_ff=101.6W  PCAP→78W  power=76.2W
[PID] perf=28.185Hz  target=10.312Hz  err=-17.873Hz  corr=-371.44W  u_ff=101.6W  PCAP→78W  power=78.2W
[PID] perf=28.200Hz  target=10.312Hz  err=-17.888Hz  corr=-371.73W  u_ff=101.6W  PCAP→78W  power=76.2W
[PID] perf=28.170Hz  target=10.312Hz  err=-17.858Hz  corr=-371.17W  u_ff=101.6W  PCAP→78W  power=77.7W
[PID] perf=28.256Hz  target=10.312Hz  err=-17.944Hz  corr=-372.76W  u_ff=101.6W  PCAP→78W  power=79.0W
[PID] perf=28.210Hz  target=10.312Hz  err=-17.898Hz  corr=-371.92W  u_ff=101.6W  PCAP→78W  power=78.2W
[PID] perf=28.236Hz  target=10.312Hz  err=-17.924Hz  corr=-372.39W  u_ff=101.6W  PCAP→78W  power=77.5W
[PID] perf=28.226Hz  target=10.312Hz  err=-17.915Hz  corr=-372.22W  u_ff=101.6W  PCAP→78W  power=77.1W
[PID] perf=28.261Hz  target=10.312Hz  err=-17.949Hz  corr=-372.86W  u_ff=101.6W  PCAP→78W  power=76.9W
[PID] perf=28.252Hz  target=10.312Hz  err=-17.940Hz  corr=-372.69W  u_ff=101.6W  PCAP→78W  power=76.9W
[PID] perf=28.174Hz  target=10.312Hz  err=-17.862Hz  corr=-371.24W  u_ff=101.6W  PCAP→78W  power=77.7W
[PID] perf=28.248Hz  target=10.312Hz  err=-17.936Hz  corr=-372.61W  u_ff=101.6W  PCAP→78W  power=76.3W
[PID] perf=26.944Hz  target=10.312Hz  err=-16.632Hz  corr=-348.44W  u_ff=101.6W  PCAP→78W  power=78.7W
[PID] perf=28.240Hz  target=10.312Hz  err=-17.928Hz  corr=-372.47W  u_ff=101.6W  PCAP→78W  power=78.9W
[PID] perf=28.257Hz  target=10.312Hz  err=-17.945Hz  corr=-372.79W  u_ff=101.6W  PCAP→78W  power=79.2W
[PID] perf=28.212Hz  target=10.312Hz  err=-17.900Hz  corr=-371.94W  u_ff=101.6W  PCAP→78W  power=77.5W
[PID] perf=26.967Hz  target=10.312Hz  err=-16.656Hz  corr=-348.87W  u_ff=101.6W  PCAP→78W  power=78.4W
[PID] perf=27.007Hz  target=10.312Hz  err=-16.695Hz  corr=-349.61W  u_ff=101.6W  PCAP→78W  power=77.6W
[PID] perf=27.034Hz  target=10.312Hz  err=-16.722Hz  corr=-350.11W  u_ff=101.6W  PCAP→78W  power=77.8W
[PID] perf=27.032Hz  target=10.312Hz  err=-16.720Hz  corr=-350.06W  u_ff=101.6W  PCAP→78W  power=77.9W
[PID] perf=27.039Hz  target=10.312Hz  err=-16.727Hz  corr=-350.19W  u_ff=101.6W  PCAP→78W  power=78.3W
[PID] perf=27.041Hz  target=10.312Hz  err=-16.729Hz  corr=-350.24W  u_ff=101.6W  PCAP→78W  power=78.7W
[PID] perf=27.047Hz  target=10.312Hz  err=-16.735Hz  corr=-350.35W  u_ff=101.6W  PCAP→78W  power=79.1W
[PID] perf=27.032Hz  target=10.312Hz  err=-16.720Hz  corr=-350.07W  u_ff=101.6W  PCAP→78W  power=77.5W
[PID] perf=27.048Hz  target=10.312Hz  err=-16.736Hz  corr=-350.36W  u_ff=101.6W  PCAP→78W  power=77.9W
[PID] perf=27.054Hz  target=10.312Hz  err=-16.742Hz  corr=-350.48W  u_ff=101.6W  PCAP→78W  power=78.9W
[PID] perf=27.034Hz  target=10.312Hz  err=-16.722Hz  corr=-350.10W  u_ff=101.6W  PCAP→78W  power=76.6W
[PID] perf=27.005Hz  target=10.312Hz  err=-16.693Hz  corr=-349.56W  u_ff=101.6W  PCAP→78W  power=77.7W
[PID] perf=26.994Hz  target=10.312Hz  err=-16.682Hz  corr=-349.35W  u_ff=101.6W  PCAP→78W  power=78.8W
[PID] perf=27.025Hz  target=10.312Hz  err=-16.713Hz  corr=-349.93W  u_ff=101.6W  PCAP→78W  power=77.7W
[PID] perf=27.036Hz  target=10.312Hz  err=-16.724Hz  corr=-350.15W  u_ff=101.6W  PCAP→78W  power=78.0W
[PID] perf=27.025Hz  target=10.312Hz  err=-16.713Hz  corr=-349.94W  u_ff=101.6W  PCAP→78W  power=79.6W
[PID] perf=27.024Hz  target=10.312Hz  err=-16.712Hz  corr=-349.93W  u_ff=101.6W  PCAP→78W  power=77.6W
[PID] perf=27.007Hz  target=10.312Hz  err=-16.695Hz  corr=-349.61W  u_ff=101.6W  PCAP→78W  power=78.6W
[PID] perf=27.020Hz  target=10.312Hz  err=-16.708Hz  corr=-349.85W  u_ff=101.6W  PCAP→78W  power=78.7W
[PID] perf=27.038Hz  target=10.312Hz  err=-16.727Hz  corr=-350.19W  u_ff=101.6W  PCAP→78W  power=78.4W
[PID] perf=27.023Hz  target=10.312Hz  err=-16.711Hz  corr=-349.91W  u_ff=101.6W  PCAP→78W  power=77.2W
[PID] perf=27.028Hz  target=10.312Hz  err=-16.716Hz  corr=-350.00W  u_ff=101.6W  PCAP→78W  power=76.6W
[PID] perf=27.009Hz  target=10.312Hz  err=-16.697Hz  corr=-349.65W  u_ff=101.6W  PCAP→78W  power=76.6W
[PID] perf=27.046Hz  target=10.312Hz  err=-16.734Hz  corr=-350.33W  u_ff=101.6W  PCAP→78W  power=79.2W
[PID] perf=27.012Hz  target=10.312Hz  err=-16.700Hz  corr=-349.70W  u_ff=101.6W  PCAP→78W  power=76.3W
[PID] perf=27.002Hz  target=10.312Hz  err=-16.690Hz  corr=-349.51W  u_ff=101.6W  PCAP→78W  power=78.7W
[PID] perf=26.974Hz  target=10.312Hz  err=-16.662Hz  corr=-349.00W  u_ff=101.6W  PCAP→78W  power=78.0W
[PID] perf=27.019Hz  target=10.312Hz  err=-16.707Hz  corr=-349.83W  u_ff=101.6W  PCAP→78W  power=78.3W
[PID] perf=27.030Hz  target=10.312Hz  err=-16.718Hz  corr=-350.03W  u_ff=101.6W  PCAP→78W  power=77.2W
[PID] perf=27.056Hz  target=10.312Hz  err=-16.744Hz  corr=-350.51W  u_ff=101.6W  PCAP→78W  power=77.1W
[PID] perf=27.078Hz  target=10.312Hz  err=-16.766Hz  corr=-350.92W  u_ff=101.6W  PCAP→78W  power=77.4W
[PID] perf=27.013Hz  target=10.312Hz  err=-16.701Hz  corr=-349.72W  u_ff=101.6W  PCAP→78W  power=78.0W
[PID] perf=26.989Hz  target=10.312Hz  err=-16.677Hz  corr=-349.27W  u_ff=101.6W  PCAP→78W  power=78.8W
[PID] perf=28.207Hz  target=10.312Hz  err=-17.895Hz  corr=-371.86W  u_ff=101.6W  PCAP→78W  power=78.9W
[PID] perf=26.975Hz  target=10.312Hz  err=-16.663Hz  corr=-349.00W  u_ff=101.6W  PCAP→78W  power=79.2W
[PID] perf=26.983Hz  target=10.312Hz  err=-16.671Hz  corr=-349.15W  u_ff=101.6W  PCAP→78W  power=78.7W
[PID] perf=26.946Hz  target=10.312Hz  err=-16.634Hz  corr=-348.47W  u_ff=101.6W  PCAP→78W  power=78.4W
[PID] perf=28.174Hz  target=10.312Hz  err=-17.862Hz  corr=-371.24W  u_ff=101.6W  PCAP→78W  power=78.0W
[PID] perf=27.024Hz  target=10.312Hz  err=-16.712Hz  corr=-349.92W  u_ff=101.6W  PCAP→78W  power=77.6W
[PID] perf=27.096Hz  target=10.312Hz  err=-16.784Hz  corr=-351.26W  u_ff=101.6W  PCAP→78W  power=77.1W
[PID] perf=27.066Hz  target=10.312Hz  err=-16.754Hz  corr=-350.69W  u_ff=101.6W  PCAP→78W  power=76.6W
[PID] perf=27.107Hz  target=10.312Hz  err=-16.795Hz  corr=-351.46W  u_ff=101.6W  PCAP→78W  power=76.4W
[PID] perf=27.108Hz  target=10.312Hz  err=-16.796Hz  corr=-351.48W  u_ff=101.6W  PCAP→78W  power=79.3W
[PID] perf=27.073Hz  target=10.312Hz  err=-16.761Hz  corr=-350.83W  u_ff=101.6W  PCAP→78W  power=78.1W
[PID] perf=27.056Hz  target=10.312Hz  err=-16.745Hz  corr=-350.52W  u_ff=101.6W  PCAP→78W  power=77.9W
[PID] perf=27.047Hz  target=10.312Hz  err=-16.735Hz  corr=-350.35W  u_ff=101.6W  PCAP→78W  power=78.4W
[PID] perf=27.081Hz  target=10.312Hz  err=-16.769Hz  corr=-350.97W  u_ff=101.6W  PCAP→78W  power=77.1W
[PID] perf=27.057Hz  target=10.312Hz  err=-16.745Hz  corr=-350.53W  u_ff=101.6W  PCAP→78W  power=77.7W
[PID] perf=27.100Hz  target=10.312Hz  err=-16.788Hz  corr=-351.34W  u_ff=101.6W  PCAP→78W  power=77.0W
[PID] perf=27.083Hz  target=10.312Hz  err=-16.771Hz  corr=-351.01W  u_ff=101.6W  PCAP→78W  power=77.2W
[PID] perf=27.088Hz  target=10.312Hz  err=-16.776Hz  corr=-351.11W  u_ff=101.6W  PCAP→78W  power=78.6W
[PID] perf=27.089Hz  target=10.312Hz  err=-16.777Hz  corr=-351.13W  u_ff=101.6W  PCAP→78W  power=77.1W
[PID] perf=27.080Hz  target=10.312Hz  err=-16.768Hz  corr=-350.96W  u_ff=101.6W  PCAP→78W  power=78.3W
[PID] perf=27.109Hz  target=10.312Hz  err=-16.797Hz  corr=-351.49W  u_ff=101.6W  PCAP→78W  power=77.6W
[PID] perf=27.073Hz  target=10.312Hz  err=-16.761Hz  corr=-350.82W  u_ff=101.6W  PCAP→78W  power=78.8W
[PID] perf=27.106Hz  target=10.312Hz  err=-16.794Hz  corr=-351.44W  u_ff=101.6W  PCAP→78W  power=79.0W
[PID] perf=27.126Hz  target=10.312Hz  err=-16.814Hz  corr=-351.82W  u_ff=101.6W  PCAP→78W  power=77.7W
[PID] perf=27.063Hz  target=10.312Hz  err=-16.751Hz  corr=-350.63W  u_ff=101.6W  PCAP→78W  power=78.5W
[PID] perf=27.099Hz  target=10.312Hz  err=-16.787Hz  corr=-351.31W  u_ff=101.6W  PCAP→78W  power=78.8W
[PID] perf=27.102Hz  target=10.312Hz  err=-16.790Hz  corr=-351.36W  u_ff=101.6W  PCAP→78W  power=76.7W
[PID] perf=27.106Hz  target=10.312Hz  err=-16.794Hz  corr=-351.45W  u_ff=101.6W  PCAP→78W  power=77.4W
[PID] perf=27.137Hz  target=10.312Hz  err=-16.825Hz  corr=-352.02W  u_ff=101.6W  PCAP→78W  power=77.2W
[PID] perf=27.112Hz  target=10.312Hz  err=-16.800Hz  corr=-351.55W  u_ff=101.6W  PCAP→78W  power=77.3W
[PID] perf=27.096Hz  target=10.312Hz  err=-16.784Hz  corr=-351.25W  u_ff=101.6W  PCAP→78W  power=77.3W
[PID] perf=27.144Hz  target=10.312Hz  err=-16.832Hz  corr=-352.14W  u_ff=101.6W  PCAP→78W  power=76.5W
[PID] perf=27.089Hz  target=10.312Hz  err=-16.777Hz  corr=-351.13W  u_ff=101.6W  PCAP→78W  power=77.9W
[PID] perf=27.126Hz  target=10.312Hz  err=-16.814Hz  corr=-351.81W  u_ff=101.6W  PCAP→78W  power=78.3W
[PID] perf=27.094Hz  target=10.312Hz  err=-16.782Hz  corr=-351.21W  u_ff=101.6W  PCAP→78W  power=79.6W
[PID] perf=27.090Hz  target=10.312Hz  err=-16.778Hz  corr=-351.15W  u_ff=101.6W  PCAP→78W  power=79.2W
[PID] perf=27.091Hz  target=10.312Hz  err=-16.779Hz  corr=-351.16W  u_ff=101.6W  PCAP→78W  power=78.2W
[PID] perf=27.114Hz  target=10.312Hz  err=-16.802Hz  corr=-351.58W  u_ff=101.6W  PCAP→78W  power=78.8W
[PID] perf=27.071Hz  target=10.312Hz  err=-16.759Hz  corr=-350.80W  u_ff=101.6W  PCAP→78W  power=77.0W
[PID] perf=27.121Hz  target=10.312Hz  err=-16.809Hz  corr=-351.72W  u_ff=101.6W  PCAP→78W  power=77.5W
[PID] perf=27.115Hz  target=10.312Hz  err=-16.803Hz  corr=-351.60W  u_ff=101.6W  PCAP→78W  power=76.2W
[PID] perf=27.118Hz  target=10.312Hz  err=-16.806Hz  corr=-351.66W  u_ff=101.6W  PCAP→78W  power=78.7W
[PID] perf=27.090Hz  target=10.312Hz  err=-16.778Hz  corr=-351.14W  u_ff=101.6W  PCAP→78W  power=78.4W
[PID] perf=27.112Hz  target=10.312Hz  err=-16.800Hz  corr=-351.55W  u_ff=101.6W  PCAP→78W  power=78.7W
[PID] perf=27.115Hz  target=10.312Hz  err=-16.804Hz  corr=-351.62W  u_ff=101.6W  PCAP→78W  power=78.9W
[PID] perf=27.117Hz  target=10.312Hz  err=-16.805Hz  corr=-351.64W  u_ff=101.6W  PCAP→78W  power=78.9W
[PID] perf=27.100Hz  target=10.312Hz  err=-16.788Hz  corr=-351.33W  u_ff=101.6W  PCAP→78W  power=78.8W
[PID] perf=27.133Hz  target=10.312Hz  err=-16.821Hz  corr=-351.94W  u_ff=101.6W  PCAP→78W  power=78.6W
[PID] perf=27.175Hz  target=10.312Hz  err=-16.863Hz  corr=-352.72W  u_ff=101.6W  PCAP→78W  power=77.3W
[PID] perf=27.159Hz  target=10.312Hz  err=-16.847Hz  corr=-352.43W  u_ff=101.6W  PCAP→78W  power=77.7W
[PID] perf=27.147Hz  target=10.312Hz  err=-16.835Hz  corr=-352.21W  u_ff=101.6W  PCAP→78W  power=77.5W
[PID] perf=27.169Hz  target=10.312Hz  err=-16.857Hz  corr=-352.60W  u_ff=101.6W  PCAP→78W  power=77.6W
[PID] perf=27.141Hz  target=10.312Hz  err=-16.829Hz  corr=-352.08W  u_ff=101.6W  PCAP→78W  power=77.9W
[PID] perf=27.121Hz  target=10.312Hz  err=-16.809Hz  corr=-351.71W  u_ff=101.6W  PCAP→78W  power=76.9W
[PID] perf=27.097Hz  target=10.312Hz  err=-16.785Hz  corr=-351.27W  u_ff=101.6W  PCAP→78W  power=77.2W
[PID] perf=27.123Hz  target=10.312Hz  err=-16.811Hz  corr=-351.76W  u_ff=101.6W  PCAP→78W  power=78.3W
[PID] perf=27.132Hz  target=10.312Hz  err=-16.820Hz  corr=-351.93W  u_ff=101.6W  PCAP→78W  power=78.4W
[PID] perf=27.078Hz  target=10.312Hz  err=-16.766Hz  corr=-350.91W  u_ff=101.6W  PCAP→78W  power=78.8W
[PID] perf=27.124Hz  target=10.312Hz  err=-16.812Hz  corr=-351.77W  u_ff=101.6W  PCAP→78W  power=78.5W
[PID] perf=27.126Hz  target=10.312Hz  err=-16.814Hz  corr=-351.82W  u_ff=101.6W  PCAP→78W  power=79.3W
[PID] perf=27.122Hz  target=10.312Hz  err=-16.810Hz  corr=-351.73W  u_ff=101.6W  PCAP→78W  power=78.3W
[PID] perf=27.055Hz  target=10.312Hz  err=-16.743Hz  corr=-350.49W  u_ff=101.6W  PCAP→78W  power=78.6W
[PID] perf=27.103Hz  target=10.312Hz  err=-16.791Hz  corr=-351.38W  u_ff=101.6W  PCAP→78W  power=76.8W
[PID] perf=27.118Hz  target=10.312Hz  err=-16.806Hz  corr=-351.66W  u_ff=101.6W  PCAP→78W  power=76.3W
[PID] perf=27.115Hz  target=10.312Hz  err=-16.803Hz  corr=-351.61W  u_ff=101.6W  PCAP→78W  power=77.9W
[PID] perf=27.116Hz  target=10.312Hz  err=-16.804Hz  corr=-351.63W  u_ff=101.6W  PCAP→78W  power=78.6W
[PID] perf=27.139Hz  target=10.312Hz  err=-16.827Hz  corr=-352.05W  u_ff=101.6W  PCAP→78W  power=77.5W
[PID] perf=27.120Hz  target=10.312Hz  err=-16.808Hz  corr=-351.71W  u_ff=101.6W  PCAP→78W  power=76.4W
[PID] perf=27.143Hz  target=10.312Hz  err=-16.831Hz  corr=-352.13W  u_ff=101.6W  PCAP→78W  power=78.7W
[PID] perf=27.174Hz  target=10.312Hz  err=-16.862Hz  corr=-352.71W  u_ff=101.6W  PCAP→78W  power=77.2W
[PID] perf=27.114Hz  target=10.312Hz  err=-16.802Hz  corr=-351.58W  u_ff=101.6W  PCAP→78W  power=76.8W
[PID] perf=27.137Hz  target=10.312Hz  err=-16.825Hz  corr=-352.02W  u_ff=101.6W  PCAP→78W  power=78.3W
[PID] perf=27.133Hz  target=10.312Hz  err=-16.821Hz  corr=-351.94W  u_ff=101.6W  PCAP→78W  power=76.8W
[PID] perf=27.117Hz  target=10.312Hz  err=-16.805Hz  corr=-351.64W  u_ff=101.6W  PCAP→78W  power=76.9W
[PID] perf=27.069Hz  target=10.312Hz  err=-16.757Hz  corr=-350.75W  u_ff=101.6W  PCAP→78W  power=77.0W
[PID] perf=27.083Hz  target=10.312Hz  err=-16.771Hz  corr=-351.02W  u_ff=101.6W  PCAP→78W  power=77.0W
[PID] perf=27.097Hz  target=10.312Hz  err=-16.785Hz  corr=-351.26W  u_ff=101.6W  PCAP→78W  power=77.2W
[PID] perf=27.096Hz  target=10.312Hz  err=-16.784Hz  corr=-351.26W  u_ff=101.6W  PCAP→78W  power=76.3W
[PID] perf=27.589Hz  target=10.312Hz  err=-17.277Hz  corr=-360.40W  u_ff=101.6W  PCAP→78W  power=77.1W
[PID] perf=28.260Hz  target=10.312Hz  err=-17.948Hz  corr=-372.84W  u_ff=101.6W  PCAP→78W  power=78.8W
[PID] perf=28.182Hz  target=10.312Hz  err=-17.870Hz  corr=-371.40W  u_ff=101.6W  PCAP→78W  power=76.7W
[PID] perf=28.182Hz  target=10.312Hz  err=-17.870Hz  corr=-371.39W  u_ff=101.6W  PCAP→78W  power=77.0W
[PID] perf=28.122Hz  target=10.312Hz  err=-17.810Hz  corr=-370.29W  u_ff=101.6W  PCAP→78W  power=78.8W
[PID] perf=26.965Hz  target=10.312Hz  err=-16.653Hz  corr=-348.82W  u_ff=101.6W  PCAP→78W  power=78.5W
[PID] perf=27.062Hz  target=10.312Hz  err=-16.750Hz  corr=-350.63W  u_ff=101.6W  PCAP→78W  power=77.7W
[PID] perf=27.062Hz  target=10.312Hz  err=-16.750Hz  corr=-350.63W  u_ff=101.6W  PCAP→78W  power=77.4W
[PID] perf=27.089Hz  target=10.312Hz  err=-16.777Hz  corr=-351.13W  u_ff=101.6W  PCAP→78W  power=77.7W
[PID] perf=27.094Hz  target=10.312Hz  err=-16.782Hz  corr=-351.21W  u_ff=101.6W  PCAP→78W  power=78.3W
[PID] perf=27.113Hz  target=10.312Hz  err=-16.801Hz  corr=-351.57W  u_ff=101.6W  PCAP→78W  power=78.4W
[PID] perf=28.145Hz  target=10.312Hz  err=-17.833Hz  corr=-370.70W  u_ff=101.6W  PCAP→78W  power=76.9W
[PID] perf=26.959Hz  target=10.312Hz  err=-16.647Hz  corr=-348.71W  u_ff=101.6W  PCAP→78W  power=76.8W
[PID] perf=26.981Hz  target=10.312Hz  err=-16.669Hz  corr=-349.12W  u_ff=101.6W  PCAP→78W  power=78.0W
[PID] perf=26.995Hz  target=10.312Hz  err=-16.683Hz  corr=-349.38W  u_ff=101.6W  PCAP→78W  power=79.3W
[PID] perf=26.972Hz  target=10.312Hz  err=-16.660Hz  corr=-348.96W  u_ff=101.6W  PCAP→78W  power=79.0W
[PID] perf=27.014Hz  target=10.312Hz  err=-16.702Hz  corr=-349.73W  u_ff=101.6W  PCAP→78W  power=78.9W
[PID] perf=27.030Hz  target=10.312Hz  err=-16.718Hz  corr=-350.03W  u_ff=101.6W  PCAP→78W  power=77.5W
[PID] perf=28.164Hz  target=10.312Hz  err=-17.853Hz  corr=-371.07W  u_ff=101.6W  PCAP→78W  power=79.2W
[PID] perf=27.007Hz  target=10.312Hz  err=-16.695Hz  corr=-349.61W  u_ff=101.6W  PCAP→78W  power=78.1W
[PID] perf=27.072Hz  target=10.312Hz  err=-16.760Hz  corr=-350.81W  u_ff=101.6W  PCAP→78W  power=78.1W
[PID] perf=27.076Hz  target=10.312Hz  err=-16.764Hz  corr=-350.88W  u_ff=101.6W  PCAP→78W  power=77.4W
[PID] perf=27.103Hz  target=10.312Hz  err=-16.791Hz  corr=-351.38W  u_ff=101.6W  PCAP→78W  power=77.0W
[PID] perf=28.167Hz  target=10.312Hz  err=-17.855Hz  corr=-371.12W  u_ff=101.6W  PCAP→78W  power=78.7W
[PID] perf=28.168Hz  target=10.312Hz  err=-17.856Hz  corr=-371.14W  u_ff=101.6W  PCAP→78W  power=76.9W
[PID] perf=26.999Hz  target=10.312Hz  err=-16.687Hz  corr=-349.46W  u_ff=101.6W  PCAP→78W  power=76.9W
[PID] perf=27.072Hz  target=10.312Hz  err=-16.760Hz  corr=-350.82W  u_ff=101.6W  PCAP→78W  power=77.8W
[PID] perf=27.099Hz  target=10.312Hz  err=-16.787Hz  corr=-351.30W  u_ff=101.6W  PCAP→78W  power=78.6W
[PID] perf=27.163Hz  target=10.312Hz  err=-16.851Hz  corr=-352.49W  u_ff=101.6W  PCAP→78W  power=79.1W
[PID] perf=27.106Hz  target=10.312Hz  err=-16.794Hz  corr=-351.44W  u_ff=101.6W  PCAP→78W  power=77.4W
[PID] perf=27.121Hz  target=10.312Hz  err=-16.809Hz  corr=-351.72W  u_ff=101.6W  PCAP→78W  power=77.4W
[PID] perf=27.135Hz  target=10.312Hz  err=-16.823Hz  corr=-351.97W  u_ff=101.6W  PCAP→78W  power=77.5W
[PID] perf=27.144Hz  target=10.312Hz  err=-16.832Hz  corr=-352.14W  u_ff=101.6W  PCAP→78W  power=78.7W
[PID] perf=27.140Hz  target=10.312Hz  err=-16.828Hz  corr=-352.08W  u_ff=101.6W  PCAP→78W  power=78.2W
[PID] perf=27.119Hz  target=10.312Hz  err=-16.807Hz  corr=-351.68W  u_ff=101.6W  PCAP→78W  power=79.3W
[PID] perf=27.120Hz  target=10.312Hz  err=-16.808Hz  corr=-351.70W  u_ff=101.6W  PCAP→78W  power=76.9W
[PID] perf=27.141Hz  target=10.312Hz  err=-16.829Hz  corr=-352.08W  u_ff=101.6W  PCAP→78W  power=77.9W
[PID] perf=27.136Hz  target=10.312Hz  err=-16.824Hz  corr=-352.00W  u_ff=101.6W  PCAP→78W  power=76.7W
[PID] perf=27.089Hz  target=10.312Hz  err=-16.777Hz  corr=-351.12W  u_ff=101.6W  PCAP→78W  power=76.3W
[PID] perf=27.116Hz  target=10.312Hz  err=-16.804Hz  corr=-351.62W  u_ff=101.6W  PCAP→78W  power=78.3W
[PID] perf=27.097Hz  target=10.312Hz  err=-16.785Hz  corr=-351.27W  u_ff=101.6W  PCAP→78W  power=76.8W
[PID] perf=27.099Hz  target=10.312Hz  err=-16.787Hz  corr=-351.31W  u_ff=101.6W  PCAP→78W  power=76.7W
[PID] perf=27.127Hz  target=10.312Hz  err=-16.815Hz  corr=-351.82W  u_ff=101.6W  PCAP→78W  power=76.9W
[PID] perf=27.116Hz  target=10.312Hz  err=-16.804Hz  corr=-351.63W  u_ff=101.6W  PCAP→78W  power=78.7W
[PID] perf=27.118Hz  target=10.312Hz  err=-16.806Hz  corr=-351.66W  u_ff=101.6W  PCAP→78W  power=78.2W
[PID] perf=27.151Hz  target=10.312Hz  err=-16.839Hz  corr=-352.28W  u_ff=101.6W  PCAP→78W  power=77.7W
[PID] perf=27.119Hz  target=10.312Hz  err=-16.807Hz  corr=-351.69W  u_ff=101.6W  PCAP→78W  power=77.5W
[PID] perf=27.155Hz  target=10.312Hz  err=-16.843Hz  corr=-352.35W  u_ff=101.6W  PCAP→78W  power=77.2W
[PID] perf=27.125Hz  target=10.312Hz  err=-16.813Hz  corr=-351.80W  u_ff=101.6W  PCAP→78W  power=76.7W
[PID] perf=27.137Hz  target=10.312Hz  err=-16.825Hz  corr=-352.01W  u_ff=101.6W  PCAP→78W  power=77.6W
[PID] perf=27.115Hz  target=10.312Hz  err=-16.803Hz  corr=-351.60W  u_ff=101.6W  PCAP→78W  power=78.6W
[PID] perf=27.087Hz  target=10.312Hz  err=-16.775Hz  corr=-351.08W  u_ff=101.6W  PCAP→78W  power=77.2W
[PID] perf=27.087Hz  target=10.312Hz  err=-16.775Hz  corr=-351.09W  u_ff=101.6W  PCAP→78W  power=77.4W
[PID] perf=27.101Hz  target=10.312Hz  err=-16.789Hz  corr=-351.36W  u_ff=101.6W  PCAP→78W  power=78.6W
[PID] perf=26.985Hz  target=10.312Hz  err=-16.673Hz  corr=-349.20W  u_ff=101.6W  PCAP→78W  power=77.5W
[PID] perf=27.011Hz  target=10.312Hz  err=-16.699Hz  corr=-349.68W  u_ff=101.6W  PCAP→78W  power=77.5W
[PID] perf=27.055Hz  target=10.312Hz  err=-16.743Hz  corr=-350.49W  u_ff=101.6W  PCAP→78W  power=78.5W
[PID] perf=27.082Hz  target=10.312Hz  err=-16.770Hz  corr=-351.00W  u_ff=101.6W  PCAP→78W  power=76.9W
[PID] perf=27.988Hz  target=10.312Hz  err=-17.676Hz  corr=-367.79W  u_ff=101.6W  PCAP→78W  power=78.0W
[PID] perf=28.031Hz  target=10.312Hz  err=-17.719Hz  corr=-368.60W  u_ff=101.6W  PCAP→78W  power=77.2W
[PID] perf=27.999Hz  target=10.312Hz  err=-17.687Hz  corr=-368.00W  u_ff=101.6W  PCAP→78W  power=77.6W
[PID] perf=28.026Hz  target=10.312Hz  err=-17.714Hz  corr=-368.49W  u_ff=101.6W  PCAP→78W  power=78.9W
[PID] perf=27.024Hz  target=10.312Hz  err=-16.712Hz  corr=-349.92W  u_ff=101.6W  PCAP→78W  power=76.7W
[PID] perf=27.066Hz  target=10.312Hz  err=-16.754Hz  corr=-350.70W  u_ff=101.6W  PCAP→78W  power=76.8W
[PID] perf=27.092Hz  target=10.312Hz  err=-16.780Hz  corr=-351.18W  u_ff=101.6W  PCAP→78W  power=77.2W
[PID] perf=27.100Hz  target=10.312Hz  err=-16.788Hz  corr=-351.32W  u_ff=101.6W  PCAP→78W  power=78.2W
[PID] perf=27.052Hz  target=10.312Hz  err=-16.740Hz  corr=-350.45W  u_ff=101.6W  PCAP→78W  power=77.9W
[PID] perf=27.101Hz  target=10.312Hz  err=-16.789Hz  corr=-351.34W  u_ff=101.6W  PCAP→78W  power=76.2W
[PID] perf=27.081Hz  target=10.312Hz  err=-16.769Hz  corr=-350.97W  u_ff=101.6W  PCAP→78W  power=76.3W
[PID] perf=27.074Hz  target=10.312Hz  err=-16.762Hz  corr=-350.85W  u_ff=101.6W  PCAP→78W  power=77.7W
[PID] perf=27.061Hz  target=10.312Hz  err=-16.749Hz  corr=-350.60W  u_ff=101.6W  PCAP→78W  power=77.4W
[PID] perf=27.938Hz  target=10.312Hz  err=-17.626Hz  corr=-366.86W  u_ff=101.6W  PCAP→78W  power=79.3W
Process completed.
Compressed into /home/cc/summer2024/main_codes/pid_controller/../experiment_data/PID_Control_sweep/ones-npb-cg/compressed_iteration_20260513_100416.tar
----------------------------------
