
>>> Step 1/3

[ones-npb-cg]
  target perf      : 9.6396 Hz
  coefficients_perf: [-0.0006547837485238978, 0.18607436314256556, -1.8317688501798497]
  feedforward PCAP : 90.42 W  →  89 W (snapped)
  Perf(u_ff) check : 9.6396 Hz  (should ≈ target)
  PID gains        : Kp=18.5447 W/Hz  Ki=1.85447 W/(Hz·s)  Kd=0.0000
[PID] Awaiting data — feedforward PCAP=89W
[PID] Awaiting data — feedforward PCAP=89W
[PID] Awaiting data — feedforward PCAP=89W
[PID] Awaiting data — feedforward PCAP=89W
[PID] Awaiting data — feedforward PCAP=89W
[PID] Awaiting data — feedforward PCAP=89W
[PID] perf=19.312Hz  target=9.640Hz  err=-9.672Hz  corr=-215.24W  u_ff=90.4W  PCAP→78W  power=nanW
[PID] perf=18.156Hz  target=9.640Hz  err=-8.517Hz  corr=-197.94W  u_ff=90.4W  PCAP→78W  power=77.2W
[PID] perf=18.138Hz  target=9.640Hz  err=-8.498Hz  corr=-197.60W  u_ff=90.4W  PCAP→78W  power=76.8W
[PID] perf=18.171Hz  target=9.640Hz  err=-8.532Hz  corr=-198.22W  u_ff=90.4W  PCAP→78W  power=78.8W
[PID] perf=18.138Hz  target=9.640Hz  err=-8.498Hz  corr=-197.60W  u_ff=90.4W  PCAP→78W  power=78.9W
[PID] perf=18.147Hz  target=9.640Hz  err=-8.507Hz  corr=-197.77W  u_ff=90.4W  PCAP→78W  power=77.8W
[PID] perf=18.137Hz  target=9.640Hz  err=-8.497Hz  corr=-197.58W  u_ff=90.4W  PCAP→78W  power=79.1W
[PID] perf=18.158Hz  target=9.640Hz  err=-8.518Hz  corr=-197.97W  u_ff=90.4W  PCAP→78W  power=77.4W
[PID] perf=18.072Hz  target=9.640Hz  err=-8.433Hz  corr=-196.38W  u_ff=90.4W  PCAP→78W  power=77.6W
[PID] perf=18.167Hz  target=9.640Hz  err=-8.527Hz  corr=-198.14W  u_ff=90.4W  PCAP→78W  power=77.0W
[PID] perf=18.178Hz  target=9.640Hz  err=-8.538Hz  corr=-198.34W  u_ff=90.4W  PCAP→78W  power=77.5W
[PID] perf=18.153Hz  target=9.640Hz  err=-8.513Hz  corr=-197.88W  u_ff=90.4W  PCAP→78W  power=77.0W
[PID] perf=18.161Hz  target=9.640Hz  err=-8.521Hz  corr=-198.03W  u_ff=90.4W  PCAP→78W  power=76.7W
[PID] perf=18.152Hz  target=9.640Hz  err=-8.513Hz  corr=-197.86W  u_ff=90.4W  PCAP→78W  power=77.4W
[PID] perf=18.178Hz  target=9.640Hz  err=-8.539Hz  corr=-198.35W  u_ff=90.4W  PCAP→78W  power=78.8W
[PID] perf=18.173Hz  target=9.640Hz  err=-8.533Hz  corr=-198.24W  u_ff=90.4W  PCAP→78W  power=76.5W
[PID] perf=18.180Hz  target=9.640Hz  err=-8.540Hz  corr=-198.37W  u_ff=90.4W  PCAP→78W  power=76.3W
[PID] perf=18.184Hz  target=9.640Hz  err=-8.545Hz  corr=-198.46W  u_ff=90.4W  PCAP→78W  power=76.8W
[PID] perf=18.180Hz  target=9.640Hz  err=-8.541Hz  corr=-198.38W  u_ff=90.4W  PCAP→78W  power=77.3W
[PID] perf=18.181Hz  target=9.640Hz  err=-8.542Hz  corr=-198.40W  u_ff=90.4W  PCAP→78W  power=76.5W
[PID] perf=18.170Hz  target=9.640Hz  err=-8.531Hz  corr=-198.20W  u_ff=90.4W  PCAP→78W  power=77.3W
[PID] perf=18.174Hz  target=9.640Hz  err=-8.534Hz  corr=-198.27W  u_ff=90.4W  PCAP→78W  power=76.8W
[PID] perf=18.171Hz  target=9.640Hz  err=-8.532Hz  corr=-198.22W  u_ff=90.4W  PCAP→78W  power=77.3W
[PID] perf=18.184Hz  target=9.640Hz  err=-8.545Hz  corr=-198.46W  u_ff=90.4W  PCAP→78W  power=77.9W
[PID] perf=18.162Hz  target=9.640Hz  err=-8.523Hz  corr=-198.05W  u_ff=90.4W  PCAP→78W  power=78.4W
[PID] perf=18.167Hz  target=9.640Hz  err=-8.527Hz  corr=-198.14W  u_ff=90.4W  PCAP→78W  power=78.5W
[PID] perf=18.156Hz  target=9.640Hz  err=-8.516Hz  corr=-197.93W  u_ff=90.4W  PCAP→78W  power=76.9W
[PID] perf=18.166Hz  target=9.640Hz  err=-8.526Hz  corr=-198.12W  u_ff=90.4W  PCAP→78W  power=77.4W
[PID] perf=18.178Hz  target=9.640Hz  err=-8.538Hz  corr=-198.34W  u_ff=90.4W  PCAP→78W  power=77.3W
[PID] perf=18.178Hz  target=9.640Hz  err=-8.539Hz  corr=-198.35W  u_ff=90.4W  PCAP→78W  power=78.2W
[PID] perf=18.147Hz  target=9.640Hz  err=-8.507Hz  corr=-197.76W  u_ff=90.4W  PCAP→78W  power=77.8W
[PID] perf=22.885Hz  target=9.640Hz  err=-13.245Hz  corr=-285.63W  u_ff=90.4W  PCAP→78W  power=79.6W
[PID] perf=27.719Hz  target=9.640Hz  err=-18.079Hz  corr=-375.27W  u_ff=90.4W  PCAP→78W  power=78.6W
[PID] perf=27.805Hz  target=9.640Hz  err=-18.165Hz  corr=-376.86W  u_ff=90.4W  PCAP→78W  power=78.9W
[PID] perf=27.832Hz  target=9.640Hz  err=-18.192Hz  corr=-377.37W  u_ff=90.4W  PCAP→78W  power=76.9W
[PID] perf=27.850Hz  target=9.640Hz  err=-18.211Hz  corr=-377.71W  u_ff=90.4W  PCAP→78W  power=77.5W
[PID] perf=27.865Hz  target=9.640Hz  err=-18.225Hz  corr=-377.98W  u_ff=90.4W  PCAP→78W  power=77.7W
[PID] perf=27.886Hz  target=9.640Hz  err=-18.246Hz  corr=-378.37W  u_ff=90.4W  PCAP→78W  power=78.0W
[PID] perf=27.913Hz  target=9.640Hz  err=-18.273Hz  corr=-378.87W  u_ff=90.4W  PCAP→78W  power=77.3W
[PID] perf=27.908Hz  target=9.640Hz  err=-18.269Hz  corr=-378.79W  u_ff=90.4W  PCAP→78W  power=77.9W
[PID] perf=27.900Hz  target=9.640Hz  err=-18.260Hz  corr=-378.63W  u_ff=90.4W  PCAP→78W  power=78.0W
[PID] perf=27.881Hz  target=9.640Hz  err=-18.242Hz  corr=-378.28W  u_ff=90.4W  PCAP→78W  power=79.3W
[PID] perf=27.847Hz  target=9.640Hz  err=-18.208Hz  corr=-377.65W  u_ff=90.4W  PCAP→78W  power=77.0W
[PID] perf=27.856Hz  target=9.640Hz  err=-18.216Hz  corr=-377.81W  u_ff=90.4W  PCAP→78W  power=78.0W
[PID] perf=27.863Hz  target=9.640Hz  err=-18.223Hz  corr=-377.94W  u_ff=90.4W  PCAP→78W  power=78.8W
[PID] perf=27.874Hz  target=9.640Hz  err=-18.234Hz  corr=-378.15W  u_ff=90.4W  PCAP→78W  power=78.3W
[PID] perf=27.893Hz  target=9.640Hz  err=-18.253Hz  corr=-378.50W  u_ff=90.4W  PCAP→78W  power=78.0W
[PID] perf=27.883Hz  target=9.640Hz  err=-18.243Hz  corr=-378.31W  u_ff=90.4W  PCAP→78W  power=77.1W
[PID] perf=27.848Hz  target=9.640Hz  err=-18.208Hz  corr=-377.66W  u_ff=90.4W  PCAP→78W  power=76.3W
[PID] perf=27.851Hz  target=9.640Hz  err=-18.211Hz  corr=-377.72W  u_ff=90.4W  PCAP→78W  power=77.3W
[PID] perf=27.863Hz  target=9.640Hz  err=-18.223Hz  corr=-377.95W  u_ff=90.4W  PCAP→78W  power=77.5W
[PID] perf=27.862Hz  target=9.640Hz  err=-18.223Hz  corr=-377.93W  u_ff=90.4W  PCAP→78W  power=78.4W
[PID] perf=27.870Hz  target=9.640Hz  err=-18.230Hz  corr=-378.07W  u_ff=90.4W  PCAP→78W  power=79.4W
[PID] perf=27.843Hz  target=9.640Hz  err=-18.203Hz  corr=-377.58W  u_ff=90.4W  PCAP→78W  power=79.1W
[PID] perf=27.870Hz  target=9.640Hz  err=-18.231Hz  corr=-378.08W  u_ff=90.4W  PCAP→78W  power=78.9W
[PID] perf=27.880Hz  target=9.640Hz  err=-18.241Hz  corr=-378.27W  u_ff=90.4W  PCAP→78W  power=77.7W
[PID] perf=27.865Hz  target=9.640Hz  err=-18.226Hz  corr=-377.99W  u_ff=90.4W  PCAP→78W  power=78.6W
[PID] perf=27.854Hz  target=9.640Hz  err=-18.214Hz  corr=-377.78W  u_ff=90.4W  PCAP→78W  power=76.7W
[PID] perf=27.875Hz  target=9.640Hz  err=-18.236Hz  corr=-378.17W  u_ff=90.4W  PCAP→78W  power=78.9W
[PID] perf=27.884Hz  target=9.640Hz  err=-18.245Hz  corr=-378.34W  u_ff=90.4W  PCAP→78W  power=78.8W
[PID] perf=27.837Hz  target=9.640Hz  err=-18.198Hz  corr=-377.47W  u_ff=90.4W  PCAP→78W  power=77.6W
[PID] perf=27.856Hz  target=9.640Hz  err=-18.216Hz  corr=-377.81W  u_ff=90.4W  PCAP→78W  power=77.3W
[PID] perf=27.834Hz  target=9.640Hz  err=-18.194Hz  corr=-377.41W  u_ff=90.4W  PCAP→78W  power=76.4W
[PID] perf=27.930Hz  target=9.640Hz  err=-18.290Hz  corr=-379.19W  u_ff=90.4W  PCAP→78W  power=78.8W
[PID] perf=27.915Hz  target=9.640Hz  err=-18.276Hz  corr=-378.91W  u_ff=90.4W  PCAP→78W  power=78.7W
[PID] perf=27.902Hz  target=9.640Hz  err=-18.262Hz  corr=-378.67W  u_ff=90.4W  PCAP→78W  power=78.7W
[PID] perf=27.943Hz  target=9.640Hz  err=-18.303Hz  corr=-379.43W  u_ff=90.4W  PCAP→78W  power=78.5W
[PID] perf=27.935Hz  target=9.640Hz  err=-18.295Hz  corr=-379.28W  u_ff=90.4W  PCAP→78W  power=77.0W
[PID] perf=27.913Hz  target=9.640Hz  err=-18.273Hz  corr=-378.87W  u_ff=90.4W  PCAP→78W  power=77.0W
[PID] perf=27.907Hz  target=9.640Hz  err=-18.267Hz  corr=-378.76W  u_ff=90.4W  PCAP→78W  power=76.5W
[PID] perf=27.901Hz  target=9.640Hz  err=-18.261Hz  corr=-378.65W  u_ff=90.4W  PCAP→78W  power=77.3W
[PID] perf=27.898Hz  target=9.640Hz  err=-18.258Hz  corr=-378.59W  u_ff=90.4W  PCAP→78W  power=77.7W
[PID] perf=27.917Hz  target=9.640Hz  err=-18.277Hz  corr=-378.95W  u_ff=90.4W  PCAP→78W  power=76.6W
[PID] perf=27.882Hz  target=9.640Hz  err=-18.243Hz  corr=-378.30W  u_ff=90.4W  PCAP→78W  power=75.9W
[PID] perf=27.913Hz  target=9.640Hz  err=-18.273Hz  corr=-378.88W  u_ff=90.4W  PCAP→78W  power=78.9W
[PID] perf=27.916Hz  target=9.640Hz  err=-18.276Hz  corr=-378.92W  u_ff=90.4W  PCAP→78W  power=79.0W
[PID] perf=27.882Hz  target=9.640Hz  err=-18.243Hz  corr=-378.31W  u_ff=90.4W  PCAP→78W  power=78.0W
[PID] perf=27.373Hz  target=9.640Hz  err=-17.733Hz  corr=-368.85W  u_ff=90.4W  PCAP→78W  power=77.2W
[PID] perf=27.485Hz  target=9.640Hz  err=-17.846Hz  corr=-370.95W  u_ff=90.4W  PCAP→78W  power=78.5W
[PID] perf=27.494Hz  target=9.640Hz  err=-17.855Hz  corr=-371.11W  u_ff=90.4W  PCAP→78W  power=77.5W
[PID] perf=27.480Hz  target=9.640Hz  err=-17.840Hz  corr=-370.85W  u_ff=90.4W  PCAP→78W  power=77.2W
[PID] perf=27.472Hz  target=9.640Hz  err=-17.832Hz  corr=-370.69W  u_ff=90.4W  PCAP→78W  power=78.1W
[PID] perf=27.519Hz  target=9.640Hz  err=-17.880Hz  corr=-371.57W  u_ff=90.4W  PCAP→78W  power=77.5W
[PID] perf=27.514Hz  target=9.640Hz  err=-17.874Hz  corr=-371.47W  u_ff=90.4W  PCAP→78W  power=78.4W
[PID] perf=27.470Hz  target=9.640Hz  err=-17.830Hz  corr=-370.66W  u_ff=90.4W  PCAP→78W  power=79.1W
[PID] perf=27.517Hz  target=9.640Hz  err=-17.877Hz  corr=-371.53W  u_ff=90.4W  PCAP→78W  power=77.9W
[PID] perf=27.491Hz  target=9.640Hz  err=-17.852Hz  corr=-371.05W  u_ff=90.4W  PCAP→78W  power=77.3W
[PID] perf=27.516Hz  target=9.640Hz  err=-17.877Hz  corr=-371.51W  u_ff=90.4W  PCAP→78W  power=76.3W
[PID] perf=27.526Hz  target=9.640Hz  err=-17.886Hz  corr=-371.70W  u_ff=90.4W  PCAP→78W  power=77.6W
[PID] perf=27.434Hz  target=9.640Hz  err=-17.794Hz  corr=-369.99W  u_ff=90.4W  PCAP→78W  power=78.3W
[PID] perf=27.503Hz  target=9.640Hz  err=-17.864Hz  corr=-371.27W  u_ff=90.4W  PCAP→78W  power=78.7W
[PID] perf=27.489Hz  target=9.640Hz  err=-17.849Hz  corr=-371.00W  u_ff=90.4W  PCAP→78W  power=77.2W
[PID] perf=27.543Hz  target=9.640Hz  err=-17.903Hz  corr=-372.01W  u_ff=90.4W  PCAP→78W  power=79.1W
[PID] perf=27.551Hz  target=9.640Hz  err=-17.911Hz  corr=-372.16W  u_ff=90.4W  PCAP→78W  power=78.7W
[PID] perf=27.509Hz  target=9.640Hz  err=-17.869Hz  corr=-371.37W  u_ff=90.4W  PCAP→78W  power=77.4W
[PID] perf=27.529Hz  target=9.640Hz  err=-17.890Hz  corr=-371.76W  u_ff=90.4W  PCAP→78W  power=77.9W
[PID] perf=27.509Hz  target=9.640Hz  err=-17.870Hz  corr=-371.39W  u_ff=90.4W  PCAP→78W  power=76.6W
[PID] perf=27.529Hz  target=9.640Hz  err=-17.889Hz  corr=-371.75W  u_ff=90.4W  PCAP→78W  power=77.2W
[PID] perf=27.547Hz  target=9.640Hz  err=-17.908Hz  corr=-372.10W  u_ff=90.4W  PCAP→78W  power=78.2W
[PID] perf=27.542Hz  target=9.640Hz  err=-17.902Hz  corr=-371.99W  u_ff=90.4W  PCAP→78W  power=77.7W
[PID] perf=27.537Hz  target=9.640Hz  err=-17.897Hz  corr=-371.90W  u_ff=90.4W  PCAP→78W  power=76.9W
[PID] perf=27.544Hz  target=9.640Hz  err=-17.904Hz  corr=-372.02W  u_ff=90.4W  PCAP→78W  power=77.9W
[PID] perf=27.532Hz  target=9.640Hz  err=-17.893Hz  corr=-371.81W  u_ff=90.4W  PCAP→78W  power=76.2W
[PID] perf=27.505Hz  target=9.640Hz  err=-17.866Hz  corr=-371.31W  u_ff=90.4W  PCAP→78W  power=78.1W
[PID] perf=27.509Hz  target=9.640Hz  err=-17.869Hz  corr=-371.38W  u_ff=90.4W  PCAP→78W  power=78.1W
[PID] perf=27.517Hz  target=9.640Hz  err=-17.877Hz  corr=-371.53W  u_ff=90.4W  PCAP→78W  power=77.2W
[PID] perf=27.505Hz  target=9.640Hz  err=-17.865Hz  corr=-371.30W  u_ff=90.4W  PCAP→78W  power=76.5W
[PID] perf=27.501Hz  target=9.640Hz  err=-17.862Hz  corr=-371.24W  u_ff=90.4W  PCAP→78W  power=77.4W
[PID] perf=27.520Hz  target=9.640Hz  err=-17.880Hz  corr=-371.59W  u_ff=90.4W  PCAP→78W  power=76.9W
[PID] perf=27.468Hz  target=9.640Hz  err=-17.829Hz  corr=-370.63W  u_ff=90.4W  PCAP→78W  power=77.5W
[PID] perf=27.504Hz  target=9.640Hz  err=-17.864Hz  corr=-371.28W  u_ff=90.4W  PCAP→78W  power=79.2W
[PID] perf=27.475Hz  target=9.640Hz  err=-17.836Hz  corr=-370.76W  u_ff=90.4W  PCAP→78W  power=78.8W
[PID] perf=27.500Hz  target=9.640Hz  err=-17.860Hz  corr=-371.21W  u_ff=90.4W  PCAP→78W  power=78.1W
[PID] perf=27.502Hz  target=9.640Hz  err=-17.863Hz  corr=-371.26W  u_ff=90.4W  PCAP→78W  power=77.9W
[PID] perf=27.524Hz  target=9.640Hz  err=-17.885Hz  corr=-371.67W  u_ff=90.4W  PCAP→78W  power=76.4W
[PID] perf=27.531Hz  target=9.640Hz  err=-17.891Hz  corr=-371.79W  u_ff=90.4W  PCAP→78W  power=77.3W
[PID] perf=27.520Hz  target=9.640Hz  err=-17.880Hz  corr=-371.59W  u_ff=90.4W  PCAP→78W  power=78.3W
[PID] perf=27.515Hz  target=9.640Hz  err=-17.876Hz  corr=-371.50W  u_ff=90.4W  PCAP→78W  power=78.4W
[PID] perf=27.510Hz  target=9.640Hz  err=-17.871Hz  corr=-371.41W  u_ff=90.4W  PCAP→78W  power=77.9W
[PID] perf=27.543Hz  target=9.640Hz  err=-17.903Hz  corr=-372.00W  u_ff=90.4W  PCAP→78W  power=79.6W
[PID] perf=27.506Hz  target=9.640Hz  err=-17.866Hz  corr=-371.33W  u_ff=90.4W  PCAP→78W  power=77.0W
[PID] perf=27.516Hz  target=9.640Hz  err=-17.876Hz  corr=-371.51W  u_ff=90.4W  PCAP→78W  power=78.0W
[PID] perf=27.503Hz  target=9.640Hz  err=-17.864Hz  corr=-371.28W  u_ff=90.4W  PCAP→78W  power=76.7W
[PID] perf=27.517Hz  target=9.640Hz  err=-17.877Hz  corr=-371.53W  u_ff=90.4W  PCAP→78W  power=76.9W
[PID] perf=27.515Hz  target=9.640Hz  err=-17.876Hz  corr=-371.50W  u_ff=90.4W  PCAP→78W  power=77.7W
[PID] perf=27.502Hz  target=9.640Hz  err=-17.863Hz  corr=-371.26W  u_ff=90.4W  PCAP→78W  power=78.1W
[PID] perf=27.496Hz  target=9.640Hz  err=-17.857Hz  corr=-371.14W  u_ff=90.4W  PCAP→78W  power=78.7W
[PID] perf=27.525Hz  target=9.640Hz  err=-17.885Hz  corr=-371.68W  u_ff=90.4W  PCAP→78W  power=78.9W
[PID] perf=27.448Hz  target=9.640Hz  err=-17.808Hz  corr=-370.25W  u_ff=90.4W  PCAP→78W  power=78.6W
[PID] perf=25.518Hz  target=9.640Hz  err=-15.878Hz  corr=-334.45W  u_ff=90.4W  PCAP→78W  power=78.4W
[PID] perf=25.645Hz  target=9.640Hz  err=-16.006Hz  corr=-336.82W  u_ff=90.4W  PCAP→78W  power=77.6W
[PID] perf=25.652Hz  target=9.640Hz  err=-16.012Hz  corr=-336.94W  u_ff=90.4W  PCAP→78W  power=78.2W
[PID] perf=25.652Hz  target=9.640Hz  err=-16.012Hz  corr=-336.94W  u_ff=90.4W  PCAP→78W  power=78.4W
[PID] perf=25.676Hz  target=9.640Hz  err=-16.036Hz  corr=-337.38W  u_ff=90.4W  PCAP→78W  power=79.1W
[PID] perf=25.661Hz  target=9.640Hz  err=-16.022Hz  corr=-337.12W  u_ff=90.4W  PCAP→78W  power=78.7W
[PID] perf=25.648Hz  target=9.640Hz  err=-16.008Hz  corr=-336.86W  u_ff=90.4W  PCAP→78W  power=77.5W
[PID] perf=25.691Hz  target=9.640Hz  err=-16.051Hz  corr=-337.66W  u_ff=90.4W  PCAP→78W  power=78.1W
[PID] perf=25.683Hz  target=9.640Hz  err=-16.044Hz  corr=-337.53W  u_ff=90.4W  PCAP→78W  power=78.5W
[PID] perf=25.580Hz  target=9.640Hz  err=-15.940Hz  corr=-335.60W  u_ff=90.4W  PCAP→78W  power=77.3W
[PID] perf=25.800Hz  target=9.640Hz  err=-16.160Hz  corr=-339.68W  u_ff=90.4W  PCAP→78W  power=77.0W
[PID] perf=25.809Hz  target=9.640Hz  err=-16.169Hz  corr=-339.86W  u_ff=90.4W  PCAP→78W  power=77.9W
[PID] perf=25.828Hz  target=9.640Hz  err=-16.188Hz  corr=-340.20W  u_ff=90.4W  PCAP→78W  power=78.8W
[PID] perf=25.793Hz  target=9.640Hz  err=-16.153Hz  corr=-339.56W  u_ff=90.4W  PCAP→78W  power=76.7W
[PID] perf=25.696Hz  target=9.640Hz  err=-16.056Hz  corr=-337.76W  u_ff=90.4W  PCAP→78W  power=82.0W
[PID] perf=26.003Hz  target=9.640Hz  err=-16.364Hz  corr=-343.46W  u_ff=90.4W  PCAP→78W  power=78.3W
[PID] perf=26.108Hz  target=9.640Hz  err=-16.469Hz  corr=-345.40W  u_ff=90.4W  PCAP→78W  power=77.1W
[PID] perf=26.137Hz  target=9.640Hz  err=-16.497Hz  corr=-345.94W  u_ff=90.4W  PCAP→78W  power=78.4W
[PID] perf=26.127Hz  target=9.640Hz  err=-16.487Hz  corr=-345.75W  u_ff=90.4W  PCAP→78W  power=78.3W
[PID] perf=26.165Hz  target=9.640Hz  err=-16.525Hz  corr=-346.45W  u_ff=90.4W  PCAP→78W  power=78.5W
[PID] perf=26.151Hz  target=9.640Hz  err=-16.511Hz  corr=-346.19W  u_ff=90.4W  PCAP→78W  power=78.2W
[PID] perf=26.141Hz  target=9.640Hz  err=-16.502Hz  corr=-346.02W  u_ff=90.4W  PCAP→78W  power=78.6W
[PID] perf=26.118Hz  target=9.640Hz  err=-16.478Hz  corr=-345.59W  u_ff=90.4W  PCAP→78W  power=79.5W
[PID] perf=26.168Hz  target=9.640Hz  err=-16.529Hz  corr=-346.52W  u_ff=90.4W  PCAP→78W  power=78.9W
[PID] perf=26.122Hz  target=9.640Hz  err=-16.482Hz  corr=-345.66W  u_ff=90.4W  PCAP→78W  power=79.2W
[PID] perf=26.137Hz  target=9.640Hz  err=-16.498Hz  corr=-345.95W  u_ff=90.4W  PCAP→78W  power=78.3W
[PID] perf=26.141Hz  target=9.640Hz  err=-16.502Hz  corr=-346.02W  u_ff=90.4W  PCAP→78W  power=78.2W
[PID] perf=26.131Hz  target=9.640Hz  err=-16.491Hz  corr=-345.82W  u_ff=90.4W  PCAP→78W  power=77.8W
[PID] perf=26.065Hz  target=9.640Hz  err=-16.426Hz  corr=-344.61W  u_ff=90.4W  PCAP→78W  power=79.0W
[PID] perf=26.057Hz  target=9.640Hz  err=-16.417Hz  corr=-344.46W  u_ff=90.4W  PCAP→78W  power=77.3W
[PID] perf=26.059Hz  target=9.640Hz  err=-16.419Hz  corr=-344.48W  u_ff=90.4W  PCAP→78W  power=78.7W
[PID] perf=26.145Hz  target=9.640Hz  err=-16.505Hz  corr=-346.08W  u_ff=90.4W  PCAP→78W  power=77.8W
[PID] perf=26.655Hz  target=9.640Hz  err=-17.016Hz  corr=-355.55W  u_ff=90.4W  PCAP→78W  power=77.4W
[PID] perf=26.788Hz  target=9.640Hz  err=-17.149Hz  corr=-358.02W  u_ff=90.4W  PCAP→78W  power=77.8W
[PID] perf=26.863Hz  target=9.640Hz  err=-17.223Hz  corr=-359.40W  u_ff=90.4W  PCAP→78W  power=77.3W
[PID] perf=26.885Hz  target=9.640Hz  err=-17.245Hz  corr=-359.81W  u_ff=90.4W  PCAP→78W  power=77.4W
[PID] perf=26.849Hz  target=9.640Hz  err=-17.209Hz  corr=-359.14W  u_ff=90.4W  PCAP→78W  power=78.8W
[PID] perf=26.877Hz  target=9.640Hz  err=-17.237Hz  corr=-359.66W  u_ff=90.4W  PCAP→78W  power=78.6W
[PID] perf=26.840Hz  target=9.640Hz  err=-17.201Hz  corr=-358.98W  u_ff=90.4W  PCAP→78W  power=77.0W
[PID] perf=26.975Hz  target=9.640Hz  err=-17.335Hz  corr=-361.47W  u_ff=90.4W  PCAP→78W  power=79.0W
[PID] perf=26.893Hz  target=9.640Hz  err=-17.253Hz  corr=-359.96W  u_ff=90.4W  PCAP→78W  power=77.9W
[PID] perf=26.920Hz  target=9.640Hz  err=-17.280Hz  corr=-360.45W  u_ff=90.4W  PCAP→78W  power=77.0W
[PID] perf=26.897Hz  target=9.640Hz  err=-17.258Hz  corr=-360.04W  u_ff=90.4W  PCAP→78W  power=76.7W
[PID] perf=26.881Hz  target=9.640Hz  err=-17.241Hz  corr=-359.73W  u_ff=90.4W  PCAP→78W  power=77.7W
[PID] perf=26.892Hz  target=9.640Hz  err=-17.252Hz  corr=-359.93W  u_ff=90.4W  PCAP→78W  power=77.8W
[PID] perf=26.846Hz  target=9.640Hz  err=-17.207Hz  corr=-359.10W  u_ff=90.4W  PCAP→78W  power=79.0W
[PID] perf=26.853Hz  target=9.640Hz  err=-17.213Hz  corr=-359.21W  u_ff=90.4W  PCAP→78W  power=78.6W
[PID] perf=25.774Hz  target=9.640Hz  err=-16.134Hz  corr=-339.20W  u_ff=90.4W  PCAP→78W  power=77.8W
[PID] perf=25.868Hz  target=9.640Hz  err=-16.228Hz  corr=-340.95W  u_ff=90.4W  PCAP→78W  power=77.9W
[PID] perf=25.963Hz  target=9.640Hz  err=-16.324Hz  corr=-342.72W  u_ff=90.4W  PCAP→78W  power=77.0W
[PID] perf=25.718Hz  target=9.640Hz  err=-16.078Hz  corr=-338.17W  u_ff=90.4W  PCAP→78W  power=78.6W
[PID] perf=25.799Hz  target=9.640Hz  err=-16.159Hz  corr=-339.66W  u_ff=90.4W  PCAP→78W  power=77.7W
[PID] perf=25.762Hz  target=9.640Hz  err=-16.122Hz  corr=-338.99W  u_ff=90.4W  PCAP→78W  power=77.3W
[PID] perf=25.777Hz  target=9.640Hz  err=-16.138Hz  corr=-339.27W  u_ff=90.4W  PCAP→78W  power=77.6W
[PID] perf=25.824Hz  target=9.640Hz  err=-16.184Hz  corr=-340.13W  u_ff=90.4W  PCAP→78W  power=78.3W
[PID] perf=25.786Hz  target=9.640Hz  err=-16.146Hz  corr=-339.42W  u_ff=90.4W  PCAP→78W  power=77.7W
[PID] perf=25.774Hz  target=9.640Hz  err=-16.134Hz  corr=-339.20W  u_ff=90.4W  PCAP→78W  power=78.7W
[PID] perf=25.795Hz  target=9.640Hz  err=-16.155Hz  corr=-339.59W  u_ff=90.4W  PCAP→78W  power=77.2W
[PID] perf=26.486Hz  target=9.640Hz  err=-16.846Hz  corr=-352.41W  u_ff=90.4W  PCAP→78W  power=77.5W
[PID] perf=26.454Hz  target=9.640Hz  err=-16.814Hz  corr=-351.81W  u_ff=90.4W  PCAP→78W  power=76.6W
[PID] perf=26.528Hz  target=9.640Hz  err=-16.889Hz  corr=-353.20W  u_ff=90.4W  PCAP→78W  power=79.7W
[PID] perf=26.494Hz  target=9.640Hz  err=-16.854Hz  corr=-352.56W  u_ff=90.4W  PCAP→78W  power=78.5W
[PID] perf=26.504Hz  target=9.640Hz  err=-16.864Hz  corr=-352.74W  u_ff=90.4W  PCAP→78W  power=79.3W
[PID] perf=26.516Hz  target=9.640Hz  err=-16.877Hz  corr=-352.97W  u_ff=90.4W  PCAP→78W  power=78.0W
[PID] perf=26.498Hz  target=9.640Hz  err=-16.859Hz  corr=-352.64W  u_ff=90.4W  PCAP→78W  power=77.5W
[PID] perf=26.503Hz  target=9.640Hz  err=-16.864Hz  corr=-352.73W  u_ff=90.4W  PCAP→78W  power=76.7W
[PID] perf=26.507Hz  target=9.640Hz  err=-16.867Hz  corr=-352.80W  u_ff=90.4W  PCAP→78W  power=77.0W
[PID] perf=26.497Hz  target=9.640Hz  err=-16.857Hz  corr=-352.61W  u_ff=90.4W  PCAP→78W  power=76.8W
[PID] perf=26.503Hz  target=9.640Hz  err=-16.864Hz  corr=-352.73W  u_ff=90.4W  PCAP→78W  power=77.7W
[PID] perf=26.516Hz  target=9.640Hz  err=-16.877Hz  corr=-352.97W  u_ff=90.4W  PCAP→78W  power=76.5W
[PID] perf=26.470Hz  target=9.640Hz  err=-16.830Hz  corr=-352.12W  u_ff=90.4W  PCAP→78W  power=77.0W
[PID] perf=26.536Hz  target=9.640Hz  err=-16.896Hz  corr=-353.33W  u_ff=90.4W  PCAP→78W  power=77.5W
[PID] perf=26.571Hz  target=9.640Hz  err=-16.931Hz  corr=-353.99W  u_ff=90.4W  PCAP→78W  power=77.6W
[PID] perf=27.429Hz  target=9.640Hz  err=-17.789Hz  corr=-369.90W  u_ff=90.4W  PCAP→78W  power=76.9W
[PID] perf=27.467Hz  target=9.640Hz  err=-17.828Hz  corr=-370.61W  u_ff=90.4W  PCAP→78W  power=78.0W
[PID] perf=27.467Hz  target=9.640Hz  err=-17.827Hz  corr=-370.60W  u_ff=90.4W  PCAP→78W  power=76.8W
[PID] perf=27.486Hz  target=9.640Hz  err=-17.846Hz  corr=-370.96W  u_ff=90.4W  PCAP→78W  power=77.1W
[PID] perf=27.493Hz  target=9.640Hz  err=-17.854Hz  corr=-371.09W  u_ff=90.4W  PCAP→78W  power=78.1W
[PID] perf=27.469Hz  target=9.640Hz  err=-17.830Hz  corr=-370.65W  u_ff=90.4W  PCAP→78W  power=76.6W
[PID] perf=27.505Hz  target=9.640Hz  err=-17.865Hz  corr=-371.31W  u_ff=90.4W  PCAP→78W  power=77.1W
[PID] perf=27.516Hz  target=9.640Hz  err=-17.876Hz  corr=-371.50W  u_ff=90.4W  PCAP→78W  power=78.1W
[PID] perf=27.489Hz  target=9.640Hz  err=-17.849Hz  corr=-371.01W  u_ff=90.4W  PCAP→78W  power=77.4W
[PID] perf=27.497Hz  target=9.640Hz  err=-17.857Hz  corr=-371.16W  u_ff=90.4W  PCAP→78W  power=77.2W
[PID] perf=27.484Hz  target=9.640Hz  err=-17.844Hz  corr=-370.91W  u_ff=90.4W  PCAP→78W  power=77.0W
[PID] perf=27.480Hz  target=9.640Hz  err=-17.840Hz  corr=-370.84W  u_ff=90.4W  PCAP→78W  power=77.4W
[PID] perf=27.517Hz  target=9.640Hz  err=-17.877Hz  corr=-371.52W  u_ff=90.4W  PCAP→78W  power=78.7W
[PID] perf=27.485Hz  target=9.640Hz  err=-17.845Hz  corr=-370.93W  u_ff=90.4W  PCAP→78W  power=78.5W
[PID] perf=27.501Hz  target=9.640Hz  err=-17.862Hz  corr=-371.24W  u_ff=90.4W  PCAP→78W  power=78.8W
[PID] perf=27.493Hz  target=9.640Hz  err=-17.854Hz  corr=-371.09W  u_ff=90.4W  PCAP→78W  power=79.0W
[PID] perf=27.479Hz  target=9.640Hz  err=-17.840Hz  corr=-370.83W  u_ff=90.4W  PCAP→78W  power=77.5W
[PID] perf=27.471Hz  target=9.640Hz  err=-17.832Hz  corr=-370.68W  u_ff=90.4W  PCAP→78W  power=77.1W
[PID] perf=27.493Hz  target=9.640Hz  err=-17.854Hz  corr=-371.09W  u_ff=90.4W  PCAP→78W  power=77.5W
[PID] perf=27.496Hz  target=9.640Hz  err=-17.857Hz  corr=-371.15W  u_ff=90.4W  PCAP→78W  power=78.4W
[PID] perf=27.485Hz  target=9.640Hz  err=-17.845Hz  corr=-370.93W  u_ff=90.4W  PCAP→78W  power=79.2W
[PID] perf=27.493Hz  target=9.640Hz  err=-17.853Hz  corr=-371.08W  u_ff=90.4W  PCAP→78W  power=77.9W
[PID] perf=27.471Hz  target=9.640Hz  err=-17.831Hz  corr=-370.67W  u_ff=90.4W  PCAP→78W  power=76.4W
[PID] perf=27.486Hz  target=9.640Hz  err=-17.847Hz  corr=-370.96W  u_ff=90.4W  PCAP→78W  power=77.8W
[PID] perf=27.504Hz  target=9.640Hz  err=-17.864Hz  corr=-371.29W  u_ff=90.4W  PCAP→78W  power=77.0W
[PID] perf=27.473Hz  target=9.640Hz  err=-17.833Hz  corr=-370.72W  u_ff=90.4W  PCAP→78W  power=76.5W
[PID] perf=27.484Hz  target=9.640Hz  err=-17.845Hz  corr=-370.93W  u_ff=90.4W  PCAP→78W  power=76.5W
[PID] perf=27.504Hz  target=9.640Hz  err=-17.864Hz  corr=-371.28W  u_ff=90.4W  PCAP→78W  power=78.2W
[PID] perf=27.510Hz  target=9.640Hz  err=-17.871Hz  corr=-371.41W  u_ff=90.4W  PCAP→78W  power=78.7W
[PID] perf=27.518Hz  target=9.640Hz  err=-17.879Hz  corr=-371.55W  u_ff=90.4W  PCAP→78W  power=76.3W
[PID] perf=27.500Hz  target=9.640Hz  err=-17.860Hz  corr=-371.21W  u_ff=90.4W  PCAP→78W  power=77.6W
[PID] perf=27.535Hz  target=9.640Hz  err=-17.895Hz  corr=-371.87W  u_ff=90.4W  PCAP→78W  power=77.7W
[PID] perf=27.494Hz  target=9.640Hz  err=-17.854Hz  corr=-371.10W  u_ff=90.4W  PCAP→78W  power=78.9W
[PID] perf=27.539Hz  target=9.640Hz  err=-17.899Hz  corr=-371.93W  u_ff=90.4W  PCAP→78W  power=78.9W
[PID] perf=27.493Hz  target=9.640Hz  err=-17.853Hz  corr=-371.08W  u_ff=90.4W  PCAP→78W  power=78.0W
[PID] perf=27.469Hz  target=9.640Hz  err=-17.829Hz  corr=-370.64W  u_ff=90.4W  PCAP→78W  power=77.6W
[PID] perf=27.524Hz  target=9.640Hz  err=-17.884Hz  corr=-371.66W  u_ff=90.4W  PCAP→78W  power=78.4W
[PID] perf=27.518Hz  target=9.640Hz  err=-17.878Hz  corr=-371.55W  u_ff=90.4W  PCAP→78W  power=76.7W
[PID] perf=27.520Hz  target=9.640Hz  err=-17.880Hz  corr=-371.58W  u_ff=90.4W  PCAP→78W  power=77.5W
[PID] perf=27.503Hz  target=9.640Hz  err=-17.863Hz  corr=-371.27W  u_ff=90.4W  PCAP→78W  power=77.3W
[PID] perf=27.480Hz  target=9.640Hz  err=-17.840Hz  corr=-370.84W  u_ff=90.4W  PCAP→78W  power=76.6W
[PID] perf=27.510Hz  target=9.640Hz  err=-17.871Hz  corr=-371.41W  u_ff=90.4W  PCAP→78W  power=76.0W
[PID] perf=27.525Hz  target=9.640Hz  err=-17.885Hz  corr=-371.67W  u_ff=90.4W  PCAP→78W  power=77.6W
[PID] perf=27.503Hz  target=9.640Hz  err=-17.863Hz  corr=-371.27W  u_ff=90.4W  PCAP→78W  power=77.6W
[PID] perf=27.498Hz  target=9.640Hz  err=-17.858Hz  corr=-371.17W  u_ff=90.4W  PCAP→78W  power=77.8W
[PID] perf=27.496Hz  target=9.640Hz  err=-17.856Hz  corr=-371.13W  u_ff=90.4W  PCAP→78W  power=78.4W
[PID] perf=27.485Hz  target=9.640Hz  err=-17.845Hz  corr=-370.93W  u_ff=90.4W  PCAP→78W  power=77.9W
[PID] perf=27.513Hz  target=9.640Hz  err=-17.873Hz  corr=-371.45W  u_ff=90.4W  PCAP→78W  power=79.2W
[PID] perf=27.398Hz  target=9.640Hz  err=-17.758Hz  corr=-369.32W  u_ff=90.4W  PCAP→78W  power=77.3W
[PID] perf=27.114Hz  target=9.640Hz  err=-17.475Hz  corr=-364.06W  u_ff=90.4W  PCAP→78W  power=77.8W
[PID] perf=27.568Hz  target=9.640Hz  err=-17.929Hz  corr=-372.48W  u_ff=90.4W  PCAP→78W  power=77.1W
[PID] perf=27.576Hz  target=9.640Hz  err=-17.937Hz  corr=-372.63W  u_ff=90.4W  PCAP→78W  power=76.7W
[PID] perf=27.585Hz  target=9.640Hz  err=-17.945Hz  corr=-372.79W  u_ff=90.4W  PCAP→78W  power=77.4W
[PID] perf=27.578Hz  target=9.640Hz  err=-17.938Hz  corr=-372.66W  u_ff=90.4W  PCAP→78W  power=78.1W
[PID] perf=27.583Hz  target=9.640Hz  err=-17.943Hz  corr=-372.75W  u_ff=90.4W  PCAP→78W  power=79.2W
[PID] perf=27.569Hz  target=9.640Hz  err=-17.929Hz  corr=-372.49W  u_ff=90.4W  PCAP→78W  power=78.2W
[PID] perf=27.576Hz  target=9.640Hz  err=-17.936Hz  corr=-372.62W  u_ff=90.4W  PCAP→78W  power=78.2W
[PID] perf=27.537Hz  target=9.640Hz  err=-17.897Hz  corr=-371.89W  u_ff=90.4W  PCAP→78W  power=78.0W
[PID] perf=27.555Hz  target=9.640Hz  err=-17.915Hz  corr=-372.23W  u_ff=90.4W  PCAP→78W  power=77.0W
[PID] perf=27.549Hz  target=9.640Hz  err=-17.909Hz  corr=-372.12W  u_ff=90.4W  PCAP→78W  power=77.4W
[PID] perf=27.542Hz  target=9.640Hz  err=-17.902Hz  corr=-371.99W  u_ff=90.4W  PCAP→78W  power=76.4W
[PID] perf=27.521Hz  target=9.640Hz  err=-17.881Hz  corr=-371.60W  u_ff=90.4W  PCAP→78W  power=79.1W
[PID] perf=27.545Hz  target=9.640Hz  err=-17.906Hz  corr=-372.06W  u_ff=90.4W  PCAP→78W  power=77.3W
[PID] perf=27.526Hz  target=9.640Hz  err=-17.886Hz  corr=-371.69W  u_ff=90.4W  PCAP→78W  power=79.2W
[PID] perf=27.535Hz  target=9.640Hz  err=-17.896Hz  corr=-371.87W  u_ff=90.4W  PCAP→78W  power=79.5W
[PID] perf=27.555Hz  target=9.640Hz  err=-17.915Hz  corr=-372.24W  u_ff=90.4W  PCAP→78W  power=78.0W
[PID] perf=27.538Hz  target=9.640Hz  err=-17.899Hz  corr=-371.93W  u_ff=90.4W  PCAP→78W  power=77.6W
[PID] perf=27.554Hz  target=9.640Hz  err=-17.915Hz  corr=-372.22W  u_ff=90.4W  PCAP→78W  power=78.9W
[PID] perf=27.553Hz  target=9.640Hz  err=-17.914Hz  corr=-372.20W  u_ff=90.4W  PCAP→78W  power=78.6W
[PID] perf=27.558Hz  target=9.640Hz  err=-17.919Hz  corr=-372.30W  u_ff=90.4W  PCAP→78W  power=78.8W
[PID] perf=27.561Hz  target=9.640Hz  err=-17.921Hz  corr=-372.34W  u_ff=90.4W  PCAP→78W  power=79.1W
[PID] perf=27.572Hz  target=9.640Hz  err=-17.932Hz  corr=-372.55W  u_ff=90.4W  PCAP→78W  power=76.4W
[PID] perf=27.555Hz  target=9.640Hz  err=-17.915Hz  corr=-372.23W  u_ff=90.4W  PCAP→78W  power=78.4W
[PID] perf=27.563Hz  target=9.640Hz  err=-17.924Hz  corr=-372.39W  u_ff=90.4W  PCAP→78W  power=76.9W
[PID] perf=27.551Hz  target=9.640Hz  err=-17.912Hz  corr=-372.16W  u_ff=90.4W  PCAP→78W  power=77.0W
[PID] perf=27.548Hz  target=9.640Hz  err=-17.908Hz  corr=-372.10W  u_ff=90.4W  PCAP→78W  power=77.7W
[PID] perf=27.554Hz  target=9.640Hz  err=-17.915Hz  corr=-372.22W  u_ff=90.4W  PCAP→78W  power=77.8W
[PID] perf=27.533Hz  target=9.640Hz  err=-17.893Hz  corr=-371.82W  u_ff=90.4W  PCAP→78W  power=77.4W
[PID] perf=27.565Hz  target=9.640Hz  err=-17.925Hz  corr=-372.42W  u_ff=90.4W  PCAP→78W  power=77.0W
[PID] perf=27.573Hz  target=9.640Hz  err=-17.934Hz  corr=-372.57W  u_ff=90.4W  PCAP→78W  power=77.7W
[PID] perf=27.596Hz  target=9.640Hz  err=-17.957Hz  corr=-373.00W  u_ff=90.4W  PCAP→78W  power=77.2W
[PID] perf=27.588Hz  target=9.640Hz  err=-17.948Hz  corr=-372.85W  u_ff=90.4W  PCAP→78W  power=78.0W
[PID] perf=27.580Hz  target=9.640Hz  err=-17.940Hz  corr=-372.69W  u_ff=90.4W  PCAP→78W  power=78.5W
[PID] perf=27.560Hz  target=9.640Hz  err=-17.920Hz  corr=-372.32W  u_ff=90.4W  PCAP→78W  power=76.5W
[PID] perf=27.580Hz  target=9.640Hz  err=-17.940Hz  corr=-372.69W  u_ff=90.4W  PCAP→78W  power=78.3W
[PID] perf=27.578Hz  target=9.640Hz  err=-17.938Hz  corr=-372.66W  u_ff=90.4W  PCAP→78W  power=78.9W
[PID] perf=27.551Hz  target=9.640Hz  err=-17.912Hz  corr=-372.17W  u_ff=90.4W  PCAP→78W  power=77.7W
[PID] perf=27.515Hz  target=9.640Hz  err=-17.876Hz  corr=-371.50W  u_ff=90.4W  PCAP→78W  power=77.8W
[PID] perf=27.588Hz  target=9.640Hz  err=-17.948Hz  corr=-372.85W  u_ff=90.4W  PCAP→78W  power=77.6W
[PID] perf=27.580Hz  target=9.640Hz  err=-17.940Hz  corr=-372.69W  u_ff=90.4W  PCAP→78W  power=77.2W
[PID] perf=27.587Hz  target=9.640Hz  err=-17.947Hz  corr=-372.82W  u_ff=90.4W  PCAP→78W  power=79.1W
[PID] perf=27.565Hz  target=9.640Hz  err=-17.925Hz  corr=-372.42W  u_ff=90.4W  PCAP→78W  power=78.6W
[PID] perf=27.568Hz  target=9.640Hz  err=-17.928Hz  corr=-372.47W  u_ff=90.4W  PCAP→78W  power=79.1W
[PID] perf=27.580Hz  target=9.640Hz  err=-17.940Hz  corr=-372.69W  u_ff=90.4W  PCAP→78W  power=77.7W
[PID] perf=27.541Hz  target=9.640Hz  err=-17.902Hz  corr=-371.98W  u_ff=90.4W  PCAP→78W  power=76.8W
[PID] perf=27.541Hz  target=9.640Hz  err=-17.902Hz  corr=-371.98W  u_ff=90.4W  PCAP→78W  power=76.8W
[PID] perf=27.533Hz  target=9.640Hz  err=-17.893Hz  corr=-371.82W  u_ff=90.4W  PCAP→78W  power=76.3W
[PID] perf=27.559Hz  target=9.640Hz  err=-17.920Hz  corr=-372.31W  u_ff=90.4W  PCAP→78W  power=77.7W
[PID] perf=27.580Hz  target=9.640Hz  err=-17.941Hz  corr=-372.71W  u_ff=90.4W  PCAP→78W  power=78.9W
[PID] perf=27.596Hz  target=9.640Hz  err=-17.956Hz  corr=-372.99W  u_ff=90.4W  PCAP→78W  power=79.2W
[PID] perf=27.583Hz  target=9.640Hz  err=-17.943Hz  corr=-372.75W  u_ff=90.4W  PCAP→78W  power=78.2W
[PID] perf=27.578Hz  target=9.640Hz  err=-17.938Hz  corr=-372.66W  u_ff=90.4W  PCAP→78W  power=78.4W
[PID] perf=27.567Hz  target=9.640Hz  err=-17.927Hz  corr=-372.46W  u_ff=90.4W  PCAP→78W  power=77.2W
[PID] perf=27.583Hz  target=9.640Hz  err=-17.943Hz  corr=-372.75W  u_ff=90.4W  PCAP→78W  power=76.7W
[PID] perf=27.585Hz  target=9.640Hz  err=-17.945Hz  corr=-372.79W  u_ff=90.4W  PCAP→78W  power=78.6W
[PID] perf=27.602Hz  target=9.640Hz  err=-17.962Hz  corr=-373.10W  u_ff=90.4W  PCAP→78W  power=79.5W
[PID] perf=27.577Hz  target=9.640Hz  err=-17.938Hz  corr=-372.65W  u_ff=90.4W  PCAP→78W  power=77.2W
[PID] perf=27.584Hz  target=9.640Hz  err=-17.945Hz  corr=-372.78W  u_ff=90.4W  PCAP→78W  power=77.2W
[PID] perf=27.587Hz  target=9.640Hz  err=-17.947Hz  corr=-372.82W  u_ff=90.4W  PCAP→78W  power=78.4W
[PID] perf=27.571Hz  target=9.640Hz  err=-17.931Hz  corr=-372.53W  u_ff=90.4W  PCAP→78W  power=76.5W
[PID] perf=27.570Hz  target=9.640Hz  err=-17.931Hz  corr=-372.52W  u_ff=90.4W  PCAP→78W  power=78.1W
[PID] perf=27.583Hz  target=9.640Hz  err=-17.943Hz  corr=-372.75W  u_ff=90.4W  PCAP→78W  power=78.9W
[PID] perf=27.594Hz  target=9.640Hz  err=-17.954Hz  corr=-372.96W  u_ff=90.4W  PCAP→78W  power=77.7W
[PID] perf=27.584Hz  target=9.640Hz  err=-17.944Hz  corr=-372.76W  u_ff=90.4W  PCAP→78W  power=77.6W
[PID] perf=27.571Hz  target=9.640Hz  err=-17.931Hz  corr=-372.52W  u_ff=90.4W  PCAP→78W  power=77.5W
[PID] perf=27.566Hz  target=9.640Hz  err=-17.926Hz  corr=-372.44W  u_ff=90.4W  PCAP→78W  power=77.2W
[PID] perf=27.566Hz  target=9.640Hz  err=-17.926Hz  corr=-372.43W  u_ff=90.4W  PCAP→78W  power=77.5W
[PID] perf=27.558Hz  target=9.640Hz  err=-17.918Hz  corr=-372.29W  u_ff=90.4W  PCAP→78W  power=78.8W
[PID] perf=27.573Hz  target=9.640Hz  err=-17.933Hz  corr=-372.56W  u_ff=90.4W  PCAP→78W  power=77.9W
[PID] perf=27.561Hz  target=9.640Hz  err=-17.921Hz  corr=-372.34W  u_ff=90.4W  PCAP→78W  power=79.0W
[PID] perf=27.566Hz  target=9.640Hz  err=-17.926Hz  corr=-372.44W  u_ff=90.4W  PCAP→78W  power=79.1W
[PID] perf=27.563Hz  target=9.640Hz  err=-17.923Hz  corr=-372.38W  u_ff=90.4W  PCAP→78W  power=77.2W
[PID] perf=27.568Hz  target=9.640Hz  err=-17.928Hz  corr=-372.47W  u_ff=90.4W  PCAP→78W  power=76.3W
[PID] perf=27.542Hz  target=9.640Hz  err=-17.903Hz  corr=-372.00W  u_ff=90.4W  PCAP→78W  power=77.2W
[PID] perf=27.535Hz  target=9.640Hz  err=-17.895Hz  corr=-371.86W  u_ff=90.4W  PCAP→78W  power=78.2W
[PID] perf=27.526Hz  target=9.640Hz  err=-17.886Hz  corr=-371.69W  u_ff=90.4W  PCAP→78W  power=78.9W
[PID] perf=27.508Hz  target=9.640Hz  err=-17.869Hz  corr=-371.37W  u_ff=90.4W  PCAP→78W  power=79.0W
[PID] perf=27.517Hz  target=9.640Hz  err=-17.877Hz  corr=-371.53W  u_ff=90.4W  PCAP→78W  power=77.8W
[PID] perf=27.514Hz  target=9.640Hz  err=-17.875Hz  corr=-371.48W  u_ff=90.4W  PCAP→78W  power=77.0W
[PID] perf=27.544Hz  target=9.640Hz  err=-17.905Hz  corr=-372.03W  u_ff=90.4W  PCAP→78W  power=77.2W
[PID] perf=27.585Hz  target=9.640Hz  err=-17.946Hz  corr=-372.80W  u_ff=90.4W  PCAP→78W  power=77.2W
[PID] perf=27.537Hz  target=9.640Hz  err=-17.898Hz  corr=-371.91W  u_ff=90.4W  PCAP→78W  power=78.7W
[PID] perf=27.517Hz  target=9.640Hz  err=-17.878Hz  corr=-371.54W  u_ff=90.4W  PCAP→78W  power=76.5W
[PID] perf=27.559Hz  target=9.640Hz  err=-17.919Hz  corr=-372.30W  u_ff=90.4W  PCAP→78W  power=76.4W
[PID] perf=27.557Hz  target=9.640Hz  err=-17.917Hz  corr=-372.27W  u_ff=90.4W  PCAP→78W  power=77.3W
[PID] perf=27.577Hz  target=9.640Hz  err=-17.938Hz  corr=-372.65W  u_ff=90.4W  PCAP→78W  power=78.0W
[PID] perf=27.546Hz  target=9.640Hz  err=-17.907Hz  corr=-372.07W  u_ff=90.4W  PCAP→78W  power=78.6W
[PID] perf=27.568Hz  target=9.640Hz  err=-17.928Hz  corr=-372.47W  u_ff=90.4W  PCAP→78W  power=79.4W
[PID] perf=27.588Hz  target=9.640Hz  err=-17.948Hz  corr=-372.84W  u_ff=90.4W  PCAP→78W  power=79.0W
[PID] perf=27.539Hz  target=9.640Hz  err=-17.900Hz  corr=-371.95W  u_ff=90.4W  PCAP→78W  power=78.3W
[PID] perf=27.566Hz  target=9.640Hz  err=-17.926Hz  corr=-372.44W  u_ff=90.4W  PCAP→78W  power=78.5W
[PID] perf=27.577Hz  target=9.640Hz  err=-17.938Hz  corr=-372.65W  u_ff=90.4W  PCAP→78W  power=77.7W
[PID] perf=27.542Hz  target=9.640Hz  err=-17.903Hz  corr=-372.00W  u_ff=90.4W  PCAP→78W  power=78.9W
[PID] perf=27.597Hz  target=9.640Hz  err=-17.957Hz  corr=-373.01W  u_ff=90.4W  PCAP→78W  power=79.0W
[PID] perf=27.585Hz  target=9.640Hz  err=-17.945Hz  corr=-372.79W  u_ff=90.4W  PCAP→78W  power=76.6W
[PID] perf=27.563Hz  target=9.640Hz  err=-17.923Hz  corr=-372.39W  u_ff=90.4W  PCAP→78W  power=77.1W
[PID] perf=27.593Hz  target=9.640Hz  err=-17.954Hz  corr=-372.94W  u_ff=90.4W  PCAP→78W  power=77.1W
[PID] perf=27.568Hz  target=9.640Hz  err=-17.929Hz  corr=-372.48W  u_ff=90.4W  PCAP→78W  power=77.8W
[PID] perf=27.566Hz  target=9.640Hz  err=-17.926Hz  corr=-372.44W  u_ff=90.4W  PCAP→78W  power=78.0W
[PID] perf=27.555Hz  target=9.640Hz  err=-17.915Hz  corr=-372.23W  u_ff=90.4W  PCAP→78W  power=76.9W
[PID] perf=27.565Hz  target=9.640Hz  err=-17.925Hz  corr=-372.41W  u_ff=90.4W  PCAP→78W  power=77.2W
[PID] perf=27.539Hz  target=9.640Hz  err=-17.899Hz  corr=-371.94W  u_ff=90.4W  PCAP→78W  power=78.8W
[PID] perf=27.529Hz  target=9.640Hz  err=-17.889Hz  corr=-371.76W  u_ff=90.4W  PCAP→78W  power=78.7W
[PID] perf=27.591Hz  target=9.640Hz  err=-17.952Hz  corr=-372.91W  u_ff=90.4W  PCAP→78W  power=78.4W
[PID] perf=27.560Hz  target=9.640Hz  err=-17.920Hz  corr=-372.32W  u_ff=90.4W  PCAP→78W  power=77.7W
[PID] perf=27.552Hz  target=9.640Hz  err=-17.912Hz  corr=-372.18W  u_ff=90.4W  PCAP→78W  power=77.2W
[PID] perf=27.557Hz  target=9.640Hz  err=-17.918Hz  corr=-372.28W  u_ff=90.4W  PCAP→78W  power=76.3W
[PID] perf=27.549Hz  target=9.640Hz  err=-17.909Hz  corr=-372.12W  u_ff=90.4W  PCAP→78W  power=78.3W
[PID] perf=27.565Hz  target=9.640Hz  err=-17.925Hz  corr=-372.42W  u_ff=90.4W  PCAP→78W  power=79.2W
[PID] perf=27.533Hz  target=9.640Hz  err=-17.893Hz  corr=-371.83W  u_ff=90.4W  PCAP→78W  power=78.9W
[PID] perf=27.550Hz  target=9.640Hz  err=-17.910Hz  corr=-372.14W  u_ff=90.4W  PCAP→78W  power=78.6W
[PID] perf=27.553Hz  target=9.640Hz  err=-17.913Hz  corr=-372.20W  u_ff=90.4W  PCAP→78W  power=77.1W
[PID] perf=27.553Hz  target=9.640Hz  err=-17.913Hz  corr=-372.19W  u_ff=90.4W  PCAP→78W  power=76.5W
[PID] perf=27.547Hz  target=9.640Hz  err=-17.907Hz  corr=-372.08W  u_ff=90.4W  PCAP→78W  power=78.0W
[PID] perf=27.537Hz  target=9.640Hz  err=-17.897Hz  corr=-371.90W  u_ff=90.4W  PCAP→78W  power=78.3W
[PID] perf=27.545Hz  target=9.640Hz  err=-17.906Hz  corr=-372.06W  u_ff=90.4W  PCAP→78W  power=77.1W
[PID] perf=27.553Hz  target=9.640Hz  err=-17.914Hz  corr=-372.21W  u_ff=90.4W  PCAP→78W  power=77.2W
[PID] perf=27.545Hz  target=9.640Hz  err=-17.905Hz  corr=-372.05W  u_ff=90.4W  PCAP→78W  power=77.1W
[PID] perf=27.554Hz  target=9.640Hz  err=-17.915Hz  corr=-372.22W  u_ff=90.4W  PCAP→78W  power=77.3W
[PID] perf=27.570Hz  target=9.640Hz  err=-17.931Hz  corr=-372.52W  u_ff=90.4W  PCAP→78W  power=78.8W
[PID] perf=27.558Hz  target=9.640Hz  err=-17.918Hz  corr=-372.28W  u_ff=90.4W  PCAP→78W  power=77.0W
[PID] perf=27.544Hz  target=9.640Hz  err=-17.904Hz  corr=-372.03W  u_ff=90.4W  PCAP→78W  power=76.9W
[PID] perf=27.534Hz  target=9.640Hz  err=-17.894Hz  corr=-371.84W  u_ff=90.4W  PCAP→78W  power=77.0W
[PID] perf=27.544Hz  target=9.640Hz  err=-17.905Hz  corr=-372.04W  u_ff=90.4W  PCAP→78W  power=76.8W
[PID] perf=27.545Hz  target=9.640Hz  err=-17.905Hz  corr=-372.04W  u_ff=90.4W  PCAP→78W  power=78.6W
[PID] perf=27.544Hz  target=9.640Hz  err=-17.904Hz  corr=-372.03W  u_ff=90.4W  PCAP→78W  power=77.7W
[PID] perf=27.537Hz  target=9.640Hz  err=-17.898Hz  corr=-371.91W  u_ff=90.4W  PCAP→78W  power=78.1W
[PID] perf=27.572Hz  target=9.640Hz  err=-17.932Hz  corr=-372.55W  u_ff=90.4W  PCAP→78W  power=77.6W
[PID] perf=27.556Hz  target=9.640Hz  err=-17.917Hz  corr=-372.26W  u_ff=90.4W  PCAP→78W  power=77.1W
[PID] perf=27.547Hz  target=9.640Hz  err=-17.907Hz  corr=-372.09W  u_ff=90.4W  PCAP→78W  power=76.7W
[PID] perf=27.534Hz  target=9.640Hz  err=-17.894Hz  corr=-371.84W  u_ff=90.4W  PCAP→78W  power=76.5W
[PID] perf=27.531Hz  target=9.640Hz  err=-17.891Hz  corr=-371.78W  u_ff=90.4W  PCAP→78W  power=76.1W
[PID] perf=27.572Hz  target=9.640Hz  err=-17.932Hz  corr=-372.55W  u_ff=90.4W  PCAP→78W  power=76.9W
[PID] perf=27.580Hz  target=9.640Hz  err=-17.940Hz  corr=-372.69W  u_ff=90.4W  PCAP→78W  power=76.7W
[PID] perf=27.554Hz  target=9.640Hz  err=-17.915Hz  corr=-372.22W  u_ff=90.4W  PCAP→78W  power=78.5W
[PID] perf=27.566Hz  target=9.640Hz  err=-17.927Hz  corr=-372.45W  u_ff=90.4W  PCAP→78W  power=76.7W
[PID] perf=27.563Hz  target=9.640Hz  err=-17.923Hz  corr=-372.38W  u_ff=90.4W  PCAP→78W  power=78.0W
[PID] perf=27.541Hz  target=9.640Hz  err=-17.901Hz  corr=-371.97W  u_ff=90.4W  PCAP→78W  power=76.5W
[PID] perf=27.570Hz  target=9.640Hz  err=-17.931Hz  corr=-372.52W  u_ff=90.4W  PCAP→78W  power=77.0W
[PID] perf=27.584Hz  target=9.640Hz  err=-17.944Hz  corr=-372.76W  u_ff=90.4W  PCAP→78W  power=78.1W
[PID] perf=27.576Hz  target=9.640Hz  err=-17.937Hz  corr=-372.63W  u_ff=90.4W  PCAP→78W  power=78.0W
[PID] perf=27.530Hz  target=9.640Hz  err=-17.891Hz  corr=-371.77W  u_ff=90.4W  PCAP→78W  power=77.7W
[PID] perf=27.554Hz  target=9.640Hz  err=-17.914Hz  corr=-372.21W  u_ff=90.4W  PCAP→78W  power=78.6W
[PID] perf=27.546Hz  target=9.640Hz  err=-17.907Hz  corr=-372.07W  u_ff=90.4W  PCAP→78W  power=78.1W
[PID] perf=27.531Hz  target=9.640Hz  err=-17.891Hz  corr=-371.79W  u_ff=90.4W  PCAP→78W  power=76.9W
[PID] perf=27.562Hz  target=9.640Hz  err=-17.922Hz  corr=-372.36W  u_ff=90.4W  PCAP→78W  power=77.5W
[PID] perf=27.575Hz  target=9.640Hz  err=-17.936Hz  corr=-372.61W  u_ff=90.4W  PCAP→78W  power=77.6W
[PID] perf=27.597Hz  target=9.640Hz  err=-17.957Hz  corr=-373.01W  u_ff=90.4W  PCAP→78W  power=78.3W
[PID] perf=27.573Hz  target=9.640Hz  err=-17.933Hz  corr=-372.56W  u_ff=90.4W  PCAP→78W  power=77.1W
[PID] perf=27.602Hz  target=9.640Hz  err=-17.962Hz  corr=-373.10W  u_ff=90.4W  PCAP→78W  power=77.1W
[PID] perf=27.584Hz  target=9.640Hz  err=-17.944Hz  corr=-372.77W  u_ff=90.4W  PCAP→78W  power=77.4W
[PID] perf=27.553Hz  target=9.640Hz  err=-17.913Hz  corr=-372.19W  u_ff=90.4W  PCAP→78W  power=77.4W
[PID] perf=27.538Hz  target=9.640Hz  err=-17.899Hz  corr=-371.92W  u_ff=90.4W  PCAP→78W  power=79.1W
[PID] perf=27.572Hz  target=9.640Hz  err=-17.932Hz  corr=-372.55W  u_ff=90.4W  PCAP→78W  power=79.2W
[PID] perf=27.561Hz  target=9.640Hz  err=-17.921Hz  corr=-372.34W  u_ff=90.4W  PCAP→78W  power=77.3W
[PID] perf=27.577Hz  target=9.640Hz  err=-17.938Hz  corr=-372.65W  u_ff=90.4W  PCAP→78W  power=77.0W
[PID] perf=27.560Hz  target=9.640Hz  err=-17.920Hz  corr=-372.33W  u_ff=90.4W  PCAP→78W  power=77.4W
[PID] perf=27.563Hz  target=9.640Hz  err=-17.923Hz  corr=-372.38W  u_ff=90.4W  PCAP→78W  power=78.1W
[PID] perf=27.577Hz  target=9.640Hz  err=-17.937Hz  corr=-372.63W  u_ff=90.4W  PCAP→78W  power=78.2W
[PID] perf=27.566Hz  target=9.640Hz  err=-17.926Hz  corr=-372.43W  u_ff=90.4W  PCAP→78W  power=76.8W
[PID] perf=27.540Hz  target=9.640Hz  err=-17.900Hz  corr=-371.96W  u_ff=90.4W  PCAP→78W  power=78.1W
[PID] perf=27.571Hz  target=9.640Hz  err=-17.932Hz  corr=-372.54W  u_ff=90.4W  PCAP→78W  power=77.0W
[PID] perf=27.577Hz  target=9.640Hz  err=-17.938Hz  corr=-372.65W  u_ff=90.4W  PCAP→78W  power=77.4W
[PID] perf=27.540Hz  target=9.640Hz  err=-17.900Hz  corr=-371.96W  u_ff=90.4W  PCAP→78W  power=77.1W
[PID] perf=27.513Hz  target=9.640Hz  err=-17.873Hz  corr=-371.45W  u_ff=90.4W  PCAP→78W  power=78.5W
[PID] perf=27.540Hz  target=9.640Hz  err=-17.901Hz  corr=-371.96W  u_ff=90.4W  PCAP→78W  power=77.6W
[PID] perf=27.578Hz  target=9.640Hz  err=-17.939Hz  corr=-372.66W  u_ff=90.4W  PCAP→78W  power=78.0W
[PID] perf=27.563Hz  target=9.640Hz  err=-17.923Hz  corr=-372.38W  u_ff=90.4W  PCAP→78W  power=78.7W
[PID] perf=27.548Hz  target=9.640Hz  err=-17.908Hz  corr=-372.11W  u_ff=90.4W  PCAP→78W  power=77.4W
[PID] perf=27.544Hz  target=9.640Hz  err=-17.905Hz  corr=-372.04W  u_ff=90.4W  PCAP→78W  power=77.0W
[PID] perf=27.577Hz  target=9.640Hz  err=-17.937Hz  corr=-372.65W  u_ff=90.4W  PCAP→78W  power=77.6W
[PID] perf=27.558Hz  target=9.640Hz  err=-17.918Hz  corr=-372.29W  u_ff=90.4W  PCAP→78W  power=78.9W
[PID] perf=27.530Hz  target=9.640Hz  err=-17.890Hz  corr=-371.77W  u_ff=90.4W  PCAP→78W  power=77.9W
[PID] perf=27.553Hz  target=9.640Hz  err=-17.913Hz  corr=-372.19W  u_ff=90.4W  PCAP→78W  power=77.8W
[PID] perf=27.556Hz  target=9.640Hz  err=-17.916Hz  corr=-372.25W  u_ff=90.4W  PCAP→78W  power=78.4W
[PID] perf=27.529Hz  target=9.640Hz  err=-17.889Hz  corr=-371.75W  u_ff=90.4W  PCAP→78W  power=76.5W
[PID] perf=27.550Hz  target=9.640Hz  err=-17.910Hz  corr=-372.14W  u_ff=90.4W  PCAP→78W  power=77.8W
[PID] perf=27.551Hz  target=9.640Hz  err=-17.912Hz  corr=-372.17W  u_ff=90.4W  PCAP→78W  power=77.8W
[PID] perf=27.502Hz  target=9.640Hz  err=-17.863Hz  corr=-371.26W  u_ff=90.4W  PCAP→78W  power=77.1W
[PID] perf=27.521Hz  target=9.640Hz  err=-17.881Hz  corr=-371.60W  u_ff=90.4W  PCAP→78W  power=77.1W
[PID] perf=27.558Hz  target=9.640Hz  err=-17.918Hz  corr=-372.29W  u_ff=90.4W  PCAP→78W  power=77.4W
[PID] perf=27.563Hz  target=9.640Hz  err=-17.923Hz  corr=-372.38W  u_ff=90.4W  PCAP→78W  power=77.5W
[PID] perf=27.516Hz  target=9.640Hz  err=-17.876Hz  corr=-371.51W  u_ff=90.4W  PCAP→78W  power=77.1W
[PID] perf=27.548Hz  target=9.640Hz  err=-17.909Hz  corr=-372.11W  u_ff=90.4W  PCAP→78W  power=77.4W
[PID] perf=27.531Hz  target=9.640Hz  err=-17.891Hz  corr=-371.78W  u_ff=90.4W  PCAP→78W  power=79.0W
[PID] perf=27.539Hz  target=9.640Hz  err=-17.899Hz  corr=-371.93W  u_ff=90.4W  PCAP→78W  power=77.5W
[PID] perf=27.561Hz  target=9.640Hz  err=-17.921Hz  corr=-372.34W  u_ff=90.4W  PCAP→78W  power=76.4W
[PID] perf=27.566Hz  target=9.640Hz  err=-17.926Hz  corr=-372.44W  u_ff=90.4W  PCAP→78W  power=77.3W
[PID] perf=27.549Hz  target=9.640Hz  err=-17.910Hz  corr=-372.13W  u_ff=90.4W  PCAP→78W  power=77.8W
[PID] perf=27.520Hz  target=9.640Hz  err=-17.880Hz  corr=-371.58W  u_ff=90.4W  PCAP→78W  power=77.1W
[PID] perf=27.513Hz  target=9.640Hz  err=-17.873Hz  corr=-371.45W  u_ff=90.4W  PCAP→78W  power=77.5W
[PID] perf=27.545Hz  target=9.640Hz  err=-17.905Hz  corr=-372.05W  u_ff=90.4W  PCAP→78W  power=77.7W
[PID] perf=27.562Hz  target=9.640Hz  err=-17.922Hz  corr=-372.36W  u_ff=90.4W  PCAP→78W  power=78.1W
[PID] perf=27.560Hz  target=9.640Hz  err=-17.920Hz  corr=-372.32W  u_ff=90.4W  PCAP→78W  power=79.0W
[PID] perf=27.569Hz  target=9.640Hz  err=-17.929Hz  corr=-372.49W  u_ff=90.4W  PCAP→78W  power=78.3W
[PID] perf=27.550Hz  target=9.640Hz  err=-17.910Hz  corr=-372.14W  u_ff=90.4W  PCAP→78W  power=79.1W
[PID] perf=27.571Hz  target=9.640Hz  err=-17.932Hz  corr=-372.53W  u_ff=90.4W  PCAP→78W  power=78.0W
[PID] perf=27.543Hz  target=9.640Hz  err=-17.903Hz  corr=-372.01W  u_ff=90.4W  PCAP→78W  power=79.1W
[PID] perf=27.557Hz  target=9.640Hz  err=-17.918Hz  corr=-372.28W  u_ff=90.4W  PCAP→78W  power=78.9W
[PID] perf=27.584Hz  target=9.640Hz  err=-17.944Hz  corr=-372.77W  u_ff=90.4W  PCAP→78W  power=77.3W
[PID] perf=27.549Hz  target=9.640Hz  err=-17.909Hz  corr=-372.13W  u_ff=90.4W  PCAP→78W  power=76.7W
[PID] perf=27.563Hz  target=9.640Hz  err=-17.923Hz  corr=-372.38W  u_ff=90.4W  PCAP→78W  power=76.5W
[PID] perf=27.565Hz  target=9.640Hz  err=-17.926Hz  corr=-372.43W  u_ff=90.4W  PCAP→78W  power=76.5W
[PID] perf=27.541Hz  target=9.640Hz  err=-17.901Hz  corr=-371.98W  u_ff=90.4W  PCAP→78W  power=76.9W
[PID] perf=27.566Hz  target=9.640Hz  err=-17.926Hz  corr=-372.44W  u_ff=90.4W  PCAP→78W  power=76.9W
[PID] perf=27.568Hz  target=9.640Hz  err=-17.928Hz  corr=-372.47W  u_ff=90.4W  PCAP→78W  power=79.0W
[PID] perf=27.560Hz  target=9.640Hz  err=-17.921Hz  corr=-372.34W  u_ff=90.4W  PCAP→78W  power=78.6W
[PID] perf=27.572Hz  target=9.640Hz  err=-17.932Hz  corr=-372.55W  u_ff=90.4W  PCAP→78W  power=77.8W
[PID] perf=27.537Hz  target=9.640Hz  err=-17.897Hz  corr=-371.90W  u_ff=90.4W  PCAP→78W  power=76.8W
[PID] perf=27.572Hz  target=9.640Hz  err=-17.932Hz  corr=-372.55W  u_ff=90.4W  PCAP→78W  power=77.2W
[PID] perf=27.543Hz  target=9.640Hz  err=-17.904Hz  corr=-372.02W  u_ff=90.4W  PCAP→78W  power=78.0W
[PID] perf=27.565Hz  target=9.640Hz  err=-17.926Hz  corr=-372.43W  u_ff=90.4W  PCAP→78W  power=78.0W
[PID] perf=27.549Hz  target=9.640Hz  err=-17.909Hz  corr=-372.12W  u_ff=90.4W  PCAP→78W  power=78.9W
[PID] perf=27.581Hz  target=9.640Hz  err=-17.941Hz  corr=-372.71W  u_ff=90.4W  PCAP→78W  power=77.0W
[PID] perf=27.592Hz  target=9.640Hz  err=-17.952Hz  corr=-372.92W  u_ff=90.4W  PCAP→78W  power=77.7W
[PID] perf=27.537Hz  target=9.640Hz  err=-17.897Hz  corr=-371.90W  u_ff=90.4W  PCAP→78W  power=77.4W
[PID] perf=27.540Hz  target=9.640Hz  err=-17.900Hz  corr=-371.96W  u_ff=90.4W  PCAP→78W  power=78.5W
[PID] perf=27.568Hz  target=9.640Hz  err=-17.928Hz  corr=-372.47W  u_ff=90.4W  PCAP→78W  power=79.3W
[PID] perf=27.558Hz  target=9.640Hz  err=-17.918Hz  corr=-372.29W  u_ff=90.4W  PCAP→78W  power=78.0W
[PID] perf=27.521Hz  target=9.640Hz  err=-17.882Hz  corr=-371.61W  u_ff=90.4W  PCAP→78W  power=78.4W
[PID] perf=27.550Hz  target=9.640Hz  err=-17.910Hz  corr=-372.13W  u_ff=90.4W  PCAP→78W  power=78.7W
[PID] perf=27.543Hz  target=9.640Hz  err=-17.904Hz  corr=-372.02W  u_ff=90.4W  PCAP→78W  power=78.8W
[PID] perf=27.552Hz  target=9.640Hz  err=-17.912Hz  corr=-372.18W  u_ff=90.4W  PCAP→78W  power=78.5W
[PID] perf=27.565Hz  target=9.640Hz  err=-17.925Hz  corr=-372.41W  u_ff=90.4W  PCAP→78W  power=78.5W
[PID] perf=27.562Hz  target=9.640Hz  err=-17.922Hz  corr=-372.36W  u_ff=90.4W  PCAP→78W  power=78.7W
[PID] perf=27.587Hz  target=9.640Hz  err=-17.948Hz  corr=-372.83W  u_ff=90.4W  PCAP→78W  power=77.5W
[PID] perf=27.542Hz  target=9.640Hz  err=-17.902Hz  corr=-371.99W  u_ff=90.4W  PCAP→78W  power=76.6W
[PID] perf=27.585Hz  target=9.640Hz  err=-17.946Hz  corr=-372.79W  u_ff=90.4W  PCAP→78W  power=77.5W
[PID] perf=27.576Hz  target=9.640Hz  err=-17.936Hz  corr=-372.62W  u_ff=90.4W  PCAP→78W  power=76.7W
[PID] perf=27.592Hz  target=9.640Hz  err=-17.952Hz  corr=-372.92W  u_ff=90.4W  PCAP→78W  power=77.2W
[PID] perf=27.532Hz  target=9.640Hz  err=-17.893Hz  corr=-371.81W  u_ff=90.4W  PCAP→78W  power=78.0W
[PID] perf=27.574Hz  target=9.640Hz  err=-17.934Hz  corr=-372.59W  u_ff=90.4W  PCAP→78W  power=77.6W
[PID] perf=27.548Hz  target=9.640Hz  err=-17.909Hz  corr=-372.11W  u_ff=90.4W  PCAP→78W  power=79.0W
[PID] perf=27.547Hz  target=9.640Hz  err=-17.907Hz  corr=-372.08W  u_ff=90.4W  PCAP→78W  power=78.4W
[PID] perf=27.559Hz  target=9.640Hz  err=-17.919Hz  corr=-372.30W  u_ff=90.4W  PCAP→78W  power=77.6W
[PID] perf=27.573Hz  target=9.640Hz  err=-17.933Hz  corr=-372.56W  u_ff=90.4W  PCAP→78W  power=78.7W
[PID] perf=27.578Hz  target=9.640Hz  err=-17.938Hz  corr=-372.66W  u_ff=90.4W  PCAP→78W  power=77.9W
[PID] perf=27.467Hz  target=9.640Hz  err=-17.828Hz  corr=-370.61W  u_ff=90.4W  PCAP→78W  power=76.4W
[PID] perf=26.993Hz  target=9.640Hz  err=-17.353Hz  corr=-361.80W  u_ff=90.4W  PCAP→78W  power=78.1W
[PID] perf=27.030Hz  target=9.640Hz  err=-17.391Hz  corr=-362.50W  u_ff=90.4W  PCAP→78W  power=78.0W
[PID] perf=27.040Hz  target=9.640Hz  err=-17.400Hz  corr=-362.68W  u_ff=90.4W  PCAP→78W  power=76.6W
[PID] perf=27.031Hz  target=9.640Hz  err=-17.391Hz  corr=-362.51W  u_ff=90.4W  PCAP→78W  power=77.0W
[PID] perf=27.034Hz  target=9.640Hz  err=-17.394Hz  corr=-362.57W  u_ff=90.4W  PCAP→78W  power=77.7W
[PID] perf=27.095Hz  target=9.640Hz  err=-17.455Hz  corr=-363.70W  u_ff=90.4W  PCAP→78W  power=76.9W
[PID] perf=27.073Hz  target=9.640Hz  err=-17.433Hz  corr=-363.29W  u_ff=90.4W  PCAP→78W  power=77.5W
[PID] perf=27.074Hz  target=9.640Hz  err=-17.434Hz  corr=-363.31W  u_ff=90.4W  PCAP→78W  power=77.2W
[PID] perf=27.088Hz  target=9.640Hz  err=-17.449Hz  corr=-363.58W  u_ff=90.4W  PCAP→78W  power=76.4W
[PID] perf=27.055Hz  target=9.640Hz  err=-17.416Hz  corr=-362.97W  u_ff=90.4W  PCAP→78W  power=78.4W
[PID] perf=27.090Hz  target=9.640Hz  err=-17.450Hz  corr=-363.60W  u_ff=90.4W  PCAP→78W  power=78.4W
[PID] perf=27.084Hz  target=9.640Hz  err=-17.444Hz  corr=-363.50W  u_ff=90.4W  PCAP→78W  power=79.2W
[PID] perf=27.119Hz  target=9.640Hz  err=-17.480Hz  corr=-364.16W  u_ff=90.4W  PCAP→78W  power=78.4W
[PID] perf=27.104Hz  target=9.640Hz  err=-17.464Hz  corr=-363.87W  u_ff=90.4W  PCAP→78W  power=77.9W
[PID] perf=27.093Hz  target=9.640Hz  err=-17.453Hz  corr=-363.67W  u_ff=90.4W  PCAP→78W  power=78.0W
[PID] perf=27.098Hz  target=9.640Hz  err=-17.459Hz  corr=-363.76W  u_ff=90.4W  PCAP→78W  power=76.4W
[PID] perf=27.083Hz  target=9.640Hz  err=-17.444Hz  corr=-363.49W  u_ff=90.4W  PCAP→78W  power=77.1W
[PID] perf=27.098Hz  target=9.640Hz  err=-17.459Hz  corr=-363.76W  u_ff=90.4W  PCAP→78W  power=77.3W
[PID] perf=27.089Hz  target=9.640Hz  err=-17.450Hz  corr=-363.60W  u_ff=90.4W  PCAP→78W  power=76.3W
[PID] perf=27.120Hz  target=9.640Hz  err=-17.480Hz  corr=-364.17W  u_ff=90.4W  PCAP→78W  power=77.9W
[PID] perf=27.094Hz  target=9.640Hz  err=-17.454Hz  corr=-363.68W  u_ff=90.4W  PCAP→78W  power=77.5W
[PID] perf=26.617Hz  target=9.640Hz  err=-16.977Hz  corr=-354.83W  u_ff=90.4W  PCAP→78W  power=77.0W
[PID] perf=26.857Hz  target=9.640Hz  err=-17.217Hz  corr=-359.29W  u_ff=90.4W  PCAP→78W  power=78.9W
[PID] perf=26.916Hz  target=9.640Hz  err=-17.276Hz  corr=-360.38W  u_ff=90.4W  PCAP→78W  power=77.7W
[PID] perf=26.911Hz  target=9.640Hz  err=-17.272Hz  corr=-360.30W  u_ff=90.4W  PCAP→78W  power=78.4W
[PID] perf=26.934Hz  target=9.640Hz  err=-17.294Hz  corr=-360.72W  u_ff=90.4W  PCAP→78W  power=77.7W
[PID] perf=26.943Hz  target=9.640Hz  err=-17.304Hz  corr=-360.89W  u_ff=90.4W  PCAP→78W  power=77.1W
[PID] perf=26.922Hz  target=9.640Hz  err=-17.282Hz  corr=-360.49W  u_ff=90.4W  PCAP→78W  power=78.2W
[PID] perf=26.938Hz  target=9.640Hz  err=-17.298Hz  corr=-360.79W  u_ff=90.4W  PCAP→78W  power=76.6W
[PID] perf=26.938Hz  target=9.640Hz  err=-17.298Hz  corr=-360.79W  u_ff=90.4W  PCAP→78W  power=78.1W
[PID] perf=26.927Hz  target=9.640Hz  err=-17.287Hz  corr=-360.58W  u_ff=90.4W  PCAP→78W  power=77.2W
[PID] perf=26.932Hz  target=9.640Hz  err=-17.293Hz  corr=-360.69W  u_ff=90.4W  PCAP→78W  power=77.3W
[PID] perf=26.928Hz  target=9.640Hz  err=-17.288Hz  corr=-360.61W  u_ff=90.4W  PCAP→78W  power=77.0W
[PID] perf=26.888Hz  target=9.640Hz  err=-17.249Hz  corr=-359.87W  u_ff=90.4W  PCAP→78W  power=78.0W
[PID] perf=26.908Hz  target=9.640Hz  err=-17.268Hz  corr=-360.23W  u_ff=90.4W  PCAP→78W  power=77.6W
[PID] perf=26.933Hz  target=9.640Hz  err=-17.293Hz  corr=-360.69W  u_ff=90.4W  PCAP→78W  power=77.9W
[PID] perf=26.913Hz  target=9.640Hz  err=-17.273Hz  corr=-360.33W  u_ff=90.4W  PCAP→78W  power=78.6W
[PID] perf=26.997Hz  target=9.640Hz  err=-17.358Hz  corr=-361.89W  u_ff=90.4W  PCAP→78W  power=77.5W
[PID] perf=27.027Hz  target=9.640Hz  err=-17.388Hz  corr=-362.45W  u_ff=90.4W  PCAP→78W  power=78.0W
[PID] perf=27.103Hz  target=9.640Hz  err=-17.463Hz  corr=-363.85W  u_ff=90.4W  PCAP→78W  power=76.9W
[PID] perf=27.127Hz  target=9.640Hz  err=-17.487Hz  corr=-364.30W  u_ff=90.4W  PCAP→78W  power=77.1W
[PID] perf=27.124Hz  target=9.640Hz  err=-17.484Hz  corr=-364.24W  u_ff=90.4W  PCAP→78W  power=76.9W
[PID] perf=27.142Hz  target=9.640Hz  err=-17.502Hz  corr=-364.58W  u_ff=90.4W  PCAP→78W  power=79.1W
[PID] perf=27.140Hz  target=9.640Hz  err=-17.500Hz  corr=-364.53W  u_ff=90.4W  PCAP→78W  power=79.0W
[PID] perf=27.171Hz  target=9.640Hz  err=-17.531Hz  corr=-365.11W  u_ff=90.4W  PCAP→78W  power=77.2W
[PID] perf=27.136Hz  target=9.640Hz  err=-17.496Hz  corr=-364.46W  u_ff=90.4W  PCAP→78W  power=76.6W
[PID] perf=27.134Hz  target=9.640Hz  err=-17.494Hz  corr=-364.43W  u_ff=90.4W  PCAP→78W  power=76.4W
[PID] perf=27.158Hz  target=9.640Hz  err=-17.519Hz  corr=-364.88W  u_ff=90.4W  PCAP→78W  power=78.7W
[PID] perf=27.132Hz  target=9.640Hz  err=-17.492Hz  corr=-364.39W  u_ff=90.4W  PCAP→78W  power=78.8W
[PID] perf=27.128Hz  target=9.640Hz  err=-17.488Hz  corr=-364.31W  u_ff=90.4W  PCAP→78W  power=77.1W
[PID] perf=27.113Hz  target=9.640Hz  err=-17.473Hz  corr=-364.03W  u_ff=90.4W  PCAP→78W  power=77.3W
[PID] perf=26.902Hz  target=9.640Hz  err=-17.262Hz  corr=-360.12W  u_ff=90.4W  PCAP→78W  power=77.3W
[PID] perf=26.868Hz  target=9.640Hz  err=-17.228Hz  corr=-359.49W  u_ff=90.4W  PCAP→78W  power=77.0W
[PID] perf=26.913Hz  target=9.640Hz  err=-17.273Hz  corr=-360.33W  u_ff=90.4W  PCAP→78W  power=77.7W
[PID] perf=26.940Hz  target=9.640Hz  err=-17.300Hz  corr=-360.82W  u_ff=90.4W  PCAP→78W  power=78.5W
[PID] perf=26.916Hz  target=9.640Hz  err=-17.276Hz  corr=-360.39W  u_ff=90.4W  PCAP→78W  power=79.2W
[PID] perf=26.913Hz  target=9.640Hz  err=-17.273Hz  corr=-360.33W  u_ff=90.4W  PCAP→78W  power=79.0W
[PID] perf=26.929Hz  target=9.640Hz  err=-17.289Hz  corr=-360.62W  u_ff=90.4W  PCAP→78W  power=77.4W
[PID] perf=26.899Hz  target=9.640Hz  err=-17.260Hz  corr=-360.08W  u_ff=90.4W  PCAP→78W  power=79.4W
[PID] perf=26.913Hz  target=9.640Hz  err=-17.273Hz  corr=-360.33W  u_ff=90.4W  PCAP→78W  power=78.5W
[PID] perf=26.907Hz  target=9.640Hz  err=-17.268Hz  corr=-360.22W  u_ff=90.4W  PCAP→78W  power=78.1W
[PID] perf=26.893Hz  target=9.640Hz  err=-17.253Hz  corr=-359.95W  u_ff=90.4W  PCAP→78W  power=77.3W
[PID] perf=26.981Hz  target=9.640Hz  err=-17.342Hz  corr=-361.60W  u_ff=90.4W  PCAP→78W  power=76.3W
[PID] perf=27.099Hz  target=9.640Hz  err=-17.459Hz  corr=-363.77W  u_ff=90.4W  PCAP→78W  power=77.6W
[PID] perf=27.128Hz  target=9.640Hz  err=-17.488Hz  corr=-364.31W  u_ff=90.4W  PCAP→78W  power=77.1W
[PID] perf=27.128Hz  target=9.640Hz  err=-17.488Hz  corr=-364.31W  u_ff=90.4W  PCAP→78W  power=77.9W
[PID] perf=27.078Hz  target=9.640Hz  err=-17.439Hz  corr=-363.39W  u_ff=90.4W  PCAP→78W  power=79.1W
[PID] perf=27.124Hz  target=9.640Hz  err=-17.484Hz  corr=-364.24W  u_ff=90.4W  PCAP→78W  power=78.1W
[PID] perf=27.057Hz  target=9.640Hz  err=-17.418Hz  corr=-363.01W  u_ff=90.4W  PCAP→78W  power=77.9W
[PID] perf=27.104Hz  target=9.640Hz  err=-17.465Hz  corr=-363.88W  u_ff=90.4W  PCAP→78W  power=77.4W
Process completed.
Compressed into /home/cc/summer2024/main_codes/pid_controller/../experiment_data/PID_Control_sweep/ones-npb-cg/compressed_iteration_20260513_044658.tar
----------------------------------

>>> Step 2/3

[ones-npb-cg]
  target perf      : 9.6396 Hz
  coefficients_perf: [-0.0006547837485238978, 0.18607436314256556, -1.8317688501798497]
  feedforward PCAP : 90.42 W  →  89 W (snapped)
  Perf(u_ff) check : 9.6396 Hz  (should ≈ target)
  PID gains        : Kp=18.5447 W/Hz  Ki=1.85447 W/(Hz·s)  Kd=0.0000
[PID] Awaiting data — feedforward PCAP=89W
[PID] Awaiting data — feedforward PCAP=89W
[PID] Awaiting data — feedforward PCAP=89W
[PID] Awaiting data — feedforward PCAP=89W
[PID] Awaiting data — feedforward PCAP=89W
[PID] Awaiting data — feedforward PCAP=89W
[PID] perf=19.279Hz  target=9.640Hz  err=-9.639Hz  corr=-214.50W  u_ff=90.4W  PCAP→78W  power=nanW
[PID] perf=18.057Hz  target=9.640Hz  err=-8.417Hz  corr=-196.09W  u_ff=90.4W  PCAP→78W  power=77.1W
[PID] perf=18.080Hz  target=9.640Hz  err=-8.440Hz  corr=-196.52W  u_ff=90.4W  PCAP→78W  power=78.0W
[PID] perf=18.071Hz  target=9.640Hz  err=-8.431Hz  corr=-196.36W  u_ff=90.4W  PCAP→78W  power=77.7W
[PID] perf=18.086Hz  target=9.640Hz  err=-8.446Hz  corr=-196.63W  u_ff=90.4W  PCAP→78W  power=77.9W
[PID] perf=18.070Hz  target=9.640Hz  err=-8.431Hz  corr=-196.34W  u_ff=90.4W  PCAP→78W  power=78.7W
[PID] perf=18.062Hz  target=9.640Hz  err=-8.422Hz  corr=-196.19W  u_ff=90.4W  PCAP→78W  power=78.9W
[PID] perf=18.080Hz  target=9.640Hz  err=-8.440Hz  corr=-196.52W  u_ff=90.4W  PCAP→78W  power=77.2W
[PID] perf=18.083Hz  target=9.640Hz  err=-8.444Hz  corr=-196.58W  u_ff=90.4W  PCAP→78W  power=76.5W
[PID] perf=18.071Hz  target=9.640Hz  err=-8.431Hz  corr=-196.36W  u_ff=90.4W  PCAP→78W  power=78.3W
[PID] perf=24.318Hz  target=9.640Hz  err=-14.678Hz  corr=-312.20W  u_ff=90.4W  PCAP→78W  power=77.0W
[PID] perf=29.429Hz  target=9.640Hz  err=-19.789Hz  corr=-406.99W  u_ff=90.4W  PCAP→78W  power=76.4W
[PID] perf=29.520Hz  target=9.640Hz  err=-19.881Hz  corr=-408.68W  u_ff=90.4W  PCAP→78W  power=78.9W
[PID] perf=29.471Hz  target=9.640Hz  err=-19.831Hz  corr=-407.76W  u_ff=90.4W  PCAP→78W  power=78.3W
[PID] perf=29.469Hz  target=9.640Hz  err=-19.829Hz  corr=-407.72W  u_ff=90.4W  PCAP→78W  power=78.2W
[PID] perf=29.442Hz  target=9.640Hz  err=-19.802Hz  corr=-407.22W  u_ff=90.4W  PCAP→78W  power=78.7W
[PID] perf=29.456Hz  target=9.640Hz  err=-19.816Hz  corr=-407.49W  u_ff=90.4W  PCAP→78W  power=76.8W
[PID] perf=29.474Hz  target=9.640Hz  err=-19.835Hz  corr=-407.83W  u_ff=90.4W  PCAP→78W  power=78.7W
[PID] perf=29.491Hz  target=9.640Hz  err=-19.852Hz  corr=-408.14W  u_ff=90.4W  PCAP→78W  power=79.0W
[PID] perf=29.422Hz  target=9.640Hz  err=-19.782Hz  corr=-406.85W  u_ff=90.4W  PCAP→78W  power=77.4W
[PID] perf=29.532Hz  target=9.640Hz  err=-19.892Hz  corr=-408.89W  u_ff=90.4W  PCAP→78W  power=77.2W
[PID] perf=29.484Hz  target=9.640Hz  err=-19.845Hz  corr=-408.01W  u_ff=90.4W  PCAP→78W  power=77.0W
[PID] perf=29.487Hz  target=9.640Hz  err=-19.847Hz  corr=-408.06W  u_ff=90.4W  PCAP→78W  power=76.0W
[PID] perf=29.481Hz  target=9.640Hz  err=-19.842Hz  corr=-407.96W  u_ff=90.4W  PCAP→78W  power=78.9W
[PID] perf=29.533Hz  target=9.640Hz  err=-19.893Hz  corr=-408.91W  u_ff=90.4W  PCAP→78W  power=78.8W
[PID] perf=29.487Hz  target=9.640Hz  err=-19.848Hz  corr=-408.07W  u_ff=90.4W  PCAP→78W  power=79.1W
[PID] perf=29.466Hz  target=9.640Hz  err=-19.827Hz  corr=-407.68W  u_ff=90.4W  PCAP→78W  power=78.0W
[PID] perf=29.484Hz  target=9.640Hz  err=-19.845Hz  corr=-408.01W  u_ff=90.4W  PCAP→78W  power=77.6W
[PID] perf=29.494Hz  target=9.640Hz  err=-19.855Hz  corr=-408.20W  u_ff=90.4W  PCAP→78W  power=79.3W
[PID] perf=29.438Hz  target=9.640Hz  err=-19.798Hz  corr=-407.15W  u_ff=90.4W  PCAP→78W  power=79.1W
[PID] perf=29.464Hz  target=9.640Hz  err=-19.824Hz  corr=-407.63W  u_ff=90.4W  PCAP→78W  power=79.0W
[PID] perf=29.491Hz  target=9.640Hz  err=-19.851Hz  corr=-408.14W  u_ff=90.4W  PCAP→78W  power=78.3W
[PID] perf=29.471Hz  target=9.640Hz  err=-19.832Hz  corr=-407.77W  u_ff=90.4W  PCAP→78W  power=79.0W
[PID] perf=29.500Hz  target=9.640Hz  err=-19.861Hz  corr=-408.31W  u_ff=90.4W  PCAP→78W  power=78.3W
[PID] perf=29.524Hz  target=9.640Hz  err=-19.884Hz  corr=-408.74W  u_ff=90.4W  PCAP→78W  power=77.3W
[PID] perf=29.475Hz  target=9.640Hz  err=-19.835Hz  corr=-407.84W  u_ff=90.4W  PCAP→78W  power=78.9W
[PID] perf=29.438Hz  target=9.640Hz  err=-19.798Hz  corr=-407.15W  u_ff=90.4W  PCAP→78W  power=78.9W
[PID] perf=29.497Hz  target=9.640Hz  err=-19.857Hz  corr=-408.24W  u_ff=90.4W  PCAP→78W  power=77.6W
[PID] perf=29.449Hz  target=9.640Hz  err=-19.810Hz  corr=-407.37W  u_ff=90.4W  PCAP→78W  power=77.8W
[PID] perf=29.503Hz  target=9.640Hz  err=-19.864Hz  corr=-408.36W  u_ff=90.4W  PCAP→78W  power=77.0W
[PID] perf=29.490Hz  target=9.640Hz  err=-19.850Hz  corr=-408.11W  u_ff=90.4W  PCAP→78W  power=77.1W
[PID] perf=29.432Hz  target=9.640Hz  err=-19.792Hz  corr=-407.04W  u_ff=90.4W  PCAP→78W  power=78.2W
[PID] perf=29.463Hz  target=9.640Hz  err=-19.824Hz  corr=-407.62W  u_ff=90.4W  PCAP→78W  power=79.2W
[PID] perf=29.549Hz  target=9.640Hz  err=-19.909Hz  corr=-409.22W  u_ff=90.4W  PCAP→78W  power=78.2W
[PID] perf=29.489Hz  target=9.640Hz  err=-19.849Hz  corr=-408.10W  u_ff=90.4W  PCAP→78W  power=77.6W
[PID] perf=29.433Hz  target=9.640Hz  err=-19.793Hz  corr=-407.06W  u_ff=90.4W  PCAP→78W  power=77.2W
[PID] perf=29.446Hz  target=9.640Hz  err=-19.806Hz  corr=-407.30W  u_ff=90.4W  PCAP→78W  power=77.2W
[PID] perf=29.451Hz  target=9.640Hz  err=-19.811Hz  corr=-407.40W  u_ff=90.4W  PCAP→78W  power=78.6W
[PID] perf=29.583Hz  target=9.640Hz  err=-19.943Hz  corr=-409.84W  u_ff=90.4W  PCAP→78W  power=76.9W
[PID] perf=29.548Hz  target=9.640Hz  err=-19.909Hz  corr=-409.20W  u_ff=90.4W  PCAP→78W  power=78.6W
[PID] perf=29.491Hz  target=9.640Hz  err=-19.851Hz  corr=-408.14W  u_ff=90.4W  PCAP→78W  power=78.7W
[PID] perf=29.498Hz  target=9.640Hz  err=-19.859Hz  corr=-408.27W  u_ff=90.4W  PCAP→78W  power=78.1W
[PID] perf=29.521Hz  target=9.640Hz  err=-19.881Hz  corr=-408.69W  u_ff=90.4W  PCAP→78W  power=77.9W
[PID] perf=29.504Hz  target=9.640Hz  err=-19.864Hz  corr=-408.38W  u_ff=90.4W  PCAP→78W  power=76.7W
[PID] perf=29.480Hz  target=9.640Hz  err=-19.841Hz  corr=-407.94W  u_ff=90.4W  PCAP→78W  power=77.5W
[PID] perf=29.473Hz  target=9.640Hz  err=-19.834Hz  corr=-407.81W  u_ff=90.4W  PCAP→78W  power=78.3W
[PID] perf=29.499Hz  target=9.640Hz  err=-19.859Hz  corr=-408.28W  u_ff=90.4W  PCAP→78W  power=79.1W
[PID] perf=29.495Hz  target=9.640Hz  err=-19.855Hz  corr=-408.21W  u_ff=90.4W  PCAP→78W  power=77.1W
[PID] perf=29.496Hz  target=9.640Hz  err=-19.856Hz  corr=-408.23W  u_ff=90.4W  PCAP→78W  power=78.7W
[PID] perf=29.504Hz  target=9.640Hz  err=-19.864Hz  corr=-408.37W  u_ff=90.4W  PCAP→78W  power=79.1W
[PID] perf=29.521Hz  target=9.640Hz  err=-19.881Hz  corr=-408.69W  u_ff=90.4W  PCAP→78W  power=78.0W
[PID] perf=29.489Hz  target=9.640Hz  err=-19.849Hz  corr=-408.09W  u_ff=90.4W  PCAP→78W  power=76.5W
[PID] perf=29.495Hz  target=9.640Hz  err=-19.855Hz  corr=-408.21W  u_ff=90.4W  PCAP→78W  power=78.4W
[PID] perf=29.471Hz  target=9.640Hz  err=-19.832Hz  corr=-407.77W  u_ff=90.4W  PCAP→78W  power=78.8W
[PID] perf=29.533Hz  target=9.640Hz  err=-19.893Hz  corr=-408.92W  u_ff=90.4W  PCAP→78W  power=78.8W
[PID] perf=29.498Hz  target=9.640Hz  err=-19.859Hz  corr=-408.28W  u_ff=90.4W  PCAP→78W  power=77.5W
[PID] perf=29.464Hz  target=9.640Hz  err=-19.825Hz  corr=-407.64W  u_ff=90.4W  PCAP→78W  power=76.6W
[PID] perf=29.481Hz  target=9.640Hz  err=-19.841Hz  corr=-407.95W  u_ff=90.4W  PCAP→78W  power=78.8W
[PID] perf=29.492Hz  target=9.640Hz  err=-19.853Hz  corr=-408.16W  u_ff=90.4W  PCAP→78W  power=79.6W
[PID] perf=29.488Hz  target=9.640Hz  err=-19.848Hz  corr=-408.08W  u_ff=90.4W  PCAP→78W  power=78.0W
[PID] perf=29.502Hz  target=9.640Hz  err=-19.862Hz  corr=-408.33W  u_ff=90.4W  PCAP→78W  power=77.6W
[PID] perf=29.481Hz  target=9.640Hz  err=-19.841Hz  corr=-407.95W  u_ff=90.4W  PCAP→78W  power=77.3W
[PID] perf=29.509Hz  target=9.640Hz  err=-19.870Hz  corr=-408.47W  u_ff=90.4W  PCAP→78W  power=77.6W
[PID] perf=29.491Hz  target=9.640Hz  err=-19.852Hz  corr=-408.14W  u_ff=90.4W  PCAP→78W  power=78.7W
[PID] perf=27.311Hz  target=9.640Hz  err=-17.671Hz  corr=-367.71W  u_ff=90.4W  PCAP→78W  power=78.3W
[PID] perf=27.363Hz  target=9.640Hz  err=-17.723Hz  corr=-368.67W  u_ff=90.4W  PCAP→78W  power=79.2W
[PID] perf=27.386Hz  target=9.640Hz  err=-17.746Hz  corr=-369.09W  u_ff=90.4W  PCAP→78W  power=77.7W
[PID] perf=27.517Hz  target=9.640Hz  err=-17.877Hz  corr=-371.52W  u_ff=90.4W  PCAP→78W  power=76.3W
[PID] perf=27.577Hz  target=9.640Hz  err=-17.937Hz  corr=-372.64W  u_ff=90.4W  PCAP→78W  power=76.2W
[PID] perf=27.567Hz  target=9.640Hz  err=-17.928Hz  corr=-372.46W  u_ff=90.4W  PCAP→78W  power=77.8W
[PID] perf=27.555Hz  target=9.640Hz  err=-17.915Hz  corr=-372.23W  u_ff=90.4W  PCAP→78W  power=77.3W
[PID] perf=27.588Hz  target=9.640Hz  err=-17.948Hz  corr=-372.84W  u_ff=90.4W  PCAP→78W  power=77.8W
[PID] perf=27.527Hz  target=9.640Hz  err=-17.888Hz  corr=-371.72W  u_ff=90.4W  PCAP→78W  power=77.9W
[PID] perf=27.560Hz  target=9.640Hz  err=-17.920Hz  corr=-372.32W  u_ff=90.4W  PCAP→78W  power=76.3W
[PID] perf=27.529Hz  target=9.640Hz  err=-17.890Hz  corr=-371.76W  u_ff=90.4W  PCAP→78W  power=76.9W
[PID] perf=27.522Hz  target=9.640Hz  err=-17.882Hz  corr=-371.62W  u_ff=90.4W  PCAP→78W  power=77.7W
[PID] perf=27.486Hz  target=9.640Hz  err=-17.847Hz  corr=-370.96W  u_ff=90.4W  PCAP→78W  power=77.2W
[PID] perf=27.483Hz  target=9.640Hz  err=-17.844Hz  corr=-370.91W  u_ff=90.4W  PCAP→78W  power=78.7W
[PID] perf=27.529Hz  target=9.640Hz  err=-17.889Hz  corr=-371.75W  u_ff=90.4W  PCAP→78W  power=77.7W
[PID] perf=27.527Hz  target=9.640Hz  err=-17.887Hz  corr=-371.71W  u_ff=90.4W  PCAP→78W  power=79.4W
[PID] perf=27.594Hz  target=9.640Hz  err=-17.955Hz  corr=-372.97W  u_ff=90.4W  PCAP→78W  power=78.9W
[PID] perf=27.535Hz  target=9.640Hz  err=-17.895Hz  corr=-371.86W  u_ff=90.4W  PCAP→78W  power=77.8W
[PID] perf=27.537Hz  target=9.640Hz  err=-17.897Hz  corr=-371.89W  u_ff=90.4W  PCAP→78W  power=76.7W
[PID] perf=27.541Hz  target=9.640Hz  err=-17.902Hz  corr=-371.98W  u_ff=90.4W  PCAP→78W  power=76.4W
[PID] perf=27.567Hz  target=9.640Hz  err=-17.927Hz  corr=-372.46W  u_ff=90.4W  PCAP→78W  power=78.0W
[PID] perf=27.532Hz  target=9.640Hz  err=-17.892Hz  corr=-371.80W  u_ff=90.4W  PCAP→78W  power=77.2W
[PID] perf=27.601Hz  target=9.640Hz  err=-17.962Hz  corr=-373.09W  u_ff=90.4W  PCAP→78W  power=79.4W
[PID] perf=27.541Hz  target=9.640Hz  err=-17.901Hz  corr=-371.97W  u_ff=90.4W  PCAP→78W  power=78.2W
[PID] perf=27.568Hz  target=9.640Hz  err=-17.928Hz  corr=-372.47W  u_ff=90.4W  PCAP→78W  power=77.1W
[PID] perf=27.556Hz  target=9.640Hz  err=-17.916Hz  corr=-372.25W  u_ff=90.4W  PCAP→78W  power=76.5W
[PID] perf=27.523Hz  target=9.640Hz  err=-17.884Hz  corr=-371.65W  u_ff=90.4W  PCAP→78W  power=77.2W
[PID] perf=27.537Hz  target=9.640Hz  err=-17.898Hz  corr=-371.90W  u_ff=90.4W  PCAP→78W  power=77.9W
[PID] perf=27.547Hz  target=9.640Hz  err=-17.907Hz  corr=-372.09W  u_ff=90.4W  PCAP→78W  power=77.5W
[PID] perf=27.572Hz  target=9.640Hz  err=-17.933Hz  corr=-372.55W  u_ff=90.4W  PCAP→78W  power=76.9W
[PID] perf=27.554Hz  target=9.640Hz  err=-17.915Hz  corr=-372.22W  u_ff=90.4W  PCAP→78W  power=78.6W
[PID] perf=27.526Hz  target=9.640Hz  err=-17.886Hz  corr=-371.69W  u_ff=90.4W  PCAP→78W  power=78.9W
[PID] perf=27.542Hz  target=9.640Hz  err=-17.903Hz  corr=-372.00W  u_ff=90.4W  PCAP→78W  power=77.4W
[PID] perf=27.506Hz  target=9.640Hz  err=-17.867Hz  corr=-371.33W  u_ff=90.4W  PCAP→78W  power=76.5W
[PID] perf=27.532Hz  target=9.640Hz  err=-17.893Hz  corr=-371.82W  u_ff=90.4W  PCAP→78W  power=77.3W
[PID] perf=27.534Hz  target=9.640Hz  err=-17.894Hz  corr=-371.84W  u_ff=90.4W  PCAP→78W  power=76.3W
[PID] perf=27.514Hz  target=9.640Hz  err=-17.875Hz  corr=-371.48W  u_ff=90.4W  PCAP→78W  power=77.1W
[PID] perf=27.545Hz  target=9.640Hz  err=-17.905Hz  corr=-372.04W  u_ff=90.4W  PCAP→78W  power=77.2W
[PID] perf=27.556Hz  target=9.640Hz  err=-17.916Hz  corr=-372.25W  u_ff=90.4W  PCAP→78W  power=77.6W
[PID] perf=27.535Hz  target=9.640Hz  err=-17.896Hz  corr=-371.87W  u_ff=90.4W  PCAP→78W  power=77.7W
[PID] perf=27.551Hz  target=9.640Hz  err=-17.911Hz  corr=-372.15W  u_ff=90.4W  PCAP→78W  power=78.4W
[PID] perf=27.557Hz  target=9.640Hz  err=-17.917Hz  corr=-372.27W  u_ff=90.4W  PCAP→78W  power=78.7W
[PID] perf=27.603Hz  target=9.640Hz  err=-17.964Hz  corr=-373.13W  u_ff=90.4W  PCAP→78W  power=78.9W
[PID] perf=27.591Hz  target=9.640Hz  err=-17.952Hz  corr=-372.91W  u_ff=90.4W  PCAP→78W  power=76.8W
[PID] perf=27.585Hz  target=9.640Hz  err=-17.945Hz  corr=-372.78W  u_ff=90.4W  PCAP→78W  power=78.1W
[PID] perf=27.598Hz  target=9.640Hz  err=-17.959Hz  corr=-373.04W  u_ff=90.4W  PCAP→78W  power=77.6W
[PID] perf=27.563Hz  target=9.640Hz  err=-17.924Hz  corr=-372.39W  u_ff=90.4W  PCAP→78W  power=78.5W
[PID] perf=27.543Hz  target=9.640Hz  err=-17.904Hz  corr=-372.02W  u_ff=90.4W  PCAP→78W  power=78.7W
[PID] perf=27.555Hz  target=9.640Hz  err=-17.916Hz  corr=-372.24W  u_ff=90.4W  PCAP→78W  power=79.4W
[PID] perf=27.544Hz  target=9.640Hz  err=-17.904Hz  corr=-372.03W  u_ff=90.4W  PCAP→78W  power=78.8W
[PID] perf=27.551Hz  target=9.640Hz  err=-17.911Hz  corr=-372.15W  u_ff=90.4W  PCAP→78W  power=77.7W
[PID] perf=27.531Hz  target=9.640Hz  err=-17.892Hz  corr=-371.80W  u_ff=90.4W  PCAP→78W  power=77.9W
[PID] perf=27.559Hz  target=9.640Hz  err=-17.919Hz  corr=-372.30W  u_ff=90.4W  PCAP→78W  power=77.5W
[PID] perf=27.589Hz  target=9.640Hz  err=-17.949Hz  corr=-372.86W  u_ff=90.4W  PCAP→78W  power=76.7W
[PID] perf=27.365Hz  target=9.640Hz  err=-17.725Hz  corr=-368.70W  u_ff=90.4W  PCAP→78W  power=76.6W
[PID] perf=27.421Hz  target=9.640Hz  err=-17.782Hz  corr=-369.76W  u_ff=90.4W  PCAP→78W  power=76.9W
[PID] perf=27.407Hz  target=9.640Hz  err=-17.768Hz  corr=-369.50W  u_ff=90.4W  PCAP→78W  power=77.1W
[PID] perf=27.379Hz  target=9.640Hz  err=-17.739Hz  corr=-368.97W  u_ff=90.4W  PCAP→78W  power=79.0W
[PID] perf=27.382Hz  target=9.640Hz  err=-17.742Hz  corr=-369.03W  u_ff=90.4W  PCAP→78W  power=78.5W
[PID] perf=27.408Hz  target=9.640Hz  err=-17.768Hz  corr=-369.50W  u_ff=90.4W  PCAP→78W  power=77.6W
[PID] perf=27.441Hz  target=9.640Hz  err=-17.802Hz  corr=-370.13W  u_ff=90.4W  PCAP→78W  power=78.7W
[PID] perf=27.401Hz  target=9.640Hz  err=-17.761Hz  corr=-369.37W  u_ff=90.4W  PCAP→78W  power=79.3W
[PID] perf=27.381Hz  target=9.640Hz  err=-17.742Hz  corr=-369.01W  u_ff=90.4W  PCAP→78W  power=78.7W
[PID] perf=27.330Hz  target=9.640Hz  err=-17.691Hz  corr=-368.07W  u_ff=90.4W  PCAP→78W  power=79.0W
[PID] perf=27.389Hz  target=9.640Hz  err=-17.749Hz  corr=-369.15W  u_ff=90.4W  PCAP→78W  power=79.1W
[PID] perf=27.378Hz  target=9.640Hz  err=-17.738Hz  corr=-368.95W  u_ff=90.4W  PCAP→78W  power=79.0W
[PID] perf=27.366Hz  target=9.640Hz  err=-17.726Hz  corr=-368.73W  u_ff=90.4W  PCAP→78W  power=78.7W
[PID] perf=27.388Hz  target=9.640Hz  err=-17.748Hz  corr=-369.14W  u_ff=90.4W  PCAP→78W  power=78.3W
[PID] perf=27.413Hz  target=9.640Hz  err=-17.774Hz  corr=-369.61W  u_ff=90.4W  PCAP→78W  power=77.5W
[PID] perf=27.446Hz  target=9.640Hz  err=-17.807Hz  corr=-370.22W  u_ff=90.4W  PCAP→78W  power=77.6W
[PID] perf=27.419Hz  target=9.640Hz  err=-17.779Hz  corr=-369.71W  u_ff=90.4W  PCAP→78W  power=78.2W
[PID] perf=27.419Hz  target=9.640Hz  err=-17.779Hz  corr=-369.71W  u_ff=90.4W  PCAP→78W  power=76.8W
[PID] perf=27.494Hz  target=9.640Hz  err=-17.855Hz  corr=-371.11W  u_ff=90.4W  PCAP→78W  power=77.7W
[PID] perf=27.495Hz  target=9.640Hz  err=-17.855Hz  corr=-371.12W  u_ff=90.4W  PCAP→78W  power=78.6W
[PID] perf=27.465Hz  target=9.640Hz  err=-17.826Hz  corr=-370.57W  u_ff=90.4W  PCAP→78W  power=78.7W
[PID] perf=27.513Hz  target=9.640Hz  err=-17.874Hz  corr=-371.46W  u_ff=90.4W  PCAP→78W  power=78.2W
[PID] perf=27.524Hz  target=9.640Hz  err=-17.885Hz  corr=-371.67W  u_ff=90.4W  PCAP→78W  power=78.0W
[PID] perf=27.542Hz  target=9.640Hz  err=-17.903Hz  corr=-372.00W  u_ff=90.4W  PCAP→78W  power=78.4W
[PID] perf=27.496Hz  target=9.640Hz  err=-17.857Hz  corr=-371.15W  u_ff=90.4W  PCAP→78W  power=78.0W
[PID] perf=27.498Hz  target=9.640Hz  err=-17.859Hz  corr=-371.18W  u_ff=90.4W  PCAP→78W  power=78.2W
[PID] perf=27.568Hz  target=9.640Hz  err=-17.929Hz  corr=-372.48W  u_ff=90.4W  PCAP→78W  power=77.6W
[PID] perf=27.528Hz  target=9.640Hz  err=-17.888Hz  corr=-371.74W  u_ff=90.4W  PCAP→78W  power=78.0W
[PID] perf=27.501Hz  target=9.640Hz  err=-17.862Hz  corr=-371.24W  u_ff=90.4W  PCAP→78W  power=77.6W
[PID] perf=27.524Hz  target=9.640Hz  err=-17.884Hz  corr=-371.66W  u_ff=90.4W  PCAP→78W  power=78.5W
[PID] perf=27.545Hz  target=9.640Hz  err=-17.905Hz  corr=-372.05W  u_ff=90.4W  PCAP→78W  power=78.7W
[PID] perf=27.560Hz  target=9.640Hz  err=-17.920Hz  corr=-372.33W  u_ff=90.4W  PCAP→78W  power=78.0W
[PID] perf=27.531Hz  target=9.640Hz  err=-17.892Hz  corr=-371.79W  u_ff=90.4W  PCAP→78W  power=76.6W
[PID] perf=27.571Hz  target=9.640Hz  err=-17.932Hz  corr=-372.54W  u_ff=90.4W  PCAP→78W  power=76.5W
[PID] perf=27.535Hz  target=9.640Hz  err=-17.896Hz  corr=-371.87W  u_ff=90.4W  PCAP→78W  power=76.3W
[PID] perf=27.505Hz  target=9.640Hz  err=-17.866Hz  corr=-371.32W  u_ff=90.4W  PCAP→78W  power=78.5W
[PID] perf=27.501Hz  target=9.640Hz  err=-17.861Hz  corr=-371.23W  u_ff=90.4W  PCAP→78W  power=78.0W
[PID] perf=27.532Hz  target=9.640Hz  err=-17.893Hz  corr=-371.82W  u_ff=90.4W  PCAP→78W  power=78.7W
[PID] perf=27.512Hz  target=9.640Hz  err=-17.872Hz  corr=-371.43W  u_ff=90.4W  PCAP→78W  power=79.4W
[PID] perf=27.578Hz  target=9.640Hz  err=-17.939Hz  corr=-372.67W  u_ff=90.4W  PCAP→78W  power=79.0W
[PID] perf=27.540Hz  target=9.640Hz  err=-17.901Hz  corr=-371.96W  u_ff=90.4W  PCAP→78W  power=76.8W
[PID] perf=27.518Hz  target=9.640Hz  err=-17.879Hz  corr=-371.55W  u_ff=90.4W  PCAP→78W  power=76.6W
[PID] perf=27.516Hz  target=9.640Hz  err=-17.876Hz  corr=-371.51W  u_ff=90.4W  PCAP→78W  power=76.8W
[PID] perf=27.528Hz  target=9.640Hz  err=-17.888Hz  corr=-371.74W  u_ff=90.4W  PCAP→78W  power=76.4W
[PID] perf=27.544Hz  target=9.640Hz  err=-17.904Hz  corr=-372.03W  u_ff=90.4W  PCAP→78W  power=77.9W
[PID] perf=27.513Hz  target=9.640Hz  err=-17.873Hz  corr=-371.45W  u_ff=90.4W  PCAP→78W  power=78.5W
[PID] perf=27.540Hz  target=9.640Hz  err=-17.900Hz  corr=-371.95W  u_ff=90.4W  PCAP→78W  power=78.8W
[PID] perf=27.514Hz  target=9.640Hz  err=-17.875Hz  corr=-371.48W  u_ff=90.4W  PCAP→78W  power=77.1W
[PID] perf=27.519Hz  target=9.640Hz  err=-17.879Hz  corr=-371.57W  u_ff=90.4W  PCAP→78W  power=78.3W
[PID] perf=27.501Hz  target=9.640Hz  err=-17.861Hz  corr=-371.23W  u_ff=90.4W  PCAP→78W  power=79.1W
[PID] perf=27.548Hz  target=9.640Hz  err=-17.908Hz  corr=-372.11W  u_ff=90.4W  PCAP→78W  power=79.3W
[PID] perf=27.497Hz  target=9.640Hz  err=-17.857Hz  corr=-371.16W  u_ff=90.4W  PCAP→78W  power=78.0W
[PID] perf=27.529Hz  target=9.640Hz  err=-17.889Hz  corr=-371.74W  u_ff=90.4W  PCAP→78W  power=79.2W
[PID] perf=27.547Hz  target=9.640Hz  err=-17.908Hz  corr=-372.09W  u_ff=90.4W  PCAP→78W  power=79.2W
[PID] perf=27.535Hz  target=9.640Hz  err=-17.895Hz  corr=-371.86W  u_ff=90.4W  PCAP→78W  power=76.8W
[PID] perf=27.557Hz  target=9.640Hz  err=-17.917Hz  corr=-372.27W  u_ff=90.4W  PCAP→78W  power=77.0W
[PID] perf=27.555Hz  target=9.640Hz  err=-17.916Hz  corr=-372.24W  u_ff=90.4W  PCAP→78W  power=77.7W
[PID] perf=27.589Hz  target=9.640Hz  err=-17.949Hz  corr=-372.87W  u_ff=90.4W  PCAP→78W  power=77.1W
[PID] perf=27.582Hz  target=9.640Hz  err=-17.942Hz  corr=-372.73W  u_ff=90.4W  PCAP→78W  power=77.3W
[PID] perf=25.447Hz  target=9.640Hz  err=-15.808Hz  corr=-333.15W  u_ff=90.4W  PCAP→78W  power=82.2W
[PID] perf=25.577Hz  target=9.640Hz  err=-15.938Hz  corr=-335.56W  u_ff=90.4W  PCAP→78W  power=77.4W
[PID] perf=25.562Hz  target=9.640Hz  err=-15.923Hz  corr=-335.28W  u_ff=90.4W  PCAP→78W  power=78.7W
[PID] perf=25.665Hz  target=9.640Hz  err=-16.025Hz  corr=-337.19W  u_ff=90.4W  PCAP→78W  power=79.1W
[PID] perf=25.712Hz  target=9.640Hz  err=-16.073Hz  corr=-338.06W  u_ff=90.4W  PCAP→78W  power=77.8W
[PID] perf=25.697Hz  target=9.640Hz  err=-16.058Hz  corr=-337.79W  u_ff=90.4W  PCAP→78W  power=79.1W
[PID] perf=25.448Hz  target=9.640Hz  err=-15.808Hz  corr=-333.16W  u_ff=90.4W  PCAP→78W  power=76.1W
[PID] perf=25.548Hz  target=9.640Hz  err=-15.909Hz  corr=-335.02W  u_ff=90.4W  PCAP→78W  power=77.2W
[PID] perf=25.554Hz  target=9.640Hz  err=-15.915Hz  corr=-335.13W  u_ff=90.4W  PCAP→78W  power=77.9W
[PID] perf=25.571Hz  target=9.640Hz  err=-15.931Hz  corr=-335.44W  u_ff=90.4W  PCAP→78W  power=79.3W
[PID] perf=25.565Hz  target=9.640Hz  err=-15.925Hz  corr=-335.32W  u_ff=90.4W  PCAP→78W  power=78.6W
[PID] perf=25.553Hz  target=9.640Hz  err=-15.914Hz  corr=-335.11W  u_ff=90.4W  PCAP→78W  power=78.4W
[PID] perf=25.561Hz  target=9.640Hz  err=-15.921Hz  corr=-335.25W  u_ff=90.4W  PCAP→78W  power=76.2W
[PID] perf=25.593Hz  target=9.640Hz  err=-15.953Hz  corr=-335.85W  u_ff=90.4W  PCAP→78W  power=76.2W
[PID] perf=25.551Hz  target=9.640Hz  err=-15.912Hz  corr=-335.08W  u_ff=90.4W  PCAP→78W  power=76.9W
[PID] perf=25.562Hz  target=9.640Hz  err=-15.922Hz  corr=-335.27W  u_ff=90.4W  PCAP→78W  power=78.3W
[PID] perf=25.541Hz  target=9.640Hz  err=-15.902Hz  corr=-334.89W  u_ff=90.4W  PCAP→78W  power=76.2W
[PID] perf=25.559Hz  target=9.640Hz  err=-15.920Hz  corr=-335.23W  u_ff=90.4W  PCAP→78W  power=76.1W
[PID] perf=25.486Hz  target=9.640Hz  err=-15.847Hz  corr=-333.87W  u_ff=90.4W  PCAP→78W  power=76.4W
[PID] perf=25.419Hz  target=9.640Hz  err=-15.780Hz  corr=-332.63W  u_ff=90.4W  PCAP→78W  power=77.2W
[PID] perf=25.850Hz  target=9.640Hz  err=-16.210Hz  corr=-340.61W  u_ff=90.4W  PCAP→78W  power=77.8W
[PID] perf=25.834Hz  target=9.640Hz  err=-16.195Hz  corr=-340.33W  u_ff=90.4W  PCAP→78W  power=76.8W
[PID] perf=25.369Hz  target=9.640Hz  err=-15.729Hz  corr=-331.69W  u_ff=90.4W  PCAP→78W  power=78.3W
[PID] perf=25.621Hz  target=9.640Hz  err=-15.982Hz  corr=-336.38W  u_ff=90.4W  PCAP→78W  power=77.8W
[PID] perf=25.450Hz  target=9.640Hz  err=-15.811Hz  corr=-333.21W  u_ff=90.4W  PCAP→78W  power=78.3W
[PID] perf=25.659Hz  target=9.640Hz  err=-16.020Hz  corr=-337.08W  u_ff=90.4W  PCAP→78W  power=78.9W
[PID] perf=25.726Hz  target=9.640Hz  err=-16.086Hz  corr=-338.31W  u_ff=90.4W  PCAP→78W  power=76.7W
[PID] perf=25.604Hz  target=9.640Hz  err=-15.964Hz  corr=-336.05W  u_ff=90.4W  PCAP→78W  power=77.5W
[PID] perf=25.544Hz  target=9.640Hz  err=-15.905Hz  corr=-334.95W  u_ff=90.4W  PCAP→78W  power=77.1W
[PID] perf=26.137Hz  target=9.640Hz  err=-16.497Hz  corr=-345.93W  u_ff=90.4W  PCAP→78W  power=76.7W
[PID] perf=26.279Hz  target=9.640Hz  err=-16.639Hz  corr=-348.56W  u_ff=90.4W  PCAP→78W  power=77.2W
[PID] perf=26.275Hz  target=9.640Hz  err=-16.636Hz  corr=-348.50W  u_ff=90.4W  PCAP→78W  power=76.6W
[PID] perf=25.992Hz  target=9.640Hz  err=-16.353Hz  corr=-343.25W  u_ff=90.4W  PCAP→78W  power=78.4W
[PID] perf=26.038Hz  target=9.640Hz  err=-16.398Hz  corr=-344.09W  u_ff=90.4W  PCAP→78W  power=78.3W
[PID] perf=26.046Hz  target=9.640Hz  err=-16.406Hz  corr=-344.25W  u_ff=90.4W  PCAP→78W  power=78.0W
[PID] perf=26.015Hz  target=9.640Hz  err=-16.376Hz  corr=-343.68W  u_ff=90.4W  PCAP→78W  power=78.8W
[PID] perf=26.038Hz  target=9.640Hz  err=-16.398Hz  corr=-344.10W  u_ff=90.4W  PCAP→78W  power=78.1W
[PID] perf=26.001Hz  target=9.640Hz  err=-16.361Hz  corr=-343.41W  u_ff=90.4W  PCAP→78W  power=77.3W
[PID] perf=26.031Hz  target=9.640Hz  err=-16.391Hz  corr=-343.97W  u_ff=90.4W  PCAP→78W  power=77.5W
[PID] perf=25.990Hz  target=9.640Hz  err=-16.351Hz  corr=-343.22W  u_ff=90.4W  PCAP→78W  power=78.8W
[PID] perf=25.964Hz  target=9.640Hz  err=-16.325Hz  corr=-342.74W  u_ff=90.4W  PCAP→78W  power=78.8W
[PID] perf=25.985Hz  target=9.640Hz  err=-16.345Hz  corr=-343.11W  u_ff=90.4W  PCAP→78W  power=78.5W
[PID] perf=25.974Hz  target=9.640Hz  err=-16.334Hz  corr=-342.91W  u_ff=90.4W  PCAP→78W  power=78.7W
[PID] perf=25.984Hz  target=9.640Hz  err=-16.345Hz  corr=-343.11W  u_ff=90.4W  PCAP→78W  power=78.8W
[PID] perf=25.992Hz  target=9.640Hz  err=-16.352Hz  corr=-343.24W  u_ff=90.4W  PCAP→78W  power=78.1W
[PID] perf=25.112Hz  target=9.640Hz  err=-15.473Hz  corr=-326.94W  u_ff=90.4W  PCAP→78W  power=79.1W
[PID] perf=25.724Hz  target=9.640Hz  err=-16.084Hz  corr=-338.28W  u_ff=90.4W  PCAP→78W  power=76.9W
[PID] perf=25.770Hz  target=9.640Hz  err=-16.130Hz  corr=-339.13W  u_ff=90.4W  PCAP→78W  power=77.0W
[PID] perf=25.812Hz  target=9.640Hz  err=-16.172Hz  corr=-339.91W  u_ff=90.4W  PCAP→78W  power=78.1W
[PID] perf=25.813Hz  target=9.640Hz  err=-16.173Hz  corr=-339.93W  u_ff=90.4W  PCAP→78W  power=78.8W
[PID] perf=25.832Hz  target=9.640Hz  err=-16.193Hz  corr=-340.29W  u_ff=90.4W  PCAP→78W  power=78.5W
[PID] perf=25.857Hz  target=9.640Hz  err=-16.217Hz  corr=-340.74W  u_ff=90.4W  PCAP→78W  power=78.9W
[PID] perf=25.867Hz  target=9.640Hz  err=-16.227Hz  corr=-340.93W  u_ff=90.4W  PCAP→78W  power=76.8W
[PID] perf=25.833Hz  target=9.640Hz  err=-16.193Hz  corr=-340.30W  u_ff=90.4W  PCAP→78W  power=76.9W
[PID] perf=25.830Hz  target=9.640Hz  err=-16.190Hz  corr=-340.24W  u_ff=90.4W  PCAP→78W  power=78.4W
[PID] perf=25.844Hz  target=9.640Hz  err=-16.204Hz  corr=-340.50W  u_ff=90.4W  PCAP→78W  power=77.0W
[PID] perf=25.820Hz  target=9.640Hz  err=-16.181Hz  corr=-340.07W  u_ff=90.4W  PCAP→78W  power=77.7W
[PID] perf=25.854Hz  target=9.640Hz  err=-16.214Hz  corr=-340.68W  u_ff=90.4W  PCAP→78W  power=79.3W
[PID] perf=25.866Hz  target=9.640Hz  err=-16.226Hz  corr=-340.91W  u_ff=90.4W  PCAP→78W  power=78.9W
[PID] perf=25.837Hz  target=9.640Hz  err=-16.197Hz  corr=-340.38W  u_ff=90.4W  PCAP→78W  power=78.0W
[PID] perf=25.848Hz  target=9.640Hz  err=-16.208Hz  corr=-340.58W  u_ff=90.4W  PCAP→78W  power=78.4W
[PID] perf=25.852Hz  target=9.640Hz  err=-16.212Hz  corr=-340.65W  u_ff=90.4W  PCAP→78W  power=76.6W
[PID] perf=25.866Hz  target=9.640Hz  err=-16.226Hz  corr=-340.91W  u_ff=90.4W  PCAP→78W  power=76.1W
[PID] perf=25.858Hz  target=9.640Hz  err=-16.218Hz  corr=-340.76W  u_ff=90.4W  PCAP→78W  power=78.0W
[PID] perf=26.353Hz  target=9.640Hz  err=-16.713Hz  corr=-349.94W  u_ff=90.4W  PCAP→78W  power=79.0W
[PID] perf=26.625Hz  target=9.640Hz  err=-16.985Hz  corr=-354.99W  u_ff=90.4W  PCAP→78W  power=79.0W
[PID] perf=26.770Hz  target=9.640Hz  err=-17.130Hz  corr=-357.67W  u_ff=90.4W  PCAP→78W  power=79.2W
[PID] perf=26.812Hz  target=9.640Hz  err=-17.173Hz  corr=-358.46W  u_ff=90.4W  PCAP→78W  power=77.6W
[PID] perf=26.904Hz  target=9.640Hz  err=-17.265Hz  corr=-360.17W  u_ff=90.4W  PCAP→78W  power=77.7W
[PID] perf=26.917Hz  target=9.640Hz  err=-17.277Hz  corr=-360.40W  u_ff=90.4W  PCAP→78W  power=77.0W
[PID] perf=27.035Hz  target=9.640Hz  err=-17.395Hz  corr=-362.58W  u_ff=90.4W  PCAP→78W  power=77.4W
[PID] perf=27.048Hz  target=9.640Hz  err=-17.408Hz  corr=-362.83W  u_ff=90.4W  PCAP→78W  power=77.3W
[PID] perf=27.084Hz  target=9.640Hz  err=-17.444Hz  corr=-363.50W  u_ff=90.4W  PCAP→78W  power=76.5W
[PID] perf=27.108Hz  target=9.640Hz  err=-17.468Hz  corr=-363.94W  u_ff=90.4W  PCAP→78W  power=76.2W
[PID] perf=27.124Hz  target=9.640Hz  err=-17.485Hz  corr=-364.25W  u_ff=90.4W  PCAP→78W  power=76.8W
[PID] perf=27.103Hz  target=9.640Hz  err=-17.463Hz  corr=-363.85W  u_ff=90.4W  PCAP→78W  power=76.6W
[PID] perf=27.086Hz  target=9.640Hz  err=-17.446Hz  corr=-363.53W  u_ff=90.4W  PCAP→78W  power=77.4W
[PID] perf=27.026Hz  target=9.640Hz  err=-17.386Hz  corr=-362.42W  u_ff=90.4W  PCAP→78W  power=78.5W
[PID] perf=27.058Hz  target=9.640Hz  err=-17.418Hz  corr=-363.02W  u_ff=90.4W  PCAP→78W  power=79.0W
[PID] perf=27.089Hz  target=9.640Hz  err=-17.450Hz  corr=-363.60W  u_ff=90.4W  PCAP→78W  power=78.2W
[PID] perf=27.023Hz  target=9.640Hz  err=-17.383Hz  corr=-362.36W  u_ff=90.4W  PCAP→78W  power=79.0W
[PID] perf=26.999Hz  target=9.640Hz  err=-17.359Hz  corr=-361.92W  u_ff=90.4W  PCAP→78W  power=77.2W
[PID] perf=26.989Hz  target=9.640Hz  err=-17.349Hz  corr=-361.73W  u_ff=90.4W  PCAP→78W  power=77.6W
[PID] perf=26.998Hz  target=9.640Hz  err=-17.358Hz  corr=-361.90W  u_ff=90.4W  PCAP→78W  power=78.2W
[PID] perf=27.110Hz  target=9.640Hz  err=-17.470Hz  corr=-363.98W  u_ff=90.4W  PCAP→78W  power=76.2W
[PID] perf=27.244Hz  target=9.640Hz  err=-17.605Hz  corr=-366.47W  u_ff=90.4W  PCAP→78W  power=77.0W
[PID] perf=27.221Hz  target=9.640Hz  err=-17.582Hz  corr=-366.05W  u_ff=90.4W  PCAP→78W  power=76.8W
[PID] perf=27.173Hz  target=9.640Hz  err=-17.533Hz  corr=-365.14W  u_ff=90.4W  PCAP→78W  power=77.4W
[PID] perf=27.176Hz  target=9.640Hz  err=-17.536Hz  corr=-365.20W  u_ff=90.4W  PCAP→78W  power=78.9W
[PID] perf=27.195Hz  target=9.640Hz  err=-17.555Hz  corr=-365.55W  u_ff=90.4W  PCAP→78W  power=77.6W
[PID] perf=27.105Hz  target=9.640Hz  err=-17.465Hz  corr=-363.88W  u_ff=90.4W  PCAP→78W  power=77.5W
[PID] perf=27.091Hz  target=9.640Hz  err=-17.452Hz  corr=-363.64W  u_ff=90.4W  PCAP→78W  power=76.7W
[PID] perf=27.141Hz  target=9.640Hz  err=-17.502Hz  corr=-364.56W  u_ff=90.4W  PCAP→78W  power=77.0W
[PID] perf=27.161Hz  target=9.640Hz  err=-17.521Hz  corr=-364.93W  u_ff=90.4W  PCAP→78W  power=77.1W
[PID] perf=27.193Hz  target=9.640Hz  err=-17.553Hz  corr=-365.52W  u_ff=90.4W  PCAP→78W  power=78.5W
[PID] perf=27.197Hz  target=9.640Hz  err=-17.557Hz  corr=-365.60W  u_ff=90.4W  PCAP→78W  power=77.6W
[PID] perf=27.154Hz  target=9.640Hz  err=-17.514Hz  corr=-364.79W  u_ff=90.4W  PCAP→78W  power=78.7W
[PID] perf=27.167Hz  target=9.640Hz  err=-17.527Hz  corr=-365.04W  u_ff=90.4W  PCAP→78W  power=78.2W
[PID] perf=27.174Hz  target=9.640Hz  err=-17.534Hz  corr=-365.17W  u_ff=90.4W  PCAP→78W  power=78.8W
[PID] perf=27.162Hz  target=9.640Hz  err=-17.522Hz  corr=-364.94W  u_ff=90.4W  PCAP→78W  power=77.6W
[PID] perf=27.231Hz  target=9.640Hz  err=-17.592Hz  corr=-366.23W  u_ff=90.4W  PCAP→78W  power=77.1W
[PID] perf=27.209Hz  target=9.640Hz  err=-17.569Hz  corr=-365.82W  u_ff=90.4W  PCAP→78W  power=77.5W
[PID] perf=27.140Hz  target=9.640Hz  err=-17.500Hz  corr=-364.53W  u_ff=90.4W  PCAP→78W  power=77.5W
[PID] perf=27.434Hz  target=9.640Hz  err=-17.794Hz  corr=-369.99W  u_ff=90.4W  PCAP→78W  power=77.6W
[PID] perf=27.588Hz  target=9.640Hz  err=-17.948Hz  corr=-372.85W  u_ff=90.4W  PCAP→78W  power=76.6W
[PID] perf=27.666Hz  target=9.640Hz  err=-18.027Hz  corr=-374.30W  u_ff=90.4W  PCAP→78W  power=76.9W
[PID] perf=27.673Hz  target=9.640Hz  err=-18.033Hz  corr=-374.42W  u_ff=90.4W  PCAP→78W  power=79.3W
[PID] perf=27.689Hz  target=9.640Hz  err=-18.049Hz  corr=-374.72W  u_ff=90.4W  PCAP→78W  power=77.9W
[PID] perf=27.722Hz  target=9.640Hz  err=-18.083Hz  corr=-375.34W  u_ff=90.4W  PCAP→78W  power=77.8W
[PID] perf=27.724Hz  target=9.640Hz  err=-18.085Hz  corr=-375.38W  u_ff=90.4W  PCAP→78W  power=79.0W
[PID] perf=27.688Hz  target=9.640Hz  err=-18.049Hz  corr=-374.71W  u_ff=90.4W  PCAP→78W  power=76.8W
[PID] perf=27.689Hz  target=9.640Hz  err=-18.049Hz  corr=-374.71W  u_ff=90.4W  PCAP→78W  power=78.2W
[PID] perf=27.669Hz  target=9.640Hz  err=-18.029Hz  corr=-374.35W  u_ff=90.4W  PCAP→78W  power=77.7W
[PID] perf=27.645Hz  target=9.640Hz  err=-18.005Hz  corr=-373.90W  u_ff=90.4W  PCAP→78W  power=79.3W
[PID] perf=27.648Hz  target=9.640Hz  err=-18.008Hz  corr=-373.95W  u_ff=90.4W  PCAP→78W  power=77.4W
[PID] perf=27.651Hz  target=9.640Hz  err=-18.011Hz  corr=-374.01W  u_ff=90.4W  PCAP→78W  power=79.2W
[PID] perf=27.638Hz  target=9.640Hz  err=-17.999Hz  corr=-373.78W  u_ff=90.4W  PCAP→78W  power=78.7W
[PID] perf=27.626Hz  target=9.640Hz  err=-17.986Hz  corr=-373.55W  u_ff=90.4W  PCAP→78W  power=77.7W
[PID] perf=27.416Hz  target=9.640Hz  err=-17.777Hz  corr=-369.67W  u_ff=90.4W  PCAP→78W  power=76.7W
[PID] perf=26.624Hz  target=9.640Hz  err=-16.984Hz  corr=-354.97W  u_ff=90.4W  PCAP→78W  power=77.1W
[PID] perf=26.544Hz  target=9.640Hz  err=-16.904Hz  corr=-353.48W  u_ff=90.4W  PCAP→78W  power=76.5W
[PID] perf=26.554Hz  target=9.640Hz  err=-16.914Hz  corr=-353.67W  u_ff=90.4W  PCAP→78W  power=76.5W
[PID] perf=26.558Hz  target=9.640Hz  err=-16.918Hz  corr=-353.74W  u_ff=90.4W  PCAP→78W  power=77.5W
[PID] perf=26.613Hz  target=9.640Hz  err=-16.973Hz  corr=-354.76W  u_ff=90.4W  PCAP→78W  power=77.1W
[PID] perf=26.605Hz  target=9.640Hz  err=-16.966Hz  corr=-354.62W  u_ff=90.4W  PCAP→78W  power=77.0W
[PID] perf=26.598Hz  target=9.640Hz  err=-16.958Hz  corr=-354.49W  u_ff=90.4W  PCAP→78W  power=77.6W
[PID] perf=26.639Hz  target=9.640Hz  err=-17.000Hz  corr=-355.25W  u_ff=90.4W  PCAP→78W  power=77.4W
[PID] perf=26.616Hz  target=9.640Hz  err=-16.977Hz  corr=-354.83W  u_ff=90.4W  PCAP→78W  power=77.7W
[PID] perf=26.677Hz  target=9.640Hz  err=-17.037Hz  corr=-355.95W  u_ff=90.4W  PCAP→78W  power=77.1W
[PID] perf=27.247Hz  target=9.640Hz  err=-17.607Hz  corr=-366.52W  u_ff=90.4W  PCAP→78W  power=76.0W
[PID] perf=27.628Hz  target=9.640Hz  err=-17.988Hz  corr=-373.58W  u_ff=90.4W  PCAP→78W  power=77.5W
[PID] perf=27.709Hz  target=9.640Hz  err=-18.069Hz  corr=-375.08W  u_ff=90.4W  PCAP→78W  power=77.5W
[PID] perf=27.768Hz  target=9.640Hz  err=-18.128Hz  corr=-376.19W  u_ff=90.4W  PCAP→78W  power=77.6W
[PID] perf=27.733Hz  target=9.640Hz  err=-18.093Hz  corr=-375.54W  u_ff=90.4W  PCAP→78W  power=77.3W
[PID] perf=27.720Hz  target=9.640Hz  err=-18.081Hz  corr=-375.30W  u_ff=90.4W  PCAP→78W  power=78.5W
[PID] perf=27.742Hz  target=9.640Hz  err=-18.103Hz  corr=-375.71W  u_ff=90.4W  PCAP→78W  power=77.6W
[PID] perf=27.753Hz  target=9.640Hz  err=-18.113Hz  corr=-375.90W  u_ff=90.4W  PCAP→78W  power=78.0W
[PID] perf=27.723Hz  target=9.640Hz  err=-18.083Hz  corr=-375.35W  u_ff=90.4W  PCAP→78W  power=78.8W
[PID] perf=27.746Hz  target=9.640Hz  err=-18.106Hz  corr=-375.78W  u_ff=90.4W  PCAP→78W  power=78.3W
[PID] perf=27.689Hz  target=9.640Hz  err=-18.049Hz  corr=-374.71W  u_ff=90.4W  PCAP→78W  power=76.3W
[PID] perf=27.691Hz  target=9.640Hz  err=-18.051Hz  corr=-374.75W  u_ff=90.4W  PCAP→78W  power=78.2W
[PID] perf=27.654Hz  target=9.640Hz  err=-18.015Hz  corr=-374.08W  u_ff=90.4W  PCAP→78W  power=77.2W
[PID] perf=27.686Hz  target=9.640Hz  err=-18.046Hz  corr=-374.66W  u_ff=90.4W  PCAP→78W  power=78.3W
[PID] perf=27.664Hz  target=9.640Hz  err=-18.024Hz  corr=-374.25W  u_ff=90.4W  PCAP→78W  power=78.8W
[PID] perf=27.692Hz  target=9.640Hz  err=-18.053Hz  corr=-374.78W  u_ff=90.4W  PCAP→78W  power=77.9W
[PID] perf=27.693Hz  target=9.640Hz  err=-18.054Hz  corr=-374.80W  u_ff=90.4W  PCAP→78W  power=77.0W
[PID] perf=27.706Hz  target=9.640Hz  err=-18.066Hz  corr=-375.03W  u_ff=90.4W  PCAP→78W  power=78.6W
[PID] perf=27.701Hz  target=9.640Hz  err=-18.061Hz  corr=-374.94W  u_ff=90.4W  PCAP→78W  power=76.5W
[PID] perf=27.645Hz  target=9.640Hz  err=-18.005Hz  corr=-373.90W  u_ff=90.4W  PCAP→78W  power=78.5W
[PID] perf=27.654Hz  target=9.640Hz  err=-18.015Hz  corr=-374.08W  u_ff=90.4W  PCAP→78W  power=78.2W
[PID] perf=27.691Hz  target=9.640Hz  err=-18.051Hz  corr=-374.76W  u_ff=90.4W  PCAP→78W  power=78.6W
[PID] perf=27.765Hz  target=9.640Hz  err=-18.125Hz  corr=-376.12W  u_ff=90.4W  PCAP→78W  power=78.6W
[PID] perf=27.698Hz  target=9.640Hz  err=-18.058Hz  corr=-374.89W  u_ff=90.4W  PCAP→78W  power=79.0W
[PID] perf=27.690Hz  target=9.640Hz  err=-18.051Hz  corr=-374.74W  u_ff=90.4W  PCAP→78W  power=77.0W
[PID] perf=27.696Hz  target=9.640Hz  err=-18.056Hz  corr=-374.85W  u_ff=90.4W  PCAP→78W  power=76.9W
[PID] perf=27.059Hz  target=9.640Hz  err=-17.419Hz  corr=-363.03W  u_ff=90.4W  PCAP→78W  power=77.8W
[PID] perf=27.108Hz  target=9.640Hz  err=-17.468Hz  corr=-363.94W  u_ff=90.4W  PCAP→78W  power=77.8W
[PID] perf=27.118Hz  target=9.640Hz  err=-17.478Hz  corr=-364.13W  u_ff=90.4W  PCAP→78W  power=78.7W
[PID] perf=27.112Hz  target=9.640Hz  err=-17.472Hz  corr=-364.01W  u_ff=90.4W  PCAP→78W  power=79.1W
[PID] perf=27.090Hz  target=9.640Hz  err=-17.450Hz  corr=-363.60W  u_ff=90.4W  PCAP→78W  power=79.4W
[PID] perf=27.103Hz  target=9.640Hz  err=-17.463Hz  corr=-363.84W  u_ff=90.4W  PCAP→78W  power=77.1W
[PID] perf=27.065Hz  target=9.640Hz  err=-17.425Hz  corr=-363.15W  u_ff=90.4W  PCAP→78W  power=76.7W
[PID] perf=27.120Hz  target=9.640Hz  err=-17.480Hz  corr=-364.17W  u_ff=90.4W  PCAP→78W  power=77.3W
[PID] perf=27.079Hz  target=9.640Hz  err=-17.440Hz  corr=-363.41W  u_ff=90.4W  PCAP→78W  power=76.9W
[PID] perf=27.139Hz  target=9.640Hz  err=-17.499Hz  corr=-364.52W  u_ff=90.4W  PCAP→78W  power=78.0W
[PID] perf=27.110Hz  target=9.640Hz  err=-17.470Hz  corr=-363.98W  u_ff=90.4W  PCAP→78W  power=77.0W
[PID] perf=27.076Hz  target=9.640Hz  err=-17.437Hz  corr=-363.36W  u_ff=90.4W  PCAP→78W  power=76.7W
[PID] perf=27.096Hz  target=9.640Hz  err=-17.456Hz  corr=-363.72W  u_ff=90.4W  PCAP→78W  power=77.1W
[PID] perf=27.072Hz  target=9.640Hz  err=-17.432Hz  corr=-363.28W  u_ff=90.4W  PCAP→78W  power=77.8W
[PID] perf=27.087Hz  target=9.640Hz  err=-17.447Hz  corr=-363.55W  u_ff=90.4W  PCAP→78W  power=78.3W
[PID] perf=27.135Hz  target=9.640Hz  err=-17.495Hz  corr=-364.45W  u_ff=90.4W  PCAP→78W  power=78.7W
[PID] perf=27.166Hz  target=9.640Hz  err=-17.526Hz  corr=-365.02W  u_ff=90.4W  PCAP→78W  power=79.0W
[PID] perf=27.073Hz  target=9.640Hz  err=-17.434Hz  corr=-363.30W  u_ff=90.4W  PCAP→78W  power=78.3W
[PID] perf=27.142Hz  target=9.640Hz  err=-17.502Hz  corr=-364.57W  u_ff=90.4W  PCAP→78W  power=79.3W
[PID] perf=27.233Hz  target=9.640Hz  err=-17.594Hz  corr=-366.27W  u_ff=90.4W  PCAP→78W  power=78.2W
[PID] perf=27.149Hz  target=9.640Hz  err=-17.509Hz  corr=-364.71W  u_ff=90.4W  PCAP→78W  power=78.5W
[PID] perf=27.116Hz  target=9.640Hz  err=-17.476Hz  corr=-364.09W  u_ff=90.4W  PCAP→78W  power=78.6W
[PID] perf=27.166Hz  target=9.640Hz  err=-17.526Hz  corr=-365.02W  u_ff=90.4W  PCAP→78W  power=79.0W
[PID] perf=27.164Hz  target=9.640Hz  err=-17.524Hz  corr=-364.98W  u_ff=90.4W  PCAP→78W  power=77.5W
[PID] perf=27.145Hz  target=9.640Hz  err=-17.505Hz  corr=-364.63W  u_ff=90.4W  PCAP→78W  power=76.3W
[PID] perf=27.109Hz  target=9.640Hz  err=-17.469Hz  corr=-363.97W  u_ff=90.4W  PCAP→78W  power=77.5W
[PID] perf=27.145Hz  target=9.640Hz  err=-17.505Hz  corr=-364.62W  u_ff=90.4W  PCAP→78W  power=77.6W
[PID] perf=27.107Hz  target=9.640Hz  err=-17.467Hz  corr=-363.92W  u_ff=90.4W  PCAP→78W  power=78.7W
[PID] perf=27.108Hz  target=9.640Hz  err=-17.468Hz  corr=-363.94W  u_ff=90.4W  PCAP→78W  power=77.9W
[PID] perf=27.124Hz  target=9.640Hz  err=-17.485Hz  corr=-364.25W  u_ff=90.4W  PCAP→78W  power=79.6W
[PID] perf=27.150Hz  target=9.640Hz  err=-17.511Hz  corr=-364.73W  u_ff=90.4W  PCAP→78W  power=77.4W
[PID] perf=27.128Hz  target=9.640Hz  err=-17.488Hz  corr=-364.32W  u_ff=90.4W  PCAP→78W  power=76.7W
[PID] perf=27.099Hz  target=9.640Hz  err=-17.459Hz  corr=-363.78W  u_ff=90.4W  PCAP→78W  power=78.9W
[PID] perf=27.158Hz  target=9.640Hz  err=-17.518Hz  corr=-364.86W  u_ff=90.4W  PCAP→78W  power=78.6W
[PID] perf=27.157Hz  target=9.640Hz  err=-17.518Hz  corr=-364.86W  u_ff=90.4W  PCAP→78W  power=78.4W
[PID] perf=27.104Hz  target=9.640Hz  err=-17.465Hz  corr=-363.88W  u_ff=90.4W  PCAP→78W  power=77.6W
[PID] perf=27.159Hz  target=9.640Hz  err=-17.519Hz  corr=-364.89W  u_ff=90.4W  PCAP→78W  power=77.1W
[PID] perf=27.727Hz  target=9.640Hz  err=-18.087Hz  corr=-375.42W  u_ff=90.4W  PCAP→78W  power=79.2W
[PID] perf=27.710Hz  target=9.640Hz  err=-18.071Hz  corr=-375.12W  u_ff=90.4W  PCAP→78W  power=78.5W
[PID] perf=27.695Hz  target=9.640Hz  err=-18.055Hz  corr=-374.83W  u_ff=90.4W  PCAP→78W  power=78.8W
[PID] perf=27.739Hz  target=9.640Hz  err=-18.100Hz  corr=-375.65W  u_ff=90.4W  PCAP→78W  power=77.3W
[PID] perf=27.737Hz  target=9.640Hz  err=-18.097Hz  corr=-375.61W  u_ff=90.4W  PCAP→78W  power=77.2W
[PID] perf=27.651Hz  target=9.640Hz  err=-18.011Hz  corr=-374.01W  u_ff=90.4W  PCAP→78W  power=77.2W
[PID] perf=27.657Hz  target=9.640Hz  err=-18.017Hz  corr=-374.12W  u_ff=90.4W  PCAP→78W  power=79.1W
[PID] perf=27.679Hz  target=9.640Hz  err=-18.040Hz  corr=-374.54W  u_ff=90.4W  PCAP→78W  power=79.2W
[PID] perf=27.627Hz  target=9.640Hz  err=-17.987Hz  corr=-373.57W  u_ff=90.4W  PCAP→78W  power=78.1W
[PID] perf=27.652Hz  target=9.640Hz  err=-18.013Hz  corr=-374.04W  u_ff=90.4W  PCAP→78W  power=78.5W
[PID] perf=27.647Hz  target=9.640Hz  err=-18.007Hz  corr=-373.94W  u_ff=90.4W  PCAP→78W  power=77.2W
[PID] perf=27.638Hz  target=9.640Hz  err=-17.998Hz  corr=-373.78W  u_ff=90.4W  PCAP→78W  power=77.6W
[PID] perf=27.745Hz  target=9.640Hz  err=-18.106Hz  corr=-375.77W  u_ff=90.4W  PCAP→78W  power=78.8W
[PID] perf=27.658Hz  target=9.640Hz  err=-18.019Hz  corr=-374.15W  u_ff=90.4W  PCAP→78W  power=77.0W
[PID] perf=27.694Hz  target=9.640Hz  err=-18.054Hz  corr=-374.81W  u_ff=90.4W  PCAP→78W  power=77.0W
[PID] perf=27.684Hz  target=9.640Hz  err=-18.044Hz  corr=-374.63W  u_ff=90.4W  PCAP→78W  power=76.9W
[PID] perf=27.664Hz  target=9.640Hz  err=-18.024Hz  corr=-374.25W  u_ff=90.4W  PCAP→78W  power=78.6W
[PID] perf=27.674Hz  target=9.640Hz  err=-18.034Hz  corr=-374.44W  u_ff=90.4W  PCAP→78W  power=78.8W
[PID] perf=27.688Hz  target=9.640Hz  err=-18.049Hz  corr=-374.71W  u_ff=90.4W  PCAP→78W  power=78.2W
[PID] perf=27.643Hz  target=9.640Hz  err=-18.004Hz  corr=-373.87W  u_ff=90.4W  PCAP→78W  power=77.4W
[PID] perf=27.658Hz  target=9.640Hz  err=-18.019Hz  corr=-374.15W  u_ff=90.4W  PCAP→78W  power=77.0W
[PID] perf=27.674Hz  target=9.640Hz  err=-18.034Hz  corr=-374.43W  u_ff=90.4W  PCAP→78W  power=78.4W
[PID] perf=27.684Hz  target=9.640Hz  err=-18.044Hz  corr=-374.63W  u_ff=90.4W  PCAP→78W  power=76.9W
[PID] perf=27.666Hz  target=9.640Hz  err=-18.026Hz  corr=-374.29W  u_ff=90.4W  PCAP→78W  power=79.0W
[PID] perf=27.664Hz  target=9.640Hz  err=-18.024Hz  corr=-374.25W  u_ff=90.4W  PCAP→78W  power=79.2W
[PID] perf=27.654Hz  target=9.640Hz  err=-18.014Hz  corr=-374.07W  u_ff=90.4W  PCAP→78W  power=77.3W
[PID] perf=27.697Hz  target=9.640Hz  err=-18.057Hz  corr=-374.87W  u_ff=90.4W  PCAP→78W  power=79.0W
[PID] perf=27.663Hz  target=9.640Hz  err=-18.024Hz  corr=-374.24W  u_ff=90.4W  PCAP→78W  power=79.5W
[PID] perf=27.664Hz  target=9.640Hz  err=-18.024Hz  corr=-374.26W  u_ff=90.4W  PCAP→78W  power=76.7W
[PID] perf=27.659Hz  target=9.640Hz  err=-18.019Hz  corr=-374.16W  u_ff=90.4W  PCAP→78W  power=78.6W
[PID] perf=27.676Hz  target=9.640Hz  err=-18.037Hz  corr=-374.48W  u_ff=90.4W  PCAP→78W  power=77.6W
[PID] perf=27.685Hz  target=9.640Hz  err=-18.045Hz  corr=-374.64W  u_ff=90.4W  PCAP→78W  power=78.7W
[PID] perf=27.697Hz  target=9.640Hz  err=-18.057Hz  corr=-374.86W  u_ff=90.4W  PCAP→78W  power=77.4W
[PID] perf=27.706Hz  target=9.640Hz  err=-18.067Hz  corr=-375.04W  u_ff=90.4W  PCAP→78W  power=76.8W
[PID] perf=27.723Hz  target=9.640Hz  err=-18.083Hz  corr=-375.35W  u_ff=90.4W  PCAP→78W  power=78.5W
[PID] perf=27.762Hz  target=9.640Hz  err=-18.122Hz  corr=-376.07W  u_ff=90.4W  PCAP→78W  power=77.2W
[PID] perf=27.700Hz  target=9.640Hz  err=-18.061Hz  corr=-374.93W  u_ff=90.4W  PCAP→78W  power=76.6W
[PID] perf=27.706Hz  target=9.640Hz  err=-18.066Hz  corr=-375.03W  u_ff=90.4W  PCAP→78W  power=77.4W
[PID] perf=27.690Hz  target=9.640Hz  err=-18.051Hz  corr=-374.75W  u_ff=90.4W  PCAP→78W  power=78.4W
[PID] perf=27.687Hz  target=9.640Hz  err=-18.047Hz  corr=-374.68W  u_ff=90.4W  PCAP→78W  power=76.4W
[PID] perf=27.652Hz  target=9.640Hz  err=-18.013Hz  corr=-374.04W  u_ff=90.4W  PCAP→78W  power=78.5W
[PID] perf=27.645Hz  target=9.640Hz  err=-18.006Hz  corr=-373.91W  u_ff=90.4W  PCAP→78W  power=79.0W
[PID] perf=27.677Hz  target=9.640Hz  err=-18.037Hz  corr=-374.49W  u_ff=90.4W  PCAP→78W  power=77.5W
[PID] perf=27.637Hz  target=9.640Hz  err=-17.997Hz  corr=-373.75W  u_ff=90.4W  PCAP→78W  power=78.8W
[PID] perf=27.657Hz  target=9.640Hz  err=-18.017Hz  corr=-374.13W  u_ff=90.4W  PCAP→78W  power=76.3W
[PID] perf=27.656Hz  target=9.640Hz  err=-18.017Hz  corr=-374.12W  u_ff=90.4W  PCAP→78W  power=78.0W
[PID] perf=27.674Hz  target=9.640Hz  err=-18.035Hz  corr=-374.45W  u_ff=90.4W  PCAP→78W  power=77.1W
[PID] perf=27.682Hz  target=9.640Hz  err=-18.042Hz  corr=-374.59W  u_ff=90.4W  PCAP→78W  power=77.2W
[PID] perf=27.675Hz  target=9.640Hz  err=-18.036Hz  corr=-374.46W  u_ff=90.4W  PCAP→78W  power=76.6W
[PID] perf=27.648Hz  target=9.640Hz  err=-18.009Hz  corr=-373.97W  u_ff=90.4W  PCAP→78W  power=78.5W
[PID] perf=27.659Hz  target=9.640Hz  err=-18.019Hz  corr=-374.16W  u_ff=90.4W  PCAP→78W  power=79.2W
[PID] perf=27.680Hz  target=9.640Hz  err=-18.040Hz  corr=-374.55W  u_ff=90.4W  PCAP→78W  power=78.5W
[PID] perf=27.657Hz  target=9.640Hz  err=-18.017Hz  corr=-374.12W  u_ff=90.4W  PCAP→78W  power=79.1W
[PID] perf=27.624Hz  target=9.640Hz  err=-17.984Hz  corr=-373.51W  u_ff=90.4W  PCAP→78W  power=79.0W
[PID] perf=27.691Hz  target=9.640Hz  err=-18.051Hz  corr=-374.76W  u_ff=90.4W  PCAP→78W  power=77.3W
[PID] perf=27.727Hz  target=9.640Hz  err=-18.087Hz  corr=-375.42W  u_ff=90.4W  PCAP→78W  power=77.1W
[PID] perf=27.675Hz  target=9.640Hz  err=-18.035Hz  corr=-374.45W  u_ff=90.4W  PCAP→78W  power=76.8W
[PID] perf=27.684Hz  target=9.640Hz  err=-18.044Hz  corr=-374.62W  u_ff=90.4W  PCAP→78W  power=76.6W
[PID] perf=27.691Hz  target=9.640Hz  err=-18.052Hz  corr=-374.77W  u_ff=90.4W  PCAP→78W  power=77.9W
[PID] perf=27.669Hz  target=9.640Hz  err=-18.030Hz  corr=-374.36W  u_ff=90.4W  PCAP→78W  power=77.1W
[PID] perf=27.689Hz  target=9.640Hz  err=-18.049Hz  corr=-374.71W  u_ff=90.4W  PCAP→78W  power=77.1W
[PID] perf=27.665Hz  target=9.640Hz  err=-18.025Hz  corr=-374.27W  u_ff=90.4W  PCAP→78W  power=78.2W
[PID] perf=27.716Hz  target=9.640Hz  err=-18.076Hz  corr=-375.22W  u_ff=90.4W  PCAP→78W  power=78.8W
[PID] perf=27.693Hz  target=9.640Hz  err=-18.053Hz  corr=-374.79W  u_ff=90.4W  PCAP→78W  power=78.5W
[PID] perf=27.691Hz  target=9.640Hz  err=-18.052Hz  corr=-374.76W  u_ff=90.4W  PCAP→78W  power=78.5W
[PID] perf=27.668Hz  target=9.640Hz  err=-18.029Hz  corr=-374.34W  u_ff=90.4W  PCAP→78W  power=78.2W
[PID] perf=27.711Hz  target=9.640Hz  err=-18.071Hz  corr=-375.13W  u_ff=90.4W  PCAP→78W  power=78.6W
[PID] perf=27.702Hz  target=9.640Hz  err=-18.062Hz  corr=-374.95W  u_ff=90.4W  PCAP→78W  power=77.5W
[PID] perf=27.695Hz  target=9.640Hz  err=-18.055Hz  corr=-374.83W  u_ff=90.4W  PCAP→78W  power=76.9W
[PID] perf=27.689Hz  target=9.640Hz  err=-18.049Hz  corr=-374.72W  u_ff=90.4W  PCAP→78W  power=77.2W
[PID] perf=27.698Hz  target=9.640Hz  err=-18.058Hz  corr=-374.88W  u_ff=90.4W  PCAP→78W  power=78.4W
[PID] perf=27.715Hz  target=9.640Hz  err=-18.076Hz  corr=-375.21W  u_ff=90.4W  PCAP→78W  power=77.7W
[PID] perf=27.716Hz  target=9.640Hz  err=-18.076Hz  corr=-375.21W  u_ff=90.4W  PCAP→78W  power=79.6W
[PID] perf=27.685Hz  target=9.640Hz  err=-18.045Hz  corr=-374.64W  u_ff=90.4W  PCAP→78W  power=78.9W
[PID] perf=27.695Hz  target=9.640Hz  err=-18.055Hz  corr=-374.83W  u_ff=90.4W  PCAP→78W  power=77.4W
[PID] perf=27.678Hz  target=9.640Hz  err=-18.038Hz  corr=-374.52W  u_ff=90.4W  PCAP→78W  power=77.3W
[PID] perf=27.673Hz  target=9.640Hz  err=-18.033Hz  corr=-374.42W  u_ff=90.4W  PCAP→78W  power=76.5W
[PID] perf=27.739Hz  target=9.640Hz  err=-18.099Hz  corr=-375.64W  u_ff=90.4W  PCAP→78W  power=76.5W
[PID] perf=27.703Hz  target=9.640Hz  err=-18.063Hz  corr=-374.97W  u_ff=90.4W  PCAP→78W  power=77.1W
[PID] perf=27.733Hz  target=9.640Hz  err=-18.094Hz  corr=-375.54W  u_ff=90.4W  PCAP→78W  power=79.1W
[PID] perf=27.709Hz  target=9.640Hz  err=-18.069Hz  corr=-375.09W  u_ff=90.4W  PCAP→78W  power=78.4W
[PID] perf=27.715Hz  target=9.640Hz  err=-18.076Hz  corr=-375.21W  u_ff=90.4W  PCAP→78W  power=78.5W
[PID] perf=27.712Hz  target=9.640Hz  err=-18.072Hz  corr=-375.14W  u_ff=90.4W  PCAP→78W  power=79.0W
[PID] perf=27.688Hz  target=9.640Hz  err=-18.048Hz  corr=-374.69W  u_ff=90.4W  PCAP→78W  power=78.7W
[PID] perf=27.728Hz  target=9.640Hz  err=-18.088Hz  corr=-375.44W  u_ff=90.4W  PCAP→78W  power=78.6W
[PID] perf=27.701Hz  target=9.640Hz  err=-18.061Hz  corr=-374.94W  u_ff=90.4W  PCAP→78W  power=78.6W
[PID] perf=27.713Hz  target=9.640Hz  err=-18.073Hz  corr=-375.16W  u_ff=90.4W  PCAP→78W  power=78.6W
[PID] perf=27.698Hz  target=9.640Hz  err=-18.058Hz  corr=-374.89W  u_ff=90.4W  PCAP→78W  power=78.4W
[PID] perf=27.707Hz  target=9.640Hz  err=-18.068Hz  corr=-375.06W  u_ff=90.4W  PCAP→78W  power=77.3W
[PID] perf=27.701Hz  target=9.640Hz  err=-18.062Hz  corr=-374.95W  u_ff=90.4W  PCAP→78W  power=77.6W
[PID] perf=27.032Hz  target=9.640Hz  err=-17.392Hz  corr=-362.54W  u_ff=90.4W  PCAP→78W  power=79.0W
[PID] perf=27.117Hz  target=9.640Hz  err=-17.478Hz  corr=-364.12W  u_ff=90.4W  PCAP→78W  power=79.0W
[PID] perf=27.121Hz  target=9.640Hz  err=-17.481Hz  corr=-364.18W  u_ff=90.4W  PCAP→78W  power=79.1W
[PID] perf=27.131Hz  target=9.640Hz  err=-17.492Hz  corr=-364.37W  u_ff=90.4W  PCAP→78W  power=78.8W
[PID] perf=27.117Hz  target=9.640Hz  err=-17.477Hz  corr=-364.11W  u_ff=90.4W  PCAP→78W  power=78.8W
[PID] perf=27.123Hz  target=9.640Hz  err=-17.484Hz  corr=-364.23W  u_ff=90.4W  PCAP→78W  power=78.4W
[PID] perf=27.134Hz  target=9.640Hz  err=-17.494Hz  corr=-364.43W  u_ff=90.4W  PCAP→78W  power=78.7W
[PID] perf=27.086Hz  target=9.640Hz  err=-17.447Hz  corr=-363.54W  u_ff=90.4W  PCAP→78W  power=78.4W
[PID] perf=27.099Hz  target=9.640Hz  err=-17.460Hz  corr=-363.78W  u_ff=90.4W  PCAP→78W  power=78.7W
[PID] perf=27.106Hz  target=9.640Hz  err=-17.467Hz  corr=-363.91W  u_ff=90.4W  PCAP→78W  power=78.9W
[PID] perf=27.127Hz  target=9.640Hz  err=-17.487Hz  corr=-364.30W  u_ff=90.4W  PCAP→78W  power=76.3W
[PID] perf=27.144Hz  target=9.640Hz  err=-17.504Hz  corr=-364.61W  u_ff=90.4W  PCAP→78W  power=78.2W
[PID] perf=27.120Hz  target=9.640Hz  err=-17.481Hz  corr=-364.17W  u_ff=90.4W  PCAP→78W  power=77.1W
[PID] perf=27.095Hz  target=9.640Hz  err=-17.456Hz  corr=-363.71W  u_ff=90.4W  PCAP→78W  power=77.3W
[PID] perf=27.121Hz  target=9.640Hz  err=-17.482Hz  corr=-364.19W  u_ff=90.4W  PCAP→78W  power=77.2W
[PID] perf=27.146Hz  target=9.640Hz  err=-17.507Hz  corr=-364.66W  u_ff=90.4W  PCAP→78W  power=78.7W
[PID] perf=27.121Hz  target=9.640Hz  err=-17.481Hz  corr=-364.18W  u_ff=90.4W  PCAP→78W  power=79.3W
[PID] perf=27.152Hz  target=9.640Hz  err=-17.513Hz  corr=-364.76W  u_ff=90.4W  PCAP→78W  power=79.5W
[PID] perf=27.150Hz  target=9.640Hz  err=-17.510Hz  corr=-364.72W  u_ff=90.4W  PCAP→78W  power=79.3W
[PID] perf=27.117Hz  target=9.640Hz  err=-17.478Hz  corr=-364.12W  u_ff=90.4W  PCAP→78W  power=77.0W
[PID] perf=27.128Hz  target=9.640Hz  err=-17.488Hz  corr=-364.31W  u_ff=90.4W  PCAP→78W  power=78.8W
[PID] perf=27.134Hz  target=9.640Hz  err=-17.494Hz  corr=-364.43W  u_ff=90.4W  PCAP→78W  power=77.3W
[PID] perf=27.161Hz  target=9.640Hz  err=-17.521Hz  corr=-364.93W  u_ff=90.4W  PCAP→78W  power=77.1W
[PID] perf=27.113Hz  target=9.640Hz  err=-17.473Hz  corr=-364.04W  u_ff=90.4W  PCAP→78W  power=77.3W
[PID] perf=27.112Hz  target=9.640Hz  err=-17.472Hz  corr=-364.02W  u_ff=90.4W  PCAP→78W  power=77.7W
[PID] perf=27.077Hz  target=9.640Hz  err=-17.437Hz  corr=-363.37W  u_ff=90.4W  PCAP→78W  power=77.3W
[PID] perf=27.094Hz  target=9.640Hz  err=-17.455Hz  corr=-363.69W  u_ff=90.4W  PCAP→78W  power=78.8W
[PID] perf=27.099Hz  target=9.640Hz  err=-17.460Hz  corr=-363.79W  u_ff=90.4W  PCAP→78W  power=77.4W
[PID] perf=27.137Hz  target=9.640Hz  err=-17.497Hz  corr=-364.48W  u_ff=90.4W  PCAP→78W  power=79.0W
[PID] perf=27.073Hz  target=9.640Hz  err=-17.434Hz  corr=-363.30W  u_ff=90.4W  PCAP→78W  power=78.3W
[PID] perf=27.072Hz  target=9.640Hz  err=-17.432Hz  corr=-363.27W  u_ff=90.4W  PCAP→78W  power=78.5W
[PID] perf=27.074Hz  target=9.640Hz  err=-17.435Hz  corr=-363.32W  u_ff=90.4W  PCAP→78W  power=78.2W
[PID] perf=27.106Hz  target=9.640Hz  err=-17.467Hz  corr=-363.91W  u_ff=90.4W  PCAP→78W  power=79.2W
[PID] perf=27.086Hz  target=9.640Hz  err=-17.447Hz  corr=-363.55W  u_ff=90.4W  PCAP→78W  power=78.5W
[PID] perf=27.062Hz  target=9.640Hz  err=-17.423Hz  corr=-363.10W  u_ff=90.4W  PCAP→78W  power=78.9W
[PID] perf=27.099Hz  target=9.640Hz  err=-17.460Hz  corr=-363.79W  u_ff=90.4W  PCAP→78W  power=77.8W
[PID] perf=27.042Hz  target=9.640Hz  err=-17.402Hz  corr=-362.72W  u_ff=90.4W  PCAP→78W  power=76.2W
[PID] perf=27.084Hz  target=9.640Hz  err=-17.444Hz  corr=-363.49W  u_ff=90.4W  PCAP→78W  power=77.5W
[PID] perf=27.141Hz  target=9.640Hz  err=-17.501Hz  corr=-364.56W  u_ff=90.4W  PCAP→78W  power=79.1W
[PID] perf=27.155Hz  target=9.640Hz  err=-17.516Hz  corr=-364.82W  u_ff=90.4W  PCAP→78W  power=78.9W
[PID] perf=27.184Hz  target=9.640Hz  err=-17.545Hz  corr=-365.36W  u_ff=90.4W  PCAP→78W  power=79.1W
[PID] perf=27.149Hz  target=9.640Hz  err=-17.509Hz  corr=-364.71W  u_ff=90.4W  PCAP→78W  power=76.7W
[PID] perf=27.168Hz  target=9.640Hz  err=-17.528Hz  corr=-365.05W  u_ff=90.4W  PCAP→78W  power=77.2W
[PID] perf=27.190Hz  target=9.640Hz  err=-17.551Hz  corr=-365.47W  u_ff=90.4W  PCAP→78W  power=78.6W
[PID] perf=27.170Hz  target=9.640Hz  err=-17.531Hz  corr=-365.10W  u_ff=90.4W  PCAP→78W  power=78.1W
[PID] perf=27.076Hz  target=9.640Hz  err=-17.436Hz  corr=-363.35W  u_ff=90.4W  PCAP→78W  power=77.0W
[PID] perf=27.169Hz  target=9.640Hz  err=-17.530Hz  corr=-365.08W  u_ff=90.4W  PCAP→78W  power=76.9W
[PID] perf=27.181Hz  target=9.640Hz  err=-17.542Hz  corr=-365.31W  u_ff=90.4W  PCAP→78W  power=77.2W
[PID] perf=27.165Hz  target=9.640Hz  err=-17.526Hz  corr=-365.01W  u_ff=90.4W  PCAP→78W  power=77.7W
[PID] perf=27.182Hz  target=9.640Hz  err=-17.543Hz  corr=-365.32W  u_ff=90.4W  PCAP→78W  power=77.2W
[PID] perf=27.129Hz  target=9.640Hz  err=-17.490Hz  corr=-364.34W  u_ff=90.4W  PCAP→78W  power=77.7W
[PID] perf=27.181Hz  target=9.640Hz  err=-17.541Hz  corr=-365.29W  u_ff=90.4W  PCAP→78W  power=77.3W
[PID] perf=27.162Hz  target=9.640Hz  err=-17.522Hz  corr=-364.94W  u_ff=90.4W  PCAP→78W  power=78.6W
[PID] perf=27.170Hz  target=9.640Hz  err=-17.531Hz  corr=-365.10W  u_ff=90.4W  PCAP→78W  power=78.7W
[PID] perf=27.161Hz  target=9.640Hz  err=-17.522Hz  corr=-364.93W  u_ff=90.4W  PCAP→78W  power=78.9W
[PID] perf=27.123Hz  target=9.640Hz  err=-17.483Hz  corr=-364.21W  u_ff=90.4W  PCAP→78W  power=79.8W
[PID] perf=27.171Hz  target=9.640Hz  err=-17.532Hz  corr=-365.12W  u_ff=90.4W  PCAP→78W  power=78.1W
[PID] perf=27.113Hz  target=9.640Hz  err=-17.474Hz  corr=-364.05W  u_ff=90.4W  PCAP→78W  power=78.0W
[PID] perf=27.072Hz  target=9.640Hz  err=-17.432Hz  corr=-363.28W  u_ff=90.4W  PCAP→78W  power=77.7W
[PID] perf=27.088Hz  target=9.640Hz  err=-17.448Hz  corr=-363.57W  u_ff=90.4W  PCAP→78W  power=76.9W
[PID] perf=27.105Hz  target=9.640Hz  err=-17.466Hz  corr=-363.89W  u_ff=90.4W  PCAP→78W  power=78.9W
[PID] perf=27.147Hz  target=9.640Hz  err=-17.507Hz  corr=-364.66W  u_ff=90.4W  PCAP→78W  power=79.2W
[PID] perf=27.147Hz  target=9.640Hz  err=-17.507Hz  corr=-364.66W  u_ff=90.4W  PCAP→78W  power=76.0W
[PID] perf=27.129Hz  target=9.640Hz  err=-17.489Hz  corr=-364.33W  u_ff=90.4W  PCAP→78W  power=77.7W
[PID] perf=27.154Hz  target=9.640Hz  err=-17.514Hz  corr=-364.80W  u_ff=90.4W  PCAP→78W  power=77.0W
[PID] perf=27.169Hz  target=9.640Hz  err=-17.529Hz  corr=-365.07W  u_ff=90.4W  PCAP→78W  power=76.4W
[PID] perf=27.158Hz  target=9.640Hz  err=-17.518Hz  corr=-364.87W  u_ff=90.4W  PCAP→78W  power=76.3W
[PID] perf=27.094Hz  target=9.640Hz  err=-17.454Hz  corr=-363.68W  u_ff=90.4W  PCAP→78W  power=77.5W
[PID] perf=27.191Hz  target=9.640Hz  err=-17.551Hz  corr=-365.48W  u_ff=90.4W  PCAP→78W  power=78.0W
[PID] perf=27.176Hz  target=9.640Hz  err=-17.537Hz  corr=-365.21W  u_ff=90.4W  PCAP→78W  power=78.4W
[PID] perf=27.160Hz  target=9.640Hz  err=-17.521Hz  corr=-364.92W  u_ff=90.4W  PCAP→78W  power=76.1W
[PID] perf=27.184Hz  target=9.640Hz  err=-17.544Hz  corr=-365.35W  u_ff=90.4W  PCAP→78W  power=76.4W
[PID] perf=27.176Hz  target=9.640Hz  err=-17.537Hz  corr=-365.21W  u_ff=90.4W  PCAP→78W  power=78.2W
[PID] perf=27.174Hz  target=9.640Hz  err=-17.534Hz  corr=-365.17W  u_ff=90.4W  PCAP→78W  power=77.0W
[PID] perf=27.211Hz  target=9.640Hz  err=-17.572Hz  corr=-365.86W  u_ff=90.4W  PCAP→78W  power=77.7W
[PID] perf=27.137Hz  target=9.640Hz  err=-17.497Hz  corr=-364.48W  u_ff=90.4W  PCAP→78W  power=78.7W
[PID] perf=27.123Hz  target=9.640Hz  err=-17.483Hz  corr=-364.22W  u_ff=90.4W  PCAP→78W  power=77.3W
[PID] perf=27.158Hz  target=9.640Hz  err=-17.518Hz  corr=-364.87W  u_ff=90.4W  PCAP→78W  power=78.6W
[PID] perf=27.149Hz  target=9.640Hz  err=-17.510Hz  corr=-364.71W  u_ff=90.4W  PCAP→78W  power=78.3W
[PID] perf=27.176Hz  target=9.640Hz  err=-17.537Hz  corr=-365.21W  u_ff=90.4W  PCAP→78W  power=78.1W
[PID] perf=27.116Hz  target=9.640Hz  err=-17.477Hz  corr=-364.10W  u_ff=90.4W  PCAP→78W  power=78.5W
[PID] perf=27.152Hz  target=9.640Hz  err=-17.512Hz  corr=-364.76W  u_ff=90.4W  PCAP→78W  power=79.0W
Process completed.
Compressed into /home/cc/summer2024/main_codes/pid_controller/../experiment_data/PID_Control_sweep/ones-npb-cg/compressed_iteration_20260513_050531.tar
----------------------------------

>>> Step 3/3

[ones-npb-cg]
  target perf      : 9.6396 Hz
  coefficients_perf: [-0.0006547837485238978, 0.18607436314256556, -1.8317688501798497]
  feedforward PCAP : 90.42 W  →  89 W (snapped)
  Perf(u_ff) check : 9.6396 Hz  (should ≈ target)
  PID gains        : Kp=18.5447 W/Hz  Ki=1.85447 W/(Hz·s)  Kd=0.0000
[PID] Awaiting data — feedforward PCAP=89W
[PID] Awaiting data — feedforward PCAP=89W
[PID] Awaiting data — feedforward PCAP=89W
[PID] Awaiting data — feedforward PCAP=89W
[PID] Awaiting data — feedforward PCAP=89W
[PID] Awaiting data — feedforward PCAP=89W
[PID] perf=19.199Hz  target=9.640Hz  err=-9.559Hz  corr=-212.73W  u_ff=90.4W  PCAP→78W  power=nanW
[PID] perf=18.075Hz  target=9.640Hz  err=-8.436Hz  corr=-196.44W  u_ff=90.4W  PCAP→78W  power=78.9W
[PID] perf=18.028Hz  target=9.640Hz  err=-8.389Hz  corr=-195.57W  u_ff=90.4W  PCAP→78W  power=79.2W
[PID] perf=18.049Hz  target=9.640Hz  err=-8.410Hz  corr=-195.95W  u_ff=90.4W  PCAP→78W  power=79.1W
[PID] perf=18.056Hz  target=9.640Hz  err=-8.417Hz  corr=-196.08W  u_ff=90.4W  PCAP→78W  power=78.0W
[PID] perf=18.091Hz  target=9.640Hz  err=-8.452Hz  corr=-196.73W  u_ff=90.4W  PCAP→78W  power=76.5W
[PID] perf=18.097Hz  target=9.640Hz  err=-8.457Hz  corr=-196.83W  u_ff=90.4W  PCAP→78W  power=76.5W
[PID] perf=18.111Hz  target=9.640Hz  err=-8.471Hz  corr=-197.10W  u_ff=90.4W  PCAP→78W  power=77.9W
[PID] perf=18.117Hz  target=9.640Hz  err=-8.478Hz  corr=-197.21W  u_ff=90.4W  PCAP→78W  power=79.2W
[PID] perf=18.103Hz  target=9.640Hz  err=-8.463Hz  corr=-196.95W  u_ff=90.4W  PCAP→78W  power=77.0W
[PID] perf=18.092Hz  target=9.640Hz  err=-8.453Hz  corr=-196.75W  u_ff=90.4W  PCAP→78W  power=77.8W
[PID] perf=18.079Hz  target=9.640Hz  err=-8.439Hz  corr=-196.50W  u_ff=90.4W  PCAP→78W  power=76.5W
[PID] perf=18.039Hz  target=9.640Hz  err=-8.400Hz  corr=-195.77W  u_ff=90.4W  PCAP→78W  power=77.7W
[PID] perf=18.056Hz  target=9.640Hz  err=-8.417Hz  corr=-196.09W  u_ff=90.4W  PCAP→78W  power=77.0W
[PID] perf=18.075Hz  target=9.640Hz  err=-8.436Hz  corr=-196.44W  u_ff=90.4W  PCAP→78W  power=77.5W
[PID] perf=18.089Hz  target=9.640Hz  err=-8.449Hz  corr=-196.69W  u_ff=90.4W  PCAP→78W  power=78.0W
[PID] perf=23.760Hz  target=9.640Hz  err=-14.120Hz  corr=-301.86W  u_ff=90.4W  PCAP→78W  power=78.4W
[PID] perf=29.083Hz  target=9.640Hz  err=-19.443Hz  corr=-400.57W  u_ff=90.4W  PCAP→78W  power=78.1W
[PID] perf=29.137Hz  target=9.640Hz  err=-19.497Hz  corr=-401.57W  u_ff=90.4W  PCAP→78W  power=77.0W
[PID] perf=29.102Hz  target=9.640Hz  err=-19.463Hz  corr=-400.93W  u_ff=90.4W  PCAP→78W  power=78.8W
[PID] perf=29.104Hz  target=9.640Hz  err=-19.464Hz  corr=-400.95W  u_ff=90.4W  PCAP→78W  power=78.7W
[PID] perf=29.150Hz  target=9.640Hz  err=-19.511Hz  corr=-401.82W  u_ff=90.4W  PCAP→78W  power=78.0W
[PID] perf=29.141Hz  target=9.640Hz  err=-19.501Hz  corr=-401.65W  u_ff=90.4W  PCAP→78W  power=79.0W
[PID] perf=29.101Hz  target=9.640Hz  err=-19.461Hz  corr=-400.91W  u_ff=90.4W  PCAP→78W  power=78.1W
[PID] perf=29.086Hz  target=9.640Hz  err=-19.446Hz  corr=-400.62W  u_ff=90.4W  PCAP→78W  power=76.3W
[PID] perf=29.152Hz  target=9.640Hz  err=-19.513Hz  corr=-401.85W  u_ff=90.4W  PCAP→78W  power=77.9W
[PID] perf=29.144Hz  target=9.640Hz  err=-19.505Hz  corr=-401.71W  u_ff=90.4W  PCAP→78W  power=79.4W
[PID] perf=29.157Hz  target=9.640Hz  err=-19.517Hz  corr=-401.93W  u_ff=90.4W  PCAP→78W  power=79.2W
[PID] perf=29.151Hz  target=9.640Hz  err=-19.512Hz  corr=-401.84W  u_ff=90.4W  PCAP→78W  power=78.0W
[PID] perf=29.128Hz  target=9.640Hz  err=-19.488Hz  corr=-401.40W  u_ff=90.4W  PCAP→78W  power=77.0W
[PID] perf=29.150Hz  target=9.640Hz  err=-19.510Hz  corr=-401.81W  u_ff=90.4W  PCAP→78W  power=79.0W
[PID] perf=29.136Hz  target=9.640Hz  err=-19.497Hz  corr=-401.56W  u_ff=90.4W  PCAP→78W  power=78.7W
[PID] perf=29.184Hz  target=9.640Hz  err=-19.545Hz  corr=-402.45W  u_ff=90.4W  PCAP→78W  power=79.2W
[PID] perf=29.174Hz  target=9.640Hz  err=-19.535Hz  corr=-402.26W  u_ff=90.4W  PCAP→78W  power=79.2W
[PID] perf=29.120Hz  target=9.640Hz  err=-19.480Hz  corr=-401.25W  u_ff=90.4W  PCAP→78W  power=77.5W
[PID] perf=29.170Hz  target=9.640Hz  err=-19.530Hz  corr=-402.19W  u_ff=90.4W  PCAP→78W  power=77.1W
[PID] perf=29.144Hz  target=9.640Hz  err=-19.505Hz  corr=-401.71W  u_ff=90.4W  PCAP→78W  power=79.0W
[PID] perf=29.136Hz  target=9.640Hz  err=-19.496Hz  corr=-401.55W  u_ff=90.4W  PCAP→78W  power=78.3W
[PID] perf=29.181Hz  target=9.640Hz  err=-19.541Hz  corr=-402.39W  u_ff=90.4W  PCAP→78W  power=77.0W
[PID] perf=27.281Hz  target=9.640Hz  err=-17.642Hz  corr=-367.16W  u_ff=90.4W  PCAP→78W  power=78.9W
[PID] perf=27.388Hz  target=9.640Hz  err=-17.748Hz  corr=-369.14W  u_ff=90.4W  PCAP→78W  power=78.9W
[PID] perf=27.356Hz  target=9.640Hz  err=-17.716Hz  corr=-368.54W  u_ff=90.4W  PCAP→78W  power=77.3W
[PID] perf=27.327Hz  target=9.640Hz  err=-17.687Hz  corr=-368.00W  u_ff=90.4W  PCAP→78W  power=77.5W
[PID] perf=27.341Hz  target=9.640Hz  err=-17.702Hz  corr=-368.27W  u_ff=90.4W  PCAP→78W  power=79.2W
[PID] perf=27.318Hz  target=9.640Hz  err=-17.679Hz  corr=-367.85W  u_ff=90.4W  PCAP→78W  power=77.3W
[PID] perf=27.345Hz  target=9.640Hz  err=-17.705Hz  corr=-368.34W  u_ff=90.4W  PCAP→78W  power=77.0W
[PID] perf=27.334Hz  target=9.640Hz  err=-17.694Hz  corr=-368.14W  u_ff=90.4W  PCAP→78W  power=76.2W
[PID] perf=27.370Hz  target=9.640Hz  err=-17.730Hz  corr=-368.80W  u_ff=90.4W  PCAP→78W  power=77.1W
[PID] perf=27.348Hz  target=9.640Hz  err=-17.708Hz  corr=-368.40W  u_ff=90.4W  PCAP→78W  power=77.5W
[PID] perf=27.379Hz  target=9.640Hz  err=-17.739Hz  corr=-368.97W  u_ff=90.4W  PCAP→78W  power=77.8W
[PID] perf=27.364Hz  target=9.640Hz  err=-17.724Hz  corr=-368.69W  u_ff=90.4W  PCAP→78W  power=77.1W
[PID] perf=27.317Hz  target=9.640Hz  err=-17.677Hz  corr=-367.82W  u_ff=90.4W  PCAP→78W  power=77.9W
[PID] perf=27.330Hz  target=9.640Hz  err=-17.691Hz  corr=-368.07W  u_ff=90.4W  PCAP→78W  power=78.9W
[PID] perf=27.340Hz  target=9.640Hz  err=-17.700Hz  corr=-368.25W  u_ff=90.4W  PCAP→78W  power=79.2W
[PID] perf=27.354Hz  target=9.640Hz  err=-17.714Hz  corr=-368.51W  u_ff=90.4W  PCAP→78W  power=78.8W
[PID] perf=27.349Hz  target=9.640Hz  err=-17.709Hz  corr=-368.41W  u_ff=90.4W  PCAP→78W  power=76.4W
[PID] perf=27.323Hz  target=9.640Hz  err=-17.684Hz  corr=-367.94W  u_ff=90.4W  PCAP→78W  power=77.4W
[PID] perf=27.349Hz  target=9.640Hz  err=-17.709Hz  corr=-368.41W  u_ff=90.4W  PCAP→78W  power=76.9W
[PID] perf=27.346Hz  target=9.640Hz  err=-17.706Hz  corr=-368.36W  u_ff=90.4W  PCAP→78W  power=78.0W
[PID] perf=27.372Hz  target=9.640Hz  err=-17.732Hz  corr=-368.84W  u_ff=90.4W  PCAP→78W  power=78.8W
[PID] perf=27.356Hz  target=9.640Hz  err=-17.717Hz  corr=-368.55W  u_ff=90.4W  PCAP→78W  power=79.0W
[PID] perf=27.364Hz  target=9.640Hz  err=-17.725Hz  corr=-368.70W  u_ff=90.4W  PCAP→78W  power=76.4W
[PID] perf=27.347Hz  target=9.640Hz  err=-17.708Hz  corr=-368.38W  u_ff=90.4W  PCAP→78W  power=76.4W
[PID] perf=27.363Hz  target=9.640Hz  err=-17.724Hz  corr=-368.68W  u_ff=90.4W  PCAP→78W  power=77.3W
[PID] perf=27.325Hz  target=9.640Hz  err=-17.685Hz  corr=-367.97W  u_ff=90.4W  PCAP→78W  power=77.1W
[PID] perf=27.341Hz  target=9.640Hz  err=-17.702Hz  corr=-368.27W  u_ff=90.4W  PCAP→78W  power=79.0W
[PID] perf=27.372Hz  target=9.640Hz  err=-17.732Hz  corr=-368.84W  u_ff=90.4W  PCAP→78W  power=79.1W
[PID] perf=27.372Hz  target=9.640Hz  err=-17.733Hz  corr=-368.84W  u_ff=90.4W  PCAP→78W  power=79.0W
[PID] perf=27.377Hz  target=9.640Hz  err=-17.737Hz  corr=-368.94W  u_ff=90.4W  PCAP→78W  power=77.3W
[PID] perf=27.384Hz  target=9.640Hz  err=-17.745Hz  corr=-369.07W  u_ff=90.4W  PCAP→78W  power=76.5W
[PID] perf=27.372Hz  target=9.640Hz  err=-17.733Hz  corr=-368.85W  u_ff=90.4W  PCAP→78W  power=77.7W
[PID] perf=27.417Hz  target=9.640Hz  err=-17.777Hz  corr=-369.67W  u_ff=90.4W  PCAP→78W  power=76.5W
[PID] perf=27.454Hz  target=9.640Hz  err=-17.815Hz  corr=-370.36W  u_ff=90.4W  PCAP→78W  power=76.0W
[PID] perf=28.988Hz  target=9.640Hz  err=-19.348Hz  corr=-398.81W  u_ff=90.4W  PCAP→78W  power=77.1W
[PID] perf=27.369Hz  target=9.640Hz  err=-17.729Hz  corr=-368.79W  u_ff=90.4W  PCAP→78W  power=79.2W
[PID] perf=27.418Hz  target=9.640Hz  err=-17.778Hz  corr=-369.69W  u_ff=90.4W  PCAP→78W  power=78.6W
[PID] perf=27.424Hz  target=9.640Hz  err=-17.784Hz  corr=-369.81W  u_ff=90.4W  PCAP→78W  power=78.6W
[PID] perf=27.387Hz  target=9.640Hz  err=-17.748Hz  corr=-369.13W  u_ff=90.4W  PCAP→78W  power=78.4W
[PID] perf=27.438Hz  target=9.640Hz  err=-17.799Hz  corr=-370.07W  u_ff=90.4W  PCAP→78W  power=76.7W
[PID] perf=27.447Hz  target=9.640Hz  err=-17.807Hz  corr=-370.23W  u_ff=90.4W  PCAP→78W  power=77.6W
[PID] perf=27.364Hz  target=9.640Hz  err=-17.724Hz  corr=-368.69W  u_ff=90.4W  PCAP→78W  power=79.1W
[PID] perf=27.352Hz  target=9.640Hz  err=-17.712Hz  corr=-368.47W  u_ff=90.4W  PCAP→78W  power=76.8W
[PID] perf=27.382Hz  target=9.640Hz  err=-17.742Hz  corr=-369.03W  u_ff=90.4W  PCAP→78W  power=77.1W
[PID] perf=27.469Hz  target=9.640Hz  err=-17.829Hz  corr=-370.64W  u_ff=90.4W  PCAP→78W  power=79.0W
[PID] perf=27.450Hz  target=9.640Hz  err=-17.811Hz  corr=-370.29W  u_ff=90.4W  PCAP→78W  power=77.2W
[PID] perf=27.421Hz  target=9.640Hz  err=-17.782Hz  corr=-369.75W  u_ff=90.4W  PCAP→78W  power=76.3W
[PID] perf=27.398Hz  target=9.640Hz  err=-17.758Hz  corr=-369.32W  u_ff=90.4W  PCAP→78W  power=76.5W
[PID] perf=27.468Hz  target=9.640Hz  err=-17.829Hz  corr=-370.63W  u_ff=90.4W  PCAP→78W  power=77.1W
[PID] perf=27.431Hz  target=9.640Hz  err=-17.791Hz  corr=-369.93W  u_ff=90.4W  PCAP→78W  power=79.1W
[PID] perf=27.396Hz  target=9.640Hz  err=-17.756Hz  corr=-369.28W  u_ff=90.4W  PCAP→78W  power=77.6W
[PID] perf=27.421Hz  target=9.640Hz  err=-17.781Hz  corr=-369.75W  u_ff=90.4W  PCAP→78W  power=78.6W
[PID] perf=27.422Hz  target=9.640Hz  err=-17.782Hz  corr=-369.76W  u_ff=90.4W  PCAP→78W  power=78.0W
[PID] perf=27.449Hz  target=9.640Hz  err=-17.809Hz  corr=-370.26W  u_ff=90.4W  PCAP→78W  power=78.8W
[PID] perf=27.429Hz  target=9.640Hz  err=-17.789Hz  corr=-369.89W  u_ff=90.4W  PCAP→78W  power=78.9W
[PID] perf=27.453Hz  target=9.640Hz  err=-17.813Hz  corr=-370.34W  u_ff=90.4W  PCAP→78W  power=78.0W
[PID] perf=27.417Hz  target=9.640Hz  err=-17.777Hz  corr=-369.67W  u_ff=90.4W  PCAP→78W  power=78.8W
[PID] perf=27.421Hz  target=9.640Hz  err=-17.781Hz  corr=-369.75W  u_ff=90.4W  PCAP→78W  power=76.9W
[PID] perf=27.437Hz  target=9.640Hz  err=-17.797Hz  corr=-370.04W  u_ff=90.4W  PCAP→78W  power=78.9W
[PID] perf=27.477Hz  target=9.640Hz  err=-17.837Hz  corr=-370.79W  u_ff=90.4W  PCAP→78W  power=78.0W
[PID] perf=27.457Hz  target=9.640Hz  err=-17.817Hz  corr=-370.42W  u_ff=90.4W  PCAP→78W  power=78.8W
[PID] perf=27.435Hz  target=9.640Hz  err=-17.796Hz  corr=-370.01W  u_ff=90.4W  PCAP→78W  power=77.1W
[PID] perf=27.407Hz  target=9.640Hz  err=-17.768Hz  corr=-369.49W  u_ff=90.4W  PCAP→78W  power=79.0W
[PID] perf=27.422Hz  target=9.640Hz  err=-17.782Hz  corr=-369.76W  u_ff=90.4W  PCAP→78W  power=78.1W
[PID] perf=27.488Hz  target=9.640Hz  err=-17.848Hz  corr=-370.99W  u_ff=90.4W  PCAP→78W  power=78.8W
[PID] perf=27.423Hz  target=9.640Hz  err=-17.783Hz  corr=-369.78W  u_ff=90.4W  PCAP→78W  power=77.9W
[PID] perf=27.436Hz  target=9.640Hz  err=-17.796Hz  corr=-370.02W  u_ff=90.4W  PCAP→78W  power=79.3W
[PID] perf=27.475Hz  target=9.640Hz  err=-17.835Hz  corr=-370.75W  u_ff=90.4W  PCAP→78W  power=77.9W
[PID] perf=27.483Hz  target=9.640Hz  err=-17.843Hz  corr=-370.89W  u_ff=90.4W  PCAP→78W  power=77.0W
[PID] perf=27.444Hz  target=9.640Hz  err=-17.804Hz  corr=-370.17W  u_ff=90.4W  PCAP→78W  power=77.2W
[PID] perf=27.431Hz  target=9.640Hz  err=-17.791Hz  corr=-369.94W  u_ff=90.4W  PCAP→78W  power=78.0W
[PID] perf=27.411Hz  target=9.640Hz  err=-17.771Hz  corr=-369.56W  u_ff=90.4W  PCAP→78W  power=76.9W
[PID] perf=27.433Hz  target=9.640Hz  err=-17.794Hz  corr=-369.98W  u_ff=90.4W  PCAP→78W  power=76.5W
[PID] perf=27.445Hz  target=9.640Hz  err=-17.805Hz  corr=-370.19W  u_ff=90.4W  PCAP→78W  power=79.7W
[PID] perf=27.465Hz  target=9.640Hz  err=-17.825Hz  corr=-370.57W  u_ff=90.4W  PCAP→78W  power=77.7W
[PID] perf=27.433Hz  target=9.640Hz  err=-17.794Hz  corr=-369.98W  u_ff=90.4W  PCAP→78W  power=78.6W
[PID] perf=27.461Hz  target=9.640Hz  err=-17.821Hz  corr=-370.49W  u_ff=90.4W  PCAP→78W  power=77.7W
[PID] perf=27.459Hz  target=9.640Hz  err=-17.820Hz  corr=-370.46W  u_ff=90.4W  PCAP→78W  power=77.3W
[PID] perf=27.464Hz  target=9.640Hz  err=-17.825Hz  corr=-370.55W  u_ff=90.4W  PCAP→78W  power=77.1W
[PID] perf=27.427Hz  target=9.640Hz  err=-17.788Hz  corr=-369.87W  u_ff=90.4W  PCAP→78W  power=77.1W
[PID] perf=27.417Hz  target=9.640Hz  err=-17.778Hz  corr=-369.68W  u_ff=90.4W  PCAP→78W  power=77.2W
[PID] perf=27.393Hz  target=9.640Hz  err=-17.753Hz  corr=-369.23W  u_ff=90.4W  PCAP→78W  power=78.1W
[PID] perf=27.471Hz  target=9.640Hz  err=-17.832Hz  corr=-370.68W  u_ff=90.4W  PCAP→78W  power=78.2W
[PID] perf=27.449Hz  target=9.640Hz  err=-17.809Hz  corr=-370.26W  u_ff=90.4W  PCAP→78W  power=76.2W
[PID] perf=27.493Hz  target=9.640Hz  err=-17.853Hz  corr=-371.08W  u_ff=90.4W  PCAP→78W  power=77.6W
[PID] perf=27.442Hz  target=9.640Hz  err=-17.802Hz  corr=-370.14W  u_ff=90.4W  PCAP→78W  power=78.5W
[PID] perf=27.423Hz  target=9.640Hz  err=-17.783Hz  corr=-369.78W  u_ff=90.4W  PCAP→78W  power=78.6W
[PID] perf=27.421Hz  target=9.640Hz  err=-17.782Hz  corr=-369.75W  u_ff=90.4W  PCAP→78W  power=76.7W
[PID] perf=27.403Hz  target=9.640Hz  err=-17.764Hz  corr=-369.42W  u_ff=90.4W  PCAP→78W  power=76.7W
[PID] perf=27.454Hz  target=9.640Hz  err=-17.814Hz  corr=-370.35W  u_ff=90.4W  PCAP→78W  power=77.7W
[PID] perf=27.431Hz  target=9.640Hz  err=-17.791Hz  corr=-369.93W  u_ff=90.4W  PCAP→78W  power=76.2W
[PID] perf=27.433Hz  target=9.640Hz  err=-17.794Hz  corr=-369.98W  u_ff=90.4W  PCAP→78W  power=78.2W
[PID] perf=27.435Hz  target=9.640Hz  err=-17.795Hz  corr=-370.01W  u_ff=90.4W  PCAP→78W  power=76.9W
[PID] perf=27.444Hz  target=9.640Hz  err=-17.804Hz  corr=-370.17W  u_ff=90.4W  PCAP→78W  power=77.5W
[PID] perf=27.424Hz  target=9.640Hz  err=-17.784Hz  corr=-369.80W  u_ff=90.4W  PCAP→78W  power=77.4W
[PID] perf=27.420Hz  target=9.640Hz  err=-17.780Hz  corr=-369.73W  u_ff=90.4W  PCAP→78W  power=78.9W
[PID] perf=27.446Hz  target=9.640Hz  err=-17.806Hz  corr=-370.21W  u_ff=90.4W  PCAP→78W  power=78.3W
[PID] perf=27.445Hz  target=9.640Hz  err=-17.806Hz  corr=-370.20W  u_ff=90.4W  PCAP→78W  power=77.2W
[PID] perf=27.446Hz  target=9.640Hz  err=-17.806Hz  corr=-370.21W  u_ff=90.4W  PCAP→78W  power=78.1W
[PID] perf=27.460Hz  target=9.640Hz  err=-17.820Hz  corr=-370.47W  u_ff=90.4W  PCAP→78W  power=77.8W
[PID] perf=27.468Hz  target=9.640Hz  err=-17.828Hz  corr=-370.61W  u_ff=90.4W  PCAP→78W  power=78.2W
[PID] perf=27.483Hz  target=9.640Hz  err=-17.843Hz  corr=-370.90W  u_ff=90.4W  PCAP→78W  power=78.9W
[PID] perf=27.469Hz  target=9.640Hz  err=-17.829Hz  corr=-370.63W  u_ff=90.4W  PCAP→78W  power=79.1W
[PID] perf=27.469Hz  target=9.640Hz  err=-17.830Hz  corr=-370.65W  u_ff=90.4W  PCAP→78W  power=77.0W
[PID] perf=27.445Hz  target=9.640Hz  err=-17.806Hz  corr=-370.20W  u_ff=90.4W  PCAP→78W  power=79.0W
[PID] perf=27.468Hz  target=9.640Hz  err=-17.828Hz  corr=-370.62W  u_ff=90.4W  PCAP→78W  power=79.2W
[PID] perf=27.449Hz  target=9.640Hz  err=-17.810Hz  corr=-370.27W  u_ff=90.4W  PCAP→78W  power=79.5W
[PID] perf=27.481Hz  target=9.640Hz  err=-17.841Hz  corr=-370.86W  u_ff=90.4W  PCAP→78W  power=77.1W
[PID] perf=27.480Hz  target=9.640Hz  err=-17.840Hz  corr=-370.84W  u_ff=90.4W  PCAP→78W  power=77.1W
[PID] perf=27.485Hz  target=9.640Hz  err=-17.845Hz  corr=-370.93W  u_ff=90.4W  PCAP→78W  power=76.5W
[PID] perf=27.499Hz  target=9.640Hz  err=-17.860Hz  corr=-371.20W  u_ff=90.4W  PCAP→78W  power=78.4W
[PID] perf=27.432Hz  target=9.640Hz  err=-17.793Hz  corr=-369.96W  u_ff=90.4W  PCAP→78W  power=79.1W
[PID] perf=27.426Hz  target=9.640Hz  err=-17.787Hz  corr=-369.85W  u_ff=90.4W  PCAP→78W  power=78.8W
[PID] perf=27.444Hz  target=9.640Hz  err=-17.804Hz  corr=-370.17W  u_ff=90.4W  PCAP→78W  power=77.2W
[PID] perf=27.455Hz  target=9.640Hz  err=-17.815Hz  corr=-370.38W  u_ff=90.4W  PCAP→78W  power=76.2W
[PID] perf=27.461Hz  target=9.640Hz  err=-17.821Hz  corr=-370.49W  u_ff=90.4W  PCAP→78W  power=76.6W
[PID] perf=27.445Hz  target=9.640Hz  err=-17.805Hz  corr=-370.19W  u_ff=90.4W  PCAP→78W  power=79.3W
[PID] perf=27.408Hz  target=9.640Hz  err=-17.768Hz  corr=-369.51W  u_ff=90.4W  PCAP→78W  power=78.0W
[PID] perf=27.457Hz  target=9.640Hz  err=-17.817Hz  corr=-370.41W  u_ff=90.4W  PCAP→78W  power=78.5W
[PID] perf=27.380Hz  target=9.640Hz  err=-17.740Hz  corr=-368.99W  u_ff=90.4W  PCAP→78W  power=79.3W
[PID] perf=27.464Hz  target=9.640Hz  err=-17.825Hz  corr=-370.55W  u_ff=90.4W  PCAP→78W  power=77.2W
[PID] perf=27.461Hz  target=9.640Hz  err=-17.821Hz  corr=-370.48W  u_ff=90.4W  PCAP→78W  power=78.4W
[PID] perf=27.483Hz  target=9.640Hz  err=-17.844Hz  corr=-370.90W  u_ff=90.4W  PCAP→78W  power=78.0W
[PID] perf=27.506Hz  target=9.640Hz  err=-17.867Hz  corr=-371.33W  u_ff=90.4W  PCAP→78W  power=78.7W
[PID] perf=27.507Hz  target=9.640Hz  err=-17.867Hz  corr=-371.34W  u_ff=90.4W  PCAP→78W  power=77.1W
[PID] perf=27.479Hz  target=9.640Hz  err=-17.839Hz  corr=-370.83W  u_ff=90.4W  PCAP→78W  power=76.9W
[PID] perf=27.509Hz  target=9.640Hz  err=-17.869Hz  corr=-371.38W  u_ff=90.4W  PCAP→78W  power=78.0W
[PID] perf=27.453Hz  target=9.640Hz  err=-17.813Hz  corr=-370.34W  u_ff=90.4W  PCAP→78W  power=78.9W
[PID] perf=27.465Hz  target=9.640Hz  err=-17.826Hz  corr=-370.57W  u_ff=90.4W  PCAP→78W  power=79.0W
[PID] perf=27.471Hz  target=9.640Hz  err=-17.831Hz  corr=-370.68W  u_ff=90.4W  PCAP→78W  power=79.0W
[PID] perf=27.424Hz  target=9.640Hz  err=-17.785Hz  corr=-369.81W  u_ff=90.4W  PCAP→78W  power=78.8W
[PID] perf=27.454Hz  target=9.640Hz  err=-17.815Hz  corr=-370.37W  u_ff=90.4W  PCAP→78W  power=78.5W
[PID] perf=27.447Hz  target=9.640Hz  err=-17.807Hz  corr=-370.23W  u_ff=90.4W  PCAP→78W  power=78.8W
[PID] perf=27.417Hz  target=9.640Hz  err=-17.778Hz  corr=-369.68W  u_ff=90.4W  PCAP→78W  power=78.9W
[PID] perf=27.452Hz  target=9.640Hz  err=-17.813Hz  corr=-370.33W  u_ff=90.4W  PCAP→78W  power=78.6W
[PID] perf=27.432Hz  target=9.640Hz  err=-17.792Hz  corr=-369.95W  u_ff=90.4W  PCAP→78W  power=78.2W
[PID] perf=27.441Hz  target=9.640Hz  err=-17.802Hz  corr=-370.12W  u_ff=90.4W  PCAP→78W  power=77.8W
[PID] perf=27.465Hz  target=9.640Hz  err=-17.826Hz  corr=-370.57W  u_ff=90.4W  PCAP→78W  power=77.9W
[PID] perf=27.445Hz  target=9.640Hz  err=-17.805Hz  corr=-370.19W  u_ff=90.4W  PCAP→78W  power=77.0W
[PID] perf=27.458Hz  target=9.640Hz  err=-17.818Hz  corr=-370.43W  u_ff=90.4W  PCAP→78W  power=77.2W
[PID] perf=27.497Hz  target=9.640Hz  err=-17.858Hz  corr=-371.16W  u_ff=90.4W  PCAP→78W  power=77.4W
[PID] perf=27.454Hz  target=9.640Hz  err=-17.815Hz  corr=-370.37W  u_ff=90.4W  PCAP→78W  power=77.7W
[PID] perf=27.500Hz  target=9.640Hz  err=-17.861Hz  corr=-371.22W  u_ff=90.4W  PCAP→78W  power=78.5W
[PID] perf=27.471Hz  target=9.640Hz  err=-17.832Hz  corr=-370.68W  u_ff=90.4W  PCAP→78W  power=78.9W
[PID] perf=27.458Hz  target=9.640Hz  err=-17.818Hz  corr=-370.44W  u_ff=90.4W  PCAP→78W  power=79.3W
[PID] perf=27.433Hz  target=9.640Hz  err=-17.794Hz  corr=-369.98W  u_ff=90.4W  PCAP→78W  power=78.9W
[PID] perf=27.459Hz  target=9.640Hz  err=-17.820Hz  corr=-370.46W  u_ff=90.4W  PCAP→78W  power=78.9W
[PID] perf=27.457Hz  target=9.640Hz  err=-17.817Hz  corr=-370.41W  u_ff=90.4W  PCAP→78W  power=77.7W
[PID] perf=27.505Hz  target=9.640Hz  err=-17.865Hz  corr=-371.31W  u_ff=90.4W  PCAP→78W  power=76.8W
[PID] perf=27.482Hz  target=9.640Hz  err=-17.843Hz  corr=-370.89W  u_ff=90.4W  PCAP→78W  power=77.0W
[PID] perf=27.446Hz  target=9.640Hz  err=-17.807Hz  corr=-370.22W  u_ff=90.4W  PCAP→78W  power=79.0W
[PID] perf=27.451Hz  target=9.640Hz  err=-17.811Hz  corr=-370.30W  u_ff=90.4W  PCAP→78W  power=79.2W
[PID] perf=27.446Hz  target=9.640Hz  err=-17.806Hz  corr=-370.21W  u_ff=90.4W  PCAP→78W  power=78.1W
[PID] perf=27.494Hz  target=9.640Hz  err=-17.855Hz  corr=-371.11W  u_ff=90.4W  PCAP→78W  power=77.4W
[PID] perf=27.466Hz  target=9.640Hz  err=-17.826Hz  corr=-370.58W  u_ff=90.4W  PCAP→78W  power=77.7W
[PID] perf=27.429Hz  target=9.640Hz  err=-17.790Hz  corr=-369.90W  u_ff=90.4W  PCAP→78W  power=76.4W
[PID] perf=27.429Hz  target=9.640Hz  err=-17.790Hz  corr=-369.90W  u_ff=90.4W  PCAP→78W  power=77.2W
[PID] perf=27.470Hz  target=9.640Hz  err=-17.831Hz  corr=-370.66W  u_ff=90.4W  PCAP→78W  power=76.9W
[PID] perf=27.442Hz  target=9.640Hz  err=-17.802Hz  corr=-370.14W  u_ff=90.4W  PCAP→78W  power=79.3W
[PID] perf=27.502Hz  target=9.640Hz  err=-17.863Hz  corr=-371.26W  u_ff=90.4W  PCAP→78W  power=77.5W
[PID] perf=27.437Hz  target=9.640Hz  err=-17.797Hz  corr=-370.04W  u_ff=90.4W  PCAP→78W  power=78.4W
[PID] perf=27.464Hz  target=9.640Hz  err=-17.824Hz  corr=-370.54W  u_ff=90.4W  PCAP→78W  power=77.6W
[PID] perf=27.498Hz  target=9.640Hz  err=-17.858Hz  corr=-371.18W  u_ff=90.4W  PCAP→78W  power=77.8W
[PID] perf=27.481Hz  target=9.640Hz  err=-17.841Hz  corr=-370.86W  u_ff=90.4W  PCAP→78W  power=78.7W
[PID] perf=27.512Hz  target=9.640Hz  err=-17.872Hz  corr=-371.43W  u_ff=90.4W  PCAP→78W  power=79.0W
[PID] perf=27.457Hz  target=9.640Hz  err=-17.817Hz  corr=-370.41W  u_ff=90.4W  PCAP→78W  power=77.1W
[PID] perf=27.433Hz  target=9.640Hz  err=-17.793Hz  corr=-369.97W  u_ff=90.4W  PCAP→78W  power=78.9W
[PID] perf=27.448Hz  target=9.640Hz  err=-17.809Hz  corr=-370.25W  u_ff=90.4W  PCAP→78W  power=77.7W
[PID] perf=27.444Hz  target=9.640Hz  err=-17.804Hz  corr=-370.17W  u_ff=90.4W  PCAP→78W  power=76.6W
[PID] perf=27.438Hz  target=9.640Hz  err=-17.798Hz  corr=-370.06W  u_ff=90.4W  PCAP→78W  power=77.0W
[PID] perf=27.472Hz  target=9.640Hz  err=-17.832Hz  corr=-370.69W  u_ff=90.4W  PCAP→78W  power=77.1W
[PID] perf=27.456Hz  target=9.640Hz  err=-17.816Hz  corr=-370.40W  u_ff=90.4W  PCAP→78W  power=77.3W
[PID] perf=27.479Hz  target=9.640Hz  err=-17.839Hz  corr=-370.82W  u_ff=90.4W  PCAP→78W  power=76.8W
[PID] perf=27.482Hz  target=9.640Hz  err=-17.842Hz  corr=-370.87W  u_ff=90.4W  PCAP→78W  power=78.7W
[PID] perf=27.443Hz  target=9.640Hz  err=-17.804Hz  corr=-370.17W  u_ff=90.4W  PCAP→78W  power=78.3W
[PID] perf=27.497Hz  target=9.640Hz  err=-17.857Hz  corr=-371.16W  u_ff=90.4W  PCAP→78W  power=79.1W
[PID] perf=27.514Hz  target=9.640Hz  err=-17.874Hz  corr=-371.47W  u_ff=90.4W  PCAP→78W  power=78.8W
[PID] perf=27.508Hz  target=9.640Hz  err=-17.869Hz  corr=-371.37W  u_ff=90.4W  PCAP→78W  power=79.3W
[PID] perf=27.499Hz  target=9.640Hz  err=-17.860Hz  corr=-371.20W  u_ff=90.4W  PCAP→78W  power=77.0W
[PID] perf=27.487Hz  target=9.640Hz  err=-17.847Hz  corr=-370.97W  u_ff=90.4W  PCAP→78W  power=77.7W
[PID] perf=27.493Hz  target=9.640Hz  err=-17.853Hz  corr=-371.08W  u_ff=90.4W  PCAP→78W  power=78.2W
[PID] perf=27.517Hz  target=9.640Hz  err=-17.877Hz  corr=-371.52W  u_ff=90.4W  PCAP→78W  power=77.4W
[PID] perf=27.491Hz  target=9.640Hz  err=-17.851Hz  corr=-371.05W  u_ff=90.4W  PCAP→78W  power=79.2W
[PID] perf=27.514Hz  target=9.640Hz  err=-17.875Hz  corr=-371.48W  u_ff=90.4W  PCAP→78W  power=77.9W
[PID] perf=27.444Hz  target=9.640Hz  err=-17.805Hz  corr=-370.18W  u_ff=90.4W  PCAP→78W  power=78.4W
[PID] perf=27.441Hz  target=9.640Hz  err=-17.802Hz  corr=-370.13W  u_ff=90.4W  PCAP→78W  power=78.8W
[PID] perf=27.417Hz  target=9.640Hz  err=-17.778Hz  corr=-369.68W  u_ff=90.4W  PCAP→78W  power=77.1W
[PID] perf=27.431Hz  target=9.640Hz  err=-17.791Hz  corr=-369.94W  u_ff=90.4W  PCAP→78W  power=77.8W
[PID] perf=27.475Hz  target=9.640Hz  err=-17.836Hz  corr=-370.76W  u_ff=90.4W  PCAP→78W  power=77.7W
[PID] perf=27.460Hz  target=9.640Hz  err=-17.820Hz  corr=-370.47W  u_ff=90.4W  PCAP→78W  power=76.9W
[PID] perf=27.422Hz  target=9.640Hz  err=-17.782Hz  corr=-369.77W  u_ff=90.4W  PCAP→78W  power=77.1W
[PID] perf=27.421Hz  target=9.640Hz  err=-17.781Hz  corr=-369.74W  u_ff=90.4W  PCAP→78W  power=77.2W
[PID] perf=27.388Hz  target=9.640Hz  err=-17.749Hz  corr=-369.14W  u_ff=90.4W  PCAP→78W  power=77.7W
[PID] perf=27.454Hz  target=9.640Hz  err=-17.814Hz  corr=-370.36W  u_ff=90.4W  PCAP→78W  power=77.3W
[PID] perf=27.419Hz  target=9.640Hz  err=-17.779Hz  corr=-369.71W  u_ff=90.4W  PCAP→78W  power=76.5W
[PID] perf=27.391Hz  target=9.640Hz  err=-17.751Hz  corr=-369.19W  u_ff=90.4W  PCAP→78W  power=79.2W
[PID] perf=27.428Hz  target=9.640Hz  err=-17.788Hz  corr=-369.87W  u_ff=90.4W  PCAP→78W  power=78.2W
[PID] perf=27.387Hz  target=9.640Hz  err=-17.747Hz  corr=-369.12W  u_ff=90.4W  PCAP→78W  power=77.3W
[PID] perf=27.397Hz  target=9.640Hz  err=-17.758Hz  corr=-369.31W  u_ff=90.4W  PCAP→78W  power=77.3W
[PID] perf=27.391Hz  target=9.640Hz  err=-17.752Hz  corr=-369.20W  u_ff=90.4W  PCAP→78W  power=78.6W
[PID] perf=27.405Hz  target=9.640Hz  err=-17.765Hz  corr=-369.45W  u_ff=90.4W  PCAP→78W  power=77.3W
[PID] perf=27.434Hz  target=9.640Hz  err=-17.795Hz  corr=-370.00W  u_ff=90.4W  PCAP→78W  power=77.0W
[PID] perf=27.444Hz  target=9.640Hz  err=-17.804Hz  corr=-370.17W  u_ff=90.4W  PCAP→78W  power=77.3W
[PID] perf=27.471Hz  target=9.640Hz  err=-17.832Hz  corr=-370.69W  u_ff=90.4W  PCAP→78W  power=78.5W
[PID] perf=27.476Hz  target=9.640Hz  err=-17.837Hz  corr=-370.77W  u_ff=90.4W  PCAP→78W  power=78.2W
[PID] perf=27.421Hz  target=9.640Hz  err=-17.781Hz  corr=-369.75W  u_ff=90.4W  PCAP→78W  power=79.1W
[PID] perf=27.447Hz  target=9.640Hz  err=-17.807Hz  corr=-370.23W  u_ff=90.4W  PCAP→78W  power=79.2W
[PID] perf=27.433Hz  target=9.640Hz  err=-17.794Hz  corr=-369.98W  u_ff=90.4W  PCAP→78W  power=78.1W
[PID] perf=27.425Hz  target=9.640Hz  err=-17.786Hz  corr=-369.83W  u_ff=90.4W  PCAP→78W  power=79.1W
[PID] perf=27.497Hz  target=9.640Hz  err=-17.858Hz  corr=-371.17W  u_ff=90.4W  PCAP→78W  power=77.9W
[PID] perf=27.492Hz  target=9.640Hz  err=-17.852Hz  corr=-371.06W  u_ff=90.4W  PCAP→78W  power=79.2W
[PID] perf=27.481Hz  target=9.640Hz  err=-17.842Hz  corr=-370.87W  u_ff=90.4W  PCAP→78W  power=76.9W
[PID] perf=27.506Hz  target=9.640Hz  err=-17.866Hz  corr=-371.32W  u_ff=90.4W  PCAP→78W  power=76.5W
[PID] perf=27.447Hz  target=9.640Hz  err=-17.807Hz  corr=-370.23W  u_ff=90.4W  PCAP→78W  power=76.6W
[PID] perf=27.456Hz  target=9.640Hz  err=-17.816Hz  corr=-370.40W  u_ff=90.4W  PCAP→78W  power=78.7W
[PID] perf=27.498Hz  target=9.640Hz  err=-17.859Hz  corr=-371.18W  u_ff=90.4W  PCAP→78W  power=77.9W
[PID] perf=27.472Hz  target=9.640Hz  err=-17.832Hz  corr=-370.69W  u_ff=90.4W  PCAP→78W  power=77.7W
[PID] perf=27.506Hz  target=9.640Hz  err=-17.866Hz  corr=-371.32W  u_ff=90.4W  PCAP→78W  power=77.4W
[PID] perf=27.511Hz  target=9.640Hz  err=-17.871Hz  corr=-371.42W  u_ff=90.4W  PCAP→78W  power=77.7W
[PID] perf=27.511Hz  target=9.640Hz  err=-17.871Hz  corr=-371.41W  u_ff=90.4W  PCAP→78W  power=79.1W
[PID] perf=27.527Hz  target=9.640Hz  err=-17.888Hz  corr=-371.72W  u_ff=90.4W  PCAP→78W  power=76.9W
[PID] perf=27.499Hz  target=9.640Hz  err=-17.859Hz  corr=-371.19W  u_ff=90.4W  PCAP→78W  power=78.5W
[PID] perf=27.502Hz  target=9.640Hz  err=-17.863Hz  corr=-371.26W  u_ff=90.4W  PCAP→78W  power=79.2W
[PID] perf=27.486Hz  target=9.640Hz  err=-17.846Hz  corr=-370.95W  u_ff=90.4W  PCAP→78W  power=77.4W
[PID] perf=27.501Hz  target=9.640Hz  err=-17.861Hz  corr=-371.23W  u_ff=90.4W  PCAP→78W  power=76.3W
[PID] perf=27.477Hz  target=9.640Hz  err=-17.837Hz  corr=-370.79W  u_ff=90.4W  PCAP→78W  power=77.2W
[PID] perf=27.480Hz  target=9.640Hz  err=-17.841Hz  corr=-370.85W  u_ff=90.4W  PCAP→78W  power=78.4W
[PID] perf=27.500Hz  target=9.640Hz  err=-17.861Hz  corr=-371.22W  u_ff=90.4W  PCAP→78W  power=76.7W
[PID] perf=27.495Hz  target=9.640Hz  err=-17.855Hz  corr=-371.12W  u_ff=90.4W  PCAP→78W  power=77.3W
[PID] perf=27.463Hz  target=9.640Hz  err=-17.823Hz  corr=-370.52W  u_ff=90.4W  PCAP→78W  power=77.9W
[PID] perf=27.490Hz  target=9.640Hz  err=-17.851Hz  corr=-371.04W  u_ff=90.4W  PCAP→78W  power=76.5W
[PID] perf=27.473Hz  target=9.640Hz  err=-17.833Hz  corr=-370.71W  u_ff=90.4W  PCAP→78W  power=77.0W
[PID] perf=27.477Hz  target=9.640Hz  err=-17.837Hz  corr=-370.78W  u_ff=90.4W  PCAP→78W  power=77.3W
[PID] perf=27.494Hz  target=9.640Hz  err=-17.855Hz  corr=-371.11W  u_ff=90.4W  PCAP→78W  power=78.3W
[PID] perf=27.522Hz  target=9.640Hz  err=-17.882Hz  corr=-371.62W  u_ff=90.4W  PCAP→78W  power=77.0W
[PID] perf=27.504Hz  target=9.640Hz  err=-17.864Hz  corr=-371.29W  u_ff=90.4W  PCAP→78W  power=78.1W
[PID] perf=27.484Hz  target=9.640Hz  err=-17.845Hz  corr=-370.92W  u_ff=90.4W  PCAP→78W  power=76.6W
[PID] perf=27.454Hz  target=9.640Hz  err=-17.814Hz  corr=-370.36W  u_ff=90.4W  PCAP→78W  power=77.2W
[PID] perf=27.496Hz  target=9.640Hz  err=-17.857Hz  corr=-371.15W  u_ff=90.4W  PCAP→78W  power=77.0W
[PID] perf=27.491Hz  target=9.640Hz  err=-17.851Hz  corr=-371.05W  u_ff=90.4W  PCAP→78W  power=76.2W
[PID] perf=27.481Hz  target=9.640Hz  err=-17.842Hz  corr=-370.87W  u_ff=90.4W  PCAP→78W  power=77.9W
[PID] perf=27.502Hz  target=9.640Hz  err=-17.863Hz  corr=-371.26W  u_ff=90.4W  PCAP→78W  power=78.8W
[PID] perf=27.496Hz  target=9.640Hz  err=-17.856Hz  corr=-371.13W  u_ff=90.4W  PCAP→78W  power=77.0W
[PID] perf=27.489Hz  target=9.640Hz  err=-17.849Hz  corr=-371.01W  u_ff=90.4W  PCAP→78W  power=78.8W
[PID] perf=27.515Hz  target=9.640Hz  err=-17.875Hz  corr=-371.49W  u_ff=90.4W  PCAP→78W  power=77.1W
[PID] perf=27.480Hz  target=9.640Hz  err=-17.841Hz  corr=-370.85W  u_ff=90.4W  PCAP→78W  power=78.2W
[PID] perf=27.448Hz  target=9.640Hz  err=-17.808Hz  corr=-370.24W  u_ff=90.4W  PCAP→78W  power=77.5W
[PID] perf=27.500Hz  target=9.640Hz  err=-17.860Hz  corr=-371.21W  u_ff=90.4W  PCAP→78W  power=76.7W
[PID] perf=27.473Hz  target=9.640Hz  err=-17.833Hz  corr=-370.71W  u_ff=90.4W  PCAP→78W  power=76.9W
[PID] perf=27.459Hz  target=9.640Hz  err=-17.819Hz  corr=-370.45W  u_ff=90.4W  PCAP→78W  power=78.0W
[PID] perf=27.432Hz  target=9.640Hz  err=-17.793Hz  corr=-369.96W  u_ff=90.4W  PCAP→78W  power=76.3W
[PID] perf=27.407Hz  target=9.640Hz  err=-17.767Hz  corr=-369.49W  u_ff=90.4W  PCAP→78W  power=78.1W
[PID] perf=27.329Hz  target=9.640Hz  err=-17.690Hz  corr=-368.05W  u_ff=90.4W  PCAP→78W  power=77.5W
[PID] perf=27.386Hz  target=9.640Hz  err=-17.747Hz  corr=-369.11W  u_ff=90.4W  PCAP→78W  power=77.2W
[PID] perf=27.412Hz  target=9.640Hz  err=-17.772Hz  corr=-369.58W  u_ff=90.4W  PCAP→78W  power=77.6W
[PID] perf=27.364Hz  target=9.640Hz  err=-17.724Hz  corr=-368.69W  u_ff=90.4W  PCAP→78W  power=78.4W
[PID] perf=27.399Hz  target=9.640Hz  err=-17.759Hz  corr=-369.33W  u_ff=90.4W  PCAP→78W  power=77.5W
[PID] perf=27.405Hz  target=9.640Hz  err=-17.765Hz  corr=-369.45W  u_ff=90.4W  PCAP→78W  power=76.4W
[PID] perf=27.393Hz  target=9.640Hz  err=-17.753Hz  corr=-369.23W  u_ff=90.4W  PCAP→78W  power=79.0W
[PID] perf=27.429Hz  target=9.640Hz  err=-17.789Hz  corr=-369.89W  u_ff=90.4W  PCAP→78W  power=78.3W
[PID] perf=27.422Hz  target=9.640Hz  err=-17.783Hz  corr=-369.78W  u_ff=90.4W  PCAP→78W  power=78.9W
[PID] perf=27.385Hz  target=9.640Hz  err=-17.745Hz  corr=-369.08W  u_ff=90.4W  PCAP→78W  power=79.1W
[PID] perf=27.381Hz  target=9.640Hz  err=-17.742Hz  corr=-369.01W  u_ff=90.4W  PCAP→78W  power=77.7W
[PID] perf=27.400Hz  target=9.640Hz  err=-17.760Hz  corr=-369.35W  u_ff=90.4W  PCAP→78W  power=78.0W
[PID] perf=27.388Hz  target=9.640Hz  err=-17.748Hz  corr=-369.13W  u_ff=90.4W  PCAP→78W  power=77.6W
[PID] perf=27.385Hz  target=9.640Hz  err=-17.745Hz  corr=-369.08W  u_ff=90.4W  PCAP→78W  power=77.1W
[PID] perf=27.387Hz  target=9.640Hz  err=-17.748Hz  corr=-369.12W  u_ff=90.4W  PCAP→78W  power=78.1W
[PID] perf=27.373Hz  target=9.640Hz  err=-17.734Hz  corr=-368.87W  u_ff=90.4W  PCAP→78W  power=78.0W
[PID] perf=27.383Hz  target=9.640Hz  err=-17.744Hz  corr=-369.05W  u_ff=90.4W  PCAP→78W  power=77.8W
[PID] perf=27.387Hz  target=9.640Hz  err=-17.747Hz  corr=-369.11W  u_ff=90.4W  PCAP→78W  power=77.3W
[PID] perf=27.398Hz  target=9.640Hz  err=-17.758Hz  corr=-369.32W  u_ff=90.4W  PCAP→78W  power=77.1W
[PID] perf=27.458Hz  target=9.640Hz  err=-17.819Hz  corr=-370.45W  u_ff=90.4W  PCAP→78W  power=76.3W
[PID] perf=27.452Hz  target=9.640Hz  err=-17.813Hz  corr=-370.33W  u_ff=90.4W  PCAP→78W  power=77.7W
[PID] perf=27.437Hz  target=9.640Hz  err=-17.798Hz  corr=-370.05W  u_ff=90.4W  PCAP→78W  power=78.2W
[PID] perf=27.432Hz  target=9.640Hz  err=-17.792Hz  corr=-369.95W  u_ff=90.4W  PCAP→78W  power=76.3W
[PID] perf=27.413Hz  target=9.640Hz  err=-17.773Hz  corr=-369.60W  u_ff=90.4W  PCAP→78W  power=77.0W
[PID] perf=27.405Hz  target=9.640Hz  err=-17.765Hz  corr=-369.45W  u_ff=90.4W  PCAP→78W  power=78.2W
[PID] perf=27.366Hz  target=9.640Hz  err=-17.726Hz  corr=-368.72W  u_ff=90.4W  PCAP→78W  power=78.8W
[PID] perf=27.375Hz  target=9.640Hz  err=-17.735Hz  corr=-368.89W  u_ff=90.4W  PCAP→78W  power=77.8W
[PID] perf=27.349Hz  target=9.640Hz  err=-17.709Hz  corr=-368.41W  u_ff=90.4W  PCAP→78W  power=78.7W
[PID] perf=27.320Hz  target=9.640Hz  err=-17.680Hz  corr=-367.87W  u_ff=90.4W  PCAP→78W  power=79.4W
[PID] perf=27.318Hz  target=9.640Hz  err=-17.678Hz  corr=-367.84W  u_ff=90.4W  PCAP→78W  power=77.3W
[PID] perf=27.303Hz  target=9.640Hz  err=-17.663Hz  corr=-367.55W  u_ff=90.4W  PCAP→78W  power=76.7W
[PID] perf=27.276Hz  target=9.640Hz  err=-17.636Hz  corr=-367.06W  u_ff=90.4W  PCAP→78W  power=76.4W
[PID] perf=27.326Hz  target=9.640Hz  err=-17.687Hz  corr=-367.99W  u_ff=90.4W  PCAP→78W  power=76.6W
[PID] perf=27.317Hz  target=9.640Hz  err=-17.678Hz  corr=-367.83W  u_ff=90.4W  PCAP→78W  power=77.7W
[PID] perf=27.317Hz  target=9.640Hz  err=-17.678Hz  corr=-367.83W  u_ff=90.4W  PCAP→78W  power=79.2W
[PID] perf=27.319Hz  target=9.640Hz  err=-17.679Hz  corr=-367.85W  u_ff=90.4W  PCAP→78W  power=78.8W
[PID] perf=27.316Hz  target=9.640Hz  err=-17.676Hz  corr=-367.80W  u_ff=90.4W  PCAP→78W  power=77.3W
[PID] perf=27.265Hz  target=9.640Hz  err=-17.626Hz  corr=-366.86W  u_ff=90.4W  PCAP→78W  power=77.3W
[PID] perf=27.243Hz  target=9.640Hz  err=-17.603Hz  corr=-366.45W  u_ff=90.4W  PCAP→78W  power=77.5W
[PID] perf=27.276Hz  target=9.640Hz  err=-17.636Hz  corr=-367.05W  u_ff=90.4W  PCAP→78W  power=76.3W
[PID] perf=27.281Hz  target=9.640Hz  err=-17.642Hz  corr=-367.16W  u_ff=90.4W  PCAP→78W  power=77.1W
[PID] perf=27.285Hz  target=9.640Hz  err=-17.645Hz  corr=-367.23W  u_ff=90.4W  PCAP→78W  power=77.5W
[PID] perf=27.268Hz  target=9.640Hz  err=-17.628Hz  corr=-366.91W  u_ff=90.4W  PCAP→78W  power=76.3W
[PID] perf=27.269Hz  target=9.640Hz  err=-17.630Hz  corr=-366.94W  u_ff=90.4W  PCAP→78W  power=77.7W
[PID] perf=27.256Hz  target=9.640Hz  err=-17.617Hz  corr=-366.70W  u_ff=90.4W  PCAP→78W  power=78.5W
[PID] perf=27.237Hz  target=9.640Hz  err=-17.597Hz  corr=-366.33W  u_ff=90.4W  PCAP→78W  power=76.6W
[PID] perf=27.285Hz  target=9.640Hz  err=-17.646Hz  corr=-367.23W  u_ff=90.4W  PCAP→78W  power=78.2W
[PID] perf=27.262Hz  target=9.640Hz  err=-17.622Hz  corr=-366.80W  u_ff=90.4W  PCAP→78W  power=78.8W
[PID] perf=27.270Hz  target=9.640Hz  err=-17.630Hz  corr=-366.94W  u_ff=90.4W  PCAP→78W  power=78.7W
[PID] perf=27.170Hz  target=9.640Hz  err=-17.530Hz  corr=-365.09W  u_ff=90.4W  PCAP→78W  power=78.5W
[PID] perf=27.208Hz  target=9.640Hz  err=-17.568Hz  corr=-365.79W  u_ff=90.4W  PCAP→78W  power=78.3W
[PID] perf=27.322Hz  target=9.640Hz  err=-17.682Hz  corr=-367.91W  u_ff=90.4W  PCAP→78W  power=77.7W
[PID] perf=27.284Hz  target=9.640Hz  err=-17.644Hz  corr=-367.21W  u_ff=90.4W  PCAP→78W  power=77.2W
[PID] perf=27.269Hz  target=9.640Hz  err=-17.630Hz  corr=-366.94W  u_ff=90.4W  PCAP→78W  power=77.1W
[PID] perf=27.254Hz  target=9.640Hz  err=-17.614Hz  corr=-366.65W  u_ff=90.4W  PCAP→78W  power=77.4W
[PID] perf=27.244Hz  target=9.640Hz  err=-17.604Hz  corr=-366.47W  u_ff=90.4W  PCAP→78W  power=79.0W
[PID] perf=27.299Hz  target=9.640Hz  err=-17.659Hz  corr=-367.49W  u_ff=90.4W  PCAP→78W  power=78.3W
[PID] perf=27.310Hz  target=9.640Hz  err=-17.670Hz  corr=-367.69W  u_ff=90.4W  PCAP→78W  power=78.6W
[PID] perf=27.260Hz  target=9.640Hz  err=-17.621Hz  corr=-366.77W  u_ff=90.4W  PCAP→78W  power=79.0W
[PID] perf=27.285Hz  target=9.640Hz  err=-17.646Hz  corr=-367.23W  u_ff=90.4W  PCAP→78W  power=78.1W
[PID] perf=27.305Hz  target=9.640Hz  err=-17.665Hz  corr=-367.59W  u_ff=90.4W  PCAP→78W  power=77.9W
[PID] perf=27.271Hz  target=9.640Hz  err=-17.631Hz  corr=-366.97W  u_ff=90.4W  PCAP→78W  power=78.6W
[PID] perf=27.306Hz  target=9.640Hz  err=-17.667Hz  corr=-367.63W  u_ff=90.4W  PCAP→78W  power=76.9W
[PID] perf=27.319Hz  target=9.640Hz  err=-17.680Hz  corr=-367.86W  u_ff=90.4W  PCAP→78W  power=76.5W
[PID] perf=27.276Hz  target=9.640Hz  err=-17.637Hz  corr=-367.06W  u_ff=90.4W  PCAP→78W  power=77.4W
[PID] perf=27.269Hz  target=9.640Hz  err=-17.629Hz  corr=-366.92W  u_ff=90.4W  PCAP→78W  power=78.0W
[PID] perf=27.238Hz  target=9.640Hz  err=-17.599Hz  corr=-366.36W  u_ff=90.4W  PCAP→78W  power=76.8W
[PID] perf=27.268Hz  target=9.640Hz  err=-17.628Hz  corr=-366.90W  u_ff=90.4W  PCAP→78W  power=77.0W
[PID] perf=27.116Hz  target=9.640Hz  err=-17.476Hz  corr=-364.09W  u_ff=90.4W  PCAP→78W  power=76.3W
[PID] perf=27.289Hz  target=9.640Hz  err=-17.650Hz  corr=-367.30W  u_ff=90.4W  PCAP→78W  power=77.1W
[PID] perf=27.270Hz  target=9.640Hz  err=-17.631Hz  corr=-366.95W  u_ff=90.4W  PCAP→78W  power=76.8W
[PID] perf=27.296Hz  target=9.640Hz  err=-17.656Hz  corr=-367.43W  u_ff=90.4W  PCAP→78W  power=78.3W
[PID] perf=27.310Hz  target=9.640Hz  err=-17.670Hz  corr=-367.69W  u_ff=90.4W  PCAP→78W  power=76.5W
[PID] perf=27.306Hz  target=9.640Hz  err=-17.666Hz  corr=-367.62W  u_ff=90.4W  PCAP→78W  power=76.8W
[PID] perf=27.292Hz  target=9.640Hz  err=-17.652Hz  corr=-367.35W  u_ff=90.4W  PCAP→78W  power=77.2W
[PID] perf=27.293Hz  target=9.640Hz  err=-17.653Hz  corr=-367.37W  u_ff=90.4W  PCAP→78W  power=78.4W
[PID] perf=27.294Hz  target=9.640Hz  err=-17.654Hz  corr=-367.39W  u_ff=90.4W  PCAP→78W  power=79.1W
[PID] perf=27.274Hz  target=9.640Hz  err=-17.634Hz  corr=-367.02W  u_ff=90.4W  PCAP→78W  power=77.8W
[PID] perf=27.276Hz  target=9.640Hz  err=-17.636Hz  corr=-367.06W  u_ff=90.4W  PCAP→78W  power=79.3W
[PID] perf=27.283Hz  target=9.640Hz  err=-17.644Hz  corr=-367.20W  u_ff=90.4W  PCAP→78W  power=78.7W
[PID] perf=27.291Hz  target=9.640Hz  err=-17.651Hz  corr=-367.34W  u_ff=90.4W  PCAP→78W  power=79.3W
[PID] perf=27.242Hz  target=9.640Hz  err=-17.602Hz  corr=-366.43W  u_ff=90.4W  PCAP→78W  power=79.0W
[PID] perf=27.269Hz  target=9.640Hz  err=-17.629Hz  corr=-366.93W  u_ff=90.4W  PCAP→78W  power=78.8W
[PID] perf=27.260Hz  target=9.640Hz  err=-17.621Hz  corr=-366.77W  u_ff=90.4W  PCAP→78W  power=78.8W
[PID] perf=27.237Hz  target=9.640Hz  err=-17.598Hz  corr=-366.34W  u_ff=90.4W  PCAP→78W  power=77.2W
[PID] perf=27.239Hz  target=9.640Hz  err=-17.600Hz  corr=-366.38W  u_ff=90.4W  PCAP→78W  power=78.7W
[PID] perf=27.313Hz  target=9.640Hz  err=-17.674Hz  corr=-367.76W  u_ff=90.4W  PCAP→78W  power=77.1W
[PID] perf=27.241Hz  target=9.640Hz  err=-17.601Hz  corr=-366.41W  u_ff=90.4W  PCAP→78W  power=79.3W
[PID] perf=27.293Hz  target=9.640Hz  err=-17.653Hz  corr=-367.37W  u_ff=90.4W  PCAP→78W  power=77.4W
[PID] perf=27.298Hz  target=9.640Hz  err=-17.658Hz  corr=-367.46W  u_ff=90.4W  PCAP→78W  power=76.3W
[PID] perf=27.217Hz  target=9.640Hz  err=-17.577Hz  corr=-365.96W  u_ff=90.4W  PCAP→78W  power=77.7W
[PID] perf=27.298Hz  target=9.640Hz  err=-17.658Hz  corr=-367.47W  u_ff=90.4W  PCAP→78W  power=76.0W
[PID] perf=27.289Hz  target=9.640Hz  err=-17.649Hz  corr=-367.29W  u_ff=90.4W  PCAP→78W  power=79.0W
[PID] perf=27.303Hz  target=9.640Hz  err=-17.663Hz  corr=-367.55W  u_ff=90.4W  PCAP→78W  power=78.1W
[PID] perf=27.329Hz  target=9.640Hz  err=-17.689Hz  corr=-368.04W  u_ff=90.4W  PCAP→78W  power=79.7W
[PID] perf=27.286Hz  target=9.640Hz  err=-17.646Hz  corr=-367.24W  u_ff=90.4W  PCAP→78W  power=78.2W
[PID] perf=27.277Hz  target=9.640Hz  err=-17.637Hz  corr=-367.08W  u_ff=90.4W  PCAP→78W  power=78.6W
[PID] perf=27.238Hz  target=9.640Hz  err=-17.599Hz  corr=-366.36W  u_ff=90.4W  PCAP→78W  power=77.2W
[PID] perf=27.300Hz  target=9.640Hz  err=-17.660Hz  corr=-367.50W  u_ff=90.4W  PCAP→78W  power=77.5W
[PID] perf=27.299Hz  target=9.640Hz  err=-17.659Hz  corr=-367.48W  u_ff=90.4W  PCAP→78W  power=77.1W
[PID] perf=27.284Hz  target=9.640Hz  err=-17.644Hz  corr=-367.21W  u_ff=90.4W  PCAP→78W  power=76.3W
[PID] perf=27.283Hz  target=9.640Hz  err=-17.644Hz  corr=-367.19W  u_ff=90.4W  PCAP→78W  power=77.7W
[PID] perf=27.286Hz  target=9.640Hz  err=-17.646Hz  corr=-367.24W  u_ff=90.4W  PCAP→78W  power=76.4W
[PID] perf=27.286Hz  target=9.640Hz  err=-17.646Hz  corr=-367.24W  u_ff=90.4W  PCAP→78W  power=77.1W
[PID] perf=27.302Hz  target=9.640Hz  err=-17.663Hz  corr=-367.55W  u_ff=90.4W  PCAP→78W  power=77.5W
[PID] perf=27.303Hz  target=9.640Hz  err=-17.663Hz  corr=-367.55W  u_ff=90.4W  PCAP→78W  power=76.8W
[PID] perf=27.292Hz  target=9.640Hz  err=-17.652Hz  corr=-367.36W  u_ff=90.4W  PCAP→78W  power=77.7W
[PID] perf=27.304Hz  target=9.640Hz  err=-17.664Hz  corr=-367.57W  u_ff=90.4W  PCAP→78W  power=76.8W
[PID] perf=27.274Hz  target=9.640Hz  err=-17.635Hz  corr=-367.03W  u_ff=90.4W  PCAP→78W  power=77.9W
[PID] perf=27.311Hz  target=9.640Hz  err=-17.672Hz  corr=-367.72W  u_ff=90.4W  PCAP→78W  power=78.3W
[PID] perf=27.237Hz  target=9.640Hz  err=-17.597Hz  corr=-366.34W  u_ff=90.4W  PCAP→78W  power=78.4W
[PID] perf=27.265Hz  target=9.640Hz  err=-17.626Hz  corr=-366.86W  u_ff=90.4W  PCAP→78W  power=78.7W
[PID] perf=27.296Hz  target=9.640Hz  err=-17.657Hz  corr=-367.44W  u_ff=90.4W  PCAP→78W  power=79.0W
[PID] perf=27.303Hz  target=9.640Hz  err=-17.663Hz  corr=-367.55W  u_ff=90.4W  PCAP→78W  power=77.5W
[PID] perf=27.304Hz  target=9.640Hz  err=-17.665Hz  corr=-367.58W  u_ff=90.4W  PCAP→78W  power=77.9W
[PID] perf=27.283Hz  target=9.640Hz  err=-17.643Hz  corr=-367.19W  u_ff=90.4W  PCAP→78W  power=77.8W
[PID] perf=27.289Hz  target=9.640Hz  err=-17.650Hz  corr=-367.31W  u_ff=90.4W  PCAP→78W  power=79.0W
[PID] perf=27.298Hz  target=9.640Hz  err=-17.658Hz  corr=-367.47W  u_ff=90.4W  PCAP→78W  power=78.9W
[PID] perf=27.273Hz  target=9.640Hz  err=-17.634Hz  corr=-367.01W  u_ff=90.4W  PCAP→78W  power=78.4W
[PID] perf=27.293Hz  target=9.640Hz  err=-17.654Hz  corr=-367.38W  u_ff=90.4W  PCAP→78W  power=78.2W
[PID] perf=27.274Hz  target=9.640Hz  err=-17.634Hz  corr=-367.02W  u_ff=90.4W  PCAP→78W  power=77.4W
[PID] perf=27.286Hz  target=9.640Hz  err=-17.647Hz  corr=-367.25W  u_ff=90.4W  PCAP→78W  power=78.9W
[PID] perf=27.254Hz  target=9.640Hz  err=-17.614Hz  corr=-366.65W  u_ff=90.4W  PCAP→78W  power=77.4W
[PID] perf=27.260Hz  target=9.640Hz  err=-17.620Hz  corr=-366.76W  u_ff=90.4W  PCAP→78W  power=77.2W
[PID] perf=27.157Hz  target=9.640Hz  err=-17.517Hz  corr=-364.85W  u_ff=90.4W  PCAP→78W  power=78.2W
[PID] perf=27.133Hz  target=9.640Hz  err=-17.494Hz  corr=-364.42W  u_ff=90.4W  PCAP→78W  power=76.7W
[PID] perf=27.135Hz  target=9.640Hz  err=-17.495Hz  corr=-364.44W  u_ff=90.4W  PCAP→78W  power=77.4W
[PID] perf=27.137Hz  target=9.640Hz  err=-17.497Hz  corr=-364.48W  u_ff=90.4W  PCAP→78W  power=77.3W
[PID] perf=27.167Hz  target=9.640Hz  err=-17.527Hz  corr=-365.04W  u_ff=90.4W  PCAP→78W  power=77.2W
[PID] perf=27.147Hz  target=9.640Hz  err=-17.508Hz  corr=-364.67W  u_ff=90.4W  PCAP→78W  power=77.5W
[PID] perf=27.173Hz  target=9.640Hz  err=-17.533Hz  corr=-365.15W  u_ff=90.4W  PCAP→78W  power=78.6W
[PID] perf=27.148Hz  target=9.640Hz  err=-17.509Hz  corr=-364.69W  u_ff=90.4W  PCAP→78W  power=79.2W
[PID] perf=27.166Hz  target=9.640Hz  err=-17.526Hz  corr=-365.02W  u_ff=90.4W  PCAP→78W  power=77.7W
[PID] perf=27.201Hz  target=9.640Hz  err=-17.562Hz  corr=-365.68W  u_ff=90.4W  PCAP→78W  power=78.9W
[PID] perf=27.209Hz  target=9.640Hz  err=-17.569Hz  corr=-365.82W  u_ff=90.4W  PCAP→78W  power=79.0W
[PID] perf=27.209Hz  target=9.640Hz  err=-17.569Hz  corr=-365.82W  u_ff=90.4W  PCAP→78W  power=79.1W
[PID] perf=27.234Hz  target=9.640Hz  err=-17.594Hz  corr=-366.28W  u_ff=90.4W  PCAP→78W  power=79.1W
[PID] perf=27.234Hz  target=9.640Hz  err=-17.594Hz  corr=-366.28W  u_ff=90.4W  PCAP→78W  power=77.3W
[PID] perf=27.197Hz  target=9.640Hz  err=-17.558Hz  corr=-365.60W  u_ff=90.4W  PCAP→78W  power=76.4W
[PID] perf=27.177Hz  target=9.640Hz  err=-17.538Hz  corr=-365.23W  u_ff=90.4W  PCAP→78W  power=77.2W
[PID] perf=27.145Hz  target=9.640Hz  err=-17.505Hz  corr=-364.63W  u_ff=90.4W  PCAP→78W  power=78.3W
[PID] perf=27.120Hz  target=9.640Hz  err=-17.481Hz  corr=-364.17W  u_ff=90.4W  PCAP→78W  power=78.9W
[PID] perf=27.104Hz  target=9.640Hz  err=-17.464Hz  corr=-363.86W  u_ff=90.4W  PCAP→78W  power=77.7W
[PID] perf=27.057Hz  target=9.640Hz  err=-17.417Hz  corr=-363.00W  u_ff=90.4W  PCAP→78W  power=77.0W
[PID] perf=27.085Hz  target=9.640Hz  err=-17.445Hz  corr=-363.52W  u_ff=90.4W  PCAP→78W  power=78.0W
[PID] perf=27.104Hz  target=9.640Hz  err=-17.465Hz  corr=-363.88W  u_ff=90.4W  PCAP→78W  power=77.0W
[PID] perf=27.086Hz  target=9.640Hz  err=-17.446Hz  corr=-363.54W  u_ff=90.4W  PCAP→78W  power=77.9W
[PID] perf=27.114Hz  target=9.640Hz  err=-17.474Hz  corr=-364.05W  u_ff=90.4W  PCAP→78W  power=76.6W
[PID] perf=27.080Hz  target=9.640Hz  err=-17.441Hz  corr=-363.43W  u_ff=90.4W  PCAP→78W  power=79.3W
[PID] perf=27.027Hz  target=9.640Hz  err=-17.387Hz  corr=-362.44W  u_ff=90.4W  PCAP→78W  power=77.2W
[PID] perf=27.106Hz  target=9.640Hz  err=-17.467Hz  corr=-363.91W  u_ff=90.4W  PCAP→78W  power=79.4W
[PID] perf=27.131Hz  target=9.640Hz  err=-17.491Hz  corr=-364.37W  u_ff=90.4W  PCAP→78W  power=78.5W
[PID] perf=27.116Hz  target=9.640Hz  err=-17.476Hz  corr=-364.08W  u_ff=90.4W  PCAP→78W  power=79.0W
[PID] perf=27.120Hz  target=9.640Hz  err=-17.480Hz  corr=-364.17W  u_ff=90.4W  PCAP→78W  power=79.2W
[PID] perf=27.136Hz  target=9.640Hz  err=-17.496Hz  corr=-364.46W  u_ff=90.4W  PCAP→78W  power=78.6W
[PID] perf=27.125Hz  target=9.640Hz  err=-17.486Hz  corr=-364.26W  u_ff=90.4W  PCAP→78W  power=79.1W
[PID] perf=27.113Hz  target=9.640Hz  err=-17.473Hz  corr=-364.04W  u_ff=90.4W  PCAP→78W  power=77.9W
[PID] perf=27.071Hz  target=9.640Hz  err=-17.431Hz  corr=-363.26W  u_ff=90.4W  PCAP→78W  power=79.0W
[PID] perf=27.062Hz  target=9.640Hz  err=-17.423Hz  corr=-363.10W  u_ff=90.4W  PCAP→78W  power=78.5W
[PID] perf=27.055Hz  target=9.640Hz  err=-17.415Hz  corr=-362.96W  u_ff=90.4W  PCAP→78W  power=76.9W
[PID] perf=27.071Hz  target=9.640Hz  err=-17.431Hz  corr=-363.26W  u_ff=90.4W  PCAP→78W  power=76.7W
[PID] perf=27.119Hz  target=9.640Hz  err=-17.480Hz  corr=-364.16W  u_ff=90.4W  PCAP→78W  power=76.3W
[PID] perf=27.113Hz  target=9.640Hz  err=-17.473Hz  corr=-364.04W  u_ff=90.4W  PCAP→78W  power=76.8W
[PID] perf=27.069Hz  target=9.640Hz  err=-17.429Hz  corr=-363.22W  u_ff=90.4W  PCAP→78W  power=77.4W
[PID] perf=27.083Hz  target=9.640Hz  err=-17.444Hz  corr=-363.48W  u_ff=90.4W  PCAP→78W  power=79.5W
[PID] perf=26.897Hz  target=9.640Hz  err=-17.257Hz  corr=-360.02W  u_ff=90.4W  PCAP→78W  power=78.9W
[PID] perf=26.920Hz  target=9.640Hz  err=-17.280Hz  corr=-360.46W  u_ff=90.4W  PCAP→78W  power=78.0W
[PID] perf=26.979Hz  target=9.640Hz  err=-17.339Hz  corr=-361.55W  u_ff=90.4W  PCAP→78W  power=77.6W
[PID] perf=26.944Hz  target=9.640Hz  err=-17.305Hz  corr=-360.91W  u_ff=90.4W  PCAP→78W  power=78.7W
[PID] perf=26.977Hz  target=9.640Hz  err=-17.338Hz  corr=-361.52W  u_ff=90.4W  PCAP→78W  power=78.5W
[PID] perf=26.917Hz  target=9.640Hz  err=-17.278Hz  corr=-360.41W  u_ff=90.4W  PCAP→78W  power=79.3W
[PID] perf=26.961Hz  target=9.640Hz  err=-17.322Hz  corr=-361.22W  u_ff=90.4W  PCAP→78W  power=79.1W
[PID] perf=26.938Hz  target=9.640Hz  err=-17.299Hz  corr=-360.80W  u_ff=90.4W  PCAP→78W  power=78.7W
[PID] perf=26.934Hz  target=9.640Hz  err=-17.295Hz  corr=-360.73W  u_ff=90.4W  PCAP→78W  power=79.5W
[PID] perf=26.869Hz  target=9.640Hz  err=-17.229Hz  corr=-359.51W  u_ff=90.4W  PCAP→78W  power=78.3W
[PID] perf=26.910Hz  target=9.640Hz  err=-17.271Hz  corr=-360.28W  u_ff=90.4W  PCAP→78W  power=78.9W
[PID] perf=26.946Hz  target=9.640Hz  err=-17.307Hz  corr=-360.94W  u_ff=90.4W  PCAP→78W  power=78.4W
[PID] perf=26.904Hz  target=9.640Hz  err=-17.265Hz  corr=-360.17W  u_ff=90.4W  PCAP→78W  power=78.7W
[PID] perf=26.976Hz  target=9.640Hz  err=-17.336Hz  corr=-361.49W  u_ff=90.4W  PCAP→78W  power=78.1W
[PID] perf=26.962Hz  target=9.640Hz  err=-17.322Hz  corr=-361.24W  u_ff=90.4W  PCAP→78W  power=78.5W
[PID] perf=26.900Hz  target=9.640Hz  err=-17.260Hz  corr=-360.09W  u_ff=90.4W  PCAP→78W  power=77.9W
[PID] perf=26.872Hz  target=9.640Hz  err=-17.232Hz  corr=-359.57W  u_ff=90.4W  PCAP→78W  power=78.3W
[PID] perf=26.895Hz  target=9.640Hz  err=-17.256Hz  corr=-360.00W  u_ff=90.4W  PCAP→78W  power=77.7W
[PID] perf=26.918Hz  target=9.640Hz  err=-17.278Hz  corr=-360.42W  u_ff=90.4W  PCAP→78W  power=77.6W
[PID] perf=26.924Hz  target=9.640Hz  err=-17.285Hz  corr=-360.54W  u_ff=90.4W  PCAP→78W  power=76.9W
[PID] perf=26.924Hz  target=9.640Hz  err=-17.284Hz  corr=-360.52W  u_ff=90.4W  PCAP→78W  power=78.4W
[PID] perf=26.900Hz  target=9.640Hz  err=-17.261Hz  corr=-360.09W  u_ff=90.4W  PCAP→78W  power=78.1W
[PID] perf=26.899Hz  target=9.640Hz  err=-17.260Hz  corr=-360.08W  u_ff=90.4W  PCAP→78W  power=76.5W
[PID] perf=26.920Hz  target=9.640Hz  err=-17.280Hz  corr=-360.46W  u_ff=90.4W  PCAP→78W  power=77.0W
[PID] perf=26.913Hz  target=9.640Hz  err=-17.273Hz  corr=-360.33W  u_ff=90.4W  PCAP→78W  power=77.8W
[PID] perf=26.882Hz  target=9.640Hz  err=-17.242Hz  corr=-359.75W  u_ff=90.4W  PCAP→78W  power=77.7W
[PID] perf=26.918Hz  target=9.640Hz  err=-17.278Hz  corr=-360.42W  u_ff=90.4W  PCAP→78W  power=77.9W
[PID] perf=26.927Hz  target=9.640Hz  err=-17.288Hz  corr=-360.59W  u_ff=90.4W  PCAP→78W  power=79.4W
[PID] perf=26.918Hz  target=9.640Hz  err=-17.278Hz  corr=-360.42W  u_ff=90.4W  PCAP→78W  power=77.6W
[PID] perf=26.942Hz  target=9.640Hz  err=-17.302Hz  corr=-360.86W  u_ff=90.4W  PCAP→78W  power=78.3W
[PID] perf=26.936Hz  target=9.640Hz  err=-17.296Hz  corr=-360.76W  u_ff=90.4W  PCAP→78W  power=79.0W
[PID] perf=26.947Hz  target=9.640Hz  err=-17.307Hz  corr=-360.96W  u_ff=90.4W  PCAP→78W  power=78.3W
[PID] perf=26.945Hz  target=9.640Hz  err=-17.305Hz  corr=-360.92W  u_ff=90.4W  PCAP→78W  power=78.6W
[PID] perf=26.911Hz  target=9.640Hz  err=-17.271Hz  corr=-360.29W  u_ff=90.4W  PCAP→78W  power=77.7W
[PID] perf=26.921Hz  target=9.640Hz  err=-17.281Hz  corr=-360.47W  u_ff=90.4W  PCAP→78W  power=77.0W
[PID] perf=26.890Hz  target=9.640Hz  err=-17.251Hz  corr=-359.91W  u_ff=90.4W  PCAP→78W  power=79.0W
[PID] perf=26.880Hz  target=9.640Hz  err=-17.241Hz  corr=-359.72W  u_ff=90.4W  PCAP→78W  power=77.0W
[PID] perf=26.916Hz  target=9.640Hz  err=-17.276Hz  corr=-360.38W  u_ff=90.4W  PCAP→78W  power=76.4W
[PID] perf=26.874Hz  target=9.640Hz  err=-17.234Hz  corr=-359.60W  u_ff=90.4W  PCAP→78W  power=77.8W
[PID] perf=26.877Hz  target=9.640Hz  err=-17.237Hz  corr=-359.66W  u_ff=90.4W  PCAP→78W  power=78.3W
[PID] perf=26.851Hz  target=9.640Hz  err=-17.212Hz  corr=-359.18W  u_ff=90.4W  PCAP→78W  power=78.6W
[PID] perf=26.886Hz  target=9.640Hz  err=-17.246Hz  corr=-359.82W  u_ff=90.4W  PCAP→78W  power=78.8W
[PID] perf=26.878Hz  target=9.640Hz  err=-17.239Hz  corr=-359.69W  u_ff=90.4W  PCAP→78W  power=79.2W
[PID] perf=26.887Hz  target=9.640Hz  err=-17.248Hz  corr=-359.85W  u_ff=90.4W  PCAP→78W  power=77.6W
[PID] perf=26.912Hz  target=9.640Hz  err=-17.273Hz  corr=-360.32W  u_ff=90.4W  PCAP→78W  power=77.3W
[PID] perf=26.945Hz  target=9.640Hz  err=-17.306Hz  corr=-360.93W  u_ff=90.4W  PCAP→78W  power=79.2W
[PID] perf=26.918Hz  target=9.640Hz  err=-17.279Hz  corr=-360.43W  u_ff=90.4W  PCAP→78W  power=78.5W
[PID] perf=26.939Hz  target=9.640Hz  err=-17.299Hz  corr=-360.81W  u_ff=90.4W  PCAP→78W  power=78.6W
[PID] perf=26.947Hz  target=9.640Hz  err=-17.307Hz  corr=-360.95W  u_ff=90.4W  PCAP→78W  power=78.1W
[PID] perf=26.911Hz  target=9.640Hz  err=-17.271Hz  corr=-360.28W  u_ff=90.4W  PCAP→78W  power=78.9W
[PID] perf=26.818Hz  target=9.640Hz  err=-17.179Hz  corr=-358.57W  u_ff=90.4W  PCAP→78W  power=78.2W
[PID] perf=26.933Hz  target=9.640Hz  err=-17.293Hz  corr=-360.69W  u_ff=90.4W  PCAP→78W  power=78.7W
[PID] perf=26.945Hz  target=9.640Hz  err=-17.306Hz  corr=-360.93W  u_ff=90.4W  PCAP→78W  power=78.6W
[PID] perf=26.941Hz  target=9.640Hz  err=-17.301Hz  corr=-360.85W  u_ff=90.4W  PCAP→78W  power=77.2W
[PID] perf=26.894Hz  target=9.640Hz  err=-17.254Hz  corr=-359.98W  u_ff=90.4W  PCAP→78W  power=78.4W
[PID] perf=26.887Hz  target=9.640Hz  err=-17.247Hz  corr=-359.84W  u_ff=90.4W  PCAP→78W  power=78.5W
[PID] perf=26.906Hz  target=9.640Hz  err=-17.266Hz  corr=-360.19W  u_ff=90.4W  PCAP→78W  power=79.2W
[PID] perf=26.895Hz  target=9.640Hz  err=-17.255Hz  corr=-360.00W  u_ff=90.4W  PCAP→78W  power=79.1W
[PID] perf=26.909Hz  target=9.640Hz  err=-17.270Hz  corr=-360.26W  u_ff=90.4W  PCAP→78W  power=77.5W
[PID] perf=26.931Hz  target=9.640Hz  err=-17.292Hz  corr=-360.67W  u_ff=90.4W  PCAP→78W  power=78.0W
[PID] perf=26.864Hz  target=9.640Hz  err=-17.225Hz  corr=-359.43W  u_ff=90.4W  PCAP→78W  power=77.6W
[PID] perf=26.864Hz  target=9.640Hz  err=-17.224Hz  corr=-359.42W  u_ff=90.4W  PCAP→78W  power=77.6W
[PID] perf=26.908Hz  target=9.640Hz  err=-17.268Hz  corr=-360.24W  u_ff=90.4W  PCAP→78W  power=78.8W
[PID] perf=26.895Hz  target=9.640Hz  err=-17.255Hz  corr=-360.00W  u_ff=90.4W  PCAP→78W  power=77.3W
[PID] perf=26.887Hz  target=9.640Hz  err=-17.248Hz  corr=-359.85W  u_ff=90.4W  PCAP→78W  power=77.6W
[PID] perf=26.858Hz  target=9.640Hz  err=-17.218Hz  corr=-359.31W  u_ff=90.4W  PCAP→78W  power=78.3W
[PID] perf=26.844Hz  target=9.640Hz  err=-17.205Hz  corr=-359.06W  u_ff=90.4W  PCAP→78W  power=77.7W
[PID] perf=26.868Hz  target=9.640Hz  err=-17.229Hz  corr=-359.50W  u_ff=90.4W  PCAP→78W  power=77.9W
[PID] perf=26.858Hz  target=9.640Hz  err=-17.218Hz  corr=-359.31W  u_ff=90.4W  PCAP→78W  power=78.5W
[PID] perf=26.895Hz  target=9.640Hz  err=-17.255Hz  corr=-360.00W  u_ff=90.4W  PCAP→78W  power=79.4W
[PID] perf=26.245Hz  target=9.640Hz  err=-16.605Hz  corr=-347.94W  u_ff=90.4W  PCAP→78W  power=78.0W
[PID] perf=26.204Hz  target=9.640Hz  err=-16.564Hz  corr=-347.17W  u_ff=90.4W  PCAP→78W  power=76.6W
[PID] perf=26.236Hz  target=9.640Hz  err=-16.597Hz  corr=-347.78W  u_ff=90.4W  PCAP→78W  power=77.6W
[PID] perf=26.202Hz  target=9.640Hz  err=-16.562Hz  corr=-347.14W  u_ff=90.4W  PCAP→78W  power=76.6W
[PID] perf=26.180Hz  target=9.640Hz  err=-16.540Hz  corr=-346.74W  u_ff=90.4W  PCAP→78W  power=77.5W
[PID] perf=26.211Hz  target=9.640Hz  err=-16.571Hz  corr=-347.31W  u_ff=90.4W  PCAP→78W  power=78.4W
[PID] perf=26.190Hz  target=9.640Hz  err=-16.550Hz  corr=-346.91W  u_ff=90.4W  PCAP→78W  power=77.3W
[PID] perf=26.178Hz  target=9.640Hz  err=-16.539Hz  corr=-346.70W  u_ff=90.4W  PCAP→78W  power=77.5W
[PID] perf=26.176Hz  target=9.640Hz  err=-16.537Hz  corr=-346.67W  u_ff=90.4W  PCAP→78W  power=76.8W
[PID] perf=26.145Hz  target=9.640Hz  err=-16.505Hz  corr=-346.08W  u_ff=90.4W  PCAP→78W  power=77.4W
[PID] perf=26.171Hz  target=9.640Hz  err=-16.531Hz  corr=-346.56W  u_ff=90.4W  PCAP→78W  power=79.0W
[PID] perf=26.160Hz  target=9.640Hz  err=-16.521Hz  corr=-346.37W  u_ff=90.4W  PCAP→78W  power=79.4W
[PID] perf=26.153Hz  target=9.640Hz  err=-16.514Hz  corr=-346.24W  u_ff=90.4W  PCAP→78W  power=78.6W
[PID] perf=26.158Hz  target=9.640Hz  err=-16.518Hz  corr=-346.33W  u_ff=90.4W  PCAP→78W  power=78.9W
[PID] perf=26.179Hz  target=9.640Hz  err=-16.540Hz  corr=-346.72W  u_ff=90.4W  PCAP→78W  power=79.0W
[PID] perf=26.542Hz  target=9.640Hz  err=-16.903Hz  corr=-353.45W  u_ff=90.4W  PCAP→78W  power=78.3W
[PID] perf=26.438Hz  target=9.640Hz  err=-16.798Hz  corr=-351.52W  u_ff=90.4W  PCAP→78W  power=79.0W
[PID] perf=26.463Hz  target=9.640Hz  err=-16.824Hz  corr=-351.99W  u_ff=90.4W  PCAP→78W  power=78.5W
[PID] perf=26.458Hz  target=9.640Hz  err=-16.819Hz  corr=-351.90W  u_ff=90.4W  PCAP→78W  power=78.7W
[PID] perf=26.455Hz  target=9.640Hz  err=-16.816Hz  corr=-351.84W  u_ff=90.4W  PCAP→78W  power=76.2W
[PID] perf=26.460Hz  target=9.640Hz  err=-16.820Hz  corr=-351.93W  u_ff=90.4W  PCAP→78W  power=78.8W
[PID] perf=26.501Hz  target=9.640Hz  err=-16.861Hz  corr=-352.68W  u_ff=90.4W  PCAP→78W  power=78.1W
[PID] perf=26.515Hz  target=9.640Hz  err=-16.875Hz  corr=-352.94W  u_ff=90.4W  PCAP→78W  power=77.4W
[PID] perf=26.528Hz  target=9.640Hz  err=-16.888Hz  corr=-353.18W  u_ff=90.4W  PCAP→78W  power=78.1W
[PID] perf=26.514Hz  target=9.640Hz  err=-16.875Hz  corr=-352.94W  u_ff=90.4W  PCAP→78W  power=78.1W
[PID] perf=26.560Hz  target=9.640Hz  err=-16.921Hz  corr=-353.79W  u_ff=90.4W  PCAP→78W  power=78.4W
[PID] perf=26.577Hz  target=9.640Hz  err=-16.937Hz  corr=-354.10W  u_ff=90.4W  PCAP→78W  power=79.0W
[PID] perf=26.509Hz  target=9.640Hz  err=-16.869Hz  corr=-352.84W  u_ff=90.4W  PCAP→78W  power=78.4W
[PID] perf=26.513Hz  target=9.640Hz  err=-16.874Hz  corr=-352.92W  u_ff=90.4W  PCAP→78W  power=77.9W
Process completed.
Compressed into /home/cc/summer2024/main_codes/pid_controller/../experiment_data/PID_Control_sweep/ones-npb-cg/compressed_iteration_20260513_052412.tar
----------------------------------
