
>>> Step 1/3

[ones-npb-cg]
  target perf      : 9.2362 Hz
  coefficients_perf: [-0.0006547837485238978, 0.18607436314256556, -1.8317688501798497]
  feedforward PCAP : 84.77 W  →  83 W (snapped)
  Perf(u_ff) check : 9.2362 Hz  (should ≈ target)
  PID gains        : Kp=18.5447 W/Hz  Ki=1.85447 W/(Hz·s)  Kd=0.0000
[PID] Awaiting data — feedforward PCAP=83W
[PID] Awaiting data — feedforward PCAP=83W
[PID] Awaiting data — feedforward PCAP=83W
[PID] Awaiting data — feedforward PCAP=83W
[PID] Awaiting data — feedforward PCAP=83W
[PID] Awaiting data — feedforward PCAP=83W
[PID] perf=18.731Hz  target=9.236Hz  err=-9.495Hz  corr=-211.30W  u_ff=84.8W  PCAP→78W  power=nanW
[PID] perf=18.123Hz  target=9.236Hz  err=-8.887Hz  corr=-204.80W  u_ff=84.8W  PCAP→78W  power=78.1W
[PID] perf=18.192Hz  target=9.236Hz  err=-8.956Hz  corr=-206.09W  u_ff=84.8W  PCAP→78W  power=76.5W
[PID] perf=18.191Hz  target=9.236Hz  err=-8.955Hz  corr=-206.06W  u_ff=84.8W  PCAP→78W  power=77.4W
[PID] perf=18.186Hz  target=9.236Hz  err=-8.950Hz  corr=-205.98W  u_ff=84.8W  PCAP→78W  power=78.1W
[PID] perf=18.177Hz  target=9.236Hz  err=-8.941Hz  corr=-205.81W  u_ff=84.8W  PCAP→78W  power=77.6W
[PID] perf=18.191Hz  target=9.236Hz  err=-8.955Hz  corr=-206.06W  u_ff=84.8W  PCAP→78W  power=78.6W
[PID] perf=18.177Hz  target=9.236Hz  err=-8.941Hz  corr=-205.80W  u_ff=84.8W  PCAP→78W  power=78.7W
[PID] perf=18.147Hz  target=9.236Hz  err=-8.911Hz  corr=-205.25W  u_ff=84.8W  PCAP→78W  power=78.2W
[PID] perf=18.172Hz  target=9.236Hz  err=-8.936Hz  corr=-205.71W  u_ff=84.8W  PCAP→78W  power=78.7W
[PID] perf=18.159Hz  target=9.236Hz  err=-8.923Hz  corr=-205.48W  u_ff=84.8W  PCAP→78W  power=78.2W
[PID] perf=18.142Hz  target=9.236Hz  err=-8.906Hz  corr=-205.15W  u_ff=84.8W  PCAP→78W  power=76.9W
[PID] perf=18.156Hz  target=9.236Hz  err=-8.920Hz  corr=-205.42W  u_ff=84.8W  PCAP→78W  power=78.6W
[PID] perf=18.200Hz  target=9.236Hz  err=-8.964Hz  corr=-206.23W  u_ff=84.8W  PCAP→78W  power=76.9W
[PID] perf=18.193Hz  target=9.236Hz  err=-8.956Hz  corr=-206.09W  u_ff=84.8W  PCAP→78W  power=76.5W
[PID] perf=18.195Hz  target=9.236Hz  err=-8.959Hz  corr=-206.14W  u_ff=84.8W  PCAP→78W  power=78.3W
[PID] perf=18.176Hz  target=9.236Hz  err=-8.940Hz  corr=-205.79W  u_ff=84.8W  PCAP→78W  power=77.4W
[PID] perf=18.167Hz  target=9.236Hz  err=-8.931Hz  corr=-205.62W  u_ff=84.8W  PCAP→78W  power=78.0W
[PID] perf=18.170Hz  target=9.236Hz  err=-8.933Hz  corr=-205.67W  u_ff=84.8W  PCAP→78W  power=77.8W
[PID] perf=18.169Hz  target=9.236Hz  err=-8.933Hz  corr=-205.65W  u_ff=84.8W  PCAP→78W  power=77.6W
[PID] perf=18.215Hz  target=9.236Hz  err=-8.979Hz  corr=-206.51W  u_ff=84.8W  PCAP→78W  power=76.8W
[PID] perf=29.285Hz  target=9.236Hz  err=-20.048Hz  corr=-411.79W  u_ff=84.8W  PCAP→78W  power=77.8W
[PID] perf=29.352Hz  target=9.236Hz  err=-20.116Hz  corr=-413.05W  u_ff=84.8W  PCAP→78W  power=79.2W
[PID] perf=29.364Hz  target=9.236Hz  err=-20.128Hz  corr=-413.26W  u_ff=84.8W  PCAP→78W  power=76.4W
[PID] perf=29.346Hz  target=9.236Hz  err=-20.109Hz  corr=-412.92W  u_ff=84.8W  PCAP→78W  power=78.3W
[PID] perf=29.347Hz  target=9.236Hz  err=-20.111Hz  corr=-412.95W  u_ff=84.8W  PCAP→78W  power=78.7W
[PID] perf=29.361Hz  target=9.236Hz  err=-20.125Hz  corr=-413.21W  u_ff=84.8W  PCAP→78W  power=78.0W
[PID] perf=29.340Hz  target=9.236Hz  err=-20.103Hz  corr=-412.81W  u_ff=84.8W  PCAP→78W  power=78.1W
[PID] perf=29.340Hz  target=9.236Hz  err=-20.104Hz  corr=-412.82W  u_ff=84.8W  PCAP→78W  power=79.0W
[PID] perf=29.347Hz  target=9.236Hz  err=-20.111Hz  corr=-412.96W  u_ff=84.8W  PCAP→78W  power=76.8W
[PID] perf=29.368Hz  target=9.236Hz  err=-20.131Hz  corr=-413.33W  u_ff=84.8W  PCAP→78W  power=78.5W
[PID] perf=29.351Hz  target=9.236Hz  err=-20.115Hz  corr=-413.02W  u_ff=84.8W  PCAP→78W  power=77.7W
[PID] perf=29.362Hz  target=9.236Hz  err=-20.126Hz  corr=-413.22W  u_ff=84.8W  PCAP→78W  power=77.7W
[PID] perf=29.360Hz  target=9.236Hz  err=-20.124Hz  corr=-413.20W  u_ff=84.8W  PCAP→78W  power=79.8W
[PID] perf=29.349Hz  target=9.236Hz  err=-20.113Hz  corr=-412.98W  u_ff=84.8W  PCAP→78W  power=77.3W
[PID] perf=29.360Hz  target=9.236Hz  err=-20.124Hz  corr=-413.20W  u_ff=84.8W  PCAP→78W  power=78.4W
[PID] perf=29.350Hz  target=9.236Hz  err=-20.114Hz  corr=-413.01W  u_ff=84.8W  PCAP→78W  power=77.8W
[PID] perf=29.349Hz  target=9.236Hz  err=-20.113Hz  corr=-412.98W  u_ff=84.8W  PCAP→78W  power=76.4W
[PID] perf=29.323Hz  target=9.236Hz  err=-20.087Hz  corr=-412.50W  u_ff=84.8W  PCAP→78W  power=77.1W
[PID] perf=29.367Hz  target=9.236Hz  err=-20.131Hz  corr=-413.32W  u_ff=84.8W  PCAP→78W  power=79.4W
[PID] perf=29.343Hz  target=9.236Hz  err=-20.107Hz  corr=-412.87W  u_ff=84.8W  PCAP→78W  power=79.0W
[PID] perf=29.339Hz  target=9.236Hz  err=-20.103Hz  corr=-412.80W  u_ff=84.8W  PCAP→78W  power=78.0W
[PID] perf=29.354Hz  target=9.236Hz  err=-20.118Hz  corr=-413.08W  u_ff=84.8W  PCAP→78W  power=78.6W
[PID] perf=29.348Hz  target=9.236Hz  err=-20.112Hz  corr=-412.97W  u_ff=84.8W  PCAP→78W  power=79.1W
[PID] perf=29.346Hz  target=9.236Hz  err=-20.110Hz  corr=-412.93W  u_ff=84.8W  PCAP→78W  power=76.8W
[PID] perf=29.357Hz  target=9.236Hz  err=-20.120Hz  corr=-413.13W  u_ff=84.8W  PCAP→78W  power=76.9W
[PID] perf=29.365Hz  target=9.236Hz  err=-20.129Hz  corr=-413.29W  u_ff=84.8W  PCAP→78W  power=78.8W
[PID] perf=29.339Hz  target=9.236Hz  err=-20.103Hz  corr=-412.79W  u_ff=84.8W  PCAP→78W  power=77.2W
[PID] perf=29.335Hz  target=9.236Hz  err=-20.099Hz  corr=-412.73W  u_ff=84.8W  PCAP→78W  power=77.7W
[PID] perf=29.341Hz  target=9.236Hz  err=-20.105Hz  corr=-412.84W  u_ff=84.8W  PCAP→78W  power=77.1W
[PID] perf=29.364Hz  target=9.236Hz  err=-20.128Hz  corr=-413.27W  u_ff=84.8W  PCAP→78W  power=79.7W
[PID] perf=29.353Hz  target=9.236Hz  err=-20.117Hz  corr=-413.07W  u_ff=84.8W  PCAP→78W  power=79.4W
[PID] perf=29.331Hz  target=9.236Hz  err=-20.095Hz  corr=-412.65W  u_ff=84.8W  PCAP→78W  power=76.4W
[PID] perf=29.343Hz  target=9.236Hz  err=-20.107Hz  corr=-412.87W  u_ff=84.8W  PCAP→78W  power=78.9W
[PID] perf=29.342Hz  target=9.236Hz  err=-20.105Hz  corr=-412.85W  u_ff=84.8W  PCAP→78W  power=77.4W
[PID] perf=29.338Hz  target=9.236Hz  err=-20.101Hz  corr=-412.77W  u_ff=84.8W  PCAP→78W  power=76.8W
[PID] perf=29.357Hz  target=9.236Hz  err=-20.121Hz  corr=-413.13W  u_ff=84.8W  PCAP→78W  power=77.3W
[PID] perf=29.362Hz  target=9.236Hz  err=-20.126Hz  corr=-413.23W  u_ff=84.8W  PCAP→78W  power=77.4W
[PID] perf=29.355Hz  target=9.236Hz  err=-20.119Hz  corr=-413.09W  u_ff=84.8W  PCAP→78W  power=76.2W
[PID] perf=29.341Hz  target=9.236Hz  err=-20.105Hz  corr=-412.84W  u_ff=84.8W  PCAP→78W  power=78.9W
[PID] perf=29.360Hz  target=9.236Hz  err=-20.123Hz  corr=-413.18W  u_ff=84.8W  PCAP→78W  power=78.5W
[PID] perf=29.334Hz  target=9.236Hz  err=-20.098Hz  corr=-412.71W  u_ff=84.8W  PCAP→78W  power=77.0W
[PID] perf=29.335Hz  target=9.236Hz  err=-20.098Hz  corr=-412.72W  u_ff=84.8W  PCAP→78W  power=78.5W
[PID] perf=29.354Hz  target=9.236Hz  err=-20.117Hz  corr=-413.07W  u_ff=84.8W  PCAP→78W  power=77.9W
[PID] perf=29.366Hz  target=9.236Hz  err=-20.129Hz  corr=-413.29W  u_ff=84.8W  PCAP→78W  power=77.0W
[PID] perf=29.359Hz  target=9.236Hz  err=-20.123Hz  corr=-413.17W  u_ff=84.8W  PCAP→78W  power=79.2W
[PID] perf=29.335Hz  target=9.236Hz  err=-20.099Hz  corr=-412.73W  u_ff=84.8W  PCAP→78W  power=77.6W
[PID] perf=29.361Hz  target=9.236Hz  err=-20.125Hz  corr=-413.21W  u_ff=84.8W  PCAP→78W  power=77.7W
[PID] perf=29.376Hz  target=9.236Hz  err=-20.140Hz  corr=-413.49W  u_ff=84.8W  PCAP→78W  power=78.2W
[PID] perf=29.356Hz  target=9.236Hz  err=-20.120Hz  corr=-413.12W  u_ff=84.8W  PCAP→78W  power=78.9W
[PID] perf=29.338Hz  target=9.236Hz  err=-20.102Hz  corr=-412.78W  u_ff=84.8W  PCAP→78W  power=79.0W
[PID] perf=29.354Hz  target=9.236Hz  err=-20.118Hz  corr=-413.09W  u_ff=84.8W  PCAP→78W  power=78.2W
[PID] perf=29.320Hz  target=9.236Hz  err=-20.084Hz  corr=-412.45W  u_ff=84.8W  PCAP→78W  power=77.6W
[PID] perf=29.333Hz  target=9.236Hz  err=-20.097Hz  corr=-412.69W  u_ff=84.8W  PCAP→78W  power=79.0W
[PID] perf=29.363Hz  target=9.236Hz  err=-20.127Hz  corr=-413.25W  u_ff=84.8W  PCAP→78W  power=78.3W
[PID] perf=29.348Hz  target=9.236Hz  err=-20.112Hz  corr=-412.96W  u_ff=84.8W  PCAP→78W  power=78.8W
[PID] perf=29.359Hz  target=9.236Hz  err=-20.123Hz  corr=-413.18W  u_ff=84.8W  PCAP→78W  power=77.0W
[PID] perf=29.361Hz  target=9.236Hz  err=-20.125Hz  corr=-413.20W  u_ff=84.8W  PCAP→78W  power=79.7W
[PID] perf=29.362Hz  target=9.236Hz  err=-20.125Hz  corr=-413.22W  u_ff=84.8W  PCAP→78W  power=77.2W
[PID] perf=29.340Hz  target=9.236Hz  err=-20.103Hz  corr=-412.81W  u_ff=84.8W  PCAP→78W  power=78.9W
[PID] perf=29.324Hz  target=9.236Hz  err=-20.088Hz  corr=-412.52W  u_ff=84.8W  PCAP→78W  power=78.4W
[PID] perf=29.367Hz  target=9.236Hz  err=-20.131Hz  corr=-413.32W  u_ff=84.8W  PCAP→78W  power=79.0W
[PID] perf=29.357Hz  target=9.236Hz  err=-20.121Hz  corr=-413.14W  u_ff=84.8W  PCAP→78W  power=77.3W
[PID] perf=29.352Hz  target=9.236Hz  err=-20.115Hz  corr=-413.03W  u_ff=84.8W  PCAP→78W  power=77.4W
[PID] perf=29.375Hz  target=9.236Hz  err=-20.139Hz  corr=-413.47W  u_ff=84.8W  PCAP→78W  power=79.0W
[PID] perf=29.347Hz  target=9.236Hz  err=-20.110Hz  corr=-412.94W  u_ff=84.8W  PCAP→78W  power=77.1W
[PID] perf=29.353Hz  target=9.236Hz  err=-20.117Hz  corr=-413.07W  u_ff=84.8W  PCAP→78W  power=77.6W
[PID] perf=29.361Hz  target=9.236Hz  err=-20.124Hz  corr=-413.20W  u_ff=84.8W  PCAP→78W  power=77.2W
[PID] perf=29.356Hz  target=9.236Hz  err=-20.119Hz  corr=-413.11W  u_ff=84.8W  PCAP→78W  power=78.5W
[PID] perf=29.362Hz  target=9.236Hz  err=-20.126Hz  corr=-413.23W  u_ff=84.8W  PCAP→78W  power=78.1W
[PID] perf=29.378Hz  target=9.236Hz  err=-20.142Hz  corr=-413.52W  u_ff=84.8W  PCAP→78W  power=79.2W
[PID] perf=29.347Hz  target=9.236Hz  err=-20.111Hz  corr=-412.95W  u_ff=84.8W  PCAP→78W  power=78.4W
[PID] perf=29.348Hz  target=9.236Hz  err=-20.112Hz  corr=-412.97W  u_ff=84.8W  PCAP→78W  power=77.9W
[PID] perf=29.342Hz  target=9.236Hz  err=-20.105Hz  corr=-412.85W  u_ff=84.8W  PCAP→78W  power=79.2W
[PID] perf=29.376Hz  target=9.236Hz  err=-20.140Hz  corr=-413.48W  u_ff=84.8W  PCAP→78W  power=77.4W
[PID] perf=29.378Hz  target=9.236Hz  err=-20.142Hz  corr=-413.53W  u_ff=84.8W  PCAP→78W  power=79.4W
[PID] perf=29.390Hz  target=9.236Hz  err=-20.154Hz  corr=-413.74W  u_ff=84.8W  PCAP→78W  power=79.1W
[PID] perf=29.371Hz  target=9.236Hz  err=-20.135Hz  corr=-413.40W  u_ff=84.8W  PCAP→78W  power=78.1W
[PID] perf=29.354Hz  target=9.236Hz  err=-20.117Hz  corr=-413.07W  u_ff=84.8W  PCAP→78W  power=78.9W
[PID] perf=29.351Hz  target=9.236Hz  err=-20.115Hz  corr=-413.03W  u_ff=84.8W  PCAP→78W  power=77.6W
[PID] perf=29.379Hz  target=9.236Hz  err=-20.142Hz  corr=-413.53W  u_ff=84.8W  PCAP→78W  power=78.2W
[PID] perf=29.342Hz  target=9.236Hz  err=-20.105Hz  corr=-412.85W  u_ff=84.8W  PCAP→78W  power=78.0W
[PID] perf=29.326Hz  target=9.236Hz  err=-20.090Hz  corr=-412.56W  u_ff=84.8W  PCAP→78W  power=78.0W
[PID] perf=29.341Hz  target=9.236Hz  err=-20.104Hz  corr=-412.83W  u_ff=84.8W  PCAP→78W  power=78.5W
[PID] perf=29.303Hz  target=9.236Hz  err=-20.067Hz  corr=-412.13W  u_ff=84.8W  PCAP→78W  power=78.6W
[PID] perf=29.371Hz  target=9.236Hz  err=-20.135Hz  corr=-413.39W  u_ff=84.8W  PCAP→78W  power=76.9W
[PID] perf=29.340Hz  target=9.236Hz  err=-20.104Hz  corr=-412.83W  u_ff=84.8W  PCAP→78W  power=77.7W
[PID] perf=29.347Hz  target=9.236Hz  err=-20.111Hz  corr=-412.95W  u_ff=84.8W  PCAP→78W  power=78.7W
[PID] perf=29.378Hz  target=9.236Hz  err=-20.142Hz  corr=-413.52W  u_ff=84.8W  PCAP→78W  power=76.6W
[PID] perf=29.390Hz  target=9.236Hz  err=-20.154Hz  corr=-413.75W  u_ff=84.8W  PCAP→78W  power=78.9W
[PID] perf=29.369Hz  target=9.236Hz  err=-20.133Hz  corr=-413.35W  u_ff=84.8W  PCAP→78W  power=79.3W
[PID] perf=29.365Hz  target=9.236Hz  err=-20.129Hz  corr=-413.28W  u_ff=84.8W  PCAP→78W  power=78.8W
[PID] perf=29.353Hz  target=9.236Hz  err=-20.117Hz  corr=-413.07W  u_ff=84.8W  PCAP→78W  power=77.8W
[PID] perf=29.333Hz  target=9.236Hz  err=-20.097Hz  corr=-412.68W  u_ff=84.8W  PCAP→78W  power=76.8W
[PID] perf=29.320Hz  target=9.236Hz  err=-20.084Hz  corr=-412.46W  u_ff=84.8W  PCAP→78W  power=79.2W
[PID] perf=29.341Hz  target=9.236Hz  err=-20.105Hz  corr=-412.83W  u_ff=84.8W  PCAP→78W  power=77.7W
[PID] perf=29.361Hz  target=9.236Hz  err=-20.125Hz  corr=-413.21W  u_ff=84.8W  PCAP→78W  power=78.2W
[PID] perf=29.381Hz  target=9.236Hz  err=-20.145Hz  corr=-413.58W  u_ff=84.8W  PCAP→78W  power=78.9W
[PID] perf=29.368Hz  target=9.236Hz  err=-20.132Hz  corr=-413.34W  u_ff=84.8W  PCAP→78W  power=77.4W
[PID] perf=29.332Hz  target=9.236Hz  err=-20.096Hz  corr=-412.67W  u_ff=84.8W  PCAP→78W  power=78.9W
[PID] perf=29.331Hz  target=9.236Hz  err=-20.095Hz  corr=-412.65W  u_ff=84.8W  PCAP→78W  power=77.1W
[PID] perf=29.360Hz  target=9.236Hz  err=-20.124Hz  corr=-413.19W  u_ff=84.8W  PCAP→78W  power=76.4W
[PID] perf=29.362Hz  target=9.236Hz  err=-20.126Hz  corr=-413.22W  u_ff=84.8W  PCAP→78W  power=78.6W
[PID] perf=29.404Hz  target=9.236Hz  err=-20.168Hz  corr=-414.01W  u_ff=84.8W  PCAP→78W  power=77.1W
[PID] perf=29.355Hz  target=9.236Hz  err=-20.118Hz  corr=-413.09W  u_ff=84.8W  PCAP→78W  power=78.0W
[PID] perf=29.325Hz  target=9.236Hz  err=-20.089Hz  corr=-412.54W  u_ff=84.8W  PCAP→78W  power=78.0W
[PID] perf=29.364Hz  target=9.236Hz  err=-20.128Hz  corr=-413.26W  u_ff=84.8W  PCAP→78W  power=76.8W
[PID] perf=29.378Hz  target=9.236Hz  err=-20.142Hz  corr=-413.52W  u_ff=84.8W  PCAP→78W  power=77.8W
[PID] perf=29.407Hz  target=9.236Hz  err=-20.170Hz  corr=-414.05W  u_ff=84.8W  PCAP→78W  power=79.2W
[PID] perf=29.365Hz  target=9.236Hz  err=-20.129Hz  corr=-413.28W  u_ff=84.8W  PCAP→78W  power=77.9W
[PID] perf=29.376Hz  target=9.236Hz  err=-20.139Hz  corr=-413.48W  u_ff=84.8W  PCAP→78W  power=78.9W
[PID] perf=29.385Hz  target=9.236Hz  err=-20.149Hz  corr=-413.65W  u_ff=84.8W  PCAP→78W  power=77.3W
[PID] perf=29.362Hz  target=9.236Hz  err=-20.126Hz  corr=-413.22W  u_ff=84.8W  PCAP→78W  power=78.4W
[PID] perf=29.338Hz  target=9.236Hz  err=-20.101Hz  corr=-412.77W  u_ff=84.8W  PCAP→78W  power=78.3W
[PID] perf=29.370Hz  target=9.236Hz  err=-20.133Hz  corr=-413.37W  u_ff=84.8W  PCAP→78W  power=78.4W
[PID] perf=29.360Hz  target=9.236Hz  err=-20.124Hz  corr=-413.18W  u_ff=84.8W  PCAP→78W  power=78.8W
[PID] perf=29.377Hz  target=9.236Hz  err=-20.141Hz  corr=-413.50W  u_ff=84.8W  PCAP→78W  power=76.9W
[PID] perf=29.373Hz  target=9.236Hz  err=-20.136Hz  corr=-413.42W  u_ff=84.8W  PCAP→78W  power=79.2W
[PID] perf=29.340Hz  target=9.236Hz  err=-20.104Hz  corr=-412.82W  u_ff=84.8W  PCAP→78W  power=78.5W
[PID] perf=27.331Hz  target=9.236Hz  err=-18.095Hz  corr=-375.57W  u_ff=84.8W  PCAP→78W  power=78.2W
[PID] perf=27.372Hz  target=9.236Hz  err=-18.136Hz  corr=-376.33W  u_ff=84.8W  PCAP→78W  power=78.3W
[PID] perf=29.257Hz  target=9.236Hz  err=-20.021Hz  corr=-411.28W  u_ff=84.8W  PCAP→78W  power=77.5W
[PID] perf=29.341Hz  target=9.236Hz  err=-20.105Hz  corr=-412.84W  u_ff=84.8W  PCAP→78W  power=78.0W
[PID] perf=27.478Hz  target=9.236Hz  err=-18.242Hz  corr=-378.28W  u_ff=84.8W  PCAP→78W  power=78.1W
[PID] perf=29.350Hz  target=9.236Hz  err=-20.114Hz  corr=-413.00W  u_ff=84.8W  PCAP→78W  power=79.0W
[PID] perf=29.353Hz  target=9.236Hz  err=-20.117Hz  corr=-413.06W  u_ff=84.8W  PCAP→78W  power=76.7W
[PID] perf=29.333Hz  target=9.236Hz  err=-20.097Hz  corr=-412.69W  u_ff=84.8W  PCAP→78W  power=77.7W
[PID] perf=29.354Hz  target=9.236Hz  err=-20.118Hz  corr=-413.09W  u_ff=84.8W  PCAP→78W  power=79.4W
[PID] perf=29.300Hz  target=9.236Hz  err=-20.064Hz  corr=-412.08W  u_ff=84.8W  PCAP→78W  power=76.7W
[PID] perf=29.322Hz  target=9.236Hz  err=-20.085Hz  corr=-412.48W  u_ff=84.8W  PCAP→78W  power=78.9W
[PID] perf=29.335Hz  target=9.236Hz  err=-20.098Hz  corr=-412.72W  u_ff=84.8W  PCAP→78W  power=78.6W
[PID] perf=29.315Hz  target=9.236Hz  err=-20.079Hz  corr=-412.35W  u_ff=84.8W  PCAP→78W  power=79.5W
[PID] perf=29.350Hz  target=9.236Hz  err=-20.114Hz  corr=-413.01W  u_ff=84.8W  PCAP→78W  power=79.0W
[PID] perf=29.356Hz  target=9.236Hz  err=-20.119Hz  corr=-413.11W  u_ff=84.8W  PCAP→78W  power=76.4W
[PID] perf=29.315Hz  target=9.236Hz  err=-20.079Hz  corr=-412.35W  u_ff=84.8W  PCAP→78W  power=79.0W
[PID] perf=29.343Hz  target=9.236Hz  err=-20.106Hz  corr=-412.87W  u_ff=84.8W  PCAP→78W  power=79.0W
[PID] perf=29.345Hz  target=9.236Hz  err=-20.109Hz  corr=-412.92W  u_ff=84.8W  PCAP→78W  power=77.3W
[PID] perf=29.376Hz  target=9.236Hz  err=-20.140Hz  corr=-413.49W  u_ff=84.8W  PCAP→78W  power=78.5W
[PID] perf=29.350Hz  target=9.236Hz  err=-20.114Hz  corr=-413.01W  u_ff=84.8W  PCAP→78W  power=79.1W
[PID] perf=29.334Hz  target=9.236Hz  err=-20.098Hz  corr=-412.71W  u_ff=84.8W  PCAP→78W  power=77.4W
[PID] perf=29.357Hz  target=9.236Hz  err=-20.121Hz  corr=-413.14W  u_ff=84.8W  PCAP→78W  power=79.1W
[PID] perf=29.356Hz  target=9.236Hz  err=-20.120Hz  corr=-413.11W  u_ff=84.8W  PCAP→78W  power=78.8W
[PID] perf=29.343Hz  target=9.236Hz  err=-20.106Hz  corr=-412.87W  u_ff=84.8W  PCAP→78W  power=78.6W
[PID] perf=29.339Hz  target=9.236Hz  err=-20.103Hz  corr=-412.80W  u_ff=84.8W  PCAP→78W  power=79.3W
[PID] perf=29.349Hz  target=9.236Hz  err=-20.113Hz  corr=-412.99W  u_ff=84.8W  PCAP→78W  power=78.4W
[PID] perf=29.369Hz  target=9.236Hz  err=-20.133Hz  corr=-413.36W  u_ff=84.8W  PCAP→78W  power=76.6W
[PID] perf=29.354Hz  target=9.236Hz  err=-20.118Hz  corr=-413.07W  u_ff=84.8W  PCAP→78W  power=79.1W
[PID] perf=29.360Hz  target=9.236Hz  err=-20.123Hz  corr=-413.18W  u_ff=84.8W  PCAP→78W  power=78.0W
[PID] perf=29.324Hz  target=9.236Hz  err=-20.088Hz  corr=-412.53W  u_ff=84.8W  PCAP→78W  power=76.6W
[PID] perf=29.365Hz  target=9.236Hz  err=-20.129Hz  corr=-413.28W  u_ff=84.8W  PCAP→78W  power=78.6W
[PID] perf=29.344Hz  target=9.236Hz  err=-20.108Hz  corr=-412.89W  u_ff=84.8W  PCAP→78W  power=76.7W
[PID] perf=29.379Hz  target=9.236Hz  err=-20.143Hz  corr=-413.55W  u_ff=84.8W  PCAP→78W  power=77.3W
[PID] perf=29.326Hz  target=9.236Hz  err=-20.090Hz  corr=-412.56W  u_ff=84.8W  PCAP→78W  power=79.3W
[PID] perf=29.333Hz  target=9.236Hz  err=-20.097Hz  corr=-412.70W  u_ff=84.8W  PCAP→78W  power=78.7W
[PID] perf=29.349Hz  target=9.236Hz  err=-20.113Hz  corr=-412.99W  u_ff=84.8W  PCAP→78W  power=76.8W
[PID] perf=29.355Hz  target=9.236Hz  err=-20.119Hz  corr=-413.11W  u_ff=84.8W  PCAP→78W  power=78.4W
[PID] perf=29.341Hz  target=9.236Hz  err=-20.105Hz  corr=-412.84W  u_ff=84.8W  PCAP→78W  power=78.9W
[PID] perf=29.389Hz  target=9.236Hz  err=-20.153Hz  corr=-413.73W  u_ff=84.8W  PCAP→78W  power=77.5W
[PID] perf=29.355Hz  target=9.236Hz  err=-20.119Hz  corr=-413.10W  u_ff=84.8W  PCAP→78W  power=77.1W
[PID] perf=29.365Hz  target=9.236Hz  err=-20.129Hz  corr=-413.29W  u_ff=84.8W  PCAP→78W  power=78.8W
[PID] perf=29.357Hz  target=9.236Hz  err=-20.121Hz  corr=-413.14W  u_ff=84.8W  PCAP→78W  power=78.2W
[PID] perf=29.381Hz  target=9.236Hz  err=-20.145Hz  corr=-413.58W  u_ff=84.8W  PCAP→78W  power=79.1W
[PID] perf=29.365Hz  target=9.236Hz  err=-20.128Hz  corr=-413.27W  u_ff=84.8W  PCAP→78W  power=79.4W
[PID] perf=29.349Hz  target=9.236Hz  err=-20.112Hz  corr=-412.98W  u_ff=84.8W  PCAP→78W  power=77.7W
[PID] perf=29.313Hz  target=9.236Hz  err=-20.076Hz  corr=-412.31W  u_ff=84.8W  PCAP→78W  power=76.9W
[PID] perf=29.362Hz  target=9.236Hz  err=-20.126Hz  corr=-413.23W  u_ff=84.8W  PCAP→78W  power=78.1W
[PID] perf=29.372Hz  target=9.236Hz  err=-20.136Hz  corr=-413.42W  u_ff=84.8W  PCAP→78W  power=78.7W
[PID] perf=29.347Hz  target=9.236Hz  err=-20.111Hz  corr=-412.95W  u_ff=84.8W  PCAP→78W  power=77.4W
[PID] perf=29.362Hz  target=9.236Hz  err=-20.126Hz  corr=-413.23W  u_ff=84.8W  PCAP→78W  power=78.9W
[PID] perf=29.378Hz  target=9.236Hz  err=-20.142Hz  corr=-413.52W  u_ff=84.8W  PCAP→78W  power=77.6W
[PID] perf=29.350Hz  target=9.236Hz  err=-20.114Hz  corr=-413.00W  u_ff=84.8W  PCAP→78W  power=78.5W
[PID] perf=29.362Hz  target=9.236Hz  err=-20.125Hz  corr=-413.22W  u_ff=84.8W  PCAP→78W  power=77.3W
[PID] perf=29.370Hz  target=9.236Hz  err=-20.134Hz  corr=-413.38W  u_ff=84.8W  PCAP→78W  power=78.9W
[PID] perf=29.347Hz  target=9.236Hz  err=-20.111Hz  corr=-412.96W  u_ff=84.8W  PCAP→78W  power=77.1W
[PID] perf=29.359Hz  target=9.236Hz  err=-20.122Hz  corr=-413.16W  u_ff=84.8W  PCAP→78W  power=77.8W
[PID] perf=29.346Hz  target=9.236Hz  err=-20.110Hz  corr=-412.93W  u_ff=84.8W  PCAP→78W  power=79.2W
[PID] perf=29.331Hz  target=9.236Hz  err=-20.095Hz  corr=-412.65W  u_ff=84.8W  PCAP→78W  power=77.4W
[PID] perf=29.378Hz  target=9.236Hz  err=-20.141Hz  corr=-413.52W  u_ff=84.8W  PCAP→78W  power=78.3W
[PID] perf=29.339Hz  target=9.236Hz  err=-20.103Hz  corr=-412.81W  u_ff=84.8W  PCAP→78W  power=78.6W
[PID] perf=29.369Hz  target=9.236Hz  err=-20.133Hz  corr=-413.36W  u_ff=84.8W  PCAP→78W  power=76.7W
[PID] perf=29.373Hz  target=9.236Hz  err=-20.137Hz  corr=-413.44W  u_ff=84.8W  PCAP→78W  power=79.1W
[PID] perf=29.383Hz  target=9.236Hz  err=-20.147Hz  corr=-413.62W  u_ff=84.8W  PCAP→78W  power=77.1W
[PID] perf=29.344Hz  target=9.236Hz  err=-20.108Hz  corr=-412.90W  u_ff=84.8W  PCAP→78W  power=78.1W
[PID] perf=29.350Hz  target=9.236Hz  err=-20.114Hz  corr=-413.01W  u_ff=84.8W  PCAP→78W  power=78.4W
[PID] perf=29.283Hz  target=9.236Hz  err=-20.047Hz  corr=-411.76W  u_ff=84.8W  PCAP→78W  power=79.0W
[PID] perf=26.802Hz  target=9.236Hz  err=-17.566Hz  corr=-365.76W  u_ff=84.8W  PCAP→78W  power=78.9W
[PID] perf=26.871Hz  target=9.236Hz  err=-17.635Hz  corr=-367.03W  u_ff=84.8W  PCAP→78W  power=77.1W
[PID] perf=26.894Hz  target=9.236Hz  err=-17.658Hz  corr=-367.46W  u_ff=84.8W  PCAP→78W  power=75.9W
[PID] perf=26.817Hz  target=9.236Hz  err=-17.581Hz  corr=-366.02W  u_ff=84.8W  PCAP→78W  power=77.2W
[PID] perf=26.823Hz  target=9.236Hz  err=-17.586Hz  corr=-366.13W  u_ff=84.8W  PCAP→78W  power=78.2W
[PID] perf=26.797Hz  target=9.236Hz  err=-17.561Hz  corr=-365.66W  u_ff=84.8W  PCAP→78W  power=77.8W
[PID] perf=26.823Hz  target=9.236Hz  err=-17.586Hz  corr=-366.14W  u_ff=84.8W  PCAP→78W  power=78.6W
[PID] perf=26.831Hz  target=9.236Hz  err=-17.595Hz  corr=-366.29W  u_ff=84.8W  PCAP→78W  power=78.1W
[PID] perf=26.837Hz  target=9.236Hz  err=-17.600Hz  corr=-366.39W  u_ff=84.8W  PCAP→78W  power=77.1W
[PID] perf=26.844Hz  target=9.236Hz  err=-17.608Hz  corr=-366.53W  u_ff=84.8W  PCAP→78W  power=78.0W
[PID] perf=26.828Hz  target=9.236Hz  err=-17.592Hz  corr=-366.24W  u_ff=84.8W  PCAP→78W  power=78.6W
[PID] perf=26.814Hz  target=9.236Hz  err=-17.578Hz  corr=-365.98W  u_ff=84.8W  PCAP→78W  power=77.1W
[PID] perf=26.813Hz  target=9.236Hz  err=-17.577Hz  corr=-365.95W  u_ff=84.8W  PCAP→78W  power=76.2W
[PID] perf=26.814Hz  target=9.236Hz  err=-17.578Hz  corr=-365.97W  u_ff=84.8W  PCAP→78W  power=78.6W
[PID] perf=26.816Hz  target=9.236Hz  err=-17.580Hz  corr=-366.02W  u_ff=84.8W  PCAP→78W  power=77.9W
[PID] perf=25.815Hz  target=9.236Hz  err=-16.579Hz  corr=-347.44W  u_ff=84.8W  PCAP→78W  power=77.3W
[PID] perf=25.937Hz  target=9.236Hz  err=-16.701Hz  corr=-349.71W  u_ff=84.8W  PCAP→78W  power=78.6W
[PID] perf=25.947Hz  target=9.236Hz  err=-16.711Hz  corr=-349.89W  u_ff=84.8W  PCAP→78W  power=78.0W
[PID] perf=25.978Hz  target=9.236Hz  err=-16.742Hz  corr=-350.47W  u_ff=84.8W  PCAP→78W  power=77.3W
[PID] perf=25.978Hz  target=9.236Hz  err=-16.742Hz  corr=-350.48W  u_ff=84.8W  PCAP→78W  power=77.0W
[PID] perf=25.947Hz  target=9.236Hz  err=-16.711Hz  corr=-349.89W  u_ff=84.8W  PCAP→78W  power=77.4W
[PID] perf=25.933Hz  target=9.236Hz  err=-16.697Hz  corr=-349.64W  u_ff=84.8W  PCAP→78W  power=78.6W
[PID] perf=25.955Hz  target=9.236Hz  err=-16.719Hz  corr=-350.04W  u_ff=84.8W  PCAP→78W  power=77.7W
[PID] perf=25.907Hz  target=9.236Hz  err=-16.671Hz  corr=-349.15W  u_ff=84.8W  PCAP→78W  power=78.9W
[PID] perf=25.930Hz  target=9.236Hz  err=-16.693Hz  corr=-349.57W  u_ff=84.8W  PCAP→78W  power=78.2W
[PID] perf=26.055Hz  target=9.236Hz  err=-16.819Hz  corr=-351.90W  u_ff=84.8W  PCAP→78W  power=77.2W
[PID] perf=26.245Hz  target=9.236Hz  err=-17.009Hz  corr=-355.42W  u_ff=84.8W  PCAP→78W  power=76.4W
[PID] perf=26.268Hz  target=9.236Hz  err=-17.031Hz  corr=-355.84W  u_ff=84.8W  PCAP→78W  power=78.4W
[PID] perf=26.265Hz  target=9.236Hz  err=-17.029Hz  corr=-355.80W  u_ff=84.8W  PCAP→78W  power=78.6W
[PID] perf=26.214Hz  target=9.236Hz  err=-16.978Hz  corr=-354.85W  u_ff=84.8W  PCAP→78W  power=77.4W
[PID] perf=26.219Hz  target=9.236Hz  err=-16.983Hz  corr=-354.95W  u_ff=84.8W  PCAP→78W  power=78.1W
[PID] perf=26.263Hz  target=9.236Hz  err=-17.027Hz  corr=-355.76W  u_ff=84.8W  PCAP→78W  power=76.7W
[PID] perf=26.239Hz  target=9.236Hz  err=-17.003Hz  corr=-355.32W  u_ff=84.8W  PCAP→78W  power=77.8W
[PID] perf=26.216Hz  target=9.236Hz  err=-16.979Hz  corr=-354.88W  u_ff=84.8W  PCAP→78W  power=77.3W
[PID] perf=26.244Hz  target=9.236Hz  err=-17.007Hz  corr=-355.40W  u_ff=84.8W  PCAP→78W  power=77.1W
[PID] perf=26.231Hz  target=9.236Hz  err=-16.995Hz  corr=-355.17W  u_ff=84.8W  PCAP→78W  power=77.2W
[PID] perf=26.237Hz  target=9.236Hz  err=-17.001Hz  corr=-355.27W  u_ff=84.8W  PCAP→78W  power=77.0W
[PID] perf=26.239Hz  target=9.236Hz  err=-17.002Hz  corr=-355.30W  u_ff=84.8W  PCAP→78W  power=77.9W
[PID] perf=26.253Hz  target=9.236Hz  err=-17.016Hz  corr=-355.56W  u_ff=84.8W  PCAP→78W  power=78.1W
[PID] perf=26.272Hz  target=9.236Hz  err=-17.036Hz  corr=-355.93W  u_ff=84.8W  PCAP→78W  power=77.9W
[PID] perf=26.275Hz  target=9.236Hz  err=-17.038Hz  corr=-355.97W  u_ff=84.8W  PCAP→78W  power=76.1W
[PID] perf=26.252Hz  target=9.236Hz  err=-17.016Hz  corr=-355.55W  u_ff=84.8W  PCAP→78W  power=77.3W
[PID] perf=26.260Hz  target=9.236Hz  err=-17.024Hz  corr=-355.71W  u_ff=84.8W  PCAP→78W  power=77.6W
[PID] perf=26.244Hz  target=9.236Hz  err=-17.007Hz  corr=-355.40W  u_ff=84.8W  PCAP→78W  power=77.5W
[PID] perf=26.233Hz  target=9.236Hz  err=-16.997Hz  corr=-355.20W  u_ff=84.8W  PCAP→78W  power=77.2W
[PID] perf=26.235Hz  target=9.236Hz  err=-16.998Hz  corr=-355.23W  u_ff=84.8W  PCAP→78W  power=77.2W
[PID] perf=26.237Hz  target=9.236Hz  err=-17.001Hz  corr=-355.28W  u_ff=84.8W  PCAP→78W  power=77.1W
[PID] perf=26.227Hz  target=9.236Hz  err=-16.991Hz  corr=-355.09W  u_ff=84.8W  PCAP→78W  power=77.1W
[PID] perf=26.251Hz  target=9.236Hz  err=-17.015Hz  corr=-355.54W  u_ff=84.8W  PCAP→78W  power=79.1W
[PID] perf=25.538Hz  target=9.236Hz  err=-16.302Hz  corr=-342.31W  u_ff=84.8W  PCAP→78W  power=77.2W
[PID] perf=25.610Hz  target=9.236Hz  err=-16.374Hz  corr=-343.66W  u_ff=84.8W  PCAP→78W  power=78.4W
[PID] perf=25.842Hz  target=9.236Hz  err=-16.606Hz  corr=-347.95W  u_ff=84.8W  PCAP→78W  power=78.1W
[PID] perf=25.891Hz  target=9.236Hz  err=-16.655Hz  corr=-348.85W  u_ff=84.8W  PCAP→78W  power=77.8W
[PID] perf=25.881Hz  target=9.236Hz  err=-16.644Hz  corr=-348.67W  u_ff=84.8W  PCAP→78W  power=78.3W
[PID] perf=25.876Hz  target=9.236Hz  err=-16.640Hz  corr=-348.59W  u_ff=84.8W  PCAP→78W  power=77.8W
[PID] perf=25.894Hz  target=9.236Hz  err=-16.658Hz  corr=-348.92W  u_ff=84.8W  PCAP→78W  power=78.9W
[PID] perf=25.881Hz  target=9.236Hz  err=-16.645Hz  corr=-348.67W  u_ff=84.8W  PCAP→78W  power=77.7W
[PID] perf=25.858Hz  target=9.236Hz  err=-16.622Hz  corr=-348.25W  u_ff=84.8W  PCAP→78W  power=77.3W
[PID] perf=25.899Hz  target=9.236Hz  err=-16.663Hz  corr=-349.01W  u_ff=84.8W  PCAP→78W  power=79.0W
[PID] perf=25.898Hz  target=9.236Hz  err=-16.662Hz  corr=-349.00W  u_ff=84.8W  PCAP→78W  power=78.7W
[PID] perf=25.891Hz  target=9.236Hz  err=-16.655Hz  corr=-348.86W  u_ff=84.8W  PCAP→78W  power=78.4W
[PID] perf=25.882Hz  target=9.236Hz  err=-16.646Hz  corr=-348.69W  u_ff=84.8W  PCAP→78W  power=77.0W
[PID] perf=25.886Hz  target=9.236Hz  err=-16.650Hz  corr=-348.76W  u_ff=84.8W  PCAP→78W  power=78.8W
[PID] perf=25.914Hz  target=9.236Hz  err=-16.678Hz  corr=-349.29W  u_ff=84.8W  PCAP→78W  power=78.3W
[PID] perf=25.888Hz  target=9.236Hz  err=-16.652Hz  corr=-348.80W  u_ff=84.8W  PCAP→78W  power=77.8W
[PID] perf=25.918Hz  target=9.236Hz  err=-16.681Hz  corr=-349.35W  u_ff=84.8W  PCAP→78W  power=77.5W
[PID] perf=25.889Hz  target=9.236Hz  err=-16.653Hz  corr=-348.83W  u_ff=84.8W  PCAP→78W  power=78.9W
[PID] perf=25.909Hz  target=9.236Hz  err=-16.673Hz  corr=-349.19W  u_ff=84.8W  PCAP→78W  power=77.0W
[PID] perf=25.894Hz  target=9.236Hz  err=-16.658Hz  corr=-348.91W  u_ff=84.8W  PCAP→78W  power=78.9W
[PID] perf=25.910Hz  target=9.236Hz  err=-16.674Hz  corr=-349.22W  u_ff=84.8W  PCAP→78W  power=77.7W
[PID] perf=25.876Hz  target=9.236Hz  err=-16.639Hz  corr=-348.57W  u_ff=84.8W  PCAP→78W  power=77.6W
[PID] perf=25.892Hz  target=9.236Hz  err=-16.656Hz  corr=-348.88W  u_ff=84.8W  PCAP→78W  power=77.7W
[PID] perf=25.887Hz  target=9.236Hz  err=-16.651Hz  corr=-348.79W  u_ff=84.8W  PCAP→78W  power=78.8W
[PID] perf=25.901Hz  target=9.236Hz  err=-16.665Hz  corr=-349.04W  u_ff=84.8W  PCAP→78W  power=76.3W
[PID] perf=25.924Hz  target=9.236Hz  err=-16.688Hz  corr=-349.47W  u_ff=84.8W  PCAP→78W  power=76.7W
[PID] perf=25.917Hz  target=9.236Hz  err=-16.681Hz  corr=-349.34W  u_ff=84.8W  PCAP→78W  power=77.8W
[PID] perf=25.773Hz  target=9.236Hz  err=-16.536Hz  corr=-346.66W  u_ff=84.8W  PCAP→78W  power=77.3W
[PID] perf=26.060Hz  target=9.236Hz  err=-16.824Hz  corr=-352.00W  u_ff=84.8W  PCAP→78W  power=77.6W
[PID] perf=26.989Hz  target=9.236Hz  err=-17.753Hz  corr=-369.22W  u_ff=84.8W  PCAP→78W  power=78.4W
[PID] perf=27.031Hz  target=9.236Hz  err=-17.795Hz  corr=-370.01W  u_ff=84.8W  PCAP→78W  power=79.0W
[PID] perf=27.028Hz  target=9.236Hz  err=-17.792Hz  corr=-369.94W  u_ff=84.8W  PCAP→78W  power=79.2W
[PID] perf=27.042Hz  target=9.236Hz  err=-17.806Hz  corr=-370.21W  u_ff=84.8W  PCAP→78W  power=77.6W
[PID] perf=27.068Hz  target=9.236Hz  err=-17.832Hz  corr=-370.69W  u_ff=84.8W  PCAP→78W  power=77.9W
[PID] perf=27.054Hz  target=9.236Hz  err=-17.817Hz  corr=-370.42W  u_ff=84.8W  PCAP→78W  power=78.9W
[PID] perf=27.069Hz  target=9.236Hz  err=-17.833Hz  corr=-370.71W  u_ff=84.8W  PCAP→78W  power=77.1W
[PID] perf=27.072Hz  target=9.236Hz  err=-17.836Hz  corr=-370.77W  u_ff=84.8W  PCAP→78W  power=77.4W
[PID] perf=27.087Hz  target=9.236Hz  err=-17.851Hz  corr=-371.03W  u_ff=84.8W  PCAP→78W  power=78.2W
[PID] perf=27.082Hz  target=9.236Hz  err=-17.846Hz  corr=-370.95W  u_ff=84.8W  PCAP→78W  power=78.8W
[PID] perf=27.030Hz  target=9.236Hz  err=-17.794Hz  corr=-369.98W  u_ff=84.8W  PCAP→78W  power=78.0W
[PID] perf=27.062Hz  target=9.236Hz  err=-17.826Hz  corr=-370.58W  u_ff=84.8W  PCAP→78W  power=77.6W
[PID] perf=26.833Hz  target=9.236Hz  err=-17.597Hz  corr=-366.32W  u_ff=84.8W  PCAP→78W  power=76.8W
[PID] perf=27.270Hz  target=9.236Hz  err=-18.033Hz  corr=-374.42W  u_ff=84.8W  PCAP→78W  power=77.8W
[PID] perf=27.303Hz  target=9.236Hz  err=-18.067Hz  corr=-375.05W  u_ff=84.8W  PCAP→78W  power=78.3W
[PID] perf=27.354Hz  target=9.236Hz  err=-18.118Hz  corr=-375.99W  u_ff=84.8W  PCAP→78W  power=79.5W
[PID] perf=27.319Hz  target=9.236Hz  err=-18.083Hz  corr=-375.34W  u_ff=84.8W  PCAP→78W  power=78.9W
[PID] perf=27.312Hz  target=9.236Hz  err=-18.075Hz  corr=-375.20W  u_ff=84.8W  PCAP→78W  power=78.1W
[PID] perf=27.304Hz  target=9.236Hz  err=-18.067Hz  corr=-375.06W  u_ff=84.8W  PCAP→78W  power=79.2W
[PID] perf=27.327Hz  target=9.236Hz  err=-18.091Hz  corr=-375.49W  u_ff=84.8W  PCAP→78W  power=79.2W
[PID] perf=27.298Hz  target=9.236Hz  err=-18.061Hz  corr=-374.94W  u_ff=84.8W  PCAP→78W  power=77.0W
[PID] perf=27.324Hz  target=9.236Hz  err=-18.087Hz  corr=-375.43W  u_ff=84.8W  PCAP→78W  power=78.5W
[PID] perf=27.313Hz  target=9.236Hz  err=-18.077Hz  corr=-375.24W  u_ff=84.8W  PCAP→78W  power=77.6W
[PID] perf=27.321Hz  target=9.236Hz  err=-18.085Hz  corr=-375.37W  u_ff=84.8W  PCAP→78W  power=78.3W
[PID] perf=27.334Hz  target=9.236Hz  err=-18.097Hz  corr=-375.61W  u_ff=84.8W  PCAP→78W  power=77.3W
[PID] perf=27.302Hz  target=9.236Hz  err=-18.065Hz  corr=-375.02W  u_ff=84.8W  PCAP→78W  power=78.9W
[PID] perf=27.306Hz  target=9.236Hz  err=-18.070Hz  corr=-375.11W  u_ff=84.8W  PCAP→78W  power=78.8W
[PID] perf=27.304Hz  target=9.236Hz  err=-18.068Hz  corr=-375.06W  u_ff=84.8W  PCAP→78W  power=77.3W
[PID] perf=27.306Hz  target=9.236Hz  err=-18.070Hz  corr=-375.10W  u_ff=84.8W  PCAP→78W  power=78.8W
[PID] perf=27.319Hz  target=9.236Hz  err=-18.082Hz  corr=-375.33W  u_ff=84.8W  PCAP→78W  power=76.1W
[PID] perf=27.309Hz  target=9.236Hz  err=-18.073Hz  corr=-375.15W  u_ff=84.8W  PCAP→78W  power=76.4W
[PID] perf=27.307Hz  target=9.236Hz  err=-18.071Hz  corr=-375.12W  u_ff=84.8W  PCAP→78W  power=78.6W
[PID] perf=27.301Hz  target=9.236Hz  err=-18.065Hz  corr=-375.00W  u_ff=84.8W  PCAP→78W  power=77.8W
[PID] perf=27.325Hz  target=9.236Hz  err=-18.089Hz  corr=-375.45W  u_ff=84.8W  PCAP→78W  power=76.5W
[PID] perf=27.271Hz  target=9.236Hz  err=-18.035Hz  corr=-374.45W  u_ff=84.8W  PCAP→78W  power=77.0W
[PID] perf=27.253Hz  target=9.236Hz  err=-18.017Hz  corr=-374.12W  u_ff=84.8W  PCAP→78W  power=78.8W
[PID] perf=26.968Hz  target=9.236Hz  err=-17.732Hz  corr=-368.83W  u_ff=84.8W  PCAP→78W  power=78.2W
[PID] perf=26.909Hz  target=9.236Hz  err=-17.672Hz  corr=-367.73W  u_ff=84.8W  PCAP→78W  power=78.4W
[PID] perf=26.943Hz  target=9.236Hz  err=-17.707Hz  corr=-368.37W  u_ff=84.8W  PCAP→78W  power=77.4W
[PID] perf=26.955Hz  target=9.236Hz  err=-17.719Hz  corr=-368.59W  u_ff=84.8W  PCAP→78W  power=76.9W
[PID] perf=26.967Hz  target=9.236Hz  err=-17.731Hz  corr=-368.81W  u_ff=84.8W  PCAP→78W  power=78.6W
[PID] perf=26.957Hz  target=9.236Hz  err=-17.720Hz  corr=-368.62W  u_ff=84.8W  PCAP→78W  power=78.7W
[PID] perf=26.959Hz  target=9.236Hz  err=-17.723Hz  corr=-368.67W  u_ff=84.8W  PCAP→78W  power=77.6W
[PID] perf=26.979Hz  target=9.236Hz  err=-17.743Hz  corr=-369.04W  u_ff=84.8W  PCAP→78W  power=77.0W
[PID] perf=26.938Hz  target=9.236Hz  err=-17.702Hz  corr=-368.28W  u_ff=84.8W  PCAP→78W  power=78.1W
[PID] perf=26.969Hz  target=9.236Hz  err=-17.733Hz  corr=-368.85W  u_ff=84.8W  PCAP→78W  power=77.6W
[PID] perf=26.918Hz  target=9.236Hz  err=-17.682Hz  corr=-367.90W  u_ff=84.8W  PCAP→78W  power=78.8W
[PID] perf=26.958Hz  target=9.236Hz  err=-17.722Hz  corr=-368.65W  u_ff=84.8W  PCAP→78W  power=78.0W
[PID] perf=26.963Hz  target=9.236Hz  err=-17.726Hz  corr=-368.73W  u_ff=84.8W  PCAP→78W  power=77.1W
[PID] perf=26.975Hz  target=9.236Hz  err=-17.739Hz  corr=-368.96W  u_ff=84.8W  PCAP→78W  power=78.0W
[PID] perf=26.960Hz  target=9.236Hz  err=-17.723Hz  corr=-368.67W  u_ff=84.8W  PCAP→78W  power=78.6W
[PID] perf=26.954Hz  target=9.236Hz  err=-17.718Hz  corr=-368.57W  u_ff=84.8W  PCAP→78W  power=77.6W
[PID] perf=27.661Hz  target=9.236Hz  err=-18.425Hz  corr=-381.69W  u_ff=84.8W  PCAP→78W  power=78.2W
[PID] perf=27.604Hz  target=9.236Hz  err=-18.368Hz  corr=-380.63W  u_ff=84.8W  PCAP→78W  power=77.2W
[PID] perf=27.636Hz  target=9.236Hz  err=-18.400Hz  corr=-381.22W  u_ff=84.8W  PCAP→78W  power=76.8W
[PID] perf=27.642Hz  target=9.236Hz  err=-18.406Hz  corr=-381.34W  u_ff=84.8W  PCAP→78W  power=78.9W
[PID] perf=27.661Hz  target=9.236Hz  err=-18.425Hz  corr=-381.68W  u_ff=84.8W  PCAP→78W  power=78.7W
[PID] perf=27.631Hz  target=9.236Hz  err=-18.395Hz  corr=-381.13W  u_ff=84.8W  PCAP→78W  power=77.4W
[PID] perf=27.644Hz  target=9.236Hz  err=-18.408Hz  corr=-381.36W  u_ff=84.8W  PCAP→78W  power=77.5W
[PID] perf=27.629Hz  target=9.236Hz  err=-18.393Hz  corr=-381.09W  u_ff=84.8W  PCAP→78W  power=76.6W
[PID] perf=27.676Hz  target=9.236Hz  err=-18.440Hz  corr=-381.96W  u_ff=84.8W  PCAP→78W  power=77.1W
[PID] perf=27.709Hz  target=9.236Hz  err=-18.473Hz  corr=-382.57W  u_ff=84.8W  PCAP→78W  power=78.0W
[PID] perf=27.660Hz  target=9.236Hz  err=-18.424Hz  corr=-381.67W  u_ff=84.8W  PCAP→78W  power=76.5W
[PID] perf=27.683Hz  target=9.236Hz  err=-18.447Hz  corr=-382.09W  u_ff=84.8W  PCAP→78W  power=77.5W
[PID] perf=27.677Hz  target=9.236Hz  err=-18.441Hz  corr=-381.97W  u_ff=84.8W  PCAP→78W  power=77.6W
[PID] perf=27.713Hz  target=9.236Hz  err=-18.476Hz  corr=-382.64W  u_ff=84.8W  PCAP→78W  power=78.8W
[PID] perf=27.673Hz  target=9.236Hz  err=-18.437Hz  corr=-381.91W  u_ff=84.8W  PCAP→78W  power=78.8W
[PID] perf=27.679Hz  target=9.236Hz  err=-18.443Hz  corr=-382.02W  u_ff=84.8W  PCAP→78W  power=77.2W
[PID] perf=27.693Hz  target=9.236Hz  err=-18.457Hz  corr=-382.27W  u_ff=84.8W  PCAP→78W  power=76.5W
[PID] perf=27.732Hz  target=9.236Hz  err=-18.496Hz  corr=-383.00W  u_ff=84.8W  PCAP→78W  power=78.6W
[PID] perf=27.679Hz  target=9.236Hz  err=-18.442Hz  corr=-382.01W  u_ff=84.8W  PCAP→78W  power=77.8W
[PID] perf=27.156Hz  target=9.236Hz  err=-17.920Hz  corr=-372.31W  u_ff=84.8W  PCAP→78W  power=79.2W
[PID] perf=27.191Hz  target=9.236Hz  err=-17.955Hz  corr=-372.97W  u_ff=84.8W  PCAP→78W  power=78.4W
[PID] perf=27.211Hz  target=9.236Hz  err=-17.974Hz  corr=-373.33W  u_ff=84.8W  PCAP→78W  power=79.2W
[PID] perf=27.235Hz  target=9.236Hz  err=-17.999Hz  corr=-373.79W  u_ff=84.8W  PCAP→78W  power=77.1W
[PID] perf=27.184Hz  target=9.236Hz  err=-17.948Hz  corr=-372.84W  u_ff=84.8W  PCAP→78W  power=76.4W
[PID] perf=25.670Hz  target=9.236Hz  err=-16.434Hz  corr=-344.76W  u_ff=84.8W  PCAP→78W  power=76.8W
[PID] perf=25.704Hz  target=9.236Hz  err=-16.467Hz  corr=-345.38W  u_ff=84.8W  PCAP→78W  power=76.6W
[PID] perf=26.096Hz  target=9.236Hz  err=-16.860Hz  corr=-352.66W  u_ff=84.8W  PCAP→78W  power=77.5W
[PID] perf=26.463Hz  target=9.236Hz  err=-17.227Hz  corr=-359.46W  u_ff=84.8W  PCAP→78W  power=76.7W
[PID] perf=26.513Hz  target=9.236Hz  err=-17.276Hz  corr=-360.38W  u_ff=84.8W  PCAP→78W  power=77.0W
[PID] perf=26.501Hz  target=9.236Hz  err=-17.264Hz  corr=-360.16W  u_ff=84.8W  PCAP→78W  power=77.5W
[PID] perf=26.498Hz  target=9.236Hz  err=-17.262Hz  corr=-360.12W  u_ff=84.8W  PCAP→78W  power=78.5W
[PID] perf=26.511Hz  target=9.236Hz  err=-17.275Hz  corr=-360.35W  u_ff=84.8W  PCAP→78W  power=78.7W
[PID] perf=26.486Hz  target=9.236Hz  err=-17.250Hz  corr=-359.89W  u_ff=84.8W  PCAP→78W  power=77.9W
[PID] perf=26.492Hz  target=9.236Hz  err=-17.256Hz  corr=-360.01W  u_ff=84.8W  PCAP→78W  power=76.5W
[PID] perf=26.472Hz  target=9.236Hz  err=-17.236Hz  corr=-359.64W  u_ff=84.8W  PCAP→78W  power=79.1W
[PID] perf=26.492Hz  target=9.236Hz  err=-17.256Hz  corr=-360.00W  u_ff=84.8W  PCAP→78W  power=77.1W
[PID] perf=26.483Hz  target=9.236Hz  err=-17.246Hz  corr=-359.83W  u_ff=84.8W  PCAP→78W  power=76.8W
[PID] perf=26.493Hz  target=9.236Hz  err=-17.257Hz  corr=-360.02W  u_ff=84.8W  PCAP→78W  power=79.2W
[PID] perf=26.523Hz  target=9.236Hz  err=-17.287Hz  corr=-360.57W  u_ff=84.8W  PCAP→78W  power=79.0W
[PID] perf=26.530Hz  target=9.236Hz  err=-17.294Hz  corr=-360.71W  u_ff=84.8W  PCAP→78W  power=77.9W
[PID] perf=26.490Hz  target=9.236Hz  err=-17.253Hz  corr=-359.96W  u_ff=84.8W  PCAP→78W  power=78.0W
[PID] perf=26.488Hz  target=9.236Hz  err=-17.252Hz  corr=-359.92W  u_ff=84.8W  PCAP→78W  power=77.0W
[PID] perf=26.496Hz  target=9.236Hz  err=-17.260Hz  corr=-360.08W  u_ff=84.8W  PCAP→78W  power=76.0W
[PID] perf=26.465Hz  target=9.236Hz  err=-17.229Hz  corr=-359.50W  u_ff=84.8W  PCAP→78W  power=78.4W
[PID] perf=26.464Hz  target=9.236Hz  err=-17.228Hz  corr=-359.49W  u_ff=84.8W  PCAP→78W  power=76.8W
[PID] perf=26.473Hz  target=9.236Hz  err=-17.237Hz  corr=-359.66W  u_ff=84.8W  PCAP→78W  power=78.9W
[PID] perf=26.491Hz  target=9.236Hz  err=-17.255Hz  corr=-359.99W  u_ff=84.8W  PCAP→78W  power=79.0W
[PID] perf=26.455Hz  target=9.236Hz  err=-17.219Hz  corr=-359.32W  u_ff=84.8W  PCAP→78W  power=77.1W
[PID] perf=26.468Hz  target=9.236Hz  err=-17.232Hz  corr=-359.56W  u_ff=84.8W  PCAP→78W  power=78.0W
[PID] perf=26.480Hz  target=9.236Hz  err=-17.243Hz  corr=-359.77W  u_ff=84.8W  PCAP→78W  power=76.8W
[PID] perf=26.492Hz  target=9.236Hz  err=-17.255Hz  corr=-360.00W  u_ff=84.8W  PCAP→78W  power=76.8W
[PID] perf=26.460Hz  target=9.236Hz  err=-17.223Hz  corr=-359.40W  u_ff=84.8W  PCAP→78W  power=77.4W
[PID] perf=26.435Hz  target=9.236Hz  err=-17.199Hz  corr=-358.95W  u_ff=84.8W  PCAP→78W  power=79.2W
[PID] perf=26.439Hz  target=9.236Hz  err=-17.203Hz  corr=-359.02W  u_ff=84.8W  PCAP→78W  power=77.4W
[PID] perf=26.467Hz  target=9.236Hz  err=-17.231Hz  corr=-359.54W  u_ff=84.8W  PCAP→78W  power=77.8W
[PID] perf=26.450Hz  target=9.236Hz  err=-17.213Hz  corr=-359.22W  u_ff=84.8W  PCAP→78W  power=78.1W
[PID] perf=26.464Hz  target=9.236Hz  err=-17.228Hz  corr=-359.49W  u_ff=84.8W  PCAP→78W  power=77.0W
[PID] perf=26.427Hz  target=9.236Hz  err=-17.191Hz  corr=-358.80W  u_ff=84.8W  PCAP→78W  power=76.5W
[PID] perf=26.461Hz  target=9.236Hz  err=-17.224Hz  corr=-359.42W  u_ff=84.8W  PCAP→78W  power=78.1W
[PID] perf=26.499Hz  target=9.236Hz  err=-17.262Hz  corr=-360.13W  u_ff=84.8W  PCAP→78W  power=77.5W
[PID] perf=26.486Hz  target=9.236Hz  err=-17.250Hz  corr=-359.89W  u_ff=84.8W  PCAP→78W  power=78.6W
[PID] perf=26.500Hz  target=9.236Hz  err=-17.264Hz  corr=-360.16W  u_ff=84.8W  PCAP→78W  power=78.8W
[PID] perf=26.498Hz  target=9.236Hz  err=-17.262Hz  corr=-360.11W  u_ff=84.8W  PCAP→78W  power=78.8W
[PID] perf=26.481Hz  target=9.236Hz  err=-17.245Hz  corr=-359.80W  u_ff=84.8W  PCAP→78W  power=77.4W
[PID] perf=26.521Hz  target=9.236Hz  err=-17.285Hz  corr=-360.54W  u_ff=84.8W  PCAP→78W  power=78.7W
[PID] perf=26.492Hz  target=9.236Hz  err=-17.256Hz  corr=-360.01W  u_ff=84.8W  PCAP→78W  power=77.9W
[PID] perf=26.481Hz  target=9.236Hz  err=-17.245Hz  corr=-359.80W  u_ff=84.8W  PCAP→78W  power=77.4W
[PID] perf=26.460Hz  target=9.236Hz  err=-17.224Hz  corr=-359.41W  u_ff=84.8W  PCAP→78W  power=77.6W
[PID] perf=26.467Hz  target=9.236Hz  err=-17.231Hz  corr=-359.54W  u_ff=84.8W  PCAP→78W  power=78.5W
[PID] perf=26.471Hz  target=9.236Hz  err=-17.235Hz  corr=-359.62W  u_ff=84.8W  PCAP→78W  power=78.3W
[PID] perf=26.417Hz  target=9.236Hz  err=-17.181Hz  corr=-358.62W  u_ff=84.8W  PCAP→78W  power=76.9W
[PID] perf=26.406Hz  target=9.236Hz  err=-17.170Hz  corr=-358.41W  u_ff=84.8W  PCAP→78W  power=76.5W
[PID] perf=26.370Hz  target=9.236Hz  err=-17.134Hz  corr=-357.74W  u_ff=84.8W  PCAP→78W  power=78.7W
[PID] perf=26.404Hz  target=9.236Hz  err=-17.167Hz  corr=-358.36W  u_ff=84.8W  PCAP→78W  power=78.6W
[PID] perf=26.388Hz  target=9.236Hz  err=-17.152Hz  corr=-358.07W  u_ff=84.8W  PCAP→78W  power=77.2W
[PID] perf=26.383Hz  target=9.236Hz  err=-17.147Hz  corr=-357.99W  u_ff=84.8W  PCAP→78W  power=79.4W
[PID] perf=26.402Hz  target=9.236Hz  err=-17.166Hz  corr=-358.34W  u_ff=84.8W  PCAP→78W  power=77.9W
[PID] perf=26.377Hz  target=9.236Hz  err=-17.141Hz  corr=-357.88W  u_ff=84.8W  PCAP→78W  power=78.8W
[PID] perf=26.443Hz  target=9.236Hz  err=-17.207Hz  corr=-359.09W  u_ff=84.8W  PCAP→78W  power=77.8W
[PID] perf=26.422Hz  target=9.236Hz  err=-17.185Hz  corr=-358.70W  u_ff=84.8W  PCAP→78W  power=77.4W
[PID] perf=26.410Hz  target=9.236Hz  err=-17.174Hz  corr=-358.49W  u_ff=84.8W  PCAP→78W  power=76.5W
[PID] perf=26.392Hz  target=9.236Hz  err=-17.156Hz  corr=-358.15W  u_ff=84.8W  PCAP→78W  power=77.8W
[PID] perf=26.430Hz  target=9.236Hz  err=-17.194Hz  corr=-358.85W  u_ff=84.8W  PCAP→78W  power=78.7W
[PID] perf=26.411Hz  target=9.236Hz  err=-17.175Hz  corr=-358.51W  u_ff=84.8W  PCAP→78W  power=78.2W
[PID] perf=26.383Hz  target=9.236Hz  err=-17.147Hz  corr=-357.98W  u_ff=84.8W  PCAP→78W  power=78.8W
[PID] perf=26.410Hz  target=9.236Hz  err=-17.173Hz  corr=-358.47W  u_ff=84.8W  PCAP→78W  power=79.0W
[PID] perf=26.385Hz  target=9.236Hz  err=-17.149Hz  corr=-358.02W  u_ff=84.8W  PCAP→78W  power=78.2W
[PID] perf=26.374Hz  target=9.236Hz  err=-17.137Hz  corr=-357.81W  u_ff=84.8W  PCAP→78W  power=77.8W
[PID] perf=26.391Hz  target=9.236Hz  err=-17.155Hz  corr=-358.14W  u_ff=84.8W  PCAP→78W  power=79.1W
[PID] perf=26.349Hz  target=9.236Hz  err=-17.113Hz  corr=-357.36W  u_ff=84.8W  PCAP→78W  power=78.2W
[PID] perf=26.406Hz  target=9.236Hz  err=-17.169Hz  corr=-358.40W  u_ff=84.8W  PCAP→78W  power=79.3W
[PID] perf=25.464Hz  target=9.236Hz  err=-16.227Hz  corr=-340.93W  u_ff=84.8W  PCAP→78W  power=77.1W
[PID] perf=25.500Hz  target=9.236Hz  err=-16.264Hz  corr=-341.61W  u_ff=84.8W  PCAP→78W  power=77.4W
[PID] perf=25.594Hz  target=9.236Hz  err=-16.358Hz  corr=-343.36W  u_ff=84.8W  PCAP→78W  power=78.9W
[PID] perf=25.623Hz  target=9.236Hz  err=-16.387Hz  corr=-343.89W  u_ff=84.8W  PCAP→78W  power=78.4W
[PID] perf=25.602Hz  target=9.236Hz  err=-16.365Hz  corr=-343.49W  u_ff=84.8W  PCAP→78W  power=78.8W
[PID] perf=25.619Hz  target=9.236Hz  err=-16.383Hz  corr=-343.82W  u_ff=84.8W  PCAP→78W  power=78.7W
[PID] perf=25.604Hz  target=9.236Hz  err=-16.368Hz  corr=-343.54W  u_ff=84.8W  PCAP→78W  power=76.7W
[PID] perf=25.571Hz  target=9.236Hz  err=-16.335Hz  corr=-342.92W  u_ff=84.8W  PCAP→78W  power=76.9W
[PID] perf=25.644Hz  target=9.236Hz  err=-16.407Hz  corr=-344.27W  u_ff=84.8W  PCAP→78W  power=77.0W
[PID] perf=26.437Hz  target=9.236Hz  err=-17.201Hz  corr=-358.99W  u_ff=84.8W  PCAP→78W  power=77.2W
[PID] perf=26.491Hz  target=9.236Hz  err=-17.255Hz  corr=-359.98W  u_ff=84.8W  PCAP→78W  power=77.6W
[PID] perf=26.463Hz  target=9.236Hz  err=-17.226Hz  corr=-359.46W  u_ff=84.8W  PCAP→78W  power=76.1W
[PID] perf=26.505Hz  target=9.236Hz  err=-17.269Hz  corr=-360.24W  u_ff=84.8W  PCAP→78W  power=77.6W
[PID] perf=26.571Hz  target=9.236Hz  err=-17.335Hz  corr=-361.47W  u_ff=84.8W  PCAP→78W  power=77.3W
[PID] perf=26.479Hz  target=9.236Hz  err=-17.243Hz  corr=-359.77W  u_ff=84.8W  PCAP→78W  power=79.0W
[PID] perf=26.494Hz  target=9.236Hz  err=-17.258Hz  corr=-360.05W  u_ff=84.8W  PCAP→78W  power=76.8W
[PID] perf=26.480Hz  target=9.236Hz  err=-17.244Hz  corr=-359.78W  u_ff=84.8W  PCAP→78W  power=78.8W
[PID] perf=26.564Hz  target=9.236Hz  err=-17.327Hz  corr=-361.33W  u_ff=84.8W  PCAP→78W  power=77.2W
[PID] perf=26.537Hz  target=9.236Hz  err=-17.301Hz  corr=-360.83W  u_ff=84.8W  PCAP→78W  power=79.2W
[PID] perf=26.549Hz  target=9.236Hz  err=-17.312Hz  corr=-361.05W  u_ff=84.8W  PCAP→78W  power=76.9W
[PID] perf=26.562Hz  target=9.236Hz  err=-17.326Hz  corr=-361.30W  u_ff=84.8W  PCAP→78W  power=78.7W
[PID] perf=26.585Hz  target=9.236Hz  err=-17.348Hz  corr=-361.72W  u_ff=84.8W  PCAP→78W  power=78.8W
[PID] perf=26.544Hz  target=9.236Hz  err=-17.308Hz  corr=-360.98W  u_ff=84.8W  PCAP→78W  power=77.0W
[PID] perf=26.541Hz  target=9.236Hz  err=-17.304Hz  corr=-360.90W  u_ff=84.8W  PCAP→78W  power=78.7W
[PID] perf=26.522Hz  target=9.236Hz  err=-17.285Hz  corr=-360.55W  u_ff=84.8W  PCAP→78W  power=79.1W
[PID] perf=26.508Hz  target=9.236Hz  err=-17.271Hz  corr=-360.29W  u_ff=84.8W  PCAP→78W  power=78.2W
[PID] perf=26.539Hz  target=9.236Hz  err=-17.303Hz  corr=-360.87W  u_ff=84.8W  PCAP→78W  power=77.5W
[PID] perf=26.521Hz  target=9.236Hz  err=-17.285Hz  corr=-360.54W  u_ff=84.8W  PCAP→78W  power=77.7W
[PID] perf=26.065Hz  target=9.236Hz  err=-16.829Hz  corr=-352.09W  u_ff=84.8W  PCAP→78W  power=77.1W
[PID] perf=26.185Hz  target=9.236Hz  err=-16.949Hz  corr=-354.32W  u_ff=84.8W  PCAP→78W  power=77.1W
[PID] perf=26.193Hz  target=9.236Hz  err=-16.957Hz  corr=-354.47W  u_ff=84.8W  PCAP→78W  power=76.8W
[PID] perf=26.254Hz  target=9.236Hz  err=-17.018Hz  corr=-355.60W  u_ff=84.8W  PCAP→78W  power=77.7W
[PID] perf=26.130Hz  target=9.236Hz  err=-16.894Hz  corr=-353.30W  u_ff=84.8W  PCAP→78W  power=76.9W
[PID] perf=26.112Hz  target=9.236Hz  err=-16.876Hz  corr=-352.95W  u_ff=84.8W  PCAP→78W  power=77.9W
[PID] perf=26.135Hz  target=9.236Hz  err=-16.899Hz  corr=-353.38W  u_ff=84.8W  PCAP→78W  power=77.4W
[PID] perf=26.135Hz  target=9.236Hz  err=-16.899Hz  corr=-353.38W  u_ff=84.8W  PCAP→78W  power=77.7W
[PID] perf=26.111Hz  target=9.236Hz  err=-16.875Hz  corr=-352.94W  u_ff=84.8W  PCAP→78W  power=78.9W
[PID] perf=26.139Hz  target=9.236Hz  err=-16.903Hz  corr=-353.47W  u_ff=84.8W  PCAP→78W  power=78.2W
[PID] perf=26.130Hz  target=9.236Hz  err=-16.894Hz  corr=-353.29W  u_ff=84.8W  PCAP→78W  power=77.9W
[PID] perf=26.131Hz  target=9.236Hz  err=-16.894Hz  corr=-353.30W  u_ff=84.8W  PCAP→78W  power=77.0W
[PID] perf=26.097Hz  target=9.236Hz  err=-16.861Hz  corr=-352.68W  u_ff=84.8W  PCAP→78W  power=78.4W
[PID] perf=26.126Hz  target=9.236Hz  err=-16.889Hz  corr=-353.21W  u_ff=84.8W  PCAP→78W  power=77.7W
[PID] perf=26.092Hz  target=9.236Hz  err=-16.856Hz  corr=-352.58W  u_ff=84.8W  PCAP→78W  power=78.1W
[PID] perf=26.097Hz  target=9.236Hz  err=-16.861Hz  corr=-352.68W  u_ff=84.8W  PCAP→78W  power=79.1W
[PID] perf=26.139Hz  target=9.236Hz  err=-16.902Hz  corr=-353.45W  u_ff=84.8W  PCAP→78W  power=78.1W
[PID] perf=26.114Hz  target=9.236Hz  err=-16.878Hz  corr=-352.99W  u_ff=84.8W  PCAP→78W  power=77.7W
[PID] perf=26.132Hz  target=9.236Hz  err=-16.896Hz  corr=-353.33W  u_ff=84.8W  PCAP→78W  power=77.7W
[PID] perf=26.122Hz  target=9.236Hz  err=-16.886Hz  corr=-353.15W  u_ff=84.8W  PCAP→78W  power=78.7W
[PID] perf=26.141Hz  target=9.236Hz  err=-16.905Hz  corr=-353.49W  u_ff=84.8W  PCAP→78W  power=77.3W
[PID] perf=26.099Hz  target=9.236Hz  err=-16.863Hz  corr=-352.72W  u_ff=84.8W  PCAP→78W  power=76.6W
[PID] perf=26.138Hz  target=9.236Hz  err=-16.902Hz  corr=-353.44W  u_ff=84.8W  PCAP→78W  power=78.7W
[PID] perf=26.108Hz  target=9.236Hz  err=-16.871Hz  corr=-352.88W  u_ff=84.8W  PCAP→78W  power=78.4W
[PID] perf=26.139Hz  target=9.236Hz  err=-16.902Hz  corr=-353.45W  u_ff=84.8W  PCAP→78W  power=78.8W
[PID] perf=26.151Hz  target=9.236Hz  err=-16.915Hz  corr=-353.68W  u_ff=84.8W  PCAP→78W  power=77.3W
[PID] perf=26.145Hz  target=9.236Hz  err=-16.908Hz  corr=-353.56W  u_ff=84.8W  PCAP→78W  power=76.4W
[PID] perf=26.117Hz  target=9.236Hz  err=-16.881Hz  corr=-353.04W  u_ff=84.8W  PCAP→78W  power=78.7W
[PID] perf=26.114Hz  target=9.236Hz  err=-16.878Hz  corr=-352.99W  u_ff=84.8W  PCAP→78W  power=78.1W
[PID] perf=26.130Hz  target=9.236Hz  err=-16.894Hz  corr=-353.29W  u_ff=84.8W  PCAP→78W  power=78.1W
[PID] perf=26.112Hz  target=9.236Hz  err=-16.875Hz  corr=-352.95W  u_ff=84.8W  PCAP→78W  power=78.4W
[PID] perf=26.112Hz  target=9.236Hz  err=-16.876Hz  corr=-352.96W  u_ff=84.8W  PCAP→78W  power=78.6W
[PID] perf=26.110Hz  target=9.236Hz  err=-16.874Hz  corr=-352.92W  u_ff=84.8W  PCAP→78W  power=79.5W
[PID] perf=26.281Hz  target=9.236Hz  err=-17.044Hz  corr=-356.08W  u_ff=84.8W  PCAP→78W  power=78.8W
[PID] perf=26.116Hz  target=9.236Hz  err=-16.880Hz  corr=-353.03W  u_ff=84.8W  PCAP→78W  power=77.2W
[PID] perf=26.109Hz  target=9.236Hz  err=-16.873Hz  corr=-352.90W  u_ff=84.8W  PCAP→78W  power=77.3W
[PID] perf=26.186Hz  target=9.236Hz  err=-16.950Hz  corr=-354.33W  u_ff=84.8W  PCAP→78W  power=77.9W
[PID] perf=26.251Hz  target=9.236Hz  err=-17.015Hz  corr=-355.53W  u_ff=84.8W  PCAP→78W  power=79.1W
[PID] perf=26.104Hz  target=9.236Hz  err=-16.868Hz  corr=-352.81W  u_ff=84.8W  PCAP→78W  power=79.0W
[PID] perf=26.134Hz  target=9.236Hz  err=-16.897Hz  corr=-353.36W  u_ff=84.8W  PCAP→78W  power=79.0W
[PID] perf=26.092Hz  target=9.236Hz  err=-16.855Hz  corr=-352.58W  u_ff=84.8W  PCAP→78W  power=78.1W
[PID] perf=26.139Hz  target=9.236Hz  err=-16.903Hz  corr=-353.45W  u_ff=84.8W  PCAP→78W  power=77.6W
[PID] perf=26.137Hz  target=9.236Hz  err=-16.900Hz  corr=-353.41W  u_ff=84.8W  PCAP→78W  power=76.4W
[PID] perf=26.154Hz  target=9.236Hz  err=-16.918Hz  corr=-353.74W  u_ff=84.8W  PCAP→78W  power=77.6W
[PID] perf=26.124Hz  target=9.236Hz  err=-16.888Hz  corr=-353.18W  u_ff=84.8W  PCAP→78W  power=78.9W
[PID] perf=26.153Hz  target=9.236Hz  err=-16.916Hz  corr=-353.71W  u_ff=84.8W  PCAP→78W  power=78.0W
[PID] perf=26.128Hz  target=9.236Hz  err=-16.892Hz  corr=-353.26W  u_ff=84.8W  PCAP→78W  power=77.8W
[PID] perf=26.146Hz  target=9.236Hz  err=-16.910Hz  corr=-353.59W  u_ff=84.8W  PCAP→78W  power=79.0W
[PID] perf=26.138Hz  target=9.236Hz  err=-16.902Hz  corr=-353.44W  u_ff=84.8W  PCAP→78W  power=79.1W
[PID] perf=26.156Hz  target=9.236Hz  err=-16.919Hz  corr=-353.77W  u_ff=84.8W  PCAP→78W  power=79.0W
[PID] perf=26.149Hz  target=9.236Hz  err=-16.913Hz  corr=-353.64W  u_ff=84.8W  PCAP→78W  power=78.4W
[PID] perf=26.133Hz  target=9.236Hz  err=-16.897Hz  corr=-353.35W  u_ff=84.8W  PCAP→78W  power=78.7W
[PID] perf=26.134Hz  target=9.236Hz  err=-16.898Hz  corr=-353.36W  u_ff=84.8W  PCAP→78W  power=77.3W
[PID] perf=26.124Hz  target=9.236Hz  err=-16.888Hz  corr=-353.18W  u_ff=84.8W  PCAP→78W  power=76.5W
[PID] perf=26.146Hz  target=9.236Hz  err=-16.910Hz  corr=-353.59W  u_ff=84.8W  PCAP→78W  power=76.8W
[PID] perf=26.121Hz  target=9.236Hz  err=-16.884Hz  corr=-353.12W  u_ff=84.8W  PCAP→78W  power=76.3W
[PID] perf=26.118Hz  target=9.236Hz  err=-16.881Hz  corr=-353.06W  u_ff=84.8W  PCAP→78W  power=76.6W
[PID] perf=26.136Hz  target=9.236Hz  err=-16.900Hz  corr=-353.40W  u_ff=84.8W  PCAP→78W  power=77.1W
[PID] perf=26.119Hz  target=9.236Hz  err=-16.882Hz  corr=-353.08W  u_ff=84.8W  PCAP→78W  power=76.3W
[PID] perf=26.149Hz  target=9.236Hz  err=-16.913Hz  corr=-353.65W  u_ff=84.8W  PCAP→78W  power=78.5W
[PID] perf=26.125Hz  target=9.236Hz  err=-16.889Hz  corr=-353.20W  u_ff=84.8W  PCAP→78W  power=79.0W
[PID] perf=26.115Hz  target=9.236Hz  err=-16.879Hz  corr=-353.02W  u_ff=84.8W  PCAP→78W  power=77.9W
[PID] perf=26.132Hz  target=9.236Hz  err=-16.896Hz  corr=-353.32W  u_ff=84.8W  PCAP→78W  power=78.5W
[PID] perf=26.177Hz  target=9.236Hz  err=-16.941Hz  corr=-354.17W  u_ff=84.8W  PCAP→78W  power=78.6W
[PID] perf=26.237Hz  target=9.236Hz  err=-17.001Hz  corr=-355.27W  u_ff=84.8W  PCAP→78W  power=78.9W
[PID] perf=26.201Hz  target=9.236Hz  err=-16.964Hz  corr=-354.60W  u_ff=84.8W  PCAP→78W  power=79.1W
[PID] perf=26.193Hz  target=9.236Hz  err=-16.957Hz  corr=-354.46W  u_ff=84.8W  PCAP→78W  power=79.0W
[PID] perf=26.153Hz  target=9.236Hz  err=-16.916Hz  corr=-353.71W  u_ff=84.8W  PCAP→78W  power=76.5W
[PID] perf=27.535Hz  target=9.236Hz  err=-18.298Hz  corr=-379.34W  u_ff=84.8W  PCAP→78W  power=76.5W
[PID] perf=27.626Hz  target=9.236Hz  err=-18.390Hz  corr=-381.03W  u_ff=84.8W  PCAP→78W  power=78.5W
[PID] perf=27.719Hz  target=9.236Hz  err=-18.483Hz  corr=-382.77W  u_ff=84.8W  PCAP→78W  power=78.6W
[PID] perf=27.648Hz  target=9.236Hz  err=-18.412Hz  corr=-381.44W  u_ff=84.8W  PCAP→78W  power=78.5W
[PID] perf=27.661Hz  target=9.236Hz  err=-18.424Hz  corr=-381.68W  u_ff=84.8W  PCAP→78W  power=78.7W
[PID] perf=27.657Hz  target=9.236Hz  err=-18.420Hz  corr=-381.60W  u_ff=84.8W  PCAP→78W  power=77.5W
[PID] perf=27.668Hz  target=9.236Hz  err=-18.432Hz  corr=-381.82W  u_ff=84.8W  PCAP→78W  power=77.2W
[PID] perf=27.662Hz  target=9.236Hz  err=-18.426Hz  corr=-381.70W  u_ff=84.8W  PCAP→78W  power=78.9W
[PID] perf=27.643Hz  target=9.236Hz  err=-18.406Hz  corr=-381.34W  u_ff=84.8W  PCAP→78W  power=78.6W
[PID] perf=27.674Hz  target=9.236Hz  err=-18.438Hz  corr=-381.93W  u_ff=84.8W  PCAP→78W  power=78.8W
[PID] perf=27.670Hz  target=9.236Hz  err=-18.433Hz  corr=-381.84W  u_ff=84.8W  PCAP→78W  power=76.2W
[PID] perf=27.656Hz  target=9.236Hz  err=-18.419Hz  corr=-381.58W  u_ff=84.8W  PCAP→78W  power=77.0W
[PID] perf=27.670Hz  target=9.236Hz  err=-18.433Hz  corr=-381.84W  u_ff=84.8W  PCAP→78W  power=78.4W
[PID] perf=27.648Hz  target=9.236Hz  err=-18.412Hz  corr=-381.45W  u_ff=84.8W  PCAP→78W  power=78.6W
[PID] perf=27.663Hz  target=9.236Hz  err=-18.427Hz  corr=-381.72W  u_ff=84.8W  PCAP→78W  power=78.4W
[PID] perf=27.651Hz  target=9.236Hz  err=-18.415Hz  corr=-381.50W  u_ff=84.8W  PCAP→78W  power=79.0W
[PID] perf=27.667Hz  target=9.236Hz  err=-18.431Hz  corr=-381.80W  u_ff=84.8W  PCAP→78W  power=78.5W
[PID] perf=27.663Hz  target=9.236Hz  err=-18.427Hz  corr=-381.71W  u_ff=84.8W  PCAP→78W  power=78.8W
[PID] perf=27.682Hz  target=9.236Hz  err=-18.446Hz  corr=-382.07W  u_ff=84.8W  PCAP→78W  power=78.7W
[PID] perf=27.693Hz  target=9.236Hz  err=-18.457Hz  corr=-382.28W  u_ff=84.8W  PCAP→78W  power=77.4W
[PID] perf=27.680Hz  target=9.236Hz  err=-18.444Hz  corr=-382.03W  u_ff=84.8W  PCAP→78W  power=76.6W
[PID] perf=27.671Hz  target=9.236Hz  err=-18.434Hz  corr=-381.86W  u_ff=84.8W  PCAP→78W  power=77.4W
[PID] perf=27.655Hz  target=9.236Hz  err=-18.418Hz  corr=-381.56W  u_ff=84.8W  PCAP→78W  power=77.3W
[PID] perf=27.667Hz  target=9.236Hz  err=-18.431Hz  corr=-381.79W  u_ff=84.8W  PCAP→78W  power=77.6W
[PID] perf=27.666Hz  target=9.236Hz  err=-18.430Hz  corr=-381.78W  u_ff=84.8W  PCAP→78W  power=79.0W
[PID] perf=27.636Hz  target=9.236Hz  err=-18.399Hz  corr=-381.21W  u_ff=84.8W  PCAP→78W  power=78.3W
[PID] perf=27.600Hz  target=9.236Hz  err=-18.364Hz  corr=-380.55W  u_ff=84.8W  PCAP→78W  power=79.2W
[PID] perf=27.668Hz  target=9.236Hz  err=-18.432Hz  corr=-381.81W  u_ff=84.8W  PCAP→78W  power=78.0W
[PID] perf=27.747Hz  target=9.236Hz  err=-18.511Hz  corr=-383.27W  u_ff=84.8W  PCAP→78W  power=78.2W
[PID] perf=27.761Hz  target=9.236Hz  err=-18.524Hz  corr=-383.53W  u_ff=84.8W  PCAP→78W  power=78.4W
[PID] perf=27.780Hz  target=9.236Hz  err=-18.544Hz  corr=-383.89W  u_ff=84.8W  PCAP→78W  power=76.7W
Process completed.
Compressed into /home/cc/summer2024/main_codes/pid_controller/../experiment_data/PID_Control_sweep/ones-npb-cg/compressed_iteration_20260513_015919.tar
----------------------------------

>>> Step 2/3

[ones-npb-cg]
  target perf      : 9.2362 Hz
  coefficients_perf: [-0.0006547837485238978, 0.18607436314256556, -1.8317688501798497]
  feedforward PCAP : 84.77 W  →  83 W (snapped)
  Perf(u_ff) check : 9.2362 Hz  (should ≈ target)
  PID gains        : Kp=18.5447 W/Hz  Ki=1.85447 W/(Hz·s)  Kd=0.0000
[PID] Awaiting data — feedforward PCAP=83W
[PID] Awaiting data — feedforward PCAP=83W
[PID] Awaiting data — feedforward PCAP=83W
[PID] Awaiting data — feedforward PCAP=83W
[PID] Awaiting data — feedforward PCAP=83W
[PID] Awaiting data — feedforward PCAP=83W
[PID] perf=18.814Hz  target=9.236Hz  err=-9.578Hz  corr=-213.15W  u_ff=84.8W  PCAP→78W  power=nanW
[PID] perf=18.171Hz  target=9.236Hz  err=-8.935Hz  corr=-205.69W  u_ff=84.8W  PCAP→78W  power=76.8W
[PID] perf=18.178Hz  target=9.236Hz  err=-8.941Hz  corr=-205.82W  u_ff=84.8W  PCAP→78W  power=77.9W
[PID] perf=18.180Hz  target=9.236Hz  err=-8.943Hz  corr=-205.85W  u_ff=84.8W  PCAP→78W  power=78.7W
[PID] perf=18.181Hz  target=9.236Hz  err=-8.945Hz  corr=-205.88W  u_ff=84.8W  PCAP→78W  power=77.2W
[PID] perf=18.153Hz  target=9.236Hz  err=-8.917Hz  corr=-205.36W  u_ff=84.8W  PCAP→78W  power=77.0W
[PID] perf=18.188Hz  target=9.236Hz  err=-8.952Hz  corr=-206.01W  u_ff=84.8W  PCAP→78W  power=77.8W
[PID] perf=18.201Hz  target=9.236Hz  err=-8.965Hz  corr=-206.26W  u_ff=84.8W  PCAP→78W  power=78.4W
[PID] perf=18.192Hz  target=9.236Hz  err=-8.956Hz  corr=-206.08W  u_ff=84.8W  PCAP→78W  power=78.5W
[PID] perf=18.165Hz  target=9.236Hz  err=-8.929Hz  corr=-205.59W  u_ff=84.8W  PCAP→78W  power=77.4W
[PID] perf=18.190Hz  target=9.236Hz  err=-8.954Hz  corr=-206.04W  u_ff=84.8W  PCAP→78W  power=77.1W
[PID] perf=27.538Hz  target=9.236Hz  err=-18.301Hz  corr=-379.39W  u_ff=84.8W  PCAP→78W  power=77.9W
[PID] perf=27.878Hz  target=9.236Hz  err=-18.642Hz  corr=-385.71W  u_ff=84.8W  PCAP→78W  power=78.6W
[PID] perf=27.878Hz  target=9.236Hz  err=-18.642Hz  corr=-385.71W  u_ff=84.8W  PCAP→78W  power=79.0W
[PID] perf=27.892Hz  target=9.236Hz  err=-18.655Hz  corr=-385.96W  u_ff=84.8W  PCAP→78W  power=78.4W
[PID] perf=27.868Hz  target=9.236Hz  err=-18.632Hz  corr=-385.52W  u_ff=84.8W  PCAP→78W  power=77.5W
[PID] perf=27.874Hz  target=9.236Hz  err=-18.638Hz  corr=-385.63W  u_ff=84.8W  PCAP→78W  power=77.5W
[PID] perf=27.903Hz  target=9.236Hz  err=-18.667Hz  corr=-386.18W  u_ff=84.8W  PCAP→78W  power=79.4W
[PID] perf=27.848Hz  target=9.236Hz  err=-18.612Hz  corr=-385.16W  u_ff=84.8W  PCAP→78W  power=78.8W
[PID] perf=27.881Hz  target=9.236Hz  err=-18.645Hz  corr=-385.77W  u_ff=84.8W  PCAP→78W  power=78.2W
[PID] perf=27.891Hz  target=9.236Hz  err=-18.655Hz  corr=-385.95W  u_ff=84.8W  PCAP→78W  power=78.5W
[PID] perf=27.933Hz  target=9.236Hz  err=-18.697Hz  corr=-386.73W  u_ff=84.8W  PCAP→78W  power=77.5W
[PID] perf=27.909Hz  target=9.236Hz  err=-18.672Hz  corr=-386.27W  u_ff=84.8W  PCAP→78W  power=76.5W
[PID] perf=27.906Hz  target=9.236Hz  err=-18.670Hz  corr=-386.23W  u_ff=84.8W  PCAP→78W  power=78.3W
[PID] perf=27.929Hz  target=9.236Hz  err=-18.692Hz  corr=-386.65W  u_ff=84.8W  PCAP→78W  power=77.3W
[PID] perf=27.904Hz  target=9.236Hz  err=-18.668Hz  corr=-386.20W  u_ff=84.8W  PCAP→78W  power=79.0W
[PID] perf=27.889Hz  target=9.236Hz  err=-18.653Hz  corr=-385.91W  u_ff=84.8W  PCAP→78W  power=77.7W
[PID] perf=27.900Hz  target=9.236Hz  err=-18.664Hz  corr=-386.11W  u_ff=84.8W  PCAP→78W  power=76.7W
[PID] perf=27.923Hz  target=9.236Hz  err=-18.687Hz  corr=-386.54W  u_ff=84.8W  PCAP→78W  power=76.7W
[PID] perf=27.910Hz  target=9.236Hz  err=-18.674Hz  corr=-386.31W  u_ff=84.8W  PCAP→78W  power=79.0W
[PID] perf=27.922Hz  target=9.236Hz  err=-18.686Hz  corr=-386.53W  u_ff=84.8W  PCAP→78W  power=79.1W
[PID] perf=27.901Hz  target=9.236Hz  err=-18.664Hz  corr=-386.13W  u_ff=84.8W  PCAP→78W  power=78.9W
[PID] perf=27.903Hz  target=9.236Hz  err=-18.667Hz  corr=-386.17W  u_ff=84.8W  PCAP→78W  power=78.6W
[PID] perf=27.920Hz  target=9.236Hz  err=-18.684Hz  corr=-386.49W  u_ff=84.8W  PCAP→78W  power=77.0W
[PID] perf=27.927Hz  target=9.236Hz  err=-18.691Hz  corr=-386.62W  u_ff=84.8W  PCAP→78W  power=78.7W
[PID] perf=27.917Hz  target=9.236Hz  err=-18.681Hz  corr=-386.44W  u_ff=84.8W  PCAP→78W  power=78.8W
[PID] perf=27.893Hz  target=9.236Hz  err=-18.657Hz  corr=-385.98W  u_ff=84.8W  PCAP→78W  power=77.3W
[PID] perf=27.912Hz  target=9.236Hz  err=-18.676Hz  corr=-386.34W  u_ff=84.8W  PCAP→78W  power=76.2W
[PID] perf=27.907Hz  target=9.236Hz  err=-18.671Hz  corr=-386.25W  u_ff=84.8W  PCAP→78W  power=77.1W
[PID] perf=27.888Hz  target=9.236Hz  err=-18.652Hz  corr=-385.90W  u_ff=84.8W  PCAP→78W  power=77.3W
[PID] perf=27.846Hz  target=9.236Hz  err=-18.610Hz  corr=-385.12W  u_ff=84.8W  PCAP→78W  power=78.2W
[PID] perf=27.887Hz  target=9.236Hz  err=-18.651Hz  corr=-385.87W  u_ff=84.8W  PCAP→78W  power=77.3W
[PID] perf=27.865Hz  target=9.236Hz  err=-18.629Hz  corr=-385.47W  u_ff=84.8W  PCAP→78W  power=77.3W
[PID] perf=27.913Hz  target=9.236Hz  err=-18.677Hz  corr=-386.35W  u_ff=84.8W  PCAP→78W  power=79.1W
[PID] perf=27.934Hz  target=9.236Hz  err=-18.698Hz  corr=-386.74W  u_ff=84.8W  PCAP→78W  power=79.0W
[PID] perf=27.858Hz  target=9.236Hz  err=-18.622Hz  corr=-385.34W  u_ff=84.8W  PCAP→78W  power=78.0W
[PID] perf=27.885Hz  target=9.236Hz  err=-18.648Hz  corr=-385.83W  u_ff=84.8W  PCAP→78W  power=77.9W
[PID] perf=27.906Hz  target=9.236Hz  err=-18.670Hz  corr=-386.22W  u_ff=84.8W  PCAP→78W  power=79.1W
[PID] perf=27.905Hz  target=9.236Hz  err=-18.668Hz  corr=-386.20W  u_ff=84.8W  PCAP→78W  power=77.1W
[PID] perf=27.875Hz  target=9.236Hz  err=-18.639Hz  corr=-385.65W  u_ff=84.8W  PCAP→78W  power=78.0W
[PID] perf=27.888Hz  target=9.236Hz  err=-18.652Hz  corr=-385.89W  u_ff=84.8W  PCAP→78W  power=77.7W
[PID] perf=27.941Hz  target=9.236Hz  err=-18.705Hz  corr=-386.88W  u_ff=84.8W  PCAP→78W  power=76.5W
[PID] perf=27.913Hz  target=9.236Hz  err=-18.677Hz  corr=-386.36W  u_ff=84.8W  PCAP→78W  power=79.1W
[PID] perf=27.923Hz  target=9.236Hz  err=-18.687Hz  corr=-386.55W  u_ff=84.8W  PCAP→78W  power=77.1W
[PID] perf=27.975Hz  target=9.236Hz  err=-18.739Hz  corr=-387.51W  u_ff=84.8W  PCAP→78W  power=78.1W
[PID] perf=27.954Hz  target=9.236Hz  err=-18.718Hz  corr=-387.11W  u_ff=84.8W  PCAP→78W  power=77.8W
[PID] perf=27.937Hz  target=9.236Hz  err=-18.701Hz  corr=-386.81W  u_ff=84.8W  PCAP→78W  power=79.5W
[PID] perf=27.930Hz  target=9.236Hz  err=-18.694Hz  corr=-386.67W  u_ff=84.8W  PCAP→78W  power=77.7W
[PID] perf=27.902Hz  target=9.236Hz  err=-18.666Hz  corr=-386.16W  u_ff=84.8W  PCAP→78W  power=77.4W
[PID] perf=27.899Hz  target=9.236Hz  err=-18.663Hz  corr=-386.09W  u_ff=84.8W  PCAP→78W  power=78.1W
[PID] perf=27.874Hz  target=9.236Hz  err=-18.638Hz  corr=-385.63W  u_ff=84.8W  PCAP→78W  power=78.1W
[PID] perf=27.887Hz  target=9.236Hz  err=-18.651Hz  corr=-385.87W  u_ff=84.8W  PCAP→78W  power=78.7W
[PID] perf=27.877Hz  target=9.236Hz  err=-18.641Hz  corr=-385.69W  u_ff=84.8W  PCAP→78W  power=79.0W
[PID] perf=27.912Hz  target=9.236Hz  err=-18.676Hz  corr=-386.33W  u_ff=84.8W  PCAP→78W  power=77.9W
[PID] perf=27.965Hz  target=9.236Hz  err=-18.729Hz  corr=-387.32W  u_ff=84.8W  PCAP→78W  power=76.5W
[PID] perf=27.941Hz  target=9.236Hz  err=-18.705Hz  corr=-386.88W  u_ff=84.8W  PCAP→78W  power=78.1W
[PID] perf=27.905Hz  target=9.236Hz  err=-18.668Hz  corr=-386.20W  u_ff=84.8W  PCAP→78W  power=78.0W
[PID] perf=27.881Hz  target=9.236Hz  err=-18.644Hz  corr=-385.75W  u_ff=84.8W  PCAP→78W  power=76.3W
[PID] perf=27.865Hz  target=9.236Hz  err=-18.629Hz  corr=-385.46W  u_ff=84.8W  PCAP→78W  power=78.5W
[PID] perf=27.892Hz  target=9.236Hz  err=-18.656Hz  corr=-385.97W  u_ff=84.8W  PCAP→78W  power=77.9W
[PID] perf=27.879Hz  target=9.236Hz  err=-18.643Hz  corr=-385.73W  u_ff=84.8W  PCAP→78W  power=77.9W
[PID] perf=27.896Hz  target=9.236Hz  err=-18.660Hz  corr=-386.04W  u_ff=84.8W  PCAP→78W  power=76.8W
[PID] perf=27.973Hz  target=9.236Hz  err=-18.737Hz  corr=-387.47W  u_ff=84.8W  PCAP→78W  power=79.2W
[PID] perf=28.055Hz  target=9.236Hz  err=-18.819Hz  corr=-388.99W  u_ff=84.8W  PCAP→78W  power=78.6W
[PID] perf=28.053Hz  target=9.236Hz  err=-18.817Hz  corr=-388.96W  u_ff=84.8W  PCAP→78W  power=77.4W
[PID] perf=27.560Hz  target=9.236Hz  err=-18.323Hz  corr=-379.80W  u_ff=84.8W  PCAP→78W  power=77.2W
[PID] perf=27.635Hz  target=9.236Hz  err=-18.398Hz  corr=-381.19W  u_ff=84.8W  PCAP→78W  power=79.3W
[PID] perf=27.675Hz  target=9.236Hz  err=-18.439Hz  corr=-381.94W  u_ff=84.8W  PCAP→78W  power=76.6W
[PID] perf=27.660Hz  target=9.236Hz  err=-18.424Hz  corr=-381.67W  u_ff=84.8W  PCAP→78W  power=76.4W
[PID] perf=27.639Hz  target=9.236Hz  err=-18.403Hz  corr=-381.28W  u_ff=84.8W  PCAP→78W  power=77.8W
[PID] perf=27.719Hz  target=9.236Hz  err=-18.483Hz  corr=-382.76W  u_ff=84.8W  PCAP→78W  power=77.2W
[PID] perf=27.719Hz  target=9.236Hz  err=-18.483Hz  corr=-382.76W  u_ff=84.8W  PCAP→78W  power=77.9W
[PID] perf=27.687Hz  target=9.236Hz  err=-18.451Hz  corr=-382.16W  u_ff=84.8W  PCAP→78W  power=77.0W
[PID] perf=27.694Hz  target=9.236Hz  err=-18.458Hz  corr=-382.30W  u_ff=84.8W  PCAP→78W  power=77.6W
[PID] perf=27.717Hz  target=9.236Hz  err=-18.481Hz  corr=-382.72W  u_ff=84.8W  PCAP→78W  power=78.8W
[PID] perf=27.715Hz  target=9.236Hz  err=-18.479Hz  corr=-382.69W  u_ff=84.8W  PCAP→78W  power=78.8W
[PID] perf=27.709Hz  target=9.236Hz  err=-18.473Hz  corr=-382.58W  u_ff=84.8W  PCAP→78W  power=77.9W
[PID] perf=27.702Hz  target=9.236Hz  err=-18.466Hz  corr=-382.45W  u_ff=84.8W  PCAP→78W  power=77.3W
[PID] perf=27.678Hz  target=9.236Hz  err=-18.442Hz  corr=-382.00W  u_ff=84.8W  PCAP→78W  power=78.7W
[PID] perf=27.639Hz  target=9.236Hz  err=-18.403Hz  corr=-381.27W  u_ff=84.8W  PCAP→78W  power=77.2W
[PID] perf=27.696Hz  target=9.236Hz  err=-18.460Hz  corr=-382.33W  u_ff=84.8W  PCAP→78W  power=78.1W
[PID] perf=27.659Hz  target=9.236Hz  err=-18.422Hz  corr=-381.64W  u_ff=84.8W  PCAP→78W  power=78.8W
[PID] perf=27.650Hz  target=9.236Hz  err=-18.414Hz  corr=-381.48W  u_ff=84.8W  PCAP→78W  power=79.3W
[PID] perf=27.637Hz  target=9.236Hz  err=-18.400Hz  corr=-381.23W  u_ff=84.8W  PCAP→78W  power=78.8W
[PID] perf=27.458Hz  target=9.236Hz  err=-18.222Hz  corr=-377.92W  u_ff=84.8W  PCAP→78W  power=77.8W
[PID] perf=27.432Hz  target=9.236Hz  err=-18.196Hz  corr=-377.43W  u_ff=84.8W  PCAP→78W  power=77.7W
[PID] perf=27.418Hz  target=9.236Hz  err=-18.182Hz  corr=-377.17W  u_ff=84.8W  PCAP→78W  power=78.2W
[PID] perf=27.592Hz  target=9.236Hz  err=-18.356Hz  corr=-380.40W  u_ff=84.8W  PCAP→78W  power=78.6W
[PID] perf=27.643Hz  target=9.236Hz  err=-18.406Hz  corr=-381.34W  u_ff=84.8W  PCAP→78W  power=79.0W
[PID] perf=27.666Hz  target=9.236Hz  err=-18.430Hz  corr=-381.78W  u_ff=84.8W  PCAP→78W  power=79.1W
[PID] perf=27.676Hz  target=9.236Hz  err=-18.440Hz  corr=-381.96W  u_ff=84.8W  PCAP→78W  power=79.1W
[PID] perf=27.702Hz  target=9.236Hz  err=-18.466Hz  corr=-382.45W  u_ff=84.8W  PCAP→78W  power=76.6W
[PID] perf=27.668Hz  target=9.236Hz  err=-18.432Hz  corr=-381.82W  u_ff=84.8W  PCAP→78W  power=76.8W
[PID] perf=27.651Hz  target=9.236Hz  err=-18.415Hz  corr=-381.51W  u_ff=84.8W  PCAP→78W  power=77.9W
[PID] perf=27.624Hz  target=9.236Hz  err=-18.388Hz  corr=-381.00W  u_ff=84.8W  PCAP→78W  power=78.8W
[PID] perf=27.663Hz  target=9.236Hz  err=-18.426Hz  corr=-381.71W  u_ff=84.8W  PCAP→78W  power=79.4W
[PID] perf=27.616Hz  target=9.236Hz  err=-18.380Hz  corr=-380.84W  u_ff=84.8W  PCAP→78W  power=76.5W
[PID] perf=27.628Hz  target=9.236Hz  err=-18.392Hz  corr=-381.07W  u_ff=84.8W  PCAP→78W  power=77.7W
[PID] perf=27.638Hz  target=9.236Hz  err=-18.401Hz  corr=-381.25W  u_ff=84.8W  PCAP→78W  power=77.3W
[PID] perf=27.636Hz  target=9.236Hz  err=-18.399Hz  corr=-381.21W  u_ff=84.8W  PCAP→78W  power=79.0W
[PID] perf=27.663Hz  target=9.236Hz  err=-18.427Hz  corr=-381.73W  u_ff=84.8W  PCAP→78W  power=78.3W
[PID] perf=27.651Hz  target=9.236Hz  err=-18.415Hz  corr=-381.49W  u_ff=84.8W  PCAP→78W  power=77.4W
[PID] perf=27.632Hz  target=9.236Hz  err=-18.395Hz  corr=-381.14W  u_ff=84.8W  PCAP→78W  power=76.3W
[PID] perf=27.638Hz  target=9.236Hz  err=-18.402Hz  corr=-381.26W  u_ff=84.8W  PCAP→78W  power=79.2W
[PID] perf=27.643Hz  target=9.236Hz  err=-18.406Hz  corr=-381.34W  u_ff=84.8W  PCAP→78W  power=78.1W
[PID] perf=27.612Hz  target=9.236Hz  err=-18.376Hz  corr=-380.78W  u_ff=84.8W  PCAP→78W  power=77.7W
[PID] perf=27.636Hz  target=9.236Hz  err=-18.400Hz  corr=-381.22W  u_ff=84.8W  PCAP→78W  power=76.8W
[PID] perf=27.633Hz  target=9.236Hz  err=-18.397Hz  corr=-381.16W  u_ff=84.8W  PCAP→78W  power=77.4W
[PID] perf=27.632Hz  target=9.236Hz  err=-18.396Hz  corr=-381.14W  u_ff=84.8W  PCAP→78W  power=77.2W
[PID] perf=27.646Hz  target=9.236Hz  err=-18.410Hz  corr=-381.41W  u_ff=84.8W  PCAP→78W  power=78.2W
[PID] perf=27.661Hz  target=9.236Hz  err=-18.425Hz  corr=-381.69W  u_ff=84.8W  PCAP→78W  power=78.1W
[PID] perf=27.678Hz  target=9.236Hz  err=-18.442Hz  corr=-381.99W  u_ff=84.8W  PCAP→78W  power=78.4W
[PID] perf=27.643Hz  target=9.236Hz  err=-18.406Hz  corr=-381.34W  u_ff=84.8W  PCAP→78W  power=77.4W
[PID] perf=27.657Hz  target=9.236Hz  err=-18.421Hz  corr=-381.61W  u_ff=84.8W  PCAP→78W  power=77.8W
[PID] perf=27.658Hz  target=9.236Hz  err=-18.422Hz  corr=-381.62W  u_ff=84.8W  PCAP→78W  power=77.9W
[PID] perf=27.638Hz  target=9.236Hz  err=-18.402Hz  corr=-381.26W  u_ff=84.8W  PCAP→78W  power=78.2W
[PID] perf=27.660Hz  target=9.236Hz  err=-18.424Hz  corr=-381.66W  u_ff=84.8W  PCAP→78W  power=78.0W
[PID] perf=27.689Hz  target=9.236Hz  err=-18.453Hz  corr=-382.20W  u_ff=84.8W  PCAP→78W  power=78.0W
[PID] perf=27.742Hz  target=9.236Hz  err=-18.505Hz  corr=-383.18W  u_ff=84.8W  PCAP→78W  power=76.8W
[PID] perf=27.731Hz  target=9.236Hz  err=-18.495Hz  corr=-382.98W  u_ff=84.8W  PCAP→78W  power=77.3W
[PID] perf=27.754Hz  target=9.236Hz  err=-18.518Hz  corr=-383.41W  u_ff=84.8W  PCAP→78W  power=78.3W
[PID] perf=27.774Hz  target=9.236Hz  err=-18.538Hz  corr=-383.78W  u_ff=84.8W  PCAP→78W  power=77.7W
[PID] perf=27.785Hz  target=9.236Hz  err=-18.549Hz  corr=-383.98W  u_ff=84.8W  PCAP→78W  power=78.1W
[PID] perf=27.758Hz  target=9.236Hz  err=-18.522Hz  corr=-383.49W  u_ff=84.8W  PCAP→78W  power=78.1W
[PID] perf=27.764Hz  target=9.236Hz  err=-18.528Hz  corr=-383.60W  u_ff=84.8W  PCAP→78W  power=78.9W
[PID] perf=27.508Hz  target=9.236Hz  err=-18.272Hz  corr=-378.85W  u_ff=84.8W  PCAP→78W  power=77.2W
[PID] perf=27.528Hz  target=9.236Hz  err=-18.291Hz  corr=-379.21W  u_ff=84.8W  PCAP→78W  power=78.6W
[PID] perf=27.560Hz  target=9.236Hz  err=-18.324Hz  corr=-379.81W  u_ff=84.8W  PCAP→78W  power=79.2W
[PID] perf=27.547Hz  target=9.236Hz  err=-18.310Hz  corr=-379.56W  u_ff=84.8W  PCAP→78W  power=78.9W
[PID] perf=27.549Hz  target=9.236Hz  err=-18.312Hz  corr=-379.60W  u_ff=84.8W  PCAP→78W  power=78.4W
[PID] perf=27.511Hz  target=9.236Hz  err=-18.274Hz  corr=-378.89W  u_ff=84.8W  PCAP→78W  power=78.0W
[PID] perf=27.531Hz  target=9.236Hz  err=-18.294Hz  corr=-379.26W  u_ff=84.8W  PCAP→78W  power=77.5W
[PID] perf=27.568Hz  target=9.236Hz  err=-18.332Hz  corr=-379.96W  u_ff=84.8W  PCAP→78W  power=78.7W
[PID] perf=27.551Hz  target=9.236Hz  err=-18.315Hz  corr=-379.65W  u_ff=84.8W  PCAP→78W  power=76.2W
[PID] perf=27.540Hz  target=9.236Hz  err=-18.303Hz  corr=-379.43W  u_ff=84.8W  PCAP→78W  power=76.3W
[PID] perf=27.545Hz  target=9.236Hz  err=-18.308Hz  corr=-379.52W  u_ff=84.8W  PCAP→78W  power=77.5W
[PID] perf=27.542Hz  target=9.236Hz  err=-18.305Hz  corr=-379.47W  u_ff=84.8W  PCAP→78W  power=78.0W
[PID] perf=27.753Hz  target=9.236Hz  err=-18.517Hz  corr=-383.40W  u_ff=84.8W  PCAP→78W  power=77.3W
[PID] perf=27.735Hz  target=9.236Hz  err=-18.499Hz  corr=-383.06W  u_ff=84.8W  PCAP→78W  power=78.0W
[PID] perf=27.785Hz  target=9.236Hz  err=-18.549Hz  corr=-383.99W  u_ff=84.8W  PCAP→78W  power=77.1W
[PID] perf=27.766Hz  target=9.236Hz  err=-18.530Hz  corr=-383.62W  u_ff=84.8W  PCAP→78W  power=79.2W
[PID] perf=27.748Hz  target=9.236Hz  err=-18.512Hz  corr=-383.30W  u_ff=84.8W  PCAP→78W  power=79.1W
[PID] perf=27.762Hz  target=9.236Hz  err=-18.526Hz  corr=-383.56W  u_ff=84.8W  PCAP→78W  power=77.2W
[PID] perf=27.800Hz  target=9.236Hz  err=-18.563Hz  corr=-384.25W  u_ff=84.8W  PCAP→78W  power=78.1W
[PID] perf=27.712Hz  target=9.236Hz  err=-18.476Hz  corr=-382.63W  u_ff=84.8W  PCAP→78W  power=77.8W
[PID] perf=27.828Hz  target=9.236Hz  err=-18.592Hz  corr=-384.78W  u_ff=84.8W  PCAP→78W  power=77.4W
[PID] perf=27.774Hz  target=9.236Hz  err=-18.538Hz  corr=-383.78W  u_ff=84.8W  PCAP→78W  power=79.3W
[PID] perf=27.820Hz  target=9.236Hz  err=-18.584Hz  corr=-384.63W  u_ff=84.8W  PCAP→78W  power=78.7W
[PID] perf=27.785Hz  target=9.236Hz  err=-18.548Hz  corr=-383.97W  u_ff=84.8W  PCAP→78W  power=77.5W
[PID] perf=28.957Hz  target=9.236Hz  err=-19.721Hz  corr=-405.71W  u_ff=84.8W  PCAP→78W  power=76.4W
[PID] perf=28.999Hz  target=9.236Hz  err=-19.763Hz  corr=-406.50W  u_ff=84.8W  PCAP→78W  power=77.0W
[PID] perf=27.622Hz  target=9.236Hz  err=-18.385Hz  corr=-380.95W  u_ff=84.8W  PCAP→78W  power=78.6W
[PID] perf=27.876Hz  target=9.236Hz  err=-18.640Hz  corr=-385.67W  u_ff=84.8W  PCAP→78W  power=78.9W
[PID] perf=27.867Hz  target=9.236Hz  err=-18.631Hz  corr=-385.50W  u_ff=84.8W  PCAP→78W  power=78.9W
[PID] perf=27.915Hz  target=9.236Hz  err=-18.679Hz  corr=-386.39W  u_ff=84.8W  PCAP→78W  power=77.7W
[PID] perf=27.876Hz  target=9.236Hz  err=-18.640Hz  corr=-385.67W  u_ff=84.8W  PCAP→78W  power=77.1W
[PID] perf=27.875Hz  target=9.236Hz  err=-18.639Hz  corr=-385.65W  u_ff=84.8W  PCAP→78W  power=78.9W
[PID] perf=27.872Hz  target=9.236Hz  err=-18.636Hz  corr=-385.60W  u_ff=84.8W  PCAP→78W  power=78.4W
[PID] perf=27.886Hz  target=9.236Hz  err=-18.650Hz  corr=-385.86W  u_ff=84.8W  PCAP→78W  power=78.0W
[PID] perf=27.875Hz  target=9.236Hz  err=-18.639Hz  corr=-385.65W  u_ff=84.8W  PCAP→78W  power=78.5W
[PID] perf=27.897Hz  target=9.236Hz  err=-18.661Hz  corr=-386.06W  u_ff=84.8W  PCAP→78W  power=79.2W
[PID] perf=27.861Hz  target=9.236Hz  err=-18.625Hz  corr=-385.40W  u_ff=84.8W  PCAP→78W  power=77.7W
[PID] perf=27.858Hz  target=9.236Hz  err=-18.622Hz  corr=-385.34W  u_ff=84.8W  PCAP→78W  power=77.7W
[PID] perf=27.847Hz  target=9.236Hz  err=-18.610Hz  corr=-385.13W  u_ff=84.8W  PCAP→78W  power=77.2W
[PID] perf=27.853Hz  target=9.236Hz  err=-18.616Hz  corr=-385.23W  u_ff=84.8W  PCAP→78W  power=77.1W
[PID] perf=27.844Hz  target=9.236Hz  err=-18.608Hz  corr=-385.08W  u_ff=84.8W  PCAP→78W  power=77.7W
[PID] perf=27.863Hz  target=9.236Hz  err=-18.627Hz  corr=-385.44W  u_ff=84.8W  PCAP→78W  power=77.2W
[PID] perf=27.842Hz  target=9.236Hz  err=-18.605Hz  corr=-385.03W  u_ff=84.8W  PCAP→78W  power=77.5W
[PID] perf=27.864Hz  target=9.236Hz  err=-18.628Hz  corr=-385.45W  u_ff=84.8W  PCAP→78W  power=78.8W
[PID] perf=27.846Hz  target=9.236Hz  err=-18.609Hz  corr=-385.10W  u_ff=84.8W  PCAP→78W  power=78.9W
[PID] perf=27.856Hz  target=9.236Hz  err=-18.619Hz  corr=-385.29W  u_ff=84.8W  PCAP→78W  power=78.4W
[PID] perf=27.847Hz  target=9.236Hz  err=-18.611Hz  corr=-385.13W  u_ff=84.8W  PCAP→78W  power=76.2W
[PID] perf=27.895Hz  target=9.236Hz  err=-18.659Hz  corr=-386.02W  u_ff=84.8W  PCAP→78W  power=76.6W
[PID] perf=27.906Hz  target=9.236Hz  err=-18.669Hz  corr=-386.22W  u_ff=84.8W  PCAP→78W  power=76.9W
[PID] perf=27.887Hz  target=9.236Hz  err=-18.651Hz  corr=-385.88W  u_ff=84.8W  PCAP→78W  power=77.2W
[PID] perf=27.902Hz  target=9.236Hz  err=-18.666Hz  corr=-386.15W  u_ff=84.8W  PCAP→78W  power=78.2W
[PID] perf=27.873Hz  target=9.236Hz  err=-18.637Hz  corr=-385.62W  u_ff=84.8W  PCAP→78W  power=79.0W
[PID] perf=27.865Hz  target=9.236Hz  err=-18.628Hz  corr=-385.46W  u_ff=84.8W  PCAP→78W  power=78.5W
[PID] perf=27.854Hz  target=9.236Hz  err=-18.618Hz  corr=-385.27W  u_ff=84.8W  PCAP→78W  power=78.6W
[PID] perf=27.848Hz  target=9.236Hz  err=-18.612Hz  corr=-385.16W  u_ff=84.8W  PCAP→78W  power=78.6W
[PID] perf=27.840Hz  target=9.236Hz  err=-18.604Hz  corr=-385.01W  u_ff=84.8W  PCAP→78W  power=77.8W
[PID] perf=27.838Hz  target=9.236Hz  err=-18.602Hz  corr=-384.97W  u_ff=84.8W  PCAP→78W  power=77.2W
[PID] perf=27.828Hz  target=9.236Hz  err=-18.592Hz  corr=-384.78W  u_ff=84.8W  PCAP→78W  power=77.3W
[PID] perf=27.833Hz  target=9.236Hz  err=-18.597Hz  corr=-384.88W  u_ff=84.8W  PCAP→78W  power=79.0W
[PID] perf=27.863Hz  target=9.236Hz  err=-18.627Hz  corr=-385.43W  u_ff=84.8W  PCAP→78W  power=78.1W
[PID] perf=27.842Hz  target=9.236Hz  err=-18.606Hz  corr=-385.03W  u_ff=84.8W  PCAP→78W  power=77.5W
[PID] perf=27.860Hz  target=9.236Hz  err=-18.624Hz  corr=-385.38W  u_ff=84.8W  PCAP→78W  power=78.0W
[PID] perf=27.848Hz  target=9.236Hz  err=-18.611Hz  corr=-385.14W  u_ff=84.8W  PCAP→78W  power=79.4W
[PID] perf=27.797Hz  target=9.236Hz  err=-18.560Hz  corr=-384.20W  u_ff=84.8W  PCAP→78W  power=79.2W
[PID] perf=27.829Hz  target=9.236Hz  err=-18.593Hz  corr=-384.80W  u_ff=84.8W  PCAP→78W  power=78.0W
[PID] perf=25.881Hz  target=9.236Hz  err=-16.645Hz  corr=-348.68W  u_ff=84.8W  PCAP→78W  power=79.3W
[PID] perf=25.999Hz  target=9.236Hz  err=-16.763Hz  corr=-350.87W  u_ff=84.8W  PCAP→78W  power=77.0W
[PID] perf=26.059Hz  target=9.236Hz  err=-16.823Hz  corr=-351.98W  u_ff=84.8W  PCAP→78W  power=78.1W
[PID] perf=26.062Hz  target=9.236Hz  err=-16.826Hz  corr=-352.03W  u_ff=84.8W  PCAP→78W  power=78.8W
[PID] perf=26.092Hz  target=9.236Hz  err=-16.856Hz  corr=-352.58W  u_ff=84.8W  PCAP→78W  power=77.3W
[PID] perf=26.125Hz  target=9.236Hz  err=-16.889Hz  corr=-353.20W  u_ff=84.8W  PCAP→78W  power=77.2W
[PID] perf=26.260Hz  target=9.236Hz  err=-17.024Hz  corr=-355.70W  u_ff=84.8W  PCAP→78W  power=77.4W
[PID] perf=26.261Hz  target=9.236Hz  err=-17.025Hz  corr=-355.72W  u_ff=84.8W  PCAP→78W  power=78.1W
[PID] perf=26.253Hz  target=9.236Hz  err=-17.017Hz  corr=-355.57W  u_ff=84.8W  PCAP→78W  power=79.2W
[PID] perf=26.270Hz  target=9.236Hz  err=-17.034Hz  corr=-355.88W  u_ff=84.8W  PCAP→78W  power=79.1W
[PID] perf=26.220Hz  target=9.236Hz  err=-16.984Hz  corr=-354.96W  u_ff=84.8W  PCAP→78W  power=77.4W
[PID] perf=26.235Hz  target=9.236Hz  err=-16.999Hz  corr=-355.24W  u_ff=84.8W  PCAP→78W  power=77.9W
[PID] perf=26.286Hz  target=9.236Hz  err=-17.050Hz  corr=-356.18W  u_ff=84.8W  PCAP→78W  power=77.8W
[PID] perf=26.278Hz  target=9.236Hz  err=-17.042Hz  corr=-356.04W  u_ff=84.8W  PCAP→78W  power=77.7W
[PID] perf=26.295Hz  target=9.236Hz  err=-17.059Hz  corr=-356.36W  u_ff=84.8W  PCAP→78W  power=79.2W
[PID] perf=26.247Hz  target=9.236Hz  err=-17.011Hz  corr=-355.46W  u_ff=84.8W  PCAP→78W  power=78.7W
[PID] perf=26.267Hz  target=9.236Hz  err=-17.031Hz  corr=-355.83W  u_ff=84.8W  PCAP→78W  power=77.5W
[PID] perf=25.990Hz  target=9.236Hz  err=-16.754Hz  corr=-350.69W  u_ff=84.8W  PCAP→78W  power=78.6W
[PID] perf=26.603Hz  target=9.236Hz  err=-17.367Hz  corr=-362.07W  u_ff=84.8W  PCAP→78W  power=79.0W
[PID] perf=26.716Hz  target=9.236Hz  err=-17.480Hz  corr=-364.17W  u_ff=84.8W  PCAP→78W  power=78.8W
[PID] perf=26.738Hz  target=9.236Hz  err=-17.502Hz  corr=-364.57W  u_ff=84.8W  PCAP→78W  power=78.2W
[PID] perf=26.753Hz  target=9.236Hz  err=-17.517Hz  corr=-364.84W  u_ff=84.8W  PCAP→78W  power=78.8W
[PID] perf=26.736Hz  target=9.236Hz  err=-17.500Hz  corr=-364.53W  u_ff=84.8W  PCAP→78W  power=78.9W
[PID] perf=26.765Hz  target=9.236Hz  err=-17.529Hz  corr=-365.07W  u_ff=84.8W  PCAP→78W  power=78.1W
[PID] perf=26.735Hz  target=9.236Hz  err=-17.499Hz  corr=-364.51W  u_ff=84.8W  PCAP→78W  power=77.1W
[PID] perf=26.734Hz  target=9.236Hz  err=-17.498Hz  corr=-364.49W  u_ff=84.8W  PCAP→78W  power=78.1W
[PID] perf=26.739Hz  target=9.236Hz  err=-17.503Hz  corr=-364.58W  u_ff=84.8W  PCAP→78W  power=77.8W
[PID] perf=26.737Hz  target=9.236Hz  err=-17.501Hz  corr=-364.54W  u_ff=84.8W  PCAP→78W  power=78.4W
[PID] perf=26.712Hz  target=9.236Hz  err=-17.476Hz  corr=-364.08W  u_ff=84.8W  PCAP→78W  power=77.5W
[PID] perf=26.738Hz  target=9.236Hz  err=-17.502Hz  corr=-364.57W  u_ff=84.8W  PCAP→78W  power=77.6W
[PID] perf=26.708Hz  target=9.236Hz  err=-17.472Hz  corr=-364.01W  u_ff=84.8W  PCAP→78W  power=78.9W
[PID] perf=26.724Hz  target=9.236Hz  err=-17.488Hz  corr=-364.31W  u_ff=84.8W  PCAP→78W  power=79.3W
[PID] perf=26.757Hz  target=9.236Hz  err=-17.521Hz  corr=-364.92W  u_ff=84.8W  PCAP→78W  power=77.5W
[PID] perf=26.759Hz  target=9.236Hz  err=-17.522Hz  corr=-364.95W  u_ff=84.8W  PCAP→78W  power=78.5W
[PID] perf=26.754Hz  target=9.236Hz  err=-17.518Hz  corr=-364.86W  u_ff=84.8W  PCAP→78W  power=78.2W
[PID] perf=26.759Hz  target=9.236Hz  err=-17.522Hz  corr=-364.95W  u_ff=84.8W  PCAP→78W  power=77.1W
[PID] perf=26.770Hz  target=9.236Hz  err=-17.534Hz  corr=-365.16W  u_ff=84.8W  PCAP→78W  power=78.6W
[PID] perf=26.781Hz  target=9.236Hz  err=-17.545Hz  corr=-365.37W  u_ff=84.8W  PCAP→78W  power=79.0W
[PID] perf=26.350Hz  target=9.236Hz  err=-17.114Hz  corr=-357.37W  u_ff=84.8W  PCAP→78W  power=77.1W
[PID] perf=26.871Hz  target=9.236Hz  err=-17.635Hz  corr=-367.04W  u_ff=84.8W  PCAP→78W  power=76.2W
[PID] perf=26.957Hz  target=9.236Hz  err=-17.721Hz  corr=-368.63W  u_ff=84.8W  PCAP→78W  power=78.2W
[PID] perf=26.958Hz  target=9.236Hz  err=-17.722Hz  corr=-368.64W  u_ff=84.8W  PCAP→78W  power=79.4W
[PID] perf=26.951Hz  target=9.236Hz  err=-17.715Hz  corr=-368.52W  u_ff=84.8W  PCAP→78W  power=78.7W
[PID] perf=26.966Hz  target=9.236Hz  err=-17.730Hz  corr=-368.79W  u_ff=84.8W  PCAP→78W  power=79.3W
[PID] perf=26.951Hz  target=9.236Hz  err=-17.715Hz  corr=-368.51W  u_ff=84.8W  PCAP→78W  power=78.6W
[PID] perf=26.976Hz  target=9.236Hz  err=-17.740Hz  corr=-368.98W  u_ff=84.8W  PCAP→78W  power=78.8W
[PID] perf=26.963Hz  target=9.236Hz  err=-17.727Hz  corr=-368.74W  u_ff=84.8W  PCAP→78W  power=78.3W
[PID] perf=26.950Hz  target=9.236Hz  err=-17.714Hz  corr=-368.50W  u_ff=84.8W  PCAP→78W  power=79.0W
[PID] perf=26.994Hz  target=9.236Hz  err=-17.758Hz  corr=-369.31W  u_ff=84.8W  PCAP→78W  power=78.4W
[PID] perf=26.944Hz  target=9.236Hz  err=-17.708Hz  corr=-368.39W  u_ff=84.8W  PCAP→78W  power=78.9W
[PID] perf=26.970Hz  target=9.236Hz  err=-17.734Hz  corr=-368.87W  u_ff=84.8W  PCAP→78W  power=78.9W
[PID] perf=26.976Hz  target=9.236Hz  err=-17.739Hz  corr=-368.97W  u_ff=84.8W  PCAP→78W  power=78.9W
[PID] perf=26.225Hz  target=9.236Hz  err=-16.989Hz  corr=-355.05W  u_ff=84.8W  PCAP→78W  power=78.5W
[PID] perf=26.608Hz  target=9.236Hz  err=-17.372Hz  corr=-362.16W  u_ff=84.8W  PCAP→78W  power=79.1W
[PID] perf=27.003Hz  target=9.236Hz  err=-17.767Hz  corr=-369.48W  u_ff=84.8W  PCAP→78W  power=78.9W
[PID] perf=27.027Hz  target=9.236Hz  err=-17.791Hz  corr=-369.92W  u_ff=84.8W  PCAP→78W  power=78.9W
[PID] perf=27.084Hz  target=9.236Hz  err=-17.847Hz  corr=-370.98W  u_ff=84.8W  PCAP→78W  power=77.8W
[PID] perf=27.098Hz  target=9.236Hz  err=-17.862Hz  corr=-371.24W  u_ff=84.8W  PCAP→78W  power=77.3W
[PID] perf=27.030Hz  target=9.236Hz  err=-17.794Hz  corr=-369.98W  u_ff=84.8W  PCAP→78W  power=77.0W
[PID] perf=27.008Hz  target=9.236Hz  err=-17.772Hz  corr=-369.58W  u_ff=84.8W  PCAP→78W  power=77.1W
[PID] perf=27.035Hz  target=9.236Hz  err=-17.798Hz  corr=-370.07W  u_ff=84.8W  PCAP→78W  power=77.1W
[PID] perf=26.999Hz  target=9.236Hz  err=-17.763Hz  corr=-369.41W  u_ff=84.8W  PCAP→78W  power=78.5W
[PID] perf=27.070Hz  target=9.236Hz  err=-17.834Hz  corr=-370.73W  u_ff=84.8W  PCAP→78W  power=76.3W
[PID] perf=27.058Hz  target=9.236Hz  err=-17.822Hz  corr=-370.51W  u_ff=84.8W  PCAP→78W  power=77.2W
[PID] perf=27.066Hz  target=9.236Hz  err=-17.830Hz  corr=-370.65W  u_ff=84.8W  PCAP→78W  power=77.9W
[PID] perf=27.027Hz  target=9.236Hz  err=-17.790Hz  corr=-369.92W  u_ff=84.8W  PCAP→78W  power=77.7W
[PID] perf=27.058Hz  target=9.236Hz  err=-17.821Hz  corr=-370.49W  u_ff=84.8W  PCAP→78W  power=78.9W
[PID] perf=27.070Hz  target=9.236Hz  err=-17.834Hz  corr=-370.72W  u_ff=84.8W  PCAP→78W  power=78.9W
[PID] perf=27.058Hz  target=9.236Hz  err=-17.822Hz  corr=-370.50W  u_ff=84.8W  PCAP→78W  power=77.5W
[PID] perf=27.048Hz  target=9.236Hz  err=-17.812Hz  corr=-370.32W  u_ff=84.8W  PCAP→78W  power=77.6W
[PID] perf=27.057Hz  target=9.236Hz  err=-17.821Hz  corr=-370.48W  u_ff=84.8W  PCAP→78W  power=78.6W
[PID] perf=27.061Hz  target=9.236Hz  err=-17.825Hz  corr=-370.56W  u_ff=84.8W  PCAP→78W  power=78.4W
[PID] perf=27.079Hz  target=9.236Hz  err=-17.843Hz  corr=-370.90W  u_ff=84.8W  PCAP→78W  power=79.2W
[PID] perf=27.017Hz  target=9.236Hz  err=-17.781Hz  corr=-369.74W  u_ff=84.8W  PCAP→78W  power=79.0W
[PID] perf=27.057Hz  target=9.236Hz  err=-17.820Hz  corr=-370.47W  u_ff=84.8W  PCAP→78W  power=78.8W
[PID] perf=27.063Hz  target=9.236Hz  err=-17.827Hz  corr=-370.60W  u_ff=84.8W  PCAP→78W  power=78.1W
[PID] perf=27.062Hz  target=9.236Hz  err=-17.826Hz  corr=-370.58W  u_ff=84.8W  PCAP→78W  power=79.1W
[PID] perf=27.059Hz  target=9.236Hz  err=-17.822Hz  corr=-370.51W  u_ff=84.8W  PCAP→78W  power=77.7W
[PID] perf=27.050Hz  target=9.236Hz  err=-17.814Hz  corr=-370.36W  u_ff=84.8W  PCAP→78W  power=79.2W
[PID] perf=27.038Hz  target=9.236Hz  err=-17.801Hz  corr=-370.12W  u_ff=84.8W  PCAP→78W  power=77.0W
[PID] perf=27.037Hz  target=9.236Hz  err=-17.801Hz  corr=-370.12W  u_ff=84.8W  PCAP→78W  power=78.6W
[PID] perf=27.047Hz  target=9.236Hz  err=-17.811Hz  corr=-370.30W  u_ff=84.8W  PCAP→78W  power=78.9W
[PID] perf=27.079Hz  target=9.236Hz  err=-17.843Hz  corr=-370.89W  u_ff=84.8W  PCAP→78W  power=78.7W
[PID] perf=27.028Hz  target=9.236Hz  err=-17.792Hz  corr=-369.94W  u_ff=84.8W  PCAP→78W  power=78.5W
[PID] perf=27.162Hz  target=9.236Hz  err=-17.925Hz  corr=-372.42W  u_ff=84.8W  PCAP→78W  power=78.0W
[PID] perf=27.257Hz  target=9.236Hz  err=-18.021Hz  corr=-374.19W  u_ff=84.8W  PCAP→78W  power=78.5W
[PID] perf=27.273Hz  target=9.236Hz  err=-18.037Hz  corr=-374.49W  u_ff=84.8W  PCAP→78W  power=76.3W
[PID] perf=27.272Hz  target=9.236Hz  err=-18.035Hz  corr=-374.46W  u_ff=84.8W  PCAP→78W  power=77.2W
[PID] perf=27.238Hz  target=9.236Hz  err=-18.002Hz  corr=-373.85W  u_ff=84.8W  PCAP→78W  power=77.3W
[PID] perf=27.266Hz  target=9.236Hz  err=-18.030Hz  corr=-374.36W  u_ff=84.8W  PCAP→78W  power=76.6W
[PID] perf=27.295Hz  target=9.236Hz  err=-18.058Hz  corr=-374.89W  u_ff=84.8W  PCAP→78W  power=78.2W
[PID] perf=27.278Hz  target=9.236Hz  err=-18.041Hz  corr=-374.57W  u_ff=84.8W  PCAP→78W  power=78.2W
[PID] perf=27.303Hz  target=9.236Hz  err=-18.067Hz  corr=-375.04W  u_ff=84.8W  PCAP→78W  power=79.2W
[PID] perf=27.273Hz  target=9.236Hz  err=-18.036Hz  corr=-374.48W  u_ff=84.8W  PCAP→78W  power=77.2W
[PID] perf=27.260Hz  target=9.236Hz  err=-18.024Hz  corr=-374.25W  u_ff=84.8W  PCAP→78W  power=78.4W
[PID] perf=27.223Hz  target=9.236Hz  err=-17.986Hz  corr=-373.55W  u_ff=84.8W  PCAP→78W  power=76.6W
[PID] perf=27.214Hz  target=9.236Hz  err=-17.978Hz  corr=-373.40W  u_ff=84.8W  PCAP→78W  power=77.5W
[PID] perf=27.241Hz  target=9.236Hz  err=-18.005Hz  corr=-373.89W  u_ff=84.8W  PCAP→78W  power=78.6W
[PID] perf=27.230Hz  target=9.236Hz  err=-17.993Hz  corr=-373.68W  u_ff=84.8W  PCAP→78W  power=77.3W
[PID] perf=27.284Hz  target=9.236Hz  err=-18.048Hz  corr=-374.69W  u_ff=84.8W  PCAP→78W  power=79.2W
[PID] perf=27.272Hz  target=9.236Hz  err=-18.036Hz  corr=-374.48W  u_ff=84.8W  PCAP→78W  power=79.0W
[PID] perf=27.267Hz  target=9.236Hz  err=-18.031Hz  corr=-374.38W  u_ff=84.8W  PCAP→78W  power=77.2W
[PID] perf=27.226Hz  target=9.236Hz  err=-17.990Hz  corr=-373.62W  u_ff=84.8W  PCAP→78W  power=76.4W
[PID] perf=27.256Hz  target=9.236Hz  err=-18.020Hz  corr=-374.18W  u_ff=84.8W  PCAP→78W  power=76.9W
[PID] perf=27.238Hz  target=9.236Hz  err=-18.002Hz  corr=-373.84W  u_ff=84.8W  PCAP→78W  power=78.3W
[PID] perf=27.264Hz  target=9.236Hz  err=-18.028Hz  corr=-374.32W  u_ff=84.8W  PCAP→78W  power=77.7W
[PID] perf=27.229Hz  target=9.236Hz  err=-17.993Hz  corr=-373.67W  u_ff=84.8W  PCAP→78W  power=78.7W
[PID] perf=27.247Hz  target=9.236Hz  err=-18.011Hz  corr=-374.00W  u_ff=84.8W  PCAP→78W  power=76.8W
[PID] perf=27.259Hz  target=9.236Hz  err=-18.023Hz  corr=-374.23W  u_ff=84.8W  PCAP→78W  power=78.5W
[PID] perf=27.240Hz  target=9.236Hz  err=-18.004Hz  corr=-373.88W  u_ff=84.8W  PCAP→78W  power=77.1W
[PID] perf=27.260Hz  target=9.236Hz  err=-18.024Hz  corr=-374.25W  u_ff=84.8W  PCAP→78W  power=79.1W
[PID] perf=27.285Hz  target=9.236Hz  err=-18.049Hz  corr=-374.71W  u_ff=84.8W  PCAP→78W  power=77.6W
[PID] perf=27.262Hz  target=9.236Hz  err=-18.025Hz  corr=-374.27W  u_ff=84.8W  PCAP→78W  power=78.1W
[PID] perf=27.226Hz  target=9.236Hz  err=-17.990Hz  corr=-373.62W  u_ff=84.8W  PCAP→78W  power=78.9W
[PID] perf=27.224Hz  target=9.236Hz  err=-17.987Hz  corr=-373.57W  u_ff=84.8W  PCAP→78W  power=78.4W
[PID] perf=27.249Hz  target=9.236Hz  err=-18.013Hz  corr=-374.05W  u_ff=84.8W  PCAP→78W  power=77.4W
[PID] perf=27.238Hz  target=9.236Hz  err=-18.002Hz  corr=-373.83W  u_ff=84.8W  PCAP→78W  power=77.3W
[PID] perf=27.241Hz  target=9.236Hz  err=-18.004Hz  corr=-373.89W  u_ff=84.8W  PCAP→78W  power=78.4W
[PID] perf=27.255Hz  target=9.236Hz  err=-18.019Hz  corr=-374.15W  u_ff=84.8W  PCAP→78W  power=78.5W
[PID] perf=27.266Hz  target=9.236Hz  err=-18.030Hz  corr=-374.35W  u_ff=84.8W  PCAP→78W  power=79.1W
[PID] perf=27.258Hz  target=9.236Hz  err=-18.022Hz  corr=-374.21W  u_ff=84.8W  PCAP→78W  power=78.1W
[PID] perf=27.262Hz  target=9.236Hz  err=-18.026Hz  corr=-374.28W  u_ff=84.8W  PCAP→78W  power=77.3W
[PID] perf=27.275Hz  target=9.236Hz  err=-18.039Hz  corr=-374.52W  u_ff=84.8W  PCAP→78W  power=76.7W
[PID] perf=27.242Hz  target=9.236Hz  err=-18.006Hz  corr=-373.91W  u_ff=84.8W  PCAP→78W  power=76.3W
[PID] perf=27.258Hz  target=9.236Hz  err=-18.022Hz  corr=-374.21W  u_ff=84.8W  PCAP→78W  power=78.4W
[PID] perf=27.258Hz  target=9.236Hz  err=-18.022Hz  corr=-374.20W  u_ff=84.8W  PCAP→78W  power=77.8W
[PID] perf=27.253Hz  target=9.236Hz  err=-18.017Hz  corr=-374.12W  u_ff=84.8W  PCAP→78W  power=78.6W
[PID] perf=27.268Hz  target=9.236Hz  err=-18.032Hz  corr=-374.40W  u_ff=84.8W  PCAP→78W  power=78.4W
[PID] perf=27.253Hz  target=9.236Hz  err=-18.017Hz  corr=-374.12W  u_ff=84.8W  PCAP→78W  power=77.2W
[PID] perf=27.250Hz  target=9.236Hz  err=-18.014Hz  corr=-374.07W  u_ff=84.8W  PCAP→78W  power=76.6W
[PID] perf=27.309Hz  target=9.236Hz  err=-18.073Hz  corr=-375.16W  u_ff=84.8W  PCAP→78W  power=77.2W
[PID] perf=27.317Hz  target=9.236Hz  err=-18.081Hz  corr=-375.30W  u_ff=84.8W  PCAP→78W  power=78.6W
[PID] perf=27.288Hz  target=9.236Hz  err=-18.051Hz  corr=-374.76W  u_ff=84.8W  PCAP→78W  power=77.5W
[PID] perf=27.276Hz  target=9.236Hz  err=-18.040Hz  corr=-374.54W  u_ff=84.8W  PCAP→78W  power=77.9W
[PID] perf=27.236Hz  target=9.236Hz  err=-18.000Hz  corr=-373.80W  u_ff=84.8W  PCAP→78W  power=79.1W
[PID] perf=27.255Hz  target=9.236Hz  err=-18.019Hz  corr=-374.16W  u_ff=84.8W  PCAP→78W  power=78.5W
[PID] perf=27.271Hz  target=9.236Hz  err=-18.035Hz  corr=-374.44W  u_ff=84.8W  PCAP→78W  power=79.3W
[PID] perf=27.275Hz  target=9.236Hz  err=-18.039Hz  corr=-374.52W  u_ff=84.8W  PCAP→78W  power=77.2W
[PID] perf=27.268Hz  target=9.236Hz  err=-18.032Hz  corr=-374.40W  u_ff=84.8W  PCAP→78W  power=76.3W
[PID] perf=27.294Hz  target=9.236Hz  err=-18.058Hz  corr=-374.88W  u_ff=84.8W  PCAP→78W  power=76.6W
[PID] perf=27.326Hz  target=9.236Hz  err=-18.090Hz  corr=-375.47W  u_ff=84.8W  PCAP→78W  power=76.8W
[PID] perf=27.345Hz  target=9.236Hz  err=-18.109Hz  corr=-375.82W  u_ff=84.8W  PCAP→78W  power=78.4W
[PID] perf=27.317Hz  target=9.236Hz  err=-18.080Hz  corr=-375.30W  u_ff=84.8W  PCAP→78W  power=79.4W
[PID] perf=27.337Hz  target=9.236Hz  err=-18.101Hz  corr=-375.67W  u_ff=84.8W  PCAP→78W  power=79.1W
[PID] perf=27.299Hz  target=9.236Hz  err=-18.062Hz  corr=-374.96W  u_ff=84.8W  PCAP→78W  power=78.7W
[PID] perf=27.347Hz  target=9.236Hz  err=-18.111Hz  corr=-375.86W  u_ff=84.8W  PCAP→78W  power=77.2W
[PID] perf=27.335Hz  target=9.236Hz  err=-18.099Hz  corr=-375.64W  u_ff=84.8W  PCAP→78W  power=76.9W
[PID] perf=27.326Hz  target=9.236Hz  err=-18.089Hz  corr=-375.46W  u_ff=84.8W  PCAP→78W  power=77.2W
[PID] perf=27.289Hz  target=9.236Hz  err=-18.053Hz  corr=-374.79W  u_ff=84.8W  PCAP→78W  power=77.3W
[PID] perf=27.268Hz  target=9.236Hz  err=-18.032Hz  corr=-374.40W  u_ff=84.8W  PCAP→78W  power=79.3W
[PID] perf=27.287Hz  target=9.236Hz  err=-18.050Hz  corr=-374.74W  u_ff=84.8W  PCAP→78W  power=79.0W
[PID] perf=27.269Hz  target=9.236Hz  err=-18.033Hz  corr=-374.42W  u_ff=84.8W  PCAP→78W  power=78.7W
[PID] perf=27.312Hz  target=9.236Hz  err=-18.075Hz  corr=-375.20W  u_ff=84.8W  PCAP→78W  power=78.4W
[PID] perf=27.270Hz  target=9.236Hz  err=-18.033Hz  corr=-374.42W  u_ff=84.8W  PCAP→78W  power=77.0W
[PID] perf=27.100Hz  target=9.236Hz  err=-17.864Hz  corr=-371.27W  u_ff=84.8W  PCAP→78W  power=77.9W
[PID] perf=27.146Hz  target=9.236Hz  err=-17.910Hz  corr=-372.14W  u_ff=84.8W  PCAP→78W  power=78.6W
[PID] perf=27.131Hz  target=9.236Hz  err=-17.895Hz  corr=-371.85W  u_ff=84.8W  PCAP→78W  power=77.9W
[PID] perf=27.301Hz  target=9.236Hz  err=-18.064Hz  corr=-375.00W  u_ff=84.8W  PCAP→78W  power=77.7W
[PID] perf=27.355Hz  target=9.236Hz  err=-18.119Hz  corr=-376.02W  u_ff=84.8W  PCAP→78W  power=76.9W
[PID] perf=27.361Hz  target=9.236Hz  err=-18.125Hz  corr=-376.12W  u_ff=84.8W  PCAP→78W  power=77.0W
[PID] perf=27.331Hz  target=9.236Hz  err=-18.095Hz  corr=-375.56W  u_ff=84.8W  PCAP→78W  power=78.8W
[PID] perf=27.333Hz  target=9.236Hz  err=-18.097Hz  corr=-375.61W  u_ff=84.8W  PCAP→78W  power=78.0W
[PID] perf=27.343Hz  target=9.236Hz  err=-18.107Hz  corr=-375.79W  u_ff=84.8W  PCAP→78W  power=78.5W
[PID] perf=27.329Hz  target=9.236Hz  err=-18.093Hz  corr=-375.52W  u_ff=84.8W  PCAP→78W  power=79.2W
[PID] perf=27.314Hz  target=9.236Hz  err=-18.078Hz  corr=-375.24W  u_ff=84.8W  PCAP→78W  power=78.7W
[PID] perf=27.318Hz  target=9.236Hz  err=-18.082Hz  corr=-375.32W  u_ff=84.8W  PCAP→78W  power=78.1W
[PID] perf=27.349Hz  target=9.236Hz  err=-18.113Hz  corr=-375.89W  u_ff=84.8W  PCAP→78W  power=77.9W
[PID] perf=27.356Hz  target=9.236Hz  err=-18.120Hz  corr=-376.03W  u_ff=84.8W  PCAP→78W  power=77.6W
[PID] perf=27.359Hz  target=9.236Hz  err=-18.123Hz  corr=-376.09W  u_ff=84.8W  PCAP→78W  power=78.2W
[PID] perf=27.366Hz  target=9.236Hz  err=-18.130Hz  corr=-376.21W  u_ff=84.8W  PCAP→78W  power=78.9W
[PID] perf=27.316Hz  target=9.236Hz  err=-18.080Hz  corr=-375.29W  u_ff=84.8W  PCAP→78W  power=78.4W
[PID] perf=27.046Hz  target=9.236Hz  err=-17.810Hz  corr=-370.28W  u_ff=84.8W  PCAP→78W  power=77.9W
[PID] perf=27.113Hz  target=9.236Hz  err=-17.877Hz  corr=-371.52W  u_ff=84.8W  PCAP→78W  power=76.9W
[PID] perf=27.853Hz  target=9.236Hz  err=-18.617Hz  corr=-385.24W  u_ff=84.8W  PCAP→78W  power=78.0W
[PID] perf=27.818Hz  target=9.236Hz  err=-18.582Hz  corr=-384.59W  u_ff=84.8W  PCAP→78W  power=79.1W
[PID] perf=27.841Hz  target=9.236Hz  err=-18.605Hz  corr=-385.02W  u_ff=84.8W  PCAP→78W  power=77.8W
[PID] perf=27.846Hz  target=9.236Hz  err=-18.610Hz  corr=-385.12W  u_ff=84.8W  PCAP→78W  power=79.0W
[PID] perf=27.837Hz  target=9.236Hz  err=-18.601Hz  corr=-384.95W  u_ff=84.8W  PCAP→78W  power=77.8W
[PID] perf=27.838Hz  target=9.236Hz  err=-18.601Hz  corr=-384.96W  u_ff=84.8W  PCAP→78W  power=78.6W
[PID] perf=27.807Hz  target=9.236Hz  err=-18.571Hz  corr=-384.39W  u_ff=84.8W  PCAP→78W  power=78.9W
[PID] perf=27.854Hz  target=9.236Hz  err=-18.618Hz  corr=-385.27W  u_ff=84.8W  PCAP→78W  power=78.5W
[PID] perf=27.860Hz  target=9.236Hz  err=-18.623Hz  corr=-385.37W  u_ff=84.8W  PCAP→78W  power=78.1W
[PID] perf=27.862Hz  target=9.236Hz  err=-18.626Hz  corr=-385.41W  u_ff=84.8W  PCAP→78W  power=78.8W
[PID] perf=27.866Hz  target=9.236Hz  err=-18.630Hz  corr=-385.48W  u_ff=84.8W  PCAP→78W  power=76.5W
[PID] perf=27.862Hz  target=9.236Hz  err=-18.626Hz  corr=-385.41W  u_ff=84.8W  PCAP→78W  power=77.3W
[PID] perf=27.837Hz  target=9.236Hz  err=-18.601Hz  corr=-384.94W  u_ff=84.8W  PCAP→78W  power=76.5W
[PID] perf=27.792Hz  target=9.236Hz  err=-18.556Hz  corr=-384.11W  u_ff=84.8W  PCAP→78W  power=77.1W
[PID] perf=27.816Hz  target=9.236Hz  err=-18.580Hz  corr=-384.56W  u_ff=84.8W  PCAP→78W  power=77.4W
[PID] perf=27.845Hz  target=9.236Hz  err=-18.609Hz  corr=-385.10W  u_ff=84.8W  PCAP→78W  power=79.0W
[PID] perf=27.827Hz  target=9.236Hz  err=-18.590Hz  corr=-384.75W  u_ff=84.8W  PCAP→78W  power=76.9W
[PID] perf=27.815Hz  target=9.236Hz  err=-18.579Hz  corr=-384.54W  u_ff=84.8W  PCAP→78W  power=77.1W
[PID] perf=27.808Hz  target=9.236Hz  err=-18.572Hz  corr=-384.41W  u_ff=84.8W  PCAP→78W  power=77.5W
[PID] perf=27.844Hz  target=9.236Hz  err=-18.608Hz  corr=-385.07W  u_ff=84.8W  PCAP→78W  power=77.2W
[PID] perf=27.819Hz  target=9.236Hz  err=-18.583Hz  corr=-384.61W  u_ff=84.8W  PCAP→78W  power=77.4W
[PID] perf=27.829Hz  target=9.236Hz  err=-18.593Hz  corr=-384.80W  u_ff=84.8W  PCAP→78W  power=79.0W
[PID] perf=27.859Hz  target=9.236Hz  err=-18.623Hz  corr=-385.36W  u_ff=84.8W  PCAP→78W  power=78.8W
[PID] perf=27.856Hz  target=9.236Hz  err=-18.619Hz  corr=-385.29W  u_ff=84.8W  PCAP→78W  power=79.1W
[PID] perf=27.848Hz  target=9.236Hz  err=-18.612Hz  corr=-385.15W  u_ff=84.8W  PCAP→78W  power=78.6W
[PID] perf=27.825Hz  target=9.236Hz  err=-18.588Hz  corr=-384.72W  u_ff=84.8W  PCAP→78W  power=77.3W
[PID] perf=27.836Hz  target=9.236Hz  err=-18.600Hz  corr=-384.93W  u_ff=84.8W  PCAP→78W  power=77.2W
[PID] perf=27.825Hz  target=9.236Hz  err=-18.588Hz  corr=-384.72W  u_ff=84.8W  PCAP→78W  power=76.9W
[PID] perf=27.800Hz  target=9.236Hz  err=-18.564Hz  corr=-384.26W  u_ff=84.8W  PCAP→78W  power=78.2W
[PID] perf=27.831Hz  target=9.236Hz  err=-18.595Hz  corr=-384.84W  u_ff=84.8W  PCAP→78W  power=79.1W
[PID] perf=27.810Hz  target=9.236Hz  err=-18.574Hz  corr=-384.44W  u_ff=84.8W  PCAP→78W  power=78.1W
[PID] perf=27.845Hz  target=9.236Hz  err=-18.609Hz  corr=-385.10W  u_ff=84.8W  PCAP→78W  power=77.6W
[PID] perf=27.840Hz  target=9.236Hz  err=-18.603Hz  corr=-384.99W  u_ff=84.8W  PCAP→78W  power=77.2W
[PID] perf=27.802Hz  target=9.236Hz  err=-18.566Hz  corr=-384.29W  u_ff=84.8W  PCAP→78W  power=77.5W
[PID] perf=27.854Hz  target=9.236Hz  err=-18.618Hz  corr=-385.27W  u_ff=84.8W  PCAP→78W  power=78.8W
[PID] perf=27.816Hz  target=9.236Hz  err=-18.579Hz  corr=-384.55W  u_ff=84.8W  PCAP→78W  power=76.6W
[PID] perf=27.803Hz  target=9.236Hz  err=-18.567Hz  corr=-384.31W  u_ff=84.8W  PCAP→78W  power=77.2W
[PID] perf=27.833Hz  target=9.236Hz  err=-18.597Hz  corr=-384.88W  u_ff=84.8W  PCAP→78W  power=78.2W
[PID] perf=27.811Hz  target=9.236Hz  err=-18.575Hz  corr=-384.47W  u_ff=84.8W  PCAP→78W  power=78.8W
[PID] perf=27.831Hz  target=9.236Hz  err=-18.595Hz  corr=-384.84W  u_ff=84.8W  PCAP→78W  power=78.5W
[PID] perf=27.829Hz  target=9.236Hz  err=-18.593Hz  corr=-384.80W  u_ff=84.8W  PCAP→78W  power=79.3W
[PID] perf=27.867Hz  target=9.236Hz  err=-18.631Hz  corr=-385.51W  u_ff=84.8W  PCAP→78W  power=78.3W
[PID] perf=27.834Hz  target=9.236Hz  err=-18.597Hz  corr=-384.88W  u_ff=84.8W  PCAP→78W  power=76.8W
[PID] perf=27.829Hz  target=9.236Hz  err=-18.593Hz  corr=-384.81W  u_ff=84.8W  PCAP→78W  power=78.5W
[PID] perf=27.837Hz  target=9.236Hz  err=-18.601Hz  corr=-384.94W  u_ff=84.8W  PCAP→78W  power=78.6W
[PID] perf=27.843Hz  target=9.236Hz  err=-18.607Hz  corr=-385.06W  u_ff=84.8W  PCAP→78W  power=77.1W
[PID] perf=27.848Hz  target=9.236Hz  err=-18.612Hz  corr=-385.16W  u_ff=84.8W  PCAP→78W  power=76.6W
[PID] perf=27.808Hz  target=9.236Hz  err=-18.572Hz  corr=-384.41W  u_ff=84.8W  PCAP→78W  power=77.9W
[PID] perf=27.793Hz  target=9.236Hz  err=-18.557Hz  corr=-384.14W  u_ff=84.8W  PCAP→78W  power=76.3W
[PID] perf=27.802Hz  target=9.236Hz  err=-18.566Hz  corr=-384.30W  u_ff=84.8W  PCAP→78W  power=77.1W
[PID] perf=27.823Hz  target=9.236Hz  err=-18.587Hz  corr=-384.68W  u_ff=84.8W  PCAP→78W  power=78.8W
[PID] perf=27.821Hz  target=9.236Hz  err=-18.585Hz  corr=-384.65W  u_ff=84.8W  PCAP→78W  power=78.7W
[PID] perf=27.828Hz  target=9.236Hz  err=-18.592Hz  corr=-384.78W  u_ff=84.8W  PCAP→78W  power=78.4W
[PID] perf=27.820Hz  target=9.236Hz  err=-18.584Hz  corr=-384.63W  u_ff=84.8W  PCAP→78W  power=77.1W
[PID] perf=27.831Hz  target=9.236Hz  err=-18.595Hz  corr=-384.83W  u_ff=84.8W  PCAP→78W  power=77.0W
[PID] perf=27.822Hz  target=9.236Hz  err=-18.586Hz  corr=-384.68W  u_ff=84.8W  PCAP→78W  power=77.3W
[PID] perf=27.799Hz  target=9.236Hz  err=-18.563Hz  corr=-384.25W  u_ff=84.8W  PCAP→78W  power=77.1W
[PID] perf=27.815Hz  target=9.236Hz  err=-18.579Hz  corr=-384.55W  u_ff=84.8W  PCAP→78W  power=79.1W
[PID] perf=27.781Hz  target=9.236Hz  err=-18.545Hz  corr=-383.91W  u_ff=84.8W  PCAP→78W  power=77.8W
[PID] perf=27.793Hz  target=9.236Hz  err=-18.557Hz  corr=-384.13W  u_ff=84.8W  PCAP→78W  power=78.0W
[PID] perf=27.804Hz  target=9.236Hz  err=-18.568Hz  corr=-384.33W  u_ff=84.8W  PCAP→78W  power=78.3W
[PID] perf=27.777Hz  target=9.236Hz  err=-18.541Hz  corr=-383.83W  u_ff=84.8W  PCAP→78W  power=77.4W
[PID] perf=27.775Hz  target=9.236Hz  err=-18.539Hz  corr=-383.79W  u_ff=84.8W  PCAP→78W  power=77.8W
[PID] perf=27.839Hz  target=9.236Hz  err=-18.603Hz  corr=-384.99W  u_ff=84.8W  PCAP→78W  power=77.3W
[PID] perf=27.821Hz  target=9.236Hz  err=-18.584Hz  corr=-384.64W  u_ff=84.8W  PCAP→78W  power=78.6W
[PID] perf=27.823Hz  target=9.236Hz  err=-18.587Hz  corr=-384.68W  u_ff=84.8W  PCAP→78W  power=77.9W
[PID] perf=27.832Hz  target=9.236Hz  err=-18.596Hz  corr=-384.85W  u_ff=84.8W  PCAP→78W  power=77.6W
[PID] perf=27.799Hz  target=9.236Hz  err=-18.563Hz  corr=-384.24W  u_ff=84.8W  PCAP→78W  power=77.5W
[PID] perf=27.770Hz  target=9.236Hz  err=-18.534Hz  corr=-383.70W  u_ff=84.8W  PCAP→78W  power=77.3W
[PID] perf=27.778Hz  target=9.236Hz  err=-18.542Hz  corr=-383.85W  u_ff=84.8W  PCAP→78W  power=78.7W
[PID] perf=27.806Hz  target=9.236Hz  err=-18.570Hz  corr=-384.37W  u_ff=84.8W  PCAP→78W  power=78.6W
[PID] perf=27.805Hz  target=9.236Hz  err=-18.568Hz  corr=-384.35W  u_ff=84.8W  PCAP→78W  power=77.8W
[PID] perf=27.818Hz  target=9.236Hz  err=-18.582Hz  corr=-384.60W  u_ff=84.8W  PCAP→78W  power=79.0W
[PID] perf=27.830Hz  target=9.236Hz  err=-18.593Hz  corr=-384.81W  u_ff=84.8W  PCAP→78W  power=78.9W
[PID] perf=27.828Hz  target=9.236Hz  err=-18.591Hz  corr=-384.77W  u_ff=84.8W  PCAP→78W  power=76.4W
[PID] perf=27.790Hz  target=9.236Hz  err=-18.554Hz  corr=-384.08W  u_ff=84.8W  PCAP→78W  power=78.8W
[PID] perf=27.819Hz  target=9.236Hz  err=-18.583Hz  corr=-384.62W  u_ff=84.8W  PCAP→78W  power=78.1W
[PID] perf=27.797Hz  target=9.236Hz  err=-18.560Hz  corr=-384.20W  u_ff=84.8W  PCAP→78W  power=76.5W
[PID] perf=27.428Hz  target=9.236Hz  err=-18.192Hz  corr=-377.37W  u_ff=84.8W  PCAP→78W  power=78.1W
[PID] perf=27.352Hz  target=9.236Hz  err=-18.116Hz  corr=-375.96W  u_ff=84.8W  PCAP→78W  power=78.3W
[PID] perf=27.958Hz  target=9.236Hz  err=-18.722Hz  corr=-387.19W  u_ff=84.8W  PCAP→78W  power=78.6W
[PID] perf=27.985Hz  target=9.236Hz  err=-18.748Hz  corr=-387.68W  u_ff=84.8W  PCAP→78W  power=79.1W
[PID] perf=27.813Hz  target=9.236Hz  err=-18.577Hz  corr=-384.50W  u_ff=84.8W  PCAP→78W  power=78.0W
[PID] perf=27.861Hz  target=9.236Hz  err=-18.624Hz  corr=-385.38W  u_ff=84.8W  PCAP→78W  power=78.8W
[PID] perf=27.936Hz  target=9.236Hz  err=-18.700Hz  corr=-386.79W  u_ff=84.8W  PCAP→78W  power=78.5W
[PID] perf=27.906Hz  target=9.236Hz  err=-18.670Hz  corr=-386.23W  u_ff=84.8W  PCAP→78W  power=77.1W
[PID] perf=27.906Hz  target=9.236Hz  err=-18.670Hz  corr=-386.23W  u_ff=84.8W  PCAP→78W  power=76.7W
[PID] perf=27.881Hz  target=9.236Hz  err=-18.645Hz  corr=-385.77W  u_ff=84.8W  PCAP→78W  power=78.1W
[PID] perf=27.890Hz  target=9.236Hz  err=-18.654Hz  corr=-385.92W  u_ff=84.8W  PCAP→78W  power=79.0W
[PID] perf=27.886Hz  target=9.236Hz  err=-18.650Hz  corr=-385.86W  u_ff=84.8W  PCAP→78W  power=78.8W
[PID] perf=27.887Hz  target=9.236Hz  err=-18.651Hz  corr=-385.88W  u_ff=84.8W  PCAP→78W  power=78.2W
[PID] perf=27.912Hz  target=9.236Hz  err=-18.676Hz  corr=-386.34W  u_ff=84.8W  PCAP→78W  power=77.6W
[PID] perf=27.869Hz  target=9.236Hz  err=-18.633Hz  corr=-385.54W  u_ff=84.8W  PCAP→78W  power=76.3W
[PID] perf=27.855Hz  target=9.236Hz  err=-18.618Hz  corr=-385.27W  u_ff=84.8W  PCAP→78W  power=77.9W
[PID] perf=27.814Hz  target=9.236Hz  err=-18.578Hz  corr=-384.53W  u_ff=84.8W  PCAP→78W  power=77.2W
[PID] perf=27.885Hz  target=9.236Hz  err=-18.649Hz  corr=-385.84W  u_ff=84.8W  PCAP→78W  power=78.2W
[PID] perf=27.896Hz  target=9.236Hz  err=-18.660Hz  corr=-386.04W  u_ff=84.8W  PCAP→78W  power=78.9W
[PID] perf=27.870Hz  target=9.236Hz  err=-18.634Hz  corr=-385.56W  u_ff=84.8W  PCAP→78W  power=78.4W
[PID] perf=27.885Hz  target=9.236Hz  err=-18.649Hz  corr=-385.84W  u_ff=84.8W  PCAP→78W  power=77.3W
[PID] perf=27.899Hz  target=9.236Hz  err=-18.663Hz  corr=-386.10W  u_ff=84.8W  PCAP→78W  power=78.7W
[PID] perf=27.917Hz  target=9.236Hz  err=-18.681Hz  corr=-386.43W  u_ff=84.8W  PCAP→78W  power=78.9W
[PID] perf=27.886Hz  target=9.236Hz  err=-18.650Hz  corr=-385.86W  u_ff=84.8W  PCAP→78W  power=79.0W
[PID] perf=27.872Hz  target=9.236Hz  err=-18.636Hz  corr=-385.59W  u_ff=84.8W  PCAP→78W  power=77.2W
[PID] perf=27.865Hz  target=9.236Hz  err=-18.629Hz  corr=-385.47W  u_ff=84.8W  PCAP→78W  power=77.0W
[PID] perf=27.917Hz  target=9.236Hz  err=-18.681Hz  corr=-386.43W  u_ff=84.8W  PCAP→78W  power=78.3W
[PID] perf=27.883Hz  target=9.236Hz  err=-18.647Hz  corr=-385.80W  u_ff=84.8W  PCAP→78W  power=78.4W
[PID] perf=27.935Hz  target=9.236Hz  err=-18.698Hz  corr=-386.76W  u_ff=84.8W  PCAP→78W  power=76.6W
[PID] perf=27.922Hz  target=9.236Hz  err=-18.686Hz  corr=-386.53W  u_ff=84.8W  PCAP→78W  power=77.7W
[PID] perf=27.943Hz  target=9.236Hz  err=-18.707Hz  corr=-386.91W  u_ff=84.8W  PCAP→78W  power=79.0W
[PID] perf=27.946Hz  target=9.236Hz  err=-18.710Hz  corr=-386.97W  u_ff=84.8W  PCAP→78W  power=77.1W
[PID] perf=27.948Hz  target=9.236Hz  err=-18.712Hz  corr=-387.00W  u_ff=84.8W  PCAP→78W  power=77.0W
[PID] perf=27.949Hz  target=9.236Hz  err=-18.712Hz  corr=-387.02W  u_ff=84.8W  PCAP→78W  power=78.2W
[PID] perf=27.929Hz  target=9.236Hz  err=-18.693Hz  corr=-386.66W  u_ff=84.8W  PCAP→78W  power=76.4W
[PID] perf=27.946Hz  target=9.236Hz  err=-18.710Hz  corr=-386.97W  u_ff=84.8W  PCAP→78W  power=78.9W
[PID] perf=27.929Hz  target=9.236Hz  err=-18.693Hz  corr=-386.66W  u_ff=84.8W  PCAP→78W  power=78.7W
[PID] perf=27.946Hz  target=9.236Hz  err=-18.709Hz  corr=-386.96W  u_ff=84.8W  PCAP→78W  power=79.1W
[PID] perf=27.931Hz  target=9.236Hz  err=-18.694Hz  corr=-386.68W  u_ff=84.8W  PCAP→78W  power=77.7W
[PID] perf=27.930Hz  target=9.236Hz  err=-18.694Hz  corr=-386.68W  u_ff=84.8W  PCAP→78W  power=76.2W
[PID] perf=27.940Hz  target=9.236Hz  err=-18.704Hz  corr=-386.86W  u_ff=84.8W  PCAP→78W  power=77.3W
[PID] perf=27.915Hz  target=9.236Hz  err=-18.678Hz  corr=-386.38W  u_ff=84.8W  PCAP→78W  power=76.9W
[PID] perf=27.944Hz  target=9.236Hz  err=-18.708Hz  corr=-386.93W  u_ff=84.8W  PCAP→78W  power=77.5W
[PID] perf=27.939Hz  target=9.236Hz  err=-18.702Hz  corr=-386.83W  u_ff=84.8W  PCAP→78W  power=79.0W
[PID] perf=27.913Hz  target=9.236Hz  err=-18.677Hz  corr=-386.35W  u_ff=84.8W  PCAP→78W  power=78.5W
[PID] perf=27.928Hz  target=9.236Hz  err=-18.692Hz  corr=-386.64W  u_ff=84.8W  PCAP→78W  power=76.7W
[PID] perf=27.941Hz  target=9.236Hz  err=-18.705Hz  corr=-386.87W  u_ff=84.8W  PCAP→78W  power=77.8W
[PID] perf=27.906Hz  target=9.236Hz  err=-18.670Hz  corr=-386.23W  u_ff=84.8W  PCAP→78W  power=77.0W
[PID] perf=27.941Hz  target=9.236Hz  err=-18.705Hz  corr=-386.87W  u_ff=84.8W  PCAP→78W  power=78.1W
[PID] perf=27.938Hz  target=9.236Hz  err=-18.702Hz  corr=-386.82W  u_ff=84.8W  PCAP→78W  power=77.5W
[PID] perf=27.900Hz  target=9.236Hz  err=-18.664Hz  corr=-386.11W  u_ff=84.8W  PCAP→78W  power=78.2W
[PID] perf=27.884Hz  target=9.236Hz  err=-18.648Hz  corr=-385.81W  u_ff=84.8W  PCAP→78W  power=78.8W
[PID] perf=27.871Hz  target=9.236Hz  err=-18.635Hz  corr=-385.58W  u_ff=84.8W  PCAP→78W  power=79.1W
[PID] perf=27.882Hz  target=9.236Hz  err=-18.645Hz  corr=-385.77W  u_ff=84.8W  PCAP→78W  power=78.9W
[PID] perf=27.903Hz  target=9.236Hz  err=-18.667Hz  corr=-386.16W  u_ff=84.8W  PCAP→78W  power=78.5W
[PID] perf=27.908Hz  target=9.236Hz  err=-18.672Hz  corr=-386.26W  u_ff=84.8W  PCAP→78W  power=77.2W
[PID] perf=27.902Hz  target=9.236Hz  err=-18.665Hz  corr=-386.14W  u_ff=84.8W  PCAP→78W  power=77.9W
[PID] perf=27.875Hz  target=9.236Hz  err=-18.639Hz  corr=-385.65W  u_ff=84.8W  PCAP→78W  power=77.6W
[PID] perf=27.882Hz  target=9.236Hz  err=-18.646Hz  corr=-385.78W  u_ff=84.8W  PCAP→78W  power=76.9W
[PID] perf=27.851Hz  target=9.236Hz  err=-18.615Hz  corr=-385.21W  u_ff=84.8W  PCAP→78W  power=77.1W
[PID] perf=27.869Hz  target=9.236Hz  err=-18.632Hz  corr=-385.53W  u_ff=84.8W  PCAP→78W  power=78.3W
[PID] perf=27.880Hz  target=9.236Hz  err=-18.644Hz  corr=-385.74W  u_ff=84.8W  PCAP→78W  power=77.4W
[PID] perf=27.859Hz  target=9.236Hz  err=-18.623Hz  corr=-385.35W  u_ff=84.8W  PCAP→78W  power=78.2W
[PID] perf=27.889Hz  target=9.236Hz  err=-18.653Hz  corr=-385.92W  u_ff=84.8W  PCAP→78W  power=76.4W
[PID] perf=27.895Hz  target=9.236Hz  err=-18.659Hz  corr=-386.03W  u_ff=84.8W  PCAP→78W  power=79.0W
[PID] perf=27.889Hz  target=9.236Hz  err=-18.653Hz  corr=-385.91W  u_ff=84.8W  PCAP→78W  power=78.6W
[PID] perf=27.879Hz  target=9.236Hz  err=-18.643Hz  corr=-385.72W  u_ff=84.8W  PCAP→78W  power=78.0W
[PID] perf=27.877Hz  target=9.236Hz  err=-18.641Hz  corr=-385.69W  u_ff=84.8W  PCAP→78W  power=78.4W
[PID] perf=27.867Hz  target=9.236Hz  err=-18.631Hz  corr=-385.50W  u_ff=84.8W  PCAP→78W  power=77.8W
[PID] perf=27.882Hz  target=9.236Hz  err=-18.646Hz  corr=-385.78W  u_ff=84.8W  PCAP→78W  power=78.1W
[PID] perf=27.909Hz  target=9.236Hz  err=-18.673Hz  corr=-386.29W  u_ff=84.8W  PCAP→78W  power=76.6W
[PID] perf=27.888Hz  target=9.236Hz  err=-18.652Hz  corr=-385.90W  u_ff=84.8W  PCAP→78W  power=77.0W
[PID] perf=27.863Hz  target=9.236Hz  err=-18.627Hz  corr=-385.44W  u_ff=84.8W  PCAP→78W  power=78.7W
[PID] perf=27.860Hz  target=9.236Hz  err=-18.624Hz  corr=-385.38W  u_ff=84.8W  PCAP→78W  power=78.9W
[PID] perf=27.848Hz  target=9.236Hz  err=-18.612Hz  corr=-385.16W  u_ff=84.8W  PCAP→78W  power=78.8W
[PID] perf=27.877Hz  target=9.236Hz  err=-18.641Hz  corr=-385.69W  u_ff=84.8W  PCAP→78W  power=78.7W
[PID] perf=27.867Hz  target=9.236Hz  err=-18.631Hz  corr=-385.51W  u_ff=84.8W  PCAP→78W  power=79.2W
[PID] perf=27.864Hz  target=9.236Hz  err=-18.628Hz  corr=-385.44W  u_ff=84.8W  PCAP→78W  power=78.0W
[PID] perf=27.849Hz  target=9.236Hz  err=-18.613Hz  corr=-385.17W  u_ff=84.8W  PCAP→78W  power=78.6W
[PID] perf=27.841Hz  target=9.236Hz  err=-18.604Hz  corr=-385.01W  u_ff=84.8W  PCAP→78W  power=76.6W
[PID] perf=27.879Hz  target=9.236Hz  err=-18.643Hz  corr=-385.72W  u_ff=84.8W  PCAP→78W  power=78.1W
[PID] perf=27.893Hz  target=9.236Hz  err=-18.656Hz  corr=-385.98W  u_ff=84.8W  PCAP→78W  power=76.6W
[PID] perf=27.862Hz  target=9.236Hz  err=-18.626Hz  corr=-385.41W  u_ff=84.8W  PCAP→78W  power=77.4W
[PID] perf=27.825Hz  target=9.236Hz  err=-18.589Hz  corr=-384.73W  u_ff=84.8W  PCAP→78W  power=78.8W
[PID] perf=27.811Hz  target=9.236Hz  err=-18.575Hz  corr=-384.46W  u_ff=84.8W  PCAP→78W  power=79.0W
[PID] perf=27.837Hz  target=9.236Hz  err=-18.601Hz  corr=-384.95W  u_ff=84.8W  PCAP→78W  power=79.0W
[PID] perf=27.886Hz  target=9.236Hz  err=-18.649Hz  corr=-385.85W  u_ff=84.8W  PCAP→78W  power=77.3W
[PID] perf=27.885Hz  target=9.236Hz  err=-18.649Hz  corr=-385.84W  u_ff=84.8W  PCAP→78W  power=78.9W
[PID] perf=27.930Hz  target=9.236Hz  err=-18.694Hz  corr=-386.68W  u_ff=84.8W  PCAP→78W  power=79.2W
[PID] perf=27.881Hz  target=9.236Hz  err=-18.645Hz  corr=-385.77W  u_ff=84.8W  PCAP→78W  power=77.6W
[PID] perf=27.846Hz  target=9.236Hz  err=-18.610Hz  corr=-385.12W  u_ff=84.8W  PCAP→78W  power=78.6W
[PID] perf=27.874Hz  target=9.236Hz  err=-18.638Hz  corr=-385.63W  u_ff=84.8W  PCAP→78W  power=79.4W
[PID] perf=27.900Hz  target=9.236Hz  err=-18.664Hz  corr=-386.12W  u_ff=84.8W  PCAP→78W  power=79.3W
[PID] perf=27.919Hz  target=9.236Hz  err=-18.683Hz  corr=-386.46W  u_ff=84.8W  PCAP→78W  power=78.0W
[PID] perf=27.886Hz  target=9.236Hz  err=-18.650Hz  corr=-385.86W  u_ff=84.8W  PCAP→78W  power=78.4W
[PID] perf=27.887Hz  target=9.236Hz  err=-18.651Hz  corr=-385.88W  u_ff=84.8W  PCAP→78W  power=78.5W
[PID] perf=27.907Hz  target=9.236Hz  err=-18.671Hz  corr=-386.24W  u_ff=84.8W  PCAP→78W  power=77.5W
Process completed.
Compressed into /home/cc/summer2024/main_codes/pid_controller/../experiment_data/PID_Control_sweep/ones-npb-cg/compressed_iteration_20260513_021748.tar
----------------------------------

>>> Step 3/3

[ones-npb-cg]
  target perf      : 9.2362 Hz
  coefficients_perf: [-0.0006547837485238978, 0.18607436314256556, -1.8317688501798497]
  feedforward PCAP : 84.77 W  →  83 W (snapped)
  Perf(u_ff) check : 9.2362 Hz  (should ≈ target)
  PID gains        : Kp=18.5447 W/Hz  Ki=1.85447 W/(Hz·s)  Kd=0.0000
[PID] Awaiting data — feedforward PCAP=83W
[PID] Awaiting data — feedforward PCAP=83W
[PID] Awaiting data — feedforward PCAP=83W
[PID] Awaiting data — feedforward PCAP=83W
[PID] Awaiting data — feedforward PCAP=83W
[PID] Awaiting data — feedforward PCAP=83W
[PID] perf=18.803Hz  target=9.236Hz  err=-9.567Hz  corr=-212.90W  u_ff=84.8W  PCAP→78W  power=nanW
[PID] perf=18.117Hz  target=9.236Hz  err=-8.881Hz  corr=-204.70W  u_ff=84.8W  PCAP→78W  power=77.3W
[PID] perf=18.132Hz  target=9.236Hz  err=-8.896Hz  corr=-204.97W  u_ff=84.8W  PCAP→78W  power=78.8W
[PID] perf=18.166Hz  target=9.236Hz  err=-8.930Hz  corr=-205.60W  u_ff=84.8W  PCAP→78W  power=79.0W
[PID] perf=24.905Hz  target=9.236Hz  err=-15.669Hz  corr=-330.57W  u_ff=84.8W  PCAP→78W  power=76.6W
[PID] perf=29.286Hz  target=9.236Hz  err=-20.050Hz  corr=-411.82W  u_ff=84.8W  PCAP→78W  power=76.4W
[PID] perf=29.316Hz  target=9.236Hz  err=-20.080Hz  corr=-412.38W  u_ff=84.8W  PCAP→78W  power=76.6W
[PID] perf=29.360Hz  target=9.236Hz  err=-20.124Hz  corr=-413.20W  u_ff=84.8W  PCAP→78W  power=78.6W
[PID] perf=29.387Hz  target=9.236Hz  err=-20.151Hz  corr=-413.70W  u_ff=84.8W  PCAP→78W  power=79.0W
[PID] perf=29.368Hz  target=9.236Hz  err=-20.132Hz  corr=-413.34W  u_ff=84.8W  PCAP→78W  power=77.3W
[PID] perf=29.421Hz  target=9.236Hz  err=-20.184Hz  corr=-414.31W  u_ff=84.8W  PCAP→78W  power=77.6W
[PID] perf=29.392Hz  target=9.236Hz  err=-20.155Hz  corr=-413.78W  u_ff=84.8W  PCAP→78W  power=79.3W
[PID] perf=29.428Hz  target=9.236Hz  err=-20.192Hz  corr=-414.45W  u_ff=84.8W  PCAP→78W  power=77.4W
[PID] perf=29.426Hz  target=9.236Hz  err=-20.190Hz  corr=-414.41W  u_ff=84.8W  PCAP→78W  power=76.2W
[PID] perf=29.417Hz  target=9.236Hz  err=-20.180Hz  corr=-414.24W  u_ff=84.8W  PCAP→78W  power=77.2W
[PID] perf=29.419Hz  target=9.236Hz  err=-20.182Hz  corr=-414.28W  u_ff=84.8W  PCAP→78W  power=79.0W
[PID] perf=29.381Hz  target=9.236Hz  err=-20.145Hz  corr=-413.59W  u_ff=84.8W  PCAP→78W  power=78.3W
[PID] perf=29.393Hz  target=9.236Hz  err=-20.156Hz  corr=-413.80W  u_ff=84.8W  PCAP→78W  power=78.3W
[PID] perf=29.378Hz  target=9.236Hz  err=-20.142Hz  corr=-413.53W  u_ff=84.8W  PCAP→78W  power=78.9W
[PID] perf=29.400Hz  target=9.236Hz  err=-20.164Hz  corr=-413.93W  u_ff=84.8W  PCAP→78W  power=78.3W
[PID] perf=29.393Hz  target=9.236Hz  err=-20.157Hz  corr=-413.81W  u_ff=84.8W  PCAP→78W  power=77.5W
[PID] perf=29.387Hz  target=9.236Hz  err=-20.150Hz  corr=-413.68W  u_ff=84.8W  PCAP→78W  power=78.7W
[PID] perf=29.337Hz  target=9.236Hz  err=-20.101Hz  corr=-412.77W  u_ff=84.8W  PCAP→78W  power=77.1W
[PID] perf=29.378Hz  target=9.236Hz  err=-20.142Hz  corr=-413.53W  u_ff=84.8W  PCAP→78W  power=76.4W
[PID] perf=29.434Hz  target=9.236Hz  err=-20.198Hz  corr=-414.57W  u_ff=84.8W  PCAP→78W  power=78.4W
[PID] perf=29.389Hz  target=9.236Hz  err=-20.152Hz  corr=-413.72W  u_ff=84.8W  PCAP→78W  power=78.7W
[PID] perf=29.393Hz  target=9.236Hz  err=-20.157Hz  corr=-413.80W  u_ff=84.8W  PCAP→78W  power=78.5W
[PID] perf=29.399Hz  target=9.236Hz  err=-20.163Hz  corr=-413.91W  u_ff=84.8W  PCAP→78W  power=78.6W
[PID] perf=29.406Hz  target=9.236Hz  err=-20.169Hz  corr=-414.04W  u_ff=84.8W  PCAP→78W  power=77.3W
[PID] perf=29.381Hz  target=9.236Hz  err=-20.145Hz  corr=-413.58W  u_ff=84.8W  PCAP→78W  power=76.3W
[PID] perf=29.386Hz  target=9.236Hz  err=-20.150Hz  corr=-413.67W  u_ff=84.8W  PCAP→78W  power=77.2W
[PID] perf=29.367Hz  target=9.236Hz  err=-20.131Hz  corr=-413.31W  u_ff=84.8W  PCAP→78W  power=79.0W
[PID] perf=29.374Hz  target=9.236Hz  err=-20.138Hz  corr=-413.45W  u_ff=84.8W  PCAP→78W  power=77.6W
[PID] perf=29.393Hz  target=9.236Hz  err=-20.157Hz  corr=-413.80W  u_ff=84.8W  PCAP→78W  power=79.4W
[PID] perf=29.351Hz  target=9.236Hz  err=-20.114Hz  corr=-413.02W  u_ff=84.8W  PCAP→78W  power=77.7W
[PID] perf=29.376Hz  target=9.236Hz  err=-20.140Hz  corr=-413.48W  u_ff=84.8W  PCAP→78W  power=79.1W
[PID] perf=29.354Hz  target=9.236Hz  err=-20.118Hz  corr=-413.08W  u_ff=84.8W  PCAP→78W  power=79.4W
[PID] perf=29.392Hz  target=9.236Hz  err=-20.155Hz  corr=-413.77W  u_ff=84.8W  PCAP→78W  power=77.0W
[PID] perf=29.399Hz  target=9.236Hz  err=-20.162Hz  corr=-413.91W  u_ff=84.8W  PCAP→78W  power=79.2W
[PID] perf=29.414Hz  target=9.236Hz  err=-20.178Hz  corr=-414.19W  u_ff=84.8W  PCAP→78W  power=79.2W
[PID] perf=29.398Hz  target=9.236Hz  err=-20.162Hz  corr=-413.89W  u_ff=84.8W  PCAP→78W  power=78.8W
[PID] perf=29.373Hz  target=9.236Hz  err=-20.137Hz  corr=-413.44W  u_ff=84.8W  PCAP→78W  power=76.8W
[PID] perf=29.377Hz  target=9.236Hz  err=-20.141Hz  corr=-413.51W  u_ff=84.8W  PCAP→78W  power=78.2W
[PID] perf=29.382Hz  target=9.236Hz  err=-20.146Hz  corr=-413.60W  u_ff=84.8W  PCAP→78W  power=76.8W
[PID] perf=29.380Hz  target=9.236Hz  err=-20.144Hz  corr=-413.57W  u_ff=84.8W  PCAP→78W  power=78.3W
[PID] perf=29.364Hz  target=9.236Hz  err=-20.128Hz  corr=-413.26W  u_ff=84.8W  PCAP→78W  power=78.6W
[PID] perf=29.412Hz  target=9.236Hz  err=-20.175Hz  corr=-414.15W  u_ff=84.8W  PCAP→78W  power=77.6W
[PID] perf=29.414Hz  target=9.236Hz  err=-20.178Hz  corr=-414.19W  u_ff=84.8W  PCAP→78W  power=76.8W
[PID] perf=29.376Hz  target=9.236Hz  err=-20.139Hz  corr=-413.48W  u_ff=84.8W  PCAP→78W  power=77.7W
[PID] perf=29.352Hz  target=9.236Hz  err=-20.116Hz  corr=-413.05W  u_ff=84.8W  PCAP→78W  power=79.3W
[PID] perf=29.405Hz  target=9.236Hz  err=-20.169Hz  corr=-414.03W  u_ff=84.8W  PCAP→78W  power=76.2W
[PID] perf=29.384Hz  target=9.236Hz  err=-20.148Hz  corr=-413.63W  u_ff=84.8W  PCAP→78W  power=78.3W
[PID] perf=29.371Hz  target=9.236Hz  err=-20.135Hz  corr=-413.40W  u_ff=84.8W  PCAP→78W  power=77.8W
[PID] perf=29.380Hz  target=9.236Hz  err=-20.144Hz  corr=-413.56W  u_ff=84.8W  PCAP→78W  power=79.1W
[PID] perf=29.381Hz  target=9.236Hz  err=-20.145Hz  corr=-413.59W  u_ff=84.8W  PCAP→78W  power=77.8W
[PID] perf=29.386Hz  target=9.236Hz  err=-20.149Hz  corr=-413.67W  u_ff=84.8W  PCAP→78W  power=79.0W
[PID] perf=29.373Hz  target=9.236Hz  err=-20.137Hz  corr=-413.43W  u_ff=84.8W  PCAP→78W  power=78.0W
[PID] perf=29.369Hz  target=9.236Hz  err=-20.133Hz  corr=-413.36W  u_ff=84.8W  PCAP→78W  power=79.3W
[PID] perf=29.399Hz  target=9.236Hz  err=-20.162Hz  corr=-413.91W  u_ff=84.8W  PCAP→78W  power=77.7W
[PID] perf=29.410Hz  target=9.236Hz  err=-20.173Hz  corr=-414.11W  u_ff=84.8W  PCAP→78W  power=78.3W
[PID] perf=29.392Hz  target=9.236Hz  err=-20.156Hz  corr=-413.78W  u_ff=84.8W  PCAP→78W  power=77.5W
[PID] perf=29.376Hz  target=9.236Hz  err=-20.140Hz  corr=-413.49W  u_ff=84.8W  PCAP→78W  power=77.5W
[PID] perf=29.397Hz  target=9.236Hz  err=-20.161Hz  corr=-413.88W  u_ff=84.8W  PCAP→78W  power=79.2W
[PID] perf=29.419Hz  target=9.236Hz  err=-20.183Hz  corr=-414.28W  u_ff=84.8W  PCAP→78W  power=77.8W
[PID] perf=29.414Hz  target=9.236Hz  err=-20.178Hz  corr=-414.19W  u_ff=84.8W  PCAP→78W  power=78.6W
[PID] perf=29.369Hz  target=9.236Hz  err=-20.133Hz  corr=-413.36W  u_ff=84.8W  PCAP→78W  power=76.6W
[PID] perf=29.391Hz  target=9.236Hz  err=-20.155Hz  corr=-413.77W  u_ff=84.8W  PCAP→78W  power=79.4W
[PID] perf=29.208Hz  target=9.236Hz  err=-19.972Hz  corr=-410.37W  u_ff=84.8W  PCAP→78W  power=77.0W
[PID] perf=29.266Hz  target=9.236Hz  err=-20.030Hz  corr=-411.45W  u_ff=84.8W  PCAP→78W  power=78.5W
[PID] perf=29.261Hz  target=9.236Hz  err=-20.025Hz  corr=-411.36W  u_ff=84.8W  PCAP→78W  power=77.3W
[PID] perf=29.242Hz  target=9.236Hz  err=-20.006Hz  corr=-411.00W  u_ff=84.8W  PCAP→78W  power=78.1W
[PID] perf=29.265Hz  target=9.236Hz  err=-20.029Hz  corr=-411.42W  u_ff=84.8W  PCAP→78W  power=78.4W
[PID] perf=29.283Hz  target=9.236Hz  err=-20.047Hz  corr=-411.77W  u_ff=84.8W  PCAP→78W  power=79.4W
[PID] perf=29.283Hz  target=9.236Hz  err=-20.047Hz  corr=-411.76W  u_ff=84.8W  PCAP→78W  power=77.3W
[PID] perf=29.273Hz  target=9.236Hz  err=-20.037Hz  corr=-411.58W  u_ff=84.8W  PCAP→78W  power=77.1W
[PID] perf=29.283Hz  target=9.236Hz  err=-20.047Hz  corr=-411.76W  u_ff=84.8W  PCAP→78W  power=77.6W
[PID] perf=29.261Hz  target=9.236Hz  err=-20.025Hz  corr=-411.35W  u_ff=84.8W  PCAP→78W  power=79.1W
[PID] perf=29.291Hz  target=9.236Hz  err=-20.055Hz  corr=-411.91W  u_ff=84.8W  PCAP→78W  power=76.8W
[PID] perf=29.286Hz  target=9.236Hz  err=-20.049Hz  corr=-411.81W  u_ff=84.8W  PCAP→78W  power=77.6W
[PID] perf=29.267Hz  target=9.236Hz  err=-20.031Hz  corr=-411.47W  u_ff=84.8W  PCAP→78W  power=78.6W
[PID] perf=29.290Hz  target=9.236Hz  err=-20.053Hz  corr=-411.88W  u_ff=84.8W  PCAP→78W  power=77.4W
[PID] perf=29.303Hz  target=9.236Hz  err=-20.067Hz  corr=-412.13W  u_ff=84.8W  PCAP→78W  power=76.7W
[PID] perf=29.281Hz  target=9.236Hz  err=-20.045Hz  corr=-411.72W  u_ff=84.8W  PCAP→78W  power=76.4W
[PID] perf=29.299Hz  target=9.236Hz  err=-20.063Hz  corr=-412.06W  u_ff=84.8W  PCAP→78W  power=77.4W
[PID] perf=29.301Hz  target=9.236Hz  err=-20.065Hz  corr=-412.10W  u_ff=84.8W  PCAP→78W  power=77.1W
[PID] perf=29.249Hz  target=9.236Hz  err=-20.013Hz  corr=-411.13W  u_ff=84.8W  PCAP→78W  power=76.6W
[PID] perf=29.244Hz  target=9.236Hz  err=-20.007Hz  corr=-411.03W  u_ff=84.8W  PCAP→78W  power=78.7W
[PID] perf=29.264Hz  target=9.236Hz  err=-20.028Hz  corr=-411.41W  u_ff=84.8W  PCAP→78W  power=78.6W
[PID] perf=29.278Hz  target=9.236Hz  err=-20.042Hz  corr=-411.68W  u_ff=84.8W  PCAP→78W  power=76.0W
[PID] perf=29.254Hz  target=9.236Hz  err=-20.018Hz  corr=-411.22W  u_ff=84.8W  PCAP→78W  power=78.6W
[PID] perf=29.238Hz  target=9.236Hz  err=-20.001Hz  corr=-410.92W  u_ff=84.8W  PCAP→78W  power=78.4W
[PID] perf=29.276Hz  target=9.236Hz  err=-20.040Hz  corr=-411.64W  u_ff=84.8W  PCAP→78W  power=77.6W
[PID] perf=29.280Hz  target=9.236Hz  err=-20.044Hz  corr=-411.71W  u_ff=84.8W  PCAP→78W  power=78.1W
[PID] perf=29.301Hz  target=9.236Hz  err=-20.064Hz  corr=-412.09W  u_ff=84.8W  PCAP→78W  power=76.2W
[PID] perf=29.293Hz  target=9.236Hz  err=-20.057Hz  corr=-411.95W  u_ff=84.8W  PCAP→78W  power=77.5W
[PID] perf=29.275Hz  target=9.236Hz  err=-20.039Hz  corr=-411.62W  u_ff=84.8W  PCAP→78W  power=79.2W
[PID] perf=29.277Hz  target=9.236Hz  err=-20.040Hz  corr=-411.64W  u_ff=84.8W  PCAP→78W  power=79.0W
[PID] perf=29.268Hz  target=9.236Hz  err=-20.032Hz  corr=-411.48W  u_ff=84.8W  PCAP→78W  power=79.1W
[PID] perf=29.288Hz  target=9.236Hz  err=-20.052Hz  corr=-411.85W  u_ff=84.8W  PCAP→78W  power=79.3W
[PID] perf=29.265Hz  target=9.236Hz  err=-20.028Hz  corr=-411.42W  u_ff=84.8W  PCAP→78W  power=78.0W
[PID] perf=29.272Hz  target=9.236Hz  err=-20.036Hz  corr=-411.57W  u_ff=84.8W  PCAP→78W  power=77.2W
[PID] perf=29.272Hz  target=9.236Hz  err=-20.036Hz  corr=-411.56W  u_ff=84.8W  PCAP→78W  power=77.7W
[PID] perf=29.290Hz  target=9.236Hz  err=-20.053Hz  corr=-411.89W  u_ff=84.8W  PCAP→78W  power=77.2W
[PID] perf=29.281Hz  target=9.236Hz  err=-20.045Hz  corr=-411.72W  u_ff=84.8W  PCAP→78W  power=79.0W
[PID] perf=29.269Hz  target=9.236Hz  err=-20.032Hz  corr=-411.49W  u_ff=84.8W  PCAP→78W  power=79.5W
[PID] perf=29.256Hz  target=9.236Hz  err=-20.019Hz  corr=-411.25W  u_ff=84.8W  PCAP→78W  power=78.4W
[PID] perf=29.271Hz  target=9.236Hz  err=-20.035Hz  corr=-411.55W  u_ff=84.8W  PCAP→78W  power=78.0W
[PID] perf=29.268Hz  target=9.236Hz  err=-20.032Hz  corr=-411.48W  u_ff=84.8W  PCAP→78W  power=79.0W
[PID] perf=29.305Hz  target=9.236Hz  err=-20.069Hz  corr=-412.17W  u_ff=84.8W  PCAP→78W  power=76.9W
[PID] perf=29.250Hz  target=9.236Hz  err=-20.014Hz  corr=-411.15W  u_ff=84.8W  PCAP→78W  power=78.3W
[PID] perf=29.275Hz  target=9.236Hz  err=-20.038Hz  corr=-411.60W  u_ff=84.8W  PCAP→78W  power=77.3W
[PID] perf=29.272Hz  target=9.236Hz  err=-20.036Hz  corr=-411.56W  u_ff=84.8W  PCAP→78W  power=78.4W
[PID] perf=29.270Hz  target=9.236Hz  err=-20.033Hz  corr=-411.51W  u_ff=84.8W  PCAP→78W  power=78.6W
[PID] perf=29.266Hz  target=9.236Hz  err=-20.030Hz  corr=-411.45W  u_ff=84.8W  PCAP→78W  power=77.8W
[PID] perf=29.278Hz  target=9.236Hz  err=-20.042Hz  corr=-411.67W  u_ff=84.8W  PCAP→78W  power=76.4W
[PID] perf=29.267Hz  target=9.236Hz  err=-20.031Hz  corr=-411.47W  u_ff=84.8W  PCAP→78W  power=78.8W
[PID] perf=29.270Hz  target=9.236Hz  err=-20.034Hz  corr=-411.52W  u_ff=84.8W  PCAP→78W  power=77.9W
[PID] perf=29.283Hz  target=9.236Hz  err=-20.047Hz  corr=-411.76W  u_ff=84.8W  PCAP→78W  power=77.9W
[PID] perf=29.261Hz  target=9.236Hz  err=-20.025Hz  corr=-411.36W  u_ff=84.8W  PCAP→78W  power=77.5W
[PID] perf=29.322Hz  target=9.236Hz  err=-20.086Hz  corr=-412.48W  u_ff=84.8W  PCAP→78W  power=78.0W
[PID] perf=29.267Hz  target=9.236Hz  err=-20.031Hz  corr=-411.46W  u_ff=84.8W  PCAP→78W  power=79.0W
[PID] perf=29.299Hz  target=9.236Hz  err=-20.063Hz  corr=-412.06W  u_ff=84.8W  PCAP→78W  power=77.4W
[PID] perf=29.272Hz  target=9.236Hz  err=-20.036Hz  corr=-411.56W  u_ff=84.8W  PCAP→78W  power=77.1W
[PID] perf=29.271Hz  target=9.236Hz  err=-20.035Hz  corr=-411.54W  u_ff=84.8W  PCAP→78W  power=78.7W
[PID] perf=29.292Hz  target=9.236Hz  err=-20.055Hz  corr=-411.92W  u_ff=84.8W  PCAP→78W  power=78.6W
[PID] perf=29.288Hz  target=9.236Hz  err=-20.052Hz  corr=-411.86W  u_ff=84.8W  PCAP→78W  power=77.4W
[PID] perf=29.246Hz  target=9.236Hz  err=-20.010Hz  corr=-411.07W  u_ff=84.8W  PCAP→78W  power=79.5W
[PID] perf=29.305Hz  target=9.236Hz  err=-20.069Hz  corr=-412.17W  u_ff=84.8W  PCAP→78W  power=78.1W
[PID] perf=29.297Hz  target=9.236Hz  err=-20.061Hz  corr=-412.02W  u_ff=84.8W  PCAP→78W  power=77.9W
[PID] perf=29.270Hz  target=9.236Hz  err=-20.033Hz  corr=-411.51W  u_ff=84.8W  PCAP→78W  power=78.1W
[PID] perf=29.320Hz  target=9.236Hz  err=-20.084Hz  corr=-412.45W  u_ff=84.8W  PCAP→78W  power=78.9W
[PID] perf=29.308Hz  target=9.236Hz  err=-20.072Hz  corr=-412.23W  u_ff=84.8W  PCAP→78W  power=78.7W
[PID] perf=29.291Hz  target=9.236Hz  err=-20.054Hz  corr=-411.90W  u_ff=84.8W  PCAP→78W  power=79.1W
[PID] perf=29.267Hz  target=9.236Hz  err=-20.031Hz  corr=-411.46W  u_ff=84.8W  PCAP→78W  power=78.1W
[PID] perf=29.286Hz  target=9.236Hz  err=-20.050Hz  corr=-411.82W  u_ff=84.8W  PCAP→78W  power=78.8W
[PID] perf=29.275Hz  target=9.236Hz  err=-20.039Hz  corr=-411.62W  u_ff=84.8W  PCAP→78W  power=78.2W
[PID] perf=29.280Hz  target=9.236Hz  err=-20.043Hz  corr=-411.70W  u_ff=84.8W  PCAP→78W  power=78.7W
[PID] perf=29.294Hz  target=9.236Hz  err=-20.058Hz  corr=-411.96W  u_ff=84.8W  PCAP→78W  power=77.8W
[PID] perf=29.239Hz  target=9.236Hz  err=-20.002Hz  corr=-410.94W  u_ff=84.8W  PCAP→78W  power=76.5W
[PID] perf=29.260Hz  target=9.236Hz  err=-20.023Hz  corr=-411.33W  u_ff=84.8W  PCAP→78W  power=77.8W
[PID] perf=29.275Hz  target=9.236Hz  err=-20.039Hz  corr=-411.61W  u_ff=84.8W  PCAP→78W  power=78.6W
[PID] perf=29.271Hz  target=9.236Hz  err=-20.035Hz  corr=-411.55W  u_ff=84.8W  PCAP→78W  power=77.4W
[PID] perf=29.269Hz  target=9.236Hz  err=-20.032Hz  corr=-411.49W  u_ff=84.8W  PCAP→78W  power=78.3W
[PID] perf=29.189Hz  target=9.236Hz  err=-19.952Hz  corr=-410.01W  u_ff=84.8W  PCAP→78W  power=78.8W
[PID] perf=29.264Hz  target=9.236Hz  err=-20.028Hz  corr=-411.40W  u_ff=84.8W  PCAP→78W  power=77.8W
[PID] perf=29.292Hz  target=9.236Hz  err=-20.056Hz  corr=-411.94W  u_ff=84.8W  PCAP→78W  power=78.2W
[PID] perf=29.267Hz  target=9.236Hz  err=-20.031Hz  corr=-411.46W  u_ff=84.8W  PCAP→78W  power=78.6W
[PID] perf=29.196Hz  target=9.236Hz  err=-19.959Hz  corr=-410.14W  u_ff=84.8W  PCAP→78W  power=78.5W
[PID] perf=27.294Hz  target=9.236Hz  err=-18.058Hz  corr=-374.88W  u_ff=84.8W  PCAP→78W  power=77.7W
[PID] perf=29.203Hz  target=9.236Hz  err=-19.967Hz  corr=-410.28W  u_ff=84.8W  PCAP→78W  power=78.2W
[PID] perf=29.230Hz  target=9.236Hz  err=-19.994Hz  corr=-410.78W  u_ff=84.8W  PCAP→78W  power=76.2W
[PID] perf=29.289Hz  target=9.236Hz  err=-20.052Hz  corr=-411.86W  u_ff=84.8W  PCAP→78W  power=78.6W
[PID] perf=29.249Hz  target=9.236Hz  err=-20.013Hz  corr=-411.14W  u_ff=84.8W  PCAP→78W  power=77.2W
[PID] perf=29.255Hz  target=9.236Hz  err=-20.019Hz  corr=-411.25W  u_ff=84.8W  PCAP→78W  power=77.3W
[PID] perf=29.256Hz  target=9.236Hz  err=-20.020Hz  corr=-411.27W  u_ff=84.8W  PCAP→78W  power=78.4W
[PID] perf=29.275Hz  target=9.236Hz  err=-20.039Hz  corr=-411.61W  u_ff=84.8W  PCAP→78W  power=79.5W
[PID] perf=29.269Hz  target=9.236Hz  err=-20.032Hz  corr=-411.49W  u_ff=84.8W  PCAP→78W  power=76.5W
[PID] perf=29.274Hz  target=9.236Hz  err=-20.038Hz  corr=-411.60W  u_ff=84.8W  PCAP→78W  power=78.7W
[PID] perf=29.245Hz  target=9.236Hz  err=-20.008Hz  corr=-411.05W  u_ff=84.8W  PCAP→78W  power=78.2W
[PID] perf=29.230Hz  target=9.236Hz  err=-19.994Hz  corr=-410.78W  u_ff=84.8W  PCAP→78W  power=77.3W
[PID] perf=29.295Hz  target=9.236Hz  err=-20.059Hz  corr=-411.98W  u_ff=84.8W  PCAP→78W  power=77.6W
[PID] perf=29.282Hz  target=9.236Hz  err=-20.046Hz  corr=-411.75W  u_ff=84.8W  PCAP→78W  power=78.9W
[PID] perf=29.281Hz  target=9.236Hz  err=-20.045Hz  corr=-411.73W  u_ff=84.8W  PCAP→78W  power=77.4W
[PID] perf=29.210Hz  target=9.236Hz  err=-19.974Hz  corr=-410.41W  u_ff=84.8W  PCAP→78W  power=78.2W
[PID] perf=29.298Hz  target=9.236Hz  err=-20.062Hz  corr=-412.04W  u_ff=84.8W  PCAP→78W  power=79.2W
[PID] perf=29.305Hz  target=9.236Hz  err=-20.069Hz  corr=-412.17W  u_ff=84.8W  PCAP→78W  power=77.6W
[PID] perf=29.278Hz  target=9.236Hz  err=-20.042Hz  corr=-411.67W  u_ff=84.8W  PCAP→78W  power=78.7W
[PID] perf=29.255Hz  target=9.236Hz  err=-20.019Hz  corr=-411.24W  u_ff=84.8W  PCAP→78W  power=78.9W
[PID] perf=29.273Hz  target=9.236Hz  err=-20.037Hz  corr=-411.58W  u_ff=84.8W  PCAP→78W  power=77.1W
[PID] perf=29.281Hz  target=9.236Hz  err=-20.045Hz  corr=-411.73W  u_ff=84.8W  PCAP→78W  power=79.1W
[PID] perf=29.295Hz  target=9.236Hz  err=-20.058Hz  corr=-411.98W  u_ff=84.8W  PCAP→78W  power=79.0W
[PID] perf=29.271Hz  target=9.236Hz  err=-20.034Hz  corr=-411.53W  u_ff=84.8W  PCAP→78W  power=78.8W
[PID] perf=27.392Hz  target=9.236Hz  err=-18.156Hz  corr=-376.70W  u_ff=84.8W  PCAP→78W  power=79.0W
[PID] perf=27.390Hz  target=9.236Hz  err=-18.154Hz  corr=-376.66W  u_ff=84.8W  PCAP→78W  power=78.1W
[PID] perf=29.256Hz  target=9.236Hz  err=-20.020Hz  corr=-411.26W  u_ff=84.8W  PCAP→78W  power=76.0W
[PID] perf=29.292Hz  target=9.236Hz  err=-20.056Hz  corr=-411.92W  u_ff=84.8W  PCAP→78W  power=79.0W
[PID] perf=29.288Hz  target=9.236Hz  err=-20.052Hz  corr=-411.86W  u_ff=84.8W  PCAP→78W  power=79.3W
[PID] perf=29.292Hz  target=9.236Hz  err=-20.056Hz  corr=-411.93W  u_ff=84.8W  PCAP→78W  power=79.4W
[PID] perf=29.271Hz  target=9.236Hz  err=-20.034Hz  corr=-411.53W  u_ff=84.8W  PCAP→78W  power=77.9W
[PID] perf=29.282Hz  target=9.236Hz  err=-20.046Hz  corr=-411.74W  u_ff=84.8W  PCAP→78W  power=77.2W
[PID] perf=29.264Hz  target=9.236Hz  err=-20.028Hz  corr=-411.42W  u_ff=84.8W  PCAP→78W  power=76.6W
[PID] perf=29.259Hz  target=9.236Hz  err=-20.023Hz  corr=-411.31W  u_ff=84.8W  PCAP→78W  power=79.0W
[PID] perf=29.257Hz  target=9.236Hz  err=-20.021Hz  corr=-411.28W  u_ff=84.8W  PCAP→78W  power=77.2W
[PID] perf=29.262Hz  target=9.236Hz  err=-20.026Hz  corr=-411.38W  u_ff=84.8W  PCAP→78W  power=77.9W
[PID] perf=29.239Hz  target=9.236Hz  err=-20.003Hz  corr=-410.94W  u_ff=84.8W  PCAP→78W  power=79.4W
[PID] perf=29.274Hz  target=9.236Hz  err=-20.038Hz  corr=-411.60W  u_ff=84.8W  PCAP→78W  power=77.0W
[PID] perf=29.263Hz  target=9.236Hz  err=-20.027Hz  corr=-411.40W  u_ff=84.8W  PCAP→78W  power=77.0W
[PID] perf=29.272Hz  target=9.236Hz  err=-20.036Hz  corr=-411.57W  u_ff=84.8W  PCAP→78W  power=79.2W
[PID] perf=29.266Hz  target=9.236Hz  err=-20.030Hz  corr=-411.45W  u_ff=84.8W  PCAP→78W  power=79.3W
[PID] perf=29.262Hz  target=9.236Hz  err=-20.026Hz  corr=-411.37W  u_ff=84.8W  PCAP→78W  power=78.3W
[PID] perf=29.241Hz  target=9.236Hz  err=-20.005Hz  corr=-410.98W  u_ff=84.8W  PCAP→78W  power=77.5W
[PID] perf=29.251Hz  target=9.236Hz  err=-20.015Hz  corr=-411.17W  u_ff=84.8W  PCAP→78W  power=78.0W
[PID] perf=29.286Hz  target=9.236Hz  err=-20.049Hz  corr=-411.81W  u_ff=84.8W  PCAP→78W  power=76.4W
[PID] perf=29.247Hz  target=9.236Hz  err=-20.011Hz  corr=-411.10W  u_ff=84.8W  PCAP→78W  power=76.4W
[PID] perf=29.281Hz  target=9.236Hz  err=-20.045Hz  corr=-411.73W  u_ff=84.8W  PCAP→78W  power=78.6W
[PID] perf=29.261Hz  target=9.236Hz  err=-20.025Hz  corr=-411.35W  u_ff=84.8W  PCAP→78W  power=78.9W
[PID] perf=29.275Hz  target=9.236Hz  err=-20.039Hz  corr=-411.62W  u_ff=84.8W  PCAP→78W  power=78.3W
[PID] perf=29.261Hz  target=9.236Hz  err=-20.025Hz  corr=-411.35W  u_ff=84.8W  PCAP→78W  power=78.3W
[PID] perf=29.284Hz  target=9.236Hz  err=-20.048Hz  corr=-411.78W  u_ff=84.8W  PCAP→78W  power=77.2W
[PID] perf=29.259Hz  target=9.236Hz  err=-20.022Hz  corr=-411.31W  u_ff=84.8W  PCAP→78W  power=76.6W
[PID] perf=29.294Hz  target=9.236Hz  err=-20.058Hz  corr=-411.96W  u_ff=84.8W  PCAP→78W  power=78.8W
[PID] perf=29.304Hz  target=9.236Hz  err=-20.068Hz  corr=-412.15W  u_ff=84.8W  PCAP→78W  power=77.4W
[PID] perf=29.290Hz  target=9.236Hz  err=-20.054Hz  corr=-411.90W  u_ff=84.8W  PCAP→78W  power=78.1W
[PID] perf=29.267Hz  target=9.236Hz  err=-20.030Hz  corr=-411.46W  u_ff=84.8W  PCAP→78W  power=79.1W
[PID] perf=29.293Hz  target=9.236Hz  err=-20.056Hz  corr=-411.94W  u_ff=84.8W  PCAP→78W  power=76.7W
[PID] perf=29.272Hz  target=9.236Hz  err=-20.036Hz  corr=-411.56W  u_ff=84.8W  PCAP→78W  power=76.7W
[PID] perf=29.275Hz  target=9.236Hz  err=-20.039Hz  corr=-411.61W  u_ff=84.8W  PCAP→78W  power=79.2W
[PID] perf=29.276Hz  target=9.236Hz  err=-20.039Hz  corr=-411.62W  u_ff=84.8W  PCAP→78W  power=79.3W
[PID] perf=29.273Hz  target=9.236Hz  err=-20.037Hz  corr=-411.58W  u_ff=84.8W  PCAP→78W  power=78.3W
[PID] perf=29.281Hz  target=9.236Hz  err=-20.045Hz  corr=-411.72W  u_ff=84.8W  PCAP→78W  power=77.2W
[PID] perf=29.284Hz  target=9.236Hz  err=-20.048Hz  corr=-411.78W  u_ff=84.8W  PCAP→78W  power=79.1W
[PID] perf=29.242Hz  target=9.236Hz  err=-20.005Hz  corr=-410.99W  u_ff=84.8W  PCAP→78W  power=78.5W
[PID] perf=29.262Hz  target=9.236Hz  err=-20.026Hz  corr=-411.38W  u_ff=84.8W  PCAP→78W  power=76.9W
[PID] perf=29.241Hz  target=9.236Hz  err=-20.005Hz  corr=-410.98W  u_ff=84.8W  PCAP→78W  power=78.7W
[PID] perf=29.240Hz  target=9.236Hz  err=-20.004Hz  corr=-410.97W  u_ff=84.8W  PCAP→78W  power=79.3W
[PID] perf=29.241Hz  target=9.236Hz  err=-20.005Hz  corr=-410.99W  u_ff=84.8W  PCAP→78W  power=77.0W
[PID] perf=29.265Hz  target=9.236Hz  err=-20.028Hz  corr=-411.42W  u_ff=84.8W  PCAP→78W  power=78.5W
[PID] perf=29.273Hz  target=9.236Hz  err=-20.037Hz  corr=-411.58W  u_ff=84.8W  PCAP→78W  power=77.6W
[PID] perf=29.239Hz  target=9.236Hz  err=-20.003Hz  corr=-410.95W  u_ff=84.8W  PCAP→78W  power=78.9W
[PID] perf=29.272Hz  target=9.236Hz  err=-20.036Hz  corr=-411.56W  u_ff=84.8W  PCAP→78W  power=77.8W
[PID] perf=29.263Hz  target=9.236Hz  err=-20.027Hz  corr=-411.39W  u_ff=84.8W  PCAP→78W  power=78.2W
[PID] perf=29.302Hz  target=9.236Hz  err=-20.066Hz  corr=-412.12W  u_ff=84.8W  PCAP→78W  power=76.4W
[PID] perf=29.284Hz  target=9.236Hz  err=-20.048Hz  corr=-411.78W  u_ff=84.8W  PCAP→78W  power=77.3W
[PID] perf=29.284Hz  target=9.236Hz  err=-20.048Hz  corr=-411.79W  u_ff=84.8W  PCAP→78W  power=77.9W
[PID] perf=29.280Hz  target=9.236Hz  err=-20.044Hz  corr=-411.71W  u_ff=84.8W  PCAP→78W  power=76.7W
[PID] perf=29.254Hz  target=9.236Hz  err=-20.018Hz  corr=-411.23W  u_ff=84.8W  PCAP→78W  power=78.1W
[PID] perf=29.296Hz  target=9.236Hz  err=-20.060Hz  corr=-412.01W  u_ff=84.8W  PCAP→78W  power=79.3W
[PID] perf=29.258Hz  target=9.236Hz  err=-20.022Hz  corr=-411.29W  u_ff=84.8W  PCAP→78W  power=78.8W
[PID] perf=29.251Hz  target=9.236Hz  err=-20.015Hz  corr=-411.16W  u_ff=84.8W  PCAP→78W  power=77.3W
[PID] perf=29.283Hz  target=9.236Hz  err=-20.047Hz  corr=-411.77W  u_ff=84.8W  PCAP→78W  power=77.2W
[PID] perf=29.290Hz  target=9.236Hz  err=-20.053Hz  corr=-411.88W  u_ff=84.8W  PCAP→78W  power=78.0W
[PID] perf=29.252Hz  target=9.236Hz  err=-20.016Hz  corr=-411.20W  u_ff=84.8W  PCAP→78W  power=76.8W
[PID] perf=29.262Hz  target=9.236Hz  err=-20.026Hz  corr=-411.37W  u_ff=84.8W  PCAP→78W  power=76.9W
[PID] perf=29.261Hz  target=9.236Hz  err=-20.025Hz  corr=-411.36W  u_ff=84.8W  PCAP→78W  power=77.7W
[PID] perf=29.057Hz  target=9.236Hz  err=-19.821Hz  corr=-407.58W  u_ff=84.8W  PCAP→78W  power=78.3W
[PID] perf=27.510Hz  target=9.236Hz  err=-18.274Hz  corr=-378.88W  u_ff=84.8W  PCAP→78W  power=77.4W
[PID] perf=27.511Hz  target=9.236Hz  err=-18.274Hz  corr=-378.89W  u_ff=84.8W  PCAP→78W  power=78.9W
[PID] perf=27.521Hz  target=9.236Hz  err=-18.285Hz  corr=-379.09W  u_ff=84.8W  PCAP→78W  power=77.3W
[PID] perf=27.552Hz  target=9.236Hz  err=-18.316Hz  corr=-379.66W  u_ff=84.8W  PCAP→78W  power=77.8W
[PID] perf=27.532Hz  target=9.236Hz  err=-18.296Hz  corr=-379.30W  u_ff=84.8W  PCAP→78W  power=78.1W
[PID] perf=27.568Hz  target=9.236Hz  err=-18.331Hz  corr=-379.95W  u_ff=84.8W  PCAP→78W  power=78.9W
[PID] perf=27.566Hz  target=9.236Hz  err=-18.330Hz  corr=-379.92W  u_ff=84.8W  PCAP→78W  power=77.0W
[PID] perf=27.571Hz  target=9.236Hz  err=-18.335Hz  corr=-380.02W  u_ff=84.8W  PCAP→78W  power=78.3W
[PID] perf=27.617Hz  target=9.236Hz  err=-18.381Hz  corr=-380.87W  u_ff=84.8W  PCAP→78W  power=79.2W
[PID] perf=27.591Hz  target=9.236Hz  err=-18.355Hz  corr=-380.38W  u_ff=84.8W  PCAP→78W  power=79.5W
[PID] perf=27.594Hz  target=9.236Hz  err=-18.358Hz  corr=-380.45W  u_ff=84.8W  PCAP→78W  power=79.0W
[PID] perf=27.602Hz  target=9.236Hz  err=-18.366Hz  corr=-380.58W  u_ff=84.8W  PCAP→78W  power=76.2W
[PID] perf=27.618Hz  target=9.236Hz  err=-18.382Hz  corr=-380.89W  u_ff=84.8W  PCAP→78W  power=77.6W
[PID] perf=27.613Hz  target=9.236Hz  err=-18.377Hz  corr=-380.79W  u_ff=84.8W  PCAP→78W  power=78.3W
[PID] perf=27.654Hz  target=9.236Hz  err=-18.418Hz  corr=-381.55W  u_ff=84.8W  PCAP→78W  power=78.8W
[PID] perf=27.580Hz  target=9.236Hz  err=-18.344Hz  corr=-380.18W  u_ff=84.8W  PCAP→78W  power=78.3W
[PID] perf=27.574Hz  target=9.236Hz  err=-18.338Hz  corr=-380.07W  u_ff=84.8W  PCAP→78W  power=78.4W
[PID] perf=27.599Hz  target=9.236Hz  err=-18.362Hz  corr=-380.53W  u_ff=84.8W  PCAP→78W  power=78.6W
[PID] perf=27.589Hz  target=9.236Hz  err=-18.353Hz  corr=-380.34W  u_ff=84.8W  PCAP→78W  power=79.1W
[PID] perf=27.593Hz  target=9.236Hz  err=-18.356Hz  corr=-380.41W  u_ff=84.8W  PCAP→78W  power=78.8W
[PID] perf=27.615Hz  target=9.236Hz  err=-18.379Hz  corr=-380.83W  u_ff=84.8W  PCAP→78W  power=78.7W
[PID] perf=27.633Hz  target=9.236Hz  err=-18.397Hz  corr=-381.17W  u_ff=84.8W  PCAP→78W  power=77.9W
[PID] perf=27.615Hz  target=9.236Hz  err=-18.379Hz  corr=-380.84W  u_ff=84.8W  PCAP→78W  power=77.0W
[PID] perf=27.585Hz  target=9.236Hz  err=-18.349Hz  corr=-380.27W  u_ff=84.8W  PCAP→78W  power=77.0W
[PID] perf=27.582Hz  target=9.236Hz  err=-18.346Hz  corr=-380.22W  u_ff=84.8W  PCAP→78W  power=78.5W
[PID] perf=27.590Hz  target=9.236Hz  err=-18.353Hz  corr=-380.36W  u_ff=84.8W  PCAP→78W  power=77.4W
[PID] perf=27.630Hz  target=9.236Hz  err=-18.394Hz  corr=-381.11W  u_ff=84.8W  PCAP→78W  power=77.0W
[PID] perf=27.634Hz  target=9.236Hz  err=-18.398Hz  corr=-381.18W  u_ff=84.8W  PCAP→78W  power=77.1W
[PID] perf=27.600Hz  target=9.236Hz  err=-18.364Hz  corr=-380.55W  u_ff=84.8W  PCAP→78W  power=77.0W
[PID] perf=27.595Hz  target=9.236Hz  err=-18.358Hz  corr=-380.45W  u_ff=84.8W  PCAP→78W  power=77.9W
[PID] perf=27.576Hz  target=9.236Hz  err=-18.339Hz  corr=-380.10W  u_ff=84.8W  PCAP→78W  power=78.8W
[PID] perf=27.580Hz  target=9.236Hz  err=-18.344Hz  corr=-380.18W  u_ff=84.8W  PCAP→78W  power=77.3W
[PID] perf=27.575Hz  target=9.236Hz  err=-18.339Hz  corr=-380.09W  u_ff=84.8W  PCAP→78W  power=78.1W
[PID] perf=27.560Hz  target=9.236Hz  err=-18.324Hz  corr=-379.81W  u_ff=84.8W  PCAP→78W  power=77.1W
[PID] perf=27.596Hz  target=9.236Hz  err=-18.360Hz  corr=-380.47W  u_ff=84.8W  PCAP→78W  power=77.4W
[PID] perf=27.598Hz  target=9.236Hz  err=-18.362Hz  corr=-380.51W  u_ff=84.8W  PCAP→78W  power=77.9W
[PID] perf=27.554Hz  target=9.236Hz  err=-18.318Hz  corr=-379.69W  u_ff=84.8W  PCAP→78W  power=77.7W
[PID] perf=27.614Hz  target=9.236Hz  err=-18.377Hz  corr=-380.80W  u_ff=84.8W  PCAP→78W  power=77.8W
[PID] perf=27.094Hz  target=9.236Hz  err=-17.857Hz  corr=-371.16W  u_ff=84.8W  PCAP→78W  power=78.0W
[PID] perf=27.164Hz  target=9.236Hz  err=-17.927Hz  corr=-372.46W  u_ff=84.8W  PCAP→78W  power=77.7W
[PID] perf=27.132Hz  target=9.236Hz  err=-17.896Hz  corr=-371.88W  u_ff=84.8W  PCAP→78W  power=79.2W
[PID] perf=27.153Hz  target=9.236Hz  err=-17.917Hz  corr=-372.27W  u_ff=84.8W  PCAP→78W  power=78.9W
[PID] perf=27.165Hz  target=9.236Hz  err=-17.929Hz  corr=-372.48W  u_ff=84.8W  PCAP→78W  power=77.4W
[PID] perf=27.113Hz  target=9.236Hz  err=-17.877Hz  corr=-371.52W  u_ff=84.8W  PCAP→78W  power=78.3W
[PID] perf=27.130Hz  target=9.236Hz  err=-17.894Hz  corr=-371.83W  u_ff=84.8W  PCAP→78W  power=77.6W
[PID] perf=27.154Hz  target=9.236Hz  err=-17.918Hz  corr=-372.29W  u_ff=84.8W  PCAP→78W  power=78.2W
[PID] perf=27.125Hz  target=9.236Hz  err=-17.889Hz  corr=-371.74W  u_ff=84.8W  PCAP→78W  power=79.1W
[PID] perf=27.151Hz  target=9.236Hz  err=-17.914Hz  corr=-372.22W  u_ff=84.8W  PCAP→78W  power=76.5W
[PID] perf=27.147Hz  target=9.236Hz  err=-17.911Hz  corr=-372.15W  u_ff=84.8W  PCAP→78W  power=77.1W
[PID] perf=27.193Hz  target=9.236Hz  err=-17.957Hz  corr=-373.01W  u_ff=84.8W  PCAP→78W  power=76.6W
[PID] perf=27.162Hz  target=9.236Hz  err=-17.926Hz  corr=-372.43W  u_ff=84.8W  PCAP→78W  power=76.1W
[PID] perf=27.194Hz  target=9.236Hz  err=-17.957Hz  corr=-373.01W  u_ff=84.8W  PCAP→78W  power=77.0W
[PID] perf=27.209Hz  target=9.236Hz  err=-17.973Hz  corr=-373.30W  u_ff=84.8W  PCAP→78W  power=79.1W
[PID] perf=27.204Hz  target=9.236Hz  err=-17.968Hz  corr=-373.20W  u_ff=84.8W  PCAP→78W  power=78.1W
[PID] perf=27.187Hz  target=9.236Hz  err=-17.951Hz  corr=-372.89W  u_ff=84.8W  PCAP→78W  power=77.7W
[PID] perf=27.165Hz  target=9.236Hz  err=-17.929Hz  corr=-372.49W  u_ff=84.8W  PCAP→78W  power=77.1W
[PID] perf=27.210Hz  target=9.236Hz  err=-17.974Hz  corr=-373.32W  u_ff=84.8W  PCAP→78W  power=77.7W
[PID] perf=27.217Hz  target=9.236Hz  err=-17.981Hz  corr=-373.46W  u_ff=84.8W  PCAP→78W  power=77.9W
[PID] perf=27.187Hz  target=9.236Hz  err=-17.951Hz  corr=-372.90W  u_ff=84.8W  PCAP→78W  power=79.1W
[PID] perf=27.196Hz  target=9.236Hz  err=-17.959Hz  corr=-373.05W  u_ff=84.8W  PCAP→78W  power=79.2W
[PID] perf=27.190Hz  target=9.236Hz  err=-17.954Hz  corr=-372.95W  u_ff=84.8W  PCAP→78W  power=79.1W
[PID] perf=27.192Hz  target=9.236Hz  err=-17.956Hz  corr=-372.98W  u_ff=84.8W  PCAP→78W  power=76.6W
[PID] perf=27.201Hz  target=9.236Hz  err=-17.964Hz  corr=-373.14W  u_ff=84.8W  PCAP→78W  power=76.3W
[PID] perf=27.181Hz  target=9.236Hz  err=-17.945Hz  corr=-372.78W  u_ff=84.8W  PCAP→78W  power=78.4W
[PID] perf=27.169Hz  target=9.236Hz  err=-17.933Hz  corr=-372.56W  u_ff=84.8W  PCAP→78W  power=77.9W
[PID] perf=27.246Hz  target=9.236Hz  err=-18.010Hz  corr=-373.98W  u_ff=84.8W  PCAP→78W  power=77.7W
[PID] perf=27.246Hz  target=9.236Hz  err=-18.009Hz  corr=-373.98W  u_ff=84.8W  PCAP→78W  power=77.5W
[PID] perf=27.253Hz  target=9.236Hz  err=-18.017Hz  corr=-374.11W  u_ff=84.8W  PCAP→78W  power=78.1W
[PID] perf=27.230Hz  target=9.236Hz  err=-17.994Hz  corr=-373.69W  u_ff=84.8W  PCAP→78W  power=78.0W
[PID] perf=27.198Hz  target=9.236Hz  err=-17.961Hz  corr=-373.09W  u_ff=84.8W  PCAP→78W  power=79.0W
[PID] perf=27.225Hz  target=9.236Hz  err=-17.989Hz  corr=-373.59W  u_ff=84.8W  PCAP→78W  power=78.1W
[PID] perf=27.236Hz  target=9.236Hz  err=-18.000Hz  corr=-373.80W  u_ff=84.8W  PCAP→78W  power=77.8W
[PID] perf=27.225Hz  target=9.236Hz  err=-17.988Hz  corr=-373.59W  u_ff=84.8W  PCAP→78W  power=77.6W
[PID] perf=27.209Hz  target=9.236Hz  err=-17.973Hz  corr=-373.30W  u_ff=84.8W  PCAP→78W  power=76.8W
[PID] perf=27.175Hz  target=9.236Hz  err=-17.939Hz  corr=-372.67W  u_ff=84.8W  PCAP→78W  power=78.6W
[PID] perf=27.219Hz  target=9.236Hz  err=-17.982Hz  corr=-373.48W  u_ff=84.8W  PCAP→78W  power=77.0W
[PID] perf=27.253Hz  target=9.236Hz  err=-18.017Hz  corr=-374.11W  u_ff=84.8W  PCAP→78W  power=76.0W
[PID] perf=27.236Hz  target=9.236Hz  err=-18.000Hz  corr=-373.80W  u_ff=84.8W  PCAP→78W  power=78.7W
[PID] perf=27.227Hz  target=9.236Hz  err=-17.991Hz  corr=-373.64W  u_ff=84.8W  PCAP→78W  power=78.5W
[PID] perf=27.240Hz  target=9.236Hz  err=-18.004Hz  corr=-373.87W  u_ff=84.8W  PCAP→78W  power=77.2W
[PID] perf=27.240Hz  target=9.236Hz  err=-18.004Hz  corr=-373.87W  u_ff=84.8W  PCAP→78W  power=76.7W
[PID] perf=27.198Hz  target=9.236Hz  err=-17.962Hz  corr=-373.10W  u_ff=84.8W  PCAP→78W  power=77.2W
[PID] perf=27.256Hz  target=9.236Hz  err=-18.020Hz  corr=-374.17W  u_ff=84.8W  PCAP→78W  power=78.2W
[PID] perf=27.255Hz  target=9.236Hz  err=-18.019Hz  corr=-374.15W  u_ff=84.8W  PCAP→78W  power=79.1W
[PID] perf=27.220Hz  target=9.236Hz  err=-17.984Hz  corr=-373.51W  u_ff=84.8W  PCAP→78W  power=78.7W
[PID] perf=27.251Hz  target=9.236Hz  err=-18.015Hz  corr=-374.08W  u_ff=84.8W  PCAP→78W  power=78.9W
[PID] perf=27.181Hz  target=9.236Hz  err=-17.945Hz  corr=-372.78W  u_ff=84.8W  PCAP→78W  power=78.0W
[PID] perf=27.263Hz  target=9.236Hz  err=-18.027Hz  corr=-374.31W  u_ff=84.8W  PCAP→78W  power=77.8W
[PID] perf=27.245Hz  target=9.236Hz  err=-18.009Hz  corr=-373.97W  u_ff=84.8W  PCAP→78W  power=78.6W
[PID] perf=27.227Hz  target=9.236Hz  err=-17.991Hz  corr=-373.64W  u_ff=84.8W  PCAP→78W  power=77.9W
[PID] perf=27.224Hz  target=9.236Hz  err=-17.988Hz  corr=-373.58W  u_ff=84.8W  PCAP→78W  power=79.3W
[PID] perf=27.200Hz  target=9.236Hz  err=-17.964Hz  corr=-373.13W  u_ff=84.8W  PCAP→78W  power=77.0W
[PID] perf=27.204Hz  target=9.236Hz  err=-17.968Hz  corr=-373.21W  u_ff=84.8W  PCAP→78W  power=77.3W
[PID] perf=27.213Hz  target=9.236Hz  err=-17.977Hz  corr=-373.38W  u_ff=84.8W  PCAP→78W  power=76.4W
[PID] perf=27.197Hz  target=9.236Hz  err=-17.960Hz  corr=-373.07W  u_ff=84.8W  PCAP→78W  power=76.5W
[PID] perf=27.187Hz  target=9.236Hz  err=-17.951Hz  corr=-372.89W  u_ff=84.8W  PCAP→78W  power=77.5W
[PID] perf=27.219Hz  target=9.236Hz  err=-17.982Hz  corr=-373.48W  u_ff=84.8W  PCAP→78W  power=76.2W
[PID] perf=27.227Hz  target=9.236Hz  err=-17.991Hz  corr=-373.63W  u_ff=84.8W  PCAP→78W  power=78.2W
[PID] perf=27.195Hz  target=9.236Hz  err=-17.959Hz  corr=-373.05W  u_ff=84.8W  PCAP→78W  power=78.4W
[PID] perf=27.222Hz  target=9.236Hz  err=-17.986Hz  corr=-373.55W  u_ff=84.8W  PCAP→78W  power=77.6W
[PID] perf=27.213Hz  target=9.236Hz  err=-17.977Hz  corr=-373.38W  u_ff=84.8W  PCAP→78W  power=78.0W
[PID] perf=27.258Hz  target=9.236Hz  err=-18.022Hz  corr=-374.21W  u_ff=84.8W  PCAP→78W  power=78.5W
[PID] perf=27.219Hz  target=9.236Hz  err=-17.983Hz  corr=-373.48W  u_ff=84.8W  PCAP→78W  power=79.2W
[PID] perf=27.213Hz  target=9.236Hz  err=-17.976Hz  corr=-373.37W  u_ff=84.8W  PCAP→78W  power=78.0W
[PID] perf=27.196Hz  target=9.236Hz  err=-17.960Hz  corr=-373.07W  u_ff=84.8W  PCAP→78W  power=78.4W
[PID] perf=27.252Hz  target=9.236Hz  err=-18.016Hz  corr=-374.09W  u_ff=84.8W  PCAP→78W  power=78.4W
[PID] perf=27.213Hz  target=9.236Hz  err=-17.977Hz  corr=-373.37W  u_ff=84.8W  PCAP→78W  power=78.0W
[PID] perf=27.205Hz  target=9.236Hz  err=-17.968Hz  corr=-373.22W  u_ff=84.8W  PCAP→78W  power=77.7W
[PID] perf=27.185Hz  target=9.236Hz  err=-17.949Hz  corr=-372.85W  u_ff=84.8W  PCAP→78W  power=77.7W
[PID] perf=27.198Hz  target=9.236Hz  err=-17.962Hz  corr=-373.09W  u_ff=84.8W  PCAP→78W  power=77.3W
[PID] perf=27.232Hz  target=9.236Hz  err=-17.996Hz  corr=-373.73W  u_ff=84.8W  PCAP→78W  power=76.7W
[PID] perf=27.220Hz  target=9.236Hz  err=-17.984Hz  corr=-373.51W  u_ff=84.8W  PCAP→78W  power=76.4W
[PID] perf=27.249Hz  target=9.236Hz  err=-18.013Hz  corr=-374.04W  u_ff=84.8W  PCAP→78W  power=77.3W
[PID] perf=27.229Hz  target=9.236Hz  err=-17.992Hz  corr=-373.66W  u_ff=84.8W  PCAP→78W  power=76.1W
[PID] perf=27.247Hz  target=9.236Hz  err=-18.011Hz  corr=-374.00W  u_ff=84.8W  PCAP→78W  power=78.1W
[PID] perf=27.242Hz  target=9.236Hz  err=-18.005Hz  corr=-373.90W  u_ff=84.8W  PCAP→78W  power=78.5W
[PID] perf=27.218Hz  target=9.236Hz  err=-17.982Hz  corr=-373.47W  u_ff=84.8W  PCAP→78W  power=78.4W
[PID] perf=27.204Hz  target=9.236Hz  err=-17.967Hz  corr=-373.20W  u_ff=84.8W  PCAP→78W  power=79.2W
[PID] perf=27.219Hz  target=9.236Hz  err=-17.983Hz  corr=-373.48W  u_ff=84.8W  PCAP→78W  power=78.4W
[PID] perf=27.218Hz  target=9.236Hz  err=-17.982Hz  corr=-373.46W  u_ff=84.8W  PCAP→78W  power=79.3W
[PID] perf=27.230Hz  target=9.236Hz  err=-17.993Hz  corr=-373.68W  u_ff=84.8W  PCAP→78W  power=78.9W
[PID] perf=27.231Hz  target=9.236Hz  err=-17.995Hz  corr=-373.71W  u_ff=84.8W  PCAP→78W  power=78.7W
[PID] perf=27.198Hz  target=9.236Hz  err=-17.962Hz  corr=-373.09W  u_ff=84.8W  PCAP→78W  power=77.1W
[PID] perf=27.204Hz  target=9.236Hz  err=-17.968Hz  corr=-373.20W  u_ff=84.8W  PCAP→78W  power=77.5W
[PID] perf=27.181Hz  target=9.236Hz  err=-17.945Hz  corr=-372.78W  u_ff=84.8W  PCAP→78W  power=77.6W
[PID] perf=27.248Hz  target=9.236Hz  err=-18.012Hz  corr=-374.02W  u_ff=84.8W  PCAP→78W  power=77.8W
[PID] perf=27.233Hz  target=9.236Hz  err=-17.997Hz  corr=-373.74W  u_ff=84.8W  PCAP→78W  power=76.8W
[PID] perf=27.249Hz  target=9.236Hz  err=-18.013Hz  corr=-374.04W  u_ff=84.8W  PCAP→78W  power=78.8W
[PID] perf=27.195Hz  target=9.236Hz  err=-17.958Hz  corr=-373.03W  u_ff=84.8W  PCAP→78W  power=77.6W
[PID] perf=27.217Hz  target=9.236Hz  err=-17.981Hz  corr=-373.45W  u_ff=84.8W  PCAP→78W  power=77.8W
[PID] perf=27.234Hz  target=9.236Hz  err=-17.997Hz  corr=-373.76W  u_ff=84.8W  PCAP→78W  power=77.2W
[PID] perf=27.215Hz  target=9.236Hz  err=-17.979Hz  corr=-373.42W  u_ff=84.8W  PCAP→78W  power=77.6W
[PID] perf=27.189Hz  target=9.236Hz  err=-17.953Hz  corr=-372.93W  u_ff=84.8W  PCAP→78W  power=77.3W
[PID] perf=27.229Hz  target=9.236Hz  err=-17.993Hz  corr=-373.67W  u_ff=84.8W  PCAP→78W  power=78.6W
[PID] perf=27.242Hz  target=9.236Hz  err=-18.006Hz  corr=-373.91W  u_ff=84.8W  PCAP→78W  power=78.9W
[PID] perf=27.231Hz  target=9.236Hz  err=-17.995Hz  corr=-373.71W  u_ff=84.8W  PCAP→78W  power=76.3W
[PID] perf=27.252Hz  target=9.236Hz  err=-18.016Hz  corr=-374.10W  u_ff=84.8W  PCAP→78W  power=78.4W
[PID] perf=27.253Hz  target=9.236Hz  err=-18.017Hz  corr=-374.12W  u_ff=84.8W  PCAP→78W  power=76.8W
[PID] perf=27.238Hz  target=9.236Hz  err=-18.002Hz  corr=-373.84W  u_ff=84.8W  PCAP→78W  power=76.3W
[PID] perf=27.263Hz  target=9.236Hz  err=-18.026Hz  corr=-374.29W  u_ff=84.8W  PCAP→78W  power=78.0W
[PID] perf=27.225Hz  target=9.236Hz  err=-17.989Hz  corr=-373.59W  u_ff=84.8W  PCAP→78W  power=78.1W
[PID] perf=27.234Hz  target=9.236Hz  err=-17.998Hz  corr=-373.77W  u_ff=84.8W  PCAP→78W  power=78.1W
[PID] perf=27.272Hz  target=9.236Hz  err=-18.036Hz  corr=-374.47W  u_ff=84.8W  PCAP→78W  power=76.5W
[PID] perf=27.247Hz  target=9.236Hz  err=-18.010Hz  corr=-374.00W  u_ff=84.8W  PCAP→78W  power=79.1W
[PID] perf=27.234Hz  target=9.236Hz  err=-17.998Hz  corr=-373.76W  u_ff=84.8W  PCAP→78W  power=78.4W
[PID] perf=27.229Hz  target=9.236Hz  err=-17.993Hz  corr=-373.67W  u_ff=84.8W  PCAP→78W  power=77.4W
[PID] perf=27.235Hz  target=9.236Hz  err=-17.999Hz  corr=-373.79W  u_ff=84.8W  PCAP→78W  power=79.3W
[PID] perf=27.212Hz  target=9.236Hz  err=-17.976Hz  corr=-373.36W  u_ff=84.8W  PCAP→78W  power=76.4W
[PID] perf=27.202Hz  target=9.236Hz  err=-17.966Hz  corr=-373.17W  u_ff=84.8W  PCAP→78W  power=79.1W
[PID] perf=27.192Hz  target=9.236Hz  err=-17.956Hz  corr=-372.99W  u_ff=84.8W  PCAP→78W  power=77.4W
[PID] perf=27.233Hz  target=9.236Hz  err=-17.997Hz  corr=-373.75W  u_ff=84.8W  PCAP→78W  power=78.9W
[PID] perf=27.215Hz  target=9.236Hz  err=-17.979Hz  corr=-373.41W  u_ff=84.8W  PCAP→78W  power=78.5W
[PID] perf=27.229Hz  target=9.236Hz  err=-17.993Hz  corr=-373.68W  u_ff=84.8W  PCAP→78W  power=77.7W
[PID] perf=27.202Hz  target=9.236Hz  err=-17.966Hz  corr=-373.16W  u_ff=84.8W  PCAP→78W  power=77.0W
[PID] perf=27.196Hz  target=9.236Hz  err=-17.960Hz  corr=-373.06W  u_ff=84.8W  PCAP→78W  power=77.6W
[PID] perf=27.218Hz  target=9.236Hz  err=-17.982Hz  corr=-373.47W  u_ff=84.8W  PCAP→78W  power=78.8W
[PID] perf=27.218Hz  target=9.236Hz  err=-17.982Hz  corr=-373.48W  u_ff=84.8W  PCAP→78W  power=77.4W
[PID] perf=27.204Hz  target=9.236Hz  err=-17.967Hz  corr=-373.20W  u_ff=84.8W  PCAP→78W  power=77.6W
[PID] perf=27.206Hz  target=9.236Hz  err=-17.969Hz  corr=-373.24W  u_ff=84.8W  PCAP→78W  power=78.4W
[PID] perf=27.116Hz  target=9.236Hz  err=-17.880Hz  corr=-371.58W  u_ff=84.8W  PCAP→78W  power=79.1W
[PID] perf=27.081Hz  target=9.236Hz  err=-17.844Hz  corr=-370.92W  u_ff=84.8W  PCAP→78W  power=78.2W
[PID] perf=27.110Hz  target=9.236Hz  err=-17.874Hz  corr=-371.46W  u_ff=84.8W  PCAP→78W  power=78.9W
[PID] perf=27.120Hz  target=9.236Hz  err=-17.884Hz  corr=-371.65W  u_ff=84.8W  PCAP→78W  power=77.2W
[PID] perf=27.119Hz  target=9.236Hz  err=-17.883Hz  corr=-371.64W  u_ff=84.8W  PCAP→78W  power=78.4W
[PID] perf=27.120Hz  target=9.236Hz  err=-17.884Hz  corr=-371.65W  u_ff=84.8W  PCAP→78W  power=78.3W
[PID] perf=27.095Hz  target=9.236Hz  err=-17.859Hz  corr=-371.19W  u_ff=84.8W  PCAP→78W  power=76.6W
[PID] perf=27.115Hz  target=9.236Hz  err=-17.879Hz  corr=-371.55W  u_ff=84.8W  PCAP→78W  power=78.6W
[PID] perf=27.080Hz  target=9.236Hz  err=-17.844Hz  corr=-370.91W  u_ff=84.8W  PCAP→78W  power=77.9W
[PID] perf=27.072Hz  target=9.236Hz  err=-17.836Hz  corr=-370.76W  u_ff=84.8W  PCAP→78W  power=77.0W
[PID] perf=27.063Hz  target=9.236Hz  err=-17.827Hz  corr=-370.60W  u_ff=84.8W  PCAP→78W  power=76.3W
[PID] perf=27.068Hz  target=9.236Hz  err=-17.832Hz  corr=-370.69W  u_ff=84.8W  PCAP→78W  power=77.1W
[PID] perf=27.078Hz  target=9.236Hz  err=-17.842Hz  corr=-370.87W  u_ff=84.8W  PCAP→78W  power=76.3W
[PID] perf=27.093Hz  target=9.236Hz  err=-17.857Hz  corr=-371.14W  u_ff=84.8W  PCAP→78W  power=77.5W
[PID] perf=27.082Hz  target=9.236Hz  err=-17.846Hz  corr=-370.95W  u_ff=84.8W  PCAP→78W  power=78.8W
[PID] perf=27.102Hz  target=9.236Hz  err=-17.866Hz  corr=-371.32W  u_ff=84.8W  PCAP→78W  power=78.8W
[PID] perf=27.107Hz  target=9.236Hz  err=-17.871Hz  corr=-371.41W  u_ff=84.8W  PCAP→78W  power=77.3W
[PID] perf=27.106Hz  target=9.236Hz  err=-17.870Hz  corr=-371.39W  u_ff=84.8W  PCAP→78W  power=77.9W
[PID] perf=27.077Hz  target=9.236Hz  err=-17.840Hz  corr=-370.84W  u_ff=84.8W  PCAP→78W  power=77.6W
[PID] perf=27.098Hz  target=9.236Hz  err=-17.862Hz  corr=-371.24W  u_ff=84.8W  PCAP→78W  power=78.9W
[PID] perf=27.120Hz  target=9.236Hz  err=-17.884Hz  corr=-371.66W  u_ff=84.8W  PCAP→78W  power=76.9W
[PID] perf=27.116Hz  target=9.236Hz  err=-17.880Hz  corr=-371.58W  u_ff=84.8W  PCAP→78W  power=77.5W
[PID] perf=27.106Hz  target=9.236Hz  err=-17.870Hz  corr=-371.40W  u_ff=84.8W  PCAP→78W  power=78.6W
[PID] perf=27.093Hz  target=9.236Hz  err=-17.856Hz  corr=-371.14W  u_ff=84.8W  PCAP→78W  power=78.8W
[PID] perf=27.102Hz  target=9.236Hz  err=-17.865Hz  corr=-371.31W  u_ff=84.8W  PCAP→78W  power=79.0W
[PID] perf=27.093Hz  target=9.236Hz  err=-17.856Hz  corr=-371.14W  u_ff=84.8W  PCAP→78W  power=78.9W
[PID] perf=27.081Hz  target=9.236Hz  err=-17.845Hz  corr=-370.93W  u_ff=84.8W  PCAP→78W  power=79.2W
[PID] perf=27.094Hz  target=9.236Hz  err=-17.858Hz  corr=-371.17W  u_ff=84.8W  PCAP→78W  power=78.5W
[PID] perf=27.082Hz  target=9.236Hz  err=-17.846Hz  corr=-370.95W  u_ff=84.8W  PCAP→78W  power=77.6W
[PID] perf=27.062Hz  target=9.236Hz  err=-17.826Hz  corr=-370.57W  u_ff=84.8W  PCAP→78W  power=77.5W
[PID] perf=27.093Hz  target=9.236Hz  err=-17.856Hz  corr=-371.14W  u_ff=84.8W  PCAP→78W  power=78.1W
[PID] perf=27.072Hz  target=9.236Hz  err=-17.836Hz  corr=-370.75W  u_ff=84.8W  PCAP→78W  power=78.9W
[PID] perf=27.108Hz  target=9.236Hz  err=-17.872Hz  corr=-371.43W  u_ff=84.8W  PCAP→78W  power=79.0W
[PID] perf=27.082Hz  target=9.236Hz  err=-17.846Hz  corr=-370.94W  u_ff=84.8W  PCAP→78W  power=78.0W
[PID] perf=27.125Hz  target=9.236Hz  err=-17.889Hz  corr=-371.74W  u_ff=84.8W  PCAP→78W  power=77.3W
[PID] perf=27.105Hz  target=9.236Hz  err=-17.869Hz  corr=-371.37W  u_ff=84.8W  PCAP→78W  power=78.2W
[PID] perf=27.102Hz  target=9.236Hz  err=-17.866Hz  corr=-371.31W  u_ff=84.8W  PCAP→78W  power=77.8W
[PID] perf=27.092Hz  target=9.236Hz  err=-17.856Hz  corr=-371.14W  u_ff=84.8W  PCAP→78W  power=78.6W
[PID] perf=27.117Hz  target=9.236Hz  err=-17.881Hz  corr=-371.59W  u_ff=84.8W  PCAP→78W  power=77.9W
[PID] perf=27.148Hz  target=9.236Hz  err=-17.912Hz  corr=-372.16W  u_ff=84.8W  PCAP→78W  power=77.6W
[PID] perf=27.146Hz  target=9.236Hz  err=-17.910Hz  corr=-372.13W  u_ff=84.8W  PCAP→78W  power=77.0W
[PID] perf=27.078Hz  target=9.236Hz  err=-17.842Hz  corr=-370.88W  u_ff=84.8W  PCAP→78W  power=77.4W
[PID] perf=27.079Hz  target=9.236Hz  err=-17.843Hz  corr=-370.89W  u_ff=84.8W  PCAP→78W  power=79.0W
[PID] perf=27.074Hz  target=9.236Hz  err=-17.838Hz  corr=-370.79W  u_ff=84.8W  PCAP→78W  power=78.6W
[PID] perf=27.113Hz  target=9.236Hz  err=-17.877Hz  corr=-371.52W  u_ff=84.8W  PCAP→78W  power=78.8W
[PID] perf=27.128Hz  target=9.236Hz  err=-17.892Hz  corr=-371.80W  u_ff=84.8W  PCAP→78W  power=78.7W
[PID] perf=27.121Hz  target=9.236Hz  err=-17.885Hz  corr=-371.66W  u_ff=84.8W  PCAP→78W  power=77.9W
[PID] perf=27.092Hz  target=9.236Hz  err=-17.856Hz  corr=-371.14W  u_ff=84.8W  PCAP→78W  power=78.8W
[PID] perf=27.113Hz  target=9.236Hz  err=-17.877Hz  corr=-371.52W  u_ff=84.8W  PCAP→78W  power=78.3W
[PID] perf=27.117Hz  target=9.236Hz  err=-17.881Hz  corr=-371.60W  u_ff=84.8W  PCAP→78W  power=78.8W
[PID] perf=27.106Hz  target=9.236Hz  err=-17.870Hz  corr=-371.39W  u_ff=84.8W  PCAP→78W  power=77.9W
[PID] perf=27.107Hz  target=9.236Hz  err=-17.871Hz  corr=-371.42W  u_ff=84.8W  PCAP→78W  power=79.1W
[PID] perf=27.117Hz  target=9.236Hz  err=-17.881Hz  corr=-371.60W  u_ff=84.8W  PCAP→78W  power=79.3W
[PID] perf=27.132Hz  target=9.236Hz  err=-17.896Hz  corr=-371.88W  u_ff=84.8W  PCAP→78W  power=79.4W
[PID] perf=27.130Hz  target=9.236Hz  err=-17.894Hz  corr=-371.83W  u_ff=84.8W  PCAP→78W  power=78.7W
[PID] perf=27.131Hz  target=9.236Hz  err=-17.895Hz  corr=-371.86W  u_ff=84.8W  PCAP→78W  power=77.8W
[PID] perf=27.093Hz  target=9.236Hz  err=-17.857Hz  corr=-371.15W  u_ff=84.8W  PCAP→78W  power=76.9W
[PID] perf=27.093Hz  target=9.236Hz  err=-17.856Hz  corr=-371.14W  u_ff=84.8W  PCAP→78W  power=78.6W
[PID] perf=27.108Hz  target=9.236Hz  err=-17.872Hz  corr=-371.43W  u_ff=84.8W  PCAP→78W  power=78.2W
[PID] perf=27.104Hz  target=9.236Hz  err=-17.868Hz  corr=-371.35W  u_ff=84.8W  PCAP→78W  power=79.4W
[PID] perf=27.127Hz  target=9.236Hz  err=-17.891Hz  corr=-371.78W  u_ff=84.8W  PCAP→78W  power=79.4W
[PID] perf=27.119Hz  target=9.236Hz  err=-17.883Hz  corr=-371.64W  u_ff=84.8W  PCAP→78W  power=76.6W
[PID] perf=27.109Hz  target=9.236Hz  err=-17.873Hz  corr=-371.44W  u_ff=84.8W  PCAP→78W  power=77.1W
[PID] perf=27.112Hz  target=9.236Hz  err=-17.876Hz  corr=-371.51W  u_ff=84.8W  PCAP→78W  power=76.8W
[PID] perf=27.133Hz  target=9.236Hz  err=-17.897Hz  corr=-371.89W  u_ff=84.8W  PCAP→78W  power=77.1W
[PID] perf=27.113Hz  target=9.236Hz  err=-17.877Hz  corr=-371.52W  u_ff=84.8W  PCAP→78W  power=77.3W
[PID] perf=27.111Hz  target=9.236Hz  err=-17.875Hz  corr=-371.48W  u_ff=84.8W  PCAP→78W  power=77.2W
[PID] perf=27.137Hz  target=9.236Hz  err=-17.901Hz  corr=-371.96W  u_ff=84.8W  PCAP→78W  power=76.5W
[PID] perf=27.105Hz  target=9.236Hz  err=-17.868Hz  corr=-371.36W  u_ff=84.8W  PCAP→78W  power=76.2W
[PID] perf=27.119Hz  target=9.236Hz  err=-17.883Hz  corr=-371.63W  u_ff=84.8W  PCAP→78W  power=78.9W
[PID] perf=27.167Hz  target=9.236Hz  err=-17.931Hz  corr=-372.53W  u_ff=84.8W  PCAP→78W  power=77.5W
[PID] perf=27.134Hz  target=9.236Hz  err=-17.897Hz  corr=-371.90W  u_ff=84.8W  PCAP→78W  power=77.7W
[PID] perf=27.167Hz  target=9.236Hz  err=-17.931Hz  corr=-372.52W  u_ff=84.8W  PCAP→78W  power=77.0W
[PID] perf=27.144Hz  target=9.236Hz  err=-17.907Hz  corr=-372.09W  u_ff=84.8W  PCAP→78W  power=76.5W
[PID] perf=27.086Hz  target=9.236Hz  err=-17.850Hz  corr=-371.02W  u_ff=84.8W  PCAP→78W  power=78.7W
[PID] perf=27.122Hz  target=9.236Hz  err=-17.886Hz  corr=-371.69W  u_ff=84.8W  PCAP→78W  power=77.1W
[PID] perf=27.143Hz  target=9.236Hz  err=-17.907Hz  corr=-372.07W  u_ff=84.8W  PCAP→78W  power=76.9W
[PID] perf=27.146Hz  target=9.236Hz  err=-17.910Hz  corr=-372.13W  u_ff=84.8W  PCAP→78W  power=78.1W
[PID] perf=27.168Hz  target=9.236Hz  err=-17.932Hz  corr=-372.54W  u_ff=84.8W  PCAP→78W  power=76.9W
[PID] perf=27.119Hz  target=9.236Hz  err=-17.883Hz  corr=-371.63W  u_ff=84.8W  PCAP→78W  power=76.5W
[PID] perf=27.123Hz  target=9.236Hz  err=-17.887Hz  corr=-371.71W  u_ff=84.8W  PCAP→78W  power=77.6W
[PID] perf=27.112Hz  target=9.236Hz  err=-17.876Hz  corr=-371.50W  u_ff=84.8W  PCAP→78W  power=79.0W
[PID] perf=27.131Hz  target=9.236Hz  err=-17.895Hz  corr=-371.85W  u_ff=84.8W  PCAP→78W  power=79.4W
[PID] perf=27.149Hz  target=9.236Hz  err=-17.913Hz  corr=-372.19W  u_ff=84.8W  PCAP→78W  power=78.2W
[PID] perf=27.150Hz  target=9.236Hz  err=-17.913Hz  corr=-372.20W  u_ff=84.8W  PCAP→78W  power=77.0W
[PID] perf=27.127Hz  target=9.236Hz  err=-17.891Hz  corr=-371.78W  u_ff=84.8W  PCAP→78W  power=77.3W
[PID] perf=27.151Hz  target=9.236Hz  err=-17.915Hz  corr=-372.22W  u_ff=84.8W  PCAP→78W  power=78.3W
[PID] perf=27.139Hz  target=9.236Hz  err=-17.903Hz  corr=-372.00W  u_ff=84.8W  PCAP→78W  power=77.7W
[PID] perf=27.133Hz  target=9.236Hz  err=-17.897Hz  corr=-371.89W  u_ff=84.8W  PCAP→78W  power=76.7W
[PID] perf=27.109Hz  target=9.236Hz  err=-17.872Hz  corr=-371.44W  u_ff=84.8W  PCAP→78W  power=79.1W
[PID] perf=27.120Hz  target=9.236Hz  err=-17.884Hz  corr=-371.66W  u_ff=84.8W  PCAP→78W  power=77.6W
[PID] perf=27.130Hz  target=9.236Hz  err=-17.893Hz  corr=-371.83W  u_ff=84.8W  PCAP→78W  power=78.7W
[PID] perf=27.152Hz  target=9.236Hz  err=-17.916Hz  corr=-372.25W  u_ff=84.8W  PCAP→78W  power=78.1W
[PID] perf=27.123Hz  target=9.236Hz  err=-17.887Hz  corr=-371.70W  u_ff=84.8W  PCAP→78W  power=77.7W
[PID] perf=27.140Hz  target=9.236Hz  err=-17.903Hz  corr=-372.01W  u_ff=84.8W  PCAP→78W  power=77.2W
[PID] perf=27.153Hz  target=9.236Hz  err=-17.917Hz  corr=-372.26W  u_ff=84.8W  PCAP→78W  power=77.8W
[PID] perf=27.140Hz  target=9.236Hz  err=-17.904Hz  corr=-372.03W  u_ff=84.8W  PCAP→78W  power=78.7W
[PID] perf=27.117Hz  target=9.236Hz  err=-17.881Hz  corr=-371.59W  u_ff=84.8W  PCAP→78W  power=79.2W
[PID] perf=27.137Hz  target=9.236Hz  err=-17.901Hz  corr=-371.96W  u_ff=84.8W  PCAP→78W  power=78.8W
[PID] perf=27.105Hz  target=9.236Hz  err=-17.869Hz  corr=-371.37W  u_ff=84.8W  PCAP→78W  power=79.4W
[PID] perf=27.128Hz  target=9.236Hz  err=-17.892Hz  corr=-371.79W  u_ff=84.8W  PCAP→78W  power=78.6W
[PID] perf=27.136Hz  target=9.236Hz  err=-17.900Hz  corr=-371.95W  u_ff=84.8W  PCAP→78W  power=78.8W
[PID] perf=27.156Hz  target=9.236Hz  err=-17.920Hz  corr=-372.32W  u_ff=84.8W  PCAP→78W  power=79.0W
[PID] perf=27.143Hz  target=9.236Hz  err=-17.907Hz  corr=-372.08W  u_ff=84.8W  PCAP→78W  power=78.8W
[PID] perf=27.147Hz  target=9.236Hz  err=-17.911Hz  corr=-372.15W  u_ff=84.8W  PCAP→78W  power=79.2W
[PID] perf=27.135Hz  target=9.236Hz  err=-17.899Hz  corr=-371.93W  u_ff=84.8W  PCAP→78W  power=78.8W
[PID] perf=27.075Hz  target=9.236Hz  err=-17.839Hz  corr=-370.82W  u_ff=84.8W  PCAP→78W  power=79.3W
[PID] perf=27.054Hz  target=9.236Hz  err=-17.818Hz  corr=-370.42W  u_ff=84.8W  PCAP→78W  power=78.6W
[PID] perf=27.061Hz  target=9.236Hz  err=-17.825Hz  corr=-370.56W  u_ff=84.8W  PCAP→78W  power=78.1W
[PID] perf=27.066Hz  target=9.236Hz  err=-17.830Hz  corr=-370.65W  u_ff=84.8W  PCAP→78W  power=77.8W
[PID] perf=27.086Hz  target=9.236Hz  err=-17.850Hz  corr=-371.01W  u_ff=84.8W  PCAP→78W  power=77.9W
[PID] perf=27.104Hz  target=9.236Hz  err=-17.868Hz  corr=-371.36W  u_ff=84.8W  PCAP→78W  power=79.0W
[PID] perf=27.095Hz  target=9.236Hz  err=-17.859Hz  corr=-371.19W  u_ff=84.8W  PCAP→78W  power=77.1W
[PID] perf=27.058Hz  target=9.236Hz  err=-17.821Hz  corr=-370.49W  u_ff=84.8W  PCAP→78W  power=77.1W
[PID] perf=26.913Hz  target=9.236Hz  err=-17.677Hz  corr=-367.81W  u_ff=84.8W  PCAP→78W  power=76.2W
[PID] perf=26.950Hz  target=9.236Hz  err=-17.714Hz  corr=-368.50W  u_ff=84.8W  PCAP→78W  power=78.5W
[PID] perf=26.931Hz  target=9.236Hz  err=-17.695Hz  corr=-368.14W  u_ff=84.8W  PCAP→78W  power=78.6W
[PID] perf=26.974Hz  target=9.236Hz  err=-17.738Hz  corr=-368.94W  u_ff=84.8W  PCAP→78W  power=78.6W
[PID] perf=27.000Hz  target=9.236Hz  err=-17.764Hz  corr=-369.42W  u_ff=84.8W  PCAP→78W  power=77.4W
[PID] perf=27.015Hz  target=9.236Hz  err=-17.778Hz  corr=-369.69W  u_ff=84.8W  PCAP→78W  power=77.2W
[PID] perf=27.053Hz  target=9.236Hz  err=-17.817Hz  corr=-370.41W  u_ff=84.8W  PCAP→78W  power=76.7W
[PID] perf=27.026Hz  target=9.236Hz  err=-17.790Hz  corr=-369.90W  u_ff=84.8W  PCAP→78W  power=78.0W
[PID] perf=27.009Hz  target=9.236Hz  err=-17.772Hz  corr=-369.58W  u_ff=84.8W  PCAP→78W  power=77.7W
[PID] perf=26.997Hz  target=9.236Hz  err=-17.760Hz  corr=-369.36W  u_ff=84.8W  PCAP→78W  power=77.8W
[PID] perf=27.016Hz  target=9.236Hz  err=-17.780Hz  corr=-369.73W  u_ff=84.8W  PCAP→78W  power=77.2W
[PID] perf=27.013Hz  target=9.236Hz  err=-17.776Hz  corr=-369.66W  u_ff=84.8W  PCAP→78W  power=77.9W
[PID] perf=27.005Hz  target=9.236Hz  err=-17.769Hz  corr=-369.52W  u_ff=84.8W  PCAP→78W  power=76.4W
[PID] perf=27.005Hz  target=9.236Hz  err=-17.768Hz  corr=-369.51W  u_ff=84.8W  PCAP→78W  power=77.8W
[PID] perf=27.015Hz  target=9.236Hz  err=-17.779Hz  corr=-369.70W  u_ff=84.8W  PCAP→78W  power=78.8W
[PID] perf=27.021Hz  target=9.236Hz  err=-17.784Hz  corr=-369.81W  u_ff=84.8W  PCAP→78W  power=77.1W
[PID] perf=27.032Hz  target=9.236Hz  err=-17.796Hz  corr=-370.03W  u_ff=84.8W  PCAP→78W  power=77.5W
[PID] perf=27.032Hz  target=9.236Hz  err=-17.796Hz  corr=-370.02W  u_ff=84.8W  PCAP→78W  power=76.9W
[PID] perf=27.010Hz  target=9.236Hz  err=-17.774Hz  corr=-369.61W  u_ff=84.8W  PCAP→78W  power=78.3W
[PID] perf=27.054Hz  target=9.236Hz  err=-17.817Hz  corr=-370.42W  u_ff=84.8W  PCAP→78W  power=76.2W
[PID] perf=27.047Hz  target=9.236Hz  err=-17.810Hz  corr=-370.29W  u_ff=84.8W  PCAP→78W  power=77.1W
[PID] perf=27.049Hz  target=9.236Hz  err=-17.813Hz  corr=-370.34W  u_ff=84.8W  PCAP→78W  power=78.5W
[PID] perf=27.026Hz  target=9.236Hz  err=-17.790Hz  corr=-369.91W  u_ff=84.8W  PCAP→78W  power=78.9W
[PID] perf=27.041Hz  target=9.236Hz  err=-17.804Hz  corr=-370.18W  u_ff=84.8W  PCAP→78W  power=77.3W
[PID] perf=27.008Hz  target=9.236Hz  err=-17.772Hz  corr=-369.57W  u_ff=84.8W  PCAP→78W  power=78.7W
[PID] perf=27.010Hz  target=9.236Hz  err=-17.774Hz  corr=-369.62W  u_ff=84.8W  PCAP→78W  power=77.0W
[PID] perf=27.038Hz  target=9.236Hz  err=-17.802Hz  corr=-370.13W  u_ff=84.8W  PCAP→78W  power=77.6W
[PID] perf=27.034Hz  target=9.236Hz  err=-17.798Hz  corr=-370.06W  u_ff=84.8W  PCAP→78W  power=78.0W
Process completed.
Compressed into /home/cc/summer2024/main_codes/pid_controller/../experiment_data/PID_Control_sweep/ones-npb-cg/compressed_iteration_20260513_023551.tar
----------------------------------
