
>>> Step 1/3

[ones-npb-cg]
  target perf      : 9.9086 Hz
  coefficients_perf: [-0.0006547837485238978, 0.18607436314256556, -1.8317688501798497]
  feedforward PCAP : 94.56 W  →  95 W (snapped)
  Perf(u_ff) check : 9.9086 Hz  (should ≈ target)
  PID gains        : Kp=18.5447 W/Hz  Ki=1.85447 W/(Hz·s)  Kd=0.0000
[PID] Awaiting data — feedforward PCAP=95W
[PID] Awaiting data — feedforward PCAP=95W
[PID] Awaiting data — feedforward PCAP=95W
[PID] Awaiting data — feedforward PCAP=95W
[PID] Awaiting data — feedforward PCAP=95W
[PID] Awaiting data — feedforward PCAP=95W
[PID] perf=19.898Hz  target=9.909Hz  err=-9.989Hz  corr=-222.29W  u_ff=94.6W  PCAP→78W  power=nanW
[PID] perf=18.061Hz  target=9.909Hz  err=-8.153Hz  corr=-191.19W  u_ff=94.6W  PCAP→78W  power=nanW
[PID] perf=18.061Hz  target=9.909Hz  err=-8.152Hz  corr=-191.18W  u_ff=94.6W  PCAP→78W  power=77.8W
[PID] perf=18.096Hz  target=9.909Hz  err=-8.188Hz  corr=-191.84W  u_ff=94.6W  PCAP→78W  power=nanW
[PID] perf=18.089Hz  target=9.909Hz  err=-8.181Hz  corr=-191.71W  u_ff=94.6W  PCAP→78W  power=nanW
[PID] perf=17.985Hz  target=9.909Hz  err=-8.076Hz  corr=-189.77W  u_ff=94.6W  PCAP→78W  power=78.7W
[PID] perf=23.796Hz  target=9.909Hz  err=-13.887Hz  corr=-297.54W  u_ff=94.6W  PCAP→78W  power=nanW
[PID] perf=24.216Hz  target=9.909Hz  err=-14.308Hz  corr=-305.33W  u_ff=94.6W  PCAP→78W  power=78.3W
[PID] perf=27.619Hz  target=9.909Hz  err=-17.710Hz  corr=-368.43W  u_ff=94.6W  PCAP→78W  power=77.6W
[PID] perf=27.606Hz  target=9.909Hz  err=-17.698Hz  corr=-368.20W  u_ff=94.6W  PCAP→78W  power=77.3W
[PID] perf=27.623Hz  target=9.909Hz  err=-17.714Hz  corr=-368.51W  u_ff=94.6W  PCAP→78W  power=nanW
[PID] perf=27.595Hz  target=9.909Hz  err=-17.686Hz  corr=-367.98W  u_ff=94.6W  PCAP→78W  power=76.9W
[PID] perf=27.603Hz  target=9.909Hz  err=-17.694Hz  corr=-368.13W  u_ff=94.6W  PCAP→78W  power=79.2W
[PID] perf=27.613Hz  target=9.909Hz  err=-17.704Hz  corr=-368.31W  u_ff=94.6W  PCAP→78W  power=77.2W
[PID] perf=27.623Hz  target=9.909Hz  err=-17.715Hz  corr=-368.51W  u_ff=94.6W  PCAP→78W  power=nanW
[PID] perf=27.617Hz  target=9.909Hz  err=-17.708Hz  corr=-368.40W  u_ff=94.6W  PCAP→78W  power=77.4W
[PID] perf=27.645Hz  target=9.909Hz  err=-17.736Hz  corr=-368.91W  u_ff=94.6W  PCAP→78W  power=78.9W
[PID] perf=27.631Hz  target=9.909Hz  err=-17.722Hz  corr=-368.66W  u_ff=94.6W  PCAP→78W  power=78.1W
[PID] perf=27.638Hz  target=9.909Hz  err=-17.729Hz  corr=-368.79W  u_ff=94.6W  PCAP→78W  power=78.5W
[PID] perf=27.661Hz  target=9.909Hz  err=-17.753Hz  corr=-369.22W  u_ff=94.6W  PCAP→78W  power=78.3W
[PID] perf=27.652Hz  target=9.909Hz  err=-17.743Hz  corr=-369.05W  u_ff=94.6W  PCAP→78W  power=78.9W
[PID] perf=27.640Hz  target=9.909Hz  err=-17.732Hz  corr=-368.83W  u_ff=94.6W  PCAP→78W  power=78.1W
[PID] perf=27.650Hz  target=9.909Hz  err=-17.741Hz  corr=-369.01W  u_ff=94.6W  PCAP→78W  power=76.8W
[PID] perf=27.608Hz  target=9.909Hz  err=-17.700Hz  corr=-368.24W  u_ff=94.6W  PCAP→78W  power=nanW
[PID] perf=27.639Hz  target=9.909Hz  err=-17.731Hz  corr=-368.81W  u_ff=94.6W  PCAP→78W  power=78.9W
[PID] perf=27.637Hz  target=9.909Hz  err=-17.729Hz  corr=-368.77W  u_ff=94.6W  PCAP→78W  power=77.9W
[PID] perf=27.585Hz  target=9.909Hz  err=-17.677Hz  corr=-367.81W  u_ff=94.6W  PCAP→78W  power=77.5W
[PID] perf=27.610Hz  target=9.909Hz  err=-17.701Hz  corr=-368.26W  u_ff=94.6W  PCAP→78W  power=76.8W
[PID] perf=27.638Hz  target=9.909Hz  err=-17.730Hz  corr=-368.79W  u_ff=94.6W  PCAP→78W  power=78.6W
[PID] perf=27.654Hz  target=9.909Hz  err=-17.745Hz  corr=-369.08W  u_ff=94.6W  PCAP→78W  power=78.5W
[PID] perf=27.617Hz  target=9.909Hz  err=-17.709Hz  corr=-368.40W  u_ff=94.6W  PCAP→78W  power=nanW
[PID] perf=27.633Hz  target=9.909Hz  err=-17.724Hz  corr=-368.69W  u_ff=94.6W  PCAP→78W  power=77.8W
[PID] perf=26.959Hz  target=9.909Hz  err=-17.051Hz  corr=-356.20W  u_ff=94.6W  PCAP→78W  power=76.4W
[PID] perf=26.971Hz  target=9.909Hz  err=-17.062Hz  corr=-356.42W  u_ff=94.6W  PCAP→78W  power=78.7W
[PID] perf=27.022Hz  target=9.909Hz  err=-17.113Hz  corr=-357.36W  u_ff=94.6W  PCAP→78W  power=77.2W
[PID] perf=27.066Hz  target=9.909Hz  err=-17.157Hz  corr=-358.18W  u_ff=94.6W  PCAP→78W  power=77.3W
[PID] perf=27.066Hz  target=9.909Hz  err=-17.158Hz  corr=-358.19W  u_ff=94.6W  PCAP→78W  power=77.7W
[PID] perf=27.070Hz  target=9.909Hz  err=-17.161Hz  corr=-358.24W  u_ff=94.6W  PCAP→78W  power=78.3W
[PID] perf=27.049Hz  target=9.909Hz  err=-17.140Hz  corr=-357.86W  u_ff=94.6W  PCAP→78W  power=78.2W
[PID] perf=27.044Hz  target=9.909Hz  err=-17.136Hz  corr=-357.78W  u_ff=94.6W  PCAP→78W  power=77.9W
[PID] perf=27.056Hz  target=9.909Hz  err=-17.147Hz  corr=-357.99W  u_ff=94.6W  PCAP→78W  power=77.1W
[PID] perf=27.065Hz  target=9.909Hz  err=-17.157Hz  corr=-358.16W  u_ff=94.6W  PCAP→78W  power=78.7W
[PID] perf=27.061Hz  target=9.909Hz  err=-17.153Hz  corr=-358.09W  u_ff=94.6W  PCAP→78W  power=78.6W
[PID] perf=27.082Hz  target=9.909Hz  err=-17.174Hz  corr=-358.48W  u_ff=94.6W  PCAP→78W  power=77.5W
[PID] perf=27.074Hz  target=9.909Hz  err=-17.165Hz  corr=-358.33W  u_ff=94.6W  PCAP→78W  power=79.3W
[PID] perf=27.023Hz  target=9.909Hz  err=-17.115Hz  corr=-357.39W  u_ff=94.6W  PCAP→78W  power=77.2W
[PID] perf=25.317Hz  target=9.909Hz  err=-15.409Hz  corr=-325.75W  u_ff=94.6W  PCAP→78W  power=78.7W
[PID] perf=25.481Hz  target=9.909Hz  err=-15.573Hz  corr=-328.79W  u_ff=94.6W  PCAP→78W  power=77.8W
[PID] perf=25.508Hz  target=9.909Hz  err=-15.600Hz  corr=-329.29W  u_ff=94.6W  PCAP→78W  power=77.7W
[PID] perf=25.551Hz  target=9.909Hz  err=-15.643Hz  corr=-330.09W  u_ff=94.6W  PCAP→78W  power=76.7W
[PID] perf=25.560Hz  target=9.909Hz  err=-15.652Hz  corr=-330.25W  u_ff=94.6W  PCAP→78W  power=nanW
[PID] perf=25.584Hz  target=9.909Hz  err=-15.676Hz  corr=-330.70W  u_ff=94.6W  PCAP→78W  power=76.8W
[PID] perf=25.562Hz  target=9.909Hz  err=-15.654Hz  corr=-330.29W  u_ff=94.6W  PCAP→78W  power=77.5W
[PID] perf=25.570Hz  target=9.909Hz  err=-15.661Hz  corr=-330.43W  u_ff=94.6W  PCAP→78W  power=78.2W
[PID] perf=25.583Hz  target=9.909Hz  err=-15.675Hz  corr=-330.68W  u_ff=94.6W  PCAP→78W  power=78.3W
[PID] perf=25.611Hz  target=9.909Hz  err=-15.702Hz  corr=-331.19W  u_ff=94.6W  PCAP→78W  power=78.3W
[PID] perf=25.591Hz  target=9.909Hz  err=-15.682Hz  corr=-330.83W  u_ff=94.6W  PCAP→78W  power=78.6W
[PID] perf=25.566Hz  target=9.909Hz  err=-15.657Hz  corr=-330.36W  u_ff=94.6W  PCAP→78W  power=76.0W
[PID] perf=23.908Hz  target=9.909Hz  err=-13.999Hz  corr=-299.61W  u_ff=94.6W  PCAP→78W  power=77.3W
[PID] perf=24.910Hz  target=9.909Hz  err=-15.002Hz  corr=-318.20W  u_ff=94.6W  PCAP→78W  power=77.3W
[PID] perf=24.947Hz  target=9.909Hz  err=-15.038Hz  corr=-318.88W  u_ff=94.6W  PCAP→78W  power=77.3W
[PID] perf=24.996Hz  target=9.909Hz  err=-15.087Hz  corr=-319.79W  u_ff=94.6W  PCAP→78W  power=77.5W
[PID] perf=24.975Hz  target=9.909Hz  err=-15.067Hz  corr=-319.40W  u_ff=94.6W  PCAP→78W  power=77.3W
[PID] perf=25.055Hz  target=9.909Hz  err=-15.146Hz  corr=-320.89W  u_ff=94.6W  PCAP→78W  power=78.8W
[PID] perf=25.042Hz  target=9.909Hz  err=-15.134Hz  corr=-320.65W  u_ff=94.6W  PCAP→78W  power=79.1W
[PID] perf=25.033Hz  target=9.909Hz  err=-15.125Hz  corr=-320.48W  u_ff=94.6W  PCAP→78W  power=77.7W
[PID] perf=25.062Hz  target=9.909Hz  err=-15.153Hz  corr=-321.01W  u_ff=94.6W  PCAP→78W  power=77.6W
[PID] perf=25.019Hz  target=9.909Hz  err=-15.110Hz  corr=-320.21W  u_ff=94.6W  PCAP→78W  power=77.7W
[PID] perf=25.052Hz  target=9.909Hz  err=-15.143Hz  corr=-320.83W  u_ff=94.6W  PCAP→78W  power=77.9W
[PID] perf=24.993Hz  target=9.909Hz  err=-15.084Hz  corr=-319.73W  u_ff=94.6W  PCAP→78W  power=79.1W
[PID] perf=25.091Hz  target=9.909Hz  err=-15.182Hz  corr=-321.55W  u_ff=94.6W  PCAP→78W  power=78.4W
[PID] perf=25.013Hz  target=9.909Hz  err=-15.104Hz  corr=-320.10W  u_ff=94.6W  PCAP→78W  power=78.8W
[PID] perf=25.040Hz  target=9.909Hz  err=-15.132Hz  corr=-320.61W  u_ff=94.6W  PCAP→78W  power=78.6W
[PID] perf=25.070Hz  target=9.909Hz  err=-15.161Hz  corr=-321.16W  u_ff=94.6W  PCAP→78W  power=77.8W
[PID] perf=25.102Hz  target=9.909Hz  err=-15.193Hz  corr=-321.76W  u_ff=94.6W  PCAP→78W  power=77.1W
[PID] perf=25.094Hz  target=9.909Hz  err=-15.186Hz  corr=-321.61W  u_ff=94.6W  PCAP→78W  power=77.9W
[PID] perf=25.099Hz  target=9.909Hz  err=-15.190Hz  corr=-321.70W  u_ff=94.6W  PCAP→78W  power=77.0W
[PID] perf=25.062Hz  target=9.909Hz  err=-15.153Hz  corr=-321.01W  u_ff=94.6W  PCAP→78W  power=77.1W
[PID] perf=25.038Hz  target=9.909Hz  err=-15.130Hz  corr=-320.57W  u_ff=94.6W  PCAP→78W  power=76.8W
[PID] perf=25.439Hz  target=9.909Hz  err=-15.530Hz  corr=-328.01W  u_ff=94.6W  PCAP→78W  power=75.8W
[PID] perf=25.574Hz  target=9.909Hz  err=-15.665Hz  corr=-330.51W  u_ff=94.6W  PCAP→78W  power=77.5W
[PID] perf=25.567Hz  target=9.909Hz  err=-15.658Hz  corr=-330.37W  u_ff=94.6W  PCAP→78W  power=77.3W
[PID] perf=25.562Hz  target=9.909Hz  err=-15.653Hz  corr=-330.29W  u_ff=94.6W  PCAP→78W  power=78.9W
[PID] perf=25.560Hz  target=9.909Hz  err=-15.652Hz  corr=-330.25W  u_ff=94.6W  PCAP→78W  power=nanW
[PID] perf=25.601Hz  target=9.909Hz  err=-15.692Hz  corr=-331.01W  u_ff=94.6W  PCAP→78W  power=78.8W
[PID] perf=25.586Hz  target=9.909Hz  err=-15.677Hz  corr=-330.73W  u_ff=94.6W  PCAP→78W  power=79.1W
[PID] perf=25.624Hz  target=9.909Hz  err=-15.716Hz  corr=-331.45W  u_ff=94.6W  PCAP→78W  power=78.0W
[PID] perf=25.625Hz  target=9.909Hz  err=-15.716Hz  corr=-331.45W  u_ff=94.6W  PCAP→78W  power=77.6W
[PID] perf=25.625Hz  target=9.909Hz  err=-15.716Hz  corr=-331.45W  u_ff=94.6W  PCAP→78W  power=77.3W
[PID] perf=25.632Hz  target=9.909Hz  err=-15.724Hz  corr=-331.60W  u_ff=94.6W  PCAP→78W  power=77.4W
[PID] perf=25.679Hz  target=9.909Hz  err=-15.771Hz  corr=-332.47W  u_ff=94.6W  PCAP→78W  power=78.8W
[PID] perf=25.622Hz  target=9.909Hz  err=-15.714Hz  corr=-331.40W  u_ff=94.6W  PCAP→78W  power=79.0W
[PID] perf=25.654Hz  target=9.909Hz  err=-15.746Hz  corr=-332.00W  u_ff=94.6W  PCAP→78W  power=78.4W
[PID] perf=25.666Hz  target=9.909Hz  err=-15.757Hz  corr=-332.21W  u_ff=94.6W  PCAP→78W  power=77.9W
[PID] perf=26.743Hz  target=9.909Hz  err=-16.834Hz  corr=-352.18W  u_ff=94.6W  PCAP→78W  power=78.6W
[PID] perf=26.825Hz  target=9.909Hz  err=-16.917Hz  corr=-353.71W  u_ff=94.6W  PCAP→78W  power=77.5W
[PID] perf=26.878Hz  target=9.909Hz  err=-16.970Hz  corr=-354.70W  u_ff=94.6W  PCAP→78W  power=78.4W
[PID] perf=26.854Hz  target=9.909Hz  err=-16.945Hz  corr=-354.24W  u_ff=94.6W  PCAP→78W  power=79.3W
[PID] perf=26.892Hz  target=9.909Hz  err=-16.984Hz  corr=-354.95W  u_ff=94.6W  PCAP→78W  power=77.5W
[PID] perf=26.870Hz  target=9.909Hz  err=-16.962Hz  corr=-354.55W  u_ff=94.6W  PCAP→78W  power=78.6W
[PID] perf=26.892Hz  target=9.909Hz  err=-16.983Hz  corr=-354.95W  u_ff=94.6W  PCAP→78W  power=77.5W
[PID] perf=26.894Hz  target=9.909Hz  err=-16.986Hz  corr=-355.00W  u_ff=94.6W  PCAP→78W  power=77.2W
[PID] perf=26.888Hz  target=9.909Hz  err=-16.979Hz  corr=-354.87W  u_ff=94.6W  PCAP→78W  power=77.6W
[PID] perf=26.869Hz  target=9.909Hz  err=-16.961Hz  corr=-354.53W  u_ff=94.6W  PCAP→78W  power=77.2W
[PID] perf=26.861Hz  target=9.909Hz  err=-16.953Hz  corr=-354.38W  u_ff=94.6W  PCAP→78W  power=77.6W
[PID] perf=26.910Hz  target=9.909Hz  err=-17.002Hz  corr=-355.29W  u_ff=94.6W  PCAP→78W  power=77.1W
[PID] perf=25.554Hz  target=9.909Hz  err=-15.645Hz  corr=-330.13W  u_ff=94.6W  PCAP→78W  power=77.1W
[PID] perf=25.632Hz  target=9.909Hz  err=-15.723Hz  corr=-331.58W  u_ff=94.6W  PCAP→78W  power=79.3W
[PID] perf=25.653Hz  target=9.909Hz  err=-15.745Hz  corr=-331.98W  u_ff=94.6W  PCAP→78W  power=77.8W
[PID] perf=25.659Hz  target=9.909Hz  err=-15.751Hz  corr=-332.09W  u_ff=94.6W  PCAP→78W  power=77.7W
[PID] perf=25.688Hz  target=9.909Hz  err=-15.780Hz  corr=-332.63W  u_ff=94.6W  PCAP→78W  power=76.6W
[PID] perf=25.644Hz  target=9.909Hz  err=-15.735Hz  corr=-331.81W  u_ff=94.6W  PCAP→78W  power=78.5W
[PID] perf=25.692Hz  target=9.909Hz  err=-15.783Hz  corr=-332.70W  u_ff=94.6W  PCAP→78W  power=77.8W
[PID] perf=25.667Hz  target=9.909Hz  err=-15.759Hz  corr=-332.24W  u_ff=94.6W  PCAP→78W  power=78.6W
[PID] perf=25.724Hz  target=9.909Hz  err=-15.815Hz  corr=-333.29W  u_ff=94.6W  PCAP→78W  power=77.8W
[PID] perf=25.641Hz  target=9.909Hz  err=-15.732Hz  corr=-331.75W  u_ff=94.6W  PCAP→78W  power=77.1W
[PID] perf=25.645Hz  target=9.909Hz  err=-15.737Hz  corr=-331.83W  u_ff=94.6W  PCAP→78W  power=77.4W
[PID] perf=25.665Hz  target=9.909Hz  err=-15.756Hz  corr=-332.20W  u_ff=94.6W  PCAP→78W  power=78.6W
[PID] perf=25.669Hz  target=9.909Hz  err=-15.761Hz  corr=-332.27W  u_ff=94.6W  PCAP→78W  power=79.0W
[PID] perf=25.680Hz  target=9.909Hz  err=-15.771Hz  corr=-332.48W  u_ff=94.6W  PCAP→78W  power=77.9W
[PID] perf=25.693Hz  target=9.909Hz  err=-15.785Hz  corr=-332.72W  u_ff=94.6W  PCAP→78W  power=77.6W
[PID] perf=26.319Hz  target=9.909Hz  err=-16.411Hz  corr=-344.33W  u_ff=94.6W  PCAP→78W  power=77.5W
[PID] perf=26.395Hz  target=9.909Hz  err=-16.487Hz  corr=-345.74W  u_ff=94.6W  PCAP→78W  power=76.5W
[PID] perf=26.443Hz  target=9.909Hz  err=-16.535Hz  corr=-346.63W  u_ff=94.6W  PCAP→78W  power=77.2W
[PID] perf=26.413Hz  target=9.909Hz  err=-16.504Hz  corr=-346.06W  u_ff=94.6W  PCAP→78W  power=78.6W
[PID] perf=26.395Hz  target=9.909Hz  err=-16.487Hz  corr=-345.74W  u_ff=94.6W  PCAP→78W  power=79.0W
[PID] perf=26.425Hz  target=9.909Hz  err=-16.517Hz  corr=-346.30W  u_ff=94.6W  PCAP→78W  power=77.4W
[PID] perf=26.273Hz  target=9.909Hz  err=-16.364Hz  corr=-343.46W  u_ff=94.6W  PCAP→78W  power=77.7W
[PID] perf=26.260Hz  target=9.909Hz  err=-16.351Hz  corr=-343.23W  u_ff=94.6W  PCAP→78W  power=76.3W
[PID] perf=26.331Hz  target=9.909Hz  err=-16.422Hz  corr=-344.55W  u_ff=94.6W  PCAP→78W  power=76.3W
[PID] perf=26.361Hz  target=9.909Hz  err=-16.452Hz  corr=-345.10W  u_ff=94.6W  PCAP→78W  power=75.8W
[PID] perf=26.331Hz  target=9.909Hz  err=-16.422Hz  corr=-344.55W  u_ff=94.6W  PCAP→78W  power=77.2W
[PID] perf=26.292Hz  target=9.909Hz  err=-16.383Hz  corr=-343.82W  u_ff=94.6W  PCAP→78W  power=78.2W
[PID] perf=26.284Hz  target=9.909Hz  err=-16.376Hz  corr=-343.69W  u_ff=94.6W  PCAP→78W  power=77.5W
[PID] perf=26.260Hz  target=9.909Hz  err=-16.352Hz  corr=-343.23W  u_ff=94.6W  PCAP→78W  power=76.6W
[PID] perf=26.278Hz  target=9.909Hz  err=-16.369Hz  corr=-343.57W  u_ff=94.6W  PCAP→78W  power=76.4W
[PID] perf=26.260Hz  target=9.909Hz  err=-16.351Hz  corr=-343.23W  u_ff=94.6W  PCAP→78W  power=76.9W
[PID] perf=26.240Hz  target=9.909Hz  err=-16.331Hz  corr=-342.86W  u_ff=94.6W  PCAP→78W  power=77.3W
[PID] perf=26.241Hz  target=9.909Hz  err=-16.332Hz  corr=-342.87W  u_ff=94.6W  PCAP→78W  power=77.3W
[PID] perf=26.253Hz  target=9.909Hz  err=-16.344Hz  corr=-343.10W  u_ff=94.6W  PCAP→78W  power=77.1W
[PID] perf=26.288Hz  target=9.909Hz  err=-16.380Hz  corr=-343.76W  u_ff=94.6W  PCAP→78W  power=78.1W
[PID] perf=26.363Hz  target=9.909Hz  err=-16.455Hz  corr=-345.15W  u_ff=94.6W  PCAP→78W  power=78.7W
[PID] perf=26.285Hz  target=9.909Hz  err=-16.376Hz  corr=-343.69W  u_ff=94.6W  PCAP→78W  power=78.9W
[PID] perf=26.315Hz  target=9.909Hz  err=-16.406Hz  corr=-344.25W  u_ff=94.6W  PCAP→78W  power=78.1W
[PID] perf=26.299Hz  target=9.909Hz  err=-16.390Hz  corr=-343.95W  u_ff=94.6W  PCAP→78W  power=77.1W
[PID] perf=26.305Hz  target=9.909Hz  err=-16.396Hz  corr=-344.06W  u_ff=94.6W  PCAP→78W  power=77.6W
[PID] perf=26.303Hz  target=9.909Hz  err=-16.395Hz  corr=-344.03W  u_ff=94.6W  PCAP→78W  power=76.5W
[PID] perf=26.298Hz  target=9.909Hz  err=-16.389Hz  corr=-343.93W  u_ff=94.6W  PCAP→78W  power=77.3W
[PID] perf=26.370Hz  target=9.909Hz  err=-16.461Hz  corr=-345.27W  u_ff=94.6W  PCAP→78W  power=78.2W
[PID] perf=27.225Hz  target=9.909Hz  err=-17.316Hz  corr=-361.12W  u_ff=94.6W  PCAP→78W  power=78.1W
[PID] perf=26.656Hz  target=9.909Hz  err=-16.748Hz  corr=-350.58W  u_ff=94.6W  PCAP→78W  power=77.5W
[PID] perf=27.082Hz  target=9.909Hz  err=-17.173Hz  corr=-358.47W  u_ff=94.6W  PCAP→78W  power=78.9W
[PID] perf=27.131Hz  target=9.909Hz  err=-17.223Hz  corr=-359.39W  u_ff=94.6W  PCAP→78W  power=78.4W
[PID] perf=27.117Hz  target=9.909Hz  err=-17.208Hz  corr=-359.13W  u_ff=94.6W  PCAP→78W  power=77.4W
[PID] perf=27.130Hz  target=9.909Hz  err=-17.221Hz  corr=-359.36W  u_ff=94.6W  PCAP→78W  power=nanW
[PID] perf=27.174Hz  target=9.909Hz  err=-17.265Hz  corr=-360.18W  u_ff=94.6W  PCAP→78W  power=76.2W
[PID] perf=27.157Hz  target=9.909Hz  err=-17.248Hz  corr=-359.86W  u_ff=94.6W  PCAP→78W  power=nanW
[PID] perf=27.121Hz  target=9.909Hz  err=-17.213Hz  corr=-359.21W  u_ff=94.6W  PCAP→78W  power=77.3W
[PID] perf=27.175Hz  target=9.909Hz  err=-17.267Hz  corr=-360.21W  u_ff=94.6W  PCAP→78W  power=77.7W
[PID] perf=27.168Hz  target=9.909Hz  err=-17.259Hz  corr=-360.07W  u_ff=94.6W  PCAP→78W  power=76.5W
[PID] perf=27.161Hz  target=9.909Hz  err=-17.252Hz  corr=-359.94W  u_ff=94.6W  PCAP→78W  power=nanW
[PID] perf=27.166Hz  target=9.909Hz  err=-17.258Hz  corr=-360.04W  u_ff=94.6W  PCAP→78W  power=76.9W
[PID] perf=27.137Hz  target=9.909Hz  err=-17.228Hz  corr=-359.49W  u_ff=94.6W  PCAP→78W  power=77.5W
[PID] perf=27.134Hz  target=9.909Hz  err=-17.226Hz  corr=-359.45W  u_ff=94.6W  PCAP→78W  power=77.7W
[PID] perf=26.043Hz  target=9.909Hz  err=-16.135Hz  corr=-339.21W  u_ff=94.6W  PCAP→78W  power=nanW
[PID] perf=26.415Hz  target=9.909Hz  err=-16.506Hz  corr=-346.11W  u_ff=94.6W  PCAP→78W  power=77.3W
[PID] perf=26.412Hz  target=9.909Hz  err=-16.504Hz  corr=-346.05W  u_ff=94.6W  PCAP→78W  power=78.8W
[PID] perf=26.442Hz  target=9.909Hz  err=-16.533Hz  corr=-346.60W  u_ff=94.6W  PCAP→78W  power=78.7W
[PID] perf=26.426Hz  target=9.909Hz  err=-16.518Hz  corr=-346.32W  u_ff=94.6W  PCAP→78W  power=79.1W
[PID] perf=26.449Hz  target=9.909Hz  err=-16.541Hz  corr=-346.75W  u_ff=94.6W  PCAP→78W  power=79.4W
[PID] perf=26.457Hz  target=9.909Hz  err=-16.548Hz  corr=-346.88W  u_ff=94.6W  PCAP→78W  power=77.5W
[PID] perf=26.428Hz  target=9.909Hz  err=-16.520Hz  corr=-346.36W  u_ff=94.6W  PCAP→78W  power=77.7W
[PID] perf=26.438Hz  target=9.909Hz  err=-16.529Hz  corr=-346.52W  u_ff=94.6W  PCAP→78W  power=78.0W
[PID] perf=26.445Hz  target=9.909Hz  err=-16.536Hz  corr=-346.66W  u_ff=94.6W  PCAP→78W  power=77.8W
[PID] perf=26.432Hz  target=9.909Hz  err=-16.523Hz  corr=-346.42W  u_ff=94.6W  PCAP→78W  power=77.9W
[PID] perf=26.454Hz  target=9.909Hz  err=-16.546Hz  corr=-346.84W  u_ff=94.6W  PCAP→78W  power=77.1W
[PID] perf=26.466Hz  target=9.909Hz  err=-16.558Hz  corr=-347.06W  u_ff=94.6W  PCAP→78W  power=77.3W
[PID] perf=26.465Hz  target=9.909Hz  err=-16.557Hz  corr=-347.04W  u_ff=94.6W  PCAP→78W  power=76.3W
[PID] perf=26.448Hz  target=9.909Hz  err=-16.540Hz  corr=-346.72W  u_ff=94.6W  PCAP→78W  power=76.6W
[PID] perf=26.419Hz  target=9.909Hz  err=-16.511Hz  corr=-346.18W  u_ff=94.6W  PCAP→78W  power=76.8W
[PID] perf=26.442Hz  target=9.909Hz  err=-16.534Hz  corr=-346.61W  u_ff=94.6W  PCAP→78W  power=77.8W
[PID] perf=26.450Hz  target=9.909Hz  err=-16.541Hz  corr=-346.75W  u_ff=94.6W  PCAP→78W  power=78.1W
[PID] perf=26.440Hz  target=9.909Hz  err=-16.532Hz  corr=-346.58W  u_ff=94.6W  PCAP→78W  power=nanW
[PID] perf=26.431Hz  target=9.909Hz  err=-16.523Hz  corr=-346.41W  u_ff=94.6W  PCAP→78W  power=nanW
[PID] perf=26.459Hz  target=9.909Hz  err=-16.551Hz  corr=-346.93W  u_ff=94.6W  PCAP→78W  power=76.9W
[PID] perf=26.453Hz  target=9.909Hz  err=-16.545Hz  corr=-346.81W  u_ff=94.6W  PCAP→78W  power=77.8W
[PID] perf=26.438Hz  target=9.909Hz  err=-16.530Hz  corr=-346.54W  u_ff=94.6W  PCAP→78W  power=77.7W
[PID] perf=26.405Hz  target=9.909Hz  err=-16.497Hz  corr=-345.93W  u_ff=94.6W  PCAP→78W  power=77.5W
[PID] perf=26.434Hz  target=9.909Hz  err=-16.526Hz  corr=-346.46W  u_ff=94.6W  PCAP→78W  power=77.7W
[PID] perf=26.422Hz  target=9.909Hz  err=-16.513Hz  corr=-346.23W  u_ff=94.6W  PCAP→78W  power=78.7W
[PID] perf=26.416Hz  target=9.909Hz  err=-16.508Hz  corr=-346.13W  u_ff=94.6W  PCAP→78W  power=78.3W
[PID] perf=26.394Hz  target=9.909Hz  err=-16.485Hz  corr=-345.72W  u_ff=94.6W  PCAP→78W  power=76.5W
[PID] perf=26.419Hz  target=9.909Hz  err=-16.510Hz  corr=-346.18W  u_ff=94.6W  PCAP→78W  power=76.9W
[PID] perf=26.410Hz  target=9.909Hz  err=-16.501Hz  corr=-346.01W  u_ff=94.6W  PCAP→78W  power=79.1W
[PID] perf=26.657Hz  target=9.909Hz  err=-16.748Hz  corr=-350.59W  u_ff=94.6W  PCAP→78W  power=78.2W
[PID] perf=26.705Hz  target=9.909Hz  err=-16.796Hz  corr=-351.48W  u_ff=94.6W  PCAP→78W  power=78.5W
[PID] perf=26.732Hz  target=9.909Hz  err=-16.823Hz  corr=-351.98W  u_ff=94.6W  PCAP→78W  power=78.5W
[PID] perf=26.703Hz  target=9.909Hz  err=-16.794Hz  corr=-351.44W  u_ff=94.6W  PCAP→78W  power=78.0W
[PID] perf=26.675Hz  target=9.909Hz  err=-16.767Hz  corr=-350.93W  u_ff=94.6W  PCAP→78W  power=78.8W
[PID] perf=26.617Hz  target=9.909Hz  err=-16.708Hz  corr=-349.85W  u_ff=94.6W  PCAP→78W  power=nanW
[PID] perf=26.671Hz  target=9.909Hz  err=-16.762Hz  corr=-350.85W  u_ff=94.6W  PCAP→78W  power=78.5W
[PID] perf=27.068Hz  target=9.909Hz  err=-17.159Hz  corr=-358.21W  u_ff=94.6W  PCAP→78W  power=nanW
[PID] perf=27.506Hz  target=9.909Hz  err=-17.597Hz  corr=-366.34W  u_ff=94.6W  PCAP→78W  power=77.6W
[PID] perf=27.530Hz  target=9.909Hz  err=-17.622Hz  corr=-366.79W  u_ff=94.6W  PCAP→78W  power=77.3W
[PID] perf=27.567Hz  target=9.909Hz  err=-17.659Hz  corr=-367.48W  u_ff=94.6W  PCAP→78W  power=77.0W
[PID] perf=27.525Hz  target=9.909Hz  err=-17.617Hz  corr=-366.69W  u_ff=94.6W  PCAP→78W  power=nanW
[PID] perf=27.539Hz  target=9.909Hz  err=-17.630Hz  corr=-366.95W  u_ff=94.6W  PCAP→78W  power=79.2W
[PID] perf=27.544Hz  target=9.909Hz  err=-17.635Hz  corr=-367.04W  u_ff=94.6W  PCAP→78W  power=78.8W
[PID] perf=27.521Hz  target=9.909Hz  err=-17.612Hz  corr=-366.62W  u_ff=94.6W  PCAP→78W  power=78.4W
[PID] perf=27.549Hz  target=9.909Hz  err=-17.640Hz  corr=-367.13W  u_ff=94.6W  PCAP→78W  power=77.6W
[PID] perf=27.566Hz  target=9.909Hz  err=-17.657Hz  corr=-367.44W  u_ff=94.6W  PCAP→78W  power=76.4W
[PID] perf=27.572Hz  target=9.909Hz  err=-17.663Hz  corr=-367.56W  u_ff=94.6W  PCAP→78W  power=76.2W
[PID] perf=27.556Hz  target=9.909Hz  err=-17.648Hz  corr=-367.27W  u_ff=94.6W  PCAP→78W  power=77.3W
[PID] perf=27.565Hz  target=9.909Hz  err=-17.656Hz  corr=-367.43W  u_ff=94.6W  PCAP→78W  power=76.7W
[PID] perf=25.272Hz  target=9.909Hz  err=-15.363Hz  corr=-324.91W  u_ff=94.6W  PCAP→78W  power=77.9W
[PID] perf=25.429Hz  target=9.909Hz  err=-15.521Hz  corr=-327.83W  u_ff=94.6W  PCAP→78W  power=nanW
[PID] perf=25.432Hz  target=9.909Hz  err=-15.524Hz  corr=-327.88W  u_ff=94.6W  PCAP→78W  power=78.8W
[PID] perf=25.478Hz  target=9.909Hz  err=-15.570Hz  corr=-328.74W  u_ff=94.6W  PCAP→78W  power=78.2W
[PID] perf=25.463Hz  target=9.909Hz  err=-15.554Hz  corr=-328.44W  u_ff=94.6W  PCAP→78W  power=78.1W
[PID] perf=25.499Hz  target=9.909Hz  err=-15.591Hz  corr=-329.12W  u_ff=94.6W  PCAP→78W  power=76.9W
[PID] perf=25.502Hz  target=9.909Hz  err=-15.594Hz  corr=-329.18W  u_ff=94.6W  PCAP→78W  power=78.4W
[PID] perf=25.483Hz  target=9.909Hz  err=-15.575Hz  corr=-328.83W  u_ff=94.6W  PCAP→78W  power=77.3W
[PID] perf=25.503Hz  target=9.909Hz  err=-15.595Hz  corr=-329.20W  u_ff=94.6W  PCAP→78W  power=77.4W
[PID] perf=25.460Hz  target=9.909Hz  err=-15.551Hz  corr=-328.39W  u_ff=94.6W  PCAP→78W  power=77.5W
[PID] perf=25.454Hz  target=9.909Hz  err=-15.545Hz  corr=-328.28W  u_ff=94.6W  PCAP→78W  power=nanW
[PID] perf=25.502Hz  target=9.909Hz  err=-15.593Hz  corr=-329.17W  u_ff=94.6W  PCAP→78W  power=78.4W
[PID] perf=25.499Hz  target=9.909Hz  err=-15.591Hz  corr=-329.12W  u_ff=94.6W  PCAP→78W  power=79.4W
[PID] perf=25.486Hz  target=9.909Hz  err=-15.578Hz  corr=-328.88W  u_ff=94.6W  PCAP→78W  power=77.7W
[PID] perf=25.506Hz  target=9.909Hz  err=-15.597Hz  corr=-329.25W  u_ff=94.6W  PCAP→78W  power=79.0W
[PID] perf=26.466Hz  target=9.909Hz  err=-16.558Hz  corr=-347.06W  u_ff=94.6W  PCAP→78W  power=78.9W
[PID] perf=26.550Hz  target=9.909Hz  err=-16.641Hz  corr=-348.61W  u_ff=94.6W  PCAP→78W  power=78.1W
[PID] perf=26.323Hz  target=9.909Hz  err=-16.415Hz  corr=-344.40W  u_ff=94.6W  PCAP→78W  power=78.3W
[PID] perf=26.321Hz  target=9.909Hz  err=-16.413Hz  corr=-344.37W  u_ff=94.6W  PCAP→78W  power=78.2W
[PID] perf=26.315Hz  target=9.909Hz  err=-16.407Hz  corr=-344.26W  u_ff=94.6W  PCAP→78W  power=77.6W
[PID] perf=26.478Hz  target=9.909Hz  err=-16.569Hz  corr=-347.28W  u_ff=94.6W  PCAP→78W  power=77.0W
[PID] perf=26.485Hz  target=9.909Hz  err=-16.577Hz  corr=-347.41W  u_ff=94.6W  PCAP→78W  power=76.8W
[PID] perf=26.460Hz  target=9.909Hz  err=-16.552Hz  corr=-346.95W  u_ff=94.6W  PCAP→78W  power=76.9W
[PID] perf=26.468Hz  target=9.909Hz  err=-16.559Hz  corr=-347.09W  u_ff=94.6W  PCAP→78W  power=77.4W
[PID] perf=26.456Hz  target=9.909Hz  err=-16.548Hz  corr=-346.87W  u_ff=94.6W  PCAP→78W  power=78.4W
[PID] perf=26.460Hz  target=9.909Hz  err=-16.551Hz  corr=-346.94W  u_ff=94.6W  PCAP→78W  power=78.4W
[PID] perf=26.473Hz  target=9.909Hz  err=-16.565Hz  corr=-347.19W  u_ff=94.6W  PCAP→78W  power=nanW
[PID] perf=26.407Hz  target=9.909Hz  err=-16.498Hz  corr=-345.95W  u_ff=94.6W  PCAP→78W  power=78.6W
[PID] perf=26.536Hz  target=9.909Hz  err=-16.627Hz  corr=-348.35W  u_ff=94.6W  PCAP→78W  power=76.2W
[PID] perf=26.572Hz  target=9.909Hz  err=-16.663Hz  corr=-349.01W  u_ff=94.6W  PCAP→78W  power=77.8W
[PID] perf=26.584Hz  target=9.909Hz  err=-16.675Hz  corr=-349.23W  u_ff=94.6W  PCAP→78W  power=nanW
[PID] perf=26.586Hz  target=9.909Hz  err=-16.678Hz  corr=-349.29W  u_ff=94.6W  PCAP→78W  power=77.2W
[PID] perf=26.556Hz  target=9.909Hz  err=-16.647Hz  corr=-348.72W  u_ff=94.6W  PCAP→78W  power=nanW
[PID] perf=26.572Hz  target=9.909Hz  err=-16.663Hz  corr=-349.01W  u_ff=94.6W  PCAP→78W  power=77.6W
[PID] perf=26.569Hz  target=9.909Hz  err=-16.660Hz  corr=-348.96W  u_ff=94.6W  PCAP→78W  power=77.5W
[PID] perf=26.568Hz  target=9.909Hz  err=-16.659Hz  corr=-348.94W  u_ff=94.6W  PCAP→78W  power=77.3W
[PID] perf=26.546Hz  target=9.909Hz  err=-16.638Hz  corr=-348.54W  u_ff=94.6W  PCAP→78W  power=77.4W
[PID] perf=26.548Hz  target=9.909Hz  err=-16.640Hz  corr=-348.58W  u_ff=94.6W  PCAP→78W  power=77.2W
[PID] perf=26.582Hz  target=9.909Hz  err=-16.674Hz  corr=-349.21W  u_ff=94.6W  PCAP→78W  power=77.1W
[PID] perf=26.540Hz  target=9.909Hz  err=-16.631Hz  corr=-348.42W  u_ff=94.6W  PCAP→78W  power=78.3W
[PID] perf=26.556Hz  target=9.909Hz  err=-16.647Hz  corr=-348.71W  u_ff=94.6W  PCAP→78W  power=77.6W
[PID] perf=26.539Hz  target=9.909Hz  err=-16.630Hz  corr=-348.40W  u_ff=94.6W  PCAP→78W  power=78.2W
[PID] perf=26.535Hz  target=9.909Hz  err=-16.626Hz  corr=-348.33W  u_ff=94.6W  PCAP→78W  power=77.7W
[PID] perf=26.529Hz  target=9.909Hz  err=-16.621Hz  corr=-348.22W  u_ff=94.6W  PCAP→78W  power=nanW
[PID] perf=26.559Hz  target=9.909Hz  err=-16.651Hz  corr=-348.78W  u_ff=94.6W  PCAP→78W  power=78.3W
[PID] perf=26.541Hz  target=9.909Hz  err=-16.633Hz  corr=-348.45W  u_ff=94.6W  PCAP→78W  power=76.7W
[PID] perf=26.548Hz  target=9.909Hz  err=-16.639Hz  corr=-348.57W  u_ff=94.6W  PCAP→78W  power=78.9W
[PID] perf=26.541Hz  target=9.909Hz  err=-16.632Hz  corr=-348.44W  u_ff=94.6W  PCAP→78W  power=76.7W
[PID] perf=26.558Hz  target=9.909Hz  err=-16.650Hz  corr=-348.77W  u_ff=94.6W  PCAP→78W  power=77.7W
[PID] perf=26.555Hz  target=9.909Hz  err=-16.647Hz  corr=-348.71W  u_ff=94.6W  PCAP→78W  power=78.0W
[PID] perf=26.532Hz  target=9.909Hz  err=-16.624Hz  corr=-348.28W  u_ff=94.6W  PCAP→78W  power=78.6W
[PID] perf=27.568Hz  target=9.909Hz  err=-17.659Hz  corr=-367.49W  u_ff=94.6W  PCAP→78W  power=78.5W
[PID] perf=27.453Hz  target=9.909Hz  err=-17.545Hz  corr=-365.37W  u_ff=94.6W  PCAP→78W  power=nanW
[PID] perf=27.496Hz  target=9.909Hz  err=-17.588Hz  corr=-366.16W  u_ff=94.6W  PCAP→78W  power=79.0W
[PID] perf=27.490Hz  target=9.909Hz  err=-17.581Hz  corr=-366.04W  u_ff=94.6W  PCAP→78W  power=78.8W
[PID] perf=27.472Hz  target=9.909Hz  err=-17.564Hz  corr=-365.71W  u_ff=94.6W  PCAP→78W  power=77.8W
[PID] perf=27.491Hz  target=9.909Hz  err=-17.582Hz  corr=-366.06W  u_ff=94.6W  PCAP→78W  power=nanW
[PID] perf=27.483Hz  target=9.909Hz  err=-17.575Hz  corr=-365.92W  u_ff=94.6W  PCAP→78W  power=78.9W
[PID] perf=27.515Hz  target=9.909Hz  err=-17.607Hz  corr=-366.51W  u_ff=94.6W  PCAP→78W  power=nanW
[PID] perf=27.519Hz  target=9.909Hz  err=-17.610Hz  corr=-366.58W  u_ff=94.6W  PCAP→78W  power=77.9W
[PID] perf=27.518Hz  target=9.909Hz  err=-17.609Hz  corr=-366.56W  u_ff=94.6W  PCAP→78W  power=77.3W
[PID] perf=27.486Hz  target=9.909Hz  err=-17.577Hz  corr=-365.96W  u_ff=94.6W  PCAP→78W  power=76.7W
[PID] perf=27.525Hz  target=9.909Hz  err=-17.617Hz  corr=-366.69W  u_ff=94.6W  PCAP→78W  power=nanW
[PID] perf=27.556Hz  target=9.909Hz  err=-17.648Hz  corr=-367.27W  u_ff=94.6W  PCAP→78W  power=77.4W
[PID] perf=27.552Hz  target=9.909Hz  err=-17.644Hz  corr=-367.20W  u_ff=94.6W  PCAP→78W  power=78.4W
[PID] perf=27.534Hz  target=9.909Hz  err=-17.625Hz  corr=-366.86W  u_ff=94.6W  PCAP→78W  power=79.1W
[PID] perf=27.525Hz  target=9.909Hz  err=-17.616Hz  corr=-366.68W  u_ff=94.6W  PCAP→78W  power=79.5W
[PID] perf=27.555Hz  target=9.909Hz  err=-17.646Hz  corr=-367.24W  u_ff=94.6W  PCAP→78W  power=77.2W
[PID] perf=27.548Hz  target=9.909Hz  err=-17.639Hz  corr=-367.11W  u_ff=94.6W  PCAP→78W  power=78.3W
[PID] perf=27.537Hz  target=9.909Hz  err=-17.628Hz  corr=-366.91W  u_ff=94.6W  PCAP→78W  power=77.0W
[PID] perf=27.541Hz  target=9.909Hz  err=-17.633Hz  corr=-367.00W  u_ff=94.6W  PCAP→78W  power=78.2W
[PID] perf=27.529Hz  target=9.909Hz  err=-17.621Hz  corr=-366.77W  u_ff=94.6W  PCAP→78W  power=77.8W
[PID] perf=27.516Hz  target=9.909Hz  err=-17.607Hz  corr=-366.52W  u_ff=94.6W  PCAP→78W  power=79.2W
[PID] perf=27.548Hz  target=9.909Hz  err=-17.640Hz  corr=-367.12W  u_ff=94.6W  PCAP→78W  power=77.7W
[PID] perf=27.504Hz  target=9.909Hz  err=-17.595Hz  corr=-366.29W  u_ff=94.6W  PCAP→78W  power=76.9W
[PID] perf=27.516Hz  target=9.909Hz  err=-17.608Hz  corr=-366.53W  u_ff=94.6W  PCAP→78W  power=77.1W
[PID] perf=27.533Hz  target=9.909Hz  err=-17.624Hz  corr=-366.83W  u_ff=94.6W  PCAP→78W  power=77.3W
[PID] perf=27.538Hz  target=9.909Hz  err=-17.630Hz  corr=-366.94W  u_ff=94.6W  PCAP→78W  power=76.2W
[PID] perf=27.512Hz  target=9.909Hz  err=-17.604Hz  corr=-366.46W  u_ff=94.6W  PCAP→78W  power=77.4W
[PID] perf=27.497Hz  target=9.909Hz  err=-17.589Hz  corr=-366.17W  u_ff=94.6W  PCAP→78W  power=76.7W
[PID] perf=27.506Hz  target=9.909Hz  err=-17.598Hz  corr=-366.34W  u_ff=94.6W  PCAP→78W  power=76.8W
[PID] perf=27.523Hz  target=9.909Hz  err=-17.615Hz  corr=-366.66W  u_ff=94.6W  PCAP→78W  power=77.1W
[PID] perf=27.529Hz  target=9.909Hz  err=-17.620Hz  corr=-366.76W  u_ff=94.6W  PCAP→78W  power=77.4W
[PID] perf=27.519Hz  target=9.909Hz  err=-17.611Hz  corr=-366.59W  u_ff=94.6W  PCAP→78W  power=77.6W
[PID] perf=27.505Hz  target=9.909Hz  err=-17.597Hz  corr=-366.33W  u_ff=94.6W  PCAP→78W  power=76.3W
[PID] perf=27.493Hz  target=9.909Hz  err=-17.584Hz  corr=-366.09W  u_ff=94.6W  PCAP→78W  power=78.7W
[PID] perf=27.501Hz  target=9.909Hz  err=-17.592Hz  corr=-366.25W  u_ff=94.6W  PCAP→78W  power=77.9W
[PID] perf=27.474Hz  target=9.909Hz  err=-17.566Hz  corr=-365.75W  u_ff=94.6W  PCAP→78W  power=78.8W
[PID] perf=27.508Hz  target=9.909Hz  err=-17.599Hz  corr=-366.37W  u_ff=94.6W  PCAP→78W  power=79.0W
[PID] perf=27.511Hz  target=9.909Hz  err=-17.602Hz  corr=-366.43W  u_ff=94.6W  PCAP→78W  power=77.3W
[PID] perf=27.503Hz  target=9.909Hz  err=-17.595Hz  corr=-366.29W  u_ff=94.6W  PCAP→78W  power=nanW
[PID] perf=27.518Hz  target=9.909Hz  err=-17.610Hz  corr=-366.56W  u_ff=94.6W  PCAP→78W  power=76.3W
[PID] perf=27.498Hz  target=9.909Hz  err=-17.589Hz  corr=-366.19W  u_ff=94.6W  PCAP→78W  power=77.1W
[PID] perf=27.525Hz  target=9.909Hz  err=-17.616Hz  corr=-366.69W  u_ff=94.6W  PCAP→78W  power=77.1W
[PID] perf=27.511Hz  target=9.909Hz  err=-17.602Hz  corr=-366.43W  u_ff=94.6W  PCAP→78W  power=79.2W
[PID] perf=27.517Hz  target=9.909Hz  err=-17.608Hz  corr=-366.54W  u_ff=94.6W  PCAP→78W  power=78.7W
[PID] perf=27.537Hz  target=9.909Hz  err=-17.629Hz  corr=-366.92W  u_ff=94.6W  PCAP→78W  power=78.1W
[PID] perf=27.520Hz  target=9.909Hz  err=-17.612Hz  corr=-366.61W  u_ff=94.6W  PCAP→78W  power=77.7W
[PID] perf=27.481Hz  target=9.909Hz  err=-17.572Hz  corr=-365.88W  u_ff=94.6W  PCAP→78W  power=77.5W
[PID] perf=27.513Hz  target=9.909Hz  err=-17.604Hz  corr=-366.47W  u_ff=94.6W  PCAP→78W  power=78.8W
[PID] perf=27.510Hz  target=9.909Hz  err=-17.602Hz  corr=-366.42W  u_ff=94.6W  PCAP→78W  power=78.4W
[PID] perf=27.462Hz  target=9.909Hz  err=-17.554Hz  corr=-365.53W  u_ff=94.6W  PCAP→78W  power=78.7W
[PID] perf=27.505Hz  target=9.909Hz  err=-17.596Hz  corr=-366.31W  u_ff=94.6W  PCAP→78W  power=76.5W
[PID] perf=27.508Hz  target=9.909Hz  err=-17.599Hz  corr=-366.37W  u_ff=94.6W  PCAP→78W  power=76.5W
[PID] perf=27.531Hz  target=9.909Hz  err=-17.622Hz  corr=-366.80W  u_ff=94.6W  PCAP→78W  power=77.1W
[PID] perf=27.530Hz  target=9.909Hz  err=-17.621Hz  corr=-366.78W  u_ff=94.6W  PCAP→78W  power=76.4W
[PID] perf=27.495Hz  target=9.909Hz  err=-17.587Hz  corr=-366.14W  u_ff=94.6W  PCAP→78W  power=76.1W
[PID] perf=27.475Hz  target=9.909Hz  err=-17.567Hz  corr=-365.77W  u_ff=94.6W  PCAP→78W  power=77.4W
[PID] perf=27.480Hz  target=9.909Hz  err=-17.571Hz  corr=-365.85W  u_ff=94.6W  PCAP→78W  power=77.3W
[PID] perf=27.519Hz  target=9.909Hz  err=-17.610Hz  corr=-366.58W  u_ff=94.6W  PCAP→78W  power=76.1W
[PID] perf=27.520Hz  target=9.909Hz  err=-17.611Hz  corr=-366.59W  u_ff=94.6W  PCAP→78W  power=77.5W
[PID] perf=27.509Hz  target=9.909Hz  err=-17.601Hz  corr=-366.40W  u_ff=94.6W  PCAP→78W  power=nanW
[PID] perf=27.506Hz  target=9.909Hz  err=-17.597Hz  corr=-366.34W  u_ff=94.6W  PCAP→78W  power=78.3W
[PID] perf=27.481Hz  target=9.909Hz  err=-17.572Hz  corr=-365.87W  u_ff=94.6W  PCAP→78W  power=78.5W
[PID] perf=27.500Hz  target=9.909Hz  err=-17.591Hz  corr=-366.22W  u_ff=94.6W  PCAP→78W  power=78.5W
[PID] perf=27.519Hz  target=9.909Hz  err=-17.611Hz  corr=-366.59W  u_ff=94.6W  PCAP→78W  power=77.6W
[PID] perf=27.527Hz  target=9.909Hz  err=-17.618Hz  corr=-366.73W  u_ff=94.6W  PCAP→78W  power=77.8W
[PID] perf=27.505Hz  target=9.909Hz  err=-17.597Hz  corr=-366.33W  u_ff=94.6W  PCAP→78W  power=78.0W
[PID] perf=27.537Hz  target=9.909Hz  err=-17.629Hz  corr=-366.92W  u_ff=94.6W  PCAP→78W  power=79.0W
[PID] perf=27.509Hz  target=9.909Hz  err=-17.600Hz  corr=-366.39W  u_ff=94.6W  PCAP→78W  power=79.1W
[PID] perf=27.507Hz  target=9.909Hz  err=-17.598Hz  corr=-366.36W  u_ff=94.6W  PCAP→78W  power=78.2W
[PID] perf=27.511Hz  target=9.909Hz  err=-17.603Hz  corr=-366.43W  u_ff=94.6W  PCAP→78W  power=nanW
[PID] perf=27.464Hz  target=9.909Hz  err=-17.556Hz  corr=-365.57W  u_ff=94.6W  PCAP→78W  power=77.7W
[PID] perf=27.486Hz  target=9.909Hz  err=-17.578Hz  corr=-365.97W  u_ff=94.6W  PCAP→78W  power=77.5W
[PID] perf=27.507Hz  target=9.909Hz  err=-17.598Hz  corr=-366.35W  u_ff=94.6W  PCAP→78W  power=76.5W
[PID] perf=27.527Hz  target=9.909Hz  err=-17.618Hz  corr=-366.73W  u_ff=94.6W  PCAP→78W  power=77.5W
[PID] perf=27.505Hz  target=9.909Hz  err=-17.597Hz  corr=-366.32W  u_ff=94.6W  PCAP→78W  power=77.0W
[PID] perf=27.492Hz  target=9.909Hz  err=-17.584Hz  corr=-366.09W  u_ff=94.6W  PCAP→78W  power=76.9W
[PID] perf=27.517Hz  target=9.909Hz  err=-17.608Hz  corr=-366.54W  u_ff=94.6W  PCAP→78W  power=77.3W
[PID] perf=27.499Hz  target=9.909Hz  err=-17.590Hz  corr=-366.20W  u_ff=94.6W  PCAP→78W  power=nanW
[PID] perf=27.482Hz  target=9.909Hz  err=-17.573Hz  corr=-365.89W  u_ff=94.6W  PCAP→78W  power=76.4W
[PID] perf=27.465Hz  target=9.909Hz  err=-17.557Hz  corr=-365.58W  u_ff=94.6W  PCAP→78W  power=78.8W
[PID] perf=27.498Hz  target=9.909Hz  err=-17.589Hz  corr=-366.18W  u_ff=94.6W  PCAP→78W  power=78.6W
[PID] perf=27.481Hz  target=9.909Hz  err=-17.573Hz  corr=-365.88W  u_ff=94.6W  PCAP→78W  power=77.2W
[PID] perf=27.470Hz  target=9.909Hz  err=-17.562Hz  corr=-365.67W  u_ff=94.6W  PCAP→78W  power=78.4W
[PID] perf=27.437Hz  target=9.909Hz  err=-17.528Hz  corr=-365.05W  u_ff=94.6W  PCAP→78W  power=78.2W
[PID] perf=27.490Hz  target=9.909Hz  err=-17.581Hz  corr=-366.04W  u_ff=94.6W  PCAP→78W  power=79.0W
[PID] perf=27.470Hz  target=9.909Hz  err=-17.561Hz  corr=-365.66W  u_ff=94.6W  PCAP→78W  power=78.7W
[PID] perf=27.452Hz  target=9.909Hz  err=-17.543Hz  corr=-365.33W  u_ff=94.6W  PCAP→78W  power=76.4W
[PID] perf=27.468Hz  target=9.909Hz  err=-17.559Hz  corr=-365.63W  u_ff=94.6W  PCAP→78W  power=77.3W
[PID] perf=27.462Hz  target=9.909Hz  err=-17.554Hz  corr=-365.53W  u_ff=94.6W  PCAP→78W  power=76.5W
[PID] perf=27.447Hz  target=9.909Hz  err=-17.538Hz  corr=-365.24W  u_ff=94.6W  PCAP→78W  power=77.8W
[PID] perf=27.476Hz  target=9.909Hz  err=-17.567Hz  corr=-365.78W  u_ff=94.6W  PCAP→78W  power=76.9W
[PID] perf=27.470Hz  target=9.909Hz  err=-17.561Hz  corr=-365.67W  u_ff=94.6W  PCAP→78W  power=79.0W
[PID] perf=27.469Hz  target=9.909Hz  err=-17.560Hz  corr=-365.65W  u_ff=94.6W  PCAP→78W  power=76.7W
[PID] perf=27.458Hz  target=9.909Hz  err=-17.549Hz  corr=-365.45W  u_ff=94.6W  PCAP→78W  power=77.0W
[PID] perf=27.453Hz  target=9.909Hz  err=-17.544Hz  corr=-365.35W  u_ff=94.6W  PCAP→78W  power=79.1W
[PID] perf=27.447Hz  target=9.909Hz  err=-17.539Hz  corr=-365.25W  u_ff=94.6W  PCAP→78W  power=77.1W
[PID] perf=27.471Hz  target=9.909Hz  err=-17.563Hz  corr=-365.69W  u_ff=94.6W  PCAP→78W  power=78.5W
[PID] perf=27.484Hz  target=9.909Hz  err=-17.575Hz  corr=-365.93W  u_ff=94.6W  PCAP→78W  power=nanW
[PID] perf=27.547Hz  target=9.909Hz  err=-17.639Hz  corr=-367.11W  u_ff=94.6W  PCAP→78W  power=79.0W
[PID] perf=27.526Hz  target=9.909Hz  err=-17.618Hz  corr=-366.72W  u_ff=94.6W  PCAP→78W  power=77.8W
[PID] perf=27.496Hz  target=9.909Hz  err=-17.588Hz  corr=-366.16W  u_ff=94.6W  PCAP→78W  power=77.7W
[PID] perf=27.526Hz  target=9.909Hz  err=-17.617Hz  corr=-366.70W  u_ff=94.6W  PCAP→78W  power=78.5W
[PID] perf=27.545Hz  target=9.909Hz  err=-17.636Hz  corr=-367.06W  u_ff=94.6W  PCAP→78W  power=77.8W
[PID] perf=27.517Hz  target=9.909Hz  err=-17.609Hz  corr=-366.54W  u_ff=94.6W  PCAP→78W  power=78.5W
[PID] perf=27.523Hz  target=9.909Hz  err=-17.615Hz  corr=-366.66W  u_ff=94.6W  PCAP→78W  power=78.6W
[PID] perf=27.515Hz  target=9.909Hz  err=-17.607Hz  corr=-366.51W  u_ff=94.6W  PCAP→78W  power=79.0W
[PID] perf=27.520Hz  target=9.909Hz  err=-17.611Hz  corr=-366.59W  u_ff=94.6W  PCAP→78W  power=78.4W
[PID] perf=27.528Hz  target=9.909Hz  err=-17.620Hz  corr=-366.75W  u_ff=94.6W  PCAP→78W  power=77.8W
[PID] perf=27.541Hz  target=9.909Hz  err=-17.633Hz  corr=-366.99W  u_ff=94.6W  PCAP→78W  power=76.4W
[PID] perf=27.580Hz  target=9.909Hz  err=-17.671Hz  corr=-367.70W  u_ff=94.6W  PCAP→78W  power=76.4W
[PID] perf=27.569Hz  target=9.909Hz  err=-17.660Hz  corr=-367.50W  u_ff=94.6W  PCAP→78W  power=76.6W
[PID] perf=27.553Hz  target=9.909Hz  err=-17.644Hz  corr=-367.21W  u_ff=94.6W  PCAP→78W  power=77.2W
[PID] perf=27.550Hz  target=9.909Hz  err=-17.641Hz  corr=-367.15W  u_ff=94.6W  PCAP→78W  power=78.7W
[PID] perf=27.589Hz  target=9.909Hz  err=-17.680Hz  corr=-367.87W  u_ff=94.6W  PCAP→78W  power=78.2W
[PID] perf=27.568Hz  target=9.909Hz  err=-17.659Hz  corr=-367.48W  u_ff=94.6W  PCAP→78W  power=78.3W
[PID] perf=27.577Hz  target=9.909Hz  err=-17.668Hz  corr=-367.66W  u_ff=94.6W  PCAP→78W  power=78.2W
[PID] perf=27.556Hz  target=9.909Hz  err=-17.648Hz  corr=-367.27W  u_ff=94.6W  PCAP→78W  power=78.8W
[PID] perf=27.577Hz  target=9.909Hz  err=-17.668Hz  corr=-367.65W  u_ff=94.6W  PCAP→78W  power=77.0W
[PID] perf=27.564Hz  target=9.909Hz  err=-17.656Hz  corr=-367.42W  u_ff=94.6W  PCAP→78W  power=77.1W
[PID] perf=27.558Hz  target=9.909Hz  err=-17.650Hz  corr=-367.31W  u_ff=94.6W  PCAP→78W  power=76.3W
[PID] perf=27.583Hz  target=9.909Hz  err=-17.674Hz  corr=-367.76W  u_ff=94.6W  PCAP→78W  power=78.7W
[PID] perf=27.602Hz  target=9.909Hz  err=-17.693Hz  corr=-368.12W  u_ff=94.6W  PCAP→78W  power=77.0W
[PID] perf=27.571Hz  target=9.909Hz  err=-17.662Hz  corr=-367.54W  u_ff=94.6W  PCAP→78W  power=77.6W
[PID] perf=27.604Hz  target=9.909Hz  err=-17.696Hz  corr=-368.16W  u_ff=94.6W  PCAP→78W  power=nanW
[PID] perf=27.605Hz  target=9.909Hz  err=-17.696Hz  corr=-368.17W  u_ff=94.6W  PCAP→78W  power=77.2W
[PID] perf=27.573Hz  target=9.909Hz  err=-17.664Hz  corr=-367.58W  u_ff=94.6W  PCAP→78W  power=78.8W
[PID] perf=27.584Hz  target=9.909Hz  err=-17.676Hz  corr=-367.79W  u_ff=94.6W  PCAP→78W  power=78.5W
[PID] perf=27.590Hz  target=9.909Hz  err=-17.682Hz  corr=-367.90W  u_ff=94.6W  PCAP→78W  power=nanW
[PID] perf=27.587Hz  target=9.909Hz  err=-17.679Hz  corr=-367.85W  u_ff=94.6W  PCAP→78W  power=78.1W
[PID] perf=27.548Hz  target=9.909Hz  err=-17.640Hz  corr=-367.12W  u_ff=94.6W  PCAP→78W  power=nanW
[PID] perf=27.559Hz  target=9.909Hz  err=-17.650Hz  corr=-367.31W  u_ff=94.6W  PCAP→78W  power=77.3W
[PID] perf=27.554Hz  target=9.909Hz  err=-17.645Hz  corr=-367.22W  u_ff=94.6W  PCAP→78W  power=77.8W
[PID] perf=27.577Hz  target=9.909Hz  err=-17.669Hz  corr=-367.66W  u_ff=94.6W  PCAP→78W  power=77.0W
[PID] perf=27.552Hz  target=9.909Hz  err=-17.644Hz  corr=-367.20W  u_ff=94.6W  PCAP→78W  power=76.3W
[PID] perf=27.603Hz  target=9.909Hz  err=-17.695Hz  corr=-368.14W  u_ff=94.6W  PCAP→78W  power=nanW
[PID] perf=27.576Hz  target=9.909Hz  err=-17.668Hz  corr=-367.64W  u_ff=94.6W  PCAP→78W  power=77.7W
[PID] perf=27.559Hz  target=9.909Hz  err=-17.650Hz  corr=-367.31W  u_ff=94.6W  PCAP→78W  power=78.6W
[PID] perf=27.604Hz  target=9.909Hz  err=-17.696Hz  corr=-368.16W  u_ff=94.6W  PCAP→78W  power=78.0W
[PID] perf=27.633Hz  target=9.909Hz  err=-17.724Hz  corr=-368.69W  u_ff=94.6W  PCAP→78W  power=79.0W
[PID] perf=27.595Hz  target=9.909Hz  err=-17.687Hz  corr=-367.99W  u_ff=94.6W  PCAP→78W  power=78.3W
[PID] perf=27.559Hz  target=9.909Hz  err=-17.651Hz  corr=-367.33W  u_ff=94.6W  PCAP→78W  power=78.0W
[PID] perf=27.586Hz  target=9.909Hz  err=-17.677Hz  corr=-367.82W  u_ff=94.6W  PCAP→78W  power=76.3W
[PID] perf=27.561Hz  target=9.909Hz  err=-17.652Hz  corr=-367.35W  u_ff=94.6W  PCAP→78W  power=76.8W
[PID] perf=27.597Hz  target=9.909Hz  err=-17.688Hz  corr=-368.02W  u_ff=94.6W  PCAP→78W  power=76.6W
[PID] perf=27.563Hz  target=9.909Hz  err=-17.654Hz  corr=-367.40W  u_ff=94.6W  PCAP→78W  power=nanW
[PID] perf=27.584Hz  target=9.909Hz  err=-17.675Hz  corr=-367.78W  u_ff=94.6W  PCAP→78W  power=76.6W
[PID] perf=29.060Hz  target=9.909Hz  err=-19.151Hz  corr=-395.15W  u_ff=94.6W  PCAP→78W  power=nanW
[PID] perf=29.058Hz  target=9.909Hz  err=-19.149Hz  corr=-395.12W  u_ff=94.6W  PCAP→78W  power=77.7W
[PID] perf=29.082Hz  target=9.909Hz  err=-19.173Hz  corr=-395.56W  u_ff=94.6W  PCAP→78W  power=nanW
[PID] perf=29.012Hz  target=9.909Hz  err=-19.104Hz  corr=-394.27W  u_ff=94.6W  PCAP→78W  power=nanW
[PID] perf=29.116Hz  target=9.909Hz  err=-19.207Hz  corr=-396.19W  u_ff=94.6W  PCAP→78W  power=79.3W
[PID] perf=29.025Hz  target=9.909Hz  err=-19.116Hz  corr=-394.50W  u_ff=94.6W  PCAP→78W  power=nanW
[PID] perf=29.108Hz  target=9.909Hz  err=-19.200Hz  corr=-396.05W  u_ff=94.6W  PCAP→78W  power=78.6W
[PID] perf=29.068Hz  target=9.909Hz  err=-19.159Hz  corr=-395.30W  u_ff=94.6W  PCAP→78W  power=nanW
[PID] perf=29.089Hz  target=9.909Hz  err=-19.180Hz  corr=-395.70W  u_ff=94.6W  PCAP→78W  power=78.1W
[PID] perf=29.043Hz  target=9.909Hz  err=-19.134Hz  corr=-394.84W  u_ff=94.6W  PCAP→78W  power=78.0W
[PID] perf=29.084Hz  target=9.909Hz  err=-19.176Hz  corr=-395.61W  u_ff=94.6W  PCAP→78W  power=78.3W
[PID] perf=29.057Hz  target=9.909Hz  err=-19.149Hz  corr=-395.11W  u_ff=94.6W  PCAP→78W  power=77.0W
[PID] perf=29.042Hz  target=9.909Hz  err=-19.133Hz  corr=-394.82W  u_ff=94.6W  PCAP→78W  power=78.3W
[PID] perf=29.102Hz  target=9.909Hz  err=-19.193Hz  corr=-395.93W  u_ff=94.6W  PCAP→78W  power=nanW
[PID] perf=29.103Hz  target=9.909Hz  err=-19.194Hz  corr=-395.95W  u_ff=94.6W  PCAP→78W  power=76.3W
[PID] perf=29.092Hz  target=9.909Hz  err=-19.184Hz  corr=-395.76W  u_ff=94.6W  PCAP→78W  power=77.0W
[PID] perf=29.088Hz  target=9.909Hz  err=-19.180Hz  corr=-395.68W  u_ff=94.6W  PCAP→78W  power=nanW
[PID] perf=29.083Hz  target=9.909Hz  err=-19.174Hz  corr=-395.58W  u_ff=94.6W  PCAP→78W  power=78.6W
[PID] perf=29.114Hz  target=9.909Hz  err=-19.205Hz  corr=-396.16W  u_ff=94.6W  PCAP→78W  power=nanW
[PID] perf=29.087Hz  target=9.909Hz  err=-19.179Hz  corr=-395.66W  u_ff=94.6W  PCAP→78W  power=nanW
[PID] perf=29.113Hz  target=9.909Hz  err=-19.204Hz  corr=-396.14W  u_ff=94.6W  PCAP→78W  power=79.2W
[PID] perf=29.087Hz  target=9.909Hz  err=-19.178Hz  corr=-395.66W  u_ff=94.6W  PCAP→78W  power=79.1W
[PID] perf=29.078Hz  target=9.909Hz  err=-19.170Hz  corr=-395.50W  u_ff=94.6W  PCAP→78W  power=78.1W
[PID] perf=29.089Hz  target=9.909Hz  err=-19.180Hz  corr=-395.69W  u_ff=94.6W  PCAP→78W  power=nanW
[PID] perf=29.082Hz  target=9.909Hz  err=-19.173Hz  corr=-395.56W  u_ff=94.6W  PCAP→78W  power=78.7W
[PID] perf=29.049Hz  target=9.909Hz  err=-19.141Hz  corr=-394.96W  u_ff=94.6W  PCAP→78W  power=nanW
[PID] perf=29.080Hz  target=9.909Hz  err=-19.172Hz  corr=-395.54W  u_ff=94.6W  PCAP→78W  power=nanW
[PID] perf=29.079Hz  target=9.909Hz  err=-19.171Hz  corr=-395.51W  u_ff=94.6W  PCAP→78W  power=78.0W
[PID] perf=29.085Hz  target=9.909Hz  err=-19.177Hz  corr=-395.63W  u_ff=94.6W  PCAP→78W  power=78.3W
[PID] perf=29.082Hz  target=9.909Hz  err=-19.173Hz  corr=-395.56W  u_ff=94.6W  PCAP→78W  power=78.5W
[PID] perf=29.078Hz  target=9.909Hz  err=-19.170Hz  corr=-395.50W  u_ff=94.6W  PCAP→78W  power=77.8W
[PID] perf=29.057Hz  target=9.909Hz  err=-19.149Hz  corr=-395.10W  u_ff=94.6W  PCAP→78W  power=79.2W
[PID] perf=29.077Hz  target=9.909Hz  err=-19.169Hz  corr=-395.47W  u_ff=94.6W  PCAP→78W  power=nanW
[PID] perf=29.106Hz  target=9.909Hz  err=-19.198Hz  corr=-396.01W  u_ff=94.6W  PCAP→78W  power=nanW
[PID] perf=29.089Hz  target=9.909Hz  err=-19.181Hz  corr=-395.70W  u_ff=94.6W  PCAP→78W  power=nanW
[PID] perf=29.085Hz  target=9.909Hz  err=-19.177Hz  corr=-395.63W  u_ff=94.6W  PCAP→78W  power=nanW
[PID] perf=29.074Hz  target=9.909Hz  err=-19.166Hz  corr=-395.42W  u_ff=94.6W  PCAP→78W  power=77.8W
[PID] perf=29.102Hz  target=9.909Hz  err=-19.193Hz  corr=-395.93W  u_ff=94.6W  PCAP→78W  power=77.5W
[PID] perf=29.104Hz  target=9.909Hz  err=-19.196Hz  corr=-395.98W  u_ff=94.6W  PCAP→78W  power=76.2W
[PID] perf=29.083Hz  target=9.909Hz  err=-19.175Hz  corr=-395.59W  u_ff=94.6W  PCAP→78W  power=nanW
[PID] perf=29.091Hz  target=9.909Hz  err=-19.183Hz  corr=-395.74W  u_ff=94.6W  PCAP→78W  power=77.5W
[PID] perf=29.089Hz  target=9.909Hz  err=-19.180Hz  corr=-395.69W  u_ff=94.6W  PCAP→78W  power=78.0W
[PID] perf=29.043Hz  target=9.909Hz  err=-19.134Hz  corr=-394.83W  u_ff=94.6W  PCAP→78W  power=nanW
[PID] perf=29.092Hz  target=9.909Hz  err=-19.184Hz  corr=-395.75W  u_ff=94.6W  PCAP→78W  power=78.5W
[PID] perf=29.101Hz  target=9.909Hz  err=-19.192Hz  corr=-395.92W  u_ff=94.6W  PCAP→78W  power=77.4W
[PID] perf=29.096Hz  target=9.909Hz  err=-19.187Hz  corr=-395.82W  u_ff=94.6W  PCAP→78W  power=77.1W
[PID] perf=29.114Hz  target=9.909Hz  err=-19.205Hz  corr=-396.15W  u_ff=94.6W  PCAP→78W  power=nanW
[PID] perf=29.089Hz  target=9.909Hz  err=-19.180Hz  corr=-395.69W  u_ff=94.6W  PCAP→78W  power=79.1W
[PID] perf=29.072Hz  target=9.909Hz  err=-19.163Hz  corr=-395.37W  u_ff=94.6W  PCAP→78W  power=nanW
[PID] perf=29.117Hz  target=9.909Hz  err=-19.208Hz  corr=-396.21W  u_ff=94.6W  PCAP→78W  power=78.8W
[PID] perf=29.081Hz  target=9.909Hz  err=-19.173Hz  corr=-395.55W  u_ff=94.6W  PCAP→78W  power=77.2W
[PID] perf=29.092Hz  target=9.909Hz  err=-19.183Hz  corr=-395.75W  u_ff=94.6W  PCAP→78W  power=nanW
[PID] perf=29.101Hz  target=9.909Hz  err=-19.192Hz  corr=-395.91W  u_ff=94.6W  PCAP→78W  power=78.4W
[PID] perf=29.072Hz  target=9.909Hz  err=-19.164Hz  corr=-395.39W  u_ff=94.6W  PCAP→78W  power=nanW
[PID] perf=29.096Hz  target=9.909Hz  err=-19.188Hz  corr=-395.83W  u_ff=94.6W  PCAP→78W  power=nanW
[PID] perf=29.093Hz  target=9.909Hz  err=-19.185Hz  corr=-395.77W  u_ff=94.6W  PCAP→78W  power=79.2W
[PID] perf=29.112Hz  target=9.909Hz  err=-19.204Hz  corr=-396.13W  u_ff=94.6W  PCAP→78W  power=nanW
[PID] perf=29.106Hz  target=9.909Hz  err=-19.197Hz  corr=-396.01W  u_ff=94.6W  PCAP→78W  power=76.4W
[PID] perf=29.095Hz  target=9.909Hz  err=-19.187Hz  corr=-395.81W  u_ff=94.6W  PCAP→78W  power=78.4W
[PID] perf=29.108Hz  target=9.909Hz  err=-19.200Hz  corr=-396.05W  u_ff=94.6W  PCAP→78W  power=77.7W
[PID] perf=29.094Hz  target=9.909Hz  err=-19.186Hz  corr=-395.79W  u_ff=94.6W  PCAP→78W  power=78.7W
[PID] perf=29.122Hz  target=9.909Hz  err=-19.213Hz  corr=-396.31W  u_ff=94.6W  PCAP→78W  power=77.6W
[PID] perf=29.110Hz  target=9.909Hz  err=-19.201Hz  corr=-396.08W  u_ff=94.6W  PCAP→78W  power=78.1W
[PID] perf=29.112Hz  target=9.909Hz  err=-19.204Hz  corr=-396.13W  u_ff=94.6W  PCAP→78W  power=nanW
[PID] perf=29.092Hz  target=9.909Hz  err=-19.184Hz  corr=-395.76W  u_ff=94.6W  PCAP→78W  power=77.6W
[PID] perf=29.113Hz  target=9.909Hz  err=-19.205Hz  corr=-396.14W  u_ff=94.6W  PCAP→78W  power=nanW
[PID] perf=29.096Hz  target=9.909Hz  err=-19.187Hz  corr=-395.82W  u_ff=94.6W  PCAP→78W  power=nanW
[PID] perf=29.100Hz  target=9.909Hz  err=-19.191Hz  corr=-395.90W  u_ff=94.6W  PCAP→78W  power=nanW
[PID] perf=29.116Hz  target=9.909Hz  err=-19.208Hz  corr=-396.20W  u_ff=94.6W  PCAP→78W  power=78.3W
[PID] perf=29.107Hz  target=9.909Hz  err=-19.198Hz  corr=-396.02W  u_ff=94.6W  PCAP→78W  power=77.7W
[PID] perf=29.123Hz  target=9.909Hz  err=-19.215Hz  corr=-396.33W  u_ff=94.6W  PCAP→78W  power=nanW
[PID] perf=29.100Hz  target=9.909Hz  err=-19.192Hz  corr=-395.90W  u_ff=94.6W  PCAP→78W  power=79.4W
[PID] perf=29.111Hz  target=9.909Hz  err=-19.202Hz  corr=-396.10W  u_ff=94.6W  PCAP→78W  power=78.5W
[PID] perf=29.101Hz  target=9.909Hz  err=-19.192Hz  corr=-395.92W  u_ff=94.6W  PCAP→78W  power=nanW
[PID] perf=29.088Hz  target=9.909Hz  err=-19.180Hz  corr=-395.68W  u_ff=94.6W  PCAP→78W  power=76.5W
[PID] perf=29.098Hz  target=9.909Hz  err=-19.190Hz  corr=-395.87W  u_ff=94.6W  PCAP→78W  power=78.6W
[PID] perf=29.101Hz  target=9.909Hz  err=-19.193Hz  corr=-395.93W  u_ff=94.6W  PCAP→78W  power=nanW
[PID] perf=29.078Hz  target=9.909Hz  err=-19.169Hz  corr=-395.49W  u_ff=94.6W  PCAP→78W  power=77.2W
[PID] perf=29.099Hz  target=9.909Hz  err=-19.190Hz  corr=-395.88W  u_ff=94.6W  PCAP→78W  power=nanW
[PID] perf=29.091Hz  target=9.909Hz  err=-19.183Hz  corr=-395.74W  u_ff=94.6W  PCAP→78W  power=78.1W
[PID] perf=29.097Hz  target=9.909Hz  err=-19.188Hz  corr=-395.84W  u_ff=94.6W  PCAP→78W  power=78.9W
[PID] perf=29.104Hz  target=9.909Hz  err=-19.196Hz  corr=-395.98W  u_ff=94.6W  PCAP→78W  power=nanW
[PID] perf=29.095Hz  target=9.909Hz  err=-19.186Hz  corr=-395.80W  u_ff=94.6W  PCAP→78W  power=nanW
[PID] perf=29.153Hz  target=9.909Hz  err=-19.244Hz  corr=-396.88W  u_ff=94.6W  PCAP→78W  power=76.9W
[PID] perf=29.142Hz  target=9.909Hz  err=-19.233Hz  corr=-396.67W  u_ff=94.6W  PCAP→78W  power=77.2W
[PID] perf=29.115Hz  target=9.909Hz  err=-19.207Hz  corr=-396.18W  u_ff=94.6W  PCAP→78W  power=77.0W
[PID] perf=29.119Hz  target=9.909Hz  err=-19.210Hz  corr=-396.25W  u_ff=94.6W  PCAP→78W  power=77.3W
[PID] perf=29.112Hz  target=9.909Hz  err=-19.204Hz  corr=-396.13W  u_ff=94.6W  PCAP→78W  power=77.0W
[PID] perf=29.106Hz  target=9.909Hz  err=-19.197Hz  corr=-396.00W  u_ff=94.6W  PCAP→78W  power=77.4W
[PID] perf=29.117Hz  target=9.909Hz  err=-19.209Hz  corr=-396.22W  u_ff=94.6W  PCAP→78W  power=77.9W
[PID] perf=29.127Hz  target=9.909Hz  err=-19.218Hz  corr=-396.40W  u_ff=94.6W  PCAP→78W  power=nanW
[PID] perf=29.113Hz  target=9.909Hz  err=-19.204Hz  corr=-396.14W  u_ff=94.6W  PCAP→78W  power=nanW
[PID] perf=29.076Hz  target=9.909Hz  err=-19.168Hz  corr=-395.46W  u_ff=94.6W  PCAP→78W  power=78.0W
[PID] perf=29.075Hz  target=9.909Hz  err=-19.166Hz  corr=-395.44W  u_ff=94.6W  PCAP→78W  power=77.6W
[PID] perf=29.111Hz  target=9.909Hz  err=-19.202Hz  corr=-396.10W  u_ff=94.6W  PCAP→78W  power=nanW
[PID] perf=29.071Hz  target=9.909Hz  err=-19.162Hz  corr=-395.36W  u_ff=94.6W  PCAP→78W  power=nanW
[PID] perf=29.101Hz  target=9.909Hz  err=-19.192Hz  corr=-395.92W  u_ff=94.6W  PCAP→78W  power=nanW
[PID] perf=27.012Hz  target=9.909Hz  err=-17.103Hz  corr=-357.18W  u_ff=94.6W  PCAP→78W  power=nanW
[PID] perf=29.109Hz  target=9.909Hz  err=-19.200Hz  corr=-396.07W  u_ff=94.6W  PCAP→78W  power=77.4W
[PID] perf=29.109Hz  target=9.909Hz  err=-19.200Hz  corr=-396.06W  u_ff=94.6W  PCAP→78W  power=nanW
[PID] perf=29.086Hz  target=9.909Hz  err=-19.178Hz  corr=-395.64W  u_ff=94.6W  PCAP→78W  power=nanW
[PID] perf=29.043Hz  target=9.909Hz  err=-19.135Hz  corr=-394.85W  u_ff=94.6W  PCAP→78W  power=nanW
[PID] perf=29.119Hz  target=9.909Hz  err=-19.211Hz  corr=-396.26W  u_ff=94.6W  PCAP→78W  power=nanW
[PID] perf=29.107Hz  target=9.909Hz  err=-19.199Hz  corr=-396.04W  u_ff=94.6W  PCAP→78W  power=77.1W
[PID] perf=29.115Hz  target=9.909Hz  err=-19.207Hz  corr=-396.18W  u_ff=94.6W  PCAP→78W  power=nanW
[PID] perf=29.087Hz  target=9.909Hz  err=-19.178Hz  corr=-395.65W  u_ff=94.6W  PCAP→78W  power=nanW
[PID] perf=29.097Hz  target=9.909Hz  err=-19.189Hz  corr=-395.85W  u_ff=94.6W  PCAP→78W  power=nanW
[PID] perf=29.105Hz  target=9.909Hz  err=-19.196Hz  corr=-395.99W  u_ff=94.6W  PCAP→78W  power=nanW
[PID] perf=29.110Hz  target=9.909Hz  err=-19.202Hz  corr=-396.09W  u_ff=94.6W  PCAP→78W  power=78.7W
[PID] perf=29.128Hz  target=9.909Hz  err=-19.219Hz  corr=-396.41W  u_ff=94.6W  PCAP→78W  power=nanW
[PID] perf=29.112Hz  target=9.909Hz  err=-19.203Hz  corr=-396.12W  u_ff=94.6W  PCAP→78W  power=77.2W
[PID] perf=29.093Hz  target=9.909Hz  err=-19.184Hz  corr=-395.76W  u_ff=94.6W  PCAP→78W  power=nanW
[PID] perf=29.108Hz  target=9.909Hz  err=-19.199Hz  corr=-396.04W  u_ff=94.6W  PCAP→78W  power=76.3W
[PID] perf=29.119Hz  target=9.909Hz  err=-19.211Hz  corr=-396.25W  u_ff=94.6W  PCAP→78W  power=78.4W
[PID] perf=29.067Hz  target=9.909Hz  err=-19.158Hz  corr=-395.28W  u_ff=94.6W  PCAP→78W  power=nanW
[PID] perf=29.090Hz  target=9.909Hz  err=-19.181Hz  corr=-395.71W  u_ff=94.6W  PCAP→78W  power=nanW
[PID] perf=29.065Hz  target=9.909Hz  err=-19.157Hz  corr=-395.25W  u_ff=94.6W  PCAP→78W  power=nanW
[PID] perf=29.086Hz  target=9.909Hz  err=-19.178Hz  corr=-395.64W  u_ff=94.6W  PCAP→78W  power=78.9W
[PID] perf=29.095Hz  target=9.909Hz  err=-19.186Hz  corr=-395.80W  u_ff=94.6W  PCAP→78W  power=78.7W
[PID] perf=29.080Hz  target=9.909Hz  err=-19.171Hz  corr=-395.53W  u_ff=94.6W  PCAP→78W  power=nanW
[PID] perf=29.070Hz  target=9.909Hz  err=-19.161Hz  corr=-395.34W  u_ff=94.6W  PCAP→78W  power=77.1W
[PID] perf=29.112Hz  target=9.909Hz  err=-19.204Hz  corr=-396.12W  u_ff=94.6W  PCAP→78W  power=nanW
[PID] perf=29.096Hz  target=9.909Hz  err=-19.187Hz  corr=-395.82W  u_ff=94.6W  PCAP→78W  power=77.1W
[PID] perf=29.108Hz  target=9.909Hz  err=-19.199Hz  corr=-396.04W  u_ff=94.6W  PCAP→78W  power=nanW
[PID] perf=29.089Hz  target=9.909Hz  err=-19.181Hz  corr=-395.70W  u_ff=94.6W  PCAP→78W  power=nanW
[PID] perf=29.095Hz  target=9.909Hz  err=-19.187Hz  corr=-395.81W  u_ff=94.6W  PCAP→78W  power=nanW
[PID] perf=29.127Hz  target=9.909Hz  err=-19.219Hz  corr=-396.40W  u_ff=94.6W  PCAP→78W  power=nanW
[PID] perf=29.106Hz  target=9.909Hz  err=-19.197Hz  corr=-396.01W  u_ff=94.6W  PCAP→78W  power=nanW
[PID] perf=29.068Hz  target=9.909Hz  err=-19.159Hz  corr=-395.30W  u_ff=94.6W  PCAP→78W  power=77.1W
[PID] perf=29.162Hz  target=9.909Hz  err=-19.254Hz  corr=-397.05W  u_ff=94.6W  PCAP→78W  power=77.1W
[PID] perf=29.110Hz  target=9.909Hz  err=-19.201Hz  corr=-396.08W  u_ff=94.6W  PCAP→78W  power=nanW
[PID] perf=29.121Hz  target=9.909Hz  err=-19.212Hz  corr=-396.28W  u_ff=94.6W  PCAP→78W  power=nanW
[PID] perf=29.171Hz  target=9.909Hz  err=-19.263Hz  corr=-397.22W  u_ff=94.6W  PCAP→78W  power=nanW
[PID] perf=29.172Hz  target=9.909Hz  err=-19.263Hz  corr=-397.23W  u_ff=94.6W  PCAP→78W  power=nanW
[PID] perf=29.020Hz  target=9.909Hz  err=-19.112Hz  corr=-394.42W  u_ff=94.6W  PCAP→78W  power=77.6W
[PID] perf=29.158Hz  target=9.909Hz  err=-19.250Hz  corr=-396.98W  u_ff=94.6W  PCAP→78W  power=nanW
[PID] perf=29.187Hz  target=9.909Hz  err=-19.279Hz  corr=-397.52W  u_ff=94.6W  PCAP→78W  power=nanW
[PID] perf=29.182Hz  target=9.909Hz  err=-19.273Hz  corr=-397.42W  u_ff=94.6W  PCAP→78W  power=nanW
[PID] perf=29.128Hz  target=9.909Hz  err=-19.220Hz  corr=-396.42W  u_ff=94.6W  PCAP→78W  power=nanW
Process completed.
Compressed into /home/cc/summer2024/main_codes/pid_controller/../experiment_data/PID_Control_sweep/ones-npb-cg/compressed_iteration_20260513_063914.tar
----------------------------------

>>> Step 2/3

[ones-npb-cg]
  target perf      : 9.9086 Hz
  coefficients_perf: [-0.0006547837485238978, 0.18607436314256556, -1.8317688501798497]
  feedforward PCAP : 94.56 W  →  95 W (snapped)
  Perf(u_ff) check : 9.9086 Hz  (should ≈ target)
  PID gains        : Kp=18.5447 W/Hz  Ki=1.85447 W/(Hz·s)  Kd=0.0000
[PID] Awaiting data — feedforward PCAP=95W
[PID] Awaiting data — feedforward PCAP=95W
[PID] Awaiting data — feedforward PCAP=95W
[PID] Awaiting data — feedforward PCAP=95W
[PID] Awaiting data — feedforward PCAP=95W
[PID] Awaiting data — feedforward PCAP=95W
[PID] perf=19.765Hz  target=9.909Hz  err=-9.857Hz  corr=-219.35W  u_ff=94.6W  PCAP→78W  power=nanW
[PID] perf=18.075Hz  target=9.909Hz  err=-8.167Hz  corr=-191.45W  u_ff=94.6W  PCAP→78W  power=77.6W
[PID] perf=18.123Hz  target=9.909Hz  err=-8.214Hz  corr=-192.33W  u_ff=94.6W  PCAP→78W  power=79.0W
[PID] perf=18.134Hz  target=9.909Hz  err=-8.225Hz  corr=-192.54W  u_ff=94.6W  PCAP→78W  power=78.1W
[PID] perf=18.134Hz  target=9.909Hz  err=-8.225Hz  corr=-192.53W  u_ff=94.6W  PCAP→78W  power=77.9W
[PID] perf=18.133Hz  target=9.909Hz  err=-8.224Hz  corr=-192.52W  u_ff=94.6W  PCAP→78W  power=77.3W
[PID] perf=18.141Hz  target=9.909Hz  err=-8.232Hz  corr=-192.66W  u_ff=94.6W  PCAP→78W  power=78.0W
[PID] perf=18.104Hz  target=9.909Hz  err=-8.195Hz  corr=-191.98W  u_ff=94.6W  PCAP→78W  power=78.8W
[PID] perf=18.131Hz  target=9.909Hz  err=-8.223Hz  corr=-192.49W  u_ff=94.6W  PCAP→78W  power=78.1W
[PID] perf=18.141Hz  target=9.909Hz  err=-8.233Hz  corr=-192.68W  u_ff=94.6W  PCAP→78W  power=77.9W
[PID] perf=18.128Hz  target=9.909Hz  err=-8.219Hz  corr=-192.42W  u_ff=94.6W  PCAP→78W  power=77.2W
[PID] perf=18.138Hz  target=9.909Hz  err=-8.230Hz  corr=-192.62W  u_ff=94.6W  PCAP→78W  power=78.8W
[PID] perf=18.124Hz  target=9.909Hz  err=-8.215Hz  corr=-192.35W  u_ff=94.6W  PCAP→78W  power=79.5W
[PID] perf=18.148Hz  target=9.909Hz  err=-8.240Hz  corr=-192.80W  u_ff=94.6W  PCAP→78W  power=79.0W
[PID] perf=18.133Hz  target=9.909Hz  err=-8.225Hz  corr=-192.53W  u_ff=94.6W  PCAP→78W  power=78.1W
[PID] perf=18.145Hz  target=9.909Hz  err=-8.237Hz  corr=-192.75W  u_ff=94.6W  PCAP→78W  power=79.0W
[PID] perf=18.143Hz  target=9.909Hz  err=-8.234Hz  corr=-192.70W  u_ff=94.6W  PCAP→78W  power=78.6W
[PID] perf=18.139Hz  target=9.909Hz  err=-8.231Hz  corr=-192.63W  u_ff=94.6W  PCAP→78W  power=79.2W
[PID] perf=18.142Hz  target=9.909Hz  err=-8.233Hz  corr=-192.68W  u_ff=94.6W  PCAP→78W  power=77.6W
[PID] perf=18.132Hz  target=9.909Hz  err=-8.224Hz  corr=-192.51W  u_ff=94.6W  PCAP→78W  power=76.7W
[PID] perf=18.133Hz  target=9.909Hz  err=-8.225Hz  corr=-192.52W  u_ff=94.6W  PCAP→78W  power=77.8W
[PID] perf=18.114Hz  target=9.909Hz  err=-8.206Hz  corr=-192.17W  u_ff=94.6W  PCAP→78W  power=78.6W
[PID] perf=18.137Hz  target=9.909Hz  err=-8.229Hz  corr=-192.60W  u_ff=94.6W  PCAP→78W  power=77.6W
[PID] perf=18.156Hz  target=9.909Hz  err=-8.248Hz  corr=-192.95W  u_ff=94.6W  PCAP→78W  power=77.3W
[PID] perf=18.131Hz  target=9.909Hz  err=-8.223Hz  corr=-192.49W  u_ff=94.6W  PCAP→78W  power=79.1W
[PID] perf=18.154Hz  target=9.909Hz  err=-8.245Hz  corr=-192.90W  u_ff=94.6W  PCAP→78W  power=78.5W
[PID] perf=18.125Hz  target=9.909Hz  err=-8.216Hz  corr=-192.37W  u_ff=94.6W  PCAP→78W  power=76.5W
[PID] perf=18.119Hz  target=9.909Hz  err=-8.210Hz  corr=-192.25W  u_ff=94.6W  PCAP→78W  power=76.8W
[PID] perf=18.131Hz  target=9.909Hz  err=-8.222Hz  corr=-192.48W  u_ff=94.6W  PCAP→78W  power=77.9W
[PID] perf=18.122Hz  target=9.909Hz  err=-8.214Hz  corr=-192.32W  u_ff=94.6W  PCAP→78W  power=78.9W
[PID] perf=18.141Hz  target=9.909Hz  err=-8.232Hz  corr=-192.66W  u_ff=94.6W  PCAP→78W  power=78.1W
[PID] perf=18.114Hz  target=9.909Hz  err=-8.206Hz  corr=-192.17W  u_ff=94.6W  PCAP→78W  power=77.6W
[PID] perf=18.074Hz  target=9.909Hz  err=-8.166Hz  corr=-191.43W  u_ff=94.6W  PCAP→78W  power=76.4W
[PID] perf=18.083Hz  target=9.909Hz  err=-8.174Hz  corr=-191.59W  u_ff=94.6W  PCAP→78W  power=78.1W
[PID] perf=18.078Hz  target=9.909Hz  err=-8.170Hz  corr=-191.50W  u_ff=94.6W  PCAP→78W  power=78.5W
[PID] perf=18.137Hz  target=9.909Hz  err=-8.228Hz  corr=-192.58W  u_ff=94.6W  PCAP→78W  power=79.0W
[PID] perf=18.150Hz  target=9.909Hz  err=-8.242Hz  corr=-192.84W  u_ff=94.6W  PCAP→78W  power=78.8W
[PID] perf=18.143Hz  target=9.909Hz  err=-8.234Hz  corr=-192.70W  u_ff=94.6W  PCAP→78W  power=78.2W
[PID] perf=23.638Hz  target=9.909Hz  err=-13.729Hz  corr=-294.61W  u_ff=94.6W  PCAP→78W  power=77.0W
[PID] perf=28.736Hz  target=9.909Hz  err=-18.828Hz  corr=-389.15W  u_ff=94.6W  PCAP→78W  power=78.1W
[PID] perf=29.149Hz  target=9.909Hz  err=-19.240Hz  corr=-396.80W  u_ff=94.6W  PCAP→78W  power=78.1W
[PID] perf=29.188Hz  target=9.909Hz  err=-19.279Hz  corr=-397.53W  u_ff=94.6W  PCAP→78W  power=77.8W
[PID] perf=29.164Hz  target=9.909Hz  err=-19.255Hz  corr=-397.09W  u_ff=94.6W  PCAP→78W  power=77.8W
[PID] perf=29.196Hz  target=9.909Hz  err=-19.288Hz  corr=-397.68W  u_ff=94.6W  PCAP→78W  power=78.9W
[PID] perf=29.219Hz  target=9.909Hz  err=-19.310Hz  corr=-398.10W  u_ff=94.6W  PCAP→78W  power=77.2W
[PID] perf=29.146Hz  target=9.909Hz  err=-19.238Hz  corr=-396.75W  u_ff=94.6W  PCAP→78W  power=77.7W
[PID] perf=29.164Hz  target=9.909Hz  err=-19.255Hz  corr=-397.08W  u_ff=94.6W  PCAP→78W  power=76.6W
[PID] perf=29.221Hz  target=9.909Hz  err=-19.312Hz  corr=-398.14W  u_ff=94.6W  PCAP→78W  power=76.7W
[PID] perf=29.196Hz  target=9.909Hz  err=-19.287Hz  corr=-397.67W  u_ff=94.6W  PCAP→78W  power=77.8W
[PID] perf=29.175Hz  target=9.909Hz  err=-19.267Hz  corr=-397.29W  u_ff=94.6W  PCAP→78W  power=77.0W
[PID] perf=27.213Hz  target=9.909Hz  err=-17.305Hz  corr=-360.91W  u_ff=94.6W  PCAP→78W  power=78.4W
[PID] perf=29.203Hz  target=9.909Hz  err=-19.294Hz  corr=-397.81W  u_ff=94.6W  PCAP→78W  power=77.3W
[PID] perf=29.180Hz  target=9.909Hz  err=-19.271Hz  corr=-397.38W  u_ff=94.6W  PCAP→78W  power=78.7W
[PID] perf=29.186Hz  target=9.909Hz  err=-19.277Hz  corr=-397.49W  u_ff=94.6W  PCAP→78W  power=77.6W
[PID] perf=29.208Hz  target=9.909Hz  err=-19.300Hz  corr=-397.91W  u_ff=94.6W  PCAP→78W  power=76.6W
[PID] perf=29.171Hz  target=9.909Hz  err=-19.263Hz  corr=-397.22W  u_ff=94.6W  PCAP→78W  power=76.4W
[PID] perf=27.327Hz  target=9.909Hz  err=-17.419Hz  corr=-363.02W  u_ff=94.6W  PCAP→78W  power=78.5W
[PID] perf=27.329Hz  target=9.909Hz  err=-17.420Hz  corr=-363.05W  u_ff=94.6W  PCAP→78W  power=79.5W
[PID] perf=27.334Hz  target=9.909Hz  err=-17.426Hz  corr=-363.16W  u_ff=94.6W  PCAP→78W  power=78.4W
[PID] perf=27.425Hz  target=9.909Hz  err=-17.517Hz  corr=-364.84W  u_ff=94.6W  PCAP→78W  power=78.5W
[PID] perf=27.426Hz  target=9.909Hz  err=-17.517Hz  corr=-364.85W  u_ff=94.6W  PCAP→78W  power=76.7W
[PID] perf=27.458Hz  target=9.909Hz  err=-17.549Hz  corr=-365.44W  u_ff=94.6W  PCAP→78W  power=76.1W
[PID] perf=27.449Hz  target=9.909Hz  err=-17.540Hz  corr=-365.27W  u_ff=94.6W  PCAP→78W  power=76.6W
[PID] perf=27.470Hz  target=9.909Hz  err=-17.561Hz  corr=-365.67W  u_ff=94.6W  PCAP→78W  power=78.7W
[PID] perf=27.450Hz  target=9.909Hz  err=-17.541Hz  corr=-365.29W  u_ff=94.6W  PCAP→78W  power=77.8W
[PID] perf=27.428Hz  target=9.909Hz  err=-17.520Hz  corr=-364.90W  u_ff=94.6W  PCAP→78W  power=78.0W
[PID] perf=27.466Hz  target=9.909Hz  err=-17.558Hz  corr=-365.60W  u_ff=94.6W  PCAP→78W  power=78.7W
[PID] perf=27.465Hz  target=9.909Hz  err=-17.556Hz  corr=-365.57W  u_ff=94.6W  PCAP→78W  power=77.9W
[PID] perf=27.172Hz  target=9.909Hz  err=-17.263Hz  corr=-360.14W  u_ff=94.6W  PCAP→78W  power=77.7W
[PID] perf=27.195Hz  target=9.909Hz  err=-17.287Hz  corr=-360.57W  u_ff=94.6W  PCAP→78W  power=78.2W
[PID] perf=27.129Hz  target=9.909Hz  err=-17.221Hz  corr=-359.35W  u_ff=94.6W  PCAP→78W  power=79.1W
[PID] perf=27.149Hz  target=9.909Hz  err=-17.240Hz  corr=-359.71W  u_ff=94.6W  PCAP→78W  power=79.4W
[PID] perf=27.165Hz  target=9.909Hz  err=-17.257Hz  corr=-360.02W  u_ff=94.6W  PCAP→78W  power=77.7W
[PID] perf=27.176Hz  target=9.909Hz  err=-17.268Hz  corr=-360.22W  u_ff=94.6W  PCAP→78W  power=77.4W
[PID] perf=27.421Hz  target=9.909Hz  err=-17.513Hz  corr=-364.77W  u_ff=94.6W  PCAP→78W  power=76.4W
[PID] perf=27.466Hz  target=9.909Hz  err=-17.558Hz  corr=-365.61W  u_ff=94.6W  PCAP→78W  power=76.7W
[PID] perf=27.442Hz  target=9.909Hz  err=-17.534Hz  corr=-365.16W  u_ff=94.6W  PCAP→78W  power=77.2W
[PID] perf=27.428Hz  target=9.909Hz  err=-17.519Hz  corr=-364.89W  u_ff=94.6W  PCAP→78W  power=77.0W
[PID] perf=27.408Hz  target=9.909Hz  err=-17.499Hz  corr=-364.52W  u_ff=94.6W  PCAP→78W  power=77.2W
[PID] perf=27.426Hz  target=9.909Hz  err=-17.517Hz  corr=-364.85W  u_ff=94.6W  PCAP→78W  power=79.1W
[PID] perf=27.437Hz  target=9.909Hz  err=-17.529Hz  corr=-365.06W  u_ff=94.6W  PCAP→78W  power=78.3W
[PID] perf=27.416Hz  target=9.909Hz  err=-17.507Hz  corr=-364.66W  u_ff=94.6W  PCAP→78W  power=76.5W
[PID] perf=27.418Hz  target=9.909Hz  err=-17.510Hz  corr=-364.71W  u_ff=94.6W  PCAP→78W  power=76.2W
[PID] perf=27.402Hz  target=9.909Hz  err=-17.493Hz  corr=-364.40W  u_ff=94.6W  PCAP→78W  power=77.8W
[PID] perf=27.430Hz  target=9.909Hz  err=-17.521Hz  corr=-364.93W  u_ff=94.6W  PCAP→78W  power=77.2W
[PID] perf=27.383Hz  target=9.909Hz  err=-17.475Hz  corr=-364.07W  u_ff=94.6W  PCAP→78W  power=76.4W
[PID] perf=27.399Hz  target=9.909Hz  err=-17.490Hz  corr=-364.35W  u_ff=94.6W  PCAP→78W  power=78.2W
[PID] perf=27.427Hz  target=9.909Hz  err=-17.518Hz  corr=-364.87W  u_ff=94.6W  PCAP→78W  power=78.5W
[PID] perf=27.400Hz  target=9.909Hz  err=-17.492Hz  corr=-364.38W  u_ff=94.6W  PCAP→78W  power=78.4W
[PID] perf=27.411Hz  target=9.909Hz  err=-17.502Hz  corr=-364.58W  u_ff=94.6W  PCAP→78W  power=78.6W
[PID] perf=27.455Hz  target=9.909Hz  err=-17.546Hz  corr=-365.39W  u_ff=94.6W  PCAP→78W  power=78.3W
[PID] perf=27.406Hz  target=9.909Hz  err=-17.497Hz  corr=-364.48W  u_ff=94.6W  PCAP→78W  power=77.2W
[PID] perf=27.388Hz  target=9.909Hz  err=-17.480Hz  corr=-364.16W  u_ff=94.6W  PCAP→78W  power=77.2W
[PID] perf=27.388Hz  target=9.909Hz  err=-17.479Hz  corr=-364.14W  u_ff=94.6W  PCAP→78W  power=78.2W
[PID] perf=27.420Hz  target=9.909Hz  err=-17.512Hz  corr=-364.75W  u_ff=94.6W  PCAP→78W  power=78.8W
[PID] perf=27.375Hz  target=9.909Hz  err=-17.466Hz  corr=-363.90W  u_ff=94.6W  PCAP→78W  power=78.8W
[PID] perf=27.411Hz  target=9.909Hz  err=-17.503Hz  corr=-364.58W  u_ff=94.6W  PCAP→78W  power=78.2W
[PID] perf=27.387Hz  target=9.909Hz  err=-17.479Hz  corr=-364.14W  u_ff=94.6W  PCAP→78W  power=78.4W
[PID] perf=27.416Hz  target=9.909Hz  err=-17.508Hz  corr=-364.67W  u_ff=94.6W  PCAP→78W  power=78.5W
[PID] perf=27.421Hz  target=9.909Hz  err=-17.512Hz  corr=-364.76W  u_ff=94.6W  PCAP→78W  power=78.1W
[PID] perf=27.367Hz  target=9.909Hz  err=-17.459Hz  corr=-363.76W  u_ff=94.6W  PCAP→78W  power=79.3W
[PID] perf=27.406Hz  target=9.909Hz  err=-17.498Hz  corr=-364.49W  u_ff=94.6W  PCAP→78W  power=78.9W
[PID] perf=27.393Hz  target=9.909Hz  err=-17.484Hz  corr=-364.24W  u_ff=94.6W  PCAP→78W  power=77.8W
[PID] perf=27.447Hz  target=9.909Hz  err=-17.539Hz  corr=-365.25W  u_ff=94.6W  PCAP→78W  power=76.7W
[PID] perf=27.401Hz  target=9.909Hz  err=-17.492Hz  corr=-364.38W  u_ff=94.6W  PCAP→78W  power=77.1W
[PID] perf=27.368Hz  target=9.909Hz  err=-17.459Hz  corr=-363.78W  u_ff=94.6W  PCAP→78W  power=77.0W
[PID] perf=27.397Hz  target=9.909Hz  err=-17.488Hz  corr=-364.31W  u_ff=94.6W  PCAP→78W  power=77.7W
[PID] perf=27.343Hz  target=9.909Hz  err=-17.435Hz  corr=-363.32W  u_ff=94.6W  PCAP→78W  power=77.8W
[PID] perf=27.198Hz  target=9.909Hz  err=-17.289Hz  corr=-360.62W  u_ff=94.6W  PCAP→78W  power=78.6W
[PID] perf=27.386Hz  target=9.909Hz  err=-17.477Hz  corr=-364.11W  u_ff=94.6W  PCAP→78W  power=78.6W
[PID] perf=27.380Hz  target=9.909Hz  err=-17.472Hz  corr=-364.01W  u_ff=94.6W  PCAP→78W  power=77.0W
[PID] perf=27.380Hz  target=9.909Hz  err=-17.471Hz  corr=-364.00W  u_ff=94.6W  PCAP→78W  power=78.3W
[PID] perf=27.385Hz  target=9.909Hz  err=-17.476Hz  corr=-364.09W  u_ff=94.6W  PCAP→78W  power=78.4W
[PID] perf=27.379Hz  target=9.909Hz  err=-17.471Hz  corr=-363.99W  u_ff=94.6W  PCAP→78W  power=79.2W
[PID] perf=27.396Hz  target=9.909Hz  err=-17.487Hz  corr=-364.30W  u_ff=94.6W  PCAP→78W  power=77.8W
[PID] perf=27.366Hz  target=9.909Hz  err=-17.457Hz  corr=-363.74W  u_ff=94.6W  PCAP→78W  power=77.9W
[PID] perf=27.393Hz  target=9.909Hz  err=-17.485Hz  corr=-364.25W  u_ff=94.6W  PCAP→78W  power=78.4W
[PID] perf=27.403Hz  target=9.909Hz  err=-17.495Hz  corr=-364.43W  u_ff=94.6W  PCAP→78W  power=79.2W
[PID] perf=27.428Hz  target=9.909Hz  err=-17.519Hz  corr=-364.89W  u_ff=94.6W  PCAP→78W  power=77.8W
[PID] perf=27.402Hz  target=9.909Hz  err=-17.494Hz  corr=-364.42W  u_ff=94.6W  PCAP→78W  power=78.8W
[PID] perf=27.365Hz  target=9.909Hz  err=-17.457Hz  corr=-363.73W  u_ff=94.6W  PCAP→78W  power=78.6W
[PID] perf=27.407Hz  target=9.909Hz  err=-17.498Hz  corr=-364.50W  u_ff=94.6W  PCAP→78W  power=77.8W
[PID] perf=27.402Hz  target=9.909Hz  err=-17.493Hz  corr=-364.40W  u_ff=94.6W  PCAP→78W  power=77.1W
[PID] perf=27.382Hz  target=9.909Hz  err=-17.473Hz  corr=-364.03W  u_ff=94.6W  PCAP→78W  power=77.4W
[PID] perf=27.377Hz  target=9.909Hz  err=-17.468Hz  corr=-363.95W  u_ff=94.6W  PCAP→78W  power=78.1W
[PID] perf=27.428Hz  target=9.909Hz  err=-17.519Hz  corr=-364.89W  u_ff=94.6W  PCAP→78W  power=79.5W
[PID] perf=27.427Hz  target=9.909Hz  err=-17.518Hz  corr=-364.87W  u_ff=94.6W  PCAP→78W  power=79.1W
[PID] perf=27.437Hz  target=9.909Hz  err=-17.528Hz  corr=-365.05W  u_ff=94.6W  PCAP→78W  power=78.6W
[PID] perf=27.424Hz  target=9.909Hz  err=-17.515Hz  corr=-364.82W  u_ff=94.6W  PCAP→78W  power=78.8W
[PID] perf=27.406Hz  target=9.909Hz  err=-17.497Hz  corr=-364.48W  u_ff=94.6W  PCAP→78W  power=78.8W
[PID] perf=27.451Hz  target=9.909Hz  err=-17.543Hz  corr=-365.32W  u_ff=94.6W  PCAP→78W  power=77.5W
[PID] perf=27.417Hz  target=9.909Hz  err=-17.508Hz  corr=-364.69W  u_ff=94.6W  PCAP→78W  power=76.2W
[PID] perf=27.431Hz  target=9.909Hz  err=-17.522Hz  corr=-364.94W  u_ff=94.6W  PCAP→78W  power=76.6W
[PID] perf=27.424Hz  target=9.909Hz  err=-17.516Hz  corr=-364.82W  u_ff=94.6W  PCAP→78W  power=77.2W
[PID] perf=27.412Hz  target=9.909Hz  err=-17.503Hz  corr=-364.59W  u_ff=94.6W  PCAP→78W  power=78.1W
[PID] perf=27.414Hz  target=9.909Hz  err=-17.505Hz  corr=-364.63W  u_ff=94.6W  PCAP→78W  power=78.0W
[PID] perf=27.316Hz  target=9.909Hz  err=-17.408Hz  corr=-362.82W  u_ff=94.6W  PCAP→78W  power=79.4W
[PID] perf=27.291Hz  target=9.909Hz  err=-17.383Hz  corr=-362.36W  u_ff=94.6W  PCAP→78W  power=77.7W
[PID] perf=27.206Hz  target=9.909Hz  err=-17.297Hz  corr=-360.78W  u_ff=94.6W  PCAP→78W  power=76.8W
[PID] perf=27.202Hz  target=9.909Hz  err=-17.294Hz  corr=-360.71W  u_ff=94.6W  PCAP→78W  power=78.9W
[PID] perf=27.254Hz  target=9.909Hz  err=-17.346Hz  corr=-361.67W  u_ff=94.6W  PCAP→78W  power=77.8W
[PID] perf=27.284Hz  target=9.909Hz  err=-17.375Hz  corr=-362.22W  u_ff=94.6W  PCAP→78W  power=77.9W
[PID] perf=27.271Hz  target=9.909Hz  err=-17.362Hz  corr=-361.97W  u_ff=94.6W  PCAP→78W  power=76.4W
[PID] perf=27.296Hz  target=9.909Hz  err=-17.387Hz  corr=-362.44W  u_ff=94.6W  PCAP→78W  power=78.8W
[PID] perf=27.357Hz  target=9.909Hz  err=-17.449Hz  corr=-363.58W  u_ff=94.6W  PCAP→78W  power=77.5W
[PID] perf=27.406Hz  target=9.909Hz  err=-17.498Hz  corr=-364.49W  u_ff=94.6W  PCAP→78W  power=78.2W
[PID] perf=27.344Hz  target=9.909Hz  err=-17.435Hz  corr=-363.33W  u_ff=94.6W  PCAP→78W  power=78.2W
[PID] perf=27.362Hz  target=9.909Hz  err=-17.453Hz  corr=-363.66W  u_ff=94.6W  PCAP→78W  power=78.3W
[PID] perf=27.384Hz  target=9.909Hz  err=-17.476Hz  corr=-364.08W  u_ff=94.6W  PCAP→78W  power=78.0W
[PID] perf=27.377Hz  target=9.909Hz  err=-17.469Hz  corr=-363.95W  u_ff=94.6W  PCAP→78W  power=79.2W
[PID] perf=27.361Hz  target=9.909Hz  err=-17.453Hz  corr=-363.65W  u_ff=94.6W  PCAP→78W  power=77.6W
[PID] perf=27.379Hz  target=9.909Hz  err=-17.470Hz  corr=-363.98W  u_ff=94.6W  PCAP→78W  power=79.2W
[PID] perf=27.360Hz  target=9.909Hz  err=-17.452Hz  corr=-363.63W  u_ff=94.6W  PCAP→78W  power=78.8W
[PID] perf=27.352Hz  target=9.909Hz  err=-17.444Hz  corr=-363.49W  u_ff=94.6W  PCAP→78W  power=78.0W
[PID] perf=27.389Hz  target=9.909Hz  err=-17.480Hz  corr=-364.16W  u_ff=94.6W  PCAP→78W  power=76.5W
[PID] perf=27.399Hz  target=9.909Hz  err=-17.491Hz  corr=-364.36W  u_ff=94.6W  PCAP→78W  power=78.7W
[PID] perf=27.396Hz  target=9.909Hz  err=-17.487Hz  corr=-364.30W  u_ff=94.6W  PCAP→78W  power=77.6W
[PID] perf=27.389Hz  target=9.909Hz  err=-17.480Hz  corr=-364.17W  u_ff=94.6W  PCAP→78W  power=77.3W
[PID] perf=27.375Hz  target=9.909Hz  err=-17.466Hz  corr=-363.90W  u_ff=94.6W  PCAP→78W  power=75.8W
[PID] perf=27.364Hz  target=9.909Hz  err=-17.455Hz  corr=-363.70W  u_ff=94.6W  PCAP→78W  power=77.4W
[PID] perf=27.359Hz  target=9.909Hz  err=-17.450Hz  corr=-363.60W  u_ff=94.6W  PCAP→78W  power=75.7W
[PID] perf=27.336Hz  target=9.909Hz  err=-17.428Hz  corr=-363.19W  u_ff=94.6W  PCAP→78W  power=77.1W
[PID] perf=27.380Hz  target=9.909Hz  err=-17.471Hz  corr=-364.00W  u_ff=94.6W  PCAP→78W  power=78.9W
[PID] perf=27.352Hz  target=9.909Hz  err=-17.443Hz  corr=-363.48W  u_ff=94.6W  PCAP→78W  power=78.7W
[PID] perf=27.387Hz  target=9.909Hz  err=-17.479Hz  corr=-364.14W  u_ff=94.6W  PCAP→78W  power=78.3W
[PID] perf=25.739Hz  target=9.909Hz  err=-15.831Hz  corr=-333.57W  u_ff=94.6W  PCAP→78W  power=77.3W
[PID] perf=25.769Hz  target=9.909Hz  err=-15.860Hz  corr=-334.12W  u_ff=94.6W  PCAP→78W  power=78.1W
[PID] perf=25.783Hz  target=9.909Hz  err=-15.874Hz  corr=-334.39W  u_ff=94.6W  PCAP→78W  power=76.8W
[PID] perf=25.780Hz  target=9.909Hz  err=-15.871Hz  corr=-334.33W  u_ff=94.6W  PCAP→78W  power=77.5W
[PID] perf=25.791Hz  target=9.909Hz  err=-15.883Hz  corr=-334.54W  u_ff=94.6W  PCAP→78W  power=77.0W
[PID] perf=25.838Hz  target=9.909Hz  err=-15.929Hz  corr=-335.40W  u_ff=94.6W  PCAP→78W  power=76.2W
[PID] perf=25.868Hz  target=9.909Hz  err=-15.959Hz  corr=-335.96W  u_ff=94.6W  PCAP→78W  power=76.8W
[PID] perf=25.875Hz  target=9.909Hz  err=-15.967Hz  corr=-336.10W  u_ff=94.6W  PCAP→78W  power=78.8W
[PID] perf=25.872Hz  target=9.909Hz  err=-15.964Hz  corr=-336.04W  u_ff=94.6W  PCAP→78W  power=79.0W
[PID] perf=25.854Hz  target=9.909Hz  err=-15.946Hz  corr=-335.71W  u_ff=94.6W  PCAP→78W  power=78.2W
[PID] perf=25.897Hz  target=9.909Hz  err=-15.989Hz  corr=-336.51W  u_ff=94.6W  PCAP→78W  power=78.7W
[PID] perf=25.886Hz  target=9.909Hz  err=-15.977Hz  corr=-336.29W  u_ff=94.6W  PCAP→78W  power=77.4W
[PID] perf=25.885Hz  target=9.909Hz  err=-15.977Hz  corr=-336.28W  u_ff=94.6W  PCAP→78W  power=77.3W
[PID] perf=25.849Hz  target=9.909Hz  err=-15.941Hz  corr=-335.61W  u_ff=94.6W  PCAP→78W  power=76.7W
[PID] perf=25.874Hz  target=9.909Hz  err=-15.965Hz  corr=-336.07W  u_ff=94.6W  PCAP→78W  power=76.8W
[PID] perf=25.892Hz  target=9.909Hz  err=-15.983Hz  corr=-336.40W  u_ff=94.6W  PCAP→78W  power=77.4W
[PID] perf=25.852Hz  target=9.909Hz  err=-15.944Hz  corr=-335.67W  u_ff=94.6W  PCAP→78W  power=77.9W
[PID] perf=25.849Hz  target=9.909Hz  err=-15.940Hz  corr=-335.60W  u_ff=94.6W  PCAP→78W  power=77.4W
[PID] perf=25.888Hz  target=9.909Hz  err=-15.980Hz  corr=-336.34W  u_ff=94.6W  PCAP→78W  power=77.9W
[PID] perf=25.888Hz  target=9.909Hz  err=-15.979Hz  corr=-336.33W  u_ff=94.6W  PCAP→78W  power=77.4W
[PID] perf=25.852Hz  target=9.909Hz  err=-15.943Hz  corr=-335.67W  u_ff=94.6W  PCAP→78W  power=76.7W
[PID] perf=25.890Hz  target=9.909Hz  err=-15.981Hz  corr=-336.37W  u_ff=94.6W  PCAP→78W  power=77.3W
[PID] perf=25.876Hz  target=9.909Hz  err=-15.968Hz  corr=-336.11W  u_ff=94.6W  PCAP→78W  power=77.0W
[PID] perf=25.874Hz  target=9.909Hz  err=-15.965Hz  corr=-336.07W  u_ff=94.6W  PCAP→78W  power=78.2W
[PID] perf=25.878Hz  target=9.909Hz  err=-15.969Hz  corr=-336.14W  u_ff=94.6W  PCAP→78W  power=78.0W
[PID] perf=25.870Hz  target=9.909Hz  err=-15.961Hz  corr=-335.99W  u_ff=94.6W  PCAP→78W  power=77.5W
[PID] perf=25.890Hz  target=9.909Hz  err=-15.981Hz  corr=-336.37W  u_ff=94.6W  PCAP→78W  power=77.7W
[PID] perf=25.886Hz  target=9.909Hz  err=-15.977Hz  corr=-336.30W  u_ff=94.6W  PCAP→78W  power=77.7W
[PID] perf=25.897Hz  target=9.909Hz  err=-15.988Hz  corr=-336.49W  u_ff=94.6W  PCAP→78W  power=77.2W
[PID] perf=25.876Hz  target=9.909Hz  err=-15.968Hz  corr=-336.11W  u_ff=94.6W  PCAP→78W  power=76.8W
[PID] perf=25.883Hz  target=9.909Hz  err=-15.975Hz  corr=-336.25W  u_ff=94.6W  PCAP→78W  power=77.0W
[PID] perf=25.887Hz  target=9.909Hz  err=-15.979Hz  corr=-336.32W  u_ff=94.6W  PCAP→78W  power=77.6W
[PID] perf=25.853Hz  target=9.909Hz  err=-15.944Hz  corr=-335.68W  u_ff=94.6W  PCAP→78W  power=76.5W
[PID] perf=25.846Hz  target=9.909Hz  err=-15.937Hz  corr=-335.55W  u_ff=94.6W  PCAP→78W  power=78.4W
[PID] perf=25.796Hz  target=9.909Hz  err=-15.888Hz  corr=-334.64W  u_ff=94.6W  PCAP→78W  power=78.9W
[PID] perf=25.824Hz  target=9.909Hz  err=-15.916Hz  corr=-335.15W  u_ff=94.6W  PCAP→78W  power=78.4W
[PID] perf=25.829Hz  target=9.909Hz  err=-15.920Hz  corr=-335.23W  u_ff=94.6W  PCAP→78W  power=78.6W
[PID] perf=25.847Hz  target=9.909Hz  err=-15.938Hz  corr=-335.57W  u_ff=94.6W  PCAP→78W  power=77.1W
[PID] perf=25.831Hz  target=9.909Hz  err=-15.923Hz  corr=-335.28W  u_ff=94.6W  PCAP→78W  power=78.3W
[PID] perf=25.840Hz  target=9.909Hz  err=-15.932Hz  corr=-335.45W  u_ff=94.6W  PCAP→78W  power=79.0W
[PID] perf=25.830Hz  target=9.909Hz  err=-15.921Hz  corr=-335.25W  u_ff=94.6W  PCAP→78W  power=78.7W
[PID] perf=25.861Hz  target=9.909Hz  err=-15.952Hz  corr=-335.83W  u_ff=94.6W  PCAP→78W  power=77.4W
[PID] perf=25.843Hz  target=9.909Hz  err=-15.934Hz  corr=-335.50W  u_ff=94.6W  PCAP→78W  power=76.7W
[PID] perf=25.820Hz  target=9.909Hz  err=-15.911Hz  corr=-335.07W  u_ff=94.6W  PCAP→78W  power=77.5W
[PID] perf=25.853Hz  target=9.909Hz  err=-15.945Hz  corr=-335.69W  u_ff=94.6W  PCAP→78W  power=78.0W
[PID] perf=25.828Hz  target=9.909Hz  err=-15.919Hz  corr=-335.22W  u_ff=94.6W  PCAP→78W  power=78.1W
[PID] perf=25.850Hz  target=9.909Hz  err=-15.941Hz  corr=-335.62W  u_ff=94.6W  PCAP→78W  power=78.6W
[PID] perf=25.840Hz  target=9.909Hz  err=-15.931Hz  corr=-335.44W  u_ff=94.6W  PCAP→78W  power=77.9W
[PID] perf=25.855Hz  target=9.909Hz  err=-15.947Hz  corr=-335.73W  u_ff=94.6W  PCAP→78W  power=77.7W
[PID] perf=25.840Hz  target=9.909Hz  err=-15.931Hz  corr=-335.43W  u_ff=94.6W  PCAP→78W  power=77.7W
[PID] perf=25.834Hz  target=9.909Hz  err=-15.926Hz  corr=-335.34W  u_ff=94.6W  PCAP→78W  power=76.5W
[PID] perf=25.887Hz  target=9.909Hz  err=-15.978Hz  corr=-336.31W  u_ff=94.6W  PCAP→78W  power=78.1W
[PID] perf=25.836Hz  target=9.909Hz  err=-15.928Hz  corr=-335.38W  u_ff=94.6W  PCAP→78W  power=79.3W
[PID] perf=25.813Hz  target=9.909Hz  err=-15.904Hz  corr=-334.94W  u_ff=94.6W  PCAP→78W  power=78.2W
[PID] perf=25.843Hz  target=9.909Hz  err=-15.935Hz  corr=-335.51W  u_ff=94.6W  PCAP→78W  power=77.4W
[PID] perf=25.834Hz  target=9.909Hz  err=-15.926Hz  corr=-335.34W  u_ff=94.6W  PCAP→78W  power=77.6W
[PID] perf=25.816Hz  target=9.909Hz  err=-15.907Hz  corr=-334.99W  u_ff=94.6W  PCAP→78W  power=78.8W
[PID] perf=25.790Hz  target=9.909Hz  err=-15.882Hz  corr=-334.52W  u_ff=94.6W  PCAP→78W  power=78.4W
[PID] perf=25.806Hz  target=9.909Hz  err=-15.898Hz  corr=-334.82W  u_ff=94.6W  PCAP→78W  power=76.8W
[PID] perf=25.835Hz  target=9.909Hz  err=-15.926Hz  corr=-335.35W  u_ff=94.6W  PCAP→78W  power=76.6W
[PID] perf=25.806Hz  target=9.909Hz  err=-15.898Hz  corr=-334.82W  u_ff=94.6W  PCAP→78W  power=79.1W
[PID] perf=25.821Hz  target=9.909Hz  err=-15.912Hz  corr=-335.09W  u_ff=94.6W  PCAP→78W  power=77.6W
[PID] perf=25.816Hz  target=9.909Hz  err=-15.908Hz  corr=-335.00W  u_ff=94.6W  PCAP→78W  power=76.6W
[PID] perf=25.820Hz  target=9.909Hz  err=-15.911Hz  corr=-335.07W  u_ff=94.6W  PCAP→78W  power=76.4W
[PID] perf=25.856Hz  target=9.909Hz  err=-15.948Hz  corr=-335.75W  u_ff=94.6W  PCAP→78W  power=78.7W
[PID] perf=25.814Hz  target=9.909Hz  err=-15.906Hz  corr=-334.96W  u_ff=94.6W  PCAP→78W  power=78.9W
[PID] perf=25.822Hz  target=9.909Hz  err=-15.914Hz  corr=-335.11W  u_ff=94.6W  PCAP→78W  power=77.1W
[PID] perf=25.822Hz  target=9.909Hz  err=-15.913Hz  corr=-335.11W  u_ff=94.6W  PCAP→78W  power=77.0W
[PID] perf=25.850Hz  target=9.909Hz  err=-15.942Hz  corr=-335.64W  u_ff=94.6W  PCAP→78W  power=76.9W
[PID] perf=25.811Hz  target=9.909Hz  err=-15.903Hz  corr=-334.91W  u_ff=94.6W  PCAP→78W  power=76.1W
[PID] perf=25.830Hz  target=9.909Hz  err=-15.922Hz  corr=-335.26W  u_ff=94.6W  PCAP→78W  power=77.1W
[PID] perf=25.849Hz  target=9.909Hz  err=-15.941Hz  corr=-335.61W  u_ff=94.6W  PCAP→78W  power=78.3W
[PID] perf=25.823Hz  target=9.909Hz  err=-15.915Hz  corr=-335.14W  u_ff=94.6W  PCAP→78W  power=77.7W
[PID] perf=25.845Hz  target=9.909Hz  err=-15.937Hz  corr=-335.54W  u_ff=94.6W  PCAP→78W  power=78.0W
[PID] perf=25.859Hz  target=9.909Hz  err=-15.950Hz  corr=-335.80W  u_ff=94.6W  PCAP→78W  power=77.1W
[PID] perf=25.826Hz  target=9.909Hz  err=-15.917Hz  corr=-335.18W  u_ff=94.6W  PCAP→78W  power=77.0W
[PID] perf=25.827Hz  target=9.909Hz  err=-15.918Hz  corr=-335.19W  u_ff=94.6W  PCAP→78W  power=77.6W
[PID] perf=25.838Hz  target=9.909Hz  err=-15.930Hz  corr=-335.41W  u_ff=94.6W  PCAP→78W  power=78.3W
[PID] perf=25.865Hz  target=9.909Hz  err=-15.957Hz  corr=-335.91W  u_ff=94.6W  PCAP→78W  power=77.7W
[PID] perf=25.839Hz  target=9.909Hz  err=-15.930Hz  corr=-335.43W  u_ff=94.6W  PCAP→78W  power=79.2W
[PID] perf=25.814Hz  target=9.909Hz  err=-15.906Hz  corr=-334.96W  u_ff=94.6W  PCAP→78W  power=78.9W
[PID] perf=25.830Hz  target=9.909Hz  err=-15.921Hz  corr=-335.25W  u_ff=94.6W  PCAP→78W  power=78.6W
[PID] perf=25.843Hz  target=9.909Hz  err=-15.935Hz  corr=-335.50W  u_ff=94.6W  PCAP→78W  power=77.2W
[PID] perf=25.834Hz  target=9.909Hz  err=-15.926Hz  corr=-335.34W  u_ff=94.6W  PCAP→78W  power=78.5W
[PID] perf=25.834Hz  target=9.909Hz  err=-15.926Hz  corr=-335.34W  u_ff=94.6W  PCAP→78W  power=77.5W
[PID] perf=25.826Hz  target=9.909Hz  err=-15.917Hz  corr=-335.18W  u_ff=94.6W  PCAP→78W  power=78.5W
[PID] perf=25.829Hz  target=9.909Hz  err=-15.921Hz  corr=-335.25W  u_ff=94.6W  PCAP→78W  power=78.2W
[PID] perf=25.824Hz  target=9.909Hz  err=-15.915Hz  corr=-335.14W  u_ff=94.6W  PCAP→78W  power=78.8W
[PID] perf=25.841Hz  target=9.909Hz  err=-15.933Hz  corr=-335.46W  u_ff=94.6W  PCAP→78W  power=77.7W
[PID] perf=25.845Hz  target=9.909Hz  err=-15.936Hz  corr=-335.54W  u_ff=94.6W  PCAP→78W  power=78.1W
[PID] perf=25.854Hz  target=9.909Hz  err=-15.945Hz  corr=-335.70W  u_ff=94.6W  PCAP→78W  power=77.4W
[PID] perf=25.808Hz  target=9.909Hz  err=-15.900Hz  corr=-334.86W  u_ff=94.6W  PCAP→78W  power=77.6W
[PID] perf=25.854Hz  target=9.909Hz  err=-15.945Hz  corr=-335.70W  u_ff=94.6W  PCAP→78W  power=78.8W
[PID] perf=25.830Hz  target=9.909Hz  err=-15.921Hz  corr=-335.25W  u_ff=94.6W  PCAP→78W  power=79.0W
[PID] perf=25.808Hz  target=9.909Hz  err=-15.899Hz  corr=-334.85W  u_ff=94.6W  PCAP→78W  power=79.3W
[PID] perf=25.855Hz  target=9.909Hz  err=-15.947Hz  corr=-335.73W  u_ff=94.6W  PCAP→78W  power=78.8W
[PID] perf=25.824Hz  target=9.909Hz  err=-15.915Hz  corr=-335.15W  u_ff=94.6W  PCAP→78W  power=77.5W
[PID] perf=25.815Hz  target=9.909Hz  err=-15.907Hz  corr=-334.98W  u_ff=94.6W  PCAP→78W  power=77.2W
[PID] perf=25.818Hz  target=9.909Hz  err=-15.909Hz  corr=-335.03W  u_ff=94.6W  PCAP→78W  power=78.2W
[PID] perf=25.829Hz  target=9.909Hz  err=-15.920Hz  corr=-335.23W  u_ff=94.6W  PCAP→78W  power=78.8W
[PID] perf=25.846Hz  target=9.909Hz  err=-15.937Hz  corr=-335.55W  u_ff=94.6W  PCAP→78W  power=78.6W
[PID] perf=25.844Hz  target=9.909Hz  err=-15.935Hz  corr=-335.51W  u_ff=94.6W  PCAP→78W  power=79.2W
[PID] perf=25.821Hz  target=9.909Hz  err=-15.912Hz  corr=-335.08W  u_ff=94.6W  PCAP→78W  power=77.3W
[PID] perf=25.823Hz  target=9.909Hz  err=-15.914Hz  corr=-335.12W  u_ff=94.6W  PCAP→78W  power=76.4W
[PID] perf=25.809Hz  target=9.909Hz  err=-15.901Hz  corr=-334.88W  u_ff=94.6W  PCAP→78W  power=76.4W
[PID] perf=25.816Hz  target=9.909Hz  err=-15.908Hz  corr=-335.00W  u_ff=94.6W  PCAP→78W  power=78.0W
[PID] perf=25.821Hz  target=9.909Hz  err=-15.912Hz  corr=-335.08W  u_ff=94.6W  PCAP→78W  power=78.7W
[PID] perf=25.830Hz  target=9.909Hz  err=-15.922Hz  corr=-335.27W  u_ff=94.6W  PCAP→78W  power=78.1W
[PID] perf=25.835Hz  target=9.909Hz  err=-15.926Hz  corr=-335.34W  u_ff=94.6W  PCAP→78W  power=78.0W
[PID] perf=25.830Hz  target=9.909Hz  err=-15.921Hz  corr=-335.25W  u_ff=94.6W  PCAP→78W  power=78.1W
[PID] perf=25.858Hz  target=9.909Hz  err=-15.949Hz  corr=-335.78W  u_ff=94.6W  PCAP→78W  power=78.8W
[PID] perf=25.856Hz  target=9.909Hz  err=-15.948Hz  corr=-335.75W  u_ff=94.6W  PCAP→78W  power=78.4W
[PID] perf=25.811Hz  target=9.909Hz  err=-15.902Hz  corr=-334.90W  u_ff=94.6W  PCAP→78W  power=78.9W
[PID] perf=25.840Hz  target=9.909Hz  err=-15.931Hz  corr=-335.44W  u_ff=94.6W  PCAP→78W  power=78.5W
[PID] perf=25.824Hz  target=9.909Hz  err=-15.916Hz  corr=-335.15W  u_ff=94.6W  PCAP→78W  power=78.0W
[PID] perf=25.833Hz  target=9.909Hz  err=-15.924Hz  corr=-335.30W  u_ff=94.6W  PCAP→78W  power=78.6W
[PID] perf=25.804Hz  target=9.909Hz  err=-15.895Hz  corr=-334.77W  u_ff=94.6W  PCAP→78W  power=77.6W
[PID] perf=25.843Hz  target=9.909Hz  err=-15.934Hz  corr=-335.49W  u_ff=94.6W  PCAP→78W  power=77.1W
[PID] perf=25.793Hz  target=9.909Hz  err=-15.884Hz  corr=-334.57W  u_ff=94.6W  PCAP→78W  power=77.3W
[PID] perf=25.829Hz  target=9.909Hz  err=-15.920Hz  corr=-335.23W  u_ff=94.6W  PCAP→78W  power=77.8W
[PID] perf=25.822Hz  target=9.909Hz  err=-15.914Hz  corr=-335.11W  u_ff=94.6W  PCAP→78W  power=76.8W
[PID] perf=25.796Hz  target=9.909Hz  err=-15.888Hz  corr=-334.64W  u_ff=94.6W  PCAP→78W  power=78.3W
[PID] perf=25.819Hz  target=9.909Hz  err=-15.911Hz  corr=-335.06W  u_ff=94.6W  PCAP→78W  power=78.9W
[PID] perf=25.825Hz  target=9.909Hz  err=-15.916Hz  corr=-335.16W  u_ff=94.6W  PCAP→78W  power=78.5W
[PID] perf=25.846Hz  target=9.909Hz  err=-15.937Hz  corr=-335.55W  u_ff=94.6W  PCAP→78W  power=78.1W
[PID] perf=25.828Hz  target=9.909Hz  err=-15.920Hz  corr=-335.23W  u_ff=94.6W  PCAP→78W  power=78.0W
[PID] perf=25.830Hz  target=9.909Hz  err=-15.922Hz  corr=-335.26W  u_ff=94.6W  PCAP→78W  power=76.6W
[PID] perf=25.824Hz  target=9.909Hz  err=-15.915Hz  corr=-335.15W  u_ff=94.6W  PCAP→78W  power=78.8W
[PID] perf=25.827Hz  target=9.909Hz  err=-15.919Hz  corr=-335.21W  u_ff=94.6W  PCAP→78W  power=77.6W
[PID] perf=25.803Hz  target=9.909Hz  err=-15.894Hz  corr=-334.75W  u_ff=94.6W  PCAP→78W  power=78.0W
[PID] perf=25.847Hz  target=9.909Hz  err=-15.939Hz  corr=-335.58W  u_ff=94.6W  PCAP→78W  power=79.0W
[PID] perf=25.829Hz  target=9.909Hz  err=-15.921Hz  corr=-335.25W  u_ff=94.6W  PCAP→78W  power=77.1W
[PID] perf=25.808Hz  target=9.909Hz  err=-15.899Hz  corr=-334.84W  u_ff=94.6W  PCAP→78W  power=78.8W
[PID] perf=25.826Hz  target=9.909Hz  err=-15.918Hz  corr=-335.19W  u_ff=94.6W  PCAP→78W  power=78.8W
[PID] perf=25.821Hz  target=9.909Hz  err=-15.912Hz  corr=-335.09W  u_ff=94.6W  PCAP→78W  power=77.9W
[PID] perf=25.851Hz  target=9.909Hz  err=-15.942Hz  corr=-335.64W  u_ff=94.6W  PCAP→78W  power=77.3W
[PID] perf=25.834Hz  target=9.909Hz  err=-15.926Hz  corr=-335.34W  u_ff=94.6W  PCAP→78W  power=78.6W
[PID] perf=25.788Hz  target=9.909Hz  err=-15.880Hz  corr=-334.49W  u_ff=94.6W  PCAP→78W  power=78.7W
[PID] perf=25.878Hz  target=9.909Hz  err=-15.970Hz  corr=-336.15W  u_ff=94.6W  PCAP→78W  power=77.6W
[PID] perf=25.928Hz  target=9.909Hz  err=-16.020Hz  corr=-337.08W  u_ff=94.6W  PCAP→78W  power=76.8W
[PID] perf=25.898Hz  target=9.909Hz  err=-15.990Hz  corr=-336.52W  u_ff=94.6W  PCAP→78W  power=77.4W
[PID] perf=25.896Hz  target=9.909Hz  err=-15.988Hz  corr=-336.49W  u_ff=94.6W  PCAP→78W  power=77.6W
[PID] perf=25.881Hz  target=9.909Hz  err=-15.973Hz  corr=-336.21W  u_ff=94.6W  PCAP→78W  power=77.0W
[PID] perf=25.874Hz  target=9.909Hz  err=-15.965Hz  corr=-336.07W  u_ff=94.6W  PCAP→78W  power=77.3W
[PID] perf=25.872Hz  target=9.909Hz  err=-15.963Hz  corr=-336.03W  u_ff=94.6W  PCAP→78W  power=76.5W
[PID] perf=25.880Hz  target=9.909Hz  err=-15.972Hz  corr=-336.19W  u_ff=94.6W  PCAP→78W  power=77.4W
[PID] perf=25.896Hz  target=9.909Hz  err=-15.987Hz  corr=-336.47W  u_ff=94.6W  PCAP→78W  power=76.1W
[PID] perf=25.878Hz  target=9.909Hz  err=-15.970Hz  corr=-336.15W  u_ff=94.6W  PCAP→78W  power=78.6W
[PID] perf=25.860Hz  target=9.909Hz  err=-15.951Hz  corr=-335.81W  u_ff=94.6W  PCAP→78W  power=78.1W
[PID] perf=25.868Hz  target=9.909Hz  err=-15.960Hz  corr=-335.97W  u_ff=94.6W  PCAP→78W  power=77.3W
[PID] perf=25.849Hz  target=9.909Hz  err=-15.940Hz  corr=-335.61W  u_ff=94.6W  PCAP→78W  power=78.9W
[PID] perf=25.840Hz  target=9.909Hz  err=-15.931Hz  corr=-335.44W  u_ff=94.6W  PCAP→78W  power=78.8W
[PID] perf=25.868Hz  target=9.909Hz  err=-15.959Hz  corr=-335.96W  u_ff=94.6W  PCAP→78W  power=78.5W
[PID] perf=25.873Hz  target=9.909Hz  err=-15.965Hz  corr=-336.06W  u_ff=94.6W  PCAP→78W  power=78.0W
[PID] perf=25.895Hz  target=9.909Hz  err=-15.987Hz  corr=-336.47W  u_ff=94.6W  PCAP→78W  power=78.9W
[PID] perf=25.861Hz  target=9.909Hz  err=-15.952Hz  corr=-335.83W  u_ff=94.6W  PCAP→78W  power=77.0W
[PID] perf=25.890Hz  target=9.909Hz  err=-15.981Hz  corr=-336.37W  u_ff=94.6W  PCAP→78W  power=76.8W
[PID] perf=25.930Hz  target=9.909Hz  err=-16.021Hz  corr=-337.11W  u_ff=94.6W  PCAP→78W  power=76.4W
[PID] perf=25.881Hz  target=9.909Hz  err=-15.972Hz  corr=-336.20W  u_ff=94.6W  PCAP→78W  power=78.5W
[PID] perf=25.857Hz  target=9.909Hz  err=-15.948Hz  corr=-335.76W  u_ff=94.6W  PCAP→78W  power=78.1W
[PID] perf=25.863Hz  target=9.909Hz  err=-15.954Hz  corr=-335.87W  u_ff=94.6W  PCAP→78W  power=78.4W
[PID] perf=25.865Hz  target=9.909Hz  err=-15.957Hz  corr=-335.91W  u_ff=94.6W  PCAP→78W  power=78.4W
[PID] perf=25.889Hz  target=9.909Hz  err=-15.980Hz  corr=-336.35W  u_ff=94.6W  PCAP→78W  power=77.4W
[PID] perf=25.860Hz  target=9.909Hz  err=-15.951Hz  corr=-335.81W  u_ff=94.6W  PCAP→78W  power=76.3W
[PID] perf=25.878Hz  target=9.909Hz  err=-15.970Hz  corr=-336.15W  u_ff=94.6W  PCAP→78W  power=76.2W
[PID] perf=25.899Hz  target=9.909Hz  err=-15.990Hz  corr=-336.54W  u_ff=94.6W  PCAP→78W  power=77.9W
[PID] perf=25.904Hz  target=9.909Hz  err=-15.996Hz  corr=-336.63W  u_ff=94.6W  PCAP→78W  power=76.8W
[PID] perf=25.861Hz  target=9.909Hz  err=-15.953Hz  corr=-335.84W  u_ff=94.6W  PCAP→78W  power=76.7W
[PID] perf=25.884Hz  target=9.909Hz  err=-15.975Hz  corr=-336.25W  u_ff=94.6W  PCAP→78W  power=77.3W
[PID] perf=25.905Hz  target=9.909Hz  err=-15.997Hz  corr=-336.66W  u_ff=94.6W  PCAP→78W  power=76.9W
[PID] perf=25.900Hz  target=9.909Hz  err=-15.992Hz  corr=-336.56W  u_ff=94.6W  PCAP→78W  power=78.6W
[PID] perf=25.901Hz  target=9.909Hz  err=-15.992Hz  corr=-336.57W  u_ff=94.6W  PCAP→78W  power=78.8W
[PID] perf=25.894Hz  target=9.909Hz  err=-15.986Hz  corr=-336.45W  u_ff=94.6W  PCAP→78W  power=78.5W
[PID] perf=25.877Hz  target=9.909Hz  err=-15.969Hz  corr=-336.14W  u_ff=94.6W  PCAP→78W  power=77.0W
[PID] perf=25.898Hz  target=9.909Hz  err=-15.989Hz  corr=-336.52W  u_ff=94.6W  PCAP→78W  power=76.6W
[PID] perf=25.914Hz  target=9.909Hz  err=-16.005Hz  corr=-336.81W  u_ff=94.6W  PCAP→78W  power=77.6W
[PID] perf=25.893Hz  target=9.909Hz  err=-15.984Hz  corr=-336.42W  u_ff=94.6W  PCAP→78W  power=78.6W
[PID] perf=25.891Hz  target=9.909Hz  err=-15.982Hz  corr=-336.39W  u_ff=94.6W  PCAP→78W  power=79.8W
[PID] perf=25.912Hz  target=9.909Hz  err=-16.003Hz  corr=-336.77W  u_ff=94.6W  PCAP→78W  power=77.6W
[PID] perf=25.879Hz  target=9.909Hz  err=-15.971Hz  corr=-336.17W  u_ff=94.6W  PCAP→78W  power=78.8W
[PID] perf=25.883Hz  target=9.909Hz  err=-15.974Hz  corr=-336.24W  u_ff=94.6W  PCAP→78W  power=77.9W
[PID] perf=25.837Hz  target=9.909Hz  err=-15.929Hz  corr=-335.40W  u_ff=94.6W  PCAP→78W  power=76.1W
[PID] perf=25.242Hz  target=9.909Hz  err=-15.333Hz  corr=-324.35W  u_ff=94.6W  PCAP→78W  power=77.5W
[PID] perf=25.392Hz  target=9.909Hz  err=-15.484Hz  corr=-327.14W  u_ff=94.6W  PCAP→78W  power=77.2W
[PID] perf=25.418Hz  target=9.909Hz  err=-15.509Hz  corr=-327.61W  u_ff=94.6W  PCAP→78W  power=77.5W
[PID] perf=25.457Hz  target=9.909Hz  err=-15.548Hz  corr=-328.34W  u_ff=94.6W  PCAP→78W  power=76.6W
[PID] perf=25.411Hz  target=9.909Hz  err=-15.503Hz  corr=-327.49W  u_ff=94.6W  PCAP→78W  power=78.8W
[PID] perf=25.424Hz  target=9.909Hz  err=-15.515Hz  corr=-327.72W  u_ff=94.6W  PCAP→78W  power=77.6W
[PID] perf=25.436Hz  target=9.909Hz  err=-15.527Hz  corr=-327.95W  u_ff=94.6W  PCAP→78W  power=79.1W
[PID] perf=25.424Hz  target=9.909Hz  err=-15.515Hz  corr=-327.73W  u_ff=94.6W  PCAP→78W  power=78.0W
[PID] perf=25.424Hz  target=9.909Hz  err=-15.515Hz  corr=-327.72W  u_ff=94.6W  PCAP→78W  power=78.7W
[PID] perf=25.440Hz  target=9.909Hz  err=-15.532Hz  corr=-328.03W  u_ff=94.6W  PCAP→78W  power=76.6W
[PID] perf=26.262Hz  target=9.909Hz  err=-16.353Hz  corr=-343.27W  u_ff=94.6W  PCAP→78W  power=76.2W
[PID] perf=26.377Hz  target=9.909Hz  err=-16.469Hz  corr=-345.41W  u_ff=94.6W  PCAP→78W  power=78.9W
[PID] perf=26.425Hz  target=9.909Hz  err=-16.516Hz  corr=-346.29W  u_ff=94.6W  PCAP→78W  power=78.6W
[PID] perf=26.421Hz  target=9.909Hz  err=-16.512Hz  corr=-346.22W  u_ff=94.6W  PCAP→78W  power=79.2W
[PID] perf=26.404Hz  target=9.909Hz  err=-16.496Hz  corr=-345.91W  u_ff=94.6W  PCAP→78W  power=77.6W
[PID] perf=26.410Hz  target=9.909Hz  err=-16.501Hz  corr=-346.01W  u_ff=94.6W  PCAP→78W  power=78.2W
[PID] perf=26.433Hz  target=9.909Hz  err=-16.525Hz  corr=-346.45W  u_ff=94.6W  PCAP→78W  power=77.7W
[PID] perf=26.386Hz  target=9.909Hz  err=-16.478Hz  corr=-345.57W  u_ff=94.6W  PCAP→78W  power=78.0W
[PID] perf=26.425Hz  target=9.909Hz  err=-16.516Hz  corr=-346.28W  u_ff=94.6W  PCAP→78W  power=78.4W
[PID] perf=26.444Hz  target=9.909Hz  err=-16.536Hz  corr=-346.65W  u_ff=94.6W  PCAP→78W  power=79.0W
[PID] perf=26.424Hz  target=9.909Hz  err=-16.516Hz  corr=-346.28W  u_ff=94.6W  PCAP→78W  power=77.0W
[PID] perf=26.444Hz  target=9.909Hz  err=-16.536Hz  corr=-346.65W  u_ff=94.6W  PCAP→78W  power=77.0W
[PID] perf=26.306Hz  target=9.909Hz  err=-16.398Hz  corr=-344.09W  u_ff=94.6W  PCAP→78W  power=76.9W
[PID] perf=26.329Hz  target=9.909Hz  err=-16.421Hz  corr=-344.52W  u_ff=94.6W  PCAP→78W  power=78.5W
[PID] perf=26.316Hz  target=9.909Hz  err=-16.407Hz  corr=-344.26W  u_ff=94.6W  PCAP→78W  power=76.7W
[PID] perf=26.319Hz  target=9.909Hz  err=-16.410Hz  corr=-344.32W  u_ff=94.6W  PCAP→78W  power=77.5W
[PID] perf=26.310Hz  target=9.909Hz  err=-16.402Hz  corr=-344.16W  u_ff=94.6W  PCAP→78W  power=78.0W
[PID] perf=26.340Hz  target=9.909Hz  err=-16.431Hz  corr=-344.71W  u_ff=94.6W  PCAP→78W  power=78.2W
[PID] perf=26.281Hz  target=9.909Hz  err=-16.372Hz  corr=-343.62W  u_ff=94.6W  PCAP→78W  power=78.5W
[PID] perf=26.323Hz  target=9.909Hz  err=-16.414Hz  corr=-344.40W  u_ff=94.6W  PCAP→78W  power=77.6W
[PID] perf=26.293Hz  target=9.909Hz  err=-16.384Hz  corr=-343.84W  u_ff=94.6W  PCAP→78W  power=79.2W
[PID] perf=26.493Hz  target=9.909Hz  err=-16.584Hz  corr=-347.55W  u_ff=94.6W  PCAP→78W  power=78.7W
[PID] perf=26.486Hz  target=9.909Hz  err=-16.577Hz  corr=-347.42W  u_ff=94.6W  PCAP→78W  power=76.5W
[PID] perf=26.515Hz  target=9.909Hz  err=-16.606Hz  corr=-347.96W  u_ff=94.6W  PCAP→78W  power=76.7W
[PID] perf=26.553Hz  target=9.909Hz  err=-16.644Hz  corr=-348.66W  u_ff=94.6W  PCAP→78W  power=76.3W
[PID] perf=26.578Hz  target=9.909Hz  err=-16.669Hz  corr=-349.12W  u_ff=94.6W  PCAP→78W  power=77.2W
[PID] perf=26.548Hz  target=9.909Hz  err=-16.640Hz  corr=-348.58W  u_ff=94.6W  PCAP→78W  power=78.1W
[PID] perf=26.576Hz  target=9.909Hz  err=-16.667Hz  corr=-349.09W  u_ff=94.6W  PCAP→78W  power=78.7W
[PID] perf=26.532Hz  target=9.909Hz  err=-16.624Hz  corr=-348.28W  u_ff=94.6W  PCAP→78W  power=78.9W
[PID] perf=26.547Hz  target=9.909Hz  err=-16.638Hz  corr=-348.55W  u_ff=94.6W  PCAP→78W  power=78.5W
[PID] perf=26.582Hz  target=9.909Hz  err=-16.674Hz  corr=-349.21W  u_ff=94.6W  PCAP→78W  power=77.9W
[PID] perf=26.555Hz  target=9.909Hz  err=-16.646Hz  corr=-348.70W  u_ff=94.6W  PCAP→78W  power=79.1W
[PID] perf=26.547Hz  target=9.909Hz  err=-16.639Hz  corr=-348.56W  u_ff=94.6W  PCAP→78W  power=78.3W
[PID] perf=26.576Hz  target=9.909Hz  err=-16.668Hz  corr=-349.10W  u_ff=94.6W  PCAP→78W  power=78.4W
[PID] perf=26.531Hz  target=9.909Hz  err=-16.622Hz  corr=-348.25W  u_ff=94.6W  PCAP→78W  power=77.0W
[PID] perf=26.588Hz  target=9.909Hz  err=-16.679Hz  corr=-349.31W  u_ff=94.6W  PCAP→78W  power=76.7W
[PID] perf=26.669Hz  target=9.909Hz  err=-16.760Hz  corr=-350.82W  u_ff=94.6W  PCAP→78W  power=76.9W
[PID] perf=26.685Hz  target=9.909Hz  err=-16.776Hz  corr=-351.11W  u_ff=94.6W  PCAP→78W  power=77.3W
[PID] perf=26.712Hz  target=9.909Hz  err=-16.804Hz  corr=-351.62W  u_ff=94.6W  PCAP→78W  power=78.7W
[PID] perf=26.722Hz  target=9.909Hz  err=-16.814Hz  corr=-351.81W  u_ff=94.6W  PCAP→78W  power=76.4W
[PID] perf=26.707Hz  target=9.909Hz  err=-16.798Hz  corr=-351.52W  u_ff=94.6W  PCAP→78W  power=78.0W
[PID] perf=26.713Hz  target=9.909Hz  err=-16.805Hz  corr=-351.64W  u_ff=94.6W  PCAP→78W  power=79.0W
[PID] perf=26.723Hz  target=9.909Hz  err=-16.814Hz  corr=-351.82W  u_ff=94.6W  PCAP→78W  power=79.3W
[PID] perf=26.729Hz  target=9.909Hz  err=-16.820Hz  corr=-351.93W  u_ff=94.6W  PCAP→78W  power=78.2W
[PID] perf=26.718Hz  target=9.909Hz  err=-16.809Hz  corr=-351.73W  u_ff=94.6W  PCAP→78W  power=77.3W
[PID] perf=26.713Hz  target=9.909Hz  err=-16.805Hz  corr=-351.64W  u_ff=94.6W  PCAP→78W  power=79.0W
[PID] perf=26.747Hz  target=9.909Hz  err=-16.839Hz  corr=-352.27W  u_ff=94.6W  PCAP→78W  power=78.5W
[PID] perf=26.705Hz  target=9.909Hz  err=-16.797Hz  corr=-351.49W  u_ff=94.6W  PCAP→78W  power=77.2W
[PID] perf=26.695Hz  target=9.909Hz  err=-16.787Hz  corr=-351.30W  u_ff=94.6W  PCAP→78W  power=77.8W
[PID] perf=26.652Hz  target=9.909Hz  err=-16.744Hz  corr=-350.51W  u_ff=94.6W  PCAP→78W  power=78.6W
[PID] perf=26.785Hz  target=9.909Hz  err=-16.876Hz  corr=-352.96W  u_ff=94.6W  PCAP→78W  power=78.6W
[PID] perf=26.831Hz  target=9.909Hz  err=-16.922Hz  corr=-353.82W  u_ff=94.6W  PCAP→78W  power=78.4W
[PID] perf=26.841Hz  target=9.909Hz  err=-16.933Hz  corr=-354.01W  u_ff=94.6W  PCAP→78W  power=76.2W
[PID] perf=26.832Hz  target=9.909Hz  err=-16.923Hz  corr=-353.84W  u_ff=94.6W  PCAP→78W  power=78.2W
[PID] perf=26.861Hz  target=9.909Hz  err=-16.952Hz  corr=-354.38W  u_ff=94.6W  PCAP→78W  power=77.6W
[PID] perf=26.880Hz  target=9.909Hz  err=-16.972Hz  corr=-354.73W  u_ff=94.6W  PCAP→78W  power=79.0W
[PID] perf=26.869Hz  target=9.909Hz  err=-16.960Hz  corr=-354.52W  u_ff=94.6W  PCAP→78W  power=78.2W
[PID] perf=26.876Hz  target=9.909Hz  err=-16.968Hz  corr=-354.66W  u_ff=94.6W  PCAP→78W  power=78.4W
[PID] perf=26.868Hz  target=9.909Hz  err=-16.960Hz  corr=-354.51W  u_ff=94.6W  PCAP→78W  power=79.0W
[PID] perf=26.900Hz  target=9.909Hz  err=-16.991Hz  corr=-355.10W  u_ff=94.6W  PCAP→78W  power=77.9W
[PID] perf=26.878Hz  target=9.909Hz  err=-16.970Hz  corr=-354.70W  u_ff=94.6W  PCAP→78W  power=76.6W
[PID] perf=26.871Hz  target=9.909Hz  err=-16.963Hz  corr=-354.56W  u_ff=94.6W  PCAP→78W  power=79.1W
[PID] perf=26.903Hz  target=9.909Hz  err=-16.995Hz  corr=-355.17W  u_ff=94.6W  PCAP→78W  power=77.6W
[PID] perf=26.848Hz  target=9.909Hz  err=-16.940Hz  corr=-354.14W  u_ff=94.6W  PCAP→78W  power=79.1W
[PID] perf=26.856Hz  target=9.909Hz  err=-16.947Hz  corr=-354.28W  u_ff=94.6W  PCAP→78W  power=78.2W
[PID] perf=27.272Hz  target=9.909Hz  err=-17.364Hz  corr=-362.00W  u_ff=94.6W  PCAP→78W  power=77.5W
[PID] perf=27.334Hz  target=9.909Hz  err=-17.425Hz  corr=-363.14W  u_ff=94.6W  PCAP→78W  power=78.3W
[PID] perf=27.335Hz  target=9.909Hz  err=-17.426Hz  corr=-363.16W  u_ff=94.6W  PCAP→78W  power=78.7W
[PID] perf=27.368Hz  target=9.909Hz  err=-17.459Hz  corr=-363.78W  u_ff=94.6W  PCAP→78W  power=78.6W
[PID] perf=27.327Hz  target=9.909Hz  err=-17.418Hz  corr=-363.02W  u_ff=94.6W  PCAP→78W  power=78.9W
[PID] perf=27.327Hz  target=9.909Hz  err=-17.418Hz  corr=-363.01W  u_ff=94.6W  PCAP→78W  power=78.5W
[PID] perf=27.315Hz  target=9.909Hz  err=-17.407Hz  corr=-362.80W  u_ff=94.6W  PCAP→78W  power=78.0W
[PID] perf=27.301Hz  target=9.909Hz  err=-17.393Hz  corr=-362.54W  u_ff=94.6W  PCAP→78W  power=77.5W
[PID] perf=27.309Hz  target=9.909Hz  err=-17.401Hz  corr=-362.69W  u_ff=94.6W  PCAP→78W  power=76.7W
[PID] perf=27.308Hz  target=9.909Hz  err=-17.400Hz  corr=-362.67W  u_ff=94.6W  PCAP→78W  power=79.2W
[PID] perf=27.282Hz  target=9.909Hz  err=-17.374Hz  corr=-362.19W  u_ff=94.6W  PCAP→78W  power=79.1W
[PID] perf=27.320Hz  target=9.909Hz  err=-17.412Hz  corr=-362.90W  u_ff=94.6W  PCAP→78W  power=78.3W
[PID] perf=27.305Hz  target=9.909Hz  err=-17.396Hz  corr=-362.61W  u_ff=94.6W  PCAP→78W  power=77.0W
[PID] perf=27.307Hz  target=9.909Hz  err=-17.398Hz  corr=-362.65W  u_ff=94.6W  PCAP→78W  power=79.1W
[PID] perf=27.337Hz  target=9.909Hz  err=-17.428Hz  corr=-363.20W  u_ff=94.6W  PCAP→78W  power=77.3W
[PID] perf=27.342Hz  target=9.909Hz  err=-17.433Hz  corr=-363.29W  u_ff=94.6W  PCAP→78W  power=77.0W
[PID] perf=27.323Hz  target=9.909Hz  err=-17.415Hz  corr=-362.95W  u_ff=94.6W  PCAP→78W  power=77.9W
[PID] perf=27.309Hz  target=9.909Hz  err=-17.400Hz  corr=-362.68W  u_ff=94.6W  PCAP→78W  power=76.5W
[PID] perf=27.313Hz  target=9.909Hz  err=-17.405Hz  corr=-362.77W  u_ff=94.6W  PCAP→78W  power=77.8W
[PID] perf=27.294Hz  target=9.909Hz  err=-17.385Hz  corr=-362.40W  u_ff=94.6W  PCAP→78W  power=78.0W
[PID] perf=27.328Hz  target=9.909Hz  err=-17.420Hz  corr=-363.04W  u_ff=94.6W  PCAP→78W  power=78.8W
[PID] perf=27.306Hz  target=9.909Hz  err=-17.398Hz  corr=-362.64W  u_ff=94.6W  PCAP→78W  power=78.4W
[PID] perf=27.315Hz  target=9.909Hz  err=-17.406Hz  corr=-362.80W  u_ff=94.6W  PCAP→78W  power=76.9W
[PID] perf=27.333Hz  target=9.909Hz  err=-17.424Hz  corr=-363.13W  u_ff=94.6W  PCAP→78W  power=77.1W
[PID] perf=27.307Hz  target=9.909Hz  err=-17.398Hz  corr=-362.65W  u_ff=94.6W  PCAP→78W  power=78.2W
[PID] perf=27.315Hz  target=9.909Hz  err=-17.406Hz  corr=-362.79W  u_ff=94.6W  PCAP→78W  power=77.2W
[PID] perf=27.282Hz  target=9.909Hz  err=-17.373Hz  corr=-362.18W  u_ff=94.6W  PCAP→78W  power=77.4W
[PID] perf=27.275Hz  target=9.909Hz  err=-17.366Hz  corr=-362.05W  u_ff=94.6W  PCAP→78W  power=76.6W
[PID] perf=27.282Hz  target=9.909Hz  err=-17.373Hz  corr=-362.18W  u_ff=94.6W  PCAP→78W  power=76.5W
[PID] perf=27.274Hz  target=9.909Hz  err=-17.366Hz  corr=-362.04W  u_ff=94.6W  PCAP→78W  power=77.0W
[PID] perf=27.257Hz  target=9.909Hz  err=-17.349Hz  corr=-361.73W  u_ff=94.6W  PCAP→78W  power=78.1W
[PID] perf=27.260Hz  target=9.909Hz  err=-17.352Hz  corr=-361.78W  u_ff=94.6W  PCAP→78W  power=79.1W
[PID] perf=27.300Hz  target=9.909Hz  err=-17.392Hz  corr=-362.53W  u_ff=94.6W  PCAP→78W  power=76.9W
[PID] perf=27.254Hz  target=9.909Hz  err=-17.345Hz  corr=-361.66W  u_ff=94.6W  PCAP→78W  power=77.9W
[PID] perf=27.289Hz  target=9.909Hz  err=-17.381Hz  corr=-362.32W  u_ff=94.6W  PCAP→78W  power=77.0W
[PID] perf=27.285Hz  target=9.909Hz  err=-17.376Hz  corr=-362.24W  u_ff=94.6W  PCAP→78W  power=76.8W
[PID] perf=27.295Hz  target=9.909Hz  err=-17.386Hz  corr=-362.42W  u_ff=94.6W  PCAP→78W  power=77.7W
[PID] perf=27.284Hz  target=9.909Hz  err=-17.375Hz  corr=-362.22W  u_ff=94.6W  PCAP→78W  power=78.8W
[PID] perf=27.290Hz  target=9.909Hz  err=-17.381Hz  corr=-362.33W  u_ff=94.6W  PCAP→78W  power=77.9W
[PID] perf=27.272Hz  target=9.909Hz  err=-17.363Hz  corr=-361.99W  u_ff=94.6W  PCAP→78W  power=78.7W
[PID] perf=27.270Hz  target=9.909Hz  err=-17.361Hz  corr=-361.96W  u_ff=94.6W  PCAP→78W  power=77.3W
[PID] perf=27.278Hz  target=9.909Hz  err=-17.369Hz  corr=-362.10W  u_ff=94.6W  PCAP→78W  power=78.7W
[PID] perf=27.300Hz  target=9.909Hz  err=-17.392Hz  corr=-362.52W  u_ff=94.6W  PCAP→78W  power=77.4W
[PID] perf=27.316Hz  target=9.909Hz  err=-17.407Hz  corr=-362.81W  u_ff=94.6W  PCAP→78W  power=78.4W
[PID] perf=27.308Hz  target=9.909Hz  err=-17.399Hz  corr=-362.67W  u_ff=94.6W  PCAP→78W  power=79.2W
[PID] perf=27.315Hz  target=9.909Hz  err=-17.407Hz  corr=-362.80W  u_ff=94.6W  PCAP→78W  power=78.8W
[PID] perf=27.291Hz  target=9.909Hz  err=-17.382Hz  corr=-362.35W  u_ff=94.6W  PCAP→78W  power=78.4W
[PID] perf=27.316Hz  target=9.909Hz  err=-17.408Hz  corr=-362.82W  u_ff=94.6W  PCAP→78W  power=77.0W
[PID] perf=27.300Hz  target=9.909Hz  err=-17.391Hz  corr=-362.51W  u_ff=94.6W  PCAP→78W  power=76.8W
[PID] perf=27.325Hz  target=9.909Hz  err=-17.416Hz  corr=-362.98W  u_ff=94.6W  PCAP→78W  power=77.6W
[PID] perf=27.308Hz  target=9.909Hz  err=-17.399Hz  corr=-362.66W  u_ff=94.6W  PCAP→78W  power=77.1W
[PID] perf=27.314Hz  target=9.909Hz  err=-17.405Hz  corr=-362.77W  u_ff=94.6W  PCAP→78W  power=79.0W
[PID] perf=27.298Hz  target=9.909Hz  err=-17.389Hz  corr=-362.47W  u_ff=94.6W  PCAP→78W  power=77.9W
[PID] perf=27.284Hz  target=9.909Hz  err=-17.375Hz  corr=-362.22W  u_ff=94.6W  PCAP→78W  power=78.3W
[PID] perf=27.288Hz  target=9.909Hz  err=-17.379Hz  corr=-362.29W  u_ff=94.6W  PCAP→78W  power=77.4W
[PID] perf=27.260Hz  target=9.909Hz  err=-17.351Hz  corr=-361.77W  u_ff=94.6W  PCAP→78W  power=78.6W
[PID] perf=27.266Hz  target=9.909Hz  err=-17.358Hz  corr=-361.89W  u_ff=94.6W  PCAP→78W  power=79.0W
[PID] perf=27.284Hz  target=9.909Hz  err=-17.375Hz  corr=-362.22W  u_ff=94.6W  PCAP→78W  power=77.6W
[PID] perf=27.325Hz  target=9.909Hz  err=-17.416Hz  corr=-362.98W  u_ff=94.6W  PCAP→78W  power=79.1W
[PID] perf=27.283Hz  target=9.909Hz  err=-17.375Hz  corr=-362.21W  u_ff=94.6W  PCAP→78W  power=78.8W
[PID] perf=27.311Hz  target=9.909Hz  err=-17.403Hz  corr=-362.73W  u_ff=94.6W  PCAP→78W  power=78.9W
[PID] perf=27.227Hz  target=9.909Hz  err=-17.319Hz  corr=-361.17W  u_ff=94.6W  PCAP→78W  power=76.6W
[PID] perf=27.300Hz  target=9.909Hz  err=-17.392Hz  corr=-362.52W  u_ff=94.6W  PCAP→78W  power=77.0W
[PID] perf=27.239Hz  target=9.909Hz  err=-17.330Hz  corr=-361.38W  u_ff=94.6W  PCAP→78W  power=78.8W
[PID] perf=27.277Hz  target=9.909Hz  err=-17.369Hz  corr=-362.10W  u_ff=94.6W  PCAP→78W  power=78.5W
[PID] perf=27.294Hz  target=9.909Hz  err=-17.385Hz  corr=-362.41W  u_ff=94.6W  PCAP→78W  power=77.4W
[PID] perf=27.307Hz  target=9.909Hz  err=-17.398Hz  corr=-362.65W  u_ff=94.6W  PCAP→78W  power=76.4W
[PID] perf=27.273Hz  target=9.909Hz  err=-17.365Hz  corr=-362.02W  u_ff=94.6W  PCAP→78W  power=77.6W
[PID] perf=27.347Hz  target=9.909Hz  err=-17.438Hz  corr=-363.38W  u_ff=94.6W  PCAP→78W  power=77.1W
[PID] perf=27.252Hz  target=9.909Hz  err=-17.344Hz  corr=-361.63W  u_ff=94.6W  PCAP→78W  power=78.7W
[PID] perf=27.313Hz  target=9.909Hz  err=-17.405Hz  corr=-362.76W  u_ff=94.6W  PCAP→78W  power=78.9W
[PID] perf=27.283Hz  target=9.909Hz  err=-17.375Hz  corr=-362.21W  u_ff=94.6W  PCAP→78W  power=77.1W
[PID] perf=27.277Hz  target=9.909Hz  err=-17.369Hz  corr=-362.10W  u_ff=94.6W  PCAP→78W  power=77.7W
[PID] perf=27.320Hz  target=9.909Hz  err=-17.411Hz  corr=-362.88W  u_ff=94.6W  PCAP→78W  power=76.4W
[PID] perf=27.313Hz  target=9.909Hz  err=-17.405Hz  corr=-362.77W  u_ff=94.6W  PCAP→78W  power=77.0W
[PID] perf=27.289Hz  target=9.909Hz  err=-17.380Hz  corr=-362.32W  u_ff=94.6W  PCAP→78W  power=79.3W
[PID] perf=27.297Hz  target=9.909Hz  err=-17.389Hz  corr=-362.47W  u_ff=94.6W  PCAP→78W  power=77.8W
[PID] perf=27.317Hz  target=9.909Hz  err=-17.408Hz  corr=-362.83W  u_ff=94.6W  PCAP→78W  power=76.3W
[PID] perf=27.313Hz  target=9.909Hz  err=-17.404Hz  corr=-362.76W  u_ff=94.6W  PCAP→78W  power=78.2W
[PID] perf=27.289Hz  target=9.909Hz  err=-17.380Hz  corr=-362.31W  u_ff=94.6W  PCAP→78W  power=76.9W
[PID] perf=27.275Hz  target=9.909Hz  err=-17.366Hz  corr=-362.05W  u_ff=94.6W  PCAP→78W  power=79.1W
[PID] perf=27.271Hz  target=9.909Hz  err=-17.362Hz  corr=-361.97W  u_ff=94.6W  PCAP→78W  power=76.4W
[PID] perf=27.319Hz  target=9.909Hz  err=-17.411Hz  corr=-362.88W  u_ff=94.6W  PCAP→78W  power=77.8W
[PID] perf=27.282Hz  target=9.909Hz  err=-17.373Hz  corr=-362.18W  u_ff=94.6W  PCAP→78W  power=77.9W
[PID] perf=27.286Hz  target=9.909Hz  err=-17.378Hz  corr=-362.27W  u_ff=94.6W  PCAP→78W  power=78.2W
[PID] perf=27.262Hz  target=9.909Hz  err=-17.353Hz  corr=-361.81W  u_ff=94.6W  PCAP→78W  power=77.7W
[PID] perf=27.269Hz  target=9.909Hz  err=-17.361Hz  corr=-361.95W  u_ff=94.6W  PCAP→78W  power=77.8W
[PID] perf=27.279Hz  target=9.909Hz  err=-17.370Hz  corr=-362.13W  u_ff=94.6W  PCAP→78W  power=77.7W
[PID] perf=27.308Hz  target=9.909Hz  err=-17.400Hz  corr=-362.67W  u_ff=94.6W  PCAP→78W  power=79.1W
[PID] perf=27.240Hz  target=9.909Hz  err=-17.332Hz  corr=-361.41W  u_ff=94.6W  PCAP→78W  power=79.1W
[PID] perf=27.264Hz  target=9.909Hz  err=-17.356Hz  corr=-361.85W  u_ff=94.6W  PCAP→78W  power=78.5W
[PID] perf=27.257Hz  target=9.909Hz  err=-17.349Hz  corr=-361.72W  u_ff=94.6W  PCAP→78W  power=78.0W
[PID] perf=27.254Hz  target=9.909Hz  err=-17.346Hz  corr=-361.67W  u_ff=94.6W  PCAP→78W  power=76.9W
[PID] perf=27.240Hz  target=9.909Hz  err=-17.332Hz  corr=-361.41W  u_ff=94.6W  PCAP→78W  power=79.1W
[PID] perf=27.262Hz  target=9.909Hz  err=-17.353Hz  corr=-361.81W  u_ff=94.6W  PCAP→78W  power=77.6W
[PID] perf=27.247Hz  target=9.909Hz  err=-17.339Hz  corr=-361.54W  u_ff=94.6W  PCAP→78W  power=79.2W
[PID] perf=27.264Hz  target=9.909Hz  err=-17.356Hz  corr=-361.86W  u_ff=94.6W  PCAP→78W  power=76.1W
[PID] perf=27.248Hz  target=9.909Hz  err=-17.339Hz  corr=-361.55W  u_ff=94.6W  PCAP→78W  power=76.9W
[PID] perf=27.246Hz  target=9.909Hz  err=-17.338Hz  corr=-361.52W  u_ff=94.6W  PCAP→78W  power=79.0W
[PID] perf=27.277Hz  target=9.909Hz  err=-17.369Hz  corr=-362.10W  u_ff=94.6W  PCAP→78W  power=78.9W
[PID] perf=27.261Hz  target=9.909Hz  err=-17.352Hz  corr=-361.79W  u_ff=94.6W  PCAP→78W  power=76.5W
[PID] perf=27.239Hz  target=9.909Hz  err=-17.331Hz  corr=-361.40W  u_ff=94.6W  PCAP→78W  power=77.6W
[PID] perf=27.261Hz  target=9.909Hz  err=-17.353Hz  corr=-361.80W  u_ff=94.6W  PCAP→78W  power=78.9W
[PID] perf=27.286Hz  target=9.909Hz  err=-17.377Hz  corr=-362.26W  u_ff=94.6W  PCAP→78W  power=79.2W
[PID] perf=27.291Hz  target=9.909Hz  err=-17.382Hz  corr=-362.35W  u_ff=94.6W  PCAP→78W  power=79.1W
[PID] perf=27.263Hz  target=9.909Hz  err=-17.354Hz  corr=-361.83W  u_ff=94.6W  PCAP→78W  power=78.1W
[PID] perf=27.281Hz  target=9.909Hz  err=-17.373Hz  corr=-362.17W  u_ff=94.6W  PCAP→78W  power=78.3W
[PID] perf=27.245Hz  target=9.909Hz  err=-17.336Hz  corr=-361.49W  u_ff=94.6W  PCAP→78W  power=78.0W
[PID] perf=27.276Hz  target=9.909Hz  err=-17.368Hz  corr=-362.08W  u_ff=94.6W  PCAP→78W  power=76.7W
[PID] perf=27.247Hz  target=9.909Hz  err=-17.339Hz  corr=-361.54W  u_ff=94.6W  PCAP→78W  power=78.7W
[PID] perf=27.254Hz  target=9.909Hz  err=-17.345Hz  corr=-361.66W  u_ff=94.6W  PCAP→78W  power=77.8W
[PID] perf=27.226Hz  target=9.909Hz  err=-17.317Hz  corr=-361.15W  u_ff=94.6W  PCAP→78W  power=78.1W
[PID] perf=27.276Hz  target=9.909Hz  err=-17.368Hz  corr=-362.08W  u_ff=94.6W  PCAP→78W  power=77.5W
[PID] perf=27.244Hz  target=9.909Hz  err=-17.336Hz  corr=-361.49W  u_ff=94.6W  PCAP→78W  power=77.2W
[PID] perf=27.233Hz  target=9.909Hz  err=-17.325Hz  corr=-361.28W  u_ff=94.6W  PCAP→78W  power=78.5W
[PID] perf=27.275Hz  target=9.909Hz  err=-17.366Hz  corr=-362.05W  u_ff=94.6W  PCAP→78W  power=76.4W
[PID] perf=27.265Hz  target=9.909Hz  err=-17.356Hz  corr=-361.87W  u_ff=94.6W  PCAP→78W  power=77.2W
[PID] perf=27.263Hz  target=9.909Hz  err=-17.354Hz  corr=-361.83W  u_ff=94.6W  PCAP→78W  power=76.7W
[PID] perf=27.308Hz  target=9.909Hz  err=-17.400Hz  corr=-362.67W  u_ff=94.6W  PCAP→78W  power=77.8W
[PID] perf=27.287Hz  target=9.909Hz  err=-17.379Hz  corr=-362.28W  u_ff=94.6W  PCAP→78W  power=78.7W
[PID] perf=27.304Hz  target=9.909Hz  err=-17.395Hz  corr=-362.59W  u_ff=94.6W  PCAP→78W  power=79.1W
[PID] perf=27.303Hz  target=9.909Hz  err=-17.395Hz  corr=-362.58W  u_ff=94.6W  PCAP→78W  power=77.4W
[PID] perf=27.262Hz  target=9.909Hz  err=-17.353Hz  corr=-361.82W  u_ff=94.6W  PCAP→78W  power=76.3W
[PID] perf=27.286Hz  target=9.909Hz  err=-17.378Hz  corr=-362.27W  u_ff=94.6W  PCAP→78W  power=77.7W
[PID] perf=27.234Hz  target=9.909Hz  err=-17.325Hz  corr=-361.29W  u_ff=94.6W  PCAP→78W  power=78.0W
[PID] perf=27.291Hz  target=9.909Hz  err=-17.383Hz  corr=-362.36W  u_ff=94.6W  PCAP→78W  power=76.2W
[PID] perf=27.252Hz  target=9.909Hz  err=-17.344Hz  corr=-361.63W  u_ff=94.6W  PCAP→78W  power=79.2W
[PID] perf=27.271Hz  target=9.909Hz  err=-17.362Hz  corr=-361.97W  u_ff=94.6W  PCAP→78W  power=76.4W
[PID] perf=27.277Hz  target=9.909Hz  err=-17.369Hz  corr=-362.10W  u_ff=94.6W  PCAP→78W  power=79.0W
[PID] perf=27.262Hz  target=9.909Hz  err=-17.353Hz  corr=-361.81W  u_ff=94.6W  PCAP→78W  power=78.2W
[PID] perf=27.288Hz  target=9.909Hz  err=-17.379Hz  corr=-362.29W  u_ff=94.6W  PCAP→78W  power=79.0W
[PID] perf=27.281Hz  target=9.909Hz  err=-17.373Hz  corr=-362.17W  u_ff=94.6W  PCAP→78W  power=77.3W
[PID] perf=16.089Hz  target=9.909Hz  err=-6.181Hz  corr=-154.62W  u_ff=94.6W  PCAP→78W  power=78.0W
[PID] perf=13.339Hz  target=9.909Hz  err=-3.431Hz  corr=-103.62W  u_ff=94.6W  PCAP→78W  power=78.0W
[PID] perf=14.826Hz  target=9.909Hz  err=-4.917Hz  corr=-131.19W  u_ff=94.6W  PCAP→78W  power=78.0W
[PID] perf=18.074Hz  target=9.909Hz  err=-8.166Hz  corr=-191.43W  u_ff=94.6W  PCAP→78W  power=79.4W
[PID] perf=27.240Hz  target=9.909Hz  err=-17.331Hz  corr=-361.41W  u_ff=94.6W  PCAP→78W  power=79.0W
[PID] perf=27.256Hz  target=9.909Hz  err=-17.347Hz  corr=-361.70W  u_ff=94.6W  PCAP→78W  power=76.2W
[PID] perf=27.261Hz  target=9.909Hz  err=-17.353Hz  corr=-361.80W  u_ff=94.6W  PCAP→78W  power=77.8W
[PID] perf=27.265Hz  target=9.909Hz  err=-17.356Hz  corr=-361.87W  u_ff=94.6W  PCAP→78W  power=76.0W
[PID] perf=27.277Hz  target=9.909Hz  err=-17.368Hz  corr=-362.09W  u_ff=94.6W  PCAP→78W  power=76.9W
[PID] perf=27.261Hz  target=9.909Hz  err=-17.352Hz  corr=-361.79W  u_ff=94.6W  PCAP→78W  power=78.5W
[PID] perf=27.139Hz  target=9.909Hz  err=-17.230Hz  corr=-359.53W  u_ff=94.6W  PCAP→78W  power=78.5W
[PID] perf=27.171Hz  target=9.909Hz  err=-17.262Hz  corr=-360.12W  u_ff=94.6W  PCAP→78W  power=78.3W
[PID] perf=26.719Hz  target=9.909Hz  err=-16.810Hz  corr=-351.74W  u_ff=94.6W  PCAP→78W  power=77.8W
[PID] perf=26.765Hz  target=9.909Hz  err=-16.856Hz  corr=-352.60W  u_ff=94.6W  PCAP→78W  power=77.1W
[PID] perf=26.782Hz  target=9.909Hz  err=-16.873Hz  corr=-352.91W  u_ff=94.6W  PCAP→78W  power=77.4W
[PID] perf=26.803Hz  target=9.909Hz  err=-16.894Hz  corr=-353.30W  u_ff=94.6W  PCAP→78W  power=78.5W
[PID] perf=26.807Hz  target=9.909Hz  err=-16.899Hz  corr=-353.38W  u_ff=94.6W  PCAP→78W  power=78.0W
[PID] perf=26.811Hz  target=9.909Hz  err=-16.903Hz  corr=-353.46W  u_ff=94.6W  PCAP→78W  power=76.6W
[PID] perf=26.774Hz  target=9.909Hz  err=-16.865Hz  corr=-352.76W  u_ff=94.6W  PCAP→78W  power=78.8W
[PID] perf=26.788Hz  target=9.909Hz  err=-16.879Hz  corr=-353.02W  u_ff=94.6W  PCAP→78W  power=78.6W
[PID] perf=26.791Hz  target=9.909Hz  err=-16.883Hz  corr=-353.08W  u_ff=94.6W  PCAP→78W  power=79.5W
[PID] perf=26.772Hz  target=9.909Hz  err=-16.863Hz  corr=-352.72W  u_ff=94.6W  PCAP→78W  power=76.8W
Process completed.
Compressed into /home/cc/summer2024/main_codes/pid_controller/../experiment_data/PID_Control_sweep/ones-npb-cg/compressed_iteration_20260513_065837.tar
----------------------------------

>>> Step 3/3

[ones-npb-cg]
  target perf      : 9.9086 Hz
  coefficients_perf: [-0.0006547837485238978, 0.18607436314256556, -1.8317688501798497]
  feedforward PCAP : 94.56 W  →  95 W (snapped)
  Perf(u_ff) check : 9.9086 Hz  (should ≈ target)
  PID gains        : Kp=18.5447 W/Hz  Ki=1.85447 W/(Hz·s)  Kd=0.0000
[PID] Awaiting data — feedforward PCAP=95W
[PID] Awaiting data — feedforward PCAP=95W
[PID] Awaiting data — feedforward PCAP=95W
[PID] Awaiting data — feedforward PCAP=95W
[PID] Awaiting data — feedforward PCAP=95W
[PID] Awaiting data — feedforward PCAP=95W
[PID] perf=19.895Hz  target=9.909Hz  err=-9.986Hz  corr=-222.23W  u_ff=94.6W  PCAP→78W  power=nanW
[PID] perf=18.176Hz  target=9.909Hz  err=-8.268Hz  corr=-193.32W  u_ff=94.6W  PCAP→78W  power=77.9W
[PID] perf=18.191Hz  target=9.909Hz  err=-8.283Hz  corr=-193.60W  u_ff=94.6W  PCAP→78W  power=78.7W
[PID] perf=18.199Hz  target=9.909Hz  err=-8.291Hz  corr=-193.75W  u_ff=94.6W  PCAP→78W  power=77.9W
[PID] perf=18.217Hz  target=9.909Hz  err=-8.308Hz  corr=-194.07W  u_ff=94.6W  PCAP→78W  power=78.1W
[PID] perf=18.196Hz  target=9.909Hz  err=-8.287Hz  corr=-193.69W  u_ff=94.6W  PCAP→78W  power=78.4W
[PID] perf=18.212Hz  target=9.909Hz  err=-8.303Hz  corr=-193.98W  u_ff=94.6W  PCAP→78W  power=77.7W
[PID] perf=18.210Hz  target=9.909Hz  err=-8.302Hz  corr=-193.95W  u_ff=94.6W  PCAP→78W  power=76.7W
[PID] perf=23.702Hz  target=9.909Hz  err=-13.794Hz  corr=-295.80W  u_ff=94.6W  PCAP→78W  power=76.4W
[PID] perf=29.241Hz  target=9.909Hz  err=-19.332Hz  corr=-398.51W  u_ff=94.6W  PCAP→78W  power=77.3W
[PID] perf=29.322Hz  target=9.909Hz  err=-19.413Hz  corr=-400.02W  u_ff=94.6W  PCAP→78W  power=78.7W
[PID] perf=29.293Hz  target=9.909Hz  err=-19.385Hz  corr=-399.49W  u_ff=94.6W  PCAP→78W  power=79.3W
[PID] perf=29.356Hz  target=9.909Hz  err=-19.447Hz  corr=-400.64W  u_ff=94.6W  PCAP→78W  power=77.2W
[PID] perf=29.397Hz  target=9.909Hz  err=-19.489Hz  corr=-401.41W  u_ff=94.6W  PCAP→78W  power=78.4W
[PID] perf=29.359Hz  target=9.909Hz  err=-19.450Hz  corr=-400.70W  u_ff=94.6W  PCAP→78W  power=78.2W
[PID] perf=29.333Hz  target=9.909Hz  err=-19.424Hz  corr=-400.21W  u_ff=94.6W  PCAP→78W  power=78.4W
[PID] perf=29.324Hz  target=9.909Hz  err=-19.416Hz  corr=-400.06W  u_ff=94.6W  PCAP→78W  power=77.7W
[PID] perf=29.334Hz  target=9.909Hz  err=-19.426Hz  corr=-400.24W  u_ff=94.6W  PCAP→78W  power=77.2W
[PID] perf=29.203Hz  target=9.909Hz  err=-19.295Hz  corr=-397.82W  u_ff=94.6W  PCAP→78W  power=78.7W
[PID] perf=29.223Hz  target=9.909Hz  err=-19.315Hz  corr=-398.18W  u_ff=94.6W  PCAP→78W  power=78.6W
[PID] perf=29.208Hz  target=9.909Hz  err=-19.299Hz  corr=-397.90W  u_ff=94.6W  PCAP→78W  power=78.6W
[PID] perf=29.241Hz  target=9.909Hz  err=-19.333Hz  corr=-398.52W  u_ff=94.6W  PCAP→78W  power=76.7W
[PID] perf=29.230Hz  target=9.909Hz  err=-19.321Hz  corr=-398.30W  u_ff=94.6W  PCAP→78W  power=76.9W
[PID] perf=29.239Hz  target=9.909Hz  err=-19.331Hz  corr=-398.49W  u_ff=94.6W  PCAP→78W  power=77.0W
[PID] perf=29.224Hz  target=9.909Hz  err=-19.315Hz  corr=-398.20W  u_ff=94.6W  PCAP→78W  power=77.8W
[PID] perf=29.214Hz  target=9.909Hz  err=-19.306Hz  corr=-398.01W  u_ff=94.6W  PCAP→78W  power=78.2W
[PID] perf=29.235Hz  target=9.909Hz  err=-19.327Hz  corr=-398.41W  u_ff=94.6W  PCAP→78W  power=77.1W
[PID] perf=29.234Hz  target=9.909Hz  err=-19.325Hz  corr=-398.38W  u_ff=94.6W  PCAP→78W  power=76.3W
[PID] perf=29.251Hz  target=9.909Hz  err=-19.343Hz  corr=-398.71W  u_ff=94.6W  PCAP→78W  power=78.5W
[PID] perf=29.252Hz  target=9.909Hz  err=-19.344Hz  corr=-398.72W  u_ff=94.6W  PCAP→78W  power=78.4W
[PID] perf=29.252Hz  target=9.909Hz  err=-19.344Hz  corr=-398.72W  u_ff=94.6W  PCAP→78W  power=76.6W
[PID] perf=29.206Hz  target=9.909Hz  err=-19.298Hz  corr=-397.87W  u_ff=94.6W  PCAP→78W  power=77.7W
[PID] perf=29.226Hz  target=9.909Hz  err=-19.318Hz  corr=-398.24W  u_ff=94.6W  PCAP→78W  power=78.0W
[PID] perf=29.237Hz  target=9.909Hz  err=-19.329Hz  corr=-398.45W  u_ff=94.6W  PCAP→78W  power=78.3W
[PID] perf=29.203Hz  target=9.909Hz  err=-19.294Hz  corr=-397.80W  u_ff=94.6W  PCAP→78W  power=79.2W
[PID] perf=29.235Hz  target=9.909Hz  err=-19.326Hz  corr=-398.40W  u_ff=94.6W  PCAP→78W  power=79.1W
[PID] perf=29.237Hz  target=9.909Hz  err=-19.328Hz  corr=-398.44W  u_ff=94.6W  PCAP→78W  power=77.2W
[PID] perf=29.229Hz  target=9.909Hz  err=-19.321Hz  corr=-398.30W  u_ff=94.6W  PCAP→78W  power=78.5W
[PID] perf=29.232Hz  target=9.909Hz  err=-19.324Hz  corr=-398.35W  u_ff=94.6W  PCAP→78W  power=78.9W
[PID] perf=29.273Hz  target=9.909Hz  err=-19.364Hz  corr=-399.10W  u_ff=94.6W  PCAP→78W  power=77.4W
[PID] perf=29.245Hz  target=9.909Hz  err=-19.336Hz  corr=-398.59W  u_ff=94.6W  PCAP→78W  power=77.5W
[PID] perf=29.251Hz  target=9.909Hz  err=-19.343Hz  corr=-398.71W  u_ff=94.6W  PCAP→78W  power=77.6W
[PID] perf=29.190Hz  target=9.909Hz  err=-19.281Hz  corr=-397.56W  u_ff=94.6W  PCAP→78W  power=76.0W
[PID] perf=29.232Hz  target=9.909Hz  err=-19.323Hz  corr=-398.34W  u_ff=94.6W  PCAP→78W  power=77.0W
[PID] perf=29.215Hz  target=9.909Hz  err=-19.306Hz  corr=-398.02W  u_ff=94.6W  PCAP→78W  power=77.5W
[PID] perf=29.274Hz  target=9.909Hz  err=-19.365Hz  corr=-399.12W  u_ff=94.6W  PCAP→78W  power=78.5W
[PID] perf=29.254Hz  target=9.909Hz  err=-19.346Hz  corr=-398.76W  u_ff=94.6W  PCAP→78W  power=78.4W
[PID] perf=29.228Hz  target=9.909Hz  err=-19.319Hz  corr=-398.27W  u_ff=94.6W  PCAP→78W  power=76.1W
[PID] perf=29.238Hz  target=9.909Hz  err=-19.330Hz  corr=-398.46W  u_ff=94.6W  PCAP→78W  power=77.1W
[PID] perf=29.244Hz  target=9.909Hz  err=-19.335Hz  corr=-398.57W  u_ff=94.6W  PCAP→78W  power=78.9W
[PID] perf=29.203Hz  target=9.909Hz  err=-19.294Hz  corr=-397.81W  u_ff=94.6W  PCAP→78W  power=78.8W
[PID] perf=29.251Hz  target=9.909Hz  err=-19.342Hz  corr=-398.69W  u_ff=94.6W  PCAP→78W  power=78.6W
[PID] perf=29.271Hz  target=9.909Hz  err=-19.362Hz  corr=-399.07W  u_ff=94.6W  PCAP→78W  power=79.0W
[PID] perf=29.242Hz  target=9.909Hz  err=-19.333Hz  corr=-398.53W  u_ff=94.6W  PCAP→78W  power=77.4W
[PID] perf=29.236Hz  target=9.909Hz  err=-19.327Hz  corr=-398.42W  u_ff=94.6W  PCAP→78W  power=76.9W
[PID] perf=29.289Hz  target=9.909Hz  err=-19.380Hz  corr=-399.40W  u_ff=94.6W  PCAP→78W  power=78.3W
[PID] perf=29.199Hz  target=9.909Hz  err=-19.290Hz  corr=-397.73W  u_ff=94.6W  PCAP→78W  power=79.0W
[PID] perf=29.194Hz  target=9.909Hz  err=-19.285Hz  corr=-397.64W  u_ff=94.6W  PCAP→78W  power=77.5W
[PID] perf=29.237Hz  target=9.909Hz  err=-19.328Hz  corr=-398.43W  u_ff=94.6W  PCAP→78W  power=78.3W
[PID] perf=29.209Hz  target=9.909Hz  err=-19.300Hz  corr=-397.92W  u_ff=94.6W  PCAP→78W  power=77.6W
[PID] perf=29.233Hz  target=9.909Hz  err=-19.325Hz  corr=-398.37W  u_ff=94.6W  PCAP→78W  power=77.2W
[PID] perf=29.224Hz  target=9.909Hz  err=-19.316Hz  corr=-398.20W  u_ff=94.6W  PCAP→78W  power=76.9W
[PID] perf=29.243Hz  target=9.909Hz  err=-19.334Hz  corr=-398.55W  u_ff=94.6W  PCAP→78W  power=79.6W
[PID] perf=29.218Hz  target=9.909Hz  err=-19.310Hz  corr=-398.09W  u_ff=94.6W  PCAP→78W  power=78.0W
[PID] perf=29.226Hz  target=9.909Hz  err=-19.317Hz  corr=-398.23W  u_ff=94.6W  PCAP→78W  power=76.4W
[PID] perf=29.210Hz  target=9.909Hz  err=-19.301Hz  corr=-397.93W  u_ff=94.6W  PCAP→78W  power=77.2W
[PID] perf=29.244Hz  target=9.909Hz  err=-19.335Hz  corr=-398.56W  u_ff=94.6W  PCAP→78W  power=78.3W
[PID] perf=29.236Hz  target=9.909Hz  err=-19.327Hz  corr=-398.42W  u_ff=94.6W  PCAP→78W  power=77.8W
[PID] perf=29.232Hz  target=9.909Hz  err=-19.323Hz  corr=-398.34W  u_ff=94.6W  PCAP→78W  power=79.0W
[PID] perf=29.213Hz  target=9.909Hz  err=-19.305Hz  corr=-398.00W  u_ff=94.6W  PCAP→78W  power=77.2W
[PID] perf=29.306Hz  target=9.909Hz  err=-19.398Hz  corr=-399.72W  u_ff=94.6W  PCAP→78W  power=78.1W
[PID] perf=29.311Hz  target=9.909Hz  err=-19.403Hz  corr=-399.82W  u_ff=94.6W  PCAP→78W  power=77.2W
[PID] perf=29.343Hz  target=9.909Hz  err=-19.435Hz  corr=-400.41W  u_ff=94.6W  PCAP→78W  power=81.3W
[PID] perf=29.310Hz  target=9.909Hz  err=-19.401Hz  corr=-399.79W  u_ff=94.6W  PCAP→78W  power=78.0W
[PID] perf=29.287Hz  target=9.909Hz  err=-19.378Hz  corr=-399.36W  u_ff=94.6W  PCAP→78W  power=77.1W
[PID] perf=29.311Hz  target=9.909Hz  err=-19.403Hz  corr=-399.82W  u_ff=94.6W  PCAP→78W  power=78.7W
[PID] perf=29.311Hz  target=9.909Hz  err=-19.403Hz  corr=-399.82W  u_ff=94.6W  PCAP→78W  power=79.4W
[PID] perf=29.315Hz  target=9.909Hz  err=-19.406Hz  corr=-399.89W  u_ff=94.6W  PCAP→78W  power=77.1W
[PID] perf=29.304Hz  target=9.909Hz  err=-19.396Hz  corr=-399.69W  u_ff=94.6W  PCAP→78W  power=77.7W
[PID] perf=29.345Hz  target=9.909Hz  err=-19.437Hz  corr=-400.44W  u_ff=94.6W  PCAP→78W  power=77.4W
[PID] perf=29.342Hz  target=9.909Hz  err=-19.433Hz  corr=-400.39W  u_ff=94.6W  PCAP→78W  power=77.3W
[PID] perf=29.320Hz  target=9.909Hz  err=-19.412Hz  corr=-399.99W  u_ff=94.6W  PCAP→78W  power=78.9W
[PID] perf=29.347Hz  target=9.909Hz  err=-19.438Hz  corr=-400.47W  u_ff=94.6W  PCAP→78W  power=77.9W
[PID] perf=29.349Hz  target=9.909Hz  err=-19.440Hz  corr=-400.52W  u_ff=94.6W  PCAP→78W  power=77.6W
[PID] perf=29.348Hz  target=9.909Hz  err=-19.440Hz  corr=-400.50W  u_ff=94.6W  PCAP→78W  power=77.6W
[PID] perf=29.314Hz  target=9.909Hz  err=-19.405Hz  corr=-399.87W  u_ff=94.6W  PCAP→78W  power=77.0W
[PID] perf=29.314Hz  target=9.909Hz  err=-19.405Hz  corr=-399.86W  u_ff=94.6W  PCAP→78W  power=78.8W
[PID] perf=29.311Hz  target=9.909Hz  err=-19.403Hz  corr=-399.82W  u_ff=94.6W  PCAP→78W  power=78.0W
[PID] perf=29.315Hz  target=9.909Hz  err=-19.406Hz  corr=-399.89W  u_ff=94.6W  PCAP→78W  power=78.6W
[PID] perf=29.306Hz  target=9.909Hz  err=-19.397Hz  corr=-399.71W  u_ff=94.6W  PCAP→78W  power=78.6W
[PID] perf=29.318Hz  target=9.909Hz  err=-19.409Hz  corr=-399.93W  u_ff=94.6W  PCAP→78W  power=77.8W
[PID] perf=29.352Hz  target=9.909Hz  err=-19.444Hz  corr=-400.58W  u_ff=94.6W  PCAP→78W  power=76.3W
[PID] perf=29.339Hz  target=9.909Hz  err=-19.431Hz  corr=-400.34W  u_ff=94.6W  PCAP→78W  power=76.9W
[PID] perf=29.323Hz  target=9.909Hz  err=-19.415Hz  corr=-400.04W  u_ff=94.6W  PCAP→78W  power=79.0W
[PID] perf=29.313Hz  target=9.909Hz  err=-19.405Hz  corr=-399.85W  u_ff=94.6W  PCAP→78W  power=77.7W
[PID] perf=29.285Hz  target=9.909Hz  err=-19.377Hz  corr=-399.34W  u_ff=94.6W  PCAP→78W  power=77.2W
[PID] perf=29.318Hz  target=9.909Hz  err=-19.409Hz  corr=-399.93W  u_ff=94.6W  PCAP→78W  power=78.3W
[PID] perf=29.321Hz  target=9.909Hz  err=-19.413Hz  corr=-400.00W  u_ff=94.6W  PCAP→78W  power=78.8W
[PID] perf=29.309Hz  target=9.909Hz  err=-19.401Hz  corr=-399.78W  u_ff=94.6W  PCAP→78W  power=78.5W
[PID] perf=29.355Hz  target=9.909Hz  err=-19.446Hz  corr=-400.62W  u_ff=94.6W  PCAP→78W  power=78.5W
[PID] perf=29.402Hz  target=9.909Hz  err=-19.493Hz  corr=-401.49W  u_ff=94.6W  PCAP→78W  power=78.4W
[PID] perf=29.429Hz  target=9.909Hz  err=-19.521Hz  corr=-402.01W  u_ff=94.6W  PCAP→78W  power=79.2W
[PID] perf=29.494Hz  target=9.909Hz  err=-19.586Hz  corr=-403.21W  u_ff=94.6W  PCAP→78W  power=77.4W
[PID] perf=29.476Hz  target=9.909Hz  err=-19.567Hz  corr=-402.86W  u_ff=94.6W  PCAP→78W  power=76.5W
[PID] perf=29.412Hz  target=9.909Hz  err=-19.503Hz  corr=-401.68W  u_ff=94.6W  PCAP→78W  power=77.8W
[PID] perf=29.430Hz  target=9.909Hz  err=-19.522Hz  corr=-402.02W  u_ff=94.6W  PCAP→78W  power=78.4W
[PID] perf=29.417Hz  target=9.909Hz  err=-19.508Hz  corr=-401.77W  u_ff=94.6W  PCAP→78W  power=78.9W
[PID] perf=29.429Hz  target=9.909Hz  err=-19.520Hz  corr=-402.00W  u_ff=94.6W  PCAP→78W  power=78.8W
[PID] perf=29.429Hz  target=9.909Hz  err=-19.521Hz  corr=-402.00W  u_ff=94.6W  PCAP→78W  power=78.1W
[PID] perf=29.427Hz  target=9.909Hz  err=-19.518Hz  corr=-401.96W  u_ff=94.6W  PCAP→78W  power=78.7W
[PID] perf=29.438Hz  target=9.909Hz  err=-19.529Hz  corr=-402.16W  u_ff=94.6W  PCAP→78W  power=78.3W
[PID] perf=29.427Hz  target=9.909Hz  err=-19.518Hz  corr=-401.96W  u_ff=94.6W  PCAP→78W  power=78.8W
[PID] perf=29.345Hz  target=9.909Hz  err=-19.437Hz  corr=-400.45W  u_ff=94.6W  PCAP→78W  power=78.7W
[PID] perf=29.416Hz  target=9.909Hz  err=-19.507Hz  corr=-401.76W  u_ff=94.6W  PCAP→78W  power=79.1W
[PID] perf=29.434Hz  target=9.909Hz  err=-19.526Hz  corr=-402.10W  u_ff=94.6W  PCAP→78W  power=78.9W
[PID] perf=29.437Hz  target=9.909Hz  err=-19.529Hz  corr=-402.15W  u_ff=94.6W  PCAP→78W  power=77.4W
[PID] perf=29.430Hz  target=9.909Hz  err=-19.522Hz  corr=-402.02W  u_ff=94.6W  PCAP→78W  power=76.7W
[PID] perf=29.409Hz  target=9.909Hz  err=-19.501Hz  corr=-401.63W  u_ff=94.6W  PCAP→78W  power=77.3W
[PID] perf=29.436Hz  target=9.909Hz  err=-19.528Hz  corr=-402.14W  u_ff=94.6W  PCAP→78W  power=78.9W
[PID] perf=29.364Hz  target=9.909Hz  err=-19.455Hz  corr=-400.79W  u_ff=94.6W  PCAP→78W  power=79.0W
[PID] perf=27.435Hz  target=9.909Hz  err=-17.526Hz  corr=-365.02W  u_ff=94.6W  PCAP→78W  power=79.2W
[PID] perf=27.488Hz  target=9.909Hz  err=-17.579Hz  corr=-366.00W  u_ff=94.6W  PCAP→78W  power=78.2W
[PID] perf=27.516Hz  target=9.909Hz  err=-17.607Hz  corr=-366.52W  u_ff=94.6W  PCAP→78W  power=78.9W
[PID] perf=27.449Hz  target=9.909Hz  err=-17.541Hz  corr=-365.29W  u_ff=94.6W  PCAP→78W  power=77.9W
[PID] perf=27.427Hz  target=9.909Hz  err=-17.519Hz  corr=-364.88W  u_ff=94.6W  PCAP→78W  power=77.1W
[PID] perf=27.445Hz  target=9.909Hz  err=-17.536Hz  corr=-365.20W  u_ff=94.6W  PCAP→78W  power=76.9W
[PID] perf=27.404Hz  target=9.909Hz  err=-17.496Hz  corr=-364.46W  u_ff=94.6W  PCAP→78W  power=77.1W
[PID] perf=27.539Hz  target=9.909Hz  err=-17.631Hz  corr=-366.95W  u_ff=94.6W  PCAP→78W  power=79.0W
[PID] perf=27.535Hz  target=9.909Hz  err=-17.626Hz  corr=-366.87W  u_ff=94.6W  PCAP→78W  power=78.3W
[PID] perf=27.569Hz  target=9.909Hz  err=-17.661Hz  corr=-367.51W  u_ff=94.6W  PCAP→78W  power=79.0W
[PID] perf=27.572Hz  target=9.909Hz  err=-17.663Hz  corr=-367.56W  u_ff=94.6W  PCAP→78W  power=78.5W
[PID] perf=27.596Hz  target=9.909Hz  err=-17.688Hz  corr=-368.01W  u_ff=94.6W  PCAP→78W  power=79.4W
[PID] perf=27.615Hz  target=9.909Hz  err=-17.707Hz  corr=-368.36W  u_ff=94.6W  PCAP→78W  power=77.9W
[PID] perf=27.567Hz  target=9.909Hz  err=-17.659Hz  corr=-367.47W  u_ff=94.6W  PCAP→78W  power=78.1W
[PID] perf=27.569Hz  target=9.909Hz  err=-17.661Hz  corr=-367.51W  u_ff=94.6W  PCAP→78W  power=76.6W
[PID] perf=27.607Hz  target=9.909Hz  err=-17.698Hz  corr=-368.21W  u_ff=94.6W  PCAP→78W  power=77.7W
[PID] perf=27.592Hz  target=9.909Hz  err=-17.683Hz  corr=-367.93W  u_ff=94.6W  PCAP→78W  power=77.2W
[PID] perf=27.609Hz  target=9.909Hz  err=-17.700Hz  corr=-368.25W  u_ff=94.6W  PCAP→78W  power=79.1W
[PID] perf=27.607Hz  target=9.909Hz  err=-17.698Hz  corr=-368.21W  u_ff=94.6W  PCAP→78W  power=77.5W
[PID] perf=27.630Hz  target=9.909Hz  err=-17.722Hz  corr=-368.64W  u_ff=94.6W  PCAP→78W  power=78.0W
[PID] perf=27.549Hz  target=9.909Hz  err=-17.640Hz  corr=-367.13W  u_ff=94.6W  PCAP→78W  power=78.7W
[PID] perf=27.589Hz  target=9.909Hz  err=-17.680Hz  corr=-367.88W  u_ff=94.6W  PCAP→78W  power=78.8W
[PID] perf=27.547Hz  target=9.909Hz  err=-17.639Hz  corr=-367.10W  u_ff=94.6W  PCAP→78W  power=77.9W
[PID] perf=27.569Hz  target=9.909Hz  err=-17.661Hz  corr=-367.51W  u_ff=94.6W  PCAP→78W  power=77.2W
[PID] perf=27.597Hz  target=9.909Hz  err=-17.688Hz  corr=-368.03W  u_ff=94.6W  PCAP→78W  power=77.5W
[PID] perf=27.583Hz  target=9.909Hz  err=-17.674Hz  corr=-367.76W  u_ff=94.6W  PCAP→78W  power=77.8W
[PID] perf=27.545Hz  target=9.909Hz  err=-17.636Hz  corr=-367.05W  u_ff=94.6W  PCAP→78W  power=79.1W
[PID] perf=27.547Hz  target=9.909Hz  err=-17.639Hz  corr=-367.10W  u_ff=94.6W  PCAP→78W  power=77.9W
[PID] perf=27.550Hz  target=9.909Hz  err=-17.642Hz  corr=-367.16W  u_ff=94.6W  PCAP→78W  power=76.6W
[PID] perf=27.572Hz  target=9.909Hz  err=-17.664Hz  corr=-367.57W  u_ff=94.6W  PCAP→78W  power=76.9W
[PID] perf=27.548Hz  target=9.909Hz  err=-17.639Hz  corr=-367.11W  u_ff=94.6W  PCAP→78W  power=77.6W
[PID] perf=27.579Hz  target=9.909Hz  err=-17.670Hz  corr=-367.69W  u_ff=94.6W  PCAP→78W  power=78.8W
[PID] perf=27.560Hz  target=9.909Hz  err=-17.651Hz  corr=-367.34W  u_ff=94.6W  PCAP→78W  power=79.1W
[PID] perf=27.566Hz  target=9.909Hz  err=-17.657Hz  corr=-367.45W  u_ff=94.6W  PCAP→78W  power=77.8W
[PID] perf=27.590Hz  target=9.909Hz  err=-17.681Hz  corr=-367.89W  u_ff=94.6W  PCAP→78W  power=78.7W
[PID] perf=27.577Hz  target=9.909Hz  err=-17.668Hz  corr=-367.65W  u_ff=94.6W  PCAP→78W  power=78.5W
[PID] perf=27.589Hz  target=9.909Hz  err=-17.680Hz  corr=-367.88W  u_ff=94.6W  PCAP→78W  power=79.0W
[PID] perf=27.561Hz  target=9.909Hz  err=-17.653Hz  corr=-367.36W  u_ff=94.6W  PCAP→78W  power=77.9W
[PID] perf=27.567Hz  target=9.909Hz  err=-17.658Hz  corr=-367.46W  u_ff=94.6W  PCAP→78W  power=76.5W
[PID] perf=27.581Hz  target=9.909Hz  err=-17.673Hz  corr=-367.74W  u_ff=94.6W  PCAP→78W  power=77.7W
[PID] perf=27.601Hz  target=9.909Hz  err=-17.692Hz  corr=-368.10W  u_ff=94.6W  PCAP→78W  power=77.1W
[PID] perf=27.602Hz  target=9.909Hz  err=-17.694Hz  corr=-368.12W  u_ff=94.6W  PCAP→78W  power=77.7W
[PID] perf=24.488Hz  target=9.909Hz  err=-14.580Hz  corr=-310.38W  u_ff=94.6W  PCAP→78W  power=77.5W
[PID] perf=24.331Hz  target=9.909Hz  err=-14.422Hz  corr=-307.45W  u_ff=94.6W  PCAP→78W  power=78.7W
[PID] perf=24.468Hz  target=9.909Hz  err=-14.559Hz  corr=-309.99W  u_ff=94.6W  PCAP→78W  power=77.8W
[PID] perf=24.471Hz  target=9.909Hz  err=-14.563Hz  corr=-310.06W  u_ff=94.6W  PCAP→78W  power=77.6W
[PID] perf=24.478Hz  target=9.909Hz  err=-14.569Hz  corr=-310.18W  u_ff=94.6W  PCAP→78W  power=78.1W
[PID] perf=24.507Hz  target=9.909Hz  err=-14.599Hz  corr=-310.73W  u_ff=94.6W  PCAP→78W  power=78.7W
[PID] perf=24.490Hz  target=9.909Hz  err=-14.581Hz  corr=-310.41W  u_ff=94.6W  PCAP→78W  power=78.5W
[PID] perf=24.479Hz  target=9.909Hz  err=-14.571Hz  corr=-310.21W  u_ff=94.6W  PCAP→78W  power=78.8W
[PID] perf=24.461Hz  target=9.909Hz  err=-14.553Hz  corr=-309.88W  u_ff=94.6W  PCAP→78W  power=76.8W
[PID] perf=24.481Hz  target=9.909Hz  err=-14.573Hz  corr=-310.25W  u_ff=94.6W  PCAP→78W  power=77.7W
[PID] perf=24.473Hz  target=9.909Hz  err=-14.564Hz  corr=-310.09W  u_ff=94.6W  PCAP→78W  power=77.3W
[PID] perf=24.494Hz  target=9.909Hz  err=-14.586Hz  corr=-310.48W  u_ff=94.6W  PCAP→78W  power=77.2W
[PID] perf=24.488Hz  target=9.909Hz  err=-14.579Hz  corr=-310.36W  u_ff=94.6W  PCAP→78W  power=77.2W
[PID] perf=24.483Hz  target=9.909Hz  err=-14.575Hz  corr=-310.28W  u_ff=94.6W  PCAP→78W  power=76.8W
[PID] perf=24.503Hz  target=9.909Hz  err=-14.595Hz  corr=-310.65W  u_ff=94.6W  PCAP→78W  power=73.8W
[PID] perf=26.495Hz  target=9.909Hz  err=-16.587Hz  corr=-347.60W  u_ff=94.6W  PCAP→78W  power=79.0W
[PID] perf=26.620Hz  target=9.909Hz  err=-16.712Hz  corr=-349.92W  u_ff=94.6W  PCAP→78W  power=79.3W
[PID] perf=26.695Hz  target=9.909Hz  err=-16.786Hz  corr=-351.29W  u_ff=94.6W  PCAP→78W  power=78.4W
[PID] perf=26.720Hz  target=9.909Hz  err=-16.812Hz  corr=-351.77W  u_ff=94.6W  PCAP→78W  power=77.1W
[PID] perf=26.706Hz  target=9.909Hz  err=-16.797Hz  corr=-351.49W  u_ff=94.6W  PCAP→78W  power=76.6W
[PID] perf=26.702Hz  target=9.909Hz  err=-16.794Hz  corr=-351.44W  u_ff=94.6W  PCAP→78W  power=77.2W
[PID] perf=26.744Hz  target=9.909Hz  err=-16.835Hz  corr=-352.21W  u_ff=94.6W  PCAP→78W  power=76.5W
[PID] perf=26.707Hz  target=9.909Hz  err=-16.799Hz  corr=-351.52W  u_ff=94.6W  PCAP→78W  power=77.7W
[PID] perf=26.714Hz  target=9.909Hz  err=-16.806Hz  corr=-351.65W  u_ff=94.6W  PCAP→78W  power=79.3W
[PID] perf=26.750Hz  target=9.909Hz  err=-16.842Hz  corr=-352.33W  u_ff=94.6W  PCAP→78W  power=78.7W
[PID] perf=26.697Hz  target=9.909Hz  err=-16.788Hz  corr=-351.33W  u_ff=94.6W  PCAP→78W  power=77.4W
[PID] perf=26.730Hz  target=9.909Hz  err=-16.822Hz  corr=-351.95W  u_ff=94.6W  PCAP→78W  power=77.8W
[PID] perf=26.713Hz  target=9.909Hz  err=-16.804Hz  corr=-351.63W  u_ff=94.6W  PCAP→78W  power=78.3W
[PID] perf=26.719Hz  target=9.909Hz  err=-16.810Hz  corr=-351.74W  u_ff=94.6W  PCAP→78W  power=78.6W
[PID] perf=26.755Hz  target=9.909Hz  err=-16.847Hz  corr=-352.42W  u_ff=94.6W  PCAP→78W  power=78.7W
[PID] perf=26.903Hz  target=9.909Hz  err=-16.995Hz  corr=-355.16W  u_ff=94.6W  PCAP→78W  power=79.6W
[PID] perf=26.917Hz  target=9.909Hz  err=-17.009Hz  corr=-355.42W  u_ff=94.6W  PCAP→78W  power=77.5W
[PID] perf=26.950Hz  target=9.909Hz  err=-17.042Hz  corr=-356.03W  u_ff=94.6W  PCAP→78W  power=77.0W
[PID] perf=26.930Hz  target=9.909Hz  err=-17.022Hz  corr=-355.66W  u_ff=94.6W  PCAP→78W  power=77.6W
[PID] perf=26.948Hz  target=9.909Hz  err=-17.040Hz  corr=-356.00W  u_ff=94.6W  PCAP→78W  power=76.6W
[PID] perf=26.963Hz  target=9.909Hz  err=-17.054Hz  corr=-356.26W  u_ff=94.6W  PCAP→78W  power=78.0W
[PID] perf=26.954Hz  target=9.909Hz  err=-17.045Hz  corr=-356.10W  u_ff=94.6W  PCAP→78W  power=78.5W
[PID] perf=26.958Hz  target=9.909Hz  err=-17.049Hz  corr=-356.17W  u_ff=94.6W  PCAP→78W  power=78.4W
[PID] perf=26.940Hz  target=9.909Hz  err=-17.032Hz  corr=-355.85W  u_ff=94.6W  PCAP→78W  power=77.5W
[PID] perf=26.950Hz  target=9.909Hz  err=-17.041Hz  corr=-356.03W  u_ff=94.6W  PCAP→78W  power=78.9W
[PID] perf=26.953Hz  target=9.909Hz  err=-17.044Hz  corr=-356.08W  u_ff=94.6W  PCAP→78W  power=77.4W
[PID] perf=26.936Hz  target=9.909Hz  err=-17.028Hz  corr=-355.78W  u_ff=94.6W  PCAP→78W  power=77.1W
[PID] perf=26.930Hz  target=9.909Hz  err=-17.022Hz  corr=-355.66W  u_ff=94.6W  PCAP→78W  power=77.3W
[PID] perf=26.942Hz  target=9.909Hz  err=-17.034Hz  corr=-355.88W  u_ff=94.6W  PCAP→78W  power=78.8W
[PID] perf=26.931Hz  target=9.909Hz  err=-17.023Hz  corr=-355.68W  u_ff=94.6W  PCAP→78W  power=77.6W
[PID] perf=26.918Hz  target=9.909Hz  err=-17.009Hz  corr=-355.43W  u_ff=94.6W  PCAP→78W  power=77.7W
[PID] perf=26.947Hz  target=9.909Hz  err=-17.039Hz  corr=-355.97W  u_ff=94.6W  PCAP→78W  power=77.3W
[PID] perf=26.950Hz  target=9.909Hz  err=-17.042Hz  corr=-356.03W  u_ff=94.6W  PCAP→78W  power=77.3W
[PID] perf=26.960Hz  target=9.909Hz  err=-17.051Hz  corr=-356.21W  u_ff=94.6W  PCAP→78W  power=77.2W
[PID] perf=26.969Hz  target=9.909Hz  err=-17.061Hz  corr=-356.39W  u_ff=94.6W  PCAP→78W  power=76.5W
[PID] perf=26.964Hz  target=9.909Hz  err=-17.055Hz  corr=-356.29W  u_ff=94.6W  PCAP→78W  power=77.0W
[PID] perf=26.950Hz  target=9.909Hz  err=-17.042Hz  corr=-356.03W  u_ff=94.6W  PCAP→78W  power=76.4W
[PID] perf=26.947Hz  target=9.909Hz  err=-17.038Hz  corr=-355.96W  u_ff=94.6W  PCAP→78W  power=77.1W
[PID] perf=26.945Hz  target=9.909Hz  err=-17.036Hz  corr=-355.93W  u_ff=94.6W  PCAP→78W  power=78.9W
[PID] perf=26.950Hz  target=9.909Hz  err=-17.041Hz  corr=-356.03W  u_ff=94.6W  PCAP→78W  power=78.3W
[PID] perf=26.932Hz  target=9.909Hz  err=-17.023Hz  corr=-355.69W  u_ff=94.6W  PCAP→78W  power=78.7W
[PID] perf=26.929Hz  target=9.909Hz  err=-17.021Hz  corr=-355.64W  u_ff=94.6W  PCAP→78W  power=77.6W
[PID] perf=26.935Hz  target=9.909Hz  err=-17.026Hz  corr=-355.75W  u_ff=94.6W  PCAP→78W  power=77.2W
[PID] perf=26.929Hz  target=9.909Hz  err=-17.021Hz  corr=-355.65W  u_ff=94.6W  PCAP→78W  power=77.0W
[PID] perf=26.945Hz  target=9.909Hz  err=-17.036Hz  corr=-355.93W  u_ff=94.6W  PCAP→78W  power=77.1W
[PID] perf=26.914Hz  target=9.909Hz  err=-17.005Hz  corr=-355.36W  u_ff=94.6W  PCAP→78W  power=76.1W
[PID] perf=26.918Hz  target=9.909Hz  err=-17.010Hz  corr=-355.44W  u_ff=94.6W  PCAP→78W  power=78.3W
[PID] perf=26.917Hz  target=9.909Hz  err=-17.009Hz  corr=-355.42W  u_ff=94.6W  PCAP→78W  power=79.1W
[PID] perf=26.932Hz  target=9.909Hz  err=-17.024Hz  corr=-355.70W  u_ff=94.6W  PCAP→78W  power=77.7W
[PID] perf=26.953Hz  target=9.909Hz  err=-17.045Hz  corr=-356.09W  u_ff=94.6W  PCAP→78W  power=77.9W
[PID] perf=26.950Hz  target=9.909Hz  err=-17.041Hz  corr=-356.02W  u_ff=94.6W  PCAP→78W  power=77.4W
[PID] perf=26.936Hz  target=9.909Hz  err=-17.027Hz  corr=-355.77W  u_ff=94.6W  PCAP→78W  power=76.7W
[PID] perf=26.910Hz  target=9.909Hz  err=-17.002Hz  corr=-355.29W  u_ff=94.6W  PCAP→78W  power=77.7W
[PID] perf=26.910Hz  target=9.909Hz  err=-17.001Hz  corr=-355.28W  u_ff=94.6W  PCAP→78W  power=79.3W
[PID] perf=26.918Hz  target=9.909Hz  err=-17.009Hz  corr=-355.43W  u_ff=94.6W  PCAP→78W  power=78.4W
[PID] perf=26.934Hz  target=9.909Hz  err=-17.025Hz  corr=-355.72W  u_ff=94.6W  PCAP→78W  power=77.2W
[PID] perf=26.887Hz  target=9.909Hz  err=-16.978Hz  corr=-354.86W  u_ff=94.6W  PCAP→78W  power=76.7W
[PID] perf=26.903Hz  target=9.909Hz  err=-16.994Hz  corr=-355.15W  u_ff=94.6W  PCAP→78W  power=77.2W
[PID] perf=26.902Hz  target=9.909Hz  err=-16.994Hz  corr=-355.14W  u_ff=94.6W  PCAP→78W  power=78.2W
[PID] perf=26.935Hz  target=9.909Hz  err=-17.027Hz  corr=-355.75W  u_ff=94.6W  PCAP→78W  power=77.0W
[PID] perf=26.940Hz  target=9.909Hz  err=-17.032Hz  corr=-355.85W  u_ff=94.6W  PCAP→78W  power=78.9W
[PID] perf=26.931Hz  target=9.909Hz  err=-17.023Hz  corr=-355.68W  u_ff=94.6W  PCAP→78W  power=78.9W
[PID] perf=26.927Hz  target=9.909Hz  err=-17.018Hz  corr=-355.60W  u_ff=94.6W  PCAP→78W  power=77.5W
[PID] perf=26.945Hz  target=9.909Hz  err=-17.036Hz  corr=-355.93W  u_ff=94.6W  PCAP→78W  power=77.5W
[PID] perf=26.919Hz  target=9.909Hz  err=-17.011Hz  corr=-355.46W  u_ff=94.6W  PCAP→78W  power=79.1W
[PID] perf=26.917Hz  target=9.909Hz  err=-17.008Hz  corr=-355.41W  u_ff=94.6W  PCAP→78W  power=79.1W
[PID] perf=26.919Hz  target=9.909Hz  err=-17.010Hz  corr=-355.45W  u_ff=94.6W  PCAP→78W  power=79.0W
[PID] perf=26.919Hz  target=9.909Hz  err=-17.010Hz  corr=-355.45W  u_ff=94.6W  PCAP→78W  power=77.1W
[PID] perf=26.925Hz  target=9.909Hz  err=-17.016Hz  corr=-355.56W  u_ff=94.6W  PCAP→78W  power=78.2W
[PID] perf=26.948Hz  target=9.909Hz  err=-17.040Hz  corr=-356.00W  u_ff=94.6W  PCAP→78W  power=76.3W
[PID] perf=26.926Hz  target=9.909Hz  err=-17.018Hz  corr=-355.58W  u_ff=94.6W  PCAP→78W  power=79.0W
[PID] perf=26.776Hz  target=9.909Hz  err=-16.867Hz  corr=-352.80W  u_ff=94.6W  PCAP→78W  power=78.0W
[PID] perf=27.264Hz  target=9.909Hz  err=-17.355Hz  corr=-361.85W  u_ff=94.6W  PCAP→78W  power=78.1W
[PID] perf=27.280Hz  target=9.909Hz  err=-17.371Hz  corr=-362.14W  u_ff=94.6W  PCAP→78W  power=78.0W
[PID] perf=27.329Hz  target=9.909Hz  err=-17.420Hz  corr=-363.05W  u_ff=94.6W  PCAP→78W  power=78.9W
[PID] perf=27.315Hz  target=9.909Hz  err=-17.406Hz  corr=-362.80W  u_ff=94.6W  PCAP→78W  power=78.2W
[PID] perf=27.318Hz  target=9.909Hz  err=-17.409Hz  corr=-362.85W  u_ff=94.6W  PCAP→78W  power=78.6W
[PID] perf=27.336Hz  target=9.909Hz  err=-17.427Hz  corr=-363.18W  u_ff=94.6W  PCAP→78W  power=79.2W
[PID] perf=27.371Hz  target=9.909Hz  err=-17.462Hz  corr=-363.83W  u_ff=94.6W  PCAP→78W  power=77.3W
[PID] perf=27.344Hz  target=9.909Hz  err=-17.435Hz  corr=-363.33W  u_ff=94.6W  PCAP→78W  power=77.5W
[PID] perf=27.367Hz  target=9.909Hz  err=-17.459Hz  corr=-363.77W  u_ff=94.6W  PCAP→78W  power=76.4W
[PID] perf=27.357Hz  target=9.909Hz  err=-17.449Hz  corr=-363.58W  u_ff=94.6W  PCAP→78W  power=77.3W
[PID] perf=27.314Hz  target=9.909Hz  err=-17.406Hz  corr=-362.78W  u_ff=94.6W  PCAP→78W  power=77.8W
[PID] perf=27.298Hz  target=9.909Hz  err=-17.390Hz  corr=-362.49W  u_ff=94.6W  PCAP→78W  power=78.3W
[PID] perf=27.327Hz  target=9.909Hz  err=-17.419Hz  corr=-363.03W  u_ff=94.6W  PCAP→78W  power=77.4W
[PID] perf=27.313Hz  target=9.909Hz  err=-17.404Hz  corr=-362.76W  u_ff=94.6W  PCAP→78W  power=76.7W
[PID] perf=27.331Hz  target=9.909Hz  err=-17.423Hz  corr=-363.09W  u_ff=94.6W  PCAP→78W  power=77.0W
[PID] perf=27.344Hz  target=9.909Hz  err=-17.435Hz  corr=-363.33W  u_ff=94.6W  PCAP→78W  power=78.2W
[PID] perf=27.329Hz  target=9.909Hz  err=-17.420Hz  corr=-363.06W  u_ff=94.6W  PCAP→78W  power=76.9W
[PID] perf=27.326Hz  target=9.909Hz  err=-17.418Hz  corr=-363.01W  u_ff=94.6W  PCAP→78W  power=77.2W
[PID] perf=27.311Hz  target=9.909Hz  err=-17.402Hz  corr=-362.72W  u_ff=94.6W  PCAP→78W  power=77.9W
[PID] perf=27.345Hz  target=9.909Hz  err=-17.437Hz  corr=-363.36W  u_ff=94.6W  PCAP→78W  power=78.7W
[PID] perf=27.331Hz  target=9.909Hz  err=-17.422Hz  corr=-363.09W  u_ff=94.6W  PCAP→78W  power=77.7W
[PID] perf=27.317Hz  target=9.909Hz  err=-17.408Hz  corr=-362.83W  u_ff=94.6W  PCAP→78W  power=77.1W
[PID] perf=27.285Hz  target=9.909Hz  err=-17.376Hz  corr=-362.23W  u_ff=94.6W  PCAP→78W  power=77.3W
[PID] perf=27.247Hz  target=9.909Hz  err=-17.339Hz  corr=-361.54W  u_ff=94.6W  PCAP→78W  power=76.4W
[PID] perf=27.264Hz  target=9.909Hz  err=-17.355Hz  corr=-361.85W  u_ff=94.6W  PCAP→78W  power=77.5W
[PID] perf=27.291Hz  target=9.909Hz  err=-17.382Hz  corr=-362.35W  u_ff=94.6W  PCAP→78W  power=77.7W
[PID] perf=27.288Hz  target=9.909Hz  err=-17.380Hz  corr=-362.30W  u_ff=94.6W  PCAP→78W  power=78.1W
[PID] perf=27.266Hz  target=9.909Hz  err=-17.357Hz  corr=-361.89W  u_ff=94.6W  PCAP→78W  power=78.1W
[PID] perf=26.472Hz  target=9.909Hz  err=-16.564Hz  corr=-347.17W  u_ff=94.6W  PCAP→78W  power=78.3W
[PID] perf=26.621Hz  target=9.909Hz  err=-16.712Hz  corr=-349.92W  u_ff=94.6W  PCAP→78W  power=77.7W
[PID] perf=26.644Hz  target=9.909Hz  err=-16.735Hz  corr=-350.35W  u_ff=94.6W  PCAP→78W  power=76.8W
[PID] perf=26.638Hz  target=9.909Hz  err=-16.729Hz  corr=-350.24W  u_ff=94.6W  PCAP→78W  power=78.4W
[PID] perf=26.669Hz  target=9.909Hz  err=-16.760Hz  corr=-350.82W  u_ff=94.6W  PCAP→78W  power=78.5W
[PID] perf=26.653Hz  target=9.909Hz  err=-16.745Hz  corr=-350.53W  u_ff=94.6W  PCAP→78W  power=79.0W
[PID] perf=26.659Hz  target=9.909Hz  err=-16.751Hz  corr=-350.64W  u_ff=94.6W  PCAP→78W  power=77.9W
[PID] perf=26.675Hz  target=9.909Hz  err=-16.766Hz  corr=-350.92W  u_ff=94.6W  PCAP→78W  power=77.8W
[PID] perf=25.679Hz  target=9.909Hz  err=-15.770Hz  corr=-332.45W  u_ff=94.6W  PCAP→78W  power=77.4W
[PID] perf=25.712Hz  target=9.909Hz  err=-15.803Hz  corr=-333.07W  u_ff=94.6W  PCAP→78W  power=77.5W
[PID] perf=25.706Hz  target=9.909Hz  err=-15.798Hz  corr=-332.96W  u_ff=94.6W  PCAP→78W  power=77.7W
[PID] perf=25.679Hz  target=9.909Hz  err=-15.771Hz  corr=-332.46W  u_ff=94.6W  PCAP→78W  power=77.4W
[PID] perf=25.716Hz  target=9.909Hz  err=-15.807Hz  corr=-333.14W  u_ff=94.6W  PCAP→78W  power=76.7W
[PID] perf=26.624Hz  target=9.909Hz  err=-16.715Hz  corr=-349.98W  u_ff=94.6W  PCAP→78W  power=79.2W
[PID] perf=26.922Hz  target=9.909Hz  err=-17.014Hz  corr=-355.52W  u_ff=94.6W  PCAP→78W  power=78.8W
[PID] perf=26.926Hz  target=9.909Hz  err=-17.018Hz  corr=-355.59W  u_ff=94.6W  PCAP→78W  power=78.7W
[PID] perf=26.942Hz  target=9.909Hz  err=-17.034Hz  corr=-355.88W  u_ff=94.6W  PCAP→78W  power=78.2W
[PID] perf=26.950Hz  target=9.909Hz  err=-17.042Hz  corr=-356.03W  u_ff=94.6W  PCAP→78W  power=77.8W
[PID] perf=26.946Hz  target=9.909Hz  err=-17.037Hz  corr=-355.95W  u_ff=94.6W  PCAP→78W  power=77.7W
[PID] perf=26.927Hz  target=9.909Hz  err=-17.019Hz  corr=-355.61W  u_ff=94.6W  PCAP→78W  power=78.0W
[PID] perf=26.929Hz  target=9.909Hz  err=-17.020Hz  corr=-355.63W  u_ff=94.6W  PCAP→78W  power=78.0W
[PID] perf=26.958Hz  target=9.909Hz  err=-17.050Hz  corr=-356.18W  u_ff=94.6W  PCAP→78W  power=77.2W
[PID] perf=26.957Hz  target=9.909Hz  err=-17.048Hz  corr=-356.15W  u_ff=94.6W  PCAP→78W  power=79.2W
[PID] perf=26.948Hz  target=9.909Hz  err=-17.039Hz  corr=-355.98W  u_ff=94.6W  PCAP→78W  power=76.3W
[PID] perf=26.978Hz  target=9.909Hz  err=-17.070Hz  corr=-356.55W  u_ff=94.6W  PCAP→78W  power=77.0W
[PID] perf=26.891Hz  target=9.909Hz  err=-16.982Hz  corr=-354.93W  u_ff=94.6W  PCAP→78W  power=78.2W
[PID] perf=27.008Hz  target=9.909Hz  err=-17.100Hz  corr=-357.11W  u_ff=94.6W  PCAP→78W  power=77.4W
[PID] perf=27.018Hz  target=9.909Hz  err=-17.110Hz  corr=-357.29W  u_ff=94.6W  PCAP→78W  power=79.1W
[PID] perf=27.037Hz  target=9.909Hz  err=-17.129Hz  corr=-357.64W  u_ff=94.6W  PCAP→78W  power=78.5W
[PID] perf=27.053Hz  target=9.909Hz  err=-17.144Hz  corr=-357.94W  u_ff=94.6W  PCAP→78W  power=77.2W
[PID] perf=27.055Hz  target=9.909Hz  err=-17.147Hz  corr=-357.98W  u_ff=94.6W  PCAP→78W  power=76.4W
[PID] perf=27.079Hz  target=9.909Hz  err=-17.171Hz  corr=-358.42W  u_ff=94.6W  PCAP→78W  power=78.8W
[PID] perf=27.062Hz  target=9.909Hz  err=-17.153Hz  corr=-358.10W  u_ff=94.6W  PCAP→78W  power=77.1W
[PID] perf=27.039Hz  target=9.909Hz  err=-17.130Hz  corr=-357.68W  u_ff=94.6W  PCAP→78W  power=77.0W
[PID] perf=27.040Hz  target=9.909Hz  err=-17.131Hz  corr=-357.70W  u_ff=94.6W  PCAP→78W  power=79.1W
[PID] perf=27.066Hz  target=9.909Hz  err=-17.158Hz  corr=-358.18W  u_ff=94.6W  PCAP→78W  power=78.3W
[PID] perf=27.056Hz  target=9.909Hz  err=-17.147Hz  corr=-357.99W  u_ff=94.6W  PCAP→78W  power=78.3W
[PID] perf=27.500Hz  target=9.909Hz  err=-17.592Hz  corr=-366.23W  u_ff=94.6W  PCAP→78W  power=78.2W
[PID] perf=27.529Hz  target=9.909Hz  err=-17.621Hz  corr=-366.77W  u_ff=94.6W  PCAP→78W  power=77.8W
[PID] perf=27.498Hz  target=9.909Hz  err=-17.589Hz  corr=-366.18W  u_ff=94.6W  PCAP→78W  power=77.6W
[PID] perf=27.535Hz  target=9.909Hz  err=-17.626Hz  corr=-366.88W  u_ff=94.6W  PCAP→78W  power=78.2W
[PID] perf=27.568Hz  target=9.909Hz  err=-17.660Hz  corr=-367.49W  u_ff=94.6W  PCAP→78W  power=78.4W
[PID] perf=27.561Hz  target=9.909Hz  err=-17.652Hz  corr=-367.35W  u_ff=94.6W  PCAP→78W  power=78.7W
[PID] perf=27.521Hz  target=9.909Hz  err=-17.612Hz  corr=-366.62W  u_ff=94.6W  PCAP→78W  power=77.3W
[PID] perf=27.537Hz  target=9.909Hz  err=-17.628Hz  corr=-366.91W  u_ff=94.6W  PCAP→78W  power=77.3W
[PID] perf=27.512Hz  target=9.909Hz  err=-17.603Hz  corr=-366.45W  u_ff=94.6W  PCAP→78W  power=78.4W
[PID] perf=27.533Hz  target=9.909Hz  err=-17.624Hz  corr=-366.84W  u_ff=94.6W  PCAP→78W  power=78.0W
[PID] perf=27.519Hz  target=9.909Hz  err=-17.611Hz  corr=-366.59W  u_ff=94.6W  PCAP→78W  power=77.8W
[PID] perf=27.550Hz  target=9.909Hz  err=-17.642Hz  corr=-367.16W  u_ff=94.6W  PCAP→78W  power=77.7W
[PID] perf=27.517Hz  target=9.909Hz  err=-17.609Hz  corr=-366.55W  u_ff=94.6W  PCAP→78W  power=77.6W
[PID] perf=27.547Hz  target=9.909Hz  err=-17.639Hz  corr=-367.10W  u_ff=94.6W  PCAP→78W  power=77.1W
[PID] perf=27.644Hz  target=9.909Hz  err=-17.736Hz  corr=-368.91W  u_ff=94.6W  PCAP→78W  power=78.9W
[PID] perf=27.624Hz  target=9.909Hz  err=-17.715Hz  corr=-368.52W  u_ff=94.6W  PCAP→78W  power=78.0W
[PID] perf=27.627Hz  target=9.909Hz  err=-17.718Hz  corr=-368.57W  u_ff=94.6W  PCAP→78W  power=77.6W
[PID] perf=27.658Hz  target=9.909Hz  err=-17.749Hz  corr=-369.15W  u_ff=94.6W  PCAP→78W  power=76.4W
[PID] perf=27.663Hz  target=9.909Hz  err=-17.754Hz  corr=-369.25W  u_ff=94.6W  PCAP→78W  power=78.5W
[PID] perf=27.673Hz  target=9.909Hz  err=-17.764Hz  corr=-369.44W  u_ff=94.6W  PCAP→78W  power=77.5W
[PID] perf=27.663Hz  target=9.909Hz  err=-17.754Hz  corr=-369.24W  u_ff=94.6W  PCAP→78W  power=77.8W
[PID] perf=27.649Hz  target=9.909Hz  err=-17.740Hz  corr=-368.99W  u_ff=94.6W  PCAP→78W  power=76.6W
[PID] perf=27.655Hz  target=9.909Hz  err=-17.747Hz  corr=-369.11W  u_ff=94.6W  PCAP→78W  power=78.0W
[PID] perf=27.593Hz  target=9.909Hz  err=-17.684Hz  corr=-367.94W  u_ff=94.6W  PCAP→78W  power=77.7W
[PID] perf=27.661Hz  target=9.909Hz  err=-17.753Hz  corr=-369.22W  u_ff=94.6W  PCAP→78W  power=78.5W
[PID] perf=27.677Hz  target=9.909Hz  err=-17.768Hz  corr=-369.50W  u_ff=94.6W  PCAP→78W  power=78.1W
[PID] perf=27.687Hz  target=9.909Hz  err=-17.778Hz  corr=-369.69W  u_ff=94.6W  PCAP→78W  power=77.3W
[PID] perf=27.672Hz  target=9.909Hz  err=-17.763Hz  corr=-369.41W  u_ff=94.6W  PCAP→78W  power=77.4W
[PID] perf=27.653Hz  target=9.909Hz  err=-17.745Hz  corr=-369.07W  u_ff=94.6W  PCAP→78W  power=77.7W
[PID] perf=27.640Hz  target=9.909Hz  err=-17.731Hz  corr=-368.82W  u_ff=94.6W  PCAP→78W  power=78.6W
[PID] perf=27.675Hz  target=9.909Hz  err=-17.766Hz  corr=-369.47W  u_ff=94.6W  PCAP→78W  power=79.1W
[PID] perf=27.659Hz  target=9.909Hz  err=-17.750Hz  corr=-369.17W  u_ff=94.6W  PCAP→78W  power=78.8W
[PID] perf=27.651Hz  target=9.909Hz  err=-17.742Hz  corr=-369.03W  u_ff=94.6W  PCAP→78W  power=76.9W
[PID] perf=27.672Hz  target=9.909Hz  err=-17.763Hz  corr=-369.41W  u_ff=94.6W  PCAP→78W  power=76.9W
[PID] perf=27.683Hz  target=9.909Hz  err=-17.775Hz  corr=-369.62W  u_ff=94.6W  PCAP→78W  power=77.7W
[PID] perf=27.656Hz  target=9.909Hz  err=-17.747Hz  corr=-369.11W  u_ff=94.6W  PCAP→78W  power=77.1W
[PID] perf=27.667Hz  target=9.909Hz  err=-17.758Hz  corr=-369.32W  u_ff=94.6W  PCAP→78W  power=79.2W
[PID] perf=27.645Hz  target=9.909Hz  err=-17.736Hz  corr=-368.91W  u_ff=94.6W  PCAP→78W  power=77.1W
[PID] perf=27.619Hz  target=9.909Hz  err=-17.711Hz  corr=-368.44W  u_ff=94.6W  PCAP→78W  power=77.6W
[PID] perf=27.630Hz  target=9.909Hz  err=-17.721Hz  corr=-368.64W  u_ff=94.6W  PCAP→78W  power=78.9W
[PID] perf=27.676Hz  target=9.909Hz  err=-17.767Hz  corr=-369.49W  u_ff=94.6W  PCAP→78W  power=78.0W
[PID] perf=27.636Hz  target=9.909Hz  err=-17.728Hz  corr=-368.75W  u_ff=94.6W  PCAP→78W  power=78.5W
[PID] perf=27.615Hz  target=9.909Hz  err=-17.707Hz  corr=-368.36W  u_ff=94.6W  PCAP→78W  power=77.2W
[PID] perf=27.617Hz  target=9.909Hz  err=-17.708Hz  corr=-368.39W  u_ff=94.6W  PCAP→78W  power=77.3W
[PID] perf=27.612Hz  target=9.909Hz  err=-17.703Hz  corr=-368.31W  u_ff=94.6W  PCAP→78W  power=77.3W
[PID] perf=27.626Hz  target=9.909Hz  err=-17.718Hz  corr=-368.57W  u_ff=94.6W  PCAP→78W  power=78.5W
[PID] perf=27.664Hz  target=9.909Hz  err=-17.755Hz  corr=-369.26W  u_ff=94.6W  PCAP→78W  power=76.4W
[PID] perf=27.672Hz  target=9.909Hz  err=-17.764Hz  corr=-369.42W  u_ff=94.6W  PCAP→78W  power=77.6W
[PID] perf=27.615Hz  target=9.909Hz  err=-17.706Hz  corr=-368.36W  u_ff=94.6W  PCAP→78W  power=77.2W
[PID] perf=27.627Hz  target=9.909Hz  err=-17.719Hz  corr=-368.59W  u_ff=94.6W  PCAP→78W  power=79.2W
[PID] perf=27.589Hz  target=9.909Hz  err=-17.681Hz  corr=-367.89W  u_ff=94.6W  PCAP→78W  power=78.3W
[PID] perf=27.653Hz  target=9.909Hz  err=-17.745Hz  corr=-369.07W  u_ff=94.6W  PCAP→78W  power=78.1W
[PID] perf=27.651Hz  target=9.909Hz  err=-17.742Hz  corr=-369.02W  u_ff=94.6W  PCAP→78W  power=77.0W
[PID] perf=27.613Hz  target=9.909Hz  err=-17.704Hz  corr=-368.32W  u_ff=94.6W  PCAP→78W  power=77.6W
[PID] perf=27.646Hz  target=9.909Hz  err=-17.738Hz  corr=-368.94W  u_ff=94.6W  PCAP→78W  power=78.7W
[PID] perf=27.645Hz  target=9.909Hz  err=-17.736Hz  corr=-368.91W  u_ff=94.6W  PCAP→78W  power=77.3W
[PID] perf=27.689Hz  target=9.909Hz  err=-17.781Hz  corr=-369.74W  u_ff=94.6W  PCAP→78W  power=76.7W
[PID] perf=27.667Hz  target=9.909Hz  err=-17.759Hz  corr=-369.33W  u_ff=94.6W  PCAP→78W  power=78.5W
[PID] perf=27.669Hz  target=9.909Hz  err=-17.760Hz  corr=-369.36W  u_ff=94.6W  PCAP→78W  power=76.8W
[PID] perf=27.688Hz  target=9.909Hz  err=-17.779Hz  corr=-369.71W  u_ff=94.6W  PCAP→78W  power=77.3W
[PID] perf=27.633Hz  target=9.909Hz  err=-17.725Hz  corr=-368.70W  u_ff=94.6W  PCAP→78W  power=78.4W
[PID] perf=27.663Hz  target=9.909Hz  err=-17.755Hz  corr=-369.25W  u_ff=94.6W  PCAP→78W  power=78.7W
[PID] perf=27.671Hz  target=9.909Hz  err=-17.763Hz  corr=-369.40W  u_ff=94.6W  PCAP→78W  power=79.1W
[PID] perf=27.652Hz  target=9.909Hz  err=-17.744Hz  corr=-369.05W  u_ff=94.6W  PCAP→78W  power=77.8W
[PID] perf=27.682Hz  target=9.909Hz  err=-17.773Hz  corr=-369.60W  u_ff=94.6W  PCAP→78W  power=77.2W
[PID] perf=27.674Hz  target=9.909Hz  err=-17.765Hz  corr=-369.45W  u_ff=94.6W  PCAP→78W  power=77.6W
[PID] perf=27.666Hz  target=9.909Hz  err=-17.758Hz  corr=-369.31W  u_ff=94.6W  PCAP→78W  power=78.6W
[PID] perf=27.677Hz  target=9.909Hz  err=-17.768Hz  corr=-369.50W  u_ff=94.6W  PCAP→78W  power=77.8W
[PID] perf=27.695Hz  target=9.909Hz  err=-17.787Hz  corr=-369.85W  u_ff=94.6W  PCAP→78W  power=77.8W
[PID] perf=27.669Hz  target=9.909Hz  err=-17.761Hz  corr=-369.37W  u_ff=94.6W  PCAP→78W  power=78.0W
[PID] perf=27.674Hz  target=9.909Hz  err=-17.765Hz  corr=-369.45W  u_ff=94.6W  PCAP→78W  power=79.1W
[PID] perf=27.663Hz  target=9.909Hz  err=-17.755Hz  corr=-369.26W  u_ff=94.6W  PCAP→78W  power=78.7W
[PID] perf=27.664Hz  target=9.909Hz  err=-17.756Hz  corr=-369.28W  u_ff=94.6W  PCAP→78W  power=77.3W
[PID] perf=27.670Hz  target=9.909Hz  err=-17.762Hz  corr=-369.39W  u_ff=94.6W  PCAP→78W  power=77.8W
[PID] perf=27.670Hz  target=9.909Hz  err=-17.762Hz  corr=-369.39W  u_ff=94.6W  PCAP→78W  power=77.3W
[PID] perf=27.678Hz  target=9.909Hz  err=-17.769Hz  corr=-369.52W  u_ff=94.6W  PCAP→78W  power=76.8W
[PID] perf=27.656Hz  target=9.909Hz  err=-17.747Hz  corr=-369.12W  u_ff=94.6W  PCAP→78W  power=77.0W
[PID] perf=27.660Hz  target=9.909Hz  err=-17.751Hz  corr=-369.19W  u_ff=94.6W  PCAP→78W  power=79.3W
[PID] perf=27.680Hz  target=9.909Hz  err=-17.772Hz  corr=-369.57W  u_ff=94.6W  PCAP→78W  power=78.9W
[PID] perf=27.650Hz  target=9.909Hz  err=-17.742Hz  corr=-369.02W  u_ff=94.6W  PCAP→78W  power=78.6W
[PID] perf=27.664Hz  target=9.909Hz  err=-17.756Hz  corr=-369.27W  u_ff=94.6W  PCAP→78W  power=77.5W
[PID] perf=27.633Hz  target=9.909Hz  err=-17.725Hz  corr=-368.70W  u_ff=94.6W  PCAP→78W  power=76.3W
[PID] perf=27.666Hz  target=9.909Hz  err=-17.758Hz  corr=-369.31W  u_ff=94.6W  PCAP→78W  power=78.4W
[PID] perf=27.650Hz  target=9.909Hz  err=-17.741Hz  corr=-369.00W  u_ff=94.6W  PCAP→78W  power=78.9W
[PID] perf=27.655Hz  target=9.909Hz  err=-17.746Hz  corr=-369.10W  u_ff=94.6W  PCAP→78W  power=79.1W
[PID] perf=27.636Hz  target=9.909Hz  err=-17.727Hz  corr=-368.75W  u_ff=94.6W  PCAP→78W  power=77.6W
[PID] perf=27.656Hz  target=9.909Hz  err=-17.747Hz  corr=-369.12W  u_ff=94.6W  PCAP→78W  power=77.6W
[PID] perf=27.648Hz  target=9.909Hz  err=-17.740Hz  corr=-368.98W  u_ff=94.6W  PCAP→78W  power=77.4W
[PID] perf=27.679Hz  target=9.909Hz  err=-17.771Hz  corr=-369.55W  u_ff=94.6W  PCAP→78W  power=77.5W
[PID] perf=28.621Hz  target=9.909Hz  err=-18.712Hz  corr=-387.01W  u_ff=94.6W  PCAP→78W  power=77.8W
[PID] perf=28.652Hz  target=9.909Hz  err=-18.744Hz  corr=-387.59W  u_ff=94.6W  PCAP→78W  power=79.2W
[PID] perf=28.626Hz  target=9.909Hz  err=-18.718Hz  corr=-387.11W  u_ff=94.6W  PCAP→78W  power=79.0W
[PID] perf=28.646Hz  target=9.909Hz  err=-18.737Hz  corr=-387.48W  u_ff=94.6W  PCAP→78W  power=78.2W
[PID] perf=28.640Hz  target=9.909Hz  err=-18.732Hz  corr=-387.37W  u_ff=94.6W  PCAP→78W  power=77.9W
[PID] perf=28.684Hz  target=9.909Hz  err=-18.775Hz  corr=-388.18W  u_ff=94.6W  PCAP→78W  power=76.6W
[PID] perf=28.657Hz  target=9.909Hz  err=-18.748Hz  corr=-387.68W  u_ff=94.6W  PCAP→78W  power=77.9W
[PID] perf=28.679Hz  target=9.909Hz  err=-18.770Hz  corr=-388.08W  u_ff=94.6W  PCAP→78W  power=77.8W
[PID] perf=28.679Hz  target=9.909Hz  err=-18.770Hz  corr=-388.08W  u_ff=94.6W  PCAP→78W  power=76.6W
[PID] perf=28.649Hz  target=9.909Hz  err=-18.741Hz  corr=-387.54W  u_ff=94.6W  PCAP→78W  power=76.7W
[PID] perf=28.697Hz  target=9.909Hz  err=-18.788Hz  corr=-388.42W  u_ff=94.6W  PCAP→78W  power=77.0W
[PID] perf=28.674Hz  target=9.909Hz  err=-18.765Hz  corr=-387.99W  u_ff=94.6W  PCAP→78W  power=76.4W
[PID] perf=28.640Hz  target=9.909Hz  err=-18.731Hz  corr=-387.36W  u_ff=94.6W  PCAP→78W  power=77.1W
[PID] perf=28.698Hz  target=9.909Hz  err=-18.789Hz  corr=-388.44W  u_ff=94.6W  PCAP→78W  power=77.6W
[PID] perf=28.654Hz  target=9.909Hz  err=-18.745Hz  corr=-387.63W  u_ff=94.6W  PCAP→78W  power=78.4W
[PID] perf=27.439Hz  target=9.909Hz  err=-17.530Hz  corr=-365.09W  u_ff=94.6W  PCAP→78W  power=77.9W
[PID] perf=27.426Hz  target=9.909Hz  err=-17.518Hz  corr=-364.86W  u_ff=94.6W  PCAP→78W  power=79.0W
[PID] perf=27.412Hz  target=9.909Hz  err=-17.504Hz  corr=-364.60W  u_ff=94.6W  PCAP→78W  power=77.5W
[PID] perf=27.445Hz  target=9.909Hz  err=-17.537Hz  corr=-365.21W  u_ff=94.6W  PCAP→78W  power=77.3W
[PID] perf=27.476Hz  target=9.909Hz  err=-17.568Hz  corr=-365.79W  u_ff=94.6W  PCAP→78W  power=78.9W
[PID] perf=27.480Hz  target=9.909Hz  err=-17.572Hz  corr=-365.86W  u_ff=94.6W  PCAP→78W  power=79.2W
[PID] perf=27.486Hz  target=9.909Hz  err=-17.578Hz  corr=-365.97W  u_ff=94.6W  PCAP→78W  power=78.3W
[PID] perf=27.483Hz  target=9.909Hz  err=-17.575Hz  corr=-365.92W  u_ff=94.6W  PCAP→78W  power=78.0W
[PID] perf=27.457Hz  target=9.909Hz  err=-17.548Hz  corr=-365.43W  u_ff=94.6W  PCAP→78W  power=77.2W
[PID] perf=27.474Hz  target=9.909Hz  err=-17.566Hz  corr=-365.75W  u_ff=94.6W  PCAP→78W  power=77.0W
[PID] perf=27.475Hz  target=9.909Hz  err=-17.567Hz  corr=-365.77W  u_ff=94.6W  PCAP→78W  power=78.2W
[PID] perf=27.492Hz  target=9.909Hz  err=-17.583Hz  corr=-366.08W  u_ff=94.6W  PCAP→78W  power=77.6W
[PID] perf=27.475Hz  target=9.909Hz  err=-17.566Hz  corr=-365.76W  u_ff=94.6W  PCAP→78W  power=77.9W
[PID] perf=27.488Hz  target=9.909Hz  err=-17.579Hz  corr=-366.00W  u_ff=94.6W  PCAP→78W  power=78.0W
[PID] perf=27.492Hz  target=9.909Hz  err=-17.584Hz  corr=-366.08W  u_ff=94.6W  PCAP→78W  power=76.3W
[PID] perf=27.481Hz  target=9.909Hz  err=-17.573Hz  corr=-365.88W  u_ff=94.6W  PCAP→78W  power=76.3W
[PID] perf=27.499Hz  target=9.909Hz  err=-17.591Hz  corr=-366.21W  u_ff=94.6W  PCAP→78W  power=76.8W
[PID] perf=27.481Hz  target=9.909Hz  err=-17.572Hz  corr=-365.87W  u_ff=94.6W  PCAP→78W  power=77.2W
[PID] perf=27.469Hz  target=9.909Hz  err=-17.560Hz  corr=-365.65W  u_ff=94.6W  PCAP→78W  power=76.3W
[PID] perf=27.475Hz  target=9.909Hz  err=-17.567Hz  corr=-365.77W  u_ff=94.6W  PCAP→78W  power=77.3W
[PID] perf=27.503Hz  target=9.909Hz  err=-17.595Hz  corr=-366.29W  u_ff=94.6W  PCAP→78W  power=78.6W
[PID] perf=27.488Hz  target=9.909Hz  err=-17.579Hz  corr=-366.01W  u_ff=94.6W  PCAP→78W  power=78.1W
[PID] perf=27.506Hz  target=9.909Hz  err=-17.597Hz  corr=-366.34W  u_ff=94.6W  PCAP→78W  power=79.0W
[PID] perf=27.491Hz  target=9.909Hz  err=-17.583Hz  corr=-366.07W  u_ff=94.6W  PCAP→78W  power=79.0W
[PID] perf=27.461Hz  target=9.909Hz  err=-17.552Hz  corr=-365.50W  u_ff=94.6W  PCAP→78W  power=78.8W
[PID] perf=27.473Hz  target=9.909Hz  err=-17.565Hz  corr=-365.73W  u_ff=94.6W  PCAP→78W  power=77.2W
[PID] perf=27.462Hz  target=9.909Hz  err=-17.553Hz  corr=-365.52W  u_ff=94.6W  PCAP→78W  power=76.3W
[PID] perf=27.464Hz  target=9.909Hz  err=-17.555Hz  corr=-365.56W  u_ff=94.6W  PCAP→78W  power=78.1W
[PID] perf=27.492Hz  target=9.909Hz  err=-17.583Hz  corr=-366.08W  u_ff=94.6W  PCAP→78W  power=78.0W
[PID] perf=27.496Hz  target=9.909Hz  err=-17.587Hz  corr=-366.15W  u_ff=94.6W  PCAP→78W  power=77.2W
[PID] perf=27.518Hz  target=9.909Hz  err=-17.609Hz  corr=-366.55W  u_ff=94.6W  PCAP→78W  power=77.9W
[PID] perf=27.497Hz  target=9.909Hz  err=-17.588Hz  corr=-366.17W  u_ff=94.6W  PCAP→78W  power=77.5W
[PID] perf=27.498Hz  target=9.909Hz  err=-17.589Hz  corr=-366.18W  u_ff=94.6W  PCAP→78W  power=79.0W
[PID] perf=27.510Hz  target=9.909Hz  err=-17.601Hz  corr=-366.41W  u_ff=94.6W  PCAP→78W  power=77.5W
[PID] perf=27.469Hz  target=9.909Hz  err=-17.561Hz  corr=-365.66W  u_ff=94.6W  PCAP→78W  power=77.1W
[PID] perf=27.487Hz  target=9.909Hz  err=-17.578Hz  corr=-365.98W  u_ff=94.6W  PCAP→78W  power=79.0W
[PID] perf=27.489Hz  target=9.909Hz  err=-17.581Hz  corr=-366.03W  u_ff=94.6W  PCAP→78W  power=78.6W
[PID] perf=27.481Hz  target=9.909Hz  err=-17.572Hz  corr=-365.87W  u_ff=94.6W  PCAP→78W  power=78.7W
[PID] perf=27.446Hz  target=9.909Hz  err=-17.538Hz  corr=-365.23W  u_ff=94.6W  PCAP→78W  power=78.3W
[PID] perf=27.480Hz  target=9.909Hz  err=-17.572Hz  corr=-365.86W  u_ff=94.6W  PCAP→78W  power=78.8W
[PID] perf=27.428Hz  target=9.909Hz  err=-17.520Hz  corr=-364.89W  u_ff=94.6W  PCAP→78W  power=79.0W
[PID] perf=27.459Hz  target=9.909Hz  err=-17.550Hz  corr=-365.46W  u_ff=94.6W  PCAP→78W  power=77.2W
[PID] perf=27.454Hz  target=9.909Hz  err=-17.545Hz  corr=-365.37W  u_ff=94.6W  PCAP→78W  power=77.9W
[PID] perf=27.432Hz  target=9.909Hz  err=-17.524Hz  corr=-364.97W  u_ff=94.6W  PCAP→78W  power=78.6W
[PID] perf=27.441Hz  target=9.909Hz  err=-17.533Hz  corr=-365.14W  u_ff=94.6W  PCAP→78W  power=77.3W
[PID] perf=27.470Hz  target=9.909Hz  err=-17.561Hz  corr=-365.67W  u_ff=94.6W  PCAP→78W  power=78.9W
[PID] perf=27.474Hz  target=9.909Hz  err=-17.565Hz  corr=-365.74W  u_ff=94.6W  PCAP→78W  power=79.0W
[PID] perf=27.449Hz  target=9.909Hz  err=-17.540Hz  corr=-365.28W  u_ff=94.6W  PCAP→78W  power=76.9W
[PID] perf=27.475Hz  target=9.909Hz  err=-17.566Hz  corr=-365.76W  u_ff=94.6W  PCAP→78W  power=79.1W
[PID] perf=27.461Hz  target=9.909Hz  err=-17.553Hz  corr=-365.51W  u_ff=94.6W  PCAP→78W  power=77.9W
[PID] perf=27.448Hz  target=9.909Hz  err=-17.540Hz  corr=-365.27W  u_ff=94.6W  PCAP→78W  power=76.6W
[PID] perf=27.458Hz  target=9.909Hz  err=-17.550Hz  corr=-365.45W  u_ff=94.6W  PCAP→78W  power=78.6W
[PID] perf=27.455Hz  target=9.909Hz  err=-17.547Hz  corr=-365.39W  u_ff=94.6W  PCAP→78W  power=78.4W
[PID] perf=27.418Hz  target=9.909Hz  err=-17.510Hz  corr=-364.71W  u_ff=94.6W  PCAP→78W  power=78.5W
[PID] perf=27.473Hz  target=9.909Hz  err=-17.564Hz  corr=-365.72W  u_ff=94.6W  PCAP→78W  power=78.5W
[PID] perf=27.478Hz  target=9.909Hz  err=-17.569Hz  corr=-365.81W  u_ff=94.6W  PCAP→78W  power=79.3W
[PID] perf=27.479Hz  target=9.909Hz  err=-17.571Hz  corr=-365.84W  u_ff=94.6W  PCAP→78W  power=76.1W
[PID] perf=27.513Hz  target=9.909Hz  err=-17.605Hz  corr=-366.48W  u_ff=94.6W  PCAP→78W  power=76.2W
[PID] perf=27.448Hz  target=9.909Hz  err=-17.540Hz  corr=-365.27W  u_ff=94.6W  PCAP→78W  power=77.0W
[PID] perf=27.459Hz  target=9.909Hz  err=-17.550Hz  corr=-365.46W  u_ff=94.6W  PCAP→78W  power=76.2W
[PID] perf=27.466Hz  target=9.909Hz  err=-17.557Hz  corr=-365.59W  u_ff=94.6W  PCAP→78W  power=78.9W
[PID] perf=27.466Hz  target=9.909Hz  err=-17.558Hz  corr=-365.60W  u_ff=94.6W  PCAP→78W  power=79.1W
[PID] perf=27.454Hz  target=9.909Hz  err=-17.546Hz  corr=-365.38W  u_ff=94.6W  PCAP→78W  power=78.9W
[PID] perf=27.472Hz  target=9.909Hz  err=-17.564Hz  corr=-365.71W  u_ff=94.6W  PCAP→78W  power=79.1W
[PID] perf=27.454Hz  target=9.909Hz  err=-17.545Hz  corr=-365.37W  u_ff=94.6W  PCAP→78W  power=77.5W
[PID] perf=27.487Hz  target=9.909Hz  err=-17.579Hz  corr=-365.99W  u_ff=94.6W  PCAP→78W  power=78.1W
[PID] perf=27.437Hz  target=9.909Hz  err=-17.529Hz  corr=-365.07W  u_ff=94.6W  PCAP→78W  power=77.1W
[PID] perf=27.503Hz  target=9.909Hz  err=-17.595Hz  corr=-366.29W  u_ff=94.6W  PCAP→78W  power=78.5W
[PID] perf=27.487Hz  target=9.909Hz  err=-17.578Hz  corr=-365.98W  u_ff=94.6W  PCAP→78W  power=78.8W
[PID] perf=27.494Hz  target=9.909Hz  err=-17.585Hz  corr=-366.12W  u_ff=94.6W  PCAP→78W  power=77.7W
[PID] perf=27.431Hz  target=9.909Hz  err=-17.523Hz  corr=-364.95W  u_ff=94.6W  PCAP→78W  power=77.7W
[PID] perf=27.507Hz  target=9.909Hz  err=-17.598Hz  corr=-366.35W  u_ff=94.6W  PCAP→78W  power=76.5W
[PID] perf=27.480Hz  target=9.909Hz  err=-17.571Hz  corr=-365.85W  u_ff=94.6W  PCAP→78W  power=78.4W
[PID] perf=27.490Hz  target=9.909Hz  err=-17.582Hz  corr=-366.05W  u_ff=94.6W  PCAP→78W  power=78.7W
[PID] perf=27.505Hz  target=9.909Hz  err=-17.597Hz  corr=-366.33W  u_ff=94.6W  PCAP→78W  power=79.4W
[PID] perf=27.530Hz  target=9.909Hz  err=-17.622Hz  corr=-366.79W  u_ff=94.6W  PCAP→78W  power=77.9W
[PID] perf=27.521Hz  target=9.909Hz  err=-17.613Hz  corr=-366.62W  u_ff=94.6W  PCAP→78W  power=78.3W
[PID] perf=27.523Hz  target=9.909Hz  err=-17.615Hz  corr=-366.66W  u_ff=94.6W  PCAP→78W  power=77.3W
[PID] perf=27.539Hz  target=9.909Hz  err=-17.630Hz  corr=-366.95W  u_ff=94.6W  PCAP→78W  power=76.8W
[PID] perf=27.536Hz  target=9.909Hz  err=-17.627Hz  corr=-366.89W  u_ff=94.6W  PCAP→78W  power=78.1W
[PID] perf=27.522Hz  target=9.909Hz  err=-17.614Hz  corr=-366.64W  u_ff=94.6W  PCAP→78W  power=78.4W
[PID] perf=27.509Hz  target=9.909Hz  err=-17.600Hz  corr=-366.39W  u_ff=94.6W  PCAP→78W  power=79.3W
[PID] perf=27.510Hz  target=9.909Hz  err=-17.601Hz  corr=-366.41W  u_ff=94.6W  PCAP→78W  power=77.3W
[PID] perf=27.483Hz  target=9.909Hz  err=-17.574Hz  corr=-365.91W  u_ff=94.6W  PCAP→78W  power=79.2W
[PID] perf=27.527Hz  target=9.909Hz  err=-17.618Hz  corr=-366.72W  u_ff=94.6W  PCAP→78W  power=78.7W
[PID] perf=27.519Hz  target=9.909Hz  err=-17.611Hz  corr=-366.58W  u_ff=94.6W  PCAP→78W  power=78.7W
[PID] perf=27.548Hz  target=9.909Hz  err=-17.639Hz  corr=-367.11W  u_ff=94.6W  PCAP→78W  power=77.1W
[PID] perf=27.503Hz  target=9.909Hz  err=-17.595Hz  corr=-366.28W  u_ff=94.6W  PCAP→78W  power=76.4W
[PID] perf=27.513Hz  target=9.909Hz  err=-17.604Hz  corr=-366.46W  u_ff=94.6W  PCAP→78W  power=78.8W
[PID] perf=27.550Hz  target=9.909Hz  err=-17.641Hz  corr=-367.16W  u_ff=94.6W  PCAP→78W  power=79.0W
[PID] perf=27.549Hz  target=9.909Hz  err=-17.641Hz  corr=-367.14W  u_ff=94.6W  PCAP→78W  power=77.2W
[PID] perf=27.523Hz  target=9.909Hz  err=-17.614Hz  corr=-366.65W  u_ff=94.6W  PCAP→78W  power=76.9W
[PID] perf=27.486Hz  target=9.909Hz  err=-17.578Hz  corr=-365.97W  u_ff=94.6W  PCAP→78W  power=77.9W
[PID] perf=27.515Hz  target=9.909Hz  err=-17.606Hz  corr=-366.50W  u_ff=94.6W  PCAP→78W  power=78.6W
[PID] perf=27.547Hz  target=9.909Hz  err=-17.639Hz  corr=-367.10W  u_ff=94.6W  PCAP→78W  power=76.9W
[PID] perf=27.508Hz  target=9.909Hz  err=-17.599Hz  corr=-366.38W  u_ff=94.6W  PCAP→78W  power=77.2W
[PID] perf=27.535Hz  target=9.909Hz  err=-17.627Hz  corr=-366.88W  u_ff=94.6W  PCAP→78W  power=77.0W
[PID] perf=27.521Hz  target=9.909Hz  err=-17.613Hz  corr=-366.62W  u_ff=94.6W  PCAP→78W  power=78.9W
[PID] perf=27.505Hz  target=9.909Hz  err=-17.596Hz  corr=-366.32W  u_ff=94.6W  PCAP→78W  power=76.7W
[PID] perf=28.308Hz  target=9.909Hz  err=-18.399Hz  corr=-381.21W  u_ff=94.6W  PCAP→78W  power=76.3W
[PID] perf=28.657Hz  target=9.909Hz  err=-18.749Hz  corr=-387.69W  u_ff=94.6W  PCAP→78W  power=78.9W
[PID] perf=28.644Hz  target=9.909Hz  err=-18.735Hz  corr=-387.44W  u_ff=94.6W  PCAP→78W  power=77.7W
[PID] perf=28.663Hz  target=9.909Hz  err=-18.754Hz  corr=-387.79W  u_ff=94.6W  PCAP→78W  power=77.3W
[PID] perf=28.639Hz  target=9.909Hz  err=-18.731Hz  corr=-387.35W  u_ff=94.6W  PCAP→78W  power=76.3W
[PID] perf=28.632Hz  target=9.909Hz  err=-18.724Hz  corr=-387.23W  u_ff=94.6W  PCAP→78W  power=77.7W
[PID] perf=28.642Hz  target=9.909Hz  err=-18.733Hz  corr=-387.40W  u_ff=94.6W  PCAP→78W  power=77.9W
[PID] perf=28.635Hz  target=9.909Hz  err=-18.726Hz  corr=-387.27W  u_ff=94.6W  PCAP→78W  power=78.0W
[PID] perf=28.650Hz  target=9.909Hz  err=-18.742Hz  corr=-387.56W  u_ff=94.6W  PCAP→78W  power=76.2W
[PID] perf=28.622Hz  target=9.909Hz  err=-18.713Hz  corr=-387.03W  u_ff=94.6W  PCAP→78W  power=77.6W
[PID] perf=28.639Hz  target=9.909Hz  err=-18.731Hz  corr=-387.35W  u_ff=94.6W  PCAP→78W  power=78.5W
[PID] perf=28.608Hz  target=9.909Hz  err=-18.700Hz  corr=-386.78W  u_ff=94.6W  PCAP→78W  power=79.3W
[PID] perf=28.628Hz  target=9.909Hz  err=-18.719Hz  corr=-387.14W  u_ff=94.6W  PCAP→78W  power=77.0W
[PID] perf=28.658Hz  target=9.909Hz  err=-18.749Hz  corr=-387.70W  u_ff=94.6W  PCAP→78W  power=77.7W
[PID] perf=28.663Hz  target=9.909Hz  err=-18.754Hz  corr=-387.79W  u_ff=94.6W  PCAP→78W  power=78.3W
[PID] perf=28.637Hz  target=9.909Hz  err=-18.729Hz  corr=-387.32W  u_ff=94.6W  PCAP→78W  power=78.2W
[PID] perf=28.658Hz  target=9.909Hz  err=-18.749Hz  corr=-387.70W  u_ff=94.6W  PCAP→78W  power=78.5W
[PID] perf=28.625Hz  target=9.909Hz  err=-18.717Hz  corr=-387.10W  u_ff=94.6W  PCAP→78W  power=78.9W
[PID] perf=28.631Hz  target=9.909Hz  err=-18.722Hz  corr=-387.19W  u_ff=94.6W  PCAP→78W  power=78.6W
[PID] perf=28.661Hz  target=9.909Hz  err=-18.752Hz  corr=-387.75W  u_ff=94.6W  PCAP→78W  power=77.7W
[PID] perf=28.658Hz  target=9.909Hz  err=-18.749Hz  corr=-387.70W  u_ff=94.6W  PCAP→78W  power=78.1W
[PID] perf=28.636Hz  target=9.909Hz  err=-18.728Hz  corr=-387.30W  u_ff=94.6W  PCAP→78W  power=78.1W
[PID] perf=28.620Hz  target=9.909Hz  err=-18.712Hz  corr=-387.01W  u_ff=94.6W  PCAP→78W  power=78.7W
[PID] perf=28.638Hz  target=9.909Hz  err=-18.729Hz  corr=-387.33W  u_ff=94.6W  PCAP→78W  power=79.7W
[PID] perf=28.643Hz  target=9.909Hz  err=-18.734Hz  corr=-387.42W  u_ff=94.6W  PCAP→78W  power=78.7W
[PID] perf=28.625Hz  target=9.909Hz  err=-18.717Hz  corr=-387.09W  u_ff=94.6W  PCAP→78W  power=78.4W
[PID] perf=28.611Hz  target=9.909Hz  err=-18.702Hz  corr=-386.83W  u_ff=94.6W  PCAP→78W  power=77.0W
Process completed.
Compressed into /home/cc/summer2024/main_codes/pid_controller/../experiment_data/PID_Control_sweep/ones-npb-cg/compressed_iteration_20260513_071656.tar
----------------------------------
