
>>> Step 1/3

[ones-npb-cg]
  target perf      : 10.0430 Hz
  coefficients_perf: [-0.0006547837485238978, 0.18607436314256556, -1.8317688501798497]
  feedforward PCAP : 96.77 W  →  95 W (snapped)
  Perf(u_ff) check : 10.0430 Hz  (should ≈ target)
  PID gains        : Kp=18.5447 W/Hz  Ki=1.85447 W/(Hz·s)  Kd=0.0000
[PID] Awaiting data — feedforward PCAP=95W
[PID] Awaiting data — feedforward PCAP=95W
[PID] Awaiting data — feedforward PCAP=95W
[PID] Awaiting data — feedforward PCAP=95W
[PID] Awaiting data — feedforward PCAP=95W
[PID] Awaiting data — feedforward PCAP=95W
[PID] perf=19.911Hz  target=10.043Hz  err=-9.868Hz  corr=-219.59W  u_ff=96.8W  PCAP→78W  power=nanW
[PID] perf=18.116Hz  target=10.043Hz  err=-8.073Hz  corr=-189.71W  u_ff=96.8W  PCAP→78W  power=78.6W
[PID] perf=18.117Hz  target=10.043Hz  err=-8.074Hz  corr=-189.72W  u_ff=96.8W  PCAP→78W  power=79.3W
[PID] perf=18.137Hz  target=10.043Hz  err=-8.094Hz  corr=-190.10W  u_ff=96.8W  PCAP→78W  power=77.5W
[PID] perf=18.148Hz  target=10.043Hz  err=-8.105Hz  corr=-190.30W  u_ff=96.8W  PCAP→78W  power=79.0W
[PID] perf=18.139Hz  target=10.043Hz  err=-8.096Hz  corr=-190.14W  u_ff=96.8W  PCAP→78W  power=77.7W
[PID] perf=18.156Hz  target=10.043Hz  err=-8.113Hz  corr=-190.45W  u_ff=96.8W  PCAP→78W  power=76.7W
[PID] perf=18.153Hz  target=10.043Hz  err=-8.110Hz  corr=-190.39W  u_ff=96.8W  PCAP→78W  power=77.0W
[PID] perf=18.126Hz  target=10.043Hz  err=-8.083Hz  corr=-189.89W  u_ff=96.8W  PCAP→78W  power=78.9W
[PID] perf=18.160Hz  target=10.043Hz  err=-8.117Hz  corr=-190.53W  u_ff=96.8W  PCAP→78W  power=77.7W
[PID] perf=18.159Hz  target=10.043Hz  err=-8.116Hz  corr=-190.51W  u_ff=96.8W  PCAP→78W  power=78.9W
[PID] perf=18.171Hz  target=10.043Hz  err=-8.128Hz  corr=-190.73W  u_ff=96.8W  PCAP→78W  power=78.6W
[PID] perf=18.177Hz  target=10.043Hz  err=-8.134Hz  corr=-190.84W  u_ff=96.8W  PCAP→78W  power=77.6W
[PID] perf=18.166Hz  target=10.043Hz  err=-8.123Hz  corr=-190.63W  u_ff=96.8W  PCAP→78W  power=79.1W
[PID] perf=18.162Hz  target=10.043Hz  err=-8.119Hz  corr=-190.56W  u_ff=96.8W  PCAP→78W  power=79.1W
[PID] perf=18.163Hz  target=10.043Hz  err=-8.120Hz  corr=-190.59W  u_ff=96.8W  PCAP→78W  power=78.7W
[PID] perf=18.164Hz  target=10.043Hz  err=-8.121Hz  corr=-190.61W  u_ff=96.8W  PCAP→78W  power=78.8W
[PID] perf=18.170Hz  target=10.043Hz  err=-8.127Hz  corr=-190.72W  u_ff=96.8W  PCAP→78W  power=76.9W
[PID] perf=18.156Hz  target=10.043Hz  err=-8.113Hz  corr=-190.45W  u_ff=96.8W  PCAP→78W  power=78.5W
[PID] perf=29.087Hz  target=10.043Hz  err=-19.044Hz  corr=-393.17W  u_ff=96.8W  PCAP→78W  power=78.9W
[PID] perf=29.328Hz  target=10.043Hz  err=-19.285Hz  corr=-397.64W  u_ff=96.8W  PCAP→78W  power=78.7W
[PID] perf=29.347Hz  target=10.043Hz  err=-19.304Hz  corr=-397.99W  u_ff=96.8W  PCAP→78W  power=78.0W
[PID] perf=29.340Hz  target=10.043Hz  err=-19.297Hz  corr=-397.86W  u_ff=96.8W  PCAP→78W  power=78.9W
[PID] perf=29.351Hz  target=10.043Hz  err=-19.308Hz  corr=-398.06W  u_ff=96.8W  PCAP→78W  power=78.8W
[PID] perf=29.370Hz  target=10.043Hz  err=-19.327Hz  corr=-398.41W  u_ff=96.8W  PCAP→78W  power=76.8W
[PID] perf=29.345Hz  target=10.043Hz  err=-19.302Hz  corr=-397.95W  u_ff=96.8W  PCAP→78W  power=76.8W
[PID] perf=29.337Hz  target=10.043Hz  err=-19.294Hz  corr=-397.81W  u_ff=96.8W  PCAP→78W  power=77.6W
[PID] perf=29.349Hz  target=10.043Hz  err=-19.306Hz  corr=-398.03W  u_ff=96.8W  PCAP→78W  power=77.4W
[PID] perf=29.306Hz  target=10.043Hz  err=-19.263Hz  corr=-397.23W  u_ff=96.8W  PCAP→78W  power=79.2W
[PID] perf=29.374Hz  target=10.043Hz  err=-19.331Hz  corr=-398.48W  u_ff=96.8W  PCAP→78W  power=78.8W
[PID] perf=29.298Hz  target=10.043Hz  err=-19.255Hz  corr=-397.09W  u_ff=96.8W  PCAP→78W  power=79.3W
[PID] perf=29.351Hz  target=10.043Hz  err=-19.308Hz  corr=-398.05W  u_ff=96.8W  PCAP→78W  power=77.3W
[PID] perf=29.384Hz  target=10.043Hz  err=-19.341Hz  corr=-398.67W  u_ff=96.8W  PCAP→78W  power=77.9W
[PID] perf=29.362Hz  target=10.043Hz  err=-19.319Hz  corr=-398.26W  u_ff=96.8W  PCAP→78W  power=78.9W
[PID] perf=29.368Hz  target=10.043Hz  err=-19.325Hz  corr=-398.37W  u_ff=96.8W  PCAP→78W  power=76.9W
[PID] perf=29.357Hz  target=10.043Hz  err=-19.314Hz  corr=-398.18W  u_ff=96.8W  PCAP→78W  power=77.4W
[PID] perf=29.364Hz  target=10.043Hz  err=-19.321Hz  corr=-398.29W  u_ff=96.8W  PCAP→78W  power=78.4W
[PID] perf=26.951Hz  target=10.043Hz  err=-16.908Hz  corr=-353.56W  u_ff=96.8W  PCAP→78W  power=78.6W
[PID] perf=27.137Hz  target=10.043Hz  err=-17.094Hz  corr=-357.01W  u_ff=96.8W  PCAP→78W  power=77.2W
[PID] perf=27.236Hz  target=10.043Hz  err=-17.193Hz  corr=-358.83W  u_ff=96.8W  PCAP→78W  power=78.5W
[PID] perf=27.220Hz  target=10.043Hz  err=-17.177Hz  corr=-358.54W  u_ff=96.8W  PCAP→78W  power=76.9W
[PID] perf=27.221Hz  target=10.043Hz  err=-17.178Hz  corr=-358.56W  u_ff=96.8W  PCAP→78W  power=77.1W
[PID] perf=27.202Hz  target=10.043Hz  err=-17.159Hz  corr=-358.22W  u_ff=96.8W  PCAP→78W  power=77.1W
[PID] perf=27.179Hz  target=10.043Hz  err=-17.136Hz  corr=-357.79W  u_ff=96.8W  PCAP→78W  power=78.5W
[PID] perf=27.174Hz  target=10.043Hz  err=-17.131Hz  corr=-357.68W  u_ff=96.8W  PCAP→78W  power=79.2W
[PID] perf=27.199Hz  target=10.043Hz  err=-17.156Hz  corr=-358.15W  u_ff=96.8W  PCAP→78W  power=78.2W
[PID] perf=27.179Hz  target=10.043Hz  err=-17.136Hz  corr=-357.79W  u_ff=96.8W  PCAP→78W  power=79.2W
[PID] perf=27.092Hz  target=10.043Hz  err=-17.049Hz  corr=-356.16W  u_ff=96.8W  PCAP→78W  power=78.7W
[PID] perf=27.196Hz  target=10.043Hz  err=-17.153Hz  corr=-358.10W  u_ff=96.8W  PCAP→78W  power=77.3W
[PID] perf=27.219Hz  target=10.043Hz  err=-17.176Hz  corr=-358.53W  u_ff=96.8W  PCAP→78W  power=77.6W
[PID] perf=27.197Hz  target=10.043Hz  err=-17.154Hz  corr=-358.11W  u_ff=96.8W  PCAP→78W  power=78.7W
[PID] perf=27.186Hz  target=10.043Hz  err=-17.143Hz  corr=-357.90W  u_ff=96.8W  PCAP→78W  power=77.2W
[PID] perf=27.200Hz  target=10.043Hz  err=-17.157Hz  corr=-358.18W  u_ff=96.8W  PCAP→78W  power=77.3W
[PID] perf=27.192Hz  target=10.043Hz  err=-17.149Hz  corr=-358.03W  u_ff=96.8W  PCAP→78W  power=76.2W
[PID] perf=27.194Hz  target=10.043Hz  err=-17.151Hz  corr=-358.05W  u_ff=96.8W  PCAP→78W  power=76.5W
[PID] perf=27.221Hz  target=10.043Hz  err=-17.178Hz  corr=-358.55W  u_ff=96.8W  PCAP→78W  power=77.9W
[PID] perf=27.216Hz  target=10.043Hz  err=-17.173Hz  corr=-358.48W  u_ff=96.8W  PCAP→78W  power=77.0W
[PID] perf=27.237Hz  target=10.043Hz  err=-17.194Hz  corr=-358.86W  u_ff=96.8W  PCAP→78W  power=78.5W
[PID] perf=27.230Hz  target=10.043Hz  err=-17.187Hz  corr=-358.73W  u_ff=96.8W  PCAP→78W  power=78.6W
[PID] perf=27.271Hz  target=10.043Hz  err=-17.228Hz  corr=-359.49W  u_ff=96.8W  PCAP→78W  power=78.6W
[PID] perf=27.228Hz  target=10.043Hz  err=-17.185Hz  corr=-358.69W  u_ff=96.8W  PCAP→78W  power=79.2W
[PID] perf=27.210Hz  target=10.043Hz  err=-17.167Hz  corr=-358.35W  u_ff=96.8W  PCAP→78W  power=78.5W
[PID] perf=27.213Hz  target=10.043Hz  err=-17.170Hz  corr=-358.41W  u_ff=96.8W  PCAP→78W  power=77.9W
[PID] perf=27.234Hz  target=10.043Hz  err=-17.191Hz  corr=-358.80W  u_ff=96.8W  PCAP→78W  power=78.0W
[PID] perf=27.195Hz  target=10.043Hz  err=-17.152Hz  corr=-358.07W  u_ff=96.8W  PCAP→78W  power=76.8W
[PID] perf=27.233Hz  target=10.043Hz  err=-17.190Hz  corr=-358.78W  u_ff=96.8W  PCAP→78W  power=77.5W
[PID] perf=27.203Hz  target=10.043Hz  err=-17.160Hz  corr=-358.22W  u_ff=96.8W  PCAP→78W  power=77.1W
[PID] perf=27.201Hz  target=10.043Hz  err=-17.158Hz  corr=-358.19W  u_ff=96.8W  PCAP→78W  power=78.4W
[PID] perf=27.182Hz  target=10.043Hz  err=-17.139Hz  corr=-357.84W  u_ff=96.8W  PCAP→78W  power=77.4W
[PID] perf=27.207Hz  target=10.043Hz  err=-17.164Hz  corr=-358.31W  u_ff=96.8W  PCAP→78W  power=78.5W
[PID] perf=27.240Hz  target=10.043Hz  err=-17.197Hz  corr=-358.91W  u_ff=96.8W  PCAP→78W  power=79.1W
[PID] perf=27.245Hz  target=10.043Hz  err=-17.201Hz  corr=-359.00W  u_ff=96.8W  PCAP→78W  power=78.0W
[PID] perf=27.228Hz  target=10.043Hz  err=-17.185Hz  corr=-358.69W  u_ff=96.8W  PCAP→78W  power=78.8W
[PID] perf=27.210Hz  target=10.043Hz  err=-17.167Hz  corr=-358.36W  u_ff=96.8W  PCAP→78W  power=78.9W
[PID] perf=27.201Hz  target=10.043Hz  err=-17.158Hz  corr=-358.19W  u_ff=96.8W  PCAP→78W  power=76.4W
[PID] perf=27.214Hz  target=10.043Hz  err=-17.171Hz  corr=-358.43W  u_ff=96.8W  PCAP→78W  power=77.2W
[PID] perf=27.209Hz  target=10.043Hz  err=-17.166Hz  corr=-358.33W  u_ff=96.8W  PCAP→78W  power=77.9W
[PID] perf=27.201Hz  target=10.043Hz  err=-17.158Hz  corr=-358.19W  u_ff=96.8W  PCAP→78W  power=77.8W
[PID] perf=27.216Hz  target=10.043Hz  err=-17.173Hz  corr=-358.47W  u_ff=96.8W  PCAP→78W  power=78.0W
[PID] perf=27.233Hz  target=10.043Hz  err=-17.190Hz  corr=-358.78W  u_ff=96.8W  PCAP→78W  power=77.8W
[PID] perf=27.200Hz  target=10.043Hz  err=-17.157Hz  corr=-358.17W  u_ff=96.8W  PCAP→78W  power=77.9W
[PID] perf=27.213Hz  target=10.043Hz  err=-17.170Hz  corr=-358.42W  u_ff=96.8W  PCAP→78W  power=78.6W
[PID] perf=27.244Hz  target=10.043Hz  err=-17.201Hz  corr=-358.98W  u_ff=96.8W  PCAP→78W  power=78.9W
[PID] perf=27.241Hz  target=10.043Hz  err=-17.198Hz  corr=-358.93W  u_ff=96.8W  PCAP→78W  power=79.0W
[PID] perf=27.234Hz  target=10.043Hz  err=-17.191Hz  corr=-358.80W  u_ff=96.8W  PCAP→78W  power=79.6W
[PID] perf=27.207Hz  target=10.043Hz  err=-17.164Hz  corr=-358.29W  u_ff=96.8W  PCAP→78W  power=78.9W
[PID] perf=27.236Hz  target=10.043Hz  err=-17.193Hz  corr=-358.84W  u_ff=96.8W  PCAP→78W  power=77.0W
[PID] perf=27.231Hz  target=10.043Hz  err=-17.188Hz  corr=-358.75W  u_ff=96.8W  PCAP→78W  power=77.2W
[PID] perf=27.245Hz  target=10.043Hz  err=-17.202Hz  corr=-359.00W  u_ff=96.8W  PCAP→78W  power=78.6W
[PID] perf=25.476Hz  target=10.043Hz  err=-15.433Hz  corr=-326.20W  u_ff=96.8W  PCAP→78W  power=79.1W
[PID] perf=25.589Hz  target=10.043Hz  err=-15.546Hz  corr=-328.29W  u_ff=96.8W  PCAP→78W  power=78.6W
[PID] perf=25.640Hz  target=10.043Hz  err=-15.597Hz  corr=-329.25W  u_ff=96.8W  PCAP→78W  power=79.0W
[PID] perf=25.653Hz  target=10.043Hz  err=-15.609Hz  corr=-329.47W  u_ff=96.8W  PCAP→78W  power=77.9W
[PID] perf=25.660Hz  target=10.043Hz  err=-15.617Hz  corr=-329.61W  u_ff=96.8W  PCAP→78W  power=77.0W
[PID] perf=25.767Hz  target=10.043Hz  err=-15.724Hz  corr=-331.60W  u_ff=96.8W  PCAP→78W  power=78.0W
[PID] perf=25.662Hz  target=10.043Hz  err=-15.619Hz  corr=-329.65W  u_ff=96.8W  PCAP→78W  power=77.7W
[PID] perf=25.633Hz  target=10.043Hz  err=-15.590Hz  corr=-329.10W  u_ff=96.8W  PCAP→78W  power=79.2W
[PID] perf=25.607Hz  target=10.043Hz  err=-15.564Hz  corr=-328.63W  u_ff=96.8W  PCAP→78W  power=78.2W
[PID] perf=25.619Hz  target=10.043Hz  err=-15.576Hz  corr=-328.84W  u_ff=96.8W  PCAP→78W  power=76.9W
[PID] perf=25.640Hz  target=10.043Hz  err=-15.597Hz  corr=-329.25W  u_ff=96.8W  PCAP→78W  power=77.2W
[PID] perf=25.619Hz  target=10.043Hz  err=-15.576Hz  corr=-328.85W  u_ff=96.8W  PCAP→78W  power=78.6W
[PID] perf=25.621Hz  target=10.043Hz  err=-15.578Hz  corr=-328.88W  u_ff=96.8W  PCAP→78W  power=78.3W
[PID] perf=25.642Hz  target=10.043Hz  err=-15.599Hz  corr=-329.28W  u_ff=96.8W  PCAP→78W  power=79.7W
[PID] perf=25.667Hz  target=10.043Hz  err=-15.624Hz  corr=-329.74W  u_ff=96.8W  PCAP→78W  power=78.6W
[PID] perf=25.663Hz  target=10.043Hz  err=-15.620Hz  corr=-329.66W  u_ff=96.8W  PCAP→78W  power=78.7W
[PID] perf=25.691Hz  target=10.043Hz  err=-15.648Hz  corr=-330.19W  u_ff=96.8W  PCAP→78W  power=78.1W
[PID] perf=25.665Hz  target=10.043Hz  err=-15.622Hz  corr=-329.70W  u_ff=96.8W  PCAP→78W  power=76.2W
[PID] perf=25.653Hz  target=10.043Hz  err=-15.610Hz  corr=-329.48W  u_ff=96.8W  PCAP→78W  power=77.8W
[PID] perf=25.677Hz  target=10.043Hz  err=-15.634Hz  corr=-329.93W  u_ff=96.8W  PCAP→78W  power=78.5W
[PID] perf=25.679Hz  target=10.043Hz  err=-15.636Hz  corr=-329.96W  u_ff=96.8W  PCAP→78W  power=77.7W
[PID] perf=25.670Hz  target=10.043Hz  err=-15.627Hz  corr=-329.79W  u_ff=96.8W  PCAP→78W  power=77.0W
[PID] perf=25.682Hz  target=10.043Hz  err=-15.639Hz  corr=-330.03W  u_ff=96.8W  PCAP→78W  power=78.9W
[PID] perf=25.666Hz  target=10.043Hz  err=-15.623Hz  corr=-329.73W  u_ff=96.8W  PCAP→78W  power=77.7W
[PID] perf=25.704Hz  target=10.043Hz  err=-15.661Hz  corr=-330.42W  u_ff=96.8W  PCAP→78W  power=76.9W
[PID] perf=25.721Hz  target=10.043Hz  err=-15.678Hz  corr=-330.74W  u_ff=96.8W  PCAP→78W  power=79.3W
[PID] perf=25.682Hz  target=10.043Hz  err=-15.639Hz  corr=-330.01W  u_ff=96.8W  PCAP→78W  power=77.6W
[PID] perf=25.653Hz  target=10.043Hz  err=-15.610Hz  corr=-329.49W  u_ff=96.8W  PCAP→78W  power=79.6W
[PID] perf=25.670Hz  target=10.043Hz  err=-15.627Hz  corr=-329.79W  u_ff=96.8W  PCAP→78W  power=78.2W
[PID] perf=25.685Hz  target=10.043Hz  err=-15.641Hz  corr=-330.07W  u_ff=96.8W  PCAP→78W  power=77.5W
[PID] perf=25.683Hz  target=10.043Hz  err=-15.640Hz  corr=-330.04W  u_ff=96.8W  PCAP→78W  power=78.4W
[PID] perf=25.660Hz  target=10.043Hz  err=-15.617Hz  corr=-329.61W  u_ff=96.8W  PCAP→78W  power=79.4W
[PID] perf=25.675Hz  target=10.043Hz  err=-15.632Hz  corr=-329.90W  u_ff=96.8W  PCAP→78W  power=76.9W
[PID] perf=25.639Hz  target=10.043Hz  err=-15.596Hz  corr=-329.22W  u_ff=96.8W  PCAP→78W  power=76.2W
[PID] perf=25.687Hz  target=10.043Hz  err=-15.644Hz  corr=-330.11W  u_ff=96.8W  PCAP→78W  power=77.3W
[PID] perf=25.669Hz  target=10.043Hz  err=-15.626Hz  corr=-329.79W  u_ff=96.8W  PCAP→78W  power=78.0W
[PID] perf=25.660Hz  target=10.043Hz  err=-15.617Hz  corr=-329.62W  u_ff=96.8W  PCAP→78W  power=78.4W
[PID] perf=25.653Hz  target=10.043Hz  err=-15.610Hz  corr=-329.47W  u_ff=96.8W  PCAP→78W  power=78.4W
[PID] perf=25.645Hz  target=10.043Hz  err=-15.602Hz  corr=-329.33W  u_ff=96.8W  PCAP→78W  power=77.7W
[PID] perf=25.663Hz  target=10.043Hz  err=-15.620Hz  corr=-329.67W  u_ff=96.8W  PCAP→78W  power=76.1W
[PID] perf=25.648Hz  target=10.043Hz  err=-15.605Hz  corr=-329.38W  u_ff=96.8W  PCAP→78W  power=77.0W
[PID] perf=25.641Hz  target=10.043Hz  err=-15.598Hz  corr=-329.25W  u_ff=96.8W  PCAP→78W  power=76.9W
[PID] perf=25.640Hz  target=10.043Hz  err=-15.597Hz  corr=-329.24W  u_ff=96.8W  PCAP→78W  power=76.8W
[PID] perf=25.663Hz  target=10.043Hz  err=-15.620Hz  corr=-329.66W  u_ff=96.8W  PCAP→78W  power=77.6W
[PID] perf=25.682Hz  target=10.043Hz  err=-15.639Hz  corr=-330.02W  u_ff=96.8W  PCAP→78W  power=77.4W
[PID] perf=25.691Hz  target=10.043Hz  err=-15.648Hz  corr=-330.19W  u_ff=96.8W  PCAP→78W  power=78.4W
[PID] perf=25.679Hz  target=10.043Hz  err=-15.636Hz  corr=-329.96W  u_ff=96.8W  PCAP→78W  power=78.4W
[PID] perf=26.682Hz  target=10.043Hz  err=-16.639Hz  corr=-348.56W  u_ff=96.8W  PCAP→78W  power=77.8W
[PID] perf=26.805Hz  target=10.043Hz  err=-16.762Hz  corr=-350.84W  u_ff=96.8W  PCAP→78W  power=78.7W
[PID] perf=26.779Hz  target=10.043Hz  err=-16.736Hz  corr=-350.37W  u_ff=96.8W  PCAP→78W  power=77.7W
[PID] perf=26.784Hz  target=10.043Hz  err=-16.741Hz  corr=-350.45W  u_ff=96.8W  PCAP→78W  power=78.0W
[PID] perf=26.812Hz  target=10.043Hz  err=-16.769Hz  corr=-350.97W  u_ff=96.8W  PCAP→78W  power=78.3W
[PID] perf=26.787Hz  target=10.043Hz  err=-16.744Hz  corr=-350.50W  u_ff=96.8W  PCAP→78W  power=79.1W
[PID] perf=26.828Hz  target=10.043Hz  err=-16.785Hz  corr=-351.28W  u_ff=96.8W  PCAP→78W  power=78.7W
[PID] perf=26.817Hz  target=10.043Hz  err=-16.774Hz  corr=-351.08W  u_ff=96.8W  PCAP→78W  power=78.3W
[PID] perf=26.813Hz  target=10.043Hz  err=-16.770Hz  corr=-350.99W  u_ff=96.8W  PCAP→78W  power=78.9W
[PID] perf=26.810Hz  target=10.043Hz  err=-16.767Hz  corr=-350.94W  u_ff=96.8W  PCAP→78W  power=77.3W
[PID] perf=26.819Hz  target=10.043Hz  err=-16.776Hz  corr=-351.10W  u_ff=96.8W  PCAP→78W  power=78.0W
[PID] perf=26.818Hz  target=10.043Hz  err=-16.775Hz  corr=-351.09W  u_ff=96.8W  PCAP→78W  power=78.7W
[PID] perf=26.720Hz  target=10.043Hz  err=-16.677Hz  corr=-349.28W  u_ff=96.8W  PCAP→78W  power=79.1W
[PID] perf=26.786Hz  target=10.043Hz  err=-16.743Hz  corr=-350.50W  u_ff=96.8W  PCAP→78W  power=78.9W
[PID] perf=26.808Hz  target=10.043Hz  err=-16.765Hz  corr=-350.91W  u_ff=96.8W  PCAP→78W  power=79.0W
[PID] perf=26.831Hz  target=10.043Hz  err=-16.788Hz  corr=-351.34W  u_ff=96.8W  PCAP→78W  power=77.6W
[PID] perf=26.845Hz  target=10.043Hz  err=-16.802Hz  corr=-351.59W  u_ff=96.8W  PCAP→78W  power=77.1W
[PID] perf=26.870Hz  target=10.043Hz  err=-16.827Hz  corr=-352.06W  u_ff=96.8W  PCAP→78W  power=77.1W
[PID] perf=26.863Hz  target=10.043Hz  err=-16.820Hz  corr=-351.92W  u_ff=96.8W  PCAP→78W  power=78.6W
[PID] perf=26.832Hz  target=10.043Hz  err=-16.789Hz  corr=-351.35W  u_ff=96.8W  PCAP→78W  power=78.4W
[PID] perf=26.848Hz  target=10.043Hz  err=-16.805Hz  corr=-351.64W  u_ff=96.8W  PCAP→78W  power=77.7W
[PID] perf=26.848Hz  target=10.043Hz  err=-16.805Hz  corr=-351.64W  u_ff=96.8W  PCAP→78W  power=78.7W
[PID] perf=26.861Hz  target=10.043Hz  err=-16.818Hz  corr=-351.88W  u_ff=96.8W  PCAP→78W  power=79.0W
[PID] perf=26.868Hz  target=10.043Hz  err=-16.825Hz  corr=-352.02W  u_ff=96.8W  PCAP→78W  power=78.9W
[PID] perf=26.857Hz  target=10.043Hz  err=-16.814Hz  corr=-351.81W  u_ff=96.8W  PCAP→78W  power=76.5W
[PID] perf=26.882Hz  target=10.043Hz  err=-16.839Hz  corr=-352.27W  u_ff=96.8W  PCAP→78W  power=79.7W
[PID] perf=26.880Hz  target=10.043Hz  err=-16.837Hz  corr=-352.24W  u_ff=96.8W  PCAP→78W  power=77.1W
[PID] perf=26.828Hz  target=10.043Hz  err=-16.785Hz  corr=-351.27W  u_ff=96.8W  PCAP→78W  power=79.3W
[PID] perf=26.851Hz  target=10.043Hz  err=-16.808Hz  corr=-351.70W  u_ff=96.8W  PCAP→78W  power=78.1W
[PID] perf=26.832Hz  target=10.043Hz  err=-16.789Hz  corr=-351.35W  u_ff=96.8W  PCAP→78W  power=78.6W
[PID] perf=26.816Hz  target=10.043Hz  err=-16.773Hz  corr=-351.04W  u_ff=96.8W  PCAP→78W  power=76.2W
[PID] perf=26.846Hz  target=10.043Hz  err=-16.803Hz  corr=-351.60W  u_ff=96.8W  PCAP→78W  power=77.6W
[PID] perf=26.845Hz  target=10.043Hz  err=-16.801Hz  corr=-351.58W  u_ff=96.8W  PCAP→78W  power=79.4W
[PID] perf=26.833Hz  target=10.043Hz  err=-16.790Hz  corr=-351.36W  u_ff=96.8W  PCAP→78W  power=77.3W
[PID] perf=26.817Hz  target=10.043Hz  err=-16.774Hz  corr=-351.06W  u_ff=96.8W  PCAP→78W  power=78.5W
[PID] perf=26.819Hz  target=10.043Hz  err=-16.776Hz  corr=-351.11W  u_ff=96.8W  PCAP→78W  power=78.8W
[PID] perf=26.844Hz  target=10.043Hz  err=-16.801Hz  corr=-351.57W  u_ff=96.8W  PCAP→78W  power=76.6W
[PID] perf=26.830Hz  target=10.043Hz  err=-16.787Hz  corr=-351.31W  u_ff=96.8W  PCAP→78W  power=77.2W
[PID] perf=26.823Hz  target=10.043Hz  err=-16.780Hz  corr=-351.18W  u_ff=96.8W  PCAP→78W  power=77.1W
[PID] perf=26.823Hz  target=10.043Hz  err=-16.780Hz  corr=-351.18W  u_ff=96.8W  PCAP→78W  power=78.8W
[PID] perf=26.809Hz  target=10.043Hz  err=-16.766Hz  corr=-350.93W  u_ff=96.8W  PCAP→78W  power=78.3W
[PID] perf=26.809Hz  target=10.043Hz  err=-16.766Hz  corr=-350.92W  u_ff=96.8W  PCAP→78W  power=77.5W
[PID] perf=26.840Hz  target=10.043Hz  err=-16.797Hz  corr=-351.49W  u_ff=96.8W  PCAP→78W  power=77.0W
[PID] perf=26.846Hz  target=10.043Hz  err=-16.803Hz  corr=-351.61W  u_ff=96.8W  PCAP→78W  power=77.8W
[PID] perf=26.833Hz  target=10.043Hz  err=-16.790Hz  corr=-351.37W  u_ff=96.8W  PCAP→78W  power=78.2W
[PID] perf=26.811Hz  target=10.043Hz  err=-16.768Hz  corr=-350.95W  u_ff=96.8W  PCAP→78W  power=77.4W
[PID] perf=26.860Hz  target=10.043Hz  err=-16.817Hz  corr=-351.86W  u_ff=96.8W  PCAP→78W  power=77.5W
[PID] perf=26.847Hz  target=10.043Hz  err=-16.804Hz  corr=-351.63W  u_ff=96.8W  PCAP→78W  power=78.7W
[PID] perf=26.815Hz  target=10.043Hz  err=-16.772Hz  corr=-351.02W  u_ff=96.8W  PCAP→78W  power=78.6W
[PID] perf=26.809Hz  target=10.043Hz  err=-16.766Hz  corr=-350.92W  u_ff=96.8W  PCAP→78W  power=76.3W
[PID] perf=26.864Hz  target=10.043Hz  err=-16.821Hz  corr=-351.94W  u_ff=96.8W  PCAP→78W  power=79.2W
[PID] perf=26.844Hz  target=10.043Hz  err=-16.801Hz  corr=-351.57W  u_ff=96.8W  PCAP→78W  power=76.6W
[PID] perf=26.850Hz  target=10.043Hz  err=-16.807Hz  corr=-351.68W  u_ff=96.8W  PCAP→78W  power=77.7W
[PID] perf=26.839Hz  target=10.043Hz  err=-16.796Hz  corr=-351.47W  u_ff=96.8W  PCAP→78W  power=76.5W
[PID] perf=26.834Hz  target=10.043Hz  err=-16.791Hz  corr=-351.38W  u_ff=96.8W  PCAP→78W  power=77.8W
[PID] perf=26.839Hz  target=10.043Hz  err=-16.796Hz  corr=-351.47W  u_ff=96.8W  PCAP→78W  power=78.0W
[PID] perf=26.848Hz  target=10.043Hz  err=-16.805Hz  corr=-351.65W  u_ff=96.8W  PCAP→78W  power=77.3W
[PID] perf=26.831Hz  target=10.043Hz  err=-16.788Hz  corr=-351.32W  u_ff=96.8W  PCAP→78W  power=79.1W
[PID] perf=26.793Hz  target=10.043Hz  err=-16.750Hz  corr=-350.63W  u_ff=96.8W  PCAP→78W  power=77.5W
[PID] perf=26.867Hz  target=10.043Hz  err=-16.824Hz  corr=-351.99W  u_ff=96.8W  PCAP→78W  power=78.4W
[PID] perf=26.816Hz  target=10.043Hz  err=-16.773Hz  corr=-351.04W  u_ff=96.8W  PCAP→78W  power=76.8W
[PID] perf=26.843Hz  target=10.043Hz  err=-16.800Hz  corr=-351.55W  u_ff=96.8W  PCAP→78W  power=77.9W
[PID] perf=26.824Hz  target=10.043Hz  err=-16.781Hz  corr=-351.19W  u_ff=96.8W  PCAP→78W  power=77.0W
[PID] perf=26.861Hz  target=10.043Hz  err=-16.818Hz  corr=-351.88W  u_ff=96.8W  PCAP→78W  power=77.6W
[PID] perf=26.836Hz  target=10.043Hz  err=-16.793Hz  corr=-351.41W  u_ff=96.8W  PCAP→78W  power=79.0W
[PID] perf=26.882Hz  target=10.043Hz  err=-16.839Hz  corr=-352.27W  u_ff=96.8W  PCAP→78W  power=77.9W
[PID] perf=26.845Hz  target=10.043Hz  err=-16.802Hz  corr=-351.59W  u_ff=96.8W  PCAP→78W  power=78.2W
[PID] perf=26.850Hz  target=10.043Hz  err=-16.807Hz  corr=-351.68W  u_ff=96.8W  PCAP→78W  power=78.8W
[PID] perf=26.844Hz  target=10.043Hz  err=-16.801Hz  corr=-351.57W  u_ff=96.8W  PCAP→78W  power=77.5W
[PID] perf=26.828Hz  target=10.043Hz  err=-16.785Hz  corr=-351.28W  u_ff=96.8W  PCAP→78W  power=77.1W
[PID] perf=27.044Hz  target=10.043Hz  err=-17.001Hz  corr=-355.28W  u_ff=96.8W  PCAP→78W  power=78.5W
[PID] perf=27.111Hz  target=10.043Hz  err=-17.068Hz  corr=-356.52W  u_ff=96.8W  PCAP→78W  power=78.6W
[PID] perf=27.116Hz  target=10.043Hz  err=-17.073Hz  corr=-356.62W  u_ff=96.8W  PCAP→78W  power=79.0W
[PID] perf=27.082Hz  target=10.043Hz  err=-17.039Hz  corr=-355.97W  u_ff=96.8W  PCAP→78W  power=78.3W
[PID] perf=27.093Hz  target=10.043Hz  err=-17.050Hz  corr=-356.18W  u_ff=96.8W  PCAP→78W  power=77.3W
[PID] perf=27.116Hz  target=10.043Hz  err=-17.073Hz  corr=-356.62W  u_ff=96.8W  PCAP→78W  power=77.1W
[PID] perf=27.093Hz  target=10.043Hz  err=-17.050Hz  corr=-356.18W  u_ff=96.8W  PCAP→78W  power=77.7W
[PID] perf=27.098Hz  target=10.043Hz  err=-17.055Hz  corr=-356.27W  u_ff=96.8W  PCAP→78W  power=78.0W
[PID] perf=27.051Hz  target=10.043Hz  err=-17.008Hz  corr=-355.41W  u_ff=96.8W  PCAP→78W  power=76.4W
[PID] perf=27.096Hz  target=10.043Hz  err=-17.053Hz  corr=-356.25W  u_ff=96.8W  PCAP→78W  power=76.6W
[PID] perf=27.116Hz  target=10.043Hz  err=-17.073Hz  corr=-356.61W  u_ff=96.8W  PCAP→78W  power=77.2W
[PID] perf=27.113Hz  target=10.043Hz  err=-17.070Hz  corr=-356.55W  u_ff=96.8W  PCAP→78W  power=77.5W
[PID] perf=27.100Hz  target=10.043Hz  err=-17.057Hz  corr=-356.31W  u_ff=96.8W  PCAP→78W  power=78.3W
[PID] perf=27.112Hz  target=10.043Hz  err=-17.068Hz  corr=-356.53W  u_ff=96.8W  PCAP→78W  power=77.6W
[PID] perf=27.071Hz  target=10.043Hz  err=-17.028Hz  corr=-355.78W  u_ff=96.8W  PCAP→78W  power=78.1W
[PID] perf=27.086Hz  target=10.043Hz  err=-17.043Hz  corr=-356.06W  u_ff=96.8W  PCAP→78W  power=76.9W
[PID] perf=27.068Hz  target=10.043Hz  err=-17.025Hz  corr=-355.73W  u_ff=96.8W  PCAP→78W  power=77.3W
[PID] perf=27.096Hz  target=10.043Hz  err=-17.053Hz  corr=-356.24W  u_ff=96.8W  PCAP→78W  power=76.6W
[PID] perf=27.080Hz  target=10.043Hz  err=-17.037Hz  corr=-355.94W  u_ff=96.8W  PCAP→78W  power=78.9W
[PID] perf=27.045Hz  target=10.043Hz  err=-17.002Hz  corr=-355.29W  u_ff=96.8W  PCAP→78W  power=79.1W
[PID] perf=27.186Hz  target=10.043Hz  err=-17.143Hz  corr=-357.92W  u_ff=96.8W  PCAP→78W  power=77.3W
[PID] perf=27.164Hz  target=10.043Hz  err=-17.121Hz  corr=-357.50W  u_ff=96.8W  PCAP→78W  power=78.6W
[PID] perf=27.215Hz  target=10.043Hz  err=-17.172Hz  corr=-358.45W  u_ff=96.8W  PCAP→78W  power=76.2W
[PID] perf=27.211Hz  target=10.043Hz  err=-17.168Hz  corr=-358.37W  u_ff=96.8W  PCAP→78W  power=77.5W
[PID] perf=27.209Hz  target=10.043Hz  err=-17.166Hz  corr=-358.34W  u_ff=96.8W  PCAP→78W  power=78.5W
[PID] perf=27.209Hz  target=10.043Hz  err=-17.166Hz  corr=-358.33W  u_ff=96.8W  PCAP→78W  power=76.2W
[PID] perf=27.206Hz  target=10.043Hz  err=-17.163Hz  corr=-358.29W  u_ff=96.8W  PCAP→78W  power=77.6W
[PID] perf=27.198Hz  target=10.043Hz  err=-17.155Hz  corr=-358.13W  u_ff=96.8W  PCAP→78W  power=76.8W
[PID] perf=27.200Hz  target=10.043Hz  err=-17.157Hz  corr=-358.17W  u_ff=96.8W  PCAP→78W  power=77.2W
[PID] perf=27.211Hz  target=10.043Hz  err=-17.168Hz  corr=-358.38W  u_ff=96.8W  PCAP→78W  power=78.3W
[PID] perf=27.187Hz  target=10.043Hz  err=-17.144Hz  corr=-357.94W  u_ff=96.8W  PCAP→78W  power=77.9W
[PID] perf=27.210Hz  target=10.043Hz  err=-17.167Hz  corr=-358.35W  u_ff=96.8W  PCAP→78W  power=78.3W
[PID] perf=27.183Hz  target=10.043Hz  err=-17.140Hz  corr=-357.86W  u_ff=96.8W  PCAP→78W  power=77.3W
[PID] perf=27.196Hz  target=10.043Hz  err=-17.153Hz  corr=-358.09W  u_ff=96.8W  PCAP→78W  power=77.0W
[PID] perf=27.422Hz  target=10.043Hz  err=-17.379Hz  corr=-362.28W  u_ff=96.8W  PCAP→78W  power=77.0W
[PID] perf=27.537Hz  target=10.043Hz  err=-17.494Hz  corr=-364.42W  u_ff=96.8W  PCAP→78W  power=76.8W
[PID] perf=27.563Hz  target=10.043Hz  err=-17.520Hz  corr=-364.90W  u_ff=96.8W  PCAP→78W  power=77.3W
[PID] perf=27.597Hz  target=10.043Hz  err=-17.554Hz  corr=-365.54W  u_ff=96.8W  PCAP→78W  power=77.3W
[PID] perf=27.533Hz  target=10.043Hz  err=-17.490Hz  corr=-364.35W  u_ff=96.8W  PCAP→78W  power=78.8W
[PID] perf=27.542Hz  target=10.043Hz  err=-17.499Hz  corr=-364.52W  u_ff=96.8W  PCAP→78W  power=79.2W
[PID] perf=27.608Hz  target=10.043Hz  err=-17.565Hz  corr=-365.74W  u_ff=96.8W  PCAP→78W  power=76.8W
[PID] perf=27.569Hz  target=10.043Hz  err=-17.526Hz  corr=-365.01W  u_ff=96.8W  PCAP→78W  power=77.0W
[PID] perf=27.597Hz  target=10.043Hz  err=-17.554Hz  corr=-365.53W  u_ff=96.8W  PCAP→78W  power=78.7W
[PID] perf=27.606Hz  target=10.043Hz  err=-17.563Hz  corr=-365.70W  u_ff=96.8W  PCAP→78W  power=78.7W
[PID] perf=27.606Hz  target=10.043Hz  err=-17.563Hz  corr=-365.70W  u_ff=96.8W  PCAP→78W  power=76.9W
[PID] perf=27.632Hz  target=10.043Hz  err=-17.589Hz  corr=-366.18W  u_ff=96.8W  PCAP→78W  power=77.6W
[PID] perf=27.607Hz  target=10.043Hz  err=-17.564Hz  corr=-365.73W  u_ff=96.8W  PCAP→78W  power=76.4W
[PID] perf=27.597Hz  target=10.043Hz  err=-17.554Hz  corr=-365.53W  u_ff=96.8W  PCAP→78W  power=76.2W
[PID] perf=27.620Hz  target=10.043Hz  err=-17.577Hz  corr=-365.96W  u_ff=96.8W  PCAP→78W  power=76.2W
[PID] perf=27.598Hz  target=10.043Hz  err=-17.555Hz  corr=-365.54W  u_ff=96.8W  PCAP→78W  power=76.3W
[PID] perf=27.601Hz  target=10.043Hz  err=-17.558Hz  corr=-365.60W  u_ff=96.8W  PCAP→78W  power=78.2W
[PID] perf=27.609Hz  target=10.043Hz  err=-17.566Hz  corr=-365.75W  u_ff=96.8W  PCAP→78W  power=76.5W
[PID] perf=27.612Hz  target=10.043Hz  err=-17.569Hz  corr=-365.82W  u_ff=96.8W  PCAP→78W  power=78.1W
[PID] perf=27.619Hz  target=10.043Hz  err=-17.576Hz  corr=-365.94W  u_ff=96.8W  PCAP→78W  power=76.2W
[PID] perf=27.563Hz  target=10.043Hz  err=-17.520Hz  corr=-364.91W  u_ff=96.8W  PCAP→78W  power=78.7W
[PID] perf=27.559Hz  target=10.043Hz  err=-17.516Hz  corr=-364.83W  u_ff=96.8W  PCAP→78W  power=78.7W
[PID] perf=27.588Hz  target=10.043Hz  err=-17.545Hz  corr=-365.37W  u_ff=96.8W  PCAP→78W  power=79.0W
[PID] perf=27.627Hz  target=10.043Hz  err=-17.584Hz  corr=-366.09W  u_ff=96.8W  PCAP→78W  power=76.8W
[PID] perf=27.630Hz  target=10.043Hz  err=-17.587Hz  corr=-366.14W  u_ff=96.8W  PCAP→78W  power=77.9W
[PID] perf=27.596Hz  target=10.043Hz  err=-17.553Hz  corr=-365.51W  u_ff=96.8W  PCAP→78W  power=78.5W
[PID] perf=27.567Hz  target=10.043Hz  err=-17.524Hz  corr=-364.98W  u_ff=96.8W  PCAP→78W  power=79.0W
[PID] perf=27.557Hz  target=10.043Hz  err=-17.514Hz  corr=-364.79W  u_ff=96.8W  PCAP→78W  power=76.4W
[PID] perf=27.579Hz  target=10.043Hz  err=-17.536Hz  corr=-365.20W  u_ff=96.8W  PCAP→78W  power=78.1W
[PID] perf=27.621Hz  target=10.043Hz  err=-17.578Hz  corr=-365.97W  u_ff=96.8W  PCAP→78W  power=76.9W
[PID] perf=27.579Hz  target=10.043Hz  err=-17.536Hz  corr=-365.19W  u_ff=96.8W  PCAP→78W  power=79.0W
[PID] perf=27.598Hz  target=10.043Hz  err=-17.555Hz  corr=-365.55W  u_ff=96.8W  PCAP→78W  power=78.9W
[PID] perf=27.603Hz  target=10.043Hz  err=-17.560Hz  corr=-365.65W  u_ff=96.8W  PCAP→78W  power=78.5W
[PID] perf=27.602Hz  target=10.043Hz  err=-17.559Hz  corr=-365.62W  u_ff=96.8W  PCAP→78W  power=76.5W
[PID] perf=27.594Hz  target=10.043Hz  err=-17.551Hz  corr=-365.48W  u_ff=96.8W  PCAP→78W  power=77.4W
[PID] perf=27.576Hz  target=10.043Hz  err=-17.533Hz  corr=-365.14W  u_ff=96.8W  PCAP→78W  power=78.0W
[PID] perf=27.594Hz  target=10.043Hz  err=-17.551Hz  corr=-365.48W  u_ff=96.8W  PCAP→78W  power=77.2W
[PID] perf=27.613Hz  target=10.043Hz  err=-17.570Hz  corr=-365.83W  u_ff=96.8W  PCAP→78W  power=78.5W
[PID] perf=27.623Hz  target=10.043Hz  err=-17.580Hz  corr=-366.01W  u_ff=96.8W  PCAP→78W  power=77.1W
[PID] perf=27.576Hz  target=10.043Hz  err=-17.533Hz  corr=-365.14W  u_ff=96.8W  PCAP→78W  power=79.0W
[PID] perf=27.544Hz  target=10.043Hz  err=-17.501Hz  corr=-364.56W  u_ff=96.8W  PCAP→78W  power=77.9W
[PID] perf=27.559Hz  target=10.043Hz  err=-17.515Hz  corr=-364.82W  u_ff=96.8W  PCAP→78W  power=77.3W
[PID] perf=27.568Hz  target=10.043Hz  err=-17.525Hz  corr=-365.00W  u_ff=96.8W  PCAP→78W  power=77.4W
[PID] perf=27.559Hz  target=10.043Hz  err=-17.516Hz  corr=-364.82W  u_ff=96.8W  PCAP→78W  power=77.3W
[PID] perf=27.569Hz  target=10.043Hz  err=-17.526Hz  corr=-365.02W  u_ff=96.8W  PCAP→78W  power=78.4W
[PID] perf=27.579Hz  target=10.043Hz  err=-17.536Hz  corr=-365.20W  u_ff=96.8W  PCAP→78W  power=78.7W
[PID] perf=27.550Hz  target=10.043Hz  err=-17.507Hz  corr=-364.66W  u_ff=96.8W  PCAP→78W  power=77.3W
[PID] perf=27.577Hz  target=10.043Hz  err=-17.534Hz  corr=-365.17W  u_ff=96.8W  PCAP→78W  power=77.2W
[PID] perf=27.598Hz  target=10.043Hz  err=-17.555Hz  corr=-365.54W  u_ff=96.8W  PCAP→78W  power=77.6W
[PID] perf=27.572Hz  target=10.043Hz  err=-17.529Hz  corr=-365.08W  u_ff=96.8W  PCAP→78W  power=77.3W
[PID] perf=27.569Hz  target=10.043Hz  err=-17.526Hz  corr=-365.01W  u_ff=96.8W  PCAP→78W  power=76.4W
[PID] perf=27.571Hz  target=10.043Hz  err=-17.527Hz  corr=-365.04W  u_ff=96.8W  PCAP→78W  power=77.8W
[PID] perf=27.560Hz  target=10.043Hz  err=-17.517Hz  corr=-364.85W  u_ff=96.8W  PCAP→78W  power=77.7W
[PID] perf=27.571Hz  target=10.043Hz  err=-17.528Hz  corr=-365.06W  u_ff=96.8W  PCAP→78W  power=77.3W
[PID] perf=27.558Hz  target=10.043Hz  err=-17.515Hz  corr=-364.81W  u_ff=96.8W  PCAP→78W  power=77.3W
[PID] perf=27.548Hz  target=10.043Hz  err=-17.505Hz  corr=-364.63W  u_ff=96.8W  PCAP→78W  power=79.3W
[PID] perf=27.553Hz  target=10.043Hz  err=-17.510Hz  corr=-364.72W  u_ff=96.8W  PCAP→78W  power=78.4W
[PID] perf=27.550Hz  target=10.043Hz  err=-17.507Hz  corr=-364.66W  u_ff=96.8W  PCAP→78W  power=78.4W
[PID] perf=27.568Hz  target=10.043Hz  err=-17.525Hz  corr=-365.00W  u_ff=96.8W  PCAP→78W  power=78.8W
[PID] perf=27.570Hz  target=10.043Hz  err=-17.527Hz  corr=-365.03W  u_ff=96.8W  PCAP→78W  power=78.2W
[PID] perf=27.588Hz  target=10.043Hz  err=-17.545Hz  corr=-365.37W  u_ff=96.8W  PCAP→78W  power=77.2W
[PID] perf=27.572Hz  target=10.043Hz  err=-17.528Hz  corr=-365.06W  u_ff=96.8W  PCAP→78W  power=78.3W
[PID] perf=27.582Hz  target=10.043Hz  err=-17.539Hz  corr=-365.26W  u_ff=96.8W  PCAP→78W  power=76.1W
[PID] perf=27.539Hz  target=10.043Hz  err=-17.496Hz  corr=-364.45W  u_ff=96.8W  PCAP→78W  power=77.2W
[PID] perf=27.556Hz  target=10.043Hz  err=-17.513Hz  corr=-364.77W  u_ff=96.8W  PCAP→78W  power=77.3W
[PID] perf=27.537Hz  target=10.043Hz  err=-17.494Hz  corr=-364.43W  u_ff=96.8W  PCAP→78W  power=78.2W
[PID] perf=27.500Hz  target=10.043Hz  err=-17.457Hz  corr=-363.73W  u_ff=96.8W  PCAP→78W  power=77.8W
[PID] perf=27.493Hz  target=10.043Hz  err=-17.450Hz  corr=-363.61W  u_ff=96.8W  PCAP→78W  power=78.9W
[PID] perf=27.507Hz  target=10.043Hz  err=-17.464Hz  corr=-363.87W  u_ff=96.8W  PCAP→78W  power=78.9W
[PID] perf=27.510Hz  target=10.043Hz  err=-17.467Hz  corr=-363.91W  u_ff=96.8W  PCAP→78W  power=78.3W
[PID] perf=27.548Hz  target=10.043Hz  err=-17.505Hz  corr=-364.62W  u_ff=96.8W  PCAP→78W  power=77.2W
[PID] perf=27.536Hz  target=10.043Hz  err=-17.493Hz  corr=-364.40W  u_ff=96.8W  PCAP→78W  power=78.7W
[PID] perf=27.566Hz  target=10.043Hz  err=-17.523Hz  corr=-364.96W  u_ff=96.8W  PCAP→78W  power=79.3W
[PID] perf=27.565Hz  target=10.043Hz  err=-17.522Hz  corr=-364.94W  u_ff=96.8W  PCAP→78W  power=76.9W
[PID] perf=27.558Hz  target=10.043Hz  err=-17.515Hz  corr=-364.81W  u_ff=96.8W  PCAP→78W  power=76.9W
[PID] perf=27.556Hz  target=10.043Hz  err=-17.513Hz  corr=-364.77W  u_ff=96.8W  PCAP→78W  power=78.2W
[PID] perf=27.571Hz  target=10.043Hz  err=-17.528Hz  corr=-365.06W  u_ff=96.8W  PCAP→78W  power=78.6W
[PID] perf=27.572Hz  target=10.043Hz  err=-17.529Hz  corr=-365.06W  u_ff=96.8W  PCAP→78W  power=77.8W
[PID] perf=27.543Hz  target=10.043Hz  err=-17.500Hz  corr=-364.52W  u_ff=96.8W  PCAP→78W  power=77.5W
[PID] perf=27.586Hz  target=10.043Hz  err=-17.543Hz  corr=-365.33W  u_ff=96.8W  PCAP→78W  power=77.1W
[PID] perf=27.582Hz  target=10.043Hz  err=-17.538Hz  corr=-365.25W  u_ff=96.8W  PCAP→78W  power=79.0W
[PID] perf=27.590Hz  target=10.043Hz  err=-17.547Hz  corr=-365.40W  u_ff=96.8W  PCAP→78W  power=78.8W
[PID] perf=27.588Hz  target=10.043Hz  err=-17.545Hz  corr=-365.37W  u_ff=96.8W  PCAP→78W  power=77.9W
[PID] perf=27.589Hz  target=10.043Hz  err=-17.546Hz  corr=-365.39W  u_ff=96.8W  PCAP→78W  power=77.2W
[PID] perf=27.588Hz  target=10.043Hz  err=-17.545Hz  corr=-365.36W  u_ff=96.8W  PCAP→78W  power=77.6W
[PID] perf=27.603Hz  target=10.043Hz  err=-17.560Hz  corr=-365.64W  u_ff=96.8W  PCAP→78W  power=76.1W
[PID] perf=27.597Hz  target=10.043Hz  err=-17.554Hz  corr=-365.53W  u_ff=96.8W  PCAP→78W  power=77.4W
[PID] perf=27.581Hz  target=10.043Hz  err=-17.538Hz  corr=-365.24W  u_ff=96.8W  PCAP→78W  power=77.5W
[PID] perf=27.555Hz  target=10.043Hz  err=-17.512Hz  corr=-364.75W  u_ff=96.8W  PCAP→78W  power=78.9W
[PID] perf=27.582Hz  target=10.043Hz  err=-17.539Hz  corr=-365.26W  u_ff=96.8W  PCAP→78W  power=79.0W
[PID] perf=27.561Hz  target=10.043Hz  err=-17.518Hz  corr=-364.86W  u_ff=96.8W  PCAP→78W  power=77.6W
[PID] perf=27.576Hz  target=10.043Hz  err=-17.533Hz  corr=-365.15W  u_ff=96.8W  PCAP→78W  power=78.4W
[PID] perf=27.541Hz  target=10.043Hz  err=-17.498Hz  corr=-364.50W  u_ff=96.8W  PCAP→78W  power=77.1W
[PID] perf=27.538Hz  target=10.043Hz  err=-17.495Hz  corr=-364.44W  u_ff=96.8W  PCAP→78W  power=78.4W
[PID] perf=27.565Hz  target=10.043Hz  err=-17.522Hz  corr=-364.94W  u_ff=96.8W  PCAP→78W  power=78.7W
[PID] perf=27.502Hz  target=10.043Hz  err=-17.459Hz  corr=-363.77W  u_ff=96.8W  PCAP→78W  power=77.2W
[PID] perf=27.548Hz  target=10.043Hz  err=-17.505Hz  corr=-364.62W  u_ff=96.8W  PCAP→78W  power=76.4W
[PID] perf=27.538Hz  target=10.043Hz  err=-17.495Hz  corr=-364.43W  u_ff=96.8W  PCAP→78W  power=78.7W
[PID] perf=27.489Hz  target=10.043Hz  err=-17.446Hz  corr=-363.52W  u_ff=96.8W  PCAP→78W  power=77.3W
[PID] perf=27.547Hz  target=10.043Hz  err=-17.504Hz  corr=-364.61W  u_ff=96.8W  PCAP→78W  power=78.9W
[PID] perf=27.565Hz  target=10.043Hz  err=-17.522Hz  corr=-364.94W  u_ff=96.8W  PCAP→78W  power=78.5W
[PID] perf=27.581Hz  target=10.043Hz  err=-17.538Hz  corr=-365.24W  u_ff=96.8W  PCAP→78W  power=77.6W
[PID] perf=27.525Hz  target=10.043Hz  err=-17.482Hz  corr=-364.20W  u_ff=96.8W  PCAP→78W  power=77.8W
[PID] perf=27.542Hz  target=10.043Hz  err=-17.499Hz  corr=-364.51W  u_ff=96.8W  PCAP→78W  power=78.7W
[PID] perf=27.555Hz  target=10.043Hz  err=-17.512Hz  corr=-364.76W  u_ff=96.8W  PCAP→78W  power=78.0W
[PID] perf=27.548Hz  target=10.043Hz  err=-17.505Hz  corr=-364.62W  u_ff=96.8W  PCAP→78W  power=78.2W
[PID] perf=27.618Hz  target=10.043Hz  err=-17.575Hz  corr=-365.92W  u_ff=96.8W  PCAP→78W  power=78.0W
[PID] perf=27.582Hz  target=10.043Hz  err=-17.539Hz  corr=-365.25W  u_ff=96.8W  PCAP→78W  power=78.7W
[PID] perf=27.566Hz  target=10.043Hz  err=-17.523Hz  corr=-364.96W  u_ff=96.8W  PCAP→78W  power=79.0W
[PID] perf=27.581Hz  target=10.043Hz  err=-17.538Hz  corr=-365.24W  u_ff=96.8W  PCAP→78W  power=77.7W
[PID] perf=27.593Hz  target=10.043Hz  err=-17.550Hz  corr=-365.47W  u_ff=96.8W  PCAP→78W  power=77.9W
[PID] perf=27.602Hz  target=10.043Hz  err=-17.559Hz  corr=-365.62W  u_ff=96.8W  PCAP→78W  power=78.5W
[PID] perf=27.639Hz  target=10.043Hz  err=-17.596Hz  corr=-366.32W  u_ff=96.8W  PCAP→78W  power=78.9W
[PID] perf=27.598Hz  target=10.043Hz  err=-17.555Hz  corr=-365.55W  u_ff=96.8W  PCAP→78W  power=78.2W
[PID] perf=27.619Hz  target=10.043Hz  err=-17.576Hz  corr=-365.94W  u_ff=96.8W  PCAP→78W  power=78.3W
[PID] perf=27.627Hz  target=10.043Hz  err=-17.584Hz  corr=-366.09W  u_ff=96.8W  PCAP→78W  power=76.6W
[PID] perf=27.614Hz  target=10.043Hz  err=-17.571Hz  corr=-365.85W  u_ff=96.8W  PCAP→78W  power=78.3W
[PID] perf=27.604Hz  target=10.043Hz  err=-17.561Hz  corr=-365.65W  u_ff=96.8W  PCAP→78W  power=79.1W
[PID] perf=27.598Hz  target=10.043Hz  err=-17.555Hz  corr=-365.55W  u_ff=96.8W  PCAP→78W  power=78.8W
[PID] perf=27.594Hz  target=10.043Hz  err=-17.551Hz  corr=-365.48W  u_ff=96.8W  PCAP→78W  power=79.2W
[PID] perf=27.573Hz  target=10.043Hz  err=-17.530Hz  corr=-365.08W  u_ff=96.8W  PCAP→78W  power=79.2W
[PID] perf=27.570Hz  target=10.043Hz  err=-17.527Hz  corr=-365.03W  u_ff=96.8W  PCAP→78W  power=77.4W
[PID] perf=27.545Hz  target=10.043Hz  err=-17.502Hz  corr=-364.56W  u_ff=96.8W  PCAP→78W  power=76.3W
[PID] perf=28.559Hz  target=10.043Hz  err=-18.516Hz  corr=-383.37W  u_ff=96.8W  PCAP→78W  power=77.9W
[PID] perf=28.667Hz  target=10.043Hz  err=-18.624Hz  corr=-385.37W  u_ff=96.8W  PCAP→78W  power=78.7W
[PID] perf=28.714Hz  target=10.043Hz  err=-18.671Hz  corr=-386.25W  u_ff=96.8W  PCAP→78W  power=78.3W
[PID] perf=28.647Hz  target=10.043Hz  err=-18.604Hz  corr=-385.00W  u_ff=96.8W  PCAP→78W  power=76.4W
[PID] perf=27.538Hz  target=10.043Hz  err=-17.495Hz  corr=-364.43W  u_ff=96.8W  PCAP→78W  power=78.3W
[PID] perf=28.694Hz  target=10.043Hz  err=-18.651Hz  corr=-385.88W  u_ff=96.8W  PCAP→78W  power=77.8W
[PID] perf=28.693Hz  target=10.043Hz  err=-18.650Hz  corr=-385.85W  u_ff=96.8W  PCAP→78W  power=79.0W
[PID] perf=28.684Hz  target=10.043Hz  err=-18.641Hz  corr=-385.70W  u_ff=96.8W  PCAP→78W  power=77.0W
[PID] perf=29.071Hz  target=10.043Hz  err=-19.028Hz  corr=-392.87W  u_ff=96.8W  PCAP→78W  power=77.6W
[PID] perf=29.162Hz  target=10.043Hz  err=-19.119Hz  corr=-394.56W  u_ff=96.8W  PCAP→78W  power=77.3W
[PID] perf=29.135Hz  target=10.043Hz  err=-19.092Hz  corr=-394.06W  u_ff=96.8W  PCAP→78W  power=76.4W
[PID] perf=29.192Hz  target=10.043Hz  err=-19.149Hz  corr=-395.11W  u_ff=96.8W  PCAP→78W  power=79.4W
[PID] perf=29.134Hz  target=10.043Hz  err=-19.091Hz  corr=-394.04W  u_ff=96.8W  PCAP→78W  power=78.3W
[PID] perf=29.184Hz  target=10.043Hz  err=-19.141Hz  corr=-394.96W  u_ff=96.8W  PCAP→78W  power=77.8W
[PID] perf=29.186Hz  target=10.043Hz  err=-19.143Hz  corr=-395.01W  u_ff=96.8W  PCAP→78W  power=79.0W
[PID] perf=29.136Hz  target=10.043Hz  err=-19.093Hz  corr=-394.08W  u_ff=96.8W  PCAP→78W  power=77.3W
[PID] perf=29.158Hz  target=10.043Hz  err=-19.114Hz  corr=-394.47W  u_ff=96.8W  PCAP→78W  power=78.8W
[PID] perf=29.166Hz  target=10.043Hz  err=-19.123Hz  corr=-394.63W  u_ff=96.8W  PCAP→78W  power=76.5W
[PID] perf=29.138Hz  target=10.043Hz  err=-19.095Hz  corr=-394.11W  u_ff=96.8W  PCAP→78W  power=77.9W
[PID] perf=29.151Hz  target=10.043Hz  err=-19.108Hz  corr=-394.36W  u_ff=96.8W  PCAP→78W  power=76.4W
[PID] perf=29.159Hz  target=10.043Hz  err=-19.116Hz  corr=-394.50W  u_ff=96.8W  PCAP→78W  power=77.7W
[PID] perf=29.184Hz  target=10.043Hz  err=-19.141Hz  corr=-394.96W  u_ff=96.8W  PCAP→78W  power=78.2W
[PID] perf=29.126Hz  target=10.043Hz  err=-19.083Hz  corr=-393.89W  u_ff=96.8W  PCAP→78W  power=77.7W
[PID] perf=29.175Hz  target=10.043Hz  err=-19.132Hz  corr=-394.79W  u_ff=96.8W  PCAP→78W  power=77.8W
[PID] perf=29.159Hz  target=10.043Hz  err=-19.116Hz  corr=-394.50W  u_ff=96.8W  PCAP→78W  power=77.1W
[PID] perf=29.134Hz  target=10.043Hz  err=-19.091Hz  corr=-394.04W  u_ff=96.8W  PCAP→78W  power=76.8W
[PID] perf=29.172Hz  target=10.043Hz  err=-19.129Hz  corr=-394.74W  u_ff=96.8W  PCAP→78W  power=76.9W
[PID] perf=29.195Hz  target=10.043Hz  err=-19.152Hz  corr=-395.16W  u_ff=96.8W  PCAP→78W  power=77.0W
[PID] perf=29.165Hz  target=10.043Hz  err=-19.122Hz  corr=-394.61W  u_ff=96.8W  PCAP→78W  power=77.3W
[PID] perf=29.170Hz  target=10.043Hz  err=-19.127Hz  corr=-394.70W  u_ff=96.8W  PCAP→78W  power=78.1W
[PID] perf=29.187Hz  target=10.043Hz  err=-19.144Hz  corr=-395.01W  u_ff=96.8W  PCAP→78W  power=78.4W
[PID] perf=29.172Hz  target=10.043Hz  err=-19.129Hz  corr=-394.74W  u_ff=96.8W  PCAP→78W  power=77.7W
[PID] perf=29.157Hz  target=10.043Hz  err=-19.114Hz  corr=-394.45W  u_ff=96.8W  PCAP→78W  power=79.2W
[PID] perf=29.132Hz  target=10.043Hz  err=-19.089Hz  corr=-394.00W  u_ff=96.8W  PCAP→78W  power=77.3W
[PID] perf=29.158Hz  target=10.043Hz  err=-19.115Hz  corr=-394.49W  u_ff=96.8W  PCAP→78W  power=78.5W
[PID] perf=29.171Hz  target=10.043Hz  err=-19.128Hz  corr=-394.72W  u_ff=96.8W  PCAP→78W  power=76.4W
[PID] perf=29.171Hz  target=10.043Hz  err=-19.128Hz  corr=-394.72W  u_ff=96.8W  PCAP→78W  power=79.4W
[PID] perf=27.633Hz  target=10.043Hz  err=-17.590Hz  corr=-366.20W  u_ff=96.8W  PCAP→78W  power=78.5W
[PID] perf=27.693Hz  target=10.043Hz  err=-17.650Hz  corr=-367.31W  u_ff=96.8W  PCAP→78W  power=78.8W
[PID] perf=27.663Hz  target=10.043Hz  err=-17.620Hz  corr=-366.75W  u_ff=96.8W  PCAP→78W  power=77.7W
[PID] perf=29.138Hz  target=10.043Hz  err=-19.095Hz  corr=-394.12W  u_ff=96.8W  PCAP→78W  power=78.5W
[PID] perf=29.156Hz  target=10.043Hz  err=-19.113Hz  corr=-394.45W  u_ff=96.8W  PCAP→78W  power=78.5W
[PID] perf=29.144Hz  target=10.043Hz  err=-19.101Hz  corr=-394.23W  u_ff=96.8W  PCAP→78W  power=78.7W
[PID] perf=29.184Hz  target=10.043Hz  err=-19.141Hz  corr=-394.96W  u_ff=96.8W  PCAP→78W  power=77.1W
[PID] perf=29.174Hz  target=10.043Hz  err=-19.131Hz  corr=-394.78W  u_ff=96.8W  PCAP→78W  power=77.8W
[PID] perf=29.219Hz  target=10.043Hz  err=-19.176Hz  corr=-395.62W  u_ff=96.8W  PCAP→78W  power=77.1W
[PID] perf=29.199Hz  target=10.043Hz  err=-19.156Hz  corr=-395.25W  u_ff=96.8W  PCAP→78W  power=79.1W
[PID] perf=29.169Hz  target=10.043Hz  err=-19.126Hz  corr=-394.69W  u_ff=96.8W  PCAP→78W  power=76.8W
[PID] perf=29.201Hz  target=10.043Hz  err=-19.158Hz  corr=-395.28W  u_ff=96.8W  PCAP→78W  power=77.2W
[PID] perf=29.147Hz  target=10.043Hz  err=-19.104Hz  corr=-394.27W  u_ff=96.8W  PCAP→78W  power=78.6W
[PID] perf=29.179Hz  target=10.043Hz  err=-19.136Hz  corr=-394.87W  u_ff=96.8W  PCAP→78W  power=78.4W
[PID] perf=29.157Hz  target=10.043Hz  err=-19.114Hz  corr=-394.46W  u_ff=96.8W  PCAP→78W  power=77.6W
[PID] perf=29.175Hz  target=10.043Hz  err=-19.132Hz  corr=-394.79W  u_ff=96.8W  PCAP→78W  power=78.5W
[PID] perf=29.194Hz  target=10.043Hz  err=-19.151Hz  corr=-395.14W  u_ff=96.8W  PCAP→78W  power=78.2W
[PID] perf=29.182Hz  target=10.043Hz  err=-19.139Hz  corr=-394.93W  u_ff=96.8W  PCAP→78W  power=79.5W
[PID] perf=29.179Hz  target=10.043Hz  err=-19.136Hz  corr=-394.87W  u_ff=96.8W  PCAP→78W  power=78.5W
[PID] perf=29.138Hz  target=10.043Hz  err=-19.095Hz  corr=-394.10W  u_ff=96.8W  PCAP→78W  power=78.5W
[PID] perf=29.182Hz  target=10.043Hz  err=-19.139Hz  corr=-394.92W  u_ff=96.8W  PCAP→78W  power=79.1W
[PID] perf=29.163Hz  target=10.043Hz  err=-19.120Hz  corr=-394.57W  u_ff=96.8W  PCAP→78W  power=78.9W
[PID] perf=29.194Hz  target=10.043Hz  err=-19.151Hz  corr=-395.16W  u_ff=96.8W  PCAP→78W  power=77.2W
[PID] perf=29.192Hz  target=10.043Hz  err=-19.149Hz  corr=-395.10W  u_ff=96.8W  PCAP→78W  power=79.3W
[PID] perf=29.191Hz  target=10.043Hz  err=-19.148Hz  corr=-395.09W  u_ff=96.8W  PCAP→78W  power=79.3W
[PID] perf=29.206Hz  target=10.043Hz  err=-19.163Hz  corr=-395.37W  u_ff=96.8W  PCAP→78W  power=79.2W
[PID] perf=29.141Hz  target=10.043Hz  err=-19.098Hz  corr=-394.16W  u_ff=96.8W  PCAP→78W  power=77.8W
[PID] perf=29.137Hz  target=10.043Hz  err=-19.094Hz  corr=-394.08W  u_ff=96.8W  PCAP→78W  power=78.5W
[PID] perf=29.178Hz  target=10.043Hz  err=-19.135Hz  corr=-394.85W  u_ff=96.8W  PCAP→78W  power=79.2W
[PID] perf=29.162Hz  target=10.043Hz  err=-19.119Hz  corr=-394.55W  u_ff=96.8W  PCAP→78W  power=79.5W
[PID] perf=29.171Hz  target=10.043Hz  err=-19.128Hz  corr=-394.72W  u_ff=96.8W  PCAP→78W  power=79.1W
[PID] perf=29.143Hz  target=10.043Hz  err=-19.100Hz  corr=-394.21W  u_ff=96.8W  PCAP→78W  power=77.6W
[PID] perf=29.176Hz  target=10.043Hz  err=-19.133Hz  corr=-394.81W  u_ff=96.8W  PCAP→78W  power=76.7W
[PID] perf=29.183Hz  target=10.043Hz  err=-19.140Hz  corr=-394.95W  u_ff=96.8W  PCAP→78W  power=76.9W
[PID] perf=29.168Hz  target=10.043Hz  err=-19.125Hz  corr=-394.67W  u_ff=96.8W  PCAP→78W  power=76.3W
[PID] perf=29.168Hz  target=10.043Hz  err=-19.125Hz  corr=-394.67W  u_ff=96.8W  PCAP→78W  power=78.2W
[PID] perf=29.168Hz  target=10.043Hz  err=-19.125Hz  corr=-394.67W  u_ff=96.8W  PCAP→78W  power=77.0W
[PID] perf=29.181Hz  target=10.043Hz  err=-19.138Hz  corr=-394.90W  u_ff=96.8W  PCAP→78W  power=79.1W
[PID] perf=29.191Hz  target=10.043Hz  err=-19.148Hz  corr=-395.09W  u_ff=96.8W  PCAP→78W  power=78.8W
[PID] perf=29.164Hz  target=10.043Hz  err=-19.121Hz  corr=-394.59W  u_ff=96.8W  PCAP→78W  power=76.1W
[PID] perf=29.173Hz  target=10.043Hz  err=-19.130Hz  corr=-394.76W  u_ff=96.8W  PCAP→78W  power=76.6W
[PID] perf=29.185Hz  target=10.043Hz  err=-19.142Hz  corr=-394.98W  u_ff=96.8W  PCAP→78W  power=77.5W
[PID] perf=29.181Hz  target=10.043Hz  err=-19.138Hz  corr=-394.91W  u_ff=96.8W  PCAP→78W  power=79.6W
[PID] perf=29.160Hz  target=10.043Hz  err=-19.117Hz  corr=-394.51W  u_ff=96.8W  PCAP→78W  power=78.2W
[PID] perf=29.184Hz  target=10.043Hz  err=-19.141Hz  corr=-394.96W  u_ff=96.8W  PCAP→78W  power=79.1W
[PID] perf=29.183Hz  target=10.043Hz  err=-19.140Hz  corr=-394.95W  u_ff=96.8W  PCAP→78W  power=78.9W
[PID] perf=29.163Hz  target=10.043Hz  err=-19.120Hz  corr=-394.58W  u_ff=96.8W  PCAP→78W  power=78.1W
[PID] perf=29.171Hz  target=10.043Hz  err=-19.128Hz  corr=-394.72W  u_ff=96.8W  PCAP→78W  power=76.4W
[PID] perf=29.107Hz  target=10.043Hz  err=-19.064Hz  corr=-393.54W  u_ff=96.8W  PCAP→78W  power=76.4W
[PID] perf=29.150Hz  target=10.043Hz  err=-19.107Hz  corr=-394.34W  u_ff=96.8W  PCAP→78W  power=78.7W
[PID] perf=29.201Hz  target=10.043Hz  err=-19.158Hz  corr=-395.28W  u_ff=96.8W  PCAP→78W  power=77.6W
[PID] perf=29.157Hz  target=10.043Hz  err=-19.114Hz  corr=-394.47W  u_ff=96.8W  PCAP→78W  power=78.8W
[PID] perf=29.192Hz  target=10.043Hz  err=-19.149Hz  corr=-395.11W  u_ff=96.8W  PCAP→78W  power=78.7W
[PID] perf=29.177Hz  target=10.043Hz  err=-19.134Hz  corr=-394.82W  u_ff=96.8W  PCAP→78W  power=77.6W
[PID] perf=29.134Hz  target=10.043Hz  err=-19.091Hz  corr=-394.04W  u_ff=96.8W  PCAP→78W  power=76.8W
[PID] perf=29.183Hz  target=10.043Hz  err=-19.140Hz  corr=-394.95W  u_ff=96.8W  PCAP→78W  power=77.4W
[PID] perf=29.121Hz  target=10.043Hz  err=-19.078Hz  corr=-393.80W  u_ff=96.8W  PCAP→78W  power=79.4W
[PID] perf=29.154Hz  target=10.043Hz  err=-19.111Hz  corr=-394.40W  u_ff=96.8W  PCAP→78W  power=79.0W
[PID] perf=29.185Hz  target=10.043Hz  err=-19.142Hz  corr=-394.98W  u_ff=96.8W  PCAP→78W  power=78.5W
[PID] perf=29.183Hz  target=10.043Hz  err=-19.140Hz  corr=-394.95W  u_ff=96.8W  PCAP→78W  power=78.6W
[PID] perf=29.139Hz  target=10.043Hz  err=-19.096Hz  corr=-394.13W  u_ff=96.8W  PCAP→78W  power=77.4W
[PID] perf=29.163Hz  target=10.043Hz  err=-19.120Hz  corr=-394.57W  u_ff=96.8W  PCAP→78W  power=77.5W
[PID] perf=29.160Hz  target=10.043Hz  err=-19.117Hz  corr=-394.52W  u_ff=96.8W  PCAP→78W  power=76.9W
[PID] perf=29.179Hz  target=10.043Hz  err=-19.136Hz  corr=-394.86W  u_ff=96.8W  PCAP→78W  power=78.0W
[PID] perf=29.165Hz  target=10.043Hz  err=-19.122Hz  corr=-394.60W  u_ff=96.8W  PCAP→78W  power=79.3W
[PID] perf=29.156Hz  target=10.043Hz  err=-19.112Hz  corr=-394.44W  u_ff=96.8W  PCAP→78W  power=77.5W
[PID] perf=29.145Hz  target=10.043Hz  err=-19.102Hz  corr=-394.25W  u_ff=96.8W  PCAP→78W  power=79.2W
[PID] perf=29.176Hz  target=10.043Hz  err=-19.133Hz  corr=-394.82W  u_ff=96.8W  PCAP→78W  power=78.5W
[PID] perf=27.691Hz  target=10.043Hz  err=-17.648Hz  corr=-367.28W  u_ff=96.8W  PCAP→78W  power=77.7W
[PID] perf=29.145Hz  target=10.043Hz  err=-19.102Hz  corr=-394.24W  u_ff=96.8W  PCAP→78W  power=77.4W
[PID] perf=29.181Hz  target=10.043Hz  err=-19.138Hz  corr=-394.91W  u_ff=96.8W  PCAP→78W  power=79.3W
[PID] perf=29.197Hz  target=10.043Hz  err=-19.153Hz  corr=-395.20W  u_ff=96.8W  PCAP→78W  power=76.4W
[PID] perf=29.177Hz  target=10.043Hz  err=-19.134Hz  corr=-394.83W  u_ff=96.8W  PCAP→78W  power=78.8W
[PID] perf=29.188Hz  target=10.043Hz  err=-19.145Hz  corr=-395.04W  u_ff=96.8W  PCAP→78W  power=78.3W
[PID] perf=29.185Hz  target=10.043Hz  err=-19.142Hz  corr=-394.98W  u_ff=96.8W  PCAP→78W  power=78.9W
[PID] perf=29.186Hz  target=10.043Hz  err=-19.143Hz  corr=-395.00W  u_ff=96.8W  PCAP→78W  power=79.2W
[PID] perf=29.169Hz  target=10.043Hz  err=-19.126Hz  corr=-394.69W  u_ff=96.8W  PCAP→78W  power=78.2W
[PID] perf=29.206Hz  target=10.043Hz  err=-19.163Hz  corr=-395.36W  u_ff=96.8W  PCAP→78W  power=77.1W
[PID] perf=29.168Hz  target=10.043Hz  err=-19.125Hz  corr=-394.67W  u_ff=96.8W  PCAP→78W  power=78.3W
[PID] perf=29.152Hz  target=10.043Hz  err=-19.109Hz  corr=-394.37W  u_ff=96.8W  PCAP→78W  power=78.8W
[PID] perf=29.142Hz  target=10.043Hz  err=-19.099Hz  corr=-394.19W  u_ff=96.8W  PCAP→78W  power=78.8W
[PID] perf=29.174Hz  target=10.043Hz  err=-19.131Hz  corr=-394.77W  u_ff=96.8W  PCAP→78W  power=77.0W
[PID] perf=29.177Hz  target=10.043Hz  err=-19.134Hz  corr=-394.83W  u_ff=96.8W  PCAP→78W  power=76.7W
[PID] perf=29.188Hz  target=10.043Hz  err=-19.145Hz  corr=-395.04W  u_ff=96.8W  PCAP→78W  power=76.5W
[PID] perf=29.106Hz  target=10.043Hz  err=-19.063Hz  corr=-393.51W  u_ff=96.8W  PCAP→78W  power=77.1W
[PID] perf=29.177Hz  target=10.043Hz  err=-19.134Hz  corr=-394.82W  u_ff=96.8W  PCAP→78W  power=77.8W
[PID] perf=29.189Hz  target=10.043Hz  err=-19.146Hz  corr=-395.06W  u_ff=96.8W  PCAP→78W  power=79.1W
[PID] perf=29.191Hz  target=10.043Hz  err=-19.148Hz  corr=-395.10W  u_ff=96.8W  PCAP→78W  power=78.1W
[PID] perf=29.149Hz  target=10.043Hz  err=-19.106Hz  corr=-394.31W  u_ff=96.8W  PCAP→78W  power=78.9W
[PID] perf=29.175Hz  target=10.043Hz  err=-19.132Hz  corr=-394.80W  u_ff=96.8W  PCAP→78W  power=77.5W
[PID] perf=29.144Hz  target=10.043Hz  err=-19.101Hz  corr=-394.22W  u_ff=96.8W  PCAP→78W  power=77.7W
[PID] perf=29.124Hz  target=10.043Hz  err=-19.081Hz  corr=-393.86W  u_ff=96.8W  PCAP→78W  power=76.5W
[PID] perf=29.164Hz  target=10.043Hz  err=-19.121Hz  corr=-394.60W  u_ff=96.8W  PCAP→78W  power=76.9W
[PID] perf=29.193Hz  target=10.043Hz  err=-19.150Hz  corr=-395.13W  u_ff=96.8W  PCAP→78W  power=79.0W
[PID] perf=29.205Hz  target=10.043Hz  err=-19.162Hz  corr=-395.35W  u_ff=96.8W  PCAP→78W  power=79.7W
[PID] perf=29.208Hz  target=10.043Hz  err=-19.165Hz  corr=-395.41W  u_ff=96.8W  PCAP→78W  power=77.1W
[PID] perf=29.176Hz  target=10.043Hz  err=-19.133Hz  corr=-394.82W  u_ff=96.8W  PCAP→78W  power=77.3W
[PID] perf=29.169Hz  target=10.043Hz  err=-19.126Hz  corr=-394.68W  u_ff=96.8W  PCAP→78W  power=76.8W
[PID] perf=29.160Hz  target=10.043Hz  err=-19.117Hz  corr=-394.53W  u_ff=96.8W  PCAP→78W  power=77.2W
[PID] perf=29.192Hz  target=10.043Hz  err=-19.149Hz  corr=-395.11W  u_ff=96.8W  PCAP→78W  power=77.5W
[PID] perf=29.172Hz  target=10.043Hz  err=-19.129Hz  corr=-394.74W  u_ff=96.8W  PCAP→78W  power=77.6W
[PID] perf=29.182Hz  target=10.043Hz  err=-19.139Hz  corr=-394.93W  u_ff=96.8W  PCAP→78W  power=76.8W
[PID] perf=29.163Hz  target=10.043Hz  err=-19.120Hz  corr=-394.58W  u_ff=96.8W  PCAP→78W  power=78.2W
[PID] perf=29.151Hz  target=10.043Hz  err=-19.107Hz  corr=-394.34W  u_ff=96.8W  PCAP→78W  power=77.2W
[PID] perf=29.176Hz  target=10.043Hz  err=-19.133Hz  corr=-394.81W  u_ff=96.8W  PCAP→78W  power=79.1W
[PID] perf=29.170Hz  target=10.043Hz  err=-19.127Hz  corr=-394.71W  u_ff=96.8W  PCAP→78W  power=78.3W
[PID] perf=29.179Hz  target=10.043Hz  err=-19.136Hz  corr=-394.86W  u_ff=96.8W  PCAP→78W  power=77.5W
[PID] perf=29.191Hz  target=10.043Hz  err=-19.148Hz  corr=-395.09W  u_ff=96.8W  PCAP→78W  power=77.2W
[PID] perf=29.207Hz  target=10.043Hz  err=-19.164Hz  corr=-395.40W  u_ff=96.8W  PCAP→78W  power=78.1W
[PID] perf=29.154Hz  target=10.043Hz  err=-19.111Hz  corr=-394.40W  u_ff=96.8W  PCAP→78W  power=76.8W
[PID] perf=29.148Hz  target=10.043Hz  err=-19.105Hz  corr=-394.30W  u_ff=96.8W  PCAP→78W  power=78.3W
[PID] perf=29.122Hz  target=10.043Hz  err=-19.079Hz  corr=-393.81W  u_ff=96.8W  PCAP→78W  power=77.3W
[PID] perf=29.157Hz  target=10.043Hz  err=-19.114Hz  corr=-394.47W  u_ff=96.8W  PCAP→78W  power=78.6W
[PID] perf=29.163Hz  target=10.043Hz  err=-19.120Hz  corr=-394.57W  u_ff=96.8W  PCAP→78W  power=78.9W
[PID] perf=29.147Hz  target=10.043Hz  err=-19.104Hz  corr=-394.27W  u_ff=96.8W  PCAP→78W  power=76.5W
[PID] perf=29.178Hz  target=10.043Hz  err=-19.135Hz  corr=-394.84W  u_ff=96.8W  PCAP→78W  power=78.1W
[PID] perf=29.186Hz  target=10.043Hz  err=-19.143Hz  corr=-394.99W  u_ff=96.8W  PCAP→78W  power=77.5W
[PID] perf=29.164Hz  target=10.043Hz  err=-19.121Hz  corr=-394.59W  u_ff=96.8W  PCAP→78W  power=77.3W
[PID] perf=29.164Hz  target=10.043Hz  err=-19.121Hz  corr=-394.59W  u_ff=96.8W  PCAP→78W  power=77.3W
[PID] perf=29.199Hz  target=10.043Hz  err=-19.156Hz  corr=-395.24W  u_ff=96.8W  PCAP→78W  power=77.0W
[PID] perf=29.194Hz  target=10.043Hz  err=-19.151Hz  corr=-395.15W  u_ff=96.8W  PCAP→78W  power=76.8W
[PID] perf=29.159Hz  target=10.043Hz  err=-19.116Hz  corr=-394.50W  u_ff=96.8W  PCAP→78W  power=77.2W
[PID] perf=29.176Hz  target=10.043Hz  err=-19.133Hz  corr=-394.82W  u_ff=96.8W  PCAP→78W  power=78.3W
[PID] perf=29.112Hz  target=10.043Hz  err=-19.069Hz  corr=-393.64W  u_ff=96.8W  PCAP→78W  power=77.5W
[PID] perf=29.198Hz  target=10.043Hz  err=-19.155Hz  corr=-395.23W  u_ff=96.8W  PCAP→78W  power=79.0W
[PID] perf=29.164Hz  target=10.043Hz  err=-19.120Hz  corr=-394.58W  u_ff=96.8W  PCAP→78W  power=79.5W
[PID] perf=29.172Hz  target=10.043Hz  err=-19.129Hz  corr=-394.73W  u_ff=96.8W  PCAP→78W  power=78.4W
[PID] perf=29.199Hz  target=10.043Hz  err=-19.156Hz  corr=-395.24W  u_ff=96.8W  PCAP→78W  power=77.8W
[PID] perf=29.186Hz  target=10.043Hz  err=-19.143Hz  corr=-395.01W  u_ff=96.8W  PCAP→78W  power=77.9W
[PID] perf=29.174Hz  target=10.043Hz  err=-19.131Hz  corr=-394.78W  u_ff=96.8W  PCAP→78W  power=76.7W
[PID] perf=29.185Hz  target=10.043Hz  err=-19.142Hz  corr=-394.98W  u_ff=96.8W  PCAP→78W  power=79.3W
[PID] perf=29.166Hz  target=10.043Hz  err=-19.123Hz  corr=-394.64W  u_ff=96.8W  PCAP→78W  power=79.1W
[PID] perf=29.184Hz  target=10.043Hz  err=-19.141Hz  corr=-394.96W  u_ff=96.8W  PCAP→78W  power=77.2W
[PID] perf=29.175Hz  target=10.043Hz  err=-19.132Hz  corr=-394.80W  u_ff=96.8W  PCAP→78W  power=77.2W
[PID] perf=29.169Hz  target=10.043Hz  err=-19.126Hz  corr=-394.68W  u_ff=96.8W  PCAP→78W  power=78.5W
[PID] perf=29.182Hz  target=10.043Hz  err=-19.139Hz  corr=-394.93W  u_ff=96.8W  PCAP→78W  power=78.6W
[PID] perf=29.171Hz  target=10.043Hz  err=-19.128Hz  corr=-394.72W  u_ff=96.8W  PCAP→78W  power=77.2W
[PID] perf=29.177Hz  target=10.043Hz  err=-19.134Hz  corr=-394.83W  u_ff=96.8W  PCAP→78W  power=79.1W
[PID] perf=29.190Hz  target=10.043Hz  err=-19.147Hz  corr=-395.08W  u_ff=96.8W  PCAP→78W  power=77.6W
[PID] perf=29.164Hz  target=10.043Hz  err=-19.121Hz  corr=-394.59W  u_ff=96.8W  PCAP→78W  power=77.9W
[PID] perf=29.169Hz  target=10.043Hz  err=-19.125Hz  corr=-394.68W  u_ff=96.8W  PCAP→78W  power=78.5W
[PID] perf=29.161Hz  target=10.043Hz  err=-19.118Hz  corr=-394.53W  u_ff=96.8W  PCAP→78W  power=79.7W
[PID] perf=29.199Hz  target=10.043Hz  err=-19.156Hz  corr=-395.25W  u_ff=96.8W  PCAP→78W  power=78.5W
[PID] perf=29.162Hz  target=10.043Hz  err=-19.119Hz  corr=-394.56W  u_ff=96.8W  PCAP→78W  power=77.8W
[PID] perf=29.160Hz  target=10.043Hz  err=-19.116Hz  corr=-394.51W  u_ff=96.8W  PCAP→78W  power=78.6W
[PID] perf=29.138Hz  target=10.043Hz  err=-19.095Hz  corr=-394.11W  u_ff=96.8W  PCAP→78W  power=77.7W
Process completed.
Compressed into /home/cc/summer2024/main_codes/pid_controller/../experiment_data/PID_Control_sweep/ones-npb-cg/compressed_iteration_20260513_073522.tar
----------------------------------

>>> Step 2/3

[ones-npb-cg]
  target perf      : 10.0430 Hz
  coefficients_perf: [-0.0006547837485238978, 0.18607436314256556, -1.8317688501798497]
  feedforward PCAP : 96.77 W  →  95 W (snapped)
  Perf(u_ff) check : 10.0430 Hz  (should ≈ target)
  PID gains        : Kp=18.5447 W/Hz  Ki=1.85447 W/(Hz·s)  Kd=0.0000
[PID] Awaiting data — feedforward PCAP=95W
[PID] Awaiting data — feedforward PCAP=95W
[PID] Awaiting data — feedforward PCAP=95W
[PID] Awaiting data — feedforward PCAP=95W
[PID] Awaiting data — feedforward PCAP=95W
[PID] Awaiting data — feedforward PCAP=95W
[PID] perf=19.810Hz  target=10.043Hz  err=-9.767Hz  corr=-217.36W  u_ff=96.8W  PCAP→78W  power=nanW
[PID] perf=18.070Hz  target=10.043Hz  err=-8.027Hz  corr=-188.86W  u_ff=96.8W  PCAP→78W  power=76.4W
[PID] perf=18.132Hz  target=10.043Hz  err=-8.088Hz  corr=-190.00W  u_ff=96.8W  PCAP→78W  power=78.4W
[PID] perf=18.133Hz  target=10.043Hz  err=-8.090Hz  corr=-190.03W  u_ff=96.8W  PCAP→78W  power=77.7W
[PID] perf=18.134Hz  target=10.043Hz  err=-8.091Hz  corr=-190.04W  u_ff=96.8W  PCAP→78W  power=77.4W
[PID] perf=18.153Hz  target=10.043Hz  err=-8.110Hz  corr=-190.40W  u_ff=96.8W  PCAP→78W  power=76.6W
[PID] perf=18.129Hz  target=10.043Hz  err=-8.086Hz  corr=-189.95W  u_ff=96.8W  PCAP→78W  power=78.5W
[PID] perf=18.145Hz  target=10.043Hz  err=-8.102Hz  corr=-190.26W  u_ff=96.8W  PCAP→78W  power=77.8W
[PID] perf=18.125Hz  target=10.043Hz  err=-8.082Hz  corr=-189.88W  u_ff=96.8W  PCAP→78W  power=78.8W
[PID] perf=18.121Hz  target=10.043Hz  err=-8.078Hz  corr=-189.80W  u_ff=96.8W  PCAP→78W  power=77.6W
[PID] perf=18.124Hz  target=10.043Hz  err=-8.081Hz  corr=-189.85W  u_ff=96.8W  PCAP→78W  power=77.9W
[PID] perf=18.133Hz  target=10.043Hz  err=-8.090Hz  corr=-190.03W  u_ff=96.8W  PCAP→78W  power=77.9W
[PID] perf=18.160Hz  target=10.043Hz  err=-8.117Hz  corr=-190.53W  u_ff=96.8W  PCAP→78W  power=78.1W
[PID] perf=18.148Hz  target=10.043Hz  err=-8.105Hz  corr=-190.30W  u_ff=96.8W  PCAP→78W  power=77.1W
[PID] perf=18.164Hz  target=10.043Hz  err=-8.121Hz  corr=-190.60W  u_ff=96.8W  PCAP→78W  power=77.2W
[PID] perf=18.144Hz  target=10.043Hz  err=-8.101Hz  corr=-190.23W  u_ff=96.8W  PCAP→78W  power=76.6W
[PID] perf=18.152Hz  target=10.043Hz  err=-8.109Hz  corr=-190.38W  u_ff=96.8W  PCAP→78W  power=77.7W
[PID] perf=18.158Hz  target=10.043Hz  err=-8.115Hz  corr=-190.50W  u_ff=96.8W  PCAP→78W  power=78.5W
[PID] perf=18.144Hz  target=10.043Hz  err=-8.101Hz  corr=-190.24W  u_ff=96.8W  PCAP→78W  power=76.7W
[PID] perf=18.145Hz  target=10.043Hz  err=-8.102Hz  corr=-190.26W  u_ff=96.8W  PCAP→78W  power=78.1W
[PID] perf=18.137Hz  target=10.043Hz  err=-8.094Hz  corr=-190.11W  u_ff=96.8W  PCAP→78W  power=78.6W
[PID] perf=18.140Hz  target=10.043Hz  err=-8.097Hz  corr=-190.15W  u_ff=96.8W  PCAP→78W  power=77.0W
[PID] perf=18.146Hz  target=10.043Hz  err=-8.103Hz  corr=-190.27W  u_ff=96.8W  PCAP→78W  power=77.0W
[PID] perf=18.157Hz  target=10.043Hz  err=-8.114Hz  corr=-190.47W  u_ff=96.8W  PCAP→78W  power=77.9W
[PID] perf=18.156Hz  target=10.043Hz  err=-8.113Hz  corr=-190.46W  u_ff=96.8W  PCAP→78W  power=77.9W
[PID] perf=18.155Hz  target=10.043Hz  err=-8.112Hz  corr=-190.44W  u_ff=96.8W  PCAP→78W  power=76.7W
[PID] perf=18.189Hz  target=10.043Hz  err=-8.146Hz  corr=-191.06W  u_ff=96.8W  PCAP→78W  power=77.3W
[PID] perf=18.184Hz  target=10.043Hz  err=-8.141Hz  corr=-190.98W  u_ff=96.8W  PCAP→78W  power=77.2W
[PID] perf=18.184Hz  target=10.043Hz  err=-8.141Hz  corr=-190.97W  u_ff=96.8W  PCAP→78W  power=76.6W
[PID] perf=18.144Hz  target=10.043Hz  err=-8.100Hz  corr=-190.22W  u_ff=96.8W  PCAP→78W  power=78.9W
[PID] perf=18.120Hz  target=10.043Hz  err=-8.077Hz  corr=-189.79W  u_ff=96.8W  PCAP→78W  power=76.9W
[PID] perf=18.136Hz  target=10.043Hz  err=-8.093Hz  corr=-190.09W  u_ff=96.8W  PCAP→78W  power=76.6W
[PID] perf=18.137Hz  target=10.043Hz  err=-8.094Hz  corr=-190.11W  u_ff=96.8W  PCAP→78W  power=78.7W
[PID] perf=18.121Hz  target=10.043Hz  err=-8.078Hz  corr=-189.80W  u_ff=96.8W  PCAP→78W  power=78.7W
[PID] perf=24.113Hz  target=10.043Hz  err=-14.070Hz  corr=-300.92W  u_ff=96.8W  PCAP→78W  power=79.0W
[PID] perf=27.455Hz  target=10.043Hz  err=-17.412Hz  corr=-362.91W  u_ff=96.8W  PCAP→78W  power=78.4W
[PID] perf=27.751Hz  target=10.043Hz  err=-17.708Hz  corr=-368.39W  u_ff=96.8W  PCAP→78W  power=79.3W
[PID] perf=27.771Hz  target=10.043Hz  err=-17.728Hz  corr=-368.76W  u_ff=96.8W  PCAP→78W  power=77.9W
[PID] perf=27.807Hz  target=10.043Hz  err=-17.764Hz  corr=-369.43W  u_ff=96.8W  PCAP→78W  power=76.4W
[PID] perf=27.795Hz  target=10.043Hz  err=-17.752Hz  corr=-369.21W  u_ff=96.8W  PCAP→78W  power=78.3W
[PID] perf=27.787Hz  target=10.043Hz  err=-17.744Hz  corr=-369.05W  u_ff=96.8W  PCAP→78W  power=78.2W
[PID] perf=27.765Hz  target=10.043Hz  err=-17.722Hz  corr=-368.65W  u_ff=96.8W  PCAP→78W  power=77.9W
[PID] perf=27.788Hz  target=10.043Hz  err=-17.745Hz  corr=-369.07W  u_ff=96.8W  PCAP→78W  power=79.3W
[PID] perf=27.787Hz  target=10.043Hz  err=-17.744Hz  corr=-369.05W  u_ff=96.8W  PCAP→78W  power=78.7W
[PID] perf=27.821Hz  target=10.043Hz  err=-17.778Hz  corr=-369.69W  u_ff=96.8W  PCAP→78W  power=77.0W
[PID] perf=27.808Hz  target=10.043Hz  err=-17.765Hz  corr=-369.44W  u_ff=96.8W  PCAP→78W  power=77.8W
[PID] perf=27.792Hz  target=10.043Hz  err=-17.749Hz  corr=-369.15W  u_ff=96.8W  PCAP→78W  power=76.3W
[PID] perf=27.815Hz  target=10.043Hz  err=-17.772Hz  corr=-369.57W  u_ff=96.8W  PCAP→78W  power=77.3W
[PID] perf=27.779Hz  target=10.043Hz  err=-17.736Hz  corr=-368.91W  u_ff=96.8W  PCAP→78W  power=78.7W
[PID] perf=27.799Hz  target=10.043Hz  err=-17.756Hz  corr=-369.29W  u_ff=96.8W  PCAP→78W  power=77.0W
[PID] perf=27.778Hz  target=10.043Hz  err=-17.735Hz  corr=-368.88W  u_ff=96.8W  PCAP→78W  power=76.7W
[PID] perf=27.820Hz  target=10.043Hz  err=-17.777Hz  corr=-369.67W  u_ff=96.8W  PCAP→78W  power=78.9W
[PID] perf=27.821Hz  target=10.043Hz  err=-17.778Hz  corr=-369.68W  u_ff=96.8W  PCAP→78W  power=77.9W
[PID] perf=27.807Hz  target=10.043Hz  err=-17.764Hz  corr=-369.42W  u_ff=96.8W  PCAP→78W  power=79.3W
[PID] perf=27.782Hz  target=10.043Hz  err=-17.739Hz  corr=-368.96W  u_ff=96.8W  PCAP→78W  power=79.4W
[PID] perf=27.768Hz  target=10.043Hz  err=-17.725Hz  corr=-368.70W  u_ff=96.8W  PCAP→78W  power=77.3W
[PID] perf=27.792Hz  target=10.043Hz  err=-17.749Hz  corr=-369.16W  u_ff=96.8W  PCAP→78W  power=79.3W
[PID] perf=27.749Hz  target=10.043Hz  err=-17.706Hz  corr=-368.36W  u_ff=96.8W  PCAP→78W  power=76.7W
[PID] perf=27.779Hz  target=10.043Hz  err=-17.736Hz  corr=-368.90W  u_ff=96.8W  PCAP→78W  power=78.9W
[PID] perf=27.926Hz  target=10.043Hz  err=-17.883Hz  corr=-371.63W  u_ff=96.8W  PCAP→78W  power=77.5W
[PID] perf=27.918Hz  target=10.043Hz  err=-17.875Hz  corr=-371.49W  u_ff=96.8W  PCAP→78W  power=78.5W
[PID] perf=27.943Hz  target=10.043Hz  err=-17.900Hz  corr=-371.95W  u_ff=96.8W  PCAP→78W  power=78.3W
[PID] perf=27.962Hz  target=10.043Hz  err=-17.919Hz  corr=-372.31W  u_ff=96.8W  PCAP→78W  power=78.4W
[PID] perf=27.950Hz  target=10.043Hz  err=-17.907Hz  corr=-372.09W  u_ff=96.8W  PCAP→78W  power=76.8W
[PID] perf=27.938Hz  target=10.043Hz  err=-17.895Hz  corr=-371.86W  u_ff=96.8W  PCAP→78W  power=78.2W
[PID] perf=27.920Hz  target=10.043Hz  err=-17.877Hz  corr=-371.52W  u_ff=96.8W  PCAP→78W  power=77.3W
[PID] perf=27.998Hz  target=10.043Hz  err=-17.955Hz  corr=-372.97W  u_ff=96.8W  PCAP→78W  power=79.0W
[PID] perf=28.026Hz  target=10.043Hz  err=-17.983Hz  corr=-373.48W  u_ff=96.8W  PCAP→78W  power=76.8W
[PID] perf=27.989Hz  target=10.043Hz  err=-17.946Hz  corr=-372.80W  u_ff=96.8W  PCAP→78W  power=77.7W
[PID] perf=27.947Hz  target=10.043Hz  err=-17.904Hz  corr=-372.02W  u_ff=96.8W  PCAP→78W  power=78.5W
[PID] perf=27.919Hz  target=10.043Hz  err=-17.876Hz  corr=-371.50W  u_ff=96.8W  PCAP→78W  power=77.0W
[PID] perf=27.865Hz  target=10.043Hz  err=-17.822Hz  corr=-370.51W  u_ff=96.8W  PCAP→78W  power=79.3W
[PID] perf=27.921Hz  target=10.043Hz  err=-17.878Hz  corr=-371.54W  u_ff=96.8W  PCAP→78W  power=78.2W
[PID] perf=27.917Hz  target=10.043Hz  err=-17.874Hz  corr=-371.47W  u_ff=96.8W  PCAP→78W  power=78.7W
[PID] perf=27.916Hz  target=10.043Hz  err=-17.873Hz  corr=-371.44W  u_ff=96.8W  PCAP→78W  power=79.0W
[PID] perf=27.902Hz  target=10.043Hz  err=-17.859Hz  corr=-371.20W  u_ff=96.8W  PCAP→78W  power=78.7W
[PID] perf=27.922Hz  target=10.043Hz  err=-17.879Hz  corr=-371.55W  u_ff=96.8W  PCAP→78W  power=79.3W
[PID] perf=27.944Hz  target=10.043Hz  err=-17.901Hz  corr=-371.97W  u_ff=96.8W  PCAP→78W  power=77.8W
[PID] perf=27.945Hz  target=10.043Hz  err=-17.902Hz  corr=-371.99W  u_ff=96.8W  PCAP→78W  power=77.9W
[PID] perf=27.923Hz  target=10.043Hz  err=-17.880Hz  corr=-371.57W  u_ff=96.8W  PCAP→78W  power=77.2W
[PID] perf=27.947Hz  target=10.043Hz  err=-17.904Hz  corr=-372.02W  u_ff=96.8W  PCAP→78W  power=79.2W
[PID] perf=27.964Hz  target=10.043Hz  err=-17.920Hz  corr=-372.33W  u_ff=96.8W  PCAP→78W  power=77.7W
[PID] perf=27.960Hz  target=10.043Hz  err=-17.917Hz  corr=-372.26W  u_ff=96.8W  PCAP→78W  power=77.3W
[PID] perf=27.918Hz  target=10.043Hz  err=-17.875Hz  corr=-371.48W  u_ff=96.8W  PCAP→78W  power=78.0W
[PID] perf=27.902Hz  target=10.043Hz  err=-17.859Hz  corr=-371.19W  u_ff=96.8W  PCAP→78W  power=78.5W
[PID] perf=27.938Hz  target=10.043Hz  err=-17.895Hz  corr=-371.85W  u_ff=96.8W  PCAP→78W  power=78.5W
[PID] perf=27.912Hz  target=10.043Hz  err=-17.869Hz  corr=-371.37W  u_ff=96.8W  PCAP→78W  power=79.0W
[PID] perf=27.905Hz  target=10.043Hz  err=-17.862Hz  corr=-371.25W  u_ff=96.8W  PCAP→78W  power=78.7W
[PID] perf=27.922Hz  target=10.043Hz  err=-17.879Hz  corr=-371.55W  u_ff=96.8W  PCAP→78W  power=78.8W
[PID] perf=27.933Hz  target=10.043Hz  err=-17.890Hz  corr=-371.77W  u_ff=96.8W  PCAP→78W  power=78.6W
[PID] perf=27.952Hz  target=10.043Hz  err=-17.908Hz  corr=-372.11W  u_ff=96.8W  PCAP→78W  power=77.5W
[PID] perf=27.919Hz  target=10.043Hz  err=-17.876Hz  corr=-371.51W  u_ff=96.8W  PCAP→78W  power=77.0W
[PID] perf=27.898Hz  target=10.043Hz  err=-17.855Hz  corr=-371.12W  u_ff=96.8W  PCAP→78W  power=77.9W
[PID] perf=27.935Hz  target=10.043Hz  err=-17.892Hz  corr=-371.80W  u_ff=96.8W  PCAP→78W  power=78.8W
[PID] perf=27.943Hz  target=10.043Hz  err=-17.900Hz  corr=-371.95W  u_ff=96.8W  PCAP→78W  power=76.6W
[PID] perf=27.935Hz  target=10.043Hz  err=-17.892Hz  corr=-371.81W  u_ff=96.8W  PCAP→78W  power=77.9W
[PID] perf=27.972Hz  target=10.043Hz  err=-17.929Hz  corr=-372.49W  u_ff=96.8W  PCAP→78W  power=77.2W
[PID] perf=28.774Hz  target=10.043Hz  err=-18.731Hz  corr=-387.37W  u_ff=96.8W  PCAP→78W  power=78.3W
[PID] perf=28.692Hz  target=10.043Hz  err=-18.649Hz  corr=-385.83W  u_ff=96.8W  PCAP→78W  power=77.3W
[PID] perf=27.497Hz  target=10.043Hz  err=-17.454Hz  corr=-363.67W  u_ff=96.8W  PCAP→78W  power=77.0W
[PID] perf=28.880Hz  target=10.043Hz  err=-18.837Hz  corr=-389.32W  u_ff=96.8W  PCAP→78W  power=78.4W
[PID] perf=28.915Hz  target=10.043Hz  err=-18.872Hz  corr=-389.97W  u_ff=96.8W  PCAP→78W  power=77.2W
[PID] perf=27.208Hz  target=10.043Hz  err=-17.165Hz  corr=-358.32W  u_ff=96.8W  PCAP→78W  power=76.5W
[PID] perf=27.634Hz  target=10.043Hz  err=-17.591Hz  corr=-366.22W  u_ff=96.8W  PCAP→78W  power=78.9W
[PID] perf=27.661Hz  target=10.043Hz  err=-17.618Hz  corr=-366.72W  u_ff=96.8W  PCAP→78W  power=79.0W
[PID] perf=27.664Hz  target=10.043Hz  err=-17.621Hz  corr=-366.78W  u_ff=96.8W  PCAP→78W  power=78.1W
[PID] perf=28.949Hz  target=10.043Hz  err=-18.906Hz  corr=-390.61W  u_ff=96.8W  PCAP→78W  power=77.5W
[PID] perf=27.615Hz  target=10.043Hz  err=-17.572Hz  corr=-365.87W  u_ff=96.8W  PCAP→78W  power=77.3W
[PID] perf=28.842Hz  target=10.043Hz  err=-18.799Hz  corr=-388.62W  u_ff=96.8W  PCAP→78W  power=77.0W
[PID] perf=28.911Hz  target=10.043Hz  err=-18.868Hz  corr=-389.91W  u_ff=96.8W  PCAP→78W  power=77.4W
[PID] perf=28.930Hz  target=10.043Hz  err=-18.887Hz  corr=-390.26W  u_ff=96.8W  PCAP→78W  power=76.3W
[PID] perf=28.913Hz  target=10.043Hz  err=-18.870Hz  corr=-389.94W  u_ff=96.8W  PCAP→78W  power=77.1W
[PID] perf=27.380Hz  target=10.043Hz  err=-17.337Hz  corr=-361.51W  u_ff=96.8W  PCAP→78W  power=78.6W
[PID] perf=27.420Hz  target=10.043Hz  err=-17.377Hz  corr=-362.25W  u_ff=96.8W  PCAP→78W  power=76.3W
[PID] perf=27.445Hz  target=10.043Hz  err=-17.402Hz  corr=-362.72W  u_ff=96.8W  PCAP→78W  power=76.4W
[PID] perf=27.741Hz  target=10.043Hz  err=-17.698Hz  corr=-368.21W  u_ff=96.8W  PCAP→78W  power=79.2W
[PID] perf=27.776Hz  target=10.043Hz  err=-17.733Hz  corr=-368.85W  u_ff=96.8W  PCAP→78W  power=78.3W
[PID] perf=27.813Hz  target=10.043Hz  err=-17.770Hz  corr=-369.54W  u_ff=96.8W  PCAP→78W  power=78.5W
[PID] perf=27.762Hz  target=10.043Hz  err=-17.719Hz  corr=-368.60W  u_ff=96.8W  PCAP→78W  power=78.6W
[PID] perf=27.749Hz  target=10.043Hz  err=-17.706Hz  corr=-368.36W  u_ff=96.8W  PCAP→78W  power=79.4W
[PID] perf=27.790Hz  target=10.043Hz  err=-17.747Hz  corr=-369.11W  u_ff=96.8W  PCAP→78W  power=76.8W
[PID] perf=27.434Hz  target=10.043Hz  err=-17.391Hz  corr=-362.51W  u_ff=96.8W  PCAP→78W  power=78.8W
[PID] perf=28.875Hz  target=10.043Hz  err=-18.831Hz  corr=-389.22W  u_ff=96.8W  PCAP→78W  power=77.2W
[PID] perf=28.896Hz  target=10.043Hz  err=-18.853Hz  corr=-389.62W  u_ff=96.8W  PCAP→78W  power=78.3W
[PID] perf=27.498Hz  target=10.043Hz  err=-17.455Hz  corr=-363.70W  u_ff=96.8W  PCAP→78W  power=77.2W
[PID] perf=27.543Hz  target=10.043Hz  err=-17.500Hz  corr=-364.54W  u_ff=96.8W  PCAP→78W  power=78.6W
[PID] perf=28.914Hz  target=10.043Hz  err=-18.871Hz  corr=-389.96W  u_ff=96.8W  PCAP→78W  power=77.5W
[PID] perf=28.911Hz  target=10.043Hz  err=-18.868Hz  corr=-389.91W  u_ff=96.8W  PCAP→78W  power=77.2W
[PID] perf=27.443Hz  target=10.043Hz  err=-17.400Hz  corr=-362.68W  u_ff=96.8W  PCAP→78W  power=77.2W
[PID] perf=28.913Hz  target=10.043Hz  err=-18.870Hz  corr=-389.94W  u_ff=96.8W  PCAP→78W  power=78.6W
[PID] perf=28.899Hz  target=10.043Hz  err=-18.856Hz  corr=-389.67W  u_ff=96.8W  PCAP→78W  power=77.1W
[PID] perf=28.040Hz  target=10.043Hz  err=-17.997Hz  corr=-373.74W  u_ff=96.8W  PCAP→78W  power=77.5W
[PID] perf=28.941Hz  target=10.043Hz  err=-18.898Hz  corr=-390.45W  u_ff=96.8W  PCAP→78W  power=77.5W
[PID] perf=28.969Hz  target=10.043Hz  err=-18.926Hz  corr=-390.98W  u_ff=96.8W  PCAP→78W  power=77.6W
[PID] perf=28.926Hz  target=10.043Hz  err=-18.883Hz  corr=-390.19W  u_ff=96.8W  PCAP→78W  power=76.5W
[PID] perf=28.951Hz  target=10.043Hz  err=-18.908Hz  corr=-390.64W  u_ff=96.8W  PCAP→78W  power=78.2W
[PID] perf=28.900Hz  target=10.043Hz  err=-18.857Hz  corr=-389.70W  u_ff=96.8W  PCAP→78W  power=76.1W
[PID] perf=28.899Hz  target=10.043Hz  err=-18.856Hz  corr=-389.69W  u_ff=96.8W  PCAP→78W  power=77.5W
[PID] perf=28.945Hz  target=10.043Hz  err=-18.902Hz  corr=-390.53W  u_ff=96.8W  PCAP→78W  power=77.7W
[PID] perf=27.585Hz  target=10.043Hz  err=-17.542Hz  corr=-365.30W  u_ff=96.8W  PCAP→78W  power=76.6W
[PID] perf=28.931Hz  target=10.043Hz  err=-18.888Hz  corr=-390.26W  u_ff=96.8W  PCAP→78W  power=76.2W
[PID] perf=28.939Hz  target=10.043Hz  err=-18.896Hz  corr=-390.42W  u_ff=96.8W  PCAP→78W  power=78.0W
[PID] perf=28.919Hz  target=10.043Hz  err=-18.876Hz  corr=-390.06W  u_ff=96.8W  PCAP→78W  power=78.9W
[PID] perf=26.893Hz  target=10.043Hz  err=-16.850Hz  corr=-352.48W  u_ff=96.8W  PCAP→78W  power=77.3W
[PID] perf=25.204Hz  target=10.043Hz  err=-15.161Hz  corr=-321.15W  u_ff=96.8W  PCAP→78W  power=77.1W
[PID] perf=25.291Hz  target=10.043Hz  err=-15.248Hz  corr=-322.76W  u_ff=96.8W  PCAP→78W  power=76.7W
[PID] perf=25.318Hz  target=10.043Hz  err=-15.275Hz  corr=-323.26W  u_ff=96.8W  PCAP→78W  power=76.5W
[PID] perf=25.335Hz  target=10.043Hz  err=-15.292Hz  corr=-323.59W  u_ff=96.8W  PCAP→78W  power=78.6W
[PID] perf=25.376Hz  target=10.043Hz  err=-15.333Hz  corr=-324.34W  u_ff=96.8W  PCAP→78W  power=78.2W
[PID] perf=25.348Hz  target=10.043Hz  err=-15.305Hz  corr=-323.83W  u_ff=96.8W  PCAP→78W  power=78.6W
[PID] perf=26.290Hz  target=10.043Hz  err=-16.247Hz  corr=-341.29W  u_ff=96.8W  PCAP→78W  power=79.1W
[PID] perf=26.381Hz  target=10.043Hz  err=-16.338Hz  corr=-342.99W  u_ff=96.8W  PCAP→78W  power=78.0W
[PID] perf=26.369Hz  target=10.043Hz  err=-16.326Hz  corr=-342.76W  u_ff=96.8W  PCAP→78W  power=76.3W
[PID] perf=26.365Hz  target=10.043Hz  err=-16.322Hz  corr=-342.68W  u_ff=96.8W  PCAP→78W  power=77.9W
[PID] perf=26.384Hz  target=10.043Hz  err=-16.341Hz  corr=-343.04W  u_ff=96.8W  PCAP→78W  power=77.0W
[PID] perf=26.422Hz  target=10.043Hz  err=-16.379Hz  corr=-343.74W  u_ff=96.8W  PCAP→78W  power=78.1W
[PID] perf=26.385Hz  target=10.043Hz  err=-16.341Hz  corr=-343.05W  u_ff=96.8W  PCAP→78W  power=77.8W
[PID] perf=26.433Hz  target=10.043Hz  err=-16.390Hz  corr=-343.94W  u_ff=96.8W  PCAP→78W  power=79.0W
[PID] perf=26.398Hz  target=10.043Hz  err=-16.355Hz  corr=-343.30W  u_ff=96.8W  PCAP→78W  power=77.7W
[PID] perf=26.342Hz  target=10.043Hz  err=-16.299Hz  corr=-342.27W  u_ff=96.8W  PCAP→78W  power=77.1W
[PID] perf=26.358Hz  target=10.043Hz  err=-16.315Hz  corr=-342.55W  u_ff=96.8W  PCAP→78W  power=78.2W
[PID] perf=26.373Hz  target=10.043Hz  err=-16.330Hz  corr=-342.84W  u_ff=96.8W  PCAP→78W  power=77.0W
[PID] perf=26.435Hz  target=10.043Hz  err=-16.392Hz  corr=-343.98W  u_ff=96.8W  PCAP→78W  power=76.2W
[PID] perf=26.459Hz  target=10.043Hz  err=-16.416Hz  corr=-344.42W  u_ff=96.8W  PCAP→78W  power=76.6W
[PID] perf=26.920Hz  target=10.043Hz  err=-16.877Hz  corr=-352.97W  u_ff=96.8W  PCAP→78W  power=77.3W
[PID] perf=26.923Hz  target=10.043Hz  err=-16.880Hz  corr=-353.03W  u_ff=96.8W  PCAP→78W  power=77.2W
[PID] perf=26.912Hz  target=10.043Hz  err=-16.869Hz  corr=-352.82W  u_ff=96.8W  PCAP→78W  power=77.2W
[PID] perf=26.944Hz  target=10.043Hz  err=-16.901Hz  corr=-353.43W  u_ff=96.8W  PCAP→78W  power=77.1W
[PID] perf=26.938Hz  target=10.043Hz  err=-16.895Hz  corr=-353.31W  u_ff=96.8W  PCAP→78W  power=78.6W
[PID] perf=26.957Hz  target=10.043Hz  err=-16.914Hz  corr=-353.67W  u_ff=96.8W  PCAP→78W  power=77.6W
[PID] perf=26.964Hz  target=10.043Hz  err=-16.921Hz  corr=-353.80W  u_ff=96.8W  PCAP→78W  power=78.2W
[PID] perf=26.977Hz  target=10.043Hz  err=-16.934Hz  corr=-354.03W  u_ff=96.8W  PCAP→78W  power=76.4W
[PID] perf=26.951Hz  target=10.043Hz  err=-16.908Hz  corr=-353.55W  u_ff=96.8W  PCAP→78W  power=76.3W
[PID] perf=26.916Hz  target=10.043Hz  err=-16.873Hz  corr=-352.90W  u_ff=96.8W  PCAP→78W  power=78.4W
[PID] perf=26.957Hz  target=10.043Hz  err=-16.914Hz  corr=-353.66W  u_ff=96.8W  PCAP→78W  power=77.7W
[PID] perf=26.895Hz  target=10.043Hz  err=-16.852Hz  corr=-352.52W  u_ff=96.8W  PCAP→78W  power=77.5W
[PID] perf=26.939Hz  target=10.043Hz  err=-16.896Hz  corr=-353.34W  u_ff=96.8W  PCAP→78W  power=77.8W
[PID] perf=26.959Hz  target=10.043Hz  err=-16.916Hz  corr=-353.70W  u_ff=96.8W  PCAP→78W  power=78.2W
[PID] perf=26.974Hz  target=10.043Hz  err=-16.931Hz  corr=-353.97W  u_ff=96.8W  PCAP→78W  power=79.0W
[PID] perf=27.198Hz  target=10.043Hz  err=-17.155Hz  corr=-358.14W  u_ff=96.8W  PCAP→78W  power=78.1W
[PID] perf=27.202Hz  target=10.043Hz  err=-17.159Hz  corr=-358.20W  u_ff=96.8W  PCAP→78W  power=79.0W
[PID] perf=27.202Hz  target=10.043Hz  err=-17.159Hz  corr=-358.21W  u_ff=96.8W  PCAP→78W  power=78.9W
[PID] perf=27.255Hz  target=10.043Hz  err=-17.212Hz  corr=-359.19W  u_ff=96.8W  PCAP→78W  power=77.4W
[PID] perf=27.238Hz  target=10.043Hz  err=-17.195Hz  corr=-358.87W  u_ff=96.8W  PCAP→78W  power=77.3W
[PID] perf=27.230Hz  target=10.043Hz  err=-17.187Hz  corr=-358.72W  u_ff=96.8W  PCAP→78W  power=76.5W
[PID] perf=27.253Hz  target=10.043Hz  err=-17.210Hz  corr=-359.15W  u_ff=96.8W  PCAP→78W  power=79.1W
[PID] perf=27.224Hz  target=10.043Hz  err=-17.181Hz  corr=-358.61W  u_ff=96.8W  PCAP→78W  power=76.6W
[PID] perf=27.238Hz  target=10.043Hz  err=-17.195Hz  corr=-358.88W  u_ff=96.8W  PCAP→78W  power=78.2W
[PID] perf=27.162Hz  target=10.043Hz  err=-17.119Hz  corr=-357.47W  u_ff=96.8W  PCAP→78W  power=76.4W
[PID] perf=27.211Hz  target=10.043Hz  err=-17.168Hz  corr=-358.37W  u_ff=96.8W  PCAP→78W  power=76.7W
[PID] perf=27.197Hz  target=10.043Hz  err=-17.154Hz  corr=-358.11W  u_ff=96.8W  PCAP→78W  power=77.3W
[PID] perf=27.235Hz  target=10.043Hz  err=-17.192Hz  corr=-358.82W  u_ff=96.8W  PCAP→78W  power=79.0W
[PID] perf=27.224Hz  target=10.043Hz  err=-17.181Hz  corr=-358.61W  u_ff=96.8W  PCAP→78W  power=76.7W
[PID] perf=27.216Hz  target=10.043Hz  err=-17.173Hz  corr=-358.46W  u_ff=96.8W  PCAP→78W  power=78.8W
[PID] perf=27.251Hz  target=10.043Hz  err=-17.208Hz  corr=-359.12W  u_ff=96.8W  PCAP→78W  power=78.1W
[PID] perf=27.248Hz  target=10.043Hz  err=-17.205Hz  corr=-359.06W  u_ff=96.8W  PCAP→78W  power=77.1W
[PID] perf=27.219Hz  target=10.043Hz  err=-17.176Hz  corr=-358.52W  u_ff=96.8W  PCAP→78W  power=79.0W
[PID] perf=27.259Hz  target=10.043Hz  err=-17.216Hz  corr=-359.26W  u_ff=96.8W  PCAP→78W  power=77.2W
[PID] perf=27.261Hz  target=10.043Hz  err=-17.218Hz  corr=-359.31W  u_ff=96.8W  PCAP→78W  power=76.5W
[PID] perf=27.271Hz  target=10.043Hz  err=-17.228Hz  corr=-359.49W  u_ff=96.8W  PCAP→78W  power=78.6W
[PID] perf=27.204Hz  target=10.043Hz  err=-17.161Hz  corr=-358.24W  u_ff=96.8W  PCAP→78W  power=78.9W
[PID] perf=25.879Hz  target=10.043Hz  err=-15.836Hz  corr=-333.67W  u_ff=96.8W  PCAP→78W  power=78.6W
[PID] perf=25.985Hz  target=10.043Hz  err=-15.942Hz  corr=-335.63W  u_ff=96.8W  PCAP→78W  power=77.8W
[PID] perf=25.933Hz  target=10.043Hz  err=-15.890Hz  corr=-334.67W  u_ff=96.8W  PCAP→78W  power=76.9W
[PID] perf=25.984Hz  target=10.043Hz  err=-15.941Hz  corr=-335.61W  u_ff=96.8W  PCAP→78W  power=77.2W
[PID] perf=26.014Hz  target=10.043Hz  err=-15.971Hz  corr=-336.18W  u_ff=96.8W  PCAP→78W  power=78.8W
[PID] perf=26.019Hz  target=10.043Hz  err=-15.975Hz  corr=-336.26W  u_ff=96.8W  PCAP→78W  power=78.0W
[PID] perf=26.778Hz  target=10.043Hz  err=-16.735Hz  corr=-350.34W  u_ff=96.8W  PCAP→78W  power=79.3W
[PID] perf=26.807Hz  target=10.043Hz  err=-16.764Hz  corr=-350.88W  u_ff=96.8W  PCAP→78W  power=76.9W
[PID] perf=26.809Hz  target=10.043Hz  err=-16.766Hz  corr=-350.93W  u_ff=96.8W  PCAP→78W  power=78.6W
[PID] perf=26.804Hz  target=10.043Hz  err=-16.760Hz  corr=-350.82W  u_ff=96.8W  PCAP→78W  power=79.2W
[PID] perf=26.766Hz  target=10.043Hz  err=-16.723Hz  corr=-350.12W  u_ff=96.8W  PCAP→78W  power=77.7W
[PID] perf=26.791Hz  target=10.043Hz  err=-16.748Hz  corr=-350.59W  u_ff=96.8W  PCAP→78W  power=76.1W
[PID] perf=26.808Hz  target=10.043Hz  err=-16.765Hz  corr=-350.90W  u_ff=96.8W  PCAP→78W  power=78.8W
[PID] perf=26.797Hz  target=10.043Hz  err=-16.754Hz  corr=-350.70W  u_ff=96.8W  PCAP→78W  power=77.7W
[PID] perf=26.793Hz  target=10.043Hz  err=-16.750Hz  corr=-350.63W  u_ff=96.8W  PCAP→78W  power=78.3W
[PID] perf=26.794Hz  target=10.043Hz  err=-16.751Hz  corr=-350.64W  u_ff=96.8W  PCAP→78W  power=76.3W
[PID] perf=26.817Hz  target=10.043Hz  err=-16.774Hz  corr=-351.07W  u_ff=96.8W  PCAP→78W  power=78.3W
[PID] perf=26.797Hz  target=10.043Hz  err=-16.754Hz  corr=-350.70W  u_ff=96.8W  PCAP→78W  power=79.0W
[PID] perf=26.791Hz  target=10.043Hz  err=-16.748Hz  corr=-350.59W  u_ff=96.8W  PCAP→78W  power=78.6W
[PID] perf=26.795Hz  target=10.043Hz  err=-16.752Hz  corr=-350.67W  u_ff=96.8W  PCAP→78W  power=77.7W
[PID] perf=26.793Hz  target=10.043Hz  err=-16.750Hz  corr=-350.62W  u_ff=96.8W  PCAP→78W  power=77.4W
[PID] perf=26.807Hz  target=10.043Hz  err=-16.763Hz  corr=-350.87W  u_ff=96.8W  PCAP→78W  power=76.7W
[PID] perf=26.811Hz  target=10.043Hz  err=-16.768Hz  corr=-350.95W  u_ff=96.8W  PCAP→78W  power=77.1W
[PID] perf=26.802Hz  target=10.043Hz  err=-16.759Hz  corr=-350.79W  u_ff=96.8W  PCAP→78W  power=76.6W
[PID] perf=26.776Hz  target=10.043Hz  err=-16.733Hz  corr=-350.31W  u_ff=96.8W  PCAP→78W  power=76.2W
[PID] perf=26.816Hz  target=10.043Hz  err=-16.773Hz  corr=-351.04W  u_ff=96.8W  PCAP→78W  power=78.5W
[PID] perf=26.787Hz  target=10.043Hz  err=-16.744Hz  corr=-350.52W  u_ff=96.8W  PCAP→78W  power=78.4W
[PID] perf=26.779Hz  target=10.043Hz  err=-16.736Hz  corr=-350.37W  u_ff=96.8W  PCAP→78W  power=78.7W
[PID] perf=26.779Hz  target=10.043Hz  err=-16.736Hz  corr=-350.37W  u_ff=96.8W  PCAP→78W  power=76.6W
[PID] perf=26.770Hz  target=10.043Hz  err=-16.727Hz  corr=-350.20W  u_ff=96.8W  PCAP→78W  power=77.8W
[PID] perf=26.794Hz  target=10.043Hz  err=-16.751Hz  corr=-350.65W  u_ff=96.8W  PCAP→78W  power=78.9W
[PID] perf=26.907Hz  target=10.043Hz  err=-16.864Hz  corr=-352.74W  u_ff=96.8W  PCAP→78W  power=79.0W
[PID] perf=27.066Hz  target=10.043Hz  err=-17.023Hz  corr=-355.68W  u_ff=96.8W  PCAP→78W  power=81.4W
[PID] perf=28.864Hz  target=10.043Hz  err=-18.821Hz  corr=-389.03W  u_ff=96.8W  PCAP→78W  power=78.2W
[PID] perf=28.974Hz  target=10.043Hz  err=-18.931Hz  corr=-391.08W  u_ff=96.8W  PCAP→78W  power=78.5W
[PID] perf=28.998Hz  target=10.043Hz  err=-18.955Hz  corr=-391.52W  u_ff=96.8W  PCAP→78W  power=79.0W
[PID] perf=28.945Hz  target=10.043Hz  err=-18.902Hz  corr=-390.53W  u_ff=96.8W  PCAP→78W  power=78.7W
[PID] perf=28.967Hz  target=10.043Hz  err=-18.924Hz  corr=-390.94W  u_ff=96.8W  PCAP→78W  power=78.3W
[PID] perf=28.965Hz  target=10.043Hz  err=-18.922Hz  corr=-390.90W  u_ff=96.8W  PCAP→78W  power=78.6W
[PID] perf=28.986Hz  target=10.043Hz  err=-18.943Hz  corr=-391.30W  u_ff=96.8W  PCAP→78W  power=78.0W
[PID] perf=28.965Hz  target=10.043Hz  err=-18.922Hz  corr=-390.90W  u_ff=96.8W  PCAP→78W  power=78.0W
[PID] perf=28.989Hz  target=10.043Hz  err=-18.946Hz  corr=-391.35W  u_ff=96.8W  PCAP→78W  power=77.1W
[PID] perf=27.191Hz  target=10.043Hz  err=-17.148Hz  corr=-358.00W  u_ff=96.8W  PCAP→78W  power=77.1W
[PID] perf=27.254Hz  target=10.043Hz  err=-17.211Hz  corr=-359.17W  u_ff=96.8W  PCAP→78W  power=79.0W
[PID] perf=27.248Hz  target=10.043Hz  err=-17.205Hz  corr=-359.06W  u_ff=96.8W  PCAP→78W  power=76.8W
[PID] perf=28.918Hz  target=10.043Hz  err=-18.875Hz  corr=-390.04W  u_ff=96.8W  PCAP→78W  power=78.6W
[PID] perf=28.950Hz  target=10.043Hz  err=-18.907Hz  corr=-390.63W  u_ff=96.8W  PCAP→78W  power=78.4W
[PID] perf=26.969Hz  target=10.043Hz  err=-16.926Hz  corr=-353.89W  u_ff=96.8W  PCAP→78W  power=78.1W
[PID] perf=27.036Hz  target=10.043Hz  err=-16.993Hz  corr=-355.13W  u_ff=96.8W  PCAP→78W  power=77.6W
[PID] perf=27.042Hz  target=10.043Hz  err=-16.999Hz  corr=-355.23W  u_ff=96.8W  PCAP→78W  power=77.7W
[PID] perf=27.046Hz  target=10.043Hz  err=-17.003Hz  corr=-355.32W  u_ff=96.8W  PCAP→78W  power=78.7W
[PID] perf=27.090Hz  target=10.043Hz  err=-17.047Hz  corr=-356.13W  u_ff=96.8W  PCAP→78W  power=77.8W
[PID] perf=27.084Hz  target=10.043Hz  err=-17.041Hz  corr=-356.02W  u_ff=96.8W  PCAP→78W  power=78.0W
[PID] perf=27.092Hz  target=10.043Hz  err=-17.049Hz  corr=-356.17W  u_ff=96.8W  PCAP→78W  power=78.9W
[PID] perf=27.054Hz  target=10.043Hz  err=-17.011Hz  corr=-355.46W  u_ff=96.8W  PCAP→78W  power=77.9W
[PID] perf=27.057Hz  target=10.043Hz  err=-17.014Hz  corr=-355.52W  u_ff=96.8W  PCAP→78W  power=77.6W
[PID] perf=27.091Hz  target=10.043Hz  err=-17.048Hz  corr=-356.14W  u_ff=96.8W  PCAP→78W  power=76.2W
[PID] perf=27.080Hz  target=10.043Hz  err=-17.037Hz  corr=-355.95W  u_ff=96.8W  PCAP→78W  power=76.4W
[PID] perf=27.077Hz  target=10.043Hz  err=-17.034Hz  corr=-355.89W  u_ff=96.8W  PCAP→78W  power=78.5W
[PID] perf=27.061Hz  target=10.043Hz  err=-17.018Hz  corr=-355.58W  u_ff=96.8W  PCAP→78W  power=79.0W
[PID] perf=27.092Hz  target=10.043Hz  err=-17.049Hz  corr=-356.18W  u_ff=96.8W  PCAP→78W  power=79.1W
[PID] perf=27.084Hz  target=10.043Hz  err=-17.040Hz  corr=-356.01W  u_ff=96.8W  PCAP→78W  power=78.2W
[PID] perf=27.081Hz  target=10.043Hz  err=-17.038Hz  corr=-355.96W  u_ff=96.8W  PCAP→78W  power=77.3W
[PID] perf=27.055Hz  target=10.043Hz  err=-17.012Hz  corr=-355.47W  u_ff=96.8W  PCAP→78W  power=77.0W
[PID] perf=27.061Hz  target=10.043Hz  err=-17.018Hz  corr=-355.60W  u_ff=96.8W  PCAP→78W  power=77.7W
[PID] perf=27.056Hz  target=10.043Hz  err=-17.013Hz  corr=-355.51W  u_ff=96.8W  PCAP→78W  power=77.2W
[PID] perf=27.061Hz  target=10.043Hz  err=-17.018Hz  corr=-355.60W  u_ff=96.8W  PCAP→78W  power=78.4W
[PID] perf=27.073Hz  target=10.043Hz  err=-17.030Hz  corr=-355.81W  u_ff=96.8W  PCAP→78W  power=78.8W
[PID] perf=27.064Hz  target=10.043Hz  err=-17.021Hz  corr=-355.65W  u_ff=96.8W  PCAP→78W  power=77.8W
[PID] perf=27.018Hz  target=10.043Hz  err=-16.975Hz  corr=-354.80W  u_ff=96.8W  PCAP→78W  power=76.5W
[PID] perf=27.074Hz  target=10.043Hz  err=-17.031Hz  corr=-355.83W  u_ff=96.8W  PCAP→78W  power=76.8W
[PID] perf=27.107Hz  target=10.043Hz  err=-17.064Hz  corr=-356.45W  u_ff=96.8W  PCAP→78W  power=78.8W
[PID] perf=27.107Hz  target=10.043Hz  err=-17.064Hz  corr=-356.44W  u_ff=96.8W  PCAP→78W  power=79.0W
[PID] perf=27.080Hz  target=10.043Hz  err=-17.037Hz  corr=-355.95W  u_ff=96.8W  PCAP→78W  power=78.7W
[PID] perf=27.093Hz  target=10.043Hz  err=-17.050Hz  corr=-356.19W  u_ff=96.8W  PCAP→78W  power=76.5W
[PID] perf=27.093Hz  target=10.043Hz  err=-17.050Hz  corr=-356.19W  u_ff=96.8W  PCAP→78W  power=78.6W
[PID] perf=27.022Hz  target=10.043Hz  err=-16.979Hz  corr=-354.87W  u_ff=96.8W  PCAP→78W  power=78.3W
[PID] perf=27.057Hz  target=10.043Hz  err=-17.014Hz  corr=-355.52W  u_ff=96.8W  PCAP→78W  power=78.2W
[PID] perf=27.063Hz  target=10.043Hz  err=-17.020Hz  corr=-355.63W  u_ff=96.8W  PCAP→78W  power=77.5W
[PID] perf=27.082Hz  target=10.043Hz  err=-17.039Hz  corr=-355.99W  u_ff=96.8W  PCAP→78W  power=78.2W
[PID] perf=27.069Hz  target=10.043Hz  err=-17.026Hz  corr=-355.74W  u_ff=96.8W  PCAP→78W  power=77.8W
[PID] perf=27.079Hz  target=10.043Hz  err=-17.036Hz  corr=-355.92W  u_ff=96.8W  PCAP→78W  power=76.3W
[PID] perf=27.082Hz  target=10.043Hz  err=-17.039Hz  corr=-355.98W  u_ff=96.8W  PCAP→78W  power=77.9W
[PID] perf=27.104Hz  target=10.043Hz  err=-17.061Hz  corr=-356.38W  u_ff=96.8W  PCAP→78W  power=78.5W
[PID] perf=27.090Hz  target=10.043Hz  err=-17.047Hz  corr=-356.13W  u_ff=96.8W  PCAP→78W  power=77.3W
[PID] perf=27.067Hz  target=10.043Hz  err=-17.024Hz  corr=-355.70W  u_ff=96.8W  PCAP→78W  power=77.1W
[PID] perf=27.091Hz  target=10.043Hz  err=-17.048Hz  corr=-356.15W  u_ff=96.8W  PCAP→78W  power=77.1W
[PID] perf=27.080Hz  target=10.043Hz  err=-17.036Hz  corr=-355.94W  u_ff=96.8W  PCAP→78W  power=78.3W
[PID] perf=27.067Hz  target=10.043Hz  err=-17.024Hz  corr=-355.70W  u_ff=96.8W  PCAP→78W  power=78.6W
[PID] perf=27.078Hz  target=10.043Hz  err=-17.035Hz  corr=-355.91W  u_ff=96.8W  PCAP→78W  power=77.5W
[PID] perf=27.047Hz  target=10.043Hz  err=-17.004Hz  corr=-355.34W  u_ff=96.8W  PCAP→78W  power=77.0W
[PID] perf=27.049Hz  target=10.043Hz  err=-17.006Hz  corr=-355.37W  u_ff=96.8W  PCAP→78W  power=78.8W
[PID] perf=27.084Hz  target=10.043Hz  err=-17.041Hz  corr=-356.02W  u_ff=96.8W  PCAP→78W  power=77.6W
[PID] perf=27.068Hz  target=10.043Hz  err=-17.025Hz  corr=-355.72W  u_ff=96.8W  PCAP→78W  power=77.8W
[PID] perf=27.091Hz  target=10.043Hz  err=-17.048Hz  corr=-356.14W  u_ff=96.8W  PCAP→78W  power=76.9W
[PID] perf=27.077Hz  target=10.043Hz  err=-17.034Hz  corr=-355.88W  u_ff=96.8W  PCAP→78W  power=78.2W
[PID] perf=27.092Hz  target=10.043Hz  err=-17.048Hz  corr=-356.16W  u_ff=96.8W  PCAP→78W  power=79.2W
[PID] perf=27.066Hz  target=10.043Hz  err=-17.023Hz  corr=-355.68W  u_ff=96.8W  PCAP→78W  power=76.5W
[PID] perf=27.057Hz  target=10.043Hz  err=-17.014Hz  corr=-355.51W  u_ff=96.8W  PCAP→78W  power=77.1W
[PID] perf=27.049Hz  target=10.043Hz  err=-17.006Hz  corr=-355.38W  u_ff=96.8W  PCAP→78W  power=77.0W
[PID] perf=27.101Hz  target=10.043Hz  err=-17.058Hz  corr=-356.33W  u_ff=96.8W  PCAP→78W  power=76.9W
[PID] perf=27.065Hz  target=10.043Hz  err=-17.022Hz  corr=-355.68W  u_ff=96.8W  PCAP→78W  power=78.9W
[PID] perf=27.085Hz  target=10.043Hz  err=-17.042Hz  corr=-356.04W  u_ff=96.8W  PCAP→78W  power=78.0W
[PID] perf=27.081Hz  target=10.043Hz  err=-17.038Hz  corr=-355.96W  u_ff=96.8W  PCAP→78W  power=77.6W
[PID] perf=27.083Hz  target=10.043Hz  err=-17.040Hz  corr=-355.99W  u_ff=96.8W  PCAP→78W  power=77.4W
[PID] perf=27.097Hz  target=10.043Hz  err=-17.054Hz  corr=-356.27W  u_ff=96.8W  PCAP→78W  power=78.7W
[PID] perf=27.089Hz  target=10.043Hz  err=-17.046Hz  corr=-356.11W  u_ff=96.8W  PCAP→78W  power=78.3W
[PID] perf=27.103Hz  target=10.043Hz  err=-17.060Hz  corr=-356.37W  u_ff=96.8W  PCAP→78W  power=77.8W
[PID] perf=27.148Hz  target=10.043Hz  err=-17.105Hz  corr=-357.21W  u_ff=96.8W  PCAP→78W  power=77.0W
[PID] perf=27.094Hz  target=10.043Hz  err=-17.051Hz  corr=-356.20W  u_ff=96.8W  PCAP→78W  power=77.3W
[PID] perf=27.104Hz  target=10.043Hz  err=-17.061Hz  corr=-356.40W  u_ff=96.8W  PCAP→78W  power=78.5W
[PID] perf=27.072Hz  target=10.043Hz  err=-17.029Hz  corr=-355.79W  u_ff=96.8W  PCAP→78W  power=79.1W
[PID] perf=27.065Hz  target=10.043Hz  err=-17.022Hz  corr=-355.67W  u_ff=96.8W  PCAP→78W  power=77.3W
[PID] perf=27.065Hz  target=10.043Hz  err=-17.022Hz  corr=-355.67W  u_ff=96.8W  PCAP→78W  power=78.9W
[PID] perf=27.094Hz  target=10.043Hz  err=-17.051Hz  corr=-356.20W  u_ff=96.8W  PCAP→78W  power=77.5W
[PID] perf=27.063Hz  target=10.043Hz  err=-17.019Hz  corr=-355.62W  u_ff=96.8W  PCAP→78W  power=77.3W
[PID] perf=27.099Hz  target=10.043Hz  err=-17.056Hz  corr=-356.30W  u_ff=96.8W  PCAP→78W  power=78.4W
[PID] perf=27.098Hz  target=10.043Hz  err=-17.055Hz  corr=-356.27W  u_ff=96.8W  PCAP→78W  power=77.8W
[PID] perf=27.077Hz  target=10.043Hz  err=-17.034Hz  corr=-355.88W  u_ff=96.8W  PCAP→78W  power=77.1W
[PID] perf=27.111Hz  target=10.043Hz  err=-17.068Hz  corr=-356.52W  u_ff=96.8W  PCAP→78W  power=76.0W
[PID] perf=27.067Hz  target=10.043Hz  err=-17.024Hz  corr=-355.71W  u_ff=96.8W  PCAP→78W  power=78.1W
[PID] perf=27.077Hz  target=10.043Hz  err=-17.034Hz  corr=-355.89W  u_ff=96.8W  PCAP→78W  power=78.8W
[PID] perf=27.040Hz  target=10.043Hz  err=-16.997Hz  corr=-355.20W  u_ff=96.8W  PCAP→78W  power=77.5W
[PID] perf=27.072Hz  target=10.043Hz  err=-17.029Hz  corr=-355.80W  u_ff=96.8W  PCAP→78W  power=77.2W
[PID] perf=27.062Hz  target=10.043Hz  err=-17.019Hz  corr=-355.62W  u_ff=96.8W  PCAP→78W  power=79.1W
[PID] perf=27.058Hz  target=10.043Hz  err=-17.015Hz  corr=-355.53W  u_ff=96.8W  PCAP→78W  power=77.0W
[PID] perf=27.077Hz  target=10.043Hz  err=-17.034Hz  corr=-355.88W  u_ff=96.8W  PCAP→78W  power=78.9W
[PID] perf=27.118Hz  target=10.043Hz  err=-17.075Hz  corr=-356.66W  u_ff=96.8W  PCAP→78W  power=76.3W
[PID] perf=27.108Hz  target=10.043Hz  err=-17.065Hz  corr=-356.47W  u_ff=96.8W  PCAP→78W  power=78.8W
[PID] perf=27.085Hz  target=10.043Hz  err=-17.042Hz  corr=-356.03W  u_ff=96.8W  PCAP→78W  power=76.1W
[PID] perf=27.095Hz  target=10.043Hz  err=-17.052Hz  corr=-356.23W  u_ff=96.8W  PCAP→78W  power=78.3W
[PID] perf=27.110Hz  target=10.043Hz  err=-17.067Hz  corr=-356.51W  u_ff=96.8W  PCAP→78W  power=79.4W
[PID] perf=27.027Hz  target=10.043Hz  err=-16.984Hz  corr=-354.95W  u_ff=96.8W  PCAP→78W  power=78.5W
[PID] perf=27.098Hz  target=10.043Hz  err=-17.055Hz  corr=-356.28W  u_ff=96.8W  PCAP→78W  power=78.3W
[PID] perf=27.196Hz  target=10.043Hz  err=-17.153Hz  corr=-358.09W  u_ff=96.8W  PCAP→78W  power=77.5W
[PID] perf=28.454Hz  target=10.043Hz  err=-18.411Hz  corr=-381.42W  u_ff=96.8W  PCAP→78W  power=77.1W
[PID] perf=28.423Hz  target=10.043Hz  err=-18.380Hz  corr=-380.84W  u_ff=96.8W  PCAP→78W  power=77.6W
[PID] perf=28.456Hz  target=10.043Hz  err=-18.412Hz  corr=-381.45W  u_ff=96.8W  PCAP→78W  power=79.3W
[PID] perf=28.436Hz  target=10.043Hz  err=-18.393Hz  corr=-381.10W  u_ff=96.8W  PCAP→78W  power=76.5W
[PID] perf=28.440Hz  target=10.043Hz  err=-18.397Hz  corr=-381.16W  u_ff=96.8W  PCAP→78W  power=77.7W
[PID] perf=28.440Hz  target=10.043Hz  err=-18.397Hz  corr=-381.16W  u_ff=96.8W  PCAP→78W  power=77.7W
[PID] perf=28.435Hz  target=10.043Hz  err=-18.392Hz  corr=-381.07W  u_ff=96.8W  PCAP→78W  power=76.6W
[PID] perf=28.429Hz  target=10.043Hz  err=-18.386Hz  corr=-380.96W  u_ff=96.8W  PCAP→78W  power=77.6W
[PID] perf=28.432Hz  target=10.043Hz  err=-18.389Hz  corr=-381.02W  u_ff=96.8W  PCAP→78W  power=78.3W
[PID] perf=28.423Hz  target=10.043Hz  err=-18.380Hz  corr=-380.84W  u_ff=96.8W  PCAP→78W  power=77.8W
[PID] perf=27.375Hz  target=10.043Hz  err=-17.332Hz  corr=-361.42W  u_ff=96.8W  PCAP→78W  power=79.4W
[PID] perf=27.117Hz  target=10.043Hz  err=-17.074Hz  corr=-356.63W  u_ff=96.8W  PCAP→78W  power=76.7W
[PID] perf=27.152Hz  target=10.043Hz  err=-17.109Hz  corr=-357.28W  u_ff=96.8W  PCAP→78W  power=77.0W
[PID] perf=27.155Hz  target=10.043Hz  err=-17.112Hz  corr=-357.33W  u_ff=96.8W  PCAP→78W  power=77.8W
[PID] perf=27.169Hz  target=10.043Hz  err=-17.126Hz  corr=-357.59W  u_ff=96.8W  PCAP→78W  power=79.1W
[PID] perf=27.166Hz  target=10.043Hz  err=-17.122Hz  corr=-357.53W  u_ff=96.8W  PCAP→78W  power=76.9W
[PID] perf=27.167Hz  target=10.043Hz  err=-17.124Hz  corr=-357.57W  u_ff=96.8W  PCAP→78W  power=77.1W
[PID] perf=27.176Hz  target=10.043Hz  err=-17.133Hz  corr=-357.72W  u_ff=96.8W  PCAP→78W  power=79.4W
[PID] perf=27.173Hz  target=10.043Hz  err=-17.130Hz  corr=-357.66W  u_ff=96.8W  PCAP→78W  power=78.8W
[PID] perf=27.155Hz  target=10.043Hz  err=-17.112Hz  corr=-357.33W  u_ff=96.8W  PCAP→78W  power=77.4W
[PID] perf=27.164Hz  target=10.043Hz  err=-17.121Hz  corr=-357.51W  u_ff=96.8W  PCAP→78W  power=77.9W
[PID] perf=27.145Hz  target=10.043Hz  err=-17.102Hz  corr=-357.15W  u_ff=96.8W  PCAP→78W  power=77.7W
[PID] perf=27.152Hz  target=10.043Hz  err=-17.109Hz  corr=-357.28W  u_ff=96.8W  PCAP→78W  power=79.0W
[PID] perf=27.146Hz  target=10.043Hz  err=-17.103Hz  corr=-357.17W  u_ff=96.8W  PCAP→78W  power=77.1W
[PID] perf=27.173Hz  target=10.043Hz  err=-17.130Hz  corr=-357.67W  u_ff=96.8W  PCAP→78W  power=76.9W
[PID] perf=27.139Hz  target=10.043Hz  err=-17.096Hz  corr=-357.03W  u_ff=96.8W  PCAP→78W  power=77.2W
[PID] perf=27.118Hz  target=10.043Hz  err=-17.075Hz  corr=-356.64W  u_ff=96.8W  PCAP→78W  power=77.8W
[PID] perf=27.152Hz  target=10.043Hz  err=-17.109Hz  corr=-357.27W  u_ff=96.8W  PCAP→78W  power=77.0W
[PID] perf=27.130Hz  target=10.043Hz  err=-17.087Hz  corr=-356.87W  u_ff=96.8W  PCAP→78W  power=77.8W
[PID] perf=27.145Hz  target=10.043Hz  err=-17.102Hz  corr=-357.15W  u_ff=96.8W  PCAP→78W  power=79.2W
[PID] perf=27.147Hz  target=10.043Hz  err=-17.104Hz  corr=-357.18W  u_ff=96.8W  PCAP→78W  power=77.2W
[PID] perf=27.157Hz  target=10.043Hz  err=-17.114Hz  corr=-357.38W  u_ff=96.8W  PCAP→78W  power=78.2W
[PID] perf=27.121Hz  target=10.043Hz  err=-17.078Hz  corr=-356.71W  u_ff=96.8W  PCAP→78W  power=78.8W
[PID] perf=27.126Hz  target=10.043Hz  err=-17.083Hz  corr=-356.79W  u_ff=96.8W  PCAP→78W  power=79.3W
[PID] perf=27.136Hz  target=10.043Hz  err=-17.093Hz  corr=-356.99W  u_ff=96.8W  PCAP→78W  power=78.3W
[PID] perf=27.124Hz  target=10.043Hz  err=-17.081Hz  corr=-356.76W  u_ff=96.8W  PCAP→78W  power=77.9W
[PID] perf=27.145Hz  target=10.043Hz  err=-17.102Hz  corr=-357.15W  u_ff=96.8W  PCAP→78W  power=78.6W
[PID] perf=27.160Hz  target=10.043Hz  err=-17.117Hz  corr=-357.44W  u_ff=96.8W  PCAP→78W  power=76.8W
[PID] perf=27.161Hz  target=10.043Hz  err=-17.118Hz  corr=-357.45W  u_ff=96.8W  PCAP→78W  power=76.6W
[PID] perf=27.143Hz  target=10.043Hz  err=-17.100Hz  corr=-357.11W  u_ff=96.8W  PCAP→78W  power=77.0W
[PID] perf=27.174Hz  target=10.043Hz  err=-17.131Hz  corr=-357.69W  u_ff=96.8W  PCAP→78W  power=77.0W
[PID] perf=27.153Hz  target=10.043Hz  err=-17.110Hz  corr=-357.30W  u_ff=96.8W  PCAP→78W  power=76.6W
[PID] perf=27.118Hz  target=10.043Hz  err=-17.075Hz  corr=-356.65W  u_ff=96.8W  PCAP→78W  power=78.4W
[PID] perf=27.105Hz  target=10.043Hz  err=-17.062Hz  corr=-356.40W  u_ff=96.8W  PCAP→78W  power=77.6W
[PID] perf=27.144Hz  target=10.043Hz  err=-17.101Hz  corr=-357.14W  u_ff=96.8W  PCAP→78W  power=78.2W
[PID] perf=27.144Hz  target=10.043Hz  err=-17.101Hz  corr=-357.14W  u_ff=96.8W  PCAP→78W  power=77.2W
[PID] perf=27.136Hz  target=10.043Hz  err=-17.093Hz  corr=-356.99W  u_ff=96.8W  PCAP→78W  power=79.4W
[PID] perf=27.106Hz  target=10.043Hz  err=-17.062Hz  corr=-356.42W  u_ff=96.8W  PCAP→78W  power=79.4W
[PID] perf=27.125Hz  target=10.043Hz  err=-17.082Hz  corr=-356.78W  u_ff=96.8W  PCAP→78W  power=77.7W
[PID] perf=27.126Hz  target=10.043Hz  err=-17.083Hz  corr=-356.79W  u_ff=96.8W  PCAP→78W  power=77.2W
[PID] perf=27.144Hz  target=10.043Hz  err=-17.101Hz  corr=-357.13W  u_ff=96.8W  PCAP→78W  power=78.1W
[PID] perf=27.156Hz  target=10.043Hz  err=-17.113Hz  corr=-357.36W  u_ff=96.8W  PCAP→78W  power=77.3W
[PID] perf=27.151Hz  target=10.043Hz  err=-17.108Hz  corr=-357.26W  u_ff=96.8W  PCAP→78W  power=77.7W
[PID] perf=27.135Hz  target=10.043Hz  err=-17.092Hz  corr=-356.96W  u_ff=96.8W  PCAP→78W  power=78.4W
[PID] perf=27.129Hz  target=10.043Hz  err=-17.086Hz  corr=-356.85W  u_ff=96.8W  PCAP→78W  power=79.0W
[PID] perf=27.169Hz  target=10.043Hz  err=-17.126Hz  corr=-357.59W  u_ff=96.8W  PCAP→78W  power=78.8W
[PID] perf=27.168Hz  target=10.043Hz  err=-17.125Hz  corr=-357.57W  u_ff=96.8W  PCAP→78W  power=77.9W
[PID] perf=27.154Hz  target=10.043Hz  err=-17.111Hz  corr=-357.31W  u_ff=96.8W  PCAP→78W  power=78.7W
[PID] perf=27.139Hz  target=10.043Hz  err=-17.095Hz  corr=-357.03W  u_ff=96.8W  PCAP→78W  power=77.4W
[PID] perf=27.164Hz  target=10.043Hz  err=-17.121Hz  corr=-357.51W  u_ff=96.8W  PCAP→78W  power=78.1W
[PID] perf=27.197Hz  target=10.043Hz  err=-17.154Hz  corr=-358.12W  u_ff=96.8W  PCAP→78W  power=76.7W
[PID] perf=27.168Hz  target=10.043Hz  err=-17.125Hz  corr=-357.58W  u_ff=96.8W  PCAP→78W  power=77.9W
[PID] perf=28.342Hz  target=10.043Hz  err=-18.299Hz  corr=-379.35W  u_ff=96.8W  PCAP→78W  power=78.8W
[PID] perf=28.964Hz  target=10.043Hz  err=-18.921Hz  corr=-390.88W  u_ff=96.8W  PCAP→78W  power=77.3W
[PID] perf=29.032Hz  target=10.043Hz  err=-18.989Hz  corr=-392.14W  u_ff=96.8W  PCAP→78W  power=77.1W
[PID] perf=29.038Hz  target=10.043Hz  err=-18.995Hz  corr=-392.25W  u_ff=96.8W  PCAP→78W  power=79.7W
[PID] perf=29.035Hz  target=10.043Hz  err=-18.992Hz  corr=-392.20W  u_ff=96.8W  PCAP→78W  power=79.0W
[PID] perf=29.062Hz  target=10.043Hz  err=-19.019Hz  corr=-392.70W  u_ff=96.8W  PCAP→78W  power=78.2W
[PID] perf=29.051Hz  target=10.043Hz  err=-19.008Hz  corr=-392.49W  u_ff=96.8W  PCAP→78W  power=77.7W
[PID] perf=29.039Hz  target=10.043Hz  err=-18.996Hz  corr=-392.27W  u_ff=96.8W  PCAP→78W  power=78.3W
[PID] perf=29.049Hz  target=10.043Hz  err=-19.006Hz  corr=-392.45W  u_ff=96.8W  PCAP→78W  power=77.0W
[PID] perf=29.046Hz  target=10.043Hz  err=-19.003Hz  corr=-392.41W  u_ff=96.8W  PCAP→78W  power=78.4W
[PID] perf=29.095Hz  target=10.043Hz  err=-19.052Hz  corr=-393.31W  u_ff=96.8W  PCAP→78W  power=79.2W
[PID] perf=29.081Hz  target=10.043Hz  err=-19.037Hz  corr=-393.04W  u_ff=96.8W  PCAP→78W  power=78.3W
[PID] perf=29.055Hz  target=10.043Hz  err=-19.012Hz  corr=-392.56W  u_ff=96.8W  PCAP→78W  power=78.9W
[PID] perf=29.050Hz  target=10.043Hz  err=-19.007Hz  corr=-392.48W  u_ff=96.8W  PCAP→78W  power=77.2W
[PID] perf=29.082Hz  target=10.043Hz  err=-19.039Hz  corr=-393.07W  u_ff=96.8W  PCAP→78W  power=76.6W
[PID] perf=29.040Hz  target=10.043Hz  err=-18.997Hz  corr=-392.29W  u_ff=96.8W  PCAP→78W  power=77.0W
[PID] perf=29.042Hz  target=10.043Hz  err=-18.999Hz  corr=-392.32W  u_ff=96.8W  PCAP→78W  power=77.7W
[PID] perf=29.045Hz  target=10.043Hz  err=-19.002Hz  corr=-392.39W  u_ff=96.8W  PCAP→78W  power=77.5W
[PID] perf=29.041Hz  target=10.043Hz  err=-18.998Hz  corr=-392.31W  u_ff=96.8W  PCAP→78W  power=78.0W
[PID] perf=29.064Hz  target=10.043Hz  err=-19.021Hz  corr=-392.74W  u_ff=96.8W  PCAP→78W  power=77.0W
[PID] perf=29.089Hz  target=10.043Hz  err=-19.046Hz  corr=-393.20W  u_ff=96.8W  PCAP→78W  power=78.9W
[PID] perf=29.077Hz  target=10.043Hz  err=-19.034Hz  corr=-392.99W  u_ff=96.8W  PCAP→78W  power=78.7W
[PID] perf=28.996Hz  target=10.043Hz  err=-18.953Hz  corr=-391.48W  u_ff=96.8W  PCAP→78W  power=76.6W
[PID] perf=29.099Hz  target=10.043Hz  err=-19.056Hz  corr=-393.38W  u_ff=96.8W  PCAP→78W  power=78.9W
[PID] perf=29.051Hz  target=10.043Hz  err=-19.008Hz  corr=-392.51W  u_ff=96.8W  PCAP→78W  power=79.0W
[PID] perf=28.999Hz  target=10.043Hz  err=-18.956Hz  corr=-391.54W  u_ff=96.8W  PCAP→78W  power=79.0W
[PID] perf=29.053Hz  target=10.043Hz  err=-19.010Hz  corr=-392.54W  u_ff=96.8W  PCAP→78W  power=79.6W
[PID] perf=29.022Hz  target=10.043Hz  err=-18.978Hz  corr=-391.95W  u_ff=96.8W  PCAP→78W  power=79.5W
[PID] perf=29.041Hz  target=10.043Hz  err=-18.998Hz  corr=-392.31W  u_ff=96.8W  PCAP→78W  power=79.1W
[PID] perf=29.073Hz  target=10.043Hz  err=-19.030Hz  corr=-392.90W  u_ff=96.8W  PCAP→78W  power=79.1W
[PID] perf=29.060Hz  target=10.043Hz  err=-19.017Hz  corr=-392.66W  u_ff=96.8W  PCAP→78W  power=78.1W
[PID] perf=29.047Hz  target=10.043Hz  err=-19.004Hz  corr=-392.43W  u_ff=96.8W  PCAP→78W  power=79.3W
[PID] perf=29.052Hz  target=10.043Hz  err=-19.009Hz  corr=-392.51W  u_ff=96.8W  PCAP→78W  power=79.3W
[PID] perf=27.438Hz  target=10.043Hz  err=-17.395Hz  corr=-362.58W  u_ff=96.8W  PCAP→78W  power=79.0W
[PID] perf=29.070Hz  target=10.043Hz  err=-19.027Hz  corr=-392.85W  u_ff=96.8W  PCAP→78W  power=79.1W
[PID] perf=29.026Hz  target=10.043Hz  err=-18.983Hz  corr=-392.03W  u_ff=96.8W  PCAP→78W  power=79.5W
[PID] perf=29.065Hz  target=10.043Hz  err=-19.022Hz  corr=-392.76W  u_ff=96.8W  PCAP→78W  power=77.0W
[PID] perf=29.032Hz  target=10.043Hz  err=-18.989Hz  corr=-392.15W  u_ff=96.8W  PCAP→78W  power=76.5W
[PID] perf=29.048Hz  target=10.043Hz  err=-19.005Hz  corr=-392.45W  u_ff=96.8W  PCAP→78W  power=76.3W
[PID] perf=29.055Hz  target=10.043Hz  err=-19.012Hz  corr=-392.58W  u_ff=96.8W  PCAP→78W  power=78.6W
[PID] perf=29.079Hz  target=10.043Hz  err=-19.036Hz  corr=-393.01W  u_ff=96.8W  PCAP→78W  power=77.7W
[PID] perf=29.075Hz  target=10.043Hz  err=-19.032Hz  corr=-392.94W  u_ff=96.8W  PCAP→78W  power=78.0W
[PID] perf=29.057Hz  target=10.043Hz  err=-19.014Hz  corr=-392.61W  u_ff=96.8W  PCAP→78W  power=77.0W
[PID] perf=28.800Hz  target=10.043Hz  err=-18.756Hz  corr=-387.83W  u_ff=96.8W  PCAP→78W  power=76.9W
[PID] perf=27.165Hz  target=10.043Hz  err=-17.122Hz  corr=-357.51W  u_ff=96.8W  PCAP→78W  power=76.4W
[PID] perf=27.185Hz  target=10.043Hz  err=-17.142Hz  corr=-357.89W  u_ff=96.8W  PCAP→78W  power=77.4W
[PID] perf=27.246Hz  target=10.043Hz  err=-17.202Hz  corr=-359.01W  u_ff=96.8W  PCAP→78W  power=77.8W
[PID] perf=27.202Hz  target=10.043Hz  err=-17.159Hz  corr=-358.21W  u_ff=96.8W  PCAP→78W  power=78.6W
[PID] perf=27.194Hz  target=10.043Hz  err=-17.151Hz  corr=-358.07W  u_ff=96.8W  PCAP→78W  power=78.2W
[PID] perf=27.175Hz  target=10.043Hz  err=-17.131Hz  corr=-357.70W  u_ff=96.8W  PCAP→78W  power=79.3W
[PID] perf=27.147Hz  target=10.043Hz  err=-17.104Hz  corr=-357.19W  u_ff=96.8W  PCAP→78W  power=77.7W
[PID] perf=27.199Hz  target=10.043Hz  err=-17.156Hz  corr=-358.15W  u_ff=96.8W  PCAP→78W  power=76.6W
[PID] perf=27.214Hz  target=10.043Hz  err=-17.171Hz  corr=-358.42W  u_ff=96.8W  PCAP→78W  power=76.6W
[PID] perf=27.193Hz  target=10.043Hz  err=-17.150Hz  corr=-358.04W  u_ff=96.8W  PCAP→78W  power=77.8W
[PID] perf=27.224Hz  target=10.043Hz  err=-17.181Hz  corr=-358.61W  u_ff=96.8W  PCAP→78W  power=78.3W
[PID] perf=27.203Hz  target=10.043Hz  err=-17.160Hz  corr=-358.22W  u_ff=96.8W  PCAP→78W  power=78.1W
[PID] perf=27.181Hz  target=10.043Hz  err=-17.138Hz  corr=-357.82W  u_ff=96.8W  PCAP→78W  power=78.4W
[PID] perf=27.170Hz  target=10.043Hz  err=-17.127Hz  corr=-357.61W  u_ff=96.8W  PCAP→78W  power=78.4W
[PID] perf=27.210Hz  target=10.043Hz  err=-17.167Hz  corr=-358.35W  u_ff=96.8W  PCAP→78W  power=77.8W
[PID] perf=27.206Hz  target=10.043Hz  err=-17.163Hz  corr=-358.28W  u_ff=96.8W  PCAP→78W  power=78.9W
[PID] perf=27.202Hz  target=10.043Hz  err=-17.159Hz  corr=-358.21W  u_ff=96.8W  PCAP→78W  power=79.3W
[PID] perf=27.165Hz  target=10.043Hz  err=-17.122Hz  corr=-357.51W  u_ff=96.8W  PCAP→78W  power=78.3W
[PID] perf=27.210Hz  target=10.043Hz  err=-17.167Hz  corr=-358.35W  u_ff=96.8W  PCAP→78W  power=76.3W
[PID] perf=27.193Hz  target=10.043Hz  err=-17.150Hz  corr=-358.04W  u_ff=96.8W  PCAP→78W  power=76.6W
[PID] perf=27.178Hz  target=10.043Hz  err=-17.135Hz  corr=-357.76W  u_ff=96.8W  PCAP→78W  power=77.1W
[PID] perf=27.204Hz  target=10.043Hz  err=-17.161Hz  corr=-358.25W  u_ff=96.8W  PCAP→78W  power=79.3W
[PID] perf=27.205Hz  target=10.043Hz  err=-17.162Hz  corr=-358.27W  u_ff=96.8W  PCAP→78W  power=78.2W
[PID] perf=27.197Hz  target=10.043Hz  err=-17.154Hz  corr=-358.11W  u_ff=96.8W  PCAP→78W  power=78.1W
[PID] perf=27.190Hz  target=10.043Hz  err=-17.147Hz  corr=-357.98W  u_ff=96.8W  PCAP→78W  power=78.6W
[PID] perf=27.191Hz  target=10.043Hz  err=-17.148Hz  corr=-358.00W  u_ff=96.8W  PCAP→78W  power=76.5W
[PID] perf=27.224Hz  target=10.043Hz  err=-17.180Hz  corr=-358.61W  u_ff=96.8W  PCAP→78W  power=78.0W
[PID] perf=27.197Hz  target=10.043Hz  err=-17.154Hz  corr=-358.11W  u_ff=96.8W  PCAP→78W  power=76.2W
[PID] perf=27.207Hz  target=10.043Hz  err=-17.164Hz  corr=-358.30W  u_ff=96.8W  PCAP→78W  power=77.4W
[PID] perf=27.192Hz  target=10.043Hz  err=-17.149Hz  corr=-358.02W  u_ff=96.8W  PCAP→78W  power=78.3W
[PID] perf=27.156Hz  target=10.043Hz  err=-17.113Hz  corr=-357.36W  u_ff=96.8W  PCAP→78W  power=77.7W
[PID] perf=27.188Hz  target=10.043Hz  err=-17.145Hz  corr=-357.94W  u_ff=96.8W  PCAP→78W  power=79.2W
[PID] perf=27.182Hz  target=10.043Hz  err=-17.139Hz  corr=-357.84W  u_ff=96.8W  PCAP→78W  power=78.6W
[PID] perf=27.207Hz  target=10.043Hz  err=-17.164Hz  corr=-358.30W  u_ff=96.8W  PCAP→78W  power=77.5W
[PID] perf=27.173Hz  target=10.043Hz  err=-17.130Hz  corr=-357.67W  u_ff=96.8W  PCAP→78W  power=77.6W
[PID] perf=27.230Hz  target=10.043Hz  err=-17.187Hz  corr=-358.72W  u_ff=96.8W  PCAP→78W  power=77.6W
[PID] perf=27.245Hz  target=10.043Hz  err=-17.202Hz  corr=-359.00W  u_ff=96.8W  PCAP→78W  power=79.6W
[PID] perf=27.197Hz  target=10.043Hz  err=-17.154Hz  corr=-358.11W  u_ff=96.8W  PCAP→78W  power=78.2W
[PID] perf=27.200Hz  target=10.043Hz  err=-17.157Hz  corr=-358.17W  u_ff=96.8W  PCAP→78W  power=78.7W
[PID] perf=27.171Hz  target=10.043Hz  err=-17.128Hz  corr=-357.63W  u_ff=96.8W  PCAP→78W  power=79.2W
[PID] perf=27.198Hz  target=10.043Hz  err=-17.155Hz  corr=-358.14W  u_ff=96.8W  PCAP→78W  power=77.1W
[PID] perf=27.188Hz  target=10.043Hz  err=-17.145Hz  corr=-357.95W  u_ff=96.8W  PCAP→78W  power=76.2W
[PID] perf=27.203Hz  target=10.043Hz  err=-17.159Hz  corr=-358.22W  u_ff=96.8W  PCAP→78W  power=78.6W
[PID] perf=27.187Hz  target=10.043Hz  err=-17.144Hz  corr=-357.93W  u_ff=96.8W  PCAP→78W  power=78.2W
[PID] perf=27.175Hz  target=10.043Hz  err=-17.132Hz  corr=-357.71W  u_ff=96.8W  PCAP→78W  power=76.3W
[PID] perf=27.154Hz  target=10.043Hz  err=-17.111Hz  corr=-357.32W  u_ff=96.8W  PCAP→78W  power=76.4W
[PID] perf=27.145Hz  target=10.043Hz  err=-17.102Hz  corr=-357.16W  u_ff=96.8W  PCAP→78W  power=79.0W
[PID] perf=27.107Hz  target=10.043Hz  err=-17.064Hz  corr=-356.44W  u_ff=96.8W  PCAP→78W  power=77.7W
[PID] perf=27.162Hz  target=10.043Hz  err=-17.119Hz  corr=-357.46W  u_ff=96.8W  PCAP→78W  power=77.3W
[PID] perf=27.166Hz  target=10.043Hz  err=-17.123Hz  corr=-357.53W  u_ff=96.8W  PCAP→78W  power=77.6W
[PID] perf=27.190Hz  target=10.043Hz  err=-17.147Hz  corr=-357.99W  u_ff=96.8W  PCAP→78W  power=78.4W
[PID] perf=27.152Hz  target=10.043Hz  err=-17.108Hz  corr=-357.27W  u_ff=96.8W  PCAP→78W  power=79.3W
[PID] perf=27.180Hz  target=10.043Hz  err=-17.137Hz  corr=-357.79W  u_ff=96.8W  PCAP→78W  power=79.0W
[PID] perf=27.197Hz  target=10.043Hz  err=-17.154Hz  corr=-358.11W  u_ff=96.8W  PCAP→78W  power=77.4W
[PID] perf=27.161Hz  target=10.043Hz  err=-17.118Hz  corr=-357.46W  u_ff=96.8W  PCAP→78W  power=76.5W
[PID] perf=27.176Hz  target=10.043Hz  err=-17.133Hz  corr=-357.73W  u_ff=96.8W  PCAP→78W  power=76.4W
[PID] perf=27.174Hz  target=10.043Hz  err=-17.131Hz  corr=-357.68W  u_ff=96.8W  PCAP→78W  power=77.3W
[PID] perf=27.147Hz  target=10.043Hz  err=-17.104Hz  corr=-357.18W  u_ff=96.8W  PCAP→78W  power=79.3W
[PID] perf=27.141Hz  target=10.043Hz  err=-17.098Hz  corr=-357.07W  u_ff=96.8W  PCAP→78W  power=79.2W
[PID] perf=27.214Hz  target=10.043Hz  err=-17.171Hz  corr=-358.43W  u_ff=96.8W  PCAP→78W  power=78.5W
[PID] perf=27.181Hz  target=10.043Hz  err=-17.138Hz  corr=-357.81W  u_ff=96.8W  PCAP→78W  power=76.3W
[PID] perf=27.232Hz  target=10.043Hz  err=-17.189Hz  corr=-358.76W  u_ff=96.8W  PCAP→78W  power=77.1W
[PID] perf=27.215Hz  target=10.043Hz  err=-17.172Hz  corr=-358.45W  u_ff=96.8W  PCAP→78W  power=78.0W
[PID] perf=27.253Hz  target=10.043Hz  err=-17.210Hz  corr=-359.16W  u_ff=96.8W  PCAP→78W  power=77.8W
[PID] perf=27.208Hz  target=10.043Hz  err=-17.165Hz  corr=-358.33W  u_ff=96.8W  PCAP→78W  power=76.8W
[PID] perf=27.242Hz  target=10.043Hz  err=-17.199Hz  corr=-358.94W  u_ff=96.8W  PCAP→78W  power=76.8W
[PID] perf=27.266Hz  target=10.043Hz  err=-17.223Hz  corr=-359.39W  u_ff=96.8W  PCAP→78W  power=77.9W
[PID] perf=27.235Hz  target=10.043Hz  err=-17.192Hz  corr=-358.81W  u_ff=96.8W  PCAP→78W  power=78.3W
[PID] perf=27.217Hz  target=10.043Hz  err=-17.174Hz  corr=-358.49W  u_ff=96.8W  PCAP→78W  power=78.7W
[PID] perf=27.245Hz  target=10.043Hz  err=-17.202Hz  corr=-359.00W  u_ff=96.8W  PCAP→78W  power=78.5W
[PID] perf=27.250Hz  target=10.043Hz  err=-17.207Hz  corr=-359.11W  u_ff=96.8W  PCAP→78W  power=78.8W
[PID] perf=27.218Hz  target=10.043Hz  err=-17.175Hz  corr=-358.51W  u_ff=96.8W  PCAP→78W  power=77.7W
[PID] perf=27.248Hz  target=10.043Hz  err=-17.205Hz  corr=-359.07W  u_ff=96.8W  PCAP→78W  power=77.8W
[PID] perf=27.233Hz  target=10.043Hz  err=-17.190Hz  corr=-358.78W  u_ff=96.8W  PCAP→78W  power=77.3W
[PID] perf=27.235Hz  target=10.043Hz  err=-17.192Hz  corr=-358.82W  u_ff=96.8W  PCAP→78W  power=76.4W
[PID] perf=27.206Hz  target=10.043Hz  err=-17.163Hz  corr=-358.28W  u_ff=96.8W  PCAP→78W  power=78.3W
[PID] perf=27.232Hz  target=10.043Hz  err=-17.188Hz  corr=-358.76W  u_ff=96.8W  PCAP→78W  power=79.2W
[PID] perf=27.272Hz  target=10.043Hz  err=-17.229Hz  corr=-359.51W  u_ff=96.8W  PCAP→78W  power=79.1W
[PID] perf=27.286Hz  target=10.043Hz  err=-17.242Hz  corr=-359.76W  u_ff=96.8W  PCAP→78W  power=77.9W
[PID] perf=27.262Hz  target=10.043Hz  err=-17.219Hz  corr=-359.31W  u_ff=96.8W  PCAP→78W  power=76.8W
[PID] perf=27.247Hz  target=10.043Hz  err=-17.204Hz  corr=-359.04W  u_ff=96.8W  PCAP→78W  power=77.0W
[PID] perf=27.249Hz  target=10.043Hz  err=-17.206Hz  corr=-359.08W  u_ff=96.8W  PCAP→78W  power=77.8W
[PID] perf=27.246Hz  target=10.043Hz  err=-17.203Hz  corr=-359.02W  u_ff=96.8W  PCAP→78W  power=78.0W
[PID] perf=27.247Hz  target=10.043Hz  err=-17.204Hz  corr=-359.04W  u_ff=96.8W  PCAP→78W  power=79.1W
[PID] perf=27.256Hz  target=10.043Hz  err=-17.213Hz  corr=-359.21W  u_ff=96.8W  PCAP→78W  power=78.4W
[PID] perf=27.256Hz  target=10.043Hz  err=-17.213Hz  corr=-359.22W  u_ff=96.8W  PCAP→78W  power=78.5W
[PID] perf=27.251Hz  target=10.043Hz  err=-17.208Hz  corr=-359.12W  u_ff=96.8W  PCAP→78W  power=76.8W
[PID] perf=27.271Hz  target=10.043Hz  err=-17.228Hz  corr=-359.49W  u_ff=96.8W  PCAP→78W  power=78.8W
[PID] perf=27.269Hz  target=10.043Hz  err=-17.226Hz  corr=-359.46W  u_ff=96.8W  PCAP→78W  power=79.4W
[PID] perf=27.259Hz  target=10.043Hz  err=-17.216Hz  corr=-359.26W  u_ff=96.8W  PCAP→78W  power=78.4W
[PID] perf=27.223Hz  target=10.043Hz  err=-17.180Hz  corr=-358.60W  u_ff=96.8W  PCAP→78W  power=78.0W
[PID] perf=27.231Hz  target=10.043Hz  err=-17.188Hz  corr=-358.75W  u_ff=96.8W  PCAP→78W  power=76.2W
[PID] perf=27.253Hz  target=10.043Hz  err=-17.210Hz  corr=-359.16W  u_ff=96.8W  PCAP→78W  power=77.3W
[PID] perf=27.236Hz  target=10.043Hz  err=-17.193Hz  corr=-358.83W  u_ff=96.8W  PCAP→78W  power=76.9W
[PID] perf=27.250Hz  target=10.043Hz  err=-17.207Hz  corr=-359.11W  u_ff=96.8W  PCAP→78W  power=79.4W
[PID] perf=27.234Hz  target=10.043Hz  err=-17.191Hz  corr=-358.81W  u_ff=96.8W  PCAP→78W  power=77.3W
[PID] perf=27.233Hz  target=10.043Hz  err=-17.190Hz  corr=-358.78W  u_ff=96.8W  PCAP→78W  power=77.6W
[PID] perf=27.210Hz  target=10.043Hz  err=-17.167Hz  corr=-358.35W  u_ff=96.8W  PCAP→78W  power=77.5W
[PID] perf=27.212Hz  target=10.043Hz  err=-17.169Hz  corr=-358.40W  u_ff=96.8W  PCAP→78W  power=78.9W
[PID] perf=27.242Hz  target=10.043Hz  err=-17.199Hz  corr=-358.95W  u_ff=96.8W  PCAP→78W  power=79.2W
[PID] perf=27.233Hz  target=10.043Hz  err=-17.190Hz  corr=-358.78W  u_ff=96.8W  PCAP→78W  power=79.3W
[PID] perf=27.213Hz  target=10.043Hz  err=-17.170Hz  corr=-358.41W  u_ff=96.8W  PCAP→78W  power=79.1W
[PID] perf=27.226Hz  target=10.043Hz  err=-17.183Hz  corr=-358.66W  u_ff=96.8W  PCAP→78W  power=77.6W
[PID] perf=27.245Hz  target=10.043Hz  err=-17.202Hz  corr=-359.00W  u_ff=96.8W  PCAP→78W  power=76.9W
[PID] perf=27.283Hz  target=10.043Hz  err=-17.240Hz  corr=-359.71W  u_ff=96.8W  PCAP→78W  power=76.9W
[PID] perf=27.241Hz  target=10.043Hz  err=-17.198Hz  corr=-358.93W  u_ff=96.8W  PCAP→78W  power=76.6W
[PID] perf=27.211Hz  target=10.043Hz  err=-17.168Hz  corr=-358.38W  u_ff=96.8W  PCAP→78W  power=77.2W
[PID] perf=27.204Hz  target=10.043Hz  err=-17.161Hz  corr=-358.24W  u_ff=96.8W  PCAP→78W  power=78.1W
[PID] perf=27.209Hz  target=10.043Hz  err=-17.166Hz  corr=-358.34W  u_ff=96.8W  PCAP→78W  power=78.0W
[PID] perf=27.216Hz  target=10.043Hz  err=-17.173Hz  corr=-358.47W  u_ff=96.8W  PCAP→78W  power=77.2W
[PID] perf=27.219Hz  target=10.043Hz  err=-17.176Hz  corr=-358.52W  u_ff=96.8W  PCAP→78W  power=78.9W
[PID] perf=27.178Hz  target=10.043Hz  err=-17.135Hz  corr=-357.75W  u_ff=96.8W  PCAP→78W  power=77.2W
[PID] perf=27.235Hz  target=10.043Hz  err=-17.192Hz  corr=-358.81W  u_ff=96.8W  PCAP→78W  power=79.4W
[PID] perf=27.201Hz  target=10.043Hz  err=-17.158Hz  corr=-358.19W  u_ff=96.8W  PCAP→78W  power=77.4W
[PID] perf=27.214Hz  target=10.043Hz  err=-17.171Hz  corr=-358.42W  u_ff=96.8W  PCAP→78W  power=76.7W
[PID] perf=27.240Hz  target=10.043Hz  err=-17.197Hz  corr=-358.91W  u_ff=96.8W  PCAP→78W  power=77.1W
Process completed.
Compressed into /home/cc/summer2024/main_codes/pid_controller/../experiment_data/PID_Control_sweep/ones-npb-cg/compressed_iteration_20260513_075409.tar
----------------------------------

>>> Step 3/3

[ones-npb-cg]
  target perf      : 10.0430 Hz
  coefficients_perf: [-0.0006547837485238978, 0.18607436314256556, -1.8317688501798497]
  feedforward PCAP : 96.77 W  →  95 W (snapped)
  Perf(u_ff) check : 10.0430 Hz  (should ≈ target)
  PID gains        : Kp=18.5447 W/Hz  Ki=1.85447 W/(Hz·s)  Kd=0.0000
[PID] Awaiting data — feedforward PCAP=95W
[PID] Awaiting data — feedforward PCAP=95W
[PID] Awaiting data — feedforward PCAP=95W
[PID] Awaiting data — feedforward PCAP=95W
[PID] Awaiting data — feedforward PCAP=95W
[PID] Awaiting data — feedforward PCAP=95W
[PID] perf=19.826Hz  target=10.043Hz  err=-9.783Hz  corr=-217.72W  u_ff=96.8W  PCAP→78W  power=nanW
[PID] perf=18.117Hz  target=10.043Hz  err=-8.074Hz  corr=-189.74W  u_ff=96.8W  PCAP→78W  power=78.4W
[PID] perf=18.121Hz  target=10.043Hz  err=-8.078Hz  corr=-189.80W  u_ff=96.8W  PCAP→78W  power=77.0W
[PID] perf=18.143Hz  target=10.043Hz  err=-8.100Hz  corr=-190.20W  u_ff=96.8W  PCAP→78W  power=77.9W
[PID] perf=18.133Hz  target=10.043Hz  err=-8.090Hz  corr=-190.03W  u_ff=96.8W  PCAP→78W  power=78.4W
[PID] perf=18.151Hz  target=10.043Hz  err=-8.108Hz  corr=-190.36W  u_ff=96.8W  PCAP→78W  power=79.4W
[PID] perf=18.154Hz  target=10.043Hz  err=-8.111Hz  corr=-190.42W  u_ff=96.8W  PCAP→78W  power=78.9W
[PID] perf=18.130Hz  target=10.043Hz  err=-8.087Hz  corr=-189.98W  u_ff=96.8W  PCAP→78W  power=77.8W
[PID] perf=18.126Hz  target=10.043Hz  err=-8.083Hz  corr=-189.89W  u_ff=96.8W  PCAP→78W  power=77.2W
[PID] perf=18.013Hz  target=10.043Hz  err=-7.970Hz  corr=-187.81W  u_ff=96.8W  PCAP→78W  power=77.9W
[PID] perf=18.136Hz  target=10.043Hz  err=-8.093Hz  corr=-190.08W  u_ff=96.8W  PCAP→78W  power=76.5W
[PID] perf=18.063Hz  target=10.043Hz  err=-8.020Hz  corr=-188.73W  u_ff=96.8W  PCAP→78W  power=77.8W
[PID] perf=18.129Hz  target=10.043Hz  err=-8.086Hz  corr=-189.96W  u_ff=96.8W  PCAP→78W  power=77.4W
[PID] perf=18.123Hz  target=10.043Hz  err=-8.080Hz  corr=-189.84W  u_ff=96.8W  PCAP→78W  power=78.2W
[PID] perf=18.147Hz  target=10.043Hz  err=-8.104Hz  corr=-190.29W  u_ff=96.8W  PCAP→78W  power=77.4W
[PID] perf=18.161Hz  target=10.043Hz  err=-8.118Hz  corr=-190.55W  u_ff=96.8W  PCAP→78W  power=76.7W
[PID] perf=29.453Hz  target=10.043Hz  err=-19.410Hz  corr=-399.94W  u_ff=96.8W  PCAP→78W  power=78.8W
[PID] perf=29.480Hz  target=10.043Hz  err=-19.437Hz  corr=-400.45W  u_ff=96.8W  PCAP→78W  power=77.1W
[PID] perf=29.537Hz  target=10.043Hz  err=-19.494Hz  corr=-401.52W  u_ff=96.8W  PCAP→78W  power=76.3W
[PID] perf=29.492Hz  target=10.043Hz  err=-19.449Hz  corr=-400.67W  u_ff=96.8W  PCAP→78W  power=78.9W
[PID] perf=29.420Hz  target=10.043Hz  err=-19.377Hz  corr=-399.33W  u_ff=96.8W  PCAP→78W  power=76.5W
[PID] perf=29.542Hz  target=10.043Hz  err=-19.499Hz  corr=-401.60W  u_ff=96.8W  PCAP→78W  power=77.6W
[PID] perf=29.523Hz  target=10.043Hz  err=-19.480Hz  corr=-401.25W  u_ff=96.8W  PCAP→78W  power=77.0W
[PID] perf=29.524Hz  target=10.043Hz  err=-19.481Hz  corr=-401.27W  u_ff=96.8W  PCAP→78W  power=76.9W
[PID] perf=29.522Hz  target=10.043Hz  err=-19.479Hz  corr=-401.23W  u_ff=96.8W  PCAP→78W  power=76.9W
[PID] perf=29.477Hz  target=10.043Hz  err=-19.434Hz  corr=-400.40W  u_ff=96.8W  PCAP→78W  power=78.2W
[PID] perf=29.493Hz  target=10.043Hz  err=-19.449Hz  corr=-400.68W  u_ff=96.8W  PCAP→78W  power=78.6W
[PID] perf=29.490Hz  target=10.043Hz  err=-19.447Hz  corr=-400.63W  u_ff=96.8W  PCAP→78W  power=77.2W
[PID] perf=29.505Hz  target=10.043Hz  err=-19.462Hz  corr=-400.92W  u_ff=96.8W  PCAP→78W  power=77.9W
[PID] perf=29.464Hz  target=10.043Hz  err=-19.421Hz  corr=-400.16W  u_ff=96.8W  PCAP→78W  power=78.5W
[PID] perf=29.481Hz  target=10.043Hz  err=-19.438Hz  corr=-400.48W  u_ff=96.8W  PCAP→78W  power=77.9W
[PID] perf=29.469Hz  target=10.043Hz  err=-19.426Hz  corr=-400.25W  u_ff=96.8W  PCAP→78W  power=78.8W
[PID] perf=29.473Hz  target=10.043Hz  err=-19.430Hz  corr=-400.32W  u_ff=96.8W  PCAP→78W  power=76.5W
[PID] perf=27.060Hz  target=10.043Hz  err=-17.017Hz  corr=-355.58W  u_ff=96.8W  PCAP→78W  power=77.7W
[PID] perf=27.110Hz  target=10.043Hz  err=-17.067Hz  corr=-356.50W  u_ff=96.8W  PCAP→78W  power=78.6W
[PID] perf=27.084Hz  target=10.043Hz  err=-17.041Hz  corr=-356.02W  u_ff=96.8W  PCAP→78W  power=77.0W
[PID] perf=27.217Hz  target=10.043Hz  err=-17.174Hz  corr=-358.49W  u_ff=96.8W  PCAP→78W  power=78.6W
[PID] perf=27.246Hz  target=10.043Hz  err=-17.203Hz  corr=-359.02W  u_ff=96.8W  PCAP→78W  power=77.8W
[PID] perf=27.275Hz  target=10.043Hz  err=-17.232Hz  corr=-359.56W  u_ff=96.8W  PCAP→78W  power=76.6W
[PID] perf=27.237Hz  target=10.043Hz  err=-17.194Hz  corr=-358.85W  u_ff=96.8W  PCAP→78W  power=76.4W
[PID] perf=27.227Hz  target=10.043Hz  err=-17.184Hz  corr=-358.67W  u_ff=96.8W  PCAP→78W  power=77.3W
[PID] perf=27.243Hz  target=10.043Hz  err=-17.200Hz  corr=-358.98W  u_ff=96.8W  PCAP→78W  power=78.3W
[PID] perf=27.275Hz  target=10.043Hz  err=-17.232Hz  corr=-359.56W  u_ff=96.8W  PCAP→78W  power=79.1W
[PID] perf=27.280Hz  target=10.043Hz  err=-17.237Hz  corr=-359.66W  u_ff=96.8W  PCAP→78W  power=79.4W
[PID] perf=27.292Hz  target=10.043Hz  err=-17.249Hz  corr=-359.88W  u_ff=96.8W  PCAP→78W  power=79.0W
[PID] perf=27.327Hz  target=10.043Hz  err=-17.284Hz  corr=-360.53W  u_ff=96.8W  PCAP→78W  power=77.0W
[PID] perf=27.312Hz  target=10.043Hz  err=-17.269Hz  corr=-360.24W  u_ff=96.8W  PCAP→78W  power=77.8W
[PID] perf=27.329Hz  target=10.043Hz  err=-17.286Hz  corr=-360.56W  u_ff=96.8W  PCAP→78W  power=78.7W
[PID] perf=27.315Hz  target=10.043Hz  err=-17.272Hz  corr=-360.30W  u_ff=96.8W  PCAP→78W  power=78.5W
[PID] perf=27.334Hz  target=10.043Hz  err=-17.291Hz  corr=-360.65W  u_ff=96.8W  PCAP→78W  power=79.0W
[PID] perf=27.336Hz  target=10.043Hz  err=-17.293Hz  corr=-360.69W  u_ff=96.8W  PCAP→78W  power=77.9W
[PID] perf=27.332Hz  target=10.043Hz  err=-17.289Hz  corr=-360.61W  u_ff=96.8W  PCAP→78W  power=77.0W
[PID] perf=27.344Hz  target=10.043Hz  err=-17.301Hz  corr=-360.84W  u_ff=96.8W  PCAP→78W  power=77.3W
[PID] perf=27.354Hz  target=10.043Hz  err=-17.311Hz  corr=-361.03W  u_ff=96.8W  PCAP→78W  power=77.6W
[PID] perf=27.357Hz  target=10.043Hz  err=-17.314Hz  corr=-361.08W  u_ff=96.8W  PCAP→78W  power=78.6W
[PID] perf=27.349Hz  target=10.043Hz  err=-17.306Hz  corr=-360.93W  u_ff=96.8W  PCAP→78W  power=78.2W
[PID] perf=27.243Hz  target=10.043Hz  err=-17.200Hz  corr=-358.96W  u_ff=96.8W  PCAP→78W  power=78.7W
[PID] perf=27.313Hz  target=10.043Hz  err=-17.270Hz  corr=-360.26W  u_ff=96.8W  PCAP→78W  power=78.8W
[PID] perf=27.166Hz  target=10.043Hz  err=-17.123Hz  corr=-357.54W  u_ff=96.8W  PCAP→78W  power=78.4W
[PID] perf=27.174Hz  target=10.043Hz  err=-17.131Hz  corr=-357.69W  u_ff=96.8W  PCAP→78W  power=77.9W
[PID] perf=27.202Hz  target=10.043Hz  err=-17.159Hz  corr=-358.22W  u_ff=96.8W  PCAP→78W  power=78.1W
[PID] perf=27.177Hz  target=10.043Hz  err=-17.134Hz  corr=-357.74W  u_ff=96.8W  PCAP→78W  power=79.0W
[PID] perf=27.132Hz  target=10.043Hz  err=-17.089Hz  corr=-356.92W  u_ff=96.8W  PCAP→78W  power=77.4W
[PID] perf=27.201Hz  target=10.043Hz  err=-17.158Hz  corr=-358.19W  u_ff=96.8W  PCAP→78W  power=77.5W
[PID] perf=27.175Hz  target=10.043Hz  err=-17.132Hz  corr=-357.71W  u_ff=96.8W  PCAP→78W  power=76.6W
[PID] perf=27.169Hz  target=10.043Hz  err=-17.126Hz  corr=-357.59W  u_ff=96.8W  PCAP→78W  power=78.3W
[PID] perf=27.224Hz  target=10.043Hz  err=-17.181Hz  corr=-358.62W  u_ff=96.8W  PCAP→78W  power=78.5W
[PID] perf=27.226Hz  target=10.043Hz  err=-17.183Hz  corr=-358.65W  u_ff=96.8W  PCAP→78W  power=76.4W
[PID] perf=27.211Hz  target=10.043Hz  err=-17.168Hz  corr=-358.38W  u_ff=96.8W  PCAP→78W  power=76.7W
[PID] perf=27.212Hz  target=10.043Hz  err=-17.169Hz  corr=-358.38W  u_ff=96.8W  PCAP→78W  power=77.8W
[PID] perf=27.203Hz  target=10.043Hz  err=-17.160Hz  corr=-358.23W  u_ff=96.8W  PCAP→78W  power=77.3W
[PID] perf=27.214Hz  target=10.043Hz  err=-17.171Hz  corr=-358.43W  u_ff=96.8W  PCAP→78W  power=78.4W
[PID] perf=27.183Hz  target=10.043Hz  err=-17.140Hz  corr=-357.86W  u_ff=96.8W  PCAP→78W  power=77.6W
[PID] perf=27.188Hz  target=10.043Hz  err=-17.145Hz  corr=-357.95W  u_ff=96.8W  PCAP→78W  power=77.4W
[PID] perf=27.183Hz  target=10.043Hz  err=-17.140Hz  corr=-357.85W  u_ff=96.8W  PCAP→78W  power=76.6W
[PID] perf=27.184Hz  target=10.043Hz  err=-17.141Hz  corr=-357.87W  u_ff=96.8W  PCAP→78W  power=77.1W
[PID] perf=27.225Hz  target=10.043Hz  err=-17.182Hz  corr=-358.63W  u_ff=96.8W  PCAP→78W  power=77.3W
[PID] perf=27.196Hz  target=10.043Hz  err=-17.153Hz  corr=-358.10W  u_ff=96.8W  PCAP→78W  power=76.6W
[PID] perf=27.145Hz  target=10.043Hz  err=-17.101Hz  corr=-357.14W  u_ff=96.8W  PCAP→78W  power=77.1W
[PID] perf=27.170Hz  target=10.043Hz  err=-17.127Hz  corr=-357.61W  u_ff=96.8W  PCAP→78W  power=76.6W
[PID] perf=27.191Hz  target=10.043Hz  err=-17.148Hz  corr=-358.01W  u_ff=96.8W  PCAP→78W  power=77.7W
[PID] perf=27.126Hz  target=10.043Hz  err=-17.083Hz  corr=-356.80W  u_ff=96.8W  PCAP→78W  power=76.5W
[PID] perf=27.116Hz  target=10.043Hz  err=-17.073Hz  corr=-356.61W  u_ff=96.8W  PCAP→78W  power=77.2W
[PID] perf=27.198Hz  target=10.043Hz  err=-17.155Hz  corr=-358.13W  u_ff=96.8W  PCAP→78W  power=77.2W
[PID] perf=27.204Hz  target=10.043Hz  err=-17.161Hz  corr=-358.24W  u_ff=96.8W  PCAP→78W  power=77.5W
[PID] perf=27.183Hz  target=10.043Hz  err=-17.140Hz  corr=-357.86W  u_ff=96.8W  PCAP→78W  power=79.3W
[PID] perf=27.141Hz  target=10.043Hz  err=-17.097Hz  corr=-357.07W  u_ff=96.8W  PCAP→78W  power=77.3W
[PID] perf=27.169Hz  target=10.043Hz  err=-17.126Hz  corr=-357.60W  u_ff=96.8W  PCAP→78W  power=77.1W
[PID] perf=27.172Hz  target=10.043Hz  err=-17.129Hz  corr=-357.65W  u_ff=96.8W  PCAP→78W  power=77.9W
[PID] perf=27.197Hz  target=10.043Hz  err=-17.154Hz  corr=-358.11W  u_ff=96.8W  PCAP→78W  power=78.0W
[PID] perf=27.173Hz  target=10.043Hz  err=-17.130Hz  corr=-357.67W  u_ff=96.8W  PCAP→78W  power=77.6W
[PID] perf=27.173Hz  target=10.043Hz  err=-17.130Hz  corr=-357.67W  u_ff=96.8W  PCAP→78W  power=77.6W
[PID] perf=27.230Hz  target=10.043Hz  err=-17.187Hz  corr=-358.73W  u_ff=96.8W  PCAP→78W  power=78.5W
[PID] perf=27.157Hz  target=10.043Hz  err=-17.114Hz  corr=-357.38W  u_ff=96.8W  PCAP→78W  power=77.4W
[PID] perf=27.157Hz  target=10.043Hz  err=-17.114Hz  corr=-357.38W  u_ff=96.8W  PCAP→78W  power=79.3W
[PID] perf=27.164Hz  target=10.043Hz  err=-17.121Hz  corr=-357.51W  u_ff=96.8W  PCAP→78W  power=78.1W
[PID] perf=27.186Hz  target=10.043Hz  err=-17.143Hz  corr=-357.91W  u_ff=96.8W  PCAP→78W  power=77.5W
[PID] perf=27.218Hz  target=10.043Hz  err=-17.175Hz  corr=-358.50W  u_ff=96.8W  PCAP→78W  power=78.2W
[PID] perf=27.194Hz  target=10.043Hz  err=-17.151Hz  corr=-358.06W  u_ff=96.8W  PCAP→78W  power=78.8W
[PID] perf=27.198Hz  target=10.043Hz  err=-17.155Hz  corr=-358.13W  u_ff=96.8W  PCAP→78W  power=77.6W
[PID] perf=24.608Hz  target=10.043Hz  err=-14.565Hz  corr=-310.11W  u_ff=96.8W  PCAP→78W  power=76.6W
[PID] perf=24.840Hz  target=10.043Hz  err=-14.797Hz  corr=-314.41W  u_ff=96.8W  PCAP→78W  power=77.7W
[PID] perf=24.936Hz  target=10.043Hz  err=-14.893Hz  corr=-316.18W  u_ff=96.8W  PCAP→78W  power=78.3W
[PID] perf=24.953Hz  target=10.043Hz  err=-14.910Hz  corr=-316.50W  u_ff=96.8W  PCAP→78W  power=78.0W
[PID] perf=24.985Hz  target=10.043Hz  err=-14.942Hz  corr=-317.09W  u_ff=96.8W  PCAP→78W  power=78.4W
[PID] perf=24.947Hz  target=10.043Hz  err=-14.904Hz  corr=-316.39W  u_ff=96.8W  PCAP→78W  power=77.9W
[PID] perf=24.947Hz  target=10.043Hz  err=-14.904Hz  corr=-316.38W  u_ff=96.8W  PCAP→78W  power=77.5W
[PID] perf=24.949Hz  target=10.043Hz  err=-14.906Hz  corr=-316.43W  u_ff=96.8W  PCAP→78W  power=77.4W
[PID] perf=24.949Hz  target=10.043Hz  err=-14.906Hz  corr=-316.43W  u_ff=96.8W  PCAP→78W  power=76.9W
[PID] perf=24.956Hz  target=10.043Hz  err=-14.913Hz  corr=-316.56W  u_ff=96.8W  PCAP→78W  power=77.1W
[PID] perf=24.971Hz  target=10.043Hz  err=-14.928Hz  corr=-316.84W  u_ff=96.8W  PCAP→78W  power=76.5W
[PID] perf=24.969Hz  target=10.043Hz  err=-14.926Hz  corr=-316.79W  u_ff=96.8W  PCAP→78W  power=76.6W
[PID] perf=24.980Hz  target=10.043Hz  err=-14.937Hz  corr=-317.00W  u_ff=96.8W  PCAP→78W  power=77.5W
[PID] perf=24.973Hz  target=10.043Hz  err=-14.930Hz  corr=-316.87W  u_ff=96.8W  PCAP→78W  power=75.9W
[PID] perf=24.992Hz  target=10.043Hz  err=-14.949Hz  corr=-317.22W  u_ff=96.8W  PCAP→78W  power=77.3W
[PID] perf=24.957Hz  target=10.043Hz  err=-14.914Hz  corr=-316.58W  u_ff=96.8W  PCAP→78W  power=77.6W
[PID] perf=24.949Hz  target=10.043Hz  err=-14.906Hz  corr=-316.43W  u_ff=96.8W  PCAP→78W  power=78.0W
[PID] perf=25.286Hz  target=10.043Hz  err=-15.243Hz  corr=-322.68W  u_ff=96.8W  PCAP→78W  power=77.4W
[PID] perf=25.742Hz  target=10.043Hz  err=-15.699Hz  corr=-331.14W  u_ff=96.8W  PCAP→78W  power=77.2W
[PID] perf=25.799Hz  target=10.043Hz  err=-15.756Hz  corr=-332.18W  u_ff=96.8W  PCAP→78W  power=76.2W
[PID] perf=25.762Hz  target=10.043Hz  err=-15.719Hz  corr=-331.49W  u_ff=96.8W  PCAP→78W  power=77.6W
[PID] perf=25.767Hz  target=10.043Hz  err=-15.724Hz  corr=-331.60W  u_ff=96.8W  PCAP→78W  power=77.2W
[PID] perf=25.752Hz  target=10.043Hz  err=-15.709Hz  corr=-331.31W  u_ff=96.8W  PCAP→78W  power=78.0W
[PID] perf=25.753Hz  target=10.043Hz  err=-15.710Hz  corr=-331.34W  u_ff=96.8W  PCAP→78W  power=78.5W
[PID] perf=25.784Hz  target=10.043Hz  err=-15.741Hz  corr=-331.90W  u_ff=96.8W  PCAP→78W  power=79.3W
[PID] perf=25.779Hz  target=10.043Hz  err=-15.736Hz  corr=-331.82W  u_ff=96.8W  PCAP→78W  power=76.8W
[PID] perf=25.780Hz  target=10.043Hz  err=-15.737Hz  corr=-331.84W  u_ff=96.8W  PCAP→78W  power=77.6W
[PID] perf=25.760Hz  target=10.043Hz  err=-15.717Hz  corr=-331.47W  u_ff=96.8W  PCAP→78W  power=77.6W
[PID] perf=25.750Hz  target=10.043Hz  err=-15.707Hz  corr=-331.29W  u_ff=96.8W  PCAP→78W  power=77.8W
[PID] perf=25.739Hz  target=10.043Hz  err=-15.696Hz  corr=-331.08W  u_ff=96.8W  PCAP→78W  power=79.3W
[PID] perf=25.502Hz  target=10.043Hz  err=-15.459Hz  corr=-326.68W  u_ff=96.8W  PCAP→78W  power=77.3W
[PID] perf=26.050Hz  target=10.043Hz  err=-16.007Hz  corr=-336.84W  u_ff=96.8W  PCAP→78W  power=77.7W
[PID] perf=26.103Hz  target=10.043Hz  err=-16.060Hz  corr=-337.82W  u_ff=96.8W  PCAP→78W  power=78.3W
[PID] perf=26.090Hz  target=10.043Hz  err=-16.047Hz  corr=-337.58W  u_ff=96.8W  PCAP→78W  power=79.4W
[PID] perf=26.107Hz  target=10.043Hz  err=-16.064Hz  corr=-337.90W  u_ff=96.8W  PCAP→78W  power=77.0W
[PID] perf=26.110Hz  target=10.043Hz  err=-16.067Hz  corr=-337.96W  u_ff=96.8W  PCAP→78W  power=78.4W
[PID] perf=26.125Hz  target=10.043Hz  err=-16.082Hz  corr=-338.23W  u_ff=96.8W  PCAP→78W  power=78.7W
[PID] perf=26.124Hz  target=10.043Hz  err=-16.081Hz  corr=-338.21W  u_ff=96.8W  PCAP→78W  power=78.5W
[PID] perf=26.131Hz  target=10.043Hz  err=-16.088Hz  corr=-338.34W  u_ff=96.8W  PCAP→78W  power=78.2W
[PID] perf=26.125Hz  target=10.043Hz  err=-16.082Hz  corr=-338.24W  u_ff=96.8W  PCAP→78W  power=78.2W
[PID] perf=26.083Hz  target=10.043Hz  err=-16.040Hz  corr=-337.46W  u_ff=96.8W  PCAP→78W  power=78.2W
[PID] perf=26.121Hz  target=10.043Hz  err=-16.078Hz  corr=-338.16W  u_ff=96.8W  PCAP→78W  power=77.6W
[PID] perf=26.112Hz  target=10.043Hz  err=-16.069Hz  corr=-338.00W  u_ff=96.8W  PCAP→78W  power=77.0W
[PID] perf=26.097Hz  target=10.043Hz  err=-16.054Hz  corr=-337.71W  u_ff=96.8W  PCAP→78W  power=77.3W
[PID] perf=26.717Hz  target=10.043Hz  err=-16.674Hz  corr=-349.22W  u_ff=96.8W  PCAP→78W  power=77.7W
[PID] perf=26.824Hz  target=10.043Hz  err=-16.781Hz  corr=-351.19W  u_ff=96.8W  PCAP→78W  power=77.1W
[PID] perf=26.845Hz  target=10.043Hz  err=-16.802Hz  corr=-351.58W  u_ff=96.8W  PCAP→78W  power=77.3W
[PID] perf=26.843Hz  target=10.043Hz  err=-16.800Hz  corr=-351.55W  u_ff=96.8W  PCAP→78W  power=77.5W
[PID] perf=26.868Hz  target=10.043Hz  err=-16.825Hz  corr=-352.01W  u_ff=96.8W  PCAP→78W  power=78.9W
[PID] perf=26.745Hz  target=10.043Hz  err=-16.702Hz  corr=-349.74W  u_ff=96.8W  PCAP→78W  power=79.2W
[PID] perf=26.500Hz  target=10.043Hz  err=-16.457Hz  corr=-345.19W  u_ff=96.8W  PCAP→78W  power=77.4W
[PID] perf=26.529Hz  target=10.043Hz  err=-16.486Hz  corr=-345.72W  u_ff=96.8W  PCAP→78W  power=76.7W
[PID] perf=26.555Hz  target=10.043Hz  err=-16.512Hz  corr=-346.22W  u_ff=96.8W  PCAP→78W  power=78.9W
[PID] perf=26.537Hz  target=10.043Hz  err=-16.494Hz  corr=-345.87W  u_ff=96.8W  PCAP→78W  power=77.7W
[PID] perf=26.525Hz  target=10.043Hz  err=-16.482Hz  corr=-345.66W  u_ff=96.8W  PCAP→78W  power=77.7W
[PID] perf=26.544Hz  target=10.043Hz  err=-16.501Hz  corr=-346.01W  u_ff=96.8W  PCAP→78W  power=78.5W
[PID] perf=26.568Hz  target=10.043Hz  err=-16.525Hz  corr=-346.46W  u_ff=96.8W  PCAP→78W  power=78.6W
[PID] perf=26.945Hz  target=10.043Hz  err=-16.902Hz  corr=-353.44W  u_ff=96.8W  PCAP→78W  power=79.1W
[PID] perf=27.560Hz  target=10.043Hz  err=-17.517Hz  corr=-364.85W  u_ff=96.8W  PCAP→78W  power=76.9W
[PID] perf=27.589Hz  target=10.043Hz  err=-17.546Hz  corr=-365.38W  u_ff=96.8W  PCAP→78W  power=78.6W
[PID] perf=27.588Hz  target=10.043Hz  err=-17.545Hz  corr=-365.37W  u_ff=96.8W  PCAP→78W  power=77.6W
[PID] perf=27.551Hz  target=10.043Hz  err=-17.508Hz  corr=-364.69W  u_ff=96.8W  PCAP→78W  power=77.1W
[PID] perf=27.084Hz  target=10.043Hz  err=-17.041Hz  corr=-356.03W  u_ff=96.8W  PCAP→78W  power=77.5W
[PID] perf=27.011Hz  target=10.043Hz  err=-16.967Hz  corr=-354.66W  u_ff=96.8W  PCAP→78W  power=78.4W
[PID] perf=26.989Hz  target=10.043Hz  err=-16.945Hz  corr=-354.25W  u_ff=96.8W  PCAP→78W  power=77.1W
[PID] perf=27.128Hz  target=10.043Hz  err=-17.085Hz  corr=-356.83W  u_ff=96.8W  PCAP→78W  power=76.9W
[PID] perf=27.119Hz  target=10.043Hz  err=-17.076Hz  corr=-356.68W  u_ff=96.8W  PCAP→78W  power=77.2W
[PID] perf=27.141Hz  target=10.043Hz  err=-17.098Hz  corr=-357.07W  u_ff=96.8W  PCAP→78W  power=78.1W
[PID] perf=27.163Hz  target=10.043Hz  err=-17.120Hz  corr=-357.49W  u_ff=96.8W  PCAP→78W  power=78.3W
[PID] perf=27.555Hz  target=10.043Hz  err=-17.512Hz  corr=-364.75W  u_ff=96.8W  PCAP→78W  power=78.7W
[PID] perf=27.536Hz  target=10.043Hz  err=-17.493Hz  corr=-364.40W  u_ff=96.8W  PCAP→78W  power=78.9W
[PID] perf=27.554Hz  target=10.043Hz  err=-17.511Hz  corr=-364.74W  u_ff=96.8W  PCAP→78W  power=77.7W
[PID] perf=27.527Hz  target=10.043Hz  err=-17.483Hz  corr=-364.23W  u_ff=96.8W  PCAP→78W  power=77.3W
[PID] perf=27.542Hz  target=10.043Hz  err=-17.499Hz  corr=-364.51W  u_ff=96.8W  PCAP→78W  power=78.0W
[PID] perf=27.520Hz  target=10.043Hz  err=-17.477Hz  corr=-364.10W  u_ff=96.8W  PCAP→78W  power=76.3W
[PID] perf=27.499Hz  target=10.043Hz  err=-17.456Hz  corr=-363.72W  u_ff=96.8W  PCAP→78W  power=76.4W
[PID] perf=27.530Hz  target=10.043Hz  err=-17.487Hz  corr=-364.29W  u_ff=96.8W  PCAP→78W  power=78.5W
[PID] perf=27.542Hz  target=10.043Hz  err=-17.499Hz  corr=-364.51W  u_ff=96.8W  PCAP→78W  power=76.4W
[PID] perf=27.543Hz  target=10.043Hz  err=-17.500Hz  corr=-364.52W  u_ff=96.8W  PCAP→78W  power=76.9W
[PID] perf=26.964Hz  target=10.043Hz  err=-16.921Hz  corr=-353.80W  u_ff=96.8W  PCAP→78W  power=76.0W
[PID] perf=26.953Hz  target=10.043Hz  err=-16.910Hz  corr=-353.60W  u_ff=96.8W  PCAP→78W  power=76.8W
[PID] perf=27.541Hz  target=10.043Hz  err=-17.498Hz  corr=-364.50W  u_ff=96.8W  PCAP→78W  power=76.8W
[PID] perf=27.614Hz  target=10.043Hz  err=-17.571Hz  corr=-365.85W  u_ff=96.8W  PCAP→78W  power=75.7W
[PID] perf=27.604Hz  target=10.043Hz  err=-17.561Hz  corr=-365.67W  u_ff=96.8W  PCAP→78W  power=78.8W
[PID] perf=27.620Hz  target=10.043Hz  err=-17.577Hz  corr=-365.96W  u_ff=96.8W  PCAP→78W  power=77.7W
[PID] perf=27.618Hz  target=10.043Hz  err=-17.575Hz  corr=-365.92W  u_ff=96.8W  PCAP→78W  power=78.3W
[PID] perf=27.605Hz  target=10.043Hz  err=-17.562Hz  corr=-365.69W  u_ff=96.8W  PCAP→78W  power=77.0W
[PID] perf=27.615Hz  target=10.043Hz  err=-17.572Hz  corr=-365.86W  u_ff=96.8W  PCAP→78W  power=77.2W
[PID] perf=27.622Hz  target=10.043Hz  err=-17.579Hz  corr=-365.99W  u_ff=96.8W  PCAP→78W  power=76.9W
[PID] perf=27.605Hz  target=10.043Hz  err=-17.562Hz  corr=-365.69W  u_ff=96.8W  PCAP→78W  power=77.2W
[PID] perf=27.619Hz  target=10.043Hz  err=-17.576Hz  corr=-365.94W  u_ff=96.8W  PCAP→78W  power=78.3W
[PID] perf=27.591Hz  target=10.043Hz  err=-17.548Hz  corr=-365.43W  u_ff=96.8W  PCAP→78W  power=78.4W
[PID] perf=27.614Hz  target=10.043Hz  err=-17.571Hz  corr=-365.85W  u_ff=96.8W  PCAP→78W  power=77.5W
[PID] perf=27.585Hz  target=10.043Hz  err=-17.542Hz  corr=-365.31W  u_ff=96.8W  PCAP→78W  power=78.0W
[PID] perf=27.561Hz  target=10.043Hz  err=-17.518Hz  corr=-364.87W  u_ff=96.8W  PCAP→78W  power=78.6W
[PID] perf=27.601Hz  target=10.043Hz  err=-17.557Hz  corr=-365.60W  u_ff=96.8W  PCAP→78W  power=77.2W
[PID] perf=27.572Hz  target=10.043Hz  err=-17.529Hz  corr=-365.07W  u_ff=96.8W  PCAP→78W  power=77.2W
[PID] perf=27.531Hz  target=10.043Hz  err=-17.488Hz  corr=-364.31W  u_ff=96.8W  PCAP→78W  power=77.7W
[PID] perf=27.593Hz  target=10.043Hz  err=-17.550Hz  corr=-365.46W  u_ff=96.8W  PCAP→78W  power=77.2W
[PID] perf=27.569Hz  target=10.043Hz  err=-17.526Hz  corr=-365.02W  u_ff=96.8W  PCAP→78W  power=78.0W
[PID] perf=27.591Hz  target=10.043Hz  err=-17.548Hz  corr=-365.41W  u_ff=96.8W  PCAP→78W  power=77.3W
[PID] perf=27.620Hz  target=10.043Hz  err=-17.577Hz  corr=-365.95W  u_ff=96.8W  PCAP→78W  power=76.8W
[PID] perf=27.571Hz  target=10.043Hz  err=-17.528Hz  corr=-365.05W  u_ff=96.8W  PCAP→78W  power=77.9W
[PID] perf=27.605Hz  target=10.043Hz  err=-17.562Hz  corr=-365.67W  u_ff=96.8W  PCAP→78W  power=77.2W
[PID] perf=27.639Hz  target=10.043Hz  err=-17.596Hz  corr=-366.30W  u_ff=96.8W  PCAP→78W  power=78.1W
[PID] perf=27.605Hz  target=10.043Hz  err=-17.562Hz  corr=-365.68W  u_ff=96.8W  PCAP→78W  power=78.2W
[PID] perf=27.595Hz  target=10.043Hz  err=-17.552Hz  corr=-365.50W  u_ff=96.8W  PCAP→78W  power=78.5W
[PID] perf=27.570Hz  target=10.043Hz  err=-17.527Hz  corr=-365.03W  u_ff=96.8W  PCAP→78W  power=78.9W
[PID] perf=27.521Hz  target=10.043Hz  err=-17.478Hz  corr=-364.13W  u_ff=96.8W  PCAP→78W  power=78.9W
[PID] perf=27.595Hz  target=10.043Hz  err=-17.552Hz  corr=-365.49W  u_ff=96.8W  PCAP→78W  power=76.9W
[PID] perf=27.617Hz  target=10.043Hz  err=-17.574Hz  corr=-365.91W  u_ff=96.8W  PCAP→78W  power=78.0W
[PID] perf=27.566Hz  target=10.043Hz  err=-17.523Hz  corr=-364.96W  u_ff=96.8W  PCAP→78W  power=76.9W
[PID] perf=27.609Hz  target=10.043Hz  err=-17.566Hz  corr=-365.76W  u_ff=96.8W  PCAP→78W  power=77.8W
[PID] perf=27.240Hz  target=10.043Hz  err=-17.197Hz  corr=-358.91W  u_ff=96.8W  PCAP→78W  power=77.1W
[PID] perf=27.598Hz  target=10.043Hz  err=-17.555Hz  corr=-365.55W  u_ff=96.8W  PCAP→78W  power=76.8W
[PID] perf=27.622Hz  target=10.043Hz  err=-17.579Hz  corr=-365.99W  u_ff=96.8W  PCAP→78W  power=76.8W
[PID] perf=27.654Hz  target=10.043Hz  err=-17.611Hz  corr=-366.60W  u_ff=96.8W  PCAP→78W  power=76.9W
[PID] perf=27.617Hz  target=10.043Hz  err=-17.574Hz  corr=-365.91W  u_ff=96.8W  PCAP→78W  power=77.1W
[PID] perf=27.662Hz  target=10.043Hz  err=-17.619Hz  corr=-366.74W  u_ff=96.8W  PCAP→78W  power=78.3W
[PID] perf=27.666Hz  target=10.043Hz  err=-17.623Hz  corr=-366.82W  u_ff=96.8W  PCAP→78W  power=76.2W
[PID] perf=27.637Hz  target=10.043Hz  err=-17.594Hz  corr=-366.27W  u_ff=96.8W  PCAP→78W  power=76.8W
[PID] perf=27.655Hz  target=10.043Hz  err=-17.612Hz  corr=-366.61W  u_ff=96.8W  PCAP→78W  power=77.9W
[PID] perf=27.617Hz  target=10.043Hz  err=-17.574Hz  corr=-365.90W  u_ff=96.8W  PCAP→78W  power=77.3W
[PID] perf=27.629Hz  target=10.043Hz  err=-17.586Hz  corr=-366.13W  u_ff=96.8W  PCAP→78W  power=77.0W
[PID] perf=27.612Hz  target=10.043Hz  err=-17.569Hz  corr=-365.81W  u_ff=96.8W  PCAP→78W  power=76.5W
[PID] perf=27.632Hz  target=10.043Hz  err=-17.589Hz  corr=-366.19W  u_ff=96.8W  PCAP→78W  power=77.6W
[PID] perf=27.593Hz  target=10.043Hz  err=-17.550Hz  corr=-365.46W  u_ff=96.8W  PCAP→78W  power=78.5W
[PID] perf=27.629Hz  target=10.043Hz  err=-17.586Hz  corr=-366.12W  u_ff=96.8W  PCAP→78W  power=79.0W
[PID] perf=27.665Hz  target=10.043Hz  err=-17.622Hz  corr=-366.79W  u_ff=96.8W  PCAP→78W  power=77.4W
[PID] perf=27.650Hz  target=10.043Hz  err=-17.607Hz  corr=-366.52W  u_ff=96.8W  PCAP→78W  power=78.8W
[PID] perf=27.676Hz  target=10.043Hz  err=-17.633Hz  corr=-367.00W  u_ff=96.8W  PCAP→78W  power=77.7W
[PID] perf=27.658Hz  target=10.043Hz  err=-17.615Hz  corr=-366.66W  u_ff=96.8W  PCAP→78W  power=78.2W
[PID] perf=27.629Hz  target=10.043Hz  err=-17.585Hz  corr=-366.12W  u_ff=96.8W  PCAP→78W  power=78.3W
[PID] perf=27.657Hz  target=10.043Hz  err=-17.614Hz  corr=-366.65W  u_ff=96.8W  PCAP→78W  power=78.6W
[PID] perf=27.618Hz  target=10.043Hz  err=-17.575Hz  corr=-365.92W  u_ff=96.8W  PCAP→78W  power=78.2W
[PID] perf=27.626Hz  target=10.043Hz  err=-17.583Hz  corr=-366.07W  u_ff=96.8W  PCAP→78W  power=78.8W
[PID] perf=27.644Hz  target=10.043Hz  err=-17.601Hz  corr=-366.40W  u_ff=96.8W  PCAP→78W  power=79.4W
[PID] perf=27.668Hz  target=10.043Hz  err=-17.625Hz  corr=-366.86W  u_ff=96.8W  PCAP→78W  power=78.7W
[PID] perf=27.668Hz  target=10.043Hz  err=-17.625Hz  corr=-366.85W  u_ff=96.8W  PCAP→78W  power=78.4W
[PID] perf=27.647Hz  target=10.043Hz  err=-17.604Hz  corr=-366.45W  u_ff=96.8W  PCAP→78W  power=78.2W
[PID] perf=27.667Hz  target=10.043Hz  err=-17.624Hz  corr=-366.83W  u_ff=96.8W  PCAP→78W  power=78.1W
[PID] perf=27.659Hz  target=10.043Hz  err=-17.616Hz  corr=-366.67W  u_ff=96.8W  PCAP→78W  power=79.0W
[PID] perf=27.655Hz  target=10.043Hz  err=-17.612Hz  corr=-366.61W  u_ff=96.8W  PCAP→78W  power=78.3W
[PID] perf=27.622Hz  target=10.043Hz  err=-17.579Hz  corr=-366.00W  u_ff=96.8W  PCAP→78W  power=78.9W
[PID] perf=28.100Hz  target=10.043Hz  err=-18.057Hz  corr=-374.86W  u_ff=96.8W  PCAP→78W  power=78.9W
[PID] perf=28.121Hz  target=10.043Hz  err=-18.078Hz  corr=-375.26W  u_ff=96.8W  PCAP→78W  power=78.4W
[PID] perf=28.129Hz  target=10.043Hz  err=-18.086Hz  corr=-375.40W  u_ff=96.8W  PCAP→78W  power=78.6W
[PID] perf=28.144Hz  target=10.043Hz  err=-18.101Hz  corr=-375.68W  u_ff=96.8W  PCAP→78W  power=77.2W
[PID] perf=28.164Hz  target=10.043Hz  err=-18.121Hz  corr=-376.05W  u_ff=96.8W  PCAP→78W  power=78.7W
[PID] perf=28.157Hz  target=10.043Hz  err=-18.114Hz  corr=-375.92W  u_ff=96.8W  PCAP→78W  power=77.2W
[PID] perf=28.176Hz  target=10.043Hz  err=-18.133Hz  corr=-376.27W  u_ff=96.8W  PCAP→78W  power=77.5W
[PID] perf=28.180Hz  target=10.043Hz  err=-18.137Hz  corr=-376.34W  u_ff=96.8W  PCAP→78W  power=77.6W
[PID] perf=28.155Hz  target=10.043Hz  err=-18.112Hz  corr=-375.88W  u_ff=96.8W  PCAP→78W  power=77.1W
[PID] perf=28.158Hz  target=10.043Hz  err=-18.115Hz  corr=-375.94W  u_ff=96.8W  PCAP→78W  power=76.1W
[PID] perf=28.137Hz  target=10.043Hz  err=-18.094Hz  corr=-375.54W  u_ff=96.8W  PCAP→78W  power=76.0W
[PID] perf=28.126Hz  target=10.043Hz  err=-18.083Hz  corr=-375.35W  u_ff=96.8W  PCAP→78W  power=78.7W
[PID] perf=28.170Hz  target=10.043Hz  err=-18.127Hz  corr=-376.15W  u_ff=96.8W  PCAP→78W  power=78.6W
[PID] perf=28.149Hz  target=10.043Hz  err=-18.106Hz  corr=-375.78W  u_ff=96.8W  PCAP→78W  power=78.9W
[PID] perf=28.159Hz  target=10.043Hz  err=-18.116Hz  corr=-375.95W  u_ff=96.8W  PCAP→78W  power=78.0W
[PID] perf=28.155Hz  target=10.043Hz  err=-18.112Hz  corr=-375.88W  u_ff=96.8W  PCAP→78W  power=78.9W
[PID] perf=28.118Hz  target=10.043Hz  err=-18.075Hz  corr=-375.19W  u_ff=96.8W  PCAP→78W  power=79.1W
[PID] perf=28.139Hz  target=10.043Hz  err=-18.096Hz  corr=-375.58W  u_ff=96.8W  PCAP→78W  power=78.2W
[PID] perf=28.099Hz  target=10.043Hz  err=-18.056Hz  corr=-374.83W  u_ff=96.8W  PCAP→78W  power=78.7W
[PID] perf=28.109Hz  target=10.043Hz  err=-18.066Hz  corr=-375.03W  u_ff=96.8W  PCAP→78W  power=79.2W
[PID] perf=28.145Hz  target=10.043Hz  err=-18.102Hz  corr=-375.70W  u_ff=96.8W  PCAP→78W  power=76.8W
[PID] perf=28.149Hz  target=10.043Hz  err=-18.106Hz  corr=-375.77W  u_ff=96.8W  PCAP→78W  power=77.0W
[PID] perf=28.142Hz  target=10.043Hz  err=-18.099Hz  corr=-375.65W  u_ff=96.8W  PCAP→78W  power=77.5W
[PID] perf=28.131Hz  target=10.043Hz  err=-18.088Hz  corr=-375.44W  u_ff=96.8W  PCAP→78W  power=78.2W
[PID] perf=28.151Hz  target=10.043Hz  err=-18.108Hz  corr=-375.81W  u_ff=96.8W  PCAP→78W  power=77.3W
[PID] perf=28.140Hz  target=10.043Hz  err=-18.097Hz  corr=-375.61W  u_ff=96.8W  PCAP→78W  power=76.7W
[PID] perf=28.129Hz  target=10.043Hz  err=-18.086Hz  corr=-375.40W  u_ff=96.8W  PCAP→78W  power=77.3W
[PID] perf=28.154Hz  target=10.043Hz  err=-18.111Hz  corr=-375.86W  u_ff=96.8W  PCAP→78W  power=76.7W
[PID] perf=28.205Hz  target=10.043Hz  err=-18.162Hz  corr=-376.80W  u_ff=96.8W  PCAP→78W  power=76.2W
[PID] perf=28.213Hz  target=10.043Hz  err=-18.170Hz  corr=-376.95W  u_ff=96.8W  PCAP→78W  power=76.3W
[PID] perf=28.175Hz  target=10.043Hz  err=-18.132Hz  corr=-376.25W  u_ff=96.8W  PCAP→78W  power=77.4W
[PID] perf=28.185Hz  target=10.043Hz  err=-18.142Hz  corr=-376.44W  u_ff=96.8W  PCAP→78W  power=78.3W
[PID] perf=28.170Hz  target=10.043Hz  err=-18.127Hz  corr=-376.16W  u_ff=96.8W  PCAP→78W  power=78.4W
[PID] perf=28.156Hz  target=10.043Hz  err=-18.113Hz  corr=-375.90W  u_ff=96.8W  PCAP→78W  power=78.7W
[PID] perf=28.150Hz  target=10.043Hz  err=-18.107Hz  corr=-375.78W  u_ff=96.8W  PCAP→78W  power=78.8W
[PID] perf=28.153Hz  target=10.043Hz  err=-18.110Hz  corr=-375.85W  u_ff=96.8W  PCAP→78W  power=79.0W
[PID] perf=28.162Hz  target=10.043Hz  err=-18.119Hz  corr=-376.00W  u_ff=96.8W  PCAP→78W  power=78.7W
[PID] perf=28.184Hz  target=10.043Hz  err=-18.141Hz  corr=-376.43W  u_ff=96.8W  PCAP→78W  power=78.6W
[PID] perf=28.130Hz  target=10.043Hz  err=-18.087Hz  corr=-375.42W  u_ff=96.8W  PCAP→78W  power=79.2W
[PID] perf=28.120Hz  target=10.043Hz  err=-18.077Hz  corr=-375.24W  u_ff=96.8W  PCAP→78W  power=79.6W
[PID] perf=28.146Hz  target=10.043Hz  err=-18.103Hz  corr=-375.71W  u_ff=96.8W  PCAP→78W  power=78.1W
[PID] perf=28.139Hz  target=10.043Hz  err=-18.096Hz  corr=-375.59W  u_ff=96.8W  PCAP→78W  power=77.5W
[PID] perf=28.147Hz  target=10.043Hz  err=-18.104Hz  corr=-375.72W  u_ff=96.8W  PCAP→78W  power=77.7W
[PID] perf=28.151Hz  target=10.043Hz  err=-18.108Hz  corr=-375.80W  u_ff=96.8W  PCAP→78W  power=77.6W
[PID] perf=28.107Hz  target=10.043Hz  err=-18.064Hz  corr=-374.99W  u_ff=96.8W  PCAP→78W  power=77.7W
[PID] perf=28.140Hz  target=10.043Hz  err=-18.097Hz  corr=-375.61W  u_ff=96.8W  PCAP→78W  power=77.1W
[PID] perf=28.118Hz  target=10.043Hz  err=-18.075Hz  corr=-375.20W  u_ff=96.8W  PCAP→78W  power=77.6W
[PID] perf=28.150Hz  target=10.043Hz  err=-18.107Hz  corr=-375.79W  u_ff=96.8W  PCAP→78W  power=76.7W
[PID] perf=28.148Hz  target=10.043Hz  err=-18.105Hz  corr=-375.75W  u_ff=96.8W  PCAP→78W  power=76.2W
[PID] perf=28.204Hz  target=10.043Hz  err=-18.161Hz  corr=-376.80W  u_ff=96.8W  PCAP→78W  power=75.9W
[PID] perf=28.153Hz  target=10.043Hz  err=-18.110Hz  corr=-375.84W  u_ff=96.8W  PCAP→78W  power=77.5W
[PID] perf=27.608Hz  target=10.043Hz  err=-17.565Hz  corr=-365.74W  u_ff=96.8W  PCAP→78W  power=77.7W
[PID] perf=27.307Hz  target=10.043Hz  err=-17.264Hz  corr=-360.16W  u_ff=96.8W  PCAP→78W  power=78.3W
[PID] perf=27.340Hz  target=10.043Hz  err=-17.296Hz  corr=-360.76W  u_ff=96.8W  PCAP→78W  power=79.0W
[PID] perf=28.129Hz  target=10.043Hz  err=-18.086Hz  corr=-375.39W  u_ff=96.8W  PCAP→78W  power=78.8W
[PID] perf=28.138Hz  target=10.043Hz  err=-18.095Hz  corr=-375.56W  u_ff=96.8W  PCAP→78W  power=78.4W
[PID] perf=28.150Hz  target=10.043Hz  err=-18.106Hz  corr=-375.78W  u_ff=96.8W  PCAP→78W  power=78.2W
[PID] perf=28.183Hz  target=10.043Hz  err=-18.140Hz  corr=-376.40W  u_ff=96.8W  PCAP→78W  power=79.0W
[PID] perf=28.161Hz  target=10.043Hz  err=-18.117Hz  corr=-375.98W  u_ff=96.8W  PCAP→78W  power=78.8W
[PID] perf=28.159Hz  target=10.043Hz  err=-18.115Hz  corr=-375.95W  u_ff=96.8W  PCAP→78W  power=78.7W
[PID] perf=28.156Hz  target=10.043Hz  err=-18.113Hz  corr=-375.89W  u_ff=96.8W  PCAP→78W  power=77.3W
[PID] perf=28.158Hz  target=10.043Hz  err=-18.115Hz  corr=-375.93W  u_ff=96.8W  PCAP→78W  power=78.9W
[PID] perf=28.162Hz  target=10.043Hz  err=-18.119Hz  corr=-376.01W  u_ff=96.8W  PCAP→78W  power=76.4W
[PID] perf=28.165Hz  target=10.043Hz  err=-18.122Hz  corr=-376.07W  u_ff=96.8W  PCAP→78W  power=76.3W
[PID] perf=28.156Hz  target=10.043Hz  err=-18.113Hz  corr=-375.90W  u_ff=96.8W  PCAP→78W  power=77.5W
[PID] perf=28.181Hz  target=10.043Hz  err=-18.138Hz  corr=-376.37W  u_ff=96.8W  PCAP→78W  power=78.1W
[PID] perf=28.135Hz  target=10.043Hz  err=-18.092Hz  corr=-375.51W  u_ff=96.8W  PCAP→78W  power=77.3W
[PID] perf=28.199Hz  target=10.043Hz  err=-18.156Hz  corr=-376.70W  u_ff=96.8W  PCAP→78W  power=78.8W
[PID] perf=28.163Hz  target=10.043Hz  err=-18.120Hz  corr=-376.03W  u_ff=96.8W  PCAP→78W  power=77.9W
[PID] perf=28.167Hz  target=10.043Hz  err=-18.124Hz  corr=-376.10W  u_ff=96.8W  PCAP→78W  power=78.5W
[PID] perf=27.140Hz  target=10.043Hz  err=-17.097Hz  corr=-357.06W  u_ff=96.8W  PCAP→78W  power=78.8W
[PID] perf=28.180Hz  target=10.043Hz  err=-18.136Hz  corr=-376.34W  u_ff=96.8W  PCAP→78W  power=78.9W
[PID] perf=28.178Hz  target=10.043Hz  err=-18.135Hz  corr=-376.31W  u_ff=96.8W  PCAP→78W  power=78.0W
[PID] perf=28.195Hz  target=10.043Hz  err=-18.152Hz  corr=-376.63W  u_ff=96.8W  PCAP→78W  power=78.6W
[PID] perf=28.181Hz  target=10.043Hz  err=-18.137Hz  corr=-376.35W  u_ff=96.8W  PCAP→78W  power=77.9W
[PID] perf=28.101Hz  target=10.043Hz  err=-18.058Hz  corr=-374.88W  u_ff=96.8W  PCAP→78W  power=77.5W
[PID] perf=27.310Hz  target=10.043Hz  err=-17.267Hz  corr=-360.21W  u_ff=96.8W  PCAP→78W  power=76.2W
[PID] perf=27.201Hz  target=10.043Hz  err=-17.158Hz  corr=-358.18W  u_ff=96.8W  PCAP→78W  power=76.4W
[PID] perf=27.213Hz  target=10.043Hz  err=-17.170Hz  corr=-358.42W  u_ff=96.8W  PCAP→78W  power=78.9W
[PID] perf=27.225Hz  target=10.043Hz  err=-17.182Hz  corr=-358.64W  u_ff=96.8W  PCAP→78W  power=77.9W
[PID] perf=27.221Hz  target=10.043Hz  err=-17.178Hz  corr=-358.56W  u_ff=96.8W  PCAP→78W  power=77.1W
[PID] perf=27.242Hz  target=10.043Hz  err=-17.199Hz  corr=-358.95W  u_ff=96.8W  PCAP→78W  power=78.1W
[PID] perf=27.222Hz  target=10.043Hz  err=-17.179Hz  corr=-358.58W  u_ff=96.8W  PCAP→78W  power=77.8W
[PID] perf=27.195Hz  target=10.043Hz  err=-17.152Hz  corr=-358.07W  u_ff=96.8W  PCAP→78W  power=75.9W
[PID] perf=27.348Hz  target=10.043Hz  err=-17.305Hz  corr=-360.92W  u_ff=96.8W  PCAP→78W  power=78.3W
[PID] perf=28.208Hz  target=10.043Hz  err=-18.165Hz  corr=-376.86W  u_ff=96.8W  PCAP→78W  power=79.0W
[PID] perf=28.236Hz  target=10.043Hz  err=-18.193Hz  corr=-377.39W  u_ff=96.8W  PCAP→78W  power=78.6W
[PID] perf=28.276Hz  target=10.043Hz  err=-18.233Hz  corr=-378.13W  u_ff=96.8W  PCAP→78W  power=77.8W
[PID] perf=28.244Hz  target=10.043Hz  err=-18.201Hz  corr=-377.54W  u_ff=96.8W  PCAP→78W  power=79.3W
[PID] perf=28.229Hz  target=10.043Hz  err=-18.186Hz  corr=-377.26W  u_ff=96.8W  PCAP→78W  power=77.1W
[PID] perf=28.269Hz  target=10.043Hz  err=-18.226Hz  corr=-378.00W  u_ff=96.8W  PCAP→78W  power=77.2W
[PID] perf=28.250Hz  target=10.043Hz  err=-18.207Hz  corr=-377.64W  u_ff=96.8W  PCAP→78W  power=76.4W
[PID] perf=28.180Hz  target=10.043Hz  err=-18.137Hz  corr=-376.34W  u_ff=96.8W  PCAP→78W  power=77.8W
[PID] perf=28.240Hz  target=10.043Hz  err=-18.197Hz  corr=-377.45W  u_ff=96.8W  PCAP→78W  power=78.7W
[PID] perf=28.225Hz  target=10.043Hz  err=-18.182Hz  corr=-377.19W  u_ff=96.8W  PCAP→78W  power=79.1W
[PID] perf=28.211Hz  target=10.043Hz  err=-18.168Hz  corr=-376.92W  u_ff=96.8W  PCAP→78W  power=77.4W
[PID] perf=28.257Hz  target=10.043Hz  err=-18.214Hz  corr=-377.78W  u_ff=96.8W  PCAP→78W  power=78.7W
[PID] perf=28.259Hz  target=10.043Hz  err=-18.216Hz  corr=-377.81W  u_ff=96.8W  PCAP→78W  power=76.5W
[PID] perf=28.209Hz  target=10.043Hz  err=-18.166Hz  corr=-376.88W  u_ff=96.8W  PCAP→78W  power=77.6W
[PID] perf=28.281Hz  target=10.043Hz  err=-18.238Hz  corr=-378.21W  u_ff=96.8W  PCAP→78W  power=77.7W
[PID] perf=28.230Hz  target=10.043Hz  err=-18.187Hz  corr=-377.28W  u_ff=96.8W  PCAP→78W  power=77.4W
[PID] perf=28.192Hz  target=10.043Hz  err=-18.149Hz  corr=-376.57W  u_ff=96.8W  PCAP→78W  power=78.1W
[PID] perf=28.232Hz  target=10.043Hz  err=-18.189Hz  corr=-377.32W  u_ff=96.8W  PCAP→78W  power=76.9W
[PID] perf=28.232Hz  target=10.043Hz  err=-18.189Hz  corr=-377.30W  u_ff=96.8W  PCAP→78W  power=76.1W
[PID] perf=28.262Hz  target=10.043Hz  err=-18.219Hz  corr=-377.86W  u_ff=96.8W  PCAP→78W  power=76.1W
[PID] perf=28.252Hz  target=10.043Hz  err=-18.209Hz  corr=-377.68W  u_ff=96.8W  PCAP→78W  power=78.3W
[PID] perf=28.243Hz  target=10.043Hz  err=-18.200Hz  corr=-377.52W  u_ff=96.8W  PCAP→78W  power=78.2W
[PID] perf=28.229Hz  target=10.043Hz  err=-18.186Hz  corr=-377.26W  u_ff=96.8W  PCAP→78W  power=76.8W
[PID] perf=28.231Hz  target=10.043Hz  err=-18.188Hz  corr=-377.28W  u_ff=96.8W  PCAP→78W  power=77.0W
[PID] perf=28.196Hz  target=10.043Hz  err=-18.153Hz  corr=-376.64W  u_ff=96.8W  PCAP→78W  power=77.4W
[PID] perf=28.234Hz  target=10.043Hz  err=-18.191Hz  corr=-377.34W  u_ff=96.8W  PCAP→78W  power=76.9W
[PID] perf=28.229Hz  target=10.043Hz  err=-18.186Hz  corr=-377.26W  u_ff=96.8W  PCAP→78W  power=78.4W
[PID] perf=28.246Hz  target=10.043Hz  err=-18.203Hz  corr=-377.58W  u_ff=96.8W  PCAP→78W  power=78.2W
[PID] perf=28.218Hz  target=10.043Hz  err=-18.175Hz  corr=-377.04W  u_ff=96.8W  PCAP→78W  power=77.1W
[PID] perf=27.078Hz  target=10.043Hz  err=-17.035Hz  corr=-355.90W  u_ff=96.8W  PCAP→78W  power=76.6W
[PID] perf=27.085Hz  target=10.043Hz  err=-17.042Hz  corr=-356.04W  u_ff=96.8W  PCAP→78W  power=78.4W
[PID] perf=28.236Hz  target=10.043Hz  err=-18.193Hz  corr=-377.38W  u_ff=96.8W  PCAP→78W  power=78.7W
[PID] perf=28.230Hz  target=10.043Hz  err=-18.187Hz  corr=-377.27W  u_ff=96.8W  PCAP→78W  power=78.4W
[PID] perf=28.200Hz  target=10.043Hz  err=-18.157Hz  corr=-376.72W  u_ff=96.8W  PCAP→78W  power=78.8W
[PID] perf=28.227Hz  target=10.043Hz  err=-18.184Hz  corr=-377.22W  u_ff=96.8W  PCAP→78W  power=79.0W
[PID] perf=28.279Hz  target=10.043Hz  err=-18.236Hz  corr=-378.18W  u_ff=96.8W  PCAP→78W  power=77.1W
[PID] perf=28.265Hz  target=10.043Hz  err=-18.222Hz  corr=-377.91W  u_ff=96.8W  PCAP→78W  power=78.0W
[PID] perf=28.228Hz  target=10.043Hz  err=-18.185Hz  corr=-377.23W  u_ff=96.8W  PCAP→78W  power=78.9W
[PID] perf=27.089Hz  target=10.043Hz  err=-17.046Hz  corr=-356.10W  u_ff=96.8W  PCAP→78W  power=78.9W
[PID] perf=27.156Hz  target=10.043Hz  err=-17.113Hz  corr=-357.35W  u_ff=96.8W  PCAP→78W  power=78.0W
[PID] perf=27.149Hz  target=10.043Hz  err=-17.106Hz  corr=-357.22W  u_ff=96.8W  PCAP→78W  power=78.1W
[PID] perf=27.177Hz  target=10.043Hz  err=-17.134Hz  corr=-357.74W  u_ff=96.8W  PCAP→78W  power=79.1W
[PID] perf=28.255Hz  target=10.043Hz  err=-18.212Hz  corr=-377.73W  u_ff=96.8W  PCAP→78W  power=78.3W
[PID] perf=28.250Hz  target=10.043Hz  err=-18.207Hz  corr=-377.64W  u_ff=96.8W  PCAP→78W  power=79.1W
[PID] perf=28.199Hz  target=10.043Hz  err=-18.156Hz  corr=-376.70W  u_ff=96.8W  PCAP→78W  power=78.5W
[PID] perf=28.221Hz  target=10.043Hz  err=-18.178Hz  corr=-377.11W  u_ff=96.8W  PCAP→78W  power=77.2W
[PID] perf=28.218Hz  target=10.043Hz  err=-18.175Hz  corr=-377.05W  u_ff=96.8W  PCAP→78W  power=77.9W
[PID] perf=28.192Hz  target=10.043Hz  err=-18.149Hz  corr=-376.56W  u_ff=96.8W  PCAP→78W  power=78.3W
[PID] perf=28.246Hz  target=10.043Hz  err=-18.203Hz  corr=-377.57W  u_ff=96.8W  PCAP→78W  power=78.5W
[PID] perf=28.220Hz  target=10.043Hz  err=-18.177Hz  corr=-377.08W  u_ff=96.8W  PCAP→78W  power=78.2W
[PID] perf=28.227Hz  target=10.043Hz  err=-18.184Hz  corr=-377.21W  u_ff=96.8W  PCAP→78W  power=79.3W
[PID] perf=28.219Hz  target=10.043Hz  err=-18.176Hz  corr=-377.07W  u_ff=96.8W  PCAP→78W  power=78.0W
[PID] perf=28.258Hz  target=10.043Hz  err=-18.215Hz  corr=-377.79W  u_ff=96.8W  PCAP→78W  power=78.0W
[PID] perf=28.249Hz  target=10.043Hz  err=-18.205Hz  corr=-377.62W  u_ff=96.8W  PCAP→78W  power=77.5W
[PID] perf=28.254Hz  target=10.043Hz  err=-18.211Hz  corr=-377.72W  u_ff=96.8W  PCAP→78W  power=78.0W
[PID] perf=28.227Hz  target=10.043Hz  err=-18.184Hz  corr=-377.21W  u_ff=96.8W  PCAP→78W  power=77.7W
[PID] perf=28.223Hz  target=10.043Hz  err=-18.180Hz  corr=-377.14W  u_ff=96.8W  PCAP→78W  power=77.6W
[PID] perf=28.257Hz  target=10.043Hz  err=-18.214Hz  corr=-377.77W  u_ff=96.8W  PCAP→78W  power=76.7W
[PID] perf=28.237Hz  target=10.043Hz  err=-18.194Hz  corr=-377.41W  u_ff=96.8W  PCAP→78W  power=78.8W
[PID] perf=28.268Hz  target=10.043Hz  err=-18.225Hz  corr=-377.98W  u_ff=96.8W  PCAP→78W  power=77.7W
[PID] perf=28.213Hz  target=10.043Hz  err=-18.170Hz  corr=-376.96W  u_ff=96.8W  PCAP→78W  power=77.0W
[PID] perf=28.278Hz  target=10.043Hz  err=-18.235Hz  corr=-378.16W  u_ff=96.8W  PCAP→78W  power=77.4W
[PID] perf=28.289Hz  target=10.043Hz  err=-18.246Hz  corr=-378.36W  u_ff=96.8W  PCAP→78W  power=76.6W
[PID] perf=28.225Hz  target=10.043Hz  err=-18.182Hz  corr=-377.18W  u_ff=96.8W  PCAP→78W  power=76.4W
[PID] perf=28.234Hz  target=10.043Hz  err=-18.191Hz  corr=-377.35W  u_ff=96.8W  PCAP→78W  power=76.9W
[PID] perf=28.272Hz  target=10.043Hz  err=-18.229Hz  corr=-378.06W  u_ff=96.8W  PCAP→78W  power=76.7W
[PID] perf=28.258Hz  target=10.043Hz  err=-18.215Hz  corr=-377.80W  u_ff=96.8W  PCAP→78W  power=77.3W
[PID] perf=28.282Hz  target=10.043Hz  err=-18.239Hz  corr=-378.24W  u_ff=96.8W  PCAP→78W  power=76.9W
[PID] perf=28.245Hz  target=10.043Hz  err=-18.202Hz  corr=-377.55W  u_ff=96.8W  PCAP→78W  power=77.3W
[PID] perf=28.271Hz  target=10.043Hz  err=-18.228Hz  corr=-378.03W  u_ff=96.8W  PCAP→78W  power=76.5W
[PID] perf=28.213Hz  target=10.043Hz  err=-18.170Hz  corr=-376.96W  u_ff=96.8W  PCAP→78W  power=77.8W
[PID] perf=28.219Hz  target=10.043Hz  err=-18.176Hz  corr=-377.06W  u_ff=96.8W  PCAP→78W  power=77.0W
[PID] perf=28.215Hz  target=10.043Hz  err=-18.172Hz  corr=-376.99W  u_ff=96.8W  PCAP→78W  power=78.3W
[PID] perf=28.255Hz  target=10.043Hz  err=-18.212Hz  corr=-377.73W  u_ff=96.8W  PCAP→78W  power=76.9W
[PID] perf=28.295Hz  target=10.043Hz  err=-18.252Hz  corr=-378.47W  u_ff=96.8W  PCAP→78W  power=78.9W
[PID] perf=28.246Hz  target=10.043Hz  err=-18.203Hz  corr=-377.57W  u_ff=96.8W  PCAP→78W  power=78.7W
[PID] perf=28.222Hz  target=10.043Hz  err=-18.179Hz  corr=-377.13W  u_ff=96.8W  PCAP→78W  power=78.6W
[PID] perf=28.243Hz  target=10.043Hz  err=-18.200Hz  corr=-377.51W  u_ff=96.8W  PCAP→78W  power=79.2W
[PID] perf=28.194Hz  target=10.043Hz  err=-18.151Hz  corr=-376.60W  u_ff=96.8W  PCAP→78W  power=78.7W
[PID] perf=28.226Hz  target=10.043Hz  err=-18.183Hz  corr=-377.20W  u_ff=96.8W  PCAP→78W  power=77.0W
[PID] perf=28.203Hz  target=10.043Hz  err=-18.160Hz  corr=-376.77W  u_ff=96.8W  PCAP→78W  power=77.4W
[PID] perf=28.276Hz  target=10.043Hz  err=-18.233Hz  corr=-378.12W  u_ff=96.8W  PCAP→78W  power=79.1W
[PID] perf=28.209Hz  target=10.043Hz  err=-18.166Hz  corr=-376.89W  u_ff=96.8W  PCAP→78W  power=76.7W
[PID] perf=28.239Hz  target=10.043Hz  err=-18.196Hz  corr=-377.43W  u_ff=96.8W  PCAP→78W  power=78.4W
[PID] perf=28.202Hz  target=10.043Hz  err=-18.159Hz  corr=-376.75W  u_ff=96.8W  PCAP→78W  power=77.7W
[PID] perf=28.237Hz  target=10.043Hz  err=-18.194Hz  corr=-377.41W  u_ff=96.8W  PCAP→78W  power=78.4W
[PID] perf=28.252Hz  target=10.043Hz  err=-18.209Hz  corr=-377.69W  u_ff=96.8W  PCAP→78W  power=79.1W
[PID] perf=28.238Hz  target=10.043Hz  err=-18.195Hz  corr=-377.42W  u_ff=96.8W  PCAP→78W  power=78.0W
[PID] perf=27.863Hz  target=10.043Hz  err=-17.820Hz  corr=-370.46W  u_ff=96.8W  PCAP→78W  power=78.3W
[PID] perf=28.256Hz  target=10.043Hz  err=-18.213Hz  corr=-377.75W  u_ff=96.8W  PCAP→78W  power=76.7W
[PID] perf=28.244Hz  target=10.043Hz  err=-18.201Hz  corr=-377.53W  u_ff=96.8W  PCAP→78W  power=76.6W
[PID] perf=28.213Hz  target=10.043Hz  err=-18.170Hz  corr=-376.95W  u_ff=96.8W  PCAP→78W  power=76.4W
[PID] perf=28.281Hz  target=10.043Hz  err=-18.238Hz  corr=-378.21W  u_ff=96.8W  PCAP→78W  power=77.6W
[PID] perf=28.240Hz  target=10.043Hz  err=-18.197Hz  corr=-377.46W  u_ff=96.8W  PCAP→78W  power=76.5W
[PID] perf=28.250Hz  target=10.043Hz  err=-18.207Hz  corr=-377.65W  u_ff=96.8W  PCAP→78W  power=78.9W
[PID] perf=28.278Hz  target=10.043Hz  err=-18.235Hz  corr=-378.15W  u_ff=96.8W  PCAP→78W  power=78.9W
[PID] perf=28.198Hz  target=10.043Hz  err=-18.155Hz  corr=-376.68W  u_ff=96.8W  PCAP→78W  power=77.6W
[PID] perf=28.229Hz  target=10.043Hz  err=-18.186Hz  corr=-377.26W  u_ff=96.8W  PCAP→78W  power=77.2W
[PID] perf=28.253Hz  target=10.043Hz  err=-18.210Hz  corr=-377.70W  u_ff=96.8W  PCAP→78W  power=76.2W
[PID] perf=28.192Hz  target=10.043Hz  err=-18.149Hz  corr=-376.57W  u_ff=96.8W  PCAP→78W  power=77.1W
[PID] perf=28.241Hz  target=10.043Hz  err=-18.198Hz  corr=-377.48W  u_ff=96.8W  PCAP→78W  power=76.9W
[PID] perf=28.259Hz  target=10.043Hz  err=-18.216Hz  corr=-377.81W  u_ff=96.8W  PCAP→78W  power=77.0W
[PID] perf=28.258Hz  target=10.043Hz  err=-18.215Hz  corr=-377.80W  u_ff=96.8W  PCAP→78W  power=76.1W
[PID] perf=28.305Hz  target=10.043Hz  err=-18.262Hz  corr=-378.65W  u_ff=96.8W  PCAP→78W  power=77.4W
[PID] perf=28.266Hz  target=10.043Hz  err=-18.223Hz  corr=-377.94W  u_ff=96.8W  PCAP→78W  power=76.8W
[PID] perf=28.283Hz  target=10.043Hz  err=-18.240Hz  corr=-378.25W  u_ff=96.8W  PCAP→78W  power=76.2W
[PID] perf=28.229Hz  target=10.043Hz  err=-18.186Hz  corr=-377.25W  u_ff=96.8W  PCAP→78W  power=78.2W
[PID] perf=28.220Hz  target=10.043Hz  err=-18.177Hz  corr=-377.09W  u_ff=96.8W  PCAP→78W  power=78.1W
[PID] perf=28.229Hz  target=10.043Hz  err=-18.186Hz  corr=-377.25W  u_ff=96.8W  PCAP→78W  power=77.2W
[PID] perf=28.206Hz  target=10.043Hz  err=-18.163Hz  corr=-376.83W  u_ff=96.8W  PCAP→78W  power=78.6W
[PID] perf=28.211Hz  target=10.043Hz  err=-18.168Hz  corr=-376.93W  u_ff=96.8W  PCAP→78W  power=77.2W
[PID] perf=28.252Hz  target=10.043Hz  err=-18.209Hz  corr=-377.68W  u_ff=96.8W  PCAP→78W  power=78.7W
[PID] perf=28.224Hz  target=10.043Hz  err=-18.181Hz  corr=-377.15W  u_ff=96.8W  PCAP→78W  power=79.0W
[PID] perf=28.192Hz  target=10.043Hz  err=-18.149Hz  corr=-376.57W  u_ff=96.8W  PCAP→78W  power=78.2W
[PID] perf=28.263Hz  target=10.043Hz  err=-18.220Hz  corr=-377.88W  u_ff=96.8W  PCAP→78W  power=77.4W
[PID] perf=28.255Hz  target=10.043Hz  err=-18.212Hz  corr=-377.74W  u_ff=96.8W  PCAP→78W  power=79.4W
[PID] perf=28.268Hz  target=10.043Hz  err=-18.225Hz  corr=-377.97W  u_ff=96.8W  PCAP→78W  power=79.2W
[PID] perf=28.252Hz  target=10.043Hz  err=-18.209Hz  corr=-377.67W  u_ff=96.8W  PCAP→78W  power=77.0W
[PID] perf=28.227Hz  target=10.043Hz  err=-18.184Hz  corr=-377.21W  u_ff=96.8W  PCAP→78W  power=77.3W
[PID] perf=28.264Hz  target=10.043Hz  err=-18.221Hz  corr=-377.91W  u_ff=96.8W  PCAP→78W  power=77.3W
[PID] perf=28.242Hz  target=10.043Hz  err=-18.199Hz  corr=-377.50W  u_ff=96.8W  PCAP→78W  power=77.2W
[PID] perf=28.237Hz  target=10.043Hz  err=-18.194Hz  corr=-377.41W  u_ff=96.8W  PCAP→78W  power=78.8W
[PID] perf=28.259Hz  target=10.043Hz  err=-18.216Hz  corr=-377.81W  u_ff=96.8W  PCAP→78W  power=78.3W
[PID] perf=28.225Hz  target=10.043Hz  err=-18.182Hz  corr=-377.18W  u_ff=96.8W  PCAP→78W  power=77.0W
[PID] perf=28.270Hz  target=10.043Hz  err=-18.227Hz  corr=-378.01W  u_ff=96.8W  PCAP→78W  power=77.2W
[PID] perf=28.263Hz  target=10.043Hz  err=-18.220Hz  corr=-377.88W  u_ff=96.8W  PCAP→78W  power=77.4W
[PID] perf=28.238Hz  target=10.043Hz  err=-18.195Hz  corr=-377.43W  u_ff=96.8W  PCAP→78W  power=78.1W
[PID] perf=28.220Hz  target=10.043Hz  err=-18.176Hz  corr=-377.08W  u_ff=96.8W  PCAP→78W  power=76.3W
[PID] perf=28.233Hz  target=10.043Hz  err=-18.190Hz  corr=-377.33W  u_ff=96.8W  PCAP→78W  power=77.2W
[PID] perf=28.233Hz  target=10.043Hz  err=-18.190Hz  corr=-377.33W  u_ff=96.8W  PCAP→78W  power=78.9W
[PID] perf=28.264Hz  target=10.043Hz  err=-18.221Hz  corr=-377.90W  u_ff=96.8W  PCAP→78W  power=78.4W
[PID] perf=28.252Hz  target=10.043Hz  err=-18.208Hz  corr=-377.67W  u_ff=96.8W  PCAP→78W  power=77.1W
[PID] perf=28.227Hz  target=10.043Hz  err=-18.184Hz  corr=-377.22W  u_ff=96.8W  PCAP→78W  power=78.4W
[PID] perf=28.215Hz  target=10.043Hz  err=-18.172Hz  corr=-377.00W  u_ff=96.8W  PCAP→78W  power=77.8W
[PID] perf=28.268Hz  target=10.043Hz  err=-18.225Hz  corr=-377.97W  u_ff=96.8W  PCAP→78W  power=76.9W
[PID] perf=28.241Hz  target=10.043Hz  err=-18.198Hz  corr=-377.48W  u_ff=96.8W  PCAP→78W  power=76.7W
[PID] perf=28.247Hz  target=10.043Hz  err=-18.204Hz  corr=-377.59W  u_ff=96.8W  PCAP→78W  power=77.2W
[PID] perf=28.266Hz  target=10.043Hz  err=-18.223Hz  corr=-377.94W  u_ff=96.8W  PCAP→78W  power=77.5W
[PID] perf=28.247Hz  target=10.043Hz  err=-18.204Hz  corr=-377.58W  u_ff=96.8W  PCAP→78W  power=77.8W
[PID] perf=28.237Hz  target=10.043Hz  err=-18.194Hz  corr=-377.40W  u_ff=96.8W  PCAP→78W  power=78.0W
[PID] perf=28.238Hz  target=10.043Hz  err=-18.195Hz  corr=-377.42W  u_ff=96.8W  PCAP→78W  power=77.8W
[PID] perf=28.082Hz  target=10.043Hz  err=-18.039Hz  corr=-374.53W  u_ff=96.8W  PCAP→78W  power=78.6W
[PID] perf=27.199Hz  target=10.043Hz  err=-17.156Hz  corr=-358.16W  u_ff=96.8W  PCAP→78W  power=79.1W
[PID] perf=27.191Hz  target=10.043Hz  err=-17.148Hz  corr=-358.00W  u_ff=96.8W  PCAP→78W  power=77.5W
[PID] perf=27.265Hz  target=10.043Hz  err=-17.222Hz  corr=-359.38W  u_ff=96.8W  PCAP→78W  power=79.1W
[PID] perf=27.254Hz  target=10.043Hz  err=-17.211Hz  corr=-359.17W  u_ff=96.8W  PCAP→78W  power=78.7W
[PID] perf=27.196Hz  target=10.043Hz  err=-17.153Hz  corr=-358.11W  u_ff=96.8W  PCAP→78W  power=78.2W
[PID] perf=27.218Hz  target=10.043Hz  err=-17.175Hz  corr=-358.50W  u_ff=96.8W  PCAP→78W  power=78.9W
[PID] perf=27.187Hz  target=10.043Hz  err=-17.144Hz  corr=-357.92W  u_ff=96.8W  PCAP→78W  power=78.6W
[PID] perf=27.210Hz  target=10.043Hz  err=-17.167Hz  corr=-358.35W  u_ff=96.8W  PCAP→78W  power=78.4W
[PID] perf=27.250Hz  target=10.043Hz  err=-17.207Hz  corr=-359.10W  u_ff=96.8W  PCAP→78W  power=78.7W
[PID] perf=27.225Hz  target=10.043Hz  err=-17.182Hz  corr=-358.64W  u_ff=96.8W  PCAP→78W  power=78.4W
[PID] perf=27.256Hz  target=10.043Hz  err=-17.213Hz  corr=-359.21W  u_ff=96.8W  PCAP→78W  power=77.7W
[PID] perf=27.252Hz  target=10.043Hz  err=-17.209Hz  corr=-359.13W  u_ff=96.8W  PCAP→78W  power=77.4W
[PID] perf=28.264Hz  target=10.043Hz  err=-18.221Hz  corr=-377.90W  u_ff=96.8W  PCAP→78W  power=77.8W
[PID] perf=28.224Hz  target=10.043Hz  err=-18.180Hz  corr=-377.15W  u_ff=96.8W  PCAP→78W  power=78.1W
[PID] perf=28.227Hz  target=10.043Hz  err=-18.184Hz  corr=-377.22W  u_ff=96.8W  PCAP→78W  power=78.2W
[PID] perf=28.240Hz  target=10.043Hz  err=-18.197Hz  corr=-377.46W  u_ff=96.8W  PCAP→78W  power=77.9W
[PID] perf=28.229Hz  target=10.043Hz  err=-18.186Hz  corr=-377.26W  u_ff=96.8W  PCAP→78W  power=78.5W
[PID] perf=28.204Hz  target=10.043Hz  err=-18.161Hz  corr=-376.78W  u_ff=96.8W  PCAP→78W  power=78.3W
[PID] perf=28.220Hz  target=10.043Hz  err=-18.177Hz  corr=-377.09W  u_ff=96.8W  PCAP→78W  power=76.3W
[PID] perf=28.224Hz  target=10.043Hz  err=-18.181Hz  corr=-377.16W  u_ff=96.8W  PCAP→78W  power=77.3W
[PID] perf=28.246Hz  target=10.043Hz  err=-18.203Hz  corr=-377.57W  u_ff=96.8W  PCAP→78W  power=77.7W
[PID] perf=28.214Hz  target=10.043Hz  err=-18.170Hz  corr=-376.97W  u_ff=96.8W  PCAP→78W  power=76.3W
[PID] perf=28.231Hz  target=10.043Hz  err=-18.188Hz  corr=-377.29W  u_ff=96.8W  PCAP→78W  power=78.3W
[PID] perf=28.223Hz  target=10.043Hz  err=-18.180Hz  corr=-377.15W  u_ff=96.8W  PCAP→78W  power=78.1W
[PID] perf=28.239Hz  target=10.043Hz  err=-18.196Hz  corr=-377.43W  u_ff=96.8W  PCAP→78W  power=78.0W
[PID] perf=28.198Hz  target=10.043Hz  err=-18.155Hz  corr=-376.69W  u_ff=96.8W  PCAP→78W  power=78.4W
[PID] perf=28.216Hz  target=10.043Hz  err=-18.173Hz  corr=-377.02W  u_ff=96.8W  PCAP→78W  power=79.2W
[PID] perf=28.234Hz  target=10.043Hz  err=-18.191Hz  corr=-377.34W  u_ff=96.8W  PCAP→78W  power=78.6W
[PID] perf=28.236Hz  target=10.043Hz  err=-18.193Hz  corr=-377.39W  u_ff=96.8W  PCAP→78W  power=78.5W
[PID] perf=28.211Hz  target=10.043Hz  err=-18.168Hz  corr=-376.92W  u_ff=96.8W  PCAP→78W  power=77.9W
[PID] perf=28.270Hz  target=10.043Hz  err=-18.227Hz  corr=-378.01W  u_ff=96.8W  PCAP→78W  power=77.1W
[PID] perf=28.253Hz  target=10.043Hz  err=-18.210Hz  corr=-377.70W  u_ff=96.8W  PCAP→78W  power=77.0W
[PID] perf=28.240Hz  target=10.043Hz  err=-18.197Hz  corr=-377.45W  u_ff=96.8W  PCAP→78W  power=76.5W
[PID] perf=28.231Hz  target=10.043Hz  err=-18.188Hz  corr=-377.29W  u_ff=96.8W  PCAP→78W  power=77.2W
[PID] perf=28.205Hz  target=10.043Hz  err=-18.162Hz  corr=-376.80W  u_ff=96.8W  PCAP→78W  power=77.4W
[PID] perf=28.201Hz  target=10.043Hz  err=-18.158Hz  corr=-376.73W  u_ff=96.8W  PCAP→78W  power=75.9W
[PID] perf=28.236Hz  target=10.043Hz  err=-18.193Hz  corr=-377.39W  u_ff=96.8W  PCAP→78W  power=78.2W
[PID] perf=28.210Hz  target=10.043Hz  err=-18.167Hz  corr=-376.90W  u_ff=96.8W  PCAP→78W  power=77.7W
[PID] perf=28.218Hz  target=10.043Hz  err=-18.175Hz  corr=-377.04W  u_ff=96.8W  PCAP→78W  power=77.2W
[PID] perf=28.263Hz  target=10.043Hz  err=-18.220Hz  corr=-377.88W  u_ff=96.8W  PCAP→78W  power=77.1W
[PID] perf=28.242Hz  target=10.043Hz  err=-18.199Hz  corr=-377.49W  u_ff=96.8W  PCAP→78W  power=78.9W
[PID] perf=28.196Hz  target=10.043Hz  err=-18.153Hz  corr=-376.64W  u_ff=96.8W  PCAP→78W  power=78.7W
[PID] perf=27.544Hz  target=10.043Hz  err=-17.501Hz  corr=-364.56W  u_ff=96.8W  PCAP→78W  power=78.3W
[PID] perf=28.209Hz  target=10.043Hz  err=-18.166Hz  corr=-376.88W  u_ff=96.8W  PCAP→78W  power=76.1W
[PID] perf=28.201Hz  target=10.043Hz  err=-18.158Hz  corr=-376.74W  u_ff=96.8W  PCAP→78W  power=79.4W
[PID] perf=28.195Hz  target=10.043Hz  err=-18.152Hz  corr=-376.62W  u_ff=96.8W  PCAP→78W  power=79.2W
[PID] perf=28.224Hz  target=10.043Hz  err=-18.181Hz  corr=-377.16W  u_ff=96.8W  PCAP→78W  power=78.9W
[PID] perf=28.225Hz  target=10.043Hz  err=-18.182Hz  corr=-377.18W  u_ff=96.8W  PCAP→78W  power=78.7W
[PID] perf=28.243Hz  target=10.043Hz  err=-18.200Hz  corr=-377.52W  u_ff=96.8W  PCAP→78W  power=78.6W
[PID] perf=28.261Hz  target=10.043Hz  err=-18.218Hz  corr=-377.85W  u_ff=96.8W  PCAP→78W  power=78.7W
[PID] perf=28.214Hz  target=10.043Hz  err=-18.171Hz  corr=-376.97W  u_ff=96.8W  PCAP→78W  power=78.3W
[PID] perf=28.219Hz  target=10.043Hz  err=-18.176Hz  corr=-377.07W  u_ff=96.8W  PCAP→78W  power=77.5W
[PID] perf=28.196Hz  target=10.043Hz  err=-18.153Hz  corr=-376.65W  u_ff=96.8W  PCAP→78W  power=77.4W
[PID] perf=28.206Hz  target=10.043Hz  err=-18.163Hz  corr=-376.82W  u_ff=96.8W  PCAP→78W  power=76.5W
[PID] perf=28.186Hz  target=10.043Hz  err=-18.143Hz  corr=-376.46W  u_ff=96.8W  PCAP→78W  power=77.7W
[PID] perf=28.176Hz  target=10.043Hz  err=-18.133Hz  corr=-376.27W  u_ff=96.8W  PCAP→78W  power=76.9W
[PID] perf=28.197Hz  target=10.043Hz  err=-18.154Hz  corr=-376.65W  u_ff=96.8W  PCAP→78W  power=79.0W
[PID] perf=28.219Hz  target=10.043Hz  err=-18.176Hz  corr=-377.07W  u_ff=96.8W  PCAP→78W  power=76.7W
[PID] perf=28.225Hz  target=10.043Hz  err=-18.182Hz  corr=-377.18W  u_ff=96.8W  PCAP→78W  power=76.3W
[PID] perf=28.192Hz  target=10.043Hz  err=-18.149Hz  corr=-376.57W  u_ff=96.8W  PCAP→78W  power=76.2W
[PID] perf=28.228Hz  target=10.043Hz  err=-18.185Hz  corr=-377.23W  u_ff=96.8W  PCAP→78W  power=77.3W
[PID] perf=28.230Hz  target=10.043Hz  err=-18.187Hz  corr=-377.27W  u_ff=96.8W  PCAP→78W  power=77.6W
[PID] perf=28.212Hz  target=10.043Hz  err=-18.169Hz  corr=-376.94W  u_ff=96.8W  PCAP→78W  power=78.9W
[PID] perf=28.220Hz  target=10.043Hz  err=-18.177Hz  corr=-377.09W  u_ff=96.8W  PCAP→78W  power=78.5W
[PID] perf=28.229Hz  target=10.043Hz  err=-18.186Hz  corr=-377.25W  u_ff=96.8W  PCAP→78W  power=77.0W
[PID] perf=28.213Hz  target=10.043Hz  err=-18.170Hz  corr=-376.95W  u_ff=96.8W  PCAP→78W  power=78.8W
[PID] perf=28.232Hz  target=10.043Hz  err=-18.189Hz  corr=-377.31W  u_ff=96.8W  PCAP→78W  power=78.8W
[PID] perf=28.215Hz  target=10.043Hz  err=-18.172Hz  corr=-376.99W  u_ff=96.8W  PCAP→78W  power=77.7W
[PID] perf=28.217Hz  target=10.043Hz  err=-18.174Hz  corr=-377.02W  u_ff=96.8W  PCAP→78W  power=78.0W
[PID] perf=28.212Hz  target=10.043Hz  err=-18.169Hz  corr=-376.94W  u_ff=96.8W  PCAP→78W  power=77.4W
[PID] perf=28.203Hz  target=10.043Hz  err=-18.160Hz  corr=-376.77W  u_ff=96.8W  PCAP→78W  power=79.2W
[PID] perf=28.204Hz  target=10.043Hz  err=-18.160Hz  corr=-376.78W  u_ff=96.8W  PCAP→78W  power=78.2W
[PID] perf=28.227Hz  target=10.043Hz  err=-18.184Hz  corr=-377.22W  u_ff=96.8W  PCAP→78W  power=78.2W
[PID] perf=28.260Hz  target=10.043Hz  err=-18.217Hz  corr=-377.83W  u_ff=96.8W  PCAP→78W  power=78.6W
[PID] perf=28.209Hz  target=10.043Hz  err=-18.166Hz  corr=-376.89W  u_ff=96.8W  PCAP→78W  power=78.2W
[PID] perf=28.228Hz  target=10.043Hz  err=-18.185Hz  corr=-377.23W  u_ff=96.8W  PCAP→78W  power=78.3W
[PID] perf=28.200Hz  target=10.043Hz  err=-18.157Hz  corr=-376.71W  u_ff=96.8W  PCAP→78W  power=78.6W
Process completed.
Compressed into /home/cc/summer2024/main_codes/pid_controller/../experiment_data/PID_Control_sweep/ones-npb-cg/compressed_iteration_20260513_081236.tar
----------------------------------
