time,actuator,value
1738778585.6489844,Actuator(ptr=c_void_p(94233528672144)),165.0
1738778590.66782,Actuator(ptr=c_void_p(94233528672144)),165.0
1738778595.6859448,Actuator(ptr=c_void_p(94233528672144)),165.0
1738778600.7038617,Actuator(ptr=c_void_p(94233528672144)),165.0
1738778605.7215438,Actuator(ptr=c_void_p(94233528672144)),165.0
1738778610.7412648,Actuator(ptr=c_void_p(94233528672144)),165.0
1738778615.759145,Actuator(ptr=c_void_p(94233528672144)),165.0
1738778620.776707,Actuator(ptr=c_void_p(94233528672144)),165.0
