time,actuator,value
1738730956.715575,Actuator(ptr=c_void_p(94485688121152)),130.0
1738730961.7327635,Actuator(ptr=c_void_p(94485688121152)),130.0
1738730966.7515817,Actuator(ptr=c_void_p(94485688121152)),130.0
1738730971.7692974,Actuator(ptr=c_void_p(94485688121152)),130.0
1738730976.7864695,Actuator(ptr=c_void_p(94485688121152)),130.0
1738730981.8028603,Actuator(ptr=c_void_p(94485688121152)),130.0
1738730986.8201003,Actuator(ptr=c_void_p(94485688121152)),130.0
1738730991.8391814,Actuator(ptr=c_void_p(94485688121152)),130.0
