time,actuator,value
1738730554.5156786,Actuator(ptr=c_void_p(94485688121152)),124.0
1738730559.532272,Actuator(ptr=c_void_p(94485688121152)),124.0
1738730564.5517538,Actuator(ptr=c_void_p(94485688121152)),124.0
1738730569.5707006,Actuator(ptr=c_void_p(94485688121152)),124.0
1738730574.589595,Actuator(ptr=c_void_p(94485688121152)),124.0
1738730579.607222,Actuator(ptr=c_void_p(94485688121152)),124.0
1738730584.6255245,Actuator(ptr=c_void_p(94485688121152)),124.0
1738730589.645975,Actuator(ptr=c_void_p(94485688121152)),124.0
