time,actuator,value
1738732680.7156239,Actuator(ptr=c_void_p(94425790622992)),159.0
1738732685.7332525,Actuator(ptr=c_void_p(94425790622992)),159.0
1738732690.7516415,Actuator(ptr=c_void_p(94425790622992)),159.0
1738732695.7699678,Actuator(ptr=c_void_p(94425790622992)),159.0
1738732700.7854757,Actuator(ptr=c_void_p(94425790622992)),159.0
1738732705.8025098,Actuator(ptr=c_void_p(94425790622992)),159.0
1738732710.8193007,Actuator(ptr=c_void_p(94425790622992)),159.0
1738732715.8371592,Actuator(ptr=c_void_p(94425790622992)),159.0
