time,actuator,value
1738733873.6214232,Actuator(ptr=c_void_p(94862443531120)),141.0
1738733878.6388397,Actuator(ptr=c_void_p(94862443531120)),141.0
1738733883.6563318,Actuator(ptr=c_void_p(94862443531120)),141.0
1738733888.6736457,Actuator(ptr=c_void_p(94862443531120)),141.0
1738733893.6916373,Actuator(ptr=c_void_p(94862443531120)),141.0
1738733898.7109046,Actuator(ptr=c_void_p(94862443531120)),141.0
1738733903.7315822,Actuator(ptr=c_void_p(94862443531120)),141.0
1738733908.748817,Actuator(ptr=c_void_p(94862443531120)),141.0
