time,scope,value
1770017274.453909,nrm.extra.perf.PAPI_L3_TCA.192184,451442152.0
1770017274.453909,nrm.extra.perf.PAPI_TOT_INS.192184,147131474974.0
1770017274.453909,nrm.extra.perf.PAPI_TOT_CYC.192184,255292720849.0
1770017274.453909,nrm.extra.perf.PAPI_RES_STL.192184,125076379588.0
1770017274.453909,nrm.extra.perf.PAPI_L3_TCM.192184,46530676.0
1770017275.451889,nrm.extra.perf.PAPI_L3_TCA.192184,951693730.0
1770017275.451889,nrm.extra.perf.PAPI_TOT_INS.192184,309530621418.0
1770017275.451889,nrm.extra.perf.PAPI_TOT_CYC.192184,530842485390.0
1770017275.451889,nrm.extra.perf.PAPI_RES_STL.192184,263077321928.0
1770017275.451889,nrm.extra.perf.PAPI_L3_TCM.192184,97113089.0
1770017276.4548624,nrm.extra.perf.PAPI_L3_TCA.192184,1448394734.0
1770017276.4548624,nrm.extra.perf.PAPI_TOT_INS.192184,471123643169.0
1770017276.4548624,nrm.extra.perf.PAPI_TOT_CYC.192184,807900050760.0
1770017276.4548624,nrm.extra.perf.PAPI_RES_STL.192184,399916435905.0
1770017276.4548624,nrm.extra.perf.PAPI_L3_TCM.192184,147724109.0
1770017277.4518404,nrm.extra.perf.PAPI_L3_TCA.192184,1948165495.0
1770017277.4518404,nrm.extra.perf.PAPI_TOT_INS.192184,633421931933.0
1770017277.4518404,nrm.extra.perf.PAPI_TOT_CYC.192184,1084457360741.0
1770017277.4518404,nrm.extra.perf.PAPI_RES_STL.192184,537779672847.0
1770017277.4518404,nrm.extra.perf.PAPI_L3_TCM.192184,197906188.0
1770017278.4519103,nrm.extra.perf.PAPI_L3_TCA.192184,2452794068.0
1770017278.4519103,nrm.extra.perf.PAPI_TOT_INS.192184,797434482672.0
1770017278.4519103,nrm.extra.perf.PAPI_TOT_CYC.192184,1362687608549.0
1770017278.4519103,nrm.extra.perf.PAPI_RES_STL.192184,676437705754.0
1770017278.4519103,nrm.extra.perf.PAPI_L3_TCM.192184,247799864.0
1770017279.4549704,nrm.extra.perf.PAPI_L3_TCA.192184,2957882005.0
1770017279.4549704,nrm.extra.perf.PAPI_TOT_INS.192184,961470506192.0
1770017279.4549704,nrm.extra.perf.PAPI_TOT_CYC.192184,1642126026530.0
1770017279.4549704,nrm.extra.perf.PAPI_RES_STL.192184,815609935015.0
1770017279.4549704,nrm.extra.perf.PAPI_L3_TCM.192184,298173560.0
1770017280.4518955,nrm.extra.perf.PAPI_L3_TCA.192184,3454208925.0
1770017280.4518955,nrm.extra.perf.PAPI_TOT_INS.192184,1122747150560.0
1770017280.4518955,nrm.extra.perf.PAPI_TOT_CYC.192184,1917882560495.0
1770017280.4518955,nrm.extra.perf.PAPI_RES_STL.192184,952194200854.0
1770017280.4518955,nrm.extra.perf.PAPI_L3_TCM.192184,347327479.0
1770017281.4542694,nrm.extra.perf.PAPI_L3_TCA.192184,3960131201.0
1770017281.4542694,nrm.extra.perf.PAPI_TOT_INS.192184,1287105361811.0
1770017281.4542694,nrm.extra.perf.PAPI_TOT_CYC.192184,2197160836231.0
1770017281.4542694,nrm.extra.perf.PAPI_RES_STL.192184,1091288041381.0
1770017281.4542694,nrm.extra.perf.PAPI_L3_TCM.192184,397077201.0
1770017282.4538984,nrm.extra.perf.PAPI_L3_TCA.192184,4455877356.0
1770017282.4538984,nrm.extra.perf.PAPI_TOT_INS.192184,1448503301505.0
1770017282.4538984,nrm.extra.perf.PAPI_TOT_CYC.192184,2475310708716.0
1770017282.4538984,nrm.extra.perf.PAPI_RES_STL.192184,1227683084482.0
1770017282.4538984,nrm.extra.perf.PAPI_L3_TCM.192184,447051935.0
1770017283.4519165,nrm.extra.perf.PAPI_L3_TCA.192184,4959063158.0
1770017283.4519165,nrm.extra.perf.PAPI_TOT_INS.192184,1611811447242.0
1770017283.4519165,nrm.extra.perf.PAPI_TOT_CYC.192184,2753659879784.0
1770017283.4519165,nrm.extra.perf.PAPI_RES_STL.192184,1366087324040.0
1770017283.4519165,nrm.extra.perf.PAPI_L3_TCM.192184,497692890.0
1770017284.4538724,nrm.extra.perf.PAPI_L3_TCA.192184,5465309717.0
1770017284.4538724,nrm.extra.perf.PAPI_TOT_INS.192184,1776109178319.0
1770017284.4538724,nrm.extra.perf.PAPI_TOT_CYC.192184,3032942911181.0
1770017284.4538724,nrm.extra.perf.PAPI_RES_STL.192184,1505497236468.0
1770017284.4538724,nrm.extra.perf.PAPI_L3_TCM.192184,548360089.0
1770017285.4519129,nrm.extra.perf.PAPI_L3_TCA.192184,5970681830.0
1770017285.4519129,nrm.extra.perf.PAPI_TOT_INS.192184,1940315126086.0
1770017285.4519129,nrm.extra.perf.PAPI_TOT_CYC.192184,3311551482709.0
1770017285.4519129,nrm.extra.perf.PAPI_RES_STL.192184,1644397850517.0
1770017285.4519129,nrm.extra.perf.PAPI_L3_TCM.192184,598970550.0
1770017286.454914,nrm.extra.perf.PAPI_L3_TCA.192184,6479373266.0
1770017286.454914,nrm.extra.perf.PAPI_TOT_INS.192184,2105345217507.0
1770017286.454914,nrm.extra.perf.PAPI_TOT_CYC.192184,3591309270599.0
1770017286.454914,nrm.extra.perf.PAPI_RES_STL.192184,1784413145059.0
1770017286.454914,nrm.extra.perf.PAPI_L3_TCM.192184,650074165.0
1770017287.4511645,nrm.extra.perf.PAPI_L3_TCA.192184,6861471952.0
1770017287.4511645,nrm.extra.perf.PAPI_TOT_INS.192184,2233701124818.0
1770017287.4511645,nrm.extra.perf.PAPI_TOT_CYC.192184,3829742342230.0
1770017287.4511645,nrm.extra.perf.PAPI_RES_STL.192184,1890204204445.0
1770017287.4511645,nrm.extra.perf.PAPI_L3_TCM.192184,687919543.0
1770017288.455892,nrm.extra.perf.PAPI_L3_TCA.192184,7328155595.0
1770017288.455892,nrm.extra.perf.PAPI_TOT_INS.192184,2385862103508.0
1770017288.455892,nrm.extra.perf.PAPI_TOT_CYC.192184,4092232746256.0
1770017288.455892,nrm.extra.perf.PAPI_RES_STL.192184,2018669016901.0
1770017288.455892,nrm.extra.perf.PAPI_L3_TCM.192184,734373860.0
1770017289.4518576,nrm.extra.perf.PAPI_L3_TCA.192184,7787983437.0
1770017289.4518576,nrm.extra.perf.PAPI_TOT_INS.192184,2536350220105.0
1770017289.4518576,nrm.extra.perf.PAPI_TOT_CYC.192184,4354770552266.0
1770017289.4518576,nrm.extra.perf.PAPI_RES_STL.192184,2145519918555.0
1770017289.4518576,nrm.extra.perf.PAPI_L3_TCM.192184,779789580.0
1770017290.4519053,nrm.extra.perf.PAPI_L3_TCA.192184,8284563063.0
1770017290.4519053,nrm.extra.perf.PAPI_TOT_INS.192184,2697804782671.0
1770017290.4519053,nrm.extra.perf.PAPI_TOT_CYC.192184,4629237742812.0
1770017290.4519053,nrm.extra.perf.PAPI_RES_STL.192184,2282110242699.0
1770017290.4519053,nrm.extra.perf.PAPI_L3_TCM.192184,829035984.0
1770017291.4519176,nrm.extra.perf.PAPI_L3_TCA.192184,8779518868.0
1770017291.4519176,nrm.extra.perf.PAPI_TOT_INS.192184,2858717330921.0
1770017291.4519176,nrm.extra.perf.PAPI_TOT_CYC.192184,4903393874912.0
1770017291.4519176,nrm.extra.perf.PAPI_RES_STL.192184,2418193471401.0
1770017291.4519176,nrm.extra.perf.PAPI_L3_TCM.192184,878507792.0
1770017292.4542437,nrm.extra.perf.PAPI_L3_TCA.192184,9284206500.0
1770017292.4542437,nrm.extra.perf.PAPI_TOT_INS.192184,3023023407629.0
1770017292.4542437,nrm.extra.perf.PAPI_TOT_CYC.192184,5183463712458.0
1770017292.4542437,nrm.extra.perf.PAPI_RES_STL.192184,2557264478999.0
1770017292.4542437,nrm.extra.perf.PAPI_L3_TCM.192184,928306368.0
1770017293.4529386,nrm.extra.perf.PAPI_L3_TCA.192184,9786698670.0
1770017293.4529386,nrm.extra.perf.PAPI_TOT_INS.192184,3186166697003.0
1770017293.4529386,nrm.extra.perf.PAPI_TOT_CYC.192184,5462229926474.0
1770017293.4529386,nrm.extra.perf.PAPI_RES_STL.192184,2695765647400.0
1770017293.4529386,nrm.extra.perf.PAPI_L3_TCM.192184,978459481.0
1770017294.455003,nrm.extra.perf.PAPI_L3_TCA.192184,10293779955.0
1770017294.455003,nrm.extra.perf.PAPI_TOT_INS.192184,3350818436042.0
1770017294.455003,nrm.extra.perf.PAPI_TOT_CYC.192184,5741568775487.0
1770017294.455003,nrm.extra.perf.PAPI_RES_STL.192184,2835046428797.0
1770017294.455003,nrm.extra.perf.PAPI_L3_TCM.192184,1028932250.0
1770017295.4518647,nrm.extra.perf.PAPI_L3_TCA.192184,10716272423.0
1770017295.4518647,nrm.extra.perf.PAPI_TOT_INS.192184,3490476703639.0
1770017295.4518647,nrm.extra.perf.PAPI_TOT_CYC.192184,5990456538438.0
1770017295.4518647,nrm.extra.perf.PAPI_RES_STL.192184,2951899927193.0
1770017295.4518647,nrm.extra.perf.PAPI_L3_TCM.192184,1071182856.0
1770017296.4519258,nrm.extra.perf.PAPI_L3_TCA.192184,11205813034.0
1770017296.4519258,nrm.extra.perf.PAPI_TOT_INS.192184,3650292255088.0
1770017296.4519258,nrm.extra.perf.PAPI_TOT_CYC.192184,6266800576763.0
1770017296.4519258,nrm.extra.perf.PAPI_RES_STL.192184,3086720106492.0
1770017296.4519258,nrm.extra.perf.PAPI_L3_TCM.192184,1120017429.0
1770017297.453782,nrm.extra.perf.PAPI_L3_TCA.192184,11706194385.0
1770017297.453782,nrm.extra.perf.PAPI_TOT_INS.192184,3813367165701.0
1770017297.453782,nrm.extra.perf.PAPI_TOT_CYC.192184,6545717320613.0
1770017297.453782,nrm.extra.perf.PAPI_RES_STL.192184,3224710681734.0
1770017297.453782,nrm.extra.perf.PAPI_L3_TCM.192184,1169631960.0
1770017298.4538813,nrm.extra.perf.PAPI_L3_TCA.192184,12156931098.0
1770017298.4538813,nrm.extra.perf.PAPI_TOT_INS.192184,3961511227606.0
1770017298.4538813,nrm.extra.perf.PAPI_TOT_CYC.192184,6807114627165.0
1770017298.4538813,nrm.extra.perf.PAPI_RES_STL.192184,3349010078348.0
1770017298.4538813,nrm.extra.perf.PAPI_L3_TCM.192184,1214699742.0
1770017299.451922,nrm.extra.perf.PAPI_L3_TCA.192184,12654256045.0
1770017299.451922,nrm.extra.perf.PAPI_TOT_INS.192184,4123130044223.0
1770017299.451922,nrm.extra.perf.PAPI_TOT_CYC.192184,7081876442493.0
1770017299.451922,nrm.extra.perf.PAPI_RES_STL.192184,3486049753378.0
1770017299.451922,nrm.extra.perf.PAPI_L3_TCM.192184,1264499919.0
1770017300.4549038,nrm.extra.perf.PAPI_L3_TCA.192184,13160060988.0
1770017300.4549038,nrm.extra.perf.PAPI_TOT_INS.192184,4287318579402.0
1770017300.4549038,nrm.extra.perf.PAPI_TOT_CYC.192184,7360732164139.0
1770017300.4549038,nrm.extra.perf.PAPI_RES_STL.192184,3625308306038.0
1770017300.4549038,nrm.extra.perf.PAPI_L3_TCM.192184,1315000445.0
1770017301.4519465,nrm.extra.perf.PAPI_L3_TCA.192184,13662028833.0
1770017301.4519465,nrm.extra.perf.PAPI_TOT_INS.192184,4450486933542.0
1770017301.4519465,nrm.extra.perf.PAPI_TOT_CYC.192184,7639355962270.0
1770017301.4519465,nrm.extra.perf.PAPI_RES_STL.192184,3763374325584.0
1770017301.4519465,nrm.extra.perf.PAPI_L3_TCM.192184,1365280090.0
1770017302.4519248,nrm.extra.perf.PAPI_L3_TCA.192184,14166268195.0
1770017302.4519248,nrm.extra.perf.PAPI_TOT_INS.192184,4614059837229.0
1770017302.4519248,nrm.extra.perf.PAPI_TOT_CYC.192184,7917283678269.0
1770017302.4519248,nrm.extra.perf.PAPI_RES_STL.192184,3902345381995.0
1770017302.4519248,nrm.extra.perf.PAPI_L3_TCM.192184,1415655423.0
1770017303.4519548,nrm.extra.perf.PAPI_L3_TCA.192184,14670442526.0
1770017303.4519548,nrm.extra.perf.PAPI_TOT_INS.192184,4777896424989.0
1770017303.4519548,nrm.extra.perf.PAPI_TOT_CYC.192184,8195250679203.0
1770017303.4519548,nrm.extra.perf.PAPI_RES_STL.192184,4040936012176.0
1770017303.4519548,nrm.extra.perf.PAPI_L3_TCM.192184,1465935471.0
1770017304.453892,nrm.extra.perf.PAPI_L3_TCA.192184,15155496654.0
1770017304.453892,nrm.extra.perf.PAPI_TOT_INS.192184,4935716872705.0
1770017304.453892,nrm.extra.perf.PAPI_TOT_CYC.192184,8466299800987.0
1770017304.453892,nrm.extra.perf.PAPI_RES_STL.192184,4174588870669.0
1770017304.453892,nrm.extra.perf.PAPI_L3_TCM.192184,1514286409.0
1770017305.4549236,nrm.extra.perf.PAPI_L3_TCA.192184,15602446652.0
1770017305.4549236,nrm.extra.perf.PAPI_TOT_INS.192184,5082948596184.0
1770017305.4549236,nrm.extra.perf.PAPI_TOT_CYC.192184,8726763899639.0
1770017305.4549236,nrm.extra.perf.PAPI_RES_STL.192184,4297938739901.0
1770017305.4549236,nrm.extra.perf.PAPI_L3_TCM.192184,1558771455.0
1770017306.4518657,nrm.extra.perf.PAPI_L3_TCA.192184,16099208848.0
1770017306.4518657,nrm.extra.perf.PAPI_TOT_INS.192184,5244279904026.0
1770017306.4518657,nrm.extra.perf.PAPI_TOT_CYC.192184,9001264280404.0
1770017306.4518657,nrm.extra.perf.PAPI_RES_STL.192184,4434662932922.0
1770017306.4518657,nrm.extra.perf.PAPI_L3_TCM.192184,1608217648.0
1770017307.4519496,nrm.extra.perf.PAPI_L3_TCA.192184,16597976527.0
1770017307.4519496,nrm.extra.perf.PAPI_TOT_INS.192184,5406447792450.0
1770017307.4519496,nrm.extra.perf.PAPI_TOT_CYC.192184,9278697119809.0
1770017307.4519496,nrm.extra.perf.PAPI_RES_STL.192184,4571716764839.0
1770017307.4519496,nrm.extra.perf.PAPI_L3_TCM.192184,1658258013.0
1770017308.45188,nrm.extra.perf.PAPI_L3_TCA.192184,17042738367.0
1770017308.45188,nrm.extra.perf.PAPI_TOT_INS.192184,5552726999823.0
1770017308.45188,nrm.extra.perf.PAPI_TOT_CYC.192184,9537664260196.0
1770017308.45188,nrm.extra.perf.PAPI_RES_STL.192184,4694536905504.0
1770017308.45188,nrm.extra.perf.PAPI_L3_TCM.192184,1702494385.0
1770017309.451918,nrm.extra.perf.PAPI_L3_TCA.192184,17545092278.0
1770017309.451918,nrm.extra.perf.PAPI_TOT_INS.192184,5715463962083.0
1770017309.451918,nrm.extra.perf.PAPI_TOT_CYC.192184,9813552593782.0
1770017309.451918,nrm.extra.perf.PAPI_RES_STL.192184,4832411425229.0
1770017309.451918,nrm.extra.perf.PAPI_L3_TCM.192184,1752398517.0
1770017310.4519386,nrm.extra.perf.PAPI_L3_TCA.192184,18012160965.0
1770017310.4519386,nrm.extra.perf.PAPI_TOT_INS.192184,5868197823428.0
1770017310.4519386,nrm.extra.perf.PAPI_TOT_CYC.192184,10079288086788.0
1770017310.4519386,nrm.extra.perf.PAPI_RES_STL.192184,4961162382117.0
1770017310.4519386,nrm.extra.perf.PAPI_L3_TCM.192184,1798240299.0
1770017311.451937,nrm.extra.perf.PAPI_L3_TCA.192184,18511409261.0
1770017311.451937,nrm.extra.perf.PAPI_TOT_INS.192184,6030262991549.0
1770017311.451937,nrm.extra.perf.PAPI_TOT_CYC.192184,10355903467941.0
1770017311.451937,nrm.extra.perf.PAPI_RES_STL.192184,5098256737498.0
1770017311.451937,nrm.extra.perf.PAPI_L3_TCM.192184,1847537144.0
1770017312.451898,nrm.extra.perf.PAPI_L3_TCA.192184,19014739136.0
1770017312.451898,nrm.extra.perf.PAPI_TOT_INS.192184,6193618865633.0
1770017312.451898,nrm.extra.perf.PAPI_TOT_CYC.192184,10634657547120.0
1770017312.451898,nrm.extra.perf.PAPI_RES_STL.192184,5236822929040.0
1770017312.451898,nrm.extra.perf.PAPI_L3_TCM.192184,1896710899.0
1770017313.451957,nrm.extra.perf.PAPI_L3_TCA.192184,19516868783.0
1770017313.451957,nrm.extra.perf.PAPI_TOT_INS.192184,6356764172334.0
1770017313.451957,nrm.extra.perf.PAPI_TOT_CYC.192184,10913205932076.0
1770017313.451957,nrm.extra.perf.PAPI_RES_STL.192184,5375080907587.0
1770017313.451957,nrm.extra.perf.PAPI_L3_TCM.192184,1945937374.0
1770017314.4539685,nrm.extra.perf.PAPI_L3_TCA.192184,20024026264.0
1770017314.4539685,nrm.extra.perf.PAPI_TOT_INS.192184,6521188817317.0
1770017314.4539685,nrm.extra.perf.PAPI_TOT_CYC.192184,11192658375144.0
1770017314.4539685,nrm.extra.perf.PAPI_RES_STL.192184,5514500715278.0
1770017314.4539685,nrm.extra.perf.PAPI_L3_TCM.192184,1995909731.0
1770017315.451902,nrm.extra.perf.PAPI_L3_TCA.192184,20466707491.0
1770017315.451902,nrm.extra.perf.PAPI_TOT_INS.192184,6666750510510.0
1770017315.451902,nrm.extra.perf.PAPI_TOT_CYC.192184,11450597488125.0
1770017315.451902,nrm.extra.perf.PAPI_RES_STL.192184,5636780192866.0
1770017315.451902,nrm.extra.perf.PAPI_L3_TCM.192184,2039565982.0
1770017316.4548957,nrm.extra.perf.PAPI_L3_TCA.192184,20948211891.0
1770017316.4548957,nrm.extra.perf.PAPI_TOT_INS.192184,6823611314670.0
1770017316.4548957,nrm.extra.perf.PAPI_TOT_CYC.192184,11720422948844.0
1770017316.4548957,nrm.extra.perf.PAPI_RES_STL.192184,5769320261183.0
1770017316.4548957,nrm.extra.perf.PAPI_L3_TCM.192184,2088121491.0
1770017317.4519253,nrm.extra.perf.PAPI_L3_TCA.192184,21447845180.0
1770017317.4519253,nrm.extra.perf.PAPI_TOT_INS.192184,6985667659793.0
1770017317.4519253,nrm.extra.perf.PAPI_TOT_CYC.192184,11996828432649.0
1770017317.4519253,nrm.extra.perf.PAPI_RES_STL.192184,5906640505059.0
1770017317.4519253,nrm.extra.perf.PAPI_L3_TCM.192184,2137814625.0
1770017318.4558349,nrm.extra.perf.PAPI_L3_TCA.192184,21952012679.0
1770017318.4558349,nrm.extra.perf.PAPI_TOT_INS.192184,7149498985716.0
1770017318.4558349,nrm.extra.perf.PAPI_TOT_CYC.192184,12276172089827.0
1770017318.4558349,nrm.extra.perf.PAPI_RES_STL.192184,6045339941074.0
1770017318.4558349,nrm.extra.perf.PAPI_L3_TCM.192184,2187541780.0
1770017319.4548857,nrm.extra.perf.PAPI_L3_TCA.192184,22452557788.0
1770017319.4548857,nrm.extra.perf.PAPI_TOT_INS.192184,7311924800865.0
1770017319.4548857,nrm.extra.perf.PAPI_TOT_CYC.192184,12553903914286.0
1770017319.4548857,nrm.extra.perf.PAPI_RES_STL.192184,6183136196266.0
1770017319.4548857,nrm.extra.perf.PAPI_L3_TCM.192184,2237497385.0
1770017320.4518766,nrm.extra.perf.PAPI_L3_TCA.192184,22942934146.0
1770017320.4518766,nrm.extra.perf.PAPI_TOT_INS.192184,7471575473242.0
1770017320.4518766,nrm.extra.perf.PAPI_TOT_CYC.192184,12828100614155.0
1770017320.4518766,nrm.extra.perf.PAPI_RES_STL.192184,6318128425069.0
1770017320.4518766,nrm.extra.perf.PAPI_L3_TCM.192184,2286052735.0
1770017321.4538836,nrm.extra.perf.PAPI_L3_TCA.192184,23443416530.0
1770017321.4538836,nrm.extra.perf.PAPI_TOT_INS.192184,7634148044619.0
1770017321.4538836,nrm.extra.perf.PAPI_TOT_CYC.192184,13107040164272.0
1770017321.4538836,nrm.extra.perf.PAPI_RES_STL.192184,6455893680425.0
1770017321.4538836,nrm.extra.perf.PAPI_L3_TCM.192184,2335450426.0
1770017322.4519682,nrm.extra.perf.PAPI_L3_TCA.192184,23951232847.0
1770017322.4519682,nrm.extra.perf.PAPI_TOT_INS.192184,7798764020914.0
1770017322.4519682,nrm.extra.perf.PAPI_TOT_CYC.192184,13386026949418.0
1770017322.4519682,nrm.extra.perf.PAPI_RES_STL.192184,6595457441726.0
1770017322.4519682,nrm.extra.perf.PAPI_L3_TCM.192184,2385535571.0
1770017323.4558835,nrm.extra.perf.PAPI_L3_TCA.192184,24459076925.0
1770017323.4558835,nrm.extra.perf.PAPI_TOT_INS.192184,7963327277070.0
1770017323.4558835,nrm.extra.perf.PAPI_TOT_CYC.192184,13666071030297.0
1770017323.4558835,nrm.extra.perf.PAPI_RES_STL.192184,6735369262853.0
1770017323.4558835,nrm.extra.perf.PAPI_L3_TCM.192184,2435399827.0
1770017324.451884,nrm.extra.perf.PAPI_L3_TCA.192184,24961667836.0
1770017324.451884,nrm.extra.perf.PAPI_TOT_INS.192184,8126165105988.0
1770017324.451884,nrm.extra.perf.PAPI_TOT_CYC.192184,13942382372323.0
1770017324.451884,nrm.extra.perf.PAPI_RES_STL.192184,6873496013533.0
1770017324.451884,nrm.extra.perf.PAPI_L3_TCM.192184,2484877898.0
1770017325.4519079,nrm.extra.perf.PAPI_L3_TCA.192184,25469150563.0
1770017325.4519079,nrm.extra.perf.PAPI_TOT_INS.192184,8290713015821.0
1770017325.4519079,nrm.extra.perf.PAPI_TOT_CYC.192184,14221398983773.0
1770017325.4519079,nrm.extra.perf.PAPI_RES_STL.192184,7013356719541.0
1770017325.4519079,nrm.extra.perf.PAPI_L3_TCM.192184,2534575519.0
1770017326.452041,nrm.extra.perf.PAPI_L3_TCA.192184,25943881799.0
1770017326.452041,nrm.extra.perf.PAPI_TOT_INS.192184,8445665716207.0
1770017326.452041,nrm.extra.perf.PAPI_TOT_CYC.192184,14489748016967.0
1770017326.452041,nrm.extra.perf.PAPI_RES_STL.192184,7143987104521.0
1770017326.452041,nrm.extra.perf.PAPI_L3_TCM.192184,2581101310.0
1770017327.4518783,nrm.extra.perf.PAPI_L3_TCA.192184,26441785516.0
1770017327.4518783,nrm.extra.perf.PAPI_TOT_INS.192184,8607267587618.0
1770017327.4518783,nrm.extra.perf.PAPI_TOT_CYC.192184,14766425456211.0
1770017327.4518783,nrm.extra.perf.PAPI_RES_STL.192184,7280945354094.0
1770017327.4518783,nrm.extra.perf.PAPI_L3_TCM.192184,2630309591.0
1770017328.4539404,nrm.extra.perf.PAPI_L3_TCA.192184,26947070598.0
1770017328.4539404,nrm.extra.perf.PAPI_TOT_INS.192184,8771128214170.0
1770017328.4539404,nrm.extra.perf.PAPI_TOT_CYC.192184,15045250478703.0
1770017328.4539404,nrm.extra.perf.PAPI_RES_STL.192184,7419651510773.0
1770017328.4539404,nrm.extra.perf.PAPI_L3_TCM.192184,2680110371.0
1770017329.451883,nrm.extra.perf.PAPI_L3_TCA.192184,27397810930.0
1770017329.451883,nrm.extra.perf.PAPI_TOT_INS.192184,8918994179897.0
1770017329.451883,nrm.extra.perf.PAPI_TOT_CYC.192184,15305227057710.0
1770017329.451883,nrm.extra.perf.PAPI_RES_STL.192184,7543822462991.0
1770017329.451883,nrm.extra.perf.PAPI_L3_TCM.192184,2724684527.0
1770017330.4536767,nrm.extra.perf.PAPI_L3_TCA.192184,27899695455.0
1770017330.4536767,nrm.extra.perf.PAPI_TOT_INS.192184,9081890618754.0
1770017330.4536767,nrm.extra.perf.PAPI_TOT_CYC.192184,15581777206682.0
1770017330.4536767,nrm.extra.perf.PAPI_RES_STL.192184,7681676641200.0
1770017330.4536767,nrm.extra.perf.PAPI_L3_TCM.192184,2773811681.0
1770017331.4519055,nrm.extra.perf.PAPI_L3_TCA.192184,28402494569.0
1770017331.4519055,nrm.extra.perf.PAPI_TOT_INS.192184,9244622003480.0
1770017331.4519055,nrm.extra.perf.PAPI_TOT_CYC.192184,15858038699551.0
1770017331.4519055,nrm.extra.perf.PAPI_RES_STL.192184,7820067563010.0
1770017331.4519055,nrm.extra.perf.PAPI_L3_TCM.192184,2823625440.0
1770017332.4519196,nrm.extra.perf.PAPI_L3_TCA.192184,28905714959.0
1770017332.4519196,nrm.extra.perf.PAPI_TOT_INS.192184,9407901058318.0
1770017332.4519196,nrm.extra.perf.PAPI_TOT_CYC.192184,16136558525436.0
1770017332.4519196,nrm.extra.perf.PAPI_RES_STL.192184,7958519434931.0
1770017332.4519196,nrm.extra.perf.PAPI_L3_TCM.192184,2873448946.0
1770017333.4519088,nrm.extra.perf.PAPI_L3_TCA.192184,29409531961.0
1770017333.4519088,nrm.extra.perf.PAPI_TOT_INS.192184,9571263647196.0
1770017333.4519088,nrm.extra.perf.PAPI_TOT_CYC.192184,16414485341636.0
1770017333.4519088,nrm.extra.perf.PAPI_RES_STL.192184,8097164231510.0
1770017333.4519088,nrm.extra.perf.PAPI_L3_TCM.192184,2923117169.0
1770017334.451919,nrm.extra.perf.PAPI_L3_TCA.192184,29915315505.0
1770017334.451919,nrm.extra.perf.PAPI_TOT_INS.192184,9735370064245.0
1770017334.451919,nrm.extra.perf.PAPI_TOT_CYC.192184,16692771920036.0
1770017334.451919,nrm.extra.perf.PAPI_RES_STL.192184,8236189899995.0
1770017334.451919,nrm.extra.perf.PAPI_L3_TCM.192184,2972723693.0
1770017335.4518874,nrm.extra.perf.PAPI_L3_TCA.192184,30420886061.0
1770017335.4518874,nrm.extra.perf.PAPI_TOT_INS.192184,9899351787656.0
1770017335.4518874,nrm.extra.perf.PAPI_TOT_CYC.192184,16971651260217.0
1770017335.4518874,nrm.extra.perf.PAPI_RES_STL.192184,8375207419669.0
1770017335.4518874,nrm.extra.perf.PAPI_L3_TCM.192184,3022613673.0
1770017336.4519165,nrm.extra.perf.PAPI_L3_TCA.192184,30923788798.0
1770017336.4519165,nrm.extra.perf.PAPI_TOT_INS.192184,10062639039484.0
1770017336.4519165,nrm.extra.perf.PAPI_TOT_CYC.192184,17250848980826.0
1770017336.4519165,nrm.extra.perf.PAPI_RES_STL.192184,8513751762076.0
1770017336.4519165,nrm.extra.perf.PAPI_L3_TCM.192184,3072225643.0
1770017337.451918,nrm.extra.perf.PAPI_L3_TCA.192184,31428825350.0
1770017337.451918,nrm.extra.perf.PAPI_TOT_INS.192184,10226313524643.0
1770017337.451918,nrm.extra.perf.PAPI_TOT_CYC.192184,17529385195866.0
1770017337.451918,nrm.extra.perf.PAPI_RES_STL.192184,8652891791464.0
1770017337.451918,nrm.extra.perf.PAPI_L3_TCM.192184,3121759752.0
1770017338.4518878,nrm.extra.perf.PAPI_L3_TCA.192184,31860239498.0
1770017338.4518878,nrm.extra.perf.PAPI_TOT_INS.192184,10368419786139.0
1770017338.4518878,nrm.extra.perf.PAPI_TOT_CYC.192184,17780903360428.0
1770017338.4518878,nrm.extra.perf.PAPI_RES_STL.192184,8771925331524.0
1770017338.4518878,nrm.extra.perf.PAPI_L3_TCM.192184,3163891427.0
1770017339.4519038,nrm.extra.perf.PAPI_L3_TCA.192184,32357600497.0
1770017339.4519038,nrm.extra.perf.PAPI_TOT_INS.192184,10529919710251.0
1770017339.4519038,nrm.extra.perf.PAPI_TOT_CYC.192184,18057195091918.0
1770017339.4519038,nrm.extra.perf.PAPI_RES_STL.192184,8908537868140.0
1770017339.4519038,nrm.extra.perf.PAPI_L3_TCM.192184,3213210883.0
1770017340.4517481,nrm.extra.perf.PAPI_L3_TCA.192184,32855305116.0
1770017340.4517481,nrm.extra.perf.PAPI_TOT_INS.192184,10692067605330.0
1770017340.4517481,nrm.extra.perf.PAPI_TOT_CYC.192184,18335079890157.0
1770017340.4517481,nrm.extra.perf.PAPI_RES_STL.192184,9045262020104.0
1770017340.4517481,nrm.extra.perf.PAPI_L3_TCM.192184,3261922995.0
1770017341.4519458,nrm.extra.perf.PAPI_L3_TCA.192184,33353272587.0
1770017341.4519458,nrm.extra.perf.PAPI_TOT_INS.192184,10853953147265.0
1770017341.4519458,nrm.extra.perf.PAPI_TOT_CYC.192184,18613239931438.0
1770017341.4519458,nrm.extra.perf.PAPI_RES_STL.192184,9182207533129.0
1770017341.4519458,nrm.extra.perf.PAPI_L3_TCM.192184,3311189794.0
1770017342.4519954,nrm.extra.perf.PAPI_L3_TCA.192184,33856280736.0
1770017342.4519954,nrm.extra.perf.PAPI_TOT_INS.192184,11017323464094.0
1770017342.4519954,nrm.extra.perf.PAPI_TOT_CYC.192184,18892864897365.0
1770017342.4519954,nrm.extra.perf.PAPI_RES_STL.192184,9320501979587.0
1770017342.4519954,nrm.extra.perf.PAPI_L3_TCM.192184,3360762834.0
1770017343.4519262,nrm.extra.perf.PAPI_L3_TCA.192184,34359829149.0
1770017343.4519262,nrm.extra.perf.PAPI_TOT_INS.192184,11180658595345.0
1770017343.4519262,nrm.extra.perf.PAPI_TOT_CYC.192184,19170810418014.0
1770017343.4519262,nrm.extra.perf.PAPI_RES_STL.192184,9458780187709.0
1770017343.4519262,nrm.extra.perf.PAPI_L3_TCM.192184,3409987621.0
1770017344.4519231,nrm.extra.perf.PAPI_L3_TCA.192184,34787647907.0
1770017344.4519231,nrm.extra.perf.PAPI_TOT_INS.192184,11321956169087.0
1770017344.4519231,nrm.extra.perf.PAPI_TOT_CYC.192184,19422137204351.0
1770017344.4519231,nrm.extra.perf.PAPI_RES_STL.192184,9576971178024.0
1770017344.4519231,nrm.extra.perf.PAPI_L3_TCM.192184,3452272059.0
1770017345.4519155,nrm.extra.perf.PAPI_L3_TCA.192184,35288905222.0
1770017345.4519155,nrm.extra.perf.PAPI_TOT_INS.192184,11484294300194.0
1770017345.4519155,nrm.extra.perf.PAPI_TOT_CYC.192184,19698246678084.0
1770017345.4519155,nrm.extra.perf.PAPI_RES_STL.192184,9714781857149.0
1770017345.4519155,nrm.extra.perf.PAPI_L3_TCM.192184,3502011862.0
1770017346.4519203,nrm.extra.perf.PAPI_L3_TCA.192184,35794998313.0
1770017346.4519203,nrm.extra.perf.PAPI_TOT_INS.192184,11648399332690.0
1770017346.4519203,nrm.extra.perf.PAPI_TOT_CYC.192184,19977140242916.0
1770017346.4519203,nrm.extra.perf.PAPI_RES_STL.192184,9854153443384.0
1770017346.4519203,nrm.extra.perf.PAPI_L3_TCM.192184,3551845260.0
1770017347.4519215,nrm.extra.perf.PAPI_L3_TCA.192184,36303170413.0
1770017347.4519215,nrm.extra.perf.PAPI_TOT_INS.192184,11813262586464.0
1770017347.4519215,nrm.extra.perf.PAPI_TOT_CYC.192184,20256735083003.0
1770017347.4519215,nrm.extra.perf.PAPI_RES_STL.192184,9994180076868.0
1770017347.4519215,nrm.extra.perf.PAPI_L3_TCM.192184,3601914774.0
1770017348.4519327,nrm.extra.perf.PAPI_L3_TCA.192184,36800709559.0
1770017348.4519327,nrm.extra.perf.PAPI_TOT_INS.192184,11975036956464.0
1770017348.4519327,nrm.extra.perf.PAPI_TOT_CYC.192184,20534499055217.0
1770017348.4519327,nrm.extra.perf.PAPI_RES_STL.192184,10130941573232.0
1770017348.4519327,nrm.extra.perf.PAPI_L3_TCM.192184,3651074850.0
1770017349.4519763,nrm.extra.perf.PAPI_L3_TCA.192184,37287214236.0
1770017349.4519763,nrm.extra.perf.PAPI_TOT_INS.192184,12133617511213.0
1770017349.4519763,nrm.extra.perf.PAPI_TOT_CYC.192184,20808581645307.0
1770017349.4519763,nrm.extra.perf.PAPI_RES_STL.192184,10264895973274.0
1770017349.4519763,nrm.extra.perf.PAPI_L3_TCM.192184,3699264907.0
1770017350.4517064,nrm.extra.perf.PAPI_L3_TCA.192184,37707381140.0
1770017350.4517064,nrm.extra.perf.PAPI_TOT_INS.192184,12272745514869.0
1770017350.4517064,nrm.extra.perf.PAPI_TOT_CYC.192184,21059253042429.0
1770017350.4517064,nrm.extra.perf.PAPI_RES_STL.192184,10380474760140.0
1770017350.4517064,nrm.extra.perf.PAPI_L3_TCM.192184,3740280619.0
1770017351.4549005,nrm.extra.perf.PAPI_L3_TCA.192184,38097752918.0
1770017351.4549005,nrm.extra.perf.PAPI_TOT_INS.192184,12402938499747.0
1770017351.4549005,nrm.extra.perf.PAPI_TOT_CYC.192184,21296168565947.0
1770017351.4549005,nrm.extra.perf.PAPI_RES_STL.192184,10488810008998.0
1770017351.4549005,nrm.extra.perf.PAPI_L3_TCM.192184,3778754525.0
1770017352.4518783,nrm.extra.perf.PAPI_L3_TCA.192184,38596043515.0
1770017352.4518783,nrm.extra.perf.PAPI_TOT_INS.192184,12564454944189.0
1770017352.4518783,nrm.extra.perf.PAPI_TOT_CYC.192184,21571060581943.0
1770017352.4518783,nrm.extra.perf.PAPI_RES_STL.192184,10625709007090.0
1770017352.4518783,nrm.extra.perf.PAPI_L3_TCM.192184,3827959756.0
1770017353.4519486,nrm.extra.perf.PAPI_L3_TCA.192184,39097363234.0
1770017353.4519486,nrm.extra.perf.PAPI_TOT_INS.192184,12727207001581.0
1770017353.4519486,nrm.extra.perf.PAPI_TOT_CYC.192184,21847627018188.0
1770017353.4519486,nrm.extra.perf.PAPI_RES_STL.192184,10763298570842.0
1770017353.4519486,nrm.extra.perf.PAPI_L3_TCM.192184,3877037413.0
1770017354.4539614,nrm.extra.perf.PAPI_L3_TCA.192184,39603538337.0
1770017354.4539614,nrm.extra.perf.PAPI_TOT_INS.192184,12891205412076.0
1770017354.4539614,nrm.extra.perf.PAPI_TOT_CYC.192184,22126595838208.0
1770017354.4539614,nrm.extra.perf.PAPI_RES_STL.192184,10902480570763.0
1770017354.4539614,nrm.extra.perf.PAPI_L3_TCM.192184,3926888935.0
1770017355.451944,nrm.extra.perf.PAPI_L3_TCA.192184,40090549751.0
1770017355.451944,nrm.extra.perf.PAPI_TOT_INS.192184,13049822993961.0
1770017355.451944,nrm.extra.perf.PAPI_TOT_CYC.192184,22399884540187.0
1770017355.451944,nrm.extra.perf.PAPI_RES_STL.192184,11036344815099.0
1770017355.451944,nrm.extra.perf.PAPI_L3_TCM.192184,3975440117.0
1770017356.456023,nrm.extra.perf.PAPI_L3_TCA.192184,40599225657.0
1770017356.456023,nrm.extra.perf.PAPI_TOT_INS.192184,13214745496091.0
1770017356.456023,nrm.extra.perf.PAPI_TOT_CYC.192184,22679758465798.0
1770017356.456023,nrm.extra.perf.PAPI_RES_STL.192184,11176072568256.0
1770017356.456023,nrm.extra.perf.PAPI_L3_TCM.192184,4025349205.0
1770017357.4519534,nrm.extra.perf.PAPI_L3_TCA.192184,41103104410.0
1770017357.4519534,nrm.extra.perf.PAPI_TOT_INS.192184,13377984041352.0
1770017357.4519534,nrm.extra.perf.PAPI_TOT_CYC.192184,22957292866846.0
1770017357.4519534,nrm.extra.perf.PAPI_RES_STL.192184,11314531201344.0
1770017357.4519534,nrm.extra.perf.PAPI_L3_TCM.192184,4075035079.0
1770017358.455947,nrm.extra.perf.PAPI_L3_TCA.192184,41609931545.0
1770017358.455947,nrm.extra.perf.PAPI_TOT_INS.192184,13542226525865.0
1770017358.455947,nrm.extra.perf.PAPI_TOT_CYC.192184,23236493449697.0
1770017358.455947,nrm.extra.perf.PAPI_RES_STL.192184,11453763940450.0
1770017358.455947,nrm.extra.perf.PAPI_L3_TCM.192184,4124763481.0
1770017359.4519253,nrm.extra.perf.PAPI_L3_TCA.192184,42108502968.0
1770017359.4519253,nrm.extra.perf.PAPI_TOT_INS.192184,13704276276098.0
1770017359.4519253,nrm.extra.perf.PAPI_TOT_CYC.192184,23514383150006.0
1770017359.4519253,nrm.extra.perf.PAPI_RES_STL.192184,11590959989118.0
1770017359.4519253,nrm.extra.perf.PAPI_L3_TCM.192184,4173821627.0
1770017360.451967,nrm.extra.perf.PAPI_L3_TCA.192184,42613583681.0
1770017360.451967,nrm.extra.perf.PAPI_TOT_INS.192184,13868012556749.0
1770017360.451967,nrm.extra.perf.PAPI_TOT_CYC.192184,23792756037692.0
1770017360.451967,nrm.extra.perf.PAPI_RES_STL.192184,11729555699235.0
1770017360.451967,nrm.extra.perf.PAPI_L3_TCM.192184,4223564545.0
1770017361.451992,nrm.extra.perf.PAPI_L3_TCA.192184,43116636285.0
1770017361.451992,nrm.extra.perf.PAPI_TOT_INS.192184,14031213982964.0
1770017361.451992,nrm.extra.perf.PAPI_TOT_CYC.192184,24071276576902.0
1770017361.451992,nrm.extra.perf.PAPI_RES_STL.192184,11867880058982.0
1770017361.451992,nrm.extra.perf.PAPI_L3_TCM.192184,4273174333.0
1770017362.4570036,nrm.extra.perf.PAPI_L3_TCA.192184,43625993597.0
1770017362.4570036,nrm.extra.perf.PAPI_TOT_INS.192184,14196236903478.0
1770017362.4570036,nrm.extra.perf.PAPI_TOT_CYC.192184,24351888548713.0
1770017362.4570036,nrm.extra.perf.PAPI_RES_STL.192184,12007956352635.0
1770017362.4570036,nrm.extra.perf.PAPI_L3_TCM.192184,4323327573.0
1770017363.4519217,nrm.extra.perf.PAPI_L3_TCA.192184,44129015366.0
1770017363.4519217,nrm.extra.perf.PAPI_TOT_INS.192184,14359381243621.0
1770017363.4519217,nrm.extra.perf.PAPI_TOT_CYC.192184,24628841299207.0
1770017363.4519217,nrm.extra.perf.PAPI_RES_STL.192184,12146308925486.0
1770017363.4519217,nrm.extra.perf.PAPI_L3_TCM.192184,4372709218.0
1770017364.4519324,nrm.extra.perf.PAPI_L3_TCA.192184,44633017927.0
1770017364.4519324,nrm.extra.perf.PAPI_TOT_INS.192184,14522732807668.0
1770017364.4519324,nrm.extra.perf.PAPI_TOT_CYC.192184,24906260006232.0
1770017364.4519324,nrm.extra.perf.PAPI_RES_STL.192184,12284708821895.0
1770017364.4519324,nrm.extra.perf.PAPI_L3_TCM.192184,4422481174.0
1770017365.4519155,nrm.extra.perf.PAPI_L3_TCA.192184,45138668954.0
1770017365.4519155,nrm.extra.perf.PAPI_TOT_INS.192184,14686562347245.0
1770017365.4519155,nrm.extra.perf.PAPI_TOT_CYC.192184,25184501363283.0
1770017365.4519155,nrm.extra.perf.PAPI_RES_STL.192184,12423677064242.0
1770017365.4519155,nrm.extra.perf.PAPI_L3_TCM.192184,4472175525.0
1770017366.4519887,nrm.extra.perf.PAPI_L3_TCA.192184,45647163582.0
1770017366.4519887,nrm.extra.perf.PAPI_TOT_INS.192184,14851301502812.0
1770017366.4519887,nrm.extra.perf.PAPI_TOT_CYC.192184,25463920252026.0
1770017366.4519887,nrm.extra.perf.PAPI_RES_STL.192184,12563236208029.0
1770017366.4519887,nrm.extra.perf.PAPI_L3_TCM.192184,4522177168.0
1770017367.4519207,nrm.extra.perf.PAPI_L3_TCA.192184,46149171288.0
1770017367.4519207,nrm.extra.perf.PAPI_TOT_INS.192184,15014234913666.0
1770017367.4519207,nrm.extra.perf.PAPI_TOT_CYC.192184,25742136769491.0
1770017367.4519207,nrm.extra.perf.PAPI_RES_STL.192184,12701332185041.0
1770017367.4519207,nrm.extra.perf.PAPI_L3_TCM.192184,4571309770.0
1770017368.451899,nrm.extra.perf.PAPI_L3_TCA.192184,46650325005.0
1770017368.451899,nrm.extra.perf.PAPI_TOT_INS.192184,15176684276672.0
1770017368.451899,nrm.extra.perf.PAPI_TOT_CYC.192184,26019157431102.0
1770017368.451899,nrm.extra.perf.PAPI_RES_STL.192184,12839088972924.0
1770017368.451899,nrm.extra.perf.PAPI_L3_TCM.192184,4620349128.0
1770017369.4548843,nrm.extra.perf.PAPI_L3_TCA.192184,47118742880.0
1770017369.4548843,nrm.extra.perf.PAPI_TOT_INS.192184,15329751807518.0
1770017369.4548843,nrm.extra.perf.PAPI_TOT_CYC.192184,26285487734953.0
1770017369.4548843,nrm.extra.perf.PAPI_RES_STL.192184,12967881220804.0
1770017369.4548843,nrm.extra.perf.PAPI_L3_TCM.192184,4666134624.0
1770017370.451953,nrm.extra.perf.PAPI_L3_TCA.192184,47614953376.0
1770017370.451953,nrm.extra.perf.PAPI_TOT_INS.192184,15490953652880.0
1770017370.451953,nrm.extra.perf.PAPI_TOT_CYC.192184,26559917601888.0
1770017370.451953,nrm.extra.perf.PAPI_RES_STL.192184,13104121145510.0
1770017370.451953,nrm.extra.perf.PAPI_L3_TCM.192184,4714614383.0
1770017371.455851,nrm.extra.perf.PAPI_L3_TCA.192184,48120320558.0
1770017371.455851,nrm.extra.perf.PAPI_TOT_INS.192184,15654694343712.0
1770017371.455851,nrm.extra.perf.PAPI_TOT_CYC.192184,26839013449689.0
1770017371.455851,nrm.extra.perf.PAPI_RES_STL.192184,13243150884762.0
1770017371.455851,nrm.extra.perf.PAPI_L3_TCM.192184,4764435816.0
1770017372.4519858,nrm.extra.perf.PAPI_L3_TCA.192184,48624750941.0
1770017372.4519858,nrm.extra.perf.PAPI_TOT_INS.192184,15818275331538.0
1770017372.4519858,nrm.extra.perf.PAPI_TOT_CYC.192184,27117035970764.0
1770017372.4519858,nrm.extra.perf.PAPI_RES_STL.192184,13381673698109.0
1770017372.4519858,nrm.extra.perf.PAPI_L3_TCM.192184,4813929641.0
1770017373.4519832,nrm.extra.perf.PAPI_L3_TCA.192184,49131868889.0
1770017373.4519832,nrm.extra.perf.PAPI_TOT_INS.192184,15982619896928.0
1770017373.4519832,nrm.extra.perf.PAPI_TOT_CYC.192184,27396303571958.0
1770017373.4519832,nrm.extra.perf.PAPI_RES_STL.192184,13521096921518.0
1770017373.4519832,nrm.extra.perf.PAPI_L3_TCM.192184,4863855256.0
1770017374.4526005,nrm.extra.perf.PAPI_L3_TCA.192184,49637319596.0
1770017374.4526005,nrm.extra.perf.PAPI_TOT_INS.192184,16146656926562.0
1770017374.4526005,nrm.extra.perf.PAPI_TOT_CYC.192184,27674976166194.0
1770017374.4526005,nrm.extra.perf.PAPI_RES_STL.192184,13660112362436.0
1770017374.4526005,nrm.extra.perf.PAPI_L3_TCM.192184,4913258885.0
1770017375.453937,nrm.extra.perf.PAPI_L3_TCA.192184,50146313045.0
1770017375.453937,nrm.extra.perf.PAPI_TOT_INS.192184,16311417418476.0
1770017375.453937,nrm.extra.perf.PAPI_TOT_CYC.192184,27954383037268.0
1770017375.453937,nrm.extra.perf.PAPI_RES_STL.192184,13800150251088.0
1770017375.453937,nrm.extra.perf.PAPI_L3_TCM.192184,4963445138.0
1770017376.4519062,nrm.extra.perf.PAPI_L3_TCA.192184,50650144308.0
1770017376.4519062,nrm.extra.perf.PAPI_TOT_INS.192184,16474651582195.0
1770017376.4519062,nrm.extra.perf.PAPI_TOT_CYC.192184,28232047586246.0
1770017376.4519062,nrm.extra.perf.PAPI_RES_STL.192184,13938671021746.0
1770017376.4519062,nrm.extra.perf.PAPI_L3_TCM.192184,5013128609.0
1770017377.452957,nrm.extra.perf.PAPI_L3_TCA.192184,51152563124.0
1770017377.452957,nrm.extra.perf.PAPI_TOT_INS.192184,16637775643316.0
1770017377.452957,nrm.extra.perf.PAPI_TOT_CYC.192184,28510815144433.0
1770017377.452957,nrm.extra.perf.PAPI_RES_STL.192184,14076483777982.0
1770017377.452957,nrm.extra.perf.PAPI_L3_TCM.192184,5062523606.0
1770017378.4539719,nrm.extra.perf.PAPI_L3_TCA.192184,51658890409.0
1770017378.4539719,nrm.extra.perf.PAPI_TOT_INS.192184,16801814507925.0
1770017378.4539719,nrm.extra.perf.PAPI_TOT_CYC.192184,28789644323863.0
1770017378.4539719,nrm.extra.perf.PAPI_RES_STL.192184,14215649148822.0
1770017378.4539719,nrm.extra.perf.PAPI_L3_TCM.192184,5112513394.0
1770017379.4539385,nrm.extra.perf.PAPI_L3_TCA.192184,52153205657.0
1770017379.4539385,nrm.extra.perf.PAPI_TOT_INS.192184,16962543080883.0
1770017379.4539385,nrm.extra.perf.PAPI_TOT_CYC.192184,29065214644569.0
1770017379.4539385,nrm.extra.perf.PAPI_RES_STL.192184,14351562843046.0
1770017379.4539385,nrm.extra.perf.PAPI_L3_TCM.192184,5161232172.0
1770017380.4518957,nrm.extra.perf.PAPI_L3_TCA.192184,52655464739.0
1770017380.4518957,nrm.extra.perf.PAPI_TOT_INS.192184,17125308009462.0
1770017380.4518957,nrm.extra.perf.PAPI_TOT_CYC.192184,29342788941187.0
1770017380.4518957,nrm.extra.perf.PAPI_RES_STL.192184,14489759590394.0
1770017380.4518957,nrm.extra.perf.PAPI_L3_TCM.192184,5210703544.0
1770017381.4538462,nrm.extra.perf.PAPI_L3_TCA.192184,53144474858.0
1770017381.4538462,nrm.extra.perf.PAPI_TOT_INS.192184,17284453754088.0
1770017381.4538462,nrm.extra.perf.PAPI_TOT_CYC.192184,29615420805897.0
1770017381.4538462,nrm.extra.perf.PAPI_RES_STL.192184,14624046644376.0
1770017381.4538462,nrm.extra.perf.PAPI_L3_TCM.192184,5258566273.0
1770017382.451877,nrm.extra.perf.PAPI_L3_TCA.192184,53647273217.0
1770017382.451877,nrm.extra.perf.PAPI_TOT_INS.192184,17447183712672.0
1770017382.451877,nrm.extra.perf.PAPI_TOT_CYC.192184,29891833232157.0
1770017382.451877,nrm.extra.perf.PAPI_RES_STL.192184,14762218858604.0
1770017382.451877,nrm.extra.perf.PAPI_L3_TCM.192184,5308205111.0
1770017383.4559457,nrm.extra.perf.PAPI_L3_TCA.192184,54155837171.0
1770017383.4559457,nrm.extra.perf.PAPI_TOT_INS.192184,17611980409705.0
1770017383.4559457,nrm.extra.perf.PAPI_TOT_CYC.192184,30171252583974.0
1770017383.4559457,nrm.extra.perf.PAPI_RES_STL.192184,14901771639965.0
1770017383.4559457,nrm.extra.perf.PAPI_L3_TCM.192184,5358185087.0
1770017384.4519048,nrm.extra.perf.PAPI_L3_TCA.192184,54660841077.0
1770017384.4519048,nrm.extra.perf.PAPI_TOT_INS.192184,17775653431102.0
1770017384.4519048,nrm.extra.perf.PAPI_TOT_CYC.192184,30448903654372.0
1770017384.4519048,nrm.extra.perf.PAPI_RES_STL.192184,15040860765259.0
1770017384.4519048,nrm.extra.perf.PAPI_L3_TCM.192184,5407338540.0
1770017385.4519384,nrm.extra.perf.PAPI_L3_TCA.192184,55166491701.0
1770017385.4519384,nrm.extra.perf.PAPI_TOT_INS.192184,17939546262750.0
1770017385.4519384,nrm.extra.perf.PAPI_TOT_CYC.192184,30727432430308.0
1770017385.4519384,nrm.extra.perf.PAPI_RES_STL.192184,15179553796669.0
1770017385.4519384,nrm.extra.perf.PAPI_L3_TCM.192184,5456919584.0
1770017386.4559195,nrm.extra.perf.PAPI_L3_TCA.192184,55673709735.0
1770017386.4559195,nrm.extra.perf.PAPI_TOT_INS.192184,18103870075390.0
1770017386.4559195,nrm.extra.perf.PAPI_TOT_CYC.192184,31006724790124.0
1770017386.4559195,nrm.extra.perf.PAPI_RES_STL.192184,15318997007256.0
1770017386.4559195,nrm.extra.perf.PAPI_L3_TCM.192184,5506506391.0
1770017387.4519458,nrm.extra.perf.PAPI_L3_TCA.192184,56180262987.0
1770017387.4519458,nrm.extra.perf.PAPI_TOT_INS.192184,18267781392115.0
1770017387.4519458,nrm.extra.perf.PAPI_TOT_CYC.192184,31284559813650.0
1770017387.4519458,nrm.extra.perf.PAPI_RES_STL.192184,15458018019537.0
1770017387.4519458,nrm.extra.perf.PAPI_L3_TCM.192184,5556454753.0
1770017388.4518757,nrm.extra.perf.PAPI_L3_TCA.192184,56684662193.0
1770017388.4518757,nrm.extra.perf.PAPI_TOT_INS.192184,18431212173018.0
1770017388.4518757,nrm.extra.perf.PAPI_TOT_CYC.192184,31562955962646.0
1770017388.4518757,nrm.extra.perf.PAPI_RES_STL.192184,15596736537570.0
1770017388.4518757,nrm.extra.perf.PAPI_L3_TCM.192184,5605896449.0
1770017389.453932,nrm.extra.perf.PAPI_L3_TCA.192184,57192025432.0
1770017389.453932,nrm.extra.perf.PAPI_TOT_INS.192184,18595708632439.0
1770017389.453932,nrm.extra.perf.PAPI_TOT_CYC.192184,31841977274453.0
1770017389.453932,nrm.extra.perf.PAPI_RES_STL.192184,15736227345219.0
1770017389.453932,nrm.extra.perf.PAPI_L3_TCM.192184,5655689837.0
1770017390.4559667,nrm.extra.perf.PAPI_L3_TCA.192184,57694164741.0
1770017390.4559667,nrm.extra.perf.PAPI_TOT_INS.192184,18758587741529.0
1770017390.4559667,nrm.extra.perf.PAPI_TOT_CYC.192184,32119408948408.0
1770017390.4559667,nrm.extra.perf.PAPI_RES_STL.192184,15873868303519.0
1770017390.4559667,nrm.extra.perf.PAPI_L3_TCM.192184,5705503033.0
1770017391.4519434,nrm.extra.perf.PAPI_L3_TCA.192184,58194737401.0
1770017391.4519434,nrm.extra.perf.PAPI_TOT_INS.192184,18920935392472.0
1770017391.4519434,nrm.extra.perf.PAPI_TOT_CYC.192184,32396746315112.0
1770017391.4519434,nrm.extra.perf.PAPI_RES_STL.192184,16011432226830.0
1770017391.4519434,nrm.extra.perf.PAPI_L3_TCM.192184,5755154357.0
1770017392.451816,nrm.extra.perf.PAPI_L3_TCA.192184,58700291518.0
1770017392.451816,nrm.extra.perf.PAPI_TOT_INS.192184,19084980365186.0
1770017392.451816,nrm.extra.perf.PAPI_TOT_CYC.192184,32675364745378.0
1770017392.451816,nrm.extra.perf.PAPI_RES_STL.192184,16150347588808.0
1770017392.451816,nrm.extra.perf.PAPI_L3_TCM.192184,5804744010.0
1770017393.4519148,nrm.extra.perf.PAPI_L3_TCA.192184,59195713692.0
1770017393.4519148,nrm.extra.perf.PAPI_TOT_INS.192184,19245939592084.0
1770017393.4519148,nrm.extra.perf.PAPI_TOT_CYC.192184,32950917577249.0
1770017393.4519148,nrm.extra.perf.PAPI_RES_STL.192184,16286659397134.0
1770017393.4519148,nrm.extra.perf.PAPI_L3_TCM.192184,5853662193.0
1770017394.453996,nrm.extra.perf.PAPI_L3_TCA.192184,59699838236.0
1770017394.453996,nrm.extra.perf.PAPI_TOT_INS.192184,19409412870655.0
1770017394.453996,nrm.extra.perf.PAPI_TOT_CYC.192184,33229479732102.0
1770017394.453996,nrm.extra.perf.PAPI_RES_STL.192184,16425546886924.0
1770017394.453996,nrm.extra.perf.PAPI_L3_TCM.192184,5903417000.0
1770017395.4549565,nrm.extra.perf.PAPI_L3_TCA.192184,60207922265.0
1770017395.4549565,nrm.extra.perf.PAPI_TOT_INS.192184,19574135086324.0
1770017395.4549565,nrm.extra.perf.PAPI_TOT_CYC.192184,33508802078949.0
1770017395.4549565,nrm.extra.perf.PAPI_RES_STL.192184,16565082156895.0
1770017395.4549565,nrm.extra.perf.PAPI_L3_TCM.192184,5953413871.0
1770017396.4518878,nrm.extra.perf.PAPI_L3_TCA.192184,60710036577.0
1770017396.4518878,nrm.extra.perf.PAPI_TOT_INS.192184,19737108707429.0
1770017396.4518878,nrm.extra.perf.PAPI_TOT_CYC.192184,33787018756719.0
1770017396.4518878,nrm.extra.perf.PAPI_RES_STL.192184,16703534159317.0
1770017396.4518878,nrm.extra.perf.PAPI_L3_TCM.192184,6002699143.0
1770017397.4549525,nrm.extra.perf.PAPI_L3_TCA.192184,61218496288.0
1770017397.4549525,nrm.extra.perf.PAPI_TOT_INS.192184,19901957420931.0
1770017397.4549525,nrm.extra.perf.PAPI_TOT_CYC.192184,34066762835066.0
1770017397.4549525,nrm.extra.perf.PAPI_RES_STL.192184,16843049050567.0
1770017397.4549525,nrm.extra.perf.PAPI_L3_TCM.192184,6052864874.0
1770017398.4519365,nrm.extra.perf.PAPI_L3_TCA.192184,61724293637.0
1770017398.4519365,nrm.extra.perf.PAPI_TOT_INS.192184,20065861115490.0
1770017398.4519365,nrm.extra.perf.PAPI_TOT_CYC.192184,34345060770702.0
1770017398.4519365,nrm.extra.perf.PAPI_RES_STL.192184,16982123564059.0
1770017398.4519365,nrm.extra.perf.PAPI_L3_TCM.192184,6102791834.0
1770017399.4519603,nrm.extra.perf.PAPI_L3_TCA.192184,62226738420.0
1770017399.4519603,nrm.extra.perf.PAPI_TOT_INS.192184,20228839355956.0
1770017399.4519603,nrm.extra.perf.PAPI_TOT_CYC.192184,34623537547488.0
1770017399.4519603,nrm.extra.perf.PAPI_RES_STL.192184,17120414941708.0
1770017399.4519603,nrm.extra.perf.PAPI_L3_TCM.192184,6152632632.0
1770017400.455976,nrm.extra.perf.PAPI_L3_TCA.192184,62728878081.0
1770017400.455976,nrm.extra.perf.PAPI_TOT_INS.192184,20392234248098.0
1770017400.455976,nrm.extra.perf.PAPI_TOT_CYC.192184,34903106393207.0
1770017400.455976,nrm.extra.perf.PAPI_RES_STL.192184,17258303190068.0
1770017400.455976,nrm.extra.perf.PAPI_L3_TCM.192184,6201730537.0
1770017401.451977,nrm.extra.perf.PAPI_L3_TCA.192184,63231706620.0
1770017401.451977,nrm.extra.perf.PAPI_TOT_INS.192184,20555223938198.0
1770017401.451977,nrm.extra.perf.PAPI_TOT_CYC.192184,35180451920359.0
1770017401.451977,nrm.extra.perf.PAPI_RES_STL.192184,17396485352314.0
1770017401.451977,nrm.extra.perf.PAPI_L3_TCM.192184,6251532697.0
1770017402.451961,nrm.extra.perf.PAPI_L3_TCA.192184,63732219411.0
1770017402.451961,nrm.extra.perf.PAPI_TOT_INS.192184,20717850655920.0
1770017402.451961,nrm.extra.perf.PAPI_TOT_CYC.192184,35459395729835.0
1770017402.451961,nrm.extra.perf.PAPI_RES_STL.192184,17534012908230.0
1770017402.451961,nrm.extra.perf.PAPI_L3_TCM.192184,6301137926.0
1770017403.4515505,nrm.extra.perf.PAPI_L3_TCA.192184,64238224613.0
1770017403.4515505,nrm.extra.perf.PAPI_TOT_INS.192184,20881960599745.0
1770017403.4515505,nrm.extra.perf.PAPI_TOT_CYC.192184,35737563023976.0
1770017403.4515505,nrm.extra.perf.PAPI_RES_STL.192184,17673145103316.0
1770017403.4515505,nrm.extra.perf.PAPI_L3_TCM.192184,6350828477.0
1770017404.4549482,nrm.extra.perf.PAPI_L3_TCA.192184,64744620324.0
1770017404.4549482,nrm.extra.perf.PAPI_TOT_INS.192184,21046026987439.0
1770017404.4549482,nrm.extra.perf.PAPI_TOT_CYC.192184,36016868966094.0
1770017404.4549482,nrm.extra.perf.PAPI_RES_STL.192184,17812563833376.0
1770017404.4549482,nrm.extra.perf.PAPI_L3_TCM.192184,6400965003.0
1770017405.451934,nrm.extra.perf.PAPI_L3_TCA.192184,65247025905.0
1770017405.451934,nrm.extra.perf.PAPI_TOT_INS.192184,21208961697639.0
1770017405.451934,nrm.extra.perf.PAPI_TOT_CYC.192184,36294449374463.0
1770017405.451934,nrm.extra.perf.PAPI_RES_STL.192184,17950568737243.0
1770017405.451934,nrm.extra.perf.PAPI_L3_TCM.192184,6450524227.0
1770017406.4519389,nrm.extra.perf.PAPI_L3_TCA.192184,65751308269.0
1770017406.4519389,nrm.extra.perf.PAPI_TOT_INS.192184,21372460069131.0
1770017406.4519389,nrm.extra.perf.PAPI_TOT_CYC.192184,36573169485662.0
1770017406.4519389,nrm.extra.perf.PAPI_RES_STL.192184,18089174032849.0
1770017406.4519389,nrm.extra.perf.PAPI_L3_TCM.192184,6500696999.0
1770017407.4559622,nrm.extra.perf.PAPI_L3_TCA.192184,66259527784.0
1770017407.4559622,nrm.extra.perf.PAPI_TOT_INS.192184,21537263751781.0
1770017407.4559622,nrm.extra.perf.PAPI_TOT_CYC.192184,36853164510277.0
1770017407.4559622,nrm.extra.perf.PAPI_RES_STL.192184,18228677501538.0
1770017407.4559622,nrm.extra.perf.PAPI_L3_TCM.192184,6550867876.0
1770017408.4519453,nrm.extra.perf.PAPI_L3_TCA.192184,66762176920.0
1770017408.4519453,nrm.extra.perf.PAPI_TOT_INS.192184,21700173320471.0
1770017408.4519453,nrm.extra.perf.PAPI_TOT_CYC.192184,37129558703859.0
1770017408.4519453,nrm.extra.perf.PAPI_RES_STL.192184,18366907621791.0
1770017408.4519453,nrm.extra.perf.PAPI_L3_TCM.192184,6600374373.0
1770017409.451985,nrm.extra.perf.PAPI_L3_TCA.192184,67252358509.0
1770017409.451985,nrm.extra.perf.PAPI_TOT_INS.192184,21859657944357.0
1770017409.451985,nrm.extra.perf.PAPI_TOT_CYC.192184,37404914005111.0
1770017409.451985,nrm.extra.perf.PAPI_RES_STL.192184,18501584182572.0
1770017409.451985,nrm.extra.perf.PAPI_L3_TCM.192184,6649066049.0
1770017410.4548998,nrm.extra.perf.PAPI_L3_TCA.192184,67756807942.0
1770017410.4548998,nrm.extra.perf.PAPI_TOT_INS.192184,22023502564889.0
1770017410.4548998,nrm.extra.perf.PAPI_TOT_CYC.192184,37684541637296.0
1770017410.4548998,nrm.extra.perf.PAPI_RES_STL.192184,18640227566766.0
1770017410.4548998,nrm.extra.perf.PAPI_L3_TCM.192184,6698702584.0
1770017411.451919,nrm.extra.perf.PAPI_L3_TCA.192184,68256067245.0
1770017411.451919,nrm.extra.perf.PAPI_TOT_INS.192184,22185685610921.0
1770017411.451919,nrm.extra.perf.PAPI_TOT_CYC.192184,37962255664647.0
1770017411.451919,nrm.extra.perf.PAPI_RES_STL.192184,18777251922675.0
1770017411.451919,nrm.extra.perf.PAPI_L3_TCM.192184,6747992990.0
1770017412.4549344,nrm.extra.perf.PAPI_L3_TCA.192184,68762496933.0
1770017412.4549344,nrm.extra.perf.PAPI_TOT_INS.192184,22349847639248.0
1770017412.4549344,nrm.extra.perf.PAPI_TOT_CYC.192184,38241311097799.0
1770017412.4549344,nrm.extra.perf.PAPI_RES_STL.192184,18916357158886.0
1770017412.4549344,nrm.extra.perf.PAPI_L3_TCM.192184,6798061849.0
1770017413.4519582,nrm.extra.perf.PAPI_L3_TCA.192184,69263650751.0
1770017413.4519582,nrm.extra.perf.PAPI_TOT_INS.192184,22512653684626.0
1770017413.4519582,nrm.extra.perf.PAPI_TOT_CYC.192184,38519539169148.0
1770017413.4519582,nrm.extra.perf.PAPI_RES_STL.192184,19054176208237.0
1770017413.4519582,nrm.extra.perf.PAPI_L3_TCM.192184,6847431603.0
1770017414.4539099,nrm.extra.perf.PAPI_L3_TCA.192184,69769519261.0
1770017414.4539099,nrm.extra.perf.PAPI_TOT_INS.192184,22676785653104.0
1770017414.4539099,nrm.extra.perf.PAPI_TOT_CYC.192184,38799048354979.0
1770017414.4539099,nrm.extra.perf.PAPI_RES_STL.192184,19193120457787.0
1770017414.4539099,nrm.extra.perf.PAPI_L3_TCM.192184,6897575642.0
1770017415.4518814,nrm.extra.perf.PAPI_L3_TCA.192184,70220111753.0
1770017415.4518814,nrm.extra.perf.PAPI_TOT_INS.192184,22824759518364.0
1770017415.4518814,nrm.extra.perf.PAPI_TOT_CYC.192184,39059618619072.0
1770017415.4518814,nrm.extra.perf.PAPI_RES_STL.192184,19317358216232.0
1770017415.4518814,nrm.extra.perf.PAPI_L3_TCM.192184,6942425472.0
1770017416.4559045,nrm.extra.perf.PAPI_L3_TCA.192184,70723846027.0
1770017416.4559045,nrm.extra.perf.PAPI_TOT_INS.192184,22987861821770.0
1770017416.4559045,nrm.extra.perf.PAPI_TOT_CYC.192184,39336013375936.0
1770017416.4559045,nrm.extra.perf.PAPI_RES_STL.192184,19455913697448.0
1770017416.4559045,nrm.extra.perf.PAPI_L3_TCM.192184,6992639986.0
1770017417.4519846,nrm.extra.perf.PAPI_L3_TCA.192184,71229079751.0
1770017417.4519846,nrm.extra.perf.PAPI_TOT_INS.192184,23151580940881.0
1770017417.4519846,nrm.extra.perf.PAPI_TOT_CYC.192184,39613612508522.0
1770017417.4519846,nrm.extra.perf.PAPI_RES_STL.192184,19594576443612.0
1770017417.4519846,nrm.extra.perf.PAPI_L3_TCM.192184,7042821080.0
1770017418.4519706,nrm.extra.perf.PAPI_L3_TCA.192184,71734352031.0
1770017418.4519706,nrm.extra.perf.PAPI_TOT_INS.192184,23315292123004.0
1770017418.4519706,nrm.extra.perf.PAPI_TOT_CYC.192184,39891578036666.0
1770017418.4519706,nrm.extra.perf.PAPI_RES_STL.192184,19733632272430.0
1770017418.4519706,nrm.extra.perf.PAPI_L3_TCM.192184,7092628117.0
1770017419.4538693,nrm.extra.perf.PAPI_L3_TCA.192184,72237346769.0
1770017419.4538693,nrm.extra.perf.PAPI_TOT_INS.192184,23478740503795.0
1770017419.4538693,nrm.extra.perf.PAPI_TOT_CYC.192184,40169645870134.0
1770017419.4538693,nrm.extra.perf.PAPI_RES_STL.192184,19871876301507.0
1770017419.4538693,nrm.extra.perf.PAPI_L3_TCM.192184,7141810756.0
1770017420.4559052,nrm.extra.perf.PAPI_L3_TCA.192184,72744103278.0
1770017420.4559052,nrm.extra.perf.PAPI_TOT_INS.192184,23643025782145.0
1770017420.4559052,nrm.extra.perf.PAPI_TOT_CYC.192184,40449149365034.0
1770017420.4559052,nrm.extra.perf.PAPI_RES_STL.192184,20011253043275.0
1770017420.4559052,nrm.extra.perf.PAPI_L3_TCM.192184,7192043538.0
1770017421.4519403,nrm.extra.perf.PAPI_L3_TCA.192184,73248076237.0
1770017421.4519403,nrm.extra.perf.PAPI_TOT_INS.192184,23806396961084.0
1770017421.4519403,nrm.extra.perf.PAPI_TOT_CYC.192184,40726897774754.0
1770017421.4519403,nrm.extra.perf.PAPI_RES_STL.192184,20149779793316.0
1770017421.4519403,nrm.extra.perf.PAPI_L3_TCM.192184,7241906626.0
1770017422.4519649,nrm.extra.perf.PAPI_L3_TCA.192184,73753261333.0
1770017422.4519649,nrm.extra.perf.PAPI_TOT_INS.192184,23970274049574.0
1770017422.4519649,nrm.extra.perf.PAPI_TOT_CYC.192184,41006434555674.0
1770017422.4519649,nrm.extra.perf.PAPI_RES_STL.192184,20288894458921.0
1770017422.4519649,nrm.extra.perf.PAPI_L3_TCM.192184,7291576974.0
1770017423.451972,nrm.extra.perf.PAPI_L3_TCA.192184,74259711204.0
1770017423.451972,nrm.extra.perf.PAPI_TOT_INS.192184,24134462794753.0
1770017423.451972,nrm.extra.perf.PAPI_TOT_CYC.192184,41285507622211.0
1770017423.451972,nrm.extra.perf.PAPI_RES_STL.192184,20428105492092.0
1770017423.451972,nrm.extra.perf.PAPI_L3_TCM.192184,7341558836.0
1770017424.451653,nrm.extra.perf.PAPI_L3_TCA.192184,74766725268.0
1770017424.451653,nrm.extra.perf.PAPI_TOT_INS.192184,24299140869949.0
1770017424.451653,nrm.extra.perf.PAPI_TOT_CYC.192184,41564463879807.0
1770017424.451653,nrm.extra.perf.PAPI_RES_STL.192184,20567361174079.0
1770017424.451653,nrm.extra.perf.PAPI_L3_TCM.192184,7391206442.0
1770017425.4549522,nrm.extra.perf.PAPI_L3_TCA.192184,75273723191.0
1770017425.4549522,nrm.extra.perf.PAPI_TOT_INS.192184,24463595116598.0
1770017425.4549522,nrm.extra.perf.PAPI_TOT_CYC.192184,41844672212919.0
1770017425.4549522,nrm.extra.perf.PAPI_RES_STL.192184,20706834046789.0
1770017425.4549522,nrm.extra.perf.PAPI_L3_TCM.192184,7441181860.0
1770017426.451963,nrm.extra.perf.PAPI_L3_TCA.192184,75775115210.0
1770017426.451963,nrm.extra.perf.PAPI_TOT_INS.192184,24626165037075.0
1770017426.451963,nrm.extra.perf.PAPI_TOT_CYC.192184,42121620091331.0
1770017426.451963,nrm.extra.perf.PAPI_RES_STL.192184,20844583968101.0
1770017426.451963,nrm.extra.perf.PAPI_L3_TCM.192184,7490580514.0
1770017427.451945,nrm.extra.perf.PAPI_L3_TCA.192184,76275304566.0
1770017427.451945,nrm.extra.perf.PAPI_TOT_INS.192184,24788720270429.0
1770017427.451945,nrm.extra.perf.PAPI_TOT_CYC.192184,42400239929744.0
1770017427.451945,nrm.extra.perf.PAPI_RES_STL.192184,20982000393569.0
1770017427.451945,nrm.extra.perf.PAPI_L3_TCM.192184,7539587343.0
1770017428.4569504,nrm.extra.perf.PAPI_L3_TCA.192184,76778095468.0
1770017428.4569504,nrm.extra.perf.PAPI_TOT_INS.192184,24952344899069.0
1770017428.4569504,nrm.extra.perf.PAPI_TOT_CYC.192184,42680325360985.0
1770017428.4569504,nrm.extra.perf.PAPI_RES_STL.192184,21120168855849.0
1770017428.4569504,nrm.extra.perf.PAPI_L3_TCM.192184,7588547267.0
1770017429.452,nrm.extra.perf.PAPI_L3_TCA.192184,77283487621.0
1770017429.452,nrm.extra.perf.PAPI_TOT_INS.192184,25116087844030.0
1770017429.452,nrm.extra.perf.PAPI_TOT_CYC.192184,42958768587873.0
1770017429.452,nrm.extra.perf.PAPI_RES_STL.192184,21259258044089.0
1770017429.452,nrm.extra.perf.PAPI_L3_TCM.192184,7638223118.0
1770017430.451947,nrm.extra.perf.PAPI_L3_TCA.192184,77763704602.0
1770017430.451947,nrm.extra.perf.PAPI_TOT_INS.192184,25272621237459.0
1770017430.451947,nrm.extra.perf.PAPI_TOT_CYC.192184,43228425668805.0
1770017430.451947,nrm.extra.perf.PAPI_RES_STL.192184,21391291720658.0
1770017430.451947,nrm.extra.perf.PAPI_L3_TCM.192184,7685223997.0
1770017431.45592,nrm.extra.perf.PAPI_L3_TCA.192184,78272096079.0
1770017431.45592,nrm.extra.perf.PAPI_TOT_INS.192184,25437519597656.0
1770017431.45592,nrm.extra.perf.PAPI_TOT_CYC.192184,43508925577251.0
1770017431.45592,nrm.extra.perf.PAPI_RES_STL.192184,21531076532324.0
1770017431.45592,nrm.extra.perf.PAPI_L3_TCM.192184,7735407498.0
1770017432.4519267,nrm.extra.perf.PAPI_L3_TCA.192184,78776559523.0
1770017432.4519267,nrm.extra.perf.PAPI_TOT_INS.192184,25601057038516.0
1770017432.4519267,nrm.extra.perf.PAPI_TOT_CYC.192184,43787366381111.0
1770017432.4519267,nrm.extra.perf.PAPI_RES_STL.192184,21669963405629.0
1770017432.4519267,nrm.extra.perf.PAPI_L3_TCM.192184,7784965316.0
1770017433.4519646,nrm.extra.perf.PAPI_L3_TCA.192184,79284108939.0
1770017433.4519646,nrm.extra.perf.PAPI_TOT_INS.192184,25765457974008.0
1770017433.4519646,nrm.extra.perf.PAPI_TOT_CYC.192184,44066675206257.0
1770017433.4519646,nrm.extra.perf.PAPI_RES_STL.192184,21809626821453.0
1770017433.4519646,nrm.extra.perf.PAPI_L3_TCM.192184,7835021002.0
1770017434.4515765,nrm.extra.perf.PAPI_L3_TCA.192184,79790419660.0
1770017434.4515765,nrm.extra.perf.PAPI_TOT_INS.192184,25930016434410.0
1770017434.4515765,nrm.extra.perf.PAPI_TOT_CYC.192184,44345649265545.0
1770017434.4515765,nrm.extra.perf.PAPI_RES_STL.192184,21948814566074.0
1770017434.4515765,nrm.extra.perf.PAPI_L3_TCM.192184,7884128391.0
1770017435.4539154,nrm.extra.perf.PAPI_L3_TCA.192184,80295866119.0
1770017435.4539154,nrm.extra.perf.PAPI_TOT_INS.192184,26093966308079.0
1770017435.4539154,nrm.extra.perf.PAPI_TOT_CYC.192184,44625485827180.0
1770017435.4539154,nrm.extra.perf.PAPI_RES_STL.192184,22087948625459.0
1770017435.4539154,nrm.extra.perf.PAPI_L3_TCM.192184,7933929483.0
1770017436.4519992,nrm.extra.perf.PAPI_L3_TCA.192184,80776558134.0
1770017436.4519992,nrm.extra.perf.PAPI_TOT_INS.192184,26250589545526.0
1770017436.4519992,nrm.extra.perf.PAPI_TOT_CYC.192184,44894861760627.0
1770017436.4519992,nrm.extra.perf.PAPI_RES_STL.192184,22220058547009.0
1770017436.4519992,nrm.extra.perf.PAPI_L3_TCM.192184,7981619724.0
1770017437.4559362,nrm.extra.perf.PAPI_L3_TCA.192184,81284133388.0
1770017437.4559362,nrm.extra.perf.PAPI_TOT_INS.192184,26415071716458.0
1770017437.4559362,nrm.extra.perf.PAPI_TOT_CYC.192184,45174266018863.0
1770017437.4559362,nrm.extra.perf.PAPI_RES_STL.192184,22359839738910.0
1770017437.4559362,nrm.extra.perf.PAPI_L3_TCM.192184,8031232957.0
1770017438.4519837,nrm.extra.perf.PAPI_L3_TCA.192184,81788280889.0
1770017438.4519837,nrm.extra.perf.PAPI_TOT_INS.192184,26578636503275.0
1770017438.4519837,nrm.extra.perf.PAPI_TOT_CYC.192184,45452002436054.0
1770017438.4519837,nrm.extra.perf.PAPI_RES_STL.192184,22498277517048.0
1770017438.4519837,nrm.extra.perf.PAPI_L3_TCM.192184,8080657749.0
1770017439.4519267,nrm.extra.perf.PAPI_L3_TCA.192184,82296191014.0
1770017439.4519267,nrm.extra.perf.PAPI_TOT_INS.192184,26743204069049.0
1770017439.4519267,nrm.extra.perf.PAPI_TOT_CYC.192184,45731613668885.0
1770017439.4519267,nrm.extra.perf.PAPI_RES_STL.192184,22637920182719.0
1770017439.4519267,nrm.extra.perf.PAPI_L3_TCM.192184,8130690992.0
1770017440.4520786,nrm.extra.perf.PAPI_L3_TCA.192184,82797323290.0
1770017440.4520786,nrm.extra.perf.PAPI_TOT_INS.192184,26906378249934.0
1770017440.4520786,nrm.extra.perf.PAPI_TOT_CYC.192184,46011092285106.0
1770017440.4520786,nrm.extra.perf.PAPI_RES_STL.192184,22775703516779.0
1770017440.4520786,nrm.extra.perf.PAPI_L3_TCM.192184,8179742975.0
1770017441.453947,nrm.extra.perf.PAPI_L3_TCA.192184,83303097770.0
1770017441.453947,nrm.extra.perf.PAPI_TOT_INS.192184,27070243612788.0
1770017441.453947,nrm.extra.perf.PAPI_TOT_CYC.192184,46289617441401.0
1770017441.453947,nrm.extra.perf.PAPI_RES_STL.192184,22914818115506.0
1770017441.453947,nrm.extra.perf.PAPI_L3_TCM.192184,8229655389.0
1770017442.4519331,nrm.extra.perf.PAPI_L3_TCA.192184,83802441034.0
1770017442.4519331,nrm.extra.perf.PAPI_TOT_INS.192184,27232630127563.0
1770017442.4519331,nrm.extra.perf.PAPI_TOT_CYC.192184,46568212846839.0
1770017442.4519331,nrm.extra.perf.PAPI_RES_STL.192184,23051908323207.0
1770017442.4519331,nrm.extra.perf.PAPI_L3_TCM.192184,8278995768.0
1770017443.4548962,nrm.extra.perf.PAPI_L3_TCA.192184,84279493517.0
1770017443.4548962,nrm.extra.perf.PAPI_TOT_INS.192184,27388121371119.0
1770017443.4548962,nrm.extra.perf.PAPI_TOT_CYC.192184,46836067689534.0
1770017443.4548962,nrm.extra.perf.PAPI_RES_STL.192184,23183260320910.0
1770017443.4548962,nrm.extra.perf.PAPI_L3_TCM.192184,8326217432.0
1770017444.4518251,nrm.extra.perf.PAPI_L3_TCA.192184,84779678342.0
1770017444.4518251,nrm.extra.perf.PAPI_TOT_INS.192184,27550412550908.0
1770017444.4518251,nrm.extra.perf.PAPI_TOT_CYC.192184,47110960055675.0
1770017444.4518251,nrm.extra.perf.PAPI_RES_STL.192184,23320522571540.0
1770017444.4518251,nrm.extra.perf.PAPI_L3_TCM.192184,8375453059.0
1770017445.4549289,nrm.extra.perf.PAPI_L3_TCA.192184,85289767296.0
1770017445.4549289,nrm.extra.perf.PAPI_TOT_INS.192184,27715655128881.0
1770017445.4549289,nrm.extra.perf.PAPI_TOT_CYC.192184,47391266824627.0
1770017445.4549289,nrm.extra.perf.PAPI_RES_STL.192184,23460820645675.0
1770017445.4549289,nrm.extra.perf.PAPI_L3_TCM.192184,8426142640.0
1770017446.4519563,nrm.extra.perf.PAPI_L3_TCA.192184,85794872697.0
1770017446.4519563,nrm.extra.perf.PAPI_TOT_INS.192184,27879224123517.0
1770017446.4519563,nrm.extra.perf.PAPI_TOT_CYC.192184,47668770661042.0
1770017446.4519563,nrm.extra.perf.PAPI_RES_STL.192184,23599803492676.0
1770017446.4519563,nrm.extra.perf.PAPI_L3_TCM.192184,8476232741.0
1770017447.4519184,nrm.extra.perf.PAPI_L3_TCA.192184,86297106246.0
1770017447.4519184,nrm.extra.perf.PAPI_TOT_INS.192184,28042266143767.0
1770017447.4519184,nrm.extra.perf.PAPI_TOT_CYC.192184,47946805806320.0
1770017447.4519184,nrm.extra.perf.PAPI_RES_STL.192184,23737630910020.0
1770017447.4519184,nrm.extra.perf.PAPI_L3_TCM.192184,8526259851.0
1770017448.4569423,nrm.extra.perf.PAPI_L3_TCA.192184,86806606674.0
1770017448.4569423,nrm.extra.perf.PAPI_TOT_INS.192184,28207360031860.0
1770017448.4569423,nrm.extra.perf.PAPI_TOT_CYC.192184,48226848161877.0
1770017448.4569423,nrm.extra.perf.PAPI_RES_STL.192184,23877639840278.0
1770017448.4569423,nrm.extra.perf.PAPI_L3_TCM.192184,8576771248.0
1770017449.451842,nrm.extra.perf.PAPI_L3_TCA.192184,87308839654.0
1770017449.451842,nrm.extra.perf.PAPI_TOT_INS.192184,28370425728048.0
1770017449.451842,nrm.extra.perf.PAPI_TOT_CYC.192184,48504392452173.0
1770017449.451842,nrm.extra.perf.PAPI_RES_STL.192184,24015724760637.0
1770017449.451842,nrm.extra.perf.PAPI_L3_TCM.192184,8626325186.0
1770017450.4558015,nrm.extra.perf.PAPI_L3_TCA.192184,87814252093.0
1770017450.4558015,nrm.extra.perf.PAPI_TOT_INS.192184,28534299175586.0
1770017450.4558015,nrm.extra.perf.PAPI_TOT_CYC.192184,48783457606170.0
1770017450.4558015,nrm.extra.perf.PAPI_RES_STL.192184,24154791670325.0
1770017450.4558015,nrm.extra.perf.PAPI_L3_TCM.192184,8676464617.0
1770017451.4519498,nrm.extra.perf.PAPI_L3_TCA.192184,88320106204.0
1770017451.4519498,nrm.extra.perf.PAPI_TOT_INS.192184,28698294296968.0
1770017451.4519498,nrm.extra.perf.PAPI_TOT_CYC.192184,49062140992168.0
1770017451.4519498,nrm.extra.perf.PAPI_RES_STL.192184,24293720613603.0
1770017451.4519498,nrm.extra.perf.PAPI_L3_TCM.192184,8726835310.0
1770017452.4519372,nrm.extra.perf.PAPI_L3_TCA.192184,88824637489.0
1770017452.4519372,nrm.extra.perf.PAPI_TOT_INS.192184,28861770164304.0
1770017452.4519372,nrm.extra.perf.PAPI_TOT_CYC.192184,49340028770841.0
1770017452.4519372,nrm.extra.perf.PAPI_RES_STL.192184,24432596183952.0
1770017452.4519372,nrm.extra.perf.PAPI_L3_TCM.192184,8776938298.0
1770017453.4518936,nrm.extra.perf.PAPI_L3_TCA.192184,89325326045.0
1770017453.4518936,nrm.extra.perf.PAPI_TOT_INS.192184,29024790946602.0
1770017453.4518936,nrm.extra.perf.PAPI_TOT_CYC.192184,49619034465063.0
1770017453.4518936,nrm.extra.perf.PAPI_RES_STL.192184,24570075331767.0
1770017453.4518936,nrm.extra.perf.PAPI_L3_TCM.192184,8826199622.0
1770017454.4549332,nrm.extra.perf.PAPI_L3_TCA.192184,89833940499.0
1770017454.4549332,nrm.extra.perf.PAPI_TOT_INS.192184,29189487764082.0
1770017454.4549332,nrm.extra.perf.PAPI_TOT_CYC.192184,49898554765245.0
1770017454.4549332,nrm.extra.perf.PAPI_RES_STL.192184,24709851750487.0
1770017454.4549332,nrm.extra.perf.PAPI_L3_TCM.192184,8876839976.0
1770017455.451974,nrm.extra.perf.PAPI_L3_TCA.192184,90337337178.0
1770017455.451974,nrm.extra.perf.PAPI_TOT_INS.192184,29352795802821.0
1770017455.451974,nrm.extra.perf.PAPI_TOT_CYC.192184,50176719782076.0
1770017455.451974,nrm.extra.perf.PAPI_RES_STL.192184,24848222742829.0
1770017455.451974,nrm.extra.perf.PAPI_L3_TCM.192184,8927132416.0
1770017456.4559152,nrm.extra.perf.PAPI_L3_TCA.192184,90844406965.0
1770017456.4559152,nrm.extra.perf.PAPI_TOT_INS.192184,29517149972627.0
1770017456.4559152,nrm.extra.perf.PAPI_TOT_CYC.192184,50455783693581.0
1770017456.4559152,nrm.extra.perf.PAPI_RES_STL.192184,24987737623038.0
1770017456.4559152,nrm.extra.perf.PAPI_L3_TCM.192184,8977960846.0
1770017457.4519367,nrm.extra.perf.PAPI_L3_TCA.192184,91348929347.0
1770017457.4519367,nrm.extra.perf.PAPI_TOT_INS.192184,29680645625789.0
1770017457.4519367,nrm.extra.perf.PAPI_TOT_CYC.192184,50732757396475.0
1770017457.4519367,nrm.extra.perf.PAPI_RES_STL.192184,25126122420871.0
1770017457.4519367,nrm.extra.perf.PAPI_L3_TCM.192184,9028438391.0
1770017458.4531589,nrm.extra.perf.PAPI_L3_TCA.192184,91856961223.0
1770017458.4531589,nrm.extra.perf.PAPI_TOT_INS.192184,29845195657637.0
1770017458.4531589,nrm.extra.perf.PAPI_TOT_CYC.192184,51012360764008.0
1770017458.4531589,nrm.extra.perf.PAPI_RES_STL.192184,25265957984900.0
1770017458.4531589,nrm.extra.perf.PAPI_L3_TCM.192184,9079221098.0
1770017459.4519432,nrm.extra.perf.PAPI_L3_TCA.192184,92360870592.0
1770017459.4519432,nrm.extra.perf.PAPI_TOT_INS.192184,30008875793339.0
1770017459.4519432,nrm.extra.perf.PAPI_TOT_CYC.192184,51290779145665.0
1770017459.4519432,nrm.extra.perf.PAPI_RES_STL.192184,25404613374881.0
1770017459.4519432,nrm.extra.perf.PAPI_L3_TCM.192184,9129413936.0
1770017460.455945,nrm.extra.perf.PAPI_L3_TCA.192184,92870730997.0
1770017460.455945,nrm.extra.perf.PAPI_TOT_INS.192184,30174084853178.0
1770017460.455945,nrm.extra.perf.PAPI_TOT_CYC.192184,51570783926430.0
1770017460.455945,nrm.extra.perf.PAPI_RES_STL.192184,25544690522945.0
1770017460.455945,nrm.extra.perf.PAPI_L3_TCM.192184,9180220319.0
1770017461.4519157,nrm.extra.perf.PAPI_L3_TCA.192184,93370971445.0
1770017461.4519157,nrm.extra.perf.PAPI_TOT_INS.192184,30336389863963.0
1770017461.4519157,nrm.extra.perf.PAPI_TOT_CYC.192184,51847631306320.0
1770017461.4519157,nrm.extra.perf.PAPI_RES_STL.192184,25682130094138.0
1770017461.4519157,nrm.extra.perf.PAPI_L3_TCM.192184,9230212063.0
1770017462.454011,nrm.extra.perf.PAPI_L3_TCA.192184,93874911025.0
1770017462.454011,nrm.extra.perf.PAPI_TOT_INS.192184,30500099042104.0
1770017462.454011,nrm.extra.perf.PAPI_TOT_CYC.192184,52127353833233.0
1770017462.454011,nrm.extra.perf.PAPI_RES_STL.192184,25820619284475.0
1770017462.454011,nrm.extra.perf.PAPI_L3_TCM.192184,9280390720.0
1770017463.4519386,nrm.extra.perf.PAPI_L3_TCA.192184,94380482283.0
1770017463.4519386,nrm.extra.perf.PAPI_TOT_INS.192184,30664063649380.0
1770017463.4519386,nrm.extra.perf.PAPI_TOT_CYC.192184,52405606174271.0
1770017463.4519386,nrm.extra.perf.PAPI_RES_STL.192184,25959860328800.0
1770017463.4519386,nrm.extra.perf.PAPI_L3_TCM.192184,9330454880.0
1770017464.4559233,nrm.extra.perf.PAPI_L3_TCA.192184,94886478592.0
1770017464.4559233,nrm.extra.perf.PAPI_TOT_INS.192184,30828332117382.0
1770017464.4559233,nrm.extra.perf.PAPI_TOT_CYC.192184,52686019796458.0
1770017464.4559233,nrm.extra.perf.PAPI_RES_STL.192184,26098999457728.0
1770017464.4559233,nrm.extra.perf.PAPI_L3_TCM.192184,9380754628.0
1770017465.451984,nrm.extra.perf.PAPI_L3_TCA.192184,95391044721.0
1770017465.451984,nrm.extra.perf.PAPI_TOT_INS.192184,30991934151479.0
1770017465.451984,nrm.extra.perf.PAPI_TOT_CYC.192184,52963656698820.0
1770017465.451984,nrm.extra.perf.PAPI_RES_STL.192184,26237550469492.0
1770017465.451984,nrm.extra.perf.PAPI_L3_TCM.192184,9431131900.0
1770017466.453955,nrm.extra.perf.PAPI_L3_TCA.192184,95897079043.0
1770017466.453955,nrm.extra.perf.PAPI_TOT_INS.192184,31155949999127.0
1770017466.453955,nrm.extra.perf.PAPI_TOT_CYC.192184,53242526966801.0
1770017466.453955,nrm.extra.perf.PAPI_RES_STL.192184,26376619604792.0
1770017466.453955,nrm.extra.perf.PAPI_L3_TCM.192184,9481583633.0
1770017467.4559793,nrm.extra.perf.PAPI_L3_TCA.192184,96403762243.0
1770017467.4559793,nrm.extra.perf.PAPI_TOT_INS.192184,31320296676613.0
1770017467.4559793,nrm.extra.perf.PAPI_TOT_CYC.192184,53522088280264.0
1770017467.4559793,nrm.extra.perf.PAPI_RES_STL.192184,26515847303334.0
1770017467.4559793,nrm.extra.perf.PAPI_L3_TCM.192184,9532070879.0
1770017468.4519649,nrm.extra.perf.PAPI_L3_TCA.192184,96908523399.0
1770017468.4519649,nrm.extra.perf.PAPI_TOT_INS.192184,31484017124831.0
1770017468.4519649,nrm.extra.perf.PAPI_TOT_CYC.192184,53799937388664.0
1770017468.4519649,nrm.extra.perf.PAPI_RES_STL.192184,26654583852990.0
1770017468.4519649,nrm.extra.perf.PAPI_L3_TCM.192184,9582189448.0
1770017469.452031,nrm.extra.perf.PAPI_L3_TCA.192184,97391181804.0
1770017469.452031,nrm.extra.perf.PAPI_TOT_INS.192184,31641495338330.0
1770017469.452031,nrm.extra.perf.PAPI_TOT_CYC.192184,54071501662007.0
1770017469.452031,nrm.extra.perf.PAPI_RES_STL.192184,26787342853225.0
1770017469.452031,nrm.extra.perf.PAPI_L3_TCM.192184,9630087054.0
1770017470.4549186,nrm.extra.perf.PAPI_L3_TCA.192184,97894146124.0
1770017470.4549186,nrm.extra.perf.PAPI_TOT_INS.192184,31804582032807.0
1770017470.4549186,nrm.extra.perf.PAPI_TOT_CYC.192184,54349929587521.0
1770017470.4549186,nrm.extra.perf.PAPI_RES_STL.192184,26925822493681.0
1770017470.4549186,nrm.extra.perf.PAPI_L3_TCM.192184,9680432431.0
1770017471.4519315,nrm.extra.perf.PAPI_L3_TCA.192184,98396308277.0
1770017471.4519315,nrm.extra.perf.PAPI_TOT_INS.192184,31967542602819.0
1770017471.4519315,nrm.extra.perf.PAPI_TOT_CYC.192184,54627277003222.0
1770017471.4519315,nrm.extra.perf.PAPI_RES_STL.192184,27063680889576.0
1770017471.4519315,nrm.extra.perf.PAPI_L3_TCM.192184,9730484744.0
1770017472.4519415,nrm.extra.perf.PAPI_L3_TCA.192184,98899185663.0
1770017472.4519415,nrm.extra.perf.PAPI_TOT_INS.192184,32130808535894.0
1770017472.4519415,nrm.extra.perf.PAPI_TOT_CYC.192184,54905933612215.0
1770017472.4519415,nrm.extra.perf.PAPI_RES_STL.192184,27201851426813.0
1770017472.4519415,nrm.extra.perf.PAPI_L3_TCM.192184,9780620550.0
1770017473.4549117,nrm.extra.perf.PAPI_L3_TCA.192184,99407616938.0
1770017473.4549117,nrm.extra.perf.PAPI_TOT_INS.192184,32295799411790.0
1770017473.4549117,nrm.extra.perf.PAPI_TOT_CYC.192184,55185912346892.0
1770017473.4549117,nrm.extra.perf.PAPI_RES_STL.192184,27341697440291.0
1770017473.4549117,nrm.extra.perf.PAPI_L3_TCM.192184,9830932641.0
1770017474.4549384,nrm.extra.perf.PAPI_L3_TCA.192184,99913620009.0
1770017474.4549384,nrm.extra.perf.PAPI_TOT_INS.192184,32459723957703.0
1770017474.4549384,nrm.extra.perf.PAPI_TOT_CYC.192184,55464695984217.0
1770017474.4549384,nrm.extra.perf.PAPI_RES_STL.192184,27480905954623.0
1770017474.4549384,nrm.extra.perf.PAPI_L3_TCM.192184,9881479084.0
1770017475.4519155,nrm.extra.perf.PAPI_L3_TCA.192184,100399521603.0
1770017475.4519155,nrm.extra.perf.PAPI_TOT_INS.192184,32617970692922.0
1770017475.4519155,nrm.extra.perf.PAPI_TOT_CYC.192184,55736746159201.0
1770017475.4519155,nrm.extra.perf.PAPI_RES_STL.192184,27614362177198.0
1770017475.4519155,nrm.extra.perf.PAPI_L3_TCM.192184,9930385151.0
1770017476.4569204,nrm.extra.perf.PAPI_L3_TCA.192184,100901490127.0
1770017476.4569204,nrm.extra.perf.PAPI_TOT_INS.192184,32781054485633.0
1770017476.4569204,nrm.extra.perf.PAPI_TOT_CYC.192184,56016486783544.0
1770017476.4569204,nrm.extra.perf.PAPI_RES_STL.192184,27752672464691.0
1770017476.4569204,nrm.extra.perf.PAPI_L3_TCM.192184,9980442371.0
1770017477.4519055,nrm.extra.perf.PAPI_L3_TCA.192184,101402445792.0
1770017477.4519055,nrm.extra.perf.PAPI_TOT_INS.192184,32943644353350.0
1770017477.4519055,nrm.extra.perf.PAPI_TOT_CYC.192184,56293595345436.0
1770017477.4519055,nrm.extra.perf.PAPI_RES_STL.192184,27890499489745.0
1770017477.4519055,nrm.extra.perf.PAPI_L3_TCM.192184,10030071685.0
1770017478.4519138,nrm.extra.perf.PAPI_L3_TCA.192184,101907032292.0
1770017478.4519138,nrm.extra.perf.PAPI_TOT_INS.192184,33107276848418.0
1770017478.4519138,nrm.extra.perf.PAPI_TOT_CYC.192184,56571449973374.0
1770017478.4519138,nrm.extra.perf.PAPI_RES_STL.192184,28029145987608.0
1770017478.4519138,nrm.extra.perf.PAPI_L3_TCM.192184,10079997365.0
1770017479.451941,nrm.extra.perf.PAPI_L3_TCA.192184,102411564496.0
1770017479.451941,nrm.extra.perf.PAPI_TOT_INS.192184,33270933641640.0
1770017479.451941,nrm.extra.perf.PAPI_TOT_CYC.192184,56849197266468.0
1770017479.451941,nrm.extra.perf.PAPI_RES_STL.192184,28168235026534.0
1770017479.451941,nrm.extra.perf.PAPI_L3_TCM.192184,10129905548.0
1770017480.456928,nrm.extra.perf.PAPI_L3_TCA.192184,102917935578.0
1770017480.456928,nrm.extra.perf.PAPI_TOT_INS.192184,33435226206551.0
1770017480.456928,nrm.extra.perf.PAPI_TOT_CYC.192184,57129056211343.0
1770017480.456928,nrm.extra.perf.PAPI_RES_STL.192184,28307525008132.0
1770017480.456928,nrm.extra.perf.PAPI_L3_TCM.192184,10180211659.0
1770017481.4519508,nrm.extra.perf.PAPI_L3_TCA.192184,103420213606.0
1770017481.4519508,nrm.extra.perf.PAPI_TOT_INS.192184,33598191311946.0
1770017481.4519508,nrm.extra.perf.PAPI_TOT_CYC.192184,57406143159620.0
1770017481.4519508,nrm.extra.perf.PAPI_RES_STL.192184,28445661927527.0
1770017481.4519508,nrm.extra.perf.PAPI_L3_TCM.192184,10230256961.0
1770017482.4519722,nrm.extra.perf.PAPI_L3_TCA.192184,103925999782.0
1770017482.4519722,nrm.extra.perf.PAPI_TOT_INS.192184,33762268942243.0
1770017482.4519722,nrm.extra.perf.PAPI_TOT_CYC.192184,57685226832008.0
1770017482.4519722,nrm.extra.perf.PAPI_RES_STL.192184,28584746024779.0
1770017482.4519722,nrm.extra.perf.PAPI_L3_TCM.192184,10280600953.0
1770017483.4549356,nrm.extra.perf.PAPI_L3_TCA.192184,104424152218.0
1770017483.4549356,nrm.extra.perf.PAPI_TOT_INS.192184,33924631682797.0
1770017483.4549356,nrm.extra.perf.PAPI_TOT_CYC.192184,57965347073568.0
1770017483.4549356,nrm.extra.perf.PAPI_RES_STL.192184,28722083145051.0
1770017483.4549356,nrm.extra.perf.PAPI_L3_TCM.192184,10330245731.0
1770017484.4519546,nrm.extra.perf.PAPI_L3_TCA.192184,104926306616.0
1770017484.4519546,nrm.extra.perf.PAPI_TOT_INS.192184,34087696676101.0
1770017484.4519546,nrm.extra.perf.PAPI_TOT_CYC.192184,58243372666373.0
1770017484.4519546,nrm.extra.perf.PAPI_RES_STL.192184,28860178445860.0
1770017484.4519546,nrm.extra.perf.PAPI_L3_TCM.192184,10380505988.0
1770017485.451921,nrm.extra.perf.PAPI_L3_TCA.192184,105429923176.0
1770017485.451921,nrm.extra.perf.PAPI_TOT_INS.192184,34251028641633.0
1770017485.451921,nrm.extra.perf.PAPI_TOT_CYC.192184,58521092210784.0
1770017485.451921,nrm.extra.perf.PAPI_RES_STL.192184,28998934865356.0
1770017485.451921,nrm.extra.perf.PAPI_L3_TCM.192184,10430472220.0
1770017486.4517279,nrm.extra.perf.PAPI_L3_TCA.192184,105933626486.0
1770017486.4517279,nrm.extra.perf.PAPI_TOT_INS.192184,34414848684678.0
1770017486.4517279,nrm.extra.perf.PAPI_TOT_CYC.192184,58799219336808.0
1770017486.4517279,nrm.extra.perf.PAPI_RES_STL.192184,29137499678477.0
1770017486.4517279,nrm.extra.perf.PAPI_L3_TCM.192184,10480365819.0
1770017487.4548728,nrm.extra.perf.PAPI_L3_TCA.192184,106439473610.0
1770017487.4548728,nrm.extra.perf.PAPI_TOT_INS.192184,34578890590920.0
1770017487.4548728,nrm.extra.perf.PAPI_TOT_CYC.192184,59078384097427.0
1770017487.4548728,nrm.extra.perf.PAPI_RES_STL.192184,29277057722415.0
1770017487.4548728,nrm.extra.perf.PAPI_L3_TCM.192184,10531259575.0
1770017488.4519107,nrm.extra.perf.PAPI_L3_TCA.192184,106943876696.0
1770017488.4519107,nrm.extra.perf.PAPI_TOT_INS.192184,34742593615729.0
1770017488.4519107,nrm.extra.perf.PAPI_TOT_CYC.192184,59356552611336.0
1770017488.4519107,nrm.extra.perf.PAPI_RES_STL.192184,29415809478724.0
1770017488.4519107,nrm.extra.perf.PAPI_L3_TCM.192184,10581701742.0
1770017489.45594,nrm.extra.perf.PAPI_L3_TCA.192184,107449871298.0
1770017489.45594,nrm.extra.perf.PAPI_TOT_INS.192184,34906869333970.0
1770017489.45594,nrm.extra.perf.PAPI_TOT_CYC.192184,59636324026253.0
1770017489.45594,nrm.extra.perf.PAPI_RES_STL.192184,29555095603569.0
1770017489.45594,nrm.extra.perf.PAPI_L3_TCM.192184,10632340481.0
1770017490.451961,nrm.extra.perf.PAPI_L3_TCA.192184,107951297710.0
1770017490.451961,nrm.extra.perf.PAPI_TOT_INS.192184,35069700123020.0
1770017490.451961,nrm.extra.perf.PAPI_TOT_CYC.192184,59913836183897.0
1770017490.451961,nrm.extra.perf.PAPI_RES_STL.192184,29693187737471.0
1770017490.451961,nrm.extra.perf.PAPI_L3_TCM.192184,10682519816.0
1770017491.4519043,nrm.extra.perf.PAPI_L3_TCA.192184,108456515107.0
1770017491.4519043,nrm.extra.perf.PAPI_TOT_INS.192184,35233673930312.0
1770017491.4519043,nrm.extra.perf.PAPI_TOT_CYC.192184,60191993951275.0
1770017491.4519043,nrm.extra.perf.PAPI_RES_STL.192184,29832308716148.0
1770017491.4519043,nrm.extra.perf.PAPI_L3_TCM.192184,10732887742.0
1770017492.4519513,nrm.extra.perf.PAPI_L3_TCA.192184,108960528106.0
1770017492.4519513,nrm.extra.perf.PAPI_TOT_INS.192184,35397286355859.0
1770017492.4519513,nrm.extra.perf.PAPI_TOT_CYC.192184,60470862219030.0
1770017492.4519513,nrm.extra.perf.PAPI_RES_STL.192184,29971038003110.0
1770017492.4519513,nrm.extra.perf.PAPI_L3_TCM.192184,10783394072.0
1770017493.4519188,nrm.extra.perf.PAPI_L3_TCA.192184,109463449593.0
1770017493.4519188,nrm.extra.perf.PAPI_TOT_INS.192184,35560615159493.0
1770017493.4519188,nrm.extra.perf.PAPI_TOT_CYC.192184,60749666955975.0
1770017493.4519188,nrm.extra.perf.PAPI_RES_STL.192184,30109414724945.0
1770017493.4519188,nrm.extra.perf.PAPI_L3_TCM.192184,10833620857.0
1770017494.4522014,nrm.extra.perf.PAPI_L3_TCA.192184,109963407672.0
1770017494.4522014,nrm.extra.perf.PAPI_TOT_INS.192184,35723409778289.0
1770017494.4522014,nrm.extra.perf.PAPI_TOT_CYC.192184,61028721775634.0
1770017494.4522014,nrm.extra.perf.PAPI_RES_STL.192184,30246995246158.0
1770017494.4522014,nrm.extra.perf.PAPI_L3_TCM.192184,10883503154.0
1770017495.4559262,nrm.extra.perf.PAPI_L3_TCA.192184,110472465034.0
1770017495.4559262,nrm.extra.perf.PAPI_TOT_INS.192184,35888386388186.0
1770017495.4559262,nrm.extra.perf.PAPI_TOT_CYC.192184,61308889931578.0
1770017495.4559262,nrm.extra.perf.PAPI_RES_STL.192184,30387354440989.0
1770017495.4559262,nrm.extra.perf.PAPI_L3_TCM.192184,10934631855.0
1770017496.451966,nrm.extra.perf.PAPI_L3_TCA.192184,110977907368.0
1770017496.451966,nrm.extra.perf.PAPI_TOT_INS.192184,36052284315878.0
1770017496.451966,nrm.extra.perf.PAPI_TOT_CYC.192184,61587060035865.0
1770017496.451966,nrm.extra.perf.PAPI_RES_STL.192184,30526418496173.0
1770017496.451966,nrm.extra.perf.PAPI_L3_TCM.192184,10985398156.0
1770017497.4519374,nrm.extra.perf.PAPI_L3_TCA.192184,111483430219.0
1770017497.4519374,nrm.extra.perf.PAPI_TOT_INS.192184,36216383976762.0
1770017497.4519374,nrm.extra.perf.PAPI_TOT_CYC.192184,61866405037990.0
1770017497.4519374,nrm.extra.perf.PAPI_RES_STL.192184,30665480645407.0
1770017497.4519374,nrm.extra.perf.PAPI_L3_TCM.192184,11036142877.0
1770017498.4519875,nrm.extra.perf.PAPI_L3_TCA.192184,111986798144.0
1770017498.4519875,nrm.extra.perf.PAPI_TOT_INS.192184,36379840696819.0
1770017498.4519875,nrm.extra.perf.PAPI_TOT_CYC.192184,62145744667878.0
1770017498.4519875,nrm.extra.perf.PAPI_RES_STL.192184,30804110863552.0
1770017498.4519875,nrm.extra.perf.PAPI_L3_TCM.192184,11086640635.0
1770017499.45194,nrm.extra.perf.PAPI_L3_TCA.192184,112490111095.0
1770017499.45194,nrm.extra.perf.PAPI_TOT_INS.192184,36543360529960.0
1770017499.45194,nrm.extra.perf.PAPI_TOT_CYC.192184,62424195519303.0
1770017499.45194,nrm.extra.perf.PAPI_RES_STL.192184,30942645409485.0
1770017499.45194,nrm.extra.perf.PAPI_L3_TCM.192184,11137274124.0
1770017500.4519188,nrm.extra.perf.PAPI_L3_TCA.192184,112996499404.0
1770017500.4519188,nrm.extra.perf.PAPI_TOT_INS.192184,36707453905413.0
1770017500.4519188,nrm.extra.perf.PAPI_TOT_CYC.192184,62702573681273.0
1770017500.4519188,nrm.extra.perf.PAPI_RES_STL.192184,31082089745488.0
1770017500.4519188,nrm.extra.perf.PAPI_L3_TCM.192184,11188171544.0
1770017501.4518874,nrm.extra.perf.PAPI_L3_TCA.192184,113500024551.0
1770017501.4518874,nrm.extra.perf.PAPI_TOT_INS.192184,36870800899947.0
1770017501.4518874,nrm.extra.perf.PAPI_TOT_CYC.192184,62980704189540.0
1770017501.4518874,nrm.extra.perf.PAPI_RES_STL.192184,31220797952800.0
1770017501.4518874,nrm.extra.perf.PAPI_L3_TCM.192184,11238972880.0
1770017502.4519315,nrm.extra.perf.PAPI_L3_TCA.192184,114007250350.0
1770017502.4519315,nrm.extra.perf.PAPI_TOT_INS.192184,37035384598594.0
1770017502.4519315,nrm.extra.perf.PAPI_TOT_CYC.192184,63260255309338.0
1770017502.4519315,nrm.extra.perf.PAPI_RES_STL.192184,31360317692367.0
1770017502.4519315,nrm.extra.perf.PAPI_L3_TCM.192184,11290022810.0
1770017503.4519606,nrm.extra.perf.PAPI_L3_TCA.192184,114512263655.0
1770017503.4519606,nrm.extra.perf.PAPI_TOT_INS.192184,37199101853111.0
1770017503.4519606,nrm.extra.perf.PAPI_TOT_CYC.192184,63538820026818.0
1770017503.4519606,nrm.extra.perf.PAPI_RES_STL.192184,31499559851207.0
1770017503.4519606,nrm.extra.perf.PAPI_L3_TCM.192184,11341043818.0
1770017504.4519327,nrm.extra.perf.PAPI_L3_TCA.192184,115016755603.0
1770017504.4519327,nrm.extra.perf.PAPI_TOT_INS.192184,37363020881454.0
1770017504.4519327,nrm.extra.perf.PAPI_TOT_CYC.192184,63817881405610.0
1770017504.4519327,nrm.extra.perf.PAPI_RES_STL.192184,31638315917438.0
1770017504.4519327,nrm.extra.perf.PAPI_L3_TCM.192184,11391661855.0
1770017505.451907,nrm.extra.perf.PAPI_L3_TCA.192184,115521443006.0
1770017505.451907,nrm.extra.perf.PAPI_TOT_INS.192184,37526781199860.0
1770017505.451907,nrm.extra.perf.PAPI_TOT_CYC.192184,64096563128284.0
1770017505.451907,nrm.extra.perf.PAPI_RES_STL.192184,31777287604009.0
1770017505.451907,nrm.extra.perf.PAPI_L3_TCM.192184,11442165586.0
1770017506.4519582,nrm.extra.perf.PAPI_L3_TCA.192184,116025951300.0
1770017506.4519582,nrm.extra.perf.PAPI_TOT_INS.192184,37690464816152.0
1770017506.4519582,nrm.extra.perf.PAPI_TOT_CYC.192184,64374781186571.0
1770017506.4519582,nrm.extra.perf.PAPI_RES_STL.192184,31916099569078.0
1770017506.4519582,nrm.extra.perf.PAPI_L3_TCM.192184,11492811970.0
1770017507.4518988,nrm.extra.perf.PAPI_L3_TCA.192184,116528948159.0
1770017507.4518988,nrm.extra.perf.PAPI_TOT_INS.192184,37853772195787.0
1770017507.4518988,nrm.extra.perf.PAPI_TOT_CYC.192184,64653461330357.0
1770017507.4518988,nrm.extra.perf.PAPI_RES_STL.192184,32054638889716.0
1770017507.4518988,nrm.extra.perf.PAPI_L3_TCM.192184,11543286441.0
1770017508.4518836,nrm.extra.perf.PAPI_L3_TCA.192184,117009107681.0
1770017508.4518836,nrm.extra.perf.PAPI_TOT_INS.192184,38010294587171.0
1770017508.4518836,nrm.extra.perf.PAPI_TOT_CYC.192184,64923962530454.0
1770017508.4518836,nrm.extra.perf.PAPI_RES_STL.192184,32186956586219.0
1770017508.4518836,nrm.extra.perf.PAPI_L3_TCM.192184,11591232967.0
1770017509.4516163,nrm.extra.perf.PAPI_L3_TCA.192184,117513650281.0
1770017509.4516163,nrm.extra.perf.PAPI_TOT_INS.192184,38174010885954.0
1770017509.4516163,nrm.extra.perf.PAPI_TOT_CYC.192184,65201489435637.0
1770017509.4516163,nrm.extra.perf.PAPI_RES_STL.192184,32325473894183.0
1770017509.4516163,nrm.extra.perf.PAPI_L3_TCM.192184,11641386756.0
1770017510.4519355,nrm.extra.perf.PAPI_L3_TCA.192184,118022066161.0
1770017510.4519355,nrm.extra.perf.PAPI_TOT_INS.192184,38338646594106.0
1770017510.4519355,nrm.extra.perf.PAPI_TOT_CYC.192184,65480812640497.0
1770017510.4519355,nrm.extra.perf.PAPI_RES_STL.192184,32465397775839.0
1770017510.4519355,nrm.extra.perf.PAPI_L3_TCM.192184,11692333511.0
1770017511.4519374,nrm.extra.perf.PAPI_L3_TCA.192184,118529217150.0
1770017511.4519374,nrm.extra.perf.PAPI_TOT_INS.192184,38503091947844.0
1770017511.4519374,nrm.extra.perf.PAPI_TOT_CYC.192184,65760044186824.0
1770017511.4519374,nrm.extra.perf.PAPI_RES_STL.192184,32605047987305.0
1770017511.4519374,nrm.extra.perf.PAPI_L3_TCM.192184,11742874453.0
1770017512.4519696,nrm.extra.perf.PAPI_L3_TCA.192184,119033089062.0
1770017512.4519696,nrm.extra.perf.PAPI_TOT_INS.192184,38666591727395.0
1770017512.4519696,nrm.extra.perf.PAPI_TOT_CYC.192184,66038372519606.0
1770017512.4519696,nrm.extra.perf.PAPI_RES_STL.192184,32743416538820.0
1770017512.4519696,nrm.extra.perf.PAPI_L3_TCM.192184,11793168655.0
1770017513.452011,nrm.extra.perf.PAPI_L3_TCA.192184,119539285549.0
1770017513.452011,nrm.extra.perf.PAPI_TOT_INS.192184,38830709431520.0
1770017513.452011,nrm.extra.perf.PAPI_TOT_CYC.192184,66317312446260.0
1770017513.452011,nrm.extra.perf.PAPI_RES_STL.192184,32882628693730.0
1770017513.452011,nrm.extra.perf.PAPI_L3_TCM.192184,11843604429.0
1770017514.4519012,nrm.extra.perf.PAPI_L3_TCA.192184,120025208614.0
1770017514.4519012,nrm.extra.perf.PAPI_TOT_INS.192184,38988942316344.0
1770017514.4519012,nrm.extra.perf.PAPI_TOT_CYC.192184,66589120830645.0
1770017514.4519012,nrm.extra.perf.PAPI_RES_STL.192184,33016496439197.0
1770017514.4519012,nrm.extra.perf.PAPI_L3_TCM.192184,11892036006.0
1770017515.4519007,nrm.extra.perf.PAPI_L3_TCA.192184,120524732555.0
1770017515.4519007,nrm.extra.perf.PAPI_TOT_INS.192184,39151022458239.0
1770017515.4519007,nrm.extra.perf.PAPI_TOT_CYC.192184,66864745002876.0
1770017515.4519007,nrm.extra.perf.PAPI_RES_STL.192184,33153755003285.0
1770017515.4519007,nrm.extra.perf.PAPI_L3_TCM.192184,11942010892.0
1770017516.4518986,nrm.extra.perf.PAPI_L3_TCA.192184,121030378115.0
1770017516.4518986,nrm.extra.perf.PAPI_TOT_INS.192184,39315214848142.0
1770017516.4518986,nrm.extra.perf.PAPI_TOT_CYC.192184,67143528493783.0
1770017516.4518986,nrm.extra.perf.PAPI_RES_STL.192184,33292929037825.0
1770017516.4518986,nrm.extra.perf.PAPI_L3_TCM.192184,11992339194.0
1770017517.4510298,nrm.extra.perf.PAPI_L3_TCA.192184,121510826044.0
1770017517.4510298,nrm.extra.perf.PAPI_TOT_INS.192184,39472369533899.0
1770017517.4510298,nrm.extra.perf.PAPI_TOT_CYC.192184,67417057417721.0
1770017517.4510298,nrm.extra.perf.PAPI_RES_STL.192184,33425163973103.0
1770017517.4510298,nrm.extra.perf.PAPI_L3_TCM.192184,12040162784.0
1770017518.4539115,nrm.extra.perf.PAPI_L3_TCA.192184,121987983279.0
1770017518.4539115,nrm.extra.perf.PAPI_TOT_INS.192184,39627701612894.0
1770017518.4539115,nrm.extra.perf.PAPI_TOT_CYC.192184,67684887965331.0
1770017518.4539115,nrm.extra.perf.PAPI_RES_STL.192184,33556664354757.0
1770017518.4539115,nrm.extra.perf.PAPI_L3_TCM.192184,12087765323.0
1770017519.4519453,nrm.extra.perf.PAPI_L3_TCA.192184,122494451824.0
1770017519.4519453,nrm.extra.perf.PAPI_TOT_INS.192184,39791776550988.0
1770017519.4519453,nrm.extra.perf.PAPI_TOT_CYC.192184,67963169208505.0
1770017519.4519453,nrm.extra.perf.PAPI_RES_STL.192184,33696080173448.0
1770017519.4519453,nrm.extra.perf.PAPI_L3_TCM.192184,12138626287.0
1770017520.4548976,nrm.extra.perf.PAPI_L3_TCA.192184,123002942416.0
1770017520.4548976,nrm.extra.perf.PAPI_TOT_INS.192184,39956673419913.0
1770017520.4548976,nrm.extra.perf.PAPI_TOT_CYC.192184,68242928058162.0
1770017520.4548976,nrm.extra.perf.PAPI_RES_STL.192184,33835924256814.0
1770017520.4548976,nrm.extra.perf.PAPI_L3_TCM.192184,12189503440.0
1770017521.4519525,nrm.extra.perf.PAPI_L3_TCA.192184,123507028929.0
1770017521.4519525,nrm.extra.perf.PAPI_TOT_INS.192184,40120078232480.0
1770017521.4519525,nrm.extra.perf.PAPI_TOT_CYC.192184,68520862369606.0
1770017521.4519525,nrm.extra.perf.PAPI_RES_STL.192184,33974916122770.0
1770017521.4519525,nrm.extra.perf.PAPI_L3_TCM.192184,12240107484.0
1770017522.454924,nrm.extra.perf.PAPI_L3_TCA.192184,124016495968.0
1770017522.454924,nrm.extra.perf.PAPI_TOT_INS.192184,40285263439639.0
1770017522.454924,nrm.extra.perf.PAPI_TOT_CYC.192184,68801336519617.0
1770017522.454924,nrm.extra.perf.PAPI_RES_STL.192184,34115315010481.0
1770017522.454924,nrm.extra.perf.PAPI_L3_TCM.192184,12290833938.0
1770017523.4519753,nrm.extra.perf.PAPI_L3_TCA.192184,124521260328.0
1770017523.4519753,nrm.extra.perf.PAPI_TOT_INS.192184,40449006012405.0
1770017523.4519753,nrm.extra.perf.PAPI_TOT_CYC.192184,69079207314172.0
1770017523.4519753,nrm.extra.perf.PAPI_RES_STL.192184,34254044548526.0
1770017523.4519753,nrm.extra.perf.PAPI_L3_TCM.192184,12341445815.0
1770017524.451993,nrm.extra.perf.PAPI_L3_TCA.192184,125027158269.0
1770017524.451993,nrm.extra.perf.PAPI_TOT_INS.192184,40613174003802.0
1770017524.451993,nrm.extra.perf.PAPI_TOT_CYC.192184,69357688889952.0
1770017524.451993,nrm.extra.perf.PAPI_RES_STL.192184,34393481316158.0
1770017524.451993,nrm.extra.perf.PAPI_L3_TCM.192184,12391979753.0
1770017525.4517355,nrm.extra.perf.PAPI_L3_TCA.192184,125506537085.0
1770017525.4517355,nrm.extra.perf.PAPI_TOT_INS.192184,40769851363701.0
1770017525.4517355,nrm.extra.perf.PAPI_TOT_CYC.192184,69629208036878.0
1770017525.4517355,nrm.extra.perf.PAPI_RES_STL.192184,34525622887659.0
1770017525.4517355,nrm.extra.perf.PAPI_L3_TCM.192184,12439625067.0
1770017526.4529092,nrm.extra.perf.PAPI_L3_TCA.192184,125870610076.0
1770017526.4529092,nrm.extra.perf.PAPI_TOT_INS.192184,40891989944379.0
1770017526.4529092,nrm.extra.perf.PAPI_TOT_CYC.192184,69857921502077.0
1770017526.4529092,nrm.extra.perf.PAPI_RES_STL.192184,34626534348159.0
1770017526.4529092,nrm.extra.perf.PAPI_L3_TCM.192184,12480534435.0
1770017527.4549162,nrm.extra.perf.PAPI_L3_TCA.192184,126373321547.0
1770017527.4549162,nrm.extra.perf.PAPI_TOT_INS.192184,41054902038413.0
1770017527.4549162,nrm.extra.perf.PAPI_TOT_CYC.192184,70134228550951.0
1770017527.4549162,nrm.extra.perf.PAPI_RES_STL.192184,34764709718942.0
1770017527.4549162,nrm.extra.perf.PAPI_L3_TCM.192184,12531386938.0
1770017528.4521465,nrm.extra.perf.PAPI_L3_TCA.192184,126874219311.0
1770017528.4521465,nrm.extra.perf.PAPI_TOT_INS.192184,41217419662893.0
1770017528.4521465,nrm.extra.perf.PAPI_TOT_CYC.192184,70410917285162.0
1770017528.4521465,nrm.extra.perf.PAPI_RES_STL.192184,34902211991484.0
1770017528.4521465,nrm.extra.perf.PAPI_L3_TCM.192184,12581539706.0
1770017529.4519515,nrm.extra.perf.PAPI_L3_TCA.192184,127380434194.0
1770017529.4519515,nrm.extra.perf.PAPI_TOT_INS.192184,41381776203121.0
1770017529.4519515,nrm.extra.perf.PAPI_TOT_CYC.192184,70690131437742.0
1770017529.4519515,nrm.extra.perf.PAPI_RES_STL.192184,35041693193461.0
1770017529.4519515,nrm.extra.perf.PAPI_L3_TCM.192184,12632722327.0
1770017530.4519167,nrm.extra.perf.PAPI_L3_TCA.192184,127885349717.0
1770017530.4519167,nrm.extra.perf.PAPI_TOT_INS.192184,41545449369079.0
1770017530.4519167,nrm.extra.perf.PAPI_TOT_CYC.192184,70968783011440.0
1770017530.4519167,nrm.extra.perf.PAPI_RES_STL.192184,35180807021879.0
1770017530.4519167,nrm.extra.perf.PAPI_L3_TCM.192184,12683503247.0
1770017531.4539638,nrm.extra.perf.PAPI_L3_TCA.192184,128391711682.0
1770017531.4539638,nrm.extra.perf.PAPI_TOT_INS.192184,41709608737509.0
1770017531.4539638,nrm.extra.perf.PAPI_TOT_CYC.192184,71247769790333.0
1770017531.4539638,nrm.extra.perf.PAPI_RES_STL.192184,35320078037415.0
1770017531.4539638,nrm.extra.perf.PAPI_L3_TCM.192184,12734625838.0
1770017532.4519536,nrm.extra.perf.PAPI_L3_TCA.192184,128896972698.0
1770017532.4519536,nrm.extra.perf.PAPI_TOT_INS.192184,41873462455249.0
1770017532.4519536,nrm.extra.perf.PAPI_TOT_CYC.192184,71526010136502.0
1770017532.4519536,nrm.extra.perf.PAPI_RES_STL.192184,35458960535069.0
1770017532.4519536,nrm.extra.perf.PAPI_L3_TCM.192184,12785723376.0
1770017533.451908,nrm.extra.perf.PAPI_L3_TCA.192184,129403152287.0
1770017533.451908,nrm.extra.perf.PAPI_TOT_INS.192184,42037527098365.0
1770017533.451908,nrm.extra.perf.PAPI_TOT_CYC.192184,71804689579260.0
1770017533.451908,nrm.extra.perf.PAPI_RES_STL.192184,35598191734929.0
1770017533.451908,nrm.extra.perf.PAPI_L3_TCM.192184,12836539724.0
1770017534.4519114,nrm.extra.perf.PAPI_L3_TCA.192184,129900731908.0
1770017534.4519114,nrm.extra.perf.PAPI_TOT_INS.192184,42199463958585.0
1770017534.4519114,nrm.extra.perf.PAPI_TOT_CYC.192184,72082528109274.0
1770017534.4519114,nrm.extra.perf.PAPI_RES_STL.192184,35735183659778.0
1770017534.4519114,nrm.extra.perf.PAPI_L3_TCM.192184,12886608161.0
1770017535.45172,nrm.extra.perf.PAPI_L3_TCA.192184,130393337471.0
1770017535.45172,nrm.extra.perf.PAPI_TOT_INS.192184,42359469487859.0
1770017535.45172,nrm.extra.perf.PAPI_TOT_CYC.192184,72354806466354.0
1770017535.45172,nrm.extra.perf.PAPI_RES_STL.192184,35870562699971.0
1770017535.45172,nrm.extra.perf.PAPI_L3_TCM.192184,12936323584.0
1770017536.4519556,nrm.extra.perf.PAPI_L3_TCA.192184,130901593056.0
1770017536.4519556,nrm.extra.perf.PAPI_TOT_INS.192184,42524047702370.0
1770017536.4519556,nrm.extra.perf.PAPI_TOT_CYC.192184,72634170610495.0
1770017536.4519556,nrm.extra.perf.PAPI_RES_STL.192184,36010478806115.0
1770017536.4519556,nrm.extra.perf.PAPI_L3_TCM.192184,12987717055.0
1770017537.4519498,nrm.extra.perf.PAPI_L3_TCA.192184,131407275694.0
1770017537.4519498,nrm.extra.perf.PAPI_TOT_INS.192184,42688035975899.0
1770017537.4519498,nrm.extra.perf.PAPI_TOT_CYC.192184,72912899906282.0
1770017537.4519498,nrm.extra.perf.PAPI_RES_STL.192184,36149520416256.0
1770017537.4519498,nrm.extra.perf.PAPI_L3_TCM.192184,13038882131.0
1770017538.4519277,nrm.extra.perf.PAPI_L3_TCA.192184,131911868704.0
1770017538.4519277,nrm.extra.perf.PAPI_TOT_INS.192184,42851488475739.0
1770017538.4519277,nrm.extra.perf.PAPI_TOT_CYC.192184,73191203243523.0
1770017538.4519277,nrm.extra.perf.PAPI_RES_STL.192184,36288360759966.0
1770017538.4519277,nrm.extra.perf.PAPI_L3_TCM.192184,13089765469.0
1770017539.4519556,nrm.extra.perf.PAPI_L3_TCA.192184,132417322048.0
1770017539.4519556,nrm.extra.perf.PAPI_TOT_INS.192184,43015249683129.0
1770017539.4519556,nrm.extra.perf.PAPI_TOT_CYC.192184,73469154488520.0
1770017539.4519556,nrm.extra.perf.PAPI_RES_STL.192184,36427138391503.0
1770017539.4519556,nrm.extra.perf.PAPI_L3_TCM.192184,13140980626.0
1770017540.4515693,nrm.extra.perf.PAPI_L3_TCA.192184,132923343966.0
1770017540.4515693,nrm.extra.perf.PAPI_TOT_INS.192184,43179391870210.0
1770017540.4515693,nrm.extra.perf.PAPI_TOT_CYC.192184,73747628384260.0
1770017540.4515693,nrm.extra.perf.PAPI_RES_STL.192184,36566317146773.0
1770017540.4515693,nrm.extra.perf.PAPI_L3_TCM.192184,13191642621.0
1770017541.4519603,nrm.extra.perf.PAPI_L3_TCA.192184,133430884038.0
1770017541.4519603,nrm.extra.perf.PAPI_TOT_INS.192184,43343662395766.0
1770017541.4519603,nrm.extra.perf.PAPI_TOT_CYC.192184,74026256603815.0
1770017541.4519603,nrm.extra.perf.PAPI_RES_STL.192184,36705934945829.0
1770017541.4519603,nrm.extra.perf.PAPI_L3_TCM.192184,13242848303.0
1770017542.4519706,nrm.extra.perf.PAPI_L3_TCA.192184,133936039773.0
1770017542.4519706,nrm.extra.perf.PAPI_TOT_INS.192184,43507207744863.0
1770017542.4519706,nrm.extra.perf.PAPI_TOT_CYC.192184,74304154986510.0
1770017542.4519706,nrm.extra.perf.PAPI_RES_STL.192184,36844963253911.0
1770017542.4519706,nrm.extra.perf.PAPI_L3_TCM.192184,13293811150.0
1770017543.4519336,nrm.extra.perf.PAPI_L3_TCA.192184,134442727880.0
1770017543.4519336,nrm.extra.perf.PAPI_TOT_INS.192184,43671353979366.0
1770017543.4519336,nrm.extra.perf.PAPI_TOT_CYC.192184,74583059745470.0
1770017543.4519336,nrm.extra.perf.PAPI_RES_STL.192184,36984362572071.0
1770017543.4519336,nrm.extra.perf.PAPI_L3_TCM.192184,13344881211.0
1770017544.4519072,nrm.extra.perf.PAPI_L3_TCA.192184,134948683956.0
1770017544.4519072,nrm.extra.perf.PAPI_TOT_INS.192184,43835310042924.0
1770017544.4519072,nrm.extra.perf.PAPI_TOT_CYC.192184,74861473387887.0
1770017544.4519072,nrm.extra.perf.PAPI_RES_STL.192184,37123376724912.0
1770017544.4519072,nrm.extra.perf.PAPI_L3_TCM.192184,13395919831.0
1770017545.4517145,nrm.extra.perf.PAPI_L3_TCA.192184,135453533581.0
1770017545.4517145,nrm.extra.perf.PAPI_TOT_INS.192184,43999125105871.0
1770017545.4517145,nrm.extra.perf.PAPI_TOT_CYC.192184,75139559842439.0
1770017545.4517145,nrm.extra.perf.PAPI_RES_STL.192184,37262134346467.0
1770017545.4517145,nrm.extra.perf.PAPI_L3_TCM.192184,13446292708.0
1770017546.4529707,nrm.extra.perf.PAPI_L3_TCA.192184,135961580642.0
1770017546.4529707,nrm.extra.perf.PAPI_TOT_INS.192184,44163628773375.0
1770017546.4529707,nrm.extra.perf.PAPI_TOT_CYC.192184,75418614426254.0
1770017546.4529707,nrm.extra.perf.PAPI_RES_STL.192184,37401869438101.0
1770017546.4529707,nrm.extra.perf.PAPI_L3_TCM.192184,13497485113.0
1770017547.453959,nrm.extra.perf.PAPI_L3_TCA.192184,136468300840.0
1770017547.453959,nrm.extra.perf.PAPI_TOT_INS.192184,44327812496596.0
1770017547.453959,nrm.extra.perf.PAPI_TOT_CYC.192184,75697609640700.0
1770017547.453959,nrm.extra.perf.PAPI_RES_STL.192184,37541192316997.0
1770017547.453959,nrm.extra.perf.PAPI_L3_TCM.192184,13548525514.0
1770017548.4519737,nrm.extra.perf.PAPI_L3_TCA.192184,136974388922.0
1770017548.4519737,nrm.extra.perf.PAPI_TOT_INS.192184,44491764789340.0
1770017548.4519737,nrm.extra.perf.PAPI_TOT_CYC.192184,75976060244895.0
1770017548.4519737,nrm.extra.perf.PAPI_RES_STL.192184,37680405937726.0
1770017548.4519737,nrm.extra.perf.PAPI_L3_TCM.192184,13599609325.0
1770017549.4539273,nrm.extra.perf.PAPI_L3_TCA.192184,137482547543.0
1770017549.4539273,nrm.extra.perf.PAPI_TOT_INS.192184,44656329497420.0
1770017549.4539273,nrm.extra.perf.PAPI_TOT_CYC.192184,76255706909308.0
1770017549.4539273,nrm.extra.perf.PAPI_RES_STL.192184,37820389026471.0
1770017549.4539273,nrm.extra.perf.PAPI_L3_TCM.192184,13650626933.0
1770017550.454928,nrm.extra.perf.PAPI_L3_TCA.192184,137987789302.0
1770017550.454928,nrm.extra.perf.PAPI_TOT_INS.192184,44820174613022.0
1770017550.454928,nrm.extra.perf.PAPI_TOT_CYC.192184,76534171896733.0
1770017550.454928,nrm.extra.perf.PAPI_RES_STL.192184,37959122138836.0
1770017550.454928,nrm.extra.perf.PAPI_L3_TCM.192184,13701510856.0
1770017551.451971,nrm.extra.perf.PAPI_L3_TCA.192184,138493095363.0
1770017551.451971,nrm.extra.perf.PAPI_TOT_INS.192184,44983928261718.0
1770017551.451971,nrm.extra.perf.PAPI_TOT_CYC.192184,76811883620149.0
1770017551.451971,nrm.extra.perf.PAPI_RES_STL.192184,38098370298960.0
1770017551.451971,nrm.extra.perf.PAPI_L3_TCM.192184,13752316887.0
1770017552.4519906,nrm.extra.perf.PAPI_L3_TCA.192184,138998160160.0
1770017552.4519906,nrm.extra.perf.PAPI_TOT_INS.192184,45147609383150.0
1770017552.4519906,nrm.extra.perf.PAPI_TOT_CYC.192184,77089661462243.0
1770017552.4519906,nrm.extra.perf.PAPI_RES_STL.192184,38237062156529.0
1770017552.4519906,nrm.extra.perf.PAPI_L3_TCM.192184,13803546299.0
1770017553.4519138,nrm.extra.perf.PAPI_L3_TCA.192184,139505131051.0
1770017553.4519138,nrm.extra.perf.PAPI_TOT_INS.192184,45311827669919.0
1770017553.4519138,nrm.extra.perf.PAPI_TOT_CYC.192184,77368721546542.0
1770017553.4519138,nrm.extra.perf.PAPI_RES_STL.192184,38376576363946.0
1770017553.4519138,nrm.extra.perf.PAPI_L3_TCM.192184,13855090183.0
1770017554.455908,nrm.extra.perf.PAPI_L3_TCA.192184,140012372133.0
1770017554.455908,nrm.extra.perf.PAPI_TOT_INS.192184,45476204636516.0
1770017554.455908,nrm.extra.perf.PAPI_TOT_CYC.192184,77648416300449.0
1770017554.455908,nrm.extra.perf.PAPI_RES_STL.192184,38516217369251.0
1770017554.455908,nrm.extra.perf.PAPI_L3_TCM.192184,13906655578.0
1770017555.4518347,nrm.extra.perf.PAPI_L3_TCA.192184,140515838837.0
1770017555.4518347,nrm.extra.perf.PAPI_TOT_INS.192184,45639345338227.0
1770017555.4518347,nrm.extra.perf.PAPI_TOT_CYC.192184,77925758347629.0
1770017555.4518347,nrm.extra.perf.PAPI_RES_STL.192184,38654616626711.0
1770017555.4518347,nrm.extra.perf.PAPI_L3_TCM.192184,13957783753.0
1770017556.4539158,nrm.extra.perf.PAPI_L3_TCA.192184,140997772956.0
1770017556.4539158,nrm.extra.perf.PAPI_TOT_INS.192184,45796057579822.0
1770017556.4539158,nrm.extra.perf.PAPI_TOT_CYC.192184,78194535302854.0
1770017556.4539158,nrm.extra.perf.PAPI_RES_STL.192184,38787168021681.0
1770017556.4539158,nrm.extra.perf.PAPI_L3_TCM.192184,14007451299.0
1770017557.4519286,nrm.extra.perf.PAPI_L3_TCA.192184,141503977824.0
1770017557.4519286,nrm.extra.perf.PAPI_TOT_INS.192184,45960197000257.0
1770017557.4519286,nrm.extra.perf.PAPI_TOT_CYC.192184,78472610546605.0
1770017557.4519286,nrm.extra.perf.PAPI_RES_STL.192184,38926140960678.0
1770017557.4519286,nrm.extra.perf.PAPI_L3_TCM.192184,14058626389.0
1770017558.4549541,nrm.extra.perf.PAPI_L3_TCA.192184,142011236435.0
1770017558.4549541,nrm.extra.perf.PAPI_TOT_INS.192184,46124507563539.0
1770017558.4549541,nrm.extra.perf.PAPI_TOT_CYC.192184,78751766247020.0
1770017558.4549541,nrm.extra.perf.PAPI_RES_STL.192184,39065732565373.0
1770017558.4549541,nrm.extra.perf.PAPI_L3_TCM.192184,14110105171.0
1770017559.451925,nrm.extra.perf.PAPI_L3_TCA.192184,142514637065.0
1770017559.451925,nrm.extra.perf.PAPI_TOT_INS.192184,46287676110000.0
1770017559.451925,nrm.extra.perf.PAPI_TOT_CYC.192184,79029365575745.0
1770017559.451925,nrm.extra.perf.PAPI_RES_STL.192184,39204253251007.0
1770017559.451925,nrm.extra.perf.PAPI_L3_TCM.192184,14161425962.0
1770017560.4540303,nrm.extra.perf.PAPI_L3_TCA.192184,143021705510.0
1770017560.4540303,nrm.extra.perf.PAPI_TOT_INS.192184,46452120887795.0
1770017560.4540303,nrm.extra.perf.PAPI_TOT_CYC.192184,79308818956607.0
1770017560.4540303,nrm.extra.perf.PAPI_RES_STL.192184,39343732296054.0
1770017560.4540303,nrm.extra.perf.PAPI_L3_TCM.192184,14212925187.0
1770017561.4519029,nrm.extra.perf.PAPI_L3_TCA.192184,143511123880.0
1770017561.4519029,nrm.extra.perf.PAPI_TOT_INS.192184,46610964751963.0
1770017561.4519029,nrm.extra.perf.PAPI_TOT_CYC.192184,79578892704056.0
1770017561.4519029,nrm.extra.perf.PAPI_RES_STL.192184,39478271090636.0
1770017561.4519029,nrm.extra.perf.PAPI_L3_TCM.192184,14262661391.0
1770017562.4519446,nrm.extra.perf.PAPI_L3_TCA.192184,144012188727.0
1770017562.4519446,nrm.extra.perf.PAPI_TOT_INS.192184,46773546359463.0
1770017562.4519446,nrm.extra.perf.PAPI_TOT_CYC.192184,79856625878903.0
1770017562.4519446,nrm.extra.perf.PAPI_RES_STL.192184,39616382691202.0
1770017562.4519446,nrm.extra.perf.PAPI_L3_TCM.192184,14313765829.0
1770017563.4549296,nrm.extra.perf.PAPI_L3_TCA.192184,144518670389.0
1770017563.4549296,nrm.extra.perf.PAPI_TOT_INS.192184,46937827839374.0
1770017563.4549296,nrm.extra.perf.PAPI_TOT_CYC.192184,80136482458697.0
1770017563.4549296,nrm.extra.perf.PAPI_RES_STL.192184,39755777670699.0
1770017563.4549296,nrm.extra.perf.PAPI_L3_TCM.192184,14365269109.0
1770017564.455965,nrm.extra.perf.PAPI_L3_TCA.192184,145023412059.0
1770017564.455965,nrm.extra.perf.PAPI_TOT_INS.192184,47101790852906.0
1770017564.455965,nrm.extra.perf.PAPI_TOT_CYC.192184,80415684798309.0
1770017564.455965,nrm.extra.perf.PAPI_RES_STL.192184,39894437274180.0
1770017564.455965,nrm.extra.perf.PAPI_L3_TCM.192184,14416191618.0
1770017565.4519663,nrm.extra.perf.PAPI_L3_TCA.192184,145525088866.0
1770017565.4519663,nrm.extra.perf.PAPI_TOT_INS.192184,47264499098423.0
1770017565.4519663,nrm.extra.perf.PAPI_TOT_CYC.192184,80693259041134.0
1770017565.4519663,nrm.extra.perf.PAPI_RES_STL.192184,40032410391307.0
1770017565.4519663,nrm.extra.perf.PAPI_L3_TCM.192184,14467043776.0
1770017566.4519193,nrm.extra.perf.PAPI_L3_TCA.192184,146031366866.0
1770017566.4519193,nrm.extra.perf.PAPI_TOT_INS.192184,47428690230018.0
1770017566.4519193,nrm.extra.perf.PAPI_TOT_CYC.192184,80972740338759.0
1770017566.4519193,nrm.extra.perf.PAPI_RES_STL.192184,40171577143550.0
1770017566.4519193,nrm.extra.perf.PAPI_L3_TCM.192184,14518352931.0
1770017567.4549763,nrm.extra.perf.PAPI_L3_TCA.192184,146537421306.0
1770017567.4549763,nrm.extra.perf.PAPI_TOT_INS.192184,47592880302093.0
1770017567.4549763,nrm.extra.perf.PAPI_TOT_CYC.192184,81252582597941.0
1770017567.4549763,nrm.extra.perf.PAPI_RES_STL.192184,40310586580967.0
1770017567.4549763,nrm.extra.perf.PAPI_L3_TCM.192184,14569702739.0
1770017568.4519255,nrm.extra.perf.PAPI_L3_TCA.192184,147041994056.0
1770017568.4519255,nrm.extra.perf.PAPI_TOT_INS.192184,47756527576755.0
1770017568.4519255,nrm.extra.perf.PAPI_TOT_CYC.192184,81530947397769.0
1770017568.4519255,nrm.extra.perf.PAPI_RES_STL.192184,40449334698306.0
1770017568.4519255,nrm.extra.perf.PAPI_L3_TCM.192184,14620281458.0
1770017569.4549148,nrm.extra.perf.PAPI_L3_TCA.192184,147549002101.0
1770017569.4549148,nrm.extra.perf.PAPI_TOT_INS.192184,47920762035856.0
1770017569.4549148,nrm.extra.perf.PAPI_TOT_CYC.192184,81809980027834.0
1770017569.4549148,nrm.extra.perf.PAPI_RES_STL.192184,40588756104811.0
1770017569.4549148,nrm.extra.perf.PAPI_L3_TCM.192184,14671510024.0
1770017570.4519444,nrm.extra.perf.PAPI_L3_TCA.192184,148045462679.0
1770017570.4519444,nrm.extra.perf.PAPI_TOT_INS.192184,48081879475504.0
1770017570.4519444,nrm.extra.perf.PAPI_TOT_CYC.192184,82085023369409.0
1770017570.4519444,nrm.extra.perf.PAPI_RES_STL.192184,40725070742628.0
1770017570.4519444,nrm.extra.perf.PAPI_L3_TCM.192184,14722029411.0
1770017571.451952,nrm.extra.perf.PAPI_L3_TCA.192184,148551996932.0
1770017571.451952,nrm.extra.perf.PAPI_TOT_INS.192184,48245976704732.0
1770017571.451952,nrm.extra.perf.PAPI_TOT_CYC.192184,82363730949263.0
1770017571.451952,nrm.extra.perf.PAPI_RES_STL.192184,40864294917315.0
1770017571.451952,nrm.extra.perf.PAPI_L3_TCM.192184,14773552503.0
1770017572.4517362,nrm.extra.perf.PAPI_L3_TCA.192184,149060525559.0
1770017572.4517362,nrm.extra.perf.PAPI_TOT_INS.192184,48410882448777.0
1770017572.4517362,nrm.extra.perf.PAPI_TOT_CYC.192184,82643088017575.0
1770017572.4517362,nrm.extra.perf.PAPI_RES_STL.192184,41004072027056.0
1770017572.4517362,nrm.extra.perf.PAPI_L3_TCM.192184,14824917262.0
1770017573.452924,nrm.extra.perf.PAPI_L3_TCA.192184,149568578881.0
1770017573.452924,nrm.extra.perf.PAPI_TOT_INS.192184,48575383909711.0
1770017573.452924,nrm.extra.perf.PAPI_TOT_CYC.192184,82922201926165.0
1770017573.452924,nrm.extra.perf.PAPI_RES_STL.192184,41143859605345.0
1770017573.452924,nrm.extra.perf.PAPI_L3_TCM.192184,14876649024.0
1770017574.4519093,nrm.extra.perf.PAPI_L3_TCA.192184,150075085866.0
1770017574.4519093,nrm.extra.perf.PAPI_TOT_INS.192184,48739545102000.0
1770017574.4519093,nrm.extra.perf.PAPI_TOT_CYC.192184,83201041726002.0
1770017574.4519093,nrm.extra.perf.PAPI_RES_STL.192184,41283247272907.0
1770017574.4519093,nrm.extra.perf.PAPI_L3_TCM.192184,14928143385.0
1770017575.4519231,nrm.extra.perf.PAPI_L3_TCA.192184,150581461848.0
1770017575.4519231,nrm.extra.perf.PAPI_TOT_INS.192184,48903669033114.0
1770017575.4519231,nrm.extra.perf.PAPI_TOT_CYC.192184,83479968470617.0
1770017575.4519231,nrm.extra.perf.PAPI_RES_STL.192184,41422565216432.0
1770017575.4519231,nrm.extra.perf.PAPI_L3_TCM.192184,14979791151.0
1770017576.4519708,nrm.extra.perf.PAPI_L3_TCA.192184,151088389600.0
1770017576.4519708,nrm.extra.perf.PAPI_TOT_INS.192184,49067997765755.0
1770017576.4519708,nrm.extra.perf.PAPI_TOT_CYC.192184,83759375301266.0
1770017576.4519708,nrm.extra.perf.PAPI_RES_STL.192184,41562184574734.0
1770017576.4519708,nrm.extra.perf.PAPI_L3_TCM.192184,15031255002.0
1770017577.4519584,nrm.extra.perf.PAPI_L3_TCA.192184,151594646318.0
1770017577.4519584,nrm.extra.perf.PAPI_TOT_INS.192184,49232135281733.0
1770017577.4519584,nrm.extra.perf.PAPI_TOT_CYC.192184,84038473198016.0
1770017577.4519584,nrm.extra.perf.PAPI_RES_STL.192184,41701465600030.0
1770017577.4519584,nrm.extra.perf.PAPI_L3_TCM.192184,15082598900.0
1770017578.4519174,nrm.extra.perf.PAPI_L3_TCA.192184,152100587221.0
1770017578.4519174,nrm.extra.perf.PAPI_TOT_INS.192184,49396419534028.0
1770017578.4519174,nrm.extra.perf.PAPI_TOT_CYC.192184,84317450500157.0
1770017578.4519174,nrm.extra.perf.PAPI_RES_STL.192184,41840595415808.0
1770017578.4519174,nrm.extra.perf.PAPI_L3_TCM.192184,15133560840.0
1770017579.4519281,nrm.extra.perf.PAPI_L3_TCA.192184,152601608540.0
1770017579.4519281,nrm.extra.perf.PAPI_TOT_INS.192184,49559135065405.0
1770017579.4519281,nrm.extra.perf.PAPI_TOT_CYC.192184,84596592161036.0
1770017579.4519281,nrm.extra.perf.PAPI_RES_STL.192184,41978583407896.0
1770017579.4519281,nrm.extra.perf.PAPI_L3_TCM.192184,15184820143.0
1770017580.454975,nrm.extra.perf.PAPI_L3_TCA.192184,153109708089.0
1770017580.454975,nrm.extra.perf.PAPI_TOT_INS.192184,49723987359801.0
1770017580.454975,nrm.extra.perf.PAPI_TOT_CYC.192184,84876908687327.0
1770017580.454975,nrm.extra.perf.PAPI_RES_STL.192184,42118137865106.0
1770017580.454975,nrm.extra.perf.PAPI_L3_TCM.192184,15236546095.0
1770017581.4519248,nrm.extra.perf.PAPI_L3_TCA.192184,153613264339.0
1770017581.4519248,nrm.extra.perf.PAPI_TOT_INS.192184,49887251112336.0
1770017581.4519248,nrm.extra.perf.PAPI_TOT_CYC.192184,85154826216428.0
1770017581.4519248,nrm.extra.perf.PAPI_RES_STL.192184,42256653944373.0
1770017581.4519248,nrm.extra.perf.PAPI_L3_TCM.192184,15287679870.0
1770017582.4515388,nrm.extra.perf.PAPI_L3_TCA.192184,154118461528.0
1770017582.4515388,nrm.extra.perf.PAPI_TOT_INS.192184,50051318601354.0
1770017582.4515388,nrm.extra.perf.PAPI_TOT_CYC.192184,85433380499108.0
1770017582.4515388,nrm.extra.perf.PAPI_RES_STL.192184,42395630021927.0
1770017582.4515388,nrm.extra.perf.PAPI_L3_TCM.192184,15338525600.0
1770017583.452938,nrm.extra.perf.PAPI_L3_TCA.192184,154626352315.0
1770017583.452938,nrm.extra.perf.PAPI_TOT_INS.192184,50215780674578.0
1770017583.452938,nrm.extra.perf.PAPI_TOT_CYC.192184,85712427537287.0
1770017583.452938,nrm.extra.perf.PAPI_RES_STL.192184,42535382525962.0
1770017583.452938,nrm.extra.perf.PAPI_L3_TCM.192184,15390325546.0
1770017584.4519284,nrm.extra.perf.PAPI_L3_TCA.192184,155131886362.0
1770017584.4519284,nrm.extra.perf.PAPI_TOT_INS.192184,50379614273755.0
1770017584.4519284,nrm.extra.perf.PAPI_TOT_CYC.192184,85990735298075.0
1770017584.4519284,nrm.extra.perf.PAPI_RES_STL.192184,42674527384873.0
1770017584.4519284,nrm.extra.perf.PAPI_L3_TCM.192184,15441810692.0
1770017585.451934,nrm.extra.perf.PAPI_L3_TCA.192184,155637783104.0
1770017585.451934,nrm.extra.perf.PAPI_TOT_INS.192184,50543616158654.0
1770017585.451934,nrm.extra.perf.PAPI_TOT_CYC.192184,86269760172557.0
1770017585.451934,nrm.extra.perf.PAPI_RES_STL.192184,42813756617626.0
1770017585.451934,nrm.extra.perf.PAPI_L3_TCM.192184,15493358373.0
1770017586.4519687,nrm.extra.perf.PAPI_L3_TCA.192184,156144124794.0
1770017586.4519687,nrm.extra.perf.PAPI_TOT_INS.192184,50707794456321.0
1770017586.4519687,nrm.extra.perf.PAPI_TOT_CYC.192184,86548776479913.0
1770017586.4519687,nrm.extra.perf.PAPI_RES_STL.192184,42953047970119.0
1770017586.4519687,nrm.extra.perf.PAPI_L3_TCM.192184,15544598189.0
1770017587.4549317,nrm.extra.perf.PAPI_L3_TCA.192184,156652670201.0
1770017587.4549317,nrm.extra.perf.PAPI_TOT_INS.192184,50872642354824.0
1770017587.4549317,nrm.extra.perf.PAPI_TOT_CYC.192184,86829252243252.0
1770017587.4549317,nrm.extra.perf.PAPI_RES_STL.192184,43093246712965.0
1770017587.4549317,nrm.extra.perf.PAPI_L3_TCM.192184,15596247085.0
1770017588.4539044,nrm.extra.perf.PAPI_L3_TCA.192184,157158941215.0
1770017588.4539044,nrm.extra.perf.PAPI_TOT_INS.192184,51036905428954.0
1770017588.4539044,nrm.extra.perf.PAPI_TOT_CYC.192184,87107735695205.0
1770017588.4539044,nrm.extra.perf.PAPI_RES_STL.192184,43232519982479.0
1770017588.4539044,nrm.extra.perf.PAPI_L3_TCM.192184,15647463035.0
1770017589.4519312,nrm.extra.perf.PAPI_L3_TCA.192184,157665003261.0
1770017589.4519312,nrm.extra.perf.PAPI_TOT_INS.192184,51200887300040.0
1770017589.4519312,nrm.extra.perf.PAPI_TOT_CYC.192184,87386154340387.0
1770017589.4519312,nrm.extra.perf.PAPI_RES_STL.192184,43371604359114.0
1770017589.4519312,nrm.extra.perf.PAPI_L3_TCM.192184,15698955435.0
1770017590.4519055,nrm.extra.perf.PAPI_L3_TCA.192184,158171377071.0
1770017590.4519055,nrm.extra.perf.PAPI_TOT_INS.192184,51365095306242.0
1770017590.4519055,nrm.extra.perf.PAPI_TOT_CYC.192184,87665826625869.0
1770017590.4519055,nrm.extra.perf.PAPI_RES_STL.192184,43510788826522.0
1770017590.4519055,nrm.extra.perf.PAPI_L3_TCM.192184,15750341288.0
1770017591.4519422,nrm.extra.perf.PAPI_L3_TCA.192184,158675818038.0
1770017591.4519422,nrm.extra.perf.PAPI_TOT_INS.192184,51528638575792.0
1770017591.4519422,nrm.extra.perf.PAPI_TOT_CYC.192184,87944621531549.0
1770017591.4519422,nrm.extra.perf.PAPI_RES_STL.192184,43649721513456.0
1770017591.4519422,nrm.extra.perf.PAPI_L3_TCM.192184,15801556437.0
1770017592.455928,nrm.extra.perf.PAPI_L3_TCA.192184,159185917134.0
1770017592.455928,nrm.extra.perf.PAPI_TOT_INS.192184,51694069866548.0
1770017592.455928,nrm.extra.perf.PAPI_TOT_CYC.192184,88225183999177.0
1770017592.455928,nrm.extra.perf.PAPI_RES_STL.192184,43790040356711.0
1770017592.455928,nrm.extra.perf.PAPI_L3_TCM.192184,15853046742.0
1770017593.4518728,nrm.extra.perf.PAPI_L3_TCA.192184,159691392848.0
1770017593.4518728,nrm.extra.perf.PAPI_TOT_INS.192184,51857837452897.0
1770017593.4518728,nrm.extra.perf.PAPI_TOT_CYC.192184,88503608970187.0
1770017593.4518728,nrm.extra.perf.PAPI_RES_STL.192184,43929177714657.0
1770017593.4518728,nrm.extra.perf.PAPI_L3_TCM.192184,15904162627.0
1770017594.451969,nrm.extra.perf.PAPI_L3_TCA.192184,160198742034.0
1770017594.451969,nrm.extra.perf.PAPI_TOT_INS.192184,52022449003641.0
1770017594.451969,nrm.extra.perf.PAPI_TOT_CYC.192184,88782424264251.0
1770017594.451969,nrm.extra.perf.PAPI_RES_STL.192184,44068693023813.0
1770017594.451969,nrm.extra.perf.PAPI_L3_TCM.192184,15955244529.0
1770017595.451913,nrm.extra.perf.PAPI_L3_TCA.192184,160692062951.0
1770017595.451913,nrm.extra.perf.PAPI_TOT_INS.192184,52182702486122.0
1770017595.451913,nrm.extra.perf.PAPI_TOT_CYC.192184,89057521823068.0
1770017595.451913,nrm.extra.perf.PAPI_RES_STL.192184,44204453251243.0
1770017595.451913,nrm.extra.perf.PAPI_L3_TCM.192184,16006054898.0
1770017596.4519658,nrm.extra.perf.PAPI_L3_TCA.192184,161199865699.0
1770017596.4519658,nrm.extra.perf.PAPI_TOT_INS.192184,52347341882824.0
1770017596.4519658,nrm.extra.perf.PAPI_TOT_CYC.192184,89336778265919.0
1770017596.4519658,nrm.extra.perf.PAPI_RES_STL.192184,44343859369622.0
1770017596.4519658,nrm.extra.perf.PAPI_L3_TCM.192184,16057583698.0
1770017597.4517968,nrm.extra.perf.PAPI_L3_TCA.192184,161705444879.0
1770017597.4517968,nrm.extra.perf.PAPI_TOT_INS.192184,52511282417773.0
1770017597.4517968,nrm.extra.perf.PAPI_TOT_CYC.192184,89614827148320.0
1770017597.4517968,nrm.extra.perf.PAPI_RES_STL.192184,44482957830390.0
1770017597.4517968,nrm.extra.perf.PAPI_L3_TCM.192184,16108680653.0
1770017598.4539466,nrm.extra.perf.PAPI_L3_TCA.192184,162212492560.0
1770017598.4539466,nrm.extra.perf.PAPI_TOT_INS.192184,52675591067223.0
1770017598.4539466,nrm.extra.perf.PAPI_TOT_CYC.192184,89894302118987.0
1770017598.4539466,nrm.extra.perf.PAPI_RES_STL.192184,44622428810260.0
1770017598.4539466,nrm.extra.perf.PAPI_L3_TCM.192184,16160155637.0
1770017599.452004,nrm.extra.perf.PAPI_L3_TCA.192184,162715591004.0
1770017599.452004,nrm.extra.perf.PAPI_TOT_INS.192184,52838756167831.0
1770017599.452004,nrm.extra.perf.PAPI_TOT_CYC.192184,90172404597499.0
1770017599.452004,nrm.extra.perf.PAPI_RES_STL.192184,44760797502533.0
1770017599.452004,nrm.extra.perf.PAPI_L3_TCM.192184,16211184458.0
1770017600.4549515,nrm.extra.perf.PAPI_L3_TCA.192184,163223616671.0
1770017600.4549515,nrm.extra.perf.PAPI_TOT_INS.192184,53003436645350.0
1770017600.4549515,nrm.extra.perf.PAPI_TOT_CYC.192184,90451758553426.0
1770017600.4549515,nrm.extra.perf.PAPI_RES_STL.192184,44900408055248.0
1770017600.4549515,nrm.extra.perf.PAPI_L3_TCM.192184,16262496440.0
1770017601.4519308,nrm.extra.perf.PAPI_L3_TCA.192184,163728438717.0
1770017601.4519308,nrm.extra.perf.PAPI_TOT_INS.192184,53167143400056.0
1770017601.4519308,nrm.extra.perf.PAPI_TOT_CYC.192184,90730120668979.0
1770017601.4519308,nrm.extra.perf.PAPI_RES_STL.192184,45039295926679.0
1770017601.4519308,nrm.extra.perf.PAPI_L3_TCM.192184,16313435863.0
1770017602.4523346,nrm.extra.perf.PAPI_L3_TCA.192184,164235206939.0
1770017602.4523346,nrm.extra.perf.PAPI_TOT_INS.192184,53331592812229.0
1770017602.4523346,nrm.extra.perf.PAPI_TOT_CYC.192184,91009204165688.0
1770017602.4523346,nrm.extra.perf.PAPI_RES_STL.192184,45178596284747.0
1770017602.4523346,nrm.extra.perf.PAPI_L3_TCM.192184,16364307406.0
1770017603.451985,nrm.extra.perf.PAPI_L3_TCA.192184,164739688965.0
1770017603.451985,nrm.extra.perf.PAPI_TOT_INS.192184,53495079593769.0
1770017603.451985,nrm.extra.perf.PAPI_TOT_CYC.192184,91286818433985.0
1770017603.451985,nrm.extra.perf.PAPI_RES_STL.192184,45317329971161.0
1770017603.451985,nrm.extra.perf.PAPI_L3_TCM.192184,16415503612.0
1770017604.4539545,nrm.extra.perf.PAPI_L3_TCA.192184,165249401652.0
1770017604.4539545,nrm.extra.perf.PAPI_TOT_INS.192184,53660251511635.0
1770017604.4539545,nrm.extra.perf.PAPI_TOT_CYC.192184,91567051206359.0
1770017604.4539545,nrm.extra.perf.PAPI_RES_STL.192184,45457547312108.0
1770017604.4539545,nrm.extra.perf.PAPI_L3_TCM.192184,16466962456.0
1770017605.4519198,nrm.extra.perf.PAPI_L3_TCA.192184,165755647425.0
1770017605.4519198,nrm.extra.perf.PAPI_TOT_INS.192184,53824381931371.0
1770017605.4519198,nrm.extra.perf.PAPI_TOT_CYC.192184,91845863381393.0
1770017605.4519198,nrm.extra.perf.PAPI_RES_STL.192184,45596827417813.0
1770017605.4519198,nrm.extra.perf.PAPI_L3_TCM.192184,16518075612.0
1770017606.4519646,nrm.extra.perf.PAPI_L3_TCA.192184,166262958232.0
1770017606.4519646,nrm.extra.perf.PAPI_TOT_INS.192184,53988788027343.0
1770017606.4519646,nrm.extra.perf.PAPI_TOT_CYC.192184,92125232294887.0
1770017606.4519646,nrm.extra.perf.PAPI_RES_STL.192184,45736583944121.0
1770017606.4519646,nrm.extra.perf.PAPI_L3_TCM.192184,16569251726.0
1770017607.4519129,nrm.extra.perf.PAPI_L3_TCA.192184,166767979633.0
1770017607.4519129,nrm.extra.perf.PAPI_TOT_INS.192184,54152713765516.0
1770017607.4519129,nrm.extra.perf.PAPI_TOT_CYC.192184,92403588847837.0
1770017607.4519129,nrm.extra.perf.PAPI_RES_STL.192184,45875583882341.0
1770017607.4519129,nrm.extra.perf.PAPI_L3_TCM.192184,16620666866.0
1770017608.451707,nrm.extra.perf.PAPI_L3_TCA.192184,167274482829.0
1770017608.451707,nrm.extra.perf.PAPI_TOT_INS.192184,54317445429488.0
1770017608.451707,nrm.extra.perf.PAPI_TOT_CYC.192184,92682782186835.0
1770017608.451707,nrm.extra.perf.PAPI_RES_STL.192184,46015095371520.0
1770017608.451707,nrm.extra.perf.PAPI_L3_TCM.192184,16671878306.0
1770017609.454952,nrm.extra.perf.PAPI_L3_TCA.192184,167783678507.0
1770017609.454952,nrm.extra.perf.PAPI_TOT_INS.192184,54482629695601.0
1770017609.454952,nrm.extra.perf.PAPI_TOT_CYC.192184,92962964810301.0
1770017609.454952,nrm.extra.perf.PAPI_RES_STL.192184,46155530505247.0
1770017609.454952,nrm.extra.perf.PAPI_L3_TCM.192184,16723568603.0
1770017610.4519265,nrm.extra.perf.PAPI_L3_TCA.192184,168288260372.0
1770017610.4519265,nrm.extra.perf.PAPI_TOT_INS.192184,54646318899329.0
1770017610.4519265,nrm.extra.perf.PAPI_TOT_CYC.192184,93240787137647.0
1770017610.4519265,nrm.extra.perf.PAPI_RES_STL.192184,46294732623530.0
1770017610.4519265,nrm.extra.perf.PAPI_L3_TCM.192184,16774746097.0
1770017611.4519224,nrm.extra.perf.PAPI_L3_TCA.192184,168792407234.0
1770017611.4519224,nrm.extra.perf.PAPI_TOT_INS.192184,54810146291819.0
1770017611.4519224,nrm.extra.perf.PAPI_TOT_CYC.192184,93519371557227.0
1770017611.4519224,nrm.extra.perf.PAPI_RES_STL.192184,46433507773762.0
1770017611.4519224,nrm.extra.perf.PAPI_L3_TCM.192184,16826224097.0
1770017612.4518955,nrm.extra.perf.PAPI_L3_TCA.192184,169295625864.0
1770017612.4518955,nrm.extra.perf.PAPI_TOT_INS.192184,54973670197866.0
1770017612.4518955,nrm.extra.perf.PAPI_TOT_CYC.192184,93798323951934.0
1770017612.4518955,nrm.extra.perf.PAPI_RES_STL.192184,46572372771307.0
1770017612.4518955,nrm.extra.perf.PAPI_L3_TCM.192184,16877277151.0
1770017613.4519207,nrm.extra.perf.PAPI_L3_TCA.192184,169800680140.0
1770017613.4519207,nrm.extra.perf.PAPI_TOT_INS.192184,55137737651657.0
1770017613.4519207,nrm.extra.perf.PAPI_TOT_CYC.192184,94077266269768.0
1770017613.4519207,nrm.extra.perf.PAPI_RES_STL.192184,46711494864994.0
1770017613.4519207,nrm.extra.perf.PAPI_L3_TCM.192184,16928472232.0
1770017614.4529247,nrm.extra.perf.PAPI_L3_TCA.192184,170306409560.0
1770017614.4529247,nrm.extra.perf.PAPI_TOT_INS.192184,55302124581403.0
1770017614.4529247,nrm.extra.perf.PAPI_TOT_CYC.192184,94356356081872.0
1770017614.4529247,nrm.extra.perf.PAPI_RES_STL.192184,46850905901180.0
1770017614.4529247,nrm.extra.perf.PAPI_L3_TCM.192184,16979784614.0
1770017615.4539535,nrm.extra.perf.PAPI_L3_TCA.192184,170812586313.0
1770017615.4539535,nrm.extra.perf.PAPI_TOT_INS.192184,55466469119436.0
1770017615.4539535,nrm.extra.perf.PAPI_TOT_CYC.192184,94636023825603.0
1770017615.4539535,nrm.extra.perf.PAPI_RES_STL.192184,46990451707443.0
1770017615.4539535,nrm.extra.perf.PAPI_L3_TCM.192184,17031134330.0
1770017616.4519904,nrm.extra.perf.PAPI_L3_TCA.192184,171316243689.0
1770017616.4519904,nrm.extra.perf.PAPI_TOT_INS.192184,55630108669218.0
1770017616.4519904,nrm.extra.perf.PAPI_TOT_CYC.192184,94914475150137.0
1770017616.4519904,nrm.extra.perf.PAPI_RES_STL.192184,47129265119130.0
1770017616.4519904,nrm.extra.perf.PAPI_L3_TCM.192184,17082144886.0
1770017617.4519556,nrm.extra.perf.PAPI_L3_TCA.192184,171820639425.0
1770017617.4519556,nrm.extra.perf.PAPI_TOT_INS.192184,55793869419846.0
1770017617.4519556,nrm.extra.perf.PAPI_TOT_CYC.192184,95193030067601.0
1770017617.4519556,nrm.extra.perf.PAPI_RES_STL.192184,47268359098342.0
1770017617.4519556,nrm.extra.perf.PAPI_L3_TCM.192184,17133313668.0
1770017618.4519923,nrm.extra.perf.PAPI_L3_TCA.192184,172327246687.0
1770017618.4519923,nrm.extra.perf.PAPI_TOT_INS.192184,55958424431260.0
1770017618.4519923,nrm.extra.perf.PAPI_TOT_CYC.192184,95472205716881.0
1770017618.4519923,nrm.extra.perf.PAPI_RES_STL.192184,47407933795192.0
1770017618.4519923,nrm.extra.perf.PAPI_L3_TCM.192184,17184616666.0
1770017619.4519382,nrm.extra.perf.PAPI_L3_TCA.192184,172832468162.0
1770017619.4519382,nrm.extra.perf.PAPI_TOT_INS.192184,56122622618126.0
1770017619.4519382,nrm.extra.perf.PAPI_TOT_CYC.192184,95751329064461.0
1770017619.4519382,nrm.extra.perf.PAPI_RES_STL.192184,47547345096536.0
1770017619.4519382,nrm.extra.perf.PAPI_L3_TCM.192184,17235709458.0
1770017620.4519563,nrm.extra.perf.PAPI_L3_TCA.192184,173338840726.0
1770017620.4519563,nrm.extra.perf.PAPI_TOT_INS.192184,56287030507735.0
1770017620.4519563,nrm.extra.perf.PAPI_TOT_CYC.192184,96030147447595.0
1770017620.4519563,nrm.extra.perf.PAPI_RES_STL.192184,47686667524926.0
1770017620.4519563,nrm.extra.perf.PAPI_L3_TCM.192184,17286974515.0
1770017621.4519033,nrm.extra.perf.PAPI_L3_TCA.192184,173845334683.0
1770017621.4519033,nrm.extra.perf.PAPI_TOT_INS.192184,56451415143492.0
1770017621.4519033,nrm.extra.perf.PAPI_TOT_CYC.192184,96309109563241.0
1770017621.4519033,nrm.extra.perf.PAPI_RES_STL.192184,47826166119292.0
1770017621.4519033,nrm.extra.perf.PAPI_L3_TCM.192184,17338345568.0
1770017622.4519508,nrm.extra.perf.PAPI_L3_TCA.192184,174351346743.0
1770017622.4519508,nrm.extra.perf.PAPI_TOT_INS.192184,56615532719048.0
1770017622.4519508,nrm.extra.perf.PAPI_TOT_CYC.192184,96587563792057.0
1770017622.4519508,nrm.extra.perf.PAPI_RES_STL.192184,47965558833520.0
1770017622.4519508,nrm.extra.perf.PAPI_L3_TCM.192184,17389804505.0
1770017623.4549086,nrm.extra.perf.PAPI_L3_TCA.192184,174856813041.0
1770017623.4549086,nrm.extra.perf.PAPI_TOT_INS.192184,56779679935999.0
1770017623.4549086,nrm.extra.perf.PAPI_TOT_CYC.192184,96866682079034.0
1770017623.4549086,nrm.extra.perf.PAPI_RES_STL.192184,48104861841248.0
1770017623.4549086,nrm.extra.perf.PAPI_L3_TCM.192184,17441112415.0
1770017624.4518871,nrm.extra.perf.PAPI_L3_TCA.192184,175362530393.0
1770017624.4518871,nrm.extra.perf.PAPI_TOT_INS.192184,56943825903528.0
1770017624.4518871,nrm.extra.perf.PAPI_TOT_CYC.192184,97145386215617.0
1770017624.4518871,nrm.extra.perf.PAPI_RES_STL.192184,48244371746917.0
1770017624.4518871,nrm.extra.perf.PAPI_L3_TCM.192184,17492175194.0
1770017625.453998,nrm.extra.perf.PAPI_L3_TCA.192184,175869927013.0
1770017625.453998,nrm.extra.perf.PAPI_TOT_INS.192184,57108698236720.0
1770017625.453998,nrm.extra.perf.PAPI_TOT_CYC.192184,97424935520187.0
1770017625.453998,nrm.extra.perf.PAPI_RES_STL.192184,48384246906458.0
1770017625.453998,nrm.extra.perf.PAPI_L3_TCM.192184,17543599927.0
1770017626.45197,nrm.extra.perf.PAPI_L3_TCA.192184,176374136435.0
1770017626.45197,nrm.extra.perf.PAPI_TOT_INS.192184,57272352118547.0
1770017626.45197,nrm.extra.perf.PAPI_TOT_CYC.192184,97703151983699.0
1770017626.45197,nrm.extra.perf.PAPI_RES_STL.192184,48523079043677.0
1770017626.45197,nrm.extra.perf.PAPI_L3_TCM.192184,17594835234.0
1770017627.4520173,nrm.extra.perf.PAPI_L3_TCA.192184,176881231177.0
1770017627.4520173,nrm.extra.perf.PAPI_TOT_INS.192184,57436936070258.0
1770017627.4520173,nrm.extra.perf.PAPI_TOT_CYC.192184,97982723708903.0
1770017627.4520173,nrm.extra.perf.PAPI_RES_STL.192184,48662751930200.0
1770017627.4520173,nrm.extra.perf.PAPI_L3_TCM.192184,17646575910.0
1770017628.451959,nrm.extra.perf.PAPI_L3_TCA.192184,177386234780.0
1770017628.451959,nrm.extra.perf.PAPI_TOT_INS.192184,57600843128731.0
1770017628.451959,nrm.extra.perf.PAPI_TOT_CYC.192184,98261342191169.0
1770017628.451959,nrm.extra.perf.PAPI_RES_STL.192184,48801973063494.0
1770017628.451959,nrm.extra.perf.PAPI_L3_TCM.192184,17697916657.0
1770017629.4519267,nrm.extra.perf.PAPI_L3_TCA.192184,177891648162.0
1770017629.4519267,nrm.extra.perf.PAPI_TOT_INS.192184,57764836100870.0
1770017629.4519267,nrm.extra.perf.PAPI_TOT_CYC.192184,98539922305101.0
1770017629.4519267,nrm.extra.perf.PAPI_RES_STL.192184,48941137815939.0
1770017629.4519267,nrm.extra.perf.PAPI_L3_TCM.192184,17749444652.0
1770017630.4519348,nrm.extra.perf.PAPI_L3_TCA.192184,178376981587.0
1770017630.4519348,nrm.extra.perf.PAPI_TOT_INS.192184,57923208185890.0
1770017630.4519348,nrm.extra.perf.PAPI_TOT_CYC.192184,98812235872928.0
1770017630.4519348,nrm.extra.perf.PAPI_RES_STL.192184,49074808733878.0
1770017630.4519348,nrm.extra.perf.PAPI_L3_TCM.192184,17798706659.0
1770017631.453942,nrm.extra.perf.PAPI_L3_TCA.192184,178881987698.0
1770017631.453942,nrm.extra.perf.PAPI_TOT_INS.192184,58086947596209.0
1770017631.453942,nrm.extra.perf.PAPI_TOT_CYC.192184,99090755429921.0
1770017631.453942,nrm.extra.perf.PAPI_RES_STL.192184,49213946392195.0
1770017631.453942,nrm.extra.perf.PAPI_L3_TCM.192184,17850039856.0
1770017632.4548821,nrm.extra.perf.PAPI_L3_TCA.192184,179387797090.0
1770017632.4548821,nrm.extra.perf.PAPI_TOT_INS.192184,58251343027495.0
1770017632.4548821,nrm.extra.perf.PAPI_TOT_CYC.192184,99370200272704.0
1770017632.4548821,nrm.extra.perf.PAPI_RES_STL.192184,49353087724904.0
1770017632.4548821,nrm.extra.perf.PAPI_L3_TCM.192184,17900991290.0
1770017633.4559445,nrm.extra.perf.PAPI_L3_TCA.192184,179892586334.0
1770017633.4559445,nrm.extra.perf.PAPI_TOT_INS.192184,58415397528281.0
1770017633.4559445,nrm.extra.perf.PAPI_TOT_CYC.192184,99650036310510.0
1770017633.4559445,nrm.extra.perf.PAPI_RES_STL.192184,49491933627240.0
1770017633.4559445,nrm.extra.perf.PAPI_L3_TCM.192184,17952220894.0
1770017634.4519272,nrm.extra.perf.PAPI_L3_TCA.192184,180396202566.0
1770017634.4519272,nrm.extra.perf.PAPI_TOT_INS.192184,58578806347705.0
1770017634.4519272,nrm.extra.perf.PAPI_TOT_CYC.192184,99928162654977.0
1770017634.4519272,nrm.extra.perf.PAPI_RES_STL.192184,49630675913182.0
1770017634.4519272,nrm.extra.perf.PAPI_L3_TCM.192184,18003250058.0
1770017635.4519544,nrm.extra.perf.PAPI_L3_TCA.192184,180902925177.0
1770017635.4519544,nrm.extra.perf.PAPI_TOT_INS.192184,58743174359976.0
1770017635.4519544,nrm.extra.perf.PAPI_TOT_CYC.192184,100207559998858.0
1770017635.4519544,nrm.extra.perf.PAPI_RES_STL.192184,49770374556532.0
1770017635.4519544,nrm.extra.perf.PAPI_L3_TCM.192184,18054808345.0
1770017636.4559298,nrm.extra.perf.PAPI_L3_TCA.192184,181410926252.0
1770017636.4559298,nrm.extra.perf.PAPI_TOT_INS.192184,58908013911537.0
1770017636.4559298,nrm.extra.perf.PAPI_TOT_CYC.192184,100487269540403.0
1770017636.4559298,nrm.extra.perf.PAPI_RES_STL.192184,49910090506270.0
1770017636.4559298,nrm.extra.perf.PAPI_L3_TCM.192184,18106215597.0
1770017637.4519315,nrm.extra.perf.PAPI_L3_TCA.192184,181913573416.0
1770017637.4519315,nrm.extra.perf.PAPI_TOT_INS.192184,59071402885080.0
1770017637.4519315,nrm.extra.perf.PAPI_TOT_CYC.192184,100765151865467.0
1770017637.4519315,nrm.extra.perf.PAPI_RES_STL.192184,50048432665222.0
1770017637.4519315,nrm.extra.perf.PAPI_L3_TCM.192184,18156891916.0
1770017638.45198,nrm.extra.perf.PAPI_L3_TCA.192184,182419129847.0
1770017638.45198,nrm.extra.perf.PAPI_TOT_INS.192184,59235510903765.0
1770017638.45198,nrm.extra.perf.PAPI_TOT_CYC.192184,101044383102141.0
1770017638.45198,nrm.extra.perf.PAPI_RES_STL.192184,50187548681029.0
1770017638.45198,nrm.extra.perf.PAPI_L3_TCM.192184,18208312918.0
1770017639.4518917,nrm.extra.perf.PAPI_L3_TCA.192184,182926908635.0
1770017639.4518917,nrm.extra.perf.PAPI_TOT_INS.192184,59400087661633.0
1770017639.4518917,nrm.extra.perf.PAPI_TOT_CYC.192184,101323970609601.0
1770017639.4518917,nrm.extra.perf.PAPI_RES_STL.192184,50327443711925.0
1770017639.4518917,nrm.extra.perf.PAPI_L3_TCM.192184,18260083848.0
1770017640.4539366,nrm.extra.perf.PAPI_L3_TCA.192184,183433074334.0
1770017640.4539366,nrm.extra.perf.PAPI_TOT_INS.192184,59564293208645.0
1770017640.4539366,nrm.extra.perf.PAPI_TOT_CYC.192184,101602611760844.0
1770017640.4539366,nrm.extra.perf.PAPI_RES_STL.192184,50466626274665.0
1770017640.4539366,nrm.extra.perf.PAPI_L3_TCM.192184,18311477560.0
1770017641.4529195,nrm.extra.perf.PAPI_L3_TCA.192184,183937819015.0
1770017641.4529195,nrm.extra.perf.PAPI_TOT_INS.192184,59728082055994.0
1770017641.4529195,nrm.extra.perf.PAPI_TOT_CYC.192184,101880918607859.0
1770017641.4529195,nrm.extra.perf.PAPI_RES_STL.192184,50605290824998.0
1770017641.4529195,nrm.extra.perf.PAPI_L3_TCM.192184,18362859579.0
1770017642.4528759,nrm.extra.perf.PAPI_L3_TCA.192184,184444575846.0
1770017642.4528759,nrm.extra.perf.PAPI_TOT_INS.192184,59892400286787.0
1770017642.4528759,nrm.extra.perf.PAPI_TOT_CYC.192184,102160005135674.0
1770017642.4528759,nrm.extra.perf.PAPI_RES_STL.192184,50744846521911.0
1770017642.4528759,nrm.extra.perf.PAPI_L3_TCM.192184,18414247937.0
1770017643.4529274,nrm.extra.perf.PAPI_L3_TCA.192184,184952785250.0
1770017643.4529274,nrm.extra.perf.PAPI_TOT_INS.192184,60057406328129.0
1770017643.4529274,nrm.extra.perf.PAPI_TOT_CYC.192184,102439434989539.0
1770017643.4529274,nrm.extra.perf.PAPI_RES_STL.192184,50884574592992.0
1770017643.4529274,nrm.extra.perf.PAPI_L3_TCM.192184,18466021965.0
1770017644.4569178,nrm.extra.perf.PAPI_L3_TCA.192184,185460119226.0
1770017644.4569178,nrm.extra.perf.PAPI_TOT_INS.192184,60221866677127.0
1770017644.4569178,nrm.extra.perf.PAPI_TOT_CYC.192184,102718775245020.0
1770017644.4569178,nrm.extra.perf.PAPI_RES_STL.192184,51024293344711.0
1770017644.4569178,nrm.extra.perf.PAPI_L3_TCM.192184,18517714102.0
1770017645.451962,nrm.extra.perf.PAPI_L3_TCA.192184,185965342202.0
1770017645.451962,nrm.extra.perf.PAPI_TOT_INS.192184,60385720251013.0
1770017645.451962,nrm.extra.perf.PAPI_TOT_CYC.192184,102996495031127.0
1770017645.451962,nrm.extra.perf.PAPI_RES_STL.192184,51163185662626.0
1770017645.451962,nrm.extra.perf.PAPI_L3_TCM.192184,18569154634.0
1770017646.4519334,nrm.extra.perf.PAPI_L3_TCA.192184,186465724545.0
1770017646.4519334,nrm.extra.perf.PAPI_TOT_INS.192184,60548399666979.0
1770017646.4519334,nrm.extra.perf.PAPI_TOT_CYC.192184,103275375395710.0
1770017646.4519334,nrm.extra.perf.PAPI_RES_STL.192184,51300976153862.0
1770017646.4519334,nrm.extra.perf.PAPI_L3_TCM.192184,18620041081.0
1770017647.4529936,nrm.extra.perf.PAPI_L3_TCA.192184,186974168188.0
1770017647.4529936,nrm.extra.perf.PAPI_TOT_INS.192184,60713296038821.0
1770017647.4529936,nrm.extra.perf.PAPI_TOT_CYC.192184,103554967780065.0
1770017647.4529936,nrm.extra.perf.PAPI_RES_STL.192184,51440717316434.0
1770017647.4529936,nrm.extra.perf.PAPI_L3_TCM.192184,18671838693.0
1770017648.4529722,nrm.extra.perf.PAPI_L3_TCA.192184,187480115372.0
1770017648.4529722,nrm.extra.perf.PAPI_TOT_INS.192184,60877539877011.0
1770017648.4529722,nrm.extra.perf.PAPI_TOT_CYC.192184,103833072917472.0
1770017648.4529722,nrm.extra.perf.PAPI_RES_STL.192184,51579917852626.0
1770017648.4529722,nrm.extra.perf.PAPI_L3_TCM.192184,18723134213.0
1770017649.453948,nrm.extra.perf.PAPI_L3_TCA.192184,187987697866.0
1770017649.453948,nrm.extra.perf.PAPI_TOT_INS.192184,61042077234630.0
1770017649.453948,nrm.extra.perf.PAPI_TOT_CYC.192184,104112438954060.0
1770017649.453948,nrm.extra.perf.PAPI_RES_STL.192184,51719821842659.0
1770017649.453948,nrm.extra.perf.PAPI_L3_TCM.192184,18774947584.0
1770017650.4549158,nrm.extra.perf.PAPI_L3_TCA.192184,188495607765.0
1770017650.4549158,nrm.extra.perf.PAPI_TOT_INS.192184,61206835973686.0
1770017650.4549158,nrm.extra.perf.PAPI_TOT_CYC.192184,104391824403659.0
1770017650.4549158,nrm.extra.perf.PAPI_RES_STL.192184,51859446869924.0
1770017650.4549158,nrm.extra.perf.PAPI_L3_TCM.192184,18826726579.0
1770017651.451918,nrm.extra.perf.PAPI_L3_TCA.192184,188999152564.0
1770017651.451918,nrm.extra.perf.PAPI_TOT_INS.192184,61370127963690.0
1770017651.451918,nrm.extra.perf.PAPI_TOT_CYC.192184,104669493431168.0
1770017651.451918,nrm.extra.perf.PAPI_RES_STL.192184,51998117758460.0
1770017651.451918,nrm.extra.perf.PAPI_L3_TCM.192184,18878039289.0
1770017652.4519687,nrm.extra.perf.PAPI_L3_TCA.192184,189503831027.0
1770017652.4519687,nrm.extra.perf.PAPI_TOT_INS.192184,61534016263424.0
1770017652.4519687,nrm.extra.perf.PAPI_TOT_CYC.192184,104947926141271.0
1770017652.4519687,nrm.extra.perf.PAPI_RES_STL.192184,52136871590664.0
1770017652.4519687,nrm.extra.perf.PAPI_L3_TCM.192184,18928933730.0
1770017653.4559124,nrm.extra.perf.PAPI_L3_TCA.192184,190011692818.0
1770017653.4559124,nrm.extra.perf.PAPI_TOT_INS.192184,61698603827985.0
1770017653.4559124,nrm.extra.perf.PAPI_TOT_CYC.192184,105227862333037.0
1770017653.4559124,nrm.extra.perf.PAPI_RES_STL.192184,52276850551953.0
1770017653.4559124,nrm.extra.perf.PAPI_L3_TCM.192184,18980439731.0
1770017654.451956,nrm.extra.perf.PAPI_L3_TCA.192184,190517347080.0
1770017654.451956,nrm.extra.perf.PAPI_TOT_INS.192184,61862774655664.0
1770017654.451956,nrm.extra.perf.PAPI_TOT_CYC.192184,105505992785078.0
1770017654.451956,nrm.extra.perf.PAPI_RES_STL.192184,52416028434721.0
1770017654.451956,nrm.extra.perf.PAPI_L3_TCM.192184,19031270912.0
1770017655.4519637,nrm.extra.perf.PAPI_L3_TCA.192184,191005194874.0
1770017655.4519637,nrm.extra.perf.PAPI_TOT_INS.192184,62021082134905.0
1770017655.4519637,nrm.extra.perf.PAPI_TOT_CYC.192184,105775903430684.0
1770017655.4519637,nrm.extra.perf.PAPI_RES_STL.192184,52550281158475.0
1770017655.4519637,nrm.extra.perf.PAPI_L3_TCM.192184,19081199562.0
1770017656.4517062,nrm.extra.perf.PAPI_L3_TCA.192184,191511795403.0
1770017656.4517062,nrm.extra.perf.PAPI_TOT_INS.192184,62185710252444.0
1770017656.4517062,nrm.extra.perf.PAPI_TOT_CYC.192184,106054968223054.0
1770017656.4517062,nrm.extra.perf.PAPI_RES_STL.192184,52689505035658.0
1770017656.4517062,nrm.extra.perf.PAPI_L3_TCM.192184,19132029195.0
1770017657.4559848,nrm.extra.perf.PAPI_L3_TCA.192184,192017917501.0
1770017657.4559848,nrm.extra.perf.PAPI_TOT_INS.192184,62349967433713.0
1770017657.4559848,nrm.extra.perf.PAPI_TOT_CYC.192184,106334852960578.0
1770017657.4559848,nrm.extra.perf.PAPI_RES_STL.192184,52828873294219.0
1770017657.4559848,nrm.extra.perf.PAPI_L3_TCM.192184,19183094029.0
1770017658.4519331,nrm.extra.perf.PAPI_L3_TCA.192184,192519575509.0
1770017658.4519331,nrm.extra.perf.PAPI_TOT_INS.192184,62512824206598.0
1770017658.4519331,nrm.extra.perf.PAPI_TOT_CYC.192184,106612326864189.0
1770017658.4519331,nrm.extra.perf.PAPI_RES_STL.192184,52966906058708.0
1770017658.4519331,nrm.extra.perf.PAPI_L3_TCM.192184,19233659990.0
1770017659.4520009,nrm.extra.perf.PAPI_L3_TCA.192184,193024661288.0
1770017659.4520009,nrm.extra.perf.PAPI_TOT_INS.192184,62676780440792.0
1770017659.4520009,nrm.extra.perf.PAPI_TOT_CYC.192184,106891188253217.0
1770017659.4520009,nrm.extra.perf.PAPI_RES_STL.192184,53105723059583.0
1770017659.4520009,nrm.extra.perf.PAPI_L3_TCM.192184,19284912855.0
1770017660.4518645,nrm.extra.perf.PAPI_L3_TCA.192184,193527822540.0
1770017660.4518645,nrm.extra.perf.PAPI_TOT_INS.192184,62839919563970.0
1770017660.4518645,nrm.extra.perf.PAPI_TOT_CYC.192184,107168192571877.0
1770017660.4518645,nrm.extra.perf.PAPI_RES_STL.192184,53244071545250.0
1770017660.4518645,nrm.extra.perf.PAPI_L3_TCM.192184,19335545850.0
1770017661.4549363,nrm.extra.perf.PAPI_L3_TCA.192184,194035003896.0
1770017661.4549363,nrm.extra.perf.PAPI_TOT_INS.192184,63004673392773.0
1770017661.4549363,nrm.extra.perf.PAPI_TOT_CYC.192184,107448489249445.0
1770017661.4549363,nrm.extra.perf.PAPI_RES_STL.192184,53383850991349.0
1770017661.4549363,nrm.extra.perf.PAPI_L3_TCM.192184,19386733416.0
1770017662.4518843,nrm.extra.perf.PAPI_L3_TCA.192184,194538157793.0
1770017662.4518843,nrm.extra.perf.PAPI_TOT_INS.192184,63167960303276.0
1770017662.4518843,nrm.extra.perf.PAPI_TOT_CYC.192184,107726569456755.0
1770017662.4518843,nrm.extra.perf.PAPI_RES_STL.192184,53522375502702.0
1770017662.4518843,nrm.extra.perf.PAPI_L3_TCM.192184,19437819944.0
1770017663.454914,nrm.extra.perf.PAPI_L3_TCA.192184,195046484929.0
1770017663.454914,nrm.extra.perf.PAPI_TOT_INS.192184,63332883204264.0
1770017663.454914,nrm.extra.perf.PAPI_TOT_CYC.192184,108006464609318.0
1770017663.454914,nrm.extra.perf.PAPI_RES_STL.192184,53662109297064.0
1770017663.454914,nrm.extra.perf.PAPI_L3_TCM.192184,19489462838.0
1770017664.451939,nrm.extra.perf.PAPI_L3_TCA.192184,195546773993.0
1770017664.451939,nrm.extra.perf.PAPI_TOT_INS.192184,63495328530035.0
1770017664.451939,nrm.extra.perf.PAPI_TOT_CYC.192184,108283923009215.0
1770017664.451939,nrm.extra.perf.PAPI_RES_STL.192184,53799857092003.0
1770017664.451939,nrm.extra.perf.PAPI_L3_TCM.192184,19540340238.0
1770017665.4539218,nrm.extra.perf.PAPI_L3_TCA.192184,196052866167.0
1770017665.4539218,nrm.extra.perf.PAPI_TOT_INS.192184,63659769249277.0
1770017665.4539218,nrm.extra.perf.PAPI_TOT_CYC.192184,108563294042404.0
1770017665.4539218,nrm.extra.perf.PAPI_RES_STL.192184,53939108119133.0
1770017665.4539218,nrm.extra.perf.PAPI_L3_TCM.192184,19591176808.0
1770017666.451981,nrm.extra.perf.PAPI_L3_TCA.192184,196557342629.0
1770017666.451981,nrm.extra.perf.PAPI_TOT_INS.192184,63823451866451.0
1770017666.451981,nrm.extra.perf.PAPI_TOT_CYC.192184,108841930177383.0
1770017666.451981,nrm.extra.perf.PAPI_RES_STL.192184,54077966913961.0
1770017666.451981,nrm.extra.perf.PAPI_L3_TCM.192184,19642290493.0
1770017667.454959,nrm.extra.perf.PAPI_L3_TCA.192184,197065510509.0
1770017667.454959,nrm.extra.perf.PAPI_TOT_INS.192184,63988276260829.0
1770017667.454959,nrm.extra.perf.PAPI_TOT_CYC.192184,109122288866866.0
1770017667.454959,nrm.extra.perf.PAPI_RES_STL.192184,54217777276390.0
1770017667.454959,nrm.extra.perf.PAPI_L3_TCM.192184,19693815838.0
1770017668.4539232,nrm.extra.perf.PAPI_L3_TCA.192184,197568999647.0
1770017668.4539232,nrm.extra.perf.PAPI_TOT_INS.192184,64151700684705.0
1770017668.4539232,nrm.extra.perf.PAPI_TOT_CYC.192184,109400879749058.0
1770017668.4539232,nrm.extra.perf.PAPI_RES_STL.192184,54356406591223.0
1770017668.4539232,nrm.extra.perf.PAPI_L3_TCM.192184,19744755605.0
1770017669.4519162,nrm.extra.perf.PAPI_L3_TCA.192184,198073874061.0
1770017669.4519162,nrm.extra.perf.PAPI_TOT_INS.192184,64315491841258.0
1770017669.4519162,nrm.extra.perf.PAPI_TOT_CYC.192184,109679160921305.0
1770017669.4519162,nrm.extra.perf.PAPI_RES_STL.192184,54495146957809.0
1770017669.4519162,nrm.extra.perf.PAPI_L3_TCM.192184,19795962663.0
1770017670.451959,nrm.extra.perf.PAPI_L3_TCA.192184,198580243937.0
1770017670.451959,nrm.extra.perf.PAPI_TOT_INS.192184,64479849101176.0
1770017670.451959,nrm.extra.perf.PAPI_TOT_CYC.192184,109957810550735.0
1770017670.451959,nrm.extra.perf.PAPI_RES_STL.192184,54634617779576.0
1770017670.451959,nrm.extra.perf.PAPI_L3_TCM.192184,19847048229.0
1770017671.4519458,nrm.extra.perf.PAPI_L3_TCA.192184,199084259963.0
1770017671.4519458,nrm.extra.perf.PAPI_TOT_INS.192184,64643427286836.0
1770017671.4519458,nrm.extra.perf.PAPI_TOT_CYC.192184,110236734074954.0
1770017671.4519458,nrm.extra.perf.PAPI_RES_STL.192184,54773606790285.0
1770017671.4519458,nrm.extra.perf.PAPI_L3_TCM.192184,19897974983.0
1770017672.452012,nrm.extra.perf.PAPI_L3_TCA.192184,199587897605.0
1770017672.452012,nrm.extra.perf.PAPI_TOT_INS.192184,64806918149904.0
1770017672.452012,nrm.extra.perf.PAPI_TOT_CYC.192184,110514801781988.0
1770017672.452012,nrm.extra.perf.PAPI_RES_STL.192184,54912062695730.0
1770017672.452012,nrm.extra.perf.PAPI_L3_TCM.192184,19948938407.0
1770017673.4539423,nrm.extra.perf.PAPI_L3_TCA.192184,200093340010.0
1770017673.4539423,nrm.extra.perf.PAPI_TOT_INS.192184,64970913005271.0
1770017673.4539423,nrm.extra.perf.PAPI_TOT_CYC.192184,110794201327810.0
1770017673.4539423,nrm.extra.perf.PAPI_RES_STL.192184,55051249141278.0
1770017673.4539423,nrm.extra.perf.PAPI_L3_TCM.192184,20000085666.0
1770017674.4519684,nrm.extra.perf.PAPI_L3_TCA.192184,200595976181.0
1770017674.4519684,nrm.extra.perf.PAPI_TOT_INS.192184,65134212199511.0
1770017674.4519684,nrm.extra.perf.PAPI_TOT_CYC.192184,111071700387708.0
1770017674.4519684,nrm.extra.perf.PAPI_RES_STL.192184,55189465791580.0
1770017674.4519684,nrm.extra.perf.PAPI_L3_TCM.192184,20050781027.0
1770017675.4519114,nrm.extra.perf.PAPI_L3_TCA.192184,201095451058.0
1770017675.4519114,nrm.extra.perf.PAPI_TOT_INS.192184,65296625023851.0
1770017675.4519114,nrm.extra.perf.PAPI_TOT_CYC.192184,111349620862663.0
1770017675.4519114,nrm.extra.perf.PAPI_RES_STL.192184,55327032596343.0
1770017675.4519114,nrm.extra.perf.PAPI_L3_TCM.192184,20101575923.0
1770017676.4539,nrm.extra.perf.PAPI_L3_TCA.192184,201574028994.0
1770017676.4539,nrm.extra.perf.PAPI_TOT_INS.192184,65452505955411.0
1770017676.4539,nrm.extra.perf.PAPI_TOT_CYC.192184,111618050877074.0
1770017676.4539,nrm.extra.perf.PAPI_RES_STL.192184,55459180902375.0
1770017676.4539,nrm.extra.perf.PAPI_L3_TCM.192184,20150492305.0
1770017677.4539742,nrm.extra.perf.PAPI_L3_TCA.192184,202078878418.0
1770017677.4539742,nrm.extra.perf.PAPI_TOT_INS.192184,65616191507121.0
1770017677.4539742,nrm.extra.perf.PAPI_TOT_CYC.192184,111895753940019.0
1770017677.4539742,nrm.extra.perf.PAPI_RES_STL.192184,55598356208179.0
1770017677.4539742,nrm.extra.perf.PAPI_L3_TCM.192184,20201543731.0
1770017678.4519525,nrm.extra.perf.PAPI_L3_TCA.192184,202584136307.0
1770017678.4519525,nrm.extra.perf.PAPI_TOT_INS.192184,65780064008512.0
1770017678.4519525,nrm.extra.perf.PAPI_TOT_CYC.192184,112174393971460.0
1770017678.4519525,nrm.extra.perf.PAPI_RES_STL.192184,55737927908250.0
1770017678.4519525,nrm.extra.perf.PAPI_L3_TCM.192184,20252415849.0
1770017679.4517214,nrm.extra.perf.PAPI_L3_TCA.192184,203089355173.0
1770017679.4517214,nrm.extra.perf.PAPI_TOT_INS.192184,65944231479905.0
1770017679.4517214,nrm.extra.perf.PAPI_TOT_CYC.192184,112453008660858.0
1770017679.4517214,nrm.extra.perf.PAPI_RES_STL.192184,55877151187897.0
1770017679.4517214,nrm.extra.perf.PAPI_L3_TCM.192184,20303211667.0
1770017680.4519382,nrm.extra.perf.PAPI_L3_TCA.192184,203591638397.0
1770017680.4519382,nrm.extra.perf.PAPI_TOT_INS.192184,66107353781766.0
1770017680.4519382,nrm.extra.perf.PAPI_TOT_CYC.192184,112731969274680.0
1770017680.4519382,nrm.extra.perf.PAPI_RES_STL.192184,56015500691105.0
1770017680.4519382,nrm.extra.perf.PAPI_L3_TCM.192184,20354029572.0
1770017681.4560144,nrm.extra.perf.PAPI_L3_TCA.192184,204100415539.0
1770017681.4560144,nrm.extra.perf.PAPI_TOT_INS.192184,66272448184003.0
1770017681.4560144,nrm.extra.perf.PAPI_TOT_CYC.192184,113012427099921.0
1770017681.4560144,nrm.extra.perf.PAPI_RES_STL.192184,56155533094661.0
1770017681.4560144,nrm.extra.perf.PAPI_L3_TCM.192184,20405457212.0
1770017682.4519403,nrm.extra.perf.PAPI_L3_TCA.192184,204603665218.0
1770017682.4519403,nrm.extra.perf.PAPI_TOT_INS.192184,66435736195366.0
1770017682.4519403,nrm.extra.perf.PAPI_TOT_CYC.192184,113290525359035.0
1770017682.4519403,nrm.extra.perf.PAPI_RES_STL.192184,56294133495141.0
1770017682.4519403,nrm.extra.perf.PAPI_L3_TCM.192184,20456432530.0
1770017683.4519527,nrm.extra.perf.PAPI_L3_TCA.192184,205109825951.0
1770017683.4519527,nrm.extra.perf.PAPI_TOT_INS.192184,66599869675718.0
1770017683.4519527,nrm.extra.perf.PAPI_TOT_CYC.192184,113569524064524.0
1770017683.4519527,nrm.extra.perf.PAPI_RES_STL.192184,56433880986301.0
1770017683.4519527,nrm.extra.perf.PAPI_L3_TCM.192184,20507599725.0
1770017684.4519222,nrm.extra.perf.PAPI_L3_TCA.192184,205615153422.0
1770017684.4519222,nrm.extra.perf.PAPI_TOT_INS.192184,66763974365168.0
1770017684.4519222,nrm.extra.perf.PAPI_TOT_CYC.192184,113847647113682.0
1770017684.4519222,nrm.extra.perf.PAPI_RES_STL.192184,56573186233198.0
1770017684.4519222,nrm.extra.perf.PAPI_L3_TCM.192184,20558282589.0
1770017685.4519496,nrm.extra.perf.PAPI_L3_TCA.192184,206121372610.0
1770017685.4519496,nrm.extra.perf.PAPI_TOT_INS.192184,66928093077493.0
1770017685.4519496,nrm.extra.perf.PAPI_TOT_CYC.192184,114126755854390.0
1770017685.4519496,nrm.extra.perf.PAPI_RES_STL.192184,56712873297620.0
1770017685.4519496,nrm.extra.perf.PAPI_L3_TCM.192184,20609371564.0
1770017686.4539404,nrm.extra.perf.PAPI_L3_TCA.192184,206627190232.0
1770017686.4539404,nrm.extra.perf.PAPI_TOT_INS.192184,67092234945566.0
1770017686.4539404,nrm.extra.perf.PAPI_TOT_CYC.192184,114406126956169.0
1770017686.4539404,nrm.extra.perf.PAPI_RES_STL.192184,56852461254611.0
1770017686.4539404,nrm.extra.perf.PAPI_L3_TCM.192184,20660389861.0
1770017687.451928,nrm.extra.perf.PAPI_L3_TCA.192184,207131618161.0
1770017687.451928,nrm.extra.perf.PAPI_TOT_INS.192184,67256031761547.0
1770017687.451928,nrm.extra.perf.PAPI_TOT_CYC.192184,114684242595666.0
1770017687.451928,nrm.extra.perf.PAPI_RES_STL.192184,56991365159241.0
1770017687.451928,nrm.extra.perf.PAPI_L3_TCM.192184,20711752956.0
1770017688.4519181,nrm.extra.perf.PAPI_L3_TCA.192184,207630204409.0
1770017688.4519181,nrm.extra.perf.PAPI_TOT_INS.192184,67418453127732.0
1770017688.4519181,nrm.extra.perf.PAPI_TOT_CYC.192184,114962868299084.0
1770017688.4519181,nrm.extra.perf.PAPI_RES_STL.192184,57128713200657.0
1770017688.4519181,nrm.extra.perf.PAPI_L3_TCM.192184,20762028152.0
1770017689.4559314,nrm.extra.perf.PAPI_L3_TCA.192184,208125728470.0
1770017689.4559314,nrm.extra.perf.PAPI_TOT_INS.192184,67579910705620.0
1770017689.4559314,nrm.extra.perf.PAPI_TOT_CYC.192184,115240646619613.0
1770017689.4559314,nrm.extra.perf.PAPI_RES_STL.192184,57265209373498.0
1770017689.4559314,nrm.extra.perf.PAPI_L3_TCM.192184,20812206833.0
1770017690.451942,nrm.extra.perf.PAPI_L3_TCA.192184,208628356525.0
1770017690.451942,nrm.extra.perf.PAPI_TOT_INS.192184,67743205268801.0
1770017690.451942,nrm.extra.perf.PAPI_TOT_CYC.192184,115518850442322.0
1770017690.451942,nrm.extra.perf.PAPI_RES_STL.192184,57403830722487.0
1770017690.451942,nrm.extra.perf.PAPI_L3_TCM.192184,20862985356.0
1770017691.4519236,nrm.extra.perf.PAPI_L3_TCA.192184,209131039616.0
1770017691.4519236,nrm.extra.perf.PAPI_TOT_INS.192184,67906689125917.0
1770017691.4519236,nrm.extra.perf.PAPI_TOT_CYC.192184,115796544086696.0
1770017691.4519236,nrm.extra.perf.PAPI_RES_STL.192184,57542293960858.0
1770017691.4519236,nrm.extra.perf.PAPI_L3_TCM.192184,20913801071.0
1770017692.4539752,nrm.extra.perf.PAPI_L3_TCA.192184,209631076152.0
1770017692.4539752,nrm.extra.perf.PAPI_TOT_INS.192184,68069504001673.0
1770017692.4539752,nrm.extra.perf.PAPI_TOT_CYC.192184,116075736506507.0
1770017692.4539752,nrm.extra.perf.PAPI_RES_STL.192184,57680111722873.0
1770017692.4539752,nrm.extra.perf.PAPI_L3_TCM.192184,20964533928.0
1770017693.4519572,nrm.extra.perf.PAPI_L3_TCA.192184,210137330009.0
1770017693.4519572,nrm.extra.perf.PAPI_TOT_INS.192184,68233952275667.0
1770017693.4519572,nrm.extra.perf.PAPI_TOT_CYC.192184,116354740907173.0
1770017693.4519572,nrm.extra.perf.PAPI_RES_STL.192184,57819447804564.0
1770017693.4519572,nrm.extra.perf.PAPI_L3_TCM.192184,21015654994.0
1770017694.4529426,nrm.extra.perf.PAPI_L3_TCA.192184,210641345881.0
1770017694.4529426,nrm.extra.perf.PAPI_TOT_INS.192184,68397693629581.0
1770017694.4529426,nrm.extra.perf.PAPI_TOT_CYC.192184,116634195298669.0
1770017694.4529426,nrm.extra.perf.PAPI_RES_STL.192184,57958473659241.0
1770017694.4529426,nrm.extra.perf.PAPI_L3_TCM.192184,21066586481.0
1770017695.4516966,nrm.extra.perf.PAPI_L3_TCA.192184,211144303532.0
1770017695.4516966,nrm.extra.perf.PAPI_TOT_INS.192184,68561428213838.0
1770017695.4516966,nrm.extra.perf.PAPI_TOT_CYC.192184,116912554311932.0
1770017695.4516966,nrm.extra.perf.PAPI_RES_STL.192184,58096834752505.0
1770017695.4516966,nrm.extra.perf.PAPI_L3_TCM.192184,21117159920.0
1770017696.4539301,nrm.extra.perf.PAPI_L3_TCA.192184,211648627390.0
1770017696.4539301,nrm.extra.perf.PAPI_TOT_INS.192184,68725184267632.0
1770017696.4539301,nrm.extra.perf.PAPI_TOT_CYC.192184,117191140153800.0
1770017696.4539301,nrm.extra.perf.PAPI_RES_STL.192184,58235780408351.0
1770017696.4539301,nrm.extra.perf.PAPI_L3_TCM.192184,21168205179.0
1770017697.451905,nrm.extra.perf.PAPI_L3_TCA.192184,212148348735.0
1770017697.451905,nrm.extra.perf.PAPI_TOT_INS.192184,68887692170490.0
1770017697.451905,nrm.extra.perf.PAPI_TOT_CYC.192184,117468663208055.0
1770017697.451905,nrm.extra.perf.PAPI_RES_STL.192184,58373622465693.0
1770017697.451905,nrm.extra.perf.PAPI_L3_TCM.192184,21218559633.0
1770017698.451902,nrm.extra.perf.PAPI_L3_TCA.192184,212653639118.0
1770017698.451902,nrm.extra.perf.PAPI_TOT_INS.192184,69051738713313.0
1770017698.451902,nrm.extra.perf.PAPI_TOT_CYC.192184,117747465276474.0
1770017698.451902,nrm.extra.perf.PAPI_RES_STL.192184,58512726853984.0
1770017698.451902,nrm.extra.perf.PAPI_L3_TCM.192184,21269667307.0
1770017699.4520898,nrm.extra.perf.PAPI_L3_TCA.192184,213157772239.0
1770017699.4520898,nrm.extra.perf.PAPI_TOT_INS.192184,69215652485236.0
1770017699.4520898,nrm.extra.perf.PAPI_TOT_CYC.192184,118025956895386.0
1770017699.4520898,nrm.extra.perf.PAPI_RES_STL.192184,58651597578718.0
1770017699.4520898,nrm.extra.perf.PAPI_L3_TCM.192184,21320602476.0
1770017700.451902,nrm.extra.perf.PAPI_L3_TCA.192184,213665780387.0
1770017700.451902,nrm.extra.perf.PAPI_TOT_INS.192184,69380517228999.0
1770017700.451902,nrm.extra.perf.PAPI_TOT_CYC.192184,118305934173579.0
1770017700.451902,nrm.extra.perf.PAPI_RES_STL.192184,58791829932137.0
1770017700.451902,nrm.extra.perf.PAPI_L3_TCM.192184,21372044724.0
1770017701.4519742,nrm.extra.perf.PAPI_L3_TCA.192184,214171604284.0
1770017701.4519742,nrm.extra.perf.PAPI_TOT_INS.192184,69544772767013.0
1770017701.4519742,nrm.extra.perf.PAPI_TOT_CYC.192184,118584985329539.0
1770017701.4519742,nrm.extra.perf.PAPI_RES_STL.192184,58931138141917.0
1770017701.4519742,nrm.extra.perf.PAPI_L3_TCM.192184,21423333672.0
1770017702.4539828,nrm.extra.perf.PAPI_L3_TCA.192184,214676888214.0
1770017702.4539828,nrm.extra.perf.PAPI_TOT_INS.192184,69708871386977.0
1770017702.4539828,nrm.extra.perf.PAPI_TOT_CYC.192184,118864088692864.0
1770017702.4539828,nrm.extra.perf.PAPI_RES_STL.192184,59070349225797.0
1770017702.4539828,nrm.extra.perf.PAPI_L3_TCM.192184,21474518546.0
1770017703.451933,nrm.extra.perf.PAPI_L3_TCA.192184,215181620099.0
1770017703.451933,nrm.extra.perf.PAPI_TOT_INS.192184,69872796421718.0
1770017703.451933,nrm.extra.perf.PAPI_TOT_CYC.192184,119142843684656.0
1770017703.451933,nrm.extra.perf.PAPI_RES_STL.192184,59209305094475.0
1770017703.451933,nrm.extra.perf.PAPI_L3_TCM.192184,21525575233.0
1770017704.4558823,nrm.extra.perf.PAPI_L3_TCA.192184,215684519779.0
1770017704.4558823,nrm.extra.perf.PAPI_TOT_INS.192184,70036394382884.0
1770017704.4558823,nrm.extra.perf.PAPI_TOT_CYC.192184,119422746586171.0
1770017704.4558823,nrm.extra.perf.PAPI_RES_STL.192184,59347939468752.0
1770017704.4558823,nrm.extra.perf.PAPI_L3_TCM.192184,21576485154.0
1770017705.4519029,nrm.extra.perf.PAPI_L3_TCA.192184,216189273424.0
1770017705.4519029,nrm.extra.perf.PAPI_TOT_INS.192184,70200473705101.0
1770017705.4519029,nrm.extra.perf.PAPI_TOT_CYC.192184,119700723490164.0
1770017705.4519029,nrm.extra.perf.PAPI_RES_STL.192184,59486814908668.0
1770017705.4519029,nrm.extra.perf.PAPI_L3_TCM.192184,21627269921.0
1770017706.455964,nrm.extra.perf.PAPI_L3_TCA.192184,216695082359.0
1770017706.455964,nrm.extra.perf.PAPI_TOT_INS.192184,70364725055885.0
1770017706.455964,nrm.extra.perf.PAPI_TOT_CYC.192184,119980060318744.0
1770017706.455964,nrm.extra.perf.PAPI_RES_STL.192184,59626175374760.0
1770017706.455964,nrm.extra.perf.PAPI_L3_TCM.192184,21678386720.0
1770017707.4519525,nrm.extra.perf.PAPI_L3_TCA.192184,217194807993.0
1770017707.4519525,nrm.extra.perf.PAPI_TOT_INS.192184,70527233507185.0
1770017707.4519525,nrm.extra.perf.PAPI_TOT_CYC.192184,120257994898324.0
1770017707.4519525,nrm.extra.perf.PAPI_RES_STL.192184,59764006063060.0
1770017707.4519525,nrm.extra.perf.PAPI_L3_TCM.192184,21728929056.0
1770017708.4518971,nrm.extra.perf.PAPI_L3_TCA.192184,217696835249.0
1770017708.4518971,nrm.extra.perf.PAPI_TOT_INS.192184,70690469314699.0
1770017708.4518971,nrm.extra.perf.PAPI_TOT_CYC.192184,120536445699357.0
1770017708.4518971,nrm.extra.perf.PAPI_RES_STL.192184,59902255289179.0
1770017708.4518971,nrm.extra.perf.PAPI_L3_TCM.192184,21779552735.0
1770017709.4549644,nrm.extra.perf.PAPI_L3_TCA.192184,218204102472.0
1770017709.4549644,nrm.extra.perf.PAPI_TOT_INS.192184,70855369206262.0
1770017709.4549644,nrm.extra.perf.PAPI_TOT_CYC.192184,120816332864130.0
1770017709.4549644,nrm.extra.perf.PAPI_RES_STL.192184,60042104940657.0
1770017709.4549644,nrm.extra.perf.PAPI_L3_TCM.192184,21830822492.0
1770017710.4538963,nrm.extra.perf.PAPI_L3_TCA.192184,218707671864.0
1770017710.4538963,nrm.extra.perf.PAPI_TOT_INS.192184,71018935821858.0
1770017710.4538963,nrm.extra.perf.PAPI_TOT_CYC.192184,121094377546916.0
1770017710.4538963,nrm.extra.perf.PAPI_RES_STL.192184,60180722053133.0
1770017710.4538963,nrm.extra.perf.PAPI_L3_TCM.192184,21881648639.0
1770017711.451973,nrm.extra.perf.PAPI_L3_TCA.192184,219211550409.0
1770017711.451973,nrm.extra.perf.PAPI_TOT_INS.192184,71182656056871.0
1770017711.451973,nrm.extra.perf.PAPI_TOT_CYC.192184,121372992126666.0
1770017711.451973,nrm.extra.perf.PAPI_RES_STL.192184,60319760955413.0
1770017711.451973,nrm.extra.perf.PAPI_L3_TCM.192184,21932540173.0
1770017712.4519308,nrm.extra.perf.PAPI_L3_TCA.192184,219715601101.0
1770017712.4519308,nrm.extra.perf.PAPI_TOT_INS.192184,71346298256935.0
1770017712.4519308,nrm.extra.perf.PAPI_TOT_CYC.192184,121651033981819.0
1770017712.4519308,nrm.extra.perf.PAPI_RES_STL.192184,60458469326134.0
1770017712.4519308,nrm.extra.perf.PAPI_L3_TCM.192184,21983532926.0
1770017713.4516337,nrm.extra.perf.PAPI_L3_TCA.192184,220219706224.0
1770017713.4516337,nrm.extra.perf.PAPI_TOT_INS.192184,71510292207568.0
1770017713.4516337,nrm.extra.perf.PAPI_TOT_CYC.192184,121929663069290.0
1770017713.4516337,nrm.extra.perf.PAPI_RES_STL.192184,60597361172754.0
1770017713.4516337,nrm.extra.perf.PAPI_L3_TCM.192184,22034105328.0
1770017714.4519546,nrm.extra.perf.PAPI_L3_TCA.192184,220725050454.0
1770017714.4519546,nrm.extra.perf.PAPI_TOT_INS.192184,71674181326335.0
1770017714.4519546,nrm.extra.perf.PAPI_TOT_CYC.192184,122208276878133.0
1770017714.4519546,nrm.extra.perf.PAPI_RES_STL.192184,60736743528519.0
1770017714.4519546,nrm.extra.perf.PAPI_L3_TCM.192184,22085374797.0
1770017715.4519758,nrm.extra.perf.PAPI_L3_TCA.192184,221214750251.0
1770017715.4519758,nrm.extra.perf.PAPI_TOT_INS.192184,71833676738448.0
1770017715.4519758,nrm.extra.perf.PAPI_TOT_CYC.192184,122482400957774.0
1770017715.4519758,nrm.extra.perf.PAPI_RES_STL.192184,60871647152918.0
1770017715.4519758,nrm.extra.perf.PAPI_L3_TCM.192184,22135370826.0
1770017716.4519024,nrm.extra.perf.PAPI_L3_TCA.192184,221720061466.0
1770017716.4519024,nrm.extra.perf.PAPI_TOT_INS.192184,71998006937317.0
1770017716.4519024,nrm.extra.perf.PAPI_TOT_CYC.192184,122761530574274.0
1770017716.4519024,nrm.extra.perf.PAPI_RES_STL.192184,61010804336022.0
1770017716.4519024,nrm.extra.perf.PAPI_L3_TCM.192184,22186125340.0
1770017717.4559326,nrm.extra.perf.PAPI_L3_TCA.192184,222222305428.0
1770017717.4559326,nrm.extra.perf.PAPI_TOT_INS.192184,72161247657624.0
1770017717.4559326,nrm.extra.perf.PAPI_TOT_CYC.192184,123039768420719.0
1770017717.4559326,nrm.extra.perf.PAPI_RES_STL.192184,61149171651697.0
1770017717.4559326,nrm.extra.perf.PAPI_L3_TCM.192184,22236999419.0
1770017718.4519773,nrm.extra.perf.PAPI_L3_TCA.192184,222724791619.0
1770017718.4519773,nrm.extra.perf.PAPI_TOT_INS.192184,72324446715384.0
1770017718.4519773,nrm.extra.perf.PAPI_TOT_CYC.192184,123317525837241.0
1770017718.4519773,nrm.extra.perf.PAPI_RES_STL.192184,61287654000468.0
1770017718.4519773,nrm.extra.perf.PAPI_L3_TCM.192184,22287822721.0
1770017719.4519613,nrm.extra.perf.PAPI_L3_TCA.192184,223228396118.0
1770017719.4519613,nrm.extra.perf.PAPI_TOT_INS.192184,72488149329876.0
1770017719.4519613,nrm.extra.perf.PAPI_TOT_CYC.192184,123596267300148.0
1770017719.4519613,nrm.extra.perf.PAPI_RES_STL.192184,61426503840781.0
1770017719.4519613,nrm.extra.perf.PAPI_L3_TCM.192184,22338728962.0
1770017720.4525745,nrm.extra.perf.PAPI_L3_TCA.192184,223733419574.0
1770017720.4525745,nrm.extra.perf.PAPI_TOT_INS.192184,72652472794163.0
1770017720.4525745,nrm.extra.perf.PAPI_TOT_CYC.192184,123875222847758.0
1770017720.4525745,nrm.extra.perf.PAPI_RES_STL.192184,61565704863490.0
1770017720.4525745,nrm.extra.perf.PAPI_L3_TCM.192184,22389127022.0
1770017721.4539378,nrm.extra.perf.PAPI_L3_TCA.192184,224238167543.0
1770017721.4539378,nrm.extra.perf.PAPI_TOT_INS.192184,72816311070606.0
1770017721.4539378,nrm.extra.perf.PAPI_TOT_CYC.192184,124153743999659.0
1770017721.4539378,nrm.extra.perf.PAPI_RES_STL.192184,61704906176877.0
1770017721.4539378,nrm.extra.perf.PAPI_L3_TCM.192184,22440270926.0
1770017722.4518943,nrm.extra.perf.PAPI_L3_TCA.192184,224738013578.0
1770017722.4518943,nrm.extra.perf.PAPI_TOT_INS.192184,72978724714654.0
1770017722.4518943,nrm.extra.perf.PAPI_TOT_CYC.192184,124430617980079.0
1770017722.4518943,nrm.extra.perf.PAPI_RES_STL.192184,61842765680558.0
1770017722.4518943,nrm.extra.perf.PAPI_L3_TCM.192184,22490926461.0
1770017723.454904,nrm.extra.perf.PAPI_L3_TCA.192184,225242341747.0
1770017723.454904,nrm.extra.perf.PAPI_TOT_INS.192184,73142709114592.0
1770017723.454904,nrm.extra.perf.PAPI_TOT_CYC.192184,124710056884174.0
1770017723.454904,nrm.extra.perf.PAPI_RES_STL.192184,61981504131126.0
1770017723.454904,nrm.extra.perf.PAPI_L3_TCM.192184,22541986392.0
1770017724.4519017,nrm.extra.perf.PAPI_L3_TCA.192184,225739867616.0
1770017724.4519017,nrm.extra.perf.PAPI_TOT_INS.192184,73304629721615.0
1770017724.4519017,nrm.extra.perf.PAPI_TOT_CYC.192184,124986823818011.0
1770017724.4519017,nrm.extra.perf.PAPI_RES_STL.192184,62118778963791.0
1770017724.4519017,nrm.extra.perf.PAPI_L3_TCM.192184,22592335419.0
1770017725.4559147,nrm.extra.perf.PAPI_L3_TCA.192184,226245022864.0
1770017725.4559147,nrm.extra.perf.PAPI_TOT_INS.192184,73468829845671.0
1770017725.4559147,nrm.extra.perf.PAPI_TOT_CYC.192184,125266560150706.0
1770017725.4559147,nrm.extra.perf.PAPI_RES_STL.192184,62257821866441.0
1770017725.4559147,nrm.extra.perf.PAPI_L3_TCM.192184,22643355300.0
1770017726.4519453,nrm.extra.perf.PAPI_L3_TCA.192184,226744415208.0
1770017726.4519453,nrm.extra.perf.PAPI_TOT_INS.192184,73631206609156.0
1770017726.4519453,nrm.extra.perf.PAPI_TOT_CYC.192184,125543884875308.0
1770017726.4519453,nrm.extra.perf.PAPI_RES_STL.192184,62395420516349.0
1770017726.4519453,nrm.extra.perf.PAPI_L3_TCM.192184,22693830517.0
1770017727.452544,nrm.extra.perf.PAPI_L3_TCA.192184,227247878377.0
1770017727.452544,nrm.extra.perf.PAPI_TOT_INS.192184,73795118766480.0
1770017727.452544,nrm.extra.perf.PAPI_TOT_CYC.192184,125822979746826.0
1770017727.452544,nrm.extra.perf.PAPI_RES_STL.192184,62534017446765.0
1770017727.452544,nrm.extra.perf.PAPI_L3_TCM.192184,22744543359.0
1770017728.4529321,nrm.extra.perf.PAPI_L3_TCA.192184,227752305372.0
1770017728.4529321,nrm.extra.perf.PAPI_TOT_INS.192184,73958874698006.0
1770017728.4529321,nrm.extra.perf.PAPI_TOT_CYC.192184,126101633601126.0
1770017728.4529321,nrm.extra.perf.PAPI_RES_STL.192184,62672952002040.0
1770017728.4529321,nrm.extra.perf.PAPI_L3_TCM.192184,22795502099.0
1770017729.4539025,nrm.extra.perf.PAPI_L3_TCA.192184,228254982424.0
1770017729.4539025,nrm.extra.perf.PAPI_TOT_INS.192184,74122282451702.0
1770017729.4539025,nrm.extra.perf.PAPI_TOT_CYC.192184,126380633388390.0
1770017729.4539025,nrm.extra.perf.PAPI_RES_STL.192184,62811423897005.0
1770017729.4539025,nrm.extra.perf.PAPI_L3_TCM.192184,22846394332.0
1770017730.45196,nrm.extra.perf.PAPI_L3_TCA.192184,228757881264.0
1770017730.45196,nrm.extra.perf.PAPI_TOT_INS.192184,74285634892883.0
1770017730.45196,nrm.extra.perf.PAPI_TOT_CYC.192184,126658782879079.0
1770017730.45196,nrm.extra.perf.PAPI_RES_STL.192184,62949990176083.0
1770017730.45196,nrm.extra.perf.PAPI_L3_TCM.192184,22897081526.0
1770017731.4526868,nrm.extra.perf.PAPI_L3_TCA.192184,229260933349.0
1770017731.4526868,nrm.extra.perf.PAPI_TOT_INS.192184,74449348115513.0
1770017731.4526868,nrm.extra.perf.PAPI_TOT_CYC.192184,126937093372847.0
1770017731.4526868,nrm.extra.perf.PAPI_RES_STL.192184,63088443170689.0
1770017731.4526868,nrm.extra.perf.PAPI_L3_TCM.192184,22947764099.0
1770017732.4540052,nrm.extra.perf.PAPI_L3_TCA.192184,229766813847.0
1770017732.4540052,nrm.extra.perf.PAPI_TOT_INS.192184,74613479166840.0
1770017732.4540052,nrm.extra.perf.PAPI_TOT_CYC.192184,127215936623793.0
1770017732.4540052,nrm.extra.perf.PAPI_RES_STL.192184,63227917009246.0
1770017732.4540052,nrm.extra.perf.PAPI_L3_TCM.192184,22999012377.0
1770017733.4519446,nrm.extra.perf.PAPI_L3_TCA.192184,230270003025.0
1770017733.4519446,nrm.extra.perf.PAPI_TOT_INS.192184,74776936057575.0
1770017733.4519446,nrm.extra.perf.PAPI_TOT_CYC.192184,127494066705250.0
1770017733.4519446,nrm.extra.perf.PAPI_RES_STL.192184,63366372089533.0
1770017733.4519446,nrm.extra.perf.PAPI_L3_TCM.192184,23049900708.0
1770017734.4549332,nrm.extra.perf.PAPI_L3_TCA.192184,230774254728.0
1770017734.4549332,nrm.extra.perf.PAPI_TOT_INS.192184,74940688154453.0
1770017734.4549332,nrm.extra.perf.PAPI_TOT_CYC.192184,127772740597248.0
1770017734.4549332,nrm.extra.perf.PAPI_RES_STL.192184,63505336223149.0
1770017734.4549332,nrm.extra.perf.PAPI_L3_TCM.192184,23100775289.0
1770017735.451939,nrm.extra.perf.PAPI_L3_TCA.192184,231278822420.0
1770017735.451939,nrm.extra.perf.PAPI_TOT_INS.192184,75104541792144.0
1770017735.451939,nrm.extra.perf.PAPI_TOT_CYC.192184,128050999694207.0
1770017735.451939,nrm.extra.perf.PAPI_RES_STL.192184,63644035850629.0
1770017735.451939,nrm.extra.perf.PAPI_L3_TCM.192184,23151953894.0
1770017736.4549031,nrm.extra.perf.PAPI_L3_TCA.192184,231785617196.0
1770017736.4549031,nrm.extra.perf.PAPI_TOT_INS.192184,75269260586230.0
1770017736.4549031,nrm.extra.perf.PAPI_TOT_CYC.192184,128330571739280.0
1770017736.4549031,nrm.extra.perf.PAPI_RES_STL.192184,63783790459631.0
1770017736.4549031,nrm.extra.perf.PAPI_L3_TCM.192184,23202926099.0
1770017737.4549663,nrm.extra.perf.PAPI_L3_TCA.192184,232291328503.0
1770017737.4549663,nrm.extra.perf.PAPI_TOT_INS.192184,75433383008900.0
1770017737.4549663,nrm.extra.perf.PAPI_TOT_CYC.192184,128609207403042.0
1770017737.4549663,nrm.extra.perf.PAPI_RES_STL.192184,63923173647686.0
1770017737.4549663,nrm.extra.perf.PAPI_L3_TCM.192184,23254020746.0
1770017738.4519737,nrm.extra.perf.PAPI_L3_TCA.192184,232793835669.0
1770017738.4519737,nrm.extra.perf.PAPI_TOT_INS.192184,75596683182741.0
1770017738.4519737,nrm.extra.perf.PAPI_TOT_CYC.192184,128887254479326.0
1770017738.4519737,nrm.extra.perf.PAPI_RES_STL.192184,64061636788920.0
1770017738.4519737,nrm.extra.perf.PAPI_L3_TCM.192184,23304835842.0
1770017739.4519594,nrm.extra.perf.PAPI_L3_TCA.192184,233298580156.0
1770017739.4519594,nrm.extra.perf.PAPI_TOT_INS.192184,75760566084030.0
1770017739.4519594,nrm.extra.perf.PAPI_TOT_CYC.192184,129165605159985.0
1770017739.4519594,nrm.extra.perf.PAPI_RES_STL.192184,64200639685756.0
1770017739.4519594,nrm.extra.perf.PAPI_L3_TCM.192184,23356003633.0
1770017740.4519877,nrm.extra.perf.PAPI_L3_TCA.192184,233804948690.0
1770017740.4519877,nrm.extra.perf.PAPI_TOT_INS.192184,75925002644681.0
1770017740.4519877,nrm.extra.perf.PAPI_TOT_CYC.192184,129444899226008.0
1770017740.4519877,nrm.extra.perf.PAPI_RES_STL.192184,64340227565999.0
1770017740.4519877,nrm.extra.perf.PAPI_L3_TCM.192184,23407391498.0
1770017741.4519281,nrm.extra.perf.PAPI_L3_TCA.192184,234309999975.0
1770017741.4519281,nrm.extra.perf.PAPI_TOT_INS.192184,76089211513573.0
1770017741.4519281,nrm.extra.perf.PAPI_TOT_CYC.192184,129723826067446.0
1770017741.4519281,nrm.extra.perf.PAPI_RES_STL.192184,64479366552013.0
1770017741.4519281,nrm.extra.perf.PAPI_L3_TCM.192184,23458200258.0
1770017742.4549575,nrm.extra.perf.PAPI_L3_TCA.192184,234807484773.0
1770017742.4549575,nrm.extra.perf.PAPI_TOT_INS.192184,76251183576351.0
1770017742.4549575,nrm.extra.perf.PAPI_TOT_CYC.192184,130001044251290.0
1770017742.4549575,nrm.extra.perf.PAPI_RES_STL.192184,64616264753761.0
1770017742.4549575,nrm.extra.perf.PAPI_L3_TCM.192184,23508747909.0
1770017743.451947,nrm.extra.perf.PAPI_L3_TCA.192184,235309092248.0
1770017743.451947,nrm.extra.perf.PAPI_TOT_INS.192184,76414073223416.0
1770017743.451947,nrm.extra.perf.PAPI_TOT_CYC.192184,130278593586147.0
1770017743.451947,nrm.extra.perf.PAPI_RES_STL.192184,64754521484224.0
1770017743.451947,nrm.extra.perf.PAPI_L3_TCM.192184,23559618179.0
1770017744.4559917,nrm.extra.perf.PAPI_L3_TCA.192184,235816177450.0
1770017744.4559917,nrm.extra.perf.PAPI_TOT_INS.192184,76578774781149.0
1770017744.4559917,nrm.extra.perf.PAPI_TOT_CYC.192184,130558146763288.0
1770017744.4559917,nrm.extra.perf.PAPI_RES_STL.192184,64893980710836.0
1770017744.4559917,nrm.extra.perf.PAPI_L3_TCM.192184,23610974874.0
1770017745.4519472,nrm.extra.perf.PAPI_L3_TCA.192184,236320381750.0
1770017745.4519472,nrm.extra.perf.PAPI_TOT_INS.192184,76742598636613.0
1770017745.4519472,nrm.extra.perf.PAPI_TOT_CYC.192184,130836355888739.0
1770017745.4519472,nrm.extra.perf.PAPI_RES_STL.192184,65033203700751.0
1770017745.4519472,nrm.extra.perf.PAPI_L3_TCM.192184,23661669007.0
1770017746.4519236,nrm.extra.perf.PAPI_L3_TCA.192184,236824222187.0
1770017746.4519236,nrm.extra.perf.PAPI_TOT_INS.192184,76906258825308.0
1770017746.4519236,nrm.extra.perf.PAPI_TOT_CYC.192184,131114012107618.0
1770017746.4519236,nrm.extra.perf.PAPI_RES_STL.192184,65171727969390.0
1770017746.4519236,nrm.extra.perf.PAPI_L3_TCM.192184,23712505382.0
1770017747.4519734,nrm.extra.perf.PAPI_L3_TCA.192184,237327625732.0
1770017747.4519734,nrm.extra.perf.PAPI_TOT_INS.192184,77069690561242.0
1770017747.4519734,nrm.extra.perf.PAPI_TOT_CYC.192184,131392227905043.0
1770017747.4519734,nrm.extra.perf.PAPI_RES_STL.192184,65310551655815.0
1770017747.4519734,nrm.extra.perf.PAPI_L3_TCM.192184,23763563842.0
1770017748.4518974,nrm.extra.perf.PAPI_L3_TCA.192184,237833614565.0
1770017748.4518974,nrm.extra.perf.PAPI_TOT_INS.192184,77233924889804.0
1770017748.4518974,nrm.extra.perf.PAPI_TOT_CYC.192184,131671220015811.0
1770017748.4518974,nrm.extra.perf.PAPI_RES_STL.192184,65449976819735.0
1770017748.4518974,nrm.extra.perf.PAPI_L3_TCM.192184,23814554423.0
1770017749.4539006,nrm.extra.perf.PAPI_L3_TCA.192184,238339324129.0
1770017749.4539006,nrm.extra.perf.PAPI_TOT_INS.192184,77398154669447.0
1770017749.4539006,nrm.extra.perf.PAPI_TOT_CYC.192184,131950605576621.0
1770017749.4539006,nrm.extra.perf.PAPI_RES_STL.192184,65589335401917.0
1770017749.4539006,nrm.extra.perf.PAPI_L3_TCM.192184,23865633652.0
1770017750.4549842,nrm.extra.perf.PAPI_L3_TCA.192184,238845361071.0
1770017750.4549842,nrm.extra.perf.PAPI_TOT_INS.192184,77562562235127.0
1770017750.4549842,nrm.extra.perf.PAPI_TOT_CYC.192184,132229110079957.0
1770017750.4549842,nrm.extra.perf.PAPI_RES_STL.192184,65728805770175.0
1770017750.4549842,nrm.extra.perf.PAPI_L3_TCM.192184,23916597366.0
1770017751.4519277,nrm.extra.perf.PAPI_L3_TCA.192184,239350209741.0
1770017751.4519277,nrm.extra.perf.PAPI_TOT_INS.192184,77726439902440.0
1770017751.4519277,nrm.extra.perf.PAPI_TOT_CYC.192184,132507105674955.0
1770017751.4519277,nrm.extra.perf.PAPI_RES_STL.192184,65867919066377.0
1770017751.4519277,nrm.extra.perf.PAPI_L3_TCM.192184,23967617173.0
1770017752.4549503,nrm.extra.perf.PAPI_L3_TCA.192184,239856497161.0
1770017752.4549503,nrm.extra.perf.PAPI_TOT_INS.192184,77890860443546.0
1770017752.4549503,nrm.extra.perf.PAPI_TOT_CYC.192184,132786386560733.0
1770017752.4549503,nrm.extra.perf.PAPI_RES_STL.192184,66007474872237.0
1770017752.4549503,nrm.extra.perf.PAPI_L3_TCM.192184,24018760736.0
1770017753.4549277,nrm.extra.perf.PAPI_L3_TCA.192184,240360506355.0
1770017753.4549277,nrm.extra.perf.PAPI_TOT_INS.192184,78054550028675.0
1770017753.4549277,nrm.extra.perf.PAPI_TOT_CYC.192184,133064540423389.0
1770017753.4549277,nrm.extra.perf.PAPI_RES_STL.192184,66146199963606.0
1770017753.4549277,nrm.extra.perf.PAPI_L3_TCM.192184,24069713644.0
1770017754.4519005,nrm.extra.perf.PAPI_L3_TCA.192184,240863291885.0
1770017754.4519005,nrm.extra.perf.PAPI_TOT_INS.192184,78217802873251.0
1770017754.4519005,nrm.extra.perf.PAPI_TOT_CYC.192184,133342827956049.0
1770017754.4519005,nrm.extra.perf.PAPI_RES_STL.192184,66285014277651.0
1770017754.4519005,nrm.extra.perf.PAPI_L3_TCM.192184,24120178851.0
1770017755.4519403,nrm.extra.perf.PAPI_L3_TCA.192184,241365782335.0
1770017755.4519403,nrm.extra.perf.PAPI_TOT_INS.192184,78381206526629.0
1770017755.4519403,nrm.extra.perf.PAPI_TOT_CYC.192184,133620713109398.0
1770017755.4519403,nrm.extra.perf.PAPI_RES_STL.192184,66423369675197.0
1770017755.4519403,nrm.extra.perf.PAPI_L3_TCM.192184,24170897083.0
1770017756.4559436,nrm.extra.perf.PAPI_L3_TCA.192184,241871943491.0
1770017756.4559436,nrm.extra.perf.PAPI_TOT_INS.192184,78545666164807.0
1770017756.4559436,nrm.extra.perf.PAPI_TOT_CYC.192184,133901123763202.0
1770017756.4559436,nrm.extra.perf.PAPI_RES_STL.192184,66562829860767.0
1770017756.4559436,nrm.extra.perf.PAPI_L3_TCM.192184,24221854243.0
1770017757.4519784,nrm.extra.perf.PAPI_L3_TCA.192184,242373139728.0
1770017757.4519784,nrm.extra.perf.PAPI_TOT_INS.192184,78708587822453.0
1770017757.4519784,nrm.extra.perf.PAPI_TOT_CYC.192184,134178638516013.0
1770017757.4519784,nrm.extra.perf.PAPI_RES_STL.192184,66700851075957.0
1770017757.4519784,nrm.extra.perf.PAPI_L3_TCM.192184,24272448041.0
1770017758.4519038,nrm.extra.perf.PAPI_L3_TCA.192184,242877503949.0
1770017758.4519038,nrm.extra.perf.PAPI_TOT_INS.192184,78872269220164.0
1770017758.4519038,nrm.extra.perf.PAPI_TOT_CYC.192184,134457213743511.0
1770017758.4519038,nrm.extra.perf.PAPI_RES_STL.192184,66840041476381.0
1770017758.4519038,nrm.extra.perf.PAPI_L3_TCM.192184,24323431989.0
1770017759.451918,nrm.extra.perf.PAPI_L3_TCA.192184,243382863309.0
1770017759.451918,nrm.extra.perf.PAPI_TOT_INS.192184,79036497455542.0
1770017759.451918,nrm.extra.perf.PAPI_TOT_CYC.192184,134735609970149.0
1770017759.451918,nrm.extra.perf.PAPI_RES_STL.192184,66979294411050.0
1770017759.451918,nrm.extra.perf.PAPI_L3_TCM.192184,24374346308.0
1770017760.4519994,nrm.extra.perf.PAPI_L3_TCA.192184,243886573425.0
1770017760.4519994,nrm.extra.perf.PAPI_TOT_INS.192184,79200182383246.0
1770017760.4519994,nrm.extra.perf.PAPI_TOT_CYC.192184,135014553113846.0
1770017760.4519994,nrm.extra.perf.PAPI_RES_STL.192184,67118051293530.0
1770017760.4519994,nrm.extra.perf.PAPI_L3_TCM.192184,24425274635.0
1770017761.4519398,nrm.extra.perf.PAPI_L3_TCA.192184,244391027385.0
1770017761.4519398,nrm.extra.perf.PAPI_TOT_INS.192184,79363901873773.0
1770017761.4519398,nrm.extra.perf.PAPI_TOT_CYC.192184,135292784760112.0
1770017761.4519398,nrm.extra.perf.PAPI_RES_STL.192184,67257061700347.0
1770017761.4519398,nrm.extra.perf.PAPI_L3_TCM.192184,24476282051.0
1770017762.4519734,nrm.extra.perf.PAPI_L3_TCA.192184,244896536736.0
1770017762.4519734,nrm.extra.perf.PAPI_TOT_INS.192184,79528028847224.0
1770017762.4519734,nrm.extra.perf.PAPI_TOT_CYC.192184,135571630870317.0
1770017762.4519734,nrm.extra.perf.PAPI_RES_STL.192184,67396319081497.0
1770017762.4519734,nrm.extra.perf.PAPI_L3_TCM.192184,24527340039.0
1770017763.4539065,nrm.extra.perf.PAPI_L3_TCA.192184,245402130055.0
1770017763.4539065,nrm.extra.perf.PAPI_TOT_INS.192184,79692260278509.0
1770017763.4539065,nrm.extra.perf.PAPI_TOT_CYC.192184,135851020124136.0
1770017763.4539065,nrm.extra.perf.PAPI_RES_STL.192184,67535705085239.0
1770017763.4539065,nrm.extra.perf.PAPI_L3_TCM.192184,24578347934.0
1770017764.4519615,nrm.extra.perf.PAPI_L3_TCA.192184,245903882183.0
1770017764.4519615,nrm.extra.perf.PAPI_TOT_INS.192184,79855409334773.0
1770017764.4519615,nrm.extra.perf.PAPI_TOT_CYC.192184,136127682427569.0
1770017764.4519615,nrm.extra.perf.PAPI_RES_STL.192184,67673817260139.0
1770017764.4519615,nrm.extra.perf.PAPI_L3_TCM.192184,24628732839.0
1770017765.4519322,nrm.extra.perf.PAPI_L3_TCA.192184,246407453648.0
1770017765.4519322,nrm.extra.perf.PAPI_TOT_INS.192184,80018939942656.0
1770017765.4519322,nrm.extra.perf.PAPI_TOT_CYC.192184,136406507626624.0
1770017765.4519322,nrm.extra.perf.PAPI_RES_STL.192184,67812757755598.0
1770017765.4519322,nrm.extra.perf.PAPI_L3_TCM.192184,24679636243.0
1770017766.4519737,nrm.extra.perf.PAPI_L3_TCA.192184,246909814177.0
1770017766.4519737,nrm.extra.perf.PAPI_TOT_INS.192184,80182193977322.0
1770017766.4519737,nrm.extra.perf.PAPI_TOT_CYC.192184,136684566344073.0
1770017766.4519737,nrm.extra.perf.PAPI_RES_STL.192184,67951137578067.0
1770017766.4519737,nrm.extra.perf.PAPI_L3_TCM.192184,24730219678.0
1770017767.4522963,nrm.extra.perf.PAPI_L3_TCA.192184,247414000052.0
1770017767.4522963,nrm.extra.perf.PAPI_TOT_INS.192184,80346102583196.0
1770017767.4522963,nrm.extra.perf.PAPI_TOT_CYC.192184,136963471715821.0
1770017767.4522963,nrm.extra.perf.PAPI_RES_STL.192184,68089821060435.0
1770017767.4522963,nrm.extra.perf.PAPI_L3_TCM.192184,24780852383.0
1770017768.4519808,nrm.extra.perf.PAPI_L3_TCA.192184,247920854163.0
1770017768.4519808,nrm.extra.perf.PAPI_TOT_INS.192184,80510729558305.0
1770017768.4519808,nrm.extra.perf.PAPI_TOT_CYC.192184,137242688232633.0
1770017768.4519808,nrm.extra.perf.PAPI_RES_STL.192184,68229737187443.0
1770017768.4519808,nrm.extra.perf.PAPI_L3_TCM.192184,24831980012.0
1770017769.4519827,nrm.extra.perf.PAPI_L3_TCA.192184,248425177064.0
1770017769.4519827,nrm.extra.perf.PAPI_TOT_INS.192184,80674594694491.0
1770017769.4519827,nrm.extra.perf.PAPI_TOT_CYC.192184,137521389643152.0
1770017769.4519827,nrm.extra.perf.PAPI_RES_STL.192184,68368575778520.0
1770017769.4519827,nrm.extra.perf.PAPI_L3_TCM.192184,24882893510.0
1770017770.451947,nrm.extra.perf.PAPI_L3_TCA.192184,248928969181.0
1770017770.451947,nrm.extra.perf.PAPI_TOT_INS.192184,80838165013806.0
1770017770.451947,nrm.extra.perf.PAPI_TOT_CYC.192184,137799835521810.0
1770017770.451947,nrm.extra.perf.PAPI_RES_STL.192184,68507525556353.0
1770017770.451947,nrm.extra.perf.PAPI_L3_TCM.192184,24933553958.0
1770017771.4519823,nrm.extra.perf.PAPI_L3_TCA.192184,249433227809.0
1770017771.4519823,nrm.extra.perf.PAPI_TOT_INS.192184,81002021938345.0
1770017771.4519823,nrm.extra.perf.PAPI_TOT_CYC.192184,138078539962725.0
1770017771.4519823,nrm.extra.perf.PAPI_RES_STL.192184,68646226259165.0
1770017771.4519823,nrm.extra.perf.PAPI_L3_TCM.192184,24984615769.0
1770017772.451887,nrm.extra.perf.PAPI_L3_TCA.192184,249937628441.0
1770017772.451887,nrm.extra.perf.PAPI_TOT_INS.192184,81166018539122.0
1770017772.451887,nrm.extra.perf.PAPI_TOT_CYC.192184,138357245429348.0
1770017772.451887,nrm.extra.perf.PAPI_RES_STL.192184,68785355456544.0
1770017772.451887,nrm.extra.perf.PAPI_L3_TCM.192184,25035210435.0
1770017773.4519022,nrm.extra.perf.PAPI_L3_TCA.192184,250442956167.0
1770017773.4519022,nrm.extra.perf.PAPI_TOT_INS.192184,81329934621894.0
1770017773.4519022,nrm.extra.perf.PAPI_TOT_CYC.192184,138635734551156.0
1770017773.4519022,nrm.extra.perf.PAPI_RES_STL.192184,68924650224000.0
1770017773.4519022,nrm.extra.perf.PAPI_L3_TCM.192184,25086360783.0
1770017774.4549956,nrm.extra.perf.PAPI_L3_TCA.192184,250949549355.0
1770017774.4549956,nrm.extra.perf.PAPI_TOT_INS.192184,81494526850218.0
1770017774.4549956,nrm.extra.perf.PAPI_TOT_CYC.192184,138915136825630.0
1770017774.4549956,nrm.extra.perf.PAPI_RES_STL.192184,69064095886379.0
1770017774.4549956,nrm.extra.perf.PAPI_L3_TCM.192184,25137259289.0
1770017775.451621,nrm.extra.perf.PAPI_L3_TCA.192184,251439187830.0
1770017775.451621,nrm.extra.perf.PAPI_TOT_INS.192184,81654200951127.0
1770017775.451621,nrm.extra.perf.PAPI_TOT_CYC.192184,139188818202739.0
1770017775.451621,nrm.extra.perf.PAPI_RES_STL.192184,69199017935945.0
1770017775.451621,nrm.extra.perf.PAPI_L3_TCM.192184,25186838372.0
1770017776.4559488,nrm.extra.perf.PAPI_L3_TCA.192184,251944328201.0
1770017776.4559488,nrm.extra.perf.PAPI_TOT_INS.192184,81818326266450.0
1770017776.4559488,nrm.extra.perf.PAPI_TOT_CYC.192184,139469089562824.0
1770017776.4559488,nrm.extra.perf.PAPI_RES_STL.192184,69338450980428.0
1770017776.4559488,nrm.extra.perf.PAPI_L3_TCM.192184,25237938040.0
1770017777.4519753,nrm.extra.perf.PAPI_L3_TCA.192184,252445901913.0
1770017777.4519753,nrm.extra.perf.PAPI_TOT_INS.192184,81981345726570.0
1770017777.4519753,nrm.extra.perf.PAPI_TOT_CYC.192184,139746660882017.0
1770017777.4519753,nrm.extra.perf.PAPI_RES_STL.192184,69476611595252.0
1770017777.4519753,nrm.extra.perf.PAPI_L3_TCM.192184,25288713345.0
1770017778.4519825,nrm.extra.perf.PAPI_L3_TCA.192184,252947774276.0
1770017778.4519825,nrm.extra.perf.PAPI_TOT_INS.192184,82144550393509.0
1770017778.4519825,nrm.extra.perf.PAPI_TOT_CYC.192184,140025097903338.0
1770017778.4519825,nrm.extra.perf.PAPI_RES_STL.192184,69614752523191.0
1770017778.4519825,nrm.extra.perf.PAPI_L3_TCM.192184,25339599767.0
1770017779.4519293,nrm.extra.perf.PAPI_L3_TCA.192184,253453627498.0
1770017779.4519293,nrm.extra.perf.PAPI_TOT_INS.192184,82308739976277.0
1770017779.4519293,nrm.extra.perf.PAPI_TOT_CYC.192184,140304144363172.0
1770017779.4519293,nrm.extra.perf.PAPI_RES_STL.192184,69754147292590.0
1770017779.4519293,nrm.extra.perf.PAPI_L3_TCM.192184,25391119564.0
1770017780.451949,nrm.extra.perf.PAPI_L3_TCA.192184,253960746034.0
1770017780.451949,nrm.extra.perf.PAPI_TOT_INS.192184,82473517409454.0
1770017780.451949,nrm.extra.perf.PAPI_TOT_CYC.192184,140583517386940.0
1770017780.451949,nrm.extra.perf.PAPI_RES_STL.192184,69893934162152.0
1770017780.451949,nrm.extra.perf.PAPI_L3_TCM.192184,25442308168.0
1770017781.4519293,nrm.extra.perf.PAPI_L3_TCA.192184,254465760395.0
1770017781.4519293,nrm.extra.perf.PAPI_TOT_INS.192184,82637463008965.0
1770017781.4519293,nrm.extra.perf.PAPI_TOT_CYC.192184,140862156764901.0
1770017781.4519293,nrm.extra.perf.PAPI_RES_STL.192184,70033055312032.0
1770017781.4519293,nrm.extra.perf.PAPI_L3_TCM.192184,25493355765.0
1770017782.4519196,nrm.extra.perf.PAPI_L3_TCA.192184,254970811647.0
1770017782.4519196,nrm.extra.perf.PAPI_TOT_INS.192184,82801522692959.0
1770017782.4519196,nrm.extra.perf.PAPI_TOT_CYC.192184,141141039692125.0
1770017782.4519196,nrm.extra.perf.PAPI_RES_STL.192184,70172110718608.0
1770017782.4519196,nrm.extra.perf.PAPI_L3_TCM.192184,25544498284.0
1770017783.4569342,nrm.extra.perf.PAPI_L3_TCA.192184,255480161200.0
1770017783.4569342,nrm.extra.perf.PAPI_TOT_INS.192184,82966948294112.0
1770017783.4569342,nrm.extra.perf.PAPI_TOT_CYC.192184,141421928797861.0
1770017783.4569342,nrm.extra.perf.PAPI_RES_STL.192184,70312514579065.0
1770017783.4569342,nrm.extra.perf.PAPI_L3_TCM.192184,25596058779.0
1770017784.451887,nrm.extra.perf.PAPI_L3_TCA.192184,255982774429.0
1770017784.451887,nrm.extra.perf.PAPI_TOT_INS.192184,83130164440404.0
1770017784.451887,nrm.extra.perf.PAPI_TOT_CYC.192184,141699246953178.0
1770017784.451887,nrm.extra.perf.PAPI_RES_STL.192184,70450925738758.0
1770017784.451887,nrm.extra.perf.PAPI_L3_TCM.192184,25647129054.0
1770017785.4517329,nrm.extra.perf.PAPI_L3_TCA.192184,256488167949.0
1770017785.4517329,nrm.extra.perf.PAPI_TOT_INS.192184,83294505782472.0
1770017785.4517329,nrm.extra.perf.PAPI_TOT_CYC.192184,141977939576629.0
1770017785.4517329,nrm.extra.perf.PAPI_RES_STL.192184,70590105613633.0
1770017785.4517329,nrm.extra.perf.PAPI_L3_TCM.192184,25697878319.0
1770017786.4549637,nrm.extra.perf.PAPI_L3_TCA.192184,256992736147.0
1770017786.4549637,nrm.extra.perf.PAPI_TOT_INS.192184,83458469697781.0
1770017786.4549637,nrm.extra.perf.PAPI_TOT_CYC.192184,142257964221004.0
1770017786.4549637,nrm.extra.perf.PAPI_RES_STL.192184,70729190851511.0
1770017786.4549637,nrm.extra.perf.PAPI_L3_TCM.192184,25749093900.0
1770017787.4519534,nrm.extra.perf.PAPI_L3_TCA.192184,257494659796.0
1770017787.4519534,nrm.extra.perf.PAPI_TOT_INS.192184,83621608328392.0
1770017787.4519534,nrm.extra.perf.PAPI_TOT_CYC.192184,142535928607374.0
1770017787.4519534,nrm.extra.perf.PAPI_RES_STL.192184,70867373930407.0
1770017787.4519534,nrm.extra.perf.PAPI_L3_TCM.192184,25799929660.0
1770017788.4519641,nrm.extra.perf.PAPI_L3_TCA.192184,258000095075.0
1770017788.4519641,nrm.extra.perf.PAPI_TOT_INS.192184,83785727703224.0
1770017788.4519641,nrm.extra.perf.PAPI_TOT_CYC.192184,142814744976232.0
1770017788.4519641,nrm.extra.perf.PAPI_RES_STL.192184,71006624706202.0
1770017788.4519641,nrm.extra.perf.PAPI_L3_TCM.192184,25850904421.0
1770017789.455976,nrm.extra.perf.PAPI_L3_TCA.192184,258506871834.0
1770017789.455976,nrm.extra.perf.PAPI_TOT_INS.192184,83950240554054.0
1770017789.455976,nrm.extra.perf.PAPI_TOT_CYC.192184,143094700245587.0
1770017789.455976,nrm.extra.perf.PAPI_RES_STL.192184,71146475929370.0
1770017789.455976,nrm.extra.perf.PAPI_L3_TCM.192184,25902207971.0
1770017790.4519207,nrm.extra.perf.PAPI_L3_TCA.192184,259011160223.0
1770017790.4519207,nrm.extra.perf.PAPI_TOT_INS.192184,84114250141479.0
1770017790.4519207,nrm.extra.perf.PAPI_TOT_CYC.192184,143372630618733.0
1770017790.4519207,nrm.extra.perf.PAPI_RES_STL.192184,71285235954623.0
1770017790.4519207,nrm.extra.perf.PAPI_L3_TCM.192184,25952779079.0
1770017791.4539516,nrm.extra.perf.PAPI_L3_TCA.192184,259515435674.0
1770017791.4539516,nrm.extra.perf.PAPI_TOT_INS.192184,84277984919458.0
1770017791.4539516,nrm.extra.perf.PAPI_TOT_CYC.192184,143651316118683.0
1770017791.4539516,nrm.extra.perf.PAPI_RES_STL.192184,71424369667031.0
1770017791.4539516,nrm.extra.perf.PAPI_L3_TCM.192184,26003973921.0
1770017792.4519427,nrm.extra.perf.PAPI_L3_TCA.192184,260020411017.0
1770017792.4519427,nrm.extra.perf.PAPI_TOT_INS.192184,84441920281470.0
1770017792.4519427,nrm.extra.perf.PAPI_TOT_CYC.192184,143929799912335.0
1770017792.4519427,nrm.extra.perf.PAPI_RES_STL.192184,71563591162647.0
1770017792.4519427,nrm.extra.perf.PAPI_L3_TCM.192184,26054910133.0
1770017793.4519606,nrm.extra.perf.PAPI_L3_TCA.192184,260525563602.0
1770017793.4519606,nrm.extra.perf.PAPI_TOT_INS.192184,84605909695227.0
1770017793.4519606,nrm.extra.perf.PAPI_TOT_CYC.192184,144208215513683.0
1770017793.4519606,nrm.extra.perf.PAPI_RES_STL.192184,71702682200270.0
1770017793.4519606,nrm.extra.perf.PAPI_L3_TCM.192184,26105960252.0
1770017794.4519098,nrm.extra.perf.PAPI_L3_TCA.192184,261030784660.0
1770017794.4519098,nrm.extra.perf.PAPI_TOT_INS.192184,84769965103985.0
1770017794.4519098,nrm.extra.perf.PAPI_TOT_CYC.192184,144486893821077.0
1770017794.4519098,nrm.extra.perf.PAPI_RES_STL.192184,71841802653451.0
1770017794.4519098,nrm.extra.perf.PAPI_L3_TCM.192184,26156896590.0
1770017795.4516058,nrm.extra.perf.PAPI_L3_TCA.192184,261537681133.0
1770017795.4516058,nrm.extra.perf.PAPI_TOT_INS.192184,84934761817021.0
1770017795.4516058,nrm.extra.perf.PAPI_TOT_CYC.192184,144766218766095.0
1770017795.4516058,nrm.extra.perf.PAPI_RES_STL.192184,71981424275025.0
1770017795.4516058,nrm.extra.perf.PAPI_L3_TCM.192184,26207942836.0
1770017796.4519145,nrm.extra.perf.PAPI_L3_TCA.192184,262014561684.0
1770017796.4519145,nrm.extra.perf.PAPI_TOT_INS.192184,85090086956245.0
1770017796.4519145,nrm.extra.perf.PAPI_TOT_CYC.192184,145033354372889.0
1770017796.4519145,nrm.extra.perf.PAPI_RES_STL.192184,72112913866344.0
1770017796.4519145,nrm.extra.perf.PAPI_L3_TCM.192184,26256711538.0
1770017797.4519424,nrm.extra.perf.PAPI_L3_TCA.192184,262520301795.0
1770017797.4519424,nrm.extra.perf.PAPI_TOT_INS.192184,85254193366631.0
1770017797.4519424,nrm.extra.perf.PAPI_TOT_CYC.192184,145311980480740.0
1770017797.4519424,nrm.extra.perf.PAPI_RES_STL.192184,72252153478327.0
1770017797.4519424,nrm.extra.perf.PAPI_L3_TCM.192184,26307683130.0
1770017798.451944,nrm.extra.perf.PAPI_L3_TCA.192184,263025717967.0
1770017798.451944,nrm.extra.perf.PAPI_TOT_INS.192184,85418315513653.0
1770017798.451944,nrm.extra.perf.PAPI_TOT_CYC.192184,145590862867515.0
1770017798.451944,nrm.extra.perf.PAPI_RES_STL.192184,72391302713807.0
1770017798.451944,nrm.extra.perf.PAPI_L3_TCM.192184,26358554633.0
1770017799.4519784,nrm.extra.perf.PAPI_L3_TCA.192184,263531449865.0
1770017799.4519784,nrm.extra.perf.PAPI_TOT_INS.192184,85582461639452.0
1770017799.4519784,nrm.extra.perf.PAPI_TOT_CYC.192184,145869883189305.0
1770017799.4519784,nrm.extra.perf.PAPI_RES_STL.192184,72530620673335.0
1770017799.4519784,nrm.extra.perf.PAPI_L3_TCM.192184,26409758171.0
1770017800.4519558,nrm.extra.perf.PAPI_L3_TCA.192184,264034990827.0
1770017800.4519558,nrm.extra.perf.PAPI_TOT_INS.192184,85746055431248.0
1770017800.4519558,nrm.extra.perf.PAPI_TOT_CYC.192184,146149065380374.0
1770017800.4519558,nrm.extra.perf.PAPI_RES_STL.192184,72669350571635.0
1770017800.4519558,nrm.extra.perf.PAPI_L3_TCM.192184,26460459540.0
1770017801.4519382,nrm.extra.perf.PAPI_L3_TCA.192184,264539996447.0
1770017801.4519382,nrm.extra.perf.PAPI_TOT_INS.192184,85910266587095.0
1770017801.4519382,nrm.extra.perf.PAPI_TOT_CYC.192184,146428273262792.0
1770017801.4519382,nrm.extra.perf.PAPI_RES_STL.192184,72808299357206.0
1770017801.4519382,nrm.extra.perf.PAPI_L3_TCM.192184,26510917901.0
1770017802.451962,nrm.extra.perf.PAPI_L3_TCA.192184,265046976129.0
1770017802.451962,nrm.extra.perf.PAPI_TOT_INS.192184,86074784386126.0
1770017802.451962,nrm.extra.perf.PAPI_TOT_CYC.192184,146708110741080.0
1770017802.451962,nrm.extra.perf.PAPI_RES_STL.192184,72948080198282.0
1770017802.451962,nrm.extra.perf.PAPI_L3_TCM.192184,26562001709.0
1770017803.451961,nrm.extra.perf.PAPI_L3_TCA.192184,265553993034.0
1770017803.451961,nrm.extra.perf.PAPI_TOT_INS.192184,86239392310827.0
1770017803.451961,nrm.extra.perf.PAPI_TOT_CYC.192184,146987666492885.0
1770017803.451961,nrm.extra.perf.PAPI_RES_STL.192184,73087495028129.0
1770017803.451961,nrm.extra.perf.PAPI_L3_TCM.192184,26613201823.0
1770017804.4519484,nrm.extra.perf.PAPI_L3_TCA.192184,266058089720.0
1770017804.4519484,nrm.extra.perf.PAPI_TOT_INS.192184,86403016013433.0
1770017804.4519484,nrm.extra.perf.PAPI_TOT_CYC.192184,147266391327752.0
1770017804.4519484,nrm.extra.perf.PAPI_RES_STL.192184,73226475503488.0
1770017804.4519484,nrm.extra.perf.PAPI_L3_TCM.192184,26664115123.0
1770017805.4519405,nrm.extra.perf.PAPI_L3_TCA.192184,266561130667.0
1770017805.4519405,nrm.extra.perf.PAPI_TOT_INS.192184,86566417230682.0
1770017805.4519405,nrm.extra.perf.PAPI_TOT_CYC.192184,147544824939524.0
1770017805.4519405,nrm.extra.perf.PAPI_RES_STL.192184,73364920418414.0
1770017805.4519405,nrm.extra.perf.PAPI_L3_TCM.192184,26714827397.0
1770017806.4519234,nrm.extra.perf.PAPI_L3_TCA.192184,267066389716.0
1770017806.4519234,nrm.extra.perf.PAPI_TOT_INS.192184,86730581695150.0
1770017806.4519234,nrm.extra.perf.PAPI_TOT_CYC.192184,147823487148880.0
1770017806.4519234,nrm.extra.perf.PAPI_RES_STL.192184,73503873173783.0
1770017806.4519234,nrm.extra.perf.PAPI_L3_TCM.192184,26765472622.0
1770017807.4539783,nrm.extra.perf.PAPI_L3_TCA.192184,267574006289.0
1770017807.4539783,nrm.extra.perf.PAPI_TOT_INS.192184,86895276191902.0
1770017807.4539783,nrm.extra.perf.PAPI_TOT_CYC.192184,148103043836652.0
1770017807.4539783,nrm.extra.perf.PAPI_RES_STL.192184,73643560897681.0
1770017807.4539783,nrm.extra.perf.PAPI_L3_TCM.192184,26816921890.0
1770017808.4519527,nrm.extra.perf.PAPI_L3_TCA.192184,268080237956.0
1770017808.4519527,nrm.extra.perf.PAPI_TOT_INS.192184,87059517035307.0
1770017808.4519527,nrm.extra.perf.PAPI_TOT_CYC.192184,148381788940805.0
1770017808.4519527,nrm.extra.perf.PAPI_RES_STL.192184,73782806419079.0
1770017808.4519527,nrm.extra.perf.PAPI_L3_TCM.192184,26867949435.0
1770017809.4539297,nrm.extra.perf.PAPI_L3_TCA.192184,268584607581.0
1770017809.4539297,nrm.extra.perf.PAPI_TOT_INS.192184,87223154008582.0
1770017809.4539297,nrm.extra.perf.PAPI_TOT_CYC.192184,148660378945640.0
1770017809.4539297,nrm.extra.perf.PAPI_RES_STL.192184,73921825758356.0
1770017809.4539297,nrm.extra.perf.PAPI_L3_TCM.192184,26918937659.0
1770017810.4519079,nrm.extra.perf.PAPI_L3_TCA.192184,269090416886.0
1770017810.4519079,nrm.extra.perf.PAPI_TOT_INS.192184,87387252690720.0
1770017810.4519079,nrm.extra.perf.PAPI_TOT_CYC.192184,148939072361563.0
1770017810.4519079,nrm.extra.perf.PAPI_RES_STL.192184,74061063792259.0
1770017810.4519079,nrm.extra.perf.PAPI_L3_TCM.192184,26969952076.0
1770017811.4559817,nrm.extra.perf.PAPI_L3_TCA.192184,269598037799.0
1770017811.4559817,nrm.extra.perf.PAPI_TOT_INS.192184,87552069327728.0
1770017811.4559817,nrm.extra.perf.PAPI_TOT_CYC.192184,149218835602806.0
1770017811.4559817,nrm.extra.perf.PAPI_RES_STL.192184,74200655960227.0
1770017811.4559817,nrm.extra.perf.PAPI_L3_TCM.192184,27021336574.0
1770017812.4519463,nrm.extra.perf.PAPI_L3_TCA.192184,270102252838.0
1770017812.4519463,nrm.extra.perf.PAPI_TOT_INS.192184,87715761384192.0
1770017812.4519463,nrm.extra.perf.PAPI_TOT_CYC.192184,149496692009059.0
1770017812.4519463,nrm.extra.perf.PAPI_RES_STL.192184,74339718734075.0
1770017812.4519463,nrm.extra.perf.PAPI_L3_TCM.192184,27071853448.0
1770017813.4520044,nrm.extra.perf.PAPI_L3_TCA.192184,270610343249.0
1770017813.4520044,nrm.extra.perf.PAPI_TOT_INS.192184,87880624169783.0
1770017813.4520044,nrm.extra.perf.PAPI_TOT_CYC.192184,149776327728884.0
1770017813.4520044,nrm.extra.perf.PAPI_RES_STL.192184,74479463497159.0
1770017813.4520044,nrm.extra.perf.PAPI_L3_TCM.192184,27123105423.0
1770017814.4549463,nrm.extra.perf.PAPI_L3_TCA.192184,271119066273.0
1770017814.4549463,nrm.extra.perf.PAPI_TOT_INS.192184,88045705972358.0
1770017814.4549463,nrm.extra.perf.PAPI_TOT_CYC.192184,150056638561304.0
1770017814.4549463,nrm.extra.perf.PAPI_RES_STL.192184,74619534490855.0
1770017814.4549463,nrm.extra.perf.PAPI_L3_TCM.192184,27174570808.0
1770017815.4519765,nrm.extra.perf.PAPI_L3_TCA.192184,271623462632.0
1770017815.4519765,nrm.extra.perf.PAPI_TOT_INS.192184,88209298864309.0
1770017815.4519765,nrm.extra.perf.PAPI_TOT_CYC.192184,150334924502553.0
1770017815.4519765,nrm.extra.perf.PAPI_RES_STL.192184,74758599480742.0
1770017815.4519765,nrm.extra.perf.PAPI_L3_TCM.192184,27225682943.0
1770017816.454953,nrm.extra.perf.PAPI_L3_TCA.192184,272129579696.0
1770017816.454953,nrm.extra.perf.PAPI_TOT_INS.192184,88373585429564.0
1770017816.454953,nrm.extra.perf.PAPI_TOT_CYC.192184,150614004101718.0
1770017816.454953,nrm.extra.perf.PAPI_RES_STL.192184,74897861979031.0
1770017816.454953,nrm.extra.perf.PAPI_L3_TCM.192184,27276854866.0
1770017817.451905,nrm.extra.perf.PAPI_L3_TCA.192184,272631903686.0
1770017817.451905,nrm.extra.perf.PAPI_TOT_INS.192184,88536847623927.0
1770017817.451905,nrm.extra.perf.PAPI_TOT_CYC.192184,150891610409943.0
1770017817.451905,nrm.extra.perf.PAPI_RES_STL.192184,75036163999932.0
1770017817.451905,nrm.extra.perf.PAPI_L3_TCM.192184,27327317908.0
1770017818.4549768,nrm.extra.perf.PAPI_L3_TCA.192184,273138954017.0
1770017818.4549768,nrm.extra.perf.PAPI_TOT_INS.192184,88701465456339.0
1770017818.4549768,nrm.extra.perf.PAPI_TOT_CYC.192184,151171621351756.0
1770017818.4549768,nrm.extra.perf.PAPI_RES_STL.192184,75175704380052.0
1770017818.4549768,nrm.extra.perf.PAPI_L3_TCM.192184,27378551825.0
1770017819.4519928,nrm.extra.perf.PAPI_L3_TCA.192184,273640731397.0
1770017819.4519928,nrm.extra.perf.PAPI_TOT_INS.192184,88864346692747.0
1770017819.4519928,nrm.extra.perf.PAPI_TOT_CYC.192184,151449254202616.0
1770017819.4519928,nrm.extra.perf.PAPI_RES_STL.192184,75313963221001.0
1770017819.4519928,nrm.extra.perf.PAPI_L3_TCM.192184,27429352868.0
1770017820.4519475,nrm.extra.perf.PAPI_L3_TCA.192184,274145075913.0
1770017820.4519475,nrm.extra.perf.PAPI_TOT_INS.192184,89028230036302.0
1770017820.4519475,nrm.extra.perf.PAPI_TOT_CYC.192184,151727990089085.0
1770017820.4519475,nrm.extra.perf.PAPI_RES_STL.192184,75452619194025.0
1770017820.4519475,nrm.extra.perf.PAPI_L3_TCM.192184,27480530529.0
1770017821.453956,nrm.extra.perf.PAPI_L3_TCA.192184,274650141992.0
1770017821.453956,nrm.extra.perf.PAPI_TOT_INS.192184,89192414972647.0
1770017821.453956,nrm.extra.perf.PAPI_TOT_CYC.192184,152007569953034.0
1770017821.453956,nrm.extra.perf.PAPI_RES_STL.192184,75591811892131.0
1770017821.453956,nrm.extra.perf.PAPI_L3_TCM.192184,27531697536.0
1770017822.453944,nrm.extra.perf.PAPI_L3_TCA.192184,275155547262.0
1770017822.453944,nrm.extra.perf.PAPI_TOT_INS.192184,89356655828778.0
1770017822.453944,nrm.extra.perf.PAPI_TOT_CYC.192184,152286502643856.0
1770017822.453944,nrm.extra.perf.PAPI_RES_STL.192184,75731240608702.0
1770017822.453944,nrm.extra.perf.PAPI_L3_TCM.192184,27582865589.0
1770017823.4519265,nrm.extra.perf.PAPI_L3_TCA.192184,275659275560.0
1770017823.4519265,nrm.extra.perf.PAPI_TOT_INS.192184,89520248846583.0
1770017823.4519265,nrm.extra.perf.PAPI_TOT_CYC.192184,152564889873242.0
1770017823.4519265,nrm.extra.perf.PAPI_RES_STL.192184,75870159834858.0
1770017823.4519265,nrm.extra.perf.PAPI_L3_TCM.192184,27633976187.0
1770017824.4539247,nrm.extra.perf.PAPI_L3_TCA.192184,276162002132.0
1770017824.4539247,nrm.extra.perf.PAPI_TOT_INS.192184,89683624908616.0
1770017824.4539247,nrm.extra.perf.PAPI_TOT_CYC.192184,152843148971157.0
1770017824.4539247,nrm.extra.perf.PAPI_RES_STL.192184,76008685993426.0
1770017824.4539247,nrm.extra.perf.PAPI_L3_TCM.192184,27684882157.0
1770017825.4558847,nrm.extra.perf.PAPI_L3_TCA.192184,276667438462.0
1770017825.4558847,nrm.extra.perf.PAPI_TOT_INS.192184,89847899129977.0
1770017825.4558847,nrm.extra.perf.PAPI_TOT_CYC.192184,153123118237957.0
1770017825.4558847,nrm.extra.perf.PAPI_RES_STL.192184,76148037030741.0
1770017825.4558847,nrm.extra.perf.PAPI_L3_TCM.192184,27735990571.0
1770017826.4517288,nrm.extra.perf.PAPI_L3_TCA.192184,277170404823.0
1770017826.4517288,nrm.extra.perf.PAPI_TOT_INS.192184,90011574689661.0
1770017826.4517288,nrm.extra.perf.PAPI_TOT_CYC.192184,153401197216985.0
1770017826.4517288,nrm.extra.perf.PAPI_RES_STL.192184,76286484209305.0
1770017826.4517288,nrm.extra.perf.PAPI_L3_TCM.192184,27786415869.0
1770017827.4529786,nrm.extra.perf.PAPI_L3_TCA.192184,277677354412.0
1770017827.4529786,nrm.extra.perf.PAPI_TOT_INS.192184,90176045418043.0
1770017827.4529786,nrm.extra.perf.PAPI_TOT_CYC.192184,153680451886382.0
1770017827.4529786,nrm.extra.perf.PAPI_RES_STL.192184,76426224575450.0
1770017827.4529786,nrm.extra.perf.PAPI_L3_TCM.192184,27838045830.0
1770017828.4549172,nrm.extra.perf.PAPI_L3_TCA.192184,278180760673.0
1770017828.4549172,nrm.extra.perf.PAPI_TOT_INS.192184,90339522183074.0
1770017828.4549172,nrm.extra.perf.PAPI_TOT_CYC.192184,153959201519111.0
1770017828.4549172,nrm.extra.perf.PAPI_RES_STL.192184,76565130878625.0
1770017828.4549172,nrm.extra.perf.PAPI_L3_TCM.192184,27888917284.0
1770017829.4519796,nrm.extra.perf.PAPI_L3_TCA.192184,278680771427.0
1770017829.4519796,nrm.extra.perf.PAPI_TOT_INS.192184,90502149216170.0
1770017829.4519796,nrm.extra.perf.PAPI_TOT_CYC.192184,154237403771420.0
1770017829.4519796,nrm.extra.perf.PAPI_RES_STL.192184,76703174608046.0
1770017829.4519796,nrm.extra.perf.PAPI_L3_TCM.192184,27939460920.0
1770017830.4519477,nrm.extra.perf.PAPI_L3_TCA.192184,279187045809.0
1770017830.4519477,nrm.extra.perf.PAPI_TOT_INS.192184,90666630825362.0
1770017830.4519477,nrm.extra.perf.PAPI_TOT_CYC.192184,154516642665151.0
1770017830.4519477,nrm.extra.perf.PAPI_RES_STL.192184,76842662338635.0
1770017830.4519477,nrm.extra.perf.PAPI_L3_TCM.192184,27991031196.0
1770017831.45496,nrm.extra.perf.PAPI_L3_TCA.192184,279694331011.0
1770017831.45496,nrm.extra.perf.PAPI_TOT_INS.192184,90831523391124.0
1770017831.45496,nrm.extra.perf.PAPI_TOT_CYC.192184,154796830744107.0
1770017831.45496,nrm.extra.perf.PAPI_RES_STL.192184,76982651975881.0
1770017831.45496,nrm.extra.perf.PAPI_L3_TCM.192184,28041943087.0
1770017832.4519222,nrm.extra.perf.PAPI_L3_TCA.192184,280193069904.0
1770017832.4519222,nrm.extra.perf.PAPI_TOT_INS.192184,90993833279473.0
1770017832.4519222,nrm.extra.perf.PAPI_TOT_CYC.192184,155074586584514.0
1770017832.4519222,nrm.extra.perf.PAPI_RES_STL.192184,77119911337172.0
1770017832.4519222,nrm.extra.perf.PAPI_L3_TCM.192184,28091647857.0
1770017833.4529912,nrm.extra.perf.PAPI_L3_TCA.192184,280696136160.0
1770017833.4529912,nrm.extra.perf.PAPI_TOT_INS.192184,91157285874671.0
1770017833.4529912,nrm.extra.perf.PAPI_TOT_CYC.192184,155353616444401.0
1770017833.4529912,nrm.extra.perf.PAPI_RES_STL.192184,77258561464499.0
1770017833.4529912,nrm.extra.perf.PAPI_L3_TCM.192184,28142114265.0
1770017834.4539285,nrm.extra.perf.PAPI_L3_TCA.192184,281201392261.0
1770017834.4539285,nrm.extra.perf.PAPI_TOT_INS.192184,91321301004103.0
1770017834.4539285,nrm.extra.perf.PAPI_TOT_CYC.192184,155632356438812.0
1770017834.4539285,nrm.extra.perf.PAPI_RES_STL.192184,77397682576579.0
1770017834.4539285,nrm.extra.perf.PAPI_L3_TCM.192184,28192840824.0
1770017835.4549446,nrm.extra.perf.PAPI_L3_TCA.192184,281693256081.0
1770017835.4549446,nrm.extra.perf.PAPI_TOT_INS.192184,91481698862758.0
1770017835.4549446,nrm.extra.perf.PAPI_TOT_CYC.192184,155908266614783.0
1770017835.4549446,nrm.extra.perf.PAPI_RES_STL.192184,77533403981669.0
1770017835.4549446,nrm.extra.perf.PAPI_L3_TCM.192184,28242431839.0
1770017836.4519353,nrm.extra.perf.PAPI_L3_TCA.192184,282195625449.0
1770017836.4519353,nrm.extra.perf.PAPI_TOT_INS.192184,91644721315999.0
1770017836.4519353,nrm.extra.perf.PAPI_TOT_CYC.192184,156185351179520.0
1770017836.4519353,nrm.extra.perf.PAPI_RES_STL.192184,77671781561757.0
1770017836.4519353,nrm.extra.perf.PAPI_L3_TCM.192184,28292895731.0
1770017837.451873,nrm.extra.perf.PAPI_L3_TCA.192184,282700259968.0
1770017837.451873,nrm.extra.perf.PAPI_TOT_INS.192184,91808516222473.0
1770017837.451873,nrm.extra.perf.PAPI_TOT_CYC.192184,156463676144506.0
1770017837.451873,nrm.extra.perf.PAPI_RES_STL.192184,77810566901451.0
1770017837.451873,nrm.extra.perf.PAPI_L3_TCM.192184,28343385220.0
1770017838.4519334,nrm.extra.perf.PAPI_L3_TCA.192184,283206188151.0
1770017838.4519334,nrm.extra.perf.PAPI_TOT_INS.192184,91972882388000.0
1770017838.4519334,nrm.extra.perf.PAPI_TOT_CYC.192184,156742378891154.0
1770017838.4519334,nrm.extra.perf.PAPI_RES_STL.192184,77949999962208.0
1770017838.4519334,nrm.extra.perf.PAPI_L3_TCM.192184,28393839968.0
1770017839.4519763,nrm.extra.perf.PAPI_L3_TCA.192184,283710692564.0
1770017839.4519763,nrm.extra.perf.PAPI_TOT_INS.192184,92136617449564.0
1770017839.4519763,nrm.extra.perf.PAPI_TOT_CYC.192184,157021447214281.0
1770017839.4519763,nrm.extra.perf.PAPI_RES_STL.192184,78089399198866.0
1770017839.4519763,nrm.extra.perf.PAPI_L3_TCM.192184,28444663790.0
1770017840.451937,nrm.extra.perf.PAPI_L3_TCA.192184,284215188306.0
1770017840.451937,nrm.extra.perf.PAPI_TOT_INS.192184,92300196505789.0
1770017840.451937,nrm.extra.perf.PAPI_TOT_CYC.192184,157299576937758.0
1770017840.451937,nrm.extra.perf.PAPI_RES_STL.192184,78228539142404.0
1770017840.451937,nrm.extra.perf.PAPI_L3_TCM.192184,28495114626.0
1770017841.4519188,nrm.extra.perf.PAPI_L3_TCA.192184,284718451545.0
1770017841.4519188,nrm.extra.perf.PAPI_TOT_INS.192184,92463557428151.0
1770017841.4519188,nrm.extra.perf.PAPI_TOT_CYC.192184,157578363755065.0
1770017841.4519188,nrm.extra.perf.PAPI_RES_STL.192184,78367565599969.0
1770017841.4519188,nrm.extra.perf.PAPI_L3_TCM.192184,28545311376.0
1770017842.4519525,nrm.extra.perf.PAPI_L3_TCA.192184,285224144746.0
1770017842.4519525,nrm.extra.perf.PAPI_TOT_INS.192184,92627759812916.0
1770017842.4519525,nrm.extra.perf.PAPI_TOT_CYC.192184,157856993665293.0
1770017842.4519525,nrm.extra.perf.PAPI_RES_STL.192184,78507087951509.0
1770017842.4519525,nrm.extra.perf.PAPI_L3_TCM.192184,28595503039.0
1770017843.451991,nrm.extra.perf.PAPI_L3_TCA.192184,285727474049.0
1770017843.451991,nrm.extra.perf.PAPI_TOT_INS.192184,92791043439085.0
1770017843.451991,nrm.extra.perf.PAPI_TOT_CYC.192184,158135346261706.0
1770017843.451991,nrm.extra.perf.PAPI_RES_STL.192184,78646159723240.0
1770017843.451991,nrm.extra.perf.PAPI_L3_TCM.192184,28645839893.0
1770017844.4519563,nrm.extra.perf.PAPI_L3_TCA.192184,286230336545.0
1770017844.4519563,nrm.extra.perf.PAPI_TOT_INS.192184,92954358460547.0
1770017844.4519563,nrm.extra.perf.PAPI_TOT_CYC.192184,158413957497964.0
1770017844.4519563,nrm.extra.perf.PAPI_RES_STL.192184,78785086045788.0
1770017844.4519563,nrm.extra.perf.PAPI_L3_TCM.192184,28695978953.0
1770017845.4519632,nrm.extra.perf.PAPI_L3_TCA.192184,286734870974.0
1770017845.4519632,nrm.extra.perf.PAPI_TOT_INS.192184,93118207113018.0
1770017845.4519632,nrm.extra.perf.PAPI_TOT_CYC.192184,158692637793681.0
1770017845.4519632,nrm.extra.perf.PAPI_RES_STL.192184,78924232261988.0
1770017845.4519632,nrm.extra.perf.PAPI_L3_TCM.192184,28746330720.0
1770017846.4538045,nrm.extra.perf.PAPI_L3_TCA.192184,287239472850.0
1770017846.4538045,nrm.extra.perf.PAPI_TOT_INS.192184,93282131672017.0
1770017846.4538045,nrm.extra.perf.PAPI_TOT_CYC.192184,158971508594914.0
1770017846.4538045,nrm.extra.perf.PAPI_RES_STL.192184,79063726703799.0
1770017846.4538045,nrm.extra.perf.PAPI_L3_TCM.192184,28796494973.0
1770017847.4539955,nrm.extra.perf.PAPI_L3_TCA.192184,287745764463.0
1770017847.4539955,nrm.extra.perf.PAPI_TOT_INS.192184,93446362020316.0
1770017847.4539955,nrm.extra.perf.PAPI_TOT_CYC.192184,159250389416377.0
1770017847.4539955,nrm.extra.perf.PAPI_RES_STL.192184,79203563494666.0
1770017847.4539955,nrm.extra.perf.PAPI_L3_TCM.192184,28846963329.0
1770017848.4519618,nrm.extra.perf.PAPI_L3_TCA.192184,288249167358.0
1770017848.4519618,nrm.extra.perf.PAPI_TOT_INS.192184,93609792159158.0
1770017848.4519618,nrm.extra.perf.PAPI_TOT_CYC.192184,159528444602381.0
1770017848.4519618,nrm.extra.perf.PAPI_RES_STL.192184,79342519971373.0
1770017848.4519618,nrm.extra.perf.PAPI_L3_TCM.192184,28897129882.0
1770017849.4519703,nrm.extra.perf.PAPI_L3_TCA.192184,288755254205.0
1770017849.4519703,nrm.extra.perf.PAPI_TOT_INS.192184,93773928502128.0
1770017849.4519703,nrm.extra.perf.PAPI_TOT_CYC.192184,159807618478424.0
1770017849.4519703,nrm.extra.perf.PAPI_RES_STL.192184,79482322881204.0
1770017849.4519703,nrm.extra.perf.PAPI_L3_TCM.192184,28947835964.0
1770017850.4519324,nrm.extra.perf.PAPI_L3_TCA.192184,289260497053.0
1770017850.4519324,nrm.extra.perf.PAPI_TOT_INS.192184,93937914418895.0
1770017850.4519324,nrm.extra.perf.PAPI_TOT_CYC.192184,160086515846580.0
1770017850.4519324,nrm.extra.perf.PAPI_RES_STL.192184,79621857262915.0
1770017850.4519324,nrm.extra.perf.PAPI_L3_TCM.192184,28998322451.0
1770017851.4519145,nrm.extra.perf.PAPI_L3_TCA.192184,289764216207.0
1770017851.4519145,nrm.extra.perf.PAPI_TOT_INS.192184,94101448565561.0
1770017851.4519145,nrm.extra.perf.PAPI_TOT_CYC.192184,160364210653827.0
1770017851.4519145,nrm.extra.perf.PAPI_RES_STL.192184,79760984093569.0
1770017851.4519145,nrm.extra.perf.PAPI_L3_TCM.192184,29048559175.0
1770017852.4519272,nrm.extra.perf.PAPI_L3_TCA.192184,290269942327.0
1770017852.4519272,nrm.extra.perf.PAPI_TOT_INS.192184,94265543769466.0
1770017852.4519272,nrm.extra.perf.PAPI_TOT_CYC.192184,160643073366501.0
1770017852.4519272,nrm.extra.perf.PAPI_RES_STL.192184,79900692056754.0
1770017852.4519272,nrm.extra.perf.PAPI_L3_TCM.192184,29098959081.0
1770017853.4569347,nrm.extra.perf.PAPI_L3_TCA.192184,290775697872.0
1770017853.4569347,nrm.extra.perf.PAPI_TOT_INS.192184,94429724299168.0
1770017853.4569347,nrm.extra.perf.PAPI_TOT_CYC.192184,160922353834127.0
1770017853.4569347,nrm.extra.perf.PAPI_RES_STL.192184,80040390540783.0
1770017853.4569347,nrm.extra.perf.PAPI_L3_TCM.192184,29149341779.0
1770017854.4519913,nrm.extra.perf.PAPI_L3_TCA.192184,291277838852.0
1770017854.4519913,nrm.extra.perf.PAPI_TOT_INS.192184,94592759941218.0
1770017854.4519913,nrm.extra.perf.PAPI_TOT_CYC.192184,161199825618821.0
1770017854.4519913,nrm.extra.perf.PAPI_RES_STL.192184,80179083667396.0
1770017854.4519913,nrm.extra.perf.PAPI_L3_TCM.192184,29199395909.0
1770017855.4519684,nrm.extra.perf.PAPI_L3_TCA.192184,291783013249.0
1770017855.4519684,nrm.extra.perf.PAPI_TOT_INS.192184,94756822619513.0
1770017855.4519684,nrm.extra.perf.PAPI_TOT_CYC.192184,161479180220288.0
1770017855.4519684,nrm.extra.perf.PAPI_RES_STL.192184,80318616797039.0
1770017855.4519684,nrm.extra.perf.PAPI_L3_TCM.192184,29250211994.0
1770017856.4519272,nrm.extra.perf.PAPI_L3_TCA.192184,292280303170.0
1770017856.4519272,nrm.extra.perf.PAPI_TOT_INS.192184,94918803524792.0
1770017856.4519272,nrm.extra.perf.PAPI_TOT_CYC.192184,161757056240994.0
1770017856.4519272,nrm.extra.perf.PAPI_RES_STL.192184,80456217485690.0
1770017856.4519272,nrm.extra.perf.PAPI_L3_TCM.192184,29300232118.0
1770017857.4519746,nrm.extra.perf.PAPI_L3_TCA.192184,292785127904.0
1770017857.4519746,nrm.extra.perf.PAPI_TOT_INS.192184,95082788114584.0
1770017857.4519746,nrm.extra.perf.PAPI_TOT_CYC.192184,162036109803426.0
1770017857.4519746,nrm.extra.perf.PAPI_RES_STL.192184,80595611508548.0
1770017857.4519746,nrm.extra.perf.PAPI_L3_TCM.192184,29351369785.0
1770017858.455939,nrm.extra.perf.PAPI_L3_TCA.192184,293291342543.0
1770017858.455939,nrm.extra.perf.PAPI_TOT_INS.192184,95247215830919.0
1770017858.455939,nrm.extra.perf.PAPI_TOT_CYC.192184,162316276907758.0
1770017858.455939,nrm.extra.perf.PAPI_RES_STL.192184,80735644904591.0
1770017858.455939,nrm.extra.perf.PAPI_L3_TCM.192184,29402455971.0
1770017859.4518716,nrm.extra.perf.PAPI_L3_TCA.192184,293793284762.0
1770017859.4518716,nrm.extra.perf.PAPI_TOT_INS.192184,95410249484568.0
1770017859.4518716,nrm.extra.perf.PAPI_TOT_CYC.192184,162593853536631.0
1770017859.4518716,nrm.extra.perf.PAPI_RES_STL.192184,80874237190258.0
1770017859.4518716,nrm.extra.perf.PAPI_L3_TCM.192184,29453173360.0
1770017860.4568858,nrm.extra.perf.PAPI_L3_TCA.192184,294302384980.0
1770017860.4568858,nrm.extra.perf.PAPI_TOT_INS.192184,95575706533825.0
1770017860.4568858,nrm.extra.perf.PAPI_TOT_CYC.192184,162874521818558.0
1770017860.4568858,nrm.extra.perf.PAPI_RES_STL.192184,81014981771064.0
1770017860.4568858,nrm.extra.perf.PAPI_L3_TCM.192184,29504311140.0
1770017861.4519532,nrm.extra.perf.PAPI_L3_TCA.192184,294797854352.0
1770017861.4519532,nrm.extra.perf.PAPI_TOT_INS.192184,95737070038545.0
1770017861.4519532,nrm.extra.perf.PAPI_TOT_CYC.192184,163152017056137.0
1770017861.4519532,nrm.extra.perf.PAPI_RES_STL.192184,81151762526822.0
1770017861.4519532,nrm.extra.perf.PAPI_L3_TCM.192184,29554543577.0
1770017862.4519098,nrm.extra.perf.PAPI_L3_TCA.192184,295300624151.0
1770017862.4519098,nrm.extra.perf.PAPI_TOT_INS.192184,95900327408072.0
1770017862.4519098,nrm.extra.perf.PAPI_TOT_CYC.192184,163430088325089.0
1770017862.4519098,nrm.extra.perf.PAPI_RES_STL.192184,81290701189546.0
1770017862.4519098,nrm.extra.perf.PAPI_L3_TCM.192184,29605193563.0
1770017863.4516406,nrm.extra.perf.PAPI_L3_TCA.192184,295804174625.0
1770017863.4516406,nrm.extra.perf.PAPI_TOT_INS.192184,96064208306655.0
1770017863.4516406,nrm.extra.perf.PAPI_TOT_CYC.192184,163708438057581.0
1770017863.4516406,nrm.extra.perf.PAPI_RES_STL.192184,81429737274158.0
1770017863.4516406,nrm.extra.perf.PAPI_L3_TCM.192184,29655566775.0
1770017864.4519348,nrm.extra.perf.PAPI_L3_TCA.192184,296309025847.0
1770017864.4519348,nrm.extra.perf.PAPI_TOT_INS.192184,96227971287076.0
1770017864.4519348,nrm.extra.perf.PAPI_TOT_CYC.192184,163987122733461.0
1770017864.4519348,nrm.extra.perf.PAPI_RES_STL.192184,81569389015143.0
1770017864.4519348,nrm.extra.perf.PAPI_L3_TCM.192184,29706565904.0
1770017865.451944,nrm.extra.perf.PAPI_L3_TCA.192184,296811019120.0
1770017865.451944,nrm.extra.perf.PAPI_TOT_INS.192184,96390998391048.0
1770017865.451944,nrm.extra.perf.PAPI_TOT_CYC.192184,164264685308144.0
1770017865.451944,nrm.extra.perf.PAPI_RES_STL.192184,81707915199337.0
1770017865.451944,nrm.extra.perf.PAPI_L3_TCM.192184,29757317303.0
1770017866.4549398,nrm.extra.perf.PAPI_L3_TCA.192184,297317174780.0
1770017866.4549398,nrm.extra.perf.PAPI_TOT_INS.192184,96555262923540.0
1770017866.4549398,nrm.extra.perf.PAPI_TOT_CYC.192184,164543869517192.0
1770017866.4549398,nrm.extra.perf.PAPI_RES_STL.192184,81847841345533.0
1770017866.4549398,nrm.extra.perf.PAPI_L3_TCM.192184,29808345093.0
1770017867.452025,nrm.extra.perf.PAPI_L3_TCA.192184,297820970543.0
1770017867.452025,nrm.extra.perf.PAPI_TOT_INS.192184,96718986255107.0
1770017867.452025,nrm.extra.perf.PAPI_TOT_CYC.192184,164822471765542.0
1770017867.452025,nrm.extra.perf.PAPI_RES_STL.192184,81986820628732.0
1770017867.452025,nrm.extra.perf.PAPI_L3_TCM.192184,29859431304.0
1770017868.4549663,nrm.extra.perf.PAPI_L3_TCA.192184,298326914869.0
1770017868.4549663,nrm.extra.perf.PAPI_TOT_INS.192184,96883369697928.0
1770017868.4549663,nrm.extra.perf.PAPI_TOT_CYC.192184,165101708467190.0
1770017868.4549663,nrm.extra.perf.PAPI_RES_STL.192184,82126671740735.0
1770017868.4549663,nrm.extra.perf.PAPI_L3_TCM.192184,29910381372.0
1770017869.4519415,nrm.extra.perf.PAPI_L3_TCA.192184,298828378388.0
1770017869.4519415,nrm.extra.perf.PAPI_TOT_INS.192184,97046090173729.0
1770017869.4519415,nrm.extra.perf.PAPI_TOT_CYC.192184,165378633841957.0
1770017869.4519415,nrm.extra.perf.PAPI_RES_STL.192184,82265367764205.0
1770017869.4519415,nrm.extra.perf.PAPI_L3_TCM.192184,29960918099.0
1770017870.4569156,nrm.extra.perf.PAPI_L3_TCA.192184,299336881436.0
1770017870.4569156,nrm.extra.perf.PAPI_TOT_INS.192184,97211203476690.0
1770017870.4569156,nrm.extra.perf.PAPI_TOT_CYC.192184,165659477518621.0
1770017870.4569156,nrm.extra.perf.PAPI_RES_STL.192184,82405909686931.0
1770017870.4569156,nrm.extra.perf.PAPI_L3_TCM.192184,30012105321.0
1770017871.4518867,nrm.extra.perf.PAPI_L3_TCA.192184,299839167688.0
1770017871.4518867,nrm.extra.perf.PAPI_TOT_INS.192184,97374144176495.0
1770017871.4518867,nrm.extra.perf.PAPI_TOT_CYC.192184,165936926071742.0
1770017871.4518867,nrm.extra.perf.PAPI_RES_STL.192184,82544728887655.0
1770017871.4518867,nrm.extra.perf.PAPI_L3_TCM.192184,30062900819.0
1770017872.4531047,nrm.extra.perf.PAPI_L3_TCA.192184,300341746214.0
1770017872.4531047,nrm.extra.perf.PAPI_TOT_INS.192184,97537676266259.0
1770017872.4531047,nrm.extra.perf.PAPI_TOT_CYC.192184,166214674333236.0
1770017872.4531047,nrm.extra.perf.PAPI_RES_STL.192184,82683393193563.0
1770017872.4531047,nrm.extra.perf.PAPI_L3_TCM.192184,30113293156.0
1770017873.4539082,nrm.extra.perf.PAPI_L3_TCA.192184,300846958730.0
1770017873.4539082,nrm.extra.perf.PAPI_TOT_INS.192184,97701570220790.0
1770017873.4539082,nrm.extra.perf.PAPI_TOT_CYC.192184,166493443018308.0
1770017873.4539082,nrm.extra.perf.PAPI_RES_STL.192184,82823066566177.0
1770017873.4539082,nrm.extra.perf.PAPI_L3_TCM.192184,30164234813.0
1770017874.4519062,nrm.extra.perf.PAPI_L3_TCA.192184,301348510990.0
1770017874.4519062,nrm.extra.perf.PAPI_TOT_INS.192184,97864562888206.0
1770017874.4519062,nrm.extra.perf.PAPI_TOT_CYC.192184,166770994598366.0
1770017874.4519062,nrm.extra.perf.PAPI_RES_STL.192184,82961544406774.0
1770017874.4519062,nrm.extra.perf.PAPI_L3_TCM.192184,30214826711.0
1770017875.451966,nrm.extra.perf.PAPI_L3_TCA.192184,301852458721.0
1770017875.451966,nrm.extra.perf.PAPI_TOT_INS.192184,98028239465394.0
1770017875.451966,nrm.extra.perf.PAPI_TOT_CYC.192184,167050021000314.0
1770017875.451966,nrm.extra.perf.PAPI_RES_STL.192184,83100815382876.0
1770017875.451966,nrm.extra.perf.PAPI_L3_TCM.192184,30265793555.0
1770017876.451884,nrm.extra.perf.PAPI_L3_TCA.192184,302356126870.0
1770017876.451884,nrm.extra.perf.PAPI_TOT_INS.192184,98191963725215.0
1770017876.451884,nrm.extra.perf.PAPI_TOT_CYC.192184,167328981745091.0
1770017876.451884,nrm.extra.perf.PAPI_RES_STL.192184,83239824470472.0
1770017876.451884,nrm.extra.perf.PAPI_L3_TCM.192184,30316309646.0
1770017877.451956,nrm.extra.perf.PAPI_L3_TCA.192184,302861988869.0
1770017877.451956,nrm.extra.perf.PAPI_TOT_INS.192184,98356434173267.0
1770017877.451956,nrm.extra.perf.PAPI_TOT_CYC.192184,167608337137935.0
1770017877.451956,nrm.extra.perf.PAPI_RES_STL.192184,83379676360690.0
1770017877.451956,nrm.extra.perf.PAPI_L3_TCM.192184,30367039238.0
1770017878.4551482,nrm.extra.perf.PAPI_L3_TCA.192184,303367916586.0
1770017878.4551482,nrm.extra.perf.PAPI_TOT_INS.192184,98520708993947.0
1770017878.4551482,nrm.extra.perf.PAPI_TOT_CYC.192184,167887910918424.0
1770017878.4551482,nrm.extra.perf.PAPI_RES_STL.192184,83519547312666.0
1770017878.4551482,nrm.extra.perf.PAPI_L3_TCM.192184,30418011442.0
1770017879.451935,nrm.extra.perf.PAPI_L3_TCA.192184,303868099150.0
1770017879.451935,nrm.extra.perf.PAPI_TOT_INS.192184,98683258936088.0
1770017879.451935,nrm.extra.perf.PAPI_TOT_CYC.192184,168164205384561.0
1770017879.451935,nrm.extra.perf.PAPI_RES_STL.192184,83657554116947.0
1770017879.451935,nrm.extra.perf.PAPI_L3_TCM.192184,30468496375.0
1770017880.4548979,nrm.extra.perf.PAPI_L3_TCA.192184,304371293380.0
1770017880.4548979,nrm.extra.perf.PAPI_TOT_INS.192184,98846694661324.0
1770017880.4548979,nrm.extra.perf.PAPI_TOT_CYC.192184,168442329580581.0
1770017880.4548979,nrm.extra.perf.PAPI_RES_STL.192184,83796401458250.0
1770017880.4548979,nrm.extra.perf.PAPI_L3_TCM.192184,30519190407.0
1770017881.4519668,nrm.extra.perf.PAPI_L3_TCA.192184,304873647898.0
1770017881.4519668,nrm.extra.perf.PAPI_TOT_INS.192184,99009950306953.0
1770017881.4519668,nrm.extra.perf.PAPI_TOT_CYC.192184,168719643163845.0
1770017881.4519668,nrm.extra.perf.PAPI_RES_STL.192184,83935205979644.0
1770017881.4519668,nrm.extra.perf.PAPI_L3_TCM.192184,30569763544.0
1770017882.4519897,nrm.extra.perf.PAPI_L3_TCA.192184,305377360774.0
1770017882.4519897,nrm.extra.perf.PAPI_TOT_INS.192184,99173393456320.0
1770017882.4519897,nrm.extra.perf.PAPI_TOT_CYC.192184,168997854910963.0
1770017882.4519897,nrm.extra.perf.PAPI_RES_STL.192184,84074431007837.0
1770017882.4519897,nrm.extra.perf.PAPI_L3_TCM.192184,30620589604.0
1770017883.4559073,nrm.extra.perf.PAPI_L3_TCA.192184,305883324172.0
1770017883.4559073,nrm.extra.perf.PAPI_TOT_INS.192184,99337696708547.0
1770017883.4559073,nrm.extra.perf.PAPI_TOT_CYC.192184,169277261754953.0
1770017883.4559073,nrm.extra.perf.PAPI_RES_STL.192184,84214254517969.0
1770017883.4559073,nrm.extra.perf.PAPI_L3_TCM.192184,30671681470.0
1770017884.4519293,nrm.extra.perf.PAPI_L3_TCA.192184,306382540345.0
1770017884.4519293,nrm.extra.perf.PAPI_TOT_INS.192184,99500011109227.0
1770017884.4519293,nrm.extra.perf.PAPI_TOT_CYC.192184,169554357869882.0
1770017884.4519293,nrm.extra.perf.PAPI_RES_STL.192184,84352141112548.0
1770017884.4519293,nrm.extra.perf.PAPI_L3_TCM.192184,30722073579.0
1770017885.4559782,nrm.extra.perf.PAPI_L3_TCA.192184,306888906058.0
1770017885.4559782,nrm.extra.perf.PAPI_TOT_INS.192184,99664719467813.0
1770017885.4559782,nrm.extra.perf.PAPI_TOT_CYC.192184,169834266433837.0
1770017885.4559782,nrm.extra.perf.PAPI_RES_STL.192184,84491977119917.0
1770017885.4559782,nrm.extra.perf.PAPI_L3_TCM.192184,30772912385.0
1770017886.451975,nrm.extra.perf.PAPI_L3_TCA.192184,307391499095.0
1770017886.451975,nrm.extra.perf.PAPI_TOT_INS.192184,99827941661485.0
1770017886.451975,nrm.extra.perf.PAPI_TOT_CYC.192184,170112111072883.0
1770017886.451975,nrm.extra.perf.PAPI_RES_STL.192184,84630752006048.0
1770017886.451975,nrm.extra.perf.PAPI_L3_TCM.192184,30823554274.0
1770017887.4519515,nrm.extra.perf.PAPI_L3_TCA.192184,307894923509.0
1770017887.4519515,nrm.extra.perf.PAPI_TOT_INS.192184,99991524606163.0
1770017887.4519515,nrm.extra.perf.PAPI_TOT_CYC.192184,170391315017163.0
1770017887.4519515,nrm.extra.perf.PAPI_RES_STL.192184,84769896733843.0
1770017887.4519515,nrm.extra.perf.PAPI_L3_TCM.192184,30874368164.0
1770017888.4519203,nrm.extra.perf.PAPI_L3_TCA.192184,308397241683.0
1770017888.4519203,nrm.extra.perf.PAPI_TOT_INS.192184,100154796960823.0
1770017888.4519203,nrm.extra.perf.PAPI_TOT_CYC.192184,170669936241706.0
1770017888.4519203,nrm.extra.perf.PAPI_RES_STL.192184,84908648031107.0
1770017888.4519203,nrm.extra.perf.PAPI_L3_TCM.192184,30925023765.0
1770017889.4519527,nrm.extra.perf.PAPI_L3_TCA.192184,308902955227.0
1770017889.4519527,nrm.extra.perf.PAPI_TOT_INS.192184,100319092158856.0
1770017889.4519527,nrm.extra.perf.PAPI_TOT_CYC.192184,170949118625051.0
1770017889.4519527,nrm.extra.perf.PAPI_RES_STL.192184,85048325058738.0
1770017889.4519527,nrm.extra.perf.PAPI_L3_TCM.192184,30975980913.0
1770017890.452898,nrm.extra.perf.PAPI_L3_TCA.192184,309406658972.0
1770017890.452898,nrm.extra.perf.PAPI_TOT_INS.192184,100482649846291.0
1770017890.452898,nrm.extra.perf.PAPI_TOT_CYC.192184,171228008782140.0
1770017890.452898,nrm.extra.perf.PAPI_RES_STL.192184,85187709913072.0
1770017890.452898,nrm.extra.perf.PAPI_L3_TCM.192184,31026797556.0
1770017891.452992,nrm.extra.perf.PAPI_L3_TCA.192184,309909466759.0
1770017891.452992,nrm.extra.perf.PAPI_TOT_INS.192184,100646068113893.0
1770017891.452992,nrm.extra.perf.PAPI_TOT_CYC.192184,171506213362765.0
1770017891.452992,nrm.extra.perf.PAPI_RES_STL.192184,85326487783486.0
1770017891.452992,nrm.extra.perf.PAPI_L3_TCM.192184,31077533582.0
1770017892.4519064,nrm.extra.perf.PAPI_L3_TCA.192184,310412714687.0
1770017892.4519064,nrm.extra.perf.PAPI_TOT_INS.192184,100809493299665.0
1770017892.4519064,nrm.extra.perf.PAPI_TOT_CYC.192184,171784188189573.0
1770017892.4519064,nrm.extra.perf.PAPI_RES_STL.192184,85465315734683.0
1770017892.4519064,nrm.extra.perf.PAPI_L3_TCM.192184,31128418424.0
1770017893.4518435,nrm.extra.perf.PAPI_L3_TCA.192184,310917507598.0
1770017893.4518435,nrm.extra.perf.PAPI_TOT_INS.192184,100973645648221.0
1770017893.4518435,nrm.extra.perf.PAPI_TOT_CYC.192184,172063304036714.0
1770017893.4518435,nrm.extra.perf.PAPI_RES_STL.192184,85604822928483.0
1770017893.4518435,nrm.extra.perf.PAPI_L3_TCM.192184,31179277398.0
1770017894.45192,nrm.extra.perf.PAPI_L3_TCA.192184,311422296025.0
1770017894.45192,nrm.extra.perf.PAPI_TOT_INS.192184,101137345884982.0
1770017894.45192,nrm.extra.perf.PAPI_TOT_CYC.192184,172341873940395.0
1770017894.45192,nrm.extra.perf.PAPI_RES_STL.192184,85744437765830.0
1770017894.45192,nrm.extra.perf.PAPI_L3_TCM.192184,31230630086.0
1770017895.451957,nrm.extra.perf.PAPI_L3_TCA.192184,311920072784.0
1770017895.451957,nrm.extra.perf.PAPI_TOT_INS.192184,101299318192692.0
1770017895.451957,nrm.extra.perf.PAPI_TOT_CYC.192184,172618757977145.0
1770017895.451957,nrm.extra.perf.PAPI_RES_STL.192184,85881795604298.0
1770017895.451957,nrm.extra.perf.PAPI_L3_TCM.192184,31281087754.0
1770017896.4519434,nrm.extra.perf.PAPI_L3_TCA.192184,312426244601.0
1770017896.4519434,nrm.extra.perf.PAPI_TOT_INS.192184,101463665388117.0
1770017896.4519434,nrm.extra.perf.PAPI_TOT_CYC.192184,172898090639648.0
1770017896.4519434,nrm.extra.perf.PAPI_RES_STL.192184,86021333331965.0
1770017896.4519434,nrm.extra.perf.PAPI_L3_TCM.192184,31332360365.0
1770017897.4517074,nrm.extra.perf.PAPI_L3_TCA.192184,312929866017.0
1770017897.4517074,nrm.extra.perf.PAPI_TOT_INS.192184,101627530687206.0
1770017897.4517074,nrm.extra.perf.PAPI_TOT_CYC.192184,173176090243594.0
1770017897.4517074,nrm.extra.perf.PAPI_RES_STL.192184,86160176867824.0
1770017897.4517074,nrm.extra.perf.PAPI_L3_TCM.192184,31383072066.0
1770017898.4559014,nrm.extra.perf.PAPI_L3_TCA.192184,313437763459.0
1770017898.4559014,nrm.extra.perf.PAPI_TOT_INS.192184,101792352607479.0
1770017898.4559014,nrm.extra.perf.PAPI_TOT_CYC.192184,173456060369621.0
1770017898.4559014,nrm.extra.perf.PAPI_RES_STL.192184,86300330367755.0
1770017898.4559014,nrm.extra.perf.PAPI_L3_TCM.192184,31434715346.0
1770017899.4519553,nrm.extra.perf.PAPI_L3_TCA.192184,313938993964.0
1770017899.4519553,nrm.extra.perf.PAPI_TOT_INS.192184,101955343240476.0
1770017899.4519553,nrm.extra.perf.PAPI_TOT_CYC.192184,173733711483556.0
1770017899.4519553,nrm.extra.perf.PAPI_RES_STL.192184,86438356251946.0
1770017899.4519553,nrm.extra.perf.PAPI_L3_TCM.192184,31485747888.0
1770017900.451948,nrm.extra.perf.PAPI_L3_TCA.192184,314442834555.0
1770017900.451948,nrm.extra.perf.PAPI_TOT_INS.192184,102118956264586.0
1770017900.451948,nrm.extra.perf.PAPI_TOT_CYC.192184,174011934161728.0
1770017900.451948,nrm.extra.perf.PAPI_RES_STL.192184,86577431827292.0
1770017900.451948,nrm.extra.perf.PAPI_L3_TCM.192184,31536878817.0
1770017901.455898,nrm.extra.perf.PAPI_L3_TCA.192184,314950041577.0
1770017901.455898,nrm.extra.perf.PAPI_TOT_INS.192184,102283663462900.0
1770017901.455898,nrm.extra.perf.PAPI_TOT_CYC.192184,174291653362811.0
1770017901.455898,nrm.extra.perf.PAPI_RES_STL.192184,86717408048250.0
1770017901.455898,nrm.extra.perf.PAPI_L3_TCM.192184,31588113220.0
1770017902.4519463,nrm.extra.perf.PAPI_L3_TCA.192184,315453168125.0
1770017902.4519463,nrm.extra.perf.PAPI_TOT_INS.192184,102447231838235.0
1770017902.4519463,nrm.extra.perf.PAPI_TOT_CYC.192184,174569195587164.0
1770017902.4519463,nrm.extra.perf.PAPI_RES_STL.192184,86856186555845.0
1770017902.4519463,nrm.extra.perf.PAPI_L3_TCM.192184,31638856848.0
1770017903.4529066,nrm.extra.perf.PAPI_L3_TCA.192184,315957796421.0
1770017903.4529066,nrm.extra.perf.PAPI_TOT_INS.192184,102611182386722.0
1770017903.4529066,nrm.extra.perf.PAPI_TOT_CYC.192184,174847533162473.0
1770017903.4529066,nrm.extra.perf.PAPI_RES_STL.192184,86995287882439.0
1770017903.4529066,nrm.extra.perf.PAPI_L3_TCM.192184,31690342991.0
1770017904.4549556,nrm.extra.perf.PAPI_L3_TCA.192184,316462976863.0
1770017904.4549556,nrm.extra.perf.PAPI_TOT_INS.192184,102775341110568.0
1770017904.4549556,nrm.extra.perf.PAPI_TOT_CYC.192184,175126706033305.0
1770017904.4549556,nrm.extra.perf.PAPI_RES_STL.192184,87134615415766.0
1770017904.4549556,nrm.extra.perf.PAPI_L3_TCM.192184,31742048881.0
1770017905.4519327,nrm.extra.perf.PAPI_L3_TCA.192184,316965536441.0
1770017905.4519327,nrm.extra.perf.PAPI_TOT_INS.192184,102938740663019.0
1770017905.4519327,nrm.extra.perf.PAPI_TOT_CYC.192184,175404915194837.0
1770017905.4519327,nrm.extra.perf.PAPI_RES_STL.192184,87273419682525.0
1770017905.4519327,nrm.extra.perf.PAPI_L3_TCM.192184,31793212970.0
1770017906.4549272,nrm.extra.perf.PAPI_L3_TCA.192184,317471529914.0
1770017906.4549272,nrm.extra.perf.PAPI_TOT_INS.192184,103103337756483.0
1770017906.4549272,nrm.extra.perf.PAPI_TOT_CYC.192184,175684879912682.0
1770017906.4549272,nrm.extra.perf.PAPI_RES_STL.192184,87412794593414.0
1770017906.4549272,nrm.extra.perf.PAPI_L3_TCM.192184,31844760103.0
1770017907.4519305,nrm.extra.perf.PAPI_L3_TCA.192184,317972243346.0
1770017907.4519305,nrm.extra.perf.PAPI_TOT_INS.192184,103266271332888.0
1770017907.4519305,nrm.extra.perf.PAPI_TOT_CYC.192184,175962184923569.0
1770017907.4519305,nrm.extra.perf.PAPI_RES_STL.192184,87550869167086.0
1770017907.4519305,nrm.extra.perf.PAPI_L3_TCM.192184,31895807975.0
1770017908.454933,nrm.extra.perf.PAPI_L3_TCA.192184,318477791641.0
1770017908.454933,nrm.extra.perf.PAPI_TOT_INS.192184,103430600463044.0
1770017908.454933,nrm.extra.perf.PAPI_TOT_CYC.192184,176241655281349.0
1770017908.454933,nrm.extra.perf.PAPI_RES_STL.192184,87690412348594.0
1770017908.454933,nrm.extra.perf.PAPI_L3_TCM.192184,31947283013.0
1770017909.4518976,nrm.extra.perf.PAPI_L3_TCA.192184,318979900261.0
1770017909.4518976,nrm.extra.perf.PAPI_TOT_INS.192184,103593743622963.0
1770017909.4518976,nrm.extra.perf.PAPI_TOT_CYC.192184,176519099683241.0
1770017909.4518976,nrm.extra.perf.PAPI_RES_STL.192184,87828960273240.0
1770017909.4518976,nrm.extra.perf.PAPI_L3_TCM.192184,31998683382.0
1770017910.4519634,nrm.extra.perf.PAPI_L3_TCA.192184,319483369199.0
1770017910.4519634,nrm.extra.perf.PAPI_TOT_INS.192184,103757498851060.0
1770017910.4519634,nrm.extra.perf.PAPI_TOT_CYC.192184,176797483494201.0
1770017910.4519634,nrm.extra.perf.PAPI_RES_STL.192184,87967640664152.0
1770017910.4519634,nrm.extra.perf.PAPI_L3_TCM.192184,32049987861.0
1770017911.4516516,nrm.extra.perf.PAPI_L3_TCA.192184,319987993947.0
1770017911.4516516,nrm.extra.perf.PAPI_TOT_INS.192184,103921750844116.0
1770017911.4516516,nrm.extra.perf.PAPI_TOT_CYC.192184,177076588666674.0
1770017911.4516516,nrm.extra.perf.PAPI_RES_STL.192184,88106911073355.0
1770017911.4516516,nrm.extra.perf.PAPI_L3_TCM.192184,32101179701.0
1770017912.4519703,nrm.extra.perf.PAPI_L3_TCA.192184,320493632953.0
1770017912.4519703,nrm.extra.perf.PAPI_TOT_INS.192184,104086029992770.0
1770017912.4519703,nrm.extra.perf.PAPI_TOT_CYC.192184,177355748005031.0
1770017912.4519703,nrm.extra.perf.PAPI_RES_STL.192184,88246471718486.0
1770017912.4519703,nrm.extra.perf.PAPI_L3_TCM.192184,32152769545.0
1770017913.4519613,nrm.extra.perf.PAPI_L3_TCA.192184,320998136206.0
1770017913.4519613,nrm.extra.perf.PAPI_TOT_INS.192184,104249914466830.0
1770017913.4519613,nrm.extra.perf.PAPI_TOT_CYC.192184,177634418973109.0
1770017913.4519613,nrm.extra.perf.PAPI_RES_STL.192184,88385699730945.0
1770017913.4519613,nrm.extra.perf.PAPI_L3_TCM.192184,32204245952.0
1770017914.4520078,nrm.extra.perf.PAPI_L3_TCA.192184,321502230025.0
1770017914.4520078,nrm.extra.perf.PAPI_TOT_INS.192184,104413834755512.0
1770017914.4520078,nrm.extra.perf.PAPI_TOT_CYC.192184,177913487100346.0
1770017914.4520078,nrm.extra.perf.PAPI_RES_STL.192184,88524768883688.0
1770017914.4520078,nrm.extra.perf.PAPI_L3_TCM.192184,32255575675.0
1770017915.4569829,nrm.extra.perf.PAPI_L3_TCA.192184,322008906185.0
1770017915.4569829,nrm.extra.perf.PAPI_TOT_INS.192184,104578656405708.0
1770017915.4569829,nrm.extra.perf.PAPI_TOT_CYC.192184,178194301376236.0
1770017915.4569829,nrm.extra.perf.PAPI_RES_STL.192184,88664376137658.0
1770017915.4569829,nrm.extra.perf.PAPI_L3_TCM.192184,32307393292.0
1770017916.4519024,nrm.extra.perf.PAPI_L3_TCA.192184,322479001976.0
1770017916.4519024,nrm.extra.perf.PAPI_TOT_INS.192184,104731938372289.0
1770017916.4519024,nrm.extra.perf.PAPI_TOT_CYC.192184,178457636053680.0
1770017916.4519024,nrm.extra.perf.PAPI_RES_STL.192184,88794149736676.0
1770017916.4519024,nrm.extra.perf.PAPI_L3_TCM.192184,32355872385.0
1770017917.4519408,nrm.extra.perf.PAPI_L3_TCA.192184,322981126464.0
1770017917.4519408,nrm.extra.perf.PAPI_TOT_INS.192184,104895220191533.0
1770017917.4519408,nrm.extra.perf.PAPI_TOT_CYC.192184,178734707765444.0
1770017917.4519408,nrm.extra.perf.PAPI_RES_STL.192184,88932544012185.0
1770017917.4519408,nrm.extra.perf.PAPI_L3_TCM.192184,32406962941.0
1770017918.4549522,nrm.extra.perf.PAPI_L3_TCA.192184,323488609838.0
1770017918.4549522,nrm.extra.perf.PAPI_TOT_INS.192184,105060103008992.0
1770017918.4549522,nrm.extra.perf.PAPI_TOT_CYC.192184,179014426631102.0
1770017918.4549522,nrm.extra.perf.PAPI_RES_STL.192184,89072261428677.0
1770017918.4549522,nrm.extra.perf.PAPI_L3_TCM.192184,32458744559.0
1770017919.4519494,nrm.extra.perf.PAPI_L3_TCA.192184,323988727257.0
1770017919.4519494,nrm.extra.perf.PAPI_TOT_INS.192184,105222693180949.0
1770017919.4519494,nrm.extra.perf.PAPI_TOT_CYC.192184,179291854328900.0
1770017919.4519494,nrm.extra.perf.PAPI_RES_STL.192184,89210314844582.0
1770017919.4519494,nrm.extra.perf.PAPI_L3_TCM.192184,32509970496.0
1770017920.4538662,nrm.extra.perf.PAPI_L3_TCA.192184,324490104995.0
1770017920.4538662,nrm.extra.perf.PAPI_TOT_INS.192184,105385933905216.0
1770017920.4538662,nrm.extra.perf.PAPI_TOT_CYC.192184,179570742478656.0
1770017920.4538662,nrm.extra.perf.PAPI_RES_STL.192184,89348491566564.0
1770017920.4538662,nrm.extra.perf.PAPI_L3_TCM.192184,32561340271.0
1770017921.451897,nrm.extra.perf.PAPI_L3_TCA.192184,324992624922.0
1770017921.451897,nrm.extra.perf.PAPI_TOT_INS.192184,105549382709785.0
1770017921.451897,nrm.extra.perf.PAPI_TOT_CYC.192184,179848408215446.0
1770017921.451897,nrm.extra.perf.PAPI_RES_STL.192184,89487053193977.0
1770017921.451897,nrm.extra.perf.PAPI_L3_TCM.192184,32612597357.0
1770017922.4519565,nrm.extra.perf.PAPI_L3_TCA.192184,325494343422.0
1770017922.4519565,nrm.extra.perf.PAPI_TOT_INS.192184,105712627423006.0
1770017922.4519565,nrm.extra.perf.PAPI_TOT_CYC.192184,180127124956565.0
1770017922.4519565,nrm.extra.perf.PAPI_RES_STL.192184,89625276681365.0
1770017922.4519565,nrm.extra.perf.PAPI_L3_TCM.192184,32663862169.0
1770017923.4519312,nrm.extra.perf.PAPI_L3_TCA.192184,325994750562.0
1770017923.4519312,nrm.extra.perf.PAPI_TOT_INS.192184,105875432780527.0
1770017923.4519312,nrm.extra.perf.PAPI_TOT_CYC.192184,180405324576555.0
1770017923.4519312,nrm.extra.perf.PAPI_RES_STL.192184,89763255682671.0
1770017923.4519312,nrm.extra.perf.PAPI_L3_TCM.192184,32715151823.0
1770017924.4547517,nrm.extra.perf.PAPI_L3_TCA.192184,326499832416.0
1770017924.4547517,nrm.extra.perf.PAPI_TOT_INS.192184,106039815713934.0
1770017924.4547517,nrm.extra.perf.PAPI_TOT_CYC.192184,180684956489188.0
1770017924.4547517,nrm.extra.perf.PAPI_RES_STL.192184,89902452226122.0
1770017924.4547517,nrm.extra.perf.PAPI_L3_TCM.192184,32766152453.0
1770017925.4549417,nrm.extra.perf.PAPI_L3_TCA.192184,327003945305.0
1770017925.4549417,nrm.extra.perf.PAPI_TOT_INS.192184,106203596306543.0
1770017925.4549417,nrm.extra.perf.PAPI_TOT_CYC.192184,180963366235936.0
1770017925.4549417,nrm.extra.perf.PAPI_RES_STL.192184,90041422953671.0
1770017925.4549417,nrm.extra.perf.PAPI_L3_TCM.192184,32817407105.0
1770017926.451934,nrm.extra.perf.PAPI_L3_TCA.192184,327506019727.0
1770017926.451934,nrm.extra.perf.PAPI_TOT_INS.192184,106366681225050.0
1770017926.451934,nrm.extra.perf.PAPI_TOT_CYC.192184,181240706510069.0
1770017926.451934,nrm.extra.perf.PAPI_RES_STL.192184,90179762068084.0
1770017926.451934,nrm.extra.perf.PAPI_L3_TCM.192184,32868537091.0
1770017927.451972,nrm.extra.perf.PAPI_L3_TCA.192184,328009314881.0
1770017927.451972,nrm.extra.perf.PAPI_TOT_INS.192184,106530126445821.0
1770017927.451972,nrm.extra.perf.PAPI_TOT_CYC.192184,181519101571777.0
1770017927.451972,nrm.extra.perf.PAPI_RES_STL.192184,90318666995157.0
1770017927.451972,nrm.extra.perf.PAPI_L3_TCM.192184,32919872873.0
1770017928.4548287,nrm.extra.perf.PAPI_L3_TCA.192184,328514563948.0
1770017928.4548287,nrm.extra.perf.PAPI_TOT_INS.192184,106694339951569.0
1770017928.4548287,nrm.extra.perf.PAPI_TOT_CYC.192184,181798560336544.0
1770017928.4548287,nrm.extra.perf.PAPI_RES_STL.192184,90457974412620.0
1770017928.4548287,nrm.extra.perf.PAPI_L3_TCM.192184,32971177969.0
1770017929.451936,nrm.extra.perf.PAPI_L3_TCA.192184,329017907189.0
1770017929.451936,nrm.extra.perf.PAPI_TOT_INS.192184,106858047669856.0
1770017929.451936,nrm.extra.perf.PAPI_TOT_CYC.192184,182076686541936.0
1770017929.451936,nrm.extra.perf.PAPI_RES_STL.192184,90596815075347.0
1770017929.451936,nrm.extra.perf.PAPI_L3_TCM.192184,33022255788.0
1770017930.455892,nrm.extra.perf.PAPI_L3_TCA.192184,329524630227.0
1770017930.455892,nrm.extra.perf.PAPI_TOT_INS.192184,107022728214419.0
1770017930.455892,nrm.extra.perf.PAPI_TOT_CYC.192184,182356600453073.0
1770017930.455892,nrm.extra.perf.PAPI_RES_STL.192184,90736345327896.0
1770017930.455892,nrm.extra.perf.PAPI_L3_TCM.192184,33073729211.0
1770017931.4519792,nrm.extra.perf.PAPI_L3_TCA.192184,330026658995.0
1770017931.4519792,nrm.extra.perf.PAPI_TOT_INS.192184,107185772911173.0
1770017931.4519792,nrm.extra.perf.PAPI_TOT_CYC.192184,182633577444977.0
1770017931.4519792,nrm.extra.perf.PAPI_RES_STL.192184,90874839177891.0
1770017931.4519792,nrm.extra.perf.PAPI_L3_TCM.192184,33124986387.0
1770017932.4519773,nrm.extra.perf.PAPI_L3_TCA.192184,330533031499.0
1770017932.4519773,nrm.extra.perf.PAPI_TOT_INS.192184,107350126620560.0
1770017932.4519773,nrm.extra.perf.PAPI_TOT_CYC.192184,182913019025135.0
1770017932.4519773,nrm.extra.perf.PAPI_RES_STL.192184,91014607384757.0
1770017932.4519773,nrm.extra.perf.PAPI_L3_TCM.192184,33176537204.0
1770017933.4538903,nrm.extra.perf.PAPI_L3_TCA.192184,331038378159.0
1770017933.4538903,nrm.extra.perf.PAPI_TOT_INS.192184,107514345111221.0
1770017933.4538903,nrm.extra.perf.PAPI_TOT_CYC.192184,183192454221134.0
1770017933.4538903,nrm.extra.perf.PAPI_RES_STL.192184,91154130871648.0
1770017933.4538903,nrm.extra.perf.PAPI_L3_TCM.192184,33227597195.0
1770017934.4549887,nrm.extra.perf.PAPI_L3_TCA.192184,331542890631.0
1770017934.4549887,nrm.extra.perf.PAPI_TOT_INS.192184,107678263955461.0
1770017934.4549887,nrm.extra.perf.PAPI_TOT_CYC.192184,183470542774702.0
1770017934.4549887,nrm.extra.perf.PAPI_RES_STL.192184,91293421976412.0
1770017934.4549887,nrm.extra.perf.PAPI_L3_TCM.192184,33278576568.0
1770017935.4519234,nrm.extra.perf.PAPI_L3_TCA.192184,332046351146.0
1770017935.4519234,nrm.extra.perf.PAPI_TOT_INS.192184,107841633986593.0
1770017935.4519234,nrm.extra.perf.PAPI_TOT_CYC.192184,183748306321624.0
1770017935.4519234,nrm.extra.perf.PAPI_RES_STL.192184,91432557068022.0
1770017935.4519234,nrm.extra.perf.PAPI_L3_TCM.192184,33329396543.0
1770017936.451908,nrm.extra.perf.PAPI_L3_TCA.192184,332551617494.0
1770017936.451908,nrm.extra.perf.PAPI_TOT_INS.192184,108005678586584.0
1770017936.451908,nrm.extra.perf.PAPI_TOT_CYC.192184,184027138922142.0
1770017936.451908,nrm.extra.perf.PAPI_RES_STL.192184,91572194111046.0
1770017936.451908,nrm.extra.perf.PAPI_L3_TCM.192184,33380382871.0
1770017937.4549065,nrm.extra.perf.PAPI_L3_TCA.192184,333057007161.0
1770017937.4549065,nrm.extra.perf.PAPI_TOT_INS.192184,108169805750025.0
1770017937.4549065,nrm.extra.perf.PAPI_TOT_CYC.192184,184306537305975.0
1770017937.4549065,nrm.extra.perf.PAPI_RES_STL.192184,91711672514687.0
1770017937.4549065,nrm.extra.perf.PAPI_L3_TCM.192184,33431459834.0
1770017938.451892,nrm.extra.perf.PAPI_L3_TCA.192184,333560654349.0
1770017938.451892,nrm.extra.perf.PAPI_TOT_INS.192184,108333413018710.0
1770017938.451892,nrm.extra.perf.PAPI_TOT_CYC.192184,184584733344491.0
1770017938.451892,nrm.extra.perf.PAPI_RES_STL.192184,91850764230483.0
1770017938.451892,nrm.extra.perf.PAPI_L3_TCM.192184,33482184841.0
1770017939.4519365,nrm.extra.perf.PAPI_L3_TCA.192184,334062881701.0
1770017939.4519365,nrm.extra.perf.PAPI_TOT_INS.192184,108496483055573.0
1770017939.4519365,nrm.extra.perf.PAPI_TOT_CYC.192184,184862172399603.0
1770017939.4519365,nrm.extra.perf.PAPI_RES_STL.192184,91989390016747.0
1770017939.4519365,nrm.extra.perf.PAPI_L3_TCM.192184,33533173570.0
1770017940.4559782,nrm.extra.perf.PAPI_L3_TCA.192184,334569282677.0
1770017940.4559782,nrm.extra.perf.PAPI_TOT_INS.192184,108660984266389.0
1770017940.4559782,nrm.extra.perf.PAPI_TOT_CYC.192184,185141866420493.0
1770017940.4559782,nrm.extra.perf.PAPI_RES_STL.192184,92129143420476.0
1770017940.4559782,nrm.extra.perf.PAPI_L3_TCM.192184,33584790118.0
1770017941.4519603,nrm.extra.perf.PAPI_L3_TCA.192184,335072957153.0
1770017941.4519603,nrm.extra.perf.PAPI_TOT_INS.192184,108824579882571.0
1770017941.4519603,nrm.extra.perf.PAPI_TOT_CYC.192184,185419535332737.0
1770017941.4519603,nrm.extra.perf.PAPI_RES_STL.192184,92267803589752.0
1770017941.4519603,nrm.extra.perf.PAPI_L3_TCM.192184,33636423243.0
1770017942.4519038,nrm.extra.perf.PAPI_L3_TCA.192184,335579452816.0
1770017942.4519038,nrm.extra.perf.PAPI_TOT_INS.192184,108988858879402.0
1770017942.4519038,nrm.extra.perf.PAPI_TOT_CYC.192184,185698343799512.0
1770017942.4519038,nrm.extra.perf.PAPI_RES_STL.192184,92407464596156.0
1770017942.4519038,nrm.extra.perf.PAPI_L3_TCM.192184,33688020433.0
1770017943.4525986,nrm.extra.perf.PAPI_L3_TCA.192184,336085494122.0
1770017943.4525986,nrm.extra.perf.PAPI_TOT_INS.192184,109153611425661.0
1770017943.4525986,nrm.extra.perf.PAPI_TOT_CYC.192184,185978035202377.0
1770017943.4525986,nrm.extra.perf.PAPI_RES_STL.192184,92546881602700.0
1770017943.4525986,nrm.extra.perf.PAPI_L3_TCM.192184,33739049808.0
1770017944.4559398,nrm.extra.perf.PAPI_L3_TCA.192184,336593541425.0
1770017944.4559398,nrm.extra.perf.PAPI_TOT_INS.192184,109318500670727.0
1770017944.4559398,nrm.extra.perf.PAPI_TOT_CYC.192184,186258085654518.0
1770017944.4559398,nrm.extra.perf.PAPI_RES_STL.192184,92687183212489.0
1770017944.4559398,nrm.extra.perf.PAPI_L3_TCM.192184,33790950628.0
1770017945.451909,nrm.extra.perf.PAPI_L3_TCA.192184,337097639661.0
1770017945.451909,nrm.extra.perf.PAPI_TOT_INS.192184,109482114742583.0
1770017945.451909,nrm.extra.perf.PAPI_TOT_CYC.192184,186534833195586.0
1770017945.451909,nrm.extra.perf.PAPI_RES_STL.192184,92825899963091.0
1770017945.451909,nrm.extra.perf.PAPI_L3_TCM.192184,33842620870.0
1770017946.4519908,nrm.extra.perf.PAPI_L3_TCA.192184,337604725206.0
1770017946.4519908,nrm.extra.perf.PAPI_TOT_INS.192184,109646717387899.0
1770017946.4519908,nrm.extra.perf.PAPI_TOT_CYC.192184,186813965409119.0
1770017946.4519908,nrm.extra.perf.PAPI_RES_STL.192184,92965879342268.0
1770017946.4519908,nrm.extra.perf.PAPI_L3_TCM.192184,33894545960.0
1770017947.4519107,nrm.extra.perf.PAPI_L3_TCA.192184,338106533641.0
1770017947.4519107,nrm.extra.perf.PAPI_TOT_INS.192184,109809791563289.0
1770017947.4519107,nrm.extra.perf.PAPI_TOT_CYC.192184,187092536609406.0
1770017947.4519107,nrm.extra.perf.PAPI_RES_STL.192184,93104344572717.0
1770017947.4519107,nrm.extra.perf.PAPI_L3_TCM.192184,33945930129.0
1770017948.453895,nrm.extra.perf.PAPI_L3_TCA.192184,338611790581.0
1770017948.453895,nrm.extra.perf.PAPI_TOT_INS.192184,109973924926688.0
1770017948.453895,nrm.extra.perf.PAPI_TOT_CYC.192184,187372156603772.0
1770017948.453895,nrm.extra.perf.PAPI_RES_STL.192184,93243949857323.0
1770017948.453895,nrm.extra.perf.PAPI_L3_TCM.192184,33997339905.0
1770017949.4539378,nrm.extra.perf.PAPI_L3_TCA.192184,339115398542.0
1770017949.4539378,nrm.extra.perf.PAPI_TOT_INS.192184,110137572104679.0
1770017949.4539378,nrm.extra.perf.PAPI_TOT_CYC.192184,187649834314760.0
1770017949.4539378,nrm.extra.perf.PAPI_RES_STL.192184,93383066339675.0
1770017949.4539378,nrm.extra.perf.PAPI_L3_TCM.192184,34048776892.0
1770017950.451953,nrm.extra.perf.PAPI_L3_TCA.192184,339619068577.0
1770017950.451953,nrm.extra.perf.PAPI_TOT_INS.192184,110301089868600.0
1770017950.451953,nrm.extra.perf.PAPI_TOT_CYC.192184,187927357148677.0
1770017950.451953,nrm.extra.perf.PAPI_RES_STL.192184,93522020077959.0
1770017950.451953,nrm.extra.perf.PAPI_L3_TCM.192184,34100021786.0
1770017951.454945,nrm.extra.perf.PAPI_L3_TCA.192184,340124391506.0
1770017951.454945,nrm.extra.perf.PAPI_TOT_INS.192184,110465105595255.0
1770017951.454945,nrm.extra.perf.PAPI_TOT_CYC.192184,188206150029869.0
1770017951.454945,nrm.extra.perf.PAPI_RES_STL.192184,93661515830058.0
1770017951.454945,nrm.extra.perf.PAPI_L3_TCM.192184,34151697343.0
1770017952.4519775,nrm.extra.perf.PAPI_L3_TCA.192184,340626469001.0
1770017952.4519775,nrm.extra.perf.PAPI_TOT_INS.192184,110628055983195.0
1770017952.4519775,nrm.extra.perf.PAPI_TOT_CYC.192184,188483549294451.0
1770017952.4519775,nrm.extra.perf.PAPI_RES_STL.192184,93800276819324.0
1770017952.4519775,nrm.extra.perf.PAPI_L3_TCM.192184,34203147211.0
1770017953.4558616,nrm.extra.perf.PAPI_L3_TCA.192184,341133910654.0
1770017953.4558616,nrm.extra.perf.PAPI_TOT_INS.192184,110792980362496.0
1770017953.4558616,nrm.extra.perf.PAPI_TOT_CYC.192184,188763411900295.0
1770017953.4558616,nrm.extra.perf.PAPI_RES_STL.192184,93940584923520.0
1770017953.4558616,nrm.extra.perf.PAPI_L3_TCM.192184,34254555102.0
1770017954.1432354,nrm.extra.perf.PAPI_L3_TCA.192184,341476075338.0
1770017954.1432354,nrm.extra.perf.PAPI_TOT_INS.192184,110904075242031.0
1770017954.1432354,nrm.extra.perf.PAPI_TOT_CYC.192184,188952245024577.0
1770017954.1432354,nrm.extra.perf.PAPI_RES_STL.192184,94034940002992.0
1770017954.1432354,nrm.extra.perf.PAPI_L3_TCM.192184,34289495554.0
