time,scope,value
1728247277.9456065,0,181830.91088867188
1728247277.9456065,1,181831.04107666016
