time,scope,value
1728247277.9508307,0,127.73718917110484
1728247277.9508307,1,127.18473731497735
