time,actuator,value
1738778512.8812332,Actuator(ptr=c_void_p(94233528672144)),153.0
1738778517.8985827,Actuator(ptr=c_void_p(94233528672144)),153.0
1738778522.9139805,Actuator(ptr=c_void_p(94233528672144)),153.0
1738778527.9301674,Actuator(ptr=c_void_p(94233528672144)),153.0
1738778532.9469614,Actuator(ptr=c_void_p(94233528672144)),153.0
1738778537.9636805,Actuator(ptr=c_void_p(94233528672144)),153.0
1738778542.9793775,Actuator(ptr=c_void_p(94233528672144)),153.0
1738778547.9970505,Actuator(ptr=c_void_p(94233528672144)),153.0
