time,value
1736441140.759766,77.11288553301782
1736441140.759766,76.73569596779299
1736441141.7597773,77.55516826899462
1736441141.7597773,77.77669410904429
