time,actuator,value
1738767730.96066,Actuator(ptr=c_void_p(94704589911200)),165.0
1738767735.978302,Actuator(ptr=c_void_p(94704589911200)),165.0
1738767740.9988172,Actuator(ptr=c_void_p(94704589911200)),165.0
1738767746.0178008,Actuator(ptr=c_void_p(94704589911200)),165.0
1738767751.0355687,Actuator(ptr=c_void_p(94704589911200)),165.0
1738767756.0565054,Actuator(ptr=c_void_p(94704589911200)),165.0
1738767761.0750678,Actuator(ptr=c_void_p(94704589911200)),165.0
1738767766.0931275,Actuator(ptr=c_void_p(94704589911200)),165.0
