time,actuator,value
1738730184.5335095,Actuator(ptr=c_void_p(94485688121152)),118.0
1738730189.5509646,Actuator(ptr=c_void_p(94485688121152)),118.0
1738730194.570335,Actuator(ptr=c_void_p(94485688121152)),118.0
1738730199.58876,Actuator(ptr=c_void_p(94485688121152)),118.0
1738730204.6095085,Actuator(ptr=c_void_p(94485688121152)),118.0
1738730209.626151,Actuator(ptr=c_void_p(94485688121152)),118.0
1738730214.6436105,Actuator(ptr=c_void_p(94485688121152)),118.0
1738730219.6597872,Actuator(ptr=c_void_p(94485688121152)),118.0
