time,value
1746110598.7688634,1.0
1746110598.7859058,1.0
1746110598.802862,1.0
1746110598.8198652,1.0
1746110598.836847,1.0
1746110598.853821,1.0
1746110598.87079,1.0
1746110598.8877742,1.0
1746110598.9048476,1.0
1746110598.9218159,1.0
1746110598.9388032,1.0
1746110598.9558048,1.0
1746110598.973087,1.0
1746110598.9912386,1.0
1746110599.008192,1.0
1746110599.0259604,1.0
1746110599.0432198,1.0
1746110599.0602498,1.0
1746110599.077204,1.0
1746110599.0941432,1.0
1746110599.111409,1.0
1746110599.1406174,1.0
1746110599.1777155,1.0
1746110599.1949017,1.0
1746110599.2122488,1.0
1746110599.2294922,1.0
1746110599.2469282,1.0
1746110599.2641678,1.0
1746110599.2813954,1.0
1746110599.2986383,1.0
1746110599.3158746,1.0
1746110599.3330884,1.0
1746110599.3502467,1.0
1746110599.3673332,1.0
1746110599.3844144,1.0
1746110599.401491,1.0
1746110599.4185495,1.0
1746110599.4355636,1.0
1746110599.4525752,1.0
1746110599.4695914,1.0
1746110599.4865952,1.0
1746110599.5035832,1.0
1746110599.520594,1.0
1746110599.5375977,1.0
1746110599.5547333,1.0
1746110599.5725317,1.0
1746110599.5903838,1.0
1746110599.6082046,1.0
1746110599.6260693,1.0
1746110599.6439764,1.0
1746110599.6619425,1.0
1746110599.6798816,1.0
1746110599.6979203,1.0
1746110599.7239153,1.0
1746110599.7481587,1.0
1746110599.7658846,1.0
1746110599.7836366,1.0
1746110599.8013594,1.0
1746110599.8190854,1.0
1746110599.8368168,1.0
1746110599.8545372,1.0
1746110599.8722684,1.0
1746110599.890002,1.0
1746110599.9077246,1.0
1746110599.9254713,1.0
1746110599.9432888,1.0
1746110599.9610727,1.0
1746110599.980991,1.0
1746110599.998704,1.0
1746110600.0164936,1.0
1746110600.0352733,1.0
1746110600.0531526,1.0
1746110600.0711422,1.0
1746110600.088848,1.0
1746110600.1065526,1.0
1746110600.1242595,1.0
1746110600.1419454,1.0
1746110600.1596503,1.0
1746110600.177395,1.0
1746110600.1950905,1.0
1746110600.2127936,1.0
1746110600.230495,1.0
1746110600.2481637,1.0
1746110600.2658865,1.0
1746110600.2835994,1.0
1746110600.3013008,1.0
1746110600.3189735,1.0
1746110600.3366785,1.0
1746110600.3543792,1.0
1746110600.372098,1.0
1746110600.3898146,1.0
1746110600.4075265,1.0
1746110600.4253013,1.0
1746110600.442998,1.0
1746110600.4606998,1.0
1746110600.4789934,1.0
1746110600.4968283,1.0
1746110600.5146294,1.0
1746110600.532449,1.0
1746110600.5502648,1.0
1746110600.568047,1.0
1746110600.5858297,1.0
1746110600.603633,1.0
1746110600.6214614,1.0
1746110600.6392946,1.0
1746110600.657089,1.0
1746110600.6748934,1.0
1746110600.6927736,1.0
1746110600.7119708,1.0
1746110600.7437382,1.0
1746110600.761567,1.0
1746110600.779416,1.0
1746110600.7972693,1.0
1746110600.8150938,1.0
1746110600.8329225,1.0
1746110600.8507233,1.0
1746110600.8685572,1.0
1746110600.8863566,1.0
1746110600.9041946,1.0
1746110600.9220157,1.0
1746110600.9398336,1.0
1746110600.9580169,1.0
1746110600.9781535,1.0
1746110600.9958832,1.0
1746110601.0137446,1.0
1746110601.0324814,1.0
1746110601.0503128,1.0
1746110601.0684776,1.0
1746110601.0862463,1.0
1746110601.1040564,1.0
1746110601.1218948,1.0
1746110601.1396744,1.0
1746110601.1574364,1.0
1746110601.1752334,1.0
1746110601.1929953,1.0
1746110601.2107613,1.0
1746110601.2286549,1.0
1746110601.2464063,1.0
1746110601.264196,1.0
1746110601.2819602,1.0
1746110601.299737,1.0
1746110601.3174922,1.0
1746110601.3352695,1.0
1746110601.3530264,1.0
1746110601.3708596,1.0
1746110601.3886604,1.0
1746110601.4064388,1.0
1746110601.424294,1.0
1746110601.442048,1.0
1746110601.4598193,1.0
1746110601.4776232,1.0
1746110601.4954078,1.0
1746110601.5137992,1.0
1746110601.5315719,1.0
1746110601.549297,1.0
1746110601.567104,1.0
1746110601.5849047,1.0
1746110601.602937,1.0
1746110601.620785,1.0
1746110601.63855,1.0
1746110601.6563535,1.0
1746110601.674109,1.0
1746110601.6918874,1.0
1746110601.7112167,1.0
1746110601.741739,1.0
1746110601.7594666,1.0
1746110601.7772598,1.0
1746110601.7950199,1.0
1746110601.8128052,1.0
1746110601.8305733,1.0
1746110601.8483973,1.0
1746110601.8661742,1.0
1746110601.883984,1.0
1746110601.9017582,1.0
1746110601.9195418,1.0
1746110601.9375198,1.0
1746110601.9554417,1.0
1746110601.9740076,1.0
1746110601.9926703,1.0
1746110602.010546,1.0
1746110602.0324287,1.0
1746110602.0501766,1.0
1746110602.0685365,1.0
1746110602.0863822,1.0
1746110602.104139,1.0
1746110602.1219354,1.0
1746110602.1397233,1.0
1746110602.1575022,1.0
1746110602.1752965,1.0
1746110602.1930368,1.0
1746110602.2108254,1.0
1746110602.2286808,1.0
1746110602.2464545,1.0
1746110602.264222,1.0
1746110602.2819984,1.0
1746110602.2997513,1.0
1746110602.3175242,1.0
1746110602.3353064,1.0
1746110602.3530748,1.0
1746110602.3708217,1.0
1746110602.3886068,1.0
1746110602.4063983,1.0
1746110602.4241717,1.0
1746110602.44192,1.0
1746110602.459695,1.0
1746110602.4774828,1.0
1746110602.4956923,1.0
1746110602.5134618,1.0
1746110602.5312533,1.0
1746110602.5489898,1.0
1746110602.5667617,1.0
1746110602.5845437,1.0
1746110602.6023583,1.0
1746110602.6201546,1.0
1746110602.637988,1.0
1746110602.6557455,1.0
1746110602.6734927,1.0
1746110602.69125,1.0
1746110602.7099037,1.0
1746110602.72914,1.0
1746110602.7473161,1.0
1746110602.7650397,1.0
1746110602.7827973,1.0
1746110602.800552,1.0
1746110602.8183386,1.0
1746110602.8360841,1.0
1746110602.8538182,1.0
1746110602.8716063,1.0
1746110602.8893223,1.0
1746110602.9070406,1.0
1746110602.9247565,1.0
1746110602.9424582,1.0
1746110602.9602678,1.0
1746110602.9803567,1.0
1746110603.0033457,1.0
1746110603.021967,1.0
1746110603.0398784,1.0
1746110603.057894,1.0
1746110603.0757434,1.0
1746110603.093478,1.0
1746110603.1112251,1.0
1746110603.1289911,1.0
1746110603.1467369,1.0
1746110603.1644766,1.0
1746110603.182185,1.0
1746110603.1999145,1.0
1746110603.217703,1.0
1746110603.2354612,1.0
1746110603.2531924,1.0
1746110603.2711701,1.0
1746110603.2888882,1.0
1746110603.3066087,1.0
1746110603.3243728,1.0
1746110603.3421164,1.0
1746110603.3598619,1.0
1746110603.3775892,1.0
1746110603.3953147,1.0
1746110603.4130452,1.0
1746110603.4308188,1.0
1746110603.448583,1.0
1746110603.466301,1.0
1746110603.484181,1.0
1746110603.5019097,1.0
1746110603.5196514,1.0
1746110603.537403,1.0
1746110603.5557814,1.0
1746110603.5734887,1.0
1746110603.591212,1.0
1746110603.6089098,1.0
1746110603.62664,1.0
1746110603.6443791,1.0
1746110603.6620746,1.0
1746110603.6797838,1.0
1746110603.6975067,1.0
1746110603.7167757,1.0
1746110603.7350433,1.0
1746110603.7527683,1.0
1746110603.7704763,1.0
1746110603.7895584,1.0
1746110603.8072126,1.0
1746110603.8249516,1.0
1746110603.8426661,1.0
1746110603.8604012,1.0
1746110603.8781471,1.0
1746110603.895905,1.0
1746110603.9138203,1.0
1746110603.931572,1.0
1746110603.9493468,1.0
1746110603.9672177,1.0
1746110603.9871163,1.0
1746110604.0048716,1.0
1746110604.0234025,1.0
1746110604.0433624,1.0
1746110604.0613348,1.0
1746110604.0790975,1.0
1746110604.096891,1.0
1746110604.1146657,1.0
1746110604.1325586,1.0
1746110604.1502998,1.0
1746110604.1680884,1.0
1746110604.1862345,1.0
1746110604.2070525,1.0
1746110604.2249544,1.0
1746110604.2427535,1.0
1746110604.2605767,1.0
1746110604.2783973,1.0
1746110604.2962244,1.0
1746110604.3140101,1.0
1746110604.3318188,1.0
1746110604.3496284,1.0
1746110604.3674214,1.0
1746110604.3852146,1.0
1746110604.4030275,1.0
1746110604.4208424,1.0
1746110604.4386551,1.0
1746110604.4564397,1.0
1746110604.4742646,1.0
1746110604.4921007,1.0
1746110604.510444,1.0
1746110604.5282826,1.0
1746110604.5461164,1.0
1746110604.563925,1.0
1746110604.5817714,1.0
1746110604.5996628,1.0
1746110604.6174653,1.0
1746110604.6352863,1.0
1746110604.6530905,1.0
1746110604.6709075,1.0
1746110604.6887345,1.0
1746110604.7075336,1.0
1746110604.7260637,1.0
1746110604.7438862,1.0
1746110604.761673,1.0
1746110604.7795053,1.0
1746110604.7972956,1.0
1746110604.815084,1.0
1746110604.8329723,1.0
1746110604.850729,1.0
1746110604.8685386,1.0
1746110604.8862953,1.0
1746110604.9040663,1.0
1746110604.921777,1.0
1746110604.9395573,1.0
1746110604.9575748,1.0
1746110604.9777277,1.0
1746110604.9953413,1.0
1746110605.0131254,1.0
1746110605.0319448,1.0
1746110605.0506508,1.0
1746110605.068832,1.0
1746110605.0865996,1.0
1746110605.1045158,1.0
1746110605.1222906,1.0
1746110605.140099,1.0
1746110605.1578507,1.0
1746110605.1756036,1.0
1746110605.1933384,1.0
1746110605.2110832,1.0
1746110605.2288847,1.0
1746110605.246619,1.0
1746110605.264408,1.0
1746110605.2821534,1.0
1746110605.299937,1.0
1746110605.3176615,1.0
1746110605.3354485,1.0
1746110605.3532488,1.0
1746110605.3709972,1.0
1746110605.3887236,1.0
1746110605.4064546,1.0
1746110605.4242842,1.0
1746110605.4420176,1.0
1746110605.459768,1.0
1746110605.4775147,1.0
1746110605.4952738,1.0
1746110605.5130088,1.0
1746110605.5307727,1.0
1746110605.5485342,1.0
1746110605.5662856,1.0
1746110605.5840132,1.0
1746110605.60175,1.0
1746110605.619511,1.0
1746110605.6372848,1.0
1746110605.6550562,1.0
1746110605.6727831,1.0
1746110605.6905258,1.0
1746110605.7095253,1.0
1746110605.7274265,1.0
1746110605.745167,1.0
1746110605.7629156,1.0
1746110605.780667,1.0
1746110605.7984133,1.0
1746110605.8161595,1.0
1746110605.8339775,1.0
1746110605.8517559,1.0
1746110605.8694942,1.0
1746110605.8872664,1.0
1746110605.905019,1.0
1746110605.9227693,1.0
1746110605.9405706,1.0
1746110605.958487,1.0
1746110605.9780009,1.0
1746110605.9957287,1.0
1746110606.0134287,1.0
1746110606.0318775,1.0
1746110606.0498555,1.0
1746110606.068109,1.0
1746110606.0858068,1.0
1746110606.1035197,1.0
1746110606.1212418,1.0
1746110606.1389463,1.0
1746110606.15667,1.0
1746110606.17439,1.0
1746110606.1921172,1.0
1746110606.2098079,1.0
1746110606.228256,1.0
1746110606.2459886,1.0
1746110606.2637095,1.0
1746110606.281422,1.0
1746110606.299123,1.0
1746110606.3167958,1.0
1746110606.3345103,1.0
1746110606.3522189,1.0
1746110606.3701508,1.0
1746110606.3878493,1.0
1746110606.4055703,1.0
1746110606.4233284,1.0
1746110606.4410086,1.0
1746110606.4587257,1.0
1746110606.4764502,1.0
1746110606.4941354,1.0
1746110606.5118322,1.0
1746110606.530199,1.0
1746110606.5479133,1.0
1746110606.5655792,1.0
1746110606.5832858,1.0
1746110606.6009727,1.0
1746110606.6187277,1.0
1746110606.6364744,1.0
1746110606.6542153,1.0
1746110606.6718974,1.0
1746110606.6896029,1.0
1746110606.7082963,1.0
1746110606.7329288,1.0
1746110606.757539,1.0
1746110606.775326,1.0
1746110606.7930756,1.0
1746110606.810824,1.0
1746110606.8286612,1.0
1746110606.846407,1.0
1746110606.864164,1.0
1746110606.8819275,1.0
1746110606.899676,1.0
1746110606.9174504,1.0
1746110606.9352272,1.0
1746110606.9531672,1.0
1746110606.9708111,1.0
1746110606.9904406,1.0
1746110607.008211,1.0
1746110607.0266967,1.0
1746110607.0446491,1.0
1746110607.0627556,1.0
1746110607.0804753,1.0
1746110607.0982676,1.0
1746110607.116033,1.0
1746110607.1338062,1.0
1746110607.1515696,1.0
1746110607.1693096,1.0
1746110607.1870608,1.0
1746110607.2048364,1.0
1746110607.2225876,1.0
1746110607.240352,1.0
1746110607.2580907,1.0
1746110607.2758417,1.0
1746110607.2936075,1.0
1746110607.3113468,1.0
1746110607.3290787,1.0
1746110607.3468163,1.0
1746110607.3645773,1.0
1746110607.3823452,1.0
1746110607.400111,1.0
1746110607.4178634,1.0
1746110607.4357264,1.0
1746110607.4534466,1.0
1746110607.471194,1.0
1746110607.4889147,1.0
1746110607.5066314,1.0
1746110607.5243754,1.0
1746110607.5421228,1.0
1746110607.5599067,1.0
1746110607.5776477,1.0
1746110607.5953703,1.0
1746110607.6131315,1.0
1746110607.6309366,1.0
1746110607.648743,1.0
1746110607.666523,1.0
1746110607.6842732,1.0
1746110607.7020464,1.0
1746110607.7211518,1.0
1746110607.7527537,1.0
1746110607.7705798,1.0
1746110607.7884495,1.0
1746110607.8063042,1.0
1746110607.8242385,1.0
1746110607.8420856,1.0
1746110607.8599885,1.0
1746110607.8778229,1.0
1746110607.895675,1.0
1746110607.9135087,1.0
1746110607.9314148,1.0
1746110607.9494817,1.0
1746110607.96765,1.0
1746110607.9872293,1.0
1746110608.0050766,1.0
1746110608.0236933,1.0
1746110608.0417106,1.0
1746110608.0597456,1.0
1746110608.077779,1.0
1746110608.0956655,1.0
1746110608.1135018,1.0
1746110608.1313767,1.0
1746110608.1492472,1.0
1746110608.167113,1.0
1746110608.1849697,1.0
1746110608.202825,1.0
1746110608.2207084,1.0
1746110608.2385888,1.0
1746110608.25643,1.0
1746110608.2745724,1.0
1746110608.2924151,1.0
1746110608.310275,1.0
1746110608.3281481,1.0
1746110608.345984,1.0
1746110608.3638349,1.0
1746110608.3816788,1.0
1746110608.3995566,1.0
1746110608.417425,1.0
1746110608.4353273,1.0
1746110608.4532192,1.0
1746110608.4712481,1.0
1746110608.489066,1.0
1746110608.50693,1.0
1746110608.5247934,1.0
1746110608.5430984,1.0
1746110608.560997,1.0
1746110608.578864,1.0
1746110608.5967114,1.0
1746110608.6145616,1.0
1746110608.63255,1.0
1746110608.650407,1.0
1746110608.668336,1.0
1746110608.6862106,1.0
1746110608.704091,1.0
1746110608.72303,1.0
1746110608.7408202,1.0
1746110608.7585588,1.0
1746110608.7762983,1.0
1746110608.7940233,1.0
1746110608.811764,1.0
1746110608.8294957,1.0
1746110608.8472383,1.0
1746110608.8649657,1.0
1746110608.8827062,1.0
1746110608.900473,1.0
1746110608.9183002,1.0
1746110608.9365468,1.0
1746110608.9542854,1.0
1746110608.972225,1.0
1746110608.9913743,1.0
1746110609.0090966,1.0
1746110609.0276263,1.0
1746110609.0456192,1.0
1746110609.0639098,1.0
1746110609.081621,1.0
1746110609.099333,1.0
1746110609.1170502,1.0
1746110609.1347868,1.0
1746110609.1595478,1.0
1746110609.1848724,1.0
1746110609.2029014,1.0
1746110609.2224407,1.0
1746110609.2401867,1.0
1746110609.2579648,1.0
1746110609.275651,1.0
1746110609.293336,1.0
1746110609.3110633,1.0
1746110609.32876,1.0
1746110609.346466,1.0
1746110609.3641684,1.0
1746110609.3818696,1.0
1746110609.3995798,1.0
1746110609.4172873,1.0
1746110609.4350493,1.0
1746110609.4527938,1.0
1746110609.470495,1.0
1746110609.4882216,1.0
1746110609.505916,1.0
1746110609.523683,1.0
1746110609.5413918,1.0
1746110609.5590806,1.0
1746110609.5787497,1.0
1746110609.5967622,1.0
1746110609.6144755,1.0
1746110609.632224,1.0
1746110609.6498997,1.0
1746110609.667665,1.0
1746110609.685399,1.0
1746110609.7031317,1.0
1746110609.722228,1.0
1746110609.7399528,1.0
1746110609.7576768,1.0
1746110609.7753973,1.0
1746110609.7931292,1.0
1746110609.810862,1.0
1746110609.828613,1.0
1746110609.8463044,1.0
1746110609.864039,1.0
1746110609.8817723,1.0
1746110609.8995194,1.0
1746110609.9172332,1.0
1746110609.934927,1.0
1746110609.95302,1.0
1746110609.9706776,1.0
1746110609.990343,1.0
1746110610.0080595,1.0
1746110610.0264962,1.0
1746110610.0446641,1.0
1746110610.062485,1.0
1746110610.080252,1.0
1746110610.097936,1.0
1746110610.1156113,1.0
1746110610.1332748,1.0
1746110610.1509917,1.0
1746110610.16868,1.0
1746110610.1863687,1.0
1746110610.2040524,1.0
1746110610.2217288,1.0
1746110610.239445,1.0
1746110610.2571332,1.0
1746110610.2748115,1.0
1746110610.292474,1.0
1746110610.3101482,1.0
1746110610.3277845,1.0
1746110610.3454456,1.0
1746110610.3631237,1.0
1746110610.3807807,1.0
1746110610.3984697,1.0
1746110610.4161854,1.0
1746110610.4338841,1.0
1746110610.4515283,1.0
1746110610.4691734,1.0
1746110610.4868522,1.0
1746110610.504558,1.0
1746110610.5222456,1.0
1746110610.5399117,1.0
1746110610.5583827,1.0
1746110610.57608,1.0
1746110610.5937803,1.0
1746110610.6114576,1.0
1746110610.6291223,1.0
1746110610.6467645,1.0
1746110610.664453,1.0
1746110610.6821356,1.0
1746110610.699834,1.0
1746110610.7187853,1.0
1746110610.736451,1.0
1746110610.7541256,1.0
1746110610.7718234,1.0
1746110610.7894778,1.0
1746110610.8071806,1.0
1746110610.824835,1.0
1746110610.8425136,1.0
1746110610.8602288,1.0
1746110610.877948,1.0
1746110610.8957603,1.0
1746110610.9135656,1.0
1746110610.9312973,1.0
1746110610.949065,1.0
1746110610.966938,1.0
1746110610.986831,1.0
1746110611.0045915,1.0
1746110611.0231044,1.0
1746110611.0412571,1.0
1746110611.0590038,1.0
1746110611.0770056,1.0
1746110611.0947263,1.0
1746110611.112499,1.0
1746110611.130224,1.0
1746110611.1479807,1.0
1746110611.165737,1.0
1746110611.183533,1.0
1746110611.201276,1.0
1746110611.2190304,1.0
1746110611.236795,1.0
1746110611.2545528,1.0
1746110611.272303,1.0
1746110611.2900229,1.0
1746110611.307765,1.0
1746110611.325489,1.0
1746110611.3432798,1.0
1746110611.36103,1.0
1746110611.3789177,1.0
1746110611.3966594,1.0
1746110611.4144042,1.0
1746110611.4322038,1.0
1746110611.4499424,1.0
1746110611.4676557,1.0
1746110611.4853783,1.0
1746110611.5030987,1.0
1746110611.5208626,1.0
1746110611.5385892,1.0
1746110611.556372,1.0
1746110611.574108,1.0
1746110611.5918198,1.0
1746110611.6096122,1.0
1746110611.6273484,1.0
1746110611.6450744,1.0
1746110611.6628356,1.0
1746110611.680553,1.0
1746110611.6982727,1.0
1746110611.7175121,1.0
1746110611.735259,1.0
1746110611.7530274,1.0
1746110611.7708297,1.0
1746110611.7885756,1.0
1746110611.8063157,1.0
1746110611.8241084,1.0
1746110611.8419068,1.0
1746110611.859639,1.0
1746110611.8774085,1.0
1746110611.8951705,1.0
1746110611.912904,1.0
1746110611.9306748,1.0
1746110611.94862,1.0
1746110611.9666173,1.0
1746110611.9881132,1.0
1746110612.0058165,1.0
1746110612.024454,1.0
1746110612.0424004,1.0
1746110612.0601103,1.0
1746110612.0781047,1.0
1746110612.095834,1.0
1746110612.113568,1.0
1746110612.1312644,1.0
1746110612.1489723,1.0
1746110612.1667507,1.0
1746110612.184493,1.0
1746110612.2023928,1.0
1746110612.220146,1.0
1746110612.2378578,1.0
1746110612.2555559,1.0
1746110612.2732894,1.0
1746110612.2909594,1.0
1746110612.3086576,1.0
1746110612.3265162,1.0
1746110612.344225,1.0
1746110612.3619332,1.0
1746110612.379666,1.0
1746110612.3974047,1.0
1746110612.4150794,1.0
1746110612.4327993,1.0
1746110612.4504883,1.0
1746110612.468204,1.0
1746110612.485909,1.0
1746110612.5036054,1.0
1746110612.521308,1.0
1746110612.5389936,1.0
1746110612.5567102,1.0
1746110612.5748832,1.0
1746110612.5925822,1.0
1746110612.6102927,1.0
1746110612.6280413,1.0
1746110612.6458414,1.0
1746110612.663557,1.0
1746110612.6812909,1.0
1746110612.6989374,1.0
1746110612.7180197,1.0
1746110612.735732,1.0
1746110612.753467,1.0
1746110612.7712622,1.0
1746110612.7890105,1.0
1746110612.8067822,1.0
1746110612.8245337,1.0
1746110612.842418,1.0
1746110612.8601854,1.0
1746110612.8779488,1.0
1746110612.8957353,1.0
1746110612.9134989,1.0
1746110612.9312754,1.0
1746110612.9490368,1.0
1746110612.966983,1.0
1746110612.986932,1.0
1746110613.0093782,1.0
1746110613.0280921,1.0
1746110613.0463996,1.0
1746110613.0649405,1.0
1746110613.0827687,1.0
1746110613.1007612,1.0
1746110613.118574,1.0
1746110613.1364486,1.0
1746110613.1542652,1.0
1746110613.1721325,1.0
1746110613.1900012,1.0
1746110613.2078726,1.0
1746110613.2256882,1.0
1746110613.2435467,1.0
1746110613.2614639,1.0
1746110613.2793162,1.0
1746110613.297145,1.0
1746110613.3149784,1.0
1746110613.3328266,1.0
1746110613.3507056,1.0
1746110613.3685927,1.0
1746110613.3864317,1.0
1746110613.4042583,1.0
1746110613.4220908,1.0
1746110613.4399657,1.0
1746110613.4578373,1.0
1746110613.4756675,1.0
1746110613.4935083,1.0
1746110613.511377,1.0
1746110613.5292146,1.0
1746110613.5470724,1.0
1746110613.564918,1.0
1746110613.582751,1.0
1746110613.600588,1.0
1746110613.6184263,1.0
1746110613.6363251,1.0
1746110613.6541646,1.0
1746110613.672022,1.0
1746110613.6898916,1.0
1746110613.709616,1.0
1746110613.7273088,1.0
1746110613.745193,1.0
1746110613.7630432,1.0
1746110613.7809494,1.0
1746110613.7988377,1.0
1746110613.8167162,1.0
1746110613.8345573,1.0
1746110613.8524325,1.0
1746110613.8702743,1.0
1746110613.8881216,1.0
1746110613.9059877,1.0
1746110613.9238663,1.0
1746110613.9417093,1.0
1746110613.9599216,1.0
1746110613.979688,1.0
1746110613.9973905,1.0
1746110614.0152469,1.0
1746110614.0336723,1.0
1746110614.052227,1.0
1746110614.070272,1.0
1746110614.0879755,1.0
1746110614.1056783,1.0
1746110614.1234095,1.0
1746110614.1411023,1.0
1746110614.158803,1.0
1746110614.1765165,1.0
1746110614.1942272,1.0
1746110614.2119687,1.0
1746110614.2341235,1.0
1746110614.2518113,1.0
1746110614.269519,1.0
1746110614.2872589,1.0
1746110614.3052754,1.0
1746110614.3229513,1.0
1746110614.3406422,1.0
1746110614.358366,1.0
1746110614.3760924,1.0
1746110614.3937569,1.0
1746110614.4114375,1.0
1746110614.429108,1.0
1746110614.4468474,1.0
1746110614.4645703,1.0
1746110614.4822733,1.0
1746110614.5000083,1.0
1746110614.517709,1.0
1746110614.5354404,1.0
1746110614.5531533,1.0
1746110614.5708587,1.0
1746110614.58923,1.0
1746110614.60692,1.0
1746110614.6246421,1.0
1746110614.642422,1.0
1746110614.660133,1.0
1746110614.677836,1.0
1746110614.6955273,1.0
1746110614.714362,1.0
1746110614.7321057,1.0
1746110614.7498465,1.0
1746110614.767564,1.0
1746110614.785255,1.0
1746110614.8029475,1.0
1746110614.8333807,1.0
1746110614.8511388,1.0
1746110614.8688757,1.0
1746110614.8865867,1.0
1746110614.9043128,1.0
1746110614.9220347,1.0
1746110614.9397733,1.0
1746110614.9576926,1.0
1746110614.977343,1.0
1746110614.995312,1.0
1746110615.0131178,1.0
1746110615.0320213,1.0
1746110615.0499673,1.0
1746110615.0678852,1.0
1746110615.0855994,1.0
1746110615.1033766,1.0
1746110615.1212223,1.0
1746110615.1389992,1.0
1746110615.1567276,1.0
1746110615.1743839,1.0
1746110615.19203,1.0
1746110615.2096767,1.0
1746110615.2273161,1.0
1746110615.2449949,1.0
1746110615.262675,1.0
1746110615.2803042,1.0
1746110615.2979481,1.0
1746110615.3155909,1.0
1746110615.3332355,1.0
1746110615.3508747,1.0
1746110615.3685493,1.0
1746110615.3861642,1.0
1746110615.4038293,1.0
1746110615.4214756,1.0
1746110615.4391248,1.0
1746110615.4567804,1.0
1746110615.4744256,1.0
1746110615.492162,1.0
1746110615.509881,1.0
1746110615.5276093,1.0
1746110615.5453029,1.0
1746110615.563031,1.0
1746110615.5807674,1.0
1746110615.5984993,1.0
1746110615.616204,1.0
1746110615.6339233,1.0
1746110615.651652,1.0
1746110615.6694114,1.0
1746110615.6871798,1.0
1746110615.7062345,1.0
1746110615.7239428,1.0
1746110615.7416847,1.0
1746110615.7594178,1.0
1746110615.7772126,1.0
1746110615.794944,1.0
1746110615.81266,1.0
1746110615.8303723,1.0
1746110615.8482556,1.0
1746110615.8660202,1.0
1746110615.8837876,1.0
1746110615.9015388,1.0
1746110615.919302,1.0
1746110615.9370837,1.0
1746110615.9549494,1.0
1746110615.9732683,1.0
1746110615.9928222,1.0
1746110616.010603,1.0
1746110616.0293534,1.0
1746110616.0473502,1.0
1746110616.065647,1.0
1746110616.0834727,1.0
1746110616.1012552,1.0
1746110616.11919,1.0
1746110616.1369534,1.0
1746110616.1682143,1.0
1746110616.1859488,1.0
1746110616.2037258,1.0
1746110616.221519,1.0
1746110616.2394197,1.0
1746110616.257215,1.0
1746110616.2749753,1.0
1746110616.2927468,1.0
1746110616.310455,1.0
1746110616.3281355,1.0
1746110616.3458061,1.0
1746110616.3634741,1.0
1746110616.3811789,1.0
1746110616.3988683,1.0
1746110616.416564,1.0
1746110616.4342372,1.0
1746110616.4520488,1.0
1746110616.4698207,1.0
1746110616.4875815,1.0
1746110616.505343,1.0
1746110616.5231192,1.0
1746110616.540884,1.0
1746110616.5586622,1.0
1746110616.5763981,1.0
1746110616.594178,1.0
1746110616.6124506,1.0
1746110616.6302078,1.0
1746110616.6479802,1.0
1746110616.6657522,1.0
1746110616.6835294,1.0
1746110616.7012954,1.0
1746110616.7204018,1.0
1746110616.738191,1.0
1746110616.7559488,1.0
1746110616.7736897,1.0
1746110616.791435,1.0
1746110616.8091886,1.0
1746110616.8269374,1.0
1746110616.8447258,1.0
1746110616.8624682,1.0
1746110616.8802292,1.0
1746110616.8979867,1.0
1746110616.9157753,1.0
1746110616.9335208,1.0
1746110616.9512699,1.0
1746110616.969023,1.0
1746110616.988783,1.0
1746110617.0065613,1.0
1746110617.0253358,1.0
1746110617.0430386,1.0
1746110617.0610435,1.0
1746110617.078958,1.0
1746110617.0969145,1.0
1746110617.1146502,1.0
1746110617.1324244,1.0
1746110617.1501653,1.0
1746110617.1678963,1.0
1746110617.1857045,1.0
1746110617.203449,1.0
1746110617.2212098,1.0
1746110617.2389581,1.0
1746110617.2566922,1.0
1746110617.2744215,1.0
1746110617.2921684,1.0
1746110617.3099172,1.0
1746110617.3276489,1.0
1746110617.3453944,1.0
1746110617.3631372,1.0
1746110617.3809237,1.0
1746110617.398671,1.0
1746110617.4164217,1.0
1746110617.434149,1.0
1746110617.4519706,1.0
1746110617.469722,1.0
1746110617.487479,1.0
1746110617.5052156,1.0
1746110617.5229657,1.0
1746110617.5407,1.0
1746110617.5584466,1.0
1746110617.5762308,1.0
1746110617.5939488,1.0
1746110617.6117082,1.0
1746110617.6294372,1.0
1746110617.6472676,1.0
1746110617.6650074,1.0
1746110617.682754,1.0
1746110617.7019854,1.0
1746110617.721388,1.0
1746110617.7391217,1.0
1746110617.75686,1.0
1746110617.7745907,1.0
1746110617.7923448,1.0
1746110617.8099988,1.0
1746110617.8276708,1.0
1746110617.845374,1.0
1746110617.8630471,1.0
1746110617.8807118,1.0
1746110617.8983762,1.0
1746110617.9160686,1.0
1746110617.9337385,1.0
1746110617.9514616,1.0
1746110617.969281,1.0
1746110617.9889123,1.0
1746110618.0065486,1.0
1746110618.0251834,1.0
1746110618.0428164,1.0
1746110618.0607004,1.0
1746110618.0786421,1.0
1746110618.0963154,1.0
1746110618.1140177,1.0
1746110618.131696,1.0
1746110618.1493895,1.0
1746110618.1670823,1.0
1746110618.1847668,1.0
1746110618.2024667,1.0
1746110618.2201493,1.0
1746110618.2378511,1.0
1746110618.2555737,1.0
1746110618.2734199,1.0
1746110618.2911394,1.0
1746110618.3088262,1.0
1746110618.326541,1.0
1746110618.3442738,1.0
1746110618.361956,1.0
1746110618.379663,1.0
1746110618.3973353,1.0
1746110618.4150186,1.0
1746110618.4327114,1.0
1746110618.4504375,1.0
1746110618.4681334,1.0
1746110618.4858325,1.0
1746110618.503545,1.0
1746110618.5212271,1.0
1746110618.5388968,1.0
1746110618.556751,1.0
1746110618.5744696,1.0
1746110618.5921915,1.0
1746110618.609907,1.0
1746110618.628169,1.0
1746110618.6459243,1.0
1746110618.6636393,1.0
1746110618.6813564,1.0
1746110618.6991098,1.0
1746110618.7183597,1.0
1746110618.7360907,1.0
1746110618.7537816,1.0
1746110618.7850454,1.0
1746110618.8027177,1.0
1746110618.8204722,1.0
1746110618.8381567,1.0
1746110618.85593,1.0
1746110618.8736446,1.0
1746110618.8914008,1.0
1746110618.9092422,1.0
1746110618.927014,1.0
1746110618.944751,1.0
1746110618.96272,1.0
1746110618.9827354,1.0
1746110619.0004256,1.0
1746110619.0181384,1.0
1746110619.036586,1.0
1746110619.0544856,1.0
1746110619.0727491,1.0
1746110619.0904517,1.0
1746110619.1081808,1.0
1746110619.1259193,1.0
1746110619.14362,1.0
1746110619.1618695,1.0
1746110619.1796017,1.0
1746110619.197362,1.0
1746110619.2150717,1.0
1746110619.2328236,1.0
1746110619.2537532,1.0
1746110619.271566,1.0
1746110619.2893324,1.0
1746110619.3070748,1.0
1746110619.3248155,1.0
1746110619.3425672,1.0
1746110619.3603098,1.0
1746110619.3780158,1.0
1746110619.3957703,1.0
1746110619.4134934,1.0
1746110619.4319005,1.0
1746110619.449717,1.0
1746110619.4674675,1.0
1746110619.4852946,1.0
1746110619.5030632,1.0
1746110619.52086,1.0
1746110619.5386133,1.0
1746110619.5563612,1.0
1746110619.5741286,1.0
1746110619.5919058,1.0
1746110619.6096382,1.0
1746110619.6273854,1.0
1746110619.6451297,1.0
1746110619.6628866,1.0
1746110619.6807146,1.0
1746110619.6985288,1.0
1746110619.717894,1.0
1746110619.7356536,1.0
1746110619.7533715,1.0
1746110619.7713284,1.0
1746110619.7890525,1.0
1746110619.8069463,1.0
1746110619.824704,1.0
1746110619.8424551,1.0
1746110619.8602195,1.0
1746110619.8779612,1.0
1746110619.8956966,1.0
1746110619.9134457,1.0
1746110619.9312072,1.0
1746110619.9490325,1.0
1746110619.966911,1.0
1746110619.9872172,1.0
1746110620.004951,1.0
1746110620.0236807,1.0
1746110620.0413737,1.0
1746110620.0593686,1.0
1746110620.07735,1.0
1746110620.09512,1.0
1746110620.1128488,1.0
1746110620.1305747,1.0
1746110620.1483319,1.0
1746110620.1660662,1.0
1746110620.1838455,1.0
1746110620.2016084,1.0
1746110620.2193813,1.0
1746110620.237092,1.0
1746110620.2548556,1.0
1746110620.2726119,1.0
1746110620.290361,1.0
1746110620.3080733,1.0
1746110620.3258832,1.0
1746110620.3436098,1.0
1746110620.3613794,1.0
1746110620.3790708,1.0
1746110620.3968344,1.0
1746110620.4145932,1.0
1746110620.432336,1.0
1746110620.4501696,1.0
1746110620.467937,1.0
1746110620.4856668,1.0
1746110620.5053258,1.0
1746110620.5230618,1.0
1746110620.5408297,1.0
1746110620.5585515,1.0
1746110620.5762994,1.0
1746110620.5940993,1.0
1746110620.6118584,1.0
1746110620.6297076,1.0
1746110620.6480062,1.0
1746110620.6657174,1.0
1746110620.6836398,1.0
1746110620.7013602,1.0
1746110620.7204814,1.0
1746110620.7382286,1.0
1746110620.7559426,1.0
1746110620.7737083,1.0
1746110620.7914376,1.0
1746110620.8091984,1.0
1746110620.8269143,1.0
1746110620.8446786,1.0
1746110620.8624065,1.0
1746110620.8801098,1.0
1746110620.8986368,1.0
1746110620.9163804,1.0
1746110620.9341042,1.0
1746110620.9518938,1.0
1746110620.9697137,1.0
1746110620.9896567,1.0
1746110621.0075657,1.0
1746110621.0262089,1.0
1746110621.0440571,1.0
1746110621.0623324,1.0
1746110621.080284,1.0
1746110621.0981376,1.0
1746110621.1159942,1.0
1746110621.1338527,1.0
1746110621.1517205,1.0
1746110621.1695879,1.0
1746110621.1874206,1.0
1746110621.2052739,1.0
1746110621.2237825,1.0
1746110621.2416327,1.0
1746110621.2595491,1.0
1746110621.277489,1.0
1746110621.2953403,1.0
1746110621.3132026,1.0
1746110621.3310857,1.0
1746110621.3489308,1.0
1746110621.3667817,1.0
1746110621.3846936,1.0
1746110621.4025254,1.0
1746110621.4203775,1.0
1746110621.4382343,1.0
1746110621.4560952,1.0
1746110621.4739938,1.0
1746110621.4918177,1.0
1746110621.509702,1.0
1746110621.5275455,1.0
1746110621.5454426,1.0
1746110621.5633214,1.0
1746110621.5811365,1.0
1746110621.5990007,1.0
1746110621.616858,1.0
1746110621.6347115,1.0
1746110621.6526146,1.0
1746110621.6704617,1.0
1746110621.6883821,1.0
1746110621.7074978,1.0
1746110621.7252302,1.0
1746110621.7430663,1.0
1746110621.7610009,1.0
1746110621.7788396,1.0
1746110621.7967398,1.0
1746110621.8145437,1.0
1746110621.8324592,1.0
1746110621.8503373,1.0
1746110621.8682752,1.0
1746110621.8861027,1.0
1746110621.9039667,1.0
1746110621.9217892,1.0
1746110621.9396532,1.0
1746110621.957862,1.0
1746110621.977515,1.0
1746110621.995438,1.0
1746110622.0132947,1.0
1746110622.0321043,1.0
1746110622.0504737,1.0
1746110622.069036,1.0
1746110622.0869365,1.0
1746110622.1048074,1.0
1746110622.1226404,1.0
1746110622.1405292,1.0
1746110622.1584034,1.0
1746110622.1762855,1.0
1746110622.194134,1.0
1746110622.212041,1.0
1746110622.2298653,1.0
1746110622.247853,1.0
1746110622.2657137,1.0
1746110622.2835863,1.0
1746110622.301439,1.0
1746110622.3193038,1.0
1746110622.3371372,1.0
1746110622.354997,1.0
1746110622.3728702,1.0
1746110622.390722,1.0
1746110622.4085288,1.0
1746110622.426376,1.0
1746110622.4442537,1.0
1746110622.4621904,1.0
1746110622.4800024,1.0
1746110622.497885,1.0
1746110622.5157692,1.0
1746110622.5336215,1.0
1746110622.551467,1.0
1746110622.5693347,1.0
1746110622.5871437,1.0
1746110622.6053438,1.0
1746110622.623209,1.0
1746110622.6410596,1.0
1746110622.6595771,1.0
1746110622.677422,1.0
1746110622.6952877,1.0
1746110622.714599,1.0
1746110622.7324388,1.0
1746110622.7503543,1.0
1746110622.7682593,1.0
1746110622.7861316,1.0
1746110622.8040438,1.0
1746110622.8218868,1.0
1746110622.8397758,1.0
1746110622.8579853,1.0
1746110622.875951,1.0
1746110622.8939295,1.0
1746110622.911866,1.0
1746110622.9297833,1.0
1746110622.9477139,1.0
1746110622.9657986,1.0
1746110622.9861727,1.0
1746110623.0091918,1.0
1746110623.028166,1.0
1746110623.0460427,1.0
1746110623.0647218,1.0
1746110623.0826476,1.0
1746110623.1005576,1.0
1746110623.1184301,1.0
1746110623.136333,1.0
1746110623.1542284,1.0
1746110623.1721525,1.0
1746110623.1900275,1.0
1746110623.2079694,1.0
1746110623.2258162,1.0
1746110623.243723,1.0
1746110623.2617762,1.0
1746110623.2796793,1.0
1746110623.2975855,1.0
1746110623.315538,1.0
1746110623.3334162,1.0
1746110623.3513684,1.0
1746110623.3692677,1.0
1746110623.3872042,1.0
1746110623.405093,1.0
1746110623.423019,1.0
1746110623.4409103,1.0
1746110623.4588633,1.0
1746110623.47676,1.0
1746110623.4946392,1.0
1746110623.5125017,1.0
1746110623.5304363,1.0
1746110623.5483692,1.0
1746110623.5663054,1.0
1746110623.5842447,1.0
1746110623.602138,1.0
1746110623.6200101,1.0
1746110623.6379492,1.0
1746110623.6558363,1.0
1746110623.6737533,1.0
1746110623.691668,1.0
1746110623.7106848,1.0
1746110623.7283602,1.0
1746110623.7462978,1.0
1746110623.7642572,1.0
1746110623.7822473,1.0
1746110623.8001509,1.0
1746110623.818038,1.0
1746110623.8359125,1.0
1746110623.8538516,1.0
1746110623.871732,1.0
1746110623.8896344,1.0
1746110623.9075253,1.0
1746110623.9255013,1.0
1746110623.943427,1.0
1746110623.9614477,1.0
1746110623.9805222,1.0
1746110623.9986,1.0
1746110624.0165477,1.0
1746110624.0355377,1.0
1746110624.0536118,1.0
1746110624.0721893,1.0
1746110624.090114,1.0
1746110624.1079843,1.0
1746110624.1258945,1.0
1746110624.143803,1.0
1746110624.1617007,1.0
1746110624.179617,1.0
1746110624.1974895,1.0
1746110624.215446,1.0
1746110624.233311,1.0
1746110624.25121,1.0
1746110624.2718601,1.0
1746110624.2906573,1.0
1746110624.3085935,1.0
1746110624.3265214,1.0
1746110624.3444295,1.0
1746110624.362321,1.0
1746110624.380234,1.0
1746110624.3981078,1.0
1746110624.4160688,1.0
1746110624.433905,1.0
1746110624.451845,1.0
1746110624.4697595,1.0
1746110624.4877026,1.0
1746110624.5056112,1.0
1746110624.523496,1.0
1746110624.541922,1.0
1746110624.5598083,1.0
1746110624.577643,1.0
1746110624.595567,1.0
1746110624.6134036,1.0
1746110624.6317315,1.0
1746110624.6496081,1.0
1746110624.6678572,1.0
1746110624.6857817,1.0
1746110624.703713,1.0
1746110624.7229455,1.0
1746110624.740874,1.0
1746110624.7587748,1.0
1746110624.7766588,1.0
1746110624.794534,1.0
1746110624.81243,1.0
1746110624.8303504,1.0
1746110624.848215,1.0
1746110624.8661408,1.0
1746110624.8840225,1.0
1746110624.9019613,1.0
1746110624.9198623,1.0
1746110624.9378104,1.0
1746110624.955804,1.0
1746110624.9747915,1.0
1746110624.9939559,1.0
1746110625.011933,1.0
1746110625.0310311,1.0
1746110625.048982,1.0
1746110625.0679164,1.0
1746110625.0858874,1.0
1746110625.1038167,1.0
1746110625.1217275,1.0
1746110625.1396573,1.0
1746110625.157574,1.0
1746110625.1754484,1.0
1746110625.193347,1.0
1746110625.2112193,1.0
1746110625.2290962,1.0
1746110625.246998,1.0
1746110625.2650197,1.0
1746110625.282944,1.0
1746110625.3008642,1.0
1746110625.3187697,1.0
1746110625.3366332,1.0
1746110625.3545675,1.0
1746110625.3724916,1.0
1746110625.390403,1.0
1746110625.4082835,1.0
1746110625.426206,1.0
1746110625.4441001,1.0
1746110625.4620132,1.0
1746110625.4798887,1.0
1746110625.4977837,1.0
1746110625.5157292,1.0
1746110625.5336444,1.0
1746110625.5515203,1.0
1746110625.5694735,1.0
1746110625.5873196,1.0
1746110625.6052575,1.0
1746110625.623119,1.0
1746110625.6410291,1.0
1746110625.6589065,1.0
1746110625.6768334,1.0
1746110625.6946733,1.0
1746110625.7139876,1.0
1746110625.7319012,1.0
1746110625.7498453,1.0
1746110625.767783,1.0
1746110625.7856894,1.0
1746110625.803621,1.0
1746110625.8214965,1.0
1746110625.8394146,1.0
1746110625.8573074,1.0
1746110625.8752444,1.0
1746110625.8931308,1.0
1746110625.9110718,1.0
1746110625.928938,1.0
1746110625.9468646,1.0
1746110625.964944,1.0
1746110625.985772,1.0
1746110626.0097218,1.0
1746110626.0352066,1.0
1746110626.0534678,1.0
1746110626.0718644,1.0
1746110626.0898213,1.0
1746110626.1077726,1.0
1746110626.125704,1.0
1746110626.1436903,1.0
1746110626.1616633,1.0
1746110626.1796114,1.0
1746110626.1975625,1.0
1746110626.2155335,1.0
1746110626.2334898,1.0
1746110626.2514374,1.0
1746110626.2693968,1.0
1746110626.2873316,1.0
1746110626.3052711,1.0
1746110626.323189,1.0
1746110626.3410702,1.0
1746110626.3590655,1.0
1746110626.377068,1.0
1746110626.395001,1.0
1746110626.4129605,1.0
1746110626.4308903,1.0
1746110626.4488392,1.0
1746110626.466859,1.0
1746110626.4847593,1.0
1746110626.5024617,1.0
1746110626.5201602,1.0
1746110626.537855,1.0
1746110626.5555773,1.0
1746110626.5732791,1.0
1746110626.5909696,1.0
1746110626.6086457,1.0
1746110626.6262846,1.0
1746110626.6439488,1.0
1746110626.6615858,1.0
1746110626.6792755,1.0
1746110626.6974635,1.0
1746110626.7169135,1.0
1746110626.7346358,1.0
1746110626.752308,1.0
1746110626.7701259,1.0
1746110626.7879179,1.0
1746110626.805721,1.0
1746110626.8235567,1.0
1746110626.8413343,1.0
1746110626.8591535,1.0
1746110626.876964,1.0
1746110626.8947682,1.0
1746110626.912564,1.0
1746110626.9303367,1.0
1746110626.948127,1.0
1746110626.9662387,1.0
1746110626.9857461,1.0
1746110627.0035598,1.0
1746110627.0216892,1.0
1746110627.0398579,1.0
1746110627.0578713,1.0
1746110627.0762358,1.0
1746110627.094121,1.0
1746110627.111978,1.0
1746110627.1298244,1.0
1746110627.1476567,1.0
1746110627.1654682,1.0
1746110627.1833456,1.0
1746110627.2011213,1.0
1746110627.2189333,1.0
1746110627.2367966,1.0
1746110627.254612,1.0
1746110627.2724495,1.0
1746110627.2902758,1.0
1746110627.3081148,1.0
1746110627.325917,1.0
1746110627.3437788,1.0
1746110627.3615775,1.0
1746110627.3794088,1.0
1746110627.3972163,1.0
1746110627.4150019,1.0
1746110627.4328191,1.0
1746110627.4506118,1.0
1746110627.4685068,1.0
1746110627.4862688,1.0
1746110627.5040689,1.0
1746110627.5218732,1.0
1746110627.539695,1.0
1746110627.5575416,1.0
1746110627.5753965,1.0
1746110627.5931973,1.0
1746110627.6109927,1.0
1746110627.628812,1.0
1746110627.6466432,1.0
1746110627.66447,1.0
1746110627.6822844,1.0
1746110627.707226,1.0
1746110627.731784,1.0
1746110627.7496107,1.0
1746110627.7674348,1.0
1746110627.7852876,1.0
1746110627.8030846,1.0
1746110627.8209178,1.0
1746110627.838718,1.0
1746110627.8565404,1.0
1746110627.87435,1.0
1746110627.8921704,1.0
1746110627.9099889,1.0
1746110627.9277494,1.0
1746110627.9455202,1.0
1746110627.9636977,1.0
1746110627.9832606,1.0
1746110628.0009637,1.0
1746110628.0192275,1.0
1746110628.037463,1.0
1746110628.0555034,1.0
1746110628.0739102,1.0
1746110628.0917811,1.0
1746110628.109615,1.0
1746110628.1274803,1.0
1746110628.145319,1.0
1746110628.1631858,1.0
1746110628.1810114,1.0
1746110628.1988597,1.0
1746110628.2166915,1.0
1746110628.2345598,1.0
1746110628.2524505,1.0
1746110628.270509,1.0
1746110628.2883403,1.0
1746110628.3062007,1.0
1746110628.3240235,1.0
1746110628.341834,1.0
1746110628.3596542,1.0
1746110628.3774893,1.0
1746110628.3953047,1.0
1746110628.4131181,1.0
1746110628.4309607,1.0
1746110628.4488142,1.0
1746110628.4666522,1.0
1746110628.484513,1.0
1746110628.5023303,1.0
1746110628.5201435,1.0
1746110628.537973,1.0
1746110628.5558164,1.0
1746110628.573619,1.0
1746110628.591458,1.0
1746110628.6092818,1.0
1746110628.627101,1.0
1746110628.6449032,1.0
1746110628.6627743,1.0
1746110628.6805973,1.0
1746110628.6988537,1.0
1746110628.7181568,1.0
1746110628.7360005,1.0
1746110628.7538097,1.0
1746110628.7716482,1.0
1746110628.7894444,1.0
1746110628.8072824,1.0
1746110628.82509,1.0
1746110628.8428998,1.0
1746110628.86077,1.0
1746110628.878602,1.0
1746110628.896425,1.0
1746110628.9142659,1.0
1746110628.9320912,1.0
1746110628.9499226,1.0
1746110628.9678252,1.0
1746110628.9884226,1.0
1746110629.0062578,1.0
1746110629.0249066,1.0
1746110629.0427113,1.0
1746110629.060931,1.0
1746110629.0786994,1.0
1746110629.0965319,1.0
1746110629.1143572,1.0
1746110629.132174,1.0
1746110629.1499624,1.0
1746110629.1678047,1.0
1746110629.1856427,1.0
1746110629.2034714,1.0
1746110629.2213047,1.0
1746110629.2390904,1.0
1746110629.2569394,1.0
1746110629.2751143,1.0
1746110629.2940433,1.0
1746110629.311888,1.0
1746110629.329696,1.0
1746110629.347525,1.0
1746110629.3653347,1.0
1746110629.383188,1.0
1746110629.4017901,1.0
1746110629.419638,1.0
1746110629.4374702,1.0
1746110629.4552257,1.0
1746110629.4729614,1.0
1746110629.4907196,1.0
1746110629.5084965,1.0
1746110629.5264177,1.0
1746110629.5441792,1.0
1746110629.561906,1.0
1746110629.579652,1.0
1746110629.5974195,1.0
1746110629.615177,1.0
1746110629.6329596,1.0
1746110629.650748,1.0
1746110629.6690147,1.0
1746110629.6868572,1.0
1746110629.7058425,1.0
1746110629.7237782,1.0
1746110629.741528,1.0
1746110629.7593172,1.0
1746110629.7770844,1.0
1746110629.79482,1.0
1746110629.8125288,1.0
1746110629.8302615,1.0
1746110629.8479953,1.0
1746110629.865773,1.0
1746110629.8835387,1.0
1746110629.901245,1.0
1746110629.9189615,1.0
1746110629.936678,1.0
1746110629.955253,1.0
1746110629.9733806,1.0
1746110629.9924066,1.0
1746110630.0101256,1.0
1746110630.028524,1.0
1746110630.046259,1.0
1746110630.064762,1.0
1746110630.0826516,1.0
1746110630.1004043,1.0
1746110630.1181214,1.0
1746110630.135889,1.0
1746110630.1535878,1.0
1746110630.17136,1.0
1746110630.1891167,1.0
1746110630.2068737,1.0
1746110630.2246761,1.0
1746110630.2424502,1.0
1746110630.2603722,1.0
1746110630.278122,1.0
1746110630.2958472,1.0
1746110630.3135822,1.0
1746110630.331336,1.0
1746110630.349106,1.0
1746110630.3668382,1.0
1746110630.3845983,1.0
1746110630.4024174,1.0
1746110630.4201558,1.0
1746110630.4379294,1.0
1746110630.455673,1.0
1746110630.4734821,1.0
1746110630.4912853,1.0
1746110630.5090404,1.0
1746110630.5267973,1.0
1746110630.5445354,1.0
1746110630.5622582,1.0
1746110630.5799956,1.0
1746110630.5977383,1.0
1746110630.6155107,1.0
1746110630.6333163,1.0
1746110630.6510634,1.0
1746110630.6688774,1.0
1746110630.6866102,1.0
1746110630.704351,1.0
1746110630.7237968,1.0
1746110630.7415648,1.0
1746110630.7593086,1.0
1746110630.7770946,1.0
1746110630.7948244,1.0
1746110630.8125873,1.0
1746110630.8303523,1.0
1746110630.8481328,1.0
1746110630.8659444,1.0
1746110630.883698,1.0
1746110630.9014268,1.0
1746110630.9192173,1.0
1746110630.9369488,1.0
1746110630.9547565,1.0
1746110630.9727042,1.0
1746110630.991727,1.0
1746110631.0095663,1.0
1746110631.0280023,1.0
1746110631.04577,1.0
1746110631.0643792,1.0
1746110631.082177,1.0
1746110631.1002457,1.0
1746110631.1183004,1.0
1746110631.1363423,1.0
1746110631.154361,1.0
1746110631.1724374,1.0
1746110631.1905031,1.0
1746110631.2085354,1.0
1746110631.2266161,1.0
1746110631.2446647,1.0
1746110631.2626936,1.0
1746110631.280743,1.0
1746110631.298744,1.0
1746110631.3168025,1.0
1746110631.3348248,1.0
1746110631.3528466,1.0
1746110631.370999,1.0
1746110631.3890274,1.0
1746110631.4070523,1.0
1746110631.425095,1.0
1746110631.4431317,1.0
1746110631.4611983,1.0
1746110631.4792964,1.0
1746110631.4972944,1.0
1746110631.5153708,1.0
1746110631.533444,1.0
1746110631.5514753,1.0
1746110631.569511,1.0
1746110631.5875068,1.0
1746110631.6055734,1.0
1746110631.6236398,1.0
1746110631.641644,1.0
1746110631.6596935,1.0
1746110631.677775,1.0
1746110631.6958246,1.0
1746110631.7150652,1.0
1746110631.7330747,1.0
1746110631.751106,1.0
1746110631.769226,1.0
1746110631.7873058,1.0
1746110631.8054297,1.0
1746110631.8235366,1.0
1746110631.8416576,1.0
1746110631.859759,1.0
1746110631.8778498,1.0
1746110631.896007,1.0
1746110631.914065,1.0
1746110631.9321892,1.0
1746110631.9502716,1.0
1746110631.9686346,1.0
1746110631.9886227,1.0
1746110632.0068402,1.0
1746110632.025934,1.0
1746110632.0440137,1.0
1746110632.0630894,1.0
1746110632.0809608,1.0
1746110632.0991895,1.0
1746110632.1173325,1.0
1746110632.1353958,1.0
1746110632.1535125,1.0
1746110632.1715896,1.0
1746110632.1896715,1.0
1746110632.2077034,1.0
1746110632.2257915,1.0
1746110632.2439086,1.0
1746110632.2620366,1.0
1746110632.280221,1.0
1746110632.2982736,1.0
1746110632.3163548,1.0
1746110632.3344305,1.0
1746110632.3524435,1.0
1746110632.3704755,1.0
1746110632.3885787,1.0
1746110632.4067085,1.0
1746110632.4248054,1.0
1746110632.4429207,1.0
1746110632.460962,1.0
1746110632.4791076,1.0
1746110632.4972427,1.0
1746110632.515369,1.0
1746110632.5334942,1.0
1746110632.5516112,1.0
1746110632.5697064,1.0
1746110632.5878198,1.0
1746110632.6059074,1.0
1746110632.6239915,1.0
1746110632.6421409,1.0
1746110632.6602535,1.0
1746110632.678356,1.0
1746110632.696454,1.0
1746110632.7158592,1.0
1746110632.7346342,1.0
1746110632.7529168,1.0
1746110632.7711751,1.0
1746110632.7894342,1.0
1746110632.8076835,1.0
1746110632.8259714,1.0
1746110632.8442125,1.0
1746110632.862515,1.0
1746110632.880783,1.0
1746110632.8990269,1.0
1746110632.9310117,1.0
1746110632.949244,1.0
1746110632.967792,1.0
1746110632.9884763,1.0
1746110633.012078,1.0
1746110633.031401,1.0
1746110633.0496514,1.0
1746110633.0686038,1.0
1746110633.0868464,1.0
1746110633.1051004,1.0
1746110633.123406,1.0
1746110633.1416914,1.0
1746110633.1598923,1.0
1746110633.178174,1.0
1746110633.1964328,1.0
1746110633.2146585,1.0
1746110633.2329504,1.0
1746110633.251261,1.0
1746110633.269593,1.0
1746110633.2878306,1.0
1746110633.306077,1.0
1746110633.32431,1.0
1746110633.3425722,1.0
1746110633.3608446,1.0
1746110633.3790789,1.0
1746110633.3973434,1.0
1746110633.4155645,1.0
1746110633.43386,1.0
1746110633.45208,1.0
1746110633.470374,1.0
1746110633.488685,1.0
1746110633.5068996,1.0
1746110633.5251791,1.0
1746110633.5434468,1.0
1746110633.561724,1.0
1746110633.5799353,1.0
1746110633.5982292,1.0
1746110633.6164813,1.0
1746110633.6347156,1.0
1746110633.652992,1.0
1746110633.671272,1.0
1746110633.6895242,1.0
1746110633.7097423,1.0
1746110633.7276382,1.0
1746110633.7459865,1.0
1746110633.7642927,1.0
1746110633.782542,1.0
1746110633.8008413,1.0
1746110633.819058,1.0
1746110633.8373241,1.0
1746110633.8554952,1.0
1746110633.8739095,1.0
1746110633.8921697,1.0
1746110633.9103758,1.0
1746110633.928706,1.0
1746110633.9469256,1.0
1746110633.9658906,1.0
1746110633.9856238,1.0
1746110634.0037704,1.0
1746110634.0224297,1.0
1746110634.0409515,1.0
1746110634.0593715,1.0
1746110634.07788,1.0
1746110634.0961726,1.0
1746110634.1144617,1.0
1746110634.1326778,1.0
1746110634.150949,1.0
1746110634.1692307,1.0
1746110634.1874785,1.0
1746110634.2057693,1.0
1746110634.223935,1.0
1746110634.2422175,1.0
1746110634.2604067,1.0
1746110634.2786276,1.0
1746110634.2982516,1.0
1746110634.316969,1.0
1746110634.3351853,1.0
1746110634.3533795,1.0
1746110634.371609,1.0
1746110634.3898041,1.0
1746110634.4080255,1.0
1746110634.426199,1.0
1746110634.4444058,1.0
1746110634.46261,1.0
1746110634.4808009,1.0
1746110634.4989913,1.0
1746110634.5172205,1.0
1746110634.536196,1.0
1746110634.5544088,1.0
1746110634.5725863,1.0
1746110634.5907607,1.0
1746110634.6089537,1.0
1746110634.6271496,1.0
1746110634.64532,1.0
1746110634.6634896,1.0
1746110634.6817608,1.0
1746110634.6999807,1.0
1746110634.7199235,1.0
1746110634.738188,1.0
1746110634.756864,1.0
1746110634.775076,1.0
1746110634.7931304,1.0
1746110634.8112059,1.0
1746110634.8292475,1.0
1746110634.8472884,1.0
1746110634.8653486,1.0
1746110634.8834834,1.0
1746110634.901551,1.0
1746110634.919605,1.0
1746110634.9376864,1.0
1746110634.9559026,1.0
1746110634.9761708,1.0
1746110634.9950192,1.0
1746110635.0129123,1.0
1746110635.0315068,1.0
1746110635.0493116,1.0
1746110635.0677676,1.0
1746110635.0855474,1.0
1746110635.1034021,1.0
1746110635.1211736,1.0
1746110635.1393216,1.0
1746110635.1572335,1.0
1746110635.1749184,1.0
1746110635.1926577,1.0
1746110635.210371,1.0
1746110635.2281115,1.0
1746110635.2458148,1.0
1746110635.2634947,1.0
1746110635.2812243,1.0
1746110635.298926,1.0
1746110635.3166177,1.0
1746110635.3342843,1.0
1746110635.3520057,1.0
1746110635.369708,1.0
1746110635.3874068,1.0
1746110635.405106,1.0
1746110635.4228158,1.0
1746110635.4405007,1.0
1746110635.458209,1.0
1746110635.4759452,1.0
1746110635.49366,1.0
1746110635.5113876,1.0
1746110635.5290766,1.0
1746110635.5467963,1.0
1746110635.5645757,1.0
1746110635.582301,1.0
1746110635.600066,1.0
1746110635.6177473,1.0
1746110635.6354814,1.0
1746110635.653177,1.0
1746110635.6709828,1.0
1746110635.6886635,1.0
1746110635.7076907,1.0
1746110635.725453,1.0
1746110635.743236,1.0
1746110635.76093,1.0
1746110635.778664,1.0
1746110635.7963564,1.0
1746110635.8140345,1.0
1746110635.8317356,1.0
1746110635.849424,1.0
1746110635.8670902,1.0
1746110635.884764,1.0
1746110635.9024248,1.0
1746110635.9201608,1.0
1746110635.9378393,1.0
1746110635.9555717,1.0
1746110635.9736626,1.0
1746110635.9927626,1.0
1746110636.0105667,1.0
1746110636.0291462,1.0
1746110636.0468557,1.0
1746110636.065058,1.0
1746110636.082735,1.0
1746110636.1004965,1.0
1746110636.118213,1.0
1746110636.1359432,1.0
1746110636.153632,1.0
1746110636.1715937,1.0
1746110636.1893063,1.0
1746110636.2070305,1.0
1746110636.2247405,1.0
1746110636.2425098,1.0
1746110636.2601972,1.0
1746110636.278061,1.0
1746110636.2957814,1.0
1746110636.3135219,1.0
1746110636.331218,1.0
1746110636.3489287,1.0
1746110636.3666735,1.0
1746110636.384434,1.0
1746110636.4021704,1.0
1746110636.419897,1.0
1746110636.4376173,1.0
1746110636.4553626,1.0
1746110636.4730475,1.0
1746110636.4907277,1.0
1746110636.508469,1.0
1746110636.5261884,1.0
1746110636.5439847,1.0
1746110636.5618708,1.0
1746110636.5796764,1.0
1746110636.5974526,1.0
1746110636.6152916,1.0
1746110636.6331298,1.0
1746110636.6509647,1.0
1746110636.668791,1.0
1746110636.686659,1.0
1746110636.7056694,1.0
1746110636.7238548,1.0
1746110636.741786,1.0
1746110636.7603202,1.0
1746110636.7781494,1.0
1746110636.7960787,1.0
1746110636.8140218,1.0
1746110636.8319862,1.0
1746110636.849982,1.0
1746110636.8679585,1.0
1746110636.8859115,1.0
1746110636.9038937,1.0
1746110636.9218335,1.0
1746110636.9398181,1.0
1746110636.9581666,1.0
1746110636.9771492,1.0
1746110636.9955318,1.0
1746110637.0135,1.0
1746110637.0323725,1.0
1746110637.0502958,1.0
1746110637.0685322,1.0
1746110637.0866742,1.0
1746110637.1046302,1.0
1746110637.122627,1.0
1746110637.1406126,1.0
1746110637.1585925,1.0
1746110637.1773055,1.0
1746110637.1952727,1.0
1746110637.2132504,1.0
1746110637.231236,1.0
1746110637.2492023,1.0
1746110637.2671072,1.0
1746110637.2850657,1.0
1746110637.3030093,1.0
1746110637.3209436,1.0
1746110637.3389158,1.0
1746110637.356854,1.0
1746110637.374776,1.0
1746110637.3926718,1.0
1746110637.4105947,1.0
1746110637.428558,1.0
1746110637.446455,1.0
1746110637.464393,1.0
1746110637.4823287,1.0
1746110637.5002806,1.0
1746110637.5181656,1.0
1746110637.5360916,1.0
1746110637.553984,1.0
1746110637.5719028,1.0
1746110637.589755,1.0
1746110637.6076918,1.0
1746110637.6255538,1.0
1746110637.6434934,1.0
1746110637.6613445,1.0
1746110637.679322,1.0
1746110637.6971714,1.0
1746110637.71639,1.0
1746110637.7343144,1.0
1746110637.7523184,1.0
1746110637.7702346,1.0
1746110637.7881553,1.0
1746110637.8060644,1.0
1746110637.8240178,1.0
1746110637.841908,1.0
1746110637.859847,1.0
1746110637.8777995,1.0
1746110637.8957691,1.0
1746110637.91367,1.0
1746110637.9315915,1.0
1746110637.9495049,1.0
1746110637.9676137,1.0
1746110637.9877107,1.0
1746110638.0056052,1.0
1746110638.024356,1.0
1746110638.042156,1.0
1746110638.060417,1.0
1746110638.078551,1.0
1746110638.096514,1.0
1746110638.1144226,1.0
1746110638.1323967,1.0
1746110638.1502752,1.0
1746110638.1682796,1.0
1746110638.1861756,1.0
1746110638.2042017,1.0
1746110638.2220757,1.0
1746110638.240011,1.0
1746110638.2579827,1.0
1746110638.2759948,1.0
1746110638.2938783,1.0
1746110638.3118224,1.0
1746110638.3297164,1.0
1746110638.347688,1.0
1746110638.365604,1.0
1746110638.3834906,1.0
1746110638.4013708,1.0
1746110638.4192996,1.0
1746110638.437172,1.0
1746110638.4551222,1.0
1746110638.473012,1.0
1746110638.4909778,1.0
1746110638.50889,1.0
1746110638.5268025,1.0
1746110638.544742,1.0
1746110638.5626433,1.0
1746110638.580547,1.0
1746110638.5984464,1.0
1746110638.616409,1.0
1746110638.6343403,1.0
1746110638.6522293,1.0
1746110638.6701276,1.0
1746110638.6880355,1.0
1746110638.7073853,1.0
1746110638.7250824,1.0
1746110638.7429605,1.0
1746110638.760883,1.0
1746110638.7792134,1.0
1746110638.7970703,1.0
1746110638.8149984,1.0
1746110638.8329134,1.0
1746110638.8508036,1.0
1746110638.8687155,1.0
1746110638.8866794,1.0
1746110638.9046545,1.0
1746110638.9225402,1.0
1746110638.9405425,1.0
1746110638.9585826,1.0
1746110638.978507,1.0
1746110638.9962728,1.0
1746110639.0143423,1.0
1746110639.033352,1.0
1746110639.0513926,1.0
1746110639.069996,1.0
1746110639.0880637,1.0
1746110639.1060572,1.0
1746110639.1241038,1.0
1746110639.1421547,1.0
1746110639.1601896,1.0
1746110639.1782813,1.0
1746110639.1962988,1.0
1746110639.2143354,1.0
1746110639.2323897,1.0
1746110639.25043,1.0
1746110639.2685432,1.0
1746110639.2866561,1.0
1746110639.3046906,1.0
1746110639.3250377,1.0
1746110639.3432808,1.0
1746110639.3614545,1.0
1746110639.3797126,1.0
1746110639.397961,1.0
1746110639.4161766,1.0
1746110639.4343407,1.0
1746110639.4525301,1.0
1746110639.4707124,1.0
1746110639.4890053,1.0
1746110639.5071921,1.0
1746110639.5253708,1.0
1746110639.5435648,1.0
1746110639.5617301,1.0
1746110639.5799217,1.0
1746110639.5980914,1.0
1746110639.616303,1.0
1746110639.634499,1.0
1746110639.6533134,1.0
1746110639.671508,1.0
1746110639.6897085,1.0
1746110639.7096312,1.0
1746110639.7274532,1.0
1746110639.7456212,1.0
1746110639.7638047,1.0
1746110639.782147,1.0
1746110639.800299,1.0
1746110639.8184924,1.0
1746110639.836653,1.0
1746110639.854929,1.0
1746110639.8734603,1.0
1746110639.8917458,1.0
1746110639.9098802,1.0
1746110639.9280686,1.0
1746110639.9462473,1.0
1746110639.9646037,1.0
1746110639.9853115,1.0
1746110640.0034375,1.0
1746110640.0225759,1.0
1746110640.040369,1.0
1746110640.0584197,1.0
1746110640.0764265,1.0
1746110640.0942805,1.0
1746110640.1121619,1.0
1746110640.1299882,1.0
1746110640.1478052,1.0
1746110640.1663835,1.0
1746110640.1842265,1.0
1746110640.2019992,1.0
1746110640.219841,1.0
1746110640.2375824,1.0
1746110640.2553525,1.0
1746110640.2730746,1.0
1746110640.2909017,1.0
1746110640.308643,1.0
1746110640.3263137,1.0
1746110640.3440166,1.0
1746110640.36177,1.0
1746110640.3794954,1.0
1746110640.3971846,1.0
1746110640.4149227,1.0
1746110640.4326599,1.0
1746110640.450366,1.0
1746110640.4680676,1.0
1746110640.485802,1.0
1746110640.503524,1.0
1746110640.5212412,1.0
1746110640.5389862,1.0
1746110640.556717,1.0
1746110640.5744684,1.0
1746110640.5923214,1.0
1746110640.6101425,1.0
1746110640.6279924,1.0
1746110640.6458395,1.0
1746110640.6636353,1.0
1746110640.6815593,1.0
1746110640.6993966,1.0
1746110640.7185504,1.0
1746110640.7363737,1.0
1746110640.7541595,1.0
1746110640.7719684,1.0
1746110640.7897556,1.0
1746110640.8081534,1.0
1746110640.8259587,1.0
1746110640.8437436,1.0
1746110640.861539,1.0
1746110640.8793123,1.0
1746110640.8971295,1.0
1746110640.9148624,1.0
1746110640.9326496,1.0
1746110640.950394,1.0
1746110640.9682226,1.0
1746110640.9889305,1.0
1746110641.006677,1.0
1746110641.025585,1.0
1746110641.043344,1.0
1746110641.0612633,1.0
1746110641.079059,1.0
1746110641.0968075,1.0
1746110641.1145647,1.0
1746110641.1323283,1.0
1746110641.150079,1.0
1746110641.1678638,1.0
1746110641.1856365,1.0
1746110641.2033935,1.0
1746110641.2211454,1.0
1746110641.238895,1.0
1746110641.2566583,1.0
1746110641.2744238,1.0
1746110641.292289,1.0
1746110641.310057,1.0
1746110641.3278103,1.0
1746110641.3455987,1.0
1746110641.3633528,1.0
1746110641.3812275,1.0
1746110641.3989677,1.0
1746110641.4168153,1.0
1746110641.4345431,1.0
1746110641.4523296,1.0
1746110641.4700568,1.0
1746110641.4878757,1.0
1746110641.5056348,1.0
1746110641.5234072,1.0
1746110641.5411315,1.0
1746110641.5588536,1.0
1746110641.5766027,1.0
1746110641.5943706,1.0
1746110641.6122115,1.0
1746110641.629955,1.0
1746110641.6477177,1.0
1746110641.6654398,1.0
1746110641.683174,1.0
1746110641.7009394,1.0
1746110641.7200096,1.0
1746110641.737788,1.0
1746110641.7554932,1.0
1746110641.7732806,1.0
1746110641.7910347,1.0
1746110641.808788,1.0
1746110641.8265257,1.0
1746110641.8443234,1.0
1746110641.862077,1.0
1746110641.8798454,1.0
1746110641.8976326,1.0
1746110641.9154675,1.0
1746110641.933229,1.0
1746110641.9510036,1.0
1746110641.9687524,1.0
1746110641.989534,1.0
1746110642.007373,1.0
1746110642.026467,1.0
1746110642.0442588,1.0
1746110642.0621836,1.0
1746110642.0801058,1.0
1746110642.097951,1.0
1746110642.1157384,1.0
1746110642.1334803,1.0
1746110642.151256,1.0
1746110642.1689754,1.0
1746110642.1867297,1.0
1746110642.2044866,1.0
1746110642.2222285,1.0
1746110642.2399502,1.0
1746110642.257721,1.0
1746110642.275526,1.0
1746110642.2933097,1.0
1746110642.3110044,1.0
1746110642.3287706,1.0
1746110642.3464806,1.0
1746110642.364251,1.0
1746110642.3819473,1.0
1746110642.3996692,1.0
1746110642.4173968,1.0
1746110642.4351385,1.0
1746110642.4528532,1.0
1746110642.4705815,1.0
1746110642.4883225,1.0
1746110642.5060437,1.0
1746110642.5237703,1.0
1746110642.541558,1.0
1746110642.5593002,1.0
1746110642.5770206,1.0
1746110642.5947394,1.0
1746110642.612491,1.0
1746110642.6302788,1.0
1746110642.6480808,1.0
1746110642.6658304,1.0
1746110642.6836045,1.0
1746110642.701315,1.0
1746110642.7203572,1.0
1746110642.738126,1.0
1746110642.7558954,1.0
1746110642.7736886,1.0
1746110642.7914476,1.0
1746110642.8097465,1.0
1746110642.8275287,1.0
1746110642.8452513,1.0
1746110642.8630025,1.0
1746110642.8807752,1.0
1746110642.8985434,1.0
1746110642.9162714,1.0
1746110642.9340098,1.0
1746110642.9518244,1.0
1746110642.969492,1.0
1746110642.9902291,1.0
1746110643.0142725,1.0
1746110643.0319405,1.0
1746110643.0496662,1.0
1746110643.067872,1.0
1746110643.0856829,1.0
1746110643.1034439,1.0
1746110643.121163,1.0
1746110643.1389043,1.0
1746110643.1566765,1.0
1746110643.1743958,1.0
1746110643.1921182,1.0
1746110643.2098815,1.0
1746110643.2276115,1.0
1746110643.245548,1.0
1746110643.263455,1.0
1746110643.2811632,1.0
1746110643.2988954,1.0
1746110643.316651,1.0
1746110643.3343792,1.0
1746110643.3521364,1.0
1746110643.3699112,1.0
1746110643.3876836,1.0
1746110643.405444,1.0
1746110643.4231844,1.0
1746110643.4409876,1.0
1746110643.4587407,1.0
1746110643.4764988,1.0
1746110643.4943218,1.0
1746110643.5121107,1.0
1746110643.5298865,1.0
1746110643.5476577,1.0
1746110643.5654466,1.0
1746110643.5832338,1.0
1746110643.6009946,1.0
1746110643.6187577,1.0
1746110643.6365411,1.0
1746110643.6543279,1.0
1746110643.672095,1.0
1746110643.6899416,1.0
1746110643.7089815,1.0
1746110643.7266376,1.0
1746110643.7444174,1.0
1746110643.7622008,1.0
1746110643.7799966,1.0
1746110643.815066,1.0
1746110643.8328729,1.0
1746110643.8506486,1.0
1746110643.8684287,1.0
1746110643.886184,1.0
1746110643.9039476,1.0
1746110643.9216712,1.0
1746110643.939435,1.0
1746110643.957281,1.0
1746110643.9777954,1.0
1746110643.9954503,1.0
1746110644.0131726,1.0
1746110644.0321634,1.0
1746110644.049886,1.0
1746110644.0682132,1.0
1746110644.0859616,1.0
1746110644.103679,1.0
1746110644.1214023,1.0
1746110644.1391315,1.0
1746110644.1568804,1.0
1746110644.1746335,1.0
1746110644.192392,1.0
1746110644.2101364,1.0
1746110644.2279055,1.0
1746110644.2456846,1.0
1746110644.2634392,1.0
1746110644.281193,1.0
1746110644.298932,1.0
1746110644.3167045,1.0
1746110644.337506,1.0
1746110644.3554113,1.0
1746110644.3731706,1.0
1746110644.3908944,1.0
1746110644.40865,1.0
1746110644.4263763,1.0
1746110644.4441245,1.0
1746110644.4618607,1.0
1746110644.479592,1.0
1746110644.497378,1.0
1746110644.5151048,1.0
1746110644.532843,1.0
1746110644.5505867,1.0
1746110644.5683424,1.0
1746110644.5860703,1.0
1746110644.6037889,1.0
1746110644.6214936,1.0
1746110644.6392536,1.0
1746110644.657008,1.0
1746110644.6747458,1.0
1746110644.692532,1.0
1746110644.711624,1.0
1746110644.7293022,1.0
1746110644.7470744,1.0
1746110644.7657313,1.0
1746110644.7835696,1.0
1746110644.8012974,1.0
1746110644.8190517,1.0
1746110644.8371518,1.0
1746110644.8549268,1.0
1746110644.8727007,1.0
1746110644.8905835,1.0
1746110644.90837,1.0
1746110644.926149,1.0
1746110644.943958,1.0
1746110644.9620788,1.0
1746110644.9818535,1.0
1746110644.9994771,1.0
1746110645.0172617,1.0
1746110645.0359132,1.0
1746110645.0537143,1.0
1746110645.0721014,1.0
1746110645.0898592,1.0
1746110645.1076698,1.0
1746110645.1254458,1.0
1746110645.1432853,1.0
1746110645.1610699,1.0
1746110645.178853,1.0
1746110645.1966283,1.0
1746110645.214421,1.0
1746110645.2322311,1.0
1746110645.250002,1.0
1746110645.2677958,1.0
1746110645.2864048,1.0
1746110645.3042512,1.0
1746110645.3220155,1.0
1746110645.3398013,1.0
1746110645.3575606,1.0
1746110645.3753605,1.0
1746110645.3931272,1.0
1746110645.410889,1.0
1746110645.4286578,1.0
1746110645.446434,1.0
1746110645.4642518,1.0
1746110645.48201,1.0
1746110645.4998431,1.0
1746110645.5176365,1.0
1746110645.535432,1.0
1746110645.5531886,1.0
1746110645.5710042,1.0
1746110645.5888097,1.0
1746110645.6065698,1.0
1746110645.6243644,1.0
1746110645.6421459,1.0
1746110645.6599603,1.0
1746110645.6777344,1.0
1746110645.6955402,1.0
1746110645.7144945,1.0
1746110645.7323525,1.0
1746110645.7501755,1.0
1746110645.7679725,1.0
1746110645.78586,1.0
1746110645.8036642,1.0
1746110645.821444,1.0
1746110645.839248,1.0
1746110645.8570673,1.0
1746110645.8749027,1.0
1746110645.8927484,1.0
1746110645.9105515,1.0
1746110645.9283159,1.0
1746110645.9461284,1.0
1746110645.9640603,1.0
1746110645.9842029,1.0
1746110646.001949,1.0
1746110646.034231,1.0
1746110646.051998,1.0
1746110646.0702953,1.0
1746110646.0880861,1.0
1746110646.105841,1.0
1746110646.1236494,1.0
1746110646.141403,1.0
1746110646.159226,1.0
1746110646.176959,1.0
1746110646.1947546,1.0
1746110646.2125704,1.0
1746110646.2303658,1.0
1746110646.2481735,1.0
1746110646.2659507,1.0
1746110646.2838101,1.0
1746110646.3016343,1.0
1746110646.3194318,1.0
1746110646.3372173,1.0
1746110646.3549998,1.0
1746110646.3729336,1.0
1746110646.3907325,1.0
1746110646.4085286,1.0
1746110646.4262989,1.0
1746110646.4440947,1.0
1746110646.4618719,1.0
1746110646.4797263,1.0
1746110646.4975636,1.0
1746110646.5153894,1.0
1746110646.5331872,1.0
1746110646.5510225,1.0
1746110646.5688305,1.0
1746110646.586707,1.0
1746110646.6045344,1.0
1746110646.6223893,1.0
1746110646.640224,1.0
1746110646.6580448,1.0
1746110646.675898,1.0
1746110646.6937878,1.0
1746110646.7132628,1.0
1746110646.7309372,1.0
1746110646.7488067,1.0
1746110646.766554,1.0
1746110646.7843583,1.0
1746110646.8021028,1.0
1746110646.8198147,1.0
1746110646.837548,1.0
1746110646.8558009,1.0
1746110646.8735654,1.0
1746110646.8914368,1.0
1746110646.9091918,1.0
1746110646.926931,1.0
1746110646.9446936,1.0
1746110646.9627678,1.0
1746110646.9824412,1.0
1746110647.0001152,1.0
1746110647.0179124,1.0
1746110647.0365655,1.0
1746110647.0543566,1.0
1746110647.0728621,1.0
1746110647.0906456,1.0
1746110647.108396,1.0
1746110647.1261232,1.0
1746110647.143854,1.0
1746110647.161587,1.0
1746110647.179365,1.0
1746110647.1970997,1.0
1746110647.2148328,1.0
1746110647.232581,1.0
1746110647.2503033,1.0
1746110647.2680254,1.0
1746110647.2857964,1.0
1746110647.303578,1.0
1746110647.3212674,1.0
1746110647.3389976,1.0
1746110647.3567042,1.0
1746110647.374401,1.0
1746110647.3921592,1.0
1746110647.409827,1.0
1746110647.4275625,1.0
1746110647.4452815,1.0
1746110647.462995,1.0
1746110647.4806945,1.0
1746110647.498415,1.0
1746110647.5161648,1.0
1746110647.533879,1.0
1746110647.5516272,1.0
1746110647.5693173,1.0
1746110647.5870287,1.0
1746110647.6047513,1.0
1746110647.622436,1.0
1746110647.640145,1.0
1746110647.6578608,1.0
1746110647.6755762,1.0
1746110647.6933784,1.0
1746110647.7123783,1.0
1746110647.7300665,1.0
1746110647.7478204,1.0
1746110647.765549,1.0
1746110647.783445,1.0
1746110647.8011591,1.0
1746110647.818867,1.0
1746110647.836602,1.0
1746110647.8542593,1.0
1746110647.8720202,1.0
1746110647.8897076,1.0
1746110647.9075704,1.0
1746110647.925258,1.0
1746110647.9429996,1.0
1746110647.960753,1.0
1746110647.9802532,1.0
1746110647.9979956,1.0
1746110648.0157752,1.0
1746110648.0342,1.0
1746110648.0519283,1.0
1746110648.070275,1.0
1746110648.088003,1.0
1746110648.105755,1.0
1746110648.123445,1.0
1746110648.1411688,1.0
1746110648.1588473,1.0
1746110648.17657,1.0
1746110648.194266,1.0
1746110648.2119799,1.0
1746110648.229708,1.0
1746110648.247434,1.0
1746110648.2653184,1.0
1746110648.283013,1.0
1746110648.300763,1.0
1746110648.3184986,1.0
1746110648.336207,1.0
1746110648.35393,1.0
1746110648.3716626,1.0
1746110648.3893678,1.0
1746110648.4070804,1.0
1746110648.424806,1.0
1746110648.4425523,1.0
1746110648.4602728,1.0
1746110648.477993,1.0
1746110648.4957364,1.0
1746110648.5134869,1.0
1746110648.5312557,1.0
1746110648.5490625,1.0
1746110648.5668807,1.0
1746110648.5847514,1.0
1746110648.6025667,1.0
1746110648.6203802,1.0
1746110648.638215,1.0
1746110648.6560607,1.0
1746110648.6738298,1.0
1746110648.691658,1.0
1746110648.7105083,1.0
1746110648.7283056,1.0
1746110648.746138,1.0
1746110648.763999,1.0
1746110648.78183,1.0
1746110648.799783,1.0
1746110648.8175857,1.0
1746110648.8354115,1.0
1746110648.8532412,1.0
1746110648.871493,1.0
1746110648.8893213,1.0
1746110648.907233,1.0
1746110648.9250724,1.0
1746110648.9429235,1.0
1746110648.960924,1.0
1746110648.9803667,1.0
1746110648.9980752,1.0
1746110649.0159051,1.0
1746110649.0343993,1.0
1746110649.0522892,1.0
1746110649.070867,1.0
1746110649.0887408,1.0
1746110649.106646,1.0
1746110649.1245298,1.0
1746110649.142377,1.0
1746110649.1602573,1.0
1746110649.1781082,1.0
1746110649.1959767,1.0
1746110649.2138233,1.0
1746110649.231655,1.0
1746110649.2494795,1.0
1746110649.2673626,1.0
1746110649.2852285,1.0
1746110649.3031337,1.0
1746110649.3209822,1.0
1746110649.3388684,1.0
1746110649.359345,1.0
1746110649.3771272,1.0
1746110649.394978,1.0
1746110649.4128373,1.0
1746110649.4306622,1.0
1746110649.4485698,1.0
1746110649.4663906,1.0
1746110649.4842544,1.0
1746110649.5020952,1.0
1746110649.5199983,1.0
1746110649.537847,1.0
1746110649.555726,1.0
1746110649.5735302,1.0
1746110649.5914197,1.0
1746110649.6092567,1.0
1746110649.627074,1.0
1746110649.6449242,1.0
1746110649.6627927,1.0
1746110649.6806636,1.0
1746110649.6985116,1.0
1746110649.7179315,1.0
1746110649.7357936,1.0
1746110649.753619,1.0
1746110649.7714844,1.0
1746110649.7893407,1.0
1746110649.807235,1.0
1746110649.825075,1.0
1746110649.8429193,1.0
1746110649.8607936,1.0
1746110649.8786266,1.0
1746110649.8972018,1.0
1746110649.91507,1.0
1746110649.9329362,1.0
1746110649.950783,1.0
1746110649.9687045,1.0
1746110649.9921474,1.0
1746110650.010021,1.0
1746110650.0295424,1.0
1746110650.0474265,1.0
1746110650.0655434,1.0
1746110650.0836093,1.0
1746110650.101531,1.0
1746110650.119415,1.0
1746110650.137295,1.0
1746110650.155194,1.0
1746110650.1730523,1.0
1746110650.19089,1.0
1746110650.2087429,1.0
1746110650.2265973,1.0
1746110650.244447,1.0
1746110650.2623181,1.0
1746110650.2802258,1.0
1746110650.2981873,1.0
1746110650.3160868,1.0
1746110650.3339567,1.0
1746110650.3518658,1.0
1746110650.3697405,1.0
1746110650.3876395,1.0
1746110650.4062653,1.0
1746110650.424152,1.0
1746110650.4419942,1.0
1746110650.459943,1.0
1746110650.4778285,1.0
1746110650.4957614,1.0
1746110650.513634,1.0
1746110650.531549,1.0
1746110650.549432,1.0
1746110650.5673928,1.0
1746110650.585266,1.0
1746110650.603203,1.0
1746110650.6210914,1.0
1746110650.6390047,1.0
1746110650.6570072,1.0
1746110650.674935,1.0
1746110650.6928413,1.0
1746110650.7124355,1.0
1746110650.7302487,1.0
1746110650.748202,1.0
1746110650.7661145,1.0
1746110650.784013,1.0
1746110650.801943,1.0
1746110650.8198736,1.0
1746110650.8377671,1.0
1746110650.8556864,1.0
1746110650.874083,1.0
1746110650.8919685,1.0
1746110650.9098945,1.0
1746110650.9277883,1.0
1746110650.94569,1.0
1746110650.9637413,1.0
1746110650.985146,1.0
1746110651.0029864,1.0
1746110651.0217438,1.0
1746110651.0395582,1.0
1746110651.0576043,1.0
1746110651.0755305,1.0
1746110651.0932884,1.0
1746110651.1112072,1.0
1746110651.1290104,1.0
1746110651.1468246,1.0
1746110651.1655686,1.0
1746110651.183382,1.0
1746110651.2011602,1.0
1746110651.2189853,1.0
1746110651.2367852,1.0
1746110651.254582,1.0
1746110651.272397,1.0
1746110651.2901921,1.0
1746110651.30808,1.0
1746110651.3258898,1.0
1746110651.343731,1.0
1746110651.361521,1.0
1746110651.3794227,1.0
1746110651.3972104,1.0
1746110651.4150484,1.0
1746110651.4328332,1.0
1746110651.450644,1.0
1746110651.468498,1.0
1746110651.4863248,1.0
1746110651.504226,1.0
1746110651.52202,1.0
1746110651.539867,1.0
1746110651.5576694,1.0
1746110651.5755143,1.0
1746110651.5933197,1.0
1746110651.6111917,1.0
1746110651.6290312,1.0
1746110651.6468396,1.0
1746110651.6647007,1.0
1746110651.6825254,1.0
1746110651.700438,1.0
1746110651.7199912,1.0
1746110651.737834,1.0
1746110651.7563112,1.0
1746110651.7742193,1.0
1746110651.792061,1.0
1746110651.8099115,1.0
1746110651.8277416,1.0
1746110651.8456008,1.0
1746110651.8634725,1.0
1746110651.8813105,1.0
1746110651.8991165,1.0
1746110651.9169133,1.0
1746110651.9346826,1.0
1746110651.9526467,1.0
1746110651.9703348,1.0
1746110651.990093,1.0
1746110652.0078628,1.0
1746110652.027199,1.0
1746110652.044949,1.0
1746110652.0631745,1.0
1746110652.0811064,1.0
1746110652.0989003,1.0
1746110652.1166635,1.0
1746110652.1344318,1.0
1746110652.1521714,1.0
1746110652.1699305,1.0
1746110652.1879728,1.0
1746110652.2057898,1.0
1746110652.2236202,1.0
1746110652.241331,1.0
1746110652.2590568,1.0
1746110652.2767644,1.0
1746110652.2946243,1.0
1746110652.3124113,1.0
1746110652.330194,1.0
1746110652.3479953,1.0
1746110652.3657916,1.0
1746110652.3835423,1.0
1746110652.4013433,1.0
1746110652.4191568,1.0
1746110652.43703,1.0
1746110652.4548554,1.0
1746110652.472745,1.0
1746110652.4905703,1.0
1746110652.5084465,1.0
1746110652.5262828,1.0
1746110652.544162,1.0
1746110652.5619817,1.0
1746110652.5798633,1.0
1746110652.5977128,1.0
1746110652.6155765,1.0
1746110652.6334152,1.0
1746110652.6512914,1.0
1746110652.6691241,1.0
1746110652.68697,1.0
1746110652.7064877,1.0
1746110652.7245588,1.0
1746110652.742671,1.0
1746110652.7608724,1.0
1746110652.7789822,1.0
1746110652.7971234,1.0
1746110652.815282,1.0
1746110652.8333688,1.0
1746110652.8513975,1.0
1746110652.8695107,1.0
1746110652.8883188,1.0
1746110652.9064655,1.0
1746110652.924527,1.0
1746110652.9425743,1.0
1746110652.9608371,1.0
1746110652.9805076,1.0
1746110653.00415,1.0
1746110653.0230484,1.0
1746110653.0409694,1.0
1746110653.059045,1.0
1746110653.0776205,1.0
1746110653.095744,1.0
1746110653.1138508,1.0
1746110653.1319275,1.0
1746110653.1500058,1.0
1746110653.1680734,1.0
1746110653.1861517,1.0
1746110653.2042053,1.0
1746110653.2222233,1.0
1746110653.240282,1.0
1746110653.2583435,1.0
1746110653.2765515,1.0
1746110653.294598,1.0
1746110653.3128052,1.0
1746110653.3308783,1.0
1746110653.349325,1.0
1746110653.367434,1.0
1746110653.3854556,1.0
1746110653.4035594,1.0
1746110653.4216042,1.0
1746110653.4396513,1.0
1746110653.4577115,1.0
1746110653.4757724,1.0
1746110653.4938822,1.0
1746110653.5120003,1.0
1746110653.5301042,1.0
1746110653.5481749,1.0
1746110653.566237,1.0
1746110653.584298,1.0
1746110653.6023326,1.0
1746110653.62041,1.0
1746110653.6384778,1.0
1746110653.6565006,1.0
1746110653.6745698,1.0
1746110653.6926153,1.0
1746110653.7126203,1.0
1746110653.7306638,1.0
1746110653.7487855,1.0
1746110653.7668033,1.0
1746110653.7848384,1.0
1746110653.8029332,1.0
1746110653.8209789,1.0
1746110653.839034,1.0
1746110653.8571198,1.0
1746110653.8751783,1.0
1746110653.8932436,1.0
1746110653.9113445,1.0
1746110653.929447,1.0
1746110653.9475212,1.0
1746110653.9657202,1.0
1746110653.9861977,1.0
1746110654.0042706,1.0
1746110654.0234208,1.0
1746110654.041467,1.0
1746110654.0603697,1.0
1746110654.078537,1.0
1746110654.0966673,1.0
1746110654.1148016,1.0
1746110654.132893,1.0
1746110654.1509545,1.0
1746110654.1690352,1.0
1746110654.1871707,1.0
1746110654.205226,1.0
1746110654.2233317,1.0
1746110654.2413576,1.0
1746110654.2594082,1.0
1746110654.2774875,1.0
1746110654.2955544,1.0
1746110654.3136463,1.0
1746110654.3316917,1.0
1746110654.3498132,1.0
1746110654.3681865,1.0
1746110654.3891654,1.0
1746110654.4073026,1.0
1746110654.4253192,1.0
1746110654.4433928,1.0
1746110654.4614143,1.0
1746110654.4795227,1.0
1746110654.4975352,1.0
1746110654.5157073,1.0
1746110654.5337818,1.0
1746110654.5518723,1.0
1746110654.569927,1.0
1746110654.5879982,1.0
1746110654.6060138,1.0
1746110654.6240706,1.0
1746110654.642115,1.0
1746110654.6601458,1.0
1746110654.6782317,1.0
1746110654.6962605,1.0
1746110654.7155838,1.0
1746110654.7336226,1.0
1746110654.7516735,1.0
1746110654.769726,1.0
1746110654.7877798,1.0
1746110654.805828,1.0
1746110654.8239424,1.0
1746110654.841964,1.0
1746110654.860053,1.0
1746110654.8781471,1.0
1746110654.896197,1.0
1746110654.914912,1.0
1746110654.9329536,1.0
1746110654.9509645,1.0
1746110654.9691525,1.0
1746110654.9890568,1.0
1746110655.0076349,1.0
1746110655.026591,1.0
1746110655.0446312,1.0
1746110655.062908,1.0
1746110655.0813053,1.0
1746110655.0993629,1.0
1746110655.117488,1.0
1746110655.135584,1.0
1746110655.153748,1.0
1746110655.1718624,1.0
1746110655.1898887,1.0
1746110655.2079234,1.0
1746110655.2259908,1.0
1746110655.2440252,1.0
1746110655.2620633,1.0
1746110655.2801135,1.0
1746110655.298188,1.0
1746110655.3163762,1.0
1746110655.3344307,1.0
1746110655.3524897,1.0
1746110655.370547,1.0
1746110655.3886359,1.0
1746110655.4066994,1.0
1746110655.424749,1.0
1746110655.4427958,1.0
1746110655.460869,1.0
1746110655.4789047,1.0
1746110655.496984,1.0
1746110655.5150967,1.0
1746110655.5331821,1.0
1746110655.5512712,1.0
1746110655.5693495,1.0
1746110655.5874348,1.0
1746110655.6055083,1.0
1746110655.6235518,1.0
1746110655.6416297,1.0
1746110655.6598911,1.0
1746110655.6781816,1.0
1746110655.6964471,1.0
1746110655.716198,1.0
1746110655.7344277,1.0
1746110655.7526932,1.0
1746110655.770982,1.0
1746110655.7895563,1.0
1746110655.8077908,1.0
1746110655.826095,1.0
1746110655.8443644,1.0
1746110655.8626394,1.0
1746110655.8809423,1.0
1746110655.8992274,1.0
1746110655.9175215,1.0
1746110655.9357615,1.0
1746110655.9543636,1.0
1746110655.9725456,1.0
1746110655.992227,1.0
1746110656.0104637,1.0
1746110656.0302722,1.0
1746110656.048536,1.0
1746110656.0675251,1.0
1746110656.086977,1.0
1746110656.1052547,1.0
1746110656.1235244,1.0
1746110656.1417685,1.0
1746110656.1602397,1.0
1746110656.178513,1.0
1746110656.1967888,1.0
1746110656.215032,1.0
1746110656.2333326,1.0
1746110656.251553,1.0
1746110656.2698452,1.0
1746110656.288137,1.0
1746110656.306445,1.0
1746110656.3247185,1.0
1746110656.3429956,1.0
1746110656.3612995,1.0
1746110656.3796368,1.0
1746110656.3978865,1.0
1746110656.4161541,1.0
1746110656.4412313,1.0
1746110656.4666314,1.0
1746110656.4849932,1.0
1746110656.5032265,1.0
1746110656.5215597,1.0
1746110656.5398088,1.0
1746110656.558075,1.0
1746110656.5763526,1.0
1746110656.5946033,1.0
1746110656.6128716,1.0
1746110656.6311297,1.0
1746110656.6494117,1.0
1746110656.6676574,1.0
1746110656.6859314,1.0
1746110656.7042,1.0
1746110656.7242837,1.0
1746110656.742579,1.0
1746110656.7608554,1.0
1746110656.779145,1.0
1746110656.7973897,1.0
1746110656.815663,1.0
1746110656.8339925,1.0
1746110656.8522525,1.0
1746110656.8705032,1.0
1746110656.8888607,1.0
1746110656.9070942,1.0
1746110656.9259024,1.0
1746110656.9441812,1.0
1746110656.9629447,1.0
1746110656.983072,1.0
1746110657.0011332,1.0
1746110657.0211754,1.0
1746110657.0390553,1.0
1746110657.0585647,1.0
1746110657.0766525,1.0
1746110657.0949225,1.0
1746110657.113219,1.0
1746110657.131468,1.0
1746110657.1497626,1.0
1746110657.1680048,1.0
1746110657.1862805,1.0
1746110657.2045364,1.0
1746110657.2227793,1.0
1746110657.2410648,1.0
1746110657.259296,1.0
1746110657.2775726,1.0
1746110657.2958052,1.0
1746110657.3140624,1.0
1746110657.3324175,1.0
1746110657.3506641,1.0
1746110657.3689194,1.0
1746110657.38721,1.0
1746110657.4054458,1.0
1746110657.4237552,1.0
1746110657.4420085,1.0
1746110657.4602509,1.0
1746110657.4785244,1.0
1746110657.4967616,1.0
1746110657.5150313,1.0
1746110657.5332892,1.0
1746110657.5515397,1.0
1746110657.569799,1.0
1746110657.5881152,1.0
1746110657.606409,1.0
1746110657.6246455,1.0
1746110657.6428752,1.0
1746110657.6610937,1.0
1746110657.6793528,1.0
1746110657.6975658,1.0
1746110657.7182689,1.0
1746110657.736466,1.0
1746110657.754782,1.0
1746110657.7730281,1.0
1746110657.7912488,1.0
1746110657.809463,1.0
1746110657.8277366,1.0
1746110657.8459597,1.0
1746110657.8641922,1.0
1746110657.8824437,1.0
1746110657.9006553,1.0
1746110657.9189072,1.0
1746110657.937165,1.0
1746110657.955653,1.0
1746110657.974681,1.0
1746110657.9938169,1.0
1746110658.012077,1.0
1746110658.031903,1.0
1746110658.0501378,1.0
1746110658.0693252,1.0
1746110658.0874527,1.0
1746110658.1053755,1.0
1746110658.1233106,1.0
1746110658.1412234,1.0
1746110658.159181,1.0
1746110658.1771088,1.0
1746110658.1950023,1.0
1746110658.2129436,1.0
1746110658.2309182,1.0
1746110658.2489016,1.0
1746110658.266944,1.0
1746110658.2848794,1.0
1746110658.3027773,1.0
1746110658.3205533,1.0
1746110658.3383017,1.0
1746110658.3560483,1.0
1746110658.37385,1.0
1746110658.3915997,1.0
1746110658.4092865,1.0
1746110658.4269948,1.0
1746110658.4447124,1.0
1746110658.4624383,1.0
1746110658.4801135,1.0
1746110658.4978297,1.0
1746110658.5155225,1.0
1746110658.5332358,1.0
1746110658.5509343,1.0
1746110658.5686293,1.0
1746110658.5863526,1.0
1746110658.6040628,1.0
1746110658.6217475,1.0
1746110658.6394656,1.0
1746110658.657164,1.0
1746110658.67491,1.0
1746110658.6926076,1.0
1746110658.7119422,1.0
1746110658.7296383,1.0
1746110658.7473505,1.0
1746110658.7650604,1.0
1746110658.7827528,1.0
1746110658.8004737,1.0
1746110658.8181732,1.0
1746110658.8359346,1.0
1746110658.853638,1.0
1746110658.8714156,1.0
1746110658.8891442,1.0
1746110658.906865,1.0
1746110658.9245648,1.0
1746110658.942704,1.0
1746110658.960705,1.0
1746110658.981222,1.0
1746110658.9991524,1.0
1746110659.0180051,1.0
1746110659.0357926,1.0
1746110659.0537753,1.0
1746110659.071893,1.0
1746110659.09001,1.0
1746110659.1079643,1.0
1746110659.125945,1.0
1746110659.1439216,1.0
1746110659.1618705,1.0
1746110659.1798468,1.0
1746110659.1978142,1.0
1746110659.2158031,1.0
1746110659.2337756,1.0
1746110659.2517362,1.0
1746110659.269717,1.0
1746110659.2876742,1.0
1746110659.3074594,1.0
1746110659.3254237,1.0
1746110659.3434684,1.0
1746110659.3614385,1.0
1746110659.3794813,1.0
1746110659.399964,1.0
1746110659.4178731,1.0
1746110659.4358482,1.0
1746110659.4538414,1.0
1746110659.4717734,1.0
1746110659.4897351,1.0
1746110659.5076928,1.0
1746110659.5256333,1.0
1746110659.543603,1.0
1746110659.5618317,1.0
1746110659.5798402,1.0
1746110659.59779,1.0
1746110659.6157548,1.0
1746110659.633736,1.0
1746110659.6516824,1.0
1746110659.6696239,1.0
1746110659.6875975,1.0
1746110659.7069929,1.0
1746110659.725044,1.0
1746110659.743007,1.0
1746110659.7609503,1.0
1746110659.7789567,1.0
1746110659.7969472,1.0
1746110659.8149185,1.0
1746110659.8329523,1.0
1746110659.8509204,1.0
1746110659.868888,1.0
1746110659.886889,1.0
1746110659.904868,1.0
1746110659.9228334,1.0
1746110659.9407985,1.0
1746110659.9590952,1.0
1746110659.9790869,1.0
1746110659.9987872,1.0
1746110660.0176983,1.0
1746110660.035725,1.0
1746110660.0539098,1.0
1746110660.0724576,1.0
1746110660.0907156,1.0
1746110660.1087394,1.0
1746110660.1271267,1.0
1746110660.1451147,1.0
1746110660.1630673,1.0
1746110660.1810327,1.0
1746110660.1989763,1.0
1746110660.21687,1.0
1746110660.2347412,1.0
1746110660.2526498,1.0
1746110660.2705214,1.0
1746110660.2884126,1.0
1746110660.3063078,1.0
1746110660.3242831,1.0
1746110660.3488061,1.0
1746110660.3738112,1.0
1746110660.3917255,1.0
1746110660.4095929,1.0
1746110660.4275134,1.0
1746110660.4454207,1.0
1746110660.4633167,1.0
1746110660.4812198,1.0
1746110660.4991019,1.0
1746110660.5170276,1.0
1746110660.534895,1.0
1746110660.552796,1.0
1746110660.5706613,1.0
1746110660.5885491,1.0
1746110660.6064584,1.0
1746110660.6243787,1.0
1746110660.642764,1.0
1746110660.6606944,1.0
1746110660.6785665,1.0
1746110660.6964457,1.0
1746110660.7154164,1.0
1746110660.7333093,1.0
1746110660.7512279,1.0
1746110660.7690878,1.0
1746110660.7869542,1.0
1746110660.804863,1.0
1746110660.822751,1.0
1746110660.8407035,1.0
1746110660.8585987,1.0
1746110660.8765016,1.0
1746110660.894403,1.0
1746110660.9123116,1.0
1746110660.9301872,1.0
1746110660.948089,1.0
1746110660.9668362,1.0
1746110660.986265,1.0
1746110661.004437,1.0
1746110661.0231338,1.0
1746110661.0413513,1.0
1746110661.0594778,1.0
1746110661.0781004,1.0
1746110661.096234,1.0
1746110661.1143591,1.0
1746110661.1325278,1.0
1746110661.1506076,1.0
1746110661.1687665,1.0
1746110661.186889,1.0
1746110661.204993,1.0
1746110661.2230887,1.0
1746110661.241224,1.0
1746110661.259338,1.0
1746110661.2774634,1.0
1746110661.2956057,1.0
1746110661.3137157,1.0
1746110661.3318965,1.0
1746110661.3500228,1.0
1746110661.368138,1.0
1746110661.3862238,1.0
1746110661.4043257,1.0
1746110661.422448,1.0
1746110661.440565,1.0
1746110661.4586718,1.0
1746110661.4767962,1.0
1746110661.4948854,1.0
1746110661.5130172,1.0
1746110661.5311358,1.0
1746110661.5492227,1.0
1746110661.5673566,1.0
1746110661.585453,1.0
1746110661.6035721,1.0
1746110661.621706,1.0
1746110661.6398416,1.0
1746110661.657957,1.0
1746110661.676095,1.0
1746110661.694222,1.0
1746110661.7143795,1.0
1746110661.7324855,1.0
1746110661.7505894,1.0
1746110661.7687516,1.0
1746110661.786887,1.0
1746110661.8050222,1.0
1746110661.8231559,1.0
1746110661.8412771,1.0
1746110661.8594036,1.0
1746110661.8775146,1.0
1746110661.895592,1.0
1746110661.9136138,1.0
1746110661.931723,1.0
1746110661.9496891,1.0
1746110661.967841,1.0
1746110661.9888067,1.0
1746110662.0069008,1.0
1746110662.026028,1.0
1746110662.0440753,1.0
1746110662.0624783,1.0
1746110662.080649,1.0
1746110662.0987856,1.0
1746110662.1168873,1.0
1746110662.1348734,1.0
1746110662.1528857,1.0
1746110662.1708386,1.0
1746110662.188906,1.0
1746110662.2069225,1.0
1746110662.224923,1.0
1746110662.2429504,1.0
1746110662.2609499,1.0
1746110662.2789438,1.0
1746110662.2969544,1.0
1746110662.3149788,1.0
1746110662.3330064,1.0
1746110662.3510275,1.0
1746110662.3690245,1.0
1746110662.3870258,1.0
1746110662.4050813,1.0
1746110662.4230945,1.0
1746110662.4411588,1.0
1746110662.459151,1.0
1746110662.4771953,1.0
1746110662.4951847,1.0
1746110662.5132096,1.0
1746110662.5312588,1.0
1746110662.5492797,1.0
1746110662.567331,1.0
1746110662.5853403,1.0
1746110662.6033669,1.0
1746110662.62141,1.0
1746110662.639394,1.0
1746110662.6574361,1.0
1746110662.6754842,1.0
1746110662.6935022,1.0
1746110662.7129295,1.0
1746110662.7309127,1.0
1746110662.7489884,1.0
1746110662.7670617,1.0
1746110662.7850764,1.0
1746110662.8031392,1.0
1746110662.8211513,1.0
1746110662.8392146,1.0
1746110662.857216,1.0
1746110662.875313,1.0
1746110662.8933246,1.0
1746110662.9113545,1.0
1746110662.929363,1.0
1746110662.947396,1.0
1746110662.9654405,1.0
1746110662.9996657,1.0
1746110663.0193827,1.0
1746110663.037225,1.0
1746110663.055315,1.0
1746110663.073622,1.0
1746110663.0919788,1.0
1746110663.1099863,1.0
1746110663.1280975,1.0
1746110663.1461253,1.0
1746110663.1641612,1.0
1746110663.1822143,1.0
1746110663.2002563,1.0
1746110663.218286,1.0
1746110663.2363493,1.0
1746110663.2543852,1.0
1746110663.2724876,1.0
1746110663.2905414,1.0
1746110663.308588,1.0
1746110663.3265972,1.0
1746110663.3447165,1.0
1746110663.3627622,1.0
1746110663.3808076,1.0
1746110663.3988335,1.0
1746110663.4168806,1.0
1746110663.4348752,1.0
1746110663.4528608,1.0
1746110663.4708557,1.0
1746110663.4889035,1.0
1746110663.5068972,1.0
1746110663.5249805,1.0
1746110663.5430174,1.0
1746110663.5610616,1.0
1746110663.5790565,1.0
1746110663.5970695,1.0
1746110663.6151197,1.0
1746110663.6331527,1.0
1746110663.6512215,1.0
1746110663.6692462,1.0
1746110663.6873052,1.0
1746110663.7067895,1.0
1746110663.7247884,1.0
1746110663.742869,1.0
1746110663.7609358,1.0
1746110663.779067,1.0
1746110663.7971501,1.0
1746110663.8152387,1.0
1746110663.8333156,1.0
1746110663.8514645,1.0
1746110663.86958,1.0
1746110663.8876884,1.0
1746110663.905801,1.0
1746110663.9238694,1.0
1746110663.9419768,1.0
1746110663.9601524,1.0
1746110663.981034,1.0
1746110663.9992847,1.0
1746110664.0180452,1.0
1746110664.0361848,1.0
1746110664.0542765,1.0
1746110664.072977,1.0
1746110664.0912561,1.0
1746110664.10935,1.0
1746110664.1274698,1.0
1746110664.1455426,1.0
1746110664.163681,1.0
1746110664.181783,1.0
1746110664.1999006,1.0
1746110664.2179532,1.0
1746110664.2360423,1.0
1746110664.254191,1.0
1746110664.2723074,1.0
1746110664.2903874,1.0
1746110664.3085384,1.0
1746110664.3266327,1.0
1746110664.3447664,1.0
1746110664.3628862,1.0
1746110664.3809888,1.0
1746110664.3991163,1.0
1746110664.4188375,1.0
1746110664.4408116,1.0
1746110664.4589014,1.0
1746110664.4769819,1.0
1746110664.4950995,1.0
1746110664.5131977,1.0
1746110664.5313082,1.0
1746110664.5494113,1.0
1746110664.567542,1.0
1746110664.5856197,1.0
1746110664.6037152,1.0
1746110664.6218555,1.0
1746110664.6399875,1.0
1746110664.6581066,1.0
1746110664.6762652,1.0
1746110664.694389,1.0
1746110664.7140806,1.0
1746110664.7322216,1.0
1746110664.7503657,1.0
1746110664.7684796,1.0
1746110664.786578,1.0
1746110664.8046768,1.0
1746110664.8227887,1.0
1746110664.8408775,1.0
1746110664.859041,1.0
1746110664.8771563,1.0
1746110664.8952422,1.0
1746110664.9133685,1.0
1746110664.931496,1.0
1746110664.9495761,1.0
1746110664.967917,1.0
1746110664.9890049,1.0
1746110665.007106,1.0
1746110665.0256693,1.0
1746110665.0437465,1.0
1746110665.0620193,1.0
1746110665.080444,1.0
1746110665.0985312,1.0
1746110665.1166565,1.0
1746110665.1347985,1.0
1746110665.1529338,1.0
1746110665.17106,1.0
1746110665.18919,1.0
1746110665.2072952,1.0
1746110665.2254405,1.0
1746110665.2438018,1.0
1746110665.2620282,1.0
1746110665.2802658,1.0
1746110665.2984867,1.0
1746110665.3167086,1.0
1746110665.3349323,1.0
1746110665.3536034,1.0
1746110665.3718302,1.0
1746110665.390061,1.0
1746110665.408279,1.0
1746110665.4265509,1.0
1746110665.4447336,1.0
1746110665.462955,1.0
1746110665.4811993,1.0
1746110665.4994125,1.0
1746110665.517629,1.0
1746110665.5359135,1.0
1746110665.5541017,1.0
1746110665.5723178,1.0
1746110665.590566,1.0
1746110665.608809,1.0
1746110665.6270223,1.0
1746110665.6451995,1.0
1746110665.6634274,1.0
1746110665.681657,1.0
1746110665.6998594,1.0
1746110665.71967,1.0
1746110665.7379944,1.0
1746110665.7563138,1.0
1746110665.7745373,1.0
1746110665.7927694,1.0
1746110665.8110042,1.0
1746110665.8292398,1.0
1746110665.847176,1.0
1746110665.8651388,1.0
1746110665.8830712,1.0
1746110665.9010174,1.0
1746110665.9189389,1.0
1746110665.936931,1.0
1746110665.9550529,1.0
1746110665.9734263,1.0
1746110665.9924874,1.0
1746110666.0105376,1.0
1746110666.0292897,1.0
1746110666.0472996,1.0
1746110666.0658183,1.0
1746110666.083829,1.0
1746110666.1017683,1.0
1746110666.1197271,1.0
1746110666.137733,1.0
1746110666.15571,1.0
1746110666.1736803,1.0
1746110666.1916656,1.0
1746110666.2096734,1.0
1746110666.2276564,1.0
1746110666.2456572,1.0
1746110666.2636473,1.0
1746110666.2816372,1.0
1746110666.2996352,1.0
1746110666.3176243,1.0
1746110666.3356323,1.0
1746110666.3536797,1.0
1746110666.3717613,1.0
1746110666.3897686,1.0
1746110666.4077623,1.0
1746110666.4257872,1.0
1746110666.4437842,1.0
1746110666.4617808,1.0
1746110666.4797578,1.0
1746110666.4977922,1.0
1746110666.5158122,1.0
1746110666.5338213,1.0
1746110666.5518234,1.0
1746110666.5697966,1.0
1746110666.587802,1.0
1746110666.6058295,1.0
1746110666.6238499,1.0
1746110666.6418488,1.0
1746110666.6598575,1.0
1746110666.677867,1.0
1746110666.6958582,1.0
1746110666.7152417,1.0
1746110666.7332852,1.0
1746110666.7512944,1.0
1746110666.7693145,1.0
1746110666.7873137,1.0
1746110666.80535,1.0
1746110666.8233173,1.0
1746110666.8413203,1.0
1746110666.8593113,1.0
1746110666.8773117,1.0
1746110666.8953335,1.0
1746110666.9133363,1.0
1746110666.9313903,1.0
1746110666.9493587,1.0
1746110666.967536,1.0
1746110666.988374,1.0
1746110667.0067706,1.0
1746110667.0254745,1.0
1746110667.0434752,1.0
1746110667.062039,1.0
1746110667.0803995,1.0
1746110667.0985963,1.0
1746110667.1166372,1.0
1746110667.1346402,1.0
1746110667.1526937,1.0
1746110667.1707473,1.0
1746110667.1887915,1.0
1746110667.2067914,1.0
1746110667.2248154,1.0
1746110667.2428112,1.0
1746110667.2608125,1.0
1746110667.2788749,1.0
1746110667.297087,1.0
1746110667.31514,1.0
1746110667.333168,1.0
1746110667.351177,1.0
1746110667.3692255,1.0
1746110667.3872778,1.0
1746110667.4052737,1.0
1746110667.4233036,1.0
1746110667.4413104,1.0
1746110667.4593403,1.0
1746110667.4773664,1.0
1746110667.49539,1.0
1746110667.5134518,1.0
1746110667.5314512,1.0
1746110667.5494921,1.0
1746110667.5675063,1.0
1746110667.5855324,1.0
1746110667.6035376,1.0
1746110667.6215897,1.0
1746110667.6395884,1.0
1746110667.657622,1.0
1746110667.6756654,1.0
1746110667.693715,1.0
1746110667.7135365,1.0
1746110667.7316425,1.0
1746110667.7496939,1.0
1746110667.7677171,1.0
1746110667.7857673,1.0
1746110667.8037992,1.0
1746110667.821796,1.0
1746110667.8398185,1.0
1746110667.8578,1.0
1746110667.875843,1.0
1746110667.8938441,1.0
1746110667.9118652,1.0
1746110667.9298644,1.0
1746110667.9478805,1.0
1746110667.966183,1.0
1746110667.98737,1.0
1746110668.0057762,1.0
1746110668.0251534,1.0
1746110668.043539,1.0
1746110668.062687,1.0
1746110668.081205,1.0
1746110668.099119,1.0
1746110668.1170402,1.0
1746110668.1349607,1.0
1746110668.1528974,1.0
1746110668.17085,1.0
1746110668.1888845,1.0
1746110668.20681,1.0
1746110668.2247608,1.0
1746110668.2426643,1.0
1746110668.2606027,1.0
1746110668.2785742,1.0
1746110668.2965422,1.0
1746110668.3144813,1.0
1746110668.3324265,1.0
1746110668.3504114,1.0
1746110668.368342,1.0
1746110668.3863022,1.0
1746110668.4043097,1.0
1746110668.422298,1.0
1746110668.4402714,1.0
1746110668.4582949,1.0
1746110668.4762962,1.0
1746110668.4943113,1.0
1746110668.5123005,1.0
1746110668.5303216,1.0
1746110668.5483234,1.0
1746110668.5663419,1.0
1746110668.5842874,1.0
1746110668.6022456,1.0
1746110668.6202,1.0
1746110668.6382413,1.0
1746110668.6562653,1.0
1746110668.674256,1.0
1746110668.6922698,1.0
1746110668.7118435,1.0
1746110668.7298644,1.0
1746110668.7478871,1.0
1746110668.7659006,1.0
1746110668.7839248,1.0
1746110668.8019423,1.0
1746110668.819976,1.0
1746110668.8380115,1.0
1746110668.856066,1.0
1746110668.874198,1.0
1746110668.8922532,1.0
1746110668.91025,1.0
1746110668.928263,1.0
1746110668.9462557,1.0
1746110668.9644928,1.0
1746110668.9846215,1.0
1746110669.0025628,1.0
1746110669.021636,1.0
1746110669.0400884,1.0
1746110669.0580935,1.0
1746110669.07651,1.0
1746110669.0946548,1.0
1746110669.1127074,1.0
1746110669.1307764,1.0
1746110669.1489215,1.0
1746110669.166999,1.0
1746110669.185141,1.0
1746110669.2032022,1.0
1746110669.2212896,1.0
1746110669.2393742,1.0
1746110669.2574384,1.0
1746110669.2755482,1.0
1746110669.293635,1.0
1746110669.311726,1.0
1746110669.329774,1.0
1746110669.3478684,1.0
1746110669.3660011,1.0
1746110669.384066,1.0
1746110669.402147,1.0
1746110669.4206433,1.0
1746110669.4412298,1.0
1746110669.4593165,1.0
1746110669.4773986,1.0
1746110669.4954686,1.0
1746110669.5135503,1.0
1746110669.5316079,1.0
1746110669.5497017,1.0
1746110669.5677764,1.0
1746110669.5858624,1.0
1746110669.603935,1.0
1746110669.6219668,1.0
1746110669.6399662,1.0
1746110669.6579838,1.0
1746110669.6760151,1.0
1746110669.69403,1.0
1746110669.713962,1.0
1746110669.7319775,1.0
1746110669.749954,1.0
1746110669.7679846,1.0
1746110669.785982,1.0
1746110669.8039815,1.0
1746110669.8219793,1.0
1746110669.8399947,1.0
1746110669.8580327,1.0
1746110669.8761754,1.0
1746110669.894218,1.0
1746110669.912336,1.0
1746110669.9303882,1.0
1746110669.9484808,1.0
1746110669.9669678,1.0
1746110669.9877224,1.0
1746110670.006217,1.0
1746110670.0255423,1.0
1746110670.0437562,1.0
1746110670.0624208,1.0
1746110670.08152,1.0
1746110670.0999558,1.0
1746110670.1183834,1.0
1746110670.1368177,1.0
1746110670.1552463,1.0
1746110670.1737144,1.0
1746110670.192152,1.0
1746110670.2105677,1.0
1746110670.2289965,1.0
1746110670.2474315,1.0
1746110670.2658367,1.0
1746110670.2842875,1.0
1746110670.3027544,1.0
1746110670.3211658,1.0
1746110670.3395882,1.0
1746110670.3580241,1.0
1746110670.3772268,1.0
1746110670.3957171,1.0
1746110670.4141572,1.0
1746110670.4326208,1.0
1746110670.4510808,1.0
1746110670.4695537,1.0
1746110670.487983,1.0
1746110670.5063965,1.0
1746110670.5248563,1.0
1746110670.5433912,1.0
1746110670.5618012,1.0
1746110670.5802207,1.0
1746110670.5986664,1.0
1746110670.6169739,1.0
1746110670.6350033,1.0
1746110670.6530013,1.0
1746110670.6709669,1.0
1746110670.688957,1.0
1746110670.7081811,1.0
1746110670.7266276,1.0
1746110670.7446346,1.0
1746110670.7626011,1.0
1746110670.7806082,1.0
1746110670.7985752,1.0
1746110670.8165712,1.0
1746110670.8345191,1.0
1746110670.8524811,1.0
1746110670.8704598,1.0
1746110670.888471,1.0
1746110670.906555,1.0
1746110670.9245963,1.0
1746110670.9426665,1.0
1746110670.9609566,1.0
1746110670.9805403,1.0
1746110670.998892,1.0
1746110671.017071,1.0
1746110671.0366178,1.0
1746110671.0547516,1.0
1746110671.0735443,1.0
1746110671.0920224,1.0
1746110671.1101534,1.0
1746110671.1283188,1.0
1746110671.1473427,1.0
1746110671.1656187,1.0
1746110671.1838605,1.0
1746110671.2021484,1.0
1746110671.2204156,1.0
1746110671.2386649,1.0
1746110671.2569664,1.0
1746110671.275216,1.0
1746110671.2934687,1.0
1746110671.311736,1.0
1746110671.3299663,1.0
1746110671.348235,1.0
1746110671.3664944,1.0
1746110671.3849945,1.0
1746110671.403291,1.0
1746110671.421555,1.0
1746110671.439823,1.0
1746110671.458095,1.0
1746110671.4763336,1.0
1746110671.4946203,1.0
1746110671.5128186,1.0
1746110671.5310965,1.0
1746110671.549356,1.0
1746110671.5676472,1.0
1746110671.5858846,1.0
1746110671.6041446,1.0
1746110671.6223788,1.0
1746110671.64064,1.0
1746110671.6588385,1.0
1746110671.677121,1.0
1746110671.6953802,1.0
1746110671.7152147,1.0
1746110671.7335486,1.0
1746110671.7519732,1.0
1746110671.7703593,1.0
1746110671.7887502,1.0
1746110671.8071158,1.0
1746110671.8255384,1.0
1746110671.84388,1.0
1746110671.8624432,1.0
1746110671.8808453,1.0
1746110671.899233,1.0
1746110671.9176211,1.0
1746110671.9361002,1.0
1746110671.9546163,1.0
1746110671.9730158,1.0
1746110671.9926848,1.0
1746110672.0110884,1.0
1746110672.0317037,1.0
1746110672.0501378,1.0
1746110672.069112,1.0
1746110672.0878181,1.0
1746110672.1062567,1.0
1746110672.1246538,1.0
1746110672.1430628,1.0
1746110672.1614769,1.0
1746110672.1798666,1.0
1746110672.1982362,1.0
1746110672.2166052,1.0
1746110672.235012,1.0
1746110672.2534268,1.0
1746110672.271816,1.0
1746110672.2901862,1.0
1746110672.3085718,1.0
1746110672.326992,1.0
1746110672.3453476,1.0
1746110672.3636932,1.0
1746110672.3820765,1.0
1746110672.4004424,1.0
1746110672.4187777,1.0
1746110672.4371574,1.0
1746110672.4555223,1.0
1746110672.4739013,1.0
1746110672.4922545,1.0
1746110672.510601,1.0
1746110672.528977,1.0
1746110672.547415,1.0
1746110672.565748,1.0
1746110672.5841093,1.0
1746110672.6024902,1.0
1746110672.6208692,1.0
1746110672.63926,1.0
1746110672.6576571,1.0
1746110672.676017,1.0
1746110672.6943932,1.0
1746110672.7145512,1.0
1746110672.7329154,1.0
1746110672.7513142,1.0
1746110672.7696986,1.0
1746110672.7880893,1.0
1746110672.8064635,1.0
1746110672.824887,1.0
1746110672.84327,1.0
1746110672.8616483,1.0
1746110672.880043,1.0
1746110672.8984334,1.0
1746110672.9168153,1.0
1746110672.9351394,1.0
1746110672.9538026,1.0
1746110672.9721904,1.0
1746110672.9963725,1.0
1746110673.0150023,1.0
1746110673.0339713,1.0
1746110673.052999,1.0
1746110673.0716288,1.0
1746110673.0901198,1.0
1746110673.108517,1.0
1746110673.126864,1.0
1746110673.1452863,1.0
1746110673.1636643,1.0
1746110673.18208,1.0
1746110673.2004805,1.0
1746110673.2188237,1.0
1746110673.2371674,1.0
1746110673.255541,1.0
1746110673.2777112,1.0
1746110673.2961073,1.0
1746110673.3144867,1.0
1746110673.33289,1.0
1746110673.3512778,1.0
1746110673.369661,1.0
1746110673.3880556,1.0
1746110673.4064164,1.0
1746110673.4248345,1.0
1746110673.4431531,1.0
1746110673.461543,1.0
1746110673.479899,1.0
1746110673.4982786,1.0
1746110673.5166576,1.0
1746110673.5350304,1.0
1746110673.55339,1.0
1746110673.5717692,1.0
1746110673.5901687,1.0
1746110673.6085675,1.0
1746110673.6269972,1.0
1746110673.6454148,1.0
1746110673.663776,1.0
1746110673.6821697,1.0
1746110673.7005448,1.0
1746110673.7211215,1.0
1746110673.7394636,1.0
1746110673.7578766,1.0
1746110673.7762573,1.0
1746110673.7946315,1.0
1746110673.81315,1.0
1746110673.8315501,1.0
1746110673.849886,1.0
1746110673.868317,1.0
1746110673.886688,1.0
1746110673.9051037,1.0
1746110673.9235094,1.0
1746110673.9418955,1.0
1746110673.9604228,1.0
1746110673.9801795,1.0
1746110673.9985824,1.0
1746110674.017001,1.0
1746110674.0362182,1.0
1746110674.0545692,1.0
1746110674.0735765,1.0
1746110674.0921323,1.0
1746110674.1104982,1.0
1746110674.1288981,1.0
1746110674.1472633,1.0
1746110674.165624,1.0
1746110674.1840227,1.0
1746110674.2023702,1.0
1746110674.2207844,1.0
1746110674.2391129,1.0
1746110674.25747,1.0
1746110674.275833,1.0
1746110674.2941658,1.0
1746110674.3125675,1.0
1746110674.3309395,1.0
1746110674.3493452,1.0
1746110674.3677335,1.0
1746110674.386139,1.0
1746110674.4044912,1.0
1746110674.4228747,1.0
1746110674.442473,1.0
1746110674.462574,1.0
1746110674.4808204,1.0
1746110674.499097,1.0
1746110674.5173385,1.0
1746110674.535586,1.0
1746110674.553875,1.0
1746110674.5721083,1.0
1746110674.590366,1.0
1746110674.608649,1.0
1746110674.626868,1.0
1746110674.6451242,1.0
1746110674.6633682,1.0
1746110674.681587,1.0
1746110674.6998372,1.0
1746110674.7195966,1.0
1746110674.7378137,1.0
1746110674.7559948,1.0
1746110674.7742186,1.0
1746110674.7924361,1.0
1746110674.810675,1.0
1746110674.8288968,1.0
1746110674.8470972,1.0
1746110674.8653674,1.0
1746110674.8836205,1.0
1746110674.901889,1.0
1746110674.9201393,1.0
1746110674.9383597,1.0
1746110674.9566574,1.0
1746110674.9758682,1.0
1746110674.9953368,1.0
1746110675.0135877,1.0
1746110675.0330975,1.0
1746110675.0513704,1.0
1746110675.0707343,1.0
1746110675.0891023,1.0
1746110675.1073394,1.0
1746110675.125613,1.0
1746110675.143857,1.0
1746110675.1620402,1.0
1746110675.180264,1.0
1746110675.198493,1.0
1746110675.2167435,1.0
1746110675.234949,1.0
1746110675.253198,1.0
1746110675.2714546,1.0
1746110675.2896442,1.0
1746110675.3078976,1.0
1746110675.3261302,1.0
1746110675.3443756,1.0
1746110675.3625884,1.0
1746110675.380824,1.0
1746110675.3990722,1.0
1746110675.4172935,1.0
1746110675.4355378,1.0
1746110675.4538317,1.0
1746110675.472042,1.0
1746110675.4903433,1.0
1746110675.508577,1.0
1746110675.526804,1.0
1746110675.5451324,1.0
1746110675.5634117,1.0
1746110675.5816474,1.0
1746110675.5999048,1.0
1746110675.6181862,1.0
1746110675.636439,1.0
1746110675.6547012,1.0
1746110675.6729372,1.0
1746110675.6911542,1.0
1746110675.7104478,1.0
1746110675.7284787,1.0
1746110675.746751,1.0
1746110675.7650065,1.0
1746110675.7832627,1.0
1746110675.801491,1.0
1746110675.8197424,1.0
1746110675.8380089,1.0
1746110675.8563006,1.0
1746110675.8745036,1.0
1746110675.8927727,1.0
1746110675.9110315,1.0
1746110675.9293153,1.0
1746110675.9476292,1.0
1746110675.9660418,1.0
1746110675.9864135,1.0
1746110676.0046585,1.0
1746110676.02356,1.0
1746110676.041653,1.0
1746110676.059938,1.0
1746110676.0784137,1.0
1746110676.0969596,1.0
1746110676.11528,1.0
1746110676.1335447,1.0
1746110676.1518018,1.0
1746110676.170044,1.0
1746110676.188293,1.0
1746110676.2065318,1.0
1746110676.224751,1.0
1746110676.2430065,1.0
1746110676.262125,1.0
1746110676.2803886,1.0
1746110676.298634,1.0
1746110676.3169017,1.0
1746110676.3351424,1.0
1746110676.3534935,1.0
1746110676.3717995,1.0
1746110676.3900251,1.0
1746110676.4082835,1.0
1746110676.4265265,1.0
1746110676.444786,1.0
1746110676.4629905,1.0
1746110676.4812465,1.0
1746110676.4995282,1.0
1746110676.517798,1.0
1746110676.5360508,1.0
1746110676.5543594,1.0
1746110676.5726078,1.0
1746110676.590827,1.0
1746110676.609118,1.0
1746110676.627367,1.0
1746110676.6455972,1.0
1746110676.663862,1.0
1746110676.6820774,1.0
1746110676.700336,1.0
1746110676.7199793,1.0
1746110676.738255,1.0
1746110676.7566006,1.0
1746110676.774843,1.0
1746110676.7931223,1.0
1746110676.8113465,1.0
1746110676.8295658,1.0
1746110676.8478174,1.0
1746110676.8660226,1.0
1746110676.8842897,1.0
1746110676.902604,1.0
1746110676.9208684,1.0
1746110676.9390893,1.0
1746110676.957673,1.0
1746110676.976687,1.0
1746110676.9958315,1.0
1746110677.0140479,1.0
1746110677.0335464,1.0
1746110677.051802,1.0
1746110677.070699,1.0
1746110677.0898855,1.0
1746110677.1081457,1.0
1746110677.1263692,1.0
1746110677.144677,1.0
1746110677.1629035,1.0
1746110677.1811695,1.0
1746110677.199453,1.0
1746110677.2177024,1.0
1746110677.2359326,1.0
1746110677.254195,1.0
1746110677.2724404,1.0
1746110677.2906988,1.0
1746110677.3089535,1.0
1746110677.3271728,1.0
1746110677.3454888,1.0
1746110677.3637402,1.0
1746110677.3819742,1.0
1746110677.400288,1.0
1746110677.4185638,1.0
1746110677.436809,1.0
1746110677.4550822,1.0
1746110677.4733377,1.0
1746110677.491596,1.0
1746110677.5098538,1.0
1746110677.528158,1.0
1746110677.5464087,1.0
1746110677.564665,1.0
1746110677.582926,1.0
1746110677.601187,1.0
1746110677.6194992,1.0
1746110677.6378071,1.0
1746110677.6560786,1.0
1746110677.6743183,1.0
1746110677.6925905,1.0
1746110677.712673,1.0
1746110677.730643,1.0
1746110677.7487788,1.0
1746110677.766801,1.0
1746110677.784954,1.0
1746110677.80302,1.0
1746110677.8211694,1.0
1746110677.8392508,1.0
1746110677.857397,1.0
1746110677.875493,1.0
1746110677.8936315,1.0
1746110677.911786,1.0
1746110677.9299235,1.0
1746110677.9480312,1.0
1746110677.966585,1.0
1746110677.98697,1.0
1746110678.018721,1.0
1746110678.0371037,1.0
1746110678.0551505,1.0
1746110678.073819,1.0
1746110678.0920298,1.0
1746110678.1100326,1.0
1746110678.1280687,1.0
1746110678.1461434,1.0
1746110678.164216,1.0
1746110678.182304,1.0
1746110678.2003605,1.0
1746110678.2184205,1.0
1746110678.2365127,1.0
1746110678.2545853,1.0
1746110678.2727337,1.0
1746110678.2908163,1.0
1746110678.3089113,1.0
1746110678.3269675,1.0
1746110678.345015,1.0
1746110678.363111,1.0
1746110678.3812122,1.0
1746110678.3992803,1.0
1746110678.4173498,1.0
1746110678.435424,1.0
1746110678.453509,1.0
1746110678.4715898,1.0
1746110678.4896812,1.0
1746110678.5081794,1.0
1746110678.526651,1.0
1746110678.5451226,1.0
1746110678.563613,1.0
1746110678.5820312,1.0
1746110678.6005008,1.0
1746110678.6189666,1.0
1746110678.6374054,1.0
1746110678.6558487,1.0
1746110678.6742742,1.0
1746110678.6927376,1.0
1746110678.7134864,1.0
1746110678.731794,1.0
1746110678.7502341,1.0
1746110678.7685478,1.0
1746110678.7868967,1.0
1746110678.8051572,1.0
1746110678.8234627,1.0
1746110678.8417652,1.0
1746110678.8600254,1.0
1746110678.8783097,1.0
1746110678.8966143,1.0
1746110678.9149013,1.0
1746110678.9332137,1.0
1746110678.9515224,1.0
1746110678.9700093,1.0
1746110678.9904842,1.0
1746110679.008746,1.0
1746110679.028194,1.0
1746110679.0464532,1.0
1746110679.0654523,1.0
1746110679.0836809,1.0
1746110679.1026378,1.0
1746110679.1209102,1.0
1746110679.1392212,1.0
1746110679.157506,1.0
1746110679.1757886,1.0
1746110679.1940749,1.0
1746110679.2123976,1.0
1746110679.2306793,1.0
1746110679.2489877,1.0
1746110679.2672906,1.0
1746110679.2855396,1.0
1746110679.303836,1.0
1746110679.3221521,1.0
1746110679.3404362,1.0
1746110679.3587723,1.0
1746110679.377062,1.0
1746110679.3953772,1.0
1746110679.4137633,1.0
1746110679.4320989,1.0
1746110679.4503708,1.0
1746110679.4732227,1.0
1746110679.4915102,1.0
1746110679.5098302,1.0
1746110679.5281184,1.0
1746110679.5464325,1.0
1746110679.564774,1.0
1746110679.5830374,1.0
1746110679.6013489,1.0
1746110679.6196473,1.0
1746110679.637907,1.0
1746110679.656195,1.0
1746110679.6744418,1.0
1746110679.6927023,1.0
1746110679.71307,1.0
1746110679.7312615,1.0
1746110679.7493882,1.0
1746110679.767557,1.0
1746110679.7858846,1.0
1746110679.8040502,1.0
1746110679.8221922,1.0
1746110679.8403535,1.0
1746110679.858516,1.0
1746110679.8767138,1.0
1746110679.894887,1.0
1746110679.9131057,1.0
1746110679.9312756,1.0
1746110679.9494402,1.0
1746110679.9678183,1.0
1746110679.9885955,1.0
1746110680.0067854,1.0
1746110680.026085,1.0
1746110680.044201,1.0
1746110680.062654,1.0
1746110680.0809891,1.0
1746110680.099619,1.0
1746110680.117821,1.0
1746110680.1359825,1.0
1746110680.1541522,1.0
1746110680.1723278,1.0
1746110680.1904945,1.0
1746110680.2086878,1.0
1746110680.2268324,1.0
1746110680.2450075,1.0
1746110680.263205,1.0
1746110680.2813807,1.0
1746110680.299553,1.0
1746110680.3177514,1.0
1746110680.335903,1.0
1746110680.354103,1.0
1746110680.3722825,1.0
1746110680.3904681,1.0
1746110680.4086766,1.0
1746110680.4268374,1.0
1746110680.4450514,1.0
1746110680.463236,1.0
1746110680.4814036,1.0
1746110680.4995937,1.0
1746110680.5177813,1.0
1746110680.5359793,1.0
1746110680.5541642,1.0
1746110680.572327,1.0
1746110680.5904949,1.0
1746110680.6090946,1.0
1746110680.6272848,1.0
1746110680.645519,1.0
1746110680.6636696,1.0
1746110680.6818395,1.0
1746110680.6999958,1.0
1746110680.719681,1.0
1746110680.737868,1.0
1746110680.756078,1.0
1746110680.774275,1.0
1746110680.7924726,1.0
1746110680.8106637,1.0
1746110680.828827,1.0
1746110680.8469622,1.0
1746110680.8651445,1.0
1746110680.8833423,1.0
1746110680.9015188,1.0
1746110680.9197595,1.0
1746110680.9379175,1.0
1746110680.956293,1.0
1746110680.9766598,1.0
1746110680.9948635,1.0
1746110681.0131137,1.0
1746110681.032146,1.0
1746110681.050382,1.0
1746110681.0692177,1.0
1746110681.087436,1.0
1746110681.1058097,1.0
1746110681.124876,1.0
1746110681.143059,1.0
1746110681.1613262,1.0
1746110681.1794674,1.0
1746110681.1976633,1.0
1746110681.2158515,1.0
1746110681.2340548,1.0
1746110681.252243,1.0
1746110681.27041,1.0
1746110681.2886186,1.0
1746110681.3067856,1.0
1746110681.3249643,1.0
1746110681.3431392,1.0
1746110681.3613272,1.0
1746110681.3802073,1.0
1746110681.3983495,1.0
1746110681.4165912,1.0
1746110681.4347548,1.0
1746110681.452929,1.0
1746110681.471149,1.0
1746110681.4893308,1.0
1746110681.507503,1.0
1746110681.5256665,1.0
1746110681.5438256,1.0
1746110681.5620546,1.0
1746110681.5802495,1.0
1746110681.5984306,1.0
1746110681.6166537,1.0
1746110681.6348226,1.0
1746110681.6529891,1.0
1746110681.6711307,1.0
1746110681.6893122,1.0
1746110681.709082,1.0
1746110681.7273035,1.0
1746110681.7455144,1.0
1746110681.7636924,1.0
1746110681.7818818,1.0
1746110681.8000627,1.0
1746110681.818241,1.0
1746110681.8363812,1.0
1746110681.8545694,1.0
1746110681.8727508,1.0
1746110681.890919,1.0
1746110681.9091094,1.0
1746110681.9273374,1.0
1746110681.9455063,1.0
1746110681.9639244,1.0
1746110681.9838078,1.0
1746110682.0017946,1.0
1746110682.0200267,1.0
1746110682.0387256,1.0
1746110682.0569353,1.0
1746110682.0756216,1.0
1746110682.0939825,1.0
1746110682.112119,1.0
1746110682.1302948,1.0
1746110682.1485674,1.0
1746110682.1667771,1.0
1746110682.1849487,1.0
1746110682.203169,1.0
1746110682.2213278,1.0
1746110682.2395031,1.0
1746110682.2576542,1.0
1746110682.2758453,1.0
1746110682.2940295,1.0
1746110682.3122542,1.0
1746110682.3304193,1.0
1746110682.3485732,1.0
1746110682.3667865,1.0
1746110682.3849473,1.0
1746110682.403157,1.0
1746110682.4213586,1.0
1746110682.4395337,1.0
1746110682.4577153,1.0
1746110682.4759037,1.0
1746110682.4940937,1.0
1746110682.5122435,1.0
1746110682.5303798,1.0
1746110682.5485787,1.0
1746110682.5667536,1.0
1746110682.5849018,1.0
1746110682.6030748,1.0
1746110682.6213136,1.0
1746110682.6394773,1.0
1746110682.6576695,1.0
1746110682.675808,1.0
1746110682.6939945,1.0
1746110682.7138557,1.0
1746110682.7320156,1.0
1746110682.7501678,1.0
1746110682.7684054,1.0
1746110682.7865465,1.0
1746110682.8047628,1.0
1746110682.8228874,1.0
1746110682.8410754,1.0
1746110682.85923,1.0
1746110682.877432,1.0
1746110682.8955696,1.0
1746110682.9137812,1.0
1746110682.9319558,1.0
1746110682.950155,1.0
1746110682.968491,1.0
1746110682.9888291,1.0
1746110683.0123801,1.0
1746110683.0316098,1.0
1746110683.0498526,1.0
1746110683.06879,1.0
1746110683.0869942,1.0
1746110683.105625,1.0
1746110683.1239092,1.0
1746110683.1428757,1.0
1746110683.1615508,1.0
1746110683.1798432,1.0
1746110683.1980774,1.0
1746110683.2162855,1.0
1746110683.2345617,1.0
1746110683.2527974,1.0
1746110683.2711208,1.0
1746110683.2893686,1.0
1746110683.307622,1.0
1746110683.325915,1.0
1746110683.34418,1.0
1746110683.3624187,1.0
1746110683.3806615,1.0
1746110683.398946,1.0
1746110683.4172175,1.0
1746110683.435458,1.0
1746110683.453744,1.0
1746110683.4719694,1.0
1746110683.4901843,1.0
1746110683.5084665,1.0
1746110683.5267162,1.0
1746110683.54499,1.0
1746110683.5632734,1.0
1746110683.581496,1.0
1746110683.5997732,1.0
1746110683.6180341,1.0
1746110683.63628,1.0
1746110683.6545188,1.0
1746110683.6727638,1.0
1746110683.6909811,1.0
1746110683.7103689,1.0
1746110683.7284384,1.0
1746110683.746693,1.0
1746110683.7649724,1.0
1746110683.7832417,1.0
1746110683.8015208,1.0
1746110683.8198035,1.0
1746110683.8380234,1.0
1746110683.8563159,1.0
1746110683.8745267,1.0
1746110683.8927772,1.0
1746110683.9110138,1.0
1746110683.9292886,1.0
1746110683.947306,1.0
1746110683.9655278,1.0
1746110683.9851665,1.0
1746110684.0030937,1.0
1746110684.0215049,1.0
1746110684.0398545,1.0
1746110684.0578942,1.0
1746110684.0763698,1.0
1746110684.0945096,1.0
1746110684.1125367,1.0
1746110684.130544,1.0
1746110684.1485257,1.0
1746110684.1665487,1.0
1746110684.1845543,1.0
1746110684.2025762,1.0
1746110684.2205608,1.0
1746110684.2385623,1.0
1746110684.2565122,1.0
1746110684.2745113,1.0
1746110684.2925732,1.0
1746110684.3106515,1.0
1746110684.3286963,1.0
1746110684.3467543,1.0
1746110684.3648381,1.0
1746110684.3828874,1.0
1746110684.4009764,1.0
1746110684.4190419,1.0
1746110684.4371784,1.0
1746110684.455285,1.0
1746110684.4737852,1.0
1746110684.4937055,1.0
1746110684.5117924,1.0
1746110684.5298827,1.0
1746110684.5479379,1.0
1746110684.5660017,1.0
1746110684.58412,1.0
1746110684.6021886,1.0
1746110684.6202784,1.0
1746110684.6383553,1.0
1746110684.656427,1.0
1746110684.6744814,1.0
1746110684.6925273,1.0
1746110684.712881,1.0
1746110684.730943,1.0
1746110684.749022,1.0
1746110684.7671096,1.0
1746110684.7851777,1.0
1746110684.803243,1.0
1746110684.8213212,1.0
1746110684.8394337,1.0
1746110684.8575358,1.0
1746110684.8756042,1.0
1746110684.8936577,1.0
1746110684.9120684,1.0
1746110684.9305308,1.0
1746110684.949059,1.0
1746110684.9678316,1.0
1746110684.988204,1.0
1746110685.006619,1.0
1746110685.0259206,1.0
1746110685.044322,1.0
1746110685.063644,1.0
1746110685.081706,1.0
1746110685.1003418,1.0
1746110685.1187136,1.0
1746110685.1370683,1.0
1746110685.1555758,1.0
1746110685.1736524,1.0
1746110685.191636,1.0
1746110685.2095687,1.0
1746110685.2275107,1.0
1746110685.2454004,1.0
1746110685.2633615,1.0
1746110685.2813168,1.0
1746110685.2993026,1.0
1746110685.317228,1.0
1746110685.3352053,1.0
1746110685.353132,1.0
1746110685.37111,1.0
1746110685.389075,1.0
1746110685.4070485,1.0
1746110685.4256904,1.0
1746110685.443667,1.0
1746110685.4616284,1.0
1746110685.4796107,1.0
1746110685.4975774,1.0
1746110685.5155547,1.0
1746110685.5335205,1.0
1746110685.5514765,1.0
1746110685.569489,1.0
1746110685.5874827,1.0
1746110685.6054964,1.0
1746110685.6235006,1.0
1746110685.6414464,1.0
1746110685.6594725,1.0
1746110685.677455,1.0
1746110685.6954372,1.0
1746110685.7149732,1.0
1746110685.7333357,1.0
1746110685.7513201,1.0
1746110685.7693172,1.0
1746110685.7873287,1.0
1746110685.8057501,1.0
1746110685.8237479,1.0
1746110685.8416991,1.0
1746110685.8596768,1.0
1746110685.8776355,1.0
1746110685.895635,1.0
1746110685.9136443,1.0
1746110685.9316506,1.0
1746110685.9495556,1.0
1746110685.9676023,1.0
1746110685.9870694,1.0
1746110686.0049632,1.0
1746110686.0234497,1.0
1746110686.04155,1.0
1746110686.0594788,1.0
1746110686.077641,1.0
1746110686.0956912,1.0
1746110686.1135752,1.0
1746110686.1314988,1.0
1746110686.1494298,1.0
1746110686.1673388,1.0
1746110686.1853118,1.0
1746110686.2032459,1.0
1746110686.221137,1.0
1746110686.2390373,1.0
1746110686.256946,1.0
1746110686.274893,1.0
1746110686.29283,1.0
1746110686.3107495,1.0
1746110686.3286638,1.0
1746110686.3465734,1.0
1746110686.364513,1.0
1746110686.38253,1.0
1746110686.4005008,1.0
1746110686.4184594,1.0
1746110686.4364479,1.0
1746110686.4544008,1.0
1746110686.4723601,1.0
1746110686.4906495,1.0
1746110686.5088809,1.0
1746110686.5271127,1.0
1746110686.545358,1.0
1746110686.5636616,1.0
1746110686.5818713,1.0
1746110686.6001213,1.0
1746110686.618352,1.0
1746110686.6367357,1.0
1746110686.6550891,1.0
1746110686.673466,1.0
1746110686.691816,1.0
1746110686.7124686,1.0
1746110686.7307978,1.0
1746110686.7491605,1.0
1746110686.767598,1.0
1746110686.7859366,1.0
1746110686.8043447,1.0
1746110686.8227189,1.0
1746110686.8410861,1.0
1746110686.8590274,1.0
1746110686.8769612,1.0
1746110686.8949301,1.0
1746110686.9128673,1.0
1746110686.930844,1.0
1746110686.9487982,1.0
1746110686.9670224,1.0
1746110686.986944,1.0
1746110687.0049133,1.0
1746110687.0236094,1.0
1746110687.0415146,1.0
1746110687.0597224,1.0
1746110687.0779297,1.0
1746110687.0961485,1.0
1746110687.1140609,1.0
1746110687.1320276,1.0
1746110687.1499653,1.0
1746110687.168232,1.0
1746110687.1861956,1.0
1746110687.2041662,1.0
1746110687.2220912,1.0
1746110687.240046,1.0
1746110687.2579927,1.0
1746110687.275941,1.0
1746110687.2938795,1.0
1746110687.3118343,1.0
1746110687.3298008,1.0
1746110687.3477347,1.0
1746110687.3657017,1.0
1746110687.3836756,1.0
1746110687.4015927,1.0
1746110687.41956,1.0
1746110687.4375231,1.0
1746110687.4554853,1.0
1746110687.4734356,1.0
1746110687.4913828,1.0
1746110687.509312,1.0
1746110687.5272534,1.0
1746110687.5451963,1.0
1746110687.5631225,1.0
1746110687.5810843,1.0
1746110687.599087,1.0
1746110687.6170723,1.0
1746110687.6350255,1.0
1746110687.6529708,1.0
1746110687.670923,1.0
1746110687.6888752,1.0
1746110687.707978,1.0
1746110687.7265418,1.0
1746110687.744604,1.0
1746110687.762611,1.0
1746110687.7806373,1.0
1746110687.7986498,1.0
1746110687.816707,1.0
1746110687.8347085,1.0
1746110687.8527222,1.0
1746110687.8706217,1.0
1746110687.8885267,1.0
1746110687.9064703,1.0
1746110687.9243917,1.0
1746110687.9423492,1.0
1746110687.9603858,1.0
1746110687.979639,1.0
1746110687.997813,1.0
1746110688.0159624,1.0
1746110688.034973,1.0
1746110688.053094,1.0
1746110688.0717356,1.0
1746110688.0898626,1.0
1746110688.1081755,1.0
1746110688.1263278,1.0
1746110688.1444292,1.0
1746110688.162528,1.0
1746110688.1806636,1.0
1746110688.19876,1.0
1746110688.216874,1.0
1746110688.2349641,1.0
1746110688.2530556,1.0
1746110688.2711933,1.0
1746110688.289282,1.0
1746110688.3073826,1.0
1746110688.3254986,1.0
1746110688.343621,1.0
1746110688.3616822,1.0
1746110688.3798163,1.0
1746110688.397892,1.0
1746110688.416023,1.0
1746110688.43417,1.0
1746110688.4523141,1.0
1746110688.4704783,1.0
1746110688.4886303,1.0
1746110688.5067587,1.0
1746110688.5249326,1.0
1746110688.5431218,1.0
1746110688.5616922,1.0
1746110688.5798168,1.0
1746110688.597982,1.0
1746110688.6161551,1.0
1746110688.6343288,1.0
1746110688.6524897,1.0
1746110688.67058,1.0
1746110688.6887236,1.0
1746110688.7079775,1.0
1746110688.7267263,1.0
1746110688.7449045,1.0
1746110688.7630448,1.0
1746110688.7811892,1.0
1746110688.7993178,1.0
1746110688.8174443,1.0
1746110688.8356118,1.0
1746110688.853759,1.0
1746110688.8719132,1.0
1746110688.8900707,1.0
1746110688.9082062,1.0
1746110688.9263575,1.0
1746110688.9444964,1.0
1746110688.9630065,1.0
1746110688.9828496,1.0
1746110689.0008285,1.0
1746110689.0189612,1.0
1746110689.0380044,1.0
1746110689.0561748,1.0
1746110689.0747092,1.0
1746110689.092876,1.0
1746110689.111077,1.0
1746110689.1292336,1.0
1746110689.1477473,1.0
1746110689.1659293,1.0
1746110689.18439,1.0
1746110689.2025428,1.0
1746110689.220687,1.0
1746110689.2388318,1.0
1746110689.2569933,1.0
1746110689.2751265,1.0
1746110689.2932832,1.0
1746110689.3114755,1.0
1746110689.3296163,1.0
1746110689.3477516,1.0
1746110689.3659267,1.0
1746110689.3841026,1.0
1746110689.4023237,1.0
1746110689.4205208,1.0
1746110689.4386828,1.0
1746110689.4390364,0.0
