time,actuator,value
1738777390.4210954,Actuator(ptr=c_void_p(94282427277200)),136.0
1738777395.4375114,Actuator(ptr=c_void_p(94282427277200)),136.0
1738777400.4545581,Actuator(ptr=c_void_p(94282427277200)),136.0
1738777405.4736366,Actuator(ptr=c_void_p(94282427277200)),136.0
1738777410.4890916,Actuator(ptr=c_void_p(94282427277200)),136.0
1738777415.5058386,Actuator(ptr=c_void_p(94282427277200)),136.0
1738777420.5212114,Actuator(ptr=c_void_p(94282427277200)),136.0
1738777425.5393462,Actuator(ptr=c_void_p(94282427277200)),136.0
1738777430.557239,Actuator(ptr=c_void_p(94282427277200)),136.0
