time,actuator,value
1738778259.0534444,Actuator(ptr=c_void_p(94233528672144)),118.0
1738778264.0702472,Actuator(ptr=c_void_p(94233528672144)),118.0
1738778269.0886052,Actuator(ptr=c_void_p(94233528672144)),118.0
1738778274.1064043,Actuator(ptr=c_void_p(94233528672144)),118.0
1738778279.1249013,Actuator(ptr=c_void_p(94233528672144)),118.0
1738778284.1435668,Actuator(ptr=c_void_p(94233528672144)),118.0
1738778289.1604764,Actuator(ptr=c_void_p(94233528672144)),118.0
1738778294.1808288,Actuator(ptr=c_void_p(94233528672144)),118.0
