1762790277.7590868,0,1000000000.0
1762790277.7590868,1,3200000000.0
1762790277.7590868,2,1000000000.0
1762790277.7590868,3,3200000000.0
1762790277.7590868,4,3200000000.0
1762790277.7590868,5,3200000000.0
1762790277.7590868,6,3200000000.0
1762790277.7590868,7,3200000000.0
1762790277.7590868,8,3200000000.0
1762790277.7590868,9,3200000000.0
1762790277.7590868,0,3200000000.0
1762790277.7590868,1,3200000000.0
1762790277.7590868,2,3200000000.0
1762790277.7590868,3,3200000000.0
1762790277.7590868,4,3200000000.0
1762790277.7590868,5,3200000000.0
1762790277.7590868,6,3200000000.0
1762790277.7590868,7,3200000000.0
1762790277.7590868,8,3200000000.0
1762790277.7590868,9,3200000000.0
1762790277.7590868,0,3200000000.0
1762790277.7590868,1,3200000000.0
1762790277.7590868,2,3200000000.0
1762790277.7590868,3,3200000000.0
1762790277.7590868,4,3200000000.0
1762790277.7590868,5,3200000000.0
1762790277.7590868,6,3200000000.0
1762790277.7590868,7,3200000000.0
1762790277.7590868,8,3200000000.0
1762790277.7590868,9,3200000000.0
1762790277.7590868,0,3200000000.0
1762790277.7590868,1,3200000000.0
1762790277.7590868,2,3200000000.0
1762790277.7590868,3,3200000000.0
1762790277.7590868,4,3200000000.0
1762790277.7590868,5,3200000000.0
1762790277.7590868,6,3200000000.0
1762790277.7590868,7,3200000000.0
1762790277.7590868,8,3200000000.0
1762790277.7590868,9,3200000000.0
1762790277.7590868,0,3200000000.0
1762790277.7590868,1,3200000000.0
1762790277.7590868,2,3200000000.0
1762790277.7590868,3,3200000000.0
1762790277.7590868,4,3200000000.0
1762790277.7590868,5,3200000000.0
1762790277.7590868,6,3200000000.0
1762790277.7590868,7,3200000000.0
1762790277.7590868,8,3200000000.0
1762790277.7590868,9,3200000000.0
1762790277.7590868,0,3200000000.0
1762790277.7590868,1,3200000000.0
1762790277.7590868,2,3200000000.0
1762790277.7590868,3,3200000000.0
1762790277.7590868,4,3200000000.0
1762790277.7590868,5,3200000000.0
1762790277.7590868,6,3200000000.0
1762790277.7590868,7,3200000000.0
1762790277.7590868,8,3200000000.0
1762790277.7590868,9,3200000000.0
1762790277.7590868,0,3200000000.0
1762790277.7590868,1,3200000000.0
1762790277.7590868,2,3200000000.0
1762790277.7590868,3,3200000000.0
1762790277.7590868,4,3200000000.0
1762790277.7590868,5,3200000000.0
1762790277.7590868,6,3200000000.0
1762790277.7590868,7,3200000000.0
1762790277.7590868,8,3200000000.0
1762790277.7590868,9,3200000000.0
1762790277.7590868,0,3200000000.0
1762790277.7590868,1,3200000000.0
1762790277.7590868,2,3200000000.0
1762790277.7590868,3,3200000000.0
1762790277.7590868,4,3200000000.0
1762790277.7590868,5,3200000000.0
1762790277.7590868,6,3200000000.0
1762790277.7590868,7,3200000000.0
1762790277.7590868,8,3200000000.0
1762790277.7590868,9,3200000000.0
1762790277.7590868,0,3200000000.0
1762790277.7590868,1,3200000000.0
1762790277.7590868,2,3200000000.0
1762790277.7590868,3,3200000000.0
1762790277.7590868,4,3200000000.0
1762790277.7590868,5,3200000000.0
1762790277.7590868,6,3200000000.0
1762790277.7590868,7,3200000000.0
1762790277.7590868,8,3200000000.0
1762790277.7590868,9,3200000000.0
1762790277.7590868,0,3200000000.0
1762790277.7590868,1,3200000000.0
1762790277.7590868,2,3200000000.0
1762790277.7590868,3,3200000000.0
1762790277.7590868,4,3200000000.0
1762790277.7590868,5,3200000000.0
1762790278.7591498,0,1000000000.0
1762790278.7591498,1,3200000000.0
1762790278.7591498,2,1000000000.0
1762790278.7591498,3,3200000000.0
1762790278.7591498,4,3200000000.0
1762790278.7591498,5,3200000000.0
1762790278.7591498,6,3200000000.0
1762790278.7591498,7,3200000000.0
1762790278.7591498,8,3200000000.0
1762790278.7591498,9,3200000000.0
1762790278.7591498,0,3200000000.0
1762790278.7591498,1,3200000000.0
1762790278.7591498,2,3200000000.0
1762790278.7591498,3,3200000000.0
1762790278.7591498,4,3200000000.0
1762790278.7591498,5,3200000000.0
1762790278.7591498,6,3200000000.0
1762790278.7591498,7,3200000000.0
1762790278.7591498,8,3200000000.0
1762790278.7591498,9,3200000000.0
1762790278.7591498,0,3200000000.0
1762790278.7591498,1,3200000000.0
1762790278.7591498,2,3200000000.0
1762790278.7591498,3,3200000000.0
1762790278.7591498,4,3200000000.0
1762790278.7591498,5,3200000000.0
1762790278.7591498,6,3200000000.0
1762790278.7591498,7,3200000000.0
1762790278.7591498,8,3200000000.0
1762790278.7591498,9,3200000000.0
1762790278.7591498,0,3200000000.0
1762790278.7591498,1,3200000000.0
1762790278.7591498,2,3200000000.0
1762790278.7591498,3,3200000000.0
1762790278.7591498,4,3200000000.0
1762790278.7591498,5,3200000000.0
1762790278.7591498,6,3200000000.0
1762790278.7591498,7,3200000000.0
1762790278.7591498,8,3200000000.0
1762790278.7591498,9,3200000000.0
1762790278.7591498,0,3200000000.0
1762790278.7591498,1,3200000000.0
1762790278.7591498,2,3200000000.0
1762790278.7591498,3,3200000000.0
1762790278.7591498,4,3200000000.0
1762790278.7591498,5,3200000000.0
1762790278.7591498,6,3200000000.0
1762790278.7591498,7,3200000000.0
1762790278.7591498,8,3200000000.0
1762790278.7591498,9,3200000000.0
1762790278.7591498,0,3200000000.0
1762790278.7591498,1,3200000000.0
1762790278.7591498,2,3200000000.0
1762790278.7591498,3,3200000000.0
1762790278.7591498,4,3200000000.0
1762790278.7591498,5,3200000000.0
1762790278.7591498,6,3200000000.0
1762790278.7591498,7,3200000000.0
1762790278.7591498,8,3200000000.0
1762790278.7591498,9,3200000000.0
1762790278.7591498,0,3200000000.0
1762790278.7591498,1,3200000000.0
1762790278.7591498,2,3200000000.0
1762790278.7591498,3,3200000000.0
1762790278.7591498,4,3200000000.0
1762790278.7591498,5,3200000000.0
1762790278.7591498,6,3200000000.0
1762790278.7591498,7,3200000000.0
1762790278.7591498,8,3200000000.0
1762790278.7591498,9,3200000000.0
1762790278.7591498,0,3200000000.0
1762790278.7591498,1,3200000000.0
1762790278.7591498,2,3200000000.0
1762790278.7591498,3,3200000000.0
1762790278.7591498,4,3200000000.0
1762790278.7591498,5,3200000000.0
1762790278.7591498,6,3200000000.0
1762790278.7591498,7,3200000000.0
1762790278.7591498,8,3200000000.0
1762790278.7591498,9,3200000000.0
1762790278.7591498,0,3200000000.0
1762790278.7591498,1,3200000000.0
1762790278.7591498,2,3200000000.0
1762790278.7591498,3,3200000000.0
1762790278.7591498,4,3200000000.0
1762790278.7591498,5,3200000000.0
1762790278.7591498,6,3200000000.0
1762790278.7591498,7,3200000000.0
1762790278.7591498,8,3200000000.0
1762790278.7591498,9,3200000000.0
1762790278.7591498,0,3200000000.0
1762790278.7591498,1,3200000000.0
1762790278.7591498,2,3200000000.0
1762790278.7591498,3,3200000000.0
1762790278.7591498,4,3200000000.0
1762790278.7591498,5,3200000000.0
1762790279.759104,0,1000000000.0
1762790279.759104,1,1900000000.0
1762790279.759104,2,1900000000.0
1762790279.759104,3,1900000000.0
1762790279.759104,4,1900000000.0
1762790279.759104,5,1900000000.0
1762790279.759104,6,1900000000.0
1762790279.759104,7,1900000000.0
1762790279.759104,8,1900000000.0
1762790279.759104,9,1900000000.0
1762790279.759104,0,1900000000.0
1762790279.759104,1,1900000000.0
1762790279.759104,2,1900000000.0
1762790279.759104,3,1900000000.0
1762790279.759104,4,1900000000.0
1762790279.759104,5,1900000000.0
1762790279.759104,6,1900000000.0
1762790279.759104,7,1900000000.0
1762790279.759104,8,1900000000.0
1762790279.759104,9,1900000000.0
1762790279.759104,0,1900000000.0
1762790279.759104,1,1900000000.0
1762790279.759104,2,1900000000.0
1762790279.759104,3,1900000000.0
1762790279.759104,4,1900000000.0
1762790279.759104,5,1900000000.0
1762790279.759104,6,1900000000.0
1762790279.759104,7,1900000000.0
1762790279.759104,8,1900000000.0
1762790279.759104,9,1900000000.0
1762790279.759104,0,1900000000.0
1762790279.759104,1,1900000000.0
1762790279.759104,2,1900000000.0
1762790279.759104,3,1900000000.0
1762790279.759104,4,1900000000.0
1762790279.759104,5,1900000000.0
1762790279.759104,6,1900000000.0
1762790279.759104,7,1900000000.0
1762790279.759104,8,1900000000.0
1762790279.759104,9,1900000000.0
1762790279.759104,0,1900000000.0
1762790279.759104,1,1900000000.0
1762790279.759104,2,1900000000.0
1762790279.759104,3,1900000000.0
1762790279.759104,4,1900000000.0
1762790279.759104,5,1900000000.0
1762790279.759104,6,1900000000.0
1762790279.759104,7,1900000000.0
1762790279.759104,8,1900000000.0
1762790279.759104,9,1900000000.0
1762790279.759104,0,1900000000.0
1762790279.759104,1,1900000000.0
1762790279.759104,2,1900000000.0
1762790279.759104,3,1900000000.0
1762790279.759104,4,1900000000.0
1762790279.759104,5,1900000000.0
1762790279.759104,6,1900000000.0
1762790279.759104,7,1900000000.0
1762790279.759104,8,1900000000.0
1762790279.759104,9,1900000000.0
1762790279.759104,0,1900000000.0
1762790279.759104,1,1900000000.0
1762790279.759104,2,1900000000.0
1762790279.759104,3,1900000000.0
1762790279.759104,4,1900000000.0
1762790279.759104,5,1900000000.0
1762790279.759104,6,1900000000.0
1762790279.759104,7,1900000000.0
1762790279.759104,8,1900000000.0
1762790279.759104,9,1900000000.0
1762790279.759104,0,1900000000.0
1762790279.759104,1,1900000000.0
1762790279.759104,2,1900000000.0
1762790279.759104,3,1900000000.0
1762790279.759104,4,1900000000.0
1762790279.759104,5,1900000000.0
1762790279.759104,6,1900000000.0
1762790279.759104,7,1900000000.0
1762790279.759104,8,1900000000.0
1762790279.759104,9,1900000000.0
1762790279.759104,0,1900000000.0
1762790279.759104,1,1900000000.0
1762790279.759104,2,1900000000.0
1762790279.759104,3,1900000000.0
1762790279.759104,4,1900000000.0
1762790279.759104,5,1900000000.0
1762790279.759104,6,1900000000.0
1762790279.759104,7,1900000000.0
1762790279.759104,8,1900000000.0
1762790279.759104,9,1900000000.0
1762790279.759104,0,1900000000.0
1762790279.759104,1,1900000000.0
1762790279.759104,2,1900000000.0
1762790279.759104,3,1900000000.0
1762790279.759104,4,1900000000.0
1762790279.759104,5,1900000000.0
1762790280.7594342,0,1000000000.0
1762790280.7594342,1,1900000000.0
1762790280.7594342,2,1000000000.0
1762790280.7594342,3,1900000000.0
1762790280.7594342,4,1000000000.0
1762790280.7594342,5,1900000000.0
1762790280.7594342,6,1000000000.0
1762790280.7594342,7,1900000000.0
1762790280.7594342,8,1000000000.0
1762790280.7594342,9,1900000000.0
1762790280.7594342,0,1000000000.0
1762790280.7594342,1,1900000000.0
1762790280.7594342,2,1900000000.0
1762790280.7594342,3,1900000000.0
1762790280.7594342,4,1900000000.0
1762790280.7594342,5,1900000000.0
1762790280.7594342,6,1900000000.0
1762790280.7594342,7,1900000000.0
1762790280.7594342,8,1900000000.0
1762790280.7594342,9,1900000000.0
1762790280.7594342,0,1900000000.0
1762790280.7594342,1,1900000000.0
1762790280.7594342,2,1900000000.0
1762790280.7594342,3,1900000000.0
1762790280.7594342,4,1900000000.0
1762790280.7594342,5,1900000000.0
1762790280.7594342,6,1900000000.0
1762790280.7594342,7,1900000000.0
1762790280.7594342,8,1900000000.0
1762790280.7594342,9,1900000000.0
1762790280.7594342,0,1900000000.0
1762790280.7594342,1,1900000000.0
1762790280.7594342,2,1900000000.0
1762790280.7594342,3,1900000000.0
1762790280.7594342,4,1900000000.0
1762790280.7594342,5,1900000000.0
1762790280.7594342,6,1900000000.0
1762790280.7594342,7,1900000000.0
1762790280.7594342,8,1900000000.0
1762790280.7594342,9,1900000000.0
1762790280.7594342,0,1900000000.0
1762790280.7594342,1,1900000000.0
1762790280.7594342,2,1900000000.0
1762790280.7594342,3,1900000000.0
1762790280.7594342,4,1900000000.0
1762790280.7594342,5,1900000000.0
1762790280.7594342,6,1900000000.0
1762790280.7594342,7,1900000000.0
1762790280.7594342,8,1900000000.0
1762790280.7594342,9,1900000000.0
1762790280.7594342,0,1900000000.0
1762790280.7594342,1,1900000000.0
1762790280.7594342,2,1900000000.0
1762790280.7594342,3,1900000000.0
1762790280.7594342,4,1900000000.0
1762790280.7594342,5,1900000000.0
1762790280.7594342,6,1900000000.0
1762790280.7594342,7,1900000000.0
1762790280.7594342,8,1900000000.0
1762790280.7594342,9,1900000000.0
1762790280.7594342,0,1900000000.0
1762790280.7594342,1,1900000000.0
1762790280.7594342,2,1900000000.0
1762790280.7594342,3,1900000000.0
1762790280.7594342,4,1900000000.0
1762790280.7594342,5,1900000000.0
1762790280.7594342,6,1900000000.0
1762790280.7594342,7,1900000000.0
1762790280.7594342,8,1900000000.0
1762790280.7594342,9,1900000000.0
1762790280.7594342,0,1900000000.0
1762790280.7594342,1,1900000000.0
1762790280.7594342,2,1900000000.0
1762790280.7594342,3,1900000000.0
1762790280.7594342,4,1900000000.0
1762790280.7594342,5,1900000000.0
1762790280.7594342,6,1900000000.0
1762790280.7594342,7,1900000000.0
1762790280.7594342,8,1900000000.0
1762790280.7594342,9,1900000000.0
1762790280.7594342,0,1900000000.0
1762790280.7594342,1,1900000000.0
1762790280.7594342,2,1900000000.0
1762790280.7594342,3,1900000000.0
1762790280.7594342,4,1900000000.0
1762790280.7594342,5,1900000000.0
1762790280.7594342,6,1900000000.0
1762790280.7594342,7,1900000000.0
1762790280.7594342,8,1900000000.0
1762790280.7594342,9,1900000000.0
1762790280.7594342,0,1900000000.0
1762790280.7594342,1,1900000000.0
1762790280.7594342,2,1900000000.0
1762790280.7594342,3,1900000000.0
1762790280.7594342,4,1900000000.0
1762790280.7594342,5,1900000000.0
1762790281.7588382,0,1000000000.0
1762790281.7588382,1,3200000000.0
1762790281.7588382,2,3200000000.0
1762790281.7588382,3,3200000000.0
1762790281.7588382,4,3200000000.0
1762790281.7588382,5,3200000000.0
1762790281.7588382,6,3200000000.0
1762790281.7588382,7,3200000000.0
1762790281.7588382,8,3200000000.0
1762790281.7588382,9,3200000000.0
1762790281.7588382,0,3200000000.0
1762790281.7588382,1,3200000000.0
1762790281.7588382,2,3200000000.0
1762790281.7588382,3,3200000000.0
1762790281.7588382,4,3200000000.0
1762790281.7588382,5,3200000000.0
1762790281.7588382,6,3200000000.0
1762790281.7588382,7,3200000000.0
1762790281.7588382,8,3200000000.0
1762790281.7588382,9,3200000000.0
1762790281.7588382,0,3200000000.0
1762790281.7588382,1,3200000000.0
1762790281.7588382,2,3200000000.0
1762790281.7588382,3,3200000000.0
1762790281.7588382,4,3200000000.0
1762790281.7588382,5,3200000000.0
1762790281.7588382,6,3200000000.0
1762790281.7588382,7,3200000000.0
1762790281.7588382,8,3200000000.0
1762790281.7588382,9,3200000000.0
1762790281.7588382,0,3200000000.0
1762790281.7588382,1,3200000000.0
1762790281.7588382,2,3200000000.0
1762790281.7588382,3,3200000000.0
1762790281.7588382,4,3200000000.0
1762790281.7588382,5,3200000000.0
1762790281.7588382,6,3200000000.0
1762790281.7588382,7,3200000000.0
1762790281.7588382,8,3200000000.0
1762790281.7588382,9,3200000000.0
1762790281.7588382,0,3200000000.0
1762790281.7588382,1,3200000000.0
1762790281.7588382,2,3200000000.0
1762790281.7588382,3,3200000000.0
1762790281.7588382,4,3200000000.0
1762790281.7588382,5,3200000000.0
1762790281.7588382,6,3200000000.0
1762790281.7588382,7,3200000000.0
1762790281.7588382,8,3200000000.0
1762790281.7588382,9,3200000000.0
1762790281.7588382,0,3200000000.0
1762790281.7588382,1,3200000000.0
1762790281.7588382,2,3200000000.0
1762790281.7588382,3,3200000000.0
1762790281.7588382,4,3200000000.0
1762790281.7588382,5,3200000000.0
1762790281.7588382,6,3200000000.0
1762790281.7588382,7,3200000000.0
1762790281.7588382,8,3200000000.0
1762790281.7588382,9,3200000000.0
1762790281.7588382,0,3200000000.0
1762790281.7588382,1,3200000000.0
1762790281.7588382,2,3200000000.0
1762790281.7588382,3,3200000000.0
1762790281.7588382,4,3200000000.0
1762790281.7588382,5,3200000000.0
1762790281.7588382,6,3200000000.0
1762790281.7588382,7,3200000000.0
1762790281.7588382,8,3200000000.0
1762790281.7588382,9,3200000000.0
1762790281.7588382,0,3200000000.0
1762790281.7588382,1,3200000000.0
1762790281.7588382,2,3200000000.0
1762790281.7588382,3,3200000000.0
1762790281.7588382,4,3200000000.0
1762790281.7588382,5,3200000000.0
1762790281.7588382,6,3200000000.0
1762790281.7588382,7,3200000000.0
1762790281.7588382,8,3200000000.0
1762790281.7588382,9,3200000000.0
1762790281.7588382,0,3200000000.0
1762790281.7588382,1,3200000000.0
1762790281.7588382,2,3200000000.0
1762790281.7588382,3,3200000000.0
1762790281.7588382,4,3200000000.0
1762790281.7588382,5,3200000000.0
1762790281.7588382,6,3200000000.0
1762790281.7588382,7,3200000000.0
1762790281.7588382,8,3200000000.0
1762790281.7588382,9,3200000000.0
1762790281.7588382,0,3200000000.0
1762790281.7588382,1,3200000000.0
1762790281.7588382,2,3200000000.0
1762790281.7588382,3,3200000000.0
1762790281.7588382,4,3200000000.0
1762790281.7588382,5,3200000000.0
1762790282.7592452,0,1000000000.0
1762790282.7592452,1,3200000000.0
1762790282.7592452,2,3200000000.0
1762790282.7592452,3,3200000000.0
1762790282.7592452,4,3200000000.0
1762790282.7592452,5,3200000000.0
1762790282.7592452,6,3200000000.0
1762790282.7592452,7,3200000000.0
1762790282.7592452,8,3200000000.0
1762790282.7592452,9,3200000000.0
1762790282.7592452,0,3200000000.0
1762790282.7592452,1,3200000000.0
1762790282.7592452,2,3200000000.0
1762790282.7592452,3,3200000000.0
1762790282.7592452,4,3200000000.0
1762790282.7592452,5,3200000000.0
1762790282.7592452,6,3200000000.0
1762790282.7592452,7,3200000000.0
1762790282.7592452,8,3200000000.0
1762790282.7592452,9,3200000000.0
1762790282.7592452,0,3200000000.0
1762790282.7592452,1,3200000000.0
1762790282.7592452,2,3200000000.0
1762790282.7592452,3,3200000000.0
1762790282.7592452,4,3200000000.0
1762790282.7592452,5,3200000000.0
1762790282.7592452,6,3200000000.0
1762790282.7592452,7,3200000000.0
1762790282.7592452,8,3200000000.0
1762790282.7592452,9,3200000000.0
1762790282.7592452,0,3200000000.0
1762790282.7592452,1,3200000000.0
1762790282.7592452,2,3200000000.0
1762790282.7592452,3,3200000000.0
1762790282.7592452,4,3200000000.0
1762790282.7592452,5,3200000000.0
1762790282.7592452,6,3200000000.0
1762790282.7592452,7,3200000000.0
1762790282.7592452,8,3200000000.0
1762790282.7592452,9,3200000000.0
1762790282.7592452,0,3200000000.0
1762790282.7592452,1,3200000000.0
1762790282.7592452,2,3200000000.0
1762790282.7592452,3,3200000000.0
1762790282.7592452,4,3200000000.0
1762790282.7592452,5,3200000000.0
1762790282.7592452,6,3200000000.0
1762790282.7592452,7,3200000000.0
1762790282.7592452,8,3200000000.0
1762790282.7592452,9,3200000000.0
1762790282.7592452,0,3200000000.0
1762790282.7592452,1,3200000000.0
1762790282.7592452,2,3200000000.0
1762790282.7592452,3,3200000000.0
1762790282.7592452,4,3200000000.0
1762790282.7592452,5,3200000000.0
1762790282.7592452,6,3200000000.0
1762790282.7592452,7,3200000000.0
1762790282.7592452,8,3200000000.0
1762790282.7592452,9,3200000000.0
1762790282.7592452,0,3200000000.0
1762790282.7592452,1,3200000000.0
1762790282.7592452,2,3200000000.0
1762790282.7592452,3,3200000000.0
1762790282.7592452,4,3200000000.0
1762790282.7592452,5,3200000000.0
1762790282.7592452,6,3200000000.0
1762790282.7592452,7,3200000000.0
1762790282.7592452,8,3200000000.0
1762790282.7592452,9,3200000000.0
1762790282.7592452,0,3200000000.0
1762790282.7592452,1,3200000000.0
1762790282.7592452,2,3200000000.0
1762790282.7592452,3,3200000000.0
1762790282.7592452,4,3200000000.0
1762790282.7592452,5,3200000000.0
1762790282.7592452,6,3200000000.0
1762790282.7592452,7,3200000000.0
1762790282.7592452,8,3200000000.0
1762790282.7592452,9,3200000000.0
1762790282.7592452,0,3200000000.0
1762790282.7592452,1,3200000000.0
1762790282.7592452,2,3200000000.0
1762790282.7592452,3,3200000000.0
1762790282.7592452,4,3200000000.0
1762790282.7592452,5,3200000000.0
1762790282.7592452,6,3200000000.0
1762790282.7592452,7,3200000000.0
1762790282.7592452,8,3200000000.0
1762790282.7592452,9,3200000000.0
1762790282.7592452,0,3200000000.0
1762790282.7592452,1,3200000000.0
1762790282.7592452,2,3200000000.0
1762790282.7592452,3,3200000000.0
1762790282.7592452,4,3200000000.0
1762790282.7592452,5,3200000000.0
1762790283.759511,0,1000000000.0
1762790283.759511,1,2900000000.0
1762790283.759511,2,2900000000.0
1762790283.759511,3,2900000000.0
1762790283.759511,4,2900000000.0
1762790283.759511,5,2900000000.0
1762790283.759511,6,2900000000.0
1762790283.759511,7,2900000000.0
1762790283.759511,8,2900000000.0
1762790283.759511,9,2900000000.0
1762790283.759511,0,2900000000.0
1762790283.759511,1,2900000000.0
1762790283.759511,2,2900000000.0
1762790283.759511,3,2900000000.0
1762790283.759511,4,2900000000.0
1762790283.759511,5,2900000000.0
1762790283.759511,6,2900000000.0
1762790283.759511,7,2900000000.0
1762790283.759511,8,2900000000.0
1762790283.759511,9,2900000000.0
1762790283.759511,0,2900000000.0
1762790283.759511,1,2900000000.0
1762790283.759511,2,2900000000.0
1762790283.759511,3,2900000000.0
1762790283.759511,4,2900000000.0
1762790283.759511,5,2900000000.0
1762790283.759511,6,2900000000.0
1762790283.759511,7,2900000000.0
1762790283.759511,8,2900000000.0
1762790283.759511,9,2900000000.0
1762790283.759511,0,2900000000.0
1762790283.759511,1,2900000000.0
1762790283.759511,2,2900000000.0
1762790283.759511,3,2900000000.0
1762790283.759511,4,2900000000.0
1762790283.759511,5,2900000000.0
1762790283.759511,6,2900000000.0
1762790283.759511,7,2900000000.0
1762790283.759511,8,2900000000.0
1762790283.759511,9,2900000000.0
1762790283.759511,0,2900000000.0
1762790283.759511,1,2900000000.0
1762790283.759511,2,2900000000.0
1762790283.759511,3,2900000000.0
1762790283.759511,4,2900000000.0
1762790283.759511,5,2900000000.0
1762790283.759511,6,2900000000.0
1762790283.759511,7,2900000000.0
1762790283.759511,8,2900000000.0
1762790283.759511,9,2900000000.0
1762790283.759511,0,2900000000.0
1762790283.759511,1,2900000000.0
1762790283.759511,2,2900000000.0
1762790283.759511,3,2900000000.0
1762790283.759511,4,2900000000.0
1762790283.759511,5,2900000000.0
1762790283.759511,6,2900000000.0
1762790283.759511,7,2900000000.0
1762790283.759511,8,2900000000.0
1762790283.759511,9,2900000000.0
1762790283.759511,0,2900000000.0
1762790283.759511,1,2900000000.0
1762790283.759511,2,2900000000.0
1762790283.759511,3,2900000000.0
1762790283.759511,4,2900000000.0
1762790283.759511,5,2900000000.0
1762790283.759511,6,2900000000.0
1762790283.759511,7,2900000000.0
1762790283.759511,8,2900000000.0
1762790283.759511,9,2900000000.0
1762790283.759511,0,2900000000.0
1762790283.759511,1,2900000000.0
1762790283.759511,2,2900000000.0
1762790283.759511,3,2900000000.0
1762790283.759511,4,2900000000.0
1762790283.759511,5,2900000000.0
1762790283.759511,6,2900000000.0
1762790283.759511,7,2900000000.0
1762790283.759511,8,2900000000.0
1762790283.759511,9,2900000000.0
1762790283.759511,0,2900000000.0
1762790283.759511,1,2900000000.0
1762790283.759511,2,2900000000.0
1762790283.759511,3,2900000000.0
1762790283.759511,4,2900000000.0
1762790283.759511,5,2900000000.0
1762790283.759511,6,2900000000.0
1762790283.759511,7,2900000000.0
1762790283.759511,8,2900000000.0
1762790283.759511,9,2900000000.0
1762790283.759511,0,2900000000.0
1762790283.759511,1,2900000000.0
1762790283.759511,2,2900000000.0
1762790283.759511,3,2900000000.0
1762790283.759511,4,2900000000.0
1762790283.759511,5,2900000000.0
1762790284.759038,0,1000000000.0
1762790284.759038,1,2900000000.0
1762790284.759038,2,1000000000.0
1762790284.759038,3,2900000000.0
1762790284.759038,4,1000000000.0
1762790284.759038,5,2900000000.0
1762790284.759038,6,1000000000.0
1762790284.759038,7,2900000000.0
1762790284.759038,8,1000000000.0
1762790284.759038,9,2900000000.0
1762790284.759038,0,1000000000.0
1762790284.759038,1,2900000000.0
1762790284.759038,2,1000000000.0
1762790284.759038,3,2900000000.0
1762790284.759038,4,2900000000.0
1762790284.759038,5,2900000000.0
1762790284.759038,6,2900000000.0
1762790284.759038,7,2900000000.0
1762790284.759038,8,2900000000.0
1762790284.759038,9,2900000000.0
1762790284.759038,0,2900000000.0
1762790284.759038,1,2900000000.0
1762790284.759038,2,2900000000.0
1762790284.759038,3,2900000000.0
1762790284.759038,4,2900000000.0
1762790284.759038,5,2900000000.0
1762790284.759038,6,2900000000.0
1762790284.759038,7,2900000000.0
1762790284.759038,8,2900000000.0
1762790284.759038,9,2900000000.0
1762790284.759038,0,2900000000.0
1762790284.759038,1,2900000000.0
1762790284.759038,2,2900000000.0
1762790284.759038,3,2900000000.0
1762790284.759038,4,2900000000.0
1762790284.759038,5,2900000000.0
1762790284.759038,6,2900000000.0
1762790284.759038,7,2900000000.0
1762790284.759038,8,2900000000.0
1762790284.759038,9,2900000000.0
1762790284.759038,0,2900000000.0
1762790284.759038,1,2900000000.0
1762790284.759038,2,2900000000.0
1762790284.759038,3,2900000000.0
1762790284.759038,4,2900000000.0
1762790284.759038,5,2900000000.0
1762790284.759038,6,2900000000.0
1762790284.759038,7,2900000000.0
1762790284.759038,8,2900000000.0
1762790284.759038,9,2900000000.0
1762790284.759038,0,2900000000.0
1762790284.759038,1,2900000000.0
1762790284.759038,2,2900000000.0
1762790284.759038,3,2900000000.0
1762790284.759038,4,2900000000.0
1762790284.759038,5,2900000000.0
1762790284.759038,6,2900000000.0
1762790284.759038,7,2900000000.0
1762790284.759038,8,2900000000.0
1762790284.759038,9,2900000000.0
1762790284.759038,0,2900000000.0
1762790284.759038,1,2900000000.0
1762790284.759038,2,2900000000.0
1762790284.759038,3,2900000000.0
1762790284.759038,4,2900000000.0
1762790284.759038,5,2900000000.0
1762790284.759038,6,2900000000.0
1762790284.759038,7,2900000000.0
1762790284.759038,8,2900000000.0
1762790284.759038,9,2900000000.0
1762790284.759038,0,2900000000.0
1762790284.759038,1,2900000000.0
1762790284.759038,2,2900000000.0
1762790284.759038,3,2900000000.0
1762790284.759038,4,2900000000.0
1762790284.759038,5,2900000000.0
1762790284.759038,6,2900000000.0
1762790284.759038,7,2900000000.0
1762790284.759038,8,2900000000.0
1762790284.759038,9,2900000000.0
1762790284.759038,0,2900000000.0
1762790284.759038,1,2900000000.0
1762790284.759038,2,2900000000.0
1762790284.759038,3,2900000000.0
1762790284.759038,4,2900000000.0
1762790284.759038,5,2900000000.0
1762790284.759038,6,2900000000.0
1762790284.759038,7,2900000000.0
1762790284.759038,8,2900000000.0
1762790284.759038,9,2900000000.0
1762790284.759038,0,2900000000.0
1762790284.759038,1,2900000000.0
1762790284.759038,2,2900000000.0
1762790284.759038,3,2900000000.0
1762790284.759038,4,2900000000.0
1762790284.759038,5,2900000000.0
1762790285.7593842,0,1000000000.0
1762790285.7593842,1,3200000000.0
1762790285.7593842,2,1000000000.0
1762790285.7593842,3,3200000000.0
1762790285.7593842,4,1000000000.0
1762790285.7593842,5,3200000000.0
1762790285.7593842,6,1000000000.0
1762790285.7593842,7,3200000000.0
1762790285.7593842,8,1000000000.0
1762790285.7593842,9,3200000000.0
1762790285.7593842,0,1000000000.0
1762790285.7593842,1,3200000000.0
1762790285.7593842,2,1000000000.0
1762790285.7593842,3,3200000000.0
1762790285.7593842,4,1000000000.0
1762790285.7593842,5,3200000000.0
1762790285.7593842,6,3200000000.0
1762790285.7593842,7,3200000000.0
1762790285.7593842,8,3200000000.0
1762790285.7593842,9,3200000000.0
1762790285.7593842,0,3200000000.0
1762790285.7593842,1,3200000000.0
1762790285.7593842,2,3200000000.0
1762790285.7593842,3,3200000000.0
1762790285.7593842,4,3200000000.0
1762790285.7593842,5,3200000000.0
1762790285.7593842,6,3200000000.0
1762790285.7593842,7,3200000000.0
1762790285.7593842,8,3200000000.0
1762790285.7593842,9,3200000000.0
1762790285.7593842,0,3200000000.0
1762790285.7593842,1,3200000000.0
1762790285.7593842,2,3200000000.0
1762790285.7593842,3,3200000000.0
1762790285.7593842,4,3200000000.0
1762790285.7593842,5,3200000000.0
1762790285.7593842,6,3200000000.0
1762790285.7593842,7,3200000000.0
1762790285.7593842,8,3200000000.0
1762790285.7593842,9,3200000000.0
1762790285.7593842,0,3200000000.0
1762790285.7593842,1,3200000000.0
1762790285.7593842,2,3200000000.0
1762790285.7593842,3,3200000000.0
1762790285.7593842,4,3200000000.0
1762790285.7593842,5,3200000000.0
1762790285.7593842,6,3200000000.0
1762790285.7593842,7,3200000000.0
1762790285.7593842,8,3200000000.0
1762790285.7593842,9,3200000000.0
1762790285.7593842,0,3200000000.0
1762790285.7593842,1,3200000000.0
1762790285.7593842,2,3200000000.0
1762790285.7593842,3,3200000000.0
1762790285.7593842,4,3200000000.0
1762790285.7593842,5,3200000000.0
1762790285.7593842,6,3200000000.0
1762790285.7593842,7,3200000000.0
1762790285.7593842,8,3200000000.0
1762790285.7593842,9,3200000000.0
1762790285.7593842,0,3200000000.0
1762790285.7593842,1,3200000000.0
1762790285.7593842,2,3200000000.0
1762790285.7593842,3,3200000000.0
1762790285.7593842,4,3200000000.0
1762790285.7593842,5,3200000000.0
1762790285.7593842,6,3200000000.0
1762790285.7593842,7,3200000000.0
1762790285.7593842,8,3200000000.0
1762790285.7593842,9,3200000000.0
1762790285.7593842,0,3200000000.0
1762790285.7593842,1,3200000000.0
1762790285.7593842,2,3200000000.0
1762790285.7593842,3,3200000000.0
1762790285.7593842,4,3200000000.0
1762790285.7593842,5,3200000000.0
1762790285.7593842,6,3200000000.0
1762790285.7593842,7,3200000000.0
1762790285.7593842,8,3200000000.0
1762790285.7593842,9,3200000000.0
1762790285.7593842,0,3200000000.0
1762790285.7593842,1,3200000000.0
1762790285.7593842,2,3200000000.0
1762790285.7593842,3,3200000000.0
1762790285.7593842,4,3200000000.0
1762790285.7593842,5,3200000000.0
1762790285.7593842,6,3200000000.0
1762790285.7593842,7,3200000000.0
1762790285.7593842,8,3200000000.0
1762790285.7593842,9,3200000000.0
1762790285.7593842,0,3200000000.0
1762790285.7593842,1,3200000000.0
1762790285.7593842,2,3200000000.0
1762790285.7593842,3,3200000000.0
1762790285.7593842,4,3200000000.0
1762790285.7593842,5,3200000000.0
1762790286.7597885,0,1000000000.0
1762790286.7597885,1,3200000000.0
1762790286.7597885,2,1000000000.0
1762790286.7597885,3,3200000000.0
1762790286.7597885,4,1000000000.0
1762790286.7597885,5,3200000000.0
1762790286.7597885,6,1000000000.0
1762790286.7597885,7,3200000000.0
1762790286.7597885,8,1000000000.0
1762790286.7597885,9,3200000000.0
1762790286.7597885,0,3200000000.0
1762790286.7597885,1,3200000000.0
1762790286.7597885,2,3200000000.0
1762790286.7597885,3,3200000000.0
1762790286.7597885,4,3200000000.0
1762790286.7597885,5,3200000000.0
1762790286.7597885,6,3200000000.0
1762790286.7597885,7,3200000000.0
1762790286.7597885,8,3200000000.0
1762790286.7597885,9,3200000000.0
1762790286.7597885,0,3200000000.0
1762790286.7597885,1,3200000000.0
1762790286.7597885,2,3200000000.0
1762790286.7597885,3,3200000000.0
1762790286.7597885,4,3200000000.0
1762790286.7597885,5,3200000000.0
1762790286.7597885,6,3200000000.0
1762790286.7597885,7,3200000000.0
1762790286.7597885,8,3200000000.0
1762790286.7597885,9,3200000000.0
1762790286.7597885,0,3200000000.0
1762790286.7597885,1,3200000000.0
1762790286.7597885,2,3200000000.0
1762790286.7597885,3,3200000000.0
1762790286.7597885,4,3200000000.0
1762790286.7597885,5,3200000000.0
1762790286.7597885,6,3200000000.0
1762790286.7597885,7,3200000000.0
1762790286.7597885,8,3200000000.0
1762790286.7597885,9,3200000000.0
1762790286.7597885,0,3200000000.0
1762790286.7597885,1,3200000000.0
1762790286.7597885,2,3200000000.0
1762790286.7597885,3,3200000000.0
1762790286.7597885,4,3200000000.0
1762790286.7597885,5,3200000000.0
1762790286.7597885,6,3200000000.0
1762790286.7597885,7,3200000000.0
1762790286.7597885,8,3200000000.0
1762790286.7597885,9,3200000000.0
1762790286.7597885,0,3200000000.0
1762790286.7597885,1,3200000000.0
1762790286.7597885,2,3200000000.0
1762790286.7597885,3,3200000000.0
1762790286.7597885,4,3200000000.0
1762790286.7597885,5,3200000000.0
1762790286.7597885,6,3200000000.0
1762790286.7597885,7,3200000000.0
1762790286.7597885,8,3200000000.0
1762790286.7597885,9,3200000000.0
1762790286.7597885,0,3200000000.0
1762790286.7597885,1,3200000000.0
1762790286.7597885,2,3200000000.0
1762790286.7597885,3,3200000000.0
1762790286.7597885,4,3200000000.0
1762790286.7597885,5,3200000000.0
1762790286.7597885,6,3200000000.0
1762790286.7597885,7,3200000000.0
1762790286.7597885,8,3200000000.0
1762790286.7597885,9,3200000000.0
1762790286.7597885,0,3200000000.0
1762790286.7597885,1,3200000000.0
1762790286.7597885,2,3200000000.0
1762790286.7597885,3,3200000000.0
1762790286.7597885,4,3200000000.0
1762790286.7597885,5,3200000000.0
1762790286.7597885,6,3200000000.0
1762790286.7597885,7,3200000000.0
1762790286.7597885,8,3200000000.0
1762790286.7597885,9,3200000000.0
1762790286.7597885,0,3200000000.0
1762790286.7597885,1,3200000000.0
1762790286.7597885,2,3200000000.0
1762790286.7597885,3,3200000000.0
1762790286.7597885,4,3200000000.0
1762790286.7597885,5,3200000000.0
1762790286.7597885,6,3200000000.0
1762790286.7597885,7,3200000000.0
1762790286.7597885,8,3200000000.0
1762790286.7597885,9,3200000000.0
1762790286.7597885,0,3200000000.0
1762790286.7597885,1,3200000000.0
1762790286.7597885,2,3200000000.0
1762790286.7597885,3,3200000000.0
1762790286.7597885,4,3200000000.0
1762790286.7597885,5,3200000000.0
1762790287.7591252,0,1000000000.0
1762790287.7591252,1,2400000000.0
1762790287.7591252,2,2400000000.0
1762790287.7591252,3,2400000000.0
1762790287.7591252,4,2400000000.0
1762790287.7591252,5,2400000000.0
1762790287.7591252,6,2400000000.0
1762790287.7591252,7,2400000000.0
1762790287.7591252,8,2400000000.0
1762790287.7591252,9,2400000000.0
1762790287.7591252,0,2400000000.0
1762790287.7591252,1,2400000000.0
1762790287.7591252,2,2400000000.0
1762790287.7591252,3,2400000000.0
1762790287.7591252,4,2400000000.0
1762790287.7591252,5,2400000000.0
1762790287.7591252,6,2400000000.0
1762790287.7591252,7,2400000000.0
1762790287.7591252,8,2400000000.0
1762790287.7591252,9,2400000000.0
1762790287.7591252,0,2400000000.0
1762790287.7591252,1,2400000000.0
1762790287.7591252,2,2400000000.0
1762790287.7591252,3,2400000000.0
1762790287.7591252,4,2400000000.0
1762790287.7591252,5,2400000000.0
1762790287.7591252,6,2400000000.0
1762790287.7591252,7,2400000000.0
1762790287.7591252,8,2400000000.0
1762790287.7591252,9,2400000000.0
1762790287.7591252,0,2400000000.0
1762790287.7591252,1,2400000000.0
1762790287.7591252,2,2400000000.0
1762790287.7591252,3,2400000000.0
1762790287.7591252,4,2400000000.0
1762790287.7591252,5,2400000000.0
1762790287.7591252,6,2400000000.0
1762790287.7591252,7,2400000000.0
1762790287.7591252,8,2400000000.0
1762790287.7591252,9,2400000000.0
1762790287.7591252,0,2400000000.0
1762790287.7591252,1,2400000000.0
1762790287.7591252,2,2400000000.0
1762790287.7591252,3,2400000000.0
1762790287.7591252,4,2400000000.0
1762790287.7591252,5,2400000000.0
1762790287.7591252,6,2400000000.0
1762790287.7591252,7,2400000000.0
1762790287.7591252,8,2400000000.0
1762790287.7591252,9,2400000000.0
1762790287.7591252,0,2400000000.0
1762790287.7591252,1,2400000000.0
1762790287.7591252,2,2400000000.0
1762790287.7591252,3,2400000000.0
1762790287.7591252,4,2400000000.0
1762790287.7591252,5,2400000000.0
1762790287.7591252,6,2400000000.0
1762790287.7591252,7,2400000000.0
1762790287.7591252,8,2400000000.0
1762790287.7591252,9,2400000000.0
1762790287.7591252,0,2400000000.0
1762790287.7591252,1,2400000000.0
1762790287.7591252,2,2400000000.0
1762790287.7591252,3,2400000000.0
1762790287.7591252,4,2400000000.0
1762790287.7591252,5,2400000000.0
1762790287.7591252,6,2400000000.0
1762790287.7591252,7,2400000000.0
1762790287.7591252,8,2400000000.0
1762790287.7591252,9,2400000000.0
1762790287.7591252,0,2400000000.0
1762790287.7591252,1,2400000000.0
1762790287.7591252,2,2400000000.0
1762790287.7591252,3,2400000000.0
1762790287.7591252,4,2400000000.0
1762790287.7591252,5,2400000000.0
1762790287.7591252,6,2400000000.0
1762790287.7591252,7,2400000000.0
1762790287.7591252,8,2400000000.0
1762790287.7591252,9,2400000000.0
1762790287.7591252,0,2400000000.0
1762790287.7591252,1,2400000000.0
1762790287.7591252,2,2400000000.0
1762790287.7591252,3,2400000000.0
1762790287.7591252,4,2400000000.0
1762790287.7591252,5,2400000000.0
1762790287.7591252,6,2400000000.0
1762790287.7591252,7,2400000000.0
1762790287.7591252,8,2400000000.0
1762790287.7591252,9,2400000000.0
1762790287.7591252,0,2400000000.0
1762790287.7591252,1,2400000000.0
1762790287.7591252,2,2400000000.0
1762790287.7591252,3,2400000000.0
1762790287.7591252,4,2400000000.0
1762790287.7591252,5,2400000000.0
1762790288.7589967,0,1000000000.0
1762790288.7589967,1,2400000000.0
1762790288.7589967,2,1000000000.0
1762790288.7589967,3,2400000000.0
1762790288.7589967,4,2400000000.0
1762790288.7589967,5,2400000000.0
1762790288.7589967,6,2400000000.0
1762790288.7589967,7,2400000000.0
1762790288.7589967,8,2400000000.0
1762790288.7589967,9,2400000000.0
1762790288.7589967,0,2400000000.0
1762790288.7589967,1,2400000000.0
1762790288.7589967,2,2400000000.0
1762790288.7589967,3,2400000000.0
1762790288.7589967,4,2400000000.0
1762790288.7589967,5,2400000000.0
1762790288.7589967,6,2400000000.0
1762790288.7589967,7,2400000000.0
1762790288.7589967,8,2400000000.0
1762790288.7589967,9,2400000000.0
1762790288.7589967,0,2400000000.0
1762790288.7589967,1,2400000000.0
1762790288.7589967,2,2400000000.0
1762790288.7589967,3,2400000000.0
1762790288.7589967,4,2400000000.0
1762790288.7589967,5,2400000000.0
1762790288.7589967,6,2400000000.0
1762790288.7589967,7,2400000000.0
1762790288.7589967,8,2400000000.0
1762790288.7589967,9,2400000000.0
1762790288.7589967,0,2400000000.0
1762790288.7589967,1,2400000000.0
1762790288.7589967,2,2400000000.0
1762790288.7589967,3,2400000000.0
1762790288.7589967,4,2400000000.0
1762790288.7589967,5,2400000000.0
1762790288.7589967,6,2400000000.0
1762790288.7589967,7,2400000000.0
1762790288.7589967,8,2400000000.0
1762790288.7589967,9,2400000000.0
1762790288.7589967,0,2400000000.0
1762790288.7589967,1,2400000000.0
1762790288.7589967,2,2400000000.0
1762790288.7589967,3,2400000000.0
1762790288.7589967,4,2400000000.0
1762790288.7589967,5,2400000000.0
1762790288.7589967,6,2400000000.0
1762790288.7589967,7,2400000000.0
1762790288.7589967,8,2400000000.0
1762790288.7589967,9,2400000000.0
1762790288.7589967,0,2400000000.0
1762790288.7589967,1,2400000000.0
1762790288.7589967,2,2400000000.0
1762790288.7589967,3,2400000000.0
1762790288.7589967,4,2400000000.0
1762790288.7589967,5,2400000000.0
1762790288.7589967,6,2400000000.0
1762790288.7589967,7,2400000000.0
1762790288.7589967,8,2400000000.0
1762790288.7589967,9,2400000000.0
1762790288.7589967,0,2400000000.0
1762790288.7589967,1,2400000000.0
1762790288.7589967,2,2400000000.0
1762790288.7589967,3,2400000000.0
1762790288.7589967,4,2400000000.0
1762790288.7589967,5,2400000000.0
1762790288.7589967,6,2400000000.0
1762790288.7589967,7,2400000000.0
1762790288.7589967,8,2400000000.0
1762790288.7589967,9,2400000000.0
1762790288.7589967,0,2400000000.0
1762790288.7589967,1,2400000000.0
1762790288.7589967,2,2400000000.0
1762790288.7589967,3,2400000000.0
1762790288.7589967,4,2400000000.0
1762790288.7589967,5,2400000000.0
1762790288.7589967,6,2400000000.0
1762790288.7589967,7,2400000000.0
1762790288.7589967,8,2400000000.0
1762790288.7589967,9,2400000000.0
1762790288.7589967,0,2400000000.0
1762790288.7589967,1,2400000000.0
1762790288.7589967,2,2400000000.0
1762790288.7589967,3,2400000000.0
1762790288.7589967,4,2400000000.0
1762790288.7589967,5,2400000000.0
1762790288.7589967,6,2400000000.0
1762790288.7589967,7,2400000000.0
1762790288.7589967,8,2400000000.0
1762790288.7589967,9,2400000000.0
1762790288.7589967,0,2400000000.0
1762790288.7589967,1,2400000000.0
1762790288.7589967,2,2400000000.0
1762790288.7589967,3,2400000000.0
1762790288.7589967,4,2400000000.0
1762790288.7589967,5,2400000000.0
1762790289.7596989,0,1000000000.0
1762790289.7596989,1,1300000000.0
1762790289.7596989,2,1300000000.0
1762790289.7596989,3,1300000000.0
1762790289.7596989,4,1300000000.0
1762790289.7596989,5,1300000000.0
1762790289.7596989,6,1300000000.0
1762790289.7596989,7,1300000000.0
1762790289.7596989,8,1300000000.0
1762790289.7596989,9,1300000000.0
1762790289.7596989,0,1300000000.0
1762790289.7596989,1,1300000000.0
1762790289.7596989,2,1300000000.0
1762790289.7596989,3,1300000000.0
1762790289.7596989,4,1300000000.0
1762790289.7596989,5,1300000000.0
1762790289.7596989,6,1300000000.0
1762790289.7596989,7,1300000000.0
1762790289.7596989,8,1300000000.0
1762790289.7596989,9,1300000000.0
1762790289.7596989,0,1300000000.0
1762790289.7596989,1,1300000000.0
1762790289.7596989,2,1300000000.0
1762790289.7596989,3,1300000000.0
1762790289.7596989,4,1300000000.0
1762790289.7596989,5,1300000000.0
1762790289.7596989,6,1300000000.0
1762790289.7596989,7,1300000000.0
1762790289.7596989,8,1300000000.0
1762790289.7596989,9,1300000000.0
1762790289.7596989,0,1300000000.0
1762790289.7596989,1,1300000000.0
1762790289.7596989,2,1300000000.0
1762790289.7596989,3,1300000000.0
1762790289.7596989,4,1300000000.0
1762790289.7596989,5,1300000000.0
1762790289.7596989,6,1300000000.0
1762790289.7596989,7,1300000000.0
1762790289.7596989,8,1300000000.0
1762790289.7596989,9,1300000000.0
1762790289.7596989,0,1300000000.0
1762790289.7596989,1,1300000000.0
1762790289.7596989,2,1300000000.0
1762790289.7596989,3,1300000000.0
1762790289.7596989,4,1300000000.0
1762790289.7596989,5,1300000000.0
1762790289.7596989,6,1300000000.0
1762790289.7596989,7,1300000000.0
1762790289.7596989,8,1300000000.0
1762790289.7596989,9,1300000000.0
1762790289.7596989,0,1300000000.0
1762790289.7596989,1,1300000000.0
1762790289.7596989,2,1300000000.0
1762790289.7596989,3,1300000000.0
1762790289.7596989,4,1300000000.0
1762790289.7596989,5,1300000000.0
1762790289.7596989,6,1300000000.0
1762790289.7596989,7,1300000000.0
1762790289.7596989,8,1300000000.0
1762790289.7596989,9,1300000000.0
1762790289.7596989,0,1300000000.0
1762790289.7596989,1,1300000000.0
1762790289.7596989,2,1300000000.0
1762790289.7596989,3,1300000000.0
1762790289.7596989,4,1300000000.0
1762790289.7596989,5,1300000000.0
1762790289.7596989,6,1300000000.0
1762790289.7596989,7,1300000000.0
1762790289.7596989,8,1300000000.0
1762790289.7596989,9,1300000000.0
1762790289.7596989,0,1300000000.0
1762790289.7596989,1,1300000000.0
1762790289.7596989,2,1300000000.0
1762790289.7596989,3,1300000000.0
1762790289.7596989,4,1300000000.0
1762790289.7596989,5,1300000000.0
1762790289.7596989,6,1300000000.0
1762790289.7596989,7,1300000000.0
1762790289.7596989,8,1300000000.0
1762790289.7596989,9,1300000000.0
1762790289.7596989,0,1300000000.0
1762790289.7596989,1,1300000000.0
1762790289.7596989,2,1300000000.0
1762790289.7596989,3,1300000000.0
1762790289.7596989,4,1300000000.0
1762790289.7596989,5,1300000000.0
1762790289.7596989,6,1300000000.0
1762790289.7596989,7,1300000000.0
1762790289.7596989,8,1300000000.0
1762790289.7596989,9,1300000000.0
1762790289.7596989,0,1300000000.0
1762790289.7596989,1,1300000000.0
1762790289.7596989,2,1300000000.0
1762790289.7596989,3,1300000000.0
1762790289.7596989,4,1300000000.0
1762790289.7596989,5,1300000000.0
1762790290.7619271,0,1300000000.0
1762790290.7619271,1,1300000000.0
1762790290.7619271,2,1300000000.0
1762790290.7619271,3,1300000000.0
1762790290.7619271,4,1300000000.0
1762790290.7619271,5,1300000000.0
1762790290.7619271,6,1300000000.0
1762790290.7619271,7,1300000000.0
1762790290.7619271,8,1300000000.0
1762790290.7619271,9,1300000000.0
1762790290.7619271,0,1300000000.0
1762790290.7619271,1,1300000000.0
1762790290.7619271,2,1300000000.0
1762790290.7619271,3,1300000000.0
1762790290.7619271,4,1300000000.0
1762790290.7619271,5,1300000000.0
1762790290.7619271,6,1300000000.0
1762790290.7619271,7,1300000000.0
1762790290.7619271,8,1300000000.0
1762790290.7619271,9,1300000000.0
1762790290.7619271,0,1300000000.0
1762790290.7619271,1,1300000000.0
1762790290.7619271,2,1300000000.0
1762790290.7619271,3,1300000000.0
1762790290.7619271,4,1300000000.0
1762790290.7619271,5,1300000000.0
1762790290.7619271,6,1300000000.0
1762790290.7619271,7,1300000000.0
1762790290.7619271,8,1300000000.0
1762790290.7619271,9,1300000000.0
1762790290.7619271,0,1300000000.0
1762790290.7619271,1,1300000000.0
1762790290.7619271,2,1300000000.0
1762790290.7619271,3,1300000000.0
1762790290.7619271,4,1300000000.0
1762790290.7619271,5,1300000000.0
1762790290.7619271,6,1300000000.0
1762790290.7619271,7,1300000000.0
1762790290.7619271,8,1300000000.0
1762790290.7619271,9,1300000000.0
1762790290.7619271,0,1300000000.0
1762790290.7619271,1,1300000000.0
1762790290.7619271,2,1300000000.0
1762790290.7619271,3,1300000000.0
1762790290.7619271,4,1300000000.0
1762790290.7619271,5,1300000000.0
1762790290.7619271,6,1300000000.0
1762790290.7619271,7,1300000000.0
1762790290.7619271,8,1300000000.0
1762790290.7619271,9,1300000000.0
1762790290.7619271,0,1300000000.0
1762790290.7619271,1,1300000000.0
1762790290.7619271,2,1300000000.0
1762790290.7619271,3,1300000000.0
1762790290.7619271,4,1300000000.0
1762790290.7619271,5,1300000000.0
1762790290.7619271,6,1300000000.0
1762790290.7619271,7,1300000000.0
1762790290.7619271,8,1300000000.0
1762790290.7619271,9,1300000000.0
1762790290.7619271,0,1300000000.0
1762790290.7619271,1,1300000000.0
1762790290.7619271,2,1300000000.0
1762790290.7619271,3,1300000000.0
1762790290.7619271,4,1300000000.0
1762790290.7619271,5,1300000000.0
1762790290.7619271,6,1300000000.0
1762790290.7619271,7,1300000000.0
1762790290.7619271,8,1300000000.0
1762790290.7619271,9,1300000000.0
1762790290.7619271,0,1300000000.0
1762790290.7619271,1,1300000000.0
1762790290.7619271,2,1300000000.0
1762790290.7619271,3,1300000000.0
1762790290.7619271,4,1300000000.0
1762790290.7619271,5,1300000000.0
1762790290.7619271,6,1300000000.0
1762790290.7619271,7,1300000000.0
1762790290.7619271,8,1300000000.0
1762790290.7619271,9,1300000000.0
1762790290.7619271,0,1300000000.0
1762790290.7619271,1,1300000000.0
1762790290.7619271,2,1300000000.0
1762790290.7619271,3,1300000000.0
1762790290.7619271,4,1300000000.0
1762790290.7619271,5,1300000000.0
1762790290.7619271,6,1300000000.0
1762790290.7619271,7,1300000000.0
1762790290.7619271,8,1300000000.0
1762790290.7619271,9,1300000000.0
1762790290.7619271,0,1300000000.0
1762790290.7619271,1,1300000000.0
1762790290.7619271,2,1300000000.0
1762790290.7619271,3,1300000000.0
1762790290.7619271,4,1300000000.0
1762790290.7619271,5,1300000000.0
1762790291.75892,0,3200000000.0
1762790291.75892,1,3200000000.0
1762790291.75892,2,3200000000.0
1762790291.75892,3,3200000000.0
1762790291.75892,4,3200000000.0
1762790291.75892,5,3200000000.0
1762790291.75892,6,3200000000.0
1762790291.75892,7,3200000000.0
1762790291.75892,8,3200000000.0
1762790291.75892,9,3200000000.0
1762790291.75892,0,3200000000.0
1762790291.75892,1,3200000000.0
1762790291.75892,2,3200000000.0
1762790291.75892,3,3200000000.0
1762790291.75892,4,3200000000.0
1762790291.75892,5,3200000000.0
1762790291.75892,6,3200000000.0
1762790291.75892,7,3200000000.0
1762790291.75892,8,3200000000.0
1762790291.75892,9,3200000000.0
1762790291.75892,0,3200000000.0
1762790291.75892,1,3200000000.0
1762790291.75892,2,3200000000.0
1762790291.75892,3,3200000000.0
1762790291.75892,4,3200000000.0
1762790291.75892,5,3200000000.0
1762790291.75892,6,3200000000.0
1762790291.75892,7,3200000000.0
1762790291.75892,8,3200000000.0
1762790291.75892,9,3200000000.0
1762790291.75892,0,3200000000.0
1762790291.75892,1,3200000000.0
1762790291.75892,2,3200000000.0
1762790291.75892,3,3200000000.0
1762790291.75892,4,3200000000.0
1762790291.75892,5,3200000000.0
1762790291.75892,6,3200000000.0
1762790291.75892,7,3200000000.0
1762790291.75892,8,3200000000.0
1762790291.75892,9,3200000000.0
1762790291.75892,0,3200000000.0
1762790291.75892,1,3200000000.0
1762790291.75892,2,3200000000.0
1762790291.75892,3,3200000000.0
1762790291.75892,4,3200000000.0
1762790291.75892,5,3200000000.0
1762790291.75892,6,3200000000.0
1762790291.75892,7,3200000000.0
1762790291.75892,8,3200000000.0
1762790291.75892,9,3200000000.0
1762790291.75892,0,3200000000.0
1762790291.75892,1,3200000000.0
1762790291.75892,2,3200000000.0
1762790291.75892,3,3200000000.0
1762790291.75892,4,3200000000.0
1762790291.75892,5,3000000000.0
1762790291.75892,6,3200000000.0
1762790291.75892,7,3200000000.0
1762790291.75892,8,3000000000.0
1762790291.75892,9,3200000000.0
1762790291.75892,0,3200000000.0
1762790291.75892,1,3200000000.0
1762790291.75892,2,3200000000.0
1762790291.75892,3,3200000000.0
1762790291.75892,4,3200000000.0
1762790291.75892,5,3200000000.0
1762790291.75892,6,3200000000.0
1762790291.75892,7,3200000000.0
1762790291.75892,8,3200000000.0
1762790291.75892,9,3200000000.0
1762790291.75892,0,3200000000.0
1762790291.75892,1,3200000000.0
1762790291.75892,2,3200000000.0
1762790291.75892,3,3200000000.0
1762790291.75892,4,3200000000.0
1762790291.75892,5,3200000000.0
1762790291.75892,6,3200000000.0
1762790291.75892,7,3200000000.0
1762790291.75892,8,3200000000.0
1762790291.75892,9,3200000000.0
1762790291.75892,0,3200000000.0
1762790291.75892,1,3200000000.0
1762790291.75892,2,3200000000.0
1762790291.75892,3,3200000000.0
1762790291.75892,4,3200000000.0
1762790291.75892,5,3200000000.0
1762790291.75892,6,3200000000.0
1762790291.75892,7,3200000000.0
1762790291.75892,8,3200000000.0
1762790291.75892,9,3200000000.0
1762790291.75892,0,3200000000.0
1762790291.75892,1,3200000000.0
1762790291.75892,2,3200000000.0
1762790291.75892,3,3200000000.0
1762790291.75892,4,3200000000.0
1762790291.75892,5,3200000000.0
1762790292.7589571,0,3200000000.0
1762790292.7589571,1,3200000000.0
1762790292.7589571,2,3200000000.0
1762790292.7589571,3,3200000000.0
1762790292.7589571,4,3200000000.0
1762790292.7589571,5,3200000000.0
1762790292.7589571,6,3200000000.0
1762790292.7589571,7,3200000000.0
1762790292.7589571,8,3200000000.0
1762790292.7589571,9,3200000000.0
1762790292.7589571,0,3200000000.0
1762790292.7589571,1,3200000000.0
1762790292.7589571,2,3200000000.0
1762790292.7589571,3,3200000000.0
1762790292.7589571,4,3200000000.0
1762790292.7589571,5,3200000000.0
1762790292.7589571,6,3200000000.0
1762790292.7589571,7,3200000000.0
1762790292.7589571,8,3200000000.0
1762790292.7589571,9,3200000000.0
1762790292.7589571,0,3200000000.0
1762790292.7589571,1,3200000000.0
1762790292.7589571,2,3200000000.0
1762790292.7589571,3,3200000000.0
1762790292.7589571,4,3200000000.0
1762790292.7589571,5,3200000000.0
1762790292.7589571,6,3200000000.0
1762790292.7589571,7,3200000000.0
1762790292.7589571,8,3200000000.0
1762790292.7589571,9,3200000000.0
1762790292.7589571,0,3200000000.0
1762790292.7589571,1,3200000000.0
1762790292.7589571,2,3200000000.0
1762790292.7589571,3,3200000000.0
1762790292.7589571,4,3200000000.0
1762790292.7589571,5,3200000000.0
1762790292.7589571,6,3200000000.0
1762790292.7589571,7,3200000000.0
1762790292.7589571,8,3200000000.0
1762790292.7589571,9,3200000000.0
1762790292.7589571,0,3200000000.0
1762790292.7589571,1,3200000000.0
1762790292.7589571,2,3200000000.0
1762790292.7589571,3,3200000000.0
1762790292.7589571,4,3200000000.0
1762790292.7589571,5,3200000000.0
1762790292.7589571,6,3200000000.0
1762790292.7589571,7,3200000000.0
1762790292.7589571,8,3200000000.0
1762790292.7589571,9,3200000000.0
1762790292.7589571,0,3200000000.0
1762790292.7589571,1,3200000000.0
1762790292.7589571,2,3200000000.0
1762790292.7589571,3,3200000000.0
1762790292.7589571,4,3200000000.0
1762790292.7589571,5,3200000000.0
1762790292.7589571,6,3200000000.0
1762790292.7589571,7,3200000000.0
1762790292.7589571,8,3200000000.0
1762790292.7589571,9,3200000000.0
1762790292.7589571,0,3200000000.0
1762790292.7589571,1,3200000000.0
1762790292.7589571,2,3200000000.0
1762790292.7589571,3,3200000000.0
1762790292.7589571,4,3200000000.0
1762790292.7589571,5,3200000000.0
1762790292.7589571,6,3200000000.0
1762790292.7589571,7,3200000000.0
1762790292.7589571,8,3200000000.0
1762790292.7589571,9,3200000000.0
1762790292.7589571,0,3200000000.0
1762790292.7589571,1,3200000000.0
1762790292.7589571,2,3200000000.0
1762790292.7589571,3,3200000000.0
1762790292.7589571,4,3200000000.0
1762790292.7589571,5,3200000000.0
1762790292.7589571,6,3200000000.0
1762790292.7589571,7,3200000000.0
1762790292.7589571,8,3200000000.0
1762790292.7589571,9,3200000000.0
1762790292.7589571,0,3200000000.0
1762790292.7589571,1,3200000000.0
1762790292.7589571,2,3200000000.0
1762790292.7589571,3,3200000000.0
1762790292.7589571,4,3200000000.0
1762790292.7589571,5,3200000000.0
1762790292.7589571,6,3200000000.0
1762790292.7589571,7,3200000000.0
1762790292.7589571,8,3200000000.0
1762790292.7589571,9,3200000000.0
1762790292.7589571,0,3200000000.0
1762790292.7589571,1,3200000000.0
1762790292.7589571,2,3200000000.0
1762790292.7589571,3,3200000000.0
1762790292.7589571,4,3200000000.0
1762790292.7589571,5,3200000000.0
1762790293.758919,0,3100000000.0
1762790293.758919,1,3100000000.0
1762790293.758919,2,3100000000.0
1762790293.758919,3,3100000000.0
1762790293.758919,4,3100000000.0
1762790293.758919,5,3100000000.0
1762790293.758919,6,3100000000.0
1762790293.758919,7,3100000000.0
1762790293.758919,8,3100000000.0
1762790293.758919,9,3100000000.0
1762790293.758919,0,3100000000.0
1762790293.758919,1,3100000000.0
1762790293.758919,2,3100000000.0
1762790293.758919,3,3100000000.0
1762790293.758919,4,3100000000.0
1762790293.758919,5,3100000000.0
1762790293.758919,6,3100000000.0
1762790293.758919,7,3100000000.0
1762790293.758919,8,3100000000.0
1762790293.758919,9,3100000000.0
1762790293.758919,0,3100000000.0
1762790293.758919,1,3100000000.0
1762790293.758919,2,3100000000.0
1762790293.758919,3,3100000000.0
1762790293.758919,4,3100000000.0
1762790293.758919,5,3100000000.0
1762790293.758919,6,3100000000.0
1762790293.758919,7,3100000000.0
1762790293.758919,8,3100000000.0
1762790293.758919,9,3100000000.0
1762790293.758919,0,3100000000.0
1762790293.758919,1,3100000000.0
1762790293.758919,2,3100000000.0
1762790293.758919,3,3100000000.0
1762790293.758919,4,3100000000.0
1762790293.758919,5,3100000000.0
1762790293.758919,6,3100000000.0
1762790293.758919,7,3100000000.0
1762790293.758919,8,3100000000.0
1762790293.758919,9,3100000000.0
1762790293.758919,0,3100000000.0
1762790293.758919,1,3100000000.0
1762790293.758919,2,3100000000.0
1762790293.758919,3,3100000000.0
1762790293.758919,4,3100000000.0
1762790293.758919,5,3100000000.0
1762790293.758919,6,3100000000.0
1762790293.758919,7,3100000000.0
1762790293.758919,8,3100000000.0
1762790293.758919,9,3000000000.0
1762790293.758919,0,3100000000.0
1762790293.758919,1,3100000000.0
1762790293.758919,2,3100000000.0
1762790293.758919,3,3100000000.0
1762790293.758919,4,3100000000.0
1762790293.758919,5,3100000000.0
1762790293.758919,6,3100000000.0
1762790293.758919,7,3100000000.0
1762790293.758919,8,3100000000.0
1762790293.758919,9,3100000000.0
1762790293.758919,0,3100000000.0
1762790293.758919,1,3100000000.0
1762790293.758919,2,3100000000.0
1762790293.758919,3,3100000000.0
1762790293.758919,4,3100000000.0
1762790293.758919,5,3100000000.0
1762790293.758919,6,3100000000.0
1762790293.758919,7,3000000000.0
1762790293.758919,8,3100000000.0
1762790293.758919,9,3100000000.0
1762790293.758919,0,3100000000.0
1762790293.758919,1,3100000000.0
1762790293.758919,2,3100000000.0
1762790293.758919,3,3100000000.0
1762790293.758919,4,3100000000.0
1762790293.758919,5,3100000000.0
1762790293.758919,6,3100000000.0
1762790293.758919,7,3100000000.0
1762790293.758919,8,3100000000.0
1762790293.758919,9,3100000000.0
1762790293.758919,0,3100000000.0
1762790293.758919,1,3100000000.0
1762790293.758919,2,3100000000.0
1762790293.758919,3,3100000000.0
1762790293.758919,4,3100000000.0
1762790293.758919,5,3100000000.0
1762790293.758919,6,3100000000.0
1762790293.758919,7,3100000000.0
1762790293.758919,8,3100000000.0
1762790293.758919,9,3100000000.0
1762790293.758919,0,3100000000.0
1762790293.758919,1,3100000000.0
1762790293.758919,2,3100000000.0
1762790293.758919,3,3100000000.0
1762790293.758919,4,3100000000.0
1762790293.758919,5,3100000000.0
1762790294.7589414,0,3100000000.0
1762790294.7589414,1,3100000000.0
1762790294.7589414,2,3100000000.0
1762790294.7589414,3,3100000000.0
1762790294.7589414,4,3100000000.0
1762790294.7589414,5,3100000000.0
1762790294.7589414,6,3100000000.0
1762790294.7589414,7,3100000000.0
1762790294.7589414,8,3100000000.0
1762790294.7589414,9,3100000000.0
1762790294.7589414,0,3100000000.0
1762790294.7589414,1,3100000000.0
1762790294.7589414,2,3100000000.0
1762790294.7589414,3,3100000000.0
1762790294.7589414,4,3100000000.0
1762790294.7589414,5,3100000000.0
1762790294.7589414,6,3100000000.0
1762790294.7589414,7,3100000000.0
1762790294.7589414,8,3100000000.0
1762790294.7589414,9,3100000000.0
1762790294.7589414,0,3100000000.0
1762790294.7589414,1,3100000000.0
1762790294.7589414,2,3100000000.0
1762790294.7589414,3,3100000000.0
1762790294.7589414,4,3100000000.0
1762790294.7589414,5,3100000000.0
1762790294.7589414,6,3100000000.0
1762790294.7589414,7,3100000000.0
1762790294.7589414,8,3100000000.0
1762790294.7589414,9,3100000000.0
1762790294.7589414,0,3100000000.0
1762790294.7589414,1,3100000000.0
1762790294.7589414,2,3100000000.0
1762790294.7589414,3,3100000000.0
1762790294.7589414,4,3100000000.0
1762790294.7589414,5,3100000000.0
1762790294.7589414,6,3100000000.0
1762790294.7589414,7,3100000000.0
1762790294.7589414,8,3100000000.0
1762790294.7589414,9,3100000000.0
1762790294.7589414,0,3100000000.0
1762790294.7589414,1,3100000000.0
1762790294.7589414,2,3100000000.0
1762790294.7589414,3,3100000000.0
1762790294.7589414,4,3100000000.0
1762790294.7589414,5,3100000000.0
1762790294.7589414,6,3100000000.0
1762790294.7589414,7,3100000000.0
1762790294.7589414,8,3100000000.0
1762790294.7589414,9,3100000000.0
1762790294.7589414,0,3100000000.0
1762790294.7589414,1,3100000000.0
1762790294.7589414,2,3100000000.0
1762790294.7589414,3,3100000000.0
1762790294.7589414,4,3100000000.0
1762790294.7589414,5,3100000000.0
1762790294.7589414,6,3100000000.0
1762790294.7589414,7,3100000000.0
1762790294.7589414,8,3100000000.0
1762790294.7589414,9,3100000000.0
1762790294.7589414,0,3100000000.0
1762790294.7589414,1,3100000000.0
1762790294.7589414,2,3100000000.0
1762790294.7589414,3,3100000000.0
1762790294.7589414,4,3100000000.0
1762790294.7589414,5,3100000000.0
1762790294.7589414,6,3100000000.0
1762790294.7589414,7,3100000000.0
1762790294.7589414,8,3100000000.0
1762790294.7589414,9,3100000000.0
1762790294.7589414,0,3100000000.0
1762790294.7589414,1,3100000000.0
1762790294.7589414,2,3100000000.0
1762790294.7589414,3,3100000000.0
1762790294.7589414,4,3100000000.0
1762790294.7589414,5,3100000000.0
1762790294.7589414,6,3100000000.0
1762790294.7589414,7,3100000000.0
1762790294.7589414,8,3100000000.0
1762790294.7589414,9,3100000000.0
1762790294.7589414,0,3100000000.0
1762790294.7589414,1,3100000000.0
1762790294.7589414,2,3100000000.0
1762790294.7589414,3,3100000000.0
1762790294.7589414,4,3100000000.0
1762790294.7589414,5,3100000000.0
1762790294.7589414,6,3100000000.0
1762790294.7589414,7,3100000000.0
1762790294.7589414,8,3100000000.0
1762790294.7589414,9,3100000000.0
1762790294.7589414,0,3100000000.0
1762790294.7589414,1,3100000000.0
1762790294.7589414,2,3100000000.0
1762790294.7589414,3,3100000000.0
1762790294.7589414,4,3100000000.0
1762790294.7589414,5,3100000000.0
1762790295.758938,0,2400000000.0
1762790295.758938,1,2400000000.0
1762790295.758938,2,2400000000.0
1762790295.758938,3,2400000000.0
1762790295.758938,4,2400000000.0
1762790295.758938,5,2400000000.0
1762790295.758938,6,2400000000.0
1762790295.758938,7,2400000000.0
1762790295.758938,8,2400000000.0
1762790295.758938,9,2400000000.0
1762790295.758938,0,2400000000.0
1762790295.758938,1,2400000000.0
1762790295.758938,2,2400000000.0
1762790295.758938,3,2400000000.0
1762790295.758938,4,2400000000.0
1762790295.758938,5,2400000000.0
1762790295.758938,6,2400000000.0
1762790295.758938,7,2400000000.0
1762790295.758938,8,2400000000.0
1762790295.758938,9,2400000000.0
1762790295.758938,0,2400000000.0
1762790295.758938,1,2400000000.0
1762790295.758938,2,2400000000.0
1762790295.758938,3,2400000000.0
1762790295.758938,4,2400000000.0
1762790295.758938,5,2400000000.0
1762790295.758938,6,2400000000.0
1762790295.758938,7,2400000000.0
1762790295.758938,8,2400000000.0
1762790295.758938,9,2400000000.0
1762790295.758938,0,2400000000.0
1762790295.758938,1,2400000000.0
1762790295.758938,2,2400000000.0
1762790295.758938,3,2400000000.0
1762790295.758938,4,2400000000.0
1762790295.758938,5,2400000000.0
1762790295.758938,6,2400000000.0
1762790295.758938,7,2400000000.0
1762790295.758938,8,2400000000.0
1762790295.758938,9,2400000000.0
1762790295.758938,0,2400000000.0
1762790295.758938,1,2400000000.0
1762790295.758938,2,2400000000.0
1762790295.758938,3,2400000000.0
1762790295.758938,4,2400000000.0
1762790295.758938,5,2400000000.0
1762790295.758938,6,2400000000.0
1762790295.758938,7,2400000000.0
1762790295.758938,8,2400000000.0
1762790295.758938,9,2400000000.0
1762790295.758938,0,2400000000.0
1762790295.758938,1,2400000000.0
1762790295.758938,2,2400000000.0
1762790295.758938,3,2400000000.0
1762790295.758938,4,2400000000.0
1762790295.758938,5,2400000000.0
1762790295.758938,6,2400000000.0
1762790295.758938,7,2400000000.0
1762790295.758938,8,2400000000.0
1762790295.758938,9,2400000000.0
1762790295.758938,0,2400000000.0
1762790295.758938,1,2400000000.0
1762790295.758938,2,2400000000.0
1762790295.758938,3,2400000000.0
1762790295.758938,4,2400000000.0
1762790295.758938,5,2400000000.0
1762790295.758938,6,2400000000.0
1762790295.758938,7,2400000000.0
1762790295.758938,8,2400000000.0
1762790295.758938,9,2400000000.0
1762790295.758938,0,2400000000.0
1762790295.758938,1,2400000000.0
1762790295.758938,2,2400000000.0
1762790295.758938,3,2400000000.0
1762790295.758938,4,2400000000.0
1762790295.758938,5,2400000000.0
1762790295.758938,6,2400000000.0
1762790295.758938,7,2400000000.0
1762790295.758938,8,2400000000.0
1762790295.758938,9,2400000000.0
1762790295.758938,0,2400000000.0
1762790295.758938,1,2400000000.0
1762790295.758938,2,2400000000.0
1762790295.758938,3,2400000000.0
1762790295.758938,4,2400000000.0
1762790295.758938,5,2400000000.0
1762790295.758938,6,2400000000.0
1762790295.758938,7,2400000000.0
1762790295.758938,8,2400000000.0
1762790295.758938,9,2400000000.0
1762790295.758938,0,2400000000.0
1762790295.758938,1,2400000000.0
1762790295.758938,2,2400000000.0
1762790295.758938,3,2400000000.0
1762790295.758938,4,2400000000.0
1762790295.758938,5,2400000000.0
1762790296.7589192,0,2400000000.0
1762790296.7589192,1,2400000000.0
1762790296.7589192,2,2400000000.0
1762790296.7589192,3,2400000000.0
1762790296.7589192,4,2400000000.0
1762790296.7589192,5,2400000000.0
1762790296.7589192,6,2400000000.0
1762790296.7589192,7,2400000000.0
1762790296.7589192,8,2400000000.0
1762790296.7589192,9,2400000000.0
1762790296.7589192,0,2400000000.0
1762790296.7589192,1,2400000000.0
1762790296.7589192,2,2400000000.0
1762790296.7589192,3,2400000000.0
1762790296.7589192,4,2400000000.0
1762790296.7589192,5,2400000000.0
1762790296.7589192,6,2400000000.0
1762790296.7589192,7,2400000000.0
1762790296.7589192,8,2400000000.0
1762790296.7589192,9,2400000000.0
1762790296.7589192,0,2400000000.0
1762790296.7589192,1,2400000000.0
1762790296.7589192,2,2400000000.0
1762790296.7589192,3,2400000000.0
1762790296.7589192,4,2400000000.0
1762790296.7589192,5,2400000000.0
1762790296.7589192,6,2400000000.0
1762790296.7589192,7,2400000000.0
1762790296.7589192,8,2400000000.0
1762790296.7589192,9,2400000000.0
1762790296.7589192,0,2400000000.0
1762790296.7589192,1,2400000000.0
1762790296.7589192,2,2400000000.0
1762790296.7589192,3,2400000000.0
1762790296.7589192,4,2400000000.0
1762790296.7589192,5,2400000000.0
1762790296.7589192,6,2400000000.0
1762790296.7589192,7,2400000000.0
1762790296.7589192,8,2400000000.0
1762790296.7589192,9,2400000000.0
1762790296.7589192,0,2400000000.0
1762790296.7589192,1,2400000000.0
1762790296.7589192,2,2400000000.0
1762790296.7589192,3,2400000000.0
1762790296.7589192,4,2400000000.0
1762790296.7589192,5,2400000000.0
1762790296.7589192,6,2400000000.0
1762790296.7589192,7,2400000000.0
1762790296.7589192,8,2400000000.0
1762790296.7589192,9,2400000000.0
1762790296.7589192,0,2400000000.0
1762790296.7589192,1,2400000000.0
1762790296.7589192,2,2400000000.0
1762790296.7589192,3,2400000000.0
1762790296.7589192,4,2400000000.0
1762790296.7589192,5,2400000000.0
1762790296.7589192,6,2400000000.0
1762790296.7589192,7,2400000000.0
1762790296.7589192,8,2400000000.0
1762790296.7589192,9,2400000000.0
1762790296.7589192,0,2400000000.0
1762790296.7589192,1,2400000000.0
1762790296.7589192,2,2400000000.0
1762790296.7589192,3,2400000000.0
1762790296.7589192,4,2400000000.0
1762790296.7589192,5,2400000000.0
1762790296.7589192,6,2400000000.0
1762790296.7589192,7,2400000000.0
1762790296.7589192,8,2400000000.0
1762790296.7589192,9,2400000000.0
1762790296.7589192,0,2400000000.0
1762790296.7589192,1,2400000000.0
1762790296.7589192,2,2400000000.0
1762790296.7589192,3,2400000000.0
1762790296.7589192,4,2400000000.0
1762790296.7589192,5,2400000000.0
1762790296.7589192,6,2400000000.0
1762790296.7589192,7,2400000000.0
1762790296.7589192,8,2400000000.0
1762790296.7589192,9,2400000000.0
1762790296.7589192,0,2400000000.0
1762790296.7589192,1,2400000000.0
1762790296.7589192,2,2400000000.0
1762790296.7589192,3,2400000000.0
1762790296.7589192,4,2400000000.0
1762790296.7589192,5,2400000000.0
1762790296.7589192,6,2400000000.0
1762790296.7589192,7,2400000000.0
1762790296.7589192,8,2400000000.0
1762790296.7589192,9,2400000000.0
1762790296.7589192,0,2400000000.0
1762790296.7589192,1,2400000000.0
1762790296.7589192,2,2400000000.0
1762790296.7589192,3,2400000000.0
1762790296.7589192,4,2400000000.0
1762790296.7589192,5,2400000000.0
1762790297.7589319,0,3200000000.0
1762790297.7589319,1,3200000000.0
1762790297.7589319,2,3200000000.0
1762790297.7589319,3,3200000000.0
1762790297.7589319,4,3200000000.0
1762790297.7589319,5,3200000000.0
1762790297.7589319,6,3200000000.0
1762790297.7589319,7,3200000000.0
1762790297.7589319,8,3200000000.0
1762790297.7589319,9,3200000000.0
1762790297.7589319,0,3200000000.0
1762790297.7589319,1,3200000000.0
1762790297.7589319,2,3200000000.0
1762790297.7589319,3,3200000000.0
1762790297.7589319,4,3200000000.0
1762790297.7589319,5,3200000000.0
1762790297.7589319,6,3200000000.0
1762790297.7589319,7,3200000000.0
1762790297.7589319,8,3200000000.0
1762790297.7589319,9,3200000000.0
1762790297.7589319,0,3200000000.0
1762790297.7589319,1,3200000000.0
1762790297.7589319,2,3200000000.0
1762790297.7589319,3,3200000000.0
1762790297.7589319,4,3200000000.0
1762790297.7589319,5,3200000000.0
1762790297.7589319,6,3200000000.0
1762790297.7589319,7,3200000000.0
1762790297.7589319,8,3200000000.0
1762790297.7589319,9,3200000000.0
1762790297.7589319,0,3200000000.0
1762790297.7589319,1,3200000000.0
1762790297.7589319,2,3200000000.0
1762790297.7589319,3,3200000000.0
1762790297.7589319,4,3200000000.0
1762790297.7589319,5,3200000000.0
1762790297.7589319,6,3200000000.0
1762790297.7589319,7,3200000000.0
1762790297.7589319,8,3200000000.0
1762790297.7589319,9,3200000000.0
1762790297.7589319,0,3200000000.0
1762790297.7589319,1,3200000000.0
1762790297.7589319,2,3200000000.0
1762790297.7589319,3,3200000000.0
1762790297.7589319,4,3200000000.0
1762790297.7589319,5,3200000000.0
1762790297.7589319,6,3200000000.0
1762790297.7589319,7,3200000000.0
1762790297.7589319,8,3200000000.0
1762790297.7589319,9,3200000000.0
1762790297.7589319,0,3200000000.0
1762790297.7589319,1,3200000000.0
1762790297.7589319,2,3200000000.0
1762790297.7589319,3,3200000000.0
1762790297.7589319,4,3200000000.0
1762790297.7589319,5,3200000000.0
1762790297.7589319,6,3200000000.0
1762790297.7589319,7,3200000000.0
1762790297.7589319,8,3200000000.0
1762790297.7589319,9,3200000000.0
1762790297.7589319,0,3000000000.0
1762790297.7589319,1,3200000000.0
1762790297.7589319,2,3200000000.0
1762790297.7589319,3,3200000000.0
1762790297.7589319,4,3200000000.0
1762790297.7589319,5,3200000000.0
1762790297.7589319,6,3200000000.0
1762790297.7589319,7,3200000000.0
1762790297.7589319,8,3200000000.0
1762790297.7589319,9,3200000000.0
1762790297.7589319,0,3200000000.0
1762790297.7589319,1,3200000000.0
1762790297.7589319,2,3200000000.0
1762790297.7589319,3,3200000000.0
1762790297.7589319,4,3200000000.0
1762790297.7589319,5,3200000000.0
1762790297.7589319,6,3200000000.0
1762790297.7589319,7,3200000000.0
1762790297.7589319,8,3200000000.0
1762790297.7589319,9,3200000000.0
1762790297.7589319,0,3200000000.0
1762790297.7589319,1,3000000000.0
1762790297.7589319,2,3200000000.0
1762790297.7589319,3,3200000000.0
1762790297.7589319,4,3200000000.0
1762790297.7589319,5,3200000000.0
1762790297.7589319,6,3200000000.0
1762790297.7589319,7,3200000000.0
1762790297.7589319,8,3200000000.0
1762790297.7589319,9,3200000000.0
1762790297.7589319,0,3200000000.0
1762790297.7589319,1,3200000000.0
1762790297.7589319,2,3200000000.0
1762790297.7589319,3,3200000000.0
1762790297.7589319,4,3200000000.0
1762790297.7589319,5,3200000000.0
1762790298.7589223,0,3200000000.0
1762790298.7589223,1,3200000000.0
1762790298.7589223,2,3200000000.0
1762790298.7589223,3,3200000000.0
1762790298.7589223,4,3200000000.0
1762790298.7589223,5,3200000000.0
1762790298.7589223,6,3200000000.0
1762790298.7589223,7,3200000000.0
1762790298.7589223,8,3200000000.0
1762790298.7589223,9,3200000000.0
1762790298.7589223,0,3200000000.0
1762790298.7589223,1,3200000000.0
1762790298.7589223,2,3200000000.0
1762790298.7589223,3,3200000000.0
1762790298.7589223,4,3200000000.0
1762790298.7589223,5,3200000000.0
1762790298.7589223,6,3200000000.0
1762790298.7589223,7,3200000000.0
1762790298.7589223,8,3200000000.0
1762790298.7589223,9,3200000000.0
1762790298.7589223,0,3200000000.0
1762790298.7589223,1,3200000000.0
1762790298.7589223,2,3200000000.0
1762790298.7589223,3,3200000000.0
1762790298.7589223,4,3200000000.0
1762790298.7589223,5,3200000000.0
1762790298.7589223,6,3200000000.0
1762790298.7589223,7,3200000000.0
1762790298.7589223,8,3200000000.0
1762790298.7589223,9,3200000000.0
1762790298.7589223,0,3200000000.0
1762790298.7589223,1,3200000000.0
1762790298.7589223,2,3200000000.0
1762790298.7589223,3,3000000000.0
1762790298.7589223,4,3200000000.0
1762790298.7589223,5,3200000000.0
1762790298.7589223,6,3200000000.0
1762790298.7589223,7,3200000000.0
1762790298.7589223,8,3200000000.0
1762790298.7589223,9,3200000000.0
1762790298.7589223,0,3200000000.0
1762790298.7589223,1,3200000000.0
1762790298.7589223,2,3200000000.0
1762790298.7589223,3,3200000000.0
1762790298.7589223,4,3200000000.0
1762790298.7589223,5,3200000000.0
1762790298.7589223,6,3200000000.0
1762790298.7589223,7,3200000000.0
1762790298.7589223,8,3200000000.0
1762790298.7589223,9,3200000000.0
1762790298.7589223,0,3200000000.0
1762790298.7589223,1,3200000000.0
1762790298.7589223,2,3200000000.0
1762790298.7589223,3,3200000000.0
1762790298.7589223,4,3200000000.0
1762790298.7589223,5,3200000000.0
1762790298.7589223,6,3200000000.0
1762790298.7589223,7,3200000000.0
1762790298.7589223,8,3200000000.0
1762790298.7589223,9,3200000000.0
1762790298.7589223,0,3200000000.0
1762790298.7589223,1,3200000000.0
1762790298.7589223,2,3200000000.0
1762790298.7589223,3,3200000000.0
1762790298.7589223,4,3200000000.0
1762790298.7589223,5,3200000000.0
1762790298.7589223,6,3200000000.0
1762790298.7589223,7,3200000000.0
1762790298.7589223,8,3200000000.0
1762790298.7589223,9,3200000000.0
1762790298.7589223,0,3200000000.0
1762790298.7589223,1,3200000000.0
1762790298.7589223,2,3200000000.0
1762790298.7589223,3,3200000000.0
1762790298.7589223,4,3200000000.0
1762790298.7589223,5,3200000000.0
1762790298.7589223,6,3200000000.0
1762790298.7589223,7,3200000000.0
1762790298.7589223,8,3200000000.0
1762790298.7589223,9,3200000000.0
1762790298.7589223,0,3200000000.0
1762790298.7589223,1,3200000000.0
1762790298.7589223,2,3200000000.0
1762790298.7589223,3,3200000000.0
1762790298.7589223,4,3200000000.0
1762790298.7589223,5,3200000000.0
1762790298.7589223,6,3200000000.0
1762790298.7589223,7,3200000000.0
1762790298.7589223,8,3200000000.0
1762790298.7589223,9,3200000000.0
1762790298.7589223,0,3200000000.0
1762790298.7589223,1,3200000000.0
1762790298.7589223,2,3200000000.0
1762790298.7589223,3,3200000000.0
1762790298.7589223,4,3200000000.0
1762790298.7589223,5,3200000000.0
1762790299.758963,0,1600000000.0
1762790299.758963,1,1600000000.0
1762790299.758963,2,1600000000.0
1762790299.758963,3,1600000000.0
1762790299.758963,4,1600000000.0
1762790299.758963,5,1600000000.0
1762790299.758963,6,1600000000.0
1762790299.758963,7,1600000000.0
1762790299.758963,8,1600000000.0
1762790299.758963,9,1600000000.0
1762790299.758963,0,1600000000.0
1762790299.758963,1,1600000000.0
1762790299.758963,2,1600000000.0
1762790299.758963,3,1600000000.0
1762790299.758963,4,1600000000.0
1762790299.758963,5,1600000000.0
1762790299.758963,6,1600000000.0
1762790299.758963,7,1600000000.0
1762790299.758963,8,1600000000.0
1762790299.758963,9,1600000000.0
1762790299.758963,0,1600000000.0
1762790299.758963,1,1600000000.0
1762790299.758963,2,1600000000.0
1762790299.758963,3,1600000000.0
1762790299.758963,4,1600000000.0
1762790299.758963,5,1600000000.0
1762790299.758963,6,1600000000.0
1762790299.758963,7,1600000000.0
1762790299.758963,8,1600000000.0
1762790299.758963,9,1600000000.0
1762790299.758963,0,1600000000.0
1762790299.758963,1,1600000000.0
1762790299.758963,2,1600000000.0
1762790299.758963,3,1600000000.0
1762790299.758963,4,1600000000.0
1762790299.758963,5,1600000000.0
1762790299.758963,6,1600000000.0
1762790299.758963,7,1600000000.0
1762790299.758963,8,1600000000.0
1762790299.758963,9,1600000000.0
1762790299.758963,0,1600000000.0
1762790299.758963,1,1600000000.0
1762790299.758963,2,1600000000.0
1762790299.758963,3,1600000000.0
1762790299.758963,4,1600000000.0
1762790299.758963,5,1600000000.0
1762790299.758963,6,1600000000.0
1762790299.758963,7,1600000000.0
1762790299.758963,8,1600000000.0
1762790299.758963,9,1600000000.0
1762790299.758963,0,1600000000.0
1762790299.758963,1,1600000000.0
1762790299.758963,2,1600000000.0
1762790299.758963,3,1600000000.0
1762790299.758963,4,1600000000.0
1762790299.758963,5,1600000000.0
1762790299.758963,6,1600000000.0
1762790299.758963,7,1600000000.0
1762790299.758963,8,1600000000.0
1762790299.758963,9,1600000000.0
1762790299.758963,0,1600000000.0
1762790299.758963,1,1600000000.0
1762790299.758963,2,1600000000.0
1762790299.758963,3,1600000000.0
1762790299.758963,4,1600000000.0
1762790299.758963,5,1600000000.0
1762790299.758963,6,1600000000.0
1762790299.758963,7,1600000000.0
1762790299.758963,8,1600000000.0
1762790299.758963,9,1600000000.0
1762790299.758963,0,1600000000.0
1762790299.758963,1,1600000000.0
1762790299.758963,2,1600000000.0
1762790299.758963,3,1600000000.0
1762790299.758963,4,1600000000.0
1762790299.758963,5,1600000000.0
1762790299.758963,6,1600000000.0
1762790299.758963,7,1600000000.0
1762790299.758963,8,1600000000.0
1762790299.758963,9,1600000000.0
1762790299.758963,0,1600000000.0
1762790299.758963,1,1600000000.0
1762790299.758963,2,1600000000.0
1762790299.758963,3,1600000000.0
1762790299.758963,4,1600000000.0
1762790299.758963,5,1600000000.0
1762790299.758963,6,1600000000.0
1762790299.758963,7,1600000000.0
1762790299.758963,8,1600000000.0
1762790299.758963,9,1600000000.0
1762790299.758963,0,1600000000.0
1762790299.758963,1,1600000000.0
1762790299.758963,2,1600000000.0
1762790299.758963,3,1600000000.0
1762790299.758963,4,1600000000.0
1762790299.758963,5,1600000000.0
1762790300.7589421,0,1600000000.0
1762790300.7589421,1,1600000000.0
1762790300.7589421,2,1600000000.0
1762790300.7589421,3,1600000000.0
1762790300.7589421,4,1600000000.0
1762790300.7589421,5,1600000000.0
1762790300.7589421,6,1600000000.0
1762790300.7589421,7,1600000000.0
1762790300.7589421,8,1600000000.0
1762790300.7589421,9,1600000000.0
1762790300.7589421,0,1600000000.0
1762790300.7589421,1,1600000000.0
1762790300.7589421,2,1600000000.0
1762790300.7589421,3,1600000000.0
1762790300.7589421,4,1600000000.0
1762790300.7589421,5,1600000000.0
1762790300.7589421,6,1600000000.0
1762790300.7589421,7,1600000000.0
1762790300.7589421,8,1600000000.0
1762790300.7589421,9,1600000000.0
1762790300.7589421,0,1600000000.0
1762790300.7589421,1,1600000000.0
1762790300.7589421,2,1600000000.0
1762790300.7589421,3,1600000000.0
1762790300.7589421,4,1600000000.0
1762790300.7589421,5,1600000000.0
1762790300.7589421,6,1600000000.0
1762790300.7589421,7,1600000000.0
1762790300.7589421,8,1600000000.0
1762790300.7589421,9,1600000000.0
1762790300.7589421,0,1600000000.0
1762790300.7589421,1,1600000000.0
1762790300.7589421,2,1600000000.0
1762790300.7589421,3,1600000000.0
1762790300.7589421,4,1600000000.0
1762790300.7589421,5,1600000000.0
1762790300.7589421,6,1600000000.0
1762790300.7589421,7,1600000000.0
1762790300.7589421,8,1600000000.0
1762790300.7589421,9,1600000000.0
1762790300.7589421,0,1600000000.0
1762790300.7589421,1,1600000000.0
1762790300.7589421,2,1600000000.0
1762790300.7589421,3,1600000000.0
1762790300.7589421,4,1600000000.0
1762790300.7589421,5,1600000000.0
1762790300.7589421,6,1600000000.0
1762790300.7589421,7,1600000000.0
1762790300.7589421,8,1600000000.0
1762790300.7589421,9,1600000000.0
1762790300.7589421,0,1600000000.0
1762790300.7589421,1,1600000000.0
1762790300.7589421,2,1600000000.0
1762790300.7589421,3,1600000000.0
1762790300.7589421,4,1600000000.0
1762790300.7589421,5,1600000000.0
1762790300.7589421,6,1600000000.0
1762790300.7589421,7,1600000000.0
1762790300.7589421,8,1600000000.0
1762790300.7589421,9,1600000000.0
1762790300.7589421,0,1600000000.0
1762790300.7589421,1,1600000000.0
1762790300.7589421,2,1600000000.0
1762790300.7589421,3,1600000000.0
1762790300.7589421,4,1600000000.0
1762790300.7589421,5,1600000000.0
1762790300.7589421,6,1600000000.0
1762790300.7589421,7,1600000000.0
1762790300.7589421,8,1600000000.0
1762790300.7589421,9,1600000000.0
1762790300.7589421,0,1600000000.0
1762790300.7589421,1,1600000000.0
1762790300.7589421,2,1600000000.0
1762790300.7589421,3,1600000000.0
1762790300.7589421,4,1600000000.0
1762790300.7589421,5,1600000000.0
1762790300.7589421,6,1600000000.0
1762790300.7589421,7,1600000000.0
1762790300.7589421,8,1600000000.0
1762790300.7589421,9,1600000000.0
1762790300.7589421,0,1600000000.0
1762790300.7589421,1,1600000000.0
1762790300.7589421,2,1600000000.0
1762790300.7589421,3,1600000000.0
1762790300.7589421,4,1600000000.0
1762790300.7589421,5,1600000000.0
1762790300.7589421,6,1600000000.0
1762790300.7589421,7,1600000000.0
1762790300.7589421,8,1600000000.0
1762790300.7589421,9,1600000000.0
1762790300.7589421,0,1600000000.0
1762790300.7589421,1,1600000000.0
1762790300.7589421,2,1600000000.0
1762790300.7589421,3,1600000000.0
1762790300.7589421,4,1600000000.0
1762790300.7589421,5,1600000000.0
1762790301.758958,0,1600000000.0
1762790301.758958,1,1600000000.0
1762790301.758958,2,1600000000.0
1762790301.758958,3,1600000000.0
1762790301.758958,4,1600000000.0
1762790301.758958,5,1600000000.0
1762790301.758958,6,1600000000.0
1762790301.758958,7,1600000000.0
1762790301.758958,8,1600000000.0
1762790301.758958,9,1600000000.0
1762790301.758958,0,1600000000.0
1762790301.758958,1,1600000000.0
1762790301.758958,2,1600000000.0
1762790301.758958,3,1600000000.0
1762790301.758958,4,1600000000.0
1762790301.758958,5,1600000000.0
1762790301.758958,6,1600000000.0
1762790301.758958,7,1600000000.0
1762790301.758958,8,1600000000.0
1762790301.758958,9,1600000000.0
1762790301.758958,0,1600000000.0
1762790301.758958,1,1600000000.0
1762790301.758958,2,1600000000.0
1762790301.758958,3,1600000000.0
1762790301.758958,4,1600000000.0
1762790301.758958,5,1600000000.0
1762790301.758958,6,1600000000.0
1762790301.758958,7,1600000000.0
1762790301.758958,8,1600000000.0
1762790301.758958,9,1600000000.0
1762790301.758958,0,1600000000.0
1762790301.758958,1,1600000000.0
1762790301.758958,2,1600000000.0
1762790301.758958,3,1600000000.0
1762790301.758958,4,1600000000.0
1762790301.758958,5,1600000000.0
1762790301.758958,6,1600000000.0
1762790301.758958,7,1600000000.0
1762790301.758958,8,1600000000.0
1762790301.758958,9,1600000000.0
1762790301.758958,0,1600000000.0
1762790301.758958,1,1600000000.0
1762790301.758958,2,1600000000.0
1762790301.758958,3,1600000000.0
1762790301.758958,4,1600000000.0
1762790301.758958,5,1600000000.0
1762790301.758958,6,1600000000.0
1762790301.758958,7,1600000000.0
1762790301.758958,8,1600000000.0
1762790301.758958,9,1600000000.0
1762790301.758958,0,1600000000.0
1762790301.758958,1,1600000000.0
1762790301.758958,2,1600000000.0
1762790301.758958,3,1600000000.0
1762790301.758958,4,1600000000.0
1762790301.758958,5,1600000000.0
1762790301.758958,6,1600000000.0
1762790301.758958,7,1600000000.0
1762790301.758958,8,1600000000.0
1762790301.758958,9,1600000000.0
1762790301.758958,0,1600000000.0
1762790301.758958,1,1600000000.0
1762790301.758958,2,1600000000.0
1762790301.758958,3,1600000000.0
1762790301.758958,4,1600000000.0
1762790301.758958,5,1600000000.0
1762790301.758958,6,1600000000.0
1762790301.758958,7,1600000000.0
1762790301.758958,8,1600000000.0
1762790301.758958,9,1600000000.0
1762790301.758958,0,1600000000.0
1762790301.758958,1,1600000000.0
1762790301.758958,2,1600000000.0
1762790301.758958,3,1600000000.0
1762790301.758958,4,1600000000.0
1762790301.758958,5,1600000000.0
1762790301.758958,6,1600000000.0
1762790301.758958,7,1600000000.0
1762790301.758958,8,1600000000.0
1762790301.758958,9,1600000000.0
1762790301.758958,0,1600000000.0
1762790301.758958,1,1600000000.0
1762790301.758958,2,1600000000.0
1762790301.758958,3,1600000000.0
1762790301.758958,4,1600000000.0
1762790301.758958,5,1600000000.0
1762790301.758958,6,1600000000.0
1762790301.758958,7,1600000000.0
1762790301.758958,8,1600000000.0
1762790301.758958,9,1600000000.0
1762790301.758958,0,1600000000.0
1762790301.758958,1,1600000000.0
1762790301.758958,2,1600000000.0
1762790301.758958,3,1600000000.0
1762790301.758958,4,1600000000.0
1762790301.758958,5,1600000000.0
1762790302.7589438,0,1600000000.0
1762790302.7589438,1,1600000000.0
1762790302.7589438,2,1600000000.0
1762790302.7589438,3,1600000000.0
1762790302.7589438,4,1600000000.0
1762790302.7589438,5,1600000000.0
1762790302.7589438,6,1600000000.0
1762790302.7589438,7,1600000000.0
1762790302.7589438,8,1600000000.0
1762790302.7589438,9,1600000000.0
1762790302.7589438,0,1600000000.0
1762790302.7589438,1,1600000000.0
1762790302.7589438,2,1600000000.0
1762790302.7589438,3,1600000000.0
1762790302.7589438,4,1600000000.0
1762790302.7589438,5,1600000000.0
1762790302.7589438,6,1600000000.0
1762790302.7589438,7,1600000000.0
1762790302.7589438,8,1600000000.0
1762790302.7589438,9,1600000000.0
1762790302.7589438,0,1600000000.0
1762790302.7589438,1,1600000000.0
1762790302.7589438,2,1600000000.0
1762790302.7589438,3,1600000000.0
1762790302.7589438,4,1600000000.0
1762790302.7589438,5,1600000000.0
1762790302.7589438,6,1600000000.0
1762790302.7589438,7,1600000000.0
1762790302.7589438,8,1600000000.0
1762790302.7589438,9,1600000000.0
1762790302.7589438,0,1600000000.0
1762790302.7589438,1,1600000000.0
1762790302.7589438,2,1600000000.0
1762790302.7589438,3,1600000000.0
1762790302.7589438,4,1600000000.0
1762790302.7589438,5,1600000000.0
1762790302.7589438,6,1600000000.0
1762790302.7589438,7,1600000000.0
1762790302.7589438,8,1600000000.0
1762790302.7589438,9,1600000000.0
1762790302.7589438,0,1600000000.0
1762790302.7589438,1,1600000000.0
1762790302.7589438,2,1600000000.0
1762790302.7589438,3,1600000000.0
1762790302.7589438,4,1600000000.0
1762790302.7589438,5,1600000000.0
1762790302.7589438,6,1600000000.0
1762790302.7589438,7,1600000000.0
1762790302.7589438,8,1600000000.0
1762790302.7589438,9,1600000000.0
1762790302.7589438,0,1600000000.0
1762790302.7589438,1,1600000000.0
1762790302.7589438,2,1600000000.0
1762790302.7589438,3,1600000000.0
1762790302.7589438,4,1600000000.0
1762790302.7589438,5,1600000000.0
1762790302.7589438,6,1600000000.0
1762790302.7589438,7,1600000000.0
1762790302.7589438,8,1600000000.0
1762790302.7589438,9,1600000000.0
1762790302.7589438,0,1600000000.0
1762790302.7589438,1,1600000000.0
1762790302.7589438,2,1600000000.0
1762790302.7589438,3,1600000000.0
1762790302.7589438,4,1600000000.0
1762790302.7589438,5,1600000000.0
1762790302.7589438,6,1600000000.0
1762790302.7589438,7,1600000000.0
1762790302.7589438,8,1600000000.0
1762790302.7589438,9,1600000000.0
1762790302.7589438,0,1600000000.0
1762790302.7589438,1,1600000000.0
1762790302.7589438,2,1600000000.0
1762790302.7589438,3,1600000000.0
1762790302.7589438,4,1600000000.0
1762790302.7589438,5,1600000000.0
1762790302.7589438,6,1600000000.0
1762790302.7589438,7,1600000000.0
1762790302.7589438,8,1600000000.0
1762790302.7589438,9,1600000000.0
1762790302.7589438,0,1600000000.0
1762790302.7589438,1,1600000000.0
1762790302.7589438,2,1600000000.0
1762790302.7589438,3,1600000000.0
1762790302.7589438,4,1600000000.0
1762790302.7589438,5,1600000000.0
1762790302.7589438,6,1600000000.0
1762790302.7589438,7,1600000000.0
1762790302.7589438,8,1600000000.0
1762790302.7589438,9,1600000000.0
1762790302.7589438,0,1600000000.0
1762790302.7589438,1,1600000000.0
1762790302.7589438,2,1600000000.0
1762790302.7589438,3,1600000000.0
1762790302.7589438,4,1600000000.0
1762790302.7589438,5,1600000000.0
1762790303.758949,0,2800000000.0
1762790303.758949,1,2800000000.0
1762790303.758949,2,2800000000.0
1762790303.758949,3,2800000000.0
1762790303.758949,4,2800000000.0
1762790303.758949,5,2800000000.0
1762790303.758949,6,2800000000.0
1762790303.758949,7,2800000000.0
1762790303.758949,8,2800000000.0
1762790303.758949,9,2800000000.0
1762790303.758949,0,2800000000.0
1762790303.758949,1,2800000000.0
1762790303.758949,2,2800000000.0
1762790303.758949,3,2800000000.0
1762790303.758949,4,2800000000.0
1762790303.758949,5,2800000000.0
1762790303.758949,6,2800000000.0
1762790303.758949,7,2800000000.0
1762790303.758949,8,2800000000.0
1762790303.758949,9,2800000000.0
1762790303.758949,0,2800000000.0
1762790303.758949,1,2800000000.0
1762790303.758949,2,2800000000.0
1762790303.758949,3,2800000000.0
1762790303.758949,4,2800000000.0
1762790303.758949,5,2800000000.0
1762790303.758949,6,2800000000.0
1762790303.758949,7,2800000000.0
1762790303.758949,8,2800000000.0
1762790303.758949,9,2800000000.0
1762790303.758949,0,2800000000.0
1762790303.758949,1,2800000000.0
1762790303.758949,2,2800000000.0
1762790303.758949,3,2800000000.0
1762790303.758949,4,2800000000.0
1762790303.758949,5,2800000000.0
1762790303.758949,6,2800000000.0
1762790303.758949,7,2800000000.0
1762790303.758949,8,2800000000.0
1762790303.758949,9,2800000000.0
1762790303.758949,0,2800000000.0
1762790303.758949,1,2800000000.0
1762790303.758949,2,2800000000.0
1762790303.758949,3,2800000000.0
1762790303.758949,4,2800000000.0
1762790303.758949,5,2800000000.0
1762790303.758949,6,2800000000.0
1762790303.758949,7,2800000000.0
1762790303.758949,8,2800000000.0
1762790303.758949,9,2800000000.0
1762790303.758949,0,2800000000.0
1762790303.758949,1,2800000000.0
1762790303.758949,2,2800000000.0
1762790303.758949,3,2800000000.0
1762790303.758949,4,2800000000.0
1762790303.758949,5,2800000000.0
1762790303.758949,6,2800000000.0
1762790303.758949,7,2800000000.0
1762790303.758949,8,2800000000.0
1762790303.758949,9,2800000000.0
1762790303.758949,0,2800000000.0
1762790303.758949,1,2800000000.0
1762790303.758949,2,2800000000.0
1762790303.758949,3,2800000000.0
1762790303.758949,4,2800000000.0
1762790303.758949,5,2800000000.0
1762790303.758949,6,2800000000.0
1762790303.758949,7,2800000000.0
1762790303.758949,8,2800000000.0
1762790303.758949,9,2800000000.0
1762790303.758949,0,2800000000.0
1762790303.758949,1,2800000000.0
1762790303.758949,2,2800000000.0
1762790303.758949,3,2800000000.0
1762790303.758949,4,2800000000.0
1762790303.758949,5,2800000000.0
1762790303.758949,6,2800000000.0
1762790303.758949,7,2800000000.0
1762790303.758949,8,2800000000.0
1762790303.758949,9,2800000000.0
1762790303.758949,0,2800000000.0
1762790303.758949,1,2800000000.0
1762790303.758949,2,2800000000.0
1762790303.758949,3,2800000000.0
1762790303.758949,4,2800000000.0
1762790303.758949,5,2800000000.0
1762790303.758949,6,2800000000.0
1762790303.758949,7,2800000000.0
1762790303.758949,8,2800000000.0
1762790303.758949,9,2800000000.0
1762790303.758949,0,2800000000.0
1762790303.758949,1,2800000000.0
1762790303.758949,2,2800000000.0
1762790303.758949,3,2800000000.0
1762790303.758949,4,2800000000.0
1762790303.758949,5,2800000000.0
1762790304.7589197,0,2800000000.0
1762790304.7589197,1,2800000000.0
1762790304.7589197,2,2800000000.0
1762790304.7589197,3,2800000000.0
1762790304.7589197,4,2800000000.0
1762790304.7589197,5,2800000000.0
1762790304.7589197,6,2800000000.0
1762790304.7589197,7,2800000000.0
1762790304.7589197,8,2800000000.0
1762790304.7589197,9,2800000000.0
1762790304.7589197,0,2800000000.0
1762790304.7589197,1,2800000000.0
1762790304.7589197,2,2800000000.0
1762790304.7589197,3,2800000000.0
1762790304.7589197,4,2800000000.0
1762790304.7589197,5,2800000000.0
1762790304.7589197,6,2800000000.0
1762790304.7589197,7,2800000000.0
1762790304.7589197,8,2800000000.0
1762790304.7589197,9,2800000000.0
1762790304.7589197,0,2800000000.0
1762790304.7589197,1,2800000000.0
1762790304.7589197,2,2800000000.0
1762790304.7589197,3,2800000000.0
1762790304.7589197,4,2800000000.0
1762790304.7589197,5,2800000000.0
1762790304.7589197,6,2800000000.0
1762790304.7589197,7,2800000000.0
1762790304.7589197,8,2800000000.0
1762790304.7589197,9,2800000000.0
1762790304.7589197,0,2800000000.0
1762790304.7589197,1,2800000000.0
1762790304.7589197,2,2800000000.0
1762790304.7589197,3,2800000000.0
1762790304.7589197,4,2800000000.0
1762790304.7589197,5,2800000000.0
1762790304.7589197,6,2800000000.0
1762790304.7589197,7,2800000000.0
1762790304.7589197,8,2800000000.0
1762790304.7589197,9,2800000000.0
1762790304.7589197,0,2800000000.0
1762790304.7589197,1,2800000000.0
1762790304.7589197,2,2800000000.0
1762790304.7589197,3,2800000000.0
1762790304.7589197,4,2800000000.0
1762790304.7589197,5,2800000000.0
1762790304.7589197,6,2800000000.0
1762790304.7589197,7,2800000000.0
1762790304.7589197,8,2800000000.0
1762790304.7589197,9,2800000000.0
1762790304.7589197,0,2800000000.0
1762790304.7589197,1,2800000000.0
1762790304.7589197,2,2800000000.0
1762790304.7589197,3,2800000000.0
1762790304.7589197,4,2800000000.0
1762790304.7589197,5,2800000000.0
1762790304.7589197,6,2800000000.0
1762790304.7589197,7,2800000000.0
1762790304.7589197,8,2800000000.0
1762790304.7589197,9,2800000000.0
1762790304.7589197,0,2800000000.0
1762790304.7589197,1,2800000000.0
1762790304.7589197,2,2800000000.0
1762790304.7589197,3,2800000000.0
1762790304.7589197,4,2800000000.0
1762790304.7589197,5,2800000000.0
1762790304.7589197,6,2800000000.0
1762790304.7589197,7,2800000000.0
1762790304.7589197,8,2800000000.0
1762790304.7589197,9,2800000000.0
1762790304.7589197,0,2800000000.0
1762790304.7589197,1,2800000000.0
1762790304.7589197,2,2800000000.0
1762790304.7589197,3,2800000000.0
1762790304.7589197,4,2800000000.0
1762790304.7589197,5,2800000000.0
1762790304.7589197,6,2800000000.0
1762790304.7589197,7,2800000000.0
1762790304.7589197,8,2800000000.0
1762790304.7589197,9,2800000000.0
1762790304.7589197,0,2800000000.0
1762790304.7589197,1,2800000000.0
1762790304.7589197,2,2800000000.0
1762790304.7589197,3,2800000000.0
1762790304.7589197,4,2800000000.0
1762790304.7589197,5,2800000000.0
1762790304.7589197,6,2800000000.0
1762790304.7589197,7,2800000000.0
1762790304.7589197,8,2800000000.0
1762790304.7589197,9,2800000000.0
1762790304.7589197,0,2800000000.0
1762790304.7589197,1,2800000000.0
1762790304.7589197,2,2800000000.0
1762790304.7589197,3,2800000000.0
1762790304.7589197,4,2800000000.0
1762790304.7589197,5,2800000000.0
1762790305.7589312,0,1200000000.0
1762790305.7589312,1,1000000000.0
1762790305.7589312,2,1000000000.0
1762790305.7589312,3,1000000000.0
1762790305.7589312,4,1000000000.0
1762790305.7589312,5,1000000000.0
1762790305.7589312,6,1000000000.0
1762790305.7589312,7,1000000000.0
1762790305.7589312,8,1000000000.0
1762790305.7589312,9,1000000000.0
1762790305.7589312,0,1000000000.0
1762790305.7589312,1,1000000000.0
1762790305.7589312,2,1000000000.0
1762790305.7589312,3,1000000000.0
1762790305.7589312,4,1000000000.0
1762790305.7589312,5,1000000000.0
1762790305.7589312,6,1000000000.0
1762790305.7589312,7,1000000000.0
1762790305.7589312,8,1000000000.0
1762790305.7589312,9,1000000000.0
1762790305.7589312,0,1000000000.0
1762790305.7589312,1,1000000000.0
1762790305.7589312,2,1000000000.0
1762790305.7589312,3,1000000000.0
1762790305.7589312,4,1000000000.0
1762790305.7589312,5,1000000000.0
1762790305.7589312,6,1000000000.0
1762790305.7589312,7,1000000000.0
1762790305.7589312,8,1000000000.0
1762790305.7589312,9,1000000000.0
1762790305.7589312,0,1000000000.0
1762790305.7589312,1,1000000000.0
1762790305.7589312,2,1000000000.0
1762790305.7589312,3,1000000000.0
1762790305.7589312,4,1000000000.0
1762790305.7589312,5,1000000000.0
1762790305.7589312,6,1000000000.0
1762790305.7589312,7,1000000000.0
1762790305.7589312,8,1000000000.0
1762790305.7589312,9,1000000000.0
1762790305.7589312,0,1000000000.0
1762790305.7589312,1,1000000000.0
1762790305.7589312,2,1000000000.0
1762790305.7589312,3,1000000000.0
1762790305.7589312,4,1000000000.0
1762790305.7589312,5,1000000000.0
1762790305.7589312,6,1000000000.0
1762790305.7589312,7,1000000000.0
1762790305.7589312,8,1200000000.0
1762790305.7589312,9,1000000000.0
1762790305.7589312,0,1000000000.0
1762790305.7589312,1,1000000000.0
1762790305.7589312,2,1000000000.0
1762790305.7589312,3,1000000000.0
1762790305.7589312,4,1000000000.0
1762790305.7589312,5,1000000000.0
1762790305.7589312,6,1000000000.0
1762790305.7589312,7,1000000000.0
1762790305.7589312,8,1000000000.0
1762790305.7589312,9,1000000000.0
1762790305.7589312,0,1000000000.0
1762790305.7589312,1,1000000000.0
1762790305.7589312,2,1000000000.0
1762790305.7589312,3,1000000000.0
1762790305.7589312,4,1000000000.0
1762790305.7589312,5,1000000000.0
1762790305.7589312,6,1000000000.0
1762790305.7589312,7,1000000000.0
1762790305.7589312,8,1000000000.0
1762790305.7589312,9,1000000000.0
1762790305.7589312,0,1000000000.0
1762790305.7589312,1,1000000000.0
1762790305.7589312,2,1000000000.0
1762790305.7589312,3,1000000000.0
1762790305.7589312,4,1000000000.0
1762790305.7589312,5,1000000000.0
1762790305.7589312,6,1000000000.0
1762790305.7589312,7,1000000000.0
1762790305.7589312,8,1000000000.0
1762790305.7589312,9,1000000000.0
1762790305.7589312,0,1000000000.0
1762790305.7589312,1,1000000000.0
1762790305.7589312,2,1000000000.0
1762790305.7589312,3,1000000000.0
1762790305.7589312,4,1000000000.0
1762790305.7589312,5,1000000000.0
1762790305.7589312,6,1000000000.0
1762790305.7589312,7,1000000000.0
1762790305.7589312,8,1000000000.0
1762790305.7589312,9,1000000000.0
1762790305.7589312,0,1000000000.0
1762790305.7589312,1,1000000000.0
1762790305.7589312,2,1000000000.0
1762790305.7589312,3,1000000000.0
1762790305.7589312,4,1000000000.0
1762790305.7589312,5,1000000000.0
1762790306.7589495,0,1200000000.0
1762790306.7589495,1,1000000000.0
1762790306.7589495,2,1000000000.0
1762790306.7589495,3,1000000000.0
1762790306.7589495,4,1000000000.0
1762790306.7589495,5,1000000000.0
1762790306.7589495,6,1000000000.0
1762790306.7589495,7,1000000000.0
1762790306.7589495,8,1000000000.0
1762790306.7589495,9,1000000000.0
1762790306.7589495,0,1000000000.0
1762790306.7589495,1,1000000000.0
1762790306.7589495,2,1000000000.0
1762790306.7589495,3,1000000000.0
1762790306.7589495,4,1000000000.0
1762790306.7589495,5,1000000000.0
1762790306.7589495,6,1000000000.0
1762790306.7589495,7,1000000000.0
1762790306.7589495,8,1000000000.0
1762790306.7589495,9,1000000000.0
1762790306.7589495,0,1000000000.0
1762790306.7589495,1,1000000000.0
1762790306.7589495,2,1000000000.0
1762790306.7589495,3,1000000000.0
1762790306.7589495,4,1000000000.0
1762790306.7589495,5,1000000000.0
1762790306.7589495,6,1000000000.0
1762790306.7589495,7,1000000000.0
1762790306.7589495,8,1000000000.0
1762790306.7589495,9,1000000000.0
1762790306.7589495,0,1000000000.0
1762790306.7589495,1,1000000000.0
1762790306.7589495,2,1000000000.0
1762790306.7589495,3,1000000000.0
1762790306.7589495,4,1000000000.0
1762790306.7589495,5,1000000000.0
1762790306.7589495,6,1000000000.0
1762790306.7589495,7,1000000000.0
1762790306.7589495,8,1000000000.0
1762790306.7589495,9,1000000000.0
1762790306.7589495,0,1000000000.0
1762790306.7589495,1,1000000000.0
1762790306.7589495,2,1000000000.0
1762790306.7589495,3,1000000000.0
1762790306.7589495,4,1000000000.0
1762790306.7589495,5,1000000000.0
1762790306.7589495,6,1000000000.0
1762790306.7589495,7,1000000000.0
1762790306.7589495,8,1200000000.0
1762790306.7589495,9,1000000000.0
1762790306.7589495,0,1000000000.0
1762790306.7589495,1,1000000000.0
1762790306.7589495,2,1000000000.0
1762790306.7589495,3,1000000000.0
1762790306.7589495,4,1000000000.0
1762790306.7589495,5,1000000000.0
1762790306.7589495,6,1000000000.0
1762790306.7589495,7,1000000000.0
1762790306.7589495,8,1000000000.0
1762790306.7589495,9,1000000000.0
1762790306.7589495,0,1000000000.0
1762790306.7589495,1,1000000000.0
1762790306.7589495,2,1000000000.0
1762790306.7589495,3,1000000000.0
1762790306.7589495,4,1000000000.0
1762790306.7589495,5,1000000000.0
1762790306.7589495,6,1000000000.0
1762790306.7589495,7,1000000000.0
1762790306.7589495,8,1000000000.0
1762790306.7589495,9,1000000000.0
1762790306.7589495,0,1000000000.0
1762790306.7589495,1,1000000000.0
1762790306.7589495,2,1000000000.0
1762790306.7589495,3,1000000000.0
1762790306.7589495,4,1000000000.0
1762790306.7589495,5,1000000000.0
1762790306.7589495,6,1000000000.0
1762790306.7589495,7,1000000000.0
1762790306.7589495,8,1000000000.0
1762790306.7589495,9,1000000000.0
1762790306.7589495,0,1000000000.0
1762790306.7589495,1,1000000000.0
1762790306.7589495,2,1000000000.0
1762790306.7589495,3,1000000000.0
1762790306.7589495,4,1000000000.0
1762790306.7589495,5,1000000000.0
1762790306.7589495,6,1000000000.0
1762790306.7589495,7,1000000000.0
1762790306.7589495,8,1000000000.0
1762790306.7589495,9,1000000000.0
1762790306.7589495,0,1000000000.0
1762790306.7589495,1,1000000000.0
1762790306.7589495,2,1000000000.0
1762790306.7589495,3,1000000000.0
1762790306.7589495,4,1000000000.0
1762790306.7589495,5,1000000000.0
1762790307.7589686,0,1300000000.0
1762790307.7589686,1,1300000000.0
1762790307.7589686,2,1300000000.0
1762790307.7589686,3,1300000000.0
1762790307.7589686,4,1300000000.0
1762790307.7589686,5,1300000000.0
1762790307.7589686,6,1300000000.0
1762790307.7589686,7,1300000000.0
1762790307.7589686,8,1300000000.0
1762790307.7589686,9,1300000000.0
1762790307.7589686,0,1300000000.0
1762790307.7589686,1,1300000000.0
1762790307.7589686,2,1300000000.0
1762790307.7589686,3,1300000000.0
1762790307.7589686,4,1300000000.0
1762790307.7589686,5,1300000000.0
1762790307.7589686,6,1300000000.0
1762790307.7589686,7,1300000000.0
1762790307.7589686,8,1300000000.0
1762790307.7589686,9,1300000000.0
1762790307.7589686,0,1300000000.0
1762790307.7589686,1,1300000000.0
1762790307.7589686,2,1300000000.0
1762790307.7589686,3,1300000000.0
1762790307.7589686,4,1300000000.0
1762790307.7589686,5,1300000000.0
1762790307.7589686,6,1300000000.0
1762790307.7589686,7,1300000000.0
1762790307.7589686,8,1300000000.0
1762790307.7589686,9,1300000000.0
1762790307.7589686,0,1300000000.0
1762790307.7589686,1,1300000000.0
1762790307.7589686,2,1300000000.0
1762790307.7589686,3,1300000000.0
1762790307.7589686,4,1300000000.0
1762790307.7589686,5,1300000000.0
1762790307.7589686,6,1300000000.0
1762790307.7589686,7,1300000000.0
1762790307.7589686,8,1300000000.0
1762790307.7589686,9,1300000000.0
1762790307.7589686,0,1300000000.0
1762790307.7589686,1,1300000000.0
1762790307.7589686,2,1300000000.0
1762790307.7589686,3,1300000000.0
1762790307.7589686,4,1300000000.0
1762790307.7589686,5,1300000000.0
1762790307.7589686,6,1300000000.0
1762790307.7589686,7,1300000000.0
1762790307.7589686,8,1300000000.0
1762790307.7589686,9,1300000000.0
1762790307.7589686,0,1300000000.0
1762790307.7589686,1,1300000000.0
1762790307.7589686,2,1300000000.0
1762790307.7589686,3,1300000000.0
1762790307.7589686,4,1300000000.0
1762790307.7589686,5,1300000000.0
1762790307.7589686,6,1300000000.0
1762790307.7589686,7,1300000000.0
1762790307.7589686,8,1300000000.0
1762790307.7589686,9,1300000000.0
1762790307.7589686,0,1300000000.0
1762790307.7589686,1,1300000000.0
1762790307.7589686,2,1300000000.0
1762790307.7589686,3,1300000000.0
1762790307.7589686,4,1300000000.0
1762790307.7589686,5,1300000000.0
1762790307.7589686,6,1300000000.0
1762790307.7589686,7,1300000000.0
1762790307.7589686,8,1300000000.0
1762790307.7589686,9,1300000000.0
1762790307.7589686,0,1300000000.0
1762790307.7589686,1,1300000000.0
1762790307.7589686,2,1300000000.0
1762790307.7589686,3,1300000000.0
1762790307.7589686,4,1300000000.0
1762790307.7589686,5,1300000000.0
1762790307.7589686,6,1300000000.0
1762790307.7589686,7,1300000000.0
1762790307.7589686,8,1300000000.0
1762790307.7589686,9,1300000000.0
1762790307.7589686,0,1300000000.0
1762790307.7589686,1,1300000000.0
1762790307.7589686,2,1300000000.0
1762790307.7589686,3,1300000000.0
1762790307.7589686,4,1300000000.0
1762790307.7589686,5,1300000000.0
1762790307.7589686,6,1300000000.0
1762790307.7589686,7,1300000000.0
1762790307.7589686,8,1300000000.0
1762790307.7589686,9,1300000000.0
1762790307.7589686,0,1300000000.0
1762790307.7589686,1,1300000000.0
1762790307.7589686,2,1300000000.0
1762790307.7589686,3,1300000000.0
1762790307.7589686,4,1300000000.0
1762790307.7589686,5,1300000000.0
1762790308.758966,0,1300000000.0
1762790308.758966,1,1300000000.0
1762790308.758966,2,1300000000.0
1762790308.758966,3,1300000000.0
1762790308.758966,4,1300000000.0
1762790308.758966,5,1300000000.0
1762790308.758966,6,1300000000.0
1762790308.758966,7,1300000000.0
1762790308.758966,8,1300000000.0
1762790308.758966,9,1300000000.0
1762790308.758966,0,1300000000.0
1762790308.758966,1,1300000000.0
1762790308.758966,2,1300000000.0
1762790308.758966,3,1300000000.0
1762790308.758966,4,1300000000.0
1762790308.758966,5,1300000000.0
1762790308.758966,6,1300000000.0
1762790308.758966,7,1300000000.0
1762790308.758966,8,1300000000.0
1762790308.758966,9,1300000000.0
1762790308.758966,0,1300000000.0
1762790308.758966,1,1300000000.0
1762790308.758966,2,1300000000.0
1762790308.758966,3,1300000000.0
1762790308.758966,4,1300000000.0
1762790308.758966,5,1300000000.0
1762790308.758966,6,1300000000.0
1762790308.758966,7,1300000000.0
1762790308.758966,8,1300000000.0
1762790308.758966,9,1300000000.0
1762790308.758966,0,1300000000.0
1762790308.758966,1,1300000000.0
1762790308.758966,2,1300000000.0
1762790308.758966,3,1300000000.0
1762790308.758966,4,1300000000.0
1762790308.758966,5,1300000000.0
1762790308.758966,6,1300000000.0
1762790308.758966,7,1300000000.0
1762790308.758966,8,1300000000.0
1762790308.758966,9,1300000000.0
1762790308.758966,0,1300000000.0
1762790308.758966,1,1300000000.0
1762790308.758966,2,1300000000.0
1762790308.758966,3,1300000000.0
1762790308.758966,4,1300000000.0
1762790308.758966,5,1300000000.0
1762790308.758966,6,1300000000.0
1762790308.758966,7,1300000000.0
1762790308.758966,8,1300000000.0
1762790308.758966,9,1300000000.0
1762790308.758966,0,1300000000.0
1762790308.758966,1,1300000000.0
1762790308.758966,2,1300000000.0
1762790308.758966,3,1300000000.0
1762790308.758966,4,1300000000.0
1762790308.758966,5,1300000000.0
1762790308.758966,6,1300000000.0
1762790308.758966,7,1300000000.0
1762790308.758966,8,1300000000.0
1762790308.758966,9,1300000000.0
1762790308.758966,0,1300000000.0
1762790308.758966,1,1300000000.0
1762790308.758966,2,1300000000.0
1762790308.758966,3,1300000000.0
1762790308.758966,4,1300000000.0
1762790308.758966,5,1300000000.0
1762790308.758966,6,1300000000.0
1762790308.758966,7,1300000000.0
1762790308.758966,8,1300000000.0
1762790308.758966,9,1300000000.0
1762790308.758966,0,1300000000.0
1762790308.758966,1,1300000000.0
1762790308.758966,2,1300000000.0
1762790308.758966,3,1300000000.0
1762790308.758966,4,1300000000.0
1762790308.758966,5,1300000000.0
1762790308.758966,6,1300000000.0
1762790308.758966,7,1300000000.0
1762790308.758966,8,1300000000.0
1762790308.758966,9,1300000000.0
1762790308.758966,0,1300000000.0
1762790308.758966,1,1300000000.0
1762790308.758966,2,1300000000.0
1762790308.758966,3,1300000000.0
1762790308.758966,4,1300000000.0
1762790308.758966,5,1300000000.0
1762790308.758966,6,1300000000.0
1762790308.758966,7,1300000000.0
1762790308.758966,8,1300000000.0
1762790308.758966,9,1300000000.0
1762790308.758966,0,1300000000.0
1762790308.758966,1,1300000000.0
1762790308.758966,2,1300000000.0
1762790308.758966,3,1300000000.0
1762790308.758966,4,1300000000.0
1762790308.758966,5,1300000000.0
1762790309.758961,0,2400000000.0
1762790309.758961,1,2400000000.0
1762790309.758961,2,2400000000.0
1762790309.758961,3,2400000000.0
1762790309.758961,4,2400000000.0
1762790309.758961,5,2400000000.0
1762790309.758961,6,2400000000.0
1762790309.758961,7,2400000000.0
1762790309.758961,8,2400000000.0
1762790309.758961,9,2400000000.0
1762790309.758961,0,2400000000.0
1762790309.758961,1,2400000000.0
1762790309.758961,2,2400000000.0
1762790309.758961,3,2400000000.0
1762790309.758961,4,2400000000.0
1762790309.758961,5,2400000000.0
1762790309.758961,6,2400000000.0
1762790309.758961,7,2400000000.0
1762790309.758961,8,2400000000.0
1762790309.758961,9,2400000000.0
1762790309.758961,0,2400000000.0
1762790309.758961,1,2400000000.0
1762790309.758961,2,2400000000.0
1762790309.758961,3,2400000000.0
1762790309.758961,4,2400000000.0
1762790309.758961,5,2400000000.0
1762790309.758961,6,2400000000.0
1762790309.758961,7,2400000000.0
1762790309.758961,8,2400000000.0
1762790309.758961,9,2400000000.0
1762790309.758961,0,2400000000.0
1762790309.758961,1,2400000000.0
1762790309.758961,2,2400000000.0
1762790309.758961,3,2400000000.0
1762790309.758961,4,2400000000.0
1762790309.758961,5,2400000000.0
1762790309.758961,6,2400000000.0
1762790309.758961,7,2400000000.0
1762790309.758961,8,2400000000.0
1762790309.758961,9,2400000000.0
1762790309.758961,0,2400000000.0
1762790309.758961,1,2400000000.0
1762790309.758961,2,2400000000.0
1762790309.758961,3,2400000000.0
1762790309.758961,4,2400000000.0
1762790309.758961,5,2400000000.0
1762790309.758961,6,2400000000.0
1762790309.758961,7,2400000000.0
1762790309.758961,8,2400000000.0
1762790309.758961,9,2400000000.0
1762790309.758961,0,2400000000.0
1762790309.758961,1,2400000000.0
1762790309.758961,2,2400000000.0
1762790309.758961,3,2400000000.0
1762790309.758961,4,2400000000.0
1762790309.758961,5,2400000000.0
1762790309.758961,6,2400000000.0
1762790309.758961,7,2400000000.0
1762790309.758961,8,2400000000.0
1762790309.758961,9,2400000000.0
1762790309.758961,0,2400000000.0
1762790309.758961,1,2400000000.0
1762790309.758961,2,2400000000.0
1762790309.758961,3,2400000000.0
1762790309.758961,4,2400000000.0
1762790309.758961,5,2400000000.0
1762790309.758961,6,2400000000.0
1762790309.758961,7,2400000000.0
1762790309.758961,8,2400000000.0
1762790309.758961,9,2400000000.0
1762790309.758961,0,2400000000.0
1762790309.758961,1,2400000000.0
1762790309.758961,2,2400000000.0
1762790309.758961,3,2400000000.0
1762790309.758961,4,2400000000.0
1762790309.758961,5,2400000000.0
1762790309.758961,6,2400000000.0
1762790309.758961,7,2400000000.0
1762790309.758961,8,2400000000.0
1762790309.758961,9,2400000000.0
1762790309.758961,0,2400000000.0
1762790309.758961,1,2400000000.0
1762790309.758961,2,2400000000.0
1762790309.758961,3,2400000000.0
1762790309.758961,4,2400000000.0
1762790309.758961,5,2400000000.0
1762790309.758961,6,2400000000.0
1762790309.758961,7,2400000000.0
1762790309.758961,8,2400000000.0
1762790309.758961,9,2400000000.0
1762790309.758961,0,2400000000.0
1762790309.758961,1,2400000000.0
1762790309.758961,2,2400000000.0
1762790309.758961,3,2400000000.0
1762790309.758961,4,2400000000.0
1762790309.758961,5,2400000000.0
1762790310.7589529,0,2400000000.0
1762790310.7589529,1,2400000000.0
1762790310.7589529,2,2400000000.0
1762790310.7589529,3,2400000000.0
1762790310.7589529,4,2400000000.0
1762790310.7589529,5,2400000000.0
1762790310.7589529,6,2400000000.0
1762790310.7589529,7,2400000000.0
1762790310.7589529,8,2400000000.0
1762790310.7589529,9,2400000000.0
1762790310.7589529,0,2400000000.0
1762790310.7589529,1,2400000000.0
1762790310.7589529,2,2400000000.0
1762790310.7589529,3,2400000000.0
1762790310.7589529,4,2400000000.0
1762790310.7589529,5,2400000000.0
1762790310.7589529,6,2400000000.0
1762790310.7589529,7,2400000000.0
1762790310.7589529,8,2400000000.0
1762790310.7589529,9,2400000000.0
1762790310.7589529,0,2400000000.0
1762790310.7589529,1,2400000000.0
1762790310.7589529,2,2400000000.0
1762790310.7589529,3,2400000000.0
1762790310.7589529,4,2400000000.0
1762790310.7589529,5,2400000000.0
1762790310.7589529,6,2400000000.0
1762790310.7589529,7,2400000000.0
1762790310.7589529,8,2400000000.0
1762790310.7589529,9,2400000000.0
1762790310.7589529,0,2400000000.0
1762790310.7589529,1,2400000000.0
1762790310.7589529,2,2400000000.0
1762790310.7589529,3,2400000000.0
1762790310.7589529,4,2400000000.0
1762790310.7589529,5,2400000000.0
1762790310.7589529,6,2400000000.0
1762790310.7589529,7,2400000000.0
1762790310.7589529,8,2400000000.0
1762790310.7589529,9,2400000000.0
1762790310.7589529,0,2400000000.0
1762790310.7589529,1,2400000000.0
1762790310.7589529,2,2400000000.0
1762790310.7589529,3,2400000000.0
1762790310.7589529,4,2400000000.0
1762790310.7589529,5,2400000000.0
1762790310.7589529,6,2400000000.0
1762790310.7589529,7,2400000000.0
1762790310.7589529,8,2400000000.0
1762790310.7589529,9,2400000000.0
1762790310.7589529,0,2400000000.0
1762790310.7589529,1,2400000000.0
1762790310.7589529,2,2400000000.0
1762790310.7589529,3,2400000000.0
1762790310.7589529,4,2400000000.0
1762790310.7589529,5,2400000000.0
1762790310.7589529,6,2400000000.0
1762790310.7589529,7,2400000000.0
1762790310.7589529,8,2400000000.0
1762790310.7589529,9,2400000000.0
1762790310.7589529,0,2400000000.0
1762790310.7589529,1,2400000000.0
1762790310.7589529,2,2400000000.0
1762790310.7589529,3,2400000000.0
1762790310.7589529,4,2400000000.0
1762790310.7589529,5,2400000000.0
1762790310.7589529,6,2400000000.0
1762790310.7589529,7,2400000000.0
1762790310.7589529,8,2400000000.0
1762790310.7589529,9,2400000000.0
1762790310.7589529,0,2400000000.0
1762790310.7589529,1,2400000000.0
1762790310.7589529,2,2400000000.0
1762790310.7589529,3,2400000000.0
1762790310.7589529,4,2400000000.0
1762790310.7589529,5,2400000000.0
1762790310.7589529,6,2400000000.0
1762790310.7589529,7,2400000000.0
1762790310.7589529,8,2400000000.0
1762790310.7589529,9,2400000000.0
1762790310.7589529,0,2400000000.0
1762790310.7589529,1,2400000000.0
1762790310.7589529,2,2400000000.0
1762790310.7589529,3,2400000000.0
1762790310.7589529,4,2400000000.0
1762790310.7589529,5,2400000000.0
1762790310.7589529,6,2400000000.0
1762790310.7589529,7,2400000000.0
1762790310.7589529,8,2400000000.0
1762790310.7589529,9,2400000000.0
1762790310.7589529,0,2400000000.0
1762790310.7589529,1,2400000000.0
1762790310.7589529,2,2400000000.0
1762790310.7589529,3,2400000000.0
1762790310.7589529,4,2400000000.0
1762790310.7589529,5,2400000000.0
1762790311.7589421,0,3200000000.0
1762790311.7589421,1,3200000000.0
1762790311.7589421,2,3200000000.0
1762790311.7589421,3,3200000000.0
1762790311.7589421,4,3200000000.0
1762790311.7589421,5,3200000000.0
1762790311.7589421,6,3200000000.0
1762790311.7589421,7,3200000000.0
1762790311.7589421,8,3200000000.0
1762790311.7589421,9,3200000000.0
1762790311.7589421,0,3200000000.0
1762790311.7589421,1,3200000000.0
1762790311.7589421,2,3200000000.0
1762790311.7589421,3,3200000000.0
1762790311.7589421,4,3200000000.0
1762790311.7589421,5,3200000000.0
1762790311.7589421,6,3200000000.0
1762790311.7589421,7,3200000000.0
1762790311.7589421,8,3200000000.0
1762790311.7589421,9,3000000000.0
1762790311.7589421,0,3200000000.0
1762790311.7589421,1,3200000000.0
1762790311.7589421,2,3200000000.0
1762790311.7589421,3,3200000000.0
1762790311.7589421,4,3200000000.0
1762790311.7589421,5,3200000000.0
1762790311.7589421,6,3200000000.0
1762790311.7589421,7,3200000000.0
1762790311.7589421,8,3200000000.0
1762790311.7589421,9,3200000000.0
1762790311.7589421,0,3200000000.0
1762790311.7589421,1,3200000000.0
1762790311.7589421,2,3200000000.0
1762790311.7589421,3,3200000000.0
1762790311.7589421,4,3200000000.0
1762790311.7589421,5,3200000000.0
1762790311.7589421,6,3200000000.0
1762790311.7589421,7,3200000000.0
1762790311.7589421,8,3200000000.0
1762790311.7589421,9,3200000000.0
1762790311.7589421,0,3200000000.0
1762790311.7589421,1,3200000000.0
1762790311.7589421,2,3200000000.0
1762790311.7589421,3,3200000000.0
1762790311.7589421,4,3200000000.0
1762790311.7589421,5,3200000000.0
1762790311.7589421,6,3200000000.0
1762790311.7589421,7,3200000000.0
1762790311.7589421,8,3200000000.0
1762790311.7589421,9,3200000000.0
1762790311.7589421,0,3200000000.0
1762790311.7589421,1,3200000000.0
1762790311.7589421,2,3200000000.0
1762790311.7589421,3,3200000000.0
1762790311.7589421,4,3200000000.0
1762790311.7589421,5,3200000000.0
1762790311.7589421,6,3200000000.0
1762790311.7589421,7,3200000000.0
1762790311.7589421,8,3200000000.0
1762790311.7589421,9,3200000000.0
1762790311.7589421,0,3200000000.0
1762790311.7589421,1,3200000000.0
1762790311.7589421,2,3200000000.0
1762790311.7589421,3,3200000000.0
1762790311.7589421,4,3200000000.0
1762790311.7589421,5,3200000000.0
1762790311.7589421,6,3200000000.0
1762790311.7589421,7,3200000000.0
1762790311.7589421,8,3200000000.0
1762790311.7589421,9,3200000000.0
1762790311.7589421,0,3200000000.0
1762790311.7589421,1,3200000000.0
1762790311.7589421,2,3200000000.0
1762790311.7589421,3,3200000000.0
1762790311.7589421,4,3200000000.0
1762790311.7589421,5,3200000000.0
1762790311.7589421,6,3200000000.0
1762790311.7589421,7,3200000000.0
1762790311.7589421,8,3200000000.0
1762790311.7589421,9,3200000000.0
1762790311.7589421,0,3200000000.0
1762790311.7589421,1,3200000000.0
1762790311.7589421,2,3200000000.0
1762790311.7589421,3,3200000000.0
1762790311.7589421,4,3200000000.0
1762790311.7589421,5,3200000000.0
1762790311.7589421,6,3200000000.0
1762790311.7589421,7,3200000000.0
1762790311.7589421,8,3200000000.0
1762790311.7589421,9,3200000000.0
1762790311.7589421,0,3200000000.0
1762790311.7589421,1,3000000000.0
1762790311.7589421,2,3200000000.0
1762790311.7589421,3,3200000000.0
1762790311.7589421,4,3200000000.0
1762790311.7589421,5,3200000000.0
1762790312.7589328,0,3200000000.0
1762790312.7589328,1,3200000000.0
1762790312.7589328,2,3200000000.0
1762790312.7589328,3,3200000000.0
1762790312.7589328,4,3200000000.0
1762790312.7589328,5,3200000000.0
1762790312.7589328,6,3200000000.0
1762790312.7589328,7,3200000000.0
1762790312.7589328,8,3200000000.0
1762790312.7589328,9,3200000000.0
1762790312.7589328,0,3200000000.0
1762790312.7589328,1,3200000000.0
1762790312.7589328,2,3200000000.0
1762790312.7589328,3,3200000000.0
1762790312.7589328,4,3200000000.0
1762790312.7589328,5,3200000000.0
1762790312.7589328,6,3200000000.0
1762790312.7589328,7,3200000000.0
1762790312.7589328,8,3200000000.0
1762790312.7589328,9,3200000000.0
1762790312.7589328,0,3000000000.0
1762790312.7589328,1,3200000000.0
1762790312.7589328,2,3200000000.0
1762790312.7589328,3,3000000000.0
1762790312.7589328,4,3200000000.0
1762790312.7589328,5,3200000000.0
1762790312.7589328,6,3200000000.0
1762790312.7589328,7,3200000000.0
1762790312.7589328,8,3200000000.0
1762790312.7589328,9,3200000000.0
1762790312.7589328,0,3200000000.0
1762790312.7589328,1,3200000000.0
1762790312.7589328,2,3200000000.0
1762790312.7589328,3,3200000000.0
1762790312.7589328,4,3200000000.0
1762790312.7589328,5,3200000000.0
1762790312.7589328,6,3200000000.0
1762790312.7589328,7,3200000000.0
1762790312.7589328,8,3200000000.0
1762790312.7589328,9,3200000000.0
1762790312.7589328,0,3200000000.0
1762790312.7589328,1,3200000000.0
1762790312.7589328,2,3200000000.0
1762790312.7589328,3,3200000000.0
1762790312.7589328,4,3200000000.0
1762790312.7589328,5,3200000000.0
1762790312.7589328,6,3200000000.0
1762790312.7589328,7,3200000000.0
1762790312.7589328,8,3200000000.0
1762790312.7589328,9,3200000000.0
1762790312.7589328,0,3200000000.0
1762790312.7589328,1,3200000000.0
1762790312.7589328,2,3200000000.0
1762790312.7589328,3,3200000000.0
1762790312.7589328,4,3200000000.0
1762790312.7589328,5,3200000000.0
1762790312.7589328,6,3200000000.0
1762790312.7589328,7,3200000000.0
1762790312.7589328,8,3200000000.0
1762790312.7589328,9,3200000000.0
1762790312.7589328,0,3200000000.0
1762790312.7589328,1,3200000000.0
1762790312.7589328,2,3200000000.0
1762790312.7589328,3,3200000000.0
1762790312.7589328,4,3200000000.0
1762790312.7589328,5,3200000000.0
1762790312.7589328,6,3200000000.0
1762790312.7589328,7,3200000000.0
1762790312.7589328,8,3200000000.0
1762790312.7589328,9,3200000000.0
1762790312.7589328,0,3200000000.0
1762790312.7589328,1,3200000000.0
1762790312.7589328,2,3000000000.0
1762790312.7589328,3,3200000000.0
1762790312.7589328,4,3200000000.0
1762790312.7589328,5,3200000000.0
1762790312.7589328,6,3200000000.0
1762790312.7589328,7,3200000000.0
1762790312.7589328,8,3200000000.0
1762790312.7589328,9,3200000000.0
1762790312.7589328,0,3200000000.0
1762790312.7589328,1,3200000000.0
1762790312.7589328,2,3200000000.0
1762790312.7589328,3,3200000000.0
1762790312.7589328,4,3200000000.0
1762790312.7589328,5,3200000000.0
1762790312.7589328,6,3200000000.0
1762790312.7589328,7,3200000000.0
1762790312.7589328,8,3200000000.0
1762790312.7589328,9,3200000000.0
1762790312.7589328,0,3200000000.0
1762790312.7589328,1,3200000000.0
1762790312.7589328,2,3200000000.0
1762790312.7589328,3,3200000000.0
1762790312.7589328,4,3200000000.0
1762790312.7589328,5,3200000000.0
1762790313.7589417,0,1400000000.0
1762790313.7589417,1,1400000000.0
1762790313.7589417,2,1400000000.0
1762790313.7589417,3,1400000000.0
1762790313.7589417,4,1400000000.0
1762790313.7589417,5,1400000000.0
1762790313.7589417,6,1400000000.0
1762790313.7589417,7,1400000000.0
1762790313.7589417,8,1400000000.0
1762790313.7589417,9,1400000000.0
1762790313.7589417,0,1400000000.0
1762790313.7589417,1,1400000000.0
1762790313.7589417,2,1400000000.0
1762790313.7589417,3,1400000000.0
1762790313.7589417,4,1400000000.0
1762790313.7589417,5,1400000000.0
1762790313.7589417,6,1400000000.0
1762790313.7589417,7,1400000000.0
1762790313.7589417,8,1400000000.0
1762790313.7589417,9,1400000000.0
1762790313.7589417,0,1400000000.0
1762790313.7589417,1,1400000000.0
1762790313.7589417,2,1400000000.0
1762790313.7589417,3,1400000000.0
1762790313.7589417,4,1400000000.0
1762790313.7589417,5,1400000000.0
1762790313.7589417,6,1400000000.0
1762790313.7589417,7,1400000000.0
1762790313.7589417,8,1400000000.0
1762790313.7589417,9,1400000000.0
1762790313.7589417,0,1400000000.0
1762790313.7589417,1,1400000000.0
1762790313.7589417,2,1400000000.0
1762790313.7589417,3,1400000000.0
1762790313.7589417,4,1400000000.0
1762790313.7589417,5,1400000000.0
1762790313.7589417,6,1400000000.0
1762790313.7589417,7,1400000000.0
1762790313.7589417,8,1400000000.0
1762790313.7589417,9,1400000000.0
1762790313.7589417,0,1400000000.0
1762790313.7589417,1,1400000000.0
1762790313.7589417,2,1400000000.0
1762790313.7589417,3,1400000000.0
1762790313.7589417,4,1400000000.0
1762790313.7589417,5,1400000000.0
1762790313.7589417,6,1400000000.0
1762790313.7589417,7,1400000000.0
1762790313.7589417,8,1400000000.0
1762790313.7589417,9,1400000000.0
1762790313.7589417,0,1400000000.0
1762790313.7589417,1,1400000000.0
1762790313.7589417,2,1400000000.0
1762790313.7589417,3,1400000000.0
1762790313.7589417,4,1400000000.0
1762790313.7589417,5,1400000000.0
1762790313.7589417,6,1400000000.0
1762790313.7589417,7,1400000000.0
1762790313.7589417,8,1400000000.0
1762790313.7589417,9,1400000000.0
1762790313.7589417,0,1400000000.0
1762790313.7589417,1,1400000000.0
1762790313.7589417,2,1400000000.0
1762790313.7589417,3,1400000000.0
1762790313.7589417,4,1400000000.0
1762790313.7589417,5,1400000000.0
1762790313.7589417,6,1400000000.0
1762790313.7589417,7,1400000000.0
1762790313.7589417,8,1400000000.0
1762790313.7589417,9,1400000000.0
1762790313.7589417,0,1400000000.0
1762790313.7589417,1,1400000000.0
1762790313.7589417,2,1400000000.0
1762790313.7589417,3,1400000000.0
1762790313.7589417,4,1400000000.0
1762790313.7589417,5,1400000000.0
1762790313.7589417,6,1400000000.0
1762790313.7589417,7,1400000000.0
1762790313.7589417,8,1400000000.0
1762790313.7589417,9,1400000000.0
1762790313.7589417,0,1400000000.0
1762790313.7589417,1,1400000000.0
1762790313.7589417,2,1400000000.0
1762790313.7589417,3,1400000000.0
1762790313.7589417,4,1400000000.0
1762790313.7589417,5,1400000000.0
1762790313.7589417,6,1400000000.0
1762790313.7589417,7,1400000000.0
1762790313.7589417,8,1400000000.0
1762790313.7589417,9,1400000000.0
1762790313.7589417,0,1400000000.0
1762790313.7589417,1,1400000000.0
1762790313.7589417,2,1400000000.0
1762790313.7589417,3,1400000000.0
1762790313.7589417,4,1400000000.0
1762790313.7589417,5,1400000000.0
1762790314.758871,0,1400000000.0
1762790314.758871,1,1400000000.0
1762790314.758871,2,1400000000.0
1762790314.758871,3,1400000000.0
1762790314.758871,4,1400000000.0
1762790314.758871,5,1400000000.0
1762790314.758871,6,1400000000.0
1762790314.758871,7,1400000000.0
1762790314.758871,8,1400000000.0
1762790314.758871,9,1400000000.0
1762790314.758871,0,1400000000.0
1762790314.758871,1,1400000000.0
1762790314.758871,2,1400000000.0
1762790314.758871,3,1400000000.0
1762790314.758871,4,1400000000.0
1762790314.758871,5,1400000000.0
1762790314.758871,6,1400000000.0
1762790314.758871,7,1400000000.0
1762790314.758871,8,1400000000.0
1762790314.758871,9,1400000000.0
1762790314.758871,0,1400000000.0
1762790314.758871,1,1400000000.0
1762790314.758871,2,1400000000.0
1762790314.758871,3,1400000000.0
1762790314.758871,4,1400000000.0
1762790314.758871,5,1400000000.0
1762790314.758871,6,1400000000.0
1762790314.758871,7,1400000000.0
1762790314.758871,8,1400000000.0
1762790314.758871,9,1400000000.0
1762790314.758871,0,1400000000.0
1762790314.758871,1,1400000000.0
1762790314.758871,2,1400000000.0
1762790314.758871,3,1400000000.0
1762790314.758871,4,1400000000.0
1762790314.758871,5,1400000000.0
1762790314.758871,6,1400000000.0
1762790314.758871,7,1400000000.0
1762790314.758871,8,1400000000.0
1762790314.758871,9,1400000000.0
1762790314.758871,0,1400000000.0
1762790314.758871,1,1400000000.0
1762790314.758871,2,1400000000.0
1762790314.758871,3,1400000000.0
1762790314.758871,4,1400000000.0
1762790314.758871,5,1400000000.0
1762790314.758871,6,1400000000.0
1762790314.758871,7,1400000000.0
1762790314.758871,8,1400000000.0
1762790314.758871,9,1400000000.0
1762790314.758871,0,1400000000.0
1762790314.758871,1,1400000000.0
1762790314.758871,2,1400000000.0
1762790314.758871,3,1400000000.0
1762790314.758871,4,1400000000.0
1762790314.758871,5,1400000000.0
1762790314.758871,6,1400000000.0
1762790314.758871,7,1400000000.0
1762790314.758871,8,1400000000.0
1762790314.758871,9,1400000000.0
1762790314.758871,0,1400000000.0
1762790314.758871,1,1400000000.0
1762790314.758871,2,1400000000.0
1762790314.758871,3,1400000000.0
1762790314.758871,4,1400000000.0
1762790314.758871,5,1400000000.0
1762790314.758871,6,1400000000.0
1762790314.758871,7,1400000000.0
1762790314.758871,8,1400000000.0
1762790314.758871,9,1400000000.0
1762790314.758871,0,1400000000.0
1762790314.758871,1,1400000000.0
1762790314.758871,2,1400000000.0
1762790314.758871,3,1400000000.0
1762790314.758871,4,1400000000.0
1762790314.758871,5,1400000000.0
1762790314.758871,6,1400000000.0
1762790314.758871,7,1400000000.0
1762790314.758871,8,1400000000.0
1762790314.758871,9,1400000000.0
1762790314.758871,0,1400000000.0
1762790314.758871,1,1400000000.0
1762790314.758871,2,1400000000.0
1762790314.758871,3,1400000000.0
1762790314.758871,4,1400000000.0
1762790314.758871,5,1400000000.0
1762790314.758871,6,1400000000.0
1762790314.758871,7,1400000000.0
1762790314.758871,8,1400000000.0
1762790314.758871,9,1400000000.0
1762790314.758871,0,1400000000.0
1762790314.758871,1,1400000000.0
1762790314.758871,2,1400000000.0
1762790314.758871,3,1400000000.0
1762790314.758871,4,1400000000.0
1762790314.758871,5,1400000000.0
1762790315.7589626,0,2900000000.0
1762790315.7589626,1,2900000000.0
1762790315.7589626,2,2900000000.0
1762790315.7589626,3,2900000000.0
1762790315.7589626,4,2900000000.0
1762790315.7589626,5,2900000000.0
1762790315.7589626,6,2900000000.0
1762790315.7589626,7,2900000000.0
1762790315.7589626,8,2900000000.0
1762790315.7589626,9,2900000000.0
1762790315.7589626,0,2900000000.0
1762790315.7589626,1,2900000000.0
1762790315.7589626,2,2900000000.0
1762790315.7589626,3,2900000000.0
1762790315.7589626,4,2900000000.0
1762790315.7589626,5,2900000000.0
1762790315.7589626,6,2900000000.0
1762790315.7589626,7,2900000000.0
1762790315.7589626,8,2900000000.0
1762790315.7589626,9,2900000000.0
1762790315.7589626,0,2900000000.0
1762790315.7589626,1,2900000000.0
1762790315.7589626,2,2900000000.0
1762790315.7589626,3,2900000000.0
1762790315.7589626,4,2900000000.0
1762790315.7589626,5,2900000000.0
1762790315.7589626,6,2900000000.0
1762790315.7589626,7,2900000000.0
1762790315.7589626,8,2900000000.0
1762790315.7589626,9,2900000000.0
1762790315.7589626,0,2900000000.0
1762790315.7589626,1,2900000000.0
1762790315.7589626,2,2900000000.0
1762790315.7589626,3,2900000000.0
1762790315.7589626,4,2900000000.0
1762790315.7589626,5,2900000000.0
1762790315.7589626,6,2900000000.0
1762790315.7589626,7,2900000000.0
1762790315.7589626,8,2900000000.0
1762790315.7589626,9,2900000000.0
1762790315.7589626,0,2900000000.0
1762790315.7589626,1,2900000000.0
1762790315.7589626,2,2900000000.0
1762790315.7589626,3,2900000000.0
1762790315.7589626,4,2900000000.0
1762790315.7589626,5,2900000000.0
1762790315.7589626,6,2900000000.0
1762790315.7589626,7,2900000000.0
1762790315.7589626,8,2900000000.0
1762790315.7589626,9,2900000000.0
1762790315.7589626,0,2900000000.0
1762790315.7589626,1,2900000000.0
1762790315.7589626,2,2900000000.0
1762790315.7589626,3,2900000000.0
1762790315.7589626,4,2900000000.0
1762790315.7589626,5,2900000000.0
1762790315.7589626,6,2900000000.0
1762790315.7589626,7,2900000000.0
1762790315.7589626,8,2900000000.0
1762790315.7589626,9,2900000000.0
1762790315.7589626,0,2900000000.0
1762790315.7589626,1,2900000000.0
1762790315.7589626,2,2900000000.0
1762790315.7589626,3,2900000000.0
1762790315.7589626,4,2900000000.0
1762790315.7589626,5,2900000000.0
1762790315.7589626,6,2900000000.0
1762790315.7589626,7,2900000000.0
1762790315.7589626,8,2900000000.0
1762790315.7589626,9,2900000000.0
1762790315.7589626,0,2900000000.0
1762790315.7589626,1,2900000000.0
1762790315.7589626,2,2900000000.0
1762790315.7589626,3,2900000000.0
1762790315.7589626,4,2900000000.0
1762790315.7589626,5,2900000000.0
1762790315.7589626,6,2900000000.0
1762790315.7589626,7,2900000000.0
1762790315.7589626,8,2900000000.0
1762790315.7589626,9,2900000000.0
1762790315.7589626,0,2900000000.0
1762790315.7589626,1,2900000000.0
1762790315.7589626,2,2900000000.0
1762790315.7589626,3,2900000000.0
1762790315.7589626,4,2900000000.0
1762790315.7589626,5,2900000000.0
1762790315.7589626,6,2900000000.0
1762790315.7589626,7,2900000000.0
1762790315.7589626,8,2900000000.0
1762790315.7589626,9,2900000000.0
1762790315.7589626,0,2900000000.0
1762790315.7589626,1,2900000000.0
1762790315.7589626,2,2900000000.0
1762790315.7589626,3,2900000000.0
1762790315.7589626,4,2900000000.0
1762790315.7589626,5,2900000000.0
1762790316.7589357,0,2900000000.0
1762790316.7589357,1,2900000000.0
1762790316.7589357,2,2900000000.0
1762790316.7589357,3,2900000000.0
1762790316.7589357,4,2900000000.0
1762790316.7589357,5,2900000000.0
1762790316.7589357,6,2900000000.0
1762790316.7589357,7,2900000000.0
1762790316.7589357,8,2900000000.0
1762790316.7589357,9,2900000000.0
1762790316.7589357,0,2900000000.0
1762790316.7589357,1,2900000000.0
1762790316.7589357,2,2900000000.0
1762790316.7589357,3,2900000000.0
1762790316.7589357,4,2900000000.0
1762790316.7589357,5,2900000000.0
1762790316.7589357,6,2900000000.0
1762790316.7589357,7,2900000000.0
1762790316.7589357,8,2900000000.0
1762790316.7589357,9,2900000000.0
1762790316.7589357,0,2900000000.0
1762790316.7589357,1,2900000000.0
1762790316.7589357,2,2900000000.0
1762790316.7589357,3,2900000000.0
1762790316.7589357,4,2900000000.0
1762790316.7589357,5,2900000000.0
1762790316.7589357,6,2900000000.0
1762790316.7589357,7,2900000000.0
1762790316.7589357,8,2900000000.0
1762790316.7589357,9,2900000000.0
1762790316.7589357,0,2900000000.0
1762790316.7589357,1,2900000000.0
1762790316.7589357,2,2900000000.0
1762790316.7589357,3,2900000000.0
1762790316.7589357,4,2900000000.0
1762790316.7589357,5,2900000000.0
1762790316.7589357,6,2900000000.0
1762790316.7589357,7,2900000000.0
1762790316.7589357,8,2900000000.0
1762790316.7589357,9,2900000000.0
1762790316.7589357,0,2900000000.0
1762790316.7589357,1,2900000000.0
1762790316.7589357,2,2900000000.0
1762790316.7589357,3,2900000000.0
1762790316.7589357,4,2900000000.0
1762790316.7589357,5,2900000000.0
1762790316.7589357,6,2900000000.0
1762790316.7589357,7,2900000000.0
1762790316.7589357,8,2900000000.0
1762790316.7589357,9,2900000000.0
1762790316.7589357,0,2900000000.0
1762790316.7589357,1,2900000000.0
1762790316.7589357,2,2900000000.0
1762790316.7589357,3,2900000000.0
1762790316.7589357,4,2900000000.0
1762790316.7589357,5,2900000000.0
1762790316.7589357,6,2900000000.0
1762790316.7589357,7,2900000000.0
1762790316.7589357,8,2900000000.0
1762790316.7589357,9,2900000000.0
1762790316.7589357,0,2900000000.0
1762790316.7589357,1,2900000000.0
1762790316.7589357,2,2900000000.0
1762790316.7589357,3,2900000000.0
1762790316.7589357,4,2900000000.0
1762790316.7589357,5,2900000000.0
1762790316.7589357,6,2900000000.0
1762790316.7589357,7,2900000000.0
1762790316.7589357,8,2900000000.0
1762790316.7589357,9,2900000000.0
1762790316.7589357,0,2900000000.0
1762790316.7589357,1,2900000000.0
1762790316.7589357,2,2900000000.0
1762790316.7589357,3,2900000000.0
1762790316.7589357,4,2900000000.0
1762790316.7589357,5,2900000000.0
1762790316.7589357,6,2900000000.0
1762790316.7589357,7,2900000000.0
1762790316.7589357,8,2900000000.0
1762790316.7589357,9,2900000000.0
1762790316.7589357,0,2900000000.0
1762790316.7589357,1,2900000000.0
1762790316.7589357,2,2900000000.0
1762790316.7589357,3,2900000000.0
1762790316.7589357,4,2900000000.0
1762790316.7589357,5,2900000000.0
1762790316.7589357,6,2900000000.0
1762790316.7589357,7,2900000000.0
1762790316.7589357,8,2900000000.0
1762790316.7589357,9,2900000000.0
1762790316.7589357,0,2900000000.0
1762790316.7589357,1,2900000000.0
1762790316.7589357,2,2900000000.0
1762790316.7589357,3,2900000000.0
1762790316.7589357,4,2900000000.0
1762790316.7589357,5,2900000000.0
1762790317.7599328,0,1900000000.0
1762790317.7599328,1,1900000000.0
1762790317.7599328,2,1900000000.0
1762790317.7599328,3,1900000000.0
1762790317.7599328,4,1900000000.0
1762790317.7599328,5,1900000000.0
1762790317.7599328,6,1900000000.0
1762790317.7599328,7,1900000000.0
1762790317.7599328,8,1900000000.0
1762790317.7599328,9,1900000000.0
1762790317.7599328,0,1900000000.0
1762790317.7599328,1,1900000000.0
1762790317.7599328,2,1900000000.0
1762790317.7599328,3,1900000000.0
1762790317.7599328,4,1900000000.0
1762790317.7599328,5,1900000000.0
1762790317.7599328,6,1900000000.0
1762790317.7599328,7,1900000000.0
1762790317.7599328,8,1900000000.0
1762790317.7599328,9,1900000000.0
1762790317.7599328,0,1900000000.0
1762790317.7599328,1,1900000000.0
1762790317.7599328,2,1900000000.0
1762790317.7599328,3,1900000000.0
1762790317.7599328,4,1900000000.0
1762790317.7599328,5,1900000000.0
1762790317.7599328,6,1900000000.0
1762790317.7599328,7,1900000000.0
1762790317.7599328,8,1900000000.0
1762790317.7599328,9,1900000000.0
1762790317.7599328,0,1900000000.0
1762790317.7599328,1,1900000000.0
1762790317.7599328,2,1900000000.0
1762790317.7599328,3,1900000000.0
1762790317.7599328,4,1900000000.0
1762790317.7599328,5,1900000000.0
1762790317.7599328,6,1900000000.0
1762790317.7599328,7,1900000000.0
1762790317.7599328,8,1900000000.0
1762790317.7599328,9,1900000000.0
1762790317.7599328,0,1900000000.0
1762790317.7599328,1,1900000000.0
1762790317.7599328,2,1900000000.0
1762790317.7599328,3,1900000000.0
1762790317.7599328,4,1900000000.0
1762790317.7599328,5,1900000000.0
1762790317.7599328,6,1900000000.0
1762790317.7599328,7,1900000000.0
1762790317.7599328,8,1900000000.0
1762790317.7599328,9,1900000000.0
1762790317.7599328,0,1900000000.0
1762790317.7599328,1,1900000000.0
1762790317.7599328,2,1900000000.0
1762790317.7599328,3,1900000000.0
1762790317.7599328,4,1900000000.0
1762790317.7599328,5,1900000000.0
1762790317.7599328,6,1900000000.0
1762790317.7599328,7,1900000000.0
1762790317.7599328,8,1900000000.0
1762790317.7599328,9,1900000000.0
1762790317.7599328,0,1900000000.0
1762790317.7599328,1,1900000000.0
1762790317.7599328,2,1900000000.0
1762790317.7599328,3,1900000000.0
1762790317.7599328,4,1900000000.0
1762790317.7599328,5,1900000000.0
1762790317.7599328,6,1900000000.0
1762790317.7599328,7,1900000000.0
1762790317.7599328,8,1900000000.0
1762790317.7599328,9,1900000000.0
1762790317.7599328,0,1900000000.0
1762790317.7599328,1,1900000000.0
1762790317.7599328,2,1900000000.0
1762790317.7599328,3,1900000000.0
1762790317.7599328,4,1900000000.0
1762790317.7599328,5,1900000000.0
1762790317.7599328,6,1900000000.0
1762790317.7599328,7,1900000000.0
1762790317.7599328,8,1900000000.0
1762790317.7599328,9,1900000000.0
1762790317.7599328,0,1900000000.0
1762790317.7599328,1,1900000000.0
1762790317.7599328,2,1900000000.0
1762790317.7599328,3,1900000000.0
1762790317.7599328,4,1900000000.0
1762790317.7599328,5,1900000000.0
1762790317.7599328,6,1900000000.0
1762790317.7599328,7,1900000000.0
1762790317.7599328,8,1900000000.0
1762790317.7599328,9,1900000000.0
1762790317.7599328,0,1900000000.0
1762790317.7599328,1,1900000000.0
1762790317.7599328,2,1900000000.0
1762790317.7599328,3,1900000000.0
1762790317.7599328,4,1900000000.0
1762790317.7599328,5,1900000000.0
1762790318.758926,0,1900000000.0
1762790318.758926,1,1900000000.0
1762790318.758926,2,1900000000.0
1762790318.758926,3,1900000000.0
1762790318.758926,4,1900000000.0
1762790318.758926,5,1900000000.0
1762790318.758926,6,1900000000.0
1762790318.758926,7,1900000000.0
1762790318.758926,8,1900000000.0
1762790318.758926,9,1900000000.0
1762790318.758926,0,1900000000.0
1762790318.758926,1,1900000000.0
1762790318.758926,2,1900000000.0
1762790318.758926,3,1900000000.0
1762790318.758926,4,1900000000.0
1762790318.758926,5,1900000000.0
1762790318.758926,6,1900000000.0
1762790318.758926,7,1900000000.0
1762790318.758926,8,1900000000.0
1762790318.758926,9,1900000000.0
1762790318.758926,0,1900000000.0
1762790318.758926,1,1900000000.0
1762790318.758926,2,1900000000.0
1762790318.758926,3,1900000000.0
1762790318.758926,4,1900000000.0
1762790318.758926,5,1900000000.0
1762790318.758926,6,1900000000.0
1762790318.758926,7,1900000000.0
1762790318.758926,8,1900000000.0
1762790318.758926,9,1900000000.0
1762790318.758926,0,1900000000.0
1762790318.758926,1,1900000000.0
1762790318.758926,2,1900000000.0
1762790318.758926,3,1900000000.0
1762790318.758926,4,1900000000.0
1762790318.758926,5,1900000000.0
1762790318.758926,6,1900000000.0
1762790318.758926,7,1900000000.0
1762790318.758926,8,1900000000.0
1762790318.758926,9,1900000000.0
1762790318.758926,0,1900000000.0
1762790318.758926,1,1900000000.0
1762790318.758926,2,1900000000.0
1762790318.758926,3,1900000000.0
1762790318.758926,4,1900000000.0
1762790318.758926,5,1900000000.0
1762790318.758926,6,1900000000.0
1762790318.758926,7,1900000000.0
1762790318.758926,8,1900000000.0
1762790318.758926,9,1900000000.0
1762790318.758926,0,1900000000.0
1762790318.758926,1,1900000000.0
1762790318.758926,2,1900000000.0
1762790318.758926,3,1900000000.0
1762790318.758926,4,1900000000.0
1762790318.758926,5,1900000000.0
1762790318.758926,6,1900000000.0
1762790318.758926,7,1900000000.0
1762790318.758926,8,1900000000.0
1762790318.758926,9,1900000000.0
1762790318.758926,0,1900000000.0
1762790318.758926,1,1900000000.0
1762790318.758926,2,1900000000.0
1762790318.758926,3,1900000000.0
1762790318.758926,4,1900000000.0
1762790318.758926,5,1900000000.0
1762790318.758926,6,1900000000.0
1762790318.758926,7,1900000000.0
1762790318.758926,8,1900000000.0
1762790318.758926,9,1900000000.0
1762790318.758926,0,1900000000.0
1762790318.758926,1,1900000000.0
1762790318.758926,2,1900000000.0
1762790318.758926,3,1900000000.0
1762790318.758926,4,1900000000.0
1762790318.758926,5,1900000000.0
1762790318.758926,6,1900000000.0
1762790318.758926,7,1900000000.0
1762790318.758926,8,1900000000.0
1762790318.758926,9,1900000000.0
1762790318.758926,0,1900000000.0
1762790318.758926,1,1900000000.0
1762790318.758926,2,1900000000.0
1762790318.758926,3,1900000000.0
1762790318.758926,4,1900000000.0
1762790318.758926,5,1900000000.0
1762790318.758926,6,1900000000.0
1762790318.758926,7,1900000000.0
1762790318.758926,8,1900000000.0
1762790318.758926,9,1900000000.0
1762790318.758926,0,1900000000.0
1762790318.758926,1,1900000000.0
1762790318.758926,2,1900000000.0
1762790318.758926,3,1900000000.0
1762790318.758926,4,1900000000.0
1762790318.758926,5,1900000000.0
1762790319.7589655,0,2900000000.0
1762790319.7589655,1,2900000000.0
1762790319.7589655,2,2900000000.0
1762790319.7589655,3,2900000000.0
1762790319.7589655,4,2900000000.0
1762790319.7589655,5,2900000000.0
1762790319.7589655,6,2900000000.0
1762790319.7589655,7,2900000000.0
1762790319.7589655,8,2900000000.0
1762790319.7589655,9,2900000000.0
1762790319.7589655,0,2900000000.0
1762790319.7589655,1,2900000000.0
1762790319.7589655,2,2900000000.0
1762790319.7589655,3,2900000000.0
1762790319.7589655,4,2900000000.0
1762790319.7589655,5,2900000000.0
1762790319.7589655,6,2900000000.0
1762790319.7589655,7,2900000000.0
1762790319.7589655,8,2900000000.0
1762790319.7589655,9,2900000000.0
1762790319.7589655,0,2900000000.0
1762790319.7589655,1,2900000000.0
1762790319.7589655,2,2900000000.0
1762790319.7589655,3,2900000000.0
1762790319.7589655,4,2900000000.0
1762790319.7589655,5,2900000000.0
1762790319.7589655,6,2900000000.0
1762790319.7589655,7,2900000000.0
1762790319.7589655,8,2900000000.0
1762790319.7589655,9,2900000000.0
1762790319.7589655,0,2900000000.0
1762790319.7589655,1,2900000000.0
1762790319.7589655,2,2900000000.0
1762790319.7589655,3,2900000000.0
1762790319.7589655,4,2900000000.0
1762790319.7589655,5,2900000000.0
1762790319.7589655,6,2900000000.0
1762790319.7589655,7,2900000000.0
1762790319.7589655,8,2900000000.0
1762790319.7589655,9,2900000000.0
1762790319.7589655,0,2900000000.0
1762790319.7589655,1,2900000000.0
1762790319.7589655,2,2900000000.0
1762790319.7589655,3,2900000000.0
1762790319.7589655,4,2900000000.0
1762790319.7589655,5,2900000000.0
1762790319.7589655,6,2900000000.0
1762790319.7589655,7,2900000000.0
1762790319.7589655,8,2900000000.0
1762790319.7589655,9,2900000000.0
1762790319.7589655,0,2900000000.0
1762790319.7589655,1,2900000000.0
1762790319.7589655,2,2900000000.0
1762790319.7589655,3,2900000000.0
1762790319.7589655,4,2900000000.0
1762790319.7589655,5,2900000000.0
1762790319.7589655,6,2900000000.0
1762790319.7589655,7,2900000000.0
1762790319.7589655,8,2900000000.0
1762790319.7589655,9,2900000000.0
1762790319.7589655,0,2900000000.0
1762790319.7589655,1,2900000000.0
1762790319.7589655,2,2900000000.0
1762790319.7589655,3,2900000000.0
1762790319.7589655,4,2900000000.0
1762790319.7589655,5,2900000000.0
1762790319.7589655,6,2900000000.0
1762790319.7589655,7,2900000000.0
1762790319.7589655,8,2900000000.0
1762790319.7589655,9,2900000000.0
1762790319.7589655,0,2900000000.0
1762790319.7589655,1,2900000000.0
1762790319.7589655,2,2900000000.0
1762790319.7589655,3,2900000000.0
1762790319.7589655,4,2900000000.0
1762790319.7589655,5,2900000000.0
1762790319.7589655,6,2900000000.0
1762790319.7589655,7,2900000000.0
1762790319.7589655,8,2900000000.0
1762790319.7589655,9,2900000000.0
1762790319.7589655,0,2900000000.0
1762790319.7589655,1,2900000000.0
1762790319.7589655,2,2900000000.0
1762790319.7589655,3,2900000000.0
1762790319.7589655,4,2900000000.0
1762790319.7589655,5,2900000000.0
1762790319.7589655,6,2900000000.0
1762790319.7589655,7,2900000000.0
1762790319.7589655,8,2900000000.0
1762790319.7589655,9,2900000000.0
1762790319.7589655,0,2900000000.0
1762790319.7589655,1,2900000000.0
1762790319.7589655,2,2900000000.0
1762790319.7589655,3,2900000000.0
1762790319.7589655,4,2900000000.0
1762790319.7589655,5,2900000000.0
1762790320.7589166,0,2900000000.0
1762790320.7589166,1,2900000000.0
1762790320.7589166,2,2900000000.0
1762790320.7589166,3,2900000000.0
1762790320.7589166,4,2900000000.0
1762790320.7589166,5,2900000000.0
1762790320.7589166,6,2900000000.0
1762790320.7589166,7,2900000000.0
1762790320.7589166,8,2900000000.0
1762790320.7589166,9,2900000000.0
1762790320.7589166,0,2900000000.0
1762790320.7589166,1,2900000000.0
1762790320.7589166,2,2900000000.0
1762790320.7589166,3,2900000000.0
1762790320.7589166,4,2900000000.0
1762790320.7589166,5,2900000000.0
1762790320.7589166,6,2900000000.0
1762790320.7589166,7,2900000000.0
1762790320.7589166,8,2900000000.0
1762790320.7589166,9,2900000000.0
1762790320.7589166,0,2900000000.0
1762790320.7589166,1,2900000000.0
1762790320.7589166,2,2900000000.0
1762790320.7589166,3,2900000000.0
1762790320.7589166,4,2900000000.0
1762790320.7589166,5,2900000000.0
1762790320.7589166,6,2900000000.0
1762790320.7589166,7,2900000000.0
1762790320.7589166,8,2900000000.0
1762790320.7589166,9,2900000000.0
1762790320.7589166,0,2900000000.0
1762790320.7589166,1,2900000000.0
1762790320.7589166,2,2900000000.0
1762790320.7589166,3,2900000000.0
1762790320.7589166,4,2900000000.0
1762790320.7589166,5,2900000000.0
1762790320.7589166,6,2900000000.0
1762790320.7589166,7,2900000000.0
1762790320.7589166,8,2900000000.0
1762790320.7589166,9,2900000000.0
1762790320.7589166,0,2900000000.0
1762790320.7589166,1,2900000000.0
1762790320.7589166,2,2900000000.0
1762790320.7589166,3,2900000000.0
1762790320.7589166,4,2900000000.0
1762790320.7589166,5,2900000000.0
1762790320.7589166,6,2900000000.0
1762790320.7589166,7,2900000000.0
1762790320.7589166,8,2900000000.0
1762790320.7589166,9,2900000000.0
1762790320.7589166,0,2900000000.0
1762790320.7589166,1,2900000000.0
1762790320.7589166,2,2900000000.0
1762790320.7589166,3,2900000000.0
1762790320.7589166,4,2900000000.0
1762790320.7589166,5,2900000000.0
1762790320.7589166,6,2900000000.0
1762790320.7589166,7,2900000000.0
1762790320.7589166,8,2900000000.0
1762790320.7589166,9,2900000000.0
1762790320.7589166,0,2900000000.0
1762790320.7589166,1,2900000000.0
1762790320.7589166,2,2900000000.0
1762790320.7589166,3,2900000000.0
1762790320.7589166,4,2900000000.0
1762790320.7589166,5,2900000000.0
1762790320.7589166,6,2900000000.0
1762790320.7589166,7,2900000000.0
1762790320.7589166,8,2900000000.0
1762790320.7589166,9,2900000000.0
1762790320.7589166,0,2900000000.0
1762790320.7589166,1,2900000000.0
1762790320.7589166,2,2900000000.0
1762790320.7589166,3,2900000000.0
1762790320.7589166,4,2900000000.0
1762790320.7589166,5,2900000000.0
1762790320.7589166,6,2900000000.0
1762790320.7589166,7,2900000000.0
1762790320.7589166,8,2900000000.0
1762790320.7589166,9,2900000000.0
1762790320.7589166,0,2900000000.0
1762790320.7589166,1,2900000000.0
1762790320.7589166,2,2900000000.0
1762790320.7589166,3,2900000000.0
1762790320.7589166,4,2900000000.0
1762790320.7589166,5,2900000000.0
1762790320.7589166,6,2900000000.0
1762790320.7589166,7,2900000000.0
1762790320.7589166,8,2900000000.0
1762790320.7589166,9,2900000000.0
1762790320.7589166,0,2900000000.0
1762790320.7589166,1,2900000000.0
1762790320.7589166,2,2900000000.0
1762790320.7589166,3,2900000000.0
1762790320.7589166,4,2900000000.0
1762790320.7589166,5,2900000000.0
1762790321.7589602,0,1800000000.0
1762790321.7589602,1,1800000000.0
1762790321.7589602,2,1800000000.0
1762790321.7589602,3,1800000000.0
1762790321.7589602,4,1800000000.0
1762790321.7589602,5,1800000000.0
1762790321.7589602,6,1800000000.0
1762790321.7589602,7,1800000000.0
1762790321.7589602,8,1800000000.0
1762790321.7589602,9,1800000000.0
1762790321.7589602,0,1800000000.0
1762790321.7589602,1,1800000000.0
1762790321.7589602,2,1800000000.0
1762790321.7589602,3,1800000000.0
1762790321.7589602,4,1800000000.0
1762790321.7589602,5,1800000000.0
1762790321.7589602,6,1800000000.0
1762790321.7589602,7,1800000000.0
1762790321.7589602,8,1800000000.0
1762790321.7589602,9,1800000000.0
1762790321.7589602,0,1800000000.0
1762790321.7589602,1,1800000000.0
1762790321.7589602,2,1800000000.0
1762790321.7589602,3,1800000000.0
1762790321.7589602,4,1800000000.0
1762790321.7589602,5,1800000000.0
1762790321.7589602,6,1800000000.0
1762790321.7589602,7,1800000000.0
1762790321.7589602,8,1800000000.0
1762790321.7589602,9,1800000000.0
1762790321.7589602,0,1800000000.0
1762790321.7589602,1,1800000000.0
1762790321.7589602,2,1800000000.0
1762790321.7589602,3,1800000000.0
1762790321.7589602,4,1800000000.0
1762790321.7589602,5,1800000000.0
1762790321.7589602,6,1800000000.0
1762790321.7589602,7,1800000000.0
1762790321.7589602,8,1800000000.0
1762790321.7589602,9,1800000000.0
1762790321.7589602,0,1800000000.0
1762790321.7589602,1,1800000000.0
1762790321.7589602,2,1800000000.0
1762790321.7589602,3,1800000000.0
1762790321.7589602,4,1800000000.0
1762790321.7589602,5,1800000000.0
1762790321.7589602,6,1800000000.0
1762790321.7589602,7,1800000000.0
1762790321.7589602,8,1800000000.0
1762790321.7589602,9,1800000000.0
1762790321.7589602,0,1800000000.0
1762790321.7589602,1,1800000000.0
1762790321.7589602,2,1800000000.0
1762790321.7589602,3,1800000000.0
1762790321.7589602,4,1800000000.0
1762790321.7589602,5,1800000000.0
1762790321.7589602,6,1800000000.0
1762790321.7589602,7,1800000000.0
1762790321.7589602,8,1800000000.0
1762790321.7589602,9,1800000000.0
1762790321.7589602,0,1800000000.0
1762790321.7589602,1,1800000000.0
1762790321.7589602,2,1800000000.0
1762790321.7589602,3,1800000000.0
1762790321.7589602,4,1800000000.0
1762790321.7589602,5,1800000000.0
1762790321.7589602,6,1800000000.0
1762790321.7589602,7,1800000000.0
1762790321.7589602,8,1800000000.0
1762790321.7589602,9,1800000000.0
1762790321.7589602,0,1800000000.0
1762790321.7589602,1,1800000000.0
1762790321.7589602,2,1800000000.0
1762790321.7589602,3,1800000000.0
1762790321.7589602,4,1800000000.0
1762790321.7589602,5,1800000000.0
1762790321.7589602,6,1800000000.0
1762790321.7589602,7,1800000000.0
1762790321.7589602,8,1800000000.0
1762790321.7589602,9,1800000000.0
1762790321.7589602,0,1800000000.0
1762790321.7589602,1,1800000000.0
1762790321.7589602,2,1800000000.0
1762790321.7589602,3,1800000000.0
1762790321.7589602,4,1800000000.0
1762790321.7589602,5,1800000000.0
1762790321.7589602,6,1800000000.0
1762790321.7589602,7,1800000000.0
1762790321.7589602,8,1800000000.0
1762790321.7589602,9,1800000000.0
1762790321.7589602,0,1800000000.0
1762790321.7589602,1,1800000000.0
1762790321.7589602,2,1800000000.0
1762790321.7589602,3,1800000000.0
1762790321.7589602,4,1800000000.0
1762790321.7589602,5,1800000000.0
1762790322.758955,0,1800000000.0
1762790322.758955,1,1800000000.0
1762790322.758955,2,1800000000.0
1762790322.758955,3,1800000000.0
1762790322.758955,4,1800000000.0
1762790322.758955,5,1800000000.0
1762790322.758955,6,1800000000.0
1762790322.758955,7,1800000000.0
1762790322.758955,8,1800000000.0
1762790322.758955,9,1800000000.0
1762790322.758955,0,1800000000.0
1762790322.758955,1,1800000000.0
1762790322.758955,2,1800000000.0
1762790322.758955,3,1800000000.0
1762790322.758955,4,1800000000.0
1762790322.758955,5,1800000000.0
1762790322.758955,6,1800000000.0
1762790322.758955,7,1800000000.0
1762790322.758955,8,1800000000.0
1762790322.758955,9,1800000000.0
1762790322.758955,0,1800000000.0
1762790322.758955,1,1800000000.0
1762790322.758955,2,1800000000.0
1762790322.758955,3,1800000000.0
1762790322.758955,4,1800000000.0
1762790322.758955,5,1800000000.0
1762790322.758955,6,1800000000.0
1762790322.758955,7,1800000000.0
1762790322.758955,8,1800000000.0
1762790322.758955,9,1800000000.0
1762790322.758955,0,1800000000.0
1762790322.758955,1,1800000000.0
1762790322.758955,2,1800000000.0
1762790322.758955,3,1800000000.0
1762790322.758955,4,1800000000.0
1762790322.758955,5,1800000000.0
1762790322.758955,6,1800000000.0
1762790322.758955,7,1800000000.0
1762790322.758955,8,1800000000.0
1762790322.758955,9,1800000000.0
1762790322.758955,0,1800000000.0
1762790322.758955,1,1800000000.0
1762790322.758955,2,1800000000.0
1762790322.758955,3,1800000000.0
1762790322.758955,4,1800000000.0
1762790322.758955,5,1800000000.0
1762790322.758955,6,1800000000.0
1762790322.758955,7,1800000000.0
1762790322.758955,8,1800000000.0
1762790322.758955,9,1800000000.0
1762790322.758955,0,1800000000.0
1762790322.758955,1,1800000000.0
1762790322.758955,2,1800000000.0
1762790322.758955,3,1800000000.0
1762790322.758955,4,1800000000.0
1762790322.758955,5,1800000000.0
1762790322.758955,6,1800000000.0
1762790322.758955,7,1800000000.0
1762790322.758955,8,1800000000.0
1762790322.758955,9,1800000000.0
1762790322.758955,0,1800000000.0
1762790322.758955,1,1800000000.0
1762790322.758955,2,1800000000.0
1762790322.758955,3,1800000000.0
1762790322.758955,4,1800000000.0
1762790322.758955,5,1800000000.0
1762790322.758955,6,1800000000.0
1762790322.758955,7,1800000000.0
1762790322.758955,8,1800000000.0
1762790322.758955,9,1800000000.0
1762790322.758955,0,1800000000.0
1762790322.758955,1,1800000000.0
1762790322.758955,2,1800000000.0
1762790322.758955,3,1800000000.0
1762790322.758955,4,1800000000.0
1762790322.758955,5,1800000000.0
1762790322.758955,6,1800000000.0
1762790322.758955,7,1800000000.0
1762790322.758955,8,1800000000.0
1762790322.758955,9,1800000000.0
1762790322.758955,0,1800000000.0
1762790322.758955,1,1800000000.0
1762790322.758955,2,1800000000.0
1762790322.758955,3,1800000000.0
1762790322.758955,4,1800000000.0
1762790322.758955,5,1800000000.0
1762790322.758955,6,1800000000.0
1762790322.758955,7,1800000000.0
1762790322.758955,8,1800000000.0
1762790322.758955,9,1800000000.0
1762790322.758955,0,1800000000.0
1762790322.758955,1,1800000000.0
1762790322.758955,2,1800000000.0
1762790322.758955,3,1800000000.0
1762790322.758955,4,1800000000.0
1762790322.758955,5,1800000000.0
1762790323.7589595,0,3200000000.0
1762790323.7589595,1,3200000000.0
1762790323.7589595,2,3200000000.0
1762790323.7589595,3,3200000000.0
1762790323.7589595,4,3200000000.0
1762790323.7589595,5,3200000000.0
1762790323.7589595,6,3200000000.0
1762790323.7589595,7,3200000000.0
1762790323.7589595,8,3200000000.0
1762790323.7589595,9,3200000000.0
1762790323.7589595,0,3200000000.0
1762790323.7589595,1,3200000000.0
1762790323.7589595,2,3200000000.0
1762790323.7589595,3,3200000000.0
1762790323.7589595,4,3200000000.0
1762790323.7589595,5,3200000000.0
1762790323.7589595,6,3200000000.0
1762790323.7589595,7,3200000000.0
1762790323.7589595,8,3200000000.0
1762790323.7589595,9,3200000000.0
1762790323.7589595,0,3200000000.0
1762790323.7589595,1,3200000000.0
1762790323.7589595,2,3200000000.0
1762790323.7589595,3,3200000000.0
1762790323.7589595,4,3200000000.0
1762790323.7589595,5,3200000000.0
1762790323.7589595,6,3200000000.0
1762790323.7589595,7,3200000000.0
1762790323.7589595,8,3200000000.0
1762790323.7589595,9,3200000000.0
1762790323.7589595,0,3200000000.0
1762790323.7589595,1,3200000000.0
1762790323.7589595,2,3200000000.0
1762790323.7589595,3,3200000000.0
1762790323.7589595,4,3200000000.0
1762790323.7589595,5,3200000000.0
1762790323.7589595,6,3200000000.0
1762790323.7589595,7,3200000000.0
1762790323.7589595,8,3200000000.0
1762790323.7589595,9,3200000000.0
1762790323.7589595,0,3200000000.0
1762790323.7589595,1,3200000000.0
1762790323.7589595,2,3200000000.0
1762790323.7589595,3,3200000000.0
1762790323.7589595,4,3200000000.0
1762790323.7589595,5,3200000000.0
1762790323.7589595,6,3200000000.0
1762790323.7589595,7,3200000000.0
1762790323.7589595,8,3200000000.0
1762790323.7589595,9,3200000000.0
1762790323.7589595,0,3200000000.0
1762790323.7589595,1,3200000000.0
1762790323.7589595,2,3200000000.0
1762790323.7589595,3,3200000000.0
1762790323.7589595,4,3200000000.0
1762790323.7589595,5,3200000000.0
1762790323.7589595,6,3200000000.0
1762790323.7589595,7,3200000000.0
1762790323.7589595,8,3200000000.0
1762790323.7589595,9,3200000000.0
1762790323.7589595,0,3200000000.0
1762790323.7589595,1,3200000000.0
1762790323.7589595,2,3200000000.0
1762790323.7589595,3,3200000000.0
1762790323.7589595,4,3200000000.0
1762790323.7589595,5,3200000000.0
1762790323.7589595,6,3200000000.0
1762790323.7589595,7,3200000000.0
1762790323.7589595,8,3200000000.0
1762790323.7589595,9,3200000000.0
1762790323.7589595,0,3200000000.0
1762790323.7589595,1,3200000000.0
1762790323.7589595,2,3200000000.0
1762790323.7589595,3,3200000000.0
1762790323.7589595,4,3200000000.0
1762790323.7589595,5,3200000000.0
1762790323.7589595,6,3200000000.0
1762790323.7589595,7,3200000000.0
1762790323.7589595,8,3200000000.0
1762790323.7589595,9,3200000000.0
1762790323.7589595,0,3200000000.0
1762790323.7589595,1,3200000000.0
1762790323.7589595,2,3200000000.0
1762790323.7589595,3,3200000000.0
1762790323.7589595,4,3200000000.0
1762790323.7589595,5,3200000000.0
1762790323.7589595,6,3200000000.0
1762790323.7589595,7,3200000000.0
1762790323.7589595,8,3200000000.0
1762790323.7589595,9,3200000000.0
1762790323.7589595,0,3200000000.0
1762790323.7589595,1,3200000000.0
1762790323.7589595,2,3200000000.0
1762790323.7589595,3,3200000000.0
1762790323.7589595,4,3200000000.0
1762790323.7589595,5,3200000000.0
1762790324.758938,0,3200000000.0
1762790324.758938,1,3200000000.0
1762790324.758938,2,3200000000.0
1762790324.758938,3,3200000000.0
1762790324.758938,4,3200000000.0
1762790324.758938,5,3200000000.0
1762790324.758938,6,3200000000.0
1762790324.758938,7,3200000000.0
1762790324.758938,8,3200000000.0
1762790324.758938,9,3200000000.0
1762790324.758938,0,3200000000.0
1762790324.758938,1,3200000000.0
1762790324.758938,2,3200000000.0
1762790324.758938,3,3200000000.0
1762790324.758938,4,3200000000.0
1762790324.758938,5,3200000000.0
1762790324.758938,6,3200000000.0
1762790324.758938,7,3200000000.0
1762790324.758938,8,3200000000.0
1762790324.758938,9,3200000000.0
1762790324.758938,0,3200000000.0
1762790324.758938,1,3200000000.0
1762790324.758938,2,3200000000.0
1762790324.758938,3,3200000000.0
1762790324.758938,4,3200000000.0
1762790324.758938,5,3200000000.0
1762790324.758938,6,3200000000.0
1762790324.758938,7,3200000000.0
1762790324.758938,8,3200000000.0
1762790324.758938,9,3200000000.0
1762790324.758938,0,3200000000.0
1762790324.758938,1,3200000000.0
1762790324.758938,2,3200000000.0
1762790324.758938,3,3200000000.0
1762790324.758938,4,3200000000.0
1762790324.758938,5,3200000000.0
1762790324.758938,6,3200000000.0
1762790324.758938,7,3200000000.0
1762790324.758938,8,3200000000.0
1762790324.758938,9,3200000000.0
1762790324.758938,0,3200000000.0
1762790324.758938,1,3200000000.0
1762790324.758938,2,3200000000.0
1762790324.758938,3,3200000000.0
1762790324.758938,4,3200000000.0
1762790324.758938,5,3200000000.0
1762790324.758938,6,3200000000.0
1762790324.758938,7,3200000000.0
1762790324.758938,8,3200000000.0
1762790324.758938,9,3200000000.0
1762790324.758938,0,3200000000.0
1762790324.758938,1,3200000000.0
1762790324.758938,2,3200000000.0
1762790324.758938,3,3200000000.0
1762790324.758938,4,3200000000.0
1762790324.758938,5,3200000000.0
1762790324.758938,6,3200000000.0
1762790324.758938,7,3200000000.0
1762790324.758938,8,3200000000.0
1762790324.758938,9,3200000000.0
1762790324.758938,0,3200000000.0
1762790324.758938,1,3200000000.0
1762790324.758938,2,3200000000.0
1762790324.758938,3,3200000000.0
1762790324.758938,4,3200000000.0
1762790324.758938,5,3200000000.0
1762790324.758938,6,3200000000.0
1762790324.758938,7,3200000000.0
1762790324.758938,8,3200000000.0
1762790324.758938,9,3200000000.0
1762790324.758938,0,3000000000.0
1762790324.758938,1,3200000000.0
1762790324.758938,2,3200000000.0
1762790324.758938,3,3200000000.0
1762790324.758938,4,3200000000.0
1762790324.758938,5,3200000000.0
1762790324.758938,6,3200000000.0
1762790324.758938,7,3200000000.0
1762790324.758938,8,3200000000.0
1762790324.758938,9,3200000000.0
1762790324.758938,0,3200000000.0
1762790324.758938,1,3200000000.0
1762790324.758938,2,3200000000.0
1762790324.758938,3,3200000000.0
1762790324.758938,4,3200000000.0
1762790324.758938,5,3200000000.0
1762790324.758938,6,3200000000.0
1762790324.758938,7,3200000000.0
1762790324.758938,8,3200000000.0
1762790324.758938,9,3200000000.0
1762790324.758938,0,3200000000.0
1762790324.758938,1,3200000000.0
1762790324.758938,2,3200000000.0
1762790324.758938,3,3200000000.0
1762790324.758938,4,3200000000.0
1762790324.758938,5,3200000000.0
1762790325.7589216,0,2900000000.0
1762790325.7589216,1,2900000000.0
1762790325.7589216,2,2900000000.0
1762790325.7589216,3,2900000000.0
1762790325.7589216,4,2900000000.0
1762790325.7589216,5,2900000000.0
1762790325.7589216,6,2900000000.0
1762790325.7589216,7,2900000000.0
1762790325.7589216,8,2900000000.0
1762790325.7589216,9,2900000000.0
1762790325.7589216,0,2900000000.0
1762790325.7589216,1,2900000000.0
1762790325.7589216,2,2900000000.0
1762790325.7589216,3,2900000000.0
1762790325.7589216,4,2900000000.0
1762790325.7589216,5,2900000000.0
1762790325.7589216,6,2900000000.0
1762790325.7589216,7,2900000000.0
1762790325.7589216,8,2900000000.0
1762790325.7589216,9,2900000000.0
1762790325.7589216,0,2900000000.0
1762790325.7589216,1,2900000000.0
1762790325.7589216,2,2900000000.0
1762790325.7589216,3,2900000000.0
1762790325.7589216,4,2900000000.0
1762790325.7589216,5,2900000000.0
1762790325.7589216,6,2900000000.0
1762790325.7589216,7,2900000000.0
1762790325.7589216,8,2900000000.0
1762790325.7589216,9,2900000000.0
1762790325.7589216,0,2900000000.0
1762790325.7589216,1,2900000000.0
1762790325.7589216,2,2900000000.0
1762790325.7589216,3,2900000000.0
1762790325.7589216,4,2900000000.0
1762790325.7589216,5,2900000000.0
1762790325.7589216,6,2900000000.0
1762790325.7589216,7,2900000000.0
1762790325.7589216,8,2900000000.0
1762790325.7589216,9,2900000000.0
1762790325.7589216,0,2900000000.0
1762790325.7589216,1,2900000000.0
1762790325.7589216,2,2900000000.0
1762790325.7589216,3,2900000000.0
1762790325.7589216,4,2900000000.0
1762790325.7589216,5,2900000000.0
1762790325.7589216,6,2900000000.0
1762790325.7589216,7,2900000000.0
1762790325.7589216,8,2900000000.0
1762790325.7589216,9,2900000000.0
1762790325.7589216,0,2900000000.0
1762790325.7589216,1,2900000000.0
1762790325.7589216,2,2900000000.0
1762790325.7589216,3,2900000000.0
1762790325.7589216,4,2900000000.0
1762790325.7589216,5,2900000000.0
1762790325.7589216,6,2900000000.0
1762790325.7589216,7,2900000000.0
1762790325.7589216,8,2900000000.0
1762790325.7589216,9,2900000000.0
1762790325.7589216,0,2900000000.0
1762790325.7589216,1,2900000000.0
1762790325.7589216,2,2900000000.0
1762790325.7589216,3,2900000000.0
1762790325.7589216,4,2900000000.0
1762790325.7589216,5,2900000000.0
1762790325.7589216,6,2900000000.0
1762790325.7589216,7,2900000000.0
1762790325.7589216,8,2900000000.0
1762790325.7589216,9,2900000000.0
1762790325.7589216,0,2900000000.0
1762790325.7589216,1,2900000000.0
1762790325.7589216,2,2900000000.0
1762790325.7589216,3,2900000000.0
1762790325.7589216,4,2900000000.0
1762790325.7589216,5,2900000000.0
1762790325.7589216,6,2900000000.0
1762790325.7589216,7,2900000000.0
1762790325.7589216,8,2900000000.0
1762790325.7589216,9,2900000000.0
1762790325.7589216,0,2900000000.0
1762790325.7589216,1,2900000000.0
1762790325.7589216,2,2900000000.0
1762790325.7589216,3,2900000000.0
1762790325.7589216,4,2900000000.0
1762790325.7589216,5,2900000000.0
1762790325.7589216,6,2900000000.0
1762790325.7589216,7,2900000000.0
1762790325.7589216,8,2900000000.0
1762790325.7589216,9,2900000000.0
1762790325.7589216,0,2900000000.0
1762790325.7589216,1,2900000000.0
1762790325.7589216,2,2900000000.0
1762790325.7589216,3,2900000000.0
1762790325.7589216,4,2900000000.0
1762790325.7589216,5,2900000000.0
1762790326.758935,0,2900000000.0
1762790326.758935,1,2900000000.0
1762790326.758935,2,2900000000.0
1762790326.758935,3,2900000000.0
1762790326.758935,4,2900000000.0
1762790326.758935,5,2900000000.0
1762790326.758935,6,2900000000.0
1762790326.758935,7,2900000000.0
1762790326.758935,8,2900000000.0
1762790326.758935,9,2900000000.0
1762790326.758935,0,2900000000.0
1762790326.758935,1,2900000000.0
1762790326.758935,2,2900000000.0
1762790326.758935,3,2900000000.0
1762790326.758935,4,2900000000.0
1762790326.758935,5,2900000000.0
1762790326.758935,6,2900000000.0
1762790326.758935,7,2900000000.0
1762790326.758935,8,2900000000.0
1762790326.758935,9,2900000000.0
1762790326.758935,0,2900000000.0
1762790326.758935,1,2900000000.0
1762790326.758935,2,2900000000.0
1762790326.758935,3,2900000000.0
1762790326.758935,4,2900000000.0
1762790326.758935,5,2900000000.0
1762790326.758935,6,2900000000.0
1762790326.758935,7,2900000000.0
1762790326.758935,8,2900000000.0
1762790326.758935,9,2900000000.0
1762790326.758935,0,2900000000.0
1762790326.758935,1,2900000000.0
1762790326.758935,2,2900000000.0
1762790326.758935,3,2900000000.0
1762790326.758935,4,2900000000.0
1762790326.758935,5,2900000000.0
1762790326.758935,6,2900000000.0
1762790326.758935,7,2900000000.0
1762790326.758935,8,2900000000.0
1762790326.758935,9,2900000000.0
1762790326.758935,0,2900000000.0
1762790326.758935,1,2900000000.0
1762790326.758935,2,2900000000.0
1762790326.758935,3,2900000000.0
1762790326.758935,4,2900000000.0
1762790326.758935,5,2900000000.0
1762790326.758935,6,2900000000.0
1762790326.758935,7,2900000000.0
1762790326.758935,8,2900000000.0
1762790326.758935,9,2900000000.0
1762790326.758935,0,2900000000.0
1762790326.758935,1,2900000000.0
1762790326.758935,2,2900000000.0
1762790326.758935,3,2900000000.0
1762790326.758935,4,2900000000.0
1762790326.758935,5,2900000000.0
1762790326.758935,6,2900000000.0
1762790326.758935,7,2900000000.0
1762790326.758935,8,2900000000.0
1762790326.758935,9,2900000000.0
1762790326.758935,0,2900000000.0
1762790326.758935,1,2900000000.0
1762790326.758935,2,2900000000.0
1762790326.758935,3,2900000000.0
1762790326.758935,4,2900000000.0
1762790326.758935,5,2900000000.0
1762790326.758935,6,2900000000.0
1762790326.758935,7,2900000000.0
1762790326.758935,8,2900000000.0
1762790326.758935,9,2900000000.0
1762790326.758935,0,2900000000.0
1762790326.758935,1,2900000000.0
1762790326.758935,2,2900000000.0
1762790326.758935,3,2900000000.0
1762790326.758935,4,2900000000.0
1762790326.758935,5,2900000000.0
1762790326.758935,6,2900000000.0
1762790326.758935,7,2900000000.0
1762790326.758935,8,2900000000.0
1762790326.758935,9,2900000000.0
1762790326.758935,0,2900000000.0
1762790326.758935,1,2900000000.0
1762790326.758935,2,2900000000.0
1762790326.758935,3,2900000000.0
1762790326.758935,4,2900000000.0
1762790326.758935,5,2900000000.0
1762790326.758935,6,2900000000.0
1762790326.758935,7,2900000000.0
1762790326.758935,8,2900000000.0
1762790326.758935,9,2900000000.0
1762790326.758935,0,2900000000.0
1762790326.758935,1,2900000000.0
1762790326.758935,2,2900000000.0
1762790326.758935,3,2900000000.0
1762790326.758935,4,2900000000.0
1762790326.758935,5,2900000000.0
1762790327.7589304,0,2600000000.0
1762790327.7589304,1,2600000000.0
1762790327.7589304,2,2600000000.0
1762790327.7589304,3,2600000000.0
1762790327.7589304,4,2600000000.0
1762790327.7589304,5,2600000000.0
1762790327.7589304,6,2600000000.0
1762790327.7589304,7,2600000000.0
1762790327.7589304,8,2600000000.0
1762790327.7589304,9,2600000000.0
1762790327.7589304,0,2600000000.0
1762790327.7589304,1,2600000000.0
1762790327.7589304,2,2600000000.0
1762790327.7589304,3,2600000000.0
1762790327.7589304,4,2600000000.0
1762790327.7589304,5,2600000000.0
1762790327.7589304,6,2600000000.0
1762790327.7589304,7,2600000000.0
1762790327.7589304,8,2600000000.0
1762790327.7589304,9,2600000000.0
1762790327.7589304,0,2600000000.0
1762790327.7589304,1,2600000000.0
1762790327.7589304,2,2600000000.0
1762790327.7589304,3,2600000000.0
1762790327.7589304,4,2600000000.0
1762790327.7589304,5,2600000000.0
1762790327.7589304,6,2600000000.0
1762790327.7589304,7,2600000000.0
1762790327.7589304,8,2600000000.0
1762790327.7589304,9,2600000000.0
1762790327.7589304,0,2600000000.0
1762790327.7589304,1,2600000000.0
1762790327.7589304,2,2600000000.0
1762790327.7589304,3,2600000000.0
1762790327.7589304,4,2600000000.0
1762790327.7589304,5,2600000000.0
1762790327.7589304,6,2600000000.0
1762790327.7589304,7,2600000000.0
1762790327.7589304,8,2600000000.0
1762790327.7589304,9,2600000000.0
1762790327.7589304,0,2600000000.0
1762790327.7589304,1,2600000000.0
1762790327.7589304,2,2600000000.0
1762790327.7589304,3,2600000000.0
1762790327.7589304,4,2600000000.0
1762790327.7589304,5,2600000000.0
1762790327.7589304,6,2600000000.0
1762790327.7589304,7,2600000000.0
1762790327.7589304,8,2600000000.0
1762790327.7589304,9,2600000000.0
1762790327.7589304,0,2600000000.0
1762790327.7589304,1,2600000000.0
1762790327.7589304,2,2600000000.0
1762790327.7589304,3,2600000000.0
1762790327.7589304,4,2600000000.0
1762790327.7589304,5,2600000000.0
1762790327.7589304,6,2600000000.0
1762790327.7589304,7,2600000000.0
1762790327.7589304,8,2600000000.0
1762790327.7589304,9,2600000000.0
1762790327.7589304,0,2600000000.0
1762790327.7589304,1,2600000000.0
1762790327.7589304,2,2600000000.0
1762790327.7589304,3,2600000000.0
1762790327.7589304,4,2600000000.0
1762790327.7589304,5,2600000000.0
1762790327.7589304,6,2600000000.0
1762790327.7589304,7,2600000000.0
1762790327.7589304,8,2600000000.0
1762790327.7589304,9,2600000000.0
1762790327.7589304,0,2600000000.0
1762790327.7589304,1,2600000000.0
1762790327.7589304,2,2600000000.0
1762790327.7589304,3,2600000000.0
1762790327.7589304,4,2600000000.0
1762790327.7589304,5,2600000000.0
1762790327.7589304,6,2600000000.0
1762790327.7589304,7,2600000000.0
1762790327.7589304,8,2600000000.0
1762790327.7589304,9,2600000000.0
1762790327.7589304,0,2600000000.0
1762790327.7589304,1,2600000000.0
1762790327.7589304,2,2600000000.0
1762790327.7589304,3,2600000000.0
1762790327.7589304,4,2600000000.0
1762790327.7589304,5,2600000000.0
1762790327.7589304,6,2600000000.0
1762790327.7589304,7,2600000000.0
1762790327.7589304,8,2600000000.0
1762790327.7589304,9,2600000000.0
1762790327.7589304,0,2600000000.0
1762790327.7589304,1,2600000000.0
1762790327.7589304,2,2600000000.0
1762790327.7589304,3,2600000000.0
1762790327.7589304,4,2600000000.0
1762790327.7589304,5,2600000000.0
1762790328.7589278,0,2600000000.0
1762790328.7589278,1,2600000000.0
1762790328.7589278,2,2600000000.0
1762790328.7589278,3,2600000000.0
1762790328.7589278,4,2600000000.0
1762790328.7589278,5,2600000000.0
1762790328.7589278,6,2600000000.0
1762790328.7589278,7,2600000000.0
1762790328.7589278,8,2600000000.0
1762790328.7589278,9,2600000000.0
1762790328.7589278,0,2600000000.0
1762790328.7589278,1,2600000000.0
1762790328.7589278,2,2600000000.0
1762790328.7589278,3,2600000000.0
1762790328.7589278,4,2600000000.0
1762790328.7589278,5,2600000000.0
1762790328.7589278,6,2600000000.0
1762790328.7589278,7,2600000000.0
1762790328.7589278,8,2600000000.0
1762790328.7589278,9,2600000000.0
1762790328.7589278,0,2600000000.0
1762790328.7589278,1,2600000000.0
1762790328.7589278,2,2600000000.0
1762790328.7589278,3,2600000000.0
1762790328.7589278,4,2600000000.0
1762790328.7589278,5,2600000000.0
1762790328.7589278,6,2600000000.0
1762790328.7589278,7,2600000000.0
1762790328.7589278,8,2600000000.0
1762790328.7589278,9,2600000000.0
1762790328.7589278,0,2600000000.0
1762790328.7589278,1,2600000000.0
1762790328.7589278,2,2600000000.0
1762790328.7589278,3,2600000000.0
1762790328.7589278,4,2600000000.0
1762790328.7589278,5,2600000000.0
1762790328.7589278,6,2600000000.0
1762790328.7589278,7,2600000000.0
1762790328.7589278,8,2600000000.0
1762790328.7589278,9,2600000000.0
1762790328.7589278,0,2600000000.0
1762790328.7589278,1,2600000000.0
1762790328.7589278,2,2600000000.0
1762790328.7589278,3,2600000000.0
1762790328.7589278,4,2600000000.0
1762790328.7589278,5,2600000000.0
1762790328.7589278,6,2600000000.0
1762790328.7589278,7,2600000000.0
1762790328.7589278,8,2600000000.0
1762790328.7589278,9,2600000000.0
1762790328.7589278,0,2600000000.0
1762790328.7589278,1,2600000000.0
1762790328.7589278,2,2600000000.0
1762790328.7589278,3,2600000000.0
1762790328.7589278,4,2600000000.0
1762790328.7589278,5,2600000000.0
1762790328.7589278,6,2600000000.0
1762790328.7589278,7,2600000000.0
1762790328.7589278,8,2600000000.0
1762790328.7589278,9,2600000000.0
1762790328.7589278,0,2600000000.0
1762790328.7589278,1,2600000000.0
1762790328.7589278,2,2600000000.0
1762790328.7589278,3,2600000000.0
1762790328.7589278,4,2600000000.0
1762790328.7589278,5,2600000000.0
1762790328.7589278,6,2600000000.0
1762790328.7589278,7,2600000000.0
1762790328.7589278,8,2600000000.0
1762790328.7589278,9,2600000000.0
1762790328.7589278,0,2600000000.0
1762790328.7589278,1,2600000000.0
1762790328.7589278,2,2600000000.0
1762790328.7589278,3,2600000000.0
1762790328.7589278,4,2600000000.0
1762790328.7589278,5,2600000000.0
1762790328.7589278,6,2600000000.0
1762790328.7589278,7,2600000000.0
1762790328.7589278,8,2600000000.0
1762790328.7589278,9,2600000000.0
1762790328.7589278,0,2600000000.0
1762790328.7589278,1,2600000000.0
1762790328.7589278,2,2600000000.0
1762790328.7589278,3,2600000000.0
1762790328.7589278,4,2600000000.0
1762790328.7589278,5,2600000000.0
1762790328.7589278,6,2600000000.0
1762790328.7589278,7,2600000000.0
1762790328.7589278,8,2600000000.0
1762790328.7589278,9,2600000000.0
1762790328.7589278,0,2600000000.0
1762790328.7589278,1,2600000000.0
1762790328.7589278,2,2600000000.0
1762790328.7589278,3,2600000000.0
1762790328.7589278,4,2600000000.0
1762790328.7589278,5,2600000000.0
1762790329.758937,0,3200000000.0
1762790329.758937,1,3200000000.0
1762790329.758937,2,3200000000.0
1762790329.758937,3,3200000000.0
1762790329.758937,4,3200000000.0
1762790329.758937,5,3200000000.0
1762790329.758937,6,3200000000.0
1762790329.758937,7,3200000000.0
1762790329.758937,8,3200000000.0
1762790329.758937,9,3200000000.0
1762790329.758937,0,3200000000.0
1762790329.758937,1,3200000000.0
1762790329.758937,2,3200000000.0
1762790329.758937,3,3200000000.0
1762790329.758937,4,3200000000.0
1762790329.758937,5,3200000000.0
1762790329.758937,6,3200000000.0
1762790329.758937,7,3200000000.0
1762790329.758937,8,3200000000.0
1762790329.758937,9,3200000000.0
1762790329.758937,0,3200000000.0
1762790329.758937,1,3200000000.0
1762790329.758937,2,3200000000.0
1762790329.758937,3,3000000000.0
1762790329.758937,4,3200000000.0
1762790329.758937,5,3200000000.0
1762790329.758937,6,3200000000.0
1762790329.758937,7,3200000000.0
1762790329.758937,8,3200000000.0
1762790329.758937,9,3200000000.0
1762790329.758937,0,3200000000.0
1762790329.758937,1,3200000000.0
1762790329.758937,2,3200000000.0
1762790329.758937,3,3200000000.0
1762790329.758937,4,3200000000.0
1762790329.758937,5,3200000000.0
1762790329.758937,6,3200000000.0
1762790329.758937,7,3000000000.0
1762790329.758937,8,3200000000.0
1762790329.758937,9,3200000000.0
1762790329.758937,0,3200000000.0
1762790329.758937,1,3200000000.0
1762790329.758937,2,3200000000.0
1762790329.758937,3,3200000000.0
1762790329.758937,4,3200000000.0
1762790329.758937,5,3200000000.0
1762790329.758937,6,3200000000.0
1762790329.758937,7,3200000000.0
1762790329.758937,8,3200000000.0
1762790329.758937,9,3200000000.0
1762790329.758937,0,3200000000.0
1762790329.758937,1,3200000000.0
1762790329.758937,2,3200000000.0
1762790329.758937,3,3000000000.0
1762790329.758937,4,3200000000.0
1762790329.758937,5,3200000000.0
1762790329.758937,6,3200000000.0
1762790329.758937,7,3200000000.0
1762790329.758937,8,3200000000.0
1762790329.758937,9,3200000000.0
1762790329.758937,0,3200000000.0
1762790329.758937,1,3200000000.0
1762790329.758937,2,3200000000.0
1762790329.758937,3,3200000000.0
1762790329.758937,4,3200000000.0
1762790329.758937,5,3200000000.0
1762790329.758937,6,3200000000.0
1762790329.758937,7,3200000000.0
1762790329.758937,8,3200000000.0
1762790329.758937,9,3200000000.0
1762790329.758937,0,3200000000.0
1762790329.758937,1,3200000000.0
1762790329.758937,2,3200000000.0
1762790329.758937,3,3200000000.0
1762790329.758937,4,3200000000.0
1762790329.758937,5,3200000000.0
1762790329.758937,6,3200000000.0
1762790329.758937,7,3200000000.0
1762790329.758937,8,3200000000.0
1762790329.758937,9,3200000000.0
1762790329.758937,0,3200000000.0
1762790329.758937,1,3200000000.0
1762790329.758937,2,3200000000.0
1762790329.758937,3,3200000000.0
1762790329.758937,4,3200000000.0
1762790329.758937,5,3200000000.0
1762790329.758937,6,3200000000.0
1762790329.758937,7,3200000000.0
1762790329.758937,8,3200000000.0
1762790329.758937,9,3200000000.0
1762790329.758937,0,3200000000.0
1762790329.758937,1,3200000000.0
1762790329.758937,2,3200000000.0
1762790329.758937,3,3200000000.0
1762790329.758937,4,3200000000.0
1762790329.758937,5,3200000000.0
1762790330.7589247,0,3100000000.0
1762790330.7589247,1,3200000000.0
1762790330.7589247,2,3100000000.0
1762790330.7589247,3,3200000000.0
1762790330.7589247,4,3100000000.0
1762790330.7589247,5,3200000000.0
1762790330.7589247,6,3100000000.0
1762790330.7589247,7,3200000000.0
1762790330.7589247,8,3100000000.0
1762790330.7589247,9,3200000000.0
1762790330.7589247,0,3100000000.0
1762790330.7589247,1,3200000000.0
1762790330.7589247,2,3100000000.0
1762790330.7589247,3,3200000000.0
1762790330.7589247,4,3100000000.0
1762790330.7589247,5,3200000000.0
1762790330.7589247,6,3100000000.0
1762790330.7589247,7,3200000000.0
1762790330.7589247,8,3100000000.0
1762790330.7589247,9,3200000000.0
1762790330.7589247,0,3100000000.0
1762790330.7589247,1,3200000000.0
1762790330.7589247,2,3100000000.0
1762790330.7589247,3,3000000000.0
1762790330.7589247,4,3100000000.0
1762790330.7589247,5,3200000000.0
1762790330.7589247,6,3100000000.0
1762790330.7589247,7,3200000000.0
1762790330.7589247,8,3100000000.0
1762790330.7589247,9,3200000000.0
1762790330.7589247,0,3100000000.0
1762790330.7589247,1,3200000000.0
1762790330.7589247,2,3100000000.0
1762790330.7589247,3,3200000000.0
1762790330.7589247,4,3100000000.0
1762790330.7589247,5,3200000000.0
1762790330.7589247,6,3100000000.0
1762790330.7589247,7,3200000000.0
1762790330.7589247,8,3100000000.0
1762790330.7589247,9,3200000000.0
1762790330.7589247,0,3100000000.0
1762790330.7589247,1,3200000000.0
1762790330.7589247,2,3100000000.0
1762790330.7589247,3,3200000000.0
1762790330.7589247,4,3100000000.0
1762790330.7589247,5,3200000000.0
1762790330.7589247,6,3100000000.0
1762790330.7589247,7,3200000000.0
1762790330.7589247,8,3100000000.0
1762790330.7589247,9,3200000000.0
1762790330.7589247,0,3100000000.0
1762790330.7589247,1,3200000000.0
1762790330.7589247,2,3100000000.0
1762790330.7589247,3,3200000000.0
1762790330.7589247,4,3100000000.0
1762790330.7589247,5,3200000000.0
1762790330.7589247,6,3100000000.0
1762790330.7589247,7,3200000000.0
1762790330.7589247,8,3100000000.0
1762790330.7589247,9,3200000000.0
1762790330.7589247,0,3100000000.0
1762790330.7589247,1,3200000000.0
1762790330.7589247,2,3100000000.0
1762790330.7589247,3,3200000000.0
1762790330.7589247,4,3100000000.0
1762790330.7589247,5,3200000000.0
1762790330.7589247,6,3100000000.0
1762790330.7589247,7,3200000000.0
1762790330.7589247,8,3100000000.0
1762790330.7589247,9,3200000000.0
1762790330.7589247,0,3100000000.0
1762790330.7589247,1,3200000000.0
1762790330.7589247,2,3100000000.0
1762790330.7589247,3,3200000000.0
1762790330.7589247,4,3100000000.0
1762790330.7589247,5,3200000000.0
1762790330.7589247,6,3100000000.0
1762790330.7589247,7,3200000000.0
1762790330.7589247,8,3100000000.0
1762790330.7589247,9,3200000000.0
1762790330.7589247,0,3100000000.0
1762790330.7589247,1,3200000000.0
1762790330.7589247,2,3100000000.0
1762790330.7589247,3,3200000000.0
1762790330.7589247,4,3100000000.0
1762790330.7589247,5,3200000000.0
1762790330.7589247,6,3100000000.0
1762790330.7589247,7,3200000000.0
1762790330.7589247,8,3100000000.0
1762790330.7589247,9,3200000000.0
1762790330.7589247,0,3100000000.0
1762790330.7589247,1,3200000000.0
1762790330.7589247,2,3100000000.0
1762790330.7589247,3,3200000000.0
1762790330.7589247,4,3100000000.0
1762790330.7589247,5,3200000000.0
1762790331.7589848,0,1100000000.0
1762790331.7589848,1,1100000000.0
1762790331.7589848,2,1100000000.0
1762790331.7589848,3,1100000000.0
1762790331.7589848,4,1100000000.0
1762790331.7589848,5,1100000000.0
1762790331.7589848,6,1100000000.0
1762790331.7589848,7,1100000000.0
1762790331.7589848,8,1100000000.0
1762790331.7589848,9,1100000000.0
1762790331.7589848,0,1100000000.0
1762790331.7589848,1,1100000000.0
1762790331.7589848,2,1100000000.0
1762790331.7589848,3,1100000000.0
1762790331.7589848,4,1100000000.0
1762790331.7589848,5,1100000000.0
1762790331.7589848,6,1100000000.0
1762790331.7589848,7,1100000000.0
1762790331.7589848,8,1100000000.0
1762790331.7589848,9,1100000000.0
1762790331.7589848,0,1100000000.0
1762790331.7589848,1,1100000000.0
1762790331.7589848,2,1100000000.0
1762790331.7589848,3,1100000000.0
1762790331.7589848,4,1100000000.0
1762790331.7589848,5,1100000000.0
1762790331.7589848,6,1100000000.0
1762790331.7589848,7,1100000000.0
1762790331.7589848,8,1100000000.0
1762790331.7589848,9,1100000000.0
1762790331.7589848,0,1100000000.0
1762790331.7589848,1,1100000000.0
1762790331.7589848,2,1100000000.0
1762790331.7589848,3,1100000000.0
1762790331.7589848,4,1100000000.0
1762790331.7589848,5,1100000000.0
1762790331.7589848,6,1100000000.0
1762790331.7589848,7,1100000000.0
1762790331.7589848,8,1100000000.0
1762790331.7589848,9,1100000000.0
1762790331.7589848,0,1100000000.0
1762790331.7589848,1,1100000000.0
1762790331.7589848,2,1100000000.0
1762790331.7589848,3,1100000000.0
1762790331.7589848,4,1100000000.0
1762790331.7589848,5,1100000000.0
1762790331.7589848,6,1100000000.0
1762790331.7589848,7,1100000000.0
1762790331.7589848,8,1100000000.0
1762790331.7589848,9,1100000000.0
1762790331.7589848,0,1100000000.0
1762790331.7589848,1,1100000000.0
1762790331.7589848,2,1100000000.0
1762790331.7589848,3,1100000000.0
1762790331.7589848,4,1100000000.0
1762790331.7589848,5,1100000000.0
1762790331.7589848,6,1100000000.0
1762790331.7589848,7,1100000000.0
1762790331.7589848,8,1100000000.0
1762790331.7589848,9,1100000000.0
1762790331.7589848,0,1100000000.0
1762790331.7589848,1,1100000000.0
1762790331.7589848,2,1100000000.0
1762790331.7589848,3,1100000000.0
1762790331.7589848,4,1100000000.0
1762790331.7589848,5,1100000000.0
1762790331.7589848,6,1100000000.0
1762790331.7589848,7,1100000000.0
1762790331.7589848,8,1100000000.0
1762790331.7589848,9,1100000000.0
1762790331.7589848,0,1100000000.0
1762790331.7589848,1,1100000000.0
1762790331.7589848,2,1100000000.0
1762790331.7589848,3,1100000000.0
1762790331.7589848,4,1100000000.0
1762790331.7589848,5,1100000000.0
1762790331.7589848,6,1100000000.0
1762790331.7589848,7,1100000000.0
1762790331.7589848,8,1100000000.0
1762790331.7589848,9,1100000000.0
1762790331.7589848,0,1100000000.0
1762790331.7589848,1,1100000000.0
1762790331.7589848,2,1100000000.0
1762790331.7589848,3,1100000000.0
1762790331.7589848,4,1100000000.0
1762790331.7589848,5,1100000000.0
1762790331.7589848,6,1100000000.0
1762790331.7589848,7,1100000000.0
1762790331.7589848,8,1100000000.0
1762790331.7589848,9,1100000000.0
1762790331.7589848,0,1100000000.0
1762790331.7589848,1,1100000000.0
1762790331.7589848,2,1100000000.0
1762790331.7589848,3,1100000000.0
1762790331.7589848,4,1100000000.0
1762790331.7589848,5,1100000000.0
1762790332.7589447,0,1100000000.0
1762790332.7589447,1,1100000000.0
1762790332.7589447,2,1100000000.0
1762790332.7589447,3,1100000000.0
1762790332.7589447,4,1100000000.0
1762790332.7589447,5,1100000000.0
1762790332.7589447,6,1100000000.0
1762790332.7589447,7,1100000000.0
1762790332.7589447,8,1100000000.0
1762790332.7589447,9,1100000000.0
1762790332.7589447,0,1100000000.0
1762790332.7589447,1,1100000000.0
1762790332.7589447,2,1100000000.0
1762790332.7589447,3,1100000000.0
1762790332.7589447,4,1100000000.0
1762790332.7589447,5,1100000000.0
1762790332.7589447,6,1100000000.0
1762790332.7589447,7,1100000000.0
1762790332.7589447,8,1100000000.0
1762790332.7589447,9,1100000000.0
1762790332.7589447,0,1100000000.0
1762790332.7589447,1,1100000000.0
1762790332.7589447,2,1100000000.0
1762790332.7589447,3,1100000000.0
1762790332.7589447,4,1100000000.0
1762790332.7589447,5,1100000000.0
1762790332.7589447,6,1100000000.0
1762790332.7589447,7,1100000000.0
1762790332.7589447,8,1100000000.0
1762790332.7589447,9,1100000000.0
1762790332.7589447,0,1100000000.0
1762790332.7589447,1,1100000000.0
1762790332.7589447,2,1100000000.0
1762790332.7589447,3,1100000000.0
1762790332.7589447,4,1100000000.0
1762790332.7589447,5,1100000000.0
1762790332.7589447,6,1100000000.0
1762790332.7589447,7,1100000000.0
1762790332.7589447,8,1100000000.0
1762790332.7589447,9,1100000000.0
1762790332.7589447,0,1100000000.0
1762790332.7589447,1,1100000000.0
1762790332.7589447,2,1100000000.0
1762790332.7589447,3,1100000000.0
1762790332.7589447,4,1100000000.0
1762790332.7589447,5,1100000000.0
1762790332.7589447,6,1100000000.0
1762790332.7589447,7,1100000000.0
1762790332.7589447,8,1100000000.0
1762790332.7589447,9,1100000000.0
1762790332.7589447,0,1100000000.0
1762790332.7589447,1,1100000000.0
1762790332.7589447,2,1100000000.0
1762790332.7589447,3,1100000000.0
1762790332.7589447,4,1100000000.0
1762790332.7589447,5,1100000000.0
1762790332.7589447,6,1100000000.0
1762790332.7589447,7,1100000000.0
1762790332.7589447,8,1100000000.0
1762790332.7589447,9,1100000000.0
1762790332.7589447,0,1100000000.0
1762790332.7589447,1,1100000000.0
1762790332.7589447,2,1100000000.0
1762790332.7589447,3,1100000000.0
1762790332.7589447,4,1100000000.0
1762790332.7589447,5,1100000000.0
1762790332.7589447,6,1100000000.0
1762790332.7589447,7,1100000000.0
1762790332.7589447,8,1100000000.0
1762790332.7589447,9,1100000000.0
1762790332.7589447,0,1100000000.0
1762790332.7589447,1,1100000000.0
1762790332.7589447,2,1100000000.0
1762790332.7589447,3,1100000000.0
1762790332.7589447,4,1100000000.0
1762790332.7589447,5,1100000000.0
1762790332.7589447,6,1100000000.0
1762790332.7589447,7,1100000000.0
1762790332.7589447,8,1100000000.0
1762790332.7589447,9,1100000000.0
1762790332.7589447,0,1100000000.0
1762790332.7589447,1,1100000000.0
1762790332.7589447,2,1100000000.0
1762790332.7589447,3,1100000000.0
1762790332.7589447,4,1100000000.0
1762790332.7589447,5,1100000000.0
1762790332.7589447,6,1100000000.0
1762790332.7589447,7,1100000000.0
1762790332.7589447,8,1100000000.0
1762790332.7589447,9,1100000000.0
1762790332.7589447,0,1100000000.0
1762790332.7589447,1,1100000000.0
1762790332.7589447,2,1100000000.0
1762790332.7589447,3,1100000000.0
1762790332.7589447,4,1100000000.0
1762790332.7589447,5,1100000000.0
1762790333.758938,0,3200000000.0
1762790333.758938,1,3200000000.0
1762790333.758938,2,3200000000.0
1762790333.758938,3,3200000000.0
1762790333.758938,4,3200000000.0
1762790333.758938,5,3200000000.0
1762790333.758938,6,3200000000.0
1762790333.758938,7,3200000000.0
1762790333.758938,8,3200000000.0
1762790333.758938,9,3200000000.0
1762790333.758938,0,3200000000.0
1762790333.758938,1,3200000000.0
1762790333.758938,2,3200000000.0
1762790333.758938,3,3200000000.0
1762790333.758938,4,3200000000.0
1762790333.758938,5,3200000000.0
1762790333.758938,6,3000000000.0
1762790333.758938,7,3200000000.0
1762790333.758938,8,3200000000.0
1762790333.758938,9,3200000000.0
1762790333.758938,0,3200000000.0
1762790333.758938,1,3200000000.0
1762790333.758938,2,3200000000.0
1762790333.758938,3,3200000000.0
1762790333.758938,4,3200000000.0
1762790333.758938,5,3200000000.0
1762790333.758938,6,3200000000.0
1762790333.758938,7,3200000000.0
1762790333.758938,8,3200000000.0
1762790333.758938,9,3200000000.0
1762790333.758938,0,3200000000.0
1762790333.758938,1,3200000000.0
1762790333.758938,2,3200000000.0
1762790333.758938,3,3200000000.0
1762790333.758938,4,3200000000.0
1762790333.758938,5,3200000000.0
1762790333.758938,6,3200000000.0
1762790333.758938,7,3200000000.0
1762790333.758938,8,3200000000.0
1762790333.758938,9,3200000000.0
1762790333.758938,0,3200000000.0
1762790333.758938,1,3200000000.0
1762790333.758938,2,3200000000.0
1762790333.758938,3,3200000000.0
1762790333.758938,4,3200000000.0
1762790333.758938,5,3200000000.0
1762790333.758938,6,3200000000.0
1762790333.758938,7,3200000000.0
1762790333.758938,8,3200000000.0
1762790333.758938,9,3200000000.0
1762790333.758938,0,3200000000.0
1762790333.758938,1,3200000000.0
1762790333.758938,2,3200000000.0
1762790333.758938,3,3200000000.0
1762790333.758938,4,3200000000.0
1762790333.758938,5,3200000000.0
1762790333.758938,6,3200000000.0
1762790333.758938,7,3200000000.0
1762790333.758938,8,3200000000.0
1762790333.758938,9,3200000000.0
1762790333.758938,0,3200000000.0
1762790333.758938,1,3200000000.0
1762790333.758938,2,3200000000.0
1762790333.758938,3,3200000000.0
1762790333.758938,4,3200000000.0
1762790333.758938,5,3200000000.0
1762790333.758938,6,3200000000.0
1762790333.758938,7,3200000000.0
1762790333.758938,8,3200000000.0
1762790333.758938,9,3200000000.0
1762790333.758938,0,3200000000.0
1762790333.758938,1,3200000000.0
1762790333.758938,2,3200000000.0
1762790333.758938,3,3200000000.0
1762790333.758938,4,3200000000.0
1762790333.758938,5,3200000000.0
1762790333.758938,6,3200000000.0
1762790333.758938,7,3200000000.0
1762790333.758938,8,3200000000.0
1762790333.758938,9,3200000000.0
1762790333.758938,0,3200000000.0
1762790333.758938,1,3200000000.0
1762790333.758938,2,3200000000.0
1762790333.758938,3,3200000000.0
1762790333.758938,4,3200000000.0
1762790333.758938,5,3200000000.0
1762790333.758938,6,3200000000.0
1762790333.758938,7,3200000000.0
1762790333.758938,8,3200000000.0
1762790333.758938,9,3200000000.0
1762790333.758938,0,3200000000.0
1762790333.758938,1,3200000000.0
1762790333.758938,2,3200000000.0
1762790333.758938,3,3200000000.0
1762790333.758938,4,3200000000.0
1762790333.758938,5,3200000000.0
1762790334.758931,0,3200000000.0
1762790334.758931,1,3200000000.0
1762790334.758931,2,3200000000.0
1762790334.758931,3,3200000000.0
1762790334.758931,4,3200000000.0
1762790334.758931,5,3200000000.0
1762790334.758931,6,3200000000.0
1762790334.758931,7,3200000000.0
1762790334.758931,8,3200000000.0
1762790334.758931,9,3200000000.0
1762790334.758931,0,3200000000.0
1762790334.758931,1,3200000000.0
1762790334.758931,2,3200000000.0
1762790334.758931,3,3200000000.0
1762790334.758931,4,3200000000.0
1762790334.758931,5,3200000000.0
1762790334.758931,6,3200000000.0
1762790334.758931,7,3200000000.0
1762790334.758931,8,3000000000.0
1762790334.758931,9,3200000000.0
1762790334.758931,0,3200000000.0
1762790334.758931,1,3200000000.0
1762790334.758931,2,3200000000.0
1762790334.758931,3,3200000000.0
1762790334.758931,4,3200000000.0
1762790334.758931,5,3200000000.0
1762790334.758931,6,3200000000.0
1762790334.758931,7,3200000000.0
1762790334.758931,8,3200000000.0
1762790334.758931,9,3200000000.0
1762790334.758931,0,3200000000.0
1762790334.758931,1,3200000000.0
1762790334.758931,2,3200000000.0
1762790334.758931,3,3200000000.0
1762790334.758931,4,3200000000.0
1762790334.758931,5,3200000000.0
1762790334.758931,6,3200000000.0
1762790334.758931,7,3200000000.0
1762790334.758931,8,3200000000.0
1762790334.758931,9,3200000000.0
1762790334.758931,0,3200000000.0
1762790334.758931,1,3200000000.0
1762790334.758931,2,3200000000.0
1762790334.758931,3,3200000000.0
1762790334.758931,4,3200000000.0
1762790334.758931,5,3200000000.0
1762790334.758931,6,3200000000.0
1762790334.758931,7,3200000000.0
1762790334.758931,8,3200000000.0
1762790334.758931,9,3200000000.0
1762790334.758931,0,3200000000.0
1762790334.758931,1,3200000000.0
1762790334.758931,2,3200000000.0
1762790334.758931,3,3200000000.0
1762790334.758931,4,3200000000.0
1762790334.758931,5,3200000000.0
1762790334.758931,6,3200000000.0
1762790334.758931,7,3200000000.0
1762790334.758931,8,3200000000.0
1762790334.758931,9,3200000000.0
1762790334.758931,0,3200000000.0
1762790334.758931,1,3200000000.0
1762790334.758931,2,3200000000.0
1762790334.758931,3,3200000000.0
1762790334.758931,4,3200000000.0
1762790334.758931,5,3200000000.0
1762790334.758931,6,3200000000.0
1762790334.758931,7,3200000000.0
1762790334.758931,8,3200000000.0
1762790334.758931,9,3200000000.0
1762790334.758931,0,3200000000.0
1762790334.758931,1,3200000000.0
1762790334.758931,2,3200000000.0
1762790334.758931,3,3200000000.0
1762790334.758931,4,3200000000.0
1762790334.758931,5,3200000000.0
1762790334.758931,6,3200000000.0
1762790334.758931,7,3200000000.0
1762790334.758931,8,3200000000.0
1762790334.758931,9,3200000000.0
1762790334.758931,0,3200000000.0
1762790334.758931,1,3200000000.0
1762790334.758931,2,3200000000.0
1762790334.758931,3,3200000000.0
1762790334.758931,4,3200000000.0
1762790334.758931,5,3200000000.0
1762790334.758931,6,3200000000.0
1762790334.758931,7,3200000000.0
1762790334.758931,8,3200000000.0
1762790334.758931,9,3200000000.0
1762790334.758931,0,3200000000.0
1762790334.758931,1,3200000000.0
1762790334.758931,2,3200000000.0
1762790334.758931,3,3200000000.0
1762790334.758931,4,3200000000.0
1762790334.758931,5,3000000000.0
1762790335.7598426,0,3100000000.0
1762790335.7598426,1,3100000000.0
1762790335.7598426,2,3100000000.0
1762790335.7598426,3,3100000000.0
1762790335.7598426,4,3100000000.0
1762790335.7598426,5,3100000000.0
1762790335.7598426,6,3100000000.0
1762790335.7598426,7,3100000000.0
1762790335.7598426,8,3100000000.0
1762790335.7598426,9,3100000000.0
1762790335.7598426,0,3100000000.0
1762790335.7598426,1,3100000000.0
1762790335.7598426,2,3100000000.0
1762790335.7598426,3,3100000000.0
1762790335.7598426,4,3100000000.0
1762790335.7598426,5,3100000000.0
1762790335.7598426,6,3100000000.0
1762790335.7598426,7,3100000000.0
1762790335.7598426,8,3100000000.0
1762790335.7598426,9,3100000000.0
1762790335.7598426,0,3100000000.0
1762790335.7598426,1,3100000000.0
1762790335.7598426,2,3100000000.0
1762790335.7598426,3,3100000000.0
1762790335.7598426,4,3100000000.0
1762790335.7598426,5,3100000000.0
1762790335.7598426,6,3100000000.0
1762790335.7598426,7,3100000000.0
1762790335.7598426,8,3100000000.0
1762790335.7598426,9,3100000000.0
1762790335.7598426,0,3100000000.0
1762790335.7598426,1,3100000000.0
1762790335.7598426,2,3100000000.0
1762790335.7598426,3,3100000000.0
1762790335.7598426,4,3100000000.0
1762790335.7598426,5,3000000000.0
1762790335.7598426,6,3100000000.0
1762790335.7598426,7,3100000000.0
1762790335.7598426,8,3100000000.0
1762790335.7598426,9,3100000000.0
1762790335.7598426,0,3100000000.0
1762790335.7598426,1,3100000000.0
1762790335.7598426,2,3100000000.0
1762790335.7598426,3,3100000000.0
1762790335.7598426,4,3100000000.0
1762790335.7598426,5,3100000000.0
1762790335.7598426,6,3100000000.0
1762790335.7598426,7,3100000000.0
1762790335.7598426,8,3100000000.0
1762790335.7598426,9,3100000000.0
1762790335.7598426,0,3100000000.0
1762790335.7598426,1,3000000000.0
1762790335.7598426,2,3100000000.0
1762790335.7598426,3,3000000000.0
1762790335.7598426,4,3000000000.0
1762790335.7598426,5,3100000000.0
1762790335.7598426,6,3100000000.0
1762790335.7598426,7,3100000000.0
1762790335.7598426,8,3100000000.0
1762790335.7598426,9,3100000000.0
1762790335.7598426,0,3100000000.0
1762790335.7598426,1,3100000000.0
1762790335.7598426,2,3100000000.0
1762790335.7598426,3,3100000000.0
1762790335.7598426,4,3100000000.0
1762790335.7598426,5,3100000000.0
1762790335.7598426,6,3100000000.0
1762790335.7598426,7,3100000000.0
1762790335.7598426,8,3100000000.0
1762790335.7598426,9,3100000000.0
1762790335.7598426,0,3100000000.0
1762790335.7598426,1,3100000000.0
1762790335.7598426,2,3100000000.0
1762790335.7598426,3,3100000000.0
1762790335.7598426,4,3100000000.0
1762790335.7598426,5,3100000000.0
1762790335.7598426,6,3100000000.0
1762790335.7598426,7,3100000000.0
1762790335.7598426,8,3100000000.0
1762790335.7598426,9,3100000000.0
1762790335.7598426,0,3100000000.0
1762790335.7598426,1,3100000000.0
1762790335.7598426,2,3100000000.0
1762790335.7598426,3,3100000000.0
1762790335.7598426,4,3100000000.0
1762790335.7598426,5,3100000000.0
1762790335.7598426,6,3100000000.0
1762790335.7598426,7,3100000000.0
1762790335.7598426,8,3100000000.0
1762790335.7598426,9,3100000000.0
1762790335.7598426,0,3100000000.0
1762790335.7598426,1,3100000000.0
1762790335.7598426,2,3100000000.0
1762790335.7598426,3,3100000000.0
1762790335.7598426,4,3100000000.0
1762790335.7598426,5,3100000000.0
1762790336.7589195,0,3100000000.0
1762790336.7589195,1,3100000000.0
1762790336.7589195,2,3100000000.0
1762790336.7589195,3,3100000000.0
1762790336.7589195,4,3100000000.0
1762790336.7589195,5,3100000000.0
1762790336.7589195,6,3100000000.0
1762790336.7589195,7,3100000000.0
1762790336.7589195,8,3100000000.0
1762790336.7589195,9,3100000000.0
1762790336.7589195,0,3100000000.0
1762790336.7589195,1,3100000000.0
1762790336.7589195,2,3100000000.0
1762790336.7589195,3,3100000000.0
1762790336.7589195,4,3100000000.0
1762790336.7589195,5,3100000000.0
1762790336.7589195,6,3100000000.0
1762790336.7589195,7,3100000000.0
1762790336.7589195,8,3000000000.0
1762790336.7589195,9,3100000000.0
1762790336.7589195,0,3100000000.0
1762790336.7589195,1,3100000000.0
1762790336.7589195,2,3100000000.0
1762790336.7589195,3,3100000000.0
1762790336.7589195,4,3100000000.0
1762790336.7589195,5,3100000000.0
1762790336.7589195,6,3100000000.0
1762790336.7589195,7,3100000000.0
1762790336.7589195,8,3100000000.0
1762790336.7589195,9,3100000000.0
1762790336.7589195,0,3100000000.0
1762790336.7589195,1,3100000000.0
1762790336.7589195,2,3100000000.0
1762790336.7589195,3,3100000000.0
1762790336.7589195,4,3100000000.0
1762790336.7589195,5,3100000000.0
1762790336.7589195,6,3100000000.0
1762790336.7589195,7,3100000000.0
1762790336.7589195,8,3100000000.0
1762790336.7589195,9,3100000000.0
1762790336.7589195,0,3100000000.0
1762790336.7589195,1,3100000000.0
1762790336.7589195,2,3100000000.0
1762790336.7589195,3,3100000000.0
1762790336.7589195,4,3100000000.0
1762790336.7589195,5,3100000000.0
1762790336.7589195,6,3100000000.0
1762790336.7589195,7,3100000000.0
1762790336.7589195,8,3100000000.0
1762790336.7589195,9,3100000000.0
1762790336.7589195,0,3100000000.0
1762790336.7589195,1,3100000000.0
1762790336.7589195,2,3100000000.0
1762790336.7589195,3,3100000000.0
1762790336.7589195,4,3100000000.0
1762790336.7589195,5,3100000000.0
1762790336.7589195,6,3100000000.0
1762790336.7589195,7,3100000000.0
1762790336.7589195,8,3100000000.0
1762790336.7589195,9,3100000000.0
1762790336.7589195,0,3100000000.0
1762790336.7589195,1,3100000000.0
1762790336.7589195,2,3100000000.0
1762790336.7589195,3,3100000000.0
1762790336.7589195,4,3100000000.0
1762790336.7589195,5,3100000000.0
1762790336.7589195,6,3100000000.0
1762790336.7589195,7,3100000000.0
1762790336.7589195,8,3100000000.0
1762790336.7589195,9,3100000000.0
1762790336.7589195,0,3100000000.0
1762790336.7589195,1,3100000000.0
1762790336.7589195,2,3100000000.0
1762790336.7589195,3,3100000000.0
1762790336.7589195,4,3100000000.0
1762790336.7589195,5,3100000000.0
1762790336.7589195,6,3100000000.0
1762790336.7589195,7,3100000000.0
1762790336.7589195,8,3100000000.0
1762790336.7589195,9,3100000000.0
1762790336.7589195,0,3100000000.0
1762790336.7589195,1,3100000000.0
1762790336.7589195,2,3100000000.0
1762790336.7589195,3,3100000000.0
1762790336.7589195,4,3100000000.0
1762790336.7589195,5,3100000000.0
1762790336.7589195,6,3100000000.0
1762790336.7589195,7,3100000000.0
1762790336.7589195,8,3100000000.0
1762790336.7589195,9,3100000000.0
1762790336.7589195,0,3100000000.0
1762790336.7589195,1,3100000000.0
1762790336.7589195,2,3100000000.0
1762790336.7589195,3,3100000000.0
1762790336.7589195,4,3100000000.0
1762790336.7589195,5,3100000000.0
1762790337.7589266,0,1200000000.0
1762790337.7589266,1,1200000000.0
1762790337.7589266,2,1200000000.0
1762790337.7589266,3,1200000000.0
1762790337.7589266,4,1200000000.0
1762790337.7589266,5,1200000000.0
1762790337.7589266,6,1200000000.0
1762790337.7589266,7,1200000000.0
1762790337.7589266,8,1200000000.0
1762790337.7589266,9,1200000000.0
1762790337.7589266,0,1200000000.0
1762790337.7589266,1,1200000000.0
1762790337.7589266,2,1200000000.0
1762790337.7589266,3,1200000000.0
1762790337.7589266,4,1200000000.0
1762790337.7589266,5,1200000000.0
1762790337.7589266,6,1200000000.0
1762790337.7589266,7,1200000000.0
1762790337.7589266,8,1200000000.0
1762790337.7589266,9,1200000000.0
1762790337.7589266,0,1200000000.0
1762790337.7589266,1,1200000000.0
1762790337.7589266,2,1200000000.0
1762790337.7589266,3,1200000000.0
1762790337.7589266,4,1200000000.0
1762790337.7589266,5,1200000000.0
1762790337.7589266,6,1200000000.0
1762790337.7589266,7,1200000000.0
1762790337.7589266,8,1200000000.0
1762790337.7589266,9,1200000000.0
1762790337.7589266,0,1200000000.0
1762790337.7589266,1,1200000000.0
1762790337.7589266,2,1200000000.0
1762790337.7589266,3,1200000000.0
1762790337.7589266,4,1200000000.0
1762790337.7589266,5,1200000000.0
1762790337.7589266,6,1200000000.0
1762790337.7589266,7,1200000000.0
1762790337.7589266,8,1200000000.0
1762790337.7589266,9,1200000000.0
1762790337.7589266,0,1200000000.0
1762790337.7589266,1,1200000000.0
1762790337.7589266,2,1200000000.0
1762790337.7589266,3,1200000000.0
1762790337.7589266,4,1200000000.0
1762790337.7589266,5,1200000000.0
1762790337.7589266,6,1200000000.0
1762790337.7589266,7,1200000000.0
1762790337.7589266,8,1200000000.0
1762790337.7589266,9,1200000000.0
1762790337.7589266,0,1200000000.0
1762790337.7589266,1,1200000000.0
1762790337.7589266,2,1200000000.0
1762790337.7589266,3,1200000000.0
1762790337.7589266,4,1200000000.0
1762790337.7589266,5,1200000000.0
1762790337.7589266,6,1200000000.0
1762790337.7589266,7,1200000000.0
1762790337.7589266,8,1200000000.0
1762790337.7589266,9,1200000000.0
1762790337.7589266,0,1200000000.0
1762790337.7589266,1,1200000000.0
1762790337.7589266,2,1200000000.0
1762790337.7589266,3,1200000000.0
1762790337.7589266,4,1200000000.0
1762790337.7589266,5,1200000000.0
1762790337.7589266,6,1200000000.0
1762790337.7589266,7,1200000000.0
1762790337.7589266,8,1200000000.0
1762790337.7589266,9,1200000000.0
1762790337.7589266,0,1200000000.0
1762790337.7589266,1,1200000000.0
1762790337.7589266,2,1200000000.0
1762790337.7589266,3,1200000000.0
1762790337.7589266,4,1200000000.0
1762790337.7589266,5,1200000000.0
1762790337.7589266,6,1200000000.0
1762790337.7589266,7,1200000000.0
1762790337.7589266,8,1200000000.0
1762790337.7589266,9,1200000000.0
1762790337.7589266,0,1200000000.0
1762790337.7589266,1,1200000000.0
1762790337.7589266,2,1200000000.0
1762790337.7589266,3,1200000000.0
1762790337.7589266,4,1200000000.0
1762790337.7589266,5,1200000000.0
1762790337.7589266,6,1200000000.0
1762790337.7589266,7,1200000000.0
1762790337.7589266,8,1200000000.0
1762790337.7589266,9,1200000000.0
1762790337.7589266,0,1200000000.0
1762790337.7589266,1,1200000000.0
1762790337.7589266,2,1200000000.0
1762790337.7589266,3,1200000000.0
1762790337.7589266,4,1200000000.0
1762790337.7589266,5,1200000000.0
1762790338.7589417,0,1200000000.0
1762790338.7589417,1,1200000000.0
1762790338.7589417,2,1200000000.0
1762790338.7589417,3,1200000000.0
1762790338.7589417,4,1200000000.0
1762790338.7589417,5,1200000000.0
1762790338.7589417,6,1200000000.0
1762790338.7589417,7,1200000000.0
1762790338.7589417,8,1200000000.0
1762790338.7589417,9,1200000000.0
1762790338.7589417,0,1200000000.0
1762790338.7589417,1,1200000000.0
1762790338.7589417,2,1200000000.0
1762790338.7589417,3,1200000000.0
1762790338.7589417,4,1200000000.0
1762790338.7589417,5,1200000000.0
1762790338.7589417,6,1200000000.0
1762790338.7589417,7,1200000000.0
1762790338.7589417,8,1200000000.0
1762790338.7589417,9,1200000000.0
1762790338.7589417,0,1200000000.0
1762790338.7589417,1,1200000000.0
1762790338.7589417,2,1200000000.0
1762790338.7589417,3,1200000000.0
1762790338.7589417,4,1200000000.0
1762790338.7589417,5,1200000000.0
1762790338.7589417,6,1200000000.0
1762790338.7589417,7,1200000000.0
1762790338.7589417,8,1200000000.0
1762790338.7589417,9,1200000000.0
1762790338.7589417,0,1200000000.0
1762790338.7589417,1,1200000000.0
1762790338.7589417,2,1200000000.0
1762790338.7589417,3,1200000000.0
1762790338.7589417,4,1200000000.0
1762790338.7589417,5,1200000000.0
1762790338.7589417,6,1200000000.0
1762790338.7589417,7,1200000000.0
1762790338.7589417,8,1200000000.0
1762790338.7589417,9,1200000000.0
1762790338.7589417,0,1200000000.0
1762790338.7589417,1,1200000000.0
1762790338.7589417,2,1200000000.0
1762790338.7589417,3,1200000000.0
1762790338.7589417,4,1200000000.0
1762790338.7589417,5,1200000000.0
1762790338.7589417,6,1200000000.0
1762790338.7589417,7,1200000000.0
1762790338.7589417,8,1200000000.0
1762790338.7589417,9,1200000000.0
1762790338.7589417,0,1200000000.0
1762790338.7589417,1,1200000000.0
1762790338.7589417,2,1200000000.0
1762790338.7589417,3,1200000000.0
1762790338.7589417,4,1200000000.0
1762790338.7589417,5,1200000000.0
1762790338.7589417,6,1200000000.0
1762790338.7589417,7,1200000000.0
1762790338.7589417,8,1200000000.0
1762790338.7589417,9,1200000000.0
1762790338.7589417,0,1200000000.0
1762790338.7589417,1,1200000000.0
1762790338.7589417,2,1200000000.0
1762790338.7589417,3,1200000000.0
1762790338.7589417,4,1200000000.0
1762790338.7589417,5,1200000000.0
1762790338.7589417,6,1200000000.0
1762790338.7589417,7,1200000000.0
1762790338.7589417,8,1200000000.0
1762790338.7589417,9,1200000000.0
1762790338.7589417,0,1200000000.0
1762790338.7589417,1,1200000000.0
1762790338.7589417,2,1200000000.0
1762790338.7589417,3,1200000000.0
1762790338.7589417,4,1200000000.0
1762790338.7589417,5,1200000000.0
1762790338.7589417,6,1200000000.0
1762790338.7589417,7,1200000000.0
1762790338.7589417,8,1200000000.0
1762790338.7589417,9,1200000000.0
1762790338.7589417,0,1200000000.0
1762790338.7589417,1,1200000000.0
1762790338.7589417,2,1200000000.0
1762790338.7589417,3,1200000000.0
1762790338.7589417,4,1200000000.0
1762790338.7589417,5,1200000000.0
1762790338.7589417,6,1200000000.0
1762790338.7589417,7,1200000000.0
1762790338.7589417,8,1200000000.0
1762790338.7589417,9,1200000000.0
1762790338.7589417,0,1200000000.0
1762790338.7589417,1,1200000000.0
1762790338.7589417,2,1200000000.0
1762790338.7589417,3,1200000000.0
1762790338.7589417,4,1200000000.0
1762790338.7589417,5,1200000000.0
1762790339.7589345,0,1100000000.0
1762790339.7589345,1,1100000000.0
1762790339.7589345,2,1100000000.0
1762790339.7589345,3,1100000000.0
1762790339.7589345,4,1100000000.0
1762790339.7589345,5,1100000000.0
1762790339.7589345,6,1100000000.0
1762790339.7589345,7,1100000000.0
1762790339.7589345,8,1100000000.0
1762790339.7589345,9,1100000000.0
1762790339.7589345,0,1100000000.0
1762790339.7589345,1,1100000000.0
1762790339.7589345,2,1100000000.0
1762790339.7589345,3,1100000000.0
1762790339.7589345,4,1100000000.0
1762790339.7589345,5,1100000000.0
1762790339.7589345,6,1100000000.0
1762790339.7589345,7,1100000000.0
1762790339.7589345,8,1100000000.0
1762790339.7589345,9,1100000000.0
1762790339.7589345,0,1100000000.0
1762790339.7589345,1,1100000000.0
1762790339.7589345,2,1100000000.0
1762790339.7589345,3,1100000000.0
1762790339.7589345,4,1100000000.0
1762790339.7589345,5,1100000000.0
1762790339.7589345,6,1100000000.0
1762790339.7589345,7,1100000000.0
1762790339.7589345,8,1100000000.0
1762790339.7589345,9,1100000000.0
1762790339.7589345,0,1100000000.0
1762790339.7589345,1,1100000000.0
1762790339.7589345,2,1100000000.0
1762790339.7589345,3,1100000000.0
1762790339.7589345,4,1100000000.0
1762790339.7589345,5,1100000000.0
1762790339.7589345,6,1100000000.0
1762790339.7589345,7,1100000000.0
1762790339.7589345,8,1100000000.0
1762790339.7589345,9,1100000000.0
1762790339.7589345,0,1100000000.0
1762790339.7589345,1,1100000000.0
1762790339.7589345,2,1100000000.0
1762790339.7589345,3,1100000000.0
1762790339.7589345,4,1100000000.0
1762790339.7589345,5,1100000000.0
1762790339.7589345,6,1100000000.0
1762790339.7589345,7,1100000000.0
1762790339.7589345,8,1100000000.0
1762790339.7589345,9,1100000000.0
1762790339.7589345,0,1100000000.0
1762790339.7589345,1,1100000000.0
1762790339.7589345,2,1100000000.0
1762790339.7589345,3,1100000000.0
1762790339.7589345,4,1100000000.0
1762790339.7589345,5,1100000000.0
1762790339.7589345,6,1100000000.0
1762790339.7589345,7,1100000000.0
1762790339.7589345,8,1100000000.0
1762790339.7589345,9,1100000000.0
1762790339.7589345,0,1100000000.0
1762790339.7589345,1,1100000000.0
1762790339.7589345,2,1100000000.0
1762790339.7589345,3,1100000000.0
1762790339.7589345,4,1100000000.0
1762790339.7589345,5,1100000000.0
1762790339.7589345,6,1100000000.0
1762790339.7589345,7,1100000000.0
1762790339.7589345,8,1100000000.0
1762790339.7589345,9,1100000000.0
1762790339.7589345,0,1100000000.0
1762790339.7589345,1,1100000000.0
1762790339.7589345,2,1100000000.0
1762790339.7589345,3,1100000000.0
1762790339.7589345,4,1100000000.0
1762790339.7589345,5,1100000000.0
1762790339.7589345,6,1100000000.0
1762790339.7589345,7,1100000000.0
1762790339.7589345,8,1100000000.0
1762790339.7589345,9,1100000000.0
1762790339.7589345,0,1100000000.0
1762790339.7589345,1,1100000000.0
1762790339.7589345,2,1100000000.0
1762790339.7589345,3,1100000000.0
1762790339.7589345,4,1100000000.0
1762790339.7589345,5,1100000000.0
1762790339.7589345,6,1100000000.0
1762790339.7589345,7,1100000000.0
1762790339.7589345,8,1100000000.0
1762790339.7589345,9,1100000000.0
1762790339.7589345,0,1100000000.0
1762790339.7589345,1,1100000000.0
1762790339.7589345,2,1100000000.0
1762790339.7589345,3,1100000000.0
1762790339.7589345,4,1100000000.0
1762790339.7589345,5,1100000000.0
1762790340.7589474,0,1100000000.0
1762790340.7589474,1,1100000000.0
1762790340.7589474,2,1100000000.0
1762790340.7589474,3,1100000000.0
1762790340.7589474,4,1100000000.0
1762790340.7589474,5,1100000000.0
1762790340.7589474,6,1100000000.0
1762790340.7589474,7,1100000000.0
1762790340.7589474,8,1100000000.0
1762790340.7589474,9,1100000000.0
1762790340.7589474,0,1100000000.0
1762790340.7589474,1,1100000000.0
1762790340.7589474,2,1100000000.0
1762790340.7589474,3,1100000000.0
1762790340.7589474,4,1100000000.0
1762790340.7589474,5,1100000000.0
1762790340.7589474,6,1100000000.0
1762790340.7589474,7,1100000000.0
1762790340.7589474,8,1100000000.0
1762790340.7589474,9,1100000000.0
1762790340.7589474,0,1100000000.0
1762790340.7589474,1,1100000000.0
1762790340.7589474,2,1100000000.0
1762790340.7589474,3,1100000000.0
1762790340.7589474,4,1100000000.0
1762790340.7589474,5,1100000000.0
1762790340.7589474,6,1100000000.0
1762790340.7589474,7,1100000000.0
1762790340.7589474,8,1100000000.0
1762790340.7589474,9,1100000000.0
1762790340.7589474,0,1100000000.0
1762790340.7589474,1,1100000000.0
1762790340.7589474,2,1100000000.0
1762790340.7589474,3,1100000000.0
1762790340.7589474,4,1100000000.0
1762790340.7589474,5,1100000000.0
1762790340.7589474,6,1100000000.0
1762790340.7589474,7,1100000000.0
1762790340.7589474,8,1100000000.0
1762790340.7589474,9,1100000000.0
1762790340.7589474,0,1100000000.0
1762790340.7589474,1,1100000000.0
1762790340.7589474,2,1100000000.0
1762790340.7589474,3,1100000000.0
1762790340.7589474,4,1100000000.0
1762790340.7589474,5,1100000000.0
1762790340.7589474,6,1100000000.0
1762790340.7589474,7,1100000000.0
1762790340.7589474,8,1100000000.0
1762790340.7589474,9,1100000000.0
1762790340.7589474,0,1100000000.0
1762790340.7589474,1,1100000000.0
1762790340.7589474,2,1100000000.0
1762790340.7589474,3,1100000000.0
1762790340.7589474,4,1100000000.0
1762790340.7589474,5,1100000000.0
1762790340.7589474,6,1100000000.0
1762790340.7589474,7,1100000000.0
1762790340.7589474,8,1100000000.0
1762790340.7589474,9,1100000000.0
1762790340.7589474,0,1100000000.0
1762790340.7589474,1,1100000000.0
1762790340.7589474,2,1100000000.0
1762790340.7589474,3,1100000000.0
1762790340.7589474,4,1100000000.0
1762790340.7589474,5,1100000000.0
1762790340.7589474,6,1100000000.0
1762790340.7589474,7,1100000000.0
1762790340.7589474,8,1100000000.0
1762790340.7589474,9,1100000000.0
1762790340.7589474,0,1100000000.0
1762790340.7589474,1,1100000000.0
1762790340.7589474,2,1100000000.0
1762790340.7589474,3,1100000000.0
1762790340.7589474,4,1100000000.0
1762790340.7589474,5,1100000000.0
1762790340.7589474,6,1100000000.0
1762790340.7589474,7,1100000000.0
1762790340.7589474,8,1100000000.0
1762790340.7589474,9,1100000000.0
1762790340.7589474,0,1100000000.0
1762790340.7589474,1,1100000000.0
1762790340.7589474,2,1100000000.0
1762790340.7589474,3,1100000000.0
1762790340.7589474,4,1100000000.0
1762790340.7589474,5,1100000000.0
1762790340.7589474,6,1100000000.0
1762790340.7589474,7,1100000000.0
1762790340.7589474,8,1100000000.0
1762790340.7589474,9,1100000000.0
1762790340.7589474,0,1100000000.0
1762790340.7589474,1,1100000000.0
1762790340.7589474,2,1100000000.0
1762790340.7589474,3,1100000000.0
1762790340.7589474,4,1100000000.0
1762790340.7589474,5,1100000000.0
1762790341.7589307,0,3200000000.0
1762790341.7589307,1,3200000000.0
1762790341.7589307,2,3200000000.0
1762790341.7589307,3,3200000000.0
1762790341.7589307,4,3200000000.0
1762790341.7589307,5,3200000000.0
1762790341.7589307,6,3200000000.0
1762790341.7589307,7,3200000000.0
1762790341.7589307,8,3200000000.0
1762790341.7589307,9,3200000000.0
1762790341.7589307,0,3200000000.0
1762790341.7589307,1,3200000000.0
1762790341.7589307,2,3200000000.0
1762790341.7589307,3,3200000000.0
1762790341.7589307,4,3200000000.0
1762790341.7589307,5,3200000000.0
1762790341.7589307,6,3200000000.0
1762790341.7589307,7,3200000000.0
1762790341.7589307,8,3200000000.0
1762790341.7589307,9,3200000000.0
1762790341.7589307,0,3200000000.0
1762790341.7589307,1,3200000000.0
1762790341.7589307,2,3200000000.0
1762790341.7589307,3,3200000000.0
1762790341.7589307,4,3200000000.0
1762790341.7589307,5,3200000000.0
1762790341.7589307,6,3200000000.0
1762790341.7589307,7,3200000000.0
1762790341.7589307,8,3200000000.0
1762790341.7589307,9,3200000000.0
1762790341.7589307,0,3200000000.0
1762790341.7589307,1,3200000000.0
1762790341.7589307,2,3200000000.0
1762790341.7589307,3,3200000000.0
1762790341.7589307,4,3200000000.0
1762790341.7589307,5,3200000000.0
1762790341.7589307,6,3200000000.0
1762790341.7589307,7,3200000000.0
1762790341.7589307,8,3200000000.0
1762790341.7589307,9,3200000000.0
1762790341.7589307,0,3200000000.0
1762790341.7589307,1,3200000000.0
1762790341.7589307,2,3200000000.0
1762790341.7589307,3,3200000000.0
1762790341.7589307,4,3200000000.0
1762790341.7589307,5,3200000000.0
1762790341.7589307,6,3200000000.0
1762790341.7589307,7,3200000000.0
1762790341.7589307,8,3200000000.0
1762790341.7589307,9,3200000000.0
1762790341.7589307,0,3200000000.0
1762790341.7589307,1,3200000000.0
1762790341.7589307,2,3200000000.0
1762790341.7589307,3,3200000000.0
1762790341.7589307,4,3200000000.0
1762790341.7589307,5,3200000000.0
1762790341.7589307,6,3200000000.0
1762790341.7589307,7,3200000000.0
1762790341.7589307,8,3200000000.0
1762790341.7589307,9,3200000000.0
1762790341.7589307,0,3200000000.0
1762790341.7589307,1,3200000000.0
1762790341.7589307,2,3200000000.0
1762790341.7589307,3,3200000000.0
1762790341.7589307,4,3200000000.0
1762790341.7589307,5,3200000000.0
1762790341.7589307,6,3200000000.0
1762790341.7589307,7,3200000000.0
1762790341.7589307,8,3200000000.0
1762790341.7589307,9,3200000000.0
1762790341.7589307,0,3200000000.0
1762790341.7589307,1,3200000000.0
1762790341.7589307,2,3200000000.0
1762790341.7589307,3,3200000000.0
1762790341.7589307,4,3200000000.0
1762790341.7589307,5,3200000000.0
1762790341.7589307,6,3200000000.0
1762790341.7589307,7,3200000000.0
1762790341.7589307,8,3200000000.0
1762790341.7589307,9,3200000000.0
1762790341.7589307,0,3200000000.0
1762790341.7589307,1,3200000000.0
1762790341.7589307,2,3200000000.0
1762790341.7589307,3,3200000000.0
1762790341.7589307,4,3200000000.0
1762790341.7589307,5,3200000000.0
1762790341.7589307,6,3200000000.0
1762790341.7589307,7,3200000000.0
1762790341.7589307,8,3200000000.0
1762790341.7589307,9,3200000000.0
1762790341.7589307,0,3200000000.0
1762790341.7589307,1,3200000000.0
1762790341.7589307,2,3200000000.0
1762790341.7589307,3,3200000000.0
1762790341.7589307,4,3200000000.0
1762790341.7589307,5,3200000000.0
1762790342.7589335,0,3200000000.0
1762790342.7589335,1,3200000000.0
1762790342.7589335,2,3200000000.0
1762790342.7589335,3,3200000000.0
1762790342.7589335,4,3200000000.0
1762790342.7589335,5,3200000000.0
1762790342.7589335,6,3200000000.0
1762790342.7589335,7,3200000000.0
1762790342.7589335,8,3200000000.0
1762790342.7589335,9,3200000000.0
1762790342.7589335,0,3200000000.0
1762790342.7589335,1,3200000000.0
1762790342.7589335,2,3200000000.0
1762790342.7589335,3,3200000000.0
1762790342.7589335,4,3200000000.0
1762790342.7589335,5,3000000000.0
1762790342.7589335,6,3200000000.0
1762790342.7589335,7,3200000000.0
1762790342.7589335,8,3200000000.0
1762790342.7589335,9,3200000000.0
1762790342.7589335,0,3200000000.0
1762790342.7589335,1,3200000000.0
1762790342.7589335,2,3200000000.0
1762790342.7589335,3,3200000000.0
1762790342.7589335,4,3200000000.0
1762790342.7589335,5,3200000000.0
1762790342.7589335,6,3200000000.0
1762790342.7589335,7,3200000000.0
1762790342.7589335,8,3200000000.0
1762790342.7589335,9,3200000000.0
1762790342.7589335,0,3200000000.0
1762790342.7589335,1,3200000000.0
1762790342.7589335,2,3200000000.0
1762790342.7589335,3,3200000000.0
1762790342.7589335,4,3200000000.0
1762790342.7589335,5,3200000000.0
1762790342.7589335,6,3200000000.0
1762790342.7589335,7,3200000000.0
1762790342.7589335,8,3200000000.0
1762790342.7589335,9,3200000000.0
1762790342.7589335,0,3200000000.0
1762790342.7589335,1,3200000000.0
1762790342.7589335,2,3200000000.0
1762790342.7589335,3,3200000000.0
1762790342.7589335,4,3200000000.0
1762790342.7589335,5,3200000000.0
1762790342.7589335,6,3200000000.0
1762790342.7589335,7,3200000000.0
1762790342.7589335,8,3200000000.0
1762790342.7589335,9,3200000000.0
1762790342.7589335,0,3200000000.0
1762790342.7589335,1,3200000000.0
1762790342.7589335,2,3200000000.0
1762790342.7589335,3,3200000000.0
1762790342.7589335,4,3200000000.0
1762790342.7589335,5,3200000000.0
1762790342.7589335,6,3200000000.0
1762790342.7589335,7,3200000000.0
1762790342.7589335,8,3200000000.0
1762790342.7589335,9,3200000000.0
1762790342.7589335,0,3200000000.0
1762790342.7589335,1,3200000000.0
1762790342.7589335,2,3200000000.0
1762790342.7589335,3,3000000000.0
1762790342.7589335,4,3200000000.0
1762790342.7589335,5,3200000000.0
1762790342.7589335,6,3200000000.0
1762790342.7589335,7,3200000000.0
1762790342.7589335,8,3200000000.0
1762790342.7589335,9,3200000000.0
1762790342.7589335,0,3200000000.0
1762790342.7589335,1,3200000000.0
1762790342.7589335,2,3200000000.0
1762790342.7589335,3,3200000000.0
1762790342.7589335,4,3200000000.0
1762790342.7589335,5,3000000000.0
1762790342.7589335,6,3200000000.0
1762790342.7589335,7,3200000000.0
1762790342.7589335,8,3200000000.0
1762790342.7589335,9,3200000000.0
1762790342.7589335,0,3200000000.0
1762790342.7589335,1,3200000000.0
1762790342.7589335,2,3200000000.0
1762790342.7589335,3,3000000000.0
1762790342.7589335,4,3200000000.0
1762790342.7589335,5,3200000000.0
1762790342.7589335,6,3200000000.0
1762790342.7589335,7,3200000000.0
1762790342.7589335,8,3200000000.0
1762790342.7589335,9,3200000000.0
1762790342.7589335,0,3000000000.0
1762790342.7589335,1,3200000000.0
1762790342.7589335,2,3200000000.0
1762790342.7589335,3,3200000000.0
1762790342.7589335,4,3200000000.0
1762790342.7589335,5,3200000000.0
1762790343.758949,0,1700000000.0
1762790343.758949,1,1700000000.0
1762790343.758949,2,1700000000.0
1762790343.758949,3,1700000000.0
1762790343.758949,4,1700000000.0
1762790343.758949,5,1700000000.0
1762790343.758949,6,1700000000.0
1762790343.758949,7,1700000000.0
1762790343.758949,8,1700000000.0
1762790343.758949,9,1700000000.0
1762790343.758949,0,1700000000.0
1762790343.758949,1,1700000000.0
1762790343.758949,2,1700000000.0
1762790343.758949,3,1700000000.0
1762790343.758949,4,1700000000.0
1762790343.758949,5,1700000000.0
1762790343.758949,6,1700000000.0
1762790343.758949,7,1700000000.0
1762790343.758949,8,1700000000.0
1762790343.758949,9,1700000000.0
1762790343.758949,0,1700000000.0
1762790343.758949,1,1700000000.0
1762790343.758949,2,1700000000.0
1762790343.758949,3,1700000000.0
1762790343.758949,4,1700000000.0
1762790343.758949,5,1700000000.0
1762790343.758949,6,1700000000.0
1762790343.758949,7,1700000000.0
1762790343.758949,8,1700000000.0
1762790343.758949,9,1700000000.0
1762790343.758949,0,1700000000.0
1762790343.758949,1,1700000000.0
1762790343.758949,2,1700000000.0
1762790343.758949,3,1700000000.0
1762790343.758949,4,1700000000.0
1762790343.758949,5,1700000000.0
1762790343.758949,6,1700000000.0
1762790343.758949,7,1700000000.0
1762790343.758949,8,1700000000.0
1762790343.758949,9,1700000000.0
1762790343.758949,0,1700000000.0
1762790343.758949,1,1700000000.0
1762790343.758949,2,1700000000.0
1762790343.758949,3,1700000000.0
1762790343.758949,4,1700000000.0
1762790343.758949,5,1700000000.0
1762790343.758949,6,1700000000.0
1762790343.758949,7,1700000000.0
1762790343.758949,8,1700000000.0
1762790343.758949,9,1700000000.0
1762790343.758949,0,1700000000.0
1762790343.758949,1,1700000000.0
1762790343.758949,2,1700000000.0
1762790343.758949,3,1700000000.0
1762790343.758949,4,1700000000.0
1762790343.758949,5,1700000000.0
1762790343.758949,6,1700000000.0
1762790343.758949,7,1700000000.0
1762790343.758949,8,1700000000.0
1762790343.758949,9,1700000000.0
1762790343.758949,0,1700000000.0
1762790343.758949,1,1700000000.0
1762790343.758949,2,1700000000.0
1762790343.758949,3,1700000000.0
1762790343.758949,4,1700000000.0
1762790343.758949,5,1700000000.0
1762790343.758949,6,1700000000.0
1762790343.758949,7,1700000000.0
1762790343.758949,8,1700000000.0
1762790343.758949,9,1700000000.0
1762790343.758949,0,1700000000.0
1762790343.758949,1,1700000000.0
1762790343.758949,2,1700000000.0
1762790343.758949,3,1700000000.0
1762790343.758949,4,1700000000.0
1762790343.758949,5,1700000000.0
1762790343.758949,6,1700000000.0
1762790343.758949,7,1700000000.0
1762790343.758949,8,1700000000.0
1762790343.758949,9,1700000000.0
1762790343.758949,0,1700000000.0
1762790343.758949,1,1700000000.0
1762790343.758949,2,1700000000.0
1762790343.758949,3,1700000000.0
1762790343.758949,4,1700000000.0
1762790343.758949,5,1700000000.0
1762790343.758949,6,1700000000.0
1762790343.758949,7,1700000000.0
1762790343.758949,8,1700000000.0
1762790343.758949,9,1700000000.0
1762790343.758949,0,1700000000.0
1762790343.758949,1,1700000000.0
1762790343.758949,2,1700000000.0
1762790343.758949,3,1700000000.0
1762790343.758949,4,1700000000.0
1762790343.758949,5,1700000000.0
1762790344.758932,0,1700000000.0
1762790344.758932,1,1700000000.0
1762790344.758932,2,1700000000.0
1762790344.758932,3,1700000000.0
1762790344.758932,4,1700000000.0
1762790344.758932,5,1700000000.0
1762790344.758932,6,1700000000.0
1762790344.758932,7,1700000000.0
1762790344.758932,8,1700000000.0
1762790344.758932,9,1700000000.0
1762790344.758932,0,1700000000.0
1762790344.758932,1,1700000000.0
1762790344.758932,2,1700000000.0
1762790344.758932,3,1700000000.0
1762790344.758932,4,1700000000.0
1762790344.758932,5,1700000000.0
1762790344.758932,6,1700000000.0
1762790344.758932,7,1700000000.0
1762790344.758932,8,1700000000.0
1762790344.758932,9,1700000000.0
1762790344.758932,0,1700000000.0
1762790344.758932,1,1700000000.0
1762790344.758932,2,1700000000.0
1762790344.758932,3,1700000000.0
1762790344.758932,4,1700000000.0
1762790344.758932,5,1700000000.0
1762790344.758932,6,1700000000.0
1762790344.758932,7,1700000000.0
1762790344.758932,8,1700000000.0
1762790344.758932,9,1700000000.0
1762790344.758932,0,1700000000.0
1762790344.758932,1,1700000000.0
1762790344.758932,2,1700000000.0
1762790344.758932,3,1700000000.0
1762790344.758932,4,1700000000.0
1762790344.758932,5,1700000000.0
1762790344.758932,6,1700000000.0
1762790344.758932,7,1700000000.0
1762790344.758932,8,1700000000.0
1762790344.758932,9,1700000000.0
1762790344.758932,0,1700000000.0
1762790344.758932,1,1700000000.0
1762790344.758932,2,1700000000.0
1762790344.758932,3,1700000000.0
1762790344.758932,4,1700000000.0
1762790344.758932,5,1700000000.0
1762790344.758932,6,1700000000.0
1762790344.758932,7,1700000000.0
1762790344.758932,8,1700000000.0
1762790344.758932,9,1700000000.0
1762790344.758932,0,1700000000.0
1762790344.758932,1,1700000000.0
1762790344.758932,2,1700000000.0
1762790344.758932,3,1700000000.0
1762790344.758932,4,1700000000.0
1762790344.758932,5,1700000000.0
1762790344.758932,6,1700000000.0
1762790344.758932,7,1700000000.0
1762790344.758932,8,1700000000.0
1762790344.758932,9,1700000000.0
1762790344.758932,0,1700000000.0
1762790344.758932,1,1700000000.0
1762790344.758932,2,1700000000.0
1762790344.758932,3,1700000000.0
1762790344.758932,4,1700000000.0
1762790344.758932,5,1700000000.0
1762790344.758932,6,1700000000.0
1762790344.758932,7,1700000000.0
1762790344.758932,8,1700000000.0
1762790344.758932,9,1700000000.0
1762790344.758932,0,1700000000.0
1762790344.758932,1,1700000000.0
1762790344.758932,2,1700000000.0
1762790344.758932,3,1700000000.0
1762790344.758932,4,1700000000.0
1762790344.758932,5,1700000000.0
1762790344.758932,6,1700000000.0
1762790344.758932,7,1700000000.0
1762790344.758932,8,1700000000.0
1762790344.758932,9,1700000000.0
1762790344.758932,0,1700000000.0
1762790344.758932,1,1700000000.0
1762790344.758932,2,1700000000.0
1762790344.758932,3,1700000000.0
1762790344.758932,4,1700000000.0
1762790344.758932,5,1700000000.0
1762790344.758932,6,1700000000.0
1762790344.758932,7,1700000000.0
1762790344.758932,8,1700000000.0
1762790344.758932,9,1700000000.0
1762790344.758932,0,1700000000.0
1762790344.758932,1,1700000000.0
1762790344.758932,2,1700000000.0
1762790344.758932,3,1700000000.0
1762790344.758932,4,1700000000.0
1762790344.758932,5,1700000000.0
1762790345.7589335,0,3200000000.0
1762790345.7589335,1,3200000000.0
1762790345.7589335,2,3200000000.0
1762790345.7589335,3,3200000000.0
1762790345.7589335,4,3200000000.0
1762790345.7589335,5,3200000000.0
1762790345.7589335,6,3200000000.0
1762790345.7589335,7,3200000000.0
1762790345.7589335,8,3200000000.0
1762790345.7589335,9,3200000000.0
1762790345.7589335,0,3200000000.0
1762790345.7589335,1,3200000000.0
1762790345.7589335,2,3200000000.0
1762790345.7589335,3,3200000000.0
1762790345.7589335,4,3200000000.0
1762790345.7589335,5,3200000000.0
1762790345.7589335,6,3200000000.0
1762790345.7589335,7,3200000000.0
1762790345.7589335,8,3200000000.0
1762790345.7589335,9,3200000000.0
1762790345.7589335,0,3200000000.0
1762790345.7589335,1,3200000000.0
1762790345.7589335,2,3200000000.0
1762790345.7589335,3,3200000000.0
1762790345.7589335,4,3200000000.0
1762790345.7589335,5,3200000000.0
1762790345.7589335,6,3200000000.0
1762790345.7589335,7,3200000000.0
1762790345.7589335,8,3200000000.0
1762790345.7589335,9,3200000000.0
1762790345.7589335,0,3200000000.0
1762790345.7589335,1,3200000000.0
1762790345.7589335,2,3200000000.0
1762790345.7589335,3,3200000000.0
1762790345.7589335,4,3200000000.0
1762790345.7589335,5,3200000000.0
1762790345.7589335,6,3200000000.0
1762790345.7589335,7,3200000000.0
1762790345.7589335,8,3200000000.0
1762790345.7589335,9,3200000000.0
1762790345.7589335,0,3200000000.0
1762790345.7589335,1,3200000000.0
1762790345.7589335,2,3200000000.0
1762790345.7589335,3,3200000000.0
1762790345.7589335,4,3200000000.0
1762790345.7589335,5,3200000000.0
1762790345.7589335,6,3200000000.0
1762790345.7589335,7,3000000000.0
1762790345.7589335,8,3000000000.0
1762790345.7589335,9,3200000000.0
1762790345.7589335,0,3200000000.0
1762790345.7589335,1,3000000000.0
1762790345.7589335,2,3200000000.0
1762790345.7589335,3,3200000000.0
1762790345.7589335,4,3200000000.0
1762790345.7589335,5,3200000000.0
1762790345.7589335,6,3200000000.0
1762790345.7589335,7,3200000000.0
1762790345.7589335,8,3200000000.0
1762790345.7589335,9,3200000000.0
1762790345.7589335,0,3200000000.0
1762790345.7589335,1,3200000000.0
1762790345.7589335,2,3200000000.0
1762790345.7589335,3,3200000000.0
1762790345.7589335,4,3200000000.0
1762790345.7589335,5,3200000000.0
1762790345.7589335,6,3000000000.0
1762790345.7589335,7,3200000000.0
1762790345.7589335,8,3200000000.0
1762790345.7589335,9,3200000000.0
1762790345.7589335,0,3200000000.0
1762790345.7589335,1,3200000000.0
1762790345.7589335,2,3200000000.0
1762790345.7589335,3,3200000000.0
1762790345.7589335,4,3200000000.0
1762790345.7589335,5,3200000000.0
1762790345.7589335,6,3200000000.0
1762790345.7589335,7,3200000000.0
1762790345.7589335,8,3200000000.0
1762790345.7589335,9,3200000000.0
1762790345.7589335,0,3200000000.0
1762790345.7589335,1,3200000000.0
1762790345.7589335,2,3200000000.0
1762790345.7589335,3,3200000000.0
1762790345.7589335,4,3200000000.0
1762790345.7589335,5,3200000000.0
1762790345.7589335,6,3200000000.0
1762790345.7589335,7,3200000000.0
1762790345.7589335,8,3200000000.0
1762790345.7589335,9,3200000000.0
1762790345.7589335,0,3200000000.0
1762790345.7589335,1,3200000000.0
1762790345.7589335,2,3200000000.0
1762790345.7589335,3,3200000000.0
1762790345.7589335,4,3200000000.0
1762790345.7589335,5,3200000000.0
1762790346.7589347,0,3200000000.0
1762790346.7589347,1,3200000000.0
1762790346.7589347,2,3200000000.0
1762790346.7589347,3,3200000000.0
1762790346.7589347,4,3200000000.0
1762790346.7589347,5,3200000000.0
1762790346.7589347,6,3200000000.0
1762790346.7589347,7,3200000000.0
1762790346.7589347,8,3200000000.0
1762790346.7589347,9,3200000000.0
1762790346.7589347,0,3200000000.0
1762790346.7589347,1,3200000000.0
1762790346.7589347,2,3200000000.0
1762790346.7589347,3,3200000000.0
1762790346.7589347,4,3200000000.0
1762790346.7589347,5,3200000000.0
1762790346.7589347,6,3200000000.0
1762790346.7589347,7,3000000000.0
1762790346.7589347,8,3200000000.0
1762790346.7589347,9,3200000000.0
1762790346.7589347,0,3200000000.0
1762790346.7589347,1,3200000000.0
1762790346.7589347,2,3200000000.0
1762790346.7589347,3,3200000000.0
1762790346.7589347,4,3200000000.0
1762790346.7589347,5,3200000000.0
1762790346.7589347,6,3200000000.0
1762790346.7589347,7,3200000000.0
1762790346.7589347,8,3200000000.0
1762790346.7589347,9,3200000000.0
1762790346.7589347,0,3200000000.0
1762790346.7589347,1,3200000000.0
1762790346.7589347,2,3200000000.0
1762790346.7589347,3,3200000000.0
1762790346.7589347,4,3200000000.0
1762790346.7589347,5,3200000000.0
1762790346.7589347,6,3200000000.0
1762790346.7589347,7,3200000000.0
1762790346.7589347,8,3200000000.0
1762790346.7589347,9,3200000000.0
1762790346.7589347,0,3200000000.0
1762790346.7589347,1,3200000000.0
1762790346.7589347,2,3200000000.0
1762790346.7589347,3,3200000000.0
1762790346.7589347,4,3200000000.0
1762790346.7589347,5,3200000000.0
1762790346.7589347,6,3200000000.0
1762790346.7589347,7,3200000000.0
1762790346.7589347,8,3200000000.0
1762790346.7589347,9,3200000000.0
1762790346.7589347,0,3200000000.0
1762790346.7589347,1,3200000000.0
1762790346.7589347,2,3200000000.0
1762790346.7589347,3,3200000000.0
1762790346.7589347,4,3200000000.0
1762790346.7589347,5,3200000000.0
1762790346.7589347,6,3200000000.0
1762790346.7589347,7,3200000000.0
1762790346.7589347,8,3200000000.0
1762790346.7589347,9,3200000000.0
1762790346.7589347,0,3200000000.0
1762790346.7589347,1,3200000000.0
1762790346.7589347,2,3200000000.0
1762790346.7589347,3,3200000000.0
1762790346.7589347,4,3200000000.0
1762790346.7589347,5,3200000000.0
1762790346.7589347,6,3200000000.0
1762790346.7589347,7,3200000000.0
1762790346.7589347,8,3200000000.0
1762790346.7589347,9,3200000000.0
1762790346.7589347,0,3200000000.0
1762790346.7589347,1,3200000000.0
1762790346.7589347,2,3200000000.0
1762790346.7589347,3,3200000000.0
1762790346.7589347,4,3200000000.0
1762790346.7589347,5,3200000000.0
1762790346.7589347,6,3200000000.0
1762790346.7589347,7,3200000000.0
1762790346.7589347,8,3200000000.0
1762790346.7589347,9,3200000000.0
1762790346.7589347,0,3200000000.0
1762790346.7589347,1,3200000000.0
1762790346.7589347,2,3200000000.0
1762790346.7589347,3,3200000000.0
1762790346.7589347,4,3200000000.0
1762790346.7589347,5,3200000000.0
1762790346.7589347,6,3200000000.0
1762790346.7589347,7,3200000000.0
1762790346.7589347,8,3200000000.0
1762790346.7589347,9,3200000000.0
1762790346.7589347,0,3200000000.0
1762790346.7589347,1,3200000000.0
1762790346.7589347,2,3200000000.0
1762790346.7589347,3,3200000000.0
1762790346.7589347,4,3200000000.0
1762790346.7589347,5,3200000000.0
1762790347.7589366,0,1200000000.0
1762790347.7589366,1,1200000000.0
1762790347.7589366,2,1200000000.0
1762790347.7589366,3,1200000000.0
1762790347.7589366,4,1200000000.0
1762790347.7589366,5,1200000000.0
1762790347.7589366,6,1200000000.0
1762790347.7589366,7,1200000000.0
1762790347.7589366,8,1200000000.0
1762790347.7589366,9,1200000000.0
1762790347.7589366,0,1200000000.0
1762790347.7589366,1,1200000000.0
1762790347.7589366,2,1200000000.0
1762790347.7589366,3,1200000000.0
1762790347.7589366,4,1200000000.0
1762790347.7589366,5,1200000000.0
1762790347.7589366,6,1200000000.0
1762790347.7589366,7,1200000000.0
1762790347.7589366,8,1200000000.0
1762790347.7589366,9,1200000000.0
1762790347.7589366,0,1200000000.0
1762790347.7589366,1,1200000000.0
1762790347.7589366,2,1200000000.0
1762790347.7589366,3,1200000000.0
1762790347.7589366,4,1200000000.0
1762790347.7589366,5,1200000000.0
1762790347.7589366,6,1200000000.0
1762790347.7589366,7,1200000000.0
1762790347.7589366,8,1200000000.0
1762790347.7589366,9,1200000000.0
1762790347.7589366,0,1200000000.0
1762790347.7589366,1,1200000000.0
1762790347.7589366,2,1200000000.0
1762790347.7589366,3,1200000000.0
1762790347.7589366,4,1200000000.0
1762790347.7589366,5,1200000000.0
1762790347.7589366,6,1200000000.0
1762790347.7589366,7,1200000000.0
1762790347.7589366,8,1200000000.0
1762790347.7589366,9,1200000000.0
1762790347.7589366,0,1200000000.0
1762790347.7589366,1,1200000000.0
1762790347.7589366,2,1200000000.0
1762790347.7589366,3,1200000000.0
1762790347.7589366,4,1200000000.0
1762790347.7589366,5,1200000000.0
1762790347.7589366,6,1200000000.0
1762790347.7589366,7,1200000000.0
1762790347.7589366,8,1200000000.0
1762790347.7589366,9,1200000000.0
1762790347.7589366,0,1200000000.0
1762790347.7589366,1,1200000000.0
1762790347.7589366,2,1200000000.0
1762790347.7589366,3,1200000000.0
1762790347.7589366,4,1200000000.0
1762790347.7589366,5,1200000000.0
1762790347.7589366,6,1200000000.0
1762790347.7589366,7,1200000000.0
1762790347.7589366,8,1200000000.0
1762790347.7589366,9,1200000000.0
1762790347.7589366,0,1200000000.0
1762790347.7589366,1,1200000000.0
1762790347.7589366,2,1200000000.0
1762790347.7589366,3,1200000000.0
1762790347.7589366,4,1200000000.0
1762790347.7589366,5,1200000000.0
1762790347.7589366,6,1200000000.0
1762790347.7589366,7,1200000000.0
1762790347.7589366,8,1200000000.0
1762790347.7589366,9,1200000000.0
1762790347.7589366,0,1200000000.0
1762790347.7589366,1,1200000000.0
1762790347.7589366,2,1200000000.0
1762790347.7589366,3,1200000000.0
1762790347.7589366,4,1200000000.0
1762790347.7589366,5,1200000000.0
1762790347.7589366,6,1200000000.0
1762790347.7589366,7,1200000000.0
1762790347.7589366,8,1200000000.0
1762790347.7589366,9,1200000000.0
1762790347.7589366,0,1200000000.0
1762790347.7589366,1,1200000000.0
1762790347.7589366,2,1200000000.0
1762790347.7589366,3,1200000000.0
1762790347.7589366,4,1200000000.0
1762790347.7589366,5,1200000000.0
1762790347.7589366,6,1200000000.0
1762790347.7589366,7,1200000000.0
1762790347.7589366,8,1200000000.0
1762790347.7589366,9,1200000000.0
1762790347.7589366,0,1200000000.0
1762790347.7589366,1,1200000000.0
1762790347.7589366,2,1200000000.0
1762790347.7589366,3,1200000000.0
1762790347.7589366,4,1200000000.0
1762790347.7589366,5,1200000000.0
1762790348.7589347,0,1200000000.0
1762790348.7589347,1,1200000000.0
1762790348.7589347,2,1200000000.0
1762790348.7589347,3,1200000000.0
1762790348.7589347,4,1200000000.0
1762790348.7589347,5,1200000000.0
1762790348.7589347,6,1200000000.0
1762790348.7589347,7,1200000000.0
1762790348.7589347,8,1200000000.0
1762790348.7589347,9,1200000000.0
1762790348.7589347,0,1200000000.0
1762790348.7589347,1,1200000000.0
1762790348.7589347,2,1200000000.0
1762790348.7589347,3,1200000000.0
1762790348.7589347,4,1200000000.0
1762790348.7589347,5,1200000000.0
1762790348.7589347,6,1200000000.0
1762790348.7589347,7,1200000000.0
1762790348.7589347,8,1200000000.0
1762790348.7589347,9,1200000000.0
1762790348.7589347,0,1200000000.0
1762790348.7589347,1,1200000000.0
1762790348.7589347,2,1200000000.0
1762790348.7589347,3,1200000000.0
1762790348.7589347,4,1200000000.0
1762790348.7589347,5,1200000000.0
1762790348.7589347,6,1200000000.0
1762790348.7589347,7,1200000000.0
1762790348.7589347,8,1200000000.0
1762790348.7589347,9,1200000000.0
1762790348.7589347,0,1200000000.0
1762790348.7589347,1,1200000000.0
1762790348.7589347,2,1200000000.0
1762790348.7589347,3,1200000000.0
1762790348.7589347,4,1200000000.0
1762790348.7589347,5,1200000000.0
1762790348.7589347,6,1200000000.0
1762790348.7589347,7,1200000000.0
1762790348.7589347,8,1200000000.0
1762790348.7589347,9,1200000000.0
1762790348.7589347,0,1200000000.0
1762790348.7589347,1,1200000000.0
1762790348.7589347,2,1200000000.0
1762790348.7589347,3,1200000000.0
1762790348.7589347,4,1200000000.0
1762790348.7589347,5,1200000000.0
1762790348.7589347,6,1200000000.0
1762790348.7589347,7,1200000000.0
1762790348.7589347,8,1200000000.0
1762790348.7589347,9,1200000000.0
1762790348.7589347,0,1200000000.0
1762790348.7589347,1,1200000000.0
1762790348.7589347,2,1200000000.0
1762790348.7589347,3,1200000000.0
1762790348.7589347,4,1200000000.0
1762790348.7589347,5,1200000000.0
1762790348.7589347,6,1200000000.0
1762790348.7589347,7,1200000000.0
1762790348.7589347,8,1200000000.0
1762790348.7589347,9,1200000000.0
1762790348.7589347,0,1200000000.0
1762790348.7589347,1,1200000000.0
1762790348.7589347,2,1200000000.0
1762790348.7589347,3,1200000000.0
1762790348.7589347,4,1200000000.0
1762790348.7589347,5,1200000000.0
1762790348.7589347,6,1200000000.0
1762790348.7589347,7,1200000000.0
1762790348.7589347,8,1200000000.0
1762790348.7589347,9,1200000000.0
1762790348.7589347,0,1200000000.0
1762790348.7589347,1,1200000000.0
1762790348.7589347,2,1200000000.0
1762790348.7589347,3,1200000000.0
1762790348.7589347,4,1200000000.0
1762790348.7589347,5,1200000000.0
1762790348.7589347,6,1200000000.0
1762790348.7589347,7,1200000000.0
1762790348.7589347,8,1200000000.0
1762790348.7589347,9,1200000000.0
1762790348.7589347,0,1200000000.0
1762790348.7589347,1,1200000000.0
1762790348.7589347,2,1200000000.0
1762790348.7589347,3,1200000000.0
1762790348.7589347,4,1200000000.0
1762790348.7589347,5,1200000000.0
1762790348.7589347,6,1200000000.0
1762790348.7589347,7,1200000000.0
1762790348.7589347,8,1200000000.0
1762790348.7589347,9,1200000000.0
1762790348.7589347,0,1200000000.0
1762790348.7589347,1,1200000000.0
1762790348.7589347,2,1200000000.0
1762790348.7589347,3,1200000000.0
1762790348.7589347,4,1200000000.0
1762790348.7589347,5,1200000000.0
1762790349.7589467,0,3200000000.0
1762790349.7589467,1,3200000000.0
1762790349.7589467,2,3200000000.0
1762790349.7589467,3,3200000000.0
1762790349.7589467,4,3200000000.0
1762790349.7589467,5,3200000000.0
1762790349.7589467,6,3200000000.0
1762790349.7589467,7,3200000000.0
1762790349.7589467,8,3200000000.0
1762790349.7589467,9,3200000000.0
1762790349.7589467,0,3200000000.0
1762790349.7589467,1,3200000000.0
1762790349.7589467,2,3200000000.0
1762790349.7589467,3,3200000000.0
1762790349.7589467,4,3200000000.0
1762790349.7589467,5,3200000000.0
1762790349.7589467,6,3200000000.0
1762790349.7589467,7,3200000000.0
1762790349.7589467,8,3200000000.0
1762790349.7589467,9,3200000000.0
1762790349.7589467,0,3200000000.0
1762790349.7589467,1,3200000000.0
1762790349.7589467,2,3200000000.0
1762790349.7589467,3,3200000000.0
1762790349.7589467,4,3200000000.0
1762790349.7589467,5,3200000000.0
1762790349.7589467,6,3200000000.0
1762790349.7589467,7,3200000000.0
1762790349.7589467,8,3200000000.0
1762790349.7589467,9,3200000000.0
1762790349.7589467,0,3200000000.0
1762790349.7589467,1,3200000000.0
1762790349.7589467,2,3200000000.0
1762790349.7589467,3,3200000000.0
1762790349.7589467,4,3200000000.0
1762790349.7589467,5,3200000000.0
1762790349.7589467,6,3200000000.0
1762790349.7589467,7,3200000000.0
1762790349.7589467,8,3200000000.0
1762790349.7589467,9,3200000000.0
1762790349.7589467,0,3200000000.0
1762790349.7589467,1,3200000000.0
1762790349.7589467,2,3200000000.0
1762790349.7589467,3,3200000000.0
1762790349.7589467,4,3200000000.0
1762790349.7589467,5,3200000000.0
1762790349.7589467,6,3200000000.0
1762790349.7589467,7,3200000000.0
1762790349.7589467,8,3000000000.0
1762790349.7589467,9,3200000000.0
1762790349.7589467,0,3200000000.0
1762790349.7589467,1,3200000000.0
1762790349.7589467,2,3200000000.0
1762790349.7589467,3,3200000000.0
1762790349.7589467,4,3200000000.0
1762790349.7589467,5,3200000000.0
1762790349.7589467,6,3200000000.0
1762790349.7589467,7,3200000000.0
1762790349.7589467,8,3000000000.0
1762790349.7589467,9,3200000000.0
1762790349.7589467,0,3200000000.0
1762790349.7589467,1,3200000000.0
1762790349.7589467,2,3200000000.0
1762790349.7589467,3,3200000000.0
1762790349.7589467,4,3200000000.0
1762790349.7589467,5,3200000000.0
1762790349.7589467,6,3200000000.0
1762790349.7589467,7,3200000000.0
1762790349.7589467,8,3200000000.0
1762790349.7589467,9,3200000000.0
1762790349.7589467,0,3200000000.0
1762790349.7589467,1,3200000000.0
1762790349.7589467,2,3200000000.0
1762790349.7589467,3,3200000000.0
1762790349.7589467,4,3200000000.0
1762790349.7589467,5,3200000000.0
1762790349.7589467,6,3200000000.0
1762790349.7589467,7,3200000000.0
1762790349.7589467,8,3200000000.0
1762790349.7589467,9,3200000000.0
1762790349.7589467,0,3200000000.0
1762790349.7589467,1,3200000000.0
1762790349.7589467,2,3200000000.0
1762790349.7589467,3,3200000000.0
1762790349.7589467,4,3200000000.0
1762790349.7589467,5,3200000000.0
1762790349.7589467,6,3200000000.0
1762790349.7589467,7,3200000000.0
1762790349.7589467,8,3200000000.0
1762790349.7589467,9,3200000000.0
1762790349.7589467,0,3200000000.0
1762790349.7589467,1,3200000000.0
1762790349.7589467,2,3200000000.0
1762790349.7589467,3,3200000000.0
1762790349.7589467,4,3200000000.0
1762790349.7589467,5,3200000000.0
1762790350.7589414,0,3200000000.0
1762790350.7589414,1,3200000000.0
1762790350.7589414,2,3200000000.0
1762790350.7589414,3,3200000000.0
1762790350.7589414,4,3200000000.0
1762790350.7589414,5,3200000000.0
1762790350.7589414,6,3200000000.0
1762790350.7589414,7,3200000000.0
1762790350.7589414,8,3200000000.0
1762790350.7589414,9,3200000000.0
1762790350.7589414,0,3000000000.0
1762790350.7589414,1,3200000000.0
1762790350.7589414,2,3200000000.0
1762790350.7589414,3,3200000000.0
1762790350.7589414,4,3200000000.0
1762790350.7589414,5,3200000000.0
1762790350.7589414,6,3200000000.0
1762790350.7589414,7,3200000000.0
1762790350.7589414,8,3200000000.0
1762790350.7589414,9,3200000000.0
1762790350.7589414,0,3200000000.0
1762790350.7589414,1,3200000000.0
1762790350.7589414,2,3200000000.0
1762790350.7589414,3,3200000000.0
1762790350.7589414,4,3200000000.0
1762790350.7589414,5,3200000000.0
1762790350.7589414,6,3200000000.0
1762790350.7589414,7,3200000000.0
1762790350.7589414,8,3200000000.0
1762790350.7589414,9,3200000000.0
1762790350.7589414,0,3200000000.0
1762790350.7589414,1,3200000000.0
1762790350.7589414,2,3200000000.0
1762790350.7589414,3,3200000000.0
1762790350.7589414,4,3200000000.0
1762790350.7589414,5,3200000000.0
1762790350.7589414,6,3200000000.0
1762790350.7589414,7,3200000000.0
1762790350.7589414,8,3200000000.0
1762790350.7589414,9,3200000000.0
1762790350.7589414,0,3200000000.0
1762790350.7589414,1,3200000000.0
1762790350.7589414,2,3200000000.0
1762790350.7589414,3,3200000000.0
1762790350.7589414,4,3200000000.0
1762790350.7589414,5,3200000000.0
1762790350.7589414,6,3200000000.0
1762790350.7589414,7,3200000000.0
1762790350.7589414,8,3000000000.0
1762790350.7589414,9,3200000000.0
1762790350.7589414,0,3200000000.0
1762790350.7589414,1,3000000000.0
1762790350.7589414,2,3200000000.0
1762790350.7589414,3,3200000000.0
1762790350.7589414,4,3200000000.0
1762790350.7589414,5,3200000000.0
1762790350.7589414,6,3200000000.0
1762790350.7589414,7,3200000000.0
1762790350.7589414,8,3000000000.0
1762790350.7589414,9,3200000000.0
1762790350.7589414,0,3000000000.0
1762790350.7589414,1,3200000000.0
1762790350.7589414,2,3200000000.0
1762790350.7589414,3,3200000000.0
1762790350.7589414,4,3200000000.0
1762790350.7589414,5,3200000000.0
1762790350.7589414,6,3200000000.0
1762790350.7589414,7,3200000000.0
1762790350.7589414,8,3200000000.0
1762790350.7589414,9,3200000000.0
1762790350.7589414,0,3200000000.0
1762790350.7589414,1,3200000000.0
1762790350.7589414,2,3200000000.0
1762790350.7589414,3,3200000000.0
1762790350.7589414,4,3200000000.0
1762790350.7589414,5,3200000000.0
1762790350.7589414,6,3200000000.0
1762790350.7589414,7,3200000000.0
1762790350.7589414,8,3200000000.0
1762790350.7589414,9,3200000000.0
1762790350.7589414,0,3200000000.0
1762790350.7589414,1,3200000000.0
1762790350.7589414,2,3200000000.0
1762790350.7589414,3,3200000000.0
1762790350.7589414,4,3200000000.0
1762790350.7589414,5,3200000000.0
1762790350.7589414,6,3200000000.0
1762790350.7589414,7,3200000000.0
1762790350.7589414,8,3200000000.0
1762790350.7589414,9,3200000000.0
1762790350.7589414,0,3200000000.0
1762790350.7589414,1,3200000000.0
1762790350.7589414,2,3200000000.0
1762790350.7589414,3,3200000000.0
1762790350.7589414,4,3200000000.0
1762790350.7589414,5,3200000000.0
1762790351.7589235,0,3100000000.0
1762790351.7589235,1,3100000000.0
1762790351.7589235,2,3100000000.0
1762790351.7589235,3,3100000000.0
1762790351.7589235,4,3100000000.0
1762790351.7589235,5,3100000000.0
1762790351.7589235,6,3100000000.0
1762790351.7589235,7,3100000000.0
1762790351.7589235,8,3100000000.0
1762790351.7589235,9,3100000000.0
1762790351.7589235,0,3100000000.0
1762790351.7589235,1,3100000000.0
1762790351.7589235,2,3100000000.0
1762790351.7589235,3,3100000000.0
1762790351.7589235,4,3100000000.0
1762790351.7589235,5,3100000000.0
1762790351.7589235,6,3100000000.0
1762790351.7589235,7,3100000000.0
1762790351.7589235,8,3100000000.0
1762790351.7589235,9,3100000000.0
1762790351.7589235,0,3100000000.0
1762790351.7589235,1,3100000000.0
1762790351.7589235,2,3100000000.0
1762790351.7589235,3,3100000000.0
1762790351.7589235,4,3100000000.0
1762790351.7589235,5,3100000000.0
1762790351.7589235,6,3100000000.0
1762790351.7589235,7,3100000000.0
1762790351.7589235,8,3100000000.0
1762790351.7589235,9,3100000000.0
1762790351.7589235,0,3100000000.0
1762790351.7589235,1,3100000000.0
1762790351.7589235,2,3100000000.0
1762790351.7589235,3,3100000000.0
1762790351.7589235,4,3100000000.0
1762790351.7589235,5,3100000000.0
1762790351.7589235,6,3100000000.0
1762790351.7589235,7,3100000000.0
1762790351.7589235,8,3100000000.0
1762790351.7589235,9,3000000000.0
1762790351.7589235,0,3100000000.0
1762790351.7589235,1,3100000000.0
1762790351.7589235,2,3100000000.0
1762790351.7589235,3,3100000000.0
1762790351.7589235,4,3100000000.0
1762790351.7589235,5,3100000000.0
1762790351.7589235,6,3100000000.0
1762790351.7589235,7,3100000000.0
1762790351.7589235,8,3000000000.0
1762790351.7589235,9,3100000000.0
1762790351.7589235,0,3100000000.0
1762790351.7589235,1,3100000000.0
1762790351.7589235,2,3100000000.0
1762790351.7589235,3,3100000000.0
1762790351.7589235,4,3100000000.0
1762790351.7589235,5,3100000000.0
1762790351.7589235,6,3100000000.0
1762790351.7589235,7,3100000000.0
1762790351.7589235,8,3100000000.0
1762790351.7589235,9,3100000000.0
1762790351.7589235,0,3100000000.0
1762790351.7589235,1,3100000000.0
1762790351.7589235,2,3100000000.0
1762790351.7589235,3,3100000000.0
1762790351.7589235,4,3100000000.0
1762790351.7589235,5,3100000000.0
1762790351.7589235,6,3100000000.0
1762790351.7589235,7,3100000000.0
1762790351.7589235,8,3100000000.0
1762790351.7589235,9,3100000000.0
1762790351.7589235,0,3100000000.0
1762790351.7589235,1,3100000000.0
1762790351.7589235,2,3100000000.0
1762790351.7589235,3,3100000000.0
1762790351.7589235,4,3100000000.0
1762790351.7589235,5,3100000000.0
1762790351.7589235,6,3100000000.0
1762790351.7589235,7,3100000000.0
1762790351.7589235,8,3100000000.0
1762790351.7589235,9,3100000000.0
1762790351.7589235,0,3100000000.0
1762790351.7589235,1,3100000000.0
1762790351.7589235,2,3100000000.0
1762790351.7589235,3,3100000000.0
1762790351.7589235,4,3100000000.0
1762790351.7589235,5,3100000000.0
1762790351.7589235,6,3100000000.0
1762790351.7589235,7,3100000000.0
1762790351.7589235,8,3100000000.0
1762790351.7589235,9,3100000000.0
1762790351.7589235,0,3100000000.0
1762790351.7589235,1,3100000000.0
1762790351.7589235,2,3100000000.0
1762790351.7589235,3,3100000000.0
1762790351.7589235,4,3100000000.0
1762790351.7589235,5,3100000000.0
1762790352.758926,0,3100000000.0
1762790352.758926,1,3100000000.0
1762790352.758926,2,3100000000.0
1762790352.758926,3,3100000000.0
1762790352.758926,4,3100000000.0
1762790352.758926,5,3100000000.0
1762790352.758926,6,3100000000.0
1762790352.758926,7,3100000000.0
1762790352.758926,8,3100000000.0
1762790352.758926,9,3100000000.0
1762790352.758926,0,3100000000.0
1762790352.758926,1,3100000000.0
1762790352.758926,2,3100000000.0
1762790352.758926,3,3100000000.0
1762790352.758926,4,3100000000.0
1762790352.758926,5,3100000000.0
1762790352.758926,6,3100000000.0
1762790352.758926,7,3100000000.0
1762790352.758926,8,3100000000.0
1762790352.758926,9,3100000000.0
1762790352.758926,0,3100000000.0
1762790352.758926,1,3100000000.0
1762790352.758926,2,3100000000.0
1762790352.758926,3,3100000000.0
1762790352.758926,4,3100000000.0
1762790352.758926,5,3100000000.0
1762790352.758926,6,3100000000.0
1762790352.758926,7,3100000000.0
1762790352.758926,8,3100000000.0
1762790352.758926,9,3100000000.0
1762790352.758926,0,3100000000.0
1762790352.758926,1,3100000000.0
1762790352.758926,2,3100000000.0
1762790352.758926,3,3100000000.0
1762790352.758926,4,3100000000.0
1762790352.758926,5,3100000000.0
1762790352.758926,6,3100000000.0
1762790352.758926,7,3100000000.0
1762790352.758926,8,3100000000.0
1762790352.758926,9,3100000000.0
1762790352.758926,0,3100000000.0
1762790352.758926,1,3100000000.0
1762790352.758926,2,3000000000.0
1762790352.758926,3,3100000000.0
1762790352.758926,4,3100000000.0
1762790352.758926,5,3100000000.0
1762790352.758926,6,3100000000.0
1762790352.758926,7,3100000000.0
1762790352.758926,8,3000000000.0
1762790352.758926,9,3100000000.0
1762790352.758926,0,3100000000.0
1762790352.758926,1,3100000000.0
1762790352.758926,2,3100000000.0
1762790352.758926,3,3100000000.0
1762790352.758926,4,3100000000.0
1762790352.758926,5,3100000000.0
1762790352.758926,6,3100000000.0
1762790352.758926,7,3100000000.0
1762790352.758926,8,3000000000.0
1762790352.758926,9,3100000000.0
1762790352.758926,0,3100000000.0
1762790352.758926,1,3000000000.0
1762790352.758926,2,3100000000.0
1762790352.758926,3,3100000000.0
1762790352.758926,4,3100000000.0
1762790352.758926,5,3100000000.0
1762790352.758926,6,3100000000.0
1762790352.758926,7,3100000000.0
1762790352.758926,8,3100000000.0
1762790352.758926,9,3100000000.0
1762790352.758926,0,3100000000.0
1762790352.758926,1,3100000000.0
1762790352.758926,2,3100000000.0
1762790352.758926,3,3100000000.0
1762790352.758926,4,3000000000.0
1762790352.758926,5,3100000000.0
1762790352.758926,6,3100000000.0
1762790352.758926,7,3100000000.0
1762790352.758926,8,3100000000.0
1762790352.758926,9,3100000000.0
1762790352.758926,0,3100000000.0
1762790352.758926,1,3100000000.0
1762790352.758926,2,3100000000.0
1762790352.758926,3,3100000000.0
1762790352.758926,4,3100000000.0
1762790352.758926,5,3100000000.0
1762790352.758926,6,3100000000.0
1762790352.758926,7,3100000000.0
1762790352.758926,8,3100000000.0
1762790352.758926,9,3100000000.0
1762790352.758926,0,3100000000.0
1762790352.758926,1,3100000000.0
1762790352.758926,2,3100000000.0
1762790352.758926,3,3100000000.0
1762790352.758926,4,3100000000.0
1762790352.758926,5,3100000000.0
1762790353.7589397,0,3100000000.0
1762790353.7589397,1,3200000000.0
1762790353.7589397,2,3100000000.0
1762790353.7589397,3,3200000000.0
1762790353.7589397,4,3100000000.0
1762790353.7589397,5,3200000000.0
1762790353.7589397,6,3100000000.0
1762790353.7589397,7,3200000000.0
1762790353.7589397,8,3100000000.0
1762790353.7589397,9,3200000000.0
1762790353.7589397,0,3000000000.0
1762790353.7589397,1,3200000000.0
1762790353.7589397,2,3000000000.0
1762790353.7589397,3,3200000000.0
1762790353.7589397,4,3000000000.0
1762790353.7589397,5,3200000000.0
1762790353.7589397,6,3000000000.0
1762790353.7589397,7,3200000000.0
1762790353.7589397,8,3000000000.0
1762790353.7589397,9,3200000000.0
1762790353.7589397,0,3000000000.0
1762790353.7589397,1,3200000000.0
1762790353.7589397,2,3000000000.0
1762790353.7589397,3,3200000000.0
1762790353.7589397,4,3100000000.0
1762790353.7589397,5,3200000000.0
1762790353.7589397,6,3100000000.0
1762790353.7589397,7,3200000000.0
1762790353.7589397,8,3100000000.0
1762790353.7589397,9,3200000000.0
1762790353.7589397,0,3100000000.0
1762790353.7589397,1,3200000000.0
1762790353.7589397,2,3100000000.0
1762790353.7589397,3,3200000000.0
1762790353.7589397,4,3100000000.0
1762790353.7589397,5,3200000000.0
1762790353.7589397,6,3100000000.0
1762790353.7589397,7,3200000000.0
1762790353.7589397,8,3100000000.0
1762790353.7589397,9,3200000000.0
1762790353.7589397,0,3100000000.0
1762790353.7589397,1,3200000000.0
1762790353.7589397,2,3100000000.0
1762790353.7589397,3,3200000000.0
1762790353.7589397,4,3100000000.0
1762790353.7589397,5,3200000000.0
1762790353.7589397,6,3200000000.0
1762790353.7589397,7,3200000000.0
1762790353.7589397,8,3200000000.0
1762790353.7589397,9,3200000000.0
1762790353.7589397,0,3200000000.0
1762790353.7589397,1,3200000000.0
1762790353.7589397,2,3200000000.0
1762790353.7589397,3,3200000000.0
1762790353.7589397,4,3200000000.0
1762790353.7589397,5,3200000000.0
1762790353.7589397,6,3200000000.0
1762790353.7589397,7,3200000000.0
1762790353.7589397,8,3200000000.0
1762790353.7589397,9,3200000000.0
1762790353.7589397,0,3200000000.0
1762790353.7589397,1,3200000000.0
1762790353.7589397,2,3200000000.0
1762790353.7589397,3,3200000000.0
1762790353.7589397,4,3200000000.0
1762790353.7589397,5,3200000000.0
1762790353.7589397,6,3200000000.0
1762790353.7589397,7,3200000000.0
1762790353.7589397,8,3200000000.0
1762790353.7589397,9,3200000000.0
1762790353.7589397,0,3200000000.0
1762790353.7589397,1,3200000000.0
1762790353.7589397,2,3200000000.0
1762790353.7589397,3,3200000000.0
1762790353.7589397,4,3000000000.0
1762790353.7589397,5,3200000000.0
1762790353.7589397,6,3200000000.0
1762790353.7589397,7,3000000000.0
1762790353.7589397,8,3200000000.0
1762790353.7589397,9,3000000000.0
1762790353.7589397,0,3200000000.0
1762790353.7589397,1,3200000000.0
1762790353.7589397,2,3200000000.0
1762790353.7589397,3,3200000000.0
1762790353.7589397,4,3200000000.0
1762790353.7589397,5,3200000000.0
1762790353.7589397,6,3200000000.0
1762790353.7589397,7,3200000000.0
1762790353.7589397,8,3200000000.0
1762790353.7589397,9,3200000000.0
1762790353.7589397,0,3000000000.0
1762790353.7589397,1,3200000000.0
1762790353.7589397,2,3200000000.0
1762790353.7589397,3,3200000000.0
1762790353.7589397,4,3200000000.0
1762790353.7589397,5,3000000000.0
1762790354.758947,0,3100000000.0
1762790354.758947,1,3200000000.0
1762790354.758947,2,3100000000.0
1762790354.758947,3,3200000000.0
1762790354.758947,4,3100000000.0
1762790354.758947,5,3200000000.0
1762790354.758947,6,3100000000.0
1762790354.758947,7,3200000000.0
1762790354.758947,8,3100000000.0
1762790354.758947,9,3200000000.0
1762790354.758947,0,3100000000.0
1762790354.758947,1,3200000000.0
1762790354.758947,2,3100000000.0
1762790354.758947,3,3100000000.0
1762790354.758947,4,3100000000.0
1762790354.758947,5,3100000000.0
1762790354.758947,6,3100000000.0
1762790354.758947,7,3100000000.0
1762790354.758947,8,3100000000.0
1762790354.758947,9,3100000000.0
1762790354.758947,0,3100000000.0
1762790354.758947,1,3100000000.0
1762790354.758947,2,3100000000.0
1762790354.758947,3,3200000000.0
1762790354.758947,4,3100000000.0
1762790354.758947,5,3200000000.0
1762790354.758947,6,3100000000.0
1762790354.758947,7,3200000000.0
1762790354.758947,8,3100000000.0
1762790354.758947,9,3200000000.0
1762790354.758947,0,3100000000.0
1762790354.758947,1,3200000000.0
1762790354.758947,2,3100000000.0
1762790354.758947,3,3200000000.0
1762790354.758947,4,3100000000.0
1762790354.758947,5,3200000000.0
1762790354.758947,6,3100000000.0
1762790354.758947,7,3200000000.0
1762790354.758947,8,3100000000.0
1762790354.758947,9,3200000000.0
1762790354.758947,0,3100000000.0
1762790354.758947,1,3200000000.0
1762790354.758947,2,3100000000.0
1762790354.758947,3,3200000000.0
1762790354.758947,4,3100000000.0
1762790354.758947,5,3200000000.0
1762790354.758947,6,3200000000.0
1762790354.758947,7,3200000000.0
1762790354.758947,8,3200000000.0
1762790354.758947,9,3200000000.0
1762790354.758947,0,3200000000.0
1762790354.758947,1,3200000000.0
1762790354.758947,2,3200000000.0
1762790354.758947,3,3200000000.0
1762790354.758947,4,3200000000.0
1762790354.758947,5,3200000000.0
1762790354.758947,6,3200000000.0
1762790354.758947,7,3200000000.0
1762790354.758947,8,3200000000.0
1762790354.758947,9,3200000000.0
1762790354.758947,0,3200000000.0
1762790354.758947,1,3200000000.0
1762790354.758947,2,3200000000.0
1762790354.758947,3,3200000000.0
1762790354.758947,4,3200000000.0
1762790354.758947,5,3200000000.0
1762790354.758947,6,3200000000.0
1762790354.758947,7,3200000000.0
1762790354.758947,8,3200000000.0
1762790354.758947,9,3200000000.0
1762790354.758947,0,3200000000.0
1762790354.758947,1,3200000000.0
1762790354.758947,2,3200000000.0
1762790354.758947,3,3200000000.0
1762790354.758947,4,3200000000.0
1762790354.758947,5,3200000000.0
1762790354.758947,6,3200000000.0
1762790354.758947,7,3200000000.0
1762790354.758947,8,3200000000.0
1762790354.758947,9,3200000000.0
1762790354.758947,0,3100000000.0
1762790354.758947,1,3200000000.0
1762790354.758947,2,3100000000.0
1762790354.758947,3,3200000000.0
1762790354.758947,4,3100000000.0
1762790354.758947,5,3200000000.0
1762790354.758947,6,3100000000.0
1762790354.758947,7,3200000000.0
1762790354.758947,8,3100000000.0
1762790354.758947,9,3200000000.0
1762790354.758947,0,3100000000.0
1762790354.758947,1,3200000000.0
1762790354.758947,2,3100000000.0
1762790354.758947,3,3200000000.0
1762790354.758947,4,3100000000.0
1762790354.758947,5,3200000000.0
1762790355.758955,0,1200000000.0
1762790355.758955,1,1200000000.0
1762790355.758955,2,1200000000.0
1762790355.758955,3,1200000000.0
1762790355.758955,4,1200000000.0
1762790355.758955,5,1200000000.0
1762790355.758955,6,1200000000.0
1762790355.758955,7,1200000000.0
1762790355.758955,8,1200000000.0
1762790355.758955,9,1200000000.0
1762790355.758955,0,1200000000.0
1762790355.758955,1,1200000000.0
1762790355.758955,2,1200000000.0
1762790355.758955,3,1200000000.0
1762790355.758955,4,1200000000.0
1762790355.758955,5,1200000000.0
1762790355.758955,6,1200000000.0
1762790355.758955,7,1200000000.0
1762790355.758955,8,1200000000.0
1762790355.758955,9,1200000000.0
1762790355.758955,0,1200000000.0
1762790355.758955,1,1200000000.0
1762790355.758955,2,1200000000.0
1762790355.758955,3,1200000000.0
1762790355.758955,4,1200000000.0
1762790355.758955,5,1200000000.0
1762790355.758955,6,1200000000.0
1762790355.758955,7,1200000000.0
1762790355.758955,8,1200000000.0
1762790355.758955,9,1200000000.0
1762790355.758955,0,1200000000.0
1762790355.758955,1,1200000000.0
1762790355.758955,2,1200000000.0
1762790355.758955,3,1200000000.0
1762790355.758955,4,1200000000.0
1762790355.758955,5,1200000000.0
1762790355.758955,6,1200000000.0
1762790355.758955,7,1200000000.0
1762790355.758955,8,1200000000.0
1762790355.758955,9,1200000000.0
1762790355.758955,0,1200000000.0
1762790355.758955,1,1200000000.0
1762790355.758955,2,1200000000.0
1762790355.758955,3,1200000000.0
1762790355.758955,4,1200000000.0
1762790355.758955,5,1200000000.0
1762790355.758955,6,1200000000.0
1762790355.758955,7,1200000000.0
1762790355.758955,8,1200000000.0
1762790355.758955,9,1200000000.0
1762790355.758955,0,1200000000.0
1762790355.758955,1,1200000000.0
1762790355.758955,2,1200000000.0
1762790355.758955,3,1200000000.0
1762790355.758955,4,1200000000.0
1762790355.758955,5,1200000000.0
1762790355.758955,6,1200000000.0
1762790355.758955,7,1200000000.0
1762790355.758955,8,1200000000.0
1762790355.758955,9,1200000000.0
1762790355.758955,0,1200000000.0
1762790355.758955,1,1200000000.0
1762790355.758955,2,1200000000.0
1762790355.758955,3,1200000000.0
1762790355.758955,4,1200000000.0
1762790355.758955,5,1200000000.0
1762790355.758955,6,1200000000.0
1762790355.758955,7,1200000000.0
1762790355.758955,8,1200000000.0
1762790355.758955,9,1200000000.0
1762790355.758955,0,1200000000.0
1762790355.758955,1,1200000000.0
1762790355.758955,2,1200000000.0
1762790355.758955,3,1200000000.0
1762790355.758955,4,1200000000.0
1762790355.758955,5,1200000000.0
1762790355.758955,6,1200000000.0
1762790355.758955,7,1200000000.0
1762790355.758955,8,1200000000.0
1762790355.758955,9,1200000000.0
1762790355.758955,0,1200000000.0
1762790355.758955,1,1200000000.0
1762790355.758955,2,1200000000.0
1762790355.758955,3,1200000000.0
1762790355.758955,4,1200000000.0
1762790355.758955,5,1200000000.0
1762790355.758955,6,1200000000.0
1762790355.758955,7,1200000000.0
1762790355.758955,8,1200000000.0
1762790355.758955,9,1200000000.0
1762790355.758955,0,1200000000.0
1762790355.758955,1,1200000000.0
1762790355.758955,2,1200000000.0
1762790355.758955,3,1200000000.0
1762790355.758955,4,1200000000.0
1762790355.758955,5,1200000000.0
1762790356.7589483,0,1200000000.0
1762790356.7589483,1,1200000000.0
1762790356.7589483,2,1200000000.0
1762790356.7589483,3,1200000000.0
1762790356.7589483,4,1200000000.0
1762790356.7589483,5,1200000000.0
1762790356.7589483,6,1200000000.0
1762790356.7589483,7,1200000000.0
1762790356.7589483,8,1200000000.0
1762790356.7589483,9,1200000000.0
1762790356.7589483,0,1200000000.0
1762790356.7589483,1,1200000000.0
1762790356.7589483,2,1200000000.0
1762790356.7589483,3,1200000000.0
1762790356.7589483,4,1200000000.0
1762790356.7589483,5,1200000000.0
1762790356.7589483,6,1200000000.0
1762790356.7589483,7,1200000000.0
1762790356.7589483,8,1200000000.0
1762790356.7589483,9,1200000000.0
1762790356.7589483,0,1200000000.0
1762790356.7589483,1,1200000000.0
1762790356.7589483,2,1200000000.0
1762790356.7589483,3,1200000000.0
1762790356.7589483,4,1200000000.0
1762790356.7589483,5,1200000000.0
1762790356.7589483,6,1200000000.0
1762790356.7589483,7,1200000000.0
1762790356.7589483,8,1200000000.0
1762790356.7589483,9,1200000000.0
1762790356.7589483,0,1200000000.0
1762790356.7589483,1,1200000000.0
1762790356.7589483,2,1200000000.0
1762790356.7589483,3,1200000000.0
1762790356.7589483,4,1200000000.0
1762790356.7589483,5,1200000000.0
1762790356.7589483,6,1200000000.0
1762790356.7589483,7,1200000000.0
1762790356.7589483,8,1200000000.0
1762790356.7589483,9,1200000000.0
1762790356.7589483,0,1200000000.0
1762790356.7589483,1,1200000000.0
1762790356.7589483,2,1200000000.0
1762790356.7589483,3,1200000000.0
1762790356.7589483,4,1200000000.0
1762790356.7589483,5,1200000000.0
1762790356.7589483,6,1200000000.0
1762790356.7589483,7,1200000000.0
1762790356.7589483,8,1200000000.0
1762790356.7589483,9,1200000000.0
1762790356.7589483,0,1200000000.0
1762790356.7589483,1,1200000000.0
1762790356.7589483,2,1200000000.0
1762790356.7589483,3,1200000000.0
1762790356.7589483,4,1200000000.0
1762790356.7589483,5,1200000000.0
1762790356.7589483,6,1200000000.0
1762790356.7589483,7,1200000000.0
1762790356.7589483,8,1200000000.0
1762790356.7589483,9,1200000000.0
1762790356.7589483,0,1200000000.0
1762790356.7589483,1,1200000000.0
1762790356.7589483,2,1200000000.0
1762790356.7589483,3,1200000000.0
1762790356.7589483,4,1200000000.0
1762790356.7589483,5,1200000000.0
1762790356.7589483,6,1200000000.0
1762790356.7589483,7,1200000000.0
1762790356.7589483,8,1200000000.0
1762790356.7589483,9,1200000000.0
1762790356.7589483,0,1200000000.0
1762790356.7589483,1,1200000000.0
1762790356.7589483,2,1200000000.0
1762790356.7589483,3,1200000000.0
1762790356.7589483,4,1200000000.0
1762790356.7589483,5,1200000000.0
1762790356.7589483,6,1200000000.0
1762790356.7589483,7,1200000000.0
1762790356.7589483,8,1200000000.0
1762790356.7589483,9,1200000000.0
1762790356.7589483,0,1200000000.0
1762790356.7589483,1,1200000000.0
1762790356.7589483,2,1200000000.0
1762790356.7589483,3,1200000000.0
1762790356.7589483,4,1200000000.0
1762790356.7589483,5,1200000000.0
1762790356.7589483,6,1200000000.0
1762790356.7589483,7,1200000000.0
1762790356.7589483,8,1200000000.0
1762790356.7589483,9,1200000000.0
1762790356.7589483,0,1200000000.0
1762790356.7589483,1,1200000000.0
1762790356.7589483,2,1200000000.0
1762790356.7589483,3,1200000000.0
1762790356.7589483,4,1200000000.0
1762790356.7589483,5,1200000000.0
1762790357.7589407,0,3100000000.0
1762790357.7589407,1,3100000000.0
1762790357.7589407,2,3100000000.0
1762790357.7589407,3,3100000000.0
1762790357.7589407,4,3100000000.0
1762790357.7589407,5,3100000000.0
1762790357.7589407,6,3100000000.0
1762790357.7589407,7,3100000000.0
1762790357.7589407,8,3100000000.0
1762790357.7589407,9,3100000000.0
1762790357.7589407,0,3100000000.0
1762790357.7589407,1,3100000000.0
1762790357.7589407,2,3100000000.0
1762790357.7589407,3,3100000000.0
1762790357.7589407,4,3100000000.0
1762790357.7589407,5,3100000000.0
1762790357.7589407,6,3100000000.0
1762790357.7589407,7,3100000000.0
1762790357.7589407,8,3100000000.0
1762790357.7589407,9,3100000000.0
1762790357.7589407,0,3000000000.0
1762790357.7589407,1,3000000000.0
1762790357.7589407,2,3100000000.0
1762790357.7589407,3,3100000000.0
1762790357.7589407,4,3100000000.0
1762790357.7589407,5,3100000000.0
1762790357.7589407,6,3100000000.0
1762790357.7589407,7,3100000000.0
1762790357.7589407,8,3100000000.0
1762790357.7589407,9,3100000000.0
1762790357.7589407,0,3100000000.0
1762790357.7589407,1,3100000000.0
1762790357.7589407,2,3100000000.0
1762790357.7589407,3,3100000000.0
1762790357.7589407,4,3100000000.0
1762790357.7589407,5,3100000000.0
1762790357.7589407,6,3100000000.0
1762790357.7589407,7,3100000000.0
1762790357.7589407,8,3100000000.0
1762790357.7589407,9,3100000000.0
1762790357.7589407,0,3100000000.0
1762790357.7589407,1,3100000000.0
1762790357.7589407,2,3100000000.0
1762790357.7589407,3,3100000000.0
1762790357.7589407,4,3100000000.0
1762790357.7589407,5,3100000000.0
1762790357.7589407,6,3100000000.0
1762790357.7589407,7,3100000000.0
1762790357.7589407,8,3100000000.0
1762790357.7589407,9,3100000000.0
1762790357.7589407,0,3100000000.0
1762790357.7589407,1,3100000000.0
1762790357.7589407,2,3100000000.0
1762790357.7589407,3,3100000000.0
1762790357.7589407,4,3100000000.0
1762790357.7589407,5,3100000000.0
1762790357.7589407,6,3100000000.0
1762790357.7589407,7,3100000000.0
1762790357.7589407,8,3100000000.0
1762790357.7589407,9,3100000000.0
1762790357.7589407,0,3100000000.0
1762790357.7589407,1,3100000000.0
1762790357.7589407,2,3100000000.0
1762790357.7589407,3,3100000000.0
1762790357.7589407,4,3100000000.0
1762790357.7589407,5,3100000000.0
1762790357.7589407,6,3100000000.0
1762790357.7589407,7,3100000000.0
1762790357.7589407,8,3100000000.0
1762790357.7589407,9,3100000000.0
1762790357.7589407,0,3100000000.0
1762790357.7589407,1,3100000000.0
1762790357.7589407,2,3100000000.0
1762790357.7589407,3,3100000000.0
1762790357.7589407,4,3100000000.0
1762790357.7589407,5,3100000000.0
1762790357.7589407,6,3100000000.0
1762790357.7589407,7,3100000000.0
1762790357.7589407,8,3100000000.0
1762790357.7589407,9,3100000000.0
1762790357.7589407,0,3100000000.0
1762790357.7589407,1,3100000000.0
1762790357.7589407,2,3100000000.0
1762790357.7589407,3,3100000000.0
1762790357.7589407,4,3100000000.0
1762790357.7589407,5,3100000000.0
1762790357.7589407,6,3100000000.0
1762790357.7589407,7,3100000000.0
1762790357.7589407,8,3100000000.0
1762790357.7589407,9,3100000000.0
1762790357.7589407,0,3100000000.0
1762790357.7589407,1,3100000000.0
1762790357.7589407,2,3100000000.0
1762790357.7589407,3,3100000000.0
1762790357.7589407,4,3100000000.0
1762790357.7589407,5,3100000000.0
1762790358.7589452,0,3100000000.0
1762790358.7589452,1,3100000000.0
1762790358.7589452,2,3100000000.0
1762790358.7589452,3,3100000000.0
1762790358.7589452,4,3100000000.0
1762790358.7589452,5,3100000000.0
1762790358.7589452,6,3100000000.0
1762790358.7589452,7,3100000000.0
1762790358.7589452,8,3100000000.0
1762790358.7589452,9,3100000000.0
1762790358.7589452,0,3100000000.0
1762790358.7589452,1,3100000000.0
1762790358.7589452,2,3100000000.0
1762790358.7589452,3,3100000000.0
1762790358.7589452,4,3100000000.0
1762790358.7589452,5,3100000000.0
1762790358.7589452,6,3100000000.0
1762790358.7589452,7,3100000000.0
1762790358.7589452,8,3100000000.0
1762790358.7589452,9,3100000000.0
1762790358.7589452,0,3000000000.0
1762790358.7589452,1,3100000000.0
1762790358.7589452,2,3100000000.0
1762790358.7589452,3,3100000000.0
1762790358.7589452,4,3100000000.0
1762790358.7589452,5,3100000000.0
1762790358.7589452,6,3100000000.0
1762790358.7589452,7,3100000000.0
1762790358.7589452,8,3100000000.0
1762790358.7589452,9,3100000000.0
1762790358.7589452,0,3100000000.0
1762790358.7589452,1,3000000000.0
1762790358.7589452,2,3100000000.0
1762790358.7589452,3,3100000000.0
1762790358.7589452,4,3100000000.0
1762790358.7589452,5,3100000000.0
1762790358.7589452,6,3100000000.0
1762790358.7589452,7,3100000000.0
1762790358.7589452,8,3100000000.0
1762790358.7589452,9,3100000000.0
1762790358.7589452,0,3100000000.0
1762790358.7589452,1,3100000000.0
1762790358.7589452,2,3100000000.0
1762790358.7589452,3,3100000000.0
1762790358.7589452,4,3100000000.0
1762790358.7589452,5,3100000000.0
1762790358.7589452,6,3100000000.0
1762790358.7589452,7,3100000000.0
1762790358.7589452,8,3100000000.0
1762790358.7589452,9,3100000000.0
1762790358.7589452,0,3100000000.0
1762790358.7589452,1,3100000000.0
1762790358.7589452,2,3100000000.0
1762790358.7589452,3,3100000000.0
1762790358.7589452,4,3100000000.0
1762790358.7589452,5,3100000000.0
1762790358.7589452,6,3100000000.0
1762790358.7589452,7,3100000000.0
1762790358.7589452,8,3100000000.0
1762790358.7589452,9,3100000000.0
1762790358.7589452,0,3100000000.0
1762790358.7589452,1,3100000000.0
1762790358.7589452,2,3100000000.0
1762790358.7589452,3,3100000000.0
1762790358.7589452,4,3100000000.0
1762790358.7589452,5,3100000000.0
1762790358.7589452,6,3100000000.0
1762790358.7589452,7,3100000000.0
1762790358.7589452,8,3100000000.0
1762790358.7589452,9,3100000000.0
1762790358.7589452,0,3100000000.0
1762790358.7589452,1,3100000000.0
1762790358.7589452,2,3100000000.0
1762790358.7589452,3,3100000000.0
1762790358.7589452,4,3100000000.0
1762790358.7589452,5,3100000000.0
1762790358.7589452,6,3100000000.0
1762790358.7589452,7,3100000000.0
1762790358.7589452,8,3100000000.0
1762790358.7589452,9,3100000000.0
1762790358.7589452,0,3100000000.0
1762790358.7589452,1,3100000000.0
1762790358.7589452,2,3100000000.0
1762790358.7589452,3,3100000000.0
1762790358.7589452,4,3100000000.0
1762790358.7589452,5,3100000000.0
1762790358.7589452,6,3100000000.0
1762790358.7589452,7,3100000000.0
1762790358.7589452,8,3100000000.0
1762790358.7589452,9,3100000000.0
1762790358.7589452,0,3100000000.0
1762790358.7589452,1,3100000000.0
1762790358.7589452,2,3100000000.0
1762790358.7589452,3,3100000000.0
1762790358.7589452,4,3100000000.0
1762790358.7589452,5,3100000000.0
1762790359.758929,0,2000000000.0
1762790359.758929,1,2000000000.0
1762790359.758929,2,2000000000.0
1762790359.758929,3,2000000000.0
1762790359.758929,4,2000000000.0
1762790359.758929,5,2000000000.0
1762790359.758929,6,2000000000.0
1762790359.758929,7,2000000000.0
1762790359.758929,8,2000000000.0
1762790359.758929,9,2000000000.0
1762790359.758929,0,2000000000.0
1762790359.758929,1,2000000000.0
1762790359.758929,2,2000000000.0
1762790359.758929,3,2000000000.0
1762790359.758929,4,2000000000.0
1762790359.758929,5,2000000000.0
1762790359.758929,6,2000000000.0
1762790359.758929,7,2000000000.0
1762790359.758929,8,2000000000.0
1762790359.758929,9,2000000000.0
1762790359.758929,0,2000000000.0
1762790359.758929,1,2000000000.0
1762790359.758929,2,2000000000.0
1762790359.758929,3,2000000000.0
1762790359.758929,4,2000000000.0
1762790359.758929,5,2000000000.0
1762790359.758929,6,2000000000.0
1762790359.758929,7,2000000000.0
1762790359.758929,8,2000000000.0
1762790359.758929,9,2000000000.0
1762790359.758929,0,2000000000.0
1762790359.758929,1,2000000000.0
1762790359.758929,2,2000000000.0
1762790359.758929,3,2000000000.0
1762790359.758929,4,2000000000.0
1762790359.758929,5,2000000000.0
1762790359.758929,6,2000000000.0
1762790359.758929,7,2000000000.0
1762790359.758929,8,2000000000.0
1762790359.758929,9,2000000000.0
1762790359.758929,0,2000000000.0
1762790359.758929,1,2000000000.0
1762790359.758929,2,2000000000.0
1762790359.758929,3,2000000000.0
1762790359.758929,4,2000000000.0
1762790359.758929,5,2000000000.0
1762790359.758929,6,2000000000.0
1762790359.758929,7,2000000000.0
1762790359.758929,8,2000000000.0
1762790359.758929,9,2000000000.0
1762790359.758929,0,2000000000.0
1762790359.758929,1,2000000000.0
1762790359.758929,2,2000000000.0
1762790359.758929,3,2000000000.0
1762790359.758929,4,2000000000.0
1762790359.758929,5,2000000000.0
1762790359.758929,6,2000000000.0
1762790359.758929,7,2000000000.0
1762790359.758929,8,2000000000.0
1762790359.758929,9,2000000000.0
1762790359.758929,0,2000000000.0
1762790359.758929,1,2000000000.0
1762790359.758929,2,2000000000.0
1762790359.758929,3,2000000000.0
1762790359.758929,4,2000000000.0
1762790359.758929,5,2000000000.0
1762790359.758929,6,2000000000.0
1762790359.758929,7,2000000000.0
1762790359.758929,8,2000000000.0
1762790359.758929,9,2000000000.0
1762790359.758929,0,2000000000.0
1762790359.758929,1,2000000000.0
1762790359.758929,2,2000000000.0
1762790359.758929,3,2000000000.0
1762790359.758929,4,2000000000.0
1762790359.758929,5,2000000000.0
1762790359.758929,6,2000000000.0
1762790359.758929,7,2000000000.0
1762790359.758929,8,2000000000.0
1762790359.758929,9,2000000000.0
1762790359.758929,0,2000000000.0
1762790359.758929,1,2000000000.0
1762790359.758929,2,2000000000.0
1762790359.758929,3,2000000000.0
1762790359.758929,4,2000000000.0
1762790359.758929,5,2000000000.0
1762790359.758929,6,2000000000.0
1762790359.758929,7,2000000000.0
1762790359.758929,8,2000000000.0
1762790359.758929,9,2000000000.0
1762790359.758929,0,2000000000.0
1762790359.758929,1,2000000000.0
1762790359.758929,2,2000000000.0
1762790359.758929,3,2000000000.0
1762790359.758929,4,2000000000.0
1762790359.758929,5,2000000000.0
1762790360.7589304,0,2000000000.0
1762790360.7589304,1,2000000000.0
1762790360.7589304,2,2000000000.0
1762790360.7589304,3,2000000000.0
1762790360.7589304,4,2000000000.0
1762790360.7589304,5,2000000000.0
1762790360.7589304,6,2000000000.0
1762790360.7589304,7,2000000000.0
1762790360.7589304,8,2000000000.0
1762790360.7589304,9,2000000000.0
1762790360.7589304,0,2000000000.0
1762790360.7589304,1,2000000000.0
1762790360.7589304,2,2000000000.0
1762790360.7589304,3,2000000000.0
1762790360.7589304,4,2000000000.0
1762790360.7589304,5,2000000000.0
1762790360.7589304,6,2000000000.0
1762790360.7589304,7,2000000000.0
1762790360.7589304,8,2000000000.0
1762790360.7589304,9,2000000000.0
1762790360.7589304,0,2000000000.0
1762790360.7589304,1,2000000000.0
1762790360.7589304,2,2000000000.0
1762790360.7589304,3,2000000000.0
1762790360.7589304,4,2000000000.0
1762790360.7589304,5,2000000000.0
1762790360.7589304,6,2000000000.0
1762790360.7589304,7,2000000000.0
1762790360.7589304,8,2000000000.0
1762790360.7589304,9,2000000000.0
1762790360.7589304,0,2000000000.0
1762790360.7589304,1,2000000000.0
1762790360.7589304,2,2000000000.0
1762790360.7589304,3,2000000000.0
1762790360.7589304,4,2000000000.0
1762790360.7589304,5,2000000000.0
1762790360.7589304,6,2000000000.0
1762790360.7589304,7,2000000000.0
1762790360.7589304,8,2000000000.0
1762790360.7589304,9,2000000000.0
1762790360.7589304,0,2000000000.0
1762790360.7589304,1,2000000000.0
1762790360.7589304,2,2000000000.0
1762790360.7589304,3,2000000000.0
1762790360.7589304,4,2000000000.0
1762790360.7589304,5,2000000000.0
1762790360.7589304,6,2000000000.0
1762790360.7589304,7,2000000000.0
1762790360.7589304,8,2000000000.0
1762790360.7589304,9,2000000000.0
1762790360.7589304,0,2000000000.0
1762790360.7589304,1,2000000000.0
1762790360.7589304,2,2000000000.0
1762790360.7589304,3,2000000000.0
1762790360.7589304,4,2000000000.0
1762790360.7589304,5,2000000000.0
1762790360.7589304,6,2000000000.0
1762790360.7589304,7,2000000000.0
1762790360.7589304,8,2000000000.0
1762790360.7589304,9,2000000000.0
1762790360.7589304,0,2000000000.0
1762790360.7589304,1,2000000000.0
1762790360.7589304,2,2000000000.0
1762790360.7589304,3,2000000000.0
1762790360.7589304,4,2000000000.0
1762790360.7589304,5,2000000000.0
1762790360.7589304,6,2000000000.0
1762790360.7589304,7,2000000000.0
1762790360.7589304,8,2000000000.0
1762790360.7589304,9,2000000000.0
1762790360.7589304,0,2000000000.0
1762790360.7589304,1,2000000000.0
1762790360.7589304,2,2000000000.0
1762790360.7589304,3,2000000000.0
1762790360.7589304,4,2000000000.0
1762790360.7589304,5,2000000000.0
1762790360.7589304,6,2000000000.0
1762790360.7589304,7,2000000000.0
1762790360.7589304,8,2000000000.0
1762790360.7589304,9,2000000000.0
1762790360.7589304,0,2000000000.0
1762790360.7589304,1,2000000000.0
1762790360.7589304,2,2000000000.0
1762790360.7589304,3,2000000000.0
1762790360.7589304,4,2000000000.0
1762790360.7589304,5,2000000000.0
1762790360.7589304,6,2000000000.0
1762790360.7589304,7,2000000000.0
1762790360.7589304,8,2000000000.0
1762790360.7589304,9,2000000000.0
1762790360.7589304,0,2000000000.0
1762790360.7589304,1,2000000000.0
1762790360.7589304,2,2000000000.0
1762790360.7589304,3,2000000000.0
1762790360.7589304,4,2000000000.0
1762790360.7589304,5,2000000000.0
1762790361.7589455,0,2500000000.0
1762790361.7589455,1,2500000000.0
1762790361.7589455,2,2500000000.0
1762790361.7589455,3,2500000000.0
1762790361.7589455,4,2500000000.0
1762790361.7589455,5,2500000000.0
1762790361.7589455,6,2500000000.0
1762790361.7589455,7,2500000000.0
1762790361.7589455,8,2500000000.0
1762790361.7589455,9,2500000000.0
1762790361.7589455,0,2500000000.0
1762790361.7589455,1,2500000000.0
1762790361.7589455,2,2500000000.0
1762790361.7589455,3,2500000000.0
1762790361.7589455,4,2500000000.0
1762790361.7589455,5,2500000000.0
1762790361.7589455,6,2500000000.0
1762790361.7589455,7,2500000000.0
1762790361.7589455,8,2500000000.0
1762790361.7589455,9,2500000000.0
1762790361.7589455,0,2500000000.0
1762790361.7589455,1,2500000000.0
1762790361.7589455,2,2500000000.0
1762790361.7589455,3,2500000000.0
1762790361.7589455,4,2500000000.0
1762790361.7589455,5,2500000000.0
1762790361.7589455,6,2500000000.0
1762790361.7589455,7,2500000000.0
1762790361.7589455,8,2500000000.0
1762790361.7589455,9,2500000000.0
1762790361.7589455,0,2500000000.0
1762790361.7589455,1,2500000000.0
1762790361.7589455,2,2500000000.0
1762790361.7589455,3,2500000000.0
1762790361.7589455,4,2500000000.0
1762790361.7589455,5,2500000000.0
1762790361.7589455,6,2500000000.0
1762790361.7589455,7,2500000000.0
1762790361.7589455,8,2500000000.0
1762790361.7589455,9,2500000000.0
1762790361.7589455,0,2500000000.0
1762790361.7589455,1,2500000000.0
1762790361.7589455,2,2500000000.0
1762790361.7589455,3,2500000000.0
1762790361.7589455,4,2500000000.0
1762790361.7589455,5,2500000000.0
1762790361.7589455,6,2500000000.0
1762790361.7589455,7,2500000000.0
1762790361.7589455,8,2500000000.0
1762790361.7589455,9,2500000000.0
1762790361.7589455,0,2500000000.0
1762790361.7589455,1,2500000000.0
1762790361.7589455,2,2500000000.0
1762790361.7589455,3,2500000000.0
1762790361.7589455,4,2500000000.0
1762790361.7589455,5,2500000000.0
1762790361.7589455,6,2500000000.0
1762790361.7589455,7,2500000000.0
1762790361.7589455,8,2500000000.0
1762790361.7589455,9,2500000000.0
1762790361.7589455,0,2500000000.0
1762790361.7589455,1,2500000000.0
1762790361.7589455,2,2500000000.0
1762790361.7589455,3,2500000000.0
1762790361.7589455,4,2500000000.0
1762790361.7589455,5,2500000000.0
1762790361.7589455,6,2500000000.0
1762790361.7589455,7,2500000000.0
1762790361.7589455,8,2500000000.0
1762790361.7589455,9,2500000000.0
1762790361.7589455,0,2500000000.0
1762790361.7589455,1,2500000000.0
1762790361.7589455,2,2500000000.0
1762790361.7589455,3,2500000000.0
1762790361.7589455,4,2500000000.0
1762790361.7589455,5,2500000000.0
1762790361.7589455,6,2500000000.0
1762790361.7589455,7,2500000000.0
1762790361.7589455,8,2500000000.0
1762790361.7589455,9,2500000000.0
1762790361.7589455,0,2500000000.0
1762790361.7589455,1,2500000000.0
1762790361.7589455,2,2500000000.0
1762790361.7589455,3,2500000000.0
1762790361.7589455,4,2500000000.0
1762790361.7589455,5,2500000000.0
1762790361.7589455,6,2500000000.0
1762790361.7589455,7,2500000000.0
1762790361.7589455,8,2500000000.0
1762790361.7589455,9,2500000000.0
1762790361.7589455,0,2500000000.0
1762790361.7589455,1,2500000000.0
1762790361.7589455,2,2500000000.0
1762790361.7589455,3,2500000000.0
1762790361.7589455,4,2500000000.0
1762790361.7589455,5,2500000000.0
1762790362.7589421,0,2500000000.0
1762790362.7589421,1,2500000000.0
1762790362.7589421,2,2500000000.0
1762790362.7589421,3,2500000000.0
1762790362.7589421,4,2500000000.0
1762790362.7589421,5,2500000000.0
1762790362.7589421,6,2500000000.0
1762790362.7589421,7,2500000000.0
1762790362.7589421,8,2500000000.0
1762790362.7589421,9,2500000000.0
1762790362.7589421,0,2500000000.0
1762790362.7589421,1,2500000000.0
1762790362.7589421,2,2500000000.0
1762790362.7589421,3,2500000000.0
1762790362.7589421,4,2500000000.0
1762790362.7589421,5,2500000000.0
1762790362.7589421,6,2500000000.0
1762790362.7589421,7,2500000000.0
1762790362.7589421,8,2500000000.0
1762790362.7589421,9,2500000000.0
1762790362.7589421,0,2500000000.0
1762790362.7589421,1,2500000000.0
1762790362.7589421,2,2500000000.0
1762790362.7589421,3,2500000000.0
1762790362.7589421,4,2500000000.0
1762790362.7589421,5,2500000000.0
1762790362.7589421,6,2500000000.0
1762790362.7589421,7,2500000000.0
1762790362.7589421,8,2500000000.0
1762790362.7589421,9,2500000000.0
1762790362.7589421,0,2500000000.0
1762790362.7589421,1,2500000000.0
1762790362.7589421,2,2500000000.0
1762790362.7589421,3,2500000000.0
1762790362.7589421,4,2500000000.0
1762790362.7589421,5,2500000000.0
1762790362.7589421,6,2500000000.0
1762790362.7589421,7,2500000000.0
1762790362.7589421,8,2500000000.0
1762790362.7589421,9,2500000000.0
1762790362.7589421,0,2500000000.0
1762790362.7589421,1,2500000000.0
1762790362.7589421,2,2500000000.0
1762790362.7589421,3,2500000000.0
1762790362.7589421,4,2500000000.0
1762790362.7589421,5,2500000000.0
1762790362.7589421,6,2500000000.0
1762790362.7589421,7,2500000000.0
1762790362.7589421,8,2500000000.0
1762790362.7589421,9,2500000000.0
1762790362.7589421,0,2500000000.0
1762790362.7589421,1,2500000000.0
1762790362.7589421,2,2500000000.0
1762790362.7589421,3,2500000000.0
1762790362.7589421,4,2500000000.0
1762790362.7589421,5,2500000000.0
1762790362.7589421,6,2500000000.0
1762790362.7589421,7,2500000000.0
1762790362.7589421,8,2500000000.0
1762790362.7589421,9,2500000000.0
1762790362.7589421,0,2500000000.0
1762790362.7589421,1,2500000000.0
1762790362.7589421,2,2500000000.0
1762790362.7589421,3,2500000000.0
1762790362.7589421,4,2500000000.0
1762790362.7589421,5,2500000000.0
1762790362.7589421,6,2500000000.0
1762790362.7589421,7,2500000000.0
1762790362.7589421,8,2500000000.0
1762790362.7589421,9,2500000000.0
1762790362.7589421,0,2500000000.0
1762790362.7589421,1,2500000000.0
1762790362.7589421,2,2500000000.0
1762790362.7589421,3,2500000000.0
1762790362.7589421,4,2500000000.0
1762790362.7589421,5,2500000000.0
1762790362.7589421,6,2500000000.0
1762790362.7589421,7,2500000000.0
1762790362.7589421,8,2500000000.0
1762790362.7589421,9,2500000000.0
1762790362.7589421,0,2500000000.0
1762790362.7589421,1,2500000000.0
1762790362.7589421,2,2500000000.0
1762790362.7589421,3,2500000000.0
1762790362.7589421,4,2500000000.0
1762790362.7589421,5,2500000000.0
1762790362.7589421,6,2500000000.0
1762790362.7589421,7,2500000000.0
1762790362.7589421,8,2500000000.0
1762790362.7589421,9,2500000000.0
1762790362.7589421,0,2500000000.0
1762790362.7589421,1,2500000000.0
1762790362.7589421,2,2500000000.0
1762790362.7589421,3,2500000000.0
1762790362.7589421,4,2500000000.0
1762790362.7589421,5,2500000000.0
1762790363.7589326,0,1900000000.0
1762790363.7589326,1,1900000000.0
1762790363.7589326,2,1900000000.0
1762790363.7589326,3,1900000000.0
1762790363.7589326,4,1900000000.0
1762790363.7589326,5,1900000000.0
1762790363.7589326,6,1900000000.0
1762790363.7589326,7,1900000000.0
1762790363.7589326,8,1900000000.0
1762790363.7589326,9,1900000000.0
1762790363.7589326,0,1900000000.0
1762790363.7589326,1,1900000000.0
1762790363.7589326,2,1900000000.0
1762790363.7589326,3,1900000000.0
1762790363.7589326,4,1900000000.0
1762790363.7589326,5,1900000000.0
1762790363.7589326,6,1900000000.0
1762790363.7589326,7,1900000000.0
1762790363.7589326,8,1900000000.0
1762790363.7589326,9,1900000000.0
1762790363.7589326,0,1900000000.0
1762790363.7589326,1,1900000000.0
1762790363.7589326,2,1900000000.0
1762790363.7589326,3,1900000000.0
1762790363.7589326,4,1900000000.0
1762790363.7589326,5,1900000000.0
1762790363.7589326,6,1900000000.0
1762790363.7589326,7,1900000000.0
1762790363.7589326,8,1900000000.0
1762790363.7589326,9,1900000000.0
1762790363.7589326,0,1900000000.0
1762790363.7589326,1,1900000000.0
1762790363.7589326,2,1900000000.0
1762790363.7589326,3,1900000000.0
1762790363.7589326,4,1900000000.0
1762790363.7589326,5,1900000000.0
1762790363.7589326,6,1900000000.0
1762790363.7589326,7,1900000000.0
1762790363.7589326,8,1900000000.0
1762790363.7589326,9,1900000000.0
1762790363.7589326,0,1900000000.0
1762790363.7589326,1,1900000000.0
1762790363.7589326,2,1900000000.0
1762790363.7589326,3,1900000000.0
1762790363.7589326,4,1900000000.0
1762790363.7589326,5,1900000000.0
1762790363.7589326,6,1900000000.0
1762790363.7589326,7,1900000000.0
1762790363.7589326,8,1900000000.0
1762790363.7589326,9,1900000000.0
1762790363.7589326,0,1900000000.0
1762790363.7589326,1,1900000000.0
1762790363.7589326,2,1900000000.0
1762790363.7589326,3,1900000000.0
1762790363.7589326,4,1900000000.0
1762790363.7589326,5,1900000000.0
1762790363.7589326,6,1900000000.0
1762790363.7589326,7,1900000000.0
1762790363.7589326,8,1900000000.0
1762790363.7589326,9,1900000000.0
1762790363.7589326,0,1900000000.0
1762790363.7589326,1,1900000000.0
1762790363.7589326,2,1900000000.0
1762790363.7589326,3,1900000000.0
1762790363.7589326,4,1900000000.0
1762790363.7589326,5,1900000000.0
1762790363.7589326,6,1900000000.0
1762790363.7589326,7,1900000000.0
1762790363.7589326,8,1900000000.0
1762790363.7589326,9,1900000000.0
1762790363.7589326,0,1900000000.0
1762790363.7589326,1,1900000000.0
1762790363.7589326,2,1900000000.0
1762790363.7589326,3,1900000000.0
1762790363.7589326,4,1900000000.0
1762790363.7589326,5,1900000000.0
1762790363.7589326,6,1900000000.0
1762790363.7589326,7,1900000000.0
1762790363.7589326,8,1900000000.0
1762790363.7589326,9,1900000000.0
1762790363.7589326,0,1900000000.0
1762790363.7589326,1,1900000000.0
1762790363.7589326,2,1900000000.0
1762790363.7589326,3,1900000000.0
1762790363.7589326,4,1900000000.0
1762790363.7589326,5,1900000000.0
1762790363.7589326,6,1900000000.0
1762790363.7589326,7,1900000000.0
1762790363.7589326,8,1900000000.0
1762790363.7589326,9,1900000000.0
1762790363.7589326,0,1900000000.0
1762790363.7589326,1,1900000000.0
1762790363.7589326,2,1900000000.0
1762790363.7589326,3,1900000000.0
1762790363.7589326,4,1900000000.0
1762790363.7589326,5,1900000000.0
1762790364.7589483,0,1900000000.0
1762790364.7589483,1,1900000000.0
1762790364.7589483,2,1900000000.0
1762790364.7589483,3,1900000000.0
1762790364.7589483,4,1900000000.0
1762790364.7589483,5,1900000000.0
1762790364.7589483,6,1900000000.0
1762790364.7589483,7,1900000000.0
1762790364.7589483,8,1900000000.0
1762790364.7589483,9,1900000000.0
1762790364.7589483,0,1900000000.0
1762790364.7589483,1,1900000000.0
1762790364.7589483,2,1900000000.0
1762790364.7589483,3,1900000000.0
1762790364.7589483,4,1900000000.0
1762790364.7589483,5,1900000000.0
1762790364.7589483,6,1900000000.0
1762790364.7589483,7,1900000000.0
1762790364.7589483,8,1900000000.0
1762790364.7589483,9,1900000000.0
1762790364.7589483,0,1900000000.0
1762790364.7589483,1,1900000000.0
1762790364.7589483,2,1900000000.0
1762790364.7589483,3,1900000000.0
1762790364.7589483,4,1900000000.0
1762790364.7589483,5,1900000000.0
1762790364.7589483,6,1900000000.0
1762790364.7589483,7,1900000000.0
1762790364.7589483,8,1900000000.0
1762790364.7589483,9,1900000000.0
1762790364.7589483,0,1900000000.0
1762790364.7589483,1,1900000000.0
1762790364.7589483,2,1900000000.0
1762790364.7589483,3,1900000000.0
1762790364.7589483,4,1900000000.0
1762790364.7589483,5,1900000000.0
1762790364.7589483,6,1900000000.0
1762790364.7589483,7,1900000000.0
1762790364.7589483,8,1900000000.0
1762790364.7589483,9,1900000000.0
1762790364.7589483,0,1900000000.0
1762790364.7589483,1,1900000000.0
1762790364.7589483,2,1900000000.0
1762790364.7589483,3,1900000000.0
1762790364.7589483,4,1900000000.0
1762790364.7589483,5,1900000000.0
1762790364.7589483,6,1900000000.0
1762790364.7589483,7,1900000000.0
1762790364.7589483,8,1900000000.0
1762790364.7589483,9,1900000000.0
1762790364.7589483,0,1900000000.0
1762790364.7589483,1,1900000000.0
1762790364.7589483,2,1900000000.0
1762790364.7589483,3,1900000000.0
1762790364.7589483,4,1900000000.0
1762790364.7589483,5,1900000000.0
1762790364.7589483,6,1900000000.0
1762790364.7589483,7,1900000000.0
1762790364.7589483,8,1900000000.0
1762790364.7589483,9,1900000000.0
1762790364.7589483,0,1900000000.0
1762790364.7589483,1,1900000000.0
1762790364.7589483,2,1900000000.0
1762790364.7589483,3,1900000000.0
1762790364.7589483,4,1900000000.0
1762790364.7589483,5,1900000000.0
1762790364.7589483,6,1900000000.0
1762790364.7589483,7,1900000000.0
1762790364.7589483,8,1900000000.0
1762790364.7589483,9,1900000000.0
1762790364.7589483,0,1900000000.0
1762790364.7589483,1,1900000000.0
1762790364.7589483,2,1900000000.0
1762790364.7589483,3,1900000000.0
1762790364.7589483,4,1900000000.0
1762790364.7589483,5,1900000000.0
1762790364.7589483,6,1900000000.0
1762790364.7589483,7,1900000000.0
1762790364.7589483,8,1900000000.0
1762790364.7589483,9,1900000000.0
1762790364.7589483,0,1900000000.0
1762790364.7589483,1,1900000000.0
1762790364.7589483,2,1900000000.0
1762790364.7589483,3,1900000000.0
1762790364.7589483,4,1900000000.0
1762790364.7589483,5,1900000000.0
1762790364.7589483,6,1900000000.0
1762790364.7589483,7,1900000000.0
1762790364.7589483,8,1900000000.0
1762790364.7589483,9,1900000000.0
1762790364.7589483,0,1900000000.0
1762790364.7589483,1,1900000000.0
1762790364.7589483,2,1900000000.0
1762790364.7589483,3,1900000000.0
1762790364.7589483,4,1900000000.0
1762790364.7589483,5,1900000000.0
1762790365.7589405,0,1600000000.0
1762790365.7589405,1,1600000000.0
1762790365.7589405,2,1600000000.0
1762790365.7589405,3,1600000000.0
1762790365.7589405,4,1600000000.0
1762790365.7589405,5,1600000000.0
1762790365.7589405,6,1600000000.0
1762790365.7589405,7,1600000000.0
1762790365.7589405,8,1600000000.0
1762790365.7589405,9,1600000000.0
1762790365.7589405,0,1600000000.0
1762790365.7589405,1,1600000000.0
1762790365.7589405,2,1600000000.0
1762790365.7589405,3,1600000000.0
1762790365.7589405,4,1600000000.0
1762790365.7589405,5,1600000000.0
1762790365.7589405,6,1600000000.0
1762790365.7589405,7,1600000000.0
1762790365.7589405,8,1600000000.0
1762790365.7589405,9,1600000000.0
1762790365.7589405,0,1600000000.0
1762790365.7589405,1,1600000000.0
1762790365.7589405,2,1600000000.0
1762790365.7589405,3,1600000000.0
1762790365.7589405,4,1600000000.0
1762790365.7589405,5,1600000000.0
1762790365.7589405,6,1600000000.0
1762790365.7589405,7,1600000000.0
1762790365.7589405,8,1600000000.0
1762790365.7589405,9,1600000000.0
1762790365.7589405,0,1600000000.0
1762790365.7589405,1,1600000000.0
1762790365.7589405,2,1600000000.0
1762790365.7589405,3,1600000000.0
1762790365.7589405,4,1600000000.0
1762790365.7589405,5,1600000000.0
1762790365.7589405,6,1600000000.0
1762790365.7589405,7,1600000000.0
1762790365.7589405,8,1600000000.0
1762790365.7589405,9,1600000000.0
1762790365.7589405,0,1600000000.0
1762790365.7589405,1,1600000000.0
1762790365.7589405,2,1600000000.0
1762790365.7589405,3,1600000000.0
1762790365.7589405,4,1600000000.0
1762790365.7589405,5,1600000000.0
1762790365.7589405,6,1600000000.0
1762790365.7589405,7,1600000000.0
1762790365.7589405,8,1600000000.0
1762790365.7589405,9,1600000000.0
1762790365.7589405,0,1600000000.0
1762790365.7589405,1,1600000000.0
1762790365.7589405,2,1600000000.0
1762790365.7589405,3,1600000000.0
1762790365.7589405,4,1600000000.0
1762790365.7589405,5,1600000000.0
1762790365.7589405,6,1600000000.0
1762790365.7589405,7,1600000000.0
1762790365.7589405,8,1600000000.0
1762790365.7589405,9,1600000000.0
1762790365.7589405,0,1600000000.0
1762790365.7589405,1,1600000000.0
1762790365.7589405,2,1600000000.0
1762790365.7589405,3,1600000000.0
1762790365.7589405,4,1600000000.0
1762790365.7589405,5,1600000000.0
1762790365.7589405,6,1600000000.0
1762790365.7589405,7,1600000000.0
1762790365.7589405,8,1600000000.0
1762790365.7589405,9,1600000000.0
1762790365.7589405,0,1600000000.0
1762790365.7589405,1,1600000000.0
1762790365.7589405,2,1600000000.0
1762790365.7589405,3,1600000000.0
1762790365.7589405,4,1600000000.0
1762790365.7589405,5,1600000000.0
1762790365.7589405,6,1600000000.0
1762790365.7589405,7,1600000000.0
1762790365.7589405,8,1600000000.0
1762790365.7589405,9,1600000000.0
1762790365.7589405,0,1600000000.0
1762790365.7589405,1,1600000000.0
1762790365.7589405,2,1600000000.0
1762790365.7589405,3,1600000000.0
1762790365.7589405,4,1600000000.0
1762790365.7589405,5,1600000000.0
1762790365.7589405,6,1600000000.0
1762790365.7589405,7,1600000000.0
1762790365.7589405,8,1600000000.0
1762790365.7589405,9,1600000000.0
1762790365.7589405,0,1600000000.0
1762790365.7589405,1,1600000000.0
1762790365.7589405,2,1600000000.0
1762790365.7589405,3,1600000000.0
1762790365.7589405,4,1600000000.0
1762790365.7589405,5,1600000000.0
1762790366.7589927,0,1600000000.0
1762790366.7589927,1,1600000000.0
1762790366.7589927,2,1600000000.0
1762790366.7589927,3,1600000000.0
1762790366.7589927,4,1600000000.0
1762790366.7589927,5,1600000000.0
1762790366.7589927,6,1600000000.0
1762790366.7589927,7,1600000000.0
1762790366.7589927,8,1600000000.0
1762790366.7589927,9,1600000000.0
1762790366.7589927,0,1600000000.0
1762790366.7589927,1,1600000000.0
1762790366.7589927,2,1600000000.0
1762790366.7589927,3,1600000000.0
1762790366.7589927,4,1600000000.0
1762790366.7589927,5,1600000000.0
1762790366.7589927,6,1600000000.0
1762790366.7589927,7,1600000000.0
1762790366.7589927,8,1600000000.0
1762790366.7589927,9,1600000000.0
1762790366.7589927,0,1600000000.0
1762790366.7589927,1,1600000000.0
1762790366.7589927,2,1600000000.0
1762790366.7589927,3,1600000000.0
1762790366.7589927,4,1600000000.0
1762790366.7589927,5,1600000000.0
1762790366.7589927,6,1600000000.0
1762790366.7589927,7,1600000000.0
1762790366.7589927,8,1600000000.0
1762790366.7589927,9,1600000000.0
1762790366.7589927,0,1600000000.0
1762790366.7589927,1,1600000000.0
1762790366.7589927,2,1600000000.0
1762790366.7589927,3,1600000000.0
1762790366.7589927,4,1600000000.0
1762790366.7589927,5,1600000000.0
1762790366.7589927,6,1600000000.0
1762790366.7589927,7,1600000000.0
1762790366.7589927,8,1600000000.0
1762790366.7589927,9,1600000000.0
1762790366.7589927,0,1600000000.0
1762790366.7589927,1,1600000000.0
1762790366.7589927,2,1600000000.0
1762790366.7589927,3,1600000000.0
1762790366.7589927,4,1600000000.0
1762790366.7589927,5,1600000000.0
1762790366.7589927,6,1600000000.0
1762790366.7589927,7,1600000000.0
1762790366.7589927,8,1600000000.0
1762790366.7589927,9,1600000000.0
1762790366.7589927,0,1600000000.0
1762790366.7589927,1,1600000000.0
1762790366.7589927,2,1600000000.0
1762790366.7589927,3,1600000000.0
1762790366.7589927,4,1600000000.0
1762790366.7589927,5,1600000000.0
1762790366.7589927,6,1600000000.0
1762790366.7589927,7,1600000000.0
1762790366.7589927,8,1600000000.0
1762790366.7589927,9,1600000000.0
1762790366.7589927,0,1600000000.0
1762790366.7589927,1,1600000000.0
1762790366.7589927,2,1600000000.0
1762790366.7589927,3,1600000000.0
1762790366.7589927,4,1600000000.0
1762790366.7589927,5,1600000000.0
1762790366.7589927,6,1600000000.0
1762790366.7589927,7,1600000000.0
1762790366.7589927,8,1600000000.0
1762790366.7589927,9,1600000000.0
1762790366.7589927,0,1600000000.0
1762790366.7589927,1,1600000000.0
1762790366.7589927,2,1600000000.0
1762790366.7589927,3,1600000000.0
1762790366.7589927,4,1600000000.0
1762790366.7589927,5,1600000000.0
1762790366.7589927,6,1600000000.0
1762790366.7589927,7,1600000000.0
1762790366.7589927,8,1600000000.0
1762790366.7589927,9,1600000000.0
1762790366.7589927,0,1600000000.0
1762790366.7589927,1,1600000000.0
1762790366.7589927,2,1600000000.0
1762790366.7589927,3,1600000000.0
1762790366.7589927,4,1600000000.0
1762790366.7589927,5,1600000000.0
1762790366.7589927,6,1600000000.0
1762790366.7589927,7,1600000000.0
1762790366.7589927,8,1600000000.0
1762790366.7589927,9,1600000000.0
1762790366.7589927,0,1600000000.0
1762790366.7589927,1,1600000000.0
1762790366.7589927,2,1600000000.0
1762790366.7589927,3,1600000000.0
1762790366.7589927,4,1600000000.0
1762790366.7589927,5,1600000000.0
1762790367.7589386,0,1300000000.0
1762790367.7589386,1,1300000000.0
1762790367.7589386,2,1300000000.0
1762790367.7589386,3,1300000000.0
1762790367.7589386,4,1300000000.0
1762790367.7589386,5,1300000000.0
1762790367.7589386,6,1300000000.0
1762790367.7589386,7,1300000000.0
1762790367.7589386,8,1300000000.0
1762790367.7589386,9,1300000000.0
1762790367.7589386,0,1300000000.0
1762790367.7589386,1,1300000000.0
1762790367.7589386,2,1300000000.0
1762790367.7589386,3,1300000000.0
1762790367.7589386,4,1300000000.0
1762790367.7589386,5,1300000000.0
1762790367.7589386,6,1300000000.0
1762790367.7589386,7,1300000000.0
1762790367.7589386,8,1300000000.0
1762790367.7589386,9,1300000000.0
1762790367.7589386,0,1300000000.0
1762790367.7589386,1,1300000000.0
1762790367.7589386,2,1300000000.0
1762790367.7589386,3,1300000000.0
1762790367.7589386,4,1300000000.0
1762790367.7589386,5,1300000000.0
1762790367.7589386,6,1300000000.0
1762790367.7589386,7,1300000000.0
1762790367.7589386,8,1300000000.0
1762790367.7589386,9,1300000000.0
1762790367.7589386,0,1300000000.0
1762790367.7589386,1,1300000000.0
1762790367.7589386,2,1300000000.0
1762790367.7589386,3,1300000000.0
1762790367.7589386,4,1300000000.0
1762790367.7589386,5,1300000000.0
1762790367.7589386,6,1300000000.0
1762790367.7589386,7,1300000000.0
1762790367.7589386,8,1300000000.0
1762790367.7589386,9,1300000000.0
1762790367.7589386,0,1300000000.0
1762790367.7589386,1,1300000000.0
1762790367.7589386,2,1300000000.0
1762790367.7589386,3,1300000000.0
1762790367.7589386,4,1300000000.0
1762790367.7589386,5,1300000000.0
1762790367.7589386,6,1300000000.0
1762790367.7589386,7,1300000000.0
1762790367.7589386,8,1300000000.0
1762790367.7589386,9,1300000000.0
1762790367.7589386,0,1300000000.0
1762790367.7589386,1,1300000000.0
1762790367.7589386,2,1300000000.0
1762790367.7589386,3,1300000000.0
1762790367.7589386,4,1300000000.0
1762790367.7589386,5,1300000000.0
1762790367.7589386,6,1300000000.0
1762790367.7589386,7,1300000000.0
1762790367.7589386,8,1300000000.0
1762790367.7589386,9,1300000000.0
1762790367.7589386,0,1300000000.0
1762790367.7589386,1,1300000000.0
1762790367.7589386,2,1300000000.0
1762790367.7589386,3,1300000000.0
1762790367.7589386,4,1300000000.0
1762790367.7589386,5,1300000000.0
1762790367.7589386,6,1300000000.0
1762790367.7589386,7,1300000000.0
1762790367.7589386,8,1300000000.0
1762790367.7589386,9,1300000000.0
1762790367.7589386,0,1300000000.0
1762790367.7589386,1,1300000000.0
1762790367.7589386,2,1300000000.0
1762790367.7589386,3,1300000000.0
1762790367.7589386,4,1300000000.0
1762790367.7589386,5,1300000000.0
1762790367.7589386,6,1300000000.0
1762790367.7589386,7,1300000000.0
1762790367.7589386,8,1300000000.0
1762790367.7589386,9,1300000000.0
1762790367.7589386,0,1300000000.0
1762790367.7589386,1,1300000000.0
1762790367.7589386,2,1300000000.0
1762790367.7589386,3,1300000000.0
1762790367.7589386,4,1300000000.0
1762790367.7589386,5,1300000000.0
1762790367.7589386,6,1300000000.0
1762790367.7589386,7,1300000000.0
1762790367.7589386,8,1300000000.0
1762790367.7589386,9,1300000000.0
1762790367.7589386,0,1300000000.0
1762790367.7589386,1,1300000000.0
1762790367.7589386,2,1300000000.0
1762790367.7589386,3,1300000000.0
1762790367.7589386,4,1300000000.0
1762790367.7589386,5,1300000000.0
1762790368.7589338,0,1300000000.0
1762790368.7589338,1,1300000000.0
1762790368.7589338,2,1300000000.0
1762790368.7589338,3,1300000000.0
1762790368.7589338,4,1300000000.0
1762790368.7589338,5,1300000000.0
1762790368.7589338,6,1300000000.0
1762790368.7589338,7,1300000000.0
1762790368.7589338,8,1300000000.0
1762790368.7589338,9,1300000000.0
1762790368.7589338,0,1300000000.0
1762790368.7589338,1,1300000000.0
1762790368.7589338,2,1300000000.0
1762790368.7589338,3,1300000000.0
1762790368.7589338,4,1300000000.0
1762790368.7589338,5,1300000000.0
1762790368.7589338,6,1300000000.0
1762790368.7589338,7,1300000000.0
1762790368.7589338,8,1300000000.0
1762790368.7589338,9,1300000000.0
1762790368.7589338,0,1300000000.0
1762790368.7589338,1,1300000000.0
1762790368.7589338,2,1300000000.0
1762790368.7589338,3,1300000000.0
1762790368.7589338,4,1300000000.0
1762790368.7589338,5,1300000000.0
1762790368.7589338,6,1300000000.0
1762790368.7589338,7,1300000000.0
1762790368.7589338,8,1300000000.0
1762790368.7589338,9,1300000000.0
1762790368.7589338,0,1300000000.0
1762790368.7589338,1,1300000000.0
1762790368.7589338,2,1300000000.0
1762790368.7589338,3,1300000000.0
1762790368.7589338,4,1300000000.0
1762790368.7589338,5,1300000000.0
1762790368.7589338,6,1300000000.0
1762790368.7589338,7,1300000000.0
1762790368.7589338,8,1300000000.0
1762790368.7589338,9,1300000000.0
1762790368.7589338,0,1300000000.0
1762790368.7589338,1,1300000000.0
1762790368.7589338,2,1300000000.0
1762790368.7589338,3,1300000000.0
1762790368.7589338,4,1300000000.0
1762790368.7589338,5,1300000000.0
1762790368.7589338,6,1300000000.0
1762790368.7589338,7,1300000000.0
1762790368.7589338,8,1300000000.0
1762790368.7589338,9,1300000000.0
1762790368.7589338,0,1300000000.0
1762790368.7589338,1,1300000000.0
1762790368.7589338,2,1300000000.0
1762790368.7589338,3,1300000000.0
1762790368.7589338,4,1300000000.0
1762790368.7589338,5,1300000000.0
1762790368.7589338,6,1300000000.0
1762790368.7589338,7,1300000000.0
1762790368.7589338,8,1300000000.0
1762790368.7589338,9,1300000000.0
1762790368.7589338,0,1300000000.0
1762790368.7589338,1,1300000000.0
1762790368.7589338,2,1300000000.0
1762790368.7589338,3,1300000000.0
1762790368.7589338,4,1300000000.0
1762790368.7589338,5,1300000000.0
1762790368.7589338,6,1300000000.0
1762790368.7589338,7,1300000000.0
1762790368.7589338,8,1300000000.0
1762790368.7589338,9,1300000000.0
1762790368.7589338,0,1300000000.0
1762790368.7589338,1,1300000000.0
1762790368.7589338,2,1300000000.0
1762790368.7589338,3,1300000000.0
1762790368.7589338,4,1300000000.0
1762790368.7589338,5,1300000000.0
1762790368.7589338,6,1300000000.0
1762790368.7589338,7,1300000000.0
1762790368.7589338,8,1300000000.0
1762790368.7589338,9,1300000000.0
1762790368.7589338,0,1300000000.0
1762790368.7589338,1,1300000000.0
1762790368.7589338,2,1300000000.0
1762790368.7589338,3,1300000000.0
1762790368.7589338,4,1300000000.0
1762790368.7589338,5,1300000000.0
1762790368.7589338,6,1300000000.0
1762790368.7589338,7,1300000000.0
1762790368.7589338,8,1300000000.0
1762790368.7589338,9,1300000000.0
1762790368.7589338,0,1300000000.0
1762790368.7589338,1,1300000000.0
1762790368.7589338,2,1300000000.0
1762790368.7589338,3,1300000000.0
1762790368.7589338,4,1300000000.0
1762790368.7589338,5,1300000000.0
1762790369.7589455,0,2200000000.0
1762790369.7589455,1,2200000000.0
1762790369.7589455,2,2200000000.0
1762790369.7589455,3,2200000000.0
1762790369.7589455,4,2200000000.0
1762790369.7589455,5,2200000000.0
1762790369.7589455,6,2200000000.0
1762790369.7589455,7,2200000000.0
1762790369.7589455,8,2200000000.0
1762790369.7589455,9,2200000000.0
1762790369.7589455,0,2200000000.0
1762790369.7589455,1,2200000000.0
1762790369.7589455,2,2200000000.0
1762790369.7589455,3,2200000000.0
1762790369.7589455,4,2200000000.0
1762790369.7589455,5,2200000000.0
1762790369.7589455,6,2200000000.0
1762790369.7589455,7,2200000000.0
1762790369.7589455,8,2200000000.0
1762790369.7589455,9,2200000000.0
1762790369.7589455,0,2200000000.0
1762790369.7589455,1,2200000000.0
1762790369.7589455,2,2200000000.0
1762790369.7589455,3,2200000000.0
1762790369.7589455,4,2200000000.0
1762790369.7589455,5,2200000000.0
1762790369.7589455,6,2200000000.0
1762790369.7589455,7,2200000000.0
1762790369.7589455,8,2200000000.0
1762790369.7589455,9,2200000000.0
1762790369.7589455,0,2200000000.0
1762790369.7589455,1,2200000000.0
1762790369.7589455,2,2200000000.0
1762790369.7589455,3,2200000000.0
1762790369.7589455,4,2200000000.0
1762790369.7589455,5,2200000000.0
1762790369.7589455,6,2200000000.0
1762790369.7589455,7,2200000000.0
1762790369.7589455,8,2200000000.0
1762790369.7589455,9,2200000000.0
1762790369.7589455,0,2200000000.0
1762790369.7589455,1,2200000000.0
1762790369.7589455,2,2200000000.0
1762790369.7589455,3,2200000000.0
1762790369.7589455,4,2200000000.0
1762790369.7589455,5,2200000000.0
1762790369.7589455,6,2200000000.0
1762790369.7589455,7,2200000000.0
1762790369.7589455,8,2200000000.0
1762790369.7589455,9,2200000000.0
1762790369.7589455,0,2200000000.0
1762790369.7589455,1,2200000000.0
1762790369.7589455,2,2200000000.0
1762790369.7589455,3,2200000000.0
1762790369.7589455,4,2200000000.0
1762790369.7589455,5,2200000000.0
1762790369.7589455,6,2200000000.0
1762790369.7589455,7,2200000000.0
1762790369.7589455,8,2200000000.0
1762790369.7589455,9,2200000000.0
1762790369.7589455,0,2200000000.0
1762790369.7589455,1,2200000000.0
1762790369.7589455,2,2200000000.0
1762790369.7589455,3,2200000000.0
1762790369.7589455,4,2200000000.0
1762790369.7589455,5,2200000000.0
1762790369.7589455,6,2200000000.0
1762790369.7589455,7,2200000000.0
1762790369.7589455,8,2200000000.0
1762790369.7589455,9,2200000000.0
1762790369.7589455,0,2200000000.0
1762790369.7589455,1,2200000000.0
1762790369.7589455,2,2200000000.0
1762790369.7589455,3,2200000000.0
1762790369.7589455,4,2200000000.0
1762790369.7589455,5,2200000000.0
1762790369.7589455,6,2200000000.0
1762790369.7589455,7,2200000000.0
1762790369.7589455,8,2200000000.0
1762790369.7589455,9,2200000000.0
1762790369.7589455,0,2200000000.0
1762790369.7589455,1,2200000000.0
1762790369.7589455,2,2200000000.0
1762790369.7589455,3,2200000000.0
1762790369.7589455,4,2200000000.0
1762790369.7589455,5,2200000000.0
1762790369.7589455,6,2200000000.0
1762790369.7589455,7,2200000000.0
1762790369.7589455,8,2200000000.0
1762790369.7589455,9,2200000000.0
1762790369.7589455,0,2200000000.0
1762790369.7589455,1,2200000000.0
1762790369.7589455,2,2200000000.0
1762790369.7589455,3,2200000000.0
1762790369.7589455,4,2200000000.0
1762790369.7589455,5,2200000000.0
1762790370.7589326,0,2200000000.0
1762790370.7589326,1,2200000000.0
1762790370.7589326,2,2200000000.0
1762790370.7589326,3,2200000000.0
1762790370.7589326,4,2200000000.0
1762790370.7589326,5,2200000000.0
1762790370.7589326,6,2200000000.0
1762790370.7589326,7,2200000000.0
1762790370.7589326,8,2200000000.0
1762790370.7589326,9,2200000000.0
1762790370.7589326,0,2200000000.0
1762790370.7589326,1,2200000000.0
1762790370.7589326,2,2200000000.0
1762790370.7589326,3,2200000000.0
1762790370.7589326,4,2200000000.0
1762790370.7589326,5,2200000000.0
1762790370.7589326,6,2200000000.0
1762790370.7589326,7,2200000000.0
1762790370.7589326,8,2200000000.0
1762790370.7589326,9,2200000000.0
1762790370.7589326,0,2200000000.0
1762790370.7589326,1,2200000000.0
1762790370.7589326,2,2200000000.0
1762790370.7589326,3,2200000000.0
1762790370.7589326,4,2200000000.0
1762790370.7589326,5,2200000000.0
1762790370.7589326,6,2200000000.0
1762790370.7589326,7,2200000000.0
1762790370.7589326,8,2200000000.0
1762790370.7589326,9,2200000000.0
1762790370.7589326,0,2200000000.0
1762790370.7589326,1,2200000000.0
1762790370.7589326,2,2200000000.0
1762790370.7589326,3,2200000000.0
1762790370.7589326,4,2200000000.0
1762790370.7589326,5,2200000000.0
1762790370.7589326,6,2200000000.0
1762790370.7589326,7,2200000000.0
1762790370.7589326,8,2200000000.0
1762790370.7589326,9,2200000000.0
1762790370.7589326,0,2200000000.0
1762790370.7589326,1,2200000000.0
1762790370.7589326,2,2200000000.0
1762790370.7589326,3,2200000000.0
1762790370.7589326,4,2200000000.0
1762790370.7589326,5,2200000000.0
1762790370.7589326,6,2200000000.0
1762790370.7589326,7,2200000000.0
1762790370.7589326,8,2200000000.0
1762790370.7589326,9,2200000000.0
1762790370.7589326,0,2200000000.0
1762790370.7589326,1,2200000000.0
1762790370.7589326,2,2200000000.0
1762790370.7589326,3,2200000000.0
1762790370.7589326,4,2200000000.0
1762790370.7589326,5,2200000000.0
1762790370.7589326,6,2200000000.0
1762790370.7589326,7,2200000000.0
1762790370.7589326,8,2200000000.0
1762790370.7589326,9,2200000000.0
1762790370.7589326,0,2200000000.0
1762790370.7589326,1,2200000000.0
1762790370.7589326,2,2200000000.0
1762790370.7589326,3,2200000000.0
1762790370.7589326,4,2200000000.0
1762790370.7589326,5,2200000000.0
1762790370.7589326,6,2200000000.0
1762790370.7589326,7,2200000000.0
1762790370.7589326,8,2200000000.0
1762790370.7589326,9,2200000000.0
1762790370.7589326,0,2200000000.0
1762790370.7589326,1,2200000000.0
1762790370.7589326,2,2200000000.0
1762790370.7589326,3,2200000000.0
1762790370.7589326,4,2200000000.0
1762790370.7589326,5,2200000000.0
1762790370.7589326,6,2200000000.0
1762790370.7589326,7,2200000000.0
1762790370.7589326,8,2200000000.0
1762790370.7589326,9,2200000000.0
1762790370.7589326,0,2200000000.0
1762790370.7589326,1,2200000000.0
1762790370.7589326,2,2200000000.0
1762790370.7589326,3,2200000000.0
1762790370.7589326,4,2200000000.0
1762790370.7589326,5,2200000000.0
1762790370.7589326,6,2200000000.0
1762790370.7589326,7,2200000000.0
1762790370.7589326,8,2200000000.0
1762790370.7589326,9,2200000000.0
1762790370.7589326,0,2200000000.0
1762790370.7589326,1,2200000000.0
1762790370.7589326,2,2200000000.0
1762790370.7589326,3,2200000000.0
1762790370.7589326,4,2200000000.0
1762790370.7589326,5,2200000000.0
1762790371.7589693,0,3100000000.0
1762790371.7589693,1,3100000000.0
1762790371.7589693,2,3100000000.0
1762790371.7589693,3,3100000000.0
1762790371.7589693,4,3100000000.0
1762790371.7589693,5,3100000000.0
1762790371.7589693,6,3100000000.0
1762790371.7589693,7,3100000000.0
1762790371.7589693,8,3100000000.0
1762790371.7589693,9,3100000000.0
1762790371.7589693,0,3100000000.0
1762790371.7589693,1,3100000000.0
1762790371.7589693,2,3100000000.0
1762790371.7589693,3,3000000000.0
1762790371.7589693,4,3100000000.0
1762790371.7589693,5,3100000000.0
1762790371.7589693,6,3100000000.0
1762790371.7589693,7,3100000000.0
1762790371.7589693,8,3100000000.0
1762790371.7589693,9,3100000000.0
1762790371.7589693,0,3100000000.0
1762790371.7589693,1,3100000000.0
1762790371.7589693,2,3100000000.0
1762790371.7589693,3,3100000000.0
1762790371.7589693,4,3100000000.0
1762790371.7589693,5,3100000000.0
1762790371.7589693,6,3100000000.0
1762790371.7589693,7,3100000000.0
1762790371.7589693,8,3100000000.0
1762790371.7589693,9,3100000000.0
1762790371.7589693,0,3100000000.0
1762790371.7589693,1,3100000000.0
1762790371.7589693,2,3100000000.0
1762790371.7589693,3,3100000000.0
1762790371.7589693,4,3100000000.0
1762790371.7589693,5,3100000000.0
1762790371.7589693,6,3100000000.0
1762790371.7589693,7,3100000000.0
1762790371.7589693,8,3100000000.0
1762790371.7589693,9,3100000000.0
1762790371.7589693,0,3100000000.0
1762790371.7589693,1,3100000000.0
1762790371.7589693,2,3100000000.0
1762790371.7589693,3,3100000000.0
1762790371.7589693,4,3100000000.0
1762790371.7589693,5,3100000000.0
1762790371.7589693,6,3100000000.0
1762790371.7589693,7,3100000000.0
1762790371.7589693,8,3100000000.0
1762790371.7589693,9,3100000000.0
1762790371.7589693,0,3100000000.0
1762790371.7589693,1,3100000000.0
1762790371.7589693,2,3100000000.0
1762790371.7589693,3,3100000000.0
1762790371.7589693,4,3100000000.0
1762790371.7589693,5,3100000000.0
1762790371.7589693,6,3100000000.0
1762790371.7589693,7,3100000000.0
1762790371.7589693,8,3100000000.0
1762790371.7589693,9,3100000000.0
1762790371.7589693,0,3100000000.0
1762790371.7589693,1,3100000000.0
1762790371.7589693,2,3100000000.0
1762790371.7589693,3,3100000000.0
1762790371.7589693,4,3100000000.0
1762790371.7589693,5,3100000000.0
1762790371.7589693,6,3100000000.0
1762790371.7589693,7,3100000000.0
1762790371.7589693,8,3100000000.0
1762790371.7589693,9,3100000000.0
1762790371.7589693,0,3100000000.0
1762790371.7589693,1,3100000000.0
1762790371.7589693,2,3100000000.0
1762790371.7589693,3,3100000000.0
1762790371.7589693,4,3100000000.0
1762790371.7589693,5,3100000000.0
1762790371.7589693,6,3100000000.0
1762790371.7589693,7,3100000000.0
1762790371.7589693,8,3100000000.0
1762790371.7589693,9,3100000000.0
1762790371.7589693,0,3100000000.0
1762790371.7589693,1,3100000000.0
1762790371.7589693,2,3100000000.0
1762790371.7589693,3,3100000000.0
1762790371.7589693,4,3100000000.0
1762790371.7589693,5,3100000000.0
1762790371.7589693,6,3100000000.0
1762790371.7589693,7,3100000000.0
1762790371.7589693,8,3100000000.0
1762790371.7589693,9,3100000000.0
1762790371.7589693,0,3100000000.0
1762790371.7589693,1,3100000000.0
1762790371.7589693,2,3100000000.0
1762790371.7589693,3,3100000000.0
1762790371.7589693,4,3100000000.0
1762790371.7589693,5,3100000000.0
1762790372.758941,0,3100000000.0
1762790372.758941,1,3100000000.0
1762790372.758941,2,3100000000.0
1762790372.758941,3,3100000000.0
1762790372.758941,4,3100000000.0
1762790372.758941,5,3100000000.0
1762790372.758941,6,3100000000.0
1762790372.758941,7,3100000000.0
1762790372.758941,8,3100000000.0
1762790372.758941,9,3100000000.0
1762790372.758941,0,3100000000.0
1762790372.758941,1,3100000000.0
1762790372.758941,2,3100000000.0
1762790372.758941,3,3000000000.0
1762790372.758941,4,3100000000.0
1762790372.758941,5,3100000000.0
1762790372.758941,6,3100000000.0
1762790372.758941,7,3100000000.0
1762790372.758941,8,3100000000.0
1762790372.758941,9,3100000000.0
1762790372.758941,0,3100000000.0
1762790372.758941,1,3100000000.0
1762790372.758941,2,3100000000.0
1762790372.758941,3,3100000000.0
1762790372.758941,4,3100000000.0
1762790372.758941,5,3100000000.0
1762790372.758941,6,3100000000.0
1762790372.758941,7,3100000000.0
1762790372.758941,8,3100000000.0
1762790372.758941,9,3100000000.0
1762790372.758941,0,3100000000.0
1762790372.758941,1,3100000000.0
1762790372.758941,2,3100000000.0
1762790372.758941,3,3100000000.0
1762790372.758941,4,3100000000.0
1762790372.758941,5,3100000000.0
1762790372.758941,6,3100000000.0
1762790372.758941,7,3100000000.0
1762790372.758941,8,3100000000.0
1762790372.758941,9,3100000000.0
1762790372.758941,0,3100000000.0
1762790372.758941,1,3100000000.0
1762790372.758941,2,3100000000.0
1762790372.758941,3,3100000000.0
1762790372.758941,4,3100000000.0
1762790372.758941,5,3100000000.0
1762790372.758941,6,3100000000.0
1762790372.758941,7,3100000000.0
1762790372.758941,8,3100000000.0
1762790372.758941,9,3100000000.0
1762790372.758941,0,3100000000.0
1762790372.758941,1,3100000000.0
1762790372.758941,2,3100000000.0
1762790372.758941,3,3100000000.0
1762790372.758941,4,3100000000.0
1762790372.758941,5,3100000000.0
1762790372.758941,6,3100000000.0
1762790372.758941,7,3100000000.0
1762790372.758941,8,3100000000.0
1762790372.758941,9,3100000000.0
1762790372.758941,0,3100000000.0
1762790372.758941,1,3100000000.0
1762790372.758941,2,3100000000.0
1762790372.758941,3,3100000000.0
1762790372.758941,4,3100000000.0
1762790372.758941,5,3100000000.0
1762790372.758941,6,3100000000.0
1762790372.758941,7,3100000000.0
1762790372.758941,8,3100000000.0
1762790372.758941,9,3100000000.0
1762790372.758941,0,3100000000.0
1762790372.758941,1,3100000000.0
1762790372.758941,2,3100000000.0
1762790372.758941,3,3100000000.0
1762790372.758941,4,3100000000.0
1762790372.758941,5,3100000000.0
1762790372.758941,6,3100000000.0
1762790372.758941,7,3100000000.0
1762790372.758941,8,3100000000.0
1762790372.758941,9,3100000000.0
1762790372.758941,0,3100000000.0
1762790372.758941,1,3100000000.0
1762790372.758941,2,3100000000.0
1762790372.758941,3,3000000000.0
1762790372.758941,4,3100000000.0
1762790372.758941,5,3100000000.0
1762790372.758941,6,3100000000.0
1762790372.758941,7,3000000000.0
1762790372.758941,8,3100000000.0
1762790372.758941,9,3100000000.0
1762790372.758941,0,3000000000.0
1762790372.758941,1,3100000000.0
1762790372.758941,2,3100000000.0
1762790372.758941,3,3100000000.0
1762790372.758941,4,3100000000.0
1762790372.758941,5,3100000000.0
1762790373.7589383,0,3100000000.0
1762790373.7589383,1,3100000000.0
1762790373.7589383,2,3100000000.0
1762790373.7589383,3,3100000000.0
1762790373.7589383,4,3100000000.0
1762790373.7589383,5,3100000000.0
1762790373.7589383,6,3100000000.0
1762790373.7589383,7,3100000000.0
1762790373.7589383,8,3100000000.0
1762790373.7589383,9,3100000000.0
1762790373.7589383,0,3100000000.0
1762790373.7589383,1,3100000000.0
1762790373.7589383,2,3100000000.0
1762790373.7589383,3,3100000000.0
1762790373.7589383,4,3100000000.0
1762790373.7589383,5,3100000000.0
1762790373.7589383,6,3100000000.0
1762790373.7589383,7,3100000000.0
1762790373.7589383,8,3100000000.0
1762790373.7589383,9,3100000000.0
1762790373.7589383,0,3100000000.0
1762790373.7589383,1,3100000000.0
1762790373.7589383,2,3100000000.0
1762790373.7589383,3,3100000000.0
1762790373.7589383,4,3100000000.0
1762790373.7589383,5,3100000000.0
1762790373.7589383,6,3100000000.0
1762790373.7589383,7,3100000000.0
1762790373.7589383,8,3100000000.0
1762790373.7589383,9,3100000000.0
1762790373.7589383,0,3100000000.0
1762790373.7589383,1,3100000000.0
1762790373.7589383,2,3100000000.0
1762790373.7589383,3,3100000000.0
1762790373.7589383,4,3100000000.0
1762790373.7589383,5,3100000000.0
1762790373.7589383,6,3100000000.0
1762790373.7589383,7,3100000000.0
1762790373.7589383,8,3100000000.0
1762790373.7589383,9,3100000000.0
1762790373.7589383,0,3100000000.0
1762790373.7589383,1,3100000000.0
1762790373.7589383,2,3100000000.0
1762790373.7589383,3,3100000000.0
1762790373.7589383,4,3100000000.0
1762790373.7589383,5,3100000000.0
1762790373.7589383,6,3100000000.0
1762790373.7589383,7,3100000000.0
1762790373.7589383,8,3100000000.0
1762790373.7589383,9,3100000000.0
1762790373.7589383,0,3100000000.0
1762790373.7589383,1,3100000000.0
1762790373.7589383,2,3100000000.0
1762790373.7589383,3,3100000000.0
1762790373.7589383,4,3100000000.0
1762790373.7589383,5,3100000000.0
1762790373.7589383,6,3100000000.0
1762790373.7589383,7,3100000000.0
1762790373.7589383,8,3100000000.0
1762790373.7589383,9,3100000000.0
1762790373.7589383,0,3100000000.0
1762790373.7589383,1,3100000000.0
1762790373.7589383,2,3100000000.0
1762790373.7589383,3,3100000000.0
1762790373.7589383,4,3100000000.0
1762790373.7589383,5,3100000000.0
1762790373.7589383,6,3100000000.0
1762790373.7589383,7,3100000000.0
1762790373.7589383,8,3100000000.0
1762790373.7589383,9,3100000000.0
1762790373.7589383,0,3100000000.0
1762790373.7589383,1,3100000000.0
1762790373.7589383,2,3100000000.0
1762790373.7589383,3,3100000000.0
1762790373.7589383,4,3100000000.0
1762790373.7589383,5,3100000000.0
1762790373.7589383,6,3100000000.0
1762790373.7589383,7,3100000000.0
1762790373.7589383,8,3100000000.0
1762790373.7589383,9,3100000000.0
1762790373.7589383,0,3100000000.0
1762790373.7589383,1,3100000000.0
1762790373.7589383,2,3100000000.0
1762790373.7589383,3,3100000000.0
1762790373.7589383,4,3100000000.0
1762790373.7589383,5,3100000000.0
1762790373.7589383,6,3100000000.0
1762790373.7589383,7,3100000000.0
1762790373.7589383,8,3100000000.0
1762790373.7589383,9,3100000000.0
1762790373.7589383,0,3100000000.0
1762790373.7589383,1,3100000000.0
1762790373.7589383,2,3100000000.0
1762790373.7589383,3,3100000000.0
1762790373.7589383,4,3100000000.0
1762790373.7589383,5,3100000000.0
1762790374.7589304,0,3100000000.0
1762790374.7589304,1,3100000000.0
1762790374.7589304,2,3100000000.0
1762790374.7589304,3,3100000000.0
1762790374.7589304,4,3100000000.0
1762790374.7589304,5,3100000000.0
1762790374.7589304,6,3100000000.0
1762790374.7589304,7,3100000000.0
1762790374.7589304,8,3100000000.0
1762790374.7589304,9,3100000000.0
1762790374.7589304,0,3100000000.0
1762790374.7589304,1,3100000000.0
1762790374.7589304,2,3100000000.0
1762790374.7589304,3,3000000000.0
1762790374.7589304,4,3100000000.0
1762790374.7589304,5,3100000000.0
1762790374.7589304,6,3100000000.0
1762790374.7589304,7,3000000000.0
1762790374.7589304,8,3100000000.0
1762790374.7589304,9,3100000000.0
1762790374.7589304,0,3100000000.0
1762790374.7589304,1,3100000000.0
1762790374.7589304,2,3100000000.0
1762790374.7589304,3,3000000000.0
1762790374.7589304,4,3100000000.0
1762790374.7589304,5,3100000000.0
1762790374.7589304,6,3100000000.0
1762790374.7589304,7,3100000000.0
1762790374.7589304,8,3100000000.0
1762790374.7589304,9,3100000000.0
1762790374.7589304,0,3100000000.0
1762790374.7589304,1,3100000000.0
1762790374.7589304,2,3100000000.0
1762790374.7589304,3,3100000000.0
1762790374.7589304,4,3100000000.0
1762790374.7589304,5,3100000000.0
1762790374.7589304,6,3100000000.0
1762790374.7589304,7,3100000000.0
1762790374.7589304,8,3100000000.0
1762790374.7589304,9,3100000000.0
1762790374.7589304,0,3100000000.0
1762790374.7589304,1,3100000000.0
1762790374.7589304,2,3100000000.0
1762790374.7589304,3,3100000000.0
1762790374.7589304,4,3100000000.0
1762790374.7589304,5,3100000000.0
1762790374.7589304,6,3100000000.0
1762790374.7589304,7,3100000000.0
1762790374.7589304,8,3100000000.0
1762790374.7589304,9,3100000000.0
1762790374.7589304,0,3100000000.0
1762790374.7589304,1,3100000000.0
1762790374.7589304,2,3100000000.0
1762790374.7589304,3,3100000000.0
1762790374.7589304,4,3100000000.0
1762790374.7589304,5,3100000000.0
1762790374.7589304,6,3100000000.0
1762790374.7589304,7,3100000000.0
1762790374.7589304,8,3100000000.0
1762790374.7589304,9,3100000000.0
1762790374.7589304,0,3100000000.0
1762790374.7589304,1,3100000000.0
1762790374.7589304,2,3100000000.0
1762790374.7589304,3,3100000000.0
1762790374.7589304,4,3100000000.0
1762790374.7589304,5,3100000000.0
1762790374.7589304,6,3100000000.0
1762790374.7589304,7,3100000000.0
1762790374.7589304,8,3100000000.0
1762790374.7589304,9,3100000000.0
1762790374.7589304,0,3100000000.0
1762790374.7589304,1,3100000000.0
1762790374.7589304,2,3100000000.0
1762790374.7589304,3,3100000000.0
1762790374.7589304,4,3100000000.0
1762790374.7589304,5,3100000000.0
1762790374.7589304,6,3100000000.0
1762790374.7589304,7,3100000000.0
1762790374.7589304,8,3100000000.0
1762790374.7589304,9,3100000000.0
1762790374.7589304,0,3100000000.0
1762790374.7589304,1,3100000000.0
1762790374.7589304,2,3100000000.0
1762790374.7589304,3,3100000000.0
1762790374.7589304,4,3100000000.0
1762790374.7589304,5,3100000000.0
1762790374.7589304,6,3100000000.0
1762790374.7589304,7,3100000000.0
1762790374.7589304,8,3100000000.0
1762790374.7589304,9,3100000000.0
1762790374.7589304,0,3100000000.0
1762790374.7589304,1,3100000000.0
1762790374.7589304,2,3100000000.0
1762790374.7589304,3,3100000000.0
1762790374.7589304,4,3100000000.0
1762790374.7589304,5,3100000000.0
1762790375.758919,0,3100000000.0
1762790375.758919,1,3200000000.0
1762790375.758919,2,3100000000.0
1762790375.758919,3,3200000000.0
1762790375.758919,4,3100000000.0
1762790375.758919,5,3200000000.0
1762790375.758919,6,3100000000.0
1762790375.758919,7,3200000000.0
1762790375.758919,8,3100000000.0
1762790375.758919,9,3200000000.0
1762790375.758919,0,3100000000.0
1762790375.758919,1,3200000000.0
1762790375.758919,2,3100000000.0
1762790375.758919,3,3000000000.0
1762790375.758919,4,3100000000.0
1762790375.758919,5,3200000000.0
1762790375.758919,6,3100000000.0
1762790375.758919,7,3000000000.0
1762790375.758919,8,3100000000.0
1762790375.758919,9,3200000000.0
1762790375.758919,0,3100000000.0
1762790375.758919,1,3200000000.0
1762790375.758919,2,3100000000.0
1762790375.758919,3,3200000000.0
1762790375.758919,4,3100000000.0
1762790375.758919,5,3200000000.0
1762790375.758919,6,3000000000.0
1762790375.758919,7,3200000000.0
1762790375.758919,8,3000000000.0
1762790375.758919,9,3200000000.0
1762790375.758919,0,3000000000.0
1762790375.758919,1,3200000000.0
1762790375.758919,2,3000000000.0
1762790375.758919,3,3200000000.0
1762790375.758919,4,3000000000.0
1762790375.758919,5,3200000000.0
1762790375.758919,6,3000000000.0
1762790375.758919,7,3200000000.0
1762790375.758919,8,3000000000.0
1762790375.758919,9,3200000000.0
1762790375.758919,0,3000000000.0
1762790375.758919,1,3200000000.0
1762790375.758919,2,3000000000.0
1762790375.758919,3,3200000000.0
1762790375.758919,4,3100000000.0
1762790375.758919,5,3200000000.0
1762790375.758919,6,3100000000.0
1762790375.758919,7,3200000000.0
1762790375.758919,8,3100000000.0
1762790375.758919,9,3200000000.0
1762790375.758919,0,3100000000.0
1762790375.758919,1,3200000000.0
1762790375.758919,2,3100000000.0
1762790375.758919,3,3200000000.0
1762790375.758919,4,3100000000.0
1762790375.758919,5,3200000000.0
1762790375.758919,6,3100000000.0
1762790375.758919,7,3200000000.0
1762790375.758919,8,3100000000.0
1762790375.758919,9,3200000000.0
1762790375.758919,0,3100000000.0
1762790375.758919,1,3200000000.0
1762790375.758919,2,3100000000.0
1762790375.758919,3,3200000000.0
1762790375.758919,4,3100000000.0
1762790375.758919,5,3000000000.0
1762790375.758919,6,3100000000.0
1762790375.758919,7,3200000000.0
1762790375.758919,8,3200000000.0
1762790375.758919,9,3200000000.0
1762790375.758919,0,3200000000.0
1762790375.758919,1,3200000000.0
1762790375.758919,2,3200000000.0
1762790375.758919,3,3200000000.0
1762790375.758919,4,3200000000.0
1762790375.758919,5,3200000000.0
1762790375.758919,6,3200000000.0
1762790375.758919,7,3200000000.0
1762790375.758919,8,3200000000.0
1762790375.758919,9,3200000000.0
1762790375.758919,0,3200000000.0
1762790375.758919,1,3200000000.0
1762790375.758919,2,3200000000.0
1762790375.758919,3,3200000000.0
1762790375.758919,4,3200000000.0
1762790375.758919,5,3200000000.0
1762790375.758919,6,3200000000.0
1762790375.758919,7,3200000000.0
1762790375.758919,8,3200000000.0
1762790375.758919,9,3200000000.0
1762790375.758919,0,3200000000.0
1762790375.758919,1,3200000000.0
1762790375.758919,2,3200000000.0
1762790375.758919,3,3200000000.0
1762790375.758919,4,3200000000.0
1762790375.758919,5,3200000000.0
1762790376.7589195,0,3100000000.0
1762790376.7589195,1,3200000000.0
1762790376.7589195,2,3100000000.0
1762790376.7589195,3,3200000000.0
1762790376.7589195,4,3100000000.0
1762790376.7589195,5,3200000000.0
1762790376.7589195,6,3100000000.0
1762790376.7589195,7,3200000000.0
1762790376.7589195,8,3100000000.0
1762790376.7589195,9,3200000000.0
1762790376.7589195,0,3100000000.0
1762790376.7589195,1,3200000000.0
1762790376.7589195,2,3100000000.0
1762790376.7589195,3,3000000000.0
1762790376.7589195,4,3100000000.0
1762790376.7589195,5,3200000000.0
1762790376.7589195,6,3100000000.0
1762790376.7589195,7,3200000000.0
1762790376.7589195,8,3100000000.0
1762790376.7589195,9,3200000000.0
1762790376.7589195,0,3100000000.0
1762790376.7589195,1,3200000000.0
1762790376.7589195,2,3100000000.0
1762790376.7589195,3,3200000000.0
1762790376.7589195,4,3100000000.0
1762790376.7589195,5,3200000000.0
1762790376.7589195,6,3100000000.0
1762790376.7589195,7,3200000000.0
1762790376.7589195,8,3100000000.0
1762790376.7589195,9,3200000000.0
1762790376.7589195,0,3100000000.0
1762790376.7589195,1,3200000000.0
1762790376.7589195,2,3100000000.0
1762790376.7589195,3,3200000000.0
1762790376.7589195,4,3100000000.0
1762790376.7589195,5,3200000000.0
1762790376.7589195,6,3100000000.0
1762790376.7589195,7,3200000000.0
1762790376.7589195,8,3100000000.0
1762790376.7589195,9,3200000000.0
1762790376.7589195,0,3200000000.0
1762790376.7589195,1,3200000000.0
1762790376.7589195,2,3200000000.0
1762790376.7589195,3,3200000000.0
1762790376.7589195,4,3200000000.0
1762790376.7589195,5,3200000000.0
1762790376.7589195,6,3200000000.0
1762790376.7589195,7,3200000000.0
1762790376.7589195,8,3200000000.0
1762790376.7589195,9,3200000000.0
1762790376.7589195,0,3200000000.0
1762790376.7589195,1,3200000000.0
1762790376.7589195,2,3200000000.0
1762790376.7589195,3,3200000000.0
1762790376.7589195,4,3200000000.0
1762790376.7589195,5,3200000000.0
1762790376.7589195,6,3200000000.0
1762790376.7589195,7,3200000000.0
1762790376.7589195,8,3200000000.0
1762790376.7589195,9,3200000000.0
1762790376.7589195,0,3200000000.0
1762790376.7589195,1,3200000000.0
1762790376.7589195,2,3200000000.0
1762790376.7589195,3,3200000000.0
1762790376.7589195,4,3200000000.0
1762790376.7589195,5,3200000000.0
1762790376.7589195,6,3200000000.0
1762790376.7589195,7,3200000000.0
1762790376.7589195,8,3200000000.0
1762790376.7589195,9,3200000000.0
1762790376.7589195,0,3200000000.0
1762790376.7589195,1,3200000000.0
1762790376.7589195,2,3200000000.0
1762790376.7589195,3,3200000000.0
1762790376.7589195,4,3200000000.0
1762790376.7589195,5,3200000000.0
1762790376.7589195,6,3200000000.0
1762790376.7589195,7,3200000000.0
1762790376.7589195,8,3200000000.0
1762790376.7589195,9,3200000000.0
1762790376.7589195,0,3200000000.0
1762790376.7589195,1,3200000000.0
1762790376.7589195,2,3200000000.0
1762790376.7589195,3,3200000000.0
1762790376.7589195,4,3200000000.0
1762790376.7589195,5,3200000000.0
1762790376.7589195,6,3200000000.0
1762790376.7589195,7,3200000000.0
1762790376.7589195,8,3200000000.0
1762790376.7589195,9,3200000000.0
1762790376.7589195,0,3200000000.0
1762790376.7589195,1,3200000000.0
1762790376.7589195,2,3200000000.0
1762790376.7589195,3,3200000000.0
1762790376.7589195,4,3200000000.0
1762790376.7589195,5,3200000000.0
1762790377.758939,0,2300000000.0
1762790377.758939,1,2300000000.0
1762790377.758939,2,2300000000.0
1762790377.758939,3,2300000000.0
1762790377.758939,4,2300000000.0
1762790377.758939,5,2300000000.0
1762790377.758939,6,2300000000.0
1762790377.758939,7,2300000000.0
1762790377.758939,8,2300000000.0
1762790377.758939,9,2300000000.0
1762790377.758939,0,2300000000.0
1762790377.758939,1,2300000000.0
1762790377.758939,2,2300000000.0
1762790377.758939,3,2300000000.0
1762790377.758939,4,2300000000.0
1762790377.758939,5,2300000000.0
1762790377.758939,6,2300000000.0
1762790377.758939,7,2300000000.0
1762790377.758939,8,2300000000.0
1762790377.758939,9,2300000000.0
1762790377.758939,0,2300000000.0
1762790377.758939,1,2300000000.0
1762790377.758939,2,2300000000.0
1762790377.758939,3,2300000000.0
1762790377.758939,4,2300000000.0
1762790377.758939,5,2300000000.0
1762790377.758939,6,2300000000.0
1762790377.758939,7,2300000000.0
1762790377.758939,8,2300000000.0
1762790377.758939,9,2300000000.0
1762790377.758939,0,2300000000.0
1762790377.758939,1,2300000000.0
1762790377.758939,2,2300000000.0
1762790377.758939,3,2300000000.0
1762790377.758939,4,2300000000.0
1762790377.758939,5,2300000000.0
1762790377.758939,6,2300000000.0
1762790377.758939,7,2300000000.0
1762790377.758939,8,2300000000.0
1762790377.758939,9,2300000000.0
1762790377.758939,0,2300000000.0
1762790377.758939,1,2300000000.0
1762790377.758939,2,2300000000.0
1762790377.758939,3,2300000000.0
1762790377.758939,4,2300000000.0
1762790377.758939,5,2300000000.0
1762790377.758939,6,2300000000.0
1762790377.758939,7,2300000000.0
1762790377.758939,8,2300000000.0
1762790377.758939,9,2300000000.0
1762790377.758939,0,2300000000.0
1762790377.758939,1,2300000000.0
1762790377.758939,2,2300000000.0
1762790377.758939,3,2300000000.0
1762790377.758939,4,2300000000.0
1762790377.758939,5,2300000000.0
1762790377.758939,6,2300000000.0
1762790377.758939,7,2300000000.0
1762790377.758939,8,2300000000.0
1762790377.758939,9,2300000000.0
1762790377.758939,0,2300000000.0
1762790377.758939,1,2300000000.0
1762790377.758939,2,2300000000.0
1762790377.758939,3,2300000000.0
1762790377.758939,4,2300000000.0
1762790377.758939,5,2300000000.0
1762790377.758939,6,2300000000.0
1762790377.758939,7,2300000000.0
1762790377.758939,8,2300000000.0
1762790377.758939,9,2300000000.0
1762790377.758939,0,2300000000.0
1762790377.758939,1,2300000000.0
1762790377.758939,2,2300000000.0
1762790377.758939,3,2300000000.0
1762790377.758939,4,2300000000.0
1762790377.758939,5,2300000000.0
1762790377.758939,6,2300000000.0
1762790377.758939,7,2300000000.0
1762790377.758939,8,2300000000.0
1762790377.758939,9,2300000000.0
1762790377.758939,0,2300000000.0
1762790377.758939,1,2300000000.0
1762790377.758939,2,2300000000.0
1762790377.758939,3,2300000000.0
1762790377.758939,4,2300000000.0
1762790377.758939,5,2300000000.0
1762790377.758939,6,2300000000.0
1762790377.758939,7,2300000000.0
1762790377.758939,8,2300000000.0
1762790377.758939,9,2300000000.0
1762790377.758939,0,2300000000.0
1762790377.758939,1,2300000000.0
1762790377.758939,2,2300000000.0
1762790377.758939,3,2300000000.0
1762790377.758939,4,2300000000.0
1762790377.758939,5,2300000000.0
1762790378.758933,0,2300000000.0
1762790378.758933,1,2300000000.0
1762790378.758933,2,2300000000.0
1762790378.758933,3,2300000000.0
1762790378.758933,4,2300000000.0
1762790378.758933,5,2300000000.0
1762790378.758933,6,2300000000.0
1762790378.758933,7,2300000000.0
1762790378.758933,8,2300000000.0
1762790378.758933,9,2300000000.0
1762790378.758933,0,2300000000.0
1762790378.758933,1,2300000000.0
1762790378.758933,2,2300000000.0
1762790378.758933,3,2300000000.0
1762790378.758933,4,2300000000.0
1762790378.758933,5,2300000000.0
1762790378.758933,6,2300000000.0
1762790378.758933,7,2300000000.0
1762790378.758933,8,2300000000.0
1762790378.758933,9,2300000000.0
1762790378.758933,0,2300000000.0
1762790378.758933,1,2300000000.0
1762790378.758933,2,2300000000.0
1762790378.758933,3,2300000000.0
1762790378.758933,4,2300000000.0
1762790378.758933,5,2300000000.0
1762790378.758933,6,2300000000.0
1762790378.758933,7,2300000000.0
1762790378.758933,8,2300000000.0
1762790378.758933,9,2300000000.0
1762790378.758933,0,2300000000.0
1762790378.758933,1,2300000000.0
1762790378.758933,2,2300000000.0
1762790378.758933,3,2300000000.0
1762790378.758933,4,2300000000.0
1762790378.758933,5,2300000000.0
1762790378.758933,6,2300000000.0
1762790378.758933,7,2300000000.0
1762790378.758933,8,2300000000.0
1762790378.758933,9,2300000000.0
1762790378.758933,0,2300000000.0
1762790378.758933,1,2300000000.0
1762790378.758933,2,2300000000.0
1762790378.758933,3,2300000000.0
1762790378.758933,4,2300000000.0
1762790378.758933,5,2300000000.0
1762790378.758933,6,2300000000.0
1762790378.758933,7,2300000000.0
1762790378.758933,8,2300000000.0
1762790378.758933,9,2300000000.0
1762790378.758933,0,2300000000.0
1762790378.758933,1,2300000000.0
1762790378.758933,2,2300000000.0
1762790378.758933,3,2300000000.0
1762790378.758933,4,2300000000.0
1762790378.758933,5,2300000000.0
1762790378.758933,6,2300000000.0
1762790378.758933,7,2300000000.0
1762790378.758933,8,2300000000.0
1762790378.758933,9,2300000000.0
1762790378.758933,0,2300000000.0
1762790378.758933,1,2300000000.0
1762790378.758933,2,2300000000.0
1762790378.758933,3,2300000000.0
1762790378.758933,4,2300000000.0
1762790378.758933,5,2300000000.0
1762790378.758933,6,2300000000.0
1762790378.758933,7,2300000000.0
1762790378.758933,8,2300000000.0
1762790378.758933,9,2300000000.0
1762790378.758933,0,2300000000.0
1762790378.758933,1,2300000000.0
1762790378.758933,2,2300000000.0
1762790378.758933,3,2300000000.0
1762790378.758933,4,2300000000.0
1762790378.758933,5,2300000000.0
1762790378.758933,6,2300000000.0
1762790378.758933,7,2300000000.0
1762790378.758933,8,2300000000.0
1762790378.758933,9,2300000000.0
1762790378.758933,0,2300000000.0
1762790378.758933,1,2300000000.0
1762790378.758933,2,2300000000.0
1762790378.758933,3,2300000000.0
1762790378.758933,4,2300000000.0
1762790378.758933,5,2300000000.0
1762790378.758933,6,2300000000.0
1762790378.758933,7,2300000000.0
1762790378.758933,8,2300000000.0
1762790378.758933,9,2300000000.0
1762790378.758933,0,2300000000.0
1762790378.758933,1,2300000000.0
1762790378.758933,2,2300000000.0
1762790378.758933,3,2300000000.0
1762790378.758933,4,2300000000.0
1762790378.758933,5,2300000000.0
1762790379.7589505,0,2300000000.0
1762790379.7589505,1,2300000000.0
1762790379.7589505,2,2300000000.0
1762790379.7589505,3,2300000000.0
1762790379.7589505,4,2300000000.0
1762790379.7589505,5,2300000000.0
1762790379.7589505,6,2300000000.0
1762790379.7589505,7,2300000000.0
1762790379.7589505,8,2300000000.0
1762790379.7589505,9,2300000000.0
1762790379.7589505,0,2300000000.0
1762790379.7589505,1,2300000000.0
1762790379.7589505,2,2300000000.0
1762790379.7589505,3,2300000000.0
1762790379.7589505,4,2300000000.0
1762790379.7589505,5,2300000000.0
1762790379.7589505,6,2300000000.0
1762790379.7589505,7,2300000000.0
1762790379.7589505,8,2300000000.0
1762790379.7589505,9,2300000000.0
1762790379.7589505,0,2300000000.0
1762790379.7589505,1,2300000000.0
1762790379.7589505,2,2300000000.0
1762790379.7589505,3,2300000000.0
1762790379.7589505,4,2300000000.0
1762790379.7589505,5,2300000000.0
1762790379.7589505,6,2300000000.0
1762790379.7589505,7,2300000000.0
1762790379.7589505,8,2300000000.0
1762790379.7589505,9,2300000000.0
1762790379.7589505,0,2300000000.0
1762790379.7589505,1,2300000000.0
1762790379.7589505,2,2300000000.0
1762790379.7589505,3,2300000000.0
1762790379.7589505,4,2300000000.0
1762790379.7589505,5,2300000000.0
1762790379.7589505,6,2300000000.0
1762790379.7589505,7,2300000000.0
1762790379.7589505,8,2300000000.0
1762790379.7589505,9,2300000000.0
1762790379.7589505,0,2300000000.0
1762790379.7589505,1,2300000000.0
1762790379.7589505,2,2300000000.0
1762790379.7589505,3,2300000000.0
1762790379.7589505,4,2300000000.0
1762790379.7589505,5,2300000000.0
1762790379.7589505,6,2300000000.0
1762790379.7589505,7,2300000000.0
1762790379.7589505,8,2300000000.0
1762790379.7589505,9,2300000000.0
1762790379.7589505,0,2300000000.0
1762790379.7589505,1,2300000000.0
1762790379.7589505,2,2300000000.0
1762790379.7589505,3,2300000000.0
1762790379.7589505,4,2300000000.0
1762790379.7589505,5,2300000000.0
1762790379.7589505,6,2300000000.0
1762790379.7589505,7,2300000000.0
1762790379.7589505,8,2300000000.0
1762790379.7589505,9,2300000000.0
1762790379.7589505,0,2300000000.0
1762790379.7589505,1,2300000000.0
1762790379.7589505,2,2300000000.0
1762790379.7589505,3,2300000000.0
1762790379.7589505,4,2300000000.0
1762790379.7589505,5,2300000000.0
1762790379.7589505,6,2300000000.0
1762790379.7589505,7,2300000000.0
1762790379.7589505,8,2300000000.0
1762790379.7589505,9,2300000000.0
1762790379.7589505,0,2300000000.0
1762790379.7589505,1,2300000000.0
1762790379.7589505,2,2300000000.0
1762790379.7589505,3,2300000000.0
1762790379.7589505,4,2300000000.0
1762790379.7589505,5,2300000000.0
1762790379.7589505,6,2300000000.0
1762790379.7589505,7,2300000000.0
1762790379.7589505,8,2300000000.0
1762790379.7589505,9,2300000000.0
1762790379.7589505,0,2300000000.0
1762790379.7589505,1,2300000000.0
1762790379.7589505,2,2300000000.0
1762790379.7589505,3,2300000000.0
1762790379.7589505,4,2300000000.0
1762790379.7589505,5,2300000000.0
1762790379.7589505,6,2300000000.0
1762790379.7589505,7,2300000000.0
1762790379.7589505,8,2300000000.0
1762790379.7589505,9,2300000000.0
1762790379.7589505,0,2300000000.0
1762790379.7589505,1,2300000000.0
1762790379.7589505,2,2300000000.0
1762790379.7589505,3,2300000000.0
1762790379.7589505,4,2300000000.0
1762790379.7589505,5,2300000000.0
1762790380.7589452,0,2900000000.0
1762790380.7589452,1,2900000000.0
1762790380.7589452,2,2900000000.0
1762790380.7589452,3,2900000000.0
1762790380.7589452,4,2900000000.0
1762790380.7589452,5,2900000000.0
1762790380.7589452,6,2900000000.0
1762790380.7589452,7,2900000000.0
1762790380.7589452,8,2900000000.0
1762790380.7589452,9,2900000000.0
1762790380.7589452,0,2900000000.0
1762790380.7589452,1,2900000000.0
1762790380.7589452,2,2900000000.0
1762790380.7589452,3,2900000000.0
1762790380.7589452,4,2900000000.0
1762790380.7589452,5,2900000000.0
1762790380.7589452,6,2900000000.0
1762790380.7589452,7,2900000000.0
1762790380.7589452,8,2900000000.0
1762790380.7589452,9,2900000000.0
1762790380.7589452,0,2900000000.0
1762790380.7589452,1,2900000000.0
1762790380.7589452,2,2900000000.0
1762790380.7589452,3,2900000000.0
1762790380.7589452,4,2900000000.0
1762790380.7589452,5,2900000000.0
1762790380.7589452,6,2900000000.0
1762790380.7589452,7,2900000000.0
1762790380.7589452,8,2900000000.0
1762790380.7589452,9,2900000000.0
1762790380.7589452,0,2900000000.0
1762790380.7589452,1,2900000000.0
1762790380.7589452,2,2900000000.0
1762790380.7589452,3,2900000000.0
1762790380.7589452,4,2900000000.0
1762790380.7589452,5,2900000000.0
1762790380.7589452,6,2900000000.0
1762790380.7589452,7,2900000000.0
1762790380.7589452,8,2900000000.0
1762790380.7589452,9,2900000000.0
1762790380.7589452,0,2900000000.0
1762790380.7589452,1,2900000000.0
1762790380.7589452,2,2900000000.0
1762790380.7589452,3,2900000000.0
1762790380.7589452,4,2900000000.0
1762790380.7589452,5,2900000000.0
1762790380.7589452,6,2900000000.0
1762790380.7589452,7,2900000000.0
1762790380.7589452,8,2900000000.0
1762790380.7589452,9,2900000000.0
1762790380.7589452,0,2900000000.0
1762790380.7589452,1,2900000000.0
1762790380.7589452,2,2900000000.0
1762790380.7589452,3,2900000000.0
1762790380.7589452,4,2900000000.0
1762790380.7589452,5,2900000000.0
1762790380.7589452,6,2900000000.0
1762790380.7589452,7,2900000000.0
1762790380.7589452,8,2900000000.0
1762790380.7589452,9,2900000000.0
1762790380.7589452,0,2900000000.0
1762790380.7589452,1,2900000000.0
1762790380.7589452,2,2900000000.0
1762790380.7589452,3,2900000000.0
1762790380.7589452,4,2900000000.0
1762790380.7589452,5,2900000000.0
1762790380.7589452,6,2900000000.0
1762790380.7589452,7,2900000000.0
1762790380.7589452,8,2900000000.0
1762790380.7589452,9,2900000000.0
1762790380.7589452,0,2900000000.0
1762790380.7589452,1,2900000000.0
1762790380.7589452,2,2900000000.0
1762790380.7589452,3,2900000000.0
1762790380.7589452,4,2900000000.0
1762790380.7589452,5,2900000000.0
1762790380.7589452,6,2900000000.0
1762790380.7589452,7,2900000000.0
1762790380.7589452,8,2900000000.0
1762790380.7589452,9,2900000000.0
1762790380.7589452,0,2900000000.0
1762790380.7589452,1,2900000000.0
1762790380.7589452,2,2900000000.0
1762790380.7589452,3,2900000000.0
1762790380.7589452,4,2900000000.0
1762790380.7589452,5,2900000000.0
1762790380.7589452,6,2900000000.0
1762790380.7589452,7,2900000000.0
1762790380.7589452,8,2900000000.0
1762790380.7589452,9,2900000000.0
1762790380.7589452,0,2900000000.0
1762790380.7589452,1,2900000000.0
1762790380.7589452,2,2900000000.0
1762790380.7589452,3,2900000000.0
1762790380.7589452,4,2900000000.0
1762790380.7589452,5,2900000000.0
1762790381.7589238,0,2900000000.0
1762790381.7589238,1,2900000000.0
1762790381.7589238,2,2900000000.0
1762790381.7589238,3,2900000000.0
1762790381.7589238,4,2900000000.0
1762790381.7589238,5,2900000000.0
1762790381.7589238,6,2900000000.0
1762790381.7589238,7,2900000000.0
1762790381.7589238,8,2900000000.0
1762790381.7589238,9,2900000000.0
1762790381.7589238,0,2900000000.0
1762790381.7589238,1,2900000000.0
1762790381.7589238,2,2900000000.0
1762790381.7589238,3,2900000000.0
1762790381.7589238,4,2900000000.0
1762790381.7589238,5,2900000000.0
1762790381.7589238,6,2900000000.0
1762790381.7589238,7,2900000000.0
1762790381.7589238,8,2900000000.0
1762790381.7589238,9,2900000000.0
1762790381.7589238,0,2900000000.0
1762790381.7589238,1,2900000000.0
1762790381.7589238,2,2900000000.0
1762790381.7589238,3,2900000000.0
1762790381.7589238,4,2900000000.0
1762790381.7589238,5,2900000000.0
1762790381.7589238,6,2900000000.0
1762790381.7589238,7,2900000000.0
1762790381.7589238,8,2900000000.0
1762790381.7589238,9,2900000000.0
1762790381.7589238,0,2900000000.0
1762790381.7589238,1,2900000000.0
1762790381.7589238,2,2900000000.0
1762790381.7589238,3,2900000000.0
1762790381.7589238,4,2900000000.0
1762790381.7589238,5,2900000000.0
1762790381.7589238,6,2900000000.0
1762790381.7589238,7,2900000000.0
1762790381.7589238,8,2900000000.0
1762790381.7589238,9,2900000000.0
1762790381.7589238,0,2900000000.0
1762790381.7589238,1,2900000000.0
1762790381.7589238,2,2900000000.0
1762790381.7589238,3,2900000000.0
1762790381.7589238,4,2900000000.0
1762790381.7589238,5,2900000000.0
1762790381.7589238,6,2900000000.0
1762790381.7589238,7,2900000000.0
1762790381.7589238,8,2900000000.0
1762790381.7589238,9,2900000000.0
1762790381.7589238,0,2900000000.0
1762790381.7589238,1,2900000000.0
1762790381.7589238,2,2900000000.0
1762790381.7589238,3,2900000000.0
1762790381.7589238,4,2900000000.0
1762790381.7589238,5,2900000000.0
1762790381.7589238,6,2900000000.0
1762790381.7589238,7,2900000000.0
1762790381.7589238,8,2900000000.0
1762790381.7589238,9,2900000000.0
1762790381.7589238,0,2900000000.0
1762790381.7589238,1,2900000000.0
1762790381.7589238,2,2900000000.0
1762790381.7589238,3,2900000000.0
1762790381.7589238,4,2900000000.0
1762790381.7589238,5,2900000000.0
1762790381.7589238,6,2900000000.0
1762790381.7589238,7,2900000000.0
1762790381.7589238,8,2900000000.0
1762790381.7589238,9,2900000000.0
1762790381.7589238,0,2900000000.0
1762790381.7589238,1,2900000000.0
1762790381.7589238,2,2900000000.0
1762790381.7589238,3,2900000000.0
1762790381.7589238,4,2900000000.0
1762790381.7589238,5,2900000000.0
1762790381.7589238,6,2900000000.0
1762790381.7589238,7,2900000000.0
1762790381.7589238,8,2900000000.0
1762790381.7589238,9,2900000000.0
1762790381.7589238,0,2900000000.0
1762790381.7589238,1,2900000000.0
1762790381.7589238,2,2900000000.0
1762790381.7589238,3,2900000000.0
1762790381.7589238,4,2900000000.0
1762790381.7589238,5,2900000000.0
1762790381.7589238,6,2900000000.0
1762790381.7589238,7,2900000000.0
1762790381.7589238,8,2900000000.0
1762790381.7589238,9,2900000000.0
1762790381.7589238,0,2900000000.0
1762790381.7589238,1,2900000000.0
1762790381.7589238,2,2900000000.0
1762790381.7589238,3,2900000000.0
1762790381.7589238,4,2900000000.0
1762790381.7589238,5,2900000000.0
1762790382.7589436,0,3100000000.0
1762790382.7589436,1,3200000000.0
1762790382.7589436,2,3100000000.0
1762790382.7589436,3,3200000000.0
1762790382.7589436,4,3100000000.0
1762790382.7589436,5,3200000000.0
1762790382.7589436,6,3100000000.0
1762790382.7589436,7,3200000000.0
1762790382.7589436,8,3100000000.0
1762790382.7589436,9,3200000000.0
1762790382.7589436,0,3100000000.0
1762790382.7589436,1,3200000000.0
1762790382.7589436,2,3100000000.0
1762790382.7589436,3,3200000000.0
1762790382.7589436,4,3100000000.0
1762790382.7589436,5,3200000000.0
1762790382.7589436,6,3100000000.0
1762790382.7589436,7,3200000000.0
1762790382.7589436,8,3100000000.0
1762790382.7589436,9,3200000000.0
1762790382.7589436,0,3200000000.0
1762790382.7589436,1,3200000000.0
1762790382.7589436,2,3200000000.0
1762790382.7589436,3,3200000000.0
1762790382.7589436,4,3200000000.0
1762790382.7589436,5,3200000000.0
1762790382.7589436,6,3200000000.0
1762790382.7589436,7,3200000000.0
1762790382.7589436,8,3200000000.0
1762790382.7589436,9,3200000000.0
1762790382.7589436,0,3200000000.0
1762790382.7589436,1,3200000000.0
1762790382.7589436,2,3100000000.0
1762790382.7589436,3,3000000000.0
1762790382.7589436,4,3100000000.0
1762790382.7589436,5,3200000000.0
1762790382.7589436,6,3100000000.0
1762790382.7589436,7,3200000000.0
1762790382.7589436,8,3100000000.0
1762790382.7589436,9,3200000000.0
1762790382.7589436,0,3100000000.0
1762790382.7589436,1,3200000000.0
1762790382.7589436,2,3100000000.0
1762790382.7589436,3,3200000000.0
1762790382.7589436,4,3100000000.0
1762790382.7589436,5,3200000000.0
1762790382.7589436,6,3100000000.0
1762790382.7589436,7,3200000000.0
1762790382.7589436,8,3100000000.0
1762790382.7589436,9,3200000000.0
1762790382.7589436,0,3100000000.0
1762790382.7589436,1,3200000000.0
1762790382.7589436,2,3100000000.0
1762790382.7589436,3,3200000000.0
1762790382.7589436,4,3000000000.0
1762790382.7589436,5,3200000000.0
1762790382.7589436,6,3100000000.0
1762790382.7589436,7,3200000000.0
1762790382.7589436,8,3100000000.0
1762790382.7589436,9,3200000000.0
1762790382.7589436,0,3100000000.0
1762790382.7589436,1,3200000000.0
1762790382.7589436,2,3100000000.0
1762790382.7589436,3,3200000000.0
1762790382.7589436,4,3100000000.0
1762790382.7589436,5,3200000000.0
1762790382.7589436,6,3100000000.0
1762790382.7589436,7,3200000000.0
1762790382.7589436,8,3100000000.0
1762790382.7589436,9,3200000000.0
1762790382.7589436,0,3100000000.0
1762790382.7589436,1,3200000000.0
1762790382.7589436,2,3100000000.0
1762790382.7589436,3,3200000000.0
1762790382.7589436,4,3100000000.0
1762790382.7589436,5,3200000000.0
1762790382.7589436,6,3100000000.0
1762790382.7589436,7,3200000000.0
1762790382.7589436,8,3100000000.0
1762790382.7589436,9,3200000000.0
1762790382.7589436,0,3100000000.0
1762790382.7589436,1,3200000000.0
1762790382.7589436,2,3100000000.0
1762790382.7589436,3,3200000000.0
1762790382.7589436,4,3100000000.0
1762790382.7589436,5,3200000000.0
1762790382.7589436,6,3100000000.0
1762790382.7589436,7,3200000000.0
1762790382.7589436,8,3100000000.0
1762790382.7589436,9,3200000000.0
1762790382.7589436,0,3100000000.0
1762790382.7589436,1,3200000000.0
1762790382.7589436,2,3100000000.0
1762790382.7589436,3,3200000000.0
1762790382.7589436,4,3100000000.0
1762790382.7589436,5,3200000000.0
1762790383.7589445,0,3100000000.0
1762790383.7589445,1,3100000000.0
1762790383.7589445,2,3100000000.0
1762790383.7589445,3,3100000000.0
1762790383.7589445,4,3100000000.0
1762790383.7589445,5,3100000000.0
1762790383.7589445,6,3100000000.0
1762790383.7589445,7,3100000000.0
1762790383.7589445,8,3100000000.0
1762790383.7589445,9,3100000000.0
1762790383.7589445,0,3100000000.0
1762790383.7589445,1,3100000000.0
1762790383.7589445,2,3100000000.0
1762790383.7589445,3,3100000000.0
1762790383.7589445,4,3100000000.0
1762790383.7589445,5,3100000000.0
1762790383.7589445,6,3100000000.0
1762790383.7589445,7,3100000000.0
1762790383.7589445,8,3100000000.0
1762790383.7589445,9,3100000000.0
1762790383.7589445,0,3100000000.0
1762790383.7589445,1,3100000000.0
1762790383.7589445,2,3100000000.0
1762790383.7589445,3,3200000000.0
1762790383.7589445,4,3100000000.0
1762790383.7589445,5,3200000000.0
1762790383.7589445,6,3100000000.0
1762790383.7589445,7,3200000000.0
1762790383.7589445,8,3200000000.0
1762790383.7589445,9,3200000000.0
1762790383.7589445,0,3200000000.0
1762790383.7589445,1,3200000000.0
1762790383.7589445,2,3200000000.0
1762790383.7589445,3,3200000000.0
1762790383.7589445,4,3200000000.0
1762790383.7589445,5,3000000000.0
1762790383.7589445,6,3200000000.0
1762790383.7589445,7,3200000000.0
1762790383.7589445,8,3200000000.0
1762790383.7589445,9,3200000000.0
1762790383.7589445,0,3000000000.0
1762790383.7589445,1,3200000000.0
1762790383.7589445,2,3200000000.0
1762790383.7589445,3,3200000000.0
1762790383.7589445,4,3100000000.0
1762790383.7589445,5,3200000000.0
1762790383.7589445,6,3100000000.0
1762790383.7589445,7,3200000000.0
1762790383.7589445,8,3100000000.0
1762790383.7589445,9,3200000000.0
1762790383.7589445,0,3100000000.0
1762790383.7589445,1,3200000000.0
1762790383.7589445,2,3100000000.0
1762790383.7589445,3,3200000000.0
1762790383.7589445,4,3100000000.0
1762790383.7589445,5,3200000000.0
1762790383.7589445,6,3100000000.0
1762790383.7589445,7,3000000000.0
1762790383.7589445,8,3100000000.0
1762790383.7589445,9,3200000000.0
1762790383.7589445,0,3100000000.0
1762790383.7589445,1,3200000000.0
1762790383.7589445,2,3000000000.0
1762790383.7589445,3,3200000000.0
1762790383.7589445,4,3100000000.0
1762790383.7589445,5,3200000000.0
1762790383.7589445,6,3100000000.0
1762790383.7589445,7,3200000000.0
1762790383.7589445,8,3100000000.0
1762790383.7589445,9,3200000000.0
1762790383.7589445,0,3100000000.0
1762790383.7589445,1,3200000000.0
1762790383.7589445,2,3100000000.0
1762790383.7589445,3,3200000000.0
1762790383.7589445,4,3100000000.0
1762790383.7589445,5,3200000000.0
1762790383.7589445,6,3100000000.0
1762790383.7589445,7,3200000000.0
1762790383.7589445,8,3100000000.0
1762790383.7589445,9,3200000000.0
1762790383.7589445,0,3100000000.0
1762790383.7589445,1,3200000000.0
1762790383.7589445,2,3100000000.0
1762790383.7589445,3,3200000000.0
1762790383.7589445,4,3100000000.0
1762790383.7589445,5,3200000000.0
1762790383.7589445,6,3100000000.0
1762790383.7589445,7,3200000000.0
1762790383.7589445,8,3200000000.0
1762790383.7589445,9,3200000000.0
1762790383.7589445,0,3200000000.0
1762790383.7589445,1,3200000000.0
1762790383.7589445,2,3200000000.0
1762790383.7589445,3,3200000000.0
1762790383.7589445,4,3200000000.0
1762790383.7589445,5,3200000000.0
