time,scope,value
1769810290.4669042,nrm.extra.perf.PAPI_L3_TCA.25468,453738523.0
1769810290.4669042,nrm.extra.perf.PAPI_TOT_INS.25468,148091773528.0
1769810290.4669042,nrm.extra.perf.PAPI_TOT_CYC.25468,260151248826.0
1769810290.4669042,nrm.extra.perf.PAPI_RES_STL.25468,125753691622.0
1769810290.4669042,nrm.extra.perf.PAPI_L3_TCM.25468,46875524.0
1769810291.4639323,nrm.extra.perf.PAPI_L3_TCA.25468,955363105.0
1769810291.4639323,nrm.extra.perf.PAPI_TOT_INS.25468,310980135171.0
1769810291.4639323,nrm.extra.perf.PAPI_TOT_CYC.25468,537935230186.0
1769810291.4639323,nrm.extra.perf.PAPI_RES_STL.25468,263618979473.0
1769810291.4639323,nrm.extra.perf.PAPI_L3_TCM.25468,97527729.0
1769810292.46394,nrm.extra.perf.PAPI_L3_TCA.25468,1458891690.0
1769810292.46394,nrm.extra.perf.PAPI_TOT_INS.25468,474233069155.0
1769810292.46394,nrm.extra.perf.PAPI_TOT_CYC.25468,815940551226.0
1769810292.46394,nrm.extra.perf.PAPI_RES_STL.25468,401784893384.0
1769810292.46394,nrm.extra.perf.PAPI_L3_TCM.25468,148170617.0
1769810293.4659069,nrm.extra.perf.PAPI_L3_TCA.25468,1963426939.0
1769810293.4659069,nrm.extra.perf.PAPI_TOT_INS.25468,637842153655.0
1769810293.4659069,nrm.extra.perf.PAPI_TOT_CYC.25468,1094635735922.0
1769810293.4659069,nrm.extra.perf.PAPI_RES_STL.25468,540106704344.0
1769810293.4659069,nrm.extra.perf.PAPI_L3_TCM.25468,198887668.0
1769810294.4637344,nrm.extra.perf.PAPI_L3_TCA.25468,2464054751.0
1769810294.4637344,nrm.extra.perf.PAPI_TOT_INS.25468,800397912727.0
1769810294.4637344,nrm.extra.perf.PAPI_TOT_CYC.25468,1372162751472.0
1769810294.4637344,nrm.extra.perf.PAPI_RES_STL.25468,677229085812.0
1769810294.4637344,nrm.extra.perf.PAPI_L3_TCM.25468,247963441.0
1769810295.4648807,nrm.extra.perf.PAPI_L3_TCA.25468,2970467496.0
1769810295.4648807,nrm.extra.perf.PAPI_TOT_INS.25468,964214247426.0
1769810295.4648807,nrm.extra.perf.PAPI_TOT_CYC.25468,1650756456237.0
1769810295.4648807,nrm.extra.perf.PAPI_RES_STL.25468,816046615762.0
1769810295.4648807,nrm.extra.perf.PAPI_L3_TCM.25468,297931564.0
1769810296.4678853,nrm.extra.perf.PAPI_L3_TCA.25468,3477990678.0
1769810296.4678853,nrm.extra.perf.PAPI_TOT_INS.25468,1128509697839.0
1769810296.4678853,nrm.extra.perf.PAPI_TOT_CYC.25468,1930337029951.0
1769810296.4678853,nrm.extra.perf.PAPI_RES_STL.25468,954928240524.0
1769810296.4678853,nrm.extra.perf.PAPI_L3_TCM.25468,348456646.0
1769810297.4638884,nrm.extra.perf.PAPI_L3_TCA.25468,3981485959.0
1769810297.4638884,nrm.extra.perf.PAPI_TOT_INS.25468,1291542385567.0
1769810297.4638884,nrm.extra.perf.PAPI_TOT_CYC.25468,2207366206430.0
1769810297.4638884,nrm.extra.perf.PAPI_RES_STL.25468,1092683652929.0
1769810297.4638884,nrm.extra.perf.PAPI_L3_TCM.25468,398591288.0
1769810298.4642198,nrm.extra.perf.PAPI_L3_TCA.25468,4424937775.0
1769810298.4642198,nrm.extra.perf.PAPI_TOT_INS.25468,1435350835887.0
1769810298.4642198,nrm.extra.perf.PAPI_TOT_CYC.25468,2453963070207.0
1769810298.4642198,nrm.extra.perf.PAPI_RES_STL.25468,1213942092658.0
1769810298.4642198,nrm.extra.perf.PAPI_L3_TCM.25468,442909459.0
1769810299.466277,nrm.extra.perf.PAPI_L3_TCA.25468,4803435282.0
1769810299.466277,nrm.extra.perf.PAPI_TOT_INS.25468,1557983235631.0
1769810299.466277,nrm.extra.perf.PAPI_TOT_CYC.25468,2661712917515.0
1769810299.466277,nrm.extra.perf.PAPI_RES_STL.25468,1316908658429.0
1769810299.466277,nrm.extra.perf.PAPI_L3_TCM.25468,480603130.0
1769810300.4643435,nrm.extra.perf.PAPI_L3_TCA.25468,5120317746.0
1769810300.4643435,nrm.extra.perf.PAPI_TOT_INS.25468,1663228419186.0
1769810300.4643435,nrm.extra.perf.PAPI_TOT_CYC.25468,2852249397936.0
1769810300.4643435,nrm.extra.perf.PAPI_RES_STL.25468,1403739297732.0
1769810300.4643435,nrm.extra.perf.PAPI_L3_TCM.25468,512218751.0
1769810301.4661922,nrm.extra.perf.PAPI_L3_TCA.25468,5504631471.0
1769810301.4661922,nrm.extra.perf.PAPI_TOT_INS.25468,1787652793131.0
1769810301.4661922,nrm.extra.perf.PAPI_TOT_CYC.25468,3062871307555.0
1769810301.4661922,nrm.extra.perf.PAPI_RES_STL.25468,1508686095316.0
1769810301.4661922,nrm.extra.perf.PAPI_L3_TCM.25468,550808499.0
1769810302.4630477,nrm.extra.perf.PAPI_L3_TCA.25468,5853261276.0
1769810302.4630477,nrm.extra.perf.PAPI_TOT_INS.25468,1902213531375.0
1769810302.4630477,nrm.extra.perf.PAPI_TOT_CYC.25468,3263769561169.0
1769810302.4630477,nrm.extra.perf.PAPI_RES_STL.25468,1603632073798.0
1769810302.4630477,nrm.extra.perf.PAPI_L3_TCM.25468,585734566.0
1769810303.465261,nrm.extra.perf.PAPI_L3_TCA.25468,6118784871.0
1769810303.465261,nrm.extra.perf.PAPI_TOT_INS.25468,1992644857172.0
1769810303.465261,nrm.extra.perf.PAPI_TOT_CYC.25468,3438527096097.0
1769810303.465261,nrm.extra.perf.PAPI_RES_STL.25468,1676998969152.0
1769810303.465261,nrm.extra.perf.PAPI_L3_TCM.25468,612504351.0
1769810304.4662795,nrm.extra.perf.PAPI_L3_TCA.25468,6430462106.0
1769810304.4662795,nrm.extra.perf.PAPI_TOT_INS.25468,2096211792724.0
1769810304.4662795,nrm.extra.perf.PAPI_TOT_CYC.25468,3625555270995.0
1769810304.4662795,nrm.extra.perf.PAPI_RES_STL.25468,1762184872231.0
1769810304.4662795,nrm.extra.perf.PAPI_L3_TCM.25468,643736589.0
1769810305.4641435,nrm.extra.perf.PAPI_L3_TCA.25468,6814267505.0
1769810305.4641435,nrm.extra.perf.PAPI_TOT_INS.25468,2220219842538.0
1769810305.4641435,nrm.extra.perf.PAPI_TOT_CYC.25468,3835823360270.0
1769810305.4641435,nrm.extra.perf.PAPI_RES_STL.25468,1866923959784.0
1769810305.4641435,nrm.extra.perf.PAPI_L3_TCM.25468,682594542.0
1769810306.4680157,nrm.extra.perf.PAPI_L3_TCA.25468,7237999303.0
1769810306.4680157,nrm.extra.perf.PAPI_TOT_INS.25468,2357650271978.0
1769810306.4680157,nrm.extra.perf.PAPI_TOT_CYC.25468,4069476012967.0
1769810306.4680157,nrm.extra.perf.PAPI_RES_STL.25468,1982424801254.0
1769810306.4680157,nrm.extra.perf.PAPI_L3_TCM.25468,724960531.0
1769810307.4638333,nrm.extra.perf.PAPI_L3_TCA.25468,7699283637.0
1769810307.4638333,nrm.extra.perf.PAPI_TOT_INS.25468,2507159595661.0
1769810307.4638333,nrm.extra.perf.PAPI_TOT_CYC.25468,4321928915738.0
1769810307.4638333,nrm.extra.perf.PAPI_RES_STL.25468,2107916394380.0
1769810307.4638333,nrm.extra.perf.PAPI_L3_TCM.25468,771051959.0
1769810308.4679363,nrm.extra.perf.PAPI_L3_TCA.25468,8146335781.0
1769810308.4679363,nrm.extra.perf.PAPI_TOT_INS.25468,2652376520958.0
1769810308.4679363,nrm.extra.perf.PAPI_TOT_CYC.25468,4572010066717.0
1769810308.4679363,nrm.extra.perf.PAPI_RES_STL.25468,2230140170435.0
1769810308.4679363,nrm.extra.perf.PAPI_L3_TCM.25468,816171173.0
1769810309.463987,nrm.extra.perf.PAPI_L3_TCA.25468,8607408328.0
1769810309.463987,nrm.extra.perf.PAPI_TOT_INS.25468,2801670994250.0
1769810309.463987,nrm.extra.perf.PAPI_TOT_CYC.25468,4824417221308.0
1769810309.463987,nrm.extra.perf.PAPI_RES_STL.25468,2355749535234.0
1769810309.463987,nrm.extra.perf.PAPI_L3_TCM.25468,862494890.0
1769810310.4641666,nrm.extra.perf.PAPI_L3_TCA.25468,9069188722.0
1769810310.4641666,nrm.extra.perf.PAPI_TOT_INS.25468,2951280220740.0
1769810310.4641666,nrm.extra.perf.PAPI_TOT_CYC.25468,5077799305362.0
1769810310.4641666,nrm.extra.perf.PAPI_RES_STL.25468,2481259078224.0
1769810310.4641666,nrm.extra.perf.PAPI_L3_TCM.25468,908708678.0
1769810311.4680138,nrm.extra.perf.PAPI_L3_TCA.25468,9534567423.0
1769810311.4680138,nrm.extra.perf.PAPI_TOT_INS.25468,3101806908924.0
1769810311.4680138,nrm.extra.perf.PAPI_TOT_CYC.25468,5332376151626.0
1769810311.4680138,nrm.extra.perf.PAPI_RES_STL.25468,2608218647179.0
1769810311.4680138,nrm.extra.perf.PAPI_L3_TCM.25468,955905336.0
1769810312.4639373,nrm.extra.perf.PAPI_L3_TCA.25468,9995526957.0
1769810312.4639373,nrm.extra.perf.PAPI_TOT_INS.25468,3250845076575.0
1769810312.4639373,nrm.extra.perf.PAPI_TOT_CYC.25468,5584685649100.0
1769810312.4639373,nrm.extra.perf.PAPI_RES_STL.25468,2733818871750.0
1769810312.4639373,nrm.extra.perf.PAPI_L3_TCM.25468,1002495103.0
1769810313.4660802,nrm.extra.perf.PAPI_L3_TCA.25468,10442037510.0
1769810313.4660802,nrm.extra.perf.PAPI_TOT_INS.25468,3396280392265.0
1769810313.4660802,nrm.extra.perf.PAPI_TOT_CYC.25468,5834431062778.0
1769810313.4660802,nrm.extra.perf.PAPI_RES_STL.25468,2855420574840.0
1769810313.4660802,nrm.extra.perf.PAPI_L3_TCM.25468,1047773649.0
1769810314.4640386,nrm.extra.perf.PAPI_L3_TCA.25468,10882835086.0
1769810314.4640386,nrm.extra.perf.PAPI_TOT_INS.25468,3539110724326.0
1769810314.4640386,nrm.extra.perf.PAPI_TOT_CYC.25468,6076076798565.0
1769810314.4640386,nrm.extra.perf.PAPI_RES_STL.25468,2975652854937.0
1769810314.4640386,nrm.extra.perf.PAPI_L3_TCM.25468,1092465552.0
1769810315.467077,nrm.extra.perf.PAPI_L3_TCA.25468,11305078037.0
1769810315.467077,nrm.extra.perf.PAPI_TOT_INS.25468,3675703132737.0
1769810315.467077,nrm.extra.perf.PAPI_TOT_CYC.25468,6307503474435.0
1769810315.467077,nrm.extra.perf.PAPI_RES_STL.25468,3090516642280.0
1769810315.467077,nrm.extra.perf.PAPI_L3_TCM.25468,1136069827.0
1769810316.4641323,nrm.extra.perf.PAPI_L3_TCA.25468,11724333445.0
1769810316.4641323,nrm.extra.perf.PAPI_TOT_INS.25468,3811652461661.0
1769810316.4641323,nrm.extra.perf.PAPI_TOT_CYC.25468,6538121579691.0
1769810316.4641323,nrm.extra.perf.PAPI_RES_STL.25468,3204687377113.0
1769810316.4641323,nrm.extra.perf.PAPI_L3_TCM.25468,1178855596.0
1769810317.4641407,nrm.extra.perf.PAPI_L3_TCA.25468,12145107191.0
1769810317.4641407,nrm.extra.perf.PAPI_TOT_INS.25468,3948133356313.0
1769810317.4641407,nrm.extra.perf.PAPI_TOT_CYC.25468,6769604190732.0
1769810317.4641407,nrm.extra.perf.PAPI_RES_STL.25468,3319240144320.0
1769810317.4641407,nrm.extra.perf.PAPI_L3_TCM.25468,1221866910.0
1769810318.4671078,nrm.extra.perf.PAPI_L3_TCA.25468,12537180399.0
1769810318.4671078,nrm.extra.perf.PAPI_TOT_INS.25468,4076220696878.0
1769810318.4671078,nrm.extra.perf.PAPI_TOT_CYC.25468,6992849188493.0
1769810318.4671078,nrm.extra.perf.PAPI_RES_STL.25468,3426239982816.0
1769810318.4671078,nrm.extra.perf.PAPI_L3_TCM.25468,1261939232.0
1769810319.4651005,nrm.extra.perf.PAPI_L3_TCA.25468,12955146826.0
1769810319.4651005,nrm.extra.perf.PAPI_TOT_INS.25468,4211783083094.0
1769810319.4651005,nrm.extra.perf.PAPI_TOT_CYC.25468,7223455211517.0
1769810319.4651005,nrm.extra.perf.PAPI_RES_STL.25468,3540238449405.0
1769810319.4651005,nrm.extra.perf.PAPI_L3_TCM.25468,1304312224.0
1769810320.4651113,nrm.extra.perf.PAPI_L3_TCA.25468,13376055461.0
1769810320.4651113,nrm.extra.perf.PAPI_TOT_INS.25468,4348278024072.0
1769810320.4651113,nrm.extra.perf.PAPI_TOT_CYC.25468,7454787320159.0
1769810320.4651113,nrm.extra.perf.PAPI_RES_STL.25468,3654872110327.0
1769810320.4651113,nrm.extra.perf.PAPI_L3_TCM.25468,1347152225.0
1769810321.4680998,nrm.extra.perf.PAPI_L3_TCA.25468,13798150838.0
1769810321.4680998,nrm.extra.perf.PAPI_TOT_INS.25468,4485009246697.0
1769810321.4680998,nrm.extra.perf.PAPI_TOT_CYC.25468,7687029680944.0
1769810321.4680998,nrm.extra.perf.PAPI_RES_STL.25468,3769841117210.0
1769810321.4680998,nrm.extra.perf.PAPI_L3_TCM.25468,1390100153.0
1769810322.463927,nrm.extra.perf.PAPI_L3_TCA.25468,14256181174.0
1769810322.463927,nrm.extra.perf.PAPI_TOT_INS.25468,4633605029088.0
1769810322.463927,nrm.extra.perf.PAPI_TOT_CYC.25468,7940225371485.0
1769810322.463927,nrm.extra.perf.PAPI_RES_STL.25468,3895129939416.0
1769810322.463927,nrm.extra.perf.PAPI_L3_TCM.25468,1436741772.0
1769810323.463877,nrm.extra.perf.PAPI_L3_TCA.25468,14744022926.0
1769810323.463877,nrm.extra.perf.PAPI_TOT_INS.25468,4792408005574.0
1769810323.463877,nrm.extra.perf.PAPI_TOT_CYC.25468,8213535317740.0
1769810323.463877,nrm.extra.perf.PAPI_RES_STL.25468,4028728821805.0
1769810323.463877,nrm.extra.perf.PAPI_L3_TCM.25468,1485811348.0
1769810324.4678633,nrm.extra.perf.PAPI_L3_TCA.25468,15248746391.0
1769810324.4678633,nrm.extra.perf.PAPI_TOT_INS.25468,4956044129607.0
1769810324.4678633,nrm.extra.perf.PAPI_TOT_CYC.25468,8493143668218.0
1769810324.4678633,nrm.extra.perf.PAPI_RES_STL.25468,4167086080016.0
1769810324.4678633,nrm.extra.perf.PAPI_L3_TCM.25468,1536305118.0
1769810325.4638844,nrm.extra.perf.PAPI_L3_TCA.25468,15750196703.0
1769810325.4638844,nrm.extra.perf.PAPI_TOT_INS.25468,5118663692749.0
1769810325.4638844,nrm.extra.perf.PAPI_TOT_CYC.25468,8770570223317.0
1769810325.4638844,nrm.extra.perf.PAPI_RES_STL.25468,4304507161261.0
1769810325.4638844,nrm.extra.perf.PAPI_L3_TCM.25468,1586121885.0
1769810326.4638083,nrm.extra.perf.PAPI_L3_TCA.25468,16257352095.0
1769810326.4638083,nrm.extra.perf.PAPI_TOT_INS.25468,5283032423413.0
1769810326.4638083,nrm.extra.perf.PAPI_TOT_CYC.25468,9049100186498.0
1769810326.4638083,nrm.extra.perf.PAPI_RES_STL.25468,4443407624935.0
1769810326.4638083,nrm.extra.perf.PAPI_L3_TCM.25468,1636392116.0
1769810327.4668815,nrm.extra.perf.PAPI_L3_TCA.25468,16763990258.0
1769810327.4668815,nrm.extra.perf.PAPI_TOT_INS.25468,5447215778735.0
1769810327.4668815,nrm.extra.perf.PAPI_TOT_CYC.25468,9328969824016.0
1769810327.4668815,nrm.extra.perf.PAPI_RES_STL.25468,4582147315218.0
1769810327.4668815,nrm.extra.perf.PAPI_L3_TCM.25468,1687015779.0
1769810328.463878,nrm.extra.perf.PAPI_L3_TCA.25468,17267663450.0
1769810328.463878,nrm.extra.perf.PAPI_TOT_INS.25468,5610394490356.0
1769810328.463878,nrm.extra.perf.PAPI_TOT_CYC.25468,9606516748041.0
1769810328.463878,nrm.extra.perf.PAPI_RES_STL.25468,4720076199218.0
1769810328.463878,nrm.extra.perf.PAPI_L3_TCM.25468,1737570758.0
1769810329.4638844,nrm.extra.perf.PAPI_L3_TCA.25468,17775031830.0
1769810329.4638844,nrm.extra.perf.PAPI_TOT_INS.25468,5774535588978.0
1769810329.4638844,nrm.extra.perf.PAPI_TOT_CYC.25468,9884808500947.0
1769810329.4638844,nrm.extra.perf.PAPI_RES_STL.25468,4859139392864.0
1769810329.4638844,nrm.extra.perf.PAPI_L3_TCM.25468,1788446555.0
1769810330.4678662,nrm.extra.perf.PAPI_L3_TCA.25468,18282364554.0
1769810330.4678662,nrm.extra.perf.PAPI_TOT_INS.25468,5938910060995.0
1769810330.4678662,nrm.extra.perf.PAPI_TOT_CYC.25468,10164627144058.0
1769810330.4678662,nrm.extra.perf.PAPI_RES_STL.25468,4998254523689.0
1769810330.4678662,nrm.extra.perf.PAPI_L3_TCM.25468,1839300453.0
1769810331.4638896,nrm.extra.perf.PAPI_L3_TCA.25468,18785653165.0
1769810331.4638896,nrm.extra.perf.PAPI_TOT_INS.25468,6102047251150.0
1769810331.4638896,nrm.extra.perf.PAPI_TOT_CYC.25468,10441925811199.0
1769810331.4638896,nrm.extra.perf.PAPI_RES_STL.25468,5136347058205.0
1769810331.4638896,nrm.extra.perf.PAPI_L3_TCM.25468,1889518167.0
1769810332.4678574,nrm.extra.perf.PAPI_L3_TCA.25468,19288386207.0
1769810332.4678574,nrm.extra.perf.PAPI_TOT_INS.25468,6265221044411.0
1769810332.4678574,nrm.extra.perf.PAPI_TOT_CYC.25468,10721489209539.0
1769810332.4678574,nrm.extra.perf.PAPI_RES_STL.25468,5274087272526.0
1769810332.4678574,nrm.extra.perf.PAPI_L3_TCM.25468,1940414157.0
1769810333.463885,nrm.extra.perf.PAPI_L3_TCA.25468,19793528054.0
1769810333.463885,nrm.extra.perf.PAPI_TOT_INS.25468,6428659806965.0
1769810333.463885,nrm.extra.perf.PAPI_TOT_CYC.25468,10998895399400.0
1769810333.463885,nrm.extra.perf.PAPI_RES_STL.25468,5412612509743.0
1769810333.463885,nrm.extra.perf.PAPI_L3_TCM.25468,1991899592.0
1769810334.4638758,nrm.extra.perf.PAPI_L3_TCA.25468,20283952739.0
1769810334.4638758,nrm.extra.perf.PAPI_TOT_INS.25468,6588094470540.0
1769810334.4638758,nrm.extra.perf.PAPI_TOT_CYC.25468,11271954933357.0
1769810334.4638758,nrm.extra.perf.PAPI_RES_STL.25468,5546944032661.0
1769810334.4638758,nrm.extra.perf.PAPI_L3_TCM.25468,2041337932.0
1769810335.4638948,nrm.extra.perf.PAPI_L3_TCA.25468,20789703289.0
1769810335.4638948,nrm.extra.perf.PAPI_TOT_INS.25468,6751655632241.0
1769810335.4638948,nrm.extra.perf.PAPI_TOT_CYC.25468,11550061447844.0
1769810335.4638948,nrm.extra.perf.PAPI_RES_STL.25468,5685592907814.0
1769810335.4638948,nrm.extra.perf.PAPI_L3_TCM.25468,2091922209.0
1769810336.46386,nrm.extra.perf.PAPI_L3_TCA.25468,21296282871.0
1769810336.46386,nrm.extra.perf.PAPI_TOT_INS.25468,6915698192777.0
1769810336.46386,nrm.extra.perf.PAPI_TOT_CYC.25468,11828503568871.0
1769810336.46386,nrm.extra.perf.PAPI_RES_STL.25468,5824196480690.0
1769810336.46386,nrm.extra.perf.PAPI_L3_TCM.25468,2142497926.0
1769810337.4678795,nrm.extra.perf.PAPI_L3_TCA.25468,21801704447.0
1769810337.4678795,nrm.extra.perf.PAPI_TOT_INS.25468,7079619093387.0
1769810337.4678795,nrm.extra.perf.PAPI_TOT_CYC.25468,12107644257915.0
1769810337.4678795,nrm.extra.perf.PAPI_RES_STL.25468,5962820854161.0
1769810337.4678795,nrm.extra.perf.PAPI_L3_TCM.25468,2192879783.0
1769810338.4640212,nrm.extra.perf.PAPI_L3_TCA.25468,22305168557.0
1769810338.4640212,nrm.extra.perf.PAPI_TOT_INS.25468,7242646081045.0
1769810338.4640212,nrm.extra.perf.PAPI_TOT_CYC.25468,12384678147379.0
1769810338.4640212,nrm.extra.perf.PAPI_RES_STL.25468,6100565528004.0
1769810338.4640212,nrm.extra.perf.PAPI_L3_TCM.25468,2243522930.0
1769810339.4661129,nrm.extra.perf.PAPI_L3_TCA.25468,22706520478.0
1769810339.4661129,nrm.extra.perf.PAPI_TOT_INS.25468,7373960507415.0
1769810339.4661129,nrm.extra.perf.PAPI_TOT_CYC.25468,12614132878277.0
1769810339.4661129,nrm.extra.perf.PAPI_RES_STL.25468,6210202749818.0
1769810339.4661129,nrm.extra.perf.PAPI_L3_TCM.25468,2283780549.0
1769810340.4639978,nrm.extra.perf.PAPI_L3_TCA.25468,23141068712.0
1769810340.4639978,nrm.extra.perf.PAPI_TOT_INS.25468,7514805743960.0
1769810340.4639978,nrm.extra.perf.PAPI_TOT_CYC.25468,12852599615526.0
1769810340.4639978,nrm.extra.perf.PAPI_RES_STL.25468,6328391162882.0
1769810340.4639978,nrm.extra.perf.PAPI_L3_TCM.25468,2327016961.0
1769810341.4640706,nrm.extra.perf.PAPI_L3_TCA.25468,23570612781.0
1769810341.4640706,nrm.extra.perf.PAPI_TOT_INS.25468,7654543049600.0
1769810341.4640706,nrm.extra.perf.PAPI_TOT_CYC.25468,13091795533476.0
1769810341.4640706,nrm.extra.perf.PAPI_RES_STL.25468,6445443856831.0
1769810341.4640706,nrm.extra.perf.PAPI_L3_TCM.25468,2370185658.0
1769810342.4640439,nrm.extra.perf.PAPI_L3_TCA.25468,23975974782.0
1769810342.4640439,nrm.extra.perf.PAPI_TOT_INS.25468,7786785846223.0
1769810342.4640439,nrm.extra.perf.PAPI_TOT_CYC.25468,13320759784519.0
1769810342.4640439,nrm.extra.perf.PAPI_RES_STL.25468,6556290839038.0
1769810342.4640439,nrm.extra.perf.PAPI_L3_TCM.25468,2410973940.0
1769810343.4670417,nrm.extra.perf.PAPI_L3_TCA.25468,24399184882.0
1769810343.4670417,nrm.extra.perf.PAPI_TOT_INS.25468,7924417322292.0
1769810343.4670417,nrm.extra.perf.PAPI_TOT_CYC.25468,13556445852896.0
1769810343.4670417,nrm.extra.perf.PAPI_RES_STL.25468,6671602808846.0
1769810343.4670417,nrm.extra.perf.PAPI_L3_TCM.25468,2453077811.0
1769810344.464048,nrm.extra.perf.PAPI_L3_TCA.25468,24834995036.0
1769810344.464048,nrm.extra.perf.PAPI_TOT_INS.25468,8065433430400.0
1769810344.464048,nrm.extra.perf.PAPI_TOT_CYC.25468,13795022449835.0
1769810344.464048,nrm.extra.perf.PAPI_RES_STL.25468,6790192562944.0
1769810344.464048,nrm.extra.perf.PAPI_L3_TCM.25468,2496792196.0
1769810345.4680429,nrm.extra.perf.PAPI_L3_TCA.25468,25273658843.0
1769810345.4680429,nrm.extra.perf.PAPI_TOT_INS.25468,8207429921598.0
1769810345.4680429,nrm.extra.perf.PAPI_TOT_CYC.25468,14035246975468.0
1769810345.4680429,nrm.extra.perf.PAPI_RES_STL.25468,6909611941109.0
1769810345.4680429,nrm.extra.perf.PAPI_L3_TCM.25468,2540902790.0
1769810346.4638736,nrm.extra.perf.PAPI_L3_TCA.25468,25733795025.0
1769810346.4638736,nrm.extra.perf.PAPI_TOT_INS.25468,8356906323446.0
1769810346.4638736,nrm.extra.perf.PAPI_TOT_CYC.25468,14290529672049.0
1769810346.4638736,nrm.extra.perf.PAPI_RES_STL.25468,7035219305896.0
1769810346.4638736,nrm.extra.perf.PAPI_L3_TCM.25468,2586963429.0
1769810347.4639087,nrm.extra.perf.PAPI_L3_TCA.25468,26238847198.0
1769810347.4639087,nrm.extra.perf.PAPI_TOT_INS.25468,8520376651603.0
1769810347.4639087,nrm.extra.perf.PAPI_TOT_CYC.25468,14568744849337.0
1769810347.4639087,nrm.extra.perf.PAPI_RES_STL.25468,7173637665495.0
1769810347.4639087,nrm.extra.perf.PAPI_L3_TCM.25468,2637846625.0
1769810348.4639568,nrm.extra.perf.PAPI_L3_TCA.25468,26744340402.0
1769810348.4639568,nrm.extra.perf.PAPI_TOT_INS.25468,8684020460282.0
1769810348.4639568,nrm.extra.perf.PAPI_TOT_CYC.25468,14846671693638.0
1769810348.4639568,nrm.extra.perf.PAPI_RES_STL.25468,7311889300025.0
1769810348.4639568,nrm.extra.perf.PAPI_L3_TCM.25468,2688682747.0
1769810349.4658597,nrm.extra.perf.PAPI_L3_TCA.25468,27250395029.0
1769810349.4658597,nrm.extra.perf.PAPI_TOT_INS.25468,8847853335234.0
1769810349.4658597,nrm.extra.perf.PAPI_TOT_CYC.25468,15125311283832.0
1769810349.4658597,nrm.extra.perf.PAPI_RES_STL.25468,7450495393978.0
1769810349.4658597,nrm.extra.perf.PAPI_L3_TCM.25468,2739216651.0
1769810350.4639137,nrm.extra.perf.PAPI_L3_TCA.25468,27755986009.0
1769810350.4639137,nrm.extra.perf.PAPI_TOT_INS.25468,9011683627031.0
1769810350.4639137,nrm.extra.perf.PAPI_TOT_CYC.25468,15403271479672.0
1769810350.4639137,nrm.extra.perf.PAPI_RES_STL.25468,7589055324645.0
1769810350.4639137,nrm.extra.perf.PAPI_L3_TCM.25468,2789659163.0
1769810351.4638839,nrm.extra.perf.PAPI_L3_TCA.25468,28263183508.0
1769810351.4638839,nrm.extra.perf.PAPI_TOT_INS.25468,9175772389662.0
1769810351.4638839,nrm.extra.perf.PAPI_TOT_CYC.25468,15681685105265.0
1769810351.4638839,nrm.extra.perf.PAPI_RES_STL.25468,7728022477076.0
1769810351.4638839,nrm.extra.perf.PAPI_L3_TCM.25468,2840755922.0
1769810352.4668915,nrm.extra.perf.PAPI_L3_TCA.25468,28772182627.0
1769810352.4668915,nrm.extra.perf.PAPI_TOT_INS.25468,9340501330423.0
1769810352.4668915,nrm.extra.perf.PAPI_TOT_CYC.25468,15960608936094.0
1769810352.4668915,nrm.extra.perf.PAPI_RES_STL.25468,7867187057729.0
1769810352.4668915,nrm.extra.perf.PAPI_L3_TCM.25468,2891847184.0
1769810353.4639058,nrm.extra.perf.PAPI_L3_TCA.25468,29277073853.0
1769810353.4639058,nrm.extra.perf.PAPI_TOT_INS.25468,9503796565783.0
1769810353.4639058,nrm.extra.perf.PAPI_TOT_CYC.25468,16237681330331.0
1769810353.4639058,nrm.extra.perf.PAPI_RES_STL.25468,8005548187379.0
1769810353.4639058,nrm.extra.perf.PAPI_L3_TCM.25468,2942523719.0
1769810354.4640167,nrm.extra.perf.PAPI_L3_TCA.25468,29776773727.0
1769810354.4640167,nrm.extra.perf.PAPI_TOT_INS.25468,9665594476210.0
1769810354.4640167,nrm.extra.perf.PAPI_TOT_CYC.25468,16511818089159.0
1769810354.4640167,nrm.extra.perf.PAPI_RES_STL.25468,8142392498549.0
1769810354.4640167,nrm.extra.perf.PAPI_L3_TCM.25468,2992635796.0
1769810355.4648645,nrm.extra.perf.PAPI_L3_TCA.25468,30232037522.0
1769810355.4648645,nrm.extra.perf.PAPI_TOT_INS.25468,9813852360751.0
1769810355.4648645,nrm.extra.perf.PAPI_TOT_CYC.25468,16767490732631.0
1769810355.4648645,nrm.extra.perf.PAPI_RES_STL.25468,8266393183030.0
1769810355.4648645,nrm.extra.perf.PAPI_L3_TCM.25468,3038322558.0
1769810356.4640238,nrm.extra.perf.PAPI_L3_TCA.25468,30704024786.0
1769810356.4640238,nrm.extra.perf.PAPI_TOT_INS.25468,9966956466203.0
1769810356.4640238,nrm.extra.perf.PAPI_TOT_CYC.25468,17027275496076.0
1769810356.4640238,nrm.extra.perf.PAPI_RES_STL.25468,8395333061792.0
1769810356.4640238,nrm.extra.perf.PAPI_L3_TCM.25468,3085497650.0
1769810357.4640274,nrm.extra.perf.PAPI_L3_TCA.25468,31180415252.0
1769810357.4640274,nrm.extra.perf.PAPI_TOT_INS.25468,10121273366790.0
1769810357.4640274,nrm.extra.perf.PAPI_TOT_CYC.25468,17288184057673.0
1769810357.4640274,nrm.extra.perf.PAPI_RES_STL.25468,8525047872595.0
1769810357.4640274,nrm.extra.perf.PAPI_L3_TCM.25468,3132944051.0
1769810358.4640663,nrm.extra.perf.PAPI_L3_TCA.25468,31657759459.0
1769810358.4640663,nrm.extra.perf.PAPI_TOT_INS.25468,10275713007890.0
1769810358.4640663,nrm.extra.perf.PAPI_TOT_CYC.25468,17549154419769.0
1769810358.4640663,nrm.extra.perf.PAPI_RES_STL.25468,8655146298575.0
1769810358.4640663,nrm.extra.perf.PAPI_L3_TCM.25468,3180908221.0
1769810359.4639883,nrm.extra.perf.PAPI_L3_TCA.25468,32115198698.0
1769810359.4639883,nrm.extra.perf.PAPI_TOT_INS.25468,10424503773651.0
1769810359.4639883,nrm.extra.perf.PAPI_TOT_CYC.25468,17805224239016.0
1769810359.4639883,nrm.extra.perf.PAPI_RES_STL.25468,8780110500609.0
1769810359.4639883,nrm.extra.perf.PAPI_L3_TCM.25468,3226858709.0
1769810360.4639726,nrm.extra.perf.PAPI_L3_TCA.25468,32576513308.0
1769810360.4639726,nrm.extra.perf.PAPI_TOT_INS.25468,10574624833295.0
1769810360.4639726,nrm.extra.perf.PAPI_TOT_CYC.25468,18062334852831.0
1769810360.4639726,nrm.extra.perf.PAPI_RES_STL.25468,8905935518726.0
1769810360.4639726,nrm.extra.perf.PAPI_L3_TCM.25468,3272752746.0
1769810361.4659858,nrm.extra.perf.PAPI_L3_TCA.25468,33042343545.0
1769810361.4659858,nrm.extra.perf.PAPI_TOT_INS.25468,10725554262387.0
1769810361.4659858,nrm.extra.perf.PAPI_TOT_CYC.25468,18318559708641.0
1769810361.4659858,nrm.extra.perf.PAPI_RES_STL.25468,9033095829490.0
1769810361.4659858,nrm.extra.perf.PAPI_L3_TCM.25468,3319447011.0
1769810362.4639447,nrm.extra.perf.PAPI_L3_TCA.25468,33531474392.0
1769810362.4639447,nrm.extra.perf.PAPI_TOT_INS.25468,10883861707642.0
1769810362.4639447,nrm.extra.perf.PAPI_TOT_CYC.25468,18586506565154.0
1769810362.4639447,nrm.extra.perf.PAPI_RES_STL.25468,9166735448377.0
1769810362.4639447,nrm.extra.perf.PAPI_L3_TCM.25468,3368584879.0
1769810363.4668927,nrm.extra.perf.PAPI_L3_TCA.25468,34007216330.0
1769810363.4668927,nrm.extra.perf.PAPI_TOT_INS.25468,11039045139345.0
1769810363.4668927,nrm.extra.perf.PAPI_TOT_CYC.25468,18855680926651.0
1769810363.4668927,nrm.extra.perf.PAPI_RES_STL.25468,9297268049067.0
1769810363.4668927,nrm.extra.perf.PAPI_L3_TCM.25468,3415658033.0
1769810364.4639733,nrm.extra.perf.PAPI_L3_TCA.25468,34501452847.0
1769810364.4639733,nrm.extra.perf.PAPI_TOT_INS.25468,11199824122104.0
1769810364.4639733,nrm.extra.perf.PAPI_TOT_CYC.25468,19132272828520.0
1769810364.4639733,nrm.extra.perf.PAPI_RES_STL.25468,9432754340764.0
1769810364.4639733,nrm.extra.perf.PAPI_L3_TCM.25468,3465887219.0
1769810365.4669292,nrm.extra.perf.PAPI_L3_TCA.25468,35012167617.0
1769810365.4669292,nrm.extra.perf.PAPI_TOT_INS.25468,11365205366911.0
1769810365.4669292,nrm.extra.perf.PAPI_TOT_CYC.25468,19413836395258.0
1769810365.4669292,nrm.extra.perf.PAPI_RES_STL.25468,9572759919021.0
1769810365.4669292,nrm.extra.perf.PAPI_L3_TCM.25468,3517532822.0
1769810366.4639585,nrm.extra.perf.PAPI_L3_TCA.25468,35520162582.0
1769810366.4639585,nrm.extra.perf.PAPI_TOT_INS.25468,11529628245171.0
1769810366.4639585,nrm.extra.perf.PAPI_TOT_CYC.25468,19693589048278.0
1769810366.4639585,nrm.extra.perf.PAPI_RES_STL.25468,9712111096153.0
1769810366.4639585,nrm.extra.perf.PAPI_L3_TCM.25468,3568996146.0
1769810367.46693,nrm.extra.perf.PAPI_L3_TCA.25468,36030144073.0
1769810367.46693,nrm.extra.perf.PAPI_TOT_INS.25468,11694867907890.0
1769810367.46693,nrm.extra.perf.PAPI_TOT_CYC.25468,19975164766688.0
1769810367.46693,nrm.extra.perf.PAPI_RES_STL.25468,9851934670941.0
1769810367.46693,nrm.extra.perf.PAPI_L3_TCM.25468,3620456671.0
1769810368.466011,nrm.extra.perf.PAPI_L3_TCA.25468,36538966930.0
1769810368.466011,nrm.extra.perf.PAPI_TOT_INS.25468,11859713731126.0
1769810368.466011,nrm.extra.perf.PAPI_TOT_CYC.25468,20255623812908.0
1769810368.466011,nrm.extra.perf.PAPI_RES_STL.25468,9991312903085.0
1769810368.466011,nrm.extra.perf.PAPI_L3_TCM.25468,3671898467.0
1769810369.463942,nrm.extra.perf.PAPI_L3_TCA.25468,37026297256.0
1769810369.463942,nrm.extra.perf.PAPI_TOT_INS.25468,12018108456074.0
1769810369.463942,nrm.extra.perf.PAPI_TOT_CYC.25468,20528061327813.0
1769810369.463942,nrm.extra.perf.PAPI_RES_STL.25468,10125329335014.0
1769810369.463942,nrm.extra.perf.PAPI_L3_TCM.25468,3721034287.0
1769810370.4655185,nrm.extra.perf.PAPI_L3_TCA.25468,37484448533.0
1769810370.4655185,nrm.extra.perf.PAPI_TOT_INS.25468,12166873106975.0
1769810370.4655185,nrm.extra.perf.PAPI_TOT_CYC.25468,20781499961765.0
1769810370.4655185,nrm.extra.perf.PAPI_RES_STL.25468,10250414482520.0
1769810370.4655185,nrm.extra.perf.PAPI_L3_TCM.25468,3766980846.0
1769810371.465186,nrm.extra.perf.PAPI_L3_TCA.25468,37865220735.0
1769810371.465186,nrm.extra.perf.PAPI_TOT_INS.25468,12290038184950.0
1769810371.465186,nrm.extra.perf.PAPI_TOT_CYC.25468,20990744343892.0
1769810371.465186,nrm.extra.perf.PAPI_RES_STL.25468,10354138056985.0
1769810371.465186,nrm.extra.perf.PAPI_L3_TCM.25468,3806154687.0
1769810372.464246,nrm.extra.perf.PAPI_L3_TCA.25468,38244791358.0
1769810372.464246,nrm.extra.perf.PAPI_TOT_INS.25468,12413101494035.0
1769810372.464246,nrm.extra.perf.PAPI_TOT_CYC.25468,21199558719300.0
1769810372.464246,nrm.extra.perf.PAPI_RES_STL.25468,10457573112449.0
1769810372.464246,nrm.extra.perf.PAPI_L3_TCM.25468,3844922152.0
1769810373.464143,nrm.extra.perf.PAPI_L3_TCA.25468,38552901349.0
1769810373.464143,nrm.extra.perf.PAPI_TOT_INS.25468,12515683051361.0
1769810373.464143,nrm.extra.perf.PAPI_TOT_CYC.25468,21387110115900.0
1769810373.464143,nrm.extra.perf.PAPI_RES_STL.25468,10542179152967.0
1769810373.464143,nrm.extra.perf.PAPI_L3_TCM.25468,3875830454.0
1769810374.4634037,nrm.extra.perf.PAPI_L3_TCA.25468,38920761181.0
1769810374.4634037,nrm.extra.perf.PAPI_TOT_INS.25468,12635749378853.0
1769810374.4634037,nrm.extra.perf.PAPI_TOT_CYC.25468,21592795365692.0
1769810374.4634037,nrm.extra.perf.PAPI_RES_STL.25468,10642378383329.0
1769810374.4634037,nrm.extra.perf.PAPI_L3_TCM.25468,3913062782.0
1769810375.4641883,nrm.extra.perf.PAPI_L3_TCA.25468,39235113632.0
1769810375.4641883,nrm.extra.perf.PAPI_TOT_INS.25468,12740314193752.0
1769810375.4641883,nrm.extra.perf.PAPI_TOT_CYC.25468,21784126347247.0
1769810375.4641883,nrm.extra.perf.PAPI_RES_STL.25468,10728539216669.0
1769810375.4641883,nrm.extra.perf.PAPI_L3_TCM.25468,3945173495.0
1769810376.4642618,nrm.extra.perf.PAPI_L3_TCA.25468,39499103431.0
1769810376.4642618,nrm.extra.perf.PAPI_TOT_INS.25468,12830449750032.0
1769810376.4642618,nrm.extra.perf.PAPI_TOT_CYC.25468,21956159982754.0
1769810376.4642618,nrm.extra.perf.PAPI_RES_STL.25468,10801426441776.0
1769810376.4642618,nrm.extra.perf.PAPI_L3_TCM.25468,3971522284.0
1769810377.4637141,nrm.extra.perf.PAPI_L3_TCA.25468,39770125259.0
1769810377.4637141,nrm.extra.perf.PAPI_TOT_INS.25468,12922977108005.0
1769810377.4637141,nrm.extra.perf.PAPI_TOT_CYC.25468,22134706343699.0
1769810377.4637141,nrm.extra.perf.PAPI_RES_STL.25468,10876249311149.0
1769810377.4637141,nrm.extra.perf.PAPI_L3_TCM.25468,3998848810.0
1769810378.4638147,nrm.extra.perf.PAPI_L3_TCA.25468,40042896299.0
1769810378.4638147,nrm.extra.perf.PAPI_TOT_INS.25468,13016660416932.0
1769810378.4638147,nrm.extra.perf.PAPI_TOT_CYC.25468,22319661971380.0
1769810378.4638147,nrm.extra.perf.PAPI_RES_STL.25468,10951684713294.0
1769810378.4638147,nrm.extra.perf.PAPI_L3_TCM.25468,4026382146.0
1769810379.4659007,nrm.extra.perf.PAPI_L3_TCA.25468,40403195391.0
1769810379.4659007,nrm.extra.perf.PAPI_TOT_INS.25468,13137821148326.0
1769810379.4659007,nrm.extra.perf.PAPI_TOT_CYC.25468,22545108801590.0
1769810379.4659007,nrm.extra.perf.PAPI_RES_STL.25468,11051732478918.0
1769810379.4659007,nrm.extra.perf.PAPI_L3_TCM.25468,4062821063.0
1769810380.4639533,nrm.extra.perf.PAPI_L3_TCA.25468,40901011475.0
1769810380.4639533,nrm.extra.perf.PAPI_TOT_INS.25468,13299162225636.0
1769810380.4639533,nrm.extra.perf.PAPI_TOT_CYC.25468,22819704463343.0
1769810380.4639533,nrm.extra.perf.PAPI_RES_STL.25468,11187833845093.0
1769810380.4639533,nrm.extra.perf.PAPI_L3_TCM.25468,4113589776.0
1769810381.4650295,nrm.extra.perf.PAPI_L3_TCA.25468,41399455614.0
1769810381.4650295,nrm.extra.perf.PAPI_TOT_INS.25468,13460899744963.0
1769810381.4650295,nrm.extra.perf.PAPI_TOT_CYC.25468,23094516966520.0
1769810381.4650295,nrm.extra.perf.PAPI_RES_STL.25468,11323999339290.0
1769810381.4650295,nrm.extra.perf.PAPI_L3_TCM.25468,4164014130.0
1769810382.4639301,nrm.extra.perf.PAPI_L3_TCA.25468,41880800230.0
1769810382.4639301,nrm.extra.perf.PAPI_TOT_INS.25468,13617320705542.0
1769810382.4639301,nrm.extra.perf.PAPI_TOT_CYC.25468,23362586957151.0
1769810382.4639301,nrm.extra.perf.PAPI_RES_STL.25468,11455753859058.0
1769810382.4639301,nrm.extra.perf.PAPI_L3_TCM.25468,4212763613.0
1769810383.4639697,nrm.extra.perf.PAPI_L3_TCA.25468,42383583128.0
1769810383.4639697,nrm.extra.perf.PAPI_TOT_INS.25468,13779973826644.0
1769810383.4639697,nrm.extra.perf.PAPI_TOT_CYC.25468,23637158214696.0
1769810383.4639697,nrm.extra.perf.PAPI_RES_STL.25468,11593038990186.0
1769810383.4639697,nrm.extra.perf.PAPI_L3_TCM.25468,4264176179.0
1769810384.4638917,nrm.extra.perf.PAPI_L3_TCA.25468,42715017862.0
1769810384.4638917,nrm.extra.perf.PAPI_TOT_INS.25468,13892845313763.0
1769810384.4638917,nrm.extra.perf.PAPI_TOT_CYC.25468,23855441818351.0
1769810384.4638917,nrm.extra.perf.PAPI_RES_STL.25468,11685042242844.0
1769810384.4638917,nrm.extra.perf.PAPI_L3_TCM.25468,4297327927.0
1769810385.4639063,nrm.extra.perf.PAPI_L3_TCA.25468,43051856336.0
1769810385.4639063,nrm.extra.perf.PAPI_TOT_INS.25468,14007141619646.0
1769810385.4639063,nrm.extra.perf.PAPI_TOT_CYC.25468,24072926503410.0
1769810385.4639063,nrm.extra.perf.PAPI_RES_STL.25468,11778468067473.0
1769810385.4639063,nrm.extra.perf.PAPI_L3_TCM.25468,4330987091.0
1769810386.4642293,nrm.extra.perf.PAPI_L3_TCA.25468,43517069169.0
1769810386.4642293,nrm.extra.perf.PAPI_TOT_INS.25468,14158036180740.0
1769810386.4642293,nrm.extra.perf.PAPI_TOT_CYC.25468,24329163103890.0
1769810386.4642293,nrm.extra.perf.PAPI_RES_STL.25468,11905401983823.0
1769810386.4642293,nrm.extra.perf.PAPI_L3_TCM.25468,4378278085.0
1769810387.4639585,nrm.extra.perf.PAPI_L3_TCA.25468,43901519739.0
1769810387.4639585,nrm.extra.perf.PAPI_TOT_INS.25468,14283480927021.0
1769810387.4639585,nrm.extra.perf.PAPI_TOT_CYC.25468,24545752447100.0
1769810387.4639585,nrm.extra.perf.PAPI_RES_STL.25468,12010391388647.0
1769810387.4639585,nrm.extra.perf.PAPI_L3_TCM.25468,4417003604.0
1769810388.4681425,nrm.extra.perf.PAPI_L3_TCA.25468,44304968213.0
1769810388.4681425,nrm.extra.perf.PAPI_TOT_INS.25468,14414107703876.0
1769810388.4681425,nrm.extra.perf.PAPI_TOT_CYC.25468,24767787501997.0
1769810388.4681425,nrm.extra.perf.PAPI_RES_STL.25468,12120236760302.0
1769810388.4681425,nrm.extra.perf.PAPI_L3_TCM.25468,4458327044.0
1769810389.4640925,nrm.extra.perf.PAPI_L3_TCA.25468,44704761084.0
1769810389.4640925,nrm.extra.perf.PAPI_TOT_INS.25468,14543678821975.0
1769810389.4640925,nrm.extra.perf.PAPI_TOT_CYC.25468,24988260770065.0
1769810389.4640925,nrm.extra.perf.PAPI_RES_STL.25468,12229206484271.0
1769810389.4640925,nrm.extra.perf.PAPI_L3_TCM.25468,4499174095.0
1769810390.4641697,nrm.extra.perf.PAPI_L3_TCA.25468,45107566621.0
1769810390.4641697,nrm.extra.perf.PAPI_TOT_INS.25468,14674225209988.0
1769810390.4641697,nrm.extra.perf.PAPI_TOT_CYC.25468,25209681509391.0
1769810390.4641697,nrm.extra.perf.PAPI_RES_STL.25468,12338591082131.0
1769810390.4641697,nrm.extra.perf.PAPI_L3_TCM.25468,4540394186.0
1769810391.467144,nrm.extra.perf.PAPI_L3_TCA.25468,45500453924.0
1769810391.467144,nrm.extra.perf.PAPI_TOT_INS.25468,14801623512080.0
1769810391.467144,nrm.extra.perf.PAPI_TOT_CYC.25468,25426274983350.0
1769810391.467144,nrm.extra.perf.PAPI_RES_STL.25468,12445665430042.0
1769810391.467144,nrm.extra.perf.PAPI_L3_TCM.25468,4580963397.0
1769810392.4634643,nrm.extra.perf.PAPI_L3_TCA.25468,45783400669.0
1769810392.4634643,nrm.extra.perf.PAPI_TOT_INS.25468,14898168532418.0
1769810392.4634643,nrm.extra.perf.PAPI_TOT_CYC.25468,25612302873166.0
1769810392.4634643,nrm.extra.perf.PAPI_RES_STL.25468,12523565942855.0
1769810392.4634643,nrm.extra.perf.PAPI_L3_TCM.25468,4609314754.0
1769810393.4651628,nrm.extra.perf.PAPI_L3_TCA.25468,46152119723.0
1769810393.4651628,nrm.extra.perf.PAPI_TOT_INS.25468,15018706360810.0
1769810393.4651628,nrm.extra.perf.PAPI_TOT_CYC.25468,25822188259284.0
1769810393.4651628,nrm.extra.perf.PAPI_RES_STL.25468,12624496596687.0
1769810393.4651628,nrm.extra.perf.PAPI_L3_TCM.25468,4646742244.0
1769810394.4681067,nrm.extra.perf.PAPI_L3_TCA.25468,46557965538.0
1769810394.4681067,nrm.extra.perf.PAPI_TOT_INS.25468,15150098019792.0
1769810394.4681067,nrm.extra.perf.PAPI_TOT_CYC.25468,26044436321932.0
1769810394.4681067,nrm.extra.perf.PAPI_RES_STL.25468,12734915466041.0
1769810394.4681067,nrm.extra.perf.PAPI_L3_TCM.25468,4687581165.0
1769810395.4641044,nrm.extra.perf.PAPI_L3_TCA.25468,46952124894.0
1769810395.4641044,nrm.extra.perf.PAPI_TOT_INS.25468,15277976711606.0
1769810395.4641044,nrm.extra.perf.PAPI_TOT_CYC.25468,26263115539080.0
1769810395.4641044,nrm.extra.perf.PAPI_RES_STL.25468,12842319527831.0
1769810395.4641044,nrm.extra.perf.PAPI_L3_TCM.25468,4727426605.0
1769810396.464066,nrm.extra.perf.PAPI_L3_TCA.25468,47356703101.0
1769810396.464066,nrm.extra.perf.PAPI_TOT_INS.25468,15409140583183.0
1769810396.464066,nrm.extra.perf.PAPI_TOT_CYC.25468,26484777343009.0
1769810396.464066,nrm.extra.perf.PAPI_RES_STL.25468,12952385861224.0
1769810396.464066,nrm.extra.perf.PAPI_L3_TCM.25468,4767868006.0
1769810397.4651399,nrm.extra.perf.PAPI_L3_TCA.25468,47760680887.0
1769810397.4651399,nrm.extra.perf.PAPI_TOT_INS.25468,15540036580348.0
1769810397.4651399,nrm.extra.perf.PAPI_TOT_CYC.25468,26706769718153.0
1769810397.4651399,nrm.extra.perf.PAPI_RES_STL.25468,13062252697620.0
1769810397.4651399,nrm.extra.perf.PAPI_L3_TCM.25468,4808233996.0
1769810398.4661465,nrm.extra.perf.PAPI_L3_TCA.25468,48153347625.0
1769810398.4661465,nrm.extra.perf.PAPI_TOT_INS.25468,15667409597111.0
1769810398.4661465,nrm.extra.perf.PAPI_TOT_CYC.25468,26924429187427.0
1769810398.4661465,nrm.extra.perf.PAPI_RES_STL.25468,13169401385025.0
1769810398.4661465,nrm.extra.perf.PAPI_L3_TCM.25468,4847531162.0
1769810399.4661202,nrm.extra.perf.PAPI_L3_TCA.25468,48545718788.0
1769810399.4661202,nrm.extra.perf.PAPI_TOT_INS.25468,15795239299719.0
1769810399.4661202,nrm.extra.perf.PAPI_TOT_CYC.25468,27144361187192.0
1769810399.4661202,nrm.extra.perf.PAPI_RES_STL.25468,13276423889530.0
1769810399.4661202,nrm.extra.perf.PAPI_L3_TCM.25468,4886519741.0
1769810400.4661658,nrm.extra.perf.PAPI_L3_TCA.25468,48892163814.0
1769810400.4661658,nrm.extra.perf.PAPI_TOT_INS.25468,15909510227294.0
1769810400.4661658,nrm.extra.perf.PAPI_TOT_CYC.25468,27346490446246.0
1769810400.4661658,nrm.extra.perf.PAPI_RES_STL.25468,13371053768175.0
1769810400.4661658,nrm.extra.perf.PAPI_L3_TCM.25468,4921018967.0
1769810401.4641593,nrm.extra.perf.PAPI_L3_TCA.25468,49294139473.0
1769810401.4641593,nrm.extra.perf.PAPI_TOT_INS.25468,16039774475517.0
1769810401.4641593,nrm.extra.perf.PAPI_TOT_CYC.25468,27567918375112.0
1769810401.4641593,nrm.extra.perf.PAPI_RES_STL.25468,13480507817195.0
1769810401.4641593,nrm.extra.perf.PAPI_L3_TCM.25468,4961043182.0
1769810402.4659512,nrm.extra.perf.PAPI_L3_TCA.25468,49731519231.0
1769810402.4659512,nrm.extra.perf.PAPI_TOT_INS.25468,16181509401341.0
1769810402.4659512,nrm.extra.perf.PAPI_TOT_CYC.25468,27808731889213.0
1769810402.4659512,nrm.extra.perf.PAPI_RES_STL.25468,13599915631051.0
1769810402.4659512,nrm.extra.perf.PAPI_L3_TCM.25468,5004373881.0
1769810403.463928,nrm.extra.perf.PAPI_L3_TCA.25468,50218526704.0
1769810403.463928,nrm.extra.perf.PAPI_TOT_INS.25468,16340013818513.0
1769810403.463928,nrm.extra.perf.PAPI_TOT_CYC.25468,28081771031598.0
1769810403.463928,nrm.extra.perf.PAPI_RES_STL.25468,13733492501897.0
1769810403.463928,nrm.extra.perf.PAPI_L3_TCM.25468,5052538599.0
1769810404.4639087,nrm.extra.perf.PAPI_L3_TCA.25468,50719548798.0
1769810404.4639087,nrm.extra.perf.PAPI_TOT_INS.25468,16502498747524.0
1769810404.4639087,nrm.extra.perf.PAPI_TOT_CYC.25468,28359531742684.0
1769810404.4639087,nrm.extra.perf.PAPI_RES_STL.25468,13870824470145.0
1769810404.4639087,nrm.extra.perf.PAPI_L3_TCM.25468,5102802654.0
1769810405.463843,nrm.extra.perf.PAPI_L3_TCA.25468,51226125629.0
1769810405.463843,nrm.extra.perf.PAPI_TOT_INS.25468,16666535131842.0
1769810405.463843,nrm.extra.perf.PAPI_TOT_CYC.25468,28637857565934.0
1769810405.463843,nrm.extra.perf.PAPI_RES_STL.25468,14009463161851.0
1769810405.463843,nrm.extra.perf.PAPI_L3_TCM.25468,5152833532.0
1769810406.4658775,nrm.extra.perf.PAPI_L3_TCA.25468,51711746958.0
1769810406.4658775,nrm.extra.perf.PAPI_TOT_INS.25468,16824694529348.0
1769810406.4658775,nrm.extra.perf.PAPI_TOT_CYC.25468,28910629960684.0
1769810406.4658775,nrm.extra.perf.PAPI_RES_STL.25468,14142865818017.0
1769810406.4658775,nrm.extra.perf.PAPI_L3_TCM.25468,5201433093.0
1769810407.4638617,nrm.extra.perf.PAPI_L3_TCA.25468,52216530517.0
1769810407.4638617,nrm.extra.perf.PAPI_TOT_INS.25468,16988405159697.0
1769810407.4638617,nrm.extra.perf.PAPI_TOT_CYC.25468,29189128166326.0
1769810407.4638617,nrm.extra.perf.PAPI_RES_STL.25468,14281218693112.0
1769810407.4638617,nrm.extra.perf.PAPI_L3_TCM.25468,5251433743.0
1769810408.4678538,nrm.extra.perf.PAPI_L3_TCA.25468,52724384835.0
1769810408.4678538,nrm.extra.perf.PAPI_TOT_INS.25468,17152864359357.0
1769810408.4678538,nrm.extra.perf.PAPI_TOT_CYC.25468,29468714477373.0
1769810408.4678538,nrm.extra.perf.PAPI_RES_STL.25468,14420582254687.0
1769810408.4678538,nrm.extra.perf.PAPI_L3_TCM.25468,5302185233.0
1769810409.4638915,nrm.extra.perf.PAPI_L3_TCA.25468,53225513368.0
1769810409.4638915,nrm.extra.perf.PAPI_TOT_INS.25468,17315258366859.0
1769810409.4638915,nrm.extra.perf.PAPI_TOT_CYC.25468,29745593465482.0
1769810409.4638915,nrm.extra.perf.PAPI_RES_STL.25468,14557897314769.0
1769810409.4638915,nrm.extra.perf.PAPI_L3_TCM.25468,5352248077.0
1769810410.4639971,nrm.extra.perf.PAPI_L3_TCA.25468,53731724805.0
1769810410.4639971,nrm.extra.perf.PAPI_TOT_INS.25468,17479171255890.0
1769810410.4639971,nrm.extra.perf.PAPI_TOT_CYC.25468,30023612125555.0
1769810410.4639971,nrm.extra.perf.PAPI_RES_STL.25468,14696394994705.0
1769810410.4639971,nrm.extra.perf.PAPI_L3_TCM.25468,5402950474.0
1769810411.4673014,nrm.extra.perf.PAPI_L3_TCA.25468,54074368345.0
1769810411.4673014,nrm.extra.perf.PAPI_TOT_INS.25468,17591097475983.0
1769810411.4673014,nrm.extra.perf.PAPI_TOT_CYC.25468,30218227041701.0
1769810411.4673014,nrm.extra.perf.PAPI_RES_STL.25468,14789972530906.0
1769810411.4673014,nrm.extra.perf.PAPI_L3_TCM.25468,5437341852.0
1769810412.4662483,nrm.extra.perf.PAPI_L3_TCA.25468,54425967865.0
1769810412.4662483,nrm.extra.perf.PAPI_TOT_INS.25468,17705222047141.0
1769810412.4662483,nrm.extra.perf.PAPI_TOT_CYC.25468,30412104802076.0
1769810412.4662483,nrm.extra.perf.PAPI_RES_STL.25468,14885758670461.0
1769810412.4662483,nrm.extra.perf.PAPI_L3_TCM.25468,5472444351.0
1769810413.4642992,nrm.extra.perf.PAPI_L3_TCA.25468,54756512351.0
1769810413.4642992,nrm.extra.perf.PAPI_TOT_INS.25468,17813660891653.0
1769810413.4642992,nrm.extra.perf.PAPI_TOT_CYC.25468,30602995971910.0
1769810413.4642992,nrm.extra.perf.PAPI_RES_STL.25468,14976057360281.0
1769810413.4642992,nrm.extra.perf.PAPI_L3_TCM.25468,5505770287.0
1769810414.46725,nrm.extra.perf.PAPI_L3_TCA.25468,55116708680.0
1769810414.46725,nrm.extra.perf.PAPI_TOT_INS.25468,17930660511130.0
1769810414.46725,nrm.extra.perf.PAPI_TOT_CYC.25468,30802543243486.0
1769810414.46725,nrm.extra.perf.PAPI_RES_STL.25468,15074180234535.0
1769810414.46725,nrm.extra.perf.PAPI_L3_TCM.25468,5541838117.0
1769810415.4642634,nrm.extra.perf.PAPI_L3_TCA.25468,55444171670.0
1769810415.4642634,nrm.extra.perf.PAPI_TOT_INS.25468,18038212150716.0
1769810415.4642634,nrm.extra.perf.PAPI_TOT_CYC.25468,30992805364285.0
1769810415.4642634,nrm.extra.perf.PAPI_RES_STL.25468,15163585209844.0
1769810415.4642634,nrm.extra.perf.PAPI_L3_TCM.25468,5575113898.0
1769810416.4672563,nrm.extra.perf.PAPI_L3_TCA.25468,55794979225.0
1769810416.4672563,nrm.extra.perf.PAPI_TOT_INS.25468,18152212038689.0
1769810416.4672563,nrm.extra.perf.PAPI_TOT_CYC.25468,31188131914776.0
1769810416.4672563,nrm.extra.perf.PAPI_RES_STL.25468,15259377547214.0
1769810416.4672563,nrm.extra.perf.PAPI_L3_TCM.25468,5610165822.0
1769810417.463834,nrm.extra.perf.PAPI_L3_TCA.25468,56154375423.0
1769810417.463834,nrm.extra.perf.PAPI_TOT_INS.25468,18268943233997.0
1769810417.463834,nrm.extra.perf.PAPI_TOT_CYC.25468,31386832050234.0
1769810417.463834,nrm.extra.perf.PAPI_RES_STL.25468,15357339585940.0
1769810417.463834,nrm.extra.perf.PAPI_L3_TCM.25468,5646041481.0
1769810418.467999,nrm.extra.perf.PAPI_L3_TCA.25468,56552594586.0
1769810418.467999,nrm.extra.perf.PAPI_TOT_INS.25468,18397773488698.0
1769810418.467999,nrm.extra.perf.PAPI_TOT_CYC.25468,31606931912964.0
1769810418.467999,nrm.extra.perf.PAPI_RES_STL.25468,15466397519591.0
1769810418.467999,nrm.extra.perf.PAPI_L3_TCM.25468,5686402682.0
1769810419.4639888,nrm.extra.perf.PAPI_L3_TCA.25468,57038667375.0
1769810419.4639888,nrm.extra.perf.PAPI_TOT_INS.25468,18555260153988.0
1769810419.4639888,nrm.extra.perf.PAPI_TOT_CYC.25468,31874587991061.0
1769810419.4639888,nrm.extra.perf.PAPI_RES_STL.25468,15599256419709.0
1769810419.4639888,nrm.extra.perf.PAPI_L3_TCM.25468,5734938910.0
1769810420.4639719,nrm.extra.perf.PAPI_L3_TCA.25468,57528801429.0
1769810420.4639719,nrm.extra.perf.PAPI_TOT_INS.25468,18713744192607.0
1769810420.4639719,nrm.extra.perf.PAPI_TOT_CYC.25468,32143060633925.0
1769810420.4639719,nrm.extra.perf.PAPI_RES_STL.25468,15733099809020.0
1769810420.4639719,nrm.extra.perf.PAPI_L3_TCM.25468,5783856871.0
1769810421.4640284,nrm.extra.perf.PAPI_L3_TCA.25468,58017200399.0
1769810421.4640284,nrm.extra.perf.PAPI_TOT_INS.25468,18871971738250.0
1769810421.4640284,nrm.extra.perf.PAPI_TOT_CYC.25468,32411625696642.0
1769810421.4640284,nrm.extra.perf.PAPI_RES_STL.25468,15866621470556.0
1769810421.4640284,nrm.extra.perf.PAPI_L3_TCM.25468,5832505397.0
1769810422.4669058,nrm.extra.perf.PAPI_L3_TCA.25468,58475658268.0
1769810422.4669058,nrm.extra.perf.PAPI_TOT_INS.25468,19021768281057.0
1769810422.4669058,nrm.extra.perf.PAPI_TOT_CYC.25468,32672306740057.0
1769810422.4669058,nrm.extra.perf.PAPI_RES_STL.25468,15992209302567.0
1769810422.4669058,nrm.extra.perf.PAPI_L3_TCM.25468,5878030762.0
1769810423.4638608,nrm.extra.perf.PAPI_L3_TCA.25468,58962134555.0
1769810423.4638608,nrm.extra.perf.PAPI_TOT_INS.25468,19179542723938.0
1769810423.4638608,nrm.extra.perf.PAPI_TOT_CYC.25468,32939698218898.0
1769810423.4638608,nrm.extra.perf.PAPI_RES_STL.25468,16124630019385.0
1769810423.4638608,nrm.extra.perf.PAPI_L3_TCM.25468,5926241647.0
1769810424.4670298,nrm.extra.perf.PAPI_L3_TCA.25468,59450860948.0
1769810424.4670298,nrm.extra.perf.PAPI_TOT_INS.25468,19337825229683.0
1769810424.4670298,nrm.extra.perf.PAPI_TOT_CYC.25468,33209233068544.0
1769810424.4670298,nrm.extra.perf.PAPI_RES_STL.25468,16257895695767.0
1769810424.4670298,nrm.extra.perf.PAPI_L3_TCM.25468,5975381246.0
1769810425.4639928,nrm.extra.perf.PAPI_L3_TCA.25468,59937855232.0
1769810425.4639928,nrm.extra.perf.PAPI_TOT_INS.25468,19495628897338.0
1769810425.4639928,nrm.extra.perf.PAPI_TOT_CYC.25468,33476720536564.0
1769810425.4639928,nrm.extra.perf.PAPI_RES_STL.25468,16390783180094.0
1769810425.4639928,nrm.extra.perf.PAPI_L3_TCM.25468,6023717547.0
1769810426.468054,nrm.extra.perf.PAPI_L3_TCA.25468,60424381393.0
1769810426.468054,nrm.extra.perf.PAPI_TOT_INS.25468,19653354366671.0
1769810426.468054,nrm.extra.perf.PAPI_TOT_CYC.25468,33744503964030.0
1769810426.468054,nrm.extra.perf.PAPI_RES_STL.25468,16523501785467.0
1769810426.468054,nrm.extra.perf.PAPI_L3_TCM.25468,6072244354.0
1769810427.463845,nrm.extra.perf.PAPI_L3_TCA.25468,60744110424.0
1769810427.463845,nrm.extra.perf.PAPI_TOT_INS.25468,19762578417416.0
1769810427.463845,nrm.extra.perf.PAPI_TOT_CYC.25468,33956989415854.0
1769810427.463845,nrm.extra.perf.PAPI_RES_STL.25468,16611941197573.0
1769810427.463845,nrm.extra.perf.PAPI_L3_TCM.25468,6103966491.0
1769810428.4640458,nrm.extra.perf.PAPI_L3_TCA.25468,61153365427.0
1769810428.4640458,nrm.extra.perf.PAPI_TOT_INS.25468,19897426691976.0
1769810428.4640458,nrm.extra.perf.PAPI_TOT_CYC.25468,34195874975128.0
1769810428.4640458,nrm.extra.perf.PAPI_RES_STL.25468,16724156942446.0
1769810428.4640458,nrm.extra.perf.PAPI_L3_TCM.25468,6144564727.0
1769810429.4659374,nrm.extra.perf.PAPI_L3_TCA.25468,61489793144.0
1769810429.4659374,nrm.extra.perf.PAPI_TOT_INS.25468,20011571188869.0
1769810429.4659374,nrm.extra.perf.PAPI_TOT_CYC.25468,34413385112593.0
1769810429.4659374,nrm.extra.perf.PAPI_RES_STL.25468,16817000091627.0
1769810429.4659374,nrm.extra.perf.PAPI_L3_TCM.25468,6177363406.0
1769810430.4640203,nrm.extra.perf.PAPI_L3_TCA.25468,61853250818.0
1769810430.4640203,nrm.extra.perf.PAPI_TOT_INS.25468,20133181406532.0
1769810430.4640203,nrm.extra.perf.PAPI_TOT_CYC.25468,34637739432054.0
1769810430.4640203,nrm.extra.perf.PAPI_RES_STL.25468,16917348824635.0
1769810430.4640203,nrm.extra.perf.PAPI_L3_TCM.25468,6213712894.0
1769810431.468029,nrm.extra.perf.PAPI_L3_TCA.25468,62332417117.0
1769810431.468029,nrm.extra.perf.PAPI_TOT_INS.25468,20288246574186.0
1769810431.468029,nrm.extra.perf.PAPI_TOT_CYC.25468,34900030321165.0
1769810431.468029,nrm.extra.perf.PAPI_RES_STL.25468,17047830118505.0
1769810431.468029,nrm.extra.perf.PAPI_L3_TCM.25468,6261516427.0
1769810432.4640284,nrm.extra.perf.PAPI_L3_TCA.25468,62804616123.0
1769810432.4640284,nrm.extra.perf.PAPI_TOT_INS.25468,20441315951986.0
1769810432.4640284,nrm.extra.perf.PAPI_TOT_CYC.25468,35160138406293.0
1769810432.4640284,nrm.extra.perf.PAPI_RES_STL.25468,17176530144554.0
1769810432.4640284,nrm.extra.perf.PAPI_L3_TCM.25468,6308664550.0
1769810433.465052,nrm.extra.perf.PAPI_L3_TCA.25468,63277582161.0
1769810433.465052,nrm.extra.perf.PAPI_TOT_INS.25468,20594638973668.0
1769810433.465052,nrm.extra.perf.PAPI_TOT_CYC.25468,35420845119448.0
1769810433.465052,nrm.extra.perf.PAPI_RES_STL.25468,17305569393272.0
1769810433.465052,nrm.extra.perf.PAPI_L3_TCM.25468,6356371432.0
1769810434.4633112,nrm.extra.perf.PAPI_L3_TCA.25468,63642348902.0
1769810434.4633112,nrm.extra.perf.PAPI_TOT_INS.25468,20716893021468.0
1769810434.4633112,nrm.extra.perf.PAPI_TOT_CYC.25468,35646135876517.0
1769810434.4633112,nrm.extra.perf.PAPI_RES_STL.25468,17406080703442.0
1769810434.4633112,nrm.extra.perf.PAPI_L3_TCM.25468,6392219482.0
1769810435.4678996,nrm.extra.perf.PAPI_L3_TCA.25468,64013964645.0
1769810435.4678996,nrm.extra.perf.PAPI_TOT_INS.25468,20841449266308.0
1769810435.4678996,nrm.extra.perf.PAPI_TOT_CYC.25468,35876996454361.0
1769810435.4678996,nrm.extra.perf.PAPI_RES_STL.25468,17509060859876.0
1769810435.4678996,nrm.extra.perf.PAPI_L3_TCM.25468,6429572086.0
1769810436.4638891,nrm.extra.perf.PAPI_L3_TCA.25468,64499754378.0
1769810436.4638891,nrm.extra.perf.PAPI_TOT_INS.25468,20999401962902.0
1769810436.4638891,nrm.extra.perf.PAPI_TOT_CYC.25468,36149251821619.0
1769810436.4638891,nrm.extra.perf.PAPI_RES_STL.25468,17642067859372.0
1769810436.4638891,nrm.extra.perf.PAPI_L3_TCM.25468,6478455744.0
1769810437.4638674,nrm.extra.perf.PAPI_L3_TCA.25468,65008296485.0
1769810437.4638674,nrm.extra.perf.PAPI_TOT_INS.25468,21164007386830.0
1769810437.4638674,nrm.extra.perf.PAPI_TOT_CYC.25468,36428106362363.0
1769810437.4638674,nrm.extra.perf.PAPI_RES_STL.25468,17781399163657.0
1769810437.4638674,nrm.extra.perf.PAPI_L3_TCM.25468,6529083715.0
1769810438.4639084,nrm.extra.perf.PAPI_L3_TCA.25468,65516329625.0
1769810438.4639084,nrm.extra.perf.PAPI_TOT_INS.25468,21328297551501.0
1769810438.4639084,nrm.extra.perf.PAPI_TOT_CYC.25468,36706669332750.0
1769810438.4639084,nrm.extra.perf.PAPI_RES_STL.25468,17920609805942.0
1769810438.4639084,nrm.extra.perf.PAPI_L3_TCM.25468,6579553121.0
1769810439.4658713,nrm.extra.perf.PAPI_L3_TCA.25468,66021042523.0
1769810439.4658713,nrm.extra.perf.PAPI_TOT_INS.25468,21491905122958.0
1769810439.4658713,nrm.extra.perf.PAPI_TOT_CYC.25468,36986210406871.0
1769810439.4658713,nrm.extra.perf.PAPI_RES_STL.25468,18058911627297.0
1769810439.4658713,nrm.extra.perf.PAPI_L3_TCM.25468,6629768952.0
1769810440.4669065,nrm.extra.perf.PAPI_L3_TCA.25468,66513685045.0
1769810440.4669065,nrm.extra.perf.PAPI_TOT_INS.25468,21651863481740.0
1769810440.4669065,nrm.extra.perf.PAPI_TOT_CYC.25468,37259149687823.0
1769810440.4669065,nrm.extra.perf.PAPI_RES_STL.25468,18193880374715.0
1769810440.4669065,nrm.extra.perf.PAPI_L3_TCM.25468,6678753563.0
1769810441.4638948,nrm.extra.perf.PAPI_L3_TCA.25468,67017301096.0
1769810441.4638948,nrm.extra.perf.PAPI_TOT_INS.25468,21814902363131.0
1769810441.4638948,nrm.extra.perf.PAPI_TOT_CYC.25468,37536628188785.0
1769810441.4638948,nrm.extra.perf.PAPI_RES_STL.25468,18331896708703.0
1769810441.4638948,nrm.extra.perf.PAPI_L3_TCM.25468,6729298609.0
1769810442.4638622,nrm.extra.perf.PAPI_L3_TCA.25468,67523890233.0
1769810442.4638622,nrm.extra.perf.PAPI_TOT_INS.25468,21978909879812.0
1769810442.4638622,nrm.extra.perf.PAPI_TOT_CYC.25468,37815082647439.0
1769810442.4638622,nrm.extra.perf.PAPI_RES_STL.25468,18470536493520.0
1769810442.4638622,nrm.extra.perf.PAPI_L3_TCM.25468,6780120752.0
1769810443.4678707,nrm.extra.perf.PAPI_L3_TCA.25468,68015910513.0
1769810443.4678707,nrm.extra.perf.PAPI_TOT_INS.25468,22138848821671.0
1769810443.4678707,nrm.extra.perf.PAPI_TOT_CYC.25468,38089673981911.0
1769810443.4678707,nrm.extra.perf.PAPI_RES_STL.25468,18605487895521.0
1769810443.4678707,nrm.extra.perf.PAPI_L3_TCM.25468,6829045655.0
1769810444.4638762,nrm.extra.perf.PAPI_L3_TCA.25468,68520377842.0
1769810444.4638762,nrm.extra.perf.PAPI_TOT_INS.25468,22302089508868.0
1769810444.4638762,nrm.extra.perf.PAPI_TOT_CYC.25468,38367074632566.0
1769810444.4638762,nrm.extra.perf.PAPI_RES_STL.25468,18743658918136.0
1769810444.4638762,nrm.extra.perf.PAPI_L3_TCM.25468,6879662549.0
1769810445.463558,nrm.extra.perf.PAPI_L3_TCA.25468,68981253186.0
1769810445.463558,nrm.extra.perf.PAPI_TOT_INS.25468,22453289492624.0
1769810445.463558,nrm.extra.perf.PAPI_TOT_CYC.25468,38632243344793.0
1769810445.463558,nrm.extra.perf.PAPI_RES_STL.25468,18870165632900.0
1769810445.463558,nrm.extra.perf.PAPI_L3_TCM.25468,6925619754.0
1769810446.463877,nrm.extra.perf.PAPI_L3_TCA.25468,69297031841.0
1769810446.463877,nrm.extra.perf.PAPI_TOT_INS.25468,22561459906934.0
1769810446.463877,nrm.extra.perf.PAPI_TOT_CYC.25468,38844135484620.0
1769810446.463877,nrm.extra.perf.PAPI_RES_STL.25468,18957861431207.0
1769810446.463877,nrm.extra.perf.PAPI_L3_TCM.25468,6957243334.0
1769810447.4631324,nrm.extra.perf.PAPI_L3_TCA.25468,69625934143.0
1769810447.4631324,nrm.extra.perf.PAPI_TOT_INS.25468,22674039278887.0
1769810447.4631324,nrm.extra.perf.PAPI_TOT_CYC.25468,39061583187011.0
1769810447.4631324,nrm.extra.perf.PAPI_RES_STL.25468,19049279765459.0
1769810447.4631324,nrm.extra.perf.PAPI_L3_TCM.25468,6989662351.0
1769810448.466909,nrm.extra.perf.PAPI_L3_TCA.25468,70030101851.0
1769810448.466909,nrm.extra.perf.PAPI_TOT_INS.25468,22807847888111.0
1769810448.466909,nrm.extra.perf.PAPI_TOT_CYC.25468,39302434929006.0
1769810448.466909,nrm.extra.perf.PAPI_RES_STL.25468,19160793602803.0
1769810448.466909,nrm.extra.perf.PAPI_L3_TCM.25468,7030223856.0
1769810449.463886,nrm.extra.perf.PAPI_L3_TCA.25468,70531860872.0
1769810449.463886,nrm.extra.perf.PAPI_TOT_INS.25468,22970526698713.0
1769810449.463886,nrm.extra.perf.PAPI_TOT_CYC.25468,39580528288669.0
1769810449.463886,nrm.extra.perf.PAPI_RES_STL.25468,19298323093642.0
1769810449.463886,nrm.extra.perf.PAPI_L3_TCM.25468,7080552755.0
1769810450.463959,nrm.extra.perf.PAPI_L3_TCA.25468,71033091968.0
1769810450.463959,nrm.extra.perf.PAPI_TOT_INS.25468,23133028794157.0
1769810450.463959,nrm.extra.perf.PAPI_TOT_CYC.25468,39858261984587.0
1769810450.463959,nrm.extra.perf.PAPI_RES_STL.25468,19435705525456.0
1769810450.463959,nrm.extra.perf.PAPI_L3_TCM.25468,7130757486.0
1769810451.4659915,nrm.extra.perf.PAPI_L3_TCA.25468,71531774367.0
1769810451.4659915,nrm.extra.perf.PAPI_TOT_INS.25468,23294738147767.0
1769810451.4659915,nrm.extra.perf.PAPI_TOT_CYC.25468,40133075081784.0
1769810451.4659915,nrm.extra.perf.PAPI_RES_STL.25468,19572210550024.0
1769810451.4659915,nrm.extra.perf.PAPI_L3_TCM.25468,7180407003.0
1769810452.463915,nrm.extra.perf.PAPI_L3_TCA.25468,72019084833.0
1769810452.463915,nrm.extra.perf.PAPI_TOT_INS.25468,23453186952884.0
1769810452.463915,nrm.extra.perf.PAPI_TOT_CYC.25468,40404409584460.0
1769810452.463915,nrm.extra.perf.PAPI_RES_STL.25468,19705343833285.0
1769810452.463915,nrm.extra.perf.PAPI_L3_TCM.25468,7228966480.0
1769810453.466854,nrm.extra.perf.PAPI_L3_TCA.25468,72334119535.0
1769810453.466854,nrm.extra.perf.PAPI_TOT_INS.25468,23560927257071.0
1769810453.466854,nrm.extra.perf.PAPI_TOT_CYC.25468,40614324902206.0
1769810453.466854,nrm.extra.perf.PAPI_RES_STL.25468,19792962433509.0
1769810453.466854,nrm.extra.perf.PAPI_L3_TCM.25468,7260050307.0
1769810454.4638464,nrm.extra.perf.PAPI_L3_TCA.25468,72718665988.0
1769810454.4638464,nrm.extra.perf.PAPI_TOT_INS.25468,23689609617920.0
1769810454.4638464,nrm.extra.perf.PAPI_TOT_CYC.25468,40851591621581.0
1769810454.4638464,nrm.extra.perf.PAPI_RES_STL.25468,19899239283818.0
1769810454.4638464,nrm.extra.perf.PAPI_L3_TCM.25468,7297946267.0
1769810455.4629412,nrm.extra.perf.PAPI_L3_TCA.25468,73039900495.0
1769810455.4629412,nrm.extra.perf.PAPI_TOT_INS.25468,23799632465672.0
1769810455.4629412,nrm.extra.perf.PAPI_TOT_CYC.25468,41064258856815.0
1769810455.4629412,nrm.extra.perf.PAPI_RES_STL.25468,19988355510911.0
1769810455.4629412,nrm.extra.perf.PAPI_L3_TCM.25468,7329183279.0
1769810456.4641337,nrm.extra.perf.PAPI_L3_TCA.25468,73361709583.0
1769810456.4641337,nrm.extra.perf.PAPI_TOT_INS.25468,23909760160935.0
1769810456.4641337,nrm.extra.perf.PAPI_TOT_CYC.25468,41279304516533.0
1769810456.4641337,nrm.extra.perf.PAPI_RES_STL.25468,20077788790981.0
1769810456.4641337,nrm.extra.perf.PAPI_L3_TCM.25468,7360820906.0
1769810457.4629414,nrm.extra.perf.PAPI_L3_TCA.25468,73684631754.0
1769810457.4629414,nrm.extra.perf.PAPI_TOT_INS.25468,24020216133892.0
1769810457.4629414,nrm.extra.perf.PAPI_TOT_CYC.25468,41492751338634.0
1769810457.4629414,nrm.extra.perf.PAPI_RES_STL.25468,20167465492873.0
1769810457.4629414,nrm.extra.perf.PAPI_L3_TCM.25468,7392237719.0
1769810458.464137,nrm.extra.perf.PAPI_L3_TCA.25468,74013400929.0
1769810458.464137,nrm.extra.perf.PAPI_TOT_INS.25468,24132545400973.0
1769810458.464137,nrm.extra.perf.PAPI_TOT_CYC.25468,41711345149023.0
1769810458.464137,nrm.extra.perf.PAPI_RES_STL.25468,20259014748213.0
1769810458.464137,nrm.extra.perf.PAPI_L3_TCM.25468,7424485841.0
1769810459.4670491,nrm.extra.perf.PAPI_L3_TCA.25468,74380106632.0
1769810459.4670491,nrm.extra.perf.PAPI_TOT_INS.25468,24255506621516.0
1769810459.4670491,nrm.extra.perf.PAPI_TOT_CYC.25468,41939597620335.0
1769810459.4670491,nrm.extra.perf.PAPI_RES_STL.25468,20360279308767.0
1769810459.4670491,nrm.extra.perf.PAPI_L3_TCM.25468,7460842904.0
1769810460.4643445,nrm.extra.perf.PAPI_L3_TCA.25468,74846332844.0
1769810460.4643445,nrm.extra.perf.PAPI_TOT_INS.25468,24407290034712.0
1769810460.4643445,nrm.extra.perf.PAPI_TOT_CYC.25468,42201819455600.0
1769810460.4643445,nrm.extra.perf.PAPI_RES_STL.25468,20487579173926.0
1769810460.4643445,nrm.extra.perf.PAPI_L3_TCM.25468,7507701844.0
1769810461.466019,nrm.extra.perf.PAPI_L3_TCA.25468,75333929565.0
1769810461.466019,nrm.extra.perf.PAPI_TOT_INS.25468,24565304050351.0
1769810461.466019,nrm.extra.perf.PAPI_TOT_CYC.25468,42469982328543.0
1769810461.466019,nrm.extra.perf.PAPI_RES_STL.25468,20620401032313.0
1769810461.466019,nrm.extra.perf.PAPI_L3_TCM.25468,7556572774.0
1769810462.4680257,nrm.extra.perf.PAPI_L3_TCA.25468,75826792274.0
1769810462.4680257,nrm.extra.perf.PAPI_TOT_INS.25468,24724700883059.0
1769810462.4680257,nrm.extra.perf.PAPI_TOT_CYC.25468,42738549529068.0
1769810462.4680257,nrm.extra.perf.PAPI_RES_STL.25468,20754980607965.0
1769810462.4680257,nrm.extra.perf.PAPI_L3_TCM.25468,7605827844.0
1769810463.4639893,nrm.extra.perf.PAPI_L3_TCA.25468,76314296310.0
1769810463.4639893,nrm.extra.perf.PAPI_TOT_INS.25468,24882597565238.0
1769810463.4639893,nrm.extra.perf.PAPI_TOT_CYC.25468,43005605781946.0
1769810463.4639893,nrm.extra.perf.PAPI_RES_STL.25468,20887662368133.0
1769810463.4639893,nrm.extra.perf.PAPI_L3_TCM.25468,7654665975.0
1769810464.4640133,nrm.extra.perf.PAPI_L3_TCA.25468,76803092062.0
1769810464.4640133,nrm.extra.perf.PAPI_TOT_INS.25468,25040713044576.0
1769810464.4640133,nrm.extra.perf.PAPI_TOT_CYC.25468,43273553627079.0
1769810464.4640133,nrm.extra.perf.PAPI_RES_STL.25468,21021113766810.0
1769810464.4640133,nrm.extra.perf.PAPI_L3_TCM.25468,7703701494.0
1769810465.4670315,nrm.extra.perf.PAPI_L3_TCA.25468,77293472664.0
1769810465.4670315,nrm.extra.perf.PAPI_TOT_INS.25468,25199576803367.0
1769810465.4670315,nrm.extra.perf.PAPI_TOT_CYC.25468,43542350476634.0
1769810465.4670315,nrm.extra.perf.PAPI_RES_STL.25468,21154760215990.0
1769810465.4670315,nrm.extra.perf.PAPI_L3_TCM.25468,7752715133.0
1769810466.4642787,nrm.extra.perf.PAPI_L3_TCA.25468,77765022840.0
1769810466.4642787,nrm.extra.perf.PAPI_TOT_INS.25468,25352181447555.0
1769810466.4642787,nrm.extra.perf.PAPI_TOT_CYC.25468,43801073167760.0
1769810466.4642787,nrm.extra.perf.PAPI_RES_STL.25468,21283431629809.0
1769810466.4642787,nrm.extra.perf.PAPI_L3_TCM.25468,7799703911.0
1769810467.4692464,nrm.extra.perf.PAPI_L3_TCA.25468,78126969085.0
1769810467.4692464,nrm.extra.perf.PAPI_TOT_INS.25468,25469530118023.0
1769810467.4692464,nrm.extra.perf.PAPI_TOT_CYC.25468,44000033369377.0
1769810467.4692464,nrm.extra.perf.PAPI_RES_STL.25468,21382038612002.0
1769810467.4692464,nrm.extra.perf.PAPI_L3_TCM.25468,7836119382.0
1769810468.4642732,nrm.extra.perf.PAPI_L3_TCA.25468,78460188925.0
1769810468.4642732,nrm.extra.perf.PAPI_TOT_INS.25468,25578592431624.0
1769810468.4642732,nrm.extra.perf.PAPI_TOT_CYC.25468,44190462660189.0
1769810468.4642732,nrm.extra.perf.PAPI_RES_STL.25468,21472849989091.0
1769810468.4642732,nrm.extra.perf.PAPI_L3_TCM.25468,7869407458.0
1769810469.4642553,nrm.extra.perf.PAPI_L3_TCA.25468,78819212702.0
1769810469.4642553,nrm.extra.perf.PAPI_TOT_INS.25468,25695026205273.0
1769810469.4642553,nrm.extra.perf.PAPI_TOT_CYC.25468,44389121949803.0
1769810469.4642553,nrm.extra.perf.PAPI_RES_STL.25468,21570431051671.0
1769810469.4642553,nrm.extra.perf.PAPI_L3_TCM.25468,7905373473.0
1769810470.464832,nrm.extra.perf.PAPI_L3_TCA.25468,79165316195.0
1769810470.464832,nrm.extra.perf.PAPI_TOT_INS.25468,25808045909024.0
1769810470.464832,nrm.extra.perf.PAPI_TOT_CYC.25468,44585538344922.0
1769810470.464832,nrm.extra.perf.PAPI_RES_STL.25468,21664925303389.0
1769810470.464832,nrm.extra.perf.PAPI_L3_TCM.25468,7939975301.0
1769810471.4642754,nrm.extra.perf.PAPI_L3_TCA.25468,79425034853.0
1769810471.4642754,nrm.extra.perf.PAPI_TOT_INS.25468,25896197017782.0
1769810471.4642754,nrm.extra.perf.PAPI_TOT_CYC.25468,44753398184614.0
1769810471.4642754,nrm.extra.perf.PAPI_RES_STL.25468,21736235018203.0
1769810471.4642754,nrm.extra.perf.PAPI_L3_TCM.25468,7965482424.0
1769810472.4642682,nrm.extra.perf.PAPI_L3_TCA.25468,79716742207.0
1769810472.4642682,nrm.extra.perf.PAPI_TOT_INS.25468,25993242428042.0
1769810472.4642682,nrm.extra.perf.PAPI_TOT_CYC.25468,44930425448681.0
1769810472.4642682,nrm.extra.perf.PAPI_RES_STL.25468,21816123727854.0
1769810472.4642682,nrm.extra.perf.PAPI_L3_TCM.25468,7994766909.0
1769810473.4672413,nrm.extra.perf.PAPI_L3_TCA.25468,80052933040.0
1769810473.4672413,nrm.extra.perf.PAPI_TOT_INS.25468,26103274429335.0
1769810473.4672413,nrm.extra.perf.PAPI_TOT_CYC.25468,45122734469586.0
1769810473.4672413,nrm.extra.perf.PAPI_RES_STL.25468,21907947286617.0
1769810473.4672413,nrm.extra.perf.PAPI_L3_TCM.25468,8028436566.0
1769810474.4638956,nrm.extra.perf.PAPI_L3_TCA.25468,80426917100.0
1769810474.4638956,nrm.extra.perf.PAPI_TOT_INS.25468,26224709222113.0
1769810474.4638956,nrm.extra.perf.PAPI_TOT_CYC.25468,45330513652971.0
1769810474.4638956,nrm.extra.perf.PAPI_RES_STL.25468,22009946001891.0
1769810474.4638956,nrm.extra.perf.PAPI_L3_TCM.25468,8066118799.0
1769810475.4650416,nrm.extra.perf.PAPI_L3_TCA.25468,80934437378.0
1769810475.4650416,nrm.extra.perf.PAPI_TOT_INS.25468,26389291128484.0
1769810475.4650416,nrm.extra.perf.PAPI_TOT_CYC.25468,45609631422087.0
1769810475.4650416,nrm.extra.perf.PAPI_RES_STL.25468,22148896847994.0
1769810475.4650416,nrm.extra.perf.PAPI_L3_TCM.25468,8116185178.0
1769810476.4658818,nrm.extra.perf.PAPI_L3_TCA.25468,81441968704.0
1769810476.4658818,nrm.extra.perf.PAPI_TOT_INS.25468,26553431236298.0
1769810476.4658818,nrm.extra.perf.PAPI_TOT_CYC.25468,45888442158680.0
1769810476.4658818,nrm.extra.perf.PAPI_RES_STL.25468,22288073965018.0
1769810476.4658818,nrm.extra.perf.PAPI_L3_TCM.25468,8166858767.0
1769810477.4639163,nrm.extra.perf.PAPI_L3_TCA.25468,81943589251.0
1769810477.4639163,nrm.extra.perf.PAPI_TOT_INS.25468,26716107731222.0
1769810477.4639163,nrm.extra.perf.PAPI_TOT_CYC.25468,46166324278644.0
1769810477.4639163,nrm.extra.perf.PAPI_RES_STL.25468,22425448712861.0
1769810477.4639163,nrm.extra.perf.PAPI_L3_TCM.25468,8216839086.0
1769810478.4639084,nrm.extra.perf.PAPI_L3_TCA.25468,82440570493.0
1769810478.4639084,nrm.extra.perf.PAPI_TOT_INS.25468,26877832380982.0
1769810478.4639084,nrm.extra.perf.PAPI_TOT_CYC.25468,46445148534887.0
1769810478.4639084,nrm.extra.perf.PAPI_RES_STL.25468,22561419913332.0
1769810478.4639084,nrm.extra.perf.PAPI_L3_TCM.25468,8265785562.0
1769810479.4659128,nrm.extra.perf.PAPI_L3_TCA.25468,82947779133.0
1769810479.4659128,nrm.extra.perf.PAPI_TOT_INS.25468,27041941770699.0
1769810479.4659128,nrm.extra.perf.PAPI_TOT_CYC.25468,46723630801833.0
1769810479.4659128,nrm.extra.perf.PAPI_RES_STL.25468,22700376143570.0
1769810479.4659128,nrm.extra.perf.PAPI_L3_TCM.25468,8316305441.0
1769810480.4639366,nrm.extra.perf.PAPI_L3_TCA.25468,83454315289.0
1769810480.4639366,nrm.extra.perf.PAPI_TOT_INS.25468,27205870536238.0
1769810480.4639366,nrm.extra.perf.PAPI_TOT_CYC.25468,47001766222889.0
1769810480.4639366,nrm.extra.perf.PAPI_RES_STL.25468,22839232738244.0
1769810480.4639366,nrm.extra.perf.PAPI_L3_TCM.25468,8366714907.0
1769810481.4648848,nrm.extra.perf.PAPI_L3_TCA.25468,83963010702.0
1769810481.4648848,nrm.extra.perf.PAPI_TOT_INS.25468,27370391481869.0
1769810481.4648848,nrm.extra.perf.PAPI_TOT_CYC.25468,47280428630580.0
1769810481.4648848,nrm.extra.perf.PAPI_RES_STL.25468,22978640992951.0
1769810481.4648848,nrm.extra.perf.PAPI_L3_TCM.25468,8417082693.0
1769810482.4678752,nrm.extra.perf.PAPI_L3_TCA.25468,84467089920.0
1769810482.4678752,nrm.extra.perf.PAPI_TOT_INS.25468,27533805031057.0
1769810482.4678752,nrm.extra.perf.PAPI_TOT_CYC.25468,47559321606576.0
1769810482.4678752,nrm.extra.perf.PAPI_RES_STL.25468,23116756944759.0
1769810482.4678752,nrm.extra.perf.PAPI_L3_TCM.25468,8467311973.0
1769810483.4642968,nrm.extra.perf.PAPI_L3_TCA.25468,84850229429.0
1769810483.4642968,nrm.extra.perf.PAPI_TOT_INS.25468,27658031833630.0
1769810483.4642968,nrm.extra.perf.PAPI_TOT_CYC.25468,47770652843619.0
1769810483.4642968,nrm.extra.perf.PAPI_RES_STL.25468,23221306783411.0
1769810483.4642968,nrm.extra.perf.PAPI_L3_TCM.25468,8505574265.0
1769810484.4643247,nrm.extra.perf.PAPI_L3_TCA.25468,85205905806.0
1769810484.4643247,nrm.extra.perf.PAPI_TOT_INS.25468,27773504324331.0
1769810484.4643247,nrm.extra.perf.PAPI_TOT_CYC.25468,47968322871744.0
1769810484.4643247,nrm.extra.perf.PAPI_RES_STL.25468,23318196302587.0
1769810484.4643247,nrm.extra.perf.PAPI_L3_TCM.25468,8542071701.0
1769810485.4672499,nrm.extra.perf.PAPI_L3_TCA.25468,85567344298.0
1769810485.4672499,nrm.extra.perf.PAPI_TOT_INS.25468,27890532821795.0
1769810485.4672499,nrm.extra.perf.PAPI_TOT_CYC.25468,48167434739055.0
1769810485.4672499,nrm.extra.perf.PAPI_RES_STL.25468,23416574431896.0
1769810485.4672499,nrm.extra.perf.PAPI_L3_TCM.25468,8578739685.0
1769810486.4653351,nrm.extra.perf.PAPI_L3_TCA.25468,85927993665.0
1769810486.4653351,nrm.extra.perf.PAPI_TOT_INS.25468,28007544197754.0
1769810486.4653351,nrm.extra.perf.PAPI_TOT_CYC.25468,48366119916783.0
1769810486.4653351,nrm.extra.perf.PAPI_RES_STL.25468,23514569745385.0
1769810486.4653351,nrm.extra.perf.PAPI_L3_TCM.25468,8615226526.0
1769810487.4682255,nrm.extra.perf.PAPI_L3_TCA.25468,86290189804.0
1769810487.4682255,nrm.extra.perf.PAPI_TOT_INS.25468,28124795278850.0
1769810487.4682255,nrm.extra.perf.PAPI_TOT_CYC.25468,48565697828814.0
1769810487.4682255,nrm.extra.perf.PAPI_RES_STL.25468,23613313288048.0
1769810487.4682255,nrm.extra.perf.PAPI_L3_TCM.25468,8651820869.0
1769810488.4642873,nrm.extra.perf.PAPI_L3_TCA.25468,86650973967.0
1769810488.4642873,nrm.extra.perf.PAPI_TOT_INS.25468,28241797219474.0
1769810488.4642873,nrm.extra.perf.PAPI_TOT_CYC.25468,48763919402799.0
1769810488.4642873,nrm.extra.perf.PAPI_RES_STL.25468,23711412599248.0
1769810488.4642873,nrm.extra.perf.PAPI_L3_TCM.25468,8687966387.0
1769810489.4682622,nrm.extra.perf.PAPI_L3_TCA.25468,87011946733.0
1769810489.4682622,nrm.extra.perf.PAPI_TOT_INS.25468,28358883164041.0
1769810489.4682622,nrm.extra.perf.PAPI_TOT_CYC.25468,48963950291850.0
1769810489.4682622,nrm.extra.perf.PAPI_RES_STL.25468,23809550068892.0
1769810489.4682622,nrm.extra.perf.PAPI_L3_TCM.25468,8724259036.0
1769810490.4640234,nrm.extra.perf.PAPI_L3_TCA.25468,87386143133.0
1769810490.4640234,nrm.extra.perf.PAPI_TOT_INS.25468,28480175750907.0
1769810490.4640234,nrm.extra.perf.PAPI_TOT_CYC.25468,49170456540724.0
1769810490.4640234,nrm.extra.perf.PAPI_RES_STL.25468,23911551412548.0
1769810490.4640234,nrm.extra.perf.PAPI_L3_TCM.25468,8761842047.0
1769810491.46395,nrm.extra.perf.PAPI_L3_TCA.25468,87875891568.0
1769810491.46395,nrm.extra.perf.PAPI_TOT_INS.25468,28638872209361.0
1769810491.46395,nrm.extra.perf.PAPI_TOT_CYC.25468,49439558639242.0
1769810491.46395,nrm.extra.perf.PAPI_RES_STL.25468,24045001815954.0
1769810491.46395,nrm.extra.perf.PAPI_L3_TCM.25468,8810332780.0
1769810492.4678872,nrm.extra.perf.PAPI_L3_TCA.25468,88332861308.0
1769810492.4678872,nrm.extra.perf.PAPI_TOT_INS.25468,28788115053043.0
1769810492.4678872,nrm.extra.perf.PAPI_TOT_CYC.25468,49698799412434.0
1769810492.4678872,nrm.extra.perf.PAPI_RES_STL.25468,24169839502018.0
1769810492.4678872,nrm.extra.perf.PAPI_L3_TCM.25468,8855723025.0
1769810493.4670365,nrm.extra.perf.PAPI_L3_TCA.25468,88820110403.0
1769810493.4670365,nrm.extra.perf.PAPI_TOT_INS.25468,28945857364273.0
1769810493.4670365,nrm.extra.perf.PAPI_TOT_CYC.25468,49967026211193.0
1769810493.4670365,nrm.extra.perf.PAPI_RES_STL.25468,24302514843371.0
1769810493.4670365,nrm.extra.perf.PAPI_L3_TCM.25468,8904337280.0
1769810494.464004,nrm.extra.perf.PAPI_L3_TCA.25468,89307921803.0
1769810494.464004,nrm.extra.perf.PAPI_TOT_INS.25468,29103849813144.0
1769810494.464004,nrm.extra.perf.PAPI_TOT_CYC.25468,50234514870529.0
1769810494.464004,nrm.extra.perf.PAPI_RES_STL.25468,24435744462304.0
1769810494.464004,nrm.extra.perf.PAPI_L3_TCM.25468,8952920188.0
1769810495.464019,nrm.extra.perf.PAPI_L3_TCA.25468,89798608739.0
1769810495.464019,nrm.extra.perf.PAPI_TOT_INS.25468,29262636461917.0
1769810495.464019,nrm.extra.perf.PAPI_TOT_CYC.25468,50502916151418.0
1769810495.464019,nrm.extra.perf.PAPI_RES_STL.25468,24569759152197.0
1769810495.464019,nrm.extra.perf.PAPI_L3_TCM.25468,9001619136.0
1769810496.4669814,nrm.extra.perf.PAPI_L3_TCA.25468,90290262934.0
1769810496.4669814,nrm.extra.perf.PAPI_TOT_INS.25468,29421625381821.0
1769810496.4669814,nrm.extra.perf.PAPI_TOT_CYC.25468,50772058182430.0
1769810496.4669814,nrm.extra.perf.PAPI_RES_STL.25468,24703767707574.0
1769810496.4669814,nrm.extra.perf.PAPI_L3_TCM.25468,9050929571.0
1769810497.4639716,nrm.extra.perf.PAPI_L3_TCA.25468,90779475572.0
1769810497.4639716,nrm.extra.perf.PAPI_TOT_INS.25468,29579977880774.0
1769810497.4639716,nrm.extra.perf.PAPI_TOT_CYC.25468,51039597041833.0
1769810497.4639716,nrm.extra.perf.PAPI_RES_STL.25468,24837087268766.0
1769810497.4639716,nrm.extra.perf.PAPI_L3_TCM.25468,9099654470.0
1769810498.4680226,nrm.extra.perf.PAPI_L3_TCA.25468,91267638520.0
1769810498.4680226,nrm.extra.perf.PAPI_TOT_INS.25468,29738004820816.0
1769810498.4680226,nrm.extra.perf.PAPI_TOT_CYC.25468,51307184289284.0
1769810498.4680226,nrm.extra.perf.PAPI_RES_STL.25468,24970048383318.0
1769810498.4680226,nrm.extra.perf.PAPI_L3_TCM.25468,9148260544.0
1769810499.4640315,nrm.extra.perf.PAPI_L3_TCA.25468,91727997348.0
1769810499.4640315,nrm.extra.perf.PAPI_TOT_INS.25468,29886992806890.0
1769810499.4640315,nrm.extra.perf.PAPI_TOT_CYC.25468,51559667484613.0
1769810499.4640315,nrm.extra.perf.PAPI_RES_STL.25468,25095420228167.0
1769810499.4640315,nrm.extra.perf.PAPI_L3_TCM.25468,9194297984.0
1769810500.4640625,nrm.extra.perf.PAPI_L3_TCA.25468,92191249393.0
1769810500.4640625,nrm.extra.perf.PAPI_TOT_INS.25468,30037085104516.0
1769810500.4640625,nrm.extra.perf.PAPI_TOT_CYC.25468,51813303236698.0
1769810500.4640625,nrm.extra.perf.PAPI_RES_STL.25468,25221588471343.0
1769810500.4640625,nrm.extra.perf.PAPI_L3_TCM.25468,9240409954.0
1769810501.468048,nrm.extra.perf.PAPI_L3_TCA.25468,92655526227.0
1769810501.468048,nrm.extra.perf.PAPI_TOT_INS.25468,30187302978712.0
1769810501.468048,nrm.extra.perf.PAPI_TOT_CYC.25468,52067899699536.0
1769810501.468048,nrm.extra.perf.PAPI_RES_STL.25468,25348191723161.0
1769810501.468048,nrm.extra.perf.PAPI_L3_TCM.25468,9286723746.0
1769810502.4640262,nrm.extra.perf.PAPI_L3_TCA.25468,93100199021.0
1769810502.4640262,nrm.extra.perf.PAPI_TOT_INS.25468,30331990128473.0
1769810502.4640262,nrm.extra.perf.PAPI_TOT_CYC.25468,52316181489236.0
1769810502.4640262,nrm.extra.perf.PAPI_RES_STL.25468,25469569023734.0
1769810502.4640262,nrm.extra.perf.PAPI_L3_TCM.25468,9331093596.0
1769810503.4640472,nrm.extra.perf.PAPI_L3_TCA.25468,93562752250.0
1769810503.4640472,nrm.extra.perf.PAPI_TOT_INS.25468,30481864464282.0
1769810503.4640472,nrm.extra.perf.PAPI_TOT_CYC.25468,52569812621910.0
1769810503.4640472,nrm.extra.perf.PAPI_RES_STL.25468,25595637335159.0
1769810503.4640472,nrm.extra.perf.PAPI_L3_TCM.25468,9377257313.0
1769810504.4660308,nrm.extra.perf.PAPI_L3_TCA.25468,94024975945.0
1769810504.4660308,nrm.extra.perf.PAPI_TOT_INS.25468,30631504320118.0
1769810504.4660308,nrm.extra.perf.PAPI_TOT_CYC.25468,52823986080729.0
1769810504.4660308,nrm.extra.perf.PAPI_RES_STL.25468,25721698503336.0
1769810504.4660308,nrm.extra.perf.PAPI_L3_TCM.25468,9423519964.0
1769810505.4640145,nrm.extra.perf.PAPI_L3_TCA.25468,94484740779.0
1769810505.4640145,nrm.extra.perf.PAPI_TOT_INS.25468,30780569491285.0
1769810505.4640145,nrm.extra.perf.PAPI_TOT_CYC.25468,53076832057577.0
1769810505.4640145,nrm.extra.perf.PAPI_RES_STL.25468,25846825798639.0
1769810505.4640145,nrm.extra.perf.PAPI_L3_TCM.25468,9469085204.0
1769810506.4669042,nrm.extra.perf.PAPI_L3_TCA.25468,94810983634.0
1769810506.4669042,nrm.extra.perf.PAPI_TOT_INS.25468,30891000573899.0
1769810506.4669042,nrm.extra.perf.PAPI_TOT_CYC.25468,53288441984738.0
1769810506.4669042,nrm.extra.perf.PAPI_RES_STL.25468,25936916205375.0
1769810506.4669042,nrm.extra.perf.PAPI_L3_TCM.25468,9501256894.0
1769810507.4639497,nrm.extra.perf.PAPI_L3_TCA.25468,95311755796.0
1769810507.4639497,nrm.extra.perf.PAPI_TOT_INS.25468,31053640952333.0
1769810507.4639497,nrm.extra.perf.PAPI_TOT_CYC.25468,53567641589371.0
1769810507.4639497,nrm.extra.perf.PAPI_RES_STL.25468,26073847691593.0
1769810507.4639497,nrm.extra.perf.PAPI_L3_TCM.25468,9550763007.0
1769810508.4639056,nrm.extra.perf.PAPI_L3_TCA.25468,95820735434.0
1769810508.4639056,nrm.extra.perf.PAPI_TOT_INS.25468,31218258702794.0
1769810508.4639056,nrm.extra.perf.PAPI_TOT_CYC.25468,53847281047685.0
1769810508.4639056,nrm.extra.perf.PAPI_RES_STL.25468,26213402857836.0
1769810508.4639056,nrm.extra.perf.PAPI_L3_TCM.25468,9601316008.0
1769810509.4659722,nrm.extra.perf.PAPI_L3_TCA.25468,96330452979.0
1769810509.4659722,nrm.extra.perf.PAPI_TOT_INS.25468,31383203590488.0
1769810509.4659722,nrm.extra.perf.PAPI_TOT_CYC.25468,54127065906623.0
1769810509.4659722,nrm.extra.perf.PAPI_RES_STL.25468,26352914246879.0
1769810509.4659722,nrm.extra.perf.PAPI_L3_TCM.25468,9651945999.0
1769810510.4639175,nrm.extra.perf.PAPI_L3_TCA.25468,96832424229.0
1769810510.4639175,nrm.extra.perf.PAPI_TOT_INS.25468,31545896093075.0
1769810510.4639175,nrm.extra.perf.PAPI_TOT_CYC.25468,54405470883786.0
1769810510.4639175,nrm.extra.perf.PAPI_RES_STL.25468,26490623870868.0
1769810510.4639175,nrm.extra.perf.PAPI_L3_TCM.25468,9701550707.0
1769810511.4639587,nrm.extra.perf.PAPI_L3_TCA.25468,97317102385.0
1769810511.4639587,nrm.extra.perf.PAPI_TOT_INS.25468,31703812927930.0
1769810511.4639587,nrm.extra.perf.PAPI_TOT_CYC.25468,54678495614244.0
1769810511.4639587,nrm.extra.perf.PAPI_RES_STL.25468,26623399805832.0
1769810511.4639587,nrm.extra.perf.PAPI_L3_TCM.25468,9749753376.0
1769810512.4669068,nrm.extra.perf.PAPI_L3_TCA.25468,97823361915.0
1769810512.4669068,nrm.extra.perf.PAPI_TOT_INS.25468,31867802203553.0
1769810512.4669068,nrm.extra.perf.PAPI_TOT_CYC.25468,54958566307531.0
1769810512.4669068,nrm.extra.perf.PAPI_RES_STL.25468,26762337419433.0
1769810512.4669068,nrm.extra.perf.PAPI_L3_TCM.25468,9800235102.0
1769810513.4661856,nrm.extra.perf.PAPI_L3_TCA.25468,98330765312.0
1769810513.4661856,nrm.extra.perf.PAPI_TOT_INS.25468,32032283383108.0
1769810513.4661856,nrm.extra.perf.PAPI_TOT_CYC.25468,55237806674583.0
1769810513.4661856,nrm.extra.perf.PAPI_RES_STL.25468,26901341650728.0
1769810513.4661856,nrm.extra.perf.PAPI_L3_TCM.25468,9850471764.0
1769810514.4639745,nrm.extra.perf.PAPI_L3_TCA.25468,98821846894.0
1769810514.4639745,nrm.extra.perf.PAPI_TOT_INS.25468,32191742872158.0
1769810514.4639745,nrm.extra.perf.PAPI_TOT_CYC.25468,55512431550987.0
1769810514.4639745,nrm.extra.perf.PAPI_RES_STL.25468,27035987704335.0
1769810514.4639745,nrm.extra.perf.PAPI_L3_TCM.25468,9899208272.0
1769810515.466954,nrm.extra.perf.PAPI_L3_TCA.25468,99323384976.0
1769810515.466954,nrm.extra.perf.PAPI_TOT_INS.25468,32354148840509.0
1769810515.466954,nrm.extra.perf.PAPI_TOT_CYC.25468,55787344176933.0
1769810515.466954,nrm.extra.perf.PAPI_RES_STL.25468,27172956024803.0
1769810515.466954,nrm.extra.perf.PAPI_L3_TCM.25468,9948641456.0
1769810516.4639666,nrm.extra.perf.PAPI_L3_TCA.25468,99824520074.0
1769810516.4639666,nrm.extra.perf.PAPI_TOT_INS.25468,32516149078948.0
1769810516.4639666,nrm.extra.perf.PAPI_TOT_CYC.25468,56061375923669.0
1769810516.4639666,nrm.extra.perf.PAPI_RES_STL.25468,27309771770428.0
1769810516.4639666,nrm.extra.perf.PAPI_L3_TCM.25468,9998489870.0
1769810517.465988,nrm.extra.perf.PAPI_L3_TCA.25468,100306329375.0
1769810517.465988,nrm.extra.perf.PAPI_TOT_INS.25468,32672823513347.0
1769810517.465988,nrm.extra.perf.PAPI_TOT_CYC.25468,56330061730249.0
1769810517.465988,nrm.extra.perf.PAPI_RES_STL.25468,27441488866415.0
1769810517.465988,nrm.extra.perf.PAPI_L3_TCM.25468,10046182184.0
1769810518.4639795,nrm.extra.perf.PAPI_L3_TCA.25468,100808172535.0
1769810518.4639795,nrm.extra.perf.PAPI_TOT_INS.25468,32835046786898.0
1769810518.4639795,nrm.extra.perf.PAPI_TOT_CYC.25468,56604450198473.0
1769810518.4639795,nrm.extra.perf.PAPI_RES_STL.25468,27578779482914.0
1769810518.4639795,nrm.extra.perf.PAPI_L3_TCM.25468,10096138272.0
1769810519.463888,nrm.extra.perf.PAPI_L3_TCA.25468,101310099124.0
1769810519.463888,nrm.extra.perf.PAPI_TOT_INS.25468,32997742109130.0
1769810519.463888,nrm.extra.perf.PAPI_TOT_CYC.25468,56879440271049.0
1769810519.463888,nrm.extra.perf.PAPI_RES_STL.25468,27715724702113.0
1769810519.463888,nrm.extra.perf.PAPI_L3_TCM.25468,10145697603.0
1769810520.464,nrm.extra.perf.PAPI_L3_TCA.25468,101812673195.0
1769810520.464,nrm.extra.perf.PAPI_TOT_INS.25468,33160224157672.0
1769810520.464,nrm.extra.perf.PAPI_TOT_CYC.25468,57154495814784.0
1769810520.464,nrm.extra.perf.PAPI_RES_STL.25468,27853108315366.0
1769810520.464,nrm.extra.perf.PAPI_L3_TCM.25468,10195856884.0
1769810521.4639506,nrm.extra.perf.PAPI_L3_TCA.25468,102314545477.0
1769810521.4639506,nrm.extra.perf.PAPI_TOT_INS.25468,33322486387081.0
1769810521.4639506,nrm.extra.perf.PAPI_TOT_CYC.25468,57429269904408.0
1769810521.4639506,nrm.extra.perf.PAPI_RES_STL.25468,27990422750811.0
1769810521.4639506,nrm.extra.perf.PAPI_L3_TCM.25468,10245749969.0
1769810522.4660678,nrm.extra.perf.PAPI_L3_TCA.25468,102813212926.0
1769810522.4660678,nrm.extra.perf.PAPI_TOT_INS.25468,33483937781779.0
1769810522.4660678,nrm.extra.perf.PAPI_TOT_CYC.25468,57702432057503.0
1769810522.4660678,nrm.extra.perf.PAPI_RES_STL.25468,28126702178526.0
1769810522.4660678,nrm.extra.perf.PAPI_L3_TCM.25468,10295056120.0
1769810523.4639885,nrm.extra.perf.PAPI_L3_TCA.25468,103262807474.0
1769810523.4639885,nrm.extra.perf.PAPI_TOT_INS.25468,33629352959759.0
1769810523.4639885,nrm.extra.perf.PAPI_TOT_CYC.25468,57948774772065.0
1769810523.4639885,nrm.extra.perf.PAPI_RES_STL.25468,28248824141724.0
1769810523.4639885,nrm.extra.perf.PAPI_L3_TCM.25468,10339720011.0
1769810524.4640665,nrm.extra.perf.PAPI_L3_TCA.25468,103712203880.0
1769810524.4640665,nrm.extra.perf.PAPI_TOT_INS.25468,33774952343947.0
1769810524.4640665,nrm.extra.perf.PAPI_TOT_CYC.25468,58195919152154.0
1769810524.4640665,nrm.extra.perf.PAPI_RES_STL.25468,28371517251139.0
1769810524.4640665,nrm.extra.perf.PAPI_L3_TCM.25468,10384389317.0
1769810525.4660919,nrm.extra.perf.PAPI_L3_TCA.25468,104146959835.0
1769810525.4660919,nrm.extra.perf.PAPI_TOT_INS.25468,33916683107447.0
1769810525.4660919,nrm.extra.perf.PAPI_TOT_CYC.25468,58439508944242.0
1769810525.4660919,nrm.extra.perf.PAPI_RES_STL.25468,28489897558866.0
1769810525.4660919,nrm.extra.perf.PAPI_L3_TCM.25468,10427409018.0
1769810526.4650524,nrm.extra.perf.PAPI_L3_TCA.25468,104597024662.0
1769810526.4650524,nrm.extra.perf.PAPI_TOT_INS.25468,34062450451848.0
1769810526.4650524,nrm.extra.perf.PAPI_TOT_CYC.25468,58686430089950.0
1769810526.4650524,nrm.extra.perf.PAPI_RES_STL.25468,28612539699681.0
1769810526.4650524,nrm.extra.perf.PAPI_L3_TCM.25468,10472227613.0
1769810527.4650598,nrm.extra.perf.PAPI_L3_TCA.25468,105046074639.0
1769810527.4650598,nrm.extra.perf.PAPI_TOT_INS.25468,34207743927568.0
1769810527.4650598,nrm.extra.perf.PAPI_TOT_CYC.25468,58933482852564.0
1769810527.4650598,nrm.extra.perf.PAPI_RES_STL.25468,28734738002803.0
1769810527.4650598,nrm.extra.perf.PAPI_L3_TCM.25468,10517298022.0
1769810528.468058,nrm.extra.perf.PAPI_L3_TCA.25468,105501378214.0
1769810528.468058,nrm.extra.perf.PAPI_TOT_INS.25468,34355006010742.0
1769810528.468058,nrm.extra.perf.PAPI_TOT_CYC.25468,59181658521429.0
1769810528.468058,nrm.extra.perf.PAPI_RES_STL.25468,28858746820232.0
1769810528.468058,nrm.extra.perf.PAPI_L3_TCM.25468,10562551167.0
1769810529.4641428,nrm.extra.perf.PAPI_L3_TCA.25468,105952843798.0
1769810529.4641428,nrm.extra.perf.PAPI_TOT_INS.25468,34501097737665.0
1769810529.4641428,nrm.extra.perf.PAPI_TOT_CYC.25468,59428258153988.0
1769810529.4641428,nrm.extra.perf.PAPI_RES_STL.25468,28981621809580.0
1769810529.4641428,nrm.extra.perf.PAPI_L3_TCM.25468,10607166786.0
1769810530.4642353,nrm.extra.perf.PAPI_L3_TCA.25468,106400163262.0
1769810530.4642353,nrm.extra.perf.PAPI_TOT_INS.25468,34645899698053.0
1769810530.4642353,nrm.extra.perf.PAPI_TOT_CYC.25468,59673351281907.0
1769810530.4642353,nrm.extra.perf.PAPI_RES_STL.25468,29103560300420.0
1769810530.4642353,nrm.extra.perf.PAPI_L3_TCM.25468,10651901591.0
1769810531.4652207,nrm.extra.perf.PAPI_L3_TCA.25468,106786712242.0
1769810531.4652207,nrm.extra.perf.PAPI_TOT_INS.25468,34770922190736.0
1769810531.4652207,nrm.extra.perf.PAPI_TOT_CYC.25468,59883917305469.0
1769810531.4652207,nrm.extra.perf.PAPI_RES_STL.25468,29208799447377.0
1769810531.4652207,nrm.extra.perf.PAPI_L3_TCM.25468,10690535495.0
1769810532.4682415,nrm.extra.perf.PAPI_L3_TCA.25468,107170392741.0
1769810532.4682415,nrm.extra.perf.PAPI_TOT_INS.25468,34895084655455.0
1769810532.4682415,nrm.extra.perf.PAPI_TOT_CYC.25468,60095177111291.0
1769810532.4682415,nrm.extra.perf.PAPI_RES_STL.25468,29313390859341.0
1769810532.4682415,nrm.extra.perf.PAPI_L3_TCM.25468,10729263929.0
1769810533.4642093,nrm.extra.perf.PAPI_L3_TCA.25468,107551073451.0
1769810533.4642093,nrm.extra.perf.PAPI_TOT_INS.25468,35018491109429.0
1769810533.4642093,nrm.extra.perf.PAPI_TOT_CYC.25468,60305090004246.0
1769810533.4642093,nrm.extra.perf.PAPI_RES_STL.25468,29417249819837.0
1769810533.4642093,nrm.extra.perf.PAPI_L3_TCM.25468,10767433619.0
1769810534.465219,nrm.extra.perf.PAPI_L3_TCA.25468,107936455768.0
1769810534.465219,nrm.extra.perf.PAPI_TOT_INS.25468,35143323431850.0
1769810534.465219,nrm.extra.perf.PAPI_TOT_CYC.25468,60516215949328.0
1769810534.465219,nrm.extra.perf.PAPI_RES_STL.25468,29521989734210.0
1769810534.465219,nrm.extra.perf.PAPI_L3_TCM.25468,10805903659.0
1769810535.4661512,nrm.extra.perf.PAPI_L3_TCA.25468,108320495845.0
1769810535.4661512,nrm.extra.perf.PAPI_TOT_INS.25468,35267765720576.0
1769810535.4661512,nrm.extra.perf.PAPI_TOT_CYC.25468,60727790653218.0
1769810535.4661512,nrm.extra.perf.PAPI_RES_STL.25468,29626656837799.0
1769810535.4661512,nrm.extra.perf.PAPI_L3_TCM.25468,10844511018.0
1769810536.4640336,nrm.extra.perf.PAPI_L3_TCA.25468,108706838957.0
1769810536.4640336,nrm.extra.perf.PAPI_TOT_INS.25468,35392854128985.0
1769810536.4640336,nrm.extra.perf.PAPI_TOT_CYC.25468,60938556825041.0
1769810536.4640336,nrm.extra.perf.PAPI_RES_STL.25468,29731615317810.0
1769810536.4640336,nrm.extra.perf.PAPI_L3_TCM.25468,10883199935.0
1769810537.4672256,nrm.extra.perf.PAPI_L3_TCA.25468,109094638465.0
1769810537.4672256,nrm.extra.perf.PAPI_TOT_INS.25468,35518119061991.0
1769810537.4672256,nrm.extra.perf.PAPI_TOT_CYC.25468,61150258942598.0
1769810537.4672256,nrm.extra.perf.PAPI_RES_STL.25468,29837192026382.0
1769810537.4672256,nrm.extra.perf.PAPI_L3_TCM.25468,10922440070.0
1769810538.4638677,nrm.extra.perf.PAPI_L3_TCA.25468,109484947337.0
1769810538.4638677,nrm.extra.perf.PAPI_TOT_INS.25468,35644384228608.0
1769810538.4638677,nrm.extra.perf.PAPI_TOT_CYC.25468,61363748588672.0
1769810538.4638677,nrm.extra.perf.PAPI_RES_STL.25468,29943614034590.0
1769810538.4638677,nrm.extra.perf.PAPI_L3_TCM.25468,10961674178.0
1769810539.4639347,nrm.extra.perf.PAPI_L3_TCA.25468,109997233665.0
1769810539.4639347,nrm.extra.perf.PAPI_TOT_INS.25468,35810001634238.0
1769810539.4639347,nrm.extra.perf.PAPI_TOT_CYC.25468,61643914133358.0
1769810539.4639347,nrm.extra.perf.PAPI_RES_STL.25468,30083648312877.0
1769810539.4639347,nrm.extra.perf.PAPI_L3_TCM.25468,11012827357.0
1769810540.4668393,nrm.extra.perf.PAPI_L3_TCA.25468,110423263693.0
1769810540.4668393,nrm.extra.perf.PAPI_TOT_INS.25468,35950785110094.0
1769810540.4668393,nrm.extra.perf.PAPI_TOT_CYC.25468,61897503090363.0
1769810540.4668393,nrm.extra.perf.PAPI_RES_STL.25468,30200825829093.0
1769810540.4668393,nrm.extra.perf.PAPI_L3_TCM.25468,11055252327.0
1769810541.4638839,nrm.extra.perf.PAPI_L3_TCA.25468,110929719185.0
1769810541.4638839,nrm.extra.perf.PAPI_TOT_INS.25468,36114801056337.0
1769810541.4638839,nrm.extra.perf.PAPI_TOT_CYC.25468,62175789548019.0
1769810541.4638839,nrm.extra.perf.PAPI_RES_STL.25468,30339795223027.0
1769810541.4638839,nrm.extra.perf.PAPI_L3_TCM.25468,11105157995.0
1769810542.4668694,nrm.extra.perf.PAPI_L3_TCA.25468,111438823874.0
1769810542.4668694,nrm.extra.perf.PAPI_TOT_INS.25468,36279573915664.0
1769810542.4668694,nrm.extra.perf.PAPI_TOT_CYC.25468,62455374783322.0
1769810542.4668694,nrm.extra.perf.PAPI_RES_STL.25468,30479029770658.0
1769810542.4668694,nrm.extra.perf.PAPI_L3_TCM.25468,11155506348.0
1769810543.463921,nrm.extra.perf.PAPI_L3_TCA.25468,111944843361.0
1769810543.463921,nrm.extra.perf.PAPI_TOT_INS.25468,36443247549440.0
1769810543.463921,nrm.extra.perf.PAPI_TOT_CYC.25468,62732992524762.0
1769810543.463921,nrm.extra.perf.PAPI_RES_STL.25468,30617742685551.0
1769810543.463921,nrm.extra.perf.PAPI_L3_TCM.25468,11205737824.0
1769810544.4668415,nrm.extra.perf.PAPI_L3_TCA.25468,112454691709.0
1769810544.4668415,nrm.extra.perf.PAPI_TOT_INS.25468,36608137858294.0
1769810544.4668415,nrm.extra.perf.PAPI_TOT_CYC.25468,63012630500024.0
1769810544.4668415,nrm.extra.perf.PAPI_RES_STL.25468,30757552230904.0
1769810544.4668415,nrm.extra.perf.PAPI_L3_TCM.25468,11256224099.0
1769810545.4639223,nrm.extra.perf.PAPI_L3_TCA.25468,112959932581.0
1769810545.4639223,nrm.extra.perf.PAPI_TOT_INS.25468,36771703132994.0
1769810545.4639223,nrm.extra.perf.PAPI_TOT_CYC.25468,63289807971101.0
1769810545.4639223,nrm.extra.perf.PAPI_RES_STL.25468,30895934893780.0
1769810545.4639223,nrm.extra.perf.PAPI_L3_TCM.25468,11306180260.0
1769810546.4639041,nrm.extra.perf.PAPI_L3_TCA.25468,113446830136.0
1769810546.4639041,nrm.extra.perf.PAPI_TOT_INS.25468,36930128795302.0
1769810546.4639041,nrm.extra.perf.PAPI_TOT_CYC.25468,63562953608187.0
1769810546.4639041,nrm.extra.perf.PAPI_RES_STL.25468,31029454263961.0
1769810546.4639041,nrm.extra.perf.PAPI_L3_TCM.25468,11354300534.0
1769810547.466875,nrm.extra.perf.PAPI_L3_TCA.25468,113938286378.0
1769810547.466875,nrm.extra.perf.PAPI_TOT_INS.25468,37090035388218.0
1769810547.466875,nrm.extra.perf.PAPI_TOT_CYC.25468,63837924978192.0
1769810547.466875,nrm.extra.perf.PAPI_RES_STL.25468,31164154844484.0
1769810547.466875,nrm.extra.perf.PAPI_L3_TCM.25468,11403001749.0
1769810548.4638793,nrm.extra.perf.PAPI_L3_TCA.25468,114442669562.0
1769810548.4638793,nrm.extra.perf.PAPI_TOT_INS.25468,37253342171990.0
1769810548.4638793,nrm.extra.perf.PAPI_TOT_CYC.25468,64115634944518.0
1769810548.4638793,nrm.extra.perf.PAPI_RES_STL.25468,31302304469849.0
1769810548.4638793,nrm.extra.perf.PAPI_L3_TCM.25468,11453107676.0
1769810549.4648623,nrm.extra.perf.PAPI_L3_TCA.25468,114950425131.0
1769810549.4648623,nrm.extra.perf.PAPI_TOT_INS.25468,37417717299231.0
1769810549.4648623,nrm.extra.perf.PAPI_TOT_CYC.25468,64394991810504.0
1769810549.4648623,nrm.extra.perf.PAPI_RES_STL.25468,31441431877695.0
1769810549.4648623,nrm.extra.perf.PAPI_L3_TCM.25468,11503440489.0
1769810550.4679158,nrm.extra.perf.PAPI_L3_TCA.25468,115458940883.0
1769810550.4679158,nrm.extra.perf.PAPI_TOT_INS.25468,37582326262245.0
1769810550.4679158,nrm.extra.perf.PAPI_TOT_CYC.25468,64674789492476.0
1769810550.4679158,nrm.extra.perf.PAPI_RES_STL.25468,31580789764581.0
1769810550.4679158,nrm.extra.perf.PAPI_L3_TCM.25468,11553805886.0
1769810551.4638743,nrm.extra.perf.PAPI_L3_TCA.25468,115965448493.0
1769810551.4638743,nrm.extra.perf.PAPI_TOT_INS.25468,37746339508194.0
1769810551.4638743,nrm.extra.perf.PAPI_TOT_CYC.25468,64952347703562.0
1769810551.4638743,nrm.extra.perf.PAPI_RES_STL.25468,31719406877089.0
1769810551.4638743,nrm.extra.perf.PAPI_L3_TCM.25468,11603855285.0
1769810552.4639099,nrm.extra.perf.PAPI_L3_TCA.25468,116471602502.0
1769810552.4639099,nrm.extra.perf.PAPI_TOT_INS.25468,37910245065329.0
1769810552.4639099,nrm.extra.perf.PAPI_TOT_CYC.25468,65231365841629.0
1769810552.4639099,nrm.extra.perf.PAPI_RES_STL.25468,31858142496468.0
1769810552.4639099,nrm.extra.perf.PAPI_L3_TCM.25468,11654167408.0
1769810553.465885,nrm.extra.perf.PAPI_L3_TCA.25468,116979442461.0
1769810553.465885,nrm.extra.perf.PAPI_TOT_INS.25468,38074707792841.0
1769810553.465885,nrm.extra.perf.PAPI_TOT_CYC.25468,65510772168061.0
1769810553.465885,nrm.extra.perf.PAPI_RES_STL.25468,31997186782488.0
1769810553.465885,nrm.extra.perf.PAPI_L3_TCM.25468,11704529778.0
1769810554.463892,nrm.extra.perf.PAPI_L3_TCA.25468,117484777181.0
1769810554.463892,nrm.extra.perf.PAPI_TOT_INS.25468,38238287987272.0
1769810554.463892,nrm.extra.perf.PAPI_TOT_CYC.25468,65788897277194.0
1769810554.463892,nrm.extra.perf.PAPI_RES_STL.25468,32135703813023.0
1769810554.463892,nrm.extra.perf.PAPI_L3_TCM.25468,11754692511.0
1769810555.4658926,nrm.extra.perf.PAPI_L3_TCA.25468,117991836007.0
1769810555.4658926,nrm.extra.perf.PAPI_TOT_INS.25468,38402441986705.0
1769810555.4658926,nrm.extra.perf.PAPI_TOT_CYC.25468,66067791776102.0
1769810555.4658926,nrm.extra.perf.PAPI_RES_STL.25468,32274605034483.0
1769810555.4658926,nrm.extra.perf.PAPI_L3_TCM.25468,11805366435.0
1769810556.4635818,nrm.extra.perf.PAPI_L3_TCA.25468,118501313495.0
1769810556.4635818,nrm.extra.perf.PAPI_TOT_INS.25468,38567502159380.0
1769810556.4635818,nrm.extra.perf.PAPI_TOT_CYC.25468,66347549876944.0
1769810556.4635818,nrm.extra.perf.PAPI_RES_STL.25468,32414298226229.0
1769810556.4635818,nrm.extra.perf.PAPI_L3_TCM.25468,11855717557.0
1769810557.4645405,nrm.extra.perf.PAPI_L3_TCA.25468,119014846308.0
1769810557.4645405,nrm.extra.perf.PAPI_TOT_INS.25468,38733534782632.0
1769810557.4645405,nrm.extra.perf.PAPI_TOT_CYC.25468,66628886274608.0
1769810557.4645405,nrm.extra.perf.PAPI_RES_STL.25468,32555158647552.0
1769810557.4645405,nrm.extra.perf.PAPI_L3_TCM.25468,11906640887.0
1769810558.4668584,nrm.extra.perf.PAPI_L3_TCA.25468,119528244700.0
1769810558.4668584,nrm.extra.perf.PAPI_TOT_INS.25468,38899576479197.0
1769810558.4668584,nrm.extra.perf.PAPI_TOT_CYC.25468,66910620351857.0
1769810558.4668584,nrm.extra.perf.PAPI_RES_STL.25468,32695987766391.0
1769810558.4668584,nrm.extra.perf.PAPI_L3_TCM.25468,11957339179.0
1769810559.4679165,nrm.extra.perf.PAPI_L3_TCA.25468,120041190698.0
1769810559.4679165,nrm.extra.perf.PAPI_TOT_INS.25468,39065462420728.0
1769810559.4679165,nrm.extra.perf.PAPI_TOT_CYC.25468,67192210954835.0
1769810559.4679165,nrm.extra.perf.PAPI_RES_STL.25468,32836567847278.0
1769810559.4679165,nrm.extra.perf.PAPI_L3_TCM.25468,12008149401.0
1769810560.4638724,nrm.extra.perf.PAPI_L3_TCA.25468,120532884098.0
1769810560.4638724,nrm.extra.perf.PAPI_TOT_INS.25468,39225065148812.0
1769810560.4638724,nrm.extra.perf.PAPI_TOT_CYC.25468,67466462517914.0
1769810560.4638724,nrm.extra.perf.PAPI_RES_STL.25468,32971535944466.0
1769810560.4638724,nrm.extra.perf.PAPI_L3_TCM.25468,12057142551.0
1769810561.46402,nrm.extra.perf.PAPI_L3_TCA.25468,121039342320.0
1769810561.46402,nrm.extra.perf.PAPI_TOT_INS.25468,39389162558117.0
1769810561.46402,nrm.extra.perf.PAPI_TOT_CYC.25468,67746497314131.0
1769810561.46402,nrm.extra.perf.PAPI_RES_STL.25468,33110135845716.0
1769810561.46402,nrm.extra.perf.PAPI_L3_TCM.25468,12107249381.0
1769810562.4639103,nrm.extra.perf.PAPI_L3_TCA.25468,121550858074.0
1769810562.4639103,nrm.extra.perf.PAPI_TOT_INS.25468,39554542314570.0
1769810562.4639103,nrm.extra.perf.PAPI_TOT_CYC.25468,68027307980944.0
1769810562.4639103,nrm.extra.perf.PAPI_RES_STL.25468,33250374666582.0
1769810562.4639103,nrm.extra.perf.PAPI_L3_TCM.25468,12157718294.0
1769810563.46793,nrm.extra.perf.PAPI_L3_TCA.25468,122060497291.0
1769810563.46793,nrm.extra.perf.PAPI_TOT_INS.25468,39719606427623.0
1769810563.46793,nrm.extra.perf.PAPI_TOT_CYC.25468,68307620580989.0
1769810563.46793,nrm.extra.perf.PAPI_RES_STL.25468,33390159867589.0
1769810563.46793,nrm.extra.perf.PAPI_L3_TCM.25468,12208303832.0
1769810564.463913,nrm.extra.perf.PAPI_L3_TCA.25468,122563351640.0
1769810564.463913,nrm.extra.perf.PAPI_TOT_INS.25468,39882444670149.0
1769810564.463913,nrm.extra.perf.PAPI_TOT_CYC.25468,68585020159363.0
1769810564.463913,nrm.extra.perf.PAPI_RES_STL.25468,33527799264666.0
1769810564.463913,nrm.extra.perf.PAPI_L3_TCM.25468,12258276958.0
1769810565.4638915,nrm.extra.perf.PAPI_L3_TCA.25468,123070720782.0
1769810565.4638915,nrm.extra.perf.PAPI_TOT_INS.25468,40046588555442.0
1769810565.4638915,nrm.extra.perf.PAPI_TOT_CYC.25468,68863738485972.0
1769810565.4638915,nrm.extra.perf.PAPI_RES_STL.25468,33666756552038.0
1769810565.4638915,nrm.extra.perf.PAPI_L3_TCM.25468,12308708224.0
1769810566.464018,nrm.extra.perf.PAPI_L3_TCA.25468,123571440698.0
1769810566.464018,nrm.extra.perf.PAPI_TOT_INS.25468,40209148533340.0
1769810566.464018,nrm.extra.perf.PAPI_TOT_CYC.25468,69142622748419.0
1769810566.464018,nrm.extra.perf.PAPI_RES_STL.25468,33803848834980.0
1769810566.464018,nrm.extra.perf.PAPI_L3_TCM.25468,12358363253.0
1769810567.4638944,nrm.extra.perf.PAPI_L3_TCA.25468,124079544196.0
1769810567.4638944,nrm.extra.perf.PAPI_TOT_INS.25468,40373513187581.0
1769810567.4638944,nrm.extra.perf.PAPI_TOT_CYC.25468,69421037204132.0
1769810567.4638944,nrm.extra.perf.PAPI_RES_STL.25468,33943125659761.0
1769810567.4638944,nrm.extra.perf.PAPI_L3_TCM.25468,12409458684.0
1769810568.4669642,nrm.extra.perf.PAPI_L3_TCA.25468,124589117266.0
1769810568.4669642,nrm.extra.perf.PAPI_TOT_INS.25468,40538292951451.0
1769810568.4669642,nrm.extra.perf.PAPI_TOT_CYC.25468,69700680788408.0
1769810568.4669642,nrm.extra.perf.PAPI_RES_STL.25468,34082803576437.0
1769810568.4669642,nrm.extra.perf.PAPI_L3_TCM.25468,12460433741.0
1769810569.4638991,nrm.extra.perf.PAPI_L3_TCA.25468,125093081026.0
1769810569.4638991,nrm.extra.perf.PAPI_TOT_INS.25468,40701408717916.0
1769810569.4638991,nrm.extra.perf.PAPI_TOT_CYC.25468,69978312802627.0
1769810569.4638991,nrm.extra.perf.PAPI_RES_STL.25468,34220872437646.0
1769810569.4638991,nrm.extra.perf.PAPI_L3_TCM.25468,12510955315.0
1769810570.463945,nrm.extra.perf.PAPI_L3_TCA.25468,125599528557.0
1769810570.463945,nrm.extra.perf.PAPI_TOT_INS.25468,40865490635076.0
1769810570.463945,nrm.extra.perf.PAPI_TOT_CYC.25468,70257487977288.0
1769810570.463945,nrm.extra.perf.PAPI_RES_STL.25468,34359465089480.0
1769810570.463945,nrm.extra.perf.PAPI_L3_TCM.25468,12561525028.0
1769810571.4635472,nrm.extra.perf.PAPI_L3_TCA.25468,126105666654.0
1769810571.4635472,nrm.extra.perf.PAPI_TOT_INS.25468,41029453849034.0
1769810571.4635472,nrm.extra.perf.PAPI_TOT_CYC.25468,70535260179569.0
1769810571.4635472,nrm.extra.perf.PAPI_RES_STL.25468,34498124783895.0
1769810571.4635472,nrm.extra.perf.PAPI_L3_TCM.25468,12612226588.0
1769810572.463904,nrm.extra.perf.PAPI_L3_TCA.25468,126615623412.0
1769810572.463904,nrm.extra.perf.PAPI_TOT_INS.25468,41194161626256.0
1769810572.463904,nrm.extra.perf.PAPI_TOT_CYC.25468,70814072110643.0
1769810572.463904,nrm.extra.perf.PAPI_RES_STL.25468,34637904658834.0
1769810572.463904,nrm.extra.perf.PAPI_L3_TCM.25468,12663408079.0
1769810573.4638927,nrm.extra.perf.PAPI_L3_TCA.25468,127122437306.0
1769810573.4638927,nrm.extra.perf.PAPI_TOT_INS.25468,41358121491937.0
1769810573.4638927,nrm.extra.perf.PAPI_TOT_CYC.25468,71091908456948.0
1769810573.4638927,nrm.extra.perf.PAPI_RES_STL.25468,34776510175109.0
1769810573.4638927,nrm.extra.perf.PAPI_L3_TCM.25468,12714257122.0
1769810574.4639146,nrm.extra.perf.PAPI_L3_TCA.25468,127628963779.0
1769810574.4639146,nrm.extra.perf.PAPI_TOT_INS.25468,41521969903490.0
1769810574.4639146,nrm.extra.perf.PAPI_TOT_CYC.25468,71369846040012.0
1769810574.4639146,nrm.extra.perf.PAPI_RES_STL.25468,34915236122050.0
1769810574.4639146,nrm.extra.perf.PAPI_L3_TCM.25468,12765197920.0
1769810575.463919,nrm.extra.perf.PAPI_L3_TCA.25468,128134219711.0
1769810575.463919,nrm.extra.perf.PAPI_TOT_INS.25468,41685450948279.0
1769810575.463919,nrm.extra.perf.PAPI_TOT_CYC.25468,71647487433054.0
1769810575.463919,nrm.extra.perf.PAPI_RES_STL.25468,35053506511425.0
1769810575.463919,nrm.extra.perf.PAPI_L3_TCM.25468,12816144740.0
1769810576.4658194,nrm.extra.perf.PAPI_L3_TCA.25468,128640546900.0
1769810576.4658194,nrm.extra.perf.PAPI_TOT_INS.25468,41849574411185.0
1769810576.4658194,nrm.extra.perf.PAPI_TOT_CYC.25468,71926229437812.0
1769810576.4658194,nrm.extra.perf.PAPI_RES_STL.25468,35192276232703.0
1769810576.4658194,nrm.extra.perf.PAPI_L3_TCM.25468,12866672803.0
1769810577.466923,nrm.extra.perf.PAPI_L3_TCA.25468,129149588318.0
1769810577.466923,nrm.extra.perf.PAPI_TOT_INS.25468,42014037652999.0
1769810577.466923,nrm.extra.perf.PAPI_TOT_CYC.25468,72204418568970.0
1769810577.466923,nrm.extra.perf.PAPI_RES_STL.25468,35331548705566.0
1769810577.466923,nrm.extra.perf.PAPI_L3_TCM.25468,12917929054.0
1769810578.4639168,nrm.extra.perf.PAPI_L3_TCA.25468,129655100038.0
1769810578.4639168,nrm.extra.perf.PAPI_TOT_INS.25468,42177466537878.0
1769810578.4639168,nrm.extra.perf.PAPI_TOT_CYC.25468,72481639846754.0
1769810578.4639168,nrm.extra.perf.PAPI_RES_STL.25468,35470125360362.0
1769810578.4639168,nrm.extra.perf.PAPI_L3_TCM.25468,12968694958.0
1769810579.4640982,nrm.extra.perf.PAPI_L3_TCA.25468,130085634276.0
1769810579.4640982,nrm.extra.perf.PAPI_TOT_INS.25468,42316931159309.0
1769810579.4640982,nrm.extra.perf.PAPI_TOT_CYC.25468,72718108209511.0
1769810579.4640982,nrm.extra.perf.PAPI_RES_STL.25468,35587430189339.0
1769810579.4640982,nrm.extra.perf.PAPI_L3_TCM.25468,13012290866.0
1769810580.4671855,nrm.extra.perf.PAPI_L3_TCA.25468,130489681475.0
1769810580.4671855,nrm.extra.perf.PAPI_TOT_INS.25468,42448879173405.0
1769810580.4671855,nrm.extra.perf.PAPI_TOT_CYC.25468,72945296090902.0
1769810580.4671855,nrm.extra.perf.PAPI_RES_STL.25468,35697592598499.0
1769810580.4671855,nrm.extra.perf.PAPI_L3_TCM.25468,13052444504.0
1769810581.467131,nrm.extra.perf.PAPI_L3_TCA.25468,130914461192.0
1769810581.467131,nrm.extra.perf.PAPI_TOT_INS.25468,42586011140057.0
1769810581.467131,nrm.extra.perf.PAPI_TOT_CYC.25468,73176160163328.0
1769810581.467131,nrm.extra.perf.PAPI_RES_STL.25468,35813231159803.0
1769810581.467131,nrm.extra.perf.PAPI_L3_TCM.25468,13095415932.0
1769810582.464105,nrm.extra.perf.PAPI_L3_TCA.25468,131337560201.0
1769810582.464105,nrm.extra.perf.PAPI_TOT_INS.25468,42722881458995.0
1769810582.464105,nrm.extra.perf.PAPI_TOT_CYC.25468,73406400310739.0
1769810582.464105,nrm.extra.perf.PAPI_RES_STL.25468,35928422261216.0
1769810582.464105,nrm.extra.perf.PAPI_L3_TCM.25468,13137941462.0
1769810583.4640868,nrm.extra.perf.PAPI_L3_TCA.25468,131742797191.0
1769810583.4640868,nrm.extra.perf.PAPI_TOT_INS.25468,42854748350090.0
1769810583.4640868,nrm.extra.perf.PAPI_TOT_CYC.25468,73633142931860.0
1769810583.4640868,nrm.extra.perf.PAPI_RES_STL.25468,36039071508369.0
1769810583.4640868,nrm.extra.perf.PAPI_L3_TCM.25468,13178655363.0
1769810584.4641588,nrm.extra.perf.PAPI_L3_TCA.25468,132165520546.0
1769810584.4641588,nrm.extra.perf.PAPI_TOT_INS.25468,42991659168516.0
1769810584.4641588,nrm.extra.perf.PAPI_TOT_CYC.25468,73864079949423.0
1769810584.4641588,nrm.extra.perf.PAPI_RES_STL.25468,36154019935935.0
1769810584.4641588,nrm.extra.perf.PAPI_L3_TCM.25468,13221081941.0
1769810585.4641485,nrm.extra.perf.PAPI_L3_TCA.25468,132587211876.0
1769810585.4641485,nrm.extra.perf.PAPI_TOT_INS.25468,43128069151858.0
1769810585.4641485,nrm.extra.perf.PAPI_TOT_CYC.25468,74094902771951.0
1769810585.4641485,nrm.extra.perf.PAPI_RES_STL.25468,36268939275832.0
1769810585.4641485,nrm.extra.perf.PAPI_L3_TCM.25468,13263712079.0
1769810586.464162,nrm.extra.perf.PAPI_L3_TCA.25468,133008181964.0
1769810586.464162,nrm.extra.perf.PAPI_TOT_INS.25468,43264512904380.0
1769810586.464162,nrm.extra.perf.PAPI_TOT_CYC.25468,74325927933667.0
1769810586.464162,nrm.extra.perf.PAPI_RES_STL.25468,36383465064613.0
1769810586.464162,nrm.extra.perf.PAPI_L3_TCM.25468,13306136006.0
1769810587.4681866,nrm.extra.perf.PAPI_L3_TCA.25468,133393318596.0
1769810587.4681866,nrm.extra.perf.PAPI_TOT_INS.25468,43389216714854.0
1769810587.4681866,nrm.extra.perf.PAPI_TOT_CYC.25468,74537558860656.0
1769810587.4681866,nrm.extra.perf.PAPI_RES_STL.25468,36488562611913.0
1769810587.4681866,nrm.extra.perf.PAPI_L3_TCM.25468,13345178138.0
1769810588.4642076,nrm.extra.perf.PAPI_L3_TCA.25468,133775106344.0
1769810588.4642076,nrm.extra.perf.PAPI_TOT_INS.25468,43512843834330.0
1769810588.4642076,nrm.extra.perf.PAPI_TOT_CYC.25468,74746631645927.0
1769810588.4642076,nrm.extra.perf.PAPI_RES_STL.25468,36592285356632.0
1769810588.4642076,nrm.extra.perf.PAPI_L3_TCM.25468,13383846269.0
1769810589.4662063,nrm.extra.perf.PAPI_L3_TCA.25468,134158210354.0
1769810589.4662063,nrm.extra.perf.PAPI_TOT_INS.25468,43636804711687.0
1769810589.4662063,nrm.extra.perf.PAPI_TOT_CYC.25468,74957192927058.0
1769810589.4662063,nrm.extra.perf.PAPI_RES_STL.25468,36696619101283.0
1769810589.4662063,nrm.extra.perf.PAPI_L3_TCM.25468,13422720036.0
1769810590.4642174,nrm.extra.perf.PAPI_L3_TCA.25468,134541412295.0
1769810590.4642174,nrm.extra.perf.PAPI_TOT_INS.25468,43760842381054.0
1769810590.4642174,nrm.extra.perf.PAPI_TOT_CYC.25468,75167023711875.0
1769810590.4642174,nrm.extra.perf.PAPI_RES_STL.25468,36801034402070.0
1769810590.4642174,nrm.extra.perf.PAPI_L3_TCM.25468,13461310432.0
1769810591.4642353,nrm.extra.perf.PAPI_L3_TCA.25468,134925074983.0
1769810591.4642353,nrm.extra.perf.PAPI_TOT_INS.25468,43885025644088.0
1769810591.4642353,nrm.extra.perf.PAPI_TOT_CYC.25468,75377397831754.0
1769810591.4642353,nrm.extra.perf.PAPI_RES_STL.25468,36905676995542.0
1769810591.4642353,nrm.extra.perf.PAPI_L3_TCM.25468,13500091601.0
1769810592.4672182,nrm.extra.perf.PAPI_L3_TCA.25468,135307744519.0
1769810592.4672182,nrm.extra.perf.PAPI_TOT_INS.25468,44009164765398.0
1769810592.4672182,nrm.extra.perf.PAPI_TOT_CYC.25468,75588756538658.0
1769810592.4672182,nrm.extra.perf.PAPI_RES_STL.25468,37009858044496.0
1769810592.4672182,nrm.extra.perf.PAPI_L3_TCM.25468,13538560185.0
1769810593.4642322,nrm.extra.perf.PAPI_L3_TCA.25468,135688502245.0
1769810593.4642322,nrm.extra.perf.PAPI_TOT_INS.25468,44132668646070.0
1769810593.4642322,nrm.extra.perf.PAPI_TOT_CYC.25468,75798859077739.0
1769810593.4642322,nrm.extra.perf.PAPI_RES_STL.25468,37113575638913.0
1769810593.4642322,nrm.extra.perf.PAPI_L3_TCM.25468,13576533274.0
1769810594.4642465,nrm.extra.perf.PAPI_L3_TCA.25468,136071522846.0
1769810594.4642465,nrm.extra.perf.PAPI_TOT_INS.25468,44256895622353.0
1769810594.4642465,nrm.extra.perf.PAPI_TOT_CYC.25468,76009564163684.0
1769810594.4642465,nrm.extra.perf.PAPI_RES_STL.25468,37217702120209.0
1769810594.4642465,nrm.extra.perf.PAPI_L3_TCM.25468,13614556327.0
1769810595.4658914,nrm.extra.perf.PAPI_L3_TCA.25468,136572045575.0
1769810595.4658914,nrm.extra.perf.PAPI_TOT_INS.25468,44418665545549.0
1769810595.4658914,nrm.extra.perf.PAPI_TOT_CYC.25468,76284423433302.0
1769810595.4658914,nrm.extra.perf.PAPI_RES_STL.25468,37354938219351.0
1769810595.4658914,nrm.extra.perf.PAPI_L3_TCM.25468,13664668297.0
1769810596.463888,nrm.extra.perf.PAPI_L3_TCA.25468,137079031855.0
1769810596.463888,nrm.extra.perf.PAPI_TOT_INS.25468,44582722102018.0
1769810596.463888,nrm.extra.perf.PAPI_TOT_CYC.25468,76562683202826.0
1769810596.463888,nrm.extra.perf.PAPI_RES_STL.25468,37493692242305.0
1769810596.463888,nrm.extra.perf.PAPI_L3_TCM.25468,13715332381.0
1769810597.4638667,nrm.extra.perf.PAPI_L3_TCA.25468,137586283900.0
1769810597.4638667,nrm.extra.perf.PAPI_TOT_INS.25468,44746893263382.0
1769810597.4638667,nrm.extra.perf.PAPI_TOT_CYC.25468,76841388940680.0
1769810597.4638667,nrm.extra.perf.PAPI_RES_STL.25468,37632440212065.0
1769810597.4638667,nrm.extra.perf.PAPI_L3_TCM.25468,13765868638.0
1769810598.4636288,nrm.extra.perf.PAPI_L3_TCA.25468,138092214242.0
1769810598.4636288,nrm.extra.perf.PAPI_TOT_INS.25468,44910962188219.0
1769810598.4636288,nrm.extra.perf.PAPI_TOT_CYC.25468,77120210461217.0
1769810598.4636288,nrm.extra.perf.PAPI_RES_STL.25468,37771104498302.0
1769810598.4636288,nrm.extra.perf.PAPI_L3_TCM.25468,13816002866.0
1769810599.4668736,nrm.extra.perf.PAPI_L3_TCA.25468,138594364680.0
1769810599.4668736,nrm.extra.perf.PAPI_TOT_INS.25468,45073838275561.0
1769810599.4668736,nrm.extra.perf.PAPI_TOT_CYC.25468,77399580255448.0
1769810599.4668736,nrm.extra.perf.PAPI_RES_STL.25468,37908608048344.0
1769810599.4668736,nrm.extra.perf.PAPI_L3_TCM.25468,13866550213.0
1769810600.463869,nrm.extra.perf.PAPI_L3_TCA.25468,139099217813.0
1769810600.463869,nrm.extra.perf.PAPI_TOT_INS.25468,45237250918478.0
1769810600.463869,nrm.extra.perf.PAPI_TOT_CYC.25468,77676989660870.0
1769810600.463869,nrm.extra.perf.PAPI_RES_STL.25468,38046751598544.0
1769810600.463869,nrm.extra.perf.PAPI_L3_TCM.25468,13916966975.0
1769810601.46387,nrm.extra.perf.PAPI_L3_TCA.25468,139604717133.0
1769810601.46387,nrm.extra.perf.PAPI_TOT_INS.25468,45400894291930.0
1769810601.46387,nrm.extra.perf.PAPI_TOT_CYC.25468,77955551225432.0
1769810601.46387,nrm.extra.perf.PAPI_RES_STL.25468,38185359817753.0
1769810601.46387,nrm.extra.perf.PAPI_L3_TCM.25468,13967273632.0
1769810602.46855,nrm.extra.perf.PAPI_L3_TCA.25468,140112793204.0
1769810602.46855,nrm.extra.perf.PAPI_TOT_INS.25468,45565672985789.0
1769810602.46855,nrm.extra.perf.PAPI_TOT_CYC.25468,78235434653151.0
1769810602.46855,nrm.extra.perf.PAPI_RES_STL.25468,38324436292132.0
1769810602.46855,nrm.extra.perf.PAPI_L3_TCM.25468,14017795967.0
1769810603.4679136,nrm.extra.perf.PAPI_L3_TCA.25468,140620174455.0
1769810603.4679136,nrm.extra.perf.PAPI_TOT_INS.25468,45729668289680.0
1769810603.4679136,nrm.extra.perf.PAPI_TOT_CYC.25468,78513580378894.0
1769810603.4679136,nrm.extra.perf.PAPI_RES_STL.25468,38463457257700.0
1769810603.4679136,nrm.extra.perf.PAPI_L3_TCM.25468,14068742844.0
1769810604.4639559,nrm.extra.perf.PAPI_L3_TCA.25468,141115756157.0
1769810604.4639559,nrm.extra.perf.PAPI_TOT_INS.25468,45890321311812.0
1769810604.4639559,nrm.extra.perf.PAPI_TOT_CYC.25468,78788195592759.0
1769810604.4639559,nrm.extra.perf.PAPI_RES_STL.25468,38599239220498.0
1769810604.4639559,nrm.extra.perf.PAPI_L3_TCM.25468,14118781546.0
1769810605.4635768,nrm.extra.perf.PAPI_L3_TCA.25468,141620265236.0
1769810605.4635768,nrm.extra.perf.PAPI_TOT_INS.25468,46054025813823.0
1769810605.4635768,nrm.extra.perf.PAPI_TOT_CYC.25468,79066563619229.0
1769810605.4635768,nrm.extra.perf.PAPI_RES_STL.25468,38737443202346.0
1769810605.4635768,nrm.extra.perf.PAPI_L3_TCM.25468,14168710376.0
1769810606.4658737,nrm.extra.perf.PAPI_L3_TCA.25468,142127217675.0
1769810606.4658737,nrm.extra.perf.PAPI_TOT_INS.25468,46218088187811.0
1769810606.4658737,nrm.extra.perf.PAPI_TOT_CYC.25468,79346236958058.0
1769810606.4658737,nrm.extra.perf.PAPI_RES_STL.25468,38876535305621.0
1769810606.4658737,nrm.extra.perf.PAPI_L3_TCM.25468,14219175833.0
1769810607.4639404,nrm.extra.perf.PAPI_L3_TCA.25468,142635198273.0
1769810607.4639404,nrm.extra.perf.PAPI_TOT_INS.25468,46382482649117.0
1769810607.4639404,nrm.extra.perf.PAPI_TOT_CYC.25468,79625470838013.0
1769810607.4639404,nrm.extra.perf.PAPI_RES_STL.25468,39015677462268.0
1769810607.4639404,nrm.extra.perf.PAPI_L3_TCM.25468,14269977215.0
1769810608.4639602,nrm.extra.perf.PAPI_L3_TCA.25468,143140900085.0
1769810608.4639602,nrm.extra.perf.PAPI_TOT_INS.25468,46546286605123.0
1769810608.4639602,nrm.extra.perf.PAPI_TOT_CYC.25468,79903993887081.0
1769810608.4639602,nrm.extra.perf.PAPI_RES_STL.25468,39154065685746.0
1769810608.4639602,nrm.extra.perf.PAPI_L3_TCM.25468,14320559490.0
1769810609.463904,nrm.extra.perf.PAPI_L3_TCA.25468,143646078051.0
1769810609.463904,nrm.extra.perf.PAPI_TOT_INS.25468,46709898997327.0
1769810609.463904,nrm.extra.perf.PAPI_TOT_CYC.25468,80183199638412.0
1769810609.463904,nrm.extra.perf.PAPI_RES_STL.25468,39292625181658.0
1769810609.463904,nrm.extra.perf.PAPI_L3_TCM.25468,14370972164.0
1769810610.463918,nrm.extra.perf.PAPI_L3_TCA.25468,144149598649.0
1769810610.463918,nrm.extra.perf.PAPI_TOT_INS.25468,46873218013455.0
1769810610.463918,nrm.extra.perf.PAPI_TOT_CYC.25468,80460890741834.0
1769810610.463918,nrm.extra.perf.PAPI_RES_STL.25468,39430436155177.0
1769810610.463918,nrm.extra.perf.PAPI_L3_TCM.25468,14420857849.0
1769810611.4640322,nrm.extra.perf.PAPI_L3_TCA.25468,144603733843.0
1769810611.4640322,nrm.extra.perf.PAPI_TOT_INS.25468,47020311080259.0
1769810611.4640322,nrm.extra.perf.PAPI_TOT_CYC.25468,80710822500884.0
1769810611.4640322,nrm.extra.perf.PAPI_RES_STL.25468,39554258940411.0
1769810611.4640322,nrm.extra.perf.PAPI_L3_TCM.25468,14466216488.0
1769810612.4640882,nrm.extra.perf.PAPI_L3_TCA.25468,145053109883.0
1769810612.4640882,nrm.extra.perf.PAPI_TOT_INS.25468,47165779642212.0
1769810612.4640882,nrm.extra.perf.PAPI_TOT_CYC.25468,80957209825303.0
1769810612.4640882,nrm.extra.perf.PAPI_RES_STL.25468,39676891776697.0
1769810612.4640882,nrm.extra.perf.PAPI_L3_TCM.25468,14510880622.0
1769810613.464049,nrm.extra.perf.PAPI_L3_TCA.25468,145501527396.0
1769810613.464049,nrm.extra.perf.PAPI_TOT_INS.25468,47311122093143.0
1769810613.464049,nrm.extra.perf.PAPI_TOT_CYC.25468,81203892015641.0
1769810613.464049,nrm.extra.perf.PAPI_RES_STL.25468,39799051774672.0
1769810613.464049,nrm.extra.perf.PAPI_L3_TCM.25468,14555389708.0
1769810614.4636364,nrm.extra.perf.PAPI_L3_TCA.25468,145934791786.0
1769810614.4636364,nrm.extra.perf.PAPI_TOT_INS.25468,47452414533175.0
1769810614.4636364,nrm.extra.perf.PAPI_TOT_CYC.25468,81446409809976.0
1769810614.4636364,nrm.extra.perf.PAPI_RES_STL.25468,39916907289265.0
1769810614.4636364,nrm.extra.perf.PAPI_L3_TCM.25468,14598074131.0
1769810615.466037,nrm.extra.perf.PAPI_L3_TCA.25468,146384863959.0
1769810615.466037,nrm.extra.perf.PAPI_TOT_INS.25468,47598007824609.0
1769810615.466037,nrm.extra.perf.PAPI_TOT_CYC.25468,81693848870533.0
1769810615.466037,nrm.extra.perf.PAPI_RES_STL.25468,40039653259971.0
1769810615.466037,nrm.extra.perf.PAPI_L3_TCM.25468,14643208457.0
1769810616.4641433,nrm.extra.perf.PAPI_L3_TCA.25468,146835233638.0
1769810616.4641433,nrm.extra.perf.PAPI_TOT_INS.25468,47743891629159.0
1769810616.4641433,nrm.extra.perf.PAPI_TOT_CYC.25468,81940315931408.0
1769810616.4641433,nrm.extra.perf.PAPI_RES_STL.25468,40162156068715.0
1769810616.4641433,nrm.extra.perf.PAPI_L3_TCM.25468,14688074708.0
1769810617.4670112,nrm.extra.perf.PAPI_L3_TCA.25468,147288392512.0
1769810617.4670112,nrm.extra.perf.PAPI_TOT_INS.25468,47890555138185.0
1769810617.4670112,nrm.extra.perf.PAPI_TOT_CYC.25468,82188012031687.0
1769810617.4670112,nrm.extra.perf.PAPI_RES_STL.25468,40285747489170.0
1769810617.4670112,nrm.extra.perf.PAPI_L3_TCM.25468,14732984816.0
1769810618.4640887,nrm.extra.perf.PAPI_L3_TCA.25468,147735718402.0
1769810618.4640887,nrm.extra.perf.PAPI_TOT_INS.25468,48035543954809.0
1769810618.4640887,nrm.extra.perf.PAPI_TOT_CYC.25468,82434234884923.0
1769810618.4640887,nrm.extra.perf.PAPI_RES_STL.25468,40407705324648.0
1769810618.4640887,nrm.extra.perf.PAPI_L3_TCM.25468,14777488373.0
1769810619.4661593,nrm.extra.perf.PAPI_L3_TCA.25468,148148682575.0
1769810619.4661593,nrm.extra.perf.PAPI_TOT_INS.25468,48169182701175.0
1769810619.4661593,nrm.extra.perf.PAPI_TOT_CYC.25468,82659081443994.0
1769810619.4661593,nrm.extra.perf.PAPI_RES_STL.25468,40520072229258.0
1769810619.4661593,nrm.extra.perf.PAPI_L3_TCM.25468,14818829577.0
1769810620.4681504,nrm.extra.perf.PAPI_L3_TCA.25468,148553971599.0
1769810620.4681504,nrm.extra.perf.PAPI_TOT_INS.25468,48300316109082.0
1769810620.4681504,nrm.extra.perf.PAPI_TOT_CYC.25468,82880798991915.0
1769810620.4681504,nrm.extra.perf.PAPI_RES_STL.25468,40630595677670.0
1769810620.4681504,nrm.extra.perf.PAPI_L3_TCM.25468,14859517700.0
1769810621.4641674,nrm.extra.perf.PAPI_L3_TCA.25468,148942453606.0
1769810621.4641674,nrm.extra.perf.PAPI_TOT_INS.25468,48426773576010.0
1769810621.4641674,nrm.extra.perf.PAPI_TOT_CYC.25468,83097451064591.0
1769810621.4641674,nrm.extra.perf.PAPI_RES_STL.25468,40736335207002.0
1769810621.4641674,nrm.extra.perf.PAPI_L3_TCM.25468,14898300187.0
1769810622.4641204,nrm.extra.perf.PAPI_L3_TCA.25468,149347929283.0
1769810622.4641204,nrm.extra.perf.PAPI_TOT_INS.25468,48557879343849.0
1769810622.4641204,nrm.extra.perf.PAPI_TOT_CYC.25468,83318933467976.0
1769810622.4641204,nrm.extra.perf.PAPI_RES_STL.25468,40846882009236.0
1769810622.4641204,nrm.extra.perf.PAPI_L3_TCM.25468,14939295406.0
1769810623.469156,nrm.extra.perf.PAPI_L3_TCA.25468,149757243247.0
1769810623.469156,nrm.extra.perf.PAPI_TOT_INS.25468,48690324615841.0
1769810623.469156,nrm.extra.perf.PAPI_TOT_CYC.25468,83541535801875.0
1769810623.469156,nrm.extra.perf.PAPI_RES_STL.25468,40958152972201.0
1769810623.469156,nrm.extra.perf.PAPI_L3_TCM.25468,14980540612.0
1769810624.464212,nrm.extra.perf.PAPI_L3_TCA.25468,150161444679.0
1769810624.464212,nrm.extra.perf.PAPI_TOT_INS.25468,48821093672623.0
1769810624.464212,nrm.extra.perf.PAPI_TOT_CYC.25468,83761977543671.0
1769810624.464212,nrm.extra.perf.PAPI_RES_STL.25468,41068262814977.0
1769810624.464212,nrm.extra.perf.PAPI_L3_TCM.25468,15021272915.0
1769810625.467169,nrm.extra.perf.PAPI_L3_TCA.25468,150568661101.0
1769810625.467169,nrm.extra.perf.PAPI_TOT_INS.25468,48952787870376.0
1769810625.467169,nrm.extra.perf.PAPI_TOT_CYC.25468,83984007034601.0
1769810625.467169,nrm.extra.perf.PAPI_RES_STL.25468,41179184878424.0
1769810625.467169,nrm.extra.perf.PAPI_L3_TCM.25468,15062312675.0
1769810626.4641616,nrm.extra.perf.PAPI_L3_TCA.25468,150974186727.0
1769810626.4641616,nrm.extra.perf.PAPI_TOT_INS.25468,49083881342770.0
1769810626.4641616,nrm.extra.perf.PAPI_TOT_CYC.25468,84204771740274.0
1769810626.4641616,nrm.extra.perf.PAPI_RES_STL.25468,41289683954779.0
1769810626.4641616,nrm.extra.perf.PAPI_L3_TCM.25468,15103184605.0
1769810627.466047,nrm.extra.perf.PAPI_L3_TCA.25468,151431893848.0
1769810627.466047,nrm.extra.perf.PAPI_TOT_INS.25468,49231949921868.0
1769810627.466047,nrm.extra.perf.PAPI_TOT_CYC.25468,84454193157934.0
1769810627.466047,nrm.extra.perf.PAPI_RES_STL.25468,41414446524729.0
1769810627.466047,nrm.extra.perf.PAPI_L3_TCM.25468,15149143978.0
1769810628.4640033,nrm.extra.perf.PAPI_L3_TCA.25468,151893392311.0
1769810628.4640033,nrm.extra.perf.PAPI_TOT_INS.25468,49381352253256.0
1769810628.4640033,nrm.extra.perf.PAPI_TOT_CYC.25468,84707223809391.0
1769810628.4640033,nrm.extra.perf.PAPI_RES_STL.25468,41540291596603.0
1769810628.4640033,nrm.extra.perf.PAPI_L3_TCM.25468,15195484710.0
1769810629.464045,nrm.extra.perf.PAPI_L3_TCA.25468,152357113919.0
1769810629.464045,nrm.extra.perf.PAPI_TOT_INS.25468,49531517522002.0
1769810629.464045,nrm.extra.perf.PAPI_TOT_CYC.25468,84960517020621.0
1769810629.464045,nrm.extra.perf.PAPI_RES_STL.25468,41666745451558.0
1769810629.464045,nrm.extra.perf.PAPI_L3_TCM.25468,15241843807.0
1769810630.463981,nrm.extra.perf.PAPI_L3_TCA.25468,152817019239.0
1769810630.463981,nrm.extra.perf.PAPI_TOT_INS.25468,49680524874086.0
1769810630.463981,nrm.extra.perf.PAPI_TOT_CYC.25468,85213993797214.0
1769810630.463981,nrm.extra.perf.PAPI_RES_STL.25468,41792110887037.0
1769810630.463981,nrm.extra.perf.PAPI_L3_TCM.25468,15287854310.0
1769810631.4640846,nrm.extra.perf.PAPI_L3_TCA.25468,153279354800.0
1769810631.4640846,nrm.extra.perf.PAPI_TOT_INS.25468,49830437168275.0
1769810631.4640846,nrm.extra.perf.PAPI_TOT_CYC.25468,85467427095980.0
1769810631.4640846,nrm.extra.perf.PAPI_RES_STL.25468,41917954043322.0
1769810631.4640846,nrm.extra.perf.PAPI_L3_TCM.25468,15334025198.0
1769810632.4638536,nrm.extra.perf.PAPI_L3_TCA.25468,153738810050.0
1769810632.4638536,nrm.extra.perf.PAPI_TOT_INS.25468,49979534660379.0
1769810632.4638536,nrm.extra.perf.PAPI_TOT_CYC.25468,85720636985619.0
1769810632.4638536,nrm.extra.perf.PAPI_RES_STL.25468,42043083889825.0
1769810632.4638536,nrm.extra.perf.PAPI_L3_TCM.25468,15379988539.0
1769810633.4640503,nrm.extra.perf.PAPI_L3_TCA.25468,154198999931.0
1769810633.4640503,nrm.extra.perf.PAPI_TOT_INS.25468,50128537348059.0
1769810633.4640503,nrm.extra.perf.PAPI_TOT_CYC.25468,85974092538145.0
1769810633.4640503,nrm.extra.perf.PAPI_RES_STL.25468,42168673022764.0
1769810633.4640503,nrm.extra.perf.PAPI_L3_TCM.25468,15426285830.0
1769810634.4638553,nrm.extra.perf.PAPI_L3_TCA.25468,154662685566.0
1769810634.4638553,nrm.extra.perf.PAPI_TOT_INS.25468,50278768171037.0
1769810634.4638553,nrm.extra.perf.PAPI_TOT_CYC.25468,86227359419776.0
1769810634.4638553,nrm.extra.perf.PAPI_RES_STL.25468,42294945986675.0
1769810634.4638553,nrm.extra.perf.PAPI_L3_TCM.25468,15472316562.0
1769810635.464227,nrm.extra.perf.PAPI_L3_TCA.25468,155039365786.0
1769810635.464227,nrm.extra.perf.PAPI_TOT_INS.25468,50400794141831.0
1769810635.464227,nrm.extra.perf.PAPI_TOT_CYC.25468,86434517087978.0
1769810635.464227,nrm.extra.perf.PAPI_RES_STL.25468,42397546577647.0
1769810635.464227,nrm.extra.perf.PAPI_L3_TCM.25468,15510404721.0
1769810636.4673011,nrm.extra.perf.PAPI_L3_TCA.25468,155399394456.0
1769810636.4673011,nrm.extra.perf.PAPI_TOT_INS.25468,50517502924409.0
1769810636.4673011,nrm.extra.perf.PAPI_TOT_CYC.25468,86633817947570.0
1769810636.4673011,nrm.extra.perf.PAPI_RES_STL.25468,42495595860602.0
1769810636.4673011,nrm.extra.perf.PAPI_L3_TCM.25468,15546715259.0
1769810637.4643202,nrm.extra.perf.PAPI_L3_TCA.25468,155730701013.0
1769810637.4643202,nrm.extra.perf.PAPI_TOT_INS.25468,50626059690039.0
1769810637.4643202,nrm.extra.perf.PAPI_TOT_CYC.25468,86823987416018.0
1769810637.4643202,nrm.extra.perf.PAPI_RES_STL.25468,42585930254210.0
1769810637.4643202,nrm.extra.perf.PAPI_L3_TCM.25468,15580205163.0
1769810638.465306,nrm.extra.perf.PAPI_L3_TCA.25468,156091949819.0
1769810638.465306,nrm.extra.perf.PAPI_TOT_INS.25468,50743328551749.0
1769810638.465306,nrm.extra.perf.PAPI_TOT_CYC.25468,87023163546788.0
1769810638.465306,nrm.extra.perf.PAPI_RES_STL.25468,42684386510021.0
1769810638.465306,nrm.extra.perf.PAPI_L3_TCM.25468,15616366150.0
1769810639.4662797,nrm.extra.perf.PAPI_L3_TCA.25468,156452349333.0
1769810639.4662797,nrm.extra.perf.PAPI_TOT_INS.25468,50860167031803.0
1769810639.4662797,nrm.extra.perf.PAPI_TOT_CYC.25468,87222362103859.0
1769810639.4662797,nrm.extra.perf.PAPI_RES_STL.25468,42782620025936.0
1769810639.4662797,nrm.extra.perf.PAPI_L3_TCM.25468,15652740296.0
1769810640.4652343,nrm.extra.perf.PAPI_L3_TCA.25468,156807968342.0
1769810640.4652343,nrm.extra.perf.PAPI_TOT_INS.25468,50975954578244.0
1769810640.4652343,nrm.extra.perf.PAPI_TOT_CYC.25468,87421044243114.0
1769810640.4652343,nrm.extra.perf.PAPI_RES_STL.25468,42879434580388.0
1769810640.4652343,nrm.extra.perf.PAPI_L3_TCM.25468,15688488646.0
1769810641.4673038,nrm.extra.perf.PAPI_L3_TCA.25468,157168877496.0
1769810641.4673038,nrm.extra.perf.PAPI_TOT_INS.25468,51093010858589.0
1769810641.4673038,nrm.extra.perf.PAPI_TOT_CYC.25468,87620561855550.0
1769810641.4673038,nrm.extra.perf.PAPI_RES_STL.25468,42977727036932.0
1769810641.4673038,nrm.extra.perf.PAPI_L3_TCM.25468,15724903080.0
1769810642.467291,nrm.extra.perf.PAPI_L3_TCA.25468,157526959905.0
1769810642.467291,nrm.extra.perf.PAPI_TOT_INS.25468,51209545341140.0
1769810642.467291,nrm.extra.perf.PAPI_TOT_CYC.25468,87820197560981.0
1769810642.467291,nrm.extra.perf.PAPI_RES_STL.25468,43075348848155.0
1769810642.467291,nrm.extra.perf.PAPI_L3_TCM.25468,15760886196.0
1769810643.4639125,nrm.extra.perf.PAPI_L3_TCA.25468,158006482095.0
1769810643.4639125,nrm.extra.perf.PAPI_TOT_INS.25468,51364925418033.0
1769810643.4639125,nrm.extra.perf.PAPI_TOT_CYC.25468,88084555414696.0
1769810643.4639125,nrm.extra.perf.PAPI_RES_STL.25468,43206613135627.0
1769810643.4639125,nrm.extra.perf.PAPI_L3_TCM.25468,15808789404.0
1769810644.464913,nrm.extra.perf.PAPI_L3_TCA.25468,158514238832.0
1769810644.464913,nrm.extra.perf.PAPI_TOT_INS.25468,51529330086210.0
1769810644.464913,nrm.extra.perf.PAPI_TOT_CYC.25468,88363909688169.0
1769810644.464913,nrm.extra.perf.PAPI_RES_STL.25468,43345764152527.0
1769810644.464913,nrm.extra.perf.PAPI_L3_TCM.25468,15859287937.0
1769810645.4678845,nrm.extra.perf.PAPI_L3_TCA.25468,159024486430.0
1769810645.4678845,nrm.extra.perf.PAPI_TOT_INS.25468,51694443633064.0
1769810645.4678845,nrm.extra.perf.PAPI_TOT_CYC.25468,88643732275455.0
1769810645.4678845,nrm.extra.perf.PAPI_RES_STL.25468,43485499278972.0
1769810645.4678845,nrm.extra.perf.PAPI_L3_TCM.25468,15910159265.0
1769810646.4639382,nrm.extra.perf.PAPI_L3_TCA.25468,159530435552.0
1769810646.4639382,nrm.extra.perf.PAPI_TOT_INS.25468,51858181099850.0
1769810646.4639382,nrm.extra.perf.PAPI_TOT_CYC.25468,88921571199422.0
1769810646.4639382,nrm.extra.perf.PAPI_RES_STL.25468,43624242512219.0
1769810646.4639382,nrm.extra.perf.PAPI_L3_TCM.25468,15960516817.0
1769810647.4638715,nrm.extra.perf.PAPI_L3_TCA.25468,160039082259.0
1769810647.4638715,nrm.extra.perf.PAPI_TOT_INS.25468,52022779519199.0
1769810647.4638715,nrm.extra.perf.PAPI_TOT_CYC.25468,89200474737396.0
1769810647.4638715,nrm.extra.perf.PAPI_RES_STL.25468,43763498197242.0
1769810647.4638715,nrm.extra.perf.PAPI_L3_TCM.25468,16011399073.0
1769810648.4649196,nrm.extra.perf.PAPI_L3_TCA.25468,160529224882.0
1769810648.4649196,nrm.extra.perf.PAPI_TOT_INS.25468,52182246635877.0
1769810648.4649196,nrm.extra.perf.PAPI_TOT_CYC.25468,89475124351865.0
1769810648.4649196,nrm.extra.perf.PAPI_RES_STL.25468,43898031593539.0
1769810648.4649196,nrm.extra.perf.PAPI_L3_TCM.25468,16060697732.0
1769810649.465867,nrm.extra.perf.PAPI_L3_TCA.25468,161035021507.0
1769810649.465867,nrm.extra.perf.PAPI_TOT_INS.25468,52346179531131.0
1769810649.465867,nrm.extra.perf.PAPI_TOT_CYC.25468,89754337310104.0
1769810649.465867,nrm.extra.perf.PAPI_RES_STL.25468,44036390163097.0
1769810649.465867,nrm.extra.perf.PAPI_L3_TCM.25468,16111125924.0
1769810650.4639041,nrm.extra.perf.PAPI_L3_TCA.25468,161539645260.0
1769810650.4639041,nrm.extra.perf.PAPI_TOT_INS.25468,52509669763484.0
1769810650.4639041,nrm.extra.perf.PAPI_TOT_CYC.25468,90031771658604.0
1769810650.4639041,nrm.extra.perf.PAPI_RES_STL.25468,44174731773601.0
1769810650.4639041,nrm.extra.perf.PAPI_L3_TCM.25468,16161249640.0
1769810651.4658833,nrm.extra.perf.PAPI_L3_TCA.25468,162046425347.0
1769810651.4658833,nrm.extra.perf.PAPI_TOT_INS.25468,52673874263544.0
1769810651.4658833,nrm.extra.perf.PAPI_TOT_CYC.25468,90311278209283.0
1769810651.4658833,nrm.extra.perf.PAPI_RES_STL.25468,44313571397716.0
1769810651.4658833,nrm.extra.perf.PAPI_L3_TCM.25468,16211710497.0
1769810652.4659448,nrm.extra.perf.PAPI_L3_TCA.25468,162552519663.0
1769810652.4659448,nrm.extra.perf.PAPI_TOT_INS.25468,52837701930845.0
1769810652.4659448,nrm.extra.perf.PAPI_TOT_CYC.25468,90590055845345.0
1769810652.4659448,nrm.extra.perf.PAPI_RES_STL.25468,44452421755805.0
1769810652.4659448,nrm.extra.perf.PAPI_L3_TCM.25468,16262249811.0
1769810653.4639103,nrm.extra.perf.PAPI_L3_TCA.25468,163054664998.0
1769810653.4639103,nrm.extra.perf.PAPI_TOT_INS.25468,53000606763334.0
1769810653.4639103,nrm.extra.perf.PAPI_TOT_CYC.25468,90867889484555.0
1769810653.4639103,nrm.extra.perf.PAPI_RES_STL.25468,44589890911745.0
1769810653.4639103,nrm.extra.perf.PAPI_L3_TCM.25468,16312443196.0
1769810654.466988,nrm.extra.perf.PAPI_L3_TCA.25468,163514992864.0
1769810654.466988,nrm.extra.perf.PAPI_TOT_INS.25468,53151344010479.0
1769810654.466988,nrm.extra.perf.PAPI_TOT_CYC.25468,91131691036106.0
1769810654.466988,nrm.extra.perf.PAPI_RES_STL.25468,44716341473000.0
1769810654.466988,nrm.extra.perf.PAPI_L3_TCM.25468,16358077264.0
1769810655.4678955,nrm.extra.perf.PAPI_L3_TCA.25468,163989392257.0
1769810655.4678955,nrm.extra.perf.PAPI_TOT_INS.25468,53305899106059.0
1769810655.4678955,nrm.extra.perf.PAPI_TOT_CYC.25468,91399365279125.0
1769810655.4678955,nrm.extra.perf.PAPI_RES_STL.25468,44846681330903.0
1769810655.4678955,nrm.extra.perf.PAPI_L3_TCM.25468,16405218358.0
1769810656.4638994,nrm.extra.perf.PAPI_L3_TCA.25468,164493696686.0
1769810656.4638994,nrm.extra.perf.PAPI_TOT_INS.25468,53469201640631.0
1769810656.4638994,nrm.extra.perf.PAPI_TOT_CYC.25468,91676922630155.0
1769810656.4638994,nrm.extra.perf.PAPI_RES_STL.25468,44984856835470.0
1769810656.4638994,nrm.extra.perf.PAPI_L3_TCM.25468,16455349833.0
1769810657.463901,nrm.extra.perf.PAPI_L3_TCA.25468,164999872078.0
1769810657.463901,nrm.extra.perf.PAPI_TOT_INS.25468,53633396677996.0
1769810657.463901,nrm.extra.perf.PAPI_TOT_CYC.25468,91955752605932.0
1769810657.463901,nrm.extra.perf.PAPI_RES_STL.25468,45123398457776.0
1769810657.463901,nrm.extra.perf.PAPI_L3_TCM.25468,16505598113.0
1769810658.4669158,nrm.extra.perf.PAPI_L3_TCA.25468,165505756284.0
1769810658.4669158,nrm.extra.perf.PAPI_TOT_INS.25468,53797235660955.0
1769810658.4669158,nrm.extra.perf.PAPI_TOT_CYC.25468,92235333471460.0
1769810658.4669158,nrm.extra.perf.PAPI_RES_STL.25468,45262238840828.0
1769810658.4669158,nrm.extra.perf.PAPI_L3_TCM.25468,16556159661.0
1769810659.4639125,nrm.extra.perf.PAPI_L3_TCA.25468,166006003866.0
1769810659.4639125,nrm.extra.perf.PAPI_TOT_INS.25468,53959564508072.0
1769810659.4639125,nrm.extra.perf.PAPI_TOT_CYC.25468,92513306904301.0
1769810659.4639125,nrm.extra.perf.PAPI_RES_STL.25468,45399091778089.0
1769810659.4639125,nrm.extra.perf.PAPI_L3_TCM.25468,16605956515.0
1769810660.4649012,nrm.extra.perf.PAPI_L3_TCA.25468,166512470332.0
1769810660.4649012,nrm.extra.perf.PAPI_TOT_INS.25468,54123652156805.0
1769810660.4649012,nrm.extra.perf.PAPI_TOT_CYC.25468,92792346584031.0
1769810660.4649012,nrm.extra.perf.PAPI_RES_STL.25468,45537705558236.0
1769810660.4649012,nrm.extra.perf.PAPI_L3_TCM.25468,16656332430.0
1769810661.463889,nrm.extra.perf.PAPI_L3_TCA.25468,167020847995.0
1769810661.463889,nrm.extra.perf.PAPI_TOT_INS.25468,54288236195980.0
1769810661.463889,nrm.extra.perf.PAPI_TOT_CYC.25468,93070974800473.0
1769810661.463889,nrm.extra.perf.PAPI_RES_STL.25468,45677035181792.0
1769810661.463889,nrm.extra.perf.PAPI_L3_TCM.25468,16706546656.0
1769810662.4639091,nrm.extra.perf.PAPI_L3_TCA.25468,167525337963.0
1769810662.4639091,nrm.extra.perf.PAPI_TOT_INS.25468,54451722994545.0
1769810662.4639091,nrm.extra.perf.PAPI_TOT_CYC.25468,93349820890510.0
1769810662.4639091,nrm.extra.perf.PAPI_RES_STL.25468,45815255228581.0
1769810662.4639091,nrm.extra.perf.PAPI_L3_TCM.25468,16756601682.0
1769810663.4638937,nrm.extra.perf.PAPI_L3_TCA.25468,168032414153.0
1769810663.4638937,nrm.extra.perf.PAPI_TOT_INS.25468,54615831806163.0
1769810663.4638937,nrm.extra.perf.PAPI_TOT_CYC.25468,93628136668555.0
1769810663.4638937,nrm.extra.perf.PAPI_RES_STL.25468,45954044443322.0
1769810663.4638937,nrm.extra.perf.PAPI_L3_TCM.25468,16807113864.0
1769810664.4638708,nrm.extra.perf.PAPI_L3_TCA.25468,168540228598.0
1769810664.4638708,nrm.extra.perf.PAPI_TOT_INS.25468,54780104848782.0
1769810664.4638708,nrm.extra.perf.PAPI_TOT_CYC.25468,93906756813432.0
1769810664.4638708,nrm.extra.perf.PAPI_RES_STL.25468,46093171018717.0
1769810664.4638708,nrm.extra.perf.PAPI_L3_TCM.25468,16857704772.0
1769810665.463901,nrm.extra.perf.PAPI_L3_TCA.25468,169046622660.0
1769810665.463901,nrm.extra.perf.PAPI_TOT_INS.25468,54944112651333.0
1769810665.463901,nrm.extra.perf.PAPI_TOT_CYC.25468,94185226816252.0
1769810665.463901,nrm.extra.perf.PAPI_RES_STL.25468,46231703316864.0
1769810665.463901,nrm.extra.perf.PAPI_L3_TCM.25468,16907989031.0
1769810666.463909,nrm.extra.perf.PAPI_L3_TCA.25468,169550013267.0
1769810666.463909,nrm.extra.perf.PAPI_TOT_INS.25468,55107412869470.0
1769810666.463909,nrm.extra.perf.PAPI_TOT_CYC.25468,94464023591778.0
1769810666.463909,nrm.extra.perf.PAPI_RES_STL.25468,46369783702502.0
1769810666.463909,nrm.extra.perf.PAPI_L3_TCM.25468,16957698181.0
1769810667.4642594,nrm.extra.perf.PAPI_L3_TCA.25468,169964568994.0
1769810667.4642594,nrm.extra.perf.PAPI_TOT_INS.25468,55241753037691.0
1769810667.4642594,nrm.extra.perf.PAPI_TOT_CYC.25468,94692142234507.0
1769810667.4642594,nrm.extra.perf.PAPI_RES_STL.25468,46482968953019.0
1769810667.4642594,nrm.extra.perf.PAPI_L3_TCM.25468,16999187199.0
1769810668.4642735,nrm.extra.perf.PAPI_L3_TCA.25468,170326494307.0
1769810668.4642735,nrm.extra.perf.PAPI_TOT_INS.25468,55358886325776.0
1769810668.4642735,nrm.extra.perf.PAPI_TOT_CYC.25468,94890655236524.0
1769810668.4642735,nrm.extra.perf.PAPI_RES_STL.25468,46581277848424.0
1769810668.4642735,nrm.extra.perf.PAPI_L3_TCM.25468,17035708994.0
1769810669.464212,nrm.extra.perf.PAPI_L3_TCA.25468,170687711374.0
1769810669.464212,nrm.extra.perf.PAPI_TOT_INS.25468,55475827091599.0
1769810669.464212,nrm.extra.perf.PAPI_TOT_CYC.25468,95089210231089.0
1769810669.464212,nrm.extra.perf.PAPI_RES_STL.25468,46679475774438.0
1769810669.464212,nrm.extra.perf.PAPI_L3_TCM.25468,17071837566.0
1769810670.4642687,nrm.extra.perf.PAPI_L3_TCA.25468,171034086293.0
1769810670.4642687,nrm.extra.perf.PAPI_TOT_INS.25468,55588794211090.0
1769810670.4642687,nrm.extra.perf.PAPI_TOT_CYC.25468,95284717276514.0
1769810670.4642687,nrm.extra.perf.PAPI_RES_STL.25468,46774180538393.0
1769810670.4642687,nrm.extra.perf.PAPI_L3_TCM.25468,17106702781.0
1769810671.4642556,nrm.extra.perf.PAPI_L3_TCA.25468,171395778182.0
1769810671.4642556,nrm.extra.perf.PAPI_TOT_INS.25468,55706082960303.0
1769810671.4642556,nrm.extra.perf.PAPI_TOT_CYC.25468,95483609676356.0
1769810671.4642556,nrm.extra.perf.PAPI_RES_STL.25468,46872760154772.0
1769810671.4642556,nrm.extra.perf.PAPI_L3_TCM.25468,17142993369.0
1769810672.4642658,nrm.extra.perf.PAPI_L3_TCA.25468,171758064785.0
1769810672.4642658,nrm.extra.perf.PAPI_TOT_INS.25468,55823507677967.0
1769810672.4642658,nrm.extra.perf.PAPI_TOT_CYC.25468,95682660926516.0
1769810672.4642658,nrm.extra.perf.PAPI_RES_STL.25468,46971153014054.0
1769810672.4642658,nrm.extra.perf.PAPI_L3_TCM.25468,17179510842.0
1769810673.4643052,nrm.extra.perf.PAPI_L3_TCA.25468,172120050295.0
1769810673.4643052,nrm.extra.perf.PAPI_TOT_INS.25468,55940913145444.0
1769810673.4643052,nrm.extra.perf.PAPI_TOT_CYC.25468,95881924085861.0
1769810673.4643052,nrm.extra.perf.PAPI_RES_STL.25468,47069841480559.0
1769810673.4643052,nrm.extra.perf.PAPI_L3_TCM.25468,17215768501.0
1769810674.4642606,nrm.extra.perf.PAPI_L3_TCA.25468,172481753939.0
1769810674.4642606,nrm.extra.perf.PAPI_TOT_INS.25468,56058050768401.0
1769810674.4642606,nrm.extra.perf.PAPI_TOT_CYC.25468,96080966100171.0
1769810674.4642606,nrm.extra.perf.PAPI_RES_STL.25468,47168521448878.0
1769810674.4642606,nrm.extra.perf.PAPI_L3_TCM.25468,17252380516.0
1769810675.4643068,nrm.extra.perf.PAPI_L3_TCA.25468,172832766817.0
1769810675.4643068,nrm.extra.perf.PAPI_TOT_INS.25468,56172283702204.0
1769810675.4643068,nrm.extra.perf.PAPI_TOT_CYC.25468,96276825323629.0
1769810675.4643068,nrm.extra.perf.PAPI_RES_STL.25468,47263962164301.0
1769810675.4643068,nrm.extra.perf.PAPI_L3_TCM.25468,17287699499.0
1769810676.4642732,nrm.extra.perf.PAPI_L3_TCA.25468,173179506322.0
1769810676.4642732,nrm.extra.perf.PAPI_TOT_INS.25468,56285415015707.0
1769810676.4642732,nrm.extra.perf.PAPI_TOT_CYC.25468,96472382695082.0
1769810676.4642732,nrm.extra.perf.PAPI_RES_STL.25468,47358498340357.0
1769810676.4642732,nrm.extra.perf.PAPI_L3_TCM.25468,17322341481.0
1769810677.4642951,nrm.extra.perf.PAPI_L3_TCA.25468,173536033199.0
1769810677.4642951,nrm.extra.perf.PAPI_TOT_INS.25468,56401058295719.0
1769810677.4642951,nrm.extra.perf.PAPI_TOT_CYC.25468,96670015423463.0
1769810677.4642951,nrm.extra.perf.PAPI_RES_STL.25468,47455448357529.0
1769810677.4642951,nrm.extra.perf.PAPI_L3_TCM.25468,17358328980.0
1769810678.4642417,nrm.extra.perf.PAPI_L3_TCA.25468,173900135893.0
1769810678.4642417,nrm.extra.perf.PAPI_TOT_INS.25468,56519103968782.0
1769810678.4642417,nrm.extra.perf.PAPI_TOT_CYC.25468,96870054488077.0
1769810678.4642417,nrm.extra.perf.PAPI_RES_STL.25468,47554458870677.0
1769810678.4642417,nrm.extra.perf.PAPI_L3_TCM.25468,17394877542.0
1769810679.4642935,nrm.extra.perf.PAPI_L3_TCA.25468,174261954414.0
1769810679.4642935,nrm.extra.perf.PAPI_TOT_INS.25468,56636357973268.0
1769810679.4642935,nrm.extra.perf.PAPI_TOT_CYC.25468,97070246644281.0
1769810679.4642935,nrm.extra.perf.PAPI_RES_STL.25468,47652887259036.0
1769810679.4642935,nrm.extra.perf.PAPI_L3_TCM.25468,17431502185.0
1769810680.4642208,nrm.extra.perf.PAPI_L3_TCA.25468,174594974138.0
1769810680.4642208,nrm.extra.perf.PAPI_TOT_INS.25468,56745391058216.0
1769810680.4642208,nrm.extra.perf.PAPI_TOT_CYC.25468,97261566530800.0
1769810680.4642208,nrm.extra.perf.PAPI_RES_STL.25468,47743682850413.0
1769810680.4642208,nrm.extra.perf.PAPI_L3_TCM.25468,17464814983.0
1769810681.4642973,nrm.extra.perf.PAPI_L3_TCA.25468,174958683142.0
1769810681.4642973,nrm.extra.perf.PAPI_TOT_INS.25468,56863223433485.0
1769810681.4642973,nrm.extra.perf.PAPI_TOT_CYC.25468,97461465932214.0
1769810681.4642973,nrm.extra.perf.PAPI_RES_STL.25468,47842451605263.0
1769810681.4642973,nrm.extra.perf.PAPI_L3_TCM.25468,17501236905.0
1769810682.4643438,nrm.extra.perf.PAPI_L3_TCA.25468,175321068495.0
1769810682.4643438,nrm.extra.perf.PAPI_TOT_INS.25468,56980519360560.0
1769810682.4643438,nrm.extra.perf.PAPI_TOT_CYC.25468,97661212281511.0
1769810682.4643438,nrm.extra.perf.PAPI_RES_STL.25468,47940816203826.0
1769810682.4643438,nrm.extra.perf.PAPI_L3_TCM.25468,17537675302.0
1769810683.463629,nrm.extra.perf.PAPI_L3_TCA.25468,175790290493.0
1769810683.463629,nrm.extra.perf.PAPI_TOT_INS.25468,57132557329780.0
1769810683.463629,nrm.extra.perf.PAPI_TOT_CYC.25468,97919372414078.0
1769810683.463629,nrm.extra.perf.PAPI_RES_STL.25468,48069118770820.0
1769810683.463629,nrm.extra.perf.PAPI_L3_TCM.25468,17584105025.0
1769810684.4639163,nrm.extra.perf.PAPI_L3_TCA.25468,176296744597.0
1769810684.4639163,nrm.extra.perf.PAPI_TOT_INS.25468,57296488434524.0
1769810684.4639163,nrm.extra.perf.PAPI_TOT_CYC.25468,98198990206848.0
1769810684.4639163,nrm.extra.perf.PAPI_RES_STL.25468,48207803350905.0
1769810684.4639163,nrm.extra.perf.PAPI_L3_TCM.25468,17634453246.0
1769810685.463848,nrm.extra.perf.PAPI_L3_TCA.25468,176770017856.0
1769810685.463848,nrm.extra.perf.PAPI_TOT_INS.25468,57450843177048.0
1769810685.463848,nrm.extra.perf.PAPI_TOT_CYC.25468,98467360035372.0
1769810685.463848,nrm.extra.perf.PAPI_RES_STL.25468,48337582013347.0
1769810685.463848,nrm.extra.perf.PAPI_L3_TCM.25468,17681187364.0
1769810686.463895,nrm.extra.perf.PAPI_L3_TCA.25468,177274901312.0
1769810686.463895,nrm.extra.perf.PAPI_TOT_INS.25468,57614380625229.0
1769810686.463895,nrm.extra.perf.PAPI_TOT_CYC.25468,98746443526059.0
1769810686.463895,nrm.extra.perf.PAPI_RES_STL.25468,48475843795203.0
1769810686.463895,nrm.extra.perf.PAPI_L3_TCM.25468,17731385092.0
1769810687.4638922,nrm.extra.perf.PAPI_L3_TCA.25468,177782097980.0
1769810687.4638922,nrm.extra.perf.PAPI_TOT_INS.25468,57778542266979.0
1769810687.4638922,nrm.extra.perf.PAPI_TOT_CYC.25468,99025178331186.0
1769810687.4638922,nrm.extra.perf.PAPI_RES_STL.25468,48614672445475.0
1769810687.4638922,nrm.extra.perf.PAPI_L3_TCM.25468,17781796199.0
1769810688.4635627,nrm.extra.perf.PAPI_L3_TCA.25468,178290779071.0
1769810688.4635627,nrm.extra.perf.PAPI_TOT_INS.25468,57943402541918.0
1769810688.4635627,nrm.extra.perf.PAPI_TOT_CYC.25468,99304335864589.0
1769810688.4635627,nrm.extra.perf.PAPI_RES_STL.25468,48753932359034.0
1769810688.4635627,nrm.extra.perf.PAPI_L3_TCM.25468,17831909292.0
1769810689.4678998,nrm.extra.perf.PAPI_L3_TCA.25468,178800853781.0
1769810689.4678998,nrm.extra.perf.PAPI_TOT_INS.25468,58108388420208.0
1769810689.4678998,nrm.extra.perf.PAPI_TOT_CYC.25468,99584666793123.0
1769810689.4678998,nrm.extra.perf.PAPI_RES_STL.25468,48893766686555.0
1769810689.4678998,nrm.extra.perf.PAPI_L3_TCM.25468,17882470966.0
1769810690.4638917,nrm.extra.perf.PAPI_L3_TCA.25468,179305465145.0
1769810690.4638917,nrm.extra.perf.PAPI_TOT_INS.25468,58271739895585.0
1769810690.4638917,nrm.extra.perf.PAPI_TOT_CYC.25468,99862217547492.0
1769810690.4638917,nrm.extra.perf.PAPI_RES_STL.25468,49031925268119.0
1769810690.4638917,nrm.extra.perf.PAPI_L3_TCM.25468,17932453140.0
1769810691.4639478,nrm.extra.perf.PAPI_L3_TCA.25468,179763975572.0
1769810691.4639478,nrm.extra.perf.PAPI_TOT_INS.25468,58421720285437.0
1769810691.4639478,nrm.extra.perf.PAPI_TOT_CYC.25468,100124539983323.0
1769810691.4639478,nrm.extra.perf.PAPI_RES_STL.25468,49157273741148.0
1769810691.4639478,nrm.extra.perf.PAPI_L3_TCM.25468,17977754041.0
1769810692.4649687,nrm.extra.perf.PAPI_L3_TCA.25468,180137884512.0
1769810692.4649687,nrm.extra.perf.PAPI_TOT_INS.25468,58546945878666.0
1769810692.4649687,nrm.extra.perf.PAPI_TOT_CYC.25468,100355045163202.0
1769810692.4649687,nrm.extra.perf.PAPI_RES_STL.25468,49260609485560.0
1769810692.4649687,nrm.extra.perf.PAPI_L3_TCM.25468,18014719701.0
1769810693.466985,nrm.extra.perf.PAPI_L3_TCA.25468,180628618711.0
1769810693.466985,nrm.extra.perf.PAPI_TOT_INS.25468,58705503536403.0
1769810693.466985,nrm.extra.perf.PAPI_TOT_CYC.25468,100623737198215.0
1769810693.466985,nrm.extra.perf.PAPI_RES_STL.25468,49394319794130.0
1769810693.466985,nrm.extra.perf.PAPI_L3_TCM.25468,18063536743.0
1769810694.4640088,nrm.extra.perf.PAPI_L3_TCA.25468,181116325467.0
1769810694.4640088,nrm.extra.perf.PAPI_TOT_INS.25468,58863505864654.0
1769810694.4640088,nrm.extra.perf.PAPI_TOT_CYC.25468,100891411076981.0
1769810694.4640088,nrm.extra.perf.PAPI_RES_STL.25468,49527178286445.0
1769810694.4640088,nrm.extra.perf.PAPI_L3_TCM.25468,18112045691.0
1769810695.464002,nrm.extra.perf.PAPI_L3_TCA.25468,181606561310.0
1769810695.464002,nrm.extra.perf.PAPI_TOT_INS.25468,59022130197687.0
1769810695.464002,nrm.extra.perf.PAPI_TOT_CYC.25468,101159709621164.0
1769810695.464002,nrm.extra.perf.PAPI_RES_STL.25468,49660934290343.0
1769810695.464002,nrm.extra.perf.PAPI_L3_TCM.25468,18160684374.0
1769810696.4679754,nrm.extra.perf.PAPI_L3_TCA.25468,182079219546.0
1769810696.4679754,nrm.extra.perf.PAPI_TOT_INS.25468,59175820841468.0
1769810696.4679754,nrm.extra.perf.PAPI_TOT_CYC.25468,101423637130784.0
1769810696.4679754,nrm.extra.perf.PAPI_RES_STL.25468,49789929183244.0
1769810696.4679754,nrm.extra.perf.PAPI_L3_TCM.25468,18207531528.0
1769810697.463871,nrm.extra.perf.PAPI_L3_TCA.25468,182471874334.0
1769810697.463871,nrm.extra.perf.PAPI_TOT_INS.25468,59306468037092.0
1769810697.463871,nrm.extra.perf.PAPI_TOT_CYC.25468,101661549987943.0
1769810697.463871,nrm.extra.perf.PAPI_RES_STL.25468,49897791745889.0
1769810697.463871,nrm.extra.perf.PAPI_L3_TCM.25468,18246705139.0
1769810698.4640186,nrm.extra.perf.PAPI_L3_TCA.25468,182930348676.0
1769810698.4640186,nrm.extra.perf.PAPI_TOT_INS.25468,59455899083040.0
1769810698.4640186,nrm.extra.perf.PAPI_TOT_CYC.25468,101919025973997.0
1769810698.4640186,nrm.extra.perf.PAPI_RES_STL.25468,50023406385142.0
1769810698.4640186,nrm.extra.perf.PAPI_L3_TCM.25468,18292080327.0
1769810699.4670436,nrm.extra.perf.PAPI_L3_TCA.25468,183402309632.0
1769810699.4670436,nrm.extra.perf.PAPI_TOT_INS.25468,59608725401501.0
1769810699.4670436,nrm.extra.perf.PAPI_TOT_CYC.25468,102177682588959.0
1769810699.4670436,nrm.extra.perf.PAPI_RES_STL.25468,50151875294943.0
1769810699.4670436,nrm.extra.perf.PAPI_L3_TCM.25468,18339385500.0
1769810700.4640393,nrm.extra.perf.PAPI_L3_TCA.25468,183863936452.0
1769810700.4640393,nrm.extra.perf.PAPI_TOT_INS.25468,59758169011602.0
1769810700.4640393,nrm.extra.perf.PAPI_TOT_CYC.25468,102430276497553.0
1769810700.4640393,nrm.extra.perf.PAPI_RES_STL.25468,50277945368696.0
1769810700.4640393,nrm.extra.perf.PAPI_L3_TCM.25468,18385267454.0
1769810701.4690442,nrm.extra.perf.PAPI_L3_TCA.25468,184328191282.0
1769810701.4690442,nrm.extra.perf.PAPI_TOT_INS.25468,59908524704675.0
1769810701.4690442,nrm.extra.perf.PAPI_TOT_CYC.25468,102685257214995.0
1769810701.4690442,nrm.extra.perf.PAPI_RES_STL.25468,50404347497685.0
1769810701.4690442,nrm.extra.perf.PAPI_L3_TCM.25468,18431488735.0
1769810702.4641094,nrm.extra.perf.PAPI_L3_TCA.25468,184773517221.0
1769810702.4641094,nrm.extra.perf.PAPI_TOT_INS.25468,60053216565637.0
1769810702.4641094,nrm.extra.perf.PAPI_TOT_CYC.25468,102932218732145.0
1769810702.4641094,nrm.extra.perf.PAPI_RES_STL.25468,50525767017447.0
1769810702.4641094,nrm.extra.perf.PAPI_L3_TCM.25468,18475748751.0
1769810703.464061,nrm.extra.perf.PAPI_L3_TCA.25468,185232170223.0
1769810703.464061,nrm.extra.perf.PAPI_TOT_INS.25468,60202050476614.0
1769810703.464061,nrm.extra.perf.PAPI_TOT_CYC.25468,103185645301044.0
1769810703.464061,nrm.extra.perf.PAPI_RES_STL.25468,50650777151276.0
1769810703.464061,nrm.extra.perf.PAPI_L3_TCM.25468,18521436716.0
1769810704.4681,nrm.extra.perf.PAPI_L3_TCA.25468,185698536767.0
1769810704.4681,nrm.extra.perf.PAPI_TOT_INS.25468,60352903777953.0
1769810704.4681,nrm.extra.perf.PAPI_TOT_CYC.25468,103440327428112.0
1769810704.4681,nrm.extra.perf.PAPI_RES_STL.25468,50777797603427.0
1769810704.4681,nrm.extra.perf.PAPI_L3_TCM.25468,18567747752.0
1769810705.4638484,nrm.extra.perf.PAPI_L3_TCA.25468,186161100327.0
1769810705.4638484,nrm.extra.perf.PAPI_TOT_INS.25468,60502661422939.0
1769810705.4638484,nrm.extra.perf.PAPI_TOT_CYC.25468,103692921871496.0
1769810705.4638484,nrm.extra.perf.PAPI_RES_STL.25468,50903922239321.0
1769810705.4638484,nrm.extra.perf.PAPI_L3_TCM.25468,18613475258.0
1769810706.4640687,nrm.extra.perf.PAPI_L3_TCA.25468,186615055444.0
1769810706.4640687,nrm.extra.perf.PAPI_TOT_INS.25468,60650192087373.0
1769810706.4640687,nrm.extra.perf.PAPI_TOT_CYC.25468,103946928934102.0
1769810706.4640687,nrm.extra.perf.PAPI_RES_STL.25468,51027796081580.0
1769810706.4640687,nrm.extra.perf.PAPI_L3_TCM.25468,18658534993.0
1769810707.4641178,nrm.extra.perf.PAPI_L3_TCA.25468,187050034046.0
1769810707.4641178,nrm.extra.perf.PAPI_TOT_INS.25468,60791336333736.0
1769810707.4641178,nrm.extra.perf.PAPI_TOT_CYC.25468,104186695657658.0
1769810707.4641178,nrm.extra.perf.PAPI_RES_STL.25468,51146220563766.0
1769810707.4641178,nrm.extra.perf.PAPI_L3_TCM.25468,18701530999.0
1769810708.467073,nrm.extra.perf.PAPI_L3_TCA.25468,187489557187.0
1769810708.467073,nrm.extra.perf.PAPI_TOT_INS.25468,60933417242620.0
1769810708.467073,nrm.extra.perf.PAPI_TOT_CYC.25468,104426689885276.0
1769810708.467073,nrm.extra.perf.PAPI_RES_STL.25468,51265980007515.0
1769810708.467073,nrm.extra.perf.PAPI_L3_TCM.25468,18745535336.0
1769810709.4671032,nrm.extra.perf.PAPI_L3_TCA.25468,187928403492.0
1769810709.4671032,nrm.extra.perf.PAPI_TOT_INS.25468,61075298815526.0
1769810709.4671032,nrm.extra.perf.PAPI_TOT_CYC.25468,104666084783102.0
1769810709.4671032,nrm.extra.perf.PAPI_RES_STL.25468,51385409870912.0
1769810709.4671032,nrm.extra.perf.PAPI_L3_TCM.25468,18789436565.0
1769810710.4634213,nrm.extra.perf.PAPI_L3_TCA.25468,188352538014.0
1769810710.4634213,nrm.extra.perf.PAPI_TOT_INS.25468,61213467362900.0
1769810710.4634213,nrm.extra.perf.PAPI_TOT_CYC.25468,104903027750457.0
1769810710.4634213,nrm.extra.perf.PAPI_RES_STL.25468,51500767802390.0
1769810710.4634213,nrm.extra.perf.PAPI_L3_TCM.25468,18831425682.0
1769810711.4647324,nrm.extra.perf.PAPI_L3_TCA.25468,188762107501.0
1769810711.4647324,nrm.extra.perf.PAPI_TOT_INS.25468,61347093271749.0
1769810711.4647324,nrm.extra.perf.PAPI_TOT_CYC.25468,105134657792995.0
1769810711.4647324,nrm.extra.perf.PAPI_RES_STL.25468,51612781269188.0
1769810711.4647324,nrm.extra.perf.PAPI_L3_TCM.25468,18872333979.0
1769810712.4670637,nrm.extra.perf.PAPI_L3_TCA.25468,189185966933.0
1769810712.4670637,nrm.extra.perf.PAPI_TOT_INS.25468,61484517025740.0
1769810712.4670637,nrm.extra.perf.PAPI_TOT_CYC.25468,105369922522231.0
1769810712.4670637,nrm.extra.perf.PAPI_RES_STL.25468,51728292440576.0
1769810712.4670637,nrm.extra.perf.PAPI_L3_TCM.25468,18914847671.0
1769810713.4639046,nrm.extra.perf.PAPI_L3_TCA.25468,189619007077.0
1769810713.4639046,nrm.extra.perf.PAPI_TOT_INS.25468,61625121410209.0
1769810713.4639046,nrm.extra.perf.PAPI_TOT_CYC.25468,105608479669999.0
1769810713.4639046,nrm.extra.perf.PAPI_RES_STL.25468,51846124363511.0
1769810713.4639046,nrm.extra.perf.PAPI_L3_TCM.25468,18957622908.0
1769810714.467097,nrm.extra.perf.PAPI_L3_TCA.25468,190053554757.0
1769810714.467097,nrm.extra.perf.PAPI_TOT_INS.25468,61765955237885.0
1769810714.467097,nrm.extra.perf.PAPI_TOT_CYC.25468,105848378195921.0
1769810714.467097,nrm.extra.perf.PAPI_RES_STL.25468,51964550074773.0
1769810714.467097,nrm.extra.perf.PAPI_L3_TCM.25468,19001101088.0
1769810715.4640248,nrm.extra.perf.PAPI_L3_TCA.25468,190455597135.0
1769810715.4640248,nrm.extra.perf.PAPI_TOT_INS.25468,61897990026312.0
1769810715.4640248,nrm.extra.perf.PAPI_TOT_CYC.25468,106081472814452.0
1769810715.4640248,nrm.extra.perf.PAPI_RES_STL.25468,52074542054182.0
1769810715.4640248,nrm.extra.perf.PAPI_L3_TCM.25468,19041069120.0
1769810716.4670696,nrm.extra.perf.PAPI_L3_TCA.25468,190902470363.0
1769810716.4670696,nrm.extra.perf.PAPI_TOT_INS.25468,62042879126969.0
1769810716.4670696,nrm.extra.perf.PAPI_TOT_CYC.25468,106327204828350.0
1769810716.4670696,nrm.extra.perf.PAPI_RES_STL.25468,52196247541186.0
1769810716.4670696,nrm.extra.perf.PAPI_L3_TCM.25468,19085622783.0
1769810717.464054,nrm.extra.perf.PAPI_L3_TCA.25468,191334235056.0
1769810717.464054,nrm.extra.perf.PAPI_TOT_INS.25468,62183514090403.0
1769810717.464054,nrm.extra.perf.PAPI_TOT_CYC.25468,106569432374195.0
1769810717.464054,nrm.extra.perf.PAPI_RES_STL.25468,52314012998216.0
1769810717.464054,nrm.extra.perf.PAPI_L3_TCM.25468,19128750017.0
1769810718.464081,nrm.extra.perf.PAPI_L3_TCA.25468,191784383366.0
1769810718.464081,nrm.extra.perf.PAPI_TOT_INS.25468,62329505634958.0
1769810718.464081,nrm.extra.perf.PAPI_TOT_CYC.25468,106817168024407.0
1769810718.464081,nrm.extra.perf.PAPI_RES_STL.25468,52436833584852.0
1769810718.464081,nrm.extra.perf.PAPI_L3_TCM.25468,19173663171.0
1769810719.4660401,nrm.extra.perf.PAPI_L3_TCA.25468,192237863891.0
1769810719.4660401,nrm.extra.perf.PAPI_TOT_INS.25468,62476262273699.0
1769810719.4660401,nrm.extra.perf.PAPI_TOT_CYC.25468,107065233380357.0
1769810719.4660401,nrm.extra.perf.PAPI_RES_STL.25468,52560674122038.0
1769810719.4660401,nrm.extra.perf.PAPI_L3_TCM.25468,19219452434.0
1769810720.4680417,nrm.extra.perf.PAPI_L3_TCA.25468,192692160213.0
1769810720.4680417,nrm.extra.perf.PAPI_TOT_INS.25468,62623400050130.0
1769810720.4680417,nrm.extra.perf.PAPI_TOT_CYC.25468,107313566159017.0
1769810720.4680417,nrm.extra.perf.PAPI_RES_STL.25468,52684523364484.0
1769810720.4680417,nrm.extra.perf.PAPI_L3_TCM.25468,19265038350.0
1769810721.4640808,nrm.extra.perf.PAPI_L3_TCA.25468,193125046409.0
1769810721.4640808,nrm.extra.perf.PAPI_TOT_INS.25468,62764365208080.0
1769810721.4640808,nrm.extra.perf.PAPI_TOT_CYC.25468,107555173080262.0
1769810721.4640808,nrm.extra.perf.PAPI_RES_STL.25468,52802439056968.0
1769810721.4640808,nrm.extra.perf.PAPI_L3_TCM.25468,19308049821.0
1769810722.4640963,nrm.extra.perf.PAPI_L3_TCA.25468,193573722532.0
1769810722.4640963,nrm.extra.perf.PAPI_TOT_INS.25468,62909861286747.0
1769810722.4640963,nrm.extra.perf.PAPI_TOT_CYC.25468,107802455993402.0
1769810722.4640963,nrm.extra.perf.PAPI_RES_STL.25468,52924604847890.0
1769810722.4640963,nrm.extra.perf.PAPI_L3_TCM.25468,19352759170.0
1769810723.4659464,nrm.extra.perf.PAPI_L3_TCA.25468,194065175809.0
1769810723.4659464,nrm.extra.perf.PAPI_TOT_INS.25468,63068962627584.0
1769810723.4659464,nrm.extra.perf.PAPI_TOT_CYC.25468,108072087589329.0
1769810723.4659464,nrm.extra.perf.PAPI_RES_STL.25468,53059137886027.0
1769810723.4659464,nrm.extra.perf.PAPI_L3_TCM.25468,19402222461.0
1769810724.4659302,nrm.extra.perf.PAPI_L3_TCA.25468,194541260933.0
1769810724.4659302,nrm.extra.perf.PAPI_TOT_INS.25468,63224426952094.0
1769810724.4659302,nrm.extra.perf.PAPI_TOT_CYC.25468,108343407705233.0
1769810724.4659302,nrm.extra.perf.PAPI_RES_STL.25468,53189729882350.0
1769810724.4659302,nrm.extra.perf.PAPI_L3_TCM.25468,19449859134.0
1769810725.4638948,nrm.extra.perf.PAPI_L3_TCA.25468,195044220839.0
1769810725.4638948,nrm.extra.perf.PAPI_TOT_INS.25468,63387376997691.0
1769810725.4638948,nrm.extra.perf.PAPI_TOT_CYC.25468,108621079700371.0
1769810725.4638948,nrm.extra.perf.PAPI_RES_STL.25468,53327779430080.0
1769810725.4638948,nrm.extra.perf.PAPI_L3_TCM.25468,19500002757.0
1769810726.4669409,nrm.extra.perf.PAPI_L3_TCA.25468,195532974455.0
1769810726.4669409,nrm.extra.perf.PAPI_TOT_INS.25468,63546453926451.0
1769810726.4669409,nrm.extra.perf.PAPI_TOT_CYC.25468,108894286094792.0
1769810726.4669409,nrm.extra.perf.PAPI_RES_STL.25468,53461796329465.0
1769810726.4669409,nrm.extra.perf.PAPI_L3_TCM.25468,19548425460.0
1769810727.4636617,nrm.extra.perf.PAPI_L3_TCA.25468,196018369500.0
1769810727.4636617,nrm.extra.perf.PAPI_TOT_INS.25468,63704708792885.0
1769810727.4636617,nrm.extra.perf.PAPI_TOT_CYC.25468,109167303930681.0
1769810727.4636617,nrm.extra.perf.PAPI_RES_STL.25468,53594809274180.0
1769810727.4636617,nrm.extra.perf.PAPI_L3_TCM.25468,19596241434.0
1769810728.4689558,nrm.extra.perf.PAPI_L3_TCA.25468,196525899563.0
1769810728.4689558,nrm.extra.perf.PAPI_TOT_INS.25468,63869203073092.0
1769810728.4689558,nrm.extra.perf.PAPI_TOT_CYC.25468,109448229156184.0
1769810728.4689558,nrm.extra.perf.PAPI_RES_STL.25468,53734099971117.0
1769810728.4689558,nrm.extra.perf.PAPI_L3_TCM.25468,19647074578.0
1769810729.4638786,nrm.extra.perf.PAPI_L3_TCA.25468,197029190746.0
1769810729.4638786,nrm.extra.perf.PAPI_TOT_INS.25468,64032187980965.0
1769810729.4638786,nrm.extra.perf.PAPI_TOT_CYC.25468,109725566678371.0
1769810729.4638786,nrm.extra.perf.PAPI_RES_STL.25468,53872134768942.0
1769810729.4638786,nrm.extra.perf.PAPI_L3_TCM.25468,19697121234.0
1769810730.463917,nrm.extra.perf.PAPI_L3_TCA.25468,197535108859.0
1769810730.463917,nrm.extra.perf.PAPI_TOT_INS.25468,64196174834093.0
1769810730.463917,nrm.extra.perf.PAPI_TOT_CYC.25468,110004562891599.0
1769810730.463917,nrm.extra.perf.PAPI_RES_STL.25468,54010700097202.0
1769810730.463917,nrm.extra.perf.PAPI_L3_TCM.25468,19747415029.0
1769810731.4639175,nrm.extra.perf.PAPI_L3_TCA.25468,198042768048.0
1769810731.4639175,nrm.extra.perf.PAPI_TOT_INS.25468,64360580685983.0
1769810731.4639175,nrm.extra.perf.PAPI_TOT_CYC.25468,110284348248948.0
1769810731.4639175,nrm.extra.perf.PAPI_RES_STL.25468,54150035147264.0
1769810731.4639175,nrm.extra.perf.PAPI_L3_TCM.25468,19798035146.0
1769810732.464002,nrm.extra.perf.PAPI_L3_TCA.25468,198555594064.0
1769810732.464002,nrm.extra.perf.PAPI_TOT_INS.25468,64526539441956.0
1769810732.464002,nrm.extra.perf.PAPI_TOT_CYC.25468,110565484271900.0
1769810732.464002,nrm.extra.perf.PAPI_RES_STL.25468,54290650501779.0
1769810732.464002,nrm.extra.perf.PAPI_L3_TCM.25468,19848991519.0
1769810733.4640126,nrm.extra.perf.PAPI_L3_TCA.25468,199063423881.0
1769810733.4640126,nrm.extra.perf.PAPI_TOT_INS.25468,64691269248616.0
1769810733.4640126,nrm.extra.perf.PAPI_TOT_CYC.25468,110846397546047.0
1769810733.4640126,nrm.extra.perf.PAPI_RES_STL.25468,54430146979031.0
1769810733.4640126,nrm.extra.perf.PAPI_L3_TCM.25468,19899246177.0
1769810734.4639654,nrm.extra.perf.PAPI_L3_TCA.25468,199574269826.0
1769810734.4639654,nrm.extra.perf.PAPI_TOT_INS.25468,64856633194356.0
1769810734.4639654,nrm.extra.perf.PAPI_TOT_CYC.25468,111127717700847.0
1769810734.4639654,nrm.extra.perf.PAPI_RES_STL.25468,54570226008002.0
1769810734.4639654,nrm.extra.perf.PAPI_L3_TCM.25468,19949981039.0
1769810735.4639685,nrm.extra.perf.PAPI_L3_TCA.25468,200062003288.0
1769810735.4639685,nrm.extra.perf.PAPI_TOT_INS.25468,65015214748787.0
1769810735.4639685,nrm.extra.perf.PAPI_TOT_CYC.25468,111401138894020.0
1769810735.4639685,nrm.extra.perf.PAPI_RES_STL.25468,54703927572143.0
1769810735.4639685,nrm.extra.perf.PAPI_L3_TCM.25468,19998822649.0
1769810736.4639294,nrm.extra.perf.PAPI_L3_TCA.25468,200572152020.0
1769810736.4639294,nrm.extra.perf.PAPI_TOT_INS.25468,65180452361350.0
1769810736.4639294,nrm.extra.perf.PAPI_TOT_CYC.25468,111682200774153.0
1769810736.4639294,nrm.extra.perf.PAPI_RES_STL.25468,54843947028395.0
1769810736.4639294,nrm.extra.perf.PAPI_L3_TCM.25468,20049332005.0
1769810737.464002,nrm.extra.perf.PAPI_L3_TCA.25468,201059869374.0
1769810737.464002,nrm.extra.perf.PAPI_TOT_INS.25468,65339231526343.0
1769810737.464002,nrm.extra.perf.PAPI_TOT_CYC.25468,111956174681494.0
1769810737.464002,nrm.extra.perf.PAPI_RES_STL.25468,54977871357690.0
1769810737.464002,nrm.extra.perf.PAPI_L3_TCM.25468,20098090222.0
1769810738.4658065,nrm.extra.perf.PAPI_L3_TCA.25468,201566953548.0
1769810738.4658065,nrm.extra.perf.PAPI_TOT_INS.25468,65503540461915.0
1769810738.4658065,nrm.extra.perf.PAPI_TOT_CYC.25468,112236688931745.0
1769810738.4658065,nrm.extra.perf.PAPI_RES_STL.25468,55117031367925.0
1769810738.4658065,nrm.extra.perf.PAPI_L3_TCM.25468,20148355266.0
1769810739.4641862,nrm.extra.perf.PAPI_L3_TCA.25468,202007415106.0
1769810739.4641862,nrm.extra.perf.PAPI_TOT_INS.25468,65646500420064.0
1769810739.4641862,nrm.extra.perf.PAPI_TOT_CYC.25468,112479865866910.0
1769810739.4641862,nrm.extra.perf.PAPI_RES_STL.25468,55237395485238.0
1769810739.4641862,nrm.extra.perf.PAPI_L3_TCM.25468,20192055445.0
1769810740.4672067,nrm.extra.perf.PAPI_L3_TCA.25468,202413554153.0
1769810740.4672067,nrm.extra.perf.PAPI_TOT_INS.25468,65777984050508.0
1769810740.4672067,nrm.extra.perf.PAPI_TOT_CYC.25468,112702043195348.0
1769810740.4672067,nrm.extra.perf.PAPI_RES_STL.25468,55348068219906.0
1769810740.4672067,nrm.extra.perf.PAPI_L3_TCM.25468,20232754199.0
1769810741.4641452,nrm.extra.perf.PAPI_L3_TCA.25468,202818019526.0
1769810741.4641452,nrm.extra.perf.PAPI_TOT_INS.25468,65908865107164.0
1769810741.4641452,nrm.extra.perf.PAPI_TOT_CYC.25468,112922885483537.0
1769810741.4641452,nrm.extra.perf.PAPI_RES_STL.25468,55458257540800.0
1769810741.4641452,nrm.extra.perf.PAPI_L3_TCM.25468,20273164558.0
1769810742.4636514,nrm.extra.perf.PAPI_L3_TCA.25468,203206536489.0
1769810742.4636514,nrm.extra.perf.PAPI_TOT_INS.25468,66035394100536.0
1769810742.4636514,nrm.extra.perf.PAPI_TOT_CYC.25468,113139434457779.0
1769810742.4636514,nrm.extra.perf.PAPI_RES_STL.25468,55564122501339.0
1769810742.4636514,nrm.extra.perf.PAPI_L3_TCM.25468,20311770583.0
1769810743.4641347,nrm.extra.perf.PAPI_L3_TCA.25468,203607218927.0
1769810743.4641347,nrm.extra.perf.PAPI_TOT_INS.25468,66165361798676.0
1769810743.4641347,nrm.extra.perf.PAPI_TOT_CYC.25468,113361665362152.0
1769810743.4641347,nrm.extra.perf.PAPI_RES_STL.25468,55673550011237.0
1769810743.4641347,nrm.extra.perf.PAPI_L3_TCM.25468,20352040795.0
1769810744.4652271,nrm.extra.perf.PAPI_L3_TCA.25468,204013247843.0
1769810744.4652271,nrm.extra.perf.PAPI_TOT_INS.25468,66296911618852.0
1769810744.4652271,nrm.extra.perf.PAPI_TOT_CYC.25468,113583504205340.0
1769810744.4652271,nrm.extra.perf.PAPI_RES_STL.25468,55783934413202.0
1769810744.4652271,nrm.extra.perf.PAPI_L3_TCM.25468,20392438608.0
1769810745.464225,nrm.extra.perf.PAPI_L3_TCA.25468,204402277051.0
1769810745.464225,nrm.extra.perf.PAPI_TOT_INS.25468,66423622943157.0
1769810745.464225,nrm.extra.perf.PAPI_TOT_CYC.25468,113801111090749.0
1769810745.464225,nrm.extra.perf.PAPI_RES_STL.25468,55889955161996.0
1769810745.464225,nrm.extra.perf.PAPI_L3_TCM.25468,20431086916.0
1769810746.4641213,nrm.extra.perf.PAPI_L3_TCA.25468,204808353183.0
1769810746.4641213,nrm.extra.perf.PAPI_TOT_INS.25468,66554944673826.0
1769810746.4641213,nrm.extra.perf.PAPI_TOT_CYC.25468,114022840191649.0
1769810746.4641213,nrm.extra.perf.PAPI_RES_STL.25468,56000827732120.0
1769810746.4641213,nrm.extra.perf.PAPI_L3_TCM.25468,20471563658.0
1769810747.4680815,nrm.extra.perf.PAPI_L3_TCA.25468,205235454939.0
1769810747.4680815,nrm.extra.perf.PAPI_TOT_INS.25468,66693229216405.0
1769810747.4680815,nrm.extra.perf.PAPI_TOT_CYC.25468,114256301203568.0
1769810747.4680815,nrm.extra.perf.PAPI_RES_STL.25468,56116986067436.0
1769810747.4680815,nrm.extra.perf.PAPI_L3_TCM.25468,20514146216.0
1769810748.464148,nrm.extra.perf.PAPI_L3_TCA.25468,205654885920.0
1769810748.464148,nrm.extra.perf.PAPI_TOT_INS.25468,66829841065356.0
1769810748.464148,nrm.extra.perf.PAPI_TOT_CYC.25468,114490984122827.0
1769810748.464148,nrm.extra.perf.PAPI_RES_STL.25468,56231556014967.0
1769810748.464148,nrm.extra.perf.PAPI_L3_TCM.25468,20556119431.0
1769810749.468114,nrm.extra.perf.PAPI_L3_TCA.25468,206093583529.0
1769810749.468114,nrm.extra.perf.PAPI_TOT_INS.25468,66971907048695.0
1769810749.468114,nrm.extra.perf.PAPI_TOT_CYC.25468,114731254785518.0
1769810749.468114,nrm.extra.perf.PAPI_RES_STL.25468,56351050066626.0
1769810749.468114,nrm.extra.perf.PAPI_L3_TCM.25468,20599878680.0
1769810750.4640386,nrm.extra.perf.PAPI_L3_TCA.25468,206528142399.0
1769810750.4640386,nrm.extra.perf.PAPI_TOT_INS.25468,67112657252899.0
1769810750.4640386,nrm.extra.perf.PAPI_TOT_CYC.25468,114969860674222.0
1769810750.4640386,nrm.extra.perf.PAPI_RES_STL.25468,56469567669132.0
1769810750.4640386,nrm.extra.perf.PAPI_L3_TCM.25468,20643186013.0
1769810751.464089,nrm.extra.perf.PAPI_L3_TCA.25468,206908322141.0
1769810751.464089,nrm.extra.perf.PAPI_TOT_INS.25468,67238047165229.0
1769810751.464089,nrm.extra.perf.PAPI_TOT_CYC.25468,115192287580774.0
1769810751.464089,nrm.extra.perf.PAPI_RES_STL.25468,56573544546501.0
1769810751.464089,nrm.extra.perf.PAPI_L3_TCM.25468,20680981647.0
1769810752.4640973,nrm.extra.perf.PAPI_L3_TCA.25468,207344495752.0
1769810752.4640973,nrm.extra.perf.PAPI_TOT_INS.25468,67379476149054.0
1769810752.4640973,nrm.extra.perf.PAPI_TOT_CYC.25468,115431736561700.0
1769810752.4640973,nrm.extra.perf.PAPI_RES_STL.25468,56692389443634.0
1769810752.4640973,nrm.extra.perf.PAPI_L3_TCM.25468,20724177839.0
1769810753.4671128,nrm.extra.perf.PAPI_L3_TCA.25468,207782462372.0
1769810753.4671128,nrm.extra.perf.PAPI_TOT_INS.25468,67521335316717.0
1769810753.4671128,nrm.extra.perf.PAPI_TOT_CYC.25468,115672003183113.0
1769810753.4671128,nrm.extra.perf.PAPI_RES_STL.25468,56811596675888.0
1769810753.4671128,nrm.extra.perf.PAPI_L3_TCM.25468,20767781960.0
1769810754.4641106,nrm.extra.perf.PAPI_L3_TCA.25468,208215550395.0
1769810754.4641106,nrm.extra.perf.PAPI_TOT_INS.25468,67661712735379.0
1769810754.4641106,nrm.extra.perf.PAPI_TOT_CYC.25468,115911114567291.0
1769810754.4641106,nrm.extra.perf.PAPI_RES_STL.25468,56929419649519.0
1769810754.4641106,nrm.extra.perf.PAPI_L3_TCM.25468,20810707935.0
1769810755.4660604,nrm.extra.perf.PAPI_L3_TCA.25468,208658894531.0
1769810755.4660604,nrm.extra.perf.PAPI_TOT_INS.25468,67805359541685.0
1769810755.4660604,nrm.extra.perf.PAPI_TOT_CYC.25468,116155727740251.0
1769810755.4660604,nrm.extra.perf.PAPI_RES_STL.25468,57050372723413.0
1769810755.4660604,nrm.extra.perf.PAPI_L3_TCM.25468,20854982963.0
1769810756.4660513,nrm.extra.perf.PAPI_L3_TCA.25468,209113608328.0
1769810756.4660513,nrm.extra.perf.PAPI_TOT_INS.25468,67952445821057.0
1769810756.4660513,nrm.extra.perf.PAPI_TOT_CYC.25468,116403568504277.0
1769810756.4660513,nrm.extra.perf.PAPI_RES_STL.25468,57174206579392.0
1769810756.4660513,nrm.extra.perf.PAPI_L3_TCM.25468,20900064156.0
1769810757.4680765,nrm.extra.perf.PAPI_L3_TCA.25468,209552508161.0
1769810757.4680765,nrm.extra.perf.PAPI_TOT_INS.25468,68095054992589.0
1769810757.4680765,nrm.extra.perf.PAPI_TOT_CYC.25468,116647479409496.0
1769810757.4680765,nrm.extra.perf.PAPI_RES_STL.25468,57293846773535.0
1769810757.4680765,nrm.extra.perf.PAPI_L3_TCM.25468,20943656034.0
1769810758.4640682,nrm.extra.perf.PAPI_L3_TCA.25468,210002896175.0
1769810758.4640682,nrm.extra.perf.PAPI_TOT_INS.25468,68240840382126.0
1769810758.4640682,nrm.extra.perf.PAPI_TOT_CYC.25468,116894173848333.0
1769810758.4640682,nrm.extra.perf.PAPI_RES_STL.25468,57416314179310.0
1769810758.4640682,nrm.extra.perf.PAPI_L3_TCM.25468,20988145599.0
1769810759.4640663,nrm.extra.perf.PAPI_L3_TCA.25468,210458042064.0
1769810759.4640663,nrm.extra.perf.PAPI_TOT_INS.25468,68388011587925.0
1769810759.4640663,nrm.extra.perf.PAPI_TOT_CYC.25468,117142021188821.0
1769810759.4640663,nrm.extra.perf.PAPI_RES_STL.25468,57540483055913.0
1769810759.4640663,nrm.extra.perf.PAPI_L3_TCM.25468,21033324052.0
1769810760.466016,nrm.extra.perf.PAPI_L3_TCA.25468,210912028125.0
1769810760.466016,nrm.extra.perf.PAPI_TOT_INS.25468,68534832225137.0
1769810760.466016,nrm.extra.perf.PAPI_TOT_CYC.25468,117390172588638.0
1769810760.466016,nrm.extra.perf.PAPI_RES_STL.25468,57664181550940.0
1769810760.466016,nrm.extra.perf.PAPI_L3_TCM.25468,21078595501.0
1769810761.4640412,nrm.extra.perf.PAPI_L3_TCA.25468,211362685583.0
1769810761.4640412,nrm.extra.perf.PAPI_TOT_INS.25468,68680943443143.0
1769810761.4640412,nrm.extra.perf.PAPI_TOT_CYC.25468,117637401372943.0
1769810761.4640412,nrm.extra.perf.PAPI_RES_STL.25468,57786920844674.0
1769810761.4640412,nrm.extra.perf.PAPI_L3_TCM.25468,21122930882.0
1769810762.4690661,nrm.extra.perf.PAPI_L3_TCA.25468,211814620676.0
1769810762.4690661,nrm.extra.perf.PAPI_TOT_INS.25468,68827568662169.0
1769810762.4690661,nrm.extra.perf.PAPI_TOT_CYC.25468,117886628670690.0
1769810762.4690661,nrm.extra.perf.PAPI_RES_STL.25468,57910183755350.0
1769810762.4690661,nrm.extra.perf.PAPI_L3_TCM.25468,21167705828.0
1769810763.4639351,nrm.extra.perf.PAPI_L3_TCA.25468,212297992481.0
1769810763.4639351,nrm.extra.perf.PAPI_TOT_INS.25468,68984165744808.0
1769810763.4639351,nrm.extra.perf.PAPI_TOT_CYC.25468,118151825757350.0
1769810763.4639351,nrm.extra.perf.PAPI_RES_STL.25468,58042220788647.0
1769810763.4639351,nrm.extra.perf.PAPI_L3_TCM.25468,21215685447.0
1769810764.4638848,nrm.extra.perf.PAPI_L3_TCA.25468,212803613778.0
1769810764.4638848,nrm.extra.perf.PAPI_TOT_INS.25468,69147968976255.0
1769810764.4638848,nrm.extra.perf.PAPI_TOT_CYC.25468,118430761075657.0
1769810764.4638848,nrm.extra.perf.PAPI_RES_STL.25468,58180909347895.0
1769810764.4638848,nrm.extra.perf.PAPI_L3_TCM.25468,21265736626.0
1769810765.4638634,nrm.extra.perf.PAPI_L3_TCA.25468,213310610593.0
1769810765.4638634,nrm.extra.perf.PAPI_TOT_INS.25468,69312190466171.0
1769810765.4638634,nrm.extra.perf.PAPI_TOT_CYC.25468,118710000316887.0
1769810765.4638634,nrm.extra.perf.PAPI_RES_STL.25468,58319743348764.0
1769810765.4638634,nrm.extra.perf.PAPI_L3_TCM.25468,21316055306.0
1769810766.4636223,nrm.extra.perf.PAPI_L3_TCA.25468,213816263476.0
1769810766.4636223,nrm.extra.perf.PAPI_TOT_INS.25468,69476267398061.0
1769810766.4636223,nrm.extra.perf.PAPI_TOT_CYC.25468,118988699203218.0
1769810766.4636223,nrm.extra.perf.PAPI_RES_STL.25468,58458208500524.0
1769810766.4636223,nrm.extra.perf.PAPI_L3_TCM.25468,21365819294.0
1769810767.4638157,nrm.extra.perf.PAPI_L3_TCA.25468,214296528048.0
1769810767.4638157,nrm.extra.perf.PAPI_TOT_INS.25468,69632674458895.0
1769810767.4638157,nrm.extra.perf.PAPI_TOT_CYC.25468,119260639842901.0
1769810767.4638157,nrm.extra.perf.PAPI_RES_STL.25468,58589898383252.0
1769810767.4638157,nrm.extra.perf.PAPI_L3_TCM.25468,21413811399.0
1769810768.466897,nrm.extra.perf.PAPI_L3_TCA.25468,214801278255.0
1769810768.466897,nrm.extra.perf.PAPI_TOT_INS.25468,69796468801481.0
1769810768.466897,nrm.extra.perf.PAPI_TOT_CYC.25468,119540087439821.0
1769810768.466897,nrm.extra.perf.PAPI_RES_STL.25468,58728191339671.0
1769810768.466897,nrm.extra.perf.PAPI_L3_TCM.25468,21464060072.0
1769810769.4639292,nrm.extra.perf.PAPI_L3_TCA.25468,215304977289.0
1769810769.4639292,nrm.extra.perf.PAPI_TOT_INS.25468,69959567605583.0
1769810769.4639292,nrm.extra.perf.PAPI_TOT_CYC.25468,119817606653070.0
1769810769.4639292,nrm.extra.perf.PAPI_RES_STL.25468,58866139147322.0
1769810769.4639292,nrm.extra.perf.PAPI_L3_TCM.25468,21513714536.0
1769810770.4678981,nrm.extra.perf.PAPI_L3_TCA.25468,215814550305.0
1769810770.4678981,nrm.extra.perf.PAPI_TOT_INS.25468,70124423841920.0
1769810770.4678981,nrm.extra.perf.PAPI_TOT_CYC.25468,120097719767747.0
1769810770.4678981,nrm.extra.perf.PAPI_RES_STL.25468,59005876830264.0
1769810770.4678981,nrm.extra.perf.PAPI_L3_TCM.25468,21563876971.0
1769810771.464164,nrm.extra.perf.PAPI_L3_TCA.25468,216270902289.0
1769810771.464164,nrm.extra.perf.PAPI_TOT_INS.25468,70272321284893.0
1769810771.464164,nrm.extra.perf.PAPI_TOT_CYC.25468,120348613656209.0
1769810771.464164,nrm.extra.perf.PAPI_RES_STL.25468,59130334280421.0
1769810771.464164,nrm.extra.perf.PAPI_L3_TCM.25468,21608923211.0
1769810772.4641426,nrm.extra.perf.PAPI_L3_TCA.25468,216676918042.0
1769810772.4641426,nrm.extra.perf.PAPI_TOT_INS.25468,70403527279309.0
1769810772.4641426,nrm.extra.perf.PAPI_TOT_CYC.25468,120570214712453.0
1769810772.4641426,nrm.extra.perf.PAPI_RES_STL.25468,59241058044732.0
1769810772.4641426,nrm.extra.perf.PAPI_L3_TCM.25468,21649220326.0
1769810773.4691103,nrm.extra.perf.PAPI_L3_TCA.25468,217084616792.0
1769810773.4691103,nrm.extra.perf.PAPI_TOT_INS.25468,70535437000011.0
1769810773.4691103,nrm.extra.perf.PAPI_TOT_CYC.25468,120793011552261.0
1769810773.4691103,nrm.extra.perf.PAPI_RES_STL.25468,59352004249607.0
1769810773.4691103,nrm.extra.perf.PAPI_L3_TCM.25468,21689696493.0
1769810774.4641526,nrm.extra.perf.PAPI_L3_TCA.25468,217466958864.0
1769810774.4641526,nrm.extra.perf.PAPI_TOT_INS.25468,70660240858286.0
1769810774.4641526,nrm.extra.perf.PAPI_TOT_CYC.25468,121008930509030.0
1769810774.4641526,nrm.extra.perf.PAPI_RES_STL.25468,59456133309699.0
1769810774.4641526,nrm.extra.perf.PAPI_L3_TCM.25468,21727447794.0
1769810775.464186,nrm.extra.perf.PAPI_L3_TCA.25468,217870958738.0
1769810775.464186,nrm.extra.perf.PAPI_TOT_INS.25468,70791142837056.0
1769810775.464186,nrm.extra.perf.PAPI_TOT_CYC.25468,121230844035350.0
1769810775.464186,nrm.extra.perf.PAPI_RES_STL.25468,59566050057058.0
1769810775.464186,nrm.extra.perf.PAPI_L3_TCM.25468,21767542712.0
1769810776.4681687,nrm.extra.perf.PAPI_L3_TCA.25468,218279207750.0
1769810776.4681687,nrm.extra.perf.PAPI_TOT_INS.25468,70923209271592.0
1769810776.4681687,nrm.extra.perf.PAPI_TOT_CYC.25468,121453911363039.0
1769810776.4681687,nrm.extra.perf.PAPI_RES_STL.25468,59677313173181.0
1769810776.4681687,nrm.extra.perf.PAPI_L3_TCM.25468,21807989783.0
1769810777.4641488,nrm.extra.perf.PAPI_L3_TCA.25468,218684341624.0
1769810777.4641488,nrm.extra.perf.PAPI_TOT_INS.25468,71054238811232.0
1769810777.4641488,nrm.extra.perf.PAPI_TOT_CYC.25468,121675281644929.0
1769810777.4641488,nrm.extra.perf.PAPI_RES_STL.25468,59787777281028.0
1769810777.4641488,nrm.extra.perf.PAPI_L3_TCM.25468,21848213472.0
1769810778.4641666,nrm.extra.perf.PAPI_L3_TCA.25468,219082218797.0
1769810778.4641666,nrm.extra.perf.PAPI_TOT_INS.25468,71183503861851.0
1769810778.4641666,nrm.extra.perf.PAPI_TOT_CYC.25468,121895123620251.0
1769810778.4641666,nrm.extra.perf.PAPI_RES_STL.25468,59896143970864.0
1769810778.4641666,nrm.extra.perf.PAPI_L3_TCM.25468,21887602710.0
1769810779.4680734,nrm.extra.perf.PAPI_L3_TCA.25468,219515259995.0
1769810779.4680734,nrm.extra.perf.PAPI_TOT_INS.25468,71323621478434.0
1769810779.4680734,nrm.extra.perf.PAPI_TOT_CYC.25468,122132272171282.0
1769810779.4680734,nrm.extra.perf.PAPI_RES_STL.25468,60014162132039.0
1769810779.4680734,nrm.extra.perf.PAPI_L3_TCM.25468,21930703626.0
1769810780.4640708,nrm.extra.perf.PAPI_L3_TCA.25468,219949782912.0
1769810780.4640708,nrm.extra.perf.PAPI_TOT_INS.25468,71465094455470.0
1769810780.4640708,nrm.extra.perf.PAPI_TOT_CYC.25468,122375633659147.0
1769810780.4640708,nrm.extra.perf.PAPI_RES_STL.25468,60132432295051.0
1769810780.4640708,nrm.extra.perf.PAPI_L3_TCM.25468,21973833693.0
1769810781.4640696,nrm.extra.perf.PAPI_L3_TCA.25468,220401965887.0
1769810781.4640696,nrm.extra.perf.PAPI_TOT_INS.25468,71611587719953.0
1769810781.4640696,nrm.extra.perf.PAPI_TOT_CYC.25468,122623729955848.0
1769810781.4640696,nrm.extra.perf.PAPI_RES_STL.25468,60255838532072.0
1769810781.4640696,nrm.extra.perf.PAPI_L3_TCM.25468,22018271044.0
1769810782.4670398,nrm.extra.perf.PAPI_L3_TCA.25468,220856375428.0
1769810782.4670398,nrm.extra.perf.PAPI_TOT_INS.25468,71758728419993.0
1769810782.4670398,nrm.extra.perf.PAPI_TOT_CYC.25468,122872453558784.0
1769810782.4670398,nrm.extra.perf.PAPI_RES_STL.25468,60379651758967.0
1769810782.4670398,nrm.extra.perf.PAPI_L3_TCM.25468,22063296475.0
1769810783.4640777,nrm.extra.perf.PAPI_L3_TCA.25468,221307373053.0
1769810783.4640777,nrm.extra.perf.PAPI_TOT_INS.25468,71904850599889.0
1769810783.4640777,nrm.extra.perf.PAPI_TOT_CYC.25468,123119838913593.0
1769810783.4640777,nrm.extra.perf.PAPI_RES_STL.25468,60502488861942.0
1769810783.4640777,nrm.extra.perf.PAPI_L3_TCM.25468,22108005545.0
1769810784.464122,nrm.extra.perf.PAPI_L3_TCA.25468,221759323063.0
1769810784.464122,nrm.extra.perf.PAPI_TOT_INS.25468,72051438997098.0
1769810784.464122,nrm.extra.perf.PAPI_TOT_CYC.25468,123367979816046.0
1769810784.464122,nrm.extra.perf.PAPI_RES_STL.25468,60625580850313.0
1769810784.464122,nrm.extra.perf.PAPI_L3_TCM.25468,22152464421.0
1769810785.4660616,nrm.extra.perf.PAPI_L3_TCA.25468,222212864792.0
1769810785.4660616,nrm.extra.perf.PAPI_TOT_INS.25468,72198072406244.0
1769810785.4660616,nrm.extra.perf.PAPI_TOT_CYC.25468,123616431991390.0
1769810785.4660616,nrm.extra.perf.PAPI_RES_STL.25468,60749283628835.0
1769810785.4660616,nrm.extra.perf.PAPI_L3_TCM.25468,22197621555.0
1769810786.4640903,nrm.extra.perf.PAPI_L3_TCA.25468,222665161215.0
1769810786.4640903,nrm.extra.perf.PAPI_TOT_INS.25468,72344574634345.0
1769810786.4640903,nrm.extra.perf.PAPI_TOT_CYC.25468,123864023036683.0
1769810786.4640903,nrm.extra.perf.PAPI_RES_STL.25468,60872462427288.0
1769810786.4640903,nrm.extra.perf.PAPI_L3_TCM.25468,22242484414.0
1769810787.4679995,nrm.extra.perf.PAPI_L3_TCA.25468,223140254585.0
1769810787.4679995,nrm.extra.perf.PAPI_TOT_INS.25468,72498276661935.0
1769810787.4679995,nrm.extra.perf.PAPI_TOT_CYC.25468,124124055949554.0
1769810787.4679995,nrm.extra.perf.PAPI_RES_STL.25468,61001971430499.0
1769810787.4679995,nrm.extra.perf.PAPI_L3_TCM.25468,22289679860.0
1769810788.4639628,nrm.extra.perf.PAPI_L3_TCA.25468,223629702293.0
1769810788.4639628,nrm.extra.perf.PAPI_TOT_INS.25468,72656778632324.0
1769810788.4639628,nrm.extra.perf.PAPI_TOT_CYC.25468,124392160886913.0
1769810788.4639628,nrm.extra.perf.PAPI_RES_STL.25468,61135498394889.0
1769810788.4639628,nrm.extra.perf.PAPI_L3_TCM.25468,22338230150.0
1769810789.4639797,nrm.extra.perf.PAPI_L3_TCA.25468,224120995078.0
1769810789.4639797,nrm.extra.perf.PAPI_TOT_INS.25468,72815754446698.0
1769810789.4639797,nrm.extra.perf.PAPI_TOT_CYC.25468,124660935872593.0
1769810789.4639797,nrm.extra.perf.PAPI_RES_STL.25468,61269575675610.0
1769810789.4639797,nrm.extra.perf.PAPI_L3_TCM.25468,22386434302.0
1769810790.4670534,nrm.extra.perf.PAPI_L3_TCA.25468,224615070536.0
1769810790.4670534,nrm.extra.perf.PAPI_TOT_INS.25468,72975347070151.0
1769810790.4670534,nrm.extra.perf.PAPI_TOT_CYC.25468,124930492333176.0
1769810790.4670534,nrm.extra.perf.PAPI_RES_STL.25468,61404495542751.0
1769810790.4670534,nrm.extra.perf.PAPI_L3_TCM.25468,22435434025.0
1769810791.4640434,nrm.extra.perf.PAPI_L3_TCA.25468,225079064336.0
1769810791.4640434,nrm.extra.perf.PAPI_TOT_INS.25468,73126507829674.0
1769810791.4640434,nrm.extra.perf.PAPI_TOT_CYC.25468,125191083213964.0
1769810791.4640434,nrm.extra.perf.PAPI_RES_STL.25468,61531500386123.0
1769810791.4640434,nrm.extra.perf.PAPI_L3_TCM.25468,22481092148.0
1769810792.465032,nrm.extra.perf.PAPI_L3_TCA.25468,225569589898.0
1769810792.465032,nrm.extra.perf.PAPI_TOT_INS.25468,73285200925425.0
1769810792.465032,nrm.extra.perf.PAPI_TOT_CYC.25468,125460267915482.0
1769810792.465032,nrm.extra.perf.PAPI_RES_STL.25468,61665178560280.0
1769810792.465032,nrm.extra.perf.PAPI_L3_TCM.25468,22530097710.0
1769810793.466984,nrm.extra.perf.PAPI_L3_TCA.25468,226062897137.0
1769810793.466984,nrm.extra.perf.PAPI_TOT_INS.25468,73444798188247.0
1769810793.466984,nrm.extra.perf.PAPI_TOT_CYC.25468,125729634085272.0
1769810793.466984,nrm.extra.perf.PAPI_RES_STL.25468,61799572066490.0
1769810793.466984,nrm.extra.perf.PAPI_L3_TCM.25468,22578840194.0
1769810794.4639874,nrm.extra.perf.PAPI_L3_TCA.25468,226549436865.0
1769810794.4639874,nrm.extra.perf.PAPI_TOT_INS.25468,73602464967785.0
1769810794.4639874,nrm.extra.perf.PAPI_TOT_CYC.25468,125997641278148.0
1769810794.4639874,nrm.extra.perf.PAPI_RES_STL.25468,61932374754648.0
1769810794.4639874,nrm.extra.perf.PAPI_L3_TCM.25468,22626533709.0
1769810795.4660974,nrm.extra.perf.PAPI_L3_TCA.25468,227015667950.0
1769810795.4660974,nrm.extra.perf.PAPI_TOT_INS.25468,73753239956190.0
1769810795.4660974,nrm.extra.perf.PAPI_TOT_CYC.25468,126252215189948.0
1769810795.4660974,nrm.extra.perf.PAPI_RES_STL.25468,62059181869382.0
1769810795.4660974,nrm.extra.perf.PAPI_L3_TCM.25468,22672249970.0
1769810796.4681034,nrm.extra.perf.PAPI_L3_TCA.25468,227453368494.0
1769810796.4681034,nrm.extra.perf.PAPI_TOT_INS.25468,73894992182756.0
1769810796.4681034,nrm.extra.perf.PAPI_TOT_CYC.25468,126492240125400.0
1769810796.4681034,nrm.extra.perf.PAPI_RES_STL.25468,62178236754357.0
1769810796.4681034,nrm.extra.perf.PAPI_L3_TCM.25468,22715087159.0
1769810797.4641142,nrm.extra.perf.PAPI_L3_TCA.25468,227873290885.0
1769810797.4641142,nrm.extra.perf.PAPI_TOT_INS.25468,74031654682516.0
1769810797.4641142,nrm.extra.perf.PAPI_TOT_CYC.25468,126727218864554.0
1769810797.4641142,nrm.extra.perf.PAPI_RES_STL.25468,62292754686465.0
1769810797.4641142,nrm.extra.perf.PAPI_L3_TCM.25468,22756129585.0
1769810798.4640973,nrm.extra.perf.PAPI_L3_TCA.25468,228310817445.0
1769810798.4640973,nrm.extra.perf.PAPI_TOT_INS.25468,74173223286375.0
1769810798.4640973,nrm.extra.perf.PAPI_TOT_CYC.25468,126966872692513.0
1769810798.4640973,nrm.extra.perf.PAPI_RES_STL.25468,62411944781902.0
1769810798.4640973,nrm.extra.perf.PAPI_L3_TCM.25468,22799207281.0
1769810799.4681203,nrm.extra.perf.PAPI_L3_TCA.25468,228751111701.0
1769810799.4681203,nrm.extra.perf.PAPI_TOT_INS.25468,74315687839530.0
1769810799.4681203,nrm.extra.perf.PAPI_TOT_CYC.25468,127207644612724.0
1769810799.4681203,nrm.extra.perf.PAPI_RES_STL.25468,62531768306016.0
1769810799.4681203,nrm.extra.perf.PAPI_L3_TCM.25468,22842806020.0
1769810800.4640584,nrm.extra.perf.PAPI_L3_TCA.25468,229186158141.0
1769810800.4640584,nrm.extra.perf.PAPI_TOT_INS.25468,74456658195639.0
1769810800.4640584,nrm.extra.perf.PAPI_TOT_CYC.25468,127446391086426.0
1769810800.4640584,nrm.extra.perf.PAPI_RES_STL.25468,62650318210738.0
1769810800.4640584,nrm.extra.perf.PAPI_L3_TCM.25468,22885484586.0
1769810801.4641342,nrm.extra.perf.PAPI_L3_TCA.25468,229620357712.0
1769810801.4641342,nrm.extra.perf.PAPI_TOT_INS.25468,74597499688281.0
1769810801.4641342,nrm.extra.perf.PAPI_TOT_CYC.25468,127685884398308.0
1769810801.4641342,nrm.extra.perf.PAPI_RES_STL.25468,62768328330007.0
1769810801.4641342,nrm.extra.perf.PAPI_L3_TCM.25468,22928288130.0
1769810802.4641461,nrm.extra.perf.PAPI_L3_TCA.25468,230055818012.0
1769810802.4641461,nrm.extra.perf.PAPI_TOT_INS.25468,74738586700028.0
1769810802.4641461,nrm.extra.perf.PAPI_TOT_CYC.25468,127925706873533.0
1769810802.4641461,nrm.extra.perf.PAPI_RES_STL.25468,62886851358192.0
1769810802.4641461,nrm.extra.perf.PAPI_L3_TCM.25468,22971287571.0
1769810803.464035,nrm.extra.perf.PAPI_L3_TCA.25468,230523586266.0
1769810803.464035,nrm.extra.perf.PAPI_TOT_INS.25468,74890273973932.0
1769810803.464035,nrm.extra.perf.PAPI_TOT_CYC.25468,128183166231962.0
1769810803.464035,nrm.extra.perf.PAPI_RES_STL.25468,63014469823435.0
1769810803.464035,nrm.extra.perf.PAPI_L3_TCM.25468,23017102414.0
1769810804.46399,nrm.extra.perf.PAPI_L3_TCA.25468,231028543180.0
1769810804.46399,nrm.extra.perf.PAPI_TOT_INS.25468,75053442188764.0
1769810804.46399,nrm.extra.perf.PAPI_TOT_CYC.25468,128458898047629.0
1769810804.46399,nrm.extra.perf.PAPI_RES_STL.25468,63152465737994.0
1769810804.46399,nrm.extra.perf.PAPI_L3_TCM.25468,23066478945.0
1769810805.4669993,nrm.extra.perf.PAPI_L3_TCA.25468,231532345334.0
1769810805.4669993,nrm.extra.perf.PAPI_TOT_INS.25468,75216537627478.0
1769810805.4669993,nrm.extra.perf.PAPI_TOT_CYC.25468,128735356469575.0
1769810805.4669993,nrm.extra.perf.PAPI_RES_STL.25468,63290156419248.0
1769810805.4669993,nrm.extra.perf.PAPI_L3_TCM.25468,23115551065.0
1769810806.464007,nrm.extra.perf.PAPI_L3_TCA.25468,232014416058.0
1769810806.464007,nrm.extra.perf.PAPI_TOT_INS.25468,75373337660807.0
1769810806.464007,nrm.extra.perf.PAPI_TOT_CYC.25468,129004865214171.0
1769810806.464007,nrm.extra.perf.PAPI_RES_STL.25468,63421934899947.0
1769810806.464007,nrm.extra.perf.PAPI_L3_TCM.25468,23162849961.0
1769810807.4639816,nrm.extra.perf.PAPI_L3_TCA.25468,232515476402.0
1769810807.4639816,nrm.extra.perf.PAPI_TOT_INS.25468,75535479424920.0
1769810807.4639816,nrm.extra.perf.PAPI_TOT_CYC.25468,129279901799364.0
1769810807.4639816,nrm.extra.perf.PAPI_RES_STL.25468,63558755589801.0
1769810807.4639816,nrm.extra.perf.PAPI_L3_TCM.25468,23211830569.0
1769810808.4640343,nrm.extra.perf.PAPI_L3_TCA.25468,233019848810.0
1769810808.4640343,nrm.extra.perf.PAPI_TOT_INS.25468,75698703078412.0
1769810808.4640343,nrm.extra.perf.PAPI_TOT_CYC.25468,129555271938259.0
1769810808.4640343,nrm.extra.perf.PAPI_RES_STL.25468,63696625413500.0
1769810808.4640343,nrm.extra.perf.PAPI_L3_TCM.25468,23261169708.0
1769810809.4670134,nrm.extra.perf.PAPI_L3_TCA.25468,233521086996.0
1769810809.4670134,nrm.extra.perf.PAPI_TOT_INS.25468,75861067668928.0
1769810809.4670134,nrm.extra.perf.PAPI_TOT_CYC.25468,129831670523755.0
1769810809.4670134,nrm.extra.perf.PAPI_RES_STL.25468,63833592362782.0
1769810809.4670134,nrm.extra.perf.PAPI_L3_TCM.25468,23310685077.0
1769810810.4639428,nrm.extra.perf.PAPI_L3_TCA.25468,234020043464.0
1769810810.4639428,nrm.extra.perf.PAPI_TOT_INS.25468,76022478166623.0
1769810810.4639428,nrm.extra.perf.PAPI_TOT_CYC.25468,130105940012838.0
1769810810.4639428,nrm.extra.perf.PAPI_RES_STL.25468,63970077859157.0
1769810810.4639428,nrm.extra.perf.PAPI_L3_TCM.25468,23360247462.0
1769810811.4638996,nrm.extra.perf.PAPI_L3_TCA.25468,234506037851.0
1769810811.4638996,nrm.extra.perf.PAPI_TOT_INS.25468,76180476313235.0
1769810811.4638996,nrm.extra.perf.PAPI_TOT_CYC.25468,130377306791562.0
1769810811.4638996,nrm.extra.perf.PAPI_RES_STL.25468,64103127150843.0
1769810811.4638996,nrm.extra.perf.PAPI_L3_TCM.25468,23408361591.0
1769810812.4639685,nrm.extra.perf.PAPI_L3_TCA.25468,235015973209.0
1769810812.4639685,nrm.extra.perf.PAPI_TOT_INS.25468,76345494602725.0
1769810812.4639685,nrm.extra.perf.PAPI_TOT_CYC.25468,130657835591001.0
1769810812.4639685,nrm.extra.perf.PAPI_RES_STL.25468,64242768716244.0
1769810812.4639685,nrm.extra.perf.PAPI_L3_TCM.25468,23458881103.0
1769810813.4649541,nrm.extra.perf.PAPI_L3_TCA.25468,235526700795.0
1769810813.4649541,nrm.extra.perf.PAPI_TOT_INS.25468,76510822077601.0
1769810813.4649541,nrm.extra.perf.PAPI_TOT_CYC.25468,130939119897433.0
1769810813.4649541,nrm.extra.perf.PAPI_RES_STL.25468,64382807461788.0
1769810813.4649541,nrm.extra.perf.PAPI_L3_TCM.25468,23509365348.0
1769810814.4637375,nrm.extra.perf.PAPI_L3_TCA.25468,236038588913.0
1769810814.4637375,nrm.extra.perf.PAPI_TOT_INS.25468,76676631481108.0
1769810814.4637375,nrm.extra.perf.PAPI_TOT_CYC.25468,131220032727864.0
1769810814.4637375,nrm.extra.perf.PAPI_RES_STL.25468,64523069160005.0
1769810814.4637375,nrm.extra.perf.PAPI_L3_TCM.25468,23559850217.0
1769810815.4649844,nrm.extra.perf.PAPI_L3_TCA.25468,236544593714.0
1769810815.4649844,nrm.extra.perf.PAPI_TOT_INS.25468,76840653615996.0
1769810815.4649844,nrm.extra.perf.PAPI_TOT_CYC.25468,131502054918006.0
1769810815.4649844,nrm.extra.perf.PAPI_RES_STL.25468,64662122914092.0
1769810815.4649844,nrm.extra.perf.PAPI_L3_TCM.25468,23609886729.0
1769810816.4649742,nrm.extra.perf.PAPI_L3_TCA.25468,237049077801.0
1769810816.4649742,nrm.extra.perf.PAPI_TOT_INS.25468,77004302970212.0
1769810816.4649742,nrm.extra.perf.PAPI_TOT_CYC.25468,131782750557385.0
1769810816.4649742,nrm.extra.perf.PAPI_RES_STL.25468,64800421090621.0
1769810816.4649742,nrm.extra.perf.PAPI_L3_TCM.25468,23659477632.0
1769810817.4678977,nrm.extra.perf.PAPI_L3_TCA.25468,237560854511.0
1769810817.4678977,nrm.extra.perf.PAPI_TOT_INS.25468,77169838218070.0
1769810817.4678977,nrm.extra.perf.PAPI_TOT_CYC.25468,132064661975789.0
1769810817.4678977,nrm.extra.perf.PAPI_RES_STL.25468,64940848148885.0
1769810817.4678977,nrm.extra.perf.PAPI_L3_TCM.25468,23709482148.0
1769810818.4639554,nrm.extra.perf.PAPI_L3_TCA.25468,238071718628.0
1769810818.4639554,nrm.extra.perf.PAPI_TOT_INS.25468,77334958264308.0
1769810818.4639554,nrm.extra.perf.PAPI_TOT_CYC.25468,132344761708291.0
1769810818.4639554,nrm.extra.perf.PAPI_RES_STL.25468,65080844305404.0
1769810818.4639554,nrm.extra.perf.PAPI_L3_TCM.25468,23759304005.0
1769810819.4639833,nrm.extra.perf.PAPI_L3_TCA.25468,238580488248.0
1769810819.4639833,nrm.extra.perf.PAPI_TOT_INS.25468,77499515939090.0
1769810819.4639833,nrm.extra.perf.PAPI_TOT_CYC.25468,132623232665261.0
1769810819.4639833,nrm.extra.perf.PAPI_RES_STL.25468,65219972119057.0
1769810819.4639833,nrm.extra.perf.PAPI_L3_TCM.25468,23809205751.0
1769810820.4679976,nrm.extra.perf.PAPI_L3_TCA.25468,239086558366.0
1769810820.4679976,nrm.extra.perf.PAPI_TOT_INS.25468,77663079045090.0
1769810820.4679976,nrm.extra.perf.PAPI_TOT_CYC.25468,132899311946530.0
1769810820.4679976,nrm.extra.perf.PAPI_RES_STL.25468,65358359616091.0
1769810820.4679976,nrm.extra.perf.PAPI_L3_TCM.25468,23858532807.0
1769810821.463967,nrm.extra.perf.PAPI_L3_TCA.25468,239561737774.0
1769810821.463967,nrm.extra.perf.PAPI_TOT_INS.25468,77817657421800.0
1769810821.463967,nrm.extra.perf.PAPI_TOT_CYC.25468,133166772758891.0
1769810821.463967,nrm.extra.perf.PAPI_RES_STL.25468,65488656053592.0
1769810821.463967,nrm.extra.perf.PAPI_L3_TCM.25468,23905111443.0
1769810822.4668252,nrm.extra.perf.PAPI_L3_TCA.25468,239897732300.0
1769810822.4668252,nrm.extra.perf.PAPI_TOT_INS.25468,77932207782197.0
1769810822.4668252,nrm.extra.perf.PAPI_TOT_CYC.25468,133389340780918.0
1769810822.4668252,nrm.extra.perf.PAPI_RES_STL.25468,65581895287210.0
1769810822.4668252,nrm.extra.perf.PAPI_L3_TCM.25468,23937635460.0
1769810823.4637024,nrm.extra.perf.PAPI_L3_TCA.25468,240213861466.0
1769810823.4637024,nrm.extra.perf.PAPI_TOT_INS.25468,78040676022107.0
1769810823.4637024,nrm.extra.perf.PAPI_TOT_CYC.25468,133601483549067.0
1769810823.4637024,nrm.extra.perf.PAPI_RES_STL.25468,65669586218429.0
1769810823.4637024,nrm.extra.perf.PAPI_L3_TCM.25468,23968128431.0
1769810824.465965,nrm.extra.perf.PAPI_L3_TCA.25468,240681398648.0
1769810824.465965,nrm.extra.perf.PAPI_TOT_INS.25468,78193433630114.0
1769810824.465965,nrm.extra.perf.PAPI_TOT_CYC.25468,133866317676894.0
1769810824.465965,nrm.extra.perf.PAPI_RES_STL.25468,65798267446244.0
1769810824.465965,nrm.extra.perf.PAPI_L3_TCM.25468,24014000229.0
1769810825.463963,nrm.extra.perf.PAPI_L3_TCA.25468,241176390028.0
1769810825.463963,nrm.extra.perf.PAPI_TOT_INS.25468,78354024383739.0
1769810825.463963,nrm.extra.perf.PAPI_TOT_CYC.25468,134140611124574.0
1769810825.463963,nrm.extra.perf.PAPI_RES_STL.25468,65933515211467.0
1769810825.463963,nrm.extra.perf.PAPI_L3_TCM.25468,24062441828.0
1769810826.464969,nrm.extra.perf.PAPI_L3_TCA.25468,241679691304.0
1769810826.464969,nrm.extra.perf.PAPI_TOT_INS.25468,78517017680059.0
1769810826.464969,nrm.extra.perf.PAPI_TOT_CYC.25468,134415844228983.0
1769810826.464969,nrm.extra.perf.PAPI_RES_STL.25468,66070992685204.0
1769810826.464969,nrm.extra.perf.PAPI_L3_TCM.25468,24111138916.0
1769810827.463956,nrm.extra.perf.PAPI_L3_TCA.25468,242162833893.0
1769810827.463956,nrm.extra.perf.PAPI_TOT_INS.25468,78673506024100.0
1769810827.463956,nrm.extra.perf.PAPI_TOT_CYC.25468,134680812709866.0
1769810827.463956,nrm.extra.perf.PAPI_RES_STL.25468,66202863948340.0
1769810827.463956,nrm.extra.perf.PAPI_L3_TCM.25468,24158503103.0
1769810828.4670725,nrm.extra.perf.PAPI_L3_TCA.25468,242625280766.0
1769810828.4670725,nrm.extra.perf.PAPI_TOT_INS.25468,78823264129653.0
1769810828.4670725,nrm.extra.perf.PAPI_TOT_CYC.25468,134935102168506.0
1769810828.4670725,nrm.extra.perf.PAPI_RES_STL.25468,66328897003025.0
1769810828.4670725,nrm.extra.perf.PAPI_L3_TCM.25468,24204302777.0
1769810829.4640148,nrm.extra.perf.PAPI_L3_TCA.25468,243086332116.0
1769810829.4640148,nrm.extra.perf.PAPI_TOT_INS.25468,78972635623411.0
1769810829.4640148,nrm.extra.perf.PAPI_TOT_CYC.25468,135187967400707.0
1769810829.4640148,nrm.extra.perf.PAPI_RES_STL.25468,66454566327478.0
1769810829.4640148,nrm.extra.perf.PAPI_L3_TCM.25468,24249531014.0
1769810830.4640636,nrm.extra.perf.PAPI_L3_TCA.25468,243547075286.0
1769810830.4640636,nrm.extra.perf.PAPI_TOT_INS.25468,79121870079307.0
1769810830.4640636,nrm.extra.perf.PAPI_TOT_CYC.25468,135441445441631.0
1769810830.4640636,nrm.extra.perf.PAPI_RES_STL.25468,66580257715347.0
1769810830.4640636,nrm.extra.perf.PAPI_L3_TCM.25468,24294917294.0
1769810831.4650834,nrm.extra.perf.PAPI_L3_TCA.25468,244003190714.0
1769810831.4650834,nrm.extra.perf.PAPI_TOT_INS.25468,79270246653016.0
1769810831.4650834,nrm.extra.perf.PAPI_TOT_CYC.25468,135695177784781.0
1769810831.4650834,nrm.extra.perf.PAPI_RES_STL.25468,66704488713228.0
1769810831.4650834,nrm.extra.perf.PAPI_L3_TCM.25468,24339511446.0
1769810832.4660566,nrm.extra.perf.PAPI_L3_TCA.25468,244455298925.0
1769810832.4660566,nrm.extra.perf.PAPI_TOT_INS.25468,79416939463989.0
1769810832.4660566,nrm.extra.perf.PAPI_TOT_CYC.25468,135945066669661.0
1769810832.4660566,nrm.extra.perf.PAPI_RES_STL.25468,66827871691619.0
1769810832.4660566,nrm.extra.perf.PAPI_L3_TCM.25468,24383641325.0
1769810833.4640439,nrm.extra.perf.PAPI_L3_TCA.25468,244915430424.0
1769810833.4640439,nrm.extra.perf.PAPI_TOT_INS.25468,79565899124612.0
1769810833.4640439,nrm.extra.perf.PAPI_TOT_CYC.25468,136197700085800.0
1769810833.4640439,nrm.extra.perf.PAPI_RES_STL.25468,66953208100314.0
1769810833.4640439,nrm.extra.perf.PAPI_L3_TCM.25468,24429181276.0
1769810834.4680412,nrm.extra.perf.PAPI_L3_TCA.25468,245379174977.0
1769810834.4680412,nrm.extra.perf.PAPI_TOT_INS.25468,79716209451425.0
1769810834.4680412,nrm.extra.perf.PAPI_TOT_CYC.25468,136452170169831.0
1769810834.4680412,nrm.extra.perf.PAPI_RES_STL.25468,67079620849896.0
1769810834.4680412,nrm.extra.perf.PAPI_L3_TCM.25468,24474478694.0
1769810835.464265,nrm.extra.perf.PAPI_L3_TCA.25468,245802766824.0
1769810835.464265,nrm.extra.perf.PAPI_TOT_INS.25468,79853384366850.0
1769810835.464265,nrm.extra.perf.PAPI_TOT_CYC.25468,136685729380844.0
1769810835.464265,nrm.extra.perf.PAPI_RES_STL.25468,67195103675215.0
1769810835.464265,nrm.extra.perf.PAPI_L3_TCM.25468,24516336260.0
1769810836.4642155,nrm.extra.perf.PAPI_L3_TCA.25468,246185525867.0
1769810836.4642155,nrm.extra.perf.PAPI_TOT_INS.25468,79977445359902.0
1769810836.4642155,nrm.extra.perf.PAPI_TOT_CYC.25468,136896101935070.0
1769810836.4642155,nrm.extra.perf.PAPI_RES_STL.25468,67299363182422.0
1769810836.4642155,nrm.extra.perf.PAPI_L3_TCM.25468,24553840969.0
1769810837.4642892,nrm.extra.perf.PAPI_L3_TCA.25468,246564191164.0
1769810837.4642892,nrm.extra.perf.PAPI_TOT_INS.25468,80100505982112.0
1769810837.4642892,nrm.extra.perf.PAPI_TOT_CYC.25468,137106951718963.0
1769810837.4642892,nrm.extra.perf.PAPI_RES_STL.25468,67402466776166.0
1769810837.4642892,nrm.extra.perf.PAPI_L3_TCM.25468,24591246729.0
1769810838.4692492,nrm.extra.perf.PAPI_L3_TCA.25468,246951605682.0
1769810838.4692492,nrm.extra.perf.PAPI_TOT_INS.25468,80225955820541.0
1769810838.4692492,nrm.extra.perf.PAPI_TOT_CYC.25468,137319142900761.0
1769810838.4692492,nrm.extra.perf.PAPI_RES_STL.25468,67507922585467.0
1769810838.4692492,nrm.extra.perf.PAPI_L3_TCM.25468,24629408170.0
1769810839.4640949,nrm.extra.perf.PAPI_L3_TCA.25468,247334955890.0
1769810839.4640949,nrm.extra.perf.PAPI_TOT_INS.25468,80349895665289.0
1769810839.4640949,nrm.extra.perf.PAPI_TOT_CYC.25468,137529205055830.0
1769810839.4640949,nrm.extra.perf.PAPI_RES_STL.25468,67612439435599.0
1769810839.4640949,nrm.extra.perf.PAPI_L3_TCM.25468,24667507163.0
1769810840.4642026,nrm.extra.perf.PAPI_L3_TCA.25468,247718553423.0
1769810840.4642026,nrm.extra.perf.PAPI_TOT_INS.25468,80474274859019.0
1769810840.4642026,nrm.extra.perf.PAPI_TOT_CYC.25468,137740220296266.0
1769810840.4642026,nrm.extra.perf.PAPI_RES_STL.25468,67716828985292.0
1769810840.4642026,nrm.extra.perf.PAPI_L3_TCM.25468,24705614293.0
1769810841.4682114,nrm.extra.perf.PAPI_L3_TCA.25468,248100063453.0
1769810841.4682114,nrm.extra.perf.PAPI_TOT_INS.25468,80598005154773.0
1769810841.4682114,nrm.extra.perf.PAPI_TOT_CYC.25468,137950374710828.0
1769810841.4682114,nrm.extra.perf.PAPI_RES_STL.25468,67820672489865.0
1769810841.4682114,nrm.extra.perf.PAPI_L3_TCM.25468,24743320897.0
1769810842.46425,nrm.extra.perf.PAPI_L3_TCA.25468,248481146223.0
1769810842.46425,nrm.extra.perf.PAPI_TOT_INS.25468,80721608733245.0
1769810842.46425,nrm.extra.perf.PAPI_TOT_CYC.25468,138160922859362.0
1769810842.46425,nrm.extra.perf.PAPI_RES_STL.25468,67924598991914.0
1769810842.46425,nrm.extra.perf.PAPI_L3_TCM.25468,24781087997.0
1769810843.465879,nrm.extra.perf.PAPI_L3_TCA.25468,248916301105.0
1769810843.465879,nrm.extra.perf.PAPI_TOT_INS.25468,80862612540642.0
1769810843.465879,nrm.extra.perf.PAPI_TOT_CYC.25468,138400984488499.0
1769810843.465879,nrm.extra.perf.PAPI_RES_STL.25468,68043465210830.0
1769810843.465879,nrm.extra.perf.PAPI_L3_TCM.25468,24823962427.0
1769810844.4638813,nrm.extra.perf.PAPI_L3_TCA.25468,249407486140.0
1769810844.4638813,nrm.extra.perf.PAPI_TOT_INS.25468,81022798433143.0
1769810844.4638813,nrm.extra.perf.PAPI_TOT_CYC.25468,138678884376160.0
1769810844.4638813,nrm.extra.perf.PAPI_RES_STL.25468,68177862478740.0
1769810844.4638813,nrm.extra.perf.PAPI_L3_TCM.25468,24872761159.0
1769810845.4679031,nrm.extra.perf.PAPI_L3_TCA.25468,249884227929.0
1769810845.4679031,nrm.extra.perf.PAPI_TOT_INS.25468,81177952265351.0
1769810845.4679031,nrm.extra.perf.PAPI_TOT_CYC.25468,138946827951918.0
1769810845.4679031,nrm.extra.perf.PAPI_RES_STL.25468,68308589306230.0
1769810845.4679031,nrm.extra.perf.PAPI_L3_TCM.25468,24919409614.0
1769810846.4638956,nrm.extra.perf.PAPI_L3_TCA.25468,250388000318.0
1769810846.4638956,nrm.extra.perf.PAPI_TOT_INS.25468,81341120749334.0
1769810846.4638956,nrm.extra.perf.PAPI_TOT_CYC.25468,139224299904759.0
1769810846.4638956,nrm.extra.perf.PAPI_RES_STL.25468,68446513915145.0
1769810846.4638956,nrm.extra.perf.PAPI_L3_TCM.25468,24968697573.0
1769810847.4635088,nrm.extra.perf.PAPI_L3_TCA.25468,250894152595.0
1769810847.4635088,nrm.extra.perf.PAPI_TOT_INS.25468,81505269425165.0
1769810847.4635088,nrm.extra.perf.PAPI_TOT_CYC.25468,139503026581699.0
1769810847.4635088,nrm.extra.perf.PAPI_RES_STL.25468,68585219006652.0
1769810847.4635088,nrm.extra.perf.PAPI_L3_TCM.25468,25018007928.0
1769810848.4639316,nrm.extra.perf.PAPI_L3_TCA.25468,251397700735.0
1769810848.4639316,nrm.extra.perf.PAPI_TOT_INS.25468,81668343882271.0
1769810848.4639316,nrm.extra.perf.PAPI_TOT_CYC.25468,139781276241308.0
1769810848.4639316,nrm.extra.perf.PAPI_RES_STL.25468,68723440318111.0
1769810848.4639316,nrm.extra.perf.PAPI_L3_TCM.25468,25067358233.0
1769810849.466886,nrm.extra.perf.PAPI_L3_TCA.25468,251904441789.0
1769810849.466886,nrm.extra.perf.PAPI_TOT_INS.25468,81832497446637.0
1769810849.466886,nrm.extra.perf.PAPI_TOT_CYC.25468,140060512055018.0
1769810849.466886,nrm.extra.perf.PAPI_RES_STL.25468,68862120578173.0
1769810849.466886,nrm.extra.perf.PAPI_L3_TCM.25468,25117168535.0
1769810850.4638896,nrm.extra.perf.PAPI_L3_TCA.25468,252409792927.0
1769810850.4638896,nrm.extra.perf.PAPI_TOT_INS.25468,81996067931110.0
1769810850.4638896,nrm.extra.perf.PAPI_TOT_CYC.25468,140338404561919.0
1769810850.4638896,nrm.extra.perf.PAPI_RES_STL.25468,69000663936833.0
1769810850.4638896,nrm.extra.perf.PAPI_L3_TCM.25468,25166545723.0
1769810851.4678733,nrm.extra.perf.PAPI_L3_TCA.25468,252918954764.0
1769810851.4678733,nrm.extra.perf.PAPI_TOT_INS.25468,82160923419654.0
1769810851.4678733,nrm.extra.perf.PAPI_TOT_CYC.25468,140618346160679.0
1769810851.4678733,nrm.extra.perf.PAPI_RES_STL.25468,69140061649481.0
1769810851.4678733,nrm.extra.perf.PAPI_L3_TCM.25468,25216663432.0
1769810852.4640276,nrm.extra.perf.PAPI_L3_TCA.25468,253410785392.0
1769810852.4640276,nrm.extra.perf.PAPI_TOT_INS.25468,82320206645300.0
1769810852.4640276,nrm.extra.perf.PAPI_TOT_CYC.25468,140888108331808.0
1769810852.4640276,nrm.extra.perf.PAPI_RES_STL.25468,69274276910223.0
1769810852.4640276,nrm.extra.perf.PAPI_L3_TCM.25468,25264855872.0
1769810853.4639874,nrm.extra.perf.PAPI_L3_TCA.25468,253900477539.0
1769810853.4639874,nrm.extra.perf.PAPI_TOT_INS.25468,82478682901384.0
1769810853.4639874,nrm.extra.perf.PAPI_TOT_CYC.25468,141156142934584.0
1769810853.4639874,nrm.extra.perf.PAPI_RES_STL.25468,69407962494688.0
1769810853.4639874,nrm.extra.perf.PAPI_L3_TCM.25468,25312870335.0
1769810854.4680407,nrm.extra.perf.PAPI_L3_TCA.25468,254394489166.0
1769810854.4680407,nrm.extra.perf.PAPI_TOT_INS.25468,82638377168044.0
1769810854.4680407,nrm.extra.perf.PAPI_TOT_CYC.25468,141425604530637.0
1769810854.4680407,nrm.extra.perf.PAPI_RES_STL.25468,69542380832121.0
1769810854.4680407,nrm.extra.perf.PAPI_L3_TCM.25468,25361396566.0
1769810855.4640193,nrm.extra.perf.PAPI_L3_TCA.25468,254881497918.0
1769810855.4640193,nrm.extra.perf.PAPI_TOT_INS.25468,82796105294032.0
1769810855.4640193,nrm.extra.perf.PAPI_TOT_CYC.25468,141692979167852.0
1769810855.4640193,nrm.extra.perf.PAPI_RES_STL.25468,69675286498584.0
1769810855.4640193,nrm.extra.perf.PAPI_L3_TCM.25468,25409153492.0
1769810856.465964,nrm.extra.perf.PAPI_L3_TCA.25468,255373566573.0
1769810856.465964,nrm.extra.perf.PAPI_TOT_INS.25468,82955338756774.0
1769810856.465964,nrm.extra.perf.PAPI_TOT_CYC.25468,141961736620831.0
1769810856.465964,nrm.extra.perf.PAPI_RES_STL.25468,69809433186976.0
1769810856.465964,nrm.extra.perf.PAPI_L3_TCM.25468,25457225408.0
1769810857.4639623,nrm.extra.perf.PAPI_L3_TCA.25468,255860725059.0
1769810857.4639623,nrm.extra.perf.PAPI_TOT_INS.25468,83113010553597.0
1769810857.4639623,nrm.extra.perf.PAPI_TOT_CYC.25468,142229393495195.0
1769810857.4639623,nrm.extra.perf.PAPI_RES_STL.25468,69942086762720.0
1769810857.4639623,nrm.extra.perf.PAPI_L3_TCM.25468,25505235159.0
1769810858.468059,nrm.extra.perf.PAPI_L3_TCA.25468,256333489845.0
1769810858.468059,nrm.extra.perf.PAPI_TOT_INS.25468,83267071717352.0
1769810858.468059,nrm.extra.perf.PAPI_TOT_CYC.25468,142494017583407.0
1769810858.468059,nrm.extra.perf.PAPI_RES_STL.25468,70071172465643.0
1769810858.468059,nrm.extra.perf.PAPI_L3_TCM.25468,25551510108.0
1769810859.4640923,nrm.extra.perf.PAPI_L3_TCA.25468,256800704201.0
1769810859.4640923,nrm.extra.perf.PAPI_TOT_INS.25468,83418240137912.0
1769810859.4640923,nrm.extra.perf.PAPI_TOT_CYC.25468,142749792723807.0
1769810859.4640923,nrm.extra.perf.PAPI_RES_STL.25468,70198740655056.0
1769810859.4640923,nrm.extra.perf.PAPI_L3_TCM.25468,25597840699.0
1769810860.4641345,nrm.extra.perf.PAPI_L3_TCA.25468,257238496010.0
1769810860.4641345,nrm.extra.perf.PAPI_TOT_INS.25468,83559913558093.0
1769810860.4641345,nrm.extra.perf.PAPI_TOT_CYC.25468,142988974708904.0
1769810860.4641345,nrm.extra.perf.PAPI_RES_STL.25468,70317882024797.0
1769810860.4641345,nrm.extra.perf.PAPI_L3_TCM.25468,25641086570.0
1769810861.4690676,nrm.extra.perf.PAPI_L3_TCA.25468,257678687026.0
1769810861.4690676,nrm.extra.perf.PAPI_TOT_INS.25468,83702257016637.0
1769810861.4690676,nrm.extra.perf.PAPI_TOT_CYC.25468,143229405508750.0
1769810861.4690676,nrm.extra.perf.PAPI_RES_STL.25468,70438134013115.0
1769810861.4690676,nrm.extra.perf.PAPI_L3_TCM.25468,25684302533.0
1769810862.4640598,nrm.extra.perf.PAPI_L3_TCA.25468,258115499118.0
1769810862.4640598,nrm.extra.perf.PAPI_TOT_INS.25468,83843734248824.0
1769810862.4640598,nrm.extra.perf.PAPI_TOT_CYC.25468,143467371204645.0
1769810862.4640598,nrm.extra.perf.PAPI_RES_STL.25468,70557137460208.0
1769810862.4640598,nrm.extra.perf.PAPI_L3_TCM.25468,25727006409.0
1769810863.464055,nrm.extra.perf.PAPI_L3_TCA.25468,258554992636.0
1769810863.464055,nrm.extra.perf.PAPI_TOT_INS.25468,83985843675830.0
1769810863.464055,nrm.extra.perf.PAPI_TOT_CYC.25468,143706725987697.0
1769810863.464055,nrm.extra.perf.PAPI_RES_STL.25468,70676979197261.0
1769810863.464055,nrm.extra.perf.PAPI_L3_TCM.25468,25770182549.0
1769810864.4680452,nrm.extra.perf.PAPI_L3_TCA.25468,258991873212.0
1769810864.4680452,nrm.extra.perf.PAPI_TOT_INS.25468,84127468865199.0
1769810864.4680452,nrm.extra.perf.PAPI_TOT_CYC.25468,143947228288424.0
1769810864.4680452,nrm.extra.perf.PAPI_RES_STL.25468,70796261359381.0
1769810864.4680452,nrm.extra.perf.PAPI_L3_TCM.25468,25813035846.0
1769810865.4640615,nrm.extra.perf.PAPI_L3_TCA.25468,259426824358.0
1769810865.4640615,nrm.extra.perf.PAPI_TOT_INS.25468,84268269849702.0
1769810865.4640615,nrm.extra.perf.PAPI_TOT_CYC.25468,144185649641926.0
1769810865.4640615,nrm.extra.perf.PAPI_RES_STL.25468,70914899012901.0
1769810865.4640615,nrm.extra.perf.PAPI_L3_TCM.25468,25855567708.0
1769810866.4637353,nrm.extra.perf.PAPI_L3_TCA.25468,259862972716.0
1769810866.4637353,nrm.extra.perf.PAPI_TOT_INS.25468,84409825857775.0
1769810866.4637353,nrm.extra.perf.PAPI_TOT_CYC.25468,144424865823419.0
1769810866.4637353,nrm.extra.perf.PAPI_RES_STL.25468,71033644956053.0
1769810866.4637353,nrm.extra.perf.PAPI_L3_TCM.25468,25898629143.0
1769810867.467122,nrm.extra.perf.PAPI_L3_TCA.25468,260294718594.0
1769810867.467122,nrm.extra.perf.PAPI_TOT_INS.25468,84549495883692.0
1769810867.467122,nrm.extra.perf.PAPI_TOT_CYC.25468,144661818955152.0
1769810867.467122,nrm.extra.perf.PAPI_RES_STL.25468,71151559347902.0
1769810867.467122,nrm.extra.perf.PAPI_L3_TCM.25468,25942245246.0
1769810868.4641113,nrm.extra.perf.PAPI_L3_TCA.25468,260717586575.0
1769810868.4641113,nrm.extra.perf.PAPI_TOT_INS.25468,84686404993843.0
1769810868.4641113,nrm.extra.perf.PAPI_TOT_CYC.25468,144892655683404.0
1769810868.4641113,nrm.extra.perf.PAPI_RES_STL.25468,71266757855208.0
1769810868.4641113,nrm.extra.perf.PAPI_L3_TCM.25468,25984275919.0
1769810869.4680953,nrm.extra.perf.PAPI_L3_TCA.25468,261144084062.0
1769810869.4680953,nrm.extra.perf.PAPI_TOT_INS.25468,84824225392367.0
1769810869.4680953,nrm.extra.perf.PAPI_TOT_CYC.25468,145125057640807.0
1769810869.4680953,nrm.extra.perf.PAPI_RES_STL.25468,71383072049796.0
1769810869.4680953,nrm.extra.perf.PAPI_L3_TCM.25468,26026802419.0
1769810870.4640915,nrm.extra.perf.PAPI_L3_TCA.25468,261515992201.0
1769810870.4640915,nrm.extra.perf.PAPI_TOT_INS.25468,84946720933914.0
1769810870.4640915,nrm.extra.perf.PAPI_TOT_CYC.25468,145342189084179.0
1769810870.4640915,nrm.extra.perf.PAPI_RES_STL.25468,71484685713502.0
1769810870.4640915,nrm.extra.perf.PAPI_L3_TCM.25468,26063685602.0
1769810871.4640799,nrm.extra.perf.PAPI_L3_TCA.25468,261937972088.0
1769810871.4640799,nrm.extra.perf.PAPI_TOT_INS.25468,85083302876174.0
1769810871.4640799,nrm.extra.perf.PAPI_TOT_CYC.25468,145573677604283.0
1769810871.4640799,nrm.extra.perf.PAPI_RES_STL.25468,71599893324099.0
1769810871.4640799,nrm.extra.perf.PAPI_L3_TCM.25468,26105291304.0
1769810872.464085,nrm.extra.perf.PAPI_L3_TCA.25468,262360479285.0
1769810872.464085,nrm.extra.perf.PAPI_TOT_INS.25468,85220165286915.0
1769810872.464085,nrm.extra.perf.PAPI_TOT_CYC.25468,145805216008435.0
1769810872.464085,nrm.extra.perf.PAPI_RES_STL.25468,71714728988577.0
1769810872.464085,nrm.extra.perf.PAPI_L3_TCM.25468,26147000417.0
1769810873.4641168,nrm.extra.perf.PAPI_L3_TCA.25468,262781992796.0
1769810873.4641168,nrm.extra.perf.PAPI_TOT_INS.25468,85356654338006.0
1769810873.4641168,nrm.extra.perf.PAPI_TOT_CYC.25468,146036937316331.0
1769810873.4641168,nrm.extra.perf.PAPI_RES_STL.25468,71829719864155.0
1769810873.4641168,nrm.extra.perf.PAPI_L3_TCM.25468,26189336271.0
1769810874.4640527,nrm.extra.perf.PAPI_L3_TCA.25468,263184893650.0
1769810874.4640527,nrm.extra.perf.PAPI_TOT_INS.25468,85488074877226.0
1769810874.4640527,nrm.extra.perf.PAPI_TOT_CYC.25468,146264600930994.0
1769810874.4640527,nrm.extra.perf.PAPI_RES_STL.25468,71939644275461.0
1769810874.4640527,nrm.extra.perf.PAPI_L3_TCM.25468,26229726700.0
1769810875.4641032,nrm.extra.perf.PAPI_L3_TCA.25468,263602959120.0
1769810875.4641032,nrm.extra.perf.PAPI_TOT_INS.25468,85623264426409.0
1769810875.4641032,nrm.extra.perf.PAPI_TOT_CYC.25468,146492926146649.0
1769810875.4641032,nrm.extra.perf.PAPI_RES_STL.25468,72053651169837.0
1769810875.4641032,nrm.extra.perf.PAPI_L3_TCM.25468,26271496649.0
1769810876.4641016,nrm.extra.perf.PAPI_L3_TCA.25468,264010639520.0
1769810876.4641016,nrm.extra.perf.PAPI_TOT_INS.25468,85755056937387.0
1769810876.4641016,nrm.extra.perf.PAPI_TOT_CYC.25468,146715127253996.0
1769810876.4641016,nrm.extra.perf.PAPI_RES_STL.25468,72164659646899.0
1769810876.4641016,nrm.extra.perf.PAPI_L3_TCM.25468,26312277809.0
1769810877.464068,nrm.extra.perf.PAPI_L3_TCA.25468,264417907263.0
1769810877.464068,nrm.extra.perf.PAPI_TOT_INS.25468,85886808375606.0
1769810877.464068,nrm.extra.perf.PAPI_TOT_CYC.25468,146937503277194.0
1769810877.464068,nrm.extra.perf.PAPI_RES_STL.25468,72275441225145.0
1769810877.464068,nrm.extra.perf.PAPI_L3_TCM.25468,26352825065.0
1769810878.4641643,nrm.extra.perf.PAPI_L3_TCA.25468,264825684692.0
1769810878.4641643,nrm.extra.perf.PAPI_TOT_INS.25468,86018870034822.0
1769810878.4641643,nrm.extra.perf.PAPI_TOT_CYC.25468,147159917818821.0
1769810878.4641643,nrm.extra.perf.PAPI_RES_STL.25468,72386571897514.0
1769810878.4641643,nrm.extra.perf.PAPI_L3_TCM.25468,26393583169.0
1769810879.4641373,nrm.extra.perf.PAPI_L3_TCA.25468,265166893821.0
1769810879.4641373,nrm.extra.perf.PAPI_TOT_INS.25468,86132026922429.0
1769810879.4641373,nrm.extra.perf.PAPI_TOT_CYC.25468,147364483063553.0
1769810879.4641373,nrm.extra.perf.PAPI_RES_STL.25468,72480076192092.0
1769810879.4641373,nrm.extra.perf.PAPI_L3_TCM.25468,26427347407.0
1769810880.46611,nrm.extra.perf.PAPI_L3_TCA.25468,265455455427.0
1769810880.46611,nrm.extra.perf.PAPI_TOT_INS.25468,86229767090601.0
1769810880.46611,nrm.extra.perf.PAPI_TOT_CYC.25468,147551325381928.0
1769810880.46611,nrm.extra.perf.PAPI_RES_STL.25468,72559952195362.0
1769810880.46611,nrm.extra.perf.PAPI_L3_TCM.25468,26456442816.0
1769810881.4636364,nrm.extra.perf.PAPI_L3_TCA.25468,265781544530.0
1769810881.4636364,nrm.extra.perf.PAPI_TOT_INS.25468,86338397464754.0
1769810881.4636364,nrm.extra.perf.PAPI_TOT_CYC.25468,147747717248214.0
1769810881.4636364,nrm.extra.perf.PAPI_RES_STL.25468,72649423167556.0
1769810881.4636364,nrm.extra.perf.PAPI_L3_TCM.25468,26488465549.0
1769810882.4672034,nrm.extra.perf.PAPI_L3_TCA.25468,266108595138.0
1769810882.4672034,nrm.extra.perf.PAPI_TOT_INS.25468,86447271694741.0
1769810882.4672034,nrm.extra.perf.PAPI_TOT_CYC.25468,147946465553943.0
1769810882.4672034,nrm.extra.perf.PAPI_RES_STL.25468,72739490599210.0
1769810882.4672034,nrm.extra.perf.PAPI_L3_TCM.25468,26520519773.0
1769810883.4639363,nrm.extra.perf.PAPI_L3_TCA.25468,266545931225.0
1769810883.4639363,nrm.extra.perf.PAPI_TOT_INS.25468,86589013921310.0
1769810883.4639363,nrm.extra.perf.PAPI_TOT_CYC.25468,148187128674143.0
1769810883.4639363,nrm.extra.perf.PAPI_RES_STL.25468,72858801497065.0
1769810883.4639363,nrm.extra.perf.PAPI_L3_TCM.25468,26563665785.0
1769810884.4638784,nrm.extra.perf.PAPI_L3_TCA.25468,267053258860.0
1769810884.4638784,nrm.extra.perf.PAPI_TOT_INS.25468,86753341876315.0
1769810884.4638784,nrm.extra.perf.PAPI_TOT_CYC.25468,148466565377504.0
1769810884.4638784,nrm.extra.perf.PAPI_RES_STL.25468,72997835604873.0
1769810884.4638784,nrm.extra.perf.PAPI_L3_TCM.25468,26613749374.0
1769810885.4679675,nrm.extra.perf.PAPI_L3_TCA.25468,267563310277.0
1769810885.4679675,nrm.extra.perf.PAPI_TOT_INS.25468,86918498912762.0
1769810885.4679675,nrm.extra.perf.PAPI_TOT_CYC.25468,148747208575588.0
1769810885.4679675,nrm.extra.perf.PAPI_RES_STL.25468,73137684988267.0
1769810885.4679675,nrm.extra.perf.PAPI_L3_TCM.25468,26664272098.0
1769810886.463961,nrm.extra.perf.PAPI_L3_TCA.25468,268067784231.0
1769810886.463961,nrm.extra.perf.PAPI_TOT_INS.25468,87082069779149.0
1769810886.463961,nrm.extra.perf.PAPI_TOT_CYC.25468,149025158227124.0
1769810886.463961,nrm.extra.perf.PAPI_RES_STL.25468,73275994047911.0
1769810886.463961,nrm.extra.perf.PAPI_L3_TCM.25468,26713937148.0
1769810887.463898,nrm.extra.perf.PAPI_L3_TCA.25468,268576925592.0
1769810887.463898,nrm.extra.perf.PAPI_TOT_INS.25468,87246765683549.0
1769810887.463898,nrm.extra.perf.PAPI_TOT_CYC.25468,149304571359426.0
1769810887.463898,nrm.extra.perf.PAPI_RES_STL.25468,73415414013931.0
1769810887.463898,nrm.extra.perf.PAPI_L3_TCM.25468,26764544018.0
1769810888.467873,nrm.extra.perf.PAPI_L3_TCA.25468,269087124997.0
1769810888.467873,nrm.extra.perf.PAPI_TOT_INS.25468,87411900509761.0
1769810888.467873,nrm.extra.perf.PAPI_TOT_CYC.25468,149584429897915.0
1769810888.467873,nrm.extra.perf.PAPI_RES_STL.25468,73555086731446.0
1769810888.467873,nrm.extra.perf.PAPI_L3_TCM.25468,26815104932.0
1769810889.463919,nrm.extra.perf.PAPI_L3_TCA.25468,269592206524.0
1769810889.463919,nrm.extra.perf.PAPI_TOT_INS.25468,87575379949510.0
1769810889.463919,nrm.extra.perf.PAPI_TOT_CYC.25468,149862108691907.0
1769810889.463919,nrm.extra.perf.PAPI_RES_STL.25468,73693608399859.0
1769810889.463919,nrm.extra.perf.PAPI_L3_TCM.25468,26865321278.0
1769810890.4638903,nrm.extra.perf.PAPI_L3_TCA.25468,270099246457.0
1769810890.4638903,nrm.extra.perf.PAPI_TOT_INS.25468,87739497578902.0
1769810890.4638903,nrm.extra.perf.PAPI_TOT_CYC.25468,150140612625810.0
1769810890.4638903,nrm.extra.perf.PAPI_RES_STL.25468,73832509251504.0
1769810890.4638903,nrm.extra.perf.PAPI_L3_TCM.25468,26915598990.0
1769810891.4652517,nrm.extra.perf.PAPI_L3_TCA.25468,270577725103.0
1769810891.4652517,nrm.extra.perf.PAPI_TOT_INS.25468,87894437037717.0
1769810891.4652517,nrm.extra.perf.PAPI_TOT_CYC.25468,150403335648848.0
1769810891.4652517,nrm.extra.perf.PAPI_RES_STL.25468,73963295182479.0
1769810891.4652517,nrm.extra.perf.PAPI_L3_TCM.25468,26963371488.0
1769810892.4662142,nrm.extra.perf.PAPI_L3_TCA.25468,270962173857.0
1769810892.4662142,nrm.extra.perf.PAPI_TOT_INS.25468,88018915085112.0
1769810892.4662142,nrm.extra.perf.PAPI_TOT_CYC.25468,150613858201085.0
1769810892.4662142,nrm.extra.perf.PAPI_RES_STL.25468,74068209601639.0
1769810892.4662142,nrm.extra.perf.PAPI_L3_TCM.25468,27001672214.0
1769810893.4641984,nrm.extra.perf.PAPI_L3_TCA.25468,271347659289.0
1769810893.4641984,nrm.extra.perf.PAPI_TOT_INS.25468,88143666746368.0
1769810893.4641984,nrm.extra.perf.PAPI_TOT_CYC.25468,150824569384813.0
1769810893.4641984,nrm.extra.perf.PAPI_RES_STL.25468,74173270794956.0
1769810893.4641984,nrm.extra.perf.PAPI_L3_TCM.25468,27040047077.0
1769810894.4642475,nrm.extra.perf.PAPI_L3_TCA.25468,271733081659.0
1769810894.4642475,nrm.extra.perf.PAPI_TOT_INS.25468,88268542290661.0
1769810894.4642475,nrm.extra.perf.PAPI_TOT_CYC.25468,151035632464275.0
1769810894.4642475,nrm.extra.perf.PAPI_RES_STL.25468,74278218253506.0
1769810894.4642475,nrm.extra.perf.PAPI_L3_TCM.25468,27078513849.0
1769810895.468254,nrm.extra.perf.PAPI_L3_TCA.25468,272120765559.0
1769810895.468254,nrm.extra.perf.PAPI_TOT_INS.25468,88394031318257.0
1769810895.468254,nrm.extra.perf.PAPI_TOT_CYC.25468,151247970464309.0
1769810895.468254,nrm.extra.perf.PAPI_RES_STL.25468,74383655382174.0
1769810895.468254,nrm.extra.perf.PAPI_L3_TCM.25468,27117283055.0
1769810896.4642293,nrm.extra.perf.PAPI_L3_TCA.25468,272504356115.0
1769810896.4642293,nrm.extra.perf.PAPI_TOT_INS.25468,88518285568023.0
1769810896.4642293,nrm.extra.perf.PAPI_TOT_CYC.25468,151458525655223.0
1769810896.4642293,nrm.extra.perf.PAPI_RES_STL.25468,74488205418295.0
1769810896.4642293,nrm.extra.perf.PAPI_L3_TCM.25468,27155384473.0
1769810897.4662633,nrm.extra.perf.PAPI_L3_TCA.25468,272889234194.0
1769810897.4662633,nrm.extra.perf.PAPI_TOT_INS.25468,88643144693902.0
1769810897.4662633,nrm.extra.perf.PAPI_TOT_CYC.25468,151670444122169.0
1769810897.4662633,nrm.extra.perf.PAPI_RES_STL.25468,74593088062235.0
1769810897.4662633,nrm.extra.perf.PAPI_L3_TCM.25468,27193612042.0
1769810898.468208,nrm.extra.perf.PAPI_L3_TCA.25468,273273876312.0
1769810898.468208,nrm.extra.perf.PAPI_TOT_INS.25468,88767799955148.0
1769810898.468208,nrm.extra.perf.PAPI_TOT_CYC.25468,151882057539301.0
1769810898.468208,nrm.extra.perf.PAPI_RES_STL.25468,74698064320405.0
1769810898.468208,nrm.extra.perf.PAPI_L3_TCM.25468,27231832043.0
1769810899.4641316,nrm.extra.perf.PAPI_L3_TCA.25468,273657075337.0
1769810899.4641316,nrm.extra.perf.PAPI_TOT_INS.25468,88891901137641.0
1769810899.4641316,nrm.extra.perf.PAPI_TOT_CYC.25468,152092700539986.0
1769810899.4641316,nrm.extra.perf.PAPI_RES_STL.25468,74802430593666.0
1769810899.4641316,nrm.extra.perf.PAPI_L3_TCM.25468,27269408566.0
1769810900.4672437,nrm.extra.perf.PAPI_L3_TCA.25468,274041930584.0
1769810900.4672437,nrm.extra.perf.PAPI_TOT_INS.25468,89016714827592.0
1769810900.4672437,nrm.extra.perf.PAPI_TOT_CYC.25468,152304805334868.0
1769810900.4672437,nrm.extra.perf.PAPI_RES_STL.25468,74907377777800.0
1769810900.4672437,nrm.extra.perf.PAPI_L3_TCM.25468,27306877314.0
1769810901.4672086,nrm.extra.perf.PAPI_L3_TCA.25468,274427830857.0
1769810901.4672086,nrm.extra.perf.PAPI_TOT_INS.25468,89141746884371.0
1769810901.4672086,nrm.extra.perf.PAPI_TOT_CYC.25468,152516539293774.0
1769810901.4672086,nrm.extra.perf.PAPI_RES_STL.25468,75012507349994.0
1769810901.4672086,nrm.extra.perf.PAPI_L3_TCM.25468,27344231146.0
1769810902.4642224,nrm.extra.perf.PAPI_L3_TCA.25468,274813130879.0
1769810902.4642224,nrm.extra.perf.PAPI_TOT_INS.25468,89266626294901.0
1769810902.4642224,nrm.extra.perf.PAPI_TOT_CYC.25468,152727685723078.0
1769810902.4642224,nrm.extra.perf.PAPI_RES_STL.25468,75117452687030.0
1769810902.4642224,nrm.extra.perf.PAPI_L3_TCM.25468,27381490646.0
1769810903.4671743,nrm.extra.perf.PAPI_L3_TCA.25468,275199734183.0
1769810903.4671743,nrm.extra.perf.PAPI_TOT_INS.25468,89391674580680.0
1769810903.4671743,nrm.extra.perf.PAPI_TOT_CYC.25468,152940013720878.0
1769810903.4671743,nrm.extra.perf.PAPI_RES_STL.25468,75222915070148.0
1769810903.4671743,nrm.extra.perf.PAPI_L3_TCM.25468,27419231657.0
1769810904.4635203,nrm.extra.perf.PAPI_L3_TCA.25468,275571263424.0
1769810904.4635203,nrm.extra.perf.PAPI_TOT_INS.25468,89512779182874.0
1769810904.4635203,nrm.extra.perf.PAPI_TOT_CYC.25468,153147358053415.0
1769810904.4635203,nrm.extra.perf.PAPI_RES_STL.25468,75324145076957.0
1769810904.4635203,nrm.extra.perf.PAPI_L3_TCM.25468,27454925802.0
1769810905.4639072,nrm.extra.perf.PAPI_L3_TCA.25468,275877865398.0
1769810905.4639072,nrm.extra.perf.PAPI_TOT_INS.25468,89615195092408.0
1769810905.4639072,nrm.extra.perf.PAPI_TOT_CYC.25468,153335399468782.0
1769810905.4639072,nrm.extra.perf.PAPI_RES_STL.25468,75408349035107.0
1769810905.4639072,nrm.extra.perf.PAPI_L3_TCM.25468,27484546121.0
1769810906.4642084,nrm.extra.perf.PAPI_L3_TCA.25468,276147157233.0
1769810906.4642084,nrm.extra.perf.PAPI_TOT_INS.25468,89706898833202.0
1769810906.4642084,nrm.extra.perf.PAPI_TOT_CYC.25468,153512242262209.0
1769810906.4642084,nrm.extra.perf.PAPI_RES_STL.25468,75482813428354.0
1769810906.4642084,nrm.extra.perf.PAPI_L3_TCM.25468,27510489688.0
1769810907.4680376,nrm.extra.perf.PAPI_L3_TCA.25468,276545294257.0
1769810907.4680376,nrm.extra.perf.PAPI_TOT_INS.25468,89836504621585.0
1769810907.4680376,nrm.extra.perf.PAPI_TOT_CYC.25468,153735710462342.0
1769810907.4680376,nrm.extra.perf.PAPI_RES_STL.25468,75591322068794.0
1769810907.4680376,nrm.extra.perf.PAPI_L3_TCM.25468,27549639474.0
1769810908.4640274,nrm.extra.perf.PAPI_L3_TCA.25468,277025642095.0
1769810908.4640274,nrm.extra.perf.PAPI_TOT_INS.25468,89992719965315.0
1769810908.4640274,nrm.extra.perf.PAPI_TOT_CYC.25468,154004204283279.0
1769810908.4640274,nrm.extra.perf.PAPI_RES_STL.25468,75722399606071.0
1769810908.4640274,nrm.extra.perf.PAPI_L3_TCM.25468,27596446091.0
1769810909.4639943,nrm.extra.perf.PAPI_L3_TCA.25468,277515469105.0
1769810909.4639943,nrm.extra.perf.PAPI_TOT_INS.25468,90151416826588.0
1769810909.4639943,nrm.extra.perf.PAPI_TOT_CYC.25468,154273531462024.0
1769810909.4639943,nrm.extra.perf.PAPI_RES_STL.25468,75856264785568.0
1769810909.4639943,nrm.extra.perf.PAPI_L3_TCM.25468,27644206451.0
1769810910.4640121,nrm.extra.perf.PAPI_L3_TCA.25468,278006326806.0
1769810910.4640121,nrm.extra.perf.PAPI_TOT_INS.25468,90310313223920.0
1769810910.4640121,nrm.extra.perf.PAPI_TOT_CYC.25468,154542737348712.0
1769810910.4640121,nrm.extra.perf.PAPI_RES_STL.25468,75989956679051.0
1769810910.4640121,nrm.extra.perf.PAPI_L3_TCM.25468,27692205597.0
1769810911.4640322,nrm.extra.perf.PAPI_L3_TCA.25468,278496773184.0
1769810911.4640322,nrm.extra.perf.PAPI_TOT_INS.25468,90469257759517.0
1769810911.4640322,nrm.extra.perf.PAPI_TOT_CYC.25468,154812037283179.0
1769810911.4640322,nrm.extra.perf.PAPI_RES_STL.25468,76123596576046.0
1769810911.4640322,nrm.extra.perf.PAPI_L3_TCM.25468,27740297217.0
1769810912.4660304,nrm.extra.perf.PAPI_L3_TCA.25468,278989715588.0
1769810912.4660304,nrm.extra.perf.PAPI_TOT_INS.25468,90628777190544.0
1769810912.4660304,nrm.extra.perf.PAPI_TOT_CYC.25468,155081605193897.0
1769810912.4660304,nrm.extra.perf.PAPI_RES_STL.25468,76258042384595.0
1769810912.4660304,nrm.extra.perf.PAPI_L3_TCM.25468,27788579507.0
1769810913.4650242,nrm.extra.perf.PAPI_L3_TCA.25468,279456117812.0
1769810913.4650242,nrm.extra.perf.PAPI_TOT_INS.25468,90780716480040.0
1769810913.4650242,nrm.extra.perf.PAPI_TOT_CYC.25468,155343984086329.0
1769810913.4650242,nrm.extra.perf.PAPI_RES_STL.25468,76385520235001.0
1769810913.4650242,nrm.extra.perf.PAPI_L3_TCM.25468,27834456747.0
1769810914.4640524,nrm.extra.perf.PAPI_L3_TCA.25468,279946971909.0
1769810914.4640524,nrm.extra.perf.PAPI_TOT_INS.25468,90939710219917.0
1769810914.4640524,nrm.extra.perf.PAPI_TOT_CYC.25468,155612541437474.0
1769810914.4640524,nrm.extra.perf.PAPI_RES_STL.25468,76519496344977.0
1769810914.4640524,nrm.extra.perf.PAPI_L3_TCM.25468,27882739720.0
1769810915.464031,nrm.extra.perf.PAPI_L3_TCA.25468,280427136478.0
1769810915.464031,nrm.extra.perf.PAPI_TOT_INS.25468,91095418720001.0
1769810915.464031,nrm.extra.perf.PAPI_TOT_CYC.25468,155877740199954.0
1769810915.464031,nrm.extra.perf.PAPI_RES_STL.25468,76650460876669.0
1769810915.464031,nrm.extra.perf.PAPI_L3_TCM.25468,27929787108.0
1769810916.4640157,nrm.extra.perf.PAPI_L3_TCA.25468,280891381334.0
1769810916.4640157,nrm.extra.perf.PAPI_TOT_INS.25468,91245567097118.0
1769810916.4640157,nrm.extra.perf.PAPI_TOT_CYC.25468,156131783049298.0
1769810916.4640157,nrm.extra.perf.PAPI_RES_STL.25468,76777348191839.0
1769810916.4640157,nrm.extra.perf.PAPI_L3_TCM.25468,27975509408.0
1769810917.4640548,nrm.extra.perf.PAPI_L3_TCA.25468,281355866473.0
1769810917.4640548,nrm.extra.perf.PAPI_TOT_INS.25468,91395988266373.0
1769810917.4640548,nrm.extra.perf.PAPI_TOT_CYC.25468,156386059770358.0
1769810917.4640548,nrm.extra.perf.PAPI_RES_STL.25468,76903879216702.0
1769810917.4640548,nrm.extra.perf.PAPI_L3_TCM.25468,28021157235.0
1769810918.4640386,nrm.extra.perf.PAPI_L3_TCA.25468,281817933770.0
1769810918.4640386,nrm.extra.perf.PAPI_TOT_INS.25468,91545794406684.0
1769810918.4640386,nrm.extra.perf.PAPI_TOT_CYC.25468,156640468166185.0
1769810918.4640386,nrm.extra.perf.PAPI_RES_STL.25468,77030112473134.0
1769810918.4640386,nrm.extra.perf.PAPI_L3_TCM.25468,28066303859.0
1769810919.4640577,nrm.extra.perf.PAPI_L3_TCA.25468,282283055913.0
1769810919.4640577,nrm.extra.perf.PAPI_TOT_INS.25468,91696364559177.0
1769810919.4640577,nrm.extra.perf.PAPI_TOT_CYC.25468,156894733221176.0
1769810919.4640577,nrm.extra.perf.PAPI_RES_STL.25468,77156810822813.0
1769810919.4640577,nrm.extra.perf.PAPI_L3_TCM.25468,28112157000.0
1769810920.4640498,nrm.extra.perf.PAPI_L3_TCA.25468,282748020530.0
1769810920.4640498,nrm.extra.perf.PAPI_TOT_INS.25468,91846934806128.0
1769810920.4640498,nrm.extra.perf.PAPI_TOT_CYC.25468,157149029995771.0
1769810920.4640498,nrm.extra.perf.PAPI_RES_STL.25468,77283790695368.0
1769810920.4640498,nrm.extra.perf.PAPI_L3_TCM.25468,28157536946.0
1769810921.4640453,nrm.extra.perf.PAPI_L3_TCA.25468,283196854972.0
1769810921.4640453,nrm.extra.perf.PAPI_TOT_INS.25468,91992995380315.0
1769810921.4640453,nrm.extra.perf.PAPI_TOT_CYC.25468,157399493064351.0
1769810921.4640453,nrm.extra.perf.PAPI_RES_STL.25468,77406330075212.0
1769810921.4640453,nrm.extra.perf.PAPI_L3_TCM.25468,28201584776.0
1769810922.4640195,nrm.extra.perf.PAPI_L3_TCA.25468,283660307760.0
1769810922.4640195,nrm.extra.perf.PAPI_TOT_INS.25468,92143068695895.0
1769810922.4640195,nrm.extra.perf.PAPI_TOT_CYC.25468,157653691433539.0
1769810922.4640195,nrm.extra.perf.PAPI_RES_STL.25468,77532589501140.0
1769810922.4640195,nrm.extra.perf.PAPI_L3_TCM.25468,28247148264.0
1769810923.4639115,nrm.extra.perf.PAPI_L3_TCA.25468,284135916058.0
1769810923.4639115,nrm.extra.perf.PAPI_TOT_INS.25468,92297025139783.0
1769810923.4639115,nrm.extra.perf.PAPI_TOT_CYC.25468,157914104892751.0
1769810923.4639115,nrm.extra.perf.PAPI_RES_STL.25468,77662515246945.0
1769810923.4639115,nrm.extra.perf.PAPI_L3_TCM.25468,28293996996.0
1769810924.4638913,nrm.extra.perf.PAPI_L3_TCA.25468,284644763332.0
1769810924.4638913,nrm.extra.perf.PAPI_TOT_INS.25468,92461844834403.0
1769810924.4638913,nrm.extra.perf.PAPI_TOT_CYC.25468,158193718381747.0
1769810924.4638913,nrm.extra.perf.PAPI_RES_STL.25468,77801852393681.0
1769810924.4638913,nrm.extra.perf.PAPI_L3_TCM.25468,28344187794.0
1769810925.463827,nrm.extra.perf.PAPI_L3_TCA.25468,285150726062.0
1769810925.463827,nrm.extra.perf.PAPI_TOT_INS.25468,92626070712276.0
1769810925.463827,nrm.extra.perf.PAPI_TOT_CYC.25468,158472962709099.0
1769810925.463827,nrm.extra.perf.PAPI_RES_STL.25468,77940548166437.0
1769810925.463827,nrm.extra.perf.PAPI_L3_TCM.25468,28393742316.0
1769810926.4668796,nrm.extra.perf.PAPI_L3_TCA.25468,285658805817.0
1769810926.4668796,nrm.extra.perf.PAPI_TOT_INS.25468,92790590933546.0
1769810926.4668796,nrm.extra.perf.PAPI_TOT_CYC.25468,158752925848150.0
1769810926.4668796,nrm.extra.perf.PAPI_RES_STL.25468,78079912654807.0
1769810926.4668796,nrm.extra.perf.PAPI_L3_TCM.25468,28443607455.0
1769810927.463919,nrm.extra.perf.PAPI_L3_TCA.25468,286163717796.0
1769810927.463919,nrm.extra.perf.PAPI_TOT_INS.25468,92954131332374.0
1769810927.463919,nrm.extra.perf.PAPI_TOT_CYC.25468,159031065854231.0
1769810927.463919,nrm.extra.perf.PAPI_RES_STL.25468,78218269671132.0
1769810927.463919,nrm.extra.perf.PAPI_L3_TCM.25468,28493323020.0
1769810928.4639058,nrm.extra.perf.PAPI_L3_TCA.25468,286670087611.0
1769810928.4639058,nrm.extra.perf.PAPI_TOT_INS.25468,93118310820408.0
1769810928.4639058,nrm.extra.perf.PAPI_TOT_CYC.25468,159310325995934.0
1769810928.4639058,nrm.extra.perf.PAPI_RES_STL.25468,78356929313618.0
1769810928.4639058,nrm.extra.perf.PAPI_L3_TCM.25468,28542480382.0
1769810929.4658864,nrm.extra.perf.PAPI_L3_TCA.25468,287178387633.0
1769810929.4658864,nrm.extra.perf.PAPI_TOT_INS.25468,93282851007923.0
1769810929.4658864,nrm.extra.perf.PAPI_TOT_CYC.25468,159589747339051.0
1769810929.4658864,nrm.extra.perf.PAPI_RES_STL.25468,78496507126801.0
1769810929.4658864,nrm.extra.perf.PAPI_L3_TCM.25468,28592226627.0
1769810930.4635546,nrm.extra.perf.PAPI_L3_TCA.25468,287683725174.0
1769810930.4635546,nrm.extra.perf.PAPI_TOT_INS.25468,93446894472668.0
1769810930.4635546,nrm.extra.perf.PAPI_TOT_CYC.25468,159868541098933.0
1769810930.4635546,nrm.extra.perf.PAPI_RES_STL.25468,78634852433045.0
1769810930.4635546,nrm.extra.perf.PAPI_L3_TCM.25468,28641387179.0
1769810931.4638875,nrm.extra.perf.PAPI_L3_TCA.25468,288189288643.0
1769810931.4638875,nrm.extra.perf.PAPI_TOT_INS.25468,93610672111037.0
1769810931.4638875,nrm.extra.perf.PAPI_TOT_CYC.25468,160147862394338.0
1769810931.4638875,nrm.extra.perf.PAPI_RES_STL.25468,78773490701944.0
1769810931.4638875,nrm.extra.perf.PAPI_L3_TCM.25468,28690974920.0
1769810932.4688697,nrm.extra.perf.PAPI_L3_TCA.25468,288697878606.0
1769810932.4688697,nrm.extra.perf.PAPI_TOT_INS.25468,93775363445017.0
1769810932.4688697,nrm.extra.perf.PAPI_TOT_CYC.25468,160428205603044.0
1769810932.4688697,nrm.extra.perf.PAPI_RES_STL.25468,78913133199562.0
1769810932.4688697,nrm.extra.perf.PAPI_L3_TCM.25468,28740725790.0
1769810933.4639158,nrm.extra.perf.PAPI_L3_TCA.25468,289201015313.0
1769810933.4639158,nrm.extra.perf.PAPI_TOT_INS.25468,93938420410630.0
1769810933.4639158,nrm.extra.perf.PAPI_TOT_CYC.25468,160705603740435.0
1769810933.4639158,nrm.extra.perf.PAPI_RES_STL.25468,79050826323543.0
1769810933.4639158,nrm.extra.perf.PAPI_L3_TCM.25468,28789959177.0
1769810934.4638422,nrm.extra.perf.PAPI_L3_TCA.25468,289705705770.0
1769810934.4638422,nrm.extra.perf.PAPI_TOT_INS.25468,94101936335468.0
1769810934.4638422,nrm.extra.perf.PAPI_TOT_CYC.25468,160984157233931.0
1769810934.4638422,nrm.extra.perf.PAPI_RES_STL.25468,79189275768341.0
1769810934.4638422,nrm.extra.perf.PAPI_L3_TCM.25468,28839352939.0
1769810935.4639184,nrm.extra.perf.PAPI_L3_TCA.25468,290206848304.0
1769810935.4639184,nrm.extra.perf.PAPI_TOT_INS.25468,94264833858465.0
1769810935.4639184,nrm.extra.perf.PAPI_TOT_CYC.25468,161263109299105.0
1769810935.4639184,nrm.extra.perf.PAPI_RES_STL.25468,79326715555352.0
1769810935.4639184,nrm.extra.perf.PAPI_L3_TCM.25468,28888399041.0
1769810936.4639158,nrm.extra.perf.PAPI_L3_TCA.25468,290714444684.0
1769810936.4639158,nrm.extra.perf.PAPI_TOT_INS.25468,94429193898579.0
1769810936.4639158,nrm.extra.perf.PAPI_TOT_CYC.25468,161542390951091.0
1769810936.4639158,nrm.extra.perf.PAPI_RES_STL.25468,79465889277529.0
1769810936.4639158,nrm.extra.perf.PAPI_L3_TCM.25468,28938246476.0
1769810937.4678648,nrm.extra.perf.PAPI_L3_TCA.25468,291221002791.0
1769810937.4678648,nrm.extra.perf.PAPI_TOT_INS.25468,94593462277607.0
1769810937.4678648,nrm.extra.perf.PAPI_TOT_CYC.25468,161822145169049.0
1769810937.4678648,nrm.extra.perf.PAPI_RES_STL.25468,79604675084645.0
1769810937.4678648,nrm.extra.perf.PAPI_L3_TCM.25468,28987918168.0
1769810938.463896,nrm.extra.perf.PAPI_L3_TCA.25468,291722387537.0
1769810938.463896,nrm.extra.perf.PAPI_TOT_INS.25468,94756237186223.0
1769810938.463896,nrm.extra.perf.PAPI_TOT_CYC.25468,162099762418400.0
1769810938.463896,nrm.extra.perf.PAPI_RES_STL.25468,79742120607044.0
1769810938.463896,nrm.extra.perf.PAPI_L3_TCM.25468,29036769215.0
1769810939.4639156,nrm.extra.perf.PAPI_L3_TCA.25468,292229016200.0
1769810939.4639156,nrm.extra.perf.PAPI_TOT_INS.25468,94920306484236.0
1769810939.4639156,nrm.extra.perf.PAPI_TOT_CYC.25468,162378632927735.0
1769810939.4639156,nrm.extra.perf.PAPI_RES_STL.25468,79880765780680.0
1769810939.4639156,nrm.extra.perf.PAPI_L3_TCM.25468,29086460417.0
1769810940.467704,nrm.extra.perf.PAPI_L3_TCA.25468,292717124470.0
1769810940.467704,nrm.extra.perf.PAPI_TOT_INS.25468,95079099130167.0
1769810940.467704,nrm.extra.perf.PAPI_TOT_CYC.25468,162653143194387.0
1769810940.467704,nrm.extra.perf.PAPI_RES_STL.25468,80014348418211.0
1769810940.467704,nrm.extra.perf.PAPI_L3_TCM.25468,29133951924.0
1769810941.4638977,nrm.extra.perf.PAPI_L3_TCA.25468,293185464716.0
1769810941.4638977,nrm.extra.perf.PAPI_TOT_INS.25468,95231980251425.0
1769810941.4638977,nrm.extra.perf.PAPI_TOT_CYC.25468,162918784925795.0
1769810941.4638977,nrm.extra.perf.PAPI_RES_STL.25468,80143282508156.0
1769810941.4638977,nrm.extra.perf.PAPI_L3_TCM.25468,29179836729.0
1769810942.4639485,nrm.extra.perf.PAPI_L3_TCA.25468,293694919626.0
1769810942.4639485,nrm.extra.perf.PAPI_TOT_INS.25468,95396968684866.0
1769810942.4639485,nrm.extra.perf.PAPI_TOT_CYC.25468,163199472519059.0
1769810942.4639485,nrm.extra.perf.PAPI_RES_STL.25468,80282718059108.0
1769810942.4639485,nrm.extra.perf.PAPI_L3_TCM.25468,29229519723.0
1769810943.4669342,nrm.extra.perf.PAPI_L3_TCA.25468,294203209131.0
1769810943.4669342,nrm.extra.perf.PAPI_TOT_INS.25468,95561700951751.0
1769810943.4669342,nrm.extra.perf.PAPI_TOT_CYC.25468,163481469812019.0
1769810943.4669342,nrm.extra.perf.PAPI_RES_STL.25468,80422182616808.0
1769810943.4669342,nrm.extra.perf.PAPI_L3_TCM.25468,29279304957.0
1769810944.4639232,nrm.extra.perf.PAPI_L3_TCA.25468,294710603688.0
1769810944.4639232,nrm.extra.perf.PAPI_TOT_INS.25468,95726028145327.0
1769810944.4639232,nrm.extra.perf.PAPI_TOT_CYC.25468,163761537991567.0
1769810944.4639232,nrm.extra.perf.PAPI_RES_STL.25468,80561367069953.0
1769810944.4639232,nrm.extra.perf.PAPI_L3_TCM.25468,29329270074.0
1769810945.4670053,nrm.extra.perf.PAPI_L3_TCA.25468,295201294113.0
1769810945.4670053,nrm.extra.perf.PAPI_TOT_INS.25468,95885789257143.0
1769810945.4670053,nrm.extra.perf.PAPI_TOT_CYC.25468,164036754556900.0
1769810945.4670053,nrm.extra.perf.PAPI_RES_STL.25468,80695842534760.0
1769810945.4670053,nrm.extra.perf.PAPI_L3_TCM.25468,29377373537.0
1769810946.4659543,nrm.extra.perf.PAPI_L3_TCA.25468,295710981561.0
1769810946.4659543,nrm.extra.perf.PAPI_TOT_INS.25468,96050691494741.0
1769810946.4659543,nrm.extra.perf.PAPI_TOT_CYC.25468,164317656397176.0
1769810946.4659543,nrm.extra.perf.PAPI_RES_STL.25468,80835637486178.0
1769810946.4659543,nrm.extra.perf.PAPI_L3_TCM.25468,29427367357.0
1769810947.463346,nrm.extra.perf.PAPI_L3_TCA.25468,296174555324.0
1769810947.463346,nrm.extra.perf.PAPI_TOT_INS.25468,96202456684664.0
1769810947.463346,nrm.extra.perf.PAPI_TOT_CYC.25468,164582613758208.0
1769810947.463346,nrm.extra.perf.PAPI_RES_STL.25468,80962747593541.0
1769810947.463346,nrm.extra.perf.PAPI_L3_TCM.25468,29472546916.0
1769810948.4638867,nrm.extra.perf.PAPI_L3_TCA.25468,296677730918.0
1769810948.4638867,nrm.extra.perf.PAPI_TOT_INS.25468,96365479674728.0
1769810948.4638867,nrm.extra.perf.PAPI_TOT_CYC.25468,164861122643782.0
1769810948.4638867,nrm.extra.perf.PAPI_RES_STL.25468,81100893934890.0
1769810948.4638867,nrm.extra.perf.PAPI_L3_TCM.25468,29522038067.0
1769810949.4678702,nrm.extra.perf.PAPI_L3_TCA.25468,297184974115.0
1769810949.4678702,nrm.extra.perf.PAPI_TOT_INS.25468,96529799845057.0
1769810949.4678702,nrm.extra.perf.PAPI_TOT_CYC.25468,165141010604496.0
1769810949.4678702,nrm.extra.perf.PAPI_RES_STL.25468,81239793251234.0
1769810949.4678702,nrm.extra.perf.PAPI_L3_TCM.25468,29571464439.0
1769810950.4638941,nrm.extra.perf.PAPI_L3_TCA.25468,297689792769.0
1769810950.4638941,nrm.extra.perf.PAPI_TOT_INS.25468,96693141318921.0
1769810950.4638941,nrm.extra.perf.PAPI_TOT_CYC.25468,165418187047623.0
1769810950.4638941,nrm.extra.perf.PAPI_RES_STL.25468,81378234425191.0
1769810950.4638941,nrm.extra.perf.PAPI_L3_TCM.25468,29620604912.0
1769810951.4679482,nrm.extra.perf.PAPI_L3_TCA.25468,298198251825.0
1769810951.4679482,nrm.extra.perf.PAPI_TOT_INS.25468,96857970740782.0
1769810951.4679482,nrm.extra.perf.PAPI_TOT_CYC.25468,165698458450149.0
1769810951.4679482,nrm.extra.perf.PAPI_RES_STL.25468,81517380755794.0
1769810951.4679482,nrm.extra.perf.PAPI_L3_TCM.25468,29670084731.0
1769810952.4638953,nrm.extra.perf.PAPI_L3_TCA.25468,298704013969.0
1769810952.4638953,nrm.extra.perf.PAPI_TOT_INS.25468,97021716540310.0
1769810952.4638953,nrm.extra.perf.PAPI_TOT_CYC.25468,165975750903615.0
1769810952.4638953,nrm.extra.perf.PAPI_RES_STL.25468,81656125591024.0
1769810952.4638953,nrm.extra.perf.PAPI_L3_TCM.25468,29719303581.0
1769810953.4636984,nrm.extra.perf.PAPI_L3_TCA.25468,299188583623.0
1769810953.4636984,nrm.extra.perf.PAPI_TOT_INS.25468,97179515902781.0
1769810953.4636984,nrm.extra.perf.PAPI_TOT_CYC.25468,166249243123994.0
1769810953.4636984,nrm.extra.perf.PAPI_RES_STL.25468,81788685919479.0
1769810953.4636984,nrm.extra.perf.PAPI_L3_TCM.25468,29766340925.0
1769810954.4669473,nrm.extra.perf.PAPI_L3_TCA.25468,299643253902.0
1769810954.4669473,nrm.extra.perf.PAPI_TOT_INS.25468,97328462900370.0
1769810954.4669473,nrm.extra.perf.PAPI_TOT_CYC.25468,166510287059989.0
1769810954.4669473,nrm.extra.perf.PAPI_RES_STL.25468,81913891445525.0
1769810954.4669473,nrm.extra.perf.PAPI_L3_TCM.25468,29811187129.0
1769810955.4638643,nrm.extra.perf.PAPI_L3_TCA.25468,300126247212.0
1769810955.4638643,nrm.extra.perf.PAPI_TOT_INS.25468,97485651659713.0
1769810955.4638643,nrm.extra.perf.PAPI_TOT_CYC.25468,166781428438222.0
1769810955.4638643,nrm.extra.perf.PAPI_RES_STL.25468,82046445358863.0
1769810955.4638643,nrm.extra.perf.PAPI_L3_TCM.25468,29858560909.0
1769810956.464167,nrm.extra.perf.PAPI_L3_TCA.25468,300490310582.0
1769810956.464167,nrm.extra.perf.PAPI_TOT_INS.25468,97603804751836.0
1769810956.464167,nrm.extra.perf.PAPI_TOT_CYC.25468,166983333360667.0
1769810956.464167,nrm.extra.perf.PAPI_RES_STL.25468,82145599402972.0
1769810956.464167,nrm.extra.perf.PAPI_L3_TCM.25468,29894456656.0
1769810957.4682624,nrm.extra.perf.PAPI_L3_TCA.25468,300851107091.0
1769810957.4682624,nrm.extra.perf.PAPI_TOT_INS.25468,97721038620005.0
1769810957.4682624,nrm.extra.perf.PAPI_TOT_CYC.25468,167183163544114.0
1769810957.4682624,nrm.extra.perf.PAPI_RES_STL.25468,82243791820623.0
1769810957.4682624,nrm.extra.perf.PAPI_L3_TCM.25468,29930025870.0
1769810958.4642544,nrm.extra.perf.PAPI_L3_TCA.25468,301211061271.0
1769810958.4642544,nrm.extra.perf.PAPI_TOT_INS.25468,97837742828297.0
1769810958.4642544,nrm.extra.perf.PAPI_TOT_CYC.25468,167381507155931.0
1769810958.4642544,nrm.extra.perf.PAPI_RES_STL.25468,82341667008800.0
1769810958.4642544,nrm.extra.perf.PAPI_L3_TCM.25468,29965727093.0
1769810959.4662921,nrm.extra.perf.PAPI_L3_TCA.25468,301569332253.0
1769810959.4662921,nrm.extra.perf.PAPI_TOT_INS.25468,97954212597340.0
1769810959.4662921,nrm.extra.perf.PAPI_TOT_CYC.25468,167580602638948.0
1769810959.4662921,nrm.extra.perf.PAPI_RES_STL.25468,82439361967241.0
1769810959.4662921,nrm.extra.perf.PAPI_L3_TCM.25468,30001170552.0
1769810960.4642859,nrm.extra.perf.PAPI_L3_TCA.25468,301929488287.0
1769810960.4642859,nrm.extra.perf.PAPI_TOT_INS.25468,98070992767762.0
1769810960.4642859,nrm.extra.perf.PAPI_TOT_CYC.25468,167779918149000.0
1769810960.4642859,nrm.extra.perf.PAPI_RES_STL.25468,82537504570529.0
1769810960.4642859,nrm.extra.perf.PAPI_L3_TCM.25468,30036787342.0
1769810961.466255,nrm.extra.perf.PAPI_L3_TCA.25468,302294453862.0
1769810961.466255,nrm.extra.perf.PAPI_TOT_INS.25468,98189323366459.0
1769810961.466255,nrm.extra.perf.PAPI_TOT_CYC.25468,167980308062706.0
1769810961.466255,nrm.extra.perf.PAPI_RES_STL.25468,82636990060324.0
1769810961.466255,nrm.extra.perf.PAPI_L3_TCM.25468,30072665675.0
1769810962.4673033,nrm.extra.perf.PAPI_L3_TCA.25468,302657557742.0
1769810962.4673033,nrm.extra.perf.PAPI_TOT_INS.25468,98306963937235.0
1769810962.4673033,nrm.extra.perf.PAPI_TOT_CYC.25468,168180597753776.0
1769810962.4673033,nrm.extra.perf.PAPI_RES_STL.25468,82736003156601.0
1769810962.4673033,nrm.extra.perf.PAPI_L3_TCM.25468,30108562316.0
1769810963.4640815,nrm.extra.perf.PAPI_L3_TCA.25468,303029639171.0
1769810963.4640815,nrm.extra.perf.PAPI_TOT_INS.25468,98427398695041.0
1769810963.4640815,nrm.extra.perf.PAPI_TOT_CYC.25468,168384695745926.0
1769810963.4640815,nrm.extra.perf.PAPI_RES_STL.25468,82837225250344.0
1769810963.4640815,nrm.extra.perf.PAPI_L3_TCM.25468,30145330226.0
1769810964.4670765,nrm.extra.perf.PAPI_L3_TCA.25468,303454318817.0
1769810964.4670765,nrm.extra.perf.PAPI_TOT_INS.25468,98565835127628.0
1769810964.4670765,nrm.extra.perf.PAPI_TOT_CYC.25468,168623782019296.0
1769810964.4670765,nrm.extra.perf.PAPI_RES_STL.25468,82953256221725.0
1769810964.4670765,nrm.extra.perf.PAPI_L3_TCM.25468,30187270937.0
1769810965.46407,nrm.extra.perf.PAPI_L3_TCA.25468,303889167980.0
1769810965.46407,nrm.extra.perf.PAPI_TOT_INS.25468,98706613046147.0
1769810965.46407,nrm.extra.perf.PAPI_TOT_CYC.25468,168862472237439.0
1769810965.46407,nrm.extra.perf.PAPI_RES_STL.25468,83071572315548.0
1769810965.46407,nrm.extra.perf.PAPI_L3_TCM.25468,30230061525.0
1769810966.4690754,nrm.extra.perf.PAPI_L3_TCA.25468,304328214069.0
1769810966.4690754,nrm.extra.perf.PAPI_TOT_INS.25468,98848789262333.0
1769810966.4690754,nrm.extra.perf.PAPI_TOT_CYC.25468,169103526567410.0
1769810966.4690754,nrm.extra.perf.PAPI_RES_STL.25468,83191310908853.0
1769810966.4690754,nrm.extra.perf.PAPI_L3_TCM.25468,30273052558.0
1769810967.4640956,nrm.extra.perf.PAPI_L3_TCA.25468,304764401558.0
1769810967.4640956,nrm.extra.perf.PAPI_TOT_INS.25468,98990071474761.0
1769810967.4640956,nrm.extra.perf.PAPI_TOT_CYC.25468,169342139536568.0
1769810967.4640956,nrm.extra.perf.PAPI_RES_STL.25468,83310259087669.0
1769810967.4640956,nrm.extra.perf.PAPI_L3_TCM.25468,30315583471.0
1769810968.464118,nrm.extra.perf.PAPI_L3_TCA.25468,305202200062.0
1769810968.464118,nrm.extra.perf.PAPI_TOT_INS.25468,99131853145422.0
1769810968.464118,nrm.extra.perf.PAPI_TOT_CYC.25468,169582024086505.0
1769810968.464118,nrm.extra.perf.PAPI_RES_STL.25468,83429396510655.0
1769810968.464118,nrm.extra.perf.PAPI_L3_TCM.25468,30358933243.0
1769810969.4680505,nrm.extra.perf.PAPI_L3_TCA.25468,305639065841.0
1769810969.4680505,nrm.extra.perf.PAPI_TOT_INS.25468,99273325451324.0
1769810969.4680505,nrm.extra.perf.PAPI_TOT_CYC.25468,169822763354978.0
1769810969.4680505,nrm.extra.perf.PAPI_RES_STL.25468,83548654781066.0
1769810969.4680505,nrm.extra.perf.PAPI_L3_TCM.25468,30402239706.0
1769810970.4640582,nrm.extra.perf.PAPI_L3_TCA.25468,306071381032.0
1769810970.4640582,nrm.extra.perf.PAPI_TOT_INS.25468,99413524935217.0
1769810970.4640582,nrm.extra.perf.PAPI_TOT_CYC.25468,170061636190717.0
1769810970.4640582,nrm.extra.perf.PAPI_RES_STL.25468,83666512567764.0
1769810970.4640582,nrm.extra.perf.PAPI_L3_TCM.25468,30444909222.0
1769810971.4639108,nrm.extra.perf.PAPI_L3_TCA.25468,306479723508.0
1769810971.4639108,nrm.extra.perf.PAPI_TOT_INS.25468,99546962788188.0
1769810971.4639108,nrm.extra.perf.PAPI_TOT_CYC.25468,170291820124250.0
1769810971.4639108,nrm.extra.perf.PAPI_RES_STL.25468,83777846118250.0
1769810971.4639108,nrm.extra.perf.PAPI_L3_TCM.25468,30485015099.0
1769810972.4682653,nrm.extra.perf.PAPI_L3_TCA.25468,306834734745.0
1769810972.4682653,nrm.extra.perf.PAPI_TOT_INS.25468,99662050195089.0
1769810972.4682653,nrm.extra.perf.PAPI_TOT_CYC.25468,170488632976415.0
1769810972.4682653,nrm.extra.perf.PAPI_RES_STL.25468,83874734463978.0
1769810972.4682653,nrm.extra.perf.PAPI_L3_TCM.25468,30520677396.0
1769810973.4642713,nrm.extra.perf.PAPI_L3_TCA.25468,307197689867.0
1769810973.4642713,nrm.extra.perf.PAPI_TOT_INS.25468,99779683741036.0
1769810973.4642713,nrm.extra.perf.PAPI_TOT_CYC.25468,170688043943603.0
1769810973.4642713,nrm.extra.perf.PAPI_RES_STL.25468,83973538160176.0
1769810973.4642713,nrm.extra.perf.PAPI_L3_TCM.25468,30556699283.0
1769810974.4642644,nrm.extra.perf.PAPI_L3_TCA.25468,307559781301.0
1769810974.4642644,nrm.extra.perf.PAPI_TOT_INS.25468,99897032100963.0
1769810974.4642644,nrm.extra.perf.PAPI_TOT_CYC.25468,170888465923565.0
1769810974.4642644,nrm.extra.perf.PAPI_RES_STL.25468,84072382868355.0
1769810974.4642644,nrm.extra.perf.PAPI_L3_TCM.25468,30592911969.0
1769810975.4652886,nrm.extra.perf.PAPI_L3_TCA.25468,307915720046.0
1769810975.4652886,nrm.extra.perf.PAPI_TOT_INS.25468,100012810578559.0
1769810975.4652886,nrm.extra.perf.PAPI_TOT_CYC.25468,171086433644966.0
1769810975.4652886,nrm.extra.perf.PAPI_RES_STL.25468,84169323196278.0
1769810975.4652886,nrm.extra.perf.PAPI_L3_TCM.25468,30628151978.0
1769810976.4682205,nrm.extra.perf.PAPI_L3_TCA.25468,308271727707.0
1769810976.4682205,nrm.extra.perf.PAPI_TOT_INS.25468,100128604216095.0
1769810976.4682205,nrm.extra.perf.PAPI_TOT_CYC.25468,171286083204451.0
1769810976.4682205,nrm.extra.perf.PAPI_RES_STL.25468,84266364870468.0
1769810976.4682205,nrm.extra.perf.PAPI_L3_TCM.25468,30663267442.0
1769810977.464273,nrm.extra.perf.PAPI_L3_TCA.25468,308634281453.0
1769810977.464273,nrm.extra.perf.PAPI_TOT_INS.25468,100246310529117.0
1769810977.464273,nrm.extra.perf.PAPI_TOT_CYC.25468,171486112611037.0
1769810977.464273,nrm.extra.perf.PAPI_RES_STL.25468,84365219992355.0
1769810977.464273,nrm.extra.perf.PAPI_L3_TCM.25468,30698735129.0
1769810978.4683025,nrm.extra.perf.PAPI_L3_TCA.25468,309000004969.0
1769810978.4683025,nrm.extra.perf.PAPI_TOT_INS.25468,100364841505451.0
1769810978.4683025,nrm.extra.perf.PAPI_TOT_CYC.25468,171687517675695.0
1769810978.4683025,nrm.extra.perf.PAPI_RES_STL.25468,84464830523951.0
1769810978.4683025,nrm.extra.perf.PAPI_L3_TCM.25468,30734696307.0
1769810979.463973,nrm.extra.perf.PAPI_L3_TCA.25468,309371280100.0
1769810979.463973,nrm.extra.perf.PAPI_TOT_INS.25468,100485439134734.0
1769810979.463973,nrm.extra.perf.PAPI_TOT_CYC.25468,171893897637449.0
1769810979.463973,nrm.extra.perf.PAPI_RES_STL.25468,84566081206380.0
1769810979.463973,nrm.extra.perf.PAPI_L3_TCM.25468,30771185642.0
1769810980.4640558,nrm.extra.perf.PAPI_L3_TCA.25468,309849006109.0
1769810980.4640558,nrm.extra.perf.PAPI_TOT_INS.25468,100640331826156.0
1769810980.4640558,nrm.extra.perf.PAPI_TOT_CYC.25468,172157011826612.0
1769810980.4640558,nrm.extra.perf.PAPI_RES_STL.25468,84696117518128.0
1769810980.4640558,nrm.extra.perf.PAPI_L3_TCM.25468,30817833872.0
1769810981.4680629,nrm.extra.perf.PAPI_L3_TCA.25468,310328287653.0
1769810981.4680629,nrm.extra.perf.PAPI_TOT_INS.25468,100795608202265.0
1769810981.4680629,nrm.extra.perf.PAPI_TOT_CYC.25468,172420414354039.0
1769810981.4680629,nrm.extra.perf.PAPI_RES_STL.25468,84826737101309.0
1769810981.4680629,nrm.extra.perf.PAPI_L3_TCM.25468,30864698225.0
1769810982.464058,nrm.extra.perf.PAPI_L3_TCA.25468,310806520852.0
1769810982.464058,nrm.extra.perf.PAPI_TOT_INS.25468,100950358045669.0
1769810982.464058,nrm.extra.perf.PAPI_TOT_CYC.25468,172681717955402.0
1769810982.464058,nrm.extra.perf.PAPI_RES_STL.25468,84957205994143.0
1769810982.464058,nrm.extra.perf.PAPI_L3_TCM.25468,30911474589.0
1769810983.466965,nrm.extra.perf.PAPI_L3_TCA.25468,311287551271.0
1769810983.466965,nrm.extra.perf.PAPI_TOT_INS.25468,101105979967486.0
1769810983.466965,nrm.extra.perf.PAPI_TOT_CYC.25468,172944653985692.0
1769810983.466965,nrm.extra.perf.PAPI_RES_STL.25468,85088403868922.0
1769810983.466965,nrm.extra.perf.PAPI_L3_TCM.25468,30958475152.0
1769810984.4640353,nrm.extra.perf.PAPI_L3_TCA.25468,311763024705.0
1769810984.4640353,nrm.extra.perf.PAPI_TOT_INS.25468,101260073249296.0
1769810984.4640353,nrm.extra.perf.PAPI_TOT_CYC.25468,173206044875689.0
1769810984.4640353,nrm.extra.perf.PAPI_RES_STL.25468,85217837635910.0
1769810984.4640353,nrm.extra.perf.PAPI_L3_TCM.25468,31004979968.0
1769810985.464021,nrm.extra.perf.PAPI_L3_TCA.25468,312236282832.0
1769810985.464021,nrm.extra.perf.PAPI_TOT_INS.25468,101413623308753.0
1769810985.464021,nrm.extra.perf.PAPI_TOT_CYC.25468,173468032301317.0
1769810985.464021,nrm.extra.perf.PAPI_RES_STL.25468,85346887537377.0
1769810985.464021,nrm.extra.perf.PAPI_L3_TCM.25468,31051293760.0
1769810986.466957,nrm.extra.perf.PAPI_L3_TCA.25468,312712768604.0
1769810986.466957,nrm.extra.perf.PAPI_TOT_INS.25468,101568137801595.0
1769810986.466957,nrm.extra.perf.PAPI_TOT_CYC.25468,173730958181288.0
1769810986.466957,nrm.extra.perf.PAPI_RES_STL.25468,85476839892756.0
1769810986.466957,nrm.extra.perf.PAPI_L3_TCM.25468,31097727584.0
1769810987.464125,nrm.extra.perf.PAPI_L3_TCA.25468,313185701550.0
1769810987.464125,nrm.extra.perf.PAPI_TOT_INS.25468,101721347599343.0
1769810987.464125,nrm.extra.perf.PAPI_TOT_CYC.25468,173989521130710.0
1769810987.464125,nrm.extra.perf.PAPI_RES_STL.25468,85605687584609.0
1769810987.464125,nrm.extra.perf.PAPI_L3_TCM.25468,31143925975.0
1769810988.4661236,nrm.extra.perf.PAPI_L3_TCA.25468,313610067561.0
1769810988.4661236,nrm.extra.perf.PAPI_TOT_INS.25468,101858698344284.0
1769810988.4661236,nrm.extra.perf.PAPI_TOT_CYC.25468,174222000496000.0
1769810988.4661236,nrm.extra.perf.PAPI_RES_STL.25468,85721280371193.0
1769810988.4661236,nrm.extra.perf.PAPI_L3_TCM.25468,31185683516.0
1769810989.4680603,nrm.extra.perf.PAPI_L3_TCA.25468,314026372456.0
1769810989.4680603,nrm.extra.perf.PAPI_TOT_INS.25468,101994057263449.0
1769810989.4680603,nrm.extra.perf.PAPI_TOT_CYC.25468,174454465216646.0
1769810989.4680603,nrm.extra.perf.PAPI_RES_STL.25468,85834801624078.0
1769810989.4680603,nrm.extra.perf.PAPI_L3_TCM.25468,31226172236.0
1769810990.4641354,nrm.extra.perf.PAPI_L3_TCA.25468,314449214271.0
1769810990.4641354,nrm.extra.perf.PAPI_TOT_INS.25468,102130943069077.0
1769810990.4641354,nrm.extra.perf.PAPI_TOT_CYC.25468,174685406176469.0
1769810990.4641354,nrm.extra.perf.PAPI_RES_STL.25468,85949756354318.0
1769810990.4641354,nrm.extra.perf.PAPI_L3_TCM.25468,31266965445.0
1769810991.4641259,nrm.extra.perf.PAPI_L3_TCA.25468,314844095048.0
1769810991.4641259,nrm.extra.perf.PAPI_TOT_INS.25468,102259920117142.0
1769810991.4641259,nrm.extra.perf.PAPI_TOT_CYC.25468,174909877701300.0
1769810991.4641259,nrm.extra.perf.PAPI_RES_STL.25468,86057486109010.0
1769810991.4641259,nrm.extra.perf.PAPI_L3_TCM.25468,31305668312.0
1769810992.469113,nrm.extra.perf.PAPI_L3_TCA.25468,315265004119.0
1769810992.469113,nrm.extra.perf.PAPI_TOT_INS.25468,102396490107683.0
1769810992.469113,nrm.extra.perf.PAPI_TOT_CYC.25468,175142857671982.0
1769810992.469113,nrm.extra.perf.PAPI_RES_STL.25468,86172169249728.0
1769810992.469113,nrm.extra.perf.PAPI_L3_TCM.25468,31346875523.0
1769810993.4641027,nrm.extra.perf.PAPI_L3_TCA.25468,315647975010.0
1769810993.4641027,nrm.extra.perf.PAPI_TOT_INS.25468,102521842929369.0
1769810993.4641027,nrm.extra.perf.PAPI_TOT_CYC.25468,175362023103118.0
1769810993.4641027,nrm.extra.perf.PAPI_RES_STL.25468,86276721161422.0
1769810993.4641027,nrm.extra.perf.PAPI_L3_TCM.25468,31384232650.0
1769810994.4641185,nrm.extra.perf.PAPI_L3_TCA.25468,316070033399.0
1769810994.4641185,nrm.extra.perf.PAPI_TOT_INS.25468,102658495567130.0
1769810994.4641185,nrm.extra.perf.PAPI_TOT_CYC.25468,175593942801965.0
1769810994.4641185,nrm.extra.perf.PAPI_RES_STL.25468,86391398594419.0
1769810994.4641185,nrm.extra.perf.PAPI_L3_TCM.25468,31425965577.0
1769810995.4682603,nrm.extra.perf.PAPI_L3_TCA.25468,316488089149.0
1769810995.4682603,nrm.extra.perf.PAPI_TOT_INS.25468,102794099266028.0
1769810995.4682603,nrm.extra.perf.PAPI_TOT_CYC.25468,175825340830295.0
1769810995.4682603,nrm.extra.perf.PAPI_RES_STL.25468,86505243885893.0
1769810995.4682603,nrm.extra.perf.PAPI_L3_TCM.25468,31467019975.0
1769810996.4642053,nrm.extra.perf.PAPI_L3_TCA.25468,316871153568.0
1769810996.4642053,nrm.extra.perf.PAPI_TOT_INS.25468,102918275892462.0
1769810996.4642053,nrm.extra.perf.PAPI_TOT_CYC.25468,176036318801896.0
1769810996.4642053,nrm.extra.perf.PAPI_RES_STL.25468,86609422167930.0
1769810996.4642053,nrm.extra.perf.PAPI_L3_TCM.25468,31504469088.0
1769810997.4642453,nrm.extra.perf.PAPI_L3_TCA.25468,317256796107.0
1769810997.4642453,nrm.extra.perf.PAPI_TOT_INS.25468,103043251791716.0
1769810997.4642453,nrm.extra.perf.PAPI_TOT_CYC.25468,176248298951613.0
1769810997.4642453,nrm.extra.perf.PAPI_RES_STL.25468,86714361947827.0
1769810997.4642453,nrm.extra.perf.PAPI_L3_TCM.25468,31542367425.0
1769810998.4671497,nrm.extra.perf.PAPI_L3_TCA.25468,317643660117.0
1769810998.4671497,nrm.extra.perf.PAPI_TOT_INS.25468,103168354675836.0
1769810998.4671497,nrm.extra.perf.PAPI_TOT_CYC.25468,176460785360103.0
1769810998.4671497,nrm.extra.perf.PAPI_RES_STL.25468,86819617721358.0
1769810998.4671497,nrm.extra.perf.PAPI_L3_TCM.25468,31580363130.0
1769810999.464714,nrm.extra.perf.PAPI_L3_TCA.25468,318027169578.0
1769810999.464714,nrm.extra.perf.PAPI_TOT_INS.25468,103292631438512.0
1769810999.464714,nrm.extra.perf.PAPI_TOT_CYC.25468,176672093988591.0
1769810999.464714,nrm.extra.perf.PAPI_RES_STL.25468,86923993311083.0
1769810999.464714,nrm.extra.perf.PAPI_L3_TCM.25468,31618100326.0
1769811000.4636912,nrm.extra.perf.PAPI_L3_TCA.25468,318395714446.0
1769811000.4636912,nrm.extra.perf.PAPI_TOT_INS.25468,103412826686283.0
1769811000.4636912,nrm.extra.perf.PAPI_TOT_CYC.25468,176878378699529.0
1769811000.4636912,nrm.extra.perf.PAPI_RES_STL.25468,87024280231926.0
1769811000.4636912,nrm.extra.perf.PAPI_L3_TCM.25468,31653823319.0
1769811001.466227,nrm.extra.perf.PAPI_L3_TCA.25468,318766921441.0
1769811001.466227,nrm.extra.perf.PAPI_TOT_INS.25468,103533736976640.0
1769811001.466227,nrm.extra.perf.PAPI_TOT_CYC.25468,177087269859300.0
1769811001.466227,nrm.extra.perf.PAPI_RES_STL.25468,87125494801808.0
1769811001.466227,nrm.extra.perf.PAPI_L3_TCM.25468,31690365955.0
1769811002.4682133,nrm.extra.perf.PAPI_L3_TCA.25468,319152099385.0
1769811002.4682133,nrm.extra.perf.PAPI_TOT_INS.25468,103658412871419.0
1769811002.4682133,nrm.extra.perf.PAPI_TOT_CYC.25468,177299409945097.0
1769811002.4682133,nrm.extra.perf.PAPI_RES_STL.25468,87230343311797.0
1769811002.4682133,nrm.extra.perf.PAPI_L3_TCM.25468,31728354404.0
1769811003.4639282,nrm.extra.perf.PAPI_L3_TCA.25468,319543374252.0
1769811003.4639282,nrm.extra.perf.PAPI_TOT_INS.25468,103785278141263.0
1769811003.4639282,nrm.extra.perf.PAPI_TOT_CYC.25468,177514927936152.0
1769811003.4639282,nrm.extra.perf.PAPI_RES_STL.25468,87337062887388.0
1769811003.4639282,nrm.extra.perf.PAPI_L3_TCM.25468,31766600602.0
1769811004.4639032,nrm.extra.perf.PAPI_L3_TCA.25468,320053103065.0
1769811004.4639032,nrm.extra.perf.PAPI_TOT_INS.25468,103950431968890.0
1769811004.4639032,nrm.extra.perf.PAPI_TOT_CYC.25468,177796059131533.0
1769811004.4639032,nrm.extra.perf.PAPI_RES_STL.25468,87476512922495.0
1769811004.4639032,nrm.extra.perf.PAPI_L3_TCM.25468,31816536280.0
1769811005.465969,nrm.extra.perf.PAPI_L3_TCA.25468,320562443942.0
1769811005.465969,nrm.extra.perf.PAPI_TOT_INS.25468,104115397528113.0
1769811005.465969,nrm.extra.perf.PAPI_TOT_CYC.25468,178077078521825.0
1769811005.465969,nrm.extra.perf.PAPI_RES_STL.25468,87616205505674.0
1769811005.465969,nrm.extra.perf.PAPI_L3_TCM.25468,31866308914.0
1769811006.465878,nrm.extra.perf.PAPI_L3_TCA.25468,321071465957.0
1769811006.465878,nrm.extra.perf.PAPI_TOT_INS.25468,104280198541535.0
1769811006.465878,nrm.extra.perf.PAPI_TOT_CYC.25468,178357280230849.0
1769811006.465878,nrm.extra.perf.PAPI_RES_STL.25468,87755687799911.0
1769811006.465878,nrm.extra.perf.PAPI_L3_TCM.25468,31915825370.0
1769811007.4638948,nrm.extra.perf.PAPI_L3_TCA.25468,321576574238.0
1769811007.4638948,nrm.extra.perf.PAPI_TOT_INS.25468,104444074921805.0
1769811007.4638948,nrm.extra.perf.PAPI_TOT_CYC.25468,178636966952808.0
1769811007.4638948,nrm.extra.perf.PAPI_RES_STL.25468,87894205699496.0
1769811007.4638948,nrm.extra.perf.PAPI_L3_TCM.25468,31964772607.0
1769811008.4659066,nrm.extra.perf.PAPI_L3_TCA.25468,322086654272.0
1769811008.4659066,nrm.extra.perf.PAPI_TOT_INS.25468,104609229459257.0
1769811008.4659066,nrm.extra.perf.PAPI_TOT_CYC.25468,178917428357741.0
1769811008.4659066,nrm.extra.perf.PAPI_RES_STL.25468,88033923112067.0
1769811008.4659066,nrm.extra.perf.PAPI_L3_TCM.25468,32014440205.0
1769811009.4638915,nrm.extra.perf.PAPI_L3_TCA.25468,322594833846.0
1769811009.4638915,nrm.extra.perf.PAPI_TOT_INS.25468,104773659839939.0
1769811009.4638915,nrm.extra.perf.PAPI_TOT_CYC.25468,179197052678766.0
1769811009.4638915,nrm.extra.perf.PAPI_RES_STL.25468,88173318397752.0
1769811009.4638915,nrm.extra.perf.PAPI_L3_TCM.25468,32064063533.0
1769811010.466139,nrm.extra.perf.PAPI_L3_TCA.25468,323086722713.0
1769811010.466139,nrm.extra.perf.PAPI_TOT_INS.25468,104933923067666.0
1769811010.466139,nrm.extra.perf.PAPI_TOT_CYC.25468,179472889082998.0
1769811010.466139,nrm.extra.perf.PAPI_RES_STL.25468,88308244961985.0
1769811010.466139,nrm.extra.perf.PAPI_L3_TCM.25468,32111764371.0
1769811011.46697,nrm.extra.perf.PAPI_L3_TCA.25468,323596601797.0
1769811011.46697,nrm.extra.perf.PAPI_TOT_INS.25468,105098843594697.0
1769811011.46697,nrm.extra.perf.PAPI_TOT_CYC.25468,179752717766687.0
1769811011.46697,nrm.extra.perf.PAPI_RES_STL.25468,88448014036479.0
1769811011.46697,nrm.extra.perf.PAPI_L3_TCM.25468,32161288438.0
1769811012.463994,nrm.extra.perf.PAPI_L3_TCA.25468,324074317933.0
1769811012.463994,nrm.extra.perf.PAPI_TOT_INS.25468,105253469603795.0
1769811012.463994,nrm.extra.perf.PAPI_TOT_CYC.25468,180013878236038.0
1769811012.463994,nrm.extra.perf.PAPI_RES_STL.25468,88578152067644.0
1769811012.463994,nrm.extra.perf.PAPI_L3_TCM.25468,32207902645.0
1769811013.4640532,nrm.extra.perf.PAPI_L3_TCA.25468,324554408497.0
1769811013.4640532,nrm.extra.perf.PAPI_TOT_INS.25468,105408834783022.0
1769811013.4640532,nrm.extra.perf.PAPI_TOT_CYC.25468,180276158195333.0
1769811013.4640532,nrm.extra.perf.PAPI_RES_STL.25468,88708837600447.0
1769811013.4640532,nrm.extra.perf.PAPI_L3_TCM.25468,32254645104.0
1769811014.4636056,nrm.extra.perf.PAPI_L3_TCA.25468,324969434450.0
1769811014.4636056,nrm.extra.perf.PAPI_TOT_INS.25468,105545500968669.0
1769811014.4636056,nrm.extra.perf.PAPI_TOT_CYC.25468,180518211325259.0
1769811014.4636056,nrm.extra.perf.PAPI_RES_STL.25468,88822480910970.0
1769811014.4636056,nrm.extra.perf.PAPI_L3_TCM.25468,32294606378.0
1769811015.465027,nrm.extra.perf.PAPI_L3_TCA.25468,325333227687.0
1769811015.465027,nrm.extra.perf.PAPI_TOT_INS.25468,105667201513642.0
1769811015.465027,nrm.extra.perf.PAPI_TOT_CYC.25468,180743424104288.0
1769811015.465027,nrm.extra.perf.PAPI_RES_STL.25468,88922938040921.0
1769811015.465027,nrm.extra.perf.PAPI_L3_TCM.25468,32330231209.0
1769811016.4669883,nrm.extra.perf.PAPI_L3_TCA.25468,325814324067.0
1769811016.4669883,nrm.extra.perf.PAPI_TOT_INS.25468,105822792225162.0
1769811016.4669883,nrm.extra.perf.PAPI_TOT_CYC.25468,181006049839378.0
1769811016.4669883,nrm.extra.perf.PAPI_RES_STL.25468,89054044904163.0
1769811016.4669883,nrm.extra.perf.PAPI_L3_TCM.25468,32377270539.0
1769811017.4639962,nrm.extra.perf.PAPI_L3_TCA.25468,326292973193.0
1769811017.4639962,nrm.extra.perf.PAPI_TOT_INS.25468,105977553590632.0
1769811017.4639962,nrm.extra.perf.PAPI_TOT_CYC.25468,181267400049696.0
1769811017.4639962,nrm.extra.perf.PAPI_RES_STL.25468,89184608266783.0
1769811017.4639962,nrm.extra.perf.PAPI_L3_TCM.25468,32423931126.0
1769811018.4670403,nrm.extra.perf.PAPI_L3_TCA.25468,326774896968.0
1769811018.4670403,nrm.extra.perf.PAPI_TOT_INS.25468,106133491794379.0
1769811018.4670403,nrm.extra.perf.PAPI_TOT_CYC.25468,181530367160340.0
1769811018.4670403,nrm.extra.perf.PAPI_RES_STL.25468,89315879038405.0
1769811018.4670403,nrm.extra.perf.PAPI_L3_TCM.25468,32470888567.0
1769811019.4641378,nrm.extra.perf.PAPI_L3_TCA.25468,327253541803.0
1769811019.4641378,nrm.extra.perf.PAPI_TOT_INS.25468,106288381120690.0
1769811019.4641378,nrm.extra.perf.PAPI_TOT_CYC.25468,181791555461438.0
1769811019.4641378,nrm.extra.perf.PAPI_RES_STL.25468,89446217311465.0
1769811019.4641378,nrm.extra.perf.PAPI_L3_TCM.25468,32517455924.0
1769811020.468101,nrm.extra.perf.PAPI_L3_TCA.25468,327637473053.0
1769811020.468101,nrm.extra.perf.PAPI_TOT_INS.25468,106412989330805.0
1769811020.468101,nrm.extra.perf.PAPI_TOT_CYC.25468,182003584531849.0
1769811020.468101,nrm.extra.perf.PAPI_RES_STL.25468,89550791898372.0
1769811020.468101,nrm.extra.perf.PAPI_L3_TCM.25468,32555146290.0
1769811021.4661872,nrm.extra.perf.PAPI_L3_TCA.25468,328019851156.0
1769811021.4661872,nrm.extra.perf.PAPI_TOT_INS.25468,106536812110370.0
1769811021.4661872,nrm.extra.perf.PAPI_TOT_CYC.25468,182215119832901.0
1769811021.4661872,nrm.extra.perf.PAPI_RES_STL.25468,89654891905824.0
1769811021.4661872,nrm.extra.perf.PAPI_L3_TCM.25468,32593207181.0
1769811022.4642293,nrm.extra.perf.PAPI_L3_TCA.25468,328405831295.0
1769811022.4642293,nrm.extra.perf.PAPI_TOT_INS.25468,106661828768046.0
1769811022.4642293,nrm.extra.perf.PAPI_TOT_CYC.25468,182426689987598.0
1769811022.4642293,nrm.extra.perf.PAPI_RES_STL.25468,89759927985981.0
1769811022.4642293,nrm.extra.perf.PAPI_L3_TCM.25468,32631335756.0
1769811023.466179,nrm.extra.perf.PAPI_L3_TCA.25468,328792746170.0
1769811023.466179,nrm.extra.perf.PAPI_TOT_INS.25468,106787190701698.0
1769811023.466179,nrm.extra.perf.PAPI_TOT_CYC.25468,182638981559487.0
1769811023.466179,nrm.extra.perf.PAPI_RES_STL.25468,89865369341125.0
1769811023.466179,nrm.extra.perf.PAPI_L3_TCM.25468,32669851533.0
1769811024.4642115,nrm.extra.perf.PAPI_L3_TCA.25468,329174914352.0
1769811024.4642115,nrm.extra.perf.PAPI_TOT_INS.25468,106911230721636.0
1769811024.4642115,nrm.extra.perf.PAPI_TOT_CYC.25468,182850218039453.0
1769811024.4642115,nrm.extra.perf.PAPI_RES_STL.25468,89969402421288.0
1769811024.4642115,nrm.extra.perf.PAPI_L3_TCM.25468,32707653719.0
1769811025.4681375,nrm.extra.perf.PAPI_L3_TCA.25468,329560301900.0
1769811025.4681375,nrm.extra.perf.PAPI_TOT_INS.25468,107036117108875.0
1769811025.4681375,nrm.extra.perf.PAPI_TOT_CYC.25468,183062806550634.0
1769811025.4681375,nrm.extra.perf.PAPI_RES_STL.25468,90074260271778.0
1769811025.4681375,nrm.extra.perf.PAPI_L3_TCM.25468,32746015483.0
1769811026.464182,nrm.extra.perf.PAPI_L3_TCA.25468,329943449536.0
1769811026.464182,nrm.extra.perf.PAPI_TOT_INS.25468,107160350171039.0
1769811026.464182,nrm.extra.perf.PAPI_TOT_CYC.25468,183273736415021.0
1769811026.464182,nrm.extra.perf.PAPI_RES_STL.25468,90178669760293.0
1769811026.464182,nrm.extra.perf.PAPI_L3_TCM.25468,32783868948.0
1769811027.464258,nrm.extra.perf.PAPI_L3_TCA.25468,330324844955.0
1769811027.464258,nrm.extra.perf.PAPI_TOT_INS.25468,107284344886816.0
1769811027.464258,nrm.extra.perf.PAPI_TOT_CYC.25468,183485618439519.0
1769811027.464258,nrm.extra.perf.PAPI_RES_STL.25468,90282392716525.0
1769811027.464258,nrm.extra.perf.PAPI_L3_TCM.25468,32821750513.0
1769811028.4642293,nrm.extra.perf.PAPI_L3_TCA.25468,330727274854.0
1769811028.4642293,nrm.extra.perf.PAPI_TOT_INS.25468,107414862492020.0
1769811028.4642293,nrm.extra.perf.PAPI_TOT_CYC.25468,183708319466990.0
1769811028.4642293,nrm.extra.perf.PAPI_RES_STL.25468,90392058790081.0
1769811028.4642293,nrm.extra.perf.PAPI_L3_TCM.25468,32861854370.0
1769811029.4671586,nrm.extra.perf.PAPI_L3_TCA.25468,331107448410.0
1769811029.4671586,nrm.extra.perf.PAPI_TOT_INS.25468,107538968583680.0
1769811029.4671586,nrm.extra.perf.PAPI_TOT_CYC.25468,183923389014669.0
1769811029.4671586,nrm.extra.perf.PAPI_RES_STL.25468,90495976221459.0
1769811029.4671586,nrm.extra.perf.PAPI_L3_TCM.25468,32899528823.0
1769811030.4640803,nrm.extra.perf.PAPI_L3_TCA.25468,331511617863.0
1769811030.4640803,nrm.extra.perf.PAPI_TOT_INS.25468,107669934731328.0
1769811030.4640803,nrm.extra.perf.PAPI_TOT_CYC.25468,184145531458711.0
1769811030.4640803,nrm.extra.perf.PAPI_RES_STL.25468,90605973628079.0
1769811030.4640803,nrm.extra.perf.PAPI_L3_TCM.25468,32939721089.0
1769811031.464471,nrm.extra.perf.PAPI_L3_TCA.25468,331917575337.0
1769811031.464471,nrm.extra.perf.PAPI_TOT_INS.25468,107801666073604.0
1769811031.464471,nrm.extra.perf.PAPI_TOT_CYC.25468,184368277419201.0
1769811031.464471,nrm.extra.perf.PAPI_RES_STL.25468,90716391323557.0
1769811031.464471,nrm.extra.perf.PAPI_L3_TCM.25468,32979638198.0
1769811032.466175,nrm.extra.perf.PAPI_L3_TCA.25468,332322905858.0
1769811032.466175,nrm.extra.perf.PAPI_TOT_INS.25468,107932989015066.0
1769811032.466175,nrm.extra.perf.PAPI_TOT_CYC.25468,184591272054123.0
1769811032.466175,nrm.extra.perf.PAPI_RES_STL.25468,90826861090417.0
1769811032.466175,nrm.extra.perf.PAPI_L3_TCM.25468,33020000981.0
1769811033.464183,nrm.extra.perf.PAPI_L3_TCA.25468,332728403517.0
1769811033.464183,nrm.extra.perf.PAPI_TOT_INS.25468,108064211622975.0
1769811033.464183,nrm.extra.perf.PAPI_TOT_CYC.25468,184813399525122.0
1769811033.464183,nrm.extra.perf.PAPI_RES_STL.25468,90937403881677.0
1769811033.464183,nrm.extra.perf.PAPI_L3_TCM.25468,33060060271.0
1769811034.4671903,nrm.extra.perf.PAPI_L3_TCA.25468,333135929214.0
1769811034.4671903,nrm.extra.perf.PAPI_TOT_INS.25468,108196217327333.0
1769811034.4671903,nrm.extra.perf.PAPI_TOT_CYC.25468,185036939606450.0
1769811034.4671903,nrm.extra.perf.PAPI_RES_STL.25468,91048384259899.0
1769811034.4671903,nrm.extra.perf.PAPI_L3_TCM.25468,33100519156.0
1769811035.4641173,nrm.extra.perf.PAPI_L3_TCA.25468,333541124001.0
1769811035.4641173,nrm.extra.perf.PAPI_TOT_INS.25468,108327385737734.0
1769811035.4641173,nrm.extra.perf.PAPI_TOT_CYC.25468,185259170223553.0
1769811035.4641173,nrm.extra.perf.PAPI_RES_STL.25468,91158859726949.0
1769811035.4641173,nrm.extra.perf.PAPI_L3_TCM.25468,33140869566.0
1769811036.4658837,nrm.extra.perf.PAPI_L3_TCA.25468,334047598662.0
1769811036.4658837,nrm.extra.perf.PAPI_TOT_INS.25468,108491635916979.0
1769811036.4658837,nrm.extra.perf.PAPI_TOT_CYC.25468,185539245235911.0
1769811036.4658837,nrm.extra.perf.PAPI_RES_STL.25468,91297438595250.0
1769811036.4658837,nrm.extra.perf.PAPI_L3_TCM.25468,33190701482.0
1769811037.4637942,nrm.extra.perf.PAPI_L3_TCA.25468,334553711159.0
1769811037.4637942,nrm.extra.perf.PAPI_TOT_INS.25468,108655949563312.0
1769811037.4637942,nrm.extra.perf.PAPI_TOT_CYC.25468,185819259884611.0
1769811037.4637942,nrm.extra.perf.PAPI_RES_STL.25468,91436030098466.0
1769811037.4637942,nrm.extra.perf.PAPI_L3_TCM.25468,33240207527.0
1769811038.4648619,nrm.extra.perf.PAPI_L3_TCA.25468,335063227373.0
1769811038.4648619,nrm.extra.perf.PAPI_TOT_INS.25468,108820954955701.0
1769811038.4648619,nrm.extra.perf.PAPI_TOT_CYC.25468,186100603020858.0
1769811038.4648619,nrm.extra.perf.PAPI_RES_STL.25468,91575898404153.0
1769811038.4648619,nrm.extra.perf.PAPI_L3_TCM.25468,33289815682.0
1769811039.4639406,nrm.extra.perf.PAPI_L3_TCA.25468,335571376002.0
1769811039.4639406,nrm.extra.perf.PAPI_TOT_INS.25468,108985544156465.0
1769811039.4639406,nrm.extra.perf.PAPI_TOT_CYC.25468,186380701034207.0
1769811039.4639406,nrm.extra.perf.PAPI_RES_STL.25468,91715162084228.0
1769811039.4639406,nrm.extra.perf.PAPI_L3_TCM.25468,33339424221.0
1769811040.4638643,nrm.extra.perf.PAPI_L3_TCA.25468,336078276147.0
1769811040.4638643,nrm.extra.perf.PAPI_TOT_INS.25468,109149691865297.0
1769811040.4638643,nrm.extra.perf.PAPI_TOT_CYC.25468,186660360507861.0
1769811040.4638643,nrm.extra.perf.PAPI_RES_STL.25468,91854057120061.0
1769811040.4638643,nrm.extra.perf.PAPI_L3_TCM.25468,33389543364.0
1769811041.4668949,nrm.extra.perf.PAPI_L3_TCA.25468,336586185329.0
1769811041.4668949,nrm.extra.perf.PAPI_TOT_INS.25468,109314250464092.0
1769811041.4668949,nrm.extra.perf.PAPI_TOT_CYC.25468,186941360637737.0
1769811041.4668949,nrm.extra.perf.PAPI_RES_STL.25468,91993225270841.0
1769811041.4668949,nrm.extra.perf.PAPI_L3_TCM.25468,33439925520.0
1769811042.4638908,nrm.extra.perf.PAPI_L3_TCA.25468,337087103949.0
1769811042.4638908,nrm.extra.perf.PAPI_TOT_INS.25468,109476874087610.0
1769811042.4638908,nrm.extra.perf.PAPI_TOT_CYC.25468,187219113543165.0
1769811042.4638908,nrm.extra.perf.PAPI_RES_STL.25468,92130404965845.0
1769811042.4638908,nrm.extra.perf.PAPI_L3_TCM.25468,33489160312.0
1769811043.4639134,nrm.extra.perf.PAPI_L3_TCA.25468,337591003520.0
1769811043.4639134,nrm.extra.perf.PAPI_TOT_INS.25468,109640433451573.0
1769811043.4639134,nrm.extra.perf.PAPI_TOT_CYC.25468,187499300554143.0
1769811043.4639134,nrm.extra.perf.PAPI_RES_STL.25468,92268579649589.0
1769811043.4639134,nrm.extra.perf.PAPI_L3_TCM.25468,33538632478.0
1769811044.467033,nrm.extra.perf.PAPI_L3_TCA.25468,338045693552.0
1769811044.467033,nrm.extra.perf.PAPI_TOT_INS.25468,109787899492123.0
1769811044.467033,nrm.extra.perf.PAPI_TOT_CYC.25468,187749660143862.0
1769811044.467033,nrm.extra.perf.PAPI_RES_STL.25468,92392630810703.0
1769811044.467033,nrm.extra.perf.PAPI_L3_TCM.25468,33582918134.0
1769811045.4640138,nrm.extra.perf.PAPI_L3_TCA.25468,338498924589.0
1769811045.4640138,nrm.extra.perf.PAPI_TOT_INS.25468,109934499644199.0
1769811045.4640138,nrm.extra.perf.PAPI_TOT_CYC.25468,187997339961555.0
1769811045.4640138,nrm.extra.perf.PAPI_RES_STL.25468,92516003630415.0
1769811045.4640138,nrm.extra.perf.PAPI_L3_TCM.25468,33627559250.0
1769811046.467032,nrm.extra.perf.PAPI_L3_TCA.25468,338953951291.0
1769811046.467032,nrm.extra.perf.PAPI_TOT_INS.25468,110081901085754.0
1769811046.467032,nrm.extra.perf.PAPI_TOT_CYC.25468,188246553345327.0
1769811046.467032,nrm.extra.perf.PAPI_RES_STL.25468,92640253842722.0
1769811046.467032,nrm.extra.perf.PAPI_L3_TCM.25468,33671872909.0
1769811047.4640348,nrm.extra.perf.PAPI_L3_TCA.25468,339404175768.0
1769811047.4640348,nrm.extra.perf.PAPI_TOT_INS.25468,110227940420788.0
1769811047.4640348,nrm.extra.perf.PAPI_TOT_CYC.25468,188494333939479.0
1769811047.4640348,nrm.extra.perf.PAPI_RES_STL.25468,92762764571058.0
1769811047.4640348,nrm.extra.perf.PAPI_L3_TCM.25468,33716177569.0
1769811048.4669988,nrm.extra.perf.PAPI_L3_TCA.25468,339858989665.0
1769811048.4669988,nrm.extra.perf.PAPI_TOT_INS.25468,110375265890275.0
1769811048.4669988,nrm.extra.perf.PAPI_TOT_CYC.25468,188743632657031.0
1769811048.4669988,nrm.extra.perf.PAPI_RES_STL.25468,92886767513709.0
1769811048.4669988,nrm.extra.perf.PAPI_L3_TCM.25468,33760734470.0
1769811049.4640427,nrm.extra.perf.PAPI_L3_TCA.25468,340312680266.0
1769811049.4640427,nrm.extra.perf.PAPI_TOT_INS.25468,110522000368820.0
1769811049.4640427,nrm.extra.perf.PAPI_TOT_CYC.25468,188991629305290.0
1769811049.4640427,nrm.extra.perf.PAPI_RES_STL.25468,93010298468278.0
1769811049.4640427,nrm.extra.perf.PAPI_L3_TCM.25468,33805496104.0
1769811050.4680169,nrm.extra.perf.PAPI_L3_TCA.25468,340768062046.0
1769811050.4680169,nrm.extra.perf.PAPI_TOT_INS.25468,110669467317943.0
1769811050.4680169,nrm.extra.perf.PAPI_TOT_CYC.25468,189241354972433.0
1769811050.4680169,nrm.extra.perf.PAPI_RES_STL.25468,93134551490427.0
1769811050.4680169,nrm.extra.perf.PAPI_L3_TCM.25468,33850145940.0
1769811051.4640586,nrm.extra.perf.PAPI_L3_TCA.25468,341222445715.0
1769811051.4640586,nrm.extra.perf.PAPI_TOT_INS.25468,110816464114227.0
1769811051.4640586,nrm.extra.perf.PAPI_TOT_CYC.25468,189489033953508.0
1769811051.4640586,nrm.extra.perf.PAPI_RES_STL.25468,93258279670127.0
1769811051.4640586,nrm.extra.perf.PAPI_L3_TCM.25468,33894975434.0
1769811052.4639194,nrm.extra.perf.PAPI_L3_TCA.25468,341730619008.0
1769811052.4639194,nrm.extra.perf.PAPI_TOT_INS.25468,110980803210813.0
1769811052.4639194,nrm.extra.perf.PAPI_TOT_CYC.25468,189767723444380.0
1769811052.4639194,nrm.extra.perf.PAPI_RES_STL.25468,93397458825098.0
1769811052.4639194,nrm.extra.perf.PAPI_L3_TCM.25468,33945109109.0
1769811053.4679024,nrm.extra.perf.PAPI_L3_TCA.25468,342242706507.0
1769811053.4679024,nrm.extra.perf.PAPI_TOT_INS.25468,111146586523748.0
1769811053.4679024,nrm.extra.perf.PAPI_TOT_CYC.25468,190048568976885.0
1769811053.4679024,nrm.extra.perf.PAPI_RES_STL.25468,93537525758073.0
1769811053.4679024,nrm.extra.perf.PAPI_L3_TCM.25468,33995486635.0
1769811053.5665998,nrm.extra.perf.PAPI_L3_TCA.25468,342291778578.0
1769811053.5665998,nrm.extra.perf.PAPI_TOT_INS.25468,111162695738466.0
1769811053.5665998,nrm.extra.perf.PAPI_TOT_CYC.25468,190076244103891.0
1769811053.5665998,nrm.extra.perf.PAPI_RES_STL.25468,93550940715345.0
1769811053.5665998,nrm.extra.perf.PAPI_L3_TCM.25468,34000134108.0
