time,value
1765052803.0168302,2.0
1765052803.0315516,3.0
1765052803.0463657,3.0
1765052803.0611732,3.0
1765052803.0757551,3.0
1765052803.090188,3.0
1765052803.1046937,3.0
1765052803.1191304,3.0
1765052803.133561,3.0
1765052803.148082,3.0
1765052803.1625943,3.0
1765052803.1771812,3.0
1765052803.1916656,3.0
1765052803.206219,3.0
1765052803.220669,3.0
1765052803.2351284,3.0
1765052803.2496693,3.0
1765052803.264134,3.0
1765052803.2786205,3.0
1765052803.293084,3.0
1765052803.307565,3.0
1765052803.3221781,3.0
1765052803.3366377,3.0
1765052803.35109,3.0
1765052803.3655703,3.0
1765052803.380063,3.0
1765052803.394537,3.0
1765052803.4107401,3.0
1765052803.425278,3.0
1765052803.4398258,3.0
1765052803.454395,3.0
1765052803.4689415,3.0
1765052803.4834936,3.0
1765052803.4935472,2.0
1765052803.508053,3.0
1765052803.5226038,3.0
1765052803.5371473,3.0
1765052803.5516646,3.0
1765052803.5661967,3.0
1765052803.5807488,3.0
1765052803.5953088,3.0
1765052803.6099343,3.0
1765052803.6244671,3.0
1765052803.63918,3.0
1765052803.653867,3.0
1765052803.6683989,3.0
1765052803.6830072,3.0
1765052803.697612,3.0
1765052803.7121675,3.0
1765052803.7268395,3.0
1765052803.7413483,3.0
1765052803.7513666,2.0
1765052803.7617738,2.0
1765052803.7722564,2.0
1765052803.782777,2.0
1765052803.793257,2.0
1765052803.8038032,2.0
1765052803.8143015,2.0
1765052803.8247778,2.0
1765052803.8353152,2.0
1765052803.8457615,2.0
1765052803.8562334,2.0
1765052803.8666942,2.0
1765052803.8771486,2.0
1765052803.8878038,2.0
1765052803.8982542,2.0
1765052803.9087234,2.0
1765052803.9191747,2.0
1765052803.929788,2.0
1765052803.9402723,2.0
1765052803.9521277,2.0
1765052803.9717016,2.0
1765052803.9830186,1.0
1765052803.993317,2.0
1765052804.003834,2.0
1765052804.0143187,2.0
1765052804.0249472,2.0
1765052804.035403,2.0
1765052804.0458705,2.0
1765052804.0563498,2.0
1765052804.0669627,2.0
1765052804.0774305,2.0
1765052804.0880265,2.0
1765052804.0984938,2.0
1765052804.1090944,2.0
1765052804.1195538,2.0
1765052804.1300123,2.0
1765052804.140498,2.0
1765052804.1509695,2.0
1765052804.1615508,2.0
1765052804.1719987,2.0
1765052804.182486,2.0
1765052804.192964,2.0
1765052804.2034187,2.0
1765052804.2138948,2.0
1765052804.224349,2.0
1765052804.2348545,2.0
1765052804.245437,2.0
1765052804.2558963,2.0
1765052804.266403,2.0
1765052804.2769759,2.0
1765052804.2874453,2.0
1765052804.2980437,2.0
1765052804.3085208,2.0
1765052804.319071,2.0
1765052804.3295429,2.0
1765052804.3400068,2.0
1765052804.3505595,2.0
1765052804.3610184,2.0
1765052804.37158,2.0
1765052804.3820324,2.0
1765052804.392562,2.0
1765052804.403023,2.0
1765052804.4135857,2.0
1765052804.4240448,2.0
1765052804.434599,2.0
1765052804.4450843,2.0
1765052804.4555366,2.0
1765052804.466179,2.0
1765052804.4766512,2.0
1765052804.4872105,2.0
1765052804.4976408,2.0
1765052804.5081084,2.0
1765052804.5186596,2.0
1765052804.529132,2.0
1765052804.5397105,2.0
1765052804.550184,2.0
1765052804.5606656,2.0
1765052804.571128,2.0
1765052804.581576,2.0
1765052804.592053,2.0
1765052804.6025338,2.0
1765052804.6131797,2.0
1765052804.6236498,2.0
1765052804.6341145,2.0
1765052804.6449802,2.0
1765052804.655521,2.0
1765052804.6659899,2.0
1765052804.676448,2.0
1765052804.6871505,2.0
1765052804.697574,2.0
1765052804.7080595,2.0
1765052804.718789,2.0
1765052804.7294128,2.0
1765052804.739865,2.0
1765052804.750325,2.0
1765052804.7608237,2.0
1765052804.7713187,2.0
1765052804.781752,2.0
1765052804.7921948,2.0
1765052804.802829,2.0
1765052804.8132977,2.0
1765052804.8238976,2.0
1765052804.8343492,2.0
1765052804.8448367,2.0
1765052804.8553162,2.0
1765052804.8659248,2.0
1765052804.8764274,2.0
1765052804.8870223,2.0
1765052804.8974676,2.0
1765052804.908066,2.0
1765052804.9185665,2.0
1765052804.9291368,2.0
1765052804.9396043,2.0
1765052804.9500554,2.0
1765052804.9611785,2.0
1765052804.976526,1.0
1765052804.9885235,1.0
1765052804.9987307,2.0
1765052805.009398,2.0
1765052805.0200489,2.0
1765052805.0305963,2.0
1765052805.0410914,2.0
1765052805.0515687,2.0
1765052805.0620224,2.0
1765052805.0724852,2.0
1765052805.0829854,2.0
1765052805.0934231,2.0
1765052805.1038952,2.0
1765052805.1143734,2.0
1765052805.12487,2.0
1765052805.135307,2.0
1765052805.1457644,2.0
1765052805.156279,2.0
1765052805.1667292,2.0
1765052805.177143,2.0
1765052805.1876068,2.0
1765052805.1980603,2.0
1765052805.2085006,2.0
1765052805.2189522,2.0
1765052805.2294097,2.0
1765052805.2398038,2.0
1765052805.2502904,2.0
1765052805.260737,2.0
1765052805.2711964,2.0
1765052805.2816658,2.0
1765052805.2921755,2.0
1765052805.3026714,2.0
1765052805.3131316,2.0
1765052805.3235853,2.0
1765052805.3340263,2.0
1765052805.3444808,2.0
1765052805.3549554,2.0
1765052805.3653953,2.0
1765052805.3760102,2.0
1765052805.386439,2.0
1765052805.3968916,2.0
1765052805.4073958,2.0
1765052805.417874,2.0
1765052805.428315,2.0
1765052805.4388316,2.0
1765052805.4492662,2.0
1765052805.4597433,2.0
1765052805.4703028,2.0
1765052805.4807293,2.0
1765052805.4913187,2.0
1765052805.5016978,2.0
1765052805.5121505,2.0
1765052805.5226624,2.0
1765052805.5331514,2.0
1765052805.5436175,2.0
1765052805.5540788,2.0
1765052805.5647335,2.0
1765052805.5751987,2.0
1765052805.5856917,2.0
1765052805.5961404,2.0
1765052805.6065934,2.0
1765052805.6170323,2.0
1765052805.627494,2.0
1765052805.637941,2.0
1765052805.64854,2.0
1765052805.6589177,2.0
1765052805.6693523,2.0
1765052805.6798055,2.0
1765052805.6905375,2.0
1765052805.70097,2.0
1765052805.7114103,2.0
1765052805.7221174,2.0
1765052805.7325282,2.0
1765052805.7429929,2.0
1765052805.7534359,2.0
1765052805.763868,2.0
1765052805.7743256,2.0
1765052805.7848172,2.0
1765052805.795281,2.0
1765052805.8057024,2.0
1765052805.8161697,2.0
1765052805.826655,2.0
1765052805.8371258,2.0
1765052805.8475707,2.0
1765052805.8580344,2.0
1765052805.8684804,2.0
1765052805.8789213,2.0
1765052805.8894103,2.0
1765052805.8998554,2.0
1765052805.9103057,2.0
1765052805.9207382,2.0
1765052805.9312954,2.0
1765052805.941778,2.0
1765052805.9533184,2.0
1765052805.9638503,2.0
1765052805.9793413,1.0
1765052805.9919887,1.0
1765052806.0021794,2.0
1765052806.0126565,2.0
1765052806.02316,2.0
1765052806.0336971,2.0
1765052806.0441551,2.0
1765052806.0546565,2.0
1765052806.0652952,2.0
1765052806.0759103,2.0
1765052806.0864096,2.0
1765052806.0968745,2.0
1765052806.1073399,2.0
1765052806.1178274,2.0
1765052806.128348,2.0
1765052806.138794,2.0
1765052806.149248,2.0
1765052806.159737,2.0
1765052806.1702073,2.0
1765052806.1806843,2.0
1765052806.191128,2.0
1765052806.201583,2.0
1765052806.2120266,2.0
1765052806.2225366,2.0
1765052806.2329667,2.0
1765052806.2433898,2.0
1765052806.253833,2.0
1765052806.264286,2.0
1765052806.2747364,2.0
1765052806.285163,2.0
1765052806.2956784,2.0
1765052806.3061817,2.0
1765052806.3165963,2.0
1765052806.327069,2.0
1765052806.3374982,2.0
1765052806.3480005,2.0
1765052806.3584294,2.0
1765052806.3688684,2.0
1765052806.3793297,2.0
1765052806.3897867,2.0
1765052806.400205,2.0
1765052806.410639,2.0
1765052806.421097,2.0
1765052806.4315324,2.0
1765052806.4419956,2.0
1765052806.4524179,2.0
1765052806.462885,2.0
1765052806.4733133,2.0
1765052806.4837217,2.0
1765052806.4945128,2.0
1765052806.5049162,2.0
1765052806.5153415,2.0
1765052806.5257576,2.0
1765052806.5362213,2.0
1765052806.5467193,2.0
1765052806.5571916,2.0
1765052806.5676556,2.0
1765052806.5781386,2.0
1765052806.5885465,2.0
1765052806.599017,2.0
1765052806.609507,2.0
1765052806.6199818,2.0
1765052806.630563,2.0
1765052806.6410182,2.0
1765052806.6517942,2.0
1765052806.662179,2.0
1765052806.672648,2.0
1765052806.6833584,2.0
1765052806.693734,2.0
1765052806.704199,2.0
1765052806.71466,2.0
1765052806.7253957,2.0
1765052806.7357404,2.0
1765052806.746184,2.0
1765052806.7566774,2.0
1765052806.7671337,2.0
1765052806.7775993,2.0
1765052806.7881985,2.0
1765052806.7986517,2.0
1765052806.8091187,2.0
1765052806.819601,2.0
1765052806.8300936,2.0
1765052806.84052,2.0
1765052806.851107,2.0
1765052806.8615885,2.0
1765052806.8722115,2.0
1765052806.8827503,2.0
1765052806.8932135,2.0
1765052806.903716,2.0
1765052806.9141474,2.0
1765052806.9246316,2.0
1765052806.9351048,2.0
1765052806.945533,2.0
1765052806.9568603,2.0
1765052806.9675066,2.0
1765052806.9802372,2.0
1765052806.990715,2.0
1765052807.0011659,2.0
1765052807.011612,2.0
1765052807.0220625,2.0
1765052807.0325174,2.0
1765052807.0429926,2.0
1765052807.0535462,2.0
1765052807.0642133,2.0
1765052807.074617,2.0
1765052807.0852237,2.0
1765052807.095692,2.0
1765052807.1061497,2.0
1765052807.1166496,2.0
1765052807.1271033,2.0
1765052807.1375692,2.0
1765052807.1480305,2.0
1765052807.1584504,2.0
1765052807.1688955,2.0
1765052807.1793358,2.0
1765052807.1897833,2.0
1765052807.2003539,2.0
1765052807.2108052,2.0
1765052807.221273,2.0
1765052807.2317398,2.0
1765052807.2421832,2.0
1765052807.2526345,2.0
1765052807.2630596,2.0
1765052807.2736259,2.0
1765052807.2842016,2.0
1765052807.2946496,2.0
1765052807.3051145,2.0
1765052807.315556,2.0
1765052807.3260906,2.0
1765052807.3365495,2.0
1765052807.3470001,2.0
1765052807.357631,2.0
1765052807.3684707,2.0
1765052807.378906,2.0
1765052807.3893528,2.0
1765052807.3997893,2.0
1765052807.410293,2.0
1765052807.420727,2.0
1765052807.431156,2.0
1765052807.441675,2.0
1765052807.4521236,2.0
1765052807.4626138,2.0
1765052807.47303,2.0
1765052807.4834514,2.0
1765052807.4939842,2.0
1765052807.5044398,2.0
1765052807.5148945,2.0
1765052807.5253515,2.0
1765052807.5358362,2.0
1765052807.5462544,2.0
1765052807.556719,2.0
1765052807.5671844,2.0
1765052807.5776095,2.0
1765052807.5880275,2.0
1765052807.5984879,2.0
1765052807.6089172,2.0
1765052807.6194205,2.0
1765052807.6297839,2.0
1765052807.6401856,2.0
1765052807.6509871,2.0
1765052807.6614017,2.0
1765052807.6718748,2.0
1765052807.6825001,2.0
1765052807.6928906,2.0
1765052807.7034223,2.0
1765052807.713843,2.0
1765052807.7245002,2.0
1765052807.73494,2.0
1765052807.7453678,2.0
1765052807.755788,2.0
1765052807.766238,2.0
1765052807.776668,2.0
1765052807.7870955,2.0
1765052807.7975273,2.0
1765052807.8079493,2.0
1765052807.8184707,2.0
1765052807.8289375,2.0
1765052807.83938,2.0
1765052807.8499398,2.0
1765052807.8603773,2.0
1765052807.8708236,2.0
1765052807.881311,2.0
1765052807.8918264,2.0
1765052807.9022698,2.0
1765052807.9127045,2.0
1765052807.9231718,2.0
1765052807.9336512,2.0
1765052807.9441626,2.0
1765052807.9560335,2.0
1765052807.9664783,2.0
1765052807.9775922,2.0
1765052807.9880364,2.0
1765052807.9985042,2.0
1765052808.008939,2.0
1765052808.0194762,2.0
1765052808.0299263,2.0
1765052808.0403605,2.0
1765052808.0508306,2.0
1765052808.0612984,2.0
1765052808.0717273,2.0
1765052808.0821395,2.0
1765052808.0926332,2.0
1765052808.1031048,2.0
1765052808.1136053,2.0
1765052808.1240394,2.0
1765052808.134604,2.0
1765052808.1449957,2.0
1765052808.1554508,2.0
1765052808.1659482,2.0
1765052808.1764295,2.0
1765052808.1868587,2.0
1765052808.1972895,2.0
1765052808.2077205,2.0
1765052808.218273,2.0
1765052808.228731,2.0
1765052808.2391648,2.0
1765052808.2496214,2.0
1765052808.260065,2.0
1765052808.2705216,2.0
1765052808.280974,2.0
1765052808.2914267,2.0
1765052808.3019667,2.0
1765052808.3124406,2.0
1765052808.322916,2.0
1765052808.3333735,2.0
1765052808.3439276,2.0
1765052808.3543751,2.0
1765052808.3648498,2.0
1765052808.3753197,2.0
1765052808.3857863,2.0
1765052808.3962238,2.0
1765052808.4067664,2.0
1765052808.417217,2.0
1765052808.4276905,2.0
1765052808.4381213,2.0
1765052808.4485824,2.0
1765052808.4590378,2.0
1765052808.4695754,2.0
1765052808.48005,2.0
1765052808.490519,2.0
1765052808.500963,2.0
1765052808.5114036,2.0
1765052808.5218408,2.0
1765052808.5323427,2.0
1765052808.5427747,2.0
1765052808.5532682,2.0
1765052808.5636837,2.0
1765052808.5741715,2.0
1765052808.5846279,2.0
1765052808.5952032,2.0
1765052808.6056373,2.0
1765052808.6161382,2.0
1765052808.6267102,2.0
1765052808.637154,2.0
1765052808.6477878,2.0
1765052808.6581945,2.0
1765052808.668626,2.0
1765052808.6790547,2.0
1765052808.6897051,2.0
1765052808.7001367,2.0
1765052808.7105975,2.0
1765052808.7213254,2.0
1765052808.7316716,2.0
1765052808.742149,2.0
1765052808.7526643,2.0
1765052808.763099,2.0
1765052808.7735288,2.0
1765052808.7839606,2.0
1765052808.7945416,2.0
1765052808.8050258,2.0
1765052808.815484,2.0
1765052808.825936,2.0
1765052808.8363929,2.0
1765052808.8468444,2.0
1765052808.857338,2.0
1765052808.86781,2.0
1765052808.8782861,2.0
1765052808.8887196,2.0
1765052808.8992314,2.0
1765052808.909703,2.0
1765052808.920169,2.0
1765052808.9306178,2.0
1765052808.9410431,2.0
1765052808.9527242,2.0
1765052808.9631722,2.0
1765052808.9739742,2.0
1765052808.9845562,2.0
1765052808.9949944,2.0
1765052809.0055428,2.0
1765052809.0160248,2.0
1765052809.0264387,2.0
1765052809.0368915,2.0
1765052809.047344,2.0
1765052809.057813,2.0
1765052809.0682395,2.0
1765052809.078717,2.0
1765052809.0892243,2.0
1765052809.099757,2.0
1765052809.1105378,2.0
1765052809.1209714,2.0
1765052809.1314118,2.0
1765052809.1418734,2.0
1765052809.1523247,2.0
1765052809.162766,2.0
1765052809.1732314,2.0
1765052809.1837096,2.0
1765052809.194142,2.0
1765052809.204577,2.0
1765052809.2149951,2.0
1765052809.2254786,2.0
1765052809.2360044,2.0
1765052809.2464466,2.0
1765052809.256883,2.0
1765052809.2673488,2.0
1765052809.2778695,2.0
1765052809.2883127,2.0
1765052809.2987487,2.0
1765052809.3091984,2.0
1765052809.3196409,2.0
1765052809.330077,2.0
1765052809.3405447,2.0
1765052809.351038,2.0
1765052809.3614707,2.0
1765052809.371941,2.0
1765052809.382554,2.0
1765052809.3930726,2.0
1765052809.4034655,2.0
1765052809.4139013,2.0
1765052809.424338,2.0
1765052809.4348953,2.0
1765052809.445346,2.0
1765052809.4557936,2.0
1765052809.4662483,2.0
1765052809.4767234,2.0
1765052809.4871883,2.0
1765052809.49781,2.0
1765052809.5082557,2.0
1765052809.5187297,2.0
1765052809.5291836,2.0
1765052809.539636,2.0
1765052809.5501041,2.0
1765052809.5606992,2.0
1765052809.5711577,2.0
1765052809.5816016,2.0
1765052809.5921803,2.0
1765052809.6025813,2.0
1765052809.6129577,2.0
1765052809.6233861,2.0
1765052809.6337178,2.0
1765052809.644076,2.0
1765052809.6546507,2.0
1765052809.665046,2.0
1765052809.675419,2.0
1765052809.6858518,2.0
1765052809.6961863,2.0
1765052809.7066264,2.0
1765052809.7170162,2.0
1765052809.727482,2.0
1765052809.7379484,2.0
1765052809.7483184,2.0
1765052809.758703,2.0
1765052809.769089,2.0
1765052809.7794576,2.0
1765052809.7898986,2.0
1765052809.8002694,2.0
1765052809.8106222,2.0
1765052809.8209972,2.0
1765052809.831418,2.0
1765052809.8418324,2.0
1765052809.852163,2.0
1765052809.8625805,2.0
1765052809.872967,2.0
1765052809.8833995,2.0
1765052809.8938968,2.0
1765052809.904256,2.0
1765052809.9145994,2.0
1765052809.925005,2.0
1765052809.935413,2.0
1765052809.9457963,2.0
1765052809.9572449,2.0
1765052809.9676468,2.0
1765052809.9790115,2.0
1765052809.9894285,2.0
1765052809.9998007,2.0
1765052810.010149,2.0
1765052810.0205157,2.0
1765052810.0308552,2.0
1765052810.0412886,2.0
1765052810.0516496,2.0
1765052810.0620673,2.0
1765052810.0724645,2.0
1765052810.0828605,2.0
1765052810.0932844,2.0
1765052810.1037383,2.0
1765052810.1141095,2.0
1765052810.124484,2.0
1765052810.1349444,2.0
1765052810.1453302,2.0
1765052810.1557133,2.0
1765052810.1661232,2.0
1765052810.1765282,2.0
1765052810.1868804,2.0
1765052810.1972516,2.0
1765052810.2076998,2.0
1765052810.218017,2.0
1765052810.228501,2.0
1765052810.2388997,2.0
1765052810.2492788,2.0
1765052810.2596638,2.0
1765052810.2700202,2.0
1765052810.2804115,2.0
1765052810.2908576,2.0
1765052810.3012486,2.0
1765052810.3116157,2.0
1765052810.321987,2.0
1765052810.3323548,2.0
1765052810.342904,2.0
1765052810.3532734,2.0
1765052810.363705,2.0
1765052810.3740892,2.0
1765052810.384494,2.0
1765052810.3948553,2.0
1765052810.4052722,2.0
1765052810.4156492,2.0
1765052810.4260457,2.0
1765052810.436455,2.0
1765052810.4469314,2.0
1765052810.4573147,2.0
1765052810.4676886,2.0
1765052810.478129,2.0
1765052810.488541,2.0
1765052810.498931,2.0
1765052810.5093365,2.0
1765052810.5198228,2.0
1765052810.530227,2.0
1765052810.540622,2.0
1765052810.5511167,2.0
1765052810.5614781,2.0
1765052810.5718794,2.0
1765052810.5822558,2.0
1765052810.5926716,2.0
1765052810.6030326,2.0
1765052810.6134372,2.0
1765052810.6238608,2.0
1765052810.6342158,2.0
1765052810.6446006,2.0
1765052810.655123,2.0
1765052810.6656168,2.0
1765052810.6760058,2.0
1765052810.6873298,2.0
1765052810.6978517,2.0
1765052810.7082055,2.0
1765052810.7185822,2.0
1765052810.7290778,2.0
1765052810.7394485,2.0
1765052810.7498143,2.0
1765052810.760143,2.0
1765052810.7705142,2.0
1765052810.7809033,2.0
1765052810.7912538,2.0
1765052810.8017435,2.0
1765052810.812049,2.0
1765052810.8224225,2.0
1765052810.8327794,2.0
1765052810.843245,2.0
1765052810.853608,2.0
1765052810.8639874,2.0
1765052810.874331,2.0
1765052810.8847716,2.0
1765052810.895142,2.0
1765052810.905652,2.0
1765052810.916004,2.0
1765052810.9263787,2.0
1765052810.9368424,2.0
1765052810.9472466,2.0
1765052810.9590285,2.0
1765052810.9693427,2.0
1765052810.9843597,1.0
1765052810.996364,1.0
1765052811.0064955,2.0
1765052811.0168478,2.0
1765052811.0273104,2.0
1765052811.037708,2.0
1765052811.048103,2.0
1765052811.0585086,2.0
1765052811.0689392,2.0
1765052811.0793755,2.0
1765052811.089762,2.0
1765052811.100203,2.0
1765052811.1106992,2.0
1765052811.1210628,2.0
1765052811.1314518,2.0
1765052811.1418056,2.0
1765052811.1522052,2.0
1765052811.1628025,2.0
1765052811.1732285,2.0
1765052811.1835778,2.0
1765052811.1939533,2.0
1765052811.2043042,2.0
1765052811.2147214,2.0
1765052811.2250981,2.0
1765052811.2354972,2.0
1765052811.2459188,2.0
1765052811.2562716,2.0
1765052811.2666397,2.0
1765052811.277042,2.0
1765052811.2874534,2.0
1765052811.2977972,2.0
1765052811.3081448,2.0
1765052811.3186374,2.0
1765052811.3291001,2.0
1765052811.3394985,2.0
1765052811.3498578,2.0
1765052811.3602166,2.0
1765052811.3705695,2.0
1765052811.3809555,2.0
1765052811.3913045,2.0
1765052811.4017115,2.0
1765052811.412057,2.0
1765052811.4224038,2.0
1765052811.4327164,2.0
1765052811.4431145,2.0
1765052811.453544,2.0
1765052811.4639032,2.0
1765052811.4743109,2.0
1765052811.4846396,2.0
1765052811.495084,2.0
1765052811.5054693,2.0
1765052811.5158126,2.0
1765052811.5262332,2.0
1765052811.536604,2.0
1765052811.5469427,2.0
1765052811.557322,2.0
1765052811.567657,2.0
1765052811.5780084,2.0
1765052811.5885813,2.0
1765052811.5989466,2.0
1765052811.6092885,2.0
1765052811.619638,2.0
1765052811.6300137,2.0
1765052811.6403923,2.0
1765052811.651016,2.0
1765052811.661462,2.0
1765052811.6719248,2.0
1765052811.6823857,2.0
1765052811.6927416,2.0
1765052811.7031195,2.0
1765052811.7135956,2.0
1765052811.7241297,2.0
1765052811.7345128,2.0
1765052811.744919,2.0
1765052811.7553697,2.0
1765052811.7657056,2.0
1765052811.7760625,2.0
1765052811.7864401,2.0
1765052811.7968144,2.0
1765052811.807185,2.0
1765052811.8176777,2.0
1765052811.8280263,2.0
1765052811.8384638,2.0
1765052811.8488743,2.0
1765052811.8592937,2.0
1765052811.869732,2.0
1765052811.880237,2.0
1765052811.890599,2.0
1765052811.9009302,2.0
1765052811.9112964,2.0
1765052811.9217234,2.0
1765052811.9320712,2.0
1765052811.9425461,2.0
1765052811.9539373,2.0
1765052811.964601,2.0
1765052811.974917,2.0
1765052811.9853468,2.0
1765052812.0085354,1.0
1765052812.0186286,2.0
1765052812.0289702,2.0
1765052812.0393965,2.0
1765052812.0497365,2.0
1765052812.0601132,2.0
1765052812.070486,2.0
1765052812.0808544,2.0
1765052812.0912364,2.0
1765052812.1015987,2.0
1765052812.1120582,2.0
1765052812.122427,2.0
1765052812.1328259,2.0
1765052812.143191,2.0
1765052812.1537342,2.0
1765052812.1640825,2.0
1765052812.174414,2.0
1765052812.1847556,2.0
1765052812.1951363,2.0
1765052812.2054873,2.0
1765052812.215854,2.0
1765052812.2263432,2.0
1765052812.2368374,2.0
1765052812.2472897,2.0
1765052812.2577431,2.0
1765052812.2681727,2.0
1765052812.2786725,2.0
1765052812.2891815,2.0
1765052812.2996452,2.0
1765052812.3100936,2.0
1765052812.3205333,2.0
1765052812.3310711,2.0
1765052812.341504,2.0
1765052812.3519754,2.0
1765052812.3624127,2.0
1765052812.3728397,2.0
1765052812.3832939,2.0
1765052812.3937213,2.0
1765052812.404193,2.0
1765052812.4146807,2.0
1765052812.4252567,2.0
1765052812.43573,2.0
1765052812.4461799,2.0
1765052812.4566462,2.0
1765052812.467082,2.0
1765052812.477504,2.0
1765052812.4879491,2.0
1765052812.4984145,2.0
1765052812.508912,2.0
1765052812.5194223,2.0
1765052812.5298486,2.0
1765052812.540302,2.0
1765052812.5508125,2.0
1765052812.5611463,2.0
1765052812.5716074,2.0
1765052812.5820413,2.0
1765052812.5926359,2.0
1765052812.6030867,2.0
1765052812.6135383,2.0
1765052812.623989,2.0
1765052812.6345363,2.0
1765052812.6452944,2.0
1765052812.655909,2.0
1765052812.6663563,2.0
1765052812.6769052,2.0
1765052812.6875129,2.0
1765052812.6979077,2.0
1765052812.7082107,2.0
1765052812.7187653,2.0
1765052812.729322,2.0
1765052812.7397616,2.0
1765052812.7502105,2.0
1765052812.7606986,2.0
1765052812.7712407,2.0
1765052812.7817285,2.0
1765052812.7921748,2.0
1765052812.8026636,2.0
1765052812.8130808,2.0
1765052812.8235404,2.0
1765052812.834087,2.0
1765052812.8445313,2.0
1765052812.8549938,2.0
1765052812.865418,2.0
1765052812.8759058,2.0
1765052812.8863983,2.0
1765052812.8968716,2.0
1765052812.9074216,2.0
1765052812.9178753,2.0
1765052812.9283187,2.0
1765052812.9387684,2.0
1765052812.9506867,2.0
1765052812.9610918,2.0
1765052812.971477,2.0
1765052812.9818702,2.0
1765052812.9923356,2.0
1765052813.00281,2.0
1765052813.0133388,2.0
1765052813.0237877,2.0
1765052813.0342019,2.0
1765052813.049763,1.0
1765052813.0627363,1.0
1765052813.0729241,2.0
1765052813.0833902,2.0
1765052813.0939074,2.0
1765052813.104332,2.0
1765052813.1148946,2.0
1765052813.1253521,2.0
1765052813.135816,2.0
1765052813.1462944,2.0
1765052813.1568358,2.0
1765052813.1672854,2.0
1765052813.177835,2.0
1765052813.1882899,2.0
1765052813.198728,2.0
1765052813.2095447,2.0
1765052813.2200212,2.0
1765052813.230607,2.0
1765052813.241044,2.0
1765052813.2515604,2.0
1765052813.2619927,2.0
1765052813.2725675,2.0
1765052813.2829843,2.0
1765052813.2934563,2.0
1765052813.303913,2.0
1765052813.314404,2.0
1765052813.324883,2.0
1765052813.3353698,2.0
1765052813.345799,2.0
1765052813.3562539,2.0
1765052813.366715,2.0
1765052813.377223,2.0
1765052813.3876631,2.0
1765052813.3981102,2.0
1765052813.4085484,2.0
1765052813.4190116,2.0
1765052813.4295301,2.0
1765052813.4399745,2.0
1765052813.4503977,2.0
1765052813.4610338,2.0
1765052813.4727633,2.0
1765052813.4832478,2.0
1765052813.4938142,2.0
1765052813.5042698,2.0
1765052813.5148416,2.0
1765052813.5255027,2.0
1765052813.5359473,2.0
1765052813.5464642,2.0
1765052813.557093,2.0
1765052813.567574,2.0
1765052813.5781288,2.0
1765052813.5885637,2.0
1765052813.5991142,2.0
1765052813.6095326,2.0
1765052813.619946,2.0
1765052813.6303892,2.0
1765052813.6407638,2.0
1765052813.6514487,2.0
1765052813.6618824,2.0
1765052813.672394,2.0
1765052813.6829147,2.0
1765052813.6932993,2.0
1765052813.7037716,2.0
1765052813.714217,2.0
1765052813.7247927,2.0
1765052813.7351913,2.0
1765052813.7457027,2.0
1765052813.7562442,2.0
1765052813.7667367,2.0
1765052813.7771535,2.0
1765052813.7876923,2.0
1765052813.798113,2.0
1765052813.8087037,2.0
1765052813.8191664,2.0
1765052813.8296602,2.0
1765052813.8401058,2.0
1765052813.8505878,2.0
1765052813.86118,2.0
1765052813.871598,2.0
1765052813.8820622,2.0
1765052813.8925407,2.0
1765052813.9030313,2.0
1765052813.9135222,2.0
1765052813.923955,2.0
1765052813.9344444,2.0
1765052813.9449139,2.0
1765052813.9569595,2.0
1765052813.967402,2.0
1765052813.9778504,2.0
1765052813.9882944,2.0
1765052813.9987288,2.0
1765052814.0092406,2.0
1765052814.0196831,2.0
1765052814.030152,2.0
1765052814.0406363,2.0
1765052814.051075,2.0
1765052814.0616748,2.0
1765052814.0721326,2.0
1765052814.0825517,2.0
1765052814.0929964,2.0
1765052814.1035373,2.0
1765052814.1139548,2.0
1765052814.1243856,2.0
1765052814.1348708,2.0
1765052814.1453211,2.0
1765052814.155755,2.0
1765052814.1662016,2.0
1765052814.1766365,2.0
1765052814.1871414,2.0
1765052814.1975882,2.0
1765052814.2080145,2.0
1765052814.2184691,2.0
1765052814.2290027,2.0
1765052814.239509,2.0
1765052814.2499852,2.0
1765052814.2604792,2.0
1765052814.270946,2.0
1765052814.2814102,2.0
1765052814.2918828,2.0
1765052814.3023279,2.0
1765052814.312768,2.0
1765052814.3232098,2.0
1765052814.3337576,2.0
1765052814.3442245,2.0
1765052814.3546576,2.0
1765052814.3651268,2.0
1765052814.375597,2.0
1765052814.386076,2.0
1765052814.3965816,2.0
1765052814.4070556,2.0
1765052814.417444,2.0
1765052814.4278853,2.0
1765052814.4383235,2.0
1765052814.448755,2.0
1765052814.4592438,2.0
1765052814.469718,2.0
1765052814.480555,2.0
1765052814.4911065,2.0
1765052814.5015895,2.0
1765052814.5120478,2.0
1765052814.5226417,2.0
1765052814.5330977,2.0
1765052814.543564,2.0
1765052814.554022,2.0
1765052814.5646303,2.0
1765052814.5750751,2.0
1765052814.5855463,2.0
1765052814.595981,2.0
1765052814.6065445,2.0
1765052814.6169925,2.0
1765052814.62744,2.0
1765052814.6378877,2.0
1765052814.6482844,2.0
1765052814.6587024,2.0
1765052814.669193,2.0
1765052814.6796224,2.0
1765052814.6902192,2.0
1765052814.700668,2.0
1765052814.7111087,2.0
1765052814.7217095,2.0
1765052814.7321799,2.0
1765052814.7426178,2.0
1765052814.7530794,2.0
1765052814.7635598,2.0
1765052814.7740169,2.0
1765052814.7845805,2.0
1765052814.7949998,2.0
1765052814.8055236,2.0
1765052814.8159575,2.0
1765052814.8264227,2.0
1765052814.8368254,2.0
1765052814.847293,2.0
1765052814.8576908,2.0
1765052814.8680873,2.0
1765052814.8785148,2.0
1765052814.8889582,2.0
1765052814.8993473,2.0
1765052814.9098523,2.0
1765052814.9202697,2.0
1765052814.9306657,2.0
1765052814.941132,2.0
1765052814.9527147,2.0
1765052814.963124,2.0
1765052814.9736822,2.0
1765052814.9840813,2.0
1765052814.9945772,2.0
1765052815.004992,2.0
1765052815.0154183,2.0
1765052815.025918,2.0
1765052815.0363312,2.0
1765052815.0467322,2.0
1765052815.0570817,2.0
1765052815.0674794,2.0
1765052815.0778766,2.0
1765052815.088309,2.0
1765052815.098769,2.0
1765052815.1092083,2.0
1765052815.1196349,2.0
1765052815.1300595,2.0
1765052815.1405203,2.0
1765052815.1510422,2.0
1765052815.1614687,2.0
1765052815.1719306,2.0
1765052815.1823585,2.0
1765052815.1927977,2.0
1765052815.2032006,2.0
1765052815.2135997,2.0
1765052815.2240233,2.0
1765052815.23442,2.0
1765052815.2448525,2.0
1765052815.2555258,2.0
1765052815.2659366,2.0
1765052815.2763824,2.0
1765052815.2868495,2.0
1765052815.297251,2.0
1765052815.3077173,2.0
1765052815.3181777,2.0
1765052815.3285735,2.0
1765052815.3389575,2.0
1765052815.3493547,2.0
1765052815.3597806,2.0
1765052815.3701992,2.0
1765052815.3806257,2.0
1765052815.3910944,2.0
1765052815.401513,2.0
1765052815.4119287,2.0
1765052815.4223368,2.0
1765052815.432871,2.0
1765052815.4432752,2.0
1765052815.4536655,2.0
1765052815.4640892,2.0
1765052815.4745233,2.0
1765052815.4849644,2.0
1765052815.4954705,2.0
1765052815.50587,2.0
1765052815.5161173,2.0
1765052815.5264997,2.0
1765052815.536913,2.0
1765052815.5473745,2.0
1765052815.5577908,2.0
1765052815.5681882,2.0
1765052815.578609,2.0
1765052815.5889814,2.0
1765052815.5993965,2.0
1765052815.6098058,2.0
1765052815.6202483,2.0
1765052815.6307015,2.0
1765052815.641085,2.0
1765052815.651648,2.0
1765052815.6620219,2.0
1765052815.6724846,2.0
1765052815.6830053,2.0
1765052815.693376,2.0
1765052815.7038076,2.0
1765052815.7142053,2.0
1765052815.724755,2.0
1765052815.7351289,2.0
1765052815.745559,2.0
1765052815.7559588,2.0
1765052815.7664213,2.0
1765052815.7767968,2.0
1765052815.7872133,2.0
1765052815.7977142,2.0
1765052815.808125,2.0
1765052815.8185506,2.0
1765052815.82896,2.0
1765052815.839374,2.0
1765052815.8498085,2.0
1765052815.8602118,2.0
1765052815.8706462,2.0
1765052815.88176,2.0
1765052815.8921778,2.0
1765052815.9025822,2.0
1765052815.9129734,2.0
1765052815.9233763,2.0
1765052815.9337974,2.0
1765052815.9442103,2.0
1765052815.9557571,2.0
1765052815.96616,2.0
1765052815.9766371,2.0
1765052815.9870415,2.0
1765052815.9975917,2.0
1765052816.00801,2.0
1765052816.018417,2.0
1765052816.0288477,2.0
1765052816.0392873,2.0
1765052816.0495608,2.0
1765052816.059978,2.0
1765052816.0704396,2.0
1765052816.0808597,2.0
1765052816.0913033,2.0
1765052816.1017156,2.0
1765052816.1121953,2.0
1765052816.1226065,2.0
1765052816.1329987,2.0
1765052816.1434736,2.0
1765052816.153845,2.0
1765052816.1643226,2.0
1765052816.1746979,2.0
1765052816.1851008,2.0
1765052816.195518,2.0
1765052816.2060652,2.0
1765052816.2164736,2.0
1765052816.2269292,2.0
1765052816.2373412,2.0
1765052816.247738,2.0
1765052816.2581356,2.0
1765052816.2685692,2.0
1765052816.2790935,2.0
1765052816.28947,2.0
1765052816.2998748,2.0
1765052816.3102553,2.0
1765052816.3206513,2.0
1765052816.3310575,2.0
1765052816.3415754,2.0
1765052816.3519611,2.0
1765052816.3623683,2.0
1765052816.3727822,2.0
1765052816.3831987,2.0
1765052816.3936021,2.0
1765052816.404011,2.0
1765052816.4144332,2.0
1765052816.424831,2.0
1765052816.4352248,2.0
1765052816.4456277,2.0
1765052816.4560664,2.0
1765052816.4664667,2.0
1765052816.4768815,2.0
1765052816.4873767,2.0
1765052816.4977875,2.0
1765052816.5081913,2.0
1765052816.5185785,2.0
1765052816.5290499,2.0
1765052816.5394573,2.0
1765052816.5498385,2.0
1765052816.5602987,2.0
1765052816.5708385,2.0
1765052816.5812507,2.0
1765052816.5916839,2.0
1765052816.6020849,2.0
1765052816.6125157,2.0
1765052816.6229327,2.0
1765052816.6333458,2.0
1765052816.6437328,2.0
1765052816.6542244,2.0
1765052816.6646156,2.0
1765052816.6750128,2.0
1765052816.6854916,2.0
1765052816.6958206,2.0
1765052816.706243,2.0
1765052816.7166584,2.0
1765052816.727122,2.0
1765052816.7374842,2.0
1765052816.747967,2.0
1765052816.7584038,2.0
1765052816.768812,2.0
1765052816.7792497,2.0
1765052816.7896705,2.0
1765052816.8000627,2.0
1765052816.8104746,2.0
1765052816.8208745,2.0
1765052816.8312962,2.0
1765052816.8416755,2.0
1765052816.8520722,2.0
1765052816.8624668,2.0
1765052816.8728838,2.0
1765052816.8833716,2.0
1765052816.8938797,2.0
1765052816.9042702,2.0
1765052816.9146976,2.0
1765052816.9251368,2.0
1765052816.935551,2.0
1765052816.945964,2.0
1765052816.957594,2.0
1765052816.9680045,2.0
1765052816.9784195,2.0
1765052816.988844,2.0
1765052816.9993384,2.0
1765052817.009752,2.0
1765052817.0201826,2.0
1765052817.0305948,2.0
1765052817.041016,2.0
1765052817.051415,2.0
1765052817.061971,2.0
1765052817.0724025,2.0
1765052817.082919,2.0
1765052817.0933344,2.0
1765052817.1037374,2.0
1765052817.114212,2.0
1765052817.124625,2.0
1765052817.1350517,2.0
1765052817.1454997,2.0
1765052817.1558845,2.0
1765052817.166294,2.0
1765052817.1766932,2.0
1765052817.1871047,2.0
1765052817.1974976,2.0
1765052817.208042,2.0
1765052817.2184212,2.0
1765052817.2288175,2.0
1765052817.2392216,2.0
1765052817.2496238,2.0
1765052817.2600076,2.0
1765052817.2704804,2.0
1765052817.2810102,2.0
1765052817.2914672,2.0
1765052817.3024042,2.0
1765052817.3127775,2.0
1765052817.323317,2.0
1765052817.3338325,2.0
1765052817.3442764,2.0
1765052817.354678,2.0
1765052817.365057,2.0
1765052817.3755014,2.0
1765052817.386002,2.0
1765052817.3964543,2.0
1765052817.4068658,2.0
1765052817.4172447,2.0
1765052817.4276834,2.0
1765052817.4380715,2.0
1765052817.4484127,2.0
1765052817.4588344,2.0
1765052817.4692125,2.0
1765052817.479712,2.0
1765052817.4904287,2.0
1765052817.500781,2.0
1765052817.5111742,2.0
1765052817.521586,2.0
1765052817.5321374,2.0
1765052817.5425847,2.0
1765052817.5531476,2.0
1765052817.5636146,2.0
1765052817.574021,2.0
1765052817.58455,2.0
1765052817.5949533,2.0
1765052817.6055646,2.0
1765052817.615983,2.0
1765052817.6263983,2.0
1765052817.6368308,2.0
1765052817.6474485,2.0
1765052817.6577373,2.0
1765052817.668227,2.0
1765052817.6787288,2.0
1765052817.6894267,2.0
1765052817.6999238,2.0
1765052817.71137,2.0
1765052817.7221212,2.0
1765052817.7325327,2.0
1765052817.7429757,2.0
1765052817.7534888,2.0
1765052817.764038,2.0
1765052817.7745504,2.0
1765052817.7850304,2.0
1765052817.7955253,2.0
1765052817.8059974,2.0
1765052817.8164697,2.0
1765052817.8269725,2.0
1765052817.837483,2.0
1765052817.8479326,2.0
1765052817.8583956,2.0
1765052817.8688614,2.0
1765052817.8793755,2.0
1765052817.88984,2.0
1765052817.9003367,2.0
1765052817.9108021,2.0
1765052817.9212823,2.0
1765052817.9317727,2.0
1765052817.9422708,2.0
1765052817.9537294,2.0
1765052817.9643853,2.0
1765052817.9748738,2.0
1765052817.9853368,2.0
1765052817.9958344,2.0
1765052818.006299,2.0
1765052818.0167706,2.0
1765052818.0272543,2.0
1765052818.0377529,2.0
1765052818.0482812,2.0
1765052818.0587595,2.0
1765052818.069227,2.0
1765052818.0796711,2.0
1765052818.0901535,2.0
1765052818.1006362,2.0
1765052818.1111038,2.0
1765052818.1216025,2.0
1765052818.1320992,2.0
1765052818.1425793,2.0
1765052818.1530573,2.0
1765052818.163527,2.0
1765052818.1740508,2.0
1765052818.184539,2.0
1765052818.195047,2.0
1765052818.205511,2.0
1765052818.2160208,2.0
1765052818.2264738,2.0
1765052818.2369483,2.0
1765052818.2477276,2.0
1765052818.2582238,2.0
1765052818.2687175,2.0
1765052818.2793226,2.0
1765052818.2897856,2.0
1765052818.3002326,2.0
1765052818.3107371,2.0
1765052818.3212547,2.0
1765052818.3316972,2.0
1765052818.3422155,2.0
1765052818.3528235,2.0
1765052818.36333,2.0
1765052818.3737977,2.0
1765052818.3842926,2.0
1765052818.3947482,2.0
1765052818.405356,2.0
1765052818.415879,2.0
1765052818.4263666,2.0
1765052818.4369109,2.0
1765052818.4474099,2.0
1765052818.4578853,2.0
1765052818.468386,2.0
1765052818.4788692,2.0
1765052818.4897413,2.0
1765052818.5001047,2.0
1765052818.5108309,2.0
1765052818.5214195,2.0
1765052818.531901,2.0
1765052818.5424137,2.0
1765052818.5531347,2.0
1765052818.563597,2.0
1765052818.5740898,2.0
1765052818.5845766,2.0
1765052818.5950463,2.0
1765052818.605554,2.0
1765052818.6160264,2.0
1765052818.6265228,2.0
1765052818.6369925,2.0
1765052818.64785,2.0
1765052818.65824,2.0
1765052818.6687403,2.0
1765052818.6793532,2.0
1765052818.6899128,2.0
1765052818.7003455,2.0
1765052818.7108352,2.0
1765052818.721529,2.0
1765052818.731889,2.0
1765052818.7424374,2.0
1765052818.752904,2.0
1765052818.7634132,2.0
1765052818.7738945,2.0
1765052818.7843804,2.0
1765052818.7949388,2.0
1765052818.805391,2.0
1765052818.8158607,2.0
1765052818.8263674,2.0
1765052818.8368719,2.0
1765052818.84752,2.0
1765052818.8580015,2.0
1765052818.868479,2.0
1765052818.8789616,2.0
1765052818.8894083,2.0
1765052818.9000454,2.0
1765052818.9104893,2.0
1765052818.9209533,2.0
1765052818.9314075,2.0
1765052818.9418943,2.0
1765052818.9523668,2.0
1765052818.9633703,2.0
1765052818.9738948,2.0
1765052818.9844465,2.0
1765052818.9948907,2.0
1765052819.0053794,2.0
1765052819.0158725,2.0
1765052819.0263228,2.0
1765052819.036755,2.0
1765052819.047268,2.0
1765052819.0577316,2.0
1765052819.0681918,2.0
1765052819.0786698,2.0
1765052819.089108,2.0
1765052819.0995781,2.0
1765052819.1101449,2.0
1765052819.1206715,2.0
1765052819.1310902,2.0
1765052819.1415896,2.0
1765052819.1521242,2.0
1765052819.1625926,2.0
1765052819.173037,2.0
1765052819.1835186,2.0
1765052819.1940932,2.0
1765052819.2045226,2.0
1765052819.2149508,2.0
1765052819.2254896,2.0
1765052819.2359343,2.0
1765052819.2463613,2.0
1765052819.2568157,2.0
1765052819.2672925,2.0
1765052819.2777574,2.0
1765052819.2883234,2.0
1765052819.2988818,2.0
1765052819.3093543,2.0
1765052819.3198097,2.0
1765052819.3302505,2.0
1765052819.340749,2.0
1765052819.351382,2.0
1765052819.3618243,2.0
1765052819.37225,2.0
1765052819.3827484,2.0
1765052819.3932004,2.0
1765052819.4036336,2.0
1765052819.4140685,2.0
1765052819.4246473,2.0
1765052819.4350712,2.0
1765052819.4455552,2.0
1765052819.4561045,2.0
1765052819.4665349,2.0
1765052819.476974,2.0
1765052819.4874318,2.0
1765052819.49793,2.0
1765052819.5083504,2.0
1765052819.5188208,2.0
1765052819.5293272,2.0
1765052819.539773,2.0
1765052819.5502255,2.0
1765052819.5606792,2.0
1765052819.571127,2.0
1765052819.5817342,2.0
1765052819.5921693,2.0
1765052819.6026576,2.0
1765052819.6131067,2.0
1765052819.6235728,2.0
1765052819.633982,2.0
1765052819.6447275,2.0
1765052819.6551902,2.0
1765052819.6656325,2.0
1765052819.6760504,2.0
1765052819.6866217,2.0
1765052819.6969988,2.0
1765052819.707476,2.0
1765052819.7180047,2.0
1765052819.7284422,2.0
1765052819.7389085,2.0
1765052819.7493436,2.0
1765052819.7597847,2.0
1765052819.7702162,2.0
1765052819.7806442,2.0
1765052819.7911212,2.0
1765052819.8015532,2.0
1765052819.8119795,2.0
1765052819.8224888,2.0
1765052819.8329206,2.0
1765052819.843372,2.0
1765052819.853832,2.0
1765052819.8642511,2.0
1765052819.8851779,2.0
1765052819.9003868,1.0
1765052819.910696,2.0
1765052819.9211771,2.0
1765052819.9316907,2.0
1765052819.9422593,2.0
1765052819.9538345,2.0
1765052819.9644537,2.0
1765052819.9749224,2.0
1765052819.985453,2.0
1765052819.9961011,2.0
1765052820.0065792,2.0
1765052820.0170941,2.0
1765052820.027627,2.0
1765052820.0382268,2.0
1765052820.048749,2.0
1765052820.0592697,2.0
1765052820.0697618,2.0
1765052820.0802474,2.0
1765052820.0907454,2.0
1765052820.101301,2.0
1765052820.1118124,2.0
1765052820.1223974,2.0
1765052820.1328695,2.0
1765052820.1433945,2.0
1765052820.1538785,2.0
1765052820.1643891,2.0
1765052820.1749914,2.0
1765052820.185503,2.0
1765052820.1959982,2.0
1765052820.2065086,2.0
1765052820.2170258,2.0
1765052820.2275214,2.0
1765052820.2379785,2.0
1765052820.2484741,2.0
1765052820.2589822,2.0
1765052820.26949,2.0
1765052820.2799673,2.0
1765052820.2905424,2.0
1765052820.3011353,2.0
1765052820.3116195,2.0
1765052820.3221369,2.0
1765052820.332641,2.0
1765052820.3432477,2.0
1765052820.353751,2.0
1765052820.3642447,2.0
1765052820.3747423,2.0
1765052820.3852508,2.0
1765052820.3957336,2.0
1765052820.406221,2.0
1765052820.4167411,2.0
1765052820.4272878,2.0
1765052820.4377732,2.0
1765052820.4483464,2.0
1765052820.4588346,2.0
1765052820.4693427,2.0
1765052820.4799647,2.0
1765052820.4905558,2.0
1765052820.5009735,2.0
1765052820.5114777,2.0
1765052820.521951,2.0
1765052820.5324543,2.0
1765052820.5429544,2.0
1765052820.5534463,2.0
1765052820.5639362,2.0
1765052820.5744138,2.0
1765052820.5850415,2.0
1765052820.5955465,2.0
1765052820.606098,2.0
1765052820.6166131,2.0
1765052820.6271048,2.0
1765052820.6375985,2.0
1765052820.648109,2.0
1765052820.6585822,2.0
1765052820.6690772,2.0
1765052820.6796236,2.0
1765052820.6901712,2.0
1765052820.7006545,2.0
1765052820.71115,2.0
1765052820.7216907,2.0
1765052820.7321436,2.0
1765052820.7426338,2.0
1765052820.7531497,2.0
1765052820.7636733,2.0
1765052820.7741754,2.0
1765052820.784666,2.0
1765052820.7951674,2.0
1765052820.8058052,2.0
1765052820.8164258,2.0
1765052820.8269038,2.0
1765052820.8374412,2.0
1765052820.8478923,2.0
1765052820.85841,2.0
1765052820.868894,2.0
1765052820.8794456,2.0
1765052820.8899317,2.0
1765052820.9005075,2.0
1765052820.9110315,2.0
1765052820.9215,2.0
1765052820.9319746,2.0
1765052820.942483,2.0
1765052820.9542282,2.0
1765052820.9647417,2.0
1765052820.9752073,2.0
1765052820.9858131,2.0
1765052820.9963672,2.0
1765052821.0070257,2.0
1765052821.0175462,2.0
1765052821.0280366,2.0
1765052821.0385087,2.0
1765052821.0490103,2.0
1765052821.0595117,2.0
1765052821.0700316,2.0
1765052821.0805209,2.0
1765052821.0910497,2.0
1765052821.1015463,2.0
1765052821.111999,2.0
1765052821.122577,2.0
1765052821.133073,2.0
1765052821.1436038,2.0
1765052821.1541822,2.0
1765052821.1647115,2.0
1765052821.1751833,2.0
1765052821.1858196,2.0
1765052821.1963634,2.0
1765052821.2068434,2.0
1765052821.2173665,2.0
1765052821.2278564,2.0
1765052821.2385123,2.0
1765052821.2489936,2.0
1765052821.2595992,2.0
1765052821.2700853,2.0
1765052821.2805843,2.0
1765052821.2911015,2.0
1765052821.3015883,2.0
1765052821.3121843,2.0
1765052821.322664,2.0
1765052821.3331897,2.0
1765052821.3437295,2.0
1765052821.3542476,2.0
1765052821.3647404,2.0
1765052821.375231,2.0
1765052821.3857527,2.0
1765052821.3963516,2.0
1765052821.4070983,2.0
1765052821.4176466,2.0
1765052821.428137,2.0
1765052821.43865,2.0
1765052821.4491181,2.0
1765052821.459624,2.0
1765052821.469975,2.0
1765052821.4804955,2.0
1765052821.491087,2.0
1765052821.5015428,2.0
1765052821.5120084,2.0
1765052821.522564,2.0
1765052821.533095,2.0
1765052821.5435514,2.0
1765052821.5540586,2.0
1765052821.5645738,2.0
1765052821.575121,2.0
1765052821.5856335,2.0
1765052821.5961812,2.0
1765052821.6068032,2.0
1765052821.6174743,2.0
1765052821.6279953,2.0
1765052821.6386623,2.0
1765052821.6491597,2.0
1765052821.6596859,2.0
1765052821.6702049,2.0
1765052821.6807146,2.0
1765052821.6914687,2.0
1765052821.7019389,2.0
1765052821.71246,2.0
1765052821.7232432,2.0
1765052821.7336898,2.0
1765052821.7441978,2.0
1765052821.7548618,2.0
1765052821.765385,2.0
1765052821.7759216,2.0
1765052821.7863967,2.0
1765052821.7969713,2.0
1765052821.8075714,2.0
1765052821.8180978,2.0
1765052821.8286462,2.0
1765052821.8392317,2.0
1765052821.849765,2.0
1765052821.8603055,2.0
1765052821.8708136,2.0
1765052821.881377,2.0
1765052821.8918777,2.0
1765052821.902443,2.0
1765052821.912974,2.0
1765052821.9234753,2.0
1765052821.9339893,2.0
1765052821.9445133,2.0
1765052821.9563122,2.0
1765052821.9668157,2.0
1765052821.9773479,2.0
1765052821.9878676,2.0
1765052821.998411,2.0
1765052822.0089297,2.0
1765052822.0194519,2.0
1765052822.0300727,2.0
1765052822.0405064,2.0
1765052822.0510178,2.0
1765052822.061569,2.0
1765052822.072056,2.0
1765052822.0825555,2.0
1765052822.0930696,2.0
1765052822.103613,2.0
1765052822.1141043,2.0
1765052822.1246443,2.0
1765052822.13516,2.0
1765052822.1456735,2.0
1765052822.156195,2.0
1765052822.1667154,2.0
1765052822.1773312,2.0
1765052822.1878352,2.0
1765052822.1984565,2.0
1765052822.2089577,2.0
1765052822.21954,2.0
1765052822.2300413,2.0
1765052822.2405448,2.0
1765052822.2510955,2.0
1765052822.26168,2.0
1765052822.2722228,2.0
1765052822.2828622,2.0
1765052822.2933402,2.0
1765052822.3038645,2.0
1765052822.3145144,2.0
1765052822.3249948,2.0
1765052822.3356602,2.0
1765052822.3461385,2.0
1765052822.356768,2.0
1765052822.367328,2.0
1765052822.3778245,2.0
1765052822.3883722,2.0
1765052822.3988621,2.0
1765052822.4094045,2.0
1765052822.4200253,2.0
1765052822.4305222,2.0
1765052822.4410467,2.0
1765052822.4516017,2.0
1765052822.4621994,2.0
1765052822.472731,2.0
1765052822.4832704,2.0
1765052822.4988685,1.0
1765052822.5133836,1.0
1765052822.5238104,2.0
1765052822.5343199,2.0
1765052822.5449522,2.0
1765052822.5555415,2.0
1765052822.5660532,2.0
1765052822.5765789,2.0
1765052822.587201,2.0
1765052822.5977452,2.0
1765052822.6083167,2.0
1765052822.6188638,2.0
1765052822.6293747,2.0
1765052822.6398895,2.0
1765052822.6508021,2.0
1765052822.6613076,2.0
1765052822.6718266,2.0
1765052822.6824157,2.0
1765052822.692924,2.0
1765052822.703685,2.0
1765052822.7142131,2.0
1765052822.7249062,2.0
1765052822.735376,2.0
1765052822.7459428,2.0
1765052822.7564287,2.0
1765052822.767026,2.0
1765052822.7775338,2.0
1765052822.788047,2.0
1765052822.7985642,2.0
1765052822.8091056,2.0
1765052822.8196132,2.0
1765052822.830128,2.0
1765052822.84064,2.0
1765052822.8511384,2.0
1765052822.861717,2.0
1765052822.8722925,2.0
1765052822.8827972,2.0
1765052822.893429,2.0
1765052822.9040039,2.0
1765052822.9145806,2.0
1765052822.925192,2.0
1765052822.9357376,2.0
1765052822.9463656,2.0
1765052822.9582953,2.0
1765052822.9687417,2.0
1765052822.9793038,2.0
1765052822.98976,2.0
1765052823.0002553,2.0
1765052823.0107832,2.0
1765052823.0213244,2.0
1765052823.0318315,2.0
1765052823.04221,2.0
1765052823.0526419,2.0
1765052823.0631099,2.0
1765052823.0736086,2.0
1765052823.0841756,2.0
1765052823.0946527,2.0
1765052823.1051507,2.0
1765052823.115618,2.0
1765052823.1261039,2.0
1765052823.136678,2.0
1765052823.1471353,2.0
1765052823.1575916,2.0
1765052823.1680715,2.0
1765052823.1785033,2.0
1765052823.1890538,2.0
1765052823.1995652,2.0
1765052823.210041,2.0
1765052823.2205205,2.0
1765052823.230988,2.0
1765052823.2414737,2.0
1765052823.251928,2.0
1765052823.2624254,2.0
1765052823.272866,2.0
1765052823.2833347,2.0
1765052823.2938066,2.0
1765052823.3043044,2.0
1765052823.314865,2.0
1765052823.325354,2.0
1765052823.3358774,2.0
1765052823.3464305,2.0
1765052823.357003,2.0
1765052823.3677013,2.0
1765052823.3781555,2.0
1765052823.3886387,2.0
1765052823.3991373,2.0
1765052823.4096022,2.0
1765052823.4200659,2.0
1765052823.430538,2.0
1765052823.441049,2.0
1765052823.4517004,2.0
1765052823.462303,2.0
1765052823.4728405,2.0
1765052823.483325,2.0
1765052823.4938157,2.0
1765052823.5043495,2.0
1765052823.5149355,2.0
1765052823.5254614,2.0
1765052823.5359125,2.0
1765052823.5463831,2.0
1765052823.5568538,2.0
1765052823.5673554,2.0
1765052823.5777843,2.0
1765052823.588232,2.0
1765052823.598716,2.0
1765052823.6092076,2.0
1765052823.6196532,2.0
1765052823.6301575,2.0
1765052823.640736,2.0
1765052823.6515226,2.0
1765052823.6620135,2.0
1765052823.6725435,2.0
1765052823.6831431,2.0
1765052823.6936011,2.0
1765052823.7041008,2.0
1765052823.7145667,2.0
1765052823.7252717,2.0
1765052823.7357185,2.0
1765052823.7462714,2.0
1765052823.7567391,2.0
1765052823.767192,2.0
1765052823.7776647,2.0
1765052823.7881193,2.0
1765052823.7985787,2.0
1765052823.8090725,2.0
1765052823.8195415,2.0
1765052823.8300178,2.0
1765052823.8404956,2.0
1765052823.8509183,2.0
1765052823.8614023,2.0
1765052823.8718395,2.0
1765052823.8822913,2.0
1765052823.892776,2.0
1765052823.9032824,2.0
1765052823.9137287,2.0
1765052823.9241872,2.0
1765052823.9346278,2.0
1765052823.945163,2.0
1765052823.956101,2.0
1765052823.9666986,2.0
1765052823.9771683,2.0
1765052823.9876456,2.0
1765052823.998129,2.0
1765052824.0086195,2.0
1765052824.0191185,2.0
1765052824.0296237,2.0
1765052824.040076,2.0
1765052824.050552,2.0
1765052824.060991,2.0
1765052824.0714767,2.0
1765052824.0819426,2.0
1765052824.092578,2.0
1765052824.1030543,2.0
1765052824.1135468,2.0
1765052824.1239972,2.0
1765052824.1344721,2.0
1765052824.1450312,2.0
1765052824.1555347,2.0
1765052824.1659815,2.0
1765052824.1869097,2.0
1765052824.199709,1.0
1765052824.2099752,2.0
1765052824.220478,2.0
1765052824.231055,2.0
1765052824.2415495,2.0
1765052824.2520435,2.0
1765052824.2625122,2.0
1765052824.2730167,2.0
1765052824.2834742,2.0
1765052824.293963,2.0
1765052824.304449,2.0
1765052824.3149192,2.0
1765052824.325382,2.0
1765052824.335986,2.0
1765052824.346456,2.0
1765052824.3569212,2.0
1765052824.3673966,2.0
1765052824.3778138,2.0
1765052824.388324,2.0
1765052824.3987737,2.0
1765052824.409323,2.0
1765052824.4197938,2.0
1765052824.4302778,2.0
1765052824.4408958,2.0
1765052824.4513595,2.0
1765052824.4621015,2.0
1765052824.472564,2.0
1765052824.4830453,2.0
1765052824.49355,2.0
1765052824.5039713,2.0
1765052824.514443,2.0
1765052824.5248961,2.0
1765052824.5353463,2.0
1765052824.5458164,2.0
1765052824.5562687,2.0
1765052824.5667818,2.0
1765052824.5772972,2.0
1765052824.5877478,2.0
1765052824.5982864,2.0
1765052824.608741,2.0
1765052824.6192038,2.0
1765052824.6296527,2.0
1765052824.640169,2.0
1765052824.6508434,2.0
1765052824.6612942,2.0
1765052824.671767,2.0
1765052824.6823545,2.0
1765052824.6928515,2.0
1765052824.703329,2.0
1765052824.7137752,2.0
1765052824.7243123,2.0
1765052824.7347248,2.0
1765052824.745175,2.0
1765052824.755753,2.0
1765052824.7662468,2.0
1765052824.7767143,2.0
1765052824.7871647,2.0
1765052824.7976742,2.0
1765052824.8082087,2.0
1765052824.8186464,2.0
1765052824.8290899,2.0
1765052824.839561,2.0
1765052824.8500547,2.0
1765052824.860624,2.0
1765052824.8709724,2.0
1765052824.8814206,2.0
1765052824.8918877,2.0
1765052824.9023898,2.0
1765052824.9128447,2.0
1765052824.9233057,2.0
1765052824.9337656,2.0
1765052824.9440835,2.0
1765052824.955626,2.0
1765052824.9661348,2.0
1765052824.9766583,2.0
1765052824.9870148,2.0
1765052824.9976194,2.0
1765052825.0080955,2.0
1765052825.0184562,2.0
1765052825.0289125,2.0
1765052825.0393922,2.0
1765052825.0498693,2.0
1765052825.060342,2.0
1765052825.070818,2.0
1765052825.0813212,2.0
1765052825.0917711,2.0
1765052825.10224,2.0
1765052825.1127145,2.0
1765052825.1232483,2.0
1765052825.1338215,2.0
1765052825.1443157,2.0
1765052825.1547866,2.0
1765052825.1652687,2.0
1765052825.1757333,2.0
1765052825.186256,2.0
1765052825.1967473,2.0
1765052825.2072318,2.0
1765052825.2177994,2.0
1765052825.2282672,2.0
1765052825.23873,2.0
1765052825.2492027,2.0
1765052825.2596562,2.0
1765052825.270075,2.0
1765052825.2805572,2.0
1765052825.2909937,2.0
1765052825.3014724,2.0
1765052825.3119998,2.0
1765052825.322451,2.0
1765052825.3329287,2.0
1765052825.3433611,2.0
1765052825.3538644,2.0
1765052825.3643062,2.0
1765052825.374752,2.0
1765052825.3853626,2.0
1765052825.3958168,2.0
1765052825.4062977,2.0
1765052825.4167457,2.0
1765052825.427212,2.0
1765052825.4377816,2.0
1765052825.4482908,2.0
1765052825.458736,2.0
1765052825.4691877,2.0
1765052825.4796784,2.0
1765052825.4902682,2.0
1765052825.5009656,2.0
1765052825.5115235,2.0
1765052825.5219574,2.0
1765052825.5323942,2.0
1765052825.5429196,2.0
1765052825.553402,2.0
1765052825.5638669,2.0
1765052825.574309,2.0
1765052825.5848017,2.0
1765052825.5952437,2.0
1765052825.6057253,2.0
1765052825.6162426,2.0
1765052825.6267247,2.0
1765052825.6371732,2.0
1765052825.647894,2.0
1765052825.658296,2.0
1765052825.6687737,2.0
1765052825.6792574,2.0
1765052825.6898873,2.0
1765052825.7003608,2.0
1765052825.7108762,2.0
1765052825.721472,2.0
1765052825.7319217,2.0
1765052825.7423933,2.0
1765052825.7528677,2.0
1765052825.7633545,2.0
1765052825.773806,2.0
1765052825.7842815,2.0
1765052825.7947412,2.0
1765052825.8052416,2.0
1765052825.815736,2.0
1765052825.826197,2.0
1765052825.8366947,2.0
1765052825.8472073,2.0
1765052825.8576455,2.0
1765052825.8681285,2.0
1765052825.8785155,2.0
1765052825.888966,2.0
1765052825.8994498,2.0
1765052825.9099004,2.0
1765052825.9203563,2.0
1765052825.9309158,2.0
1765052825.9413724,2.0
1765052825.9518423,2.0
1765052825.9631865,2.0
1765052825.9737093,2.0
1765052825.9841795,2.0
1765052825.994669,2.0
1765052826.005145,2.0
1765052826.0157104,2.0
1765052826.026176,2.0
1765052826.0366833,2.0
1765052826.0471432,2.0
1765052826.0576198,2.0
1765052826.068137,2.0
1765052826.078602,2.0
1765052826.08905,2.0
1765052826.0995376,2.0
1765052826.1100008,2.0
1765052826.1204317,2.0
1765052826.1308978,2.0
1765052826.1414063,2.0
1765052826.1518836,2.0
1765052826.1623487,2.0
1765052826.1726735,2.0
1765052826.1831412,2.0
1765052826.193608,2.0
1765052826.2040825,2.0
1765052826.2146728,2.0
1765052826.2251217,2.0
1765052826.2355897,2.0
1765052826.2460463,2.0
1765052826.2566018,2.0
1765052826.2671173,2.0
1765052826.2775419,2.0
1765052826.2879848,2.0
1765052826.2984588,2.0
1765052826.308972,2.0
1765052826.319457,2.0
1765052826.3298993,2.0
1765052826.3403602,2.0
1765052826.350842,2.0
1765052826.3612537,2.0
1765052826.3718321,2.0
1765052826.3822708,2.0
1765052826.3927593,2.0
1765052826.403223,2.0
1765052826.4136715,2.0
1765052826.4241567,2.0
1765052826.4346168,2.0
1765052826.4450905,2.0
1765052826.4555478,2.0
1765052826.4659863,2.0
1765052826.4764636,2.0
1765052826.4869285,2.0
1765052826.4975364,2.0
1765052826.5079708,2.0
1765052826.518438,2.0
1765052826.5289135,2.0
1765052826.5394669,2.0
1765052826.5499263,2.0
1765052826.5604403,2.0
1765052826.570896,2.0
1765052826.5813627,2.0
1765052826.591848,2.0
1765052826.602303,2.0
1765052826.6127625,2.0
1765052826.6232533,2.0
1765052826.6337337,2.0
1765052826.6442142,2.0
1765052826.6547863,2.0
1765052826.665306,2.0
1765052826.6757677,2.0
1765052826.6863308,2.0
1765052826.6968257,2.0
1765052826.707268,2.0
1765052826.7177217,2.0
1765052826.7282782,2.0
1765052826.7387524,2.0
1765052826.7492967,2.0
1765052826.759748,2.0
1765052826.7701936,2.0
1765052826.7806616,2.0
1765052826.7910912,2.0
1765052826.8015835,2.0
1765052826.812093,2.0
1765052826.8225708,2.0
1765052826.8330185,2.0
1765052826.8434558,2.0
1765052826.8539639,2.0
1765052826.8644783,2.0
1765052826.8749187,2.0
1765052826.8853855,2.0
1765052826.8958318,2.0
1765052826.9063563,2.0
1765052826.916797,2.0
1765052826.9272492,2.0
1765052826.9377291,2.0
1765052826.9482698,2.0
1765052826.959455,2.0
1765052826.9699233,2.0
1765052826.9803996,2.0
1765052826.9908597,2.0
1765052827.0013201,2.0
1765052827.0119035,2.0
1765052827.022385,2.0
1765052827.03291,2.0
1765052827.0433712,2.0
1765052827.0538204,2.0
1765052827.0642927,2.0
1765052827.0747795,2.0
1765052827.085283,2.0
1765052827.0957448,2.0
1765052827.1061835,2.0
1765052827.1166215,2.0
1765052827.1271205,2.0
1765052827.1376934,2.0
1765052827.14815,2.0
1765052827.1586063,2.0
1765052827.1690388,2.0
1765052827.1796186,2.0
1765052827.1900733,2.0
1765052827.2005632,2.0
1765052827.2110043,2.0
1765052827.2215168,2.0
1765052827.2320087,2.0
1765052827.2424676,2.0
1765052827.252963,2.0
1765052827.2634213,2.0
1765052827.2738624,2.0
1765052827.2843916,2.0
1765052827.2949698,2.0
1765052827.3054519,2.0
1765052827.3158875,2.0
1765052827.3263834,2.0
1765052827.3368564,2.0
1765052827.3473365,2.0
1765052827.3577905,2.0
1765052827.3682597,2.0
1765052827.3787272,2.0
1765052827.3892767,2.0
1765052827.3997355,2.0
1765052827.4102492,2.0
1765052827.420724,2.0
1765052827.4311867,2.0
1765052827.4417102,2.0
1765052827.452246,2.0
1765052827.462683,2.0
1765052827.4731698,2.0
1765052827.4836407,2.0
1765052827.4942536,2.0
1765052827.504728,2.0
1765052827.5152535,2.0
1765052827.5257375,2.0
1765052827.5362,2.0
1765052827.5469258,2.0
1765052827.557402,2.0
1765052827.5678926,2.0
1765052827.5783405,2.0
1765052827.5887904,2.0
1765052827.5993218,2.0
1765052827.6099107,2.0
1765052827.6203916,2.0
1765052827.6308322,2.0
1765052827.6412845,2.0
1765052827.6518946,2.0
1765052827.6623745,2.0
1765052827.6729083,2.0
1765052827.6834447,2.0
1765052827.693851,2.0
1765052827.7043414,2.0
1765052827.7148812,2.0
1765052827.725589,2.0
1765052827.73603,2.0
1765052827.7464962,2.0
1765052827.7569876,2.0
1765052827.7674508,2.0
1765052827.7779236,2.0
1765052827.7885785,2.0
1765052827.799046,2.0
1765052827.80948,2.0
1765052827.819979,2.0
1765052827.8304284,2.0
1765052827.840875,2.0
1765052827.8513496,2.0
1765052827.8618147,2.0
1765052827.8722913,2.0
1765052827.8827314,2.0
1765052827.8931603,2.0
1765052827.9036627,2.0
1765052827.9141524,2.0
1765052827.9246366,2.0
1765052827.9351704,2.0
1765052827.9456463,2.0
1765052827.9574149,2.0
1765052827.9678915,2.0
1765052827.978365,2.0
1765052827.9888184,2.0
1765052827.9993112,2.0
1765052828.0097525,2.0
1765052828.020231,2.0
1765052828.0308287,2.0
1765052828.0413475,2.0
1765052828.0518064,2.0
1765052828.062277,2.0
1765052828.0727458,2.0
1765052828.0831916,2.0
1765052828.0937,2.0
1765052828.104188,2.0
1765052828.1146655,2.0
1765052828.12512,2.0
1765052828.135601,2.0
1765052828.1461003,2.0
1765052828.156562,2.0
1765052828.167035,2.0
1765052828.1775148,2.0
1765052828.1879795,2.0
1765052828.1985073,2.0
1765052828.208993,2.0
1765052828.219493,2.0
1765052828.2299452,2.0
1765052828.2406077,2.0
1765052828.2510939,2.0
1765052828.261558,2.0
1765052828.271985,2.0
1765052828.2825031,2.0
1765052828.2929747,2.0
1765052828.3034594,2.0
1765052828.3140104,2.0
1765052828.3244774,2.0
1765052828.3350463,2.0
1765052828.3455257,2.0
1765052828.3560193,2.0
1765052828.3665833,2.0
1765052828.3770225,2.0
1765052828.3874903,2.0
1765052828.397945,2.0
1765052828.408423,2.0
1765052828.419004,2.0
1765052828.4294577,2.0
1765052828.4399056,2.0
1765052828.450358,2.0
1765052828.460913,2.0
1765052828.471413,2.0
1765052828.4818962,2.0
1765052828.4923644,2.0
1765052828.502794,2.0
1765052828.513235,2.0
1765052828.5237124,2.0
1765052828.5341578,2.0
1765052828.5446494,2.0
1765052828.555115,2.0
1765052828.5655806,2.0
1765052828.5760353,2.0
1765052828.5866194,2.0
1765052828.5970676,2.0
1765052828.6075323,2.0
1765052828.6179967,2.0
1765052828.6285112,2.0
1765052828.6391337,2.0
1765052828.6498346,2.0
1765052828.6602962,2.0
1765052828.6707628,2.0
1765052828.681436,2.0
1765052828.6918786,2.0
1765052828.702421,2.0
1765052828.7129016,2.0
1765052828.723538,2.0
1765052828.7340074,2.0
1765052828.7446523,2.0
1765052828.7551386,2.0
1765052828.7656348,2.0
1765052828.7761083,2.0
1765052828.786738,2.0
1765052828.7972684,2.0
1765052828.8078854,2.0
1765052828.818363,2.0
1765052828.8288512,2.0
1765052828.8393602,2.0
1765052828.849922,2.0
1765052828.8603866,2.0
1765052828.8708925,2.0
1765052828.8813624,2.0
1765052828.8918152,2.0
1765052828.902338,2.0
1765052828.9128091,2.0
1765052828.9232879,2.0
1765052828.9337707,2.0
1765052828.944293,2.0
1765052828.9558125,2.0
1765052828.9663858,2.0
1765052828.976912,2.0
1765052828.9874294,2.0
1765052828.997934,2.0
1765052829.0084708,2.0
1765052829.018986,2.0
1765052829.0294907,2.0
1765052829.0400453,2.0
1765052829.0505462,2.0
1765052829.061058,2.0
1765052829.0715406,2.0
1765052829.082116,2.0
1765052829.092616,2.0
1765052829.1030743,2.0
1765052829.1135755,2.0
1765052829.1241386,2.0
1765052829.1346104,2.0
1765052829.1450794,2.0
1765052829.1556778,2.0
1765052829.1661718,2.0
1765052829.1766376,2.0
1765052829.1872318,2.0
1765052829.197727,2.0
1765052829.2082806,2.0
1765052829.2187545,2.0
1765052829.2292264,2.0
1765052829.2398524,2.0
1765052829.250332,2.0
1765052829.26083,2.0
1765052829.2713275,2.0
1765052829.281807,2.0
1765052829.2923205,2.0
1765052829.3027742,2.0
1765052829.313298,2.0
1765052829.3237908,2.0
1765052829.3343055,2.0
1765052829.344755,2.0
1765052829.3552346,2.0
1765052829.3658488,2.0
1765052829.3763397,2.0
1765052829.3869133,2.0
1765052829.397393,2.0
1765052829.4078867,2.0
1765052829.4183755,2.0
1765052829.4288661,2.0
1765052829.4393475,2.0
1765052829.4498105,2.0
1765052829.4603481,2.0
1765052829.470869,2.0
1765052829.481331,2.0
1765052829.4918637,2.0
1765052829.5023758,2.0
1765052829.512858,2.0
1765052829.523383,2.0
1765052829.5337322,2.0
1765052829.544243,2.0
1765052829.5547621,2.0
1765052829.5652947,2.0
1765052829.5757458,2.0
1765052829.5863483,2.0
1765052829.5970197,2.0
1765052829.6076427,2.0
1765052829.618112,2.0
1765052829.6286137,2.0
1765052829.6390815,2.0
1765052829.6499774,2.0
1765052829.660416,2.0
1765052829.6708765,2.0
1765052829.6815202,2.0
1765052829.6920028,2.0
1765052829.7025042,2.0
1765052829.7130418,2.0
1765052829.723642,2.0
1765052829.734124,2.0
1765052829.744635,2.0
1765052829.7551348,2.0
1765052829.7655995,2.0
1765052829.776176,2.0
1765052829.7866478,2.0
1765052829.797027,2.0
1765052829.8075035,2.0
1765052829.8179874,2.0
1765052829.8286283,2.0
1765052829.8391306,2.0
1765052829.8496275,2.0
1765052829.8601177,2.0
1765052829.870624,2.0
1765052829.881197,2.0
1765052829.891675,2.0
1765052829.9021423,2.0
1765052829.9126897,2.0
1765052829.9231374,2.0
1765052829.9336433,2.0
1765052829.9441013,2.0
1765052829.954601,2.0
1765052829.9657712,2.0
1765052829.9763234,2.0
1765052829.986928,2.0
1765052829.9973893,2.0
1765052830.0079157,2.0
1765052830.0183666,2.0
1765052830.0288336,2.0
1765052830.0393112,2.0
1765052830.0498145,2.0
1765052830.0602882,2.0
1765052830.0708055,2.0
1765052830.0812907,2.0
1765052830.091789,2.0
1765052830.102285,2.0
1765052830.1127348,2.0
1765052830.1232154,2.0
1765052830.1338296,2.0
1765052830.144299,2.0
1765052830.154776,2.0
1765052830.1652288,2.0
1765052830.175725,2.0
1765052830.1862085,2.0
1765052830.196655,2.0
1765052830.207114,2.0
1765052830.2175918,2.0
1765052830.2280543,2.0
1765052830.2384968,2.0
1765052830.2488887,2.0
1765052830.259337,2.0
1765052830.2697861,2.0
1765052830.2802675,2.0
1765052830.2907462,2.0
1765052830.3012476,2.0
1765052830.3116846,2.0
1765052830.3221827,2.0
1765052830.3327708,2.0
1765052830.3432374,2.0
1765052830.3537107,2.0
1765052830.3641813,2.0
1765052830.3746574,2.0
1765052830.3851228,2.0
1765052830.395619,2.0
1765052830.40611,2.0
1765052830.416612,2.0
1765052830.4270797,2.0
1765052830.4375405,2.0
1765052830.4480674,2.0
1765052830.4585779,2.0
1765052830.469036,2.0
1765052830.479599,2.0
1765052830.4901912,2.0
1765052830.5006356,2.0
1765052830.5111465,2.0
1765052830.5216372,2.0
1765052830.5320742,2.0
1765052830.5426345,2.0
1765052830.553083,2.0
1765052830.56357,2.0
1765052830.574042,2.0
1765052830.5845013,2.0
1765052830.5950224,2.0
1765052830.6054676,2.0
1765052830.6160407,2.0
1765052830.6264887,2.0
1765052830.6369543,2.0
1765052830.6475894,2.0
1765052830.657978,2.0
1765052830.6684034,2.0
1765052830.678884,2.0
1765052830.6894362,2.0
1765052830.699907,2.0
1765052830.7103527,2.0
1765052830.7208543,2.0
1765052830.7313,2.0
1765052830.741763,2.0
1765052830.7522867,2.0
1765052830.7627318,2.0
1765052830.7731752,2.0
1765052830.783675,2.0
1765052830.7941816,2.0
1765052830.8047552,2.0
1765052830.815207,2.0
1765052830.8256726,2.0
1765052830.836188,2.0
1765052830.8466623,2.0
1765052830.857142,2.0
1765052830.8675978,2.0
1765052830.8781493,2.0
1765052830.8885918,2.0
1765052830.8991578,2.0
1765052830.9096227,2.0
1765052830.9201071,2.0
1765052830.930557,2.0
1765052830.941062,2.0
1765052830.9526968,2.0
1765052830.9632082,2.0
1765052830.9737499,2.0
1765052830.984231,2.0
1765052830.9947393,2.0
1765052831.0052052,2.0
1765052831.0156908,2.0
1765052831.026166,2.0
1765052831.0366447,2.0
1765052831.047148,2.0
1765052831.0577629,2.0
1765052831.0682278,2.0
1765052831.0787103,2.0
1765052831.0892236,2.0
1765052831.0997355,2.0
1765052831.1102116,2.0
1765052831.1206656,2.0
1765052831.1311452,2.0
1765052831.1416066,2.0
1765052831.1520875,2.0
1765052831.162588,2.0
1765052831.1730433,2.0
1765052831.1836252,2.0
1765052831.194092,2.0
1765052831.2045608,2.0
1765052831.2150488,2.0
1765052831.2255313,2.0
1765052831.236074,2.0
1765052831.246537,2.0
1765052831.2569973,2.0
1765052831.2674744,2.0
1765052831.277953,2.0
1765052831.2884312,2.0
1765052831.2989159,2.0
1765052831.309361,2.0
1765052831.319939,2.0
1765052831.3303897,2.0
1765052831.3408349,2.0
1765052831.35131,2.0
1765052831.3617857,2.0
1765052831.3722749,2.0
1765052831.3827255,2.0
1765052831.393254,2.0
1765052831.403741,2.0
1765052831.4141877,2.0
1765052831.4246674,2.0
1765052831.4351065,2.0
1765052831.4455688,2.0
1765052831.4560292,2.0
1765052831.466535,2.0
1765052831.4770195,2.0
1765052831.4874713,2.0
1765052831.498055,2.0
1765052831.5085459,2.0
1765052831.5189936,2.0
1765052831.5294952,2.0
1765052831.539926,2.0
1765052831.5503657,2.0
1765052831.5609071,2.0
1765052831.5713756,2.0
1765052831.581848,2.0
1765052831.5923283,2.0
1765052831.6028888,2.0
1765052831.6133552,2.0
1765052831.623816,2.0
1765052831.6343033,2.0
1765052831.645219,2.0
1765052831.6556945,2.0
1765052831.6661646,2.0
1765052831.6767375,2.0
1765052831.6873465,2.0
1765052831.697792,2.0
1765052831.708298,2.0
1765052831.7188835,2.0
1765052831.7293167,2.0
1765052831.7397995,2.0
1765052831.7502885,2.0
1765052831.7608504,2.0
1765052831.7713485,2.0
1765052831.7818272,2.0
1765052831.792329,2.0
1765052831.8029332,2.0
1765052831.8132887,2.0
1765052831.8237784,2.0
1765052831.834227,2.0
1765052831.8447268,2.0
1765052831.8551898,2.0
1765052831.8656569,2.0
1765052831.876112,2.0
1765052831.8865743,2.0
1765052831.8971195,2.0
1765052831.9076304,2.0
1765052831.9180725,2.0
1765052831.9285698,2.0
1765052831.939055,2.0
1765052831.9495177,2.0
1765052831.961297,2.0
1765052831.971843,2.0
1765052831.9823382,2.0
1765052831.992787,2.0
1765052832.0032709,2.0
1765052832.0137115,2.0
1765052832.0242062,2.0
1765052832.0346692,2.0
1765052832.0451593,2.0
1765052832.0556617,2.0
1765052832.0661395,2.0
1765052832.0766082,2.0
1765052832.0869656,2.0
1765052832.0974073,2.0
1765052832.1078472,2.0
1765052832.1183887,2.0
1765052832.1288683,2.0
1765052832.1393569,2.0
1765052832.1498146,2.0
1765052832.1603081,2.0
1765052832.1707845,2.0
1765052832.1812415,2.0
1765052832.1916964,2.0
1765052832.2021503,2.0
1765052832.2126126,2.0
1765052832.2231152,2.0
1765052832.233619,2.0
1765052832.2441947,2.0
1765052832.2546759,2.0
1765052832.265185,2.0
1765052832.2756462,2.0
1765052832.2861238,2.0
1765052832.2964673,2.0
1765052832.3069222,2.0
1765052832.3174357,2.0
1765052832.3278613,2.0
1765052832.3383715,2.0
1765052832.3488245,2.0
1765052832.3593433,2.0
1765052832.3698277,2.0
1765052832.3802762,2.0
1765052832.3907733,2.0
1765052832.4012341,2.0
1765052832.4116998,2.0
1765052832.4221647,2.0
1765052832.4327402,2.0
1765052832.4432404,2.0
1765052832.4537194,2.0
1765052832.4642088,2.0
1765052832.474667,2.0
1765052832.4851234,2.0
1765052832.4957,2.0
1765052832.5061703,2.0
1765052832.5167906,2.0
1765052832.5272462,2.0
1765052832.5377114,2.0
1765052832.548199,2.0
1765052832.558683,2.0
1765052832.5691369,2.0
1765052832.579727,2.0
1765052832.5902004,2.0
1765052832.6006944,2.0
1765052832.6111755,2.0
1765052832.621654,2.0
1765052832.632083,2.0
1765052832.642574,2.0
1765052832.653222,2.0
1765052832.6636908,2.0
1765052832.6741598,2.0
1765052832.684811,2.0
1765052832.6952755,2.0
1765052832.7057464,2.0
1765052832.7162204,2.0
1765052832.726792,2.0
1765052832.7372482,2.0
1765052832.7477403,2.0
1765052832.7581913,2.0
1765052832.768654,2.0
1765052832.7791696,2.0
1765052832.7896185,2.0
1765052832.8000786,2.0
1765052832.8105426,2.0
1765052832.8210533,2.0
1765052832.8315635,2.0
1765052832.8420064,2.0
1765052832.852466,2.0
1765052832.8629596,2.0
1765052832.8734112,2.0
1765052832.8838942,2.0
1765052832.8943684,2.0
1765052832.9048562,2.0
1765052832.9153435,2.0
1765052832.925798,2.0
1765052832.9363003,2.0
1765052832.9467604,2.0
1765052832.957705,2.0
1765052832.9683135,2.0
1765052832.9787085,2.0
1765052832.9891856,2.0
1765052832.9996703,2.0
1765052833.0101717,2.0
1765052833.0206203,2.0
1765052833.0310955,2.0
1765052833.0415812,2.0
1765052833.052063,2.0
1765052833.06251,2.0
1765052833.0730405,2.0
1765052833.083507,2.0
1765052833.0939994,2.0
1765052833.1044738,2.0
1765052833.1149688,2.0
1765052833.1254,2.0
1765052833.1359634,2.0
1765052833.1464636,2.0
1765052833.1569319,2.0
1765052833.1673858,2.0
1765052833.177877,2.0
1765052833.1883543,2.0
1765052833.1989448,2.0
1765052833.209398,2.0
1765052833.2198794,2.0
1765052833.230385,2.0
1765052833.240833,2.0
1765052833.2513337,2.0
1765052833.261812,2.0
1765052833.2723575,2.0
1765052833.2828176,2.0
1765052833.2933195,2.0
1765052833.303818,2.0
1765052833.314358,2.0
1765052833.3248518,2.0
1765052833.3352923,2.0
1765052833.3457482,2.0
1765052833.356259,2.0
1765052833.36675,2.0
1765052833.3772035,2.0
1765052833.3878121,2.0
1765052833.3983064,2.0
1765052833.4087288,2.0
1765052833.4192073,2.0
1765052833.4298034,2.0
1765052833.4402702,2.0
1765052833.450721,2.0
1765052833.461173,2.0
1765052833.4717393,2.0
1765052833.4822018,2.0
1765052833.492698,2.0
1765052833.5031526,2.0
1765052833.513668,2.0
1765052833.524127,2.0
1765052833.5345864,2.0
1765052833.5453212,2.0
1765052833.5567622,2.0
1765052833.5671573,2.0
1765052833.5776465,2.0
1765052833.5881426,2.0
1765052833.5986109,2.0
1765052833.6090903,2.0
1765052833.619531,2.0
1765052833.6301212,2.0
1765052833.6407454,2.0
1765052833.6514385,2.0
1765052833.661892,2.0
1765052833.6723785,2.0
1765052833.682916,2.0
1765052833.6935282,2.0
1765052833.7039862,2.0
1765052833.7144625,2.0
1765052833.7251315,2.0
1765052833.7356255,2.0
1765052833.7460651,2.0
1765052833.7565637,2.0
1765052833.7670434,2.0
1765052833.7776008,2.0
1765052833.7880929,2.0
1765052833.7986135,2.0
1765052833.8090763,2.0
1765052833.8196087,2.0
1765052833.8300707,2.0
1765052833.8405416,2.0
1765052833.8510702,2.0
1765052833.8615465,2.0
1765052833.8719923,2.0
1765052833.8824892,2.0
1765052833.893051,2.0
1765052833.9035637,2.0
1765052833.9140599,2.0
1765052833.9245338,2.0
1765052833.9349136,2.0
1765052833.9453564,2.0
1765052833.9572477,2.0
1765052833.9677236,2.0
1765052833.978154,2.0
1765052833.9886353,2.0
1765052833.9991093,2.0
1765052834.0096297,2.0
1765052834.0200887,2.0
1765052834.0305474,2.0
1765052834.0410023,2.0
1765052834.0515552,2.0
1765052834.062081,2.0
1765052834.0725448,2.0
1765052834.0830135,2.0
1765052834.093482,2.0
1765052834.103934,2.0
1765052834.1143522,2.0
1765052834.1248188,2.0
1765052834.1352737,2.0
1765052834.145841,2.0
1765052834.156332,2.0
1765052834.1667974,2.0
1765052834.1772385,2.0
1765052834.1877308,2.0
1765052834.198198,2.0
1765052834.2086718,2.0
1765052834.2191389,2.0
1765052834.229618,2.0
1765052834.2401357,2.0
1765052834.2505877,2.0
1765052834.2610652,2.0
1765052834.271488,2.0
1765052834.2820385,2.0
1765052834.2924805,2.0
1765052834.3028715,2.0
1765052834.3132896,2.0
1765052834.3238328,2.0
1765052834.3343167,2.0
1765052834.3447602,2.0
1765052834.3552413,2.0
1765052834.365723,2.0
1765052834.3761444,2.0
1765052834.3866193,2.0
1765052834.3970642,2.0
1765052834.4076383,2.0
1765052834.4181063,2.0
1765052834.4285808,2.0
1765052834.4390664,2.0
1765052834.44954,2.0
1765052834.4600024,2.0
1765052834.4704936,2.0
1765052834.4809213,2.0
1765052834.491482,2.0
1765052834.5019014,2.0
1765052834.5123818,2.0
1765052834.522834,2.0
1765052834.5333881,2.0
1765052834.5438836,2.0
1765052834.554351,2.0
1765052834.5648215,2.0
1765052834.5752869,2.0
1765052834.5857446,2.0
1765052834.5963056,2.0
1765052834.6067774,2.0
1765052834.6172438,2.0
1765052834.6277063,2.0
1765052834.638172,2.0
1765052834.6487508,2.0
1765052834.6592445,2.0
1765052834.669712,2.0
1765052834.6801567,2.0
1765052834.690679,2.0
1765052834.7011201,2.0
1765052834.7116492,2.0
1765052834.7221286,2.0
1765052834.7325542,2.0
1765052834.7431002,2.0
1765052834.75358,2.0
1765052834.7640595,2.0
1765052834.7746365,2.0
1765052834.785117,2.0
1765052834.7955625,2.0
1765052834.8060439,2.0
1765052834.8165655,2.0
1765052834.8270214,2.0
1765052834.8374772,2.0
1765052834.8480573,2.0
1765052834.8585176,2.0
1765052834.868991,2.0
1765052834.8794577,2.0
1765052834.8900142,2.0
1765052834.9004622,2.0
1765052834.9109075,2.0
1765052834.9214268,2.0
1765052834.9319646,2.0
1765052834.9424467,2.0
1765052834.9529166,2.0
1765052834.9639714,2.0
1765052834.9744976,2.0
1765052834.9849918,2.0
1765052834.9954414,2.0
1765052835.0059185,2.0
1765052835.0163765,2.0
1765052835.0268457,2.0
1765052835.0373209,2.0
1765052835.0478666,2.0
1765052835.0583436,2.0
1765052835.0688345,2.0
1765052835.0792887,2.0
1765052835.0897434,2.0
1765052835.1001632,2.0
1765052835.110664,2.0
1765052835.1211004,2.0
1765052835.1316247,2.0
1765052835.1420565,2.0
1765052835.15252,2.0
1765052835.162995,2.0
1765052835.1734564,2.0
1765052835.1839075,2.0
1765052835.194386,2.0
1765052835.2048655,2.0
1765052835.215371,2.0
1765052835.2259352,2.0
1765052835.2363887,2.0
1765052835.246924,2.0
1765052835.2574074,2.0
1765052835.2678838,2.0
1765052835.27834,2.0
1765052835.2888274,2.0
1765052835.2993615,2.0
1765052835.3097801,2.0
1765052835.3202515,2.0
1765052835.3307095,2.0
1765052835.3411672,2.0
1765052835.3516681,2.0
1765052835.36214,2.0
1765052835.3726103,2.0
1765052835.383134,2.0
1765052835.3936024,2.0
1765052835.4040902,2.0
1765052835.414574,2.0
1765052835.425025,2.0
1765052835.435512,2.0
1765052835.4459856,2.0
1765052835.4564738,2.0
1765052835.466913,2.0
1765052835.477395,2.0
1765052835.4878898,2.0
1765052835.4983785,2.0
1765052835.50894,2.0
1765052835.5194032,2.0
1765052835.5298944,2.0
1765052835.540344,2.0
1765052835.5508096,2.0
1765052835.5613384,2.0
1765052835.5717947,2.0
1765052835.5822558,2.0
1765052835.592727,2.0
1765052835.6030605,2.0
1765052835.6134903,2.0
1765052835.6239846,2.0
1765052835.6344917,2.0
1765052835.6451921,2.0
1765052835.6556716,2.0
1765052835.6661775,2.0
1765052835.676657,2.0
1765052835.6872506,2.0
1765052835.6976848,2.0
1765052835.7081559,2.0
1765052835.7187436,2.0
1765052835.7292354,2.0
1765052835.7399697,2.0
1765052835.7504838,2.0
1765052835.7609506,2.0
1765052835.771391,2.0
1765052835.7819693,2.0
1765052835.7924526,2.0
1765052835.8029222,2.0
1765052835.813389,2.0
1765052835.8238776,2.0
1765052835.8343658,2.0
1765052835.8447971,2.0
1765052835.8552668,2.0
1765052835.8657606,2.0
1765052835.8762197,2.0
1765052835.8868058,2.0
1765052835.8972855,2.0
1765052835.9077528,2.0
1765052835.9182756,2.0
1765052835.928749,2.0
1765052835.9392247,2.0
1765052835.9510736,2.0
1765052835.9615676,2.0
1765052835.9720273,2.0
1765052835.9824882,2.0
1765052835.993064,2.0
1765052836.0035176,2.0
1765052836.0139892,2.0
1765052836.0245104,2.0
1765052836.0349925,2.0
1765052836.045446,2.0
1765052836.0559554,2.0
1765052836.0664182,2.0
1765052836.0768616,2.0
1765052836.0872092,2.0
1765052836.0977902,2.0
1765052836.108268,2.0
1765052836.1186454,2.0
1765052836.1291068,2.0
1765052836.1395776,2.0
1765052836.1501167,2.0
1765052836.1605875,2.0
1765052836.1711445,2.0
1765052836.1816227,2.0
1765052836.1921475,2.0
1765052836.2026112,2.0
1765052836.2131047,2.0
1765052836.223542,2.0
1765052836.2340102,2.0
1765052836.2445066,2.0
1765052836.2549613,2.0
1765052836.2654665,2.0
1765052836.2760212,2.0
1765052836.2864656,2.0
1765052836.2969344,2.0
1765052836.307446,2.0
1765052836.3179338,2.0
1765052836.3285923,2.0
1765052836.3390558,2.0
1765052836.349544,2.0
1765052836.3599575,2.0
1765052836.3704615,2.0
1765052836.3809223,2.0
1765052836.3914008,2.0
1765052836.4018404,2.0
1765052836.4122927,2.0
1765052836.4227703,2.0
1765052836.4332323,2.0
1765052836.4437284,2.0
1765052836.4541821,2.0
1765052836.464761,2.0
1765052836.4752245,2.0
1765052836.4857028,2.0
1765052836.4961987,2.0
1765052836.5066626,2.0
1765052836.5171154,2.0
1765052836.5275688,2.0
1765052836.5380673,2.0
1765052836.5485592,2.0
1765052836.5590272,2.0
1765052836.5694964,2.0
1765052836.5799623,2.0
1765052836.5905008,2.0
1765052836.601045,2.0
1765052836.6115496,2.0
1765052836.622084,2.0
1765052836.6325881,2.0
1765052836.6430507,2.0
1765052836.6537588,2.0
1765052836.6642501,2.0
1765052836.6747582,2.0
1765052836.6853278,2.0
1765052836.6957762,2.0
1765052836.7063074,2.0
1765052836.7167864,2.0
1765052836.7272918,2.0
1765052836.73773,2.0
1765052836.7482376,2.0
1765052836.7586944,2.0
1765052836.7691448,2.0
1765052836.7796497,2.0
1765052836.7901404,2.0
1765052836.800637,2.0
1765052836.8111832,2.0
1765052836.8216689,2.0
1765052836.8321104,2.0
1765052836.84262,2.0
1765052836.8531215,2.0
1765052836.8636363,2.0
1765052836.874114,2.0
1765052836.884615,2.0
1765052836.8950613,2.0
1765052836.9055393,2.0
1765052836.9160907,2.0
1765052836.9266872,2.0
1765052836.9371815,2.0
1765052836.9476652,2.0
1765052836.9592576,2.0
1765052836.9697292,2.0
1765052836.980211,2.0
1765052836.9906416,2.0
1765052837.001118,2.0
1765052837.0117362,2.0
1765052837.0221965,2.0
1765052837.032671,2.0
1765052837.0431578,2.0
1765052837.053609,2.0
1765052837.0641031,2.0
1765052837.0747318,2.0
1765052837.085419,2.0
1765052837.0958605,2.0
1765052837.1062953,2.0
1765052837.1167755,2.0
1765052837.1272426,2.0
1765052837.1377099,2.0
1765052837.1481707,2.0
1765052837.1586947,2.0
1765052837.169155,2.0
1765052837.1796331,2.0
1765052837.190109,2.0
1765052837.2005734,2.0
1765052837.2110562,2.0
1765052837.2215388,2.0
1765052837.2320542,2.0
1765052837.242492,2.0
1765052837.2529774,2.0
1765052837.2635098,2.0
1765052837.2739775,2.0
1765052837.2844806,2.0
1765052837.294982,2.0
1765052837.3054078,2.0
1765052837.3159003,2.0
1765052837.32637,2.0
1765052837.3368404,2.0
1765052837.3472958,2.0
1765052837.3578506,2.0
1765052837.368322,2.0
1765052837.378777,2.0
1765052837.3892398,2.0
1765052837.3997564,2.0
1765052837.410236,2.0
1765052837.4206107,2.0
1765052837.431039,2.0
1765052837.4416602,2.0
1765052837.452173,2.0
1765052837.4626498,2.0
1765052837.473105,2.0
1765052837.483614,2.0
1765052837.4941618,2.0
1765052837.5046463,2.0
1765052837.515094,2.0
1765052837.5255709,2.0
1765052837.5360775,2.0
1765052837.5465167,2.0
1765052837.5571036,2.0
1765052837.5675728,2.0
1765052837.5780466,2.0
1765052837.5885298,2.0
1765052837.599005,2.0
1765052837.6095142,2.0
1765052837.619986,2.0
1765052837.6304755,2.0
1765052837.6409385,2.0
1765052837.6515937,2.0
1765052837.6620896,2.0
1765052837.6725945,2.0
1765052837.6831384,2.0
1765052837.693593,2.0
1765052837.7040784,2.0
1765052837.7145634,2.0
1765052837.7251747,2.0
1765052837.7356427,2.0
1765052837.7461116,2.0
1765052837.756572,2.0
1765052837.7671354,2.0
1765052837.777607,2.0
1765052837.7882414,2.0
1765052837.7986805,2.0
1765052837.8091686,2.0
1765052837.819776,2.0
1765052837.8302171,2.0
1765052837.8407025,2.0
1765052837.8511484,2.0
1765052837.8616211,2.0
1765052837.8721616,2.0
1765052837.8826256,2.0
1765052837.8930655,2.0
1765052837.90353,2.0
1765052837.9139318,2.0
1765052837.924427,2.0
1765052837.9348915,2.0
1765052837.9453351,2.0
1765052837.9570057,2.0
1765052837.9674923,2.0
1765052837.977962,2.0
1765052837.9884548,2.0
1765052837.9988582,2.0
1765052838.0093465,2.0
1765052838.0198119,2.0
1765052838.030273,2.0
1765052838.0408466,2.0
1765052838.051337,2.0
1765052838.0617733,2.0
1765052838.0722454,2.0
1765052838.0826962,2.0
1765052838.0932567,2.0
1765052838.1037428,2.0
1765052838.1142201,2.0
1765052838.1246605,2.0
1765052838.1351411,2.0
1765052838.1456523,2.0
1765052838.1561215,2.0
1765052838.166611,2.0
1765052838.1770463,2.0
1765052838.1875994,2.0
1765052838.1980731,2.0
1765052838.2085373,2.0
1765052838.2189984,2.0
1765052838.2294502,2.0
1765052838.240019,2.0
1765052838.2505188,2.0
1765052838.2610056,2.0
1765052838.271474,2.0
1765052838.281934,2.0
1765052838.2923865,2.0
1765052838.3028612,2.0
1765052838.3133533,2.0
1765052838.323791,2.0
1765052838.3342752,2.0
1765052838.3447244,2.0
1765052838.355231,2.0
1765052838.3657117,2.0
1765052838.376152,2.0
1765052838.386617,2.0
1765052838.3970532,2.0
1765052838.4075534,2.0
1765052838.4180105,2.0
1765052838.4285066,2.0
1765052838.4390318,2.0
1765052838.4495387,2.0
1765052838.4600105,2.0
1765052838.4705174,2.0
1765052838.4810972,2.0
1765052838.4916792,2.0
1765052838.5020976,2.0
1765052838.5126963,2.0
1765052838.523174,2.0
1765052838.53367,2.0
1765052838.5441258,2.0
1765052838.5546305,2.0
1765052838.5651495,2.0
1765052838.575615,2.0
1765052838.5860791,2.0
1765052838.5965385,2.0
1765052838.6071103,2.0
1765052838.6175501,2.0
1765052838.628059,2.0
1765052838.6385427,2.0
1765052838.6491249,2.0
1765052838.6595616,2.0
1765052838.6700454,2.0
1765052838.6805017,2.0
1765052838.6910777,2.0
1765052838.7015395,2.0
1765052838.7119906,2.0
1765052838.7225344,2.0
1765052838.7329757,2.0
1765052838.7435787,2.0
1765052838.7540355,2.0
1765052838.7644756,2.0
1765052838.7749834,2.0
1765052838.7854443,2.0
1765052838.795973,2.0
1765052838.8064475,2.0
1765052838.8170042,2.0
1765052838.827492,2.0
1765052838.8379896,2.0
1765052838.848354,2.0
1765052838.8587801,2.0
1765052838.8692188,2.0
1765052838.8796916,2.0
1765052838.8901615,2.0
1765052838.9006674,2.0
1765052838.9112036,2.0
1765052838.9216347,2.0
1765052838.9320862,2.0
1765052838.9425972,2.0
1765052838.9539828,2.0
1765052838.9646544,2.0
1765052838.9751081,2.0
1765052838.9855862,2.0
1765052838.996059,2.0
1765052839.0065835,2.0
1765052839.0171638,2.0
1765052839.0276484,2.0
1765052839.0381122,2.0
1765052839.0485842,2.0
1765052839.0591023,2.0
1765052839.0695806,2.0
1765052839.0801494,2.0
1765052839.0906463,2.0
1765052839.1011188,2.0
1765052839.1116316,2.0
1765052839.1221764,2.0
1765052839.1327267,2.0
1765052839.1432395,2.0
1765052839.1537144,2.0
1765052839.164085,2.0
1765052839.174586,2.0
1765052839.1851215,2.0
1765052839.1955926,2.0
1765052839.2060652,2.0
1765052839.2165358,2.0
1765052839.2269561,2.0
1765052839.237421,2.0
1765052839.2478955,2.0
1765052839.258386,2.0
1765052839.2688622,2.0
1765052839.2793863,2.0
1765052839.2898295,2.0
1765052839.3003228,2.0
1765052839.3108373,2.0
1765052839.3213363,2.0
1765052839.3318362,2.0
1765052839.3423247,2.0
1765052839.3529093,2.0
1765052839.363368,2.0
1765052839.3738542,2.0
1765052839.384377,2.0
1765052839.3948748,2.0
1765052839.4053504,2.0
1765052839.4158573,2.0
1765052839.4263563,2.0
1765052839.4369617,2.0
1765052839.447448,2.0
1765052839.457936,2.0
1765052839.4684432,2.0
1765052839.478945,2.0
1765052839.4896827,2.0
1765052839.5000818,2.0
1765052839.5106046,2.0
1765052839.5210907,2.0
1765052839.5316017,2.0
1765052839.5420642,2.0
1765052839.552567,2.0
1765052839.5630562,2.0
1765052839.5735507,2.0
1765052839.5840397,2.0
1765052839.5945647,2.0
1765052839.605068,2.0
1765052839.615557,2.0
1765052839.6260955,2.0
1765052839.6365921,2.0
1765052839.6472733,2.0
1765052839.6576908,2.0
1765052839.6682787,2.0
1765052839.6787627,2.0
1765052839.6894035,2.0
1765052839.6998365,2.0
1765052839.7103217,2.0
1765052839.720859,2.0
1765052839.731331,2.0
1765052839.741706,2.0
1765052839.752072,2.0
1765052839.7625506,2.0
1765052839.7731233,2.0
1765052839.7836132,2.0
1765052839.794105,2.0
1765052839.8045726,2.0
1765052839.8150659,2.0
1765052839.8256025,2.0
1765052839.8362937,2.0
1765052839.8467686,2.0
1765052839.857234,2.0
1765052839.8677719,2.0
1765052839.878259,2.0
1765052839.8887398,2.0
1765052839.899255,2.0
1765052839.9097552,2.0
1765052839.920257,2.0
1765052839.9307458,2.0
1765052839.9412093,2.0
1765052839.95287,2.0
1765052839.963257,2.0
1765052839.9737992,2.0
1765052839.9842691,2.0
1765052839.9947474,2.0
1765052840.0052397,2.0
1765052840.015718,2.0
1765052840.0262065,2.0
1765052840.0366757,2.0
1765052840.0471628,2.0
1765052840.0576303,2.0
1765052840.068104,2.0
1765052840.078741,2.0
1765052840.0893424,2.0
1765052840.099819,2.0
1765052840.1102898,2.0
1765052840.120765,2.0
1765052840.1313045,2.0
1765052840.1417487,2.0
1765052840.1522286,2.0
1765052840.1628335,2.0
1765052840.1732938,2.0
1765052840.1837907,2.0
1765052840.1943007,2.0
1765052840.2047389,2.0
1765052840.215226,2.0
1765052840.2257907,2.0
1765052840.236272,2.0
1765052840.246812,2.0
1765052840.257328,2.0
1765052840.2678301,2.0
1765052840.2783182,2.0
1765052840.2888036,2.0
1765052840.29937,2.0
1765052840.3098636,2.0
1765052840.3203669,2.0
1765052840.3308992,2.0
1765052840.3413732,2.0
1765052840.351862,2.0
1765052840.3623843,2.0
1765052840.3729541,2.0
1765052840.3834467,2.0
1765052840.393925,2.0
1765052840.4044466,2.0
1765052840.4150023,2.0
1765052840.4255154,2.0
1765052840.4360094,2.0
1765052840.446494,2.0
1765052840.4570048,2.0
1765052840.4675157,2.0
1765052840.4780679,2.0
1765052840.4885285,2.0
1765052840.4990268,2.0
1765052840.5095396,2.0
1765052840.5200331,2.0
1765052840.530531,2.0
1765052840.540996,2.0
1765052840.551467,2.0
1765052840.5619268,2.0
1765052840.5724332,2.0
1765052840.5829253,2.0
1765052840.593448,2.0
1765052840.6039138,2.0
1765052840.6143904,2.0
1765052840.624912,2.0
1765052840.6353738,2.0
1765052840.6460643,2.0
1765052840.6565332,2.0
1765052840.6670353,2.0
1765052840.677562,2.0
1765052840.6883867,2.0
1765052840.698816,2.0
1765052840.7093034,2.0
1765052840.7199755,2.0
1765052840.7303646,2.0
1765052840.7408311,2.0
1765052840.7513106,2.0
1765052840.7618,2.0
1765052840.7722485,2.0
1765052840.7827778,2.0
1765052840.7932708,2.0
1765052840.8037715,2.0
1765052840.8142302,2.0
1765052840.8247333,2.0
1765052840.8352392,2.0
1765052840.8457122,2.0
1765052840.856242,2.0
1765052840.8667674,2.0
1765052840.877271,2.0
1765052840.8877642,2.0
1765052840.8982334,2.0
1765052840.908735,2.0
1765052840.9192452,2.0
1765052840.929726,2.0
1765052840.9402864,2.0
1765052840.9507394,2.0
1765052840.9621959,2.0
1765052840.9727137,2.0
1765052840.9832046,2.0
1765052840.9937277,2.0
1765052841.0042782,2.0
1765052841.0147684,2.0
1765052841.0252864,2.0
1765052841.0357542,2.0
1765052841.0462344,2.0
1765052841.056831,2.0
1765052841.067328,2.0
1765052841.0777884,2.0
1765052841.088289,2.0
1765052841.0987847,2.0
1765052841.109323,2.0
1765052841.119808,2.0
1765052841.130294,2.0
1765052841.1408834,2.0
1765052841.1513667,2.0
1765052841.161973,2.0
1765052841.172482,2.0
1765052841.1829488,2.0
1765052841.1934843,2.0
1765052841.2040157,2.0
1765052841.2145617,2.0
1765052841.2251048,2.0
1765052841.2357216,2.0
1765052841.2462556,2.0
1765052841.2567933,2.0
1765052841.2673593,2.0
1765052841.277913,2.0
1765052841.2884066,2.0
1765052841.2989416,2.0
1765052841.3094966,2.0
1765052841.3199449,2.0
1765052841.3304281,2.0
1765052841.3409843,2.0
1765052841.3516438,2.0
1765052841.3622134,2.0
1765052841.3728147,2.0
1765052841.3833702,2.0
1765052841.3938708,2.0
1765052841.4043908,2.0
1765052841.4149182,2.0
1765052841.4254363,2.0
1765052841.4359732,2.0
1765052841.4464972,2.0
1765052841.457077,2.0
1765052841.467631,2.0
1765052841.4781234,2.0
1765052841.4887083,2.0
1765052841.4993277,2.0
1765052841.5098686,2.0
1765052841.5204046,2.0
1765052841.5309215,2.0
1765052841.5414803,2.0
1765052841.5520122,2.0
1765052841.562588,2.0
1765052841.573097,2.0
1765052841.5836535,2.0
1765052841.5941892,2.0
1765052841.604807,2.0
1765052841.6153364,2.0
1765052841.6259234,2.0
1765052841.6364486,2.0
1765052841.6473737,2.0
1765052841.657793,2.0
1765052841.668323,2.0
1765052841.6789076,2.0
1765052841.6895695,2.0
1765052841.7001252,2.0
1765052841.710665,2.0
1765052841.721295,2.0
1765052841.731716,2.0
1765052841.7422457,2.0
1765052841.7528267,2.0
1765052841.7633836,2.0
1765052841.7739139,2.0
1765052841.7844567,2.0
1765052841.794989,2.0
1765052841.8056276,2.0
1765052841.8161433,2.0
1765052841.8267891,2.0
1765052841.8372946,2.0
1765052841.8478239,2.0
1765052841.858369,2.0
1765052841.8689365,2.0
1765052841.879658,2.0
1765052841.8901875,2.0
1765052841.9006884,2.0
1765052841.9112701,2.0
1765052841.9217534,2.0
1765052841.9322338,2.0
1765052841.9428082,2.0
1765052841.9539459,2.0
1765052841.9653537,2.0
1765052841.9759123,2.0
1765052841.9864264,2.0
1765052841.996952,2.0
1765052842.007453,2.0
1765052842.017884,2.0
1765052842.028388,2.0
1765052842.0388954,2.0
1765052842.0493631,2.0
1765052842.059834,2.0
1765052842.0703053,2.0
1765052842.0807602,2.0
1765052842.091273,2.0
1765052842.101711,2.0
1765052842.1121852,2.0
1765052842.1228034,2.0
1765052842.1333835,2.0
1765052842.1438303,2.0
1765052842.1542974,2.0
1765052842.164834,2.0
1765052842.1753538,2.0
1765052842.185936,2.0
1765052842.1964903,2.0
1765052842.2069936,2.0
1765052842.2177095,2.0
1765052842.2282803,2.0
1765052842.2388136,2.0
1765052842.2493458,2.0
1765052842.2599905,2.0
1765052842.270831,2.0
1765052842.2814648,2.0
1765052842.292109,2.0
1765052842.3027997,2.0
1765052842.3134387,2.0
1765052842.3240745,2.0
1765052842.3347573,2.0
1765052842.3453784,2.0
1765052842.356027,2.0
1765052842.3666494,2.0
1765052842.377285,2.0
1765052842.3878946,2.0
1765052842.398541,2.0
1765052842.4092193,2.0
1765052842.4198928,2.0
1765052842.4305255,2.0
1765052842.44116,2.0
1765052842.4518034,2.0
1765052842.4624496,2.0
1765052842.4730566,2.0
1765052842.4837112,2.0
1765052842.4946368,2.0
1765052842.5052805,2.0
1765052842.5158172,2.0
1765052842.5264297,2.0
1765052842.5370407,2.0
1765052842.5477214,2.0
1765052842.558349,2.0
1765052842.5688596,2.0
1765052842.5794356,2.0
1765052842.5900867,2.0
1765052842.6007075,2.0
1765052842.6113145,2.0
1765052842.6219723,2.0
1765052842.6326072,2.0
1765052842.6432402,2.0
1765052842.6540318,2.0
1765052842.6647491,2.0
1765052842.6754453,2.0
1765052842.6860554,2.0
1765052842.696902,2.0
1765052842.707457,2.0
1765052842.7180257,2.0
1765052842.7290096,2.0
1765052842.7395556,2.0
1765052842.7500951,2.0
1765052842.7606175,2.0
1765052842.771116,2.0
1765052842.7816415,2.0
1765052842.7921703,2.0
1765052842.8027499,2.0
1765052842.8132827,2.0
1765052842.8238811,2.0
1765052842.8343744,2.0
1765052842.8449152,2.0
1765052842.8554404,2.0
1765052842.8660457,2.0
1765052842.8765655,2.0
1765052842.8871093,2.0
1765052842.8976417,2.0
1765052842.908132,2.0
1765052842.9186974,2.0
1765052842.929293,2.0
1765052842.9398308,2.0
1765052842.9503765,2.0
1765052842.961925,2.0
1765052842.9724913,2.0
1765052842.9831529,2.0
1765052842.9936767,2.0
1765052843.0042722,2.0
1765052843.0147796,2.0
1765052843.0253787,2.0
1765052843.035905,2.0
1765052843.0464647,2.0
1765052843.0569785,2.0
1765052843.0675042,2.0
1765052843.078156,2.0
1765052843.0886748,2.0
1765052843.099199,2.0
1765052843.1098616,2.0
1765052843.1203485,2.0
1765052843.1308455,2.0
1765052843.1413667,2.0
1765052843.151863,2.0
1765052843.162498,2.0
1765052843.1730094,2.0
1765052843.1835191,2.0
1765052843.1940339,2.0
1765052843.2045722,2.0
1765052843.215088,2.0
1765052843.2261333,2.0
1765052843.23685,2.0
1765052843.2473311,2.0
1765052843.2578464,2.0
1765052843.2684772,2.0
1765052843.2793467,2.0
1765052843.2898345,2.0
1765052843.30032,2.0
1765052843.3108208,2.0
1765052843.3214703,2.0
1765052843.3319852,2.0
1765052843.3425202,2.0
1765052843.3531475,2.0
1765052843.363646,2.0
1765052843.3741405,2.0
1765052843.3847096,2.0
1765052843.3952162,2.0
1765052843.4058044,2.0
1765052843.4163642,2.0
1765052843.4268785,2.0
1765052843.4374168,2.0
1765052843.4479418,2.0
1765052843.4585392,2.0
1765052843.469092,2.0
1765052843.4796112,2.0
1765052843.4901595,2.0
1765052843.5006769,2.0
1765052843.5111876,2.0
1765052843.521722,2.0
1765052843.5322258,2.0
1765052843.5428078,2.0
1765052843.5533085,2.0
1765052843.563833,2.0
1765052843.5743809,2.0
1765052843.5848749,2.0
1765052843.5956185,2.0
1765052843.6061847,2.0
1765052843.616568,2.0
1765052843.6270618,2.0
1765052843.6376388,2.0
1765052843.6484294,2.0
1765052843.659016,2.0
1765052843.6695225,2.0
1765052843.6800694,2.0
1765052843.690677,2.0
1765052843.7011864,2.0
1765052843.7117233,2.0
1765052843.7222376,2.0
1765052843.7327218,2.0
1765052843.7432005,2.0
1765052843.753688,2.0
1765052843.7642493,2.0
1765052843.774698,2.0
1765052843.7851634,2.0
1765052843.7956312,2.0
1765052843.8061624,2.0
1765052843.8166523,2.0
1765052843.8271286,2.0
1765052843.8376565,2.0
1765052843.84814,2.0
1765052843.8586054,2.0
1765052843.869095,2.0
1765052843.8795824,2.0
1765052843.890045,2.0
1765052843.9005206,2.0
1765052843.9109797,2.0
1765052843.9214685,2.0
1765052843.9322433,2.0
1765052843.9427185,2.0
1765052843.953206,2.0
1765052843.964381,2.0
1765052843.9748204,2.0
1765052843.9853003,2.0
1765052843.9958074,2.0
1765052844.006377,2.0
1765052844.0169017,2.0
1765052844.0274205,2.0
1765052844.037884,2.0
1765052844.048416,2.0
1765052844.058855,2.0
1765052844.069364,2.0
1765052844.0798476,2.0
1765052844.0903456,2.0
1765052844.1008549,2.0
1765052844.1113274,2.0
1765052844.1218178,2.0
1765052844.1323261,2.0
1765052844.1429782,2.0
1765052844.1534715,2.0
1765052844.1639469,2.0
1765052844.1744187,2.0
1765052844.185031,2.0
1765052844.195525,2.0
1765052844.206007,2.0
1765052844.216481,2.0
1765052844.227042,2.0
1765052844.2375271,2.0
1765052844.2480307,2.0
1765052844.2586331,2.0
1765052844.2692134,2.0
1765052844.2796748,2.0
1765052844.2901185,2.0
1765052844.3006182,2.0
1765052844.3110745,2.0
1765052844.321571,2.0
1765052844.3319921,2.0
1765052844.342574,2.0
1765052844.3530576,2.0
1765052844.3635304,2.0
1765052844.3739796,2.0
1765052844.3844516,2.0
1765052844.394908,2.0
1765052844.405407,2.0
1765052844.4158869,2.0
1765052844.4263508,2.0
1765052844.4367955,2.0
1765052844.4472897,2.0
1765052844.4577537,2.0
1765052844.46829,2.0
1765052844.4787714,2.0
1765052844.489244,2.0
1765052844.4997385,2.0
1765052844.5102386,2.0
1765052844.520706,2.0
1765052844.5311291,2.0
1765052844.5416048,2.0
1765052844.5520751,2.0
1765052844.5625648,2.0
1765052844.573034,2.0
1765052844.5835395,2.0
1765052844.5939949,2.0
1765052844.604477,2.0
1765052844.6149578,2.0
1765052844.6254559,2.0
1765052844.635954,2.0
1765052844.6466928,2.0
1765052844.657089,2.0
1765052844.667555,2.0
1765052844.6780257,2.0
1765052844.6885326,2.0
1765052844.6989698,2.0
1765052844.7094424,2.0
1765052844.7200453,2.0
1765052844.730481,2.0
1765052844.7409334,2.0
1765052844.7513914,2.0
1765052844.7619133,2.0
1765052844.7723825,2.0
1765052844.7828507,2.0
1765052844.793329,2.0
1765052844.8037996,2.0
1765052844.8142579,2.0
1765052844.8248115,2.0
1765052844.83531,2.0
1765052844.8457825,2.0
1765052844.8562393,2.0
1765052844.8667352,2.0
1765052844.877208,2.0
1765052844.8877032,2.0
1765052844.898187,2.0
1765052844.9086285,2.0
1765052844.9191046,2.0
1765052844.929592,2.0
1765052844.9401498,2.0
1765052844.9518616,2.0
1765052844.962346,2.0
1765052844.9728172,2.0
1765052844.9833007,2.0
1765052844.9937792,2.0
1765052845.0042503,2.0
1765052845.014731,2.0
1765052845.0251815,2.0
1765052845.0356135,2.0
1765052845.0461059,2.0
1765052845.0565624,2.0
1765052845.0670576,2.0
1765052845.0775168,2.0
1765052845.088102,2.0
1765052845.0985835,2.0
1765052845.1090617,2.0
1765052845.1195228,2.0
1765052845.130058,2.0
1765052845.140516,2.0
1765052845.1509748,2.0
1765052845.1614683,2.0
1765052845.1719117,2.0
1765052845.1824613,2.0
1765052845.1930447,2.0
1765052845.2034874,2.0
1765052845.2139766,2.0
1765052845.224448,2.0
1765052845.2349253,2.0
1765052845.245363,2.0
1765052845.2558312,2.0
1765052845.266293,2.0
1765052845.2767575,2.0
1765052845.2872508,2.0
1765052845.2977087,2.0
1765052845.3082068,2.0
1765052845.3186874,2.0
1765052845.3291655,2.0
1765052845.3396223,2.0
1765052845.350077,2.0
1765052845.3605373,2.0
1765052845.37102,2.0
1765052845.3814805,2.0
1765052845.3919468,2.0
1765052845.4023633,2.0
1765052845.4128397,2.0
1765052845.4233167,2.0
1765052845.4337742,2.0
1765052845.4442358,2.0
1765052845.454703,2.0
1765052845.465193,2.0
1765052845.4756594,2.0
1765052845.4861438,2.0
1765052845.4967031,2.0
1765052845.5071518,2.0
1765052845.5176127,2.0
1765052845.5281274,2.0
1765052845.5385995,2.0
1765052845.5491586,2.0
1765052845.5596359,2.0
1765052845.570121,2.0
1765052845.5805895,2.0
1765052845.5911446,2.0
1765052845.6016214,2.0
1765052845.612068,2.0
1765052845.622554,2.0
1765052845.6330152,2.0
1765052845.6435184,2.0
1765052845.6540997,2.0
1765052845.6645815,2.0
1765052845.675137,2.0
1765052845.6857426,2.0
1765052845.6962316,2.0
1765052845.7066867,2.0
1765052845.717193,2.0
1765052845.7277112,2.0
1765052845.7381577,2.0
1765052845.7486708,2.0
1765052845.7591472,2.0
1765052845.7696197,2.0
1765052845.7800717,2.0
1765052845.7905228,2.0
1765052845.801001,2.0
1765052845.8115098,2.0
1765052845.8221,2.0
1765052845.8325648,2.0
1765052845.8430352,2.0
1765052845.8535092,2.0
1765052845.8639832,2.0
1765052845.8744125,2.0
1765052845.8848767,2.0
1765052845.8953702,2.0
1765052845.905855,2.0
1765052845.9162793,2.0
1765052845.9267044,2.0
1765052845.93719,2.0
1765052845.94768,2.0
1765052845.959505,2.0
1765052845.970079,2.0
1765052845.9806917,2.0
1765052845.9912002,2.0
1765052846.00168,2.0
1765052846.0121632,2.0
1765052846.0226524,2.0
1765052846.0331028,2.0
1765052846.0435672,2.0
1765052846.0540926,2.0
1765052846.064561,2.0
1765052846.0749993,2.0
1765052846.085516,2.0
1765052846.0959702,2.0
1765052846.106463,2.0
1765052846.116932,2.0
1765052846.12741,2.0
1765052846.137869,2.0
1765052846.1483226,2.0
1765052846.1587796,2.0
1765052846.1692698,2.0
1765052846.179866,2.0
1765052846.190345,2.0
1765052846.2008028,2.0
1765052846.2112463,2.0
1765052846.2217019,2.0
1765052846.2321985,2.0
1765052846.2426624,2.0
1765052846.2531593,2.0
1765052846.2636542,2.0
1765052846.2741337,2.0
1765052846.284753,2.0
1765052846.2952244,2.0
1765052846.305672,2.0
1765052846.316132,2.0
1765052846.3266757,2.0
1765052846.3372338,2.0
1765052846.3476956,2.0
1765052846.3581738,2.0
1765052846.368633,2.0
1765052846.3791072,2.0
1765052846.3895645,2.0
1765052846.4000318,2.0
1765052846.410511,2.0
1765052846.4210765,2.0
1765052846.4316912,2.0
1765052846.442179,2.0
1765052846.4526777,2.0
1765052846.4631188,2.0
1765052846.473603,2.0
1765052846.4841578,2.0
1765052846.4947963,2.0
1765052846.5052402,2.0
1765052846.5157118,2.0
1765052846.5261552,2.0
1765052846.5366483,2.0
1765052846.5470836,2.0
1765052846.5575724,2.0
1765052846.5680337,2.0
1765052846.5785031,2.0
1765052846.5889797,2.0
1765052846.5994515,2.0
1765052846.6100256,2.0
1765052846.620485,2.0
1765052846.6309462,2.0
1765052846.6414165,2.0
1765052846.6519747,2.0
1765052846.6623979,2.0
1765052846.6728613,2.0
1765052846.6834219,2.0
1765052846.693843,2.0
1765052846.7043216,2.0
1765052846.7147882,2.0
1765052846.7253501,2.0
1765052846.735854,2.0
1765052846.7463431,2.0
1765052846.7568996,2.0
1765052846.7673893,2.0
1765052846.7778745,2.0
1765052846.788337,2.0
1765052846.7987633,2.0
1765052846.809234,2.0
1765052846.8197114,2.0
1765052846.8301811,2.0
1765052846.8406413,2.0
1765052846.8511267,2.0
1765052846.8615897,2.0
1765052846.8721316,2.0
1765052846.8826034,2.0
1765052846.8930466,2.0
1765052846.9035165,2.0
1765052846.9140084,2.0
1765052846.9246526,2.0
1765052846.9351244,2.0
1765052846.9455998,2.0
1765052846.9570847,2.0
1765052846.9676924,2.0
1765052846.9782162,2.0
1765052846.9886966,2.0
1765052846.9992158,2.0
1765052847.0096617,2.0
1765052847.0201054,2.0
1765052847.030586,2.0
1765052847.0411232,2.0
1765052847.0515811,2.0
1765052847.0620692,2.0
1765052847.0725324,2.0
1765052847.0830023,2.0
1765052847.0934744,2.0
1765052847.1039429,2.0
1765052847.1143835,2.0
1765052847.1249619,2.0
1765052847.1354086,2.0
1765052847.145936,2.0
1765052847.1564786,2.0
1765052847.1669195,2.0
1765052847.1774254,2.0
1765052847.187875,2.0
1765052847.1983635,2.0
1765052847.2089128,2.0
1765052847.2193804,2.0
1765052847.2298427,2.0
1765052847.2403116,2.0
1765052847.2507913,2.0
1765052847.2612467,2.0
1765052847.27171,2.0
1765052847.2821991,2.0
1765052847.2926629,2.0
1765052847.3031356,2.0
1765052847.3136396,2.0
1765052847.3241997,2.0
1765052847.3346329,2.0
1765052847.3451393,2.0
1765052847.3556075,2.0
1765052847.3660626,2.0
1765052847.3766606,2.0
1765052847.3871155,2.0
1765052847.3976283,2.0
1765052847.408091,2.0
1765052847.4186058,2.0
1765052847.4290564,2.0
1765052847.4395084,2.0
1765052847.4500678,2.0
1765052847.4605322,2.0
1765052847.4710042,2.0
1765052847.481491,2.0
1765052847.4920084,2.0
1765052847.5025144,2.0
1765052847.512942,2.0
1765052847.5234125,2.0
1765052847.5338552,2.0
1765052847.544353,2.0
1765052847.554917,2.0
1765052847.5653703,2.0
1765052847.5758128,2.0
1765052847.586282,2.0
1765052847.5966659,2.0
1765052847.6071017,2.0
1765052847.6175888,2.0
1765052847.62813,2.0
1765052847.6386247,2.0
1765052847.6491663,2.0
1765052847.6596122,2.0
1765052847.6701639,2.0
1765052847.680647,2.0
1765052847.6911302,2.0
1765052847.7015886,2.0
1765052847.7120705,2.0
1765052847.7226236,2.0
1765052847.7330406,2.0
1765052847.7435296,2.0
1765052847.7539897,2.0
1765052847.7645142,2.0
1765052847.7749715,2.0
1765052847.7856083,2.0
1765052847.79609,2.0
1765052847.806553,2.0
1765052847.817041,2.0
1765052847.8275433,2.0
1765052847.8380585,2.0
1765052847.848585,2.0
1765052847.8590536,2.0
1765052847.8696187,2.0
1765052847.8800876,2.0
1765052847.890608,2.0
1765052847.9010847,2.0
1765052847.911573,2.0
1765052847.9220262,2.0
1765052847.9326003,2.0
1765052847.94309,2.0
1765052847.954095,2.0
1765052847.9648328,2.0
1765052847.9753046,2.0
1765052847.98576,2.0
1765052847.9962354,2.0
1765052848.0067253,2.0
1765052848.0171783,2.0
1765052848.027897,2.0
1765052848.0383954,2.0
1765052848.048939,2.0
1765052848.0594606,2.0
1765052848.0698977,2.0
1765052848.0803792,2.0
1765052848.090925,2.0
1765052848.1013887,2.0
1765052848.1118882,2.0
1765052848.1223564,2.0
1765052848.1329348,2.0
1765052848.1433914,2.0
1765052848.1538267,2.0
1765052848.1643128,2.0
1765052848.1747804,2.0
1765052848.1852264,2.0
1765052848.195693,2.0
1765052848.2061496,2.0
1765052848.2166264,2.0
1765052848.2271113,2.0
1765052848.2375698,2.0
1765052848.2479248,2.0
1765052848.2583745,2.0
1765052848.2688735,2.0
1765052848.2793648,2.0
1765052848.2898161,2.0
1765052848.3003316,2.0
1765052848.3107815,2.0
1765052848.3212385,2.0
1765052848.3317323,2.0
1765052848.3422427,2.0
1765052848.3527167,2.0
1765052848.3631656,2.0
1765052848.3737168,2.0
1765052848.384187,2.0
1765052848.3946695,2.0
1765052848.405136,2.0
1765052848.4156077,2.0
1765052848.4260535,2.0
1765052848.4365523,2.0
1765052848.447008,2.0
1765052848.4574728,2.0
1765052848.4679928,2.0
1765052848.4784286,2.0
1765052848.4890757,2.0
1765052848.499536,2.0
1765052848.5099795,2.0
1765052848.520442,2.0
1765052848.5309186,2.0
1765052848.5414135,2.0
1765052848.5518675,2.0
1765052848.5623336,2.0
1765052848.57288,2.0
1765052848.583408,2.0
1765052848.5939152,2.0
1765052848.6043787,2.0
1765052848.6148503,2.0
1765052848.6253054,2.0
1765052848.6357787,2.0
1765052848.6463802,2.0
1765052848.6568441,2.0
1765052848.6673408,2.0
1765052848.677788,2.0
1765052848.6883895,2.0
1765052848.6988213,2.0
1765052848.7093358,2.0
1765052848.719868,2.0
1765052848.7302706,2.0
1765052848.7407255,2.0
1765052848.7512574,2.0
1765052848.7617598,2.0
1765052848.7722173,2.0
1765052848.7827966,2.0
1765052848.7932549,2.0
1765052848.8037326,2.0
1765052848.8142147,2.0
1765052848.824764,2.0
1765052848.835208,2.0
1765052848.8456602,2.0
1765052848.856131,2.0
1765052848.8666291,2.0
1765052848.8770726,2.0
1765052848.8876033,2.0
1765052848.8980794,2.0
1765052848.9087048,2.0
1765052848.9191911,2.0
1765052848.9296567,2.0
1765052848.9401405,2.0
1765052848.9506106,2.0
1765052848.9617283,2.0
1765052848.9723747,2.0
1765052848.9829447,2.0
1765052848.9934025,2.0
1765052849.0038693,2.0
1765052849.0143247,2.0
1765052849.0248082,2.0
1765052849.0352461,2.0
1765052849.045713,2.0
1765052849.0561895,2.0
1765052849.0667548,2.0
1765052849.077204,2.0
1765052849.0877166,2.0
1765052849.0981653,2.0
1765052849.1087363,2.0
1765052849.1191814,2.0
1765052849.1296349,2.0
1765052849.1401215,2.0
1765052849.1505702,2.0
1765052849.1610286,2.0
1765052849.1714616,2.0
1765052849.1819441,2.0
1765052849.1924462,2.0
1765052849.2029378,2.0
1765052849.2134037,2.0
1765052849.2238529,2.0
1765052849.2343304,2.0
1765052849.244794,2.0
1765052849.2553005,2.0
1765052849.2657661,2.0
1765052849.2762818,2.0
1765052849.2867227,2.0
1765052849.297276,2.0
1765052849.307716,2.0
1765052849.3181636,2.0
1765052849.3286512,2.0
1765052849.339117,2.0
1765052849.3497891,2.0
1765052849.3602948,2.0
1765052849.370781,2.0
1765052849.3812363,2.0
1765052849.391732,2.0
1765052849.4022207,2.0
1765052849.4126928,2.0
1765052849.423156,2.0
1765052849.4336278,2.0
1765052849.4441826,2.0
1765052849.454681,2.0
1765052849.4651744,2.0
1765052849.475655,2.0
1765052849.4861877,2.0
1765052849.4966834,2.0
1765052849.5071526,2.0
1765052849.5176704,2.0
1765052849.528145,2.0
1765052849.5385985,2.0
1765052849.5490959,2.0
1765052849.559556,2.0
1765052849.5700326,2.0
1765052849.5804935,2.0
1765052849.590951,2.0
1765052849.6014225,2.0
1765052849.6118574,2.0
1765052849.6223674,2.0
1765052849.6328528,2.0
1765052849.6433074,2.0
1765052849.6538227,2.0
1765052849.664316,2.0
1765052849.6748073,2.0
1765052849.6853714,2.0
1765052849.6957982,2.0
1765052849.706323,2.0
1765052849.7167757,2.0
1765052849.727325,2.0
1765052849.7378826,2.0
1765052849.748349,2.0
1765052849.7588298,2.0
1765052849.7692692,2.0
1765052849.7797558,2.0
1765052849.7902527,2.0
1765052849.800867,2.0
1765052849.8113368,2.0
1765052849.821798,2.0
1765052849.8323236,2.0
1765052849.8428035,2.0
1765052849.853299,2.0
1765052849.8637974,2.0
1765052849.874279,2.0
1765052849.8847811,2.0
1765052849.8952196,2.0
1765052849.905708,2.0
1765052849.916177,2.0
1765052849.9266574,2.0
1765052849.9371655,2.0
1765052849.9476404,2.0
1765052849.9590194,2.0
1765052849.9694796,2.0
1765052849.979997,2.0
1765052849.9904523,2.0
1765052850.001003,2.0
1765052850.0114622,2.0
1765052850.021926,2.0
1765052850.032431,2.0
1765052850.0428774,2.0
1765052850.053401,2.0
1765052850.0639746,2.0
1765052850.0748606,2.0
1765052850.0853164,2.0
1765052850.0958178,2.0
1765052850.1063552,2.0
1765052850.1168082,2.0
1765052850.127338,2.0
1765052850.1378047,2.0
1765052850.1482356,2.0
1765052850.158764,2.0
1765052850.1692424,2.0
1765052850.1797223,2.0
1765052850.1901772,2.0
1765052850.200656,2.0
1765052850.211188,2.0
1765052850.221673,2.0
1765052850.2321246,2.0
1765052850.2426078,2.0
1765052850.2531579,2.0
1765052850.263623,2.0
1765052850.2741237,2.0
1765052850.284608,2.0
1765052850.29508,2.0
1765052850.305537,2.0
1765052850.3160036,2.0
1765052850.3265364,2.0
1765052850.3370018,2.0
1765052850.3475003,2.0
1765052850.3579283,2.0
1765052850.368409,2.0
1765052850.378849,2.0
1765052850.389344,2.0
1765052850.3998368,2.0
1765052850.4102921,2.0
1765052850.4207523,2.0
1765052850.4312365,2.0
1765052850.441702,2.0
1765052850.452161,2.0
1765052850.4626315,2.0
1765052850.4731112,2.0
1765052850.4835808,2.0
1765052850.4942148,2.0
1765052850.5046713,2.0
1765052850.5151145,2.0
1765052850.5255995,2.0
1765052850.5360389,2.0
1765052850.5465028,2.0
1765052850.5569968,2.0
1765052850.5674448,2.0
1765052850.5779026,2.0
1765052850.5883825,2.0
1765052850.5989006,2.0
1765052850.6093445,2.0
1765052850.6197705,2.0
1765052850.630207,2.0
1765052850.640732,2.0
1765052850.6514952,2.0
1765052850.661941,2.0
1765052850.6724348,2.0
1765052850.6830592,2.0
1765052850.6934946,2.0
1765052850.7039766,2.0
1765052850.7144432,2.0
1765052850.7250297,2.0
1765052850.7355006,2.0
1765052850.7459989,2.0
1765052850.7564692,2.0
1765052850.7669723,2.0
1765052850.7774875,2.0
1765052850.7879696,2.0
1765052850.7984464,2.0
1765052850.8089519,2.0
1765052850.8194532,2.0
1765052850.829928,2.0
1765052850.8403742,2.0
1765052850.8508797,2.0
1765052850.8613787,2.0
1765052850.8718112,2.0
1765052850.8823178,2.0
1765052850.892741,2.0
1765052850.9032195,2.0
1765052850.9137218,2.0
1765052850.924176,2.0
1765052850.934647,2.0
1765052850.9450672,2.0
1765052850.9571388,2.0
1765052850.967607,2.0
1765052850.9780986,2.0
1765052850.9885535,2.0
1765052850.9990249,2.0
1765052851.0095074,2.0
1765052851.0200865,2.0
1765052851.0305262,2.0
1765052851.0410807,2.0
1765052851.0515115,2.0
1765052851.0620055,2.0
1765052851.0725236,2.0
1765052851.0830147,2.0
1765052851.0935178,2.0
1765052851.1039865,2.0
1765052851.1144273,2.0
1765052851.124989,2.0
1765052851.135478,2.0
1765052851.1459446,2.0
1765052851.1564326,2.0
1765052851.1668756,2.0
1765052851.1774004,2.0
1765052851.1879177,2.0
1765052851.1983955,2.0
1765052851.2088656,2.0
1765052851.2193463,2.0
1765052851.2298288,2.0
1765052851.2402842,2.0
1765052851.250753,2.0
1765052851.261235,2.0
1765052851.2716942,2.0
1765052851.2821877,2.0
1765052851.2927473,2.0
1765052851.3032143,2.0
1765052851.3136973,2.0
1765052851.3241968,2.0
1765052851.334663,2.0
1765052851.3451989,2.0
1765052851.3556743,2.0
1765052851.3661535,2.0
1765052851.376632,2.0
1765052851.3870673,2.0
1765052851.3975627,2.0
1765052851.4080436,2.0
1765052851.4185262,2.0
1765052851.4290848,2.0
1765052851.4395797,2.0
1765052851.4500897,2.0
1765052851.4605556,2.0
1765052851.4710479,2.0
1765052851.4815447,2.0
1765052851.4920094,2.0
1765052851.5025485,2.0
1765052851.5130045,2.0
1765052851.5235,2.0
1765052851.5339677,2.0
1765052851.5444407,2.0
1765052851.5549731,2.0
1765052851.5654488,2.0
1765052851.5759108,2.0
1765052851.5863874,2.0
1765052851.5968366,2.0
1765052851.607348,2.0
1765052851.6178105,2.0
1765052851.628336,2.0
1765052851.6388206,2.0
1765052851.649414,2.0
1765052851.659899,2.0
1765052851.6703827,2.0
1765052851.6809552,2.0
1765052851.6914563,2.0
1765052851.7019186,2.0
1765052851.7124455,2.0
1765052851.7230103,2.0
1765052851.733457,2.0
1765052851.743927,2.0
1765052851.7544167,2.0
1765052851.7649126,2.0
1765052851.775382,2.0
1765052851.7859802,2.0
1765052851.7964404,2.0
1765052851.8068962,2.0
1765052851.817346,2.0
1765052851.8278382,2.0
1765052851.8383083,2.0
1765052851.8487687,2.0
1765052851.8592682,2.0
1765052851.8697424,2.0
1765052851.8802779,2.0
1765052851.8907423,2.0
1765052851.9012768,2.0
1765052851.9117517,2.0
1765052851.9222002,2.0
1765052851.9326668,2.0
1765052851.9431221,2.0
1765052851.954739,2.0
1765052851.9651592,2.0
1765052851.9756463,2.0
1765052851.9861023,2.0
1765052851.9965436,2.0
1765052852.0070684,2.0
1765052852.0175421,2.0
1765052852.0280046,2.0
1765052852.0386052,2.0
1765052852.0490665,2.0
1765052852.0594966,2.0
1765052852.0699654,2.0
1765052852.0804234,2.0
1765052852.0909066,2.0
1765052852.1014345,2.0
1765052852.1119049,2.0
1765052852.1227572,2.0
1765052852.1332366,2.0
1765052852.1437452,2.0
1765052852.1542363,2.0
1765052852.164691,2.0
1765052852.1751919,2.0
1765052852.1856792,2.0
1765052852.196203,2.0
1765052852.2066598,2.0
1765052852.2172008,2.0
1765052852.2277262,2.0
1765052852.2383194,2.0
1765052852.2487876,2.0
1765052852.259232,2.0
1765052852.2696912,2.0
1765052852.2801554,2.0
1765052852.2906196,2.0
1765052852.301081,2.0
1765052852.3115833,2.0
1765052852.322067,2.0
1765052852.3326254,2.0
1765052852.3430872,2.0
1765052852.3535433,2.0
1765052852.3640401,2.0
1765052852.37642,2.0
1765052852.3867307,2.0
1765052852.397185,2.0
1765052852.4077494,2.0
1765052852.4182162,2.0
1765052852.4286816,2.0
1765052852.4391525,2.0
1765052852.4496162,2.0
1765052852.4601727,2.0
1765052852.4706404,2.0
1765052852.4811115,2.0
1765052852.4917278,2.0
1765052852.5021682,2.0
1765052852.512636,2.0
1765052852.5230925,2.0
1765052852.5336292,2.0
1765052852.5440722,2.0
1765052852.5545523,2.0
1765052852.565031,2.0
1765052852.5756018,2.0
1765052852.586067,2.0
1765052852.5965202,2.0
1765052852.606969,2.0
1765052852.6174314,2.0
1765052852.627929,2.0
1765052852.6383898,2.0
1765052852.6490896,2.0
1765052852.6595354,2.0
1765052852.669958,2.0
1765052852.680603,2.0
1765052852.691129,2.0
1765052852.7015948,2.0
1765052852.7120874,2.0
1765052852.722593,2.0
1765052852.7330806,2.0
1765052852.7435446,2.0
1765052852.7540867,2.0
1765052852.7645373,2.0
1765052852.7749681,2.0
1765052852.785484,2.0
1765052852.7959623,2.0
1765052852.806417,2.0
1765052852.8168604,2.0
1765052852.8273308,2.0
1765052852.8378148,2.0
1765052852.8483214,2.0
1765052852.8588676,2.0
1765052852.8693619,2.0
1765052852.8798347,2.0
1765052852.8903146,2.0
1765052852.9008064,2.0
1765052852.9112983,2.0
1765052852.9216876,2.0
1765052852.9321601,2.0
1765052852.942632,2.0
1765052852.9531224,2.0
1765052852.9646096,2.0
1765052852.9750686,2.0
1765052852.9855597,2.0
1765052852.9960542,2.0
1765052853.0065577,2.0
1765052853.0170262,2.0
1765052853.0277295,2.0
1765052853.0382218,2.0
1765052853.0487607,2.0
1765052853.0592709,2.0
1765052853.069753,2.0
1765052853.0802226,2.0
1765052853.0908227,2.0
1765052853.101335,2.0
1765052853.1117942,2.0
1765052853.1222708,2.0
1765052853.132714,2.0
1765052853.1432192,2.0
1765052853.1537068,2.0
1765052853.1641533,2.0
1765052853.1746573,2.0
1765052853.1851716,2.0
1765052853.1956584,2.0
1765052853.206108,2.0
1765052853.2166002,2.0
1765052853.2271109,2.0
1765052853.2375698,2.0
1765052853.2480583,2.0
1765052853.2585146,2.0
1765052853.2689636,2.0
1765052853.2794294,2.0
1765052853.2898774,2.0
1765052853.3003476,2.0
1765052853.3108778,2.0
1765052853.3213704,2.0
1765052853.3318636,2.0
1765052853.342366,2.0
1765052853.3528492,2.0
1765052853.363362,2.0
1765052853.3739514,2.0
1765052853.3844287,2.0
1765052853.3949099,2.0
1765052853.4053974,2.0
1765052853.4158516,2.0
1765052853.4263096,2.0
1765052853.4368997,2.0
1765052853.4473877,2.0
1765052853.4578564,2.0
1765052853.4683397,2.0
1765052853.478795,2.0
1765052853.4891968,2.0
1765052853.4996636,2.0
1765052853.5101364,2.0
1765052853.5205789,2.0
1765052853.5311563,2.0
1765052853.541636,2.0
1765052853.5521648,2.0
1765052853.5626657,2.0
1765052853.5731242,2.0
1765052853.5836377,2.0
1765052853.5940902,2.0
1765052853.6046317,2.0
1765052853.6151223,2.0
1765052853.6256485,2.0
1765052853.636126,2.0
1765052853.6469097,2.0
1765052853.6574552,2.0
1765052853.6679342,2.0
1765052853.6784134,2.0
1765052853.6888592,2.0
1765052853.6993473,2.0
1765052853.7098706,2.0
1765052853.7203615,2.0
1765052853.7308178,2.0
1765052853.741339,2.0
1765052853.751889,2.0
1765052853.7623954,2.0
1765052853.772875,2.0
1765052853.783357,2.0
1765052853.7938364,2.0
1765052853.8043215,2.0
1765052853.8148174,2.0
1765052853.825344,2.0
1765052853.8357866,2.0
1765052853.8462937,2.0
1765052853.8567479,2.0
1765052853.8672426,2.0
1765052853.877747,2.0
1765052853.888214,2.0
1765052853.898673,2.0
1765052853.909166,2.0
1765052853.9197712,2.0
1765052853.9302254,2.0
1765052853.9407058,2.0
1765052853.9523869,2.0
1765052853.9628472,2.0
1765052853.9733548,2.0
1765052853.9838943,2.0
1765052853.9943826,2.0
1765052854.0048368,2.0
1765052854.0153482,2.0
1765052854.0259092,2.0
1765052854.036392,2.0
1765052854.0468132,2.0
1765052854.0571487,2.0
1765052854.067634,2.0
1765052854.0780852,2.0
1765052854.0885844,2.0
1765052854.0990238,2.0
1765052854.1095436,2.0
1765052854.1200228,2.0
1765052854.130539,2.0
1765052854.1409924,2.0
1765052854.1514473,2.0
1765052854.1619327,2.0
1765052854.172683,2.0
1765052854.1831574,2.0
1765052854.1936314,2.0
1765052854.2041051,2.0
1765052854.2145514,2.0
1765052854.225024,2.0
1765052854.235492,2.0
1765052854.2459931,2.0
1765052854.2564714,2.0
1765052854.2669306,2.0
1765052854.2773843,2.0
1765052854.2878475,2.0
1765052854.2983668,2.0
1765052854.308852,2.0
1765052854.3193505,2.0
1765052854.3298242,2.0
1765052854.3402984,2.0
1765052854.3508017,2.0
1765052854.36128,2.0
1765052854.371745,2.0
1765052854.382229,2.0
1765052854.3927221,2.0
1765052854.403259,2.0
1765052854.4137452,2.0
1765052854.4242241,2.0
1765052854.4347181,2.0
1765052854.4452474,2.0
1765052854.455714,2.0
1765052854.4662032,2.0
1765052854.476766,2.0
1765052854.4872484,2.0
1765052854.4979174,2.0
1765052854.508387,2.0
1765052854.518958,2.0
1765052854.5294192,2.0
1765052854.5399222,2.0
1765052854.550409,2.0
1765052854.5608923,2.0
1765052854.5713797,2.0
1765052854.5819511,2.0
1765052854.5924773,2.0
1765052854.602924,2.0
1765052854.6133852,2.0
1765052854.6238754,2.0
1765052854.6343577,2.0
1765052854.645008,2.0
1765052854.6555357,2.0
1765052854.6659975,2.0
1765052854.6764941,2.0
1765052854.6871169,2.0
1765052854.6975782,2.0
1765052854.7080338,2.0
1765052854.7185373,2.0
1765052854.7291386,2.0
1765052854.7396379,2.0
1765052854.7501273,2.0
1765052854.7605925,2.0
1765052854.7710848,2.0
1765052854.7816138,2.0
1765052854.7920918,2.0
1765052854.8026023,2.0
1765052854.8130662,2.0
1765052854.8235316,2.0
1765052854.8340394,2.0
1765052854.8446195,2.0
1765052854.8551176,2.0
1765052854.8655965,2.0
1765052854.8760662,2.0
1765052854.8865988,2.0
1765052854.8970637,2.0
1765052854.9076962,2.0
1765052854.9181666,2.0
1765052854.928617,2.0
1765052854.939075,2.0
1765052854.9495559,2.0
1765052854.9614098,2.0
1765052854.9719615,2.0
1765052854.9825354,2.0
1765052854.9929981,2.0
1765052855.003598,2.0
1765052855.0141249,2.0
1765052855.0246,2.0
1765052855.0350468,2.0
1765052855.0455406,2.0
1765052855.056047,2.0
1765052855.0665076,2.0
1765052855.076985,2.0
1765052855.08759,2.0
1765052855.098052,2.0
1765052855.1085234,2.0
1765052855.1189735,2.0
1765052855.1294534,2.0
1765052855.1399467,2.0
1765052855.1504028,2.0
1765052855.1608984,2.0
1765052855.171366,2.0
1765052855.1818457,2.0
1765052855.192348,2.0
1765052855.2028542,2.0
1765052855.2133741,2.0
1765052855.2238529,2.0
1765052855.2343621,2.0
1765052855.2448478,2.0
1765052855.2554102,2.0
1765052855.2659388,2.0
1765052855.276447,2.0
1765052855.286926,2.0
1765052855.2973895,2.0
1765052855.3078752,2.0
1765052855.3183708,2.0
1765052855.3288357,2.0
1765052855.3393576,2.0
1765052855.3498497,2.0
1765052855.360322,2.0
1765052855.3708024,2.0
1765052855.381331,2.0
1765052855.391801,2.0
1765052855.4022412,2.0
1765052855.4127164,2.0
1765052855.423171,2.0
1765052855.433673,2.0
1765052855.444127,2.0
1765052855.4545808,2.0
1765052855.4650261,2.0
1765052855.4754755,2.0
1765052855.485934,2.0
1765052855.496549,2.0
1765052855.5069892,2.0
1765052855.5174627,2.0
1765052855.5279493,2.0
1765052855.538481,2.0
1765052855.549041,2.0
1765052855.5594964,2.0
1765052855.5699377,2.0
1765052855.580411,2.0
1765052855.5908618,2.0
1765052855.601345,2.0
1765052855.611817,2.0
1765052855.622278,2.0
1765052855.6224606,0.0
