time,actuator,value
1738727626.525582,Actuator(ptr=c_void_p(93963825573424)),83.0
1738727631.5469925,Actuator(ptr=c_void_p(93963825573424)),83.0
1738727636.565757,Actuator(ptr=c_void_p(93963825573424)),83.0
1738727641.5856197,Actuator(ptr=c_void_p(93963825573424)),83.0
1738727646.6032434,Actuator(ptr=c_void_p(93963825573424)),83.0
1738727651.623565,Actuator(ptr=c_void_p(93963825573424)),83.0
1738727656.6458306,Actuator(ptr=c_void_p(93963825573424)),83.0
1738727661.665951,Actuator(ptr=c_void_p(93963825573424)),83.0
1738727666.6863883,Actuator(ptr=c_void_p(93963825573424)),83.0
