time,value
1765083776.905329,1.0
1765083776.915846,3.0
1765083776.926572,3.0
1765083776.9369395,3.0
1765083776.9473715,3.0
1765083776.9578598,3.0
1765083776.9683971,3.0
1765083776.9788125,3.0
1765083776.9892137,3.0
1765083776.9997268,3.0
1765083777.0101564,3.0
1765083777.0206716,3.0
1765083777.0311482,3.0
1765083777.0415819,3.0
1765083777.0520363,3.0
1765083777.0624678,3.0
1765083777.0729837,3.0
1765083777.083489,3.0
1765083777.09389,3.0
1765083777.1043553,3.0
1765083777.1147375,3.0
1765083777.125105,3.0
1765083777.135569,3.0
1765083777.1459742,3.0
1765083777.1564045,3.0
1765083777.1668408,3.0
1765083777.1773822,3.0
1765083777.1877766,3.0
1765083777.198226,3.0
1765083777.2086356,3.0
1765083777.2190263,3.0
1765083777.2294264,3.0
1765083777.2398746,3.0
1765083777.2502856,3.0
1765083777.2607663,3.0
1765083777.2711656,3.0
1765083777.2817898,3.0
1765083777.2936034,3.0
1765083777.3040516,3.0
1765083777.3145208,3.0
1765083777.324919,3.0
1765083777.3353474,3.0
1765083777.3459458,3.0
1765083777.3564708,3.0
1765083777.3669257,3.0
1765083777.3774195,3.0
1765083777.3879764,3.0
1765083777.398406,3.0
1765083777.408802,3.0
1765083777.4192026,3.0
1765083777.42968,3.0
1765083777.4400637,3.0
1765083777.4505265,3.0
1765083777.4609237,3.0
1765083777.4713547,3.0
1765083777.4817884,3.0
1765083777.492321,3.0
1765083777.502703,3.0
1765083777.5130994,3.0
1765083777.5235713,3.0
1765083777.5340674,3.0
1765083777.5445135,3.0
1765083777.554945,3.0
1765083777.5653572,3.0
1765083777.5757358,3.0
1765083777.5861483,3.0
1765083777.5965502,3.0
1765083777.606972,3.0
1765083777.6173775,3.0
1765083777.6277835,3.0
1765083777.6382236,3.0
1765083777.6487157,3.0
1765083777.6591487,3.0
1765083777.6697118,3.0
1765083777.6800952,3.0
1765083777.6911883,3.0
1765083777.7015913,3.0
1765083777.711982,3.0
1765083777.7224147,3.0
1765083777.732933,3.0
1765083777.7433405,3.0
1765083777.7537887,3.0
1765083777.7641852,3.0
1765083777.7746537,3.0
1765083777.7850626,3.0
1765083777.7954967,3.0
1765083777.8058903,3.0
1765083777.8163197,3.0
1765083777.8267653,3.0
1765083777.8382516,3.0
1765083777.8502853,1.0
1765083777.8610072,1.0
1765083777.8713849,3.0
1765083777.8818111,3.0
1765083777.8923175,3.0
1765083777.9026947,3.0
1765083777.9131727,3.0
1765083777.9235835,3.0
1765083777.9341586,3.0
1765083777.944594,3.0
1765083777.955022,3.0
1765083777.9654753,3.0
1765083777.9761853,3.0
1765083777.9869852,3.0
1765083777.997827,3.0
1765083778.008652,3.0
1765083778.019468,3.0
1765083778.030467,3.0
1765083778.0412586,3.0
1765083778.0520945,3.0
1765083778.0628903,3.0
1765083778.0738254,3.0
1765083778.0847352,3.0
1765083778.095743,3.0
1765083778.106716,3.0
1765083778.1176708,3.0
1765083778.1287072,3.0
1765083778.1397398,3.0
1765083778.1506896,3.0
1765083778.161717,3.0
1765083778.1727042,3.0
1765083778.183654,3.0
1765083778.1945887,3.0
1765083778.2056456,3.0
1765083778.2165463,3.0
1765083778.2275207,3.0
1765083778.2385244,3.0
1765083778.2495797,3.0
1765083778.260542,3.0
1765083778.271456,3.0
1765083778.2823935,3.0
1765083778.29338,3.0
1765083778.3043065,3.0
1765083778.3152175,3.0
1765083778.3261392,3.0
1765083778.3370478,3.0
1765083778.3482811,3.0
1765083778.3592165,3.0
1765083778.370131,3.0
1765083778.3810165,3.0
1765083778.391957,3.0
1765083778.402875,3.0
1765083778.4137528,3.0
1765083778.4246876,3.0
1765083778.4356236,3.0
1765083778.4464731,3.0
1765083778.4573278,3.0
1765083778.4681773,3.0
1765083778.4791322,3.0
1765083778.4901102,3.0
1765083778.5010455,3.0
1765083778.511933,3.0
1765083778.5227747,3.0
1765083778.5336936,3.0
1765083778.544692,3.0
1765083778.5555594,3.0
1765083778.5665421,3.0
1765083778.5774655,3.0
1765083778.5884204,3.0
1765083778.5993035,3.0
1765083778.6101758,3.0
1765083778.621058,3.0
1765083778.631941,3.0
1765083778.6428635,3.0
1765083778.653986,3.0
1765083778.664855,3.0
1765083778.6757414,3.0
1765083778.6869435,3.0
1765083778.697764,3.0
1765083778.7087462,3.0
1765083778.7197325,3.0
1765083778.7305608,3.0
1765083778.7414315,3.0
1765083778.7522922,3.0
1765083778.7631695,3.0
1765083778.774126,3.0
1765083778.7849903,3.0
1765083778.7959678,3.0
1765083778.806841,3.0
1765083778.8176837,3.0
1765083778.828585,3.0
1765083778.840781,3.0
1765083778.854298,1.0
1765083778.8652494,3.0
1765083778.8759604,3.0
1765083778.8867774,3.0
1765083778.897664,3.0
1765083778.9086912,3.0
1765083778.919558,3.0
1765083778.9304686,3.0
1765083778.9413984,3.0
1765083778.9523606,3.0
1765083778.9632063,3.0
1765083778.974056,3.0
1765083778.9850104,3.0
1765083778.995911,3.0
1765083779.0068376,3.0
1765083779.0178018,3.0
1765083779.028686,3.0
1765083779.0396156,3.0
1765083779.0505111,3.0
1765083779.061567,3.0
1765083779.0724642,3.0
1765083779.083383,3.0
1765083779.0943274,3.0
1765083779.1052277,3.0
1765083779.1161768,3.0
1765083779.127333,3.0
1765083779.1382937,3.0
1765083779.1493473,3.0
1765083779.1602464,3.0
1765083779.1711712,3.0
1765083779.1820605,3.0
1765083779.1929693,3.0
1765083779.2039034,3.0
1765083779.2148113,3.0
1765083779.2257597,3.0
1765083779.2366493,3.0
1765083779.2475426,3.0
1765083779.2585168,3.0
1765083779.2693806,3.0
1765083779.280287,3.0
1765083779.291178,3.0
1765083779.302076,3.0
1765083779.3131282,3.0
1765083779.324043,3.0
1765083779.3349988,3.0
1765083779.3459089,3.0
1765083779.3578746,2.0
1765083779.3687098,3.0
1765083779.3795907,3.0
1765083779.3905342,3.0
1765083779.4014986,3.0
1765083779.412403,3.0
1765083779.4233682,3.0
1765083779.434232,3.0
1765083779.4450903,3.0
1765083779.456034,3.0
1765083779.4668365,3.0
1765083779.477707,3.0
1765083779.4886208,3.0
1765083779.4995418,3.0
1765083779.5104444,3.0
1765083779.5213425,3.0
1765083779.5321653,3.0
1765083779.5430248,3.0
1765083779.553986,3.0
1765083779.5647218,3.0
1765083779.5756078,3.0
1765083779.5864463,3.0
1765083779.5973475,3.0
1765083779.6082048,3.0
1765083779.6191754,3.0
1765083779.6300645,3.0
1765083779.640998,3.0
1765083779.6521006,3.0
1765083779.6630318,3.0
1765083779.6738849,3.0
1765083779.6849368,3.0
1765083779.6958022,3.0
1765083779.7066767,3.0
1765083779.7175295,3.0
1765083779.7285795,3.0
1765083779.739939,3.0
1765083779.750867,3.0
1765083779.7617505,3.0
1765083779.772642,3.0
1765083779.7835567,3.0
1765083779.7944791,3.0
1765083779.805328,3.0
1765083779.8162441,3.0
1765083779.827163,3.0
1765083779.839265,3.0
1765083779.8600893,3.0
1765083779.8711882,1.0
1765083779.8817308,3.0
1765083779.8925037,3.0
1765083779.9033713,3.0
1765083779.9143074,3.0
1765083779.9253914,3.0
1765083779.9364774,3.0
1765083779.947373,3.0
1765083779.958358,3.0
1765083779.9693193,3.0
1765083779.980293,3.0
1765083779.9913397,3.0
1765083780.0024447,3.0
1765083780.013417,3.0
1765083780.0243282,3.0
1765083780.0352707,3.0
1765083780.046195,3.0
1765083780.0571728,3.0
1765083780.0680325,3.0
1765083780.0789294,3.0
1765083780.0898285,3.0
1765083780.1006517,3.0
1765083780.1117592,3.0
1765083780.122715,3.0
1765083780.1335387,3.0
1765083780.1524127,2.0
1765083780.1633453,1.0
1765083780.1743338,1.0
1765083780.1855583,3.0
1765083780.196644,3.0
1765083780.2077868,3.0
1765083780.2188702,3.0
1765083780.2300758,3.0
1765083780.2412145,3.0
1765083780.2523177,3.0
1765083780.2633715,3.0
1765083780.2744899,3.0
1765083780.285555,3.0
1765083780.2967157,3.0
1765083780.3077552,3.0
1765083780.318848,3.0
1765083780.3299057,3.0
1765083780.3411624,3.0
1765083780.3527505,3.0
1765083780.363807,3.0
1765083780.3748271,3.0
1765083780.385916,3.0
1765083780.396912,3.0
1765083780.407952,3.0
1765083780.4189937,3.0
1765083780.4300609,3.0
1765083780.4411256,3.0
1765083780.4522264,3.0
1765083780.463308,3.0
1765083780.4744027,3.0
1765083780.4854796,3.0
1765083780.4967773,3.0
1765083780.5078099,3.0
1765083780.5190463,3.0
1765083780.5301192,3.0
1765083780.541271,3.0
1765083780.5522902,3.0
1765083780.563381,3.0
1765083780.5744262,3.0
1765083780.585489,3.0
1765083780.6008966,1.0
1765083780.6118581,3.0
1765083780.6234171,3.0
1765083780.6344526,3.0
1765083780.6457024,3.0
1765083780.6567438,3.0
1765083780.6678379,3.0
1765083780.6788418,3.0
1765083780.690008,3.0
1765083780.7010198,3.0
1765083780.712037,3.0
1765083780.723416,3.0
1765083780.7343707,3.0
1765083780.7454143,3.0
1765083780.756387,3.0
1765083780.767439,3.0
1765083780.7785099,3.0
1765083780.789609,3.0
1765083780.8006508,3.0
1765083780.811597,3.0
1765083780.8227272,3.0
1765083780.8349924,3.0
1765083780.846133,3.0
1765083780.8591897,3.0
1765083780.8701787,3.0
1765083780.8811953,3.0
1765083780.8921695,3.0
1765083780.9031942,3.0
1765083780.9141874,3.0
1765083780.9252477,3.0
1765083780.936303,3.0
1765083780.9474704,3.0
1765083780.95855,3.0
1765083780.9695358,3.0
1765083780.980519,3.0
1765083780.9915648,3.0
1765083781.0025966,3.0
1765083781.013578,3.0
1765083781.0246208,3.0
1765083781.0356958,3.0
1765083781.0467145,3.0
1765083781.0577104,3.0
1765083781.0688004,3.0
1765083781.0797896,3.0
1765083781.0907803,3.0
1765083781.101879,3.0
1765083781.112909,3.0
1765083781.1239772,3.0
1765083781.1350465,3.0
1765083781.1460798,3.0
1765083781.15729,3.0
1765083781.168173,3.0
1765083781.179184,3.0
1765083781.1901577,3.0
1765083781.2011678,3.0
1765083781.212147,3.0
1765083781.222989,3.0
1765083781.2339942,3.0
1765083781.2448545,3.0
1765083781.2559774,3.0
1765083781.2670317,3.0
1765083781.2781272,3.0
1765083781.2891753,3.0
1765083781.3001785,3.0
1765083781.3113024,3.0
1765083781.3223104,3.0
1765083781.3333597,3.0
1765083781.3443484,3.0
1765083781.3556974,3.0
1765083781.3668234,3.0
1765083781.3778636,3.0
1765083781.3888488,3.0
1765083781.400067,3.0
1765083781.4111376,3.0
1765083781.422255,3.0
1765083781.4332526,3.0
1765083781.4443638,3.0
1765083781.4554627,3.0
1765083781.4665012,3.0
1765083781.4777324,3.0
1765083781.4889505,3.0
1765083781.499957,3.0
1765083781.511001,3.0
1765083781.5220668,3.0
1765083781.5330682,3.0
1765083781.5440636,3.0
1765083781.5552232,3.0
1765083781.566241,3.0
1765083781.577391,3.0
1765083781.5883698,3.0
1765083781.5995607,3.0
1765083781.610584,3.0
1765083781.6216834,3.0
1765083781.6327353,3.0
1765083781.6437933,3.0
1765083781.654977,3.0
1765083781.6660478,3.0
1765083781.6771295,3.0
1765083781.688407,3.0
1765083781.6999657,3.0
1765083781.7110288,3.0
1765083781.7223158,3.0
1765083781.7332966,3.0
1765083781.7443764,3.0
1765083781.755545,3.0
1765083781.766511,3.0
1765083781.7775776,3.0
1765083781.7888927,3.0
1765083781.800031,3.0
1765083781.81097,3.0
1765083781.8219702,3.0
1765083781.8330321,3.0
1765083781.8455088,3.0
1765083781.8567402,3.0
1765083781.8678932,3.0
1765083781.8790085,3.0
1765083781.890008,3.0
1765083781.901048,3.0
1765083781.912198,3.0
1765083781.923133,3.0
1765083781.9342573,3.0
1765083781.9452844,3.0
1765083781.9561424,3.0
1765083781.9671643,3.0
1765083781.9782846,3.0
1765083781.9892528,3.0
1765083782.000382,3.0
1765083782.0113735,3.0
1765083782.0224683,3.0
1765083782.0334234,3.0
1765083782.0446057,3.0
1765083782.0555658,3.0
1765083782.0666518,3.0
1765083782.0776937,3.0
1765083782.0887704,3.0
1765083782.0997791,3.0
1765083782.110819,3.0
1765083782.1218083,3.0
1765083782.1328328,3.0
1765083782.1438363,3.0
1765083782.1551414,3.0
1765083782.1663349,3.0
1765083782.177292,3.0
1765083782.1882806,3.0
1765083782.1993062,3.0
1765083782.2103908,3.0
1765083782.221336,3.0
1765083782.2322462,3.0
1765083782.2432828,3.0
1765083782.2543237,3.0
1765083782.2652962,3.0
1765083782.2762709,3.0
1765083782.2874265,3.0
1765083782.2984712,3.0
1765083782.30957,3.0
1765083782.320583,3.0
1765083782.3315513,3.0
1765083782.3425872,3.0
1765083782.3541663,3.0
1765083782.3652773,3.0
1765083782.3762825,3.0
1765083782.3872397,3.0
1765083782.3982873,3.0
1765083782.4092388,3.0
1765083782.4202583,3.0
1765083782.4313326,3.0
1765083782.4424388,3.0
1765083782.4534242,3.0
1765083782.4645176,3.0
1765083782.4755542,3.0
1765083782.486619,3.0
1765083782.4975932,3.0
1765083782.5085685,3.0
1765083782.5195844,3.0
1765083782.5306547,3.0
1765083782.5416722,3.0
1765083782.552702,3.0
1765083782.5637274,3.0
1765083782.574788,3.0
1765083782.5857663,3.0
1765083782.596881,3.0
1765083782.6079109,3.0
1765083782.6189995,3.0
1765083782.6300366,3.0
1765083782.6410904,3.0
1765083782.6525853,3.0
1765083782.6636422,3.0
1765083782.6747162,3.0
1765083782.6859243,3.0
1765083782.6971111,3.0
1765083782.7081509,3.0
1765083782.7191782,3.0
1765083782.7304294,3.0
1765083782.7414505,3.0
1765083782.7523232,3.0
1765083782.76341,3.0
1765083782.7744687,3.0
1765083782.7854657,3.0
1765083782.7965424,3.0
1765083782.807686,3.0
1765083782.8188057,3.0
1765083782.8298116,3.0
1765083782.842101,3.0
1765083782.8531215,3.0
1765083782.8642507,3.0
1765083782.87532,3.0
1765083782.8863192,3.0
1765083782.8973827,3.0
1765083782.9083707,3.0
1765083782.919373,3.0
1765083782.9303555,3.0
1765083782.9414327,3.0
1765083782.9524186,3.0
1765083782.9634728,3.0
1765083782.9744709,3.0
1765083782.9854221,3.0
1765083782.9966025,3.0
1765083783.0076,3.0
1765083783.0185993,3.0
1765083783.029624,3.0
1765083783.0407026,3.0
1765083783.0517342,3.0
1765083783.062739,3.0
1765083783.0738058,3.0
1765083783.0848129,3.0
1765083783.0958202,3.0
1765083783.1068404,3.0
1765083783.1178699,3.0
1765083783.128936,3.0
1765083783.1399193,3.0
1765083783.151002,3.0
1765083783.1621258,3.0
1765083783.173201,3.0
1765083783.1842468,3.0
1765083783.1952267,3.0
1765083783.2062035,3.0
1765083783.2172234,3.0
1765083783.228302,3.0
1765083783.2393453,3.0
1765083783.2503734,3.0
1765083783.26139,3.0
1765083783.2724035,3.0
1765083783.2834735,3.0
1765083783.2953122,3.0
1765083783.3061635,3.0
1765083783.3172038,3.0
1765083783.3282032,3.0
1765083783.3392758,3.0
1765083783.350257,3.0
1765083783.3613515,3.0
1765083783.3723304,3.0
1765083783.3833072,3.0
1765083783.3944046,3.0
1765083783.4053936,3.0
1765083783.416466,3.0
1765083783.427445,3.0
1765083783.4384408,3.0
1765083783.4496098,3.0
1765083783.46063,3.0
1765083783.4716473,3.0
1765083783.4826858,3.0
1765083783.4938495,3.0
1765083783.504813,3.0
1765083783.5158715,3.0
1765083783.52685,3.0
1765083783.5378225,3.0
1765083783.5487359,3.0
1765083783.5597503,3.0
1765083783.5706148,3.0
1765083783.5816464,3.0
1765083783.5924706,3.0
1765083783.6033485,3.0
1765083783.6142836,3.0
1765083783.625135,3.0
1765083783.636173,3.0
1765083783.647302,3.0
1765083783.6581633,3.0
1765083783.669078,3.0
1765083783.6800663,3.0
1765083783.6910892,3.0
1765083783.7019606,3.0
1765083783.7128358,3.0
1765083783.7239819,3.0
1765083783.7348173,3.0
1765083783.745735,3.0
1765083783.7566156,3.0
1765083783.7674792,3.0
1765083783.7784793,3.0
1765083783.789438,3.0
1765083783.8004324,3.0
1765083783.811434,3.0
1765083783.8222995,3.0
1765083783.8334599,3.0
1765083783.8458877,3.0
1765083783.8571212,3.0
1765083783.868102,3.0
1765083783.8789668,3.0
1765083783.88994,3.0
1765083783.9009347,3.0
1765083783.911896,3.0
1765083783.9227264,3.0
1765083783.9335968,3.0
1765083783.9445484,3.0
1765083783.9556448,3.0
1765083783.9666183,3.0
1765083783.9774911,3.0
1765083783.9883528,3.0
1765083783.9993887,3.0
1765083784.0103638,3.0
1765083784.0213609,3.0
1765083784.0322468,3.0
1765083784.043348,3.0
1765083784.0541961,3.0
1765083784.065139,3.0
1765083784.0760005,3.0
1765083784.0869122,3.0
1765083784.097918,3.0
1765083784.108777,3.0
1765083784.1197753,3.0
1765083784.130935,3.0
1765083784.141785,3.0
1765083784.1526597,3.0
1765083784.163685,3.0
1765083784.1745791,3.0
1765083784.1854439,3.0
1765083784.196396,3.0
1765083784.2072408,3.0
1765083784.2181566,3.0
1765083784.229021,3.0
1765083784.2399511,3.0
1765083784.2508278,3.0
1765083784.26168,3.0
1765083784.2726154,3.0
1765083784.2834952,3.0
1765083784.2940397,2.0
1765083784.3041759,2.0
1765083784.3142748,2.0
1765083784.3243783,2.0
1765083784.3344972,2.0
1765083784.3446383,2.0
1765083784.3548782,2.0
1765083784.3649976,2.0
1765083784.3750837,2.0
1765083784.3852415,2.0
1765083784.3953943,2.0
1765083784.4054754,2.0
1765083784.4156058,2.0
1765083784.4257367,2.0
1765083784.4358451,2.0
1765083784.4460666,2.0
1765083784.4561698,2.0
1765083784.466341,2.0
1765083784.476488,2.0
1765083784.4865835,2.0
1765083784.4967659,2.0
1765083784.506959,2.0
1765083784.5170927,2.0
1765083784.527201,2.0
1765083784.5373175,2.0
1765083784.5474246,2.0
1765083784.557644,2.0
1765083784.5677397,2.0
1765083784.5778475,2.0
1765083784.5879307,2.0
1765083784.5980754,2.0
1765083784.6081483,2.0
1765083784.6183548,2.0
1765083784.6285737,2.0
1765083784.6387122,2.0
1765083784.648937,2.0
1765083784.658993,2.0
1765083784.6690989,2.0
1765083784.6793573,2.0
1765083784.689608,2.0
1765083784.6997197,2.0
1765083784.7098272,2.0
1765083784.719938,2.0
1765083784.7300327,2.0
1765083784.7401493,2.0
1765083784.7502365,2.0
1765083784.7603428,2.0
1765083784.770435,2.0
1765083784.7805326,2.0
1765083784.790644,2.0
1765083784.80076,2.0
1765083784.8108869,2.0
1765083784.8209856,2.0
1765083784.8310843,2.0
1765083784.8424315,2.0
1765083784.8524494,2.0
1765083784.8666427,1.0
1765083784.879324,1.0
1765083784.89409,3.0
1765083784.9041443,2.0
1765083784.9141927,2.0
1765083784.9243276,2.0
1765083784.9344819,2.0
1765083784.9446318,2.0
1765083784.9547634,2.0
1765083784.9648426,2.0
1765083784.9749513,2.0
1765083784.9851174,2.0
1765083784.9952097,2.0
1765083785.0052967,2.0
1765083785.0154138,2.0
1765083785.0254855,2.0
1765083785.0355697,2.0
1765083785.0456705,2.0
1765083785.055778,2.0
1765083785.0659528,2.0
1765083785.076085,2.0
1765083785.0861561,2.0
1765083785.0962422,2.0
1765083785.1064546,2.0
1765083785.1165628,2.0
1765083785.1266763,2.0
1765083785.1367357,2.0
1765083785.1469135,2.0
1765083785.1569648,2.0
1765083785.1670456,2.0
1765083785.17711,2.0
1765083785.1872067,2.0
1765083785.197304,2.0
1765083785.2074065,2.0
1765083785.2174602,2.0
1765083785.2276378,2.0
1765083785.237681,2.0
1765083785.2477834,2.0
1765083785.25785,2.0
1765083785.2679543,2.0
1765083785.2780972,2.0
1765083785.2881474,2.0
1765083785.2982764,2.0
1765083785.3083658,2.0
1765083785.3185887,2.0
1765083785.3286152,2.0
1765083785.3387282,2.0
1765083785.3488998,2.0
1765083785.3592193,2.0
1765083785.3693216,2.0
1765083785.37951,2.0
1765083785.3895905,2.0
1765083785.399691,2.0
1765083785.4097729,2.0
1765083785.4198575,2.0
1765083785.4299612,2.0
1765083785.4400384,2.0
1765083785.4501526,2.0
1765083785.460252,2.0
1765083785.4703183,2.0
1765083785.4804366,2.0
1765083785.490557,2.0
1765083785.5006168,2.0
1765083785.510688,2.0
1765083785.5207865,2.0
1765083785.530872,2.0
1765083785.5409582,2.0
1765083785.5510786,2.0
1765083785.5611784,2.0
1765083785.5712051,2.0
1765083785.5813243,2.0
1765083785.5914226,2.0
1765083785.6015995,2.0
1765083785.611694,2.0
1765083785.6217833,2.0
1765083785.6318944,2.0
1765083785.6419947,2.0
1765083785.6523192,2.0
1765083785.6623318,2.0
1765083785.6724222,2.0
1765083785.6827307,2.0
1765083785.6927803,2.0
1765083785.7029653,2.0
1765083785.713068,2.0
1765083785.7232337,2.0
1765083785.7333195,2.0
1765083785.7434182,2.0
1765083785.753543,2.0
1765083785.7636473,2.0
1765083785.7736907,2.0
1765083785.783796,2.0
1765083785.793878,2.0
1765083785.804,2.0
1765083785.814148,2.0
1765083785.8242033,2.0
1765083785.8355556,2.0
1765083785.8456798,2.0
1765083785.8557272,2.0
1765083785.8657963,2.0
1765083785.8758888,2.0
1765083785.8957937,2.0
1765083785.9090137,1.0
1765083785.9238758,3.0
1765083785.9339685,2.0
1765083785.9440873,2.0
1765083785.9543407,2.0
1765083785.9643981,2.0
1765083785.974594,2.0
1765083785.9847267,2.0
1765083785.9948616,2.0
1765083786.0050058,2.0
1765083786.0151045,2.0
1765083786.0253227,2.0
1765083786.035479,2.0
1765083786.0455606,2.0
1765083786.0556793,2.0
1765083786.0658038,2.0
1765083786.07593,2.0
1765083786.086089,2.0
1765083786.096208,2.0
1765083786.106315,2.0
1765083786.116436,2.0
1765083786.1265707,2.0
1765083786.136805,2.0
1765083786.1469164,2.0
1765083786.157036,2.0
1765083786.1671724,2.0
1765083786.1772962,2.0
1765083786.1874044,2.0
1765083786.1975183,2.0
1765083786.207645,2.0
1765083786.2177327,2.0
1765083786.2279131,2.0
1765083786.238078,2.0
1765083786.2481885,2.0
1765083786.2584553,2.0
1765083786.2686157,2.0
1765083786.278743,2.0
1765083786.2888463,2.0
1765083786.2989557,2.0
1765083786.3091607,2.0
1765083786.3193085,2.0
1765083786.329391,2.0
1765083786.3495188,2.0
1765083786.3616128,1.0
1765083786.376362,3.0
1765083786.3864448,2.0
1765083786.3965514,2.0
1765083786.4067016,2.0
1765083786.416932,2.0
1765083786.4269683,2.0
1765083786.437224,2.0
1765083786.4473815,2.0
1765083786.4575665,2.0
1765083786.4677,2.0
1765083786.4778242,2.0
1765083786.487995,2.0
1765083786.4981227,2.0
1765083786.5082257,2.0
1765083786.518391,2.0
1765083786.5286064,2.0
1765083786.5386817,2.0
1765083786.548843,2.0
1765083786.558968,2.0
1765083786.5691047,2.0
1765083786.5792794,2.0
1765083786.589417,2.0
1765083786.5995443,2.0
1765083786.6096613,2.0
1765083786.619835,2.0
1765083786.6299543,2.0
1765083786.6400898,2.0
1765083786.650459,2.0
1765083786.6605704,2.0
1765083786.6706972,2.0
1765083786.6808016,2.0
1765083786.6919293,2.0
1765083786.7021198,2.0
1765083786.7122414,2.0
1765083786.7225575,2.0
1765083786.7325892,2.0
1765083786.7427106,2.0
1765083786.752904,2.0
1765083786.7630572,2.0
1765083786.773158,2.0
1765083786.7832983,2.0
1765083786.7934265,2.0
1765083786.8035135,2.0
1765083786.8136542,2.0
1765083786.8238628,2.0
1765083786.8339763,2.0
1765083786.8449547,2.0
1765083786.8551774,2.0
1765083786.8653092,2.0
1765083786.8754148,2.0
1765083786.8854194,2.0
1765083786.8954906,2.0
1765083786.9056594,2.0
1765083786.9157808,2.0
1765083786.9259303,2.0
1765083786.9360917,2.0
1765083786.9462247,2.0
1765083786.9563534,2.0
1765083786.966486,2.0
1765083786.976654,2.0
1765083786.9867642,2.0
1765083786.996892,2.0
1765083787.0069735,2.0
1765083787.0171142,2.0
1765083787.027228,2.0
1765083787.0375748,2.0
1765083787.0476599,2.0
1765083787.0577838,2.0
1765083787.067903,2.0
1765083787.078048,2.0
1765083787.088269,2.0
1765083787.0984075,2.0
1765083787.1085455,2.0
1765083787.1186388,2.0
1765083787.1287718,2.0
1765083787.138913,2.0
1765083787.1490319,2.0
1765083787.1591191,2.0
1765083787.1692717,2.0
1765083787.1795225,2.0
1765083787.1896415,2.0
1765083787.1998026,2.0
1765083787.209914,2.0
1765083787.220024,2.0
1765083787.230182,2.0
1765083787.2402992,2.0
1765083787.250447,2.0
1765083787.2605698,2.0
1765083787.2706938,2.0
1765083787.2807536,2.0
1765083787.2908814,2.0
1765083787.3009887,2.0
1765083787.3110878,2.0
1765083787.3212981,2.0
1765083787.3317516,2.0
1765083787.3421261,2.0
1765083787.352275,2.0
1765083787.3625748,2.0
1765083787.3727357,2.0
1765083787.382893,2.0
1765083787.392997,2.0
1765083787.4031355,2.0
1765083787.4133275,2.0
1765083787.4234638,2.0
1765083787.433577,2.0
1765083787.4437993,2.0
1765083787.4539528,2.0
1765083787.464089,2.0
1765083787.4742677,2.0
1765083787.4844174,2.0
1765083787.4946375,2.0
1765083787.504743,2.0
1765083787.5148804,2.0
1765083787.5249932,2.0
1765083787.5351474,2.0
1765083787.5453796,2.0
1765083787.5556178,2.0
1765083787.5657928,2.0
1765083787.5759034,2.0
1765083787.586045,2.0
1765083787.5962045,2.0
1765083787.6063387,2.0
1765083787.6164596,2.0
1765083787.6266296,2.0
1765083787.63684,2.0
1765083787.6471958,2.0
1765083787.6572104,2.0
1765083787.667379,2.0
1765083787.6775105,2.0
1765083787.687819,2.0
1765083787.6979325,2.0
1765083787.7080348,2.0
1765083787.7181852,2.0
1765083787.7283523,2.0
1765083787.7384884,2.0
1765083787.74864,2.0
1765083787.758766,2.0
1765083787.7688658,2.0
1765083787.7790165,2.0
1765083787.7891464,2.0
1765083787.799281,2.0
1765083787.8094344,2.0
1765083787.8195632,2.0
1765083787.829722,2.0
1765083787.8409827,2.0
1765083787.8510497,2.0
1765083787.8611987,2.0
1765083787.8714468,2.0
1765083787.8815184,2.0
1765083787.891655,2.0
1765083787.9017947,2.0
1765083787.9119258,2.0
1765083787.922057,2.0
1765083787.9324389,2.0
1765083787.942527,2.0
1765083787.9526875,2.0
1765083787.9628463,2.0
1765083787.9730017,2.0
1765083787.9831567,2.0
1765083787.9933271,2.0
1765083788.0035474,2.0
1765083788.0137224,2.0
1765083788.023852,2.0
1765083788.034112,2.0
1765083788.044272,2.0
1765083788.0544853,2.0
1765083788.064613,2.0
1765083788.0747948,2.0
1765083788.0849695,2.0
1765083788.0951278,2.0
1765083788.105244,2.0
1765083788.1153836,2.0
1765083788.1255596,2.0
1765083788.1356993,2.0
1765083788.145849,2.0
1765083788.1559975,2.0
1765083788.1660879,2.0
1765083788.176244,2.0
1765083788.1863794,2.0
1765083788.1966572,2.0
1765083788.2068012,2.0
1765083788.2169328,2.0
1765083788.227075,2.0
1765083788.2372167,2.0
1765083788.247444,2.0
1765083788.2576,2.0
1765083788.267727,2.0
1765083788.2778914,2.0
1765083788.2880385,2.0
1765083788.2982016,2.0
1765083788.3083143,2.0
1765083788.318472,2.0
1765083788.3285573,2.0
1765083788.3387308,2.0
1765083788.348874,2.0
1765083788.3591366,2.0
1765083788.369269,2.0
1765083788.3793867,2.0
1765083788.3896263,2.0
1765083788.3997548,2.0
1765083788.4098444,2.0
1765083788.4199696,2.0
1765083788.4301033,2.0
1765083788.4402697,2.0
1765083788.450427,2.0
1765083788.4606524,2.0
1765083788.4707744,2.0
1765083788.4809177,2.0
1765083788.4910533,2.0
1765083788.5011725,2.0
1765083788.5112906,2.0
1765083788.5214036,2.0
1765083788.5321856,2.0
1765083788.54234,2.0
1765083788.5524764,2.0
1765083788.5625465,2.0
1765083788.5726511,2.0
1765083788.5827632,2.0
1765083788.5928857,2.0
1765083788.6029959,2.0
1765083788.6131427,2.0
1765083788.6232722,2.0
1765083788.633426,2.0
1765083788.6435935,2.0
1765083788.6538422,2.0
1765083788.6639402,2.0
1765083788.6740582,2.0
1765083788.684407,2.0
1765083788.6944256,2.0
1765083788.7045617,2.0
1765083788.714796,2.0
1765083788.7250504,2.0
1765083788.7351098,2.0
1765083788.745318,2.0
1765083788.7554414,2.0
1765083788.7655363,2.0
1765083788.7757587,2.0
1765083788.785867,2.0
1765083788.796027,2.0
1765083788.8061771,2.0
1765083788.8164358,2.0
1765083788.826551,2.0
1765083788.8379562,2.0
1765083788.8479981,2.0
1765083788.8581295,2.0
1765083788.8682163,2.0
1765083788.8783913,2.0
1765083788.8885443,2.0
1765083788.8986623,2.0
1765083788.9087877,2.0
1765083788.918908,2.0
1765083788.9290369,2.0
1765083788.9392676,2.0
1765083788.9494085,2.0
1765083788.9595401,2.0
1765083788.9696274,2.0
1765083788.9797199,2.0
1765083788.9897673,2.0
1765083789.00475,1.0
1765083789.0191643,1.0
1765083789.0338314,3.0
1765083789.0438867,2.0
1765083789.0539231,2.0
1765083789.064016,2.0
1765083789.0740879,2.0
1765083789.0842125,2.0
1765083789.0944026,2.0
1765083789.104512,2.0
1765083789.1146038,2.0
1765083789.1246452,2.0
1765083789.1349082,2.0
1765083789.14492,2.0
1765083789.1549795,2.0
1765083789.165096,2.0
1765083789.175174,2.0
1765083789.1852539,2.0
1765083789.2001495,3.0
1765083789.2103603,2.0
1765083789.2204053,2.0
1765083789.2304797,2.0
1765083789.2405624,2.0
1765083789.250694,2.0
1765083789.2607677,2.0
1765083789.270862,2.0
1765083789.2809107,2.0
1765083789.2909596,2.0
1765083789.3010087,2.0
1765083789.311075,2.0
1765083789.321127,2.0
1765083789.3311899,2.0
1765083789.3412392,2.0
1765083789.3513067,2.0
1765083789.3616233,2.0
1765083789.3716264,2.0
1765083789.3817127,2.0
1765083789.3917153,2.0
1765083789.401751,2.0
1765083789.4118147,2.0
1765083789.4219162,2.0
1765083789.4320226,2.0
1765083789.4421241,2.0
1765083789.4522161,2.0
1765083789.4622786,2.0
1765083789.4723804,2.0
1765083789.4824777,2.0
1765083789.4926817,2.0
1765083789.5027354,2.0
1765083789.5128715,2.0
1765083789.5229778,2.0
1765083789.5330884,2.0
1765083789.543345,2.0
1765083789.5534472,2.0
1765083789.563553,2.0
1765083789.573692,2.0
1765083789.5838091,2.0
1765083789.5939107,2.0
1765083789.6040256,2.0
1765083789.6141763,2.0
1765083789.6243012,2.0
1765083789.6344278,2.0
1765083789.6447723,2.0
1765083789.6549048,2.0
1765083789.6650321,2.0
1765083789.675142,2.0
1765083789.685421,2.0
1765083789.6955025,2.0
1765083789.705651,2.0
1765083789.7157423,2.0
1765083789.7258947,2.0
1765083789.736008,2.0
1765083789.7461195,2.0
1765083789.7562382,2.0
1765083789.7663543,2.0
1765083789.7860122,2.0
1765083789.7985024,1.0
1765083789.813197,3.0
1765083789.8280833,3.0
1765083789.839429,2.0
1765083789.84943,2.0
1765083789.8595557,2.0
1765083789.8696861,2.0
1765083789.8798876,2.0
1765083789.8899822,2.0
1765083789.9000704,2.0
1765083789.9102094,2.0
1765083789.920314,2.0
1765083789.9304628,2.0
1765083789.9405944,2.0
1765083789.9506752,2.0
1765083789.9607193,2.0
1765083789.9707475,2.0
1765083789.9810302,2.0
1765083789.991161,2.0
1765083790.00128,2.0
1765083790.0113776,2.0
1765083790.0215666,2.0
1765083790.031648,2.0
1765083790.0417852,2.0
1765083790.051878,2.0
1765083790.061984,2.0
1765083790.0720954,2.0
1765083790.0821931,2.0
1765083790.092289,2.0
1765083790.1024127,2.0
1765083790.1124923,2.0
1765083790.1226883,2.0
1765083790.1328,2.0
1765083790.142878,2.0
1765083790.1529717,2.0
1765083790.1630986,2.0
1765083790.1731968,2.0
1765083790.1832907,2.0
1765083790.1934004,2.0
1765083790.2035036,2.0
1765083790.2135887,2.0
1765083790.223694,2.0
1765083790.233804,2.0
1765083790.2439117,2.0
1765083790.2540307,2.0
1765083790.2641318,2.0
1765083790.2742453,2.0
1765083790.2843277,2.0
1765083790.2944498,2.0
1765083790.3045528,2.0
1765083790.3146548,2.0
1765083790.3247738,2.0
1765083790.334935,2.0
1765083790.3449728,2.0
1765083790.3550649,2.0
1765083790.3653212,2.0
1765083790.375514,2.0
1765083790.3856356,2.0
1765083790.3957286,2.0
1765083790.405817,2.0
1765083790.4159486,2.0
1765083790.426011,2.0
1765083790.4361174,2.0
1765083790.4463618,2.0
1765083790.4565175,2.0
1765083790.4666216,2.0
1765083790.47679,2.0
1765083790.4869082,2.0
1765083790.4970515,2.0
1765083790.5071824,2.0
1765083790.517329,2.0
1765083790.5274372,2.0
1765083790.537539,2.0
1765083790.5476377,2.0
1765083790.5577946,2.0
1765083790.567936,2.0
1765083790.5779607,2.0
1765083790.5880682,2.0
1765083790.5981946,2.0
1765083790.608306,2.0
1765083790.618437,2.0
1765083790.6285028,2.0
1765083790.6385925,2.0
1765083790.648862,2.0
1765083790.6589446,2.0
1765083790.669046,2.0
1765083790.679142,2.0
1765083790.6893146,2.0
1765083790.699382,2.0
1765083790.7094994,2.0
1765083790.7196872,2.0
1765083790.729756,2.0
1765083790.7446911,3.0
1765083790.7548513,2.0
1765083790.76501,2.0
1765083790.7751038,2.0
1765083790.7851884,2.0
1765083790.7953854,2.0
1765083790.8054612,2.0
1765083790.8155637,2.0
1765083790.8256772,2.0
1765083790.837152,2.0
1765083790.8471801,2.0
1765083790.8572943,2.0
1765083790.8673928,2.0
1765083790.8775892,2.0
1765083790.8876615,2.0
1765083790.8977578,2.0
1765083790.9078712,2.0
1765083790.9179897,2.0
1765083790.928071,2.0
1765083790.938203,2.0
1765083790.948288,2.0
1765083790.9584544,2.0
1765083790.9685867,2.0
1765083790.97873,2.0
1765083790.9888258,2.0
1765083790.999007,2.0
1765083791.009128,2.0
1765083791.0192149,2.0
1765083791.0294242,2.0
1765083791.0395203,2.0
1765083791.049667,2.0
1765083791.0597699,2.0
1765083791.0698774,2.0
1765083791.0800502,2.0
1765083791.0901546,2.0
1765083791.1003234,2.0
1765083791.1104398,2.0
1765083791.1205523,2.0
1765083791.130663,2.0
1765083791.1408656,2.0
1765083791.1509452,2.0
1765083791.1610117,2.0
1765083791.1711233,2.0
1765083791.1812854,2.0
1765083791.1913226,2.0
1765083791.2013724,2.0
1765083791.2114563,2.0
1765083791.2215827,2.0
1765083791.2316828,2.0
1765083791.2418103,2.0
1765083791.251894,2.0
1765083791.2620301,2.0
1765083791.272118,2.0
1765083791.2822235,2.0
1765083791.2923281,2.0
1765083791.3024535,2.0
1765083791.312521,2.0
1765083791.3226235,2.0
1765083791.3327198,2.0
1765083791.342845,2.0
1765083791.3529332,2.0
1765083791.3631577,2.0
1765083791.3732371,2.0
1765083791.3833733,2.0
1765083791.393471,2.0
1765083791.403646,2.0
1765083791.4137497,2.0
1765083791.4238744,2.0
1765083791.4339733,2.0
1765083791.444083,2.0
1765083791.45418,2.0
1765083791.4642851,2.0
1765083791.4744618,2.0
1765083791.4845932,2.0
1765083791.5047479,2.0
1765083791.5167413,1.0
1765083791.531511,3.0
1765083791.54161,2.0
1765083791.5517533,2.0
1765083791.5619044,2.0
1765083791.5720153,2.0
1765083791.582144,2.0
1765083791.59228,2.0
1765083791.60237,2.0
1765083791.6125298,2.0
1765083791.6226184,2.0
1765083791.6328301,2.0
1765083791.6429648,2.0
1765083791.6530025,2.0
1765083791.6630964,2.0
1765083791.673301,2.0
1765083791.683606,2.0
1765083791.698483,3.0
1765083791.7087398,2.0
1765083791.7189002,2.0
1765083791.72906,2.0
1765083791.7392168,2.0
1765083791.749342,2.0
1765083791.7594707,2.0
1765083791.76963,2.0
1765083791.7798119,2.0
1765083791.7899458,2.0
1765083791.8000834,2.0
1765083791.810326,2.0
1765083791.820433,2.0
1765083791.8306015,2.0
1765083791.8412461,2.0
1765083791.851633,2.0
1765083791.861702,2.0
1765083791.8718805,2.0
1765083791.8819144,2.0
1765083791.8920248,2.0
1765083791.9021587,2.0
1765083791.9122877,2.0
1765083791.922407,2.0
1765083791.9326384,2.0
1765083791.9427738,2.0
1765083791.952915,2.0
1765083791.9630463,2.0
1765083791.9731047,2.0
1765083791.9831996,2.0
1765083791.993351,2.0
1765083792.0036044,2.0
1765083792.0137806,2.0
1765083792.0241036,2.0
1765083792.0342364,2.0
1765083792.0445135,2.0
1765083792.0546496,2.0
1765083792.064804,2.0
1765083792.0749528,2.0
1765083792.0851545,2.0
1765083792.095281,2.0
1765083792.1055193,2.0
1765083792.115749,2.0
1765083792.125847,2.0
1765083792.1360402,2.0
1765083792.146198,2.0
1765083792.1563363,2.0
1765083792.1666071,2.0
1765083792.176735,2.0
1765083792.186775,2.0
1765083792.1969109,2.0
1765083792.207058,2.0
1765083792.2171807,2.0
1765083792.2273633,2.0
1765083792.2375147,2.0
1765083792.247688,2.0
1765083792.2578194,2.0
1765083792.2679842,2.0
1765083792.278098,2.0
1765083792.2882583,2.0
1765083792.2983983,2.0
1765083792.308535,2.0
1765083792.3186862,2.0
1765083792.328802,2.0
1765083792.3389282,2.0
1765083792.349145,2.0
1765083792.3592873,2.0
1765083792.3694506,2.0
1765083792.379603,2.0
1765083792.3897295,2.0
1765083792.399894,2.0
1765083792.4100337,2.0
1765083792.420195,2.0
1765083792.4303284,2.0
1765083792.4405038,2.0
1765083792.4506524,2.0
1765083792.4607022,2.0
1765083792.4707682,2.0
1765083792.4809155,2.0
1765083792.4911432,2.0
1765083792.5012121,2.0
1765083792.511358,2.0
1765083792.5214798,2.0
1765083792.5316374,2.0
1765083792.5417604,2.0
1765083792.5519133,2.0
1765083792.562037,2.0
1765083792.5721998,2.0
1765083792.582369,2.0
1765083792.5925293,2.0
1765083792.6026824,2.0
1765083792.6127994,2.0
1765083792.6229098,2.0
1765083792.6330404,2.0
1765083792.6432009,2.0
1765083792.6534648,2.0
1765083792.6636312,2.0
1765083792.6737876,2.0
1765083792.6839998,2.0
1765083792.6989138,3.0
1765083792.7090685,2.0
1765083792.7192364,2.0
1765083792.7295623,2.0
1765083792.7397134,2.0
1765083792.7498786,2.0
1765083792.7600262,2.0
1765083792.7701502,2.0
1765083792.7803934,2.0
1765083792.7905624,2.0
1765083792.800703,2.0
1765083792.810828,2.0
1765083792.821042,2.0
1765083792.8311944,2.0
1765083792.8420143,2.0
1765083792.8521557,2.0
1765083792.8622751,2.0
1765083792.8725111,2.0
1765083792.8826156,2.0
1765083792.8927455,2.0
1765083792.9028773,2.0
1765083792.9130125,2.0
1765083792.923161,2.0
1765083792.9333599,2.0
1765083792.9435208,2.0
1765083792.9536572,2.0
1765083792.9638066,2.0
1765083792.973953,2.0
1765083792.9841087,2.0
1765083792.9941988,2.0
1765083793.0043542,2.0
1765083793.0146012,2.0
1765083793.024746,2.0
1765083793.034861,2.0
1765083793.0497823,3.0
1765083793.0598395,2.0
1765083793.0699165,2.0
1765083793.0848396,3.0
1765083793.094874,2.0
1765083793.1097882,3.0
1765083793.1197915,2.0
1765083793.130004,2.0
1765083793.144915,3.0
1765083793.154972,2.0
1765083793.1699,3.0
1765083793.1799269,2.0
1765083793.1899335,2.0
1765083793.1999555,2.0
1765083793.21006,2.0
1765083793.22498,3.0
1765083793.2350001,2.0
1765083793.2450166,2.0
1765083793.2599447,3.0
1765083793.2699692,2.0
1765083793.2799819,2.0
1765083793.2899973,2.0
1765083793.3049085,3.0
1765083793.3149347,2.0
1765083793.3249955,2.0
1765083793.3351827,2.0
1765083793.3452537,2.0
1765083793.3601956,3.0
1765083793.370245,2.0
1765083793.3803217,2.0
1765083793.3952434,3.0
1765083793.4052572,2.0
1765083793.4153795,2.0
1765083793.4253962,2.0
1765083793.435457,2.0
1765083793.4454603,2.0
1765083793.4555328,2.0
1765083793.470431,3.0
1765083793.4804327,2.0
1765083793.4905314,2.0
1765083793.5054643,3.0
1765083793.5155149,2.0
1765083793.5255485,2.0
1765083793.5355573,2.0
1765083793.545558,2.0
1765083793.5555627,2.0
1765083793.570509,3.0
1765083793.5854251,3.0
1765083793.6003525,3.0
1765083793.6104069,2.0
1765083793.620477,2.0
1765083793.6305046,2.0
1765083793.6405268,2.0
1765083793.6507168,2.0
1765083793.6655846,3.0
1765083793.6756063,2.0
1765083793.6857104,2.0
1765083793.7006404,3.0
1765083793.7155812,3.0
1765083793.725652,2.0
1765083793.7356842,2.0
1765083793.7505934,3.0
1765083793.7606153,2.0
1765083793.7706537,2.0
1765083793.7806823,2.0
1765083793.7907062,2.0
1765083793.8056035,3.0
1765083793.815681,2.0
1765083793.83065,3.0
1765083793.841913,2.0
1765083793.8519151,2.0
1765083793.8668482,3.0
1765083793.8768942,2.0
1765083793.8869097,2.0
1765083793.8969958,2.0
1765083793.9070983,2.0
1765083793.9172,2.0
1765083793.9272568,2.0
1765083793.9373207,2.0
1765083793.9473805,2.0
1765083793.9574983,2.0
1765083793.9675379,2.0
1765083793.9777775,2.0
1765083793.987797,2.0
1765083793.9978642,2.0
1765083794.0079434,2.0
1765083794.0179486,2.0
1765083794.027998,2.0
1765083794.0380838,2.0
1765083794.0530238,3.0
1765083794.0631697,2.0
1765083794.0735512,2.0
1765083794.08363,2.0
1765083794.093672,2.0
1765083794.1036863,2.0
1765083794.113739,2.0
1765083794.1238303,2.0
1765083794.1338868,2.0
1765083794.143991,2.0
1765083794.1540391,2.0
1765083794.164079,2.0
1765083794.1741385,2.0
1765083794.1841888,2.0
1765083794.1942234,2.0
1765083794.2042387,2.0
1765083794.2143035,2.0
1765083794.224422,2.0
1765083794.234447,2.0
1765083794.2445138,2.0
1765083794.2545514,2.0
1765083794.2646012,2.0
1765083794.2746458,2.0
1765083794.2847645,2.0
1765083794.2947667,2.0
1765083794.3048348,2.0
1765083794.3148985,2.0
1765083794.3249702,2.0
1765083794.3349915,2.0
1765083794.3450556,2.0
1765083794.3551095,2.0
1765083794.3653262,2.0
1765083794.375396,2.0
1765083794.3854535,2.0
1765083794.3955193,2.0
1765083794.4056377,2.0
1765083794.4157288,2.0
1765083794.425777,2.0
1765083794.4358327,2.0
1765083794.4459403,2.0
1765083794.4559746,2.0
1765083794.4660263,2.0
1765083794.4760656,2.0
1765083794.486133,2.0
1765083794.4962368,2.0
1765083794.506289,2.0
1765083794.5163555,2.0
1765083794.5273218,3.0
1765083794.5382574,3.0
1765083794.5490832,3.0
1765083794.5599782,3.0
1765083794.5708823,3.0
1765083794.5817049,3.0
1765083794.592545,3.0
1765083794.603365,3.0
1765083794.6142516,3.0
1765083794.6250837,3.0
1765083794.635922,3.0
1765083794.6470451,3.0
1765083794.6578572,3.0
1765083794.668805,3.0
1765083794.6796377,3.0
1765083794.6905468,3.0
1765083794.7013986,3.0
1765083794.7123883,3.0
1765083794.7234662,3.0
1765083794.7342384,3.0
1765083794.745075,3.0
1765083794.7559426,3.0
1765083794.7668493,3.0
1765083794.7776828,3.0
1765083794.7887242,3.0
1765083794.799538,3.0
1765083794.810445,3.0
1765083794.8213177,3.0
1765083794.8320827,3.0
1765083794.8439803,3.0
1765083794.8548493,3.0
1765083794.865698,3.0
1765083794.8766189,3.0
1765083794.8874412,3.0
1765083794.8983529,3.0
1765083794.9091663,3.0
1765083794.920011,3.0
1765083794.9308348,3.0
1765083794.9417787,3.0
1765083794.9526503,3.0
1765083794.9634702,3.0
1765083794.9742901,3.0
1765083794.9851165,3.0
1765083794.9959981,3.0
1765083795.0068152,3.0
1765083795.017742,3.0
1765083795.0285676,3.0
1765083795.0395243,3.0
1765083795.050358,3.0
1765083795.0612025,3.0
1765083795.0720673,3.0
1765083795.0829258,3.0
1765083795.0938122,3.0
1765083795.1047125,3.0
1765083795.1155584,3.0
1765083795.1264026,3.0
1765083795.1373124,3.0
1765083795.1481667,3.0
1765083795.1591024,3.0
1765083795.169953,3.0
1765083795.1807795,3.0
1765083795.1915731,3.0
1765083795.2025673,3.0
1765083795.2134285,3.0
1765083795.2243865,3.0
1765083795.235309,3.0
1765083795.2461243,3.0
1765083795.257139,3.0
1765083795.2679777,3.0
1765083795.2788782,3.0
1765083795.289704,3.0
1765083795.3005226,3.0
1765083795.3113348,3.0
1765083795.3222187,3.0
1765083795.3330843,3.0
1765083795.343936,3.0
1765083795.354823,3.0
1765083795.3659034,3.0
1765083795.376735,3.0
1765083795.3876626,3.0
1765083795.3984954,3.0
1765083795.4093828,3.0
1765083795.4202082,3.0
1765083795.4310637,3.0
1765083795.4418838,3.0
1765083795.4528193,3.0
1765083795.4637032,3.0
1765083795.47453,3.0
1765083795.4853876,3.0
1765083795.496406,3.0
1765083795.5072193,3.0
1765083795.5181022,3.0
1765083795.5288951,3.0
1765083795.5397797,3.0
1765083795.5506864,3.0
1765083795.5615304,3.0
1765083795.572454,3.0
1765083795.5833192,3.0
1765083795.5941727,3.0
1765083795.6050527,3.0
1765083795.6158662,3.0
1765083795.6267214,3.0
1765083795.6376004,3.0
1765083795.648934,3.0
1765083795.6598039,3.0
1765083795.670638,3.0
1765083795.6817229,3.0
1765083795.6925676,3.0
1765083795.7034624,3.0
1765083795.714405,3.0
1765083795.7253199,3.0
1765083795.7361631,3.0
1765083795.747088,3.0
1765083795.7579398,3.0
1765083795.7687745,3.0
1765083795.779725,3.0
1765083795.7905817,3.0
1765083795.801551,3.0
1765083795.8124163,3.0
1765083795.8231974,3.0
1765083795.8341377,3.0
1765083795.846472,3.0
1765083795.857279,3.0
1765083795.8680766,3.0
1765083795.8790057,3.0
1765083795.8898897,3.0
1765083795.900783,3.0
1765083795.9116192,3.0
1765083795.9225113,3.0
1765083795.9334574,3.0
1765083795.944295,3.0
1765083795.95516,3.0
1765083795.966052,3.0
1765083795.9768724,3.0
1765083795.9877279,3.0
1765083795.998676,3.0
1765083796.009634,3.0
1765083796.0204992,3.0
1765083796.0313358,3.0
1765083796.0422401,3.0
1765083796.0530546,3.0
1765083796.0638416,3.0
1765083796.074737,3.0
1765083796.0855992,3.0
1765083796.0964513,3.0
1765083796.1073353,3.0
1765083796.1186256,3.0
1765083796.12962,3.0
1765083796.140454,3.0
1765083796.151275,3.0
1765083796.1621504,3.0
1765083796.172962,3.0
1765083796.1838658,3.0
1765083796.1947322,3.0
1765083796.2055619,3.0
1765083796.216388,3.0
1765083796.2273002,3.0
1765083796.2380908,3.0
1765083796.248973,3.0
1765083796.2598846,3.0
1765083796.27069,3.0
1765083796.281628,3.0
1765083796.292644,3.0
1765083796.303532,3.0
1765083796.314473,3.0
1765083796.3252745,3.0
1765083796.3361187,3.0
1765083796.3469458,3.0
1765083796.3578277,3.0
1765083796.3689857,3.0
1765083796.3798738,3.0
1765083796.3907125,3.0
1765083796.401767,3.0
1765083796.4126031,3.0
1765083796.423502,3.0
1765083796.4343567,3.0
1765083796.4452124,3.0
1765083796.456051,3.0
1765083796.466955,3.0
1765083796.4777746,3.0
1765083796.4887161,3.0
1765083796.4996383,3.0
1765083796.510547,3.0
1765083796.5213976,3.0
1765083796.5322256,3.0
1765083796.5430703,3.0
1765083796.5540204,3.0
1765083796.5648227,3.0
1765083796.5757084,3.0
1765083796.5865517,3.0
1765083796.5973778,3.0
1765083796.6081686,3.0
1765083796.6190004,3.0
1765083796.6298366,3.0
1765083796.6406426,3.0
1765083796.6517382,3.0
1765083796.6626499,3.0
1765083796.673473,3.0
1765083796.6846266,3.0
1765083796.6954358,3.0
1765083796.7062752,3.0
1765083796.71714,3.0
1765083796.72797,3.0
1765083796.738784,3.0
1765083796.7496717,3.0
1765083796.7605193,3.0
1765083796.7713897,3.0
1765083796.782223,3.0
1765083796.7930994,3.0
1765083796.8038964,3.0
1765083796.8146825,3.0
1765083796.8255806,3.0
1765083796.8375802,3.0
1765083796.848406,3.0
1765083796.859371,3.0
1765083796.8701465,3.0
1765083796.8809733,3.0
1765083796.891783,3.0
1765083796.9026344,3.0
1765083796.9134712,3.0
1765083796.924248,3.0
1765083796.935104,3.0
1765083796.9459016,3.0
1765083796.9567144,3.0
1765083796.9675865,3.0
1765083796.9784338,3.0
1765083796.9893723,3.0
1765083797.000187,3.0
1765083797.010993,3.0
1765083797.0218778,3.0
1765083797.0327728,3.0
1765083797.0436666,3.0
1765083797.0545006,3.0
1765083797.0653362,3.0
1765083797.0761619,3.0
1765083797.0869873,3.0
1765083797.0977685,3.0
1765083797.1086817,3.0
1765083797.1195385,3.0
1765083797.130412,3.0
1765083797.1413336,3.0
1765083797.1521447,3.0
1765083797.1630569,3.0
1765083797.1739557,3.0
1765083797.1848063,3.0
1765083797.1955917,3.0
1765083797.206379,3.0
1765083797.2172897,3.0
1765083797.228046,3.0
1765083797.2388308,3.0
1765083797.2496119,3.0
1765083797.2604141,3.0
1765083797.2713478,3.0
1765083797.2821205,3.0
1765083797.2930293,3.0
1765083797.3039036,3.0
1765083797.3147616,3.0
1765083797.3255842,3.0
1765083797.3364415,3.0
1765083797.3473492,3.0
1765083797.358182,3.0
1765083797.3693666,3.0
1765083797.3819551,3.0
1765083797.392764,3.0
1765083797.4036353,3.0
1765083797.4145021,3.0
1765083797.4253583,3.0
1765083797.43627,3.0
1765083797.447074,3.0
1765083797.457882,3.0
1765083797.4686646,3.0
1765083797.4794962,3.0
1765083797.4903467,3.0
1765083797.5011678,3.0
1765083797.5119586,3.0
1765083797.522775,3.0
1765083797.533687,3.0
1765083797.5445092,3.0
1765083797.555325,3.0
1765083797.5661967,3.0
1765083797.5770237,3.0
1765083797.5878272,3.0
1765083797.5987756,3.0
1765083797.6096196,3.0
1765083797.6205082,3.0
1765083797.631333,3.0
1765083797.642214,3.0
1765083797.6531317,3.0
1765083797.6639376,3.0
1765083797.6747932,3.0
1765083797.6859004,3.0
1765083797.6967607,3.0
1765083797.7075834,3.0
1765083797.71846,3.0
1765083797.7293975,3.0
1765083797.740207,3.0
1765083797.7511196,3.0
1765083797.761982,3.0
1765083797.7728703,3.0
1765083797.7837245,3.0
1765083797.7946453,3.0
1765083797.8055167,3.0
1765083797.8162973,3.0
1765083797.8271198,3.0
1765083797.8394911,3.0
1765083797.8502266,3.0
1765083797.8610337,3.0
1765083797.8719087,3.0
1765083797.882744,3.0
1765083797.8935242,3.0
1765083797.9043958,3.0
1765083797.9152234,3.0
1765083797.9260345,3.0
1765083797.9368408,3.0
1765083797.9476793,3.0
1765083797.958518,3.0
1765083797.9693358,3.0
1765083797.98014,3.0
1765083797.9910102,3.0
1765083798.0019166,3.0
1765083798.0126874,3.0
1765083798.0235722,3.0
1765083798.0343812,3.0
1765083798.0452557,3.0
1765083798.056107,3.0
1765083798.0668828,3.0
1765083798.077717,3.0
1765083798.0886605,3.0
1765083798.0996275,3.0
1765083798.110433,3.0
1765083798.1213276,3.0
1765083798.1320872,3.0
1765083798.142878,3.0
1765083798.154074,3.0
1765083798.1654537,3.0
1765083798.176425,3.0
1765083798.1873162,3.0
1765083798.1982708,3.0
1765083798.2091818,3.0
1765083798.2201192,3.0
1765083798.2310064,3.0
1765083798.2420032,3.0
1765083798.2528493,3.0
1765083798.263681,3.0
1765083798.2745442,3.0
1765083798.2855756,3.0
1765083798.2964807,3.0
1765083798.3073528,3.0
1765083798.3182573,3.0
1765083798.3291469,3.0
1765083798.3399663,3.0
1765083798.3508227,3.0
1765083798.3617442,3.0
1765083798.3728817,3.0
1765083798.3837304,3.0
1765083798.394631,3.0
1765083798.4054768,3.0
1765083798.4163773,3.0
1765083798.427193,3.0
1765083798.4380333,3.0
1765083798.4488332,3.0
1765083798.4597178,3.0
1765083798.470515,3.0
1765083798.481368,3.0
1765083798.4923918,3.0
1765083798.5033894,3.0
1765083798.514223,3.0
1765083798.525096,3.0
1765083798.5358806,3.0
1765083798.5467691,3.0
1765083798.5577278,3.0
1765083798.568614,3.0
1765083798.5795004,3.0
1765083798.5904572,3.0
1765083798.6013312,3.0
1765083798.6122186,3.0
1765083798.623202,3.0
1765083798.6340537,3.0
1765083798.645168,3.0
1765083798.6560855,3.0
1765083798.6670876,3.0
1765083798.677931,3.0
1765083798.689005,3.0
1765083798.6998897,3.0
1765083798.7108781,3.0
1765083798.7218215,3.0
1765083798.732783,3.0
1765083798.7437227,3.0
1765083798.7546096,3.0
1765083798.7656531,3.0
1765083798.7765467,3.0
1765083798.7873785,3.0
1765083798.7982764,3.0
1765083798.8092268,3.0
1765083798.8200605,3.0
1765083798.8310027,3.0
1765083798.8433087,3.0
1765083798.854176,3.0
1765083798.8651094,3.0
1765083798.876035,3.0
1765083798.887139,3.0
1765083798.8979592,3.0
1765083798.9089284,3.0
1765083798.919783,3.0
1765083798.93065,3.0
1765083798.9416115,3.0
1765083798.9524734,3.0
1765083798.963323,3.0
1765083798.9742575,3.0
1765083798.9851918,3.0
1765083798.9962008,3.0
1765083799.007058,3.0
1765083799.0180387,3.0
1765083799.0289783,3.0
1765083799.039887,3.0
1765083799.0507581,3.0
1765083799.061726,3.0
1765083799.072588,3.0
1765083799.0834515,3.0
1765083799.0943954,3.0
1765083799.1053789,3.0
1765083799.1161966,3.0
1765083799.127109,3.0
1765083799.1381314,3.0
1765083799.1492283,3.0
1765083799.160169,3.0
1765083799.171052,3.0
1765083799.1819153,3.0
1765083799.1928155,3.0
1765083799.203686,3.0
1765083799.2145286,3.0
1765083799.2253878,3.0
1765083799.2363322,3.0
1765083799.2472196,3.0
1765083799.2580705,3.0
1765083799.2689881,3.0
1765083799.27986,3.0
1765083799.2908313,3.0
1765083799.3016684,3.0
1765083799.312618,3.0
1765083799.323529,3.0
1765083799.3344069,3.0
1765083799.3453367,3.0
1765083799.3561842,3.0
1765083799.3673534,3.0
1765083799.3782437,3.0
1765083799.3891354,3.0
1765083799.4000654,3.0
1765083799.411013,3.0
1765083799.4218626,3.0
1765083799.4328291,3.0
1765083799.4436808,3.0
1765083799.4545472,3.0
1765083799.4654782,3.0
1765083799.4763873,3.0
1765083799.4872525,3.0
1765083799.4982445,3.0
1765083799.5090928,3.0
1765083799.5199323,3.0
1765083799.5308893,3.0
1765083799.5417497,3.0
1765083799.5526617,3.0
1765083799.563605,3.0
1765083799.5745525,3.0
1765083799.5855398,3.0
1765083799.596451,3.0
1765083799.60739,3.0
1765083799.618368,3.0
1765083799.6292183,3.0
1765083799.6401508,3.0
1765083799.6512778,3.0
1765083799.6621742,3.0
1765083799.6730518,3.0
1765083799.684007,3.0
1765083799.6948512,3.0
1765083799.7057579,3.0
1765083799.716663,3.0
1765083799.7276523,3.0
1765083799.7385778,3.0
1765083799.7495525,3.0
1765083799.7603698,3.0
1765083799.7713194,3.0
1765083799.7822893,3.0
1765083799.793113,3.0
1765083799.8039713,3.0
1765083799.8148522,3.0
1765083799.8257558,3.0
1765083799.8382573,3.0
1765083799.8490865,3.0
1765083799.8599901,3.0
1765083799.8709161,3.0
1765083799.881851,3.0
1765083799.8927162,3.0
1765083799.9036524,3.0
1765083799.9145584,3.0
1765083799.925405,3.0
1765083799.9362564,3.0
1765083799.94718,3.0
1765083799.9580452,3.0
1765083799.9690013,3.0
1765083799.979855,3.0
1765083799.9907422,3.0
1765083800.001684,3.0
1765083800.0125623,3.0
1765083800.0234191,3.0
1765083800.0343192,3.0
1765083800.0451727,3.0
1765083800.0560913,3.0
1765083800.0670543,3.0
1765083800.0780046,3.0
1765083800.0888987,3.0
1765083800.0997384,3.0
1765083800.1107187,3.0
1765083800.121603,3.0
1765083800.1325483,3.0
1765083800.1433988,3.0
1765083800.1542273,3.0
1765083800.1650925,3.0
1765083800.1762018,3.0
1765083800.1870794,3.0
1765083800.1978962,3.0
1765083800.2088387,3.0
1765083800.2200034,3.0
1765083800.2309074,3.0
1765083800.2417352,3.0
1765083800.2525845,3.0
1765083800.2634895,3.0
1765083800.2744138,3.0
1765083800.2852936,3.0
1765083800.2962096,3.0
1765083800.3071673,3.0
1765083800.3180096,3.0
1765083800.3289587,3.0
1765083800.3398354,3.0
1765083800.3507154,3.0
1765083800.36157,3.0
1765083800.3726485,3.0
1765083800.3835485,3.0
1765083800.3944151,3.0
1765083800.405322,3.0
1765083800.4161656,3.0
1765083800.4270465,3.0
1765083800.438003,3.0
1765083800.4489565,3.0
1765083800.4599013,3.0
1765083800.4708104,3.0
1765083800.4817405,3.0
1765083800.4928553,3.0
1765083800.503808,3.0
1765083800.5146825,3.0
1765083800.5256467,3.0
1765083800.536679,3.0
1765083800.5475702,3.0
1765083800.5584552,3.0
1765083800.5694482,3.0
1765083800.580272,3.0
1765083800.5911365,3.0
1765083800.6020882,3.0
1765083800.612941,3.0
1765083800.6239345,3.0
1765083800.634895,3.0
1765083800.6459713,3.0
1765083800.656805,3.0
1765083800.6676574,3.0
1765083800.6785913,3.0
1765083800.6895556,3.0
1765083800.7004187,3.0
1765083800.7113554,3.0
1765083800.7225118,3.0
1765083800.7334566,3.0
1765083800.7443206,3.0
1765083800.755143,3.0
1765083800.7659938,3.0
1765083800.776926,3.0
1765083800.7879202,3.0
1765083800.7989275,3.0
1765083800.8097682,3.0
1765083800.8206072,3.0
1765083800.8314748,3.0
1765083800.8435445,3.0
1765083800.85438,3.0
1765083800.8652081,3.0
1765083800.876217,3.0
1765083800.8871067,3.0
1765083800.8979518,3.0
1765083800.908827,3.0
1765083800.919762,3.0
1765083800.930623,3.0
1765083800.9414804,3.0
1765083800.9523807,3.0
1765083800.9632704,3.0
1765083800.9741735,3.0
1765083800.9850318,3.0
1765083800.9959676,3.0
1765083801.0068815,3.0
1765083801.0178754,3.0
1765083801.0288303,3.0
1765083801.0397437,3.0
1765083801.0506108,3.0
1765083801.0614839,3.0
1765083801.0724592,3.0
1765083801.0833023,3.0
1765083801.0941594,3.0
1765083801.1050751,3.0
1765083801.115945,3.0
1765083801.1269,3.0
1765083801.137894,3.0
1765083801.148845,3.0
1765083801.15978,3.0
1765083801.170766,3.0
1765083801.1817083,3.0
1765083801.192641,3.0
1765083801.2035787,3.0
1765083801.2145424,3.0
1765083801.225555,3.0
1765083801.2364914,3.0
1765083801.2474225,3.0
1765083801.258413,3.0
1765083801.2693422,3.0
1765083801.2802715,3.0
1765083801.2913764,3.0
1765083801.3023918,3.0
1765083801.3133128,3.0
1765083801.3242996,3.0
1765083801.3351972,3.0
1765083801.3462765,3.0
1765083801.3572729,3.0
1765083801.3685687,3.0
1765083801.3794858,3.0
1765083801.3904154,3.0
1765083801.4014027,3.0
1765083801.4124153,3.0
1765083801.4233303,3.0
1765083801.434253,3.0
1765083801.4451847,3.0
1765083801.4561741,3.0
1765083801.4671297,3.0
1765083801.4781232,3.0
1765083801.4890602,3.0
1765083801.500116,3.0
1765083801.5110567,3.0
1765083801.5220447,3.0
1765083801.533121,3.0
1765083801.5440834,3.0
1765083801.5550904,3.0
1765083801.5660486,3.0
1765083801.5771003,3.0
1765083801.5881114,3.0
1765083801.5990326,3.0
1765083801.610053,3.0
1765083801.6210012,3.0
1765083801.631923,3.0
1765083801.642825,3.0
1765083801.6539962,3.0
1765083801.6649406,3.0
1765083801.6759233,3.0
1765083801.687124,3.0
1765083801.6981096,3.0
1765083801.7090619,3.0
1765083801.7202141,3.0
1765083801.7311099,3.0
1765083801.7421541,3.0
1765083801.7530735,3.0
1765083801.7639694,3.0
1765083801.774917,3.0
1765083801.7858675,3.0
1765083801.7982385,3.0
1765083801.8082736,2.0
1765083801.8183846,2.0
1765083801.8284175,2.0
1765083801.839635,2.0
1765083801.8497107,2.0
1765083801.8597395,2.0
1765083801.8698392,2.0
1765083801.8799043,2.0
1765083801.8899324,2.0
1765083801.8999736,2.0
1765083801.9100516,2.0
1765083801.9200802,2.0
1765083801.9301205,2.0
1765083801.940141,2.0
1765083801.950333,2.0
1765083801.9604108,2.0
1765083801.9704578,2.0
1765083801.9804897,2.0
1765083801.9905741,2.0
1765083802.0006273,2.0
1765083802.0106826,2.0
1765083802.0207307,2.0
1765083802.030793,2.0
1765083802.040838,2.0
1765083802.0508873,2.0
1765083802.0609179,2.0
1765083802.071023,2.0
1765083802.085947,3.0
1765083802.0959697,2.0
1765083802.1060426,2.0
1765083802.1160686,2.0
1765083802.1260955,2.0
1765083802.1361713,2.0
1765083802.1462688,2.0
1765083802.156325,2.0
1765083802.1663973,2.0
1765083802.176453,2.0
1765083802.186508,2.0
1765083802.1965334,2.0
1765083802.206571,2.0
1765083802.2166586,2.0
1765083802.2266972,2.0
1765083802.2367973,2.0
1765083802.246824,2.0
1765083802.2569075,2.0
1765083802.267238,2.0
1765083802.2773027,2.0
1765083802.2873304,2.0
1765083802.2973628,2.0
1765083802.3074017,2.0
1765083802.3174775,2.0
1765083802.327542,2.0
1765083802.337622,2.0
1765083802.3477674,2.0
1765083802.3578079,2.0
1765083802.3681774,2.0
1765083802.378203,2.0
1765083802.3882506,2.0
1765083802.3982975,2.0
1765083802.4083445,2.0
1765083802.4184074,2.0
1765083802.428472,2.0
1765083802.4384966,2.0
1765083802.448519,2.0
1765083802.458674,2.0
1765083802.4687016,2.0
1765083802.4787803,2.0
1765083802.488804,2.0
1765083802.498805,2.0
1765083802.5088453,2.0
1765083802.5189254,2.0
1765083802.5290072,2.0
1765083802.5390453,2.0
1765083802.5491295,2.0
1765083802.5591552,2.0
1765083802.569258,2.0
1765083802.579326,2.0
1765083802.589347,2.0
1765083802.5993843,2.0
1765083802.6094267,2.0
1765083802.619479,2.0
1765083802.629539,2.0
1765083802.639557,2.0
1765083802.6498458,2.0
1765083802.6647513,3.0
1765083802.6748185,2.0
1765083802.6849158,2.0
1765083802.694923,2.0
1765083802.7050796,2.0
1765083802.7151241,2.0
1765083802.7253156,2.0
1765083802.735383,2.0
1765083802.7454648,2.0
1765083802.7554858,2.0
1765083802.7655442,2.0
1765083802.7804189,3.0
1765083802.790494,2.0
1765083802.8005614,2.0
1765083802.810609,2.0
1765083802.8207016,2.0
1765083802.8307917,2.0
1765083802.841844,2.0
1765083802.8519914,2.0
1765083802.8620248,2.0
1765083802.8721256,2.0
1765083802.8821554,2.0
1765083802.892196,2.0
1765083802.902276,2.0
1765083802.9123,2.0
1765083802.9223752,2.0
1765083802.9324906,2.0
1765083802.9425454,2.0
1765083802.9526305,2.0
1765083802.9626534,2.0
1765083802.9727132,2.0
1765083802.9827626,2.0
1765083802.992847,2.0
1765083803.0028977,2.0
1765083803.0129604,2.0
1765083803.0230248,2.0
1765083803.0330782,2.0
1765083803.0431304,2.0
1765083803.0531957,2.0
1765083803.0680158,3.0
1765083803.0780602,2.0
1765083803.0881107,2.0
1765083803.0981402,2.0
1765083803.1082098,2.0
1765083803.1183977,2.0
1765083803.1284106,2.0
1765083803.138462,2.0
1765083803.1484814,2.0
1765083803.1585922,2.0
1765083803.1686366,2.0
1765083803.1786642,2.0
1765083803.1887043,2.0
1765083803.1987512,2.0
1765083803.20885,2.0
1765083803.2189221,2.0
1765083803.2289228,2.0
1765083803.2389712,2.0
1765083803.2490492,2.0
1765083803.2591238,2.0
1765083803.269185,2.0
1765083803.2792294,2.0
1765083803.2893667,2.0
1765083803.2994022,2.0
1765083803.3094666,2.0
1765083803.319505,2.0
1765083803.3295429,2.0
1765083803.339685,2.0
1765083803.3496945,2.0
1765083803.3597484,2.0
1765083803.3700058,2.0
1765083803.3800294,2.0
1765083803.390107,2.0
1765083803.4001496,2.0
1765083803.410167,2.0
1765083803.420222,2.0
1765083803.4302385,2.0
1765083803.4404101,2.0
1765083803.4504285,2.0
1765083803.4604683,2.0
1765083803.4705272,2.0
1765083803.4805589,2.0
1765083803.4906964,2.0
1765083803.50558,3.0
1765083803.5156155,2.0
1765083803.525721,2.0
1765083803.5358222,2.0
1765083803.545877,2.0
1765083803.5607605,3.0
1765083803.5708067,2.0
1765083803.5808759,2.0
1765083803.590923,2.0
1765083803.6009774,2.0
1765083803.6109943,2.0
1765083803.621043,2.0
1765083803.6311245,2.0
1765083803.6411572,2.0
1765083803.6513982,2.0
1765083803.661459,2.0
1765083803.6716022,2.0
1765083803.6816542,2.0
1765083803.6916826,2.0
1765083803.7017596,2.0
1765083803.711795,2.0
1765083803.7219026,2.0
1765083803.731917,2.0
1765083803.7419465,2.0
1765083803.752038,2.0
1765083803.7620704,2.0
1765083803.7721004,2.0
1765083803.7821603,2.0
1765083803.7923625,2.0
1765083803.8023849,2.0
1765083803.8124464,2.0
1765083803.8224545,2.0
1765083803.8338094,2.0
1765083803.8440201,2.0
1765083803.8540428,2.0
1765083803.8640811,2.0
1765083803.8741462,2.0
1765083803.8843627,2.0
1765083803.8944497,2.0
1765083803.9044845,2.0
1765083803.9144971,2.0
1765083803.9245443,2.0
1765083803.9346795,2.0
1765083803.94472,2.0
1765083803.9547508,2.0
1765083803.9648128,2.0
1765083803.974818,2.0
1765083803.9849207,2.0
1765083803.9949634,2.0
1765083804.005034,2.0
1765083804.015045,2.0
1765083804.0250893,2.0
1765083804.0351748,2.0
1765083804.045224,2.0
1765083804.0552459,2.0
1765083804.0653517,2.0
1765083804.0753574,2.0
1765083804.085548,2.0
1765083804.0955727,2.0
1765083804.1055906,2.0
1765083804.1157103,2.0
1765083804.1257372,2.0
1765083804.1357667,2.0
1765083804.146208,2.0
1765083804.1562095,2.0
1765083804.1662407,2.0
1765083804.1763115,2.0
1765083804.1863658,2.0
1765083804.1964269,2.0
1765083804.20648,2.0
1765083804.2165017,2.0
1765083804.2266207,2.0
1765083804.236689,2.0
1765083804.2467463,2.0
1765083804.2568083,2.0
1765083804.2668881,2.0
1765083804.276939,2.0
1765083804.2869556,2.0
1765083804.2970195,2.0
1765083804.307073,2.0
1765083804.3172789,2.0
1765083804.3272839,2.0
1765083804.3373613,2.0
1765083804.3474522,2.0
1765083804.3574815,2.0
1765083804.3725102,3.0
1765083804.3825493,2.0
1765083804.3925939,2.0
1765083804.4026604,2.0
1765083804.4127324,2.0
1765083804.4227743,2.0
1765083804.432868,2.0
1765083804.4429297,2.0
1765083804.452979,2.0
1765083804.4630477,2.0
1765083804.473089,2.0
1765083804.4831555,2.0
1765083804.4934254,2.0
1765083804.5034626,2.0
1765083804.513504,2.0
1765083804.5235372,2.0
1765083804.5335968,2.0
1765083804.543653,2.0
1765083804.5537121,2.0
1765083804.563824,2.0
1765083804.5738542,2.0
1765083804.5839517,2.0
1765083804.5939722,2.0
1765083804.6040564,2.0
1765083804.6141002,2.0
1765083804.6241667,2.0
1765083804.6342342,2.0
1765083804.6444004,2.0
1765083804.6544924,2.0
1765083804.6645255,2.0
1765083804.6746056,2.0
1765083804.6846807,2.0
1765083804.6946983,2.0
1765083804.704728,2.0
1765083804.7148242,2.0
1765083804.7249796,2.0
1765083804.7350242,2.0
1765083804.7450798,2.0
1765083804.7551477,2.0
1765083804.7651763,2.0
1765083804.7752867,2.0
1765083804.7853458,2.0
1765083804.7954004,2.0
1765083804.8054512,2.0
1765083804.8154554,2.0
1765083804.825637,2.0
1765083804.836674,2.0
1765083804.8467166,2.0
1765083804.856747,2.0
1765083804.8668318,2.0
1765083804.8769143,2.0
1765083804.886987,2.0
1765083804.8969965,2.0
1765083804.9070902,2.0
1765083804.9171183,2.0
1765083804.9271915,2.0
1765083804.93727,2.0
1765083804.9474146,2.0
1765083804.9574518,2.0
1765083804.9674795,2.0
1765083804.9775424,2.0
1765083804.987627,2.0
1765083804.997653,2.0
1765083805.0076725,2.0
1765083805.0177376,2.0
1765083805.0278025,2.0
1765083805.0378535,2.0
1765083805.047942,2.0
1765083805.0580254,2.0
1765083805.0681028,2.0
1765083805.0781546,2.0
1765083805.0882158,2.0
1765083805.0983698,2.0
1765083805.1083987,2.0
1765083805.1184304,2.0
1765083805.1284988,2.0
1765083805.138568,2.0
1765083805.1486864,2.0
1765083805.1587696,2.0
1765083805.168796,2.0
1765083805.178802,2.0
1765083805.188848,2.0
1765083805.1989133,2.0
1765083805.2090082,2.0
1765083805.219059,2.0
1765083805.2290883,2.0
1765083805.2392514,2.0
1765083805.2492568,2.0
1765083805.2592924,2.0
1765083805.2693427,2.0
1765083805.279401,2.0
1765083805.2894976,2.0
1765083805.299509,2.0
1765083805.3095887,2.0
1765083805.3197396,2.0
1765083805.3346534,3.0
1765083805.344709,2.0
1765083805.354781,2.0
1765083805.3648877,2.0
1765083805.3751874,2.0
1765083805.3853676,2.0
1765083805.3954124,2.0
1765083805.4054353,2.0
1765083805.4154975,2.0
1765083805.4255202,2.0
1765083805.43563,2.0
1765083805.4456935,2.0
1765083805.4557245,2.0
1765083805.4657562,2.0
1765083805.4758773,2.0
1765083805.4859118,2.0
1765083805.4960804,2.0
1765083805.506134,2.0
1765083805.5161474,2.0
1765083805.5262299,2.0
1765083805.5362887,2.0
1765083805.5463102,2.0
1765083805.5564342,2.0
1765083805.5664527,2.0
1765083805.5765343,2.0
1765083805.5866141,2.0
1765083805.5966814,2.0
1765083805.606792,2.0
1765083805.616825,2.0
1765083805.6268747,2.0
1765083805.6369872,2.0
1765083805.6471949,2.0
1765083805.6572037,2.0
1765083805.6673937,2.0
1765083805.677423,2.0
1765083805.6875584,2.0
1765083805.697591,2.0
1765083805.7076848,2.0
1765083805.7176952,2.0
1765083805.7278397,2.0
1765083805.7379143,2.0
1765083805.7479546,2.0
1765083805.7579958,2.0
1765083805.7680275,2.0
1765083805.7781098,2.0
1765083805.7881799,2.0
1765083805.7981906,2.0
1765083805.808275,2.0
1765083805.8183265,2.0
1765083805.8283544,2.0
1765083805.839552,2.0
1765083805.8497171,2.0
1765083805.8598,2.0
1765083805.8698573,2.0
1765083805.8799665,2.0
1765083805.8900013,2.0
1765083805.900027,2.0
1765083805.910119,2.0
1765083805.9201672,2.0
1765083805.930197,2.0
1765083805.9402385,2.0
1765083805.9502962,2.0
1765083805.960399,2.0
1765083805.9704978,2.0
1765083805.9805117,2.0
1765083805.9905887,2.0
1765083806.0055344,3.0
1765083806.0155478,2.0
1765083806.0256078,2.0
1765083806.0356553,2.0
1765083806.0457826,2.0
1765083806.0558045,2.0
1765083806.065822,2.0
1765083806.0759263,2.0
1765083806.0859575,2.0
1765083806.095985,2.0
1765083806.1060123,2.0
1765083806.116041,2.0
1765083806.1261039,2.0
1765083806.1361141,2.0
1765083806.1461976,2.0
1765083806.1562326,2.0
1765083806.1662827,2.0
1765083806.1763504,2.0
1765083806.1864214,2.0
1765083806.1964438,2.0
1765083806.206518,2.0
1765083806.2165632,2.0
1765083806.2266202,2.0
1765083806.2366424,2.0
1765083806.246716,2.0
1765083806.2567706,2.0
1765083806.266845,2.0
1765083806.2768722,2.0
1765083806.286904,2.0
1765083806.2970583,2.0
1765083806.3070853,2.0
1765083806.3171163,2.0
1765083806.327167,2.0
1765083806.337217,2.0
1765083806.3472538,2.0
1765083806.35761,2.0
1765083806.367618,2.0
1765083806.3777237,2.0
1765083806.3878036,2.0
1765083806.3978689,2.0
1765083806.4078972,2.0
1765083806.4179544,2.0
1765083806.4279861,2.0
1765083806.4380188,2.0
1765083806.4480922,2.0
1765083806.4581723,2.0
1765083806.4682477,2.0
1765083806.478281,2.0
1765083806.488326,2.0
1765083806.498383,2.0
1765083806.5084708,2.0
1765083806.5185323,2.0
1765083806.528567,2.0
1765083806.538703,2.0
1765083806.5487492,2.0
1765083806.558845,2.0
1765083806.5689301,2.0
1765083806.578963,2.0
1765083806.5890493,2.0
1765083806.603938,3.0
1765083806.6187928,3.0
1765083806.628874,2.0
1765083806.638951,2.0
1765083806.649126,2.0
1765083806.6640172,3.0
1765083806.6740272,2.0
1765083806.6841393,2.0
1765083806.6990287,3.0
1765083806.709101,2.0
1765083806.7191749,2.0
1765083806.7292476,2.0
1765083806.7393463,2.0
1765083806.7493935,2.0
1765083806.759475,2.0
1765083806.7695193,2.0
1765083806.77957,2.0
1765083806.7896128,2.0
1765083806.799696,2.0
1765083806.809812,2.0
1765083806.8198485,2.0
1765083806.8299117,2.0
1765083806.8406677,2.0
1765083806.8509266,2.0
1765083806.8609812,2.0
1765083806.871084,2.0
1765083806.8811657,2.0
1765083806.8912766,2.0
1765083806.9014397,2.0
1765083806.9115992,2.0
1765083806.921689,2.0
1765083806.931809,2.0
1765083806.941974,2.0
1765083806.952077,2.0
1765083806.962173,2.0
1765083806.9722838,2.0
1765083806.982379,2.0
1765083806.9925184,2.0
1765083807.0026653,2.0
1765083807.0127225,2.0
1765083807.0228326,2.0
1765083807.0329356,2.0
1765083807.0430584,2.0
1765083807.0531855,2.0
1765083807.0634112,2.0
1765083807.0735402,2.0
1765083807.083725,2.0
1765083807.0938356,2.0
1765083807.1038988,2.0
1765083807.1140454,2.0
1765083807.1241276,2.0
1765083807.134231,2.0
1765083807.144336,2.0
1765083807.1544316,2.0
1765083807.1645374,2.0
1765083807.175807,2.0
1765083807.1859066,2.0
1765083807.196022,2.0
1765083807.2061248,2.0
1765083807.2162437,2.0
1765083807.2263427,2.0
1765083807.236545,2.0
1765083807.2466521,2.0
1765083807.2567718,2.0
1765083807.266859,2.0
1765083807.2769747,2.0
1765083807.2870731,2.0
1765083807.297253,2.0
1765083807.3073463,2.0
1765083807.317447,2.0
1765083807.3275526,2.0
1765083807.3377008,2.0
1765083807.3477898,2.0
1765083807.3578663,2.0
1765083807.3679802,2.0
1765083807.3781857,2.0
1765083807.3882792,2.0
1765083807.3984253,2.0
1765083807.4084754,2.0
1765083807.4203029,2.0
1765083807.4352024,3.0
1765083807.4452965,2.0
1765083807.4554362,2.0
1765083807.4655175,2.0
1765083807.4756007,2.0
1765083807.4856844,2.0
1765083807.4958816,2.0
1765083807.5059345,2.0
1765083807.5161493,2.0
1765083807.5263364,2.0
1765083807.5365555,2.0
1765083807.5466852,2.0
1765083807.5567873,2.0
1765083807.566902,2.0
1765083807.5770447,2.0
1765083807.587112,2.0
1765083807.597211,2.0
1765083807.6073236,2.0
1765083807.6174483,2.0
1765083807.6275625,2.0
1765083807.6376722,2.0
1765083807.6478636,2.0
1765083807.6579378,2.0
1765083807.6680653,2.0
1765083807.678193,2.0
1765083807.688437,2.0
1765083807.6985562,2.0
1765083807.708672,2.0
1765083807.718915,2.0
1765083807.7289307,2.0
1765083807.7390327,2.0
1765083807.7491744,2.0
1765083807.759288,2.0
1765083807.769431,2.0
1765083807.7795224,2.0
1765083807.7896059,2.0
1765083807.7996764,2.0
1765083807.8097947,2.0
1765083807.8199704,2.0
1765083807.830046,2.0
1765083807.8411582,2.0
1765083807.851204,2.0
1765083807.8613236,2.0
1765083807.8714712,2.0
1765083807.881691,2.0
1765083807.8917804,2.0
1765083807.9019732,2.0
1765083807.912066,2.0
1765083807.9221501,2.0
1765083807.9322202,2.0
1765083807.9423118,2.0
1765083807.952491,2.0
1765083807.962611,2.0
1765083807.9726593,2.0
1765083807.9827402,2.0
1765083807.9928322,2.0
1765083808.002966,2.0
1765083808.0130124,2.0
1765083808.023123,2.0
1765083808.0332017,2.0
1765083808.0433106,2.0
1765083808.053404,2.0
1765083808.0635946,2.0
1765083808.0736542,2.0
1765083808.0837471,2.0
1765083808.093839,2.0
1765083808.1039484,2.0
1765083808.1140578,2.0
1765083808.1241548,2.0
1765083808.1342041,2.0
1765083808.1443064,2.0
1765083808.1543908,2.0
1765083808.164563,2.0
1765083808.1747904,2.0
1765083808.1848538,2.0
1765083808.1949522,2.0
1765083808.205057,2.0
1765083808.215145,2.0
1765083808.225247,2.0
1765083808.2353702,2.0
1765083808.2454746,2.0
1765083808.255556,2.0
1765083808.2656698,2.0
1765083808.2758522,2.0
1765083808.2859328,2.0
1765083808.2960246,2.0
1765083808.3061073,2.0
1765083808.3161898,2.0
1765083808.326302,2.0
1765083808.3364255,2.0
1765083808.346512,2.0
1765083808.3565376,2.0
1765083808.366667,2.0
1765083808.3769226,2.0
1765083808.3870068,2.0
1765083808.4019146,3.0
1765083808.4121718,2.0
1765083808.4222417,2.0
1765083808.4323735,2.0
1765083808.442577,2.0
1765083808.4527106,2.0
1765083808.4627776,2.0
1765083808.472886,2.0
1765083808.4829657,2.0
1765083808.4931724,2.0
1765083808.503275,2.0
1765083808.513373,2.0
1765083808.5235047,2.0
1765083808.5335824,2.0
1765083808.543672,2.0
1765083808.553824,2.0
1765083808.5639424,2.0
1765083808.5740056,2.0
1765083808.5840302,2.0
1765083808.5940871,2.0
1765083808.6041706,2.0
1765083808.6143792,2.0
1765083808.6244605,2.0
1765083808.634469,2.0
1765083808.6447167,2.0
1765083808.6548195,2.0
1765083808.6648862,2.0
1765083808.6749132,2.0
1765083808.685079,2.0
1765083808.6951263,2.0
1765083808.705217,2.0
1765083808.715256,2.0
1765083808.7254238,2.0
1765083808.7354722,2.0
1765083808.745591,2.0
1765083808.7556489,2.0
1765083808.7656932,2.0
1765083808.7758083,2.0
1765083808.7858818,2.0
1765083808.7959912,2.0
1765083808.8060977,2.0
1765083808.8161983,2.0
1765083808.8262563,2.0
1765083808.8363218,2.0
1765083808.8471618,2.0
1765083808.857346,2.0
1765083808.8673706,2.0
1765083808.877427,2.0
1765083808.8874962,2.0
1765083808.897598,2.0
1765083808.9076977,2.0
1765083808.917768,2.0
1765083808.927799,2.0
1765083808.9378674,2.0
1765083808.94796,2.0
1765083808.9580767,2.0
1765083808.968162,2.0
1765083808.9782486,2.0
1765083808.9882786,2.0
1765083808.998342,2.0
1765083809.0084453,2.0
1765083809.0184927,2.0
1765083809.0285716,2.0
1765083809.0386672,2.0
1765083809.0487478,2.0
1765083809.058892,2.0
1765083809.0689638,2.0
1765083809.0790672,2.0
1765083809.0891361,2.0
1765083809.0992215,2.0
1765083809.1093361,2.0
1765083809.1193545,2.0
1765083809.129446,2.0
1765083809.139501,2.0
1765083809.1495578,2.0
1765083809.1597295,2.0
1765083809.1698089,2.0
1765083809.1798356,2.0
1765083809.1898813,2.0
1765083809.1999328,2.0
1765083809.2099771,2.0
1765083809.2200437,2.0
1765083809.2349885,3.0
1765083809.245138,2.0
1765083809.2551732,2.0
1765083809.2652502,2.0
1765083809.275342,2.0
1765083809.2854016,2.0
1765083809.2954483,2.0
1765083809.305586,2.0
1765083809.3156514,2.0
1765083809.3257413,2.0
1765083809.3358712,2.0
1765083809.345896,2.0
1765083809.3559694,2.0
1765083809.3660386,2.0
1765083809.3762417,2.0
1765083809.38631,2.0
1765083809.3965065,2.0
1765083809.4065533,2.0
1765083809.416605,2.0
1765083809.4266546,2.0
1765083809.4367568,2.0
1765083809.4468327,2.0
1765083809.4568622,2.0
1765083809.4669318,2.0
1765083809.4770224,2.0
1765083809.4871233,2.0
1765083809.4972317,2.0
1765083809.507279,2.0
1765083809.5173557,2.0
1765083809.5274198,2.0
1765083809.5374908,2.0
1765083809.5475633,2.0
1765083809.5576394,2.0
1765083809.5677464,2.0
1765083809.577861,2.0
1765083809.5879285,2.0
1765083809.598082,2.0
1765083809.6081083,2.0
1765083809.618207,2.0
1765083809.6283226,2.0
1765083809.63845,2.0
1765083809.64865,2.0
1765083809.6586626,2.0
1765083809.668743,2.0
1765083809.678802,2.0
1765083809.6889522,2.0
1765083809.6990244,2.0
1765083809.7090828,2.0
1765083809.7192056,2.0
1765083809.7293181,2.0
1765083809.7393746,2.0
1765083809.7494183,2.0
1765083809.7594962,2.0
1765083809.7695882,2.0
1765083809.7796764,2.0
1765083809.7897363,2.0
1765083809.7998238,2.0
1765083809.8098702,2.0
1765083809.819924,2.0
1765083809.8300116,2.0
1765083809.8410857,2.0
1765083809.8559816,3.0
1765083809.866053,2.0
1765083809.8760881,2.0
1765083809.8861806,2.0
1765083809.896405,2.0
1765083809.9064448,2.0
1765083809.9165308,2.0
1765083809.9265893,2.0
1765083809.9366534,2.0
1765083809.946723,2.0
1765083809.956833,2.0
1765083809.9668849,2.0
1765083809.9770112,2.0
1765083809.987061,2.0
1765083809.9971495,2.0
1765083810.0072415,2.0
1765083810.0173209,2.0
1765083810.0273829,2.0
1765083810.0374165,2.0
1765083810.0475292,2.0
1765083810.0575397,2.0
1765083810.0676224,2.0
1765083810.0776734,2.0
1765083810.0877411,2.0
1765083810.0978632,2.0
1765083810.1079154,2.0
1765083810.1179633,2.0
1765083810.1280422,2.0
1765083810.1382022,2.0
1765083810.1484013,2.0
1765083810.1584747,2.0
1765083810.1685593,2.0
1765083810.178601,2.0
1765083810.1886888,2.0
1765083810.198744,2.0
1765083810.2088075,2.0
1765083810.2188754,2.0
1765083810.228984,2.0
1765083810.2390425,2.0
1765083810.2491517,2.0
1765083810.2592144,2.0
1765083810.2693145,2.0
1765083810.2793725,2.0
1765083810.289405,2.0
1765083810.2995014,2.0
1765083810.3095863,2.0
1765083810.3196418,2.0
1765083810.3296988,2.0
1765083810.3397365,2.0
1765083810.349815,2.0
1765083810.3598814,2.0
1765083810.3699002,2.0
1765083810.3801374,2.0
1765083810.3901918,2.0
1765083810.4002936,2.0
1765083810.4103703,2.0
1765083810.4205806,2.0
1765083810.430621,2.0
1765083810.4406886,2.0
1765083810.4507718,2.0
1765083810.4609647,2.0
1765083810.4710274,2.0
1765083810.4811568,2.0
1765083810.4911816,2.0
1765083810.5012224,2.0
1765083810.511313,2.0
1765083810.5214136,2.0
1765083810.5314498,2.0
1765083810.541607,2.0
1765083810.5516825,2.0
1765083810.561735,2.0
1765083810.5717673,2.0
1765083810.5818715,2.0
1765083810.5919342,2.0
1765083810.601984,2.0
1765083810.6120834,2.0
1765083810.6221542,2.0
1765083810.632194,2.0
1765083810.6424131,2.0
1765083810.6527376,2.0
1765083810.6627955,2.0
1765083810.67285,2.0
1765083810.6830053,2.0
1765083810.6930275,2.0
1765083810.703103,2.0
1765083810.713172,2.0
1765083810.7233152,2.0
1765083810.7333186,2.0
1765083810.7433522,2.0
1765083810.753451,2.0
1765083810.7635038,2.0
1765083810.7735724,2.0
1765083810.783625,2.0
1765083810.7985191,3.0
1765083810.8085988,2.0
1765083810.8186562,2.0
1765083810.8287487,2.0
1765083810.839831,2.0
1765083810.8499074,2.0
1765083810.8599844,2.0
1765083810.8700457,2.0
1765083810.8801467,2.0
1765083810.8902009,2.0
1765083810.900241,2.0
1765083810.9102764,2.0
1765083810.9204743,2.0
1765083810.9305696,2.0
1765083810.9406235,2.0
1765083810.950666,2.0
1765083810.960847,2.0
1765083810.9709191,2.0
1765083810.981099,2.0
1765083810.9911153,2.0
1765083811.0012338,2.0
1765083811.0113025,2.0
1765083811.0214348,2.0
1765083811.0315907,2.0
1765083811.0417511,2.0
1765083811.0518227,2.0
1765083811.0618834,2.0
1765083811.0719311,2.0
1765083811.082057,2.0
1765083811.0921042,2.0
1765083811.1021588,2.0
1765083811.1122077,2.0
1765083811.122328,2.0
1765083811.1324158,2.0
1765083811.1425602,2.0
1765083811.1525793,2.0
1765083811.162666,2.0
1765083811.1727397,2.0
1765083811.1828165,2.0
1765083811.1928735,2.0
1765083811.2029293,2.0
1765083811.2130413,2.0
1765083811.223117,2.0
1765083811.233189,2.0
1765083811.2432446,2.0
1765083811.2533395,2.0
1765083811.2633905,2.0
1765083811.273497,2.0
1765083811.2835371,2.0
1765083811.2936182,2.0
1765083811.303621,2.0
1765083811.3136628,2.0
1765083811.3237576,2.0
1765083811.3338253,2.0
1765083811.3438885,2.0
1765083811.3539472,2.0
1765083811.364007,2.0
1765083811.3740547,2.0
1765083811.3844016,2.0
1765083811.3944993,2.0
1765083811.404562,2.0
1765083811.4146295,2.0
1765083811.4246845,2.0
1765083811.4347901,2.0
1765083811.4448807,2.0
1765083811.4549217,2.0
1765083811.4650702,2.0
1765083811.4751194,2.0
1765083811.485256,2.0
1765083811.4954355,2.0
1765083811.505509,2.0
1765083811.5155377,2.0
1765083811.525638,2.0
1765083811.5357108,2.0
1765083811.5458186,2.0
1765083811.5558648,2.0
1765083811.565916,2.0
1765083811.5759535,2.0
1765083811.5861108,2.0
1765083811.5961726,2.0
1765083811.6063766,2.0
1765083811.616434,2.0
1765083811.626476,2.0
1765083811.636546,2.0
1765083811.6466873,2.0
1765083811.6567843,2.0
1765083811.6668842,2.0
1765083811.6769454,2.0
1765083811.687249,2.0
1765083811.6973615,2.0
1765083811.7075164,2.0
1765083811.717612,2.0
1765083811.7278645,2.0
1765083811.73802,2.0
1765083811.748107,2.0
1765083811.7581918,2.0
1765083811.7682707,2.0
1765083811.7783344,2.0
1765083811.7884552,2.0
1765083811.7985265,2.0
1765083811.8086998,2.0
1765083811.8188474,2.0
1765083811.828887,2.0
1765083811.838932,2.0
1765083811.849665,2.0
1765083811.8597734,2.0
1765083811.8698602,2.0
1765083811.8799036,2.0
1765083811.8922045,3.0
1765083811.9031131,3.0
1765083811.9140575,3.0
1765083811.9249585,3.0
1765083811.9358487,3.0
1765083811.9467416,3.0
1765083811.9576783,3.0
1765083811.9686334,3.0
1765083811.9795103,3.0
1765083811.9903948,3.0
1765083812.0013225,3.0
1765083812.0121386,3.0
1765083812.0230677,3.0
1765083812.0339658,3.0
1765083812.0449424,3.0
1765083812.055817,3.0
1765083812.0666583,3.0
1765083812.0776906,3.0
1765083812.0885978,3.0
1765083812.0995018,3.0
1765083812.1103895,3.0
1765083812.1212788,3.0
1765083812.1321292,3.0
1765083812.143,3.0
1765083812.15388,3.0
1765083812.164779,3.0
1765083812.175768,3.0
1765083812.18664,3.0
1765083812.1975727,3.0
1765083812.208514,3.0
1765083812.2194324,3.0
1765083812.230377,3.0
1765083812.2413428,3.0
1765083812.252246,3.0
1765083812.2631733,3.0
1765083812.2740755,3.0
1765083812.2849839,3.0
1765083812.295911,3.0
1765083812.3068175,3.0
1765083812.3176973,3.0
1765083812.3286822,3.0
1765083812.3395536,3.0
1765083812.3504312,3.0
1765083812.3613489,3.0
1765083812.372257,3.0
1765083812.3833299,3.0
1765083812.39417,3.0
1765083812.4050593,3.0
1765083812.4159687,3.0
1765083812.4268503,3.0
1765083812.437742,3.0
1765083812.4487321,3.0
1765083812.4596267,3.0
1765083812.4705794,3.0
1765083812.4815195,3.0
1765083812.4925935,3.0
1765083812.5040016,3.0
1765083812.514861,3.0
1765083812.5257466,3.0
1765083812.5367522,3.0
1765083812.5476208,3.0
1765083812.558464,3.0
1765083812.5693398,3.0
1765083812.5802026,3.0
1765083812.5911076,3.0
1765083812.6019819,3.0
1765083812.6128683,3.0
1765083812.6236992,3.0
1765083812.6345859,3.0
1765083812.645755,3.0
1765083812.656631,3.0
1765083812.6675632,3.0
1765083812.6785088,3.0
1765083812.6895988,3.0
1765083812.7004921,3.0
1765083812.7113993,3.0
1765083812.7223728,3.0
1765083812.733269,3.0
1765083812.7441914,3.0
1765083812.7551463,3.0
1765083812.76605,3.0
1765083812.7769618,3.0
1765083812.7878537,3.0
1765083812.7987893,3.0
1765083812.8098004,3.0
1765083812.820693,3.0
1765083812.831559,3.0
1765083812.8437638,3.0
1765083812.8546536,3.0
1765083812.865564,3.0
1765083812.8765202,3.0
1765083812.887391,3.0
1765083812.8983283,3.0
1765083812.9092808,3.0
1765083812.9202,3.0
1765083812.9310837,3.0
1765083812.9420505,3.0
1765083812.9530501,3.0
1765083812.9639614,3.0
1765083812.9749238,3.0
1765083812.9858267,3.0
1765083812.9967437,3.0
1765083813.0077174,3.0
1765083813.0185976,3.0
1765083813.0294807,3.0
1765083813.0404377,3.0
1765083813.051313,3.0
1765083813.0621989,3.0
1765083813.0731251,3.0
1765083813.08406,3.0
1765083813.0949786,3.0
1765083813.1058505,3.0
1765083813.1167405,3.0
1765083813.1276367,3.0
1765083813.1386323,3.0
1765083813.1495595,3.0
1765083813.1605742,3.0
1765083813.171435,3.0
1765083813.1823502,3.0
1765083813.1932218,3.0
1765083813.2041624,3.0
1765083813.2150521,3.0
1765083813.2259548,3.0
1765083813.236798,3.0
1765083813.2476542,3.0
1765083813.2585726,3.0
1765083813.2694411,3.0
1765083813.2802591,3.0
1765083813.291182,3.0
1765083813.3020732,3.0
1765083813.3129919,3.0
1765083813.3239207,3.0
1765083813.3348303,3.0
1765083813.345729,3.0
1765083813.356695,3.0
1765083813.3675606,3.0
1765083813.3787103,3.0
1765083813.389552,3.0
1765083813.4004493,3.0
1765083813.411398,3.0
1765083813.4222755,3.0
1765083813.433227,3.0
1765083813.4441133,3.0
1765083813.4549842,3.0
1765083813.4659867,3.0
1765083813.4768438,3.0
1765083813.4878716,3.0
1765083813.498786,3.0
1765083813.5097518,3.0
1765083813.5206358,3.0
1765083813.5315254,3.0
1765083813.5424783,3.0
1765083813.5533464,3.0
1765083813.5642045,3.0
1765083813.575138,3.0
1765083813.5860448,3.0
1765083813.5970235,3.0
1765083813.607944,3.0
1765083813.6188865,3.0
1765083813.6297665,3.0
1765083813.640662,3.0
1765083813.6521738,3.0
1765083813.6630635,3.0
1765083813.6739666,3.0
1765083813.6851494,3.0
1765083813.696138,3.0
1765083813.7070386,3.0
1765083813.7179472,3.0
1765083813.7289312,3.0
1765083813.7398484,3.0
1765083813.750702,3.0
1765083813.7616255,3.0
1765083813.7726376,3.0
1765083813.7835302,3.0
1765083813.7944005,3.0
1765083813.805324,3.0
1765083813.8162313,3.0
1765083813.827064,3.0
1765083813.8390791,3.0
1765083813.849967,3.0
1765083813.8607981,3.0
1765083813.8717046,3.0
1765083813.8826108,3.0
1765083813.8935075,3.0
1765083813.9044442,3.0
1765083813.9153085,3.0
1765083813.9261959,3.0
1765083813.9371438,3.0
1765083813.948026,3.0
1765083813.958907,3.0
1765083813.9697826,3.0
1765083813.9807055,3.0
1765083813.9916465,3.0
1765083814.002631,3.0
1765083814.013515,3.0
1765083814.0244524,3.0
1765083814.0353258,3.0
1765083814.0462143,3.0
1765083814.057142,3.0
1765083814.068028,3.0
1765083814.0789022,3.0
1765083814.0897875,3.0
1765083814.1007464,3.0
1765083814.1116273,3.0
1765083814.1226063,3.0
1765083814.133495,3.0
1765083814.1444244,3.0
1765083814.1553192,3.0
1765083814.1664073,3.0
1765083814.1773448,3.0
1765083814.1883247,3.0
1765083814.199254,3.0
1765083814.2101412,3.0
1765083814.2211168,3.0
1765083814.2320337,3.0
1765083814.2429855,3.0
1765083814.253959,3.0
1765083814.2648807,3.0
1765083814.275793,3.0
1765083814.2867844,3.0
1765083814.2976677,3.0
1765083814.3085587,3.0
1765083814.3194866,3.0
1765083814.330393,3.0
1765083814.3412933,3.0
1765083814.352168,3.0
1765083814.3630466,3.0
1765083814.37395,3.0
1765083814.3851523,3.0
1765083814.3960402,3.0
1765083814.4069278,3.0
1765083814.4177458,3.0
1765083814.4286695,3.0
1765083814.4396012,3.0
1765083814.4504983,3.0
1765083814.4613988,3.0
1765083814.4722912,3.0
1765083814.4832425,3.0
1765083814.4941983,3.0
1765083814.5051174,3.0
1765083814.516048,3.0
1765083814.5269198,3.0
1765083814.5377817,3.0
1765083814.5491138,3.0
1765083814.5599213,3.0
1765083814.570777,3.0
1765083814.58168,3.0
1765083814.5925808,3.0
1765083814.6035106,3.0
1765083814.6144516,3.0
1765083814.6253302,3.0
1765083814.6362112,3.0
1765083814.6473367,3.0
1765083814.6581755,3.0
1765083814.6690438,3.0
1765083814.6799552,3.0
1765083814.6910374,3.0
1765083814.7019393,3.0
1765083814.7129529,3.0
1765083814.7240012,3.0
1765083814.735001,3.0
1765083814.7458756,3.0
1765083814.7567558,3.0
1765083814.7677813,3.0
1765083814.778714,3.0
1765083814.7896435,3.0
1765083814.8005075,3.0
1765083814.811386,3.0
1765083814.8223195,3.0
1765083814.8332095,3.0
1765083814.8454638,3.0
1765083814.8562968,3.0
1765083814.867144,3.0
1765083814.8781161,3.0
1765083814.8890414,3.0
1765083814.8999193,3.0
1765083814.9109268,3.0
1765083814.9218092,3.0
1765083814.932779,3.0
1765083814.9436865,3.0
1765083814.954563,3.0
1765083814.965583,3.0
1765083814.976476,3.0
1765083814.9873898,3.0
1765083814.9982855,3.0
1765083815.0091581,3.0
1765083815.0200162,3.0
1765083815.0308974,3.0
1765083815.041745,3.0
1765083815.052645,3.0
1765083815.0635233,3.0
1765083815.0744178,3.0
1765083815.085299,3.0
1765083815.096141,3.0
1765083815.1070771,3.0
1765083815.1179833,3.0
1765083815.128883,3.0
1765083815.1398735,3.0
1765083815.150877,3.0
1765083815.161813,3.0
1765083815.172678,3.0
1765083815.1836293,3.0
1765083815.1944926,3.0
1765083815.2053363,3.0
1765083815.2163095,3.0
1765083815.2271578,3.0
1765083815.238071,3.0
1765083815.2489715,3.0
1765083815.2598495,3.0
1765083815.2708378,3.0
1765083815.2817843,3.0
1765083815.292666,3.0
1765083815.3035235,3.0
1765083815.3144,3.0
1765083815.3253264,3.0
1765083815.3362844,3.0
1765083815.3471591,3.0
1765083815.3580334,3.0
1765083815.3689103,3.0
1765083815.3820038,3.0
1765083815.392991,3.0
1765083815.4038796,3.0
1765083815.4147778,3.0
1765083815.4257224,3.0
1765083815.4366174,3.0
1765083815.4475336,3.0
1765083815.4584577,3.0
1765083815.469361,3.0
1765083815.480248,3.0
1765083815.4911578,3.0
1765083815.5020587,3.0
1765083815.5129046,3.0
1765083815.5238776,3.0
1765083815.5350676,3.0
1765083815.546177,3.0
1765083815.5571985,3.0
1765083815.5682392,3.0
1765083815.579292,3.0
1765083815.590246,3.0
1765083815.601249,3.0
1765083815.6122463,3.0
1765083815.6231782,3.0
1765083815.634206,3.0
1765083815.6454196,3.0
1765083815.6563547,3.0
1765083815.6673098,3.0
1765083815.6782353,3.0
1765083815.689466,3.0
1765083815.700462,3.0
1765083815.7114317,3.0
1765083815.7226808,3.0
1765083815.7337065,3.0
1765083815.7446296,3.0
1765083815.7555423,3.0
1765083815.7664616,3.0
1765083815.7774131,3.0
1765083815.7883766,3.0
1765083815.7993567,3.0
1765083815.8103595,3.0
1765083815.8213446,3.0
1765083815.83229,3.0
1765083815.8441503,3.0
1765083815.8551452,3.0
1765083815.8660865,3.0
1765083815.877044,3.0
1765083815.8879347,3.0
1765083815.898885,3.0
1765083815.9098408,3.0
1765083815.9208422,3.0
1765083815.9318004,3.0
1765083815.9428737,3.0
1765083815.9540753,3.0
1765083815.9650993,3.0
1765083815.976076,3.0
1765083815.9871104,3.0
1765083815.9981134,3.0
1765083816.0091147,3.0
1765083816.0201504,3.0
1765083816.0311408,3.0
1765083816.0422707,3.0
1765083816.0532098,3.0
1765083816.0642805,3.0
1765083816.075398,3.0
1765083816.0864222,3.0
1765083816.0974092,3.0
1765083816.1084888,3.0
1765083816.1197302,3.0
1765083816.130754,3.0
1765083816.1418352,3.0
1765083816.1530273,3.0
1765083816.1639912,3.0
1765083816.1750705,3.0
1765083816.1860414,3.0
1765083816.1970627,3.0
1765083816.2081635,3.0
1765083816.2191548,3.0
1765083816.2301416,3.0
1765083816.2411249,3.0
1765083816.2523508,3.0
1765083816.2633553,3.0
1765083816.2743442,3.0
1765083816.2854,3.0
1765083816.2963467,3.0
1765083816.3073227,3.0
1765083816.3183494,3.0
1765083816.3292997,3.0
1765083816.340203,3.0
1765083816.3511255,3.0
1765083816.3620467,3.0
1765083816.3729925,3.0
1765083816.3842425,3.0
1765083816.3951511,3.0
1765083816.40608,3.0
1765083816.417088,3.0
1765083816.4279613,3.0
1765083816.4388897,3.0
1765083816.449823,3.0
1765083816.4608104,3.0
1765083816.471689,3.0
1765083816.4826035,3.0
1765083816.4936852,3.0
1765083816.5045898,3.0
1765083816.5155852,3.0
1765083816.5264776,3.0
1765083816.537429,3.0
1765083816.5484428,3.0
1765083816.5593736,3.0
1765083816.5703044,3.0
1765083816.5812962,3.0
1765083816.5922065,3.0
1765083816.6034617,3.0
1765083816.6144016,3.0
1765083816.6254387,3.0
1765083816.6364317,3.0
1765083816.6478102,3.0
1765083816.6586888,3.0
1765083816.6696613,3.0
1765083816.6806805,3.0
1765083816.6917894,3.0
1765083816.7027934,3.0
1765083816.7138147,3.0
1765083816.730345,2.0
1765083816.74149,3.0
1765083816.7525373,3.0
1765083816.763471,3.0
1765083816.7743814,3.0
1765083816.785328,3.0
1765083816.796323,3.0
1765083816.807217,3.0
1765083816.8182387,3.0
1765083816.8291562,3.0
1765083816.8414257,3.0
1765083816.8523114,3.0
1765083816.863227,3.0
1765083816.8741932,3.0
1765083816.8851826,3.0
1765083816.8961189,3.0
1765083816.9070523,3.0
1765083816.918067,3.0
1765083816.9289691,3.0
1765083816.939884,3.0
1765083816.9508905,3.0
1765083816.9618502,3.0
1765083816.9728231,3.0
1765083816.983763,3.0
1765083816.9947846,3.0
1765083817.0057197,3.0
1765083817.016618,3.0
1765083817.0276022,3.0
1765083817.0386348,3.0
1765083817.0495298,3.0
1765083817.0604074,3.0
1765083817.0713809,3.0
1765083817.0822852,3.0
1765083817.0932329,3.0
1765083817.1041784,3.0
1765083817.1151652,3.0
1765083817.126078,3.0
1765083817.1370313,3.0
1765083817.1479318,3.0
1765083817.1588404,3.0
1765083817.1698456,3.0
1765083817.180749,3.0
1765083817.1916862,3.0
1765083817.2026079,3.0
1765083817.2136059,3.0
1765083817.2245324,3.0
1765083817.2354763,3.0
1765083817.2463703,3.0
1765083817.2573886,3.0
1765083817.2683077,3.0
1765083817.2792406,3.0
1765083817.2902138,3.0
1765083817.3011866,3.0
1765083817.3121033,3.0
1765083817.3230574,3.0
1765083817.333952,3.0
1765083817.3449135,3.0
1765083817.3558028,3.0
1765083817.3667881,3.0
1765083817.3777063,3.0
1765083817.3888435,3.0
1765083817.3997617,3.0
1765083817.4107964,3.0
1765083817.42172,3.0
1765083817.4326382,3.0
1765083817.4436314,3.0
1765083817.454603,3.0
1765083817.4670854,3.0
1765083817.4778962,3.0
1765083817.4888847,3.0
1765083817.499788,3.0
1765083817.5108316,3.0
1765083817.5217624,3.0
1765083817.5327535,3.0
1765083817.54366,3.0
1765083817.5546272,3.0
1765083817.5656753,3.0
1765083817.5765977,3.0
1765083817.5875108,3.0
1765083817.598501,3.0
1765083817.6094139,3.0
1765083817.6203618,3.0
1765083817.6313498,3.0
1765083817.6423185,3.0
1765083817.6534357,3.0
1765083817.664349,3.0
1765083817.675359,3.0
1765083817.6865244,3.0
1765083817.6974225,3.0
1765083817.708391,3.0
1765083817.719342,3.0
1765083817.7302563,3.0
1765083817.7412295,3.0
1765083817.7520907,3.0
1765083817.7630734,3.0
1765083817.7739022,3.0
1765083817.7849138,3.0
1765083817.7958164,3.0
1765083817.8067422,3.0
1765083817.8176694,3.0
1765083817.8286238,3.0
1765083817.8405926,3.0
1765083817.8514726,3.0
1765083817.8623757,3.0
1765083817.8733387,3.0
1765083817.8842378,3.0
1765083817.8951967,3.0
1765083817.9061496,3.0
1765083817.9170673,3.0
1765083817.9281573,3.0
1765083817.9390297,3.0
1765083817.9499593,3.0
1765083817.9608746,3.0
1765083817.9718082,3.0
1765083817.9827225,3.0
1765083817.9936352,3.0
1765083818.0045483,3.0
1765083818.015497,3.0
1765083818.026409,3.0
1765083818.0373375,3.0
1765083818.0482762,3.0
1765083818.0591724,3.0
1765083818.0701237,3.0
1765083818.0811083,3.0
1765083818.0920315,3.0
1765083818.1029718,3.0
1765083818.1138294,3.0
1765083818.12473,3.0
1765083818.136607,3.0
1765083818.1475232,3.0
1765083818.1584687,3.0
1765083818.1693993,3.0
1765083818.1803687,3.0
1765083818.1913772,3.0
1765083818.2022426,3.0
1765083818.2131572,3.0
1765083818.224204,3.0
1765083818.2351215,3.0
1765083818.246021,3.0
1765083818.2569244,3.0
1765083818.2679198,3.0
1765083818.278908,3.0
1765083818.2898855,3.0
1765083818.300781,3.0
1765083818.31169,3.0
1765083818.322629,3.0
1765083818.33361,3.0
1765083818.344519,3.0
1765083818.3554244,3.0
1765083818.3663905,3.0
1765083818.377312,3.0
1765083818.3884163,3.0
1765083818.399322,3.0
1765083818.4102595,3.0
1765083818.421144,3.0
1765083818.4322085,3.0
1765083818.4431121,3.0
1765083818.454082,3.0
1765083818.4649768,3.0
1765083818.4759297,3.0
1765083818.4868975,3.0
1765083818.4978817,3.0
1765083818.508801,3.0
1765083818.519717,3.0
1765083818.5307095,3.0
1765083818.5416777,3.0
1765083818.5526564,3.0
1765083818.563636,3.0
1765083818.5744975,3.0
1765083818.5854084,3.0
1765083818.5962903,3.0
1765083818.6073003,3.0
1765083818.6182137,3.0
1765083818.6291215,3.0
1765083818.6400602,3.0
1765083818.651576,3.0
1765083818.6625621,3.0
1765083818.6735077,3.0
1765083818.6846294,3.0
1765083818.6955721,3.0
1765083818.7064776,3.0
1765083818.7175312,3.0
1765083818.7284882,3.0
1765083818.7394073,3.0
1765083818.7503836,3.0
1765083818.7613015,3.0
1765083818.7722406,3.0
1765083818.783185,3.0
1765083818.7941024,3.0
1765083818.8050454,3.0
1765083818.815912,3.0
1765083818.8269105,3.0
1765083818.8387866,3.0
1765083818.849644,3.0
1765083818.8605564,3.0
1765083818.8714647,3.0
1765083818.8824425,3.0
1765083818.8933835,3.0
1765083818.9043224,3.0
1765083818.9153042,3.0
1765083818.9261813,3.0
1765083818.9372547,3.0
1765083818.9481535,3.0
1765083818.9592175,3.0
1765083818.97013,3.0
1765083818.9810452,3.0
1765083818.9920514,3.0
1765083819.0029383,3.0
1765083819.0139294,3.0
1765083819.0248744,3.0
1765083819.0357742,3.0
1765083819.0467372,3.0
1765083819.0576968,3.0
1765083819.068597,3.0
1765083819.0795527,3.0
1765083819.0904617,3.0
1765083819.1014087,3.0
1765083819.1124675,3.0
1765083819.1234417,3.0
1765083819.1343782,3.0
1765083819.1454146,3.0
1765083819.1564243,3.0
1765083819.1676133,3.0
1765083819.1785314,3.0
1765083819.1895,3.0
1765083819.2004638,3.0
1765083819.2141542,3.0
1765083819.224161,2.0
1765083819.239047,3.0
1765083819.2539258,3.0
1765083819.2639678,2.0
1765083819.27402,2.0
1765083819.2840204,2.0
1765083819.2989302,3.0
1765083819.3138535,3.0
1765083819.323952,2.0
1765083819.3388755,3.0
1765083819.3489182,2.0
1765083819.3590095,2.0
1765083819.3690252,2.0
1765083819.379075,2.0
1765083819.389344,2.0
1765083819.3993485,2.0
1765083819.4093747,2.0
1765083819.424286,3.0
1765083819.4343176,2.0
1765083819.4492292,3.0
1765083819.4593077,2.0
1765083819.4694111,2.0
1765083819.4843116,3.0
1765083819.4944441,2.0
1765083819.5044641,2.0
1765083819.5146132,2.0
1765083819.5246346,2.0
1765083819.5395162,3.0
1765083819.5495427,2.0
1765083819.5596516,2.0
1765083819.5696685,2.0
1765083819.5797207,2.0
1765083819.5897622,2.0
1765083819.5997748,2.0
1765083819.6098638,2.0
1765083819.6247463,3.0
1765083819.634791,2.0
1765083819.6448772,2.0
1765083819.6549795,2.0
1765083819.6649942,2.0
1765083819.6750243,2.0
1765083819.685129,2.0
1765083819.6951451,2.0
1765083819.710061,3.0
1765083819.7201676,2.0
1765083819.7350535,3.0
1765083819.7450747,2.0
1765083819.755099,2.0
1765083819.7650993,2.0
1765083819.775171,2.0
1765083819.7851863,2.0
1765083819.7951884,2.0
1765083819.805249,2.0
1765083819.8152926,2.0
1765083819.8301537,3.0
1765083819.8407905,2.0
1765083819.850945,2.0
1765083819.86582,3.0
1765083819.8807356,3.0
1765083819.8908422,2.0
1765083819.9057531,3.0
1765083819.915766,2.0
1765083819.9306576,3.0
1765083819.9455595,3.0
1765083819.9555805,2.0
1765083819.965592,2.0
1765083819.9756377,2.0
1765083819.990518,3.0
1765083820.0006063,2.0
1765083820.0106237,2.0
1765083820.0206287,2.0
1765083820.030678,2.0
1765083820.0455825,3.0
1765083820.0604813,3.0
1765083820.0753822,3.0
1765083820.0855033,2.0
1765083820.0956423,2.0
1765083820.1056604,2.0
1765083820.115696,2.0
1765083820.130615,3.0
1765083820.1406322,2.0
1765083820.1507797,2.0
1765083820.1656642,3.0
1765083820.1805856,3.0
1765083820.195473,3.0
1765083820.2054932,2.0
1765083820.2154963,2.0
1765083820.2255301,2.0
1765083820.2355425,2.0
1765083820.2455716,2.0
1765083820.2604032,3.0
1765083820.2704136,2.0
1765083820.280426,2.0
1765083820.2905786,2.0
1765083820.3054442,3.0
1765083820.3203454,3.0
1765083820.330352,2.0
1765083820.340498,2.0
1765083820.355393,3.0
1765083820.3653991,2.0
1765083820.3754258,2.0
1765083820.385658,2.0
1765083820.4005642,3.0
1765083820.4106004,2.0
1765083820.420692,2.0
1765083820.4356036,3.0
1765083820.4456437,2.0
1765083820.4556537,2.0
1765083820.4656591,2.0
1765083820.47568,2.0
1765083820.4857116,2.0
1765083820.4958203,2.0
1765083820.5058315,2.0
1765083820.5158784,2.0
1765083820.5258846,2.0
1765083820.5358992,2.0
1765083820.545907,2.0
1765083820.5608065,3.0
1765083820.570824,2.0
1765083820.58084,2.0
1765083820.5909002,2.0
1765083820.60092,2.0
1765083820.6109416,2.0
1765083820.620973,2.0
1765083820.6309912,2.0
1765083820.640999,2.0
1765083820.6510808,2.0
1765083820.6611042,2.0
1765083820.6711147,2.0
1765083820.6860888,3.0
1765083820.6963117,2.0
1765083820.706316,2.0
1765083820.7163274,2.0
1765083820.7265024,2.0
1765083820.7414007,3.0
1765083820.7514348,2.0
1765083820.7614481,2.0
1765083820.776374,3.0
1765083820.7863972,2.0
1765083820.801295,3.0
1765083820.811309,2.0
1765083820.8213787,2.0
1765083820.8370438,3.0
1765083820.8471842,2.0
1765083820.8571966,2.0
1765083820.8672028,2.0
1765083820.877211,2.0
1765083820.8921378,3.0
1765083820.9021447,2.0
1765083820.91218,2.0
1765083820.9271142,3.0
1765083820.942024,3.0
1765083820.952051,2.0
1765083820.9620771,2.0
1765083820.9721525,2.0
1765083820.982179,2.0
1765083820.992194,2.0
1765083821.002219,2.0
1765083821.0122268,2.0
1765083821.022391,2.0
1765083821.032423,2.0
1765083821.0473382,3.0
1765083821.057356,2.0
1765083821.0722575,3.0
1765083821.0822785,2.0
1765083821.0922792,2.0
1765083821.1024017,2.0
1765083821.112408,2.0
1765083821.1224318,2.0
1765083821.1324544,2.0
1765083821.142467,2.0
1765083821.1524866,2.0
1765083821.1624994,2.0
1765083821.1725402,2.0
1765083821.1825547,2.0
1765083821.1974769,3.0
1765083821.2075722,2.0
1765083821.222479,3.0
1765083821.237396,3.0
1765083821.2474074,2.0
1765083821.257551,2.0
1765083821.2675738,2.0
1765083821.2776012,2.0
1765083821.287623,2.0
1765083821.2976625,2.0
1765083821.3125808,3.0
1765083821.3274791,3.0
1765083821.3375053,2.0
1765083821.3475559,2.0
1765083821.3575907,2.0
1765083821.372506,3.0
1765083821.382529,2.0
1765083821.3926036,2.0
1765083821.4075375,3.0
1765083821.4176135,2.0
1765083821.4325185,3.0
1765083821.4474182,3.0
1765083821.4574356,2.0
1765083821.4674647,2.0
1765083821.482378,3.0
1765083821.4925058,2.0
1765083821.5025084,2.0
1765083821.517411,3.0
1765083821.5323105,3.0
1765083821.5424058,2.0
1765083821.5524726,2.0
1765083821.5624874,2.0
1765083821.57256,2.0
1765083821.5825675,2.0
1765083821.5926309,2.0
1765083821.6026764,2.0
1765083821.6127048,2.0
1765083821.622712,2.0
1765083821.6327403,2.0
1765083821.642752,2.0
1765083821.6528292,2.0
1765083821.6628444,2.0
1765083821.677779,3.0
1765083821.6879878,2.0
1765083821.6980116,2.0
1765083821.7129102,3.0
1765083821.7230039,2.0
1765083821.7330084,2.0
1765083821.747946,3.0
1765083821.7628627,3.0
1765083821.7728856,2.0
1765083821.7829263,2.0
1765083821.7929456,2.0
1765083821.802958,2.0
1765083821.812975,2.0
1765083821.822979,2.0
1765083821.8330972,2.0
1765083821.8437738,2.0
1765083821.8537815,2.0
1765083821.8638356,2.0
1765083821.873888,2.0
1765083821.8838909,2.0
1765083821.893953,2.0
1765083821.9040086,2.0
1765083821.9140377,2.0
1765083821.9240556,2.0
1765083821.938953,3.0
1765083821.953847,3.0
1765083821.963856,2.0
1765083821.9787543,3.0
1765083821.9888418,2.0
1765083821.998885,2.0
1765083822.0137906,3.0
1765083822.0238273,2.0
1765083822.0339034,2.0
1765083822.0488288,3.0
1765083822.0588555,2.0
1765083822.0688822,2.0
1765083822.0837967,3.0
1765083822.0987017,3.0
1765083822.1087515,2.0
1765083822.1187663,2.0
1765083822.1288447,2.0
1765083822.138865,2.0
1765083822.1488936,2.0
1765083822.1589243,2.0
1765083822.168958,2.0
1765083822.1790016,2.0
1765083822.1890101,2.0
1765083822.1990104,2.0
1765083822.209072,2.0
1765083822.219088,2.0
1765083822.2291198,2.0
1765083822.2391257,2.0
1765083822.2539487,3.0
1765083822.2639534,2.0
1765083822.2739923,2.0
1765083822.2839994,2.0
1765083822.2940433,2.0
1765083822.304065,2.0
1765083822.3140836,2.0
1765083822.3240967,2.0
1765083822.334119,2.0
1765083822.344141,2.0
1765083822.354176,2.0
1765083822.3691046,3.0
1765083822.3791203,2.0
1765083822.389183,2.0
1765083822.404075,3.0
1765083822.4140797,2.0
1765083822.4240897,2.0
1765083822.439019,3.0
1765083822.4538984,3.0
1765083822.468817,3.0
1765083822.483738,3.0
1765083822.493877,2.0
1765083822.503879,2.0
1765083822.5138853,2.0
1765083822.5288532,3.0
1765083822.538862,2.0
1765083822.5488634,2.0
1765083822.5588908,2.0
1765083822.5689585,2.0
1765083822.5838685,3.0
1765083822.5938919,2.0
1765083822.6038988,2.0
1765083822.613938,2.0
1765083822.6239774,2.0
1765083822.63402,2.0
1765083822.6489377,3.0
1765083822.6589818,2.0
1765083822.6689825,2.0
1765083822.6790147,2.0
1765083822.6891654,2.0
1765083822.6991844,2.0
1765083822.7092845,2.0
1765083822.7242312,3.0
1765083822.7342472,2.0
1765083822.7444115,2.0
1765083822.7545094,2.0
1765083822.7645185,2.0
1765083822.7745223,2.0
1765083822.7845237,2.0
1765083822.7994463,3.0
1765083822.8095734,2.0
1765083822.8244793,3.0
1765083822.8355765,2.0
1765083822.85047,3.0
1765083822.860478,2.0
1765083822.8704836,2.0
1765083822.8805258,2.0
1765083822.895434,3.0
1765083822.9054453,2.0
1765083822.9154754,2.0
1765083822.9255223,2.0
1765083822.9404488,3.0
1765083822.9505625,2.0
1765083822.960587,2.0
1765083822.970624,2.0
1765083822.9855454,3.0
1765083822.9956732,2.0
1765083823.0056868,2.0
1765083823.0206046,3.0
1765083823.0354517,3.0
1765083823.04555,2.0
1765083823.0555868,2.0
1765083823.070484,3.0
1765083823.0805168,2.0
1765083823.0954342,3.0
1765083823.1103313,3.0
1765083823.1251724,3.0
1765083823.135249,2.0
1765083823.1453784,2.0
1765083823.155419,2.0
1765083823.170363,3.0
1765083823.1803677,2.0
1765083823.1952806,3.0
1765083823.2101874,3.0
1765083823.2202077,2.0
1765083823.2302568,2.0
1765083823.2404072,2.0
1765083823.2553072,3.0
1765083823.26534,2.0
1765083823.2753458,2.0
1765083823.2853994,2.0
1765083823.2954056,2.0
1765083823.3103392,3.0
1765083823.3203697,2.0
1765083823.3304856,2.0
1765083823.3405285,2.0
1765083823.3505409,2.0
1765083823.3605702,2.0
1765083823.3705776,2.0
1765083823.3806086,2.0
1765083823.3908372,2.0
1765083823.4008856,2.0
1765083823.4157944,3.0
1765083823.4258876,2.0
1765083823.4407778,3.0
1765083823.4508069,2.0
1765083823.460809,2.0
1765083823.4708438,2.0
1765083823.4808927,2.0
1765083823.4909146,2.0
1765083823.5058048,3.0
1765083823.520717,3.0
1765083823.5307972,2.0
1765083823.5408206,2.0
1765083823.5508392,2.0
1765083823.560897,2.0
1765083823.575809,3.0
1765083823.58586,2.0
1765083823.5958903,2.0
1765083823.610804,3.0
1765083823.6257102,3.0
1765083823.6357398,2.0
1765083823.6457934,2.0
1765083823.6558292,2.0
1765083823.6658337,2.0
1765083823.6758358,2.0
1765083823.685912,2.0
1765083823.7008057,3.0
1765083823.7157116,3.0
1765083823.7257714,2.0
1765083823.7407064,3.0
1765083823.7507331,2.0
1765083823.760874,2.0
1765083823.7708793,2.0
1765083823.7857783,3.0
1765083823.7959263,2.0
1765083823.8108308,3.0
1765083823.8208323,2.0
1765083823.8308902,2.0
1765083823.8418102,2.0
1765083823.856669,3.0
1765083823.866705,2.0
1765083823.876726,2.0
1765083823.8867338,2.0
1765083823.8967428,2.0
1765083823.9067929,2.0
1765083823.9168446,2.0
1765083823.9317536,3.0
1765083823.946672,3.0
1765083823.9567018,2.0
1765083823.9667196,2.0
1765083823.9767425,2.0
1765083823.9916534,3.0
1765083824.0016763,2.0
1765083824.011696,2.0
1765083824.0266201,3.0
1765083824.036655,2.0
1765083824.0466712,2.0
1765083824.0567043,2.0
1765083824.066727,2.0
1765083824.081628,3.0
1765083824.0916522,2.0
1765083824.1016583,2.0
1765083824.1165743,3.0
1765083824.1266098,2.0
1765083824.1366124,2.0
1765083824.1467392,2.0
1765083824.156776,2.0
1765083824.1670873,2.0
1765083824.1819866,3.0
1765083824.1920223,2.0
1765083824.2020435,2.0
1765083824.2120492,2.0
1765083824.2221067,2.0
1765083824.2321472,2.0
1765083824.2422426,2.0
1765083824.2523084,2.0
1765083824.2624054,2.0
1765083824.272449,2.0
1765083824.2825522,2.0
1765083824.2926,2.0
1765083824.3026981,2.0
1765083824.3127546,2.0
1765083824.3228471,2.0
1765083824.3328745,2.0
1765083824.342922,2.0
1765083824.3529835,2.0
1765083824.3630593,2.0
1765083824.3731306,2.0
1765083824.3831847,2.0
1765083824.393384,2.0
1765083824.4034524,2.0
1765083824.4135067,2.0
1765083824.423583,2.0
1765083824.433657,2.0
1765083824.443706,2.0
1765083824.4537523,2.0
1765083824.4638345,2.0
1765083824.4739404,2.0
1765083824.483997,2.0
1765083824.4941194,2.0
1765083824.5041413,2.0
1765083824.5142379,2.0
1765083824.5243104,2.0
1765083824.5343647,2.0
1765083824.5444527,2.0
1765083824.5544865,2.0
1765083824.5645723,2.0
1765083824.5746424,2.0
1765083824.5847075,2.0
1765083824.59488,2.0
1765083824.6049228,2.0
1765083824.6150432,2.0
1765083824.6251054,2.0
1765083824.6351771,2.0
1765083824.645278,2.0
1765083824.6553595,2.0
1765083824.6654885,2.0
1765083824.675548,2.0
1765083824.6856375,2.0
1765083824.695778,2.0
1765083824.7057972,2.0
1765083824.7158923,2.0
1765083824.7259865,2.0
1765083824.7360265,2.0
1765083824.7461388,2.0
1765083824.7561998,2.0
1765083824.766353,2.0
1765083824.776381,2.0
1765083824.7864583,2.0
1765083824.7966423,2.0
1765083824.8068357,2.0
1765083824.8168743,2.0
1765083824.826967,2.0
1765083824.8374834,2.0
1765083824.8479378,2.0
1765083824.8580444,2.0
1765083824.868137,2.0
1765083824.8782184,2.0
1765083824.88827,2.0
1765083824.8983684,2.0
1765083824.908426,2.0
1765083824.9184906,2.0
1765083824.928566,2.0
1765083824.9386823,2.0
1765083824.9487438,2.0
1765083824.958768,2.0
1765083824.9688537,2.0
1765083824.9789004,2.0
1765083824.9890687,2.0
1765083824.999109,2.0
1765083825.0091524,2.0
1765083825.019191,2.0
1765083825.0293086,2.0
1765083825.0393806,2.0
1765083825.0494156,2.0
1765083825.0594513,2.0
1765083825.0696495,2.0
1765083825.0797606,2.0
1765083825.0898428,2.0
1765083825.0999372,2.0
1765083825.1100593,2.0
1765083825.1249568,3.0
1765083825.134975,2.0
1765083825.1450331,2.0
1765083825.1551218,2.0
1765083825.165176,2.0
1765083825.1752834,2.0
1765083825.1853738,2.0
1765083825.1954098,2.0
1765083825.2055507,2.0
1765083825.2156224,2.0
1765083825.2256734,2.0
1765083825.2357528,2.0
1765083825.2458208,2.0
1765083825.2559965,2.0
1765083825.266085,2.0
1765083825.276197,2.0
1765083825.2862823,2.0
1765083825.2964015,2.0
1765083825.3064458,2.0
1765083825.3165565,2.0
1765083825.3266087,2.0
1765083825.3366892,2.0
1765083825.3467822,2.0
1765083825.3568652,2.0
1765083825.366921,2.0
1765083825.3770237,2.0
1765083825.3871179,2.0
1765083825.3973372,2.0
1765083825.4073825,2.0
1765083825.4174526,2.0
1765083825.4274967,2.0
1765083825.4375591,2.0
1765083825.447643,2.0
1765083825.4577549,2.0
1765083825.467839,2.0
1765083825.4779096,2.0
1765083825.4880612,2.0
1765083825.498144,2.0
1765083825.5081873,2.0
1765083825.5182703,2.0
1765083825.5283334,2.0
1765083825.5383706,2.0
1765083825.5484412,2.0
1765083825.5584786,2.0
1765083825.568572,2.0
1765083825.5786576,2.0
1765083825.5887516,2.0
1765083825.598831,2.0
1765083825.6088967,2.0
1765083825.618905,2.0
1765083825.6290283,2.0
1765083825.6390913,2.0
1765083825.6492062,2.0
1765083825.6641152,3.0
1765083825.6742074,2.0
1765083825.6843314,2.0
1765083825.6992748,3.0
1765083825.7093458,2.0
1765083825.7194672,2.0
1765083825.7294784,2.0
1765083825.7396464,2.0
1765083825.7497203,2.0
1765083825.7597637,2.0
1765083825.7698753,2.0
1765083825.779964,2.0
1765083825.790018,2.0
1765083825.800075,2.0
1765083825.8101676,2.0
1765083825.820411,2.0
1765083825.830512,2.0
1765083825.8415594,2.0
1765083825.8516083,2.0
1765083825.8617072,2.0
1765083825.8718379,2.0
1765083825.8819237,2.0
1765083825.8920333,2.0
1765083825.9020677,2.0
1765083825.912153,2.0
1765083825.9221964,2.0
1765083825.9322455,2.0
1765083825.9423032,2.0
1765083825.9524155,2.0
1765083825.9624758,2.0
1765083825.9725697,2.0
1765083825.9826505,2.0
1765083825.992698,2.0
1765083826.0027764,2.0
1765083826.0128267,2.0
1765083826.0228949,2.0
1765083826.0329578,2.0
1765083826.0430229,2.0
1765083826.0530934,2.0
1765083826.0632102,2.0
1765083826.07332,2.0
1765083826.0833914,2.0
1765083826.0936043,2.0
1765083826.1036446,2.0
1765083826.1137614,2.0
1765083826.123831,2.0
1765083826.133923,2.0
1765083826.1439707,2.0
1765083826.1541715,2.0
1765083826.1642282,2.0
1765083826.1744437,2.0
1765083826.1844916,2.0
1765083826.1945307,2.0
1765083826.2045739,2.0
1765083826.2146692,2.0
1765083826.2295926,3.0
1765083826.2396526,2.0
1765083826.249692,2.0
1765083826.2597623,2.0
1765083826.269806,2.0
1765083826.2798426,2.0
1765083826.2899363,2.0
1765083826.2999828,2.0
1765083826.3100553,2.0
1765083826.3201087,2.0
1765083826.3301837,2.0
1765083826.340293,2.0
1765083826.3503764,2.0
1765083826.3604312,2.0
1765083826.3704991,2.0
1765083826.3805711,2.0
1765083826.390802,2.0
1765083826.4009526,2.0
1765083826.4110558,2.0
1765083826.4211733,2.0
1765083826.431191,2.0
1765083826.4413927,2.0
1765083826.4514923,2.0
1765083826.4616349,2.0
1765083826.4716358,2.0
1765083826.4817028,2.0
1765083826.4917724,2.0
1765083826.5018466,2.0
1765083826.5119188,2.0
1765083826.5219638,2.0
1765083826.5320344,2.0
1765083826.5421035,2.0
1765083826.5521665,2.0
1765083826.5622349,2.0
1765083826.5723994,2.0
1765083826.5824506,2.0
1765083826.5924773,2.0
1765083826.6025817,2.0
1765083826.6126862,2.0
1765083826.622734,2.0
1765083826.6327918,2.0
1765083826.642934,2.0
1765083826.653138,2.0
1765083826.6632233,2.0
1765083826.6732492,2.0
1765083826.6833808,2.0
1765083826.693397,2.0
1765083826.7034883,2.0
1765083826.7136178,2.0
1765083826.7238686,2.0
1765083826.7339442,2.0
1765083826.7440062,2.0
1765083826.7541387,2.0
1765083826.7641902,2.0
1765083826.7743316,2.0
1765083826.7843862,2.0
1765083826.79448,2.0
1765083826.8045824,2.0
1765083826.8147442,2.0
1765083826.824863,2.0
1765083826.8349059,2.0
1765083826.8462532,2.0
1765083826.8563728,2.0
1765083826.8664489,2.0
1765083826.8765008,2.0
1765083826.8866775,2.0
1765083826.896731,2.0
1765083826.9068794,2.0
1765083826.916924,2.0
1765083826.9270713,2.0
1765083826.937113,2.0
1765083826.9471974,2.0
1765083826.9572556,2.0
1765083826.9673228,2.0
1765083826.9774592,2.0
1765083826.9875343,2.0
1765083826.9976149,2.0
1765083827.0076792,2.0
1765083827.0177746,2.0
1765083827.0278358,2.0
1765083827.0379508,2.0
1765083827.0480278,2.0
1765083827.0580914,2.0
1765083827.0681446,2.0
1765083827.0830526,3.0
1765083827.0931506,2.0
1765083827.10323,2.0
1765083827.1132748,2.0
1765083827.123325,2.0
1765083827.1335058,2.0
1765083827.1435568,2.0
1765083827.1536026,2.0
1765083827.163672,2.0
1765083827.1737976,2.0
1765083827.1838264,2.0
1765083827.1938956,2.0
1765083827.2039266,2.0
1765083827.2139776,2.0
1765083827.2240999,2.0
1765083827.234183,2.0
1765083827.2442412,2.0
1765083827.2542863,2.0
1765083827.264361,2.0
1765083827.274512,2.0
1765083827.2845788,2.0
1765083827.294631,2.0
1765083827.3047295,2.0
1765083827.3148649,2.0
1765083827.32493,2.0
1765083827.334989,2.0
1765083827.3450341,2.0
1765083827.3551328,2.0
1765083827.36523,2.0
1765083827.3753304,2.0
1765083827.3854349,2.0
1765083827.395794,2.0
1765083827.4058657,2.0
1765083827.4159484,2.0
1765083827.430911,3.0
1765083827.4409933,2.0
1765083827.451074,2.0
1765083827.4611685,2.0
1765083827.47129,2.0
1765083827.4813917,2.0
1765083827.491483,2.0
1765083827.5016623,2.0
1765083827.5132887,2.0
1765083827.5233152,2.0
1765083827.533394,2.0
1765083827.5435345,2.0
1765083827.5535703,2.0
1765083827.5636814,2.0
1765083827.573745,2.0
1765083827.5838268,2.0
1765083827.593909,2.0
1765083827.603959,2.0
1765083827.6139936,2.0
1765083827.6240788,2.0
1765083827.63413,2.0
1765083827.6441891,2.0
1765083827.6545286,2.0
1765083827.6646047,2.0
1765083827.67467,2.0
1765083827.6848357,2.0
1765083827.6997736,3.0
1765083827.7098708,2.0
1765083827.7201061,2.0
1765083827.7350373,3.0
1765083827.74511,2.0
1765083827.7551744,2.0
1765083827.7653835,2.0
1765083827.775452,2.0
1765083827.7855525,2.0
1765083827.7956252,2.0
1765083827.8057065,2.0
1765083827.8158603,2.0
1765083827.825948,2.0
1765083827.8360114,2.0
1765083827.8473577,2.0
1765083827.8575046,2.0
1765083827.867587,2.0
1765083827.877677,2.0
1765083827.8877285,2.0
1765083827.8978202,2.0
1765083827.9078865,2.0
1765083827.917975,2.0
1765083827.928079,2.0
1765083827.9381628,2.0
1765083827.948257,2.0
1765083827.958362,2.0
1765083827.968454,2.0
1765083827.9785867,2.0
1765083827.9886804,2.0
1765083827.9987528,2.0
1765083828.008819,2.0
1765083828.018937,2.0
1765083828.0290434,2.0
1765083828.0390954,2.0
1765083828.0492353,2.0
1765083828.0593152,2.0
1765083828.0693977,2.0
1765083828.0795238,2.0
1765083828.0896072,2.0
1765083828.0996623,2.0
1765083828.1097524,2.0
1765083828.1198978,2.0
1765083828.1300414,2.0
1765083828.140117,2.0
1765083828.1502411,2.0
1765083828.160369,2.0
1765083828.1704676,2.0
1765083828.1805747,2.0
1765083828.1905975,2.0
1765083828.2006786,2.0
1765083828.2107892,2.0
1765083828.220891,2.0
1765083828.2309926,2.0
1765083828.2411444,2.0
1765083828.251216,2.0
1765083828.2613018,2.0
1765083828.2714067,2.0
1765083828.281485,2.0
1765083828.2915518,2.0
1765083828.3015592,2.0
1765083828.3115845,2.0
1765083828.3217201,2.0
1765083828.3318024,2.0
1765083828.3418791,2.0
1765083828.3519826,2.0
1765083828.362114,2.0
1765083828.3721592,2.0
1765083828.382251,2.0
1765083828.3925738,2.0
1765083828.4026573,2.0
1765083828.412715,2.0
1765083828.4227355,2.0
1765083828.432913,2.0
1765083828.442952,2.0
1765083828.4530318,2.0
1765083828.4631014,2.0
1765083828.473144,2.0
1765083828.4832716,2.0
1765083828.4933336,2.0
1765083828.5033882,2.0
1765083828.513423,2.0
1765083828.5234883,2.0
1765083828.5335665,2.0
1765083828.5437016,2.0
1765083828.558662,3.0
1765083828.5687435,2.0
1765083828.5788038,2.0
1765083828.5888734,2.0
1765083828.5989878,2.0
1765083828.6090348,2.0
1765083828.619078,2.0
1765083828.6291347,2.0
1765083828.6392736,2.0
1765083828.6496625,2.0
1765083828.6645732,3.0
1765083828.674647,2.0
1765083828.6848133,2.0
1765083828.6948411,2.0
1765083828.7049034,2.0
1765083828.7149923,2.0
1765083828.7252097,2.0
1765083828.7352822,2.0
1765083828.7453651,2.0
1765083828.7554653,2.0
1765083828.7655764,2.0
1765083828.7756987,2.0
1765083828.7858076,2.0
1765083828.7958848,2.0
1765083828.8059995,2.0
1765083828.816053,2.0
1765083828.8261366,2.0
1765083828.836946,2.0
1765083828.847128,2.0
1765083828.857144,2.0
1765083828.867254,2.0
1765083828.8773847,2.0
1765083828.887635,2.0
1765083828.8977196,2.0
1765083828.9078016,2.0
1765083828.917904,2.0
1765083828.9279845,2.0
1765083828.9380453,2.0
1765083828.9481997,2.0
1765083828.9583166,2.0
1765083828.9683814,2.0
1765083828.9785583,2.0
1765083828.9886546,2.0
1765083828.9987109,2.0
1765083829.0088446,2.0
1765083829.0188932,2.0
1765083829.0289764,2.0
1765083829.039033,2.0
1765083829.0490992,2.0
1765083829.0591724,2.0
1765083829.0692232,2.0
1765083829.079347,2.0
1765083829.089506,2.0
1765083829.0995927,2.0
1765083829.1096783,2.0
1765083829.1197808,2.0
1765083829.129868,2.0
1765083829.1399078,2.0
1765083829.1499946,2.0
1765083829.1600714,2.0
1765083829.1701305,2.0
1765083829.1806073,2.0
1765083829.1906765,2.0
1765083829.2007113,2.0
1765083829.2108576,2.0
1765083829.220951,2.0
1765083829.2310686,2.0
1765083829.241117,2.0
1765083829.2512074,2.0
1765083829.2612948,2.0
1765083829.2723196,3.0
1765083829.2832546,3.0
1765083829.2942502,3.0
1765083829.3051283,3.0
1765083829.3160138,3.0
1765083829.3269172,3.0
1765083829.3378034,3.0
1765083829.348684,3.0
1765083829.3596249,3.0
1765083829.3704891,3.0
1765083829.3814244,3.0
1765083829.3926878,3.0
1765083829.4035516,3.0
1765083829.4144673,3.0
1765083829.4253643,3.0
1765083829.4362483,3.0
1765083829.4472585,3.0
1765083829.4582286,3.0
1765083829.4691262,3.0
1765083829.4800847,3.0
1765083829.4909558,3.0
1765083829.5018325,3.0
1765083829.512709,3.0
1765083829.5236347,3.0
1765083829.5345457,3.0
1765083829.5454555,3.0
1765083829.5563602,3.0
1765083829.5672555,3.0
1765083829.5781703,3.0
1765083829.5890856,3.0
1765083829.5999472,3.0
1765083829.6108344,3.0
1765083829.621718,3.0
1765083829.6326065,3.0
1765083829.6435318,3.0
1765083829.6545224,3.0
1765083829.665448,3.0
1765083829.6764123,3.0
1765083829.6874583,3.0
1765083829.698397,3.0
1765083829.7092938,3.0
1765083829.7202141,3.0
1765083829.731062,3.0
1765083829.741959,3.0
1765083829.7527926,3.0
1765083829.7637045,3.0
1765083829.7745829,3.0
1765083829.785443,3.0
1765083829.7963262,3.0
1765083829.807179,3.0
1765083829.818106,3.0
1765083829.8290257,3.0
1765083829.8412097,3.0
1765083829.8520775,3.0
1765083829.86301,3.0
1765083829.8739324,3.0
1765083829.8848648,3.0
1765083829.895863,3.0
1765083829.9067926,3.0
1765083829.9177928,3.0
1765083829.928633,3.0
1765083829.9395437,3.0
1765083829.950499,3.0
1765083829.961379,3.0
1765083829.9722462,3.0
1765083829.9832256,3.0
1765083829.994179,3.0
1765083830.0050616,3.0
1765083830.015962,3.0
1765083830.0268917,3.0
1765083830.0378857,3.0
1765083830.0487845,3.0
1765083830.0596373,3.0
1765083830.0705445,3.0
1765083830.0815187,3.0
1765083830.0924416,3.0
1765083830.1033428,3.0
1765083830.114341,3.0
1765083830.1252065,3.0
1765083830.1361265,3.0
1765083830.1470106,3.0
1765083830.1579266,3.0
1765083830.1688201,3.0
1765083830.1796687,3.0
1765083830.190563,3.0
1765083830.201542,3.0
1765083830.212376,3.0
1765083830.2232487,3.0
1765083830.2341554,3.0
1765083830.2449875,3.0
1765083830.2558722,3.0
1765083830.2667372,3.0
1765083830.2777145,3.0
1765083830.2886107,3.0
1765083830.2994702,3.0
1765083830.3103623,3.0
1765083830.3212872,3.0
1765083830.3321664,3.0
1765083830.3430989,3.0
1765083830.3539536,3.0
1765083830.3648398,3.0
1765083830.3757427,3.0
1765083830.3866084,3.0
1765083830.3978379,3.0
1765083830.4087172,3.0
1765083830.419599,3.0
1765083830.4304416,3.0
1765083830.441341,3.0
1765083830.4522855,3.0
1765083830.4631748,3.0
1765083830.4740398,3.0
1765083830.4849112,3.0
1765083830.495928,3.0
1765083830.5069187,3.0
1765083830.5177946,3.0
1765083830.528688,3.0
1765083830.5396042,3.0
1765083830.5505366,3.0
1765083830.561427,3.0
1765083830.5723832,3.0
1765083830.583272,3.0
1765083830.5941432,3.0
1765083830.6050053,3.0
1765083830.6159053,3.0
1765083830.6267998,3.0
1765083830.6377153,3.0
1765083830.6489305,3.0
1765083830.6598835,3.0
1765083830.67082,3.0
1765083830.6818314,3.0
1765083830.6928566,3.0
1765083830.7037504,3.0
1765083830.7146761,3.0
1765083830.7258456,3.0
1765083830.7367375,3.0
1765083830.7476664,3.0
1765083830.758585,3.0
1765083830.769442,3.0
1765083830.7803953,3.0
1765083830.7913318,3.0
1765083830.8022087,3.0
1765083830.8131735,3.0
1765083830.8240116,3.0
1765083830.8361185,3.0
1765083830.847011,3.0
1765083830.8579617,3.0
1765083830.8688638,3.0
1765083830.8797312,3.0
1765083830.8906069,3.0
1765083830.9015226,3.0
1765083830.9124775,3.0
1765083830.923416,3.0
1765083830.9345589,3.0
1765083830.9454577,3.0
1765083830.9563718,3.0
1765083830.9672399,3.0
1765083830.978123,3.0
1765083830.9890392,3.0
1765083830.999931,3.0
1765083831.0108142,3.0
1765083831.0217519,3.0
1765083831.032766,3.0
1765083831.0436516,3.0
1765083831.0545316,3.0
1765083831.0654187,3.0
1765083831.076328,3.0
1765083831.0872095,3.0
1765083831.0981305,3.0
1765083831.1090128,3.0
1765083831.1198926,3.0
1765083831.130905,3.0
1765083831.1418009,3.0
1765083831.1527908,3.0
1765083831.163717,3.0
1765083831.1746016,3.0
1765083831.185554,3.0
1765083831.1965623,3.0
1765083831.2074487,3.0
1765083831.2183537,3.0
1765083831.2292721,3.0
1765083831.24015,3.0
1765083831.2510133,3.0
1765083831.2619083,3.0
1765083831.2727695,3.0
1765083831.2836509,3.0
1765083831.2945359,3.0
1765083831.3054276,3.0
1765083831.3163412,3.0
1765083831.327205,3.0
1765083831.3381305,3.0
1765083831.349046,3.0
1765083831.3599272,3.0
1765083831.3708024,3.0
1765083831.381703,3.0
1765083831.3925822,3.0
1765083831.4036286,3.0
1765083831.4145439,3.0
1765083831.425446,3.0
1765083831.436395,3.0
1765083831.44735,3.0
1765083831.4582078,3.0
1765083831.469097,3.0
1765083831.479983,3.0
1765083831.4909213,3.0
1765083831.5017893,3.0
1765083831.5127034,3.0
1765083831.5236175,3.0
1765083831.5345364,3.0
1765083831.5454667,3.0
1765083831.5563831,3.0
1765083831.5672991,3.0
1765083831.5781534,3.0
1765083831.5891466,3.0
1765083831.600011,3.0
1765083831.6108851,3.0
1765083831.6217918,3.0
1765083831.632723,3.0
1765083831.643602,3.0
1765083831.654706,3.0
1765083831.6656182,3.0
1765083831.6766222,3.0
1765083831.6877525,3.0
1765083831.6986966,3.0
1765083831.709618,3.0
1765083831.7205803,3.0
1765083831.7314339,3.0
1765083831.7423515,3.0
1765083831.7531905,3.0
1765083831.7641053,3.0
1765083831.7750006,3.0
1765083831.7859275,3.0
1765083831.7969482,3.0
1765083831.8078067,3.0
1765083831.8186862,3.0
1765083831.82962,3.0
1765083831.841543,3.0
1765083831.8524482,3.0
1765083831.8633637,3.0
1765083831.8743289,3.0
1765083831.885106,3.0
1765083831.8960974,3.0
1765083831.906968,3.0
1765083831.9178636,3.0
1765083831.9287138,3.0
1765083831.9396145,3.0
1765083831.950644,3.0
1765083831.9615324,3.0
1765083831.9724176,3.0
1765083831.9832816,3.0
1765083831.994131,3.0
1765083832.0050244,3.0
1765083832.016078,3.0
1765083832.0269709,3.0
1765083832.0378788,3.0
1765083832.0487213,3.0
1765083832.0596697,3.0
1765083832.0705853,3.0
1765083832.08156,3.0
1765083832.0925324,3.0
1765083832.1033764,3.0
1765083832.1142457,3.0
1765083832.1251695,3.0
1765083832.1360624,3.0
1765083832.1469662,3.0
1765083832.1578972,3.0
1765083832.1687484,3.0
1765083832.1797025,3.0
1765083832.190604,3.0
1765083832.201485,3.0
1765083832.2124155,3.0
1765083832.2232778,3.0
1765083832.2341518,3.0
1765083832.2450004,3.0
1765083832.255922,3.0
1765083832.2668147,3.0
1765083832.2777076,3.0
1765083832.2885678,3.0
1765083832.2994223,3.0
1765083832.3103065,3.0
1765083832.321196,3.0
1765083832.3319993,3.0
1765083832.342936,3.0
1765083832.3538547,3.0
1765083832.3648036,3.0
1765083832.3757539,3.0
1765083832.386836,3.0
1765083832.398172,3.0
1765083832.4090922,3.0
1765083832.4200754,3.0
1765083832.430915,3.0
1765083832.4417078,3.0
1765083832.452669,3.0
1765083832.4636261,3.0
1765083832.4745574,3.0
1765083832.4854627,3.0
1765083832.4965792,3.0
1765083832.5075464,3.0
1765083832.5184755,3.0
1765083832.5294633,3.0
1765083832.5405405,3.0
1765083832.5515049,3.0
1765083832.5626147,3.0
1765083832.5736272,3.0
1765083832.5845947,3.0
1765083832.5955987,3.0
1765083832.60653,3.0
1765083832.6175447,3.0
1765083832.6283963,3.0
1765083832.6393456,3.0
1765083832.650674,3.0
1765083832.6615336,3.0
1765083832.6724367,3.0
1765083832.6834972,3.0
1765083832.6943421,3.0
1765083832.7052698,3.0
1765083832.71614,3.0
1765083832.7272434,3.0
1765083832.73816,3.0
1765083832.7490165,3.0
1765083832.7600229,3.0
1765083832.770895,3.0
1765083832.781795,3.0
1765083832.7927263,3.0
1765083832.803623,3.0
1765083832.8146317,3.0
1765083832.8256724,3.0
1765083832.8378437,3.0
1765083832.8488724,3.0
1765083832.8597653,3.0
1765083832.8706508,3.0
1765083832.881546,3.0
1765083832.892427,3.0
1765083832.9033225,3.0
1765083832.9145901,3.0
1765083832.9258068,3.0
1765083832.9368353,3.0
1765083832.9479249,3.0
1765083832.9589045,3.0
1765083832.9699278,3.0
1765083832.981299,3.0
1765083832.9921863,3.0
1765083833.0031793,3.0
1765083833.0140862,3.0
1765083833.0250566,3.0
1765083833.035996,3.0
1765083833.0469666,3.0
1765083833.0579035,3.0
1765083833.068873,3.0
1765083833.0798194,3.0
1765083833.0907826,3.0
1765083833.1017106,3.0
1765083833.1126711,3.0
1765083833.1236424,3.0
1765083833.1346827,3.0
1765083833.145609,3.0
1765083833.1565216,3.0
1765083833.167504,3.0
1765083833.1784573,3.0
1765083833.1893792,3.0
1765083833.200365,3.0
1765083833.2114165,3.0
1765083833.2223518,3.0
1765083833.2333624,3.0
1765083833.2443388,3.0
1765083833.255225,3.0
1765083833.2661986,3.0
1765083833.2771134,3.0
1765083833.2880394,3.0
1765083833.2989578,3.0
1765083833.3099952,3.0
1765083833.3209295,3.0
1765083833.3319542,3.0
1765083833.3428867,3.0
1765083833.3537955,3.0
1765083833.3647425,3.0
1765083833.3756585,3.0
1765083833.3865564,3.0
1765083833.397782,3.0
1765083833.4087625,3.0
1765083833.419707,3.0
1765083833.4307547,3.0
1765083833.4417436,3.0
1765083833.452569,3.0
1765083833.463537,3.0
1765083833.4744766,3.0
1765083833.4853907,3.0
1765083833.496588,3.0
1765083833.507498,3.0
1765083833.5184965,3.0
1765083833.529449,3.0
1765083833.5403526,3.0
1765083833.5512543,3.0
1765083833.5621946,3.0
1765083833.5732152,3.0
1765083833.5841289,3.0
1765083833.5950944,3.0
1765083833.606008,3.0
1765083833.616955,3.0
1765083833.6278815,3.0
1765083833.6389189,3.0
1765083833.6499934,3.0
1765083833.661014,3.0
1765083833.6719413,3.0
1765083833.682994,3.0
1765083833.6939301,3.0
1765083833.7048445,3.0
1765083833.7158253,3.0
1765083833.726879,3.0
1765083833.7378142,3.0
1765083833.7487962,3.0
1765083833.7597299,3.0
1765083833.7706828,3.0
1765083833.781593,3.0
1765083833.7925537,3.0
1765083833.8034742,3.0
1765083833.8143697,3.0
1765083833.8253706,3.0
1765083833.8375776,3.0
1765083833.848624,3.0
1765083833.8595765,3.0
1765083833.8704677,3.0
1765083833.8814344,3.0
1765083833.8923922,3.0
1765083833.9033332,3.0
1765083833.9142997,3.0
1765083833.9251869,3.0
1765083833.9361582,3.0
1765083833.9470408,3.0
1765083833.9580114,3.0
1765083833.968967,3.0
1765083833.9798884,3.0
1765083833.9908514,3.0
1765083834.0018647,3.0
1765083834.0127711,3.0
1765083834.0237074,3.0
1765083834.0346665,3.0
1765083834.0455678,3.0
1765083834.0565135,3.0
1765083834.0674415,3.0
1765083834.078416,3.0
1765083834.089365,3.0
1765083834.1001678,3.0
1765083834.1110098,3.0
1765083834.1218934,3.0
1765083834.1328933,3.0
1765083834.143824,3.0
1765083834.154746,3.0
1765083834.165714,3.0
1765083834.1771035,3.0
1765083834.1879582,3.0
1765083834.1989746,3.0
1765083834.2098956,3.0
1765083834.2207818,3.0
1765083834.2317023,3.0
1765083834.2427168,3.0
1765083834.253626,3.0
1765083834.2645543,3.0
1765083834.2754962,3.0
1765083834.2864478,3.0
1765083834.2973962,3.0
1765083834.3083775,3.0
1765083834.3193536,3.0
1765083834.3303335,3.0
1765083834.3412526,3.0
1765083834.3522415,3.0
1765083834.363118,3.0
1765083834.3741133,3.0
1765083834.3850486,3.0
1765083834.3963933,3.0
1765083834.4073584,3.0
1765083834.4182713,3.0
1765083834.4292188,3.0
1765083834.4401343,3.0
1765083834.451106,3.0
1765083834.4620085,3.0
1765083834.4729314,3.0
1765083834.4839094,3.0
1765083834.4949255,3.0
1765083834.505814,3.0
1765083834.5168302,3.0
1765083834.5277174,3.0
1765083834.5386932,3.0
1765083834.5495934,3.0
1765083834.5605037,3.0
1765083834.5714827,3.0
1765083834.5823982,3.0
1765083834.5933137,3.0
1765083834.6043541,3.0
1765083834.615229,3.0
1765083834.626108,3.0
1765083834.6370218,3.0
1765083834.648579,3.0
1765083834.6595256,3.0
1765083834.6704428,3.0
1765083834.681625,3.0
1765083834.6925833,3.0
1765083834.703523,3.0
1765083834.7144368,3.0
1765083834.7256277,3.0
1765083834.7365513,3.0
1765083834.7475057,3.0
1765083834.7584853,3.0
1765083834.769436,3.0
1765083834.780375,3.0
1765083834.791295,3.0
1765083834.8021798,3.0
1765083834.8131309,3.0
1765083834.8240685,3.0
1765083834.8362255,3.0
1765083834.8470554,3.0
1765083834.8580503,3.0
1765083834.8690336,3.0
1765083834.8799572,3.0
1765083834.8908732,3.0
1765083834.901773,3.0
1765083834.9127629,3.0
1765083834.9236605,3.0
1765083834.9346166,3.0
1765083834.9456623,3.0
1765083834.9566736,3.0
1765083834.967566,3.0
1765083834.9785228,3.0
1765083834.989493,3.0
1765083835.0004048,3.0
1765083835.0113683,3.0
1765083835.0223317,3.0
1765083835.0336862,3.0
1765083835.0447094,3.0
1765083835.0556693,3.0
1765083835.066609,3.0
1765083835.077565,3.0
1765083835.0885293,3.0
1765083835.0995502,3.0
1765083835.1105134,3.0
1765083835.1214356,3.0
1765083835.1324453,3.0
1765083835.143344,3.0
1765083835.1542854,3.0
1765083835.1652076,3.0
1765083835.1761737,3.0
1765083835.1870918,3.0
1765083835.1979997,3.0
1765083835.2089515,3.0
1765083835.2199638,3.0
1765083835.2308908,3.0
1765083835.24189,3.0
1765083835.2528074,3.0
1765083835.2637174,3.0
1765083835.2746081,3.0
1765083835.285548,3.0
1765083835.2964811,3.0
1765083835.307386,3.0
1765083835.3183482,3.0
1765083835.329373,3.0
1765083835.3402834,3.0
1765083835.351244,3.0
1765083835.3621314,3.0
1765083835.3731449,3.0
1765083835.384083,3.0
1765083835.3950434,3.0
1765083835.4062223,3.0
1765083835.4171925,3.0
1765083835.4281225,3.0
1765083835.4390314,3.0
1765083835.4500027,3.0
1765083835.4609513,3.0
1765083835.4718862,3.0
1765083835.482855,3.0
1765083835.4939632,3.0
1765083835.5048928,3.0
1765083835.5158267,3.0
1765083835.5267396,3.0
1765083835.5376384,3.0
1765083835.5486047,3.0
1765083835.559523,3.0
1765083835.570462,3.0
1765083835.581253,3.0
1765083835.5921717,3.0
1765083835.6032345,3.0
1765083835.6141026,3.0
1765083835.6250043,3.0
1765083835.635994,3.0
1765083835.6473868,3.0
1765083835.658187,3.0
1765083835.6691785,3.0
1765083835.6800573,3.0
1765083835.6912317,3.0
1765083835.702165,3.0
1765083835.7131004,3.0
1765083835.7242393,3.0
1765083835.735157,3.0
1765083835.74627,3.0
1765083835.757173,3.0
1765083835.7680721,3.0
1765083835.7789893,3.0
1765083835.7899742,3.0
1765083835.800969,3.0
1765083835.811934,3.0
1765083835.8228686,3.0
1765083835.8337862,3.0
1765083835.8461196,3.0
1765083835.8571277,3.0
1765083835.8680444,3.0
1765083835.8790374,3.0
1765083835.889962,3.0
1765083835.900984,3.0
1765083835.9119823,3.0
1765083835.9229367,3.0
1765083835.93385,3.0
1765083835.9447582,3.0
1765083835.9557316,3.0
1765083835.9666727,3.0
1765083835.9775655,3.0
1765083835.9885538,3.0
1765083835.999673,3.0
1765083836.0105617,3.0
1765083836.0214744,3.0
1765083836.0324266,3.0
1765083836.0433438,3.0
1765083836.0542521,3.0
1765083836.0652113,3.0
1765083836.076146,3.0
1765083836.0870798,3.0
1765083836.0980456,3.0
1765083836.1089733,3.0
1765083836.1199737,3.0
1765083836.1309888,3.0
1765083836.1419315,3.0
1765083836.1529562,3.0
1765083836.1639097,3.0
1765083836.1748033,3.0
1765083836.1858053,3.0
1765083836.196692,3.0
1765083836.2076979,3.0
1765083836.2185974,3.0
1765083836.2294993,3.0
1765083836.2404692,3.0
1765083836.251364,3.0
1765083836.2622528,3.0
1765083836.2732408,3.0
1765083836.2841654,3.0
1765083836.2950914,3.0
1765083836.3059924,3.0
1765083836.3169453,3.0
1765083836.3278432,3.0
1765083836.338771,3.0
1765083836.349801,3.0
1765083836.3607652,3.0
1765083836.371634,3.0
1765083836.38256,3.0
1765083836.3935509,3.0
1765083836.4047694,3.0
1765083836.4156578,3.0
1765083836.4266365,3.0
1765083836.437522,3.0
1765083836.448465,3.0
1765083836.4593976,3.0
1765083836.4703534,3.0
1765083836.4812405,3.0
1765083836.492315,3.0
1765083836.5031762,3.0
1765083836.514082,3.0
1765083836.5250535,3.0
1765083836.535936,3.0
1765083836.5469134,3.0
1765083836.5578244,3.0
1765083836.5702045,3.0
1765083836.5802362,2.0
1765083836.5902727,2.0
1765083836.6003184,2.0
1765083836.6104178,2.0
1765083836.620431,2.0
1765083836.6353216,3.0
1765083836.6455877,2.0
1765083836.6555908,2.0
1765083836.6656404,2.0
1765083836.6756408,2.0
1765083836.6857457,2.0
1765083836.6957955,2.0
1765083836.7058287,2.0
1765083836.7158518,2.0
1765083836.7260756,2.0
1765083836.7360911,2.0
1765083836.7460988,2.0
1765083836.7561464,2.0
1765083836.7661645,2.0
1765083836.781043,3.0
1765083836.7910836,2.0
1765083836.8060048,3.0
1765083836.8160825,2.0
1765083836.8309913,3.0
1765083836.841763,2.0
1765083836.8519578,2.0
1765083836.8668683,3.0
1765083836.8769362,2.0
1765083836.8869689,2.0
1765083836.897098,2.0
1765083836.9071271,2.0
1765083836.9172208,2.0
1765083836.9320989,3.0
1765083836.9469976,3.0
1765083836.9570346,2.0
1765083836.9719174,3.0
1765083836.9819305,2.0
1765083836.9919503,2.0
1765083837.001979,2.0
1765083837.016878,3.0
1765083837.0317864,3.0
1765083837.0418067,2.0
1765083837.0518575,2.0
1765083837.0618758,2.0
1765083837.0720034,2.0
1765083837.082365,2.0
1765083837.097254,3.0
1765083837.107281,2.0
1765083837.1221445,3.0
1765083837.132195,2.0
1765083837.1423886,2.0
1765083837.1572974,3.0
1765083837.1722257,3.0
1765083837.1822455,2.0
1765083837.1922948,2.0
1765083837.2023017,2.0
1765083837.2123034,2.0
1765083837.2224734,2.0
1765083837.2373664,3.0
1765083837.2522724,3.0
1765083837.2671108,3.0
1765083837.2819657,3.0
1765083837.2968512,3.0
1765083837.3116393,3.0
1765083837.3264754,3.0
1765083837.341334,3.0
1765083837.3562233,3.0
1765083837.3710492,3.0
1765083837.385892,3.0
1765083837.4008877,3.0
1765083837.4157152,3.0
1765083837.4305348,3.0
1765083837.4453568,3.0
1765083837.4553845,2.0
1765083837.4654036,2.0
1765083837.4802825,3.0
1765083837.4903371,2.0
1765083837.5051723,3.0
1765083837.5200503,3.0
1765083837.5349004,3.0
1765083837.5449922,2.0
1765083837.5563793,2.0
1765083837.5664954,2.0
1765083837.5813227,3.0
1765083837.596147,3.0
1765083837.611017,3.0
1765083837.6258883,3.0
1765083837.6359367,2.0
1765083837.6460874,2.0
1765083837.6561775,2.0
1765083837.6710656,3.0
1765083837.6810749,2.0
1765083837.6912265,2.0
1765083837.7060692,3.0
1765083837.7209659,3.0
1765083837.7358031,3.0
1765083837.7506413,3.0
1765083837.760645,2.0
1765083837.775522,3.0
1765083837.7903996,3.0
1765083837.8052704,3.0
1765083837.8153322,2.0
1765083837.83017,3.0
1765083837.8411794,2.0
1765083837.8559546,3.0
1765083837.8708127,3.0
1765083837.8857188,3.0
1765083837.9005945,3.0
1765083837.9154592,3.0
1765083837.9303374,3.0
1765083837.9404116,2.0
1765083837.9504206,2.0
1765083837.9652574,3.0
1765083837.98015,3.0
1765083837.9950092,3.0
1765083838.0099015,3.0
1765083838.0247767,3.0
1765083838.0348003,2.0
1765083838.044836,2.0
1765083838.0597312,3.0
1765083838.0698102,2.0
1765083838.084719,3.0
1765083838.0994747,3.0
1765083838.1094913,2.0
1765083838.1243322,3.0
1765083838.1343358,2.0
1765083838.1491785,3.0
1765083838.1640418,3.0
1765083838.178898,3.0
1765083838.1937299,3.0
1765083838.2085986,3.0
1765083838.2234766,3.0
1765083838.2334876,2.0
1765083838.243514,2.0
1765083838.2583861,3.0
1765083838.273301,3.0
1765083838.28331,2.0
1765083838.2981768,3.0
1765083838.313021,3.0
1765083838.3279345,3.0
1765083838.3428128,3.0
1765083838.3577147,3.0
1765083838.3725598,3.0
1765083838.3874424,3.0
1765083838.4023876,3.0
1765083838.4172084,3.0
1765083838.4320486,3.0
1765083838.442059,2.0
1765083838.456893,3.0
1765083838.4717782,3.0
1765083838.4818833,2.0
1765083838.4919505,2.0
1765083838.5067642,3.0
1765083838.5216494,3.0
1765083838.5364728,3.0
1765083838.5513575,3.0
1765083838.561408,2.0
1765083838.5762863,3.0
1765083838.5911438,3.0
1765083838.6059837,3.0
1765083838.6160264,2.0
1765083838.630884,3.0
1765083838.6457715,3.0
1765083838.6558018,2.0
1765083838.665832,2.0
1765083838.6758351,2.0
1765083838.68584,2.0
1765083838.6958451,2.0
1765083838.7107403,3.0
1765083838.7208464,2.0
1765083838.7356734,3.0
1765083838.750528,3.0
1765083838.765412,3.0
1765083838.7803092,3.0
1765083838.795123,3.0
1765083838.8100128,3.0
1765083838.824933,3.0
1765083838.840783,3.0
1765083838.8556478,3.0
1765083838.8656714,2.0
1765083838.8757102,2.0
1765083838.8857372,2.0
1765083838.9005737,3.0
1765083838.9154732,3.0
1765083838.9255073,2.0
1765083838.9403718,3.0
1765083838.9552221,3.0
1765083838.9701047,3.0
1765083838.9849918,3.0
1765083838.9998744,3.0
1765083839.0147643,3.0
1765083839.0247684,2.0
1765083839.0395951,3.0
1765083839.0496135,2.0
1765083839.0644782,3.0
1765083839.079337,3.0
1765083839.0942092,3.0
1765083839.1090748,3.0
1765083839.1244154,3.0
1765083839.1392314,3.0
1765083839.1540859,3.0
1765083839.1690035,3.0
1765083839.1839929,3.0
1765083839.1988418,3.0
1765083839.213705,3.0
1765083839.228536,3.0
1765083839.243417,3.0
1765083839.258289,3.0
1765083839.2731633,3.0
1765083839.288089,3.0
1765083839.3030014,3.0
1765083839.317893,3.0
1765083839.3279781,2.0
1765083839.3428273,3.0
1765083839.3576734,3.0
1765083839.3725522,3.0
1765083839.3874042,3.0
1765083839.4024456,3.0
1765083839.417324,3.0
1765083839.4321787,3.0
1765083839.447062,3.0
1765083839.4619367,3.0
1765083839.476819,3.0
1765083839.4918616,3.0
1765083839.5067081,3.0
1765083839.516764,2.0
1765083839.531614,3.0
1765083839.5465007,3.0
1765083839.5613961,3.0
1765083839.5762277,3.0
1765083839.5911038,3.0
1765083839.6011071,2.0
1765083839.61597,3.0
1765083839.6260345,2.0
1765083839.6409204,3.0
1765083839.6511257,2.0
1765083839.6659782,3.0
1765083839.6760204,2.0
1765083839.6860254,2.0
1765083839.7008665,3.0
1765083839.715752,3.0
1765083839.725787,2.0
1765083839.7406693,3.0
1765083839.7555437,3.0
1765083839.7704515,3.0
1765083839.7853072,3.0
1765083839.8001792,3.0
1765083839.8150437,3.0
1765083839.8299372,3.0
1765083839.8408246,2.0
1765083839.8508556,2.0
1765083839.8657262,3.0
1765083839.875733,2.0
1765083839.8906262,3.0
1765083839.9054904,3.0
1765083839.9203773,3.0
1765083839.9352365,3.0
1765083839.9500952,3.0
1765083839.9649677,3.0
1765083839.9749928,2.0
1765083839.989802,3.0
1765083840.0046713,3.0
1765083840.0195634,3.0
1765083840.034407,3.0
1765083840.0492897,3.0
1765083840.0641284,3.0
1765083840.0790393,3.0
1765083840.0939467,3.0
1765083840.1088307,3.0
1765083840.123751,3.0
1765083840.1337795,2.0
1765083840.148666,3.0
1765083840.1635396,3.0
1765083840.1784,3.0
1765083840.188434,2.0
1765083840.203328,3.0
1765083840.21821,3.0
1765083840.233075,3.0
1765083840.2480068,3.0
1765083840.2628248,3.0
1765083840.2728477,2.0
1765083840.2877264,3.0
1765083840.3025923,3.0
1765083840.317454,3.0
1765083840.332298,3.0
1765083840.342328,2.0
1765083840.357165,3.0
1765083840.3720472,3.0
1765083840.3868992,3.0
1765083840.4021306,3.0
1765083840.416988,3.0
1765083840.4318383,3.0
1765083840.4466805,3.0
1765083840.456688,2.0
1765083840.4715598,3.0
1765083840.4864285,3.0
1765083840.4964435,2.0
1765083840.5113401,3.0
1765083840.526177,3.0
1765083840.5410535,3.0
1765083840.5559428,3.0
1765083840.5659497,2.0
1765083840.5807962,3.0
1765083840.5956883,3.0
1765083840.6105373,3.0
1765083840.6254065,3.0
1765083840.6354597,2.0
1765083840.6455061,2.0
1765083840.6555235,2.0
1765083840.6703458,3.0
1765083840.6804185,2.0
1765083840.6953375,3.0
1765083840.7101808,3.0
1765083840.7201846,2.0
1765083840.7350154,3.0
1765083840.7498927,3.0
1765083840.7648098,3.0
1765083840.7796984,3.0
1765083840.7896993,2.0
1765083840.8045638,3.0
1765083840.8194568,3.0
1765083840.829508,2.0
1765083840.840534,2.0
1765083840.855351,3.0
1765083840.8702972,3.0
1765083840.885143,3.0
1765083840.9000418,3.0
1765083840.9149113,3.0
1765083840.9249277,2.0
1765083840.9397333,3.0
1765083840.9545653,3.0
1765083840.9645925,2.0
1765083840.9794297,3.0
1765083840.9942906,3.0
1765083841.0091643,3.0
1765083841.0239995,3.0
1765083841.0388844,3.0
1765083841.0488877,2.0
1765083841.0637727,3.0
1765083841.078618,3.0
1765083841.093547,3.0
1765083841.1084285,3.0
1765083841.123294,3.0
1765083841.1381102,3.0
1765083841.152954,3.0
1765083841.1678593,3.0
1765083841.1782203,2.0
1765083841.1930754,3.0
1765083841.2079482,3.0
1765083841.2228508,3.0
1765083841.2376761,3.0
1765083841.2476883,2.0
1765083841.2625198,3.0
1765083841.2774127,3.0
1765083841.292301,3.0
1765083841.3023534,2.0
1765083841.31719,3.0
1765083841.3272414,2.0
1765083841.3421197,3.0
1765083841.3569732,3.0
1765083841.3718066,3.0
1765083841.3866959,3.0
1765083841.401964,3.0
1765083841.4167993,3.0
1765083841.4316723,3.0
1765083841.4418626,2.0
1765083841.456722,3.0
1765083841.4716105,3.0
1765083841.4864721,3.0
1765083841.5013578,3.0
1765083841.5162265,3.0
1765083841.5262284,2.0
1765083841.5410998,3.0
1765083841.5511334,2.0
1765083841.5611515,2.0
1765083841.5711565,2.0
1765083841.581187,2.0
1765083841.5912275,2.0
1765083841.6012459,2.0
1765083841.6112556,2.0
1765083841.6212695,2.0
1765083841.6313407,2.0
1765083841.641402,2.0
1765083841.651687,2.0
1765083841.666565,3.0
1765083841.676574,2.0
1765083841.6867385,2.0
1765083841.6967387,2.0
1765083841.7116487,3.0
1765083841.7217612,2.0
1765083841.7366886,3.0
1765083841.7467775,2.0
1765083841.7567873,2.0
1765083841.7668018,2.0
1765083841.7768404,2.0
1765083841.7868516,2.0
1765083841.796867,2.0
1765083841.806882,2.0
1765083841.8169444,2.0
1765083841.8269699,2.0
1765083841.838108,2.0
1765083841.8481271,2.0
1765083841.8581588,2.0
1765083841.8730955,3.0
1765083841.8880186,3.0
1765083841.898034,2.0
1765083841.912926,3.0
1765083841.922957,2.0
1765083841.9329593,2.0
1765083841.9429965,2.0
1765083841.95793,3.0
1765083841.9728317,3.0
1765083841.9877775,3.0
1765083841.9977942,2.0
1765083842.007965,2.0
1765083842.0179827,2.0
1765083842.0281017,2.0
1765083842.0430405,3.0
1765083842.0530534,2.0
1765083842.0679722,3.0
1765083842.078004,2.0
1765083842.088012,2.0
1765083842.1029341,3.0
1765083842.1129858,2.0
1765083842.1230488,2.0
1765083842.133071,2.0
1765083842.1431968,2.0
1765083842.1532128,2.0
1765083842.163214,2.0
1765083842.173292,2.0
1765083842.1882114,3.0
1765083842.1982303,2.0
1765083842.2082412,2.0
1765083842.2182846,2.0
1765083842.228394,2.0
1765083842.2384434,2.0
1765083842.2484558,2.0
1765083842.2633867,3.0
1765083842.2734025,2.0
1765083842.2883592,3.0
1765083842.2984164,2.0
1765083842.313355,3.0
1765083842.328317,3.0
1765083842.3383727,2.0
1765083842.3532865,3.0
1765083842.3633046,2.0
1765083842.3781905,3.0
1765083842.3883138,2.0
1765083842.398338,2.0
1765083842.4086504,2.0
1765083842.418656,2.0
1765083842.4335737,3.0
1765083842.443696,2.0
1765083842.4538147,2.0
1765083842.4638526,2.0
1765083842.4739888,2.0
1765083842.4888852,3.0
1765083842.4989583,2.0
1765083842.5138772,3.0
1765083842.523938,2.0
1765083842.5388618,3.0
1765083842.5488782,2.0
1765083842.5589101,2.0
1765083842.568933,2.0
1765083842.5789917,2.0
1765083842.5890126,2.0
1765083842.599035,2.0
1765083842.6091146,2.0
1765083842.6191363,2.0
1765083842.6292224,2.0
1765083842.6441357,3.0
1765083842.6543121,2.0
1765083842.6643262,2.0
1765083842.6743448,2.0
1765083842.684571,2.0
1765083842.6994786,3.0
1765083842.7143953,3.0
1765083842.724527,2.0
1765083842.7394185,3.0
1765083842.7494373,2.0
1765083842.7594626,2.0
1765083842.7743874,3.0
1765083842.784418,2.0
1765083842.794444,2.0
1765083842.8044987,2.0
1765083842.8146307,2.0
1765083842.8246586,2.0
1765083842.8359263,2.0
1765083842.8459747,2.0
1765083842.856021,2.0
1765083842.8660398,2.0
1765083842.8760684,2.0
1765083842.8860726,2.0
1765083842.8961568,2.0
1765083842.9111085,3.0
1765083842.9211497,2.0
1765083842.9311733,2.0
1765083842.9460928,3.0
1765083842.9561296,2.0
1765083842.9661655,2.0
1765083842.9762008,2.0
1765083842.9862232,2.0
1765083842.9962509,2.0
1765083843.006288,2.0
1765083843.0162911,2.0
1765083843.0263026,2.0
1765083843.0363271,2.0
1765083843.0463617,2.0
1765083843.0563877,2.0
1765083843.0665057,2.0
1765083843.0765202,2.0
1765083843.0865498,2.0
1765083843.096577,2.0
1765083843.1066134,2.0
1765083843.116659,2.0
1765083843.1267653,2.0
1765083843.1367683,2.0
1765083843.146779,2.0
1765083843.1568422,2.0
1765083843.1668806,2.0
1765083843.1769757,2.0
1765083843.1869848,2.0
1765083843.1969903,2.0
1765083843.2119293,3.0
1765083843.2221575,2.0
1765083843.2321591,2.0
1765083843.242197,2.0
1765083843.2522275,2.0
1765083843.262247,2.0
1765083843.272316,2.0
1765083843.2823346,2.0
1765083843.292399,2.0
1765083843.3024988,2.0
1765083843.3125207,2.0
1765083843.3274286,3.0
1765083843.3423395,3.0
1765083843.352445,2.0
1765083843.362473,2.0
1765083843.37738,3.0
1765083843.3874338,2.0
1765083843.3974636,2.0
1765083843.4077566,2.0
1765083843.4177608,2.0
1765083843.4326544,3.0
1765083843.442684,2.0
1765083843.4527068,2.0
1765083843.4627254,2.0
1765083843.472766,2.0
1765083843.482779,2.0
1765083843.492911,2.0
1765083843.5030487,2.0
1765083843.5130563,2.0
1765083843.5230968,2.0
1765083843.5331023,2.0
1765083843.5431573,2.0
1765083843.5580971,3.0
1765083843.5681431,2.0
1765083843.5782006,2.0
1765083843.5882273,2.0
1765083843.5982435,2.0
1765083843.608279,2.0
1765083843.6182952,2.0
1765083843.6282966,2.0
1765083843.638307,2.0
1765083843.6485753,2.0
1765083843.6586483,2.0
1765083843.6686964,2.0
1765083843.678814,2.0
1765083843.688941,2.0
1765083843.698971,2.0
1765083843.7090082,2.0
1765083843.719063,2.0
1765083843.7290955,2.0
1765083843.739107,2.0
1765083843.7491963,2.0
1765083843.7641387,3.0
1765083843.774149,2.0
1765083843.784156,2.0
1765083843.794158,2.0
1765083843.8042212,2.0
1765083843.814369,2.0
1765083843.8243754,2.0
1765083843.8343995,2.0
1765083843.8456342,2.0
1765083843.8556345,2.0
1765083843.8656788,2.0
1765083843.8805957,3.0
1765083843.8906643,2.0
1765083843.9008043,2.0
1765083843.9157138,3.0
1765083843.9306498,3.0
1765083843.9407012,2.0
1765083843.950729,2.0
1765083843.960738,2.0
1765083843.97076,2.0
1765083843.9856913,3.0
1765083843.9957027,2.0
1765083844.0057619,2.0
1765083844.0206563,3.0
1765083844.0306683,2.0
1765083844.04067,2.0
1765083844.0507717,2.0
1765083844.065678,3.0
1765083844.0757577,2.0
1765083844.0857966,2.0
1765083844.1007316,3.0
1765083844.1156373,3.0
1765083844.1256957,2.0
1765083844.135697,2.0
1765083844.1457944,2.0
1765083844.1607506,3.0
1765083844.1707976,2.0
1765083844.180811,2.0
1765083844.1911414,2.0
1765083844.2011929,2.0
1765083844.2114127,2.0
1765083844.2214327,2.0
1765083844.231471,2.0
1765083844.2414918,2.0
1765083844.2515135,2.0
1765083844.2615309,2.0
1765083844.2715552,2.0
1765083844.2816148,2.0
1765083844.2917027,2.0
1765083844.3017817,2.0
1765083844.3119237,2.0
1765083844.3219852,2.0
1765083844.3321283,2.0
1765083844.3422203,2.0
1765083844.3524017,2.0
1765083844.3626502,2.0
1765083844.3727086,2.0
1765083844.3828068,2.0
1765083844.3928874,2.0
1765083844.4029412,2.0
1765083844.4148705,2.0
1765083844.4297194,3.0
1765083844.439814,2.0
1765083844.449892,2.0
1765083844.459942,2.0
1765083844.4699779,2.0
1765083844.4800584,2.0
1765083844.4903116,2.0
1765083844.5003295,2.0
1765083844.5104043,2.0
1765083844.520442,2.0
1765083844.530601,2.0
1765083844.5406451,2.0
1765083844.5507276,2.0
1765083844.5607796,2.0
1765083844.5708337,2.0
1765083844.5808935,2.0
1765083844.5909348,2.0
1765083844.6010144,2.0
1765083844.6110811,2.0
1765083844.6211638,2.0
1765083844.6312,2.0
1765083844.6412573,2.0
1765083844.6514792,2.0
1765083844.6615396,2.0
1765083844.6764286,3.0
1765083844.686594,2.0
1765083844.6965945,2.0
1765083844.7066588,2.0
1765083844.716726,2.0
1765083844.7268913,2.0
1765083844.736962,2.0
1765083844.7518594,3.0
1765083844.7619717,2.0
1765083844.772046,2.0
1765083844.7821498,2.0
1765083844.7923725,2.0
1765083844.8024676,2.0
1765083844.8173764,3.0
1765083844.8274548,2.0
1765083844.8387384,2.0
1765083844.8490105,2.0
1765083844.8590505,2.0
1765083844.8691082,2.0
1765083844.879217,2.0
1765083844.889348,2.0
1765083844.8994312,2.0
1765083844.909494,2.0
1765083844.9195676,2.0
1765083844.9296467,2.0
1765083844.9397368,2.0
1765083844.949901,2.0
1765083844.959979,2.0
1765083844.970037,2.0
1765083844.9800944,2.0
1765083844.990183,2.0
1765083845.0002248,2.0
1765083845.0103302,2.0
1765083845.0204082,2.0
1765083845.0305812,2.0
1765083845.0406487,2.0
1765083845.0507152,2.0
1765083845.0607896,2.0
1765083845.0708501,2.0
1765083845.0809147,2.0
1765083845.091028,2.0
1765083845.105917,3.0
1765083845.115984,2.0
1765083845.126014,2.0
1765083845.1360815,2.0
1765083845.146156,2.0
1765083845.1564114,2.0
1765083845.16648,2.0
1765083845.1765316,2.0
1765083845.1865394,2.0
1765083845.1966066,2.0
1765083845.2066944,2.0
1765083845.216788,2.0
1765083845.226836,2.0
1765083845.236886,2.0
1765083845.2469618,2.0
1765083845.2570243,2.0
1765083845.267067,2.0
1765083845.277292,2.0
1765083845.287352,2.0
1765083845.2974672,2.0
1765083845.307507,2.0
1765083845.317533,2.0
1765083845.327595,2.0
1765083845.3377252,2.0
1765083845.3477917,2.0
1765083845.3578532,2.0
1765083845.372758,3.0
1765083845.3828013,2.0
1765083845.3929012,2.0
1765083845.4030192,2.0
1765083845.4234142,2.0
1765083845.4367337,2.0
1765083845.4516473,3.0
1765083845.4617333,2.0
1765083845.4718919,2.0
1765083845.481988,2.0
1765083845.4920409,2.0
1765083845.5021493,2.0
1765083845.5121963,2.0
1765083845.52233,2.0
1765083845.5323951,2.0
1765083845.5424733,2.0
1765083845.5525384,2.0
1765083845.5626361,2.0
1765083845.5726786,2.0
1765083845.5827746,2.0
1765083845.5928228,2.0
1765083845.602925,2.0
1765083845.6130714,2.0
1765083845.6231272,2.0
1765083845.6332252,2.0
1765083845.6433473,2.0
1765083845.6535275,2.0
1765083845.663667,2.0
1765083845.6737654,2.0
1765083845.6839101,2.0
1765083845.694018,2.0
1765083845.704089,2.0
1765083845.714176,2.0
1765083845.7243655,2.0
1765083845.7343752,2.0
1765083845.7444553,2.0
1765083845.75461,2.0
1765083845.7647917,2.0
1765083845.7748525,2.0
1765083845.7849612,2.0
1765083845.7950232,2.0
1765083845.805149,2.0
1765083845.8152325,2.0
1765083845.8252885,2.0
1765083845.836326,2.0
1765083845.8464372,2.0
1765083845.8564653,2.0
1765083845.8665068,2.0
1765083845.876726,2.0
1765083845.886797,2.0
1765083845.8968487,2.0
1765083845.9068854,2.0
1765083845.9169703,2.0
1765083845.9270172,2.0
1765083845.9370873,2.0
1765083845.9471772,2.0
1765083845.9572873,2.0
1765083845.9721942,3.0
1765083845.9822683,2.0
1765083845.992365,2.0
1765083846.0024529,2.0
1765083846.012518,2.0
1765083846.0225742,2.0
1765083846.0326993,2.0
1765083846.042741,2.0
1765083846.0528238,2.0
1765083846.0628388,2.0
1765083846.0729191,2.0
1765083846.0829968,2.0
1765083846.0930674,2.0
1765083846.1031535,2.0
1765083846.11324,2.0
1765083846.123257,2.0
1765083846.1333613,2.0
1765083846.1434858,2.0
1765083846.1535392,2.0
1765083846.163591,2.0
1765083846.173646,2.0
1765083846.1837158,2.0
1765083846.193779,2.0
1765083846.2038465,2.0
1765083846.2139432,2.0
1765083846.2240384,2.0
1765083846.2340827,2.0
1765083846.244119,2.0
1765083846.254187,2.0
1765083846.2642312,2.0
1765083846.2742932,2.0
1765083846.2843587,2.0
1765083846.2944155,2.0
1765083846.304497,2.0
1765083846.3146424,2.0
1765083846.3246827,2.0
1765083846.3347797,2.0
1765083846.344829,2.0
1765083846.3549068,2.0
1765083846.364988,2.0
1765083846.375072,2.0
1765083846.3851702,2.0
1765083846.3952038,2.0
1765083846.4052467,2.0
1765083846.4154804,2.0
1765083846.4255607,2.0
1765083846.435633,2.0
1765083846.4457004,2.0
1765083846.455765,2.0
1765083846.465842,2.0
1765083846.4759357,2.0
1765083846.485964,2.0
1765083846.4960344,2.0
1765083846.5060983,2.0
1765083846.5161693,2.0
1765083846.526187,2.0
1765083846.536406,2.0
1765083846.5464694,2.0
1765083846.5565157,2.0
1765083846.566595,2.0
1765083846.5766668,2.0
1765083846.5867395,2.0
1765083846.5990002,3.0
1765083846.6099331,3.0
1765083846.620804,3.0
1765083846.6316001,3.0
1765083846.642549,3.0
1765083846.6537652,3.0
1765083846.664671,3.0
1765083846.6757202,3.0
1765083846.6868942,3.0
1765083846.697742,3.0
1765083846.7086236,3.0
1765083846.719729,3.0
1765083846.7306676,3.0
1765083846.7415667,3.0
1765083846.75249,3.0
1765083846.7633312,3.0
1765083846.7741983,3.0
1765083846.7851484,3.0
1765083846.7960787,3.0
1765083846.8070016,3.0
1765083846.8179147,3.0
1765083846.82879,3.0
1765083846.8407857,3.0
1765083846.8517463,3.0
1765083846.862665,3.0
1765083846.8735342,3.0
1765083846.8844974,3.0
1765083846.8954043,3.0
1765083846.9063396,3.0
1765083846.9172747,3.0
1765083846.928129,3.0
1765083846.9390519,3.0
1765083846.9499388,3.0
1765083846.9609058,3.0
1765083846.9718645,3.0
1765083846.982776,3.0
1765083846.9936903,3.0
1765083847.0045984,3.0
1765083847.015604,3.0
1765083847.0264928,3.0
1765083847.0374265,3.0
1765083847.0483673,3.0
1765083847.0592701,3.0
1765083847.0701427,3.0
1765083847.081133,3.0
1765083847.0919929,3.0
1765083847.1028948,3.0
1765083847.1138005,3.0
1765083847.124714,3.0
1765083847.1355996,3.0
1765083847.1465359,3.0
1765083847.1574805,3.0
1765083847.1684046,3.0
1765083847.1793911,3.0
1765083847.1903455,3.0
1765083847.2012248,3.0
1765083847.212112,3.0
1765083847.2230244,3.0
1765083847.233983,3.0
1765083847.2449346,3.0
1765083847.2557936,3.0
1765083847.2667136,3.0
1765083847.277633,3.0
1765083847.288521,3.0
1765083847.2994175,3.0
1765083847.3103209,3.0
1765083847.3214982,3.0
1765083847.3324037,3.0
1765083847.3433049,3.0
1765083847.3541956,3.0
1765083847.3651223,3.0
1765083847.376012,3.0
1765083847.386922,3.0
1765083847.397844,3.0
1765083847.4089744,3.0
1765083847.4198644,3.0
1765083847.4307427,3.0
1765083847.4416611,3.0
1765083847.4525354,3.0
1765083847.463413,3.0
1765083847.474369,3.0
1765083847.485328,3.0
1765083847.4962828,3.0
1765083847.507224,3.0
1765083847.5181448,3.0
1765083847.5289972,3.0
1765083847.5398736,3.0
1765083847.5507848,3.0
1765083847.5617292,3.0
1765083847.5726357,3.0
1765083847.5836668,3.0
1765083847.595071,3.0
1765083847.6061258,3.0
1765083847.6170022,3.0
1765083847.6279392,3.0
1765083847.6388204,3.0
1765083847.649949,3.0
1765083847.6608264,3.0
1765083847.671724,3.0
1765083847.6827083,3.0
1765083847.6936438,3.0
1765083847.704546,3.0
1765083847.7154536,3.0
1765083847.7264943,3.0
1765083847.7373633,3.0
1765083847.748327,3.0
1765083847.7592459,3.0
1765083847.7701712,3.0
1765083847.781135,3.0
1765083847.7920444,3.0
1765083847.8029535,3.0
1765083847.8138607,3.0
1765083847.8247182,3.0
1765083847.8356733,3.0
1765083847.8480036,3.0
1765083847.858925,3.0
1765083847.8699124,3.0
1765083847.8808362,3.0
1765083847.8919182,3.0
1765083847.902944,3.0
1765083847.9138606,3.0
1765083847.9248443,3.0
1765083847.9357283,3.0
1765083847.94666,3.0
1765083847.9575708,3.0
1765083847.9685214,3.0
1765083847.9794607,3.0
1765083847.9904191,3.0
1765083848.0013378,3.0
1765083848.0122955,3.0
1765083848.0232406,3.0
1765083848.034201,3.0
1765083848.04514,3.0
1765083848.0560713,3.0
1765083848.0669944,3.0
1765083848.0779586,3.0
1765083848.0888748,3.0
1765083848.099779,3.0
1765083848.1108375,3.0
1765083848.1217484,3.0
1765083848.1327448,3.0
1765083848.1436584,3.0
1765083848.1545815,3.0
1765083848.1654873,3.0
1765083848.176426,3.0
1765083848.1873672,3.0
1765083848.1983783,3.0
1765083848.2092328,3.0
1765083848.220187,3.0
1765083848.231124,3.0
1765083848.24205,3.0
1765083848.2530181,3.0
1765083848.2640333,3.0
1765083848.2749128,3.0
1765083848.285799,3.0
1765083848.296795,3.0
1765083848.3077562,3.0
1765083848.3187299,3.0
1765083848.3296328,3.0
1765083848.3405652,3.0
1765083848.3515205,3.0
1765083848.3624418,3.0
1765083848.3733602,3.0
1765083848.384272,3.0
1765083848.3951657,3.0
1765083848.4060779,3.0
1765083848.417077,3.0
1765083848.4280684,3.0
1765083848.4389527,3.0
1765083848.449903,3.0
1765083848.4608102,3.0
1765083848.4718142,3.0
1765083848.482887,3.0
1765083848.493954,3.0
1765083848.5048752,3.0
1765083848.5158298,3.0
1765083848.5269132,3.0
1765083848.5378318,3.0
1765083848.5487905,3.0
1765083848.5597353,3.0
1765083848.570656,3.0
1765083848.5817547,3.0
1765083848.5926628,3.0
1765083848.6036556,3.0
1765083848.6145449,3.0
1765083848.6254945,3.0
1765083848.636399,3.0
1765083848.6476362,3.0
1765083848.6584647,3.0
1765083848.6693783,3.0
1765083848.6803281,3.0
1765083848.6913447,3.0
1765083848.7022367,3.0
1765083848.7131846,3.0
1765083848.724209,3.0
1765083848.7351065,3.0
1765083848.7460055,3.0
1765083848.7569168,3.0
1765083848.7678804,3.0
1765083848.7787607,3.0
1765083848.7896645,3.0
1765083848.800552,3.0
1765083848.8115919,3.0
1765083848.822558,3.0
1765083848.8347337,3.0
1765083848.8456547,3.0
1765083848.8565464,3.0
1765083848.8675954,3.0
1765083848.8785214,3.0
1765083848.889393,3.0
1765083848.9003189,3.0
1765083848.9112196,3.0
1765083848.9221628,3.0
1765083848.9331539,3.0
1765083848.944036,3.0
1765083848.9549787,3.0
1765083848.9658718,3.0
1765083848.9768128,3.0
1765083848.9877045,3.0
1765083848.9986124,3.0
1765083849.009512,3.0
1765083849.0204034,3.0
1765083849.0313573,3.0
1765083849.0423388,3.0
1765083849.0532403,3.0
1765083849.0641623,3.0
1765083849.0751112,3.0
1765083849.0860646,3.0
1765083849.0969918,3.0
1765083849.107935,3.0
1765083849.1188636,3.0
1765083849.1297417,3.0
1765083849.140654,3.0
1765083849.1515985,3.0
1765083849.1624894,3.0
1765083849.1734266,3.0
1765083849.1843014,3.0
1765083849.1954885,3.0
1765083849.2064822,3.0
1765083849.217376,3.0
1765083849.2282481,3.0
1765083849.2391777,3.0
1765083849.2501962,3.0
1765083849.2611835,3.0
1765083849.2720895,3.0
1765083849.2829745,3.0
1765083849.2938972,3.0
1765083849.3048,3.0
1765083849.315686,3.0
1765083849.326582,3.0
1765083849.3374872,3.0
1765083849.348442,3.0
1765083849.3593266,3.0
1765083849.3705273,3.0
1765083849.381426,3.0
1765083849.392406,3.0
1765083849.4033313,3.0
1765083849.4144285,3.0
1765083849.4253669,3.0
1765083849.436296,3.0
1765083849.4471974,3.0
1765083849.4580898,3.0
1765083849.4690256,3.0
1765083849.4799693,3.0
1765083849.4909852,3.0
1765083849.501821,3.0
1765083849.5127304,3.0
1765083849.5236654,3.0
1765083849.5345488,3.0
1765083849.5454607,3.0
1765083849.5563643,3.0
1765083849.5673041,3.0
1765083849.5781956,3.0
1765083849.5891805,3.0
1765083849.6000843,3.0
1765083849.6110253,3.0
1765083849.6219168,3.0
1765083849.6328502,3.0
1765083849.6437628,3.0
1765083849.654903,3.0
1765083849.6658447,3.0
1765083849.676673,3.0
1765083849.6877084,3.0
1765083849.6986697,3.0
1765083849.709588,3.0
1765083849.720567,3.0
1765083849.731532,3.0
1765083849.742423,3.0
1765083849.7533085,3.0
1765083849.7643516,3.0
1765083849.7752364,3.0
1765083849.786114,3.0
1765083849.7969868,3.0
1765083849.807999,3.0
1765083849.8188908,3.0
1765083849.8298035,3.0
1765083849.8421404,3.0
1765083849.852963,3.0
1765083849.8639078,3.0
1765083849.8749578,3.0
1765083849.885876,3.0
1765083849.8968608,3.0
1765083849.9077895,3.0
1765083849.9187627,3.0
1765083849.9296415,3.0
1765083849.9406643,3.0
1765083849.951544,3.0
1765083849.9624615,3.0
1765083849.9733915,3.0
1765083849.984307,3.0
1765083849.9952118,3.0
1765083850.00612,3.0
1765083850.017034,3.0
1765083850.0279577,3.0
1765083850.0388448,3.0
1765083850.0497727,3.0
1765083850.0606856,3.0
1765083850.071656,3.0
1765083850.0825725,3.0
1765083850.0935264,3.0
1765083850.104398,3.0
1765083850.115336,3.0
1765083850.1261733,3.0
1765083850.1370711,3.0
1765083850.1479828,3.0
1765083850.158866,3.0
1765083850.169733,3.0
1765083850.1805737,3.0
1765083850.1914787,3.0
1765083850.2023504,3.0
1765083850.2132359,3.0
1765083850.2240407,3.0
1765083850.2349236,3.0
1765083850.246042,3.0
1765083850.257145,3.0
1765083850.2682312,3.0
1765083850.2793207,3.0
1765083850.2902713,3.0
1765083850.3013127,3.0
1765083850.312275,3.0
1765083850.3232486,3.0
1765083850.33416,3.0
1765083850.3451653,3.0
1765083850.35616,3.0
1765083850.3670628,3.0
1765083850.3780854,3.0
1765083850.3890092,3.0
1765083850.399962,3.0
1765083850.4112225,3.0
1765083850.4221425,3.0
1765083850.433147,3.0
1765083850.444068,3.0
1765083850.455044,3.0
1765083850.4660032,3.0
1765083850.4769905,3.0
1765083850.4879122,3.0
1765083850.4989252,3.0
1765083850.5098627,3.0
1765083850.5207844,3.0
1765083850.5317132,3.0
1765083850.542667,3.0
1765083850.5536783,3.0
1765083850.5645742,3.0
1765083850.575474,3.0
1765083850.586424,3.0
1765083850.5973501,3.0
1765083850.6083567,3.0
1765083850.6192694,3.0
1765083850.6302385,3.0
1765083850.6411443,3.0
1765083850.6524355,3.0
1765083850.6633637,3.0
1765083850.6742563,3.0
1765083850.6854613,3.0
1765083850.6963952,3.0
1765083850.7073028,3.0
1765083850.7184088,3.0
1765083850.729402,3.0
1765083850.7403235,3.0
1765083850.751234,3.0
1765083850.7621868,3.0
1765083850.7731953,3.0
1765083850.7840796,3.0
1765083850.7949743,3.0
1765083850.8059416,3.0
1765083850.8168676,3.0
1765083850.8278666,3.0
1765083850.8399882,3.0
1765083850.850928,3.0
1765083850.8618972,3.0
1765083850.8728528,3.0
1765083850.8837347,3.0
1765083850.8946366,3.0
1765083850.905591,3.0
1765083850.916606,3.0
1765083850.927481,3.0
1765083850.9384592,3.0
1765083850.9493623,3.0
1765083850.9603193,3.0
1765083850.971302,3.0
1765083850.982293,3.0
1765083850.9931712,3.0
1765083851.0040953,3.0
1765083851.015039,3.0
1765083851.0259416,3.0
1765083851.0368094,3.0
1765083851.0477736,3.0
1765083851.05873,3.0
1765083851.06965,3.0
1765083851.0805326,3.0
1765083851.091485,3.0
1765083851.1023972,3.0
1765083851.113378,3.0
1765083851.1243305,3.0
1765083851.1352086,3.0
1765083851.1461346,3.0
1765083851.157112,3.0
1765083851.1680088,3.0
1765083851.1790228,3.0
1765083851.1899822,3.0
1765083851.2008798,3.0
1765083851.2118328,3.0
1765083851.2227643,3.0
1765083851.2337558,3.0
1765083851.2446442,3.0
1765083851.2555602,3.0
1765083851.2664688,3.0
1765083851.2774484,3.0
1765083851.2883718,3.0
1765083851.299341,3.0
1765083851.310275,3.0
1765083851.3213677,3.0
1765083851.332247,3.0
1765083851.3431356,3.0
1765083851.3541198,3.0
1765083851.365021,3.0
1765083851.3759184,3.0
1765083851.3867977,3.0
1765083851.3976755,3.0
1765083851.408653,3.0
1765083851.4199822,3.0
1765083851.4308765,3.0
1765083851.4417586,3.0
1765083851.4527273,3.0
1765083851.463643,3.0
1765083851.4745464,3.0
1765083851.4854996,3.0
1765083851.496612,3.0
1765083851.5075133,3.0
1765083851.5184245,3.0
1765083851.5293393,3.0
1765083851.5402932,3.0
1765083851.5511708,3.0
1765083851.5621283,3.0
1765083851.573114,3.0
1765083851.584004,3.0
1765083851.5949252,3.0
1765083851.6058865,3.0
1765083851.616792,3.0
1765083851.6277602,3.0
1765083851.6386645,3.0
1765083851.6498666,3.0
1765083851.6607199,3.0
1765083851.6716232,3.0
1765083851.6825662,3.0
1765083851.693645,3.0
1765083851.7045777,3.0
1765083851.7154984,3.0
1765083851.7265713,3.0
1765083851.7374566,3.0
1765083851.7484248,3.0
1765083851.7594016,3.0
1765083851.7703779,3.0
1765083851.7813535,3.0
1765083851.7923036,3.0
1765083851.8031757,3.0
1765083851.8141305,3.0
1765083851.8250299,3.0
1765083851.8370821,3.0
1765083851.8478997,3.0
1765083851.8588884,3.0
1765083851.869794,3.0
1765083851.880702,3.0
1765083851.891658,3.0
1765083851.902591,3.0
1765083851.9134881,3.0
1765083851.9243965,3.0
1765083851.935239,3.0
1765083851.94612,3.0
1765083851.9570591,3.0
1765083851.9680254,3.0
1765083851.9789412,3.0
1765083851.9898503,3.0
1765083852.0007331,3.0
1765083852.0117083,3.0
1765083852.0226123,3.0
1765083852.0334795,3.0
1765083852.0444646,3.0
1765083852.0553477,3.0
1765083852.0662737,3.0
1765083852.0772018,3.0
1765083852.0881836,3.0
1765083852.0990999,3.0
1765083852.1100528,3.0
1765083852.1209955,3.0
1765083852.1319325,3.0
1765083852.142815,3.0
1765083852.1537201,3.0
1765083852.1646256,3.0
1765083852.1757596,3.0
1765083852.186619,3.0
1765083852.1974964,3.0
1765083852.2083917,3.0
1765083852.2194052,3.0
1765083852.2303019,3.0
1765083852.2412102,3.0
1765083852.2521856,3.0
1765083852.2630656,3.0
1765083852.2740169,3.0
1765083852.28495,3.0
1765083852.2958624,3.0
1765083852.3068998,3.0
1765083852.3178859,3.0
1765083852.3287976,3.0
1765083852.339726,3.0
1765083852.3506699,3.0
1765083852.3615987,3.0
1765083852.372622,3.0
1765083852.3835526,3.0
1765083852.394571,3.0
1765083852.4054701,3.0
1765083852.4166558,3.0
1765083852.4275718,3.0
1765083852.4384253,3.0
1765083852.4492977,3.0
1765083852.4601822,3.0
1765083852.4711547,3.0
1765083852.4820552,3.0
1765083852.4931712,3.0
1765083852.5041227,3.0
1765083852.5150547,3.0
1765083852.5260642,3.0
1765083852.5369866,3.0
1765083852.5479426,3.0
1765083852.5588543,3.0
1765083852.5697412,3.0
1765083852.5807164,3.0
1765083852.5916188,3.0
1765083852.6025257,3.0
1765083852.6134837,3.0
1765083852.624422,3.0
1765083852.6354098,3.0
1765083852.6465075,3.0
1765083852.6574414,3.0
1765083852.6683567,3.0
1765083852.6793394,3.0
1765083852.6903846,3.0
1765083852.7012808,3.0
1765083852.712339,3.0
1765083852.7235348,3.0
1765083852.7344208,3.0
1765083852.7453089,3.0
1765083852.7563071,3.0
1765083852.76727,3.0
1765083852.7781482,3.0
1765083852.7891583,3.0
1765083852.8000405,3.0
1765083852.8109527,3.0
1765083852.8218322,3.0
1765083852.8328066,3.0
1765083852.8447492,3.0
1765083852.8557768,3.0
1765083852.8666804,3.0
1765083852.8775797,3.0
1765083852.8886452,3.0
1765083852.89957,3.0
1765083852.9105022,3.0
1765083852.9215004,3.0
1765083852.9324558,3.0
1765083852.9433208,3.0
1765083852.9541495,3.0
1765083852.965038,3.0
1765083852.9758434,3.0
1765083852.9866846,3.0
1765083852.9975111,3.0
1765083853.0083935,3.0
1765083853.0192175,3.0
1765083853.0300171,3.0
1765083853.0408635,3.0
1765083853.0517297,3.0
1765083853.062527,3.0
1765083853.073386,3.0
1765083853.0842373,3.0
1765083853.0950046,3.0
1765083853.1058536,3.0
1765083853.1167486,3.0
1765083853.127607,3.0
1765083853.1384878,3.0
1765083853.1493115,3.0
1765083853.160097,3.0
1765083853.170947,3.0
1765083853.1817667,3.0
1765083853.1926286,3.0
1765083853.2034225,3.0
1765083853.2142975,3.0
1765083853.225171,3.0
1765083853.2359586,3.0
1765083853.2467465,3.0
1765083853.2576103,3.0
1765083853.2684934,3.0
1765083853.2793224,3.0
1765083853.2901082,3.0
1765083853.3009033,3.0
1765083853.3117292,3.0
1765083853.3225098,3.0
1765083853.3333309,3.0
1765083853.3441808,3.0
1765083853.3549645,3.0
1765083853.36576,3.0
1765083853.376606,3.0
1765083853.3874469,3.0
1765083853.398219,3.0
1765083853.409003,3.0
1765083853.4200227,3.0
1765083853.4310813,3.0
1765083853.4418602,3.0
1765083853.4526908,3.0
1765083853.4639962,3.0
1765083853.474831,3.0
1765083853.485646,3.0
1765083853.4966466,3.0
1765083853.5075011,3.0
1765083853.518325,3.0
1765083853.5291848,3.0
1765083853.5400362,3.0
1765083853.550819,3.0
1765083853.5617154,3.0
1765083853.5725644,3.0
1765083853.5834153,3.0
1765083853.594183,3.0
1765083853.6050742,3.0
1765083853.6158702,3.0
1765083853.6267254,3.0
1765083853.6375215,3.0
1765083853.6487362,3.0
1765083853.6595607,3.0
1765083853.6704829,3.0
1765083853.6815429,3.0
1765083853.6923537,3.0
1765083853.703246,3.0
1765083853.7140388,3.0
1765083853.7249207,3.0
1765083853.7356997,3.0
1765083853.746502,3.0
1765083853.7573755,3.0
1765083853.768118,3.0
1765083853.7788866,3.0
1765083853.7896864,3.0
1765083853.8005378,3.0
1765083853.8113267,3.0
1765083853.8222134,3.0
1765083853.8330681,3.0
1765083853.8448353,3.0
1765083853.855648,3.0
1765083853.866527,3.0
1765083853.8773715,3.0
1765083853.888328,3.0
1765083853.8984032,2.0
1765083853.908454,2.0
1765083853.9233346,3.0
1765083853.9333804,2.0
1765083853.9482913,3.0
1765083853.9631908,3.0
1765083853.9732027,2.0
1765083853.9832401,2.0
1765083853.9933648,2.0
1765083854.008234,3.0
1765083854.023153,3.0
1765083854.0333622,2.0
1765083854.043368,2.0
1765083854.058269,3.0
1765083854.0731366,3.0
1765083854.0831418,2.0
1765083854.0931983,2.0
1765083854.1081018,3.0
1765083854.1181371,2.0
1765083854.1330597,3.0
1765083854.1478925,3.0
1765083854.1579752,2.0
1765083854.1728723,3.0
1765083854.1829343,2.0
1765083854.1929631,2.0
1765083854.2031465,2.0
1765083854.2131655,2.0
1765083854.2231805,2.0
1765083854.2332246,2.0
1765083854.2432299,2.0
1765083854.2533462,2.0
1765083854.2633953,2.0
1765083854.2735295,2.0
1765083854.283575,2.0
1765083854.29359,2.0
1765083854.303635,2.0
1765083854.313659,2.0
1765083854.3237936,2.0
1765083854.3337955,2.0
1765083854.3438222,2.0
1765083854.3538826,2.0
1765083854.3639288,2.0
1765083854.373974,2.0
1765083854.3840327,2.0
1765083854.3940883,2.0
1765083854.4041195,2.0
1765083854.414395,2.0
1765083854.42447,2.0
1765083854.4345007,2.0
1765083854.4445207,2.0
1765083854.4545517,2.0
1765083854.4646797,2.0
1765083854.4795232,3.0
1765083854.4897192,2.0
1765083854.5046012,3.0
1765083854.5146108,2.0
1765083854.5246208,2.0
1765083854.5346444,2.0
1765083854.544659,2.0
1765083854.5547295,2.0
1765083854.564758,2.0
1765083854.5748289,2.0
1765083854.5849319,2.0
1765083854.5950131,2.0
1765083854.6050463,2.0
1765083854.6151474,2.0
1765083854.625193,2.0
1765083854.6352158,2.0
1765083854.645469,2.0
1765083854.655495,2.0
1765083854.6655648,2.0
1765083854.6756067,2.0
1765083854.6857207,2.0
1765083854.6957355,2.0
1765083854.7057943,2.0
1765083854.7158158,2.0
1765083854.7259245,2.0
1765083854.7359567,2.0
1765083854.746048,2.0
1765083854.7561305,2.0
1765083854.7662444,2.0
1765083854.7762809,2.0
1765083854.786305,2.0
1765083854.7965198,2.0
1765083854.8066473,2.0
1765083854.8166943,2.0
1765083854.8267155,2.0
1765083854.8379688,2.0
1765083854.8480291,2.0
1765083854.8629117,3.0
1765083854.8729434,2.0
1765083854.8829768,2.0
1765083854.893034,2.0
1765083854.9031281,2.0
1765083854.9131901,2.0
1765083854.9232297,2.0
1765083854.9333081,2.0
1765083854.943347,2.0
1765083854.9534318,2.0
1765083854.9635804,2.0
1765083854.9736042,2.0
1765083854.9836397,2.0
1765083854.99366,2.0
1765083855.003797,2.0
1765083855.0139236,2.0
1765083855.0239697,2.0
1765083855.0340388,2.0
1765083855.0441506,2.0
1765083855.0542512,2.0
1765083855.0642755,2.0
1765083855.0791795,3.0
1765083855.089233,2.0
1765083855.099256,2.0
1765083855.1094408,2.0
1765083855.1195226,2.0
1765083855.1295905,2.0
1765083855.139601,2.0
1765083855.1496758,2.0
1765083855.1597362,2.0
1765083855.169782,2.0
1765083855.179824,2.0
1765083855.1898549,2.0
1765083855.1998827,2.0
1765083855.2099411,2.0
1765083855.2199864,2.0
1765083855.2349072,3.0
1765083855.2450101,2.0
1765083855.2550228,2.0
1765083855.2650638,2.0
1765083855.2751904,2.0
1765083855.285413,2.0
1765083855.2954414,2.0
1765083855.3055015,2.0
1765083855.3155441,2.0
1765083855.3256147,2.0
1765083855.3357,2.0
1765083855.345713,2.0
1765083855.3558,2.0
1765083855.365903,2.0
1765083855.375955,2.0
1765083855.3860443,2.0
1765083855.3960602,2.0
1765083855.4060926,2.0
1765083855.416394,2.0
1765083855.426438,2.0
1765083855.4365144,2.0
1765083855.4465914,2.0
1765083855.4566607,2.0
1765083855.46677,2.0
1765083855.476824,2.0
1765083855.4870572,2.0
1765083855.4971986,2.0
1765083855.5072308,2.0
1765083855.5174885,2.0
1765083855.527586,2.0
1765083855.5377674,2.0
1765083855.547798,2.0
1765083855.5578122,2.0
1765083855.5678964,2.0
1765083855.5779264,2.0
1765083855.587963,2.0
1765083855.5979826,2.0
1765083855.6080325,2.0
1765083855.6181197,2.0
1765083855.6282134,2.0
1765083855.6382782,2.0
1765083855.64842,2.0
1765083855.663314,3.0
1765083855.673362,2.0
1765083855.6835918,2.0
1765083855.698496,3.0
1765083855.7085686,2.0
1765083855.7188072,2.0
1765083855.728844,2.0
1765083855.738928,2.0
1765083855.7490401,2.0
1765083855.7591186,2.0
1765083855.7693074,2.0
1765083855.7793934,2.0
1765083855.7894132,2.0
1765083855.799491,2.0
1765083855.8095655,2.0
1765083855.8196287,2.0
1765083855.8297088,2.0
1765083855.8410146,2.0
1765083855.8559031,3.0
1765083855.865926,2.0
1765083855.8760371,2.0
1765083855.886125,2.0
1765083855.8961823,2.0
1765083855.9062197,2.0
1765083855.9162443,2.0
1765083855.9263928,2.0
1765083855.9364214,2.0
1765083855.9464674,2.0
1765083855.9565268,2.0
1765083855.966546,2.0
1765083855.9814487,3.0
1765083855.996353,3.0
1765083856.0063834,2.0
1765083856.0165033,2.0
1765083856.026534,2.0
1765083856.036568,2.0
1765083856.0466537,2.0
1765083856.0566733,2.0
1765083856.0666904,2.0
1765083856.0767074,2.0
1765083856.0867238,2.0
1765083856.0967321,2.0
1765083856.1116526,3.0
1765083856.1265378,3.0
1765083856.136585,2.0
1765083856.1466448,2.0
1765083856.156723,2.0
1765083856.171625,3.0
1765083856.1816545,2.0
1765083856.19168,2.0
1765083856.2016814,2.0
1765083856.211762,2.0
1765083856.2217786,2.0
1765083856.2317822,2.0
1765083856.2418182,2.0
1765083856.2567198,3.0
1765083856.266834,2.0
1765083856.2768497,2.0
1765083856.2869127,2.0
1765083856.2969553,2.0
1765083856.3070724,2.0
1765083856.317093,2.0
1765083856.3271108,2.0
1765083856.337114,2.0
1765083856.3471353,2.0
1765083856.3571825,2.0
1765083856.3672156,2.0
1765083856.3772879,2.0
1765083856.3873143,2.0
1765083856.3974173,2.0
1765083856.407447,2.0
1765083856.4175887,2.0
1765083856.4276156,2.0
1765083856.4425197,3.0
1765083856.4525945,2.0
1765083856.4626062,2.0
1765083856.4726448,2.0
1765083856.48268,2.0
1765083856.4928553,2.0
1765083856.5028706,2.0
1765083856.5129154,2.0
1765083856.523013,2.0
1765083856.5330544,2.0
1765083856.543099,2.0
1765083856.5531383,2.0
1765083856.5631583,2.0
1765083856.5731752,2.0
1765083856.5832024,2.0
1765083856.593249,2.0
1765083856.6033154,2.0
1765083856.613375,2.0
1765083856.6233795,2.0
1765083856.6334867,2.0
1765083856.6485984,3.0
1765083856.663468,3.0
1765083856.6735308,2.0
1765083856.6835625,2.0
1765083856.6935797,2.0
1765083856.7036264,2.0
1765083856.7185142,3.0
1765083856.7286417,2.0
1765083856.7435493,3.0
1765083856.7535968,2.0
1765083856.7636006,2.0
1765083856.77363,2.0
1765083856.7836301,2.0
1765083856.7936394,2.0
1765083856.8085287,3.0
1765083856.8185723,2.0
1765083856.8334873,3.0
1765083856.8446233,2.0
1765083856.8546398,2.0
1765083856.8646655,2.0
1765083856.8746898,2.0
1765083856.884691,2.0
1765083856.8947415,2.0
1765083856.904777,2.0
1765083856.9148386,2.0
1765083856.924888,2.0
1765083856.939785,3.0
1765083856.9498038,2.0
1765083856.9598172,2.0
1765083856.9698548,2.0
1765083856.9847593,3.0
1765083856.9947953,2.0
1765083857.0048115,2.0
1765083857.0148432,2.0
1765083857.0248642,2.0
1765083857.0397346,3.0
1765083857.0545897,3.0
1765083857.0645995,2.0
1765083857.0795035,3.0
1765083857.0895762,2.0
1765083857.0996163,2.0
1765083857.1096487,2.0
1765083857.1196506,2.0
1765083857.1296723,2.0
1765083857.1396954,2.0
1765083857.1545887,3.0
1765083857.164628,2.0
1765083857.1795726,3.0
1765083857.1945124,3.0
1765083857.2045538,2.0
1765083857.2145956,2.0
1765083857.2246485,2.0
1765083857.234675,2.0
1765083857.2447627,2.0
1765083857.2548149,2.0
1765083857.2648494,2.0
1765083857.2749274,2.0
1765083857.2849507,2.0
1765083857.2950273,2.0
1765083857.3050895,2.0
1765083857.3151784,2.0
1765083857.3252068,2.0
1765083857.3352256,2.0
1765083857.3454032,2.0
1765083857.3554127,2.0
1765083857.3654337,2.0
1765083857.3803453,3.0
1765083857.3903775,2.0
1765083857.4004018,2.0
1765083857.4104364,2.0
1765083857.4207778,2.0
1765083857.4308355,2.0
1765083857.4408355,2.0
1765083857.455747,3.0
1765083857.4706578,3.0
1765083857.4807107,2.0
1765083857.4908173,2.0
1765083857.5057,3.0
1765083857.5157347,2.0
1765083857.5306475,3.0
1765083857.54065,2.0
1765083857.5555427,3.0
1765083857.565673,2.0
1765083857.5757082,2.0
1765083857.585758,2.0
1765083857.5958636,2.0
1765083857.6059117,2.0
1765083857.615939,2.0
1765083857.630878,3.0
1765083857.641707,2.0
1765083857.6519415,2.0
1765083857.661991,2.0
1765083857.6720104,2.0
1765083857.6821127,2.0
1765083857.6921387,2.0
1765083857.7021782,2.0
1765083857.7122169,2.0
1765083857.7224405,2.0
1765083857.7373133,3.0
1765083857.7473502,2.0
1765083857.76231,3.0
1765083857.772367,2.0
1765083857.7824287,2.0
1765083857.7973323,3.0
1765083857.8074622,2.0
1765083857.8174844,2.0
1765083857.8324022,3.0
1765083857.843685,2.0
1765083857.8585136,3.0
1765083857.8685887,2.0
1765083857.8785968,2.0
1765083857.8886125,2.0
1765083857.898655,2.0
1765083857.9086921,2.0
1765083857.9187276,2.0
1765083857.9287672,2.0
1765083857.93878,2.0
1765083857.9488838,2.0
1765083857.9589622,2.0
1765083857.973883,3.0
1765083857.9838908,2.0
1765083857.9938977,2.0
1765083858.0039208,2.0
1765083858.0140023,2.0
1765083858.028902,3.0
1765083858.0389464,2.0
1765083858.048954,2.0
1765083858.0589883,2.0
1765083858.0690153,2.0
1765083858.0790243,2.0
1765083858.089104,2.0
1765083858.1039906,3.0
1765083858.1140542,2.0
1765083858.1240623,2.0
1765083858.1341236,2.0
1765083858.1441817,2.0
1765083858.159107,3.0
1765083858.1691592,2.0
1765083858.1840768,3.0
1765083858.1941037,2.0
1765083858.204145,2.0
1765083858.2141597,2.0
1765083858.2290828,3.0
1765083858.2439966,3.0
1765083858.254028,2.0
1765083858.2640464,2.0
1765083858.274127,2.0
1765083858.284142,2.0
1765083858.294165,2.0
1765083858.3041973,2.0
1765083858.3142233,2.0
1765083858.3242345,2.0
1765083858.334252,2.0
1765083858.3443136,2.0
1765083858.3543358,2.0
1765083858.3644102,2.0
1765083858.374433,2.0
1765083858.3844843,2.0
1765083858.39937,3.0
1765083858.4094205,2.0
1765083858.4195647,2.0
1765083858.4344187,3.0
1765083858.4444728,2.0
1765083858.4545143,2.0
1765083858.4645417,2.0
1765083858.4745502,2.0
1765083858.484719,2.0
1765083858.494863,2.0
1765083858.5048752,2.0
1765083858.5149124,2.0
1765083858.5249496,2.0
1765083858.535006,2.0
1765083858.549966,3.0
1765083858.559983,2.0
1765083858.5700252,2.0
1765083858.5800529,2.0
1765083858.590151,2.0
1765083858.6001666,2.0
1765083858.615083,3.0
1765083858.6299965,3.0
1765083858.6400328,2.0
1765083858.6507018,2.0
1765083858.6607556,2.0
1765083858.6708226,2.0
1765083858.685796,3.0
1765083858.6958115,2.0
1765083858.7058675,2.0
1765083858.7158887,2.0
1765083858.7259958,2.0
1765083858.7360275,2.0
1765083858.7509117,3.0
1765083858.7609956,2.0
1765083858.7758899,3.0
1765083858.7907836,3.0
1765083858.8008182,2.0
1765083858.8157227,3.0
1765083858.8257608,2.0
1765083858.8370528,2.0
1765083858.8470845,2.0
1765083858.8570921,2.0
1765083858.8720021,3.0
1765083858.882008,2.0
1765083858.892027,2.0
1765083858.9020422,2.0
1765083858.9121013,2.0
1765083858.9221659,2.0
1765083858.932253,2.0
1765083858.9423206,2.0
1765083858.952395,2.0
1765083858.9624372,2.0
1765083858.9724824,2.0
1765083858.9826071,2.0
1765083858.9928389,2.0
1765083859.0028732,2.0
1765083859.0129285,2.0
1765083859.0230486,2.0
1765083859.0330863,2.0
1765083859.0432038,2.0
1765083859.0532877,2.0
1765083859.063333,2.0
1765083859.0734348,2.0
1765083859.0835428,2.0
1765083859.0936656,2.0
1765083859.1038065,2.0
1765083859.1138606,2.0
1765083859.1238964,2.0
1765083859.1340034,2.0
1765083859.1440847,2.0
1765083859.1541543,2.0
1765083859.1642945,2.0
1765083859.174335,2.0
1765083859.1844332,2.0
1765083859.1946132,2.0
1765083859.2048144,2.0
1765083859.21488,2.0
1765083859.2250102,2.0
1765083859.2350678,2.0
1765083859.245159,2.0
1765083859.2552702,2.0
1765083859.2653725,2.0
1765083859.2754483,2.0
1765083859.2855856,2.0
1765083859.2956622,2.0
1765083859.3057468,2.0
1765083859.3158193,2.0
1765083859.3258836,2.0
1765083859.3359673,2.0
1765083859.346049,2.0
1765083859.356159,2.0
1765083859.36625,2.0
1765083859.37632,2.0
1765083859.3863938,2.0
1765083859.3964713,2.0
1765083859.406622,2.0
1765083859.416719,2.0
1765083859.4269047,2.0
1765083859.4370282,2.0
1765083859.447064,2.0
1765083859.4571795,2.0
1765083859.4672542,2.0
1765083859.4774175,2.0
1765083859.4875093,2.0
1765083859.4976287,2.0
1765083859.5076945,2.0
1765083859.5178263,2.0
1765083859.5278816,2.0
1765083859.537952,2.0
1765083859.5480585,2.0
1765083859.5582008,2.0
1765083859.5682385,2.0
1765083859.5783212,2.0
1765083859.5883753,2.0
1765083859.5984356,2.0
1765083859.608703,2.0
1765083859.6187606,2.0
1765083859.6288238,2.0
1765083859.6389,2.0
1765083859.6490755,2.0
1765083859.6591473,2.0
1765083859.669239,2.0
1765083859.679339,2.0
1765083859.6895604,2.0
1765083859.6996725,2.0
1765083859.7097237,2.0
1765083859.719856,2.0
1765083859.7299097,2.0
1765083859.7399726,2.0
1765083859.7501066,2.0
1765083859.7602034,2.0
1765083859.7703037,2.0
1765083859.7804203,2.0
1765083859.7904909,2.0
1765083859.8005798,2.0
1765083859.8106453,2.0
1765083859.8207338,2.0
1765083859.8308542,2.0
1765083859.841815,2.0
1765083859.8521569,2.0
1765083859.8622684,2.0
1765083859.87238,2.0
1765083859.882454,2.0
1765083859.8926249,2.0
1765083859.9026904,2.0
1765083859.9127522,2.0
1765083859.922878,2.0
1765083859.9329133,2.0
1765083859.943027,2.0
1765083859.9531693,2.0
1765083859.9632573,2.0
1765083859.9733653,2.0
1765083859.9834569,2.0
1765083859.9936097,2.0
1765083860.0036952,2.0
1765083860.0137568,2.0
1765083860.0239444,2.0
1765083860.0340674,2.0
1765083860.0441546,2.0
1765083860.0542295,2.0
1765083860.064408,2.0
1765083860.0745344,2.0
1765083860.0846117,2.0
1765083860.0946639,2.0
1765083860.1047645,2.0
1765083860.1148357,2.0
1765083860.1249125,2.0
1765083860.134963,2.0
1765083860.14505,2.0
1765083860.1551313,2.0
1765083860.1651728,2.0
1765083860.1752393,2.0
1765083860.1853375,2.0
1765083860.1954782,2.0
1765083860.2055545,2.0
1765083860.2156227,2.0
1765083860.2257288,2.0
1765083860.2357893,2.0
1765083860.2458138,2.0
1765083860.255907,2.0
1765083860.2659862,2.0
1765083860.2760198,2.0
1765083860.286177,2.0
1765083860.2962418,2.0
1765083860.306329,2.0
1765083860.3164246,2.0
1765083860.3265247,2.0
1765083860.336608,2.0
1765083860.3466873,2.0
1765083860.3567395,2.0
1765083860.3667712,2.0
1765083860.3768425,2.0
1765083860.3869746,2.0
1765083860.3970294,2.0
1765083860.407137,2.0
1765083860.417194,2.0
1765083860.4273818,2.0
1765083860.437471,2.0
1765083860.447538,2.0
1765083860.4576054,2.0
1765083860.4676826,2.0
1765083860.4777608,2.0
1765083860.487844,2.0
1765083860.497976,2.0
1765083860.5080874,2.0
1765083860.5181565,2.0
1765083860.5282044,2.0
1765083860.5384207,2.0
1765083860.5484686,2.0
1765083860.5585327,2.0
1765083860.5685954,2.0
1765083860.5786822,2.0
1765083860.5887225,2.0
1765083860.5988176,2.0
1765083860.6088934,2.0
1765083860.6190062,2.0
1765083860.629118,2.0
1765083860.6392467,2.0
1765083860.6495512,2.0
1765083860.6595776,2.0
1765083860.6696835,2.0
1765083860.6797948,2.0
1765083860.6899006,2.0
1765083860.699995,2.0
1765083860.7100396,2.0
1765083860.7201755,2.0
1765083860.7301788,2.0
1765083860.740275,2.0
1765083860.7503474,2.0
1765083860.7604463,2.0
1765083860.7705529,2.0
1765083860.7806025,2.0
1765083860.790629,2.0
1765083860.8007424,2.0
1765083860.8108275,2.0
1765083860.8209054,2.0
1765083860.8310032,2.0
1765083860.8418822,2.0
1765083860.8521018,2.0
1765083860.86221,2.0
1765083860.8723388,2.0
1765083860.8824399,2.0
1765083860.8925416,2.0
1765083860.902657,2.0
1765083860.9127183,2.0
1765083860.9227688,2.0
1765083860.9327776,2.0
1765083860.9428515,2.0
1765083860.952936,2.0
1765083860.963015,2.0
1765083860.9730508,2.0
1765083860.9831734,2.0
1765083860.993222,2.0
1765083861.0032978,2.0
1765083861.0133657,2.0
1765083861.023433,2.0
1765083861.0335064,2.0
1765083861.0436137,2.0
1765083861.0537567,2.0
1765083861.063802,2.0
1765083861.0738904,2.0
1765083861.083971,2.0
1765083861.0940206,2.0
1765083861.1041098,2.0
1765083861.1142156,2.0
1765083861.1244106,2.0
1765083861.1344898,2.0
1765083861.1445737,2.0
1765083861.1546462,2.0
1765083861.164728,2.0
1765083861.1748312,2.0
1765083861.1848745,2.0
1765083861.1949632,2.0
1765083861.2050593,2.0
1765083861.21514,2.0
1765083861.225243,2.0
1765083861.2353444,2.0
1765083861.2455378,2.0
1765083861.2556548,2.0
1765083861.2658482,2.0
1765083861.2759008,2.0
1765083861.2859697,2.0
1765083861.2960846,2.0
1765083861.3061619,2.0
1765083861.3162823,2.0
1765083861.3264277,2.0
1765083861.336587,2.0
1765083861.3466666,2.0
1765083861.3567383,2.0
1765083861.3668613,2.0
1765083861.3769677,2.0
1765083861.3870966,2.0
1765083861.397159,2.0
1765083861.4072235,2.0
1765083861.41744,2.0
1765083861.4276462,2.0
1765083861.437743,2.0
1765083861.4478056,2.0
1765083861.4578586,2.0
1765083861.4678612,2.0
1765083861.4779794,2.0
1765083861.4880238,2.0
1765083861.4981222,2.0
1765083861.5081687,2.0
1765083861.5183048,2.0
1765083861.5283494,2.0
1765083861.5384362,2.0
1765083861.548594,2.0
1765083861.5586605,2.0
1765083861.5687008,2.0
1765083861.5788074,2.0
1765083861.5888734,2.0
1765083861.59901,2.0
1765083861.6090767,2.0
1765083861.6191342,2.0
1765083861.6292362,2.0
1765083861.6393564,2.0
1765083861.649622,2.0
1765083861.6598542,2.0
1765083861.6699293,2.0
1765083861.6800935,2.0
1765083861.690239,2.0
1765083861.7003312,2.0
1765083861.7104292,2.0
1765083861.7206502,2.0
1765083861.7307842,2.0
1765083861.7409258,2.0
1765083861.751099,2.0
1765083861.7612576,2.0
1765083861.771441,2.0
1765083861.7816038,2.0
1765083861.7917404,2.0
1765083861.801918,2.0
1765083861.8120608,2.0
1765083861.8221812,2.0
1765083861.8323722,2.0
1765083861.8434048,2.0
1765083861.8535297,2.0
1765083861.8636165,2.0
1765083861.873691,2.0
1765083861.8837836,2.0
1765083861.893883,2.0
1765083861.90402,2.0
1765083861.914088,2.0
1765083861.9241552,2.0
1765083861.934234,2.0
1765083861.9442546,2.0
1765083861.9543476,2.0
1765083861.96477,2.0
1765083861.974798,2.0
1765083861.9849668,2.0
1765083861.9950783,2.0
1765083862.0051584,2.0
1765083862.0154126,2.0
1765083862.0254703,2.0
1765083862.0355508,2.0
1765083862.0456293,2.0
1765083862.0556896,2.0
1765083862.065717,2.0
1765083862.0758343,2.0
1765083862.0859766,2.0
1765083862.0960996,2.0
1765083862.1061933,2.0
1765083862.1162782,2.0
1765083862.1264257,2.0
1765083862.1365116,2.0
1765083862.14658,2.0
1765083862.1567323,2.0
1765083862.1667645,2.0
1765083862.1768658,2.0
1765083862.186988,2.0
1765083862.197071,2.0
1765083862.207161,2.0
1765083862.217214,2.0
1765083862.2273455,2.0
1765083862.237413,2.0
1765083862.2475271,2.0
1765083862.2575982,2.0
1765083862.26781,2.0
1765083862.2778528,2.0
1765083862.2879183,2.0
1765083862.298003,2.0
1765083862.3080845,2.0
1765083862.3181338,2.0
1765083862.3281782,2.0
1765083862.3382585,2.0
1765083862.3483403,2.0
1765083862.3584387,2.0
1765083862.3684523,2.0
1765083862.3785148,2.0
1765083862.3885832,2.0
1765083862.3986306,2.0
1765083862.4086804,2.0
1765083862.4187317,2.0
1765083862.4289134,2.0
1765083862.4389913,2.0
1765083862.449042,2.0
1765083862.4591253,2.0
1765083862.4691732,2.0
1765083862.4792197,2.0
1765083862.48949,2.0
1765083862.499604,2.0
1765083862.5097854,2.0
1765083862.5198429,2.0
1765083862.5298982,2.0
1765083862.5399528,2.0
1765083862.5500712,2.0
1765083862.560152,2.0
1765083862.570238,2.0
1765083862.58031,2.0
1765083862.5905232,2.0
1765083862.6006052,2.0
1765083862.6106954,2.0
1765083862.6208053,2.0
1765083862.6308782,2.0
1765083862.6409516,2.0
1765083862.6512117,2.0
1765083862.661323,2.0
1765083862.671391,2.0
1765083862.6814408,2.0
1765083862.6916604,2.0
1765083862.7017212,2.0
1765083862.7118669,2.0
1765083862.721978,2.0
1765083862.7320263,2.0
1765083862.7421348,2.0
1765083862.7521753,2.0
1765083862.7623177,2.0
1765083862.772408,2.0
1765083862.782469,2.0
1765083862.7925258,2.0
1765083862.8026931,2.0
1765083862.812762,2.0
1765083862.8228352,2.0
1765083862.8341029,2.0
1765083862.844189,2.0
1765083862.8542552,2.0
1765083862.864326,2.0
1765083862.8744347,2.0
1765083862.8844619,2.0
1765083862.8945646,2.0
1765083862.9046361,2.0
1765083862.9146936,2.0
1765083862.924815,2.0
1765083862.934894,2.0
1765083862.944999,2.0
1765083862.9550447,2.0
1765083862.9651048,2.0
1765083862.9752152,2.0
1765083862.9854665,2.0
1765083862.9955752,2.0
1765083863.005649,2.0
1765083863.0157642,2.0
1765083863.0258505,2.0
1765083863.0359063,2.0
1765083863.046005,2.0
1765083863.060876,3.0
1765083863.070947,2.0
1765083863.081045,2.0
1765083863.091105,2.0
1765083863.1011715,2.0
1765083863.1112468,2.0
1765083863.1213114,2.0
1765083863.131482,2.0
1765083863.1415124,2.0
1765083863.1515574,2.0
1765083863.1616094,2.0
1765083863.1716518,2.0
1765083863.181734,2.0
1765083863.191833,2.0
1765083863.2019184,2.0
1765083863.212005,2.0
1765083863.2220707,2.0
1765083863.2321534,2.0
1765083863.2422364,2.0
1765083863.252285,2.0
1765083863.2623477,2.0
1765083863.2724257,2.0
1765083863.2824943,2.0
1765083863.2925537,2.0
1765083863.3026462,2.0
1765083863.312737,2.0
1765083863.3227937,2.0
1765083863.3328993,2.0
1765083863.3430407,2.0
1765083863.3531117,2.0
1765083863.363221,2.0
1765083863.3732889,2.0
1765083863.3833761,2.0
1765083863.39346,2.0
1765083863.403512,2.0
1765083863.4184122,3.0
1765083863.4286294,2.0
1765083863.4387033,2.0
1765083863.4488082,2.0
1765083863.4589512,2.0
1765083863.4690568,2.0
1765083863.479158,2.0
1765083863.489215,2.0
1765083863.4993541,2.0
1765083863.509453,2.0
1765083863.5194943,2.0
1765083863.5295975,2.0
1765083863.5396755,2.0
1765083863.5498152,2.0
1765083863.5598886,2.0
1765083863.569949,2.0
1765083863.5799968,2.0
1765083863.5900586,2.0
1765083863.6001375,2.0
1765083863.6102493,2.0
1765083863.620328,2.0
1765083863.6304064,2.0
1765083863.6404793,2.0
1765083863.6507328,2.0
1765083863.660832,2.0
1765083863.6708815,2.0
1765083863.6809392,2.0
1765083863.6910257,2.0
1765083863.7014973,2.0
1765083863.711561,2.0
1765083863.7216535,2.0
1765083863.7316966,2.0
1765083863.7417772,2.0
1765083863.751841,2.0
1765083863.7619042,2.0
1765083863.7719727,2.0
1765083863.782085,2.0
1765083863.7921464,2.0
1765083863.8022285,2.0
1765083863.8123207,2.0
1765083863.8224108,2.0
1765083863.8337345,2.0
1765083863.8438096,2.0
1765083863.853885,2.0
1765083863.8639677,2.0
1765083863.8740098,2.0
1765083863.8841016,2.0
1765083863.894229,2.0
1765083863.9042327,2.0
1765083863.9143488,2.0
1765083863.9244213,2.0
1765083863.9345934,2.0
1765083863.9446402,2.0
1765083863.9547098,2.0
1765083863.9648175,2.0
1765083863.9649923,0.0
