time,actuator,value
1738747355.6353626,Actuator(ptr=c_void_p(94499488352256)),165.0
1738747360.650525,Actuator(ptr=c_void_p(94499488352256)),165.0
1738747365.6672356,Actuator(ptr=c_void_p(94499488352256)),165.0
1738747370.6845655,Actuator(ptr=c_void_p(94499488352256)),165.0
1738747375.700544,Actuator(ptr=c_void_p(94499488352256)),165.0
1738747380.7169073,Actuator(ptr=c_void_p(94499488352256)),165.0
1738747385.7338393,Actuator(ptr=c_void_p(94499488352256)),165.0
1738747390.7488213,Actuator(ptr=c_void_p(94499488352256)),165.0
