time,actuator,value
1738778548.9131,Actuator(ptr=c_void_p(94233528672144)),159.0
1738778553.930749,Actuator(ptr=c_void_p(94233528672144)),159.0
1738778558.9494612,Actuator(ptr=c_void_p(94233528672144)),159.0
1738778563.9664164,Actuator(ptr=c_void_p(94233528672144)),159.0
1738778568.9821959,Actuator(ptr=c_void_p(94233528672144)),159.0
1738778573.999784,Actuator(ptr=c_void_p(94233528672144)),159.0
1738778579.0150137,Actuator(ptr=c_void_p(94233528672144)),159.0
1738778584.0308492,Actuator(ptr=c_void_p(94233528672144)),159.0
