time,actuator,value
1738729463.4873095,Actuator(ptr=c_void_p(94485688121152)),107.0
1738729468.5041,Actuator(ptr=c_void_p(94485688121152)),107.0
1738729473.51934,Actuator(ptr=c_void_p(94485688121152)),107.0
1738729478.536607,Actuator(ptr=c_void_p(94485688121152)),107.0
1738729483.553487,Actuator(ptr=c_void_p(94485688121152)),107.0
1738729488.5702028,Actuator(ptr=c_void_p(94485688121152)),107.0
1738729493.592537,Actuator(ptr=c_void_p(94485688121152)),107.0
1738729498.6090693,Actuator(ptr=c_void_p(94485688121152)),107.0
