time,value
1774932254.092663,1.0
1774932254.1097283,1.0
1774932254.1266868,1.0
1774932254.1437483,1.0
1774932254.1607819,1.0
1774932254.1777763,1.0
1774932254.1947715,1.0
1774932254.2118447,1.0
1774932254.2288456,1.0
1774932254.2458527,1.0
1774932254.263177,1.0
1774932254.280135,1.0
1774932254.2973409,1.0
1774932254.3143077,1.0
1774932254.3313763,1.0
1774932254.348321,1.0
1774932254.3652842,1.0
1774932254.3822734,1.0
1774932254.3992858,1.0
1774932254.4162648,1.0
1774932254.433264,1.0
1774932254.4502234,1.0
1774932254.4672258,1.0
1774932254.4845665,1.0
1774932254.5018957,1.0
1774932254.5188723,1.0
1774932254.5358465,1.0
1774932254.553036,1.0
1774932254.570195,1.0
1774932254.5871542,1.0
1774932254.6041722,1.0
1774932254.6211536,1.0
1774932254.6382525,1.0
1774932254.6552858,1.0
1774932254.672255,1.0
1774932254.6892285,1.0
1774932254.7062163,1.0
1774932254.7232165,1.0
1774932254.740175,1.0
1774932254.7572536,1.0
1774932254.7742121,1.0
1774932254.791283,1.0
1774932254.8082347,1.0
1774932254.825366,1.0
1774932254.8422227,1.0
1774932254.859217,1.0
1774932254.8761852,1.0
1774932254.8931544,1.0
1774932254.91017,1.0
1774932254.9271922,1.0
1774932254.94425,1.0
1774932254.9612803,1.0
1774932254.9783168,1.0
1774932254.9956932,1.0
1774932255.0127342,1.0
1774932255.0385869,1.0
1774932255.0626516,1.0
1774932255.0797338,1.0
1774932255.0968556,1.0
1774932255.1138558,1.0
1774932255.1309438,1.0
1774932255.1488917,1.0
1774932255.1663048,1.0
1774932255.1836538,1.0
1774932255.2009552,1.0
1774932255.218966,1.0
1774932255.235948,1.0
1774932255.2532148,1.0
1774932255.2701635,1.0
1774932255.2874124,1.0
1774932255.3043108,1.0
1774932255.3213363,1.0
1774932255.3382974,1.0
1774932255.3554573,1.0
1774932255.3723989,1.0
1774932255.3894355,1.0
1774932255.4063795,1.0
1774932255.4233646,1.0
1774932255.4403138,1.0
1774932255.4572892,1.0
1774932255.4743233,1.0
1774932255.4915853,1.0
1774932255.508571,1.0
1774932255.5256884,1.0
1774932255.5426998,1.0
1774932255.5598037,1.0
1774932255.5769763,1.0
1774932255.5939765,1.0
1774932255.611131,1.0
1774932255.6282313,1.0
1774932255.6453042,1.0
1774932255.6623623,1.0
1774932255.679622,1.0
1774932255.6968665,1.0
1774932255.7139244,1.0
1774932255.7311482,1.0
1774932255.7482696,1.0
1774932255.7655578,1.0
1774932255.7827034,1.0
1774932255.7998369,1.0
1774932255.817008,1.0
1774932255.8344407,1.0
1774932255.8516204,1.0
1774932255.8686926,1.0
1774932255.885861,1.0
1774932255.9032776,1.0
1774932255.9203155,1.0
1774932255.9373603,1.0
1774932255.9544058,1.0
1774932255.9714665,1.0
1774932255.9885602,1.0
1774932256.0056243,1.0
1774932256.023933,1.0
1774932256.0574574,1.0
1774932256.0745301,1.0
1774932256.091618,1.0
1774932256.1086607,1.0
1774932256.12578,1.0
1774932256.1428306,1.0
1774932256.160045,1.0
1774932256.1770678,1.0
1774932256.1941013,1.0
1774932256.2114034,1.0
1774932256.2283134,1.0
1774932256.245502,1.0
1774932256.262688,1.0
1774932256.2796805,1.0
1774932256.296949,1.0
1774932256.3139572,1.0
1774932256.3309898,1.0
1774932256.348028,1.0
1774932256.3650699,1.0
1774932256.3820581,1.0
1774932256.399044,1.0
1774932256.4160361,1.0
1774932256.433066,1.0
1774932256.450078,1.0
1774932256.4670782,1.0
1774932256.4844568,1.0
1774932256.5014775,1.0
1774932256.5185268,1.0
1774932256.5356314,1.0
1774932256.5526552,1.0
1774932256.5697308,1.0
1774932256.5867314,1.0
1774932256.6037416,1.0
1774932256.6207418,1.0
1774932256.6377387,1.0
1774932256.6547246,1.0
1774932256.6716967,1.0
1774932256.6886811,1.0
1774932256.7058163,1.0
1774932256.7228134,1.0
1774932256.7398067,1.0
1774932256.7568161,1.0
1774932256.7737927,1.0
1774932256.790797,1.0
1774932256.8077717,1.0
1774932256.8250387,1.0
1774932256.8419316,1.0
1774932256.8589938,1.0
1774932256.8760765,1.0
1774932256.8930976,1.0
1774932256.9102168,1.0
1774932256.92729,1.0
1774932256.9443307,1.0
1774932256.9613822,1.0
1774932256.9784274,1.0
1774932256.9954972,1.0
1774932257.0125263,1.0
1774932257.0311198,1.0
1774932257.0639093,1.0
1774932257.0809603,1.0
1774932257.0980325,1.0
1774932257.11501,1.0
1774932257.132025,1.0
1774932257.1490452,1.0
1774932257.1660578,1.0
1774932257.183044,1.0
1774932257.2001033,1.0
1774932257.2176697,1.0
1774932257.234661,1.0
1774932257.251922,1.0
1774932257.2690341,1.0
1774932257.2863348,1.0
1774932257.3032632,1.0
1774932257.3202674,1.0
1774932257.3372946,1.0
1774932257.3542922,1.0
1774932257.3713734,1.0
1774932257.388353,1.0
1774932257.4053938,1.0
1774932257.4224374,1.0
1774932257.4393973,1.0
1774932257.4564273,1.0
1774932257.4734037,1.0
1774932257.4906373,1.0
1774932257.5076194,1.0
1774932257.5246282,1.0
1774932257.5416372,1.0
1774932257.5588164,1.0
1774932257.5757644,1.0
1774932257.5929067,1.0
1774932257.609902,1.0
1774932257.6269033,1.0
1774932257.6439333,1.0
1774932257.6609116,1.0
1774932257.6779678,1.0
1774932257.694965,1.0
1774932257.7119765,1.0
1774932257.729071,1.0
1774932257.7461038,1.0
1774932257.7631388,1.0
1774932257.7802386,1.0
1774932257.7972846,1.0
1774932257.814258,1.0
1774932257.8315227,1.0
1774932257.848525,1.0
1774932257.8655572,1.0
1774932257.8828526,1.0
1774932257.8999264,1.0
1774932257.9168935,1.0
1774932257.933904,1.0
1774932257.950927,1.0
1774932257.9680943,1.0
1774932257.9851036,1.0
1774932258.0021465,1.0
1774932258.0191145,1.0
1774932258.0374455,1.0
1774932258.0566363,1.0
1774932258.0736654,1.0
1774932258.0906253,1.0
1774932258.1077158,1.0
1774932258.1249537,1.0
1774932258.141943,1.0
1774932258.158974,1.0
1774932258.1759639,1.0
1774932258.1930947,1.0
1774932258.2104552,1.0
1774932258.2274039,1.0
1774932258.244459,1.0
1774932258.2614412,1.0
1774932258.2783978,1.0
1774932258.295669,1.0
1774932258.3126185,1.0
1774932258.3296008,1.0
1774932258.346536,1.0
1774932258.3636208,1.0
1774932258.3806052,1.0
1774932258.3976166,1.0
1774932258.41459,1.0
1774932258.4317346,1.0
1774932258.4487178,1.0
1774932258.4659612,1.0
1774932258.4830918,1.0
1774932258.5001142,1.0
1774932258.5171065,1.0
1774932258.5340636,1.0
1774932258.551045,1.0
1774932258.5683131,1.0
1774932258.5853097,1.0
1774932258.6022785,1.0
1774932258.6192923,1.0
1774932258.636331,1.0
1774932258.6533487,1.0
1774932258.670416,1.0
1774932258.6874774,1.0
1774932258.7045066,1.0
1774932258.721593,1.0
1774932258.7386432,1.0
1774932258.7556999,1.0
1774932258.7727344,1.0
1774932258.7897532,1.0
1774932258.8067605,1.0
1774932258.8237708,1.0
1774932258.840804,1.0
1774932258.8577838,1.0
1774932258.8747466,1.0
1774932258.89175,1.0
1774932258.908886,1.0
1774932258.9258704,1.0
1774932258.942858,1.0
1774932258.9598587,1.0
1774932258.9769268,1.0
1774932258.9939694,1.0
1774932259.0110164,1.0
1774932259.0296285,1.0
1774932259.0467885,1.0
1774932259.0637968,1.0
1774932259.0808008,1.0
1774932259.097949,1.0
1774932259.1149154,1.0
1774932259.1319659,1.0
1774932259.1489372,1.0
1774932259.1661916,1.0
1774932259.1831577,1.0
1774932259.2001433,1.0
1774932259.2175393,1.0
1774932259.2344947,1.0
1774932259.2516658,1.0
1774932259.2686691,1.0
1774932259.2857583,1.0
1774932259.3028078,1.0
1774932259.3197606,1.0
1774932259.3367243,1.0
1774932259.3536816,1.0
1774932259.3708665,1.0
1774932259.3878188,1.0
1774932259.4048011,1.0
1774932259.4217675,1.0
1774932259.438773,1.0
1774932259.4557695,1.0
1774932259.472815,1.0
1774932259.4899132,1.0
1774932259.5069022,1.0
1774932259.5238526,1.0
1774932259.5408056,1.0
1774932259.557795,1.0
1774932259.574853,1.0
1774932259.5917885,1.0
1774932259.6087656,1.0
1774932259.6257653,1.0
1774932259.6427026,1.0
1774932259.6596346,1.0
1774932259.6766098,1.0
1774932259.693558,1.0
1774932259.710512,1.0
1774932259.727458,1.0
1774932259.7443917,1.0
1774932259.7614586,1.0
1774932259.778471,1.0
1774932259.795526,1.0
1774932259.8124945,1.0
1774932259.829707,1.0
1774932259.8466337,1.0
1774932259.863656,1.0
1774932259.8807404,1.0
1774932259.897723,1.0
1774932259.914704,1.0
1774932259.931758,1.0
1774932259.9487054,1.0
1774932259.965763,1.0
1774932259.9827673,1.0
1774932259.999729,1.0
1774932260.0167356,1.0
1774932260.03512,1.0
1774932260.0522728,1.0
1774932260.0692875,1.0
1774932260.08625,1.0
1774932260.103249,1.0
1774932260.120201,1.0
1774932260.1371899,1.0
1774932260.1541233,1.0
1774932260.1711857,1.0
1774932260.1881535,1.0
1774932260.2051148,1.0
1774932260.222307,1.0
1774932260.239235,1.0
1774932260.2564182,1.0
1774932260.2733338,1.0
1774932260.290553,1.0
1774932260.3075411,1.0
1774932260.324475,1.0
1774932260.3414555,1.0
1774932260.3584216,1.0
1774932260.3755069,1.0
1774932260.3924544,1.0
1774932260.4094741,1.0
1774932260.426404,1.0
1774932260.4433365,1.0
1774932260.4604366,1.0
1774932260.4774237,1.0
1774932260.4944978,1.0
1774932260.5114522,1.0
1774932260.5284472,1.0
1774932260.5454082,1.0
1774932260.5625165,1.0
1774932260.5795019,1.0
1774932260.5965035,1.0
1774932260.6134846,1.0
1774932260.6304657,1.0
1774932260.647489,1.0
1774932260.6644416,1.0
1774932260.6814008,1.0
1774932260.698385,1.0
1774932260.715359,1.0
1774932260.7323225,1.0
1774932260.749307,1.0
1774932260.7663307,1.0
1774932260.7832942,1.0
1774932260.8002357,1.0
1774932260.817229,1.0
1774932260.8345418,1.0
1774932260.8515203,1.0
1774932260.8685083,1.0
1774932260.8854659,1.0
1774932260.9024177,1.0
1774932260.919388,1.0
1774932260.9363744,1.0
1774932260.9533398,1.0
1774932260.9704278,1.0
1774932260.987399,1.0
1774932261.0043771,1.0
1774932261.0224137,1.0
1774932261.040466,1.0
1774932261.0574412,1.0
1774932261.0744243,1.0
1774932261.0914338,1.0
1774932261.1084096,1.0
1774932261.1253667,1.0
1774932261.1427243,1.0
1774932261.159744,1.0
1774932261.1767924,1.0
1774932261.1938043,1.0
1774932261.2108943,1.0
1774932261.2279258,1.0
1774932261.2451718,1.0
1774932261.2622714,1.0
1774932261.2792265,1.0
1774932261.296404,1.0
1774932261.3133967,1.0
1774932261.3304272,1.0
1774932261.3474426,1.0
1774932261.3645558,1.0
1774932261.3815758,1.0
1774932261.3985572,1.0
1774932261.4155772,1.0
1774932261.4325705,1.0
1774932261.4496405,1.0
1774932261.4666662,1.0
1774932261.4839337,1.0
1774932261.5009015,1.0
1774932261.5179336,1.0
1774932261.5348573,1.0
1774932261.552042,1.0
1774932261.5693877,1.0
1774932261.5863972,1.0
1774932261.6034274,1.0
1774932261.6204743,1.0
1774932261.6374698,1.0
1774932261.6544847,1.0
1774932261.6714578,1.0
1774932261.6885364,1.0
1774932261.7055283,1.0
1774932261.722579,1.0
1774932261.73955,1.0
1774932261.7565973,1.0
1774932261.77372,1.0
1774932261.7909768,1.0
1774932261.8079493,1.0
1774932261.825004,1.0
1774932261.8419385,1.0
1774932261.8589437,1.0
1774932261.8759308,1.0
1774932261.8928971,1.0
1774932261.909882,1.0
1774932261.9268858,1.0
1774932261.9438362,1.0
1774932261.9608135,1.0
1774932261.9778717,1.0
1774932261.994824,1.0
1774932262.0117943,1.0
1774932262.0301201,1.0
1774932262.062411,1.0
1774932262.0794044,1.0
1774932262.0965078,1.0
1774932262.113485,1.0
1774932262.1304822,1.0
1774932262.1474473,1.0
1774932262.1644669,1.0
1774932262.1814578,1.0
1774932262.1984265,1.0
1774932262.2155552,1.0
1774932262.2325094,1.0
1774932262.2496502,1.0
1774932262.2665582,1.0
1774932262.2837899,1.0
1774932262.3006635,1.0
1774932262.3176706,1.0
1774932262.3346338,1.0
1774932262.3515935,1.0
1774932262.368666,1.0
1774932262.3858886,1.0
1774932262.4028726,1.0
1774932262.4199066,1.0
1774932262.4369256,1.0
1774932262.4539766,1.0
1774932262.470972,1.0
1774932262.4881203,1.0
1774932262.5051696,1.0
1774932262.5221748,1.0
1774932262.5392065,1.0
1774932262.5561645,1.0
1774932262.57325,1.0
1774932262.5902574,1.0
1774932262.6072512,1.0
1774932262.624251,1.0
1774932262.6414366,1.0
1774932262.6584496,1.0
1774932262.6754382,1.0
1774932262.692422,1.0
1774932262.7094436,1.0
1774932262.726437,1.0
1774932262.7433698,1.0
1774932262.7604413,1.0
1774932262.7774978,1.0
1774932262.7945054,1.0
1774932262.8114512,1.0
1774932262.8287141,1.0
1774932262.845705,1.0
1774932262.8627014,1.0
1774932262.8797023,1.0
1774932262.8966553,1.0
1774932262.9135933,1.0
1774932262.9306056,1.0
1774932262.9475722,1.0
1774932262.9645746,1.0
1774932262.9816904,1.0
1774932262.9986696,1.0
1774932263.0156243,1.0
1774932263.0331602,1.0
1774932263.0503669,1.0
1774932263.0673165,1.0
1774932263.0842657,1.0
1774932263.1012926,1.0
1774932263.1182396,1.0
1774932263.135196,1.0
1774932263.1522725,1.0
1774932263.1693296,1.0
1774932263.1865299,1.0
1774932263.2035868,1.0
1774932263.2210026,1.0
1774932263.2380664,1.0
1774932263.2554493,1.0
1774932263.2724884,1.0
1774932263.2897227,1.0
1774932263.3067389,1.0
1774932263.32381,1.0
1774932263.3408852,1.0
1774932263.3579264,1.0
1774932263.3750963,1.0
1774932263.3923285,1.0
1774932263.4093738,1.0
1774932263.4309113,1.0
1774932263.4512105,1.0
1774932263.4683137,1.0
1774932263.485661,1.0
1774932263.5027366,1.0
1774932263.5198421,1.0
1774932263.5369134,1.0
1774932263.5539837,1.0
1774932263.571397,1.0
1774932263.5884466,1.0
1774932263.6055667,1.0
1774932263.6226773,1.0
1774932263.6397295,1.0
1774932263.6568046,1.0
1774932263.673852,1.0
1774932263.7026002,1.0
1774932263.7196178,1.0
1774932263.736744,1.0
1774932263.753808,1.0
1774932263.7709804,1.0
1774932263.7882013,1.0
1774932263.8053231,1.0
1774932263.8224576,1.0
1774932263.8398159,1.0
1774932263.8569362,1.0
1774932263.874041,1.0
1774932263.891351,1.0
1774932263.90835,1.0
1774932263.9254563,1.0
1774932263.942599,1.0
1774932263.9598281,1.0
1774932263.9769938,1.0
1774932263.9940975,1.0
1774932264.011189,1.0
1774932264.0294428,1.0
1774932264.0464654,1.0
1774932264.0803368,1.0
1774932264.0975058,1.0
1774932264.114667,1.0
1774932264.1318233,1.0
1774932264.149218,1.0
1774932264.1664822,1.0
1774932264.1836147,1.0
1774932264.2007914,1.0
1774932264.2185667,1.0
1774932264.2356443,1.0
1774932264.2528777,1.0
1774932264.2700164,1.0
1774932264.2874577,1.0
1774932264.3045878,1.0
1774932264.3219974,1.0
1774932264.3391745,1.0
1774932264.3563406,1.0
1774932264.3735282,1.0
1774932264.3908165,1.0
1774932264.4079876,1.0
1774932264.4251857,1.0
1774932264.4423509,1.0
1774932264.4595218,1.0
1774932264.4769151,1.0
1774932264.4942536,1.0
1774932264.5114207,1.0
1774932264.5287225,1.0
1774932264.5456579,1.0
1774932264.5627377,1.0
1774932264.5798256,1.0
1774932264.5967796,1.0
1774932264.6137178,1.0
1774932264.6307569,1.0
1774932264.6477597,1.0
1774932264.6647465,1.0
1774932264.6818767,1.0
1774932264.6988502,1.0
1774932264.7158961,1.0
1774932264.7329307,1.0
1774932264.7499616,1.0
1774932264.766992,1.0
1774932264.7839642,1.0
1774932264.8010013,1.0
1774932264.8179958,1.0
1774932264.83518,1.0
1774932264.8522255,1.0
1774932264.8692882,1.0
1774932264.8862622,1.0
1774932264.9033213,1.0
1774932264.9203231,1.0
1774932264.9372718,1.0
1774932264.9543133,1.0
1774932264.9713414,1.0
1774932264.9884925,1.0
1774932265.0054586,1.0
1774932265.0224643,1.0
1774932265.0408533,1.0
1774932265.0578046,1.0
1774932265.0748422,1.0
1774932265.09185,1.0
1774932265.108845,1.0
1774932265.1258783,1.0
1774932265.1429586,1.0
1774932265.1599803,1.0
1774932265.1770632,1.0
1774932265.1940405,1.0
1774932265.211385,1.0
1774932265.228899,1.0
1774932265.2462742,1.0
1774932265.263149,1.0
1774932265.2802007,1.0
1774932265.2972693,1.0
1774932265.3143263,1.0
1774932265.3313339,1.0
1774932265.3484256,1.0
1774932265.3654275,1.0
1774932265.3825517,1.0
1774932265.3995764,1.0
1774932265.4165933,1.0
1774932265.4336061,1.0
1774932265.4504976,1.0
1774932265.46749,1.0
1774932265.4844878,1.0
1774932265.5014465,1.0
1774932265.5184865,1.0
1774932265.5354676,1.0
1774932265.5524302,1.0
1774932265.569532,1.0
1774932265.5864406,1.0
1774932265.603426,1.0
1774932265.6203861,1.0
1774932265.6373737,1.0
1774932265.6543846,1.0
1774932265.6713657,1.0
1774932265.6883502,1.0
1774932265.7052824,1.0
1774932265.722212,1.0
1774932265.7394404,1.0
1774932265.756386,1.0
1774932265.7734106,1.0
1774932265.790424,1.0
1774932265.8073616,1.0
1774932265.824364,1.0
1774932265.8413577,1.0
1774932265.8582845,1.0
1774932265.8752534,1.0
1774932265.8925166,1.0
1774932265.9094326,1.0
1774932265.926364,1.0
1774932265.9432847,1.0
1774932265.960323,1.0
1774932265.9773514,1.0
1774932265.9944031,1.0
1774932266.011289,1.0
1774932266.0291922,1.0
1774932266.0461695,1.0
1774932266.0722187,1.0
1774932266.0973465,1.0
1774932266.1142664,1.0
1774932266.1312156,1.0
1774932266.148178,1.0
1774932266.165196,1.0
1774932266.1822019,1.0
1774932266.1991632,1.0
1774932266.2162774,1.0
1774932266.2332556,1.0
1774932266.25033,1.0
1774932266.2672975,1.0
1774932266.2842767,1.0
1774932266.3012123,1.0
1774932266.3182914,1.0
1774932266.335229,1.0
1774932266.352206,1.0
1774932266.3691127,1.0
1774932266.3860486,1.0
1774932266.4030764,1.0
1774932266.4199896,1.0
1774932266.4369493,1.0
1774932266.453908,1.0
1774932266.470862,1.0
1774932266.4879897,1.0
1774932266.5048923,1.0
1774932266.521983,1.0
1774932266.5389228,1.0
1774932266.5559168,1.0
1774932266.5732238,1.0
1774932266.590154,1.0
1774932266.6070504,1.0
1774932266.6240304,1.0
1774932266.6409588,1.0
1774932266.6578984,1.0
1774932266.6749997,1.0
1774932266.6919363,1.0
1774932266.7088456,1.0
1774932266.7258434,1.0
1774932266.7427928,1.0
1774932266.7597506,1.0
1774932266.7769768,1.0
1774932266.7938976,1.0
1774932266.8108146,1.0
1774932266.827861,1.0
1774932266.844931,1.0
1774932266.8618512,1.0
1774932266.8787863,1.0
1774932266.8957622,1.0
1774932266.9126658,1.0
1774932266.9296036,1.0
1774932266.9465938,1.0
1774932266.9635112,1.0
1774932266.9805286,1.0
1774932266.9975107,1.0
1774932267.0144913,1.0
1774932267.032872,1.0
1774932267.0497909,1.0
1774932267.0667658,1.0
1774932267.0838838,1.0
1774932267.100826,1.0
1774932267.1177895,1.0
1774932267.1349192,1.0
1774932267.151847,1.0
1774932267.1688013,1.0
1774932267.185781,1.0
1774932267.2027755,1.0
1774932267.219996,1.0
1774932267.236968,1.0
1774932267.2539907,1.0
1774932267.270931,1.0
1774932267.2884376,1.0
1774932267.3054016,1.0
1774932267.3223755,1.0
1774932267.33937,1.0
1774932267.3563344,1.0
1774932267.3733912,1.0
1774932267.3903754,1.0
1774932267.4073625,1.0
1774932267.4243205,1.0
1774932267.4413004,1.0
1774932267.458148,1.0
1774932267.4751306,1.0
1774932267.4922295,1.0
1774932267.5092072,1.0
1774932267.5262046,1.0
1774932267.543229,1.0
1774932267.5620084,1.0
1774932267.5790412,1.0
1774932267.5960457,1.0
1774932267.6130078,1.0
1774932267.6300614,1.0
1774932267.6470492,1.0
1774932267.664025,1.0
1774932267.681005,1.0
1774932267.6979938,1.0
1774932267.714959,1.0
1774932267.7320123,1.0
1774932267.7489927,1.0
1774932267.7659805,1.0
1774932267.7830083,1.0
1774932267.7999997,1.0
1774932267.8169572,1.0
1774932267.8341296,1.0
1774932267.8510633,1.0
1774932267.8680062,1.0
1774932267.885327,1.0
1774932267.9022803,1.0
1774932267.9192574,1.0
1774932267.9362822,1.0
1774932267.953238,1.0
1774932267.9702108,1.0
1774932267.9872012,1.0
1774932268.0041945,1.0
1774932268.0223784,1.0
1774932268.0397966,1.0
1774932268.0567431,1.0
1774932268.073764,1.0
1774932268.090744,1.0
1774932268.1077814,1.0
1774932268.1247337,1.0
1774932268.1417136,1.0
1774932268.158712,1.0
1774932268.1758068,1.0
1774932268.1927552,1.0
1774932268.209806,1.0
1774932268.226811,1.0
1774932268.2438426,1.0
1774932268.2608528,1.0
1774932268.2779012,1.0
1774932268.2950292,1.0
1774932268.3120294,1.0
1774932268.3289914,1.0
1774932268.3460171,1.0
1774932268.3630345,1.0
1774932268.380019,1.0
1774932268.3970377,1.0
1774932268.414074,1.0
1774932268.431001,1.0
1774932268.4480577,1.0
1774932268.465019,1.0
1774932268.4820838,1.0
1774932268.4993591,1.0
1774932268.5163758,1.0
1774932268.5333905,1.0
1774932268.5503654,1.0
1774932268.5675886,1.0
1774932268.584623,1.0
1774932268.6016157,1.0
1774932268.6186447,1.0
1774932268.6356163,1.0
1774932268.6525798,1.0
1774932268.6696062,1.0
1774932268.6865644,1.0
1774932268.7035902,1.0
1774932268.720594,1.0
1774932268.73754,1.0
1774932268.7545455,1.0
1774932268.7715192,1.0
1774932268.7884486,1.0
1774932268.805415,1.0
1774932268.8224201,1.0
1774932268.8395047,1.0
1774932268.8564875,1.0
1774932268.873611,1.0
1774932268.8905704,1.0
1774932268.907577,1.0
1774932268.9246025,1.0
1774932268.9417083,1.0
1774932268.958674,1.0
1774932268.9757688,1.0
1774932268.9927793,1.0
1774932269.0097492,1.0
1774932269.027303,1.0
1774932269.0447054,1.0
1774932269.06185,1.0
1774932269.0788107,1.0
1774932269.0957863,1.0
1774932269.1128893,1.0
1774932269.1299553,1.0
1774932269.1469607,1.0
1774932269.1639407,1.0
1774932269.1811292,1.0
1774932269.198149,1.0
1774932269.2154882,1.0
1774932269.2324572,1.0
1774932269.2495186,1.0
1774932269.2664676,1.0
1774932269.283573,1.0
1774932269.3004827,1.0
1774932269.3174708,1.0
1774932269.3348477,1.0
1774932269.3518064,1.0
1774932269.368795,1.0
1774932269.3858795,1.0
1774932269.402825,1.0
1774932269.4197872,1.0
1774932269.436893,1.0
1774932269.4538713,1.0
1774932269.4709635,1.0
1774932269.4880955,1.0
1774932269.5051105,1.0
1774932269.5221326,1.0
1774932269.5393116,1.0
1774932269.5563266,1.0
1774932269.573627,1.0
1774932269.5907013,1.0
1774932269.6077063,1.0
1774932269.6246822,1.0
1774932269.6416752,1.0
1774932269.658641,1.0
1774932269.675635,1.0
1774932269.6925972,1.0
1774932269.7095716,1.0
1774932269.7265382,1.0
1774932269.7436903,1.0
1774932269.760639,1.0
1774932269.7776594,1.0
1774932269.794661,1.0
1774932269.811642,1.0
1774932269.828955,1.0
1774932269.845936,1.0
1774932269.8629274,1.0
1774932269.8798692,1.0
1774932269.8970797,1.0
1774932269.9140234,1.0
1774932269.9309847,1.0
1774932269.9480715,1.0
1774932269.965121,1.0
1774932269.9822795,1.0
1774932269.9993026,1.0
1774932270.0163312,1.0
1774932270.0350869,1.0
1774932270.0521288,1.0
1774932270.0691645,1.0
1774932270.0861714,1.0
1774932270.1032343,1.0
1774932270.120226,1.0
1774932270.1372194,1.0
1774932270.154233,1.0
1774932270.1713026,1.0
1774932270.1886806,1.0
1774932270.2058551,1.0
1774932270.2230139,1.0
1774932270.2399364,1.0
1774932270.257116,1.0
1774932270.2740183,1.0
1774932270.2910728,1.0
1774932270.3079925,1.0
1774932270.3249505,1.0
1774932270.3418603,1.0
1774932270.3588972,1.0
1774932270.3758712,1.0
1774932270.392921,1.0
1774932270.4099057,1.0
1774932270.426883,1.0
1774932270.4438531,1.0
1774932270.460878,1.0
1774932270.477817,1.0
1774932270.4949744,1.0
1774932270.5121505,1.0
1774932270.529159,1.0
1774932270.5461178,1.0
1774932270.56307,1.0
1774932270.580121,1.0
1774932270.597041,1.0
1774932270.614222,1.0
1774932270.631144,1.0
1774932270.6480405,1.0
1774932270.6650014,1.0
1774932270.6819212,1.0
1774932270.6988268,1.0
1774932270.7157598,1.0
1774932270.73272,1.0
1774932270.7497113,1.0
1774932270.7667027,1.0
1774932270.783671,1.0
1774932270.800577,1.0
1774932270.8175805,1.0
1774932270.834804,1.0
1774932270.8517165,1.0
1774932270.8687062,1.0
1774932270.885724,1.0
1774932270.902635,1.0
1774932270.9196167,1.0
1774932270.93652,1.0
1774932270.9534671,1.0
1774932270.9704916,1.0
1774932270.9875524,1.0
1774932271.0044482,1.0
1774932271.022524,1.0
1774932271.0396657,1.0
1774932271.0566182,1.0
1774932271.0736063,1.0
1774932271.0905874,1.0
1774932271.10759,1.0
1774932271.1246405,1.0
1774932271.1415493,1.0
1774932271.1584766,1.0
1774932271.1754858,1.0
1774932271.1924107,1.0
1774932271.2095435,1.0
1774932271.2267017,1.0
1774932271.2435997,1.0
1774932271.260731,1.0
1774932271.277637,1.0
1774932271.2948034,1.0
1774932271.3117645,1.0
1774932271.328634,1.0
1774932271.3455038,1.0
1774932271.3624742,1.0
1774932271.3797243,1.0
1774932271.3966856,1.0
1774932271.413562,1.0
1774932271.4304285,1.0
1774932271.4473972,1.0
1774932271.464346,1.0
1774932271.4813082,1.0
1774932271.4985034,1.0
1774932271.5154018,1.0
1774932271.532366,1.0
1774932271.5493202,1.0
1774932271.5663617,1.0
1774932271.583324,1.0
1774932271.6002662,1.0
1774932271.6172283,1.0
1774932271.634134,1.0
1774932271.6510804,1.0
1774932271.6680532,1.0
1774932271.6849992,1.0
1774932271.7018826,1.0
1774932271.7188835,1.0
1774932271.7357652,1.0
1774932271.7528002,1.0
1774932271.7696936,1.0
1774932271.7866433,1.0
1774932271.8037188,1.0
1774932271.8206286,1.0
1774932271.8376615,1.0
1774932271.8545897,1.0
1774932271.87153,1.0
1774932271.888397,1.0
1774932271.9054103,1.0
1774932271.9222865,1.0
1774932271.9392257,1.0
1774932271.9561968,1.0
1774932271.9730582,1.0
1774932271.9900534,1.0
1774932272.006943,1.0
1774932272.0246148,1.0
1774932272.041768,1.0
1774932272.0586476,1.0
1774932272.0755904,1.0
1774932272.0925317,1.0
1774932272.1094286,1.0
1774932272.126314,1.0
1774932272.14332,1.0
1774932272.1603315,1.0
1774932272.177275,1.0
1774932272.1941626,1.0
1774932272.2113333,1.0
1774932272.2282913,1.0
1774932272.2454448,1.0
1774932272.262519,1.0
1774932272.279508,1.0
1774932272.2966268,1.0
1774932272.3135507,1.0
1774932272.3305042,1.0
1774932272.347463,1.0
1774932272.3644617,1.0
1774932272.3814692,1.0
1774932272.398386,1.0
1774932272.4153054,1.0
1774932272.4322317,1.0
1774932272.4491792,1.0
1774932272.4661212,1.0
1774932272.4830678,1.0
1774932272.5001235,1.0
1774932272.5170774,1.0
1774932272.5342221,1.0
1774932272.5511506,1.0
1774932272.5682647,1.0
1774932272.5852058,1.0
1774932272.6022303,1.0
1774932272.6191866,1.0
1774932272.6361396,1.0
1774932272.65305,1.0
1774932272.669988,1.0
1774932272.686903,1.0
1774932272.7039583,1.0
1774932272.720892,1.0
1774932272.7379787,1.0
1774932272.7549033,1.0
1774932272.788568,1.0
1774932272.8055477,1.0
1774932272.822562,1.0
1774932272.839578,1.0
1774932272.856592,1.0
1774932272.8735135,1.0
1774932272.8904262,1.0
1774932272.9073415,1.0
1774932272.9242647,1.0
1774932272.941202,1.0
1774932272.9581885,1.0
1774932272.9751291,1.0
1774932272.9922311,1.0
1774932273.0092876,1.0
1774932273.0275009,1.0
1774932273.0445242,1.0
1774932273.06146,1.0
1774932273.0784097,1.0
1774932273.095284,1.0
1774932273.1121976,1.0
1774932273.1291816,1.0
1774932273.1460679,1.0
1774932273.1630452,1.0
1774932273.1799493,1.0
1774932273.1969714,1.0
1774932273.2141554,1.0
1774932273.2311199,1.0
1774932273.2480726,1.0
1774932273.2649674,1.0
1774932273.282024,1.0
1774932273.298959,1.0
1774932273.31585,1.0
1774932273.332818,1.0
1774932273.3497593,1.0
1774932273.3666534,1.0
1774932273.3836405,1.0
1774932273.4005709,1.0
1774932273.4175603,1.0
1774932273.4349115,1.0
1774932273.4520109,1.0
1774932273.4690955,1.0
1774932273.486093,1.0
1774932273.5033338,1.0
1774932273.5202587,1.0
1774932273.5372128,1.0
1774932273.5541923,1.0
1774932273.571432,1.0
1774932273.5884502,1.0
1774932273.605472,1.0
1774932273.6224048,1.0
1774932273.6393669,1.0
1774932273.6563082,1.0
1774932273.6732175,1.0
1774932273.690163,1.0
1774932273.7072332,1.0
1774932273.7241313,1.0
1774932273.741111,1.0
1774932273.7580338,1.0
1774932273.774984,1.0
1774932273.7919295,1.0
1774932273.808881,1.0
1774932273.8257978,1.0
1774932273.8428514,1.0
1774932273.859737,1.0
1774932273.876599,1.0
1774932273.8936143,1.0
1774932273.9104922,1.0
1774932273.9274747,1.0
1774932273.9444444,1.0
1774932273.961331,1.0
1774932273.978275,1.0
1774932273.995249,1.0
1774932274.012191,1.0
1774932274.0298042,1.0
1774932274.046961,1.0
1774932274.06401,1.0
1774932274.080988,1.0
1774932274.0978773,1.0
1774932274.1148374,1.0
1774932274.1317208,1.0
1774932274.1486084,1.0
1774932274.165563,1.0
1774932274.1825058,1.0
1774932274.1994038,1.0
1774932274.2164972,1.0
1774932274.233422,1.0
1774932274.250565,1.0
1774932274.267554,1.0
1774932274.284462,1.0
1774932274.3013797,1.0
1774932274.31824,1.0
1774932274.3351946,1.0
1774932274.3520966,1.0
1774932274.3689892,1.0
1774932274.3860016,1.0
1774932274.40286,1.0
1774932274.4197323,1.0
1774932274.4367015,1.0
1774932274.4536116,1.0
1774932274.4704955,1.0
1774932274.487456,1.0
1774932274.504484,1.0
1774932274.5214133,1.0
1774932274.538355,1.0
1774932274.555315,1.0
1774932274.5726678,1.0
1774932274.589649,1.0
1774932274.6066146,1.0
1774932274.623532,1.0
1774932274.6404078,1.0
1774932274.6574142,1.0
1774932274.674356,1.0
1774932274.691206,1.0
1774932274.7081816,1.0
1774932274.7251117,1.0
1774932274.7420614,1.0
1774932274.758943,1.0
1774932274.7758942,1.0
1774932274.792848,1.0
1774932274.8097582,1.0
1774932274.8269274,1.0
1774932274.8437476,1.0
1774932274.8606365,1.0
1774932274.8777092,1.0
1774932274.8946166,1.0
1774932274.911541,1.0
1774932274.9285033,1.0
1774932274.9455495,1.0
1774932274.9624298,1.0
1774932274.979367,1.0
1774932274.996417,1.0
1774932275.013361,1.0
1774932275.0319061,1.0
1774932275.0489085,1.0
1774932275.0657814,1.0
1774932275.0827243,1.0
1774932275.0997093,1.0
1774932275.116579,1.0
1774932275.1334665,1.0
1774932275.150403,1.0
1774932275.1672761,1.0
1774932275.1844335,1.0
1774932275.201478,1.0
1774932275.2187612,1.0
1774932275.2356594,1.0
1774932275.2527938,1.0
1774932275.2696807,1.0
1774932275.286881,1.0
1774932275.3038602,1.0
1774932275.3208292,1.0
1774932275.3378098,1.0
1774932275.354722,1.0
1774932275.3716414,1.0
1774932275.4052336,1.0
1774932275.4221778,1.0
1774932275.4392276,1.0
1774932275.456154,1.0
1774932275.4736986,1.0
1774932275.4909873,1.0
1774932275.5080178,1.0
1774932275.5249977,1.0
1774932275.5420322,1.0
1774932275.5589256,1.0
1774932275.5759292,1.0
1774932275.5928967,1.0
1774932275.6098382,1.0
1774932275.6269317,1.0
1774932275.6439116,1.0
1774932275.6608233,1.0
1774932275.6777697,1.0
1774932275.6946828,1.0
1774932275.7115722,1.0
1774932275.7285361,1.0
1774932275.7455993,1.0
1774932275.7625434,1.0
1774932275.7795985,1.0
1774932275.7965584,1.0
1774932275.81348,1.0
1774932275.8305538,1.0
1774932275.8474681,1.0
1774932275.864379,1.0
1774932275.8814247,1.0
1774932275.8984494,1.0
1774932275.9153438,1.0
1774932275.9322486,1.0
1774932275.9491305,1.0
1774932275.9661047,1.0
1774932275.9830732,1.0
1774932276.0000834,1.0
1774932276.0169947,1.0
1774932276.0349011,1.0
1774932276.0520356,1.0
1774932276.069008,1.0
1774932276.0859149,1.0
1774932276.102937,1.0
1774932276.1198893,1.0
1774932276.1369305,1.0
1774932276.1538367,1.0
1774932276.1708562,1.0
1774932276.1877985,1.0
1774932276.2047234,1.0
1774932276.2218628,1.0
1774932276.2387397,1.0
1774932276.255827,1.0
1774932276.2727172,1.0
1774932276.2897642,1.0
1774932276.3066497,1.0
1774932276.323609,1.0
1774932276.3405037,1.0
1774932276.3573697,1.0
1774932276.3742678,1.0
1774932276.3912835,1.0
1774932276.4081483,1.0
1774932276.4251041,1.0
1774932276.4419787,1.0
1774932276.4590101,1.0
1774932276.475905,1.0
1774932276.4930546,1.0
1774932276.5100641,1.0
1774932276.527018,1.0
1774932276.5440717,1.0
1774932276.5609515,1.0
1774932276.578082,1.0
1774932276.595299,1.0
1774932276.61223,1.0
1774932276.6293175,1.0
1774932276.6462266,1.0
1774932276.6633053,1.0
1774932276.6803098,1.0
1774932276.697303,1.0
1774932276.7142334,1.0
1774932276.7312016,1.0
1774932276.7481282,1.0
1774932276.765083,1.0
1774932276.7820156,1.0
1774932276.7989633,1.0
1774932276.8159213,1.0
1774932276.8329384,1.0
1774932276.849895,1.0
1774932276.8668034,1.0
1774932276.8838134,1.0
1774932276.9007444,1.0
1774932276.9178424,1.0
1774932276.9347553,1.0
1774932276.9518256,1.0
1774932276.968757,1.0
1774932276.9856975,1.0
1774932277.0027418,1.0
1774932277.0196264,1.0
1774932277.0377393,1.0
1774932277.0546892,1.0
1774932277.0717323,1.0
1774932277.0886188,1.0
1774932277.105584,1.0
1774932277.131657,1.0
1774932277.1572752,1.0
1774932277.174204,1.0
1774932277.1911867,1.0
1774932277.2084517,1.0
1774932277.225498,1.0
1774932277.2424638,1.0
1774932277.2595289,1.0
1774932277.276596,1.0
1774932277.2937355,1.0
1774932277.3106647,1.0
1774932277.3276932,1.0
1774932277.344612,1.0
1774932277.3615682,1.0
1774932277.3786104,1.0
1774932277.3956654,1.0
1774932277.4125733,1.0
1774932277.4294968,1.0
1774932277.4464672,1.0
1774932277.463383,1.0
1774932277.480345,1.0
1774932277.4976275,1.0
1774932277.5145886,1.0
1774932277.5318618,1.0
1774932277.5488245,1.0
1774932277.56591,1.0
1774932277.5831168,1.0
1774932277.600144,1.0
1774932277.617047,1.0
1774932277.634174,1.0
1774932277.6510544,1.0
1774932277.6679265,1.0
1774932277.6848426,1.0
1774932277.7017577,1.0
1774932277.718626,1.0
1774932277.735494,1.0
1774932277.7524729,1.0
1774932277.7694128,1.0
1774932277.7863371,1.0
1774932277.8032498,1.0
1774932277.8201067,1.0
1774932277.8372707,1.0
1774932277.854144,1.0
1774932277.8710396,1.0
1774932277.8879888,1.0
1774932277.9049594,1.0
1774932277.9220238,1.0
1774932277.9389164,1.0
1774932277.9558382,1.0
1774932277.9727716,1.0
1774932277.9899106,1.0
1774932278.006819,1.0
1774932278.0244956,1.0
1774932278.0420666,1.0
1774932278.059026,1.0
1774932278.0759683,1.0
1774932278.0929282,1.0
1774932278.1098702,1.0
1774932278.1268327,1.0
1774932278.1439278,1.0
1774932278.160846,1.0
1774932278.1777894,1.0
1774932278.1949203,1.0
1774932278.2119331,1.0
1774932278.2289913,1.0
1774932278.2461321,1.0
1774932278.263289,1.0
1774932278.280262,1.0
1774932278.2973921,1.0
1774932278.314403,1.0
1774932278.331403,1.0
1774932278.348532,1.0
1774932278.365488,1.0
1774932278.382453,1.0
1774932278.3994558,1.0
1774932278.4164045,1.0
1774932278.4333801,1.0
1774932278.4504638,1.0
1774932278.467431,1.0
1774932278.4844327,1.0
1774932278.5016718,1.0
1774932278.518682,1.0
1774932278.535699,1.0
1774932278.552658,1.0
1774932278.5696483,1.0
1774932278.5867698,1.0
1774932278.6037796,1.0
1774932278.620753,1.0
1774932278.6377165,1.0
1774932278.6546907,1.0
1774932278.6716478,1.0
1774932278.688644,1.0
1774932278.705743,1.0
1774932278.7228687,1.0
1774932278.739881,1.0
1774932278.756848,1.0
1774932278.773824,1.0
1774932278.790847,1.0
1774932278.807828,1.0
1774932278.8248525,1.0
1774932278.841751,1.0
1774932278.8587341,1.0
1774932278.8757133,1.0
1774932278.89284,1.0
1774932278.909816,1.0
1774932278.9268043,1.0
1774932278.94375,1.0
1774932278.960608,1.0
1774932278.9775758,1.0
1774932278.9947476,1.0
1774932279.0117154,1.0
1774932279.0298402,1.0
1774932279.0467618,1.0
1774932279.0638916,1.0
1774932279.081041,1.0
1774932279.0981498,1.0
1774932279.1151297,1.0
1774932279.1322277,1.0
1774932279.1492748,1.0
1774932279.1663811,1.0
1774932279.1833766,1.0
1774932279.2005744,1.0
1774932279.218122,1.0
1774932279.2352486,1.0
1774932279.252416,1.0
1774932279.2694814,1.0
1774932279.2868748,1.0
1774932279.3039465,1.0
1774932279.3209076,1.0
1774932279.337767,1.0
1774932279.3547645,1.0
1774932279.371752,1.0
1774932279.3887339,1.0
1774932279.4057467,1.0
1774932279.4227743,1.0
1774932279.439903,1.0
1774932279.4568782,1.0
1774932279.4741936,1.0
1774932279.491228,1.0
1774932279.5085256,1.0
1774932279.5255363,1.0
1774932279.5426767,1.0
1774932279.5596435,1.0
1774932279.577253,1.0
1774932279.5942924,1.0
1774932279.6113863,1.0
1774932279.6283877,1.0
1774932279.64546,1.0
1774932279.6624894,1.0
1774932279.6796074,1.0
1774932279.6966271,1.0
1774932279.7137825,1.0
1774932279.73077,1.0
1774932279.7479186,1.0
1774932279.7648916,1.0
1774932279.7821412,1.0
1774932279.7991529,1.0
1774932279.8160577,1.0
1774932279.8331242,1.0
1774932279.850232,1.0
1774932279.8672338,1.0
1774932279.8843997,1.0
1774932279.9015777,1.0
1774932279.9185524,1.0
1774932279.935769,1.0
1774932279.9527347,1.0
1774932279.9698074,1.0
1774932279.9869256,1.0
1774932280.003982,1.0
1774932280.022276,1.0
1774932280.0395248,1.0
1774932280.056666,1.0
1774932280.0736501,1.0
1774932280.090878,1.0
1774932280.1078744,1.0
1774932280.125107,1.0
1774932280.1420817,1.0
1774932280.159185,1.0
1774932280.176226,1.0
1774932280.1933858,1.0
1774932280.2106328,1.0
1774932280.2275188,1.0
1774932280.2444544,1.0
1774932280.2617383,1.0
1774932280.278876,1.0
1774932280.2961204,1.0
1774932280.3130584,1.0
1774932280.3300471,1.0
1774932280.3469684,1.0
1774932280.3640382,1.0
1774932280.3810089,1.0
1774932280.3981793,1.0
1774932280.415107,1.0
1774932280.4321904,1.0
1774932280.449203,1.0
1774932280.4663203,1.0
1774932280.4832478,1.0
1774932280.5006015,1.0
1774932280.5175014,1.0
1774932280.5345829,1.0
1774932280.5515542,1.0
1774932280.5688145,1.0
1774932280.5857987,1.0
1774932280.6034842,1.0
1774932280.6204083,1.0
1774932280.6375475,1.0
1774932280.6545072,1.0
1774932280.6715682,1.0
1774932280.688527,1.0
1774932280.7055924,1.0
1774932280.722537,1.0
1774932280.7396495,1.0
1774932280.7566721,1.0
1774932280.7737563,1.0
1774932280.7906752,1.0
1774932280.8077815,1.0
1774932280.8247368,1.0
1774932280.8418136,1.0
1774932280.8587458,1.0
1774932280.875904,1.0
1774932280.8928351,1.0
1774932280.9098914,1.0
1774932280.9268253,1.0
1774932280.9439352,1.0
1774932280.9609616,1.0
1774932280.9780452,1.0
1774932280.9949682,1.0
1774932281.0120358,1.0
1774932281.0296922,1.0
1774932281.0473251,1.0
1774932281.0642354,1.0
1774932281.0812974,1.0
1774932281.0982938,1.0
1774932281.1153977,1.0
1774932281.1323059,1.0
1774932281.1494205,1.0
1774932281.166348,1.0
1774932281.1832676,1.0
1774932281.2003033,1.0
1774932281.2179112,1.0
1774932281.23487,1.0
1774932281.2519658,1.0
1774932281.2688825,1.0
1774932281.286348,1.0
1774932281.3032067,1.0
1774932281.3202894,1.0
1774932281.3372955,1.0
1774932281.354356,1.0
1774932281.3713324,1.0
1774932281.3884459,1.0
1774932281.4054387,1.0
1774932281.4222765,1.0
1774932281.4391782,1.0
1774932281.4563494,1.0
1774932281.4733524,1.0
1774932281.4904718,1.0
1774932281.507638,1.0
1774932281.5247223,1.0
1774932281.542333,1.0
1774932281.5593808,1.0
1774932281.5765097,1.0
1774932281.5935426,1.0
1774932281.6104734,1.0
1774932281.627811,1.0
1774932281.6447349,1.0
1774932281.6619868,1.0
1774932281.6789145,1.0
1774932281.6960096,1.0
1774932281.71295,1.0
1774932281.7302625,1.0
1774932281.7471874,1.0
1774932281.7642658,1.0
1774932281.7812073,1.0
1774932281.798421,1.0
1774932281.8153372,1.0
1774932281.832604,1.0
1774932281.849503,1.0
1774932281.8665748,1.0
1774932281.8835435,1.0
1774932281.900627,1.0
1774932281.9176342,1.0
1774932281.9347494,1.0
1774932281.951838,1.0
1774932281.968949,1.0
1774932281.985861,1.0
1774932282.0028863,1.0
1774932282.0199745,1.0
1774932282.0381148,1.0
1774932282.0551527,1.0
1774932282.0723114,1.0
1774932282.0892048,1.0
1774932282.1063142,1.0
1774932282.123231,1.0
1774932282.140429,1.0
1774932282.1573417,1.0
1774932282.174343,1.0
1774932282.1912653,1.0
1774932282.2087343,1.0
1774932282.2256951,1.0
1774932282.2427475,1.0
1774932282.2597325,1.0
1774932282.276791,1.0
1774932282.2940001,1.0
1774932282.3111107,1.0
1774932282.328099,1.0
1774932282.3451881,1.0
1774932282.3620884,1.0
1774932282.3791327,1.0
1774932282.3960268,1.0
1774932282.41312,1.0
1774932282.4300456,1.0
1774932282.4472518,1.0
1774932282.4641607,1.0
1774932282.4812117,1.0
1774932282.4984334,1.0
1774932282.5154915,1.0
1774932282.5323877,1.0
1774932282.549567,1.0
1774932282.5665145,1.0
1774932282.583873,1.0
1774932282.6008356,1.0
1774932282.6178248,1.0
1774932282.6347356,1.0
1774932282.6518495,1.0
1774932282.6687655,1.0
1774932282.6858537,1.0
1774932282.7027853,1.0
1774932282.7199047,1.0
1774932282.7368026,1.0
1774932282.7538788,1.0
1774932282.7708766,1.0
1774932282.7879786,1.0
1774932282.804916,1.0
1774932282.8220546,1.0
1774932282.8391008,1.0
1774932282.8562083,1.0
1774932282.8731854,1.0
1774932282.8903913,1.0
1774932282.9072871,1.0
1774932282.9242022,1.0
1774932282.94119,1.0
1774932282.9583244,1.0
1774932282.9752576,1.0
1774932282.9923484,1.0
1774932283.0093725,1.0
1774932283.0277255,1.0
1774932283.0446696,1.0
1774932283.0617769,1.0
1774932283.078755,1.0
1774932283.09586,1.0
1774932283.1128333,1.0
1774932283.129891,1.0
1774932283.1468358,1.0
1774932283.1639166,1.0
1774932283.1808665,1.0
1774932283.1979728,1.0
1774932283.2151926,1.0
1774932283.2321842,1.0
1774932283.2492232,1.0
1774932283.2661269,1.0
1774932283.2831078,1.0
1774932283.300168,1.0
1774932283.3171508,1.0
1774932283.334046,1.0
1774932283.3509796,1.0
1774932283.3681085,1.0
1774932283.385037,1.0
1774932283.4021978,1.0
1774932283.419216,1.0
1774932283.436412,1.0
1774932283.4534655,1.0
1774932283.4705431,1.0
1774932283.4874978,1.0
1774932283.5048685,1.0
1774932283.521796,1.0
1774932283.5389264,1.0
1774932283.5558727,1.0
1774932283.572996,1.0
1774932283.589999,1.0
1774932283.6071997,1.0
1774932283.6241412,1.0
1774932283.6412761,1.0
1774932283.6583042,1.0
1774932283.675582,1.0
1774932283.6925135,1.0
1774932283.7097156,1.0
1774932283.7266965,1.0
1774932283.7437723,1.0
1774932283.7606921,1.0
1774932283.7778115,1.0
1774932283.7947166,1.0
1774932283.8118906,1.0
1774932283.8291423,1.0
1774932283.846164,1.0
1774932283.8631637,1.0
1774932283.880408,1.0
1774932283.8973746,1.0
1774932283.9148674,1.0
1774932283.931798,1.0
1774932283.9489594,1.0
1774932283.965882,1.0
1774932283.9831586,1.0
1774932284.0000968,1.0
1774932284.0171754,1.0
1774932284.0356457,1.0
1774932284.0527365,1.0
1774932284.0696585,1.0
1774932284.0867827,1.0
1774932284.1037169,1.0
1774932284.1208014,1.0
1774932284.137693,1.0
1774932284.154791,1.0
1774932284.171771,1.0
1774932284.1887891,1.0
1774932284.2058654,1.0
1774932284.223168,1.0
1774932284.240098,1.0
1774932284.257353,1.0
1774932284.274255,1.0
1774932284.2913446,1.0
1774932284.3082752,1.0
1774932284.3253849,1.0
1774932284.3423183,1.0
1774932284.3593745,1.0
1774932284.3762753,1.0
1774932284.3932507,1.0
1774932284.410265,1.0
1774932284.427186,1.0
1774932284.444171,1.0
1774932284.460998,1.0
1774932284.477928,1.0
1774932284.4948869,1.0
1774932284.5122995,1.0
1774932284.5293586,1.0
1774932284.5463014,1.0
1774932284.563222,1.0
1774932284.5803897,1.0
1774932284.5974362,1.0
1774932284.6145258,1.0
1774932284.6316028,1.0
1774932284.6485615,1.0
1774932284.6658592,1.0
1774932284.682799,1.0
1774932284.6998177,1.0
1774932284.7167647,1.0
1774932284.733769,1.0
1774932284.7507565,1.0
1774932284.7678301,1.0
1774932284.7848086,1.0
1774932284.801923,1.0
1774932284.8188858,1.0
1774932284.8361197,1.0
1774932284.853166,1.0
1774932284.8703344,1.0
1774932284.8873234,1.0
1774932284.9044192,1.0
1774932284.9214063,1.0
1774932284.9384816,1.0
1774932284.9554896,1.0
1774932284.972495,1.0
1774932284.989438,1.0
1774932285.0066097,1.0
1774932285.024775,1.0
1774932285.041954,1.0
1774932285.0588965,1.0
1774932285.076101,1.0
1774932285.093032,1.0
1774932285.1099918,1.0
1774932285.1270037,1.0
1774932285.1440923,1.0
1774932285.161037,1.0
1774932285.178097,1.0
1774932285.195059,1.0
1774932285.2125642,1.0
1774932285.2295196,1.0
1774932285.246809,1.0
1774932285.263701,1.0
1774932285.280993,1.0
1774932285.2979684,1.0
1774932285.3151553,1.0
1774932285.3320792,1.0
1774932285.349276,1.0
1774932285.3662202,1.0
1774932285.3833199,1.0
1774932285.4004066,1.0
1774932285.417516,1.0
1774932285.4344459,1.0
1774932285.451402,1.0
1774932285.468401,1.0
1774932285.485512,1.0
1774932285.502648,1.0
1774932285.519746,1.0
1774932285.536672,1.0
1774932285.5537179,1.0
1774932285.570663,1.0
1774932285.5880063,1.0
1774932285.6049771,1.0
1774932285.6221135,1.0
1774932285.6390285,1.0
1774932285.65598,1.0
1774932285.672902,1.0
1774932285.6899567,1.0
1774932285.706996,1.0
1774932285.7242162,1.0
1774932285.7412179,1.0
1774932285.7581723,1.0
1774932285.7751198,1.0
1774932285.7920482,1.0
1774932285.8089986,1.0
1774932285.8260279,1.0
1774932285.8430514,1.0
1774932285.860045,1.0
1774932285.8769672,1.0
1774932285.8938994,1.0
1774932285.91095,1.0
1774932285.9280636,1.0
1774932285.9450266,1.0
1774932285.961828,1.0
1774932285.9787962,1.0
1774932285.9957502,1.0
1774932286.012759,1.0
1774932286.0314357,1.0
1774932286.048358,1.0
1774932286.065357,1.0
1774932286.082354,1.0
1774932286.099355,1.0
1774932286.116387,1.0
1774932286.13332,1.0
1774932286.1502702,1.0
1774932286.1671937,1.0
1774932286.1841743,1.0
1774932286.2010677,1.0
1774932286.218501,1.0
1774932286.2354383,1.0
1774932286.2524807,1.0
1774932286.2694213,1.0
1774932286.2866442,1.0
1774932286.303566,1.0
1774932286.3205588,1.0
1774932286.337504,1.0
1774932286.3544588,1.0
1774932286.371434,1.0
1774932286.388381,1.0
1774932286.4054186,1.0
1774932286.422255,1.0
1774932286.4392238,1.0
1774932286.4561784,1.0
1774932286.4731512,1.0
1774932286.4901326,1.0
1774932286.5072775,1.0
1774932286.5242236,1.0
1774932286.5412118,1.0
1774932286.558159,1.0
1774932286.5750966,1.0
1774932286.5921474,1.0
1774932286.6092227,1.0
1774932286.6261532,1.0
1774932286.6430697,1.0
1774932286.6600266,1.0
1774932286.6769612,1.0
1774932286.693922,1.0
1774932286.7108362,1.0
1774932286.7277718,1.0
1774932286.744767,1.0
1774932286.7618155,1.0
1774932286.7787547,1.0
1774932286.7956629,1.0
1774932286.8126621,1.0
1774932286.8298085,1.0
1774932286.8467152,1.0
1774932286.86386,1.0
1774932286.8807905,1.0
1774932286.89776,1.0
1774932286.9147162,1.0
1774932286.9316533,1.0
1774932286.948597,1.0
1774932286.9655747,1.0
1774932286.9824965,1.0
1774932286.9994054,1.0
1774932287.0164475,1.0
1774932287.0344357,1.0
1774932287.0513084,1.0
1774932287.0682182,1.0
1774932287.0851495,1.0
1774932287.1021311,1.0
1774932287.1190615,1.0
1774932287.136094,1.0
1774932287.1530623,1.0
1774932287.1700823,1.0
1774932287.1870034,1.0
1774932287.203903,1.0
1774932287.2210085,1.0
1774932287.237997,1.0
1774932287.2550995,1.0
1774932287.2720084,1.0
1774932287.2890499,1.0
1774932287.3059635,1.0
1774932287.3229513,1.0
1774932287.3398817,1.0
1774932287.3568316,1.0
1774932287.373796,1.0
1774932287.3907173,1.0
1774932287.4077384,1.0
1774932287.4246757,1.0
1774932287.4414916,1.0
1774932287.4583716,1.0
1774932287.4753723,1.0
1774932287.4923706,1.0
1774932287.50947,1.0
1774932287.5265086,1.0
1774932287.5449693,1.0
1774932287.561977,1.0
1774932287.5791426,1.0
1774932287.5961235,1.0
1774932287.6131513,1.0
1774932287.6301463,1.0
1774932287.6470258,1.0
1774932287.663862,1.0
1774932287.6810777,1.0
1774932287.6979537,1.0
1774932287.7148175,1.0
1774932287.731686,1.0
1774932287.7485573,1.0
1774932287.7658923,1.0
1774932287.782825,1.0
1774932287.7996652,1.0
1774932287.8165517,1.0
1774932287.8336139,1.0
1774932287.8504539,1.0
1774932287.8672943,1.0
1774932287.8842313,1.0
1774932287.9010808,1.0
1774932287.918044,1.0
1774932287.9355073,1.0
1774932287.9523547,1.0
1774932287.969462,1.0
1774932287.9863565,1.0
1774932288.0033202,1.0
1774932288.0201735,1.0
1774932288.0388224,1.0
1774932288.0556827,1.0
1774932288.0725374,1.0
1774932288.0894103,1.0
1774932288.1062691,1.0
1774932288.1231513,1.0
1774932288.140084,1.0
1774932288.1569426,1.0
1774932288.174008,1.0
1774932288.19087,1.0
1774932288.2080228,1.0
1774932288.2251687,1.0
1774932288.242113,1.0
1774932288.2590833,1.0
1774932288.2759488,1.0
1774932288.2930052,1.0
1774932288.3099732,1.0
1774932288.3268483,1.0
1774932288.3440073,1.0
1774932288.360915,1.0
1774932288.3778248,1.0
1774932288.3947446,1.0
1774932288.411652,1.0
1774932288.428531,1.0
1774932288.445426,1.0
1774932288.4623845,1.0
1774932288.4793756,1.0
1774932288.4963846,1.0
1774932288.5134103,1.0
1774932288.5302625,1.0
1774932288.54711,1.0
1774932288.5639372,1.0
1774932288.5808723,1.0
1774932288.5976944,1.0
1774932288.614638,1.0
1774932288.6315415,1.0
1774932288.6484003,1.0
1774932288.6652906,1.0
1774932288.682062,1.0
1774932288.6989627,1.0
1774932288.7159662,1.0
1774932288.7328098,1.0
1774932288.7496073,1.0
1774932288.7664733,1.0
1774932288.7833092,1.0
1774932288.80012,1.0
1774932288.8170288,1.0
1774932288.834033,1.0
1774932288.850826,1.0
1774932288.867701,1.0
1774932288.8844733,1.0
1774932288.9012604,1.0
1774932288.918173,1.0
1774932288.9349918,1.0
1774932288.9519982,1.0
1774932288.9687822,1.0
1774932288.9857223,1.0
1774932289.0024946,1.0
1774932289.0194154,1.0
1774932289.0377786,1.0
1774932289.054546,1.0
1774932289.0714178,1.0
1774932289.0883873,1.0
1774932289.1051807,1.0
1774932289.121981,1.0
1774932289.1388052,1.0
1774932289.1557035,1.0
1774932289.1725757,1.0
1774932289.189359,1.0
1774932289.2061963,1.0
1774932289.2231927,1.0
1774932289.2399879,1.0
1774932289.256939,1.0
1774932289.273708,1.0
1774932289.2906086,1.0
1774932289.3073833,1.0
1774932289.3242486,1.0
1774932289.3410528,1.0
1774932289.3578496,1.0
1774932289.374704,1.0
1774932289.3914833,1.0
1774932289.4082372,1.0
1774932289.425128,1.0
1774932289.4420881,1.0
1774932289.458844,1.0
1774932289.475777,1.0
1774932289.4926898,1.0
1774932289.5095801,1.0
1774932289.5263507,1.0
1774932289.5432727,1.0
1774932289.5600567,1.0
1774932289.576946,1.0
1774932289.5938988,1.0
1774932289.6106887,1.0
1774932289.6275826,1.0
1774932289.6443753,1.0
1774932289.6611292,1.0
1774932289.6779034,1.0
1774932289.6948328,1.0
1774932289.7116458,1.0
1774932289.7284176,1.0
1774932289.7451935,1.0
1774932289.7619607,1.0
1774932289.7788236,1.0
1774932289.7956028,1.0
1774932289.812934,1.0
1774932289.829979,1.0
1774932289.8467267,1.0
1774932289.8634906,1.0
1774932289.8803494,1.0
1774932289.8972073,1.0
1774932289.9140937,1.0
1774932289.9310145,1.0
1774932289.9479299,1.0
1774932289.9647555,1.0
1774932289.9816668,1.0
1774932289.9984546,1.0
1774932290.0152843,1.0
1774932290.0333064,1.0
1774932290.050156,1.0
1774932290.066939,1.0
1774932290.0837905,1.0
1774932290.1007907,1.0
1774932290.1176002,1.0
1774932290.1344554,1.0
1774932290.1513028,1.0
1774932290.1680996,1.0
1774932290.184959,1.0
1774932290.201946,1.0
1774932290.219086,1.0
1774932290.2358549,1.0
1774932290.2528167,1.0
1774932290.2695756,1.0
1774932290.286524,1.0
1774932290.303285,1.0
1774932290.320175,1.0
1774932290.33705,1.0
1774932290.3539753,1.0
1774932290.3707557,1.0
1774932290.3875816,1.0
1774932290.4043765,1.0
1774932290.421294,1.0
1774932290.4381287,1.0
1774932290.4549031,1.0
1774932290.4718306,1.0
1774932290.4887385,1.0
1774932290.5056741,1.0
1774932290.5224748,1.0
1774932290.5392544,1.0
1774932290.556138,1.0
1774932290.5729072,1.0
1774932290.589996,1.0
1774932290.606833,1.0
1774932290.6237917,1.0
1774932290.640688,1.0
1774932290.657452,1.0
1774932290.6743,1.0
1774932290.6912048,1.0
1774932290.7081864,1.0
1774932290.7249591,1.0
1774932290.7417462,1.0
1774932290.7586236,1.0
1774932290.7754612,1.0
1774932290.7923036,1.0
1774932290.8090703,1.0
1774932290.8259134,1.0
1774932290.8427875,1.0
1774932290.859574,1.0
1774932290.8763592,1.0
1774932290.8931355,1.0
1774932290.9099898,1.0
1774932290.9267662,1.0
1774932290.9436982,1.0
1774932290.9605093,1.0
1774932290.9773507,1.0
1774932290.9944098,1.0
1774932291.011227,1.0
1774932291.0289266,1.0
1774932291.04596,1.0
1774932291.0627213,1.0
1774932291.0795188,1.0
1774932291.0965028,1.0
1774932291.113304,1.0
1774932291.1301203,1.0
1774932291.1469085,1.0
1774932291.1636746,1.0
1774932291.1804786,1.0
1774932291.1972973,1.0
1774932291.2144542,1.0
1774932291.2313418,1.0
1774932291.2482343,1.0
1774932291.26526,1.0
1774932291.2822838,1.0
1774932291.2992525,1.0
1774932291.3160615,1.0
1774932291.3330376,1.0
1774932291.3499186,1.0
1774932291.3667324,1.0
1774932291.3835578,1.0
1774932291.40044,1.0
1774932291.4172747,1.0
1774932291.4340963,1.0
1774932291.4508784,1.0
1774932291.4677086,1.0
1774932291.4846294,1.0
1774932291.5013838,1.0
1774932291.518375,1.0
1774932291.5352004,1.0
1774932291.551995,1.0
1774932291.5689373,1.0
1774932291.5859122,1.0
1774932291.6027782,1.0
1774932291.619668,1.0
1774932291.6364675,1.0
1774932291.6532211,1.0
1774932291.6700988,1.0
1774932291.6868608,1.0
1774932291.7036483,1.0
1774932291.7204945,1.0
1774932291.73733,1.0
1774932291.7541745,1.0
1774932291.7710702,1.0
1774932291.787829,1.0
1774932291.8047686,1.0
1774932291.8216348,1.0
1774932291.8385892,1.0
1774932291.8559344,1.0
1774932291.8728943,1.0
1774932291.8897333,1.0
1774932291.906618,1.0
1774932291.9236038,1.0
1774932291.940521,1.0
1774932291.9573357,1.0
1774932291.9741757,1.0
1774932291.9911356,1.0
1774932292.0079808,1.0
1774932292.0254724,1.0
1774932292.0426836,1.0
1774932292.059542,1.0
1774932292.0764713,1.0
1774932292.0933511,1.0
1774932292.1102607,1.0
1774932292.1272726,1.0
1774932292.1441805,1.0
1774932292.1610603,1.0
1774932292.178002,1.0
1774932292.194869,1.0
1774932292.211887,1.0
1774932292.2287724,1.0
1774932292.2458513,1.0
1774932292.2626917,1.0
1774932292.279705,1.0
1774932292.296754,1.0
1774932292.3136325,1.0
1774932292.3306022,1.0
1774932292.3475614,1.0
1774932292.3644242,1.0
1774932292.3812697,1.0
1774932292.3981547,1.0
1774932292.415027,1.0
1774932292.4318843,1.0
1774932292.4487476,1.0
1774932292.4656134,1.0
1774932292.4825633,1.0
1774932292.4994333,1.0
1774932292.516544,1.0
1774932292.5334353,1.0
1774932292.5503988,1.0
1774932292.567311,1.0
1774932292.5842893,1.0
1774932292.6012032,1.0
1774932292.618156,1.0
1774932292.635047,1.0
1774932292.6519423,1.0
1774932292.6688268,1.0
1774932292.6856887,1.0
1774932292.7025516,1.0
1774932292.7194176,1.0
1774932292.7362876,1.0
1774932292.7531776,1.0
1774932292.7700496,1.0
1774932292.7869112,1.0
1774932292.803872,1.0
1774932292.820768,1.0
1774932292.8378222,1.0
1774932292.8547037,1.0
1774932292.8715594,1.0
1774932292.8884315,1.0
1774932292.905357,1.0
1774932292.9222686,1.0
1774932292.9391742,1.0
1774932292.9560404,1.0
1774932292.9729168,1.0
1774932292.989787,1.0
1774932293.0066836,1.0
1774932293.0244002,1.0
1774932293.0416403,1.0
1774932293.0585048,1.0
1774932293.0753844,1.0
1774932293.0922358,1.0
1774932293.1091397,1.0
1774932293.1260202,1.0
1774932293.1429012,1.0
1774932293.1597714,1.0
1774932293.1767619,1.0
1774932293.1936758,1.0
1774932293.21063,1.0
1774932293.22768,1.0
1774932293.2447238,1.0
1774932293.2617795,1.0
1774932293.278665,1.0
1774932293.2957184,1.0
1774932293.31258,1.0
1774932293.3294907,1.0
1774932293.3464131,1.0
1774932293.363318,1.0
1774932293.3801754,1.0
1774932293.3970437,1.0
1774932293.4139233,1.0
1774932293.4308102,1.0
1774932293.4477055,1.0
1774932293.4646502,1.0
1774932293.4815776,1.0
1774932293.4985719,1.0
1774932293.51574,1.0
1774932293.5326374,1.0
1774932293.54957,1.0
1774932293.5664248,1.0
1774932293.5833797,1.0
1774932293.6002283,1.0
1774932293.6170888,1.0
1774932293.6340058,1.0
1774932293.650868,1.0
1774932293.667721,1.0
1774932293.6846907,1.0
1774932293.7015777,1.0
1774932293.7184803,1.0
1774932293.735386,1.0
1774932293.7522671,1.0
1774932293.7691605,1.0
1774932293.7860308,1.0
1774932293.8029857,1.0
1774932293.8198419,1.0
1774932293.8368728,1.0
1774932293.8537323,1.0
1774932293.8706276,1.0
1774932293.887537,1.0
1774932293.9049194,1.0
1774932293.9219534,1.0
1774932293.9388623,1.0
1774932293.955723,1.0
1774932293.9726505,1.0
1774932293.9895782,1.0
1774932294.006569,1.0
1774932294.0242288,1.0
1774932294.0414495,1.0
1774932294.0583389,1.0
1774932294.0752485,1.0
1774932294.0921414,1.0
1774932294.109038,1.0
1774932294.1259174,1.0
1774932294.142793,1.0
1774932294.1596959,1.0
1774932294.176564,1.0
1774932294.19344,1.0
1774932294.210673,1.0
1774932294.227519,1.0
1774932294.2443771,1.0
1774932294.2613413,1.0
1774932294.2782183,1.0
1774932294.2952669,1.0
1774932294.3121235,1.0
1774932294.3290598,1.0
1774932294.3459141,1.0
1774932294.362772,1.0
1774932294.3797286,1.0
1774932294.3966105,1.0
1774932294.413499,1.0
1774932294.430527,1.0
1774932294.4473717,1.0
1774932294.464227,1.0
1774932294.4810824,1.0
1774932294.4980283,1.0
1774932294.5150728,1.0
1774932294.5319386,1.0
1774932294.5488148,1.0
1774932294.5656998,1.0
1774932294.5825741,1.0
1774932294.5995398,1.0
1774932294.6164327,1.0
1774932294.6333585,1.0
1774932294.6503093,1.0
1774932294.6681378,1.0
1774932294.685084,1.0
1774932294.702023,1.0
1774932294.7189753,1.0
1774932294.7359393,1.0
1774932294.7528758,1.0
1774932294.769752,1.0
1774932294.7866707,1.0
1774932294.8036044,1.0
1774932294.820581,1.0
1774932294.8376622,1.0
1774932294.8546016,1.0
1774932294.8715706,1.0
1774932294.8885775,1.0
1774932294.9055037,1.0
1774932294.9224873,1.0
1774932294.9394221,1.0
1774932294.9563913,1.0
1774932294.9733624,1.0
1774932294.9902806,1.0
1774932295.0072875,1.0
1774932295.0248961,1.0
1774932295.0420675,1.0
1774932295.0590389,1.0
1774932295.0759823,1.0
1774932295.0929196,1.0
1774932295.109899,1.0
1774932295.126867,1.0
1774932295.1437957,1.0
1774932295.1607733,1.0
1774932295.1776986,1.0
1774932295.1947696,1.0
1774932295.2118218,1.0
1774932295.2288299,1.0
1774932295.2458696,1.0
1774932295.2627413,1.0
1774932295.2796934,1.0
1774932295.2967446,1.0
1774932295.3136842,1.0
1774932295.3306086,1.0
1774932295.3475692,1.0
1774932295.3645117,1.0
1774932295.3814769,1.0
1774932295.3984852,1.0
1774932295.4154468,1.0
1774932295.4325035,1.0
1774932295.4494622,1.0
1774932295.4664166,1.0
1774932295.4834087,1.0
1774932295.5003507,1.0
1774932295.5175905,1.0
1774932295.534565,1.0
1774932295.5515606,1.0
1774932295.5684762,1.0
1774932295.5855093,1.0
1774932295.6024446,1.0
1774932295.6194313,1.0
1774932295.6364024,1.0
1774932295.6533947,1.0
1774932295.6703212,1.0
1774932295.6873448,1.0
1774932295.7043462,1.0
1774932295.7213268,1.0
1774932295.738254,1.0
1774932295.755158,1.0
1774932295.7721508,1.0
1774932295.7890992,1.0
1774932295.806085,1.0
1774932295.8230047,1.0
1774932295.8400102,1.0
1774932295.856937,1.0
1774932295.873891,1.0
1774932295.8908293,1.0
1774932295.9077852,1.0
1774932295.9250507,1.0
1774932295.9420664,1.0
1774932295.9594252,1.0
1774932295.9762726,1.0
1774932295.9932199,1.0
1774932296.0101829,1.0
1774932296.0283563,1.0
1774932296.0451677,1.0
1774932296.0621917,1.0
1774932296.0791907,1.0
1774932296.0961688,1.0
1774932296.1131449,1.0
1774932296.1301043,1.0
1774932296.1470766,1.0
1774932296.1640382,1.0
1774932296.1809793,1.0
1774932296.1979535,1.0
1774932296.2151778,1.0
1774932296.2321355,1.0
1774932296.2492023,1.0
1774932296.2660604,1.0
1774932296.2832696,1.0
1774932296.300142,1.0
1774932296.3170948,1.0
1774932296.3340747,1.0
1774932296.3510368,1.0
1774932296.3680048,1.0
1774932296.3849912,1.0
1774932296.4019423,1.0
1774932296.4189043,1.0
1774932296.4359148,1.0
1774932296.4529846,1.0
1774932296.4699638,1.0
1774932296.486913,1.0
1774932296.5039184,1.0
1774932296.5209472,1.0
1774932296.5379386,1.0
1774932296.5549736,1.0
1774932296.572047,1.0
1774932296.5892057,1.0
1774932296.6060803,1.0
1774932296.623098,1.0
1774932296.6400557,1.0
1774932296.657008,1.0
1774932296.6739705,1.0
1774932296.690923,1.0
1774932296.7078497,1.0
1774932296.7248297,1.0
1774932296.741784,1.0
1774932296.7587383,1.0
1774932296.7756927,1.0
1774932296.79264,1.0
1774932296.809577,1.0
1774932296.8266053,1.0
1774932296.8435516,1.0
1774932296.86046,1.0
1774932296.87741,1.0
1774932296.8944018,1.0
1774932296.9113305,1.0
1774932296.9282808,1.0
1774932296.945196,1.0
1774932296.9621918,1.0
1774932296.9792037,1.0
1774932296.9961257,1.0
1774932297.0131457,1.0
1774932297.0315914,1.0
1774932297.0484352,1.0
1774932297.0654194,1.0
1774932297.082376,1.0
1774932297.0994327,1.0
1774932297.1163945,1.0
1774932297.1333401,1.0
1774932297.1502743,1.0
1774932297.167249,1.0
1774932297.1842375,1.0
1774932297.20117,1.0
1774932297.2184513,1.0
1774932297.235539,1.0
1774932297.2525673,1.0
1774932297.269499,1.0
1774932297.2865198,1.0
1774932297.3035958,1.0
1774932297.3205538,1.0
1774932297.337525,1.0
1774932297.3544674,1.0
1774932297.371489,1.0
1774932297.3884661,1.0
1774932297.4055278,1.0
1774932297.422525,1.0
1774932297.4394872,1.0
1774932297.4564488,1.0
1774932297.4734178,1.0
1774932297.4903975,1.0
1774932297.5073144,1.0
1774932297.5244772,1.0
1774932297.54142,1.0
1774932297.558719,1.0
1774932297.57577,1.0
1774932297.5929034,1.0
1774932297.6100602,1.0
1774932297.627143,1.0
1774932297.6441762,1.0
1774932297.6611285,1.0
1774932297.6781123,1.0
1774932297.695066,1.0
1774932297.7120757,1.0
1774932297.7290113,1.0
1774932297.7459884,1.0
1774932297.7629626,1.0
1774932297.780041,1.0
1774932297.7970326,1.0
1774932297.8140023,1.0
1774932297.831122,1.0
1774932297.8480587,1.0
1774932297.8651018,1.0
1774932297.882073,1.0
1774932297.8990424,1.0
1774932297.9160182,1.0
1774932297.933138,1.0
1774932297.9502614,1.0
1774932297.9672606,1.0
1774932297.9842498,1.0
1774932298.001671,1.0
1774932298.0186367,1.0
1774932298.0370154,1.0
1774932298.053976,1.0
1774932298.070982,1.0
1774932298.087974,1.0
1774932298.104946,1.0
1774932298.1219313,1.0
1774932298.1389165,1.0
1774932298.1559646,1.0
1774932298.1729686,1.0
1774932298.189956,1.0
1774932298.2069082,1.0
1774932298.2239897,1.0
1774932298.2409997,1.0
1774932298.2581828,1.0
1774932298.275167,1.0
1774932298.2923563,1.0
1774932298.3093126,1.0
1774932298.326303,1.0
1774932298.343269,1.0
1774932298.360262,1.0
1774932298.3772047,1.0
1774932298.3942177,1.0
1774932298.411163,1.0
1774932298.4282002,1.0
1774932298.4451914,1.0
1774932298.4621916,1.0
1774932298.479124,1.0
1774932298.4961302,1.0
1774932298.5132818,1.0
1774932298.5303178,1.0
1774932298.5472555,1.0
1774932298.5641782,1.0
1774932298.5811563,1.0
1774932298.5983696,1.0
1774932298.6152992,1.0
1774932298.6322906,1.0
1774932298.6492057,1.0
1774932298.666144,1.0
1774932298.6830707,1.0
1774932298.700025,1.0
1774932298.7169585,1.0
1774932298.7338977,1.0
1774932298.7508616,1.0
1774932298.7679434,1.0
1774932298.7849157,1.0
1774932298.8018577,1.0
1774932298.8188007,1.0
1774932298.8358445,1.0
1774932298.852784,1.0
1774932298.869795,1.0
1774932298.8867218,1.0
1774932298.9036603,1.0
1774932298.920602,1.0
1774932298.9375534,1.0
1774932298.9545178,1.0
1774932298.9714353,1.0
1774932298.9883804,1.0
1774932299.0053885,1.0
1774932299.022351,1.0
1774932299.0407367,1.0
1774932299.0576808,1.0
1774932299.0746374,1.0
1774932299.0916388,1.0
1774932299.1086037,1.0
1774932299.1255496,1.0
1774932299.1424618,1.0
1774932299.15941,1.0
1774932299.176354,1.0
1774932299.1933312,1.0
1774932299.2105467,1.0
1774932299.2273836,1.0
1774932299.2444477,1.0
1774932299.2614148,1.0
1774932299.2783735,1.0
1774932299.2954767,1.0
1774932299.312468,1.0
1774932299.3294332,1.0
1774932299.346348,1.0
1774932299.3634408,1.0
1774932299.3803878,1.0
1774932299.3973205,1.0
1774932299.4142587,1.0
1774932299.431329,1.0
1774932299.4483073,1.0
1774932299.4653442,1.0
1774932299.4822981,1.0
1774932299.4992778,1.0
1774932299.5165129,1.0
1774932299.5334647,1.0
1774932299.5504718,1.0
1774932299.5673802,1.0
1774932299.5843458,1.0
1774932299.6014664,1.0
1774932299.6184049,1.0
1774932299.6354105,1.0
1774932299.6523116,1.0
1774932299.6692257,1.0
1774932299.6861417,1.0
1774932299.7031198,1.0
1774932299.720052,1.0
1774932299.7369866,1.0
1774932299.7539132,1.0
1774932299.770893,1.0
1774932299.7878962,1.0
1774932299.8048272,1.0
1774932299.8217537,1.0
1774932299.838785,1.0
1774932299.8557396,1.0
1774932299.8726861,1.0
1774932299.889633,1.0
1774932299.9066398,1.0
1774932299.9240572,1.0
1774932299.9411414,1.0
1774932299.9580748,1.0
1774932299.9750254,1.0
1774932299.9919019,1.0
1774932300.008917,1.0
1774932300.027159,1.0
1774932300.0445013,1.0
1774932300.0614567,1.0
1774932300.0784554,1.0
1774932300.0953774,1.0
1774932300.1124012,1.0
1774932300.1293232,1.0
1774932300.1463273,1.0
1774932300.1632655,1.0
1774932300.180212,1.0
1774932300.197162,1.0
1774932300.214348,1.0
1774932300.2312899,1.0
1774932300.2483044,1.0
1774932300.2651467,1.0
1774932300.2822225,1.0
1774932300.2991107,1.0
1774932300.3160555,1.0
1774932300.333096,1.0
1774932300.3500342,1.0
1774932300.366967,1.0
1774932300.383929,1.0
1774932300.401035,1.0
1774932300.4179795,1.0
1774932300.4349964,1.0
1774932300.4519331,1.0
1774932300.468876,1.0
1774932300.4860535,1.0
1774932300.503004,1.0
1774932300.520023,1.0
1774932300.5368848,1.0
1774932300.553816,1.0
1774932300.5708122,1.0
1774932300.5877988,1.0
1774932300.604745,1.0
1774932300.6216946,1.0
1774932300.638727,1.0
1774932300.6557856,1.0
1774932300.6727276,1.0
1774932300.6896877,1.0
1774932300.7066622,1.0
1774932300.7236166,1.0
1774932300.7405615,1.0
1774932300.7575586,1.0
1774932300.774489,1.0
1774932300.7914534,1.0
1774932300.8083801,1.0
1774932300.825525,1.0
1774932300.8424423,1.0
1774932300.8593855,1.0
1774932300.8763697,1.0
1774932300.8932817,1.0
1774932300.9102333,1.0
1774932300.9272346,1.0
1774932300.9441705,1.0
1774932300.9611678,1.0
1774932300.9781797,1.0
1774932300.9951115,1.0
1774932301.0121045,1.0
1774932301.0304742,1.0
1774932301.0474036,1.0
1774932301.0642002,1.0
1774932301.08118,1.0
1774932301.0980952,1.0
1774932301.115106,1.0
1774932301.1321766,1.0
1774932301.1491256,1.0
1774932301.1660595,1.0
1774932301.1830769,1.0
1774932301.2000248,1.0
1774932301.2174532,1.0
1774932301.2344158,1.0
1774932301.251484,1.0
1774932301.2683856,1.0
1774932301.2854395,1.0
1774932301.3023584,1.0
1774932301.3193114,1.0
1774932301.3362188,1.0
1774932301.353113,1.0
1774932301.370109,1.0
1774932301.3870254,1.0
1774932301.4039383,1.0
1774932301.4208531,1.0
1774932301.4380426,1.0
1774932301.455003,1.0
1774932301.4720528,1.0
1774932301.4890056,1.0
1774932301.505925,1.0
1774932301.5233083,1.0
1774932301.5402777,1.0
1774932301.5573032,1.0
1774932301.5742145,1.0
1774932301.5912228,1.0
1774932301.608197,1.0
1774932301.625158,1.0
1774932301.6421373,1.0
1774932301.659176,1.0
1774932301.6760974,1.0
1774932301.6930366,1.0
1774932301.7099571,1.0
1774932301.7269306,1.0
1774932301.7438512,1.0
1774932301.760768,1.0
1774932301.777707,1.0
1774932301.7947445,1.0
1774932301.8116798,1.0
1774932301.8288014,1.0
1774932301.845689,1.0
1774932301.8627524,1.0
1774932301.8796744,1.0
1774932301.8966315,1.0
1774932301.9136424,1.0
1774932301.9308856,1.0
1774932301.9478197,1.0
1774932301.9648025,1.0
1774932301.9817297,1.0
1774932302.001055,1.0
1774932302.0198057,1.0
1774932302.0377212,1.0
1774932302.0546398,1.0
1774932302.0715947,1.0
1774932302.0885787,1.0
1774932302.1059916,1.0
1774932302.122911,1.0
1774932302.1399047,1.0
1774932302.1568253,1.0
1774932302.1738355,1.0
1774932302.1907945,1.0
1774932302.207924,1.0
1774932302.22494,1.0
1774932302.2420075,1.0
1774932302.259032,1.0
1774932302.276024,1.0
1774932302.2932827,1.0
1774932302.3101678,1.0
1774932302.3271604,1.0
1774932302.3440871,1.0
1774932302.3609984,1.0
1774932302.3780544,1.0
1774932302.3949893,1.0
1774932302.4119375,1.0
1774932302.4288487,1.0
1774932302.4457736,1.0
1774932302.4626772,1.0
1774932302.4796536,1.0
1774932302.496637,1.0
1774932302.513912,1.0
1774932302.5308552,1.0
1774932302.5476665,1.0
1774932302.5646203,1.0
1774932302.5816135,1.0
1774932302.5988052,1.0
1774932302.6157906,1.0
1774932302.6327903,1.0
1774932302.649746,1.0
1774932302.66676,1.0
1774932302.6837325,1.0
1774932302.7008314,1.0
1774932302.7177997,1.0
1774932302.7347784,1.0
1774932302.7517831,1.0
1774932302.76878,1.0
1774932302.7857792,1.0
1774932302.8027217,1.0
1774932302.8197162,1.0
1774932302.8367834,1.0
1774932302.853693,1.0
1774932302.8706193,1.0
1774932302.8876073,1.0
1774932302.904595,1.0
1774932302.9217615,1.0
1774932302.9387352,1.0
1774932302.9557145,1.0
1774932302.9726639,1.0
1774932302.9896789,1.0
1774932303.0066175,1.0
1774932303.0245626,1.0
1774932303.0418353,1.0
1774932303.058791,1.0
1774932303.0758405,1.0
1774932303.0928743,1.0
1774932303.1098917,1.0
1774932303.1269393,1.0
1774932303.1439626,1.0
1774932303.1609964,1.0
1774932303.177973,1.0
1774932303.195051,1.0
1774932303.2121592,1.0
1774932303.2291384,1.0
1774932303.2461853,1.0
1774932303.2630546,1.0
1774932303.2800155,1.0
1774932303.297131,1.0
1774932303.3140812,1.0
1774932303.3310547,1.0
1774932303.3480253,1.0
1774932303.3649037,1.0
1774932303.3819633,1.0
1774932303.398961,1.0
1774932303.416032,1.0
1774932303.4330695,1.0
1774932303.45003,1.0
1774932303.4670856,1.0
1774932303.48405,1.0
1774932303.501158,1.0
1774932303.5182202,1.0
1774932303.5352597,1.0
1774932303.5522306,1.0
1774932303.5692375,1.0
1774932303.5862203,1.0
1774932303.6033792,1.0
1774932303.6203446,1.0
1774932303.6374328,1.0
1774932303.6544015,1.0
1774932303.6713629,1.0
1774932303.6883843,1.0
1774932303.7054152,1.0
1774932303.722395,1.0
1774932303.7393394,1.0
1774932303.756262,1.0
1774932303.773179,1.0
1774932303.7902648,1.0
1774932303.8072183,1.0
1774932303.824235,1.0
1774932303.8411567,1.0
1774932303.858132,1.0
1774932303.8750403,1.0
1774932303.8919897,1.0
1774932303.9089856,1.0
1774932303.9258816,1.0
1774932303.9428551,1.0
1774932303.9599483,1.0
1774932303.9768486,1.0
1774932303.9940002,1.0
1774932304.011044,1.0
1774932304.029158,1.0
1774932304.0460322,1.0
1774932304.0630648,1.0
1774932304.0800073,1.0
1774932304.0970392,1.0
1774932304.1139567,1.0
1774932304.1309552,1.0
1774932304.1480634,1.0
1774932304.1650035,1.0
1774932304.1820004,1.0
1774932304.1989648,1.0
1774932304.216067,1.0
1774932304.2330852,1.0
1774932304.2502325,1.0
1774932304.2671695,1.0
1774932304.284135,1.0
1774932304.3010454,1.0
1774932304.3180354,1.0
1774932304.3349547,1.0
1774932304.3518786,1.0
1774932304.3688126,1.0
1774932304.3859005,1.0
1774932304.4028594,1.0
1774932304.4199283,1.0
1774932304.4368992,1.0
1774932304.4604828,1.0
1774932304.4965355,1.0
1774932304.5335112,1.0
1774932304.5765176,1.0
1774932304.6142306,1.0
1774932304.6496732,1.0
1774932304.6810637,1.0
1774932304.7101486,1.0
1774932304.7451725,1.0
1774932304.786227,1.0
1774932304.8255117,1.0
1774932304.867498,1.0
1774932304.903507,1.0
1774932304.936175,1.0
1774932304.9735043,1.0
1774932305.0070314,1.0
1774932305.0248528,1.0
1774932305.0423217,1.0
1774932305.0593832,1.0
1774932305.0764918,1.0
1774932305.093603,1.0
1774932305.110753,1.0
1774932305.1278696,1.0
1774932305.144983,1.0
1774932305.162194,1.0
1774932305.1792986,1.0
1774932305.196431,1.0
1774932305.2138238,1.0
1774932305.2309709,1.0
1774932305.2482965,1.0
1774932305.2653294,1.0
1774932305.2825742,1.0
1774932305.2997558,1.0
1774932305.3168814,1.0
1774932305.3340583,1.0
1774932305.3511763,1.0
1774932305.368312,1.0
1774932305.385463,1.0
1774932305.4025671,1.0
1774932305.4198048,1.0
1774932305.4369547,1.0
1774932305.454102,1.0
1774932305.4713466,1.0
1774932305.4884806,1.0
1774932305.505621,1.0
1774932305.5234122,1.0
1774932305.5405366,1.0
1774932305.5576544,1.0
1774932305.5748947,1.0
1774932305.5921745,1.0
1774932305.6094763,1.0
1774932305.6266208,1.0
1774932305.6439023,1.0
1774932305.6610255,1.0
1774932305.6783361,1.0
1774932305.6954877,1.0
1774932305.7126887,1.0
1774932305.729813,1.0
1774932305.7469823,1.0
1774932305.7641056,1.0
1774932305.78128,1.0
1774932305.7983856,1.0
1774932305.8155298,1.0
1774932305.8327558,1.0
1774932305.8499982,1.0
1774932305.8671355,1.0
1774932305.884251,1.0
1774932305.9014752,1.0
1774932305.9185753,1.0
1774932305.93596,1.0
1774932305.9531121,1.0
1774932305.9702108,1.0
1774932305.9873745,1.0
1774932306.0044954,1.0
1774932306.0226083,1.0
1774932306.0404396,1.0
1774932306.057568,1.0
1774932306.0747783,1.0
1774932306.0919135,1.0
1774932306.1090217,1.0
1774932306.1262267,1.0
1774932306.1433666,1.0
1774932306.16051,1.0
1774932306.1776166,1.0
1774932306.1950889,1.0
1774932306.2130308,1.0
1774932306.2300756,1.0
1774932306.2474132,1.0
1774932306.264465,1.0
1774932306.2815776,1.0
1774932306.298729,1.0
1774932306.3160534,1.0
1774932306.33318,1.0
1774932306.3502955,1.0
1774932306.367377,1.0
1774932306.3844485,1.0
1774932306.4015741,1.0
1774932306.4186425,1.0
1774932306.4359193,1.0
1774932306.4530041,1.0
1774932306.470096,1.0
1774932306.4872265,1.0
1774932306.5043123,1.0
1774932306.5216103,1.0
1774932306.53865,1.0
1774932306.5557601,1.0
1774932306.5729482,1.0
1774932306.5900426,1.0
1774932306.607372,1.0
1774932306.624452,1.0
1774932306.641599,1.0
1774932306.658655,1.0
1774932306.6757631,1.0
1774932306.6928313,1.0
1774932306.7099645,1.0
1774932306.7270265,1.0
1774932306.7441344,1.0
1774932306.7612104,1.0
1774932306.7783847,1.0
1774932306.7954557,1.0
1774932306.8126006,1.0
1774932306.8298507,1.0
1774932306.8469543,1.0
1774932306.8641517,1.0
1774932306.8812177,1.0
1774932306.898362,1.0
1774932306.9154723,1.0
1774932306.9325712,1.0
1774932306.949653,1.0
1774932306.966756,1.0
1774932306.983856,1.0
1774932307.0009513,1.0
1774932307.0180657,1.0
1774932307.036191,1.0
1774932307.0533185,1.0
1774932307.0704048,1.0
1774932307.0874772,1.0
1774932307.1045876,1.0
1774932307.1216545,1.0
1774932307.1387448,1.0
1774932307.1558368,1.0
1774932307.1729503,1.0
1774932307.1900542,1.0
1774932307.207126,1.0
1774932307.2243993,1.0
1774932307.2415287,1.0
1774932307.2587168,1.0
1774932307.275821,1.0
1774932307.292996,1.0
1774932307.3100708,1.0
1774932307.3271585,1.0
1774932307.344342,1.0
1774932307.361455,1.0
1774932307.3785849,1.0
1774932307.3956728,1.0
1774932307.4126632,1.0
1774932307.4297395,1.0
1774932307.4468725,1.0
1774932307.4638362,1.0
1774932307.481065,1.0
1774932307.4981842,1.0
1774932307.5152497,1.0
1774932307.5325315,1.0
1774932307.5496192,1.0
1774932307.566728,1.0
1774932307.5838015,1.0
1774932307.6010268,1.0
1774932307.6180778,1.0
1774932307.6351912,1.0
1774932307.6523602,1.0
1774932307.669434,1.0
1774932307.686516,1.0
1774932307.7036245,1.0
1774932307.7207232,1.0
1774932307.7378285,1.0
1774932307.7549179,1.0
1774932307.7721074,1.0
1774932307.789168,1.0
1774932307.806277,1.0
1774932307.8234003,1.0
1774932307.8405452,1.0
1774932307.8576498,1.0
1774932307.8749397,1.0
1774932307.8920333,1.0
1774932307.9092698,1.0
1774932307.9263668,1.0
1774932307.943609,1.0
1774932307.9606774,1.0
1774932307.9777696,1.0
1774932307.9948545,1.0
1774932308.011971,1.0
1774932308.0298219,1.0
1774932308.0470576,1.0
1774932308.064192,1.0
1774932308.0812912,1.0
1774932308.0983605,1.0
1774932308.1154253,1.0
1774932308.1325555,1.0
1774932308.1497092,1.0
1774932308.1668148,1.0
1774932308.1840365,1.0
1774932308.201113,1.0
1774932308.2185256,1.0
1774932308.2359822,1.0
1774932308.2531283,1.0
1774932308.2702537,1.0
1774932308.2874231,1.0
1774932308.3044682,1.0
1774932308.3215911,1.0
1774932308.3386579,1.0
1774932308.3557749,1.0
1774932308.3728402,1.0
1774932308.3899367,1.0
1774932308.4070797,1.0
1774932308.4241402,1.0
1774932308.4412334,1.0
1774932308.4584582,1.0
1774932308.4755435,1.0
1774932308.4926472,1.0
1774932308.5097828,1.0
1774932308.5270233,1.0
1774932308.5441098,1.0
1774932308.56119,1.0
1774932308.578275,1.0
1774932308.5954244,1.0
1774932308.6125298,1.0
1774932308.6296246,1.0
1774932308.6467566,1.0
1774932308.6638248,1.0
1774932308.680917,1.0
1774932308.6979983,1.0
1774932308.7151964,1.0
1774932308.7322826,1.0
1774932308.749406,1.0
1774932308.7665484,1.0
1774932308.7836587,1.0
1774932308.8007257,1.0
1774932308.8179927,1.0
1774932308.8351543,1.0
1774932308.8522959,1.0
1774932308.8693566,1.0
1774932308.8864162,1.0
1774932308.9035776,1.0
1774932308.9206932,1.0
1774932308.937784,1.0
1774932308.9549298,1.0
1774932308.9720178,1.0
1774932308.9891033,1.0
1774932309.0062654,1.0
1774932309.0241551,1.0
1774932309.0415106,1.0
1774932309.0586276,1.0
1774932309.075737,1.0
1774932309.0928042,1.0
1774932309.1099026,1.0
1774932309.1269617,1.0
1774932309.144071,1.0
1774932309.1611407,1.0
1774932309.1782033,1.0
1774932309.1953251,1.0
1774932309.2125049,1.0
1774932309.2294745,1.0
1774932309.2466438,1.0
1774932309.263703,1.0
1774932309.2807631,1.0
1774932309.2979317,1.0
1774932309.315039,1.0
1774932309.332136,1.0
1774932309.3492005,1.0
1774932309.366341,1.0
1774932309.383425,1.0
1774932309.400495,1.0
1774932309.4176035,1.0
1774932309.4346797,1.0
1774932309.4518015,1.0
1774932309.4689248,1.0
1774932309.4862323,1.0
1774932309.503335,1.0
1774932309.5207715,1.0
1774932309.5378451,1.0
1774932309.5549607,1.0
1774932309.5720513,1.0
1774932309.5891666,1.0
1774932309.606502,1.0
1774932309.6235995,1.0
1774932309.6407537,1.0
1774932309.6578176,1.0
1774932309.6748912,1.0
1774932309.6919959,1.0
1774932309.7090662,1.0
1774932309.7261765,1.0
1774932309.7432537,1.0
1774932309.7603142,1.0
1774932309.7773721,1.0
1774932309.7944953,1.0
1774932309.8115728,1.0
1774932309.8287694,1.0
1774932309.8458357,1.0
1774932309.8629315,1.0
1774932309.8800557,1.0
1774932309.89712,1.0
1774932309.914302,1.0
1774932309.93144,1.0
1774932309.948771,1.0
1774932309.9659266,1.0
1774932309.9829829,1.0
1774932310.0000842,1.0
1774932310.0172572,1.0
1774932310.036096,1.0
1774932310.053233,1.0
1774932310.0703278,1.0
1774932310.0874543,1.0
1774932310.1046143,1.0
1774932310.1217117,1.0
1774932310.1388,1.0
1774932310.1559985,1.0
1774932310.173103,1.0
1774932310.190175,1.0
1774932310.207262,1.0
1774932310.2245789,1.0
1774932310.24172,1.0
1774932310.2588916,1.0
1774932310.2760065,1.0
1774932310.2935376,1.0
1774932310.3106592,1.0
1774932310.327805,1.0
1774932310.344935,1.0
1774932310.3620722,1.0
1774932310.3791976,1.0
1774932310.3963432,1.0
1774932310.413485,1.0
1774932310.4306743,1.0
1774932310.4478245,1.0
1774932310.4649415,1.0
1774932310.4820478,1.0
1774932310.4991677,1.0
1774932310.5163271,1.0
1774932310.533663,1.0
1774932310.5507848,1.0
1774932310.5679178,1.0
1774932310.5852258,1.0
1774932310.6024609,1.0
1774932310.6195152,1.0
1774932310.6366127,1.0
1774932310.6537347,1.0
1774932310.6708488,1.0
1774932310.6879497,1.0
1774932310.705118,1.0
1774932310.722233,1.0
1774932310.739358,1.0
1774932310.7564886,1.0
1774932310.7736113,1.0
1774932310.7907686,1.0
1774932310.8078942,1.0
1774932310.8253005,1.0
1774932310.842295,1.0
1774932310.8594544,1.0
1774932310.876575,1.0
1774932310.8936908,1.0
1774932310.910952,1.0
1774932310.9280844,1.0
1774932310.9452243,1.0
1774932310.962476,1.0
1774932310.9795926,1.0
1774932310.996705,1.0
1774932311.013849,1.0
1774932311.0324996,1.0
1774932311.0496004,1.0
1774932311.0667439,1.0
1774932311.0838587,1.0
1774932311.1009612,1.0
1774932311.118092,1.0
1774932311.135233,1.0
1774932311.1523669,1.0
1774932311.169475,1.0
1774932311.1866179,1.0
1774932311.2037365,1.0
1774932311.2211342,1.0
1774932311.2382839,1.0
1774932311.2556453,1.0
1774932311.2727516,1.0
1774932311.2901075,1.0
1774932311.3072493,1.0
1774932311.3244798,1.0
1774932311.341581,1.0
1774932311.3587313,1.0
1774932311.3758082,1.0
1774932311.392932,1.0
1774932311.410087,1.0
1774932311.4272137,1.0
1774932311.4443963,1.0
1774932311.4615283,1.0
1774932311.4786427,1.0
1774932311.4957583,1.0
1774932311.5128767,1.0
1774932311.5301445,1.0
1774932311.5472662,1.0
1774932311.5643628,1.0
1774932311.5815008,1.0
1774932311.5986392,1.0
1774932311.6157935,1.0
1774932311.6329062,1.0
1774932311.650009,1.0
1774932311.667168,1.0
1774932311.6843162,1.0
1774932311.7015228,1.0
1774932311.71863,1.0
1774932311.7359233,1.0
1774932311.7530625,1.0
1774932311.7701702,1.0
1774932311.7872999,1.0
1774932311.8044128,1.0
1774932311.8215706,1.0
1774932311.8388832,1.0
1774932311.8560054,1.0
1774932311.8731139,1.0
1774932311.8902042,1.0
1774932311.9073498,1.0
1774932311.9245157,1.0
1774932311.9417512,1.0
1774932311.9588485,1.0
1774932311.9759705,1.0
1774932311.993133,1.0
1774932312.0102494,1.0
1774932312.0287874,1.0
1774932312.0458574,1.0
1774932312.0629678,1.0
1774932312.080121,1.0
1774932312.0972493,1.0
1774932312.1143913,1.0
1774932312.1314774,1.0
1774932312.1486177,1.0
1774932312.165705,1.0
1774932312.182875,1.0
1774932312.2000196,1.0
1774932312.217496,1.0
1774932312.2345986,1.0
1774932312.2518103,1.0
1774932312.2688878,1.0
1774932312.2862113,1.0
1774932312.3032794,1.0
1774932312.3204021,1.0
1774932312.3379104,1.0
1774932312.3550162,1.0
1774932312.3721852,1.0
1774932312.3892956,1.0
1774932312.4063995,1.0
1774932312.423495,1.0
1774932312.440487,1.0
1774932312.4576273,1.0
1774932312.4747555,1.0
1774932312.4918442,1.0
1774932312.508944,1.0
1774932312.5262175,1.0
1774932312.5433266,1.0
1774932312.5604203,1.0
1774932312.577516,1.0
1774932312.5946317,1.0
1774932312.6119306,1.0
1774932312.6290455,1.0
1774932312.6462092,1.0
1774932312.6632273,1.0
1774932312.680358,1.0
1774932312.697486,1.0
1774932312.7146137,1.0
1774932312.731724,1.0
1774932312.7488034,1.0
1774932312.7658992,1.0
1774932312.7830288,1.0
1774932312.8001583,1.0
1774932312.8173053,1.0
1774932312.8345156,1.0
1774932312.8516657,1.0
1774932312.8687623,1.0
1774932312.8859136,1.0
1774932312.9030452,1.0
1774932312.9202223,1.0
1774932312.937337,1.0
1774932312.954471,1.0
1774932312.9715607,1.0
1774932312.9886582,1.0
1774932313.0057936,1.0
1774932313.02377,1.0
1774932313.0414639,1.0
1774932313.058601,1.0
1774932313.0758622,1.0
1774932313.0929594,1.0
1774932313.1101034,1.0
1774932313.1272142,1.0
1774932313.144381,1.0
1774932313.1614838,1.0
1774932313.1786184,1.0
1774932313.1956973,1.0
1774932313.213048,1.0
1774932313.2301264,1.0
1774932313.2473614,1.0
1774932313.2643678,1.0
1774932313.281555,1.0
1774932313.2986152,1.0
1774932313.3157494,1.0
1774932313.3328822,1.0
1774932313.3499932,1.0
1774932313.3671706,1.0
1774932313.3842638,1.0
1774932313.4012299,1.0
1774932313.418334,1.0
1774932313.4354112,1.0
1774932313.4525566,1.0
1774932313.4697378,1.0
1774932313.4868462,1.0
1774932313.5040777,1.0
1774932313.5211487,1.0
1774932313.538455,1.0
1774932313.5555801,1.0
1774932313.5726767,1.0
1774932313.5897567,1.0
1774932313.6069424,1.0
1774932313.6240482,1.0
1774932313.6411388,1.0
1774932313.6582882,1.0
1774932313.6753557,1.0
1774932313.6924465,1.0
1774932313.7095175,1.0
1774932313.7266293,1.0
1774932313.743694,1.0
1774932313.7607865,1.0
1774932313.7778761,1.0
1774932313.7949917,1.0
1774932313.812078,1.0
1774932313.8292267,1.0
1774932313.84633,1.0
1774932313.8634298,1.0
1774932313.880584,1.0
1774932313.8976574,1.0
1774932313.914756,1.0
1774932313.9319546,1.0
1774932313.9491012,1.0
1774932313.9662104,1.0
1774932313.9832911,1.0
1774932314.0003953,1.0
1774932314.017499,1.0
1774932314.035901,1.0
1774932314.0529532,1.0
1774932314.0700386,1.0
1774932314.0871387,1.0
1774932314.1042283,1.0
1774932314.121324,1.0
1774932314.138435,1.0
1774932314.1555023,1.0
1774932314.1726308,1.0
1774932314.1897347,1.0
1774932314.206857,1.0
1774932314.2240114,1.0
1774932314.2411246,1.0
1774932314.2582803,1.0
1774932314.2753906,1.0
1774932314.292627,1.0
1774932314.3097112,1.0
1774932314.3269908,1.0
1774932314.3440757,1.0
1774932314.361133,1.0
1774932314.378126,1.0
1774932314.3955114,1.0
1774932314.4140973,1.0
1774932314.4311655,1.0
1774932314.4483042,1.0
1774932314.4653716,1.0
1774932314.4824913,1.0
1774932314.4995992,1.0
1774932314.5166767,1.0
1774932314.5338662,1.0
1774932314.5509348,1.0
1774932314.5680532,1.0
1774932314.5851262,1.0
1774932314.602231,1.0
1774932314.6193814,1.0
1774932314.6364715,1.0
1774932314.6535995,1.0
1774932314.670677,1.0
1774932314.6879444,1.0
1774932314.7050111,1.0
1774932314.7221181,1.0
1774932314.7393496,1.0
1774932314.756892,1.0
1774932314.7739596,1.0
1774932314.7910311,1.0
1774932314.808145,1.0
1774932314.8254104,1.0
1774932314.8423839,1.0
1774932314.8595223,1.0
1774932314.876623,1.0
1774932314.8937428,1.0
1774932314.9109035,1.0
1774932314.9279866,1.0
1774932314.9451017,1.0
1774932314.9622114,1.0
1774932314.9792988,1.0
1774932314.9964223,1.0
1774932315.0134895,1.0
1774932315.0318167,1.0
1774932315.0490303,1.0
1774932315.066162,1.0
1774932315.0832837,1.0
1774932315.100376,1.0
1774932315.1174526,1.0
1774932315.1345665,1.0
1774932315.1516252,1.0
1774932315.1687407,1.0
1774932315.1858108,1.0
1774932315.202882,1.0
1774932315.220184,1.0
1774932315.237266,1.0
1774932315.2547638,1.0
1774932315.2718818,1.0
1774932315.288995,1.0
1774932315.306081,1.0
1774932315.3231533,1.0
1774932315.340256,1.0
1774932315.357338,1.0
1774932315.3744648,1.0
1774932315.39157,1.0
1774932315.4086702,1.0
1774932315.4257474,1.0
1774932315.4428718,1.0
1774932315.4599757,1.0
1774932315.4770706,1.0
1774932315.4941669,1.0
1774932315.5113819,1.0
1774932315.5286574,1.0
1774932315.5457413,1.0
1774932315.5628147,1.0
1774932315.5798802,1.0
1774932315.5969872,1.0
1774932315.614438,1.0
1774932315.631541,1.0
1774932315.6486745,1.0
1774932315.6657982,1.0
1774932315.6829607,1.0
1774932315.7001505,1.0
1774932315.7172194,1.0
1774932315.734315,1.0
1774932315.7514153,1.0
1774932315.768497,1.0
1774932315.7855756,1.0
1774932315.8026483,1.0
1774932315.8197467,1.0
1774932315.8368702,1.0
1774932315.8539324,1.0
1774932315.8710253,1.0
1774932315.8881207,1.0
1774932315.9051864,1.0
1774932315.9222996,1.0
1774932315.9393818,1.0
1774932315.9566932,1.0
1774932315.973822,1.0
1774932315.9908795,1.0
1774932316.0079467,1.0
1774932316.025566,1.0
1774932316.042955,1.0
1774932316.0600865,1.0
1774932316.077189,1.0
1774932316.094263,1.0
1774932316.1113374,1.0
1774932316.128486,1.0
1774932316.1455762,1.0
1774932316.162691,1.0
1774932316.1797998,1.0
1774932316.1968696,1.0
1774932316.214216,1.0
1774932316.2312388,1.0
1774932316.2484272,1.0
1774932316.2654889,1.0
1774932316.2825918,1.0
1774932316.299603,1.0
1774932316.3167148,1.0
1774932316.3338172,1.0
1774932316.3508995,1.0
1774932316.3679996,1.0
1774932316.3850784,1.0
1774932316.4021864,1.0
1774932316.419308,1.0
1774932316.436604,1.0
1774932316.4537113,1.0
1774932316.4708216,1.0
1774932316.4878855,1.0
1774932316.505013,1.0
1774932316.522108,1.0
1774932316.5393667,1.0
1774932316.5564456,1.0
1774932316.5735085,1.0
1774932316.590579,1.0
1774932316.607784,1.0
1774932316.6248195,1.0
1774932316.6419032,1.0
1774932316.6590028,1.0
1774932316.6761055,1.0
1774932316.6931646,1.0
1774932316.7102804,1.0
1774932316.7273588,1.0
1774932316.7445207,1.0
1774932316.7616708,1.0
1774932316.7787397,1.0
1774932316.7958865,1.0
1774932316.8129644,1.0
1774932316.8300972,1.0
1774932316.8473308,1.0
1774932316.8644905,1.0
1774932316.8815591,1.0
1774932316.8987954,1.0
1774932316.9158933,1.0
1774932316.9329777,1.0
1774932316.9501066,1.0
1774932316.9672167,1.0
1774932316.9842997,1.0
1774932317.001399,1.0
1774932317.0185342,1.0
1774932317.036627,1.0
1774932317.0537627,1.0
1774932317.0708396,1.0
1774932317.0879347,1.0
1774932317.1051638,1.0
1774932317.122268,1.0
1774932317.139416,1.0
1774932317.1564994,1.0
1774932317.1736007,1.0
1774932317.190677,1.0
1774932317.2078645,1.0
1774932317.2250104,1.0
1774932317.242115,1.0
1774932317.2593153,1.0
1774932317.276391,1.0
1774932317.2936106,1.0
1774932317.3106651,1.0
1774932317.3277507,1.0
1774932317.3448453,1.0
1774932317.3620732,1.0
1774932317.3791604,1.0
1774932317.396229,1.0
1774932317.4133754,1.0
1774932317.4304583,1.0
1774932317.4475653,1.0
1774932317.4648101,1.0
1774932317.4818828,1.0
1774932317.4989936,1.0
1774932317.5161774,1.0
1774932317.533548,1.0
1774932317.550622,1.0
1774932317.567828,1.0
1774932317.5849416,1.0
1774932317.602049,1.0
1774932317.6191847,1.0
1774932317.6363158,1.0
1774932317.6534817,1.0
1774932317.6705678,1.0
1774932317.687802,1.0
1774932317.7048693,1.0
1774932317.7219536,1.0
1774932317.739026,1.0
1774932317.75616,1.0
1774932317.7732682,1.0
1774932317.790328,1.0
1774932317.8074563,1.0
1774932317.8245823,1.0
1774932317.8416264,1.0
1774932317.8588243,1.0
1774932317.8758633,1.0
1774932317.8929722,1.0
1774932317.9100652,1.0
1774932317.92719,1.0
1774932317.9442716,1.0
1774932317.9614675,1.0
1774932317.9785454,1.0
1774932317.9956713,1.0
1774932318.0127804,1.0
1774932318.0308352,1.0
1774932318.0479488,1.0
1774932318.065068,1.0
1774932318.0821767,1.0
1774932318.099283,1.0
1774932318.1163912,1.0
1774932318.133464,1.0
1774932318.1505833,1.0
1774932318.1676862,1.0
1774932318.1847923,1.0
1774932318.2018526,1.0
1774932318.2191207,1.0
1774932318.2362952,1.0
1774932318.25347,1.0
1774932318.270525,1.0
1774932318.287719,1.0
1774932318.304873,1.0
1774932318.3219304,1.0
1774932318.339028,1.0
1774932318.356199,1.0
1774932318.3732915,1.0
1774932318.3904107,1.0
1774932318.407524,1.0
1774932318.4246142,1.0
1774932318.4416878,1.0
1774932318.4589915,1.0
1774932318.476345,1.0
1774932318.4934049,1.0
1774932318.5106301,1.0
1774932318.5277364,1.0
1774932318.5449116,1.0
1774932318.5620844,1.0
1774932318.579298,1.0
1774932318.5964499,1.0
1774932318.6136365,1.0
1774932318.6307716,1.0
1774932318.6479433,1.0
1774932318.665104,1.0
1774932318.6822398,1.0
1774932318.6994138,1.0
1774932318.7165878,1.0
1774932318.7337224,1.0
1774932318.750857,1.0
1774932318.7679703,1.0
1774932318.7852175,1.0
1774932318.8023334,1.0
1774932318.819462,1.0
1774932318.8367577,1.0
1774932318.8538482,1.0
1774932318.8709416,1.0
1774932318.8881874,1.0
1774932318.9053223,1.0
1774932318.9224875,1.0
1774932318.939567,1.0
1774932318.9567149,1.0
1774932318.9738276,1.0
1774932318.9909337,1.0
1774932319.0081966,1.0
1774932319.0268621,1.0
1774932319.0438843,1.0
1774932319.0610118,1.0
1774932319.0781484,1.0
1774932319.0952504,1.0
1774932319.1123827,1.0
1774932319.1295238,1.0
1774932319.146631,1.0
1774932319.1637158,1.0
1774932319.180832,1.0
1774932319.1979496,1.0
1774932319.2152517,1.0
1774932319.2323427,1.0
1774932319.249626,1.0
1774932319.266876,1.0
1774932319.2839785,1.0
1774932319.301099,1.0
1774932319.3182213,1.0
1774932319.3353353,1.0
1774932319.3524983,1.0
1774932319.369596,1.0
1774932319.3867373,1.0
1774932319.403843,1.0
1774932319.4209514,1.0
1774932319.4380407,1.0
1774932319.4554055,1.0
1774932319.4725142,1.0
1774932319.4896083,1.0
1774932319.506705,1.0
1774932319.5239131,1.0
1774932319.5410829,1.0
1774932319.5582209,1.0
1774932319.5753741,1.0
1774932319.5924606,1.0
1774932319.6096623,1.0
1774932319.6267316,1.0
1774932319.6438246,1.0
1774932319.6609864,1.0
1774932319.6782646,1.0
1774932319.6953743,1.0
1774932319.712475,1.0
1774932319.7296154,1.0
1774932319.7467275,1.0
1774932319.763861,1.0
1774932319.780969,1.0
1774932319.798066,1.0
1774932319.8152018,1.0
1774932319.8323603,1.0
1774932319.849453,1.0
1774932319.866542,1.0
1774932319.8836732,1.0
1774932319.9007585,1.0
1774932319.917894,1.0
1774932319.9350755,1.0
1774932319.9523284,1.0
1774932319.9695475,1.0
1774932319.9867494,1.0
1774932320.00397,1.0
1774932320.0222287,1.0
1774932320.0397518,1.0
1774932320.0568783,1.0
1774932320.0740325,1.0
1774932320.09118,1.0
1774932320.1083574,1.0
1774932320.125533,1.0
1774932320.1426728,1.0
1774932320.1598194,1.0
1774932320.176983,1.0
1774932320.194304,1.0
1774932320.211518,1.0
1774932320.2287548,1.0
1774932320.245986,1.0
1774932320.2632911,1.0
1774932320.280448,1.0
1774932320.2977855,1.0
1774932320.3149562,1.0
1774932320.3320951,1.0
1774932320.3492606,1.0
1774932320.3664067,1.0
1774932320.3835945,1.0
1774932320.4008183,1.0
1774932320.41806,1.0
1774932320.4351964,1.0
1774932320.4523919,1.0
1774932320.4696724,1.0
1774932320.4867985,1.0
1774932320.5039632,1.0
1774932320.5211148,1.0
1774932320.5387347,1.0
1774932320.555922,1.0
1774932320.573077,1.0
1774932320.5902352,1.0
1774932320.6074147,1.0
1774932320.624588,1.0
1774932320.641707,1.0
1774932320.6588697,1.0
1774932320.6760287,1.0
1774932320.693183,1.0
1774932320.7103796,1.0
1774932320.7275422,1.0
1774932320.7446632,1.0
1774932320.7618024,1.0
1774932320.778965,1.0
1774932320.7961478,1.0
1774932320.8133209,1.0
1774932320.8306968,1.0
1774932320.8478122,1.0
1774932320.864894,1.0
1774932320.8820255,1.0
1774932320.8991675,1.0
1774932320.9162614,1.0
1774932320.933409,1.0
1774932320.9505153,1.0
1774932320.967639,1.0
1774932320.984721,1.0
1774932321.0018594,1.0
1774932321.0190072,1.0
1774932321.0375028,1.0
1774932321.0546336,1.0
1774932321.0717835,1.0
1774932321.0888538,1.0
1774932321.1059916,1.0
1774932321.1231294,1.0
1774932321.1402402,1.0
1774932321.1573894,1.0
1774932321.1744835,1.0
1774932321.1915684,1.0
1774932321.2088003,1.0
1774932321.225827,1.0
1774932321.2429345,1.0
1774932321.2602334,1.0
1774932321.277325,1.0
1774932321.2945707,1.0
1774932321.311711,1.0
1774932321.3288183,1.0
1774932321.3460424,1.0
1774932321.3633184,1.0
1774932321.380442,1.0
1774932321.3975568,1.0
1774932321.414663,1.0
1774932321.4317906,1.0
1774932321.4488983,1.0
1774932321.4659886,1.0
1774932321.4831042,1.0
1774932321.5002334,1.0
1774932321.5173311,1.0
1774932321.5345914,1.0
1774932321.551661,1.0
1774932321.5687656,1.0
1774932321.5859065,1.0
1774932321.6029952,1.0
1774932321.6202722,1.0
1774932321.6374094,1.0
1774932321.654494,1.0
1774932321.671681,1.0
1774932321.6888273,1.0
1774932321.7059047,1.0
1774932321.7230027,1.0
1774932321.7401366,1.0
1774932321.7572875,1.0
1774932321.774445,1.0
1774932321.7915468,1.0
1774932321.8086398,1.0
1774932321.8258486,1.0
1774932321.8428848,1.0
1774932321.8599892,1.0
1774932321.8772304,1.0
1774932321.894358,1.0
1774932321.9114532,1.0
1774932321.9285722,1.0
1774932321.9457223,1.0
1774932321.962909,1.0
1774932321.980049,1.0
1774932321.9972494,1.0
1774932322.0143716,1.0
1774932322.0328994,1.0
1774932322.049939,1.0
1774932322.067098,1.0
1774932322.0841875,1.0
1774932322.1013691,1.0
1774932322.1184947,1.0
1774932322.1356664,1.0
1774932322.1527488,1.0
1774932322.1698737,1.0
1774932322.1869776,1.0
1774932322.2041018,1.0
1774932322.22157,1.0
1774932322.2386563,1.0
1774932322.2558334,1.0
1774932322.2731078,1.0
1774932322.2902708,1.0
1774932322.3073347,1.0
1774932322.3244398,1.0
1774932322.3415265,1.0
1774932322.3586528,1.0
1774932322.375817,1.0
1774932322.3929186,1.0
1774932322.4100516,1.0
1774932322.4271805,1.0
1774932322.444325,1.0
1774932322.4614794,1.0
1774932322.4785788,1.0
1774932322.4958282,1.0
1774932322.5129416,1.0
1774932322.5300455,1.0
1774932322.547382,1.0
1774932322.5645087,1.0
1774932322.5820339,1.0
1774932322.599114,1.0
1774932322.616226,1.0
1774932322.6333556,1.0
1774932322.6504953,1.0
1774932322.6676254,1.0
1774932322.6847603,1.0
1774932322.7018523,1.0
1774932322.7190921,1.0
1774932322.7361934,1.0
1774932322.7533088,1.0
1774932322.7704062,1.0
1774932322.7874672,1.0
1774932322.804557,1.0
1774932322.821672,1.0
1774932322.838804,1.0
1774932322.8560412,1.0
1774932322.8731885,1.0
1774932322.890258,1.0
1774932322.9072804,1.0
1774932322.9243426,1.0
1774932322.9415133,1.0
1774932322.9585907,1.0
1774932322.9756954,1.0
1774932322.9929595,1.0
1774932323.0101635,1.0
1774932323.0283084,1.0
1774932323.0453389,1.0
1774932323.062426,1.0
1774932323.0795002,1.0
1774932323.0966227,1.0
1774932323.1136842,1.0
1774932323.1309524,1.0
1774932323.148039,1.0
1774932323.1651356,1.0
1774932323.1823332,1.0
1774932323.1994045,1.0
1774932323.2165895,1.0
1774932323.2337224,1.0
1774932323.250918,1.0
1774932323.2679842,1.0
1774932323.2851026,1.0
1774932323.3020866,1.0
1774932323.3192556,1.0
1774932323.3363292,1.0
1774932323.3534546,1.0
1774932323.3705273,1.0
1774932323.3876436,1.0
1774932323.40475,1.0
1774932323.4218285,1.0
1774932323.4446669,1.0
1774932323.4617996,1.0
1774932323.478886,1.0
1774932323.4959674,1.0
1774932323.513078,1.0
1774932323.5301616,1.0
1774932323.5474553,1.0
1774932323.5645525,1.0
1774932323.5816352,1.0
1774932323.5987546,1.0
1774932323.6159678,1.0
1774932323.6331367,1.0
1774932323.650313,1.0
1774932323.6676342,1.0
1774932323.6887283,1.0
1774932323.7093222,1.0
1774932323.726513,1.0
1774932323.7437148,1.0
1774932323.7609727,1.0
1774932323.7782645,1.0
1774932323.7954736,1.0
1774932323.8126674,1.0
1774932323.8302512,1.0
1774932323.8474684,1.0
1774932323.8646317,1.0
1774932323.8818161,1.0
1774932323.8989484,1.0
1774932323.9160943,1.0
1774932323.9334328,1.0
1774932323.950539,1.0
1774932323.9677956,1.0
1774932323.9849405,1.0
1774932324.0020783,1.0
1774932324.019193,1.0
1774932324.0370536,1.0
1774932324.0544283,1.0
1774932324.0715668,1.0
1774932324.0886767,1.0
1774932324.1057775,1.0
1774932324.122866,1.0
1774932324.13996,1.0
1774932324.1570725,1.0
1774932324.1741648,1.0
1774932324.1912572,1.0
1774932324.2085104,1.0
1774932324.2256248,1.0
1774932324.2427466,1.0
1774932324.2598963,1.0
1774932324.2769833,1.0
1774932324.2941487,1.0
1774932324.3113081,1.0
1774932324.3284073,1.0
1774932324.345518,1.0
1774932324.3626163,1.0
1774932324.3796825,1.0
1774932324.3967562,1.0
1774932324.41386,1.0
1774932324.430974,1.0
1774932324.4480522,1.0
1774932324.4651508,1.0
1774932324.4823525,1.0
1774932324.4994466,1.0
1774932324.5165627,1.0
1774932324.5337389,1.0
1774932324.5509737,1.0
1774932324.5680711,1.0
1774932324.585167,1.0
1774932324.6022792,1.0
1774932324.6200795,1.0
1774932324.6371508,1.0
1774932324.6542482,1.0
1774932324.6714041,1.0
1774932324.6884973,1.0
1774932324.7056177,1.0
1774932324.7225957,1.0
1774932324.739668,1.0
1774932324.7567906,1.0
1774932324.7738698,1.0
1774932324.7910326,1.0
1774932324.808136,1.0
1774932324.8254702,1.0
1774932324.8424623,1.0
1774932324.859588,1.0
1774932324.8766997,1.0
1774932324.8937917,1.0
1774932324.9109106,1.0
1774932324.928014,1.0
1774932324.9451153,1.0
1774932324.9622185,1.0
1774932324.9793394,1.0
1774932324.9964547,1.0
1774932325.0135376,1.0
1774932325.032386,1.0
1774932325.049432,1.0
1774932325.0665615,1.0
1774932325.0836265,1.0
1774932325.1007338,1.0
1774932325.1178625,1.0
1774932325.134925,1.0
1774932325.1520352,1.0
1774932325.1691282,1.0
1774932325.1863718,1.0
1774932325.2034993,1.0
1774932325.2206922,1.0
1774932325.2378087,1.0
1774932325.2550874,1.0
1774932325.2722173,1.0
1774932325.2893896,1.0
1774932325.306436,1.0
1774932325.3235059,1.0
1774932325.34058,1.0
1774932325.3576865,1.0
1774932325.3747604,1.0
1774932325.3918967,1.0
1774932325.409003,1.0
1774932325.4260736,1.0
1774932325.4431345,1.0
1774932325.4602056,1.0
1774932325.4773598,1.0
1774932325.4944887,1.0
1774932325.511558,1.0
1774932325.5286632,1.0
1774932325.5459719,1.0
1774932325.5630715,1.0
1774932325.5801532,1.0
1774932325.5973058,1.0
1774932325.6145222,1.0
1774932325.631588,1.0
1774932325.6488297,1.0
1774932325.666069,1.0
1774932325.6832087,1.0
1774932325.7004237,1.0
1774932325.7175276,1.0
1774932325.7346892,1.0
1774932325.7518167,1.0
1774932325.7689857,1.0
1774932325.7862089,1.0
1774932325.8033118,1.0
1774932325.820508,1.0
1774932325.837859,1.0
1774932325.854978,1.0
1774932325.8721025,1.0
1774932325.889324,1.0
1774932325.9064715,1.0
1774932325.923625,1.0
1774932325.9407592,1.0
1774932325.9580255,1.0
1774932325.975138,1.0
1774932325.9923027,1.0
1774932326.0094907,1.0
1774932326.027833,1.0
1774932326.045061,1.0
1774932326.0621798,1.0
1774932326.0793934,1.0
1774932326.096548,1.0
1774932326.1136913,1.0
1774932326.130847,1.0
1774932326.1479616,1.0
1774932326.1652014,1.0
1774932326.182321,1.0
1774932326.1994479,1.0
1774932326.2166424,1.0
1774932326.2337742,1.0
1774932326.2511308,1.0
1774932326.2682607,1.0
1774932326.2854686,1.0
1774932326.3024983,1.0
1774932326.3196764,1.0
1774932326.3367991,1.0
1774932326.3540523,1.0
1774932326.3710358,1.0
1774932326.3882012,1.0
1774932326.4053123,1.0
1774932326.4224682,1.0
1774932326.439627,1.0
1774932326.456782,1.0
1774932326.4739113,1.0
1774932326.4910874,1.0
1774932326.5081975,1.0
1774932326.5253313,1.0
1774932326.542576,1.0
1774932326.5596914,1.0
1774932326.5768309,1.0
1774932326.5939639,1.0
1774932326.6111584,1.0
1774932326.628352,1.0
1774932326.6454835,1.0
1774932326.6626468,1.0
1774932326.6802294,1.0
1774932326.6974306,1.0
1774932326.7145433,1.0
1774932326.7317128,1.0
1774932326.7488286,1.0
1774932326.7659652,1.0
1774932326.7831028,1.0
1774932326.800283,1.0
1774932326.8173475,1.0
1774932326.8345413,1.0
1774932326.8515708,1.0
1774932326.868747,1.0
1774932326.8858364,1.0
1774932326.9029136,1.0
1774932326.9200525,1.0
1774932326.937122,1.0
1774932326.9541912,1.0
1774932326.9712944,1.0
1774932326.9884233,1.0
1774932327.0055332,1.0
1774932327.0237558,1.0
1774932327.0410862,1.0
1774932327.0581782,1.0
1774932327.0752988,1.0
1774932327.092464,1.0
1774932327.1095781,1.0
1774932327.1266716,1.0
1774932327.143792,1.0
1774932327.1608737,1.0
1774932327.177969,1.0
1774932327.1950736,1.0
1774932327.2123775,1.0
1774932327.2293935,1.0
1774932327.2466838,1.0
1774932327.2636902,1.0
1774932327.2808905,1.0
1774932327.2980332,1.0
1774932327.3151243,1.0
1774932327.3322198,1.0
1774932327.349342,1.0
1774932327.3664105,1.0
1774932327.3834968,1.0
1774932327.4005964,1.0
1774932327.4177217,1.0
1774932327.434788,1.0
1774932327.45186,1.0
1774932327.4690309,1.0
1774932327.4862344,1.0
1774932327.503358,1.0
1774932327.5204372,1.0
1774932327.5377102,1.0
1774932327.554899,1.0
1774932327.5720258,1.0
1774932327.589114,1.0
1774932327.6062853,1.0
1774932327.6236603,1.0
1774932327.6407504,1.0
1774932327.657966,1.0
1774932327.6750927,1.0
1774932327.692349,1.0
1774932327.709436,1.0
1774932327.726515,1.0
1774932327.743658,1.0
1774932327.760744,1.0
1774932327.7778614,1.0
1774932327.7949347,1.0
1774932327.8122008,1.0
1774932327.8294559,1.0
1774932327.8465707,1.0
1774932327.8636527,1.0
1774932327.8807437,1.0
1774932327.8978722,1.0
1774932327.9149635,1.0
1774932327.932074,1.0
1774932327.9492595,1.0
1774932327.966506,1.0
1774932327.983598,1.0
1774932328.0007067,1.0
1774932328.0177777,1.0
1774932328.0361183,1.0
1774932328.053278,1.0
1774932328.070525,1.0
1774932328.0876205,1.0
1774932328.1047394,1.0
1774932328.1218243,1.0
1774932328.1389184,1.0
1774932328.1560082,1.0
1774932328.1729572,1.0
1774932328.1900768,1.0
1774932328.2071555,1.0
1774932328.224303,1.0
1774932328.2413955,1.0
1774932328.2586448,1.0
1774932328.2757788,1.0
1774932328.3065038,1.0
1774932328.3475008,1.0
1774932328.389495,1.0
1774932328.432502,1.0
1774932328.475512,1.0
1774932328.5155084,1.0
1774932328.5605037,1.0
1774932328.6045048,1.0
1774932328.64551,1.0
1774932328.6879292,1.0
1774932328.728515,1.0
1774932328.7675097,1.0
1774932328.8094995,1.0
1774932328.8514936,1.0
1774932328.8915005,1.0
1774932328.9359431,1.0
1774932328.9773464,1.0
1774932329.022504,1.0
1774932329.0655098,1.0
1774932329.1095061,1.0
1774932329.1533735,1.0
1774932329.1924875,1.0
1774932329.2324772,1.0
1774932329.2704813,1.0
1774932329.3143501,1.0
1774932329.3563573,1.0
1774932329.3994985,1.0
1774932329.443378,1.0
1774932329.4854963,1.0
1774932329.5275137,1.0
1774932329.568497,1.0
1774932329.6094878,1.0
1774932329.6543567,1.0
1774932329.6979103,1.0
1774932329.7384784,1.0
1774932329.7794936,1.0
1774932329.8214939,1.0
1774932329.8605032,1.0
1774932329.9053886,1.0
1774932329.9513683,1.0
1774932329.996495,1.0
1774932330.0394955,1.0
1774932330.080494,1.0
1774932330.1184974,1.0
1774932330.1614892,1.0
1774932330.202497,1.0
1774932330.248377,1.0
1774932330.2895014,1.0
1774932330.3325016,1.0
1774932330.373491,1.0
1774932330.4145052,1.0
1774932330.4584985,1.0
1774932330.5014977,1.0
1774932330.5425005,1.0
1774932330.5805001,1.0
1774932330.6225073,1.0
1774932330.6624966,1.0
1774932330.7069378,1.0
1774932330.751699,1.0
1774932330.7943454,1.0
1774932330.837504,1.0
1774932330.8785021,1.0
1774932330.9223568,1.0
1774932330.9674985,1.0
1774932331.0123665,1.0
1774932331.0573595,1.0
1774932331.095921,1.0
1774932331.1385002,1.0
1774932331.1843762,1.0
1774932331.230723,1.0
1774932331.2724996,1.0
1774932331.3125024,1.0
1774932331.3545055,1.0
1774932331.3955042,1.0
1774932331.435508,1.0
1774932331.4785054,1.0
1774932331.517501,1.0
1774932331.559511,1.0
1774932331.600499,1.0
1774932331.6434982,1.0
1774932331.6835039,1.0
1774932331.721946,1.0
1774932331.7669337,1.0
1774932331.8095014,1.0
1774932331.848504,1.0
1774932331.8885071,1.0
1774932331.9325058,1.0
1774932331.975507,1.0
1774932332.0213253,1.0
1774932332.0645072,1.0
1774932332.105494,1.0
1774932332.1465013,1.0
1774932332.1914952,1.0
1774932332.2333517,1.0
1774932332.2775,1.0
1774932332.321503,1.0
1774932332.359497,1.0
1774932332.3987923,1.0
1774932332.4414983,1.0
1774932332.482354,1.0
1774932332.523929,1.0
1774932332.5644937,1.0
1774932332.6065006,1.0
1774932332.6449485,1.0
1774932332.6903574,1.0
1774932332.731924,1.0
1774932332.771497,1.0
1774932332.8125017,1.0
1774932332.8569298,1.0
1774932332.9003596,1.0
1774932332.9434998,1.0
1774932332.9875028,1.0
1774932333.0284956,1.0
1774932333.0704932,1.0
1774932333.1144955,1.0
1774932333.1555002,1.0
1774932333.1985025,1.0
1774932333.2395084,1.0
1774932333.2814965,1.0
1774932333.3244996,1.0
1774932333.3655005,1.0
1774932333.4074771,1.0
1774932333.4454987,1.0
1774932333.4844973,1.0
1774932333.524495,1.0
1774932333.5643623,1.0
1774932333.6103835,1.0
1774932333.6534913,1.0
1774932333.69349,1.0
1774932333.7354882,1.0
1774932333.7813532,1.0
1774932333.824511,1.0
1774932333.8659399,1.0
1774932333.9084983,1.0
1774932333.950499,1.0
1774932333.9959235,1.0
1774932334.036655,1.0
1774932334.077499,1.0
1774932334.118683,1.0
1774932334.1594863,1.0
1774932334.2043471,1.0
1774932334.222767,1.0
1774932334.240041,1.0
1774932334.2574615,1.0
1774932334.2745848,1.0
1774932334.292084,1.0
1774932334.3091493,1.0
1774932334.326232,1.0
1774932334.3431702,1.0
1774932334.3600962,1.0
1774932334.377093,1.0
1774932334.3940363,1.0
1774932334.4111233,1.0
1774932334.428088,1.0
1774932334.445063,1.0
1774932334.4619784,1.0
1774932334.4790332,1.0
1774932334.4960213,1.0
1774932334.5128977,1.0
1774932334.5297406,1.0
1774932334.546771,1.0
1774932334.5636954,1.0
1774932334.5805552,1.0
1774932334.597457,1.0
1774932334.6143758,1.0
1774932334.6313796,1.0
1774932334.6482966,1.0
1774932334.6651497,1.0
1774932334.682021,1.0
1774932334.6990404,1.0
1774932334.7159207,1.0
1774932334.732792,1.0
1774932334.7496846,1.0
1774932334.7665462,1.0
1774932334.783418,1.0
1774932334.8003306,1.0
1774932334.81731,1.0
1774932334.834379,1.0
1774932334.851232,1.0
1774932334.8683822,1.0
1774932334.885376,1.0
1774932334.9022923,1.0
1774932334.919186,1.0
1774932334.9360602,1.0
1774932334.9530833,1.0
1774932334.969962,1.0
1774932334.9868498,1.0
1774932335.0037377,1.0
1774932335.0206203,1.0
1774932335.0388253,1.0
1774932335.055761,1.0
1774932335.0726328,1.0
1774932335.0895755,1.0
1774932335.1065648,1.0
1774932335.123601,1.0
1774932335.1405287,1.0
1774932335.1574101,1.0
1774932335.1743329,1.0
1774932335.1912763,1.0
1774932335.2083519,1.0
1774932335.2254255,1.0
1774932335.242371,1.0
1774932335.2594543,1.0
1774932335.2763798,1.0
1774932335.293541,1.0
1774932335.3104837,1.0
1774932335.3273978,1.0
1774932335.3443024,1.0
1774932335.3612213,1.0
1774932335.3781269,1.0
1774932335.3950655,1.0
1774932335.4120085,1.0
1774932335.4289308,1.0
1774932335.4458187,1.0
1774932335.4627087,1.0
1774932335.4797966,1.0
1774932335.4967158,1.0
1774932335.513685,1.0
1774932335.5306652,1.0
1774932335.5477824,1.0
1774932335.5646834,1.0
1774932335.581761,1.0
1774932335.598706,1.0
1774932335.6156056,1.0
1774932335.6326234,1.0
1774932335.6495497,1.0
1774932335.666455,1.0
1774932335.6833792,1.0
1774932335.7003083,1.0
1774932335.71719,1.0
1774932335.7341266,1.0
1774932335.7510297,1.0
1774932335.767984,1.0
1774932335.7848668,1.0
1774932335.8017616,1.0
1774932335.8187726,1.0
1774932335.8358197,1.0
1774932335.852741,1.0
1774932335.8696535,1.0
1774932335.8866398,1.0
1774932335.9035645,1.0
1774932335.9207013,1.0
1774932335.9375904,1.0
1774932335.954511,1.0
1774932335.9716003,1.0
1774932335.9885929,1.0
1774932336.005497,1.0
1774932336.0235865,1.0
1774932336.0405989,1.0
1774932336.0574985,1.0
1774932336.0744588,1.0
1774932336.0913424,1.0
1774932336.1082387,1.0
1774932336.1251142,1.0
1774932336.1420252,1.0
1774932336.1588502,1.0
1774932336.1758444,1.0
1774932336.1927645,1.0
1774932336.2096558,1.0
1774932336.226589,1.0
1774932336.2434108,1.0
1774932336.2604191,1.0
1774932336.2772253,1.0
1774932336.2941601,1.0
1774932336.311023,1.0
1774932336.327863,1.0
1774932336.344924,1.0
1774932336.3617542,1.0
1774932336.3785892,1.0
1774932336.395448,1.0
1774932336.41236,1.0
1774932336.4292102,1.0
1774932336.4460204,1.0
1774932336.4629352,1.0
1774932336.479756,1.0
1774932336.4966674,1.0
1774932336.513582,1.0
1774932336.5304081,1.0
1774932336.5476007,1.0
1774932336.5644207,1.0
1774932336.5813646,1.0
1774932336.5982206,1.0
1774932336.6151443,1.0
1774932336.6321352,1.0
1774932336.6489441,1.0
1774932336.6657987,1.0
1774932336.6827269,1.0
1774932336.69967,1.0
1774932336.7164967,1.0
1774932336.733335,1.0
1774932336.7501512,1.0
1774932336.7671003,1.0
1774932336.7839472,1.0
1774932336.8008783,1.0
1774932336.8178074,1.0
1774932336.834823,1.0
1774932336.8516955,1.0
1774932336.8685262,1.0
1774932336.8854818,1.0
1774932336.902302,1.0
1774932336.9195056,1.0
1774932336.9363532,1.0
1774932336.9531858,1.0
1774932336.97001,1.0
1774932336.9869936,1.0
1774932337.0038877,1.0
1774932337.0207083,1.0
1774932337.0388265,1.0
1774932337.0558088,1.0
1774932337.0726504,1.0
1774932337.0896294,1.0
1774932337.1064448,1.0
1774932337.1233976,1.0
1774932337.14023,1.0
1774932337.157213,1.0
1774932337.1742926,1.0
1774932337.1912966,1.0
1774932337.208368,1.0
1774932337.2253778,1.0
1774932337.2424183,1.0
1774932337.2594256,1.0
1774932337.2763426,1.0
1774932337.2935193,1.0
1774932337.310446,1.0
1774932337.327396,1.0
1774932337.3443184,1.0
1774932337.3612578,1.0
1774932337.3781688,1.0
1774932337.3951385,1.0
1774932337.412049,1.0
1774932337.429037,1.0
1774932337.4459643,1.0
1774932337.4628925,1.0
1774932337.4798415,1.0
1774932337.4968307,1.0
1774932337.5138009,1.0
1774932337.530702,1.0
1774932337.548162,1.0
1774932337.565152,1.0
1774932337.5820498,1.0
1774932337.599068,1.0
1774932337.6159754,1.0
1774932337.633019,1.0
1774932337.6499894,1.0
1774932337.6668968,1.0
1774932337.683783,1.0
1774932337.7008755,1.0
1774932337.7177677,1.0
1774932337.7347627,1.0
1774932337.751726,1.0
1774932337.768621,1.0
1774932337.7855656,1.0
1774932337.8024585,1.0
1774932337.8195527,1.0
1774932337.8365316,1.0
1774932337.8535428,1.0
1774932337.8704305,1.0
1774932337.887348,1.0
1774932337.9043314,1.0
1774932337.921215,1.0
1774932337.9382367,1.0
1774932337.9551299,1.0
1774932337.972213,1.0
1774932337.9891303,1.0
1774932338.0060475,1.0
1774932338.0238667,1.0
1774932338.0411594,1.0
1774932338.0581565,1.0
1774932338.0751345,1.0
1774932338.0921133,1.0
1774932338.1091406,1.0
1774932338.1260557,1.0
1774932338.1430306,1.0
1774932338.159945,1.0
1774932338.1768544,1.0
1774932338.1938124,1.0
1774932338.2109523,1.0
1774932338.227814,1.0
1774932338.244828,1.0
1774932338.2619302,1.0
1774932338.278845,1.0
1774932338.295907,1.0
1774932338.3128762,1.0
1774932338.3298204,1.0
1774932338.3467686,1.0
1774932338.363902,1.0
1774932338.380936,1.0
1774932338.3979092,1.0
1774932338.414956,1.0
1774932338.4320583,1.0
1774932338.4490438,1.0
1774932338.4662035,1.0
1774932338.4831588,1.0
1774932338.5001333,1.0
1774932338.5171912,1.0
1774932338.5341725,1.0
1774932338.5513258,1.0
1774932338.5683715,1.0
1774932338.5854,1.0
1774932338.6024125,1.0
1774932338.619419,1.0
1774932338.6364546,1.0
1774932338.6534634,1.0
1774932338.6704504,1.0
1774932338.687481,1.0
1774932338.7044587,1.0
1774932338.721432,1.0
1774932338.7384286,1.0
1774932338.7554288,1.0
1774932338.772401,1.0
1774932338.7895527,1.0
1774932338.80653,1.0
1774932338.8235252,1.0
1774932338.840529,1.0
1774932338.8575006,1.0
1774932338.874481,1.0
1774932338.8915558,1.0
1774932338.9085202,1.0
1774932338.9255278,1.0
1774932338.9425004,1.0
1774932338.9596765,1.0
1774932338.9766479,1.0
1774932338.9936144,1.0
1774932339.0105932,1.0
1774932339.0286272,1.0
1774932339.045645,1.0
1774932339.062818,1.0
1774932339.0797822,1.0
1774932339.0968761,1.0
1774932339.113987,1.0
1774932339.1310132,1.0
1774932339.148,1.0
1774932339.1649652,1.0
1774932339.181981,1.0
1774932339.199003,1.0
1774932339.2161694,1.0
1774932339.2331762,1.0
1774932339.250291,1.0
1774932339.2672136,1.0
1774932339.284354,1.0
1774932339.301351,1.0
1774932339.31842,1.0
1774932339.3354175,1.0
1774932339.3524337,1.0
1774932339.3694096,1.0
1774932339.3864276,1.0
1774932339.4033916,1.0
1774932339.4204426,1.0
1774932339.4374423,1.0
1774932339.4543998,1.0
1774932339.4713833,1.0
1774932339.4884775,1.0
1774932339.5054953,1.0
1774932339.5225234,1.0
1774932339.539354,1.0
1774932339.5565226,1.0
1774932339.5734928,1.0
1774932339.5904055,1.0
1774932339.6073189,1.0
1774932339.6243668,1.0
1774932339.6413982,1.0
1774932339.6583974,1.0
1774932339.6754963,1.0
1774932339.6925347,1.0
1774932339.7095394,1.0
1774932339.7265368,1.0
1774932339.7434936,1.0
1774932339.7605104,1.0
1774932339.7774818,1.0
1774932339.7944622,1.0
1774932339.8114512,1.0
1774932339.8285604,1.0
1774932339.8454468,1.0
1774932339.8624134,1.0
1774932339.8794088,1.0
1774932339.8964689,1.0
1774932339.913431,1.0
1774932339.9303584,1.0
1774932339.9473581,1.0
1774932339.964525,1.0
1774932339.9817486,1.0
1774932339.9987218,1.0
1774932340.0156975,1.0
1774932340.0339973,1.0
1774932340.0509086,1.0
1774932340.0678995,1.0
1774932340.084896,1.0
1774932340.1019046,1.0
1774932340.119011,1.0
1774932340.135955,1.0
1774932340.1528957,1.0
1774932340.169776,1.0
1774932340.186756,1.0
1774932340.2038083,1.0
1774932340.2210393,1.0
1774932340.2380195,1.0
1774932340.2550952,1.0
1774932340.2720213,1.0
1774932340.2890644,1.0
1774932340.3059385,1.0
1774932340.3228524,1.0
1774932340.3398051,1.0
1774932340.356805,1.0
1774932340.3737283,1.0
1774932340.3906894,1.0
1774932340.4076576,1.0
1774932340.424659,1.0
1774932340.4415827,1.0
1774932340.4585168,1.0
1774932340.47555,1.0
1774932340.4926045,1.0
1774932340.5095472,1.0
1774932340.5264587,1.0
1774932340.5434446,1.0
1774932340.5605817,1.0
1774932340.5775154,1.0
1774932340.5944335,1.0
1774932340.611439,1.0
1774932340.6285918,1.0
1774932340.6454723,1.0
1774932340.662437,1.0
1774932340.679359,1.0
1774932340.6964157,1.0
1774932340.7133265,1.0
1774932340.7302651,1.0
1774932340.7472053,1.0
1774932340.7641172,1.0
1774932340.7810524,1.0
1774932340.7980125,1.0
1774932340.814938,1.0
1774932340.831987,1.0
1774932340.848891,1.0
1774932340.8658705,1.0
1774932340.8827887,1.0
1774932340.8997297,1.0
1774932340.9166653,1.0
1774932340.93359,1.0
1774932340.950712,1.0
1774932340.9676273,1.0
1774932340.984638,1.0
1774932341.0016747,1.0
1774932341.01884,1.0
1774932341.0371265,1.0
1774932341.0540543,1.0
1774932341.0709903,1.0
1774932341.087985,1.0
1774932341.1049654,1.0
1774932341.121889,1.0
1774932341.1388135,1.0
1774932341.1557975,1.0
1774932341.1727693,1.0
1774932341.1896904,1.0
1774932341.2066567,1.0
1774932341.2236378,1.0
1774932341.2405646,1.0
1774932341.2576985,1.0
1774932341.2746046,1.0
1774932341.2919695,1.0
1774932341.3088868,1.0
1774932341.3258324,1.0
1774932341.3427286,1.0
1774932341.3596387,1.0
1774932341.3766258,1.0
1774932341.3936896,1.0
1774932341.4105816,1.0
1774932341.4274132,1.0
1774932341.4443474,1.0
1774932341.46132,1.0
1774932341.4782228,1.0
1774932341.495257,1.0
1774932341.5121949,1.0
1774932341.529186,1.0
1774932341.546133,1.0
1774932341.5630944,1.0
1774932341.5800338,1.0
1774932341.596944,1.0
1774932341.6138465,1.0
1774932341.6309419,1.0
1774932341.6478639,1.0
1774932341.6648226,1.0
1774932341.6817522,1.0
1774932341.698738,1.0
1774932341.7157013,1.0
1774932341.7327971,1.0
1774932341.7497108,1.0
1774932341.7666364,1.0
1774932341.783611,1.0
1774932341.8005135,1.0
1774932341.8174393,1.0
1774932341.8345711,1.0
1774932341.85146,1.0
1774932341.8684225,1.0
1774932341.8854382,1.0
1774932341.9024365,1.0
1774932341.9193923,1.0
1774932341.9363024,1.0
1774932341.9532888,1.0
1774932341.9702182,1.0
1774932341.9874494,1.0
1774932342.004544,1.0
1774932342.0225267,1.0
1774932342.0398536,1.0
1774932342.0569088,1.0
1774932342.0738025,1.0
1774932342.0907168,1.0
1774932342.1076443,1.0
1774932342.1245575,1.0
1774932342.1415172,1.0
1774932342.1584733,1.0
1774932342.1754644,1.0
1774932342.1923964,1.0
1774932342.2094204,1.0
1774932342.2262843,1.0
1774932342.2431731,1.0
1774932342.260224,1.0
1774932342.2771363,1.0
1774932342.2941644,1.0
1774932342.3110967,1.0
1774932342.32803,1.0
1774932342.3449662,1.0
1774932342.3618913,1.0
1774932342.3789184,1.0
1774932342.3958204,1.0
1774932342.4127295,1.0
1774932342.429707,1.0
1774932342.446638,1.0
1774932342.463558,1.0
1774932342.4804547,1.0
1774932342.49737,1.0
1774932342.514335,1.0
1774932342.531268,1.0
1774932342.5485218,1.0
1774932342.5654519,1.0
1774932342.5824387,1.0
1774932342.599361,1.0
1774932342.6163092,1.0
1774932342.633489,1.0
1774932342.650431,1.0
1774932342.6674001,1.0
1774932342.6843383,1.0
1774932342.7013888,1.0
1774932342.7183626,1.0
1774932342.7353575,1.0
1774932342.7523785,1.0
1774932342.7693734,1.0
1774932342.7863271,1.0
1774932342.8033652,1.0
1774932342.8203664,1.0
1774932342.8374205,1.0
1774932342.8543606,1.0
1774932342.8713324,1.0
1774932342.888329,1.0
1774932342.905317,1.0
1774932342.9223278,1.0
1774932342.939411,1.0
1774932342.9564073,1.0
1774932342.9734197,1.0
1774932342.9903414,1.0
1774932343.007315,1.0
1774932343.0249162,1.0
1774932343.0421782,1.0
1774932343.059367,1.0
1774932343.076288,1.0
1774932343.0933015,1.0
1774932343.1103036,1.0
1774932343.1274924,1.0
1774932343.1444218,1.0
1774932343.1613538,1.0
1774932343.178368,1.0
1774932343.1953535,1.0
1774932343.2128723,1.0
1774932343.2297487,1.0
1774932343.2467864,1.0
1774932343.263749,1.0
1774932343.28069,1.0
1774932343.2976942,1.0
1774932343.3148258,1.0
1774932343.3318126,1.0
1774932343.348791,1.0
1774932343.3658245,1.0
1774932343.3828495,1.0
1774932343.3998451,1.0
1774932343.4168563,1.0
1774932343.433847,1.0
1774932343.4509943,1.0
1774932343.4682486,1.0
1774932343.4852314,1.0
1774932343.5023575,1.0
1774932343.5193377,1.0
1774932343.536333,1.0
1774932343.5536656,1.0
1774932343.5706668,1.0
1774932343.5878282,1.0
1774932343.6048307,1.0
1774932343.6218376,1.0
1774932343.638944,1.0
1774932343.6559527,1.0
1774932343.672953,1.0
1774932343.6899273,1.0
1774932343.70695,1.0
1774932343.723974,1.0
1774932343.7409294,1.0
1774932343.7578506,1.0
1774932343.7747605,1.0
1774932343.7916856,1.0
1774932343.8086066,1.0
1774932343.825592,1.0
1774932343.8426669,1.0
1774932343.8596516,1.0
1774932343.8765793,1.0
1774932343.8935213,1.0
1774932343.9106102,1.0
1774932343.9276009,1.0
1774932343.944517,1.0
1774932343.9615235,1.0
1774932343.9785273,1.0
1774932343.9954655,1.0
1774932344.0124497,1.0
1774932344.0301094,1.0
1774932344.0472276,1.0
1774932344.0642052,1.0
1774932344.0812132,1.0
1774932344.098265,1.0
1774932344.115299,1.0
1774932344.1322625,1.0
1774932344.149266,1.0
1774932344.1662161,1.0
1774932344.1833682,1.0
1774932344.2003086,1.0
1774932344.2177138,1.0
1774932344.2347395,1.0
1774932344.2523477,1.0
1774932344.2693257,1.0
1774932344.2865708,1.0
1774932344.3035495,1.0
1774932344.3204842,1.0
1774932344.337483,1.0
1774932344.354453,1.0
1774932344.3714817,1.0
1774932344.3884223,1.0
1774932344.4053683,1.0
1774932344.422373,1.0
1774932344.439364,1.0
1774932344.4562607,1.0
1774932344.473157,1.0
1774932344.4901574,1.0
1774932344.5070875,1.0
1774932344.5240896,1.0
1774932344.5410035,1.0
1774932344.5581172,1.0
1774932344.5750308,1.0
1774932344.5920937,1.0
1774932344.6090984,1.0
1774932344.6260116,1.0
1774932344.6429532,1.0
1774932344.660014,1.0
1774932344.6769273,1.0
1774932344.6938329,1.0
1774932344.7107794,1.0
1774932344.7276995,1.0
1774932344.7446911,1.0
1774932344.7616477,1.0
1774932344.7785554,1.0
1774932344.795508,1.0
1774932344.8124623,1.0
1774932344.8296125,1.0
1774932344.8465154,1.0
1774932344.8634431,1.0
1774932344.8817866,1.0
1774932344.8987405,1.0
1774932344.915713,1.0
1774932344.9326546,1.0
1774932344.9496202,1.0
1774932344.9666271,1.0
1774932344.9835477,1.0
1774932345.0004559,1.0
1774932345.0173817,1.0
1774932345.0355077,1.0
1774932345.052441,1.0
1774932345.069445,1.0
1774932345.086378,1.0
1774932345.1036005,1.0
1774932345.1206107,1.0
1774932345.1376014,1.0
1774932345.1545835,1.0
1774932345.1715572,1.0
1774932345.1885104,1.0
1774932345.205537,1.0
1774932345.222743,1.0
1774932345.239718,1.0
1774932345.256858,1.0
1774932345.2738998,1.0
1774932345.2911665,1.0
1774932345.3083863,1.0
1774932345.325359,1.0
1774932345.3423464,1.0
1774932345.3594105,1.0
1774932345.3763864,1.0
1774932345.393336,1.0
1774932345.4103317,1.0
1774932345.4273262,1.0
1774932345.4443042,1.0
1774932345.4612782,1.0
1774932345.4782753,1.0
1774932345.4952497,1.0
1774932345.5123222,1.0
1774932345.5293002,1.0
1774932345.5463018,1.0
1774932345.5635657,1.0
1774932345.5805428,1.0
1774932345.5974987,1.0
1774932345.6144497,1.0
1774932345.6317396,1.0
1774932345.6487155,1.0
1774932345.6656783,1.0
1774932345.6826382,1.0
1774932345.6996014,1.0
1774932345.7166898,1.0
1774932345.7336912,1.0
1774932345.750737,1.0
1774932345.7676976,1.0
1774932345.784679,1.0
1774932345.8016407,1.0
1774932345.8186653,1.0
1774932345.8359816,1.0
1774932345.8530078,1.0
1774932345.8699837,1.0
1774932345.8869555,1.0
1774932345.9040644,1.0
1774932345.9210484,1.0
1774932345.9380102,1.0
1774932345.9549558,1.0
1774932345.9719565,1.0
1774932345.9890494,1.0
1774932346.0060565,1.0
1774932346.0230315,1.0
1774932346.040975,1.0
1774932346.0580847,1.0
1774932346.075068,1.0
1774932346.0920599,1.0
1774932346.1091309,1.0
1774932346.1260772,1.0
1774932346.1430764,1.0
1774932346.1600356,1.0
1774932346.177034,1.0
1774932346.1939769,1.0
1774932346.2110407,1.0
1774932346.228008,1.0
1774932346.2450879,1.0
1774932346.2619996,1.0
1774932346.2790055,1.0
1774932346.2963312,1.0
1774932346.3133502,1.0
1774932346.3303468,1.0
1774932346.3473377,1.0
1774932346.3642893,1.0
1774932346.381234,1.0
1774932346.3981986,1.0
1774932346.4151692,1.0
1774932346.432118,1.0
1774932346.4491196,1.0
1774932346.466104,1.0
1774932346.483042,1.0
1774932346.5000186,1.0
1774932346.5170996,1.0
1774932346.5340922,1.0
1774932346.551394,1.0
1774932346.568328,1.0
1774932346.5853214,1.0
1774932346.6022723,1.0
1774932346.6192262,1.0
1774932346.6363115,1.0
1774932346.6532238,1.0
1774932346.6702116,1.0
1774932346.6871407,1.0
1774932346.7041008,1.0
1774932346.7210336,1.0
1774932346.7379804,1.0
1774932346.7549102,1.0
1774932346.7718563,1.0
1774932346.78882,1.0
1774932346.8057804,1.0
1774932346.8226936,1.0
1774932346.839708,1.0
1774932346.8566415,1.0
1774932346.8735929,1.0
1774932346.8905237,1.0
1774932346.9075446,1.0
1774932346.9244714,1.0
1774932346.941397,1.0
1774932346.9583573,1.0
1774932346.9753263,1.0
1774932346.9923036,1.0
1774932347.009253,1.0
1774932347.0270498,1.0
1774932347.044204,1.0
1774932347.0611532,1.0
1774932347.0780835,1.0
1774932347.0950472,1.0
1774932347.1121707,1.0
1774932347.1290936,1.0
1774932347.1460643,1.0
1774932347.163171,1.0
1774932347.1801023,1.0
1774932347.1970632,1.0
1774932347.2144287,1.0
1774932347.2313545,1.0
1774932347.2484224,1.0
1774932347.2652643,1.0
1774932347.2822957,1.0
1774932347.2993488,1.0
1774932347.316355,1.0
1774932347.33332,1.0
1774932347.3502884,1.0
1774932347.367447,1.0
1774932347.3844094,1.0
1774932347.401382,1.0
1774932347.4183402,1.0
1774932347.4354625,1.0
1774932347.4524055,1.0
1774932347.4693806,1.0
1774932347.4863324,1.0
1774932347.503262,1.0
1774932347.5202558,1.0
1774932347.5371928,1.0
1774932347.5543296,1.0
1774932347.5713093,1.0
1774932347.5882676,1.0
1774932347.605208,1.0
1774932347.6221554,1.0
1774932347.6394348,1.0
1774932347.656578,1.0
1774932347.673525,1.0
1774932347.6904576,1.0
1774932347.707542,1.0
1774932347.7244687,1.0
1774932347.7414556,1.0
1774932347.7584114,1.0
1774932347.7753556,1.0
1774932347.7923472,1.0
1774932347.8092692,1.0
1774932347.8263507,1.0
1774932347.8432066,1.0
1774932347.8601685,1.0
1774932347.8771334,1.0
1774932347.894066,1.0
1774932347.9110568,1.0
1774932347.9279974,1.0
1774932347.9449682,1.0
1774932347.961918,1.0
1774932347.978844,1.0
1774932347.9958434,1.0
1774932348.01279,1.0
1774932348.0311072,1.0
1774932348.0479832,1.0
1774932348.064942,1.0
1774932348.0819316,1.0
1774932348.0988886,1.0
1774932348.1158552,1.0
1774932348.132832,1.0
1774932348.1497798,1.0
1774932348.166741,1.0
1774932348.1837275,1.0
1774932348.2006454,1.0
1774932348.217929,1.0
1774932348.2348363,1.0
1774932348.2519796,1.0
1774932348.2689257,1.0
1774932348.2862027,1.0
1774932348.3031006,1.0
1774932348.3201082,1.0
1774932348.337045,1.0
1774932348.3539958,1.0
1774932348.370961,1.0
1774932348.387906,1.0
1774932348.4049094,1.0
1774932348.4218454,1.0
1774932348.4388463,1.0
1774932348.455921,1.0
1774932348.4729838,1.0
1774932348.489933,1.0
1774932348.50694,1.0
1774932348.5239773,1.0
1774932348.5409832,1.0
1774932348.5583816,1.0
1774932348.5754347,1.0
1774932348.5924032,1.0
1774932348.609361,1.0
1774932348.6264458,1.0
1774932348.6438816,1.0
1774932348.660891,1.0
1774932348.677862,1.0
1774932348.6948662,1.0
1774932348.7118664,1.0
1774932348.7287836,1.0
1774932348.7457256,1.0
1774932348.7626827,1.0
1774932348.779674,1.0
1774932348.796613,1.0
1774932348.8135517,1.0
1774932348.830531,1.0
1774932348.847473,1.0
1774932348.8644261,1.0
1774932348.8814776,1.0
1774932348.8984387,1.0
1774932348.9154215,1.0
1774932348.9322915,1.0
1774932348.949173,1.0
1774932348.9661517,1.0
1774932348.9830186,1.0
1774932348.999899,1.0
1774932349.016789,1.0
1774932349.0349717,1.0
1774932349.0520341,1.0
1774932349.0690093,1.0
1774932349.08594,1.0
1774932349.102867,1.0
1774932349.1197731,1.0
1774932349.136666,1.0
1774932349.153599,1.0
1774932349.170541,1.0
1774932349.1874256,1.0
1774932349.2045093,1.0
1774932349.2215815,1.0
1774932349.2384942,1.0
1774932349.2555323,1.0
1774932349.2724748,1.0
1774932349.2895546,1.0
1774932349.3063583,1.0
1774932349.3233767,1.0
1774932349.3402944,1.0
1774932349.3571749,1.0
1774932349.3740554,1.0
1774932349.3910775,1.0
1774932349.408041,1.0
1774932349.4250908,1.0
1774932349.4419832,1.0
1774932349.4589002,1.0
1774932349.475771,1.0
1774932349.4927304,1.0
1774932349.5096502,1.0
1774932349.5265496,1.0
1774932349.543623,1.0
1774932349.5606453,1.0
1774932349.5775957,1.0
1774932349.594542,1.0
1774932349.611496,1.0
1774932349.6283615,1.0
1774932349.645577,1.0
1774932349.662487,1.0
1774932349.6793852,1.0
1774932349.696298,1.0
1774932349.7132564,1.0
1774932349.7302008,1.0
1774932349.7471714,1.0
1774932349.7640557,1.0
1774932349.7810037,1.0
1774932349.7979438,1.0
1774932349.8148513,1.0
1774932349.8319123,1.0
1774932349.8487933,1.0
1774932349.8658926,1.0
1774932349.8827965,1.0
1774932349.8996692,1.0
1774932349.91668,1.0
1774932349.9337382,1.0
1774932349.9506423,1.0
1774932349.9676032,1.0
1774932349.9846568,1.0
1774932350.001575,1.0
1774932350.0184646,1.0
1774932350.0365489,1.0
1774932350.0534673,1.0
1774932350.0704272,1.0
1774932350.0873115,1.0
1774932350.1042402,1.0
1774932350.1212373,1.0
1774932350.1382391,1.0
1774932350.1552494,1.0
1774932350.1721425,1.0
1774932350.1891801,1.0
1774932350.2060494,1.0
1774932350.2231963,1.0
1774932350.2400854,1.0
1774932350.2572205,1.0
1774932350.274111,1.0
1774932350.291198,1.0
1774932350.3081837,1.0
1774932350.3252175,1.0
1774932350.3421066,1.0
1774932350.3590956,1.0
1774932350.3760486,1.0
1774932350.393009,1.0
1774932350.4100506,1.0
1774932350.426961,1.0
1774932350.443894,1.0
1774932350.460806,1.0
1774932350.4776993,1.0
1774932350.4946322,1.0
1774932350.5116,1.0
1774932350.528478,1.0
1774932350.5454278,1.0
1774932350.5625346,1.0
1774932350.5794373,1.0
1774932350.5963883,1.0
1774932350.6133304,1.0
1774932350.6303365,1.0
1774932350.647337,1.0
1774932350.6643102,1.0
1774932350.6811907,1.0
1774932350.6981595,1.0
1774932350.7151084,1.0
1774932350.732081,1.0
1774932350.7489595,1.0
1774932350.765851,1.0
1774932350.7829566,1.0
1774932350.7999637,1.0
1774932350.8168445,1.0
1774932350.83416,1.0
1774932350.851041,1.0
1774932350.868112,1.0
1774932350.885021,1.0
1774932350.9020636,1.0
1774932350.9190059,1.0
1774932350.9360447,1.0
1774932350.952938,1.0
1774932350.9700527,1.0
1774932350.986897,1.0
1774932351.003806,1.0
1774932351.0207534,1.0
1774932351.0388026,1.0
1774932351.0557027,1.0
1774932351.0725932,1.0
1774932351.0895133,1.0
1774932351.1064339,1.0
1774932351.123367,1.0
1774932351.1402764,1.0
1774932351.1572037,1.0
1774932351.1739597,1.0
1774932351.1908212,1.0
1774932351.2076337,1.0
1774932351.224763,1.0
1774932351.2416565,1.0
1774932351.2588398,1.0
1774932351.2757342,1.0
1774932351.2928302,1.0
1774932351.3097262,1.0
1774932351.326658,1.0
1774932351.3436103,1.0
1774932351.360524,1.0
1774932351.3774028,1.0
1774932351.3943567,1.0
1774932351.411234,1.0
1774932351.428153,1.0
1774932351.4451065,1.0
1774932351.462003,1.0
1774932351.4788997,1.0
1774932351.4958708,1.0
1774932351.5128155,1.0
1774932351.529727,1.0
1774932351.5466692,1.0
1774932351.5636868,1.0
1774932351.5806813,1.0
1774932351.5976567,1.0
1774932351.6145415,1.0
1774932351.6315107,1.0
1774932351.6485655,1.0
1774932351.6655455,1.0
1774932351.6824424,1.0
1774932351.6993759,1.0
1774932351.7162929,1.0
1774932351.7332964,1.0
1774932351.7501905,1.0
1774932351.7672048,1.0
1774932351.7840855,1.0
1774932351.8011193,1.0
1774932351.8180263,1.0
1774932351.835146,1.0
1774932351.8521917,1.0
1774932351.869098,1.0
1774932351.886003,1.0
1774932351.9029236,1.0
1774932351.9199677,1.0
1774932351.9369352,1.0
1774932351.9538155,1.0
1774932351.970716,1.0
1774932351.9878538,1.0
1774932352.0047605,1.0
1774932352.0227902,1.0
1774932352.0398204,1.0
1774932352.0567605,1.0
1774932352.0737123,1.0
1774932352.0908756,1.0
1774932352.1078248,1.0
1774932352.124809,1.0
1774932352.1418426,1.0
1774932352.1587834,1.0
1774932352.1757388,1.0
1774932352.192749,1.0
1774932352.2097986,1.0
1774932352.2266681,1.0
1774932352.243646,1.0
1774932352.2606926,1.0
1774932352.277616,1.0
1774932352.2946684,1.0
1774932352.311684,1.0
1774932352.328649,1.0
1774932352.3455837,1.0
1774932352.3625495,1.0
1774932352.3795216,1.0
1774932352.3965008,1.0
1774932352.413435,1.0
1774932352.4304266,1.0
1774932352.447396,1.0
1774932352.4643924,1.0
1774932352.4815192,1.0
1774932352.4985094,1.0
1774932352.5154324,1.0
1774932352.5324082,1.0
1774932352.549324,1.0
1774932352.5667062,1.0
1774932352.583627,1.0
1774932352.6005738,1.0
1774932352.6175478,1.0
1774932352.6346924,1.0
1774932352.6516473,1.0
1774932352.6685665,1.0
1774932352.6854763,1.0
1774932352.70247,1.0
1774932352.7194226,1.0
1774932352.7363644,1.0
1774932352.7533145,1.0
1774932352.7702668,1.0
1774932352.7872157,1.0
1774932352.8041859,1.0
1774932352.8211424,1.0
1774932352.8384166,1.0
1774932352.8553863,1.0
1774932352.8723474,1.0
1774932352.8892987,1.0
1774932352.9062815,1.0
1774932352.9233122,1.0
1774932352.940307,1.0
1774932352.9571974,1.0
1774932352.9743793,1.0
1774932352.9912496,1.0
1774932353.0081398,1.0
1774932353.0261421,1.0
1774932353.0432115,1.0
1774932353.060151,1.0
1774932353.0770311,1.0
1774932353.093965,1.0
1774932353.1108804,1.0
1774932353.1278715,1.0
1774932353.144778,1.0
1774932353.1617877,1.0
1774932353.1788757,1.0
1774932353.1957598,1.0
1774932353.213104,1.0
1774932353.2299922,1.0
1774932353.2469094,1.0
1774932353.2639158,1.0
1774932353.2808752,1.0
1774932353.2980864,1.0
1774932353.3150494,1.0
1774932353.331987,1.0
1774932353.3488934,1.0
1774932353.3659463,1.0
1774932353.38283,1.0
1774932353.3999238,1.0
1774932353.416839,1.0
1774932353.4337308,1.0
1774932353.450856,1.0
1774932353.4678204,1.0
1774932353.4847183,1.0
1774932353.5018284,1.0
1774932353.518812,1.0
1774932353.5356889,1.0
1774932353.5526433,1.0
1774932353.5697236,1.0
1774932353.5866354,1.0
1774932353.6035976,1.0
1774932353.6205142,1.0
1774932353.6376152,1.0
1774932353.6546345,1.0
1774932353.6716104,1.0
1774932353.688571,1.0
1774932353.7054908,1.0
1774932353.722448,1.0
1774932353.7394304,1.0
1774932353.7563684,1.0
1774932353.7733223,1.0
1774932353.7903018,1.0
1774932353.80724,1.0
1774932353.824365,1.0
1774932353.841269,1.0
1774932353.8583527,1.0
1774932353.875384,1.0
1774932353.892382,1.0
1774932353.909313,1.0
1774932353.926364,1.0
1774932353.943338,1.0
1774932353.9602368,1.0
1774932353.9771655,1.0
1774932353.9942572,1.0
1774932354.0112028,1.0
1774932354.0292974,1.0
1774932354.0462406,1.0
1774932354.063164,1.0
1774932354.0801127,1.0
1774932354.0971413,1.0
1774932354.114068,1.0
1774932354.1310742,1.0
1774932354.148131,1.0
1774932354.165043,1.0
1774932354.1818602,1.0
1774932354.1988506,1.0
1774932354.215856,1.0
1774932354.232699,1.0
1774932354.249876,1.0
1774932354.266729,1.0
1774932354.2837496,1.0
1774932354.3005087,1.0
1774932354.3175993,1.0
1774932354.334549,1.0
1774932354.3513558,1.0
1774932354.3682797,1.0
1774932354.3850584,1.0
1774932354.4019642,1.0
1774932354.4187713,1.0
1774932354.4356055,1.0
1774932354.4525204,1.0
1774932354.4693046,1.0
1774932354.4861157,1.0
1774932354.5029883,1.0
1774932354.5197842,1.0
1774932354.536629,1.0
1774932354.5534878,1.0
1774932354.5705647,1.0
1774932354.5875034,1.0
1774932354.6044734,1.0
1774932354.6214733,1.0
1774932354.6385732,1.0
1774932354.65548,1.0
1774932354.6724603,1.0
1774932354.6894624,1.0
1774932354.706444,1.0
1774932354.7234254,1.0
1774932354.7404003,1.0
1774932354.7573059,1.0
1774932354.7742877,1.0
1774932354.7912815,1.0
1774932354.8082006,1.0
1774932354.8254056,1.0
1774932354.8422282,1.0
1774932354.859132,1.0
1774932354.8761184,1.0
1774932354.8930452,1.0
1774932354.910081,1.0
1774932354.9270475,1.0
1774932354.9440033,1.0
1774932354.9608958,1.0
1774932354.977827,1.0
1774932354.9947808,1.0
1774932355.0116794,1.0
1774932355.029434,1.0
1774932355.0463939,1.0
1774932355.063301,1.0
1774932355.0801783,1.0
1774932355.0970917,1.0
1774932355.1140757,1.0
1774932355.1309958,1.0
1774932355.1479023,1.0
1774932355.1649191,1.0
1774932355.1818008,1.0
1774932355.1986914,1.0
1774932355.2160478,1.0
1774932355.2329135,1.0
1774932355.2501838,1.0
1774932355.267204,1.0
1774932355.2841203,1.0
1774932355.301042,1.0
1774932355.3180068,1.0
1774932355.334948,1.0
1774932355.3524199,1.0
1774932355.3693438,1.0
1774932355.386322,1.0
1774932355.403273,1.0
1774932355.4201894,1.0
1774932355.4371085,1.0
1774932355.4540477,1.0
1774932355.4711394,1.0
1774932355.488051,1.0
1774932355.5050013,1.0
1774932355.5218627,1.0
1774932355.5387344,1.0
1774932355.5556543,1.0
1774932355.5726998,1.0
1774932355.5895832,1.0
1774932355.6064672,1.0
1774932355.6234467,1.0
1774932355.6405404,1.0
1774932355.657413,1.0
1774932355.6742826,1.0
1774932355.6912208,1.0
1774932355.7082672,1.0
1774932355.725203,1.0
1774932355.7421093,1.0
1774932355.759101,1.0
1774932355.7759905,1.0
1774932355.7930284,1.0
1774932355.8099496,1.0
1774932355.8271055,1.0
1774932355.844018,1.0
1774932355.8609138,1.0
1774932355.8777974,1.0
1774932355.8947475,1.0
1774932355.911624,1.0
1774932355.9289296,1.0
1774932355.9458134,1.0
1774932355.9628675,1.0
1774932355.9797323,1.0
1774932355.9969525,1.0
1774932356.0138514,1.0
1774932356.0319903,1.0
1774932356.048912,1.0
1774932356.065874,1.0
1774932356.0828054,1.0
1774932356.0997212,1.0
1774932356.116631,1.0
1774932356.1336732,1.0
1774932356.1505656,1.0
1774932356.1674943,1.0
1774932356.1844172,1.0
1774932356.201363,1.0
1774932356.2185755,1.0
1774932356.23555,1.0
1774932356.2526114,1.0
1774932356.2695637,1.0
1774932356.2869198,1.0
1774932356.3038702,1.0
1774932356.3208232,1.0
1774932356.3378332,1.0
1774932356.354968,1.0
1774932356.3719003,1.0
1774932356.388924,1.0
1774932356.4059625,1.0
1774932356.4229379,1.0
1774932356.4399128,1.0
1774932356.4568892,1.0
1774932356.473903,1.0
1774932356.4908476,1.0
1774932356.50779,1.0
1774932356.5247467,1.0
1774932356.5416644,1.0
1774932356.5586002,1.0
1774932356.575739,1.0
1774932356.5926795,1.0
1774932356.6098008,1.0
1774932356.6267638,1.0
1774932356.6440809,1.0
1774932356.6609442,1.0
1774932356.6778765,1.0
1774932356.6948035,1.0
1774932356.7117777,1.0
1774932356.7289858,1.0
1774932356.7459102,1.0
1774932356.7629359,1.0
1774932356.779851,1.0
1774932356.796831,1.0
1774932356.813751,1.0
1774932356.8307362,1.0
1774932356.8476236,1.0
1774932356.8645325,1.0
1774932356.881497,1.0
1774932356.8984363,1.0
1774932356.9153917,1.0
1774932356.93239,1.0
1774932356.949374,1.0
1774932356.9663117,1.0
1774932356.9832196,1.0
1774932357.0002844,1.0
1774932357.017211,1.0
1774932357.0356336,1.0
1774932357.0525637,1.0
1774932357.0694811,1.0
1774932357.086402,1.0
1774932357.1033902,1.0
1774932357.1202717,1.0
1774932357.1373084,1.0
1774932357.1541939,1.0
1774932357.171083,1.0
1774932357.1881275,1.0
1774932357.205066,1.0
1774932357.2223942,1.0
1774932357.239359,1.0
1774932357.2564597,1.0
1774932357.2733488,1.0
1774932357.290387,1.0
1774932357.3072515,1.0
1774932357.3241763,1.0
1774932357.3410916,1.0
1774932357.3580456,1.0
1774932357.3749375,1.0
1774932357.3922496,1.0
1774932357.4092119,1.0
1774932357.426127,1.0
1774932357.4430702,1.0
1774932357.4599805,1.0
1774932357.477029,1.0
1774932357.494018,1.0
1774932357.510925,1.0
1774932357.5279748,1.0
1774932357.5448723,1.0
1774932357.5621517,1.0
1774932357.579044,1.0
1774932357.5960112,1.0
1774932357.612933,1.0
1774932357.6299334,1.0
1774932357.646941,1.0
1774932357.6638489,1.0
1774932357.680759,1.0
1774932357.697709,1.0
1774932357.7146275,1.0
1774932357.7315805,1.0
1774932357.7485478,1.0
1774932357.7654536,1.0
1774932357.7824204,1.0
1774932357.799343,1.0
1774932357.8163092,1.0
1774932357.833314,1.0
1774932357.8502984,1.0
1774932357.8672,1.0
1774932357.8841875,1.0
1774932357.9011295,1.0
1774932357.9180887,1.0
1774932357.9351933,1.0
1774932357.952102,1.0
1774932357.969117,1.0
1774932357.9860272,1.0
1774932358.0033383,1.0
1774932358.0203063,1.0
1774932358.0384204,1.0
1774932358.0553353,1.0
1774932358.0723996,1.0
1774932358.0893068,1.0
1774932358.1062496,1.0
1774932358.123195,1.0
1774932358.1401415,1.0
1774932358.157038,1.0
1774932358.1739473,1.0
1774932358.1909487,1.0
1774932358.2079797,1.0
1774932358.2249327,1.0
1774932358.241903,1.0
1774932358.2589102,1.0
1774932358.275855,1.0
1774932358.292856,1.0
1774932358.3097503,1.0
1774932358.3266938,1.0
1774932358.343654,1.0
1774932358.3605595,1.0
1774932358.377468,1.0
1774932358.3943498,1.0
1774932358.4113197,1.0
1774932358.4282398,1.0
1774932358.4452267,1.0
1774932358.4621842,1.0
1774932358.4792101,1.0
1774932358.4961207,1.0
1774932358.5131187,1.0
1774932358.5301597,1.0
1774932358.5471084,1.0
1774932358.5642097,1.0
1774932358.5811658,1.0
1774932358.5980768,1.0
1774932358.6150036,1.0
1774932358.6320424,1.0
1774932358.649113,1.0
1774932358.6661007,1.0
1774932358.6830263,1.0
1774932358.6999245,1.0
1774932358.7168791,1.0
1774932358.733862,1.0
1774932358.7507546,1.0
1774932358.7677069,1.0
1774932358.7847993,1.0
1774932358.8017192,1.0
1774932358.8186219,1.0
1774932358.8356514,1.0
1774932358.8525748,1.0
1774932358.86952,1.0
1774932358.8864589,1.0
1774932358.9033728,1.0
1774932358.920189,1.0
1774932358.9371586,1.0
1774932358.9540663,1.0
1774932358.9709928,1.0
1774932358.9880266,1.0
1774932359.004935,1.0
1774932359.02294,1.0
1774932359.0400884,1.0
1774932359.056989,1.0
1774932359.0738983,1.0
1774932359.090806,1.0
1774932359.1078017,1.0
1774932359.124701,1.0
1774932359.1416595,1.0
1774932359.1585705,1.0
1774932359.1755164,1.0
1774932359.1924787,1.0
1774932359.2094254,1.0
1774932359.2264774,1.0
1774932359.2434292,1.0
1774932359.2603712,1.0
1774932359.2773402,1.0
1774932359.294464,1.0
1774932359.3114352,1.0
1774932359.3283818,1.0
1774932359.3453739,1.0
1774932359.3622732,1.0
1774932359.3792546,1.0
1774932359.3961544,1.0
1774932359.4131,1.0
1774932359.4299998,1.0
1774932359.4471776,1.0
1774932359.4640799,1.0
1774932359.4810152,1.0
1774932359.4981272,1.0
1774932359.5150213,1.0
1774932359.5320473,1.0
1774932359.5489905,1.0
1774932359.56618,1.0
1774932359.58468,1.0
1774932359.6015933,1.0
1774932359.6187456,1.0
1774932359.6357033,1.0
1774932359.6528976,1.0
1774932359.6699057,1.0
1774932359.686848,1.0
1774932359.7037847,1.0
1774932359.720751,1.0
1774932359.7378268,1.0
1774932359.754765,1.0
1774932359.7718785,1.0
1774932359.7890186,1.0
1774932359.8059633,1.0
1774932359.8230166,1.0
1774932359.8401423,1.0
1774932359.857117,1.0
1774932359.8740568,1.0
1774932359.8910556,1.0
1774932359.9080186,1.0
1774932359.9249887,1.0
1774932359.9419558,1.0
1774932359.9590194,1.0
1774932359.9759765,1.0
1774932359.9930973,1.0
1774932360.0100822,1.0
1774932360.0278418,1.0
1774932360.0450997,1.0
1774932360.0620756,1.0
1774932360.0790348,1.0
1774932360.0959854,1.0
1774932360.113026,1.0
1774932360.130031,1.0
1774932360.1468847,1.0
1774932360.163861,1.0
1774932360.1806931,1.0
1774932360.1975996,1.0
1774932360.2147055,1.0
1774932360.231584,1.0
1774932360.2486112,1.0
1774932360.2654476,1.0
1774932360.282396,1.0
1774932360.2992358,1.0
1774932360.3161166,1.0
1774932360.33308,1.0
1774932360.3500013,1.0
1774932360.366869,1.0
1774932360.3837328,1.0
1774932360.400697,1.0
1774932360.4176292,1.0
1774932360.4345338,1.0
1774932360.451443,1.0
1774932360.468438,1.0
1774932360.48529,1.0
1774932360.5022051,1.0
1774932360.5190728,1.0
1774932360.5360448,1.0
1774932360.5528913,1.0
1774932360.5823445,1.0
1774932360.6279333,1.0
1774932360.6665802,1.0
1774932360.7079425,1.0
1774932360.751505,1.0
1774932360.7955065,1.0
1774932360.8395061,1.0
1774932360.8834891,1.0
1774932360.9245057,1.0
1774932360.9644964,1.0
1774932361.0054948,1.0
1774932361.0466342,1.0
1774932361.0859342,1.0
1774932361.129497,1.0
1774932361.1714962,1.0
1774932361.2115123,1.0
1774932361.2535055,1.0
1774932361.2865465,1.0
1774932361.3036366,1.0
1774932361.3206532,1.0
1774932361.33773,1.0
1774932361.3547378,1.0
1774932361.3717296,1.0
1774932361.3888829,1.0
1774932361.4059334,1.0
1774932361.4232934,1.0
1774932361.4403493,1.0
1774932361.4574127,1.0
1774932361.4744496,1.0
1774932361.4917936,1.0
1774932361.508843,1.0
1774932361.5258856,1.0
1774932361.542976,1.0
1774932361.5599995,1.0
1774932361.5772681,1.0
1774932361.5942879,1.0
1774932361.611325,1.0
1774932361.6283453,1.0
1774932361.6454487,1.0
1774932361.6625535,1.0
1774932361.6796296,1.0
1774932361.696679,1.0
1774932361.7137122,1.0
1774932361.7307472,1.0
1774932361.747816,1.0
1774932361.7648823,1.0
1774932361.7819262,1.0
1774932361.798984,1.0
1774932361.8159971,1.0
1774932361.8332272,1.0
1774932361.8502862,1.0
1774932361.867316,1.0
1774932361.8843272,1.0
1774932361.9013498,1.0
1774932361.9184194,1.0
1774932361.9355152,1.0
1774932361.9525433,1.0
1774932361.9695694,1.0
1774932361.9865909,1.0
1774932362.0037544,1.0
1774932362.021121,1.0
1774932362.039574,1.0
1774932362.0566235,1.0
1774932362.0737226,1.0
1774932362.0908198,1.0
1774932362.10794,1.0
1774932362.124971,1.0
1774932362.142196,1.0
1774932362.1592371,1.0
1774932362.1763167,1.0
1774932362.193391,1.0
1774932362.2105372,1.0
1774932362.2277122,1.0
1774932362.2448256,1.0
1774932362.2619426,1.0
1774932362.279141,1.0
1774932362.2962248,1.0
1774932362.3131726,1.0
1774932362.3301325,1.0
1774932362.347127,1.0
1774932362.3640788,1.0
1774932362.3810577,1.0
1774932362.3979883,1.0
1774932362.4149313,1.0
1774932362.4321127,1.0
1774932362.4490783,1.0
1774932362.4660594,1.0
1774932362.4830492,1.0
1774932362.5000298,1.0
1774932362.5171046,1.0
1774932362.5340984,1.0
1774932362.5510764,1.0
1774932362.568179,1.0
1774932362.5852294,1.0
1774932362.6022537,1.0
1774932362.6191936,1.0
1774932362.6361916,1.0
1774932362.6533918,1.0
1774932362.6704283,1.0
1774932362.6874244,1.0
1774932362.704435,1.0
1774932362.7213993,1.0
1774932362.7384167,1.0
1774932362.7553895,1.0
1774932362.772369,1.0
1774932362.7893252,1.0
1774932362.8062816,1.0
1774932362.823235,1.0
1774932362.8402488,1.0
1774932362.8572633,1.0
1774932362.8742177,1.0
1774932362.8911512,1.0
1774932362.9080384,1.0
1774932362.925028,1.0
1774932362.9420383,1.0
1774932362.958954,1.0
1774932362.9759834,1.0
1774932362.9929588,1.0
1774932363.0099344,1.0
1774932363.0279388,1.0
1774932363.0449889,1.0
1774932363.0619764,1.0
1774932363.0789258,1.0
1774932363.095982,1.0
1774932363.1129572,1.0
1774932363.1299062,1.0
1774932363.1469088,1.0
1774932363.163935,1.0
1774932363.1808677,1.0
1774932363.197808,1.0
1774932363.2150223,1.0
1774932363.2319336,1.0
1774932363.2489166,1.0
1774932363.2660596,1.0
1774932363.283275,1.0
1774932363.3001134,1.0
1774932363.3171215,1.0
1774932363.3341415,1.0
1774932363.3511446,1.0
1774932363.3680906,1.0
1774932363.385052,1.0
1774932363.402038,1.0
1774932363.4189987,1.0
1774932363.435994,1.0
1774932363.4529562,1.0
1774932363.4700272,1.0
1774932363.4869316,1.0
1774932363.5039086,1.0
1774932363.5209363,1.0
1774932363.538163,1.0
1774932363.5551655,1.0
1774932363.5723815,1.0
1774932363.589349,1.0
1774932363.6063278,1.0
1774932363.6234045,1.0
1774932363.6403618,1.0
1774932363.6577096,1.0
1774932363.6748204,1.0
1774932363.6918023,1.0
1774932363.7087684,1.0
1774932363.7257318,1.0
1774932363.7428167,1.0
1774932363.7598135,1.0
1774932363.7767775,1.0
1774932363.793729,1.0
1774932363.8107057,1.0
1774932363.8278692,1.0
1774932363.8449247,1.0
1774932363.861869,1.0
1774932363.8788226,1.0
1774932363.8958242,1.0
1774932363.9127748,1.0
1774932363.9299002,1.0
1774932363.9469054,1.0
1774932363.9638548,1.0
1774932363.9809592,1.0
1774932363.9979103,1.0
1774932364.0149,1.0
1774932364.032628,1.0
1774932364.0497775,1.0
1774932364.0667453,1.0
1774932364.0837252,1.0
1774932364.1008375,1.0
1774932364.1179626,1.0
1774932364.1350203,1.0
1774932364.152037,1.0
1774932364.168986,1.0
1774932364.186031,1.0
1774932364.203034,1.0
1774932364.220256,1.0
1774932364.2372234,1.0
1774932364.2545311,1.0
1774932364.271492,1.0
1774932364.2885873,1.0
1774932364.3057356,1.0
1774932364.3227036,1.0
1774932364.3398223,1.0
1774932364.3568857,1.0
1774932364.373874,1.0
1774932364.3908708,1.0
1774932364.407814,1.0
1774932364.4247038,1.0
1774932364.4417853,1.0
1774932364.4587755,1.0
1774932364.475792,1.0
1774932364.4927905,1.0
1774932364.5098414,1.0
1774932364.5267422,1.0
1774932364.5437732,1.0
1774932364.5607495,1.0
1774932364.5779476,1.0
1774932364.5949097,1.0
1774932364.6119943,1.0
1774932364.6289835,1.0
1774932364.6459613,1.0
1774932364.663119,1.0
1774932364.6800935,1.0
1774932364.6970887,1.0
1774932364.7141328,1.0
1774932364.7311313,1.0
1774932364.7482264,1.0
1774932364.7651954,1.0
1774932364.7822702,1.0
1774932364.7992487,1.0
1774932364.8162062,1.0
1774932364.8334076,1.0
1774932364.850394,1.0
1774932364.867372,1.0
1774932364.8845541,1.0
1774932364.9015253,1.0
1774932364.9185278,1.0
1774932364.9355032,1.0
1774932364.9525282,1.0
1774932364.9695776,1.0
1774932364.9865768,1.0
1774932365.003613,1.0
1774932365.0219846,1.0
1774932365.0390937,1.0
1774932365.0560143,1.0
1774932365.0730104,1.0
1774932365.0902214,1.0
1774932365.1072192,1.0
1774932365.1242023,1.0
1774932365.1414018,1.0
1774932365.1584387,1.0
1774932365.175426,1.0
1774932365.192428,1.0
1774932365.209683,1.0
1774932365.2266264,1.0
1774932365.2436454,1.0
1774932365.2608757,1.0
1774932365.2778485,1.0
1774932365.2950242,1.0
1774932365.3120272,1.0
1774932365.3290565,1.0
1774932365.3461668,1.0
1774932365.3632169,1.0
1774932365.3802574,1.0
1774932365.397218,1.0
1774932365.4142883,1.0
1774932365.4312215,1.0
1774932365.448186,1.0
1774932365.4652197,1.0
1774932365.4822242,1.0
1774932365.499265,1.0
1774932365.5162663,1.0
1774932365.5332313,1.0
1774932365.5503037,1.0
1774932365.5672908,1.0
1774932365.5850773,1.0
1774932365.602083,1.0
1774932365.6190486,1.0
1774932365.6360118,1.0
1774932365.653281,1.0
1774932365.6701791,1.0
1774932365.6872332,1.0
1774932365.704197,1.0
1774932365.72119,1.0
1774932365.7382178,1.0
1774932365.7551978,1.0
1774932365.7721782,1.0
1774932365.7892492,1.0
1774932365.806159,1.0
1774932365.823109,1.0
1774932365.840089,1.0
1774932365.8571947,1.0
1774932365.8741639,1.0
1774932365.8911426,1.0
1774932365.908155,1.0
1774932365.9251256,1.0
1774932365.9422607,1.0
1774932365.9592214,1.0
1774932365.9761827,1.0
1774932365.99315,1.0
1774932366.0101864,1.0
1774932366.0284624,1.0
1774932366.0455253,1.0
1774932366.062539,1.0
1774932366.0795133,1.0
1774932366.0965023,1.0
1774932366.1134837,1.0
1774932366.130419,1.0
1774932366.1474733,1.0
1774932366.164453,1.0
1774932366.1814275,1.0
1774932366.1983843,1.0
1774932366.2155383,1.0
1774932366.2324522,1.0
1774932366.2496338,1.0
1774932366.2665677,1.0
1774932366.2837126,1.0
1774932366.3005729,1.0
1774932366.3175805,1.0
1774932366.334573,1.0
1774932366.351541,1.0
1774932366.368526,1.0
1774932366.3855186,1.0
1774932366.4024754,1.0
1774932366.419456,1.0
1774932366.436429,1.0
1774932366.4534047,1.0
1774932366.4704146,1.0
1774932366.4873881,1.0
1774932366.5043638,1.0
1774932366.5213253,1.0
1774932366.53828,1.0
1774932366.5552285,1.0
1774932366.5722153,1.0
1774932366.5892506,1.0
1774932366.6062667,1.0
1774932366.6232378,1.0
1774932366.6401784,1.0
1774932366.6573827,1.0
1774932366.6743453,1.0
1774932366.6913598,1.0
1774932366.7083569,1.0
1774932366.725334,1.0
1774932366.7424152,1.0
1774932366.759331,1.0
1774932366.7762964,1.0
1774932366.793201,1.0
1774932366.8101852,1.0
1774932366.827343,1.0
1774932366.8441732,1.0
1774932366.8611634,1.0
1774932366.8780575,1.0
1774932366.8950565,1.0
1774932366.911972,1.0
1774932366.9289029,1.0
1774932366.9459257,1.0
1774932366.9628508,1.0
1774932366.9797676,1.0
1774932366.9966838,1.0
1774932367.0137095,1.0
1774932367.0322497,1.0
1774932367.049195,1.0
1774932367.0661454,1.0
1774932367.0830529,1.0
1774932367.1000013,1.0
1774932367.1170757,1.0
1774932367.1340332,1.0
1774932367.1510456,1.0
1774932367.1679964,1.0
1774932367.1849365,1.0
1774932367.201899,1.0
1774932367.219121,1.0
1774932367.236037,1.0
1774932367.2531304,1.0
1774932367.2700324,1.0
1774932367.2870977,1.0
1774932367.3040478,1.0
1774932367.3209667,1.0
1774932367.3378873,1.0
1774932367.3548496,1.0
1774932367.371936,1.0
1774932367.388844,1.0
1774932367.4057925,1.0
1774932367.4229043,1.0
1774932367.4398272,1.0
1774932367.456839,1.0
1774932367.4738069,1.0
1774932367.4907818,1.0
1774932367.507696,1.0
1774932367.5246506,1.0
1774932367.541601,1.0
1774932367.5585628,1.0
1774932367.5757954,1.0
1774932367.5928109,1.0
1774932367.6097329,1.0
1774932367.6266778,1.0
1774932367.643768,1.0
1774932367.6610224,1.0
1774932367.6779642,1.0
1774932367.6949136,1.0
1774932367.711968,1.0
1774932367.7288854,1.0
1774932367.7460005,1.0
1774932367.7629838,1.0
1774932367.7814558,1.0
1774932367.798413,1.0
1774932367.8153408,1.0
1774932367.8324294,1.0
1774932367.8493223,1.0
1774932367.8661957,1.0
1774932367.8831496,1.0
1774932367.9000502,1.0
1774932367.9169772,1.0
1774932367.9339306,1.0
1774932367.9509313,1.0
1774932367.967868,1.0
1774932367.9855933,1.0
1774932368.0024996,1.0
1774932368.0194657,1.0
1774932368.0378466,1.0
1774932368.0549197,1.0
1774932368.0718489,1.0
1774932368.088795,1.0
1774932368.1057572,1.0
1774932368.1226952,1.0
1774932368.1396961,1.0
1774932368.1566918,1.0
1774932368.173689,1.0
1774932368.1906495,1.0
1774932368.2077563,1.0
1774932368.2248697,1.0
1774932368.2418275,1.0
1774932368.2589,1.0
1774932368.275799,1.0
1774932368.2929254,1.0
1774932368.309817,1.0
1774932368.3267918,1.0
1774932368.3437905,1.0
1774932368.3607078,1.0
1774932368.3776362,1.0
1774932368.394607,1.0
1774932368.4115536,1.0
1774932368.4284782,1.0
1774932368.4454594,1.0
1774932368.4624162,1.0
1774932368.4794016,1.0
1774932368.4963748,1.0
1774932368.5133412,1.0
1774932368.5302386,1.0
1774932368.5472968,1.0
1774932368.5642383,1.0
1774932368.581434,1.0
1774932368.5983877,1.0
1774932368.615305,1.0
1774932368.6324503,1.0
1774932368.6493945,1.0
1774932368.666436,1.0
1774932368.6833913,1.0
1774932368.7003067,1.0
1774932368.7172225,1.0
1774932368.7341197,1.0
1774932368.7512224,1.0
1774932368.7681956,1.0
1774932368.7852163,1.0
1774932368.8021204,1.0
1774932368.819108,1.0
1774932368.8362045,1.0
1774932368.8531141,1.0
1774932368.8700545,1.0
1774932368.8869874,1.0
1774932368.9040504,1.0
1774932368.9209807,1.0
1774932368.9379156,1.0
1774932368.9550383,1.0
1774932368.972017,1.0
1774932368.988932,1.0
1774932369.005986,1.0
1774932369.0241857,1.0
1774932369.041355,1.0
1774932369.058257,1.0
1774932369.0752606,1.0
1774932369.0922332,1.0
1774932369.1092303,1.0
1774932369.1261399,1.0
1774932369.1430695,1.0
1774932369.1600337,1.0
1774932369.1770427,1.0
1774932369.1939464,1.0
1774932369.2109716,1.0
1774932369.2277915,1.0
1774932369.2448082,1.0
1774932369.2618494,1.0
1774932369.278764,1.0
1774932369.2958865,1.0
1774932369.3127756,1.0
1774932369.329721,1.0
1774932369.3466542,1.0
1774932369.3635542,1.0
1774932369.3804808,1.0
1774932369.3974495,1.0
1774932369.4143548,1.0
1774932369.431288,1.0
1774932369.4482183,1.0
1774932369.465199,1.0
1774932369.482252,1.0
1774932369.4992664,1.0
1774932369.516232,1.0
1774932369.5331235,1.0
1774932369.5501053,1.0
1774932369.5671933,1.0
1774932369.5842502,1.0
1774932369.6012647,1.0
1774932369.6181638,1.0
1774932369.6350677,1.0
1774932369.652092,1.0
1774932369.6691306,1.0
1774932369.6864262,1.0
1774932369.7033794,1.0
1774932369.720284,1.0
1774932369.7372398,1.0
1774932369.7542493,1.0
1774932369.7712028,1.0
1774932369.788102,1.0
1774932369.8050067,1.0
1774932369.8219507,1.0
1774932369.8389184,1.0
1774932369.8558297,1.0
1774932369.8727434,1.0
1774932369.889705,1.0
1774932369.9066467,1.0
1774932369.9235547,1.0
1774932369.9405575,1.0
1774932369.9574835,1.0
1774932369.9743795,1.0
1774932369.991296,1.0
1774932370.0083718,1.0
1774932370.0270884,1.0
1774932370.0440202,1.0
1774932370.0609927,1.0
1774932370.0779152,1.0
1774932370.0948515,1.0
1774932370.1118531,1.0
1774932370.1287696,1.0
1774932370.1456816,1.0
1774932370.162639,1.0
1774932370.17962,1.0
1774932370.196528,1.0
1774932370.2138786,1.0
1774932370.230874,1.0
1774932370.2478626,1.0
1774932370.264859,1.0
1774932370.2817943,1.0
1774932370.2987456,1.0
1774932370.315848,1.0
1774932370.332761,1.0
1774932370.349668,1.0
1774932370.366773,1.0
1774932370.383736,1.0
1774932370.4006412,1.0
1774932370.4176042,1.0
1774932370.434497,1.0
1774932370.4514322,1.0
1774932370.4683912,1.0
1774932370.4851835,1.0
1774932370.5020874,1.0
1774932370.5190244,1.0
1774932370.5360987,1.0
1774932370.553073,1.0
1774932370.5700698,1.0
1774932370.5873218,1.0
1774932370.6042607,1.0
1774932370.621171,1.0
1774932370.6381376,1.0
1774932370.6551945,1.0
1774932370.6720676,1.0
1774932370.689013,1.0
1774932370.7059064,1.0
1774932370.722878,1.0
1774932370.7398038,1.0
1774932370.756804,1.0
1774932370.7738698,1.0
1774932370.7908216,1.0
1774932370.807713,1.0
1774932370.8248773,1.0
1774932370.841696,1.0
1774932370.858631,1.0
1774932370.875697,1.0
1774932370.8927755,1.0
1774932370.9097044,1.0
1774932370.92662,1.0
1774932370.9435897,1.0
1774932370.9605942,1.0
1774932370.977508,1.0
1774932370.994471,1.0
1774932371.0114362,1.0
1774932371.0297072,1.0
1774932371.0468016,1.0
1774932371.0637133,1.0
1774932371.0807002,1.0
1774932371.0976043,1.0
1774932371.1145275,1.0
1774932371.1314662,1.0
1774932371.1484587,1.0
1774932371.1654513,1.0
1774932371.1823697,1.0
1774932371.1993296,1.0
1774932371.216518,1.0
1774932371.2333744,1.0
1774932371.2506332,1.0
1774932371.2675507,1.0
1774932371.2846055,1.0
1774932371.3015304,1.0
1774932371.318453,1.0
1774932371.335395,1.0
1774932371.352412,1.0
1774932371.3693514,1.0
1774932371.3862708,1.0
1774932371.403288,1.0
1774932371.4202933,1.0
1774932371.4372714,1.0
1774932371.4541764,1.0
1774932371.471223,1.0
1774932371.4881415,1.0
1774932371.5050676,1.0
1774932371.5221555,1.0
1774932371.5390706,1.0
1774932371.5561056,1.0
1774932371.5730543,1.0
1774932371.5902853,1.0
1774932371.607225,1.0
1774932371.624182,1.0
1774932371.641106,1.0
1774932371.658396,1.0
1774932371.6752765,1.0
1774932371.6922805,1.0
1774932371.7092352,1.0
1774932371.7264159,1.0
1774932371.7433352,1.0
1774932371.7603562,1.0
1774932371.77727,1.0
1774932371.7942803,1.0
1774932371.811173,1.0
1774932371.8282714,1.0
1774932371.8451889,1.0
1774932371.862122,1.0
1774932371.879062,1.0
1774932371.8959932,1.0
1774932371.9129245,1.0
1774932371.9299831,1.0
1774932371.94691,1.0
1774932371.964058,1.0
1774932371.980964,1.0
1774932371.9979167,1.0
1774932372.014962,1.0
1774932372.033132,1.0
1774932372.0500643,1.0
1774932372.0669992,1.0
1774932372.0839527,1.0
1774932372.100907,1.0
1774932372.1178446,1.0
1774932372.1347709,1.0
1774932372.1517158,1.0
1774932372.168653,1.0
1774932372.185714,1.0
1774932372.202648,1.0
1774932372.2198284,1.0
1774932372.236786,1.0
1774932372.25378,1.0
1774932372.2707398,1.0
1774932372.2879932,1.0
1774932372.304958,1.0
1774932372.321871,1.0
1774932372.3389273,1.0
1774932372.3558624,1.0
1774932372.3727977,1.0
1774932372.3898957,1.0
1774932372.406799,1.0
1774932372.423727,1.0
1774932372.4406738,1.0
1774932372.457779,1.0
1774932372.4746902,1.0
1774932372.4916146,1.0
1774932372.5085502,1.0
1774932372.5255187,1.0
1774932372.5424259,1.0
1774932372.5595613,1.0
1774932372.5764813,1.0
1774932372.5934777,1.0
1774932372.6105244,1.0
1774932372.6275032,1.0
1774932372.6445265,1.0
1774932372.6616843,1.0
1774932372.6786048,1.0
1774932372.695579,1.0
1774932372.7125354,1.0
1774932372.729556,1.0
1774932372.74654,1.0
1774932372.7636197,1.0
1774932372.780554,1.0
1774932372.7975235,1.0
1774932372.8145092,1.0
1774932372.8316565,1.0
1774932372.8486001,1.0
1774932372.865544,1.0
1774932372.882516,1.0
1774932372.8995094,1.0
1774932372.9164844,1.0
1774932372.933426,1.0
1774932372.9504123,1.0
1774932372.9674463,1.0
1774932372.9844224,1.0
1774932373.0014315,1.0
1774932373.018391,1.0
1774932373.0368097,1.0
1774932373.053705,1.0
1774932373.070835,1.0
1774932373.087811,1.0
1774932373.1048203,1.0
1774932373.1218085,1.0
1774932373.1389077,1.0
1774932373.1558685,1.0
1774932373.1729536,1.0
1774932373.1898599,1.0
1774932373.2067778,1.0
1774932373.2238379,1.0
1774932373.2407959,1.0
1774932373.2579458,1.0
1774932373.274892,1.0
1774932373.2920883,1.0
1774932373.3090434,1.0
1774932373.325984,1.0
1774932373.3429224,1.0
1774932373.3600073,1.0
1774932373.3769221,1.0
1774932373.3939023,1.0
1774932373.4108014,1.0
1774932373.4277446,1.0
1774932373.4446847,1.0
1774932373.4616766,1.0
1774932373.478753,1.0
1774932373.4956887,1.0
1774932373.5128613,1.0
1774932373.5299742,1.0
1774932373.5469103,1.0
1774932373.5639753,1.0
1774932373.5810306,1.0
1774932373.5979776,1.0
1774932373.6149542,1.0
1774932373.631905,1.0
1774932373.6488068,1.0
1774932373.66627,1.0
1774932373.6831949,1.0
1774932373.7002368,1.0
1774932373.7171621,1.0
1774932373.7341833,1.0
1774932373.7510977,1.0
1774932373.7681623,1.0
1774932373.7855067,1.0
1774932373.8024213,1.0
1774932373.8193617,1.0
1774932373.836239,1.0
1774932373.8531659,1.0
1774932373.8701086,1.0
1774932373.887059,1.0
1774932373.9039667,1.0
1774932373.9209,1.0
1774932373.9378757,1.0
1774932373.9548023,1.0
1774932373.9717667,1.0
1774932373.9887238,1.0
1774932374.0056593,1.0
1774932374.0238848,1.0
1774932374.0411239,1.0
1774932374.058049,1.0
1774932374.0749846,1.0
1774932374.0918887,1.0
1774932374.1088164,1.0
1774932374.125777,1.0
1774932374.1427274,1.0
1774932374.1598248,1.0
1774932374.176799,1.0
1774932374.1937912,1.0
1774932374.2109663,1.0
1774932374.2278545,1.0
1774932374.2450833,1.0
1774932374.262031,1.0
1774932374.2789931,1.0
1774932374.2960904,1.0
1774932374.3130016,1.0
1774932374.3300483,1.0
1774932374.3469613,1.0
1774932374.3640769,1.0
1774932374.3809977,1.0
1774932374.3979177,1.0
1774932374.4148402,1.0
1774932374.4319236,1.0
1774932374.4488478,1.0
1774932374.4657698,1.0
1774932374.4827762,1.0
1774932374.499756,1.0
1774932374.5166657,1.0
1774932374.5337887,1.0
1774932374.5507176,1.0
1774932374.5677226,1.0
1774932374.5851185,1.0
1774932374.6021645,1.0
1774932374.6190631,1.0
1774932374.6362252,1.0
1774932374.6531827,1.0
1774932374.6704075,1.0
1774932374.687415,1.0
1774932374.7043946,1.0
1774932374.7213542,1.0
1774932374.738386,1.0
1774932374.7552986,1.0
1774932374.772281,1.0
1774932374.7892938,1.0
1774932374.8063312,1.0
1774932374.823275,1.0
1774932374.8402736,1.0
1774932374.8572881,1.0
1774932374.8742628,1.0
1774932374.8912091,1.0
1774932374.9082217,1.0
1774932374.9252877,1.0
1774932374.9421964,1.0
1774932374.9592843,1.0
1774932374.9761796,1.0
1774932374.9931724,1.0
1774932375.0102777,1.0
1774932375.028592,1.0
1774932375.045452,1.0
1774932375.062414,1.0
1774932375.079336,1.0
1774932375.0962598,1.0
1774932375.1131742,1.0
1774932375.1300817,1.0
1774932375.147151,1.0
1774932375.164087,1.0
1774932375.1810055,1.0
1774932375.198141,1.0
1774932375.2152026,1.0
1774932375.2320561,1.0
1774932375.2491124,1.0
1774932375.2659883,1.0
1774932375.2829678,1.0
1774932375.2998931,1.0
1774932375.3168492,1.0
1774932375.333978,1.0
1774932375.3509285,1.0
1774932375.3679278,1.0
1774932375.3848407,1.0
1774932375.4017637,1.0
1774932375.418656,1.0
1774932375.4356494,1.0
1774932375.4526057,1.0
1774932375.4695582,1.0
1774932375.486445,1.0
1774932375.5033684,1.0
1774932375.5204062,1.0
1774932375.5373693,1.0
1774932375.5543008,1.0
1774932375.5712821,1.0
1774932375.5883508,1.0
1774932375.6053865,1.0
1774932375.622309,1.0
1774932375.6392982,1.0
1774932375.6561935,1.0
1774932375.673364,1.0
1774932375.6903105,1.0
1774932375.707279,1.0
1774932375.724235,1.0
1774932375.7411425,1.0
1774932375.758069,1.0
1774932375.7750692,1.0
1774932375.7919834,1.0
1774932375.808957,1.0
1774932375.8266342,1.0
1774932375.8435333,1.0
1774932375.860512,1.0
1774932375.8774443,1.0
1774932375.894421,1.0
1774932375.911404,1.0
1774932375.928318,1.0
1774932375.945237,1.0
1774932375.9621904,1.0
1774932375.9791527,1.0
1774932375.9960606,1.0
1774932376.013053,1.0
1774932376.031521,1.0
1774932376.0486066,1.0
1774932376.0655186,1.0
1774932376.0825155,1.0
1774932376.0994194,1.0
1774932376.1163957,1.0
1774932376.1333165,1.0
1774932376.1502345,1.0
1774932376.1672826,1.0
1774932376.1841955,1.0
1774932376.2011657,1.0
1774932376.218451,1.0
1774932376.2354345,1.0
1774932376.2524576,1.0
1774932376.269388,1.0
1774932376.2864704,1.0
1774932376.303334,1.0
1774932376.3202896,1.0
1774932376.337238,1.0
1774932376.3541915,1.0
1774932376.3711767,1.0
1774932376.388097,1.0
1774932376.4050431,1.0
1774932376.421966,1.0
1774932376.4389162,1.0
1774932376.4558597,1.0
1774932376.4728718,1.0
1774932376.4897888,1.0
1774932376.5066936,1.0
1774932376.523631,1.0
1774932376.5405369,1.0
1774932376.5574596,1.0
1774932376.574442,1.0
1774932376.5917463,1.0
1774932376.6087024,1.0
1774932376.625649,1.0
1774932376.642611,1.0
1774932376.6597102,1.0
1774932376.6766462,1.0
1774932376.6936274,1.0
1774932376.710554,1.0
1774932376.7275307,1.0
1774932376.7444775,1.0
1774932376.761461,1.0
1774932376.7784119,1.0
1774932376.7953346,1.0
1774932376.8122857,1.0
1774932376.8293326,1.0
1774932376.8463283,1.0
1774932376.8631933,1.0
1774932376.8801408,1.0
1774932376.8970623,1.0
1774932376.9140623,1.0
1774932376.9310296,1.0
1774932376.9479363,1.0
1774932376.9649448,1.0
1774932376.981883,1.0
1774932376.998993,1.0
1774932377.0162137,1.0
1774932377.034582,1.0
1774932377.0514672,1.0
1774932377.068489,1.0
1774932377.085469,1.0
1774932377.1024468,1.0
1774932377.1194596,1.0
1774932377.1364317,1.0
1774932377.1533937,1.0
1774932377.1705315,1.0
1774932377.187506,1.0
1774932377.2045076,1.0
1774932377.2216537,1.0
1774932377.238632,1.0
1774932377.2560077,1.0
1774932377.2729542,1.0
1774932377.2900398,1.0
1774932377.3069737,1.0
1774932377.3239565,1.0
1774932377.3410578,1.0
1774932377.3580496,1.0
1774932377.3750834,1.0
1774932377.392269,1.0
1774932377.4092119,1.0
1774932377.426185,1.0
1774932377.443168,1.0
1774932377.4601316,1.0
1774932377.4770663,1.0
1774932377.4940712,1.0
1774932377.5111442,1.0
1774932377.5281622,1.0
1774932377.545122,1.0
1774932377.5621388,1.0
1774932377.5790658,1.0
1774932377.5963874,1.0
1774932377.6133316,1.0
1774932377.630294,1.0
1774932377.6472735,1.0
1774932377.664481,1.0
1774932377.681414,1.0
1774932377.698336,1.0
1774932377.7153397,1.0
1774932377.7322352,1.0
1774932377.7491958,1.0
1774932377.7662385,1.0
1774932377.7831972,1.0
1774932377.800117,1.0
1774932377.8171046,1.0
1774932377.8341749,1.0
1774932377.8511121,1.0
1774932377.86861,1.0
1774932377.8857129,1.0
1774932377.902657,1.0
1774932377.919494,1.0
1774932377.936487,1.0
1774932377.9535341,1.0
1774932377.970718,1.0
1774932377.9876792,1.0
1774932378.0046396,1.0
1774932378.023033,1.0
1774932378.0402987,1.0
1774932378.0573804,1.0
1774932378.074357,1.0
1774932378.0913532,1.0
1774932378.1083436,1.0
1774932378.1254425,1.0
1774932378.1424184,1.0
1774932378.1593874,1.0
1774932378.1764004,1.0
1774932378.1933537,1.0
1774932378.2103884,1.0
1774932378.2273707,1.0
1774932378.244403,1.0
1774932378.2614048,1.0
1774932378.278343,1.0
1774932378.2954476,1.0
1774932378.312451,1.0
1774932378.329547,1.0
1774932378.346512,1.0
1774932378.3635368,1.0
1774932378.3804877,1.0
1774932378.3974626,1.0
1774932378.414337,1.0
1774932378.4312952,1.0
1774932378.4482281,1.0
1774932378.4651926,1.0
1774932378.4822314,1.0
1774932378.4993045,1.0
1774932378.5163743,1.0
1774932378.533364,1.0
1774932378.5504217,1.0
1774932378.5674322,1.0
1774932378.5846395,1.0
1774932378.6016126,1.0
1774932378.618634,1.0
1774932378.635614,1.0
1774932378.652613,1.0
1774932378.6699967,1.0
1774932378.686997,1.0
1774932378.7039893,1.0
1774932378.7209723,1.0
1774932378.737953,1.0
1774932378.7549326,1.0
1774932378.7718723,1.0
1774932378.7889314,1.0
1774932378.8057077,1.0
1774932378.82251,1.0
1774932378.839518,1.0
1774932378.8562803,1.0
1774932378.873042,1.0
1774932378.8898184,1.0
1774932378.9067953,1.0
1774932378.9235966,1.0
1774932378.9404671,1.0
1774932378.9573276,1.0
1774932378.9742904,1.0
1774932378.9910574,1.0
1774932379.0080762,1.0
1774932379.0259335,1.0
1774932379.0429213,1.0
1774932379.059742,1.0
1774932379.07656,1.0
1774932379.093429,1.0
1774932379.110255,1.0
1774932379.1271386,1.0
1774932379.1439264,1.0
1774932379.1607602,1.0
1774932379.1776338,1.0
1774932379.1944988,1.0
1774932379.2113326,1.0
1774932379.2281902,1.0
1774932379.2450929,1.0
1774932379.2620475,1.0
1774932379.278944,1.0
1774932379.2959225,1.0
1774932379.312826,1.0
1774932379.3296852,1.0
1774932379.3466463,1.0
1774932379.3634872,1.0
1774932379.3806067,1.0
1774932379.397504,1.0
1774932379.4143324,1.0
1774932379.4312978,1.0
1774932379.4482334,1.0
1774932379.4651952,1.0
1774932379.4821184,1.0
1774932379.499041,1.0
1774932379.5160425,1.0
1774932379.5330188,1.0
1774932379.5499456,1.0
1774932379.5669696,1.0
1774932379.58424,1.0
1774932379.601174,1.0
1774932379.6181178,1.0
1774932379.6350188,1.0
1774932379.6519442,1.0
1774932379.669228,1.0
1774932379.686204,1.0
1774932379.7033775,1.0
1774932379.7203312,1.0
1774932379.7373037,1.0
1774932379.7542796,1.0
1774932379.7713482,1.0
1774932379.7883294,1.0
1774932379.8053522,1.0
1774932379.8223193,1.0
1774932379.83947,1.0
1774932379.8564663,1.0
1774932379.8734844,1.0
1774932379.89044,1.0
1774932379.9074159,1.0
1774932379.9245896,1.0
1774932379.9415517,1.0
1774932379.9586463,1.0
1774932379.9756463,1.0
1774932379.9928107,1.0
1774932380.0098026,1.0
1774932380.02743,1.0
1774932380.0448713,1.0
1774932380.0618505,1.0
1774932380.0787933,1.0
1774932380.0957532,1.0
1774932380.1127393,1.0
1774932380.129757,1.0
1774932380.1467323,1.0
1774932380.163749,1.0
1774932380.18071,1.0
1774932380.1976433,1.0
1774932380.2147536,1.0
1774932380.2316682,1.0
1774932380.248711,1.0
1774932380.2655585,1.0
1774932380.2825596,1.0
1774932380.2995555,1.0
1774932380.3165753,1.0
1774932380.3335357,1.0
1774932380.3505168,1.0
1774932380.367521,1.0
1774932380.3845088,1.0
1774932380.4014604,1.0
1774932380.4183915,1.0
1774932380.4353428,1.0
1774932380.4523115,1.0
1774932380.4692154,1.0
1774932380.4862719,1.0
1774932380.503184,1.0
1774932380.5201447,1.0
1774932380.5371265,1.0
1774932380.5540504,1.0
1774932380.571149,1.0
1774932380.5882142,1.0
1774932380.6051888,1.0
1774932380.6221168,1.0
1774932380.639091,1.0
1774932380.656076,1.0
1774932380.6732404,1.0
1774932380.6901596,1.0
1774932380.7070353,1.0
1774932380.7239602,1.0
1774932380.7409737,1.0
1774932380.7580044,1.0
1774932380.774991,1.0
1774932380.7920394,1.0
1774932380.8089948,1.0
1774932380.8261476,1.0
1774932380.8430398,1.0
1774932380.8599632,1.0
1774932380.8770428,1.0
1774932380.8939705,1.0
1774932380.9109244,1.0
1774932380.9278576,1.0
1774932380.9449353,1.0
1774932380.9618406,1.0
1774932380.9788828,1.0
1774932380.9958212,1.0
1774932381.0128202,1.0
1774932381.030297,1.0
1774932381.0475209,1.0
1774932381.0644598,1.0
1774932381.0814059,1.0
1774932381.0983396,1.0
1774932381.1153154,1.0
1774932381.1322997,1.0
1774932381.1492128,1.0
1774932381.1661325,1.0
1774932381.1831365,1.0
1774932381.200049,1.0
1774932381.217331,1.0
1774932381.2343268,1.0
1774932381.251372,1.0
1774932381.2682824,1.0
1774932381.285261,1.0
1774932381.302161,1.0
1774932381.319092,1.0
1774932381.3360689,1.0
1774932381.352994,1.0
1774932381.3700242,1.0
1774932381.3869839,1.0
1774932381.4039772,1.0
1774932381.420898,1.0
1774932381.4378316,1.0
1774932381.4548593,1.0
1774932381.4717827,1.0
1774932381.4887054,1.0
1774932381.5057414,1.0
1774932381.5226288,1.0
1774932381.539553,1.0
1774932381.5565205,1.0
1774932381.5734804,1.0
1774932381.591106,1.0
1774932381.6080432,1.0
1774932381.6249657,1.0
1774932381.6420083,1.0
1774932381.6589262,1.0
1774932381.6761053,1.0
1774932381.6930742,1.0
1774932381.7100163,1.0
1774932381.726951,1.0
1774932381.7439206,1.0
1774932381.7608352,1.0
1774932381.7777884,1.0
1774932381.7947116,1.0
1774932381.8117137,1.0
1774932381.829023,1.0
1774932381.845915,1.0
1774932381.8628926,1.0
1774932381.8799438,1.0
1774932381.8968651,1.0
1774932381.9138153,1.0
1774932381.930771,1.0
1774932381.9478743,1.0
1774932381.9651885,1.0
1774932381.9822128,1.0
1774932381.9991286,1.0
1774932382.0160966,1.0
1774932382.0343444,1.0
1774932382.0511715,1.0
1774932382.068205,1.0
1774932382.0851257,1.0
1774932382.1021643,1.0
1774932382.1190667,1.0
1774932382.136103,1.0
1774932382.1529949,1.0
1774932382.1699016,1.0
1774932382.1869981,1.0
1774932382.203919,1.0
1774932382.2211356,1.0
1774932382.2380888,1.0
1774932382.255287,1.0
1774932382.272187,1.0
1774932382.2892194,1.0
1774932382.3061726,1.0
1774932382.3230934,1.0
1774932382.3400514,1.0
1774932382.356954,1.0
1774932382.3739681,1.0
1774932382.3909523,1.0
1774932382.4078505,1.0
1774932382.424773,1.0
1774932382.4419148,1.0
1774932382.4588203,1.0
1774932382.4757957,1.0
1774932382.492704,1.0
1774932382.5097947,1.0
1774932382.5267057,1.0
1774932382.5436215,1.0
1774932382.5606508,1.0
1774932382.5776565,1.0
1774932382.5946968,1.0
1774932382.6116815,1.0
1774932382.6288037,1.0
1774932382.6457343,1.0
1774932382.6626503,1.0
1774932382.6797729,1.0
1774932382.6967597,1.0
1774932382.7137253,1.0
1774932382.7307,1.0
1774932382.7476835,1.0
1774932382.7646472,1.0
1774932382.7816374,1.0
1774932382.7985835,1.0
1774932382.8155735,1.0
1774932382.8326597,1.0
1774932382.8496087,1.0
1774932382.866559,1.0
1774932382.8835254,1.0
1774932382.9005477,1.0
1774932382.9175105,1.0
1774932382.9345815,1.0
1774932382.9515283,1.0
1774932382.9685352,1.0
1774932382.9855382,1.0
1774932383.002528,1.0
1774932383.0194862,1.0
1774932383.0377703,1.0
1774932383.054822,1.0
1774932383.0717893,1.0
1774932383.0887556,1.0
1774932383.1057186,1.0
1774932383.122644,1.0
1774932383.1396554,1.0
1774932383.1566274,1.0
1774932383.1735888,1.0
1774932383.1905758,1.0
1774932383.2075856,1.0
1774932383.2245717,1.0
1774932383.2415528,1.0
1774932383.258656,1.0
1774932383.2755826,1.0
1774932383.2925508,1.0
1774932383.3095694,1.0
1774932383.3264766,1.0
1774932383.3435538,1.0
1774932383.3604712,1.0
1774932383.3775198,1.0
1774932383.3944273,1.0
1774932383.4114006,1.0
1774932383.4284997,1.0
1774932383.4498684,1.0
1774932383.4668107,1.0
1774932383.4837956,1.0
1774932383.5008018,1.0
1774932383.517826,1.0
1774932383.534768,1.0
1774932383.551712,1.0
1774932383.5686982,1.0
1774932383.5857167,1.0
1774932383.6027412,1.0
1774932383.6198618,1.0
1774932383.636847,1.0
1774932383.6537423,1.0
1774932383.6709177,1.0
1774932383.6923416,1.0
1774932383.7129288,1.0
1774932383.7299078,1.0
1774932383.7469296,1.0
1774932383.7639067,1.0
1774932383.7808542,1.0
1774932383.797772,1.0
1774932383.8147433,1.0
1774932383.8317587,1.0
1774932383.8487158,1.0
1774932383.8656092,1.0
1774932383.8825374,1.0
1774932383.8995008,1.0
1774932383.91649,1.0
1774932383.933391,1.0
1774932383.9503484,1.0
1774932383.967234,1.0
1774932383.984233,1.0
1774932384.0012,1.0
1774932384.0184069,1.0
1774932384.036763,1.0
1774932384.0538206,1.0
1774932384.0707543,1.0
1774932384.0876775,1.0
1774932384.1046581,1.0
1774932384.1215675,1.0
1774932384.1385212,1.0
1774932384.1555052,1.0
1774932384.1725876,1.0
1774932384.1895838,1.0
1774932384.2064915,1.0
1774932384.223626,1.0
1774932384.2405908,1.0
1774932384.2575927,1.0
1774932384.2745454,1.0
1774932384.2916994,1.0
1774932384.3086126,1.0
1774932384.3256161,1.0
1774932384.3425546,1.0
1774932384.359454,1.0
1774932384.376389,1.0
1774932384.3933616,1.0
1774932384.4102702,1.0
1774932384.4272501,1.0
1774932384.4442108,1.0
1774932384.461138,1.0
1774932384.478045,1.0
1774932384.495053,1.0
1774932384.5119977,1.0
1774932384.5290408,1.0
1774932384.5459385,1.0
1774932384.562842,1.0
1774932384.5798426,1.0
1774932384.596851,1.0
1774932384.6138017,1.0
1774932384.6307044,1.0
1774932384.6476169,1.0
1774932384.6645424,1.0
1774932384.681729,1.0
1774932384.6988416,1.0
1774932384.7157578,1.0
1774932384.7326517,1.0
1774932384.749629,1.0
1774932384.7665343,1.0
1774932384.783521,1.0
1774932384.800443,1.0
1774932384.8173316,1.0
1774932384.834529,1.0
1774932384.851522,1.0
1774932384.8684824,1.0
1774932384.8854346,1.0
1774932384.9024315,1.0
1774932384.9194791,1.0
1774932384.9364622,1.0
1774932384.9534473,1.0
1774932384.9704213,1.0
1774932384.9874165,1.0
1774932385.0043797,1.0
1774932385.0214038,1.0
1774932385.0399334,1.0
1774932385.0571108,1.0
1774932385.074102,1.0
1774932385.091071,1.0
1774932385.1081774,1.0
1774932385.125128,1.0
1774932385.142073,1.0
1774932385.1590369,1.0
1774932385.1760411,1.0
1774932385.1931057,1.0
1774932385.2103794,1.0
1774932385.2273593,1.0
1774932385.2443402,1.0
1774932385.2613573,1.0
1774932385.278323,1.0
1774932385.295551,1.0
1774932385.3125033,1.0
1774932385.3294814,1.0
1774932385.346528,1.0
1774932385.3635232,1.0
1774932385.3805592,1.0
1774932385.3975017,1.0
1774932385.4145162,1.0
1774932385.4314773,1.0
1774932385.4484484,1.0
1774932385.4654129,1.0
1774932385.4824102,1.0
1774932385.4993832,1.0
1774932385.516355,1.0
1774932385.5333235,1.0
1774932385.5504413,1.0
1774932385.5673394,1.0
1774932385.5843322,1.0
1774932385.6014676,1.0
1774932385.6184182,1.0
1774932385.635401,1.0
1774932385.6525457,1.0
1774932385.669509,1.0
1774932385.686405,1.0
1774932385.7033134,1.0
1774932385.7202182,1.0
1774932385.737212,1.0
1774932385.7541144,1.0
1774932385.7710183,1.0
1774932385.7879448,1.0
1774932385.8049178,1.0
1774932385.8218174,1.0
1774932385.8388186,1.0
1774932385.8557487,1.0
1774932385.8727076,1.0
1774932385.8896286,1.0
1774932385.9066281,1.0
1774932385.9235764,1.0
1774932385.940489,1.0
1774932385.9574287,1.0
1774932385.974405,1.0
1774932385.9913597,1.0
1774932386.0083447,1.0
1774932386.02684,1.0
1774932386.0436594,1.0
1774932386.0612009,1.0
1774932386.078088,1.0
1774932386.094985,1.0
1774932386.1119435,1.0
1774932386.1288927,1.0
1774932386.1457891,1.0
1774932386.1627266,1.0
1774932386.1796854,1.0
1774932386.196564,1.0
1774932386.2136652,1.0
1774932386.2305105,1.0
1774932386.2474823,1.0
1774932386.2644246,1.0
1774932386.2814355,1.0
1774932386.2983449,1.0
1774932386.3153267,1.0
1774932386.332235,1.0
1774932386.3491912,1.0
1774932386.3661058,1.0
1774932386.3830569,1.0
1774932386.3999567,1.0
1774932386.4169123,1.0
1774932386.4338183,1.0
1774932386.4507105,1.0
1774932386.4676723,1.0
1774932386.484635,1.0
1774932386.5015671,1.0
1774932386.5183554,1.0
1774932386.5353158,1.0
1774932386.5522096,1.0
1774932386.5690932,1.0
1774932386.586209,1.0
1774932386.6033895,1.0
1774932386.6204019,1.0
1774932386.6373663,1.0
1774932386.6543198,1.0
1774932386.6715484,1.0
1774932386.6884568,1.0
1774932386.7054138,1.0
1774932386.7223082,1.0
1774932386.739198,1.0
1774932386.7561748,1.0
1774932386.7730734,1.0
1774932386.790037,1.0
1774932386.8069649,1.0
1774932386.823929,1.0
1774932386.840933,1.0
1774932386.8578665,1.0
1774932386.8747623,1.0
1774932386.891686,1.0
1774932386.9088295,1.0
1774932386.9257464,1.0
1774932386.9427397,1.0
1774932386.9596705,1.0
1774932386.9765797,1.0
1774932386.9935865,1.0
1774932387.0105517,1.0
1774932387.0289278,1.0
1774932387.0457962,1.0
1774932387.062793,1.0
1774932387.0797184,1.0
1774932387.0966222,1.0
1774932387.1134732,1.0
1774932387.1304343,1.0
1774932387.147345,1.0
1774932387.1643364,1.0
1774932387.1813998,1.0
1774932387.1984746,1.0
1774932387.2156205,1.0
1774932387.232521,1.0
1774932387.2498422,1.0
1774932387.266794,1.0
1774932387.2840128,1.0
1774932387.3008566,1.0
1774932387.317878,1.0
1774932387.3348513,1.0
1774932387.3518481,1.0
1774932387.3688552,1.0
1774932387.385899,1.0
1774932387.4028494,1.0
1774932387.4198434,1.0
1774932387.4368076,1.0
1774932387.453803,1.0
1774932387.4707856,1.0
1774932387.487724,1.0
1774932387.5046968,1.0
1774932387.5216475,1.0
1774932387.5386243,1.0
1774932387.5555663,1.0
1774932387.5726173,1.0
1774932387.5899365,1.0
1774932387.6069598,1.0
1774932387.6239052,1.0
1774932387.6408598,1.0
1774932387.6578221,1.0
1774932387.6750891,1.0
1774932387.6920252,1.0
1774932387.7090335,1.0
1774932387.7259972,1.0
1774932387.7429779,1.0
1774932387.7599385,1.0
1774932387.7769744,1.0
1774932387.7940133,1.0
1774932387.8110342,1.0
1774932387.8281047,1.0
1774932387.844998,1.0
1774932387.8619843,1.0
1774932387.8789284,1.0
1774932387.8959026,1.0
1774932387.912849,1.0
1774932387.92982,1.0
1774932387.94677,1.0
1774932387.96375,1.0
1774932387.98074,1.0
1774932387.9977024,1.0
1774932388.0147064,1.0
1774932388.0322967,1.0
1774932388.0497572,1.0
1774932388.0667493,1.0
1774932388.0836916,1.0
1774932388.1007214,1.0
1774932388.118079,1.0
1774932388.1350725,1.0
1774932388.1520665,1.0
1774932388.169041,1.0
1774932388.1860404,1.0
1774932388.2030551,1.0
1774932388.220264,1.0
1774932388.2372596,1.0
1774932388.2545145,1.0
1774932388.2714813,1.0
1774932388.2886145,1.0
1774932388.3055317,1.0
1774932388.3224847,1.0
1774932388.3394363,1.0
1774932388.356397,1.0
1774932388.3733826,1.0
1774932388.3903544,1.0
1774932388.4073112,1.0
1774932388.424374,1.0
1774932388.4413188,1.0
1774932388.4582715,1.0
1774932388.475367,1.0
1774932388.4923406,1.0
1774932388.5093322,1.0
1774932388.5263054,1.0
1774932388.5432515,1.0
1774932388.5602326,1.0
1774932388.577184,1.0
1774932388.5944161,1.0
1774932388.6113746,1.0
1774932388.6283772,1.0
1774932388.6453226,1.0
1774932388.6622713,1.0
1774932388.6794155,1.0
1774932388.6963825,1.0
1774932388.7132695,1.0
1774932388.7302082,1.0
1774932388.7471476,1.0
1774932388.7641234,1.0
1774932388.7811058,1.0
1774932388.7981255,1.0
1774932388.8150752,1.0
1774932388.8321517,1.0
1774932388.8490634,1.0
1774932388.8660643,1.0
1774932388.8830116,1.0
1774932388.899996,1.0
1774932388.9169512,1.0
1774932388.9339635,1.0
1774932388.9509697,1.0
1774932388.967956,1.0
1774932388.9849255,1.0
1774932389.0018835,1.0
1774932389.018828,1.0
1774932389.0369346,1.0
1774932389.0538793,1.0
1774932389.0708153,1.0
1774932389.0878732,1.0
1774932389.1047955,1.0
1774932389.1217616,1.0
1774932389.1387296,1.0
1774932389.1557074,1.0
1774932389.1726587,1.0
1774932389.1896198,1.0
1774932389.2065713,1.0
1774932389.2237413,1.0
1774932389.2406797,1.0
1774932389.2577734,1.0
1774932389.2747252,1.0
1774932389.2918518,1.0
1774932389.3088045,1.0
1774932389.3258016,1.0
1774932389.342788,1.0
1774932389.3598366,1.0
1774932389.3768063,1.0
1774932389.3937957,1.0
1774932389.410744,1.0
1774932389.4276767,1.0
1774932389.4446225,1.0
1774932389.4615867,1.0
1774932389.478578,1.0
1774932389.495529,1.0
1774932389.512474,1.0
1774932389.5294888,1.0
1774932389.5464659,1.0
1774932389.563446,1.0
1774932389.5803993,1.0
1774932389.5976694,1.0
1774932389.6146307,1.0
1774932389.6316247,1.0
1774932389.648756,1.0
1774932389.6656845,1.0
1774932389.6827393,1.0
1774932389.699709,1.0
1774932389.7166634,1.0
1774932389.7336056,1.0
1774932389.7506034,1.0
1774932389.7675424,1.0
1774932389.784464,1.0
1774932389.8015072,1.0
1774932389.8184347,1.0
1774932389.8354912,1.0
1774932389.8524814,1.0
1774932389.8694327,1.0
1774932389.8863869,1.0
1774932389.903324,1.0
1774932389.9202998,1.0
1774932389.937219,1.0
1774932389.9542074,1.0
1774932389.971154,1.0
1774932389.9882603,1.0
1774932390.0051956,1.0
1774932390.0237033,1.0
1774932390.0408583,1.0
1774932390.0579174,1.0
1774932390.0748818,1.0
1774932390.091827,1.0
1774932390.1087482,1.0
1774932390.1257246,1.0
1774932390.1426482,1.0
1774932390.1601477,1.0
1774932390.1771533,1.0
1774932390.1941283,1.0
1774932390.2112713,1.0
1774932390.2281845,1.0
1774932390.2452188,1.0
1774932390.2621336,1.0
1774932390.2791266,1.0
1774932390.2961805,1.0
1774932390.3131037,1.0
1774932390.3301,1.0
1774932390.3470623,1.0
1774932390.3640487,1.0
1774932390.3809764,1.0
1774932390.398052,1.0
1774932390.415013,1.0
1774932390.4319966,1.0
1774932390.4489298,1.0
1774932390.4658766,1.0
1774932390.4828815,1.0
1774932390.4999182,1.0
1774932390.5168989,1.0
1774932390.5338273,1.0
1774932390.5507805,1.0
1774932390.567705,1.0
1774932390.5846713,1.0
1774932390.6018267,1.0
1774932390.6188095,1.0
1774932390.6357796,1.0
1774932390.6527178,1.0
1774932390.6696548,1.0
1774932390.6866782,1.0
1774932390.7036815,1.0
1774932390.7206254,1.0
1774932390.7375622,1.0
1774932390.7545528,1.0
1774932390.7714877,1.0
1774932390.7884684,1.0
1774932390.805399,1.0
1774932390.8223584,1.0
1774932390.8393764,1.0
1774932390.856325,1.0
1774932390.8733273,1.0
1774932390.890286,1.0
1774932390.9072158,1.0
1774932390.924213,1.0
1774932390.9411464,1.0
1774932390.9580708,1.0
1774932390.9751081,1.0
1774932390.9920673,1.0
1774932391.0090995,1.0
1774932391.0270436,1.0
1774932391.0440946,1.0
1774932391.061088,1.0
1774932391.078033,1.0
1774932391.0950272,1.0
1774932391.1119707,1.0
1774932391.128896,1.0
1774932391.1458764,1.0
1774932391.1628828,1.0
1774932391.1798446,1.0
1774932391.1968992,1.0
1774932391.2141256,1.0
1774932391.231,1.0
1774932391.2480867,1.0
1774932391.264953,1.0
1774932391.2819781,1.0
1774932391.2989652,1.0
1774932391.315901,1.0
1774932391.332865,1.0
1774932391.349789,1.0
1774932391.3667696,1.0
1774932391.3843372,1.0
1774932391.4012966,1.0
1774932391.418228,1.0
1774932391.4352264,1.0
1774932391.4522734,1.0
1774932391.4692032,1.0
1774932391.4861484,1.0
1774932391.503073,1.0
1774932391.520049,1.0
1774932391.5369897,1.0
1774932391.553942,1.0
1774932391.5710053,1.0
1774932391.5879552,1.0
1774932391.6051302,1.0
1774932391.6221576,1.0
1774932391.6391046,1.0
1774932391.6561072,1.0
1774932391.673171,1.0
1774932391.6900728,1.0
1774932391.7071037,1.0
1774932391.7240937,1.0
1774932391.7410457,1.0
1774932391.7579825,1.0
1774932391.7750351,1.0
1774932391.7919178,1.0
1774932391.808859,1.0
1774932391.825987,1.0
1774932391.8428214,1.0
1774932391.8597915,1.0
1774932391.876726,1.0
1774932391.8936524,1.0
1774932391.9107125,1.0
1774932391.927694,1.0
1774932391.9446826,1.0
1774932391.9616272,1.0
1774932391.9787297,1.0
1774932391.9957051,1.0
1774932392.0126433,1.0
1774932392.0310884,1.0
1774932392.0479524,1.0
1774932392.0649395,1.0
1774932392.0819705,1.0
1774932392.0989861,1.0
1774932392.115959,1.0
1774932392.1329708,1.0
1774932392.150044,1.0
1774932392.16706,1.0
1774932392.1840708,1.0
1774932392.201108,1.0
1774932392.2187796,1.0
1774932392.2357082,1.0
1774932392.2528124,1.0
1774932392.2697494,1.0
1774932392.2868404,1.0
1774932392.3037457,1.0
1774932392.3207083,1.0
1774932392.3376744,1.0
1774932392.3546553,1.0
1774932392.371613,1.0
1774932392.3885798,1.0
1774932392.4056294,1.0
1774932392.4226105,1.0
1774932392.439568,1.0
1774932392.456559,1.0
1774932392.4735126,1.0
1774932392.4904923,1.0
1774932392.5074558,1.0
1774932392.5244145,1.0
1774932392.5413764,1.0
1774932392.558348,1.0
1774932392.575326,1.0
1774932392.5922976,1.0
1774932392.6094513,1.0
1774932392.6264176,1.0
1774932392.6433735,1.0
1774932392.6603613,1.0
1774932392.6775486,1.0
1774932392.6944678,1.0
1774932392.7114527,1.0
1774932392.728402,1.0
1774932392.7454658,1.0
1774932392.762512,1.0
1774932392.779523,1.0
1774932392.79664,1.0
1774932392.813674,1.0
1774932392.8309016,1.0
1774932392.8479674,1.0
1774932392.865011,1.0
1774932392.8821201,1.0
1774932392.8990858,1.0
1774932392.9160867,1.0
1774932392.933128,1.0
1774932392.9501479,1.0
1774932392.9671495,1.0
1774932392.9842386,1.0
1774932393.001298,1.0
1774932393.0182679,1.0
1774932393.0372305,1.0
1774932393.054286,1.0
1774932393.071318,1.0
1774932393.0883703,1.0
1774932393.105393,1.0
1774932393.1224604,1.0
1774932393.13947,1.0
1774932393.1564834,1.0
1774932393.1735487,1.0
1774932393.1905258,1.0
1774932393.2075384,1.0
1774932393.2246518,1.0
1774932393.241583,1.0
1774932393.258688,1.0
1774932393.2756224,1.0
1774932393.2928078,1.0
1774932393.309728,1.0
1774932393.3266864,1.0
1774932393.3436122,1.0
1774932393.360559,1.0
1774932393.3775048,1.0
1774932393.3944528,1.0
1774932393.4114113,1.0
1774932393.4283345,1.0
1774932393.4452972,1.0
1774932393.4621656,1.0
1774932393.4791644,1.0
1774932393.4961226,1.0
1774932393.5131445,1.0
1774932393.5300875,1.0
1774932393.5470543,1.0
1774932393.5641673,1.0
1774932393.5812297,1.0
1774932393.598449,1.0
1774932393.6154704,1.0
1774932393.632455,1.0
1774932393.6494205,1.0
1774932393.666411,1.0
1774932393.6836588,1.0
1774932393.7006018,1.0
1774932393.7176104,1.0
1774932393.7345715,1.0
1774932393.7515328,1.0
1774932393.7684863,1.0
1774932393.7854366,1.0
1774932393.8024852,1.0
1774932393.81954,1.0
1774932393.836705,1.0
1774932393.853671,1.0
1774932393.8706443,1.0
1774932393.8875985,1.0
1774932393.9045641,1.0
1774932393.9215229,1.0
1774932393.9385006,1.0
1774932393.9554672,1.0
1774932393.9724352,1.0
1774932393.9894197,1.0
1774932394.0064697,1.0
1774932394.0247068,1.0
1774932394.0415895,1.0
1774932394.0585544,1.0
1774932394.0755517,1.0
1774932394.0925128,1.0
1774932394.1095216,1.0
1774932394.1264699,1.0
1774932394.1434524,1.0
1774932394.1604013,1.0
1774932394.1773777,1.0
1774932394.1943393,1.0
1774932394.2114582,1.0
1774932394.2283862,1.0
1774932394.2454033,1.0
1774932394.262915,1.0
1774932394.2798958,1.0
1774932394.2969615,1.0
1774932394.31392,1.0
1774932394.3310623,1.0
1774932394.348042,1.0
1774932394.365002,1.0
1774932394.382057,1.0
1774932394.3990889,1.0
1774932394.4160588,1.0
1774932394.4330182,1.0
1774932394.4499717,1.0
1774932394.4669273,1.0
1774932394.483904,1.0
1774932394.5008426,1.0
1774932394.5178084,1.0
1774932394.5348017,1.0
1774932394.5517695,1.0
1774932394.5687542,1.0
1774932394.5857296,1.0
1774932394.6028702,1.0
1774932394.619839,1.0
1774932394.63689,1.0
1774932394.6539102,1.0
1774932394.6709313,1.0
1774932394.6879487,1.0
1774932394.7049146,1.0
1774932394.721867,1.0
1774932394.7388463,1.0
1774932394.7558682,1.0
1774932394.7728066,1.0
1774932394.7898166,1.0
1774932394.806832,1.0
1774932394.8240151,1.0
1774932394.8412147,1.0
1774932394.8581958,1.0
1774932394.8751683,1.0
1774932394.8921714,1.0
1774932394.9091442,1.0
1774932394.926091,1.0
1774932394.9430447,1.0
1774932394.9599986,1.0
1774932394.9769628,1.0
1774932394.993965,1.0
1774932395.0109742,1.0
1774932395.0290225,1.0
1774932395.0465913,1.0
1774932395.063552,1.0
1774932395.0805206,1.0
1774932395.0976028,1.0
1774932395.114551,1.0
1774932395.131515,1.0
1774932395.1484861,1.0
1774932395.1654484,1.0
1774932395.1824,1.0
1774932395.1994038,1.0
1774932395.2165437,1.0
1774932395.233442,1.0
1774932395.2505825,1.0
1774932395.2674954,1.0
1774932395.2845993,1.0
1774932395.3014555,1.0
1774932395.3184445,1.0
1774932395.3354125,1.0
1774932395.3523993,1.0
1774932395.3693194,1.0
1774932395.386352,1.0
1774932395.4034278,1.0
1774932395.420412,1.0
1774932395.4373417,1.0
1774932395.454297,1.0
1774932395.471266,1.0
1774932395.4882796,1.0
1774932395.5052352,1.0
1774932395.5222895,1.0
1774932395.5392387,1.0
1774932395.55626,1.0
1774932395.5731912,1.0
1774932395.5902774,1.0
1774932395.6076133,1.0
1774932395.6245823,1.0
1774932395.6415424,1.0
1774932395.6584709,1.0
1774932395.67552,1.0
1774932395.6924505,1.0
1774932395.7093961,1.0
1774932395.7263808,1.0
1774932395.7433329,1.0
1774932395.760324,1.0
1774932395.777236,1.0
1774932395.794209,1.0
1774932395.8111923,1.0
1774932395.8282287,1.0
1774932395.8450854,1.0
1774932395.8621054,1.0
1774932395.8790553,1.0
1774932395.8960195,1.0
1774932395.9129865,1.0
1774932395.929916,1.0
1774932395.9469051,1.0
1774932395.9638498,1.0
1774932395.9809275,1.0
1774932395.997851,1.0
1774932396.0148106,1.0
1774932396.0331333,1.0
1774932396.0502644,1.0
1774932396.0672026,1.0
1774932396.0842626,1.0
1774932396.1012504,1.0
1774932396.118202,1.0
1774932396.135108,1.0
1774932396.1521893,1.0
1774932396.1691427,1.0
1774932396.186168,1.0
1774932396.2031589,1.0
1774932396.2202811,1.0
1774932396.237254,1.0
1774932396.2545521,1.0
1774932396.2715042,1.0
1774932396.2886736,1.0
1774932396.3061285,1.0
1774932396.3231285,1.0
1774932396.340097,1.0
1774932396.357082,1.0
1774932396.3740537,1.0
1774932396.3910806,1.0
1774932396.408089,1.0
1774932396.425087,1.0
1774932396.442124,1.0
1774932396.4591079,1.0
1774932396.4761415,1.0
1774932396.4931095,1.0
1774932396.5100954,1.0
1774932396.5270739,1.0
1774932396.5442197,1.0
1774932396.5611973,1.0
1774932396.5783093,1.0
1774932396.5953233,1.0
1774932396.6126013,1.0
1774932396.6295776,1.0
1774932396.6466997,1.0
1774932396.6636612,1.0
1774932396.6808383,1.0
1774932396.6977968,1.0
1774932396.7149131,1.0
1774932396.731883,1.0
1774932396.748854,1.0
1774932396.7658682,1.0
1774932396.7828228,1.0
1774932396.7997932,1.0
1774932396.816876,1.0
1774932396.8341992,1.0
1774932396.8512397,1.0
1774932396.8682477,1.0
1774932396.8852355,1.0
1774932396.9022217,1.0
1774932396.9192615,1.0
1774932396.9362183,1.0
1774932396.9532351,1.0
1774932396.970304,1.0
1774932396.9872649,1.0
1774932397.0042775,1.0
1774932397.0213318,1.0
1774932397.0395443,1.0
1774932397.0564744,1.0
1774932397.0733762,1.0
1774932397.0903535,1.0
1774932397.107372,1.0
1774932397.1245005,1.0
1774932397.1414685,1.0
1774932397.1584387,1.0
1774932397.1754644,1.0
1774932397.1924152,1.0
1774932397.2095103,1.0
1774932397.2264907,1.0
1774932397.243441,1.0
1774932397.260524,1.0
1774932397.277503,1.0
1774932397.2946532,1.0
1774932397.3116665,1.0
1774932397.328656,1.0
1774932397.3456433,1.0
1774932397.3627388,1.0
1774932397.3797097,1.0
1774932397.3966968,1.0
1774932397.4137075,1.0
1774932397.4306772,1.0
1774932397.44767,1.0
1774932397.4646873,1.0
1774932397.4816782,1.0
1774932397.4986475,1.0
1774932397.5156808,1.0
1774932397.532799,1.0
1774932397.549759,1.0
1774932397.5668244,1.0
1774932397.5837994,1.0
1774932397.600937,1.0
1774932397.617952,1.0
1774932397.6351478,1.0
1774932397.6521354,1.0
1774932397.6690896,1.0
1774932397.6863492,1.0
1774932397.7033625,1.0
1774932397.720326,1.0
1774932397.7373273,1.0
1774932397.7543063,1.0
1774932397.7713506,1.0
1774932397.7883236,1.0
1774932397.8053584,1.0
1774932397.8222914,1.0
1774932397.8393917,1.0
1774932397.8563786,1.0
1774932397.8735406,1.0
1774932397.8906205,1.0
1774932397.9076657,1.0
1774932397.9247918,1.0
1774932397.94182,1.0
1774932397.9588606,1.0
1774932397.975847,1.0
1774932397.9930527,1.0
1774932398.0100923,1.0
1774932398.0290725,1.0
1774932398.0461466,1.0
1774932398.0630774,1.0
1774932398.080014,1.0
1774932398.0970812,1.0
1774932398.1140327,1.0
1774932398.1309836,1.0
1774932398.1479504,1.0
1774932398.1648815,1.0
1774932398.1818285,1.0
1774932398.1987877,1.0
1774932398.2160652,1.0
1774932398.233043,1.0
1774932398.250312,1.0
1774932398.2672505,1.0
1774932398.284414,1.0
1774932398.301334,1.0
1774932398.3182294,1.0
1774932398.335168,1.0
1774932398.3526068,1.0
1774932398.369556,1.0
1774932398.3865154,1.0
1774932398.403602,1.0
1774932398.420563,1.0
1774932398.4375951,1.0
1774932398.4545481,1.0
1774932398.4715264,1.0
1774932398.4884942,1.0
1774932398.5054438,1.0
1774932398.5225096,1.0
1774932398.5394835,1.0
1774932398.5564814,1.0
1774932398.57344,1.0
1774932398.5903885,1.0
1774932398.6075182,1.0
1774932398.6244624,1.0
1774932398.641421,1.0
1774932398.6583807,1.0
1774932398.6755502,1.0
1774932398.6925051,1.0
1774932398.7095842,1.0
1774932398.7265677,1.0
1774932398.7435668,1.0
1774932398.7605503,1.0
1774932398.7775831,1.0
1774932398.7945862,1.0
1774932398.8116617,1.0
1774932398.8291078,1.0
1774932398.8460882,1.0
1774932398.8631012,1.0
1774932398.8801033,1.0
1774932398.8970335,1.0
1774932398.9141674,1.0
1774932398.931176,1.0
1774932398.948196,1.0
1774932398.9652205,1.0
1774932398.9822066,1.0
1774932398.9992383,1.0
1774932399.0163095,1.0
1774932399.0344005,1.0
1774932399.0512342,1.0
1774932399.0682344,1.0
1774932399.0852075,1.0
1774932399.1022043,1.0
1774932399.119283,1.0
1774932399.136294,1.0
1774932399.1533632,1.0
1774932399.1703324,1.0
1774932399.1873171,1.0
1774932399.2043517,1.0
1774932399.2215676,1.0
1774932399.238572,1.0
1774932399.2559135,1.0
1774932399.2729104,1.0
1774932399.2899923,1.0
1774932399.307014,1.0
1774932399.32401,1.0
1774932399.3409598,1.0
1774932399.3579283,1.0
1774932399.3748982,1.0
1774932399.3918417,1.0
1774932399.4088593,1.0
1774932399.4258103,1.0
1774932399.442787,1.0
1774932399.459722,1.0
1774932399.476822,1.0
1774932399.4938266,1.0
1774932399.510895,1.0
1774932399.5278778,1.0
1774932399.544822,1.0
1774932399.5619283,1.0
1774932399.5789263,1.0
1774932399.5958626,1.0
1774932399.613323,1.0
1774932399.6302767,1.0
1774932399.6472054,1.0
1774932399.6642108,1.0
1774932399.6814456,1.0
1774932399.6984196,1.0
1774932399.7153924,1.0
1774932399.7323935,1.0
1774932399.7493742,1.0
1774932399.766362,1.0
1774932399.783294,1.0
1774932399.800288,1.0
1774932399.817309,1.0
1774932399.8344157,1.0
1774932399.851313,1.0
1774932399.868429,1.0
1774932399.8853686,1.0
1774932399.9023402,1.0
1774932399.9193034,1.0
1774932399.9362512,1.0
1774932399.9532564,1.0
1774932399.9702163,1.0
1774932399.9871895,1.0
1774932400.004108,1.0
1774932400.022235,1.0
1774932400.039403,1.0
1774932400.056487,1.0
1774932400.073421,1.0
1774932400.0903804,1.0
1774932400.1074045,1.0
1774932400.1243749,1.0
1774932400.1413136,1.0
1774932400.1582754,1.0
1774932400.175228,1.0
1774932400.1921964,1.0
1774932400.2092185,1.0
1774932400.2262154,1.0
1774932400.2431512,1.0
1774932400.2602072,1.0
1774932400.2771838,1.0
1774932400.2942843,1.0
1774932400.3112135,1.0
1774932400.3281803,1.0
1774932400.3452005,1.0
1774932400.3621626,1.0
1774932400.3791347,1.0
1774932400.396554,1.0
1774932400.413544,1.0
1774932400.4305089,1.0
1774932400.447475,1.0
1774932400.4644282,1.0
1774932400.4813728,1.0
1774932400.4983118,1.0
1774932400.51524,1.0
1774932400.532234,1.0
1774932400.5491648,1.0
1774932400.5661159,1.0
1774932400.5830426,1.0
1774932400.6000566,1.0
1774932400.6171966,1.0
1774932400.6341662,1.0
1774932400.6512127,1.0
1774932400.668195,1.0
1774932400.6854002,1.0
1774932400.7023525,1.0
1774932400.7193615,1.0
1774932400.7363563,1.0
1774932400.7534173,1.0
1774932400.7704384,1.0
1774932400.7874112,1.0
1774932400.804473,1.0
1774932400.8214736,1.0
1774932400.838602,1.0
1774932400.855582,1.0
1774932400.8725815,1.0
1774932400.8895974,1.0
1774932400.906571,1.0
1774932400.9235537,1.0
1774932400.940567,1.0
1774932400.957699,1.0
1774932400.974718,1.0
1774932400.9916995,1.0
1774932401.0088346,1.0
1774932401.0271382,1.0
1774932401.0441113,1.0
1774932401.0611427,1.0
1774932401.0782847,1.0
1774932401.09531,1.0
1774932401.1124704,1.0
1774932401.1295195,1.0
1774932401.1466527,1.0
1774932401.1636693,1.0
1774932401.1806424,1.0
1774932401.197504,1.0
1774932401.2147841,1.0
1774932401.231744,1.0
1774932401.2486784,1.0
1774932401.2656407,1.0
1774932401.2827816,1.0
1774932401.2999575,1.0
1774932401.3169646,1.0
1774932401.333966,1.0
1774932401.3508458,1.0
1774932401.367901,1.0
1774932401.3847616,1.0
1774932401.4016323,1.0
1774932401.4186466,1.0
1774932401.4355083,1.0
1774932401.452407,1.0
1774932401.4692812,1.0
1774932401.486201,1.0
1774932401.5031493,1.0
1774932401.5200279,1.0
1774932401.5369701,1.0
1774932401.5539715,1.0
1774932401.5709217,1.0
1774932401.587796,1.0
1774932401.6048934,1.0
1774932401.6219325,1.0
1774932401.6388688,1.0
1774932401.655904,1.0
1774932401.6728325,1.0
1774932401.6900496,1.0
1774932401.7069745,1.0
1774932401.7238336,1.0
1774932401.7406836,1.0
1774932401.7575595,1.0
1774932401.7745087,1.0
1774932401.791544,1.0
1774932401.8085299,1.0
1774932401.825697,1.0
1774932401.842631,1.0
1774932401.859595,1.0
1774932401.876718,1.0
1774932401.8936539,1.0
1774932401.9105916,1.0
1774932401.927517,1.0
1774932401.94455,1.0
1774932401.9615343,1.0
1774932401.978607,1.0
1774932401.9954934,1.0
1774932402.0126083,1.0
1774932402.0310876,1.0
1774932402.0480475,1.0
1774932402.0649476,1.0
1774932402.0819502,1.0
1774932402.0989175,1.0
1774932402.115822,1.0
1774932402.1327229,1.0
1774932402.1495554,1.0
1774932402.1664505,1.0
1774932402.1833453,1.0
1774932402.2002034,1.0
1774932402.2175803,1.0
1774932402.2344813,1.0
1774932402.2516675,1.0
1774932402.268529,1.0
1774932402.2854786,1.0
1774932402.3023763,1.0
1774932402.3192623,1.0
1774932402.3361871,1.0
1774932402.3530993,1.0
1774932402.370068,1.0
1774932402.3869736,1.0
1774932402.4039152,1.0
1774932402.4209692,1.0
1774932402.437874,1.0
1774932402.4550643,1.0
1774932402.4719908,1.0
1774932402.4889367,1.0
1774932402.5058677,1.0
1774932402.5228078,1.0
1774932402.539737,1.0
1774932402.5566874,1.0
1774932402.57376,1.0
1774932402.5906997,1.0
1774932402.608187,1.0
1774932402.6251986,1.0
1774932402.6421182,1.0
1774932402.6590474,1.0
1774932402.6759632,1.0
1774932402.693016,1.0
1774932402.709943,1.0
1774932402.7269359,1.0
1774932402.7439022,1.0
1774932402.7608235,1.0
1774932402.777775,1.0
1774932402.794726,1.0
1774932402.811677,1.0
1774932402.82872,1.0
1774932402.8456337,1.0
1774932402.8624957,1.0
1774932402.8793797,1.0
1774932402.8962903,1.0
1774932402.9132173,1.0
1774932402.9301333,1.0
1774932402.9470665,1.0
1774932402.9640365,1.0
1774932402.9809456,1.0
1774932402.9979239,1.0
1774932403.0148554,1.0
1774932403.0330844,1.0
1774932403.0500228,1.0
1774932403.0669534,1.0
1774932403.084056,1.0
1774932403.1009645,1.0
1774932403.1179118,1.0
1774932403.1348255,1.0
1774932403.151791,1.0
1774932403.168671,1.0
1774932403.1855664,1.0
1774932403.2025573,1.0
1774932403.2197914,1.0
1774932403.2366943,1.0
1774932403.2538314,1.0
1774932403.270776,1.0
1774932403.287939,1.0
1774932403.3048255,1.0
1774932403.3218074,1.0
1774932403.3387973,1.0
1774932403.3557744,1.0
1774932403.3729393,1.0
1774932403.389994,1.0
1774932403.4072928,1.0
1774932403.42439,1.0
1774932403.4414716,1.0
1774932403.4584324,1.0
1774932403.4761238,1.0
1774932403.4930356,1.0
1774932403.5099611,1.0
1774932403.527023,1.0
1774932403.5440514,1.0
1774932403.560947,1.0
1774932403.5777953,1.0
1774932403.5948374,1.0
1774932403.6119368,1.0
1774932403.628876,1.0
1774932403.645872,1.0
1774932403.6628175,1.0
1774932403.6796997,1.0
1774932403.696848,1.0
1774932403.7137806,1.0
1774932403.730818,1.0
1774932403.7477036,1.0
1774932403.7646163,1.0
1774932403.7814643,1.0
1774932403.7984428,1.0
1774932403.815355,1.0
1774932403.8323917,1.0
1774932403.8492367,1.0
1774932403.8661163,1.0
1774932403.883,1.0
1774932403.899852,1.0
1774932403.9167266,1.0
1774932403.9336689,1.0
1774932403.95052,1.0
1774932403.967371,1.0
1774932403.9844253,1.0
1774932404.001325,1.0
1774932404.0182605,1.0
1774932404.0363343,1.0
1774932404.0533154,1.0
1774932404.0702634,1.0
1774932404.0872126,1.0
1774932404.1041293,1.0
1774932404.121081,1.0
1774932404.1381187,1.0
1774932404.154997,1.0
1774932404.1719294,1.0
1774932404.1888683,1.0
1774932404.2057424,1.0
1774932404.2228272,1.0
1774932404.2397606,1.0
1774932404.2568173,1.0
1774932404.2736943,1.0
1774932404.2907543,1.0
1774932404.3077621,1.0
1774932404.3246424,1.0
1774932404.3415215,1.0
1774932404.358454,1.0
1774932404.3753264,1.0
1774932404.3922188,1.0
1774932404.4091246,1.0
1774932404.4260588,1.0
1774932404.4430265,1.0
1774932404.4599752,1.0
1774932404.4768586,1.0
1774932404.49399,1.0
1774932404.5107987,1.0
1774932404.5277421,1.0
1774932404.5446572,1.0
1774932404.5615878,1.0
1774932404.5784345,1.0
1774932404.595359,1.0
1774932404.6123934,1.0
1774932404.6294553,1.0
1774932404.646297,1.0
1774932404.663276,1.0
1774932404.680151,1.0
1774932404.6971154,1.0
1774932404.714002,1.0
1774932404.7309945,1.0
1774932404.7478604,1.0
1774932404.7648385,1.0
1774932404.7817404,1.0
1774932404.7988195,1.0
1774932404.815774,1.0
1774932404.8328068,1.0
1774932404.8496752,1.0
1774932404.8665435,1.0
1774932404.8834794,1.0
1774932404.9003863,1.0
1774932404.9172525,1.0
1774932404.9342027,1.0
1774932404.9510784,1.0
1774932404.968051,1.0
1774932404.9849246,1.0
1774932405.001831,1.0
1774932405.0187263,1.0
1774932405.0367916,1.0
1774932405.0537262,1.0
1774932405.0706444,1.0
1774932405.0876482,1.0
1774932405.1045876,1.0
1774932405.1215696,1.0
1774932405.1385698,1.0
1774932405.1554697,1.0
1774932405.1723206,1.0
1774932405.1891413,1.0
1774932405.2060351,1.0
1774932405.2230177,1.0
1774932405.2398827,1.0
1774932405.2568383,1.0
1774932405.27368,1.0
1774932405.290683,1.0
1774932405.3075092,1.0
1774932405.324415,1.0
1774932405.3412986,1.0
1774932405.3581753,1.0
1774932405.3750453,1.0
1774932405.3918676,1.0
1774932405.408759,1.0
1774932405.4256806,1.0
1774932405.4425788,1.0
1774932405.459594,1.0
1774932405.4764626,1.0
1774932405.493497,1.0
1774932405.5103745,1.0
1774932405.527236,1.0
1774932405.5441236,1.0
1774932405.560962,1.0
1774932405.5778625,1.0
1774932405.594725,1.0
1774932405.6117227,1.0
1774932405.628625,1.0
1774932405.6454706,1.0
1774932405.6623313,1.0
1774932405.6793408,1.0
1774932405.6965282,1.0
1774932405.7133424,1.0
1774932405.7303987,1.0
1774932405.7472625,1.0
1774932405.7640965,1.0
1774932405.780974,1.0
1774932405.797795,1.0
1774932405.8146489,1.0
1774932405.8316803,1.0
1774932405.8486164,1.0
1774932405.8655436,1.0
1774932405.882417,1.0
1774932405.8993897,1.0
1774932405.9162388,1.0
1774932405.9334662,1.0
1774932405.9502826,1.0
1774932405.9671204,1.0
1774932405.9839585,1.0
1774932406.000781,1.0
1774932406.0177357,1.0
1774932406.0358438,1.0
1774932406.0527496,1.0
1774932406.069691,1.0
1774932406.0865142,1.0
1774932406.1033766,1.0
1774932406.120175,1.0
1774932406.1370075,1.0
1774932406.1538024,1.0
1774932406.170829,1.0
1774932406.187701,1.0
1774932406.2044897,1.0
1774932406.2217271,1.0
1774932406.2385573,1.0
1774932406.2556138,1.0
1774932406.272423,1.0
1774932406.289357,1.0
1774932406.3061445,1.0
1774932406.3229651,1.0
1774932406.3399632,1.0
1774932406.3567908,1.0
1774932406.3736603,1.0
1774932406.390469,1.0
1774932406.4073343,1.0
1774932406.4242325,1.0
1774932406.4410553,1.0
1774932406.4578962,1.0
1774932406.47477,1.0
1774932406.4916635,1.0
1774932406.5085506,1.0
1774932406.5253475,1.0
1774932406.5424895,1.0
1774932406.5593636,1.0
1774932406.5761662,1.0
1774932406.5930068,1.0
1774932406.6100698,1.0
1774932406.6271257,1.0
1774932406.6439526,1.0
1774932406.661017,1.0
1774932406.6778455,1.0
1774932406.6949852,1.0
1774932406.7118132,1.0
1774932406.7288868,1.0
1774932406.7457283,1.0
1774932406.7627194,1.0
1774932406.7797172,1.0
1774932406.7965386,1.0
1774932406.8133266,1.0
1774932406.8305066,1.0
1774932406.8474233,1.0
1774932406.8644505,1.0
1774932406.881388,1.0
1774932406.898254,1.0
1774932406.9150565,1.0
1774932406.9319367,1.0
1774932406.9487653,1.0
1774932406.965666,1.0
1774932406.9825833,1.0
1774932406.9993815,1.0
1774932407.016303,1.0
1774932407.0346735,1.0
1774932407.051561,1.0
1774932407.0684607,1.0
1774932407.0852911,1.0
1774932407.1021485,1.0
1774932407.1190667,1.0
1774932407.13593,1.0
1774932407.1528704,1.0
1774932407.1697097,1.0
1774932407.186533,1.0
1774932407.2033556,1.0
1774932407.220523,1.0
1774932407.2374933,1.0
1774932407.2548513,1.0
1774932407.271738,1.0
1774932407.288766,1.0
1774932407.3056936,1.0
1774932407.322602,1.0
1774932407.3396502,1.0
1774932407.3565361,1.0
1774932407.3733451,1.0
1774932407.3902807,1.0
1774932407.4071279,1.0
1774932407.42408,1.0
1774932407.4409027,1.0
1774932407.4577599,1.0
1774932407.4746795,1.0
1774932407.4915638,1.0
1774932407.5083978,1.0
1774932407.525266,1.0
1774932407.5421886,1.0
1774932407.5590296,1.0
1774932407.5759935,1.0
1774932407.5931299,1.0
1774932407.610201,1.0
1774932407.6271706,1.0
1774932407.6440508,1.0
1774932407.660984,1.0
1774932407.6778286,1.0
1774932407.6949859,1.0
1774932407.7119076,1.0
1774932407.7288613,1.0
1774932407.7457862,1.0
1774932407.7626715,1.0
1774932407.779586,1.0
1774932407.7965224,1.0
1774932407.8133714,1.0
1774932407.8304138,1.0
1774932407.8472545,1.0
1774932407.864135,1.0
1774932407.8809767,1.0
1774932407.8978653,1.0
1774932407.9147172,1.0
1774932407.931634,1.0
1774932407.9486635,1.0
1774932407.965495,1.0
1774932407.9823153,1.0
1774932407.9991403,1.0
1774932408.0161345,1.0
1774932408.0341823,1.0
1774932408.051494,1.0
1774932408.0684566,1.0
1774932408.085374,1.0
1774932408.1022882,1.0
1774932408.1192842,1.0
1774932408.1361818,1.0
1774932408.1532633,1.0
1774932408.17015,1.0
1774932408.1871686,1.0
1774932408.2040946,1.0
1774932408.221268,1.0
1774932408.2382808,1.0
1774932408.2553637,1.0
1774932408.2722924,1.0
1774932408.289381,1.0
1774932408.3063247,1.0
1774932408.3232381,1.0
1774932408.3401887,1.0
1774932408.3571508,1.0
1774932408.3740647,1.0
1774932408.3911643,1.0
1774932408.4080672,1.0
1774932408.4250686,1.0
1774932408.4419937,1.0
1774932408.458948,1.0
1774932408.4759488,1.0
1774932408.4927907,1.0
1774932408.5097318,1.0
1774932408.5267887,1.0
1774932408.5437813,1.0
1774932408.5606997,1.0
1774932408.577618,1.0
1774932408.5947359,1.0
1774932408.6119492,1.0
1774932408.6289701,1.0
1774932408.6459167,1.0
1774932408.662853,1.0
1774932408.6797948,1.0
1774932408.6969013,1.0
1774932408.7138412,1.0
1774932408.7307765,1.0
1774932408.7478843,1.0
1774932408.764772,1.0
1774932408.7817314,1.0
1774932408.7986841,1.0
1774932408.8155975,1.0
1774932408.8326342,1.0
1774932408.8496082,1.0
1774932408.8665645,1.0
1774932408.8835526,1.0
1774932408.9004483,1.0
1774932408.9173555,1.0
1774932408.9344246,1.0
1774932408.951285,1.0
1774932408.9682395,1.0
1774932408.9852057,1.0
1774932409.0021007,1.0
1774932409.0190437,1.0
1774932409.0377736,1.0
1774932409.0546794,1.0
1774932409.0715973,1.0
1774932409.0885098,1.0
1774932409.1055257,1.0
1774932409.1224368,1.0
1774932409.1394007,1.0
1774932409.1563041,1.0
1774932409.1733432,1.0
1774932409.1903067,1.0
1774932409.2072527,1.0
1774932409.2243962,1.0
1774932409.2412925,1.0
1774932409.2585187,1.0
1774932409.2754436,1.0
1774932409.2924702,1.0
1774932409.3094344,1.0
1774932409.3263524,1.0
1774932409.3432844,1.0
1774932409.360266,1.0
1774932409.377173,1.0
1774932409.3941197,1.0
1774932409.411082,1.0
1774932409.428072,1.0
1774932409.4450722,1.0
1774932409.462094,1.0
1774932409.4790306,1.0
1774932409.495973,1.0
1774932409.5128846,1.0
1774932409.5298522,1.0
1774932409.546742,1.0
1774932409.5636563,1.0
1774932409.5806243,1.0
1774932409.5975266,1.0
1774932409.6145933,1.0
1774932409.6315963,1.0
1774932409.6485312,1.0
1774932409.6655383,1.0
1774932409.6824846,1.0
1774932409.699724,1.0
1774932409.7166436,1.0
1774932409.7335365,1.0
1774932409.750476,1.0
1774932409.7674396,1.0
1774932409.784339,1.0
1774932409.8012486,1.0
1774932409.8181684,1.0
1774932409.8352263,1.0
1774932409.8521588,1.0
1774932409.8691185,1.0
1774932409.8860476,1.0
1774932409.902998,1.0
1774932409.9199712,1.0
1774932409.9368808,1.0
1774932409.953961,1.0
1774932409.9708698,1.0
1774932409.987822,1.0
1774932410.0049157,1.0
1774932410.0228956,1.0
1774932410.040141,1.0
1774932410.057331,1.0
1774932410.074296,1.0
1774932410.091371,1.0
1774932410.108375,1.0
1774932410.1255152,1.0
1774932410.1424735,1.0
1774932410.1594357,1.0
1774932410.1763895,1.0
1774932410.1933239,1.0
1774932410.210579,1.0
1774932410.2274845,1.0
1774932410.2444644,1.0
1774932410.2615085,1.0
1774932410.2784715,1.0
1774932410.2957356,1.0
1774932410.3127074,1.0
1774932410.3296714,1.0
1774932410.346598,1.0
1774932410.3635519,1.0
1774932410.3804886,1.0
1774932410.3974316,1.0
1774932410.4143786,1.0
1774932410.4314241,1.0
1774932410.4483566,1.0
1774932410.4653184,1.0
1774932410.4822364,1.0
1774932410.49917,1.0
1774932410.51615,1.0
1774932410.5330987,1.0
1774932410.5500493,1.0
1774932410.5670123,1.0
1774932410.583941,1.0
1774932410.6008878,1.0
1774932410.6182258,1.0
1774932410.6358023,1.0
1774932410.6527095,1.0
1774932410.6697,1.0
1774932410.6867127,1.0
1774932410.7037277,1.0
1774932410.7206912,1.0
1774932410.7376173,1.0
1774932410.7545853,1.0
1774932410.7715533,1.0
1774932410.7884696,1.0
1774932410.8054621,1.0
1774932410.8224058,1.0
1774932410.8394368,1.0
1774932410.85636,1.0
1774932410.8733835,1.0
1774932410.890367,1.0
1774932410.907321,1.0
1774932410.9242303,1.0
1774932410.9412541,1.0
1774932410.9582036,1.0
1774932410.975147,1.0
1774932410.992105,1.0
1774932411.0090203,1.0
1774932411.0269694,1.0
1774932411.0439212,1.0
1774932411.060977,1.0
1774932411.0778832,1.0
1774932411.0948265,1.0
1774932411.1119277,1.0
1774932411.128843,1.0
1774932411.1458118,1.0
1774932411.1627684,1.0
1774932411.1796768,1.0
1774932411.196591,1.0
1774932411.2138278,1.0
1774932411.2308524,1.0
1774932411.2478666,1.0
1774932411.2649229,1.0
1774932411.281945,1.0
1774932411.2989082,1.0
1774932411.3159978,1.0
1774932411.3329146,1.0
1774932411.3499963,1.0
1774932411.3669403,1.0
1774932411.383851,1.0
1774932411.4008126,1.0
1774932411.4177349,1.0
1774932411.4347029,1.0
1774932411.4516215,1.0
1774932411.4685647,1.0
1774932411.4855309,1.0
1774932411.5024395,1.0
1774932411.5194695,1.0
1774932411.5364122,1.0
1774932411.55332,1.0
1774932411.570261,1.0
1774932411.5872872,1.0
1774932411.604229,1.0
1774932411.621287,1.0
1774932411.6382291,1.0
1774932411.655143,1.0
1774932411.672201,1.0
1774932411.6892035,1.0
1774932411.7062213,1.0
1774932411.7231653,1.0
1774932411.7401226,1.0
1774932411.7570238,1.0
1774932411.7739491,1.0
1774932411.7910266,1.0
1774932411.8079498,1.0
1774932411.8252318,1.0
1774932411.8421576,1.0
1774932411.859188,1.0
1774932411.8761113,1.0
1774932411.8930464,1.0
1774932411.9101145,1.0
1774932411.9270906,1.0
1774932411.9440072,1.0
1774932411.9609547,1.0
1774932411.9778452,1.0
1774932411.9948168,1.0
1774932412.011778,1.0
1774932412.0299711,1.0
1774932412.0468385,1.0
1774932412.0638843,1.0
1774932412.0808227,1.0
1774932412.0977888,1.0
1774932412.114899,1.0
1774932412.131814,1.0
1774932412.1487381,1.0
1774932412.1656933,1.0
1774932412.1828363,1.0
1774932412.1997788,1.0
1774932412.216952,1.0
1774932412.2339444,1.0
1774932412.2509613,1.0
1774932412.267856,1.0
1774932412.2850394,1.0
1774932412.3019202,1.0
1774932412.318837,1.0
1774932412.3357682,1.0
1774932412.3527222,1.0
1774932412.369656,1.0
1774932412.3866014,1.0
1774932412.4035075,1.0
1774932412.4204473,1.0
1774932412.4373968,1.0
1774932412.4543083,1.0
1774932412.4713256,1.0
1774932412.4882355,1.0
1774932412.5052533,1.0
1774932412.5221846,1.0
1774932412.5391245,1.0
1774932412.5560713,1.0
1774932412.5730665,1.0
1774932412.5901399,1.0
1774932412.6070466,1.0
1774932412.6241958,1.0
1774932412.6411061,1.0
1774932412.6580253,1.0
1774932412.6749969,1.0
1774932412.6926224,1.0
1774932412.7095616,1.0
1774932412.7264793,1.0
1774932412.7434757,1.0
1774932412.7604706,1.0
1774932412.777391,1.0
1774932412.7944155,1.0
1774932412.8113658,1.0
1774932412.828383,1.0
1774932412.845286,1.0
1774932412.8622262,1.0
1774932412.8791804,1.0
1774932412.8963277,1.0
1774932412.9132206,1.0
1774932412.93013,1.0
1774932412.9470181,1.0
1774932412.9640036,1.0
1774932412.9809217,1.0
1774932412.9978552,1.0
1774932413.0147543,1.0
1774932413.032955,1.0
1774932413.0498219,1.0
1774932413.066751,1.0
1774932413.0837138,1.0
1774932413.1006052,1.0
1774932413.117525,1.0
1774932413.1344845,1.0
1774932413.1513999,1.0
1774932413.168392,1.0
1774932413.1853123,1.0
1774932413.2023032,1.0
1774932413.219485,1.0
1774932413.236512,1.0
1774932413.2535422,1.0
1774932413.2704682,1.0
1774932413.2876987,1.0
1774932413.30459,1.0
1774932413.321561,1.0
1774932413.3384545,1.0
1774932413.3553627,1.0
1774932413.372335,1.0
1774932413.3892312,1.0
1774932413.4062135,1.0
1774932413.4231067,1.0
1774932413.44007,1.0
1774932413.4569843,1.0
1774932413.4739795,1.0
1774932413.4909437,1.0
1774932413.507899,1.0
1774932413.5250072,1.0
1774932413.541983,1.0
1774932413.5588915,1.0
1774932413.575828,1.0
1774932413.592915,1.0
1774932413.6098328,1.0
1774932413.6282284,1.0
1774932413.6452062,1.0
1774932413.6621299,1.0
1774932413.6790621,1.0
1774932413.6961503,1.0
1774932413.713101,1.0
1774932413.7301424,1.0
1774932413.7470684,1.0
1774932413.7640917,1.0
1774932413.7810304,1.0
1774932413.7980666,1.0
1774932413.8149874,1.0
1774932413.8320372,1.0
1774932413.8489397,1.0
1774932413.8658962,1.0
1774932413.8828416,1.0
1774932413.899758,1.0
1774932413.9166582,1.0
1774932413.9336557,1.0
1774932413.9507658,1.0
1774932413.9677553,1.0
1774932413.984713,1.0
1774932414.0017083,1.0
1774932414.018661,1.0
1774932414.0371835,1.0
1774932414.0541263,1.0
1774932414.0712152,1.0
1774932414.0882077,1.0
1774932414.1051874,1.0
1774932414.1221983,1.0
1774932414.1392176,1.0
1774932414.1561716,1.0
1774932414.1731513,1.0
1774932414.1901138,1.0
1774932414.2071898,1.0
1774932414.2242322,1.0
1774932414.2412145,1.0
1774932414.2584643,1.0
1774932414.2754524,1.0
1774932414.2927763,1.0
1774932414.3097289,1.0
1774932414.3269026,1.0
1774932414.3438601,1.0
1774932414.3608317,1.0
1774932414.3778195,1.0
1774932414.3947556,1.0
1774932414.4117131,1.0
1774932414.4287176,1.0
1774932414.445696,1.0
1774932414.4626877,1.0
1774932414.479701,1.0
1774932414.49665,1.0
1774932414.5136683,1.0
1774932414.5306594,1.0
1774932414.54779,1.0
1774932414.5647428,1.0
1774932414.581861,1.0
1774932414.5987973,1.0
1774932414.6159475,1.0
1774932414.6329982,1.0
1774932414.649952,1.0
1774932414.6669075,1.0
1774932414.6838644,1.0
1774932414.701158,1.0
1774932414.7181315,1.0
1774932414.7352786,1.0
1774932414.7522655,1.0
1774932414.769196,1.0
1774932414.786147,1.0
1774932414.8031023,1.0
1774932414.8200815,1.0
1774932414.8371913,1.0
1774932414.8541336,1.0
1774932414.8711185,1.0
1774932414.8880715,1.0
1774932414.9050405,1.0
1774932414.9219828,1.0
1774932414.938938,1.0
1774932414.95591,1.0
1774932414.972908,1.0
1774932414.9898555,1.0
1774932415.006807,1.0
1774932415.0249243,1.0
1774932415.0420723,1.0
1774932415.0589964,1.0
1774932415.076104,1.0
1774932415.093024,1.0
1774932415.1100676,1.0
1774932415.1270034,1.0
1774932415.1439614,1.0
1774932415.1608863,1.0
1774932415.1779351,1.0
1774932415.1948779,1.0
1774932415.2118704,1.0
1774932415.2288277,1.0
1774932415.2459028,1.0
1774932415.2628791,1.0
1774932415.2798066,1.0
1774932415.2968192,1.0
1774932415.313773,1.0
1774932415.3308144,1.0
1774932415.3477545,1.0
1774932415.3646824,1.0
1774932415.3816566,1.0
1774932415.3985617,1.0
1774932415.4155426,1.0
1774932415.4325042,1.0
1774932415.4494345,1.0
1774932415.466349,1.0
1774932415.4834826,1.0
1774932415.5004091,1.0
1774932415.5173411,1.0
1774932415.534308,1.0
1774932415.551232,1.0
1774932415.5682604,1.0
1774932415.5852034,1.0
1774932415.6021988,1.0
1774932415.6192768,1.0
1774932415.6362972,1.0
1774932415.653271,1.0
1774932415.6701932,1.0
1774932415.6872087,1.0
1774932415.7042952,1.0
1774932415.7212548,1.0
1774932415.7381947,1.0
1774932415.7551901,1.0
1774932415.7721496,1.0
1774932415.7890687,1.0
1774932415.8059976,1.0
1774932415.8229225,1.0
1774932415.8399887,1.0
1774932415.8569076,1.0
1774932415.8738668,1.0
1774932415.8907888,1.0
1774932415.9077003,1.0
1774932415.9248064,1.0
1774932415.941737,1.0
1774932415.9586947,1.0
1774932415.9756463,1.0
1774932415.9925804,1.0
1774932416.0094986,1.0
1774932416.027839,1.0
1774932416.0449035,1.0
1774932416.0621922,1.0
1774932416.0791383,1.0
1774932416.096143,1.0
1774932416.1130724,1.0
1774932416.1300254,1.0
1774932416.1469584,1.0
1774932416.163883,1.0
1774932416.1809833,1.0
1774932416.197941,1.0
1774932416.2150857,1.0
1774932416.2320101,1.0
1774932416.2490838,1.0
1774932416.2659793,1.0
1774932416.2830715,1.0
1774932416.2999709,1.0
1774932416.316889,1.0
1774932416.3338325,1.0
1774932416.3507597,1.0
1774932416.367695,1.0
1774932416.3846672,1.0
1774932416.4015837,1.0
1774932416.4185064,1.0
1774932416.4355357,1.0
1774932416.4524753,1.0
1774932416.4694812,1.0
1774932416.4864066,1.0
1774932416.503377,1.0
1774932416.5203907,1.0
1774932416.537341,1.0
1774932416.554347,1.0
1774932416.571256,1.0
1774932416.5882688,1.0
1774932416.6051674,1.0
1774932416.6225102,1.0
1774932416.6394694,1.0
1774932416.6564393,1.0
1774932416.6733468,1.0
1774932416.6905012,1.0
1774932416.707483,1.0
1774932416.7244081,1.0
1774932416.7413194,1.0
1774932416.758295,1.0
1774932416.7752361,1.0
1774932416.7927015,1.0
1774932416.8096323,1.0
1774932416.8266969,1.0
1774932416.8436918,1.0
1774932416.8606572,1.0
1774932416.8776398,1.0
1774932416.8945844,1.0
1774932416.911557,1.0
1774932416.9284542,1.0
1774932416.9453638,1.0
1774932416.96228,1.0
1774932416.979301,1.0
1774932416.9962144,1.0
1774932417.0131476,1.0
1774932417.0308092,1.0
1774932417.0480464,1.0
1774932417.0649998,1.0
1774932417.0819674,1.0
1774932417.0988963,1.0
1774932417.1158166,1.0
1774932417.1327882,1.0
1774932417.149839,1.0
1774932417.166764,1.0
1774932417.1836874,1.0
1774932417.2006361,1.0
1774932417.2177505,1.0
1774932417.2347274,1.0
1774932417.2518024,1.0
1774932417.2687063,1.0
1774932417.2859163,1.0
1774932417.3028224,1.0
1774932417.319802,1.0
1774932417.3367474,1.0
1774932417.3536682,1.0
1774932417.3707478,1.0
1774932417.3876743,1.0
1774932417.404809,1.0
1774932417.4217453,1.0
1774932417.4388106,1.0
1774932417.4558907,1.0
1774932417.4728086,1.0
1774932417.4897318,1.0
1774932417.506839,1.0
1774932417.523788,1.0
1774932417.5407047,1.0
1774932417.5577774,1.0
1774932417.5747848,1.0
1774932417.5917358,1.0
1774932417.6086917,1.0
1774932417.6259809,1.0
1774932417.6429594,1.0
1774932417.659915,1.0
1774932417.6768918,1.0
1774932417.6940954,1.0
1774932417.710959,1.0
1774932417.7278984,1.0
1774932417.7448683,1.0
1774932417.761817,1.0
1774932417.7787418,1.0
1774932417.795703,1.0
1774932417.8126326,1.0
1774932417.8296478,1.0
1774932417.8466043,1.0
1774932417.8635616,1.0
1774932417.8804991,1.0
1774932417.8974123,1.0
1774932417.9143744,1.0
1774932417.9313135,1.0
1774932417.9482543,1.0
1774932417.965231,1.0
1774932417.9821415,1.0
1774932417.9991248,1.0
1774932418.016052,1.0
1774932418.034179,1.0
1774932418.0510962,1.0
1774932418.0684412,1.0
1774932418.0853612,1.0
1774932418.1023521,1.0
1774932418.119286,1.0
1774932418.1361973,1.0
1774932418.1532245,1.0
1774932418.1701577,1.0
1774932418.1870482,1.0
1774932418.203983,1.0
1774932418.2212026,1.0
1774932418.2381737,1.0
1774932418.2554278,1.0
1774932418.272332,1.0
1774932418.28935,1.0
1774932418.3062303,1.0
1774932418.323169,1.0
1774932418.3400836,1.0
1774932418.3570747,1.0
1774932418.3740118,1.0
1774932418.3909245,1.0
1774932418.4078748,1.0
1774932418.4248207,1.0
1774932418.4418159,1.0
1774932418.4587762,1.0
1774932418.4757092,1.0
1774932418.4926202,1.0
1774932418.5097337,1.0
1774932418.5267308,1.0
1774932418.5436697,1.0
1774932418.5606236,1.0
1774932418.5775733,1.0
1774932418.5945613,1.0
1774932418.6115181,1.0
1774932418.628674,1.0
1774932418.6457112,1.0
1774932418.6626375,1.0
1774932418.67958,1.0
1774932418.6967556,1.0
1774932418.7137978,1.0
1774932418.7307346,1.0
1774932418.7476296,1.0
1774932418.7646012,1.0
1774932418.7815182,1.0
1774932418.7984545,1.0
1774932418.8154306,1.0
1774932418.8327823,1.0
1774932418.849735,1.0
1774932418.8666515,1.0
1774932418.8836577,1.0
1774932418.9007297,1.0
1774932418.9176378,1.0
1774932418.934549,1.0
1774932418.9514909,1.0
1774932418.968486,1.0
1774932418.9854376,1.0
1774932419.0023854,1.0
1774932419.0193257,1.0
1774932419.037377,1.0
1774932419.0542305,1.0
1774932419.0711668,1.0
1774932419.0881195,1.0
1774932419.1051824,1.0
1774932419.1221309,1.0
1774932419.1390598,1.0
1774932419.1560576,1.0
1774932419.1729712,1.0
1774932419.1899157,1.0
1774932419.2068539,1.0
1774932419.223929,1.0
1774932419.2409627,1.0
1774932419.2580302,1.0
1774932419.2749474,1.0
1774932419.2920015,1.0
1774932419.3089187,1.0
1774932419.3259099,1.0
1774932419.342814,1.0
1774932419.3597617,1.0
1774932419.3766837,1.0
1774932419.39364,1.0
1774932419.410626,1.0
1774932419.4275877,1.0
1774932419.4445775,1.0
1774932419.4615312,1.0
1774932419.478446,1.0
1774932419.495357,1.0
1774932419.512349,1.0
1774932419.529287,1.0
1774932419.5461853,1.0
1774932419.563105,1.0
1774932419.580068,1.0
1774932419.5969934,1.0
1774932419.6142538,1.0
1774932419.631181,1.0
1774932419.6481843,1.0
1774932419.6651022,1.0
1774932419.6821277,1.0
1774932419.6992068,1.0
1774932419.7161503,1.0
1774932419.7331011,1.0
1774932419.750016,1.0
1774932419.766936,1.0
1774932419.78388,1.0
1774932419.8008657,1.0
1774932419.8179584,1.0
1774932419.8350616,1.0
1774932419.8522103,1.0
1774932419.8691556,1.0
1774932419.88606,1.0
1774932419.9029963,1.0
1774932419.9199288,1.0
1774932419.9369104,1.0
1774932419.9538188,1.0
1774932419.9707315,1.0
1774932419.9877234,1.0
1774932420.0046377,1.0
1774932420.021622,1.0
1774932420.0396552,1.0
1774932420.0565622,1.0
1774932420.0736659,1.0
1774932420.090615,1.0
1774932420.107704,1.0
1774932420.1246448,1.0
1774932420.1415703,1.0
1774932420.158566,1.0
1774932420.1754673,1.0
1774932420.1924393,1.0
1774932420.2094114,1.0
1774932420.2263956,1.0
1774932420.243376,1.0
1774932420.2603457,1.0
1774932420.2773077,1.0
1774932420.2943733,1.0
1774932420.3112879,1.0
1774932420.3282902,1.0
1774932420.3452232,1.0
1774932420.3621824,1.0
1774932420.3792715,1.0
1774932420.3962123,1.0
1774932420.4131339,1.0
1774932420.430113,1.0
1774932420.4471614,1.0
1774932420.464079,1.0
1774932420.4810293,1.0
1774932420.498005,1.0
1774932420.5149465,1.0
1774932420.5318608,1.0
1774932420.5487816,1.0
1774932420.5657613,1.0
1774932420.582672,1.0
1774932420.5997472,1.0
1774932420.6168354,1.0
1774932420.6337707,1.0
1774932420.6508243,1.0
1774932420.6677604,1.0
1774932420.6846557,1.0
1774932420.7019975,1.0
1774932420.718966,1.0
1774932420.7358952,1.0
1774932420.7529685,1.0
1774932420.769873,1.0
1774932420.786843,1.0
1774932420.8038228,1.0
1774932420.820733,1.0
1774932420.8378546,1.0
1774932420.8547626,1.0
1774932420.8716977,1.0
1774932420.8890936,1.0
1774932420.9061322,1.0
1774932420.9230475,1.0
1774932420.940009,1.0
1774932420.9569597,1.0
1774932420.973886,1.0
1774932420.9908133,1.0
1774932421.0077848,1.0
1774932421.0247357,1.0
1774932421.0427873,1.0
1774932421.059729,1.0
1774932421.0766666,1.0
1774932421.0936315,1.0
1774932421.1106367,1.0
1774932421.1276925,1.0
1774932421.1446576,1.0
1774932421.1615975,1.0
1774932421.1785686,1.0
1774932421.1955347,1.0
1774932421.2127616,1.0
1774932421.229623,1.0
1774932421.2466462,1.0
1774932421.2636113,1.0
1774932421.2805192,1.0
1774932421.2974987,1.0
1774932421.3144696,1.0
1774932421.3313837,1.0
1774932421.348299,1.0
1774932421.3651917,1.0
1774932421.3821044,1.0
1774932421.3991113,1.0
1774932421.4160738,1.0
1774932421.4330573,1.0
1774932421.4501112,1.0
1774932421.4670284,1.0
1774932421.4839244,1.0
1774932421.5010173,1.0
1774932421.5179422,1.0
1774932421.5348916,1.0
1774932421.5518074,1.0
1774932421.5689049,1.0
1774932421.5858238,1.0
1774932421.6027427,1.0
1774932421.6198616,1.0
1774932421.6368363,1.0
1774932421.6538281,1.0
1774932421.670865,1.0
1774932421.6878538,1.0
1774932421.7051172,1.0
1774932421.7220676,1.0
1774932421.7391105,1.0
1774932421.7560918,1.0
1774932421.7731283,1.0
1774932421.790345,1.0
1774932421.807323,1.0
1774932421.8245292,1.0
1774932421.8415756,1.0
1774932421.8585622,1.0
1774932421.8755648,1.0
1774932421.8925548,1.0
1774932421.909592,1.0
1774932421.926544,1.0
1774932421.9435596,1.0
1774932421.9605482,1.0
1774932421.9775178,1.0
1774932421.9944944,1.0
1774932422.0114868,1.0
1774932422.0295312,1.0
1774932422.046588,1.0
1774932422.0635555,1.0
1774932422.0807617,1.0
1774932422.0977461,1.0
1774932422.1148279,1.0
1774932422.1317983,1.0
1774932422.148831,1.0
1774932422.1657863,1.0
1774932422.1828208,1.0
1774932422.199805,1.0
1774932422.2170272,1.0
1774932422.2339866,1.0
1774932422.2513423,1.0
1774932422.2682486,1.0
1774932422.2852552,1.0
1774932422.3021553,1.0
1774932422.3191073,1.0
1774932422.336151,1.0
1774932422.3530598,1.0
1774932422.370092,1.0
1774932422.3871942,1.0
1774932422.4041352,1.0
1774932422.421095,1.0
1774932422.4380074,1.0
1774932422.4549305,1.0
1774932422.4719818,1.0
1774932422.4888875,1.0
1774932422.5058184,1.0
1774932422.5227568,1.0
1774932422.5398114,1.0
1774932422.5567455,1.0
1774932422.573859,1.0
1774932422.5908196,1.0
1774932422.6077473,1.0
1774932422.6250107,1.0
1774932422.6420286,1.0
1774932422.658946,1.0
1774932422.6758776,1.0
1774932422.6928065,1.0
1774932422.709847,1.0
1774932422.7268062,1.0
1774932422.743739,1.0
1774932422.7606628,1.0
1774932422.777603,1.0
1774932422.7945378,1.0
1774932422.811555,1.0
1774932422.8287365,1.0
1774932422.8456116,1.0
1774932422.8625405,1.0
1774932422.8795516,1.0
1774932422.8965225,1.0
1774932422.9134583,1.0
1774932422.9305828,1.0
1774932422.9474895,1.0
1774932422.9644275,1.0
1774932422.981479,1.0
1774932422.9984386,1.0
1774932423.01539,1.0
1774932423.0338128,1.0
1774932423.0507576,1.0
1774932423.0676901,1.0
1774932423.0846043,1.0
1774932423.1015239,1.0
1774932423.118604,1.0
1774932423.1355307,1.0
1774932423.1524577,1.0
1774932423.1693885,1.0
1774932423.1863995,1.0
1774932423.20336,1.0
1774932423.2203825,1.0
1774932423.2372942,1.0
1774932423.254377,1.0
1774932423.2713408,1.0
1774932423.2885418,1.0
1774932423.3056016,1.0
1774932423.3225183,1.0
1774932423.339502,1.0
1774932423.3564422,1.0
1774932423.373363,1.0
1774932423.390352,1.0
1774932423.4073412,1.0
1774932423.4243171,1.0
1774932423.441286,1.0
1774932423.4582036,1.0
1774932423.4751692,1.0
1774932423.4922707,1.0
1774932423.5092745,1.0
1774932423.5263827,1.0
1774932423.5434492,1.0
1774932423.5604267,1.0
1774932423.5774539,1.0
1774932423.5944376,1.0
1774932423.6114004,1.0
1774932423.628701,1.0
1774932423.6457682,1.0
1774932423.662755,1.0
1774932423.679801,1.0
1774932423.6966927,1.0
1774932423.7137625,1.0
1774932423.7309031,1.0
1774932423.7479265,1.0
1774932423.764946,1.0
1774932423.781959,1.0
1774932423.7989347,1.0
1774932423.8159673,1.0
1774932423.83302,1.0
1774932423.8500633,1.0
1774932423.86707,1.0
1774932423.8840578,1.0
1774932423.9011729,1.0
1774932423.9181755,1.0
1774932423.9352283,1.0
1774932423.9522269,1.0
1774932423.9691753,1.0
1774932423.98624,1.0
1774932424.0032175,1.0
1774932424.0214741,1.0
1774932424.0387316,1.0
1774932424.0558298,1.0
1774932424.073074,1.0
1774932424.090043,1.0
1774932424.1070364,1.0
1774932424.1240983,1.0
1774932424.1410737,1.0
1774932424.1581051,1.0
1774932424.1750636,1.0
1774932424.1921656,1.0
1774932424.2092788,1.0
1774932424.2262034,1.0
1774932424.2432318,1.0
1774932424.2602963,1.0
1774932424.2773356,1.0
1774932424.2944412,1.0
1774932424.3114116,1.0
1774932424.3283963,1.0
1774932424.34535,1.0
1774932424.3623958,1.0
1774932424.3794482,1.0
1774932424.3964775,1.0
1774932424.4134548,1.0
1774932424.4304364,1.0
1774932424.4524179,1.0
1774932424.4868536,1.0
1774932424.5202472,1.0
1774932424.5555105,1.0
1774932424.595933,1.0
1774932424.6274316,1.0
1774932424.6570735,1.0
1774932424.695579,1.0
1774932424.723305,1.0
1774932424.765488,1.0
1774932424.7952657,1.0
1774932424.8286412,1.0
1774932424.8685095,1.0
1774932424.9073198,1.0
1774932424.9523742,1.0
1774932424.9984887,1.0
1774932425.0444853,1.0
1774932425.092074,1.0
1774932425.138345,1.0
1774932425.1849723,1.0
1774932425.232614,1.0
1774932425.2763197,1.0
1774932425.321849,1.0
1774932425.361505,1.0
1774932425.4053552,1.0
1774932425.4465032,1.0
1774932425.4884818,1.0
1774932425.509573,1.0
1774932425.5268006,1.0
1774932425.5438008,1.0
1774932425.5608811,1.0
1774932425.5779307,1.0
1774932425.5949357,1.0
1774932425.6119246,1.0
1774932425.6290443,1.0
1774932425.6461751,1.0
1774932425.663299,1.0
1774932425.680417,1.0
1774932425.6976194,1.0
1774932425.7147872,1.0
1774932425.7319155,1.0
1774932425.7491467,1.0
1774932425.7661827,1.0
1774932425.7834337,1.0
1774932425.800609,1.0
1774932425.817744,1.0
1774932425.8353374,1.0
1774932425.8526285,1.0
1774932425.8697195,1.0
1774932425.8868783,1.0
1774932425.9041805,1.0
1774932425.9212067,1.0
1774932425.938318,1.0
1774932425.9553912,1.0
1774932425.972505,1.0
1774932425.9896379,1.0
1774932426.0067801,1.0
1774932426.0240335,1.0
1774932426.042317,1.0
1774932426.0595233,1.0
1774932426.0769687,1.0
1774932426.0940127,1.0
1774932426.111013,1.0
1774932426.1281567,1.0
1774932426.145194,1.0
1774932426.1625237,1.0
1774932426.179541,1.0
1774932426.196604,1.0
1774932426.2139049,1.0
1774932426.2309077,1.0
1774932426.248037,1.0
1774932426.264932,1.0
1774932426.2820404,1.0
1774932426.2990487,1.0
1774932426.3160558,1.0
1774932426.3331208,1.0
1774932426.3501303,1.0
1774932426.3671453,1.0
1774932426.3842764,1.0
1774932426.4012802,1.0
1774932426.418334,1.0
1774932426.435327,1.0
1774932426.4524758,1.0
1774932426.4696212,1.0
1774932426.4866707,1.0
1774932426.5037034,1.0
1774932426.5205479,1.0
1774932426.5376394,1.0
1774932426.5545375,1.0
1774932426.5714335,1.0
1774932426.5884514,1.0
1774932426.605535,1.0
1774932426.6225903,1.0
1774932426.6396348,1.0
1774932426.656679,1.0
1774932426.6737106,1.0
1774932426.6907105,1.0
1774932426.707744,1.0
1774932426.72479,1.0
1774932426.741955,1.0
1774932426.7589738,1.0
1774932426.7759924,1.0
1774932426.7930126,1.0
1774932426.8100922,1.0
1774932426.827263,1.0
1774932426.8442252,1.0
1774932426.8612356,1.0
1774932426.8781996,1.0
1774932426.8951893,1.0
1774932426.9122663,1.0
1774932426.9292538,1.0
1774932426.9463253,1.0
1774932426.9633358,1.0
1774932426.9802327,1.0
1774932426.9972339,1.0
1774932427.0141428,1.0
1774932427.0324914,1.0
1774932427.0494344,1.0
1774932427.0663903,1.0
1774932427.0837007,1.0
1774932427.1007113,1.0
1774932427.1176782,1.0
1774932427.134655,1.0
1774932427.1518638,1.0
1774932427.168821,1.0
1774932427.185826,1.0
1774932427.2029865,1.0
1774932427.2201645,1.0
1774932427.237116,1.0
1774932427.2542584,1.0
1774932427.2711906,1.0
1774932427.2883594,1.0
1774932427.305295,1.0
1774932427.322249,1.0
1774932427.3393147,1.0
1774932427.356262,1.0
1774932427.3732276,1.0
1774932427.3902574,1.0
1774932427.4072165,1.0
1774932427.4243119,1.0
1774932427.4412777,1.0
1774932427.4583058,1.0
1774932427.4752762,1.0
1774932427.492288,1.0
1774932427.50928,1.0
1774932427.5262525,1.0
1774932427.5432801,1.0
1774932427.5602312,1.0
1774932427.577234,1.0
1774932427.5942707,1.0
1774932427.611253,1.0
1774932427.6282647,1.0
1774932427.6452932,1.0
1774932427.6622953,1.0
1774932427.6793823,1.0
1774932427.696294,1.0
1774932427.7132342,1.0
1774932427.730279,1.0
1774932427.7472212,1.0
1774932427.7642214,1.0
1774932427.7813258,1.0
1774932427.7982917,1.0
1774932427.8152497,1.0
1774932427.8323333,1.0
1774932427.8493123,1.0
1774932427.8663402,1.0
1774932427.8833418,1.0
1774932427.900292,1.0
1774932427.917266,1.0
1774932427.934344,1.0
1774932427.9513187,1.0
1774932427.9683368,1.0
1774932427.985291,1.0
1774932428.0022833,1.0
1774932428.0192263,1.0
1774932428.037503,1.0
1774932428.0545294,1.0
1774932428.0716975,1.0
1774932428.0886889,1.0
1774932428.1056619,1.0
1774932428.1226919,1.0
1774932428.139825,1.0
1774932428.157134,1.0
1774932428.1740994,1.0
1774932428.191128,1.0
1774932428.2083533,1.0
1774932428.2252867,1.0
1774932428.2421658,1.0
1774932428.2593923,1.0
1774932428.276366,1.0
1774932428.2935607,1.0
1774932428.310528,1.0
1774932428.327545,1.0
1774932428.3445175,1.0
1774932428.3615158,1.0
1774932428.3785505,1.0
1774932428.3955543,1.0
1774932428.4125936,1.0
1774932428.429605,1.0
1774932428.446605,1.0
1774932428.463622,1.0
1774932428.4807644,1.0
1774932428.497724,1.0
1774932428.514904,1.0
1774932428.5318995,1.0
1774932428.548927,1.0
1774932428.565912,1.0
1774932428.5829055,1.0
1774932428.5999348,1.0
1774932428.616943,1.0
1774932428.6340709,1.0
1774932428.6511183,1.0
1774932428.6681728,1.0
1774932428.6851904,1.0
1774932428.7022192,1.0
1774932428.7192566,1.0
1774932428.7362998,1.0
1774932428.7533822,1.0
1774932428.7704353,1.0
1774932428.7874935,1.0
1774932428.8045263,1.0
1774932428.8215673,1.0
1774932428.8387833,1.0
1774932428.8557827,1.0
1774932428.872792,1.0
1774932428.8897812,1.0
1774932428.9067733,1.0
1774932428.923786,1.0
1774932428.940769,1.0
1774932428.957974,1.0
1774932428.974976,1.0
1774932428.991969,1.0
1774932429.009009,1.0
1774932429.0265574,1.0
1774932429.0439272,1.0
1774932429.0608923,1.0
1774932429.0783162,1.0
1774932429.095277,1.0
1774932429.1122243,1.0
1774932429.1290753,1.0
1774932429.1460142,1.0
1774932429.163109,1.0
1774932429.1801028,1.0
1774932429.1970832,1.0
1774932429.214383,1.0
1774932429.231276,1.0
1774932429.2483165,1.0
1774932429.2653153,1.0
1774932429.2822745,1.0
1774932429.2992842,1.0
1774932429.3163333,1.0
1774932429.3333275,1.0
1774932429.3503263,1.0
1774932429.367317,1.0
1774932429.3843257,1.0
1774932429.4013135,1.0
1774932429.4182968,1.0
1774932429.4352763,1.0
1774932429.4522805,1.0
1774932429.469337,1.0
1774932429.4863567,1.0
1774932429.5033262,1.0
1774932429.5035825,0.0
