time,actuator,value
1738730916.5568914,Actuator(ptr=c_void_p(94485688121152)),130.0
1738730921.57367,Actuator(ptr=c_void_p(94485688121152)),130.0
1738730926.5911152,Actuator(ptr=c_void_p(94485688121152)),130.0
1738730931.6027024,Actuator(ptr=c_void_p(94485688121152)),130.0
1738730936.6214445,Actuator(ptr=c_void_p(94485688121152)),130.0
1738730941.637426,Actuator(ptr=c_void_p(94485688121152)),130.0
1738730946.6568396,Actuator(ptr=c_void_p(94485688121152)),130.0
1738730951.6753373,Actuator(ptr=c_void_p(94485688121152)),130.0
