time,actuator,value
1738777147.4804122,Actuator(ptr=c_void_p(94282427277200)),101.0
1738777152.4986613,Actuator(ptr=c_void_p(94282427277200)),101.0
1738777157.5164492,Actuator(ptr=c_void_p(94282427277200)),101.0
1738777162.5355613,Actuator(ptr=c_void_p(94282427277200)),101.0
1738777167.5533922,Actuator(ptr=c_void_p(94282427277200)),101.0
1738777172.5736327,Actuator(ptr=c_void_p(94282427277200)),101.0
1738777177.5931966,Actuator(ptr=c_void_p(94282427277200)),101.0
1738777182.6130621,Actuator(ptr=c_void_p(94282427277200)),101.0
