time,value
1742772695.9155293,1.0
1742772695.9262197,3.0
1742772695.936763,3.0
1742772695.9474416,3.0
1742772695.9582415,3.0
1742772695.9688282,3.0
1742772695.9794574,3.0
1742772695.9900606,3.0
1742772696.0006537,3.0
1742772696.011231,3.0
1742772696.0218801,3.0
1742772696.0324638,3.0
1742772696.0431426,3.0
1742772696.0537355,3.0
1742772696.0643134,3.0
1742772696.0748994,3.0
1742772696.0855103,3.0
1742772696.0960984,3.0
1742772696.1067145,3.0
1742772696.117309,3.0
1742772696.1279492,3.0
1742772696.1386063,3.0
1742772696.1493104,3.0
1742772696.1600847,3.0
1742772696.1706867,3.0
1742772696.1812758,3.0
1742772696.1919127,3.0
1742772696.2025917,3.0
1742772696.213172,3.0
1742772696.2249477,3.0
1742772696.2353966,3.0
1742772696.24592,3.0
1742772696.2564662,3.0
1742772696.2674184,3.0
1742772696.2880497,2.0
1742772696.3004777,1.0
1742772696.31273,1.0
1742772696.323484,2.0
1742772696.334837,3.0
1742772696.3461025,3.0
1742772696.3573742,3.0
1742772696.368202,3.0
1742772696.379051,3.0
1742772696.390218,3.0
1742772696.4009304,3.0
1742772696.411664,3.0
1742772696.4231007,3.0
1742772696.4338264,3.0
1742772696.444538,3.0
1742772696.4552753,3.0
1742772696.4660194,3.0
1742772696.4767292,3.0
1742772696.4874697,3.0
1742772696.4981391,3.0
1742772696.5103023,3.0
1742772696.5212672,3.0
1742772696.5319762,3.0
1742772696.5428255,3.0
1742772696.5542164,3.0
1742772696.565114,3.0
1742772696.5763674,3.0
1742772696.5878894,3.0
1742772696.5996728,3.0
1742772696.6111572,3.0
1742772696.6227689,3.0
1742772696.6342223,3.0
1742772696.645733,3.0
1742772696.6572182,3.0
1742772696.6686883,3.0
1742772696.6802328,3.0
1742772696.691793,3.0
1742772696.703334,3.0
1742772696.7149072,3.0
1742772696.7264786,3.0
1742772696.7380435,3.0
1742772696.7495837,3.0
1742772696.761172,3.0
1742772696.7728066,3.0
1742772696.7843711,3.0
1742772696.7959502,3.0
1742772696.807482,3.0
1742772696.819038,3.0
1742772696.830573,3.0
1742772696.8421142,3.0
1742772696.8556824,3.0
1742772696.869987,2.0
1742772696.8835511,1.0
1742772696.8950498,3.0
1742772696.9064753,3.0
1742772696.9182544,3.0
1742772696.9296951,3.0
1742772696.9413881,3.0
1742772696.952861,3.0
1742772696.964607,3.0
1742772696.976143,3.0
1742772696.9876077,3.0
1742772696.9990704,3.0
1742772697.0107841,3.0
1742772697.0225198,3.0
1742772697.03423,3.0
1742772697.045692,3.0
1742772697.0574198,3.0
1742772697.0688899,3.0
1742772697.0806437,3.0
1742772697.092189,3.0
1742772697.103932,3.0
1742772697.1154528,3.0
1742772697.1271265,3.0
1742772697.1388352,3.0
1742772697.1502957,3.0
1742772697.1618264,3.0
1742772697.1731937,3.0
1742772697.1846566,3.0
1742772697.1961067,3.0
1742772697.2075593,3.0
1742772697.2189798,3.0
1742772697.230552,3.0
1742772697.2419665,3.0
1742772697.2534,3.0
1742772697.2648373,3.0
1742772697.276267,3.0
1742772697.287751,3.0
1742772697.2992418,3.0
1742772697.3106334,3.0
1742772697.3220356,3.0
1742772697.3334436,3.0
1742772697.3449173,3.0
1742772697.3564143,3.0
1742772697.3678546,3.0
1742772697.379282,3.0
1742772697.3907113,3.0
1742772697.402139,3.0
1742772697.4135652,3.0
1742772697.4249847,3.0
1742772697.4364843,3.0
1742772697.447917,3.0
1742772697.4593518,3.0
1742772697.4707515,3.0
1742772697.4821568,3.0
1742772697.4935706,3.0
1742772697.5053365,3.0
1742772697.5155497,2.0
1742772697.5268834,3.0
1742772697.538361,3.0
1742772697.550061,3.0
1742772697.5620217,3.0
1742772697.5733876,3.0
1742772697.5847962,3.0
1742772697.5974898,3.0
1742772697.6089346,3.0
1742772697.6203687,3.0
1742772697.6319854,3.0
1742772697.6433914,3.0
1742772697.6548116,3.0
1742772697.666257,3.0
1742772697.677713,3.0
1742772697.6891522,3.0
1742772697.7005668,3.0
1742772697.7120428,3.0
1742772697.7234592,3.0
1742772697.73506,3.0
1742772697.7465577,3.0
1742772697.75807,3.0
1742772697.769505,3.0
1742772697.7809596,3.0
1742772697.792533,3.0
1742772697.8039627,3.0
1742772697.8153694,3.0
1742772697.826802,3.0
1742772697.83847,3.0
1742772697.849908,3.0
1742772697.862614,3.0
1742772697.8737497,1.0
1742772697.8855708,3.0
1742772697.897023,3.0
1742772697.9084296,3.0
1742772697.919889,3.0
1742772697.931316,3.0
1742772697.9429693,3.0
1742772697.9544005,3.0
1742772697.9658246,3.0
1742772697.9772458,3.0
1742772697.988705,3.0
1742772698.0001214,3.0
1742772698.0115566,3.0
1742772698.0229633,3.0
1742772698.0343997,3.0
1742772698.0459318,3.0
1742772698.0573483,3.0
1742772698.0687907,3.0
1742772698.0802236,3.0
1742772698.0916896,3.0
1742772698.1031275,3.0
1742772698.114547,3.0
1742772698.1259687,3.0
1742772698.1374013,3.0
1742772698.1489892,3.0
1742772698.160543,3.0
1742772698.171995,3.0
1742772698.1834242,3.0
1742772698.1948872,3.0
1742772698.2062986,3.0
1742772698.2177134,3.0
1742772698.2291298,3.0
1742772698.240729,3.0
1742772698.2521956,3.0
1742772698.26367,3.0
1742772698.275684,3.0
1742772698.2871833,3.0
1742772698.2985814,3.0
1742772698.3100157,3.0
1742772698.3214314,3.0
1742772698.3329003,3.0
1742772698.3449054,3.0
1742772698.3563416,3.0
1742772698.3677907,3.0
1742772698.3792787,3.0
1742772698.3907173,3.0
1742772698.4021678,3.0
1742772698.4136057,3.0
1742772698.4250486,3.0
1742772698.4364815,3.0
1742772698.4480772,3.0
1742772698.4595728,3.0
1742772698.4709902,3.0
1742772698.4823575,3.0
1742772698.4937432,3.0
1742772698.5053751,3.0
1742772698.5180526,3.0
1742772698.5292976,3.0
1742772698.5406487,3.0
1742772698.5521905,3.0
1742772698.5641038,3.0
1742772698.5754833,3.0
1742772698.586986,3.0
1742772698.5985236,3.0
1742772698.6099098,3.0
1742772698.621255,3.0
1742772698.6326187,3.0
1742772698.6439645,3.0
1742772698.6555135,3.0
1742772698.6668153,3.0
1742772698.6781695,3.0
1742772698.6894808,3.0
1742772698.700818,3.0
1742772698.7121756,3.0
1742772698.7235103,3.0
1742772698.7348356,3.0
1742772698.7465122,3.0
1742772698.7578895,3.0
1742772698.769211,3.0
1742772698.7805367,3.0
1742772698.7918859,3.0
1742772698.8032336,3.0
1742772698.8145778,3.0
1742772698.8259099,3.0
1742772698.8372507,3.0
1742772698.848751,3.0
1742772698.8614025,3.0
1742772698.8763342,2.0
1742772698.8895054,1.0
1742772698.9006562,3.0
1742772698.9119818,3.0
1742772698.9234407,3.0
1742772698.9347281,3.0
1742772698.9460344,3.0
1742772698.9575155,3.0
1742772698.968825,3.0
1742772698.9802203,3.0
1742772698.9915254,3.0
1742772699.0028322,3.0
1742772699.0141773,3.0
1742772699.025461,3.0
1742772699.0367887,3.0
1742772699.048118,3.0
1742772699.059509,3.0
1742772699.070859,3.0
1742772699.0821595,3.0
1742772699.093467,3.0
1742772699.10481,3.0
1742772699.1161401,3.0
1742772699.127456,3.0
1742772699.1388123,3.0
1742772699.150212,3.0
1742772699.1617277,3.0
1742772699.1730661,3.0
1742772699.1843824,3.0
1742772699.1956995,3.0
1742772699.2070587,3.0
1742772699.218388,3.0
1742772699.229721,3.0
1742772699.2410054,3.0
1742772699.2523444,3.0
1742772699.2638183,3.0
1742772699.27517,3.0
1742772699.2864475,3.0
1742772699.2977533,3.0
1742772699.3090382,3.0
1742772699.3203967,3.0
1742772699.3317282,3.0
1742772699.3430734,3.0
1742772699.3544257,3.0
1742772699.365928,3.0
1742772699.3772283,3.0
1742772699.3885834,3.0
1742772699.399887,3.0
1742772699.4112434,3.0
1742772699.4225514,3.0
1742772699.4338574,3.0
1742772699.445173,3.0
1742772699.4564757,3.0
1742772699.467937,3.0
1742772699.4792864,3.0
1742772699.4905944,3.0
1742772699.501908,3.0
1742772699.5148852,3.0
1742772699.52608,3.0
1742772699.537397,3.0
1742772699.548778,3.0
1742772699.56075,3.0
1742772699.5720346,3.0
1742772699.5833232,3.0
1742772699.594756,3.0
1742772699.6063378,3.0
1742772699.617665,3.0
1742772699.6290038,3.0
1742772699.6407282,3.0
1742772699.6519704,3.0
1742772699.6633978,3.0
1742772699.674702,3.0
1742772699.685948,3.0
1742772699.6972003,3.0
1742772699.708467,3.0
1742772699.7197373,3.0
1742772699.7310498,3.0
1742772699.742316,3.0
1742772699.7535658,3.0
1742772699.7650392,3.0
1742772699.7763102,3.0
1742772699.7960737,2.0
1742772699.8073292,3.0
1742772699.8186688,3.0
1742772699.830014,3.0
1742772699.8413134,3.0
1742772699.8539045,3.0
1742772699.8654926,3.0
1742772699.8785214,3.0
1742772699.8897815,3.0
1742772699.9010544,3.0
1742772699.912297,3.0
1742772699.9235797,3.0
1742772699.934936,3.0
1742772699.946177,3.0
1742772699.9574177,3.0
1742772699.9689145,3.0
1742772699.98016,3.0
1742772699.9914584,3.0
1742772700.0033867,3.0
1742772700.01465,3.0
1742772700.0258782,3.0
1742772700.0371435,3.0
1742772700.0483754,3.0
1742772700.0596337,3.0
1742772700.0710442,3.0
1742772700.0823433,3.0
1742772700.0935667,3.0
1742772700.1048036,3.0
1742772700.1160152,3.0
1742772700.1272519,3.0
1742772700.1385121,3.0
1742772700.1498654,3.0
1742772700.1611464,3.0
1742772700.1725342,3.0
1742772700.183771,3.0
1742772700.1950543,3.0
1742772700.2063162,3.0
1742772700.2175372,3.0
1742772700.2287571,3.0
1742772700.2400162,3.0
1742772700.2512972,3.0
1742772700.2625332,3.0
1742772700.2738824,3.0
1742772700.2851124,3.0
1742772700.296716,3.0
1742772700.307983,3.0
1742772700.319287,3.0
1742772700.3305242,3.0
1742772700.3417804,3.0
1742772700.3531356,3.0
1742772700.364504,3.0
1742772700.3758802,3.0
1742772700.3872018,3.0
1742772700.3984158,3.0
1742772700.4096901,3.0
1742772700.4209175,3.0
1742772700.4322023,3.0
1742772700.4434717,3.0
1742772700.454748,3.0
1742772700.4659717,3.0
1742772700.4773548,3.0
1742772700.4886136,3.0
1742772700.4998453,3.0
1742772700.5139754,3.0
1742772700.525034,3.0
1742772700.5362751,3.0
1742772700.5475323,3.0
1742772700.559988,3.0
1742772700.5712712,3.0
1742772700.5826313,3.0
1742772700.5943546,3.0
1742772700.605501,3.0
1742772700.6167653,3.0
1742772700.6280746,3.0
1742772700.639378,3.0
1742772700.6506999,3.0
1742772700.6619265,3.0
1742772700.673155,3.0
1742772700.684564,3.0
1742772700.6958046,3.0
1742772700.7071657,3.0
1742772700.7184036,3.0
1742772700.7296617,3.0
1742772700.740928,3.0
1742772700.7522564,3.0
1742772700.7636766,3.0
1742772700.7749877,3.0
1742772700.7863836,3.0
1742772700.7976575,3.0
1742772700.808899,3.0
1742772700.82019,3.0
1742772700.8314235,3.0
1742772700.8426807,3.0
1742772700.8553474,3.0
1742772700.8664184,3.0
1742772700.8783555,3.0
1742772700.8898191,3.0
1742772700.9010837,3.0
1742772700.912375,3.0
1742772700.9236548,3.0
1742772700.934951,3.0
1742772700.946215,3.0
1742772700.9574835,3.0
1742772700.9688106,3.0
1742772700.980162,3.0
1742772700.9915442,3.0
1742772701.0028002,3.0
1742772701.0140638,3.0
1742772701.026162,3.0
1742772701.0373957,3.0
1742772701.0486255,3.0
1742772701.059906,3.0
1742772701.0711236,3.0
1742772701.0824194,3.0
1742772701.093775,3.0
1742772701.1050122,3.0
1742772701.1162694,3.0
1742772701.1275482,3.0
1742772701.1388743,3.0
1742772701.1502335,3.0
1742772701.161547,3.0
1742772701.1728065,3.0
1742772701.1841123,3.0
1742772701.195492,3.0
1742772701.2067816,3.0
1742772701.2180142,3.0
1742772701.2292545,3.0
1742772701.2404873,3.0
1742772701.2517152,3.0
1742772701.2630255,3.0
1742772701.2742305,3.0
1742772701.2854836,3.0
1742772701.2968214,3.0
1742772701.3081076,3.0
1742772701.3193839,3.0
1742772701.3306303,3.0
1742772701.3418796,3.0
1742772701.3532004,3.0
1742772701.3646886,3.0
1742772701.3759553,3.0
1742772701.387176,3.0
1742772701.3999548,3.0
1742772701.4126227,3.0
1742772701.4238315,3.0
1742772701.4350915,3.0
1742772701.4463453,3.0
1742772701.457592,3.0
1742772701.4688342,3.0
1742772701.4800937,3.0
1742772701.4913456,3.0
1742772701.5028253,3.0
1742772701.5156465,3.0
1742772701.526838,3.0
1742772701.5380895,3.0
1742772701.54932,3.0
1742772701.5614388,3.0
1742772701.5726364,3.0
1742772701.5839424,3.0
1742772701.5954635,3.0
1742772701.6070602,3.0
1742772701.6183035,3.0
1742772701.6295352,3.0
1742772701.640806,3.0
1742772701.6520355,3.0
1742772701.663315,3.0
1742772701.6745803,3.0
1742772701.6858354,3.0
1742772701.6972764,3.0
1742772701.7085407,3.0
1742772701.7198253,3.0
1742772701.7311187,3.0
1742772701.7423594,3.0
1742772701.7536595,3.0
1742772701.765101,3.0
1742772701.776358,3.0
1742772701.787628,3.0
1742772701.7990043,3.0
1742772701.8102477,3.0
1742772701.8214853,3.0
1742772701.832758,3.0
1742772701.8440382,3.0
1742772701.8566072,3.0
1742772701.8679147,3.0
1742772701.8794916,3.0
1742772701.8910344,3.0
1742772701.902716,3.0
1742772701.9140117,3.0
1742772701.9253225,3.0
1742772701.9366617,3.0
1742772701.9480314,3.0
1742772701.9593856,3.0
1742772701.9708118,3.0
1742772701.982179,3.0
1742772701.9934285,3.0
1742772702.0048788,3.0
1742772702.0161977,3.0
1742772702.027482,3.0
1742772702.0387616,3.0
1742772702.0500267,3.0
1742772702.061308,3.0
1742772702.0726056,3.0
1742772702.0839996,3.0
1742772702.09531,3.0
1742772702.1067972,3.0
1742772702.1180553,3.0
1742772702.1293244,3.0
1742772702.1405988,3.0
1742772702.1519728,3.0
1742772702.1633265,3.0
1742772702.1746073,3.0
1742772702.1858888,3.0
1742772702.1971197,3.0
1742772702.2086172,3.0
1742772702.2198927,3.0
1742772702.231185,3.0
1742772702.242443,3.0
1742772702.253728,3.0
1742772702.264997,3.0
1742772702.2762806,3.0
1742772702.2875469,3.0
1742772702.2988386,3.0
1742772702.3109388,3.0
1742772702.322235,3.0
1742772702.333516,3.0
1742772702.3448174,3.0
1742772702.3565073,3.0
1742772702.3680236,3.0
1742772702.3793046,3.0
1742772702.3905919,3.0
1742772702.4019,3.0
1742772702.4133341,3.0
1742772702.4246383,3.0
1742772702.435944,3.0
1742772702.4472578,3.0
1742772702.4585643,3.0
1742772702.4698799,3.0
1742772702.4812038,3.0
1742772702.4924986,3.0
1742772702.5037851,3.0
1742772702.5171897,3.0
1742772702.5284104,3.0
1742772702.5397127,3.0
1742772702.551009,3.0
1742772702.5628762,3.0
1742772702.5741765,3.0
1742772702.5857134,3.0
1742772702.5971968,3.0
1742772702.6088614,3.0
1742772702.6201615,3.0
1742772702.6314402,3.0
1742772702.6426632,3.0
1742772702.6539462,3.0
1742772702.6651978,3.0
1742772702.6764863,3.0
1742772702.6877694,3.0
1742772702.6990666,3.0
1742772702.7105458,3.0
1742772702.721817,3.0
1742772702.7330368,3.0
1742772702.7443342,3.0
1742772702.7556589,3.0
1742772702.7671309,3.0
1742772702.7783856,3.0
1742772702.7896345,3.0
1742772702.8009143,3.0
1742772702.8124118,3.0
1742772702.8238113,3.0
1742772702.8351164,3.0
1742772702.8463507,3.0
1742772702.8591735,3.0
1742772702.8716261,3.0
1742772702.8828306,3.0
1742772702.8943956,3.0
1742772702.907885,2.0
1742772702.9191842,3.0
1742772702.9305937,3.0
1742772702.9418507,3.0
1742772702.9531503,3.0
1742772702.9645436,3.0
1742772702.9758136,3.0
1742772702.9871004,3.0
1742772702.9983387,3.0
1742772703.0095918,3.0
1742772703.0210314,3.0
1742772703.032328,3.0
1742772703.043639,3.0
1742772703.0548785,3.0
1742772703.0661926,3.0
1742772703.0774047,3.0
1742772703.0886774,3.0
1742772703.0999575,3.0
1742772703.1112626,3.0
1742772703.122686,3.0
1742772703.1340146,3.0
1742772703.1452355,3.0
1742772703.15655,3.0
1742772703.1679978,3.0
1742772703.179372,3.0
1742772703.1905987,3.0
1742772703.2019033,3.0
1742772703.2131472,3.0
1742772703.224629,3.0
1742772703.2359302,3.0
1742772703.2472126,3.0
1742772703.2585657,3.0
1742772703.2698858,3.0
1742772703.281164,3.0
1742772703.2924368,3.0
1742772703.3037205,3.0
1742772703.315014,3.0
1742772703.326454,3.0
1742772703.337773,3.0
1742772703.349013,3.0
1742772703.3603547,3.0
1742772703.371862,3.0
1742772703.3832068,3.0
1742772703.3944829,3.0
1742772703.4057596,3.0
1742772703.417087,3.0
1742772703.4285624,3.0
1742772703.439854,3.0
1742772703.451161,3.0
1742772703.4624252,3.0
1742772703.4737356,3.0
1742772703.485012,3.0
1742772703.4963653,3.0
1742772703.508803,3.0
1742772703.5209675,3.0
1742772703.53229,3.0
1742772703.543562,3.0
1742772703.5553308,3.0
1742772703.5665872,3.0
1742772703.5778422,3.0
1742772703.589552,3.0
1742772703.6044462,3.0
1742772703.6149058,2.0
1742772703.6256962,2.0
1742772703.6361797,2.0
1742772703.6467223,2.0
1742772703.657218,2.0
1742772703.6677275,2.0
1742772703.6782498,2.0
1742772703.6887677,2.0
1742772703.6993005,2.0
1742772703.709845,2.0
1742772703.7203524,2.0
1742772703.731075,2.0
1742772703.7415817,2.0
1742772703.7521026,2.0
1742772703.7626908,2.0
1742772703.7732296,2.0
1742772703.7837486,2.0
1742772703.7995129,2.0
1742772703.8099983,2.0
1742772703.820516,2.0
1742772703.8311603,2.0
1742772703.841687,2.0
1742772703.8534436,2.0
1742772703.8639362,2.0
1742772703.87449,2.0
1742772703.8849933,2.0
1742772703.8956265,2.0
1742772703.9061725,2.0
1742772703.9166842,2.0
1742772703.927183,2.0
1742772703.9377987,2.0
1742772703.9483209,2.0
1742772703.9588735,2.0
1742772703.9694562,2.0
1742772703.9799826,2.0
1742772703.9904912,2.0
1742772704.0010076,2.0
1742772704.0115104,2.0
1742772704.0220141,2.0
1742772704.0325966,2.0
1742772704.043101,2.0
1742772704.0536413,2.0
1742772704.0641172,2.0
1742772704.0746262,2.0
1742772704.0851743,2.0
1742772704.0956779,2.0
1742772704.1061945,2.0
1742772704.11667,2.0
1742772704.1272044,2.0
1742772704.137819,2.0
1742772704.1483526,2.0
1742772704.1588829,2.0
1742772704.169486,2.0
1742772704.1799614,2.0
1742772704.1904638,2.0
1742772704.200968,2.0
1742772704.2114673,2.0
1742772704.2219644,2.0
1742772704.2324677,2.0
1742772704.243,2.0
1742772704.2535224,2.0
1742772704.2640195,2.0
1742772704.2745316,2.0
1742772704.2850096,2.0
1742772704.2955832,2.0
1742772704.306079,2.0
1742772704.3165634,2.0
1742772704.3277156,2.0
1742772704.338335,2.0
1742772704.3488095,2.0
1742772704.359432,2.0
1742772704.3699653,2.0
1742772704.380464,2.0
1742772704.3909757,2.0
1742772704.4014807,2.0
1742772704.4119935,2.0
1742772704.4225276,2.0
1742772704.4330084,2.0
1742772704.4436412,2.0
1742772704.4541547,2.0
1742772704.4646628,2.0
1742772704.4751897,2.0
1742772704.485741,2.0
1742772704.4962482,2.0
1742772704.5077875,2.0
1742772704.5192533,2.0
1742772704.5297732,2.0
1742772704.5403097,2.0
1742772704.5511413,2.0
1742772704.562086,2.0
1742772704.5726287,2.0
1742772704.5831208,2.0
1742772704.5940492,2.0
1742772704.6044881,2.0
1742772704.615199,2.0
1742772704.625711,2.0
1742772704.6362288,2.0
1742772704.6468046,2.0
1742772704.6573167,2.0
1742772704.6678233,2.0
1742772704.678345,2.0
1742772704.6888597,2.0
1742772704.6993787,2.0
1742772704.7098935,2.0
1742772704.7204063,2.0
1742772704.730937,2.0
1742772704.7416432,2.0
1742772704.7520807,2.0
1742772704.7626476,2.0
1742772704.7732358,2.0
1742772704.7837267,2.0
1742772704.7942424,2.0
1742772704.804723,2.0
1742772704.8152072,2.0
1742772704.8257055,2.0
1742772704.8361917,2.0
1742772704.8469393,2.0
1742772704.858874,2.0
1742772704.8693392,2.0
1742772704.8812306,1.0
1742772704.892768,1.0
1742772704.9030693,2.0
1742772704.9135554,2.0
1742772704.9240532,2.0
1742772704.9345613,2.0
1742772704.9451258,2.0
1742772704.9556513,2.0
1742772704.966201,2.0
1742772704.976693,2.0
1742772704.9872248,2.0
1742772704.9977527,2.0
1742772705.0082211,2.0
1742772705.0187614,2.0
1742772705.029258,2.0
1742772705.0397773,2.0
1742772705.050379,2.0
1742772705.0609128,2.0
1742772705.0714178,2.0
1742772705.0819561,2.0
1742772705.092476,2.0
1742772705.1029882,2.0
1742772705.1134913,2.0
1742772705.1246681,2.0
1742772705.135204,2.0
1742772705.1460018,2.0
1742772705.1564684,2.0
1742772705.1670315,2.0
1742772705.177548,2.0
1742772705.188063,2.0
1742772705.198583,2.0
1742772705.2090802,2.0
1742772705.2195907,2.0
1742772705.230119,2.0
1742772705.2406518,2.0
1742772705.2514176,2.0
1742772705.2619703,2.0
1742772705.2724817,2.0
1742772705.283014,2.0
1742772705.2935245,2.0
1742772705.3040643,2.0
1742772705.314594,2.0
1742772705.3250787,2.0
1742772705.3356066,2.0
1742772705.3461409,2.0
1742772705.356763,2.0
1742772705.3673346,2.0
1742772705.3778903,2.0
1742772705.3884292,2.0
1742772705.3990405,2.0
1742772705.4095502,2.0
1742772705.4200711,2.0
1742772705.430584,2.0
1742772705.4410865,2.0
1742772705.4516659,2.0
1742772705.4621623,2.0
1742772705.4726553,2.0
1742772705.4831676,2.0
1742772705.493711,2.0
1742772705.5046325,2.0
1742772705.5171344,2.0
1742772705.5276265,2.0
1742772705.5381067,2.0
1742772705.5503368,2.0
1742772705.560672,2.0
1742772705.5712886,2.0
1742772705.5818,2.0
1742772705.592933,2.0
1742772705.6033762,2.0
1742772705.6139066,2.0
1742772705.62438,2.0
1742772705.6349156,2.0
1742772705.645406,2.0
1742772705.6561048,2.0
1742772705.666625,2.0
1742772705.677123,2.0
1742772705.68774,2.0
1742772705.6982725,2.0
1742772705.708785,2.0
1742772705.719313,2.0
1742772705.7298286,2.0
1742772705.740327,2.0
1742772705.7508328,2.0
1742772705.7615688,2.0
1742772705.7721722,2.0
1742772705.782687,2.0
1742772705.793185,2.0
1742772705.803687,2.0
1742772705.8142073,2.0
1742772705.8247483,2.0
1742772705.8352332,2.0
1742772705.8458135,2.0
1742772705.8573189,2.0
1742772705.867674,2.0
1742772705.8781936,2.0
1742772705.8887,2.0
1742772705.8991742,2.0
1742772705.9097452,2.0
1742772705.920221,2.0
1742772705.9307384,2.0
1742772705.9412358,2.0
1742772705.9517648,2.0
1742772705.9623718,2.0
1742772705.9729276,2.0
1742772705.983453,2.0
1742772705.9939878,2.0
1742772706.004483,2.0
1742772706.0150013,2.0
1742772706.0255265,2.0
1742772706.0360508,2.0
1742772706.0465722,2.0
1742772706.057253,2.0
1742772706.0677578,2.0
1742772706.0782733,2.0
1742772706.0887592,2.0
1742772706.0993266,2.0
1742772706.1098337,2.0
1742772706.1203234,2.0
1742772706.1308303,2.0
1742772706.1413805,2.0
1742772706.1521392,2.0
1742772706.1629598,2.0
1742772706.1735113,2.0
1742772706.1840377,2.0
1742772706.1945539,2.0
1742772706.2050655,2.0
1742772706.2155888,2.0
1742772706.226108,2.0
1742772706.2366016,2.0
1742772706.2471077,2.0
1742772706.257624,2.0
1742772706.2682505,2.0
1742772706.27878,2.0
1742772706.2892792,2.0
1742772706.2997952,2.0
1742772706.3103204,2.0
1742772706.3208458,2.0
1742772706.3313682,2.0
1742772706.3421562,2.0
1742772706.3526745,2.0
1742772706.363288,2.0
1742772706.3738744,2.0
1742772706.3843493,2.0
1742772706.39487,2.0
1742772706.4053996,2.0
1742772706.4159102,2.0
1742772706.4264112,2.0
1742772706.4368978,2.0
1742772706.447412,2.0
1742772706.457919,2.0
1742772706.470189,2.0
1742772706.481537,2.0
1742772706.4920115,2.0
1742772706.5025465,2.0
1742772706.514799,2.0
1742772706.5251253,2.0
1742772706.5356538,2.0
1742772706.5461674,2.0
1742772706.5574186,2.0
1742772706.5679777,2.0
1742772706.5784895,2.0
1742772706.589075,2.0
1742772706.6008797,2.0
1742772706.6113057,2.0
1742772706.621796,2.0
1742772706.632303,2.0
1742772706.6428192,2.0
1742772706.6533313,2.0
1742772706.663833,2.0
1742772706.6744587,2.0
1742772706.6849737,2.0
1742772706.695544,2.0
1742772706.706058,2.0
1742772706.7165558,2.0
1742772706.7270622,2.0
1742772706.7375867,2.0
1742772706.748109,2.0
1742772706.7586434,2.0
1742772706.769278,2.0
1742772706.779816,2.0
1742772706.7903728,2.0
1742772706.8008854,2.0
1742772706.8114161,2.0
1742772706.821911,2.0
1742772706.8324192,2.0
1742772706.8429275,2.0
1742772706.854658,2.0
1742772706.8654897,2.0
1742772706.8760674,2.0
1742772706.8865862,2.0
1742772706.8970654,2.0
1742772706.9075763,2.0
1742772706.9250255,2.0
1742772706.9374487,1.0
1742772706.9477222,2.0
1742772706.9582727,2.0
1742772706.9687839,2.0
1742772706.9794016,2.0
1742772706.9899201,2.0
1742772707.0004117,2.0
1742772707.010915,2.0
1742772707.0214112,2.0
1742772707.0319262,2.0
1742772707.0424473,2.0
1742772707.0529182,2.0
1742772707.0634608,2.0
1742772707.0741177,2.0
1742772707.0846217,2.0
1742772707.0952358,2.0
1742772707.1058073,2.0
1742772707.1162992,2.0
1742772707.1268227,2.0
1742772707.1373525,2.0
1742772707.1478572,2.0
1742772707.158398,2.0
1742772707.1689365,2.0
1742772707.179564,2.0
1742772707.1901474,2.0
1742772707.2006497,2.0
1742772707.2112138,2.0
1742772707.2217422,2.0
1742772707.2322717,2.0
1742772707.242825,2.0
1742772707.2533312,2.0
1742772707.2638729,2.0
1742772707.2744105,2.0
1742772707.285022,2.0
1742772707.2956135,2.0
1742772707.3061557,2.0
1742772707.3167007,2.0
1742772707.327234,2.0
1742772707.3377593,2.0
1742772707.3482816,2.0
1742772707.3588722,2.0
1742772707.3693924,2.0
1742772707.380318,2.0
1742772707.390842,2.0
1742772707.4013996,2.0
1742772707.4119363,2.0
1742772707.4224734,2.0
1742772707.4329858,2.0
1742772707.4435363,2.0
1742772707.4541163,2.0
1742772707.4646444,2.0
1742772707.4751806,2.0
1742772707.485841,2.0
1742772707.496351,2.0
1742772707.5081446,2.0
1742772707.519413,2.0
1742772707.529891,2.0
1742772707.5404117,2.0
1742772707.5512345,2.0
1742772707.5620067,2.0
1742772707.572629,2.0
1742772707.5832255,2.0
1742772707.5940247,2.0
1742772707.6044486,2.0
1742772707.614946,2.0
1742772707.6254108,2.0
1742772707.6358953,2.0
1742772707.6463935,2.0
1742772707.6568184,2.0
1742772707.6674368,2.0
1742772707.6779234,2.0
1742772707.6885111,2.0
1742772707.698966,2.0
1742772707.709417,2.0
1742772707.7198775,2.0
1742772707.7303486,2.0
1742772707.7408166,2.0
1742772707.7512658,2.0
1742772707.7617242,2.0
1742772707.7723234,2.0
1742772707.7831526,2.0
1742772707.7935793,2.0
1742772707.804047,2.0
1742772707.8145063,2.0
1742772707.8249364,2.0
1742772707.8353977,2.0
1742772707.845857,2.0
1742772707.8573663,2.0
1742772707.8676674,2.0
1742772707.8781083,2.0
1742772707.8888617,2.0
1742772707.8993437,2.0
1742772707.9098086,2.0
1742772707.9202776,2.0
1742772707.9307363,2.0
1742772707.941161,2.0
1742772707.951633,2.0
1742772707.9620917,2.0
1742772707.972622,2.0
1742772707.983095,2.0
1742772707.9936907,2.0
1742772708.004163,2.0
1742772708.0146494,2.0
1742772708.0251005,2.0
1742772708.0355616,2.0
1742772708.0460253,2.0
1742772708.0564802,2.0
1742772708.0669403,2.0
1742772708.077387,2.0
1742772708.087931,2.0
1742772708.098369,2.0
1742772708.108827,2.0
1742772708.1192784,2.0
1742772708.1297643,2.0
1742772708.1402102,2.0
1742772708.150658,2.0
1742772708.1611054,2.0
1742772708.1716857,2.0
1742772708.1821296,2.0
1742772708.1928747,2.0
1742772708.203365,2.0
1742772708.2138572,2.0
1742772708.2243109,2.0
1742772708.2347753,2.0
1742772708.2452295,2.0
1742772708.2556822,2.0
1742772708.266139,2.0
1742772708.2766044,2.0
1742772708.2870493,2.0
1742772708.2976549,2.0
1742772708.3080971,2.0
1742772708.3185656,2.0
1742772708.3290207,2.0
1742772708.3414485,1.0
1742772708.3537807,1.0
1742772708.3687992,2.0
1742772708.3792715,2.0
1742772708.390015,2.0
1742772708.4004211,2.0
1742772708.4108984,2.0
1742772708.4213953,2.0
1742772708.4318702,2.0
1742772708.4423676,2.0
1742772708.4528053,2.0
1742772708.4632819,2.0
1742772708.4737377,2.0
1742772708.4841821,2.0
1742772708.494755,2.0
1742772708.505417,2.0
1742772708.5170636,2.0
1742772708.5274768,2.0
1742772708.5379174,2.0
1742772708.5483646,2.0
1742772708.5593994,2.0
1742772708.5698674,2.0
1742772708.5803294,2.0
1742772708.5910475,2.0
1742772708.6018221,2.0
1742772708.6122274,2.0
1742772708.6227007,2.0
1742772708.6331532,2.0
1742772708.6436286,2.0
1742772708.6541455,2.0
1742772708.6646004,2.0
1742772708.6750686,2.0
1742772708.685518,2.0
1742772708.6960578,2.0
1742772708.7065291,2.0
1742772708.7169735,2.0
1742772708.7274687,2.0
1742772708.737918,2.0
1742772708.748364,2.0
1742772708.7588382,2.0
1742772708.7694194,2.0
1742772708.7799113,2.0
1742772708.7903664,2.0
1742772708.801113,2.0
1742772708.8115861,2.0
1742772708.8220742,2.0
1742772708.8325198,2.0
1742772708.842968,2.0
1742772708.8547769,2.0
1742772708.8651288,2.0
1742772708.8756247,2.0
1742772708.8861158,2.0
1742772708.8969243,2.0
1742772708.9074905,2.0
1742772708.918084,2.0
1742772708.9286826,2.0
1742772708.9392903,2.0
1742772708.9497433,2.0
1742772708.9601529,2.0
1742772708.9706385,2.0
1742772708.9810982,2.0
1742772708.9915113,2.0
1742772709.0022538,2.0
1742772709.0127192,2.0
1742772709.0231264,2.0
1742772709.0335605,2.0
1742772709.044032,2.0
1742772709.0544488,2.0
1742772709.0648825,2.0
1742772709.0753024,2.0
1742772709.08579,2.0
1742772709.09628,2.0
1742772709.1068246,2.0
1742772709.1173143,2.0
1742772709.1277428,2.0
1742772709.138211,2.0
1742772709.1486187,2.0
1742772709.1590576,2.0
1742772709.1695676,2.0
1742772709.179976,2.0
1742772709.1904526,2.0
1742772709.2009928,2.0
1742772709.211378,2.0
1742772709.2218199,2.0
1742772709.2322576,2.0
1742772709.2427094,2.0
1742772709.25316,2.0
1742772709.2636068,2.0
1742772709.2740517,2.0
1742772709.2844648,2.0
1742772709.2948778,2.0
1742772709.3053954,2.0
1742772709.315825,2.0
1742772709.326335,2.0
1742772709.3367364,2.0
1742772709.3471792,2.0
1742772709.3576324,2.0
1742772709.3680813,2.0
1742772709.3785734,2.0
1742772709.3890429,2.0
1742772709.3994756,2.0
1742772709.4100466,2.0
1742772709.420485,2.0
1742772709.4308927,2.0
1742772709.441436,2.0
1742772709.4518745,2.0
1742772709.4623215,2.0
1742772709.4727333,2.0
1742772709.4831629,2.0
1742772709.4935582,2.0
1742772709.5042875,2.0
1742772709.5161915,2.0
1742772709.5265853,2.0
1742772709.5369995,2.0
1742772709.5474696,2.0
1742772709.5584016,2.0
1742772709.5689514,2.0
1742772709.5794127,2.0
1742772709.589945,2.0
1742772709.600611,2.0
1742772709.6111593,2.0
1742772709.6215732,2.0
1742772709.6319988,2.0
1742772709.6433678,2.0
1742772709.653924,2.0
1742772709.6643682,2.0
1742772709.674794,2.0
1742772709.685264,2.0
1742772709.6957662,2.0
1742772709.7065134,2.0
1742772709.716904,2.0
1742772709.727367,2.0
1742772709.7378707,2.0
1742772709.7482922,2.0
1742772709.7587252,2.0
1742772709.7692115,2.0
1742772709.7796853,2.0
1742772709.7901227,2.0
1742772709.8005962,2.0
1742772709.8110778,2.0
1742772709.8214855,2.0
1742772709.8319576,2.0
1742772709.842483,2.0
1742772709.8541079,2.0
1742772709.8647761,2.0
1742772709.8751636,2.0
1742772709.8855686,2.0
1742772709.8960433,2.0
1742772709.9064415,2.0
1742772709.9169397,2.0
1742772709.9273362,2.0
1742772709.937729,2.0
1742772709.9480662,2.0
1742772709.958417,2.0
1742772709.9688234,2.0
1742772709.9792361,2.0
1742772709.9898782,2.0
1742772710.0002756,2.0
1742772710.0108523,2.0
1742772710.021207,2.0
1742772710.0315561,2.0
1742772710.0419478,2.0
1742772710.052331,2.0
1742772710.0627081,2.0
1742772710.0731184,2.0
1742772710.0834599,2.0
1742772710.0938761,2.0
1742772710.104222,2.0
1742772710.1147134,2.0
1742772710.125124,2.0
1742772710.1355565,2.0
1742772710.1459062,2.0
1742772710.1562605,2.0
1742772710.1666305,2.0
1742772710.1770973,2.0
1742772710.187506,2.0
1742772710.1979167,2.0
1742772710.2082832,2.0
1742772710.218917,2.0
1742772710.229276,2.0
1742772710.2402265,2.0
1742772710.2505772,2.0
1742772710.2609658,2.0
1742772710.2713861,2.0
1742772710.281755,2.0
1742772710.2920864,2.0
1742772710.3024657,2.0
1742772710.3127928,2.0
1742772710.323357,2.0
1742772710.333746,2.0
1742772710.3441088,2.0
1742772710.354496,2.0
1742772710.3648858,2.0
1742772710.375696,2.0
1742772710.3860483,2.0
1742772710.3964138,2.0
1742772710.406816,2.0
1742772710.4172513,2.0
1742772710.4276597,2.0
1742772710.43804,2.0
1742772710.4483814,2.0
1742772710.4587877,2.0
1742772710.4691157,2.0
1742772710.4795165,2.0
1742772710.489929,2.0
1742772710.500282,2.0
1742772710.512265,2.0
1742772710.5227,2.0
1742772710.5330825,2.0
1742772710.5434246,2.0
1742772710.5546007,2.0
1742772710.5648463,2.0
1742772710.5752454,2.0
1742772710.5857906,2.0
1742772710.596526,2.0
1742772710.6068592,2.0
1742772710.617229,2.0
1742772710.6277251,2.0
1742772710.6381392,2.0
1742772710.648494,2.0
1742772710.6588624,2.0
1742772710.6691911,2.0
1742772710.679594,2.0
1742772710.6899445,2.0
1742772710.7002888,2.0
1742772710.710772,2.0
1742772710.721178,2.0
1742772710.7315907,2.0
1742772710.741955,2.0
1742772710.7523065,2.0
1742772710.7626429,2.0
1742772710.7730987,2.0
1742772710.7834723,2.0
1742772710.793836,2.0
1742772710.8041918,2.0
1742772710.8145742,2.0
1742772710.825064,2.0
1742772710.835393,2.0
1742772710.8457556,2.0
1742772710.8574336,2.0
1742772710.8677263,2.0
1742772710.8781214,2.0
1742772710.8884866,2.0
1742772710.8988802,2.0
1742772710.909267,2.0
1742772710.9196634,2.0
1742772710.930115,2.0
1742772710.9404578,2.0
1742772710.9508684,2.0
1742772710.9612157,2.0
1742772710.9716508,2.0
1742772710.9820716,2.0
1742772710.992391,2.0
1742772711.0028117,2.0
1742772711.0131893,2.0
1742772711.023574,2.0
1742772711.034062,2.0
1742772711.0444157,2.0
1742772711.0548232,2.0
1742772711.0652094,2.0
1742772711.0755954,2.0
1742772711.0860283,2.0
1742772711.0964165,2.0
1742772711.106776,2.0
1742772711.1171257,2.0
1742772711.1276224,2.0
1742772711.1380467,2.0
1742772711.1484182,2.0
1742772711.1588094,2.0
1742772711.1691642,2.0
1742772711.179642,2.0
1742772711.1899877,2.0
1742772711.200351,2.0
1742772711.2107549,2.0
1742772711.221079,2.0
1742772711.2315037,2.0
1742772711.241877,2.0
1742772711.2522533,2.0
1742772711.2632632,2.0
1742772711.273581,2.0
1742772711.283957,2.0
1742772711.294324,2.0
1742772711.3046644,2.0
1742772711.3150012,2.0
1742772711.3253634,2.0
1742772711.3359082,2.0
1742772711.3462539,2.0
1742772711.3566144,2.0
1742772711.367003,2.0
1742772711.3775744,2.0
1742772711.3879728,2.0
1742772711.3985548,2.0
1742772711.408905,2.0
1742772711.4193163,2.0
1742772711.429676,2.0
1742772711.4402192,2.0
1742772711.4506018,2.0
1742772711.4609253,2.0
1742772711.4712574,2.0
1742772711.4816382,2.0
1742772711.4919899,2.0
1742772711.5023465,2.0
1742772711.5145779,2.0
1742772711.5248084,2.0
1742772711.5354974,2.0
1742772711.5458238,2.0
1742772711.5569823,2.0
1742772711.5672948,2.0
1742772711.577755,2.0
1742772711.5881393,2.0
1742772711.6020982,2.0
1742772711.6124253,2.0
1742772711.6227646,2.0
1742772711.633087,2.0
1742772711.6435935,2.0
1742772711.653978,2.0
1742772711.664367,2.0
1742772711.674725,2.0
1742772711.685116,2.0
1742772711.6954763,2.0
1742772711.7058733,2.0
1742772711.7162125,2.0
1742772711.7266316,2.0
1742772711.7371352,2.0
1742772711.7475371,2.0
1742772711.7579415,2.0
1742772711.7682822,2.0
1742772711.7787573,2.0
1742772711.7891152,2.0
1742772711.7994797,2.0
1742772711.809886,2.0
1742772711.820223,2.0
1742772711.8305843,2.0
1742772711.8409948,2.0
1742772711.8526893,2.0
1742772711.8629935,2.0
1742772711.8733733,2.0
1742772711.8837333,2.0
1742772711.894109,2.0
1742772711.904472,2.0
1742772711.914906,2.0
1742772711.9253724,2.0
1742772711.9358866,2.0
1742772711.946459,2.0
1742772711.956885,2.0
1742772711.9673057,2.0
1742772711.9778152,2.0
1742772711.9882102,2.0
1742772711.998688,2.0
1742772712.0091183,2.0
1742772712.019543,2.0
1742772712.030006,2.0
1742772712.040405,2.0
1742772712.0509737,2.0
1742772712.0614557,2.0
1742772712.0719423,2.0
1742772712.0823963,2.0
1742772712.0928032,2.0
1742772712.1032016,2.0
1742772712.1136594,2.0
1742772712.1240537,2.0
1742772712.1344855,2.0
1742772712.1450026,2.0
1742772712.1554406,2.0
1742772712.1659322,2.0
1742772712.1764855,2.0
1742772712.186929,2.0
1742772712.1974032,2.0
1742772712.2078402,2.0
1742772712.21823,2.0
1742772712.228633,2.0
1742772712.2390916,2.0
1742772712.2497702,2.0
1742772712.2602189,2.0
1742772712.270674,2.0
1742772712.2811213,2.0
1742772712.2915576,2.0
1742772712.3020065,2.0
1742772712.3124232,2.0
1742772712.3228838,2.0
1742772712.3333597,2.0
1742772712.3438213,2.0
1742772712.3544574,2.0
1742772712.3649602,2.0
1742772712.3755233,2.0
1742772712.3867133,2.0
1742772712.3971376,2.0
1742772712.4075735,2.0
1742772712.418074,2.0
1742772712.4284744,2.0
1742772712.4389331,2.0
1742772712.4494345,2.0
1742772712.4598892,2.0
1742772712.4703875,2.0
1742772712.480826,2.0
1742772712.4912736,2.0
1742772712.5017471,2.0
1742772712.5141273,2.0
1742772712.5244122,2.0
1742772712.5349302,2.0
1742772712.5454056,2.0
1742772712.556825,2.0
1742772712.56725,2.0
1742772712.5778422,2.0
1742772712.5884588,2.0
1742772712.5990593,2.0
1742772712.6094813,2.0
1742772712.6199956,2.0
1742772712.6304631,2.0
1742772712.6409621,2.0
1742772712.6515582,2.0
1742772712.6620688,2.0
1742772712.6725194,2.0
1742772712.684427,1.0
1742772712.6960747,1.0
1742772712.706409,2.0
1742772712.7168443,2.0
1742772712.7274206,2.0
1742772712.737986,2.0
1742772712.7485025,2.0
1742772712.759083,2.0
1742772712.769661,2.0
1742772712.7801452,2.0
1742772712.7906513,2.0
1742772712.8010762,2.0
1742772712.8115494,2.0
1742772712.8220277,2.0
1742772712.8325255,2.0
1742772712.8430178,2.0
1742772712.855312,2.0
1742772712.8654842,2.0
1742772712.8759882,2.0
1742772712.8864982,2.0
1742772712.8969595,2.0
1742772712.914686,2.0
1742772712.9250348,2.0
1742772712.935477,2.0
1742772712.946067,2.0
1742772712.9566393,2.0
1742772712.9671638,2.0
1742772712.9777482,2.0
1742772712.988223,2.0
1742772712.998827,2.0
1742772713.009365,2.0
1742772713.0198996,2.0
1742772713.0304,2.0
1742772713.0409453,2.0
1742772713.051432,2.0
1742772713.0620463,2.0
1742772713.0725489,2.0
1742772713.0831075,2.0
1742772713.0936542,2.0
1742772713.1041465,2.0
1742772713.114649,2.0
1742772713.125227,2.0
1742772713.1357415,2.0
1742772713.1462176,2.0
1742772713.1567078,2.0
1742772713.16727,2.0
1742772713.177883,2.0
1742772713.1883385,2.0
1742772713.1988814,2.0
1742772713.2093906,2.0
1742772713.219919,2.0
1742772713.230449,2.0
1742772713.2409678,2.0
1742772713.2514658,2.0
1742772713.2620955,2.0
1742772713.272549,2.0
1742772713.2830212,2.0
1742772713.2935457,2.0
1742772713.3040404,2.0
1742772713.3145273,2.0
1742772713.325022,2.0
1742772713.3355043,2.0
1742772713.3460178,2.0
1742772713.356451,2.0
1742772713.367079,2.0
1742772713.3776047,2.0
1742772713.3880646,2.0
1742772713.3985753,2.0
1742772713.4090695,2.0
1742772713.4195175,2.0
1742772713.4300373,2.0
1742772713.4405131,2.0
1742772713.4510205,2.0
1742772713.461751,2.0
1742772713.472212,2.0
1742772713.4826522,2.0
1742772713.493179,2.0
1742772713.5036907,2.0
1742772713.5168757,2.0
1742772713.527251,2.0
1742772713.5377066,2.0
1742772713.5491226,2.0
1742772713.5594249,2.0
1742772713.5699167,2.0
1742772713.5803435,2.0
1742772713.5912497,2.0
1742772713.6015978,2.0
1742772713.6120338,2.0
1742772713.6224368,2.0
1742772713.632899,2.0
1742772713.6433299,2.0
1742772713.6537235,2.0
1742772713.6643872,2.0
1742772713.6747866,2.0
1742772713.6851804,2.0
1742772713.6956153,2.0
1742772713.7060163,2.0
1742772713.7164526,2.0
1742772713.7268643,2.0
1742772713.7372823,2.0
1742772713.747718,2.0
1742772713.7581098,2.0
1742772713.7685847,2.0
1742772713.7790844,2.0
1742772713.789457,2.0
1742772713.79988,2.0
1742772713.810268,2.0
1742772713.820751,2.0
1742772713.8312445,2.0
1742772713.841663,2.0
1742772713.853336,2.0
1742772713.8639462,2.0
1742772713.8745098,2.0
1742772713.8849096,2.0
1742772713.8953965,2.0
1742772713.9057755,2.0
1742772713.916134,2.0
1742772713.9264965,2.0
1742772713.9368584,2.0
1742772713.9472415,2.0
1742772713.9576879,2.0
1742772713.9684014,2.0
1742772713.9789739,2.0
1742772713.9893994,2.0
1742772713.9997966,2.0
1742772714.0101855,2.0
1742772714.0205498,2.0
1742772714.0309932,2.0
1742772714.0414286,2.0
1742772714.0518212,2.0
1742772714.0621884,2.0
1742772714.0727675,2.0
1742772714.0831478,2.0
1742772714.0935717,2.0
1742772714.104021,2.0
1742772714.1144688,2.0
1742772714.1249423,2.0
1742772714.1352947,2.0
1742772714.145691,2.0
1742772714.1560733,2.0
1742772714.166413,2.0
1742772714.176876,2.0
1742772714.1872683,2.0
1742772714.197666,2.0
1742772714.210342,3.0
1742772714.2215378,3.0
1742772714.2327895,3.0
1742772714.2440557,3.0
1742772714.2552943,3.0
1742772714.2665598,3.0
1742772714.2779772,3.0
1742772714.289245,3.0
1742772714.3005064,3.0
1742772714.3117456,3.0
1742772714.3232126,3.0
1742772714.3345065,3.0
1742772714.3457947,3.0
1742772714.3570535,3.0
1742772714.3687701,3.0
1742772714.3802626,3.0
1742772714.3914964,3.0
1742772714.4033525,3.0
1742772714.414607,3.0
1742772714.4258318,3.0
1742772714.4370933,3.0
1742772714.4483316,3.0
1742772714.4595764,3.0
1742772714.4708388,3.0
1742772714.4822214,3.0
1742772714.4934838,3.0
1742772714.5081885,3.0
1742772714.5192316,3.0
1742772714.5304394,3.0
1742772714.5416775,3.0
1742772714.5543482,3.0
1742772714.565562,3.0
1742772714.5767925,3.0
1742772714.5889292,3.0
1742772714.6001647,3.0
1742772714.6113584,3.0
1742772714.6226208,3.0
1742772714.6338418,3.0
1742772714.6450539,3.0
1742772714.6563365,3.0
1742772714.6676006,3.0
1742772714.6788743,3.0
1742772714.6902297,3.0
1742772714.7014475,3.0
1742772714.7126775,3.0
1742772714.7239249,3.0
1742772714.7351642,3.0
1742772714.7464414,3.0
1742772714.757657,3.0
1742772714.7688563,3.0
1742772714.7802398,3.0
1742772714.7916849,3.0
1742772714.8029115,3.0
1742772714.8141189,3.0
1742772714.825332,3.0
1742772714.836587,3.0
1742772714.8478332,3.0
1742772714.860422,3.0
1742772714.8716128,3.0
1742772714.882854,3.0
1742772714.8943808,3.0
1742772714.9056,3.0
1742772714.9168582,3.0
1742772714.928172,3.0
1742772714.9394279,3.0
1742772714.950668,3.0
1742772714.961912,3.0
1742772714.9731278,3.0
1742772714.9846857,3.0
1742772714.9959145,3.0
1742772715.0071585,3.0
1742772715.018444,3.0
1742772715.029702,3.0
1742772715.0409563,3.0
1742772715.0522249,3.0
1742772715.0634613,3.0
1742772715.0747316,3.0
1742772715.0862107,3.0
1742772715.09742,3.0
1742772715.1086695,3.0
1742772715.119929,3.0
1742772715.131164,3.0
1742772715.1424346,3.0
1742772715.153697,3.0
1742772715.1649284,3.0
1742772715.1762516,3.0
1742772715.1877973,3.0
1742772715.199091,3.0
1742772715.2103083,3.0
1742772715.2215502,3.0
1742772715.232824,3.0
1742772715.2441044,3.0
1742772715.255368,3.0
1742772715.2666454,3.0
1742772715.277893,3.0
1742772715.2893407,3.0
1742772715.3005745,3.0
1742772715.3120375,3.0
1742772715.3232787,3.0
1742772715.3345106,3.0
1742772715.3457863,3.0
1742772715.357017,3.0
1742772715.3689113,3.0
1742772715.3795722,1.0
1742772715.3909986,3.0
1742772715.402292,3.0
1742772715.4136906,3.0
1742772715.425021,3.0
1742772715.4363604,3.0
1742772715.4476633,3.0
1742772715.459,3.0
1742772715.4702497,3.0
1742772715.4815757,3.0
1742772715.493049,3.0
1742772715.5077536,3.0
1742772715.518878,3.0
1742772715.5301216,3.0
1742772715.541396,3.0
1742772715.554148,3.0
1742772715.565415,3.0
1742772715.5767283,3.0
1742772715.588785,3.0
1742772715.6003318,3.0
1742772715.6117783,3.0
1742772715.623135,3.0
1742772715.634463,3.0
1742772715.6457872,3.0
1742772715.6570954,3.0
1742772715.6684558,3.0
1742772715.6798546,3.0
1742772715.6912937,3.0
1742772715.7028253,3.0
1742772715.7143729,3.0
1742772715.7257862,3.0
1742772715.7371616,3.0
1742772715.7485707,3.0
1742772715.760009,3.0
1742772715.771344,3.0
1742772715.7828841,3.0
1742772715.7941945,3.0
1742772715.8058093,3.0
1742772715.817075,3.0
1742772715.8284607,3.0
1742772715.8398116,3.0
1742772715.8524246,3.0
1742772715.8637228,3.0
1742772715.8751736,3.0
1742772715.886517,3.0
1742772715.8981454,3.0
1742772715.9094117,3.0
1742772715.9207356,3.0
1742772715.9322064,3.0
1742772715.9435687,3.0
1742772715.9549277,3.0
1742772715.9663,3.0
1742772715.9776394,3.0
1742772715.9890764,3.0
1742772716.0005798,3.0
1742772716.0119345,3.0
1742772716.0233297,3.0
1742772716.0346754,3.0
1742772716.0460184,3.0
1742772716.0573633,3.0
1742772716.068754,3.0
1742772716.0800965,3.0
1742772716.0914755,3.0
1742772716.1029577,3.0
1742772716.1142693,3.0
1742772716.1256216,3.0
1742772716.136934,3.0
1742772716.1482828,3.0
1742772716.1596131,3.0
1742772716.1709552,3.0
1742772716.1823468,3.0
1742772716.1936944,3.0
1742772716.2051497,3.0
1742772716.216493,3.0
1742772716.227837,3.0
1742772716.2392735,3.0
1742772716.250596,3.0
1742772716.2619498,3.0
1742772716.2733216,3.0
1742772716.2846966,3.0
1742772716.2960527,3.0
1742772716.3077018,3.0
1742772716.3189929,3.0
1742772716.3303459,3.0
1742772716.34168,3.0
1742772716.3530543,3.0
1742772716.3644025,3.0
1742772716.3757148,3.0
1742772716.3877792,3.0
1742772716.399152,3.0
1742772716.4105916,3.0
1742772716.4226782,3.0
1742772716.4339902,3.0
1742772716.445317,3.0
1742772716.4566693,3.0
1742772716.4680538,3.0
1742772716.4794512,3.0
1742772716.4908006,3.0
1742772716.502146,3.0
1742772716.5129137,2.0
1742772716.524159,3.0
1742772716.535483,3.0
1742772716.5483022,3.0
1742772716.5593696,3.0
1742772716.5706086,3.0
1742772716.5819466,3.0
1742772716.5936644,3.0
1742772716.6048963,3.0
1742772716.6155472,2.0
1742772716.6277945,3.0
1742772716.6390703,3.0
1742772716.6502843,3.0
1742772716.661552,3.0
1742772716.6727996,3.0
1742772716.6840913,3.0
1742772716.695349,3.0
1742772716.7066085,3.0
1742772716.7179897,3.0
1742772716.7292364,3.0
1742772716.740486,3.0
1742772716.7517548,3.0
1742772716.7630227,3.0
1742772716.7742825,3.0
1742772716.785678,3.0
1742772716.7969213,3.0
1742772716.8081994,3.0
1742772716.8194683,3.0
1742772716.8307796,3.0
1742772716.8420317,3.0
1742772716.854563,3.0
1742772716.8660834,3.0
1742772716.8772871,3.0
1742772716.8885567,3.0
1742772716.8998652,3.0
1742772716.9111695,3.0
1742772716.9224153,3.0
1742772716.9336734,3.0
1742772716.9449203,3.0
1742772716.956184,3.0
1742772716.967443,3.0
1742772716.9786909,3.0
1742772716.9900181,3.0
1742772717.0012457,3.0
1742772717.012534,3.0
1742772717.023828,3.0
1742772717.0350864,3.0
1742772717.0463192,3.0
1742772717.0575817,3.0
1742772717.072664,2.0
1742772717.0843117,1.0
1742772717.095307,3.0
1742772717.106539,3.0
1742772717.1179779,3.0
1742772717.129268,3.0
1742772717.1405466,3.0
1742772717.1526103,3.0
1742772717.1638656,3.0
1742772717.1751075,3.0
1742772717.1864865,3.0
1742772717.1976838,3.0
1742772717.2089024,3.0
1742772717.220247,3.0
1742772717.23145,3.0
1742772717.242699,3.0
1742772717.253914,3.0
1742772717.2651403,3.0
1742772717.276359,3.0
1742772717.2875803,3.0
1742772717.2988105,3.0
1742772717.3100262,3.0
1742772717.3214011,3.0
1742772717.3326092,3.0
1742772717.3438547,3.0
1742772717.3551302,3.0
1742772717.3663592,3.0
1742772717.377569,3.0
1742772717.388925,3.0
1742772717.4001358,3.0
1742772717.4113986,3.0
1742772717.4227808,3.0
1742772717.4340012,3.0
1742772717.445233,3.0
1742772717.456453,3.0
1742772717.467696,3.0
1742772717.4789555,3.0
1742772717.4901767,3.0
1742772717.501392,3.0
1742772717.5122852,2.0
1742772717.5236387,3.0
1742772717.534846,3.0
1742772717.5476139,3.0
1742772717.5586908,3.0
1742772717.5699668,3.0
1742772717.581182,3.0
1742772717.5929542,3.0
1742772717.6041815,3.0
1742772717.6154435,3.0
1742772717.6268082,3.0
1742772717.638034,3.0
1742772717.6492653,3.0
1742772717.6604953,3.0
1742772717.6717565,3.0
1742772717.683013,3.0
1742772717.6942282,3.0
1742772717.705472,3.0
1742772717.716716,3.0
1742772717.7280662,3.0
1742772717.7392712,3.0
1742772717.7505133,3.0
1742772717.7617888,3.0
1742772717.7730064,3.0
1742772717.7843447,3.0
1742772717.795623,3.0
1742772717.8068812,3.0
1742772717.8181224,3.0
1742772717.8294985,3.0
1742772717.8407474,3.0
1742772717.8533068,3.0
1742772717.8645291,3.0
1742772717.8757849,3.0
1742772717.8870423,3.0
1742772717.8983843,3.0
1742772717.9096224,3.0
1742772717.9208531,3.0
1742772717.9322462,3.0
1742772717.9434745,3.0
1742772717.9547465,3.0
1742772717.9659743,3.0
1742772717.977206,3.0
1742772717.9885938,3.0
1742772717.9998596,3.0
1742772718.0111048,3.0
1742772718.02237,3.0
1742772718.0395536,2.0
1742772718.0507889,3.0
1742772718.0621796,3.0
1742772718.0735016,3.0
1742772718.0847857,3.0
1742772718.0961072,3.0
1742772718.1073537,3.0
1742772718.1186283,3.0
1742772718.1298769,3.0
1742772718.1411602,3.0
1742772718.1524017,3.0
1742772718.1636443,3.0
1742772718.1749456,3.0
1742772718.1862323,3.0
1742772718.197506,3.0
1742772718.2086961,3.0
1742772718.2199643,3.0
1742772718.2312148,3.0
1742772718.2424698,3.0
1742772718.2537096,3.0
1742772718.2649446,3.0
1742772718.276183,3.0
1742772718.2874184,3.0
1742772718.2986765,3.0
1742772718.3098955,3.0
1742772718.3211436,3.0
1742772718.3323827,3.0
1742772718.3436348,3.0
1742772718.3548982,3.0
1742772718.3661244,3.0
1742772718.377477,3.0
1742772718.3887925,3.0
1742772718.4000053,3.0
1742772718.411233,3.0
1742772718.4224536,3.0
1742772718.43449,3.0
1742772718.4456587,3.0
1742772718.456839,3.0
1742772718.4680882,3.0
1742772718.4793236,3.0
1742772718.4905097,3.0
1742772718.5017748,3.0
1742772718.512441,2.0
1742772718.5236325,3.0
1742772718.5348833,3.0
1742772718.5477548,3.0
1742772718.5588214,3.0
1742772718.570046,3.0
1742772718.5812345,3.0
1742772718.59303,3.0
1742772718.604252,3.0
1742772718.6154706,3.0
1742772718.626818,3.0
1742772718.638064,3.0
1742772718.6493149,3.0
1742772718.6605392,3.0
1742772718.671765,3.0
1742772718.683049,3.0
1742772718.6943023,3.0
1742772718.7054932,3.0
1742772718.7167099,3.0
1742772718.7279196,3.0
1742772718.7391589,3.0
1742772718.7503765,3.0
1742772718.7632952,3.0
1742772718.7744834,3.0
1742772718.7856934,3.0
1742772718.7968671,3.0
1742772718.808098,3.0
1742772718.8193293,3.0
1742772718.8305678,3.0
1742772718.8417308,3.0
1742772718.8542566,3.0
1742772718.8655014,3.0
1742772718.8767204,3.0
1742772718.8879373,3.0
1742772718.8991308,3.0
1742772718.9103274,3.0
1742772718.921546,3.0
1742772718.9327595,3.0
1742772718.943949,3.0
1742772718.9551983,3.0
1742772718.966413,3.0
1742772718.9776735,3.0
1742772718.9890423,3.0
1742772719.000289,3.0
1742772719.011639,3.0
1742772719.0228865,3.0
1742772719.0340867,3.0
1742772719.0453205,3.0
1742772719.0565612,3.0
1742772719.06777,3.0
1742772719.078976,3.0
1742772719.0901763,3.0
1742772719.1013772,3.0
1742772719.112592,3.0
1742772719.1237967,3.0
1742772719.1350038,3.0
1742772719.1462166,3.0
1742772719.1574526,3.0
1742772719.1686833,3.0
1742772719.1798894,3.0
1742772719.1911733,3.0
1742772719.2023792,3.0
1742772719.2135932,3.0
1742772719.2247741,3.0
1742772719.2359927,3.0
1742772719.2472014,3.0
1742772719.2584887,3.0
1742772719.269739,3.0
1742772719.2809358,3.0
1742772719.2921214,3.0
1742772719.303328,3.0
1742772719.314501,3.0
1742772719.3257208,3.0
1742772719.336893,3.0
1742772719.3480735,3.0
1742772719.3593776,3.0
1742772719.3706362,3.0
1742772719.381807,3.0
1742772719.3931544,3.0
1742772719.4043458,3.0
1742772719.4155624,3.0
1742772719.4267726,3.0
1742772719.4379628,3.0
1742772719.4491487,3.0
1742772719.4610276,3.0
1742772719.4722154,3.0
1742772719.4834306,3.0
1742772719.4946349,3.0
1742772719.509489,3.0
1742772719.5204504,3.0
1742772719.5316308,3.0
1742772719.54287,3.0
1742772719.5557916,3.0
1742772719.5670674,3.0
1742772719.5782964,3.0
1742772719.5902357,3.0
1742772719.601422,3.0
1742772719.6126568,3.0
1742772719.6239219,3.0
1742772719.635201,3.0
1742772719.6464477,3.0
1742772719.6577892,3.0
1742772719.6689913,3.0
1742772719.6803017,3.0
1742772719.6915696,3.0
1742772719.7028048,3.0
1742772719.7140574,3.0
1742772719.7252638,3.0
1742772719.7365239,3.0
1742772719.7477777,3.0
1742772719.7591844,3.0
1742772719.7703693,3.0
1742772719.7816339,3.0
1742772719.7932112,3.0
1742772719.8044372,3.0
1742772719.8156893,3.0
1742772719.826962,3.0
1742772719.838187,3.0
1742772719.8494115,3.0
1742772719.862352,3.0
1742772719.8736055,3.0
1742772719.8848212,3.0
1742772719.896121,3.0
1742772719.9073586,3.0
1742772719.918625,3.0
1742772719.9298782,3.0
1742772719.9410856,3.0
1742772719.9523087,3.0
1742772719.9637518,3.0
1742772719.9750268,3.0
1742772719.9862661,3.0
1742772719.9975884,3.0
1742772720.0088449,3.0
1742772720.0200624,3.0
1742772720.031422,3.0
1742772720.0426524,3.0
1742772720.053908,3.0
1742772720.0653176,3.0
1742772720.0765584,3.0
1742772720.087809,3.0
1742772720.099091,3.0
1742772720.1103368,3.0
1742772720.1216033,3.0
1742772720.132867,3.0
1742772720.1441307,3.0
1742772720.1553934,3.0
1742772720.1668234,3.0
1742772720.1780488,3.0
1742772720.1893234,3.0
1742772720.200608,3.0
1742772720.211867,3.0
1742772720.2231457,3.0
1742772720.234507,3.0
1742772720.245828,3.0
1742772720.2571776,3.0
1742772720.2686746,3.0
1742772720.2800179,3.0
1742772720.2914414,3.0
1742772720.3027723,3.0
1742772720.3141537,3.0
1742772720.325498,3.0
1742772720.3368654,3.0
1742772720.3481572,3.0
1742772720.3594563,3.0
1742772720.3712924,3.0
1742772720.382592,3.0
1742772720.3940246,3.0
1742772720.4052768,3.0
1742772720.4165618,3.0
1742772720.4278114,3.0
1742772720.4391232,3.0
1742772720.451003,3.0
1742772720.4627914,3.0
1742772720.4742339,3.0
1742772720.4862847,3.0
1742772720.4976223,3.0
1742772720.5088005,2.0
1742772720.5197911,3.0
1742772720.5310888,3.0
1742772720.542415,3.0
1742772720.5552042,3.0
1742772720.5664635,3.0
1742772720.5777464,3.0
1742772720.5898342,3.0
1742772720.601065,3.0
1742772720.6123934,3.0
1742772720.6237328,3.0
1742772720.6350336,3.0
1742772720.6463053,3.0
1742772720.6575577,3.0
1742772720.6689122,3.0
1742772720.6802204,3.0
1742772720.691571,3.0
1742772720.7028813,3.0
1742772720.714415,3.0
1742772720.7257383,3.0
1742772720.7370946,3.0
1742772720.7483518,3.0
1742772720.7596736,3.0
1742772720.7711492,3.0
1742772720.782451,3.0
1742772720.793911,3.0
1742772720.8051686,3.0
1742772720.8164518,3.0
1742772720.8278062,3.0
1742772720.8391533,3.0
1742772720.8504589,3.0
1742772720.8631797,3.0
1742772720.8745782,3.0
1742772720.8858697,3.0
1742772720.8972192,3.0
1742772720.9085357,3.0
1742772720.919841,3.0
1742772720.9311526,3.0
1742772720.9424956,3.0
1742772720.9538114,3.0
1742772720.9650824,3.0
1742772720.9765015,3.0
1742772720.987783,3.0
1742772720.9991245,3.0
1742772721.010421,3.0
1742772721.0217135,3.0
1742772721.0330133,3.0
1742772721.0443218,3.0
1742772721.0556412,3.0
1742772721.066927,3.0
1742772721.078485,3.0
1742772721.0897791,3.0
1742772721.1010642,3.0
1742772721.1123443,3.0
1742772721.1236544,3.0
1742772721.134975,3.0
1742772721.146285,3.0
1742772721.1575987,3.0
1742772721.1689224,3.0
1742772721.1803496,3.0
1742772721.1916783,3.0
1742772721.2030323,3.0
1742772721.2143083,3.0
1742772721.225579,3.0
1742772721.2369075,3.0
1742772721.248239,3.0
1742772721.2595499,3.0
1742772721.2708545,3.0
1742772721.2822895,3.0
1742772721.2935615,3.0
1742772721.3048859,3.0
1742772721.3161905,3.0
1742772721.3275232,3.0
1742772721.338844,3.0
1742772721.3501682,3.0
1742772721.3614852,3.0
1742772721.3728344,3.0
1742772721.384278,3.0
1742772721.3956716,3.0
1742772721.4070327,3.0
1742772721.4183204,3.0
1742772721.4296277,3.0
1742772721.4408896,3.0
1742772721.4522493,3.0
1742772721.463543,3.0
1742772721.4748232,3.0
1742772721.4862466,3.0
1742772721.4975364,3.0
1742772721.5087504,2.0
1742772721.5197668,3.0
1742772721.5310822,3.0
1742772721.5423357,3.0
1742772721.5551555,3.0
1742772721.5664306,3.0
1742772721.5776913,3.0
1742772721.5897236,3.0
1742772721.6010413,3.0
1742772721.6122952,3.0
1742772721.6236205,3.0
1742772721.6348956,3.0
1742772721.646164,3.0
1742772721.6574385,3.0
1742772721.668726,3.0
1742772721.6800187,3.0
1742772721.6931555,3.0
1742772721.7051609,3.0
1742772721.7164695,3.0
1742772721.7277474,3.0
1742772721.7390726,3.0
1742772721.7503474,3.0
1742772721.7615993,3.0
1742772721.772887,3.0
1742772721.7842422,3.0
1742772721.7955596,3.0
1742772721.8068564,3.0
1742772721.8181055,3.0
1742772721.8293934,3.0
1742772721.8403075,2.0
1742772721.8508062,2.0
1742772721.8622696,2.0
1742772721.8727117,2.0
1742772721.8832226,2.0
1742772721.893967,2.0
1742772721.9044402,2.0
1742772721.9149234,2.0
1742772721.9254155,2.0
1742772721.9359045,2.0
1742772721.946334,2.0
1742772721.9567063,2.0
1742772721.967096,2.0
1742772721.9774604,2.0
1742772721.9878573,2.0
1742772721.9983823,2.0
1742772722.008717,2.0
1742772722.0190873,2.0
1742772722.0294583,2.0
1742772722.0398574,2.0
1742772722.0502486,2.0
1742772722.060632,2.0
1742772722.0710132,2.0
1742772722.0813992,2.0
1742772722.0919771,2.0
1742772722.1023602,2.0
1742772722.1127596,2.0
1742772722.1231308,2.0
1742772722.1335256,2.0
1742772722.143906,2.0
1742772722.1544545,2.0
1742772722.1650069,2.0
1742772722.1754742,2.0
1742772722.1859362,2.0
1742772722.196501,2.0
1742772722.2069483,2.0
1742772722.2173908,2.0
1742772722.227874,2.0
1742772722.2383444,2.0
1742772722.2487938,2.0
1742772722.259263,2.0
1742772722.2697504,2.0
1742772722.2801902,2.0
1742772722.2906804,2.0
1742772722.3012052,2.0
1742772722.3116667,2.0
1742772722.3221412,2.0
1742772722.3325942,2.0
1742772722.3430655,2.0
1742772722.3535116,2.0
1742772722.3639736,2.0
1742772722.3745327,2.0
1742772722.384988,2.0
1742772722.3957026,2.0
1742772722.4061742,2.0
1742772722.4166138,2.0
1742772722.4272013,2.0
1742772722.4376483,2.0
1742772722.448057,2.0
1742772722.4585392,2.0
1742772722.4693377,2.0
1742772722.4798126,2.0
1742772722.490281,2.0
1742772722.5007908,2.0
1742772722.5127368,2.0
1742772722.5233805,2.0
1742772722.5338671,2.0
1742772722.544426,2.0
1742772722.5555441,2.0
1742772722.5661743,2.0
1742772722.5766902,2.0
1742772722.587511,2.0
1742772722.5983064,2.0
1742772722.608732,2.0
1742772722.6193585,2.0
1742772722.6300142,2.0
1742772722.6405857,2.0
1742772722.6512108,2.0
1742772722.6618288,2.0
1742772722.6723852,2.0
1742772722.6829686,2.0
1742772722.6935663,2.0
1742772722.7043743,2.0
1742772722.714952,2.0
1742772722.725527,2.0
1742772722.7361257,2.0
1742772722.7467108,2.0
1742772722.757305,2.0
1742772722.7678745,2.0
1742772722.7784781,2.0
1742772722.7890697,2.0
1742772722.7999005,2.0
1742772722.8105054,2.0
1742772722.821131,2.0
1742772722.8317795,2.0
1742772722.8424037,2.0
1742772722.854476,2.0
1742772722.8649938,2.0
1742772722.8756318,2.0
1742772722.8862743,2.0
1742772722.8969061,2.0
1742772722.9069524,1.0
1742772722.9197648,2.0
1742772722.93041,2.0
1742772722.9410186,2.0
1742772722.9517062,2.0
1742772722.9623368,2.0
1742772722.972974,2.0
1742772722.9836211,2.0
1742772722.9942486,2.0
1742772723.0049107,2.0
1742772723.0155318,2.0
1742772723.0261805,2.0
1742772723.0367997,2.0
1742772723.0474222,2.0
1742772723.058055,2.0
1742772723.0686758,2.0
1742772723.0793319,2.0
1742772723.0899618,2.0
1742772723.1005743,2.0
1742772723.1112454,2.0
1742772723.1218827,2.0
1742772723.1324778,2.0
1742772723.1430936,2.0
1742772723.153683,2.0
1742772723.164302,2.0
1742772723.1748827,2.0
1742772723.185562,2.0
1742772723.196125,2.0
1742772723.206813,2.0
1742772723.2173553,2.0
1742772723.2279432,2.0
1742772723.23855,2.0
1742772723.2491345,2.0
1742772723.2597318,2.0
1742772723.2702944,2.0
1742772723.28083,2.0
1742772723.2914033,2.0
1742772723.301975,2.0
1742772723.312732,2.0
1742772723.3232791,2.0
1742772723.333859,2.0
1742772723.3443909,2.0
1742772723.354987,2.0
1742772723.365538,2.0
1742772723.3761106,2.0
1742772723.3866751,2.0
1742772723.397213,2.0
1742772723.4080753,2.0
1742772723.4186416,2.0
1742772723.429172,2.0
1742772723.4397383,2.0
1742772723.4503217,2.0
1742772723.4608655,2.0
1742772723.4714415,2.0
1742772723.4820137,2.0
1742772723.4925487,2.0
1742772723.5031242,2.0
1742772723.5157773,2.0
1742772723.5261815,2.0
1742772723.53672,2.0
1742772723.5473201,2.0
1742772723.5587978,2.0
1742772723.569366,2.0
1742772723.5799446,2.0
1742772723.5905797,2.0
1742772723.6018684,2.0
1742772723.6124275,2.0
1742772723.62314,2.0
1742772723.63377,2.0
1742772723.6443334,2.0
1742772723.654924,2.0
1742772723.6655116,2.0
1742772723.6761165,2.0
1742772723.6866972,2.0
1742772723.6973135,2.0
1742772723.7078853,2.0
1742772723.7185364,2.0
1742772723.729116,2.0
1742772723.7397306,2.0
1742772723.750319,2.0
1742772723.7609038,2.0
1742772723.7714822,2.0
1742772723.7821143,2.0
1742772723.7926664,2.0
1742772723.8032873,2.0
1742772723.81396,2.0
1742772723.8244884,2.0
1742772723.8350587,2.0
1742772723.8456573,2.0
1742772723.865867,1.0
1742772723.876312,2.0
1742772723.8869755,2.0
1742772723.8976266,2.0
1742772723.9082599,2.0
1742772723.9192226,2.0
1742772723.9298642,2.0
1742772723.940523,2.0
1742772723.951152,2.0
1742772723.9618397,2.0
1742772723.9724777,2.0
1742772723.9831285,2.0
1742772723.9937813,2.0
1742772724.0044343,2.0
1742772724.0152743,2.0
1742772724.0259268,2.0
1742772724.0365624,2.0
1742772724.0472174,2.0
1742772724.0578945,2.0
1742772724.0685408,2.0
1742772724.0792344,2.0
1742772724.0898988,2.0
1742772724.100527,2.0
1742772724.1111903,2.0
1742772724.122009,2.0
1742772724.132636,2.0
1742772724.1432683,2.0
1742772724.153912,2.0
1742772724.1645436,2.0
1742772724.1752424,2.0
1742772724.185879,2.0
1742772724.1964297,2.0
1742772724.2069829,2.0
1742772724.217753,2.0
1742772724.2282875,2.0
1742772724.2388625,2.0
1742772724.2494285,2.0
1742772724.2600005,2.0
1742772724.2705708,2.0
1742772724.2811246,2.0
1742772724.2917042,2.0
1742772724.3023381,2.0
1742772724.3128777,2.0
1742772724.3236446,2.0
1742772724.3342144,2.0
1742772724.3447518,2.0
1742772724.355313,2.0
1742772724.3658843,2.0
1742772724.3766124,2.0
1742772724.387153,2.0
1742772724.3977344,2.0
1742772724.4082801,2.0
1742772724.419144,2.0
1742772724.4297018,2.0
1742772724.4402337,2.0
1742772724.4508204,2.0
1742772724.4613988,2.0
1742772724.4719756,2.0
1742772724.4827468,2.0
1742772724.4933088,2.0
1742772724.5038998,2.0
1742772724.5180461,2.0
1742772724.5286615,2.0
1742772724.5392668,2.0
1742772724.5514846,2.0
1742772724.561885,2.0
1742772724.5724545,2.0
1742772724.583036,2.0
1742772724.5942595,2.0
1742772724.604814,2.0
1742772724.6153953,2.0
1742772724.6260889,2.0
1742772724.6366382,2.0
1742772724.6472042,2.0
1742772724.6577632,2.0
1742772724.6683066,2.0
1742772724.6788754,2.0
1742772724.6894429,2.0
1742772724.7000098,2.0
1742772724.710566,2.0
1742772724.7211182,2.0
1742772724.7317972,2.0
1742772724.742431,2.0
1742772724.7529705,2.0
1742772724.7635355,2.0
1742772724.77414,2.0
1742772724.784697,2.0
1742772724.7952585,2.0
1742772724.8058014,2.0
1742772724.8163366,2.0
1742772724.8270154,2.0
1742772724.837603,2.0
1742772724.848162,2.0
1742772724.859918,2.0
1742772724.8704584,2.0
1742772724.8810294,2.0
1742772724.8916914,2.0
1742772724.902275,2.0
1742772724.9128048,2.0
1742772724.9233744,2.0
1742772724.9340396,2.0
1742772724.9445937,2.0
1742772724.955162,2.0
1742772724.96576,2.0
1742772724.9762993,2.0
1742772724.986866,2.0
1742772724.997436,2.0
1742772725.008005,2.0
1742772725.0185795,2.0
1742772725.0293036,2.0
1742772725.0398402,2.0
1742772725.050413,2.0
1742772725.0609622,2.0
1742772725.0715501,2.0
1742772725.0821514,2.0
1742772725.0926888,2.0
1742772725.1032422,2.0
1742772725.1138296,2.0
1742772725.124366,2.0
1742772725.1351771,2.0
1742772725.1457503,2.0
1742772725.1562874,2.0
1742772725.1668742,2.0
1742772725.1774325,2.0
1742772725.1879947,2.0
1742772725.1986086,2.0
1742772725.209154,2.0
1742772725.219718,2.0
1742772725.2305586,2.0
1742772725.2410722,2.0
1742772725.2516384,2.0
1742772725.2622647,2.0
1742772725.272813,2.0
1742772725.2833738,2.0
1742772725.2939265,2.0
1742772725.3044903,2.0
1742772725.3150403,2.0
1742772725.3256488,2.0
1742772725.3364444,2.0
1742772725.3470078,2.0
1742772725.3575618,2.0
1742772725.368116,2.0
1742772725.3786938,2.0
1742772725.3892572,2.0
1742772725.3998215,2.0
1742772725.410399,2.0
1742772725.4209516,2.0
1742772725.4318194,2.0
1742772725.442354,2.0
1742772725.4529254,2.0
1742772725.463489,2.0
1742772725.4740393,2.0
1742772725.4846182,2.0
1742772725.4952028,2.0
1742772725.509249,2.0
1742772725.5196683,2.0
1742772725.5302668,2.0
1742772725.5408576,2.0
1742772725.5529978,2.0
1742772725.5635428,2.0
1742772725.5740829,2.0
1742772725.5854988,2.0
1742772725.595923,2.0
1742772725.6069636,2.0
1742772725.6176062,2.0
1742772725.6282825,2.0
1742772725.6390722,2.0
1742772725.6497555,2.0
1742772725.660414,2.0
1742772725.6710792,2.0
1742772725.6817653,2.0
1742772725.692423,2.0
1742772725.7030811,2.0
1742772725.7138565,2.0
1742772725.7244575,2.0
1742772725.735303,2.0
1742772725.7459443,2.0
1742772725.756597,2.0
1742772725.7672515,2.0
1742772725.777917,2.0
1742772725.7885756,2.0
1742772725.7992427,2.0
1742772725.8099277,2.0
1742772725.820574,2.0
1742772725.8312676,2.0
1742772725.8419437,2.0
1742772725.853875,2.0
1742772725.8645406,2.0
1742772725.8753316,2.0
1742772725.8860455,2.0
1742772725.8967519,2.0
1742772725.9075766,2.0
1742772725.9183314,2.0
1742772725.9290514,2.0
1742772725.9398699,2.0
1742772725.9505725,2.0
1742772725.9612772,2.0
1742772725.9720242,2.0
1742772725.9827952,2.0
1742772725.9935708,2.0
1742772726.004291,2.0
1742772726.0149844,2.0
1742772726.0257046,2.0
1742772726.0363662,2.0
1742772726.0470505,2.0
1742772726.057743,2.0
1742772726.068413,2.0
1742772726.0790899,2.0
1742772726.0897813,2.0
1742772726.1004488,2.0
1742772726.1111493,2.0
1742772726.1218462,2.0
1742772726.132507,2.0
1742772726.143274,2.0
1742772726.1538458,2.0
1742772726.164416,2.0
1742772726.174976,2.0
1742772726.1855412,2.0
1742772726.1961079,2.0
1742772726.2066932,2.0
1742772726.217249,2.0
1742772726.227822,2.0
1742772726.2384074,2.0
1742772726.2489529,2.0
1742772726.2595348,2.0
1742772726.270095,2.0
1742772726.2806404,2.0
1742772726.2912242,2.0
1742772726.3017864,2.0
1742772726.3123434,2.0
1742772726.3229015,2.0
1742772726.3334491,2.0
1742772726.3441494,2.0
1742772726.3547077,2.0
1742772726.3652594,2.0
1742772726.3758142,2.0
1742772726.3863766,2.0
1742772726.3969336,2.0
1742772726.4075828,2.0
1742772726.4181585,2.0
1742772726.4286995,2.0
1742772726.4392583,2.0
1742772726.4498248,2.0
1742772726.460358,2.0
1742772726.4709249,2.0
1742772726.4816465,2.0
1742772726.4923031,2.0
1742772726.5030344,2.0
1742772726.516657,2.0
1742772726.527302,2.0
1742772726.5380127,2.0
1742772726.5502791,2.0
1742772726.5607326,2.0
1742772726.5714273,2.0
1742772726.5821483,2.0
1742772726.5934627,2.0
1742772726.6041021,2.0
1742772726.6148243,2.0
1742772726.6259403,2.0
1742772726.6366067,2.0
1742772726.6474526,2.0
1742772726.6580997,2.0
1742772726.6687303,2.0
1742772726.6793637,2.0
1742772726.6900117,2.0
1742772726.700645,2.0
1742772726.7113636,2.0
1742772726.7221289,2.0
1742772726.732842,2.0
1742772726.7435808,2.0
1742772726.756491,2.0
1742772726.767558,2.0
1742772726.7782667,2.0
1742772726.78897,2.0
1742772726.7996714,2.0
1742772726.810426,2.0
1742772726.8210986,2.0
1742772726.8318405,2.0
1742772726.842537,2.0
1742772726.8544958,2.0
1742772726.865602,2.0
1742772726.876346,2.0
1742772726.887049,2.0
1742772726.8977666,2.0
1742772726.908456,2.0
1742772726.9191794,2.0
1742772726.9299345,2.0
1742772726.940681,2.0
1742772726.9517279,2.0
1742772726.9624743,2.0
1742772726.9732544,2.0
1742772726.9840384,2.0
1742772726.9948,2.0
1742772727.0055366,2.0
1742772727.0162396,2.0
1742772727.0270257,2.0
1742772727.0377715,2.0
1742772727.0484643,2.0
1742772727.059164,2.0
1742772727.069958,2.0
1742772727.0806222,2.0
1742772727.091366,2.0
1742772727.1020882,2.0
1742772727.1127832,2.0
1742772727.123526,2.0
1742772727.1342456,2.0
1742772727.144946,2.0
1742772727.1557696,2.0
1742772727.166471,2.0
1742772727.1771712,2.0
1742772727.1878924,2.0
1742772727.1985333,2.0
1742772727.2091553,2.0
1742772727.2197936,2.0
1742772727.230348,2.0
1742772727.2409317,2.0
1742772727.2514951,2.0
1742772727.2621038,2.0
1742772727.2726293,2.0
1742772727.2832198,2.0
1742772727.2938168,2.0
1742772727.3043869,2.0
1742772727.3150268,2.0
1742772727.3256474,2.0
1742772727.3361871,2.0
1742772727.346801,2.0
1742772727.3575487,2.0
1742772727.3681316,2.0
1742772727.3786802,2.0
1742772727.3892615,2.0
1742772727.3998523,2.0
1742772727.4105034,2.0
1742772727.421075,2.0
1742772727.4316936,2.0
1742772727.4422905,2.0
1742772727.452858,2.0
1742772727.463506,2.0
1742772727.4740791,2.0
1742772727.4846423,2.0
1742772727.4952416,2.0
1742772727.5062106,2.0
1742772727.5181053,2.0
1742772727.5286589,2.0
1742772727.5392127,2.0
1742772727.549828,2.0
1742772727.5609853,2.0
1742772727.5715518,2.0
1742772727.582195,2.0
1742772727.5929854,2.0
1742772727.6039884,2.0
1742772727.6145613,2.0
1742772727.6252012,2.0
1742772727.6358864,2.0
1742772727.6465428,2.0
1742772727.6571581,2.0
1742772727.6678014,2.0
1742772727.6784205,2.0
1742772727.6890874,2.0
1742772727.6997592,2.0
1742772727.7104142,2.0
1742772727.7210474,2.0
1742772727.7317019,2.0
1742772727.7423875,2.0
1742772727.7529972,2.0
1742772727.7637694,2.0
1742772727.774363,2.0
1742772727.7850053,2.0
1742772727.7956274,2.0
1742772727.8062942,2.0
1742772727.8169272,2.0
1742772727.8275387,2.0
1742772727.838159,2.0
1742772727.8487039,2.0
1742772727.8607652,2.0
1742772727.8713262,2.0
1742772727.8819687,2.0
1742772727.8925605,2.0
1742772727.9031684,2.0
1742772727.9138021,2.0
1742772727.9243755,2.0
1742772727.9349568,2.0
1742772727.9455705,2.0
1742772727.9561403,2.0
1742772727.9668376,2.0
1742772727.9773877,2.0
1742772727.98801,2.0
1742772727.9986188,2.0
1742772728.0092762,2.0
1742772728.019879,2.0
1742772728.0305004,2.0
1742772728.0410385,2.0
1742772728.0516496,2.0
1742772728.0622437,2.0
1742772728.0728729,2.0
1742772728.083451,2.0
1742772728.094129,2.0
1742772728.104691,2.0
1742772728.1153257,2.0
1742772728.1259522,2.0
1742772728.1364996,2.0
1742772728.1470735,2.0
1742772728.1577246,2.0
1742772728.1684134,2.0
1742772728.1790066,2.0
1742772728.189552,2.0
1742772728.2001932,2.0
1742772728.210817,2.0
1742772728.2213929,2.0
1742772728.2319655,2.0
1742772728.2425427,2.0
1742772728.2530675,2.0
1742772728.2636464,2.0
1742772728.2742667,2.0
1742772728.284835,2.0
1742772728.295442,2.0
1742772728.3060584,2.0
1742772728.316621,2.0
1742772728.3272192,2.0
1742772728.3378193,2.0
1742772728.3484142,2.0
1742772728.359025,2.0
1742772728.369891,2.0
1742772728.3808367,2.0
1742772728.3913717,2.0
1742772728.4019644,2.0
1742772728.412641,2.0
1742772728.4232202,2.0
1742772728.4338322,2.0
1742772728.4444132,2.0
1742772728.4549797,2.0
1742772728.4655132,2.0
1742772728.4761102,2.0
1742772728.4866636,2.0
1742772728.497229,2.0
1742772728.5088847,2.0
1742772728.5203846,2.0
1742772728.5308828,2.0
1742772728.5414357,2.0
1742772728.5522816,2.0
1742772728.5632317,2.0
1742772728.5738418,2.0
1742772728.584342,2.0
1742772728.5952647,2.0
1742772728.6058683,2.0
1742772728.616437,2.0
1742772728.627027,2.0
1742772728.6375747,2.0
1742772728.648114,2.0
1742772728.658676,2.0
1742772728.6692533,2.0
1742772728.679785,2.0
1742772728.690351,2.0
1742772728.7008893,2.0
1742772728.711435,2.0
1742772728.7220094,2.0
1742772728.732521,2.0
1742772728.7430692,2.0
1742772728.7536316,2.0
1742772728.7642071,2.0
1742772728.7749481,2.0
1742772728.7854402,2.0
1742772728.7960002,2.0
1742772728.8065557,2.0
1742772728.8170586,2.0
1742772728.8275898,2.0
1742772728.8381586,2.0
1742772728.848693,2.0
1742772728.8606074,2.0
1742772728.8710966,2.0
1742772728.8816874,2.0
1742772728.8922098,2.0
1742772728.902759,2.0
1742772728.9133058,2.0
1742772728.9238195,2.0
1742772728.9343338,2.0
1742772728.944883,2.0
1742772728.9553986,2.0
1742772728.965952,2.0
1742772728.9767134,2.0
1742772728.9871817,2.0
1742772728.9977436,2.0
1742772729.0082893,2.0
1742772729.0188606,2.0
1742772729.0294096,2.0
1742772729.0399106,2.0
1742772729.0504725,2.0
1742772729.0684948,2.0
1742772729.0827246,1.0
1742772729.0930634,2.0
1742772729.103497,2.0
1742772729.1140535,2.0
1742772729.1245627,2.0
1742772729.1350691,2.0
1742772729.1455882,2.0
1742772729.1560802,2.0
1742772729.1666217,2.0
1742772729.1771235,2.0
1742772729.187639,2.0
1742772729.1981242,2.0
1742772729.2085972,2.0
1742772729.2190735,2.0
1742772729.2295766,2.0
1742772729.2400568,2.0
1742772729.2505476,2.0
1742772729.2610123,2.0
1742772729.2715194,2.0
1742772729.2821362,2.0
1742772729.2925773,2.0
1742772729.3030822,2.0
1742772729.3135726,2.0
1742772729.3240607,2.0
1742772729.3345604,2.0
1742772729.3450766,2.0
1742772729.3555772,2.0
1742772729.3660662,2.0
1742772729.376545,2.0
1742772729.387156,2.0
1742772729.397668,2.0
1742772729.408133,2.0
1742772729.418668,2.0
1742772729.4291253,2.0
1742772729.439602,2.0
1742772729.4500759,2.0
1742772729.4605627,2.0
1742772729.4710248,2.0
1742772729.4815025,2.0
1742772729.492058,2.0
1742772729.5025122,2.0
1742772729.515088,2.0
1742772729.5253932,2.0
1742772729.535846,2.0
1742772729.5463178,2.0
1742772729.5578144,2.0
1742772729.568249,2.0
1742772729.578711,2.0
1742772729.5894902,2.0
1742772729.6002522,2.0
1742772729.6106892,2.0
1742772729.621148,2.0
1742772729.6315963,2.0
1742772729.6420355,2.0
1742772729.6524925,2.0
1742772729.6629493,2.0
1742772729.6734028,2.0
1742772729.6841676,2.0
1742772729.6946821,2.0
1742772729.705149,2.0
1742772729.715635,2.0
1742772729.726111,2.0
1742772729.7365623,2.0
1742772729.7469969,2.0
1742772729.757471,2.0
1742772729.7679648,2.0
1742772729.7784088,2.0
1742772729.7889771,2.0
1742772729.7994564,2.0
1742772729.809873,2.0
1742772729.8203745,2.0
1742772729.8308618,2.0
1742772729.841323,2.0
1742772729.85308,2.0
1742772729.8635461,2.0
1742772729.8741186,2.0
1742772729.8846817,2.0
1742772729.895314,2.0
1742772729.9058917,2.0
1742772729.9164212,2.0
1742772729.9270208,2.0
1742772729.9376323,2.0
1742772729.948163,2.0
1742772729.9587226,2.0
1742772729.969335,2.0
1742772729.9798312,2.0
1742772729.9905298,2.0
1742772730.0009952,2.0
1742772730.0115266,2.0
1742772730.0220568,2.0
1742772730.0325768,2.0
1742772730.0430856,2.0
1742772730.0536697,2.0
1742772730.0641406,2.0
1742772730.0747092,2.0
1742772730.0852013,2.0
1742772730.096003,2.0
1742772730.1064816,2.0
1742772730.1170447,2.0
1742772730.1275513,2.0
1742772730.138048,2.0
1742772730.1485853,2.0
1742772730.159113,2.0
1742772730.1696527,2.0
1742772730.180194,2.0
1742772730.1906984,2.0
1742772730.201217,2.0
1742772730.2117105,2.0
1742772730.2223804,2.0
1742772730.2328377,2.0
1742772730.2434032,2.0
1742772730.2539492,2.0
1742772730.2644436,2.0
1742772730.2749898,2.0
1742772730.2855432,2.0
1742772730.296143,2.0
1742772730.3066752,2.0
1742772730.3171356,2.0
1742772730.327683,2.0
1742772730.3382058,2.0
1742772730.348752,2.0
1742772730.35928,2.0
1742772730.3698237,2.0
1742772730.3803215,2.0
1742772730.3908865,2.0
1742772730.4014113,2.0
1742772730.4119608,2.0
1742772730.422507,2.0
1742772730.4330065,2.0
1742772730.4435382,2.0
1742772730.4540825,2.0
1742772730.4645884,2.0
1742772730.4752138,2.0
1742772730.4857473,2.0
1742772730.496455,2.0
1742772730.5080206,2.0
1742772730.519504,2.0
1742772730.5306306,2.0
1742772730.5411034,2.0
1742772730.5519688,2.0
1742772730.562922,2.0
1742772730.5734231,2.0
1742772730.5839682,2.0
1742772730.5949218,2.0
1742772730.6053867,2.0
1742772730.6158504,2.0
1742772730.6263008,2.0
1742772730.6367545,2.0
1742772730.6471846,2.0
1742772730.6576529,2.0
1742772730.6681483,2.0
1742772730.6786559,2.0
1742772730.6891613,2.0
1742772730.6998086,2.0
1742772730.7103033,2.0
1742772730.720786,2.0
1742772730.731289,2.0
1742772730.7418098,2.0
1742772730.7523088,2.0
1742772730.7628317,2.0
1742772730.7733622,2.0
1742772730.783921,2.0
1742772730.794473,2.0
1742772730.8051937,2.0
1742772730.8156981,2.0
1742772730.8262126,2.0
1742772730.836753,2.0
1742772730.8472655,2.0
1742772730.8590736,2.0
1742772730.8695452,2.0
1742772730.8800466,2.0
1742772730.890515,2.0
1742772730.9012508,2.0
1742772730.9117463,2.0
1742772730.9223828,2.0
1742772730.932876,2.0
1742772730.9434328,2.0
1742772730.9539568,2.0
1742772730.964506,2.0
1742772730.9750495,2.0
1742772730.9855752,2.0
1742772730.9960752,2.0
1742772731.0069025,2.0
1742772731.0174253,2.0
1742772731.0279477,2.0
1742772731.0384274,2.0
1742772731.0489326,2.0
1742772731.0594432,2.0
1742772731.0700064,2.0
1742772731.0805173,2.0
1742772731.091004,2.0
1742772731.1014752,2.0
1742772731.1120358,2.0
1742772731.1225293,2.0
1742772731.1330123,2.0
1742772731.1435006,2.0
1742772731.1540294,2.0
1742772731.1645625,2.0
1742772731.1750863,2.0
1742772731.1855292,2.0
1742772731.1960497,2.0
1742772731.2066724,2.0
1742772731.2171767,2.0
1742772731.2277305,2.0
1742772731.2382555,2.0
1742772731.2487478,2.0
1742772731.2592325,2.0
1742772731.2697773,2.0
1742772731.280268,2.0
1742772731.2907763,2.0
1742772731.3013103,2.0
1742772731.3118954,2.0
1742772731.3224607,2.0
1742772731.3329487,2.0
1742772731.3434598,2.0
1742772731.3539257,2.0
1742772731.364433,2.0
1742772731.3749466,2.0
1742772731.3854291,2.0
1742772731.3958683,2.0
1742772731.406632,2.0
1742772731.417057,2.0
1742772731.4275622,2.0
1742772731.438027,2.0
1742772731.448438,2.0
1742772731.4588838,2.0
1742772731.4693084,2.0
1742772731.479755,2.0
1742772731.4902272,2.0
1742772731.5006979,2.0
1742772731.5136244,2.0
1742772731.5239444,2.0
1742772731.5344002,2.0
1742772731.5448282,2.0
1742772731.5563307,2.0
1742772731.566761,2.0
1742772731.5772161,2.0
1742772731.5876644,2.0
1742772731.5984447,2.0
1742772731.6089678,2.0
1742772731.61954,2.0
1742772731.6299646,2.0
1742772731.6403759,2.0
1742772731.6508152,2.0
1742772731.661261,2.0
1742772731.6717136,2.0
1742772731.682161,2.0
1742772731.6926014,2.0
1742772731.7030544,2.0
1742772731.7135985,2.0
1742772731.7240236,2.0
1742772731.734498,2.0
1742772731.7449303,2.0
1742772731.755795,2.0
1742772731.7663448,2.0
1742772731.7768617,2.0
1742772731.7874038,2.0
1742772731.798021,2.0
1742772731.808547,2.0
1742772731.820437,2.0
1742772731.832589,2.0
1742772731.8431256,2.0
1742772731.8552825,2.0
1742772731.8655474,2.0
1742772731.876102,2.0
1742772731.8866389,2.0
1742772731.8971431,2.0
1742772731.9076664,2.0
1742772731.9183168,2.0
1742772731.9288,2.0
1742772731.9393497,2.0
1742772731.9499202,2.0
1742772731.9604545,2.0
1742772731.9708886,2.0
1742772731.9814122,2.0
1742772731.991898,2.0
1742772732.0023513,2.0
1742772732.0128236,2.0
1742772732.023515,2.0
1742772732.0340285,2.0
1742772732.044512,2.0
1742772732.0549986,2.0
1742772732.0654974,2.0
1742772732.0759833,2.0
1742772732.0864704,2.0
1742772732.0969646,2.0
1742772732.1074233,2.0
1742772732.1181302,2.0
1742772732.1285627,2.0
1742772732.1390781,2.0
1742772732.1495633,2.0
1742772732.1600313,2.0
1742772732.1704938,2.0
1742772732.1809502,2.0
1742772732.1914434,2.0
1742772732.2019563,2.0
1742772732.2124014,2.0
1742772732.2229872,2.0
1742772732.2334874,2.0
1742772732.2440088,2.0
1742772732.2545035,2.0
1742772732.2649505,2.0
1742772732.2754402,2.0
1742772732.285915,2.0
1742772732.2963784,2.0
1742772732.3069055,2.0
1742772732.3173766,2.0
1742772732.3280241,2.0
1742772732.3384771,2.0
1742772732.3489373,2.0
1742772732.359405,2.0
1742772732.3699338,2.0
1742772732.38039,2.0
1742772732.3910468,2.0
1742772732.4015331,2.0
1742772732.4119844,2.0
1742772732.4226966,2.0
1742772732.43315,2.0
1742772732.4436386,2.0
1742772732.454115,2.0
1742772732.4645991,2.0
1742772732.4750948,2.0
1742772732.4856222,2.0
1742772732.496043,2.0
1742772732.5165536,3.0
1742772732.529615,1.0
1742772732.5407548,3.0
1742772732.552954,3.0
1742772732.5642898,3.0
1742772732.5756395,3.0
1742772732.5872474,3.0
1742772732.5989628,3.0
1742772732.6102638,3.0
1742772732.6215894,3.0
1742772732.6331415,3.0
1742772732.6444898,3.0
1742772732.6558504,3.0
1742772732.6671722,3.0
1742772732.6785147,3.0
1742772732.6898477,3.0
1742772732.7011874,3.0
1742772732.7125423,3.0
1742772732.723888,3.0
1742772732.7354066,3.0
1742772732.7467997,3.0
1742772732.7581327,3.0
1742772732.7695425,3.0
1742772732.7808828,3.0
1742772732.79224,3.0
1742772732.8035707,3.0
1742772732.8149228,3.0
1742772732.8263476,3.0
1742772732.8379073,3.0
1742772732.8492224,3.0
1742772732.8622339,3.0
1742772732.8735058,3.0
1742772732.8847454,3.0
1742772732.8960602,3.0
1742772732.9089236,2.0
1742772732.9200735,3.0
1742772732.9314728,3.0
1742772732.9426858,3.0
1742772732.953949,3.0
1742772732.9651704,3.0
1742772732.9764044,3.0
1742772732.9876192,3.0
1742772732.998837,3.0
1742772733.0100708,3.0
1742772733.0212786,3.0
1742772733.0327346,3.0
1742772733.043957,3.0
1742772733.0552106,3.0
1742772733.0665293,3.0
1742772733.0777674,3.0
1742772733.089,3.0
1742772733.1002674,3.0
1742772733.1115015,3.0
1742772733.1227484,3.0
1742772733.1341946,3.0
1742772733.145395,3.0
1742772733.1566615,3.0
1742772733.1678956,3.0
1742772733.179197,3.0
1742772733.190427,3.0
1742772733.201654,3.0
1742772733.2128587,3.0
1742772733.2241647,3.0
1742772733.2356462,3.0
1742772733.246862,3.0
1742772733.258085,3.0
1742772733.2693243,3.0
1742772733.2805622,3.0
1742772733.2917979,3.0
1742772733.3030326,3.0
1742772733.314325,3.0
1742772733.32553,3.0
1742772733.3370125,3.0
1742772733.348228,3.0
1742772733.3594873,3.0
1742772733.3707101,3.0
1742772733.3819451,3.0
1742772733.3931441,3.0
1742772733.4043798,3.0
1742772733.4156482,3.0
1742772733.4269714,3.0
1742772733.4384255,3.0
1742772733.4496565,3.0
1742772733.4608595,3.0
1742772733.4721098,3.0
1742772733.4833448,3.0
1742772733.4946086,3.0
1742772733.5062044,3.0
1742772733.5186877,3.0
1742772733.5298927,3.0
1742772733.541272,3.0
1742772733.5524879,3.0
1742772733.5643344,3.0
1742772733.5755486,3.0
1742772733.5870218,3.0
1742772733.5985367,3.0
1742772733.6096866,3.0
1742772733.6208813,3.0
1742772733.6320837,3.0
1742772733.6435044,3.0
1742772733.6547468,3.0
1742772733.6659613,3.0
1742772733.6771572,3.0
1742772733.6883652,3.0
1742772733.699587,3.0
1742772733.7107909,3.0
1742772733.721991,3.0
1742772733.7331982,3.0
1742772733.7445858,3.0
1742772733.7557847,3.0
1742772733.766999,3.0
1742772733.781947,3.0
1742772733.793101,3.0
1742772733.8042917,3.0
1742772733.815501,3.0
1742772733.8268132,3.0
1742772733.8380096,3.0
1742772733.8494058,3.0
1742772733.8619843,3.0
1742772733.8735564,3.0
1742772733.8847618,3.0
1742772733.89606,3.0
1742772733.9072766,3.0
1742772733.9185212,3.0
1742772733.9298003,3.0
1742772733.9410853,3.0
1742772733.9525247,3.0
1742772733.9645507,3.0
1742772733.9758067,3.0
1742772733.9871023,3.0
1742772733.9984078,3.0
1742772734.0097091,3.0
1742772734.0209932,3.0
1742772734.0322905,3.0
1742772734.0435896,3.0
1742772734.0553012,3.0
1742772734.0665855,3.0
1742772734.0778966,3.0
1742772734.0891676,3.0
1742772734.1001062,2.0
1742772734.1113782,3.0
1742772734.1226964,3.0
1742772734.1340427,3.0
1742772734.1453862,3.0
1742772734.1569452,3.0
1742772734.1683059,3.0
1742772734.1796744,3.0
1742772734.1910512,3.0
1742772734.202388,3.0
1742772734.2137237,3.0
1742772734.2251775,3.0
1742772734.2365334,3.0
1742772734.2478943,3.0
1742772734.2594872,3.0
1742772734.270856,3.0
1742772734.2821977,3.0
1742772734.2935257,3.0
1742772734.3048568,3.0
1742772734.3162117,3.0
1742772734.3275561,3.0
1742772734.3389492,3.0
1742772734.3502855,3.0
1742772734.361825,3.0
1742772734.373123,3.0
1742772734.384457,3.0
1742772734.395906,3.0
1742772734.409233,2.0
1742772734.4198146,1.0
1742772734.4487813,2.0
1742772734.4718504,2.0
1742772734.4863183,1.0
1742772734.5006816,1.0
1742772734.5141346,2.0
1742772734.5254736,3.0
1742772734.536918,3.0
1742772734.5485418,3.0
1742772734.561132,3.0
1742772734.5724924,3.0
1742772734.5838835,3.0
1742772734.5956793,3.0
1742772734.607,3.0
1742772734.6184218,3.0
1742772734.629883,3.0
1742772734.6412482,3.0
1742772734.6527154,3.0
1742772734.6642072,3.0
1742772734.6756723,3.0
1742772734.6871004,3.0
1742772734.6985357,3.0
1742772734.7144432,3.0
1742772734.725641,3.0
1742772734.7368882,3.0
1742772734.7481723,3.0
1742772734.7596238,3.0
1742772734.7708828,3.0
1742772734.7821987,3.0
1742772734.7934544,3.0
1742772734.804716,3.0
1742772734.816013,3.0
1742772734.8273678,3.0
1742772734.8386312,3.0
1742772734.84991,3.0
1742772734.8628106,3.0
1742772734.8740315,3.0
1742772734.8853154,3.0
1742772734.8967025,3.0
1742772734.9080157,3.0
1742772734.9193122,3.0
1742772734.9306319,3.0
1742772734.9418855,3.0
1742772734.953164,3.0
1742772734.964601,3.0
1742772734.9759014,3.0
1742772734.987203,3.0
1742772734.9984422,3.0
1742772735.009731,3.0
1742772735.0209887,3.0
1742772735.0323763,3.0
1742772735.0436559,3.0
1742772735.0549457,3.0
1742772735.0663626,3.0
1742772735.0766017,2.0
1742772735.0878487,3.0
1742772735.099098,3.0
1742772735.1103451,3.0
1742772735.1215966,3.0
1742772735.132846,3.0
1742772735.144168,3.0
1742772735.155443,3.0
1742772735.1669207,3.0
1742772735.17817,3.0
1742772735.1894178,3.0
1742772735.2007065,3.0
1742772735.211966,3.0
1742772735.223277,3.0
1742772735.234574,3.0
1742772735.24585,3.0
1742772735.257119,3.0
1742772735.2685654,3.0
1742772735.279837,3.0
1742772735.291162,3.0
1742772735.3024046,3.0
1742772735.313668,3.0
1742772735.3249578,3.0
1742772735.3362954,3.0
1742772735.347548,3.0
1742772735.3589368,3.0
1742772735.3703625,3.0
1742772735.38165,3.0
1742772735.3928998,3.0
1742772735.4041896,3.0
1742772735.415464,3.0
1742772735.426716,3.0
1742772735.437993,3.0
1742772735.449258,3.0
1742772735.4605417,3.0
1742772735.4719942,3.0
1742772735.4832923,3.0
1742772735.494554,3.0
1742772735.5060544,3.0
1742772735.5187361,3.0
1742772735.5299623,3.0
1742772735.5412114,3.0
1742772735.5524888,3.0
1742772735.5646622,3.0
1742772735.576042,3.0
1742772735.5874777,3.0
1742772735.5988145,3.0
1742772735.6100478,3.0
1742772735.6213007,3.0
1742772735.6326754,3.0
1742772735.6439517,3.0
1742772735.6552382,3.0
1742772735.6664915,3.0
1742772735.6778164,3.0
1742772735.6890512,3.0
1742772735.700331,3.0
1742772735.7116342,3.0
1742772735.7229412,3.0
1742772735.734175,3.0
1742772735.7454126,3.0
1742772735.7566755,3.0
1742772735.7679443,3.0
1742772735.7793005,3.0
1742772735.7905548,3.0
1742772735.801826,3.0
1742772735.813107,3.0
1742772735.8243728,3.0
1742772735.8357565,3.0
1742772735.847043,3.0
1742772735.8598433,3.0
1742772735.8710577,3.0
1742772735.882378,3.0
1742772735.893739,3.0
1742772735.9050076,3.0
1742772735.9163167,3.0
1742772735.9275753,3.0
1742772735.9388876,3.0
1742772735.9501505,3.0
1742772735.961421,3.0
1742772735.972701,3.0
1742772735.98412,3.0
1742772735.9953802,3.0
1742772736.0066102,3.0
1742772736.0178742,3.0
1742772736.0290978,3.0
1742772736.0403972,3.0
1742772736.0516381,3.0
1742772736.0629046,3.0
1742772736.074122,3.0
1742772736.0854793,3.0
1742772736.0967324,3.0
1742772736.108019,3.0
1742772736.1192372,3.0
1742772736.130576,3.0
1742772736.1418178,3.0
1742772736.1530387,3.0
1742772736.1643038,3.0
1742772736.1755571,3.0
1742772736.1869307,3.0
1742772736.1981602,3.0
1742772736.2094126,3.0
1742772736.220704,3.0
1742772736.2320452,3.0
1742772736.2433116,3.0
1742772736.254508,3.0
1742772736.265791,3.0
1742772736.2770085,3.0
1742772736.288393,3.0
1742772736.3013637,3.0
1742772736.3124855,3.0
1742772736.3238058,3.0
1742772736.335077,3.0
1742772736.3463378,3.0
1742772736.357635,3.0
1742772736.3688996,3.0
1742772736.3802037,3.0
1742772736.391739,3.0
1742772736.4060774,3.0
1742772736.4175625,3.0
1742772736.4289756,3.0
1742772736.4402964,3.0
1742772736.4517143,3.0
1742772736.4630783,3.0
1742772736.4743307,3.0
1742772736.4859424,3.0
1742772736.4972026,3.0
1742772736.5095098,3.0
1742772736.5217028,3.0
1742772736.5329275,3.0
1742772736.5442305,3.0
1742772736.555702,3.0
1742772736.5675719,3.0
1742772736.5794373,3.0
1742772736.5910406,3.0
1742772736.6026123,3.0
1742772736.613743,3.0
1742772736.624967,3.0
1742772736.636315,3.0
1742772736.6475952,3.0
1742772736.658882,3.0
1742772736.6700912,3.0
1742772736.6812913,3.0
1742772736.6926758,3.0
1742772736.7039104,3.0
1742772736.7151527,3.0
1742772736.7263663,3.0
1742772736.7375886,3.0
1742772736.7488084,3.0
1742772736.7600305,3.0
1742772736.7713058,3.0
1742772736.782601,3.0
1742772736.7939234,3.0
1742772736.805151,3.0
1742772736.8164005,3.0
1742772736.8275945,3.0
1742772736.838927,3.0
1742772736.8501713,3.0
1742772736.8634958,3.0
1742772736.8746917,3.0
1742772736.885984,3.0
1742772736.899024,3.0
1742772736.9125943,3.0
1742772736.9238062,3.0
1742772736.9350355,3.0
1742772736.9462283,3.0
1742772736.9574342,3.0
1742772736.9687068,3.0
1742772736.9799297,3.0
1742772736.9914002,3.0
1742772737.0025947,3.0
1742772737.0138142,3.0
1742772737.0250309,3.0
1742772737.0363288,3.0
1742772737.0475426,3.0
1742772737.0587664,3.0
1742772737.0700617,3.0
1742772737.0812697,3.0
1742772737.0927417,3.0
1742772737.1039226,3.0
1742772737.115169,3.0
1742772737.1263592,3.0
1742772737.1375787,3.0
1742772737.1488054,3.0
1742772737.1600173,3.0
1742772737.171231,3.0
1742772737.1824627,3.0
1742772737.1939368,3.0
1742772737.2050943,3.0
1742772737.2163296,3.0
1742772737.2275498,3.0
1742772737.2388713,3.0
1742772737.2500582,3.0
1742772737.2612567,3.0
1742772737.272721,3.0
1742772737.2839384,3.0
1742772737.2953944,3.0
1742772737.3065965,3.0
1742772737.3178492,3.0
1742772737.329067,3.0
1742772737.3403332,3.0
1742772737.351594,3.0
1742772737.3628953,3.0
1742772737.3740737,3.0
1742772737.3852968,3.0
1742772737.3967867,3.0
1742772737.407966,3.0
1742772737.4192462,3.0
1742772737.4305036,3.0
1742772737.4417982,3.0
1742772737.4529986,3.0
1742772737.4642057,3.0
1742772737.4754424,3.0
1742772737.4867234,3.0
1742772737.4981651,3.0
1742772737.5111752,3.0
1742772737.5228815,3.0
1742772737.5341175,3.0
1742772737.5453484,3.0
1742772737.5577705,3.0
1742772737.568915,3.0
1742772737.5801206,3.0
1742772737.5914378,3.0
1742772737.6030664,3.0
1742772737.614275,3.0
1742772737.625364,3.0
1742772737.636523,3.0
1742772737.6476898,3.0
1742772737.6588583,3.0
1742772737.6699705,3.0
1742772737.6810694,3.0
1742772737.692201,3.0
1742772737.703708,3.0
1742772737.714851,3.0
1742772737.7259774,3.0
1742772737.7370872,3.0
1742772737.7482421,3.0
1742772737.759389,3.0
1742772737.770571,3.0
1742772737.7817202,3.0
1742772737.79285,3.0
1742772737.8042986,3.0
1742772737.8154342,3.0
1742772737.8266377,3.0
1742772737.8377707,3.0
1742772737.8489454,3.0
1742772737.8614051,3.0
1742772737.8725343,3.0
1742772737.8837228,3.0
1742772737.8949757,3.0
1742772737.906373,3.0
1742772737.9175603,3.0
1742772737.9287775,3.0
1742772737.9399877,3.0
1742772737.951214,3.0
1742772737.9624257,3.0
1742772737.9736018,3.0
1742772737.9848018,3.0
1742772737.9960046,3.0
1742772738.0074232,3.0
1742772738.0186357,3.0
1742772738.02982,3.0
1742772738.0411575,3.0
1742772738.0523744,3.0
1742772738.063556,3.0
1742772738.0747728,3.0
1742772738.0859575,3.0
1742772738.0970953,3.0
1742772738.108533,3.0
1742772738.1197054,3.0
1742772738.1309743,3.0
1742772738.1421635,3.0
1742772738.1533377,3.0
1742772738.1645317,3.0
1742772738.1757329,3.0
1742772738.186937,3.0
1742772738.1981256,3.0
1742772738.2095542,3.0
1742772738.220716,3.0
1742772738.2319243,3.0
1742772738.243232,3.0
1742772738.2544272,3.0
1742772738.2655995,3.0
1742772738.2768161,3.0
1742772738.2880454,3.0
1742772738.299231,3.0
1742772738.3106651,3.0
1742772738.3218923,3.0
1742772738.33309,3.0
1742772738.344328,3.0
1742772738.355562,3.0
1742772738.3667786,3.0
1742772738.3779476,3.0
1742772738.3891234,3.0
1742772738.4006443,3.0
1742772738.4120932,3.0
1742772738.4232671,3.0
1742772738.4345243,3.0
1742772738.4458067,3.0
1742772738.4570172,3.0
1742772738.4682307,3.0
1742772738.4794319,3.0
1742772738.4906611,3.0
1742772738.5018466,3.0
1742772738.5119014,2.0
1742772738.5246217,3.0
1742772738.535829,3.0
1742772738.5470622,3.0
1742772738.5587554,3.0
1742772738.570223,3.0
1742772738.5814219,3.0
1742772738.5930796,3.0
1742772738.6048992,3.0
1742772738.6161997,3.0
1742772738.6274025,3.0
1742772738.6385996,3.0
1742772738.6497822,3.0
1742772738.6609838,3.0
1742772738.6722069,3.0
1742772738.6834195,3.0
1742772738.6946418,3.0
1742772738.7057967,3.0
1742772738.7171326,3.0
1742772738.7283065,3.0
1742772738.7394834,3.0
1742772738.7507422,3.0
1742772738.7619522,3.0
1742772738.7731051,3.0
1742772738.784346,3.0
1742772738.7955396,3.0
1742772738.806805,3.0
1742772738.8182008,3.0
1742772738.829359,3.0
1742772738.840554,3.0
1742772738.8531415,3.0
1742772738.864421,3.0
1742772738.8756192,3.0
1742772738.886861,3.0
1742772738.8981557,3.0
1742772738.9093223,3.0
1742772738.9210272,3.0
1742772738.9322631,3.0
1742772738.9434834,3.0
1742772738.9547553,3.0
1742772738.9659202,3.0
1742772738.977091,3.0
1742772738.9882996,3.0
1742772738.999571,3.0
1742772739.0107877,3.0
1742772739.0221689,3.0
1742772739.0333257,3.0
1742772739.0446463,3.0
1742772739.055834,3.0
1742772739.0670133,3.0
1742772739.0782073,3.0
1742772739.089395,3.0
1742772739.100866,3.0
1742772739.1123533,3.0
1742772739.1236882,3.0
1742772739.1349423,3.0
1742772739.1461065,3.0
1742772739.1572633,3.0
1742772739.1684747,3.0
1742772739.1796231,3.0
1742772739.1908052,3.0
1742772739.2019625,3.0
1742772739.2131817,3.0
1742772739.2246053,3.0
1742772739.2358272,3.0
1742772739.2470996,3.0
1742772739.258276,3.0
1742772739.2694411,3.0
1742772739.2806022,3.0
1742772739.2918148,3.0
1742772739.3029642,3.0
1742772739.3141127,3.0
1742772739.3256674,3.0
1742772739.3368528,3.0
1742772739.348028,3.0
1742772739.359163,3.0
1742772739.3704078,3.0
1742772739.3815835,3.0
1742772739.3927665,3.0
1742772739.4039378,3.0
1742772739.4151285,3.0
1742772739.4270859,3.0
1742772739.438265,3.0
1742772739.4495325,3.0
1742772739.4608154,3.0
1742772739.4720492,3.0
1742772739.4832299,3.0
1742772739.4945095,3.0
1742772739.506051,3.0
1742772739.518801,3.0
1742772739.5301285,3.0
1742772739.5413544,3.0
1742772739.5525732,3.0
1742772739.5645394,3.0
1742772739.5757606,3.0
1742772739.5872939,3.0
1742772739.598526,3.0
1742772739.609677,3.0
1742772739.6208496,3.0
1742772739.6323583,3.0
1742772739.643646,3.0
1742772739.654811,3.0
1742772739.6660006,3.0
1742772739.6771607,3.0
1742772739.6883497,3.0
1742772739.699571,3.0
1742772739.7107987,3.0
1742772739.7219374,3.0
1742772739.7333562,3.0
1742772739.744547,3.0
1742772739.755708,3.0
1742772739.766906,3.0
1742772739.7781374,3.0
1742772739.789275,3.0
1742772739.800474,3.0
1742772739.8116524,3.0
1742772739.8228264,3.0
1742772739.8342726,3.0
1742772739.8456366,3.0
1742772739.8582482,3.0
1742772739.8694196,3.0
1742772739.8806634,3.0
1742772739.8919628,3.0
1742772739.903135,3.0
1742772739.914305,3.0
1742772739.9254916,3.0
1742772739.9368513,3.0
1742772739.9480138,3.0
1742772739.9592438,3.0
1742772739.9704504,3.0
1742772739.9816349,3.0
1742772739.9927998,3.0
1742772740.004009,3.0
1742772740.015232,3.0
1742772740.0264106,3.0
1742772740.037778,3.0
1742772740.0490878,3.0
1742772740.0602708,3.0
1742772740.0714836,3.0
1742772740.0826845,3.0
1742772740.0938632,3.0
1742772740.1050122,3.0
1742772740.1162183,3.0
1742772740.1274095,3.0
1742772740.1387842,3.0
1742772740.1499412,3.0
1742772740.1611195,3.0
1742772740.172285,3.0
1742772740.186424,3.0
1742772740.196897,2.0
1742772740.2073104,2.0
1742772740.2177672,2.0
1742772740.228189,2.0
1742772740.2387328,2.0
1742772740.2492108,2.0
1742772740.2596862,2.0
1742772740.2701302,2.0
1742772740.2805357,2.0
1742772740.2910268,2.0
1742772740.3014474,2.0
1742772740.311883,2.0
1742772740.3223257,2.0
1742772740.333069,2.0
1742772740.3434646,2.0
1742772740.3539183,2.0
1742772740.3643348,2.0
1742772740.3747556,2.0
1742772740.385199,2.0
1742772740.3958802,2.0
1742772740.406355,2.0
1742772740.4167886,2.0
1742772740.4272914,2.0
1742772740.4377997,2.0
1742772740.4482884,2.0
1742772740.4587667,2.0
1742772740.4691615,2.0
1742772740.4796286,2.0
1742772740.490112,2.0
1742772740.5005074,2.0
1742772740.511784,2.0
1742772740.5229976,2.0
1742772740.5333893,2.0
1742772740.5439024,2.0
1742772740.5546,2.0
1742772740.565468,2.0
1742772740.5758889,2.0
1742772740.5865107,2.0
1742772740.597262,2.0
1742772740.6076975,2.0
1742772740.6184852,2.0
1742772740.6289327,2.0
1742772740.6394498,2.0
1742772740.6499324,2.0
1742772740.6603553,2.0
1742772740.6708152,2.0
1742772740.681313,2.0
1742772740.6918466,2.0
1742772740.7022672,2.0
1742772740.7129862,2.0
1742772740.7233658,2.0
1742772740.7338147,2.0
1742772740.7445152,2.0
1742772740.754945,2.0
1742772740.7653706,2.0
1742772740.775809,2.0
1742772740.7862465,2.0
1742772740.7966993,2.0
1742772740.807143,2.0
1742772740.8175573,2.0
1742772740.828026,2.0
1742772740.8384979,2.0
1742772740.8490815,2.0
1742772740.8608565,2.0
1742772740.8712513,2.0
1742772740.8817286,2.0
1742772740.8922224,2.0
1742772740.9026465,2.0
1742772740.913073,2.0
1742772740.9235,2.0
1742772740.9339519,2.0
1742772740.9444604,2.0
1742772740.9548826,2.0
1742772740.9652915,2.0
1742772740.975833,2.0
1742772740.9862635,2.0
1742772740.9967182,2.0
1742772741.007193,2.0
1742772741.0176387,2.0
1742772741.0280502,2.0
1742772741.038543,2.0
1742772741.0491843,2.0
1742772741.05965,2.0
1742772741.0700884,2.0
1742772741.0805123,2.0
1742772741.0909476,2.0
1742772741.101428,2.0
1742772741.111929,2.0
1742772741.1223977,2.0
1742772741.1328244,2.0
1742772741.1432571,2.0
1742772741.1537733,2.0
1742772741.1642294,2.0
1742772741.17467,2.0
1742772741.185087,2.0
1742772741.195504,2.0
1742772741.2059789,2.0
1742772741.216415,2.0
1742772741.226843,2.0
1742772741.2372863,2.0
1742772741.2478223,2.0
1742772741.2582316,2.0
1742772741.2686853,2.0
1742772741.279114,2.0
1742772741.2895372,2.0
1742772741.2999892,2.0
1742772741.310475,2.0
1742772741.3209183,2.0
1742772741.3313832,2.0
1742772741.3418312,2.0
1742772741.3525386,2.0
1742772741.3629956,2.0
1742772741.373435,2.0
1742772741.3838818,2.0
1742772741.3943417,2.0
1742772741.4047682,2.0
1742772741.415217,2.0
1742772741.425695,2.0
1742772741.4361331,2.0
1742772741.4466405,2.0
1742772741.4571548,2.0
1742772741.4676166,2.0
1742772741.4780762,2.0
1742772741.4885082,2.0
1742772741.4989572,2.0
1742772741.5131593,2.0
1742772741.5236027,2.0
1742772741.5340443,2.0
1742772741.5463111,2.0
1742772741.556724,2.0
1742772741.5671968,2.0
1742772741.5777054,2.0
1742772741.5889657,2.0
1742772741.5993989,2.0
1742772741.6099093,2.0
1742772741.6204298,2.0
1742772741.6309397,2.0
1742772741.6414554,2.0
1742772741.652135,2.0
1742772741.6626318,2.0
1742772741.6731174,2.0
1742772741.6836395,2.0
1742772741.6941614,2.0
1742772741.7047117,2.0
1742772741.7152524,2.0
1742772741.7257965,2.0
1742772741.7362716,2.0
1742772741.7468019,2.0
1742772741.7576296,2.0
1742772741.7681012,2.0
1742772741.7785604,2.0
1742772741.7890315,2.0
1742772741.799491,2.0
1742772741.8099797,2.0
1742772741.8204336,2.0
1742772741.8309627,2.0
1742772741.8414102,2.0
1742772741.8531878,2.0
1742772741.863701,2.0
1742772741.8741755,2.0
1742772741.8846114,2.0
1742772741.8953314,2.0
1742772741.9058242,2.0
1742772741.916261,2.0
1742772741.9267457,2.0
1742772741.9372087,2.0
1742772741.9476757,2.0
1742772741.9597604,2.0
1742772741.9710772,2.0
1742772741.9815588,2.0
1742772741.992695,2.0
1742772742.0030084,2.0
1742772742.0133455,2.0
1742772742.0237112,2.0
1742772742.0340931,2.0
1742772742.0444236,2.0
1742772742.0548022,2.0
1742772742.065359,2.0
1742772742.075714,2.0
1742772742.086095,2.0
1742772742.0964463,2.0
1742772742.106837,2.0
1742772742.1172085,2.0
1742772742.1275673,2.0
1742772742.1379244,2.0
1742772742.1483076,2.0
1742772742.1587684,2.0
1742772742.169092,2.0
1742772742.1794436,2.0
1742772742.1898234,2.0
1742772742.2001736,2.0
1742772742.2105405,2.0
1742772742.2208855,2.0
1742772742.2312474,2.0
1742772742.241605,2.0
1742772742.25203,2.0
1742772742.2625227,2.0
1742772742.2728586,2.0
1742772742.28322,2.0
1742772742.2935796,2.0
1742772742.3039236,2.0
1742772742.3143046,2.0
1742772742.3246455,2.0
1742772742.335027,2.0
1742772742.3454072,2.0
1742772742.355772,2.0
1742772742.3662539,2.0
1742772742.376624,2.0
1742772742.3870275,2.0
1742772742.397722,2.0
1742772742.4080756,2.0
1742772742.4184742,2.0
1742772742.4288356,2.0
1742772742.439221,2.0
1742772742.4496381,2.0
1742772742.4602551,2.0
1742772742.4706278,2.0
1742772742.4809866,2.0
1742772742.4913845,2.0
1742772742.501767,2.0
1742772742.5143912,2.0
1742772742.5246737,2.0
1742772742.5350623,2.0
1742772742.545412,2.0
1742772742.5564022,2.0
1742772742.5669243,2.0
1742772742.5772786,2.0
1742772742.5877392,2.0
1742772742.5985577,2.0
1742772742.6088486,2.0
1742772742.619272,2.0
1742772742.6299493,2.0
1742772742.6402986,2.0
1742772742.6507316,2.0
1742772742.6610804,2.0
1742772742.6716075,2.0
1742772742.681988,2.0
1742772742.6923332,2.0
1742772742.7026937,2.0
1742772742.7130783,2.0
1742772742.7234964,2.0
1742772742.733872,2.0
1742772742.744232,2.0
1742772742.7545772,2.0
1742772742.7650504,2.0
1742772742.7754672,2.0
1742772742.7859821,2.0
1742772742.796419,2.0
1742772742.8068802,2.0
1742772742.8173451,2.0
1742772742.8278306,2.0
1742772742.8382993,2.0
1742772742.8487573,2.0
1742772742.8605072,2.0
1742772742.8711503,2.0
1742772742.8816226,2.0
1742772742.892124,2.0
1742772742.9070928,2.0
1742772742.9174109,2.0
1742772742.927954,2.0
1742772742.9384286,2.0
1742772742.948878,2.0
1742772742.959358,2.0
1742772742.9699335,2.0
1742772742.9804413,2.0
1742772742.990978,2.0
1742772743.0014968,2.0
1742772743.0120206,2.0
1742772743.0225449,2.0
1742772743.0330553,2.0
1742772743.043581,2.0
1742772743.0541787,2.0
1742772743.0646732,2.0
1742772743.0753233,2.0
1742772743.0858696,2.0
1742772743.0963905,2.0
1742772743.1069508,2.0
1742772743.117487,2.0
1742772743.1280096,2.0
1742772743.1385527,2.0
1742772743.1490638,2.0
1742772743.1596203,2.0
1742772743.1703618,2.0
1742772743.1808615,2.0
1742772743.1913967,2.0
1742772743.202056,2.0
1742772743.212575,2.0
1742772743.2231047,2.0
1742772743.2336388,2.0
1742772743.2441638,2.0
1742772743.2547615,2.0
1742772743.2652905,2.0
1742772743.2761364,2.0
1742772743.286694,2.0
1742772743.297207,2.0
1742772743.3077316,2.0
1742772743.3182683,2.0
1742772743.328797,2.0
1742772743.3393364,2.0
1742772743.3498795,2.0
1742772743.3603983,2.0
1742772743.3709323,2.0
1742772743.3817887,2.0
1742772743.3922982,2.0
1742772743.4028094,2.0
1742772743.4133058,2.0
1742772743.4238222,2.0
1742772743.434365,2.0
1742772743.444875,2.0
1742772743.455453,2.0
1742772743.4659429,2.0
1742772743.4765372,2.0
1742772743.487079,2.0
1742772743.4975917,2.0
1742772743.514894,2.0
1742772743.526847,1.0
1742772743.5371592,2.0
1742772743.548074,2.0
1742772743.5588224,2.0
1742772743.5693455,2.0
1742772743.5799298,2.0
1742772743.5906684,2.0
1742772743.6010146,2.0
1742772743.6114748,2.0
1742772743.6219249,2.0
1742772743.632341,2.0
1742772743.6427717,2.0
1742772743.6532238,2.0
1742772743.6636713,2.0
1742772743.6741502,2.0
1742772743.6847262,2.0
1742772743.69518,2.0
1742772743.7056353,2.0
1742772743.7160542,2.0
1742772743.7265203,2.0
1742772743.736945,2.0
1742772743.7474065,2.0
1742772743.7579193,2.0
1742772743.7683332,2.0
1742772743.7789829,2.0
1742772743.789409,2.0
1742772743.799855,2.0
1742772743.8103,2.0
1742772743.8207383,2.0
1742772743.8311892,2.0
1742772743.8416393,2.0
1742772743.8532875,2.0
1742772743.8643043,2.0
1742772743.8747535,2.0
1742772743.8853633,2.0
1742772743.8959131,2.0
1742772743.9063585,2.0
1742772743.9167883,2.0
1742772743.9272559,2.0
1742772743.9376976,2.0
1742772743.9481764,2.0
1742772743.9586189,2.0
1742772743.9690673,2.0
1742772743.9795172,2.0
1742772743.9905322,2.0
1742772744.0009656,2.0
1742772744.0114217,2.0
1742772744.021874,2.0
1742772744.0327864,2.0
1742772744.043258,2.0
1742772744.0537071,2.0
1742772744.0641685,2.0
1742772744.0746393,2.0
1742772744.085175,2.0
1742772744.0956295,2.0
1742772744.1060932,2.0
1742772744.1165292,2.0
1742772744.1270008,2.0
1742772744.1374714,2.0
1742772744.1479092,2.0
1742772744.1583664,2.0
1742772744.1688073,2.0
1742772744.179256,2.0
1742772744.189868,2.0
1742772744.2003784,2.0
1742772744.2108674,2.0
1742772744.2212896,2.0
1742772744.2317946,2.0
1742772744.242245,2.0
1742772744.2527082,2.0
1742772744.2632108,2.0
1742772744.2736769,2.0
1742772744.2843766,2.0
1742772744.2948396,2.0
1742772744.3052819,2.0
1742772744.315725,2.0
1742772744.3262157,2.0
1742772744.336681,2.0
1742772744.34712,2.0
1742772744.3575852,2.0
1742772744.3680367,2.0
1742772744.3784788,2.0
1742772744.3890162,2.0
1742772744.3998249,2.0
1742772744.4102447,2.0
1742772744.4206758,2.0
1742772744.4311097,2.0
1742772744.4415123,2.0
1742772744.4520032,2.0
1742772744.4624922,2.0
1742772744.472903,2.0
1742772744.483327,2.0
1742772744.4938557,2.0
1742772744.504263,2.0
1742772744.5163512,2.0
1742772744.526675,2.0
1742772744.5370967,2.0
1742772744.5482094,2.0
1742772744.5592906,2.0
1742772744.569694,2.0
1742772744.5801072,2.0
1742772744.590719,2.0
1742772744.6013792,2.0
1742772744.6117554,2.0
1742772744.6221886,2.0
1742772744.632593,2.0
1742772744.6436725,2.0
1742772744.6540852,2.0
1742772744.664569,2.0
1742772744.6750188,2.0
1742772744.6854157,2.0
1742772744.6960347,2.0
1742772744.706485,2.0
1742772744.7169003,2.0
1742772744.7273808,2.0
1742772744.7378683,2.0
1742772744.748284,2.0
1742772744.7587223,2.0
1742772744.7691453,2.0
1742772744.7795625,2.0
1742772744.790006,2.0
1742772744.8004398,2.0
1742772744.810858,2.0
1742772744.8212898,2.0
1742772744.8317091,2.0
1742772744.8421507,2.0
1742772744.8538394,2.0
1742772744.864445,2.0
1742772744.874869,2.0
1742772744.885297,2.0
1742772744.8959367,2.0
1742772744.9063463,2.0
1742772744.916769,2.0
1742772744.9271765,2.0
1742772744.9375854,2.0
1742772744.947997,2.0
1742772744.9584188,2.0
1742772744.9688764,2.0
1742772744.979289,2.0
1742772744.9897625,2.0
1742772745.0004349,2.0
1742772745.0108707,2.0
1742772745.021277,2.0
1742772745.0317163,2.0
1742772745.0421457,2.0
1742772745.0525653,2.0
1742772745.0630753,2.0
1742772745.0734756,2.0
1742772745.0839038,2.0
1742772745.0943437,2.0
1742772745.1048377,2.0
1742772745.1152668,2.0
1742772745.1256907,2.0
1742772745.1360781,2.0
1742772745.1465192,2.0
1742772745.15693,2.0
1742772745.1673892,2.0
1742772745.1778045,2.0
1742772745.1881964,2.0
1742772745.1987867,2.0
1742772745.209171,2.0
1742772745.2196243,2.0
1742772745.2300775,2.0
1742772745.2404826,2.0
1742772745.250888,2.0
1742772745.2613223,2.0
1742772745.2717867,2.0
1742772745.282228,2.0
1742772745.2926555,2.0
1742772745.3031793,2.0
1742772745.313624,2.0
1742772745.3240561,2.0
1742772745.3344934,2.0
1742772745.3449094,2.0
1742772745.3553507,2.0
1742772745.3657818,2.0
1742772745.3762014,2.0
1742772745.3866088,2.0
1742772745.397048,2.0
1742772745.4075875,2.0
1742772745.4180536,2.0
1742772745.4284868,2.0
1742772745.4389033,2.0
1742772745.4493208,2.0
1742772745.4598637,2.0
1742772745.4703038,2.0
1742772745.4806623,2.0
1742772745.4910047,2.0
1742772745.5012872,2.0
1742772745.5136893,2.0
1742772745.5239122,2.0
1742772745.534277,2.0
1742772745.5447001,2.0
1742772745.5560205,2.0
1742772745.5663338,2.0
1742772745.5766907,2.0
1742772745.5872295,2.0
1742772745.5979688,2.0
1742772745.6085424,2.0
1742772745.6189396,2.0
1742772745.6293569,2.0
1742772745.6397243,2.0
1742772745.6501582,2.0
1742772745.660511,2.0
1742772745.6709445,2.0
1742772745.6813407,2.0
1742772745.691733,2.0
1742772745.7021608,2.0
1742772745.7125928,2.0
1742772745.722997,2.0
1742772745.7333808,2.0
1742772745.743748,2.0
1742772745.754193,2.0
1742772745.7645586,2.0
1742772745.7749603,2.0
1742772745.7853546,2.0
1742772745.7957609,2.0
1742772745.806369,2.0
1742772745.8167672,2.0
1742772745.8273091,2.0
1742772745.8377016,2.0
1742772745.8481367,2.0
1742772745.8599398,2.0
1742772745.8703601,2.0
1742772745.8807664,2.0
1742772745.8912907,2.0
1742772745.901754,2.0
1742772745.9123404,2.0
1742772745.9227614,2.0
1742772745.9331503,2.0
1742772745.9435527,2.0
1742772745.9539,2.0
1742772745.964336,2.0
1742772745.974705,2.0
1742772745.9850738,2.0
1742772745.9954526,2.0
1742772746.0058813,2.0
1742772746.0163348,2.0
1742772746.026742,2.0
1742772746.0371392,2.0
1742772746.0475361,2.0
1742772746.0579443,2.0
1742772746.0684328,2.0
1742772746.0788589,2.0
1742772746.089265,2.0
1742772746.099644,2.0
1742772746.110249,2.0
1742772746.1206326,2.0
1742772746.131052,2.0
1742772746.1414213,2.0
1742772746.151792,2.0
1742772746.162207,2.0
1742772746.172596,2.0
1742772746.1830263,2.0
1742772746.1934538,2.0
1742772746.2038512,2.0
1742772746.214381,2.0
1742772746.224726,2.0
1742772746.235149,2.0
1742772746.2454996,2.0
1742772746.2559192,2.0
1742772746.2664158,2.0
1742772746.276771,2.0
1742772746.2871888,2.0
1742772746.2976007,2.0
1742772746.3080149,2.0
1742772746.3185058,2.0
1742772746.328941,2.0
1742772746.339343,2.0
1742772746.3496876,2.0
1742772746.3601108,2.0
1742772746.370511,2.0
1742772746.380896,2.0
1742772746.39128,2.0
1742772746.4019625,2.0
1742772746.412325,2.0
1742772746.4227664,2.0
1742772746.4331517,2.0
1742772746.4435642,2.0
1742772746.4540272,2.0
1742772746.4644656,2.0
1742772746.4748623,2.0
1742772746.4852543,2.0
1742772746.49565,2.0
1742772746.5065181,2.0
1742772746.518235,2.0
1742772746.5285552,2.0
1742772746.538898,2.0
1742772746.5492516,2.0
1742772746.5605006,2.0
1742772746.5708039,2.0
1742772746.5811374,2.0
1742772746.5919414,2.0
1742772746.6022978,2.0
1742772746.612672,2.0
1742772746.6231139,2.0
1742772746.6334627,2.0
1742772746.643854,2.0
1742772746.654934,2.0
1742772746.665322,2.0
1742772746.6756992,2.0
1742772746.6860464,2.0
1742772746.6963785,2.0
1742772746.706813,2.0
1742772746.71718,2.0
1742772746.7275612,2.0
1742772746.7379377,2.0
1742772746.7483003,2.0
1742772746.7586677,2.0
1742772746.769074,2.0
1742772746.7794478,2.0
1742772746.7897933,2.0
1742772746.800169,2.0
1742772746.8105319,2.0
1742772746.8210604,2.0
1742772746.831425,2.0
1742772746.8418014,2.0
1742772746.853478,2.0
1742772746.863856,2.0
1742772746.8742297,2.0
1742772746.8845758,2.0
1742772746.8950171,2.0
1742772746.9053721,2.0
1742772746.9157197,2.0
1742772746.9263248,2.0
1742772746.9366584,2.0
1742772746.9470344,2.0
1742772746.9574037,2.0
1742772746.967764,2.0
1742772746.9781466,2.0
1742772746.988484,2.0
1742772746.9988608,2.0
1742772747.0092325,2.0
1742772747.0195916,2.0
1742772747.030763,2.0
1742772747.0499883,2.0
1742772747.0635915,2.0
1742772747.0738502,2.0
1742772747.0841987,2.0
1742772747.0945528,2.0
1742772747.1052763,2.0
1742772747.115639,2.0
1742772747.1261826,2.0
1742772747.1364908,2.0
1742772747.1468382,2.0
1742772747.1571856,2.0
1742772747.1675286,2.0
1742772747.1778865,2.0
1742772747.1882536,2.0
1742772747.1986012,2.0
1742772747.20892,2.0
1742772747.2193055,2.0
1742772747.2297444,2.0
1742772747.240056,2.0
1742772747.250442,2.0
1742772747.2607892,2.0
1742772747.2712097,2.0
1742772747.281541,2.0
1742772747.2918997,2.0
1742772747.3022594,2.0
1742772747.312623,2.0
1742772747.3230352,2.0
1742772747.3336527,2.0
1742772747.3440132,2.0
1742772747.3543754,2.0
1742772747.3647575,2.0
1742772747.3751187,2.0
1742772747.3855448,2.0
1742772747.3959346,2.0
1742772747.4063342,2.0
1742772747.4167583,2.0
1742772747.4271479,2.0
1742772747.4375677,2.0
1742772747.447943,2.0
1742772747.458389,2.0
1742772747.468955,2.0
1742772747.4793756,2.0
1742772747.4898233,2.0
1742772747.5002186,2.0
1742772747.5130615,2.0
1742772747.5234964,2.0
1742772747.5340445,2.0
1742772747.5443854,2.0
1742772747.555679,2.0
1742772747.566044,2.0
1742772747.576445,2.0
1742772747.5872538,2.0
1742772747.5977674,2.0
1742772747.6081202,2.0
1742772747.618532,2.0
1742772747.6289284,2.0
1742772747.6395116,2.0
1742772747.649996,2.0
1742772747.660478,2.0
1742772747.670929,2.0
1742772747.6814353,2.0
1742772747.69199,2.0
1742772747.7024589,2.0
1742772747.712906,2.0
1742772747.7234066,2.0
1742772747.7343843,2.0
1742772747.7447655,2.0
1742772747.755174,2.0
1742772747.7656577,2.0
1742772747.7761362,2.0
1742772747.7865853,2.0
1742772747.7970905,2.0
1742772747.8075044,2.0
1742772747.8179672,2.0
1742772747.8283572,2.0
1742772747.8388782,2.0
1742772747.8492842,2.0
1742772747.861097,2.0
1742772747.8715074,2.0
1742772747.8819366,2.0
1742772747.8923926,2.0
1742772747.902811,2.0
1742772747.9133043,2.0
1742772747.9237607,2.0
1742772747.934216,2.0
1742772747.9447165,2.0
1742772747.9551187,2.0
1742772747.965617,2.0
1742772747.97601,2.0
1742772747.9864395,2.0
1742772747.9968684,2.0
1742772748.0073574,2.0
1742772748.0178044,2.0
1742772748.028198,2.0
1742772748.0388374,2.0
1742772748.0492227,2.0
1742772748.0596356,2.0
1742772748.0701072,2.0
1742772748.0804675,2.0
1742772748.0908937,2.0
1742772748.101318,2.0
1742772748.1117213,2.0
1742772748.12211,2.0
1742772748.13254,2.0
1742772748.1430163,2.0
1742772748.153389,2.0
1742772748.1637642,2.0
1742772748.1742067,2.0
1742772748.1845846,2.0
1742772748.1950085,2.0
1742772748.2054706,2.0
1742772748.215842,2.0
1742772748.2262764,2.0
1742772748.2366793,2.0
1742772748.247276,2.0
1742772748.2576487,2.0
1742772748.268064,2.0
1742772748.278506,2.0
1742772748.288909,2.0
1742772748.2992988,2.0
1742772748.309712,2.0
1742772748.3201225,2.0
1742772748.3305342,2.0
1742772748.3409321,2.0
1742772748.3514357,2.0
1742772748.361814,2.0
1742772748.372188,2.0
1742772748.3825788,2.0
1742772748.3929527,2.0
1742772748.403764,2.0
1742772748.4141796,2.0
1742772748.4245703,2.0
1742772748.434938,2.0
1742772748.445478,2.0
1742772748.4558227,2.0
1742772748.4662728,2.0
1742772748.4766462,2.0
1742772748.4870455,2.0
1742772748.4974012,2.0
1742772748.5086324,2.0
1742772748.5199933,2.0
1742772748.5302985,2.0
1742772748.5406616,2.0
1742772748.551563,2.0
1742772748.562342,2.0
1742772748.5726593,2.0
1742772748.5830607,2.0
1742772748.5936935,2.0
1742772748.604037,2.0
1742772748.6144276,2.0
1742772748.624807,2.0
1742772748.6352324,2.0
1742772748.6456034,2.0
1742772748.6560562,2.0
1742772748.6665812,2.0
1742772748.677401,2.0
1742772748.6877966,2.0
1742772748.6981494,2.0
1742772748.7085898,2.0
1742772748.719012,2.0
1742772748.7293606,2.0
1742772748.7397616,2.0
1742772748.7503214,2.0
1742772748.7606704,2.0
1742772748.7710676,2.0
1742772748.7814915,2.0
1742772748.7918744,2.0
1742772748.802252,2.0
1742772748.8126523,2.0
1742772748.8230667,2.0
1742772748.8334675,2.0
1742772748.8438792,2.0
1742772748.8555129,2.0
1742772748.8658412,2.0
1742772748.876264,2.0
1742772748.8866615,2.0
1742772748.897183,2.0
1742772748.9075844,2.0
1742772748.917978,2.0
1742772748.9283967,2.0
1742772748.9388194,2.0
1742772748.9492228,2.0
1742772748.9597292,2.0
1742772748.9701276,2.0
1742772748.9805155,2.0
1742772748.990931,2.0
1742772749.0013537,2.0
1742772749.01177,2.0
1742772749.0222168,2.0
1742772749.0326006,2.0
1742772749.0429869,2.0
1742772749.0536985,2.0
1742772749.0640454,2.0
1742772749.0745325,2.0
1742772749.0849073,2.0
1742772749.095361,2.0
1742772749.105724,2.0
1742772749.1161418,2.0
1742772749.1265419,2.0
1742772749.1369512,2.0
1742772749.1473622,2.0
1742772749.1580284,2.0
1742772749.1683662,2.0
1742772749.1787503,2.0
1742772749.1891544,2.0
1742772749.1995642,2.0
1742772749.2099438,2.0
1742772749.2203903,2.0
1742772749.2308102,2.0
1742772749.2412395,2.0
1742772749.2516422,2.0
1742772749.2622063,2.0
1742772749.2725933,2.0
1742772749.282966,2.0
1742772749.2933338,2.0
1742772749.303796,2.0
1742772749.3142085,2.0
1742772749.3245754,2.0
1742772749.3349543,2.0
1742772749.3453348,2.0
1742772749.355753,2.0
1742772749.3662884,2.0
1742772749.376638,2.0
1742772749.3870099,2.0
1742772749.3973866,2.0
1742772749.4077935,2.0
1742772749.4182158,2.0
1742772749.4286067,2.0
1742772749.4390106,2.0
1742772749.4494088,2.0
1742772749.4599164,2.0
1742772749.470371,2.0
1742772749.4807441,2.0
1742772749.491143,2.0
1742772749.5015159,2.0
1742772749.513448,2.0
1742772749.5238054,2.0
1742772749.5341797,2.0
1742772749.5445476,2.0
1742772749.5553913,2.0
1742772749.5661254,2.0
1742772749.5764937,2.0
1742772749.5870001,2.0
1742772749.5978518,2.0
1742772749.608157,2.0
1742772749.618512,2.0
1742772749.628878,2.0
1742772749.639303,2.0
1742772749.6496463,2.0
1742772749.659993,2.0
1742772749.67072,2.0
1742772749.6810887,2.0
1742772749.6914515,2.0
1742772749.701855,2.0
1742772749.712202,2.0
1742772749.7225783,2.0
1742772749.732919,2.0
1742772749.7433271,2.0
1742772749.7536838,2.0
1742772749.7642152,2.0
1742772749.7745569,2.0
1742772749.7849169,2.0
1742772749.795277,2.0
1742772749.8056746,2.0
1742772749.8160582,2.0
1742772749.8264256,2.0
1742772749.8367956,2.0
1742772749.8471653,2.0
1742772749.8586848,2.0
1742772749.86916,2.0
1742772749.8795211,2.0
1742772749.889924,2.0
1742772749.9002995,2.0
1742772749.9106758,2.0
1742772749.9210792,2.0
1742772749.9314563,2.0
1742772749.9418378,2.0
1742772749.9522018,2.0
1742772749.9625657,2.0
1742772749.973034,2.0
1742772749.9833786,2.0
1742772749.993741,2.0
1742772750.0040839,2.0
1742772750.0144258,2.0
1742772750.0247934,2.0
1742772750.0351398,2.0
1742772750.0454879,2.0
1742772750.0558765,2.0
1742772750.0662134,2.0
1742772750.0766363,2.0
1742772750.0869663,2.0
1742772750.0973496,2.0
1742772750.107668,2.0
1742772750.1180296,2.0
1742772750.128373,2.0
1742772750.138722,2.0
1742772750.149072,2.0
1742772750.1594133,2.0
1742772750.170116,2.0
1742772750.1804318,2.0
1742772750.1907768,2.0
1742772750.201131,2.0
1742772750.2114944,2.0
1742772750.221865,2.0
1742772750.2321904,2.0
1742772750.242539,2.0
1742772750.2528808,2.0
1742772750.2633157,2.0
1742772750.273743,2.0
1742772750.284071,2.0
1742772750.294473,2.0
1742772750.3048258,2.0
1742772750.3151846,2.0
1742772750.3255503,2.0
1742772750.3359156,2.0
1742772750.3462768,2.0
1742772750.3566124,2.0
1742772750.3670442,2.0
1742772750.3777137,2.0
1742772750.3880353,2.0
1742772750.398436,2.0
1742772750.4088507,2.0
1742772750.419248,2.0
1742772750.4297132,2.0
1742772750.4401193,2.0
1742772750.4505603,2.0
1742772750.460988,2.0
1742772750.4715059,2.0
1742772750.4819663,2.0
1742772750.492441,2.0
1742772750.5028188,2.0
1742772750.5149047,2.0
1742772750.52518,2.0
1742772750.5355906,2.0
1742772750.5460343,2.0
1742772750.5573843,2.0
1742772750.567758,2.0
1742772750.5783212,2.0
1742772750.5888748,2.0
1742772750.599498,2.0
1742772750.6098878,2.0
1742772750.6203387,2.0
1742772750.630792,2.0
1742772750.6412857,2.0
1742772750.6518333,2.0
1742772750.6622648,2.0
1742772750.672835,2.0
1742772750.6832995,2.0
1742772750.6940138,2.0
1742772750.7068644,3.0
1742772750.7183814,3.0
1742772750.7297359,3.0
1742772750.7410986,3.0
1742772750.7525177,3.0
1742772750.763852,3.0
1742772750.7752328,3.0
1742772750.7866366,3.0
1742772750.798008,3.0
1742772750.8093665,3.0
1742772750.8207314,3.0
1742772750.8320882,3.0
1742772750.8434877,3.0
1742772750.856643,3.0
1742772750.8678193,3.0
1742772750.879302,3.0
1742772750.890812,3.0
1742772750.9021149,3.0
1742772750.9133525,3.0
1742772750.924718,3.0
1742772750.9359608,3.0
1742772750.9472322,3.0
1742772750.958533,3.0
1742772750.9697971,3.0
1742772750.9812765,3.0
1742772750.992526,3.0
1742772751.0037696,3.0
1742772751.01503,3.0
1742772751.0262644,3.0
1742772751.0374722,3.0
1742772751.0487437,3.0
1742772751.0599759,3.0
1742772751.071324,3.0
1742772751.083211,3.0
1742772751.0944393,3.0
1742772751.1057248,3.0
1742772751.1169603,3.0
1742772751.1282125,3.0
1742772751.1394439,3.0
1742772751.1507404,3.0
1742772751.1620028,3.0
1742772751.1732419,3.0
1742772751.1846914,3.0
1742772751.195931,3.0
1742772751.2072055,3.0
1742772751.2184603,3.0
1742772751.2297351,3.0
1742772751.240949,3.0
1742772751.2522187,3.0
1742772751.2634814,3.0
1742772751.2748086,3.0
1742772751.286261,3.0
1742772751.2974942,3.0
1742772751.308774,3.0
1742772751.3200758,3.0
1742772751.331354,3.0
1742772751.3425922,3.0
1742772751.3538334,3.0
1742772751.3650897,3.0
1742772751.3763313,3.0
1742772751.3878007,3.0
1742772751.3990698,3.0
1742772751.4102876,3.0
1742772751.4215086,3.0
1742772751.4327743,3.0
1742772751.444038,3.0
1742772751.4552727,3.0
1742772751.4665022,3.0
1742772751.4777963,3.0
1742772751.4892373,3.0
1742772751.5004718,3.0
1742772751.513787,3.0
1742772751.5249448,3.0
1742772751.5361934,3.0
1742772751.5474591,3.0
1742772751.5594904,3.0
1742772751.5706959,3.0
1742772751.5819256,3.0
1742772751.5937567,3.0
1742772751.6052208,3.0
1742772751.6165047,3.0
1742772751.6277647,3.0
1742772751.6390216,3.0
1742772751.650271,3.0
1742772751.661486,3.0
1742772751.6728373,3.0
1742772751.6840813,3.0
1742772751.695487,3.0
1742772751.706747,3.0
1742772751.7180226,3.0
1742772751.7292657,3.0
1742772751.7405148,3.0
1742772751.7517743,3.0
1742772751.7630177,3.0
1742772751.774313,3.0
1742772751.7855191,3.0
1742772751.7969801,3.0
1742772751.8082545,3.0
1742772751.8194964,3.0
1742772751.830758,3.0
1742772751.8420246,3.0
1742772751.8549168,3.0
1742772751.866046,3.0
1742772751.8773646,3.0
1742772751.8886032,3.0
1742772751.9000144,3.0
1742772751.9112978,3.0
1742772751.9226217,3.0
1742772751.9339511,3.0
1742772751.945204,3.0
1742772751.9564755,3.0
1742772751.9677677,3.0
1742772751.9790745,3.0
1742772751.990318,3.0
1742772752.001711,3.0
1742772752.0129204,3.0
1742772752.024171,3.0
1742772752.035471,3.0
1742772752.0467832,3.0
1742772752.0580134,3.0
1742772752.0692594,3.0
1742772752.0805085,3.0
1742772752.0917811,3.0
1742772752.1045487,3.0
1742772752.1155143,2.0
1742772752.1268673,3.0
1742772752.1381366,3.0
1742772752.1494057,3.0
1742772752.1606445,3.0
1742772752.1718714,3.0
1742772752.1831503,3.0
1742772752.194386,3.0
1742772752.2058587,3.0
1742772752.217102,3.0
1742772752.2290852,3.0
1742772752.240302,3.0
1742772752.2515368,3.0
1742772752.2627878,3.0
1742772752.2741203,3.0
1742772752.285372,3.0
1742772752.2966194,3.0
1742772752.3080504,3.0
1742772752.3193421,3.0
1742772752.3305955,3.0
1742772752.3418367,3.0
1742772752.353074,3.0
1742772752.3643136,3.0
1742772752.3755965,3.0
1742772752.3868794,3.0
1742772752.3980882,3.0
1742772752.4096916,3.0
1742772752.4209642,3.0
1742772752.4322906,3.0
1742772752.4435403,3.0
1742772752.4548235,3.0
1742772752.4660566,3.0
1742772752.4773717,3.0
1742772752.4886363,3.0
1742772752.4998903,3.0
1742772752.5114064,2.0
1742772752.5224645,3.0
1742772752.5337057,3.0
1742772752.5449703,3.0
1742772752.557942,3.0
1742772752.5691493,3.0
1742772752.5803876,3.0
1742772752.5924246,3.0
1742772752.6036198,3.0
1742772752.615186,3.0
1742772752.6264265,3.0
1742772752.637715,3.0
1742772752.648928,3.0
1742772752.6601787,3.0
1742772752.6715693,3.0
1742772752.6828456,3.0
1742772752.694071,3.0
1742772752.7061675,3.0
1742772752.7175298,3.0
1742772752.7288,3.0
1742772752.740031,3.0
1742772752.7513008,3.0
1742772752.762543,3.0
1742772752.7738008,3.0
1742772752.7850878,3.0
1742772752.7963343,3.0
1742772752.8075888,3.0
1742772752.8190525,3.0
1742772752.8302987,3.0
1742772752.841571,3.0
1742772752.854148,3.0
1742772752.8655457,3.0
1742772752.8768475,3.0
1742772752.8881152,3.0
1742772752.9048936,3.0
1742772752.9164078,3.0
1742772752.9276414,3.0
1742772752.9388614,3.0
1742772752.950132,3.0
1742772752.961355,3.0
1742772752.9725952,3.0
1742772752.983844,3.0
1742772752.995102,3.0
1742772753.006333,3.0
1742772753.0177999,3.0
1742772753.029086,3.0
1742772753.0403633,3.0
1742772753.0516157,3.0
1742772753.0628896,3.0
1742772753.0742157,3.0
1742772753.0854447,3.0
1742772753.0967002,3.0
1742772753.1079273,3.0
1742772753.1193767,3.0
1742772753.1305976,3.0
1742772753.1418505,3.0
1742772753.1530497,3.0
1742772753.1643124,3.0
1742772753.1755304,3.0
1742772753.1867797,3.0
1742772753.1980417,3.0
1742772753.209291,3.0
1742772753.220735,3.0
1742772753.2320373,3.0
1742772753.2432768,3.0
1742772753.2545307,3.0
1742772753.2657824,3.0
1742772753.2771306,3.0
1742772753.2884047,3.0
1742772753.2996745,3.0
1742772753.3109593,3.0
1742772753.322381,3.0
1742772753.333598,3.0
1742772753.344866,3.0
1742772753.3561032,3.0
1742772753.3673718,3.0
1742772753.3786104,3.0
1742772753.3898554,3.0
1742772753.401078,3.0
1742772753.4123313,3.0
1742772753.423798,3.0
1742772753.4350636,3.0
1742772753.446302,3.0
1742772753.4575195,3.0
1742772753.4687586,3.0
1742772753.4801118,3.0
1742772753.4913652,3.0
1742772753.5026224,3.0
1742772753.5139425,2.0
1742772753.5253243,3.0
1742772753.5366027,3.0
1742772753.549682,3.0
1742772753.5607574,3.0
1742772753.572077,3.0
1742772753.583393,3.0
1742772753.595511,3.0
1742772753.606889,3.0
1742772753.6183522,3.0
1742772753.6298182,3.0
1742772753.6412299,3.0
1742772753.6525424,3.0
1742772753.663867,3.0
1742772753.6752923,3.0
1742772753.6866112,3.0
1742772753.6979084,3.0
1742772753.7092166,3.0
1742772753.7205257,3.0
1742772753.7319853,3.0
1742772753.743267,3.0
1742772753.7545843,3.0
1742772753.7659204,3.0
1742772753.7772322,3.0
1742772753.7885578,3.0
1742772753.7998645,3.0
1742772753.8112252,3.0
1742772753.8225214,3.0
1742772753.8338842,3.0
1742772753.8451917,3.0
1742772753.858186,3.0
1742772753.8694448,3.0
1742772753.8808558,3.0
1742772753.892294,3.0
1742772753.9035933,3.0
1742772753.9149306,3.0
1742772753.926529,3.0
1742772753.9377441,1.0
1742772753.9491835,3.0
1742772753.9605772,3.0
1742772753.9720647,3.0
1742772753.9835467,3.0
1742772753.9950175,3.0
1742772754.006462,3.0
1742772754.0179205,3.0
1742772754.029545,3.0
1742772754.0409598,3.0
1742772754.052436,3.0
1742772754.0639048,3.0
1742772754.0754647,3.0
1742772754.0869448,3.0
1742772754.0984213,3.0
1742772754.109882,3.0
1742772754.1213145,3.0
1742772754.1330383,3.0
1742772754.1445,3.0
1742772754.1559525,3.0
1742772754.1674979,3.0
1742772754.1790638,3.0
1742772754.1905105,3.0
1742772754.2020347,1.0
1742772754.2139814,1.0
1742772754.2253213,3.0
1742772754.2372277,3.0
1742772754.2489057,3.0
1742772754.2602546,3.0
1742772754.2722585,3.0
1742772754.2837033,3.0
1742772754.2950583,3.0
1742772754.3065479,3.0
1742772754.317849,3.0
1742772754.3291469,3.0
1742772754.3404636,3.0
1742772754.3517947,3.0
1742772754.3631377,3.0
1742772754.3744295,3.0
1742772754.3857431,3.0
1742772754.3970537,3.0
1742772754.4083595,3.0
1742772754.419698,3.0
1742772754.4310126,3.0
1742772754.442301,3.0
1742772754.4536226,3.0
1742772754.4649134,3.0
1742772754.4762259,3.0
1742772754.487578,3.0
1742772754.4988682,3.0
1742772754.5102835,2.0
1742772754.5216248,3.0
1742772754.5329127,3.0
1742772754.5461874,1.0
1742772754.5588915,3.0
1742772754.5703158,3.0
1742772754.5817206,3.0
1742772754.5936885,3.0
1742772754.6049762,3.0
1742772754.616308,3.0
1742772754.6276069,3.0
1742772754.6392455,3.0
1742772754.6505997,3.0
1742772754.661832,3.0
1742772754.673082,3.0
1742772754.6844604,3.0
1742772754.6957436,3.0
1742772754.7071366,3.0
1742772754.7191253,3.0
1742772754.730357,3.0
1742772754.7417693,3.0
1742772754.7530038,3.0
1742772754.7643034,3.0
1742772754.775587,3.0
1742772754.78746,3.0
1742772754.7988167,3.0
1742772754.8101127,3.0
1742772754.821422,3.0
1742772754.832807,3.0
1742772754.8443027,3.0
1742772754.8573973,3.0
1742772754.8686762,3.0
1742772754.8800125,3.0
1742772754.8914983,3.0
1742772754.902802,3.0
1742772754.9142315,3.0
1742772754.925748,3.0
1742772754.93706,3.0
1742772754.9484162,3.0
1742772754.959744,3.0
1742772754.9710844,3.0
1742772754.982395,3.0
1742772754.9937603,3.0
1742772755.0050645,3.0
1742772755.0164323,3.0
1742772755.027774,3.0
1742772755.0391247,3.0
1742772755.0510783,3.0
1742772755.062444,3.0
1742772755.0737731,3.0
1742772755.0851834,3.0
1742772755.0965152,3.0
1742772755.107766,3.0
1742772755.1189914,3.0
1742772755.1303136,3.0
1742772755.141523,3.0
1742772755.152889,3.0
1742772755.1641457,3.0
1742772755.175381,3.0
1742772755.1866343,3.0
1742772755.197894,3.0
1742772755.2091372,3.0
1742772755.2203836,3.0
1742772755.2316298,3.0
1742772755.2428887,3.0
1742772755.2542243,3.0
1742772755.2654552,3.0
1742772755.2766914,3.0
1742772755.288002,3.0
1742772755.2992346,3.0
1742772755.3104842,3.0
1742772755.321791,3.0
1742772755.3330026,3.0
1742772755.3442404,3.0
1742772755.3556464,3.0
1742772755.3668811,3.0
1742772755.3781204,3.0
1742772755.3893535,3.0
1742772755.40061,3.0
1742772755.4119024,3.0
1742772755.4231613,3.0
1742772755.4344163,3.0
1742772755.4456398,3.0
1742772755.457016,3.0
1742772755.4683037,3.0
1742772755.4795053,3.0
1742772755.49076,3.0
1742772755.5019648,3.0
1742772755.5130837,2.0
1742772755.5242057,3.0
1742772755.5354614,3.0
1742772755.5485604,3.0
1742772755.5597556,3.0
1742772755.5709577,3.0
1742772755.5821335,3.0
1742772755.593976,3.0
1742772755.6051502,3.0
1742772755.6163146,3.0
1742772755.6275065,3.0
1742772755.6387575,3.0
1742772755.6499135,3.0
1742772755.6612468,3.0
1742772755.6724522,3.0
1742772755.683704,3.0
1742772755.6948564,3.0
1742772755.7061186,3.0
1742772755.7174118,3.0
1742772755.728548,3.0
1742772755.7397175,3.0
1742772755.750955,3.0
1742772755.7622747,3.0
1742772755.7734377,3.0
1742772755.7846303,3.0
1742772755.7958057,3.0
1742772755.807029,3.0
1742772755.8182335,3.0
1742772755.8294148,3.0
1742772755.8405929,3.0
1742772755.853034,3.0
1742772755.8645864,3.0
1742772755.8758287,3.0
1742772755.8870978,3.0
1742772755.8984568,3.0
1742772755.9096048,3.0
1742772755.9207947,3.0
1742772755.9320066,3.0
1742772755.9432285,3.0
1742772755.954425,3.0
1742772755.9658697,3.0
1742772755.9770672,3.0
1742772755.9882727,3.0
1742772755.9995058,3.0
1742772756.010763,3.0
1742772756.0219553,3.0
1742772756.0331624,3.0
1742772756.0443738,3.0
1742772756.055563,3.0
1742772756.0668757,3.0
1742772756.0780976,3.0
1742772756.0893545,3.0
1742772756.1005993,3.0
1742772756.1118162,3.0
1742772756.1230378,3.0
1742772756.13425,3.0
1742772756.1454165,3.0
1742772756.1566253,3.0
1742772756.1679451,3.0
1742772756.1791923,3.0
1742772756.190401,3.0
1742772756.2016032,3.0
1742772756.2128327,3.0
1742772756.224068,3.0
1742772756.2352936,3.0
1742772756.246528,3.0
1742772756.2577534,3.0
1742772756.2690911,3.0
1742772756.280359,3.0
1742772756.291662,3.0
1742772756.3028655,3.0
1742772756.3140657,3.0
1742772756.3253026,3.0
1742772756.3365395,3.0
1742772756.3477707,3.0
1742772756.3590224,3.0
1742772756.3703232,3.0
1742772756.381529,3.0
1742772756.3927674,3.0
1742772756.4039624,3.0
1742772756.415605,3.0
1742772756.426862,3.0
1742772756.4380856,3.0
1742772756.4492812,3.0
1742772756.4605298,3.0
1742772756.4718575,3.0
1742772756.4831035,3.0
1742772756.4943008,3.0
1742772756.5093753,3.0
1742772756.5203886,3.0
1742772756.5316157,3.0
1742772756.542811,3.0
1742772756.5556767,3.0
1742772756.5670192,3.0
1742772756.5782235,3.0
1742772756.5901752,3.0
1742772756.6013465,3.0
1742772756.6125705,3.0
1742772756.6238737,3.0
1742772756.6351144,3.0
1742772756.6463323,3.0
1742772756.6575294,3.0
1742772756.668922,3.0
1742772756.6801326,3.0
1742772756.6914434,3.0
1742772756.7026978,3.0
1742772756.7139208,3.0
1742772756.7251031,3.0
1742772756.7367961,3.0
1742772756.7487073,3.0
1742772756.7599168,3.0
1742772756.7713056,3.0
1742772756.78256,3.0
1742772756.793806,3.0
1742772756.8050086,3.0
1742772756.8162231,3.0
1742772756.8274913,3.0
1742772756.838763,3.0
1742772756.8499506,3.0
1742772756.8626018,3.0
1742772756.8741527,3.0
1742772756.8853607,3.0
1742772756.8966632,3.0
1742772756.9078958,3.0
1742772756.9190972,3.0
1742772756.9303036,3.0
1742772756.9415073,3.0
1742772756.9527192,3.0
1742772756.9639351,3.0
1742772756.9753935,3.0
1742772756.9866698,3.0
1742772756.9978456,3.0
1742772757.0090249,3.0
1742772757.020305,3.0
1742772757.031541,3.0
1742772757.042771,3.0
1742772757.0539794,3.0
1742772757.0651917,3.0
1742772757.0766385,3.0
1742772757.0894153,3.0
1742772757.1006258,3.0
1742772757.1118505,3.0
1742772757.1230664,3.0
1742772757.1342974,3.0
1742772757.1455045,3.0
1742772757.1567266,3.0
1742772757.1679208,3.0
1742772757.181116,3.0
1742772757.1944284,3.0
1742772757.2056282,3.0
1742772757.2168794,3.0
1742772757.2280698,3.0
1742772757.2393343,3.0
1742772757.2505097,3.0
1742772757.2617347,3.0
1742772757.2729728,3.0
1742772757.28442,3.0
1742772757.2957168,3.0
1742772757.3069456,3.0
1742772757.3181336,3.0
1742772757.329319,3.0
1742772757.340499,3.0
1742772757.3522937,3.0
1742772757.3634994,3.0
1742772757.3747478,3.0
1742772757.38688,3.0
1742772757.3980706,3.0
1742772757.4092443,3.0
1742772757.420435,3.0
1742772757.4316359,3.0
1742772757.4428413,3.0
1742772757.4540849,3.0
1742772757.4652145,3.0
1742772757.4764097,3.0
1742772757.4878366,3.0
1742772757.4990509,3.0
1742772757.5129669,3.0
1742772757.5240922,3.0
1742772757.535264,3.0
1742772757.5464287,3.0
1742772757.558658,3.0
1742772757.5698586,3.0
1742772757.5812583,3.0
1742772757.5929658,3.0
1742772757.6042562,3.0
1742772757.615481,3.0
1742772757.626702,3.0
1742772757.6378849,3.0
1742772757.6490703,3.0
1742772757.6603081,3.0
1742772757.6715004,3.0
1742772757.6828933,3.0
1742772757.6941726,3.0
1742772757.7053525,3.0
1742772757.7165427,3.0
1742772757.7277603,3.0
1742772757.7389839,3.0
1742772757.7501695,3.0
1742772757.7613246,3.0
1742772757.7725713,3.0
1742772757.7839785,3.0
1742772757.7951977,3.0
1742772757.8063998,3.0
1742772757.8176231,3.0
1742772757.8287628,3.0
1742772757.8399467,3.0
1742772757.8512335,3.0
1742772757.8639567,3.0
1742772757.8751478,3.0
1742772757.88654,3.0
1742772757.8978412,3.0
1742772757.9090388,3.0
1742772757.920266,3.0
1742772757.9314787,3.0
1742772757.942706,3.0
1742772757.9538925,3.0
1742772757.9650626,3.0
1742772757.976295,3.0
1742772757.9876497,3.0
1742772757.9988432,3.0
1742772758.0100098,3.0
1742772758.0211813,3.0
1742772758.0324323,3.0
1742772758.0435987,3.0
1742772758.0548346,3.0
1742772758.0659966,3.0
1742772758.0771623,3.0
1742772758.0886452,3.0
1742772758.099916,3.0
1742772758.1111078,3.0
1742772758.122271,3.0
1742772758.1334515,3.0
1742772758.1446893,3.0
1742772758.1558642,3.0
1742772758.1670392,3.0
1742772758.1782188,3.0
1742772758.1896832,3.0
1742772758.200843,3.0
1742772758.212041,3.0
1742772758.2232118,3.0
1742772758.2344162,3.0
1742772758.2455873,3.0
1742772758.256806,3.0
1742772758.267976,3.0
1742772758.2791872,3.0
1742772758.2906537,3.0
1742772758.3019187,3.0
1742772758.3131182,3.0
1742772758.3243206,3.0
1742772758.33892,3.0
1742772758.3493345,2.0
1742772758.3597686,2.0
1742772758.3702073,2.0
1742772758.3806434,2.0
1742772758.39135,2.0
1742772758.4017606,2.0
1742772758.412186,2.0
1742772758.4226263,2.0
1742772758.433075,2.0
1742772758.443517,2.0
1742772758.4539483,2.0
1742772758.46437,2.0
1742772758.4748023,2.0
1742772758.4852417,2.0
1742772758.495769,2.0
1742772758.506514,2.0
1742772758.51821,2.0
1742772758.528587,2.0
1742772758.53906,2.0
1742772758.549485,2.0
1742772758.56064,2.0
1742772758.5710454,2.0
1742772758.5814662,2.0
1742772758.5920146,2.0
1742772758.6028695,2.0
1742772758.613266,2.0
1742772758.623716,2.0
1742772758.6341202,2.0
1742772758.644552,2.0
1742772758.6550138,2.0
1742772758.6654332,2.0
1742772758.6758661,2.0
1742772758.6863344,2.0
1742772758.6968741,2.0
1742772758.7073073,2.0
1742772758.7177727,2.0
1742772758.7282245,2.0
1742772758.7386596,2.0
1742772758.7491403,2.0
1742772758.760207,2.0
1742772758.7706375,2.0
1742772758.7810647,2.0
1742772758.7915182,2.0
1742772758.802126,2.0
1742772758.812569,2.0
1742772758.8230217,2.0
1742772758.8334506,2.0
1742772758.8440197,2.0
1742772758.8556185,2.0
1742772758.866199,2.0
1742772758.8766112,2.0
1742772758.8870518,2.0
1742772758.8977873,2.0
1742772758.9081948,2.0
1742772758.9186761,2.0
1742772758.9291182,2.0
1742772758.9395666,2.0
1742772758.9499924,2.0
1742772758.9604342,2.0
1742772758.9708905,2.0
1742772758.9813182,2.0
1742772758.9917774,2.0
1742772759.00233,2.0
1742772759.012735,2.0
1742772759.0231972,2.0
1742772759.033639,2.0
1742772759.0440643,2.0
1742772759.054531,2.0
1742772759.0649638,2.0
1742772759.075415,2.0
1742772759.0858784,2.0
1742772759.096428,2.0
1742772759.106983,2.0
1742772759.1174192,2.0
1742772759.1278734,2.0
1742772759.138311,2.0
1742772759.148752,2.0
1742772759.1592052,2.0
1742772759.169635,2.0
1742772759.1801085,2.0
1742772759.190558,2.0
1742772759.2009761,2.0
1742772759.2115092,2.0
1742772759.2219336,2.0
1742772759.2323546,2.0
1742772759.242794,2.0
1742772759.2532265,2.0
1742772759.2636418,2.0
1742772759.2740796,2.0
1742772759.2844973,2.0
1742772759.2949584,2.0
1742772759.3055294,2.0
1742772759.3159983,2.0
1742772759.326467,2.0
1742772759.336891,2.0
1742772759.347371,2.0
1742772759.3578157,2.0
1742772759.368208,2.0
1742772759.37867,2.0
1742772759.3890915,2.0
1742772759.40024,2.0
1742772759.4107695,2.0
1742772759.421197,2.0
1742772759.4316432,2.0
1742772759.4420958,2.0
1742772759.4525025,2.0
1742772759.4630046,2.0
1742772759.473424,2.0
1742772759.4838655,2.0
1742772759.494302,2.0
1742772759.5051417,2.0
1742772759.5171263,2.0
1742772759.5275202,2.0
1742772759.5379786,2.0
1742772759.5483868,2.0
1742772759.5595498,2.0
1742772759.5699635,2.0
1742772759.5804095,2.0
1742772759.5911543,2.0
1742772759.6017513,2.0
1742772759.6124432,2.0
1742772759.6229048,2.0
1742772759.6333237,2.0
1742772759.6437712,2.0
1742772759.6541958,2.0
1742772759.6646316,2.0
1742772759.675118,2.0
1742772759.685545,2.0
1742772759.6960273,2.0
1742772759.706567,2.0
1742772759.7171004,2.0
1742772759.727551,2.0
1742772759.7380178,2.0
1742772759.7484303,2.0
1742772759.7588766,2.0
1742772759.7693095,2.0
1742772759.7797806,2.0
1742772759.7902155,2.0
1742772759.8006692,2.0
1742772759.8112187,2.0
1742772759.8216422,2.0
1742772759.8320608,2.0
1742772759.8424957,2.0
1742772759.8543668,2.0
1742772759.8647752,2.0
1742772759.875207,2.0
1742772759.8856587,2.0
1742772759.8962104,2.0
1742772759.907287,2.0
1742772759.917858,2.0
1742772759.9283025,2.0
1742772759.938769,2.0
1742772759.949243,2.0
1742772759.959709,2.0
1742772759.9701905,2.0
1742772759.9806461,2.0
1742772759.9911344,2.0
1742772760.0015802,2.0
1742772760.012042,2.0
1742772760.0226202,2.0
1742772760.0330787,2.0
1742772760.0435479,2.0
1742772760.05402,2.0
1742772760.0644667,2.0
1742772760.0749228,2.0
1742772760.0853744,2.0
1742772760.0958447,2.0
1742772760.1063564,2.0
1742772760.1168923,2.0
1742772760.1273766,2.0
1742772760.1378462,2.0
1742772760.148308,2.0
1742772760.1588056,2.0
1742772760.16927,2.0
1742772760.1797287,2.0
1742772760.1902084,2.0
1742772760.2006369,2.0
1742772760.2111127,2.0
1742772760.2216487,2.0
1742772760.2320967,2.0
1742772760.242584,2.0
1742772760.253217,2.0
1742772760.263729,2.0
1742772760.2741601,2.0
1742772760.284631,2.0
1742772760.2950914,2.0
1742772760.305549,2.0
1742772760.3160217,2.0
1742772760.3266492,2.0
1742772760.337085,2.0
1742772760.347543,2.0
1742772760.3580472,2.0
1742772760.3684993,2.0
1742772760.378945,2.0
1742772760.3894048,2.0
1742772760.3998475,2.0
1742772760.410305,2.0
1742772760.4208462,2.0
1742772760.4313219,2.0
1742772760.4417992,2.0
1742772760.4522722,2.0
1742772760.4627001,2.0
1742772760.4731245,2.0
1742772760.4835525,2.0
1742772760.494001,2.0
1742772760.5047913,2.0
1742772760.5168352,2.0
1742772760.527293,2.0
1742772760.5378058,2.0
1742772760.5482192,2.0
1742772760.5593874,2.0
1742772760.5697777,2.0
1742772760.5801876,2.0
1742772760.5908544,2.0
1742772760.6016057,2.0
1742772760.6120195,2.0
1742772760.6226158,2.0
1742772760.6330454,2.0
1742772760.6434758,2.0
1742772760.6538851,2.0
1742772760.6643224,2.0
1742772760.6747658,2.0
1742772760.6851678,2.0
1742772760.6956902,2.0
1742772760.7061954,2.0
1742772760.7166684,2.0
1742772760.7271786,2.0
1742772760.7375946,2.0
1742772760.748023,2.0
1742772760.7584517,2.0
1742772760.769348,2.0
1742772760.7797682,2.0
1742772760.7901893,2.0
1742772760.800595,2.0
1742772760.8110151,2.0
1742772760.8214216,2.0
1742772760.8319292,2.0
1742772760.842417,2.0
1742772760.8543167,2.0
1742772760.8647804,2.0
1742772760.8752422,2.0
1742772760.885728,2.0
1742772760.8962228,2.0
1742772760.9067245,2.0
1742772760.9239042,2.0
1742772760.9356706,1.0
1742772760.946024,2.0
1742772760.956583,2.0
1742772760.9671383,2.0
1742772760.9776797,2.0
1742772760.9882112,2.0
1742772760.998743,2.0
1742772761.0092642,2.0
1742772761.0198102,2.0
1742772761.0304167,2.0
1742772761.0409567,2.0
1742772761.0515099,2.0
1742772761.0620234,2.0
1742772761.0725586,2.0
1742772761.0831578,2.0
1742772761.0937018,2.0
1742772761.1042438,2.0
1742772761.1148076,2.0
1742772761.1253219,2.0
1742772761.1359308,2.0
1742772761.1464646,2.0
1742772761.1569977,2.0
1742772761.1675458,2.0
1742772761.178071,2.0
1742772761.188621,2.0
1742772761.1991827,2.0
1742772761.2097008,2.0
1742772761.2202477,2.0
1742772761.230972,2.0
1742772761.241489,2.0
1742772761.2520404,2.0
1742772761.26257,2.0
1742772761.2730992,2.0
1742772761.2836328,2.0
1742772761.294184,2.0
1742772761.3047178,2.0
1742772761.315265,2.0
1742772761.3258083,2.0
1742772761.3365111,2.0
1742772761.3470798,2.0
1742772761.3575723,2.0
1742772761.3680816,2.0
1742772761.3786058,2.0
1742772761.389139,2.0
1742772761.3996618,2.0
1742772761.4102042,2.0
1742772761.4207137,2.0
1742772761.431231,2.0
1742772761.4418516,2.0
1742772761.4523547,2.0
1742772761.4628863,2.0
1742772761.4734008,2.0
1742772761.4839158,2.0
1742772761.4944222,2.0
1742772761.505181,2.0
1742772761.517171,2.0
1742772761.5276263,2.0
1742772761.5382223,2.0
1742772761.5487888,2.0
1742772761.5599382,2.0
1742772761.570432,2.0
1742772761.5809383,2.0
1742772761.59171,2.0
1742772761.6025698,2.0
1742772761.613049,2.0
1742772761.6235833,2.0
1742772761.6340983,2.0
1742772761.6446657,2.0
1742772761.6551886,2.0
1742772761.6657343,2.0
1742772761.676231,2.0
1742772761.6867447,2.0
1742772761.697259,2.0
1742772761.7078156,2.0
1742772761.7183378,2.0
1742772761.7288463,2.0
1742772761.7394106,2.0
1742772761.7499285,2.0
1742772761.760442,2.0
1742772761.7709622,2.0
1742772761.7814686,2.0
1742772761.7920022,2.0
1742772761.802522,2.0
1742772761.813028,2.0
1742772761.8235567,2.0
1742772761.8340852,2.0
1742772761.8447573,2.0
1742772761.856328,2.0
1742772761.8670712,2.0
1742772761.8775544,2.0
1742772761.8880856,2.0
1742772761.8986273,2.0
1742772761.9092114,2.0
1742772761.9198756,2.0
1742772761.9303882,2.0
1742772761.9409873,2.0
1742772761.9514937,2.0
1742772761.9620254,2.0
1742772761.97254,2.0
1742772761.983069,2.0
1742772761.9935744,2.0
1742772762.0041103,2.0
1742772762.0146356,2.0
1742772762.0251465,2.0
1742772762.035658,2.0
1742772762.0464804,2.0
1742772762.0570123,2.0
1742772762.067529,2.0
1742772762.0781496,2.0
1742772762.0886219,2.0
1742772762.0991437,2.0
1742772762.1097317,2.0
1742772762.1202238,2.0
1742772762.1307297,2.0
1742772762.1412666,2.0
1742772762.1518059,2.0
1742772762.162348,2.0
1742772762.1728466,2.0
1742772762.1833818,2.0
1742772762.193909,2.0
1742772762.2044094,2.0
1742772762.2149758,2.0
1742772762.2254846,2.0
1742772762.2360065,2.0
1742772762.246864,2.0
1742772762.2592647,2.0
1742772762.269878,2.0
1742772762.2804341,2.0
1742772762.2910016,2.0
1742772762.301552,2.0
1742772762.312091,2.0
1742772762.322656,2.0
1742772762.3332286,2.0
1742772762.3437967,2.0
1742772762.3543916,2.0
1742772762.3649292,2.0
1742772762.3754787,2.0
1742772762.3860328,2.0
1742772762.3965678,2.0
1742772762.4071326,2.0
1742772762.4177215,2.0
1742772762.4283154,2.0
1742772762.4388664,2.0
1742772762.4495406,2.0
1742772762.4600673,2.0
1742772762.470867,2.0
1742772762.4814155,2.0
1742772762.4919915,2.0
1742772762.502675,2.0
1742772762.5153232,2.0
1742772762.525859,2.0
1742772762.5363836,2.0
1742772762.5469747,2.0
1742772762.558341,2.0
1742772762.568817,2.0
1742772762.5793538,2.0
1742772762.5899205,2.0
1742772762.6006837,2.0
1742772762.6111805,2.0
1742772762.6217065,2.0
1742772762.6322227,2.0
1742772762.6427767,2.0
1742772762.6534615,2.0
1742772762.664003,2.0
1742772762.674513,2.0
1742772762.6850426,2.0
1742772762.6955807,2.0
1742772762.7061725,2.0
1742772762.716682,2.0
1742772762.7272012,2.0
1742772762.7377212,2.0
1742772762.7482195,2.0
1742772762.7589993,2.0
1742772762.769498,2.0
1742772762.7800422,2.0
1742772762.7909155,2.0
1742772762.8014436,2.0
1742772762.8120136,2.0
1742772762.822575,2.0
1742772762.833088,2.0
1742772762.8436534,2.0
1742772762.855291,2.0
1742772762.8657973,2.0
1742772762.8763378,2.0
1742772762.8868845,2.0
1742772762.8973982,2.0
1742772762.9122884,2.0
1742772762.9229052,2.0
1742772762.9334466,2.0
1742772762.9439824,2.0
1742772762.9548256,2.0
1742772762.9653323,2.0
1742772762.975869,2.0
1742772762.9865658,2.0
1742772762.9971042,2.0
1742772763.0076468,2.0
1742772763.0181975,2.0
1742772763.0287173,2.0
1742772763.039256,2.0
1742772763.0497892,2.0
1742772763.0605795,2.0
1742772763.0710843,2.0
1742772763.0816407,2.0
1742772763.092178,2.0
1742772763.1027172,2.0
1742772763.1132483,2.0
1742772763.1268828,2.0
1742772763.1373112,2.0
1742772763.1478765,2.0
1742772763.158499,2.0
1742772763.16901,2.0
1742772763.1795628,2.0
1742772763.190087,2.0
1742772763.2006395,2.0
1742772763.2111654,2.0
1742772763.221721,2.0
1742772763.2322938,2.0
1742772763.2428732,2.0
1742772763.253426,2.0
1742772763.2641423,2.0
1742772763.274681,2.0
1742772763.2852228,2.0
1742772763.295792,2.0
1742772763.3063939,2.0
1742772763.3169277,2.0
1742772763.327508,2.0
1742772763.3380508,2.0
1742772763.3485842,2.0
1742772763.3593967,2.0
1742772763.3699632,2.0
1742772763.3805058,2.0
1742772763.391069,2.0
1742772763.4015846,2.0
1742772763.412145,2.0
1742772763.4227428,2.0
1742772763.4332874,2.0
1742772763.4438488,2.0
1742772763.4544857,2.0
1742772763.4653301,2.0
1742772763.4759076,2.0
1742772763.4864655,2.0
1742772763.4969933,2.0
1742772763.5086153,2.0
1742772763.5198827,2.0
1742772763.530388,2.0
1742772763.5409477,2.0
1742772763.5515053,2.0
1742772763.5629826,2.0
1742772763.5734773,2.0
1742772763.5840335,2.0
1742772763.5949218,2.0
1742772763.6054974,2.0
1742772763.6160579,2.0
1742772763.6266153,2.0
1742772763.637162,2.0
1742772763.647722,2.0
1742772763.6581655,2.0
1742772763.6687946,2.0
1742772763.6793275,2.0
1742772763.6898367,2.0
1742772763.7002866,2.0
1742772763.71078,2.0
1742772763.7212338,2.0
1742772763.7316785,2.0
1742772763.7421956,2.0
1742772763.7526495,2.0
1742772763.7634053,2.0
1742772763.7738981,2.0
1742772763.7843606,2.0
1742772763.794846,2.0
1742772763.8053603,2.0
1742772763.81583,2.0
1742772763.8263025,2.0
1742772763.8367693,2.0
1742772763.8472173,2.0
1742772763.859007,2.0
1742772763.8697567,2.0
1742772763.8801968,2.0
1742772763.8908362,2.0
1742772763.9012852,2.0
1742772763.9118285,2.0
1742772763.922324,2.0
1742772763.932823,2.0
1742772763.9433336,2.0
1742772763.9538581,2.0
1742772763.9643326,2.0
1742772763.9748585,2.0
1742772763.985342,2.0
1742772763.9958136,2.0
1742772764.0062885,2.0
1742772764.0167594,2.0
1742772764.0272694,2.0
1742772764.0377543,2.0
1742772764.0482137,2.0
1742772764.0586877,2.0
1742772764.0692728,2.0
1742772764.079742,2.0
1742772764.0902126,2.0
1742772764.1006992,2.0
1742772764.1112099,2.0
1742772764.1217446,2.0
1742772764.1322145,2.0
1742772764.1427407,2.0
1742772764.1531637,2.0
1742772764.1636565,2.0
1742772764.1743002,2.0
1742772764.1847637,2.0
1742772764.1952312,2.0
1742772764.2056882,2.0
1742772764.2161198,2.0
1742772764.2265563,2.0
1742772764.2370067,2.0
1742772764.2474504,2.0
1742772764.257895,2.0
1742772764.2683458,2.0
1742772764.2788186,2.0
1742772764.2892492,2.0
1742772764.2997127,2.0
1742772764.3101666,2.0
1742772764.3205621,2.0
1742772764.3310323,2.0
1742772764.3414848,2.0
1742772764.3519387,2.0
1742772764.3624504,2.0
1742772764.3729448,2.0
1742772764.3833833,2.0
1742772764.393853,2.0
1742772764.4042768,2.0
1742772764.4146943,2.0
1742772764.425196,2.0
1742772764.4356456,2.0
1742772764.4461367,2.0
1742772764.4565725,2.0
1742772764.4670286,2.0
1742772764.477746,2.0
1742772764.488156,2.0
1742772764.4986272,2.0
1742772764.5104163,2.0
1742772764.521421,2.0
1742772764.531834,2.0
1742772764.542288,2.0
1742772764.5530446,2.0
1742772764.564011,2.0
1742772764.574548,2.0
1742772764.5849438,2.0
1742772764.595787,2.0
1742772764.6062684,2.0
1742772764.6167367,2.0
1742772764.6272116,2.0
1742772764.6376553,2.0
1742772764.6480827,2.0
1742772764.6585746,2.0
1742772764.6690466,2.0
1742772764.6798306,2.0
1742772764.6902945,2.0
1742772764.7007709,2.0
1742772764.7113166,2.0
1742772764.72182,2.0
1742772764.7323067,2.0
1742772764.742858,2.0
1742772764.7533503,2.0
1742772764.7638903,2.0
1742772764.7743623,2.0
1742772764.78492,2.0
1742772764.7953608,2.0
1742772764.806284,2.0
1742772764.816768,2.0
1742772764.827234,2.0
1742772764.8377626,2.0
1742772764.8482618,2.0
1742772764.8601623,2.0
1742772764.8706136,2.0
1742772764.8811438,2.0
1742772764.8916497,2.0
1742772764.902105,2.0
1742772764.912606,2.0
1742772764.923086,2.0
1742772764.9335854,2.0
1742772764.9440658,2.0
1742772764.9545586,2.0
1742772764.965034,2.0
1742772764.9754982,2.0
1742772764.986101,2.0
1742772764.9965665,2.0
1742772765.0070498,2.0
1742772765.0175383,2.0
1742772765.0286834,2.0
1742772765.0391667,2.0
1742772765.0496697,2.0
1742772765.06016,2.0
1742772765.0706136,2.0
1742772765.0812306,2.0
1742772765.0916972,2.0
1742772765.1022146,2.0
1742772765.112761,2.0
1742772765.1232812,2.0
1742772765.1337605,2.0
1742772765.1442337,2.0
1742772765.154764,2.0
1742772765.1652427,2.0
1742772765.175719,2.0
1742772765.1864831,2.0
1742772765.196945,2.0
1742772765.2074475,2.0
1742772765.2179334,2.0
1742772765.228392,2.0
1742772765.2388887,2.0
1742772765.2493901,2.0
1742772765.2598805,2.0
1742772765.2703936,2.0
1742772765.2808774,2.0
1742772765.2914267,2.0
1742772765.3019183,2.0
1742772765.3124552,2.0
1742772765.32293,2.0
1742772765.3334246,2.0
1742772765.3438761,2.0
1742772765.3543506,2.0
1742772765.364817,2.0
1742772765.3753173,2.0
1742772765.385901,2.0
1742772765.396344,2.0
1742772765.4068358,2.0
1742772765.4173636,2.0
1742772765.4278648,2.0
1742772765.43839,2.0
1742772765.448843,2.0
1742772765.4593632,2.0
1742772765.4698415,2.0
1742772765.4803061,2.0
1742772765.4910572,2.0
1742772765.501558,2.0
1742772765.5142956,2.0
1742772765.5246058,2.0
1742772765.5350916,2.0
1742772765.5455952,2.0
1742772765.5570455,2.0
1742772765.5674858,2.0
1742772765.577978,2.0
1742772765.5885677,2.0
1742772765.599379,2.0
1742772765.6098406,2.0
1742772765.620327,2.0
1742772765.63082,2.0
1742772765.6413047,2.0
1742772765.651801,2.0
1742772765.6622875,2.0
1742772765.6727653,2.0
1742772765.6832333,2.0
1742772765.6939363,2.0
1742772765.7045474,2.0
1742772765.715315,2.0
1742772765.7257154,2.0
1742772765.7361643,2.0
1742772765.7466729,2.0
1742772765.7571263,2.0
1742772765.7676225,2.0
1742772765.7781205,2.0
1742772765.7885878,2.0
1742772765.7990901,2.0
1742772765.809585,2.0
1742772765.8200932,2.0
1742772765.8305693,2.0
1742772765.8410623,2.0
1742772765.8530233,2.0
1742772765.8637161,2.0
1742772765.8741848,2.0
1742772765.884699,2.0
1742772765.8954186,2.0
1742772765.9059231,2.0
1742772765.9164238,2.0
1742772765.9269307,2.0
1742772765.937389,2.0
1742772765.9479103,2.0
1742772765.9584148,2.0
1742772765.96889,2.0
1742772765.9793735,2.0
1742772765.989866,2.0
1742772766.0004582,2.0
1742772766.0109687,2.0
1742772766.0214503,2.0
1742772766.0319502,2.0
1742772766.0424304,2.0
1742772766.0529249,2.0
1742772766.0633843,2.0
1742772766.0738988,2.0
1742772766.0843656,2.0
1742772766.0949259,2.0
1742772766.1054041,2.0
1742772766.1158998,2.0
1742772766.1264188,2.0
1742772766.1369176,2.0
1742772766.1473842,2.0
1742772766.157902,2.0
1742772766.168372,2.0
1742772766.1788766,2.0
1742772766.1893613,2.0
1742772766.2000146,2.0
1742772766.2105484,2.0
1742772766.221011,2.0
1742772766.2315512,2.0
1742772766.2420588,2.0
1742772766.2525265,2.0
1742772766.2629921,2.0
1742772766.2734978,2.0
1742772766.2839823,2.0
1742772766.2944598,2.0
1742772766.3050072,2.0
1742772766.3155422,2.0
1742772766.3260465,2.0
1742772766.3365617,2.0
1742772766.3470736,2.0
1742772766.3575737,2.0
1742772766.3680649,2.0
1742772766.3785667,2.0
1742772766.3891606,2.0
1742772766.3996477,2.0
1742772766.4101489,2.0
1742772766.4206502,2.0
1742772766.4312327,2.0
1742772766.441701,2.0
1742772766.4522474,2.0
1742772766.4627352,2.0
1742772766.473179,2.0
1742772766.4836967,2.0
1742772766.4941769,2.0
1742772766.5050795,2.0
1742772766.5171108,2.0
1742772766.5275652,2.0
1742772766.5381024,2.0
1742772766.5485895,2.0
1742772766.559816,2.0
1742772766.5702858,2.0
1742772766.5807552,2.0
1742772766.5914197,2.0
1742772766.6021905,2.0
1742772766.6126513,2.0
1742772766.6231275,2.0
1742772766.6335876,2.0
1742772766.644075,2.0
1742772766.654568,2.0
1742772766.6651008,2.0
1742772766.677804,1.0
1742772766.6905367,1.0
1742772766.7010899,2.0
1742772766.7115076,2.0
1742772766.7220185,2.0
1742772766.7325182,2.0
1742772766.7429762,2.0
1742772766.7534952,2.0
1742772766.7639565,2.0
1742772766.77452,2.0
1742772766.7850256,2.0
1742772766.7954986,2.0
1742772766.8060706,2.0
1742772766.816929,2.0
1742772766.8274074,2.0
1742772766.8378954,2.0
1742772766.8483248,2.0
1742772766.8603864,2.0
1742772766.8709052,2.0
1742772766.8814151,2.0
1742772766.8919454,2.0
1742772766.902486,2.0
1742772766.9129982,2.0
1742772766.9235249,2.0
1742772766.9339912,2.0
1742772766.9444633,2.0
1742772766.9566224,1.0
1742772766.9689612,1.0
1742772766.97925,2.0
1742772766.989671,2.0
1742772767.0001762,2.0
1742772767.010926,2.0
1742772767.0213768,2.0
1742772767.031863,2.0
1742772767.0423603,2.0
1742772767.052857,2.0
1742772767.0633318,2.0
1742772767.0738287,2.0
1742772767.084303,2.0
1742772767.094777,2.0
1742772767.1054096,2.0
1742772767.1159785,2.0
1742772767.126464,2.0
1742772767.1369574,2.0
1742772767.147459,2.0
1742772767.1579366,2.0
1742772767.168442,2.0
1742772767.17892,2.0
1742772767.1894138,2.0
1742772767.2002332,2.0
1742772767.2107651,2.0
1742772767.2212772,2.0
1742772767.2317567,2.0
1742772767.2422364,2.0
1742772767.252689,2.0
1742772767.2632282,2.0
1742772767.273715,2.0
1742772767.2841966,2.0
1742772767.294754,2.0
1742772767.305225,2.0
1742772767.3166823,2.0
1742772767.3297899,2.0
1742772767.3402529,2.0
1742772767.350778,2.0
1742772767.3612816,2.0
1742772767.3717926,2.0
1742772767.382339,2.0
1742772767.3956876,2.0
1742772767.4062402,2.0
1742772767.4170272,2.0
1742772767.4275389,2.0
1742772767.4380546,2.0
1742772767.4485168,2.0
1742772767.4589965,2.0
1742772767.4694993,2.0
1742772767.4799583,2.0
1742772767.49048,2.0
1742772767.5009768,2.0
1742772767.513017,2.0
1742772767.5235872,2.0
1742772767.5340953,2.0
1742772767.544555,2.0
1742772767.555541,2.0
1742772767.5661244,2.0
1742772767.5765958,2.0
1742772767.5880268,2.0
1742772767.5986216,2.0
1742772767.608975,2.0
1742772767.6195755,2.0
1742772767.630101,2.0
1742772767.6405807,2.0
1742772767.6510758,2.0
1742772767.6615613,2.0
1742772767.6720269,2.0
1742772767.682525,2.0
1742772767.6930156,2.0
1742772767.7035205,2.0
1742772767.7142866,2.0
1742772767.72475,2.0
1742772767.7352395,2.0
1742772767.7457397,2.0
1742772767.7562032,2.0
1742772767.7666864,2.0
1742772767.777175,2.0
1742772767.7876027,2.0
1742772767.7980857,2.0
1742772767.8085217,2.0
1742772767.8190455,2.0
1742772767.829494,2.0
1742772767.8399868,2.0
1742772767.850461,2.0
1742772767.8627346,2.0
1742772767.8731656,2.0
1742772767.8836489,2.0
1742772767.8941514,2.0
1742772767.9046144,2.0
1742772767.915138,2.0
1742772767.925759,2.0
1742772767.9362178,2.0
1742772767.9467437,2.0
1742772767.9572082,2.0
1742772767.9677427,2.0
1742772767.978274,2.0
1742772767.9887729,2.0
1742772767.9992743,2.0
1742772768.0097966,2.0
1742772768.0202978,2.0
1742772768.030807,2.0
1742772768.0412793,2.0
1742772768.0517774,2.0
1742772768.062263,2.0
1742772768.0727632,2.0
1742772768.0832868,2.0
1742772768.0938296,2.0
1742772768.1043425,2.0
1742772768.1148813,2.0
1742772768.1255944,2.0
1742772768.136134,2.0
1742772768.1466162,2.0
1742772768.1571047,2.0
1742772768.1676328,2.0
1742772768.1781607,2.0
1742772768.1886353,2.0
1742772768.199171,2.0
1742772768.2095683,2.0
1742772768.2200587,2.0
1742772768.2306285,2.0
1742772768.241108,2.0
1742772768.2516236,2.0
1742772768.262109,2.0
1742772768.2725613,2.0
1742772768.2830749,2.0
1742772768.2935205,2.0
1742772768.304019,2.0
1742772768.3146074,2.0
1742772768.3251007,2.0
1742772768.3355806,2.0
1742772768.3461366,2.0
1742772768.3566124,2.0
1742772768.3670914,2.0
1742772768.377547,2.0
1742772768.3880165,2.0
1742772768.3984926,2.0
1742772768.4090264,2.0
1742772768.4195106,2.0
1742772768.4301631,2.0
1742772768.44061,2.0
1742772768.4510746,2.0
1742772768.461551,2.0
1742772768.4720385,2.0
1742772768.4825344,2.0
1742772768.4929862,2.0
1742772768.503495,2.0
1742772768.5153587,2.0
1742772768.525948,2.0
1742772768.536402,2.0
1742772768.5469077,2.0
1742772768.5583081,2.0
1742772768.5686717,2.0
1742772768.5791516,2.0
1742772768.5896432,2.0
1742772768.6006525,2.0
1742772768.611112,2.0
1742772768.6216216,2.0
1742772768.6322312,2.0
1742772768.6427224,2.0
1742772768.6531687,2.0
1742772768.6636515,2.0
1742772768.6741755,2.0
1742772768.6846354,2.0
1742772768.695101,2.0
1742772768.7056477,2.0
1742772768.7161849,2.0
1742772768.7266896,2.0
1742772768.7373195,2.0
1742772768.7477975,2.0
1742772768.7582777,2.0
1742772768.7688062,2.0
1742772768.7792733,2.0
1742772768.7897837,2.0
1742772768.8002577,2.0
1742772768.810747,2.0
1742772768.8212152,2.0
1742772768.831742,2.0
1742772768.8426387,2.0
1742772768.8545654,2.0
1742772768.8648825,2.0
1742772768.875373,2.0
1742772768.8858593,2.0
1742772768.8964922,2.0
1742772768.906952,2.0
1742772768.9175158,2.0
1742772768.927964,2.0
1742772768.938572,2.0
1742772768.951375,3.0
1742772768.9627929,3.0
1742772768.9741528,3.0
1742772768.985551,3.0
1742772768.9969618,3.0
1742772769.008404,3.0
1742772769.0198014,3.0
1742772769.031202,3.0
1742772769.042772,3.0
1742772769.0541565,3.0
1742772769.0655434,3.0
1742772769.076951,3.0
1742772769.0883584,3.0
1742772769.0997632,3.0
1742772769.111185,3.0
1742772769.1225946,3.0
1742772769.1339688,3.0
1742772769.145477,3.0
1742772769.1568754,3.0
1742772769.168269,3.0
1742772769.1796825,3.0
1742772769.191088,3.0
1742772769.2024739,3.0
1742772769.2138586,3.0
1742772769.2251863,3.0
1742772769.2368917,3.0
1742772769.2482638,3.0
1742772769.2596295,3.0
1742772769.2709837,3.0
1742772769.282361,3.0
1742772769.2937183,3.0
1742772769.3050861,3.0
1742772769.3165646,3.0
1742772769.3279362,3.0
1742772769.339399,3.0
1742772769.350744,3.0
1742772769.362112,3.0
1742772769.37349,3.0
1742772769.3848457,3.0
1742772769.396215,3.0
1742772769.4075634,3.0
1742772769.4189434,3.0
1742772769.4303215,3.0
1742772769.4418027,3.0
1742772769.453126,3.0
1742772769.4645042,3.0
1742772769.475875,3.0
1742772769.48726,3.0
1742772769.4985893,3.0
1742772769.5113215,3.0
1742772769.5231357,3.0
1742772769.5344985,3.0
1742772769.5459983,3.0
1742772769.557827,3.0
1742772769.5691648,3.0
1742772769.5805233,3.0
1742772769.5919235,3.0
1742772769.603731,3.0
1742772769.6150365,3.0
1742772769.6264145,3.0
1742772769.6377976,3.0
1742772769.6492853,3.0
1742772769.6606598,3.0
1742772769.6720433,3.0
1742772769.6834097,3.0
1742772769.6948316,3.0
1742772769.706198,3.0
1742772769.7177498,3.0
1742772769.7290833,3.0
1742772769.740468,3.0
1742772769.7520995,3.0
1742772769.7635212,3.0
1742772769.7749176,3.0
1742772769.786314,3.0
1742772769.7977479,3.0
1742772769.8091154,3.0
1742772769.820509,3.0
1742772769.831937,3.0
1742772769.8433108,3.0
1742772769.8565245,3.0
1742772769.8678298,3.0
1742772769.8792143,3.0
1742772769.8908007,3.0
1742772769.9021666,3.0
1742772769.9135413,3.0
1742772769.9249375,3.0
1742772769.9363208,3.0
1742772769.947892,3.0
1742772769.9592428,3.0
1742772769.97063,3.0
1742772769.9819782,3.0
1742772769.9933496,3.0
1742772770.004746,3.0
1742772770.016116,3.0
1742772770.0274742,3.0
1742772770.038818,3.0
1742772770.05037,3.0
1742772770.0617764,3.0
1742772770.0731404,3.0
1742772770.084563,3.0
1742772770.0959578,3.0
1742772770.1073608,3.0
1742772770.1188848,3.0
1742772770.1302638,3.0
1742772770.1416621,3.0
1742772770.1531725,3.0
1742772770.1645677,3.0
1742772770.1759834,3.0
1742772770.1873827,3.0
1742772770.1987715,3.0
1742772770.2101388,3.0
1742772770.221518,3.0
1742772770.2328954,3.0
1742772770.2443068,3.0
1742772770.2559047,3.0
1742772770.2673073,3.0
1742772770.2786913,3.0
1742772770.29004,3.0
1742772770.3014238,3.0
1742772770.31286,3.0
1742772770.3242543,3.0
1742772770.3356626,3.0
1742772770.3470182,3.0
1742772770.3585067,3.0
1742772770.3698995,3.0
1742772770.3813176,3.0
1742772770.3926857,3.0
1742772770.4040792,3.0
1742772770.4154615,3.0
1742772770.4268568,3.0
1742772770.4383402,3.0
1742772770.4497275,3.0
1742772770.4611738,3.0
1742772770.472606,3.0
1742772770.4840207,3.0
1742772770.49543,3.0
1742772770.5071447,3.0
1742772770.5201032,3.0
1742772770.5314517,3.0
1742772770.542786,3.0
1742772770.5548058,3.0
1742772770.5662687,3.0
1742772770.5776374,3.0
1742772770.589174,3.0
1742772770.6008637,3.0
1742772770.6122506,3.0
1742772770.6236162,3.0
1742772770.63505,3.0
1742772770.6464312,3.0
1742772770.658067,3.0
1742772770.6693869,3.0
1742772770.6807806,3.0
1742772770.6921577,3.0
1742772770.70356,3.0
1742772770.7151055,3.0
1742772770.7264516,3.0
1742772770.7378376,3.0
1742772770.7491755,3.0
1742772770.7606664,3.0
1742772770.7720327,3.0
1742772770.7833908,3.0
1742772770.7947516,3.0
1742772770.806105,3.0
1742772770.8174615,3.0
1742772770.8288252,3.0
1742772770.840214,3.0
1742772770.8530717,3.0
1742772770.8646898,3.0
1742772770.8760512,3.0
1742772770.8874474,3.0
1742772770.898818,3.0
1742772770.9101927,3.0
1742772770.921562,3.0
1742772770.9329271,3.0
1742772770.9443276,3.0
1742772770.9557085,3.0
1742772770.9672105,3.0
1742772770.9785855,3.0
1742772770.9899495,3.0
1742772771.0013285,3.0
1742772771.0126863,3.0
1742772771.0240724,3.0
1742772771.0354462,3.0
1742772771.0468302,3.0
1742772771.0582042,3.0
1742772771.0696816,3.0
1742772771.0810332,3.0
1742772771.0924067,3.0
1742772771.1037881,3.0
1742772771.115684,3.0
1742772771.1270928,3.0
1742772771.1384842,3.0
1742772771.149846,3.0
1742772771.1612227,3.0
1742772771.1727955,3.0
1742772771.184198,3.0
1742772771.1955733,3.0
1742772771.2069826,3.0
1742772771.2183464,3.0
1742772771.2297168,3.0
1742772771.2410877,3.0
1742772771.2524965,3.0
1742772771.2639008,3.0
1742772771.2754378,3.0
1742772771.2868068,3.0
1742772771.298197,3.0
1742772771.3095365,3.0
1742772771.3209534,3.0
1742772771.3323183,3.0
1742772771.3437004,3.0
1742772771.3550894,3.0
1742772771.3664715,3.0
1742772771.3779905,3.0
1742772771.3893573,3.0
1742772771.400737,3.0
1742772771.4121413,3.0
1742772771.4235206,3.0
1742772771.4349015,3.0
1742772771.4462974,3.0
1742772771.45769,3.0
1742772771.4693732,3.0
1742772771.4807112,3.0
1742772771.4920907,3.0
1742772771.5034554,3.0
1742772771.5170915,3.0
1742772771.5284243,3.0
1742772771.5397723,3.0
1742772771.551217,3.0
1742772771.5631545,3.0
1742772771.5747163,3.0
1742772771.5861208,3.0
1742772771.597617,3.0
1742772771.6089165,3.0
1742772771.6202936,3.0
1742772771.6316428,3.0
1742772771.6430492,3.0
1742772771.6544323,3.0
1742772771.6657844,3.0
1742772771.6772382,3.0
1742772771.6885982,3.0
1742772771.6999674,3.0
1742772771.7113566,3.0
1742772771.7227325,3.0
1742772771.7340996,3.0
1742772771.74545,3.0
1742772771.7567995,3.0
1742772771.768222,3.0
1742772771.7797298,3.0
1742772771.7910771,3.0
1742772771.8024292,3.0
1742772771.81381,3.0
1742772771.82516,3.0
1742772771.8365161,3.0
1742772771.847909,3.0
1742772771.8607738,3.0
1742772771.8722417,3.0
1742772771.8837028,3.0
1742772771.8952634,3.0
1742772771.906734,3.0
1742772771.9182792,3.0
1742772771.9297433,3.0
1742772771.9413798,3.0
1742772771.9528527,3.0
1742772771.9643257,3.0
1742772771.975793,3.0
1742772771.986367,1.0
1742772771.9987836,1.0
1742772772.0101364,3.0
1742772772.0216682,3.0
1742772772.0332263,3.0
1742772772.0447721,3.0
1742772772.0563445,3.0
1742772772.067889,3.0
1742772772.079451,3.0
1742772772.0909739,3.0
1742772772.1025124,3.0
1742772772.11403,3.0
1742772772.125644,3.0
1742772772.137158,3.0
1742772772.1486804,3.0
1742772772.1602213,3.0
1742772772.1717594,3.0
1742772772.183492,3.0
1742772772.1950235,3.0
1742772772.2066026,3.0
1742772772.218172,3.0
1742772772.2297132,3.0
1742772772.2412815,3.0
1742772772.2529202,3.0
1742772772.2644942,3.0
1742772772.276045,3.0
1742772772.28778,3.0
1742772772.299361,3.0
1742772772.3109117,3.0
1742772772.3225095,3.0
1742772772.334041,3.0
1742772772.3455884,3.0
1742772772.3571684,3.0
1742772772.3687236,3.0
1742772772.3802905,3.0
1742772772.3947709,3.0
1742772772.4062803,3.0
1742772772.417851,3.0
1742772772.4293947,3.0
1742772772.4409986,3.0
1742772772.4525847,3.0
1742772772.4641325,3.0
1742772772.4756951,3.0
1742772772.4872518,3.0
1742772772.4987965,3.0
1742772772.5110288,3.0
1742772772.52321,3.0
1742772772.5347624,3.0
1742772772.5462906,3.0
1742772772.558189,3.0
1742772772.5697858,3.0
1742772772.5813181,3.0
1742772772.5931077,3.0
1742772772.604918,3.0
1742772772.6164463,3.0
1742772772.628029,3.0
1742772772.6396532,3.0
1742772772.6512396,3.0
1742772772.6628468,3.0
1742772772.674398,3.0
1742772772.6859503,3.0
1742772772.6974897,3.0
1742772772.709351,3.0
1742772772.7209134,3.0
1742772772.7325013,3.0
1742772772.7440538,3.0
1742772772.7556727,3.0
1742772772.7671936,3.0
1742772772.778763,3.0
1742772772.7903652,3.0
1742772772.8022606,3.0
1742772772.8138275,3.0
1742772772.8253758,3.0
1742772772.8369412,3.0
1742772772.8484716,3.0
1742772772.8616023,3.0
1742772772.873335,3.0
1742772772.884852,3.0
1742772772.8963945,3.0
1742772772.9092174,2.0
1742772772.9206414,3.0
1742772772.9322295,3.0
1742772772.9437046,3.0
1742772772.9551847,3.0
1742772772.9666452,3.0
1742772772.9781163,3.0
1742772772.989567,3.0
1742772773.001282,3.0
1742772773.0127847,3.0
1742772773.024239,3.0
1742772773.0357063,3.0
1742772773.0471842,3.0
1742772773.058656,3.0
1742772773.0701554,3.0
1742772773.0815923,3.0
1742772773.0930517,3.0
1742772773.104603,3.0
1742772773.1160588,3.0
1742772773.1276863,3.0
1742772773.1391208,3.0
1742772773.1505792,3.0
1742772773.1620226,3.0
1742772773.1734524,3.0
1742772773.184903,3.0
1742772773.196605,3.0
1742772773.2080276,3.0
1742772773.2194958,3.0
1742772773.230923,3.0
1742772773.242362,3.0
1742772773.2537985,3.0
1742772773.2652273,3.0
1742772773.276678,3.0
1742772773.28814,3.0
1742772773.2997172,3.0
1742772773.3111641,3.0
1742772773.3226004,3.0
1742772773.3340964,3.0
1742772773.3455362,3.0
1742772773.3569894,3.0
1742772773.368481,3.0
1742772773.379939,3.0
1742772773.3913777,3.0
1742772773.403085,3.0
1742772773.4145417,3.0
1742772773.4260125,3.0
1742772773.4374394,3.0
1742772773.4489098,3.0
1742772773.460359,3.0
1742772773.4718356,3.0
1742772773.4832954,3.0
1742772773.4947433,3.0
1742772773.5075,3.0
1742772773.5198507,3.0
1742772773.5313506,3.0
1742772773.542825,3.0
1742772773.5547743,3.0
1742772773.5663056,3.0
1742772773.5777586,3.0
1742772773.5894973,3.0
1742772773.6013017,3.0
1742772773.6127558,3.0
1742772773.6242762,3.0
1742772773.6358008,3.0
1742772773.6473246,3.0
1742772773.6588314,3.0
1742772773.6703515,3.0
1742772773.6818602,3.0
1742772773.6933622,3.0
1742772773.7049527,3.0
1742772773.7164564,3.0
1742772773.7281356,3.0
1742772773.7396278,3.0
1742772773.7511303,3.0
1742772773.7625716,3.0
1742772773.7740815,3.0
1742772773.7855654,3.0
1742772773.7970695,3.0
1742772773.8087301,3.0
1742772773.8201997,3.0
1742772773.8316684,3.0
1742772773.8431737,3.0
1742772773.85603,3.0
1742772773.867588,3.0
1742772773.8790476,3.0
1742772773.890776,3.0
1742772773.9022548,3.0
1742772773.9138205,3.0
1742772773.9253185,3.0
1742772773.9368346,3.0
1742772773.9483492,3.0
1742772773.9598398,3.0
1742772773.9713132,3.0
1742772773.982801,3.0
1742772773.994319,3.0
1742772774.0058515,3.0
1742772774.0174,3.0
1742772774.0288935,3.0
1742772774.040375,3.0
1742772774.0518665,3.0
1742772774.063368,3.0
1742772774.0748756,3.0
1742772774.0863447,3.0
1742772774.0978298,3.0
1742772774.1095588,3.0
1742772774.1210113,3.0
1742772774.1325715,3.0
1742772774.144037,3.0
1742772774.1555157,3.0
1742772774.167018,3.0
1742772774.1785069,3.0
1742772774.1900208,3.0
1742772774.2015045,3.0
1742772774.2130716,3.0
1742772774.2245462,3.0
1742772774.2360318,3.0
1742772774.2475588,3.0
1742772774.259034,3.0
1742772774.2705512,3.0
1742772774.282043,3.0
1742772774.2935312,3.0
1742772774.3050194,3.0
1742772774.3167164,3.0
1742772774.3282876,3.0
1742772774.3397324,3.0
1742772774.35123,3.0
1742772774.3627276,3.0
1742772774.37426,3.0
1742772774.3857236,3.0
1742772774.3972108,3.0
1742772774.4086757,3.0
1742772774.4202516,3.0
1742772774.4317453,3.0
1742772774.4432793,3.0
1742772774.4547694,3.0
1742772774.4662557,3.0
1742772774.477716,3.0
1742772774.4891825,3.0
1742772774.5006568,3.0
1742772774.5140731,3.0
1742772774.525553,3.0
1742772774.537038,3.0
1742772774.5485115,3.0
1742772774.5606678,3.0
1742772774.5721207,3.0
1742772774.5836058,3.0
1742772774.595162,3.0
1742772774.6107996,2.0
1742772774.6221704,3.0
1742772774.6336308,3.0
1742772774.645116,3.0
1742772774.6566277,3.0
1742772774.6681218,3.0
1742772774.6796184,3.0
1742772774.6910832,3.0
1742772774.7025762,3.0
1742772774.7140343,3.0
1742772774.7258742,3.0
1742772774.7373424,3.0
1742772774.7488768,3.0
1742772774.7603772,3.0
1742772774.771886,3.0
1742772774.7833576,3.0
1742772774.7948494,3.0
1742772774.8063462,3.0
1742772774.8178751,3.0
1742772774.8294187,3.0
1742772774.8409069,3.0
1742772774.8541913,3.0
1742772774.865489,3.0
1742772774.876965,3.0
1742772774.888958,3.0
1742772774.9004657,3.0
1742772774.912,3.0
1742772774.92358,3.0
1742772774.9351268,3.0
1742772774.9466517,3.0
1742772774.9581802,3.0
1742772774.9696987,3.0
1742772774.9812393,3.0
1742772774.9927592,3.0
1742772775.0042992,3.0
1742772775.015808,3.0
1742772775.0274875,3.0
1742772775.0390213,3.0
1742772775.0505328,3.0
1742772775.0620036,3.0
1742772775.0735033,3.0
1742772775.0850477,3.0
1742772775.096557,3.0
1742772775.1080456,3.0
1742772775.1195688,3.0
1742772775.131365,3.0
1742772775.142834,3.0
1742772775.154329,3.0
1742772775.1658938,3.0
1742772775.1774147,3.0
1742772775.1890457,3.0
1742772775.2007623,3.0
1742772775.2123606,3.0
1742772775.2239265,3.0
1742772775.2355356,3.0
1742772775.2470822,3.0
1742772775.2586482,3.0
1742772775.270208,3.0
1742772775.2817678,3.0
1742772775.2933304,3.0
1742772775.3049147,3.0
1742772775.3164825,3.0
1742772775.3281465,3.0
1742772775.339696,3.0
1742772775.3512788,3.0
1742772775.362843,3.0
1742772775.3744192,3.0
1742772775.3859813,3.0
1742772775.3975205,3.0
1742772775.409084,3.0
1742772775.4206574,3.0
1742772775.432314,3.0
1742772775.4438972,3.0
1742772775.45547,3.0
1742772775.4670057,3.0
1742772775.4785397,3.0
1742772775.4900825,3.0
1742772775.5016632,3.0
1742772775.5147436,3.0
1742772775.5261788,3.0
1742772775.5377321,3.0
1742772775.5492718,3.0
1742772775.5619197,3.0
1742772775.5734382,3.0
1742772775.5850127,3.0
1742772775.5971928,3.0
1742772775.6085687,3.0
1742772775.6201437,3.0
1742772775.6318097,3.0
1742772775.6433327,3.0
1742772775.6548805,3.0
1742772775.6663494,3.0
1742772775.6778417,3.0
1742772775.6893842,3.0
1742772775.700906,3.0
1742772775.7124844,3.0
1742772775.7241285,3.0
1742772775.735793,3.0
1742772775.7473226,3.0
1742772775.7588089,3.0
1742772775.7702947,3.0
1742772775.7818115,3.0
1742772775.7932687,3.0
1742772775.8047643,3.0
1742772775.8162546,3.0
1742772775.8277338,3.0
1742772775.8392832,3.0
1742772775.8507478,3.0
1742772775.8636978,3.0
1742772775.875167,3.0
1742772775.886628,3.0
1742772775.8982687,3.0
1742772775.9097939,3.0
1742772775.9212437,3.0
1742772775.932831,3.0
1742772775.9443035,3.0
1742772775.9558227,3.0
1742772775.967308,3.0
1742772775.9787812,3.0
1742772775.9902503,3.0
1742772776.0017152,3.0
1742772776.0131812,3.0
1742772776.024659,3.0
1742772776.0363703,3.0
1742772776.0478523,3.0
1742772776.0593152,3.0
1742772776.0707924,3.0
1742772776.08226,3.0
1742772776.0937657,3.0
1742772776.1051986,3.0
1742772776.116707,3.0
1742772776.1281898,3.0
1742772776.1398096,3.0
1742772776.1512957,3.0
1742772776.1627588,3.0
1742772776.1742346,3.0
1742772776.1857245,3.0
1742772776.197153,3.0
1742772776.2086256,3.0
1742772776.2201004,3.0
1742772776.231567,3.0
1742772776.2431688,3.0
1742772776.2546532,3.0
1742772776.2661464,3.0
1742772776.2776353,3.0
1742772776.2890632,3.0
1742772776.3006039,3.0
1742772776.3120914,3.0
1742772776.3235943,3.0
1742772776.3351545,3.0
1742772776.346691,3.0
1742772776.3581836,3.0
1742772776.3696802,3.0
1742772776.381115,3.0
1742772776.3926215,3.0
1742772776.4041138,3.0
1742772776.4156156,3.0
1742772776.4271047,3.0
1742772776.4389641,3.0
1742772776.4504488,3.0
1742772776.4619813,3.0
1742772776.4734447,3.0
1742772776.4849222,3.0
1742772776.4965262,3.0
1742772776.5095036,3.0
1742772776.5213842,3.0
1742772776.5329516,3.0
1742772776.5444243,3.0
1742772776.5562785,3.0
1742772776.567701,3.0
1742772776.5791194,3.0
1742772776.5907018,3.0
1742772776.602527,3.0
1742772776.6138725,3.0
1742772776.6252437,3.0
1742772776.6366272,3.0
1742772776.6482437,3.0
1742772776.6596143,3.0
1742772776.6702278,2.0
1742772776.6807842,2.0
1742772776.691396,2.0
1742772776.7019844,2.0
1742772776.7125628,2.0
1742772776.7231538,2.0
1742772776.7338321,2.0
1742772776.7444105,2.0
1742772776.7549977,2.0
1742772776.7655957,2.0
1742772776.776182,2.0
1742772776.7867649,2.0
1742772776.7973595,2.0
1742772776.8080075,2.0
1742772776.818634,2.0
1742772776.8292253,2.0
1742772776.8398283,2.0
1742772776.850418,2.0
1742772776.862374,2.0
1742772776.8729172,2.0
1742772776.8834987,2.0
1742772776.894792,2.0
1742772776.9053385,2.0
1742772776.9159055,2.0
1742772776.9264545,2.0
1742772776.937098,2.0
1742772776.947663,2.0
1742772776.9582617,2.0
1742772776.9688048,2.0
1742772776.9793684,2.0
1742772776.9899187,2.0
1742772777.0004485,2.0
1742772777.0110264,2.0
1742772777.0215771,2.0
1742772777.0322077,2.0
1742772777.0428505,2.0
1742772777.0534804,2.0
1742772777.064119,2.0
1742772777.074758,2.0
1742772777.0853872,2.0
1742772777.0960226,2.0
1742772777.1066742,2.0
1742772777.1172993,2.0
1742772777.1279655,2.0
1742772777.1387343,2.0
1742772777.1493518,2.0
1742772777.160005,2.0
1742772777.1706474,2.0
1742772777.1813414,2.0
1742772777.1919847,2.0
1742772777.202619,2.0
1742772777.2132635,2.0
1742772777.2239127,2.0
1742772777.2345784,2.0
1742772777.2452185,2.0
1742772777.2558758,2.0
1742772777.2665045,2.0
1742772777.2771497,2.0
1742772777.2878058,2.0
1742772777.2984462,2.0
1742772777.309072,2.0
1742772777.3197184,2.0
1742772777.3303692,2.0
1742772777.3410854,2.0
1742772777.3517253,2.0
1742772777.362391,2.0
1742772777.3730025,2.0
1742772777.383647,2.0
1742772777.3943055,2.0
1742772777.4049573,2.0
1742772777.4156556,2.0
1742772777.4263163,2.0
1742772777.436979,2.0
1742772777.4476664,2.0
1742772777.4583902,2.0
1742772777.4722471,2.0
1742772777.4829595,2.0
1742772777.493641,2.0
1742772777.5043805,2.0
1742772777.5170176,2.0
1742772777.5276384,2.0
1742772777.5384614,2.0
1742772777.5491588,2.0
1742772777.560801,2.0
1742772777.5714715,2.0
1742772777.5821822,2.0
1742772777.5929086,2.0
1742772777.6049557,2.0
1742772777.6156163,2.0
1742772777.626316,2.0
1742772777.6369886,2.0
1742772777.6476743,2.0
1742772777.6583698,2.0
1742772777.669038,2.0
1742772777.679758,2.0
1742772777.690443,2.0
1742772777.7011418,2.0
1742772777.7118256,2.0
1742772777.722539,2.0
1742772777.733219,2.0
1742772777.7439263,2.0
1742772777.7546062,2.0
1742772777.7652829,2.0
1742772777.7759554,2.0
1742772777.7867754,2.0
1742772777.7974524,2.0
1742772777.8081756,2.0
1742772777.8188877,2.0
1742772777.8300076,2.0
1742772777.840711,2.0
1742772777.851451,2.0
1742772777.8632343,2.0
1742772777.8739636,2.0
1742772777.8846853,2.0
1742772777.8972313,2.0
1742772777.9079518,2.0
1742772777.9187014,2.0
1742772777.929413,2.0
1742772777.94018,2.0
1742772777.950946,2.0
1742772777.9617076,2.0
1742772777.9724567,2.0
1742772777.9832149,2.0
1742772777.9939308,2.0
1742772778.0046697,2.0
1742772778.015398,2.0
1742772778.0261257,2.0
1742772778.0368476,2.0
1742772778.0476012,2.0
1742772778.0583198,2.0
1742772778.069074,2.0
1742772778.0798242,2.0
1742772778.0905657,2.0
1742772778.1013188,2.0
1742772778.1120489,2.0
1742772778.122743,2.0
1742772778.1335833,2.0
1742772778.144285,2.0
1742772778.1550019,2.0
1742772778.1656923,2.0
1742772778.1764045,2.0
1742772778.187127,2.0
1742772778.1978652,2.0
1742772778.2085323,2.0
1742772778.2192423,2.0
1742772778.2299423,2.0
1742772778.2406523,2.0
1742772778.2513506,2.0
1742772778.2620268,2.0
1742772778.272698,2.0
1742772778.2833934,2.0
1742772778.2940788,2.0
1742772778.3047874,2.0
1742772778.3154833,2.0
1742772778.3262205,2.0
1742772778.3369787,2.0
1742772778.3476915,2.0
1742772778.3584015,2.0
1742772778.369076,2.0
1742772778.3798018,2.0
1742772778.3905458,2.0
1742772778.4012117,2.0
1742772778.411904,2.0
1742772778.4225976,2.0
1742772778.433295,2.0
1742772778.4440327,2.0
1742772778.4547296,2.0
1742772778.4653945,2.0
1742772778.476087,2.0
1742772778.4867556,2.0
1742772778.4974694,2.0
1742772778.5091825,2.0
1742772778.5206919,2.0
1742772778.5313425,2.0
1742772778.5421205,2.0
1742772778.5527894,2.0
1742772778.564215,2.0
1742772778.5750957,2.0
1742772778.5861187,2.0
1742772778.5966856,2.0
1742772778.6074963,2.0
1742772778.6181765,2.0
1742772778.628855,2.0
1742772778.6395338,2.0
1742772778.6502273,2.0
1742772778.660875,2.0
1742772778.6715803,2.0
1742772778.682298,2.0
1742772778.6929708,2.0
1742772778.7036772,2.0
1742772778.7143614,2.0
1742772778.7250412,2.0
1742772778.735942,2.0
1742772778.746607,2.0
1742772778.7572746,2.0
1742772778.76796,2.0
1742772778.778688,2.0
1742772778.7893863,2.0
1742772778.800122,2.0
1742772778.8108523,2.0
1742772778.821545,2.0
1742772778.832276,2.0
1742772778.843015,2.0
1742772778.8551102,2.0
1742772778.865679,2.0
1742772778.8763976,2.0
1742772778.8871927,2.0
1742772778.89795,2.0
1742772778.9086409,2.0
1742772778.919758,2.0
1742772778.9305134,2.0
1742772778.9412746,2.0
1742772778.9519823,2.0
1742772778.9626608,2.0
1742772778.973364,2.0
1742772778.9840574,2.0
1742772778.9947536,2.0
1742772779.005461,2.0
1742772779.0161602,2.0
1742772779.0268552,2.0
1742772779.0375283,2.0
1742772779.048212,2.0
1742772779.0589225,2.0
1742772779.0695724,2.0
1742772779.080271,2.0
1742772779.0909967,2.0
1742772779.1016934,2.0
1742772779.1125271,2.0
1742772779.1232302,2.0
1742772779.1339061,2.0
1742772779.1446464,2.0
1742772779.1553395,2.0
1742772779.1660624,2.0
1742772779.1767437,2.0
1742772779.1874826,2.0
1742772779.1981823,2.0
1742772779.208873,2.0
1742772779.2195702,2.0
1742772779.2302752,2.0
1742772779.2409472,2.0
1742772779.2516599,2.0
1742772779.2623594,2.0
1742772779.273053,2.0
1742772779.2837565,2.0
1742772779.294496,2.0
1742772779.3051684,2.0
1742772779.3158832,2.0
1742772779.3266034,2.0
1742772779.3373435,2.0
1742772779.3480394,2.0
1742772779.3587456,2.0
1742772779.3694077,2.0
1742772779.3801231,2.0
1742772779.3908179,2.0
1742772779.4015033,2.0
1742772779.4122221,2.0
1742772779.4229617,2.0
1742772779.4336414,2.0
1742772779.444357,2.0
1742772779.4550884,2.0
1742772779.465806,2.0
1742772779.476503,2.0
1742772779.4872243,2.0
1742772779.4979782,2.0
1742772779.5097148,2.0
1742772779.52103,2.0
1742772779.5317316,2.0
1742772779.5425296,2.0
1742772779.5532496,2.0
1742772779.5648515,2.0
1742772779.575561,2.0
1742772779.5863726,2.0
1742772779.5971773,2.0
1742772779.607913,2.0
1742772779.6186683,2.0
1742772779.6293962,2.0
1742772779.6401134,2.0
1742772779.6508234,2.0
1742772779.6615343,2.0
1742772779.6722324,2.0
1742772779.682958,2.0
1742772779.693644,2.0
1742772779.7043376,2.0
1742772779.7150846,2.0
1742772779.7258024,2.0
1742772779.7366085,2.0
1742772779.7473514,2.0
1742772779.7580495,2.0
1742772779.7687595,2.0
1742772779.7794743,2.0
1742772779.7901776,2.0
1742772779.8009,2.0
1742772779.8116488,2.0
1742772779.8223732,2.0
1742772779.8330884,2.0
1742772779.843801,2.0
1742772779.855913,2.0
1742772779.8664584,2.0
1742772779.8772135,2.0
1742772779.8879232,2.0
1742772779.8987143,2.0
1742772779.9094152,2.0
1742772779.9201384,2.0
1742772779.9308846,2.0
1742772779.9417088,2.0
1742772779.952408,2.0
1742772779.9631402,2.0
1742772779.9738586,2.0
1742772779.9846003,2.0
1742772779.9953408,2.0
1742772780.0061276,2.0
1742772780.0168462,2.0
1742772780.0275743,2.0
1742772780.0382962,2.0
1742772780.0490222,2.0
1742772780.059733,2.0
1742772780.0704567,2.0
1742772780.0811331,2.0
1742772780.0918593,2.0
1742772780.1026082,2.0
1742772780.1133025,2.0
1742772780.1240463,2.0
1742772780.13476,2.0
1742772780.1455014,2.0
1742772780.1562448,2.0
1742772780.1669524,2.0
1742772780.177652,2.0
1742772780.1883574,2.0
1742772780.199069,2.0
1742772780.2098336,2.0
1742772780.2205825,2.0
1742772780.231286,2.0
1742772780.242007,2.0
1742772780.2526968,2.0
1742772780.2634664,2.0
1742772780.2742014,2.0
1742772780.2849112,2.0
1742772780.2956347,2.0
1742772780.3063724,2.0
1742772780.317074,2.0
1742772780.3277962,2.0
1742772780.3385627,2.0
1742772780.3492713,2.0
1742772780.3599901,2.0
1742772780.3707356,2.0
1742772780.381435,2.0
1742772780.3921518,2.0
1742772780.4028647,2.0
1742772780.4136298,2.0
1742772780.424328,2.0
1742772780.435085,2.0
1742772780.4458008,2.0
1742772780.4565136,2.0
1742772780.4672408,2.0
1742772780.4779923,2.0
1742772780.4887378,2.0
1742772780.4994633,2.0
1742772780.512131,2.0
1742772780.5229664,2.0
1742772780.5336947,2.0
1742772780.5445735,2.0
1742772780.5558136,2.0
1742772780.5664668,2.0
1742772780.5771675,2.0
1742772780.5879545,2.0
1742772780.5986896,2.0
1742772780.6092715,2.0
1742772780.6199806,2.0
1742772780.6307495,2.0
1742772780.6414487,2.0
1742772780.6521811,2.0
1742772780.662908,2.0
1742772780.673635,2.0
1742772780.684334,2.0
1742772780.6951008,2.0
1742772780.7058818,2.0
1742772780.7167773,2.0
1742772780.7274315,2.0
1742772780.7381802,2.0
1742772780.7488952,2.0
1742772780.7596471,2.0
1742772780.7703578,2.0
1742772780.78107,2.0
1742772780.7918003,2.0
1742772780.8026288,2.0
1742772780.8133273,2.0
1742772780.8240824,2.0
1742772780.834775,2.0
1742772780.8454695,2.0
1742772780.857411,2.0
1742772780.8679774,2.0
1742772780.8787026,2.0
1742772780.8893912,2.0
1742772780.9001553,2.0
1742772780.9109018,2.0
1742772780.921705,2.0
1742772780.932944,2.0
1742772780.9437978,2.0
1742772780.9544797,2.0
1742772780.9651623,2.0
1742772780.9758694,2.0
1742772780.986577,2.0
1742772780.9972575,2.0
1742772781.0079408,2.0
1742772781.019097,2.0
1742772781.0297718,2.0
1742772781.040467,2.0
1742772781.0511677,2.0
1742772781.0618672,2.0
1742772781.072533,2.0
1742772781.083233,2.0
1742772781.0939405,2.0
1742772781.1046197,2.0
1742772781.1153905,2.0
1742772781.1260839,2.0
1742772781.1367638,2.0
1742772781.1475856,2.0
1742772781.1582806,2.0
1742772781.1689637,2.0
1742772781.1796541,2.0
1742772781.190349,2.0
1742772781.201011,2.0
1742772781.2117295,2.0
1742772781.2224176,2.0
1742772781.2331235,2.0
1742772781.2438521,2.0
1742772781.254594,2.0
1742772781.265291,2.0
1742772781.2760103,2.0
1742772781.286736,2.0
1742772781.2974625,2.0
1742772781.3081589,2.0
1742772781.318944,2.0
1742772781.3296542,2.0
1742772781.340489,2.0
1742772781.3512216,2.0
1742772781.3619618,2.0
1742772781.372663,2.0
1742772781.3834062,2.0
1742772781.3941274,2.0
1742772781.4048777,2.0
1742772781.415604,2.0
1742772781.4263222,2.0
1742772781.4370217,2.0
1742772781.447752,2.0
1742772781.4585993,2.0
1742772781.469296,2.0
1742772781.4800196,2.0
1742772781.4907625,2.0
1742772781.5014565,2.0
1742772781.51399,2.0
1742772781.5246332,2.0
1742772781.5353673,2.0
1742772781.5461385,2.0
1742772781.5578039,2.0
1742772781.5683827,2.0
1742772781.5790896,2.0
1742772781.589854,2.0
1742772781.6009018,2.0
1742772781.611551,2.0
1742772781.622473,2.0
1742772781.6331697,2.0
1742772781.643926,2.0
1742772781.65465,2.0
1742772781.665353,2.0
1742772781.6760612,2.0
1742772781.686782,2.0
1742772781.6975024,2.0
1742772781.7082174,2.0
1742772781.7189586,2.0
1742772781.729686,2.0
1742772781.7403939,2.0
1742772781.751171,2.0
1742772781.7618887,2.0
1742772781.7725794,2.0
1742772781.7832935,2.0
1742772781.793999,2.0
1742772781.8046978,2.0
1742772781.8154314,2.0
1742772781.8261588,2.0
1742772781.8368704,2.0
1742772781.8475704,2.0
1742772781.859632,2.0
1742772781.870307,2.0
1742772781.8810225,2.0
1742772781.8918304,2.0
1742772781.9025493,2.0
1742772781.9132278,2.0
1742772781.923962,2.0
1742772781.9346588,2.0
1742772781.945445,2.0
1742772781.9561403,2.0
1742772781.9668741,2.0
1742772781.9775634,2.0
1742772781.9882681,2.0
1742772781.9989715,2.0
1742772782.0096765,2.0
1742772782.020363,2.0
1742772782.0311344,2.0
1742772782.041824,2.0
1742772782.0525146,2.0
1742772782.0631042,2.0
1742772782.0737104,2.0
1742772782.0842884,2.0
1742772782.094869,2.0
1742772782.1054926,2.0
1742772782.1160727,2.0
1742772782.1266403,2.0
1742772782.1372626,2.0
1742772782.147943,2.0
1742772782.1585288,2.0
1742772782.1690955,2.0
1742772782.1796966,2.0
1742772782.190262,2.0
1742772782.2008677,2.0
1742772782.2114496,2.0
1742772782.2220137,2.0
1742772782.2326562,2.0
1742772782.2432623,2.0
1742772782.2538435,2.0
1742772782.2643957,2.0
1742772782.2750306,2.0
1742772782.2856333,2.0
1742772782.2962365,2.0
1742772782.3068624,2.0
1742772782.3174,2.0
1742772782.3280041,2.0
1742772782.3386588,2.0
1742772782.3492465,2.0
1742772782.359877,2.0
1742772782.3704689,2.0
1742772782.3810155,2.0
1742772782.3916154,2.0
1742772782.4022238,2.0
1742772782.4128153,2.0
1742772782.423388,2.0
1742772782.434235,2.0
1742772782.4447913,2.0
1742772782.455352,2.0
1742772782.4659648,2.0
1742772782.4765239,2.0
1742772782.4870887,2.0
1742772782.4976823,2.0
1742772782.5090578,2.0
1742772782.5203364,2.0
1742772782.530952,2.0
1742772782.5416336,2.0
1742772782.5522199,2.0
1742772782.563611,2.0
1742772782.5741572,2.0
1742772782.5846586,2.0
1742772782.5954177,2.0
1742772782.609442,2.0
1742772782.6199455,2.0
1742772782.630453,2.0
1742772782.641005,2.0
1742772782.6515062,2.0
1742772782.662041,2.0
1742772782.6725779,2.0
1742772782.6830757,2.0
1742772782.693581,2.0
1742772782.704182,2.0
1742772782.714744,2.0
1742772782.7252917,2.0
1742772782.7358584,2.0
1742772782.7465308,2.0
1742772782.7570784,2.0
1742772782.7676885,2.0
1742772782.7782776,2.0
1742772782.7888255,2.0
1742772782.7994194,2.0
1742772782.8099902,2.0
1742772782.8205516,2.0
1742772782.831177,2.0
1742772782.8419323,2.0
1742772782.8542185,2.0
1742772782.8645837,2.0
1742772782.8752081,2.0
1742772782.8858001,2.0
1742772782.8964977,2.0
1742772782.9146929,2.0
1742772782.9250867,2.0
1742772782.9357135,2.0
1742772782.9466023,2.0
1742772782.9571702,2.0
1742772782.9677722,2.0
1742772782.9785848,2.0
1742772782.9891355,2.0
1742772782.9997504,2.0
1742772783.010336,2.0
1742772783.0209095,2.0
1742772783.0315287,2.0
1742772783.0421038,2.0
1742772783.0526779,2.0
1742772783.0632696,2.0
1742772783.0738964,2.0
1742772783.0844707,2.0
1742772783.095114,2.0
1742772783.1056988,2.0
1742772783.1162553,2.0
1742772783.126876,2.0
1742772783.137459,2.0
1742772783.1481721,2.0
1742772783.1587076,2.0
1742772783.169316,2.0
1742772783.1799114,2.0
1742772783.1904964,2.0
1742772783.201069,2.0
1742772783.2116463,2.0
1742772783.2222319,2.0
1742772783.2328415,2.0
1742772783.2433968,2.0
1742772783.253988,2.0
1742772783.2645307,2.0
1742772783.2751546,2.0
1742772783.2857385,2.0
1742772783.2963603,2.0
1742772783.3069863,2.0
1742772783.3175719,2.0
1742772783.3281732,2.0
1742772783.338783,2.0
1742772783.3494391,2.0
1742772783.360016,2.0
1742772783.3706136,2.0
1742772783.381195,2.0
1742772783.3918257,2.0
1742772783.402431,2.0
1742772783.4129753,2.0
1742772783.4265049,1.0
1742772783.4398632,1.0
1742772783.4504178,2.0
1742772783.460968,2.0
1742772783.4716332,2.0
1742772783.4822156,2.0
1742772783.4928632,2.0
1742772783.5035233,2.0
1742772783.515535,2.0
1742772783.5260673,2.0
1742772783.5366068,2.0
1742772783.5472867,2.0
1742772783.5588703,2.0
1742772783.569308,2.0
1742772783.5799396,2.0
1742772783.5905156,2.0
1742772783.6015298,2.0
1742772783.6120198,2.0
1742772783.6226006,2.0
1742772783.6332211,2.0
1742772783.643829,2.0
1742772783.6544063,2.0
1742772783.6649783,2.0
1742772783.675569,2.0
1742772783.6861312,2.0
1742772783.6966827,2.0
1742772783.7072937,2.0
1742772783.717833,2.0
1742772783.728362,2.0
1742772783.7389283,2.0
1742772783.7496214,2.0
1742772783.7601452,2.0
1742772783.7707171,2.0
1742772783.7812726,2.0
1742772783.7918344,2.0
1742772783.80238,2.0
1742772783.8129249,2.0
1742772783.8234618,2.0
1742772783.8340435,2.0
1742772783.8445985,2.0
1742772783.856501,2.0
1742772783.8669038,2.0
1742772783.8775053,2.0
1742772783.888027,2.0
1742772783.8986723,2.0
1742772783.909201,2.0
1742772783.919748,2.0
1742772783.9303012,2.0
1742772783.9408512,2.0
1742772783.9514892,2.0
1742772783.9620779,2.0
1742772783.972579,2.0
1742772783.9831836,2.0
1742772783.9936943,2.0
1742772784.0042303,2.0
1742772784.0147827,2.0
1742772784.0253117,2.0
1742772784.0358756,2.0
1742772784.0464067,2.0
1742772784.0571768,2.0
1742772784.0677514,2.0
1742772784.0783033,2.0
1742772784.088882,2.0
1742772784.0994718,2.0
1742772784.110045,2.0
1742772784.120616,2.0
1742772784.1311417,2.0
1742772784.1417224,2.0
1742772784.1524029,2.0
1742772784.1631796,2.0
1742772784.173738,2.0
1742772784.1842947,2.0
1742772784.1948338,2.0
1742772784.2054064,2.0
1742772784.2159586,2.0
1742772784.2265337,2.0
1742772784.237077,2.0
1742772784.2476172,2.0
1742772784.2581773,2.0
1742772784.2687514,2.0
1742772784.2793615,2.0
1742772784.289902,2.0
1742772784.3004797,2.0
1742772784.3110147,2.0
1742772784.3215742,2.0
1742772784.3321683,2.0
1742772784.3427744,2.0
1742772784.3533623,2.0
1742772784.3641608,2.0
1742772784.3746872,2.0
1742772784.385268,2.0
1742772784.395832,2.0
1742772784.406422,2.0
1742772784.417001,2.0
1742772784.4275925,2.0
1742772784.438169,2.0
1742772784.4490418,2.0
1742772784.4598174,2.0
1742772784.4703763,2.0
1742772784.4809043,2.0
1742772784.4914863,2.0
1742772784.502034,2.0
1742772784.5149395,2.0
1742772784.5253265,2.0
1742772784.5360525,2.0
1742772784.5466032,2.0
1742772784.5579693,2.0
1742772784.568516,2.0
1742772784.5790749,2.0
1742772784.5896807,2.0
1742772784.6004813,2.0
1742772784.6110232,2.0
1742772784.6215444,2.0
1742772784.6321414,2.0
1742772784.6427171,2.0
1742772784.6532896,2.0
1742772784.663894,2.0
1742772784.674455,2.0
1742772784.685025,2.0
1742772784.6955943,2.0
1742772784.70618,2.0
1742772784.7167776,2.0
1742772784.7273533,2.0
1742772784.7379074,2.0
1742772784.7485063,2.0
1742772784.7590935,2.0
1742772784.7697701,2.0
1742772784.7803118,2.0
1742772784.7908556,2.0
1742772784.8014483,2.0
1742772784.8120148,2.0
1742772784.8225758,2.0
1742772784.8331661,2.0
1742772784.8437266,2.0
1742772784.8555756,2.0
1742772784.8660245,2.0
1742772784.8765433,2.0
1742772784.8871534,2.0
1742772784.8977726,2.0
1742772784.9083397,2.0
1742772784.918889,2.0
1742772784.9295015,2.0
1742772784.940067,2.0
1742772784.9507308,2.0
1742772784.9612849,2.0
1742772784.97218,2.0
1742772784.9827125,2.0
1742772784.9932761,2.0
1742772785.0038266,2.0
1742772785.0143595,2.0
1742772785.024925,2.0
1742772785.0354562,2.0
1742772785.0460103,2.0
1742772785.0565312,2.0
1742772785.0673444,2.0
1742772785.0778842,2.0
1742772785.0884104,2.0
1742772785.0990026,2.0
1742772785.1095343,2.0
1742772785.1200242,2.0
1742772785.1305625,2.0
1742772785.141077,2.0
1742772785.1517487,2.0
1742772785.1622972,2.0
1742772785.17314,2.0
1742772785.1836388,2.0
1742772785.1942134,2.0
1742772785.204745,2.0
1742772785.2152786,2.0
1742772785.225828,2.0
1742772785.2363439,2.0
1742772785.2469203,2.0
1742772785.2574832,2.0
1742772785.2680392,2.0
1742772785.2787035,2.0
1742772785.2892349,2.0
1742772785.2997527,2.0
1742772785.31032,2.0
1742772785.3208416,2.0
1742772785.3313756,2.0
1742772785.3419392,2.0
1742772785.3525429,2.0
1742772785.3630853,2.0
1742772785.3736508,2.0
1742772785.3841703,2.0
1742772785.3946998,2.0
1742772785.4052727,2.0
1742772785.4158406,2.0
1742772785.4263992,2.0
1742772785.4369211,2.0
1742772785.4475026,2.0
1742772785.458042,2.0
1742772785.4685695,2.0
1742772785.479188,2.0
1742772785.4897528,2.0
1742772785.5002966,2.0
1742772785.5125873,2.0
1742772785.52321,2.0
1742772785.533776,2.0
1742772785.544273,2.0
1742772785.5554686,2.0
1742772785.56604,2.0
1742772785.5765665,2.0
1742772785.5871396,2.0
1742772785.5977168,2.0
1742772785.6081696,2.0
1742772785.6186874,2.0
1742772785.6292248,2.0
1742772785.6397684,2.0
1742772785.6503258,2.0
1742772785.66088,2.0
1742772785.6714232,2.0
1742772785.682043,2.0
1742772785.6925893,2.0
1742772785.7031724,2.0
1742772785.713777,2.0
1742772785.7243075,2.0
1742772785.7348413,2.0
1742772785.7453816,2.0
1742772785.7560208,2.0
1742772785.766567,2.0
1742772785.7771766,2.0
1742772785.7877107,2.0
1742772785.7982771,2.0
1742772785.8087964,2.0
1742772785.8193383,2.0
1742772785.8299022,2.0
1742772785.8404033,2.0
1742772785.8509443,2.0
1742772785.8625305,2.0
1742772785.8730865,2.0
1742772785.8837383,2.0
1742772785.8943713,2.0
1742772785.9048765,2.0
1742772785.91545,2.0
1742772785.9260042,2.0
1742772785.9365654,2.0
1742772785.9471245,2.0
1742772785.9578354,2.0
1742772785.9683738,2.0
1742772785.9790833,2.0
1742772785.9896438,2.0
1742772786.0001702,2.0
1742772786.0107148,2.0
1742772786.0212762,2.0
1742772786.031804,2.0
1742772786.0424063,2.0
1742772786.0529442,2.0
1742772786.0635498,2.0
1742772786.0741332,2.0
1742772786.085009,2.0
1742772786.0955524,2.0
1742772786.1061258,2.0
1742772786.116675,2.0
1742772786.127296,2.0
1742772786.1378617,2.0
1742772786.148424,2.0
1742772786.159058,2.0
1742772786.1696734,2.0
1742772786.180501,2.0
1742772786.191046,2.0
1742772786.2016318,2.0
1742772786.2122033,2.0
1742772786.2227666,2.0
1742772786.2333505,2.0
1742772786.243945,2.0
1742772786.2545383,2.0
1742772786.2651646,2.0
1742772786.275761,2.0
1742772786.2866106,2.0
1742772786.2971723,2.0
1742772786.3077831,2.0
1742772786.3183634,2.0
1742772786.328934,2.0
1742772786.3395765,2.0
1742772786.3501842,2.0
1742772786.3608036,2.0
1742772786.3714576,2.0
1742772786.3822336,2.0
1742772786.3927748,2.0
1742772786.403376,2.0
1742772786.4139297,2.0
1742772786.4244795,2.0
1742772786.4351187,2.0
1742772786.4458733,2.0
1742772786.456447,2.0
1742772786.4670455,2.0
1742772786.477588,2.0
1742772786.4883907,2.0
1742772786.4989724,2.0
1742772786.51125,2.0
1742772786.521897,2.0
1742772786.532471,2.0
1742772786.5430582,2.0
1742772786.5538416,2.0
1742772786.5646734,2.0
1742772786.5752482,2.0
1742772786.5861042,2.0
1742772786.5968614,2.0
1742772786.6073778,2.0
1742772786.617959,2.0
1742772786.6285386,2.0
1742772786.6391075,2.0
1742772786.6496654,2.0
1742772786.6602342,2.0
1742772786.6708405,2.0
1742772786.6814165,2.0
1742772786.6920028,2.0
1742772786.702585,2.0
1742772786.7131968,2.0
1742772786.7237775,2.0
1742772786.734358,2.0
1742772786.744898,2.0
1742772786.7555628,2.0
1742772786.766154,2.0
1742772786.776733,2.0
1742772786.787444,2.0
1742772786.7980623,2.0
1742772786.8086066,2.0
1742772786.8191855,2.0
1742772786.8297484,2.0
1742772786.8404002,2.0
1742772786.850976,2.0
1742772786.8626366,2.0
1742772786.8732302,2.0
1742772786.8837862,2.0
1742772786.894566,2.0
1742772786.9051156,2.0
1742772786.9157646,2.0
1742772786.9263706,2.0
1742772786.9369693,2.0
1742772786.9475486,2.0
1742772786.9581938,2.0
1742772786.9687517,2.0
1742772786.9798722,2.0
1742772786.9904034,2.0
1742772787.0010643,2.0
1742772787.0116694,2.0
1742772787.022218,2.0
1742772787.0327637,2.0
1742772787.0433555,2.0
1742772787.0539296,2.0
1742772787.0645156,2.0
1742772787.0752316,2.0
1742772787.0858018,2.0
1742772787.0965064,2.0
1742772787.107052,2.0
1742772787.117585,2.0
1742772787.12813,2.0
1742772787.138682,2.0
1742772787.149268,2.0
1742772787.1599696,2.0
1742772787.1705275,2.0
1742772787.1810727,2.0
1742772787.1918643,2.0
1742772787.2023737,2.0
1742772787.2129538,2.0
1742772787.2235324,2.0
1742772787.2340748,2.0
1742772787.2446465,2.0
1742772787.255187,2.0
1742772787.2657702,2.0
1742772787.2763271,2.0
1742772787.286921,2.0
1742772787.2977326,2.0
1742772787.3083198,2.0
1742772787.3188653,2.0
1742772787.32949,2.0
1742772787.3400722,2.0
1742772787.3506672,2.0
1742772787.3612475,2.0
1742772787.3717992,2.0
1742772787.3824003,2.0
1742772787.382591,0.0
