time,actuator,value
1738747272.274103,Actuator(ptr=c_void_p(94499488352256)),165.0
1738747277.291236,Actuator(ptr=c_void_p(94499488352256)),165.0
1738747282.3082693,Actuator(ptr=c_void_p(94499488352256)),165.0
1738747287.3270347,Actuator(ptr=c_void_p(94499488352256)),165.0
1738747292.3442318,Actuator(ptr=c_void_p(94499488352256)),165.0
1738747297.362082,Actuator(ptr=c_void_p(94499488352256)),165.0
1738747302.3813484,Actuator(ptr=c_void_p(94499488352256)),165.0
1738747307.3992372,Actuator(ptr=c_void_p(94499488352256)),165.0
