time,actuator,value
1738733076.8756926,Actuator(ptr=c_void_p(94425790622992)),165.0
1738733081.8925817,Actuator(ptr=c_void_p(94425790622992)),165.0
1738733086.9081435,Actuator(ptr=c_void_p(94425790622992)),165.0
1738733091.9249227,Actuator(ptr=c_void_p(94425790622992)),165.0
1738733096.9401305,Actuator(ptr=c_void_p(94425790622992)),165.0
1738733101.9562883,Actuator(ptr=c_void_p(94425790622992)),165.0
1738733106.9737287,Actuator(ptr=c_void_p(94425790622992)),165.0
1738733111.9907088,Actuator(ptr=c_void_p(94425790622992)),165.0
