time,actuator,value
1738777186.9416354,Actuator(ptr=c_void_p(94282427277200)),107.0
1738777191.9602966,Actuator(ptr=c_void_p(94282427277200)),107.0
1738777196.9801693,Actuator(ptr=c_void_p(94282427277200)),107.0
1738777202.0012612,Actuator(ptr=c_void_p(94282427277200)),107.0
1738777207.019788,Actuator(ptr=c_void_p(94282427277200)),107.0
1738777212.0411873,Actuator(ptr=c_void_p(94282427277200)),107.0
1738777217.0607593,Actuator(ptr=c_void_p(94282427277200)),107.0
1738777222.07922,Actuator(ptr=c_void_p(94282427277200)),107.0
