time,actuator,value
1738731997.491728,Actuator(ptr=c_void_p(94425790622992)),147.0
1738732002.509082,Actuator(ptr=c_void_p(94425790622992)),147.0
1738732007.5269837,Actuator(ptr=c_void_p(94425790622992)),147.0
1738732012.5444393,Actuator(ptr=c_void_p(94425790622992)),147.0
1738732017.5626824,Actuator(ptr=c_void_p(94425790622992)),147.0
1738732022.5811515,Actuator(ptr=c_void_p(94425790622992)),147.0
1738732027.5983188,Actuator(ptr=c_void_p(94425790622992)),147.0
1738732032.61616,Actuator(ptr=c_void_p(94425790622992)),147.0
