time,value
1745887020.1228938,1.0
1745887020.1400251,1.0
1745887020.1570706,1.0
1745887020.1740766,1.0
1745887020.191063,1.0
1745887020.2080193,1.0
1745887020.2249906,1.0
1745887020.2419415,1.0
1745887020.2609253,1.0
1745887020.2778418,1.0
1745887020.2948806,1.0
1745887020.3132172,1.0
1745887020.3302124,1.0
1745887020.3477263,1.0
1745887020.3646715,1.0
1745887020.3816555,1.0
1745887020.3986084,1.0
1745887020.4155715,1.0
1745887020.4325156,1.0
1745887020.449477,1.0
1745887020.4665086,1.0
1745887020.4837768,1.0
1745887020.5293756,1.0
1745887020.547311,1.0
1745887020.5644937,1.0
1745887020.5815694,1.0
1745887020.598628,1.0
1745887020.6156976,1.0
1745887020.6328194,1.0
1745887020.6498961,1.0
1745887020.6670136,1.0
1745887020.6840878,1.0
1745887020.70117,1.0
1745887020.7182372,1.0
1745887020.736098,1.0
1745887020.7531579,1.0
1745887020.770219,1.0
1745887020.7872941,1.0
1745887020.8043516,1.0
1745887020.8214126,1.0
1745887020.8384683,1.0
1745887020.855552,1.0
1745887020.8727317,1.0
1745887020.8897855,1.0
1745887020.9068325,1.0
1745887020.9239137,1.0
1745887020.9409673,1.0
1745887020.958036,1.0
1745887020.9751859,1.0
1745887020.992271,1.0
1745887021.0093448,1.0
1745887021.0274,1.0
1745887021.0444732,1.0
1745887021.0625138,1.0
1745887021.0948944,1.0
1745887021.112025,1.0
1745887021.129126,1.0
1745887021.1461346,1.0
1745887021.1631455,1.0
1745887021.1801453,1.0
1745887021.1971292,1.0
1745887021.2141461,1.0
1745887021.2311573,1.0
1745887021.248143,1.0
1745887021.2669232,1.0
1745887021.2839167,1.0
1745887021.3013308,1.0
1745887021.3182726,1.0
1745887021.3353078,1.0
1745887021.352675,1.0
1745887021.3696644,1.0
1745887021.386652,1.0
1745887021.403647,1.0
1745887021.4206338,1.0
1745887021.4376473,1.0
1745887021.454672,1.0
1745887021.471781,1.0
1745887021.488743,1.0
1745887021.5057344,1.0
1745887021.522732,1.0
1745887021.5397215,1.0
1745887021.55669,1.0
1745887021.57367,1.0
1745887021.5906503,1.0
1745887021.607666,1.0
1745887021.6246443,1.0
1745887021.6416056,1.0
1745887021.658776,1.0
1745887021.6761587,1.0
1745887021.6935282,1.0
1745887021.7108834,1.0
1745887021.7282565,1.0
1745887021.745584,1.0
1745887021.7628996,1.0
1745887021.7802713,1.0
1745887021.7975965,1.0
1745887021.8149164,1.0
1745887021.832262,1.0
1745887021.8495805,1.0
1745887021.8669822,1.0
1745887021.8843877,1.0
1745887021.9017239,1.0
1745887021.9190784,1.0
1745887021.9364872,1.0
1745887021.953873,1.0
1745887021.971222,1.0
1745887021.9886734,1.0
1745887022.0060449,1.0
1745887022.023578,1.0
1745887022.0409358,1.0
1745887022.0593588,1.0
1745887022.0925705,1.0
1745887022.109899,1.0
1745887022.127245,1.0
1745887022.1445518,1.0
1745887022.1618364,1.0
1745887022.1791515,1.0
1745887022.1964953,1.0
1745887022.2138345,1.0
1745887022.2311783,1.0
1745887022.2484944,1.0
1745887022.2676864,1.0
1745887022.285026,1.0
1745887022.3032317,1.0
1745887022.3204997,1.0
1745887022.3378398,1.0
1745887022.3553739,1.0
1745887022.372732,1.0
1745887022.3900592,1.0
1745887022.4074008,1.0
1745887022.424725,1.0
1745887022.442014,1.0
1745887022.4593852,1.0
1745887022.4767513,1.0
1745887022.494068,1.0
1745887022.511401,1.0
1745887022.5287323,1.0
1745887022.5460126,1.0
1745887022.563362,1.0
1745887022.580667,1.0
1745887022.5980291,1.0
1745887022.616111,1.0
1745887022.6334457,1.0
1745887022.6507251,1.0
1745887022.6681004,1.0
1745887022.685469,1.0
1745887022.7028031,1.0
1745887022.7201402,1.0
1745887022.7374582,1.0
1745887022.7552116,1.0
1745887022.772541,1.0
1745887022.7898588,1.0
1745887022.807207,1.0
1745887022.8245099,1.0
1745887022.8418736,1.0
1745887022.8592505,1.0
1745887022.8766172,1.0
1745887022.8939548,1.0
1745887022.911297,1.0
1745887022.9285908,1.0
1745887022.9459212,1.0
1745887022.9632335,1.0
1745887022.980634,1.0
1745887023.0028849,1.0
1745887023.0203617,1.0
1745887023.037764,1.0
1745887023.0550992,1.0
1745887023.0802398,1.0
1745887023.106515,1.0
1745887023.1239436,1.0
1745887023.1414979,1.0
1745887023.1589537,1.0
1745887023.1764128,1.0
1745887023.1938617,1.0
1745887023.2113695,1.0
1745887023.228776,1.0
1745887023.2462232,1.0
1745887023.2651885,1.0
1745887023.2824643,1.0
1745887023.3001347,1.0
1745887023.3174703,1.0
1745887023.334802,1.0
1745887023.3523746,1.0
1745887023.3696697,1.0
1745887023.386973,1.0
1745887023.4042826,1.0
1745887023.4215727,1.0
1745887023.4388573,1.0
1745887023.4561157,1.0
1745887023.4734058,1.0
1745887023.4906626,1.0
1745887023.5079231,1.0
1745887023.5251524,1.0
1745887023.5424192,1.0
1745887023.559672,1.0
1745887023.5769303,1.0
1745887023.5942333,1.0
1745887023.611508,1.0
1745887023.628784,1.0
1745887023.6460397,1.0
1745887023.6634324,1.0
1745887023.6807852,1.0
1745887023.6980767,1.0
1745887023.7153807,1.0
1745887023.7326503,1.0
1745887023.7499378,1.0
1745887023.767249,1.0
1745887023.7845027,1.0
1745887023.8018136,1.0
1745887023.8190804,1.0
1745887023.8363688,1.0
1745887023.8536344,1.0
1745887023.8710058,1.0
1745887023.8882723,1.0
1745887023.9055603,1.0
1745887023.922847,1.0
1745887023.9401424,1.0
1745887023.9574304,1.0
1745887023.974773,1.0
1745887023.992018,1.0
1745887024.009301,1.0
1745887024.026711,1.0
1745887024.0442164,1.0
1745887024.062382,1.0
1745887024.0809548,1.0
1745887024.0985303,1.0
1745887024.1158473,1.0
1745887024.1331692,1.0
1745887024.150437,1.0
1745887024.1677248,1.0
1745887024.184996,1.0
1745887024.2022824,1.0
1745887024.2196054,1.0
1745887024.2368596,1.0
1745887024.255082,1.0
1745887024.2732744,1.0
1745887024.2907357,1.0
1745887024.3088913,1.0
1745887024.3263133,1.0
1745887024.3441918,1.0
1745887024.3615975,1.0
1745887024.3790436,1.0
1745887024.396485,1.0
1745887024.41392,1.0
1745887024.4313893,1.0
1745887024.4488745,1.0
1745887024.4662797,1.0
1745887024.4836748,1.0
1745887024.5009975,1.0
1745887024.5183656,1.0
1745887024.5357747,1.0
1745887024.5531428,1.0
1745887024.5705087,1.0
1745887024.5879247,1.0
1745887024.6052792,1.0
1745887024.6226265,1.0
1745887024.6400394,1.0
1745887024.6574297,1.0
1745887024.6748893,1.0
1745887024.6923234,1.0
1745887024.7096539,1.0
1745887024.7270944,1.0
1745887024.74452,1.0
1745887024.762218,1.0
1745887024.7796102,1.0
1745887024.7969732,1.0
1745887024.8143034,1.0
1745887024.8317063,1.0
1745887024.8491051,1.0
1745887024.866441,1.0
1745887024.8837757,1.0
1745887024.9011195,1.0
1745887024.9184597,1.0
1745887024.935803,1.0
1745887024.9531274,1.0
1745887024.9704723,1.0
1745887024.9878402,1.0
1745887025.0051684,1.0
1745887025.02251,1.0
1745887025.0398388,1.0
1745887025.0582793,1.0
1745887025.0764475,1.0
1745887025.093793,1.0
1745887025.111125,1.0
1745887025.12836,1.0
1745887025.1456337,1.0
1745887025.1628873,1.0
1745887025.1801445,1.0
1745887025.197435,1.0
1745887025.2146416,1.0
1745887025.2319088,1.0
1745887025.2491581,1.0
1745887025.2681131,1.0
1745887025.2853913,1.0
1745887025.3034694,1.0
1745887025.3207047,1.0
1745887025.3380158,1.0
1745887025.355478,1.0
1745887025.3727396,1.0
1745887025.3899972,1.0
1745887025.4072535,1.0
1745887025.4245005,1.0
1745887025.4417582,1.0
1745887025.4591165,1.0
1745887025.4764073,1.0
1745887025.493643,1.0
1745887025.5109007,1.0
1745887025.528115,1.0
1745887025.5497558,1.0
1745887025.56905,1.0
1745887025.586297,1.0
1745887025.6035585,1.0
1745887025.6207914,1.0
1745887025.6380126,1.0
1745887025.655291,1.0
1745887025.672568,1.0
1745887025.6897924,1.0
1745887025.7070026,1.0
1745887025.7242537,1.0
1745887025.7415235,1.0
1745887025.7587724,1.0
1745887025.7760093,1.0
1745887025.793251,1.0
1745887025.810495,1.0
1745887025.8277519,1.0
1745887025.8449757,1.0
1745887025.8621995,1.0
1745887025.8794866,1.0
1745887025.8967063,1.0
1745887025.91396,1.0
1745887025.931196,1.0
1745887025.9484367,1.0
1745887025.9656842,1.0
1745887025.983034,1.0
1745887026.000312,1.0
1745887026.0175383,1.0
1745887026.0350642,1.0
1745887026.052298,1.0
1745887026.0708892,1.0
1745887026.0884206,1.0
1745887026.105692,1.0
1745887026.122919,1.0
1745887026.1401784,1.0
1745887026.1574135,1.0
1745887026.1746557,1.0
1745887026.191921,1.0
1745887026.2091973,1.0
1745887026.2264433,1.0
1745887026.243748,1.0
1745887026.2631965,1.0
1745887026.2805176,1.0
1745887026.2978795,1.0
1745887026.3159556,1.0
1745887026.3333132,1.0
1745887026.3510232,1.0
1745887026.3683848,1.0
1745887026.3857267,1.0
1745887026.4030411,1.0
1745887026.4204087,1.0
1745887026.437755,1.0
1745887026.455108,1.0
1745887026.4724958,1.0
1745887026.4898584,1.0
1745887026.5072076,1.0
1745887026.5245817,1.0
1745887026.5419292,1.0
1745887026.5592773,1.0
1745887026.5766213,1.0
1745887026.5939648,1.0
1745887026.611349,1.0
1745887026.6287603,1.0
1745887026.6461399,1.0
1745887026.6634915,1.0
1745887026.6809363,1.0
1745887026.6983905,1.0
1745887026.7157373,1.0
1745887026.7330384,1.0
1745887026.7503254,1.0
1745887026.767657,1.0
1745887026.7855651,1.0
1745887026.8028991,1.0
1745887026.8202856,1.0
1745887026.8376164,1.0
1745887026.8549058,1.0
1745887026.872289,1.0
1745887026.8895543,1.0
1745887026.9069,1.0
1745887026.9242113,1.0
1745887026.941511,1.0
1745887026.9588523,1.0
1745887026.9763317,1.0
1745887026.993684,1.0
1745887027.0110242,1.0
1745887027.0284812,1.0
1745887027.045821,1.0
1745887027.0644996,1.0
1745887027.0826325,1.0
1745887027.1000097,1.0
1745887027.1173537,1.0
1745887027.1347725,1.0
1745887027.1521232,1.0
1745887027.169466,1.0
1745887027.1867545,1.0
1745887027.204063,1.0
1745887027.2213671,1.0
1745887027.2386806,1.0
1745887027.2569213,1.0
1745887027.2747238,1.0
1745887027.2920449,1.0
1745887027.3100054,1.0
1745887027.3273566,1.0
1745887027.3450756,1.0
1745887027.3623214,1.0
1745887027.379633,1.0
1745887027.396999,1.0
1745887027.4143314,1.0
1745887027.4316823,1.0
1745887027.4489965,1.0
1745887027.466274,1.0
1745887027.483641,1.0
1745887027.5009408,1.0
1745887027.5182757,1.0
1745887027.5355864,1.0
1745887027.5528455,1.0
1745887027.5701451,1.0
1745887027.5874481,1.0
1745887027.6047397,1.0
1745887027.6220384,1.0
1745887027.6393597,1.0
1745887027.656699,1.0
1745887027.674076,1.0
1745887027.691335,1.0
1745887027.708642,1.0
1745887027.7259452,1.0
1745887027.7435737,1.0
1745887027.7608287,1.0
1745887027.7780843,1.0
1745887027.795373,1.0
1745887027.8126285,1.0
1745887027.8298895,1.0
1745887027.8471904,1.0
1745887027.8644238,1.0
1745887027.8817394,1.0
1745887027.8990166,1.0
1745887027.9162664,1.0
1745887027.9335291,1.0
1745887027.9508028,1.0
1745887027.968043,1.0
1745887027.9854834,1.0
1745887028.0027137,1.0
1745887028.0199804,1.0
1745887028.0374715,1.0
1745887028.054728,1.0
1745887028.0735006,1.0
1745887028.103795,1.0
1745887028.1210816,1.0
1745887028.1382968,1.0
1745887028.1555433,1.0
1745887028.172765,1.0
1745887028.1899726,1.0
1745887028.2072098,1.0
1745887028.2244403,1.0
1745887028.2416468,1.0
1745887028.2621636,1.0
1745887028.2794204,1.0
1745887028.2977142,1.0
1745887028.3149018,1.0
1745887028.3321314,1.0
1745887028.349635,1.0
1745887028.3668468,1.0
1745887028.384053,1.0
1745887028.4012573,1.0
1745887028.418486,1.0
1745887028.4357235,1.0
1745887028.4529755,1.0
1745887028.4701798,1.0
1745887028.4874349,1.0
1745887028.5046678,1.0
1745887028.5218785,1.0
1745887028.5391295,1.0
1745887028.5563595,1.0
1745887028.573542,1.0
1745887028.5907505,1.0
1745887028.6080022,1.0
1745887028.625216,1.0
1745887028.6424289,1.0
1745887028.6606712,1.0
1745887028.6779246,1.0
1745887028.6951482,1.0
1745887028.712361,1.0
1745887028.729576,1.0
1745887028.746829,1.0
1745887028.7640789,1.0
1745887028.7812972,1.0
1745887028.798917,1.0
1745887028.816135,1.0
1745887028.833373,1.0
1745887028.8505666,1.0
1745887028.867834,1.0
1745887028.8851128,1.0
1745887028.902345,1.0
1745887028.9195604,1.0
1745887028.936779,1.0
1745887028.954063,1.0
1745887028.971303,1.0
1745887028.9886262,1.0
1745887029.0059307,1.0
1745887029.023156,1.0
1745887029.0405452,1.0
1745887029.0588744,1.0
1745887029.0761955,1.0
1745887029.093458,1.0
1745887029.1107097,1.0
1745887029.127958,1.0
1745887029.1453533,1.0
1745887029.162573,1.0
1745887029.1798298,1.0
1745887029.1970391,1.0
1745887029.2142825,1.0
1745887029.231545,1.0
1745887029.2488112,1.0
1745887029.2687166,1.0
1745887029.2860553,1.0
1745887029.304387,1.0
1745887029.3216395,1.0
1745887029.3391268,1.0
1745887029.356354,1.0
1745887029.3736093,1.0
1745887029.3908951,1.0
1745887029.4082167,1.0
1745887029.4254963,1.0
1745887029.442752,1.0
1745887029.459981,1.0
1745887029.4772809,1.0
1745887029.4945388,1.0
1745887029.511761,1.0
1745887029.5290117,1.0
1745887029.5462654,1.0
1745887029.5636785,1.0
1745887029.580932,1.0
1745887029.5982227,1.0
1745887029.6159658,1.0
1745887029.633229,1.0
1745887029.6504817,1.0
1745887029.667779,1.0
1745887029.685057,1.0
1745887029.7023213,1.0
1745887029.7196043,1.0
1745887029.7368453,1.0
1745887029.7540913,1.0
1745887029.7713463,1.0
1745887029.788565,1.0
1745887029.805857,1.0
1745887029.823069,1.0
1745887029.8403664,1.0
1745887029.8576276,1.0
1745887029.8749008,1.0
1745887029.892188,1.0
1745887029.9095128,1.0
1745887029.9267633,1.0
1745887029.9440506,1.0
1745887029.96135,1.0
1745887029.9787366,1.0
1745887029.9961,1.0
1745887030.0134118,1.0
1745887030.0308225,1.0
1745887030.0480783,1.0
1745887030.0664253,1.0
1745887030.0837932,1.0
1745887030.1148314,1.0
1745887030.1319785,1.0
1745887030.1492126,1.0
1745887030.16651,1.0
1745887030.183809,1.0
1745887030.2010803,1.0
1745887030.2183666,1.0
1745887030.2356412,1.0
1745887030.2550318,1.0
1745887030.2726626,1.0
1745887030.2900047,1.0
1745887030.307927,1.0
1745887030.32518,1.0
1745887030.3426092,1.0
1745887030.3598576,1.0
1745887030.3771098,1.0
1745887030.3944201,1.0
1745887030.411716,1.0
1745887030.429003,1.0
1745887030.446276,1.0
1745887030.4637012,1.0
1745887030.4810717,1.0
1745887030.498319,1.0
1745887030.5156398,1.0
1745887030.5329013,1.0
1745887030.5502713,1.0
1745887030.5703735,1.0
1745887030.5876946,1.0
1745887030.6049576,1.0
1745887030.6222663,1.0
1745887030.6395307,1.0
1745887030.6567702,1.0
1745887030.674073,1.0
1745887030.6914163,1.0
1745887030.7087305,1.0
1745887030.7259853,1.0
1745887030.7431998,1.0
1745887030.7604926,1.0
1745887030.7777503,1.0
1745887030.7950318,1.0
1745887030.8130293,1.0
1745887030.8302853,1.0
1745887030.8475804,1.0
1745887030.864873,1.0
1745887030.8821785,1.0
1745887030.8994334,1.0
1745887030.9167097,1.0
1745887030.9340167,1.0
1745887030.9512799,1.0
1745887030.9685133,1.0
1745887030.9860446,1.0
1745887031.0033417,1.0
1745887031.0206099,1.0
1745887031.038031,1.0
1745887031.0553312,1.0
1745887031.0738304,1.0
1745887031.0911396,1.0
1745887031.1083884,1.0
1745887031.1256251,1.0
1745887031.14301,1.0
1745887031.1602407,1.0
1745887031.1775014,1.0
1745887031.1947637,1.0
1745887031.2120068,1.0
1745887031.2292473,1.0
1745887031.246469,1.0
1745887031.2659545,1.0
1745887031.283249,1.0
1745887031.3013127,1.0
1745887031.3184702,1.0
1745887031.3357325,1.0
1745887031.353256,1.0
1745887031.3704789,1.0
1745887031.3877983,1.0
1745887031.4050581,1.0
1745887031.4223258,1.0
1745887031.4396188,1.0
1745887031.4568512,1.0
1745887031.474117,1.0
1745887031.4914088,1.0
1745887031.508661,1.0
1745887031.5259173,1.0
1745887031.5431817,1.0
1745887031.5604308,1.0
1745887031.577684,1.0
1745887031.5949035,1.0
1745887031.6121955,1.0
1745887031.629425,1.0
1745887031.6466584,1.0
1745887031.6640286,1.0
1745887031.6813903,1.0
1745887031.6988335,1.0
1745887031.7160602,1.0
1745887031.733303,1.0
1745887031.7505572,1.0
1745887031.7678075,1.0
1745887031.7850251,1.0
1745887031.802252,1.0
1745887031.8195615,1.0
1745887031.8367853,1.0
1745887031.854024,1.0
1745887031.8712313,1.0
1745887031.888483,1.0
1745887031.9057064,1.0
1745887031.9229548,1.0
1745887031.9401886,1.0
1745887031.9573896,1.0
1745887031.9746823,1.0
1745887031.9919827,1.0
1745887032.0092587,1.0
1745887032.0264812,1.0
1745887032.0439599,1.0
1745887032.0620618,1.0
1745887032.079212,1.0
1745887032.0968914,1.0
1745887032.1269326,1.0
1745887032.144136,1.0
1745887032.1613684,1.0
1745887032.1786642,1.0
1745887032.195928,1.0
1745887032.2131474,1.0
1745887032.2303984,1.0
1745887032.2476978,1.0
1745887032.266902,1.0
1745887032.2842138,1.0
1745887032.302184,1.0
1745887032.319398,1.0
1745887032.3366952,1.0
1745887032.3541484,1.0
1745887032.371424,1.0
1745887032.3886874,1.0
1745887032.4059668,1.0
1745887032.4232976,1.0
1745887032.4405448,1.0
1745887032.457816,1.0
1745887032.4751077,1.0
1745887032.4924054,1.0
1745887032.509641,1.0
1745887032.5268974,1.0
1745887032.5441492,1.0
1745887032.5614045,1.0
1745887032.5787356,1.0
1745887032.5959973,1.0
1745887032.613294,1.0
1745887032.6305573,1.0
1745887032.6478431,1.0
1745887032.665056,1.0
1745887032.6823232,1.0
1745887032.6995473,1.0
1745887032.7167811,1.0
1745887032.7340162,1.0
1745887032.7512887,1.0
1745887032.7685428,1.0
1745887032.7857797,1.0
1745887032.8030188,1.0
1745887032.8202724,1.0
1745887032.8382337,1.0
1745887032.8555048,1.0
1745887032.872744,1.0
1745887032.8900592,1.0
1745887032.9073622,1.0
1745887032.9246137,1.0
1745887032.941862,1.0
1745887032.9590936,1.0
1745887032.9764104,1.0
1745887032.9980352,1.0
1745887033.0154228,1.0
1745887033.0328453,1.0
1745887033.0501006,1.0
1745887033.068694,1.0
1745887033.0859566,1.0
1745887033.1032686,1.0
1745887033.1205182,1.0
1745887033.1381595,1.0
1745887033.1554093,1.0
1745887033.1727028,1.0
1745887033.1899297,1.0
1745887033.2072022,1.0
1745887033.2244554,1.0
1745887033.2417126,1.0
1745887033.2609627,1.0
1745887033.278208,1.0
1745887033.2955172,1.0
1745887033.3133173,1.0
1745887033.3305643,1.0
1745887033.3479164,1.0
1745887033.365164,1.0
1745887033.3829553,1.0
1745887033.4002006,1.0
1745887033.417422,1.0
1745887033.4346437,1.0
1745887033.4518604,1.0
1745887033.4690645,1.0
1745887033.4863331,1.0
1745887033.5035248,1.0
1745887033.5207198,1.0
1745887033.5378907,1.0
1745887033.5551064,1.0
1745887033.5723088,1.0
1745887033.589514,1.0
1745887033.6067328,1.0
1745887033.6239674,1.0
1745887033.6411545,1.0
1745887033.6583898,1.0
1745887033.6755807,1.0
1745887033.6928403,1.0
1745887033.7100677,1.0
1745887033.727306,1.0
1745887033.7445512,1.0
1745887033.7617438,1.0
1745887033.7789705,1.0
1745887033.7962058,1.0
1745887033.813428,1.0
1745887033.8307028,1.0
1745887033.847922,1.0
1745887033.8651967,1.0
1745887033.8824687,1.0
1745887033.8997223,1.0
1745887033.916936,1.0
1745887033.934138,1.0
1745887033.9513588,1.0
1745887033.9685755,1.0
1745887033.985989,1.0
1745887034.003208,1.0
1745887034.0204403,1.0
1745887034.0378258,1.0
1745887034.0550528,1.0
1745887034.073466,1.0
1745887034.0908582,1.0
1745887034.1080763,1.0
1745887034.1269672,1.0
1745887034.144246,1.0
1745887034.1614363,1.0
1745887034.1786182,1.0
1745887034.1958394,1.0
1745887034.213017,1.0
1745887034.2302182,1.0
1745887034.247427,1.0
1745887034.2664676,1.0
1745887034.2837152,1.0
1745887034.301742,1.0
1745887034.3189144,1.0
1745887034.3361557,1.0
1745887034.353633,1.0
1745887034.3708487,1.0
1745887034.3880403,1.0
1745887034.4052298,1.0
1745887034.422455,1.0
1745887034.4396582,1.0
1745887034.4574342,1.0
1745887034.4746761,1.0
1745887034.4919603,1.0
1745887034.509225,1.0
1745887034.5264337,1.0
1745887034.5436552,1.0
1745887034.5608623,1.0
1745887034.5781372,1.0
1745887034.5953546,1.0
1745887034.6126099,1.0
1745887034.629837,1.0
1745887034.6470535,1.0
1745887034.664271,1.0
1745887034.6815152,1.0
1745887034.6987934,1.0
1745887034.715986,1.0
1745887034.7331755,1.0
1745887034.7503963,1.0
1745887034.7676222,1.0
1745887034.7851303,1.0
1745887034.8023708,1.0
1745887034.8196082,1.0
1745887034.8368416,1.0
1745887034.854466,1.0
1745887034.8717432,1.0
1745887034.8891041,1.0
1745887034.9062896,1.0
1745887034.9235213,1.0
1745887034.9407747,1.0
1745887034.9579518,1.0
1745887034.9753098,1.0
1745887034.9925463,1.0
1745887035.0097754,1.0
1745887035.0269682,1.0
1745887035.044353,1.0
1745887035.0628057,1.0
1745887035.0799782,1.0
1745887035.0972672,1.0
1745887035.1145225,1.0
1745887035.1317508,1.0
1745887035.1492677,1.0
1745887035.1664767,1.0
1745887035.1837473,1.0
1745887035.2009747,1.0
1745887035.2181993,1.0
1745887035.2354212,1.0
1745887035.2530313,1.0
1745887035.271559,1.0
1745887035.288848,1.0
1745887035.3071394,1.0
1745887035.3244126,1.0
1745887035.3418975,1.0
1745887035.3590634,1.0
1745887035.376276,1.0
1745887035.393488,1.0
1745887035.41074,1.0
1745887035.428012,1.0
1745887035.4452662,1.0
1745887035.4625943,1.0
1745887035.4798555,1.0
1745887035.4971676,1.0
1745887035.5143902,1.0
1745887035.531573,1.0
1745887035.5488417,1.0
1745887035.5660748,1.0
1745887035.5852132,1.0
1745887035.6034951,1.0
1745887035.620745,1.0
1745887035.638003,1.0
1745887035.655426,1.0
1745887035.6726785,1.0
1745887035.6899881,1.0
1745887035.7072403,1.0
1745887035.7244477,1.0
1745887035.7416668,1.0
1745887035.75892,1.0
1745887035.776168,1.0
1745887035.7934082,1.0
1745887035.8106809,1.0
1745887035.8278975,1.0
1745887035.8451643,1.0
1745887035.862382,1.0
1745887035.879644,1.0
1745887035.8968859,1.0
1745887035.9141111,1.0
1745887035.9313602,1.0
1745887035.9485977,1.0
1745887035.9658203,1.0
1745887035.9832115,1.0
1745887036.000434,1.0
1745887036.0177846,1.0
1745887036.035147,1.0
1745887036.052401,1.0
1745887036.0708969,1.0
1745887036.088153,1.0
1745887036.1054096,1.0
1745887036.1227057,1.0
1745887036.1399653,1.0
1745887036.157212,1.0
1745887036.1744635,1.0
1745887036.1917484,1.0
1745887036.2089622,1.0
1745887036.2262032,1.0
1745887036.2434394,1.0
1745887036.2629483,1.0
1745887036.2802122,1.0
1745887036.2984,1.0
1745887036.3156006,1.0
1745887036.3328846,1.0
1745887036.3503506,1.0
1745887036.3676217,1.0
1745887036.384839,1.0
1745887036.4020967,1.0
1745887036.425531,1.0
1745887036.4497383,1.0
1745887036.4669535,1.0
1745887036.4843354,1.0
1745887036.501669,1.0
1745887036.5189326,1.0
1745887036.536221,1.0
1745887036.5534592,1.0
1745887036.5707083,1.0
1745887036.5879488,1.0
1745887036.6051857,1.0
1745887036.6224403,1.0
1745887036.6397069,1.0
1745887036.6569746,1.0
1745887036.6742456,1.0
1745887036.6915712,1.0
1745887036.7088308,1.0
1745887036.7260916,1.0
1745887036.7433522,1.0
1745887036.7605977,1.0
1745887036.777837,1.0
1745887036.7951455,1.0
1745887036.8124263,1.0
1745887036.8297522,1.0
1745887036.8470483,1.0
1745887036.8646405,1.0
1745887036.8818827,1.0
1745887036.8992252,1.0
1745887036.91651,1.0
1745887036.933729,1.0
1745887036.9510016,1.0
1745887036.9682486,1.0
1745887036.985861,1.0
1745887037.0031438,1.0
1745887037.020399,1.0
1745887037.0378652,1.0
1745887037.0550883,1.0
1745887037.0735438,1.0
1745887037.090911,1.0
1745887037.108121,1.0
1745887037.1253579,1.0
1745887037.14272,1.0
1745887037.159979,1.0
1745887037.177232,1.0
1745887037.1944842,1.0
1745887037.2117333,1.0
1745887037.2289438,1.0
1745887037.2461956,1.0
1745887037.2650998,1.0
1745887037.282334,1.0
1745887037.299923,1.0
1745887037.3174078,1.0
1745887037.3346696,1.0
1745887037.3524387,1.0
1745887037.3696783,1.0
1745887037.386903,1.0
1745887037.4041681,1.0
1745887037.4214394,1.0
1745887037.43864,1.0
1745887037.45588,1.0
1745887037.4731016,1.0
1745887037.490359,1.0
1745887037.5076327,1.0
1745887037.524852,1.0
1745887037.542124,1.0
1745887037.5593646,1.0
1745887037.576578,1.0
1745887037.5938072,1.0
1745887037.611036,1.0
1745887037.6282842,1.0
1745887037.645527,1.0
1745887037.6627693,1.0
1745887037.6800044,1.0
1745887037.6973104,1.0
1745887037.7145457,1.0
1745887037.7318337,1.0
1745887037.7490623,1.0
1745887037.7663312,1.0
1745887037.7836032,1.0
1745887037.8008628,1.0
1745887037.8181167,1.0
1745887037.8353393,1.0
1745887037.8525538,1.0
1745887037.8697712,1.0
1745887037.8870196,1.0
1745887037.9043088,1.0
1745887037.9215322,1.0
1745887037.938787,1.0
1745887037.9560163,1.0
1745887037.9734607,1.0
1745887037.9913058,1.0
1745887038.0085678,1.0
1745887038.0257914,1.0
1745887038.0433533,1.0
1745887038.0614884,1.0
1745887038.0789614,1.0
1745887038.0963361,1.0
1745887038.1136222,1.0
1745887038.1309233,1.0
1745887038.1482582,1.0
1745887038.1655338,1.0
1745887038.1828227,1.0
1745887038.2001216,1.0
1745887038.2174513,1.0
1745887038.2347605,1.0
1745887038.2523522,1.0
1745887038.271265,1.0
1745887038.2885957,1.0
1745887038.3065825,1.0
1745887038.3238664,1.0
1745887038.3415108,1.0
1745887038.3587232,1.0
1745887038.3760087,1.0
1745887038.3933153,1.0
1745887038.4105911,1.0
1745887038.4279072,1.0
1745887038.4451938,1.0
1745887038.4625125,1.0
1745887038.4798071,1.0
1745887038.4978905,1.0
1745887038.515184,1.0
1745887038.532472,1.0
1745887038.5497863,1.0
1745887038.5670803,1.0
1745887038.5843828,1.0
1745887038.6017306,1.0
1745887038.6190279,1.0
1745887038.6363342,1.0
1745887038.6536186,1.0
1745887038.6708796,1.0
1745887038.6882007,1.0
1745887038.7055516,1.0
1745887038.7228253,1.0
1745887038.7401056,1.0
1745887038.7573698,1.0
1745887038.7747147,1.0
1745887038.7920277,1.0
1745887038.8093202,1.0
1745887038.8266187,1.0
1745887038.8438966,1.0
1745887038.861185,1.0
1745887038.8788054,1.0
1745887038.8961723,1.0
1745887038.9134333,1.0
1745887038.930705,1.0
1745887038.948007,1.0
1745887038.9652731,1.0
1745887038.982944,1.0
1745887039.0002668,1.0
1745887039.0175915,1.0
1745887039.0350778,1.0
1745887039.052379,1.0
1745887039.0712745,1.0
1745887039.0885246,1.0
1745887039.112295,1.0
1745887039.1365974,1.0
1745887039.154076,1.0
1745887039.1713643,1.0
1745887039.1886911,1.0
1745887039.2060132,1.0
1745887039.2233005,1.0
1745887039.2405925,1.0
1745887039.260093,1.0
1745887039.2773547,1.0
1745887039.2947595,1.0
1745887039.312598,1.0
1745887039.3299358,1.0
1745887039.347857,1.0
1745887039.3651342,1.0
1745887039.3824217,1.0
1745887039.3997278,1.0
1745887039.4170618,1.0
1745887039.434319,1.0
1745887039.4516585,1.0
1745887039.4689643,1.0
1745887039.4862823,1.0
1745887039.5036068,1.0
1745887039.5209997,1.0
1745887039.5382836,1.0
1745887039.5555682,1.0
1745887039.572836,1.0
1745887039.5901074,1.0
1745887039.60911,1.0
1745887039.6263752,1.0
1745887039.6436558,1.0
1745887039.661037,1.0
1745887039.6782925,1.0
1745887039.6956017,1.0
1745887039.712837,1.0
1745887039.7301035,1.0
1745887039.7473783,1.0
1745887039.7646227,1.0
1745887039.7818964,1.0
1745887039.7991242,1.0
1745887039.8165503,1.0
1745887039.833788,1.0
1745887039.8511014,1.0
1745887039.8684185,1.0
1745887039.885726,1.0
1745887039.9030359,1.0
1745887039.9203498,1.0
1745887039.9376152,1.0
1745887039.9549103,1.0
1745887039.9723346,1.0
1745887039.9898424,1.0
1745887040.0071487,1.0
1745887040.0244343,1.0
1745887040.0418577,1.0
1745887040.060136,1.0
1745887040.077541,1.0
1745887040.0949216,1.0
1745887040.1122313,1.0
1745887040.1295006,1.0
1745887040.1467578,1.0
1745887040.1640124,1.0
1745887040.1812673,1.0
1745887040.1985815,1.0
1745887040.215853,1.0
1745887040.233079,1.0
1745887040.2503357,1.0
1745887040.2694662,1.0
1745887040.2867599,1.0
1745887040.3047934,1.0
1745887040.3220537,1.0
1745887040.3394384,1.0
1745887040.3567212,1.0
1745887040.3740094,1.0
1745887040.3912492,1.0
1745887040.4085474,1.0
1745887040.4258473,1.0
1745887040.4431717,1.0
1745887040.4605997,1.0
1745887040.4778693,1.0
1745887040.4951537,1.0
1745887040.5124574,1.0
1745887040.5297039,1.0
1745887040.5470843,1.0
1745887040.5643184,1.0
1745887040.5815957,1.0
1745887040.5990975,1.0
1745887040.6183085,1.0
1745887040.6356063,1.0
1745887040.6528795,1.0
1745887040.6701546,1.0
1745887040.6874835,1.0
1745887040.704811,1.0
1745887040.7220693,1.0
1745887040.7393606,1.0
1745887040.7566366,1.0
1745887040.7738838,1.0
1745887040.791157,1.0
1745887040.8084073,1.0
1745887040.8256836,1.0
1745887040.8430033,1.0
1745887040.8602705,1.0
1745887040.8775403,1.0
1745887040.8952065,1.0
1745887040.912513,1.0
1745887040.9298213,1.0
1745887040.9471264,1.0
1745887040.9644074,1.0
1745887040.9820774,1.0
1745887040.9993634,1.0
1745887041.0166564,1.0
1745887041.0339205,1.0
1745887041.0513003,1.0
1745887041.0703723,1.0
1745887041.0876782,1.0
1745887041.1050196,1.0
1745887041.1223335,1.0
1745887041.1396244,1.0
1745887041.157107,1.0
1745887041.1743505,1.0
1745887041.1916466,1.0
1745887041.2089167,1.0
1745887041.226177,1.0
1745887041.2434967,1.0
1745887041.263124,1.0
1745887041.2803795,1.0
1745887041.2980316,1.0
1745887041.3154254,1.0
1745887041.3327198,1.0
1745887041.3502107,1.0
1745887041.367505,1.0
1745887041.3847382,1.0
1745887041.401971,1.0
1745887041.4192188,1.0
1745887041.4364345,1.0
1745887041.45364,1.0
1745887041.4708755,1.0
1745887041.4881063,1.0
1745887041.5053942,1.0
1745887041.5226693,1.0
1745887041.5398893,1.0
1745887041.5571148,1.0
1745887041.5743577,1.0
1745887041.5916553,1.0
1745887041.6088855,1.0
1745887041.6260846,1.0
1745887041.643316,1.0
1745887041.6605337,1.0
1745887041.6777482,1.0
1745887041.6951146,1.0
1745887041.712408,1.0
1745887041.7296505,1.0
1745887041.7468803,1.0
1745887041.7641308,1.0
1745887041.7813323,1.0
1745887041.798568,1.0
1745887041.815827,1.0
1745887041.8330872,1.0
1745887041.850322,1.0
1745887041.8675542,1.0
1745887041.8847897,1.0
1745887041.9020555,1.0
1745887041.9193187,1.0
1745887041.9365385,1.0
1745887041.953758,1.0
1745887041.9709835,1.0
1745887041.9882612,1.0
1745887042.00554,1.0
1745887042.022824,1.0
1745887042.0402946,1.0
1745887042.0586607,1.0
1745887042.0762317,1.0
1745887042.0935545,1.0
1745887042.1108658,1.0
1745887042.1281433,1.0
1745887042.1454182,1.0
1745887042.1626925,1.0
1745887042.1799762,1.0
1745887042.1972442,1.0
1745887042.2145271,1.0
1745887042.2317934,1.0
1745887042.2490664,1.0
1745887042.2685149,1.0
1745887042.2857726,1.0
1745887042.3038323,1.0
1745887042.3211215,1.0
1745887042.3386548,1.0
1745887042.3560145,1.0
1745887042.3733122,1.0
1745887042.3906024,1.0
1745887042.4079309,1.0
1745887042.4252234,1.0
1745887042.4424736,1.0
1745887042.459754,1.0
1745887042.4770951,1.0
1745887042.4943821,1.0
1745887042.5117316,1.0
1745887042.5290148,1.0
1745887042.5462933,1.0
1745887042.5635684,1.0
1745887042.5808473,1.0
1745887042.5981195,1.0
1745887042.6154573,1.0
1745887042.6327322,1.0
1745887042.6500347,1.0
1745887042.6673183,1.0
1745887042.684588,1.0
1745887042.701888,1.0
1745887042.719245,1.0
1745887042.7365437,1.0
1745887042.7538593,1.0
1745887042.7711763,1.0
1745887042.7884798,1.0
1745887042.8057578,1.0
1745887042.823079,1.0
1745887042.8403742,1.0
1745887042.8576238,1.0
1745887042.8749459,1.0
1745887042.8922532,1.0
1745887042.9100957,1.0
1745887042.927437,1.0
1745887042.9447422,1.0
1745887042.9620242,1.0
1745887042.9793837,1.0
1745887043.0022995,1.0
1745887043.0195425,1.0
1745887043.0368333,1.0
1745887043.0541902,1.0
1745887043.0726917,1.0
1745887043.089973,1.0
1745887043.1076798,1.0
1745887043.137953,1.0
1745887043.1552792,1.0
1745887043.1725252,1.0
1745887043.1898265,1.0
1745887043.207077,1.0
1745887043.2243817,1.0
1745887043.241621,1.0
1745887043.2605207,1.0
1745887043.2777712,1.0
1745887043.2950668,1.0
1745887043.313187,1.0
1745887043.3304498,1.0
1745887043.347869,1.0
1745887043.3652241,1.0
1745887043.382519,1.0
1745887043.3997896,1.0
1745887043.4170482,1.0
1745887043.4343052,1.0
1745887043.4515948,1.0
1745887043.468873,1.0
1745887043.4861312,1.0
1745887043.503457,1.0
1745887043.520768,1.0
1745887043.5380347,1.0
1745887043.5553083,1.0
1745887043.5725517,1.0
1745887043.5898137,1.0
1745887043.607087,1.0
1745887043.6245742,1.0
1745887043.6418092,1.0
1745887043.659145,1.0
1745887043.6764603,1.0
1745887043.6937308,1.0
1745887043.711055,1.0
1745887043.7283099,1.0
1745887043.745542,1.0
1745887043.7627916,1.0
1745887043.7801073,1.0
1745887043.7974048,1.0
1745887043.8148592,1.0
1745887043.8321319,1.0
1745887043.84938,1.0
1745887043.8665931,1.0
1745887043.883861,1.0
1745887043.9012144,1.0
1745887043.9184458,1.0
1745887043.9356997,1.0
1745887043.9529607,1.0
1745887043.9702125,1.0
1745887043.987691,1.0
1745887044.004952,1.0
1745887044.022333,1.0
1745887044.0400746,1.0
1745887044.0584505,1.0
1745887044.0760105,1.0
1745887044.0933177,1.0
1745887044.110693,1.0
1745887044.1279573,1.0
1745887044.1452317,1.0
1745887044.1625319,1.0
1745887044.17981,1.0
1745887044.197106,1.0
1745887044.2144008,1.0
1745887044.2316897,1.0
1745887044.2489958,1.0
1745887044.2685297,1.0
1745887044.2858071,1.0
1745887044.3039129,1.0
1745887044.321203,1.0
1745887044.3385913,1.0
1745887044.355948,1.0
1745887044.3732154,1.0
1745887044.3904512,1.0
1745887044.4077306,1.0
1745887044.425057,1.0
1745887044.4422987,1.0
1745887044.4596052,1.0
1745887044.4768627,1.0
1745887044.4941165,1.0
1745887044.5114646,1.0
1745887044.5287318,1.0
1745887044.5459888,1.0
1745887044.5632753,1.0
1745887044.580546,1.0
1745887044.5978115,1.0
1745887044.615081,1.0
1745887044.6323452,1.0
1745887044.6495914,1.0
1745887044.6668344,1.0
1745887044.6841264,1.0
1745887044.701406,1.0
1745887044.718669,1.0
1745887044.7359257,1.0
1745887044.7531996,1.0
1745887044.7704868,1.0
1745887044.7877517,1.0
1745887044.8050714,1.0
1745887044.822356,1.0
1745887044.840329,1.0
1745887044.857693,1.0
1745887044.8749907,1.0
1745887044.8923278,1.0
1745887044.909644,1.0
1745887044.927253,1.0
1745887044.9444623,1.0
1745887044.9617124,1.0
1745887044.9790556,1.0
1745887044.9964037,1.0
1745887045.0137033,1.0
1745887045.0309453,1.0
1745887045.0502236,1.0
1745887045.0687454,1.0
1745887045.0860057,1.0
1745887045.1033616,1.0
1745887045.1206172,1.0
1745887045.137966,1.0
1745887045.1555424,1.0
1745887045.1727872,1.0
1745887045.190035,1.0
1745887045.2073739,1.0
1745887045.2246447,1.0
1745887045.2419076,1.0
1745887045.2610583,1.0
1745887045.2784164,1.0
1745887045.2958748,1.0
1745887045.3139226,1.0
1745887045.3314369,1.0
1745887045.3492744,1.0
1745887045.366708,1.0
1745887045.3841438,1.0
1745887045.4015462,1.0
1745887045.4189985,1.0
1745887045.4365025,1.0
1745887045.454011,1.0
1745887045.4714227,1.0
1745887045.488841,1.0
1745887045.5063357,1.0
1745887045.5237749,1.0
1745887045.5412037,1.0
1745887045.5586343,1.0
1745887045.5760577,1.0
1745887045.5934687,1.0
1745887045.6108973,1.0
1745887045.631543,1.0
1745887045.648921,1.0
1745887045.6663835,1.0
1745887045.6838157,1.0
1745887045.7012248,1.0
1745887045.7186651,1.0
1745887045.736071,1.0
1745887045.75351,1.0
1745887045.7709513,1.0
1745887045.7883723,1.0
1745887045.805821,1.0
1745887045.8232627,1.0
1745887045.840598,1.0
1745887045.8579938,1.0
1745887045.8753679,1.0
1745887045.8927803,1.0
1745887045.9101453,1.0
1745887045.9275095,1.0
1745887045.9449067,1.0
1745887045.962262,1.0
1745887045.97973,1.0
1745887045.9971285,1.0
1745887046.0144591,1.0
1745887046.0318298,1.0
1745887046.0493279,1.0
1745887046.0681407,1.0
1745887046.0855057,1.0
1745887046.1028347,1.0
1745887046.1201878,1.0
1745887046.1374774,1.0
1745887046.1548417,1.0
1745887046.1721275,1.0
1745887046.189356,1.0
1745887046.2065787,1.0
1745887046.2238443,1.0
1745887046.2410786,1.0
1745887046.2603009,1.0
1745887046.277518,1.0
1745887046.2947776,1.0
1745887046.3125741,1.0
1745887046.3297958,1.0
1745887046.3472428,1.0
1745887046.3644712,1.0
1745887046.3817158,1.0
1745887046.3989763,1.0
1745887046.416224,1.0
1745887046.4334724,1.0
1745887046.4507117,1.0
1745887046.4679675,1.0
1745887046.4852393,1.0
1745887046.5025089,1.0
1745887046.5197794,1.0
1745887046.5370243,1.0
1745887046.5542488,1.0
1745887046.5715158,1.0
1745887046.5887806,1.0
1745887046.6060169,1.0
1745887046.6232553,1.0
1745887046.640637,1.0
1745887046.6578846,1.0
1745887046.675143,1.0
1745887046.692399,1.0
1745887046.7096844,1.0
1745887046.7269516,1.0
1745887046.7442112,1.0
1745887046.7614217,1.0
1745887046.7786987,1.0
1745887046.7959838,1.0
1745887046.8132308,1.0
1745887046.8306396,1.0
1745887046.8478901,1.0
1745887046.8651466,1.0
1745887046.882391,1.0
1745887046.8996828,1.0
1745887046.9169674,1.0
1745887046.9342234,1.0
1745887046.9519475,1.0
1745887046.9692237,1.0
1745887046.9867918,1.0
1745887047.0040932,1.0
1745887047.0213592,1.0
1745887047.0386503,1.0
1745887047.056127,1.0
1745887047.0747406,1.0
1745887047.0920408,1.0
1745887047.1093585,1.0
1745887047.1266506,1.0
1745887047.143889,1.0
1745887047.1612244,1.0
1745887047.1785119,1.0
1745887047.1958182,1.0
1745887047.2130995,1.0
1745887047.2303681,1.0
1745887047.2476702,1.0
1745887047.2669537,1.0
1745887047.2842727,1.0
1745887047.3022964,1.0
1745887047.3195913,1.0
1745887047.336887,1.0
1745887047.3543947,1.0
1745887047.3717105,1.0
1745887047.3889897,1.0
1745887047.4062617,1.0
1745887047.4235525,1.0
1745887047.4408185,1.0
1745887047.458068,1.0
1745887047.4753647,1.0
1745887047.4926434,1.0
1745887047.5099466,1.0
1745887047.5272572,1.0
1745887047.5445213,1.0
1745887047.561767,1.0
1745887047.5790322,1.0
1745887047.5963042,1.0
1745887047.613566,1.0
1745887047.630864,1.0
1745887047.6481376,1.0
1745887047.665385,1.0
1745887047.6826715,1.0
1745887047.6999543,1.0
1745887047.7172685,1.0
1745887047.7345443,1.0
1745887047.75181,1.0
1745887047.769072,1.0
1745887047.7863266,1.0
1745887047.8036027,1.0
1745887047.8208768,1.0
1745887047.8381858,1.0
1745887047.8554597,1.0
1745887047.8727217,1.0
1745887047.889972,1.0
1745887047.9073234,1.0
1745887047.9245744,1.0
1745887047.9418585,1.0
1745887047.9591463,1.0
1745887047.976585,1.0
1745887047.9938993,1.0
1745887048.0111945,1.0
1745887048.028473,1.0
1745887048.0458562,1.0
1745887048.064557,1.0
1745887048.0817997,1.0
1745887048.0990715,1.0
1745887048.116402,1.0
1745887048.133657,1.0
1745887048.1509185,1.0
1745887048.1682005,1.0
1745887048.1854608,1.0
1745887048.2027338,1.0
1745887048.2202916,1.0
1745887048.2375522,1.0
1745887048.2558653,1.0
1745887048.2739482,1.0
1745887048.2912993,1.0
1745887048.309622,1.0
1745887048.327069,1.0
1745887048.344808,1.0
1745887048.362138,1.0
1745887048.379479,1.0
1745887048.3967655,1.0
1745887048.4140732,1.0
1745887048.4313705,1.0
1745887048.4486365,1.0
1745887048.4659348,1.0
1745887048.483242,1.0
1745887048.5005498,1.0
1745887048.5179176,1.0
1745887048.5352218,1.0
1745887048.5525048,1.0
1745887048.5697765,1.0
1745887048.5870516,1.0
1745887048.6043396,1.0
1745887048.621626,1.0
1745887048.6388881,1.0
1745887048.656187,1.0
1745887048.6734838,1.0
1745887048.690738,1.0
1745887048.708047,1.0
1745887048.7253566,1.0
1745887048.743016,1.0
1745887048.7603672,1.0
1745887048.7776294,1.0
1745887048.7949512,1.0
1745887048.8122275,1.0
1745887048.829538,1.0
1745887048.8468199,1.0
1745887048.8640845,1.0
1745887048.881351,1.0
1745887048.8986578,1.0
1745887048.915972,1.0
1745887048.9333045,1.0
1745887048.9505606,1.0
1745887048.9679797,1.0
1745887048.9855232,1.0
1745887049.002833,1.0
1745887049.0201828,1.0
1745887049.037493,1.0
1745887049.0550025,1.0
1745887049.0736597,1.0
1745887049.0909584,1.0
1745887049.1082711,1.0
1745887049.1255763,1.0
1745887049.1429,1.0
1745887049.1603677,1.0
1745887049.1776457,1.0
1745887049.1949308,1.0
1745887049.2128687,1.0
1745887049.2301986,1.0
1745887049.247566,1.0
1745887049.2668507,1.0
1745887049.2841973,1.0
1745887049.3022914,1.0
1745887049.3196344,1.0
1745887049.3370037,1.0
1745887049.3545876,1.0
1745887049.3718922,1.0
1745887049.3891833,1.0
1745887049.406543,1.0
1745887049.4238362,1.0
1745887049.4411387,1.0
1745887049.4583852,1.0
1745887049.4756768,1.0
1745887049.492976,1.0
1745887049.5103931,1.0
1745887049.52768,1.0
1745887049.5449705,1.0
1745887049.5622363,1.0
1745887049.5797045,1.0
1745887049.5970304,1.0
1745887049.6143181,1.0
1745887049.6316607,1.0
1745887049.6489518,1.0
1745887049.6662438,1.0
1745887049.6835742,1.0
1745887049.7008665,1.0
1745887049.7181993,1.0
1745887049.7355156,1.0
1745887049.752823,1.0
1745887049.770106,1.0
1745887049.7874079,1.0
1745887049.8046715,1.0
1745887049.8219535,1.0
1745887049.8392985,1.0
1745887049.8565948,1.0
1745887049.8738992,1.0
1745887049.8912222,1.0
1745887049.908472,1.0
1745887049.9257398,1.0
1745887049.9430335,1.0
1745887049.9603179,1.0
1745887049.9779322,1.0
1745887049.995296,1.0
1745887050.0125935,1.0
1745887050.0298483,1.0
1745887050.047481,1.0
1745887050.0663028,1.0
1745887050.0836053,1.0
1745887050.1009161,1.0
1745887050.1182268,1.0
1745887050.1355612,1.0
1745887050.1528456,1.0
1745887050.170137,1.0
1745887050.1874356,1.0
1745887050.2047071,1.0
1745887050.2219763,1.0
1745887050.2392442,1.0
1745887050.2580287,1.0
1745887050.2753713,1.0
1745887050.292674,1.0
1745887050.3107805,1.0
1745887050.328059,1.0
1745887050.3455367,1.0
1745887050.3627875,1.0
1745887050.3800368,1.0
1745887050.3973026,1.0
1745887050.414522,1.0
1745887050.431792,1.0
1745887050.4490714,1.0
1745887050.4663954,1.0
1745887050.483689,1.0
1745887050.5009155,1.0
1745887050.5182085,1.0
1745887050.5354552,1.0
1745887050.5528135,1.0
1745887050.5700874,1.0
1745887050.5873477,1.0
1745887050.6045818,1.0
1745887050.621811,1.0
1745887050.6391263,1.0
1745887050.6591132,1.0
1745887050.6763532,1.0
1745887050.6936069,1.0
1745887050.710862,1.0
1745887050.728105,1.0
1745887050.7453365,1.0
1745887050.7626536,1.0
1745887050.7798965,1.0
1745887050.797118,1.0
1745887050.8143642,1.0
1745887050.8316019,1.0
1745887050.848822,1.0
1745887050.866121,1.0
1745887050.8833592,1.0
1745887050.9006412,1.0
1745887050.9179394,1.0
1745887050.9352531,1.0
1745887050.9526865,1.0
1745887050.9703205,1.0
1745887050.9876664,1.0
1745887051.0049207,1.0
1745887051.0221696,1.0
1745887051.039416,1.0
1745887051.057968,1.0
1745887051.0752745,1.0
1745887051.092545,1.0
1745887051.1097999,1.0
1745887051.1270864,1.0
1745887051.144316,1.0
1745887051.1619146,1.0
1745887051.1791492,1.0
1745887051.196363,1.0
1745887051.2136278,1.0
1745887051.2308528,1.0
1745887051.248087,1.0
1745887051.2674332,1.0
1745887051.2846854,1.0
1745887051.3024626,1.0
1745887051.3199205,1.0
1745887051.3371644,1.0
1745887051.3547661,1.0
1745887051.3719997,1.0
1745887051.3892436,1.0
1745887051.4064493,1.0
1745887051.423717,1.0
1745887051.4409769,1.0
1745887051.4582129,1.0
1745887051.47549,1.0
1745887051.492693,1.0
1745887051.5099137,1.0
1745887051.52715,1.0
1745887051.5443559,1.0
1745887051.5615723,1.0
1745887051.5788002,1.0
1745887051.5960257,1.0
1745887051.613281,1.0
1745887051.6305687,1.0
1745887051.6478405,1.0
1745887051.6650648,1.0
1745887051.6823204,1.0
1745887051.6997724,1.0
1745887051.7170806,1.0
1745887051.7343714,1.0
1745887051.751629,1.0
1745887051.768865,1.0
1745887051.7861202,1.0
1745887051.8033526,1.0
1745887051.8206394,1.0
1745887051.8379018,1.0
1745887051.8551824,1.0
1745887051.8724785,1.0
1745887051.8897424,1.0
1745887051.9069917,1.0
1745887051.924374,1.0
1745887051.9415865,1.0
1745887051.9588668,1.0
1745887051.9762032,1.0
1745887051.993522,1.0
1745887052.0107484,1.0
1745887052.0280182,1.0
1745887052.0453193,1.0
1745887052.0641541,1.0
1745887052.081391,1.0
1745887052.098677,1.0
1745887052.1159897,1.0
1745887052.133268,1.0
1745887052.1505342,1.0
1745887052.1678061,1.0
1745887052.1850402,1.0
1745887052.20227,1.0
1745887052.2195268,1.0
1745887052.236774,1.0
1745887052.2547543,1.0
1745887052.2730012,1.0
1745887052.290322,1.0
1745887052.3084183,1.0
1745887052.3257442,1.0
1745887052.3432367,1.0
1745887052.3604038,1.0
1745887052.377666,1.0
1745887052.3949203,1.0
1745887052.412201,1.0
1745887052.4294233,1.0
1745887052.446713,1.0
1745887052.4639513,1.0
1745887052.4812083,1.0
1745887052.4984748,1.0
1745887052.515794,1.0
1745887052.533052,1.0
1745887052.5503244,1.0
1745887052.5675638,1.0
1745887052.5848215,1.0
1745887052.6021,1.0
1745887052.6193852,1.0
1745887052.6366458,1.0
1745887052.6539013,1.0
1745887052.6711504,1.0
1745887052.688389,1.0
1745887052.7056475,1.0
1745887052.7229414,1.0
1745887052.7402098,1.0
1745887052.757498,1.0
1745887052.7747507,1.0
1745887052.792011,1.0
1745887052.809254,1.0
1745887052.8265543,1.0
1745887052.8438506,1.0
1745887052.8611162,1.0
1745887052.878389,1.0
1745887052.8957121,1.0
1745887052.9129846,1.0
1745887052.9302325,1.0
1745887052.9475036,1.0
1745887052.9647477,1.0
1745887052.9822607,1.0
1745887053.0038056,1.0
1745887053.0210917,1.0
1745887053.038339,1.0
1745887053.055794,1.0
1745887053.074162,1.0
1745887053.0914674,1.0
1745887053.1087043,1.0
1745887053.1260326,1.0
1745887053.1433296,1.0
1745887053.1606863,1.0
1745887053.177953,1.0
1745887053.1952033,1.0
1745887053.2124856,1.0
1745887053.229749,1.0
1745887053.2470384,1.0
1745887053.2660024,1.0
1745887053.2833192,1.0
1745887053.3011026,1.0
1745887053.3185327,1.0
1745887053.3365502,1.0
1745887053.3540754,1.0
1745887053.3713255,1.0
1745887053.3885663,1.0
1745887053.4057899,1.0
1745887053.4230688,1.0
1745887053.4402921,1.0
1745887053.4575408,1.0
1745887053.474757,1.0
1745887053.492044,1.0
1745887053.5092785,1.0
1745887053.5265825,1.0
1745887053.5553257,1.0
1745887053.572581,1.0
1745887053.5898046,1.0
1745887053.607114,1.0
1745887053.6243634,1.0
1745887053.6416316,1.0
1745887053.6588838,1.0
1745887053.676134,1.0
1745887053.693385,1.0
1745887053.710652,1.0
1745887053.7279968,1.0
1745887053.745275,1.0
1745887053.7625582,1.0
1745887053.7798889,1.0
1745887053.7971094,1.0
1745887053.8143718,1.0
1745887053.831618,1.0
1745887053.848973,1.0
1745887053.8667085,1.0
1745887053.8840003,1.0
1745887053.9012337,1.0
1745887053.9185948,1.0
1745887053.93587,1.0
1745887053.9531384,1.0
1745887053.970405,1.0
1745887053.987845,1.0
1745887054.0051193,1.0
1745887054.0224059,1.0
1745887054.0397003,1.0
1745887054.0571928,1.0
1745887054.0753865,1.0
1745887054.0926516,1.0
1745887054.1099234,1.0
1745887054.127286,1.0
1745887054.144541,1.0
1745887054.161807,1.0
1745887054.179053,1.0
1745887054.1962907,1.0
1745887054.213509,1.0
1745887054.2307634,1.0
1745887054.2480276,1.0
1745887054.2671974,1.0
1745887054.284489,1.0
1745887054.3022697,1.0
1745887054.3196545,1.0
1745887054.3369195,1.0
1745887054.3545861,1.0
1745887054.3718815,1.0
1745887054.3891253,1.0
1745887054.4063828,1.0
1745887054.423638,1.0
1745887054.4409122,1.0
1745887054.4581633,1.0
1745887054.475467,1.0
1745887054.4927309,1.0
1745887054.5099995,1.0
1745887054.5273046,1.0
1745887054.5445805,1.0
1745887054.561863,1.0
1745887054.5791092,1.0
1745887054.59638,1.0
1745887054.6136258,1.0
1745887054.630875,1.0
1745887054.6481428,1.0
1745887054.6653857,1.0
1745887054.6826646,1.0
1745887054.6999578,1.0
1745887054.7171967,1.0
1745887054.734436,1.0
1745887054.7517197,1.0
1745887054.7689662,1.0
1745887054.786255,1.0
1745887054.803502,1.0
1745887054.8207662,1.0
1745887054.838015,1.0
1745887054.8553169,1.0
1745887054.872615,1.0
1745887054.8898478,1.0
1745887054.907095,1.0
1745887054.924384,1.0
1745887054.9416463,1.0
1745887054.9589329,1.0
1745887054.9762864,1.0
1745887054.9935722,1.0
1745887055.0111375,1.0
1745887055.0284326,1.0
1745887055.0456614,1.0
1745887055.0644958,1.0
1745887055.0816786,1.0
1745887055.0988977,1.0
1745887055.1161885,1.0
1745887055.133555,1.0
1745887055.1508234,1.0
1745887055.1681964,1.0
1745887055.185445,1.0
1745887055.202667,1.0
1745887055.2199287,1.0
1745887055.237181,1.0
1745887055.2553117,1.0
1745887055.2732892,1.0
1745887055.2905667,1.0
1745887055.3086548,1.0
1745887055.3259745,1.0
1745887055.3434966,1.0
1745887055.3606808,1.0
1745887055.3779235,1.0
1745887055.3952396,1.0
1745887055.4125283,1.0
1745887055.4297686,1.0
1745887055.447038,1.0
1745887055.4644263,1.0
1745887055.4817367,1.0
1745887055.499019,1.0
1745887055.5163214,1.0
1745887055.5336113,1.0
1745887055.5509963,1.0
1745887055.5682817,1.0
1745887055.5855405,1.0
1745887055.6028643,1.0
1745887055.620143,1.0
1745887055.637398,1.0
1745887055.6546934,1.0
1745887055.6744251,1.0
1745887055.6916864,1.0
1745887055.70895,1.0
1745887055.726243,1.0
1745887055.7435288,1.0
1745887055.7607605,1.0
1745887055.7779846,1.0
1745887055.7952378,1.0
1745887055.8125074,1.0
1745887055.8297708,1.0
1745887055.8470025,1.0
1745887055.8642921,1.0
1745887055.881516,1.0
1745887055.8987582,1.0
1745887055.9160094,1.0
1745887055.9333398,1.0
1745887055.9505584,1.0
1745887055.9678504,1.0
1745887055.985393,1.0
1745887056.0026846,1.0
1745887056.019941,1.0
1745887056.0371778,1.0
1745887056.0545778,1.0
1745887056.0732684,1.0
1745887056.0904787,1.0
1745887056.1076946,1.0
1745887056.1249359,1.0
1745887056.1422079,1.0
1745887056.1594825,1.0
1745887056.1767492,1.0
1745887056.1940331,1.0
1745887056.2113562,1.0
1745887056.228612,1.0
1745887056.2458732,1.0
1745887056.264936,1.0
1745887056.282176,1.0
1745887056.2995853,1.0
1745887056.317378,1.0
1745887056.334671,1.0
1745887056.3520765,1.0
1745887056.369295,1.0
1745887056.3865733,1.0
1745887056.4038444,1.0
1745887056.421106,1.0
1745887056.4383726,1.0
1745887056.4556613,1.0
1745887056.4729302,1.0
1745887056.4901686,1.0
1745887056.507442,1.0
1745887056.524729,1.0
1745887056.5419807,1.0
1745887056.5592427,1.0
1745887056.57648,1.0
1745887056.5937421,1.0
1745887056.611,1.0
1745887056.6282957,1.0
1745887056.6455233,1.0
1745887056.6627662,1.0
1745887056.6800215,1.0
1745887056.6974943,1.0
1745887056.7147388,1.0
1745887056.7320633,1.0
1745887056.7493339,1.0
1745887056.7665946,1.0
1745887056.7838445,1.0
1745887056.8010685,1.0
1745887056.8183963,1.0
1745887056.8356671,1.0
1745887056.852924,1.0
1745887056.8701737,1.0
1745887056.8874383,1.0
1745887056.9047277,1.0
1745887056.9219744,1.0
1745887056.939249,1.0
1745887056.9565468,1.0
1745887056.9739153,1.0
1745887056.9911752,1.0
1745887057.0084653,1.0
1745887057.026354,1.0
1745887057.0436935,1.0
1745887057.0618985,1.0
1745887057.0790555,1.0
1745887057.0963395,1.0
1745887057.1135771,1.0
1745887057.1308675,1.0
1745887057.148151,1.0
1745887057.165512,1.0
1745887057.1827922,1.0
1745887057.2000818,1.0
1745887057.2173293,1.0
1745887057.2345917,1.0
1745887057.2520866,1.0
1745887057.270947,1.0
1745887057.2882285,1.0
1745887057.306277,1.0
1745887057.3235643,1.0
1745887057.3410637,1.0
1745887057.358238,1.0
1745887057.3755574,1.0
1745887057.392843,1.0
1745887057.4101126,1.0
1745887057.4274728,1.0
1745887057.4447463,1.0
1745887057.4620204,1.0
1745887057.4793289,1.0
1745887057.49657,1.0
1745887057.5138478,1.0
1745887057.5312448,1.0
1745887057.5485053,1.0
1745887057.5657597,1.0
1745887057.5830045,1.0
1745887057.6002948,1.0
1745887057.617551,1.0
1745887057.6348016,1.0
1745887057.6521065,1.0
1745887057.6694107,1.0
1745887057.6866677,1.0
1745887057.7039578,1.0
1745887057.7211637,1.0
1745887057.738458,1.0
1745887057.755738,1.0
1745887057.7730167,1.0
1745887057.7902727,1.0
1745887057.807552,1.0
1745887057.824819,1.0
1745887057.8421059,1.0
1745887057.8593671,1.0
1745887057.876679,1.0
1745887057.8939388,1.0
1745887057.9112089,1.0
1745887057.9284635,1.0
1745887057.945714,1.0
1745887057.9629717,1.0
1745887057.98032,1.0
1745887057.9976573,1.0
1745887058.0149066,1.0
1745887058.0321543,1.0
1745887058.0494783,1.0
1745887058.06822,1.0
1745887058.0854168,1.0
1745887058.102687,1.0
1745887058.1199543,1.0
1745887058.137308,1.0
1745887058.1545846,1.0
1745887058.1718662,1.0
1745887058.189116,1.0
1745887058.2064335,1.0
1745887058.2236938,1.0
1745887058.2409375,1.0
1745887058.2596745,1.0
1745887058.2769134,1.0
1745887058.2942135,1.0
1745887058.3123858,1.0
1745887058.3296843,1.0
1745887058.347153,1.0
1745887058.364419,1.0
1745887058.3816812,1.0
1745887058.3989575,1.0
1745887058.4165325,1.0
1745887058.4337852,1.0
1745887058.45104,1.0
1745887058.4688323,1.0
1745887058.4860966,1.0
1745887058.5033565,1.0
1745887058.5206037,1.0
1745887058.537881,1.0
1745887058.5551317,1.0
1745887058.5723877,1.0
1745887058.5896075,1.0
1745887058.606909,1.0
1745887058.6241653,1.0
1745887058.6414042,1.0
1745887058.6586828,1.0
1745887058.6759813,1.0
1745887058.6932197,1.0
1745887058.71047,1.0
1745887058.7277105,1.0
1745887058.7515302,1.0
1745887058.7759774,1.0
1745887058.7931848,1.0
1745887058.810403,1.0
1745887058.827709,1.0
1745887058.8449538,1.0
1745887058.8622444,1.0
1745887058.8795774,1.0
1745887058.896842,1.0
1745887058.9141219,1.0
1745887058.931463,1.0
1745887058.9487576,1.0
1745887058.9659963,1.0
1745887058.9833899,1.0
1745887059.0006602,1.0
1745887059.0179126,1.0
1745887059.035425,1.0
1745887059.05274,1.0
1745887059.0712004,1.0
1745887059.088424,1.0
1745887059.1056473,1.0
1745887059.1228707,1.0
1745887059.140207,1.0
1745887059.157444,1.0
1745887059.1749535,1.0
1745887059.1922278,1.0
1745887059.2094884,1.0
1745887059.226726,1.0
1745887059.2442362,1.0
1745887059.2632627,1.0
1745887059.280459,1.0
1745887059.2980378,1.0
1745887059.315793,1.0
1745887059.3330972,1.0
1745887059.3506303,1.0
1745887059.3680136,1.0
1745887059.385322,1.0
1745887059.4025648,1.0
1745887059.4198005,1.0
1745887059.4370103,1.0
1745887059.4542227,1.0
1745887059.4714565,1.0
1745887059.4886897,1.0
1745887059.5058763,1.0
1745887059.5231175,1.0
1745887059.5404181,1.0
1745887059.5576432,1.0
1745887059.5748594,1.0
1745887059.5920856,1.0
1745887059.6092992,1.0
1745887059.6265218,1.0
1745887059.643727,1.0
1745887059.6610675,1.0
1745887059.6783063,1.0
1745887059.695534,1.0
1745887059.712792,1.0
1745887059.7300818,1.0
1745887059.7473874,1.0
1745887059.76461,1.0
1745887059.7818823,1.0
1745887059.799152,1.0
1745887059.8164124,1.0
1745887059.8336546,1.0
1745887059.8509521,1.0
1745887059.8683033,1.0
1745887059.8856304,1.0
1745887059.9028924,1.0
1745887059.9201424,1.0
1745887059.9374583,1.0
1745887059.9547296,1.0
1745887059.9722838,1.0
1745887059.9895744,1.0
1745887060.0068395,1.0
1745887060.0241346,1.0
1745887060.0414145,1.0
1745887060.059729,1.0
1745887060.0771036,1.0
1745887060.0943809,1.0
1745887060.1117165,1.0
1745887060.128976,1.0
1745887060.1462271,1.0
1745887060.1635206,1.0
1745887060.180807,1.0
1745887060.1980696,1.0
1745887060.215379,1.0
1745887060.2326443,1.0
1745887060.2499294,1.0
1745887060.2689302,1.0
1745887060.2862306,1.0
1745887060.304185,1.0
1745887060.3213904,1.0
1745887060.338988,1.0
1745887060.356277,1.0
1745887060.3735392,1.0
1745887060.3907835,1.0
1745887060.4080431,1.0
1745887060.4252975,1.0
1745887060.4425597,1.0
1745887060.4599643,1.0
1745887060.477209,1.0
1745887060.4944835,1.0
1745887060.5117273,1.0
1745887060.528969,1.0
1745887060.5462947,1.0
1745887060.5635936,1.0
1745887060.58084,1.0
1745887060.5981095,1.0
1745887060.6153834,1.0
1745887060.6326363,1.0
1745887060.649865,1.0
1745887060.667129,1.0
1745887060.6869102,1.0
1745887060.704252,1.0
1745887060.7215466,1.0
1745887060.7389135,1.0
1745887060.7561922,1.0
1745887060.7734067,1.0
1745887060.7906392,1.0
1745887060.8079195,1.0
1745887060.8251991,1.0
1745887060.842469,1.0
1745887060.8598235,1.0
1745887060.8771536,1.0
1745887060.8944666,1.0
1745887060.9117744,1.0
1745887060.9290574,1.0
1745887060.9463844,1.0
1745887060.9637396,1.0
1745887060.9811716,1.0
1745887060.998475,1.0
1745887061.0158184,1.0
1745887061.0331233,1.0
1745887061.0507905,1.0
1745887061.0699391,1.0
1745887061.087275,1.0
1745887061.104609,1.0
1745887061.1219184,1.0
1745887061.1392834,1.0
1745887061.1565714,1.0
1745887061.1739604,1.0
1745887061.1912963,1.0
1745887061.2085729,1.0
1745887061.2258983,1.0
1745887061.2432077,1.0
1745887061.2622726,1.0
1745887061.2795587,1.0
1745887061.296898,1.0
1745887061.314819,1.0
1745887061.3321893,1.0
1745887061.349781,1.0
1745887061.3671088,1.0
1745887061.3844056,1.0
1745887061.4017265,1.0
1745887061.419034,1.0
1745887061.436386,1.0
1745887061.453692,1.0
1745887061.4710052,1.0
1745887061.4883287,1.0
1745887061.5056467,1.0
1745887061.5229373,1.0
1745887061.5404167,1.0
1745887061.5577118,1.0
1745887061.575032,1.0
1745887061.592344,1.0
1745887061.6096554,1.0
1745887061.6269803,1.0
1745887061.644329,1.0
1745887061.6616087,1.0
1745887061.678972,1.0
1745887061.6963286,1.0
1745887061.7136517,1.0
1745887061.7310832,1.0
1745887061.7484245,1.0
1745887061.7657309,1.0
1745887061.7830892,1.0
1745887061.8003833,1.0
1745887061.8177147,1.0
1745887061.8349998,1.0
1745887061.8523054,1.0
1745887061.8695896,1.0
1745887061.8869045,1.0
1745887061.904217,1.0
1745887061.9215147,1.0
1745887061.938844,1.0
1745887061.9561543,1.0
1745887061.9735193,1.0
1745887061.9908738,1.0
1745887062.0082023,1.0
1745887062.0255067,1.0
1745887062.042804,1.0
1745887062.061124,1.0
1745887062.0786765,1.0
1745887062.0963671,1.0
1745887062.113586,1.0
1745887062.1309283,1.0
1745887062.1481674,1.0
1745887062.1654224,1.0
1745887062.1826985,1.0
1745887062.2000186,1.0
1745887062.2172952,1.0
1745887062.2345834,1.0
1745887062.2521968,1.0
1745887062.2709255,1.0
1745887062.2882457,1.0
1745887062.3063219,1.0
1745887062.323668,1.0
1745887062.341399,1.0
1745887062.3586369,1.0
1745887062.3760033,1.0
1745887062.3933513,1.0
1745887062.4106977,1.0
1745887062.4280527,1.0
1745887062.4453967,1.0
1745887062.462747,1.0
1745887062.4800942,1.0
1745887062.4974444,1.0
1745887062.5147636,1.0
1745887062.5322027,1.0
1745887062.5495362,1.0
1745887062.5668354,1.0
1745887062.5841846,1.0
1745887062.601508,1.0
1745887062.6188483,1.0
1745887062.6361876,1.0
1745887062.653535,1.0
1745887062.6708765,1.0
1745887062.688192,1.0
1745887062.7055109,1.0
1745887062.7228436,1.0
1745887062.740243,1.0
1745887062.7576413,1.0
1745887062.774963,1.0
1745887062.792361,1.0
1745887062.8097165,1.0
1745887062.8270864,1.0
1745887062.844597,1.0
1745887062.8618975,1.0
1745887062.8792057,1.0
1745887062.896626,1.0
1745887062.913931,1.0
1745887062.9312897,1.0
1745887062.9485931,1.0
1745887062.9658873,1.0
1745887062.9833822,1.0
1745887063.0042768,1.0
1745887063.0215368,1.0
1745887063.0388715,1.0
1745887063.0562198,1.0
1745887063.075154,1.0
1745887063.0924907,1.0
1745887063.109813,1.0
1745887063.1271303,1.0
1745887063.1445215,1.0
1745887063.1617935,1.0
1745887063.1792314,1.0
1745887063.1965384,1.0
1745887063.2138498,1.0
1745887063.2313693,1.0
1745887063.2486763,1.0
1745887063.2679324,1.0
1745887063.2852154,1.0
1745887063.3031335,1.0
1745887063.320421,1.0
1745887063.3379736,1.0
1745887063.355352,1.0
1745887063.372648,1.0
1745887063.389988,1.0
1745887063.4072828,1.0
1745887063.4246218,1.0
1745887063.4419043,1.0
1745887063.4592845,1.0
1745887063.4765744,1.0
1745887063.4939027,1.0
1745887063.5112562,1.0
1745887063.528549,1.0
1745887063.5459058,1.0
1745887063.5632293,1.0
1745887063.5811975,1.0
1745887063.598503,1.0
1745887063.6158113,1.0
1745887063.6331048,1.0
1745887063.6506627,1.0
1745887063.6679463,1.0
1745887063.685259,1.0
1745887063.7025268,1.0
1745887063.7198408,1.0
1745887063.7371848,1.0
1745887063.7544868,1.0
1745887063.7718,1.0
1745887063.789047,1.0
1745887063.8063686,1.0
1745887063.8236942,1.0
1745887063.8410661,1.0
1745887063.8584309,1.0
1745887063.875784,1.0
1745887063.8931472,1.0
1745887063.9104443,1.0
1745887063.9277725,1.0
1745887063.945118,1.0
1745887063.9624348,1.0
1745887063.979892,1.0
1745887063.9972703,1.0
1745887064.0146353,1.0
1745887064.0320163,1.0
1745887064.049387,1.0
1745887064.0682101,1.0
1745887064.0856414,1.0
1745887064.1029818,1.0
1745887064.120346,1.0
1745887064.137702,1.0
1745887064.155052,1.0
1745887064.1723819,1.0
1745887064.1897318,1.0
1745887064.2070312,1.0
1745887064.2244267,1.0
1745887064.2417428,1.0
1745887064.2609348,1.0
1745887064.2781644,1.0
1745887064.2954628,1.0
1745887064.313256,1.0
1745887064.3305783,1.0
1745887064.3482845,1.0
1745887064.3655229,1.0
1745887064.3828342,1.0
1745887064.4001296,1.0
1745887064.4174042,1.0
1745887064.434652,1.0
1745887064.451956,1.0
1745887064.4692595,1.0
1745887064.486512,1.0
1745887064.5038016,1.0
1745887064.5210586,1.0
1745887064.5383875,1.0
1745887064.5556517,1.0
1745887064.572926,1.0
1745887064.5902202,1.0
1745887064.607527,1.0
1745887064.6247976,1.0
1745887064.6420848,1.0
1745887064.6593819,1.0
1745887064.6766412,1.0
1745887064.6939685,1.0
1745887064.7112408,1.0
1745887064.7284904,1.0
1745887064.745815,1.0
1745887064.7631,1.0
1745887064.7803712,1.0
1745887064.7976408,1.0
1745887064.8149352,1.0
1745887064.8322458,1.0
1745887064.8495703,1.0
1745887064.8668525,1.0
1745887064.884196,1.0
1745887064.9014876,1.0
1745887064.9187734,1.0
1745887064.9361708,1.0
1745887064.9534328,1.0
1745887064.97074,1.0
1745887064.9881575,1.0
1745887065.005435,1.0
1745887065.0227394,1.0
1745887065.0400007,1.0
1745887065.0584881,1.0
1745887065.0760229,1.0
1745887065.0937095,1.0
1745887065.111028,1.0
1745887065.1283426,1.0
1745887065.1456997,1.0
1745887065.1629806,1.0
1745887065.1803887,1.0
1745887065.1976843,1.0
1745887065.2149363,1.0
1745887065.2322373,1.0
1745887065.2495217,1.0
1745887065.2689152,1.0
1745887065.2862701,1.0
1745887065.3044403,1.0
1745887065.3217473,1.0
1745887065.3393984,1.0
1745887065.3566504,1.0
1745887065.3740108,1.0
1745887065.391379,1.0
1745887065.408695,1.0
1745887065.4260244,1.0
1745887065.4434018,1.0
1745887065.4609702,1.0
1745887065.4783063,1.0
1745887065.4956648,1.0
1745887065.512988,1.0
1745887065.5303097,1.0
1745887065.5480995,1.0
1745887065.5654364,1.0
1745887065.5827796,1.0
1745887065.6001682,1.0
1745887065.61748,1.0
1745887065.6348424,1.0
1745887065.652193,1.0
1745887065.6695724,1.0
1745887065.6869068,1.0
1745887065.7072253,1.0
1745887065.7245169,1.0
1745887065.7419167,1.0
1745887065.7592232,1.0
1745887065.7764957,1.0
1745887065.7938206,1.0
1745887065.8111165,1.0
1745887065.8284876,1.0
1745887065.8457756,1.0
1745887065.8631165,1.0
1745887065.8804402,1.0
1745887065.8977482,1.0
1745887065.915088,1.0
1745887065.9324098,1.0
1745887065.9497707,1.0
1745887065.9670632,1.0
1745887065.9847627,1.0
1745887066.002049,1.0
1745887066.0193667,1.0
1745887066.0366867,1.0
1745887066.053995,1.0
1745887066.0729034,1.0
1745887066.0901666,1.0
1745887066.1074326,1.0
1745887066.124688,1.0
1745887066.142067,1.0
1745887066.159349,1.0
1745887066.1767063,1.0
1745887066.194011,1.0
1745887066.2113273,1.0
1745887066.2286694,1.0
1745887066.2459593,1.0
1745887066.2652912,1.0
1745887066.2826226,1.0
1745887066.3007982,1.0
1745887066.317993,1.0
1745887066.335355,1.0
1745887066.3529441,1.0
1745887066.37028,1.0
1745887066.3876114,1.0
1745887066.40494,1.0
1745887066.4222624,1.0
1745887066.4396017,1.0
1745887066.456961,1.0
1745887066.4742606,1.0
1745887066.4916012,1.0
1745887066.5088801,1.0
1745887066.526171,1.0
1745887066.543532,1.0
1745887066.5608292,1.0
1745887066.5781512,1.0
1745887066.5954802,1.0
1745887066.612784,1.0
1745887066.6301045,1.0
1745887066.6474144,1.0
1745887066.6647048,1.0
1745887066.6820328,1.0
1745887066.69952,1.0
1745887066.7168102,1.0
1745887066.7341332,1.0
1745887066.7514715,1.0
1745887066.7813559,1.0
1745887066.7985435,1.0
1745887066.8158617,1.0
1745887066.8332627,1.0
1745887066.850591,1.0
1745887066.867914,1.0
1745887066.8852437,1.0
1745887066.9025836,1.0
1745887066.9199402,1.0
1745887066.937266,1.0
1745887066.9545817,1.0
1745887066.9719093,1.0
1745887066.989438,1.0
1745887067.0067039,1.0
1745887067.0239692,1.0
1745887067.0412662,1.0
1745887067.060088,1.0
1745887067.0774498,1.0
1745887067.0947382,1.0
1745887067.1123915,1.0
1745887067.129653,1.0
1745887067.1469824,1.0
1745887067.1642475,1.0
1745887067.18315,1.0
1745887067.2004125,1.0
1745887067.2176638,1.0
1745887067.2349157,1.0
1745887067.2523046,1.0
1745887067.2711117,1.0
1745887067.2883682,1.0
1745887067.3064198,1.0
1745887067.3236625,1.0
1745887067.341148,1.0
1745887067.3583584,1.0
1745887067.3756309,1.0
1745887067.3928468,1.0
1745887067.410143,1.0
1745887067.4274065,1.0
1745887067.444652,1.0
1745887067.4618661,1.0
1745887067.4791026,1.0
1745887067.4963143,1.0
1745887067.5135734,1.0
1745887067.5308309,1.0
1745887067.548089,1.0
1745887067.565317,1.0
1745887067.5825508,1.0
1745887067.599789,1.0
1745887067.6170309,1.0
1745887067.6342518,1.0
1745887067.6517746,1.0
1745887067.6690476,1.0
1745887067.686272,1.0
1745887067.70353,1.0
1745887067.7207575,1.0
1745887067.7379785,1.0
1745887067.755452,1.0
1745887067.772691,1.0
1745887067.7899365,1.0
1745887067.8071427,1.0
1745887067.824411,1.0
1745887067.841631,1.0
1745887067.8588579,1.0
1745887067.8761454,1.0
1745887067.8933792,1.0
1745887067.9106271,1.0
1745887067.9278567,1.0
1745887067.9451349,1.0
1745887067.9623587,1.0
1745887067.9796386,1.0
1745887067.9969366,1.0
1745887068.0141768,1.0
1745887068.0314114,1.0
1745887068.0486302,1.0
1745887068.066997,1.0
1745887068.0842419,1.0
1745887068.1014698,1.0
1745887068.1186988,1.0
1745887068.1359305,1.0
1745887068.1532173,1.0
1745887068.1704571,1.0
1745887068.1876748,1.0
1745887068.2049012,1.0
1745887068.2221074,1.0
1745887068.2393517,1.0
1745887068.257919,1.0
1745887068.2755823,1.0
1745887068.2928267,1.0
1745887068.3108525,1.0
1745887068.3283076,1.0
1745887068.3457716,1.0
1745887068.3629608,1.0
1745887068.3802114,1.0
1745887068.3974223,1.0
1745887068.4146576,1.0
1745887068.4318779,1.0
1745887068.4491022,1.0
1745887068.4663208,1.0
1745887068.4835556,1.0
1745887068.5007787,1.0
1745887068.5179858,1.0
1745887068.5352283,1.0
1745887068.5524836,1.0
1745887068.5696926,1.0
1745887068.5869205,1.0
1745887068.6041112,1.0
1745887068.6213,1.0
1745887068.6385272,1.0
1745887068.6557388,1.0
1745887068.6729524,1.0
1745887068.6901994,1.0
1745887068.7078784,1.0
1745887068.7250903,1.0
1745887068.7423108,1.0
1745887068.7595408,1.0
1745887068.776774,1.0
1745887068.7940075,1.0
1745887068.8112354,1.0
1745887068.8284817,1.0
1745887068.8457305,1.0
1745887068.8630338,1.0
1745887068.8804133,1.0
1745887068.8976617,1.0
1745887068.9148998,1.0
1745887068.9321606,1.0
1745887068.9494328,1.0
1745887068.9666903,1.0
1745887068.984044,1.0
1745887069.0012927,1.0
1745887069.018529,1.0
1745887069.0357594,1.0
1745887069.0529492,1.0
1745887069.071606,1.0
1745887069.0888162,1.0
1745887069.1060438,1.0
1745887069.1237004,1.0
1745887069.1409214,1.0
1745887069.1581843,1.0
1745887069.175426,1.0
1745887069.1927145,1.0
1745887069.2099726,1.0
1745887069.2271893,1.0
1745887069.2444472,1.0
1745887069.2634258,1.0
1745887069.2806334,1.0
1745887069.2978783,1.0
1745887069.315733,1.0
1745887069.3329837,1.0
1745887069.350707,1.0
1745887069.3679368,1.0
1745887069.3851418,1.0
1745887069.4023466,1.0
1745887069.4196117,1.0
1745887069.4368417,1.0
1745887069.4541013,1.0
1745887069.4717011,1.0
1745887069.4889476,1.0
1745887069.5061555,1.0
1745887069.5233955,1.0
1745887069.5406115,1.0
1745887069.557908,1.0
1745887069.5751457,1.0
1745887069.5924292,1.0
1745887069.6096594,1.0
1745887069.6268878,1.0
1745887069.6441221,1.0
1745887069.6613877,1.0
1745887069.6786048,1.0
1745887069.695848,1.0
1745887069.7130527,1.0
1745887069.7302766,1.0
1745887069.747572,1.0
1745887069.7648244,1.0
1745887069.7820373,1.0
1745887069.799289,1.0
1745887069.8165076,1.0
1745887069.833759,1.0
1745887069.8509889,1.0
1745887069.8682528,1.0
1745887069.8855147,1.0
1745887069.9027364,1.0
1745887069.9199724,1.0
1745887069.9372041,1.0
1745887069.9545023,1.0
1745887069.9719465,1.0
1745887069.9891675,1.0
1745887070.006391,1.0
1745887070.0235937,1.0
1745887070.0408223,1.0
1745887070.0592027,1.0
1745887070.0766904,1.0
1745887070.0940337,1.0
1745887070.1113796,1.0
1745887070.128697,1.0
1745887070.1460018,1.0
1745887070.1633875,1.0
1745887070.1807084,1.0
1745887070.1980426,1.0
1745887070.215412,1.0
1745887070.2327242,1.0
1745887070.2500396,1.0
1745887070.2688544,1.0
1745887070.2861996,1.0
1745887070.304269,1.0
1745887070.3215,1.0
1745887070.3388186,1.0
1745887070.356352,1.0
1745887070.3736982,1.0
1745887070.3910215,1.0
1745887070.4083838,1.0
1745887070.4256861,1.0
1745887070.4429843,1.0
1745887070.4606266,1.0
1745887070.4779623,1.0
1745887070.4953115,1.0
1745887070.5126095,1.0
1745887070.5299678,1.0
1745887070.5476537,1.0
1745887070.5649498,1.0
1745887070.5822732,1.0
1745887070.5996106,1.0
1745887070.6169152,1.0
1745887070.6342332,1.0
1745887070.6515472,1.0
1745887070.6688256,1.0
1745887070.6861248,1.0
1745887070.703446,1.0
1745887070.7238352,1.0
1745887070.741111,1.0
1745887070.7584004,1.0
1745887070.7756631,1.0
1745887070.7928925,1.0
1745887070.8101616,1.0
1745887070.8274026,1.0
1745887070.8446736,1.0
1745887070.8619053,1.0
1745887070.8791776,1.0
1745887070.8964338,1.0
1745887070.9137275,1.0
1745887070.930967,1.0
1745887070.948241,1.0
1745887070.9654553,1.0
1745887070.9829264,1.0
1745887071.0001807,1.0
1745887071.0174165,1.0
1745887071.0346408,1.0
1745887071.051896,1.0
1745887071.0705755,1.0
1745887071.0878704,1.0
1745887071.1051328,1.0
1745887071.1224535,1.0
1745887071.1401992,1.0
1745887071.1575253,1.0
1745887071.1748645,1.0
1745887071.1923423,1.0
1745887071.2095964,1.0
1745887071.2268903,1.0
1745887071.244241,1.0
1745887071.2633252,1.0
1745887071.2805874,1.0
1745887071.2979407,1.0
1745887071.3157578,1.0
1745887071.333105,1.0
1745887071.3505886,1.0
1745887071.367833,1.0
1745887071.385084,1.0
1745887071.4023535,1.0
1745887071.4196968,1.0
1745887071.4370258,1.0
1745887071.4543138,1.0
1745887071.4715831,1.0
1745887071.488839,1.0
1745887071.5061104,1.0
1745887071.5234065,1.0
1745887071.540677,1.0
1745887071.5580328,1.0
1745887071.5753062,1.0
1745887071.592546,1.0
1745887071.609816,1.0
1745887071.627111,1.0
1745887071.6443715,1.0
1745887071.6617117,1.0
1745887071.6789727,1.0
1745887071.6962388,1.0
1745887071.7134917,1.0
1745887071.7307415,1.0
1745887071.7480133,1.0
1745887071.7652597,1.0
1745887071.7824857,1.0
1745887071.79994,1.0
1745887071.8171623,1.0
1745887071.8345306,1.0
1745887071.8517907,1.0
1745887071.8690186,1.0
1745887071.8862526,1.0
1745887071.903498,1.0
1745887071.9207263,1.0
1745887071.9379692,1.0
1745887071.955289,1.0
1745887071.97255,1.0
1745887071.9899714,1.0
1745887072.0072987,1.0
1745887072.024565,1.0
1745887072.0417998,1.0
1745887072.0601585,1.0
1745887072.0775187,1.0
1745887072.0947695,1.0
1745887072.1120636,1.0
1745887072.129374,1.0
1745887072.1466727,1.0
1745887072.1639917,1.0
1745887072.1812458,1.0
1745887072.1985283,1.0
1745887072.2157872,1.0
1745887072.233024,1.0
1745887072.2502675,1.0
1745887072.2690754,1.0
1745887072.286274,1.0
1745887072.3044178,1.0
1745887072.321632,1.0
1745887072.3388581,1.0
1745887072.3562422,1.0
1745887072.3734334,1.0
1745887072.3906336,1.0
1745887072.4078243,1.0
1745887072.4250894,1.0
1745887072.4422748,1.0
1745887072.4594786,1.0
1745887072.4766805,1.0
1745887072.4938457,1.0
1745887072.5111015,1.0
1745887072.5282946,1.0
1745887072.5454946,1.0
1745887072.5627286,1.0
1745887072.5799315,1.0
1745887072.597143,1.0
1745887072.6143923,1.0
1745887072.6315944,1.0
1745887072.6487966,1.0
1745887072.665971,1.0
1745887072.6831973,1.0
1745887072.7003858,1.0
1745887072.7175968,1.0
1745887072.746963,1.0
1745887072.7642066,1.0
1745887072.78142,1.0
1745887072.7986412,1.0
1745887072.8158507,1.0
1745887072.833152,1.0
1745887072.850353,1.0
1745887072.8675869,1.0
1745887072.8847833,1.0
1745887072.9019918,1.0
1745887072.9192266,1.0
1745887072.9364343,1.0
1745887072.9536867,1.0
1745887072.9708748,1.0
1745887072.988227,1.0
1745887073.0107322,1.0
1745887073.0280333,1.0
1745887073.0452297,1.0
1745887073.0636795,1.0
1745887073.0811145,1.0
1745887073.0983226,1.0
1745887073.1155436,1.0
1745887073.1327105,1.0
1745887073.1503665,1.0
1745887073.1675909,1.0
1745887073.184933,1.0
1745887073.2021358,1.0
1745887073.2193828,1.0
1745887073.2366023,1.0
1745887073.254569,1.0
1745887073.272512,1.0
1745887073.2897654,1.0
1745887073.3082674,1.0
1745887073.3255184,1.0
1745887073.3428512,1.0
1745887073.3601234,1.0
1745887073.3773365,1.0
1745887073.3945467,1.0
1745887073.4118156,1.0
1745887073.429026,1.0
1745887073.4462597,1.0
1745887073.4635515,1.0
1745887073.480785,1.0
1745887073.498008,1.0
1745887073.515223,1.0
1745887073.5324051,1.0
1745887073.549596,1.0
1745887073.5667973,1.0
1745887073.584053,1.0
1745887073.6012428,1.0
1745887073.6184638,1.0
1745887073.6356914,1.0
1745887073.652882,1.0
1745887073.6700935,1.0
1745887073.6873121,1.0
1745887073.7045438,1.0
1745887073.7217524,1.0
1745887073.7389793,1.0
1745887073.7562711,1.0
1745887073.7734618,1.0
1745887073.7906797,1.0
1745887073.8079007,1.0
1745887073.8259037,1.0
1745887073.843277,1.0
1745887073.8605645,1.0
1745887073.877803,1.0
1745887073.8950274,1.0
1745887073.9122503,1.0
1745887073.9294667,1.0
1745887073.9467049,1.0
1745887073.9639819,1.0
1745887073.9812336,1.0
1745887073.9985006,1.0
1745887074.0157044,1.0
1745887074.0329204,1.0
1745887074.050132,1.0
1745887074.068844,1.0
1745887074.0862153,1.0
1745887074.1034381,1.0
1745887074.120678,1.0
1745887074.137884,1.0
1745887074.1551414,1.0
1745887074.1723762,1.0
1745887074.1896386,1.0
1745887074.206877,1.0
1745887074.224101,1.0
1745887074.2413154,1.0
1745887074.2605867,1.0
1745887074.2778194,1.0
1745887074.2950997,1.0
1745887074.313053,1.0
1745887074.3303246,1.0
1745887074.3480217,1.0
1745887074.365292,1.0
1745887074.3825707,1.0
1745887074.3998027,1.0
1745887074.417038,1.0
1745887074.4342659,1.0
1745887074.4515042,1.0
1745887074.4688797,1.0
1745887074.4861429,1.0
1745887074.5033581,1.0
1745887074.5206134,1.0
1745887074.5378442,1.0
1745887074.5551486,1.0
1745887074.5723941,1.0
1745887074.590208,1.0
1745887074.6074736,1.0
1745887074.6247182,1.0
1745887074.641924,1.0
1745887074.6591754,1.0
1745887074.6763911,1.0
1745887074.693613,1.0
1745887074.7108417,1.0
1745887074.7280767,1.0
1745887074.7453039,1.0
1745887074.7625535,1.0
1745887074.7797537,1.0
1745887074.7969904,1.0
1745887074.8142135,1.0
1745887074.831503,1.0
1745887074.8487535,1.0
1745887074.8659768,1.0
1745887074.8832629,1.0
1745887074.9004757,1.0
1745887074.9176855,1.0
1745887074.9349294,1.0
1745887074.9521463,1.0
1745887074.9694684,1.0
1745887074.9868572,1.0
1745887075.0040574,1.0
1745887075.0253987,1.0
1745887075.0426352,1.0
1745887075.0608153,1.0
1745887075.0783894,1.0
1745887075.0957513,1.0
1745887075.1130056,1.0
1745887075.1303017,1.0
1745887075.1477041,1.0
1745887075.1654801,1.0
1745887075.1827614,1.0
1745887075.200359,1.0
1745887075.2176044,1.0
1745887075.2348888,1.0
1745887075.2523959,1.0
1745887075.271235,1.0
1745887075.2885125,1.0
1745887075.3068488,1.0
1745887075.3241086,1.0
1745887075.3416338,1.0
1745887075.3588212,1.0
1745887075.376141,1.0
1745887075.3933806,1.0
1745887075.4106362,1.0
1745887075.427868,1.0
1745887075.4451115,1.0
1745887075.4625008,1.0
1745887075.4797282,1.0
1745887075.4970186,1.0
1745887075.5142722,1.0
1745887075.5315335,1.0
1745887075.5489244,1.0
1745887075.5662243,1.0
1745887075.5835233,1.0
1745887075.6007495,1.0
1745887075.6180122,1.0
1745887075.635278,1.0
1745887075.6525753,1.0
1745887075.6697845,1.0
1745887075.6870596,1.0
1745887075.7042904,1.0
1745887075.721521,1.0
1745887075.742277,1.0
1745887075.7596548,1.0
1745887075.7768922,1.0
1745887075.7941294,1.0
1745887075.8113666,1.0
1745887075.8285882,1.0
1745887075.8458457,1.0
1745887075.8633187,1.0
1745887075.8805292,1.0
1745887075.8977904,1.0
1745887075.9150689,1.0
1745887075.9323103,1.0
1745887075.9495456,1.0
1745887075.9668446,1.0
1745887075.984368,1.0
1745887076.0015826,1.0
1745887076.0188117,1.0
1745887076.0361083,1.0
1745887076.0533988,1.0
1745887076.072176,1.0
1745887076.0894492,1.0
1745887076.1067274,1.0
1745887076.1242454,1.0
1745887076.141483,1.0
1745887076.1588202,1.0
1745887076.1761029,1.0
1745887076.1933777,1.0
1745887076.210649,1.0
1745887076.2279165,1.0
1745887076.245153,1.0
1745887076.2648385,1.0
1745887076.282061,1.0
1745887076.300149,1.0
1745887076.317342,1.0
1745887076.3345897,1.0
1745887076.3520584,1.0
1745887076.3693578,1.0
1745887076.3865921,1.0
1745887076.4038382,1.0
1745887076.4210835,1.0
1745887076.4383414,1.0
1745887076.4556231,1.0
1745887076.472866,1.0
1745887076.4901202,1.0
1745887076.5073674,1.0
1745887076.5246563,1.0
1745887076.541958,1.0
1745887076.5592706,1.0
1745887076.5765004,1.0
1745887076.593773,1.0
1745887076.611047,1.0
1745887076.6282656,1.0
1745887076.6455038,1.0
1745887076.662723,1.0
1745887076.6800113,1.0
1745887076.6972682,1.0
1745887076.7145338,1.0
1745887076.731804,1.0
1745887076.7490516,1.0
1745887076.7663462,1.0
1745887076.7835996,1.0
1745887076.8008559,1.0
1745887076.818124,1.0
1745887076.8355565,1.0
1745887076.852851,1.0
1745887076.8701038,1.0
1745887076.8874059,1.0
1745887076.904638,1.0
1745887076.9218805,1.0
1745887076.939151,1.0
1745887076.9564252,1.0
1745887076.9738355,1.0
1745887076.9911025,1.0
1745887077.0083838,1.0
1745887077.0256352,1.0
1745887077.0428936,1.0
1745887077.0613437,1.0
1745887077.0788727,1.0
1745887077.0961974,1.0
1745887077.1134644,1.0
1745887077.130752,1.0
1745887077.1612768,1.0
1745887077.1788158,1.0
1745887077.1961808,1.0
1745887077.2134655,1.0
1745887077.2307453,1.0
1745887077.2480288,1.0
1745887077.2682056,1.0
1745887077.285536,1.0
1745887077.3035066,1.0
1745887077.3207726,1.0
1745887077.3384824,1.0
1745887077.355776,1.0
1745887077.3731344,1.0
1745887077.3904126,1.0
1745887077.4078631,1.0
1745887077.4251544,1.0
1745887077.4424617,1.0
1745887077.4598196,1.0
1745887077.477132,1.0
1745887077.4944596,1.0
1745887077.511823,1.0
1745887077.5291443,1.0
1745887077.5464602,1.0
1745887077.5637996,1.0
1745887077.5811028,1.0
1745887077.598399,1.0
1745887077.6157138,1.0
1745887077.632983,1.0
1745887077.650267,1.0
1745887077.6675346,1.0
1745887077.684827,1.0
1745887077.7021363,1.0
1745887077.719399,1.0
1745887077.7366476,1.0
1745887077.7539215,1.0
1745887077.7712612,1.0
1745887077.7885547,1.0
1745887077.8058245,1.0
1745887077.8230772,1.0
1745887077.8403873,1.0
1745887077.8576963,1.0
1745887077.8749676,1.0
1745887077.8922555,1.0
1745887077.9095266,1.0
1745887077.926818,1.0
1745887077.944129,1.0
1745887077.9614735,1.0
1745887077.9787757,1.0
1745887077.996139,1.0
1745887078.0133605,1.0
1745887078.0305984,1.0
1745887078.0478692,1.0
1745887078.0662055,1.0
1745887078.0836372,1.0
1745887078.1009033,1.0
1745887078.118156,1.0
1745887078.1354163,1.0
1745887078.152715,1.0
1745887078.1700318,1.0
1745887078.1873252,1.0
1745887078.204608,1.0
1745887078.2218742,1.0
1745887078.2391188,1.0
1745887078.2583652,1.0
1745887078.2755294,1.0
1745887078.2928371,1.0
1745887078.3107774,1.0
1745887078.3280578,1.0
1745887078.3455868,1.0
1745887078.362933,1.0
1745887078.3802233,1.0
1745887078.3974848,1.0
1745887078.4147637,1.0
1745887078.432047,1.0
1745887078.4492803,1.0
1745887078.4665346,1.0
1745887078.4838428,1.0
1745887078.5011227,1.0
1745887078.5183856,1.0
1745887078.5357428,1.0
1745887078.5529969,1.0
1745887078.5703356,1.0
1745887078.5876372,1.0
1745887078.6048965,1.0
1745887078.6221526,1.0
1745887078.6394188,1.0
1745887078.6566596,1.0
1745887078.6739335,1.0
1745887078.6912174,1.0
1745887078.7084675,1.0
1745887078.7257283,1.0
1745887078.7430034,1.0
1745887078.760279,1.0
1745887078.7775636,1.0
1745887078.7948515,1.0
1745887078.8121727,1.0
1745887078.829435,1.0
1745887078.8467116,1.0
1745887078.864013,1.0
1745887078.8813527,1.0
1745887078.898591,1.0
1745887078.9158292,1.0
1745887078.933081,1.0
1745887078.950927,1.0
1745887078.968269,1.0
1745887078.985799,1.0
1745887079.003072,1.0
1745887079.0203164,1.0
1745887079.0375626,1.0
1745887079.0548086,1.0
1745887079.0733824,1.0
1745887079.0908518,1.0
1745887079.108192,1.0
1745887079.1254516,1.0
1745887079.1427488,1.0
1745887079.160022,1.0
1745887079.1773102,1.0
1745887079.194876,1.0
1745887079.212336,1.0
1745887079.2296574,1.0
1745887079.2469804,1.0
1745887079.2662702,1.0
1745887079.2835426,1.0
1745887079.3018892,1.0
1745887079.3190885,1.0
1745887079.3363602,1.0
1745887079.3539,1.0
1745887079.3712263,1.0
1745887079.388546,1.0
1745887079.405801,1.0
1745887079.4230537,1.0
1745887079.4403079,1.0
1745887079.4575393,1.0
1745887079.4748251,1.0
1745887079.4921184,1.0
1745887079.5093765,1.0
1745887079.5266075,1.0
1745887079.5439286,1.0
1745887079.5611799,1.0
1745887079.5784094,1.0
1745887079.595707,1.0
1745887079.6129544,1.0
1745887079.630194,1.0
1745887079.6475048,1.0
1745887079.6647499,1.0
1745887079.6819925,1.0
1745887079.6992493,1.0
1745887079.7168937,1.0
1745887079.7341397,1.0
1745887079.7513645,1.0
1745887079.7686653,1.0
1745887079.785883,1.0
1745887079.8031154,1.0
1745887079.8203366,1.0
1745887079.8375776,1.0
1745887079.8547618,1.0
1745887079.8720555,1.0
1745887079.8892941,1.0
1745887079.906595,1.0
1745887079.9238534,1.0
1745887079.9410732,1.0
1745887079.9583106,1.0
1745887079.9757187,1.0
1745887079.992986,1.0
1745887080.010253,1.0
1745887080.0275118,1.0
1745887080.0447598,1.0
1745887080.0635633,1.0
1745887080.0811546,1.0
1745887080.0985098,1.0
1745887080.1158566,1.0
1745887080.133224,1.0
1745887080.1505618,1.0
1745887080.1679688,1.0
1745887080.1853259,1.0
1745887080.2026634,1.0
1745887080.2200258,1.0
1745887080.2373466,1.0
1745887080.2560296,1.0
1745887080.2735548,1.0
1745887080.2910464,1.0
1745887080.3090541,1.0
1745887080.3264165,1.0
1745887080.3441381,1.0
1745887080.3614647,1.0
1745887080.3787944,1.0
1745887080.3961477,1.0
1745887080.4134912,1.0
1745887080.430801,1.0
1745887080.448145,1.0
1745887080.465636,1.0
1745887080.4829478,1.0
1745887080.5003102,1.0
1745887080.517632,1.0
1745887080.5349529,1.0
1745887080.5525875,1.0
1745887080.569935,1.0
1745887080.5872788,1.0
1745887080.6046143,1.0
1745887080.6219418,1.0
1745887080.6393178,1.0
1745887080.6566155,1.0
1745887080.6739397,1.0
1745887080.6912916,1.0
1745887080.7085998,1.0
1745887080.725962,1.0
1745887080.7434797,1.0
1745887080.76319,1.0
1745887080.7804024,1.0
1745887080.797631,1.0
1745887080.81488,1.0
1745887080.8321211,1.0
1745887080.849341,1.0
1745887080.8665445,1.0
1745887080.8838415,1.0
1745887080.901053,1.0
1745887080.9182935,1.0
1745887080.9355836,1.0
1745887080.9528074,1.0
1745887080.9700866,1.0
1745887080.987432,1.0
1745887081.0046847,1.0
1745887081.0219378,1.0
1745887081.039153,1.0
1745887081.0563912,1.0
1745887081.0746963,1.0
1745887081.0920584,1.0
1745887081.1092792,1.0
1745887081.1265204,1.0
1745887081.1438313,1.0
1745887081.16108,1.0
1745887081.1783595,1.0
1745887081.1956778,1.0
1745887081.213473,1.0
1745887081.2307239,1.0
1745887081.2479327,1.0
1745887081.2680516,1.0
1745887081.2852097,1.0
1745887081.303316,1.0
1745887081.3205497,1.0
1745887081.3379054,1.0
1745887081.3551135,1.0
1745887081.3724153,1.0
1745887081.3896918,1.0
1745887081.4069545,1.0
1745887081.4241862,1.0
1745887081.4414265,1.0
1745887081.4587018,1.0
1745887081.4759846,1.0
1745887081.493225,1.0
1745887081.5104976,1.0
1745887081.527748,1.0
1745887081.5450063,1.0
1745887081.5622752,1.0
1745887081.5795774,1.0
1745887081.5968215,1.0
1745887081.6140263,1.0
1745887081.6312544,1.0
1745887081.6484952,1.0
1745887081.6657262,1.0
1745887081.682958,1.0
1745887081.7002091,1.0
1745887081.717462,1.0
1745887081.7346776,1.0
1745887081.7519262,1.0
1745887081.7692003,1.0
1745887081.7864215,1.0
1745887081.8036606,1.0
1745887081.8208961,1.0
1745887081.838134,1.0
1745887081.8554006,1.0
1745887081.8727105,1.0
1745887081.8899064,1.0
1745887081.907132,1.0
1745887081.9243386,1.0
1745887081.9415305,1.0
1745887081.9587824,1.0
1745887081.976094,1.0
1745887081.9933755,1.0
1745887082.0106153,1.0
1745887082.027874,1.0
1745887082.0451095,1.0
1745887082.0637457,1.0
1745887082.0818312,1.0
1745887082.0990093,1.0
1745887082.1161737,1.0
1745887082.133381,1.0
1745887082.150586,1.0
1745887082.1679466,1.0
1745887082.185154,1.0
1745887082.2023897,1.0
1745887082.2196646,1.0
1745887082.2369113,1.0
1745887082.2548661,1.0
1745887082.2730694,1.0
1745887082.2903047,1.0
1745887082.3081427,1.0
1745887082.3253725,1.0
1745887082.3430436,1.0
1745887082.3602533,1.0
1745887082.3774881,1.0
1745887082.3946679,1.0
1745887082.411856,1.0
1745887082.4291093,1.0
1745887082.4462886,1.0
1745887082.4635386,1.0
1745887082.4807577,1.0
1745887082.497968,1.0
1745887082.515157,1.0
1745887082.5323813,1.0
1745887082.5495846,1.0
1745887082.5667806,1.0
1745887082.584023,1.0
1745887082.6012304,1.0
1745887082.6184478,1.0
1745887082.6356542,1.0
1745887082.652854,1.0
1745887082.6700687,1.0
1745887082.6874182,1.0
1745887082.7046359,1.0
1745887082.7217927,1.0
1745887082.739008,1.0
1745887082.7561874,1.0
1745887082.77354,1.0
1745887082.7907386,1.0
1745887082.8079574,1.0
1745887082.8251328,1.0
1745887082.8423367,1.0
1745887082.8596075,1.0
1745887082.8768396,1.0
1745887082.8940337,1.0
1745887082.911285,1.0
1745887082.9286392,1.0
1745887082.9459088,1.0
1745887082.9632008,1.0
1745887082.9805138,1.0
1745887083.0028749,1.0
1745887083.0200977,1.0
1745887083.0373576,1.0
1745887083.0545843,1.0
1745887083.073114,1.0
1745887083.0906494,1.0
1745887083.1079018,1.0
1745887083.1251569,1.0
1745887083.1423914,1.0
1745887083.1596339,1.0
1745887083.1769042,1.0
1745887083.194125,1.0
1745887083.2113972,1.0
1745887083.229269,1.0
1745887083.2465436,1.0
1745887083.2720103,1.0
1745887083.2900338,1.0
1745887083.3081887,1.0
1745887083.325415,1.0
1745887083.3427746,1.0
1745887083.359998,1.0
1745887083.3772805,1.0
1745887083.3945456,1.0
1745887083.4118009,1.0
1745887083.429007,1.0
1745887083.4463012,1.0
1745887083.4635842,1.0
1745887083.4808717,1.0
1745887083.49811,1.0
1745887083.5153787,1.0
1745887083.5326087,1.0
1745887083.5498548,1.0
1745887083.5671158,1.0
1745887083.5844152,1.0
1745887083.6016724,1.0
1745887083.6189454,1.0
1745887083.636199,1.0
1745887083.653523,1.0
1745887083.6707852,1.0
1745887083.6880496,1.0
1745887083.705292,1.0
1745887083.7225232,1.0
1745887083.7397907,1.0
1745887083.757045,1.0
1745887083.7743373,1.0
1745887083.7916026,1.0
1745887083.808872,1.0
1745887083.8261087,1.0
1745887083.843418,1.0
1745887083.860666,1.0
1745887083.87797,1.0
1745887083.8952503,1.0
1745887083.9124997,1.0
1745887083.9297276,1.0
1745887083.946974,1.0
1745887083.9642634,1.0
1745887083.9816747,1.0
1745887083.99898,1.0
1745887084.016249,1.0
1745887084.0335102,1.0
1745887084.050773,1.0
1745887084.0693295,1.0
1745887084.0869436,1.0
1745887084.1041753,1.0
1745887084.121434,1.0
1745887084.1386867,1.0
1745887084.1559865,1.0
1745887084.1732771,1.0
1745887084.1905549,1.0
1745887084.2078364,1.0
1745887084.2251136,1.0
1745887084.2423491,1.0
1745887084.2610135,1.0
1745887084.2782722,1.0
1745887084.2955556,1.0
1745887084.3136554,1.0
1745887084.3309152,1.0
1745887084.3485022,1.0
1745887084.3657506,1.0
1745887084.383069,1.0
1745887084.4003923,1.0
1745887084.4176412,1.0
1745887084.4348595,1.0
1745887084.4520755,1.0
1745887084.4693189,1.0
1745887084.486577,1.0
1745887084.5038807,1.0
1745887084.5211377,1.0
1745887084.5383687,1.0
1745887084.555647,1.0
1745887084.5729141,1.0
1745887084.5901773,1.0
1745887084.6075993,1.0
1745887084.6248379,1.0
1745887084.64209,1.0
1745887084.6593413,1.0
1745887084.6765766,1.0
1745887084.693794,1.0
1745887084.711083,1.0
1745887084.7283726,1.0
1745887084.7455997,1.0
1745887084.7628398,1.0
1745887084.7801578,1.0
1745887084.7974248,1.0
1745887084.8146482,1.0
1745887084.8322675,1.0
1745887084.8495743,1.0
1745887084.8668582,1.0
1745887084.8840938,1.0
1745887084.9013054,1.0
1745887084.9185991,1.0
1745887084.93587,1.0
1745887084.9531364,1.0
1745887084.9704144,1.0
1745887084.9877977,1.0
1745887085.0050595,1.0
1745887085.0223262,1.0
1745887085.0395725,1.0
1745887085.057933,1.0
1745887085.0751472,1.0
1745887085.0926974,1.0
1745887085.1100602,1.0
1745887085.127367,1.0
1745887085.1447222,1.0
1745887085.1620953,1.0
1745887085.179505,1.0
1745887085.196883,1.0
1745887085.214247,1.0
1745887085.231603,1.0
1745887085.249405,1.0
1745887085.2696495,1.0
1745887085.2870214,1.0
1745887085.3051362,1.0
1745887085.3225029,1.0
1745887085.3403873,1.0
1745887085.3576818,1.0
1745887085.3750775,1.0
1745887085.39241,1.0
1745887085.4097764,1.0
1745887085.4271207,1.0
1745887085.4445126,1.0
1745887085.4621947,1.0
1745887085.4795527,1.0
1745887085.4968772,1.0
1745887085.51435,1.0
1745887085.531741,1.0
1745887085.5492687,1.0
1745887085.5666122,1.0
1745887085.5840278,1.0
1745887085.601373,1.0
1745887085.618745,1.0
1745887085.6361625,1.0
1745887085.6535518,1.0
1745887085.670959,1.0
1745887085.6883461,1.0
1745887085.7057602,1.0
1745887085.7230973,1.0
1745887085.740414,1.0
1745887085.7577329,1.0
1745887085.7782733,1.0
1745887085.7956352,1.0
1745887085.812949,1.0
1745887085.8303103,1.0
1745887085.8477225,1.0
1745887085.8650565,1.0
1745887085.8823776,1.0
1745887085.8997471,1.0
1745887085.917075,1.0
1745887085.9343865,1.0
1745887085.9517481,1.0
1745887085.9690933,1.0
1745887085.986786,1.0
1745887086.0041518,1.0
1745887086.021489,1.0
1745887086.038811,1.0
1745887086.0561693,1.0
1745887086.0748587,1.0
1745887086.0924037,1.0
1745887086.1097767,1.0
1745887086.1271217,1.0
1745887086.1445312,1.0
1745887086.1619127,1.0
1745887086.1793997,1.0
1745887086.1967492,1.0
1745887086.2141151,1.0
1745887086.2314892,1.0
1745887086.2488368,1.0
1745887086.268298,1.0
1745887086.2857106,1.0
1745887086.3037887,1.0
1745887086.3211694,1.0
1745887086.3387866,1.0
1745887086.3563104,1.0
1745887086.3736646,1.0
1745887086.391068,1.0
1745887086.4084146,1.0
1745887086.4258018,1.0
1745887086.4431877,1.0
1745887086.4605405,1.0
1745887086.4779031,1.0
1745887086.495278,1.0
1745887086.512624,1.0
1745887086.529996,1.0
1745887086.5473583,1.0
1745887086.5647116,1.0
1745887086.5821025,1.0
1745887086.5994978,1.0
1745887086.6168246,1.0
1745887086.634161,1.0
1745887086.651509,1.0
1745887086.6688342,1.0
1745887086.6861942,1.0
1745887086.7036123,1.0
1745887086.720954,1.0
1745887086.738306,1.0
1745887086.7556868,1.0
1745887086.7730577,1.0
1745887086.7903981,1.0
1745887086.8077404,1.0
1745887086.8251278,1.0
1745887086.8425128,1.0
1745887086.8598921,1.0
1745887086.8772829,1.0
1745887086.8946507,1.0
1745887086.9119985,1.0
1745887086.9292855,1.0
1745887086.9466372,1.0
1745887086.963988,1.0
1745887086.981728,1.0
1745887086.9990182,1.0
1745887087.016336,1.0
1745887087.0336719,1.0
1745887087.0509908,1.0
1745887087.0698142,1.0
1745887087.087256,1.0
1745887087.1044939,1.0
1745887087.1217368,1.0
1745887087.1389852,1.0
1745887087.1562436,1.0
1745887087.1734958,1.0
1745887087.1907384,1.0
1745887087.2081614,1.0
1745887087.2253926,1.0
1745887087.2426283,1.0
1745887087.2628224,1.0
1745887087.2800775,1.0
1745887087.2983167,1.0
1745887087.3155305,1.0
1745887087.3327436,1.0
1745887087.3502655,1.0
1745887087.3675098,1.0
1745887087.3847642,1.0
1745887087.4020088,1.0
1745887087.4192824,1.0
1745887087.4366157,1.0
1745887087.4538603,1.0
1745887087.471097,1.0
1745887087.4883218,1.0
1745887087.505604,1.0
1745887087.522841,1.0
1745887087.5401177,1.0
1745887087.5573575,1.0
1745887087.574606,1.0
1745887087.591882,1.0
1745887087.609106,1.0
1745887087.6263514,1.0
1745887087.6436002,1.0
1745887087.6609235,1.0
1745887087.678168,1.0
1745887087.6954594,1.0
1745887087.7127004,1.0
1745887087.7299576,1.0
1745887087.747229,1.0
1745887087.7644594,1.0
1745887087.7817936,1.0
1745887087.7990716,1.0
1745887087.8163304,1.0
1745887087.8336165,1.0
1745887087.8508732,1.0
1745887087.8681865,1.0
1745887087.8854733,1.0
1745887087.9027548,1.0
1745887087.9200037,1.0
1745887087.9373074,1.0
1745887087.9545655,1.0
1745887087.9721467,1.0
1745887087.989467,1.0
1745887088.006712,1.0
1745887088.0239618,1.0
1745887088.0412154,1.0
1745887088.0600917,1.0
1745887088.0772223,1.0
1745887088.0948195,1.0
1745887088.1120799,1.0
1745887088.1294198,1.0
1745887088.1466703,1.0
1745887088.1640017,1.0
1745887088.181368,1.0
1745887088.198604,1.0
1745887088.2158415,1.0
1745887088.2330856,1.0
1745887088.2503636,1.0
1745887088.2694578,1.0
1745887088.2866986,1.0
1745887088.3046646,1.0
1745887088.3219492,1.0
1745887088.3394527,1.0
1745887088.3568597,1.0
1745887088.3741412,1.0
1745887088.3914623,1.0
1745887088.4087071,1.0
1745887088.4259777,1.0
1745887088.4432302,1.0
1745887088.4604726,1.0
1745887088.47767,1.0
1745887088.4949207,1.0
1745887088.5121865,1.0
1745887088.5294404,1.0
1745887088.5466328,1.0
1745887088.5638807,1.0
1745887088.5812027,1.0
1745887088.598415,1.0
1745887088.6156406,1.0
1745887088.6328864,1.0
1745887088.6501412,1.0
1745887088.6674082,1.0
1745887088.6846678,1.0
1745887088.7018273,1.0
1745887088.7189724,1.0
1745887088.7361512,1.0
1745887088.7533538,1.0
1745887088.770502,1.0
1745887088.7877333,1.0
1745887088.8049037,1.0
1745887088.8220742,1.0
1745887088.8392494,1.0
1745887088.8564515,1.0
1745887088.8736432,1.0
1745887088.8908284,1.0
1745887088.9079995,1.0
1745887088.9251835,1.0
1745887088.9423118,1.0
1745887088.959464,1.0
1745887088.9768622,1.0
1745887088.994191,1.0
1745887089.0113826,1.0
1745887089.0285125,1.0
1745887089.0456862,1.0
1745887089.064337,1.0
1745887089.0814822,1.0
1745887089.0989184,1.0
1745887089.1160963,1.0
1745887089.1332989,1.0
1745887089.1504571,1.0
1745887089.167624,1.0
1745887089.1851416,1.0
1745887089.202306,1.0
1745887089.2195292,1.0
1745887089.2367,1.0
1745887089.2548034,1.0
1745887089.2737288,1.0
1745887089.2909293,1.0
1745887089.308885,1.0
1745887089.326114,1.0
1745887089.3439553,1.0
1745887089.3611884,1.0
1745887089.378422,1.0
1745887089.3956323,1.0
1745887089.4128642,1.0
1745887089.4300826,1.0
1745887089.4473193,1.0
1745887089.46452,1.0
1745887089.4817512,1.0
1745887089.498943,1.0
1745887089.51614,1.0
1745887089.5333455,1.0
1745887089.5505455,1.0
1745887089.5677402,1.0
1745887089.5850232,1.0
1745887089.6022372,1.0
1745887089.619428,1.0
1745887089.6366396,1.0
1745887089.6538033,1.0
1745887089.6710393,1.0
1745887089.688274,1.0
1745887089.7054589,1.0
1745887089.7226646,1.0
1745887089.7398715,1.0
1745887089.757083,1.0
1745887089.7742622,1.0
1745887089.791536,1.0
1745887089.8087387,1.0
1745887089.8259032,1.0
1745887089.8430755,1.0
1745887089.8602822,1.0
1745887089.8774784,1.0
1745887089.8946912,1.0
1745887089.911885,1.0
1745887089.9290812,1.0
1745887089.9462888,1.0
1745887089.9650943,1.0
1745887089.9826546,1.0
1745887089.999935,1.0
1745887090.0171802,1.0
1745887090.0344386,1.0
1745887090.0517077,1.0
1745887090.0704286,1.0
1745887090.0880394,1.0
1745887090.1053023,1.0
1745887090.1225805,1.0
1745887090.1398308,1.0
1745887090.1570902,1.0
1745887090.1743464,1.0
1745887090.1916537,1.0
1745887090.209179,1.0
1745887090.2264583,1.0
1745887090.2437418,1.0
1745887090.2638013,1.0
1745887090.281068,1.0
1745887090.2991493,1.0
1745887090.316383,1.0
1745887090.3337133,1.0
1745887090.3515217,1.0
1745887090.3687634,1.0
1745887090.3860943,1.0
1745887090.4033582,1.0
1745887090.4206061,1.0
1745887090.437842,1.0
1745887090.4553623,1.0
1745887090.4726217,1.0
1745887090.4898906,1.0
1745887090.5071378,1.0
1745887090.5244005,1.0
1745887090.5417378,1.0
1745887090.5589817,1.0
1745887090.5762415,1.0
1745887090.5935,1.0
1745887090.610776,1.0
1745887090.6280284,1.0
1745887090.6452663,1.0
1745887090.6625082,1.0
1745887090.6797767,1.0
1745887090.697058,1.0
1745887090.7148602,1.0
1745887090.732121,1.0
1745887090.7493808,1.0
1745887090.766628,1.0
1745887090.7855093,1.0
1745887090.8043993,1.0
1745887090.8216631,1.0
1745887090.8389838,1.0
1745887090.8563354,1.0
1745887090.873604,1.0
1745887090.8908703,1.0
1745887090.908161,1.0
1745887090.925428,1.0
1745887090.942704,1.0
1745887090.9599724,1.0
1745887090.9774652,1.0
1745887090.9948168,1.0
1745887091.012118,1.0
1745887091.0293868,1.0
1745887091.0466578,1.0
1745887091.0654159,1.0
1745887091.082661,1.0
1745887091.1003768,1.0
1745887091.1176198,1.0
1745887091.1348634,1.0
1745887091.1521356,1.0
1745887091.1693814,1.0
1745887091.1866777,1.0
1745887091.203959,1.0
1745887091.2212746,1.0
1745887091.238496,1.0
1745887091.2585258,1.0
1745887091.2756736,1.0
1745887091.2935076,1.0
1745887091.3113582,1.0
1745887091.3286586,1.0
1745887091.3461063,1.0
1745887091.3633666,1.0
1745887091.3806236,1.0
1745887091.3979242,1.0
1745887091.4151833,1.0
1745887091.4324288,1.0
1745887091.449668,1.0
1745887091.4669611,1.0
1745887091.4842813,1.0
1745887091.501537,1.0
1745887091.5187948,1.0
1745887091.5360613,1.0
1745887091.553277,1.0
1745887091.5705457,1.0
1745887091.5878544,1.0
1745887091.6051052,1.0
1745887091.622347,1.0
1745887091.6396322,1.0
1745887091.656896,1.0
1745887091.6741867,1.0
1745887091.6914768,1.0
1745887091.7087777,1.0
1745887091.726035,1.0
1745887091.7433262,1.0
1745887091.760548,1.0
1745887091.7777672,1.0
1745887091.7950563,1.0
1745887091.8123405,1.0
1745887091.8296232,1.0
1745887091.8469186,1.0
1745887091.8642266,1.0
1745887091.881518,1.0
1745887091.8987632,1.0
1745887091.9160693,1.0
1745887091.9333038,1.0
1745887091.9505897,1.0
1745887091.9678268,1.0
1745887091.9853528,1.0
1745887092.002602,1.0
1745887092.0198815,1.0
1745887092.0371723,1.0
1745887092.054401,1.0
1745887092.073254,1.0
1745887092.0906715,1.0
1745887092.107885,1.0
1745887092.1251683,1.0
1745887092.1424468,1.0
1745887092.1726444,1.0
1745887092.1899064,1.0
1745887092.207142,1.0
1745887092.2244089,1.0
1745887092.2416468,1.0
1745887092.2612317,1.0
1745887092.2783816,1.0
1745887092.2956626,1.0
1745887092.3135822,1.0
1745887092.3308551,1.0
1745887092.3483007,1.0
1745887092.3655708,1.0
1745887092.3828773,1.0
1745887092.4002018,1.0
1745887092.4174886,1.0
1745887092.4347198,1.0
1745887092.4519668,1.0
1745887092.4691987,1.0
1745887092.4864771,1.0
1745887092.5037885,1.0
1745887092.5210295,1.0
1745887092.5382981,1.0
1745887092.555565,1.0
1745887092.5727956,1.0
1745887092.5901368,1.0
1745887092.6074073,1.0
1745887092.6246626,1.0
1745887092.6419258,1.0
1745887092.6591794,1.0
1745887092.6764827,1.0
1745887092.69373,1.0
1745887092.7109923,1.0
1745887092.7282555,1.0
1745887092.7454956,1.0
1745887092.76279,1.0
1745887092.7800348,1.0
1745887092.7973344,1.0
1745887092.8146122,1.0
1745887092.832178,1.0
1745887092.8494613,1.0
1745887092.8667307,1.0
1745887092.885755,1.0
1745887092.9029872,1.0
1745887092.9202256,1.0
1745887092.9375305,1.0
1745887092.954801,1.0
1745887092.9722629,1.0
1745887092.9896193,1.0
1745887093.0116363,1.0
1745887093.0289361,1.0
1745887093.0462024,1.0
1745887093.0649161,1.0
1745887093.082084,1.0
1745887093.09963,1.0
1745887093.1168604,1.0
1745887093.1340935,1.0
1745887093.1513095,1.0
1745887093.1684883,1.0
1745887093.1857054,1.0
1745887093.2029452,1.0
1745887093.2203894,1.0
1745887093.2376156,1.0
1745887093.2555742,1.0
1745887093.2737315,1.0
1745887093.291,1.0
1745887093.3096309,1.0
1745887093.326862,1.0
1745887093.344375,1.0
1745887093.3615105,1.0
1745887093.3786795,1.0
1745887093.3959339,1.0
1745887093.4131393,1.0
1745887093.430329,1.0
1745887093.447551,1.0
1745887093.4647453,1.0
1745887093.4819596,1.0
1745887093.4992082,1.0
1745887093.5163977,1.0
1745887093.533674,1.0
1745887093.5509033,1.0
1745887093.5681126,1.0
1745887093.5853357,1.0
1745887093.6026106,1.0
1745887093.6198294,1.0
1745887093.6370232,1.0
1745887093.6542199,1.0
1745887093.6714559,1.0
1745887093.6886418,1.0
1745887093.7058363,1.0
1745887093.7230031,1.0
1745887093.7402363,1.0
1745887093.7574277,1.0
1745887093.7745934,1.0
1745887093.791834,1.0
1745887093.8090036,1.0
1745887093.8262072,1.0
1745887093.8434308,1.0
1745887093.8606107,1.0
1745887093.8778584,1.0
1745887093.8950472,1.0
1745887093.9122431,1.0
1745887093.9294176,1.0
1745887093.9466248,1.0
1745887093.9638147,1.0
1745887093.981026,1.0
1745887093.9982712,1.0
1745887094.0154834,1.0
1745887094.0326755,1.0
1745887094.0498838,1.0
1745887094.068502,1.0
1745887094.0857015,1.0
1745887094.1033142,1.0
1745887094.1205142,1.0
1745887094.1377025,1.0
1745887094.1548948,1.0
1745887094.1721404,1.0
1745887094.1893518,1.0
1745887094.2065449,1.0
1745887094.2237492,1.0
1745887094.2409344,1.0
1745887094.2605042,1.0
1745887094.2776709,1.0
1745887094.2948961,1.0
1745887094.3128207,1.0
1745887094.330188,1.0
1745887094.3479586,1.0
1745887094.3652868,1.0
1745887094.3826087,1.0
1745887094.4000056,1.0
1745887094.4172878,1.0
1745887094.434554,1.0
1745887094.4518845,1.0
1745887094.4692068,1.0
1745887094.486475,1.0
1745887094.5038075,1.0
1745887094.5210884,1.0
1745887094.5383902,1.0
1745887094.5556905,1.0
1745887094.5730443,1.0
1745887094.5903673,1.0
1745887094.6077166,1.0
1745887094.6250174,1.0
1745887094.6423147,1.0
1745887094.659639,1.0
1745887094.6769633,1.0
1745887094.6942875,1.0
1745887094.7116103,1.0
1745887094.728897,1.0
1745887094.7461793,1.0
1745887094.7635221,1.0
1745887094.7808454,1.0
1745887094.798208,1.0
1745887094.8158274,1.0
1745887094.8331366,1.0
1745887094.8505456,1.0
1745887094.867871,1.0
1745887094.8852227,1.0
1745887094.9025528,1.0
1745887094.919879,1.0
1745887094.9371552,1.0
1745887094.9544744,1.0
1745887094.9717746,1.0
1745887094.9893403,1.0
1745887095.0066288,1.0
1745887095.0238953,1.0
1745887095.04115,1.0
1745887095.0599356,1.0
1745887095.0770788,1.0
1745887095.0945418,1.0
1745887095.1118386,1.0
1745887095.1291292,1.0
1745887095.146461,1.0
1745887095.1639013,1.0
1745887095.1812234,1.0
1745887095.1986084,1.0
1745887095.2162967,1.0
1745887095.2336042,1.0
1745887095.2509122,1.0
1745887095.2699847,1.0
1745887095.287324,1.0
1745887095.305326,1.0
1745887095.322612,1.0
1745887095.3403785,1.0
1745887095.3577423,1.0
1745887095.3750525,1.0
1745887095.3923442,1.0
1745887095.4096408,1.0
1745887095.426938,1.0
1745887095.444265,1.0
1745887095.461956,1.0
1745887095.479296,1.0
1745887095.496584,1.0
1745887095.5139391,1.0
1745887095.5314274,1.0
1745887095.5489383,1.0
1745887095.566223,1.0
1745887095.583535,1.0
1745887095.6008594,1.0
1745887095.618169,1.0
1745887095.6354606,1.0
1745887095.6528032,1.0
1745887095.6700847,1.0
1745887095.6873815,1.0
1745887095.7046993,1.0
1745887095.7219677,1.0
1745887095.739271,1.0
1745887095.756576,1.0
1745887095.7738628,1.0
1745887095.7911854,1.0
1745887095.8108077,1.0
1745887095.8281214,1.0
1745887095.8454309,1.0
1745887095.8627067,1.0
1745887095.8800802,1.0
1745887095.897392,1.0
1745887095.9146755,1.0
1745887095.9320312,1.0
1745887095.9493277,1.0
1745887095.9666522,1.0
1745887095.9840968,1.0
1745887096.0014036,1.0
1745887096.018712,1.0
1745887096.0360334,1.0
1745887096.0533416,1.0
1745887096.0719512,1.0
1745887096.089191,1.0
1745887096.106548,1.0
1745887096.1238196,1.0
1745887096.1411154,1.0
1745887096.158408,1.0
1745887096.175707,1.0
1745887096.1930268,1.0
1745887096.2103012,1.0
1745887096.2276092,1.0
1745887096.2449455,1.0
1745887096.2645118,1.0
1745887096.2818062,1.0
1745887096.2996163,1.0
1745887096.3168852,1.0
1745887096.334241,1.0
1745887096.3527453,1.0
1745887096.3701062,1.0
1745887096.3874555,1.0
1745887096.4048064,1.0
1745887096.4221313,1.0
1745887096.4394412,1.0
1745887096.456734,1.0
1745887096.4740245,1.0
1745887096.4913664,1.0
1745887096.5086925,1.0
1745887096.5259707,1.0
1745887096.5433037,1.0
1745887096.5606177,1.0
1745887096.5779245,1.0
1745887096.595237,1.0
1745887096.6125555,1.0
1745887096.6298964,1.0
1745887096.647216,1.0
1745887096.6645117,1.0
1745887096.6818197,1.0
1745887096.699094,1.0
1745887096.7164705,1.0
1745887096.7337909,1.0
1745887096.7510865,1.0
1745887096.7683694,1.0
1745887096.785656,1.0
1745887096.8030202,1.0
1745887096.8203423,1.0
1745887096.837655,1.0
1745887096.854988,1.0
1745887096.8722887,1.0
1745887096.8895829,1.0
1745887096.9068923,1.0
1745887096.9242542,1.0
1745887096.9415662,1.0
1745887096.9588852,1.0
1745887096.976278,1.0
1745887096.9936328,1.0
1745887097.0110054,1.0
1745887097.0283196,1.0
1745887097.045657,1.0
1745887097.0643723,1.0
1745887097.0816312,1.0
1745887097.0992239,1.0
1745887097.1165571,1.0
1745887097.1338985,1.0
1745887097.151249,1.0
1745887097.168569,1.0
1745887097.1858613,1.0
1745887097.2032218,1.0
1745887097.220696,1.0
1745887097.2380366,1.0
1745887097.2560685,1.0
1745887097.2741728,1.0
1745887097.2914422,1.0
1745887097.3101807,1.0
1745887097.3274584,1.0
1745887097.3456342,1.0
1745887097.3628228,1.0
1745887097.380159,1.0
1745887097.3974335,1.0
1745887097.4147131,1.0
1745887097.4319735,1.0
1745887097.4492471,1.0
1745887097.4665074,1.0
1745887097.4837675,1.0
1745887097.5010889,1.0
1745887097.518411,1.0
1745887097.5357249,1.0
1745887097.5530293,1.0
1745887097.570379,1.0
1745887097.5876667,1.0
1745887097.6049972,1.0
1745887097.6222987,1.0
1745887097.6396358,1.0
1745887097.6569188,1.0
1745887097.6742253,1.0
1745887097.6915398,1.0
1745887097.7088344,1.0
1745887097.7261384,1.0
1745887097.7434487,1.0
1745887097.760743,1.0
1745887097.7780771,1.0
1745887097.7954025,1.0
1745887097.8127222,1.0
1745887097.8300114,1.0
1745887097.8473516,1.0
1745887097.8646374,1.0
1745887097.8819523,1.0
1745887097.8992848,1.0
1745887097.9165926,1.0
1745887097.933923,1.0
1745887097.9512446,1.0
1745887097.9685273,1.0
1745887097.9861906,1.0
1745887098.0035605,1.0
1745887098.0208938,1.0
1745887098.0382032,1.0
1745887098.0555255,1.0
1745887098.0741098,1.0
1745887098.0914445,1.0
1745887098.1088538,1.0
1745887098.1261628,1.0
1745887098.1434798,1.0
1745887098.1616263,1.0
1745887098.178971,1.0
1745887098.1963475,1.0
1745887098.2137406,1.0
1745887098.2310967,1.0
1745887098.2484202,1.0
1745887098.2678297,1.0
1745887098.2851882,1.0
1745887098.3030286,1.0
1745887098.3203957,1.0
1745887098.337687,1.0
1745887098.3554332,1.0
1745887098.3727534,1.0
1745887098.3900604,1.0
1745887098.4074419,1.0
1745887098.4247286,1.0
1745887098.441994,1.0
1745887098.459302,1.0
1745887098.4766018,1.0
1745887098.4939375,1.0
1745887098.511277,1.0
1745887098.5285664,1.0
1745887098.5458407,1.0
1745887098.5631528,1.0
1745887098.5804737,1.0
1745887098.597757,1.0
1745887098.6151314,1.0
1745887098.6324244,1.0
1745887098.6497595,1.0
1745887098.6670833,1.0
1745887098.6844132,1.0
1745887098.7017581,1.0
1745887098.719039,1.0
1745887098.7363667,1.0
1745887098.753679,1.0
1745887098.7709844,1.0
1745887098.7882855,1.0
1745887098.8056235,1.0
1745887098.8229332,1.0
1745887098.8402755,1.0
1745887098.8575773,1.0
1745887098.8748949,1.0
1745887098.8922596,1.0
1745887098.9095411,1.0
1745887098.926857,1.0
1745887098.9441898,1.0
1745887098.9614956,1.0
1745887098.9788535,1.0
1745887098.996269,1.0
1745887099.0135932,1.0
1745887099.0308616,1.0
1745887099.0481908,1.0
1745887099.0665803,1.0
1745887099.0838683,1.0
1745887099.1014433,1.0
1745887099.1187446,1.0
1745887099.1360712,1.0
1745887099.1533816,1.0
1745887099.170666,1.0
1745887099.1880043,1.0
1745887099.2053702,1.0
1745887099.2227502,1.0
1745887099.240084,1.0
1745887099.2583494,1.0
1745887099.2758362,1.0
1745887099.2931366,1.0
1745887099.311132,1.0
1745887099.3284874,1.0
1745887099.3461864,1.0
1745887099.3637924,1.0
1745887099.3810885,1.0
1745887099.3983967,1.0
1745887099.4163437,1.0
1745887099.4336329,1.0
1745887099.450971,1.0
1745887099.4682891,1.0
1745887099.4855917,1.0
1745887099.502886,1.0
1745887099.5202355,1.0
1745887099.5375743,1.0
1745887099.5548644,1.0
1745887099.5721657,1.0
1745887099.5894985,1.0
1745887099.6068647,1.0
1745887099.6241608,1.0
1745887099.6414735,1.0
1745887099.6588204,1.0
1745887099.676154,1.0
1745887099.6934216,1.0
1745887099.7107568,1.0
1745887099.7280326,1.0
1745887099.7452776,1.0
1745887099.7625122,1.0
1745887099.779739,1.0
1745887099.7969892,1.0
1745887099.8143353,1.0
1745887099.8316019,1.0
1745887099.8488433,1.0
1745887099.8660758,1.0
1745887099.8833792,1.0
1745887099.900604,1.0
1745887099.9178247,1.0
1745887099.9350836,1.0
1745887099.9523222,1.0
1745887099.969554,1.0
1745887099.9869552,1.0
1745887100.0042918,1.0
1745887100.0215292,1.0
1745887100.038756,1.0
1745887100.055961,1.0
1745887100.074413,1.0
1745887100.0917256,1.0
1745887100.1092095,1.0
1745887100.1264515,1.0
1745887100.1437166,1.0
1745887100.1610453,1.0
1745887100.1782846,1.0
1745887100.1955695,1.0
1745887100.2128565,1.0
1745887100.230138,1.0
1745887100.2474208,1.0
1745887100.2668595,1.0
1745887100.2840571,1.0
1745887100.302064,1.0
1745887100.3193316,1.0
1745887100.3368542,1.0
1745887100.3541765,1.0
1745887100.3714569,1.0
1745887100.3887753,1.0
1745887100.4060752,1.0
1745887100.4233873,1.0
1745887100.441187,1.0
1745887100.4586782,1.0
1745887100.4759643,1.0
1745887100.4932628,1.0
1745887100.510512,1.0
1745887100.5277739,1.0
1745887100.545161,1.0
1745887100.5626369,1.0
1745887100.5799193,1.0
1745887100.5971823,1.0
1745887100.6144753,1.0
1745887100.6317847,1.0
1745887100.6490164,1.0
1745887100.6662948,1.0
1745887100.6835682,1.0
1745887100.7008908,1.0
1745887100.7181828,1.0
1745887100.7354717,1.0
1745887100.7527072,1.0
1745887100.7699566,1.0
1745887100.7872558,1.0
1745887100.8044891,1.0
1745887100.8255699,1.0
1745887100.8428442,1.0
1745887100.8601427,1.0
1745887100.8774006,1.0
1745887100.8946543,1.0
1745887100.9119744,1.0
1745887100.9292502,1.0
1745887100.9465184,1.0
1745887100.9638197,1.0
1745887100.9811528,1.0
1745887100.9984462,1.0
1745887101.0157936,1.0
1745887101.0330398,1.0
1745887101.0503576,1.0
1745887101.069237,1.0
1745887101.086541,1.0
1745887101.1040113,1.0
1745887101.1212878,1.0
1745887101.1385934,1.0
1745887101.1558902,1.0
1745887101.1731527,1.0
1745887101.1904578,1.0
1745887101.2077794,1.0
1745887101.225206,1.0
1745887101.2424634,1.0
1745887101.2615387,1.0
1745887101.2787402,1.0
1745887101.2960978,1.0
1745887101.3142872,1.0
1745887101.3316243,1.0
1745887101.349263,1.0
1745887101.3666356,1.0
1745887101.3841712,1.0
1745887101.4014597,1.0
1745887101.4187577,1.0
1745887101.4360414,1.0
1745887101.4532776,1.0
1745887101.4705756,1.0
1745887101.4878783,1.0
1745887101.5051816,1.0
1745887101.5224264,1.0
1745887101.5397184,1.0
1745887101.5569503,1.0
1745887101.574185,1.0
1745887101.5914516,1.0
1745887101.608772,1.0
1745887101.626053,1.0
1745887101.6433198,1.0
1745887101.6605697,1.0
1745887101.67788,1.0
1745887101.6951308,1.0
1745887101.7125058,1.0
1745887101.7297897,1.0
1745887101.7471154,1.0
1745887101.7644196,1.0
1745887101.7816532,1.0
1745887101.7989311,1.0
1745887101.8163428,1.0
1745887101.8336492,1.0
1745887101.8509653,1.0
1745887101.868261,1.0
1745887101.885572,1.0
1745887101.902812,1.0
1745887101.9201086,1.0
1745887101.9373853,1.0
1745887101.9546616,1.0
1745887101.9719253,1.0
1745887101.9893034,1.0
1745887102.006581,1.0
1745887102.023919,1.0
1745887102.0411663,1.0
1745887102.0595896,1.0
1745887102.0767498,1.0
1745887102.093978,1.0
1745887102.1114295,1.0
1745887102.1287155,1.0
1745887102.145918,1.0
1745887102.1631398,1.0
1745887102.180382,1.0
1745887102.1976225,1.0
1745887102.2149088,1.0
1745887102.2321532,1.0
1745887102.2493713,1.0
1745887102.268333,1.0
1745887102.2855735,1.0
1745887102.303258,1.0
1745887102.320557,1.0
1745887102.3377833,1.0
1745887102.3556077,1.0
1745887102.3728576,1.0
1745887102.3901207,1.0
1745887102.4073918,1.0
1745887102.4246063,1.0
1745887102.4418201,1.0
1745887102.459016,1.0
1745887102.4762564,1.0
1745887102.493474,1.0
1745887102.5107055,1.0
1745887102.5279214,1.0
1745887102.5451937,1.0
1745887102.562423,1.0
1745887102.5796478,1.0
1745887102.5968645,1.0
1745887102.6141486,1.0
1745887102.631447,1.0
1745887102.6486943,1.0
1745887102.6658964,1.0
1745887102.6831353,1.0
1745887102.7003798,1.0
1745887102.7176323,1.0
1745887102.7348924,1.0
1745887102.7521877,1.0
1745887102.7694159,1.0
1745887102.7867157,1.0
1745887102.8039644,1.0
1745887102.8212664,1.0
1745887102.8385124,1.0
1745887102.8558104,1.0
1745887102.8730416,1.0
1745887102.8903692,1.0
1745887102.9077055,1.0
1745887102.9250476,1.0
1745887102.9423454,1.0
1745887102.9596744,1.0
1745887102.977156,1.0
1745887102.9986107,1.0
1745887103.015962,1.0
1745887103.033247,1.0
1745887103.0505972,1.0
1745887103.0694885,1.0
1745887103.0868282,1.0
1745887103.1043897,1.0
1745887103.1216695,1.0
1745887103.1390002,1.0
1745887103.1563437,1.0
1745887103.1737142,1.0
1745887103.1910641,1.0
1745887103.208454,1.0
1745887103.2259166,1.0
1745887103.2432728,1.0
1745887103.2622974,1.0
1745887103.2795417,1.0
1745887103.2969015,1.0
1745887103.3149168,1.0
1745887103.3322825,1.0
1745887103.3498473,1.0
1745887103.3671958,1.0
1745887103.3849974,1.0
1745887103.4023204,1.0
1745887103.419698,1.0
1745887103.4370072,1.0
1745887103.4543772,1.0
1745887103.47174,1.0
1745887103.4890666,1.0
1745887103.506378,1.0
1745887103.523734,1.0
1745887103.54104,1.0
1745887103.5583813,1.0
1745887103.5757165,1.0
1745887103.5930316,1.0
1745887103.6103566,1.0
1745887103.6277015,1.0
1745887103.6450016,1.0
1745887103.6624024,1.0
1745887103.6797185,1.0
1745887103.697021,1.0
1745887103.714329,1.0
1745887103.7316895,1.0
1745887103.7490284,1.0
1745887103.7663386,1.0
1745887103.7836769,1.0
1745887103.8009913,1.0
1745887103.8183591,1.0
1745887103.835711,1.0
1745887103.8530486,1.0
1745887103.8703585,1.0
1745887103.887773,1.0
1745887103.905125,1.0
1745887103.9224377,1.0
1745887103.9397676,1.0
1745887103.9570408,1.0
1745887103.9744864,1.0
1745887103.9918666,1.0
1745887104.0091887,1.0
1745887104.0265691,1.0
1745887104.0439246,1.0
1745887104.0621755,1.0
1745887104.079364,1.0
1745887104.096636,1.0
1745887104.1141415,1.0
1745887104.131408,1.0
1745887104.1486561,1.0
1745887104.1660266,1.0
1745887104.1833582,1.0
1745887104.2006338,1.0
1745887104.2179973,1.0
1745887104.2353714,1.0
1745887104.2530632,1.0
1745887104.2714322,1.0
1745887104.2887802,1.0
1745887104.3068473,1.0
1745887104.3242023,1.0
1745887104.3417873,1.0
1745887104.3589404,1.0
1745887104.376307,1.0
1745887104.3935983,1.0
1745887104.4109335,1.0
1745887104.428251,1.0
1745887104.445534,1.0
1745887104.4628584,1.0
1745887104.4801865,1.0
1745887104.4976735,1.0
1745887104.514979,1.0
1745887104.5323217,1.0
1745887104.5502777,1.0
1745887104.5675912,1.0
1745887104.584947,1.0
1745887104.6022773,1.0
1745887104.6196756,1.0
1745887104.6370225,1.0
1745887104.6543744,1.0
1745887104.6717024,1.0
1745887104.6889584,1.0
1745887104.7062678,1.0
1745887104.7235622,1.0
1745887104.7408392,1.0
1745887104.7581205,1.0
1745887104.7754607,1.0
1745887104.7927468,1.0
1745887104.8100324,1.0
1745887104.8273418,1.0
1745887104.844664,1.0
1745887104.861945,1.0
1745887104.8792634,1.0
1745887104.8965993,1.0
1745887104.9138854,1.0
1745887104.9311826,1.0
1745887104.948493,1.0
1745887104.9657805,1.0
1745887104.983352,1.0
1745887105.000625,1.0
1745887105.017963,1.0
1745887105.0352948,1.0
1745887105.052549,1.0
1745887105.0709946,1.0
1745887105.0882297,1.0
1745887105.1056678,1.0
1745887105.122978,1.0
1745887105.1402683,1.0
1745887105.1575477,1.0
1745887105.1749067,1.0
1745887105.1922073,1.0
1745887105.2094996,1.0
1745887105.2271311,1.0
1745887105.2444313,1.0
1745887105.2637572,1.0
1745887105.2810695,1.0
1745887105.2988908,1.0
1745887105.316207,1.0
1745887105.3335571,1.0
1745887105.3513587,1.0
1745887105.3686798,1.0
1745887105.3859835,1.0
1745887105.4039738,1.0
1745887105.4213371,1.0
1745887105.438638,1.0
1745887105.456291,1.0
1745887105.4735973,1.0
1745887105.4909108,1.0
1745887105.5082297,1.0
1745887105.5255575,1.0
1745887105.542887,1.0
1745887105.5607047,1.0
1745887105.5780234,1.0
1745887105.595353,1.0
1745887105.6126485,1.0
1745887105.6299512,1.0
1745887105.6472116,1.0
1745887105.6644888,1.0
1745887105.68179,1.0
1745887105.6990917,1.0
1745887105.7163866,1.0
1745887105.7336788,1.0
1745887105.750945,1.0
1745887105.768281,1.0
1745887105.7855566,1.0
1745887105.8028255,1.0
1745887105.8201556,1.0
1745887105.8387191,1.0
1745887105.8565617,1.0
1745887105.8738616,1.0
1745887105.8911748,1.0
1745887105.9084558,1.0
1745887105.9257822,1.0
1745887105.9430668,1.0
1745887105.9603848,1.0
1745887105.977912,1.0
1745887105.995341,1.0
1745887106.0126462,1.0
1745887106.0300107,1.0
1745887106.0473194,1.0
1745887106.0658417,1.0
1745887106.0830553,1.0
1745887106.100272,1.0
1745887106.1175973,1.0
1745887106.1348336,1.0
1745887106.152061,1.0
1745887106.169278,1.0
1745887106.1864722,1.0
1745887106.2036958,1.0
1745887106.2209513,1.0
1745887106.2381735,1.0
1745887106.2568345,1.0
1745887106.275538,1.0
1745887106.2930417,1.0
1745887106.311343,1.0
1745887106.3288276,1.0
1745887106.346469,1.0
1745887106.3638394,1.0
1745887106.3812482,1.0
1745887106.398635,1.0
1745887106.4160573,1.0
1745887106.4333932,1.0
1745887106.4508097,1.0
1745887106.4682183,1.0
1745887106.4856198,1.0
1745887106.5030384,1.0
1745887106.520421,1.0
1745887106.5377853,1.0
1745887106.5552304,1.0
1745887106.5725791,1.0
1745887106.5899632,1.0
1745887106.6073544,1.0
1745887106.6247544,1.0
1745887106.6421108,1.0
1745887106.6612248,1.0
1745887106.6786063,1.0
1745887106.6960769,1.0
1745887106.7135458,1.0
1745887106.7309415,1.0
1745887106.7483745,1.0
1745887106.7657948,1.0
1745887106.7832344,1.0
1745887106.800679,1.0
1745887106.8181448,1.0
1745887106.8356235,1.0
1745887106.8531566,1.0
1745887106.8705883,1.0
1745887106.8880222,1.0
1745887106.905437,1.0
1745887106.9228485,1.0
1745887106.940338,1.0
1745887106.9577532,1.0
1745887106.9752405,1.0
1745887106.9927459,1.0
1745887107.010185,1.0
1745887107.0276685,1.0
1745887107.045082,1.0
1745887107.06374,1.0
1745887107.0811994,1.0
1745887107.0987177,1.0
1745887107.116352,1.0
1745887107.1338463,1.0
1745887107.1513424,1.0
1745887107.1687882,1.0
1745887107.1862617,1.0
1745887107.2037373,1.0
1745887107.2212374,1.0
1745887107.2387297,1.0
1745887107.2587495,1.0
1745887107.2760956,1.0
1745887107.2935946,1.0
1745887107.3121243,1.0
1745887107.3296263,1.0
1745887107.3298233,0.0
