1762887263.128977,0,3200000000.0
1762887263.128977,1,3200000000.0
1762887263.128977,2,3200000000.0
1762887263.128977,3,3200000000.0
1762887263.128977,4,3200000000.0
1762887263.128977,5,3200000000.0
1762887263.128977,6,3200000000.0
1762887263.128977,7,3200000000.0
1762887263.128977,8,3200000000.0
1762887263.128977,9,3200000000.0
1762887263.128977,0,3200000000.0
1762887263.128977,1,3200000000.0
1762887263.128977,2,3200000000.0
1762887263.128977,3,3200000000.0
1762887263.128977,4,3200000000.0
1762887263.128977,5,3200000000.0
1762887263.128977,6,3200000000.0
1762887263.128977,7,3200000000.0
1762887263.128977,8,3200000000.0
1762887263.128977,9,3200000000.0
1762887263.128977,0,3200000000.0
1762887263.128977,1,3200000000.0
1762887263.128977,2,3200000000.0
1762887263.128977,3,3200000000.0
1762887263.128977,4,3200000000.0
1762887263.128977,5,3200000000.0
1762887263.128977,6,3200000000.0
1762887263.128977,7,3200000000.0
1762887263.128977,8,3200000000.0
1762887263.128977,9,3200000000.0
1762887263.128977,0,3200000000.0
1762887263.128977,1,3200000000.0
1762887263.128977,2,3200000000.0
1762887263.128977,3,3200000000.0
1762887263.128977,4,3200000000.0
1762887263.128977,5,3200000000.0
1762887263.128977,6,3200000000.0
1762887263.128977,7,3200000000.0
1762887263.128977,8,3200000000.0
1762887263.128977,9,3200000000.0
1762887263.128977,0,3200000000.0
1762887263.128977,1,3200000000.0
1762887263.128977,2,3200000000.0
1762887263.128977,3,3200000000.0
1762887263.128977,4,3200000000.0
1762887263.128977,5,3200000000.0
1762887263.128977,6,3200000000.0
1762887263.128977,7,3200000000.0
1762887263.128977,8,3200000000.0
1762887263.128977,9,3200000000.0
1762887263.128977,0,3200000000.0
1762887263.128977,1,3200000000.0
1762887263.128977,2,3200000000.0
1762887263.128977,3,3200000000.0
1762887263.128977,4,3200000000.0
1762887263.128977,5,3200000000.0
1762887263.128977,6,3200000000.0
1762887263.128977,7,3200000000.0
1762887263.128977,8,3200000000.0
1762887263.128977,9,3200000000.0
1762887263.128977,0,3200000000.0
1762887263.128977,1,3200000000.0
1762887263.128977,2,3200000000.0
1762887263.128977,3,3200000000.0
1762887263.128977,4,3200000000.0
1762887263.128977,5,3200000000.0
1762887263.128977,6,3200000000.0
1762887263.128977,7,3200000000.0
1762887263.128977,8,3200000000.0
1762887263.128977,9,3200000000.0
1762887263.128977,0,3200000000.0
1762887263.128977,1,3200000000.0
1762887263.128977,2,3200000000.0
1762887263.128977,3,3200000000.0
1762887263.128977,4,3200000000.0
1762887263.128977,5,3200000000.0
1762887263.128977,6,3200000000.0
1762887263.128977,7,3200000000.0
1762887263.128977,8,3200000000.0
1762887263.128977,9,3200000000.0
1762887263.128977,0,3200000000.0
1762887263.128977,1,3200000000.0
1762887263.128977,2,3200000000.0
1762887263.128977,3,3200000000.0
1762887263.128977,4,3200000000.0
1762887263.128977,5,3200000000.0
1762887263.128977,6,3200000000.0
1762887263.128977,7,3200000000.0
1762887263.128977,8,3200000000.0
1762887263.128977,9,3200000000.0
1762887263.128977,0,3200000000.0
1762887263.128977,1,3200000000.0
1762887263.128977,2,3200000000.0
1762887263.128977,3,3200000000.0
1762887263.128977,4,3200000000.0
1762887263.128977,5,3200000000.0
1762887264.1269274,0,3200000000.0
1762887264.1269274,1,3200000000.0
1762887264.1269274,2,3200000000.0
1762887264.1269274,3,3200000000.0
1762887264.1269274,4,3200000000.0
1762887264.1269274,5,3200000000.0
1762887264.1269274,6,3200000000.0
1762887264.1269274,7,3200000000.0
1762887264.1269274,8,3200000000.0
1762887264.1269274,9,3200000000.0
1762887264.1269274,0,3200000000.0
1762887264.1269274,1,3200000000.0
1762887264.1269274,2,3200000000.0
1762887264.1269274,3,3200000000.0
1762887264.1269274,4,3200000000.0
1762887264.1269274,5,3200000000.0
1762887264.1269274,6,3200000000.0
1762887264.1269274,7,3200000000.0
1762887264.1269274,8,3200000000.0
1762887264.1269274,9,3200000000.0
1762887264.1269274,0,3200000000.0
1762887264.1269274,1,3200000000.0
1762887264.1269274,2,3200000000.0
1762887264.1269274,3,3200000000.0
1762887264.1269274,4,3200000000.0
1762887264.1269274,5,3200000000.0
1762887264.1269274,6,3200000000.0
1762887264.1269274,7,3200000000.0
1762887264.1269274,8,3200000000.0
1762887264.1269274,9,3200000000.0
1762887264.1269274,0,3200000000.0
1762887264.1269274,1,3200000000.0
1762887264.1269274,2,3200000000.0
1762887264.1269274,3,3200000000.0
1762887264.1269274,4,3200000000.0
1762887264.1269274,5,3200000000.0
1762887264.1269274,6,3200000000.0
1762887264.1269274,7,3200000000.0
1762887264.1269274,8,3200000000.0
1762887264.1269274,9,3200000000.0
1762887264.1269274,0,3200000000.0
1762887264.1269274,1,3200000000.0
1762887264.1269274,2,3200000000.0
1762887264.1269274,3,3200000000.0
1762887264.1269274,4,3200000000.0
1762887264.1269274,5,3200000000.0
1762887264.1269274,6,3200000000.0
1762887264.1269274,7,3200000000.0
1762887264.1269274,8,3200000000.0
1762887264.1269274,9,3200000000.0
1762887264.1269274,0,3200000000.0
1762887264.1269274,1,3200000000.0
1762887264.1269274,2,3200000000.0
1762887264.1269274,3,3200000000.0
1762887264.1269274,4,3200000000.0
1762887264.1269274,5,3200000000.0
1762887264.1269274,6,3200000000.0
1762887264.1269274,7,3200000000.0
1762887264.1269274,8,3200000000.0
1762887264.1269274,9,3200000000.0
1762887264.1269274,0,3200000000.0
1762887264.1269274,1,3200000000.0
1762887264.1269274,2,3200000000.0
1762887264.1269274,3,3200000000.0
1762887264.1269274,4,3200000000.0
1762887264.1269274,5,3200000000.0
1762887264.1269274,6,3200000000.0
1762887264.1269274,7,3200000000.0
1762887264.1269274,8,3200000000.0
1762887264.1269274,9,3200000000.0
1762887264.1269274,0,3200000000.0
1762887264.1269274,1,3200000000.0
1762887264.1269274,2,3200000000.0
1762887264.1269274,3,3200000000.0
1762887264.1269274,4,3200000000.0
1762887264.1269274,5,3200000000.0
1762887264.1269274,6,3200000000.0
1762887264.1269274,7,3200000000.0
1762887264.1269274,8,3200000000.0
1762887264.1269274,9,3200000000.0
1762887264.1269274,0,3200000000.0
1762887264.1269274,1,3200000000.0
1762887264.1269274,2,3200000000.0
1762887264.1269274,3,3200000000.0
1762887264.1269274,4,3200000000.0
1762887264.1269274,5,3200000000.0
1762887264.1269274,6,3200000000.0
1762887264.1269274,7,3200000000.0
1762887264.1269274,8,3200000000.0
1762887264.1269274,9,3200000000.0
1762887264.1269274,0,3200000000.0
1762887264.1269274,1,3200000000.0
1762887264.1269274,2,3200000000.0
1762887264.1269274,3,3200000000.0
1762887264.1269274,4,3200000000.0
1762887264.1269274,5,3200000000.0
1762887265.1269855,0,3200000000.0
1762887265.1269855,1,3200000000.0
1762887265.1269855,2,3200000000.0
1762887265.1269855,3,3200000000.0
1762887265.1269855,4,3200000000.0
1762887265.1269855,5,3200000000.0
1762887265.1269855,6,3200000000.0
1762887265.1269855,7,3200000000.0
1762887265.1269855,8,3200000000.0
1762887265.1269855,9,3200000000.0
1762887265.1269855,0,3200000000.0
1762887265.1269855,1,3200000000.0
1762887265.1269855,2,3200000000.0
1762887265.1269855,3,3200000000.0
1762887265.1269855,4,3200000000.0
1762887265.1269855,5,3200000000.0
1762887265.1269855,6,3200000000.0
1762887265.1269855,7,3200000000.0
1762887265.1269855,8,3200000000.0
1762887265.1269855,9,3200000000.0
1762887265.1269855,0,3200000000.0
1762887265.1269855,1,3200000000.0
1762887265.1269855,2,3200000000.0
1762887265.1269855,3,3200000000.0
1762887265.1269855,4,3200000000.0
1762887265.1269855,5,3200000000.0
1762887265.1269855,6,3200000000.0
1762887265.1269855,7,3200000000.0
1762887265.1269855,8,3200000000.0
1762887265.1269855,9,3200000000.0
1762887265.1269855,0,3200000000.0
1762887265.1269855,1,3200000000.0
1762887265.1269855,2,3200000000.0
1762887265.1269855,3,3200000000.0
1762887265.1269855,4,3200000000.0
1762887265.1269855,5,3200000000.0
1762887265.1269855,6,3200000000.0
1762887265.1269855,7,3200000000.0
1762887265.1269855,8,3200000000.0
1762887265.1269855,9,3200000000.0
1762887265.1269855,0,3200000000.0
1762887265.1269855,1,3200000000.0
1762887265.1269855,2,3200000000.0
1762887265.1269855,3,3200000000.0
1762887265.1269855,4,3200000000.0
1762887265.1269855,5,3200000000.0
1762887265.1269855,6,3200000000.0
1762887265.1269855,7,3200000000.0
1762887265.1269855,8,3200000000.0
1762887265.1269855,9,3200000000.0
1762887265.1269855,0,3200000000.0
1762887265.1269855,1,3200000000.0
1762887265.1269855,2,3200000000.0
1762887265.1269855,3,3200000000.0
1762887265.1269855,4,3200000000.0
1762887265.1269855,5,3200000000.0
1762887265.1269855,6,3200000000.0
1762887265.1269855,7,3200000000.0
1762887265.1269855,8,3200000000.0
1762887265.1269855,9,3200000000.0
1762887265.1269855,0,3200000000.0
1762887265.1269855,1,3200000000.0
1762887265.1269855,2,3200000000.0
1762887265.1269855,3,3200000000.0
1762887265.1269855,4,3200000000.0
1762887265.1269855,5,3200000000.0
1762887265.1269855,6,3200000000.0
1762887265.1269855,7,3200000000.0
1762887265.1269855,8,3200000000.0
1762887265.1269855,9,3200000000.0
1762887265.1269855,0,3200000000.0
1762887265.1269855,1,3200000000.0
1762887265.1269855,2,3200000000.0
1762887265.1269855,3,3200000000.0
1762887265.1269855,4,3200000000.0
1762887265.1269855,5,3200000000.0
1762887265.1269855,6,3200000000.0
1762887265.1269855,7,3200000000.0
1762887265.1269855,8,3200000000.0
1762887265.1269855,9,3200000000.0
1762887265.1269855,0,3200000000.0
1762887265.1269855,1,3200000000.0
1762887265.1269855,2,3200000000.0
1762887265.1269855,3,3200000000.0
1762887265.1269855,4,3200000000.0
1762887265.1269855,5,3200000000.0
1762887265.1269855,6,3200000000.0
1762887265.1269855,7,3200000000.0
1762887265.1269855,8,3200000000.0
1762887265.1269855,9,3200000000.0
1762887265.1269855,0,3200000000.0
1762887265.1269855,1,3200000000.0
1762887265.1269855,2,3200000000.0
1762887265.1269855,3,3200000000.0
1762887265.1269855,4,3200000000.0
1762887265.1269855,5,3200000000.0
1762887266.1269195,0,3200000000.0
1762887266.1269195,1,3200000000.0
1762887266.1269195,2,3200000000.0
1762887266.1269195,3,3200000000.0
1762887266.1269195,4,3200000000.0
1762887266.1269195,5,3200000000.0
1762887266.1269195,6,3200000000.0
1762887266.1269195,7,3200000000.0
1762887266.1269195,8,3200000000.0
1762887266.1269195,9,3200000000.0
1762887266.1269195,0,3200000000.0
1762887266.1269195,1,3200000000.0
1762887266.1269195,2,3200000000.0
1762887266.1269195,3,3200000000.0
1762887266.1269195,4,3200000000.0
1762887266.1269195,5,3200000000.0
1762887266.1269195,6,3200000000.0
1762887266.1269195,7,3200000000.0
1762887266.1269195,8,3200000000.0
1762887266.1269195,9,3200000000.0
1762887266.1269195,0,3200000000.0
1762887266.1269195,1,3200000000.0
1762887266.1269195,2,3200000000.0
1762887266.1269195,3,3200000000.0
1762887266.1269195,4,3200000000.0
1762887266.1269195,5,3200000000.0
1762887266.1269195,6,3200000000.0
1762887266.1269195,7,3200000000.0
1762887266.1269195,8,3200000000.0
1762887266.1269195,9,3200000000.0
1762887266.1269195,0,3200000000.0
1762887266.1269195,1,3200000000.0
1762887266.1269195,2,3200000000.0
1762887266.1269195,3,3200000000.0
1762887266.1269195,4,3200000000.0
1762887266.1269195,5,3200000000.0
1762887266.1269195,6,3200000000.0
1762887266.1269195,7,3200000000.0
1762887266.1269195,8,3200000000.0
1762887266.1269195,9,3200000000.0
1762887266.1269195,0,3200000000.0
1762887266.1269195,1,3200000000.0
1762887266.1269195,2,3200000000.0
1762887266.1269195,3,3200000000.0
1762887266.1269195,4,3200000000.0
1762887266.1269195,5,3200000000.0
1762887266.1269195,6,3200000000.0
1762887266.1269195,7,3200000000.0
1762887266.1269195,8,3200000000.0
1762887266.1269195,9,3200000000.0
1762887266.1269195,0,3200000000.0
1762887266.1269195,1,3200000000.0
1762887266.1269195,2,3200000000.0
1762887266.1269195,3,3200000000.0
1762887266.1269195,4,3200000000.0
1762887266.1269195,5,3200000000.0
1762887266.1269195,6,3200000000.0
1762887266.1269195,7,3200000000.0
1762887266.1269195,8,3200000000.0
1762887266.1269195,9,3200000000.0
1762887266.1269195,0,3200000000.0
1762887266.1269195,1,3200000000.0
1762887266.1269195,2,3200000000.0
1762887266.1269195,3,3200000000.0
1762887266.1269195,4,3200000000.0
1762887266.1269195,5,3200000000.0
1762887266.1269195,6,3200000000.0
1762887266.1269195,7,3200000000.0
1762887266.1269195,8,3200000000.0
1762887266.1269195,9,3200000000.0
1762887266.1269195,0,3200000000.0
1762887266.1269195,1,3200000000.0
1762887266.1269195,2,3200000000.0
1762887266.1269195,3,3200000000.0
1762887266.1269195,4,3200000000.0
1762887266.1269195,5,3200000000.0
1762887266.1269195,6,3200000000.0
1762887266.1269195,7,3200000000.0
1762887266.1269195,8,3200000000.0
1762887266.1269195,9,3200000000.0
1762887266.1269195,0,3200000000.0
1762887266.1269195,1,3200000000.0
1762887266.1269195,2,3200000000.0
1762887266.1269195,3,3200000000.0
1762887266.1269195,4,3200000000.0
1762887266.1269195,5,3200000000.0
1762887266.1269195,6,3200000000.0
1762887266.1269195,7,3200000000.0
1762887266.1269195,8,3200000000.0
1762887266.1269195,9,3200000000.0
1762887266.1269195,0,3200000000.0
1762887266.1269195,1,3200000000.0
1762887266.1269195,2,3200000000.0
1762887266.1269195,3,3200000000.0
1762887266.1269195,4,3200000000.0
1762887266.1269195,5,3200000000.0
1762887267.126968,0,3200000000.0
1762887267.126968,1,3200000000.0
1762887267.126968,2,3200000000.0
1762887267.126968,3,3200000000.0
1762887267.126968,4,3200000000.0
1762887267.126968,5,3200000000.0
1762887267.126968,6,3200000000.0
1762887267.126968,7,3200000000.0
1762887267.126968,8,3200000000.0
1762887267.126968,9,3200000000.0
1762887267.126968,0,3200000000.0
1762887267.126968,1,3200000000.0
1762887267.126968,2,3200000000.0
1762887267.126968,3,3200000000.0
1762887267.126968,4,3200000000.0
1762887267.126968,5,3200000000.0
1762887267.126968,6,3200000000.0
1762887267.126968,7,3200000000.0
1762887267.126968,8,3200000000.0
1762887267.126968,9,3200000000.0
1762887267.126968,0,3000000000.0
1762887267.126968,1,3200000000.0
1762887267.126968,2,3200000000.0
1762887267.126968,3,3200000000.0
1762887267.126968,4,3200000000.0
1762887267.126968,5,3200000000.0
1762887267.126968,6,3200000000.0
1762887267.126968,7,3200000000.0
1762887267.126968,8,3200000000.0
1762887267.126968,9,3200000000.0
1762887267.126968,0,3200000000.0
1762887267.126968,1,3200000000.0
1762887267.126968,2,3200000000.0
1762887267.126968,3,3200000000.0
1762887267.126968,4,3200000000.0
1762887267.126968,5,3200000000.0
1762887267.126968,6,3200000000.0
1762887267.126968,7,3200000000.0
1762887267.126968,8,3200000000.0
1762887267.126968,9,3200000000.0
1762887267.126968,0,3200000000.0
1762887267.126968,1,3200000000.0
1762887267.126968,2,3200000000.0
1762887267.126968,3,3200000000.0
1762887267.126968,4,3200000000.0
1762887267.126968,5,3200000000.0
1762887267.126968,6,3200000000.0
1762887267.126968,7,3200000000.0
1762887267.126968,8,3200000000.0
1762887267.126968,9,3200000000.0
1762887267.126968,0,3200000000.0
1762887267.126968,1,3200000000.0
1762887267.126968,2,3200000000.0
1762887267.126968,3,3200000000.0
1762887267.126968,4,3200000000.0
1762887267.126968,5,3200000000.0
1762887267.126968,6,3200000000.0
1762887267.126968,7,3200000000.0
1762887267.126968,8,3200000000.0
1762887267.126968,9,3200000000.0
1762887267.126968,0,3200000000.0
1762887267.126968,1,3200000000.0
1762887267.126968,2,3200000000.0
1762887267.126968,3,3200000000.0
1762887267.126968,4,3200000000.0
1762887267.126968,5,3200000000.0
1762887267.126968,6,3200000000.0
1762887267.126968,7,3200000000.0
1762887267.126968,8,3200000000.0
1762887267.126968,9,3200000000.0
1762887267.126968,0,3200000000.0
1762887267.126968,1,3200000000.0
1762887267.126968,2,3200000000.0
1762887267.126968,3,3200000000.0
1762887267.126968,4,3200000000.0
1762887267.126968,5,3200000000.0
1762887267.126968,6,3200000000.0
1762887267.126968,7,3200000000.0
1762887267.126968,8,3200000000.0
1762887267.126968,9,3200000000.0
1762887267.126968,0,3200000000.0
1762887267.126968,1,3200000000.0
1762887267.126968,2,3200000000.0
1762887267.126968,3,3200000000.0
1762887267.126968,4,3200000000.0
1762887267.126968,5,3200000000.0
1762887267.126968,6,3200000000.0
1762887267.126968,7,3200000000.0
1762887267.126968,8,3200000000.0
1762887267.126968,9,3200000000.0
1762887267.126968,0,3200000000.0
1762887267.126968,1,3200000000.0
1762887267.126968,2,3200000000.0
1762887267.126968,3,3200000000.0
1762887267.126968,4,3200000000.0
1762887267.126968,5,3200000000.0
1762887268.1269915,0,3200000000.0
1762887268.1269915,1,3200000000.0
1762887268.1269915,2,3200000000.0
1762887268.1269915,3,3200000000.0
1762887268.1269915,4,3200000000.0
1762887268.1269915,5,3200000000.0
1762887268.1269915,6,3200000000.0
1762887268.1269915,7,3200000000.0
1762887268.1269915,8,3200000000.0
1762887268.1269915,9,3200000000.0
1762887268.1269915,0,3200000000.0
1762887268.1269915,1,3200000000.0
1762887268.1269915,2,3200000000.0
1762887268.1269915,3,3200000000.0
1762887268.1269915,4,3200000000.0
1762887268.1269915,5,3200000000.0
1762887268.1269915,6,3200000000.0
1762887268.1269915,7,3200000000.0
1762887268.1269915,8,3200000000.0
1762887268.1269915,9,3200000000.0
1762887268.1269915,0,3000000000.0
1762887268.1269915,1,3200000000.0
1762887268.1269915,2,3200000000.0
1762887268.1269915,3,3200000000.0
1762887268.1269915,4,3200000000.0
1762887268.1269915,5,3200000000.0
1762887268.1269915,6,3200000000.0
1762887268.1269915,7,3200000000.0
1762887268.1269915,8,3200000000.0
1762887268.1269915,9,3200000000.0
1762887268.1269915,0,3200000000.0
1762887268.1269915,1,3200000000.0
1762887268.1269915,2,3200000000.0
1762887268.1269915,3,3200000000.0
1762887268.1269915,4,3200000000.0
1762887268.1269915,5,3200000000.0
1762887268.1269915,6,3200000000.0
1762887268.1269915,7,3200000000.0
1762887268.1269915,8,3200000000.0
1762887268.1269915,9,3200000000.0
1762887268.1269915,0,3200000000.0
1762887268.1269915,1,3200000000.0
1762887268.1269915,2,3200000000.0
1762887268.1269915,3,3200000000.0
1762887268.1269915,4,3200000000.0
1762887268.1269915,5,3200000000.0
1762887268.1269915,6,3200000000.0
1762887268.1269915,7,3200000000.0
1762887268.1269915,8,3200000000.0
1762887268.1269915,9,3200000000.0
1762887268.1269915,0,3200000000.0
1762887268.1269915,1,3200000000.0
1762887268.1269915,2,3200000000.0
1762887268.1269915,3,3200000000.0
1762887268.1269915,4,3200000000.0
1762887268.1269915,5,3200000000.0
1762887268.1269915,6,3200000000.0
1762887268.1269915,7,3200000000.0
1762887268.1269915,8,3200000000.0
1762887268.1269915,9,3200000000.0
1762887268.1269915,0,3200000000.0
1762887268.1269915,1,3200000000.0
1762887268.1269915,2,3200000000.0
1762887268.1269915,3,3200000000.0
1762887268.1269915,4,3200000000.0
1762887268.1269915,5,3200000000.0
1762887268.1269915,6,3200000000.0
1762887268.1269915,7,3200000000.0
1762887268.1269915,8,3200000000.0
1762887268.1269915,9,3200000000.0
1762887268.1269915,0,3200000000.0
1762887268.1269915,1,3200000000.0
1762887268.1269915,2,3200000000.0
1762887268.1269915,3,3200000000.0
1762887268.1269915,4,3200000000.0
1762887268.1269915,5,3200000000.0
1762887268.1269915,6,3200000000.0
1762887268.1269915,7,3200000000.0
1762887268.1269915,8,3200000000.0
1762887268.1269915,9,3200000000.0
1762887268.1269915,0,3200000000.0
1762887268.1269915,1,3200000000.0
1762887268.1269915,2,3200000000.0
1762887268.1269915,3,3200000000.0
1762887268.1269915,4,3200000000.0
1762887268.1269915,5,3200000000.0
1762887268.1269915,6,3200000000.0
1762887268.1269915,7,3200000000.0
1762887268.1269915,8,3200000000.0
1762887268.1269915,9,3200000000.0
1762887268.1269915,0,3200000000.0
1762887268.1269915,1,3200000000.0
1762887268.1269915,2,3200000000.0
1762887268.1269915,3,3200000000.0
1762887268.1269915,4,3200000000.0
1762887268.1269915,5,3200000000.0
1762887269.1270108,0,3200000000.0
1762887269.1270108,1,3200000000.0
1762887269.1270108,2,3200000000.0
1762887269.1270108,3,3200000000.0
1762887269.1270108,4,3200000000.0
1762887269.1270108,5,3200000000.0
1762887269.1270108,6,3200000000.0
1762887269.1270108,7,3200000000.0
1762887269.1270108,8,3200000000.0
1762887269.1270108,9,3200000000.0
1762887269.1270108,0,3200000000.0
1762887269.1270108,1,3200000000.0
1762887269.1270108,2,3200000000.0
1762887269.1270108,3,3200000000.0
1762887269.1270108,4,3200000000.0
1762887269.1270108,5,3200000000.0
1762887269.1270108,6,3200000000.0
1762887269.1270108,7,3200000000.0
1762887269.1270108,8,3200000000.0
1762887269.1270108,9,3200000000.0
1762887269.1270108,0,3200000000.0
1762887269.1270108,1,3200000000.0
1762887269.1270108,2,3200000000.0
1762887269.1270108,3,3200000000.0
1762887269.1270108,4,3200000000.0
1762887269.1270108,5,3200000000.0
1762887269.1270108,6,3200000000.0
1762887269.1270108,7,3200000000.0
1762887269.1270108,8,3200000000.0
1762887269.1270108,9,3200000000.0
1762887269.1270108,0,3200000000.0
1762887269.1270108,1,3200000000.0
1762887269.1270108,2,3200000000.0
1762887269.1270108,3,3200000000.0
1762887269.1270108,4,3200000000.0
1762887269.1270108,5,3200000000.0
1762887269.1270108,6,3200000000.0
1762887269.1270108,7,3200000000.0
1762887269.1270108,8,3200000000.0
1762887269.1270108,9,3200000000.0
1762887269.1270108,0,3200000000.0
1762887269.1270108,1,3200000000.0
1762887269.1270108,2,3200000000.0
1762887269.1270108,3,3200000000.0
1762887269.1270108,4,3200000000.0
1762887269.1270108,5,3200000000.0
1762887269.1270108,6,3200000000.0
1762887269.1270108,7,3200000000.0
1762887269.1270108,8,3200000000.0
1762887269.1270108,9,3200000000.0
1762887269.1270108,0,3200000000.0
1762887269.1270108,1,3200000000.0
1762887269.1270108,2,3200000000.0
1762887269.1270108,3,3200000000.0
1762887269.1270108,4,3200000000.0
1762887269.1270108,5,3200000000.0
1762887269.1270108,6,3200000000.0
1762887269.1270108,7,3200000000.0
1762887269.1270108,8,3200000000.0
1762887269.1270108,9,3200000000.0
1762887269.1270108,0,3200000000.0
1762887269.1270108,1,3200000000.0
1762887269.1270108,2,3200000000.0
1762887269.1270108,3,3200000000.0
1762887269.1270108,4,3200000000.0
1762887269.1270108,5,3200000000.0
1762887269.1270108,6,3200000000.0
1762887269.1270108,7,3200000000.0
1762887269.1270108,8,3200000000.0
1762887269.1270108,9,3200000000.0
1762887269.1270108,0,3200000000.0
1762887269.1270108,1,3200000000.0
1762887269.1270108,2,3200000000.0
1762887269.1270108,3,3200000000.0
1762887269.1270108,4,3200000000.0
1762887269.1270108,5,3200000000.0
1762887269.1270108,6,3200000000.0
1762887269.1270108,7,3200000000.0
1762887269.1270108,8,3200000000.0
1762887269.1270108,9,3200000000.0
1762887269.1270108,0,3200000000.0
1762887269.1270108,1,3200000000.0
1762887269.1270108,2,3200000000.0
1762887269.1270108,3,3200000000.0
1762887269.1270108,4,3200000000.0
1762887269.1270108,5,3200000000.0
1762887269.1270108,6,3200000000.0
1762887269.1270108,7,3200000000.0
1762887269.1270108,8,3200000000.0
1762887269.1270108,9,3200000000.0
1762887269.1270108,0,3200000000.0
1762887269.1270108,1,3200000000.0
1762887269.1270108,2,3200000000.0
1762887269.1270108,3,3200000000.0
1762887269.1270108,4,3200000000.0
1762887269.1270108,5,3200000000.0
1762887270.1269774,0,3200000000.0
1762887270.1269774,1,3000000000.0
1762887270.1269774,2,3200000000.0
1762887270.1269774,3,3200000000.0
1762887270.1269774,4,3200000000.0
1762887270.1269774,5,3200000000.0
1762887270.1269774,6,3200000000.0
1762887270.1269774,7,3200000000.0
1762887270.1269774,8,3200000000.0
1762887270.1269774,9,3200000000.0
1762887270.1269774,0,3200000000.0
1762887270.1269774,1,3000000000.0
1762887270.1269774,2,3200000000.0
1762887270.1269774,3,3000000000.0
1762887270.1269774,4,3000000000.0
1762887270.1269774,5,3200000000.0
1762887270.1269774,6,3200000000.0
1762887270.1269774,7,3200000000.0
1762887270.1269774,8,3200000000.0
1762887270.1269774,9,3200000000.0
1762887270.1269774,0,3200000000.0
1762887270.1269774,1,3200000000.0
1762887270.1269774,2,3200000000.0
1762887270.1269774,3,3200000000.0
1762887270.1269774,4,3200000000.0
1762887270.1269774,5,3200000000.0
1762887270.1269774,6,3200000000.0
1762887270.1269774,7,3200000000.0
1762887270.1269774,8,3200000000.0
1762887270.1269774,9,3200000000.0
1762887270.1269774,0,3200000000.0
1762887270.1269774,1,3200000000.0
1762887270.1269774,2,3200000000.0
1762887270.1269774,3,3200000000.0
1762887270.1269774,4,3200000000.0
1762887270.1269774,5,3000000000.0
1762887270.1269774,6,3200000000.0
1762887270.1269774,7,3200000000.0
1762887270.1269774,8,3200000000.0
1762887270.1269774,9,3200000000.0
1762887270.1269774,0,3200000000.0
1762887270.1269774,1,3000000000.0
1762887270.1269774,2,3200000000.0
1762887270.1269774,3,3200000000.0
1762887270.1269774,4,3200000000.0
1762887270.1269774,5,3200000000.0
1762887270.1269774,6,3200000000.0
1762887270.1269774,7,3200000000.0
1762887270.1269774,8,3200000000.0
1762887270.1269774,9,3200000000.0
1762887270.1269774,0,3200000000.0
1762887270.1269774,1,3200000000.0
1762887270.1269774,2,3200000000.0
1762887270.1269774,3,3200000000.0
1762887270.1269774,4,3200000000.0
1762887270.1269774,5,3200000000.0
1762887270.1269774,6,3200000000.0
1762887270.1269774,7,3200000000.0
1762887270.1269774,8,3200000000.0
1762887270.1269774,9,3200000000.0
1762887270.1269774,0,3200000000.0
1762887270.1269774,1,3000000000.0
1762887270.1269774,2,3000000000.0
1762887270.1269774,3,3200000000.0
1762887270.1269774,4,3200000000.0
1762887270.1269774,5,3200000000.0
1762887270.1269774,6,3200000000.0
1762887270.1269774,7,3200000000.0
1762887270.1269774,8,3200000000.0
1762887270.1269774,9,3200000000.0
1762887270.1269774,0,3200000000.0
1762887270.1269774,1,3200000000.0
1762887270.1269774,2,3200000000.0
1762887270.1269774,3,3200000000.0
1762887270.1269774,4,3200000000.0
1762887270.1269774,5,3200000000.0
1762887270.1269774,6,3200000000.0
1762887270.1269774,7,3200000000.0
1762887270.1269774,8,3200000000.0
1762887270.1269774,9,3200000000.0
1762887270.1269774,0,3200000000.0
1762887270.1269774,1,3200000000.0
1762887270.1269774,2,3200000000.0
1762887270.1269774,3,3000000000.0
1762887270.1269774,4,3200000000.0
1762887270.1269774,5,3200000000.0
1762887270.1269774,6,3200000000.0
1762887270.1269774,7,3200000000.0
1762887270.1269774,8,3200000000.0
1762887270.1269774,9,3200000000.0
1762887270.1269774,0,3200000000.0
1762887270.1269774,1,3200000000.0
1762887270.1269774,2,3200000000.0
1762887270.1269774,3,3200000000.0
1762887270.1269774,4,3200000000.0
1762887270.1269774,5,3200000000.0
1762887271.1269906,0,3200000000.0
1762887271.1269906,1,3200000000.0
1762887271.1269906,2,3200000000.0
1762887271.1269906,3,3200000000.0
1762887271.1269906,4,3200000000.0
1762887271.1269906,5,3200000000.0
1762887271.1269906,6,3200000000.0
1762887271.1269906,7,3200000000.0
1762887271.1269906,8,3200000000.0
1762887271.1269906,9,3200000000.0
1762887271.1269906,0,3200000000.0
1762887271.1269906,1,3200000000.0
1762887271.1269906,2,3200000000.0
1762887271.1269906,3,3200000000.0
1762887271.1269906,4,3200000000.0
1762887271.1269906,5,3200000000.0
1762887271.1269906,6,3200000000.0
1762887271.1269906,7,3200000000.0
1762887271.1269906,8,3200000000.0
1762887271.1269906,9,3200000000.0
1762887271.1269906,0,3200000000.0
1762887271.1269906,1,3200000000.0
1762887271.1269906,2,3200000000.0
1762887271.1269906,3,3200000000.0
1762887271.1269906,4,3200000000.0
1762887271.1269906,5,3200000000.0
1762887271.1269906,6,3200000000.0
1762887271.1269906,7,3200000000.0
1762887271.1269906,8,3200000000.0
1762887271.1269906,9,3200000000.0
1762887271.1269906,0,3200000000.0
1762887271.1269906,1,3200000000.0
1762887271.1269906,2,3200000000.0
1762887271.1269906,3,3200000000.0
1762887271.1269906,4,3200000000.0
1762887271.1269906,5,3200000000.0
1762887271.1269906,6,3200000000.0
1762887271.1269906,7,3200000000.0
1762887271.1269906,8,3200000000.0
1762887271.1269906,9,3200000000.0
1762887271.1269906,0,3200000000.0
1762887271.1269906,1,3200000000.0
1762887271.1269906,2,3200000000.0
1762887271.1269906,3,3200000000.0
1762887271.1269906,4,3200000000.0
1762887271.1269906,5,3200000000.0
1762887271.1269906,6,3200000000.0
1762887271.1269906,7,3200000000.0
1762887271.1269906,8,3200000000.0
1762887271.1269906,9,3200000000.0
1762887271.1269906,0,3200000000.0
1762887271.1269906,1,3200000000.0
1762887271.1269906,2,3200000000.0
1762887271.1269906,3,3200000000.0
1762887271.1269906,4,3200000000.0
1762887271.1269906,5,3200000000.0
1762887271.1269906,6,3200000000.0
1762887271.1269906,7,3200000000.0
1762887271.1269906,8,3200000000.0
1762887271.1269906,9,3200000000.0
1762887271.1269906,0,3200000000.0
1762887271.1269906,1,3200000000.0
1762887271.1269906,2,3200000000.0
1762887271.1269906,3,3200000000.0
1762887271.1269906,4,3200000000.0
1762887271.1269906,5,3200000000.0
1762887271.1269906,6,3200000000.0
1762887271.1269906,7,3200000000.0
1762887271.1269906,8,3200000000.0
1762887271.1269906,9,3200000000.0
1762887271.1269906,0,3200000000.0
1762887271.1269906,1,3200000000.0
1762887271.1269906,2,3200000000.0
1762887271.1269906,3,3200000000.0
1762887271.1269906,4,3200000000.0
1762887271.1269906,5,3200000000.0
1762887271.1269906,6,3200000000.0
1762887271.1269906,7,3200000000.0
1762887271.1269906,8,3200000000.0
1762887271.1269906,9,3200000000.0
1762887271.1269906,0,3200000000.0
1762887271.1269906,1,3200000000.0
1762887271.1269906,2,3200000000.0
1762887271.1269906,3,3200000000.0
1762887271.1269906,4,3200000000.0
1762887271.1269906,5,3200000000.0
1762887271.1269906,6,3200000000.0
1762887271.1269906,7,3200000000.0
1762887271.1269906,8,3200000000.0
1762887271.1269906,9,3200000000.0
1762887271.1269906,0,3200000000.0
1762887271.1269906,1,3200000000.0
1762887271.1269906,2,3200000000.0
1762887271.1269906,3,3200000000.0
1762887271.1269906,4,3200000000.0
1762887271.1269906,5,3200000000.0
1762887272.1269236,0,3200000000.0
1762887272.1269236,1,3200000000.0
1762887272.1269236,2,3200000000.0
1762887272.1269236,3,3200000000.0
1762887272.1269236,4,3200000000.0
1762887272.1269236,5,3200000000.0
1762887272.1269236,6,3200000000.0
1762887272.1269236,7,3200000000.0
1762887272.1269236,8,3200000000.0
1762887272.1269236,9,3200000000.0
1762887272.1269236,0,3200000000.0
1762887272.1269236,1,3200000000.0
1762887272.1269236,2,3200000000.0
1762887272.1269236,3,3200000000.0
1762887272.1269236,4,3200000000.0
1762887272.1269236,5,3200000000.0
1762887272.1269236,6,3200000000.0
1762887272.1269236,7,3200000000.0
1762887272.1269236,8,3200000000.0
1762887272.1269236,9,3200000000.0
1762887272.1269236,0,3200000000.0
1762887272.1269236,1,3200000000.0
1762887272.1269236,2,3200000000.0
1762887272.1269236,3,3200000000.0
1762887272.1269236,4,3200000000.0
1762887272.1269236,5,3200000000.0
1762887272.1269236,6,3200000000.0
1762887272.1269236,7,3200000000.0
1762887272.1269236,8,3200000000.0
1762887272.1269236,9,3200000000.0
1762887272.1269236,0,3200000000.0
1762887272.1269236,1,3200000000.0
1762887272.1269236,2,3200000000.0
1762887272.1269236,3,3200000000.0
1762887272.1269236,4,3200000000.0
1762887272.1269236,5,3200000000.0
1762887272.1269236,6,3200000000.0
1762887272.1269236,7,3200000000.0
1762887272.1269236,8,3200000000.0
1762887272.1269236,9,3200000000.0
1762887272.1269236,0,3200000000.0
1762887272.1269236,1,3200000000.0
1762887272.1269236,2,3200000000.0
1762887272.1269236,3,3200000000.0
1762887272.1269236,4,3200000000.0
1762887272.1269236,5,3200000000.0
1762887272.1269236,6,3200000000.0
1762887272.1269236,7,3200000000.0
1762887272.1269236,8,3200000000.0
1762887272.1269236,9,3200000000.0
1762887272.1269236,0,3200000000.0
1762887272.1269236,1,3200000000.0
1762887272.1269236,2,3200000000.0
1762887272.1269236,3,3200000000.0
1762887272.1269236,4,3200000000.0
1762887272.1269236,5,3200000000.0
1762887272.1269236,6,3200000000.0
1762887272.1269236,7,3200000000.0
1762887272.1269236,8,3200000000.0
1762887272.1269236,9,3200000000.0
1762887272.1269236,0,3200000000.0
1762887272.1269236,1,3200000000.0
1762887272.1269236,2,3200000000.0
1762887272.1269236,3,3200000000.0
1762887272.1269236,4,3200000000.0
1762887272.1269236,5,3200000000.0
1762887272.1269236,6,3200000000.0
1762887272.1269236,7,3200000000.0
1762887272.1269236,8,3200000000.0
1762887272.1269236,9,3200000000.0
1762887272.1269236,0,3200000000.0
1762887272.1269236,1,3200000000.0
1762887272.1269236,2,3200000000.0
1762887272.1269236,3,3200000000.0
1762887272.1269236,4,3200000000.0
1762887272.1269236,5,3200000000.0
1762887272.1269236,6,3200000000.0
1762887272.1269236,7,3200000000.0
1762887272.1269236,8,3200000000.0
1762887272.1269236,9,3200000000.0
1762887272.1269236,0,3200000000.0
1762887272.1269236,1,3200000000.0
1762887272.1269236,2,3200000000.0
1762887272.1269236,3,3200000000.0
1762887272.1269236,4,3200000000.0
1762887272.1269236,5,3200000000.0
1762887272.1269236,6,3200000000.0
1762887272.1269236,7,3200000000.0
1762887272.1269236,8,3200000000.0
1762887272.1269236,9,3200000000.0
1762887272.1269236,0,3200000000.0
1762887272.1269236,1,3200000000.0
1762887272.1269236,2,3200000000.0
1762887272.1269236,3,3200000000.0
1762887272.1269236,4,3200000000.0
1762887272.1269236,5,3200000000.0
1762887273.1269863,0,3200000000.0
1762887273.1269863,1,3200000000.0
1762887273.1269863,2,3200000000.0
1762887273.1269863,3,3200000000.0
1762887273.1269863,4,3200000000.0
1762887273.1269863,5,3200000000.0
1762887273.1269863,6,3200000000.0
1762887273.1269863,7,3200000000.0
1762887273.1269863,8,3200000000.0
1762887273.1269863,9,3200000000.0
1762887273.1269863,0,3200000000.0
1762887273.1269863,1,3200000000.0
1762887273.1269863,2,3200000000.0
1762887273.1269863,3,3200000000.0
1762887273.1269863,4,3000000000.0
1762887273.1269863,5,3200000000.0
1762887273.1269863,6,3200000000.0
1762887273.1269863,7,3200000000.0
1762887273.1269863,8,3200000000.0
1762887273.1269863,9,3200000000.0
1762887273.1269863,0,3200000000.0
1762887273.1269863,1,3200000000.0
1762887273.1269863,2,3200000000.0
1762887273.1269863,3,3200000000.0
1762887273.1269863,4,3200000000.0
1762887273.1269863,5,3200000000.0
1762887273.1269863,6,3200000000.0
1762887273.1269863,7,3200000000.0
1762887273.1269863,8,3200000000.0
1762887273.1269863,9,3200000000.0
1762887273.1269863,0,3200000000.0
1762887273.1269863,1,3200000000.0
1762887273.1269863,2,3200000000.0
1762887273.1269863,3,3200000000.0
1762887273.1269863,4,3200000000.0
1762887273.1269863,5,3200000000.0
1762887273.1269863,6,3200000000.0
1762887273.1269863,7,3200000000.0
1762887273.1269863,8,3200000000.0
1762887273.1269863,9,3200000000.0
1762887273.1269863,0,3200000000.0
1762887273.1269863,1,3200000000.0
1762887273.1269863,2,3200000000.0
1762887273.1269863,3,3200000000.0
1762887273.1269863,4,3200000000.0
1762887273.1269863,5,3200000000.0
1762887273.1269863,6,3200000000.0
1762887273.1269863,7,3200000000.0
1762887273.1269863,8,3200000000.0
1762887273.1269863,9,3200000000.0
1762887273.1269863,0,3200000000.0
1762887273.1269863,1,3200000000.0
1762887273.1269863,2,3200000000.0
1762887273.1269863,3,3200000000.0
1762887273.1269863,4,3200000000.0
1762887273.1269863,5,3200000000.0
1762887273.1269863,6,3200000000.0
1762887273.1269863,7,3200000000.0
1762887273.1269863,8,3200000000.0
1762887273.1269863,9,3200000000.0
1762887273.1269863,0,3200000000.0
1762887273.1269863,1,3200000000.0
1762887273.1269863,2,3200000000.0
1762887273.1269863,3,3200000000.0
1762887273.1269863,4,3200000000.0
1762887273.1269863,5,3200000000.0
1762887273.1269863,6,3200000000.0
1762887273.1269863,7,3200000000.0
1762887273.1269863,8,3200000000.0
1762887273.1269863,9,3200000000.0
1762887273.1269863,0,3200000000.0
1762887273.1269863,1,3200000000.0
1762887273.1269863,2,3200000000.0
1762887273.1269863,3,3200000000.0
1762887273.1269863,4,3200000000.0
1762887273.1269863,5,3200000000.0
1762887273.1269863,6,3200000000.0
1762887273.1269863,7,3200000000.0
1762887273.1269863,8,3200000000.0
1762887273.1269863,9,3200000000.0
1762887273.1269863,0,3200000000.0
1762887273.1269863,1,3200000000.0
1762887273.1269863,2,3200000000.0
1762887273.1269863,3,3200000000.0
1762887273.1269863,4,3200000000.0
1762887273.1269863,5,3200000000.0
1762887273.1269863,6,3200000000.0
1762887273.1269863,7,3200000000.0
1762887273.1269863,8,3200000000.0
1762887273.1269863,9,3200000000.0
1762887273.1269863,0,3200000000.0
1762887273.1269863,1,3200000000.0
1762887273.1269863,2,3200000000.0
1762887273.1269863,3,3200000000.0
1762887273.1269863,4,3200000000.0
1762887273.1269863,5,3200000000.0
1762887274.1269245,0,3200000000.0
1762887274.1269245,1,3200000000.0
1762887274.1269245,2,3200000000.0
1762887274.1269245,3,3200000000.0
1762887274.1269245,4,3200000000.0
1762887274.1269245,5,3200000000.0
1762887274.1269245,6,3200000000.0
1762887274.1269245,7,3200000000.0
1762887274.1269245,8,3200000000.0
1762887274.1269245,9,3200000000.0
1762887274.1269245,0,3200000000.0
1762887274.1269245,1,3200000000.0
1762887274.1269245,2,3200000000.0
1762887274.1269245,3,3200000000.0
1762887274.1269245,4,3200000000.0
1762887274.1269245,5,3200000000.0
1762887274.1269245,6,3200000000.0
1762887274.1269245,7,3200000000.0
1762887274.1269245,8,3200000000.0
1762887274.1269245,9,3200000000.0
1762887274.1269245,0,3200000000.0
1762887274.1269245,1,3200000000.0
1762887274.1269245,2,3200000000.0
1762887274.1269245,3,3200000000.0
1762887274.1269245,4,3200000000.0
1762887274.1269245,5,3200000000.0
1762887274.1269245,6,3200000000.0
1762887274.1269245,7,3200000000.0
1762887274.1269245,8,3200000000.0
1762887274.1269245,9,3200000000.0
1762887274.1269245,0,3200000000.0
1762887274.1269245,1,3200000000.0
1762887274.1269245,2,3200000000.0
1762887274.1269245,3,3200000000.0
1762887274.1269245,4,3200000000.0
1762887274.1269245,5,3200000000.0
1762887274.1269245,6,3200000000.0
1762887274.1269245,7,3200000000.0
1762887274.1269245,8,3200000000.0
1762887274.1269245,9,3200000000.0
1762887274.1269245,0,3200000000.0
1762887274.1269245,1,3200000000.0
1762887274.1269245,2,3200000000.0
1762887274.1269245,3,3200000000.0
1762887274.1269245,4,3200000000.0
1762887274.1269245,5,3200000000.0
1762887274.1269245,6,3200000000.0
1762887274.1269245,7,3200000000.0
1762887274.1269245,8,3200000000.0
1762887274.1269245,9,3200000000.0
1762887274.1269245,0,3200000000.0
1762887274.1269245,1,3200000000.0
1762887274.1269245,2,3200000000.0
1762887274.1269245,3,3200000000.0
1762887274.1269245,4,3200000000.0
1762887274.1269245,5,3200000000.0
1762887274.1269245,6,3200000000.0
1762887274.1269245,7,3200000000.0
1762887274.1269245,8,3200000000.0
1762887274.1269245,9,3200000000.0
1762887274.1269245,0,3200000000.0
1762887274.1269245,1,3200000000.0
1762887274.1269245,2,3200000000.0
1762887274.1269245,3,3200000000.0
1762887274.1269245,4,3200000000.0
1762887274.1269245,5,3200000000.0
1762887274.1269245,6,3200000000.0
1762887274.1269245,7,3200000000.0
1762887274.1269245,8,3200000000.0
1762887274.1269245,9,3200000000.0
1762887274.1269245,0,3200000000.0
1762887274.1269245,1,3200000000.0
1762887274.1269245,2,3200000000.0
1762887274.1269245,3,3200000000.0
1762887274.1269245,4,3200000000.0
1762887274.1269245,5,3200000000.0
1762887274.1269245,6,3200000000.0
1762887274.1269245,7,3200000000.0
1762887274.1269245,8,3200000000.0
1762887274.1269245,9,3200000000.0
1762887274.1269245,0,3200000000.0
1762887274.1269245,1,3200000000.0
1762887274.1269245,2,3200000000.0
1762887274.1269245,3,3200000000.0
1762887274.1269245,4,3200000000.0
1762887274.1269245,5,3200000000.0
1762887274.1269245,6,3200000000.0
1762887274.1269245,7,3200000000.0
1762887274.1269245,8,3200000000.0
1762887274.1269245,9,3200000000.0
1762887274.1269245,0,3200000000.0
1762887274.1269245,1,3200000000.0
1762887274.1269245,2,3200000000.0
1762887274.1269245,3,3200000000.0
1762887274.1269245,4,3200000000.0
1762887274.1269245,5,3200000000.0
1762887275.1269684,0,3200000000.0
1762887275.1269684,1,3200000000.0
1762887275.1269684,2,3200000000.0
1762887275.1269684,3,3200000000.0
1762887275.1269684,4,3200000000.0
1762887275.1269684,5,3200000000.0
1762887275.1269684,6,3200000000.0
1762887275.1269684,7,3200000000.0
1762887275.1269684,8,3200000000.0
1762887275.1269684,9,3200000000.0
1762887275.1269684,0,3200000000.0
1762887275.1269684,1,3200000000.0
1762887275.1269684,2,3200000000.0
1762887275.1269684,3,3200000000.0
1762887275.1269684,4,3200000000.0
1762887275.1269684,5,3200000000.0
1762887275.1269684,6,3200000000.0
1762887275.1269684,7,3200000000.0
1762887275.1269684,8,3200000000.0
1762887275.1269684,9,3200000000.0
1762887275.1269684,0,3200000000.0
1762887275.1269684,1,3200000000.0
1762887275.1269684,2,3200000000.0
1762887275.1269684,3,3200000000.0
1762887275.1269684,4,3200000000.0
1762887275.1269684,5,3200000000.0
1762887275.1269684,6,3200000000.0
1762887275.1269684,7,3200000000.0
1762887275.1269684,8,3200000000.0
1762887275.1269684,9,3200000000.0
1762887275.1269684,0,3200000000.0
1762887275.1269684,1,3200000000.0
1762887275.1269684,2,3200000000.0
1762887275.1269684,3,3200000000.0
1762887275.1269684,4,3200000000.0
1762887275.1269684,5,3200000000.0
1762887275.1269684,6,3200000000.0
1762887275.1269684,7,3200000000.0
1762887275.1269684,8,3200000000.0
1762887275.1269684,9,3200000000.0
1762887275.1269684,0,3200000000.0
1762887275.1269684,1,3200000000.0
1762887275.1269684,2,3200000000.0
1762887275.1269684,3,3200000000.0
1762887275.1269684,4,3200000000.0
1762887275.1269684,5,3200000000.0
1762887275.1269684,6,3200000000.0
1762887275.1269684,7,3200000000.0
1762887275.1269684,8,3200000000.0
1762887275.1269684,9,3200000000.0
1762887275.1269684,0,3200000000.0
1762887275.1269684,1,3200000000.0
1762887275.1269684,2,3200000000.0
1762887275.1269684,3,3200000000.0
1762887275.1269684,4,3200000000.0
1762887275.1269684,5,3200000000.0
1762887275.1269684,6,3200000000.0
1762887275.1269684,7,3200000000.0
1762887275.1269684,8,3200000000.0
1762887275.1269684,9,3200000000.0
1762887275.1269684,0,3200000000.0
1762887275.1269684,1,3200000000.0
1762887275.1269684,2,3200000000.0
1762887275.1269684,3,3200000000.0
1762887275.1269684,4,3200000000.0
1762887275.1269684,5,3200000000.0
1762887275.1269684,6,3200000000.0
1762887275.1269684,7,3200000000.0
1762887275.1269684,8,3200000000.0
1762887275.1269684,9,3200000000.0
1762887275.1269684,0,3200000000.0
1762887275.1269684,1,3200000000.0
1762887275.1269684,2,3200000000.0
1762887275.1269684,3,3200000000.0
1762887275.1269684,4,3200000000.0
1762887275.1269684,5,3200000000.0
1762887275.1269684,6,3200000000.0
1762887275.1269684,7,3200000000.0
1762887275.1269684,8,3200000000.0
1762887275.1269684,9,3200000000.0
1762887275.1269684,0,3200000000.0
1762887275.1269684,1,3200000000.0
1762887275.1269684,2,3200000000.0
1762887275.1269684,3,3200000000.0
1762887275.1269684,4,3200000000.0
1762887275.1269684,5,3200000000.0
1762887275.1269684,6,3200000000.0
1762887275.1269684,7,3200000000.0
1762887275.1269684,8,3200000000.0
1762887275.1269684,9,3200000000.0
1762887275.1269684,0,3200000000.0
1762887275.1269684,1,3200000000.0
1762887275.1269684,2,3200000000.0
1762887275.1269684,3,3200000000.0
1762887275.1269684,4,3200000000.0
1762887275.1269684,5,3200000000.0
1762887276.1269827,0,3200000000.0
1762887276.1269827,1,3200000000.0
1762887276.1269827,2,3200000000.0
1762887276.1269827,3,3200000000.0
1762887276.1269827,4,3200000000.0
1762887276.1269827,5,3200000000.0
1762887276.1269827,6,3200000000.0
1762887276.1269827,7,3200000000.0
1762887276.1269827,8,3200000000.0
1762887276.1269827,9,3200000000.0
1762887276.1269827,0,3200000000.0
1762887276.1269827,1,3200000000.0
1762887276.1269827,2,3200000000.0
1762887276.1269827,3,3200000000.0
1762887276.1269827,4,3200000000.0
1762887276.1269827,5,3200000000.0
1762887276.1269827,6,3200000000.0
1762887276.1269827,7,3200000000.0
1762887276.1269827,8,3200000000.0
1762887276.1269827,9,3200000000.0
1762887276.1269827,0,3200000000.0
1762887276.1269827,1,3200000000.0
1762887276.1269827,2,3200000000.0
1762887276.1269827,3,3200000000.0
1762887276.1269827,4,3200000000.0
1762887276.1269827,5,3200000000.0
1762887276.1269827,6,3200000000.0
1762887276.1269827,7,3200000000.0
1762887276.1269827,8,3200000000.0
1762887276.1269827,9,3200000000.0
1762887276.1269827,0,3200000000.0
1762887276.1269827,1,3200000000.0
1762887276.1269827,2,3200000000.0
1762887276.1269827,3,3200000000.0
1762887276.1269827,4,3200000000.0
1762887276.1269827,5,3200000000.0
1762887276.1269827,6,3200000000.0
1762887276.1269827,7,3200000000.0
1762887276.1269827,8,3200000000.0
1762887276.1269827,9,3200000000.0
1762887276.1269827,0,3200000000.0
1762887276.1269827,1,3200000000.0
1762887276.1269827,2,3200000000.0
1762887276.1269827,3,3200000000.0
1762887276.1269827,4,3200000000.0
1762887276.1269827,5,3200000000.0
1762887276.1269827,6,3200000000.0
1762887276.1269827,7,3200000000.0
1762887276.1269827,8,3200000000.0
1762887276.1269827,9,3200000000.0
1762887276.1269827,0,3200000000.0
1762887276.1269827,1,3200000000.0
1762887276.1269827,2,3200000000.0
1762887276.1269827,3,3200000000.0
1762887276.1269827,4,3200000000.0
1762887276.1269827,5,3200000000.0
1762887276.1269827,6,3200000000.0
1762887276.1269827,7,3200000000.0
1762887276.1269827,8,3200000000.0
1762887276.1269827,9,3200000000.0
1762887276.1269827,0,3200000000.0
1762887276.1269827,1,3200000000.0
1762887276.1269827,2,3200000000.0
1762887276.1269827,3,3200000000.0
1762887276.1269827,4,3200000000.0
1762887276.1269827,5,3200000000.0
1762887276.1269827,6,3200000000.0
1762887276.1269827,7,3200000000.0
1762887276.1269827,8,3200000000.0
1762887276.1269827,9,3200000000.0
1762887276.1269827,0,3200000000.0
1762887276.1269827,1,3200000000.0
1762887276.1269827,2,3200000000.0
1762887276.1269827,3,3200000000.0
1762887276.1269827,4,3200000000.0
1762887276.1269827,5,3200000000.0
1762887276.1269827,6,3200000000.0
1762887276.1269827,7,3200000000.0
1762887276.1269827,8,3200000000.0
1762887276.1269827,9,3200000000.0
1762887276.1269827,0,3200000000.0
1762887276.1269827,1,3200000000.0
1762887276.1269827,2,3200000000.0
1762887276.1269827,3,3200000000.0
1762887276.1269827,4,3200000000.0
1762887276.1269827,5,3200000000.0
1762887276.1269827,6,3000000000.0
1762887276.1269827,7,3200000000.0
1762887276.1269827,8,3200000000.0
1762887276.1269827,9,3000000000.0
1762887276.1269827,0,3200000000.0
1762887276.1269827,1,3200000000.0
1762887276.1269827,2,3200000000.0
1762887276.1269827,3,3200000000.0
1762887276.1269827,4,3200000000.0
1762887276.1269827,5,3200000000.0
1762887277.126966,0,3200000000.0
1762887277.126966,1,3200000000.0
1762887277.126966,2,3200000000.0
1762887277.126966,3,3200000000.0
1762887277.126966,4,3200000000.0
1762887277.126966,5,3200000000.0
1762887277.126966,6,3200000000.0
1762887277.126966,7,3200000000.0
1762887277.126966,8,3200000000.0
1762887277.126966,9,3200000000.0
1762887277.126966,0,3200000000.0
1762887277.126966,1,3200000000.0
1762887277.126966,2,3200000000.0
1762887277.126966,3,3200000000.0
1762887277.126966,4,3200000000.0
1762887277.126966,5,3200000000.0
1762887277.126966,6,3200000000.0
1762887277.126966,7,3200000000.0
1762887277.126966,8,3200000000.0
1762887277.126966,9,3200000000.0
1762887277.126966,0,3200000000.0
1762887277.126966,1,3200000000.0
1762887277.126966,2,3200000000.0
1762887277.126966,3,3200000000.0
1762887277.126966,4,3200000000.0
1762887277.126966,5,3200000000.0
1762887277.126966,6,3200000000.0
1762887277.126966,7,3200000000.0
1762887277.126966,8,3200000000.0
1762887277.126966,9,3200000000.0
1762887277.126966,0,3200000000.0
1762887277.126966,1,3200000000.0
1762887277.126966,2,3200000000.0
1762887277.126966,3,3200000000.0
1762887277.126966,4,3200000000.0
1762887277.126966,5,3200000000.0
1762887277.126966,6,3200000000.0
1762887277.126966,7,3200000000.0
1762887277.126966,8,3200000000.0
1762887277.126966,9,3200000000.0
1762887277.126966,0,3200000000.0
1762887277.126966,1,3200000000.0
1762887277.126966,2,3200000000.0
1762887277.126966,3,3200000000.0
1762887277.126966,4,3200000000.0
1762887277.126966,5,3200000000.0
1762887277.126966,6,3200000000.0
1762887277.126966,7,3200000000.0
1762887277.126966,8,3200000000.0
1762887277.126966,9,3200000000.0
1762887277.126966,0,3200000000.0
1762887277.126966,1,3200000000.0
1762887277.126966,2,3200000000.0
1762887277.126966,3,3200000000.0
1762887277.126966,4,3200000000.0
1762887277.126966,5,3200000000.0
1762887277.126966,6,3200000000.0
1762887277.126966,7,3200000000.0
1762887277.126966,8,3200000000.0
1762887277.126966,9,3200000000.0
1762887277.126966,0,3200000000.0
1762887277.126966,1,3200000000.0
1762887277.126966,2,3200000000.0
1762887277.126966,3,3200000000.0
1762887277.126966,4,3200000000.0
1762887277.126966,5,3200000000.0
1762887277.126966,6,3200000000.0
1762887277.126966,7,3200000000.0
1762887277.126966,8,3200000000.0
1762887277.126966,9,3200000000.0
1762887277.126966,0,3200000000.0
1762887277.126966,1,3200000000.0
1762887277.126966,2,3200000000.0
1762887277.126966,3,3200000000.0
1762887277.126966,4,3200000000.0
1762887277.126966,5,3200000000.0
1762887277.126966,6,3200000000.0
1762887277.126966,7,3200000000.0
1762887277.126966,8,3200000000.0
1762887277.126966,9,3200000000.0
1762887277.126966,0,3200000000.0
1762887277.126966,1,3200000000.0
1762887277.126966,2,3200000000.0
1762887277.126966,3,3200000000.0
1762887277.126966,4,3200000000.0
1762887277.126966,5,3200000000.0
1762887277.126966,6,3200000000.0
1762887277.126966,7,3200000000.0
1762887277.126966,8,3200000000.0
1762887277.126966,9,3200000000.0
1762887277.126966,0,3200000000.0
1762887277.126966,1,3200000000.0
1762887277.126966,2,3200000000.0
1762887277.126966,3,3200000000.0
1762887277.126966,4,3200000000.0
1762887277.126966,5,3200000000.0
1762887278.126982,0,3200000000.0
1762887278.126982,1,3200000000.0
1762887278.126982,2,3200000000.0
1762887278.126982,3,3200000000.0
1762887278.126982,4,3200000000.0
1762887278.126982,5,3200000000.0
1762887278.126982,6,3200000000.0
1762887278.126982,7,3200000000.0
1762887278.126982,8,3200000000.0
1762887278.126982,9,3200000000.0
1762887278.126982,0,3200000000.0
1762887278.126982,1,3200000000.0
1762887278.126982,2,3200000000.0
1762887278.126982,3,3200000000.0
1762887278.126982,4,3200000000.0
1762887278.126982,5,3200000000.0
1762887278.126982,6,3200000000.0
1762887278.126982,7,3200000000.0
1762887278.126982,8,3200000000.0
1762887278.126982,9,3200000000.0
1762887278.126982,0,3200000000.0
1762887278.126982,1,3200000000.0
1762887278.126982,2,3200000000.0
1762887278.126982,3,3200000000.0
1762887278.126982,4,3200000000.0
1762887278.126982,5,3200000000.0
1762887278.126982,6,3200000000.0
1762887278.126982,7,3200000000.0
1762887278.126982,8,3200000000.0
1762887278.126982,9,3200000000.0
1762887278.126982,0,3200000000.0
1762887278.126982,1,3200000000.0
1762887278.126982,2,3200000000.0
1762887278.126982,3,3200000000.0
1762887278.126982,4,3200000000.0
1762887278.126982,5,3200000000.0
1762887278.126982,6,3200000000.0
1762887278.126982,7,3200000000.0
1762887278.126982,8,3200000000.0
1762887278.126982,9,3200000000.0
1762887278.126982,0,3200000000.0
1762887278.126982,1,3000000000.0
1762887278.126982,2,3200000000.0
1762887278.126982,3,3200000000.0
1762887278.126982,4,3200000000.0
1762887278.126982,5,3200000000.0
1762887278.126982,6,3200000000.0
1762887278.126982,7,3200000000.0
1762887278.126982,8,3200000000.0
1762887278.126982,9,3200000000.0
1762887278.126982,0,3200000000.0
1762887278.126982,1,3200000000.0
1762887278.126982,2,3200000000.0
1762887278.126982,3,3200000000.0
1762887278.126982,4,3200000000.0
1762887278.126982,5,3200000000.0
1762887278.126982,6,3200000000.0
1762887278.126982,7,3200000000.0
1762887278.126982,8,3200000000.0
1762887278.126982,9,3200000000.0
1762887278.126982,0,3200000000.0
1762887278.126982,1,3200000000.0
1762887278.126982,2,3200000000.0
1762887278.126982,3,3200000000.0
1762887278.126982,4,3200000000.0
1762887278.126982,5,3200000000.0
1762887278.126982,6,3200000000.0
1762887278.126982,7,3200000000.0
1762887278.126982,8,3200000000.0
1762887278.126982,9,3200000000.0
1762887278.126982,0,3200000000.0
1762887278.126982,1,3200000000.0
1762887278.126982,2,3200000000.0
1762887278.126982,3,3200000000.0
1762887278.126982,4,3200000000.0
1762887278.126982,5,3200000000.0
1762887278.126982,6,3200000000.0
1762887278.126982,7,3200000000.0
1762887278.126982,8,3200000000.0
1762887278.126982,9,3200000000.0
1762887278.126982,0,3200000000.0
1762887278.126982,1,3200000000.0
1762887278.126982,2,3200000000.0
1762887278.126982,3,3200000000.0
1762887278.126982,4,3200000000.0
1762887278.126982,5,3200000000.0
1762887278.126982,6,3200000000.0
1762887278.126982,7,3200000000.0
1762887278.126982,8,3200000000.0
1762887278.126982,9,3200000000.0
1762887278.126982,0,3200000000.0
1762887278.126982,1,3200000000.0
1762887278.126982,2,3200000000.0
1762887278.126982,3,3200000000.0
1762887278.126982,4,3200000000.0
1762887278.126982,5,3200000000.0
1762887279.126994,0,3200000000.0
1762887279.126994,1,3200000000.0
1762887279.126994,2,3200000000.0
1762887279.126994,3,3200000000.0
1762887279.126994,4,3200000000.0
1762887279.126994,5,3200000000.0
1762887279.126994,6,3200000000.0
1762887279.126994,7,3200000000.0
1762887279.126994,8,3200000000.0
1762887279.126994,9,3200000000.0
1762887279.126994,0,3200000000.0
1762887279.126994,1,3200000000.0
1762887279.126994,2,3200000000.0
1762887279.126994,3,3200000000.0
1762887279.126994,4,3200000000.0
1762887279.126994,5,3200000000.0
1762887279.126994,6,3200000000.0
1762887279.126994,7,3200000000.0
1762887279.126994,8,3200000000.0
1762887279.126994,9,3200000000.0
1762887279.126994,0,3200000000.0
1762887279.126994,1,3200000000.0
1762887279.126994,2,3200000000.0
1762887279.126994,3,3200000000.0
1762887279.126994,4,3200000000.0
1762887279.126994,5,3200000000.0
1762887279.126994,6,3200000000.0
1762887279.126994,7,3200000000.0
1762887279.126994,8,3200000000.0
1762887279.126994,9,3200000000.0
1762887279.126994,0,3200000000.0
1762887279.126994,1,3200000000.0
1762887279.126994,2,3200000000.0
1762887279.126994,3,3200000000.0
1762887279.126994,4,3200000000.0
1762887279.126994,5,3200000000.0
1762887279.126994,6,3200000000.0
1762887279.126994,7,3200000000.0
1762887279.126994,8,3200000000.0
1762887279.126994,9,3200000000.0
1762887279.126994,0,3200000000.0
1762887279.126994,1,3200000000.0
1762887279.126994,2,3200000000.0
1762887279.126994,3,3000000000.0
1762887279.126994,4,3200000000.0
1762887279.126994,5,3200000000.0
1762887279.126994,6,3200000000.0
1762887279.126994,7,3200000000.0
1762887279.126994,8,3200000000.0
1762887279.126994,9,3200000000.0
1762887279.126994,0,3200000000.0
1762887279.126994,1,3200000000.0
1762887279.126994,2,3200000000.0
1762887279.126994,3,3200000000.0
1762887279.126994,4,3200000000.0
1762887279.126994,5,3200000000.0
1762887279.126994,6,3200000000.0
1762887279.126994,7,3200000000.0
1762887279.126994,8,3200000000.0
1762887279.126994,9,3200000000.0
1762887279.126994,0,3200000000.0
1762887279.126994,1,3200000000.0
1762887279.126994,2,3200000000.0
1762887279.126994,3,3200000000.0
1762887279.126994,4,3200000000.0
1762887279.126994,5,3200000000.0
1762887279.126994,6,3200000000.0
1762887279.126994,7,3200000000.0
1762887279.126994,8,3200000000.0
1762887279.126994,9,3200000000.0
1762887279.126994,0,3200000000.0
1762887279.126994,1,3200000000.0
1762887279.126994,2,3200000000.0
1762887279.126994,3,3200000000.0
1762887279.126994,4,3200000000.0
1762887279.126994,5,3200000000.0
1762887279.126994,6,3200000000.0
1762887279.126994,7,3200000000.0
1762887279.126994,8,3200000000.0
1762887279.126994,9,3200000000.0
1762887279.126994,0,3200000000.0
1762887279.126994,1,3200000000.0
1762887279.126994,2,3200000000.0
1762887279.126994,3,3200000000.0
1762887279.126994,4,3200000000.0
1762887279.126994,5,3200000000.0
1762887279.126994,6,3200000000.0
1762887279.126994,7,3200000000.0
1762887279.126994,8,3200000000.0
1762887279.126994,9,3000000000.0
1762887279.126994,0,3200000000.0
1762887279.126994,1,3200000000.0
1762887279.126994,2,3200000000.0
1762887279.126994,3,3200000000.0
1762887279.126994,4,3200000000.0
1762887279.126994,5,3200000000.0
1762887280.1269717,0,3200000000.0
1762887280.1269717,1,3200000000.0
1762887280.1269717,2,3200000000.0
1762887280.1269717,3,3200000000.0
1762887280.1269717,4,3200000000.0
1762887280.1269717,5,3200000000.0
1762887280.1269717,6,3200000000.0
1762887280.1269717,7,3200000000.0
1762887280.1269717,8,3200000000.0
1762887280.1269717,9,3200000000.0
1762887280.1269717,0,3200000000.0
1762887280.1269717,1,3200000000.0
1762887280.1269717,2,3200000000.0
1762887280.1269717,3,3200000000.0
1762887280.1269717,4,3200000000.0
1762887280.1269717,5,3200000000.0
1762887280.1269717,6,3200000000.0
1762887280.1269717,7,3200000000.0
1762887280.1269717,8,3200000000.0
1762887280.1269717,9,3200000000.0
1762887280.1269717,0,3200000000.0
1762887280.1269717,1,3200000000.0
1762887280.1269717,2,3200000000.0
1762887280.1269717,3,3200000000.0
1762887280.1269717,4,3200000000.0
1762887280.1269717,5,3200000000.0
1762887280.1269717,6,3200000000.0
1762887280.1269717,7,3200000000.0
1762887280.1269717,8,3200000000.0
1762887280.1269717,9,3200000000.0
1762887280.1269717,0,3200000000.0
1762887280.1269717,1,3200000000.0
1762887280.1269717,2,3200000000.0
1762887280.1269717,3,3200000000.0
1762887280.1269717,4,3200000000.0
1762887280.1269717,5,3200000000.0
1762887280.1269717,6,3200000000.0
1762887280.1269717,7,3200000000.0
1762887280.1269717,8,3200000000.0
1762887280.1269717,9,3200000000.0
1762887280.1269717,0,3200000000.0
1762887280.1269717,1,3200000000.0
1762887280.1269717,2,3200000000.0
1762887280.1269717,3,3200000000.0
1762887280.1269717,4,3000000000.0
1762887280.1269717,5,3200000000.0
1762887280.1269717,6,3200000000.0
1762887280.1269717,7,3200000000.0
1762887280.1269717,8,3200000000.0
1762887280.1269717,9,3200000000.0
1762887280.1269717,0,3200000000.0
1762887280.1269717,1,3200000000.0
1762887280.1269717,2,3200000000.0
1762887280.1269717,3,3200000000.0
1762887280.1269717,4,3200000000.0
1762887280.1269717,5,3200000000.0
1762887280.1269717,6,3200000000.0
1762887280.1269717,7,3200000000.0
1762887280.1269717,8,3200000000.0
1762887280.1269717,9,3200000000.0
1762887280.1269717,0,3200000000.0
1762887280.1269717,1,3200000000.0
1762887280.1269717,2,3000000000.0
1762887280.1269717,3,3200000000.0
1762887280.1269717,4,3200000000.0
1762887280.1269717,5,3200000000.0
1762887280.1269717,6,3200000000.0
1762887280.1269717,7,3200000000.0
1762887280.1269717,8,3200000000.0
1762887280.1269717,9,3200000000.0
1762887280.1269717,0,3200000000.0
1762887280.1269717,1,3200000000.0
1762887280.1269717,2,3200000000.0
1762887280.1269717,3,3200000000.0
1762887280.1269717,4,3200000000.0
1762887280.1269717,5,3200000000.0
1762887280.1269717,6,3200000000.0
1762887280.1269717,7,3200000000.0
1762887280.1269717,8,3200000000.0
1762887280.1269717,9,3200000000.0
1762887280.1269717,0,3200000000.0
1762887280.1269717,1,3200000000.0
1762887280.1269717,2,3200000000.0
1762887280.1269717,3,3200000000.0
1762887280.1269717,4,3200000000.0
1762887280.1269717,5,3200000000.0
1762887280.1269717,6,3200000000.0
1762887280.1269717,7,3200000000.0
1762887280.1269717,8,3200000000.0
1762887280.1269717,9,3200000000.0
1762887280.1269717,0,3200000000.0
1762887280.1269717,1,3200000000.0
1762887280.1269717,2,3200000000.0
1762887280.1269717,3,3200000000.0
1762887280.1269717,4,3200000000.0
1762887280.1269717,5,3200000000.0
1762887281.1269972,0,3200000000.0
1762887281.1269972,1,3200000000.0
1762887281.1269972,2,3200000000.0
1762887281.1269972,3,3200000000.0
1762887281.1269972,4,3200000000.0
1762887281.1269972,5,3200000000.0
1762887281.1269972,6,3200000000.0
1762887281.1269972,7,3200000000.0
1762887281.1269972,8,3200000000.0
1762887281.1269972,9,3200000000.0
1762887281.1269972,0,3200000000.0
1762887281.1269972,1,3200000000.0
1762887281.1269972,2,3200000000.0
1762887281.1269972,3,3200000000.0
1762887281.1269972,4,3200000000.0
1762887281.1269972,5,3200000000.0
1762887281.1269972,6,3200000000.0
1762887281.1269972,7,3200000000.0
1762887281.1269972,8,3200000000.0
1762887281.1269972,9,3200000000.0
1762887281.1269972,0,3200000000.0
1762887281.1269972,1,3200000000.0
1762887281.1269972,2,3200000000.0
1762887281.1269972,3,3200000000.0
1762887281.1269972,4,3200000000.0
1762887281.1269972,5,3200000000.0
1762887281.1269972,6,3200000000.0
1762887281.1269972,7,3200000000.0
1762887281.1269972,8,3200000000.0
1762887281.1269972,9,3200000000.0
1762887281.1269972,0,3200000000.0
1762887281.1269972,1,3200000000.0
1762887281.1269972,2,3200000000.0
1762887281.1269972,3,3200000000.0
1762887281.1269972,4,3200000000.0
1762887281.1269972,5,3200000000.0
1762887281.1269972,6,3200000000.0
1762887281.1269972,7,3200000000.0
1762887281.1269972,8,3200000000.0
1762887281.1269972,9,3200000000.0
1762887281.1269972,0,3200000000.0
1762887281.1269972,1,3200000000.0
1762887281.1269972,2,3200000000.0
1762887281.1269972,3,3200000000.0
1762887281.1269972,4,3200000000.0
1762887281.1269972,5,3200000000.0
1762887281.1269972,6,3200000000.0
1762887281.1269972,7,3200000000.0
1762887281.1269972,8,3200000000.0
1762887281.1269972,9,3200000000.0
1762887281.1269972,0,3200000000.0
1762887281.1269972,1,3200000000.0
1762887281.1269972,2,3200000000.0
1762887281.1269972,3,3200000000.0
1762887281.1269972,4,3200000000.0
1762887281.1269972,5,3200000000.0
1762887281.1269972,6,3200000000.0
1762887281.1269972,7,3200000000.0
1762887281.1269972,8,3200000000.0
1762887281.1269972,9,3200000000.0
1762887281.1269972,0,3200000000.0
1762887281.1269972,1,3200000000.0
1762887281.1269972,2,3200000000.0
1762887281.1269972,3,3200000000.0
1762887281.1269972,4,3200000000.0
1762887281.1269972,5,3200000000.0
1762887281.1269972,6,3200000000.0
1762887281.1269972,7,3200000000.0
1762887281.1269972,8,3200000000.0
1762887281.1269972,9,3200000000.0
1762887281.1269972,0,3200000000.0
1762887281.1269972,1,3200000000.0
1762887281.1269972,2,3200000000.0
1762887281.1269972,3,3200000000.0
1762887281.1269972,4,3200000000.0
1762887281.1269972,5,3200000000.0
1762887281.1269972,6,3200000000.0
1762887281.1269972,7,3200000000.0
1762887281.1269972,8,3200000000.0
1762887281.1269972,9,3200000000.0
1762887281.1269972,0,3200000000.0
1762887281.1269972,1,3200000000.0
1762887281.1269972,2,3200000000.0
1762887281.1269972,3,3200000000.0
1762887281.1269972,4,3200000000.0
1762887281.1269972,5,3200000000.0
1762887281.1269972,6,3200000000.0
1762887281.1269972,7,3200000000.0
1762887281.1269972,8,3200000000.0
1762887281.1269972,9,3200000000.0
1762887281.1269972,0,3200000000.0
1762887281.1269972,1,3200000000.0
1762887281.1269972,2,3200000000.0
1762887281.1269972,3,3200000000.0
1762887281.1269972,4,3200000000.0
1762887281.1269972,5,3200000000.0
1762887282.127006,0,3200000000.0
1762887282.127006,1,3200000000.0
1762887282.127006,2,3200000000.0
1762887282.127006,3,3200000000.0
1762887282.127006,4,3200000000.0
1762887282.127006,5,3200000000.0
1762887282.127006,6,3200000000.0
1762887282.127006,7,3200000000.0
1762887282.127006,8,3200000000.0
1762887282.127006,9,3200000000.0
1762887282.127006,0,3200000000.0
1762887282.127006,1,3200000000.0
1762887282.127006,2,3200000000.0
1762887282.127006,3,3200000000.0
1762887282.127006,4,3200000000.0
1762887282.127006,5,3200000000.0
1762887282.127006,6,3200000000.0
1762887282.127006,7,3200000000.0
1762887282.127006,8,3200000000.0
1762887282.127006,9,3200000000.0
1762887282.127006,0,3200000000.0
1762887282.127006,1,3200000000.0
1762887282.127006,2,3200000000.0
1762887282.127006,3,3200000000.0
1762887282.127006,4,3200000000.0
1762887282.127006,5,3200000000.0
1762887282.127006,6,3200000000.0
1762887282.127006,7,3200000000.0
1762887282.127006,8,3200000000.0
1762887282.127006,9,3200000000.0
1762887282.127006,0,3200000000.0
1762887282.127006,1,3200000000.0
1762887282.127006,2,3200000000.0
1762887282.127006,3,3200000000.0
1762887282.127006,4,3200000000.0
1762887282.127006,5,3200000000.0
1762887282.127006,6,3200000000.0
1762887282.127006,7,3200000000.0
1762887282.127006,8,3200000000.0
1762887282.127006,9,3200000000.0
1762887282.127006,0,3200000000.0
1762887282.127006,1,3200000000.0
1762887282.127006,2,3200000000.0
1762887282.127006,3,3200000000.0
1762887282.127006,4,3200000000.0
1762887282.127006,5,3200000000.0
1762887282.127006,6,3200000000.0
1762887282.127006,7,3200000000.0
1762887282.127006,8,3200000000.0
1762887282.127006,9,3200000000.0
1762887282.127006,0,3200000000.0
1762887282.127006,1,3200000000.0
1762887282.127006,2,3200000000.0
1762887282.127006,3,3200000000.0
1762887282.127006,4,3200000000.0
1762887282.127006,5,3200000000.0
1762887282.127006,6,3200000000.0
1762887282.127006,7,3200000000.0
1762887282.127006,8,3200000000.0
1762887282.127006,9,3200000000.0
1762887282.127006,0,3200000000.0
1762887282.127006,1,3200000000.0
1762887282.127006,2,3200000000.0
1762887282.127006,3,3200000000.0
1762887282.127006,4,3200000000.0
1762887282.127006,5,3200000000.0
1762887282.127006,6,3200000000.0
1762887282.127006,7,3200000000.0
1762887282.127006,8,3200000000.0
1762887282.127006,9,3200000000.0
1762887282.127006,0,3200000000.0
1762887282.127006,1,3200000000.0
1762887282.127006,2,3200000000.0
1762887282.127006,3,3200000000.0
1762887282.127006,4,3200000000.0
1762887282.127006,5,3200000000.0
1762887282.127006,6,3200000000.0
1762887282.127006,7,3200000000.0
1762887282.127006,8,3200000000.0
1762887282.127006,9,3200000000.0
1762887282.127006,0,3200000000.0
1762887282.127006,1,3200000000.0
1762887282.127006,2,3200000000.0
1762887282.127006,3,3200000000.0
1762887282.127006,4,3200000000.0
1762887282.127006,5,3200000000.0
1762887282.127006,6,3200000000.0
1762887282.127006,7,3200000000.0
1762887282.127006,8,3200000000.0
1762887282.127006,9,3200000000.0
1762887282.127006,0,3200000000.0
1762887282.127006,1,3200000000.0
1762887282.127006,2,3200000000.0
1762887282.127006,3,3200000000.0
1762887282.127006,4,3200000000.0
1762887282.127006,5,3200000000.0
1762887283.1270232,0,3200000000.0
1762887283.1270232,1,3200000000.0
1762887283.1270232,2,3200000000.0
1762887283.1270232,3,3200000000.0
1762887283.1270232,4,3200000000.0
1762887283.1270232,5,3200000000.0
1762887283.1270232,6,3200000000.0
1762887283.1270232,7,3200000000.0
1762887283.1270232,8,3200000000.0
1762887283.1270232,9,3200000000.0
1762887283.1270232,0,3200000000.0
1762887283.1270232,1,3200000000.0
1762887283.1270232,2,3200000000.0
1762887283.1270232,3,3200000000.0
1762887283.1270232,4,3200000000.0
1762887283.1270232,5,3200000000.0
1762887283.1270232,6,3200000000.0
1762887283.1270232,7,3200000000.0
1762887283.1270232,8,3200000000.0
1762887283.1270232,9,3200000000.0
1762887283.1270232,0,3200000000.0
1762887283.1270232,1,3200000000.0
1762887283.1270232,2,3200000000.0
1762887283.1270232,3,3200000000.0
1762887283.1270232,4,3200000000.0
1762887283.1270232,5,3200000000.0
1762887283.1270232,6,3200000000.0
1762887283.1270232,7,3200000000.0
1762887283.1270232,8,3200000000.0
1762887283.1270232,9,3200000000.0
1762887283.1270232,0,3200000000.0
1762887283.1270232,1,3200000000.0
1762887283.1270232,2,3200000000.0
1762887283.1270232,3,3200000000.0
1762887283.1270232,4,3200000000.0
1762887283.1270232,5,3200000000.0
1762887283.1270232,6,3200000000.0
1762887283.1270232,7,3200000000.0
1762887283.1270232,8,3200000000.0
1762887283.1270232,9,3200000000.0
1762887283.1270232,0,3200000000.0
1762887283.1270232,1,3200000000.0
1762887283.1270232,2,3200000000.0
1762887283.1270232,3,3200000000.0
1762887283.1270232,4,3200000000.0
1762887283.1270232,5,3200000000.0
1762887283.1270232,6,3200000000.0
1762887283.1270232,7,3200000000.0
1762887283.1270232,8,3200000000.0
1762887283.1270232,9,3200000000.0
1762887283.1270232,0,3200000000.0
1762887283.1270232,1,3200000000.0
1762887283.1270232,2,3200000000.0
1762887283.1270232,3,3200000000.0
1762887283.1270232,4,3200000000.0
1762887283.1270232,5,3200000000.0
1762887283.1270232,6,3200000000.0
1762887283.1270232,7,3200000000.0
1762887283.1270232,8,3200000000.0
1762887283.1270232,9,3200000000.0
1762887283.1270232,0,3200000000.0
1762887283.1270232,1,3200000000.0
1762887283.1270232,2,3200000000.0
1762887283.1270232,3,3200000000.0
1762887283.1270232,4,3200000000.0
1762887283.1270232,5,3200000000.0
1762887283.1270232,6,3200000000.0
1762887283.1270232,7,3200000000.0
1762887283.1270232,8,3200000000.0
1762887283.1270232,9,3200000000.0
1762887283.1270232,0,3200000000.0
1762887283.1270232,1,3200000000.0
1762887283.1270232,2,3200000000.0
1762887283.1270232,3,3200000000.0
1762887283.1270232,4,3200000000.0
1762887283.1270232,5,3200000000.0
1762887283.1270232,6,3200000000.0
1762887283.1270232,7,3200000000.0
1762887283.1270232,8,3200000000.0
1762887283.1270232,9,3200000000.0
1762887283.1270232,0,3200000000.0
1762887283.1270232,1,3200000000.0
1762887283.1270232,2,3200000000.0
1762887283.1270232,3,3200000000.0
1762887283.1270232,4,3200000000.0
1762887283.1270232,5,3200000000.0
1762887283.1270232,6,3200000000.0
1762887283.1270232,7,3200000000.0
1762887283.1270232,8,3200000000.0
1762887283.1270232,9,3200000000.0
1762887283.1270232,0,3200000000.0
1762887283.1270232,1,3200000000.0
1762887283.1270232,2,3200000000.0
1762887283.1270232,3,3200000000.0
1762887283.1270232,4,3200000000.0
1762887283.1270232,5,3200000000.0
1762887284.1269653,0,3200000000.0
1762887284.1269653,1,3200000000.0
1762887284.1269653,2,3200000000.0
1762887284.1269653,3,3200000000.0
1762887284.1269653,4,3200000000.0
1762887284.1269653,5,3200000000.0
1762887284.1269653,6,3200000000.0
1762887284.1269653,7,3200000000.0
1762887284.1269653,8,3200000000.0
1762887284.1269653,9,3200000000.0
1762887284.1269653,0,3200000000.0
1762887284.1269653,1,3200000000.0
1762887284.1269653,2,3200000000.0
1762887284.1269653,3,3200000000.0
1762887284.1269653,4,3200000000.0
1762887284.1269653,5,3200000000.0
1762887284.1269653,6,3200000000.0
1762887284.1269653,7,3200000000.0
1762887284.1269653,8,3200000000.0
1762887284.1269653,9,3200000000.0
1762887284.1269653,0,3200000000.0
1762887284.1269653,1,3200000000.0
1762887284.1269653,2,3200000000.0
1762887284.1269653,3,3200000000.0
1762887284.1269653,4,3200000000.0
1762887284.1269653,5,3200000000.0
1762887284.1269653,6,3200000000.0
1762887284.1269653,7,3200000000.0
1762887284.1269653,8,3200000000.0
1762887284.1269653,9,3200000000.0
1762887284.1269653,0,3200000000.0
1762887284.1269653,1,3200000000.0
1762887284.1269653,2,3200000000.0
1762887284.1269653,3,3200000000.0
1762887284.1269653,4,3200000000.0
1762887284.1269653,5,3200000000.0
1762887284.1269653,6,3200000000.0
1762887284.1269653,7,3200000000.0
1762887284.1269653,8,3200000000.0
1762887284.1269653,9,3200000000.0
1762887284.1269653,0,3200000000.0
1762887284.1269653,1,3200000000.0
1762887284.1269653,2,3200000000.0
1762887284.1269653,3,3200000000.0
1762887284.1269653,4,3200000000.0
1762887284.1269653,5,3200000000.0
1762887284.1269653,6,3200000000.0
1762887284.1269653,7,3200000000.0
1762887284.1269653,8,3200000000.0
1762887284.1269653,9,3200000000.0
1762887284.1269653,0,3200000000.0
1762887284.1269653,1,3200000000.0
1762887284.1269653,2,3200000000.0
1762887284.1269653,3,3200000000.0
1762887284.1269653,4,3200000000.0
1762887284.1269653,5,3200000000.0
1762887284.1269653,6,3200000000.0
1762887284.1269653,7,3200000000.0
1762887284.1269653,8,3200000000.0
1762887284.1269653,9,3200000000.0
1762887284.1269653,0,3200000000.0
1762887284.1269653,1,3200000000.0
1762887284.1269653,2,3200000000.0
1762887284.1269653,3,3200000000.0
1762887284.1269653,4,3200000000.0
1762887284.1269653,5,3200000000.0
1762887284.1269653,6,3200000000.0
1762887284.1269653,7,3200000000.0
1762887284.1269653,8,3200000000.0
1762887284.1269653,9,3200000000.0
1762887284.1269653,0,3200000000.0
1762887284.1269653,1,3200000000.0
1762887284.1269653,2,3200000000.0
1762887284.1269653,3,3200000000.0
1762887284.1269653,4,3200000000.0
1762887284.1269653,5,3200000000.0
1762887284.1269653,6,3200000000.0
1762887284.1269653,7,3200000000.0
1762887284.1269653,8,3200000000.0
1762887284.1269653,9,3200000000.0
1762887284.1269653,0,3200000000.0
1762887284.1269653,1,3200000000.0
1762887284.1269653,2,3200000000.0
1762887284.1269653,3,3200000000.0
1762887284.1269653,4,3200000000.0
1762887284.1269653,5,3200000000.0
1762887284.1269653,6,3200000000.0
1762887284.1269653,7,3200000000.0
1762887284.1269653,8,3200000000.0
1762887284.1269653,9,3200000000.0
1762887284.1269653,0,3200000000.0
1762887284.1269653,1,3200000000.0
1762887284.1269653,2,3200000000.0
1762887284.1269653,3,3200000000.0
1762887284.1269653,4,3200000000.0
1762887284.1269653,5,3200000000.0
1762887285.1269705,0,3200000000.0
1762887285.1269705,1,3200000000.0
1762887285.1269705,2,3200000000.0
1762887285.1269705,3,3200000000.0
1762887285.1269705,4,3200000000.0
1762887285.1269705,5,3200000000.0
1762887285.1269705,6,3200000000.0
1762887285.1269705,7,3200000000.0
1762887285.1269705,8,3200000000.0
1762887285.1269705,9,3200000000.0
1762887285.1269705,0,3200000000.0
1762887285.1269705,1,3200000000.0
1762887285.1269705,2,3200000000.0
1762887285.1269705,3,3200000000.0
1762887285.1269705,4,3200000000.0
1762887285.1269705,5,3200000000.0
1762887285.1269705,6,3200000000.0
1762887285.1269705,7,3200000000.0
1762887285.1269705,8,3200000000.0
1762887285.1269705,9,3200000000.0
1762887285.1269705,0,3200000000.0
1762887285.1269705,1,3200000000.0
1762887285.1269705,2,3200000000.0
1762887285.1269705,3,3200000000.0
1762887285.1269705,4,3200000000.0
1762887285.1269705,5,3200000000.0
1762887285.1269705,6,3200000000.0
1762887285.1269705,7,3200000000.0
1762887285.1269705,8,3200000000.0
1762887285.1269705,9,3200000000.0
1762887285.1269705,0,3200000000.0
1762887285.1269705,1,3200000000.0
1762887285.1269705,2,3200000000.0
1762887285.1269705,3,3200000000.0
1762887285.1269705,4,3200000000.0
1762887285.1269705,5,3200000000.0
1762887285.1269705,6,3200000000.0
1762887285.1269705,7,3200000000.0
1762887285.1269705,8,3200000000.0
1762887285.1269705,9,3200000000.0
1762887285.1269705,0,3200000000.0
1762887285.1269705,1,3200000000.0
1762887285.1269705,2,3200000000.0
1762887285.1269705,3,3200000000.0
1762887285.1269705,4,3200000000.0
1762887285.1269705,5,3200000000.0
1762887285.1269705,6,3200000000.0
1762887285.1269705,7,3200000000.0
1762887285.1269705,8,3200000000.0
1762887285.1269705,9,3200000000.0
1762887285.1269705,0,3200000000.0
1762887285.1269705,1,3200000000.0
1762887285.1269705,2,3200000000.0
1762887285.1269705,3,3200000000.0
1762887285.1269705,4,3200000000.0
1762887285.1269705,5,3200000000.0
1762887285.1269705,6,3200000000.0
1762887285.1269705,7,3200000000.0
1762887285.1269705,8,3200000000.0
1762887285.1269705,9,3200000000.0
1762887285.1269705,0,3200000000.0
1762887285.1269705,1,3200000000.0
1762887285.1269705,2,3200000000.0
1762887285.1269705,3,3200000000.0
1762887285.1269705,4,3200000000.0
1762887285.1269705,5,3200000000.0
1762887285.1269705,6,3200000000.0
1762887285.1269705,7,3200000000.0
1762887285.1269705,8,3200000000.0
1762887285.1269705,9,3200000000.0
1762887285.1269705,0,3000000000.0
1762887285.1269705,1,3200000000.0
1762887285.1269705,2,3200000000.0
1762887285.1269705,3,3200000000.0
1762887285.1269705,4,3200000000.0
1762887285.1269705,5,3200000000.0
1762887285.1269705,6,3200000000.0
1762887285.1269705,7,3000000000.0
1762887285.1269705,8,3200000000.0
1762887285.1269705,9,3200000000.0
1762887285.1269705,0,3200000000.0
1762887285.1269705,1,3200000000.0
1762887285.1269705,2,3200000000.0
1762887285.1269705,3,3000000000.0
1762887285.1269705,4,3200000000.0
1762887285.1269705,5,3200000000.0
1762887285.1269705,6,3000000000.0
1762887285.1269705,7,3200000000.0
1762887285.1269705,8,3200000000.0
1762887285.1269705,9,3000000000.0
1762887285.1269705,0,3200000000.0
1762887285.1269705,1,3200000000.0
1762887285.1269705,2,3200000000.0
1762887285.1269705,3,3200000000.0
1762887285.1269705,4,3200000000.0
1762887285.1269705,5,3200000000.0
1762887286.1269886,0,3200000000.0
1762887286.1269886,1,3200000000.0
1762887286.1269886,2,3200000000.0
1762887286.1269886,3,3200000000.0
1762887286.1269886,4,3200000000.0
1762887286.1269886,5,3200000000.0
1762887286.1269886,6,3200000000.0
1762887286.1269886,7,3200000000.0
1762887286.1269886,8,3200000000.0
1762887286.1269886,9,3200000000.0
1762887286.1269886,0,3200000000.0
1762887286.1269886,1,3200000000.0
1762887286.1269886,2,3200000000.0
1762887286.1269886,3,3200000000.0
1762887286.1269886,4,3200000000.0
1762887286.1269886,5,3200000000.0
1762887286.1269886,6,3200000000.0
1762887286.1269886,7,3200000000.0
1762887286.1269886,8,3200000000.0
1762887286.1269886,9,3200000000.0
1762887286.1269886,0,3200000000.0
1762887286.1269886,1,3200000000.0
1762887286.1269886,2,3200000000.0
1762887286.1269886,3,3200000000.0
1762887286.1269886,4,3200000000.0
1762887286.1269886,5,3200000000.0
1762887286.1269886,6,3200000000.0
1762887286.1269886,7,3200000000.0
1762887286.1269886,8,3200000000.0
1762887286.1269886,9,3200000000.0
1762887286.1269886,0,3200000000.0
1762887286.1269886,1,3200000000.0
1762887286.1269886,2,3200000000.0
1762887286.1269886,3,3200000000.0
1762887286.1269886,4,3200000000.0
1762887286.1269886,5,3200000000.0
1762887286.1269886,6,3200000000.0
1762887286.1269886,7,3200000000.0
1762887286.1269886,8,3200000000.0
1762887286.1269886,9,3200000000.0
1762887286.1269886,0,3200000000.0
1762887286.1269886,1,3000000000.0
1762887286.1269886,2,3200000000.0
1762887286.1269886,3,3200000000.0
1762887286.1269886,4,3200000000.0
1762887286.1269886,5,3200000000.0
1762887286.1269886,6,3200000000.0
1762887286.1269886,7,3200000000.0
1762887286.1269886,8,3200000000.0
1762887286.1269886,9,3000000000.0
1762887286.1269886,0,3200000000.0
1762887286.1269886,1,3200000000.0
1762887286.1269886,2,3200000000.0
1762887286.1269886,3,3200000000.0
1762887286.1269886,4,3000000000.0
1762887286.1269886,5,3200000000.0
1762887286.1269886,6,3200000000.0
1762887286.1269886,7,3200000000.0
1762887286.1269886,8,3200000000.0
1762887286.1269886,9,3200000000.0
1762887286.1269886,0,3200000000.0
1762887286.1269886,1,3200000000.0
1762887286.1269886,2,3200000000.0
1762887286.1269886,3,3200000000.0
1762887286.1269886,4,3200000000.0
1762887286.1269886,5,3200000000.0
1762887286.1269886,6,3200000000.0
1762887286.1269886,7,3200000000.0
1762887286.1269886,8,3200000000.0
1762887286.1269886,9,3200000000.0
1762887286.1269886,0,3200000000.0
1762887286.1269886,1,3200000000.0
1762887286.1269886,2,3200000000.0
1762887286.1269886,3,3200000000.0
1762887286.1269886,4,3200000000.0
1762887286.1269886,5,3200000000.0
1762887286.1269886,6,3200000000.0
1762887286.1269886,7,3200000000.0
1762887286.1269886,8,3200000000.0
1762887286.1269886,9,3200000000.0
1762887286.1269886,0,3200000000.0
1762887286.1269886,1,3200000000.0
1762887286.1269886,2,3200000000.0
1762887286.1269886,3,3200000000.0
1762887286.1269886,4,3200000000.0
1762887286.1269886,5,3200000000.0
1762887286.1269886,6,3200000000.0
1762887286.1269886,7,3200000000.0
1762887286.1269886,8,3200000000.0
1762887286.1269886,9,3200000000.0
1762887286.1269886,0,3200000000.0
1762887286.1269886,1,3200000000.0
1762887286.1269886,2,3200000000.0
1762887286.1269886,3,3200000000.0
1762887286.1269886,4,3200000000.0
1762887286.1269886,5,3200000000.0
1762887287.127001,0,3200000000.0
1762887287.127001,1,3200000000.0
1762887287.127001,2,3200000000.0
1762887287.127001,3,3200000000.0
1762887287.127001,4,3200000000.0
1762887287.127001,5,3200000000.0
1762887287.127001,6,3200000000.0
1762887287.127001,7,3200000000.0
1762887287.127001,8,3200000000.0
1762887287.127001,9,3200000000.0
1762887287.127001,0,3200000000.0
1762887287.127001,1,3200000000.0
1762887287.127001,2,3200000000.0
1762887287.127001,3,3200000000.0
1762887287.127001,4,3200000000.0
1762887287.127001,5,3200000000.0
1762887287.127001,6,3200000000.0
1762887287.127001,7,3200000000.0
1762887287.127001,8,3200000000.0
1762887287.127001,9,3200000000.0
1762887287.127001,0,3200000000.0
1762887287.127001,1,3200000000.0
1762887287.127001,2,3200000000.0
1762887287.127001,3,3200000000.0
1762887287.127001,4,3200000000.0
1762887287.127001,5,3200000000.0
1762887287.127001,6,3200000000.0
1762887287.127001,7,3200000000.0
1762887287.127001,8,3200000000.0
1762887287.127001,9,3200000000.0
1762887287.127001,0,3200000000.0
1762887287.127001,1,3200000000.0
1762887287.127001,2,3200000000.0
1762887287.127001,3,3200000000.0
1762887287.127001,4,3200000000.0
1762887287.127001,5,3200000000.0
1762887287.127001,6,3200000000.0
1762887287.127001,7,3200000000.0
1762887287.127001,8,3200000000.0
1762887287.127001,9,3200000000.0
1762887287.127001,0,3200000000.0
1762887287.127001,1,3200000000.0
1762887287.127001,2,3200000000.0
1762887287.127001,3,3200000000.0
1762887287.127001,4,3200000000.0
1762887287.127001,5,3200000000.0
1762887287.127001,6,3200000000.0
1762887287.127001,7,3200000000.0
1762887287.127001,8,3200000000.0
1762887287.127001,9,3200000000.0
1762887287.127001,0,3200000000.0
1762887287.127001,1,3200000000.0
1762887287.127001,2,3200000000.0
1762887287.127001,3,3200000000.0
1762887287.127001,4,3200000000.0
1762887287.127001,5,3200000000.0
1762887287.127001,6,3200000000.0
1762887287.127001,7,3200000000.0
1762887287.127001,8,3200000000.0
1762887287.127001,9,3200000000.0
1762887287.127001,0,3200000000.0
1762887287.127001,1,3200000000.0
1762887287.127001,2,3200000000.0
1762887287.127001,3,3200000000.0
1762887287.127001,4,3200000000.0
1762887287.127001,5,3200000000.0
1762887287.127001,6,3200000000.0
1762887287.127001,7,3200000000.0
1762887287.127001,8,3200000000.0
1762887287.127001,9,3200000000.0
1762887287.127001,0,3200000000.0
1762887287.127001,1,3200000000.0
1762887287.127001,2,3200000000.0
1762887287.127001,3,3200000000.0
1762887287.127001,4,3200000000.0
1762887287.127001,5,3200000000.0
1762887287.127001,6,3200000000.0
1762887287.127001,7,3200000000.0
1762887287.127001,8,3200000000.0
1762887287.127001,9,3200000000.0
1762887287.127001,0,3200000000.0
1762887287.127001,1,3200000000.0
1762887287.127001,2,3200000000.0
1762887287.127001,3,3200000000.0
1762887287.127001,4,3200000000.0
1762887287.127001,5,3200000000.0
1762887287.127001,6,3200000000.0
1762887287.127001,7,3200000000.0
1762887287.127001,8,3200000000.0
1762887287.127001,9,3200000000.0
1762887287.127001,0,3200000000.0
1762887287.127001,1,3200000000.0
1762887287.127001,2,3200000000.0
1762887287.127001,3,3200000000.0
1762887287.127001,4,3200000000.0
1762887287.127001,5,3200000000.0
1762887288.1269681,0,3200000000.0
1762887288.1269681,1,3200000000.0
1762887288.1269681,2,3200000000.0
1762887288.1269681,3,3200000000.0
1762887288.1269681,4,3200000000.0
1762887288.1269681,5,3200000000.0
1762887288.1269681,6,3200000000.0
1762887288.1269681,7,3200000000.0
1762887288.1269681,8,3200000000.0
1762887288.1269681,9,3200000000.0
1762887288.1269681,0,3200000000.0
1762887288.1269681,1,3200000000.0
1762887288.1269681,2,3200000000.0
1762887288.1269681,3,3200000000.0
1762887288.1269681,4,3200000000.0
1762887288.1269681,5,3200000000.0
1762887288.1269681,6,3200000000.0
1762887288.1269681,7,3200000000.0
1762887288.1269681,8,3200000000.0
1762887288.1269681,9,3200000000.0
1762887288.1269681,0,3200000000.0
1762887288.1269681,1,3200000000.0
1762887288.1269681,2,3200000000.0
1762887288.1269681,3,3200000000.0
1762887288.1269681,4,3200000000.0
1762887288.1269681,5,3200000000.0
1762887288.1269681,6,3200000000.0
1762887288.1269681,7,3200000000.0
1762887288.1269681,8,3200000000.0
1762887288.1269681,9,3200000000.0
1762887288.1269681,0,3200000000.0
1762887288.1269681,1,3200000000.0
1762887288.1269681,2,3200000000.0
1762887288.1269681,3,3200000000.0
1762887288.1269681,4,3200000000.0
1762887288.1269681,5,3200000000.0
1762887288.1269681,6,3200000000.0
1762887288.1269681,7,3200000000.0
1762887288.1269681,8,3200000000.0
1762887288.1269681,9,3200000000.0
1762887288.1269681,0,3200000000.0
1762887288.1269681,1,3200000000.0
1762887288.1269681,2,3200000000.0
1762887288.1269681,3,3200000000.0
1762887288.1269681,4,3200000000.0
1762887288.1269681,5,3200000000.0
1762887288.1269681,6,3200000000.0
1762887288.1269681,7,3200000000.0
1762887288.1269681,8,3200000000.0
1762887288.1269681,9,3200000000.0
1762887288.1269681,0,3200000000.0
1762887288.1269681,1,3200000000.0
1762887288.1269681,2,3200000000.0
1762887288.1269681,3,3200000000.0
1762887288.1269681,4,3200000000.0
1762887288.1269681,5,3200000000.0
1762887288.1269681,6,3200000000.0
1762887288.1269681,7,3200000000.0
1762887288.1269681,8,3200000000.0
1762887288.1269681,9,3200000000.0
1762887288.1269681,0,3200000000.0
1762887288.1269681,1,3200000000.0
1762887288.1269681,2,3000000000.0
1762887288.1269681,3,3200000000.0
1762887288.1269681,4,3200000000.0
1762887288.1269681,5,3200000000.0
1762887288.1269681,6,3200000000.0
1762887288.1269681,7,3200000000.0
1762887288.1269681,8,3200000000.0
1762887288.1269681,9,3200000000.0
1762887288.1269681,0,3200000000.0
1762887288.1269681,1,3200000000.0
1762887288.1269681,2,3200000000.0
1762887288.1269681,3,3200000000.0
1762887288.1269681,4,3200000000.0
1762887288.1269681,5,3200000000.0
1762887288.1269681,6,3200000000.0
1762887288.1269681,7,3200000000.0
1762887288.1269681,8,3200000000.0
1762887288.1269681,9,3200000000.0
1762887288.1269681,0,3200000000.0
1762887288.1269681,1,3200000000.0
1762887288.1269681,2,3200000000.0
1762887288.1269681,3,3200000000.0
1762887288.1269681,4,3200000000.0
1762887288.1269681,5,3200000000.0
1762887288.1269681,6,3200000000.0
1762887288.1269681,7,3200000000.0
1762887288.1269681,8,3200000000.0
1762887288.1269681,9,3200000000.0
1762887288.1269681,0,3200000000.0
1762887288.1269681,1,3200000000.0
1762887288.1269681,2,3200000000.0
1762887288.1269681,3,3200000000.0
1762887288.1269681,4,3200000000.0
1762887288.1269681,5,3200000000.0
1762887289.127001,0,3200000000.0
1762887289.127001,1,3200000000.0
1762887289.127001,2,3200000000.0
1762887289.127001,3,3200000000.0
1762887289.127001,4,3200000000.0
1762887289.127001,5,3200000000.0
1762887289.127001,6,3200000000.0
1762887289.127001,7,3200000000.0
1762887289.127001,8,3200000000.0
1762887289.127001,9,3200000000.0
1762887289.127001,0,3200000000.0
1762887289.127001,1,3200000000.0
1762887289.127001,2,3200000000.0
1762887289.127001,3,3200000000.0
1762887289.127001,4,3200000000.0
1762887289.127001,5,3200000000.0
1762887289.127001,6,3200000000.0
1762887289.127001,7,3200000000.0
1762887289.127001,8,3200000000.0
1762887289.127001,9,3200000000.0
1762887289.127001,0,3200000000.0
1762887289.127001,1,3200000000.0
1762887289.127001,2,3200000000.0
1762887289.127001,3,3200000000.0
1762887289.127001,4,3200000000.0
1762887289.127001,5,3200000000.0
1762887289.127001,6,3200000000.0
1762887289.127001,7,3200000000.0
1762887289.127001,8,3200000000.0
1762887289.127001,9,3200000000.0
1762887289.127001,0,3200000000.0
1762887289.127001,1,3200000000.0
1762887289.127001,2,3200000000.0
1762887289.127001,3,3200000000.0
1762887289.127001,4,3200000000.0
1762887289.127001,5,3200000000.0
1762887289.127001,6,3200000000.0
1762887289.127001,7,3200000000.0
1762887289.127001,8,3200000000.0
1762887289.127001,9,3200000000.0
1762887289.127001,0,3200000000.0
1762887289.127001,1,3200000000.0
1762887289.127001,2,3200000000.0
1762887289.127001,3,3200000000.0
1762887289.127001,4,3200000000.0
1762887289.127001,5,3200000000.0
1762887289.127001,6,3200000000.0
1762887289.127001,7,3200000000.0
1762887289.127001,8,3200000000.0
1762887289.127001,9,3200000000.0
1762887289.127001,0,3200000000.0
1762887289.127001,1,3200000000.0
1762887289.127001,2,3200000000.0
1762887289.127001,3,3200000000.0
1762887289.127001,4,3200000000.0
1762887289.127001,5,3200000000.0
1762887289.127001,6,3200000000.0
1762887289.127001,7,3200000000.0
1762887289.127001,8,3200000000.0
1762887289.127001,9,3200000000.0
1762887289.127001,0,3200000000.0
1762887289.127001,1,3200000000.0
1762887289.127001,2,3200000000.0
1762887289.127001,3,3200000000.0
1762887289.127001,4,3200000000.0
1762887289.127001,5,3200000000.0
1762887289.127001,6,3200000000.0
1762887289.127001,7,3200000000.0
1762887289.127001,8,3200000000.0
1762887289.127001,9,3200000000.0
1762887289.127001,0,3200000000.0
1762887289.127001,1,3200000000.0
1762887289.127001,2,3200000000.0
1762887289.127001,3,3200000000.0
1762887289.127001,4,3200000000.0
1762887289.127001,5,3200000000.0
1762887289.127001,6,3200000000.0
1762887289.127001,7,3200000000.0
1762887289.127001,8,3200000000.0
1762887289.127001,9,3200000000.0
1762887289.127001,0,3200000000.0
1762887289.127001,1,3200000000.0
1762887289.127001,2,3200000000.0
1762887289.127001,3,3200000000.0
1762887289.127001,4,3200000000.0
1762887289.127001,5,3200000000.0
1762887289.127001,6,3200000000.0
1762887289.127001,7,3000000000.0
1762887289.127001,8,3200000000.0
1762887289.127001,9,3200000000.0
1762887289.127001,0,3200000000.0
1762887289.127001,1,3200000000.0
1762887289.127001,2,3200000000.0
1762887289.127001,3,3200000000.0
1762887289.127001,4,3200000000.0
1762887289.127001,5,3200000000.0
1762887290.1269617,0,3200000000.0
1762887290.1269617,1,3200000000.0
1762887290.1269617,2,3200000000.0
1762887290.1269617,3,3200000000.0
1762887290.1269617,4,3200000000.0
1762887290.1269617,5,3200000000.0
1762887290.1269617,6,3200000000.0
1762887290.1269617,7,3200000000.0
1762887290.1269617,8,3200000000.0
1762887290.1269617,9,3200000000.0
1762887290.1269617,0,3200000000.0
1762887290.1269617,1,3200000000.0
1762887290.1269617,2,3200000000.0
1762887290.1269617,3,3200000000.0
1762887290.1269617,4,3200000000.0
1762887290.1269617,5,3200000000.0
1762887290.1269617,6,3200000000.0
1762887290.1269617,7,3200000000.0
1762887290.1269617,8,3200000000.0
1762887290.1269617,9,3200000000.0
1762887290.1269617,0,3200000000.0
1762887290.1269617,1,3200000000.0
1762887290.1269617,2,3200000000.0
1762887290.1269617,3,3200000000.0
1762887290.1269617,4,3200000000.0
1762887290.1269617,5,3200000000.0
1762887290.1269617,6,3200000000.0
1762887290.1269617,7,3200000000.0
1762887290.1269617,8,3200000000.0
1762887290.1269617,9,3200000000.0
1762887290.1269617,0,3200000000.0
1762887290.1269617,1,3200000000.0
1762887290.1269617,2,3200000000.0
1762887290.1269617,3,3200000000.0
1762887290.1269617,4,3200000000.0
1762887290.1269617,5,3200000000.0
1762887290.1269617,6,3200000000.0
1762887290.1269617,7,3200000000.0
1762887290.1269617,8,3200000000.0
1762887290.1269617,9,3200000000.0
1762887290.1269617,0,3200000000.0
1762887290.1269617,1,3200000000.0
1762887290.1269617,2,3200000000.0
1762887290.1269617,3,3200000000.0
1762887290.1269617,4,3200000000.0
1762887290.1269617,5,3200000000.0
1762887290.1269617,6,3200000000.0
1762887290.1269617,7,3200000000.0
1762887290.1269617,8,3200000000.0
1762887290.1269617,9,3200000000.0
1762887290.1269617,0,3200000000.0
1762887290.1269617,1,3200000000.0
1762887290.1269617,2,3200000000.0
1762887290.1269617,3,3200000000.0
1762887290.1269617,4,3200000000.0
1762887290.1269617,5,3200000000.0
1762887290.1269617,6,3200000000.0
1762887290.1269617,7,3200000000.0
1762887290.1269617,8,3200000000.0
1762887290.1269617,9,3200000000.0
1762887290.1269617,0,3200000000.0
1762887290.1269617,1,3200000000.0
1762887290.1269617,2,3200000000.0
1762887290.1269617,3,3200000000.0
1762887290.1269617,4,3200000000.0
1762887290.1269617,5,3200000000.0
1762887290.1269617,6,3200000000.0
1762887290.1269617,7,3200000000.0
1762887290.1269617,8,3200000000.0
1762887290.1269617,9,3200000000.0
1762887290.1269617,0,3200000000.0
1762887290.1269617,1,3200000000.0
1762887290.1269617,2,3200000000.0
1762887290.1269617,3,3200000000.0
1762887290.1269617,4,3200000000.0
1762887290.1269617,5,3200000000.0
1762887290.1269617,6,3200000000.0
1762887290.1269617,7,3200000000.0
1762887290.1269617,8,3200000000.0
1762887290.1269617,9,3200000000.0
1762887290.1269617,0,3200000000.0
1762887290.1269617,1,3200000000.0
1762887290.1269617,2,3200000000.0
1762887290.1269617,3,3200000000.0
1762887290.1269617,4,3200000000.0
1762887290.1269617,5,3200000000.0
1762887290.1269617,6,3200000000.0
1762887290.1269617,7,3200000000.0
1762887290.1269617,8,3200000000.0
1762887290.1269617,9,3200000000.0
1762887290.1269617,0,3200000000.0
1762887290.1269617,1,3200000000.0
1762887290.1269617,2,3200000000.0
1762887290.1269617,3,3200000000.0
1762887290.1269617,4,3200000000.0
1762887290.1269617,5,3200000000.0
1762887291.1269841,0,3200000000.0
1762887291.1269841,1,3200000000.0
1762887291.1269841,2,3200000000.0
1762887291.1269841,3,3200000000.0
1762887291.1269841,4,3200000000.0
1762887291.1269841,5,3200000000.0
1762887291.1269841,6,3200000000.0
1762887291.1269841,7,3200000000.0
1762887291.1269841,8,3200000000.0
1762887291.1269841,9,3200000000.0
1762887291.1269841,0,3200000000.0
1762887291.1269841,1,3200000000.0
1762887291.1269841,2,3200000000.0
1762887291.1269841,3,3200000000.0
1762887291.1269841,4,3200000000.0
1762887291.1269841,5,3200000000.0
1762887291.1269841,6,3200000000.0
1762887291.1269841,7,3200000000.0
1762887291.1269841,8,3200000000.0
1762887291.1269841,9,3200000000.0
1762887291.1269841,0,3200000000.0
1762887291.1269841,1,3200000000.0
1762887291.1269841,2,3200000000.0
1762887291.1269841,3,3200000000.0
1762887291.1269841,4,3200000000.0
1762887291.1269841,5,3200000000.0
1762887291.1269841,6,3200000000.0
1762887291.1269841,7,3200000000.0
1762887291.1269841,8,3200000000.0
1762887291.1269841,9,3200000000.0
1762887291.1269841,0,3200000000.0
1762887291.1269841,1,3200000000.0
1762887291.1269841,2,3200000000.0
1762887291.1269841,3,3200000000.0
1762887291.1269841,4,3200000000.0
1762887291.1269841,5,3200000000.0
1762887291.1269841,6,3200000000.0
1762887291.1269841,7,3200000000.0
1762887291.1269841,8,3200000000.0
1762887291.1269841,9,3200000000.0
1762887291.1269841,0,3200000000.0
1762887291.1269841,1,3200000000.0
1762887291.1269841,2,3200000000.0
1762887291.1269841,3,3200000000.0
1762887291.1269841,4,3200000000.0
1762887291.1269841,5,3200000000.0
1762887291.1269841,6,3200000000.0
1762887291.1269841,7,3200000000.0
1762887291.1269841,8,3200000000.0
1762887291.1269841,9,3200000000.0
1762887291.1269841,0,3200000000.0
1762887291.1269841,1,3200000000.0
1762887291.1269841,2,3200000000.0
1762887291.1269841,3,3200000000.0
1762887291.1269841,4,3200000000.0
1762887291.1269841,5,3200000000.0
1762887291.1269841,6,3200000000.0
1762887291.1269841,7,3200000000.0
1762887291.1269841,8,3200000000.0
1762887291.1269841,9,3200000000.0
1762887291.1269841,0,3200000000.0
1762887291.1269841,1,3200000000.0
1762887291.1269841,2,3200000000.0
1762887291.1269841,3,3200000000.0
1762887291.1269841,4,3200000000.0
1762887291.1269841,5,3200000000.0
1762887291.1269841,6,3200000000.0
1762887291.1269841,7,3200000000.0
1762887291.1269841,8,3200000000.0
1762887291.1269841,9,3200000000.0
1762887291.1269841,0,3200000000.0
1762887291.1269841,1,3200000000.0
1762887291.1269841,2,3200000000.0
1762887291.1269841,3,3200000000.0
1762887291.1269841,4,3200000000.0
1762887291.1269841,5,3200000000.0
1762887291.1269841,6,3200000000.0
1762887291.1269841,7,3200000000.0
1762887291.1269841,8,3200000000.0
1762887291.1269841,9,3200000000.0
1762887291.1269841,0,3200000000.0
1762887291.1269841,1,3200000000.0
1762887291.1269841,2,3200000000.0
1762887291.1269841,3,3200000000.0
1762887291.1269841,4,3200000000.0
1762887291.1269841,5,3200000000.0
1762887291.1269841,6,3200000000.0
1762887291.1269841,7,3200000000.0
1762887291.1269841,8,3200000000.0
1762887291.1269841,9,3200000000.0
1762887291.1269841,0,3200000000.0
1762887291.1269841,1,3200000000.0
1762887291.1269841,2,3200000000.0
1762887291.1269841,3,3200000000.0
1762887291.1269841,4,3200000000.0
1762887291.1269841,5,3200000000.0
1762887292.1270084,0,3200000000.0
1762887292.1270084,1,3200000000.0
1762887292.1270084,2,3200000000.0
1762887292.1270084,3,3200000000.0
1762887292.1270084,4,3200000000.0
1762887292.1270084,5,3200000000.0
1762887292.1270084,6,3200000000.0
1762887292.1270084,7,3200000000.0
1762887292.1270084,8,3200000000.0
1762887292.1270084,9,3200000000.0
1762887292.1270084,0,3200000000.0
1762887292.1270084,1,3200000000.0
1762887292.1270084,2,3200000000.0
1762887292.1270084,3,3200000000.0
1762887292.1270084,4,3200000000.0
1762887292.1270084,5,3200000000.0
1762887292.1270084,6,3200000000.0
1762887292.1270084,7,3200000000.0
1762887292.1270084,8,3200000000.0
1762887292.1270084,9,3200000000.0
1762887292.1270084,0,3200000000.0
1762887292.1270084,1,3200000000.0
1762887292.1270084,2,3200000000.0
1762887292.1270084,3,3200000000.0
1762887292.1270084,4,3200000000.0
1762887292.1270084,5,3200000000.0
1762887292.1270084,6,3200000000.0
1762887292.1270084,7,3200000000.0
1762887292.1270084,8,3200000000.0
1762887292.1270084,9,3200000000.0
1762887292.1270084,0,3200000000.0
1762887292.1270084,1,3200000000.0
1762887292.1270084,2,3200000000.0
1762887292.1270084,3,3200000000.0
1762887292.1270084,4,3200000000.0
1762887292.1270084,5,3200000000.0
1762887292.1270084,6,3200000000.0
1762887292.1270084,7,3200000000.0
1762887292.1270084,8,3200000000.0
1762887292.1270084,9,3200000000.0
1762887292.1270084,0,3200000000.0
1762887292.1270084,1,3200000000.0
1762887292.1270084,2,3200000000.0
1762887292.1270084,3,3200000000.0
1762887292.1270084,4,3200000000.0
1762887292.1270084,5,3200000000.0
1762887292.1270084,6,3200000000.0
1762887292.1270084,7,3200000000.0
1762887292.1270084,8,3200000000.0
1762887292.1270084,9,3200000000.0
1762887292.1270084,0,3200000000.0
1762887292.1270084,1,3200000000.0
1762887292.1270084,2,3200000000.0
1762887292.1270084,3,3200000000.0
1762887292.1270084,4,3200000000.0
1762887292.1270084,5,3200000000.0
1762887292.1270084,6,3200000000.0
1762887292.1270084,7,3200000000.0
1762887292.1270084,8,3200000000.0
1762887292.1270084,9,3200000000.0
1762887292.1270084,0,3200000000.0
1762887292.1270084,1,3200000000.0
1762887292.1270084,2,3200000000.0
1762887292.1270084,3,3200000000.0
1762887292.1270084,4,3200000000.0
1762887292.1270084,5,3200000000.0
1762887292.1270084,6,3200000000.0
1762887292.1270084,7,3200000000.0
1762887292.1270084,8,3200000000.0
1762887292.1270084,9,3200000000.0
1762887292.1270084,0,3200000000.0
1762887292.1270084,1,3200000000.0
1762887292.1270084,2,3200000000.0
1762887292.1270084,3,3200000000.0
1762887292.1270084,4,3200000000.0
1762887292.1270084,5,3200000000.0
1762887292.1270084,6,3200000000.0
1762887292.1270084,7,3200000000.0
1762887292.1270084,8,3200000000.0
1762887292.1270084,9,3200000000.0
1762887292.1270084,0,3200000000.0
1762887292.1270084,1,3200000000.0
1762887292.1270084,2,3200000000.0
1762887292.1270084,3,3200000000.0
1762887292.1270084,4,3200000000.0
1762887292.1270084,5,3200000000.0
1762887292.1270084,6,3200000000.0
1762887292.1270084,7,3200000000.0
1762887292.1270084,8,3200000000.0
1762887292.1270084,9,3200000000.0
1762887292.1270084,0,3200000000.0
1762887292.1270084,1,3200000000.0
1762887292.1270084,2,3200000000.0
1762887292.1270084,3,3200000000.0
1762887292.1270084,4,3200000000.0
1762887292.1270084,5,3200000000.0
1762887293.1269763,0,3200000000.0
1762887293.1269763,1,3200000000.0
1762887293.1269763,2,3200000000.0
1762887293.1269763,3,3200000000.0
1762887293.1269763,4,3200000000.0
1762887293.1269763,5,3200000000.0
1762887293.1269763,6,3200000000.0
1762887293.1269763,7,3200000000.0
1762887293.1269763,8,3200000000.0
1762887293.1269763,9,3200000000.0
1762887293.1269763,0,3200000000.0
1762887293.1269763,1,3200000000.0
1762887293.1269763,2,3200000000.0
1762887293.1269763,3,3200000000.0
1762887293.1269763,4,3200000000.0
1762887293.1269763,5,3200000000.0
1762887293.1269763,6,3200000000.0
1762887293.1269763,7,3200000000.0
1762887293.1269763,8,3200000000.0
1762887293.1269763,9,3200000000.0
1762887293.1269763,0,3200000000.0
1762887293.1269763,1,3200000000.0
1762887293.1269763,2,3200000000.0
1762887293.1269763,3,3200000000.0
1762887293.1269763,4,3200000000.0
1762887293.1269763,5,3200000000.0
1762887293.1269763,6,3200000000.0
1762887293.1269763,7,3200000000.0
1762887293.1269763,8,3200000000.0
1762887293.1269763,9,3200000000.0
1762887293.1269763,0,3200000000.0
1762887293.1269763,1,3200000000.0
1762887293.1269763,2,3200000000.0
1762887293.1269763,3,3200000000.0
1762887293.1269763,4,3200000000.0
1762887293.1269763,5,3200000000.0
1762887293.1269763,6,3200000000.0
1762887293.1269763,7,3200000000.0
1762887293.1269763,8,3200000000.0
1762887293.1269763,9,3200000000.0
1762887293.1269763,0,3200000000.0
1762887293.1269763,1,3200000000.0
1762887293.1269763,2,3200000000.0
1762887293.1269763,3,3200000000.0
1762887293.1269763,4,3200000000.0
1762887293.1269763,5,3200000000.0
1762887293.1269763,6,3200000000.0
1762887293.1269763,7,3200000000.0
1762887293.1269763,8,3200000000.0
1762887293.1269763,9,3200000000.0
1762887293.1269763,0,3200000000.0
1762887293.1269763,1,3200000000.0
1762887293.1269763,2,3200000000.0
1762887293.1269763,3,3200000000.0
1762887293.1269763,4,3200000000.0
1762887293.1269763,5,3200000000.0
1762887293.1269763,6,3200000000.0
1762887293.1269763,7,3200000000.0
1762887293.1269763,8,3200000000.0
1762887293.1269763,9,3200000000.0
1762887293.1269763,0,3200000000.0
1762887293.1269763,1,3200000000.0
1762887293.1269763,2,3200000000.0
1762887293.1269763,3,3200000000.0
1762887293.1269763,4,3200000000.0
1762887293.1269763,5,3200000000.0
1762887293.1269763,6,3200000000.0
1762887293.1269763,7,3200000000.0
1762887293.1269763,8,3200000000.0
1762887293.1269763,9,3200000000.0
1762887293.1269763,0,3200000000.0
1762887293.1269763,1,3200000000.0
1762887293.1269763,2,3200000000.0
1762887293.1269763,3,3200000000.0
1762887293.1269763,4,3200000000.0
1762887293.1269763,5,3200000000.0
1762887293.1269763,6,3200000000.0
1762887293.1269763,7,3200000000.0
1762887293.1269763,8,3200000000.0
1762887293.1269763,9,3200000000.0
1762887293.1269763,0,3200000000.0
1762887293.1269763,1,3200000000.0
1762887293.1269763,2,3200000000.0
1762887293.1269763,3,3200000000.0
1762887293.1269763,4,3200000000.0
1762887293.1269763,5,3200000000.0
1762887293.1269763,6,3200000000.0
1762887293.1269763,7,3200000000.0
1762887293.1269763,8,3200000000.0
1762887293.1269763,9,3200000000.0
1762887293.1269763,0,3200000000.0
1762887293.1269763,1,3200000000.0
1762887293.1269763,2,3200000000.0
1762887293.1269763,3,3200000000.0
1762887293.1269763,4,3200000000.0
1762887293.1269763,5,3200000000.0
1762887294.1269336,0,3200000000.0
1762887294.1269336,1,3200000000.0
1762887294.1269336,2,3200000000.0
1762887294.1269336,3,3200000000.0
1762887294.1269336,4,3200000000.0
1762887294.1269336,5,3200000000.0
1762887294.1269336,6,3200000000.0
1762887294.1269336,7,3200000000.0
1762887294.1269336,8,3200000000.0
1762887294.1269336,9,3200000000.0
1762887294.1269336,0,3200000000.0
1762887294.1269336,1,3200000000.0
1762887294.1269336,2,3200000000.0
1762887294.1269336,3,3200000000.0
1762887294.1269336,4,3200000000.0
1762887294.1269336,5,3200000000.0
1762887294.1269336,6,3200000000.0
1762887294.1269336,7,3200000000.0
1762887294.1269336,8,3200000000.0
1762887294.1269336,9,3200000000.0
1762887294.1269336,0,3200000000.0
1762887294.1269336,1,3200000000.0
1762887294.1269336,2,3200000000.0
1762887294.1269336,3,3200000000.0
1762887294.1269336,4,3200000000.0
1762887294.1269336,5,3200000000.0
1762887294.1269336,6,3200000000.0
1762887294.1269336,7,3200000000.0
1762887294.1269336,8,3200000000.0
1762887294.1269336,9,3200000000.0
1762887294.1269336,0,3200000000.0
1762887294.1269336,1,3200000000.0
1762887294.1269336,2,3200000000.0
1762887294.1269336,3,3200000000.0
1762887294.1269336,4,3200000000.0
1762887294.1269336,5,3200000000.0
1762887294.1269336,6,3200000000.0
1762887294.1269336,7,3200000000.0
1762887294.1269336,8,3200000000.0
1762887294.1269336,9,3200000000.0
1762887294.1269336,0,3200000000.0
1762887294.1269336,1,3200000000.0
1762887294.1269336,2,3200000000.0
1762887294.1269336,3,3200000000.0
1762887294.1269336,4,3200000000.0
1762887294.1269336,5,3200000000.0
1762887294.1269336,6,3200000000.0
1762887294.1269336,7,3200000000.0
1762887294.1269336,8,3200000000.0
1762887294.1269336,9,3200000000.0
1762887294.1269336,0,3200000000.0
1762887294.1269336,1,3200000000.0
1762887294.1269336,2,3200000000.0
1762887294.1269336,3,3200000000.0
1762887294.1269336,4,3200000000.0
1762887294.1269336,5,3200000000.0
1762887294.1269336,6,3200000000.0
1762887294.1269336,7,3200000000.0
1762887294.1269336,8,3200000000.0
1762887294.1269336,9,3200000000.0
1762887294.1269336,0,3200000000.0
1762887294.1269336,1,3200000000.0
1762887294.1269336,2,3200000000.0
1762887294.1269336,3,3200000000.0
1762887294.1269336,4,3200000000.0
1762887294.1269336,5,3200000000.0
1762887294.1269336,6,3200000000.0
1762887294.1269336,7,3200000000.0
1762887294.1269336,8,3200000000.0
1762887294.1269336,9,3200000000.0
1762887294.1269336,0,3200000000.0
1762887294.1269336,1,3200000000.0
1762887294.1269336,2,3200000000.0
1762887294.1269336,3,3200000000.0
1762887294.1269336,4,3200000000.0
1762887294.1269336,5,3200000000.0
1762887294.1269336,6,3200000000.0
1762887294.1269336,7,3200000000.0
1762887294.1269336,8,3200000000.0
1762887294.1269336,9,3200000000.0
1762887294.1269336,0,3200000000.0
1762887294.1269336,1,3200000000.0
1762887294.1269336,2,3200000000.0
1762887294.1269336,3,3200000000.0
1762887294.1269336,4,3200000000.0
1762887294.1269336,5,3200000000.0
1762887294.1269336,6,3200000000.0
1762887294.1269336,7,3200000000.0
1762887294.1269336,8,3200000000.0
1762887294.1269336,9,3200000000.0
1762887294.1269336,0,3200000000.0
1762887294.1269336,1,3200000000.0
1762887294.1269336,2,3200000000.0
1762887294.1269336,3,3200000000.0
1762887294.1269336,4,3200000000.0
1762887294.1269336,5,3200000000.0
1762887295.126986,0,3200000000.0
1762887295.126986,1,3000000000.0
1762887295.126986,2,3200000000.0
1762887295.126986,3,3200000000.0
1762887295.126986,4,3200000000.0
1762887295.126986,5,3200000000.0
1762887295.126986,6,3200000000.0
1762887295.126986,7,3200000000.0
1762887295.126986,8,3200000000.0
1762887295.126986,9,3200000000.0
1762887295.126986,0,3200000000.0
1762887295.126986,1,3200000000.0
1762887295.126986,2,3200000000.0
1762887295.126986,3,3200000000.0
1762887295.126986,4,3200000000.0
1762887295.126986,5,3200000000.0
1762887295.126986,6,3200000000.0
1762887295.126986,7,3200000000.0
1762887295.126986,8,3200000000.0
1762887295.126986,9,3200000000.0
1762887295.126986,0,3200000000.0
1762887295.126986,1,3200000000.0
1762887295.126986,2,3200000000.0
1762887295.126986,3,3200000000.0
1762887295.126986,4,3200000000.0
1762887295.126986,5,3200000000.0
1762887295.126986,6,3200000000.0
1762887295.126986,7,3200000000.0
1762887295.126986,8,3200000000.0
1762887295.126986,9,3200000000.0
1762887295.126986,0,3200000000.0
1762887295.126986,1,3200000000.0
1762887295.126986,2,3200000000.0
1762887295.126986,3,3200000000.0
1762887295.126986,4,3200000000.0
1762887295.126986,5,3200000000.0
1762887295.126986,6,3200000000.0
1762887295.126986,7,3200000000.0
1762887295.126986,8,3200000000.0
1762887295.126986,9,3200000000.0
1762887295.126986,0,3200000000.0
1762887295.126986,1,3200000000.0
1762887295.126986,2,3200000000.0
1762887295.126986,3,3200000000.0
1762887295.126986,4,3200000000.0
1762887295.126986,5,3200000000.0
1762887295.126986,6,3200000000.0
1762887295.126986,7,3200000000.0
1762887295.126986,8,3200000000.0
1762887295.126986,9,3200000000.0
1762887295.126986,0,3200000000.0
1762887295.126986,1,3200000000.0
1762887295.126986,2,3200000000.0
1762887295.126986,3,3200000000.0
1762887295.126986,4,3200000000.0
1762887295.126986,5,3200000000.0
1762887295.126986,6,3200000000.0
1762887295.126986,7,3200000000.0
1762887295.126986,8,3200000000.0
1762887295.126986,9,3200000000.0
1762887295.126986,0,3200000000.0
1762887295.126986,1,3200000000.0
1762887295.126986,2,3200000000.0
1762887295.126986,3,3200000000.0
1762887295.126986,4,3200000000.0
1762887295.126986,5,3200000000.0
1762887295.126986,6,3200000000.0
1762887295.126986,7,3200000000.0
1762887295.126986,8,3200000000.0
1762887295.126986,9,3200000000.0
1762887295.126986,0,3200000000.0
1762887295.126986,1,3200000000.0
1762887295.126986,2,3200000000.0
1762887295.126986,3,3200000000.0
1762887295.126986,4,3200000000.0
1762887295.126986,5,3200000000.0
1762887295.126986,6,3200000000.0
1762887295.126986,7,3200000000.0
1762887295.126986,8,3200000000.0
1762887295.126986,9,3200000000.0
1762887295.126986,0,3200000000.0
1762887295.126986,1,3200000000.0
1762887295.126986,2,3200000000.0
1762887295.126986,3,3200000000.0
1762887295.126986,4,3200000000.0
1762887295.126986,5,3200000000.0
1762887295.126986,6,3200000000.0
1762887295.126986,7,3200000000.0
1762887295.126986,8,3200000000.0
1762887295.126986,9,3200000000.0
1762887295.126986,0,3200000000.0
1762887295.126986,1,3200000000.0
1762887295.126986,2,3200000000.0
1762887295.126986,3,3200000000.0
1762887295.126986,4,3200000000.0
1762887295.126986,5,3200000000.0
1762887296.1269653,0,3200000000.0
1762887296.1269653,1,3200000000.0
1762887296.1269653,2,3200000000.0
1762887296.1269653,3,3200000000.0
1762887296.1269653,4,3200000000.0
1762887296.1269653,5,3200000000.0
1762887296.1269653,6,3200000000.0
1762887296.1269653,7,3200000000.0
1762887296.1269653,8,3200000000.0
1762887296.1269653,9,3200000000.0
1762887296.1269653,0,3200000000.0
1762887296.1269653,1,3200000000.0
1762887296.1269653,2,3200000000.0
1762887296.1269653,3,3200000000.0
1762887296.1269653,4,3200000000.0
1762887296.1269653,5,3200000000.0
1762887296.1269653,6,3200000000.0
1762887296.1269653,7,3200000000.0
1762887296.1269653,8,3200000000.0
1762887296.1269653,9,3200000000.0
1762887296.1269653,0,3200000000.0
1762887296.1269653,1,3200000000.0
1762887296.1269653,2,3200000000.0
1762887296.1269653,3,3200000000.0
1762887296.1269653,4,3200000000.0
1762887296.1269653,5,3200000000.0
1762887296.1269653,6,3200000000.0
1762887296.1269653,7,3200000000.0
1762887296.1269653,8,3200000000.0
1762887296.1269653,9,3200000000.0
1762887296.1269653,0,3200000000.0
1762887296.1269653,1,3200000000.0
1762887296.1269653,2,3200000000.0
1762887296.1269653,3,3200000000.0
1762887296.1269653,4,3200000000.0
1762887296.1269653,5,3200000000.0
1762887296.1269653,6,3200000000.0
1762887296.1269653,7,3200000000.0
1762887296.1269653,8,3200000000.0
1762887296.1269653,9,3200000000.0
1762887296.1269653,0,3200000000.0
1762887296.1269653,1,3200000000.0
1762887296.1269653,2,3200000000.0
1762887296.1269653,3,3200000000.0
1762887296.1269653,4,3200000000.0
1762887296.1269653,5,3200000000.0
1762887296.1269653,6,3200000000.0
1762887296.1269653,7,3200000000.0
1762887296.1269653,8,3200000000.0
1762887296.1269653,9,3200000000.0
1762887296.1269653,0,3200000000.0
1762887296.1269653,1,3200000000.0
1762887296.1269653,2,3200000000.0
1762887296.1269653,3,3200000000.0
1762887296.1269653,4,3200000000.0
1762887296.1269653,5,3200000000.0
1762887296.1269653,6,3200000000.0
1762887296.1269653,7,3200000000.0
1762887296.1269653,8,3200000000.0
1762887296.1269653,9,3200000000.0
1762887296.1269653,0,3200000000.0
1762887296.1269653,1,3200000000.0
1762887296.1269653,2,3200000000.0
1762887296.1269653,3,3200000000.0
1762887296.1269653,4,3200000000.0
1762887296.1269653,5,3200000000.0
1762887296.1269653,6,3200000000.0
1762887296.1269653,7,3200000000.0
1762887296.1269653,8,3200000000.0
1762887296.1269653,9,3200000000.0
1762887296.1269653,0,3200000000.0
1762887296.1269653,1,3200000000.0
1762887296.1269653,2,3200000000.0
1762887296.1269653,3,3200000000.0
1762887296.1269653,4,3200000000.0
1762887296.1269653,5,3200000000.0
1762887296.1269653,6,3200000000.0
1762887296.1269653,7,3200000000.0
1762887296.1269653,8,3200000000.0
1762887296.1269653,9,3200000000.0
1762887296.1269653,0,3200000000.0
1762887296.1269653,1,3200000000.0
1762887296.1269653,2,3200000000.0
1762887296.1269653,3,3200000000.0
1762887296.1269653,4,3200000000.0
1762887296.1269653,5,3200000000.0
1762887296.1269653,6,3200000000.0
1762887296.1269653,7,3200000000.0
1762887296.1269653,8,3200000000.0
1762887296.1269653,9,3200000000.0
1762887296.1269653,0,3200000000.0
1762887296.1269653,1,3200000000.0
1762887296.1269653,2,3200000000.0
1762887296.1269653,3,3200000000.0
1762887296.1269653,4,3200000000.0
1762887296.1269653,5,3200000000.0
1762887297.1269233,0,3200000000.0
1762887297.1269233,1,3200000000.0
1762887297.1269233,2,3200000000.0
1762887297.1269233,3,3200000000.0
1762887297.1269233,4,3200000000.0
1762887297.1269233,5,3200000000.0
1762887297.1269233,6,3200000000.0
1762887297.1269233,7,3200000000.0
1762887297.1269233,8,3200000000.0
1762887297.1269233,9,3200000000.0
1762887297.1269233,0,3200000000.0
1762887297.1269233,1,3200000000.0
1762887297.1269233,2,3200000000.0
1762887297.1269233,3,3200000000.0
1762887297.1269233,4,3200000000.0
1762887297.1269233,5,3200000000.0
1762887297.1269233,6,3200000000.0
1762887297.1269233,7,3200000000.0
1762887297.1269233,8,3200000000.0
1762887297.1269233,9,3200000000.0
1762887297.1269233,0,3200000000.0
1762887297.1269233,1,3200000000.0
1762887297.1269233,2,3200000000.0
1762887297.1269233,3,3200000000.0
1762887297.1269233,4,3200000000.0
1762887297.1269233,5,3200000000.0
1762887297.1269233,6,3200000000.0
1762887297.1269233,7,3200000000.0
1762887297.1269233,8,3200000000.0
1762887297.1269233,9,3200000000.0
1762887297.1269233,0,3200000000.0
1762887297.1269233,1,3200000000.0
1762887297.1269233,2,3200000000.0
1762887297.1269233,3,3200000000.0
1762887297.1269233,4,3200000000.0
1762887297.1269233,5,3200000000.0
1762887297.1269233,6,3200000000.0
1762887297.1269233,7,3200000000.0
1762887297.1269233,8,3200000000.0
1762887297.1269233,9,3200000000.0
1762887297.1269233,0,3200000000.0
1762887297.1269233,1,3200000000.0
1762887297.1269233,2,3200000000.0
1762887297.1269233,3,3200000000.0
1762887297.1269233,4,3200000000.0
1762887297.1269233,5,3200000000.0
1762887297.1269233,6,3200000000.0
1762887297.1269233,7,3200000000.0
1762887297.1269233,8,3200000000.0
1762887297.1269233,9,3200000000.0
1762887297.1269233,0,3200000000.0
1762887297.1269233,1,3200000000.0
1762887297.1269233,2,3200000000.0
1762887297.1269233,3,3200000000.0
1762887297.1269233,4,3200000000.0
1762887297.1269233,5,3200000000.0
1762887297.1269233,6,3200000000.0
1762887297.1269233,7,3200000000.0
1762887297.1269233,8,3200000000.0
1762887297.1269233,9,3200000000.0
1762887297.1269233,0,3200000000.0
1762887297.1269233,1,3200000000.0
1762887297.1269233,2,3200000000.0
1762887297.1269233,3,3200000000.0
1762887297.1269233,4,3200000000.0
1762887297.1269233,5,3200000000.0
1762887297.1269233,6,3200000000.0
1762887297.1269233,7,3200000000.0
1762887297.1269233,8,3200000000.0
1762887297.1269233,9,3200000000.0
1762887297.1269233,0,3200000000.0
1762887297.1269233,1,3200000000.0
1762887297.1269233,2,3200000000.0
1762887297.1269233,3,3200000000.0
1762887297.1269233,4,3200000000.0
1762887297.1269233,5,3200000000.0
1762887297.1269233,6,3200000000.0
1762887297.1269233,7,3200000000.0
1762887297.1269233,8,3200000000.0
1762887297.1269233,9,3200000000.0
1762887297.1269233,0,3200000000.0
1762887297.1269233,1,3200000000.0
1762887297.1269233,2,3200000000.0
1762887297.1269233,3,3200000000.0
1762887297.1269233,4,3200000000.0
1762887297.1269233,5,3200000000.0
1762887297.1269233,6,3200000000.0
1762887297.1269233,7,3200000000.0
1762887297.1269233,8,3200000000.0
1762887297.1269233,9,3200000000.0
1762887297.1269233,0,3200000000.0
1762887297.1269233,1,3200000000.0
1762887297.1269233,2,3200000000.0
1762887297.1269233,3,3200000000.0
1762887297.1269233,4,3200000000.0
1762887297.1269233,5,3200000000.0
1762887298.1269128,0,3200000000.0
1762887298.1269128,1,3200000000.0
1762887298.1269128,2,3200000000.0
1762887298.1269128,3,3200000000.0
1762887298.1269128,4,3200000000.0
1762887298.1269128,5,3200000000.0
1762887298.1269128,6,3200000000.0
1762887298.1269128,7,3200000000.0
1762887298.1269128,8,3200000000.0
1762887298.1269128,9,3200000000.0
1762887298.1269128,0,3200000000.0
1762887298.1269128,1,3200000000.0
1762887298.1269128,2,3200000000.0
1762887298.1269128,3,3200000000.0
1762887298.1269128,4,3200000000.0
1762887298.1269128,5,3200000000.0
1762887298.1269128,6,3200000000.0
1762887298.1269128,7,3200000000.0
1762887298.1269128,8,3200000000.0
1762887298.1269128,9,3200000000.0
1762887298.1269128,0,3200000000.0
1762887298.1269128,1,3200000000.0
1762887298.1269128,2,3200000000.0
1762887298.1269128,3,3200000000.0
1762887298.1269128,4,3200000000.0
1762887298.1269128,5,3200000000.0
1762887298.1269128,6,3200000000.0
1762887298.1269128,7,3200000000.0
1762887298.1269128,8,3200000000.0
1762887298.1269128,9,3200000000.0
1762887298.1269128,0,3200000000.0
1762887298.1269128,1,3200000000.0
1762887298.1269128,2,3200000000.0
1762887298.1269128,3,3200000000.0
1762887298.1269128,4,3200000000.0
1762887298.1269128,5,3200000000.0
1762887298.1269128,6,3200000000.0
1762887298.1269128,7,3200000000.0
1762887298.1269128,8,3200000000.0
1762887298.1269128,9,3200000000.0
1762887298.1269128,0,3200000000.0
1762887298.1269128,1,3200000000.0
1762887298.1269128,2,3200000000.0
1762887298.1269128,3,3200000000.0
1762887298.1269128,4,3200000000.0
1762887298.1269128,5,3200000000.0
1762887298.1269128,6,3200000000.0
1762887298.1269128,7,3200000000.0
1762887298.1269128,8,3200000000.0
1762887298.1269128,9,3200000000.0
1762887298.1269128,0,3200000000.0
1762887298.1269128,1,3200000000.0
1762887298.1269128,2,3200000000.0
1762887298.1269128,3,3200000000.0
1762887298.1269128,4,3200000000.0
1762887298.1269128,5,3200000000.0
1762887298.1269128,6,3200000000.0
1762887298.1269128,7,3200000000.0
1762887298.1269128,8,3200000000.0
1762887298.1269128,9,3200000000.0
1762887298.1269128,0,3200000000.0
1762887298.1269128,1,3200000000.0
1762887298.1269128,2,3200000000.0
1762887298.1269128,3,3200000000.0
1762887298.1269128,4,3200000000.0
1762887298.1269128,5,3200000000.0
1762887298.1269128,6,3200000000.0
1762887298.1269128,7,3200000000.0
1762887298.1269128,8,3200000000.0
1762887298.1269128,9,3200000000.0
1762887298.1269128,0,3200000000.0
1762887298.1269128,1,3200000000.0
1762887298.1269128,2,3200000000.0
1762887298.1269128,3,3200000000.0
1762887298.1269128,4,3200000000.0
1762887298.1269128,5,3200000000.0
1762887298.1269128,6,3200000000.0
1762887298.1269128,7,3200000000.0
1762887298.1269128,8,3200000000.0
1762887298.1269128,9,3200000000.0
1762887298.1269128,0,3200000000.0
1762887298.1269128,1,3200000000.0
1762887298.1269128,2,3200000000.0
1762887298.1269128,3,3200000000.0
1762887298.1269128,4,3200000000.0
1762887298.1269128,5,3200000000.0
1762887298.1269128,6,3200000000.0
1762887298.1269128,7,3200000000.0
1762887298.1269128,8,3200000000.0
1762887298.1269128,9,3200000000.0
1762887298.1269128,0,3200000000.0
1762887298.1269128,1,3200000000.0
1762887298.1269128,2,3200000000.0
1762887298.1269128,3,3200000000.0
1762887298.1269128,4,3200000000.0
1762887298.1269128,5,3200000000.0
1762887299.1269903,0,3200000000.0
1762887299.1269903,1,3200000000.0
1762887299.1269903,2,3200000000.0
1762887299.1269903,3,3200000000.0
1762887299.1269903,4,3200000000.0
1762887299.1269903,5,3200000000.0
1762887299.1269903,6,3200000000.0
1762887299.1269903,7,3200000000.0
1762887299.1269903,8,3200000000.0
1762887299.1269903,9,3200000000.0
1762887299.1269903,0,3200000000.0
1762887299.1269903,1,3200000000.0
1762887299.1269903,2,3200000000.0
1762887299.1269903,3,3200000000.0
1762887299.1269903,4,3200000000.0
1762887299.1269903,5,3200000000.0
1762887299.1269903,6,3200000000.0
1762887299.1269903,7,3200000000.0
1762887299.1269903,8,3200000000.0
1762887299.1269903,9,3200000000.0
1762887299.1269903,0,3200000000.0
1762887299.1269903,1,3200000000.0
1762887299.1269903,2,3200000000.0
1762887299.1269903,3,3200000000.0
1762887299.1269903,4,3200000000.0
1762887299.1269903,5,3200000000.0
1762887299.1269903,6,3200000000.0
1762887299.1269903,7,3200000000.0
1762887299.1269903,8,3200000000.0
1762887299.1269903,9,3200000000.0
1762887299.1269903,0,3200000000.0
1762887299.1269903,1,3200000000.0
1762887299.1269903,2,3200000000.0
1762887299.1269903,3,3200000000.0
1762887299.1269903,4,3200000000.0
1762887299.1269903,5,3200000000.0
1762887299.1269903,6,3200000000.0
1762887299.1269903,7,3200000000.0
1762887299.1269903,8,3200000000.0
1762887299.1269903,9,3200000000.0
1762887299.1269903,0,3200000000.0
1762887299.1269903,1,3000000000.0
1762887299.1269903,2,3200000000.0
1762887299.1269903,3,3200000000.0
1762887299.1269903,4,3200000000.0
1762887299.1269903,5,3200000000.0
1762887299.1269903,6,3200000000.0
1762887299.1269903,7,3200000000.0
1762887299.1269903,8,3200000000.0
1762887299.1269903,9,3200000000.0
1762887299.1269903,0,3200000000.0
1762887299.1269903,1,3200000000.0
1762887299.1269903,2,3200000000.0
1762887299.1269903,3,3200000000.0
1762887299.1269903,4,3200000000.0
1762887299.1269903,5,3200000000.0
1762887299.1269903,6,3200000000.0
1762887299.1269903,7,3200000000.0
1762887299.1269903,8,3200000000.0
1762887299.1269903,9,3200000000.0
1762887299.1269903,0,3200000000.0
1762887299.1269903,1,3200000000.0
1762887299.1269903,2,3200000000.0
1762887299.1269903,3,3000000000.0
1762887299.1269903,4,3200000000.0
1762887299.1269903,5,3200000000.0
1762887299.1269903,6,3200000000.0
1762887299.1269903,7,3200000000.0
1762887299.1269903,8,3200000000.0
1762887299.1269903,9,3200000000.0
1762887299.1269903,0,3200000000.0
1762887299.1269903,1,3200000000.0
1762887299.1269903,2,3200000000.0
1762887299.1269903,3,3200000000.0
1762887299.1269903,4,3200000000.0
1762887299.1269903,5,3200000000.0
1762887299.1269903,6,3200000000.0
1762887299.1269903,7,3200000000.0
1762887299.1269903,8,3200000000.0
1762887299.1269903,9,3200000000.0
1762887299.1269903,0,3200000000.0
1762887299.1269903,1,3200000000.0
1762887299.1269903,2,3200000000.0
1762887299.1269903,3,3200000000.0
1762887299.1269903,4,3200000000.0
1762887299.1269903,5,3200000000.0
1762887299.1269903,6,3200000000.0
1762887299.1269903,7,3200000000.0
1762887299.1269903,8,3200000000.0
1762887299.1269903,9,3200000000.0
1762887299.1269903,0,3200000000.0
1762887299.1269903,1,3200000000.0
1762887299.1269903,2,3200000000.0
1762887299.1269903,3,3200000000.0
1762887299.1269903,4,3200000000.0
1762887299.1269903,5,3200000000.0
1762887300.1269965,0,3200000000.0
1762887300.1269965,1,3200000000.0
1762887300.1269965,2,3200000000.0
1762887300.1269965,3,3200000000.0
1762887300.1269965,4,3200000000.0
1762887300.1269965,5,3200000000.0
1762887300.1269965,6,3200000000.0
1762887300.1269965,7,3200000000.0
1762887300.1269965,8,3200000000.0
1762887300.1269965,9,3200000000.0
1762887300.1269965,0,3200000000.0
1762887300.1269965,1,3200000000.0
1762887300.1269965,2,3200000000.0
1762887300.1269965,3,3200000000.0
1762887300.1269965,4,3200000000.0
1762887300.1269965,5,3200000000.0
1762887300.1269965,6,3200000000.0
1762887300.1269965,7,3200000000.0
1762887300.1269965,8,3200000000.0
1762887300.1269965,9,3200000000.0
1762887300.1269965,0,3200000000.0
1762887300.1269965,1,3200000000.0
1762887300.1269965,2,3200000000.0
1762887300.1269965,3,3200000000.0
1762887300.1269965,4,3200000000.0
1762887300.1269965,5,3200000000.0
1762887300.1269965,6,3200000000.0
1762887300.1269965,7,3200000000.0
1762887300.1269965,8,3200000000.0
1762887300.1269965,9,3200000000.0
1762887300.1269965,0,3200000000.0
1762887300.1269965,1,3200000000.0
1762887300.1269965,2,3200000000.0
1762887300.1269965,3,3200000000.0
1762887300.1269965,4,3200000000.0
1762887300.1269965,5,3200000000.0
1762887300.1269965,6,3200000000.0
1762887300.1269965,7,3200000000.0
1762887300.1269965,8,3200000000.0
1762887300.1269965,9,3200000000.0
1762887300.1269965,0,3200000000.0
1762887300.1269965,1,3200000000.0
1762887300.1269965,2,3200000000.0
1762887300.1269965,3,3200000000.0
1762887300.1269965,4,3200000000.0
1762887300.1269965,5,3200000000.0
1762887300.1269965,6,3200000000.0
1762887300.1269965,7,3200000000.0
1762887300.1269965,8,3200000000.0
1762887300.1269965,9,3200000000.0
1762887300.1269965,0,3200000000.0
1762887300.1269965,1,3200000000.0
1762887300.1269965,2,3200000000.0
1762887300.1269965,3,3200000000.0
1762887300.1269965,4,3200000000.0
1762887300.1269965,5,3200000000.0
1762887300.1269965,6,3200000000.0
1762887300.1269965,7,3200000000.0
1762887300.1269965,8,3200000000.0
1762887300.1269965,9,3200000000.0
1762887300.1269965,0,3200000000.0
1762887300.1269965,1,3200000000.0
1762887300.1269965,2,3200000000.0
1762887300.1269965,3,3200000000.0
1762887300.1269965,4,3200000000.0
1762887300.1269965,5,3200000000.0
1762887300.1269965,6,3200000000.0
1762887300.1269965,7,3200000000.0
1762887300.1269965,8,3200000000.0
1762887300.1269965,9,3200000000.0
1762887300.1269965,0,3200000000.0
1762887300.1269965,1,3200000000.0
1762887300.1269965,2,3200000000.0
1762887300.1269965,3,3200000000.0
1762887300.1269965,4,3200000000.0
1762887300.1269965,5,3200000000.0
1762887300.1269965,6,3200000000.0
1762887300.1269965,7,3200000000.0
1762887300.1269965,8,3200000000.0
1762887300.1269965,9,3200000000.0
1762887300.1269965,0,3200000000.0
1762887300.1269965,1,3200000000.0
1762887300.1269965,2,3200000000.0
1762887300.1269965,3,3200000000.0
1762887300.1269965,4,3200000000.0
1762887300.1269965,5,3200000000.0
1762887300.1269965,6,3200000000.0
1762887300.1269965,7,3200000000.0
1762887300.1269965,8,3200000000.0
1762887300.1269965,9,3200000000.0
1762887300.1269965,0,3200000000.0
1762887300.1269965,1,3200000000.0
1762887300.1269965,2,3200000000.0
1762887300.1269965,3,3200000000.0
1762887300.1269965,4,3200000000.0
1762887300.1269965,5,3200000000.0
1762887301.1269903,0,3200000000.0
1762887301.1269903,1,3200000000.0
1762887301.1269903,2,3200000000.0
1762887301.1269903,3,3200000000.0
1762887301.1269903,4,3200000000.0
1762887301.1269903,5,3200000000.0
1762887301.1269903,6,3200000000.0
1762887301.1269903,7,3200000000.0
1762887301.1269903,8,3200000000.0
1762887301.1269903,9,3200000000.0
1762887301.1269903,0,3200000000.0
1762887301.1269903,1,3200000000.0
1762887301.1269903,2,3200000000.0
1762887301.1269903,3,3200000000.0
1762887301.1269903,4,3200000000.0
1762887301.1269903,5,3200000000.0
1762887301.1269903,6,3200000000.0
1762887301.1269903,7,3200000000.0
1762887301.1269903,8,3200000000.0
1762887301.1269903,9,3200000000.0
1762887301.1269903,0,3200000000.0
1762887301.1269903,1,3200000000.0
1762887301.1269903,2,3200000000.0
1762887301.1269903,3,3200000000.0
1762887301.1269903,4,3200000000.0
1762887301.1269903,5,3200000000.0
1762887301.1269903,6,3200000000.0
1762887301.1269903,7,3200000000.0
1762887301.1269903,8,3200000000.0
1762887301.1269903,9,3200000000.0
1762887301.1269903,0,3200000000.0
1762887301.1269903,1,3200000000.0
1762887301.1269903,2,3200000000.0
1762887301.1269903,3,3200000000.0
1762887301.1269903,4,3200000000.0
1762887301.1269903,5,3200000000.0
1762887301.1269903,6,3200000000.0
1762887301.1269903,7,3200000000.0
1762887301.1269903,8,3200000000.0
1762887301.1269903,9,3200000000.0
1762887301.1269903,0,3200000000.0
1762887301.1269903,1,3200000000.0
1762887301.1269903,2,3200000000.0
1762887301.1269903,3,3200000000.0
1762887301.1269903,4,3200000000.0
1762887301.1269903,5,3200000000.0
1762887301.1269903,6,3200000000.0
1762887301.1269903,7,3200000000.0
1762887301.1269903,8,3200000000.0
1762887301.1269903,9,3200000000.0
1762887301.1269903,0,3200000000.0
1762887301.1269903,1,3200000000.0
1762887301.1269903,2,3200000000.0
1762887301.1269903,3,3200000000.0
1762887301.1269903,4,3200000000.0
1762887301.1269903,5,3200000000.0
1762887301.1269903,6,3200000000.0
1762887301.1269903,7,3200000000.0
1762887301.1269903,8,3200000000.0
1762887301.1269903,9,3200000000.0
1762887301.1269903,0,3200000000.0
1762887301.1269903,1,3200000000.0
1762887301.1269903,2,3200000000.0
1762887301.1269903,3,3200000000.0
1762887301.1269903,4,3200000000.0
1762887301.1269903,5,3200000000.0
1762887301.1269903,6,3200000000.0
1762887301.1269903,7,3200000000.0
1762887301.1269903,8,3200000000.0
1762887301.1269903,9,3200000000.0
1762887301.1269903,0,3200000000.0
1762887301.1269903,1,3200000000.0
1762887301.1269903,2,3200000000.0
1762887301.1269903,3,3200000000.0
1762887301.1269903,4,3200000000.0
1762887301.1269903,5,3200000000.0
1762887301.1269903,6,3200000000.0
1762887301.1269903,7,3200000000.0
1762887301.1269903,8,3200000000.0
1762887301.1269903,9,3200000000.0
1762887301.1269903,0,3200000000.0
1762887301.1269903,1,3200000000.0
1762887301.1269903,2,3200000000.0
1762887301.1269903,3,3200000000.0
1762887301.1269903,4,3200000000.0
1762887301.1269903,5,3200000000.0
1762887301.1269903,6,3200000000.0
1762887301.1269903,7,3200000000.0
1762887301.1269903,8,3200000000.0
1762887301.1269903,9,3200000000.0
1762887301.1269903,0,3200000000.0
1762887301.1269903,1,3200000000.0
1762887301.1269903,2,3200000000.0
1762887301.1269903,3,3200000000.0
1762887301.1269903,4,3200000000.0
1762887301.1269903,5,3200000000.0
1762887302.1269813,0,3200000000.0
1762887302.1269813,1,3200000000.0
1762887302.1269813,2,3200000000.0
1762887302.1269813,3,3200000000.0
1762887302.1269813,4,3200000000.0
1762887302.1269813,5,3200000000.0
1762887302.1269813,6,3200000000.0
1762887302.1269813,7,3200000000.0
1762887302.1269813,8,3200000000.0
1762887302.1269813,9,3200000000.0
1762887302.1269813,0,3200000000.0
1762887302.1269813,1,3200000000.0
1762887302.1269813,2,3200000000.0
1762887302.1269813,3,3200000000.0
1762887302.1269813,4,3200000000.0
1762887302.1269813,5,3200000000.0
1762887302.1269813,6,3200000000.0
1762887302.1269813,7,3200000000.0
1762887302.1269813,8,3200000000.0
1762887302.1269813,9,3200000000.0
1762887302.1269813,0,3200000000.0
1762887302.1269813,1,3200000000.0
1762887302.1269813,2,3200000000.0
1762887302.1269813,3,3200000000.0
1762887302.1269813,4,3200000000.0
1762887302.1269813,5,3200000000.0
1762887302.1269813,6,3200000000.0
1762887302.1269813,7,3200000000.0
1762887302.1269813,8,3200000000.0
1762887302.1269813,9,3200000000.0
1762887302.1269813,0,3200000000.0
1762887302.1269813,1,3200000000.0
1762887302.1269813,2,3200000000.0
1762887302.1269813,3,3200000000.0
1762887302.1269813,4,3200000000.0
1762887302.1269813,5,3200000000.0
1762887302.1269813,6,3200000000.0
1762887302.1269813,7,3200000000.0
1762887302.1269813,8,3200000000.0
1762887302.1269813,9,3200000000.0
1762887302.1269813,0,3200000000.0
1762887302.1269813,1,3200000000.0
1762887302.1269813,2,3200000000.0
1762887302.1269813,3,3200000000.0
1762887302.1269813,4,3200000000.0
1762887302.1269813,5,3200000000.0
1762887302.1269813,6,3200000000.0
1762887302.1269813,7,3200000000.0
1762887302.1269813,8,3200000000.0
1762887302.1269813,9,3200000000.0
1762887302.1269813,0,3200000000.0
1762887302.1269813,1,3200000000.0
1762887302.1269813,2,3200000000.0
1762887302.1269813,3,3200000000.0
1762887302.1269813,4,3200000000.0
1762887302.1269813,5,3200000000.0
1762887302.1269813,6,3200000000.0
1762887302.1269813,7,3200000000.0
1762887302.1269813,8,3200000000.0
1762887302.1269813,9,3200000000.0
1762887302.1269813,0,3200000000.0
1762887302.1269813,1,3200000000.0
1762887302.1269813,2,3200000000.0
1762887302.1269813,3,3200000000.0
1762887302.1269813,4,3200000000.0
1762887302.1269813,5,3200000000.0
1762887302.1269813,6,3200000000.0
1762887302.1269813,7,3200000000.0
1762887302.1269813,8,3200000000.0
1762887302.1269813,9,3200000000.0
1762887302.1269813,0,3200000000.0
1762887302.1269813,1,3200000000.0
1762887302.1269813,2,3200000000.0
1762887302.1269813,3,3200000000.0
1762887302.1269813,4,3200000000.0
1762887302.1269813,5,3200000000.0
1762887302.1269813,6,3200000000.0
1762887302.1269813,7,3200000000.0
1762887302.1269813,8,3200000000.0
1762887302.1269813,9,3200000000.0
1762887302.1269813,0,3200000000.0
1762887302.1269813,1,3200000000.0
1762887302.1269813,2,3200000000.0
1762887302.1269813,3,3200000000.0
1762887302.1269813,4,3200000000.0
1762887302.1269813,5,3200000000.0
1762887302.1269813,6,3200000000.0
1762887302.1269813,7,3200000000.0
1762887302.1269813,8,3200000000.0
1762887302.1269813,9,3200000000.0
1762887302.1269813,0,3200000000.0
1762887302.1269813,1,3200000000.0
1762887302.1269813,2,3200000000.0
1762887302.1269813,3,3200000000.0
1762887302.1269813,4,3200000000.0
1762887302.1269813,5,3200000000.0
1762887303.127012,0,3200000000.0
1762887303.127012,1,3200000000.0
1762887303.127012,2,3200000000.0
1762887303.127012,3,3200000000.0
1762887303.127012,4,3000000000.0
1762887303.127012,5,3200000000.0
1762887303.127012,6,3200000000.0
1762887303.127012,7,3200000000.0
1762887303.127012,8,3200000000.0
1762887303.127012,9,3200000000.0
1762887303.127012,0,3200000000.0
1762887303.127012,1,3200000000.0
1762887303.127012,2,3200000000.0
1762887303.127012,3,3200000000.0
1762887303.127012,4,3200000000.0
1762887303.127012,5,3000000000.0
1762887303.127012,6,3200000000.0
1762887303.127012,7,3200000000.0
1762887303.127012,8,3200000000.0
1762887303.127012,9,3200000000.0
1762887303.127012,0,3200000000.0
1762887303.127012,1,3200000000.0
1762887303.127012,2,3200000000.0
1762887303.127012,3,3200000000.0
1762887303.127012,4,3200000000.0
1762887303.127012,5,3200000000.0
1762887303.127012,6,3200000000.0
1762887303.127012,7,3200000000.0
1762887303.127012,8,3200000000.0
1762887303.127012,9,3200000000.0
1762887303.127012,0,3200000000.0
1762887303.127012,1,3200000000.0
1762887303.127012,2,3200000000.0
1762887303.127012,3,3200000000.0
1762887303.127012,4,3200000000.0
1762887303.127012,5,3200000000.0
1762887303.127012,6,3200000000.0
1762887303.127012,7,3200000000.0
1762887303.127012,8,3200000000.0
1762887303.127012,9,3200000000.0
1762887303.127012,0,3200000000.0
1762887303.127012,1,3200000000.0
1762887303.127012,2,3200000000.0
1762887303.127012,3,3200000000.0
1762887303.127012,4,3200000000.0
1762887303.127012,5,3200000000.0
1762887303.127012,6,3200000000.0
1762887303.127012,7,3200000000.0
1762887303.127012,8,3200000000.0
1762887303.127012,9,3200000000.0
1762887303.127012,0,3200000000.0
1762887303.127012,1,3200000000.0
1762887303.127012,2,3200000000.0
1762887303.127012,3,3200000000.0
1762887303.127012,4,3200000000.0
1762887303.127012,5,3200000000.0
1762887303.127012,6,3200000000.0
1762887303.127012,7,3200000000.0
1762887303.127012,8,3200000000.0
1762887303.127012,9,3200000000.0
1762887303.127012,0,3200000000.0
1762887303.127012,1,3200000000.0
1762887303.127012,2,3200000000.0
1762887303.127012,3,3200000000.0
1762887303.127012,4,3200000000.0
1762887303.127012,5,3200000000.0
1762887303.127012,6,3200000000.0
1762887303.127012,7,3200000000.0
1762887303.127012,8,3200000000.0
1762887303.127012,9,3200000000.0
1762887303.127012,0,3200000000.0
1762887303.127012,1,3200000000.0
1762887303.127012,2,3200000000.0
1762887303.127012,3,3200000000.0
1762887303.127012,4,3200000000.0
1762887303.127012,5,3200000000.0
1762887303.127012,6,3200000000.0
1762887303.127012,7,3200000000.0
1762887303.127012,8,3200000000.0
1762887303.127012,9,3000000000.0
1762887303.127012,0,3200000000.0
1762887303.127012,1,3200000000.0
1762887303.127012,2,3200000000.0
1762887303.127012,3,3200000000.0
1762887303.127012,4,3000000000.0
1762887303.127012,5,3200000000.0
1762887303.127012,6,3200000000.0
1762887303.127012,7,3200000000.0
1762887303.127012,8,3200000000.0
1762887303.127012,9,3200000000.0
1762887303.127012,0,3200000000.0
1762887303.127012,1,3200000000.0
1762887303.127012,2,3200000000.0
1762887303.127012,3,3200000000.0
1762887303.127012,4,3200000000.0
1762887303.127012,5,3200000000.0
1762887304.1280315,0,3200000000.0
1762887304.1280315,1,3200000000.0
1762887304.1280315,2,3200000000.0
1762887304.1280315,3,3200000000.0
1762887304.1280315,4,3200000000.0
1762887304.1280315,5,3200000000.0
1762887304.1280315,6,3200000000.0
1762887304.1280315,7,3200000000.0
1762887304.1280315,8,3000000000.0
1762887304.1280315,9,3200000000.0
1762887304.1280315,0,3200000000.0
1762887304.1280315,1,3200000000.0
1762887304.1280315,2,3200000000.0
1762887304.1280315,3,3200000000.0
1762887304.1280315,4,3200000000.0
1762887304.1280315,5,3200000000.0
1762887304.1280315,6,3200000000.0
1762887304.1280315,7,3200000000.0
1762887304.1280315,8,3200000000.0
1762887304.1280315,9,3200000000.0
1762887304.1280315,0,3200000000.0
1762887304.1280315,1,3200000000.0
1762887304.1280315,2,3200000000.0
1762887304.1280315,3,3200000000.0
1762887304.1280315,4,3200000000.0
1762887304.1280315,5,3200000000.0
1762887304.1280315,6,3200000000.0
1762887304.1280315,7,3200000000.0
1762887304.1280315,8,3200000000.0
1762887304.1280315,9,3200000000.0
1762887304.1280315,0,3200000000.0
1762887304.1280315,1,3200000000.0
1762887304.1280315,2,3200000000.0
1762887304.1280315,3,3200000000.0
1762887304.1280315,4,3200000000.0
1762887304.1280315,5,3200000000.0
1762887304.1280315,6,3200000000.0
1762887304.1280315,7,3200000000.0
1762887304.1280315,8,3200000000.0
1762887304.1280315,9,3200000000.0
1762887304.1280315,0,3200000000.0
1762887304.1280315,1,3200000000.0
1762887304.1280315,2,3200000000.0
1762887304.1280315,3,3200000000.0
1762887304.1280315,4,3200000000.0
1762887304.1280315,5,3200000000.0
1762887304.1280315,6,3200000000.0
1762887304.1280315,7,3200000000.0
1762887304.1280315,8,3200000000.0
1762887304.1280315,9,3200000000.0
1762887304.1280315,0,3200000000.0
1762887304.1280315,1,3200000000.0
1762887304.1280315,2,3200000000.0
1762887304.1280315,3,3200000000.0
1762887304.1280315,4,3200000000.0
1762887304.1280315,5,3200000000.0
1762887304.1280315,6,3200000000.0
1762887304.1280315,7,3200000000.0
1762887304.1280315,8,3200000000.0
1762887304.1280315,9,3200000000.0
1762887304.1280315,0,3200000000.0
1762887304.1280315,1,3200000000.0
1762887304.1280315,2,3200000000.0
1762887304.1280315,3,3200000000.0
1762887304.1280315,4,3200000000.0
1762887304.1280315,5,3200000000.0
1762887304.1280315,6,3200000000.0
1762887304.1280315,7,3200000000.0
1762887304.1280315,8,3200000000.0
1762887304.1280315,9,3200000000.0
1762887304.1280315,0,3200000000.0
1762887304.1280315,1,3200000000.0
1762887304.1280315,2,3200000000.0
1762887304.1280315,3,3200000000.0
1762887304.1280315,4,3200000000.0
1762887304.1280315,5,3200000000.0
1762887304.1280315,6,3200000000.0
1762887304.1280315,7,3200000000.0
1762887304.1280315,8,3200000000.0
1762887304.1280315,9,3200000000.0
1762887304.1280315,0,3200000000.0
1762887304.1280315,1,3200000000.0
1762887304.1280315,2,3200000000.0
1762887304.1280315,3,3200000000.0
1762887304.1280315,4,3200000000.0
1762887304.1280315,5,3200000000.0
1762887304.1280315,6,3200000000.0
1762887304.1280315,7,3200000000.0
1762887304.1280315,8,3200000000.0
1762887304.1280315,9,3200000000.0
1762887304.1280315,0,3200000000.0
1762887304.1280315,1,3200000000.0
1762887304.1280315,2,3200000000.0
1762887304.1280315,3,3200000000.0
1762887304.1280315,4,3200000000.0
1762887304.1280315,5,3200000000.0
1762887305.1269782,0,3200000000.0
1762887305.1269782,1,3200000000.0
1762887305.1269782,2,3200000000.0
1762887305.1269782,3,3200000000.0
1762887305.1269782,4,3200000000.0
1762887305.1269782,5,3200000000.0
1762887305.1269782,6,3200000000.0
1762887305.1269782,7,3200000000.0
1762887305.1269782,8,3200000000.0
1762887305.1269782,9,3200000000.0
1762887305.1269782,0,3200000000.0
1762887305.1269782,1,3200000000.0
1762887305.1269782,2,3200000000.0
1762887305.1269782,3,3200000000.0
1762887305.1269782,4,3200000000.0
1762887305.1269782,5,3200000000.0
1762887305.1269782,6,3200000000.0
1762887305.1269782,7,3200000000.0
1762887305.1269782,8,3200000000.0
1762887305.1269782,9,3200000000.0
1762887305.1269782,0,3200000000.0
1762887305.1269782,1,3200000000.0
1762887305.1269782,2,3200000000.0
1762887305.1269782,3,3200000000.0
1762887305.1269782,4,3200000000.0
1762887305.1269782,5,3200000000.0
1762887305.1269782,6,3200000000.0
1762887305.1269782,7,3200000000.0
1762887305.1269782,8,3200000000.0
1762887305.1269782,9,3200000000.0
1762887305.1269782,0,3200000000.0
1762887305.1269782,1,3200000000.0
1762887305.1269782,2,3200000000.0
1762887305.1269782,3,3200000000.0
1762887305.1269782,4,3200000000.0
1762887305.1269782,5,3200000000.0
1762887305.1269782,6,3200000000.0
1762887305.1269782,7,3200000000.0
1762887305.1269782,8,3200000000.0
1762887305.1269782,9,3000000000.0
1762887305.1269782,0,3200000000.0
1762887305.1269782,1,3200000000.0
1762887305.1269782,2,3200000000.0
1762887305.1269782,3,3200000000.0
1762887305.1269782,4,3200000000.0
1762887305.1269782,5,3200000000.0
1762887305.1269782,6,3200000000.0
1762887305.1269782,7,3200000000.0
1762887305.1269782,8,3200000000.0
1762887305.1269782,9,3200000000.0
1762887305.1269782,0,3200000000.0
1762887305.1269782,1,3200000000.0
1762887305.1269782,2,3200000000.0
1762887305.1269782,3,3200000000.0
1762887305.1269782,4,3200000000.0
1762887305.1269782,5,3200000000.0
1762887305.1269782,6,3200000000.0
1762887305.1269782,7,3200000000.0
1762887305.1269782,8,3200000000.0
1762887305.1269782,9,3200000000.0
1762887305.1269782,0,3200000000.0
1762887305.1269782,1,3200000000.0
1762887305.1269782,2,3200000000.0
1762887305.1269782,3,3000000000.0
1762887305.1269782,4,3200000000.0
1762887305.1269782,5,3200000000.0
1762887305.1269782,6,3200000000.0
1762887305.1269782,7,3000000000.0
1762887305.1269782,8,3200000000.0
1762887305.1269782,9,3200000000.0
1762887305.1269782,0,3200000000.0
1762887305.1269782,1,3200000000.0
1762887305.1269782,2,3200000000.0
1762887305.1269782,3,3200000000.0
1762887305.1269782,4,3200000000.0
1762887305.1269782,5,3200000000.0
1762887305.1269782,6,3200000000.0
1762887305.1269782,7,3200000000.0
1762887305.1269782,8,3200000000.0
1762887305.1269782,9,3200000000.0
1762887305.1269782,0,3200000000.0
1762887305.1269782,1,3200000000.0
1762887305.1269782,2,3200000000.0
1762887305.1269782,3,3200000000.0
1762887305.1269782,4,3200000000.0
1762887305.1269782,5,3200000000.0
1762887305.1269782,6,3200000000.0
1762887305.1269782,7,3200000000.0
1762887305.1269782,8,3200000000.0
1762887305.1269782,9,3200000000.0
1762887305.1269782,0,3200000000.0
1762887305.1269782,1,3200000000.0
1762887305.1269782,2,3200000000.0
1762887305.1269782,3,3200000000.0
1762887305.1269782,4,3200000000.0
1762887305.1269782,5,3200000000.0
1762887306.1269896,0,3200000000.0
1762887306.1269896,1,3200000000.0
1762887306.1269896,2,3200000000.0
1762887306.1269896,3,3200000000.0
1762887306.1269896,4,3200000000.0
1762887306.1269896,5,3200000000.0
1762887306.1269896,6,3200000000.0
1762887306.1269896,7,3200000000.0
1762887306.1269896,8,3200000000.0
1762887306.1269896,9,3200000000.0
1762887306.1269896,0,3200000000.0
1762887306.1269896,1,3200000000.0
1762887306.1269896,2,3200000000.0
1762887306.1269896,3,3200000000.0
1762887306.1269896,4,3200000000.0
1762887306.1269896,5,3200000000.0
1762887306.1269896,6,3200000000.0
1762887306.1269896,7,3200000000.0
1762887306.1269896,8,3200000000.0
1762887306.1269896,9,3200000000.0
1762887306.1269896,0,3200000000.0
1762887306.1269896,1,3200000000.0
1762887306.1269896,2,3200000000.0
1762887306.1269896,3,3200000000.0
1762887306.1269896,4,3200000000.0
1762887306.1269896,5,3200000000.0
1762887306.1269896,6,3200000000.0
1762887306.1269896,7,3200000000.0
1762887306.1269896,8,3200000000.0
1762887306.1269896,9,3200000000.0
1762887306.1269896,0,3200000000.0
1762887306.1269896,1,3200000000.0
1762887306.1269896,2,3200000000.0
1762887306.1269896,3,3200000000.0
1762887306.1269896,4,3200000000.0
1762887306.1269896,5,3200000000.0
1762887306.1269896,6,3200000000.0
1762887306.1269896,7,3200000000.0
1762887306.1269896,8,3200000000.0
1762887306.1269896,9,3000000000.0
1762887306.1269896,0,3200000000.0
1762887306.1269896,1,3200000000.0
1762887306.1269896,2,3200000000.0
1762887306.1269896,3,3200000000.0
1762887306.1269896,4,3200000000.0
1762887306.1269896,5,3200000000.0
1762887306.1269896,6,3200000000.0
1762887306.1269896,7,3200000000.0
1762887306.1269896,8,3200000000.0
1762887306.1269896,9,3000000000.0
1762887306.1269896,0,3200000000.0
1762887306.1269896,1,3200000000.0
1762887306.1269896,2,3200000000.0
1762887306.1269896,3,3200000000.0
1762887306.1269896,4,3200000000.0
1762887306.1269896,5,3200000000.0
1762887306.1269896,6,3200000000.0
1762887306.1269896,7,3200000000.0
1762887306.1269896,8,3200000000.0
1762887306.1269896,9,3200000000.0
1762887306.1269896,0,3200000000.0
1762887306.1269896,1,3200000000.0
1762887306.1269896,2,3200000000.0
1762887306.1269896,3,3200000000.0
1762887306.1269896,4,3200000000.0
1762887306.1269896,5,3200000000.0
1762887306.1269896,6,3200000000.0
1762887306.1269896,7,3200000000.0
1762887306.1269896,8,3200000000.0
1762887306.1269896,9,3200000000.0
1762887306.1269896,0,3200000000.0
1762887306.1269896,1,3200000000.0
1762887306.1269896,2,3200000000.0
1762887306.1269896,3,3200000000.0
1762887306.1269896,4,3200000000.0
1762887306.1269896,5,3200000000.0
1762887306.1269896,6,3200000000.0
1762887306.1269896,7,3200000000.0
1762887306.1269896,8,3200000000.0
1762887306.1269896,9,3000000000.0
1762887306.1269896,0,3200000000.0
1762887306.1269896,1,3200000000.0
1762887306.1269896,2,3200000000.0
1762887306.1269896,3,3200000000.0
1762887306.1269896,4,3200000000.0
1762887306.1269896,5,3200000000.0
1762887306.1269896,6,3200000000.0
1762887306.1269896,7,3200000000.0
1762887306.1269896,8,3200000000.0
1762887306.1269896,9,3200000000.0
1762887306.1269896,0,3200000000.0
1762887306.1269896,1,3200000000.0
1762887306.1269896,2,3200000000.0
1762887306.1269896,3,3200000000.0
1762887306.1269896,4,3200000000.0
1762887306.1269896,5,3200000000.0
1762887307.126981,0,3200000000.0
1762887307.126981,1,3200000000.0
1762887307.126981,2,3200000000.0
1762887307.126981,3,3200000000.0
1762887307.126981,4,3200000000.0
1762887307.126981,5,3200000000.0
1762887307.126981,6,3200000000.0
1762887307.126981,7,3200000000.0
1762887307.126981,8,3200000000.0
1762887307.126981,9,3200000000.0
1762887307.126981,0,3200000000.0
1762887307.126981,1,3200000000.0
1762887307.126981,2,3200000000.0
1762887307.126981,3,3200000000.0
1762887307.126981,4,3200000000.0
1762887307.126981,5,3200000000.0
1762887307.126981,6,3200000000.0
1762887307.126981,7,3200000000.0
1762887307.126981,8,3200000000.0
1762887307.126981,9,3200000000.0
1762887307.126981,0,3200000000.0
1762887307.126981,1,3200000000.0
1762887307.126981,2,3200000000.0
1762887307.126981,3,3200000000.0
1762887307.126981,4,3200000000.0
1762887307.126981,5,3200000000.0
1762887307.126981,6,3200000000.0
1762887307.126981,7,3200000000.0
1762887307.126981,8,3200000000.0
1762887307.126981,9,3200000000.0
1762887307.126981,0,3200000000.0
1762887307.126981,1,3200000000.0
1762887307.126981,2,3200000000.0
1762887307.126981,3,3200000000.0
1762887307.126981,4,3200000000.0
1762887307.126981,5,3200000000.0
1762887307.126981,6,3200000000.0
1762887307.126981,7,3200000000.0
1762887307.126981,8,3200000000.0
1762887307.126981,9,3200000000.0
1762887307.126981,0,3200000000.0
1762887307.126981,1,3200000000.0
1762887307.126981,2,3200000000.0
1762887307.126981,3,3200000000.0
1762887307.126981,4,3200000000.0
1762887307.126981,5,3200000000.0
1762887307.126981,6,3200000000.0
1762887307.126981,7,3200000000.0
1762887307.126981,8,3200000000.0
1762887307.126981,9,3200000000.0
1762887307.126981,0,3200000000.0
1762887307.126981,1,3200000000.0
1762887307.126981,2,3200000000.0
1762887307.126981,3,3200000000.0
1762887307.126981,4,3200000000.0
1762887307.126981,5,3200000000.0
1762887307.126981,6,3200000000.0
1762887307.126981,7,3200000000.0
1762887307.126981,8,3200000000.0
1762887307.126981,9,3200000000.0
1762887307.126981,0,3200000000.0
1762887307.126981,1,3200000000.0
1762887307.126981,2,3200000000.0
1762887307.126981,3,3200000000.0
1762887307.126981,4,3200000000.0
1762887307.126981,5,3200000000.0
1762887307.126981,6,3200000000.0
1762887307.126981,7,3200000000.0
1762887307.126981,8,3200000000.0
1762887307.126981,9,3200000000.0
1762887307.126981,0,3200000000.0
1762887307.126981,1,3200000000.0
1762887307.126981,2,3200000000.0
1762887307.126981,3,3200000000.0
1762887307.126981,4,3200000000.0
1762887307.126981,5,3200000000.0
1762887307.126981,6,3200000000.0
1762887307.126981,7,3200000000.0
1762887307.126981,8,3200000000.0
1762887307.126981,9,3200000000.0
1762887307.126981,0,3200000000.0
1762887307.126981,1,3200000000.0
1762887307.126981,2,3200000000.0
1762887307.126981,3,3200000000.0
1762887307.126981,4,3200000000.0
1762887307.126981,5,3200000000.0
1762887307.126981,6,3200000000.0
1762887307.126981,7,3200000000.0
1762887307.126981,8,3200000000.0
1762887307.126981,9,3200000000.0
1762887307.126981,0,3200000000.0
1762887307.126981,1,3200000000.0
1762887307.126981,2,3200000000.0
1762887307.126981,3,3200000000.0
1762887307.126981,4,3200000000.0
1762887307.126981,5,3200000000.0
1762887308.1269634,0,3200000000.0
1762887308.1269634,1,3200000000.0
1762887308.1269634,2,3200000000.0
1762887308.1269634,3,3200000000.0
1762887308.1269634,4,3200000000.0
1762887308.1269634,5,3200000000.0
1762887308.1269634,6,3200000000.0
1762887308.1269634,7,3200000000.0
1762887308.1269634,8,3200000000.0
1762887308.1269634,9,3200000000.0
1762887308.1269634,0,3200000000.0
1762887308.1269634,1,3200000000.0
1762887308.1269634,2,3200000000.0
1762887308.1269634,3,3200000000.0
1762887308.1269634,4,3200000000.0
1762887308.1269634,5,3200000000.0
1762887308.1269634,6,3200000000.0
1762887308.1269634,7,3200000000.0
1762887308.1269634,8,3200000000.0
1762887308.1269634,9,3200000000.0
1762887308.1269634,0,3200000000.0
1762887308.1269634,1,3200000000.0
1762887308.1269634,2,3200000000.0
1762887308.1269634,3,3200000000.0
1762887308.1269634,4,3200000000.0
1762887308.1269634,5,3200000000.0
1762887308.1269634,6,3200000000.0
1762887308.1269634,7,3200000000.0
1762887308.1269634,8,3200000000.0
1762887308.1269634,9,3200000000.0
1762887308.1269634,0,3200000000.0
1762887308.1269634,1,3200000000.0
1762887308.1269634,2,3200000000.0
1762887308.1269634,3,3200000000.0
1762887308.1269634,4,3200000000.0
1762887308.1269634,5,3200000000.0
1762887308.1269634,6,3200000000.0
1762887308.1269634,7,3200000000.0
1762887308.1269634,8,3200000000.0
1762887308.1269634,9,3200000000.0
1762887308.1269634,0,3200000000.0
1762887308.1269634,1,3200000000.0
1762887308.1269634,2,3200000000.0
1762887308.1269634,3,3200000000.0
1762887308.1269634,4,3200000000.0
1762887308.1269634,5,3200000000.0
1762887308.1269634,6,3200000000.0
1762887308.1269634,7,3200000000.0
1762887308.1269634,8,3200000000.0
1762887308.1269634,9,3200000000.0
1762887308.1269634,0,3200000000.0
1762887308.1269634,1,3200000000.0
1762887308.1269634,2,3200000000.0
1762887308.1269634,3,3200000000.0
1762887308.1269634,4,3200000000.0
1762887308.1269634,5,3200000000.0
1762887308.1269634,6,3200000000.0
1762887308.1269634,7,3200000000.0
1762887308.1269634,8,3200000000.0
1762887308.1269634,9,3200000000.0
1762887308.1269634,0,3200000000.0
1762887308.1269634,1,3200000000.0
1762887308.1269634,2,3200000000.0
1762887308.1269634,3,3200000000.0
1762887308.1269634,4,3200000000.0
1762887308.1269634,5,3200000000.0
1762887308.1269634,6,3200000000.0
1762887308.1269634,7,3200000000.0
1762887308.1269634,8,3200000000.0
1762887308.1269634,9,3200000000.0
1762887308.1269634,0,3200000000.0
1762887308.1269634,1,3200000000.0
1762887308.1269634,2,3200000000.0
1762887308.1269634,3,3200000000.0
1762887308.1269634,4,3200000000.0
1762887308.1269634,5,3200000000.0
1762887308.1269634,6,3200000000.0
1762887308.1269634,7,3200000000.0
1762887308.1269634,8,3200000000.0
1762887308.1269634,9,3200000000.0
1762887308.1269634,0,3200000000.0
1762887308.1269634,1,3200000000.0
1762887308.1269634,2,3200000000.0
1762887308.1269634,3,3200000000.0
1762887308.1269634,4,3200000000.0
1762887308.1269634,5,3200000000.0
1762887308.1269634,6,3200000000.0
1762887308.1269634,7,3200000000.0
1762887308.1269634,8,3200000000.0
1762887308.1269634,9,3200000000.0
1762887308.1269634,0,3200000000.0
1762887308.1269634,1,3200000000.0
1762887308.1269634,2,3200000000.0
1762887308.1269634,3,3200000000.0
1762887308.1269634,4,3200000000.0
1762887308.1269634,5,3200000000.0
1762887309.1280212,0,3200000000.0
1762887309.1280212,1,3200000000.0
1762887309.1280212,2,3200000000.0
1762887309.1280212,3,3200000000.0
1762887309.1280212,4,3200000000.0
1762887309.1280212,5,3200000000.0
1762887309.1280212,6,3200000000.0
1762887309.1280212,7,3200000000.0
1762887309.1280212,8,3200000000.0
1762887309.1280212,9,3200000000.0
1762887309.1280212,0,3200000000.0
1762887309.1280212,1,3200000000.0
1762887309.1280212,2,3200000000.0
1762887309.1280212,3,3200000000.0
1762887309.1280212,4,3200000000.0
1762887309.1280212,5,3200000000.0
1762887309.1280212,6,3200000000.0
1762887309.1280212,7,3200000000.0
1762887309.1280212,8,3200000000.0
1762887309.1280212,9,3200000000.0
1762887309.1280212,0,3200000000.0
1762887309.1280212,1,3200000000.0
1762887309.1280212,2,3200000000.0
1762887309.1280212,3,3200000000.0
1762887309.1280212,4,3200000000.0
1762887309.1280212,5,3200000000.0
1762887309.1280212,6,3200000000.0
1762887309.1280212,7,3200000000.0
1762887309.1280212,8,3200000000.0
1762887309.1280212,9,3200000000.0
1762887309.1280212,0,3200000000.0
1762887309.1280212,1,3200000000.0
1762887309.1280212,2,3200000000.0
1762887309.1280212,3,3200000000.0
1762887309.1280212,4,3200000000.0
1762887309.1280212,5,3200000000.0
1762887309.1280212,6,3200000000.0
1762887309.1280212,7,3200000000.0
1762887309.1280212,8,3200000000.0
1762887309.1280212,9,3200000000.0
1762887309.1280212,0,3200000000.0
1762887309.1280212,1,3200000000.0
1762887309.1280212,2,3200000000.0
1762887309.1280212,3,3200000000.0
1762887309.1280212,4,3200000000.0
1762887309.1280212,5,3200000000.0
1762887309.1280212,6,3200000000.0
1762887309.1280212,7,3200000000.0
1762887309.1280212,8,3200000000.0
1762887309.1280212,9,3200000000.0
1762887309.1280212,0,3200000000.0
1762887309.1280212,1,3200000000.0
1762887309.1280212,2,3200000000.0
1762887309.1280212,3,3200000000.0
1762887309.1280212,4,3200000000.0
1762887309.1280212,5,3200000000.0
1762887309.1280212,6,3200000000.0
1762887309.1280212,7,3200000000.0
1762887309.1280212,8,3200000000.0
1762887309.1280212,9,3200000000.0
1762887309.1280212,0,3200000000.0
1762887309.1280212,1,3200000000.0
1762887309.1280212,2,3200000000.0
1762887309.1280212,3,3200000000.0
1762887309.1280212,4,3200000000.0
1762887309.1280212,5,3200000000.0
1762887309.1280212,6,3200000000.0
1762887309.1280212,7,3200000000.0
1762887309.1280212,8,3200000000.0
1762887309.1280212,9,3200000000.0
1762887309.1280212,0,3200000000.0
1762887309.1280212,1,3200000000.0
1762887309.1280212,2,3200000000.0
1762887309.1280212,3,3200000000.0
1762887309.1280212,4,3200000000.0
1762887309.1280212,5,3200000000.0
1762887309.1280212,6,3200000000.0
1762887309.1280212,7,3200000000.0
1762887309.1280212,8,3200000000.0
1762887309.1280212,9,3200000000.0
1762887309.1280212,0,3200000000.0
1762887309.1280212,1,3200000000.0
1762887309.1280212,2,3200000000.0
1762887309.1280212,3,3200000000.0
1762887309.1280212,4,3200000000.0
1762887309.1280212,5,3200000000.0
1762887309.1280212,6,3200000000.0
1762887309.1280212,7,3200000000.0
1762887309.1280212,8,3200000000.0
1762887309.1280212,9,3200000000.0
1762887309.1280212,0,3200000000.0
1762887309.1280212,1,3200000000.0
1762887309.1280212,2,3200000000.0
1762887309.1280212,3,3200000000.0
1762887309.1280212,4,3200000000.0
1762887309.1280212,5,3200000000.0
1762887310.1270087,0,3200000000.0
1762887310.1270087,1,3200000000.0
1762887310.1270087,2,3200000000.0
1762887310.1270087,3,3200000000.0
1762887310.1270087,4,3200000000.0
1762887310.1270087,5,3200000000.0
1762887310.1270087,6,3200000000.0
1762887310.1270087,7,3200000000.0
1762887310.1270087,8,3200000000.0
1762887310.1270087,9,3200000000.0
1762887310.1270087,0,3200000000.0
1762887310.1270087,1,3200000000.0
1762887310.1270087,2,3200000000.0
1762887310.1270087,3,3200000000.0
1762887310.1270087,4,3200000000.0
1762887310.1270087,5,3200000000.0
1762887310.1270087,6,3200000000.0
1762887310.1270087,7,3200000000.0
1762887310.1270087,8,3200000000.0
1762887310.1270087,9,3200000000.0
1762887310.1270087,0,3200000000.0
1762887310.1270087,1,3200000000.0
1762887310.1270087,2,3200000000.0
1762887310.1270087,3,3200000000.0
1762887310.1270087,4,3200000000.0
1762887310.1270087,5,3200000000.0
1762887310.1270087,6,3200000000.0
1762887310.1270087,7,3200000000.0
1762887310.1270087,8,3200000000.0
1762887310.1270087,9,3200000000.0
1762887310.1270087,0,3200000000.0
1762887310.1270087,1,3200000000.0
1762887310.1270087,2,3200000000.0
1762887310.1270087,3,3200000000.0
1762887310.1270087,4,3200000000.0
1762887310.1270087,5,3200000000.0
1762887310.1270087,6,3200000000.0
1762887310.1270087,7,3200000000.0
1762887310.1270087,8,3200000000.0
1762887310.1270087,9,3200000000.0
1762887310.1270087,0,3200000000.0
1762887310.1270087,1,3200000000.0
1762887310.1270087,2,3200000000.0
1762887310.1270087,3,3200000000.0
1762887310.1270087,4,3200000000.0
1762887310.1270087,5,3200000000.0
1762887310.1270087,6,3200000000.0
1762887310.1270087,7,3200000000.0
1762887310.1270087,8,3200000000.0
1762887310.1270087,9,3200000000.0
1762887310.1270087,0,3200000000.0
1762887310.1270087,1,3200000000.0
1762887310.1270087,2,3200000000.0
1762887310.1270087,3,3200000000.0
1762887310.1270087,4,3200000000.0
1762887310.1270087,5,3200000000.0
1762887310.1270087,6,3200000000.0
1762887310.1270087,7,3200000000.0
1762887310.1270087,8,3200000000.0
1762887310.1270087,9,3200000000.0
1762887310.1270087,0,3200000000.0
1762887310.1270087,1,3200000000.0
1762887310.1270087,2,3200000000.0
1762887310.1270087,3,3200000000.0
1762887310.1270087,4,3200000000.0
1762887310.1270087,5,3200000000.0
1762887310.1270087,6,3200000000.0
1762887310.1270087,7,3200000000.0
1762887310.1270087,8,3200000000.0
1762887310.1270087,9,3200000000.0
1762887310.1270087,0,3200000000.0
1762887310.1270087,1,3200000000.0
1762887310.1270087,2,3200000000.0
1762887310.1270087,3,3200000000.0
1762887310.1270087,4,3200000000.0
1762887310.1270087,5,3200000000.0
1762887310.1270087,6,3200000000.0
1762887310.1270087,7,3200000000.0
1762887310.1270087,8,3200000000.0
1762887310.1270087,9,3200000000.0
1762887310.1270087,0,3200000000.0
1762887310.1270087,1,3200000000.0
1762887310.1270087,2,3200000000.0
1762887310.1270087,3,3200000000.0
1762887310.1270087,4,3200000000.0
1762887310.1270087,5,3200000000.0
1762887310.1270087,6,3200000000.0
1762887310.1270087,7,3200000000.0
1762887310.1270087,8,3200000000.0
1762887310.1270087,9,3200000000.0
1762887310.1270087,0,3200000000.0
1762887310.1270087,1,3200000000.0
1762887310.1270087,2,3200000000.0
1762887310.1270087,3,3200000000.0
1762887310.1270087,4,3200000000.0
1762887310.1270087,5,3200000000.0
1762887311.126959,0,3200000000.0
1762887311.126959,1,3200000000.0
1762887311.126959,2,3200000000.0
1762887311.126959,3,3200000000.0
1762887311.126959,4,3200000000.0
1762887311.126959,5,3200000000.0
1762887311.126959,6,3200000000.0
1762887311.126959,7,3200000000.0
1762887311.126959,8,3200000000.0
1762887311.126959,9,3200000000.0
1762887311.126959,0,3200000000.0
1762887311.126959,1,3200000000.0
1762887311.126959,2,3200000000.0
1762887311.126959,3,3200000000.0
1762887311.126959,4,3200000000.0
1762887311.126959,5,3200000000.0
1762887311.126959,6,3200000000.0
1762887311.126959,7,3200000000.0
1762887311.126959,8,3200000000.0
1762887311.126959,9,3200000000.0
1762887311.126959,0,3200000000.0
1762887311.126959,1,3200000000.0
1762887311.126959,2,3200000000.0
1762887311.126959,3,3200000000.0
1762887311.126959,4,3200000000.0
1762887311.126959,5,3200000000.0
1762887311.126959,6,3200000000.0
1762887311.126959,7,3200000000.0
1762887311.126959,8,3200000000.0
1762887311.126959,9,3200000000.0
1762887311.126959,0,3200000000.0
1762887311.126959,1,3200000000.0
1762887311.126959,2,3200000000.0
1762887311.126959,3,3200000000.0
1762887311.126959,4,3200000000.0
1762887311.126959,5,3200000000.0
1762887311.126959,6,3200000000.0
1762887311.126959,7,3200000000.0
1762887311.126959,8,3200000000.0
1762887311.126959,9,3200000000.0
1762887311.126959,0,3200000000.0
1762887311.126959,1,3200000000.0
1762887311.126959,2,3200000000.0
1762887311.126959,3,3200000000.0
1762887311.126959,4,3200000000.0
1762887311.126959,5,3200000000.0
1762887311.126959,6,3200000000.0
1762887311.126959,7,3200000000.0
1762887311.126959,8,3200000000.0
1762887311.126959,9,3200000000.0
1762887311.126959,0,3200000000.0
1762887311.126959,1,3200000000.0
1762887311.126959,2,3200000000.0
1762887311.126959,3,3200000000.0
1762887311.126959,4,3200000000.0
1762887311.126959,5,3200000000.0
1762887311.126959,6,3200000000.0
1762887311.126959,7,3200000000.0
1762887311.126959,8,3200000000.0
1762887311.126959,9,3200000000.0
1762887311.126959,0,3200000000.0
1762887311.126959,1,3200000000.0
1762887311.126959,2,3200000000.0
1762887311.126959,3,3200000000.0
1762887311.126959,4,3200000000.0
1762887311.126959,5,3200000000.0
1762887311.126959,6,3200000000.0
1762887311.126959,7,3200000000.0
1762887311.126959,8,3200000000.0
1762887311.126959,9,3200000000.0
1762887311.126959,0,3200000000.0
1762887311.126959,1,3200000000.0
1762887311.126959,2,3200000000.0
1762887311.126959,3,3200000000.0
1762887311.126959,4,3200000000.0
1762887311.126959,5,3200000000.0
1762887311.126959,6,3200000000.0
1762887311.126959,7,3200000000.0
1762887311.126959,8,3200000000.0
1762887311.126959,9,3200000000.0
1762887311.126959,0,3200000000.0
1762887311.126959,1,3200000000.0
1762887311.126959,2,3200000000.0
1762887311.126959,3,3200000000.0
1762887311.126959,4,3200000000.0
1762887311.126959,5,3200000000.0
1762887311.126959,6,3200000000.0
1762887311.126959,7,3200000000.0
1762887311.126959,8,3200000000.0
1762887311.126959,9,3200000000.0
1762887311.126959,0,3200000000.0
1762887311.126959,1,3200000000.0
1762887311.126959,2,3200000000.0
1762887311.126959,3,3200000000.0
1762887311.126959,4,3200000000.0
1762887311.126959,5,3200000000.0
1762887312.1269817,0,3200000000.0
1762887312.1269817,1,3200000000.0
1762887312.1269817,2,3200000000.0
1762887312.1269817,3,3200000000.0
1762887312.1269817,4,3200000000.0
1762887312.1269817,5,3200000000.0
1762887312.1269817,6,3200000000.0
1762887312.1269817,7,3200000000.0
1762887312.1269817,8,3200000000.0
1762887312.1269817,9,3200000000.0
1762887312.1269817,0,3200000000.0
1762887312.1269817,1,3200000000.0
1762887312.1269817,2,3200000000.0
1762887312.1269817,3,3200000000.0
1762887312.1269817,4,3200000000.0
1762887312.1269817,5,3200000000.0
1762887312.1269817,6,3200000000.0
1762887312.1269817,7,3200000000.0
1762887312.1269817,8,3200000000.0
1762887312.1269817,9,3200000000.0
1762887312.1269817,0,3200000000.0
1762887312.1269817,1,3200000000.0
1762887312.1269817,2,3200000000.0
1762887312.1269817,3,3200000000.0
1762887312.1269817,4,3200000000.0
1762887312.1269817,5,3200000000.0
1762887312.1269817,6,3200000000.0
1762887312.1269817,7,3200000000.0
1762887312.1269817,8,3200000000.0
1762887312.1269817,9,3200000000.0
1762887312.1269817,0,3200000000.0
1762887312.1269817,1,3200000000.0
1762887312.1269817,2,3200000000.0
1762887312.1269817,3,3200000000.0
1762887312.1269817,4,3200000000.0
1762887312.1269817,5,3200000000.0
1762887312.1269817,6,3200000000.0
1762887312.1269817,7,3200000000.0
1762887312.1269817,8,3200000000.0
1762887312.1269817,9,3200000000.0
1762887312.1269817,0,3200000000.0
1762887312.1269817,1,3200000000.0
1762887312.1269817,2,3200000000.0
1762887312.1269817,3,3200000000.0
1762887312.1269817,4,3200000000.0
1762887312.1269817,5,3200000000.0
1762887312.1269817,6,3200000000.0
1762887312.1269817,7,3200000000.0
1762887312.1269817,8,3200000000.0
1762887312.1269817,9,3200000000.0
1762887312.1269817,0,3200000000.0
1762887312.1269817,1,3200000000.0
1762887312.1269817,2,3200000000.0
1762887312.1269817,3,3200000000.0
1762887312.1269817,4,3200000000.0
1762887312.1269817,5,3200000000.0
1762887312.1269817,6,3200000000.0
1762887312.1269817,7,3200000000.0
1762887312.1269817,8,3200000000.0
1762887312.1269817,9,3200000000.0
1762887312.1269817,0,3200000000.0
1762887312.1269817,1,3200000000.0
1762887312.1269817,2,3200000000.0
1762887312.1269817,3,3200000000.0
1762887312.1269817,4,3200000000.0
1762887312.1269817,5,3200000000.0
1762887312.1269817,6,3200000000.0
1762887312.1269817,7,3200000000.0
1762887312.1269817,8,3200000000.0
1762887312.1269817,9,3200000000.0
1762887312.1269817,0,3200000000.0
1762887312.1269817,1,3200000000.0
1762887312.1269817,2,3200000000.0
1762887312.1269817,3,3200000000.0
1762887312.1269817,4,3200000000.0
1762887312.1269817,5,3200000000.0
1762887312.1269817,6,3200000000.0
1762887312.1269817,7,3200000000.0
1762887312.1269817,8,3200000000.0
1762887312.1269817,9,3200000000.0
1762887312.1269817,0,3200000000.0
1762887312.1269817,1,3200000000.0
1762887312.1269817,2,3200000000.0
1762887312.1269817,3,3200000000.0
1762887312.1269817,4,3200000000.0
1762887312.1269817,5,3200000000.0
1762887312.1269817,6,3200000000.0
1762887312.1269817,7,3200000000.0
1762887312.1269817,8,3200000000.0
1762887312.1269817,9,3200000000.0
1762887312.1269817,0,3200000000.0
1762887312.1269817,1,3200000000.0
1762887312.1269817,2,3200000000.0
1762887312.1269817,3,3200000000.0
1762887312.1269817,4,3200000000.0
1762887312.1269817,5,3200000000.0
1762887313.1269643,0,3200000000.0
1762887313.1269643,1,3200000000.0
1762887313.1269643,2,3200000000.0
1762887313.1269643,3,3200000000.0
1762887313.1269643,4,3200000000.0
1762887313.1269643,5,3200000000.0
1762887313.1269643,6,3200000000.0
1762887313.1269643,7,3200000000.0
1762887313.1269643,8,3200000000.0
1762887313.1269643,9,3200000000.0
1762887313.1269643,0,3200000000.0
1762887313.1269643,1,3200000000.0
1762887313.1269643,2,3200000000.0
1762887313.1269643,3,3200000000.0
1762887313.1269643,4,3200000000.0
1762887313.1269643,5,3200000000.0
1762887313.1269643,6,3200000000.0
1762887313.1269643,7,3200000000.0
1762887313.1269643,8,3200000000.0
1762887313.1269643,9,3200000000.0
1762887313.1269643,0,3200000000.0
1762887313.1269643,1,3200000000.0
1762887313.1269643,2,3200000000.0
1762887313.1269643,3,3200000000.0
1762887313.1269643,4,3200000000.0
1762887313.1269643,5,3200000000.0
1762887313.1269643,6,3200000000.0
1762887313.1269643,7,3200000000.0
1762887313.1269643,8,3200000000.0
1762887313.1269643,9,3200000000.0
1762887313.1269643,0,3200000000.0
1762887313.1269643,1,3200000000.0
1762887313.1269643,2,3200000000.0
1762887313.1269643,3,3200000000.0
1762887313.1269643,4,3200000000.0
1762887313.1269643,5,3200000000.0
1762887313.1269643,6,3200000000.0
1762887313.1269643,7,3200000000.0
1762887313.1269643,8,3200000000.0
1762887313.1269643,9,3200000000.0
1762887313.1269643,0,3200000000.0
1762887313.1269643,1,3200000000.0
1762887313.1269643,2,3200000000.0
1762887313.1269643,3,3200000000.0
1762887313.1269643,4,3200000000.0
1762887313.1269643,5,3200000000.0
1762887313.1269643,6,3200000000.0
1762887313.1269643,7,3200000000.0
1762887313.1269643,8,3200000000.0
1762887313.1269643,9,3200000000.0
1762887313.1269643,0,3200000000.0
1762887313.1269643,1,3200000000.0
1762887313.1269643,2,3200000000.0
1762887313.1269643,3,3200000000.0
1762887313.1269643,4,3200000000.0
1762887313.1269643,5,3200000000.0
1762887313.1269643,6,3200000000.0
1762887313.1269643,7,3200000000.0
1762887313.1269643,8,3200000000.0
1762887313.1269643,9,3200000000.0
1762887313.1269643,0,3200000000.0
1762887313.1269643,1,3200000000.0
1762887313.1269643,2,3200000000.0
1762887313.1269643,3,3200000000.0
1762887313.1269643,4,3200000000.0
1762887313.1269643,5,3200000000.0
1762887313.1269643,6,3200000000.0
1762887313.1269643,7,3200000000.0
1762887313.1269643,8,3200000000.0
1762887313.1269643,9,3200000000.0
1762887313.1269643,0,3200000000.0
1762887313.1269643,1,3200000000.0
1762887313.1269643,2,3200000000.0
1762887313.1269643,3,3200000000.0
1762887313.1269643,4,3200000000.0
1762887313.1269643,5,3200000000.0
1762887313.1269643,6,3200000000.0
1762887313.1269643,7,3200000000.0
1762887313.1269643,8,3200000000.0
1762887313.1269643,9,3200000000.0
1762887313.1269643,0,3200000000.0
1762887313.1269643,1,3000000000.0
1762887313.1269643,2,3200000000.0
1762887313.1269643,3,3200000000.0
1762887313.1269643,4,3200000000.0
1762887313.1269643,5,3200000000.0
1762887313.1269643,6,3200000000.0
1762887313.1269643,7,3200000000.0
1762887313.1269643,8,3200000000.0
1762887313.1269643,9,3000000000.0
1762887313.1269643,0,3200000000.0
1762887313.1269643,1,3200000000.0
1762887313.1269643,2,3200000000.0
1762887313.1269643,3,3200000000.0
1762887313.1269643,4,3200000000.0
1762887313.1269643,5,3200000000.0
1762887314.1269562,0,3200000000.0
1762887314.1269562,1,3200000000.0
1762887314.1269562,2,3200000000.0
1762887314.1269562,3,3200000000.0
1762887314.1269562,4,3200000000.0
1762887314.1269562,5,3200000000.0
1762887314.1269562,6,3200000000.0
1762887314.1269562,7,3200000000.0
1762887314.1269562,8,3200000000.0
1762887314.1269562,9,3200000000.0
1762887314.1269562,0,3200000000.0
1762887314.1269562,1,3200000000.0
1762887314.1269562,2,3200000000.0
1762887314.1269562,3,3200000000.0
1762887314.1269562,4,3200000000.0
1762887314.1269562,5,3200000000.0
1762887314.1269562,6,3200000000.0
1762887314.1269562,7,3200000000.0
1762887314.1269562,8,3200000000.0
1762887314.1269562,9,3200000000.0
1762887314.1269562,0,3200000000.0
1762887314.1269562,1,3200000000.0
1762887314.1269562,2,3200000000.0
1762887314.1269562,3,3200000000.0
1762887314.1269562,4,3200000000.0
1762887314.1269562,5,3200000000.0
1762887314.1269562,6,3200000000.0
1762887314.1269562,7,3200000000.0
1762887314.1269562,8,3200000000.0
1762887314.1269562,9,3200000000.0
1762887314.1269562,0,3200000000.0
1762887314.1269562,1,3200000000.0
1762887314.1269562,2,3200000000.0
1762887314.1269562,3,3200000000.0
1762887314.1269562,4,3200000000.0
1762887314.1269562,5,3200000000.0
1762887314.1269562,6,3200000000.0
1762887314.1269562,7,3200000000.0
1762887314.1269562,8,3200000000.0
1762887314.1269562,9,3200000000.0
1762887314.1269562,0,3200000000.0
1762887314.1269562,1,3200000000.0
1762887314.1269562,2,3200000000.0
1762887314.1269562,3,3200000000.0
1762887314.1269562,4,3200000000.0
1762887314.1269562,5,3200000000.0
1762887314.1269562,6,3200000000.0
1762887314.1269562,7,3200000000.0
1762887314.1269562,8,3200000000.0
1762887314.1269562,9,3200000000.0
1762887314.1269562,0,3200000000.0
1762887314.1269562,1,3200000000.0
1762887314.1269562,2,3200000000.0
1762887314.1269562,3,3200000000.0
1762887314.1269562,4,3200000000.0
1762887314.1269562,5,3200000000.0
1762887314.1269562,6,3200000000.0
1762887314.1269562,7,3200000000.0
1762887314.1269562,8,3200000000.0
1762887314.1269562,9,3200000000.0
1762887314.1269562,0,3200000000.0
1762887314.1269562,1,3200000000.0
1762887314.1269562,2,3200000000.0
1762887314.1269562,3,3200000000.0
1762887314.1269562,4,3200000000.0
1762887314.1269562,5,3200000000.0
1762887314.1269562,6,3200000000.0
1762887314.1269562,7,3200000000.0
1762887314.1269562,8,3200000000.0
1762887314.1269562,9,3200000000.0
1762887314.1269562,0,3200000000.0
1762887314.1269562,1,3200000000.0
1762887314.1269562,2,3200000000.0
1762887314.1269562,3,3200000000.0
1762887314.1269562,4,3200000000.0
1762887314.1269562,5,3200000000.0
1762887314.1269562,6,3200000000.0
1762887314.1269562,7,3200000000.0
1762887314.1269562,8,3200000000.0
1762887314.1269562,9,3200000000.0
1762887314.1269562,0,3200000000.0
1762887314.1269562,1,3200000000.0
1762887314.1269562,2,3200000000.0
1762887314.1269562,3,3200000000.0
1762887314.1269562,4,3200000000.0
1762887314.1269562,5,3200000000.0
1762887314.1269562,6,3200000000.0
1762887314.1269562,7,3200000000.0
1762887314.1269562,8,3200000000.0
1762887314.1269562,9,3200000000.0
1762887314.1269562,0,3200000000.0
1762887314.1269562,1,3200000000.0
1762887314.1269562,2,3200000000.0
1762887314.1269562,3,3200000000.0
1762887314.1269562,4,3200000000.0
1762887314.1269562,5,3200000000.0
1762887315.1269763,0,3200000000.0
1762887315.1269763,1,3200000000.0
1762887315.1269763,2,3200000000.0
1762887315.1269763,3,3200000000.0
1762887315.1269763,4,3200000000.0
1762887315.1269763,5,3200000000.0
1762887315.1269763,6,3200000000.0
1762887315.1269763,7,3200000000.0
1762887315.1269763,8,3200000000.0
1762887315.1269763,9,3000000000.0
1762887315.1269763,0,3200000000.0
1762887315.1269763,1,3200000000.0
1762887315.1269763,2,3200000000.0
1762887315.1269763,3,3200000000.0
1762887315.1269763,4,3200000000.0
1762887315.1269763,5,3000000000.0
1762887315.1269763,6,3200000000.0
1762887315.1269763,7,3200000000.0
1762887315.1269763,8,3200000000.0
1762887315.1269763,9,3200000000.0
1762887315.1269763,0,3200000000.0
1762887315.1269763,1,3200000000.0
1762887315.1269763,2,3200000000.0
1762887315.1269763,3,3200000000.0
1762887315.1269763,4,3200000000.0
1762887315.1269763,5,3200000000.0
1762887315.1269763,6,3200000000.0
1762887315.1269763,7,3200000000.0
1762887315.1269763,8,3200000000.0
1762887315.1269763,9,3200000000.0
1762887315.1269763,0,3200000000.0
1762887315.1269763,1,3200000000.0
1762887315.1269763,2,3200000000.0
1762887315.1269763,3,3200000000.0
1762887315.1269763,4,3200000000.0
1762887315.1269763,5,3200000000.0
1762887315.1269763,6,3200000000.0
1762887315.1269763,7,3200000000.0
1762887315.1269763,8,3200000000.0
1762887315.1269763,9,3200000000.0
1762887315.1269763,0,3200000000.0
1762887315.1269763,1,3200000000.0
1762887315.1269763,2,3200000000.0
1762887315.1269763,3,3200000000.0
1762887315.1269763,4,3200000000.0
1762887315.1269763,5,3200000000.0
1762887315.1269763,6,3200000000.0
1762887315.1269763,7,3200000000.0
1762887315.1269763,8,3200000000.0
1762887315.1269763,9,3200000000.0
1762887315.1269763,0,3200000000.0
1762887315.1269763,1,3200000000.0
1762887315.1269763,2,3200000000.0
1762887315.1269763,3,3200000000.0
1762887315.1269763,4,3200000000.0
1762887315.1269763,5,3200000000.0
1762887315.1269763,6,3200000000.0
1762887315.1269763,7,3200000000.0
1762887315.1269763,8,3200000000.0
1762887315.1269763,9,3200000000.0
1762887315.1269763,0,3200000000.0
1762887315.1269763,1,3200000000.0
1762887315.1269763,2,3200000000.0
1762887315.1269763,3,3200000000.0
1762887315.1269763,4,3200000000.0
1762887315.1269763,5,3200000000.0
1762887315.1269763,6,3200000000.0
1762887315.1269763,7,3200000000.0
1762887315.1269763,8,3200000000.0
1762887315.1269763,9,3200000000.0
1762887315.1269763,0,3200000000.0
1762887315.1269763,1,3200000000.0
1762887315.1269763,2,3200000000.0
1762887315.1269763,3,3200000000.0
1762887315.1269763,4,3200000000.0
1762887315.1269763,5,3200000000.0
1762887315.1269763,6,3200000000.0
1762887315.1269763,7,3200000000.0
1762887315.1269763,8,3200000000.0
1762887315.1269763,9,3200000000.0
1762887315.1269763,0,3200000000.0
1762887315.1269763,1,3200000000.0
1762887315.1269763,2,3200000000.0
1762887315.1269763,3,3200000000.0
1762887315.1269763,4,3200000000.0
1762887315.1269763,5,3200000000.0
1762887315.1269763,6,3200000000.0
1762887315.1269763,7,3200000000.0
1762887315.1269763,8,3200000000.0
1762887315.1269763,9,3200000000.0
1762887315.1269763,0,3200000000.0
1762887315.1269763,1,3200000000.0
1762887315.1269763,2,3200000000.0
1762887315.1269763,3,3200000000.0
1762887315.1269763,4,3200000000.0
1762887315.1269763,5,3200000000.0
1762887316.1269603,0,3200000000.0
1762887316.1269603,1,3200000000.0
1762887316.1269603,2,3200000000.0
1762887316.1269603,3,3200000000.0
1762887316.1269603,4,3200000000.0
1762887316.1269603,5,3200000000.0
1762887316.1269603,6,3200000000.0
1762887316.1269603,7,3200000000.0
1762887316.1269603,8,3200000000.0
1762887316.1269603,9,3200000000.0
1762887316.1269603,0,3200000000.0
1762887316.1269603,1,3200000000.0
1762887316.1269603,2,3200000000.0
1762887316.1269603,3,3200000000.0
1762887316.1269603,4,3200000000.0
1762887316.1269603,5,3200000000.0
1762887316.1269603,6,3200000000.0
1762887316.1269603,7,3200000000.0
1762887316.1269603,8,3200000000.0
1762887316.1269603,9,3200000000.0
1762887316.1269603,0,3200000000.0
1762887316.1269603,1,3200000000.0
1762887316.1269603,2,3200000000.0
1762887316.1269603,3,3200000000.0
1762887316.1269603,4,3200000000.0
1762887316.1269603,5,3200000000.0
1762887316.1269603,6,3200000000.0
1762887316.1269603,7,3200000000.0
1762887316.1269603,8,3200000000.0
1762887316.1269603,9,3200000000.0
1762887316.1269603,0,3200000000.0
1762887316.1269603,1,3200000000.0
1762887316.1269603,2,3200000000.0
1762887316.1269603,3,3200000000.0
1762887316.1269603,4,3200000000.0
1762887316.1269603,5,3200000000.0
1762887316.1269603,6,3200000000.0
1762887316.1269603,7,3200000000.0
1762887316.1269603,8,3200000000.0
1762887316.1269603,9,3200000000.0
1762887316.1269603,0,3200000000.0
1762887316.1269603,1,3200000000.0
1762887316.1269603,2,3200000000.0
1762887316.1269603,3,3200000000.0
1762887316.1269603,4,3200000000.0
1762887316.1269603,5,3200000000.0
1762887316.1269603,6,3200000000.0
1762887316.1269603,7,3200000000.0
1762887316.1269603,8,3200000000.0
1762887316.1269603,9,3200000000.0
1762887316.1269603,0,3200000000.0
1762887316.1269603,1,3200000000.0
1762887316.1269603,2,3200000000.0
1762887316.1269603,3,3200000000.0
1762887316.1269603,4,3200000000.0
1762887316.1269603,5,3200000000.0
1762887316.1269603,6,3200000000.0
1762887316.1269603,7,3200000000.0
1762887316.1269603,8,3200000000.0
1762887316.1269603,9,3200000000.0
1762887316.1269603,0,3200000000.0
1762887316.1269603,1,3200000000.0
1762887316.1269603,2,3200000000.0
1762887316.1269603,3,3200000000.0
1762887316.1269603,4,3200000000.0
1762887316.1269603,5,3200000000.0
1762887316.1269603,6,3200000000.0
1762887316.1269603,7,3200000000.0
1762887316.1269603,8,3200000000.0
1762887316.1269603,9,3200000000.0
1762887316.1269603,0,3200000000.0
1762887316.1269603,1,3200000000.0
1762887316.1269603,2,3200000000.0
1762887316.1269603,3,3200000000.0
1762887316.1269603,4,3200000000.0
1762887316.1269603,5,3200000000.0
1762887316.1269603,6,3200000000.0
1762887316.1269603,7,3200000000.0
1762887316.1269603,8,3200000000.0
1762887316.1269603,9,3200000000.0
1762887316.1269603,0,3200000000.0
1762887316.1269603,1,3200000000.0
1762887316.1269603,2,3200000000.0
1762887316.1269603,3,3200000000.0
1762887316.1269603,4,3200000000.0
1762887316.1269603,5,3200000000.0
1762887316.1269603,6,3200000000.0
1762887316.1269603,7,3200000000.0
1762887316.1269603,8,3200000000.0
1762887316.1269603,9,3200000000.0
1762887316.1269603,0,3200000000.0
1762887316.1269603,1,3200000000.0
1762887316.1269603,2,3200000000.0
1762887316.1269603,3,3200000000.0
1762887316.1269603,4,3200000000.0
1762887316.1269603,5,3200000000.0
1762887317.1269872,0,3200000000.0
1762887317.1269872,1,3200000000.0
1762887317.1269872,2,3200000000.0
1762887317.1269872,3,3200000000.0
1762887317.1269872,4,3200000000.0
1762887317.1269872,5,3200000000.0
1762887317.1269872,6,3200000000.0
1762887317.1269872,7,3200000000.0
1762887317.1269872,8,3200000000.0
1762887317.1269872,9,3200000000.0
1762887317.1269872,0,3200000000.0
1762887317.1269872,1,3200000000.0
1762887317.1269872,2,3200000000.0
1762887317.1269872,3,3200000000.0
1762887317.1269872,4,3200000000.0
1762887317.1269872,5,3200000000.0
1762887317.1269872,6,3200000000.0
1762887317.1269872,7,3200000000.0
1762887317.1269872,8,3200000000.0
1762887317.1269872,9,3200000000.0
1762887317.1269872,0,3200000000.0
1762887317.1269872,1,3200000000.0
1762887317.1269872,2,3200000000.0
1762887317.1269872,3,3200000000.0
1762887317.1269872,4,3200000000.0
1762887317.1269872,5,3200000000.0
1762887317.1269872,6,3200000000.0
1762887317.1269872,7,3200000000.0
1762887317.1269872,8,3200000000.0
1762887317.1269872,9,3200000000.0
1762887317.1269872,0,3200000000.0
1762887317.1269872,1,3200000000.0
1762887317.1269872,2,3200000000.0
1762887317.1269872,3,3200000000.0
1762887317.1269872,4,3200000000.0
1762887317.1269872,5,3200000000.0
1762887317.1269872,6,3200000000.0
1762887317.1269872,7,3200000000.0
1762887317.1269872,8,3200000000.0
1762887317.1269872,9,3200000000.0
1762887317.1269872,0,3200000000.0
1762887317.1269872,1,3200000000.0
1762887317.1269872,2,3200000000.0
1762887317.1269872,3,3200000000.0
1762887317.1269872,4,3200000000.0
1762887317.1269872,5,3200000000.0
1762887317.1269872,6,3200000000.0
1762887317.1269872,7,3200000000.0
1762887317.1269872,8,3200000000.0
1762887317.1269872,9,3200000000.0
1762887317.1269872,0,3200000000.0
1762887317.1269872,1,3200000000.0
1762887317.1269872,2,3200000000.0
1762887317.1269872,3,3200000000.0
1762887317.1269872,4,3200000000.0
1762887317.1269872,5,3200000000.0
1762887317.1269872,6,3200000000.0
1762887317.1269872,7,3200000000.0
1762887317.1269872,8,3200000000.0
1762887317.1269872,9,3200000000.0
1762887317.1269872,0,3200000000.0
1762887317.1269872,1,3200000000.0
1762887317.1269872,2,3200000000.0
1762887317.1269872,3,3200000000.0
1762887317.1269872,4,3200000000.0
1762887317.1269872,5,3200000000.0
1762887317.1269872,6,3200000000.0
1762887317.1269872,7,3200000000.0
1762887317.1269872,8,3200000000.0
1762887317.1269872,9,3200000000.0
1762887317.1269872,0,3200000000.0
1762887317.1269872,1,3200000000.0
1762887317.1269872,2,3200000000.0
1762887317.1269872,3,3200000000.0
1762887317.1269872,4,3200000000.0
1762887317.1269872,5,3200000000.0
1762887317.1269872,6,3200000000.0
1762887317.1269872,7,3200000000.0
1762887317.1269872,8,3200000000.0
1762887317.1269872,9,3200000000.0
1762887317.1269872,0,3200000000.0
1762887317.1269872,1,3200000000.0
1762887317.1269872,2,3200000000.0
1762887317.1269872,3,3200000000.0
1762887317.1269872,4,3200000000.0
1762887317.1269872,5,3200000000.0
1762887317.1269872,6,3200000000.0
1762887317.1269872,7,3200000000.0
1762887317.1269872,8,3200000000.0
1762887317.1269872,9,3200000000.0
1762887317.1269872,0,3200000000.0
1762887317.1269872,1,3200000000.0
1762887317.1269872,2,3200000000.0
1762887317.1269872,3,3200000000.0
1762887317.1269872,4,3200000000.0
1762887317.1269872,5,3200000000.0
1762887318.1270018,0,3200000000.0
1762887318.1270018,1,3200000000.0
1762887318.1270018,2,3200000000.0
1762887318.1270018,3,3200000000.0
1762887318.1270018,4,3200000000.0
1762887318.1270018,5,3200000000.0
1762887318.1270018,6,3200000000.0
1762887318.1270018,7,3200000000.0
1762887318.1270018,8,3200000000.0
1762887318.1270018,9,3200000000.0
1762887318.1270018,0,3200000000.0
1762887318.1270018,1,3200000000.0
1762887318.1270018,2,3200000000.0
1762887318.1270018,3,3200000000.0
1762887318.1270018,4,3200000000.0
1762887318.1270018,5,3200000000.0
1762887318.1270018,6,3200000000.0
1762887318.1270018,7,3200000000.0
1762887318.1270018,8,3200000000.0
1762887318.1270018,9,3200000000.0
1762887318.1270018,0,3200000000.0
1762887318.1270018,1,3200000000.0
1762887318.1270018,2,3200000000.0
1762887318.1270018,3,3200000000.0
1762887318.1270018,4,3200000000.0
1762887318.1270018,5,3200000000.0
1762887318.1270018,6,3200000000.0
1762887318.1270018,7,3200000000.0
1762887318.1270018,8,3200000000.0
1762887318.1270018,9,3200000000.0
1762887318.1270018,0,3200000000.0
1762887318.1270018,1,3200000000.0
1762887318.1270018,2,3200000000.0
1762887318.1270018,3,3200000000.0
1762887318.1270018,4,3200000000.0
1762887318.1270018,5,3200000000.0
1762887318.1270018,6,3200000000.0
1762887318.1270018,7,3200000000.0
1762887318.1270018,8,3200000000.0
1762887318.1270018,9,3200000000.0
1762887318.1270018,0,3200000000.0
1762887318.1270018,1,3200000000.0
1762887318.1270018,2,3200000000.0
1762887318.1270018,3,3200000000.0
1762887318.1270018,4,3200000000.0
1762887318.1270018,5,3200000000.0
1762887318.1270018,6,3200000000.0
1762887318.1270018,7,3200000000.0
1762887318.1270018,8,3200000000.0
1762887318.1270018,9,3200000000.0
1762887318.1270018,0,3200000000.0
1762887318.1270018,1,3200000000.0
1762887318.1270018,2,3200000000.0
1762887318.1270018,3,3200000000.0
1762887318.1270018,4,3200000000.0
1762887318.1270018,5,3200000000.0
1762887318.1270018,6,3200000000.0
1762887318.1270018,7,3200000000.0
1762887318.1270018,8,3200000000.0
1762887318.1270018,9,3200000000.0
1762887318.1270018,0,3200000000.0
1762887318.1270018,1,3200000000.0
1762887318.1270018,2,3200000000.0
1762887318.1270018,3,3200000000.0
1762887318.1270018,4,3200000000.0
1762887318.1270018,5,3200000000.0
1762887318.1270018,6,3200000000.0
1762887318.1270018,7,3200000000.0
1762887318.1270018,8,3200000000.0
1762887318.1270018,9,3200000000.0
1762887318.1270018,0,3200000000.0
1762887318.1270018,1,3200000000.0
1762887318.1270018,2,3200000000.0
1762887318.1270018,3,3200000000.0
1762887318.1270018,4,3200000000.0
1762887318.1270018,5,3200000000.0
1762887318.1270018,6,3200000000.0
1762887318.1270018,7,3200000000.0
1762887318.1270018,8,3200000000.0
1762887318.1270018,9,3200000000.0
1762887318.1270018,0,3200000000.0
1762887318.1270018,1,3200000000.0
1762887318.1270018,2,3200000000.0
1762887318.1270018,3,3200000000.0
1762887318.1270018,4,3200000000.0
1762887318.1270018,5,3200000000.0
1762887318.1270018,6,3200000000.0
1762887318.1270018,7,3200000000.0
1762887318.1270018,8,3200000000.0
1762887318.1270018,9,3200000000.0
1762887318.1270018,0,3200000000.0
1762887318.1270018,1,3200000000.0
1762887318.1270018,2,3200000000.0
1762887318.1270018,3,3200000000.0
1762887318.1270018,4,3200000000.0
1762887318.1270018,5,3200000000.0
1762887319.1269696,0,3200000000.0
1762887319.1269696,1,3200000000.0
1762887319.1269696,2,3200000000.0
1762887319.1269696,3,3200000000.0
1762887319.1269696,4,3200000000.0
1762887319.1269696,5,3200000000.0
1762887319.1269696,6,3200000000.0
1762887319.1269696,7,3200000000.0
1762887319.1269696,8,3200000000.0
1762887319.1269696,9,3200000000.0
1762887319.1269696,0,3200000000.0
1762887319.1269696,1,3200000000.0
1762887319.1269696,2,3200000000.0
1762887319.1269696,3,3200000000.0
1762887319.1269696,4,3200000000.0
1762887319.1269696,5,3200000000.0
1762887319.1269696,6,3200000000.0
1762887319.1269696,7,3200000000.0
1762887319.1269696,8,3200000000.0
1762887319.1269696,9,3200000000.0
1762887319.1269696,0,3200000000.0
1762887319.1269696,1,3200000000.0
1762887319.1269696,2,3200000000.0
1762887319.1269696,3,3200000000.0
1762887319.1269696,4,3200000000.0
1762887319.1269696,5,3200000000.0
1762887319.1269696,6,3200000000.0
1762887319.1269696,7,3200000000.0
1762887319.1269696,8,3200000000.0
1762887319.1269696,9,3200000000.0
1762887319.1269696,0,3200000000.0
1762887319.1269696,1,3200000000.0
1762887319.1269696,2,3200000000.0
1762887319.1269696,3,3200000000.0
1762887319.1269696,4,3200000000.0
1762887319.1269696,5,3200000000.0
1762887319.1269696,6,3200000000.0
1762887319.1269696,7,3200000000.0
1762887319.1269696,8,3200000000.0
1762887319.1269696,9,3200000000.0
1762887319.1269696,0,3200000000.0
1762887319.1269696,1,3200000000.0
1762887319.1269696,2,3200000000.0
1762887319.1269696,3,3200000000.0
1762887319.1269696,4,3200000000.0
1762887319.1269696,5,3200000000.0
1762887319.1269696,6,3200000000.0
1762887319.1269696,7,3200000000.0
1762887319.1269696,8,3200000000.0
1762887319.1269696,9,3200000000.0
1762887319.1269696,0,3200000000.0
1762887319.1269696,1,3200000000.0
1762887319.1269696,2,3200000000.0
1762887319.1269696,3,3200000000.0
1762887319.1269696,4,3200000000.0
1762887319.1269696,5,3200000000.0
1762887319.1269696,6,3200000000.0
1762887319.1269696,7,3200000000.0
1762887319.1269696,8,3200000000.0
1762887319.1269696,9,3200000000.0
1762887319.1269696,0,3200000000.0
1762887319.1269696,1,3200000000.0
1762887319.1269696,2,3200000000.0
1762887319.1269696,3,3200000000.0
1762887319.1269696,4,3200000000.0
1762887319.1269696,5,3200000000.0
1762887319.1269696,6,3200000000.0
1762887319.1269696,7,3200000000.0
1762887319.1269696,8,3200000000.0
1762887319.1269696,9,3200000000.0
1762887319.1269696,0,3200000000.0
1762887319.1269696,1,3200000000.0
1762887319.1269696,2,3200000000.0
1762887319.1269696,3,3200000000.0
1762887319.1269696,4,3200000000.0
1762887319.1269696,5,3200000000.0
1762887319.1269696,6,3200000000.0
1762887319.1269696,7,3200000000.0
1762887319.1269696,8,3200000000.0
1762887319.1269696,9,3200000000.0
1762887319.1269696,0,3200000000.0
1762887319.1269696,1,3200000000.0
1762887319.1269696,2,3200000000.0
1762887319.1269696,3,3200000000.0
1762887319.1269696,4,3200000000.0
1762887319.1269696,5,3200000000.0
1762887319.1269696,6,3200000000.0
1762887319.1269696,7,3200000000.0
1762887319.1269696,8,3200000000.0
1762887319.1269696,9,3200000000.0
1762887319.1269696,0,3200000000.0
1762887319.1269696,1,3200000000.0
1762887319.1269696,2,3200000000.0
1762887319.1269696,3,3200000000.0
1762887319.1269696,4,3200000000.0
1762887319.1269696,5,3200000000.0
1762887320.1269352,0,3200000000.0
1762887320.1269352,1,3200000000.0
1762887320.1269352,2,3200000000.0
1762887320.1269352,3,3200000000.0
1762887320.1269352,4,3200000000.0
1762887320.1269352,5,3200000000.0
1762887320.1269352,6,3200000000.0
1762887320.1269352,7,3200000000.0
1762887320.1269352,8,3200000000.0
1762887320.1269352,9,3200000000.0
1762887320.1269352,0,3200000000.0
1762887320.1269352,1,3200000000.0
1762887320.1269352,2,3200000000.0
1762887320.1269352,3,3200000000.0
1762887320.1269352,4,3200000000.0
1762887320.1269352,5,3200000000.0
1762887320.1269352,6,3200000000.0
1762887320.1269352,7,3200000000.0
1762887320.1269352,8,3200000000.0
1762887320.1269352,9,3200000000.0
1762887320.1269352,0,3200000000.0
1762887320.1269352,1,3200000000.0
1762887320.1269352,2,3200000000.0
1762887320.1269352,3,3200000000.0
1762887320.1269352,4,3200000000.0
1762887320.1269352,5,3200000000.0
1762887320.1269352,6,3200000000.0
1762887320.1269352,7,3200000000.0
1762887320.1269352,8,3200000000.0
1762887320.1269352,9,3200000000.0
1762887320.1269352,0,3200000000.0
1762887320.1269352,1,3200000000.0
1762887320.1269352,2,3200000000.0
1762887320.1269352,3,3200000000.0
1762887320.1269352,4,3200000000.0
1762887320.1269352,5,3200000000.0
1762887320.1269352,6,3200000000.0
1762887320.1269352,7,3200000000.0
1762887320.1269352,8,3200000000.0
1762887320.1269352,9,3200000000.0
1762887320.1269352,0,3200000000.0
1762887320.1269352,1,3200000000.0
1762887320.1269352,2,3200000000.0
1762887320.1269352,3,3200000000.0
1762887320.1269352,4,3200000000.0
1762887320.1269352,5,3200000000.0
1762887320.1269352,6,3200000000.0
1762887320.1269352,7,3200000000.0
1762887320.1269352,8,3200000000.0
1762887320.1269352,9,3200000000.0
1762887320.1269352,0,3200000000.0
1762887320.1269352,1,3200000000.0
1762887320.1269352,2,3200000000.0
1762887320.1269352,3,3200000000.0
1762887320.1269352,4,3200000000.0
1762887320.1269352,5,3200000000.0
1762887320.1269352,6,3200000000.0
1762887320.1269352,7,3200000000.0
1762887320.1269352,8,3200000000.0
1762887320.1269352,9,3200000000.0
1762887320.1269352,0,3200000000.0
1762887320.1269352,1,3200000000.0
1762887320.1269352,2,3200000000.0
1762887320.1269352,3,3200000000.0
1762887320.1269352,4,3200000000.0
1762887320.1269352,5,3200000000.0
1762887320.1269352,6,3200000000.0
1762887320.1269352,7,3200000000.0
1762887320.1269352,8,3200000000.0
1762887320.1269352,9,3200000000.0
1762887320.1269352,0,3200000000.0
1762887320.1269352,1,3200000000.0
1762887320.1269352,2,3200000000.0
1762887320.1269352,3,3200000000.0
1762887320.1269352,4,3200000000.0
1762887320.1269352,5,3200000000.0
1762887320.1269352,6,3200000000.0
1762887320.1269352,7,3200000000.0
1762887320.1269352,8,3200000000.0
1762887320.1269352,9,3200000000.0
1762887320.1269352,0,3200000000.0
1762887320.1269352,1,3200000000.0
1762887320.1269352,2,3200000000.0
1762887320.1269352,3,3200000000.0
1762887320.1269352,4,3200000000.0
1762887320.1269352,5,3200000000.0
1762887320.1269352,6,3200000000.0
1762887320.1269352,7,3200000000.0
1762887320.1269352,8,3200000000.0
1762887320.1269352,9,3200000000.0
1762887320.1269352,0,3200000000.0
1762887320.1269352,1,3200000000.0
1762887320.1269352,2,3200000000.0
1762887320.1269352,3,3200000000.0
1762887320.1269352,4,3200000000.0
1762887320.1269352,5,3200000000.0
1762887321.1269922,0,3200000000.0
1762887321.1269922,1,3200000000.0
1762887321.1269922,2,3200000000.0
1762887321.1269922,3,3200000000.0
1762887321.1269922,4,3200000000.0
1762887321.1269922,5,3000000000.0
1762887321.1269922,6,3200000000.0
1762887321.1269922,7,3200000000.0
1762887321.1269922,8,3200000000.0
1762887321.1269922,9,3200000000.0
1762887321.1269922,0,3200000000.0
1762887321.1269922,1,3200000000.0
1762887321.1269922,2,3200000000.0
1762887321.1269922,3,3200000000.0
1762887321.1269922,4,3200000000.0
1762887321.1269922,5,3000000000.0
1762887321.1269922,6,3200000000.0
1762887321.1269922,7,3200000000.0
1762887321.1269922,8,3200000000.0
1762887321.1269922,9,3200000000.0
1762887321.1269922,0,3200000000.0
1762887321.1269922,1,3200000000.0
1762887321.1269922,2,3200000000.0
1762887321.1269922,3,3200000000.0
1762887321.1269922,4,3200000000.0
1762887321.1269922,5,3200000000.0
1762887321.1269922,6,3200000000.0
1762887321.1269922,7,3200000000.0
1762887321.1269922,8,3200000000.0
1762887321.1269922,9,3200000000.0
1762887321.1269922,0,3200000000.0
1762887321.1269922,1,3200000000.0
1762887321.1269922,2,3200000000.0
1762887321.1269922,3,3200000000.0
1762887321.1269922,4,3200000000.0
1762887321.1269922,5,3200000000.0
1762887321.1269922,6,3200000000.0
1762887321.1269922,7,3200000000.0
1762887321.1269922,8,3200000000.0
1762887321.1269922,9,3200000000.0
1762887321.1269922,0,3200000000.0
1762887321.1269922,1,3200000000.0
1762887321.1269922,2,3200000000.0
1762887321.1269922,3,3200000000.0
1762887321.1269922,4,3200000000.0
1762887321.1269922,5,3200000000.0
1762887321.1269922,6,3200000000.0
1762887321.1269922,7,3200000000.0
1762887321.1269922,8,3200000000.0
1762887321.1269922,9,3200000000.0
1762887321.1269922,0,3200000000.0
1762887321.1269922,1,3200000000.0
1762887321.1269922,2,3200000000.0
1762887321.1269922,3,3200000000.0
1762887321.1269922,4,3200000000.0
1762887321.1269922,5,3200000000.0
1762887321.1269922,6,3200000000.0
1762887321.1269922,7,3200000000.0
1762887321.1269922,8,3200000000.0
1762887321.1269922,9,3200000000.0
1762887321.1269922,0,3200000000.0
1762887321.1269922,1,3200000000.0
1762887321.1269922,2,3200000000.0
1762887321.1269922,3,3200000000.0
1762887321.1269922,4,3200000000.0
1762887321.1269922,5,3200000000.0
1762887321.1269922,6,3200000000.0
1762887321.1269922,7,3200000000.0
1762887321.1269922,8,3200000000.0
1762887321.1269922,9,3200000000.0
1762887321.1269922,0,3200000000.0
1762887321.1269922,1,3200000000.0
1762887321.1269922,2,3200000000.0
1762887321.1269922,3,3200000000.0
1762887321.1269922,4,3200000000.0
1762887321.1269922,5,3200000000.0
1762887321.1269922,6,3200000000.0
1762887321.1269922,7,3200000000.0
1762887321.1269922,8,3200000000.0
1762887321.1269922,9,3200000000.0
1762887321.1269922,0,3200000000.0
1762887321.1269922,1,3200000000.0
1762887321.1269922,2,3200000000.0
1762887321.1269922,3,3200000000.0
1762887321.1269922,4,3200000000.0
1762887321.1269922,5,3200000000.0
1762887321.1269922,6,3200000000.0
1762887321.1269922,7,3200000000.0
1762887321.1269922,8,3200000000.0
1762887321.1269922,9,3200000000.0
1762887321.1269922,0,3200000000.0
1762887321.1269922,1,3200000000.0
1762887321.1269922,2,3200000000.0
1762887321.1269922,3,3200000000.0
1762887321.1269922,4,3200000000.0
1762887321.1269922,5,3200000000.0
1762887322.126993,0,3200000000.0
1762887322.126993,1,3200000000.0
1762887322.126993,2,3200000000.0
1762887322.126993,3,3200000000.0
1762887322.126993,4,3200000000.0
1762887322.126993,5,3200000000.0
1762887322.126993,6,3200000000.0
1762887322.126993,7,3200000000.0
1762887322.126993,8,3200000000.0
1762887322.126993,9,3200000000.0
1762887322.126993,0,3200000000.0
1762887322.126993,1,3200000000.0
1762887322.126993,2,3200000000.0
1762887322.126993,3,3200000000.0
1762887322.126993,4,3200000000.0
1762887322.126993,5,3000000000.0
1762887322.126993,6,3200000000.0
1762887322.126993,7,3200000000.0
1762887322.126993,8,3200000000.0
1762887322.126993,9,3200000000.0
1762887322.126993,0,3200000000.0
1762887322.126993,1,3200000000.0
1762887322.126993,2,3200000000.0
1762887322.126993,3,3200000000.0
1762887322.126993,4,3200000000.0
1762887322.126993,5,3200000000.0
1762887322.126993,6,3200000000.0
1762887322.126993,7,3200000000.0
1762887322.126993,8,3200000000.0
1762887322.126993,9,3200000000.0
1762887322.126993,0,3200000000.0
1762887322.126993,1,3200000000.0
1762887322.126993,2,3200000000.0
1762887322.126993,3,3000000000.0
1762887322.126993,4,3200000000.0
1762887322.126993,5,3200000000.0
1762887322.126993,6,3200000000.0
1762887322.126993,7,3200000000.0
1762887322.126993,8,3200000000.0
1762887322.126993,9,3200000000.0
1762887322.126993,0,3200000000.0
1762887322.126993,1,3200000000.0
1762887322.126993,2,3200000000.0
1762887322.126993,3,3000000000.0
1762887322.126993,4,3200000000.0
1762887322.126993,5,3200000000.0
1762887322.126993,6,3200000000.0
1762887322.126993,7,3200000000.0
1762887322.126993,8,3200000000.0
1762887322.126993,9,3200000000.0
1762887322.126993,0,3200000000.0
1762887322.126993,1,3200000000.0
1762887322.126993,2,3200000000.0
1762887322.126993,3,3200000000.0
1762887322.126993,4,3200000000.0
1762887322.126993,5,3200000000.0
1762887322.126993,6,3200000000.0
1762887322.126993,7,3200000000.0
1762887322.126993,8,3200000000.0
1762887322.126993,9,3200000000.0
1762887322.126993,0,3200000000.0
1762887322.126993,1,3200000000.0
1762887322.126993,2,3200000000.0
1762887322.126993,3,3200000000.0
1762887322.126993,4,3200000000.0
1762887322.126993,5,3200000000.0
1762887322.126993,6,3200000000.0
1762887322.126993,7,3200000000.0
1762887322.126993,8,3200000000.0
1762887322.126993,9,3200000000.0
1762887322.126993,0,3200000000.0
1762887322.126993,1,3200000000.0
1762887322.126993,2,3200000000.0
1762887322.126993,3,3200000000.0
1762887322.126993,4,3200000000.0
1762887322.126993,5,3200000000.0
1762887322.126993,6,3200000000.0
1762887322.126993,7,3200000000.0
1762887322.126993,8,3200000000.0
1762887322.126993,9,3200000000.0
1762887322.126993,0,3200000000.0
1762887322.126993,1,3200000000.0
1762887322.126993,2,3200000000.0
1762887322.126993,3,3200000000.0
1762887322.126993,4,3200000000.0
1762887322.126993,5,3200000000.0
1762887322.126993,6,3200000000.0
1762887322.126993,7,3200000000.0
1762887322.126993,8,3200000000.0
1762887322.126993,9,3200000000.0
1762887322.126993,0,3200000000.0
1762887322.126993,1,3200000000.0
1762887322.126993,2,3200000000.0
1762887322.126993,3,3200000000.0
1762887322.126993,4,3200000000.0
1762887322.126993,5,3200000000.0
1762887323.1270072,0,3200000000.0
1762887323.1270072,1,3200000000.0
1762887323.1270072,2,3200000000.0
1762887323.1270072,3,3200000000.0
1762887323.1270072,4,3200000000.0
1762887323.1270072,5,3200000000.0
1762887323.1270072,6,3200000000.0
1762887323.1270072,7,3200000000.0
1762887323.1270072,8,3200000000.0
1762887323.1270072,9,3200000000.0
1762887323.1270072,0,3200000000.0
1762887323.1270072,1,3200000000.0
1762887323.1270072,2,3200000000.0
1762887323.1270072,3,3200000000.0
1762887323.1270072,4,3200000000.0
1762887323.1270072,5,3200000000.0
1762887323.1270072,6,3200000000.0
1762887323.1270072,7,3200000000.0
1762887323.1270072,8,3200000000.0
1762887323.1270072,9,3200000000.0
1762887323.1270072,0,3200000000.0
1762887323.1270072,1,3200000000.0
1762887323.1270072,2,3200000000.0
1762887323.1270072,3,3200000000.0
1762887323.1270072,4,3200000000.0
1762887323.1270072,5,3200000000.0
1762887323.1270072,6,3200000000.0
1762887323.1270072,7,3200000000.0
1762887323.1270072,8,3200000000.0
1762887323.1270072,9,3200000000.0
1762887323.1270072,0,3200000000.0
1762887323.1270072,1,3200000000.0
1762887323.1270072,2,3200000000.0
1762887323.1270072,3,3200000000.0
1762887323.1270072,4,3200000000.0
1762887323.1270072,5,3200000000.0
1762887323.1270072,6,3200000000.0
1762887323.1270072,7,3200000000.0
1762887323.1270072,8,3200000000.0
1762887323.1270072,9,3200000000.0
1762887323.1270072,0,3200000000.0
1762887323.1270072,1,3200000000.0
1762887323.1270072,2,3200000000.0
1762887323.1270072,3,3000000000.0
1762887323.1270072,4,3200000000.0
1762887323.1270072,5,3200000000.0
1762887323.1270072,6,3200000000.0
1762887323.1270072,7,3200000000.0
1762887323.1270072,8,3000000000.0
1762887323.1270072,9,3200000000.0
1762887323.1270072,0,3200000000.0
1762887323.1270072,1,3200000000.0
1762887323.1270072,2,3200000000.0
1762887323.1270072,3,3200000000.0
1762887323.1270072,4,3200000000.0
1762887323.1270072,5,3000000000.0
1762887323.1270072,6,3200000000.0
1762887323.1270072,7,3200000000.0
1762887323.1270072,8,3200000000.0
1762887323.1270072,9,3200000000.0
1762887323.1270072,0,3200000000.0
1762887323.1270072,1,3200000000.0
1762887323.1270072,2,3200000000.0
1762887323.1270072,3,3200000000.0
1762887323.1270072,4,3200000000.0
1762887323.1270072,5,3200000000.0
1762887323.1270072,6,3200000000.0
1762887323.1270072,7,3200000000.0
1762887323.1270072,8,3200000000.0
1762887323.1270072,9,3200000000.0
1762887323.1270072,0,3200000000.0
1762887323.1270072,1,3200000000.0
1762887323.1270072,2,3200000000.0
1762887323.1270072,3,3200000000.0
1762887323.1270072,4,3200000000.0
1762887323.1270072,5,3200000000.0
1762887323.1270072,6,3200000000.0
1762887323.1270072,7,3200000000.0
1762887323.1270072,8,3200000000.0
1762887323.1270072,9,3200000000.0
1762887323.1270072,0,3200000000.0
1762887323.1270072,1,3200000000.0
1762887323.1270072,2,3200000000.0
1762887323.1270072,3,3200000000.0
1762887323.1270072,4,3200000000.0
1762887323.1270072,5,3200000000.0
1762887323.1270072,6,3200000000.0
1762887323.1270072,7,3200000000.0
1762887323.1270072,8,3200000000.0
1762887323.1270072,9,3200000000.0
1762887323.1270072,0,3200000000.0
1762887323.1270072,1,3000000000.0
1762887323.1270072,2,3200000000.0
1762887323.1270072,3,3200000000.0
1762887323.1270072,4,3200000000.0
1762887323.1270072,5,3200000000.0
1762887324.1269836,0,3200000000.0
1762887324.1269836,1,3200000000.0
1762887324.1269836,2,3200000000.0
1762887324.1269836,3,3200000000.0
1762887324.1269836,4,3200000000.0
1762887324.1269836,5,3200000000.0
1762887324.1269836,6,3200000000.0
1762887324.1269836,7,3200000000.0
1762887324.1269836,8,3200000000.0
1762887324.1269836,9,3200000000.0
1762887324.1269836,0,3200000000.0
1762887324.1269836,1,3200000000.0
1762887324.1269836,2,3200000000.0
1762887324.1269836,3,3200000000.0
1762887324.1269836,4,3200000000.0
1762887324.1269836,5,3200000000.0
1762887324.1269836,6,3200000000.0
1762887324.1269836,7,3200000000.0
1762887324.1269836,8,3200000000.0
1762887324.1269836,9,3200000000.0
1762887324.1269836,0,3200000000.0
1762887324.1269836,1,3200000000.0
1762887324.1269836,2,3200000000.0
1762887324.1269836,3,3200000000.0
1762887324.1269836,4,3200000000.0
1762887324.1269836,5,3200000000.0
1762887324.1269836,6,3200000000.0
1762887324.1269836,7,3200000000.0
1762887324.1269836,8,3200000000.0
1762887324.1269836,9,3200000000.0
1762887324.1269836,0,3200000000.0
1762887324.1269836,1,3200000000.0
1762887324.1269836,2,3200000000.0
1762887324.1269836,3,3200000000.0
1762887324.1269836,4,3200000000.0
1762887324.1269836,5,3200000000.0
1762887324.1269836,6,3200000000.0
1762887324.1269836,7,3200000000.0
1762887324.1269836,8,3200000000.0
1762887324.1269836,9,3200000000.0
1762887324.1269836,0,3200000000.0
1762887324.1269836,1,3200000000.0
1762887324.1269836,2,3200000000.0
1762887324.1269836,3,3200000000.0
1762887324.1269836,4,3200000000.0
1762887324.1269836,5,3200000000.0
1762887324.1269836,6,3200000000.0
1762887324.1269836,7,3200000000.0
1762887324.1269836,8,3200000000.0
1762887324.1269836,9,3200000000.0
1762887324.1269836,0,3200000000.0
1762887324.1269836,1,3200000000.0
1762887324.1269836,2,3200000000.0
1762887324.1269836,3,3200000000.0
1762887324.1269836,4,3200000000.0
1762887324.1269836,5,3000000000.0
1762887324.1269836,6,3200000000.0
1762887324.1269836,7,3200000000.0
1762887324.1269836,8,3200000000.0
1762887324.1269836,9,3200000000.0
1762887324.1269836,0,3200000000.0
1762887324.1269836,1,3200000000.0
1762887324.1269836,2,3200000000.0
1762887324.1269836,3,3200000000.0
1762887324.1269836,4,3200000000.0
1762887324.1269836,5,3200000000.0
1762887324.1269836,6,3200000000.0
1762887324.1269836,7,3200000000.0
1762887324.1269836,8,3200000000.0
1762887324.1269836,9,3200000000.0
1762887324.1269836,0,3200000000.0
1762887324.1269836,1,3200000000.0
1762887324.1269836,2,3200000000.0
1762887324.1269836,3,3200000000.0
1762887324.1269836,4,3200000000.0
1762887324.1269836,5,3200000000.0
1762887324.1269836,6,3200000000.0
1762887324.1269836,7,3200000000.0
1762887324.1269836,8,3200000000.0
1762887324.1269836,9,3200000000.0
1762887324.1269836,0,3200000000.0
1762887324.1269836,1,3200000000.0
1762887324.1269836,2,3200000000.0
1762887324.1269836,3,3200000000.0
1762887324.1269836,4,3200000000.0
1762887324.1269836,5,3200000000.0
1762887324.1269836,6,3200000000.0
1762887324.1269836,7,3200000000.0
1762887324.1269836,8,3200000000.0
1762887324.1269836,9,3200000000.0
1762887324.1269836,0,3200000000.0
1762887324.1269836,1,3200000000.0
1762887324.1269836,2,3200000000.0
1762887324.1269836,3,3200000000.0
1762887324.1269836,4,3200000000.0
1762887324.1269836,5,3200000000.0
1762887325.1269658,0,3200000000.0
1762887325.1269658,1,3200000000.0
1762887325.1269658,2,3200000000.0
1762887325.1269658,3,3200000000.0
1762887325.1269658,4,3200000000.0
1762887325.1269658,5,3200000000.0
1762887325.1269658,6,3200000000.0
1762887325.1269658,7,3200000000.0
1762887325.1269658,8,3200000000.0
1762887325.1269658,9,3200000000.0
1762887325.1269658,0,3200000000.0
1762887325.1269658,1,3200000000.0
1762887325.1269658,2,3200000000.0
1762887325.1269658,3,3200000000.0
1762887325.1269658,4,3200000000.0
1762887325.1269658,5,3200000000.0
1762887325.1269658,6,3200000000.0
1762887325.1269658,7,3200000000.0
1762887325.1269658,8,3200000000.0
1762887325.1269658,9,3200000000.0
1762887325.1269658,0,3200000000.0
1762887325.1269658,1,3200000000.0
1762887325.1269658,2,3200000000.0
1762887325.1269658,3,3200000000.0
1762887325.1269658,4,3200000000.0
1762887325.1269658,5,3200000000.0
1762887325.1269658,6,3200000000.0
1762887325.1269658,7,3200000000.0
1762887325.1269658,8,3200000000.0
1762887325.1269658,9,3200000000.0
1762887325.1269658,0,3200000000.0
1762887325.1269658,1,3200000000.0
1762887325.1269658,2,3200000000.0
1762887325.1269658,3,3200000000.0
1762887325.1269658,4,3200000000.0
1762887325.1269658,5,3200000000.0
1762887325.1269658,6,3200000000.0
1762887325.1269658,7,3200000000.0
1762887325.1269658,8,3200000000.0
1762887325.1269658,9,3200000000.0
1762887325.1269658,0,3200000000.0
1762887325.1269658,1,3200000000.0
1762887325.1269658,2,3200000000.0
1762887325.1269658,3,3200000000.0
1762887325.1269658,4,3200000000.0
1762887325.1269658,5,3200000000.0
1762887325.1269658,6,3200000000.0
1762887325.1269658,7,3200000000.0
1762887325.1269658,8,3200000000.0
1762887325.1269658,9,3200000000.0
1762887325.1269658,0,3200000000.0
1762887325.1269658,1,3200000000.0
1762887325.1269658,2,3200000000.0
1762887325.1269658,3,3200000000.0
1762887325.1269658,4,3200000000.0
1762887325.1269658,5,3200000000.0
1762887325.1269658,6,3200000000.0
1762887325.1269658,7,3200000000.0
1762887325.1269658,8,3200000000.0
1762887325.1269658,9,3200000000.0
1762887325.1269658,0,3200000000.0
1762887325.1269658,1,3200000000.0
1762887325.1269658,2,3200000000.0
1762887325.1269658,3,3200000000.0
1762887325.1269658,4,3200000000.0
1762887325.1269658,5,3200000000.0
1762887325.1269658,6,3200000000.0
1762887325.1269658,7,3200000000.0
1762887325.1269658,8,3200000000.0
1762887325.1269658,9,3200000000.0
1762887325.1269658,0,3200000000.0
1762887325.1269658,1,3200000000.0
1762887325.1269658,2,3200000000.0
1762887325.1269658,3,3200000000.0
1762887325.1269658,4,3200000000.0
1762887325.1269658,5,3200000000.0
1762887325.1269658,6,3200000000.0
1762887325.1269658,7,3200000000.0
1762887325.1269658,8,3200000000.0
1762887325.1269658,9,3200000000.0
1762887325.1269658,0,3200000000.0
1762887325.1269658,1,3200000000.0
1762887325.1269658,2,3200000000.0
1762887325.1269658,3,3200000000.0
1762887325.1269658,4,3200000000.0
1762887325.1269658,5,3200000000.0
1762887325.1269658,6,3200000000.0
1762887325.1269658,7,3200000000.0
1762887325.1269658,8,3200000000.0
1762887325.1269658,9,3200000000.0
1762887325.1269658,0,3200000000.0
1762887325.1269658,1,3200000000.0
1762887325.1269658,2,3200000000.0
1762887325.1269658,3,3200000000.0
1762887325.1269658,4,3200000000.0
1762887325.1269658,5,3200000000.0
1762887326.1269875,0,3200000000.0
1762887326.1269875,1,3200000000.0
1762887326.1269875,2,3200000000.0
1762887326.1269875,3,3200000000.0
1762887326.1269875,4,3200000000.0
1762887326.1269875,5,3200000000.0
1762887326.1269875,6,3200000000.0
1762887326.1269875,7,3200000000.0
1762887326.1269875,8,3200000000.0
1762887326.1269875,9,3200000000.0
1762887326.1269875,0,3200000000.0
1762887326.1269875,1,3200000000.0
1762887326.1269875,2,3200000000.0
1762887326.1269875,3,3200000000.0
1762887326.1269875,4,3200000000.0
1762887326.1269875,5,3200000000.0
1762887326.1269875,6,3200000000.0
1762887326.1269875,7,3200000000.0
1762887326.1269875,8,3200000000.0
1762887326.1269875,9,3200000000.0
1762887326.1269875,0,3200000000.0
1762887326.1269875,1,3200000000.0
1762887326.1269875,2,3200000000.0
1762887326.1269875,3,3200000000.0
1762887326.1269875,4,3200000000.0
1762887326.1269875,5,3200000000.0
1762887326.1269875,6,3200000000.0
1762887326.1269875,7,3200000000.0
1762887326.1269875,8,3200000000.0
1762887326.1269875,9,3200000000.0
1762887326.1269875,0,3200000000.0
1762887326.1269875,1,3200000000.0
1762887326.1269875,2,3200000000.0
1762887326.1269875,3,3200000000.0
1762887326.1269875,4,3200000000.0
1762887326.1269875,5,3200000000.0
1762887326.1269875,6,3200000000.0
1762887326.1269875,7,3200000000.0
1762887326.1269875,8,3200000000.0
1762887326.1269875,9,3200000000.0
1762887326.1269875,0,3200000000.0
1762887326.1269875,1,3200000000.0
1762887326.1269875,2,3200000000.0
1762887326.1269875,3,3200000000.0
1762887326.1269875,4,3200000000.0
1762887326.1269875,5,3200000000.0
1762887326.1269875,6,3200000000.0
1762887326.1269875,7,3200000000.0
1762887326.1269875,8,3200000000.0
1762887326.1269875,9,3200000000.0
1762887326.1269875,0,3200000000.0
1762887326.1269875,1,3200000000.0
1762887326.1269875,2,3200000000.0
1762887326.1269875,3,3200000000.0
1762887326.1269875,4,3200000000.0
1762887326.1269875,5,3200000000.0
1762887326.1269875,6,3200000000.0
1762887326.1269875,7,3200000000.0
1762887326.1269875,8,3200000000.0
1762887326.1269875,9,3200000000.0
1762887326.1269875,0,3200000000.0
1762887326.1269875,1,3200000000.0
1762887326.1269875,2,3200000000.0
1762887326.1269875,3,3200000000.0
1762887326.1269875,4,3200000000.0
1762887326.1269875,5,3200000000.0
1762887326.1269875,6,3200000000.0
1762887326.1269875,7,3200000000.0
1762887326.1269875,8,3200000000.0
1762887326.1269875,9,3200000000.0
1762887326.1269875,0,3200000000.0
1762887326.1269875,1,3200000000.0
1762887326.1269875,2,3200000000.0
1762887326.1269875,3,3200000000.0
1762887326.1269875,4,3200000000.0
1762887326.1269875,5,3200000000.0
1762887326.1269875,6,3200000000.0
1762887326.1269875,7,3200000000.0
1762887326.1269875,8,3200000000.0
1762887326.1269875,9,3200000000.0
1762887326.1269875,0,3200000000.0
1762887326.1269875,1,3200000000.0
1762887326.1269875,2,3200000000.0
1762887326.1269875,3,3200000000.0
1762887326.1269875,4,3200000000.0
1762887326.1269875,5,3200000000.0
1762887326.1269875,6,3200000000.0
1762887326.1269875,7,3200000000.0
1762887326.1269875,8,3200000000.0
1762887326.1269875,9,3200000000.0
1762887326.1269875,0,3200000000.0
1762887326.1269875,1,3200000000.0
1762887326.1269875,2,3200000000.0
1762887326.1269875,3,3200000000.0
1762887326.1269875,4,3200000000.0
1762887326.1269875,5,3200000000.0
1762887327.1269648,0,3200000000.0
1762887327.1269648,1,3200000000.0
1762887327.1269648,2,3200000000.0
1762887327.1269648,3,3200000000.0
1762887327.1269648,4,3200000000.0
1762887327.1269648,5,3200000000.0
1762887327.1269648,6,3200000000.0
1762887327.1269648,7,3200000000.0
1762887327.1269648,8,3200000000.0
1762887327.1269648,9,3200000000.0
1762887327.1269648,0,3200000000.0
1762887327.1269648,1,3200000000.0
1762887327.1269648,2,3200000000.0
1762887327.1269648,3,3200000000.0
1762887327.1269648,4,3200000000.0
1762887327.1269648,5,3200000000.0
1762887327.1269648,6,3200000000.0
1762887327.1269648,7,3200000000.0
1762887327.1269648,8,3200000000.0
1762887327.1269648,9,3200000000.0
1762887327.1269648,0,3200000000.0
1762887327.1269648,1,3200000000.0
1762887327.1269648,2,3200000000.0
1762887327.1269648,3,3200000000.0
1762887327.1269648,4,3200000000.0
1762887327.1269648,5,3200000000.0
1762887327.1269648,6,3200000000.0
1762887327.1269648,7,3200000000.0
1762887327.1269648,8,3200000000.0
1762887327.1269648,9,3200000000.0
1762887327.1269648,0,3200000000.0
1762887327.1269648,1,3200000000.0
1762887327.1269648,2,3200000000.0
1762887327.1269648,3,3200000000.0
1762887327.1269648,4,3200000000.0
1762887327.1269648,5,3200000000.0
1762887327.1269648,6,3200000000.0
1762887327.1269648,7,3200000000.0
1762887327.1269648,8,3200000000.0
1762887327.1269648,9,3200000000.0
1762887327.1269648,0,3200000000.0
1762887327.1269648,1,3200000000.0
1762887327.1269648,2,3200000000.0
1762887327.1269648,3,3200000000.0
1762887327.1269648,4,3200000000.0
1762887327.1269648,5,3200000000.0
1762887327.1269648,6,3200000000.0
1762887327.1269648,7,3200000000.0
1762887327.1269648,8,3200000000.0
1762887327.1269648,9,3200000000.0
1762887327.1269648,0,3200000000.0
1762887327.1269648,1,3200000000.0
1762887327.1269648,2,3200000000.0
1762887327.1269648,3,3200000000.0
1762887327.1269648,4,3200000000.0
1762887327.1269648,5,3200000000.0
1762887327.1269648,6,3200000000.0
1762887327.1269648,7,3200000000.0
1762887327.1269648,8,3200000000.0
1762887327.1269648,9,3200000000.0
1762887327.1269648,0,3200000000.0
1762887327.1269648,1,3200000000.0
1762887327.1269648,2,3200000000.0
1762887327.1269648,3,3200000000.0
1762887327.1269648,4,3200000000.0
1762887327.1269648,5,3200000000.0
1762887327.1269648,6,3200000000.0
1762887327.1269648,7,3200000000.0
1762887327.1269648,8,3200000000.0
1762887327.1269648,9,3200000000.0
1762887327.1269648,0,3200000000.0
1762887327.1269648,1,3200000000.0
1762887327.1269648,2,3200000000.0
1762887327.1269648,3,3200000000.0
1762887327.1269648,4,3200000000.0
1762887327.1269648,5,3200000000.0
1762887327.1269648,6,3200000000.0
1762887327.1269648,7,3200000000.0
1762887327.1269648,8,3200000000.0
1762887327.1269648,9,3200000000.0
1762887327.1269648,0,3200000000.0
1762887327.1269648,1,3200000000.0
1762887327.1269648,2,3200000000.0
1762887327.1269648,3,3200000000.0
1762887327.1269648,4,3200000000.0
1762887327.1269648,5,3200000000.0
1762887327.1269648,6,3200000000.0
1762887327.1269648,7,3200000000.0
1762887327.1269648,8,3200000000.0
1762887327.1269648,9,3200000000.0
1762887327.1269648,0,3200000000.0
1762887327.1269648,1,3200000000.0
1762887327.1269648,2,3200000000.0
1762887327.1269648,3,3200000000.0
1762887327.1269648,4,3200000000.0
1762887327.1269648,5,3200000000.0
1762887328.1269183,0,3200000000.0
1762887328.1269183,1,3200000000.0
1762887328.1269183,2,3200000000.0
1762887328.1269183,3,3200000000.0
1762887328.1269183,4,3200000000.0
1762887328.1269183,5,3200000000.0
1762887328.1269183,6,3200000000.0
1762887328.1269183,7,3200000000.0
1762887328.1269183,8,3200000000.0
1762887328.1269183,9,3200000000.0
1762887328.1269183,0,3200000000.0
1762887328.1269183,1,3200000000.0
1762887328.1269183,2,3200000000.0
1762887328.1269183,3,3200000000.0
1762887328.1269183,4,3200000000.0
1762887328.1269183,5,3200000000.0
1762887328.1269183,6,3200000000.0
1762887328.1269183,7,3200000000.0
1762887328.1269183,8,3200000000.0
1762887328.1269183,9,3200000000.0
1762887328.1269183,0,3200000000.0
1762887328.1269183,1,3200000000.0
1762887328.1269183,2,3200000000.0
1762887328.1269183,3,3200000000.0
1762887328.1269183,4,3200000000.0
1762887328.1269183,5,3200000000.0
1762887328.1269183,6,3200000000.0
1762887328.1269183,7,3200000000.0
1762887328.1269183,8,3200000000.0
1762887328.1269183,9,3200000000.0
1762887328.1269183,0,3200000000.0
1762887328.1269183,1,3200000000.0
1762887328.1269183,2,3200000000.0
1762887328.1269183,3,3200000000.0
1762887328.1269183,4,3200000000.0
1762887328.1269183,5,3200000000.0
1762887328.1269183,6,3200000000.0
1762887328.1269183,7,3200000000.0
1762887328.1269183,8,3200000000.0
1762887328.1269183,9,3200000000.0
1762887328.1269183,0,3200000000.0
1762887328.1269183,1,3200000000.0
1762887328.1269183,2,3200000000.0
1762887328.1269183,3,3200000000.0
1762887328.1269183,4,3200000000.0
1762887328.1269183,5,3200000000.0
1762887328.1269183,6,3200000000.0
1762887328.1269183,7,3200000000.0
1762887328.1269183,8,3200000000.0
1762887328.1269183,9,3200000000.0
1762887328.1269183,0,3200000000.0
1762887328.1269183,1,3200000000.0
1762887328.1269183,2,3200000000.0
1762887328.1269183,3,3200000000.0
1762887328.1269183,4,3200000000.0
1762887328.1269183,5,3200000000.0
1762887328.1269183,6,3200000000.0
1762887328.1269183,7,3200000000.0
1762887328.1269183,8,3200000000.0
1762887328.1269183,9,3200000000.0
1762887328.1269183,0,3200000000.0
1762887328.1269183,1,3200000000.0
1762887328.1269183,2,3200000000.0
1762887328.1269183,3,3200000000.0
1762887328.1269183,4,3200000000.0
1762887328.1269183,5,3200000000.0
1762887328.1269183,6,3200000000.0
1762887328.1269183,7,3200000000.0
1762887328.1269183,8,3200000000.0
1762887328.1269183,9,3200000000.0
1762887328.1269183,0,3200000000.0
1762887328.1269183,1,3200000000.0
1762887328.1269183,2,3200000000.0
1762887328.1269183,3,3200000000.0
1762887328.1269183,4,3200000000.0
1762887328.1269183,5,3200000000.0
1762887328.1269183,6,3200000000.0
1762887328.1269183,7,3200000000.0
1762887328.1269183,8,3200000000.0
1762887328.1269183,9,3200000000.0
1762887328.1269183,0,3200000000.0
1762887328.1269183,1,3200000000.0
1762887328.1269183,2,3200000000.0
1762887328.1269183,3,3200000000.0
1762887328.1269183,4,3200000000.0
1762887328.1269183,5,3200000000.0
1762887328.1269183,6,3200000000.0
1762887328.1269183,7,3200000000.0
1762887328.1269183,8,3200000000.0
1762887328.1269183,9,3200000000.0
1762887328.1269183,0,3200000000.0
1762887328.1269183,1,3200000000.0
1762887328.1269183,2,3200000000.0
1762887328.1269183,3,3200000000.0
1762887328.1269183,4,3200000000.0
1762887328.1269183,5,3200000000.0
1762887329.1269855,0,3200000000.0
1762887329.1269855,1,3200000000.0
1762887329.1269855,2,3200000000.0
1762887329.1269855,3,3200000000.0
1762887329.1269855,4,3200000000.0
1762887329.1269855,5,3200000000.0
1762887329.1269855,6,3200000000.0
1762887329.1269855,7,3200000000.0
1762887329.1269855,8,3200000000.0
1762887329.1269855,9,3200000000.0
1762887329.1269855,0,3200000000.0
1762887329.1269855,1,3200000000.0
1762887329.1269855,2,3200000000.0
1762887329.1269855,3,3200000000.0
1762887329.1269855,4,3200000000.0
1762887329.1269855,5,3200000000.0
1762887329.1269855,6,3200000000.0
1762887329.1269855,7,3200000000.0
1762887329.1269855,8,3200000000.0
1762887329.1269855,9,3200000000.0
1762887329.1269855,0,3200000000.0
1762887329.1269855,1,3200000000.0
1762887329.1269855,2,3200000000.0
1762887329.1269855,3,3200000000.0
1762887329.1269855,4,3200000000.0
1762887329.1269855,5,3200000000.0
1762887329.1269855,6,3200000000.0
1762887329.1269855,7,3200000000.0
1762887329.1269855,8,3200000000.0
1762887329.1269855,9,3200000000.0
1762887329.1269855,0,3200000000.0
1762887329.1269855,1,3200000000.0
1762887329.1269855,2,3200000000.0
1762887329.1269855,3,3200000000.0
1762887329.1269855,4,3200000000.0
1762887329.1269855,5,3200000000.0
1762887329.1269855,6,3200000000.0
1762887329.1269855,7,3200000000.0
1762887329.1269855,8,3200000000.0
1762887329.1269855,9,3200000000.0
1762887329.1269855,0,3200000000.0
1762887329.1269855,1,3200000000.0
1762887329.1269855,2,3200000000.0
1762887329.1269855,3,3200000000.0
1762887329.1269855,4,3200000000.0
1762887329.1269855,5,3200000000.0
1762887329.1269855,6,3200000000.0
1762887329.1269855,7,3200000000.0
1762887329.1269855,8,3200000000.0
1762887329.1269855,9,3200000000.0
1762887329.1269855,0,3200000000.0
1762887329.1269855,1,3200000000.0
1762887329.1269855,2,3200000000.0
1762887329.1269855,3,3200000000.0
1762887329.1269855,4,3200000000.0
1762887329.1269855,5,3200000000.0
1762887329.1269855,6,3200000000.0
1762887329.1269855,7,3200000000.0
1762887329.1269855,8,3200000000.0
1762887329.1269855,9,3200000000.0
1762887329.1269855,0,3200000000.0
1762887329.1269855,1,3200000000.0
1762887329.1269855,2,3200000000.0
1762887329.1269855,3,3200000000.0
1762887329.1269855,4,3200000000.0
1762887329.1269855,5,3200000000.0
1762887329.1269855,6,3200000000.0
1762887329.1269855,7,3200000000.0
1762887329.1269855,8,3200000000.0
1762887329.1269855,9,3200000000.0
1762887329.1269855,0,3200000000.0
1762887329.1269855,1,3200000000.0
1762887329.1269855,2,3200000000.0
1762887329.1269855,3,3200000000.0
1762887329.1269855,4,3200000000.0
1762887329.1269855,5,3200000000.0
1762887329.1269855,6,3200000000.0
1762887329.1269855,7,3200000000.0
1762887329.1269855,8,3200000000.0
1762887329.1269855,9,3200000000.0
1762887329.1269855,0,3200000000.0
1762887329.1269855,1,3200000000.0
1762887329.1269855,2,3200000000.0
1762887329.1269855,3,3200000000.0
1762887329.1269855,4,3200000000.0
1762887329.1269855,5,3200000000.0
1762887329.1269855,6,3200000000.0
1762887329.1269855,7,3200000000.0
1762887329.1269855,8,3200000000.0
1762887329.1269855,9,3200000000.0
1762887329.1269855,0,3200000000.0
1762887329.1269855,1,3200000000.0
1762887329.1269855,2,3200000000.0
1762887329.1269855,3,3200000000.0
1762887329.1269855,4,3200000000.0
1762887329.1269855,5,3200000000.0
1762887330.126969,0,3200000000.0
1762887330.126969,1,3200000000.0
1762887330.126969,2,3200000000.0
1762887330.126969,3,3200000000.0
1762887330.126969,4,3200000000.0
1762887330.126969,5,3200000000.0
1762887330.126969,6,3200000000.0
1762887330.126969,7,3200000000.0
1762887330.126969,8,3200000000.0
1762887330.126969,9,3200000000.0
1762887330.126969,0,3200000000.0
1762887330.126969,1,3200000000.0
1762887330.126969,2,3200000000.0
1762887330.126969,3,3200000000.0
1762887330.126969,4,3200000000.0
1762887330.126969,5,3200000000.0
1762887330.126969,6,3200000000.0
1762887330.126969,7,3200000000.0
1762887330.126969,8,3200000000.0
1762887330.126969,9,3200000000.0
1762887330.126969,0,3200000000.0
1762887330.126969,1,3200000000.0
1762887330.126969,2,3200000000.0
1762887330.126969,3,3200000000.0
1762887330.126969,4,3200000000.0
1762887330.126969,5,3200000000.0
1762887330.126969,6,3200000000.0
1762887330.126969,7,3200000000.0
1762887330.126969,8,3200000000.0
1762887330.126969,9,3200000000.0
1762887330.126969,0,3200000000.0
1762887330.126969,1,3200000000.0
1762887330.126969,2,3200000000.0
1762887330.126969,3,3200000000.0
1762887330.126969,4,3200000000.0
1762887330.126969,5,3200000000.0
1762887330.126969,6,3200000000.0
1762887330.126969,7,3200000000.0
1762887330.126969,8,3200000000.0
1762887330.126969,9,3200000000.0
1762887330.126969,0,3200000000.0
1762887330.126969,1,3200000000.0
1762887330.126969,2,3200000000.0
1762887330.126969,3,3200000000.0
1762887330.126969,4,3000000000.0
1762887330.126969,5,3200000000.0
1762887330.126969,6,3200000000.0
1762887330.126969,7,3200000000.0
1762887330.126969,8,3200000000.0
1762887330.126969,9,3000000000.0
1762887330.126969,0,3200000000.0
1762887330.126969,1,3200000000.0
1762887330.126969,2,3200000000.0
1762887330.126969,3,3200000000.0
1762887330.126969,4,3200000000.0
1762887330.126969,5,3200000000.0
1762887330.126969,6,3200000000.0
1762887330.126969,7,3200000000.0
1762887330.126969,8,3200000000.0
1762887330.126969,9,3200000000.0
1762887330.126969,0,3200000000.0
1762887330.126969,1,3200000000.0
1762887330.126969,2,3200000000.0
1762887330.126969,3,3200000000.0
1762887330.126969,4,3200000000.0
1762887330.126969,5,3200000000.0
1762887330.126969,6,3200000000.0
1762887330.126969,7,3200000000.0
1762887330.126969,8,3200000000.0
1762887330.126969,9,3200000000.0
1762887330.126969,0,3200000000.0
1762887330.126969,1,3200000000.0
1762887330.126969,2,3200000000.0
1762887330.126969,3,3200000000.0
1762887330.126969,4,3200000000.0
1762887330.126969,5,3200000000.0
1762887330.126969,6,3200000000.0
1762887330.126969,7,3200000000.0
1762887330.126969,8,3200000000.0
1762887330.126969,9,3200000000.0
1762887330.126969,0,3200000000.0
1762887330.126969,1,3200000000.0
1762887330.126969,2,3200000000.0
1762887330.126969,3,3200000000.0
1762887330.126969,4,3200000000.0
1762887330.126969,5,3200000000.0
1762887330.126969,6,3200000000.0
1762887330.126969,7,3200000000.0
1762887330.126969,8,3200000000.0
1762887330.126969,9,3200000000.0
1762887330.126969,0,3200000000.0
1762887330.126969,1,3200000000.0
1762887330.126969,2,3200000000.0
1762887330.126969,3,3200000000.0
1762887330.126969,4,3200000000.0
1762887330.126969,5,3200000000.0
1762887331.127002,0,3200000000.0
1762887331.127002,1,3200000000.0
1762887331.127002,2,3200000000.0
1762887331.127002,3,3200000000.0
1762887331.127002,4,3200000000.0
1762887331.127002,5,3200000000.0
1762887331.127002,6,3200000000.0
1762887331.127002,7,3200000000.0
1762887331.127002,8,3200000000.0
1762887331.127002,9,3200000000.0
1762887331.127002,0,3200000000.0
1762887331.127002,1,3200000000.0
1762887331.127002,2,3200000000.0
1762887331.127002,3,3200000000.0
1762887331.127002,4,3200000000.0
1762887331.127002,5,3200000000.0
1762887331.127002,6,3200000000.0
1762887331.127002,7,3200000000.0
1762887331.127002,8,3200000000.0
1762887331.127002,9,3200000000.0
1762887331.127002,0,3200000000.0
1762887331.127002,1,3200000000.0
1762887331.127002,2,3200000000.0
1762887331.127002,3,3200000000.0
1762887331.127002,4,3200000000.0
1762887331.127002,5,3200000000.0
1762887331.127002,6,3200000000.0
1762887331.127002,7,3200000000.0
1762887331.127002,8,3200000000.0
1762887331.127002,9,3200000000.0
1762887331.127002,0,3200000000.0
1762887331.127002,1,3200000000.0
1762887331.127002,2,3200000000.0
1762887331.127002,3,3200000000.0
1762887331.127002,4,3200000000.0
1762887331.127002,5,3200000000.0
1762887331.127002,6,3200000000.0
1762887331.127002,7,3200000000.0
1762887331.127002,8,3200000000.0
1762887331.127002,9,3200000000.0
1762887331.127002,0,3200000000.0
1762887331.127002,1,3200000000.0
1762887331.127002,2,3200000000.0
1762887331.127002,3,3200000000.0
1762887331.127002,4,3200000000.0
1762887331.127002,5,3200000000.0
1762887331.127002,6,3200000000.0
1762887331.127002,7,3200000000.0
1762887331.127002,8,3200000000.0
1762887331.127002,9,3200000000.0
1762887331.127002,0,3200000000.0
1762887331.127002,1,3200000000.0
1762887331.127002,2,3200000000.0
1762887331.127002,3,3200000000.0
1762887331.127002,4,3200000000.0
1762887331.127002,5,3200000000.0
1762887331.127002,6,3200000000.0
1762887331.127002,7,3200000000.0
1762887331.127002,8,3200000000.0
1762887331.127002,9,3200000000.0
1762887331.127002,0,3200000000.0
1762887331.127002,1,3200000000.0
1762887331.127002,2,3200000000.0
1762887331.127002,3,3200000000.0
1762887331.127002,4,3200000000.0
1762887331.127002,5,3200000000.0
1762887331.127002,6,3200000000.0
1762887331.127002,7,3200000000.0
1762887331.127002,8,3200000000.0
1762887331.127002,9,3200000000.0
1762887331.127002,0,3200000000.0
1762887331.127002,1,3200000000.0
1762887331.127002,2,3200000000.0
1762887331.127002,3,3200000000.0
1762887331.127002,4,3200000000.0
1762887331.127002,5,3200000000.0
1762887331.127002,6,3200000000.0
1762887331.127002,7,3200000000.0
1762887331.127002,8,3200000000.0
1762887331.127002,9,3200000000.0
1762887331.127002,0,3200000000.0
1762887331.127002,1,3200000000.0
1762887331.127002,2,3200000000.0
1762887331.127002,3,3200000000.0
1762887331.127002,4,3200000000.0
1762887331.127002,5,3200000000.0
1762887331.127002,6,3200000000.0
1762887331.127002,7,3200000000.0
1762887331.127002,8,3200000000.0
1762887331.127002,9,3200000000.0
1762887331.127002,0,3200000000.0
1762887331.127002,1,3200000000.0
1762887331.127002,2,3200000000.0
1762887331.127002,3,3200000000.0
1762887331.127002,4,3200000000.0
1762887331.127002,5,3200000000.0
1762887332.126977,0,3200000000.0
1762887332.126977,1,3200000000.0
1762887332.126977,2,3200000000.0
1762887332.126977,3,3200000000.0
1762887332.126977,4,3200000000.0
1762887332.126977,5,3200000000.0
1762887332.126977,6,3200000000.0
1762887332.126977,7,3200000000.0
1762887332.126977,8,3200000000.0
1762887332.126977,9,3200000000.0
1762887332.126977,0,3200000000.0
1762887332.126977,1,3200000000.0
1762887332.126977,2,3200000000.0
1762887332.126977,3,3200000000.0
1762887332.126977,4,3200000000.0
1762887332.126977,5,3200000000.0
1762887332.126977,6,3200000000.0
1762887332.126977,7,3200000000.0
1762887332.126977,8,3200000000.0
1762887332.126977,9,3200000000.0
1762887332.126977,0,3200000000.0
1762887332.126977,1,3200000000.0
1762887332.126977,2,3200000000.0
1762887332.126977,3,3200000000.0
1762887332.126977,4,3200000000.0
1762887332.126977,5,3200000000.0
1762887332.126977,6,3200000000.0
1762887332.126977,7,3200000000.0
1762887332.126977,8,3200000000.0
1762887332.126977,9,3200000000.0
1762887332.126977,0,3200000000.0
1762887332.126977,1,3200000000.0
1762887332.126977,2,3200000000.0
1762887332.126977,3,3200000000.0
1762887332.126977,4,3200000000.0
1762887332.126977,5,3200000000.0
1762887332.126977,6,3200000000.0
1762887332.126977,7,3200000000.0
1762887332.126977,8,3200000000.0
1762887332.126977,9,3200000000.0
1762887332.126977,0,3200000000.0
1762887332.126977,1,3200000000.0
1762887332.126977,2,3200000000.0
1762887332.126977,3,3200000000.0
1762887332.126977,4,3200000000.0
1762887332.126977,5,3200000000.0
1762887332.126977,6,3200000000.0
1762887332.126977,7,3200000000.0
1762887332.126977,8,3200000000.0
1762887332.126977,9,3200000000.0
1762887332.126977,0,3200000000.0
1762887332.126977,1,3200000000.0
1762887332.126977,2,3200000000.0
1762887332.126977,3,3200000000.0
1762887332.126977,4,3200000000.0
1762887332.126977,5,3200000000.0
1762887332.126977,6,3200000000.0
1762887332.126977,7,3200000000.0
1762887332.126977,8,3200000000.0
1762887332.126977,9,3200000000.0
1762887332.126977,0,3200000000.0
1762887332.126977,1,3200000000.0
1762887332.126977,2,3200000000.0
1762887332.126977,3,3200000000.0
1762887332.126977,4,3200000000.0
1762887332.126977,5,3200000000.0
1762887332.126977,6,3200000000.0
1762887332.126977,7,3200000000.0
1762887332.126977,8,3200000000.0
1762887332.126977,9,3200000000.0
1762887332.126977,0,3200000000.0
1762887332.126977,1,3200000000.0
1762887332.126977,2,3200000000.0
1762887332.126977,3,3200000000.0
1762887332.126977,4,3200000000.0
1762887332.126977,5,3200000000.0
1762887332.126977,6,3200000000.0
1762887332.126977,7,3200000000.0
1762887332.126977,8,3200000000.0
1762887332.126977,9,3200000000.0
1762887332.126977,0,3200000000.0
1762887332.126977,1,3200000000.0
1762887332.126977,2,3200000000.0
1762887332.126977,3,3200000000.0
1762887332.126977,4,3200000000.0
1762887332.126977,5,3200000000.0
1762887332.126977,6,3200000000.0
1762887332.126977,7,3200000000.0
1762887332.126977,8,3200000000.0
1762887332.126977,9,3200000000.0
1762887332.126977,0,3200000000.0
1762887332.126977,1,3000000000.0
1762887332.126977,2,3200000000.0
1762887332.126977,3,3200000000.0
1762887332.126977,4,3200000000.0
1762887332.126977,5,3200000000.0
1762887333.1269746,0,3200000000.0
1762887333.1269746,1,3200000000.0
1762887333.1269746,2,3200000000.0
1762887333.1269746,3,3200000000.0
1762887333.1269746,4,3200000000.0
1762887333.1269746,5,3200000000.0
1762887333.1269746,6,3200000000.0
1762887333.1269746,7,3200000000.0
1762887333.1269746,8,3200000000.0
1762887333.1269746,9,3200000000.0
1762887333.1269746,0,3200000000.0
1762887333.1269746,1,3200000000.0
1762887333.1269746,2,3200000000.0
1762887333.1269746,3,3200000000.0
1762887333.1269746,4,3200000000.0
1762887333.1269746,5,3200000000.0
1762887333.1269746,6,3200000000.0
1762887333.1269746,7,3200000000.0
1762887333.1269746,8,3200000000.0
1762887333.1269746,9,3200000000.0
1762887333.1269746,0,3200000000.0
1762887333.1269746,1,3200000000.0
1762887333.1269746,2,3200000000.0
1762887333.1269746,3,3200000000.0
1762887333.1269746,4,3200000000.0
1762887333.1269746,5,3200000000.0
1762887333.1269746,6,3200000000.0
1762887333.1269746,7,3200000000.0
1762887333.1269746,8,3200000000.0
1762887333.1269746,9,3200000000.0
1762887333.1269746,0,3200000000.0
1762887333.1269746,1,3200000000.0
1762887333.1269746,2,3200000000.0
1762887333.1269746,3,3200000000.0
1762887333.1269746,4,3200000000.0
1762887333.1269746,5,3200000000.0
1762887333.1269746,6,3200000000.0
1762887333.1269746,7,3200000000.0
1762887333.1269746,8,3200000000.0
1762887333.1269746,9,3200000000.0
1762887333.1269746,0,3200000000.0
1762887333.1269746,1,3200000000.0
1762887333.1269746,2,3200000000.0
1762887333.1269746,3,3200000000.0
1762887333.1269746,4,3200000000.0
1762887333.1269746,5,3200000000.0
1762887333.1269746,6,3200000000.0
1762887333.1269746,7,3200000000.0
1762887333.1269746,8,3200000000.0
1762887333.1269746,9,3200000000.0
1762887333.1269746,0,3200000000.0
1762887333.1269746,1,3200000000.0
1762887333.1269746,2,3200000000.0
1762887333.1269746,3,3200000000.0
1762887333.1269746,4,3200000000.0
1762887333.1269746,5,3200000000.0
1762887333.1269746,6,3200000000.0
1762887333.1269746,7,3200000000.0
1762887333.1269746,8,3200000000.0
1762887333.1269746,9,3200000000.0
1762887333.1269746,0,3200000000.0
1762887333.1269746,1,3200000000.0
1762887333.1269746,2,3200000000.0
1762887333.1269746,3,3200000000.0
1762887333.1269746,4,3200000000.0
1762887333.1269746,5,3200000000.0
1762887333.1269746,6,3200000000.0
1762887333.1269746,7,3200000000.0
1762887333.1269746,8,3200000000.0
1762887333.1269746,9,3200000000.0
1762887333.1269746,0,3200000000.0
1762887333.1269746,1,3200000000.0
1762887333.1269746,2,3200000000.0
1762887333.1269746,3,3200000000.0
1762887333.1269746,4,3200000000.0
1762887333.1269746,5,3200000000.0
1762887333.1269746,6,3200000000.0
1762887333.1269746,7,3200000000.0
1762887333.1269746,8,3200000000.0
1762887333.1269746,9,3200000000.0
1762887333.1269746,0,3200000000.0
1762887333.1269746,1,3200000000.0
1762887333.1269746,2,3200000000.0
1762887333.1269746,3,3200000000.0
1762887333.1269746,4,3200000000.0
1762887333.1269746,5,3200000000.0
1762887333.1269746,6,3200000000.0
1762887333.1269746,7,3200000000.0
1762887333.1269746,8,3200000000.0
1762887333.1269746,9,3200000000.0
1762887333.1269746,0,3200000000.0
1762887333.1269746,1,3200000000.0
1762887333.1269746,2,3200000000.0
1762887333.1269746,3,3200000000.0
1762887333.1269746,4,3200000000.0
1762887333.1269746,5,3200000000.0
1762887334.126994,0,3200000000.0
1762887334.126994,1,3200000000.0
1762887334.126994,2,3200000000.0
1762887334.126994,3,3200000000.0
1762887334.126994,4,3200000000.0
1762887334.126994,5,3200000000.0
1762887334.126994,6,3200000000.0
1762887334.126994,7,3200000000.0
1762887334.126994,8,3200000000.0
1762887334.126994,9,3200000000.0
1762887334.126994,0,3200000000.0
1762887334.126994,1,3200000000.0
1762887334.126994,2,3200000000.0
1762887334.126994,3,3200000000.0
1762887334.126994,4,3200000000.0
1762887334.126994,5,3200000000.0
1762887334.126994,6,3200000000.0
1762887334.126994,7,3200000000.0
1762887334.126994,8,3200000000.0
1762887334.126994,9,3200000000.0
1762887334.126994,0,3200000000.0
1762887334.126994,1,3200000000.0
1762887334.126994,2,3200000000.0
1762887334.126994,3,3200000000.0
1762887334.126994,4,3200000000.0
1762887334.126994,5,3200000000.0
1762887334.126994,6,3200000000.0
1762887334.126994,7,3200000000.0
1762887334.126994,8,3200000000.0
1762887334.126994,9,3200000000.0
1762887334.126994,0,3200000000.0
1762887334.126994,1,3200000000.0
1762887334.126994,2,3200000000.0
1762887334.126994,3,3200000000.0
1762887334.126994,4,3200000000.0
1762887334.126994,5,3200000000.0
1762887334.126994,6,3200000000.0
1762887334.126994,7,3200000000.0
1762887334.126994,8,3200000000.0
1762887334.126994,9,3200000000.0
1762887334.126994,0,3200000000.0
1762887334.126994,1,3200000000.0
1762887334.126994,2,3200000000.0
1762887334.126994,3,3200000000.0
1762887334.126994,4,3200000000.0
1762887334.126994,5,3200000000.0
1762887334.126994,6,3200000000.0
1762887334.126994,7,3200000000.0
1762887334.126994,8,3200000000.0
1762887334.126994,9,3000000000.0
1762887334.126994,0,3200000000.0
1762887334.126994,1,3200000000.0
1762887334.126994,2,3200000000.0
1762887334.126994,3,3200000000.0
1762887334.126994,4,3200000000.0
1762887334.126994,5,3200000000.0
1762887334.126994,6,3200000000.0
1762887334.126994,7,3200000000.0
1762887334.126994,8,3200000000.0
1762887334.126994,9,3200000000.0
1762887334.126994,0,3200000000.0
1762887334.126994,1,3200000000.0
1762887334.126994,2,3200000000.0
1762887334.126994,3,3200000000.0
1762887334.126994,4,3200000000.0
1762887334.126994,5,3200000000.0
1762887334.126994,6,3200000000.0
1762887334.126994,7,3200000000.0
1762887334.126994,8,3200000000.0
1762887334.126994,9,3200000000.0
1762887334.126994,0,3200000000.0
1762887334.126994,1,3200000000.0
1762887334.126994,2,3200000000.0
1762887334.126994,3,3200000000.0
1762887334.126994,4,3200000000.0
1762887334.126994,5,3200000000.0
1762887334.126994,6,3200000000.0
1762887334.126994,7,3200000000.0
1762887334.126994,8,3200000000.0
1762887334.126994,9,3200000000.0
1762887334.126994,0,3200000000.0
1762887334.126994,1,3200000000.0
1762887334.126994,2,3200000000.0
1762887334.126994,3,3200000000.0
1762887334.126994,4,3200000000.0
1762887334.126994,5,3200000000.0
1762887334.126994,6,3200000000.0
1762887334.126994,7,3200000000.0
1762887334.126994,8,3200000000.0
1762887334.126994,9,3200000000.0
1762887334.126994,0,3200000000.0
1762887334.126994,1,3200000000.0
1762887334.126994,2,3200000000.0
1762887334.126994,3,3200000000.0
1762887334.126994,4,3200000000.0
1762887334.126994,5,3200000000.0
1762887335.1270044,0,3200000000.0
1762887335.1270044,1,3200000000.0
1762887335.1270044,2,3200000000.0
1762887335.1270044,3,3200000000.0
1762887335.1270044,4,3200000000.0
1762887335.1270044,5,3200000000.0
1762887335.1270044,6,3200000000.0
1762887335.1270044,7,3200000000.0
1762887335.1270044,8,3200000000.0
1762887335.1270044,9,3200000000.0
1762887335.1270044,0,3200000000.0
1762887335.1270044,1,3200000000.0
1762887335.1270044,2,3200000000.0
1762887335.1270044,3,3200000000.0
1762887335.1270044,4,3200000000.0
1762887335.1270044,5,3200000000.0
1762887335.1270044,6,3200000000.0
1762887335.1270044,7,3200000000.0
1762887335.1270044,8,3200000000.0
1762887335.1270044,9,3200000000.0
1762887335.1270044,0,3200000000.0
1762887335.1270044,1,3200000000.0
1762887335.1270044,2,3200000000.0
1762887335.1270044,3,3200000000.0
1762887335.1270044,4,3200000000.0
1762887335.1270044,5,3200000000.0
1762887335.1270044,6,3200000000.0
1762887335.1270044,7,3200000000.0
1762887335.1270044,8,3200000000.0
1762887335.1270044,9,3200000000.0
1762887335.1270044,0,3200000000.0
1762887335.1270044,1,3200000000.0
1762887335.1270044,2,3200000000.0
1762887335.1270044,3,3200000000.0
1762887335.1270044,4,3200000000.0
1762887335.1270044,5,3200000000.0
1762887335.1270044,6,3200000000.0
1762887335.1270044,7,3200000000.0
1762887335.1270044,8,3200000000.0
1762887335.1270044,9,3200000000.0
1762887335.1270044,0,3200000000.0
1762887335.1270044,1,3200000000.0
1762887335.1270044,2,3200000000.0
1762887335.1270044,3,3200000000.0
1762887335.1270044,4,3200000000.0
1762887335.1270044,5,3200000000.0
1762887335.1270044,6,3200000000.0
1762887335.1270044,7,3200000000.0
1762887335.1270044,8,3200000000.0
1762887335.1270044,9,3200000000.0
1762887335.1270044,0,3200000000.0
1762887335.1270044,1,3200000000.0
1762887335.1270044,2,3200000000.0
1762887335.1270044,3,3200000000.0
1762887335.1270044,4,3200000000.0
1762887335.1270044,5,3200000000.0
1762887335.1270044,6,3200000000.0
1762887335.1270044,7,3200000000.0
1762887335.1270044,8,3200000000.0
1762887335.1270044,9,3200000000.0
1762887335.1270044,0,3200000000.0
1762887335.1270044,1,3200000000.0
1762887335.1270044,2,3200000000.0
1762887335.1270044,3,3200000000.0
1762887335.1270044,4,3200000000.0
1762887335.1270044,5,3200000000.0
1762887335.1270044,6,3200000000.0
1762887335.1270044,7,3200000000.0
1762887335.1270044,8,3200000000.0
1762887335.1270044,9,3200000000.0
1762887335.1270044,0,3200000000.0
1762887335.1270044,1,3200000000.0
1762887335.1270044,2,3200000000.0
1762887335.1270044,3,3200000000.0
1762887335.1270044,4,3200000000.0
1762887335.1270044,5,3200000000.0
1762887335.1270044,6,3200000000.0
1762887335.1270044,7,3200000000.0
1762887335.1270044,8,3200000000.0
1762887335.1270044,9,3200000000.0
1762887335.1270044,0,3200000000.0
1762887335.1270044,1,3200000000.0
1762887335.1270044,2,3200000000.0
1762887335.1270044,3,3200000000.0
1762887335.1270044,4,3200000000.0
1762887335.1270044,5,3200000000.0
1762887335.1270044,6,3200000000.0
1762887335.1270044,7,3200000000.0
1762887335.1270044,8,3200000000.0
1762887335.1270044,9,3200000000.0
1762887335.1270044,0,3200000000.0
1762887335.1270044,1,3200000000.0
1762887335.1270044,2,3200000000.0
1762887335.1270044,3,3200000000.0
1762887335.1270044,4,3200000000.0
1762887335.1270044,5,3200000000.0
1762887336.1269705,0,3200000000.0
1762887336.1269705,1,3200000000.0
1762887336.1269705,2,3200000000.0
1762887336.1269705,3,3200000000.0
1762887336.1269705,4,3200000000.0
1762887336.1269705,5,3200000000.0
1762887336.1269705,6,3200000000.0
1762887336.1269705,7,3200000000.0
1762887336.1269705,8,3200000000.0
1762887336.1269705,9,3200000000.0
1762887336.1269705,0,3200000000.0
1762887336.1269705,1,3200000000.0
1762887336.1269705,2,3200000000.0
1762887336.1269705,3,3200000000.0
1762887336.1269705,4,3200000000.0
1762887336.1269705,5,3200000000.0
1762887336.1269705,6,3200000000.0
1762887336.1269705,7,3200000000.0
1762887336.1269705,8,3200000000.0
1762887336.1269705,9,3200000000.0
1762887336.1269705,0,3200000000.0
1762887336.1269705,1,3200000000.0
1762887336.1269705,2,3200000000.0
1762887336.1269705,3,3200000000.0
1762887336.1269705,4,3200000000.0
1762887336.1269705,5,3200000000.0
1762887336.1269705,6,3200000000.0
1762887336.1269705,7,3200000000.0
1762887336.1269705,8,3200000000.0
1762887336.1269705,9,3200000000.0
1762887336.1269705,0,3200000000.0
1762887336.1269705,1,3200000000.0
1762887336.1269705,2,3200000000.0
1762887336.1269705,3,3200000000.0
1762887336.1269705,4,3200000000.0
1762887336.1269705,5,3200000000.0
1762887336.1269705,6,3200000000.0
1762887336.1269705,7,3200000000.0
1762887336.1269705,8,3200000000.0
1762887336.1269705,9,3200000000.0
1762887336.1269705,0,3200000000.0
1762887336.1269705,1,3200000000.0
1762887336.1269705,2,3200000000.0
1762887336.1269705,3,3200000000.0
1762887336.1269705,4,3200000000.0
1762887336.1269705,5,3200000000.0
1762887336.1269705,6,3200000000.0
1762887336.1269705,7,3200000000.0
1762887336.1269705,8,3200000000.0
1762887336.1269705,9,3200000000.0
1762887336.1269705,0,3200000000.0
1762887336.1269705,1,3200000000.0
1762887336.1269705,2,3200000000.0
1762887336.1269705,3,3200000000.0
1762887336.1269705,4,3200000000.0
1762887336.1269705,5,3200000000.0
1762887336.1269705,6,3200000000.0
1762887336.1269705,7,3200000000.0
1762887336.1269705,8,3200000000.0
1762887336.1269705,9,3200000000.0
1762887336.1269705,0,3200000000.0
1762887336.1269705,1,3200000000.0
1762887336.1269705,2,3200000000.0
1762887336.1269705,3,3200000000.0
1762887336.1269705,4,3200000000.0
1762887336.1269705,5,3200000000.0
1762887336.1269705,6,3200000000.0
1762887336.1269705,7,3200000000.0
1762887336.1269705,8,3200000000.0
1762887336.1269705,9,3200000000.0
1762887336.1269705,0,3200000000.0
1762887336.1269705,1,3200000000.0
1762887336.1269705,2,3200000000.0
1762887336.1269705,3,3200000000.0
1762887336.1269705,4,3200000000.0
1762887336.1269705,5,3200000000.0
1762887336.1269705,6,3200000000.0
1762887336.1269705,7,3200000000.0
1762887336.1269705,8,3200000000.0
1762887336.1269705,9,3200000000.0
1762887336.1269705,0,3200000000.0
1762887336.1269705,1,3200000000.0
1762887336.1269705,2,3200000000.0
1762887336.1269705,3,3200000000.0
1762887336.1269705,4,3200000000.0
1762887336.1269705,5,3200000000.0
1762887336.1269705,6,3200000000.0
1762887336.1269705,7,3200000000.0
1762887336.1269705,8,3200000000.0
1762887336.1269705,9,3200000000.0
1762887336.1269705,0,3200000000.0
1762887336.1269705,1,3200000000.0
1762887336.1269705,2,3200000000.0
1762887336.1269705,3,3200000000.0
1762887336.1269705,4,3200000000.0
1762887336.1269705,5,3200000000.0
1762887337.1269672,0,3200000000.0
1762887337.1269672,1,3200000000.0
1762887337.1269672,2,3200000000.0
1762887337.1269672,3,3200000000.0
1762887337.1269672,4,3200000000.0
1762887337.1269672,5,3200000000.0
1762887337.1269672,6,3200000000.0
1762887337.1269672,7,3200000000.0
1762887337.1269672,8,3200000000.0
1762887337.1269672,9,3200000000.0
1762887337.1269672,0,3200000000.0
1762887337.1269672,1,3200000000.0
1762887337.1269672,2,3200000000.0
1762887337.1269672,3,3200000000.0
1762887337.1269672,4,3200000000.0
1762887337.1269672,5,3200000000.0
1762887337.1269672,6,3200000000.0
1762887337.1269672,7,3200000000.0
1762887337.1269672,8,3200000000.0
1762887337.1269672,9,3200000000.0
1762887337.1269672,0,3200000000.0
1762887337.1269672,1,3200000000.0
1762887337.1269672,2,3200000000.0
1762887337.1269672,3,3200000000.0
1762887337.1269672,4,3200000000.0
1762887337.1269672,5,3200000000.0
1762887337.1269672,6,3200000000.0
1762887337.1269672,7,3200000000.0
1762887337.1269672,8,3200000000.0
1762887337.1269672,9,3200000000.0
1762887337.1269672,0,3200000000.0
1762887337.1269672,1,3200000000.0
1762887337.1269672,2,3200000000.0
1762887337.1269672,3,3200000000.0
1762887337.1269672,4,3200000000.0
1762887337.1269672,5,3200000000.0
1762887337.1269672,6,3200000000.0
1762887337.1269672,7,3200000000.0
1762887337.1269672,8,3200000000.0
1762887337.1269672,9,3200000000.0
1762887337.1269672,0,3200000000.0
1762887337.1269672,1,3200000000.0
1762887337.1269672,2,3200000000.0
1762887337.1269672,3,3200000000.0
1762887337.1269672,4,3200000000.0
1762887337.1269672,5,3200000000.0
1762887337.1269672,6,3200000000.0
1762887337.1269672,7,3200000000.0
1762887337.1269672,8,3200000000.0
1762887337.1269672,9,3200000000.0
1762887337.1269672,0,3200000000.0
1762887337.1269672,1,3200000000.0
1762887337.1269672,2,3200000000.0
1762887337.1269672,3,3200000000.0
1762887337.1269672,4,3200000000.0
1762887337.1269672,5,3200000000.0
1762887337.1269672,6,3200000000.0
1762887337.1269672,7,3200000000.0
1762887337.1269672,8,3200000000.0
1762887337.1269672,9,3200000000.0
1762887337.1269672,0,3200000000.0
1762887337.1269672,1,3200000000.0
1762887337.1269672,2,3200000000.0
1762887337.1269672,3,3200000000.0
1762887337.1269672,4,3200000000.0
1762887337.1269672,5,3200000000.0
1762887337.1269672,6,3200000000.0
1762887337.1269672,7,3200000000.0
1762887337.1269672,8,3200000000.0
1762887337.1269672,9,3200000000.0
1762887337.1269672,0,3200000000.0
1762887337.1269672,1,3200000000.0
1762887337.1269672,2,3200000000.0
1762887337.1269672,3,3200000000.0
1762887337.1269672,4,3200000000.0
1762887337.1269672,5,3200000000.0
1762887337.1269672,6,3200000000.0
1762887337.1269672,7,3200000000.0
1762887337.1269672,8,3200000000.0
1762887337.1269672,9,3200000000.0
1762887337.1269672,0,3200000000.0
1762887337.1269672,1,3200000000.0
1762887337.1269672,2,3200000000.0
1762887337.1269672,3,3200000000.0
1762887337.1269672,4,3200000000.0
1762887337.1269672,5,3200000000.0
1762887337.1269672,6,3200000000.0
1762887337.1269672,7,3200000000.0
1762887337.1269672,8,3200000000.0
1762887337.1269672,9,3200000000.0
1762887337.1269672,0,3200000000.0
1762887337.1269672,1,3200000000.0
1762887337.1269672,2,3200000000.0
1762887337.1269672,3,3200000000.0
1762887337.1269672,4,3200000000.0
1762887337.1269672,5,3200000000.0
1762887338.126989,0,3200000000.0
1762887338.126989,1,3200000000.0
1762887338.126989,2,3200000000.0
1762887338.126989,3,3200000000.0
1762887338.126989,4,3200000000.0
1762887338.126989,5,3200000000.0
1762887338.126989,6,3200000000.0
1762887338.126989,7,3200000000.0
1762887338.126989,8,3200000000.0
1762887338.126989,9,3200000000.0
1762887338.126989,0,3200000000.0
1762887338.126989,1,3200000000.0
1762887338.126989,2,3200000000.0
1762887338.126989,3,3200000000.0
1762887338.126989,4,3200000000.0
1762887338.126989,5,3200000000.0
1762887338.126989,6,3200000000.0
1762887338.126989,7,3200000000.0
1762887338.126989,8,3200000000.0
1762887338.126989,9,3200000000.0
1762887338.126989,0,3200000000.0
1762887338.126989,1,3200000000.0
1762887338.126989,2,3200000000.0
1762887338.126989,3,3200000000.0
1762887338.126989,4,3200000000.0
1762887338.126989,5,3200000000.0
1762887338.126989,6,3200000000.0
1762887338.126989,7,3200000000.0
1762887338.126989,8,3200000000.0
1762887338.126989,9,3200000000.0
1762887338.126989,0,3200000000.0
1762887338.126989,1,3200000000.0
1762887338.126989,2,3200000000.0
1762887338.126989,3,3200000000.0
1762887338.126989,4,3200000000.0
1762887338.126989,5,3200000000.0
1762887338.126989,6,3200000000.0
1762887338.126989,7,3200000000.0
1762887338.126989,8,3200000000.0
1762887338.126989,9,3200000000.0
1762887338.126989,0,3200000000.0
1762887338.126989,1,3200000000.0
1762887338.126989,2,3200000000.0
1762887338.126989,3,3200000000.0
1762887338.126989,4,3200000000.0
1762887338.126989,5,3200000000.0
1762887338.126989,6,3200000000.0
1762887338.126989,7,3200000000.0
1762887338.126989,8,3200000000.0
1762887338.126989,9,3200000000.0
1762887338.126989,0,3200000000.0
1762887338.126989,1,3200000000.0
1762887338.126989,2,3200000000.0
1762887338.126989,3,3200000000.0
1762887338.126989,4,3200000000.0
1762887338.126989,5,3200000000.0
1762887338.126989,6,3200000000.0
1762887338.126989,7,3200000000.0
1762887338.126989,8,3200000000.0
1762887338.126989,9,3200000000.0
1762887338.126989,0,3200000000.0
1762887338.126989,1,3200000000.0
1762887338.126989,2,3200000000.0
1762887338.126989,3,3200000000.0
1762887338.126989,4,3200000000.0
1762887338.126989,5,3200000000.0
1762887338.126989,6,3200000000.0
1762887338.126989,7,3200000000.0
1762887338.126989,8,3200000000.0
1762887338.126989,9,3200000000.0
1762887338.126989,0,3200000000.0
1762887338.126989,1,3200000000.0
1762887338.126989,2,3200000000.0
1762887338.126989,3,3200000000.0
1762887338.126989,4,3200000000.0
1762887338.126989,5,3200000000.0
1762887338.126989,6,3200000000.0
1762887338.126989,7,3200000000.0
1762887338.126989,8,3200000000.0
1762887338.126989,9,3200000000.0
1762887338.126989,0,3200000000.0
1762887338.126989,1,3200000000.0
1762887338.126989,2,3200000000.0
1762887338.126989,3,3200000000.0
1762887338.126989,4,3200000000.0
1762887338.126989,5,3200000000.0
1762887338.126989,6,3200000000.0
1762887338.126989,7,3200000000.0
1762887338.126989,8,3200000000.0
1762887338.126989,9,3200000000.0
1762887338.126989,0,3200000000.0
1762887338.126989,1,3200000000.0
1762887338.126989,2,3200000000.0
1762887338.126989,3,3200000000.0
1762887338.126989,4,3200000000.0
1762887338.126989,5,3200000000.0
1762887339.1269794,0,3200000000.0
1762887339.1269794,1,3000000000.0
1762887339.1269794,2,3200000000.0
1762887339.1269794,3,3200000000.0
1762887339.1269794,4,3200000000.0
1762887339.1269794,5,3000000000.0
1762887339.1269794,6,3200000000.0
1762887339.1269794,7,3200000000.0
1762887339.1269794,8,3200000000.0
1762887339.1269794,9,3200000000.0
1762887339.1269794,0,3200000000.0
1762887339.1269794,1,3200000000.0
1762887339.1269794,2,3200000000.0
1762887339.1269794,3,3200000000.0
1762887339.1269794,4,3200000000.0
1762887339.1269794,5,3200000000.0
1762887339.1269794,6,3200000000.0
1762887339.1269794,7,3200000000.0
1762887339.1269794,8,3200000000.0
1762887339.1269794,9,3200000000.0
1762887339.1269794,0,3200000000.0
1762887339.1269794,1,3200000000.0
1762887339.1269794,2,3200000000.0
1762887339.1269794,3,3200000000.0
1762887339.1269794,4,3200000000.0
1762887339.1269794,5,3200000000.0
1762887339.1269794,6,3200000000.0
1762887339.1269794,7,3200000000.0
1762887339.1269794,8,3200000000.0
1762887339.1269794,9,3200000000.0
1762887339.1269794,0,3200000000.0
1762887339.1269794,1,3200000000.0
1762887339.1269794,2,3200000000.0
1762887339.1269794,3,3200000000.0
1762887339.1269794,4,3200000000.0
1762887339.1269794,5,3200000000.0
1762887339.1269794,6,3200000000.0
1762887339.1269794,7,3200000000.0
1762887339.1269794,8,3200000000.0
1762887339.1269794,9,3200000000.0
1762887339.1269794,0,3200000000.0
1762887339.1269794,1,3200000000.0
1762887339.1269794,2,3200000000.0
1762887339.1269794,3,3200000000.0
1762887339.1269794,4,3200000000.0
1762887339.1269794,5,3200000000.0
1762887339.1269794,6,3200000000.0
1762887339.1269794,7,3200000000.0
1762887339.1269794,8,3200000000.0
1762887339.1269794,9,3200000000.0
1762887339.1269794,0,3200000000.0
1762887339.1269794,1,3200000000.0
1762887339.1269794,2,3200000000.0
1762887339.1269794,3,3200000000.0
1762887339.1269794,4,3200000000.0
1762887339.1269794,5,3200000000.0
1762887339.1269794,6,3200000000.0
1762887339.1269794,7,3200000000.0
1762887339.1269794,8,3200000000.0
1762887339.1269794,9,3200000000.0
1762887339.1269794,0,3200000000.0
1762887339.1269794,1,3200000000.0
1762887339.1269794,2,3200000000.0
1762887339.1269794,3,3200000000.0
1762887339.1269794,4,3200000000.0
1762887339.1269794,5,3200000000.0
1762887339.1269794,6,3200000000.0
1762887339.1269794,7,3200000000.0
1762887339.1269794,8,3200000000.0
1762887339.1269794,9,3200000000.0
1762887339.1269794,0,3200000000.0
1762887339.1269794,1,3200000000.0
1762887339.1269794,2,3200000000.0
1762887339.1269794,3,3200000000.0
1762887339.1269794,4,3200000000.0
1762887339.1269794,5,3200000000.0
1762887339.1269794,6,3200000000.0
1762887339.1269794,7,3200000000.0
1762887339.1269794,8,3200000000.0
1762887339.1269794,9,3200000000.0
1762887339.1269794,0,3200000000.0
1762887339.1269794,1,3200000000.0
1762887339.1269794,2,3200000000.0
1762887339.1269794,3,3200000000.0
1762887339.1269794,4,3200000000.0
1762887339.1269794,5,3200000000.0
1762887339.1269794,6,3200000000.0
1762887339.1269794,7,3200000000.0
1762887339.1269794,8,3200000000.0
1762887339.1269794,9,3200000000.0
1762887339.1269794,0,3200000000.0
1762887339.1269794,1,3200000000.0
1762887339.1269794,2,3200000000.0
1762887339.1269794,3,3200000000.0
1762887339.1269794,4,3200000000.0
1762887339.1269794,5,3200000000.0
1762887340.126957,0,3200000000.0
1762887340.126957,1,3200000000.0
1762887340.126957,2,3200000000.0
1762887340.126957,3,3200000000.0
1762887340.126957,4,3200000000.0
1762887340.126957,5,3200000000.0
1762887340.126957,6,3200000000.0
1762887340.126957,7,3200000000.0
1762887340.126957,8,3200000000.0
1762887340.126957,9,3200000000.0
1762887340.126957,0,3200000000.0
1762887340.126957,1,3200000000.0
1762887340.126957,2,3200000000.0
1762887340.126957,3,3200000000.0
1762887340.126957,4,3200000000.0
1762887340.126957,5,3200000000.0
1762887340.126957,6,3200000000.0
1762887340.126957,7,3200000000.0
1762887340.126957,8,3200000000.0
1762887340.126957,9,3200000000.0
1762887340.126957,0,3200000000.0
1762887340.126957,1,3200000000.0
1762887340.126957,2,3200000000.0
1762887340.126957,3,3200000000.0
1762887340.126957,4,3200000000.0
1762887340.126957,5,3200000000.0
1762887340.126957,6,3200000000.0
1762887340.126957,7,3200000000.0
1762887340.126957,8,3200000000.0
1762887340.126957,9,3200000000.0
1762887340.126957,0,3200000000.0
1762887340.126957,1,3200000000.0
1762887340.126957,2,3200000000.0
1762887340.126957,3,3200000000.0
1762887340.126957,4,3200000000.0
1762887340.126957,5,3200000000.0
1762887340.126957,6,3200000000.0
1762887340.126957,7,3200000000.0
1762887340.126957,8,3200000000.0
1762887340.126957,9,3200000000.0
1762887340.126957,0,3200000000.0
1762887340.126957,1,3200000000.0
1762887340.126957,2,3200000000.0
1762887340.126957,3,3200000000.0
1762887340.126957,4,3200000000.0
1762887340.126957,5,3200000000.0
1762887340.126957,6,3200000000.0
1762887340.126957,7,3200000000.0
1762887340.126957,8,3200000000.0
1762887340.126957,9,3200000000.0
1762887340.126957,0,3200000000.0
1762887340.126957,1,3200000000.0
1762887340.126957,2,3200000000.0
1762887340.126957,3,3200000000.0
1762887340.126957,4,3200000000.0
1762887340.126957,5,3200000000.0
1762887340.126957,6,3200000000.0
1762887340.126957,7,3200000000.0
1762887340.126957,8,3200000000.0
1762887340.126957,9,3200000000.0
1762887340.126957,0,3200000000.0
1762887340.126957,1,3200000000.0
1762887340.126957,2,3200000000.0
1762887340.126957,3,3200000000.0
1762887340.126957,4,3200000000.0
1762887340.126957,5,3200000000.0
1762887340.126957,6,3200000000.0
1762887340.126957,7,3200000000.0
1762887340.126957,8,3200000000.0
1762887340.126957,9,3200000000.0
1762887340.126957,0,3200000000.0
1762887340.126957,1,3200000000.0
1762887340.126957,2,3200000000.0
1762887340.126957,3,3200000000.0
1762887340.126957,4,3200000000.0
1762887340.126957,5,3200000000.0
1762887340.126957,6,3200000000.0
1762887340.126957,7,3200000000.0
1762887340.126957,8,3200000000.0
1762887340.126957,9,3200000000.0
1762887340.126957,0,3200000000.0
1762887340.126957,1,3200000000.0
1762887340.126957,2,3200000000.0
1762887340.126957,3,3200000000.0
1762887340.126957,4,3200000000.0
1762887340.126957,5,3200000000.0
1762887340.126957,6,3200000000.0
1762887340.126957,7,3200000000.0
1762887340.126957,8,3200000000.0
1762887340.126957,9,3200000000.0
1762887340.126957,0,3200000000.0
1762887340.126957,1,3000000000.0
1762887340.126957,2,3200000000.0
1762887340.126957,3,3200000000.0
1762887340.126957,4,3200000000.0
1762887340.126957,5,3200000000.0
1762887341.1269627,0,3200000000.0
1762887341.1269627,1,3200000000.0
1762887341.1269627,2,3200000000.0
1762887341.1269627,3,3200000000.0
1762887341.1269627,4,3200000000.0
1762887341.1269627,5,3200000000.0
1762887341.1269627,6,3200000000.0
1762887341.1269627,7,3200000000.0
1762887341.1269627,8,3200000000.0
1762887341.1269627,9,3200000000.0
1762887341.1269627,0,3200000000.0
1762887341.1269627,1,3200000000.0
1762887341.1269627,2,3200000000.0
1762887341.1269627,3,3200000000.0
1762887341.1269627,4,3200000000.0
1762887341.1269627,5,3200000000.0
1762887341.1269627,6,3200000000.0
1762887341.1269627,7,3200000000.0
1762887341.1269627,8,3200000000.0
1762887341.1269627,9,3200000000.0
1762887341.1269627,0,3200000000.0
1762887341.1269627,1,3200000000.0
1762887341.1269627,2,3200000000.0
1762887341.1269627,3,3200000000.0
1762887341.1269627,4,3200000000.0
1762887341.1269627,5,3200000000.0
1762887341.1269627,6,3200000000.0
1762887341.1269627,7,3200000000.0
1762887341.1269627,8,3200000000.0
1762887341.1269627,9,3200000000.0
1762887341.1269627,0,3200000000.0
1762887341.1269627,1,3200000000.0
1762887341.1269627,2,3200000000.0
1762887341.1269627,3,3200000000.0
1762887341.1269627,4,3200000000.0
1762887341.1269627,5,3200000000.0
1762887341.1269627,6,3200000000.0
1762887341.1269627,7,3200000000.0
1762887341.1269627,8,3200000000.0
1762887341.1269627,9,3200000000.0
1762887341.1269627,0,3200000000.0
1762887341.1269627,1,3200000000.0
1762887341.1269627,2,3200000000.0
1762887341.1269627,3,3200000000.0
1762887341.1269627,4,3200000000.0
1762887341.1269627,5,3200000000.0
1762887341.1269627,6,3200000000.0
1762887341.1269627,7,3200000000.0
1762887341.1269627,8,3200000000.0
1762887341.1269627,9,3200000000.0
1762887341.1269627,0,3000000000.0
1762887341.1269627,1,3200000000.0
1762887341.1269627,2,3200000000.0
1762887341.1269627,3,3200000000.0
1762887341.1269627,4,3200000000.0
1762887341.1269627,5,3200000000.0
1762887341.1269627,6,3200000000.0
1762887341.1269627,7,3200000000.0
1762887341.1269627,8,3200000000.0
1762887341.1269627,9,3200000000.0
1762887341.1269627,0,3200000000.0
1762887341.1269627,1,3200000000.0
1762887341.1269627,2,3200000000.0
1762887341.1269627,3,3200000000.0
1762887341.1269627,4,3200000000.0
1762887341.1269627,5,3200000000.0
1762887341.1269627,6,3200000000.0
1762887341.1269627,7,3200000000.0
1762887341.1269627,8,3200000000.0
1762887341.1269627,9,3200000000.0
1762887341.1269627,0,3200000000.0
1762887341.1269627,1,3200000000.0
1762887341.1269627,2,3200000000.0
1762887341.1269627,3,3200000000.0
1762887341.1269627,4,3200000000.0
1762887341.1269627,5,3200000000.0
1762887341.1269627,6,3200000000.0
1762887341.1269627,7,3200000000.0
1762887341.1269627,8,3200000000.0
1762887341.1269627,9,3200000000.0
1762887341.1269627,0,3200000000.0
1762887341.1269627,1,3200000000.0
1762887341.1269627,2,3200000000.0
1762887341.1269627,3,3200000000.0
1762887341.1269627,4,3200000000.0
1762887341.1269627,5,3200000000.0
1762887341.1269627,6,3200000000.0
1762887341.1269627,7,3200000000.0
1762887341.1269627,8,3200000000.0
1762887341.1269627,9,3200000000.0
1762887341.1269627,0,3200000000.0
1762887341.1269627,1,3200000000.0
1762887341.1269627,2,3200000000.0
1762887341.1269627,3,3200000000.0
1762887341.1269627,4,3200000000.0
1762887341.1269627,5,3200000000.0
1762887342.1269948,0,3200000000.0
1762887342.1269948,1,3200000000.0
1762887342.1269948,2,3200000000.0
1762887342.1269948,3,3200000000.0
1762887342.1269948,4,3200000000.0
1762887342.1269948,5,3200000000.0
1762887342.1269948,6,3200000000.0
1762887342.1269948,7,3200000000.0
1762887342.1269948,8,3200000000.0
1762887342.1269948,9,3200000000.0
1762887342.1269948,0,3200000000.0
1762887342.1269948,1,3200000000.0
1762887342.1269948,2,3200000000.0
1762887342.1269948,3,3200000000.0
1762887342.1269948,4,3200000000.0
1762887342.1269948,5,3200000000.0
1762887342.1269948,6,3200000000.0
1762887342.1269948,7,3200000000.0
1762887342.1269948,8,3200000000.0
1762887342.1269948,9,3200000000.0
1762887342.1269948,0,3200000000.0
1762887342.1269948,1,3200000000.0
1762887342.1269948,2,3200000000.0
1762887342.1269948,3,3200000000.0
1762887342.1269948,4,3200000000.0
1762887342.1269948,5,3200000000.0
1762887342.1269948,6,3200000000.0
1762887342.1269948,7,3200000000.0
1762887342.1269948,8,3200000000.0
1762887342.1269948,9,3200000000.0
1762887342.1269948,0,3200000000.0
1762887342.1269948,1,3200000000.0
1762887342.1269948,2,3200000000.0
1762887342.1269948,3,3200000000.0
1762887342.1269948,4,3200000000.0
1762887342.1269948,5,3200000000.0
1762887342.1269948,6,3200000000.0
1762887342.1269948,7,3200000000.0
1762887342.1269948,8,3200000000.0
1762887342.1269948,9,3200000000.0
1762887342.1269948,0,3200000000.0
1762887342.1269948,1,3200000000.0
1762887342.1269948,2,3200000000.0
1762887342.1269948,3,3200000000.0
1762887342.1269948,4,3200000000.0
1762887342.1269948,5,3200000000.0
1762887342.1269948,6,3200000000.0
1762887342.1269948,7,3200000000.0
1762887342.1269948,8,3200000000.0
1762887342.1269948,9,3200000000.0
1762887342.1269948,0,3200000000.0
1762887342.1269948,1,3200000000.0
1762887342.1269948,2,3200000000.0
1762887342.1269948,3,3200000000.0
1762887342.1269948,4,3200000000.0
1762887342.1269948,5,3200000000.0
1762887342.1269948,6,3200000000.0
1762887342.1269948,7,3200000000.0
1762887342.1269948,8,3200000000.0
1762887342.1269948,9,3200000000.0
1762887342.1269948,0,3200000000.0
1762887342.1269948,1,3200000000.0
1762887342.1269948,2,3200000000.0
1762887342.1269948,3,3200000000.0
1762887342.1269948,4,3200000000.0
1762887342.1269948,5,3200000000.0
1762887342.1269948,6,3200000000.0
1762887342.1269948,7,3200000000.0
1762887342.1269948,8,3200000000.0
1762887342.1269948,9,3200000000.0
1762887342.1269948,0,3200000000.0
1762887342.1269948,1,3200000000.0
1762887342.1269948,2,3200000000.0
1762887342.1269948,3,3200000000.0
1762887342.1269948,4,3200000000.0
1762887342.1269948,5,3200000000.0
1762887342.1269948,6,3200000000.0
1762887342.1269948,7,3200000000.0
1762887342.1269948,8,3200000000.0
1762887342.1269948,9,3200000000.0
1762887342.1269948,0,3200000000.0
1762887342.1269948,1,3200000000.0
1762887342.1269948,2,3200000000.0
1762887342.1269948,3,3200000000.0
1762887342.1269948,4,3200000000.0
1762887342.1269948,5,3200000000.0
1762887342.1269948,6,3200000000.0
1762887342.1269948,7,3200000000.0
1762887342.1269948,8,3200000000.0
1762887342.1269948,9,3200000000.0
1762887342.1269948,0,3200000000.0
1762887342.1269948,1,3200000000.0
1762887342.1269948,2,3200000000.0
1762887342.1269948,3,3200000000.0
1762887342.1269948,4,3200000000.0
1762887342.1269948,5,3200000000.0
1762887343.1269777,0,3200000000.0
1762887343.1269777,1,3200000000.0
1762887343.1269777,2,3200000000.0
1762887343.1269777,3,3200000000.0
1762887343.1269777,4,3200000000.0
1762887343.1269777,5,3200000000.0
1762887343.1269777,6,3200000000.0
1762887343.1269777,7,3200000000.0
1762887343.1269777,8,3200000000.0
1762887343.1269777,9,3200000000.0
1762887343.1269777,0,3200000000.0
1762887343.1269777,1,3200000000.0
1762887343.1269777,2,3200000000.0
1762887343.1269777,3,3200000000.0
1762887343.1269777,4,3200000000.0
1762887343.1269777,5,3200000000.0
1762887343.1269777,6,3200000000.0
1762887343.1269777,7,3200000000.0
1762887343.1269777,8,3200000000.0
1762887343.1269777,9,3200000000.0
1762887343.1269777,0,3200000000.0
1762887343.1269777,1,3200000000.0
1762887343.1269777,2,3200000000.0
1762887343.1269777,3,3200000000.0
1762887343.1269777,4,3200000000.0
1762887343.1269777,5,3200000000.0
1762887343.1269777,6,3200000000.0
1762887343.1269777,7,3200000000.0
1762887343.1269777,8,3200000000.0
1762887343.1269777,9,3200000000.0
1762887343.1269777,0,3200000000.0
1762887343.1269777,1,3200000000.0
1762887343.1269777,2,3200000000.0
1762887343.1269777,3,3200000000.0
1762887343.1269777,4,3200000000.0
1762887343.1269777,5,3200000000.0
1762887343.1269777,6,3200000000.0
1762887343.1269777,7,3200000000.0
1762887343.1269777,8,3200000000.0
1762887343.1269777,9,3200000000.0
1762887343.1269777,0,3200000000.0
1762887343.1269777,1,3200000000.0
1762887343.1269777,2,3200000000.0
1762887343.1269777,3,3200000000.0
1762887343.1269777,4,3200000000.0
1762887343.1269777,5,3200000000.0
1762887343.1269777,6,3200000000.0
1762887343.1269777,7,3200000000.0
1762887343.1269777,8,3200000000.0
1762887343.1269777,9,3200000000.0
1762887343.1269777,0,3200000000.0
1762887343.1269777,1,3200000000.0
1762887343.1269777,2,3200000000.0
1762887343.1269777,3,3200000000.0
1762887343.1269777,4,3200000000.0
1762887343.1269777,5,3200000000.0
1762887343.1269777,6,3200000000.0
1762887343.1269777,7,3200000000.0
1762887343.1269777,8,3200000000.0
1762887343.1269777,9,3200000000.0
1762887343.1269777,0,3200000000.0
1762887343.1269777,1,3200000000.0
1762887343.1269777,2,3200000000.0
1762887343.1269777,3,3200000000.0
1762887343.1269777,4,3200000000.0
1762887343.1269777,5,3200000000.0
1762887343.1269777,6,3200000000.0
1762887343.1269777,7,3200000000.0
1762887343.1269777,8,3200000000.0
1762887343.1269777,9,3200000000.0
1762887343.1269777,0,3200000000.0
1762887343.1269777,1,3200000000.0
1762887343.1269777,2,3200000000.0
1762887343.1269777,3,3200000000.0
1762887343.1269777,4,3200000000.0
1762887343.1269777,5,3200000000.0
1762887343.1269777,6,3200000000.0
1762887343.1269777,7,3200000000.0
1762887343.1269777,8,3200000000.0
1762887343.1269777,9,3200000000.0
1762887343.1269777,0,3200000000.0
1762887343.1269777,1,3200000000.0
1762887343.1269777,2,3200000000.0
1762887343.1269777,3,3200000000.0
1762887343.1269777,4,3200000000.0
1762887343.1269777,5,3200000000.0
1762887343.1269777,6,3200000000.0
1762887343.1269777,7,3200000000.0
1762887343.1269777,8,3200000000.0
1762887343.1269777,9,3200000000.0
1762887343.1269777,0,3200000000.0
1762887343.1269777,1,3200000000.0
1762887343.1269777,2,3200000000.0
1762887343.1269777,3,3200000000.0
1762887343.1269777,4,3200000000.0
1762887343.1269777,5,3200000000.0
1762887344.1269784,0,3200000000.0
1762887344.1269784,1,3200000000.0
1762887344.1269784,2,3200000000.0
1762887344.1269784,3,3200000000.0
1762887344.1269784,4,3200000000.0
1762887344.1269784,5,3200000000.0
1762887344.1269784,6,3200000000.0
1762887344.1269784,7,3200000000.0
1762887344.1269784,8,3200000000.0
1762887344.1269784,9,3200000000.0
1762887344.1269784,0,3200000000.0
1762887344.1269784,1,3200000000.0
1762887344.1269784,2,3200000000.0
1762887344.1269784,3,3200000000.0
1762887344.1269784,4,3200000000.0
1762887344.1269784,5,3200000000.0
1762887344.1269784,6,3200000000.0
1762887344.1269784,7,3200000000.0
1762887344.1269784,8,3200000000.0
1762887344.1269784,9,3200000000.0
1762887344.1269784,0,3200000000.0
1762887344.1269784,1,3200000000.0
1762887344.1269784,2,3200000000.0
1762887344.1269784,3,3200000000.0
1762887344.1269784,4,3200000000.0
1762887344.1269784,5,3200000000.0
1762887344.1269784,6,3200000000.0
1762887344.1269784,7,3200000000.0
1762887344.1269784,8,3200000000.0
1762887344.1269784,9,3200000000.0
1762887344.1269784,0,3200000000.0
1762887344.1269784,1,3200000000.0
1762887344.1269784,2,3200000000.0
1762887344.1269784,3,3200000000.0
1762887344.1269784,4,3200000000.0
1762887344.1269784,5,3200000000.0
1762887344.1269784,6,3200000000.0
1762887344.1269784,7,3200000000.0
1762887344.1269784,8,3200000000.0
1762887344.1269784,9,3200000000.0
1762887344.1269784,0,3200000000.0
1762887344.1269784,1,3200000000.0
1762887344.1269784,2,3200000000.0
1762887344.1269784,3,3200000000.0
1762887344.1269784,4,3200000000.0
1762887344.1269784,5,3200000000.0
1762887344.1269784,6,3200000000.0
1762887344.1269784,7,3200000000.0
1762887344.1269784,8,3200000000.0
1762887344.1269784,9,3200000000.0
1762887344.1269784,0,3200000000.0
1762887344.1269784,1,3200000000.0
1762887344.1269784,2,3200000000.0
1762887344.1269784,3,3200000000.0
1762887344.1269784,4,3200000000.0
1762887344.1269784,5,3200000000.0
1762887344.1269784,6,3200000000.0
1762887344.1269784,7,3200000000.0
1762887344.1269784,8,3200000000.0
1762887344.1269784,9,3200000000.0
1762887344.1269784,0,3200000000.0
1762887344.1269784,1,3200000000.0
1762887344.1269784,2,3200000000.0
1762887344.1269784,3,3200000000.0
1762887344.1269784,4,3200000000.0
1762887344.1269784,5,3200000000.0
1762887344.1269784,6,3200000000.0
1762887344.1269784,7,3200000000.0
1762887344.1269784,8,3200000000.0
1762887344.1269784,9,3200000000.0
1762887344.1269784,0,3200000000.0
1762887344.1269784,1,3200000000.0
1762887344.1269784,2,3200000000.0
1762887344.1269784,3,3200000000.0
1762887344.1269784,4,3200000000.0
1762887344.1269784,5,3200000000.0
1762887344.1269784,6,3200000000.0
1762887344.1269784,7,3200000000.0
1762887344.1269784,8,3200000000.0
1762887344.1269784,9,3200000000.0
1762887344.1269784,0,3200000000.0
1762887344.1269784,1,3200000000.0
1762887344.1269784,2,3200000000.0
1762887344.1269784,3,3200000000.0
1762887344.1269784,4,3200000000.0
1762887344.1269784,5,3200000000.0
1762887344.1269784,6,3200000000.0
1762887344.1269784,7,3200000000.0
1762887344.1269784,8,3200000000.0
1762887344.1269784,9,3200000000.0
1762887344.1269784,0,3200000000.0
1762887344.1269784,1,3200000000.0
1762887344.1269784,2,3200000000.0
1762887344.1269784,3,3200000000.0
1762887344.1269784,4,3200000000.0
1762887344.1269784,5,3200000000.0
1762887345.126955,0,3200000000.0
1762887345.126955,1,3200000000.0
1762887345.126955,2,3200000000.0
1762887345.126955,3,3200000000.0
1762887345.126955,4,3200000000.0
1762887345.126955,5,3200000000.0
1762887345.126955,6,3200000000.0
1762887345.126955,7,3200000000.0
1762887345.126955,8,3200000000.0
1762887345.126955,9,3200000000.0
1762887345.126955,0,3200000000.0
1762887345.126955,1,3200000000.0
1762887345.126955,2,3200000000.0
1762887345.126955,3,3200000000.0
1762887345.126955,4,3200000000.0
1762887345.126955,5,3200000000.0
1762887345.126955,6,3200000000.0
1762887345.126955,7,3200000000.0
1762887345.126955,8,3200000000.0
1762887345.126955,9,3200000000.0
1762887345.126955,0,3200000000.0
1762887345.126955,1,3200000000.0
1762887345.126955,2,3200000000.0
1762887345.126955,3,3200000000.0
1762887345.126955,4,3200000000.0
1762887345.126955,5,3200000000.0
1762887345.126955,6,3200000000.0
1762887345.126955,7,3200000000.0
1762887345.126955,8,3200000000.0
1762887345.126955,9,3200000000.0
1762887345.126955,0,3200000000.0
1762887345.126955,1,3200000000.0
1762887345.126955,2,3200000000.0
1762887345.126955,3,3200000000.0
1762887345.126955,4,3200000000.0
1762887345.126955,5,3200000000.0
1762887345.126955,6,3200000000.0
1762887345.126955,7,3200000000.0
1762887345.126955,8,3200000000.0
1762887345.126955,9,3200000000.0
1762887345.126955,0,3200000000.0
1762887345.126955,1,3200000000.0
1762887345.126955,2,3200000000.0
1762887345.126955,3,3200000000.0
1762887345.126955,4,3200000000.0
1762887345.126955,5,3200000000.0
1762887345.126955,6,3200000000.0
1762887345.126955,7,3200000000.0
1762887345.126955,8,3200000000.0
1762887345.126955,9,3200000000.0
1762887345.126955,0,3200000000.0
1762887345.126955,1,3200000000.0
1762887345.126955,2,3200000000.0
1762887345.126955,3,3200000000.0
1762887345.126955,4,3200000000.0
1762887345.126955,5,3200000000.0
1762887345.126955,6,3200000000.0
1762887345.126955,7,3200000000.0
1762887345.126955,8,3200000000.0
1762887345.126955,9,3200000000.0
1762887345.126955,0,3200000000.0
1762887345.126955,1,3200000000.0
1762887345.126955,2,3200000000.0
1762887345.126955,3,3200000000.0
1762887345.126955,4,3200000000.0
1762887345.126955,5,3200000000.0
1762887345.126955,6,3200000000.0
1762887345.126955,7,3200000000.0
1762887345.126955,8,3200000000.0
1762887345.126955,9,3200000000.0
1762887345.126955,0,3200000000.0
1762887345.126955,1,3200000000.0
1762887345.126955,2,3200000000.0
1762887345.126955,3,3200000000.0
1762887345.126955,4,3200000000.0
1762887345.126955,5,3200000000.0
1762887345.126955,6,3200000000.0
1762887345.126955,7,3200000000.0
1762887345.126955,8,3200000000.0
1762887345.126955,9,3200000000.0
1762887345.126955,0,3200000000.0
1762887345.126955,1,3200000000.0
1762887345.126955,2,3200000000.0
1762887345.126955,3,3200000000.0
1762887345.126955,4,3200000000.0
1762887345.126955,5,3200000000.0
1762887345.126955,6,3200000000.0
1762887345.126955,7,3200000000.0
1762887345.126955,8,3200000000.0
1762887345.126955,9,3200000000.0
1762887345.126955,0,3200000000.0
1762887345.126955,1,3200000000.0
1762887345.126955,2,3200000000.0
1762887345.126955,3,3200000000.0
1762887345.126955,4,3200000000.0
1762887345.126955,5,3200000000.0
1762887346.126981,0,3200000000.0
1762887346.126981,1,3200000000.0
1762887346.126981,2,3200000000.0
1762887346.126981,3,3200000000.0
1762887346.126981,4,3200000000.0
1762887346.126981,5,3200000000.0
1762887346.126981,6,3200000000.0
1762887346.126981,7,3200000000.0
1762887346.126981,8,3200000000.0
1762887346.126981,9,3200000000.0
1762887346.126981,0,3200000000.0
1762887346.126981,1,3200000000.0
1762887346.126981,2,3200000000.0
1762887346.126981,3,3200000000.0
1762887346.126981,4,3200000000.0
1762887346.126981,5,3200000000.0
1762887346.126981,6,3200000000.0
1762887346.126981,7,3200000000.0
1762887346.126981,8,3200000000.0
1762887346.126981,9,3200000000.0
1762887346.126981,0,3200000000.0
1762887346.126981,1,3200000000.0
1762887346.126981,2,3200000000.0
1762887346.126981,3,3200000000.0
1762887346.126981,4,3200000000.0
1762887346.126981,5,3200000000.0
1762887346.126981,6,3200000000.0
1762887346.126981,7,3200000000.0
1762887346.126981,8,3200000000.0
1762887346.126981,9,3200000000.0
1762887346.126981,0,3200000000.0
1762887346.126981,1,3200000000.0
1762887346.126981,2,3200000000.0
1762887346.126981,3,3200000000.0
1762887346.126981,4,3200000000.0
1762887346.126981,5,3200000000.0
1762887346.126981,6,3200000000.0
1762887346.126981,7,3200000000.0
1762887346.126981,8,3200000000.0
1762887346.126981,9,3200000000.0
1762887346.126981,0,3200000000.0
1762887346.126981,1,3200000000.0
1762887346.126981,2,3200000000.0
1762887346.126981,3,3200000000.0
1762887346.126981,4,3200000000.0
1762887346.126981,5,3200000000.0
1762887346.126981,6,3200000000.0
1762887346.126981,7,3200000000.0
1762887346.126981,8,3200000000.0
1762887346.126981,9,3200000000.0
1762887346.126981,0,3200000000.0
1762887346.126981,1,3200000000.0
1762887346.126981,2,3200000000.0
1762887346.126981,3,3200000000.0
1762887346.126981,4,3200000000.0
1762887346.126981,5,3200000000.0
1762887346.126981,6,3200000000.0
1762887346.126981,7,3200000000.0
1762887346.126981,8,3200000000.0
1762887346.126981,9,3200000000.0
1762887346.126981,0,3200000000.0
1762887346.126981,1,3200000000.0
1762887346.126981,2,3200000000.0
1762887346.126981,3,3200000000.0
1762887346.126981,4,3200000000.0
1762887346.126981,5,3200000000.0
1762887346.126981,6,3200000000.0
1762887346.126981,7,3200000000.0
1762887346.126981,8,3200000000.0
1762887346.126981,9,3200000000.0
1762887346.126981,0,3200000000.0
1762887346.126981,1,3200000000.0
1762887346.126981,2,3200000000.0
1762887346.126981,3,3200000000.0
1762887346.126981,4,3200000000.0
1762887346.126981,5,3200000000.0
1762887346.126981,6,3200000000.0
1762887346.126981,7,3200000000.0
1762887346.126981,8,3200000000.0
1762887346.126981,9,3200000000.0
1762887346.126981,0,3200000000.0
1762887346.126981,1,3200000000.0
1762887346.126981,2,3200000000.0
1762887346.126981,3,3200000000.0
1762887346.126981,4,3200000000.0
1762887346.126981,5,3200000000.0
1762887346.126981,6,3200000000.0
1762887346.126981,7,3200000000.0
1762887346.126981,8,3200000000.0
1762887346.126981,9,3200000000.0
1762887346.126981,0,3200000000.0
1762887346.126981,1,3200000000.0
1762887346.126981,2,3200000000.0
1762887346.126981,3,3200000000.0
1762887346.126981,4,3200000000.0
1762887346.126981,5,3200000000.0
1762887347.1269193,0,3200000000.0
1762887347.1269193,1,3200000000.0
1762887347.1269193,2,3200000000.0
1762887347.1269193,3,3200000000.0
1762887347.1269193,4,3200000000.0
1762887347.1269193,5,3200000000.0
1762887347.1269193,6,3200000000.0
1762887347.1269193,7,3200000000.0
1762887347.1269193,8,3200000000.0
1762887347.1269193,9,3200000000.0
1762887347.1269193,0,3200000000.0
1762887347.1269193,1,3200000000.0
1762887347.1269193,2,3200000000.0
1762887347.1269193,3,3200000000.0
1762887347.1269193,4,3200000000.0
1762887347.1269193,5,3200000000.0
1762887347.1269193,6,3200000000.0
1762887347.1269193,7,3200000000.0
1762887347.1269193,8,3200000000.0
1762887347.1269193,9,3200000000.0
1762887347.1269193,0,3200000000.0
1762887347.1269193,1,3200000000.0
1762887347.1269193,2,3200000000.0
1762887347.1269193,3,3200000000.0
1762887347.1269193,4,3200000000.0
1762887347.1269193,5,3200000000.0
1762887347.1269193,6,3200000000.0
1762887347.1269193,7,3200000000.0
1762887347.1269193,8,3200000000.0
1762887347.1269193,9,3200000000.0
1762887347.1269193,0,3200000000.0
1762887347.1269193,1,3200000000.0
1762887347.1269193,2,3200000000.0
1762887347.1269193,3,3200000000.0
1762887347.1269193,4,3200000000.0
1762887347.1269193,5,3000000000.0
1762887347.1269193,6,3200000000.0
1762887347.1269193,7,3200000000.0
1762887347.1269193,8,3200000000.0
1762887347.1269193,9,3200000000.0
1762887347.1269193,0,3200000000.0
1762887347.1269193,1,3200000000.0
1762887347.1269193,2,3200000000.0
1762887347.1269193,3,3200000000.0
1762887347.1269193,4,3200000000.0
1762887347.1269193,5,3200000000.0
1762887347.1269193,6,3200000000.0
1762887347.1269193,7,3200000000.0
1762887347.1269193,8,3200000000.0
1762887347.1269193,9,3200000000.0
1762887347.1269193,0,3200000000.0
1762887347.1269193,1,3200000000.0
1762887347.1269193,2,3200000000.0
1762887347.1269193,3,3200000000.0
1762887347.1269193,4,3200000000.0
1762887347.1269193,5,3200000000.0
1762887347.1269193,6,3200000000.0
1762887347.1269193,7,3200000000.0
1762887347.1269193,8,3200000000.0
1762887347.1269193,9,3200000000.0
1762887347.1269193,0,3200000000.0
1762887347.1269193,1,3200000000.0
1762887347.1269193,2,3200000000.0
1762887347.1269193,3,3200000000.0
1762887347.1269193,4,3200000000.0
1762887347.1269193,5,3200000000.0
1762887347.1269193,6,3200000000.0
1762887347.1269193,7,3200000000.0
1762887347.1269193,8,3200000000.0
1762887347.1269193,9,3200000000.0
1762887347.1269193,0,3200000000.0
1762887347.1269193,1,3200000000.0
1762887347.1269193,2,3200000000.0
1762887347.1269193,3,3200000000.0
1762887347.1269193,4,3200000000.0
1762887347.1269193,5,3200000000.0
1762887347.1269193,6,3200000000.0
1762887347.1269193,7,3200000000.0
1762887347.1269193,8,3200000000.0
1762887347.1269193,9,3200000000.0
1762887347.1269193,0,3200000000.0
1762887347.1269193,1,3200000000.0
1762887347.1269193,2,3200000000.0
1762887347.1269193,3,3200000000.0
1762887347.1269193,4,3200000000.0
1762887347.1269193,5,3200000000.0
1762887347.1269193,6,3200000000.0
1762887347.1269193,7,3200000000.0
1762887347.1269193,8,3200000000.0
1762887347.1269193,9,3200000000.0
1762887347.1269193,0,3200000000.0
1762887347.1269193,1,3200000000.0
1762887347.1269193,2,3200000000.0
1762887347.1269193,3,3200000000.0
1762887347.1269193,4,3200000000.0
1762887347.1269193,5,3200000000.0
1762887348.1269794,0,3200000000.0
1762887348.1269794,1,3200000000.0
1762887348.1269794,2,3200000000.0
1762887348.1269794,3,3200000000.0
1762887348.1269794,4,3200000000.0
1762887348.1269794,5,3200000000.0
1762887348.1269794,6,3200000000.0
1762887348.1269794,7,3200000000.0
1762887348.1269794,8,3200000000.0
1762887348.1269794,9,3200000000.0
1762887348.1269794,0,3200000000.0
1762887348.1269794,1,3200000000.0
1762887348.1269794,2,3200000000.0
1762887348.1269794,3,3200000000.0
1762887348.1269794,4,3200000000.0
1762887348.1269794,5,3200000000.0
1762887348.1269794,6,3200000000.0
1762887348.1269794,7,3200000000.0
1762887348.1269794,8,3200000000.0
1762887348.1269794,9,3200000000.0
1762887348.1269794,0,3200000000.0
1762887348.1269794,1,3200000000.0
1762887348.1269794,2,3200000000.0
1762887348.1269794,3,3200000000.0
1762887348.1269794,4,3200000000.0
1762887348.1269794,5,3200000000.0
1762887348.1269794,6,3200000000.0
1762887348.1269794,7,3200000000.0
1762887348.1269794,8,3200000000.0
1762887348.1269794,9,3200000000.0
1762887348.1269794,0,3200000000.0
1762887348.1269794,1,3200000000.0
1762887348.1269794,2,3200000000.0
1762887348.1269794,3,3200000000.0
1762887348.1269794,4,3200000000.0
1762887348.1269794,5,3200000000.0
1762887348.1269794,6,3200000000.0
1762887348.1269794,7,3200000000.0
1762887348.1269794,8,3200000000.0
1762887348.1269794,9,3200000000.0
1762887348.1269794,0,3200000000.0
1762887348.1269794,1,3200000000.0
1762887348.1269794,2,3200000000.0
1762887348.1269794,3,3000000000.0
1762887348.1269794,4,3200000000.0
1762887348.1269794,5,3200000000.0
1762887348.1269794,6,3200000000.0
1762887348.1269794,7,3200000000.0
1762887348.1269794,8,3200000000.0
1762887348.1269794,9,3000000000.0
1762887348.1269794,0,3200000000.0
1762887348.1269794,1,3200000000.0
1762887348.1269794,2,3200000000.0
1762887348.1269794,3,3200000000.0
1762887348.1269794,4,3200000000.0
1762887348.1269794,5,3200000000.0
1762887348.1269794,6,3200000000.0
1762887348.1269794,7,3200000000.0
1762887348.1269794,8,3200000000.0
1762887348.1269794,9,3200000000.0
1762887348.1269794,0,3200000000.0
1762887348.1269794,1,3200000000.0
1762887348.1269794,2,3200000000.0
1762887348.1269794,3,3200000000.0
1762887348.1269794,4,3200000000.0
1762887348.1269794,5,3200000000.0
1762887348.1269794,6,3200000000.0
1762887348.1269794,7,3200000000.0
1762887348.1269794,8,3200000000.0
1762887348.1269794,9,3200000000.0
1762887348.1269794,0,3200000000.0
1762887348.1269794,1,3200000000.0
1762887348.1269794,2,3200000000.0
1762887348.1269794,3,3200000000.0
1762887348.1269794,4,3200000000.0
1762887348.1269794,5,3200000000.0
1762887348.1269794,6,3200000000.0
1762887348.1269794,7,3200000000.0
1762887348.1269794,8,3200000000.0
1762887348.1269794,9,3200000000.0
1762887348.1269794,0,3200000000.0
1762887348.1269794,1,3200000000.0
1762887348.1269794,2,3200000000.0
1762887348.1269794,3,3200000000.0
1762887348.1269794,4,3200000000.0
1762887348.1269794,5,3200000000.0
1762887348.1269794,6,3200000000.0
1762887348.1269794,7,3200000000.0
1762887348.1269794,8,3200000000.0
1762887348.1269794,9,3200000000.0
1762887348.1269794,0,3200000000.0
1762887348.1269794,1,3200000000.0
1762887348.1269794,2,3200000000.0
1762887348.1269794,3,3200000000.0
1762887348.1269794,4,3200000000.0
1762887348.1269794,5,3200000000.0
1762887349.1269896,0,3200000000.0
1762887349.1269896,1,3200000000.0
1762887349.1269896,2,3200000000.0
1762887349.1269896,3,3200000000.0
1762887349.1269896,4,3200000000.0
1762887349.1269896,5,3200000000.0
1762887349.1269896,6,3200000000.0
1762887349.1269896,7,3200000000.0
1762887349.1269896,8,3200000000.0
1762887349.1269896,9,3200000000.0
1762887349.1269896,0,3200000000.0
1762887349.1269896,1,3200000000.0
1762887349.1269896,2,3200000000.0
1762887349.1269896,3,3200000000.0
1762887349.1269896,4,3200000000.0
1762887349.1269896,5,3200000000.0
1762887349.1269896,6,3200000000.0
1762887349.1269896,7,3200000000.0
1762887349.1269896,8,3200000000.0
1762887349.1269896,9,3200000000.0
1762887349.1269896,0,3200000000.0
1762887349.1269896,1,3200000000.0
1762887349.1269896,2,3200000000.0
1762887349.1269896,3,3200000000.0
1762887349.1269896,4,3200000000.0
1762887349.1269896,5,3200000000.0
1762887349.1269896,6,3200000000.0
1762887349.1269896,7,3200000000.0
1762887349.1269896,8,3200000000.0
1762887349.1269896,9,3200000000.0
1762887349.1269896,0,3200000000.0
1762887349.1269896,1,3200000000.0
1762887349.1269896,2,3200000000.0
1762887349.1269896,3,3200000000.0
1762887349.1269896,4,3200000000.0
1762887349.1269896,5,3200000000.0
1762887349.1269896,6,3200000000.0
1762887349.1269896,7,3200000000.0
1762887349.1269896,8,3200000000.0
1762887349.1269896,9,3200000000.0
1762887349.1269896,0,3200000000.0
1762887349.1269896,1,3200000000.0
1762887349.1269896,2,3200000000.0
1762887349.1269896,3,3200000000.0
1762887349.1269896,4,3200000000.0
1762887349.1269896,5,3200000000.0
1762887349.1269896,6,3200000000.0
1762887349.1269896,7,3200000000.0
1762887349.1269896,8,3200000000.0
1762887349.1269896,9,3200000000.0
1762887349.1269896,0,3200000000.0
1762887349.1269896,1,3200000000.0
1762887349.1269896,2,3200000000.0
1762887349.1269896,3,3200000000.0
1762887349.1269896,4,3200000000.0
1762887349.1269896,5,3200000000.0
1762887349.1269896,6,3200000000.0
1762887349.1269896,7,3200000000.0
1762887349.1269896,8,3200000000.0
1762887349.1269896,9,3200000000.0
1762887349.1269896,0,3200000000.0
1762887349.1269896,1,3200000000.0
1762887349.1269896,2,3200000000.0
1762887349.1269896,3,3200000000.0
1762887349.1269896,4,3200000000.0
1762887349.1269896,5,3200000000.0
1762887349.1269896,6,3200000000.0
1762887349.1269896,7,3200000000.0
1762887349.1269896,8,3200000000.0
1762887349.1269896,9,3200000000.0
1762887349.1269896,0,3200000000.0
1762887349.1269896,1,3200000000.0
1762887349.1269896,2,3200000000.0
1762887349.1269896,3,3200000000.0
1762887349.1269896,4,3200000000.0
1762887349.1269896,5,3200000000.0
1762887349.1269896,6,3200000000.0
1762887349.1269896,7,3200000000.0
1762887349.1269896,8,3200000000.0
1762887349.1269896,9,3200000000.0
1762887349.1269896,0,3200000000.0
1762887349.1269896,1,3200000000.0
1762887349.1269896,2,3200000000.0
1762887349.1269896,3,3200000000.0
1762887349.1269896,4,3200000000.0
1762887349.1269896,5,3200000000.0
1762887349.1269896,6,3200000000.0
1762887349.1269896,7,3200000000.0
1762887349.1269896,8,3200000000.0
1762887349.1269896,9,3200000000.0
1762887349.1269896,0,3200000000.0
1762887349.1269896,1,3200000000.0
1762887349.1269896,2,3200000000.0
1762887349.1269896,3,3200000000.0
1762887349.1269896,4,3200000000.0
1762887349.1269896,5,3200000000.0
1762887350.126965,0,3200000000.0
1762887350.126965,1,3200000000.0
1762887350.126965,2,3200000000.0
1762887350.126965,3,3200000000.0
1762887350.126965,4,3200000000.0
1762887350.126965,5,3200000000.0
1762887350.126965,6,3200000000.0
1762887350.126965,7,3200000000.0
1762887350.126965,8,3200000000.0
1762887350.126965,9,3200000000.0
1762887350.126965,0,3200000000.0
1762887350.126965,1,3200000000.0
1762887350.126965,2,3200000000.0
1762887350.126965,3,3200000000.0
1762887350.126965,4,3200000000.0
1762887350.126965,5,3200000000.0
1762887350.126965,6,3200000000.0
1762887350.126965,7,3200000000.0
1762887350.126965,8,3200000000.0
1762887350.126965,9,3200000000.0
1762887350.126965,0,3200000000.0
1762887350.126965,1,3200000000.0
1762887350.126965,2,3200000000.0
1762887350.126965,3,3200000000.0
1762887350.126965,4,3200000000.0
1762887350.126965,5,3200000000.0
1762887350.126965,6,3200000000.0
1762887350.126965,7,3200000000.0
1762887350.126965,8,3200000000.0
1762887350.126965,9,3200000000.0
1762887350.126965,0,3200000000.0
1762887350.126965,1,3200000000.0
1762887350.126965,2,3200000000.0
1762887350.126965,3,3200000000.0
1762887350.126965,4,3200000000.0
1762887350.126965,5,3200000000.0
1762887350.126965,6,3200000000.0
1762887350.126965,7,3200000000.0
1762887350.126965,8,3200000000.0
1762887350.126965,9,3200000000.0
1762887350.126965,0,3200000000.0
1762887350.126965,1,3200000000.0
1762887350.126965,2,3200000000.0
1762887350.126965,3,3200000000.0
1762887350.126965,4,3200000000.0
1762887350.126965,5,3200000000.0
1762887350.126965,6,3200000000.0
1762887350.126965,7,3200000000.0
1762887350.126965,8,3200000000.0
1762887350.126965,9,3200000000.0
1762887350.126965,0,3200000000.0
1762887350.126965,1,3200000000.0
1762887350.126965,2,3200000000.0
1762887350.126965,3,3200000000.0
1762887350.126965,4,3200000000.0
1762887350.126965,5,3200000000.0
1762887350.126965,6,3200000000.0
1762887350.126965,7,3200000000.0
1762887350.126965,8,3200000000.0
1762887350.126965,9,3200000000.0
1762887350.126965,0,3200000000.0
1762887350.126965,1,3200000000.0
1762887350.126965,2,3200000000.0
1762887350.126965,3,3200000000.0
1762887350.126965,4,3200000000.0
1762887350.126965,5,3200000000.0
1762887350.126965,6,3200000000.0
1762887350.126965,7,3200000000.0
1762887350.126965,8,3200000000.0
1762887350.126965,9,3200000000.0
1762887350.126965,0,3200000000.0
1762887350.126965,1,3200000000.0
1762887350.126965,2,3200000000.0
1762887350.126965,3,3200000000.0
1762887350.126965,4,3200000000.0
1762887350.126965,5,3200000000.0
1762887350.126965,6,3200000000.0
1762887350.126965,7,3200000000.0
1762887350.126965,8,3200000000.0
1762887350.126965,9,3200000000.0
1762887350.126965,0,3200000000.0
1762887350.126965,1,3200000000.0
1762887350.126965,2,3200000000.0
1762887350.126965,3,3200000000.0
1762887350.126965,4,3200000000.0
1762887350.126965,5,3200000000.0
1762887350.126965,6,3200000000.0
1762887350.126965,7,3200000000.0
1762887350.126965,8,3200000000.0
1762887350.126965,9,3200000000.0
1762887350.126965,0,3200000000.0
1762887350.126965,1,3200000000.0
1762887350.126965,2,3200000000.0
1762887350.126965,3,3200000000.0
1762887350.126965,4,3200000000.0
1762887350.126965,5,3200000000.0
1762887351.126986,0,3200000000.0
1762887351.126986,1,3200000000.0
1762887351.126986,2,3200000000.0
1762887351.126986,3,3200000000.0
1762887351.126986,4,3200000000.0
1762887351.126986,5,3200000000.0
1762887351.126986,6,3200000000.0
1762887351.126986,7,3200000000.0
1762887351.126986,8,3200000000.0
1762887351.126986,9,3200000000.0
1762887351.126986,0,3200000000.0
1762887351.126986,1,3200000000.0
1762887351.126986,2,3200000000.0
1762887351.126986,3,3200000000.0
1762887351.126986,4,3200000000.0
1762887351.126986,5,3200000000.0
1762887351.126986,6,3200000000.0
1762887351.126986,7,3200000000.0
1762887351.126986,8,3200000000.0
1762887351.126986,9,3200000000.0
1762887351.126986,0,3200000000.0
1762887351.126986,1,3200000000.0
1762887351.126986,2,3200000000.0
1762887351.126986,3,3200000000.0
1762887351.126986,4,3200000000.0
1762887351.126986,5,3200000000.0
1762887351.126986,6,3200000000.0
1762887351.126986,7,3200000000.0
1762887351.126986,8,3200000000.0
1762887351.126986,9,3200000000.0
1762887351.126986,0,3200000000.0
1762887351.126986,1,3200000000.0
1762887351.126986,2,3200000000.0
1762887351.126986,3,3200000000.0
1762887351.126986,4,3200000000.0
1762887351.126986,5,3200000000.0
1762887351.126986,6,3200000000.0
1762887351.126986,7,3200000000.0
1762887351.126986,8,3200000000.0
1762887351.126986,9,3200000000.0
1762887351.126986,0,3200000000.0
1762887351.126986,1,3200000000.0
1762887351.126986,2,3200000000.0
1762887351.126986,3,3200000000.0
1762887351.126986,4,3200000000.0
1762887351.126986,5,3200000000.0
1762887351.126986,6,3200000000.0
1762887351.126986,7,3200000000.0
1762887351.126986,8,3200000000.0
1762887351.126986,9,3200000000.0
1762887351.126986,0,3200000000.0
1762887351.126986,1,3200000000.0
1762887351.126986,2,3200000000.0
1762887351.126986,3,3200000000.0
1762887351.126986,4,3200000000.0
1762887351.126986,5,3200000000.0
1762887351.126986,6,3200000000.0
1762887351.126986,7,3200000000.0
1762887351.126986,8,3200000000.0
1762887351.126986,9,3200000000.0
1762887351.126986,0,3200000000.0
1762887351.126986,1,3200000000.0
1762887351.126986,2,3200000000.0
1762887351.126986,3,3200000000.0
1762887351.126986,4,3200000000.0
1762887351.126986,5,3200000000.0
1762887351.126986,6,3200000000.0
1762887351.126986,7,3200000000.0
1762887351.126986,8,3200000000.0
1762887351.126986,9,3200000000.0
1762887351.126986,0,3200000000.0
1762887351.126986,1,3200000000.0
1762887351.126986,2,3200000000.0
1762887351.126986,3,3200000000.0
1762887351.126986,4,3200000000.0
1762887351.126986,5,3200000000.0
1762887351.126986,6,3200000000.0
1762887351.126986,7,3200000000.0
1762887351.126986,8,3200000000.0
1762887351.126986,9,3200000000.0
1762887351.126986,0,3200000000.0
1762887351.126986,1,3200000000.0
1762887351.126986,2,3200000000.0
1762887351.126986,3,3200000000.0
1762887351.126986,4,3200000000.0
1762887351.126986,5,3200000000.0
1762887351.126986,6,3200000000.0
1762887351.126986,7,3200000000.0
1762887351.126986,8,3200000000.0
1762887351.126986,9,3200000000.0
1762887351.126986,0,3200000000.0
1762887351.126986,1,3200000000.0
1762887351.126986,2,3200000000.0
1762887351.126986,3,3200000000.0
1762887351.126986,4,3200000000.0
1762887351.126986,5,3200000000.0
