time,actuator,value
1738767316.4194882,Actuator(ptr=c_void_p(94704589911200)),165.0
1738767321.4373553,Actuator(ptr=c_void_p(94704589911200)),165.0
1738767326.4545722,Actuator(ptr=c_void_p(94704589911200)),165.0
1738767331.4736145,Actuator(ptr=c_void_p(94704589911200)),165.0
1738767336.4930935,Actuator(ptr=c_void_p(94704589911200)),165.0
1738767341.5130262,Actuator(ptr=c_void_p(94704589911200)),165.0
1738767346.531787,Actuator(ptr=c_void_p(94704589911200)),165.0
1738767351.5514736,Actuator(ptr=c_void_p(94704589911200)),165.0
