time,actuator,value
1738778391.112488,Actuator(ptr=c_void_p(94233528672144)),136.0
1738778396.127919,Actuator(ptr=c_void_p(94233528672144)),136.0
1738778401.1437325,Actuator(ptr=c_void_p(94233528672144)),136.0
1738778406.1602285,Actuator(ptr=c_void_p(94233528672144)),136.0
1738778411.1759992,Actuator(ptr=c_void_p(94233528672144)),136.0
1738778416.1876874,Actuator(ptr=c_void_p(94233528672144)),136.0
1738778421.1990924,Actuator(ptr=c_void_p(94233528672144)),136.0
1738778426.2173982,Actuator(ptr=c_void_p(94233528672144)),136.0
1738778431.2327104,Actuator(ptr=c_void_p(94233528672144)),136.0
