time,value
1770124752.2307737,1.0
1770124752.2413685,3.0
1770124752.2520843,3.0
1770124752.262474,3.0
1770124752.2731566,3.0
1770124752.283498,3.0
1770124752.293959,3.0
1770124752.3043442,3.0
1770124752.314698,3.0
1770124752.3251216,3.0
1770124752.3354988,3.0
1770124752.3458755,3.0
1770124752.3565512,3.0
1770124752.3668816,3.0
1770124752.377263,3.0
1770124752.38777,3.0
1770124752.3980825,3.0
1770124752.4085999,3.0
1770124752.419032,3.0
1770124752.4293952,3.0
1770124752.4398718,3.0
1770124752.4501805,3.0
1770124752.460611,3.0
1770124752.470923,3.0
1770124752.4836607,3.0
1770124752.4939678,3.0
1770124752.5043674,3.0
1770124752.5146434,3.0
1770124752.525094,3.0
1770124752.5354502,3.0
1770124752.5458207,3.0
1770124752.5562859,3.0
1770124752.5665889,3.0
1770124752.577108,3.0
1770124752.5877001,3.0
1770124752.598006,3.0
1770124752.6084182,3.0
1770124752.6187565,3.0
1770124752.6291296,3.0
1770124752.6394224,3.0
1770124752.6497455,3.0
1770124752.66011,3.0
1770124752.6704056,3.0
1770124752.6812463,3.0
1770124752.6931267,3.0
1770124752.7035007,3.0
1770124752.7138891,3.0
1770124752.7248268,3.0
1770124752.735378,3.0
1770124752.7456665,3.0
1770124752.7562506,3.0
1770124752.7670543,3.0
1770124752.777414,3.0
1770124752.7877026,3.0
1770124752.7981284,3.0
1770124752.8084698,3.0
1770124752.8191311,3.0
1770124752.8294904,3.0
1770124752.8399673,3.0
1770124752.8503299,3.0
1770124752.8609893,3.0
1770124752.8713045,3.0
1770124752.8817806,3.0
1770124752.8922634,3.0
1770124752.9028525,3.0
1770124752.9134965,3.0
1770124752.9252574,3.0
1770124752.9377427,3.0
1770124752.9503663,3.0
1770124752.963874,3.0
1770124752.9782712,3.0
1770124752.9928117,3.0
1770124753.0073795,3.0
1770124753.0216231,3.0
1770124753.0351262,3.0
1770124753.048431,3.0
1770124753.0621402,3.0
1770124753.0752366,3.0
1770124753.088457,3.0
1770124753.101853,3.0
1770124753.1149306,3.0
1770124753.1278236,3.0
1770124753.1425147,3.0
1770124753.1605444,2.0
1770124753.1740716,1.0
1770124753.1859524,3.0
1770124753.1984231,3.0
1770124753.2109156,3.0
1770124753.2234402,3.0
1770124753.2359934,3.0
1770124753.2491753,3.0
1770124753.2619843,3.0
1770124753.2745328,3.0
1770124753.2873404,3.0
1770124753.3000212,3.0
1770124753.3128204,3.0
1770124753.3254485,3.0
1770124753.3383207,3.0
1770124753.351006,3.0
1770124753.3638344,3.0
1770124753.376559,3.0
1770124753.389252,3.0
1770124753.401807,3.0
1770124753.4144187,3.0
1770124753.4270082,3.0
1770124753.439829,3.0
1770124753.4524887,3.0
1770124753.4652326,3.0
1770124753.477797,3.0
1770124753.4904072,3.0
1770124753.503005,3.0
1770124753.5155432,3.0
1770124753.5282829,3.0
1770124753.5411084,3.0
1770124753.5538027,3.0
1770124753.5664134,3.0
1770124753.5792615,3.0
1770124753.5919244,3.0
1770124753.6046722,3.0
1770124753.6176007,3.0
1770124753.6301563,3.0
1770124753.6429343,3.0
1770124753.6556196,3.0
1770124753.668427,3.0
1770124753.6813495,3.0
1770124753.6941445,3.0
1770124753.7068741,3.0
1770124753.7194753,3.0
1770124753.7320943,3.0
1770124753.7446725,3.0
1770124753.7573225,3.0
1770124753.770128,3.0
1770124753.7828412,3.0
1770124753.795742,3.0
1770124753.8083441,3.0
1770124753.8211277,3.0
1770124753.8337846,3.0
1770124753.8464866,3.0
1770124753.8590775,3.0
1770124753.8718185,3.0
1770124753.8844495,3.0
1770124753.8969772,3.0
1770124753.909601,3.0
1770124753.9223764,3.0
1770124753.9349446,3.0
1770124753.9475527,3.0
1770124753.9601326,3.0
1770124753.9730387,3.0
1770124753.9856288,3.0
1770124753.9983091,3.0
1770124754.0111654,3.0
1770124754.0237622,3.0
1770124754.0363274,3.0
1770124754.0490024,3.0
1770124754.0616012,3.0
1770124754.0741742,3.0
1770124754.086874,3.0
1770124754.0994437,3.0
1770124754.1122336,3.0
1770124754.1248758,3.0
1770124754.137624,3.0
1770124754.1611974,3.0
1770124754.1739018,3.0
1770124754.1866271,3.0
1770124754.1991713,3.0
1770124754.2117336,3.0
1770124754.2242918,3.0
1770124754.2369258,3.0
1770124754.260869,3.0
1770124754.279879,2.0
1770124754.2905293,1.0
1770124754.308427,2.0
1770124754.319469,2.0
1770124754.3324249,3.0
1770124754.3455663,3.0
1770124754.358861,3.0
1770124754.3723145,3.0
1770124754.3854928,3.0
1770124754.3986297,3.0
1770124754.411924,3.0
1770124754.4251728,3.0
1770124754.438494,3.0
1770124754.4518335,3.0
1770124754.4653683,3.0
1770124754.4785273,3.0
1770124754.4916153,3.0
1770124754.504725,3.0
1770124754.5177934,3.0
1770124754.5308402,3.0
1770124754.5439844,3.0
1770124754.5570183,3.0
1770124754.5700102,3.0
1770124754.583207,3.0
1770124754.5962021,3.0
1770124754.609525,3.0
1770124754.6223722,3.0
1770124754.6354682,3.0
1770124754.6486413,3.0
1770124754.6616542,3.0
1770124754.6744647,3.0
1770124754.687955,3.0
1770124754.7007751,3.0
1770124754.7137294,3.0
1770124754.7266128,3.0
1770124754.7396967,3.0
1770124754.7526274,3.0
1770124754.7655928,3.0
1770124754.7786295,3.0
1770124754.7915823,3.0
1770124754.8045394,3.0
1770124754.8175392,3.0
1770124754.8304455,3.0
1770124754.843367,3.0
1770124754.8562207,3.0
1770124754.8691812,3.0
1770124754.882129,3.0
1770124754.89512,3.0
1770124754.9079928,3.0
1770124754.9209406,3.0
1770124754.9338355,3.0
1770124754.9467208,3.0
1770124754.9597251,3.0
1770124754.9725997,3.0
1770124754.9855433,3.0
1770124754.9984798,3.0
1770124755.0114214,3.0
1770124755.0251179,3.0
1770124755.0378768,3.0
1770124755.0506573,3.0
1770124755.0638514,3.0
1770124755.0767765,3.0
1770124755.0896337,3.0
1770124755.1025379,3.0
1770124755.1155398,3.0
1770124755.1284575,3.0
1770124755.1413798,3.0
1770124755.1514919,2.0
1770124755.169532,1.0
1770124755.1816018,3.0
1770124755.1941257,3.0
1770124755.2067394,3.0
1770124755.2194927,3.0
1770124755.2321398,3.0
1770124755.2448103,3.0
1770124755.2575781,3.0
1770124755.2705822,3.0
1770124755.2834258,3.0
1770124755.2963197,3.0
1770124755.3092115,3.0
1770124755.32202,3.0
1770124755.3348112,3.0
1770124755.3477254,3.0
1770124755.3605921,3.0
1770124755.3736386,3.0
1770124755.3864748,3.0
1770124755.3993082,3.0
1770124755.412147,3.0
1770124755.4250119,3.0
1770124755.4379392,3.0
1770124755.4508562,3.0
1770124755.4637437,3.0
1770124755.4766457,3.0
1770124755.489406,3.0
1770124755.5024107,3.0
1770124755.515182,3.0
1770124755.5280313,3.0
1770124755.5408633,3.0
1770124755.5536315,3.0
1770124755.5664954,3.0
1770124755.579647,3.0
1770124755.5923843,3.0
1770124755.6054235,3.0
1770124755.6183355,3.0
1770124755.6311321,3.0
1770124755.6442127,3.0
1770124755.6568208,3.0
1770124755.6698408,3.0
1770124755.6827621,3.0
1770124755.6955593,3.0
1770124755.7084382,3.0
1770124755.7213879,3.0
1770124755.7341003,3.0
1770124755.7468352,3.0
1770124755.7598405,3.0
1770124755.772669,3.0
1770124755.7853956,3.0
1770124755.7982898,3.0
1770124755.8111694,3.0
1770124755.824016,3.0
1770124755.8369024,3.0
1770124755.8498082,3.0
1770124755.8627079,3.0
1770124755.8762934,3.0
1770124755.8889377,3.0
1770124755.901756,3.0
1770124755.9145157,3.0
1770124755.9273994,3.0
1770124755.9405794,3.0
1770124755.9534473,3.0
1770124755.9663234,3.0
1770124755.979484,3.0
1770124755.9922385,3.0
1770124756.0052154,3.0
1770124756.015328,2.0
1770124756.0280588,3.0
1770124756.0410542,3.0
1770124756.0539784,3.0
1770124756.066816,3.0
1770124756.0871716,3.0
1770124756.1044354,2.0
1770124756.1144762,1.0
1770124756.1269052,1.0
1770124756.1374297,1.0
1770124756.149372,2.0
1770124756.1600344,2.0
1770124756.1732128,3.0
1770124756.1895173,3.0
1770124756.2024102,3.0
1770124756.2156978,3.0
1770124756.2289202,3.0
1770124756.2420125,3.0
1770124756.2549918,3.0
1770124756.2683613,3.0
1770124756.2815888,3.0
1770124756.2947147,3.0
1770124756.3078923,3.0
1770124756.3209603,3.0
1770124756.3341985,3.0
1770124756.3474572,3.0
1770124756.3606634,3.0
1770124756.3736167,3.0
1770124756.3878837,3.0
1770124756.4014359,3.0
1770124756.414274,3.0
1770124756.4271066,3.0
1770124756.4402587,3.0
1770124756.4533405,3.0
1770124756.466479,3.0
1770124756.479408,3.0
1770124756.4927,3.0
1770124756.5055616,3.0
1770124756.5300903,2.0
1770124756.5416553,2.0
1770124756.5536616,2.0
1770124756.5657556,2.0
1770124756.5780494,2.0
1770124756.5900617,2.0
1770124756.6020744,2.0
1770124756.6164005,2.0
1770124756.6284103,2.0
1770124756.6405487,2.0
1770124756.6526787,2.0
1770124756.664768,2.0
1770124756.676833,2.0
1770124756.6894927,2.0
1770124756.7016141,2.0
1770124756.7135715,2.0
1770124756.7260783,2.0
1770124756.7380383,2.0
1770124756.7500093,2.0
1770124756.7620609,2.0
1770124756.774026,2.0
1770124756.7860107,2.0
1770124756.7979789,2.0
1770124756.80996,2.0
1770124756.821966,2.0
1770124756.8339164,2.0
1770124756.8458772,2.0
1770124756.8578598,2.0
1770124756.8698187,2.0
1770124756.8818882,2.0
1770124756.8938816,2.0
1770124756.905841,2.0
1770124756.918026,2.0
1770124756.932009,2.0
1770124756.9463084,2.0
1770124756.9582417,2.0
1770124756.970175,2.0
1770124756.9822018,2.0
1770124756.9941404,2.0
1770124757.0061316,2.0
1770124757.018115,2.0
1770124757.030193,2.0
1770124757.0421567,2.0
1770124757.0541716,2.0
1770124757.0681145,2.0
1770124757.08004,2.0
1770124757.0920637,2.0
1770124757.1039824,2.0
1770124757.115917,2.0
1770124757.1278725,2.0
1770124757.1400142,2.0
1770124757.1521857,2.0
1770124757.164656,2.0
1770124757.1766088,2.0
1770124757.1885827,2.0
1770124757.2006464,2.0
1770124757.2126107,2.0
1770124757.2246041,2.0
1770124757.2366273,2.0
1770124757.2485788,2.0
1770124757.2605402,2.0
1770124757.272553,2.0
1770124757.2845309,2.0
1770124757.2965293,2.0
1770124757.3085587,2.0
1770124757.3205218,2.0
1770124757.3324711,2.0
1770124757.3444328,2.0
1770124757.3564298,2.0
1770124757.3686426,2.0
1770124757.3806167,2.0
1770124757.3925683,2.0
1770124757.4045074,2.0
1770124757.416467,2.0
1770124757.428424,2.0
1770124757.4407134,2.0
1770124757.4542954,2.0
1770124757.466277,2.0
1770124757.478319,2.0
1770124757.4905338,2.0
1770124757.5025127,2.0
1770124757.514516,2.0
1770124757.5265477,2.0
1770124757.5385242,2.0
1770124757.5505245,2.0
1770124757.5625129,2.0
1770124757.574491,2.0
1770124757.5866065,2.0
1770124757.5986173,2.0
1770124757.6107764,2.0
1770124757.6227677,2.0
1770124757.634751,2.0
1770124757.646817,2.0
1770124757.658791,2.0
1770124757.6708004,2.0
1770124757.6830306,2.0
1770124757.6950045,2.0
1770124757.707068,2.0
1770124757.7190735,2.0
1770124757.731084,2.0
1770124757.7430863,2.0
1770124757.755388,2.0
1770124757.7690854,2.0
1770124757.7810469,2.0
1770124757.7929776,2.0
1770124757.8048916,2.0
1770124757.817028,2.0
1770124757.8290203,2.0
1770124757.8411047,2.0
1770124757.853087,2.0
1770124757.8650942,2.0
1770124757.8775377,2.0
1770124757.89251,1.0
1770124757.906946,2.0
1770124757.9192712,2.0
1770124757.9312174,2.0
1770124757.943153,2.0
1770124757.9550858,2.0
1770124757.967308,2.0
1770124757.981466,2.0
1770124757.9934049,2.0
1770124758.005351,2.0
1770124758.0173068,2.0
1770124758.0294964,2.0
1770124758.0414877,2.0
1770124758.0534508,2.0
1770124758.065501,2.0
1770124758.0776792,2.0
1770124758.0916657,2.0
1770124758.104737,1.0
1770124758.11986,2.0
1770124758.1315353,2.0
1770124758.1434963,2.0
1770124758.1571317,2.0
1770124758.1693096,2.0
1770124758.181441,2.0
1770124758.1936407,2.0
1770124758.2070763,2.0
1770124758.21902,2.0
1770124758.2309835,2.0
1770124758.2429876,2.0
1770124758.255069,2.0
1770124758.2670722,2.0
1770124758.2795255,2.0
1770124758.2914724,2.0
1770124758.3034573,2.0
1770124758.3166857,2.0
1770124758.3360798,2.0
1770124758.3499634,2.0
1770124758.3635929,1.0
1770124758.3751276,2.0
1770124758.3868814,2.0
1770124758.3988183,2.0
1770124758.4107425,2.0
1770124758.4226723,2.0
1770124758.4366944,2.0
1770124758.448665,2.0
1770124758.461064,2.0
1770124758.4730403,2.0
1770124758.485041,2.0
1770124758.4970634,2.0
1770124758.5091143,2.0
1770124758.521121,2.0
1770124758.533136,2.0
1770124758.5451658,2.0
1770124758.5571935,2.0
1770124758.569215,2.0
1770124758.5814433,2.0
1770124758.5934975,2.0
1770124758.6056547,2.0
1770124758.6176574,2.0
1770124758.6297224,2.0
1770124758.6418839,2.0
1770124758.6542954,2.0
1770124758.6679678,2.0
1770124758.6801913,2.0
1770124758.6921206,2.0
1770124758.7041242,2.0
1770124758.7162452,2.0
1770124758.728247,2.0
1770124758.7401278,2.0
1770124758.7522824,2.0
1770124758.7663915,2.0
1770124758.778206,2.0
1770124758.7901225,2.0
1770124758.802028,2.0
1770124758.813938,2.0
1770124758.8258932,2.0
1770124758.8378434,2.0
1770124758.8497763,2.0
1770124758.8617334,2.0
1770124758.873707,2.0
1770124758.8856952,2.0
1770124758.8976185,2.0
1770124758.909545,2.0
1770124758.921498,2.0
1770124758.9334478,2.0
1770124758.9453812,2.0
1770124758.9573689,2.0
1770124758.9713705,2.0
1770124758.9914916,2.0
1770124759.001706,1.0
1770124759.0118752,1.0
1770124759.029848,2.0
1770124759.0415232,2.0
1770124759.053419,2.0
1770124759.0654416,2.0
1770124759.0773442,2.0
1770124759.0892894,2.0
1770124759.1012216,2.0
1770124759.1131876,2.0
1770124759.1250896,2.0
1770124759.1370265,2.0
1770124759.150325,2.0
1770124759.163763,2.0
1770124759.175696,2.0
1770124759.1876318,2.0
1770124759.2003362,2.0
1770124759.2149732,2.0
1770124759.2272828,2.0
1770124759.240093,2.0
1770124759.2542307,2.0
1770124759.2666245,2.0
1770124759.2785761,2.0
1770124759.2905416,2.0
1770124759.3026316,2.0
1770124759.3150666,2.0
1770124759.3271153,2.0
1770124759.3391366,2.0
1770124759.3511837,2.0
1770124759.3637302,2.0
1770124759.377,2.0
1770124759.3890305,2.0
1770124759.401035,2.0
1770124759.4131322,2.0
1770124759.4250042,2.0
1770124759.437028,2.0
1770124759.449183,2.0
1770124759.4612746,2.0
1770124759.4733095,2.0
1770124759.4861546,2.0
1770124759.498188,2.0
1770124759.5102234,2.0
1770124759.5223925,2.0
1770124759.534465,2.0
1770124759.5466237,2.0
1770124759.5586836,2.0
1770124759.5707464,2.0
1770124759.5830703,2.0
1770124759.5951378,2.0
1770124759.6072805,2.0
1770124759.6193147,2.0
1770124759.6313267,2.0
1770124759.6437578,2.0
1770124759.6557167,2.0
1770124759.6677651,2.0
1770124759.679844,2.0
1770124759.6918142,2.0
1770124759.7038443,2.0
1770124759.7158685,2.0
1770124759.728365,2.0
1770124759.7417552,2.0
1770124759.7540784,2.0
1770124759.7661695,2.0
1770124759.778163,2.0
1770124759.791057,2.0
1770124759.804277,2.0
1770124759.8162887,2.0
1770124759.8282819,2.0
1770124759.840316,2.0
1770124759.852339,2.0
1770124759.8643289,2.0
1770124759.876329,2.0
1770124759.8883982,2.0
1770124759.9004226,2.0
1770124759.91249,2.0
1770124759.9245489,2.0
1770124759.9365807,2.0
1770124759.9487083,2.0
1770124759.9607146,2.0
1770124759.9727528,2.0
1770124759.9847438,2.0
1770124759.996779,2.0
1770124760.0089247,2.0
1770124760.0207438,2.0
1770124760.03278,2.0
1770124760.0448084,2.0
1770124760.0568094,2.0
1770124760.0688024,2.0
1770124760.0808134,2.0
1770124760.0928414,2.0
1770124760.1048613,2.0
1770124760.1168761,2.0
1770124760.1286845,2.0
1770124760.1406608,2.0
1770124760.1537151,2.0
1770124760.1691718,1.0
1770124760.1853995,1.0
1770124760.1972718,2.0
1770124760.2094402,2.0
1770124760.2214713,2.0
1770124760.2335346,2.0
1770124760.2456834,2.0
1770124760.2604864,2.0
1770124760.2728257,2.0
1770124760.2849126,2.0
1770124760.2969728,2.0
1770124760.3093877,2.0
1770124760.3213947,2.0
1770124760.333926,2.0
1770124760.3459747,2.0
1770124760.3579736,2.0
1770124760.370032,2.0
1770124760.3824737,2.0
1770124760.3959875,2.0
1770124760.408029,2.0
1770124760.4201083,2.0
1770124760.4321945,2.0
1770124760.444358,2.0
1770124760.4565818,2.0
1770124760.4685373,2.0
1770124760.480614,2.0
1770124760.492693,2.0
1770124760.504632,2.0
1770124760.5165424,2.0
1770124760.528484,2.0
1770124760.5404253,2.0
1770124760.552418,2.0
1770124760.564421,2.0
1770124760.5763457,2.0
1770124760.5885925,2.0
1770124760.6004925,2.0
1770124760.6130037,2.0
1770124760.6248815,2.0
1770124760.6367943,2.0
1770124760.6488724,2.0
1770124760.6607103,2.0
1770124760.6725843,2.0
1770124760.687414,2.0
1770124760.6992311,2.0
1770124760.7110643,2.0
1770124760.7229195,2.0
1770124760.73482,2.0
1770124760.746746,2.0
1770124760.7586107,2.0
1770124760.7706122,2.0
1770124760.782509,2.0
1770124760.794573,2.0
1770124760.8065336,2.0
1770124760.8184824,2.0
1770124760.830989,2.0
1770124760.8447258,2.0
1770124760.8566117,2.0
1770124760.8686128,2.0
1770124760.880593,2.0
1770124760.8925803,2.0
1770124760.9044917,2.0
1770124760.9164565,2.0
1770124760.928378,2.0
1770124760.9403536,2.0
1770124760.9523578,2.0
1770124760.964294,2.0
1770124760.9762466,2.0
1770124760.9881682,2.0
1770124761.0000865,2.0
1770124761.0119998,2.0
1770124761.0238981,2.0
1770124761.035839,2.0
1770124761.0477686,2.0
1770124761.059697,2.0
1770124761.0716276,2.0
1770124761.083578,2.0
1770124761.0955536,2.0
1770124761.107842,2.0
1770124761.1206315,2.0
1770124761.1325474,2.0
1770124761.1450546,2.0
1770124761.157496,2.0
1770124761.1816237,2.0
1770124761.1963372,1.0
1770124761.207447,2.0
1770124761.2190003,2.0
1770124761.2308166,2.0
1770124761.2424972,2.0
1770124761.254127,2.0
1770124761.2661612,2.0
1770124761.2790773,2.0
1770124761.2907486,2.0
1770124761.302572,2.0
1770124761.3142426,2.0
1770124761.3259206,2.0
1770124761.3375893,2.0
1770124761.3492565,2.0
1770124761.3614197,2.0
1770124761.3759093,2.0
1770124761.3876011,2.0
1770124761.3993073,2.0
1770124761.410987,2.0
1770124761.4227538,2.0
1770124761.4344428,2.0
1770124761.446111,2.0
1770124761.4578102,2.0
1770124761.46951,2.0
1770124761.4812913,2.0
1770124761.4929497,2.0
1770124761.5046806,2.0
1770124761.516365,2.0
1770124761.5280328,2.0
1770124761.539842,2.0
1770124761.5515363,2.0
1770124761.563211,2.0
1770124761.5748851,2.0
1770124761.5867963,2.0
1770124761.5985951,2.0
1770124761.6206472,2.0
1770124761.639145,1.0
1770124761.6516154,2.0
1770124761.6630228,2.0
1770124761.6752212,2.0
1770124761.6883626,2.0
1770124761.7000806,2.0
1770124761.7117925,2.0
1770124761.7236252,2.0
1770124761.7353225,2.0
1770124761.7469678,2.0
1770124761.7590334,2.0
1770124761.7706795,2.0
1770124761.7823749,2.0
1770124761.7940276,2.0
1770124761.8057148,2.0
1770124761.8174825,2.0
1770124761.8291817,2.0
1770124761.840866,2.0
1770124761.8527672,2.0
1770124761.8644586,2.0
1770124761.876125,2.0
1770124761.8878138,2.0
1770124761.899534,2.0
1770124761.9112225,2.0
1770124761.9229054,2.0
1770124761.9346123,2.0
1770124761.9464772,2.0
1770124761.9581292,2.0
1770124761.969824,2.0
1770124761.981484,2.0
1770124761.993179,2.0
1770124762.0048559,2.0
1770124762.0166123,2.0
1770124762.0285122,2.0
1770124762.040355,2.0
1770124762.0520248,2.0
1770124762.063696,2.0
1770124762.0759017,2.0
1770124762.0876083,2.0
1770124762.099347,2.0
1770124762.1110196,2.0
1770124762.1227164,2.0
1770124762.134406,2.0
1770124762.146472,2.0
1770124762.1587543,2.0
1770124762.1728117,2.0
1770124762.1844566,2.0
1770124762.1961794,2.0
1770124762.208204,2.0
1770124762.221319,2.0
1770124762.2334056,2.0
1770124762.2452333,2.0
1770124762.2570467,2.0
1770124762.2691102,2.0
1770124762.2808175,2.0
1770124762.2925067,2.0
1770124762.3043687,2.0
1770124762.3160279,2.0
1770124762.328231,2.0
1770124762.3413184,2.0
1770124762.3529992,2.0
1770124762.364864,2.0
1770124762.3769202,2.0
1770124762.3887947,2.0
1770124762.40306,2.0
1770124762.414685,2.0
1770124762.4264364,2.0
1770124762.4380531,2.0
1770124762.4498005,2.0
1770124762.462045,2.0
1770124762.473922,2.0
1770124762.485707,2.0
1770124762.4975333,2.0
1770124762.509308,2.0
1770124762.5210757,2.0
1770124762.532863,2.0
1770124762.5446267,2.0
1770124762.5563762,2.0
1770124762.5681248,2.0
1770124762.5798898,2.0
1770124762.5919402,2.0
1770124762.6040907,2.0
1770124762.615995,2.0
1770124762.6277988,2.0
1770124762.639557,2.0
1770124762.6514509,2.0
1770124762.6633062,2.0
1770124762.6751103,2.0
1770124762.6896002,2.0
1770124762.7030904,1.0
1770124762.7176154,2.0
1770124762.7309463,2.0
1770124762.7455678,2.0
1770124762.755952,1.0
1770124762.7699606,1.0
1770124762.781423,2.0
1770124762.793963,3.0
1770124762.8069773,3.0
1770124762.8244534,3.0
1770124762.8378737,3.0
1770124762.8504524,3.0
1770124762.8640935,3.0
1770124762.876685,3.0
1770124762.8892078,3.0
1770124762.902076,3.0
1770124762.9147542,3.0
1770124762.9274087,3.0
1770124762.9401252,3.0
1770124762.952825,3.0
1770124762.9655275,3.0
1770124762.978281,3.0
1770124762.9909384,3.0
1770124763.003641,3.0
1770124763.0164294,3.0
1770124763.0292203,3.0
1770124763.0418296,3.0
1770124763.0545018,3.0
1770124763.067252,3.0
1770124763.080576,3.0
1770124763.0954475,1.0
1770124763.1124418,2.0
1770124763.1225276,1.0
1770124763.1399038,2.0
1770124763.1505246,1.0
1770124763.1675854,2.0
1770124763.1810977,1.0
1770124763.199866,2.0
1770124763.2104316,1.0
1770124763.2214308,1.0
1770124763.231895,1.0
1770124763.2424347,1.0
1770124763.2586434,1.0
1770124763.2778707,2.0
1770124763.2878928,1.0
1770124763.3054147,2.0
1770124763.3164475,1.0
1770124763.3345587,2.0
1770124763.3475757,1.0
1770124763.371384,2.0
1770124763.3814404,1.0
1770124763.3999004,2.0
1770124763.4104164,1.0
1770124763.4243658,1.0
1770124763.4344254,1.0
1770124763.447449,1.0
1770124763.461358,1.0
1770124763.4714198,1.0
1770124763.4853635,1.0
1770124763.4968953,1.0
1770124763.5074215,1.0
1770124763.517439,1.0
1770124763.5284307,1.0
1770124763.548438,2.0
1770124763.5619974,1.0
1770124763.5728936,1.0
1770124763.5868773,1.0
1770124763.5974188,1.0
1770124763.6194255,2.0
1770124763.632538,3.0
1770124763.6457224,3.0
1770124763.6584544,3.0
1770124763.671151,3.0
1770124763.6858509,3.0
1770124763.6993592,2.0
1770124763.7129512,2.0
1770124763.723941,1.0
1770124763.7409356,2.0
1770124763.7519226,1.0
1770124763.7677236,2.0
1770124763.779745,2.0
1770124763.7912202,2.0
1770124763.8040235,3.0
1770124763.8167207,3.0
1770124763.8295133,3.0
1770124763.8432145,3.0
1770124763.8559735,3.0
1770124763.8691897,3.0
1770124763.8819098,3.0
1770124763.8946412,3.0
1770124763.9066086,2.0
1770124763.9192111,3.0
1770124763.9319067,3.0
1770124763.945117,3.0
1770124763.9578342,3.0
1770124763.9706013,3.0
1770124763.9833562,3.0
1770124763.9960756,3.0
1770124764.0088546,3.0
1770124764.0216637,3.0
1770124764.0344696,3.0
1770124764.0472338,3.0
1770124764.0599341,3.0
1770124764.0730278,3.0
1770124764.0858383,3.0
1770124764.0985768,3.0
1770124764.1113632,3.0
1770124764.1241016,3.0
1770124764.137034,3.0
1770124764.1473894,2.0
1770124764.1604702,3.0
1770124764.1732247,3.0
1770124764.186192,3.0
1770124764.1989796,3.0
1770124764.211793,3.0
1770124764.2245026,3.0
1770124764.2372746,3.0
1770124764.2500198,3.0
1770124764.2627327,3.0
1770124764.2755325,3.0
1770124764.28829,3.0
1770124764.3010833,3.0
1770124764.3138502,3.0
1770124764.3266566,3.0
1770124764.339387,3.0
1770124764.352252,3.0
1770124764.3650331,3.0
1770124764.377801,3.0
1770124764.390589,3.0
1770124764.403356,3.0
1770124764.4161518,3.0
1770124764.4294314,3.0
1770124764.4421365,3.0
1770124764.4548705,3.0
1770124764.4679484,3.0
1770124764.4807467,3.0
1770124764.493521,3.0
1770124764.5063734,3.0
1770124764.5191624,3.0
1770124764.5321305,3.0
1770124764.5448747,3.0
1770124764.5576444,3.0
1770124764.5703077,3.0
1770124764.5829823,3.0
1770124764.59567,3.0
1770124764.6090117,3.0
1770124764.621602,3.0
1770124764.6344893,3.0
1770124764.6474972,3.0
1770124764.6605468,3.0
1770124764.673177,3.0
1770124764.6860402,3.0
1770124764.6990163,3.0
1770124764.7116718,3.0
1770124764.7259552,1.0
1770124764.7410526,1.0
1770124764.7528775,3.0
1770124764.7652552,3.0
1770124764.7782955,3.0
1770124764.7908444,3.0
1770124764.8031132,2.0
1770124764.8162751,3.0
1770124764.8288589,3.0
1770124764.8415706,3.0
1770124764.854248,3.0
1770124764.8668687,3.0
1770124764.8795252,3.0
1770124764.8920836,3.0
1770124764.904696,3.0
1770124764.9173307,3.0
1770124764.9298472,3.0
1770124764.9424171,3.0
1770124764.9550326,3.0
1770124764.967583,3.0
1770124764.9802248,3.0
1770124764.9930744,3.0
1770124765.005743,3.0
1770124765.0184507,3.0
1770124765.031102,3.0
1770124765.0436838,3.0
1770124765.0562255,3.0
1770124765.0688612,3.0
1770124765.081623,3.0
1770124765.0944698,3.0
1770124765.1070135,3.0
1770124765.1195493,3.0
1770124765.1321614,3.0
1770124765.1462362,3.0
1770124765.159216,3.0
1770124765.17232,3.0
1770124765.1850095,3.0
1770124765.197777,3.0
1770124765.2104673,3.0
1770124765.2231364,3.0
1770124765.2359252,3.0
1770124765.2488573,3.0
1770124765.2615914,3.0
1770124765.2744575,3.0
1770124765.2874918,3.0
1770124765.3004189,3.0
1770124765.3141599,3.0
1770124765.3271906,3.0
1770124765.3399515,3.0
1770124765.3532815,3.0
1770124765.3660471,3.0
1770124765.3788567,3.0
1770124765.3919463,3.0
1770124765.4048867,3.0
1770124765.4179382,3.0
1770124765.431112,3.0
1770124765.4442601,3.0
1770124765.457389,3.0
1770124765.4702616,3.0
1770124765.483295,3.0
1770124765.4964473,3.0
1770124765.5098042,3.0
1770124765.5226858,3.0
1770124765.535681,3.0
1770124765.5486941,3.0
1770124765.5614731,3.0
1770124765.5736392,1.0
1770124765.5876348,2.0
1770124765.6019464,2.0
1770124765.615144,3.0
1770124765.6281962,3.0
1770124765.6421757,3.0
1770124765.6578465,3.0
1770124765.6706977,3.0
1770124765.6834254,2.0
1770124765.6964588,3.0
1770124765.7100084,3.0
1770124765.7229328,3.0
1770124765.7358277,3.0
1770124765.7487419,3.0
1770124765.76166,3.0
1770124765.774858,3.0
1770124765.788017,3.0
1770124765.8011198,3.0
1770124765.8141057,3.0
1770124765.8273458,3.0
1770124765.840362,3.0
1770124765.8534293,3.0
1770124765.8665428,3.0
1770124765.8796568,3.0
1770124765.8927464,3.0
1770124765.9059403,3.0
1770124765.9190803,3.0
1770124765.9320397,3.0
1770124765.9449468,3.0
1770124765.9580595,3.0
1770124765.9710426,3.0
1770124765.9840798,3.0
1770124765.9970584,3.0
1770124766.0100133,3.0
1770124766.0232408,3.0
1770124766.036224,3.0
1770124766.0492191,3.0
1770124766.0621803,3.0
1770124766.075178,3.0
1770124766.0881205,3.0
1770124766.1011553,3.0
1770124766.114184,3.0
1770124766.1271036,3.0
1770124766.1401625,3.0
1770124766.154589,3.0
1770124766.1672423,3.0
1770124766.1800048,3.0
1770124766.1929924,3.0
1770124766.2059314,3.0
1770124766.2190056,3.0
1770124766.2320368,3.0
1770124766.2450292,3.0
1770124766.2580204,3.0
1770124766.2710702,3.0
1770124766.2840889,3.0
1770124766.2970865,3.0
1770124766.3101559,3.0
1770124766.3232028,3.0
1770124766.3361828,3.0
1770124766.3492534,3.0
1770124766.3622346,3.0
1770124766.3752282,3.0
1770124766.3883605,3.0
1770124766.4013908,3.0
1770124766.414328,3.0
1770124766.4274714,3.0
1770124766.4404447,3.0
1770124766.4535978,3.0
1770124766.4666812,3.0
1770124766.4799309,3.0
1770124766.4929597,3.0
1770124766.5059566,3.0
1770124766.5183675,2.0
1770124766.5401092,3.0
1770124766.5549214,2.0
1770124766.568518,2.0
1770124766.578926,1.0
1770124766.5889297,1.0
1770124766.602747,2.0
1770124766.6165135,2.0
1770124766.6293166,3.0
1770124766.6421442,3.0
1770124766.6553397,3.0
1770124766.6682293,3.0
1770124766.6816425,3.0
1770124766.69507,3.0
1770124766.7078614,3.0
1770124766.7209914,3.0
1770124766.734042,3.0
1770124766.7470987,3.0
1770124766.760249,3.0
1770124766.773376,3.0
1770124766.786554,3.0
1770124766.7994711,3.0
1770124766.8125474,3.0
1770124766.8254952,3.0
1770124766.8385603,3.0
1770124766.8516264,3.0
1770124766.8645682,3.0
1770124766.8785534,3.0
1770124766.8917487,3.0
1770124766.9045496,3.0
1770124766.9174666,3.0
1770124766.9311872,3.0
1770124766.9439528,3.0
1770124766.9585915,3.0
1770124766.9714437,3.0
1770124766.984312,3.0
1770124766.9971337,3.0
1770124767.0102384,3.0
1770124767.0233083,3.0
1770124767.036316,3.0
1770124767.049532,3.0
1770124767.062639,3.0
1770124767.0756829,3.0
1770124767.0892668,3.0
1770124767.1033049,3.0
1770124767.11613,3.0
1770124767.1288965,3.0
1770124767.1438715,3.0
1770124767.156798,3.0
1770124767.1697721,3.0
1770124767.1827202,3.0
1770124767.1956615,3.0
1770124767.2085521,3.0
1770124767.2217455,3.0
1770124767.2347121,3.0
1770124767.2481995,3.0
1770124767.2616146,3.0
1770124767.2744808,3.0
1770124767.287428,3.0
1770124767.300389,3.0
1770124767.3135667,3.0
1770124767.3265488,3.0
1770124767.3411832,1.0
1770124767.357432,1.0
1770124767.3694923,3.0
1770124767.382272,3.0
1770124767.3953233,3.0
1770124767.4083338,3.0
1770124767.42118,3.0
1770124767.4341097,3.0
1770124767.4472368,3.0
1770124767.4608257,3.0
1770124767.473724,3.0
1770124767.4870229,3.0
1770124767.5001657,3.0
1770124767.513286,3.0
1770124767.5261939,3.0
1770124767.539277,3.0
1770124767.5522943,3.0
1770124767.5625885,2.0
1770124767.5743809,2.0
1770124767.5861561,2.0
1770124767.5983233,2.0
1770124767.6106484,2.0
1770124767.6225305,2.0
1770124767.6378298,2.0
1770124767.6500022,2.0
1770124767.6617997,2.0
1770124767.6735847,2.0
1770124767.6856906,2.0
1770124767.6975079,2.0
1770124767.7093124,2.0
1770124767.7211504,2.0
1770124767.7329648,2.0
1770124767.7447946,2.0
1770124767.756591,2.0
1770124767.768414,2.0
1770124767.783903,1.0
1770124767.7993069,1.0
1770124767.8104432,2.0
1770124767.822001,2.0
1770124767.8338318,2.0
1770124767.8457348,2.0
1770124767.85758,2.0
1770124767.8694193,2.0
1770124767.88125,2.0
1770124767.893111,2.0
1770124767.9050016,2.0
1770124767.9168186,2.0
1770124767.9287221,2.0
1770124767.940555,2.0
1770124767.9524474,2.0
1770124767.9643135,2.0
1770124767.9761367,2.0
1770124767.9879942,2.0
1770124767.999844,2.0
1770124768.011705,2.0
1770124768.0241268,2.0
1770124768.0362594,2.0
1770124768.0481238,2.0
1770124768.0599616,2.0
1770124768.0718017,2.0
1770124768.0838816,2.0
1770124768.0957272,2.0
1770124768.1081505,2.0
1770124768.119822,2.0
1770124768.1314824,2.0
1770124768.1442256,2.0
1770124768.1563337,2.0
1770124768.1679804,2.0
1770124768.179682,2.0
1770124768.191378,2.0
1770124768.2030509,2.0
1770124768.2148855,2.0
1770124768.2265902,2.0
1770124768.2382882,2.0
1770124768.249956,2.0
1770124768.2616313,2.0
1770124768.2733066,2.0
1770124768.2849617,2.0
1770124768.2966459,2.0
1770124768.3083267,2.0
1770124768.3200054,2.0
1770124768.3317575,2.0
1770124768.3434465,2.0
1770124768.3551173,2.0
1770124768.366921,2.0
1770124768.3786108,2.0
1770124768.3902729,2.0
1770124768.4019806,2.0
1770124768.4136555,2.0
1770124768.4253528,2.0
1770124768.4370143,2.0
1770124768.449468,2.0
1770124768.4615674,2.0
1770124768.4732604,2.0
1770124768.4849331,2.0
1770124768.496618,2.0
1770124768.5084846,2.0
1770124768.5206444,2.0
1770124768.5323074,2.0
1770124768.544197,2.0
1770124768.555867,2.0
1770124768.5680385,2.0
1770124768.5799665,2.0
1770124768.5916402,2.0
1770124768.604111,2.0
1770124768.616404,2.0
1770124768.6282294,2.0
1770124768.6400445,2.0
1770124768.651956,2.0
1770124768.6639998,2.0
1770124768.6764498,2.0
1770124768.688556,2.0
1770124768.7008774,2.0
1770124768.7144017,2.0
1770124768.7263126,2.0
1770124768.738181,2.0
1770124768.7501335,2.0
1770124768.7619684,2.0
1770124768.7743294,2.0
1770124768.7861507,2.0
1770124768.7979977,2.0
1770124768.8098595,2.0
1770124768.821669,2.0
1770124768.8338134,2.0
1770124768.8460612,2.0
1770124768.857897,2.0
1770124768.8697681,2.0
1770124768.881641,2.0
1770124768.8935096,2.0
1770124768.9053774,2.0
1770124768.917205,2.0
1770124768.9290857,2.0
1770124768.9409337,2.0
1770124768.952766,2.0
1770124768.9645977,2.0
1770124768.9766595,2.0
1770124768.9885223,2.0
1770124769.0003965,2.0
1770124769.015731,2.0
1770124769.0280256,1.0
1770124769.050667,2.0
1770124769.0651395,1.0
1770124769.0785174,1.0
1770124769.0886679,1.0
1770124769.1037652,2.0
1770124769.1156492,2.0
1770124769.1275938,2.0
1770124769.1405694,2.0
1770124769.1536632,2.0
1770124769.165873,2.0
1770124769.1778803,2.0
1770124769.1897027,2.0
1770124769.2015548,2.0
1770124769.213469,2.0
1770124769.2253084,2.0
1770124769.2372396,2.0
1770124769.249057,2.0
1770124769.2608986,2.0
1770124769.272964,2.0
1770124769.2848597,2.0
1770124769.2967222,2.0
1770124769.3085616,2.0
1770124769.320411,2.0
1770124769.3320916,2.0
1770124769.3437798,2.0
1770124769.3554487,2.0
1770124769.3671165,2.0
1770124769.3787978,2.0
1770124769.3904796,2.0
1770124769.40217,2.0
1770124769.4138463,2.0
1770124769.4255059,2.0
1770124769.4371965,2.0
1770124769.4488711,2.0
1770124769.4609282,2.0
1770124769.472622,2.0
1770124769.4843583,2.0
1770124769.4960532,2.0
1770124769.5079095,2.0
1770124769.5195878,2.0
1770124769.5315473,2.0
1770124769.5432203,2.0
1770124769.5549178,2.0
1770124769.5665834,2.0
1770124769.578321,2.0
1770124769.590252,2.0
1770124769.6021235,2.0
1770124769.6140673,2.0
1770124769.6267135,2.0
1770124769.6385367,2.0
1770124769.6503785,2.0
1770124769.6622136,2.0
1770124769.6741583,2.0
1770124769.6862504,2.0
1770124769.6980453,2.0
1770124769.709902,2.0
1770124769.721712,2.0
1770124769.733665,2.0
1770124769.745478,2.0
1770124769.7572749,2.0
1770124769.775595,2.0
1770124769.7896461,2.0
1770124769.801281,2.0
1770124769.813062,2.0
1770124769.8251524,2.0
1770124769.8380504,2.0
1770124769.8498063,2.0
1770124769.8615525,2.0
1770124769.8733528,2.0
1770124769.8857093,2.0
1770124769.897476,2.0
1770124769.9092748,2.0
1770124769.921043,2.0
1770124769.932852,2.0
1770124769.9446063,2.0
1770124769.9563649,2.0
1770124769.968145,2.0
1770124769.9799337,2.0
1770124769.991936,2.0
1770124770.0037098,2.0
1770124770.0192666,1.0
1770124770.030873,1.0
1770124770.0473454,2.0
1770124770.0583394,1.0
1770124770.0705225,1.0
1770124770.0806882,1.0
1770124770.0961957,2.0
1770124770.1079266,2.0
1770124770.12129,2.0
1770124770.1346474,2.0
1770124770.148184,2.0
1770124770.159725,2.0
1770124770.171334,2.0
1770124770.182925,2.0
1770124770.1945398,2.0
1770124770.2061372,2.0
1770124770.2177858,2.0
1770124770.232137,2.0
1770124770.2438083,2.0
1770124770.255408,2.0
1770124770.2670126,2.0
1770124770.2786555,2.0
1770124770.290307,2.0
1770124770.301915,2.0
1770124770.3135273,2.0
1770124770.3251755,2.0
1770124770.3383162,2.0
1770124770.3499267,2.0
1770124770.361565,2.0
1770124770.373211,2.0
1770124770.3848329,2.0
1770124770.3964746,2.0
1770124770.4081867,2.0
1770124770.4198232,2.0
1770124770.4314942,2.0
1770124770.4431844,2.0
1770124770.4548433,2.0
1770124770.4667585,2.0
1770124770.4783854,2.0
1770124770.4900126,2.0
1770124770.50164,2.0
1770124770.513254,2.0
1770124770.5248933,2.0
1770124770.5367594,2.0
1770124770.5486016,2.0
1770124770.560249,2.0
1770124770.572011,2.0
1770124770.5837443,2.0
1770124770.5954719,2.0
1770124770.607519,2.0
1770124770.619257,2.0
1770124770.63102,2.0
1770124770.6428757,2.0
1770124770.6547396,2.0
1770124770.666522,2.0
1770124770.6785436,2.0
1770124770.6903877,2.0
1770124770.7023714,2.0
1770124770.7142084,2.0
1770124770.725953,2.0
1770124770.7376647,2.0
1770124770.7494333,2.0
1770124770.761208,2.0
1770124770.7729697,2.0
1770124770.7847497,2.0
1770124770.7965484,2.0
1770124770.8082755,2.0
1770124770.8201182,2.0
1770124770.8319092,2.0
1770124770.8437026,2.0
1770124770.855486,2.0
1770124770.8672807,2.0
1770124770.8790524,2.0
1770124770.8909338,2.0
1770124770.9027128,2.0
1770124770.914514,2.0
1770124770.9262614,2.0
1770124770.9380436,2.0
1770124770.949792,2.0
1770124770.9616122,2.0
1770124770.9733598,2.0
1770124770.9851444,2.0
1770124770.9969397,2.0
1770124771.0087452,2.0
1770124771.0205297,2.0
1770124771.032199,2.0
1770124771.043956,2.0
1770124771.0558746,2.0
1770124771.0676644,2.0
1770124771.0795314,2.0
1770124771.091325,2.0
1770124771.1031115,2.0
1770124771.1148975,2.0
1770124771.126725,2.0
1770124771.1418061,2.0
1770124771.1545975,2.0
1770124771.1662905,2.0
1770124771.1780348,2.0
1770124771.1897845,2.0
1770124771.2015793,2.0
1770124771.2135632,2.0
1770124771.2253864,2.0
1770124771.2372377,2.0
1770124771.249074,2.0
1770124771.260842,2.0
1770124771.2727692,2.0
1770124771.2845879,2.0
1770124771.296501,2.0
1770124771.3084548,2.0
1770124771.320239,2.0
1770124771.3320687,2.0
1770124771.3439062,2.0
1770124771.3558598,2.0
1770124771.3676348,2.0
1770124771.379426,2.0
1770124771.3912706,2.0
1770124771.4031405,2.0
1770124771.4150953,2.0
1770124771.4269683,2.0
1770124771.438808,2.0
1770124771.4506564,2.0
1770124771.462576,2.0
1770124771.4744534,2.0
1770124771.48628,2.0
1770124771.498453,2.0
1770124771.5102918,2.0
1770124771.5221176,2.0
1770124771.533982,2.0
1770124771.5458229,2.0
1770124771.5577319,2.0
1770124771.5695627,2.0
1770124771.5814028,2.0
1770124771.5932262,2.0
1770124771.6073682,2.0
1770124771.6192377,2.0
1770124771.631036,2.0
1770124771.6429706,2.0
1770124771.6549218,2.0
1770124771.6667643,2.0
1770124771.6788893,2.0
1770124771.690791,2.0
1770124771.7026312,2.0
1770124771.7144947,2.0
1770124771.726384,2.0
1770124771.738278,2.0
1770124771.7502348,2.0
1770124771.762198,2.0
1770124771.7740319,2.0
1770124771.7858782,2.0
1770124771.7977145,2.0
1770124771.8095844,2.0
1770124771.8215709,2.0
1770124771.8334856,2.0
1770124771.8454125,2.0
1770124771.857323,2.0
1770124771.8691802,2.0
1770124771.881007,2.0
1770124771.8928766,2.0
1770124771.90469,2.0
1770124771.9165204,2.0
1770124771.928384,2.0
1770124771.9401653,2.0
1770124771.9519806,2.0
1770124771.9638216,2.0
1770124771.9756663,2.0
1770124771.987526,2.0
1770124771.9993513,2.0
1770124772.0111825,2.0
1770124772.0230114,2.0
1770124772.034896,2.0
1770124772.0467787,2.0
1770124772.0587265,2.0
1770124772.0705397,2.0
1770124772.082215,2.0
1770124772.0940795,2.0
1770124772.1060092,2.0
1770124772.117819,2.0
1770124772.1296582,2.0
1770124772.1414726,2.0
1770124772.1541572,2.0
1770124772.1660585,2.0
1770124772.1779306,2.0
1770124772.1897757,2.0
1770124772.2018025,2.0
1770124772.2136261,2.0
1770124772.2254858,2.0
1770124772.2373273,2.0
1770124772.2491815,2.0
1770124772.2609954,2.0
1770124772.2728362,2.0
1770124772.2846897,2.0
1770124772.296506,2.0
1770124772.308315,2.0
1770124772.3201299,2.0
1770124772.3321126,2.0
1770124772.3439453,2.0
1770124772.3557749,2.0
1770124772.3676205,2.0
1770124772.3794298,2.0
1770124772.3912423,2.0
1770124772.403095,2.0
1770124772.414968,2.0
1770124772.4273648,2.0
1770124772.4391806,2.0
1770124772.4509864,2.0
1770124772.4630516,2.0
1770124772.4749582,2.0
1770124772.4867811,2.0
1770124772.4986088,2.0
1770124772.5104258,2.0
1770124772.5222552,2.0
1770124772.5340867,2.0
1770124772.5458832,2.0
1770124772.5577228,2.0
1770124772.5695715,2.0
1770124772.5813904,2.0
1770124772.5932493,2.0
1770124772.605736,2.0
1770124772.6176605,2.0
1770124772.6294699,2.0
1770124772.6415606,2.0
1770124772.6533692,2.0
1770124772.6652155,2.0
1770124772.6770735,2.0
1770124772.6890874,2.0
1770124772.7009614,2.0
1770124772.7129257,2.0
1770124772.7247777,2.0
1770124772.7365668,2.0
1770124772.7484345,2.0
1770124772.7603061,2.0
1770124772.7721517,2.0
1770124772.7839653,2.0
1770124772.7959118,2.0
1770124772.8077064,2.0
1770124772.8195415,2.0
1770124772.8313549,2.0
1770124772.8434079,2.0
1770124772.8552008,2.0
1770124772.867064,2.0
1770124772.8789127,2.0
1770124772.8907297,2.0
1770124772.9025807,2.0
1770124772.9144597,2.0
1770124772.9282286,2.0
1770124772.9482532,2.0
1770124772.9671955,2.0
1770124772.984316,2.0
1770124772.9943237,1.0
1770124773.0043344,1.0
1770124773.0231156,2.0
1770124773.035779,2.0
1770124773.0475235,2.0
1770124773.059319,2.0
1770124773.071107,2.0
1770124773.0830245,2.0
1770124773.0948212,2.0
1770124773.1066787,2.0
1770124773.1185024,2.0
1770124773.130358,2.0
1770124773.1435363,2.0
1770124773.1556778,2.0
1770124773.1674688,2.0
1770124773.1793053,2.0
1770124773.1912036,2.0
1770124773.2030203,2.0
1770124773.2146978,2.0
1770124773.2265632,2.0
1770124773.2384005,2.0
1770124773.250238,2.0
1770124773.2620888,2.0
1770124773.273905,2.0
1770124773.2857404,2.0
1770124773.2975667,2.0
1770124773.3094292,2.0
1770124773.3212352,2.0
1770124773.3330832,2.0
1770124773.3449728,2.0
1770124773.3569076,2.0
1770124773.3687503,2.0
1770124773.3805625,2.0
1770124773.3923817,2.0
1770124773.4041915,2.0
1770124773.4160533,2.0
1770124773.4277751,2.0
1770124773.4394696,2.0
1770124773.451468,2.0
1770124773.4633431,2.0
1770124773.475185,2.0
1770124773.4871004,2.0
1770124773.4989214,2.0
1770124773.5107455,2.0
1770124773.522557,2.0
1770124773.5343976,2.0
1770124773.5462308,2.0
1770124773.558097,2.0
1770124773.5700653,2.0
1770124773.5819292,2.0
1770124773.5937743,2.0
1770124773.6060455,2.0
1770124773.6183138,2.0
1770124773.630253,2.0
1770124773.642288,2.0
1770124773.654251,2.0
1770124773.667116,3.0
1770124773.6798913,3.0
1770124773.6930013,3.0
1770124773.7057176,3.0
1770124773.7184954,3.0
1770124773.7311828,3.0
1770124773.744218,3.0
1770124773.7569392,3.0
1770124773.7696836,3.0
1770124773.7830446,3.0
1770124773.7957175,3.0
1770124773.808517,3.0
1770124773.8215592,3.0
1770124773.8342404,3.0
1770124773.8469927,3.0
1770124773.8598704,3.0
1770124773.872591,3.0
1770124773.8852751,3.0
1770124773.8980067,3.0
1770124773.9106758,3.0
1770124773.923465,3.0
1770124773.9361694,3.0
1770124773.9489434,3.0
1770124773.9616716,3.0
1770124773.9744203,3.0
1770124773.9871435,3.0
1770124773.9998932,3.0
1770124774.012585,3.0
1770124774.025331,3.0
1770124774.0418186,3.0
1770124774.0557768,3.0
1770124774.0684187,3.0
1770124774.081095,3.0
1770124774.0937912,3.0
1770124774.1065211,3.0
1770124774.119229,3.0
1770124774.1320078,3.0
1770124774.1463184,3.0
1770124774.1593614,3.0
1770124774.1721728,3.0
1770124774.1848752,3.0
1770124774.1976771,3.0
1770124774.2103987,3.0
1770124774.2230823,3.0
1770124774.2359095,3.0
1770124774.2486696,3.0
1770124774.261385,3.0
1770124774.274185,3.0
1770124774.2869246,3.0
1770124774.2996473,3.0
1770124774.3124585,3.0
1770124774.3251553,3.0
1770124774.3379679,3.0
1770124774.3506265,3.0
1770124774.3633327,3.0
1770124774.3761208,3.0
1770124774.3888624,3.0
1770124774.4016218,3.0
1770124774.4143195,3.0
1770124774.4271135,3.0
1770124774.4400773,3.0
1770124774.4528124,3.0
1770124774.4656906,3.0
1770124774.4784822,3.0
1770124774.4912267,3.0
1770124774.5039592,3.0
1770124774.5167258,3.0
1770124774.5294445,3.0
1770124774.5421665,3.0
1770124774.554948,3.0
1770124774.5677552,3.0
1770124774.580501,3.0
1770124774.5931952,3.0
1770124774.6063247,3.0
1770124774.618946,3.0
1770124774.6317387,3.0
1770124774.644697,3.0
1770124774.6573644,3.0
1770124774.6705933,3.0
1770124774.6835265,3.0
1770124774.696191,3.0
1770124774.7094738,3.0
1770124774.7221658,3.0
1770124774.7353096,3.0
1770124774.7481067,3.0
1770124774.7608047,3.0
1770124774.7737103,3.0
1770124774.786492,3.0
1770124774.799193,3.0
1770124774.811857,3.0
1770124774.8245652,3.0
1770124774.8373792,3.0
1770124774.8500896,3.0
1770124774.8629086,3.0
1770124774.8755934,3.0
1770124774.8883162,3.0
1770124774.9010715,3.0
1770124774.9138322,3.0
1770124774.9266284,3.0
1770124774.9394286,3.0
1770124774.9521866,3.0
1770124774.9649127,3.0
1770124774.9776294,3.0
1770124774.990489,3.0
1770124775.0032434,3.0
1770124775.0160818,3.0
1770124775.0288424,3.0
1770124775.0416722,3.0
1770124775.0543773,3.0
1770124775.0671713,3.0
1770124775.079826,3.0
1770124775.092555,3.0
1770124775.1053226,3.0
1770124775.1180084,3.0
1770124775.1307955,3.0
1770124775.1448536,3.0
1770124775.1579337,3.0
1770124775.1705418,3.0
1770124775.1832373,3.0
1770124775.1959565,3.0
1770124775.2087514,3.0
1770124775.2215316,3.0
1770124775.2343411,3.0
1770124775.2470217,3.0
1770124775.2599647,3.0
1770124775.272729,3.0
1770124775.285437,3.0
1770124775.2981558,3.0
1770124775.3108337,3.0
1770124775.3235307,3.0
1770124775.336217,3.0
1770124775.3491282,3.0
1770124775.3618517,3.0
1770124775.374606,3.0
1770124775.387403,3.0
1770124775.400098,3.0
1770124775.4129307,3.0
1770124775.4256678,3.0
1770124775.4383762,3.0
1770124775.451169,3.0
1770124775.4640405,3.0
1770124775.476872,3.0
1770124775.489625,3.0
1770124775.5023792,3.0
1770124775.5152462,3.0
1770124775.5279458,3.0
1770124775.5406542,3.0
1770124775.5534046,3.0
1770124775.5662708,3.0
1770124775.5789793,3.0
1770124775.5918505,3.0
1770124775.6049607,3.0
1770124775.617895,3.0
1770124775.63074,3.0
1770124775.6435835,3.0
1770124775.6563997,3.0
1770124775.6691072,3.0
1770124775.6820257,3.0
1770124775.694841,3.0
1770124775.70747,3.0
1770124775.720135,3.0
1770124775.7329066,3.0
1770124775.7455666,3.0
1770124775.758376,3.0
1770124775.7711375,3.0
1770124775.7837765,3.0
1770124775.796779,3.0
1770124775.809682,3.0
1770124775.8225121,3.0
1770124775.8354518,3.0
1770124775.8485222,3.0
1770124775.8616843,3.0
1770124775.8745615,3.0
1770124775.8875804,3.0
1770124775.9006987,3.0
1770124775.9135747,3.0
1770124775.9266071,3.0
1770124775.939711,3.0
1770124775.9526935,3.0
1770124775.965583,3.0
1770124775.978563,3.0
1770124775.991595,3.0
1770124776.004672,3.0
1770124776.017704,3.0
1770124776.0306642,3.0
1770124776.0435565,3.0
1770124776.0565548,3.0
1770124776.0695152,3.0
1770124776.0826323,3.0
1770124776.0954251,3.0
1770124776.1084979,3.0
1770124776.1213536,3.0
1770124776.1343095,3.0
1770124776.1488872,3.0
1770124776.1617258,3.0
1770124776.1745484,3.0
1770124776.1873915,3.0
1770124776.2002573,3.0
1770124776.2130985,3.0
1770124776.225929,3.0
1770124776.239067,3.0
1770124776.2520466,3.0
1770124776.26509,3.0
1770124776.2781014,3.0
1770124776.2911875,3.0
1770124776.304024,3.0
1770124776.3173602,3.0
1770124776.330531,3.0
1770124776.3434534,3.0
1770124776.356832,3.0
1770124776.3696446,3.0
1770124776.382698,3.0
1770124776.3955312,3.0
1770124776.4088192,3.0
1770124776.4216335,3.0
1770124776.4347565,3.0
1770124776.4478464,3.0
1770124776.4611475,3.0
1770124776.4739664,3.0
1770124776.4870384,3.0
1770124776.5000978,3.0
1770124776.5129342,3.0
1770124776.525935,3.0
1770124776.5388901,3.0
1770124776.55191,3.0
1770124776.564928,3.0
1770124776.5787306,3.0
1770124776.5915444,3.0
1770124776.6051223,3.0
1770124776.6178946,3.0
1770124776.630871,3.0
1770124776.6442287,3.0
1770124776.6570024,3.0
1770124776.6701102,3.0
1770124776.683273,3.0
1770124776.696181,3.0
1770124776.7092948,3.0
1770124776.7227268,3.0
1770124776.7359533,3.0
1770124776.7498083,3.0
1770124776.7625651,3.0
1770124776.7752678,3.0
1770124776.7882147,3.0
1770124776.8012276,3.0
1770124776.8141353,3.0
1770124776.8268893,3.0
1770124776.8397968,3.0
1770124776.8526988,3.0
1770124776.865774,3.0
1770124776.878683,3.0
1770124776.8916323,3.0
1770124776.9044626,3.0
1770124776.9173534,3.0
1770124776.9303875,3.0
1770124776.943232,3.0
1770124776.9562185,3.0
1770124776.9691398,3.0
1770124776.9821396,3.0
1770124776.995078,3.0
1770124777.0079708,3.0
1770124777.0208354,3.0
1770124777.033812,3.0
1770124777.0467336,3.0
1770124777.0596442,3.0
1770124777.0725462,3.0
1770124777.085552,3.0
1770124777.0984592,3.0
1770124777.1115355,3.0
1770124777.1244283,3.0
1770124777.137353,3.0
1770124777.1512864,3.0
1770124777.1645894,3.0
1770124777.177266,3.0
1770124777.1899843,3.0
1770124777.203022,3.0
1770124777.21586,3.0
1770124777.22884,3.0
1770124777.241695,3.0
1770124777.2547138,3.0
1770124777.2675505,3.0
1770124777.2804854,3.0
1770124777.2933714,3.0
1770124777.3062623,3.0
1770124777.3191335,3.0
1770124777.3319983,3.0
1770124777.3450522,3.0
1770124777.3581932,3.0
1770124777.3710947,3.0
1770124777.3837893,3.0
1770124777.3968253,3.0
1770124777.409579,3.0
1770124777.4224837,3.0
1770124777.4354813,3.0
1770124777.44861,3.0
1770124777.461482,3.0
1770124777.4743547,3.0
1770124777.4874518,3.0
1770124777.5001848,3.0
1770124777.5131354,3.0
1770124777.526026,3.0
1770124777.5390427,3.0
1770124777.5520551,3.0
1770124777.56501,3.0
1770124777.577804,3.0
1770124777.590689,3.0
1770124777.6043794,3.0
1770124777.6171515,3.0
1770124777.6300619,3.0
1770124777.6432853,3.0
1770124777.6562753,3.0
1770124777.6690261,3.0
1770124777.6800485,2.0
1770124777.6926923,3.0
1770124777.7054393,3.0
1770124777.7181277,3.0
1770124777.7307904,3.0
1770124777.7435338,3.0
1770124777.7565053,3.0
1770124777.7695284,3.0
1770124777.782469,3.0
1770124777.7954273,3.0
1770124777.8082795,3.0
1770124777.8212512,3.0
1770124777.834208,3.0
1770124777.84754,3.0
1770124777.8603635,3.0
1770124777.8733444,3.0
1770124777.8862774,3.0
1770124777.8991373,3.0
1770124777.912216,3.0
1770124777.9251142,3.0
1770124777.937981,3.0
1770124777.9509563,3.0
1770124777.965521,3.0
1770124777.9773703,2.0
1770124777.989191,2.0
1770124778.001051,2.0
1770124778.0129478,2.0
1770124778.024773,2.0
1770124778.0366168,2.0
1770124778.048473,2.0
1770124778.0603278,2.0
1770124778.0722134,2.0
1770124778.084056,2.0
1770124778.0959153,2.0
1770124778.1077864,2.0
1770124778.119691,2.0
1770124778.131555,2.0
1770124778.1446335,2.0
1770124778.1565924,2.0
1770124778.1684744,2.0
1770124778.1805937,2.0
1770124778.1924555,2.0
1770124778.2043347,2.0
1770124778.2162423,2.0
1770124778.228458,2.0
1770124778.240365,2.0
1770124778.2522373,2.0
1770124778.264456,2.0
1770124778.2763116,2.0
1770124778.2881844,2.0
1770124778.300104,2.0
1770124778.3119845,2.0
1770124778.3238864,2.0
1770124778.3357813,2.0
1770124778.3476715,2.0
1770124778.3595734,2.0
1770124778.3714616,2.0
1770124778.3833523,2.0
1770124778.3952007,2.0
1770124778.407073,2.0
1770124778.418936,2.0
1770124778.430802,2.0
1770124778.4428082,2.0
1770124778.4547513,2.0
1770124778.4666276,2.0
1770124778.4793434,2.0
1770124778.491212,2.0
1770124778.5031154,2.0
1770124778.5150092,2.0
1770124778.5269408,2.0
1770124778.5387013,2.0
1770124778.5505865,2.0
1770124778.5624983,2.0
1770124778.5743842,2.0
1770124778.5862393,2.0
1770124778.598117,2.0
1770124778.6101093,2.0
1770124778.6220977,2.0
1770124778.6339273,2.0
1770124778.6458974,2.0
1770124778.657746,2.0
1770124778.6695912,2.0
1770124778.6815155,2.0
1770124778.6934197,2.0
1770124778.7053099,2.0
1770124778.7173133,2.0
1770124778.7291684,2.0
1770124778.74116,2.0
1770124778.7530916,2.0
1770124778.7654297,2.0
1770124778.7772512,2.0
1770124778.7891886,2.0
1770124778.8010657,2.0
1770124778.812951,2.0
1770124778.8248284,2.0
1770124778.8367214,2.0
1770124778.8485994,2.0
1770124778.860492,2.0
1770124778.872361,2.0
1770124778.8842037,2.0
1770124778.896079,2.0
1770124778.907933,2.0
1770124778.9197834,2.0
1770124778.931642,2.0
1770124778.9435017,2.0
1770124778.9555159,2.0
1770124778.967361,2.0
1770124778.9791963,2.0
1770124778.9910872,2.0
1770124779.0030892,2.0
1770124779.0149543,2.0
1770124779.026793,2.0
1770124779.0386407,2.0
1770124779.0505297,2.0
1770124779.062403,2.0
1770124779.074248,2.0
1770124779.0860918,2.0
1770124779.0979583,2.0
1770124779.1097956,2.0
1770124779.1216228,2.0
1770124779.1334546,2.0
1770124779.146478,2.0
1770124779.1584241,2.0
1770124779.1702437,2.0
1770124779.1821167,2.0
1770124779.1939533,2.0
1770124779.2057831,2.0
1770124779.2177618,2.0
1770124779.2295895,2.0
1770124779.2414176,2.0
1770124779.2532885,2.0
1770124779.2652378,2.0
1770124779.2770877,2.0
1770124779.288912,2.0
1770124779.300757,2.0
1770124779.312756,2.0
1770124779.3246186,2.0
1770124779.3364244,2.0
1770124779.3482404,2.0
1770124779.360147,2.0
1770124779.3719926,2.0
1770124779.383819,2.0
1770124779.3956418,2.0
1770124779.4076817,2.0
1770124779.419508,2.0
1770124779.4313273,2.0
1770124779.4432309,2.0
1770124779.4550753,2.0
1770124779.4669688,2.0
1770124779.4789248,2.0
1770124779.4907713,2.0
1770124779.502609,2.0
1770124779.5145118,2.0
1770124779.5264325,2.0
1770124779.5382714,2.0
1770124779.5501359,2.0
1770124779.5621614,2.0
1770124779.5740142,2.0
1770124779.5858426,2.0
1770124779.5977013,2.0
1770124779.6100194,2.0
1770124779.6218557,2.0
1770124779.6337247,2.0
1770124779.645661,2.0
1770124779.6575983,2.0
1770124779.6694877,2.0
1770124779.6814735,2.0
1770124779.6932702,2.0
1770124779.7051032,2.0
1770124779.7169478,2.0
1770124779.7290611,2.0
1770124779.7408893,2.0
1770124779.7527175,2.0
1770124779.7648332,2.0
1770124779.7766654,2.0
1770124779.788699,2.0
1770124779.800528,2.0
1770124779.8123636,2.0
1770124779.8242588,2.0
1770124779.8360894,2.0
1770124779.8479557,2.0
1770124779.8598285,2.0
1770124779.8717043,2.0
1770124779.8835313,2.0
1770124779.8954349,2.0
1770124779.907315,2.0
1770124779.9191518,2.0
1770124779.9310865,2.0
1770124779.942954,2.0
1770124779.9548342,2.0
1770124779.966752,2.0
1770124779.9786026,2.0
1770124779.9904387,2.0
1770124780.0023065,2.0
1770124780.014143,2.0
1770124780.0260408,2.0
1770124780.0379007,2.0
1770124780.0497997,2.0
1770124780.0616415,2.0
1770124780.073368,2.0
1770124780.0852087,2.0
1770124780.0970352,2.0
1770124780.1090007,2.0
1770124780.1208234,2.0
1770124780.1326778,2.0
1770124780.1445918,2.0
1770124780.156721,2.0
1770124780.1686807,2.0
1770124780.1805143,2.0
1770124780.192354,2.0
1770124780.2042842,2.0
1770124780.2161374,2.0
1770124780.2279818,2.0
1770124780.239828,2.0
1770124780.2518013,2.0
1770124780.2636554,2.0
1770124780.275484,2.0
1770124780.2873905,2.0
1770124780.2992182,2.0
1770124780.311056,2.0
1770124780.3230143,2.0
1770124780.3349288,2.0
1770124780.3467627,2.0
1770124780.358643,2.0
1770124780.3704696,2.0
1770124780.382368,2.0
1770124780.3942108,2.0
1770124780.4060626,2.0
1770124780.4178967,2.0
1770124780.4297402,2.0
1770124780.4416046,2.0
1770124780.4534636,2.0
1770124780.46536,2.0
1770124780.477457,2.0
1770124780.4893737,2.0
1770124780.5012033,2.0
1770124780.5130749,2.0
1770124780.5249357,2.0
1770124780.536759,2.0
1770124780.5485988,2.0
1770124780.560508,2.0
1770124780.572396,2.0
1770124780.5842438,2.0
1770124780.5960846,2.0
1770124780.608206,2.0
1770124780.6200438,2.0
1770124780.6319115,2.0
1770124780.6438158,2.0
1770124780.6556835,2.0
1770124780.6675959,2.0
1770124780.679538,2.0
1770124780.6914413,2.0
1770124780.7032573,2.0
1770124780.7152896,2.0
1770124780.7271335,2.0
1770124780.7389748,2.0
1770124780.7508833,2.0
1770124780.76277,2.0
1770124780.774607,2.0
1770124780.7864265,2.0
1770124780.7982428,2.0
1770124780.8101296,2.0
1770124780.8220243,2.0
1770124780.8338633,2.0
1770124780.8457139,2.0
1770124780.8577569,2.0
1770124780.8696516,2.0
1770124780.8817365,2.0
1770124780.8935606,2.0
1770124780.905388,2.0
1770124780.9171999,2.0
1770124780.9290411,2.0
1770124780.9409113,2.0
1770124780.9527915,2.0
1770124780.964735,2.0
1770124780.9766023,2.0
1770124780.9884524,2.0
1770124781.0002427,2.0
1770124781.0145357,2.0
1770124781.0273445,1.0
1770124781.038914,2.0
1770124781.0507345,2.0
1770124781.0626528,2.0
1770124781.0746114,2.0
1770124781.0864906,2.0
1770124781.0983806,2.0
1770124781.1103077,2.0
1770124781.1221929,2.0
1770124781.1340582,2.0
1770124781.1464348,2.0
1770124781.1585016,2.0
1770124781.1704094,2.0
1770124781.1822853,2.0
1770124781.1941586,2.0
1770124781.2060254,2.0
1770124781.2179842,2.0
1770124781.2299714,2.0
1770124781.2419307,2.0
1770124781.2538714,2.0
1770124781.2658508,2.0
1770124781.2779346,2.0
1770124781.2899003,2.0
1770124781.3018837,2.0
1770124781.313852,2.0
1770124781.3258336,2.0
1770124781.3377557,2.0
1770124781.3497086,2.0
1770124781.361642,2.0
1770124781.373603,2.0
1770124781.3855581,2.0
1770124781.3975136,2.0
1770124781.409435,2.0
1770124781.4213834,2.0
1770124781.4333494,2.0
1770124781.4452631,2.0
1770124781.4573455,2.0
1770124781.4692314,2.0
1770124781.481157,2.0
1770124781.4931328,2.0
1770124781.5050719,2.0
1770124781.5170324,2.0
1770124781.5289867,2.0
1770124781.5409236,2.0
1770124781.5528312,2.0
1770124781.5648773,2.0
1770124781.5768328,2.0
1770124781.588812,2.0
1770124781.6011546,2.0
1770124781.6132505,2.0
1770124781.6251645,2.0
1770124781.6370964,2.0
1770124781.649131,2.0
1770124781.6609697,2.0
1770124781.672914,2.0
1770124781.6850185,2.0
1770124781.6969397,2.0
1770124781.7088895,2.0
1770124781.720837,2.0
1770124781.7327766,2.0
1770124781.744754,2.0
1770124781.7567372,2.0
1770124781.768782,2.0
1770124781.7807617,2.0
1770124781.7927284,2.0
1770124781.8047,2.0
1770124781.8166811,2.0
1770124781.828615,2.0
1770124781.8405607,2.0
1770124781.8525696,2.0
1770124781.8645108,2.0
1770124781.876463,2.0
1770124781.8884037,2.0
1770124781.9003665,2.0
1770124781.912305,2.0
1770124781.924274,2.0
1770124781.9361894,2.0
1770124781.9481223,2.0
1770124781.9601383,2.0
1770124781.9720826,2.0
1770124781.9840376,2.0
1770124781.9959753,2.0
1770124782.0078816,2.0
1770124782.0197935,2.0
1770124782.0317686,2.0
1770124782.043525,2.0
1770124782.055433,2.0
1770124782.0673892,2.0
1770124782.0793366,2.0
1770124782.091277,2.0
1770124782.1032376,2.0
1770124782.115209,2.0
1770124782.1271288,2.0
1770124782.139123,2.0
1770124782.1525264,2.0
1770124782.1642299,2.0
1770124782.1759734,2.0
1770124782.187711,2.0
1770124782.199517,2.0
1770124782.2113478,2.0
1770124782.2230878,2.0
1770124782.23498,2.0
1770124782.2466955,2.0
1770124782.2584395,2.0
1770124782.2701883,2.0
1770124782.282271,2.0
1770124782.2940185,2.0
1770124782.305925,2.0
1770124782.3176582,2.0
1770124782.3298078,2.0
1770124782.3415775,2.0
1770124782.3533082,2.0
1770124782.365377,2.0
1770124782.3771203,2.0
1770124782.3888555,2.0
1770124782.4006224,2.0
1770124782.4123662,2.0
1770124782.4240956,2.0
1770124782.4358406,2.0
1770124782.4476173,2.0
1770124782.4593587,2.0
1770124782.4711974,2.0
1770124782.4829452,2.0
1770124782.4946954,2.0
1770124782.5064433,2.0
1770124782.5181634,2.0
1770124782.5299203,2.0
1770124782.541648,2.0
1770124782.553437,2.0
1770124782.5651789,2.0
1770124782.5773435,2.0
1770124782.5891063,2.0
1770124782.6013274,2.0
1770124782.6132164,2.0
1770124782.6249936,2.0
1770124782.6367345,2.0
1770124782.648548,2.0
1770124782.660252,2.0
1770124782.6721146,2.0
1770124782.684039,2.0
1770124782.6958346,2.0
1770124782.7075853,2.0
1770124782.7195776,2.0
1770124782.731372,2.0
1770124782.7431226,2.0
1770124782.7548368,2.0
1770124782.7667994,2.0
1770124782.778594,2.0
1770124782.7904913,2.0
1770124782.8022652,2.0
1770124782.814104,2.0
1770124782.8259363,2.0
1770124782.8377798,2.0
1770124782.8497918,2.0
1770124782.8618848,2.0
1770124782.873744,2.0
1770124782.8855736,2.0
1770124782.8974242,2.0
1770124782.9092278,2.0
1770124782.9210424,2.0
1770124782.9329836,2.0
1770124782.9447567,2.0
1770124782.956546,2.0
1770124782.9683766,2.0
1770124782.9801884,2.0
1770124782.991997,2.0
1770124783.0038354,2.0
1770124783.0158293,2.0
1770124783.0276237,2.0
1770124783.039419,2.0
1770124783.0512238,2.0
1770124783.0630999,2.0
1770124783.0749497,2.0
1770124783.0867848,2.0
1770124783.0985773,2.0
1770124783.1103911,2.0
1770124783.1222453,2.0
1770124783.1340663,2.0
1770124783.1472192,2.0
1770124783.1591835,2.0
1770124783.1709342,2.0
1770124783.1828897,2.0
1770124783.1947312,2.0
1770124783.2065344,2.0
1770124783.2183716,2.0
1770124783.2302415,2.0
1770124783.2420688,2.0
1770124783.253929,2.0
1770124783.265745,2.0
1770124783.2775278,2.0
1770124783.2893524,2.0
1770124783.3012145,2.0
1770124783.3130276,2.0
1770124783.3247585,2.0
1770124783.3366106,2.0
1770124783.3483942,2.0
1770124783.3601856,2.0
1770124783.3721175,2.0
1770124783.3839483,2.0
1770124783.3957589,2.0
1770124783.4075267,2.0
1770124783.4193544,2.0
1770124783.4311633,2.0
1770124783.4430907,2.0
1770124783.454881,2.0
1770124783.4667299,2.0
1770124783.478569,2.0
1770124783.490381,2.0
1770124783.5021782,2.0
1770124783.513991,2.0
1770124783.525737,2.0
1770124783.5375252,2.0
1770124783.5493314,2.0
1770124783.5613437,2.0
1770124783.5731544,2.0
1770124783.5849907,2.0
1770124783.5968027,2.0
1770124783.6090143,2.0
1770124783.620909,2.0
1770124783.6327045,2.0
1770124783.6445875,2.0
1770124783.6563914,2.0
1770124783.6681852,2.0
1770124783.68025,2.0
1770124783.692013,2.0
1770124783.7037992,2.0
1770124783.7156048,2.0
1770124783.7273867,2.0
1770124783.739206,2.0
1770124783.7511694,2.0
1770124783.7629879,2.0
1770124783.7748013,2.0
1770124783.7866087,2.0
1770124783.7984438,2.0
1770124783.810225,2.0
1770124783.822086,2.0
1770124783.8339396,2.0
1770124783.8458211,2.0
1770124783.8576825,2.0
1770124783.869521,2.0
1770124783.881393,2.0
1770124783.893197,2.0
1770124783.9050074,2.0
1770124783.9167964,2.0
1770124783.9295833,3.0
1770124783.9423993,3.0
1770124783.9550629,3.0
1770124783.9676888,3.0
1770124783.9803984,3.0
1770124783.993063,3.0
1770124784.0057065,3.0
1770124784.018308,3.0
1770124784.0308948,3.0
1770124784.043565,3.0
1770124784.0561447,3.0
1770124784.0687437,3.0
1770124784.0814757,3.0
1770124784.0941246,3.0
1770124784.106924,3.0
1770124784.1195285,3.0
1770124784.1320987,3.0
1770124784.1461327,3.0
1770124784.1592252,3.0
1770124784.1718948,3.0
1770124784.184597,3.0
1770124784.1974413,3.0
1770124784.2101018,3.0
1770124784.2228577,3.0
1770124784.2355857,3.0
1770124784.2482638,3.0
1770124784.2611532,3.0
1770124784.2738693,3.0
1770124784.2866037,3.0
1770124784.2994025,3.0
1770124784.312098,3.0
1770124784.3247764,3.0
1770124784.3375072,3.0
1770124784.3503726,3.0
1770124784.3631787,3.0
1770124784.3759308,3.0
1770124784.3886008,3.0
1770124784.401202,3.0
1770124784.4138415,3.0
1770124784.4265609,3.0
1770124784.43937,3.0
1770124784.452087,3.0
1770124784.465092,3.0
1770124784.4778607,3.0
1770124784.4905994,3.0
1770124784.503344,3.0
1770124784.516032,3.0
1770124784.5291119,3.0
1770124784.5418174,3.0
1770124784.5544412,3.0
1770124784.5671759,3.0
1770124784.5798883,3.0
1770124784.592678,3.0
1770124784.605733,3.0
1770124784.6185827,3.0
1770124784.6312785,3.0
1770124784.6443136,3.0
1770124784.6569388,3.0
1770124784.6696744,3.0
1770124784.6827073,3.0
1770124784.6954787,3.0
1770124784.7087204,3.0
1770124784.7216008,3.0
1770124784.7347567,3.0
1770124784.7474003,3.0
1770124784.7601426,3.0
1770124784.7731905,3.0
1770124784.787692,3.0
1770124784.800243,3.0
1770124784.8128462,3.0
1770124784.8254673,3.0
1770124784.8380983,3.0
1770124784.8507204,3.0
1770124784.863566,3.0
1770124784.8762138,3.0
1770124784.8919518,2.0
1770124784.905209,2.0
1770124784.9174426,3.0
1770124784.9300463,3.0
1770124784.94264,3.0
1770124784.9552789,3.0
1770124784.9678977,3.0
1770124784.9805672,3.0
1770124784.9931452,3.0
1770124785.0057983,3.0
1770124785.0183716,3.0
1770124785.0309665,3.0
1770124785.0436969,3.0
1770124785.056604,3.0
1770124785.069214,3.0
1770124785.0820498,3.0
1770124785.0947297,3.0
1770124785.1132052,2.0
1770124785.1253405,3.0
1770124785.137898,3.0
1770124785.1521757,3.0
1770124785.1647534,3.0
1770124785.177439,3.0
1770124785.190047,3.0
1770124785.2027342,3.0
1770124785.215478,3.0
1770124785.228159,3.0
1770124785.2408726,3.0
1770124785.2535508,3.0
1770124785.2662768,3.0
1770124785.278969,3.0
1770124785.2917557,3.0
1770124785.3046207,3.0
1770124785.3146703,2.0
1770124785.325727,2.0
1770124785.3383813,3.0
1770124785.3510725,3.0
1770124785.3637018,3.0
1770124785.3763626,3.0
1770124785.3891134,3.0
1770124785.401714,3.0
1770124785.414568,3.0
1770124785.4251933,2.0
1770124785.4380946,3.0
1770124785.4506595,3.0
1770124785.4635189,3.0
1770124785.47614,3.0
1770124785.4888155,3.0
1770124785.501615,3.0
1770124785.514226,3.0
1770124785.526874,3.0
1770124785.539481,3.0
1770124785.5521142,3.0
1770124785.564717,3.0
1770124785.5775583,3.0
1770124785.5902574,3.0
1770124785.6035326,3.0
1770124785.6162288,3.0
1770124785.629077,3.0
1770124785.641822,3.0
1770124785.65457,3.0
1770124785.667201,3.0
1770124785.6804464,3.0
1770124785.6930532,3.0
1770124785.7056375,3.0
1770124785.7182608,3.0
1770124785.7308583,3.0
1770124785.7434657,3.0
1770124785.7560656,3.0
1770124785.7687802,3.0
1770124785.7814627,3.0
1770124785.794085,3.0
1770124785.8066914,3.0
1770124785.8193145,3.0
1770124785.831933,3.0
1770124785.8445547,3.0
1770124785.8571737,3.0
1770124785.8698008,3.0
1770124785.88246,3.0
1770124785.8951528,3.0
1770124785.907743,3.0
1770124785.9203932,3.0
1770124785.933007,3.0
1770124785.9456804,3.0
1770124785.9582682,3.0
1770124785.970982,3.0
1770124785.9837015,3.0
1770124785.9963806,3.0
1770124786.0090065,3.0
1770124786.0216162,3.0
1770124786.0342355,3.0
1770124786.046936,3.0
1770124786.0596263,3.0
1770124786.07256,3.0
1770124786.0855484,3.0
1770124786.0984137,3.0
1770124786.111227,3.0
1770124786.1240764,3.0
1770124786.1373293,3.0
1770124786.147734,2.0
1770124786.1604428,3.0
1770124786.1731863,3.0
1770124786.1860213,3.0
1770124786.1989253,3.0
1770124786.2119708,3.0
1770124786.2249184,3.0
1770124786.237726,3.0
1770124786.250747,3.0
1770124786.263726,3.0
1770124786.2768817,3.0
1770124786.2898557,3.0
1770124786.3027136,3.0
1770124786.31562,3.0
1770124786.3286302,3.0
1770124786.3415291,3.0
1770124786.3543828,3.0
1770124786.3674035,3.0
1770124786.3801887,3.0
1770124786.3931897,3.0
1770124786.4060798,3.0
1770124786.41904,3.0
1770124786.4318604,3.0
1770124786.4449482,3.0
1770124786.457729,3.0
1770124786.4706442,3.0
1770124786.4835799,3.0
1770124786.4965565,3.0
1770124786.509536,3.0
1770124786.5224552,3.0
1770124786.5351818,3.0
1770124786.5482345,3.0
1770124786.5612442,3.0
1770124786.5741694,3.0
1770124786.5872757,3.0
1770124786.6008797,3.0
1770124786.6140416,3.0
1770124786.6267757,3.0
1770124786.6400611,3.0
1770124786.6529775,3.0
1770124786.6658392,3.0
1770124786.6789503,3.0
1770124786.6919568,3.0
1770124786.7050138,3.0
1770124786.7178555,3.0
1770124786.7310953,3.0
1770124786.7438343,3.0
1770124786.7568183,3.0
1770124786.7696502,3.0
1770124786.7825708,3.0
1770124786.795433,3.0
1770124786.8085253,3.0
1770124786.821479,3.0
1770124786.8343594,3.0
1770124786.8481576,3.0
1770124786.8610504,3.0
1770124786.8738923,3.0
1770124786.8866522,3.0
1770124786.8996751,3.0
1770124786.9125447,3.0
1770124786.9254599,3.0
1770124786.9384372,3.0
1770124786.9520302,3.0
1770124786.964706,3.0
1770124786.9775085,3.0
1770124786.9903753,3.0
1770124787.0033913,3.0
1770124787.0162184,3.0
1770124787.029139,3.0
1770124787.0419874,3.0
1770124787.0549078,3.0
1770124787.067884,3.0
1770124787.0807598,3.0
1770124787.0938275,3.0
1770124787.106759,3.0
1770124787.1196625,3.0
1770124787.1325378,3.0
1770124787.1462338,3.0
1770124787.159601,3.0
1770124787.1721587,3.0
1770124787.1849208,3.0
1770124787.1978579,3.0
1770124787.2106571,3.0
1770124787.2235787,3.0
1770124787.2363455,3.0
1770124787.2491498,3.0
1770124787.2621443,3.0
1770124787.2750611,3.0
1770124787.28797,3.0
1770124787.3007724,3.0
1770124787.3135345,3.0
1770124787.3263533,3.0
1770124787.3393102,3.0
1770124787.3522289,3.0
1770124787.3648992,3.0
1770124787.37779,3.0
1770124787.3906162,3.0
1770124787.4034755,3.0
1770124787.4163675,3.0
1770124787.4291458,3.0
1770124787.4418368,3.0
1770124787.4547834,3.0
1770124787.4677155,3.0
1770124787.480542,3.0
1770124787.4935994,3.0
1770124787.5063932,3.0
1770124787.5192924,3.0
1770124787.5321646,3.0
1770124787.5449405,3.0
1770124787.5578072,3.0
1770124787.5707252,3.0
1770124787.583793,3.0
1770124787.5965743,3.0
1770124787.6102204,3.0
1770124787.622951,3.0
1770124787.6359005,3.0
1770124787.6490195,3.0
1770124787.6619563,3.0
1770124787.6748576,3.0
1770124787.687955,3.0
1770124787.7008867,3.0
1770124787.713879,3.0
1770124787.7266393,3.0
1770124787.739491,3.0
1770124787.7524269,3.0
1770124787.76535,3.0
1770124787.7783606,3.0
1770124787.7913065,3.0
1770124787.804336,3.0
1770124787.817124,3.0
1770124787.8299935,3.0
1770124787.8433702,3.0
1770124787.856158,3.0
1770124787.8692117,3.0
1770124787.882176,3.0
1770124787.8951254,3.0
1770124787.908097,3.0
1770124787.9210916,3.0
1770124787.9338458,3.0
1770124787.9468539,3.0
1770124787.9598258,3.0
1770124787.9726644,3.0
1770124787.9855967,3.0
1770124787.9986875,3.0
1770124788.0116258,3.0
1770124788.0244153,3.0
1770124788.037345,3.0
1770124788.0504282,3.0
1770124788.0631793,3.0
1770124788.0761518,3.0
1770124788.0891595,3.0
1770124788.10214,3.0
1770124788.115007,3.0
1770124788.1281314,3.0
1770124788.1427896,3.0
1770124788.1558387,3.0
1770124788.168438,3.0
1770124788.1810365,3.0
1770124788.1936939,3.0
1770124788.2066565,3.0
1770124788.2196531,3.0
1770124788.2342138,3.0
1770124788.245947,2.0
1770124788.2577055,2.0
1770124788.2694263,2.0
1770124788.2811751,2.0
1770124788.2930748,2.0
1770124788.304857,2.0
1770124788.3165877,2.0
1770124788.3285854,2.0
1770124788.3403103,2.0
1770124788.3520927,2.0
1770124788.3638647,2.0
1770124788.3756382,2.0
1770124788.3874605,2.0
1770124788.3992002,2.0
1770124788.4109707,2.0
1770124788.4227548,2.0
1770124788.4346473,2.0
1770124788.4467251,2.0
1770124788.4585712,2.0
1770124788.470431,2.0
1770124788.4823265,2.0
1770124788.4942014,2.0
1770124788.5062206,2.0
1770124788.5181162,2.0
1770124788.530047,2.0
1770124788.5421023,2.0
1770124788.5539775,2.0
1770124788.5658717,2.0
1770124788.5777457,2.0
1770124788.589629,2.0
1770124788.6016834,2.0
1770124788.6137323,2.0
1770124788.625666,2.0
1770124788.637575,2.0
1770124788.6496353,2.0
1770124788.6615293,2.0
1770124788.6734002,2.0
1770124788.6855237,2.0
1770124788.697448,2.0
1770124788.7093432,2.0
1770124788.7212298,2.0
1770124788.7332194,2.0
1770124788.745095,2.0
1770124788.7570968,2.0
1770124788.769041,2.0
1770124788.7809985,2.0
1770124788.79289,2.0
1770124788.80475,2.0
1770124788.816666,2.0
1770124788.828589,2.0
1770124788.8404741,2.0
1770124788.8523502,2.0
1770124788.864061,2.0
1770124788.8759372,2.0
1770124788.8878348,2.0
1770124788.8997629,2.0
1770124788.911702,2.0
1770124788.9235537,2.0
1770124788.9354544,2.0
1770124788.9473238,2.0
1770124788.9591718,2.0
1770124788.9710813,2.0
1770124788.9830317,2.0
1770124788.995064,2.0
1770124789.0070188,2.0
1770124789.0189047,2.0
1770124789.030784,2.0
1770124789.0426383,2.0
1770124789.0545092,2.0
1770124789.0664477,2.0
1770124789.0784547,2.0
1770124789.0903637,2.0
1770124789.1022363,2.0
1770124789.1142457,2.0
1770124789.126115,2.0
1770124789.1380286,2.0
1770124789.1512768,2.0
1770124789.1631262,2.0
1770124789.1749701,2.0
1770124789.186888,2.0
1770124789.1987612,2.0
1770124789.2106035,2.0
1770124789.2224538,2.0
1770124789.2342951,2.0
1770124789.2461479,2.0
1770124789.258004,2.0
1770124789.2698717,2.0
1770124789.2817767,2.0
1770124789.2936368,2.0
1770124789.3055248,2.0
1770124789.317375,2.0
1770124789.3292367,2.0
1770124789.3411143,2.0
1770124789.3529694,2.0
1770124789.3648515,2.0
1770124789.3766737,2.0
1770124789.3891664,2.0
1770124789.401016,2.0
1770124789.4128807,2.0
1770124789.425014,2.0
1770124789.4369082,2.0
1770124789.4487538,2.0
1770124789.46072,2.0
1770124789.4725645,2.0
1770124789.484433,2.0
1770124789.4963944,2.0
1770124789.5082533,2.0
1770124789.5200942,2.0
1770124789.5319893,2.0
1770124789.543895,2.0
1770124789.5557501,2.0
1770124789.5675955,2.0
1770124789.5794568,2.0
1770124789.5914507,2.0
1770124789.6033263,2.0
1770124789.616719,2.0
1770124789.6285973,2.0
1770124789.6405895,2.0
1770124789.6525338,2.0
1770124789.6644206,2.0
1770124789.676494,2.0
1770124789.6885176,2.0
1770124789.7004175,2.0
1770124789.7123075,2.0
1770124789.7242024,2.0
1770124789.7360692,2.0
1770124789.7479405,2.0
1770124789.7598128,2.0
1770124789.771728,2.0
1770124789.783642,2.0
1770124789.795524,2.0
1770124789.8074389,2.0
1770124789.8193383,2.0
1770124789.8312075,2.0
1770124789.8431487,2.0
1770124789.8550222,2.0
1770124789.8668716,2.0
1770124789.8787465,2.0
1770124789.890634,2.0
1770124789.9026349,2.0
1770124789.9145043,2.0
1770124789.9263804,2.0
1770124789.9382646,2.0
1770124789.9502041,2.0
1770124789.9621053,2.0
1770124789.9740841,2.0
1770124789.985975,2.0
1770124789.9978533,2.0
1770124790.0097747,2.0
1770124790.0216422,2.0
1770124790.0335283,2.0
1770124790.0455084,2.0
1770124790.0573525,2.0
1770124790.0691924,2.0
1770124790.0811667,2.0
1770124790.093033,2.0
1770124790.1048684,2.0
1770124790.116704,2.0
1770124790.128627,2.0
1770124790.140466,2.0
1770124790.1535473,2.0
1770124790.1653726,2.0
1770124790.1772168,2.0
1770124790.189027,2.0
1770124790.2008781,2.0
1770124790.2127028,2.0
1770124790.2245467,2.0
1770124790.2363894,2.0
1770124790.2482154,2.0
1770124790.2600458,2.0
1770124790.2719553,2.0
1770124790.2837684,2.0
1770124790.2956765,2.0
1770124790.3075144,2.0
1770124790.3193774,2.0
1770124790.331208,2.0
1770124790.3430457,2.0
1770124790.3549542,2.0
1770124790.3668227,2.0
1770124790.378657,2.0
1770124790.3905036,2.0
1770124790.402339,2.0
1770124790.4141576,2.0
1770124790.4259899,2.0
1770124790.4378345,2.0
1770124790.4496727,2.0
1770124790.461726,2.0
1770124790.4736502,2.0
1770124790.4855182,2.0
1770124790.4974203,2.0
1770124790.5093243,2.0
1770124790.5212228,2.0
1770124790.53312,2.0
1770124790.545032,2.0
1770124790.5569293,2.0
1770124790.5688543,2.0
1770124790.5808043,2.0
1770124790.5927126,2.0
1770124790.6050172,2.0
1770124790.6169817,2.0
1770124790.6288776,2.0
1770124790.6406798,2.0
1770124790.6526206,2.0
1770124790.6645176,2.0
1770124790.6774118,2.0
1770124790.6893306,2.0
1770124790.7012322,2.0
1770124790.713142,2.0
1770124790.7250876,2.0
1770124790.7369866,2.0
1770124790.7489011,2.0
1770124790.7608373,2.0
1770124790.772721,2.0
1770124790.7846184,2.0
1770124790.796882,2.0
1770124790.808772,2.0
1770124790.8206477,2.0
1770124790.8327675,2.0
1770124790.8450255,2.0
1770124790.8569062,2.0
1770124790.868811,2.0
1770124790.8808832,2.0
1770124790.8928008,2.0
1770124790.9046888,2.0
1770124790.9166157,2.0
1770124790.928495,2.0
1770124790.9403827,2.0
1770124790.9522772,2.0
1770124790.9641714,2.0
1770124790.976044,2.0
1770124790.9879324,2.0
1770124790.9997637,2.0
1770124791.0116856,2.0
1770124791.0235698,2.0
1770124791.035492,2.0
1770124791.0478663,2.0
1770124791.0597088,2.0
1770124791.0716126,2.0
1770124791.0843854,2.0
1770124791.0964231,2.0
1770124791.1087468,2.0
1770124791.1206348,2.0
1770124791.1325622,2.0
1770124791.144468,2.0
1770124791.1577008,2.0
1770124791.1710248,2.0
1770124791.1828985,2.0
1770124791.194788,2.0
1770124791.2066715,2.0
1770124791.2185802,2.0
1770124791.230529,2.0
1770124791.2424495,2.0
1770124791.2544377,2.0
1770124791.266361,2.0
1770124791.2782733,2.0
1770124791.2901735,2.0
1770124791.3020651,2.0
1770124791.313953,2.0
1770124791.3258362,2.0
1770124791.3377402,2.0
1770124791.3496282,2.0
1770124791.361566,2.0
1770124791.3734267,2.0
1770124791.3853135,2.0
1770124791.3972354,2.0
1770124791.4092312,2.0
1770124791.4211266,2.0
1770124791.4330192,2.0
1770124791.4449067,2.0
1770124791.456816,2.0
1770124791.468727,2.0
1770124791.480632,2.0
1770124791.4925113,2.0
1770124791.5044668,2.0
1770124791.516431,2.0
1770124791.528286,2.0
1770124791.5402658,2.0
1770124791.5522506,2.0
1770124791.564207,2.0
1770124791.5761278,2.0
1770124791.5880187,2.0
1770124791.59996,2.0
1770124791.6121209,2.0
1770124791.62412,2.0
1770124791.6360555,2.0
1770124791.648229,2.0
1770124791.660125,2.0
1770124791.672085,2.0
1770124791.684078,2.0
1770124791.6959724,2.0
1770124791.708038,2.0
1770124791.7199366,2.0
1770124791.7318199,2.0
1770124791.7436767,2.0
1770124791.7562,2.0
1770124791.7680583,2.0
1770124791.7799203,2.0
1770124791.791769,2.0
1770124791.8037212,2.0
1770124791.8163369,2.0
1770124791.8282096,2.0
1770124791.8401248,2.0
1770124791.8520298,2.0
1770124791.8648355,2.0
1770124791.876757,2.0
1770124791.8885984,2.0
1770124791.9004915,2.0
1770124791.9130495,2.0
1770124791.9249253,2.0
1770124791.9367929,2.0
1770124791.9487622,2.0
1770124791.9606276,2.0
1770124791.9725397,2.0
1770124791.9844193,2.0
1770124791.9963732,2.0
1770124792.0082521,2.0
1770124792.0201564,2.0
1770124792.0320168,2.0
1770124792.0438576,2.0
1770124792.0557888,2.0
1770124792.0766623,2.0
1770124792.088677,2.0
1770124792.1004457,2.0
1770124792.1123269,2.0
1770124792.1241827,2.0
1770124792.1360705,2.0
1770124792.1494596,2.0
1770124792.1612747,2.0
1770124792.1731336,2.0
1770124792.185059,2.0
1770124792.1970718,2.0
1770124792.2089305,2.0
1770124792.2206585,2.0
1770124792.2325237,2.0
1770124792.2444806,2.0
1770124792.256343,2.0
1770124792.268239,2.0
1770124792.281319,1.0
1770124792.2957356,2.0
1770124792.307431,2.0
1770124792.319255,2.0
1770124792.3311594,2.0
1770124792.3430424,2.0
1770124792.3549716,2.0
1770124792.3668652,2.0
1770124792.378716,2.0
1770124792.3906162,2.0
1770124792.4025345,2.0
1770124792.4144337,2.0
1770124792.4263065,2.0
1770124792.438243,2.0
1770124792.4501164,2.0
1770124792.4621842,2.0
1770124792.4740877,2.0
1770124792.4859586,2.0
1770124792.4987915,2.0
1770124792.5109904,2.0
1770124792.5228617,2.0
1770124792.5347655,2.0
1770124792.546679,2.0
1770124792.558631,2.0
1770124792.5705092,2.0
1770124792.5824277,2.0
1770124792.594265,2.0
1770124792.6077049,2.0
1770124792.619696,2.0
1770124792.631552,2.0
1770124792.643611,2.0
1770124792.6555789,2.0
1770124792.6675088,2.0
1770124792.679584,2.0
1770124792.6914363,2.0
1770124792.7033434,2.0
1770124792.715269,2.0
1770124792.7271369,2.0
1770124792.7390544,2.0
1770124792.750963,2.0
1770124792.7628775,2.0
1770124792.7747684,2.0
1770124792.7866466,2.0
1770124792.7985373,2.0
1770124792.8104205,2.0
1770124792.8224566,2.0
1770124792.835869,2.0
1770124792.8479383,2.0
1770124792.8598871,2.0
1770124792.8717663,2.0
1770124792.8836598,2.0
1770124792.8955936,2.0
1770124792.907464,2.0
1770124792.91931,2.0
1770124792.9311802,2.0
1770124792.9430776,2.0
1770124792.9549353,2.0
1770124792.966868,2.0
1770124792.9788125,2.0
1770124792.990696,2.0
1770124793.0026152,2.0
1770124793.0145092,2.0
1770124793.0263698,2.0
1770124793.0382533,2.0
1770124793.0501647,2.0
1770124793.0620809,2.0
1770124793.0740864,2.0
1770124793.0860012,2.0
1770124793.0980635,2.0
1770124793.1101265,2.0
1770124793.1220016,2.0
1770124793.1338875,2.0
1770124793.1471794,2.0
1770124793.159272,2.0
1770124793.1777945,2.0
1770124793.1953716,2.0
1770124793.206726,1.0
1770124793.2183208,2.0
1770124793.2302494,2.0
1770124793.24215,2.0
1770124793.2539814,2.0
1770124793.2658794,2.0
1770124793.2777998,2.0
1770124793.2901065,2.0
1770124793.3019953,2.0
1770124793.3138463,2.0
1770124793.3257856,2.0
1770124793.3399606,2.0
1770124793.3517537,2.0
1770124793.36362,2.0
1770124793.3753405,2.0
1770124793.3872907,2.0
1770124793.399143,2.0
1770124793.414422,2.0
1770124793.4262924,2.0
1770124793.4381497,2.0
1770124793.4500868,2.0
1770124793.4620738,2.0
1770124793.4739742,2.0
1770124793.4858694,2.0
1770124793.4977772,2.0
1770124793.5096836,2.0
1770124793.522309,2.0
1770124793.534153,2.0
1770124793.5460308,2.0
1770124793.5580106,2.0
1770124793.5699415,2.0
1770124793.5819988,2.0
1770124793.5939245,2.0
1770124793.6064,2.0
1770124793.6182594,2.0
1770124793.6306763,2.0
1770124793.642683,2.0
1770124793.6545749,2.0
1770124793.6668408,2.0
1770124793.6788235,2.0
1770124793.6909018,2.0
1770124793.7028809,2.0
1770124793.7148836,2.0
1770124793.726968,2.0
1770124793.7389662,2.0
1770124793.7509189,2.0
1770124793.7627585,2.0
1770124793.7746716,2.0
1770124793.7865982,2.0
1770124793.7985451,2.0
1770124793.8104641,2.0
1770124793.8224533,2.0
1770124793.8344026,2.0
1770124793.8463988,2.0
1770124793.858367,2.0
1770124793.870316,2.0
1770124793.8822834,2.0
1770124793.894213,2.0
1770124793.9061654,2.0
1770124793.9181376,2.0
1770124793.930124,2.0
1770124793.9420733,2.0
1770124793.9540842,2.0
1770124793.9660728,2.0
1770124793.9780326,2.0
1770124793.9900277,2.0
1770124794.001985,2.0
1770124794.013941,2.0
1770124794.0258899,2.0
1770124794.0378215,2.0
1770124794.0498264,2.0
1770124794.0617564,2.0
1770124794.0735765,2.0
1770124794.0855336,2.0
1770124794.097491,2.0
1770124794.1094594,2.0
1770124794.121445,2.0
1770124794.1333833,2.0
1770124794.1466186,2.0
1770124794.158565,2.0
1770124794.1704807,2.0
1770124794.1824522,2.0
1770124794.1944137,2.0
1770124794.2063775,2.0
1770124794.2183259,2.0
1770124794.2302516,2.0
1770124794.24219,2.0
1770124794.2524865,2.0
1770124794.2652524,3.0
1770124794.2780323,3.0
1770124794.2907581,3.0
1770124794.3035352,3.0
1770124794.316262,3.0
1770124794.3291507,3.0
1770124794.3418982,3.0
1770124794.3546395,3.0
1770124794.3673708,3.0
1770124794.3801026,3.0
1770124794.3928387,3.0
1770124794.4055238,3.0
1770124794.418341,3.0
1770124794.4310665,3.0
1770124794.4437695,3.0
1770124794.4564748,3.0
1770124794.469206,3.0
1770124794.4821131,3.0
1770124794.4948537,3.0
1770124794.5075982,3.0
1770124794.5203462,3.0
1770124794.5330787,3.0
1770124794.5457954,3.0
1770124794.55851,3.0
1770124794.571387,3.0
1770124794.5840945,3.0
1770124794.5968974,3.0
1770124794.610248,3.0
1770124794.622942,3.0
1770124794.635759,3.0
1770124794.64884,3.0
1770124794.6615133,3.0
1770124794.6743429,3.0
1770124794.6874275,3.0
1770124794.7003174,3.0
1770124794.712944,3.0
1770124794.7256176,3.0
1770124794.7387261,3.0
1770124794.7514257,3.0
1770124794.7645624,3.0
1770124794.7772887,3.0
1770124794.7899435,3.0
1770124794.8026402,3.0
1770124794.8152878,3.0
1770124794.8279247,3.0
1770124794.8406823,3.0
1770124794.8534133,3.0
1770124794.8662548,3.0
1770124794.8788233,3.0
1770124794.8914852,3.0
1770124794.9042819,3.0
1770124794.9169407,3.0
1770124794.9299479,3.0
1770124794.942599,3.0
1770124794.9553406,3.0
1770124794.967991,3.0
1770124794.9806707,3.0
1770124794.9934452,3.0
1770124795.0063868,3.0
1770124795.019237,3.0
1770124795.0318878,3.0
1770124795.0454116,3.0
1770124795.0580375,3.0
1770124795.0707898,3.0
1770124795.0839155,3.0
1770124795.0965571,3.0
1770124795.109286,3.0
1770124795.1220124,3.0
1770124795.1346881,3.0
1770124795.14941,3.0
1770124795.1623678,3.0
1770124795.1749861,3.0
1770124795.1876667,3.0
1770124795.2003694,3.0
1770124795.2130387,3.0
1770124795.2258751,3.0
1770124795.2385066,3.0
1770124795.251176,3.0
1770124795.2639506,3.0
1770124795.2769566,3.0
1770124795.2895987,3.0
1770124795.3028867,3.0
1770124795.315563,3.0
1770124795.328365,3.0
1770124795.3410203,3.0
1770124795.3540115,3.0
1770124795.366648,3.0
1770124795.379281,3.0
1770124795.3920352,3.0
1770124795.4046779,3.0
1770124795.4173076,3.0
1770124795.430013,3.0
1770124795.4427047,3.0
1770124795.4555979,3.0
1770124795.4682453,3.0
1770124795.480971,3.0
1770124795.4936206,3.0
1770124795.5062683,3.0
1770124795.5190284,3.0
1770124795.5316436,3.0
1770124795.544229,3.0
1770124795.5570803,3.0
1770124795.5699313,3.0
1770124795.5825531,3.0
1770124795.5951822,3.0
1770124795.608686,3.0
1770124795.6213353,3.0
1770124795.6340497,3.0
1770124795.6469839,3.0
1770124795.6596007,3.0
1770124795.6724172,3.0
1770124795.6851122,3.0
1770124795.6977422,3.0
1770124795.7104547,3.0
1770124795.723193,3.0
1770124795.735869,3.0
1770124795.748647,3.0
1770124795.7613957,3.0
1770124795.7741203,3.0
1770124795.7868164,3.0
1770124795.7996113,3.0
1770124795.8122816,3.0
1770124795.82514,3.0
1770124795.8378048,3.0
1770124795.850469,3.0
1770124795.8631911,3.0
1770124795.8759289,3.0
1770124795.8885465,3.0
1770124795.9012496,3.0
1770124795.9141126,3.0
1770124795.9268467,3.0
1770124795.9395926,3.0
1770124795.952263,3.0
1770124795.9649255,3.0
1770124795.9777043,3.0
1770124795.9904816,3.0
1770124796.0032456,3.0
1770124796.015897,3.0
1770124796.0285163,3.0
1770124796.0411897,3.0
1770124796.0540147,3.0
1770124796.0667825,3.0
1770124796.079434,3.0
1770124796.0921555,3.0
1770124796.1051087,3.0
1770124796.1177137,3.0
1770124796.1305203,3.0
1770124796.1445541,3.0
1770124796.1651373,2.0
1770124796.1871052,2.0
1770124796.201102,1.0
1770124796.2114325,1.0
1770124796.2241998,3.0
1770124796.2368176,3.0
1770124796.2494392,3.0
1770124796.2621212,3.0
1770124796.2751536,3.0
1770124796.2878776,3.0
1770124796.300648,3.0
1770124796.3135657,3.0
1770124796.3262806,3.0
1770124796.3390114,3.0
1770124796.3518054,3.0
1770124796.3645277,3.0
1770124796.3772078,3.0
1770124796.3901763,3.0
1770124796.4028702,3.0
1770124796.415552,3.0
1770124796.4289196,3.0
1770124796.4419076,3.0
1770124796.4555264,3.0
1770124796.468265,3.0
1770124796.4811275,3.0
1770124796.493963,3.0
1770124796.5070696,3.0
1770124796.5200703,3.0
1770124796.5330229,3.0
1770124796.546097,3.0
1770124796.558946,3.0
1770124796.5720675,3.0
1770124796.585133,3.0
1770124796.5981677,3.0
1770124796.6114848,3.0
1770124796.6244683,3.0
1770124796.6374867,3.0
1770124796.650778,3.0
1770124796.6635861,3.0
1770124796.6764967,3.0
1770124796.689591,3.0
1770124796.702484,3.0
1770124796.7154963,3.0
1770124796.7282512,3.0
1770124796.7414918,3.0
1770124796.7542586,3.0
1770124796.7672615,3.0
1770124796.7801807,3.0
1770124796.7930682,3.0
1770124796.8061361,3.0
1770124796.8189588,3.0
1770124796.8318095,3.0
1770124796.8446927,3.0
1770124796.857567,3.0
1770124796.8705356,3.0
1770124796.8833506,3.0
1770124796.8963811,3.0
1770124796.909323,3.0
1770124796.922341,3.0
1770124796.935217,3.0
1770124796.9483154,3.0
1770124796.9611852,3.0
1770124796.9741826,3.0
1770124796.9869819,3.0
1770124797.000056,3.0
1770124797.012835,3.0
1770124797.0259626,3.0
1770124797.0387752,3.0
1770124797.0518975,3.0
1770124797.0648708,3.0
1770124797.077731,3.0
1770124797.090783,3.0
1770124797.103901,3.0
1770124797.1171556,3.0
1770124797.1302845,3.0
1770124797.1432807,3.0
1770124797.1578805,3.0
1770124797.170659,3.0
1770124797.1836572,3.0
1770124797.196817,3.0
1770124797.2097147,3.0
1770124797.2224958,3.0
1770124797.235375,3.0
1770124797.2481508,3.0
1770124797.2609541,3.0
1770124797.273984,3.0
1770124797.2870853,3.0
1770124797.29986,3.0
1770124797.3130662,3.0
1770124797.3261154,3.0
1770124797.3390088,3.0
1770124797.351978,3.0
1770124797.365025,3.0
1770124797.378059,3.0
1770124797.3910236,3.0
1770124797.4038763,3.0
1770124797.4169674,3.0
1770124797.429812,3.0
1770124797.4426765,3.0
1770124797.4557521,3.0
1770124797.4686518,3.0
1770124797.4816227,3.0
1770124797.4946203,3.0
1770124797.507517,3.0
1770124797.520453,3.0
1770124797.5335443,3.0
1770124797.5463953,3.0
1770124797.5593724,3.0
1770124797.5723991,3.0
1770124797.5854316,3.0
1770124797.598441,3.0
1770124797.6119928,3.0
1770124797.6247663,3.0
1770124797.6378417,3.0
1770124797.651001,3.0
1770124797.664065,3.0
1770124797.6770084,3.0
1770124797.6900623,3.0
1770124797.7028847,3.0
1770124797.7158873,3.0
1770124797.7289705,3.0
1770124797.7420998,3.0
1770124797.7549143,3.0
1770124797.7677927,3.0
1770124797.7808838,3.0
1770124797.7937975,3.0
1770124797.8067806,3.0
1770124797.8197935,3.0
1770124797.8355868,3.0
1770124797.8484983,3.0
1770124797.86129,3.0
1770124797.8741755,3.0
1770124797.8871984,3.0
1770124797.8999648,3.0
1770124797.9128077,3.0
1770124797.9256263,3.0
1770124797.938456,3.0
1770124797.9514408,3.0
1770124797.964619,3.0
1770124797.9774883,3.0
1770124797.9904768,3.0
1770124798.0034642,3.0
1770124798.016636,3.0
1770124798.0295305,3.0
1770124798.0424006,3.0
1770124798.0554307,3.0
1770124798.0682874,3.0
1770124798.0812898,3.0
1770124798.0943086,3.0
1770124798.1074178,3.0
1770124798.1203787,3.0
1770124798.133342,3.0
1770124798.1437712,2.0
1770124798.1569874,3.0
1770124798.169825,3.0
1770124798.1826634,3.0
1770124798.1956172,3.0
1770124798.2084305,3.0
1770124798.2213168,3.0
1770124798.2341266,3.0
1770124798.2469654,3.0
1770124798.2598298,3.0
1770124798.2727537,3.0
1770124798.2858143,3.0
1770124798.2988398,3.0
1770124798.311849,3.0
1770124798.3248017,3.0
1770124798.3378866,3.0
1770124798.3507168,3.0
1770124798.3637192,3.0
1770124798.3768034,3.0
1770124798.389624,3.0
1770124798.4026387,3.0
1770124798.4155698,3.0
1770124798.4285693,3.0
1770124798.4415305,3.0
1770124798.4545264,3.0
1770124798.467572,3.0
1770124798.4805684,3.0
1770124798.493703,3.0
1770124798.506591,3.0
1770124798.519639,3.0
1770124798.5325606,3.0
1770124798.5455494,3.0
1770124798.5585709,3.0
1770124798.5714421,3.0
1770124798.584407,3.0
1770124798.5947673,2.0
1770124798.6071994,2.0
1770124798.6190403,2.0
1770124798.631023,2.0
1770124798.6434162,2.0
1770124798.6552396,2.0
1770124798.667222,2.0
1770124798.679205,2.0
1770124798.691191,2.0
1770124798.7023122,1.0
1770124798.7153559,2.0
1770124798.7275372,2.0
1770124798.7396626,2.0
1770124798.7514946,2.0
1770124798.7632744,2.0
1770124798.775083,2.0
1770124798.7868743,2.0
1770124798.7986727,2.0
1770124798.8103104,2.0
1770124798.8220828,2.0
1770124798.833914,2.0
1770124798.8457491,2.0
1770124798.8575711,2.0
1770124798.869434,2.0
1770124798.8812675,2.0
1770124798.8931158,2.0
1770124798.9051073,2.0
1770124798.9170933,2.0
1770124798.9290626,2.0
1770124798.9410367,2.0
1770124798.953014,2.0
1770124798.9649622,2.0
1770124798.9769013,2.0
1770124798.9888897,2.0
1770124799.0008554,2.0
1770124799.0128016,2.0
1770124799.0248075,2.0
1770124799.0367713,2.0
1770124799.048755,2.0
1770124799.0607908,2.0
1770124799.0727992,2.0
1770124799.0847607,2.0
1770124799.0967002,2.0
1770124799.1086867,2.0
1770124799.1206367,2.0
1770124799.1326063,2.0
1770124799.1445594,2.0
1770124799.1568813,2.0
1770124799.1689715,2.0
1770124799.1809335,2.0
1770124799.1928904,2.0
1770124799.2046697,2.0
1770124799.2164311,2.0
1770124799.2282336,2.0
1770124799.2404346,2.0
1770124799.2521973,2.0
1770124799.2640433,2.0
1770124799.2758603,2.0
1770124799.2876582,2.0
1770124799.299474,2.0
1770124799.3112674,2.0
1770124799.3231828,2.0
1770124799.3350317,2.0
1770124799.346863,2.0
1770124799.3586783,2.0
1770124799.3705015,2.0
1770124799.3823352,2.0
1770124799.3942943,2.0
1770124799.4061646,2.0
1770124799.4179885,2.0
1770124799.429816,2.0
1770124799.4420133,2.0
1770124799.4538262,2.0
1770124799.465705,2.0
1770124799.4776576,2.0
1770124799.4895995,2.0
1770124799.5014465,2.0
1770124799.5134358,2.0
1770124799.525221,2.0
1770124799.5371277,2.0
1770124799.5489595,2.0
1770124799.5608048,2.0
1770124799.5726612,2.0
1770124799.5844586,2.0
1770124799.5962782,2.0
1770124799.608309,2.0
1770124799.6202435,2.0
1770124799.6321135,2.0
1770124799.6444447,2.0
1770124799.6562185,2.0
1770124799.6680627,2.0
1770124799.680283,2.0
1770124799.6930866,2.0
1770124799.7048461,2.0
1770124799.7167163,2.0
1770124799.7286332,2.0
1770124799.740495,2.0
1770124799.7523518,2.0
1770124799.7641692,2.0
1770124799.7761292,2.0
1770124799.7879503,2.0
1770124799.7998118,2.0
1770124799.8117123,2.0
1770124799.8235762,2.0
1770124799.8355072,2.0
1770124799.847337,2.0
1770124799.859122,2.0
1770124799.8709233,2.0
1770124799.8827484,2.0
1770124799.894788,2.0
1770124799.9066067,2.0
1770124799.918421,2.0
1770124799.9302428,2.0
1770124799.9421315,2.0
1770124799.9539363,2.0
1770124799.965753,2.0
1770124799.9776,2.0
1770124799.9894006,2.0
1770124800.0012317,2.0
1770124800.0130978,2.0
1770124800.0249417,2.0
1770124800.0367835,2.0
1770124800.0485966,2.0
1770124800.0604396,2.0
1770124800.0722306,2.0
1770124800.0840287,2.0
1770124800.0958774,2.0
1770124800.1077085,2.0
1770124800.11955,2.0
1770124800.1313753,2.0
1770124800.144387,2.0
1770124800.1568873,2.0
1770124800.1686952,2.0
1770124800.1804974,2.0
1770124800.192434,2.0
1770124800.2042432,2.0
1770124800.2160509,2.0
1770124800.2278843,2.0
1770124800.2401009,2.0
1770124800.251927,2.0
1770124800.2637568,2.0
1770124800.275793,2.0
1770124800.2876348,2.0
1770124800.299473,2.0
1770124800.311433,2.0
1770124800.323428,2.0
1770124800.3352432,2.0
1770124800.3472316,2.0
1770124800.3590798,2.0
1770124800.37089,2.0
1770124800.382799,2.0
1770124800.3946016,2.0
1770124800.4064093,2.0
1770124800.4182346,2.0
1770124800.43005,2.0
1770124800.4418766,2.0
1770124800.4536939,2.0
1770124800.4656932,2.0
1770124800.4777305,2.0
1770124800.4895597,2.0
1770124800.501633,2.0
1770124800.5136793,2.0
1770124800.5254936,2.0
1770124800.5379727,2.0
1770124800.5498261,2.0
1770124800.5617478,2.0
1770124800.5736759,2.0
1770124800.58548,2.0
1770124800.5973902,2.0
1770124800.6094122,2.0
1770124800.6215632,2.0
1770124800.6333947,2.0
1770124800.6452487,2.0
1770124800.6571858,2.0
1770124800.669052,2.0
1770124800.680929,2.0
1770124800.6928573,2.0
1770124800.7046711,2.0
1770124800.7167158,2.0
1770124800.7285,2.0
1770124800.7402651,2.0
1770124800.7521422,2.0
1770124800.764116,2.0
1770124800.7759354,2.0
1770124800.787852,2.0
1770124800.7996702,2.0
1770124800.811624,2.0
1770124800.8233733,2.0
1770124800.8352845,2.0
1770124800.8471074,2.0
1770124800.8591328,2.0
1770124800.8739133,2.0
1770124800.8857896,2.0
1770124800.8976054,2.0
1770124800.9094615,2.0
1770124800.9212687,2.0
1770124800.9330645,2.0
1770124800.9448984,2.0
1770124800.956769,2.0
1770124800.968674,2.0
1770124800.9805074,2.0
1770124800.9923453,2.0
1770124801.0041792,2.0
1770124801.0160272,2.0
1770124801.0278816,2.0
1770124801.0397666,2.0
1770124801.051585,2.0
1770124801.0634148,2.0
1770124801.0752313,2.0
1770124801.087051,2.0
1770124801.0989356,2.0
1770124801.1107962,2.0
1770124801.1226306,2.0
1770124801.1345553,2.0
1770124801.1480768,2.0
1770124801.1598656,2.0
1770124801.1716967,2.0
1770124801.1835165,2.0
1770124801.1953874,2.0
1770124801.2072284,2.0
1770124801.2190735,2.0
1770124801.2309277,2.0
1770124801.2427857,2.0
1770124801.254781,2.0
1770124801.266628,2.0
1770124801.278541,2.0
1770124801.2904255,2.0
1770124801.3022718,2.0
1770124801.3141139,2.0
1770124801.326061,2.0
1770124801.3379202,2.0
1770124801.3497698,2.0
1770124801.3616982,2.0
1770124801.3735697,2.0
1770124801.38542,2.0
1770124801.3973277,2.0
1770124801.4091585,2.0
1770124801.4210546,2.0
1770124801.4329045,2.0
1770124801.4447582,2.0
1770124801.4568477,2.0
1770124801.4687068,2.0
1770124801.4807003,2.0
1770124801.4925997,2.0
1770124801.5044966,2.0
1770124801.5163333,2.0
1770124801.5281572,2.0
1770124801.5400274,2.0
1770124801.551852,2.0
1770124801.5637493,2.0
1770124801.575598,2.0
1770124801.5876744,2.0
1770124801.599531,2.0
1770124801.6118953,2.0
1770124801.6237364,2.0
1770124801.635573,2.0
1770124801.6475859,2.0
1770124801.6593935,2.0
1770124801.6712327,2.0
1770124801.6832647,2.0
1770124801.6951842,2.0
1770124801.7070317,2.0
1770124801.718871,2.0
1770124801.7307045,2.0
1770124801.742548,2.0
1770124801.7544143,2.0
1770124801.7662282,2.0
1770124801.7780426,2.0
1770124801.7899191,2.0
1770124801.801762,2.0
1770124801.8137393,2.0
1770124801.8255782,2.0
1770124801.8374035,2.0
1770124801.8492203,2.0
1770124801.8610463,2.0
1770124801.8729308,2.0
1770124801.8848336,2.0
1770124801.8966534,2.0
1770124801.9084768,2.0
1770124801.920287,2.0
1770124801.9321659,2.0
1770124801.9439828,2.0
1770124801.9559038,2.0
1770124801.9677699,2.0
1770124801.9796064,2.0
1770124801.9915226,2.0
1770124802.0033138,2.0
1770124802.0151095,2.0
1770124802.0268793,2.0
1770124802.0388534,2.0
1770124802.0506856,2.0
1770124802.0624971,2.0
1770124802.074316,2.0
1770124802.086205,2.0
1770124802.0979998,2.0
1770124802.1098108,2.0
1770124802.1216784,2.0
1770124802.1334896,2.0
1770124802.1457603,2.0
1770124802.158037,2.0
1770124802.1699297,2.0
1770124802.1817644,2.0
1770124802.1935759,2.0
1770124802.2053707,2.0
1770124802.2172537,2.0
1770124802.229055,2.0
1770124802.2408419,2.0
1770124802.2528448,2.0
1770124802.2646382,2.0
1770124802.2764459,2.0
1770124802.2883363,2.0
1770124802.3001168,2.0
1770124802.3119245,2.0
1770124802.3238714,2.0
1770124802.3357127,2.0
1770124802.3475282,2.0
1770124802.359251,2.0
1770124802.3710947,2.0
1770124802.382913,2.0
1770124802.3947809,2.0
1770124802.4065845,2.0
1770124802.418456,2.0
1770124802.4303086,2.0
1770124802.4421358,2.0
1770124802.4539545,2.0
1770124802.4659555,2.0
1770124802.477775,2.0
1770124802.4895587,2.0
1770124802.5013852,2.0
1770124802.5131843,2.0
1770124802.5249903,2.0
1770124802.5368216,2.0
1770124802.548618,2.0
1770124802.560434,2.0
1770124802.5722687,2.0
1770124802.5840652,2.0
1770124802.595879,2.0
1770124802.6080194,2.0
1770124802.6198251,2.0
1770124802.631638,2.0
1770124802.6437268,2.0
1770124802.6554396,2.0
1770124802.6672413,2.0
1770124802.6791582,2.0
1770124802.6909838,2.0
1770124802.7029922,2.0
1770124802.7147503,2.0
1770124802.7265341,2.0
1770124802.7386243,2.0
1770124802.7507408,2.0
1770124802.762531,2.0
1770124802.7743502,2.0
1770124802.7861106,2.0
1770124802.7980423,2.0
1770124802.809826,2.0
1770124802.8216608,2.0
1770124802.8335598,2.0
1770124802.8456178,2.0
1770124802.8574266,2.0
1770124802.8692014,2.0
1770124802.8809934,2.0
1770124802.892794,2.0
1770124802.9047906,2.0
1770124802.9165893,2.0
1770124802.9284277,2.0
1770124802.940224,2.0
1770124802.9520314,2.0
1770124802.9638407,2.0
1770124802.9756923,2.0
1770124802.9877198,2.0
1770124802.9995198,2.0
1770124803.0113328,2.0
1770124803.0231237,2.0
1770124803.0350358,2.0
1770124803.046835,2.0
1770124803.0586586,2.0
1770124803.0715158,2.0
1770124803.083271,2.0
1770124803.0951574,2.0
1770124803.1070833,2.0
1770124803.1189265,2.0
1770124803.1307817,2.0
1770124803.1437979,2.0
1770124803.155722,2.0
1770124803.167561,2.0
1770124803.1793754,2.0
1770124803.1911955,2.0
1770124803.2029912,2.0
1770124803.214787,2.0
1770124803.226717,2.0
1770124803.2385638,2.0
1770124803.250356,2.0
1770124803.262212,2.0
1770124803.274022,2.0
1770124803.2859142,2.0
1770124803.2977326,2.0
1770124803.309591,2.0
1770124803.3213658,2.0
1770124803.3331478,2.0
1770124803.3449843,2.0
1770124803.3568497,2.0
1770124803.3686662,2.0
1770124803.3804765,2.0
1770124803.3922775,2.0
1770124803.4041643,2.0
1770124803.4161837,2.0
1770124803.427997,2.0
1770124803.4398265,2.0
1770124803.4519167,2.0
1770124803.463847,2.0
1770124803.4756515,2.0
1770124803.4883265,2.0
1770124803.5000925,2.0
1770124803.5118978,2.0
1770124803.5237186,2.0
1770124803.5357811,2.0
1770124803.5476072,2.0
1770124803.5594163,2.0
1770124803.571215,2.0
1770124803.583934,2.0
1770124803.5957394,2.0
1770124803.6079912,2.0
1770124803.6198683,2.0
1770124803.6317596,2.0
1770124803.6436217,2.0
1770124803.6555254,2.0
1770124803.6673234,2.0
1770124803.679314,2.0
1770124803.6911623,2.0
1770124803.7029665,2.0
1770124803.7148273,2.0
1770124803.7266834,2.0
1770124803.738497,2.0
1770124803.7503343,2.0
1770124803.762134,2.0
1770124803.7739525,2.0
1770124803.7860336,2.0
1770124803.7978735,2.0
1770124803.8096955,2.0
1770124803.8215895,2.0
1770124803.8334105,2.0
1770124803.8454943,2.0
1770124803.8573809,2.0
1770124803.8692915,2.0
1770124803.8811624,2.0
1770124803.8930497,2.0
1770124803.9049616,2.0
1770124803.916841,2.0
1770124803.9287865,2.0
1770124803.9408479,2.0
1770124803.952772,2.0
1770124803.964833,2.0
1770124803.9766326,2.0
1770124803.988754,2.0
1770124804.0006313,2.0
1770124804.0126636,2.0
1770124804.0247455,2.0
1770124804.0366642,2.0
1770124804.0488286,2.0
1770124804.0606782,2.0
1770124804.0725453,2.0
1770124804.0844452,2.0
1770124804.0963778,2.0
1770124804.1082344,2.0
1770124804.1200845,2.0
1770124804.1322155,2.0
1770124804.145095,2.0
1770124804.1568964,2.0
1770124804.1690378,2.0
1770124804.1808863,2.0
1770124804.1927896,2.0
1770124804.2049382,2.0
1770124804.2167697,2.0
1770124804.2286828,2.0
1770124804.2405427,2.0
1770124804.2524571,2.0
1770124804.2643073,2.0
1770124804.2761092,2.0
1770124804.2879767,2.0
1770124804.299991,2.0
1770124804.311855,2.0
1770124804.3237653,2.0
1770124804.335619,2.0
1770124804.3475122,2.0
1770124804.3593965,2.0
1770124804.3712375,2.0
1770124804.3831055,2.0
1770124804.394984,2.0
1770124804.4069512,2.0
1770124804.4188123,2.0
1770124804.4306774,2.0
1770124804.4425657,2.0
1770124804.4544597,2.0
1770124804.466396,2.0
1770124804.478335,2.0
1770124804.4901736,2.0
1770124804.5019872,2.0
1770124804.513877,2.0
1770124804.5257788,2.0
1770124804.5376227,2.0
1770124804.5495286,2.0
1770124804.5496333,0.0
