time,actuator,value
1738733508.882797,Actuator(ptr=c_void_p(94862443531120)),101.0
1738733513.9004762,Actuator(ptr=c_void_p(94862443531120)),101.0
1738733518.91683,Actuator(ptr=c_void_p(94862443531120)),101.0
1738733523.9325252,Actuator(ptr=c_void_p(94862443531120)),101.0
1738733528.949468,Actuator(ptr=c_void_p(94862443531120)),101.0
1738733533.9675515,Actuator(ptr=c_void_p(94862443531120)),101.0
1738733538.9870186,Actuator(ptr=c_void_p(94862443531120)),101.0
1738733544.0044703,Actuator(ptr=c_void_p(94862443531120)),101.0
