time,actuator,value
1738728034.0930684,Actuator(ptr=c_void_p(93963825573424)),89.0
1738728039.1123214,Actuator(ptr=c_void_p(93963825573424)),89.0
1738728044.1315734,Actuator(ptr=c_void_p(93963825573424)),89.0
1738728049.148617,Actuator(ptr=c_void_p(93963825573424)),89.0
1738728054.1675928,Actuator(ptr=c_void_p(93963825573424)),89.0
1738728059.1846707,Actuator(ptr=c_void_p(93963825573424)),89.0
1738728064.2033937,Actuator(ptr=c_void_p(93963825573424)),89.0
1738728069.222804,Actuator(ptr=c_void_p(93963825573424)),89.0
1738728074.2422163,Actuator(ptr=c_void_p(93963825573424)),89.0
