time,value
1765030564.3158767,2.0
1765030564.3305964,3.0
1765030564.3451831,3.0
1765030564.359622,3.0
1765030564.3740165,3.0
1765030564.3884273,3.0
1765030564.402817,3.0
1765030564.4172523,3.0
1765030564.4316938,3.0
1765030564.44625,3.0
1765030564.4606736,3.0
1765030564.4750543,3.0
1765030564.489737,3.0
1765030564.5041218,3.0
1765030564.5185084,3.0
1765030564.5329354,3.0
1765030564.547339,3.0
1765030564.5618846,3.0
1765030564.576292,3.0
1765030564.5906892,3.0
1765030564.6050959,3.0
1765030564.61947,3.0
1765030564.6339006,3.0
1765030564.648388,3.0
1765030564.6629083,3.0
1765030564.677325,3.0
1765030564.6918075,3.0
1765030564.7018614,2.0
1765030564.716325,3.0
1765030564.7264345,2.0
1765030564.736507,2.0
1765030564.7509167,3.0
1765030564.765361,3.0
1765030564.7798257,3.0
1765030564.7942529,3.0
1765030564.8087027,3.0
1765030564.8231707,3.0
1765030564.8376348,3.0
1765030564.852072,3.0
1765030564.8665392,3.0
1765030564.8768866,2.0
1765030564.8875053,2.0
1765030564.898152,2.0
1765030564.9089751,2.0
1765030564.9196877,2.0
1765030564.9303706,2.0
1765030564.9410284,2.0
1765030564.9516747,2.0
1765030564.962332,2.0
1765030564.9729805,2.0
1765030564.9836147,2.0
1765030564.994271,2.0
1765030565.0050316,2.0
1765030565.0156837,2.0
1765030565.0262825,2.0
1765030565.0368848,2.0
1765030565.0475688,2.0
1765030565.058303,2.0
1765030565.0690033,2.0
1765030565.0795722,2.0
1765030565.090209,2.0
1765030565.1009815,2.0
1765030565.1115737,2.0
1765030565.122162,2.0
1765030565.1327355,2.0
1765030565.1436272,2.0
1765030565.1544335,2.0
1765030565.1650102,2.0
1765030565.1756191,2.0
1765030565.1861687,2.0
1765030565.1967974,2.0
1765030565.2073486,2.0
1765030565.2179983,2.0
1765030565.228638,2.0
1765030565.2393544,2.0
1765030565.24995,2.0
1765030565.2697158,2.0
1765030565.2817373,1.0
1765030565.2920814,2.0
1765030565.3025882,2.0
1765030565.3131835,2.0
1765030565.3237524,2.0
1765030565.3343656,2.0
1765030565.3450103,2.0
1765030565.3558202,2.0
1765030565.366414,2.0
1765030565.376991,2.0
1765030565.3876402,2.0
1765030565.3983018,2.0
1765030565.4088876,2.0
1765030565.4196537,2.0
1765030565.4302745,2.0
1765030565.440861,2.0
1765030565.4514704,2.0
1765030565.462117,2.0
1765030565.472806,2.0
1765030565.483455,2.0
1765030565.494303,2.0
1765030565.504988,2.0
1765030565.5157416,2.0
1765030565.5263906,2.0
1765030565.5369873,2.0
1765030565.5477798,2.0
1765030565.5584543,2.0
1765030565.5690064,2.0
1765030565.5796206,2.0
1765030565.5902376,2.0
1765030565.6008408,2.0
1765030565.6114237,2.0
1765030565.6220262,2.0
1765030565.6326675,2.0
1765030565.6433046,2.0
1765030565.6540306,2.0
1765030565.664625,2.0
1765030565.6752384,2.0
1765030565.6859412,2.0
1765030565.6965334,2.0
1765030565.7071338,2.0
1765030565.7177396,2.0
1765030565.7284527,2.0
1765030565.7390656,2.0
1765030565.7497609,2.0
1765030565.7603884,2.0
1765030565.7710087,2.0
1765030565.7816532,2.0
1765030565.7922773,2.0
1765030565.8028781,2.0
1765030565.8135161,2.0
1765030565.82414,2.0
1765030565.834854,2.0
1765030565.8454835,2.0
1765030565.8560836,2.0
1765030565.8666954,2.0
1765030565.877312,2.0
1765030565.8878915,2.0
1765030565.8984892,2.0
1765030565.9091501,2.0
1765030565.9197931,2.0
1765030565.9304216,2.0
1765030565.9410174,2.0
1765030565.9516296,2.0
1765030565.9622412,2.0
1765030565.9727948,2.0
1765030565.983387,2.0
1765030565.9939823,2.0
1765030566.0045836,2.0
1765030566.0151947,2.0
1765030566.0257957,2.0
1765030566.0364327,2.0
1765030566.0470505,2.0
1765030566.0576746,2.0
1765030566.068268,2.0
1765030566.078894,2.0
1765030566.0894861,2.0
1765030566.1000798,2.0
1765030566.1106572,2.0
1765030566.1212492,2.0
1765030566.131809,2.0
1765030566.1424394,2.0
1765030566.1530337,2.0
1765030566.1636472,2.0
1765030566.1742737,2.0
1765030566.1849005,2.0
1765030566.195506,2.0
1765030566.2060964,2.0
1765030566.2167292,2.0
1765030566.2273552,2.0
1765030566.2379065,2.0
1765030566.2485023,2.0
1765030566.270436,2.0
1765030566.2844229,1.0
1765030566.2947047,2.0
1765030566.3052368,2.0
1765030566.3158484,2.0
1765030566.3264384,2.0
1765030566.33704,2.0
1765030566.347659,2.0
1765030566.3584065,2.0
1765030566.3689873,2.0
1765030566.379597,2.0
1765030566.390149,2.0
1765030566.4007819,2.0
1765030566.4114459,2.0
1765030566.4222987,2.0
1765030566.432878,2.0
1765030566.4434803,2.0
1765030566.454108,2.0
1765030566.464692,2.0
1765030566.4752748,2.0
1765030566.4858778,2.0
1765030566.4967086,2.0
1765030566.5072696,2.0
1765030566.5178862,2.0
1765030566.528454,2.0
1765030566.5390956,2.0
1765030566.5497003,2.0
1765030566.5603848,2.0
1765030566.5709698,2.0
1765030566.5816133,2.0
1765030566.5922165,2.0
1765030566.6028328,2.0
1765030566.6134112,2.0
1765030566.6239939,2.0
1765030566.6345809,2.0
1765030566.6452763,2.0
1765030566.6559315,2.0
1765030566.6665988,2.0
1765030566.677168,2.0
1765030566.6878903,2.0
1765030566.69842,2.0
1765030566.709391,2.0
1765030566.7200072,2.0
1765030566.7306023,2.0
1765030566.7411845,2.0
1765030566.751834,2.0
1765030566.7625008,2.0
1765030566.7730436,2.0
1765030566.7837167,2.0
1765030566.7943108,2.0
1765030566.804945,2.0
1765030566.8155456,2.0
1765030566.8261657,2.0
1765030566.8368192,2.0
1765030566.8474402,2.0
1765030566.858089,2.0
1765030566.8686922,2.0
1765030566.8793352,2.0
1765030566.8899965,2.0
1765030566.900633,2.0
1765030566.9111936,2.0
1765030566.9219775,2.0
1765030566.9325728,2.0
1765030566.943188,2.0
1765030566.953795,2.0
1765030566.9644284,2.0
1765030566.9750025,2.0
1765030566.985768,2.0
1765030566.9963882,2.0
1765030567.0070202,2.0
1765030567.0176044,2.0
1765030567.0281694,2.0
1765030567.038756,2.0
1765030567.0493891,2.0
1765030567.0599856,2.0
1765030567.0705492,2.0
1765030567.0811203,2.0
1765030567.0917535,2.0
1765030567.1023343,2.0
1765030567.1131196,2.0
1765030567.123765,2.0
1765030567.1344156,2.0
1765030567.145109,2.0
1765030567.1557562,2.0
1765030567.166434,2.0
1765030567.1770563,2.0
1765030567.1882682,2.0
1765030567.19881,2.0
1765030567.2093735,2.0
1765030567.2200398,2.0
1765030567.2307549,2.0
1765030567.241422,2.0
1765030567.2532554,2.0
1765030567.274219,2.0
1765030567.2884002,1.0
1765030567.2986848,2.0
1765030567.3092337,2.0
1765030567.3198638,2.0
1765030567.330466,2.0
1765030567.3411145,2.0
1765030567.3517122,2.0
1765030567.362367,2.0
1765030567.3729641,2.0
1765030567.3835711,2.0
1765030567.3941903,2.0
1765030567.4048,2.0
1765030567.4154212,2.0
1765030567.4261053,2.0
1765030567.4367375,2.0
1765030567.4473503,2.0
1765030567.4579315,2.0
1765030567.4685607,2.0
1765030567.479193,2.0
1765030567.4901047,2.0
1765030567.5008516,2.0
1765030567.511462,2.0
1765030567.5220726,2.0
1765030567.5327027,2.0
1765030567.5432968,2.0
1765030567.5540233,2.0
1765030567.5647936,2.0
1765030567.5754666,2.0
1765030567.5861564,2.0
1765030567.5968096,2.0
1765030567.6074457,2.0
1765030567.618144,2.0
1765030567.6287532,2.0
1765030567.6393883,2.0
1765030567.650138,2.0
1765030567.660729,2.0
1765030567.6713233,2.0
1765030567.6822217,2.0
1765030567.6930096,2.0
1765030567.7037745,2.0
1765030567.7143846,2.0
1765030567.7252526,2.0
1765030567.7359798,2.0
1765030567.7467184,2.0
1765030567.7573485,2.0
1765030567.7679513,2.0
1765030567.7785966,2.0
1765030567.7892482,2.0
1765030567.7998695,2.0
1765030567.8104675,2.0
1765030567.8211327,2.0
1765030567.8317502,2.0
1765030567.8423493,2.0
1765030567.8529382,2.0
1765030567.8635502,2.0
1765030567.8742275,2.0
1765030567.8848696,2.0
1765030567.8956547,2.0
1765030567.9062498,2.0
1765030567.9168713,2.0
1765030567.9274745,2.0
1765030567.9380884,2.0
1765030567.9486523,2.0
1765030567.9592931,2.0
1765030567.9701545,2.0
1765030567.9808154,2.0
1765030567.9914436,2.0
1765030568.0020468,2.0
1765030568.0126748,2.0
1765030568.0233123,2.0
1765030568.0339212,2.0
1765030568.0445502,2.0
1765030568.0551524,2.0
1765030568.0657687,2.0
1765030568.076372,2.0
1765030568.0869985,2.0
1765030568.097622,2.0
1765030568.1082993,2.0
1765030568.1189053,2.0
1765030568.12969,2.0
1765030568.1403239,2.0
1765030568.1510792,2.0
1765030568.161797,2.0
1765030568.1724386,2.0
1765030568.182976,2.0
1765030568.19364,2.0
1765030568.2042706,2.0
1765030568.2149029,2.0
1765030568.2255235,2.0
1765030568.236334,2.0
1765030568.2469385,2.0
1765030568.2590175,2.0
1765030568.2719016,2.0
1765030568.2829995,2.0
1765030568.293627,2.0
1765030568.304304,2.0
1765030568.3149047,2.0
1765030568.3255794,2.0
1765030568.3363535,2.0
1765030568.3469906,2.0
1765030568.3576584,2.0
1765030568.3682272,2.0
1765030568.3788953,2.0
1765030568.3897398,2.0
1765030568.400334,2.0
1765030568.410966,2.0
1765030568.4217596,2.0
1765030568.4324353,2.0
1765030568.4430325,2.0
1765030568.4536383,2.0
1765030568.464232,2.0
1765030568.4748766,2.0
1765030568.4855006,2.0
1765030568.4963093,2.0
1765030568.5069287,2.0
1765030568.5175335,2.0
1765030568.5281487,2.0
1765030568.5387704,2.0
1765030568.5493867,2.0
1765030568.5599844,2.0
1765030568.570675,2.0
1765030568.5812852,2.0
1765030568.5919065,2.0
1765030568.6025975,2.0
1765030568.6131668,2.0
1765030568.6237774,2.0
1765030568.6343925,2.0
1765030568.6451669,2.0
1765030568.6559544,2.0
1765030568.666545,2.0
1765030568.6771753,2.0
1765030568.688048,2.0
1765030568.6986618,2.0
1765030568.7093892,2.0
1765030568.7199955,2.0
1765030568.7306905,2.0
1765030568.7412841,2.0
1765030568.7518842,2.0
1765030568.7627118,2.0
1765030568.7733386,2.0
1765030568.78395,2.0
1765030568.7945628,2.0
1765030568.805174,2.0
1765030568.8157847,2.0
1765030568.8264155,2.0
1765030568.8369966,2.0
1765030568.8476532,2.0
1765030568.858245,2.0
1765030568.8689027,2.0
1765030568.8795116,2.0
1765030568.890119,2.0
1765030568.9008002,2.0
1765030568.911456,2.0
1765030568.9220524,2.0
1765030568.9327095,2.0
1765030568.9433155,2.0
1765030568.9540248,2.0
1765030568.9646246,2.0
1765030568.9752688,2.0
1765030568.9858716,2.0
1765030568.9965153,2.0
1765030569.0071013,2.0
1765030569.0176706,2.0
1765030569.0283015,2.0
1765030569.0388715,2.0
1765030569.0494547,2.0
1765030569.0600603,2.0
1765030569.0706632,2.0
1765030569.081254,2.0
1765030569.092095,2.0
1765030569.1026757,2.0
1765030569.1132984,2.0
1765030569.123898,2.0
1765030569.1344783,2.0
1765030569.1451318,2.0
1765030569.155748,2.0
1765030569.1663945,2.0
1765030569.177003,2.0
1765030569.1875803,2.0
1765030569.1982012,2.0
1765030569.2087798,2.0
1765030569.2194333,2.0
1765030569.230066,2.0
1765030569.2408276,2.0
1765030569.2515056,2.0
1765030569.2627678,2.0
1765030569.2736077,2.0
1765030569.2842796,2.0
1765030569.2948682,2.0
1765030569.3054805,2.0
1765030569.3160527,2.0
1765030569.326755,2.0
1765030569.3373609,2.0
1765030569.347987,2.0
1765030569.3587239,2.0
1765030569.3693645,2.0
1765030569.3800056,2.0
1765030569.390595,2.0
1765030569.4012144,2.0
1765030569.4118485,2.0
1765030569.4225428,2.0
1765030569.4330668,2.0
1765030569.4436438,2.0
1765030569.4542484,2.0
1765030569.4648771,2.0
1765030569.475457,2.0
1765030569.4860332,2.0
1765030569.4968061,2.0
1765030569.5074718,2.0
1765030569.5180724,2.0
1765030569.5286932,2.0
1765030569.5393503,2.0
1765030569.5499282,2.0
1765030569.560536,2.0
1765030569.5711355,2.0
1765030569.5819027,2.0
1765030569.5924656,2.0
1765030569.6030111,2.0
1765030569.6135938,2.0
1765030569.6241899,2.0
1765030569.6347735,2.0
1765030569.645536,2.0
1765030569.6561139,2.0
1765030569.6667228,2.0
1765030569.6772733,2.0
1765030569.6879547,2.0
1765030569.6985252,2.0
1765030569.709111,2.0
1765030569.7197392,2.0
1765030569.7303362,2.0
1765030569.7409096,2.0
1765030569.7514517,2.0
1765030569.762083,2.0
1765030569.7726655,2.0
1765030569.7832792,2.0
1765030569.7938516,2.0
1765030569.8043885,2.0
1765030569.8149688,2.0
1765030569.8256898,2.0
1765030569.8362427,2.0
1765030569.8468242,2.0
1765030569.8574545,2.0
1765030569.8679793,2.0
1765030569.8785775,2.0
1765030569.8892765,2.0
1765030569.899811,2.0
1765030569.9104047,2.0
1765030569.9210124,2.0
1765030569.9315703,2.0
1765030569.9422026,2.0
1765030569.9527574,2.0
1765030569.9634583,2.0
1765030569.974037,2.0
1765030569.984686,2.0
1765030569.99532,2.0
1765030570.0060184,2.0
1765030570.0166304,2.0
1765030570.027184,2.0
1765030570.0377984,2.0
1765030570.0483713,2.0
1765030570.058959,2.0
1765030570.0696106,2.0
1765030570.080192,2.0
1765030570.090805,2.0
1765030570.1013837,2.0
1765030570.1120129,2.0
1765030570.122608,2.0
1765030570.133256,2.0
1765030570.143817,2.0
1765030570.1544406,2.0
1765030570.1651387,2.0
1765030570.1757073,2.0
1765030570.1862996,2.0
1765030570.1969738,2.0
1765030570.2075346,2.0
1765030570.218081,2.0
1765030570.22871,2.0
1765030570.2394307,2.0
1765030570.2513268,2.0
1765030570.2623003,2.0
1765030570.2730396,2.0
1765030570.2836802,2.0
1765030570.2943013,2.0
1765030570.3049865,2.0
1765030570.315577,2.0
1765030570.32629,2.0
1765030570.3369591,2.0
1765030570.3475487,2.0
1765030570.3581262,2.0
1765030570.3687477,2.0
1765030570.3793,2.0
1765030570.3899095,2.0
1765030570.4006224,2.0
1765030570.4112074,2.0
1765030570.4221168,2.0
1765030570.432709,2.0
1765030570.4432523,2.0
1765030570.4538183,2.0
1765030570.4643953,2.0
1765030570.474959,2.0
1765030570.4857419,2.0
1765030570.4963477,2.0
1765030570.5070713,2.0
1765030570.5175946,2.0
1765030570.5281656,2.0
1765030570.5388796,2.0
1765030570.5494251,2.0
1765030570.5600538,2.0
1765030570.5706477,2.0
1765030570.581252,2.0
1765030570.591927,2.0
1765030570.6024694,2.0
1765030570.613217,2.0
1765030570.6237435,2.0
1765030570.6342962,2.0
1765030570.6451116,2.0
1765030570.6557658,2.0
1765030570.6664412,2.0
1765030570.6769764,2.0
1765030570.687688,2.0
1765030570.6982276,2.0
1765030570.7093108,2.0
1765030570.7199767,2.0
1765030570.730547,2.0
1765030570.741122,2.0
1765030570.7516742,2.0
1765030570.762284,2.0
1765030570.7729747,2.0
1765030570.783568,2.0
1765030570.7941487,2.0
1765030570.8047266,2.0
1765030570.8153434,2.0
1765030570.8258264,2.0
1765030570.8365312,2.0
1765030570.8470826,2.0
1765030570.8577514,2.0
1765030570.8683467,2.0
1765030570.8789108,2.0
1765030570.889458,2.0
1765030570.9000475,2.0
1765030570.9106185,2.0
1765030570.921181,2.0
1765030570.9318817,2.0
1765030570.942451,2.0
1765030570.9530103,2.0
1765030570.9635763,2.0
1765030570.974233,2.0
1765030570.9849832,2.0
1765030570.995571,2.0
1765030571.0061376,2.0
1765030571.016833,2.0
1765030571.0274334,2.0
1765030571.038033,2.0
1765030571.048587,2.0
1765030571.0591552,2.0
1765030571.069776,2.0
1765030571.0803382,2.0
1765030571.0908678,2.0
1765030571.1014798,2.0
1765030571.1120465,2.0
1765030571.1226993,2.0
1765030571.1332812,2.0
1765030571.1438234,2.0
1765030571.1543717,2.0
1765030571.1649358,2.0
1765030571.1754837,2.0
1765030571.1860812,2.0
1765030571.196623,2.0
1765030571.2071788,2.0
1765030571.2178102,2.0
1765030571.2283835,2.0
1765030571.2389426,2.0
1765030571.2495086,2.0
1765030571.2610862,2.0
1765030571.2722406,2.0
1765030571.2828171,2.0
1765030571.2935011,2.0
1765030571.3040743,2.0
1765030571.3146791,2.0
1765030571.3253894,2.0
1765030571.33592,2.0
1765030571.3464975,2.0
1765030571.3570924,2.0
1765030571.3676639,2.0
1765030571.3782878,2.0
1765030571.388862,2.0
1765030571.3994422,2.0
1765030571.4100387,2.0
1765030571.4207902,2.0
1765030571.4313996,2.0
1765030571.4419632,2.0
1765030571.4525034,2.0
1765030571.4630876,2.0
1765030571.4736662,2.0
1765030571.4843686,2.0
1765030571.495062,2.0
1765030571.5057616,2.0
1765030571.5163708,2.0
1765030571.5269036,2.0
1765030571.5374935,2.0
1765030571.548048,2.0
1765030571.5587125,2.0
1765030571.5693157,2.0
1765030571.5798552,2.0
1765030571.590449,2.0
1765030571.6010265,2.0
1765030571.6117234,2.0
1765030571.6222556,2.0
1765030571.632802,2.0
1765030571.6433938,2.0
1765030571.6540506,2.0
1765030571.6645904,2.0
1765030571.6751006,2.0
1765030571.6857054,2.0
1765030571.6963077,2.0
1765030571.7068598,2.0
1765030571.7175076,2.0
1765030571.7281618,2.0
1765030571.7387316,2.0
1765030571.7492774,2.0
1765030571.7598934,2.0
1765030571.7705526,2.0
1765030571.7811112,2.0
1765030571.791712,2.0
1765030571.8022487,2.0
1765030571.8128452,2.0
1765030571.8234508,2.0
1765030571.834109,2.0
1765030571.8446887,2.0
1765030571.8552415,2.0
1765030571.8658485,2.0
1765030571.876487,2.0
1765030571.8870234,2.0
1765030571.8977509,2.0
1765030571.9083083,2.0
1765030571.9188695,2.0
1765030571.9295247,2.0
1765030571.9400759,2.0
1765030571.950753,2.0
1765030571.961353,2.0
1765030571.9719834,2.0
1765030571.982575,2.0
1765030571.9931622,2.0
1765030572.0037694,2.0
1765030572.0143187,2.0
1765030572.0250118,2.0
1765030572.035564,2.0
1765030572.0461469,2.0
1765030572.0567513,2.0
1765030572.0673902,2.0
1765030572.0779626,2.0
1765030572.088556,2.0
1765030572.0992317,2.0
1765030572.109771,2.0
1765030572.1203628,2.0
1765030572.1309154,2.0
1765030572.141553,2.0
1765030572.1520784,2.0
1765030572.1626294,2.0
1765030572.1732223,2.0
1765030572.1837575,2.0
1765030572.19439,2.0
1765030572.204956,2.0
1765030572.215497,2.0
1765030572.2261822,2.0
1765030572.2367249,2.0
1765030572.2473128,2.0
1765030572.2583983,2.0
1765030572.2692957,2.0
1765030572.292324,1.0
1765030572.3026073,2.0
1765030572.31308,2.0
1765030572.323652,2.0
1765030572.334187,2.0
1765030572.3447697,2.0
1765030572.3553479,2.0
1765030572.3660636,2.0
1765030572.3766944,2.0
1765030572.3872464,2.0
1765030572.3978112,2.0
1765030572.4084191,2.0
1765030572.418973,2.0
1765030572.429622,2.0
1765030572.440177,2.0
1765030572.4507704,2.0
1765030572.4613338,2.0
1765030572.4719992,2.0
1765030572.482545,2.0
1765030572.4931355,2.0
1765030572.504075,2.0
1765030572.5146677,2.0
1765030572.5252733,2.0
1765030572.5358577,2.0
1765030572.546423,2.0
1765030572.5570204,2.0
1765030572.5676265,2.0
1765030572.5781384,2.0
1765030572.5887046,2.0
1765030572.5993252,2.0
1765030572.60996,2.0
1765030572.6205344,2.0
1765030572.6311052,2.0
1765030572.641834,2.0
1765030572.652574,2.0
1765030572.6631632,2.0
1765030572.6737828,2.0
1765030572.6844926,2.0
1765030572.6950827,2.0
1765030572.705658,2.0
1765030572.7165644,2.0
1765030572.7272458,2.0
1765030572.7378347,2.0
1765030572.748458,2.0
1765030572.7589912,2.0
1765030572.7695537,2.0
1765030572.7801323,2.0
1765030572.790703,2.0
1765030572.8012893,2.0
1765030572.8119469,2.0
1765030572.8225532,2.0
1765030572.8332415,2.0
1765030572.8438056,2.0
1765030572.8544047,2.0
1765030572.8649616,2.0
1765030572.8756099,2.0
1765030572.8862944,2.0
1765030572.8968182,2.0
1765030572.9074564,2.0
1765030572.9181626,2.0
1765030572.9287255,2.0
1765030572.9393096,2.0
1765030572.949987,2.0
1765030572.960586,2.0
1765030572.9712107,2.0
1765030572.9817955,2.0
1765030572.9924366,2.0
1765030573.0029655,2.0
1765030573.0135217,2.0
1765030573.0241413,2.0
1765030573.0346632,2.0
1765030573.045199,2.0
1765030573.055819,2.0
1765030573.0664654,2.0
1765030573.0770805,2.0
1765030573.087616,2.0
1765030573.0981967,2.0
1765030573.1087728,2.0
1765030573.1193936,2.0
1765030573.1299393,2.0
1765030573.1404998,2.0
1765030573.151087,2.0
1765030573.1616848,2.0
1765030573.1722677,2.0
1765030573.1829112,2.0
1765030573.1935194,2.0
1765030573.2040908,2.0
1765030573.21468,2.0
1765030573.2253387,2.0
1765030573.2358902,2.0
1765030573.2464359,2.0
1765030573.2580392,2.0
1765030573.2686877,2.0
1765030573.2792213,2.0
1765030573.2898216,2.0
1765030573.3054488,1.0
1765030573.319113,1.0
1765030573.3293993,2.0
1765030573.3401492,2.0
1765030573.3507726,2.0
1765030573.3613381,2.0
1765030573.3719304,2.0
1765030573.382504,2.0
1765030573.3931055,2.0
1765030573.4037066,2.0
1765030573.414255,2.0
1765030573.4251084,2.0
1765030573.4357166,2.0
1765030573.4462538,2.0
1765030573.456858,2.0
1765030573.4674554,2.0
1765030573.4780443,2.0
1765030573.4885943,2.0
1765030573.4992323,2.0
1765030573.5099022,2.0
1765030573.5204656,2.0
1765030573.5310524,2.0
1765030573.5417392,2.0
1765030573.552317,2.0
1765030573.562874,2.0
1765030573.5734308,2.0
1765030573.5840132,2.0
1765030573.594554,2.0
1765030573.6051133,2.0
1765030573.6156662,2.0
1765030573.6263452,2.0
1765030573.6369035,2.0
1765030573.6475275,2.0
1765030573.6582258,2.0
1765030573.6688206,2.0
1765030573.6793697,2.0
1765030573.6901505,2.0
1765030573.700754,2.0
1765030573.7113383,2.0
1765030573.7221825,2.0
1765030573.7327762,2.0
1765030573.7433238,2.0
1765030573.7538953,2.0
1765030573.7644513,2.0
1765030573.77503,2.0
1765030573.785617,2.0
1765030573.7962174,2.0
1765030573.8068416,2.0
1765030573.8174405,2.0
1765030573.8281026,2.0
1765030573.8386905,2.0
1765030573.8492231,2.0
1765030573.859829,2.0
1765030573.8704057,2.0
1765030573.8809805,2.0
1765030573.8916183,2.0
1765030573.9021945,2.0
1765030573.9127655,2.0
1765030573.9233513,2.0
1765030573.9340966,2.0
1765030573.9448242,2.0
1765030573.9554,2.0
1765030573.965938,2.0
1765030573.9766192,2.0
1765030573.9873888,2.0
1765030573.9979355,2.0
1765030574.008529,2.0
1765030574.0190928,2.0
1765030574.029788,2.0
1765030574.0403645,2.0
1765030574.0509489,2.0
1765030574.0615296,2.0
1765030574.0721374,2.0
1765030574.0827596,2.0
1765030574.0933084,2.0
1765030574.1038654,2.0
1765030574.1144378,2.0
1765030574.1250074,2.0
1765030574.135685,2.0
1765030574.1462595,2.0
1765030574.156835,2.0
1765030574.1675003,2.0
1765030574.178136,2.0
1765030574.188668,2.0
1765030574.1992273,2.0
1765030574.2098734,2.0
1765030574.220475,2.0
1765030574.2310517,2.0
1765030574.241717,2.0
1765030574.2535114,2.0
1765030574.2641528,2.0
1765030574.2748053,2.0
1765030574.2853675,2.0
1765030574.2958946,2.0
1765030574.3064601,2.0
1765030574.317034,2.0
1765030574.3276172,2.0
1765030574.3382585,2.0
1765030574.3538888,1.0
1765030574.3677585,1.0
1765030574.3780339,2.0
1765030574.3885348,2.0
1765030574.399116,2.0
1765030574.4096823,2.0
1765030574.420283,2.0
1765030574.4309561,2.0
1765030574.441548,2.0
1765030574.4522233,2.0
1765030574.4627893,2.0
1765030574.4733973,2.0
1765030574.4840481,2.0
1765030574.4947689,2.0
1765030574.50549,2.0
1765030574.5160606,2.0
1765030574.5266302,2.0
1765030574.5371637,2.0
1765030574.5477352,2.0
1765030574.558311,2.0
1765030574.5689268,2.0
1765030574.579568,2.0
1765030574.590093,2.0
1765030574.6006846,2.0
1765030574.6112719,2.0
1765030574.6219835,2.0
1765030574.6325421,2.0
1765030574.6431031,2.0
1765030574.6537375,2.0
1765030574.6643367,2.0
1765030574.6749368,2.0
1765030574.6855657,2.0
1765030574.6961205,2.0
1765030574.7067063,2.0
1765030574.7176619,2.0
1765030574.728299,2.0
1765030574.7388418,2.0
1765030574.7494469,2.0
1765030574.760243,2.0
1765030574.7708893,2.0
1765030574.7816105,2.0
1765030574.7924888,2.0
1765030574.8031747,2.0
1765030574.8138602,2.0
1765030574.8246002,2.0
1765030574.835376,2.0
1765030574.8461199,2.0
1765030574.8568563,2.0
1765030574.867561,2.0
1765030574.8783882,2.0
1765030574.8890314,2.0
1765030574.899799,2.0
1765030574.9106328,2.0
1765030574.9213772,2.0
1765030574.9321327,2.0
1765030574.9429786,2.0
1765030574.9536989,2.0
1765030574.9645448,2.0
1765030574.975302,2.0
1765030574.9860475,2.0
1765030574.9969938,2.0
1765030575.007723,2.0
1765030575.0184517,2.0
1765030575.0291946,2.0
1765030575.0398772,2.0
1765030575.0507545,2.0
1765030575.061501,2.0
1765030575.0722594,2.0
1765030575.0829992,2.0
1765030575.09382,2.0
1765030575.104566,2.0
1765030575.115363,2.0
1765030575.1260757,2.0
1765030575.137586,2.0
1765030575.1482992,2.0
1765030575.1589875,2.0
1765030575.169833,2.0
1765030575.1805391,2.0
1765030575.191255,2.0
1765030575.2019477,2.0
1765030575.212788,2.0
1765030575.2234497,2.0
1765030575.2341108,2.0
1765030575.2448442,2.0
1765030575.2567198,2.0
1765030575.2674267,2.0
1765030575.2781081,2.0
1765030575.288924,2.0
1765030575.2996542,2.0
1765030575.3103285,2.0
1765030575.3209958,2.0
1765030575.331726,2.0
1765030575.3423862,2.0
1765030575.353084,2.0
1765030575.3637936,2.0
1765030575.3744664,2.0
1765030575.3855789,2.0
1765030575.396277,2.0
1765030575.4069552,2.0
1765030575.4176257,2.0
1765030575.4285903,2.0
1765030575.4392686,2.0
1765030575.4499705,2.0
1765030575.4606345,2.0
1765030575.4713793,2.0
1765030575.482056,2.0
1765030575.4928277,2.0
1765030575.503687,2.0
1765030575.5143657,2.0
1765030575.5250888,2.0
1765030575.5357845,2.0
1765030575.5465288,2.0
1765030575.5572531,2.0
1765030575.5679636,2.0
1765030575.5786386,2.0
1765030575.5893579,2.0
1765030575.6000462,2.0
1765030575.610881,2.0
1765030575.6215324,2.0
1765030575.6322417,2.0
1765030575.642988,2.0
1765030575.6538281,2.0
1765030575.664514,2.0
1765030575.6752067,2.0
1765030575.6860726,2.0
1765030575.6967866,2.0
1765030575.7089167,2.0
1765030575.719995,2.0
1765030575.7306914,2.0
1765030575.74137,2.0
1765030575.752065,2.0
1765030575.7628527,2.0
1765030575.7735436,2.0
1765030575.7842212,2.0
1765030575.795117,2.0
1765030575.8057733,2.0
1765030575.8164625,2.0
1765030575.8271492,2.0
1765030575.83785,2.0
1765030575.848613,2.0
1765030575.8592925,2.0
1765030575.8701072,2.0
1765030575.8808186,2.0
1765030575.8914905,2.0
1765030575.9021988,2.0
1765030575.91293,2.0
1765030575.9237516,2.0
1765030575.9344578,2.0
1765030575.9451802,2.0
1765030575.9558973,2.0
1765030575.9666786,2.0
1765030575.9773614,2.0
1765030575.9880948,2.0
1765030575.9987552,2.0
1765030576.0094352,2.0
1765030576.0201015,2.0
1765030576.0308657,2.0
1765030576.0415158,2.0
1765030576.052198,2.0
1765030576.0628757,2.0
1765030576.073662,2.0
1765030576.084371,2.0
1765030576.0950737,2.0
1765030576.1057818,2.0
1765030576.1165364,2.0
1765030576.1272268,2.0
1765030576.137911,2.0
1765030576.148658,2.0
1765030576.1592093,2.0
1765030576.169906,2.0
1765030576.1806247,2.0
1765030576.1913462,2.0
1765030576.2021327,2.0
1765030576.2128086,2.0
1765030576.2233965,2.0
1765030576.2340755,2.0
1765030576.244773,2.0
1765030576.2560556,2.0
1765030576.267167,2.0
1765030576.2779639,2.0
1765030576.2886193,2.0
1765030576.2993405,2.0
1765030576.3100178,2.0
1765030576.3208518,2.0
1765030576.331559,2.0
1765030576.3422472,2.0
1765030576.353111,2.0
1765030576.363791,2.0
1765030576.3745663,2.0
1765030576.385252,2.0
1765030576.3959963,2.0
1765030576.406814,2.0
1765030576.4175074,2.0
1765030576.428348,2.0
1765030576.4390507,2.0
1765030576.4498668,2.0
1765030576.4604428,2.0
1765030576.4711363,2.0
1765030576.481847,2.0
1765030576.4925652,2.0
1765030576.503521,2.0
1765030576.514177,2.0
1765030576.5248983,2.0
1765030576.535615,2.0
1765030576.5463877,2.0
1765030576.5571728,2.0
1765030576.5678964,2.0
1765030576.578579,2.0
1765030576.5893416,2.0
1765030576.6000652,2.0
1765030576.6107118,2.0
1765030576.62141,2.0
1765030576.6321895,2.0
1765030576.6428769,2.0
1765030576.653675,2.0
1765030576.6643581,2.0
1765030576.6750083,2.0
1765030576.6859052,2.0
1765030576.696558,2.0
1765030576.707221,2.0
1765030576.7183638,2.0
1765030576.7291126,2.0
1765030576.7398067,2.0
1765030576.750556,2.0
1765030576.7612681,2.0
1765030576.7720566,2.0
1765030576.7827837,2.0
1765030576.7934358,2.0
1765030576.8041687,2.0
1765030576.8149261,2.0
1765030576.8256104,2.0
1765030576.836293,2.0
1765030576.8470657,2.0
1765030576.857739,2.0
1765030576.8684306,2.0
1765030576.8792002,2.0
1765030576.889905,2.0
1765030576.9006052,2.0
1765030576.9112847,2.0
1765030576.9220712,2.0
1765030576.9327514,2.0
1765030576.9434643,2.0
1765030576.9541368,2.0
1765030576.9649098,2.0
1765030576.975676,2.0
1765030576.9863648,2.0
1765030576.9970734,2.0
1765030577.0078328,2.0
1765030577.0185301,2.0
1765030577.0292163,2.0
1765030577.0399413,2.0
1765030577.0507157,2.0
1765030577.0614257,2.0
1765030577.0721304,2.0
1765030577.0829527,2.0
1765030577.0936782,2.0
1765030577.1044493,2.0
1765030577.115141,2.0
1765030577.1258206,2.0
1765030577.136485,2.0
1765030577.1472225,2.0
1765030577.1579094,2.0
1765030577.168666,2.0
1765030577.1794553,2.0
1765030577.1901684,2.0
1765030577.2009,2.0
1765030577.2116213,2.0
1765030577.2222974,2.0
1765030577.2329593,2.0
1765030577.2436762,2.0
1765030577.2558918,2.0
1765030577.266548,2.0
1765030577.2772396,2.0
1765030577.287911,2.0
1765030577.2986088,2.0
1765030577.3093834,2.0
1765030577.3200998,2.0
1765030577.3308122,2.0
1765030577.3415096,2.0
1765030577.3522136,2.0
1765030577.3629248,2.0
1765030577.3736577,2.0
1765030577.384341,2.0
1765030577.3950467,2.0
1765030577.405749,2.0
1765030577.416526,2.0
1765030577.427437,2.0
1765030577.4382918,2.0
1765030577.4490404,2.0
1765030577.4598112,2.0
1765030577.4705596,2.0
1765030577.481414,2.0
1765030577.492222,2.0
1765030577.5029655,2.0
1765030577.5136955,2.0
1765030577.52437,2.0
1765030577.5350227,2.0
1765030577.5457408,2.0
1765030577.5564096,2.0
1765030577.567087,2.0
1765030577.5778415,2.0
1765030577.588527,2.0
1765030577.5993428,2.0
1765030577.6099684,2.0
1765030577.620653,2.0
1765030577.6314251,2.0
1765030577.6421227,2.0
1765030577.6529803,2.0
1765030577.6636512,2.0
1765030577.6743455,2.0
1765030577.6854517,2.0
1765030577.6961262,2.0
1765030577.7069435,2.0
1765030577.7176633,2.0
1765030577.7284908,2.0
1765030577.7392163,2.0
1765030577.7499187,2.0
1765030577.7606566,2.0
1765030577.7714229,2.0
1765030577.7822213,2.0
1765030577.7929873,2.0
1765030577.8037355,2.0
1765030577.8145292,2.0
1765030577.825234,2.0
1765030577.836001,2.0
1765030577.8466737,2.0
1765030577.8574002,2.0
1765030577.868125,2.0
1765030577.8788102,2.0
1765030577.8896081,2.0
1765030577.900243,2.0
1765030577.91105,2.0
1765030577.9217365,2.0
1765030577.9325778,2.0
1765030577.943255,2.0
1765030577.953929,2.0
1765030577.9647574,2.0
1765030577.9755158,2.0
1765030577.9863477,2.0
1765030577.9970112,2.0
1765030578.0077138,2.0
1765030578.018439,2.0
1765030578.0291362,2.0
1765030578.0398781,2.0
1765030578.0505712,2.0
1765030578.0612495,2.0
1765030578.0720906,2.0
1765030578.0828035,2.0
1765030578.0935173,2.0
1765030578.1042802,2.0
1765030578.114975,2.0
1765030578.1257374,2.0
1765030578.1365132,2.0
1765030578.1472487,2.0
1765030578.1579392,2.0
1765030578.168643,2.0
1765030578.179467,2.0
1765030578.1902072,2.0
1765030578.2009473,2.0
1765030578.2117088,2.0
1765030578.2224567,2.0
1765030578.2331305,2.0
1765030578.243918,2.0
1765030578.2557907,2.0
1765030578.2666075,2.0
1765030578.2773192,2.0
1765030578.287998,2.0
1765030578.2988408,2.0
1765030578.3095813,2.0
1765030578.320242,2.0
1765030578.3310528,2.0
1765030578.341746,2.0
1765030578.3524857,2.0
1765030578.3631828,2.0
1765030578.3740273,2.0
1765030578.384799,2.0
1765030578.395488,2.0
1765030578.4062119,2.0
1765030578.4169645,2.0
1765030578.4279711,2.0
1765030578.4389107,2.0
1765030578.449623,2.0
1765030578.4603484,2.0
1765030578.4710498,2.0
1765030578.4817617,2.0
1765030578.4925497,2.0
1765030578.5032377,2.0
1765030578.5140197,2.0
1765030578.5247202,2.0
1765030578.5354507,2.0
1765030578.5461478,2.0
1765030578.5568492,2.0
1765030578.5675733,2.0
1765030578.5783935,2.0
1765030578.5890527,2.0
1765030578.5997732,2.0
1765030578.610412,2.0
1765030578.621101,2.0
1765030578.6318212,2.0
1765030578.6426055,2.0
1765030578.6536064,2.0
1765030578.6643171,2.0
1765030578.6751282,2.0
1765030578.686039,2.0
1765030578.696767,2.0
1765030578.7074895,2.0
1765030578.7182522,2.0
1765030578.7290752,2.0
1765030578.739784,2.0
1765030578.7505524,2.0
1765030578.76125,2.0
1765030578.7719588,2.0
1765030578.7828171,2.0
1765030578.793567,2.0
1765030578.8042588,2.0
1765030578.8149593,2.0
1765030578.8257012,2.0
1765030578.8364682,2.0
1765030578.8471813,2.0
1765030578.857958,2.0
1765030578.868654,2.0
1765030578.879409,2.0
1765030578.8900936,2.0
1765030578.9008062,2.0
1765030578.911458,2.0
1765030578.9221978,2.0
1765030578.9328713,2.0
1765030578.943696,2.0
1765030578.9544163,2.0
1765030578.96512,2.0
1765030578.9757538,2.0
1765030578.9866576,2.0
1765030578.9973664,2.0
1765030579.0080705,2.0
1765030579.0188649,2.0
1765030579.0296433,2.0
1765030579.0403786,2.0
1765030579.0511065,2.0
1765030579.0618806,2.0
1765030579.0726209,2.0
1765030579.0833635,2.0
1765030579.0940678,2.0
1765030579.1048229,2.0
1765030579.1155431,2.0
1765030579.1262693,2.0
1765030579.1369839,2.0
1765030579.1477091,2.0
1765030579.158386,2.0
1765030579.1690948,2.0
1765030579.1798608,2.0
1765030579.1905367,2.0
1765030579.2012055,2.0
1765030579.2118757,2.0
1765030579.2225394,2.0
1765030579.233296,2.0
1765030579.2439654,2.0
1765030579.2551906,2.0
1765030579.2665122,2.0
1765030579.2771962,2.0
1765030579.287949,2.0
1765030579.298646,2.0
1765030579.3094897,2.0
1765030579.3201678,2.0
1765030579.330895,2.0
1765030579.3415644,2.0
1765030579.352345,2.0
1765030579.3630598,2.0
1765030579.373776,2.0
1765030579.384505,2.0
1765030579.3953238,2.0
1765030579.4060342,2.0
1765030579.4167666,2.0
1765030579.4276578,2.0
1765030579.4383407,2.0
1765030579.4490619,2.0
1765030579.4598024,2.0
1765030579.4704902,2.0
1765030579.481397,2.0
1765030579.4922,2.0
1765030579.5028343,2.0
1765030579.513607,2.0
1765030579.5243783,2.0
1765030579.5350828,2.0
1765030579.5457716,2.0
1765030579.5565236,2.0
1765030579.5672414,2.0
1765030579.5779948,2.0
1765030579.5887685,2.0
1765030579.5995085,2.0
1765030579.6102717,2.0
1765030579.6209943,2.0
1765030579.6316707,2.0
1765030579.6424234,2.0
1765030579.653294,2.0
1765030579.6639903,2.0
1765030579.6747427,2.0
1765030579.6855068,2.0
1765030579.696189,2.0
1765030579.706893,2.0
1765030579.7176213,2.0
1765030579.7285886,2.0
1765030579.7393358,2.0
1765030579.7500255,2.0
1765030579.7607458,2.0
1765030579.7714515,2.0
1765030579.782211,2.0
1765030579.7929585,2.0
1765030579.8037553,2.0
1765030579.8144693,2.0
1765030579.825182,2.0
1765030579.8359106,2.0
1765030579.8465967,2.0
1765030579.8573456,2.0
1765030579.868025,2.0
1765030579.8787005,2.0
1765030579.8893933,2.0
1765030579.900131,2.0
1765030579.9108336,2.0
1765030579.921408,2.0
1765030579.9320922,2.0
1765030579.942783,2.0
1765030579.9534955,2.0
1765030579.9641705,2.0
1765030579.9749036,2.0
1765030579.985588,2.0
1765030579.9963815,2.0
1765030580.007075,2.0
1765030580.0177782,2.0
1765030580.028488,2.0
1765030580.0392303,2.0
1765030580.0499485,2.0
1765030580.060715,2.0
1765030580.0714226,2.0
1765030580.082112,2.0
1765030580.092813,2.0
1765030580.1035187,2.0
1765030580.1142201,2.0
1765030580.124943,2.0
1765030580.1356518,2.0
1765030580.1463592,2.0
1765030580.157047,2.0
1765030580.1677709,2.0
1765030580.1784568,2.0
1765030580.1892428,2.0
1765030580.1999278,2.0
1765030580.2106297,2.0
1765030580.2213726,2.0
1765030580.2320483,2.0
1765030580.2427185,2.0
1765030580.25466,2.0
1765030580.265526,2.0
1765030580.2762148,2.0
1765030580.2870226,2.0
1765030580.2977123,2.0
1765030580.3084521,2.0
1765030580.3191626,2.0
1765030580.3297899,2.0
1765030580.3404388,2.0
1765030580.3511312,2.0
1765030580.36191,2.0
1765030580.3725936,2.0
1765030580.3833034,2.0
1765030580.394021,2.0
1765030580.4048092,2.0
1765030580.4154618,2.0
1765030580.4261396,2.0
1765030580.436948,2.0
1765030580.4476838,2.0
1765030580.4583495,2.0
1765030580.4689968,2.0
1765030580.4796984,2.0
1765030580.4905932,2.0
1765030580.501362,2.0
1765030580.5122516,2.0
1765030580.5229354,2.0
1765030580.5336359,2.0
1765030580.5442927,2.0
1765030580.5550005,2.0
1765030580.5658584,2.0
1765030580.5765665,2.0
1765030580.5873017,2.0
1765030580.5979693,2.0
1765030580.608685,2.0
1765030580.6194909,2.0
1765030580.6301444,2.0
1765030580.6409965,2.0
1765030580.652016,2.0
1765030580.6627529,2.0
1765030580.6734095,2.0
1765030580.6841896,2.0
1765030580.694905,2.0
1765030580.7056677,2.0
1765030580.7163868,2.0
1765030580.7271595,2.0
1765030580.7378335,2.0
1765030580.7485502,2.0
1765030580.7592578,2.0
1765030580.7700217,2.0
1765030580.780729,2.0
1765030580.7914374,2.0
1765030580.8020368,2.0
1765030580.812833,2.0
1765030580.8235533,2.0
1765030580.8342566,2.0
1765030580.8450117,2.0
1765030580.8557007,2.0
1765030580.86643,2.0
1765030580.8771133,2.0
1765030580.8878112,2.0
1765030580.8985271,2.0
1765030580.9092174,2.0
1765030580.9199421,2.0
1765030580.9306352,2.0
1765030580.9413834,2.0
1765030580.9521642,2.0
1765030580.9628518,2.0
1765030580.973554,2.0
1765030580.9842823,2.0
1765030580.9949737,2.0
1765030581.005788,2.0
1765030581.0163553,2.0
1765030581.0270095,2.0
1765030581.0377126,2.0
1765030581.0537324,1.0
1765030581.067552,1.0
1765030581.0779412,2.0
1765030581.0885732,2.0
1765030581.099281,2.0
1765030581.1099868,2.0
1765030581.1207051,2.0
1765030581.1313918,2.0
1765030581.1420622,2.0
1765030581.1527352,2.0
1765030581.1634834,2.0
1765030581.1742153,2.0
1765030581.1849544,2.0
1765030581.1957166,2.0
1765030581.2064302,2.0
1765030581.2172685,2.0
1765030581.2281044,2.0
1765030581.2388184,2.0
1765030581.2495205,2.0
1765030581.2613027,2.0
1765030581.2721236,2.0
1765030581.2828453,2.0
1765030581.2936058,2.0
1765030581.3043056,2.0
1765030581.3150039,2.0
1765030581.3257017,2.0
1765030581.3364956,2.0
1765030581.3472002,2.0
1765030581.3578942,2.0
1765030581.368645,2.0
1765030581.3793316,2.0
1765030581.3900943,2.0
1765030581.400847,2.0
1765030581.411602,2.0
1765030581.4223096,2.0
1765030581.4331412,2.0
1765030581.4439027,2.0
1765030581.4546292,2.0
1765030581.4653773,2.0
1765030581.4760752,2.0
1765030581.4867868,2.0
1765030581.4975524,2.0
1765030581.508345,2.0
1765030581.519067,2.0
1765030581.530335,2.0
1765030581.5411296,2.0
1765030581.5518901,2.0
1765030581.5626147,2.0
1765030581.5733879,2.0
1765030581.5839527,2.0
1765030581.5947475,2.0
1765030581.605491,2.0
1765030581.6163378,2.0
1765030581.6269412,2.0
1765030581.63762,2.0
1765030581.6485739,2.0
1765030581.6592133,2.0
1765030581.6699169,2.0
1765030581.6806173,2.0
1765030581.6914158,2.0
1765030581.7021034,2.0
1765030581.7128463,2.0
1765030581.723871,2.0
1765030581.734524,2.0
1765030581.7452302,2.0
1765030581.756011,2.0
1765030581.7667837,2.0
1765030581.7775412,2.0
1765030581.7883372,2.0
1765030581.7990582,2.0
1765030581.8097503,2.0
1765030581.820436,2.0
1765030581.8312995,2.0
1765030581.8419852,2.0
1765030581.852694,2.0
1765030581.8634274,2.0
1765030581.8742702,2.0
1765030581.8850021,2.0
1765030581.8955636,2.0
1765030581.9061348,2.0
1765030581.9169662,2.0
1765030581.9276729,2.0
1765030581.9384193,2.0
1765030581.949122,2.0
1765030581.9598486,2.0
1765030581.970561,2.0
1765030581.981331,2.0
1765030581.9920683,2.0
1765030582.0028076,2.0
1765030582.013594,2.0
1765030582.0243142,2.0
1765030582.0349865,2.0
1765030582.0457046,2.0
1765030582.0563817,2.0
1765030582.0670588,2.0
1765030582.0777807,2.0
1765030582.088503,2.0
1765030582.0991821,2.0
1765030582.1099074,2.0
1765030582.1206574,2.0
1765030582.131457,2.0
1765030582.1421595,2.0
1765030582.152938,2.0
1765030582.1634738,2.0
1765030582.1741621,2.0
1765030582.1848443,2.0
1765030582.1956294,2.0
1765030582.2063327,2.0
1765030582.2170558,2.0
1765030582.2277713,2.0
1765030582.238529,2.0
1765030582.2505982,2.0
1765030582.261272,2.0
1765030582.2721322,2.0
1765030582.2827308,2.0
1765030582.2933893,2.0
1765030582.3040512,2.0
1765030582.3147352,2.0
1765030582.325507,2.0
1765030582.3361933,2.0
1765030582.346917,2.0
1765030582.357621,2.0
1765030582.3683674,2.0
1765030582.3790932,2.0
1765030582.389903,2.0
1765030582.4006252,2.0
1765030582.4113955,2.0
1765030582.4222689,2.0
1765030582.4331298,2.0
1765030582.443842,2.0
1765030582.4546356,2.0
1765030582.4653163,2.0
1765030582.4760401,2.0
1765030582.4868107,2.0
1765030582.4976056,2.0
1765030582.5085096,2.0
1765030582.5192006,2.0
1765030582.5299234,2.0
1765030582.5407119,2.0
1765030582.5515158,2.0
1765030582.562228,2.0
1765030582.5729334,2.0
1765030582.5836756,2.0
1765030582.5944877,2.0
1765030582.6052065,2.0
1765030582.6159325,2.0
1765030582.6266563,2.0
1765030582.6373696,2.0
1765030582.648097,2.0
1765030582.6588101,2.0
1765030582.6695492,2.0
1765030582.6802568,2.0
1765030582.6910915,2.0
1765030582.7019165,2.0
1765030582.712638,2.0
1765030582.7237198,2.0
1765030582.7343643,2.0
1765030582.7451067,2.0
1765030582.7559385,2.0
1765030582.7667565,2.0
1765030582.777426,2.0
1765030582.788159,2.0
1765030582.7989488,2.0
1765030582.8097258,2.0
1765030582.8205395,2.0
1765030582.8313556,2.0
1765030582.8421512,2.0
1765030582.8529017,2.0
1765030582.863741,2.0
1765030582.8745027,2.0
1765030582.8853035,2.0
1765030582.8960555,2.0
1765030582.9069438,2.0
1765030582.917698,2.0
1765030582.928561,2.0
1765030582.9393687,2.0
1765030582.9502149,2.0
1765030582.9609494,2.0
1765030582.9717333,2.0
1765030582.9824986,2.0
1765030582.993269,2.0
1765030583.0039847,2.0
1765030583.014701,2.0
1765030583.025403,2.0
1765030583.0361228,2.0
1765030583.0468178,2.0
1765030583.0577006,2.0
1765030583.0683925,2.0
1765030583.0792186,2.0
1765030583.0899484,2.0
1765030583.1005843,2.0
1765030583.1112466,2.0
1765030583.1220186,2.0
1765030583.1327736,2.0
1765030583.1434648,2.0
1765030583.1542492,2.0
1765030583.1649506,2.0
1765030583.1756783,2.0
1765030583.1865532,2.0
1765030583.197248,2.0
1765030583.2079685,2.0
1765030583.218758,2.0
1765030583.22946,2.0
1765030583.240314,2.0
1765030583.252454,2.0
1765030583.2629778,2.0
1765030583.273713,2.0
1765030583.2844808,2.0
1765030583.295278,2.0
1765030583.30597,2.0
1765030583.316781,2.0
1765030583.3276076,2.0
1765030583.338466,2.0
1765030583.3491707,2.0
1765030583.359946,2.0
1765030583.370765,2.0
1765030583.3815043,2.0
1765030583.3922446,2.0
1765030583.4030087,2.0
1765030583.4139223,2.0
1765030583.4247065,2.0
1765030583.4356036,2.0
1765030583.4463744,2.0
1765030583.4570854,2.0
1765030583.467689,2.0
1765030583.4784124,2.0
1765030583.489559,2.0
1765030583.5001957,2.0
1765030583.5109468,2.0
1765030583.5217557,2.0
1765030583.5324867,2.0
1765030583.5432265,2.0
1765030583.5539773,2.0
1765030583.5648484,2.0
1765030583.575816,2.0
1765030583.586599,2.0
1765030583.5973885,2.0
1765030583.6081364,2.0
1765030583.6189268,2.0
1765030583.6296725,2.0
1765030583.6405313,2.0
1765030583.6514328,2.0
1765030583.6621811,2.0
1765030583.6730514,2.0
1765030583.6837842,2.0
1765030583.6946871,2.0
1765030583.7054722,2.0
1765030583.7162206,2.0
1765030583.7270987,2.0
1765030583.7378242,2.0
1765030583.7485828,2.0
1765030583.7643268,1.0
1765030583.7807918,1.0
1765030583.7928078,2.0
1765030583.8034756,2.0
1765030583.8142064,2.0
1765030583.8251112,2.0
1765030583.8358717,2.0
1765030583.8467054,2.0
1765030583.857529,2.0
1765030583.8683498,2.0
1765030583.8791554,2.0
1765030583.8899472,2.0
1765030583.900712,2.0
1765030583.911526,2.0
1765030583.9224808,2.0
1765030583.93334,2.0
1765030583.944174,2.0
1765030583.9550781,2.0
1765030583.9658988,2.0
1765030583.9767017,2.0
1765030583.98751,2.0
1765030583.9983416,2.0
1765030584.009146,2.0
1765030584.020002,2.0
1765030584.0308614,2.0
1765030584.0416903,2.0
1765030584.0525048,2.0
1765030584.0633183,2.0
1765030584.0741866,2.0
1765030584.0850472,2.0
1765030584.095882,2.0
1765030584.106706,2.0
1765030584.1175623,2.0
1765030584.1285698,2.0
1765030584.1394851,2.0
1765030584.150384,2.0
1765030584.1613023,2.0
1765030584.1721628,2.0
1765030584.1830919,2.0
1765030584.1940923,2.0
1765030584.204962,2.0
1765030584.2158866,2.0
1765030584.2267997,2.0
1765030584.2376974,2.0
1765030584.24864,2.0
1765030584.2609432,2.0
1765030584.2717617,2.0
1765030584.282641,2.0
1765030584.2935483,2.0
1765030584.3044374,2.0
1765030584.3153408,2.0
1765030584.3262544,2.0
1765030584.337172,2.0
1765030584.35081,2.0
1765030584.3613946,2.0
1765030584.3721416,2.0
1765030584.382822,2.0
1765030584.3935153,2.0
1765030584.4043014,2.0
1765030584.4151235,2.0
1765030584.4258084,2.0
1765030584.43675,2.0
1765030584.447585,2.0
1765030584.4583356,2.0
1765030584.4690034,2.0
1765030584.4797945,2.0
1765030584.4907799,2.0
1765030584.501492,2.0
1765030584.512237,2.0
1765030584.523044,2.0
1765030584.5338526,2.0
1765030584.5445294,2.0
1765030584.5553913,2.0
1765030584.566082,2.0
1765030584.576864,2.0
1765030584.5875638,2.0
1765030584.5983734,2.0
1765030584.6091623,2.0
1765030584.6198637,2.0
1765030584.6305275,2.0
1765030584.6411998,2.0
1765030584.6519685,2.0
1765030584.6625633,2.0
1765030584.6731799,2.0
1765030584.6839619,2.0
1765030584.6945963,2.0
1765030584.7053194,2.0
1765030584.7159472,2.0
1765030584.7268507,2.0
1765030584.7374585,2.0
1765030584.7480645,2.0
1765030584.7587488,2.0
1765030584.7693844,2.0
1765030584.7800689,2.0
1765030584.7909665,2.0
1765030584.8016646,2.0
1765030584.812333,2.0
1765030584.8232925,2.0
1765030584.8341525,2.0
1765030584.8450418,2.0
1765030584.8559723,2.0
1765030584.8670185,2.0
1765030584.8779948,2.0
1765030584.8889356,2.0
1765030584.8998785,2.0
1765030584.9108357,2.0
1765030584.9218228,2.0
1765030584.932756,2.0
1765030584.94372,2.0
1765030584.9546726,2.0
1765030584.9655983,2.0
1765030584.9765816,2.0
1765030584.987539,2.0
1765030584.9985354,2.0
1765030585.0094724,2.0
1765030585.020479,2.0
1765030585.0314262,2.0
1765030585.042354,2.0
1765030585.0534763,2.0
1765030585.0644026,2.0
1765030585.0753274,2.0
1765030585.086245,2.0
1765030585.0972712,2.0
1765030585.1082006,2.0
1765030585.1192083,2.0
1765030585.1301877,2.0
1765030585.1411138,2.0
1765030585.1520467,2.0
1765030585.163012,2.0
1765030585.173927,2.0
1765030585.1849074,2.0
1765030585.195832,2.0
1765030585.2067647,2.0
1765030585.2177145,2.0
1765030585.228715,2.0
1765030585.2395103,2.0
1765030585.2504709,2.0
1765030585.2619946,2.0
1765030585.2731419,2.0
1765030585.284059,2.0
1765030585.295077,2.0
1765030585.3060002,2.0
1765030585.3168788,2.0
1765030585.3277476,2.0
1765030585.3385942,2.0
1765030585.3494766,2.0
1765030585.3603406,2.0
1765030585.3711536,2.0
1765030585.3820055,2.0
1765030585.3928337,2.0
1765030585.4037035,2.0
1765030585.4145117,2.0
1765030585.4253702,2.0
1765030585.4362876,2.0
1765030585.4471264,2.0
1765030585.4579928,2.0
1765030585.4790783,2.0
1765030585.4933283,1.0
1765030585.503664,2.0
1765030585.5145922,2.0
1765030585.5253108,2.0
1765030585.536048,2.0
1765030585.5468426,2.0
1765030585.5575607,2.0
1765030585.5682127,2.0
1765030585.5789137,2.0
1765030585.5897067,2.0
1765030585.6004214,2.0
1765030585.6111531,2.0
1765030585.6225643,2.0
1765030585.6332247,2.0
1765030585.6440563,2.0
1765030585.6548595,2.0
1765030585.6656497,2.0
1765030585.6764107,2.0
1765030585.6873765,2.0
1765030585.6980572,2.0
1765030585.7087302,2.0
1765030585.7195177,2.0
1765030585.7301803,2.0
1765030585.7410066,2.0
1765030585.7516823,2.0
1765030585.7623417,2.0
1765030585.7738724,2.0
1765030585.7873282,2.0
1765030585.7979975,2.0
1765030585.8092003,2.0
1765030585.822387,1.0
1765030585.8335338,2.0
1765030585.8442266,2.0
1765030585.8550622,2.0
1765030585.8657954,2.0
1765030585.8764787,2.0
1765030585.88714,2.0
1765030585.8979816,2.0
1765030585.9090679,1.0
1765030585.9204247,1.0
1765030585.9345794,2.0
1765030585.9450674,2.0
1765030585.9558008,2.0
1765030585.9665155,2.0
1765030585.977205,2.0
1765030585.9880369,2.0
1765030585.9987025,2.0
1765030586.0094612,2.0
1765030586.0202436,2.0
1765030586.0309327,2.0
1765030586.0416734,2.0
1765030586.0523684,2.0
1765030586.0630922,2.0
1765030586.0758545,2.0
1765030586.0864325,2.0
1765030586.0971131,2.0
1765030586.107799,2.0
1765030586.1192703,2.0
1765030586.1300611,2.0
1765030586.1408472,2.0
1765030586.1516151,2.0
1765030586.162375,2.0
1765030586.1730926,2.0
1765030586.1838355,2.0
1765030586.2039645,2.0
1765030586.2145123,2.0
1765030586.2296987,2.0
1765030586.242024,2.0
1765030586.254732,2.0
1765030586.26757,2.0
1765030586.2794843,2.0
1765030586.2928195,2.0
1765030586.3058329,2.0
1765030586.3177469,2.0
1765030586.329491,2.0
1765030586.3426414,2.0
1765030586.3536339,2.0
1765030586.3677802,2.0
1765030586.3825336,2.0
1765030586.3951335,2.0
1765030586.406424,2.0
1765030586.4187763,2.0
1765030586.4301765,2.0
1765030586.4431145,2.0
1765030586.455809,2.0
1765030586.4677017,2.0
1765030586.4793608,2.0
1765030586.4936583,2.0
1765030586.5043106,2.0
1765030586.5152323,2.0
1765030586.525967,2.0
1765030586.536729,2.0
1765030586.5476394,2.0
1765030586.5585663,2.0
1765030586.5693796,2.0
1765030586.5836856,2.0
1765030586.595986,2.0
1765030586.607184,2.0
1765030586.6180208,2.0
1765030586.6289122,2.0
1765030586.640703,2.0
1765030586.6515672,2.0
1765030586.662327,2.0
1765030586.6731966,2.0
1765030586.6840835,2.0
1765030586.6947696,2.0
1765030586.7055566,2.0
1765030586.7171054,2.0
1765030586.7281632,2.0
1765030586.7389052,2.0
1765030586.7505288,2.0
1765030586.763461,2.0
1765030586.7752743,1.0
1765030586.7916353,2.0
1765030586.805626,1.0
1765030586.816829,1.0
1765030586.828411,1.0
1765030586.841616,1.0
1765030586.8672743,2.0
1765030586.8895125,2.0
1765030586.9003263,1.0
1765030586.9152722,1.0
1765030586.9354534,2.0
1765030586.9455938,1.0
1765030586.9564433,1.0
1765030586.9665794,1.0
1765030586.9776003,1.0
1765030586.9884393,1.0
1765030587.0000432,1.0
1765030587.0134974,1.0
1765030587.0235696,1.0
1765030587.0374207,1.0
1765030587.0475707,1.0
1765030587.0575876,1.0
1765030587.0785775,2.0
1765030587.0929255,1.0
1765030587.1043944,1.0
1765030587.1175106,1.0
1765030587.1275759,1.0
1765030587.1414537,1.0
1765030587.1515918,1.0
1765030587.1645918,1.0
1765030587.1753902,1.0
1765030587.1855567,1.0
1765030587.1963987,1.0
1765030587.206541,1.0
1765030587.2195394,1.0
1765030587.2295923,1.0
1765030587.2406607,2.0
1765030587.2526042,2.0
1765030587.2639265,2.0
1765030587.2765543,2.0
1765030587.2874608,2.0
1765030587.2982428,2.0
1765030587.3091786,2.0
1765030587.3199863,2.0
1765030587.3308694,2.0
1765030587.341728,2.0
1765030587.352545,2.0
1765030587.3638906,2.0
1765030587.3746057,2.0
1765030587.3854992,2.0
1765030587.3962991,2.0
1765030587.4071245,2.0
1765030587.417924,2.0
1765030587.4313645,2.0
1765030587.4420705,2.0
1765030587.4529777,2.0
1765030587.4637635,2.0
1765030587.4745512,2.0
1765030587.4853292,2.0
1765030587.496302,2.0
1765030587.5070384,2.0
1765030587.5178022,2.0
1765030587.5287085,2.0
1765030587.5395286,2.0
1765030587.550342,2.0
1765030587.5611956,2.0
1765030587.5721476,2.0
1765030587.5829563,2.0
1765030587.5937698,2.0
1765030587.6045346,2.0
1765030587.6153512,2.0
1765030587.626143,2.0
1765030587.6371202,2.0
1765030587.6481583,2.0
1765030587.6588488,2.0
1765030587.6707482,2.0
1765030587.681473,2.0
1765030587.6923692,2.0
1765030587.703131,2.0
1765030587.7140932,2.0
1765030587.7249575,2.0
1765030587.7357721,2.0
1765030587.7466872,2.0
1765030587.757469,2.0
1765030587.7682974,2.0
1765030587.7791493,2.0
1765030587.7899458,2.0
1765030587.8008807,2.0
1765030587.8116713,2.0
1765030587.822486,2.0
1765030587.8333027,2.0
1765030587.8440876,2.0
1765030587.8548958,2.0
1765030587.8657267,2.0
1765030587.8765974,2.0
1765030587.887417,2.0
1765030587.8982303,2.0
1765030587.9089646,2.0
1765030587.91977,2.0
1765030587.9304924,2.0
1765030587.9413755,2.0
1765030587.9520843,2.0
1765030587.9629161,2.0
1765030587.973719,2.0
1765030587.9845152,2.0
1765030587.9953792,2.0
1765030588.0061424,2.0
1765030588.0169308,2.0
1765030588.0277078,2.0
1765030588.0384614,2.0
1765030588.0492322,2.0
1765030588.0599914,2.0
1765030588.0707645,2.0
1765030588.081575,2.0
1765030588.0923488,2.0
1765030588.1030672,2.0
1765030588.1138785,2.0
1765030588.1246622,2.0
1765030588.1354063,2.0
1765030588.1461864,2.0
1765030588.1569524,2.0
1765030588.1677396,2.0
1765030588.1785533,2.0
1765030588.1893938,2.0
1765030588.2001739,2.0
1765030588.210997,2.0
1765030588.2217371,2.0
1765030588.2325222,2.0
1765030588.243269,2.0
1765030588.2552276,2.0
1765030588.2660475,2.0
1765030588.276824,2.0
1765030588.2875414,2.0
1765030588.2982974,2.0
1765030588.309167,2.0
1765030588.319914,2.0
1765030588.3306904,2.0
1765030588.3415632,2.0
1765030588.3523195,2.0
1765030588.3631775,2.0
1765030588.373934,2.0
1765030588.3846757,2.0
1765030588.3954294,2.0
1765030588.406197,2.0
1765030588.416996,2.0
1765030588.4276276,2.0
1765030588.438429,2.0
1765030588.4490259,2.0
1765030588.4596963,2.0
1765030588.4702697,2.0
1765030588.480971,2.0
1765030588.491614,2.0
1765030588.5022123,2.0
1765030588.5128334,2.0
1765030588.5234456,2.0
1765030588.5340312,2.0
1765030588.544644,2.0
1765030588.5552447,2.0
1765030588.5662088,2.0
1765030588.5769093,2.0
1765030588.5875182,2.0
1765030588.5981162,2.0
1765030588.6087356,2.0
1765030588.619331,2.0
1765030588.6299403,2.0
1765030588.6405637,2.0
1765030588.6513786,2.0
1765030588.6619885,2.0
1765030588.6725721,2.0
1765030588.683225,2.0
1765030588.6939018,2.0
1765030588.7045193,2.0
1765030588.7151299,2.0
1765030588.7258701,2.0
1765030588.7366064,2.0
1765030588.747223,2.0
1765030588.757948,2.0
1765030588.7685964,2.0
1765030588.7792206,2.0
1765030588.7898624,2.0
1765030588.800516,2.0
1765030588.8111231,2.0
1765030588.821705,2.0
1765030588.8323095,2.0
1765030588.8429005,2.0
1765030588.8535519,2.0
1765030588.864205,2.0
1765030588.8748465,2.0
1765030588.8854673,2.0
1765030588.8961024,2.0
1765030588.9066708,2.0
1765030588.9172525,2.0
1765030588.9280033,2.0
1765030588.9386852,2.0
1765030588.9494517,2.0
1765030588.9600523,2.0
1765030588.9706588,2.0
1765030588.9812863,2.0
1765030588.991856,2.0
1765030589.0024567,2.0
1765030589.0130868,2.0
1765030589.023715,2.0
1765030589.0343454,2.0
1765030589.044934,2.0
1765030589.0555322,2.0
1765030589.066199,2.0
1765030589.0769193,2.0
1765030589.0874891,2.0
1765030589.09809,2.0
1765030589.1087115,2.0
1765030589.1193182,2.0
1765030589.1299987,2.0
1765030589.1405942,2.0
1765030589.15128,2.0
1765030589.1618774,2.0
1765030589.1724708,2.0
1765030589.1830418,2.0
1765030589.193698,2.0
1765030589.2044504,2.0
1765030589.2150903,2.0
1765030589.225717,2.0
1765030589.2364588,2.0
1765030589.247176,2.0
1765030589.259494,2.0
1765030589.270143,2.0
1765030589.2807817,2.0
1765030589.2914743,2.0
1765030589.3021529,2.0
1765030589.3128178,2.0
1765030589.3234532,2.0
1765030589.3341136,2.0
1765030589.3448102,2.0
1765030589.355493,2.0
1765030589.3661401,2.0
1765030589.376815,2.0
1765030589.3874998,2.0
1765030589.3981993,2.0
1765030589.4089348,2.0
1765030589.419715,2.0
1765030589.430429,2.0
1765030589.4413085,2.0
1765030589.4519894,2.0
1765030589.4626596,2.0
1765030589.47332,2.0
1765030589.4840162,2.0
1765030589.494839,2.0
1765030589.5054436,2.0
1765030589.5164618,2.0
1765030589.5271192,2.0
1765030589.537817,2.0
1765030589.5485547,2.0
1765030589.559224,2.0
1765030589.569961,2.0
1765030589.5806687,2.0
1765030589.591346,2.0
1765030589.6019804,2.0
1765030589.6127162,2.0
1765030589.6234076,2.0
1765030589.6340997,2.0
1765030589.6450288,2.0
1765030589.6556685,2.0
1765030589.6663368,2.0
1765030589.6771166,2.0
1765030589.6880183,2.0
1765030589.6986942,2.0
1765030589.7093637,2.0
1765030589.7202802,2.0
1765030589.7309065,2.0
1765030589.7417977,2.0
1765030589.752508,2.0
1765030589.7631717,2.0
1765030589.7738354,2.0
1765030589.7845314,2.0
1765030589.7952054,2.0
1765030589.805966,2.0
1765030589.8166294,2.0
1765030589.827308,2.0
1765030589.837971,2.0
1765030589.8487425,2.0
1765030589.859433,2.0
1765030589.8701487,2.0
1765030589.880829,2.0
1765030589.8915029,2.0
1765030589.9021814,2.0
1765030589.9128785,2.0
1765030589.923551,2.0
1765030589.934222,2.0
1765030589.9449835,2.0
1765030589.9556487,2.0
1765030589.9663248,2.0
1765030589.976969,2.0
1765030589.9876745,2.0
1765030589.99835,2.0
1765030590.0090358,2.0
1765030590.019724,2.0
1765030590.030436,2.0
1765030590.041128,2.0
1765030590.0517862,2.0
1765030590.0624356,2.0
1765030590.073204,2.0
1765030590.083834,2.0
1765030590.0945663,2.0
1765030590.1052814,2.0
1765030590.1158986,2.0
1765030590.1266212,2.0
1765030590.1372852,2.0
1765030590.1479678,2.0
1765030590.1587327,2.0
1765030590.1693926,2.0
1765030590.1800597,2.0
1765030590.1907144,2.0
1765030590.2014234,2.0
1765030590.21209,2.0
1765030590.222782,2.0
1765030590.2334564,2.0
1765030590.244103,2.0
1765030590.2562182,2.0
1765030590.266788,2.0
1765030590.277496,2.0
1765030590.2881875,2.0
1765030590.2989607,2.0
1765030590.309627,2.0
1765030590.3202877,2.0
1765030590.3309386,2.0
1765030590.3416262,2.0
1765030590.3523,2.0
1765030590.3629625,2.0
1765030590.3737178,2.0
1765030590.3843968,2.0
1765030590.395055,2.0
1765030590.4057777,2.0
1765030590.4164453,2.0
1765030590.4271393,2.0
1765030590.4379938,2.0
1765030590.448635,2.0
1765030590.459297,2.0
1765030590.469961,2.0
1765030590.4806864,2.0
1765030590.491405,2.0
1765030590.5020988,2.0
1765030590.5127423,2.0
1765030590.5235717,2.0
1765030590.5342512,2.0
1765030590.5449162,2.0
1765030590.555618,2.0
1765030590.5662897,2.0
1765030590.5769987,2.0
1765030590.5876956,2.0
1765030590.5983682,2.0
1765030590.6090283,2.0
1765030590.6197138,2.0
1765030590.6304076,2.0
1765030590.6410758,2.0
1765030590.6518967,2.0
1765030590.6626298,2.0
1765030590.6733015,2.0
1765030590.6842551,2.0
1765030590.6948707,2.0
1765030590.705673,2.0
1765030590.7163308,2.0
1765030590.7270732,2.0
1765030590.7380178,2.0
1765030590.7487414,2.0
1765030590.7594235,2.0
1765030590.7701137,2.0
1765030590.7808824,2.0
1765030590.7915502,2.0
1765030590.8023992,2.0
1765030590.813043,2.0
1765030590.823719,2.0
1765030590.8344066,2.0
1765030590.8450885,2.0
1765030590.8557484,2.0
1765030590.8665774,2.0
1765030590.8773558,2.0
1765030590.8879955,2.0
1765030590.898785,2.0
1765030590.9094782,2.0
1765030590.9201229,2.0
1765030590.9308956,2.0
1765030590.9416173,2.0
1765030590.9523249,2.0
1765030590.9630077,2.0
1765030590.9738631,2.0
1765030590.9845157,2.0
1765030590.9952037,2.0
1765030591.005917,2.0
1765030591.0166068,2.0
1765030591.0272706,2.0
1765030591.0379543,2.0
1765030591.0486028,2.0
1765030591.0593693,2.0
1765030591.0700731,2.0
1765030591.0806992,2.0
1765030591.0913987,2.0
1765030591.1020586,2.0
1765030591.112803,2.0
1765030591.1234772,2.0
1765030591.1341693,2.0
1765030591.1449172,2.0
1765030591.1556413,2.0
1765030591.1663055,2.0
1765030591.1770027,2.0
1765030591.1876562,2.0
1765030591.1983414,2.0
1765030591.2089944,2.0
1765030591.2196815,2.0
1765030591.2304716,2.0
1765030591.2411227,2.0
1765030591.2528028,2.0
1765030591.2636173,2.0
1765030591.2742102,2.0
1765030591.284914,2.0
1765030591.295567,2.0
1765030591.306269,2.0
1765030591.3169055,2.0
1765030591.3275568,2.0
1765030591.3382802,2.0
1765030591.3489351,2.0
1765030591.3596113,2.0
1765030591.3702939,2.0
1765030591.3809447,2.0
1765030591.3916533,2.0
1765030591.402376,2.0
1765030591.4130356,2.0
1765030591.4237823,2.0
1765030591.4345264,2.0
1765030591.4453013,2.0
1765030591.4559646,2.0
1765030591.4666514,2.0
1765030591.4773464,2.0
1765030591.48817,2.0
1765030591.498862,2.0
1765030591.50955,2.0
1765030591.520413,2.0
1765030591.531068,2.0
1765030591.541756,2.0
1765030591.5524857,2.0
1765030591.563134,2.0
1765030591.573789,2.0
1765030591.5844827,2.0
1765030591.595175,2.0
1765030591.6058247,2.0
1765030591.6164994,2.0
1765030591.6271956,2.0
1765030591.6378465,2.0
1765030591.6487162,2.0
1765030591.6593258,2.0
1765030591.6700156,2.0
1765030591.680674,2.0
1765030591.6913629,2.0
1765030591.7020845,2.0
1765030591.7127564,2.0
1765030591.723587,2.0
1765030591.7342174,2.0
1765030591.7449105,2.0
1765030591.7555866,2.0
1765030591.7666557,2.0
1765030591.7773266,2.0
1765030591.7879853,2.0
1765030591.7986636,2.0
1765030591.8093572,2.0
1765030591.8200085,2.0
1765030591.8307045,2.0
1765030591.8413572,2.0
1765030591.8519795,2.0
1765030591.862688,2.0
1765030591.8733454,2.0
1765030591.8840377,2.0
1765030591.8947153,2.0
1765030591.9054363,2.0
1765030591.916105,2.0
1765030591.9267964,2.0
1765030591.9375439,2.0
1765030591.948259,2.0
1765030591.9589636,2.0
1765030591.9697497,2.0
1765030591.98044,2.0
1765030591.991133,2.0
1765030592.0018644,2.0
1765030592.0125365,2.0
1765030592.0232143,2.0
1765030592.0339181,2.0
1765030592.0446007,2.0
1765030592.0552855,2.0
1765030592.0659435,2.0
1765030592.0766196,2.0
1765030592.0873084,2.0
1765030592.0980277,2.0
1765030592.1087472,2.0
1765030592.1194842,2.0
1765030592.1301427,2.0
1765030592.1407833,2.0
1765030592.1514764,2.0
1765030592.1621714,2.0
1765030592.172884,2.0
1765030592.1835432,2.0
1765030592.1942253,2.0
1765030592.204915,2.0
1765030592.2157345,2.0
1765030592.2264235,2.0
1765030592.2371008,2.0
1765030592.2478087,2.0
1765030592.2590702,2.0
1765030592.2698145,2.0
1765030592.2804706,2.0
1765030592.2911782,2.0
1765030592.3018496,2.0
1765030592.3125386,2.0
1765030592.3232245,2.0
1765030592.3339057,2.0
1765030592.3445745,2.0
1765030592.3553815,2.0
1765030592.3660185,2.0
1765030592.376715,2.0
1765030592.3874192,2.0
1765030592.3980796,2.0
1765030592.4088948,2.0
1765030592.4195423,2.0
1765030592.4301984,2.0
1765030592.44101,2.0
1765030592.451705,2.0
1765030592.4624069,2.0
1765030592.4730303,2.0
1765030592.4837015,2.0
1765030592.4945037,2.0
1765030592.5052137,2.0
1765030592.5160465,2.0
1765030592.5267088,2.0
1765030592.5373878,2.0
1765030592.5481133,2.0
1765030592.5587587,2.0
1765030592.5694554,2.0
1765030592.5801196,2.0
1765030592.5907893,2.0
1765030592.6015358,2.0
1765030592.6121905,2.0
1765030592.6230686,2.0
1765030592.6337678,2.0
1765030592.6444588,2.0
1765030592.6552594,2.0
1765030592.6659474,2.0
1765030592.676609,2.0
1765030592.687586,2.0
1765030592.6983147,2.0
1765030592.7090347,2.0
1765030592.7198014,2.0
1765030592.7304437,2.0
1765030592.7412736,2.0
1765030592.7519186,2.0
1765030592.7625828,2.0
1765030592.7732484,2.0
1765030592.7839332,2.0
1765030592.794614,2.0
1765030592.8052924,2.0
1765030592.8159654,2.0
1765030592.826633,2.0
1765030592.8372898,2.0
1765030592.8480284,2.0
1765030592.8587408,2.0
1765030592.8695953,2.0
1765030592.8802304,2.0
1765030592.890914,2.0
1765030592.9015944,2.0
1765030592.9122694,2.0
1765030592.9229777,2.0
1765030592.933658,2.0
1765030592.9443266,2.0
1765030592.955092,2.0
1765030592.9657948,2.0
1765030592.976491,2.0
1765030592.9871168,2.0
1765030592.9978006,2.0
1765030593.0084608,2.0
1765030593.019119,2.0
1765030593.0297866,2.0
1765030593.040498,2.0
1765030593.0511773,2.0
1765030593.061855,2.0
1765030593.0725527,2.0
1765030593.0832036,2.0
1765030593.0939214,2.0
1765030593.1047306,2.0
1765030593.115433,2.0
1765030593.1260953,2.0
1765030593.1367376,2.0
1765030593.1474552,2.0
1765030593.1581364,2.0
1765030593.1688352,2.0
1765030593.179519,2.0
1765030593.1901858,2.0
1765030593.2008977,2.0
1765030593.2116063,2.0
1765030593.2222493,2.0
1765030593.2329297,2.0
1765030593.2436116,2.0
1765030593.2557843,2.0
1765030593.2664068,2.0
1765030593.2770936,2.0
1765030593.2877626,2.0
1765030593.2984712,2.0
1765030593.309214,2.0
1765030593.319892,2.0
1765030593.330574,2.0
1765030593.341246,2.0
1765030593.3519065,2.0
1765030593.3626263,2.0
1765030593.3733215,2.0
1765030593.3840022,2.0
1765030593.394678,2.0
1765030593.4053586,2.0
1765030593.4160578,2.0
1765030593.4267423,2.0
1765030593.43762,2.0
1765030593.448357,2.0
1765030593.4590044,2.0
1765030593.469684,2.0
1765030593.4803953,2.0
1765030593.4911788,2.0
1765030593.5017762,2.0
1765030593.512479,2.0
1765030593.5232866,2.0
1765030593.5339813,2.0
1765030593.5446608,2.0
1765030593.555352,2.0
1765030593.5660212,2.0
1765030593.5767038,2.0
1765030593.587469,2.0
1765030593.5981522,2.0
1765030593.6088164,2.0
1765030593.6195507,2.0
1765030593.6303356,2.0
1765030593.641013,2.0
1765030593.6517553,2.0
1765030593.662442,2.0
1765030593.6731622,2.0
1765030593.6839502,2.0
1765030593.6946108,2.0
1765030593.7053192,2.0
1765030593.7159915,2.0
1765030593.7267506,2.0
1765030593.7374406,2.0
1765030593.748121,2.0
1765030593.7587988,2.0
1765030593.76947,2.0
1765030593.780146,2.0
1765030593.790815,2.0
1765030593.801715,2.0
1765030593.8129904,2.0
1765030593.8236163,2.0
1765030593.8343046,2.0
1765030593.8450806,2.0
1765030593.855774,2.0
1765030593.8664887,2.0
1765030593.8771472,2.0
1765030593.8878949,2.0
1765030593.8985696,2.0
1765030593.9092505,2.0
1765030593.9199517,2.0
1765030593.9306338,2.0
1765030593.941298,2.0
1765030593.952009,2.0
1765030593.9626606,2.0
1765030593.9733849,2.0
1765030593.9840546,2.0
1765030593.9947798,2.0
1765030594.0054777,2.0
1765030594.0161564,2.0
1765030594.0268414,2.0
1765030594.0375152,2.0
1765030594.0482066,2.0
1765030594.0589364,2.0
1765030594.0697298,2.0
1765030594.080415,2.0
1765030594.0910845,2.0
1765030594.1017823,2.0
1765030594.1124983,2.0
1765030594.123139,2.0
1765030594.1338701,2.0
1765030594.1445518,2.0
1765030594.1552727,2.0
1765030594.1659846,2.0
1765030594.1766331,2.0
1765030594.187316,2.0
1765030594.1979764,2.0
1765030594.2086463,2.0
1765030594.2193315,2.0
1765030594.2299607,2.0
1765030594.2407255,2.0
1765030594.2529693,2.0
1765030594.2636013,2.0
1765030594.2744043,2.0
1765030594.285072,2.0
1765030594.2957363,2.0
1765030594.3063812,2.0
1765030594.317499,2.0
1765030594.32812,2.0
1765030594.3387775,2.0
1765030594.3495336,2.0
1765030594.3601818,2.0
1765030594.370893,2.0
1765030594.3815575,2.0
1765030594.3922777,2.0
1765030594.402963,2.0
1765030594.4136417,2.0
1765030594.4243584,2.0
1765030594.435045,2.0
1765030594.4457786,2.0
1765030594.456481,2.0
1765030594.4671395,2.0
1765030594.4778407,2.0
1765030594.4885278,2.0
1765030594.4992158,2.0
1765030594.509876,2.0
1765030594.5205765,2.0
1765030594.531251,2.0
1765030594.5420995,2.0
1765030594.5528047,2.0
1765030594.5634906,2.0
1765030594.5743508,2.0
1765030594.5850272,2.0
1765030594.595712,2.0
1765030594.6064482,2.0
1765030594.6171873,2.0
1765030594.62789,2.0
1765030594.6385643,2.0
1765030594.6492891,2.0
1765030594.6599476,2.0
1765030594.6706274,2.0
1765030594.6813054,2.0
1765030594.691988,2.0
1765030594.702687,2.0
1765030594.7134502,2.0
1765030594.7243037,2.0
1765030594.7349563,2.0
1765030594.7457085,2.0
1765030594.7563972,2.0
1765030594.7670748,2.0
1765030594.7777336,2.0
1765030594.7884424,2.0
1765030594.7990947,2.0
1765030594.8097706,2.0
1765030594.8204176,2.0
1765030594.8310895,2.0
1765030594.8417113,2.0
1765030594.8524327,2.0
1765030594.8631215,2.0
1765030594.8738658,2.0
1765030594.8845522,2.0
1765030594.8953202,2.0
1765030594.9059992,2.0
1765030594.9166536,2.0
1765030594.9273188,2.0
1765030594.9380076,2.0
1765030594.948676,2.0
1765030594.9594445,2.0
1765030594.9700844,2.0
1765030594.9809074,2.0
1765030594.991633,2.0
1765030595.0022545,2.0
1765030595.0129342,2.0
1765030595.0236363,2.0
1765030595.0344145,2.0
1765030595.0451505,2.0
1765030595.055833,2.0
1765030595.066541,2.0
1765030595.077217,2.0
1765030595.0879657,2.0
1765030595.098732,2.0
1765030595.1093974,2.0
1765030595.1201117,2.0
1765030595.1307697,2.0
1765030595.141491,2.0
1765030595.1521344,2.0
1765030595.162847,2.0
1765030595.1735332,2.0
1765030595.1842291,2.0
1765030595.1948743,2.0
1765030595.2055762,2.0
1765030595.2162788,2.0
1765030595.2269895,2.0
1765030595.2376451,2.0
1765030595.249707,2.0
1765030595.260651,2.0
1765030595.2712796,2.0
1765030595.2820508,2.0
1765030595.292745,2.0
1765030595.3034558,2.0
1765030595.3141437,2.0
1765030595.3247762,2.0
1765030595.3354838,2.0
1765030595.3461716,2.0
1765030595.3568563,2.0
1765030595.3675478,2.0
1765030595.3782046,2.0
1765030595.3888626,2.0
1765030595.3995357,2.0
1765030595.4102147,2.0
1765030595.4208827,2.0
1765030595.4316773,2.0
1765030595.4426758,2.0
1765030595.4533763,2.0
1765030595.4640524,2.0
1765030595.474738,2.0
1765030595.485403,2.0
1765030595.4961374,2.0
1765030595.5067937,2.0
1765030595.517766,2.0
1765030595.528442,2.0
1765030595.5390801,2.0
1765030595.5497513,2.0
1765030595.5604718,2.0
1765030595.5711935,2.0
1765030595.581868,2.0
1765030595.5927417,2.0
1765030595.6034307,2.0
1765030595.6141589,2.0
1765030595.624832,2.0
1765030595.6355727,2.0
1765030595.6464005,2.0
1765030595.657163,2.0
1765030595.6678228,2.0
1765030595.6784918,2.0
1765030595.6893141,2.0
1765030595.6999865,2.0
1765030595.7106712,2.0
1765030595.7214544,2.0
1765030595.7321706,2.0
1765030595.7428246,2.0
1765030595.7535372,2.0
1765030595.7643383,2.0
1765030595.7749963,2.0
1765030595.7857215,2.0
1765030595.7964132,2.0
1765030595.8071394,2.0
1765030595.8180356,2.0
1765030595.8286963,2.0
1765030595.8394506,2.0
1765030595.8501043,2.0
1765030595.8613849,2.0
1765030595.8720455,2.0
1765030595.8827343,2.0
1765030595.8934226,2.0
1765030595.9041882,2.0
1765030595.9148445,2.0
1765030595.925529,2.0
1765030595.9362192,2.0
1765030595.9469047,2.0
1765030595.957591,2.0
1765030595.968332,2.0
1765030595.9791358,2.0
1765030595.9898157,2.0
1765030596.0005238,2.0
1765030596.011195,2.0
1765030596.0219505,2.0
1765030596.0326436,2.0
1765030596.0433438,2.0
1765030596.0540366,2.0
1765030596.064814,2.0
1765030596.0754921,2.0
1765030596.0861633,2.0
1765030596.0968587,2.0
1765030596.1076393,2.0
1765030596.1182806,2.0
1765030596.1290107,2.0
1765030596.139671,2.0
1765030596.1503558,2.0
1765030596.1611273,2.0
1765030596.1718323,2.0
1765030596.1824956,2.0
1765030596.1931937,2.0
1765030596.2038615,2.0
1765030596.2145278,2.0
1765030596.2252216,2.0
1765030596.2359953,2.0
1765030596.2467282,2.0
1765030596.2587328,2.0
1765030596.2694116,2.0
1765030596.2801552,2.0
1765030596.2908344,2.0
1765030596.3014865,2.0
1765030596.312173,2.0
1765030596.3228855,2.0
1765030596.333678,2.0
1765030596.3445156,2.0
1765030596.3551872,2.0
1765030596.3659647,2.0
1765030596.3767252,2.0
1765030596.3874235,2.0
1765030596.3981764,2.0
1765030596.4088562,2.0
1765030596.4195573,2.0
1765030596.4303715,2.0
1765030596.4411638,2.0
1765030596.4518287,2.0
1765030596.4624841,2.0
1765030596.4731688,2.0
1765030596.4838536,2.0
1765030596.4947114,2.0
1765030596.5053737,2.0
1765030596.5166612,2.0
1765030596.5272846,2.0
1765030596.538058,2.0
1765030596.5487328,2.0
1765030596.559448,2.0
1765030596.570167,2.0
1765030596.5808399,2.0
1765030596.591508,2.0
1765030596.602321,2.0
1765030596.6129642,2.0
1765030596.6236465,2.0
1765030596.634398,2.0
1765030596.645268,2.0
1765030596.6560047,2.0
1765030596.6666782,2.0
1765030596.677452,2.0
1765030596.6883016,2.0
1765030596.6989536,2.0
1765030596.7096055,2.0
1765030596.7204108,2.0
1765030596.7312357,2.0
1765030596.7419984,2.0
1765030596.752671,2.0
1765030596.7633433,2.0
1765030596.774089,2.0
1765030596.7848003,2.0
1765030596.7954938,2.0
1765030596.8062465,2.0
1765030596.8169975,2.0
1765030596.8276818,2.0
1765030596.8383873,2.0
1765030596.8491533,2.0
1765030596.8598402,2.0
1765030596.870499,2.0
1765030596.8812587,2.0
1765030596.891961,2.0
1765030596.9026144,2.0
1765030596.9133213,2.0
1765030596.9239912,2.0
1765030596.934668,2.0
1765030596.9453635,2.0
1765030596.9561462,2.0
1765030596.9668257,2.0
1765030596.9774868,2.0
1765030596.9882455,2.0
1765030596.9989142,2.0
1765030597.0096314,2.0
1765030597.020387,2.0
1765030597.0312266,2.0
1765030597.0419054,2.0
1765030597.0526102,2.0
1765030597.063276,2.0
1765030597.0739229,2.0
1765030597.0847013,2.0
1765030597.095365,2.0
1765030597.1061158,2.0
1765030597.1167777,2.0
1765030597.1275373,2.0
1765030597.1382809,2.0
1765030597.14895,2.0
1765030597.159648,2.0
1765030597.170348,2.0
1765030597.1810462,2.0
1765030597.1917062,2.0
1765030597.2023723,2.0
1765030597.2130547,2.0
1765030597.2238665,2.0
1765030597.2345638,2.0
1765030597.24525,2.0
1765030597.2572212,2.0
1765030597.2678943,2.0
1765030597.2786102,2.0
1765030597.289291,2.0
1765030597.2999535,2.0
1765030597.3106303,2.0
1765030597.3213284,2.0
1765030597.331981,2.0
1765030597.3427515,2.0
1765030597.353448,2.0
1765030597.3642151,2.0
1765030597.375066,2.0
1765030597.3858466,2.0
1765030597.3965387,2.0
1765030597.407194,2.0
1765030597.4178667,2.0
1765030597.4286203,2.0
1765030597.4394338,2.0
1765030597.450085,2.0
1765030597.460804,2.0
1765030597.4715154,2.0
1765030597.48222,2.0
1765030597.492948,2.0
1765030597.5036266,2.0
1765030597.5142815,2.0
1765030597.5251365,2.0
1765030597.5358675,2.0
1765030597.5465477,2.0
1765030597.5571988,2.0
1765030597.5679815,2.0
1765030597.5786207,2.0
1765030597.5892756,2.0
1765030597.5999546,2.0
1765030597.6107888,2.0
1765030597.6214416,2.0
1765030597.6321537,2.0
1765030597.642832,2.0
1765030597.6536682,2.0
1765030597.6644168,2.0
1765030597.675102,2.0
1765030597.6858962,2.0
1765030597.6965384,2.0
1765030597.7072797,2.0
1765030597.7179625,2.0
1765030597.7286465,2.0
1765030597.7393363,2.0
1765030597.7499957,2.0
1765030597.7607045,2.0
1765030597.771398,2.0
1765030597.782064,2.0
1765030597.7927241,2.0
1765030597.803453,2.0
1765030597.8140888,2.0
1765030597.8247654,2.0
1765030597.835521,2.0
1765030597.8462265,2.0
1765030597.8568683,2.0
1765030597.867625,2.0
1765030597.8782964,2.0
1765030597.8889756,2.0
1765030597.8996258,2.0
1765030597.9107022,2.0
1765030597.921345,2.0
1765030597.9320157,2.0
1765030597.9428535,2.0
1765030597.9535215,2.0
1765030597.9641666,2.0
1765030597.9749875,2.0
1765030597.9856834,2.0
1765030597.9963484,2.0
1765030598.0070717,2.0
1765030598.017938,2.0
1765030598.0286348,2.0
1765030598.0393307,2.0
1765030598.0500255,2.0
1765030598.0608468,2.0
1765030598.0715013,2.0
1765030598.0822103,2.0
1765030598.092943,2.0
1765030598.1036434,2.0
1765030598.114319,2.0
1765030598.1250916,2.0
1765030598.1357477,2.0
1765030598.1464412,2.0
1765030598.1571414,2.0
1765030598.1678143,2.0
1765030598.1784904,2.0
1765030598.189165,2.0
1765030598.1999602,2.0
1765030598.2107275,2.0
1765030598.2214587,2.0
1765030598.23227,2.0
1765030598.2429686,2.0
1765030598.2552214,2.0
1765030598.2659855,2.0
1765030598.2766495,2.0
1765030598.2873077,2.0
1765030598.2980385,2.0
1765030598.3087316,2.0
1765030598.3194196,2.0
1765030598.330061,2.0
1765030598.3407688,2.0
1765030598.3514519,2.0
1765030598.3621182,2.0
1765030598.3728576,2.0
1765030598.3835137,2.0
1765030598.3941689,2.0
1765030598.4048707,2.0
1765030598.4155588,2.0
1765030598.4262311,2.0
1765030598.4369035,2.0
1765030598.4477115,2.0
1765030598.4583762,2.0
1765030598.46908,2.0
1765030598.4797697,2.0
1765030598.4907157,2.0
1765030598.501334,2.0
1765030598.5120146,2.0
1765030598.522833,2.0
1765030598.5335145,2.0
1765030598.5441644,2.0
1765030598.554855,2.0
1765030598.5655594,2.0
1765030598.5763056,2.0
1765030598.586984,2.0
1765030598.597694,2.0
1765030598.608348,2.0
1765030598.619064,2.0
1765030598.6297503,2.0
1765030598.640493,2.0
1765030598.6513264,2.0
1765030598.6620958,2.0
1765030598.672809,2.0
1765030598.68359,2.0
1765030598.6943052,2.0
1765030598.7049918,2.0
1765030598.7156672,2.0
1765030598.726412,2.0
1765030598.737056,2.0
1765030598.7481694,2.0
1765030598.7588627,2.0
1765030598.7695012,2.0
1765030598.7801776,2.0
1765030598.7908618,2.0
1765030598.8016543,2.0
1765030598.8124304,2.0
1765030598.8230803,2.0
1765030598.8337786,2.0
1765030598.8445582,2.0
1765030598.85534,2.0
1765030598.8660252,2.0
1765030598.877218,2.0
1765030598.8878486,2.0
1765030598.8985238,2.0
1765030598.9092145,2.0
1765030598.9199984,2.0
1765030598.9306643,2.0
1765030598.941345,2.0
1765030598.9520109,2.0
1765030598.9627023,2.0
1765030598.9733858,2.0
1765030598.9841125,2.0
1765030598.9947696,2.0
1765030599.005516,2.0
1765030599.016257,2.0
1765030599.0269685,2.0
1765030599.0376363,2.0
1765030599.0483446,2.0
1765030599.0591662,2.0
1765030599.0698583,2.0
1765030599.0805452,2.0
1765030599.0912225,2.0
1765030599.1018465,2.0
1765030599.1126258,2.0
1765030599.1232965,2.0
1765030599.1340637,2.0
1765030599.1447146,2.0
1765030599.1554334,2.0
1765030599.1660957,2.0
1765030599.176791,2.0
1765030599.1874878,2.0
1765030599.198151,2.0
1765030599.2088282,2.0
1765030599.2195442,2.0
1765030599.2302082,2.0
1765030599.2409527,2.0
1765030599.2529142,2.0
1765030599.263602,2.0
1765030599.274234,2.0
1765030599.2849069,2.0
1765030599.295595,2.0
1765030599.3062506,2.0
1765030599.3170314,2.0
1765030599.3276894,2.0
1765030599.338377,2.0
1765030599.3491025,2.0
1765030599.359843,2.0
1765030599.370529,2.0
1765030599.3812578,2.0
1765030599.3919191,2.0
1765030599.402606,2.0
1765030599.4133077,2.0
1765030599.4239938,2.0
1765030599.434748,2.0
1765030599.445576,2.0
1765030599.4562435,2.0
1765030599.4669492,2.0
1765030599.4776556,2.0
1765030599.488323,2.0
1765030599.499155,2.0
1765030599.5098112,2.0
1765030599.520755,2.0
1765030599.5314667,2.0
1765030599.5421603,2.0
1765030599.552807,2.0
1765030599.5634892,2.0
1765030599.5742002,2.0
1765030599.5849082,2.0
1765030599.5955923,2.0
1765030599.6063254,2.0
1765030599.6169755,2.0
1765030599.6276865,2.0
1765030599.6384466,2.0
1765030599.6491945,2.0
1765030599.6599047,2.0
1765030599.6705859,2.0
1765030599.6812966,2.0
1765030599.6920333,2.0
1765030599.702794,2.0
1765030599.7136073,2.0
1765030599.7245922,2.0
1765030599.7353246,2.0
1765030599.7460666,2.0
1765030599.75684,2.0
1765030599.7675676,2.0
1765030599.77833,2.0
1765030599.789091,2.0
1765030599.7998998,2.0
1765030599.8105829,2.0
1765030599.8213933,2.0
1765030599.832135,2.0
1765030599.842925,2.0
1765030599.8537397,2.0
1765030599.864478,2.0
1765030599.8752437,2.0
1765030599.8859754,2.0
1765030599.8967366,2.0
1765030599.9076066,2.0
1765030599.9184341,2.0
1765030599.9291377,2.0
1765030599.9399977,2.0
1765030599.9507637,2.0
1765030599.9620235,2.0
1765030599.972793,2.0
1765030599.983629,2.0
1765030599.9943926,2.0
1765030600.0051718,2.0
1765030600.0160446,2.0
1765030600.0269644,2.0
1765030600.0377069,2.0
1765030600.0484746,2.0
1765030600.0592525,2.0
1765030600.0700066,2.0
1765030600.0807703,2.0
1765030600.0915432,2.0
1765030600.102283,2.0
1765030600.1130364,2.0
1765030600.1238642,2.0
1765030600.1345901,2.0
1765030600.1454256,2.0
1765030600.1561577,2.0
1765030600.1669192,2.0
1765030600.1778328,2.0
1765030600.18861,2.0
1765030600.1993828,2.0
1765030600.2102168,2.0
1765030600.2209096,2.0
1765030600.2316396,2.0
1765030600.2423308,2.0
1765030600.2542171,2.0
1765030600.2649028,2.0
1765030600.2756155,2.0
1765030600.286312,2.0
1765030600.2969608,2.0
1765030600.3076217,2.0
1765030600.3183868,2.0
1765030600.3290467,2.0
1765030600.3398237,2.0
1765030600.3505213,2.0
1765030600.361295,2.0
1765030600.3719609,2.0
1765030600.3826425,2.0
1765030600.3933146,2.0
1765030600.4039729,2.0
1765030600.414752,2.0
1765030600.4254549,2.0
1765030600.4361513,2.0
1765030600.4469295,2.0
1765030600.4576547,2.0
1765030600.4682834,2.0
1765030600.4789686,2.0
1765030600.4898164,2.0
1765030600.5004923,2.0
1765030600.5113268,2.0
1765030600.5223758,2.0
1765030600.5330079,2.0
1765030600.5437121,2.0
1765030600.5543742,2.0
1765030600.565156,2.0
1765030600.5758395,2.0
1765030600.5865378,2.0
1765030600.5971687,2.0
1765030600.6079264,2.0
1765030600.6186054,2.0
1765030600.629271,2.0
1765030600.6399357,2.0
1765030600.650785,2.0
1765030600.6614761,2.0
1765030600.6721723,2.0
1765030600.6830227,2.0
1765030600.6936972,2.0
1765030600.704501,2.0
1765030600.7151506,2.0
1765030600.7259297,2.0
1765030600.736591,2.0
1765030600.747382,2.0
1765030600.758077,2.0
1765030600.7687488,2.0
1765030600.7795584,2.0
1765030600.790342,2.0
1765030600.8010128,2.0
1765030600.8116734,2.0
1765030600.822348,2.0
1765030600.8330367,2.0
1765030600.8437693,2.0
1765030600.854437,2.0
1765030600.8651218,2.0
1765030600.8757756,2.0
1765030600.8864982,2.0
1765030600.8972049,2.0
1765030600.9079654,2.0
1765030600.918617,2.0
1765030600.9292786,2.0
1765030600.9399295,2.0
1765030600.950679,2.0
1765030600.9615164,2.0
1765030600.9723141,2.0
1765030600.982994,2.0
1765030600.9936326,2.0
1765030601.0044174,2.0
1765030601.015094,2.0
1765030601.0257912,2.0
1765030601.0366278,2.0
1765030601.0473738,2.0
1765030601.0580785,2.0
1765030601.06874,2.0
1765030601.0794053,2.0
1765030601.0901594,2.0
1765030601.1008148,2.0
1765030601.1115003,2.0
1765030601.122177,2.0
1765030601.1328857,2.0
1765030601.1435516,2.0
1765030601.1543458,2.0
1765030601.1650205,2.0
1765030601.1756997,2.0
1765030601.186391,2.0
1765030601.197065,2.0
1765030601.207747,2.0
1765030601.218517,2.0
1765030601.2292407,2.0
1765030601.2399263,2.0
1765030601.250644,2.0
1765030601.262481,2.0
1765030601.2732344,2.0
1765030601.2839248,2.0
1765030601.294613,2.0
1765030601.3054023,2.0
1765030601.3160574,2.0
1765030601.326725,2.0
1765030601.3374915,2.0
1765030601.3481944,2.0
1765030601.358861,2.0
1765030601.3695543,2.0
1765030601.3802373,2.0
1765030601.3909276,2.0
1765030601.4015632,2.0
1765030601.412251,2.0
1765030601.422935,2.0
1765030601.4336233,2.0
1765030601.444538,2.0
1765030601.455216,2.0
1765030601.46589,2.0
1765030601.476542,2.0
1765030601.4872222,2.0
1765030601.497934,2.0
1765030601.508747,2.0
1765030601.5196345,2.0
1765030601.5303967,2.0
1765030601.5411625,2.0
1765030601.5519183,2.0
1765030601.5626318,2.0
1765030601.5733685,2.0
1765030601.5841122,2.0
1765030601.5948968,2.0
1765030601.605701,2.0
1765030601.6166792,2.0
1765030601.6274462,2.0
1765030601.638227,2.0
1765030601.6505594,2.0
1765030601.6613898,2.0
1765030601.6721413,2.0
1765030601.683313,2.0
1765030601.6940143,2.0
1765030601.7048194,2.0
1765030601.7157137,2.0
1765030601.726713,2.0
1765030601.7374427,2.0
1765030601.7482073,2.0
1765030601.7590702,2.0
1765030601.7701359,2.0
1765030601.7809076,2.0
1765030601.791675,2.0
1765030601.8024647,2.0
1765030601.8131692,2.0
1765030601.823883,2.0
1765030601.834591,2.0
1765030601.8453007,2.0
1765030601.8559945,2.0
1765030601.8668182,2.0
1765030601.8776033,2.0
1765030601.888354,2.0
1765030601.8990724,2.0
1765030601.9097776,2.0
1765030601.9204733,2.0
1765030601.9311728,2.0
1765030601.941899,2.0
1765030601.9526181,2.0
1765030601.963333,2.0
1765030601.973939,2.0
1765030601.984678,2.0
1765030601.9954135,2.0
1765030602.006554,2.0
1765030602.0171862,2.0
1765030602.0278778,2.0
1765030602.0385551,2.0
1765030602.0492435,2.0
1765030602.059943,2.0
1765030602.0706172,2.0
1765030602.081373,2.0
1765030602.0920901,2.0
1765030602.1028166,2.0
1765030602.113509,2.0
1765030602.124167,2.0
1765030602.1352196,2.0
1765030602.1459374,2.0
1765030602.1566713,2.0
1765030602.1674042,2.0
1765030602.1780906,2.0
1765030602.1888604,2.0
1765030602.1995564,2.0
1765030602.2102935,2.0
1765030602.2209733,2.0
1765030602.2317703,2.0
1765030602.242477,2.0
1765030602.2544224,2.0
1765030602.2653565,2.0
1765030602.2760522,2.0
1765030602.286674,2.0
1765030602.2974522,2.0
1765030602.3081565,2.0
1765030602.3188715,2.0
1765030602.3295755,2.0
1765030602.3402314,2.0
1765030602.3509817,2.0
1765030602.361679,2.0
1765030602.3723598,2.0
1765030602.3830533,2.0
1765030602.3937416,2.0
1765030602.4044528,2.0
1765030602.4151387,2.0
1765030602.4258585,2.0
1765030602.436561,2.0
1765030602.4473674,2.0
1765030602.4581344,2.0
1765030602.4688559,2.0
1765030602.4795492,2.0
1765030602.49028,2.0
1765030602.5009966,2.0
1765030602.5116885,2.0
1765030602.5226548,2.0
1765030602.5333438,2.0
1765030602.5440893,2.0
1765030602.554806,2.0
1765030602.565502,2.0
1765030602.5761695,2.0
1765030602.586855,2.0
1765030602.597558,2.0
1765030602.6082873,2.0
1765030602.6189404,2.0
1765030602.629638,2.0
1765030602.6403587,2.0
1765030602.651222,2.0
1765030602.661877,2.0
1765030602.6726205,2.0
1765030602.683347,2.0
1765030602.694071,2.0
1765030602.7047765,2.0
1765030602.7155,2.0
1765030602.7262459,2.0
1765030602.736937,2.0
1765030602.7478192,2.0
1765030602.7641609,2.0
1765030602.774878,2.0
1765030602.7855992,2.0
1765030602.7964244,2.0
1765030602.8072836,2.0
1765030602.8181353,2.0
1765030602.8289564,2.0
1765030602.8398411,2.0
1765030602.850671,2.0
1765030602.8615541,2.0
1765030602.8723602,2.0
1765030602.8834443,2.0
1765030602.8942,2.0
1765030602.905059,2.0
1765030602.9159193,2.0
1765030602.9268026,2.0
1765030602.9376645,2.0
1765030602.948502,2.0
1765030602.959343,2.0
1765030602.9703975,2.0
1765030602.9812405,2.0
1765030602.992171,2.0
1765030603.0030732,2.0
1765030603.0139189,2.0
1765030603.0247686,2.0
1765030603.0356243,2.0
1765030603.0465004,2.0
1765030603.0574055,2.0
1765030603.0682335,2.0
1765030603.0791337,2.0
1765030603.08999,2.0
1765030603.1008482,2.0
1765030603.1117442,2.0
1765030603.1225963,2.0
1765030603.1334636,2.0
1765030603.1443233,2.0
1765030603.1552317,2.0
1765030603.1661103,2.0
1765030603.176937,2.0
1765030603.1877995,2.0
1765030603.1986623,2.0
1765030603.2094882,2.0
1765030603.2203488,2.0
1765030603.2312145,2.0
1765030603.2419527,2.0
1765030603.2542117,2.0
1765030603.265294,2.0
1765030603.276138,2.0
1765030603.28699,2.0
1765030603.297816,2.0
1765030603.3086033,2.0
1765030603.3194687,2.0
1765030603.3302736,2.0
1765030603.3410673,2.0
1765030603.3518944,2.0
1765030603.3626928,2.0
1765030603.3734848,2.0
1765030603.3843076,2.0
1765030603.395103,2.0
1765030603.4059138,2.0
1765030603.4168112,2.0
1765030603.4276397,2.0
1765030603.4384432,2.0
1765030603.4492815,2.0
1765030603.4600785,2.0
1765030603.4709027,2.0
1765030603.481702,2.0
1765030603.492594,2.0
1765030603.5033298,2.0
1765030603.5141213,2.0
1765030603.5251608,2.0
1765030603.5359561,2.0
1765030603.5467613,2.0
1765030603.5575786,2.0
1765030603.5683618,2.0
1765030603.5791407,2.0
1765030603.5899546,2.0
1765030603.600765,2.0
1765030603.6114397,2.0
1765030603.622213,2.0
1765030603.6329713,2.0
1765030603.643809,2.0
1765030603.6547546,2.0
1765030603.6655812,2.0
1765030603.6763668,2.0
1765030603.6874323,2.0
1765030603.6981657,2.0
1765030603.7089791,2.0
1765030603.7198732,2.0
1765030603.73061,2.0
1765030603.7414277,2.0
1765030603.752209,2.0
1765030603.7630088,2.0
1765030603.7738333,2.0
1765030603.7846591,2.0
1765030603.795452,2.0
1765030603.8062088,2.0
1765030603.81713,2.0
1765030603.8277636,2.0
1765030603.838566,2.0
1765030603.8494852,2.0
1765030603.8603108,2.0
1765030603.8711007,2.0
1765030603.8820593,2.0
1765030603.892841,2.0
1765030603.9036636,2.0
1765030603.9144886,2.0
1765030603.925306,2.0
1765030603.9361243,2.0
1765030603.9470453,2.0
1765030603.9578807,2.0
1765030603.9687,2.0
1765030603.9794927,2.0
1765030603.9903016,2.0
1765030604.0011408,2.0
1765030604.0119846,2.0
1765030604.0227275,2.0
1765030604.0335145,2.0
1765030604.0442467,2.0
1765030604.055445,2.0
1765030604.0661917,2.0
1765030604.0769992,2.0
1765030604.0878751,2.0
1765030604.098683,2.0
1765030604.1093607,2.0
1765030604.1201293,2.0
1765030604.130913,2.0
1765030604.1417637,2.0
1765030604.152508,2.0
1765030604.1633248,2.0
1765030604.1741784,2.0
1765030604.184969,2.0
1765030604.1957314,2.0
1765030604.2065709,2.0
1765030604.2173808,2.0
1765030604.2283292,2.0
1765030604.2391005,2.0
1765030604.2512405,2.0
1765030604.2620647,2.0
1765030604.272914,2.0
1765030604.2837296,2.0
1765030604.2945292,2.0
1765030604.3052838,2.0
1765030604.3161926,2.0
1765030604.3269675,2.0
1765030604.3377311,2.0
1765030604.3485227,2.0
1765030604.3593142,2.0
1765030604.370173,2.0
1765030604.3809922,2.0
1765030604.3917632,2.0
1765030604.4025095,2.0
1765030604.413228,2.0
1765030604.4240756,2.0
1765030604.4348629,2.0
1765030604.44562,2.0
1765030604.4564478,2.0
1765030604.4671893,2.0
1765030604.4780526,2.0
1765030604.4890094,2.0
1765030604.4997153,2.0
1765030604.5104945,2.0
1765030604.5214047,2.0
1765030604.5322216,2.0
1765030604.5429935,2.0
1765030604.5538213,2.0
1765030604.5645988,2.0
1765030604.575351,2.0
1765030604.5861545,2.0
1765030604.5970058,2.0
1765030604.6078022,2.0
1765030604.6186268,2.0
1765030604.6293955,2.0
1765030604.6401587,2.0
1765030604.6511517,2.0
1765030604.6619198,2.0
1765030604.672712,2.0
1765030604.6835334,2.0
1765030604.694223,2.0
1765030604.7050574,2.0
1765030604.7158413,2.0
1765030604.726644,2.0
1765030604.7374117,2.0
1765030604.748279,2.0
1765030604.7590775,2.0
1765030604.769881,2.0
1765030604.7806857,2.0
1765030604.7914932,2.0
1765030604.8022814,2.0
1765030604.8130393,2.0
1765030604.8238375,2.0
1765030604.834624,2.0
1765030604.8454247,2.0
1765030604.85617,2.0
1765030604.8669887,2.0
1765030604.8777745,2.0
1765030604.8887122,2.0
1765030604.8995614,2.0
1765030604.9118986,2.0
1765030604.9223385,2.0
1765030604.9330876,2.0
1765030604.9438987,2.0
1765030604.9547112,2.0
1765030604.965473,2.0
1765030604.9762678,2.0
1765030604.9870296,2.0
1765030604.9977927,2.0
1765030605.0085735,2.0
1765030605.0193832,2.0
1765030605.030166,2.0
1765030605.0409207,2.0
1765030605.0517313,2.0
1765030605.0624804,2.0
1765030605.0732563,2.0
1765030605.084002,2.0
1765030605.0947752,2.0
1765030605.1055956,2.0
1765030605.1163836,2.0
1765030605.1271298,2.0
1765030605.1378865,2.0
1765030605.1486735,2.0
1765030605.1594498,2.0
1765030605.170305,2.0
1765030605.1810749,2.0
1765030605.191847,2.0
1765030605.2026281,2.0
1765030605.2134228,2.0
1765030605.2242684,2.0
1765030605.2350335,2.0
1765030605.2457945,2.0
1765030605.257927,2.0
1765030605.2686841,2.0
1765030605.2794638,2.0
1765030605.2903469,2.0
1765030605.3011034,2.0
1765030605.3119142,2.0
1765030605.3227084,2.0
1765030605.3335023,2.0
1765030605.34431,2.0
1765030605.3550768,2.0
1765030605.3658447,2.0
1765030605.3767638,2.0
1765030605.3875208,2.0
1765030605.3983107,2.0
1765030605.4090366,2.0
1765030605.4198232,2.0
1765030605.4306567,2.0
1765030605.4414306,2.0
1765030605.4526033,2.0
1765030605.4633393,2.0
1765030605.474089,2.0
1765030605.4848838,2.0
1765030605.4956996,2.0
1765030605.5065095,2.0
1765030605.517292,2.0
1765030605.5280848,2.0
1765030605.5388465,2.0
1765030605.549516,2.0
1765030605.5602672,2.0
1765030605.571243,2.0
1765030605.5820403,2.0
1765030605.592809,2.0
1765030605.6036468,2.0
1765030605.614424,2.0
1765030605.625202,2.0
1765030605.6359854,2.0
1765030605.646832,2.0
1765030605.6575823,2.0
1765030605.6683772,2.0
1765030605.679223,2.0
1765030605.690052,2.0
1765030605.700833,2.0
1765030605.7116086,2.0
1765030605.7223678,2.0
1765030605.7329504,2.0
1765030605.7437463,2.0
1765030605.7545044,2.0
1765030605.7653112,2.0
1765030605.7761815,2.0
1765030605.7869484,2.0
1765030605.7977324,2.0
1765030605.808554,2.0
1765030605.8193374,2.0
1765030605.8301578,2.0
1765030605.8409293,2.0
1765030605.851708,2.0
1765030605.8625116,2.0
1765030605.8732908,2.0
1765030605.8840728,2.0
1765030605.8948264,2.0
1765030605.905605,2.0
1765030605.9163702,2.0
1765030605.9269543,2.0
1765030605.9377835,2.0
1765030605.9485571,2.0
1765030605.9594264,2.0
1765030605.9701896,2.0
1765030605.9809916,2.0
1765030605.9917922,2.0
1765030606.002585,2.0
1765030606.0133798,2.0
1765030606.0241334,2.0
1765030606.0348852,2.0
1765030606.045681,2.0
1765030606.0565288,2.0
1765030606.067307,2.0
1765030606.0780866,2.0
1765030606.0888689,2.0
1765030606.1001294,2.0
1765030606.1108367,2.0
1765030606.1216426,2.0
1765030606.1324396,2.0
1765030606.143231,2.0
1765030606.1540194,2.0
1765030606.1648293,2.0
1765030606.1755953,2.0
1765030606.1863856,2.0
1765030606.1971838,2.0
1765030606.2079458,2.0
1765030606.2187514,2.0
1765030606.2295172,2.0
1765030606.2403302,2.0
1765030606.252509,2.0
1765030606.2631862,2.0
1765030606.2739532,2.0
1765030606.2847724,2.0
1765030606.295568,2.0
1765030606.306349,2.0
1765030606.31713,2.0
1765030606.327933,2.0
1765030606.3387203,2.0
1765030606.3494911,2.0
1765030606.3602757,2.0
1765030606.3711388,2.0
1765030606.3819282,2.0
1765030606.3927095,2.0
1765030606.4034767,2.0
1765030606.4142702,2.0
1765030606.4251213,2.0
1765030606.4357831,2.0
1765030606.4466357,2.0
1765030606.457407,2.0
1765030606.4681287,2.0
1765030606.478957,2.0
1765030606.4898033,2.0
1765030606.500495,2.0
1765030606.5112908,2.0
1765030606.5221627,2.0
1765030606.532975,2.0
1765030606.54375,2.0
1765030606.554566,2.0
1765030606.5653927,2.0
1765030606.5761628,2.0
1765030606.5869324,2.0
1765030606.5977204,2.0
1765030606.608612,2.0
1765030606.6193407,2.0
1765030606.6301167,2.0
1765030606.6409085,2.0
1765030606.6518054,2.0
1765030606.662512,2.0
1765030606.673187,2.0
1765030606.6840668,2.0
1765030606.6947737,2.0
1765030606.7054954,2.0
1765030606.7162097,2.0
1765030606.7269475,2.0
1765030606.7376738,2.0
1765030606.748379,2.0
1765030606.7590966,2.0
1765030606.77017,2.0
1765030606.780784,2.0
1765030606.7915285,2.0
1765030606.8022444,2.0
1765030606.8130631,2.0
1765030606.8238015,2.0
1765030606.834599,2.0
1765030606.8453145,2.0
1765030606.856139,2.0
1765030606.8668363,2.0
1765030606.8775814,2.0
1765030606.8885007,2.0
1765030606.8992016,2.0
1765030606.9099102,2.0
1765030606.9206238,2.0
1765030606.931442,2.0
1765030606.9421546,2.0
1765030606.95286,2.0
1765030606.9638271,2.0
1765030606.9746122,2.0
1765030606.9853456,2.0
1765030606.9960604,2.0
1765030607.0068,2.0
1765030607.0174615,2.0
1765030607.0281785,2.0
1765030607.03903,2.0
1765030607.0497572,2.0
1765030607.0604746,2.0
1765030607.0713341,2.0
1765030607.0820477,2.0
1765030607.092808,2.0
1765030607.1035125,2.0
1765030607.1143126,2.0
1765030607.1249723,2.0
1765030607.1356897,2.0
1765030607.1464252,2.0
1765030607.15716,2.0
1765030607.1678984,2.0
1765030607.1785972,2.0
1765030607.1893399,2.0
1765030607.2000916,2.0
1765030607.2108223,2.0
1765030607.2215528,2.0
1765030607.232268,2.0
1765030607.242966,2.0
1765030607.2548587,2.0
1765030607.2656398,2.0
1765030607.2763784,2.0
1765030607.2871265,2.0
1765030607.2978241,2.0
1765030607.3085473,2.0
1765030607.3192732,2.0
1765030607.3299515,2.0
1765030607.3407245,2.0
1765030607.3514476,2.0
1765030607.3621252,2.0
1765030607.3728666,2.0
1765030607.383559,2.0
1765030607.3942747,2.0
1765030607.405066,2.0
1765030607.4158015,2.0
1765030607.4266195,2.0
1765030607.437448,2.0
1765030607.448447,2.0
1765030607.4591355,2.0
1765030607.4698439,2.0
1765030607.4806051,2.0
1765030607.491466,2.0
1765030607.5021477,2.0
1765030607.5128386,2.0
1765030607.523839,2.0
1765030607.534497,2.0
1765030607.5452213,2.0
1765030607.5559227,2.0
1765030607.5666368,2.0
1765030607.5773542,2.0
1765030607.5881739,2.0
1765030607.5988936,2.0
1765030607.6095936,2.0
1765030607.6203408,2.0
1765030607.6310656,2.0
1765030607.641929,2.0
1765030607.652795,2.0
1765030607.6635203,2.0
1765030607.6742396,2.0
1765030607.684951,2.0
1765030607.6956894,2.0
1765030607.706421,2.0
1765030607.7172499,2.0
1765030607.7279954,2.0
1765030607.7387328,2.0
1765030607.749463,2.0
1765030607.760208,2.0
1765030607.7709339,2.0
1765030607.781674,2.0
1765030607.7924006,2.0
1765030607.803133,2.0
1765030607.8139102,2.0
1765030607.8245952,2.0
1765030607.8353133,2.0
1765030607.8460233,2.0
1765030607.8567479,2.0
1765030607.8674796,2.0
1765030607.8781867,2.0
1765030607.8889284,2.0
1765030607.899637,2.0
1765030607.910335,2.0
1765030607.921059,2.0
1765030607.9317462,2.0
1765030607.9424663,2.0
1765030607.9531865,2.0
1765030607.9638667,2.0
1765030607.9746647,2.0
1765030607.9853861,2.0
1765030607.9960783,2.0
1765030608.0067878,2.0
1765030608.017489,2.0
1765030608.0283267,2.0
1765030608.0392146,2.0
1765030608.0499823,2.0
1765030608.0606973,2.0
1765030608.071485,2.0
1765030608.0823379,2.0
1765030608.0930808,2.0
1765030608.103842,2.0
1765030608.1145856,2.0
1765030608.1253216,2.0
1765030608.1361067,2.0
1765030608.1468809,2.0
1765030608.157727,2.0
1765030608.1684756,2.0
1765030608.1791933,2.0
1765030608.189948,2.0
1765030608.2007322,2.0
1765030608.2114782,2.0
1765030608.2222083,2.0
1765030608.232943,2.0
1765030608.2437077,2.0
1765030608.2550159,2.0
1765030608.2664683,2.0
1765030608.2771955,2.0
1765030608.2879648,2.0
1765030608.29873,2.0
1765030608.3095112,2.0
1765030608.3203042,2.0
1765030608.3310652,2.0
1765030608.3419676,2.0
1765030608.3527865,2.0
1765030608.363759,2.0
1765030608.3745062,2.0
1765030608.3852255,2.0
1765030608.3960214,2.0
1765030608.4067974,2.0
1765030608.41759,2.0
1765030608.4283402,2.0
1765030608.439101,2.0
1765030608.4499507,2.0
1765030608.4606912,2.0
1765030608.4715204,2.0
1765030608.4822588,2.0
1765030608.493088,2.0
1765030608.5038042,2.0
1765030608.5145543,2.0
1765030608.5256784,2.0
1765030608.5365465,2.0
1765030608.5473049,2.0
1765030608.5580618,2.0
1765030608.5687888,2.0
1765030608.5795588,2.0
1765030608.590333,2.0
1765030608.6010544,2.0
1765030608.6118093,2.0
1765030608.6225479,2.0
1765030608.6332805,2.0
1765030608.6439986,2.0
1765030608.6548069,2.0
1765030608.6657515,2.0
1765030608.6764984,2.0
1765030608.6873322,2.0
1765030608.6981401,2.0
1765030608.7089133,2.0
1765030608.71974,2.0
1765030608.730438,2.0
1765030608.7411685,2.0
1765030608.7519073,2.0
1765030608.7626736,2.0
1765030608.7734187,2.0
1765030608.7841892,2.0
1765030608.794904,2.0
1765030608.8056486,2.0
1765030608.8163643,2.0
1765030608.8271055,2.0
1765030608.8378167,2.0
1765030608.848622,2.0
1765030608.8593678,2.0
1765030608.8700778,2.0
1765030608.880831,2.0
1765030608.891697,2.0
1765030608.9023912,2.0
1765030608.9131758,2.0
1765030608.923916,2.0
1765030608.9346645,2.0
1765030608.945399,2.0
1765030608.9561312,2.0
1765030608.966906,2.0
1765030608.9776824,2.0
1765030608.9884381,2.0
1765030608.999217,2.0
1765030609.009984,2.0
1765030609.0207472,2.0
1765030609.0314806,2.0
1765030609.0422738,2.0
1765030609.0529897,2.0
1765030609.063763,2.0
1765030609.074524,2.0
1765030609.0852225,2.0
1765030609.0960708,2.0
1765030609.1068163,2.0
1765030609.1175637,2.0
1765030609.1282685,2.0
1765030609.1390228,2.0
1765030609.14977,2.0
1765030609.1604917,2.0
1765030609.1715865,2.0
1765030609.1822362,2.0
1765030609.1929932,2.0
1765030609.203701,2.0
1765030609.2144256,2.0
1765030609.2251666,2.0
1765030609.2358913,2.0
1765030609.2467363,2.0
1765030609.2581503,2.0
1765030609.2690558,2.0
1765030609.2797694,2.0
1765030609.2905169,2.0
1765030609.3012562,2.0
1765030609.3120253,2.0
1765030609.3227317,2.0
1765030609.333473,2.0
1765030609.3442101,2.0
1765030609.354971,2.0
1765030609.3657522,2.0
1765030609.3764756,2.0
1765030609.3873248,2.0
1765030609.3980238,2.0
1765030609.4087992,2.0
1765030609.419584,2.0
1765030609.4303067,2.0
1765030609.4410682,2.0
1765030609.4518747,2.0
1765030609.4626288,2.0
1765030609.473404,2.0
1765030609.484139,2.0
1765030609.4950325,2.0
1765030609.505752,2.0
1765030609.5165386,2.0
1765030609.5271585,2.0
1765030609.5378728,2.0
1765030609.5485897,2.0
1765030609.5594018,2.0
1765030609.570179,2.0
1765030609.5810483,2.0
1765030609.5918045,2.0
1765030609.6025407,2.0
1765030609.613292,2.0
1765030609.6240382,2.0
1765030609.6348145,2.0
1765030609.6456249,2.0
1765030609.6565733,2.0
1765030609.667356,2.0
1765030609.6781077,2.0
1765030609.6891725,2.0
1765030609.6999054,2.0
1765030609.7108219,2.0
1765030609.721664,2.0
1765030609.7323287,2.0
1765030609.7431178,2.0
1765030609.7538612,2.0
1765030609.7645905,2.0
1765030609.7753325,2.0
1765030609.786095,2.0
1765030609.7968645,2.0
1765030609.8074949,2.0
1765030609.818231,2.0
1765030609.8290007,2.0
1765030609.8398244,2.0
1765030609.8506024,2.0
1765030609.86136,2.0
1765030609.8721063,2.0
1765030609.8828614,2.0
1765030609.8936365,2.0
1765030609.9044452,2.0
1765030609.915252,2.0
1765030609.926011,2.0
1765030609.936772,2.0
1765030609.9475863,2.0
1765030609.9584844,2.0
1765030609.9692209,2.0
1765030609.9800007,2.0
1765030609.9908447,2.0
1765030610.0016036,2.0
1765030610.0124295,2.0
1765030610.023179,2.0
1765030610.0339153,2.0
1765030610.0447237,2.0
1765030610.0554876,2.0
1765030610.0662382,2.0
1765030610.0770118,2.0
1765030610.0877688,2.0
1765030610.0985239,2.0
1765030610.109287,2.0
1765030610.1200378,2.0
1765030610.1307936,2.0
1765030610.141599,2.0
1765030610.15236,2.0
1765030610.1631463,2.0
1765030610.1738698,2.0
1765030610.1846645,2.0
1765030610.195417,2.0
1765030610.2062213,2.0
1765030610.2169306,2.0
1765030610.227667,2.0
1765030610.238447,2.0
1765030610.25069,2.0
1765030610.2616751,2.0
1765030610.2724135,2.0
1765030610.2831476,2.0
1765030610.2939332,2.0
1765030610.3046758,2.0
1765030610.3154325,2.0
1765030610.3262064,2.0
1765030610.3369503,2.0
1765030610.3476937,2.0
1765030610.3585343,2.0
1765030610.3692853,2.0
1765030610.3800304,2.0
1765030610.390749,2.0
1765030610.401544,2.0
1765030610.4123068,2.0
1765030610.4230802,2.0
1765030610.4338222,2.0
1765030610.4449239,2.0
1765030610.4556468,2.0
1765030610.4664245,2.0
1765030610.4771733,2.0
1765030610.487964,2.0
1765030610.4987497,2.0
1765030610.5095367,2.0
1765030610.5205739,2.0
1765030610.531431,2.0
1765030610.5421896,2.0
1765030610.5529423,2.0
1765030610.56378,2.0
1765030610.5745854,2.0
1765030610.5853412,2.0
1765030610.5960555,2.0
1765030610.606759,2.0
1765030610.6175063,2.0
1765030610.6282887,2.0
1765030610.6390216,2.0
1765030610.6499608,2.0
1765030610.6607072,2.0
1765030610.6715403,2.0
1765030610.6824408,2.0
1765030610.693115,2.0
1765030610.7038345,2.0
1765030610.7145672,2.0
1765030610.7253377,2.0
1765030610.7360494,2.0
1765030610.7468328,2.0
1765030610.757571,2.0
1765030610.7683015,2.0
1765030610.7790394,2.0
1765030610.7898078,2.0
1765030610.8005748,2.0
1765030610.8113263,2.0
1765030610.822057,2.0
1765030610.8327672,2.0
1765030610.8435118,2.0
1765030610.8543828,2.0
1765030610.8652182,2.0
1765030610.875914,2.0
1765030610.8866248,2.0
1765030610.8974438,2.0
1765030610.908141,2.0
1765030610.9188325,2.0
1765030610.9296167,2.0
1765030610.940331,2.0
1765030610.951031,2.0
1765030610.9618332,2.0
1765030610.9725635,2.0
1765030610.9833434,2.0
1765030610.994093,2.0
1765030611.004838,2.0
1765030611.0156043,2.0
1765030611.0263252,2.0
1765030611.0370495,2.0
1765030611.047878,2.0
1765030611.0586243,2.0
1765030611.0694082,2.0
1765030611.0801404,2.0
1765030611.090999,2.0
1765030611.1023154,2.0
1765030611.1130579,2.0
1765030611.1238215,2.0
1765030611.134588,2.0
1765030611.1454272,2.0
1765030611.1561744,2.0
1765030611.1668854,2.0
1765030611.1776652,2.0
1765030611.18844,2.0
1765030611.1991506,2.0
1765030611.2098916,2.0
1765030611.2206783,2.0
1765030611.23145,2.0
1765030611.242177,2.0
1765030611.25354,2.0
1765030611.2644603,2.0
1765030611.2751608,2.0
1765030611.2859366,2.0
1765030611.2966435,2.0
1765030611.3074307,2.0
1765030611.3182812,2.0
1765030611.3290381,2.0
1765030611.339812,2.0
1765030611.3505273,2.0
1765030611.3613198,2.0
1765030611.3720658,2.0
1765030611.3828046,2.0
1765030611.3935332,2.0
1765030611.404411,2.0
1765030611.4151375,2.0
1765030611.425955,2.0
1765030611.4366884,2.0
1765030611.4475958,2.0
1765030611.4583106,2.0
1765030611.4690604,2.0
1765030611.4797907,2.0
1765030611.4905548,2.0
1765030611.5013285,2.0
1765030611.5120857,2.0
1765030611.522957,2.0
1765030611.5336957,2.0
1765030611.5444534,2.0
1765030611.555205,2.0
1765030611.5659924,2.0
1765030611.5767741,2.0
1765030611.5875058,2.0
1765030611.5982447,2.0
1765030611.608971,2.0
1765030611.619714,2.0
1765030611.630465,2.0
1765030611.641191,2.0
1765030611.6521473,2.0
1765030611.6630208,2.0
1765030611.6737716,2.0
1765030611.6846256,2.0
1765030611.6952224,2.0
1765030611.7059476,2.0
1765030611.7167246,2.0
1765030611.7275882,2.0
1765030611.7383142,2.0
1765030611.749053,2.0
1765030611.759967,2.0
1765030611.7710552,2.0
1765030611.781715,2.0
1765030611.792454,2.0
1765030611.803274,2.0
1765030611.8140047,2.0
1765030611.8247328,2.0
1765030611.8354926,2.0
1765030611.8463564,2.0
1765030611.8570726,2.0
1765030611.867804,2.0
1765030611.8786247,2.0
1765030611.8893785,2.0
1765030611.9001307,2.0
1765030611.9109817,2.0
1765030611.921703,2.0
1765030611.9324512,2.0
1765030611.9432008,2.0
1765030611.9539802,2.0
1765030611.9647794,2.0
1765030611.9754722,2.0
1765030611.986233,2.0
1765030611.9968414,2.0
1765030612.0076098,2.0
1765030612.018405,2.0
1765030612.0291448,2.0
1765030612.0400145,2.0
1765030612.0507407,2.0
1765030612.0615556,2.0
1765030612.0722923,2.0
1765030612.0830653,2.0
1765030612.093833,2.0
1765030612.104601,2.0
1765030612.1153617,2.0
1765030612.1260676,2.0
1765030612.1369257,2.0
1765030612.1476958,2.0
1765030612.1584396,2.0
1765030612.1692324,2.0
1765030612.1799972,2.0
1765030612.1907778,2.0
1765030612.2015023,2.0
1765030612.2122107,2.0
1765030612.2229762,2.0
1765030612.2337224,2.0
1765030612.2449625,2.0
1765030612.25744,2.0
1765030612.2681296,2.0
1765030612.2788537,2.0
1765030612.2896917,2.0
1765030612.300465,2.0
1765030612.3111718,2.0
1765030612.3220127,2.0
1765030612.332847,2.0
1765030612.343685,2.0
1765030612.3544037,2.0
1765030612.3651357,2.0
1765030612.3758638,2.0
1765030612.3865762,2.0
1765030612.3973594,2.0
1765030612.408199,2.0
1765030612.418984,2.0
1765030612.4297223,2.0
1765030612.4404647,2.0
1765030612.4512913,2.0
1765030612.4620414,2.0
1765030612.4727724,2.0
1765030612.483582,2.0
1765030612.4945076,2.0
1765030612.5052967,2.0
1765030612.5160398,2.0
1765030612.5267723,2.0
1765030612.5375311,2.0
1765030612.5483499,2.0
1765030612.5591187,2.0
1765030612.5698774,2.0
1765030612.5807717,2.0
1765030612.5915504,2.0
1765030612.6023307,2.0
1765030612.613068,2.0
1765030612.623816,2.0
1765030612.6345658,2.0
1765030612.6455896,2.0
1765030612.6563249,2.0
1765030612.667112,2.0
1765030612.6778507,2.0
1765030612.6886003,2.0
1765030612.6993866,2.0
1765030612.7101197,2.0
1765030612.7208304,2.0
1765030612.7316053,2.0
1765030612.7423165,2.0
1765030612.7530818,2.0
1765030612.763927,2.0
1765030612.7746685,2.0
1765030612.7854407,2.0
1765030612.7961679,2.0
1765030612.806998,2.0
1765030612.8178165,2.0
1765030612.8285935,2.0
1765030612.8393703,2.0
1765030612.85011,2.0
1765030612.860797,2.0
1765030612.8715718,2.0
1765030612.8823276,2.0
1765030612.8930836,2.0
1765030612.9039075,2.0
1765030612.9146178,2.0
1765030612.9252107,2.0
1765030612.9360244,2.0
1765030612.946777,2.0
1765030612.9575384,2.0
1765030612.9682777,2.0
1765030612.9790394,2.0
1765030612.9899232,2.0
1765030613.000688,2.0
1765030613.0114257,2.0
1765030613.0221436,2.0
1765030613.0328963,2.0
1765030613.0437293,2.0
1765030613.0544908,2.0
1765030613.065186,2.0
1765030613.0760636,2.0
1765030613.086792,2.0
1765030613.097538,2.0
1765030613.1082819,2.0
1765030613.1190128,2.0
1765030613.1297293,2.0
1765030613.1405501,2.0
1765030613.1513007,2.0
1765030613.1620333,2.0
1765030613.1729097,2.0
1765030613.18366,2.0
1765030613.1944003,2.0
1765030613.2051632,2.0
1765030613.2159703,2.0
1765030613.2267323,2.0
1765030613.2374997,2.0
1765030613.2482576,2.0
1765030613.2600336,2.0
1765030613.2707348,2.0
1765030613.2815146,2.0
1765030613.292214,2.0
1765030613.302989,2.0
1765030613.3137667,2.0
1765030613.324517,2.0
1765030613.3353188,2.0
1765030613.3460596,2.0
1765030613.3566983,2.0
1765030613.367452,2.0
1765030613.3781652,2.0
1765030613.3889654,2.0
1765030613.3997157,2.0
1765030613.4104483,2.0
1765030613.421278,2.0
1765030613.432029,2.0
1765030613.442797,2.0
1765030613.45362,2.0
1765030613.4643574,2.0
1765030613.475116,2.0
1765030613.4858396,2.0
1765030613.4966257,2.0
1765030613.5073605,2.0
1765030613.518137,2.0
1765030613.529072,2.0
1765030613.5398233,2.0
1765030613.550567,2.0
1765030613.5613122,2.0
1765030613.5720356,2.0
1765030613.5827975,2.0
1765030613.5935068,2.0
1765030613.604246,2.0
1765030613.6149724,2.0
1765030613.6257703,2.0
1765030613.6365259,2.0
1765030613.6475468,2.0
1765030613.6582844,2.0
1765030613.6690345,2.0
1765030613.6797473,2.0
1765030613.6905797,2.0
1765030613.7012887,2.0
1765030613.7120445,2.0
1765030613.7228951,2.0
1765030613.7336228,2.0
1765030613.7443652,2.0
1765030613.7551064,2.0
1765030613.7658787,2.0
1765030613.7766542,2.0
1765030613.7874467,2.0
1765030613.7981665,2.0
1765030613.8088965,2.0
1765030613.81961,2.0
1765030613.8303647,2.0
1765030613.8412097,2.0
1765030613.8520362,2.0
1765030613.8627634,2.0
1765030613.873496,2.0
1765030613.8842692,2.0
1765030613.8950996,2.0
1765030613.9058182,2.0
1765030613.9165297,2.0
1765030613.9272704,2.0
1765030613.9380608,2.0
1765030613.948793,2.0
1765030613.9595733,2.0
1765030613.9703166,2.0
1765030613.9810414,2.0
1765030613.9918637,2.0
1765030614.0026014,2.0
1765030614.0133622,2.0
1765030614.0240917,2.0
1765030614.034936,2.0
1765030614.0457218,2.0
1765030614.056483,2.0
1765030614.0672228,2.0
1765030614.0779932,2.0
1765030614.0887196,2.0
1765030614.0994947,2.0
1765030614.1101718,2.0
1765030614.120889,2.0
1765030614.1316278,2.0
1765030614.142382,2.0
1765030614.153089,2.0
1765030614.163863,2.0
1765030614.1746607,2.0
1765030614.1854813,2.0
1765030614.1962137,2.0
1765030614.20694,2.0
1765030614.2178226,2.0
1765030614.2285745,2.0
1765030614.2393084,2.0
1765030614.2500322,2.0
1765030614.2620904,2.0
1765030614.2727556,2.0
1765030614.283572,2.0
1765030614.2946677,2.0
1765030614.3054442,2.0
1765030614.3161774,2.0
1765030614.3269274,2.0
1765030614.3376408,2.0
1765030614.3485131,2.0
1765030614.3592567,2.0
1765030614.370028,2.0
1765030614.3809133,2.0
1765030614.391658,2.0
1765030614.4023647,2.0
1765030614.4131162,2.0
1765030614.4238605,2.0
1765030614.434618,2.0
1765030614.4456122,2.0
1765030614.4564207,2.0
1765030614.4671907,2.0
1765030614.4779687,2.0
1765030614.4887378,2.0
1765030614.4994938,2.0
1765030614.5102828,2.0
1765030614.521053,2.0
1765030614.5318563,2.0
1765030614.5426068,2.0
1765030614.5534039,2.0
1765030614.564019,2.0
1765030614.5747535,2.0
1765030614.5855515,2.0
1765030614.59633,2.0
1765030614.6070213,2.0
1765030614.617776,2.0
1765030614.628471,2.0
1765030614.639215,2.0
1765030614.6503518,2.0
1765030614.6610851,2.0
1765030614.6718304,2.0
1765030614.682605,2.0
1765030614.69337,2.0
1765030614.7040753,2.0
1765030614.7148583,2.0
1765030614.725806,2.0
1765030614.7365034,2.0
1765030614.7472544,2.0
1765030614.7579908,2.0
1765030614.7687428,2.0
1765030614.7794762,2.0
1765030614.790379,2.0
1765030614.8011081,2.0
1765030614.8117225,2.0
1765030614.822491,2.0
1765030614.833287,2.0
1765030614.8440447,2.0
1765030614.8547785,2.0
1765030614.8655288,2.0
1765030614.8762376,2.0
1765030614.88702,2.0
1765030614.8977585,2.0
1765030614.9088728,2.0
1765030614.9196193,2.0
1765030614.9303966,2.0
1765030614.9412203,2.0
1765030614.9520586,2.0
1765030614.9627922,2.0
1765030614.9735584,2.0
1765030614.9843013,2.0
1765030614.995042,2.0
1765030615.0057876,2.0
1765030615.0166013,2.0
1765030615.0273597,2.0
1765030615.0381174,2.0
1765030615.04893,2.0
1765030615.059647,2.0
1765030615.0704787,2.0
1765030615.0811899,2.0
1765030615.0919755,2.0
1765030615.1027145,2.0
1765030615.1135316,2.0
1765030615.124273,2.0
1765030615.1349792,2.0
1765030615.1457272,2.0
1765030615.1564713,2.0
1765030615.1672068,2.0
1765030615.1779642,2.0
1765030615.188675,2.0
1765030615.199503,2.0
1765030615.2103024,2.0
1765030615.221041,2.0
1765030615.2317562,2.0
1765030615.242507,2.0
1765030615.2537835,2.0
1765030615.265052,2.0
1765030615.2756789,2.0
1765030615.2864473,2.0
1765030615.2973847,2.0
1765030615.3080838,2.0
1765030615.3188758,2.0
1765030615.3296392,2.0
1765030615.3403862,2.0
1765030615.3511417,2.0
1765030615.3618994,2.0
1765030615.37266,2.0
1765030615.383393,2.0
1765030615.3941329,2.0
1765030615.4049928,2.0
1765030615.4157486,2.0
1765030615.4264832,2.0
1765030615.4372118,2.0
1765030615.4480345,2.0
1765030615.4587567,2.0
1765030615.469496,2.0
1765030615.480368,2.0
1765030615.4911993,2.0
1765030615.501895,2.0
1765030615.512678,2.0
1765030615.523478,2.0
1765030615.5342543,2.0
1765030615.5451376,2.0
1765030615.5559099,2.0
1765030615.5666406,2.0
1765030615.5773635,2.0
1765030615.5881202,2.0
1765030615.5990386,2.0
1765030615.609789,2.0
1765030615.6206474,2.0
1765030615.6314049,2.0
1765030615.6421955,2.0
1765030615.6530561,2.0
1765030615.6637595,2.0
1765030615.6743934,2.0
1765030615.685138,2.0
1765030615.6958866,2.0
1765030615.7066925,2.0
1765030615.7175229,2.0
1765030615.7284596,2.0
1765030615.73919,2.0
1765030615.7499578,2.0
1765030615.7607667,2.0
1765030615.7715058,2.0
1765030615.7823858,2.0
1765030615.7931113,2.0
1765030615.803851,2.0
1765030615.8146045,2.0
1765030615.8253677,2.0
1765030615.8361301,2.0
1765030615.8468792,2.0
1765030615.8576655,2.0
1765030615.868441,2.0
1765030615.879186,2.0
1765030615.8899038,2.0
1765030615.9006712,2.0
1765030615.9114978,2.0
1765030615.922302,2.0
1765030615.9330113,2.0
1765030615.9437757,2.0
1765030615.9546888,2.0
1765030615.9654322,2.0
1765030615.9762022,2.0
1765030615.9870138,2.0
1765030615.997742,2.0
1765030616.008445,2.0
1765030616.019222,2.0
1765030616.02995,2.0
1765030616.0407295,2.0
1765030616.05155,2.0
1765030616.0623288,2.0
1765030616.0730445,2.0
1765030616.0838978,2.0
1765030616.0946434,2.0
1765030616.1054018,2.0
1765030616.1161318,2.0
1765030616.1267226,2.0
1765030616.1374836,2.0
1765030616.1482477,2.0
1765030616.1589746,2.0
1765030616.1696885,2.0
1765030616.1804144,2.0
1765030616.1911478,2.0
1765030616.2020462,2.0
1765030616.212801,2.0
1765030616.2234948,2.0
1765030616.2342315,2.0
1765030616.2449403,2.0
1765030616.2571373,2.0
1765030616.2678945,2.0
1765030616.278639,2.0
1765030616.2893858,2.0
1765030616.300137,2.0
1765030616.3108802,2.0
1765030616.3216286,2.0
1765030616.3323872,2.0
1765030616.34339,2.0
1765030616.3540807,2.0
1765030616.364851,2.0
1765030616.3756099,2.0
1765030616.3863857,2.0
1765030616.3971443,2.0
1765030616.4078817,2.0
1765030616.4186888,2.0
1765030616.4294343,2.0
1765030616.440165,2.0
1765030616.4512155,2.0
1765030616.4619725,2.0
1765030616.4728365,2.0
1765030616.4835837,2.0
1765030616.494573,2.0
1765030616.5053267,2.0
1765030616.5161037,2.0
1765030616.5271723,2.0
1765030616.5379477,2.0
1765030616.5487065,2.0
1765030616.559483,2.0
1765030616.5702474,2.0
1765030616.5809822,2.0
1765030616.5917287,2.0
1765030616.6025379,2.0
1765030616.6132908,2.0
1765030616.62401,2.0
1765030616.6347525,2.0
1765030616.6456282,2.0
1765030616.6564717,2.0
1765030616.6672409,2.0
1765030616.678092,2.0
1765030616.6890306,2.0
1765030616.699701,2.0
1765030616.7105675,2.0
1765030616.7214034,2.0
1765030616.7320642,2.0
1765030616.7427685,2.0
1765030616.753583,2.0
1765030616.7643206,2.0
1765030616.7751436,2.0
1765030616.785872,2.0
1765030616.796596,2.0
1765030616.8073905,2.0
1765030616.8181665,2.0
1765030616.828911,2.0
1765030616.839647,2.0
1765030616.8503845,2.0
1765030616.8612955,2.0
1765030616.8720555,2.0
1765030616.8827791,2.0
1765030616.8935375,2.0
1765030616.904296,2.0
1765030616.9151466,2.0
1765030616.925898,2.0
1765030616.936617,2.0
1765030616.9474034,2.0
1765030616.9581702,2.0
1765030616.9690347,2.0
1765030616.9797924,2.0
1765030616.9906156,2.0
1765030617.0013354,2.0
1765030617.0121255,2.0
1765030617.0229065,2.0
1765030617.0337174,2.0
1765030617.0444648,2.0
1765030617.0552046,2.0
1765030617.0659785,2.0
1765030617.0767286,2.0
1765030617.0875063,2.0
1765030617.0983543,2.0
1765030617.1091013,2.0
1765030617.119846,2.0
1765030617.1305912,2.0
1765030617.1413925,2.0
1765030617.1521258,2.0
1765030617.162923,2.0
1765030617.1736727,2.0
1765030617.184453,2.0
1765030617.1951737,2.0
1765030617.2059422,2.0
1765030617.21666,2.0
1765030617.2274187,2.0
1765030617.2382767,2.0
1765030617.2504244,2.0
1765030617.2613392,2.0
1765030617.272049,2.0
1765030617.282844,2.0
1765030617.293588,2.0
1765030617.3044496,2.0
1765030617.31529,2.0
1765030617.3260589,2.0
1765030617.336774,2.0
1765030617.3475266,2.0
1765030617.3583157,2.0
1765030617.369158,2.0
1765030617.3799095,2.0
1765030617.3906178,2.0
1765030617.4014046,2.0
1765030617.4121475,2.0
1765030617.4230287,2.0
1765030617.433768,2.0
1765030617.4445,2.0
1765030617.4553158,2.0
1765030617.4660697,2.0
1765030617.4768412,2.0
1765030617.4876406,2.0
1765030617.4984336,2.0
1765030617.5091643,2.0
1765030617.5199888,2.0
1765030617.5311444,2.0
1765030617.5418556,2.0
1765030617.5525315,2.0
1765030617.5632207,2.0
1765030617.5739546,2.0
1765030617.5848606,2.0
1765030617.5955694,2.0
1765030617.6062405,2.0
1765030617.6169505,2.0
1765030617.6277063,2.0
1765030617.6384485,2.0
1765030617.6493278,2.0
1765030617.659971,2.0
1765030617.6706858,2.0
1765030617.681372,2.0
1765030617.6921299,2.0
1765030617.7028346,2.0
1765030617.7135227,2.0
1765030617.7243874,2.0
1765030617.7351148,2.0
1765030617.7459922,2.0
1765030617.7567337,2.0
1765030617.7674367,2.0
1765030617.7781444,2.0
1765030617.7888818,2.0
1765030617.799629,2.0
1765030617.8103275,2.0
1765030617.821015,2.0
1765030617.8317318,2.0
1765030617.8424516,2.0
1765030617.8531897,2.0
1765030617.8639088,2.0
1765030617.874614,2.0
1765030617.8853104,2.0
1765030617.8961604,2.0
1765030617.9068682,2.0
1765030617.917592,2.0
1765030617.9283078,2.0
1765030617.9390159,2.0
1765030617.9497044,2.0
1765030617.9604537,2.0
1765030617.9713714,2.0
1765030617.982088,2.0
1765030617.9927998,2.0
1765030618.0035267,2.0
1765030618.0142462,2.0
1765030618.0250142,2.0
1765030618.0358155,2.0
1765030618.0465474,2.0
1765030618.057318,2.0
1765030618.0680428,2.0
1765030618.0787284,2.0
1765030618.0894628,2.0
1765030618.1001668,2.0
1765030618.1108782,2.0
1765030618.1215694,2.0
1765030618.13233,2.0
1765030618.1430879,2.0
1765030618.1537762,2.0
1765030618.164468,2.0
1765030618.1751676,2.0
1765030618.1859071,2.0
1765030618.1966825,2.0
1765030618.2073545,2.0
1765030618.2180402,2.0
1765030618.2288902,2.0
1765030618.2396162,2.0
1765030618.2503176,2.0
1765030618.2622256,2.0
1765030618.2730162,2.0
1765030618.283746,2.0
1765030618.2944567,2.0
1765030618.3051636,2.0
1765030618.3159304,2.0
1765030618.3266435,2.0
1765030618.3373513,2.0
1765030618.348039,2.0
1765030618.3588123,2.0
1765030618.369494,2.0
1765030618.3802292,2.0
1765030618.3912206,2.0
1765030618.401936,2.0
1765030618.4126568,2.0
1765030618.4233692,2.0
1765030618.4340875,2.0
1765030618.4447916,2.0
1765030618.456176,2.0
1765030618.4668872,2.0
1765030618.477616,2.0
1765030618.4777987,0.0
