time,scope,value
1769974841.8140411,nrm.extra.perf.PAPI_L3_TCA.153505,449559056.0
1769974841.8140411,nrm.extra.perf.PAPI_TOT_INS.153505,146602658584.0
1769974841.8140411,nrm.extra.perf.PAPI_TOT_CYC.153505,256318997351.0
1769974841.8140411,nrm.extra.perf.PAPI_RES_STL.153505,124374671899.0
1769974841.8140411,nrm.extra.perf.PAPI_L3_TCM.153505,46785884.0
1769974842.8110478,nrm.extra.perf.PAPI_L3_TCA.153505,900508531.0
1769974842.8110478,nrm.extra.perf.PAPI_TOT_INS.153505,292703586210.0
1769974842.8110478,nrm.extra.perf.PAPI_TOT_CYC.153505,503712434466.0
1769974842.8110478,nrm.extra.perf.PAPI_RES_STL.153505,247921145347.0
1769974842.8110478,nrm.extra.perf.PAPI_L3_TCM.153505,93369379.0
1769974843.810993,nrm.extra.perf.PAPI_L3_TCA.153505,1351482408.0
1769974843.810993,nrm.extra.perf.PAPI_TOT_INS.153505,438850439343.0
1769974843.810993,nrm.extra.perf.PAPI_TOT_CYC.153505,751565885491.0
1769974843.810993,nrm.extra.perf.PAPI_RES_STL.153505,371618035740.0
1769974843.810993,nrm.extra.perf.PAPI_L3_TCM.153505,139727949.0
1769974844.8140538,nrm.extra.perf.PAPI_L3_TCA.153505,1804018369.0
1769974844.8140538,nrm.extra.perf.PAPI_TOT_INS.153505,585824381511.0
1769974844.8140538,nrm.extra.perf.PAPI_TOT_CYC.153505,1000512632040.0
1769974844.8140538,nrm.extra.perf.PAPI_RES_STL.153505,495614650246.0
1769974844.8140538,nrm.extra.perf.PAPI_L3_TCM.153505,186113446.0
1769974845.8110688,nrm.extra.perf.PAPI_L3_TCA.153505,2254392977.0
1769974845.8110688,nrm.extra.perf.PAPI_TOT_INS.153505,732014143639.0
1769974845.8110688,nrm.extra.perf.PAPI_TOT_CYC.153505,1248145660219.0
1769974845.8110688,nrm.extra.perf.PAPI_RES_STL.153505,618657980663.0
1769974845.8110688,nrm.extra.perf.PAPI_L3_TCM.153505,232191187.0
1769974846.8130043,nrm.extra.perf.PAPI_L3_TCA.153505,2708458611.0
1769974846.8130043,nrm.extra.perf.PAPI_TOT_INS.153505,879147357042.0
1769974846.8130043,nrm.extra.perf.PAPI_TOT_CYC.153505,1497573271572.0
1769974846.8130043,nrm.extra.perf.PAPI_RES_STL.153505,742830496327.0
1769974846.8130043,nrm.extra.perf.PAPI_L3_TCM.153505,280033820.0
1769974847.8110642,nrm.extra.perf.PAPI_L3_TCA.153505,3163019233.0
1769974847.8110642,nrm.extra.perf.PAPI_TOT_INS.153505,1026394783227.0
1769974847.8110642,nrm.extra.perf.PAPI_TOT_CYC.153505,1745760225278.0
1769974847.8110642,nrm.extra.perf.PAPI_RES_STL.153505,866792941591.0
1769974847.8110642,nrm.extra.perf.PAPI_L3_TCM.153505,326721754.0
1769974848.8150342,nrm.extra.perf.PAPI_L3_TCA.153505,3620540470.0
1769974848.8150342,nrm.extra.perf.PAPI_TOT_INS.153505,1174782464478.0
1769974848.8150342,nrm.extra.perf.PAPI_TOT_CYC.153505,1995569000876.0
1769974848.8150342,nrm.extra.perf.PAPI_RES_STL.153505,991687335059.0
1769974848.8150342,nrm.extra.perf.PAPI_L3_TCM.153505,373435525.0
1769974849.8111045,nrm.extra.perf.PAPI_L3_TCA.153505,4069963648.0
1769974849.8111045,nrm.extra.perf.PAPI_TOT_INS.153505,1320550422410.0
1769974849.8111045,nrm.extra.perf.PAPI_TOT_CYC.153505,2243020376680.0
1769974849.8111045,nrm.extra.perf.PAPI_RES_STL.153505,1114607263513.0
1769974849.8111045,nrm.extra.perf.PAPI_L3_TCM.153505,419694538.0
1769974850.8140097,nrm.extra.perf.PAPI_L3_TCA.153505,4518181615.0
1769974850.8140097,nrm.extra.perf.PAPI_TOT_INS.153505,1466349824743.0
1769974850.8140097,nrm.extra.perf.PAPI_TOT_CYC.153505,2491541820965.0
1769974850.8140097,nrm.extra.perf.PAPI_RES_STL.153505,1237151741322.0
1769974850.8140097,nrm.extra.perf.PAPI_L3_TCM.153505,465573413.0
1769974851.811097,nrm.extra.perf.PAPI_L3_TCA.153505,4971281616.0
1769974851.811097,nrm.extra.perf.PAPI_TOT_INS.153505,1613273939788.0
1769974851.811097,nrm.extra.perf.PAPI_TOT_CYC.153505,2739372788844.0
1769974851.811097,nrm.extra.perf.PAPI_RES_STL.153505,1360833865072.0
1769974851.811097,nrm.extra.perf.PAPI_L3_TCM.153505,511989478.0
1769974852.811044,nrm.extra.perf.PAPI_L3_TCA.153505,5425667628.0
1769974852.811044,nrm.extra.perf.PAPI_TOT_INS.153505,1760604753706.0
1769974852.811044,nrm.extra.perf.PAPI_TOT_CYC.153505,2988320198017.0
1769974852.811044,nrm.extra.perf.PAPI_RES_STL.153505,1484952147441.0
1769974852.811044,nrm.extra.perf.PAPI_L3_TCM.153505,558566580.0
1769974853.8140795,nrm.extra.perf.PAPI_L3_TCA.153505,5880449791.0
1769974853.8140795,nrm.extra.perf.PAPI_TOT_INS.153505,1908085699728.0
1769974853.8140795,nrm.extra.perf.PAPI_TOT_CYC.153505,3237682836281.0
1769974853.8140795,nrm.extra.perf.PAPI_RES_STL.153505,1609148409934.0
1769974853.8140795,nrm.extra.perf.PAPI_L3_TCM.153505,605184004.0
1769974854.8110423,nrm.extra.perf.PAPI_L3_TCA.153505,6298845315.0
1769974854.8110423,nrm.extra.perf.PAPI_TOT_INS.153505,2045073684854.0
1769974854.8110423,nrm.extra.perf.PAPI_TOT_CYC.153505,3475131255657.0
1769974854.8110423,nrm.extra.perf.PAPI_RES_STL.153505,1723841301683.0
1769974854.8110423,nrm.extra.perf.PAPI_L3_TCM.153505,648029653.0
1769974855.8110344,nrm.extra.perf.PAPI_L3_TCA.153505,6752921530.0
1769974855.8110344,nrm.extra.perf.PAPI_TOT_INS.153505,2192481104435.0
1769974855.8110344,nrm.extra.perf.PAPI_TOT_CYC.153505,3723606779221.0
1769974855.8110344,nrm.extra.perf.PAPI_RES_STL.153505,1848020443354.0
1769974855.8110344,nrm.extra.perf.PAPI_L3_TCM.153505,694448616.0
1769974856.8130314,nrm.extra.perf.PAPI_L3_TCA.153505,7194626427.0
1769974856.8130314,nrm.extra.perf.PAPI_TOT_INS.153505,2336216250427.0
1769974856.8130314,nrm.extra.perf.PAPI_TOT_CYC.153505,3968722727430.0
1769974856.8130314,nrm.extra.perf.PAPI_RES_STL.153505,1969153917805.0
1769974856.8130314,nrm.extra.perf.PAPI_L3_TCM.153505,739961704.0
1769974857.8110578,nrm.extra.perf.PAPI_L3_TCA.153505,7630734222.0
1769974857.8110578,nrm.extra.perf.PAPI_TOT_INS.153505,2478472328626.0
1769974857.8110578,nrm.extra.perf.PAPI_TOT_CYC.153505,4212712572571.0
1769974857.8110578,nrm.extra.perf.PAPI_RES_STL.153505,2088455418830.0
1769974857.8110578,nrm.extra.perf.PAPI_L3_TCM.153505,784752907.0
1769974858.8110454,nrm.extra.perf.PAPI_L3_TCA.153505,8075293101.0
1769974858.8110454,nrm.extra.perf.PAPI_TOT_INS.153505,2623011743578.0
1769974858.8110454,nrm.extra.perf.PAPI_TOT_CYC.153505,4458855308596.0
1769974858.8110454,nrm.extra.perf.PAPI_RES_STL.153505,2210163986751.0
1769974858.8110454,nrm.extra.perf.PAPI_L3_TCM.153505,830645671.0
1769974859.8130193,nrm.extra.perf.PAPI_L3_TCA.153505,8528450835.0
1769974859.8130193,nrm.extra.perf.PAPI_TOT_INS.153505,2770198397163.0
1769974859.8130193,nrm.extra.perf.PAPI_TOT_CYC.153505,4707884761551.0
1769974859.8130193,nrm.extra.perf.PAPI_RES_STL.153505,2334060983787.0
1769974859.8130193,nrm.extra.perf.PAPI_L3_TCM.153505,876829697.0
1769974860.8110473,nrm.extra.perf.PAPI_L3_TCA.153505,8980594290.0
1769974860.8110473,nrm.extra.perf.PAPI_TOT_INS.153505,2917011837295.0
1769974860.8110473,nrm.extra.perf.PAPI_TOT_CYC.153505,4955984733080.0
1769974860.8110473,nrm.extra.perf.PAPI_RES_STL.153505,2457436336313.0
1769974860.8110473,nrm.extra.perf.PAPI_L3_TCM.153505,923099420.0
1769974861.8129954,nrm.extra.perf.PAPI_L3_TCA.153505,9434224572.0
1769974861.8129954,nrm.extra.perf.PAPI_TOT_INS.153505,3064107421133.0
1769974861.8129954,nrm.extra.perf.PAPI_TOT_CYC.153505,5205133985832.0
1769974861.8129954,nrm.extra.perf.PAPI_RES_STL.153505,2581682671877.0
1769974861.8129954,nrm.extra.perf.PAPI_L3_TCM.153505,969446886.0
1769974862.8110454,nrm.extra.perf.PAPI_L3_TCA.153505,9886848946.0
1769974862.8110454,nrm.extra.perf.PAPI_TOT_INS.153505,3211056601533.0
1769974862.8110454,nrm.extra.perf.PAPI_TOT_CYC.153505,5453235431467.0
1769974862.8110454,nrm.extra.perf.PAPI_RES_STL.153505,2705345363619.0
1769974862.8110454,nrm.extra.perf.PAPI_L3_TCM.153505,1015513686.0
1769974863.81105,nrm.extra.perf.PAPI_L3_TCA.153505,10340092750.0
1769974863.81105,nrm.extra.perf.PAPI_TOT_INS.153505,3358224849218.0
1769974863.81105,nrm.extra.perf.PAPI_TOT_CYC.153505,5701960283065.0
1769974863.81105,nrm.extra.perf.PAPI_RES_STL.153505,2829392602629.0
1769974863.81105,nrm.extra.perf.PAPI_L3_TCM.153505,1061676767.0
1769974864.8120346,nrm.extra.perf.PAPI_L3_TCA.153505,10794321575.0
1769974864.8120346,nrm.extra.perf.PAPI_TOT_INS.153505,3505529665489.0
1769974864.8120346,nrm.extra.perf.PAPI_TOT_CYC.153505,5950915638784.0
1769974864.8120346,nrm.extra.perf.PAPI_RES_STL.153505,2953526572579.0
1769974864.8120346,nrm.extra.perf.PAPI_L3_TCM.153505,1108058078.0
1769974865.8110611,nrm.extra.perf.PAPI_L3_TCA.153505,11246995184.0
1769974865.8110611,nrm.extra.perf.PAPI_TOT_INS.153505,3652474328809.0
1769974865.8110611,nrm.extra.perf.PAPI_TOT_CYC.153505,6199124454856.0
1769974865.8110611,nrm.extra.perf.PAPI_RES_STL.153505,3077418524828.0
1769974865.8110611,nrm.extra.perf.PAPI_L3_TCM.153505,1154087574.0
1769974866.8110588,nrm.extra.perf.PAPI_L3_TCA.153505,11701003726.0
1769974866.8110588,nrm.extra.perf.PAPI_TOT_INS.153505,3799774017201.0
1769974866.8110588,nrm.extra.perf.PAPI_TOT_CYC.153505,6447650484934.0
1769974866.8110588,nrm.extra.perf.PAPI_RES_STL.153505,3201383017615.0
1769974866.8110588,nrm.extra.perf.PAPI_L3_TCM.153505,1200399285.0
1769974867.8140075,nrm.extra.perf.PAPI_L3_TCA.153505,12155862815.0
1769974867.8140075,nrm.extra.perf.PAPI_TOT_INS.153505,3947386738496.0
1769974867.8140075,nrm.extra.perf.PAPI_TOT_CYC.153505,6696988700106.0
1769974867.8140075,nrm.extra.perf.PAPI_RES_STL.153505,3325834177564.0
1769974867.8140075,nrm.extra.perf.PAPI_L3_TCM.153505,1246475798.0
1769974868.814077,nrm.extra.perf.PAPI_L3_TCA.153505,12611101336.0
1769974868.814077,nrm.extra.perf.PAPI_TOT_INS.153505,4094865915754.0
1769974868.814077,nrm.extra.perf.PAPI_TOT_CYC.153505,6945487356472.0
1769974868.814077,nrm.extra.perf.PAPI_RES_STL.153505,3450234801475.0
1769974868.814077,nrm.extra.perf.PAPI_L3_TCM.153505,1292998884.0
1769974869.8110461,nrm.extra.perf.PAPI_L3_TCA.153505,13064134093.0
1769974869.8110461,nrm.extra.perf.PAPI_TOT_INS.153505,4241825889257.0
1769974869.8110461,nrm.extra.perf.PAPI_TOT_CYC.153505,7193192515410.0
1769974869.8110461,nrm.extra.perf.PAPI_RES_STL.153505,3574150333165.0
1769974869.8110461,nrm.extra.perf.PAPI_L3_TCM.153505,1338862515.0
1769974870.8140209,nrm.extra.perf.PAPI_L3_TCA.153505,13520107840.0
1769974870.8140209,nrm.extra.perf.PAPI_TOT_INS.153505,4389811175142.0
1769974870.8140209,nrm.extra.perf.PAPI_TOT_CYC.153505,7442630244076.0
1769974870.8140209,nrm.extra.perf.PAPI_RES_STL.153505,3698814727558.0
1769974870.8140209,nrm.extra.perf.PAPI_L3_TCM.153505,1385060014.0
1769974871.8110738,nrm.extra.perf.PAPI_L3_TCA.153505,13971653009.0
1769974871.8110738,nrm.extra.perf.PAPI_TOT_INS.153505,4536235623602.0
1769974871.8110738,nrm.extra.perf.PAPI_TOT_CYC.153505,7690373504349.0
1769974871.8110738,nrm.extra.perf.PAPI_RES_STL.153505,3822458389638.0
1769974871.8110738,nrm.extra.perf.PAPI_L3_TCM.153505,1430982331.0
1769974872.8131247,nrm.extra.perf.PAPI_L3_TCA.153505,14407489124.0
1769974872.8131247,nrm.extra.perf.PAPI_TOT_INS.153505,4678667893124.0
1769974872.8131247,nrm.extra.perf.PAPI_TOT_CYC.153505,7935108764397.0
1769974872.8131247,nrm.extra.perf.PAPI_RES_STL.153505,3941642321628.0
1769974872.8131247,nrm.extra.perf.PAPI_L3_TCM.153505,1475382799.0
1769974873.8110673,nrm.extra.perf.PAPI_L3_TCA.153505,14860312105.0
1769974873.8110673,nrm.extra.perf.PAPI_TOT_INS.153505,4825419362352.0
1769974873.8110673,nrm.extra.perf.PAPI_TOT_CYC.153505,8183003263405.0
1769974873.8110673,nrm.extra.perf.PAPI_RES_STL.153505,4065505825475.0
1769974873.8110673,nrm.extra.perf.PAPI_L3_TCM.153505,1521950974.0
1769974874.8138726,nrm.extra.perf.PAPI_L3_TCA.153505,15304774889.0
1769974874.8138726,nrm.extra.perf.PAPI_TOT_INS.153505,4969903085411.0
1769974874.8138726,nrm.extra.perf.PAPI_TOT_CYC.153505,8428842649914.0
1769974874.8138726,nrm.extra.perf.PAPI_RES_STL.153505,4187307119144.0
1769974874.8138726,nrm.extra.perf.PAPI_L3_TCM.153505,1567765587.0
1769974875.8110836,nrm.extra.perf.PAPI_L3_TCA.153505,15754826516.0
1769974875.8110836,nrm.extra.perf.PAPI_TOT_INS.153505,5116179651673.0
1769974875.8110836,nrm.extra.perf.PAPI_TOT_CYC.153505,8676572053672.0
1769974875.8110836,nrm.extra.perf.PAPI_RES_STL.153505,4310507225793.0
1769974875.8110836,nrm.extra.perf.PAPI_L3_TCM.153505,1613755328.0
1769974876.8130393,nrm.extra.perf.PAPI_L3_TCA.153505,16210243336.0
1769974876.8130393,nrm.extra.perf.PAPI_TOT_INS.153505,5264049310831.0
1769974876.8130393,nrm.extra.perf.PAPI_TOT_CYC.153505,8925562682189.0
1769974876.8130393,nrm.extra.perf.PAPI_RES_STL.153505,4435056737763.0
1769974876.8130393,nrm.extra.perf.PAPI_L3_TCM.153505,1660326041.0
1769974877.8120143,nrm.extra.perf.PAPI_L3_TCA.153505,16662790204.0
1769974877.8120143,nrm.extra.perf.PAPI_TOT_INS.153505,5410861980965.0
1769974877.8120143,nrm.extra.perf.PAPI_TOT_CYC.153505,9173731594852.0
1769974877.8120143,nrm.extra.perf.PAPI_RES_STL.153505,4558872598357.0
1769974877.8120143,nrm.extra.perf.PAPI_L3_TCM.153505,1706710930.0
1769974878.8120303,nrm.extra.perf.PAPI_L3_TCA.153505,17116255591.0
1769974878.8120303,nrm.extra.perf.PAPI_TOT_INS.153505,5558087104248.0
1769974878.8120303,nrm.extra.perf.PAPI_TOT_CYC.153505,9422212566114.0
1769974878.8120303,nrm.extra.perf.PAPI_RES_STL.153505,4683022955354.0
1769974878.8120303,nrm.extra.perf.PAPI_L3_TCM.153505,1753624425.0
1769974879.8140342,nrm.extra.perf.PAPI_L3_TCA.153505,17571328419.0
1769974879.8140342,nrm.extra.perf.PAPI_TOT_INS.153505,5705936953904.0
1769974879.8140342,nrm.extra.perf.PAPI_TOT_CYC.153505,9671189611092.0
1769974879.8140342,nrm.extra.perf.PAPI_RES_STL.153505,4807446025573.0
1769974879.8140342,nrm.extra.perf.PAPI_L3_TCM.153505,1800153899.0
1769974880.8110888,nrm.extra.perf.PAPI_L3_TCA.153505,18023607532.0
1769974880.8110888,nrm.extra.perf.PAPI_TOT_INS.153505,5852838791007.0
1769974880.8110888,nrm.extra.perf.PAPI_TOT_CYC.153505,9918780593456.0
1769974880.8110888,nrm.extra.perf.PAPI_RES_STL.153505,4931117008576.0
1769974880.8110888,nrm.extra.perf.PAPI_L3_TCM.153505,1846443075.0
1769974881.8140721,nrm.extra.perf.PAPI_L3_TCA.153505,18477018627.0
1769974881.8140721,nrm.extra.perf.PAPI_TOT_INS.153505,5999938379357.0
1769974881.8140721,nrm.extra.perf.PAPI_TOT_CYC.153505,10167850589568.0
1769974881.8140721,nrm.extra.perf.PAPI_RES_STL.153505,5055412176700.0
1769974881.8140721,nrm.extra.perf.PAPI_L3_TCM.153505,1893029017.0
1769974882.811069,nrm.extra.perf.PAPI_L3_TCA.153505,18929371605.0
1769974882.811069,nrm.extra.perf.PAPI_TOT_INS.153505,6146828365168.0
1769974882.811069,nrm.extra.perf.PAPI_TOT_CYC.153505,10415622127334.0
1769974882.811069,nrm.extra.perf.PAPI_RES_STL.153505,5179103001727.0
1769974882.811069,nrm.extra.perf.PAPI_L3_TCM.153505,1939428966.0
1769974883.8151033,nrm.extra.perf.PAPI_L3_TCA.153505,19384684395.0
1769974883.8151033,nrm.extra.perf.PAPI_TOT_INS.153505,6294751745415.0
1769974883.8151033,nrm.extra.perf.PAPI_TOT_CYC.153505,10665081627016.0
1769974883.8151033,nrm.extra.perf.PAPI_RES_STL.153505,5303652615075.0
1769974883.8151033,nrm.extra.perf.PAPI_L3_TCM.153505,1985930300.0
1769974884.8110046,nrm.extra.perf.PAPI_L3_TCA.153505,19835348166.0
1769974884.8110046,nrm.extra.perf.PAPI_TOT_INS.153505,6440923470878.0
1769974884.8110046,nrm.extra.perf.PAPI_TOT_CYC.153505,10912483031338.0
1769974884.8110046,nrm.extra.perf.PAPI_RES_STL.153505,5427175785338.0
1769974884.8110046,nrm.extra.perf.PAPI_L3_TCM.153505,2032286854.0
1769974885.8110516,nrm.extra.perf.PAPI_L3_TCA.153505,20289534011.0
1769974885.8110516,nrm.extra.perf.PAPI_TOT_INS.153505,6588486297500.0
1769974885.8110516,nrm.extra.perf.PAPI_TOT_CYC.153505,11160957562828.0
1769974885.8110516,nrm.extra.perf.PAPI_RES_STL.153505,5551252368685.0
1769974885.8110516,nrm.extra.perf.PAPI_L3_TCM.153505,2078815111.0
1769974886.815021,nrm.extra.perf.PAPI_L3_TCA.153505,20744685784.0
1769974886.815021,nrm.extra.perf.PAPI_TOT_INS.153505,6736295990140.0
1769974886.815021,nrm.extra.perf.PAPI_TOT_CYC.153505,11410457260801.0
1769974886.815021,nrm.extra.perf.PAPI_RES_STL.153505,5675965970330.0
1769974886.815021,nrm.extra.perf.PAPI_L3_TCM.153505,2125728681.0
1769974887.8110414,nrm.extra.perf.PAPI_L3_TCA.153505,21196017312.0
1769974887.8110414,nrm.extra.perf.PAPI_TOT_INS.153505,6882898831735.0
1769974887.8110414,nrm.extra.perf.PAPI_TOT_CYC.153505,11658042597992.0
1769974887.8110414,nrm.extra.perf.PAPI_RES_STL.153505,5799475196597.0
1769974887.8110414,nrm.extra.perf.PAPI_L3_TCM.153505,2171923859.0
1769974888.811083,nrm.extra.perf.PAPI_L3_TCA.153505,21649996408.0
1769974888.811083,nrm.extra.perf.PAPI_TOT_INS.153505,7030208091850.0
1769974888.811083,nrm.extra.perf.PAPI_TOT_CYC.153505,11906494800560.0
1769974888.811083,nrm.extra.perf.PAPI_RES_STL.153505,5923589180770.0
1769974888.811083,nrm.extra.perf.PAPI_L3_TCM.153505,2218560745.0
1769974889.8150356,nrm.extra.perf.PAPI_L3_TCA.153505,22104268586.0
1769974889.8150356,nrm.extra.perf.PAPI_TOT_INS.153505,7177732457496.0
1769974889.8150356,nrm.extra.perf.PAPI_TOT_CYC.153505,12155975760060.0
1769974889.8150356,nrm.extra.perf.PAPI_RES_STL.153505,6048012771887.0
1769974889.8150356,nrm.extra.perf.PAPI_L3_TCM.153505,2265081386.0
1769974890.81104,nrm.extra.perf.PAPI_L3_TCA.153505,22551140712.0
1769974890.81104,nrm.extra.perf.PAPI_TOT_INS.153505,7323010269820.0
1769974890.81104,nrm.extra.perf.PAPI_TOT_CYC.153505,12402181599479.0
1769974890.81104,nrm.extra.perf.PAPI_RES_STL.153505,6170487290921.0
1769974890.81104,nrm.extra.perf.PAPI_L3_TCM.153505,2311041063.0
1769974891.8110366,nrm.extra.perf.PAPI_L3_TCA.153505,23003679875.0
1769974891.8110366,nrm.extra.perf.PAPI_TOT_INS.153505,7470068330822.0
1769974891.8110366,nrm.extra.perf.PAPI_TOT_CYC.153505,12650789293131.0
1769974891.8110366,nrm.extra.perf.PAPI_RES_STL.153505,6294233715967.0
1769974891.8110366,nrm.extra.perf.PAPI_L3_TCM.153505,2357412578.0
1769974892.8149693,nrm.extra.perf.PAPI_L3_TCA.153505,23459437790.0
1769974892.8149693,nrm.extra.perf.PAPI_TOT_INS.153505,7617912420330.0
1769974892.8149693,nrm.extra.perf.PAPI_TOT_CYC.153505,12900381246791.0
1769974892.8149693,nrm.extra.perf.PAPI_RES_STL.153505,6419008738353.0
1769974892.8149693,nrm.extra.perf.PAPI_L3_TCM.153505,2404173379.0
1769974893.8110356,nrm.extra.perf.PAPI_L3_TCA.153505,23912043980.0
1769974893.8110356,nrm.extra.perf.PAPI_TOT_INS.153505,7764882622392.0
1769974893.8110356,nrm.extra.perf.PAPI_TOT_CYC.153505,13148054980371.0
1769974893.8110356,nrm.extra.perf.PAPI_RES_STL.153505,6542817732977.0
1769974893.8110356,nrm.extra.perf.PAPI_L3_TCM.153505,2450393905.0
1769974894.8111115,nrm.extra.perf.PAPI_L3_TCA.153505,24366992577.0
1769974894.8111115,nrm.extra.perf.PAPI_TOT_INS.153505,7912613303000.0
1769974894.8111115,nrm.extra.perf.PAPI_TOT_CYC.153505,13396510199341.0
1769974894.8111115,nrm.extra.perf.PAPI_RES_STL.153505,6667204076582.0
1769974894.8111115,nrm.extra.perf.PAPI_L3_TCM.153505,2496880833.0
1769974895.8140767,nrm.extra.perf.PAPI_L3_TCA.153505,24820100850.0
1769974895.8140767,nrm.extra.perf.PAPI_TOT_INS.153505,8059742968704.0
1769974895.8140767,nrm.extra.perf.PAPI_TOT_CYC.153505,13645809122208.0
1769974895.8140767,nrm.extra.perf.PAPI_RES_STL.153505,6791335373242.0
1769974895.8140767,nrm.extra.perf.PAPI_L3_TCM.153505,2543308323.0
1769974896.8110673,nrm.extra.perf.PAPI_L3_TCA.153505,25272277318.0
1769974896.8110673,nrm.extra.perf.PAPI_TOT_INS.153505,8206644540560.0
1769974896.8110673,nrm.extra.perf.PAPI_TOT_CYC.153505,13893413378702.0
1769974896.8110673,nrm.extra.perf.PAPI_RES_STL.153505,6915040776280.0
1769974896.8110673,nrm.extra.perf.PAPI_L3_TCM.153505,2589496007.0
1769974897.8150413,nrm.extra.perf.PAPI_L3_TCA.153505,25725876555.0
1769974897.8150413,nrm.extra.perf.PAPI_TOT_INS.153505,8354035758641.0
1769974897.8150413,nrm.extra.perf.PAPI_TOT_CYC.153505,14142688469874.0
1769974897.8150413,nrm.extra.perf.PAPI_RES_STL.153505,7039407815130.0
1769974897.8150413,nrm.extra.perf.PAPI_L3_TCM.153505,2635939017.0
1769974898.8110137,nrm.extra.perf.PAPI_L3_TCA.153505,26177632785.0
1769974898.8110137,nrm.extra.perf.PAPI_TOT_INS.153505,8500594019029.0
1769974898.8110137,nrm.extra.perf.PAPI_TOT_CYC.153505,14390028981896.0
1769974898.8110137,nrm.extra.perf.PAPI_RES_STL.153505,7162952664438.0
1769974898.8110137,nrm.extra.perf.PAPI_L3_TCM.153505,2682219519.0
1769974899.8160331,nrm.extra.perf.PAPI_L3_TCA.153505,26633842739.0
1769974899.8160331,nrm.extra.perf.PAPI_TOT_INS.153505,8648732158037.0
1769974899.8160331,nrm.extra.perf.PAPI_TOT_CYC.153505,14639792911271.0
1769974899.8160331,nrm.extra.perf.PAPI_RES_STL.153505,7287930382341.0
1769974899.8160331,nrm.extra.perf.PAPI_L3_TCM.153505,2728828638.0
1769974900.8110738,nrm.extra.perf.PAPI_L3_TCA.153505,27086120510.0
1769974900.8110738,nrm.extra.perf.PAPI_TOT_INS.153505,8795539535869.0
1769974900.8110738,nrm.extra.perf.PAPI_TOT_CYC.153505,14887131525132.0
1769974900.8110738,nrm.extra.perf.PAPI_RES_STL.153505,7411548463698.0
1769974900.8110738,nrm.extra.perf.PAPI_L3_TCM.153505,2775011971.0
1769974901.8110278,nrm.extra.perf.PAPI_L3_TCA.153505,27539334257.0
1769974901.8110278,nrm.extra.perf.PAPI_TOT_INS.153505,8942719864017.0
1769974901.8110278,nrm.extra.perf.PAPI_TOT_CYC.153505,15135514873678.0
1769974901.8110278,nrm.extra.perf.PAPI_RES_STL.153505,7535707820941.0
1769974901.8110278,nrm.extra.perf.PAPI_L3_TCM.153505,2821195445.0
1769974902.8110995,nrm.extra.perf.PAPI_L3_TCA.153505,27993560841.0
1769974902.8110995,nrm.extra.perf.PAPI_TOT_INS.153505,9090090267569.0
1769974902.8110995,nrm.extra.perf.PAPI_TOT_CYC.153505,15384003655657.0
1769974902.8110995,nrm.extra.perf.PAPI_RES_STL.153505,7659870704495.0
1769974902.8110995,nrm.extra.perf.PAPI_L3_TCM.153505,2867994885.0
1769974903.8140554,nrm.extra.perf.PAPI_L3_TCA.153505,28448597077.0
1769974903.8140554,nrm.extra.perf.PAPI_TOT_INS.153505,9237808084949.0
1769974903.8140554,nrm.extra.perf.PAPI_TOT_CYC.153505,15633189401097.0
1769974903.8140554,nrm.extra.perf.PAPI_RES_STL.153505,7784550415470.0
1769974903.8140554,nrm.extra.perf.PAPI_L3_TCM.153505,2914607415.0
1769974904.811038,nrm.extra.perf.PAPI_L3_TCA.153505,28899940375.0
1769974904.811038,nrm.extra.perf.PAPI_TOT_INS.153505,9384418720429.0
1769974904.811038,nrm.extra.perf.PAPI_TOT_CYC.153505,15880630626220.0
1769974904.811038,nrm.extra.perf.PAPI_RES_STL.153505,7907984667141.0
1769974904.811038,nrm.extra.perf.PAPI_L3_TCM.153505,2960921611.0
1769974905.8130543,nrm.extra.perf.PAPI_L3_TCA.153505,29350796389.0
1769974905.8130543,nrm.extra.perf.PAPI_TOT_INS.153505,9530952787145.0
1769974905.8130543,nrm.extra.perf.PAPI_TOT_CYC.153505,16129257819418.0
1769974905.8130543,nrm.extra.perf.PAPI_RES_STL.153505,8031378574422.0
1769974905.8130543,nrm.extra.perf.PAPI_L3_TCM.153505,3007304320.0
1769974906.8150284,nrm.extra.perf.PAPI_L3_TCA.153505,29802624707.0
1769974906.8150284,nrm.extra.perf.PAPI_TOT_INS.153505,9677767357044.0
1769974906.8150284,nrm.extra.perf.PAPI_TOT_CYC.153505,16378089205690.0
1769974906.8150284,nrm.extra.perf.PAPI_RES_STL.153505,8155224430738.0
1769974906.8150284,nrm.extra.perf.PAPI_L3_TCM.153505,3053718672.0
1769974907.8130631,nrm.extra.perf.PAPI_L3_TCA.153505,30255328151.0
1769974907.8130631,nrm.extra.perf.PAPI_TOT_INS.153505,9824792557270.0
1769974907.8130631,nrm.extra.perf.PAPI_TOT_CYC.153505,16626008204543.0
1769974907.8130631,nrm.extra.perf.PAPI_RES_STL.153505,8279106932407.0
1769974907.8130631,nrm.extra.perf.PAPI_L3_TCM.153505,3100096060.0
1769974908.8110244,nrm.extra.perf.PAPI_L3_TCA.153505,30707728736.0
1769974908.8110244,nrm.extra.perf.PAPI_TOT_INS.153505,9971766864502.0
1769974908.8110244,nrm.extra.perf.PAPI_TOT_CYC.153505,16873865466069.0
1769974908.8110244,nrm.extra.perf.PAPI_RES_STL.153505,8402981255014.0
1769974908.8110244,nrm.extra.perf.PAPI_L3_TCM.153505,3146288534.0
1769974909.8130944,nrm.extra.perf.PAPI_L3_TCA.153505,31161468724.0
1769974909.8130944,nrm.extra.perf.PAPI_TOT_INS.153505,10119093871857.0
1769974909.8130944,nrm.extra.perf.PAPI_TOT_CYC.153505,17122716504553.0
1769974909.8130944,nrm.extra.perf.PAPI_RES_STL.153505,8526994541616.0
1769974909.8130944,nrm.extra.perf.PAPI_L3_TCM.153505,3192909510.0
1769974910.8110552,nrm.extra.perf.PAPI_L3_TCA.153505,31611904352.0
1769974910.8110552,nrm.extra.perf.PAPI_TOT_INS.153505,10265498072444.0
1769974910.8110552,nrm.extra.perf.PAPI_TOT_CYC.153505,17370593930606.0
1769974910.8110552,nrm.extra.perf.PAPI_RES_STL.153505,8650240396188.0
1769974910.8110552,nrm.extra.perf.PAPI_L3_TCM.153505,3239048771.0
1769974911.811019,nrm.extra.perf.PAPI_L3_TCA.153505,32064613717.0
1769974911.811019,nrm.extra.perf.PAPI_TOT_INS.153505,10412600947094.0
1769974911.811019,nrm.extra.perf.PAPI_TOT_CYC.153505,17619087237736.0
1769974911.811019,nrm.extra.perf.PAPI_RES_STL.153505,8774072695036.0
1769974911.811019,nrm.extra.perf.PAPI_L3_TCM.153505,3285500033.0
1769974912.810806,nrm.extra.perf.PAPI_L3_TCA.153505,32484581095.0
1769974912.810806,nrm.extra.perf.PAPI_TOT_INS.153505,10550420589300.0
1769974912.810806,nrm.extra.perf.PAPI_TOT_CYC.153505,17858521549626.0
1769974912.810806,nrm.extra.perf.PAPI_RES_STL.153505,8889270992409.0
1769974912.810806,nrm.extra.perf.PAPI_L3_TCM.153505,3328451661.0
1769974913.8110585,nrm.extra.perf.PAPI_L3_TCA.153505,32936998183.0
1769974913.8110585,nrm.extra.perf.PAPI_TOT_INS.153505,10697069261017.0
1769974913.8110585,nrm.extra.perf.PAPI_TOT_CYC.153505,18106886042714.0
1769974913.8110585,nrm.extra.perf.PAPI_RES_STL.153505,9013152388807.0
1769974913.8110585,nrm.extra.perf.PAPI_L3_TCM.153505,3375394675.0
1769974914.8150349,nrm.extra.perf.PAPI_L3_TCA.153505,33389284247.0
1769974914.8150349,nrm.extra.perf.PAPI_TOT_INS.153505,10844210219580.0
1769974914.8150349,nrm.extra.perf.PAPI_TOT_CYC.153505,18356353506180.0
1769974914.8150349,nrm.extra.perf.PAPI_RES_STL.153505,9136816578392.0
1769974914.8150349,nrm.extra.perf.PAPI_L3_TCM.153505,3421441370.0
1769974915.8110151,nrm.extra.perf.PAPI_L3_TCA.153505,33838185330.0
1769974915.8110151,nrm.extra.perf.PAPI_TOT_INS.153505,10990218931177.0
1769974915.8110151,nrm.extra.perf.PAPI_TOT_CYC.153505,18603827472781.0
1769974915.8110151,nrm.extra.perf.PAPI_RES_STL.153505,9259460685804.0
1769974915.8110151,nrm.extra.perf.PAPI_L3_TCM.153505,3467481092.0
1769974916.811096,nrm.extra.perf.PAPI_L3_TCA.153505,34290370659.0
1769974916.811096,nrm.extra.perf.PAPI_TOT_INS.153505,11137192576922.0
1769974916.811096,nrm.extra.perf.PAPI_TOT_CYC.153505,18852325318423.0
1769974916.811096,nrm.extra.perf.PAPI_RES_STL.153505,9383262143075.0
1769974916.811096,nrm.extra.perf.PAPI_L3_TCM.153505,3513764085.0
1769974917.8110242,nrm.extra.perf.PAPI_L3_TCA.153505,34726159882.0
1769974917.8110242,nrm.extra.perf.PAPI_TOT_INS.153505,11279299095100.0
1769974917.8110242,nrm.extra.perf.PAPI_TOT_CYC.153505,19096645026485.0
1769974917.8110242,nrm.extra.perf.PAPI_RES_STL.153505,9502691058578.0
1769974917.8110242,nrm.extra.perf.PAPI_L3_TCM.153505,3558413329.0
1769974918.8109958,nrm.extra.perf.PAPI_L3_TCA.153505,35178740533.0
1769974918.8109958,nrm.extra.perf.PAPI_TOT_INS.153505,11426269769091.0
1769974918.8109958,nrm.extra.perf.PAPI_TOT_CYC.153505,19344891039414.0
1769974918.8109958,nrm.extra.perf.PAPI_RES_STL.153505,9626309387432.0
1769974918.8109958,nrm.extra.perf.PAPI_L3_TCM.153505,3604626705.0
1769974919.8110423,nrm.extra.perf.PAPI_L3_TCA.153505,35626550333.0
1769974919.8110423,nrm.extra.perf.PAPI_TOT_INS.153505,11572061784746.0
1769974919.8110423,nrm.extra.perf.PAPI_TOT_CYC.153505,19593427521734.0
1769974919.8110423,nrm.extra.perf.PAPI_RES_STL.153505,9748693093528.0
1769974919.8110423,nrm.extra.perf.PAPI_L3_TCM.153505,3650538205.0
1769974920.8140328,nrm.extra.perf.PAPI_L3_TCA.153505,36080006932.0
1769974920.8140328,nrm.extra.perf.PAPI_TOT_INS.153505,11719394722241.0
1769974920.8140328,nrm.extra.perf.PAPI_TOT_CYC.153505,19842488130881.0
1769974920.8140328,nrm.extra.perf.PAPI_RES_STL.153505,9872764926778.0
1769974920.8140328,nrm.extra.perf.PAPI_L3_TCM.153505,3696899007.0
1769974921.811096,nrm.extra.perf.PAPI_L3_TCA.153505,36530304076.0
1769974921.811096,nrm.extra.perf.PAPI_TOT_INS.153505,11865701761082.0
1769974921.811096,nrm.extra.perf.PAPI_TOT_CYC.153505,20090008224557.0
1769974921.811096,nrm.extra.perf.PAPI_RES_STL.153505,9996106425459.0
1769974921.811096,nrm.extra.perf.PAPI_L3_TCM.153505,3743093801.0
1769974922.811089,nrm.extra.perf.PAPI_L3_TCA.153505,36982383108.0
1769974922.811089,nrm.extra.perf.PAPI_TOT_INS.153505,12012701070081.0
1769974922.811089,nrm.extra.perf.PAPI_TOT_CYC.153505,20338611603687.0
1769974922.811089,nrm.extra.perf.PAPI_RES_STL.153505,10119676685696.0
1769974922.811089,nrm.extra.perf.PAPI_L3_TCM.153505,3789190602.0
1769974923.8110604,nrm.extra.perf.PAPI_L3_TCA.153505,37435602058.0
1769974923.8110604,nrm.extra.perf.PAPI_TOT_INS.153505,12159684173215.0
1769974923.8110604,nrm.extra.perf.PAPI_TOT_CYC.153505,20587156609768.0
1769974923.8110604,nrm.extra.perf.PAPI_RES_STL.153505,10243725672187.0
1769974923.8110604,nrm.extra.perf.PAPI_L3_TCM.153505,3835730977.0
1769974924.811048,nrm.extra.perf.PAPI_L3_TCA.153505,37885360146.0
1769974924.811048,nrm.extra.perf.PAPI_TOT_INS.153505,12305875578395.0
1769974924.811048,nrm.extra.perf.PAPI_TOT_CYC.153505,20834644172137.0
1769974924.811048,nrm.extra.perf.PAPI_RES_STL.153505,10366805331890.0
1769974924.811048,nrm.extra.perf.PAPI_L3_TCM.153505,3881753718.0
1769974925.8110938,nrm.extra.perf.PAPI_L3_TCA.153505,38336138570.0
1769974925.8110938,nrm.extra.perf.PAPI_TOT_INS.153505,12452412549247.0
1769974925.8110938,nrm.extra.perf.PAPI_TOT_CYC.153505,21082900268094.0
1769974925.8110938,nrm.extra.perf.PAPI_RES_STL.153505,10490211529588.0
1769974925.8110938,nrm.extra.perf.PAPI_L3_TCM.153505,3928162112.0
1769974926.8140736,nrm.extra.perf.PAPI_L3_TCA.153505,38789177139.0
1769974926.8140736,nrm.extra.perf.PAPI_TOT_INS.153505,12599689842447.0
1769974926.8140736,nrm.extra.perf.PAPI_TOT_CYC.153505,21331921698305.0
1769974926.8140736,nrm.extra.perf.PAPI_RES_STL.153505,10614156978792.0
1769974926.8140736,nrm.extra.perf.PAPI_L3_TCM.153505,3974402925.0
1769974927.8129802,nrm.extra.perf.PAPI_L3_TCA.153505,39241004757.0
1769974927.8129802,nrm.extra.perf.PAPI_TOT_INS.153505,12746196691713.0
1769974927.8129802,nrm.extra.perf.PAPI_TOT_CYC.153505,21579926949569.0
1769974927.8129802,nrm.extra.perf.PAPI_RES_STL.153505,10737808997532.0
1769974927.8129802,nrm.extra.perf.PAPI_L3_TCM.153505,4020834255.0
1769974928.8110492,nrm.extra.perf.PAPI_L3_TCA.153505,39693430654.0
1769974928.8110492,nrm.extra.perf.PAPI_TOT_INS.153505,12893088804266.0
1769974928.8110492,nrm.extra.perf.PAPI_TOT_CYC.153505,21827649966645.0
1769974928.8110492,nrm.extra.perf.PAPI_RES_STL.153505,10861551277366.0
1769974928.8110492,nrm.extra.perf.PAPI_L3_TCM.153505,4067511824.0
1769974929.814045,nrm.extra.perf.PAPI_L3_TCA.153505,40146094908.0
1769974929.814045,nrm.extra.perf.PAPI_TOT_INS.153505,13040177650981.0
1769974929.814045,nrm.extra.perf.PAPI_TOT_CYC.153505,22076307882481.0
1769974929.814045,nrm.extra.perf.PAPI_RES_STL.153505,10985410465973.0
1769974929.814045,nrm.extra.perf.PAPI_L3_TCM.153505,4114015687.0
1769974930.8140514,nrm.extra.perf.PAPI_L3_TCA.153505,40595867466.0
1769974930.8140514,nrm.extra.perf.PAPI_TOT_INS.153505,13186454601220.0
1769974930.8140514,nrm.extra.perf.PAPI_TOT_CYC.153505,22324230599365.0
1769974930.8140514,nrm.extra.perf.PAPI_RES_STL.153505,11108583687490.0
1769974930.8140514,nrm.extra.perf.PAPI_L3_TCM.153505,4160331021.0
1769974931.8110785,nrm.extra.perf.PAPI_L3_TCA.153505,41041391317.0
1769974931.8110785,nrm.extra.perf.PAPI_TOT_INS.153505,13331596336238.0
1769974931.8110785,nrm.extra.perf.PAPI_TOT_CYC.153505,22570858321638.0
1769974931.8110785,nrm.extra.perf.PAPI_RES_STL.153505,11230426358156.0
1769974931.8110785,nrm.extra.perf.PAPI_L3_TCM.153505,4206211350.0
1769974932.815037,nrm.extra.perf.PAPI_L3_TCA.153505,41494524339.0
1769974932.815037,nrm.extra.perf.PAPI_TOT_INS.153505,13478677680050.0
1769974932.815037,nrm.extra.perf.PAPI_TOT_CYC.153505,22820110031704.0
1769974932.815037,nrm.extra.perf.PAPI_RES_STL.153505,11354484558390.0
1769974932.815037,nrm.extra.perf.PAPI_L3_TCM.153505,4252906695.0
1769974933.811152,nrm.extra.perf.PAPI_L3_TCA.153505,41946541839.0
1769974933.811152,nrm.extra.perf.PAPI_TOT_INS.153505,13625482246641.0
1769974933.811152,nrm.extra.perf.PAPI_TOT_CYC.153505,23067503010143.0
1769974933.811152,nrm.extra.perf.PAPI_RES_STL.153505,11478036758715.0
1769974933.811152,nrm.extra.perf.PAPI_L3_TCM.153505,4299381531.0
1769974934.8100474,nrm.extra.perf.PAPI_L3_TCA.153505,42376188235.0
1769974934.8100474,nrm.extra.perf.PAPI_TOT_INS.153505,13766212165546.0
1769974934.8100474,nrm.extra.perf.PAPI_TOT_CYC.153505,23310416334861.0
1769974934.8100474,nrm.extra.perf.PAPI_RES_STL.153505,11595733164041.0
1769974934.8100474,nrm.extra.perf.PAPI_L3_TCM.153505,4343493653.0
1769974935.8150213,nrm.extra.perf.PAPI_L3_TCA.153505,42784603057.0
1769974935.8150213,nrm.extra.perf.PAPI_TOT_INS.153505,13900315236429.0
1769974935.8150213,nrm.extra.perf.PAPI_TOT_CYC.153505,23545965597689.0
1769974935.8150213,nrm.extra.perf.PAPI_RES_STL.153505,11707826119787.0
1769974935.8150213,nrm.extra.perf.PAPI_L3_TCM.153505,4385249019.0
1769974936.8110428,nrm.extra.perf.PAPI_L3_TCA.153505,43236050512.0
1769974936.8110428,nrm.extra.perf.PAPI_TOT_INS.153505,14046617803845.0
1769974936.8110428,nrm.extra.perf.PAPI_TOT_CYC.153505,23793292898465.0
1769974936.8110428,nrm.extra.perf.PAPI_RES_STL.153505,11830998322674.0
1769974936.8110428,nrm.extra.perf.PAPI_L3_TCM.153505,4431760888.0
1769974937.8111012,nrm.extra.perf.PAPI_L3_TCA.153505,43687321412.0
1769974937.8111012,nrm.extra.perf.PAPI_TOT_INS.153505,14193089166773.0
1769974937.8111012,nrm.extra.perf.PAPI_TOT_CYC.153505,24041280150915.0
1769974937.8111012,nrm.extra.perf.PAPI_RES_STL.153505,11954224867502.0
1769974937.8111012,nrm.extra.perf.PAPI_L3_TCM.153505,4478007181.0
1769974938.8140392,nrm.extra.perf.PAPI_L3_TCA.153505,44142283713.0
1769974938.8140392,nrm.extra.perf.PAPI_TOT_INS.153505,14340500622479.0
1769974938.8140392,nrm.extra.perf.PAPI_TOT_CYC.153505,24290140292380.0
1769974938.8140392,nrm.extra.perf.PAPI_RES_STL.153505,12078775145297.0
1769974938.8140392,nrm.extra.perf.PAPI_L3_TCM.153505,4524503653.0
1769974939.8111095,nrm.extra.perf.PAPI_L3_TCA.153505,44594916164.0
1769974939.8111095,nrm.extra.perf.PAPI_TOT_INS.153505,14487260983674.0
1769974939.8111095,nrm.extra.perf.PAPI_TOT_CYC.153505,24537466520063.0
1769974939.8111095,nrm.extra.perf.PAPI_RES_STL.153505,12202171134161.0
1769974939.8111095,nrm.extra.perf.PAPI_L3_TCM.153505,4570736116.0
1769974940.8150318,nrm.extra.perf.PAPI_L3_TCA.153505,45049487298.0
1769974940.8150318,nrm.extra.perf.PAPI_TOT_INS.153505,14634413166155.0
1769974940.8150318,nrm.extra.perf.PAPI_TOT_CYC.153505,24786520581835.0
1769974940.8150318,nrm.extra.perf.PAPI_RES_STL.153505,12326503988343.0
1769974940.8150318,nrm.extra.perf.PAPI_L3_TCM.153505,4617624315.0
1769974941.8110487,nrm.extra.perf.PAPI_L3_TCA.153505,45502136715.0
1769974941.8110487,nrm.extra.perf.PAPI_TOT_INS.153505,14781129708774.0
1769974941.8110487,nrm.extra.perf.PAPI_TOT_CYC.153505,25033662757023.0
1769974941.8110487,nrm.extra.perf.PAPI_RES_STL.153505,12449977888847.0
1769974941.8110487,nrm.extra.perf.PAPI_L3_TCM.153505,4664025229.0
1769974942.811055,nrm.extra.perf.PAPI_L3_TCA.153505,45954954844.0
1769974942.811055,nrm.extra.perf.PAPI_TOT_INS.153505,14927964461002.0
1769974942.811055,nrm.extra.perf.PAPI_TOT_CYC.153505,25281801312088.0
1769974942.811055,nrm.extra.perf.PAPI_RES_STL.153505,12573613819894.0
1769974942.811055,nrm.extra.perf.PAPI_L3_TCM.153505,4710700198.0
1769974943.81204,nrm.extra.perf.PAPI_L3_TCA.153505,46406212904.0
1769974943.81204,nrm.extra.perf.PAPI_TOT_INS.153505,15074479971657.0
1769974943.81204,nrm.extra.perf.PAPI_TOT_CYC.153505,25530406515912.0
1769974943.81204,nrm.extra.perf.PAPI_RES_STL.153505,12696803626581.0
1769974943.81204,nrm.extra.perf.PAPI_L3_TCM.153505,4756831197.0
1769974944.8150353,nrm.extra.perf.PAPI_L3_TCA.153505,46857255695.0
1769974944.8150353,nrm.extra.perf.PAPI_TOT_INS.153505,15220729576671.0
1769974944.8150353,nrm.extra.perf.PAPI_TOT_CYC.153505,25779197417390.0
1769974944.8150353,nrm.extra.perf.PAPI_RES_STL.153505,12820148754695.0
1769974944.8150353,nrm.extra.perf.PAPI_L3_TCM.153505,4803212142.0
1769974945.8111382,nrm.extra.perf.PAPI_L3_TCA.153505,47310032016.0
1769974945.8111382,nrm.extra.perf.PAPI_TOT_INS.153505,15367506038663.0
1769974945.8111382,nrm.extra.perf.PAPI_TOT_CYC.153505,26026456046896.0
1769974945.8111382,nrm.extra.perf.PAPI_RES_STL.153505,12943626559307.0
1769974945.8111382,nrm.extra.perf.PAPI_L3_TCM.153505,4849545380.0
1769974946.8110795,nrm.extra.perf.PAPI_L3_TCA.153505,47757496327.0
1769974946.8110795,nrm.extra.perf.PAPI_TOT_INS.153505,15512982919696.0
1769974946.8110795,nrm.extra.perf.PAPI_TOT_CYC.153505,26274823561081.0
1769974946.8110795,nrm.extra.perf.PAPI_RES_STL.153505,13065788742839.0
1769974946.8110795,nrm.extra.perf.PAPI_L3_TCM.153505,4895502856.0
1769974947.8130066,nrm.extra.perf.PAPI_L3_TCA.153505,48209490012.0
1769974947.8130066,nrm.extra.perf.PAPI_TOT_INS.153505,15659649176930.0
1769974947.8130066,nrm.extra.perf.PAPI_TOT_CYC.153505,26523695810961.0
1769974947.8130066,nrm.extra.perf.PAPI_RES_STL.153505,13189487062940.0
1769974947.8130066,nrm.extra.perf.PAPI_L3_TCM.153505,4941771720.0
1769974948.8121762,nrm.extra.perf.PAPI_L3_TCA.153505,48663150647.0
1769974948.8121762,nrm.extra.perf.PAPI_TOT_INS.153505,15806844640137.0
1769974948.8121762,nrm.extra.perf.PAPI_TOT_CYC.153505,26771904827570.0
1769974948.8121762,nrm.extra.perf.PAPI_RES_STL.153505,13313260155928.0
1769974948.8121762,nrm.extra.perf.PAPI_L3_TCM.153505,4988163965.0
1769974949.8149946,nrm.extra.perf.PAPI_L3_TCA.153505,49119220266.0
1769974949.8149946,nrm.extra.perf.PAPI_TOT_INS.153505,15954329596717.0
1769974949.8149946,nrm.extra.perf.PAPI_TOT_CYC.153505,27020970942718.0
1769974949.8149946,nrm.extra.perf.PAPI_RES_STL.153505,13437933414872.0
1769974949.8149946,nrm.extra.perf.PAPI_L3_TCM.153505,5034984558.0
1769974950.8110275,nrm.extra.perf.PAPI_L3_TCA.153505,49569911651.0
1769974950.8110275,nrm.extra.perf.PAPI_TOT_INS.153505,16100523983342.0
1769974950.8110275,nrm.extra.perf.PAPI_TOT_CYC.153505,27268465932806.0
1769974950.8110275,nrm.extra.perf.PAPI_RES_STL.153505,13561096356447.0
1769974950.8110275,nrm.extra.perf.PAPI_L3_TCM.153505,5080972573.0
1769974951.8110852,nrm.extra.perf.PAPI_L3_TCA.153505,50022042935.0
1769974951.8110852,nrm.extra.perf.PAPI_TOT_INS.153505,16247316774898.0
1769974951.8110852,nrm.extra.perf.PAPI_TOT_CYC.153505,27516906955268.0
1769974951.8110852,nrm.extra.perf.PAPI_RES_STL.153505,13684385902739.0
1769974951.8110852,nrm.extra.perf.PAPI_L3_TCM.153505,5127179215.0
1769974952.8140016,nrm.extra.perf.PAPI_L3_TCA.153505,50476427696.0
1769974952.8140016,nrm.extra.perf.PAPI_TOT_INS.153505,16394445121086.0
1769974952.8140016,nrm.extra.perf.PAPI_TOT_CYC.153505,27765799523927.0
1769974952.8140016,nrm.extra.perf.PAPI_RES_STL.153505,13808555594504.0
1769974952.8140016,nrm.extra.perf.PAPI_L3_TCM.153505,5173393567.0
1769974953.8110902,nrm.extra.perf.PAPI_L3_TCA.153505,50929707183.0
1769974953.8110902,nrm.extra.perf.PAPI_TOT_INS.153505,16541368934635.0
1769974953.8110902,nrm.extra.perf.PAPI_TOT_CYC.153505,28013439052993.0
1769974953.8110902,nrm.extra.perf.PAPI_RES_STL.153505,13932306670739.0
1769974953.8110902,nrm.extra.perf.PAPI_L3_TCM.153505,5219727591.0
1769974954.8110678,nrm.extra.perf.PAPI_L3_TCA.153505,51383677746.0
1769974954.8110678,nrm.extra.perf.PAPI_TOT_INS.153505,16688511793049.0
1769974954.8110678,nrm.extra.perf.PAPI_TOT_CYC.153505,28261757114809.0
1769974954.8110678,nrm.extra.perf.PAPI_RES_STL.153505,14056375677260.0
1769974954.8110678,nrm.extra.perf.PAPI_L3_TCM.153505,5265836121.0
1769974955.8150318,nrm.extra.perf.PAPI_L3_TCA.153505,51815448765.0
1769974955.8150318,nrm.extra.perf.PAPI_TOT_INS.153505,16829052848281.0
1769974955.8150318,nrm.extra.perf.PAPI_TOT_CYC.153505,28502752167200.0
1769974955.8150318,nrm.extra.perf.PAPI_RES_STL.153505,14174521067275.0
1769974955.8150318,nrm.extra.perf.PAPI_L3_TCM.153505,5310657997.0
1769974956.8110807,nrm.extra.perf.PAPI_L3_TCA.153505,52268349509.0
1769974956.8110807,nrm.extra.perf.PAPI_TOT_INS.153505,16975901915566.0
1769974956.8110807,nrm.extra.perf.PAPI_TOT_CYC.153505,28750167625254.0
1769974956.8110807,nrm.extra.perf.PAPI_RES_STL.153505,14298156942222.0
1769974956.8110807,nrm.extra.perf.PAPI_L3_TCM.153505,5357002638.0
1769974957.8120468,nrm.extra.perf.PAPI_L3_TCA.153505,52721665074.0
1769974957.8120468,nrm.extra.perf.PAPI_TOT_INS.153505,17123013481171.0
1769974957.8120468,nrm.extra.perf.PAPI_TOT_CYC.153505,28998784924120.0
1769974957.8120468,nrm.extra.perf.PAPI_RES_STL.153505,14422012723209.0
1769974957.8120468,nrm.extra.perf.PAPI_L3_TCM.153505,5403255006.0
1769974958.8123572,nrm.extra.perf.PAPI_L3_TCA.153505,53173323100.0
1769974958.8123572,nrm.extra.perf.PAPI_TOT_INS.153505,17269704439062.0
1769974958.8123572,nrm.extra.perf.PAPI_TOT_CYC.153505,29247137744295.0
1769974958.8123572,nrm.extra.perf.PAPI_RES_STL.153505,14545435079344.0
1769974958.8123572,nrm.extra.perf.PAPI_L3_TCM.153505,5449490039.0
1769974959.8140802,nrm.extra.perf.PAPI_L3_TCA.153505,53628027921.0
1769974959.8140802,nrm.extra.perf.PAPI_TOT_INS.153505,17416927609825.0
1769974959.8140802,nrm.extra.perf.PAPI_TOT_CYC.153505,29495807257848.0
1769974959.8140802,nrm.extra.perf.PAPI_RES_STL.153505,14669569043941.0
1769974959.8140802,nrm.extra.perf.PAPI_L3_TCM.153505,5496283909.0
1769974960.811068,nrm.extra.perf.PAPI_L3_TCA.153505,54070791557.0
1769974960.811068,nrm.extra.perf.PAPI_TOT_INS.153505,17560911647939.0
1769974960.811068,nrm.extra.perf.PAPI_TOT_CYC.153505,29741932994597.0
1769974960.811068,nrm.extra.perf.PAPI_RES_STL.153505,14790781240493.0
1769974960.811068,nrm.extra.perf.PAPI_L3_TCM.153505,5541885656.0
1769974961.8110743,nrm.extra.perf.PAPI_L3_TCA.153505,54518414699.0
1769974961.8110743,nrm.extra.perf.PAPI_TOT_INS.153505,17706505442202.0
1769974961.8110743,nrm.extra.perf.PAPI_TOT_CYC.153505,29990161740032.0
1769974961.8110743,nrm.extra.perf.PAPI_RES_STL.153505,14913047137398.0
1769974961.8110743,nrm.extra.perf.PAPI_L3_TCM.153505,5588043068.0
1769974962.8110538,nrm.extra.perf.PAPI_L3_TCA.153505,54971227927.0
1769974962.8110538,nrm.extra.perf.PAPI_TOT_INS.153505,17853330538829.0
1769974962.8110538,nrm.extra.perf.PAPI_TOT_CYC.153505,30238387080495.0
1769974962.8110538,nrm.extra.perf.PAPI_RES_STL.153505,15036936488435.0
1769974962.8110538,nrm.extra.perf.PAPI_L3_TCM.153505,5634460210.0
1769974963.8110807,nrm.extra.perf.PAPI_L3_TCA.153505,55425445550.0
1769974963.8110807,nrm.extra.perf.PAPI_TOT_INS.153505,18000673037748.0
1769974963.8110807,nrm.extra.perf.PAPI_TOT_CYC.153505,30486749694164.0
1769974963.8110807,nrm.extra.perf.PAPI_RES_STL.153505,15160947985278.0
1769974963.8110807,nrm.extra.perf.PAPI_L3_TCM.153505,5680974138.0
1769974964.8110166,nrm.extra.perf.PAPI_L3_TCA.153505,55877613985.0
1769974964.8110166,nrm.extra.perf.PAPI_TOT_INS.153505,18147174290827.0
1769974964.8110166,nrm.extra.perf.PAPI_TOT_CYC.153505,30734908724549.0
1769974964.8110166,nrm.extra.perf.PAPI_RES_STL.153505,15284583577493.0
1769974964.8110166,nrm.extra.perf.PAPI_L3_TCM.153505,5727340645.0
1769974965.813084,nrm.extra.perf.PAPI_L3_TCA.153505,56331073072.0
1769974965.813084,nrm.extra.perf.PAPI_TOT_INS.153505,18294312285988.0
1769974965.813084,nrm.extra.perf.PAPI_TOT_CYC.153505,30983596825219.0
1769974965.813084,nrm.extra.perf.PAPI_RES_STL.153505,15408505596047.0
1769974965.813084,nrm.extra.perf.PAPI_L3_TCM.153505,5773796182.0
1769974966.811175,nrm.extra.perf.PAPI_L3_TCA.153505,56783494122.0
1769974966.811175,nrm.extra.perf.PAPI_TOT_INS.153505,18441103272972.0
1769974966.811175,nrm.extra.perf.PAPI_TOT_CYC.153505,31231260678881.0
1769974966.811175,nrm.extra.perf.PAPI_RES_STL.153505,15531909557915.0
1769974966.811175,nrm.extra.perf.PAPI_L3_TCM.153505,5820474920.0
1769974967.8110948,nrm.extra.perf.PAPI_L3_TCA.153505,57235816699.0
1769974967.8110948,nrm.extra.perf.PAPI_TOT_INS.153505,18587903773993.0
1769974967.8110948,nrm.extra.perf.PAPI_TOT_CYC.153505,31479599178754.0
1769974967.8110948,nrm.extra.perf.PAPI_RES_STL.153505,15655559802894.0
1769974967.8110948,nrm.extra.perf.PAPI_L3_TCM.153505,5867015719.0
1769974968.8130538,nrm.extra.perf.PAPI_L3_TCA.153505,57688277562.0
1769974968.8130538,nrm.extra.perf.PAPI_TOT_INS.153505,18734506698839.0
1769974968.8130538,nrm.extra.perf.PAPI_TOT_CYC.153505,31728187211928.0
1769974968.8130538,nrm.extra.perf.PAPI_RES_STL.153505,15779239195402.0
1769974968.8130538,nrm.extra.perf.PAPI_L3_TCM.153505,5913751485.0
1769974969.8110769,nrm.extra.perf.PAPI_L3_TCA.153505,58140388508.0
1769974969.8110769,nrm.extra.perf.PAPI_TOT_INS.153505,18881244471279.0
1769974969.8110769,nrm.extra.perf.PAPI_TOT_CYC.153505,31975717032030.0
1769974969.8110769,nrm.extra.perf.PAPI_RES_STL.153505,15902648220304.0
1769974969.8110769,nrm.extra.perf.PAPI_L3_TCM.153505,5960187939.0
1769974970.8110867,nrm.extra.perf.PAPI_L3_TCA.153505,58593757394.0
1769974970.8110867,nrm.extra.perf.PAPI_TOT_INS.153505,19028293768337.0
1769974970.8110867,nrm.extra.perf.PAPI_TOT_CYC.153505,32223946820151.0
1769974970.8110867,nrm.extra.perf.PAPI_RES_STL.153505,16026539708034.0
1769974970.8110867,nrm.extra.perf.PAPI_L3_TCM.153505,6006765315.0
1769974971.8110654,nrm.extra.perf.PAPI_L3_TCA.153505,59047007310.0
1769974971.8110654,nrm.extra.perf.PAPI_TOT_INS.153505,19175278305719.0
1769974971.8110654,nrm.extra.perf.PAPI_TOT_CYC.153505,32472151419739.0
1769974971.8110654,nrm.extra.perf.PAPI_RES_STL.153505,16150372007642.0
1769974971.8110654,nrm.extra.perf.PAPI_L3_TCM.153505,6053420282.0
1769974972.8110192,nrm.extra.perf.PAPI_L3_TCA.153505,59493961682.0
1769974972.8110192,nrm.extra.perf.PAPI_TOT_INS.153505,19320523554763.0
1769974972.8110192,nrm.extra.perf.PAPI_TOT_CYC.153505,32720373583893.0
1769974972.8110192,nrm.extra.perf.PAPI_RES_STL.153505,16272355189837.0
1769974972.8110192,nrm.extra.perf.PAPI_L3_TCM.153505,6099098974.0
1769974973.8130538,nrm.extra.perf.PAPI_L3_TCA.153505,59942317655.0
1769974973.8130538,nrm.extra.perf.PAPI_TOT_INS.153505,19466327321203.0
1769974973.8130538,nrm.extra.perf.PAPI_TOT_CYC.153505,32969191678183.0
1769974973.8130538,nrm.extra.perf.PAPI_RES_STL.153505,16395245634774.0
1769974973.8130538,nrm.extra.perf.PAPI_L3_TCM.153505,6145561704.0
1769974974.8110335,nrm.extra.perf.PAPI_L3_TCA.153505,60392744000.0
1769974974.8110335,nrm.extra.perf.PAPI_TOT_INS.153505,19612511884477.0
1769974974.8110335,nrm.extra.perf.PAPI_TOT_CYC.153505,33216848209803.0
1769974974.8110335,nrm.extra.perf.PAPI_RES_STL.153505,16518273965179.0
1769974974.8110335,nrm.extra.perf.PAPI_L3_TCM.153505,6192031742.0
1769974975.8110487,nrm.extra.perf.PAPI_L3_TCA.153505,60845844928.0
1769974975.8110487,nrm.extra.perf.PAPI_TOT_INS.153505,19759521925819.0
1769974975.8110487,nrm.extra.perf.PAPI_TOT_CYC.153505,33464927042200.0
1769974975.8110487,nrm.extra.perf.PAPI_RES_STL.153505,16642044325990.0
1769974975.8110487,nrm.extra.perf.PAPI_L3_TCM.153505,6238555568.0
1769974976.8120868,nrm.extra.perf.PAPI_L3_TCA.153505,61298419687.0
1769974976.8120868,nrm.extra.perf.PAPI_TOT_INS.153505,19906497293279.0
1769974976.8120868,nrm.extra.perf.PAPI_TOT_CYC.153505,33713317022801.0
1769974976.8120868,nrm.extra.perf.PAPI_RES_STL.153505,16765605117724.0
1769974976.8120868,nrm.extra.perf.PAPI_L3_TCM.153505,6284722073.0
1769974977.8110073,nrm.extra.perf.PAPI_L3_TCA.153505,61748579791.0
1769974977.8110073,nrm.extra.perf.PAPI_TOT_INS.153505,20052502841670.0
1769974977.8110073,nrm.extra.perf.PAPI_TOT_CYC.153505,33961189938974.0
1769974977.8110073,nrm.extra.perf.PAPI_RES_STL.153505,16888610633967.0
1769974977.8110073,nrm.extra.perf.PAPI_L3_TCM.153505,6331035918.0
1769974978.811088,nrm.extra.perf.PAPI_L3_TCA.153505,62202225300.0
1769974978.811088,nrm.extra.perf.PAPI_TOT_INS.153505,20199597532707.0
1769974978.811088,nrm.extra.perf.PAPI_TOT_CYC.153505,34209362777263.0
1769974978.811088,nrm.extra.perf.PAPI_RES_STL.153505,17012596132019.0
1769974978.811088,nrm.extra.perf.PAPI_L3_TCM.153505,6377861428.0
1769974979.8110564,nrm.extra.perf.PAPI_L3_TCA.153505,62650555405.0
1769974979.8110564,nrm.extra.perf.PAPI_TOT_INS.153505,20345381926009.0
1769974979.8110564,nrm.extra.perf.PAPI_TOT_CYC.153505,34457829717913.0
1769974979.8110564,nrm.extra.perf.PAPI_RES_STL.153505,17135196283225.0
1769974979.8110564,nrm.extra.perf.PAPI_L3_TCM.153505,6423968280.0
1769974980.8120651,nrm.extra.perf.PAPI_L3_TCA.153505,63093621877.0
1769974980.8120651,nrm.extra.perf.PAPI_TOT_INS.153505,20489206483017.0
1769974980.8120651,nrm.extra.perf.PAPI_TOT_CYC.153505,34702012853473.0
1769974980.8120651,nrm.extra.perf.PAPI_RES_STL.153505,17256094968508.0
1769974980.8120651,nrm.extra.perf.PAPI_L3_TCM.153505,6469453342.0
1769974981.8120866,nrm.extra.perf.PAPI_L3_TCA.153505,63547086226.0
1769974981.8120866,nrm.extra.perf.PAPI_TOT_INS.153505,20636212435644.0
1769974981.8120866,nrm.extra.perf.PAPI_TOT_CYC.153505,34950251348305.0
1769974981.8120866,nrm.extra.perf.PAPI_RES_STL.153505,17379815831036.0
1769974981.8120866,nrm.extra.perf.PAPI_L3_TCM.153505,6515885083.0
1769974982.8128715,nrm.extra.perf.PAPI_L3_TCA.153505,64001225214.0
1769974982.8128715,nrm.extra.perf.PAPI_TOT_INS.153505,20783421719713.0
1769974982.8128715,nrm.extra.perf.PAPI_TOT_CYC.153505,35198868452519.0
1769974982.8128715,nrm.extra.perf.PAPI_RES_STL.153505,17503865188727.0
1769974982.8128715,nrm.extra.perf.PAPI_L3_TCM.153505,6562198193.0
1769974983.8137743,nrm.extra.perf.PAPI_L3_TCA.153505,64454231648.0
1769974983.8137743,nrm.extra.perf.PAPI_TOT_INS.153505,20930139355584.0
1769974983.8137743,nrm.extra.perf.PAPI_TOT_CYC.153505,35447006060034.0
1769974983.8137743,nrm.extra.perf.PAPI_RES_STL.153505,17627404359987.0
1769974983.8137743,nrm.extra.perf.PAPI_L3_TCM.153505,6608814558.0
1769974984.811171,nrm.extra.perf.PAPI_L3_TCA.153505,64907821407.0
1769974984.811171,nrm.extra.perf.PAPI_TOT_INS.153505,21077103631277.0
1769974984.811171,nrm.extra.perf.PAPI_TOT_CYC.153505,35695079832829.0
1769974984.811171,nrm.extra.perf.PAPI_RES_STL.153505,17751271268214.0
1769974984.811171,nrm.extra.perf.PAPI_L3_TCM.153505,6655374061.0
1769974985.8141632,nrm.extra.perf.PAPI_L3_TCA.153505,65362301980.0
1769974985.8141632,nrm.extra.perf.PAPI_TOT_INS.153505,21224411122263.0
1769974985.8141632,nrm.extra.perf.PAPI_TOT_CYC.153505,35944003095009.0
1769974985.8141632,nrm.extra.perf.PAPI_RES_STL.153505,17875411743265.0
1769974985.8141632,nrm.extra.perf.PAPI_L3_TCM.153505,6701850616.0
1769974986.8109214,nrm.extra.perf.PAPI_L3_TCA.153505,65814266732.0
1769974986.8109214,nrm.extra.perf.PAPI_TOT_INS.153505,21370957543877.0
1769974986.8109214,nrm.extra.perf.PAPI_TOT_CYC.153505,36191697184755.0
1769974986.8109214,nrm.extra.perf.PAPI_RES_STL.153505,17998784974056.0
1769974986.8109214,nrm.extra.perf.PAPI_L3_TCM.153505,6748131862.0
1769974987.8110588,nrm.extra.perf.PAPI_L3_TCA.153505,66267564060.0
1769974987.8110588,nrm.extra.perf.PAPI_TOT_INS.153505,21517624476902.0
1769974987.8110588,nrm.extra.perf.PAPI_TOT_CYC.153505,36440216532208.0
1769974987.8110588,nrm.extra.perf.PAPI_RES_STL.153505,18122460628754.0
1769974987.8110588,nrm.extra.perf.PAPI_L3_TCM.153505,6795183684.0
1769974988.8150315,nrm.extra.perf.PAPI_L3_TCA.153505,66723981629.0
1769974988.8150315,nrm.extra.perf.PAPI_TOT_INS.153505,21665527323033.0
1769974988.8150315,nrm.extra.perf.PAPI_TOT_CYC.153505,36689628710409.0
1769974988.8150315,nrm.extra.perf.PAPI_RES_STL.153505,18246803503947.0
1769974988.8150315,nrm.extra.perf.PAPI_L3_TCM.153505,6842023987.0
1769974989.811083,nrm.extra.perf.PAPI_L3_TCA.153505,67176122796.0
1769974989.811083,nrm.extra.perf.PAPI_TOT_INS.153505,21811970333432.0
1769974989.811083,nrm.extra.perf.PAPI_TOT_CYC.153505,36937140248342.0
1769974989.811083,nrm.extra.perf.PAPI_RES_STL.153505,18370329003137.0
1769974989.811083,nrm.extra.perf.PAPI_L3_TCM.153505,6888626791.0
1769974990.8150194,nrm.extra.perf.PAPI_L3_TCA.153505,67631345155.0
1769974990.8150194,nrm.extra.perf.PAPI_TOT_INS.153505,21959469097627.0
1769974990.8150194,nrm.extra.perf.PAPI_TOT_CYC.153505,37186685941448.0
1769974990.8150194,nrm.extra.perf.PAPI_RES_STL.153505,18494244731079.0
1769974990.8150194,nrm.extra.perf.PAPI_L3_TCM.153505,6935598523.0
1769974991.811039,nrm.extra.perf.PAPI_L3_TCA.153505,68083862643.0
1769974991.811039,nrm.extra.perf.PAPI_TOT_INS.153505,22105982334348.0
1769974991.811039,nrm.extra.perf.PAPI_TOT_CYC.153505,37434077696186.0
1769974991.811039,nrm.extra.perf.PAPI_RES_STL.153505,18617970306933.0
1769974991.811039,nrm.extra.perf.PAPI_L3_TCM.153505,6982273249.0
1769974992.8110554,nrm.extra.perf.PAPI_L3_TCA.153505,68537406561.0
1769974992.8110554,nrm.extra.perf.PAPI_TOT_INS.153505,22252935781949.0
1769974992.8110554,nrm.extra.perf.PAPI_TOT_CYC.153505,37682429365527.0
1769974992.8110554,nrm.extra.perf.PAPI_RES_STL.153505,18741825406291.0
1769974992.8110554,nrm.extra.perf.PAPI_L3_TCM.153505,7028900617.0
1769974993.8150554,nrm.extra.perf.PAPI_L3_TCA.153505,68993536267.0
1769974993.8150554,nrm.extra.perf.PAPI_TOT_INS.153505,22400758694630.0
1769974993.8150554,nrm.extra.perf.PAPI_TOT_CYC.153505,37931785135268.0
1769974993.8150554,nrm.extra.perf.PAPI_RES_STL.153505,18866104745785.0
1769974993.8150554,nrm.extra.perf.PAPI_L3_TCM.153505,7075760418.0
1769974994.8110533,nrm.extra.perf.PAPI_L3_TCA.153505,69437817589.0
1769974994.8110533,nrm.extra.perf.PAPI_TOT_INS.153505,22544934405228.0
1769974994.8110533,nrm.extra.perf.PAPI_TOT_CYC.153505,38176865322466.0
1769974994.8110533,nrm.extra.perf.PAPI_RES_STL.153505,18987380069138.0
1769974994.8110533,nrm.extra.perf.PAPI_L3_TCM.153505,7122055876.0
1769974995.811075,nrm.extra.perf.PAPI_L3_TCA.153505,69887613218.0
1769974995.811075,nrm.extra.perf.PAPI_TOT_INS.153505,22690737454956.0
1769974995.811075,nrm.extra.perf.PAPI_TOT_CYC.153505,38424661353585.0
1769974995.811075,nrm.extra.perf.PAPI_RES_STL.153505,19110093082426.0
1769974995.811075,nrm.extra.perf.PAPI_L3_TCM.153505,7168747519.0
1769974996.8130343,nrm.extra.perf.PAPI_L3_TCA.153505,70343388888.0
1769974996.8130343,nrm.extra.perf.PAPI_TOT_INS.153505,22838274150053.0
1769974996.8130343,nrm.extra.perf.PAPI_TOT_CYC.153505,38673406027361.0
1769974996.8130343,nrm.extra.perf.PAPI_RES_STL.153505,19234490062857.0
1769974996.8130343,nrm.extra.perf.PAPI_L3_TCM.153505,7215724032.0
1769974997.8140438,nrm.extra.perf.PAPI_L3_TCA.153505,70788262462.0
1769974997.8140438,nrm.extra.perf.PAPI_TOT_INS.153505,22982878213602.0
1769974997.8140438,nrm.extra.perf.PAPI_TOT_CYC.153505,38920720655072.0
1769974997.8140438,nrm.extra.perf.PAPI_RES_STL.153505,19356045403384.0
1769974997.8140438,nrm.extra.perf.PAPI_L3_TCM.153505,7262037066.0
1769974998.8110623,nrm.extra.perf.PAPI_L3_TCA.153505,71241171284.0
1769974998.8110623,nrm.extra.perf.PAPI_TOT_INS.153505,23129682805428.0
1769974998.8110623,nrm.extra.perf.PAPI_TOT_CYC.153505,39168287328007.0
1769974998.8110623,nrm.extra.perf.PAPI_RES_STL.153505,19479471390749.0
1769974998.8110623,nrm.extra.perf.PAPI_L3_TCM.153505,7308604773.0
1769974999.8110623,nrm.extra.perf.PAPI_L3_TCA.153505,71695401057.0
1769974999.8110623,nrm.extra.perf.PAPI_TOT_INS.153505,23276800610973.0
1769974999.8110623,nrm.extra.perf.PAPI_TOT_CYC.153505,39416502321246.0
1769974999.8110623,nrm.extra.perf.PAPI_RES_STL.153505,19603421640655.0
1769974999.8110623,nrm.extra.perf.PAPI_L3_TCM.153505,7355226840.0
1769975000.813031,nrm.extra.perf.PAPI_L3_TCA.153505,72149866077.0
1769975000.813031,nrm.extra.perf.PAPI_TOT_INS.153505,23423903090950.0
1769975000.813031,nrm.extra.perf.PAPI_TOT_CYC.153505,39665302855373.0
1769975000.813031,nrm.extra.perf.PAPI_RES_STL.153505,19727599001309.0
1769975000.813031,nrm.extra.perf.PAPI_L3_TCM.153505,7401884624.0
1769975001.8150506,nrm.extra.perf.PAPI_L3_TCA.153505,72604593266.0
1769975001.8150506,nrm.extra.perf.PAPI_TOT_INS.153505,23571298067335.0
1769975001.8150506,nrm.extra.perf.PAPI_TOT_CYC.153505,39913950614240.0
1769975001.8150506,nrm.extra.perf.PAPI_RES_STL.153505,19851585224192.0
1769975001.8150506,nrm.extra.perf.PAPI_L3_TCM.153505,7448652519.0
1769975002.8110576,nrm.extra.perf.PAPI_L3_TCA.153505,73057496805.0
1769975002.8110576,nrm.extra.perf.PAPI_TOT_INS.153505,23717884369432.0
1769975002.8110576,nrm.extra.perf.PAPI_TOT_CYC.153505,40161166859999.0
1769975002.8110576,nrm.extra.perf.PAPI_RES_STL.153505,19975254748910.0
1769975002.8110576,nrm.extra.perf.PAPI_L3_TCM.153505,7495321523.0
1769975003.8110309,nrm.extra.perf.PAPI_L3_TCA.153505,73510165289.0
1769975003.8110309,nrm.extra.perf.PAPI_TOT_INS.153505,23864491049546.0
1769975003.8110309,nrm.extra.perf.PAPI_TOT_CYC.153505,40409297297067.0
1769975003.8110309,nrm.extra.perf.PAPI_RES_STL.153505,20098520586730.0
1769975003.8110309,nrm.extra.perf.PAPI_L3_TCM.153505,7541868717.0
1769975004.8130481,nrm.extra.perf.PAPI_L3_TCA.153505,73963499476.0
1769975004.8130481,nrm.extra.perf.PAPI_TOT_INS.153505,24011500322794.0
1769975004.8130481,nrm.extra.perf.PAPI_TOT_CYC.153505,40658097565113.0
1769975004.8130481,nrm.extra.perf.PAPI_RES_STL.153505,20222273120824.0
1769975004.8130481,nrm.extra.perf.PAPI_L3_TCM.153505,7588703807.0
1769975005.8130734,nrm.extra.perf.PAPI_L3_TCA.153505,74415538815.0
1769975005.8130734,nrm.extra.perf.PAPI_TOT_INS.153505,24158058803181.0
1769975005.8130734,nrm.extra.perf.PAPI_TOT_CYC.153505,40906363928050.0
1769975005.8130734,nrm.extra.perf.PAPI_RES_STL.153505,20345739858484.0
1769975005.8130734,nrm.extra.perf.PAPI_L3_TCM.153505,7634927920.0
1769975006.811039,nrm.extra.perf.PAPI_L3_TCA.153505,74866874060.0
1769975006.811039,nrm.extra.perf.PAPI_TOT_INS.153505,24304325692009.0
1769975006.811039,nrm.extra.perf.PAPI_TOT_CYC.153505,41154111992314.0
1769975006.811039,nrm.extra.perf.PAPI_RES_STL.153505,20468960189405.0
1769975006.811039,nrm.extra.perf.PAPI_L3_TCM.153505,7681535690.0
1769975007.815035,nrm.extra.perf.PAPI_L3_TCA.153505,75320949110.0
1769975007.815035,nrm.extra.perf.PAPI_TOT_INS.153505,24451600738051.0
1769975007.815035,nrm.extra.perf.PAPI_TOT_CYC.153505,41403363911628.0
1769975007.815035,nrm.extra.perf.PAPI_RES_STL.153505,20592826066895.0
1769975007.815035,nrm.extra.perf.PAPI_L3_TCM.153505,7727993493.0
1769975008.81502,nrm.extra.perf.PAPI_L3_TCA.153505,75774824543.0
1769975008.81502,nrm.extra.perf.PAPI_TOT_INS.153505,24598432342003.0
1769975008.81502,nrm.extra.perf.PAPI_TOT_CYC.153505,41651599485229.0
1769975008.81502,nrm.extra.perf.PAPI_RES_STL.153505,20716774164645.0
1769975008.81502,nrm.extra.perf.PAPI_L3_TCM.153505,7774633683.0
1769975009.8110948,nrm.extra.perf.PAPI_L3_TCA.153505,76226482707.0
1769975009.8110948,nrm.extra.perf.PAPI_TOT_INS.153505,24744823413027.0
1769975009.8110948,nrm.extra.perf.PAPI_TOT_CYC.153505,41898661439320.0
1769975009.8110948,nrm.extra.perf.PAPI_RES_STL.153505,20839923191693.0
1769975009.8110948,nrm.extra.perf.PAPI_L3_TCM.153505,7820844185.0
1769975010.8110626,nrm.extra.perf.PAPI_L3_TCA.153505,76680768811.0
1769975010.8110626,nrm.extra.perf.PAPI_TOT_INS.153505,24891998506538.0
1769975010.8110626,nrm.extra.perf.PAPI_TOT_CYC.153505,42146909069328.0
1769975010.8110626,nrm.extra.perf.PAPI_RES_STL.153505,20963851619086.0
1769975010.8110626,nrm.extra.perf.PAPI_L3_TCM.153505,7867301761.0
1769975011.810803,nrm.extra.perf.PAPI_L3_TCA.153505,77133850635.0
1769975011.810803,nrm.extra.perf.PAPI_TOT_INS.153505,25038926846602.0
1769975011.810803,nrm.extra.perf.PAPI_TOT_CYC.153505,42395119357661.0
1769975011.810803,nrm.extra.perf.PAPI_RES_STL.153505,21087451894581.0
1769975011.810803,nrm.extra.perf.PAPI_L3_TCM.153505,7913325941.0
1769975012.811034,nrm.extra.perf.PAPI_L3_TCA.153505,77587429054.0
1769975012.811034,nrm.extra.perf.PAPI_TOT_INS.153505,25185638581122.0
1769975012.811034,nrm.extra.perf.PAPI_TOT_CYC.153505,42643474211822.0
1769975012.811034,nrm.extra.perf.PAPI_RES_STL.153505,21211389483133.0
1769975012.811034,nrm.extra.perf.PAPI_L3_TCM.153505,7960051621.0
1769975013.8110569,nrm.extra.perf.PAPI_L3_TCA.153505,78040876080.0
1769975013.8110569,nrm.extra.perf.PAPI_TOT_INS.153505,25332539259566.0
1769975013.8110569,nrm.extra.perf.PAPI_TOT_CYC.153505,42891753713083.0
1769975013.8110569,nrm.extra.perf.PAPI_RES_STL.153505,21335172493353.0
1769975013.8110569,nrm.extra.perf.PAPI_L3_TCM.153505,8006237400.0
1769975014.8110235,nrm.extra.perf.PAPI_L3_TCA.153505,78489067196.0
1769975014.8110235,nrm.extra.perf.PAPI_TOT_INS.153505,25478245128359.0
1769975014.8110235,nrm.extra.perf.PAPI_TOT_CYC.153505,43140126602274.0
1769975014.8110235,nrm.extra.perf.PAPI_RES_STL.153505,21457449627509.0
1769975014.8110235,nrm.extra.perf.PAPI_L3_TCM.153505,8051926396.0
1769975015.8110573,nrm.extra.perf.PAPI_L3_TCA.153505,78941636820.0
1769975015.8110573,nrm.extra.perf.PAPI_TOT_INS.153505,25624986946862.0
1769975015.8110573,nrm.extra.perf.PAPI_TOT_CYC.153505,43388247977307.0
1769975015.8110573,nrm.extra.perf.PAPI_RES_STL.153505,21580864538719.0
1769975015.8110573,nrm.extra.perf.PAPI_L3_TCM.153505,8097960922.0
1769975016.8110905,nrm.extra.perf.PAPI_L3_TCA.153505,79394419608.0
1769975016.8110905,nrm.extra.perf.PAPI_TOT_INS.153505,25771624188852.0
1769975016.8110905,nrm.extra.perf.PAPI_TOT_CYC.153505,43636512810200.0
1769975016.8110905,nrm.extra.perf.PAPI_RES_STL.153505,21704272843484.0
1769975016.8110905,nrm.extra.perf.PAPI_L3_TCM.153505,8144530194.0
1769975017.8110688,nrm.extra.perf.PAPI_L3_TCA.153505,79847663631.0
1769975017.8110688,nrm.extra.perf.PAPI_TOT_INS.153505,25918420900228.0
1769975017.8110688,nrm.extra.perf.PAPI_TOT_CYC.153505,43884727730884.0
1769975017.8110688,nrm.extra.perf.PAPI_RES_STL.153505,21828105993286.0
1769975017.8110688,nrm.extra.perf.PAPI_L3_TCM.153505,8191371934.0
1769975018.8110201,nrm.extra.perf.PAPI_L3_TCA.153505,80301487940.0
1769975018.8110201,nrm.extra.perf.PAPI_TOT_INS.153505,26065415436759.0
1769975018.8110201,nrm.extra.perf.PAPI_TOT_CYC.153505,44132954758482.0
1769975018.8110201,nrm.extra.perf.PAPI_RES_STL.153505,21952087233929.0
1769975018.8110201,nrm.extra.perf.PAPI_L3_TCM.153505,8238220867.0
1769975019.8110342,nrm.extra.perf.PAPI_L3_TCA.153505,80756674025.0
1769975019.8110342,nrm.extra.perf.PAPI_TOT_INS.153505,26212882361213.0
1769975019.8110342,nrm.extra.perf.PAPI_TOT_CYC.153505,44381328167975.0
1769975019.8110342,nrm.extra.perf.PAPI_RES_STL.153505,22076086343511.0
1769975019.8110342,nrm.extra.perf.PAPI_L3_TCM.153505,8284903500.0
1769975020.8109992,nrm.extra.perf.PAPI_L3_TCA.153505,81208490641.0
1769975020.8109992,nrm.extra.perf.PAPI_TOT_INS.153505,26359185220763.0
1769975020.8109992,nrm.extra.perf.PAPI_TOT_CYC.153505,44629553544751.0
1769975020.8109992,nrm.extra.perf.PAPI_RES_STL.153505,22199618036882.0
1769975020.8109992,nrm.extra.perf.PAPI_L3_TCM.153505,8331987805.0
1769975021.8110254,nrm.extra.perf.PAPI_L3_TCA.153505,81662731514.0
1769975021.8110254,nrm.extra.perf.PAPI_TOT_INS.153505,26506411271931.0
1769975021.8110254,nrm.extra.perf.PAPI_TOT_CYC.153505,44877916861445.0
1769975021.8110254,nrm.extra.perf.PAPI_RES_STL.153505,22323637755216.0
1769975021.8110254,nrm.extra.perf.PAPI_L3_TCM.153505,8378897465.0
1769975022.811051,nrm.extra.perf.PAPI_L3_TCA.153505,82115250401.0
1769975022.811051,nrm.extra.perf.PAPI_TOT_INS.153505,26653167395043.0
1769975022.811051,nrm.extra.perf.PAPI_TOT_CYC.153505,45126267938190.0
1769975022.811051,nrm.extra.perf.PAPI_RES_STL.153505,22446996618568.0
1769975022.811051,nrm.extra.perf.PAPI_L3_TCM.153505,8425363129.0
1769975023.8110597,nrm.extra.perf.PAPI_L3_TCA.153505,82569168857.0
1769975023.8110597,nrm.extra.perf.PAPI_TOT_INS.153505,26800253477649.0
1769975023.8110597,nrm.extra.perf.PAPI_TOT_CYC.153505,45374527085699.0
1769975023.8110597,nrm.extra.perf.PAPI_RES_STL.153505,22570881141326.0
1769975023.8110597,nrm.extra.perf.PAPI_L3_TCM.153505,8471875736.0
1769975024.8111196,nrm.extra.perf.PAPI_L3_TCA.153505,83022895000.0
1769975024.8111196,nrm.extra.perf.PAPI_TOT_INS.153505,26947067183749.0
1769975024.8111196,nrm.extra.perf.PAPI_TOT_CYC.153505,45622679159362.0
1769975024.8111196,nrm.extra.perf.PAPI_RES_STL.153505,22694713019570.0
1769975024.8111196,nrm.extra.perf.PAPI_L3_TCM.153505,8518729844.0
1769975025.811088,nrm.extra.perf.PAPI_L3_TCA.153505,83475729347.0
1769975025.811088,nrm.extra.perf.PAPI_TOT_INS.153505,27093841836659.0
1769975025.811088,nrm.extra.perf.PAPI_TOT_CYC.153505,45870790022597.0
1769975025.811088,nrm.extra.perf.PAPI_RES_STL.153505,22818321620636.0
1769975025.811088,nrm.extra.perf.PAPI_L3_TCM.153505,8565399007.0
1769975026.811064,nrm.extra.perf.PAPI_L3_TCA.153505,83928731716.0
1769975026.811064,nrm.extra.perf.PAPI_TOT_INS.153505,27240573124117.0
1769975026.811064,nrm.extra.perf.PAPI_TOT_CYC.153505,46118825116439.0
1769975026.811064,nrm.extra.perf.PAPI_RES_STL.153505,22942160466435.0
1769975026.811064,nrm.extra.perf.PAPI_L3_TCM.153505,8611923286.0
1769975027.8110647,nrm.extra.perf.PAPI_L3_TCA.153505,84382087517.0
1769975027.8110647,nrm.extra.perf.PAPI_TOT_INS.153505,27387470718386.0
1769975027.8110647,nrm.extra.perf.PAPI_TOT_CYC.153505,46366890983683.0
1769975027.8110647,nrm.extra.perf.PAPI_RES_STL.153505,23065726986465.0
1769975027.8110647,nrm.extra.perf.PAPI_L3_TCM.153505,8658503889.0
1769975028.8140595,nrm.extra.perf.PAPI_L3_TCA.153505,84836383024.0
1769975028.8140595,nrm.extra.perf.PAPI_TOT_INS.153505,27534513710004.0
1769975028.8140595,nrm.extra.perf.PAPI_TOT_CYC.153505,46615741458436.0
1769975028.8140595,nrm.extra.perf.PAPI_RES_STL.153505,23189815264578.0
1769975028.8140595,nrm.extra.perf.PAPI_L3_TCM.153505,8705416030.0
1769975029.8121479,nrm.extra.perf.PAPI_L3_TCA.153505,85288879341.0
1769975029.8121479,nrm.extra.perf.PAPI_TOT_INS.153505,27681273687888.0
1769975029.8121479,nrm.extra.perf.PAPI_TOT_CYC.153505,46863559194813.0
1769975029.8121479,nrm.extra.perf.PAPI_RES_STL.153505,23313061977689.0
1769975029.8121479,nrm.extra.perf.PAPI_L3_TCM.153505,8752018522.0
1769975030.8150284,nrm.extra.perf.PAPI_L3_TCA.153505,85743461876.0
1769975030.8150284,nrm.extra.perf.PAPI_TOT_INS.153505,27828593338849.0
1769975030.8150284,nrm.extra.perf.PAPI_TOT_CYC.153505,47112439783628.0
1769975030.8150284,nrm.extra.perf.PAPI_RES_STL.153505,23437336664022.0
1769975030.8150284,nrm.extra.perf.PAPI_L3_TCM.153505,8798877106.0
1769975031.8110127,nrm.extra.perf.PAPI_L3_TCA.153505,86194122887.0
1769975031.8110127,nrm.extra.perf.PAPI_TOT_INS.153505,27974693310002.0
1769975031.8110127,nrm.extra.perf.PAPI_TOT_CYC.153505,47359593036544.0
1769975031.8110127,nrm.extra.perf.PAPI_RES_STL.153505,23560204748562.0
1769975031.8110127,nrm.extra.perf.PAPI_L3_TCM.153505,8845141188.0
1769975032.811062,nrm.extra.perf.PAPI_L3_TCA.153505,86636731725.0
1769975032.811062,nrm.extra.perf.PAPI_TOT_INS.153505,28118771883387.0
1769975032.811062,nrm.extra.perf.PAPI_TOT_CYC.153505,47606801655390.0
1769975032.811062,nrm.extra.perf.PAPI_RES_STL.153505,23681065318376.0
1769975032.811062,nrm.extra.perf.PAPI_L3_TCM.153505,8891104328.0
1769975033.815107,nrm.extra.perf.PAPI_L3_TCA.153505,87091147836.0
1769975033.815107,nrm.extra.perf.PAPI_TOT_INS.153505,28265987450761.0
1769975033.815107,nrm.extra.perf.PAPI_TOT_CYC.153505,47855963020528.0
1769975033.815107,nrm.extra.perf.PAPI_RES_STL.153505,23804844839572.0
1769975033.815107,nrm.extra.perf.PAPI_L3_TCM.153505,8938086993.0
1769975034.811053,nrm.extra.perf.PAPI_L3_TCA.153505,87542715615.0
1769975034.811053,nrm.extra.perf.PAPI_TOT_INS.153505,28412291139568.0
1769975034.811053,nrm.extra.perf.PAPI_TOT_CYC.153505,48103169059028.0
1769975034.811053,nrm.extra.perf.PAPI_RES_STL.153505,23928187257104.0
1769975034.811053,nrm.extra.perf.PAPI_L3_TCM.153505,8984669634.0
1769975035.8110664,nrm.extra.perf.PAPI_L3_TCA.153505,87996539595.0
1769975035.8110664,nrm.extra.perf.PAPI_TOT_INS.153505,28559407383450.0
1769975035.8110664,nrm.extra.perf.PAPI_TOT_CYC.153505,48351491343709.0
1769975035.8110664,nrm.extra.perf.PAPI_RES_STL.153505,24052088275793.0
1769975035.8110664,nrm.extra.perf.PAPI_L3_TCM.153505,9031386000.0
1769975036.8144848,nrm.extra.perf.PAPI_L3_TCA.153505,88451480441.0
1769975036.8144848,nrm.extra.perf.PAPI_TOT_INS.153505,28706928777424.0
1769975036.8144848,nrm.extra.perf.PAPI_TOT_CYC.153505,48600635895403.0
1769975036.8144848,nrm.extra.perf.PAPI_RES_STL.153505,24176228932356.0
1769975036.8144848,nrm.extra.perf.PAPI_L3_TCM.153505,9078456867.0
1769975037.8140287,nrm.extra.perf.PAPI_L3_TCA.153505,88905073913.0
1769975037.8140287,nrm.extra.perf.PAPI_TOT_INS.153505,28853598987464.0
1769975037.8140287,nrm.extra.perf.PAPI_TOT_CYC.153505,48848679933798.0
1769975037.8140287,nrm.extra.perf.PAPI_RES_STL.153505,24300161837826.0
1769975037.8140287,nrm.extra.perf.PAPI_L3_TCM.153505,9125750435.0
1769975038.8110363,nrm.extra.perf.PAPI_L3_TCA.153505,89358040456.0
1769975038.8110363,nrm.extra.perf.PAPI_TOT_INS.153505,29000305180831.0
1769975038.8110363,nrm.extra.perf.PAPI_TOT_CYC.153505,49096044640945.0
1769975038.8110363,nrm.extra.perf.PAPI_RES_STL.153505,24423622163101.0
1769975038.8110363,nrm.extra.perf.PAPI_L3_TCM.153505,9172710853.0
1769975039.8110313,nrm.extra.perf.PAPI_L3_TCA.153505,89812012743.0
1769975039.8110313,nrm.extra.perf.PAPI_TOT_INS.153505,29147405778815.0
1769975039.8110313,nrm.extra.perf.PAPI_TOT_CYC.153505,49344257594595.0
1769975039.8110313,nrm.extra.perf.PAPI_RES_STL.153505,24547543884975.0
1769975039.8110313,nrm.extra.perf.PAPI_L3_TCM.153505,9219506532.0
1769975040.8109248,nrm.extra.perf.PAPI_L3_TCA.153505,90264055621.0
1769975040.8109248,nrm.extra.perf.PAPI_TOT_INS.153505,29294088194153.0
1769975040.8109248,nrm.extra.perf.PAPI_TOT_CYC.153505,49592290920251.0
1769975040.8109248,nrm.extra.perf.PAPI_RES_STL.153505,24670812135547.0
1769975040.8109248,nrm.extra.perf.PAPI_L3_TCM.153505,9265911879.0
1769975041.8130188,nrm.extra.perf.PAPI_L3_TCA.153505,90716905364.0
1769975041.8130188,nrm.extra.perf.PAPI_TOT_INS.153505,29440633214376.0
1769975041.8130188,nrm.extra.perf.PAPI_TOT_CYC.153505,49840834138393.0
1769975041.8130188,nrm.extra.perf.PAPI_RES_STL.153505,24794644359764.0
1769975041.8130188,nrm.extra.perf.PAPI_L3_TCM.153505,9313021732.0
1769975042.8120644,nrm.extra.perf.PAPI_L3_TCA.153505,91169792252.0
1769975042.8120644,nrm.extra.perf.PAPI_TOT_INS.153505,29587508915426.0
1769975042.8120644,nrm.extra.perf.PAPI_TOT_CYC.153505,50088901086366.0
1769975042.8120644,nrm.extra.perf.PAPI_RES_STL.153505,24918105304133.0
1769975042.8120644,nrm.extra.perf.PAPI_L3_TCM.153505,9359706639.0
1769975043.8150265,nrm.extra.perf.PAPI_L3_TCA.153505,91624034577.0
1769975043.8150265,nrm.extra.perf.PAPI_TOT_INS.153505,29734774124834.0
1769975043.8150265,nrm.extra.perf.PAPI_TOT_CYC.153505,50337868408734.0
1769975043.8150265,nrm.extra.perf.PAPI_RES_STL.153505,25042205322155.0
1769975043.8150265,nrm.extra.perf.PAPI_L3_TCM.153505,9406452512.0
1769975044.8110354,nrm.extra.perf.PAPI_L3_TCA.153505,92074868920.0
1769975044.8110354,nrm.extra.perf.PAPI_TOT_INS.153505,29880900565087.0
1769975044.8110354,nrm.extra.perf.PAPI_TOT_CYC.153505,50584977721024.0
1769975044.8110354,nrm.extra.perf.PAPI_RES_STL.153505,25165276642893.0
1769975044.8110354,nrm.extra.perf.PAPI_L3_TCM.153505,9452969972.0
1769975045.8110332,nrm.extra.perf.PAPI_L3_TCA.153505,92527961243.0
1769975045.8110332,nrm.extra.perf.PAPI_TOT_INS.153505,30027642189964.0
1769975045.8110332,nrm.extra.perf.PAPI_TOT_CYC.153505,50833143807071.0
1769975045.8110332,nrm.extra.perf.PAPI_RES_STL.153505,25288868137448.0
1769975045.8110332,nrm.extra.perf.PAPI_L3_TCM.153505,9499715852.0
1769975046.815069,nrm.extra.perf.PAPI_L3_TCA.153505,92983060484.0
1769975046.815069,nrm.extra.perf.PAPI_TOT_INS.153505,30175136725218.0
1769975046.815069,nrm.extra.perf.PAPI_TOT_CYC.153505,51082330520048.0
1769975046.815069,nrm.extra.perf.PAPI_RES_STL.153505,25413277615973.0
1769975046.815069,nrm.extra.perf.PAPI_L3_TCM.153505,9546776439.0
1769975047.8110619,nrm.extra.perf.PAPI_L3_TCA.153505,93435788052.0
1769975047.8110619,nrm.extra.perf.PAPI_TOT_INS.153505,30321784649271.0
1769975047.8110619,nrm.extra.perf.PAPI_TOT_CYC.153505,51329559668501.0
1769975047.8110619,nrm.extra.perf.PAPI_RES_STL.153505,25536783924503.0
1769975047.8110619,nrm.extra.perf.PAPI_L3_TCM.153505,9593479295.0
1769975048.810922,nrm.extra.perf.PAPI_L3_TCA.153505,93887840823.0
1769975048.810922,nrm.extra.perf.PAPI_TOT_INS.153505,30468486614677.0
1769975048.810922,nrm.extra.perf.PAPI_TOT_CYC.153505,51577774249094.0
1769975048.810922,nrm.extra.perf.PAPI_RES_STL.153505,25660093839782.0
1769975048.810922,nrm.extra.perf.PAPI_L3_TCM.153505,9639856718.0
1769975049.8150465,nrm.extra.perf.PAPI_L3_TCA.153505,94328293011.0
1769975049.8150465,nrm.extra.perf.PAPI_TOT_INS.153505,30611622226686.0
1769975049.8150465,nrm.extra.perf.PAPI_TOT_CYC.153505,51822893228686.0
1769975049.8150465,nrm.extra.perf.PAPI_RES_STL.153505,25780640465240.0
1769975049.8150465,nrm.extra.perf.PAPI_L3_TCM.153505,9685453028.0
1769975050.810963,nrm.extra.perf.PAPI_L3_TCA.153505,94775956698.0
1769975050.810963,nrm.extra.perf.PAPI_TOT_INS.153505,30757048725134.0
1769975050.810963,nrm.extra.perf.PAPI_TOT_CYC.153505,52070159046214.0
1769975050.810963,nrm.extra.perf.PAPI_RES_STL.153505,25902759400800.0
1769975050.810963,nrm.extra.perf.PAPI_L3_TCM.153505,9731530022.0
1769975051.811062,nrm.extra.perf.PAPI_L3_TCA.153505,95229049147.0
1769975051.811062,nrm.extra.perf.PAPI_TOT_INS.153505,30903712636556.0
1769975051.811062,nrm.extra.perf.PAPI_TOT_CYC.153505,52318467784177.0
1769975051.811062,nrm.extra.perf.PAPI_RES_STL.153505,26026323566378.0
1769975051.811062,nrm.extra.perf.PAPI_L3_TCM.153505,9778622489.0
1769975052.8150644,nrm.extra.perf.PAPI_L3_TCA.153505,95684880860.0
1769975052.8150644,nrm.extra.perf.PAPI_TOT_INS.153505,31051423515691.0
1769975052.8150644,nrm.extra.perf.PAPI_TOT_CYC.153505,52567652994983.0
1769975052.8150644,nrm.extra.perf.PAPI_RES_STL.153505,26150655276344.0
1769975052.8150644,nrm.extra.perf.PAPI_L3_TCM.153505,9825847319.0
1769975053.8110228,nrm.extra.perf.PAPI_L3_TCA.153505,96134487336.0
1769975053.8110228,nrm.extra.perf.PAPI_TOT_INS.153505,31197196386346.0
1769975053.8110228,nrm.extra.perf.PAPI_TOT_CYC.153505,52814998255499.0
1769975053.8110228,nrm.extra.perf.PAPI_RES_STL.153505,26273597256713.0
1769975053.8110228,nrm.extra.perf.PAPI_L3_TCM.153505,9872058818.0
1769975054.8130393,nrm.extra.perf.PAPI_L3_TCA.153505,96573799953.0
1769975054.8130393,nrm.extra.perf.PAPI_TOT_INS.153505,31340420961009.0
1769975054.8130393,nrm.extra.perf.PAPI_TOT_CYC.153505,53061417134296.0
1769975054.8130393,nrm.extra.perf.PAPI_RES_STL.153505,26393446600212.0
1769975054.8130393,nrm.extra.perf.PAPI_L3_TCM.153505,9918036219.0
1769975055.8110454,nrm.extra.perf.PAPI_L3_TCA.153505,97026094096.0
1769975055.8110454,nrm.extra.perf.PAPI_TOT_INS.153505,31486992779182.0
1769975055.8110454,nrm.extra.perf.PAPI_TOT_CYC.153505,53309089528348.0
1769975055.8110454,nrm.extra.perf.PAPI_RES_STL.153505,26517128194293.0
1769975055.8110454,nrm.extra.perf.PAPI_L3_TCM.153505,9964583818.0
1769975056.8159947,nrm.extra.perf.PAPI_L3_TCA.153505,97481948253.0
1769975056.8159947,nrm.extra.perf.PAPI_TOT_INS.153505,31634742470812.0
1769975056.8159947,nrm.extra.perf.PAPI_TOT_CYC.153505,53558650791380.0
1769975056.8159947,nrm.extra.perf.PAPI_RES_STL.153505,26641626506595.0
1769975056.8159947,nrm.extra.perf.PAPI_L3_TCM.153505,10011542919.0
1769975057.8110666,nrm.extra.perf.PAPI_L3_TCA.153505,97932452152.0
1769975057.8110666,nrm.extra.perf.PAPI_TOT_INS.153505,31780883782434.0
1769975057.8110666,nrm.extra.perf.PAPI_TOT_CYC.153505,53805626112456.0
1769975057.8110666,nrm.extra.perf.PAPI_RES_STL.153505,26764814581424.0
1769975057.8110666,nrm.extra.perf.PAPI_L3_TCM.153505,10058008971.0
1769975058.811036,nrm.extra.perf.PAPI_L3_TCA.153505,98385508882.0
1769975058.811036,nrm.extra.perf.PAPI_TOT_INS.153505,31927884245888.0
1769975058.811036,nrm.extra.perf.PAPI_TOT_CYC.153505,54054049010480.0
1769975058.811036,nrm.extra.perf.PAPI_RES_STL.153505,26888448077492.0
1769975058.811036,nrm.extra.perf.PAPI_L3_TCM.153505,10104650678.0
1769975059.8140466,nrm.extra.perf.PAPI_L3_TCA.153505,98838768668.0
1769975059.8140466,nrm.extra.perf.PAPI_TOT_INS.153505,32075087770087.0
1769975059.8140466,nrm.extra.perf.PAPI_TOT_CYC.153505,54303271435367.0
1769975059.8140466,nrm.extra.perf.PAPI_RES_STL.153505,27012273829726.0
1769975059.8140466,nrm.extra.perf.PAPI_L3_TCM.153505,10151131243.0
1769975060.8109565,nrm.extra.perf.PAPI_L3_TCA.153505,99289404004.0
1769975060.8109565,nrm.extra.perf.PAPI_TOT_INS.153505,32221143354112.0
1769975060.8109565,nrm.extra.perf.PAPI_TOT_CYC.153505,54550965883393.0
1769975060.8109565,nrm.extra.perf.PAPI_RES_STL.153505,27135424349979.0
1769975060.8109565,nrm.extra.perf.PAPI_L3_TCM.153505,10197919046.0
1769975061.8110433,nrm.extra.perf.PAPI_L3_TCA.153505,99742269385.0
1769975061.8110433,nrm.extra.perf.PAPI_TOT_INS.153505,32368111457340.0
1769975061.8110433,nrm.extra.perf.PAPI_TOT_CYC.153505,54799392711093.0
1769975061.8110433,nrm.extra.perf.PAPI_RES_STL.153505,27259024574230.0
1769975061.8110433,nrm.extra.perf.PAPI_L3_TCM.153505,10244935374.0
1769975062.8130348,nrm.extra.perf.PAPI_L3_TCA.153505,100195916455.0
1769975062.8130348,nrm.extra.perf.PAPI_TOT_INS.153505,32515308619905.0
1769975062.8130348,nrm.extra.perf.PAPI_TOT_CYC.153505,55048157756444.0
1769975062.8130348,nrm.extra.perf.PAPI_RES_STL.153505,27383039814399.0
1769975062.8130348,nrm.extra.perf.PAPI_L3_TCM.153505,10291725738.0
1769975063.8150718,nrm.extra.perf.PAPI_L3_TCA.153505,100649368080.0
1769975063.8150718,nrm.extra.perf.PAPI_TOT_INS.153505,32662445721666.0
1769975063.8150718,nrm.extra.perf.PAPI_TOT_CYC.153505,55296915066546.0
1769975063.8150718,nrm.extra.perf.PAPI_RES_STL.153505,27506959118871.0
1769975063.8150718,nrm.extra.perf.PAPI_L3_TCM.153505,10338591588.0
1769975064.8109722,nrm.extra.perf.PAPI_L3_TCA.153505,101099460952.0
1769975064.8109722,nrm.extra.perf.PAPI_TOT_INS.153505,32808325433519.0
1769975064.8109722,nrm.extra.perf.PAPI_TOT_CYC.153505,55544151490070.0
1769975064.8109722,nrm.extra.perf.PAPI_RES_STL.153505,27629878478506.0
1769975064.8109722,nrm.extra.perf.PAPI_L3_TCM.153505,10385269179.0
1769975065.811051,nrm.extra.perf.PAPI_L3_TCA.153505,101551702835.0
1769975065.811051,nrm.extra.perf.PAPI_TOT_INS.153505,32955176782697.0
1769975065.811051,nrm.extra.perf.PAPI_TOT_CYC.153505,55792530666159.0
1769975065.811051,nrm.extra.perf.PAPI_RES_STL.153505,27753336658017.0
1769975065.811051,nrm.extra.perf.PAPI_L3_TCM.153505,10431912867.0
1769975066.816023,nrm.extra.perf.PAPI_L3_TCA.153505,102006885246.0
1769975066.816023,nrm.extra.perf.PAPI_TOT_INS.153505,33102738808231.0
1769975066.816023,nrm.extra.perf.PAPI_TOT_CYC.153505,56041943349559.0
1769975066.816023,nrm.extra.perf.PAPI_RES_STL.153505,27877967138708.0
1769975066.816023,nrm.extra.perf.PAPI_L3_TCM.153505,10478890410.0
1769975067.8110466,nrm.extra.perf.PAPI_L3_TCA.153505,102450734573.0
1769975067.8110466,nrm.extra.perf.PAPI_TOT_INS.153505,33247114022133.0
1769975067.8110466,nrm.extra.perf.PAPI_TOT_CYC.153505,56288084766695.0
1769975067.8110466,nrm.extra.perf.PAPI_RES_STL.153505,27999190008258.0
1769975067.8110466,nrm.extra.perf.PAPI_L3_TCM.153505,10524956438.0
1769975068.811066,nrm.extra.perf.PAPI_L3_TCA.153505,102904065484.0
1769975068.811066,nrm.extra.perf.PAPI_TOT_INS.153505,33394173088121.0
1769975068.811066,nrm.extra.perf.PAPI_TOT_CYC.153505,56536393186584.0
1769975068.811066,nrm.extra.perf.PAPI_RES_STL.153505,28123059487014.0
1769975068.811066,nrm.extra.perf.PAPI_L3_TCM.153505,10571832485.0
1769975069.8110323,nrm.extra.perf.PAPI_L3_TCA.153505,103356589139.0
1769975069.8110323,nrm.extra.perf.PAPI_TOT_INS.153505,33540825493144.0
1769975069.8110323,nrm.extra.perf.PAPI_TOT_CYC.153505,56784511034867.0
1769975069.8110323,nrm.extra.perf.PAPI_RES_STL.153505,28246463883765.0
1769975069.8110323,nrm.extra.perf.PAPI_L3_TCM.153505,10618991815.0
1769975070.8110437,nrm.extra.perf.PAPI_L3_TCA.153505,103793738972.0
1769975070.8110437,nrm.extra.perf.PAPI_TOT_INS.153505,33683267978940.0
1769975070.8110437,nrm.extra.perf.PAPI_TOT_CYC.153505,57027614696976.0
1769975070.8110437,nrm.extra.perf.PAPI_RES_STL.153505,28366154770393.0
1769975070.8110437,nrm.extra.perf.PAPI_L3_TCM.153505,10664120063.0
1769975071.8109896,nrm.extra.perf.PAPI_L3_TCA.153505,104242599871.0
1769975071.8109896,nrm.extra.perf.PAPI_TOT_INS.153505,33828872444878.0
1769975071.8109896,nrm.extra.perf.PAPI_TOT_CYC.153505,57275763057349.0
1769975071.8109896,nrm.extra.perf.PAPI_RES_STL.153505,28488925409379.0
1769975071.8109896,nrm.extra.perf.PAPI_L3_TCM.153505,10710638017.0
1769975072.8111145,nrm.extra.perf.PAPI_L3_TCA.153505,104695404877.0
1769975072.8111145,nrm.extra.perf.PAPI_TOT_INS.153505,33975783318522.0
1769975072.8111145,nrm.extra.perf.PAPI_TOT_CYC.153505,57523955436018.0
1769975072.8111145,nrm.extra.perf.PAPI_RES_STL.153505,28612533550339.0
1769975072.8111145,nrm.extra.perf.PAPI_L3_TCM.153505,10757553329.0
1769975073.813056,nrm.extra.perf.PAPI_L3_TCA.153505,105147095618.0
1769975073.813056,nrm.extra.perf.PAPI_TOT_INS.153505,34122318347900.0
1769975073.813056,nrm.extra.perf.PAPI_TOT_CYC.153505,57772660717474.0
1769975073.813056,nrm.extra.perf.PAPI_RES_STL.153505,28736100704649.0
1769975073.813056,nrm.extra.perf.PAPI_L3_TCM.153505,10804407222.0
1769975074.8150408,nrm.extra.perf.PAPI_L3_TCA.153505,105602303634.0
1769975074.8150408,nrm.extra.perf.PAPI_TOT_INS.153505,34269965093907.0
1769975074.8150408,nrm.extra.perf.PAPI_TOT_CYC.153505,58021380935102.0
1769975074.8150408,nrm.extra.perf.PAPI_RES_STL.153505,28860294856106.0
1769975074.8150408,nrm.extra.perf.PAPI_L3_TCM.153505,10851468064.0
1769975075.811066,nrm.extra.perf.PAPI_L3_TCA.153505,106029864981.0
1769975075.811066,nrm.extra.perf.PAPI_TOT_INS.153505,34409154180835.0
1769975075.811066,nrm.extra.perf.PAPI_TOT_CYC.153505,58260264973126.0
1769975075.811066,nrm.extra.perf.PAPI_RES_STL.153505,28977305648014.0
1769975075.811066,nrm.extra.perf.PAPI_L3_TCM.153505,10896545863.0
1769975076.8110616,nrm.extra.perf.PAPI_L3_TCA.153505,106483208555.0
1769975076.8110616,nrm.extra.perf.PAPI_TOT_INS.153505,34556183490866.0
1769975076.8110616,nrm.extra.perf.PAPI_TOT_CYC.153505,58508352348012.0
1769975076.8110616,nrm.extra.perf.PAPI_RES_STL.153505,29101233893008.0
1769975076.8110616,nrm.extra.perf.PAPI_L3_TCM.153505,10943392122.0
1769975077.8130498,nrm.extra.perf.PAPI_L3_TCA.153505,106938271893.0
1769975077.8130498,nrm.extra.perf.PAPI_TOT_INS.153505,34703722767081.0
1769975077.8130498,nrm.extra.perf.PAPI_TOT_CYC.153505,58757153434158.0
1769975077.8130498,nrm.extra.perf.PAPI_RES_STL.153505,29225676257827.0
1769975077.8130498,nrm.extra.perf.PAPI_L3_TCM.153505,10990238585.0
1769975078.8141136,nrm.extra.perf.PAPI_L3_TCA.153505,107389879706.0
1769975078.8141136,nrm.extra.perf.PAPI_TOT_INS.153505,34850226963010.0
1769975078.8141136,nrm.extra.perf.PAPI_TOT_CYC.153505,59005704099901.0
1769975078.8141136,nrm.extra.perf.PAPI_RES_STL.153505,29348931934642.0
1769975078.8141136,nrm.extra.perf.PAPI_L3_TCM.153505,11037348309.0
1769975079.8110616,nrm.extra.perf.PAPI_L3_TCA.153505,107828103409.0
1769975079.8110616,nrm.extra.perf.PAPI_TOT_INS.153505,34992818780241.0
1769975079.8110616,nrm.extra.perf.PAPI_TOT_CYC.153505,59249054316061.0
1769975079.8110616,nrm.extra.perf.PAPI_RES_STL.153505,29468601745843.0
1769975079.8110616,nrm.extra.perf.PAPI_L3_TCM.153505,11082362673.0
1769975080.8110483,nrm.extra.perf.PAPI_L3_TCA.153505,108282395820.0
1769975080.8110483,nrm.extra.perf.PAPI_TOT_INS.153505,35140072669495.0
1769975080.8110483,nrm.extra.perf.PAPI_TOT_CYC.153505,59497310554590.0
1769975080.8110483,nrm.extra.perf.PAPI_RES_STL.153505,29593113036208.0
1769975080.8110483,nrm.extra.perf.PAPI_L3_TCM.153505,11129771171.0
1769975081.8110452,nrm.extra.perf.PAPI_L3_TCA.153505,108736367944.0
1769975081.8110452,nrm.extra.perf.PAPI_TOT_INS.153505,35287223914044.0
1769975081.8110452,nrm.extra.perf.PAPI_TOT_CYC.153505,59745418414976.0
1769975081.8110452,nrm.extra.perf.PAPI_RES_STL.153505,29717345332632.0
1769975081.8110452,nrm.extra.perf.PAPI_L3_TCM.153505,11176934851.0
1769975082.8140461,nrm.extra.perf.PAPI_L3_TCA.153505,109192020607.0
1769975082.8140461,nrm.extra.perf.PAPI_TOT_INS.153505,35435005972225.0
1769975082.8140461,nrm.extra.perf.PAPI_TOT_CYC.153505,59994369012104.0
1769975082.8140461,nrm.extra.perf.PAPI_RES_STL.153505,29841709185363.0
1769975082.8140461,nrm.extra.perf.PAPI_L3_TCM.153505,11224009137.0
1769975083.813058,nrm.extra.perf.PAPI_L3_TCA.153505,109645644558.0
1769975083.813058,nrm.extra.perf.PAPI_TOT_INS.153505,35581876033197.0
1769975083.813058,nrm.extra.perf.PAPI_TOT_CYC.153505,60242277788839.0
1769975083.813058,nrm.extra.perf.PAPI_RES_STL.153505,29965784210562.0
1769975083.813058,nrm.extra.perf.PAPI_L3_TCM.153505,11270961732.0
1769975084.8111036,nrm.extra.perf.PAPI_L3_TCA.153505,110097165165.0
1769975084.8111036,nrm.extra.perf.PAPI_TOT_INS.153505,35728481746427.0
1769975084.8111036,nrm.extra.perf.PAPI_TOT_CYC.153505,60490119391396.0
1769975084.8111036,nrm.extra.perf.PAPI_RES_STL.153505,30089143743197.0
1769975084.8111036,nrm.extra.perf.PAPI_L3_TCM.153505,11317599198.0
1769975085.8150442,nrm.extra.perf.PAPI_L3_TCA.153505,110552764577.0
1769975085.8150442,nrm.extra.perf.PAPI_TOT_INS.153505,35876169811619.0
1769975085.8150442,nrm.extra.perf.PAPI_TOT_CYC.153505,60739392091855.0
1769975085.8150442,nrm.extra.perf.PAPI_RES_STL.153505,30213876485671.0
1769975085.8150442,nrm.extra.perf.PAPI_L3_TCM.153505,11364647443.0
1769975086.810963,nrm.extra.perf.PAPI_L3_TCA.153505,111003035411.0
1769975086.810963,nrm.extra.perf.PAPI_TOT_INS.153505,36022378678600.0
1769975086.810963,nrm.extra.perf.PAPI_TOT_CYC.153505,60986597604266.0
1769975086.810963,nrm.extra.perf.PAPI_RES_STL.153505,30336835921571.0
1769975086.810963,nrm.extra.perf.PAPI_L3_TCM.153505,11411141961.0
1769975087.8130047,nrm.extra.perf.PAPI_L3_TCA.153505,111455963204.0
1769975087.8130047,nrm.extra.perf.PAPI_TOT_INS.153505,36169151652081.0
1769975087.8130047,nrm.extra.perf.PAPI_TOT_CYC.153505,61235386508389.0
1769975087.8130047,nrm.extra.perf.PAPI_RES_STL.153505,30460748549360.0
1769975087.8130047,nrm.extra.perf.PAPI_L3_TCM.153505,11458087871.0
1769975088.8110628,nrm.extra.perf.PAPI_L3_TCA.153505,111909524928.0
1769975088.8110628,nrm.extra.perf.PAPI_TOT_INS.153505,36316204347752.0
1769975088.8110628,nrm.extra.perf.PAPI_TOT_CYC.153505,61483178112981.0
1769975088.8110628,nrm.extra.perf.PAPI_RES_STL.153505,30584770232206.0
1769975088.8110628,nrm.extra.perf.PAPI_L3_TCM.153505,11504843366.0
1769975089.8110547,nrm.extra.perf.PAPI_L3_TCA.153505,112360385272.0
1769975089.8110547,nrm.extra.perf.PAPI_TOT_INS.153505,36462692417559.0
1769975089.8110547,nrm.extra.perf.PAPI_TOT_CYC.153505,61731588749267.0
1769975089.8110547,nrm.extra.perf.PAPI_RES_STL.153505,30707973180758.0
1769975089.8110547,nrm.extra.perf.PAPI_L3_TCM.153505,11551431108.0
1769975090.8110235,nrm.extra.perf.PAPI_L3_TCA.153505,112812811560.0
1769975090.8110235,nrm.extra.perf.PAPI_TOT_INS.153505,36609487445541.0
1769975090.8110235,nrm.extra.perf.PAPI_TOT_CYC.153505,61979720017969.0
1769975090.8110235,nrm.extra.perf.PAPI_RES_STL.153505,30831656646303.0
1769975090.8110235,nrm.extra.perf.PAPI_L3_TCM.153505,11598089920.0
1769975091.8130543,nrm.extra.perf.PAPI_L3_TCA.153505,113262654227.0
1769975091.8130543,nrm.extra.perf.PAPI_TOT_INS.153505,36755570539781.0
1769975091.8130543,nrm.extra.perf.PAPI_TOT_CYC.153505,62228715284064.0
1769975091.8130543,nrm.extra.perf.PAPI_RES_STL.153505,30954661882690.0
1769975091.8130543,nrm.extra.perf.PAPI_L3_TCM.153505,11644738320.0
1769975092.8110726,nrm.extra.perf.PAPI_L3_TCA.153505,113715291412.0
1769975092.8110726,nrm.extra.perf.PAPI_TOT_INS.153505,36902429865745.0
1769975092.8110726,nrm.extra.perf.PAPI_TOT_CYC.153505,62476334220505.0
1769975092.8110726,nrm.extra.perf.PAPI_RES_STL.153505,31078287075642.0
1769975092.8110726,nrm.extra.perf.PAPI_L3_TCM.153505,11691513954.0
1769975093.8130789,nrm.extra.perf.PAPI_L3_TCA.153505,114168450197.0
1769975093.8130789,nrm.extra.perf.PAPI_TOT_INS.153505,37049522807459.0
1769975093.8130789,nrm.extra.perf.PAPI_TOT_CYC.153505,62725091394317.0
1769975093.8130789,nrm.extra.perf.PAPI_RES_STL.153505,31202142812658.0
1769975093.8130789,nrm.extra.perf.PAPI_L3_TCM.153505,11738409097.0
1769975094.811028,nrm.extra.perf.PAPI_L3_TCA.153505,114621736268.0
1769975094.811028,nrm.extra.perf.PAPI_TOT_INS.153505,37196536004842.0
1769975094.811028,nrm.extra.perf.PAPI_TOT_CYC.153505,62972935432652.0
1769975094.811028,nrm.extra.perf.PAPI_RES_STL.153505,31326014998545.0
1769975094.811028,nrm.extra.perf.PAPI_L3_TCM.153505,11785191120.0
1769975095.811036,nrm.extra.perf.PAPI_L3_TCA.153505,115075209387.0
1769975095.811036,nrm.extra.perf.PAPI_TOT_INS.153505,37343421474536.0
1769975095.811036,nrm.extra.perf.PAPI_TOT_CYC.153505,63221319205787.0
1769975095.811036,nrm.extra.perf.PAPI_RES_STL.153505,31449875456834.0
1769975095.811036,nrm.extra.perf.PAPI_L3_TCM.153505,11832485049.0
1769975096.8150473,nrm.extra.perf.PAPI_L3_TCA.153505,115529716551.0
1769975096.8150473,nrm.extra.perf.PAPI_TOT_INS.153505,37490841622290.0
1769975096.8150473,nrm.extra.perf.PAPI_TOT_CYC.153505,63470583174768.0
1769975096.8150473,nrm.extra.perf.PAPI_RES_STL.153505,31574263591529.0
1769975096.8150473,nrm.extra.perf.PAPI_L3_TCM.153505,11879590847.0
1769975097.8110566,nrm.extra.perf.PAPI_L3_TCA.153505,115981453784.0
1769975097.8110566,nrm.extra.perf.PAPI_TOT_INS.153505,37637459823001.0
1769975097.8110566,nrm.extra.perf.PAPI_TOT_CYC.153505,63717765738301.0
1769975097.8110566,nrm.extra.perf.PAPI_RES_STL.153505,31697549335698.0
1769975097.8110566,nrm.extra.perf.PAPI_L3_TCM.153505,11926189091.0
1769975098.8150318,nrm.extra.perf.PAPI_L3_TCA.153505,116430554692.0
1769975098.8150318,nrm.extra.perf.PAPI_TOT_INS.153505,37783509164275.0
1769975098.8150318,nrm.extra.perf.PAPI_TOT_CYC.153505,63966911433326.0
1769975098.8150318,nrm.extra.perf.PAPI_RES_STL.153505,31820504439152.0
1769975098.8150318,nrm.extra.perf.PAPI_L3_TCM.153505,11972866842.0
1769975099.811059,nrm.extra.perf.PAPI_L3_TCA.153505,116873613588.0
1769975099.811059,nrm.extra.perf.PAPI_TOT_INS.153505,37927556618619.0
1769975099.811059,nrm.extra.perf.PAPI_TOT_CYC.153505,64212172789775.0
1769975099.811059,nrm.extra.perf.PAPI_RES_STL.153505,31941783502518.0
1769975099.811059,nrm.extra.perf.PAPI_L3_TCM.153505,12018880233.0
1769975100.8112564,nrm.extra.perf.PAPI_L3_TCA.153505,117322173499.0
1769975100.8112564,nrm.extra.perf.PAPI_TOT_INS.153505,38073273150892.0
1769975100.8112564,nrm.extra.perf.PAPI_TOT_CYC.153505,64459989261601.0
1769975100.8112564,nrm.extra.perf.PAPI_RES_STL.153505,32063978640317.0
1769975100.8112564,nrm.extra.perf.PAPI_L3_TCM.153505,12065013910.0
1769975101.8130205,nrm.extra.perf.PAPI_L3_TCA.153505,117774152291.0
1769975101.8130205,nrm.extra.perf.PAPI_TOT_INS.153505,38219873090984.0
1769975101.8130205,nrm.extra.perf.PAPI_TOT_CYC.153505,64708666198051.0
1769975101.8130205,nrm.extra.perf.PAPI_RES_STL.153505,32187839243037.0
1769975101.8130205,nrm.extra.perf.PAPI_L3_TCM.153505,12112306491.0
1769975102.81107,nrm.extra.perf.PAPI_L3_TCA.153505,118223497301.0
1769975102.81107,nrm.extra.perf.PAPI_TOT_INS.153505,38365891676499.0
1769975102.81107,nrm.extra.perf.PAPI_TOT_CYC.153505,64956509492378.0
1769975102.81107,nrm.extra.perf.PAPI_RES_STL.153505,32310429903977.0
1769975102.81107,nrm.extra.perf.PAPI_L3_TCM.153505,12159079648.0
1769975103.814066,nrm.extra.perf.PAPI_L3_TCA.153505,118677194033.0
1769975103.814066,nrm.extra.perf.PAPI_TOT_INS.153505,38513129778877.0
1769975103.814066,nrm.extra.perf.PAPI_TOT_CYC.153505,65205416037482.0
1769975103.814066,nrm.extra.perf.PAPI_RES_STL.153505,32434592963475.0
1769975103.814066,nrm.extra.perf.PAPI_L3_TCM.153505,12205845625.0
1769975104.8110135,nrm.extra.perf.PAPI_L3_TCA.153505,119128341840.0
1769975104.8110135,nrm.extra.perf.PAPI_TOT_INS.153505,38659453300448.0
1769975104.8110135,nrm.extra.perf.PAPI_TOT_CYC.153505,65452838355056.0
1769975104.8110135,nrm.extra.perf.PAPI_RES_STL.153505,32558026520715.0
1769975104.8110135,nrm.extra.perf.PAPI_L3_TCM.153505,12252406420.0
1769975105.814048,nrm.extra.perf.PAPI_L3_TCA.153505,119581383904.0
1769975105.814048,nrm.extra.perf.PAPI_TOT_INS.153505,38806308187994.0
1769975105.814048,nrm.extra.perf.PAPI_TOT_CYC.153505,65701619225080.0
1769975105.814048,nrm.extra.perf.PAPI_RES_STL.153505,32681802063556.0
1769975105.814048,nrm.extra.perf.PAPI_L3_TCM.153505,12299196342.0
1769975106.8110583,nrm.extra.perf.PAPI_L3_TCA.153505,120033536432.0
1769975106.8110583,nrm.extra.perf.PAPI_TOT_INS.153505,38953022117052.0
1769975106.8110583,nrm.extra.perf.PAPI_TOT_CYC.153505,65948948892313.0
1769975106.8110583,nrm.extra.perf.PAPI_RES_STL.153505,32805176646443.0
1769975106.8110583,nrm.extra.perf.PAPI_L3_TCM.153505,12345641559.0
1769975107.816014,nrm.extra.perf.PAPI_L3_TCA.153505,120487775959.0
1769975107.816014,nrm.extra.perf.PAPI_TOT_INS.153505,39100445461977.0
1769975107.816014,nrm.extra.perf.PAPI_TOT_CYC.153505,66198318146943.0
1769975107.816014,nrm.extra.perf.PAPI_RES_STL.153505,32929575432551.0
1769975107.816014,nrm.extra.perf.PAPI_L3_TCM.153505,12392070382.0
1769975108.8110778,nrm.extra.perf.PAPI_L3_TCA.153505,120933059286.0
1769975108.8110778,nrm.extra.perf.PAPI_TOT_INS.153505,39245324260932.0
1769975108.8110778,nrm.extra.perf.PAPI_TOT_CYC.153505,66445271094458.0
1769975108.8110778,nrm.extra.perf.PAPI_RES_STL.153505,33051117547947.0
1769975108.8110778,nrm.extra.perf.PAPI_L3_TCM.153505,12437908189.0
1769975109.811097,nrm.extra.perf.PAPI_L3_TCA.153505,121381443234.0
1769975109.811097,nrm.extra.perf.PAPI_TOT_INS.153505,39391070792087.0
1769975109.811097,nrm.extra.perf.PAPI_TOT_CYC.153505,66693568532017.0
1769975109.811097,nrm.extra.perf.PAPI_RES_STL.153505,33173635666589.0
1769975109.811097,nrm.extra.perf.PAPI_L3_TCM.153505,12484071139.0
1769975110.8150153,nrm.extra.perf.PAPI_L3_TCA.153505,121834974685.0
1769975110.8150153,nrm.extra.perf.PAPI_TOT_INS.153505,39538112618877.0
1769975110.8150153,nrm.extra.perf.PAPI_TOT_CYC.153505,66942691867231.0
1769975110.8150153,nrm.extra.perf.PAPI_RES_STL.153505,33297636471439.0
1769975110.8150153,nrm.extra.perf.PAPI_L3_TCM.153505,12530756377.0
1769975111.8110523,nrm.extra.perf.PAPI_L3_TCA.153505,122283162093.0
1769975111.8110523,nrm.extra.perf.PAPI_TOT_INS.153505,39683775208412.0
1769975111.8110523,nrm.extra.perf.PAPI_TOT_CYC.153505,67189956475449.0
1769975111.8110523,nrm.extra.perf.PAPI_RES_STL.153505,33420042405909.0
1769975111.8110523,nrm.extra.perf.PAPI_L3_TCM.153505,12576814568.0
1769975112.8130789,nrm.extra.perf.PAPI_L3_TCA.153505,122736629180.0
1769975112.8130789,nrm.extra.perf.PAPI_TOT_INS.153505,39830962333389.0
1769975112.8130789,nrm.extra.perf.PAPI_TOT_CYC.153505,67438763530925.0
1769975112.8130789,nrm.extra.perf.PAPI_RES_STL.153505,33543941476937.0
1769975112.8130789,nrm.extra.perf.PAPI_L3_TCM.153505,12623383760.0
1769975113.8111057,nrm.extra.perf.PAPI_L3_TCA.153505,123186782801.0
1769975113.8111057,nrm.extra.perf.PAPI_TOT_INS.153505,39977149450075.0
1769975113.8111057,nrm.extra.perf.PAPI_TOT_CYC.153505,67686429871929.0
1769975113.8111057,nrm.extra.perf.PAPI_RES_STL.153505,33666974743475.0
1769975113.8111057,nrm.extra.perf.PAPI_L3_TCM.153505,12669601908.0
1769975114.814016,nrm.extra.perf.PAPI_L3_TCA.153505,123633925799.0
1769975114.814016,nrm.extra.perf.PAPI_TOT_INS.153505,40122339906575.0
1769975114.814016,nrm.extra.perf.PAPI_TOT_CYC.153505,67932853867860.0
1769975114.814016,nrm.extra.perf.PAPI_RES_STL.153505,33789235295795.0
1769975114.814016,nrm.extra.perf.PAPI_L3_TCM.153505,12715919242.0
1769975115.811032,nrm.extra.perf.PAPI_L3_TCA.153505,124085452107.0
1769975115.811032,nrm.extra.perf.PAPI_TOT_INS.153505,40268652537780.0
1769975115.811032,nrm.extra.perf.PAPI_TOT_CYC.153505,68180250790490.0
1769975115.811032,nrm.extra.perf.PAPI_RES_STL.153505,33912384206821.0
1769975115.811032,nrm.extra.perf.PAPI_L3_TCM.153505,12762383097.0
1769975116.815039,nrm.extra.perf.PAPI_L3_TCA.153505,124539691570.0
1769975116.815039,nrm.extra.perf.PAPI_TOT_INS.153505,40416015342840.0
1769975116.815039,nrm.extra.perf.PAPI_TOT_CYC.153505,68429408335606.0
1769975116.815039,nrm.extra.perf.PAPI_RES_STL.153505,34036696236383.0
1769975116.815039,nrm.extra.perf.PAPI_L3_TCM.153505,12809323873.0
1769975117.8110497,nrm.extra.perf.PAPI_L3_TCA.153505,124989850830.0
1769975117.8110497,nrm.extra.perf.PAPI_TOT_INS.153505,40562116681922.0
1769975117.8110497,nrm.extra.perf.PAPI_TOT_CYC.153505,68676628178235.0
1769975117.8110497,nrm.extra.perf.PAPI_RES_STL.153505,34159678872830.0
1769975117.8110497,nrm.extra.perf.PAPI_L3_TCM.153505,12855722741.0
1769975118.815063,nrm.extra.perf.PAPI_L3_TCA.153505,125445551497.0
1769975118.815063,nrm.extra.perf.PAPI_TOT_INS.153505,40709960457526.0
1769975118.815063,nrm.extra.perf.PAPI_TOT_CYC.153505,68925841382213.0
1769975118.815063,nrm.extra.perf.PAPI_RES_STL.153505,34284034472338.0
1769975118.815063,nrm.extra.perf.PAPI_L3_TCM.153505,12902662645.0
1769975119.8106852,nrm.extra.perf.PAPI_L3_TCA.153505,125894364553.0
1769975119.8106852,nrm.extra.perf.PAPI_TOT_INS.153505,40855767523712.0
1769975119.8106852,nrm.extra.perf.PAPI_TOT_CYC.153505,69173010163604.0
1769975119.8106852,nrm.extra.perf.PAPI_RES_STL.153505,34406662281081.0
1769975119.8106852,nrm.extra.perf.PAPI_L3_TCM.153505,12948773098.0
1769975120.8110423,nrm.extra.perf.PAPI_L3_TCA.153505,126347548405.0
1769975120.8110423,nrm.extra.perf.PAPI_TOT_INS.153505,41002520594106.0
1769975120.8110423,nrm.extra.perf.PAPI_TOT_CYC.153505,69421418372014.0
1769975120.8110423,nrm.extra.perf.PAPI_RES_STL.153505,34530610928231.0
1769975120.8110423,nrm.extra.perf.PAPI_L3_TCM.153505,12995767417.0
1769975121.8110573,nrm.extra.perf.PAPI_L3_TCA.153505,126800340156.0
1769975121.8110573,nrm.extra.perf.PAPI_TOT_INS.153505,41149366638182.0
1769975121.8110573,nrm.extra.perf.PAPI_TOT_CYC.153505,69669548569289.0
1769975121.8110573,nrm.extra.perf.PAPI_RES_STL.153505,34654389062066.0
1769975121.8110573,nrm.extra.perf.PAPI_L3_TCM.153505,13042192904.0
1769975122.811086,nrm.extra.perf.PAPI_L3_TCA.153505,127252803247.0
1769975122.811086,nrm.extra.perf.PAPI_TOT_INS.153505,41296250074467.0
1769975122.811086,nrm.extra.perf.PAPI_TOT_CYC.153505,69917904981593.0
1769975122.811086,nrm.extra.perf.PAPI_RES_STL.153505,34777832283997.0
1769975122.811086,nrm.extra.perf.PAPI_L3_TCM.153505,13088670784.0
1769975123.8109007,nrm.extra.perf.PAPI_L3_TCA.153505,127704928140.0
1769975123.8109007,nrm.extra.perf.PAPI_TOT_INS.153505,41443017428185.0
1769975123.8109007,nrm.extra.perf.PAPI_TOT_CYC.153505,70165955468367.0
1769975123.8109007,nrm.extra.perf.PAPI_RES_STL.153505,34901385341508.0
1769975123.8109007,nrm.extra.perf.PAPI_L3_TCM.153505,13134744954.0
1769975124.814044,nrm.extra.perf.PAPI_L3_TCA.153505,128157445279.0
1769975124.814044,nrm.extra.perf.PAPI_TOT_INS.153505,41589637990686.0
1769975124.814044,nrm.extra.perf.PAPI_TOT_CYC.153505,70415158014396.0
1769975124.814044,nrm.extra.perf.PAPI_RES_STL.153505,35025191783594.0
1769975124.814044,nrm.extra.perf.PAPI_L3_TCM.153505,13181472442.0
1769975125.8110318,nrm.extra.perf.PAPI_L3_TCA.153505,128607425006.0
1769975125.8110318,nrm.extra.perf.PAPI_TOT_INS.153505,41735713371349.0
1769975125.8110318,nrm.extra.perf.PAPI_TOT_CYC.153505,70662530648869.0
1769975125.8110318,nrm.extra.perf.PAPI_RES_STL.153505,35148018159685.0
1769975125.8110318,nrm.extra.perf.PAPI_L3_TCM.153505,13227463959.0
1769975126.8130307,nrm.extra.perf.PAPI_L3_TCA.153505,128990792895.0
1769975126.8130307,nrm.extra.perf.PAPI_TOT_INS.153505,41862904561271.0
1769975126.8130307,nrm.extra.perf.PAPI_TOT_CYC.153505,70891440686342.0
1769975126.8130307,nrm.extra.perf.PAPI_RES_STL.153505,35253345355131.0
1769975126.8130307,nrm.extra.perf.PAPI_L3_TCM.153505,13266773801.0
1769975127.811933,nrm.extra.perf.PAPI_L3_TCA.153505,129411704145.0
1769975127.811933,nrm.extra.perf.PAPI_TOT_INS.153505,42000469002907.0
1769975127.811933,nrm.extra.perf.PAPI_TOT_CYC.153505,71128626539077.0
1769975127.811933,nrm.extra.perf.PAPI_RES_STL.153505,35368514350595.0
1769975127.811933,nrm.extra.perf.PAPI_L3_TCM.153505,13309752992.0
1769975128.8110535,nrm.extra.perf.PAPI_L3_TCA.153505,129813734851.0
1769975128.8110535,nrm.extra.perf.PAPI_TOT_INS.153505,42132884560000.0
1769975128.8110535,nrm.extra.perf.PAPI_TOT_CYC.153505,71363634771597.0
1769975128.8110535,nrm.extra.perf.PAPI_RES_STL.153505,35478736398828.0
1769975128.8110535,nrm.extra.perf.PAPI_L3_TCM.153505,13351326711.0
1769975129.8141057,nrm.extra.perf.PAPI_L3_TCA.153505,130254000447.0
1769975129.8141057,nrm.extra.perf.PAPI_TOT_INS.153505,42275977256634.0
1769975129.8141057,nrm.extra.perf.PAPI_TOT_CYC.153505,71607018464870.0
1769975129.8141057,nrm.extra.perf.PAPI_RES_STL.153505,35599013091744.0
1769975129.8141057,nrm.extra.perf.PAPI_L3_TCM.153505,13396585111.0
1769975130.8110917,nrm.extra.perf.PAPI_L3_TCA.153505,130705273995.0
1769975130.8110917,nrm.extra.perf.PAPI_TOT_INS.153505,42422249137762.0
1769975130.8110917,nrm.extra.perf.PAPI_TOT_CYC.153505,71854223365939.0
1769975130.8110917,nrm.extra.perf.PAPI_RES_STL.153505,35722306485501.0
1769975130.8110917,nrm.extra.perf.PAPI_L3_TCM.153505,13442747772.0
1769975131.813052,nrm.extra.perf.PAPI_L3_TCA.153505,131158327887.0
1769975131.813052,nrm.extra.perf.PAPI_TOT_INS.153505,42569101217542.0
1769975131.813052,nrm.extra.perf.PAPI_TOT_CYC.153505,72102833179137.0
1769975131.813052,nrm.extra.perf.PAPI_RES_STL.153505,35845948455544.0
1769975131.813052,nrm.extra.perf.PAPI_L3_TCM.153505,13489140776.0
1769975132.8111293,nrm.extra.perf.PAPI_L3_TCA.153505,131599068854.0
1769975132.8111293,nrm.extra.perf.PAPI_TOT_INS.153505,42712632864402.0
1769975132.8111293,nrm.extra.perf.PAPI_TOT_CYC.153505,72348888392392.0
1769975132.8111293,nrm.extra.perf.PAPI_RES_STL.153505,35966253364471.0
1769975132.8111293,nrm.extra.perf.PAPI_L3_TCM.153505,13534210695.0
1769975133.8151164,nrm.extra.perf.PAPI_L3_TCA.153505,132053803300.0
1769975133.8151164,nrm.extra.perf.PAPI_TOT_INS.153505,42860071678335.0
1769975133.8151164,nrm.extra.perf.PAPI_TOT_CYC.153505,72598124262376.0
1769975133.8151164,nrm.extra.perf.PAPI_RES_STL.153505,36090769282255.0
1769975133.8151164,nrm.extra.perf.PAPI_L3_TCM.153505,13580970309.0
1769975134.8110604,nrm.extra.perf.PAPI_L3_TCA.153505,132504732445.0
1769975134.8110604,nrm.extra.perf.PAPI_TOT_INS.153505,43006265234363.0
1769975134.8110604,nrm.extra.perf.PAPI_TOT_CYC.153505,72845345735855.0
1769975134.8110604,nrm.extra.perf.PAPI_RES_STL.153505,36213951652866.0
1769975134.8110604,nrm.extra.perf.PAPI_L3_TCM.153505,13627233949.0
1769975135.8150873,nrm.extra.perf.PAPI_L3_TCA.153505,132958806095.0
1769975135.8150873,nrm.extra.perf.PAPI_TOT_INS.153505,43153633227361.0
1769975135.8150873,nrm.extra.perf.PAPI_TOT_CYC.153505,73094409890423.0
1769975135.8150873,nrm.extra.perf.PAPI_RES_STL.153505,36337886040511.0
1769975135.8150873,nrm.extra.perf.PAPI_L3_TCM.153505,13673622381.0
1769975136.8111436,nrm.extra.perf.PAPI_L3_TCA.153505,133410207310.0
1769975136.8111436,nrm.extra.perf.PAPI_TOT_INS.153505,43299830317389.0
1769975136.8111436,nrm.extra.perf.PAPI_TOT_CYC.153505,73341562915671.0
1769975136.8111436,nrm.extra.perf.PAPI_RES_STL.153505,36460819785504.0
1769975136.8111436,nrm.extra.perf.PAPI_L3_TCM.153505,13719686758.0
1769975137.8110397,nrm.extra.perf.PAPI_L3_TCA.153505,133862419359.0
1769975137.8110397,nrm.extra.perf.PAPI_TOT_INS.153505,43446551248649.0
1769975137.8110397,nrm.extra.perf.PAPI_TOT_CYC.153505,73589979234537.0
1769975137.8110397,nrm.extra.perf.PAPI_RES_STL.153505,36584644958659.0
1769975137.8110397,nrm.extra.perf.PAPI_L3_TCM.153505,13766226556.0
1769975138.8151703,nrm.extra.perf.PAPI_L3_TCA.153505,134312759467.0
1769975138.8151703,nrm.extra.perf.PAPI_TOT_INS.153505,43592894311290.0
1769975138.8151703,nrm.extra.perf.PAPI_TOT_CYC.153505,73839528834184.0
1769975138.8151703,nrm.extra.perf.PAPI_RES_STL.153505,36707689616522.0
1769975138.8151703,nrm.extra.perf.PAPI_L3_TCM.153505,13812373863.0
1769975139.812088,nrm.extra.perf.PAPI_L3_TCA.153505,134762447170.0
1769975139.812088,nrm.extra.perf.PAPI_TOT_INS.153505,43738900837493.0
1769975139.812088,nrm.extra.perf.PAPI_TOT_CYC.153505,74086991526258.0
1769975139.812088,nrm.extra.perf.PAPI_RES_STL.153505,36830376110459.0
1769975139.812088,nrm.extra.perf.PAPI_L3_TCM.153505,13858336408.0
1769975140.811086,nrm.extra.perf.PAPI_L3_TCA.153505,135214103603.0
1769975140.811086,nrm.extra.perf.PAPI_TOT_INS.153505,43885429706705.0
1769975140.811086,nrm.extra.perf.PAPI_TOT_CYC.153505,74334948886389.0
1769975140.811086,nrm.extra.perf.PAPI_RES_STL.153505,36953839278877.0
1769975140.811086,nrm.extra.perf.PAPI_L3_TCM.153505,13904614329.0
1769975141.8110723,nrm.extra.perf.PAPI_L3_TCA.153505,135663268211.0
1769975141.8110723,nrm.extra.perf.PAPI_TOT_INS.153505,44031382145955.0
1769975141.8110723,nrm.extra.perf.PAPI_TOT_CYC.153505,74583116966445.0
1769975141.8110723,nrm.extra.perf.PAPI_RES_STL.153505,37076349855854.0
1769975141.8110723,nrm.extra.perf.PAPI_L3_TCM.153505,13950353879.0
1769975142.8120894,nrm.extra.perf.PAPI_L3_TCA.153505,136116022117.0
1769975142.8120894,nrm.extra.perf.PAPI_TOT_INS.153505,44178140907152.0
1769975142.8120894,nrm.extra.perf.PAPI_TOT_CYC.153505,74831626438002.0
1769975142.8120894,nrm.extra.perf.PAPI_RES_STL.153505,37199857543840.0
1769975142.8120894,nrm.extra.perf.PAPI_L3_TCM.153505,13996994454.0
1769975143.814067,nrm.extra.perf.PAPI_L3_TCA.153505,136568717029.0
1769975143.814067,nrm.extra.perf.PAPI_TOT_INS.153505,44325030128837.0
1769975143.814067,nrm.extra.perf.PAPI_TOT_CYC.153505,75080236943210.0
1769975143.814067,nrm.extra.perf.PAPI_RES_STL.153505,37323619551518.0
1769975143.814067,nrm.extra.perf.PAPI_L3_TCM.153505,14043258105.0
1769975144.8110397,nrm.extra.perf.PAPI_L3_TCA.153505,137020132087.0
1769975144.8110397,nrm.extra.perf.PAPI_TOT_INS.153505,44471447993812.0
1769975144.8110397,nrm.extra.perf.PAPI_TOT_CYC.153505,75327668506587.0
1769975144.8110397,nrm.extra.perf.PAPI_RES_STL.153505,37446809530290.0
1769975144.8110397,nrm.extra.perf.PAPI_L3_TCM.153505,14089418626.0
1769975145.8140752,nrm.extra.perf.PAPI_L3_TCA.153505,137473900384.0
1769975145.8140752,nrm.extra.perf.PAPI_TOT_INS.153505,44618633841092.0
1769975145.8140752,nrm.extra.perf.PAPI_TOT_CYC.153505,75576570713151.0
1769975145.8140752,nrm.extra.perf.PAPI_RES_STL.153505,37570760072003.0
1769975145.8140752,nrm.extra.perf.PAPI_L3_TCM.153505,14135728091.0
1769975146.8151493,nrm.extra.perf.PAPI_L3_TCA.153505,137927112965.0
1769975146.8151493,nrm.extra.perf.PAPI_TOT_INS.153505,44765461012672.0
1769975146.8151493,nrm.extra.perf.PAPI_TOT_CYC.153505,75825008948825.0
1769975146.8151493,nrm.extra.perf.PAPI_RES_STL.153505,37694515757461.0
1769975146.8151493,nrm.extra.perf.PAPI_L3_TCM.153505,14182352378.0
1769975147.8110228,nrm.extra.perf.PAPI_L3_TCA.153505,138375874187.0
1769975147.8110228,nrm.extra.perf.PAPI_TOT_INS.153505,44911120420725.0
1769975147.8110228,nrm.extra.perf.PAPI_TOT_CYC.153505,76072226615322.0
1769975147.8110228,nrm.extra.perf.PAPI_RES_STL.153505,37817315058166.0
1769975147.8110228,nrm.extra.perf.PAPI_L3_TCM.153505,14228273932.0
1769975148.811033,nrm.extra.perf.PAPI_L3_TCA.153505,138828585678.0
1769975148.811033,nrm.extra.perf.PAPI_TOT_INS.153505,45057968609545.0
1769975148.811033,nrm.extra.perf.PAPI_TOT_CYC.153505,76320246376043.0
1769975148.811033,nrm.extra.perf.PAPI_RES_STL.153505,37940887040787.0
1769975148.811033,nrm.extra.perf.PAPI_L3_TCM.153505,14274464792.0
1769975149.8160565,nrm.extra.perf.PAPI_L3_TCA.153505,139277080118.0
1769975149.8160565,nrm.extra.perf.PAPI_TOT_INS.153505,45203884974542.0
1769975149.8160565,nrm.extra.perf.PAPI_TOT_CYC.153505,76569683130010.0
1769975149.8160565,nrm.extra.perf.PAPI_RES_STL.153505,38063462388786.0
1769975149.8160565,nrm.extra.perf.PAPI_L3_TCM.153505,14320357331.0
1769975150.811048,nrm.extra.perf.PAPI_L3_TCA.153505,139728048494.0
1769975150.811048,nrm.extra.perf.PAPI_TOT_INS.153505,45350066405637.0
1769975150.811048,nrm.extra.perf.PAPI_TOT_CYC.153505,76816589484008.0
1769975150.811048,nrm.extra.perf.PAPI_RES_STL.153505,38186588992852.0
1769975150.811048,nrm.extra.perf.PAPI_L3_TCM.153505,14366680787.0
1769975151.811033,nrm.extra.perf.PAPI_L3_TCA.153505,140179143700.0
1769975151.811033,nrm.extra.perf.PAPI_TOT_INS.153505,45496378274139.0
1769975151.811033,nrm.extra.perf.PAPI_TOT_CYC.153505,77064813997953.0
1769975151.811033,nrm.extra.perf.PAPI_RES_STL.153505,38309620102371.0
1769975151.811033,nrm.extra.perf.PAPI_L3_TCM.153505,14413033818.0
1769975152.814066,nrm.extra.perf.PAPI_L3_TCA.153505,140631139415.0
1769975152.814066,nrm.extra.perf.PAPI_TOT_INS.153505,45643031682448.0
1769975152.814066,nrm.extra.perf.PAPI_TOT_CYC.153505,77313457460763.0
1769975152.814066,nrm.extra.perf.PAPI_RES_STL.153505,38433381523882.0
1769975152.814066,nrm.extra.perf.PAPI_L3_TCM.153505,14459458295.0
1769975153.8110514,nrm.extra.perf.PAPI_L3_TCA.153505,141082882773.0
1769975153.8110514,nrm.extra.perf.PAPI_TOT_INS.153505,45789513601487.0
1769975153.8110514,nrm.extra.perf.PAPI_TOT_CYC.153505,77560739490371.0
1769975153.8110514,nrm.extra.perf.PAPI_RES_STL.153505,38556556992728.0
1769975153.8110514,nrm.extra.perf.PAPI_L3_TCM.153505,14505710621.0
1769975154.8110776,nrm.extra.perf.PAPI_L3_TCA.153505,141533991520.0
1769975154.8110776,nrm.extra.perf.PAPI_TOT_INS.153505,45935917619014.0
1769975154.8110776,nrm.extra.perf.PAPI_TOT_CYC.153505,77808790968142.0
1769975154.8110776,nrm.extra.perf.PAPI_RES_STL.153505,38679768869971.0
1769975154.8110776,nrm.extra.perf.PAPI_L3_TCM.153505,14552152275.0
1769975155.810713,nrm.extra.perf.PAPI_L3_TCA.153505,141986014754.0
1769975155.810713,nrm.extra.perf.PAPI_TOT_INS.153505,46082641527617.0
1769975155.810713,nrm.extra.perf.PAPI_TOT_CYC.153505,78056871366119.0
1769975155.810713,nrm.extra.perf.PAPI_RES_STL.153505,38803228648831.0
1769975155.810713,nrm.extra.perf.PAPI_L3_TCM.153505,14598283374.0
1769975156.8130498,nrm.extra.perf.PAPI_L3_TCA.153505,142439034675.0
1769975156.8130498,nrm.extra.perf.PAPI_TOT_INS.153505,46229318404404.0
1769975156.8130498,nrm.extra.perf.PAPI_TOT_CYC.153505,78305557521471.0
1769975156.8130498,nrm.extra.perf.PAPI_RES_STL.153505,38927139524902.0
1769975156.8130498,nrm.extra.perf.PAPI_L3_TCM.153505,14645034055.0
1769975157.811062,nrm.extra.perf.PAPI_L3_TCA.153505,142891853166.0
1769975157.811062,nrm.extra.perf.PAPI_TOT_INS.153505,46376138704537.0
1769975157.811062,nrm.extra.perf.PAPI_TOT_CYC.153505,78553294222786.0
1769975157.811062,nrm.extra.perf.PAPI_RES_STL.153505,39050701325247.0
1769975157.811062,nrm.extra.perf.PAPI_L3_TCM.153505,14691302376.0
1769975158.813072,nrm.extra.perf.PAPI_L3_TCA.153505,143345553790.0
1769975158.813072,nrm.extra.perf.PAPI_TOT_INS.153505,46523313600462.0
1769975158.813072,nrm.extra.perf.PAPI_TOT_CYC.153505,78801922005022.0
1769975158.813072,nrm.extra.perf.PAPI_RES_STL.153505,39174754369895.0
1769975158.813072,nrm.extra.perf.PAPI_L3_TCM.153505,14737442612.0
1769975159.8110688,nrm.extra.perf.PAPI_L3_TCA.153505,143777953962.0
1769975159.8110688,nrm.extra.perf.PAPI_TOT_INS.153505,46664536155876.0
1769975159.8110688,nrm.extra.perf.PAPI_TOT_CYC.153505,79046493941497.0
1769975159.8110688,nrm.extra.perf.PAPI_RES_STL.153505,39292989938897.0
1769975159.8110688,nrm.extra.perf.PAPI_L3_TCM.153505,14782507288.0
1769975160.8110886,nrm.extra.perf.PAPI_L3_TCA.153505,144231517564.0
1769975160.8110886,nrm.extra.perf.PAPI_TOT_INS.153505,46811592271255.0
1769975160.8110886,nrm.extra.perf.PAPI_TOT_CYC.153505,79294715809087.0
1769975160.8110886,nrm.extra.perf.PAPI_RES_STL.153505,39416907293538.0
1769975160.8110886,nrm.extra.perf.PAPI_L3_TCM.153505,14829567302.0
1769975161.8108249,nrm.extra.perf.PAPI_L3_TCA.153505,144685072036.0
1769975161.8108249,nrm.extra.perf.PAPI_TOT_INS.153505,46958747568949.0
1769975161.8108249,nrm.extra.perf.PAPI_TOT_CYC.153505,79542920043227.0
1769975161.8108249,nrm.extra.perf.PAPI_RES_STL.153505,39540622640979.0
1769975161.8108249,nrm.extra.perf.PAPI_L3_TCM.153505,14876521996.0
1769975162.812084,nrm.extra.perf.PAPI_L3_TCA.153505,145138907820.0
1769975162.812084,nrm.extra.perf.PAPI_TOT_INS.153505,47105663688193.0
1769975162.812084,nrm.extra.perf.PAPI_TOT_CYC.153505,79791662156187.0
1769975162.812084,nrm.extra.perf.PAPI_RES_STL.153505,39664591049661.0
1769975162.812084,nrm.extra.perf.PAPI_L3_TCM.153505,14924007377.0
1769975163.8140213,nrm.extra.perf.PAPI_L3_TCA.153505,145593924519.0
1769975163.8140213,nrm.extra.perf.PAPI_TOT_INS.153505,47253137457921.0
1769975163.8140213,nrm.extra.perf.PAPI_TOT_CYC.153505,80040491771035.0
1769975163.8140213,nrm.extra.perf.PAPI_RES_STL.153505,39788727375233.0
1769975163.8140213,nrm.extra.perf.PAPI_L3_TCM.153505,14970908541.0
1769975164.8110833,nrm.extra.perf.PAPI_L3_TCA.153505,146040296498.0
1769975164.8110833,nrm.extra.perf.PAPI_TOT_INS.153505,47398183708114.0
1769975164.8110833,nrm.extra.perf.PAPI_TOT_CYC.153505,80287367725610.0
1769975164.8110833,nrm.extra.perf.PAPI_RES_STL.153505,39910740389058.0
1769975164.8110833,nrm.extra.perf.PAPI_L3_TCM.153505,15016559529.0
1769975165.8140242,nrm.extra.perf.PAPI_L3_TCA.153505,146486352417.0
1769975165.8140242,nrm.extra.perf.PAPI_TOT_INS.153505,47543019823810.0
1769975165.8140242,nrm.extra.perf.PAPI_TOT_CYC.153505,80533830514695.0
1769975165.8140242,nrm.extra.perf.PAPI_RES_STL.153505,40032647944807.0
1769975165.8140242,nrm.extra.perf.PAPI_L3_TCM.153505,15062063386.0
1769975166.8110547,nrm.extra.perf.PAPI_L3_TCA.153505,146935190913.0
1769975166.8110547,nrm.extra.perf.PAPI_TOT_INS.153505,47688749955825.0
1769975166.8110547,nrm.extra.perf.PAPI_TOT_CYC.153505,80780847214889.0
1769975166.8110547,nrm.extra.perf.PAPI_RES_STL.153505,40155154607873.0
1769975166.8110547,nrm.extra.perf.PAPI_L3_TCM.153505,15107977137.0
1769975167.8106198,nrm.extra.perf.PAPI_L3_TCA.153505,147385286918.0
1769975167.8106198,nrm.extra.perf.PAPI_TOT_INS.153505,47834923728803.0
1769975167.8106198,nrm.extra.perf.PAPI_TOT_CYC.153505,81028609420037.0
1769975167.8106198,nrm.extra.perf.PAPI_RES_STL.153505,40277949629787.0
1769975167.8106198,nrm.extra.perf.PAPI_L3_TCM.153505,15153581765.0
1769975168.813137,nrm.extra.perf.PAPI_L3_TCA.153505,147836733298.0
1769975168.813137,nrm.extra.perf.PAPI_TOT_INS.153505,47981248840176.0
1769975168.813137,nrm.extra.perf.PAPI_TOT_CYC.153505,81277150376836.0
1769975168.813137,nrm.extra.perf.PAPI_RES_STL.153505,40401210147501.0
1769975168.813137,nrm.extra.perf.PAPI_L3_TCM.153505,15199913165.0
1769975169.8110456,nrm.extra.perf.PAPI_L3_TCA.153505,148280950380.0
1769975169.8110456,nrm.extra.perf.PAPI_TOT_INS.153505,48125463156465.0
1769975169.8110456,nrm.extra.perf.PAPI_TOT_CYC.153505,81521869098893.0
1769975169.8110456,nrm.extra.perf.PAPI_RES_STL.153505,40522600716826.0
1769975169.8110456,nrm.extra.perf.PAPI_L3_TCM.153505,15245467739.0
1769975170.8140323,nrm.extra.perf.PAPI_L3_TCA.153505,148734907939.0
1769975170.8140323,nrm.extra.perf.PAPI_TOT_INS.153505,48272630747336.0
1769975170.8140323,nrm.extra.perf.PAPI_TOT_CYC.153505,81770685803585.0
1769975170.8140323,nrm.extra.perf.PAPI_RES_STL.153505,40646596288373.0
1769975170.8140323,nrm.extra.perf.PAPI_L3_TCM.153505,15291942483.0
1769975171.8110526,nrm.extra.perf.PAPI_L3_TCA.153505,149186140535.0
1769975171.8110526,nrm.extra.perf.PAPI_TOT_INS.153505,48418921444781.0
1769975171.8110526,nrm.extra.perf.PAPI_TOT_CYC.153505,82018080460020.0
1769975171.8110526,nrm.extra.perf.PAPI_RES_STL.153505,40769995703239.0
1769975171.8110526,nrm.extra.perf.PAPI_L3_TCM.153505,15338020077.0
1769975172.8120384,nrm.extra.perf.PAPI_L3_TCA.153505,149639344787.0
1769975172.8120384,nrm.extra.perf.PAPI_TOT_INS.153505,48565957710034.0
1769975172.8120384,nrm.extra.perf.PAPI_TOT_CYC.153505,82266458690030.0
1769975172.8120384,nrm.extra.perf.PAPI_RES_STL.153505,40893684616701.0
1769975172.8120384,nrm.extra.perf.PAPI_L3_TCM.153505,15384034813.0
1769975173.8140247,nrm.extra.perf.PAPI_L3_TCA.153505,150090111122.0
1769975173.8140247,nrm.extra.perf.PAPI_TOT_INS.153505,48712148555463.0
1769975173.8140247,nrm.extra.perf.PAPI_TOT_CYC.153505,82515020072942.0
1769975173.8140247,nrm.extra.perf.PAPI_RES_STL.153505,41016933658004.0
1769975173.8140247,nrm.extra.perf.PAPI_L3_TCM.153505,15430274883.0
1769975174.8110929,nrm.extra.perf.PAPI_L3_TCA.153505,150534685575.0
1769975174.8110929,nrm.extra.perf.PAPI_TOT_INS.153505,48856684523318.0
1769975174.8110929,nrm.extra.perf.PAPI_TOT_CYC.153505,82761022061909.0
1769975174.8110929,nrm.extra.perf.PAPI_RES_STL.153505,41138352525148.0
1769975174.8110929,nrm.extra.perf.PAPI_L3_TCM.153505,15475950325.0
1769975175.8151443,nrm.extra.perf.PAPI_L3_TCA.153505,150987056868.0
1769975175.8151443,nrm.extra.perf.PAPI_TOT_INS.153505,49003553561465.0
1769975175.8151443,nrm.extra.perf.PAPI_TOT_CYC.153505,83010083666228.0
1769975175.8151443,nrm.extra.perf.PAPI_RES_STL.153505,41261690899318.0
1769975175.8151443,nrm.extra.perf.PAPI_L3_TCM.153505,15522555545.0
1769975176.8110874,nrm.extra.perf.PAPI_L3_TCA.153505,151435589179.0
1769975176.8110874,nrm.extra.perf.PAPI_TOT_INS.153505,49149065209206.0
1769975176.8110874,nrm.extra.perf.PAPI_TOT_CYC.153505,83256988337121.0
1769975176.8110874,nrm.extra.perf.PAPI_RES_STL.153505,41384379701105.0
1769975176.8110874,nrm.extra.perf.PAPI_L3_TCM.153505,15568367529.0
1769975177.8110535,nrm.extra.perf.PAPI_L3_TCA.153505,151884538714.0
1769975177.8110535,nrm.extra.perf.PAPI_TOT_INS.153505,49295010684645.0
1769975177.8110535,nrm.extra.perf.PAPI_TOT_CYC.153505,83504975245193.0
1769975177.8110535,nrm.extra.perf.PAPI_RES_STL.153505,41506765914983.0
1769975177.8110535,nrm.extra.perf.PAPI_L3_TCM.153505,15614229659.0
1769975178.81307,nrm.extra.perf.PAPI_L3_TCA.153505,152335425824.0
1769975178.81307,nrm.extra.perf.PAPI_TOT_INS.153505,49441360221507.0
1769975178.81307,nrm.extra.perf.PAPI_TOT_CYC.153505,83753200106889.0
1769975178.81307,nrm.extra.perf.PAPI_RES_STL.153505,41629939022147.0
1769975178.81307,nrm.extra.perf.PAPI_L3_TCM.153505,15660209262.0
1769975179.8140802,nrm.extra.perf.PAPI_L3_TCA.153505,152788302527.0
1769975179.8140802,nrm.extra.perf.PAPI_TOT_INS.153505,49588093185118.0
1769975179.8140802,nrm.extra.perf.PAPI_TOT_CYC.153505,84001588922740.0
1769975179.8140802,nrm.extra.perf.PAPI_RES_STL.153505,41753555245260.0
1769975179.8140802,nrm.extra.perf.PAPI_L3_TCM.153505,15706637172.0
1769975180.8110828,nrm.extra.perf.PAPI_L3_TCA.153505,153236859371.0
1769975180.8110828,nrm.extra.perf.PAPI_TOT_INS.153505,49733660819084.0
1769975180.8110828,nrm.extra.perf.PAPI_TOT_CYC.153505,84248871100544.0
1769975180.8110828,nrm.extra.perf.PAPI_RES_STL.153505,41876147085631.0
1769975180.8110828,nrm.extra.perf.PAPI_L3_TCM.153505,15752518441.0
1769975181.8130643,nrm.extra.perf.PAPI_L3_TCA.153505,153688581431.0
1769975181.8130643,nrm.extra.perf.PAPI_TOT_INS.153505,49880377560252.0
1769975181.8130643,nrm.extra.perf.PAPI_TOT_CYC.153505,84497340460146.0
1769975181.8130643,nrm.extra.perf.PAPI_RES_STL.153505,41999529033605.0
1769975181.8130643,nrm.extra.perf.PAPI_L3_TCM.153505,15798386280.0
1769975182.8120704,nrm.extra.perf.PAPI_L3_TCA.153505,154138074908.0
1769975182.8120704,nrm.extra.perf.PAPI_TOT_INS.153505,50026220241792.0
1769975182.8120704,nrm.extra.perf.PAPI_TOT_CYC.153505,84744908926803.0
1769975182.8120704,nrm.extra.perf.PAPI_RES_STL.153505,42122391151359.0
1769975182.8120704,nrm.extra.perf.PAPI_L3_TCM.153505,15844309892.0
1769975183.8150768,nrm.extra.perf.PAPI_L3_TCA.153505,154589475913.0
1769975183.8150768,nrm.extra.perf.PAPI_TOT_INS.153505,50172805344735.0
1769975183.8150768,nrm.extra.perf.PAPI_TOT_CYC.153505,84993364600729.0
1769975183.8150768,nrm.extra.perf.PAPI_RES_STL.153505,42245638577621.0
1769975183.8150768,nrm.extra.perf.PAPI_L3_TCM.153505,15890415573.0
1769975184.8110712,nrm.extra.perf.PAPI_L3_TCA.153505,155038122845.0
1769975184.8110712,nrm.extra.perf.PAPI_TOT_INS.153505,50318408875754.0
1769975184.8110712,nrm.extra.perf.PAPI_TOT_CYC.153505,85240052985036.0
1769975184.8110712,nrm.extra.perf.PAPI_RES_STL.153505,42368001091779.0
1769975184.8110712,nrm.extra.perf.PAPI_L3_TCM.153505,15936103635.0
1769975185.8110178,nrm.extra.perf.PAPI_L3_TCA.153505,155488829146.0
1769975185.8110178,nrm.extra.perf.PAPI_TOT_INS.153505,50464484466988.0
1769975185.8110178,nrm.extra.perf.PAPI_TOT_CYC.153505,85487952622132.0
1769975185.8110178,nrm.extra.perf.PAPI_RES_STL.153505,42491248981637.0
1769975185.8110178,nrm.extra.perf.PAPI_L3_TCM.153505,15982317591.0
1769975186.8140528,nrm.extra.perf.PAPI_L3_TCA.153505,155941868730.0
1769975186.8140528,nrm.extra.perf.PAPI_TOT_INS.153505,50611548960850.0
1769975186.8140528,nrm.extra.perf.PAPI_TOT_CYC.153505,85736808413975.0
1769975186.8140528,nrm.extra.perf.PAPI_RES_STL.153505,42614858075147.0
1769975186.8140528,nrm.extra.perf.PAPI_L3_TCM.153505,16028493165.0
1769975187.8110712,nrm.extra.perf.PAPI_L3_TCA.153505,156392395666.0
1769975187.8110712,nrm.extra.perf.PAPI_TOT_INS.153505,50757730281932.0
1769975187.8110712,nrm.extra.perf.PAPI_TOT_CYC.153505,85984230149771.0
1769975187.8110712,nrm.extra.perf.PAPI_RES_STL.153505,42737922651915.0
1769975187.8110712,nrm.extra.perf.PAPI_L3_TCM.153505,16074524311.0
1769975188.8115757,nrm.extra.perf.PAPI_L3_TCA.153505,156776338749.0
1769975188.8115757,nrm.extra.perf.PAPI_TOT_INS.153505,50885021955129.0
1769975188.8115757,nrm.extra.perf.PAPI_TOT_CYC.153505,86213550352298.0
1769975188.8115757,nrm.extra.perf.PAPI_RES_STL.153505,42843406180052.0
1769975188.8115757,nrm.extra.perf.PAPI_L3_TCM.153505,16113796178.0
1769975189.814088,nrm.extra.perf.PAPI_L3_TCA.153505,157217744892.0
1769975189.814088,nrm.extra.perf.PAPI_TOT_INS.153505,51028447356341.0
1769975189.814088,nrm.extra.perf.PAPI_TOT_CYC.153505,86456714722572.0
1769975189.814088,nrm.extra.perf.PAPI_RES_STL.153505,42964033858819.0
1769975189.814088,nrm.extra.perf.PAPI_L3_TCM.153505,16159015373.0
1769975190.811043,nrm.extra.perf.PAPI_L3_TCA.153505,157668154701.0
1769975190.811043,nrm.extra.perf.PAPI_TOT_INS.153505,51174575139077.0
1769975190.811043,nrm.extra.perf.PAPI_TOT_CYC.153505,86703793497116.0
1769975190.811043,nrm.extra.perf.PAPI_RES_STL.153505,43087119319014.0
1769975190.811043,nrm.extra.perf.PAPI_L3_TCM.153505,16205137609.0
1769975191.8120806,nrm.extra.perf.PAPI_L3_TCA.153505,158120304511.0
1769975191.8120806,nrm.extra.perf.PAPI_TOT_INS.153505,51321187156605.0
1769975191.8120806,nrm.extra.perf.PAPI_TOT_CYC.153505,86952014369413.0
1769975191.8120806,nrm.extra.perf.PAPI_RES_STL.153505,43210616263951.0
1769975191.8120806,nrm.extra.perf.PAPI_L3_TCM.153505,16251850875.0
1769975192.811055,nrm.extra.perf.PAPI_L3_TCA.153505,158572093226.0
1769975192.811055,nrm.extra.perf.PAPI_TOT_INS.153505,51467694437442.0
1769975192.811055,nrm.extra.perf.PAPI_TOT_CYC.153505,87199713773110.0
1769975192.811055,nrm.extra.perf.PAPI_RES_STL.153505,43334297904947.0
1769975192.811055,nrm.extra.perf.PAPI_L3_TCM.153505,16298091066.0
1769975193.8110855,nrm.extra.perf.PAPI_L3_TCA.153505,159023163496.0
1769975193.8110855,nrm.extra.perf.PAPI_TOT_INS.153505,51614126814159.0
1769975193.8110855,nrm.extra.perf.PAPI_TOT_CYC.153505,87447700590529.0
1769975193.8110855,nrm.extra.perf.PAPI_RES_STL.153505,43457586091875.0
1769975193.8110855,nrm.extra.perf.PAPI_L3_TCM.153505,16344341114.0
1769975194.811077,nrm.extra.perf.PAPI_L3_TCA.153505,159475502205.0
1769975194.811077,nrm.extra.perf.PAPI_TOT_INS.153505,51760879087290.0
1769975194.811077,nrm.extra.perf.PAPI_TOT_CYC.153505,87695606484620.0
1769975194.811077,nrm.extra.perf.PAPI_RES_STL.153505,43581091676318.0
1769975194.811077,nrm.extra.perf.PAPI_L3_TCM.153505,16390705041.0
1769975195.8110902,nrm.extra.perf.PAPI_L3_TCA.153505,159907255590.0
1769975195.8110902,nrm.extra.perf.PAPI_TOT_INS.153505,51901475721408.0
1769975195.8110902,nrm.extra.perf.PAPI_TOT_CYC.153505,87937028720949.0
1769975195.8110902,nrm.extra.perf.PAPI_RES_STL.153505,43699225415765.0
1769975195.8110902,nrm.extra.perf.PAPI_L3_TCM.153505,16435609991.0
1769975196.8110902,nrm.extra.perf.PAPI_L3_TCA.153505,160359140572.0
1769975196.8110902,nrm.extra.perf.PAPI_TOT_INS.153505,52048041654083.0
1769975196.8110902,nrm.extra.perf.PAPI_TOT_CYC.153505,88184867636687.0
1769975196.8110902,nrm.extra.perf.PAPI_RES_STL.153505,43822694320008.0
1769975196.8110902,nrm.extra.perf.PAPI_L3_TCM.153505,16482079441.0
1769975197.8106918,nrm.extra.perf.PAPI_L3_TCA.153505,160812380977.0
1769975197.8106918,nrm.extra.perf.PAPI_TOT_INS.153505,52195112971898.0
1769975197.8106918,nrm.extra.perf.PAPI_TOT_CYC.153505,88432973641637.0
1769975197.8106918,nrm.extra.perf.PAPI_RES_STL.153505,43946400147717.0
1769975197.8106918,nrm.extra.perf.PAPI_L3_TCM.153505,16528242027.0
1769975198.8110423,nrm.extra.perf.PAPI_L3_TCA.153505,161265756095.0
1769975198.8110423,nrm.extra.perf.PAPI_TOT_INS.153505,52341822737429.0
1769975198.8110423,nrm.extra.perf.PAPI_TOT_CYC.153505,88681015654613.0
1769975198.8110423,nrm.extra.perf.PAPI_RES_STL.153505,44070379043615.0
1769975198.8110423,nrm.extra.perf.PAPI_L3_TCM.153505,16575239459.0
1769975199.8109872,nrm.extra.perf.PAPI_L3_TCA.153505,161703131927.0
1769975199.8109872,nrm.extra.perf.PAPI_TOT_INS.153505,52484283345159.0
1769975199.8109872,nrm.extra.perf.PAPI_TOT_CYC.153505,88925454085610.0
1769975199.8109872,nrm.extra.perf.PAPI_RES_STL.153505,44190045150653.0
1769975199.8109872,nrm.extra.perf.PAPI_L3_TCM.153505,16620589349.0
1769975200.8140318,nrm.extra.perf.PAPI_L3_TCA.153505,162153527512.0
1769975200.8140318,nrm.extra.perf.PAPI_TOT_INS.153505,52630527425770.0
1769975200.8140318,nrm.extra.perf.PAPI_TOT_CYC.153505,89173842982112.0
1769975200.8140318,nrm.extra.perf.PAPI_RES_STL.153505,44313097558397.0
1769975200.8140318,nrm.extra.perf.PAPI_L3_TCM.153505,16667214732.0
1769975201.8110776,nrm.extra.perf.PAPI_L3_TCA.153505,162603618353.0
1769975201.8110776,nrm.extra.perf.PAPI_TOT_INS.153505,52776581149576.0
1769975201.8110776,nrm.extra.perf.PAPI_TOT_CYC.153505,89421036238460.0
1769975201.8110776,nrm.extra.perf.PAPI_RES_STL.153505,44435957761629.0
1769975201.8110776,nrm.extra.perf.PAPI_L3_TCM.153505,16713390495.0
1769975202.815053,nrm.extra.perf.PAPI_L3_TCA.153505,163057157581.0
1769975202.815053,nrm.extra.perf.PAPI_TOT_INS.153505,52923742003110.0
1769975202.815053,nrm.extra.perf.PAPI_TOT_CYC.153505,89670067644052.0
1769975202.815053,nrm.extra.perf.PAPI_RES_STL.153505,44559773781526.0
1769975202.815053,nrm.extra.perf.PAPI_L3_TCM.153505,16760046786.0
1769975203.8110402,nrm.extra.perf.PAPI_L3_TCA.153505,163507728370.0
1769975203.8110402,nrm.extra.perf.PAPI_TOT_INS.153505,53069890350803.0
1769975203.8110402,nrm.extra.perf.PAPI_TOT_CYC.153505,89917257179342.0
1769975203.8110402,nrm.extra.perf.PAPI_RES_STL.153505,44682841545049.0
1769975203.8110402,nrm.extra.perf.PAPI_L3_TCM.153505,16806263420.0
1769975204.811067,nrm.extra.perf.PAPI_L3_TCA.153505,163959516566.0
1769975204.811067,nrm.extra.perf.PAPI_TOT_INS.153505,53216373608756.0
1769975204.811067,nrm.extra.perf.PAPI_TOT_CYC.153505,90165285993658.0
1769975204.811067,nrm.extra.perf.PAPI_RES_STL.153505,44806096533136.0
1769975204.811067,nrm.extra.perf.PAPI_L3_TCM.153505,16852815755.0
1769975205.8110566,nrm.extra.perf.PAPI_L3_TCA.153505,164409947848.0
1769975205.8110566,nrm.extra.perf.PAPI_TOT_INS.153505,53362638730304.0
1769975205.8110566,nrm.extra.perf.PAPI_TOT_CYC.153505,90413479367366.0
1769975205.8110566,nrm.extra.perf.PAPI_RES_STL.153505,44929161596782.0
1769975205.8110566,nrm.extra.perf.PAPI_L3_TCM.153505,16899022395.0
1769975206.8110528,nrm.extra.perf.PAPI_L3_TCA.153505,164861878207.0
1769975206.8110528,nrm.extra.perf.PAPI_TOT_INS.153505,53509252835570.0
1769975206.8110528,nrm.extra.perf.PAPI_TOT_CYC.153505,90661821460690.0
1769975206.8110528,nrm.extra.perf.PAPI_RES_STL.153505,45052759055810.0
1769975206.8110528,nrm.extra.perf.PAPI_L3_TCM.153505,16945435060.0
1769975207.8130548,nrm.extra.perf.PAPI_L3_TCA.153505,165315489025.0
1769975207.8130548,nrm.extra.perf.PAPI_TOT_INS.153505,53656404039138.0
1769975207.8130548,nrm.extra.perf.PAPI_TOT_CYC.153505,90910491205717.0
1769975207.8130548,nrm.extra.perf.PAPI_RES_STL.153505,45176710719353.0
1769975207.8130548,nrm.extra.perf.PAPI_L3_TCM.153505,16992165551.0
1769975208.810991,nrm.extra.perf.PAPI_L3_TCA.153505,165767645228.0
1769975208.810991,nrm.extra.perf.PAPI_TOT_INS.153505,53802982969519.0
1769975208.810991,nrm.extra.perf.PAPI_TOT_CYC.153505,91158268645873.0
1769975208.810991,nrm.extra.perf.PAPI_RES_STL.153505,45300022286131.0
1769975208.810991,nrm.extra.perf.PAPI_L3_TCM.153505,17038500087.0
1769975209.8110464,nrm.extra.perf.PAPI_L3_TCA.153505,166216575038.0
1769975209.8110464,nrm.extra.perf.PAPI_TOT_INS.153505,53948911107861.0
1769975209.8110464,nrm.extra.perf.PAPI_TOT_CYC.153505,91406885927788.0
1769975209.8110464,nrm.extra.perf.PAPI_RES_STL.153505,45422868899412.0
1769975209.8110464,nrm.extra.perf.PAPI_L3_TCM.153505,17084855398.0
1769975210.8110363,nrm.extra.perf.PAPI_L3_TCA.153505,166666819606.0
1769975210.8110363,nrm.extra.perf.PAPI_TOT_INS.153505,54094936487624.0
1769975210.8110363,nrm.extra.perf.PAPI_TOT_CYC.153505,91654421370123.0
1769975210.8110363,nrm.extra.perf.PAPI_RES_STL.153505,45545871849866.0
1769975210.8110363,nrm.extra.perf.PAPI_L3_TCM.153505,17131304487.0
1769975211.8110611,nrm.extra.perf.PAPI_L3_TCA.153505,167120306167.0
1769975211.8110611,nrm.extra.perf.PAPI_TOT_INS.153505,54241941008377.0
1769975211.8110611,nrm.extra.perf.PAPI_TOT_CYC.153505,91902767418810.0
1769975211.8110611,nrm.extra.perf.PAPI_RES_STL.153505,45669572409991.0
1769975211.8110611,nrm.extra.perf.PAPI_L3_TCM.153505,17178139427.0
1769975212.811043,nrm.extra.perf.PAPI_L3_TCA.153505,167567677672.0
1769975212.811043,nrm.extra.perf.PAPI_TOT_INS.153505,54387432951859.0
1769975212.811043,nrm.extra.perf.PAPI_TOT_CYC.153505,92151112283311.0
1769975212.811043,nrm.extra.perf.PAPI_RES_STL.153505,45791688403469.0
1769975212.811043,nrm.extra.perf.PAPI_L3_TCM.153505,17224150471.0
1769975213.8130114,nrm.extra.perf.PAPI_L3_TCA.153505,168021806074.0
1769975213.8130114,nrm.extra.perf.PAPI_TOT_INS.153505,54534663874594.0
1769975213.8130114,nrm.extra.perf.PAPI_TOT_CYC.153505,92399852354930.0
1769975213.8130114,nrm.extra.perf.PAPI_RES_STL.153505,45915620091917.0
1769975213.8130114,nrm.extra.perf.PAPI_L3_TCM.153505,17270623828.0
1769975214.8120668,nrm.extra.perf.PAPI_L3_TCA.153505,168457704304.0
1769975214.8120668,nrm.extra.perf.PAPI_TOT_INS.153505,54676801890156.0
1769975214.8120668,nrm.extra.perf.PAPI_TOT_CYC.153505,92643784403527.0
1769975214.8120668,nrm.extra.perf.PAPI_RES_STL.153505,46034714505517.0
1769975214.8120668,nrm.extra.perf.PAPI_L3_TCM.153505,17315244265.0
1769975215.8107011,nrm.extra.perf.PAPI_L3_TCA.153505,168806054737.0
1769975215.8107011,nrm.extra.perf.PAPI_TOT_INS.153505,54794012064991.0
1769975215.8107011,nrm.extra.perf.PAPI_TOT_CYC.153505,92861930491330.0
1769975215.8107011,nrm.extra.perf.PAPI_RES_STL.153505,46130684623743.0
1769975215.8107011,nrm.extra.perf.PAPI_L3_TCM.153505,17350365976.0
1769975216.8110716,nrm.extra.perf.PAPI_L3_TCA.153505,169195813403.0
1769975216.8110716,nrm.extra.perf.PAPI_TOT_INS.153505,54922254962913.0
1769975216.8110716,nrm.extra.perf.PAPI_TOT_CYC.153505,93089310733485.0
1769975216.8110716,nrm.extra.perf.PAPI_RES_STL.153505,46237697777131.0
1769975216.8110716,nrm.extra.perf.PAPI_L3_TCM.153505,17390340558.0
1769975217.8141453,nrm.extra.perf.PAPI_L3_TCA.153505,169648911637.0
1769975217.8141453,nrm.extra.perf.PAPI_TOT_INS.153505,55069329196269.0
1769975217.8141453,nrm.extra.perf.PAPI_TOT_CYC.153505,93338455783801.0
1769975217.8141453,nrm.extra.perf.PAPI_RES_STL.153505,46361287043385.0
1769975217.8141453,nrm.extra.perf.PAPI_L3_TCM.153505,17436554656.0
1769975218.8140466,nrm.extra.perf.PAPI_L3_TCA.153505,170098834219.0
1769975218.8140466,nrm.extra.perf.PAPI_TOT_INS.153505,55215449824435.0
1769975218.8140466,nrm.extra.perf.PAPI_TOT_CYC.153505,93586855071036.0
1769975218.8140466,nrm.extra.perf.PAPI_RES_STL.153505,46484194055632.0
1769975218.8140466,nrm.extra.perf.PAPI_L3_TCM.153505,17482602475.0
1769975219.8107903,nrm.extra.perf.PAPI_L3_TCA.153505,170548676573.0
1769975219.8107903,nrm.extra.perf.PAPI_TOT_INS.153505,55361563056298.0
1769975219.8107903,nrm.extra.perf.PAPI_TOT_CYC.153505,93834656930581.0
1769975219.8107903,nrm.extra.perf.PAPI_RES_STL.153505,46606882337115.0
1769975219.8107903,nrm.extra.perf.PAPI_L3_TCM.153505,17528159062.0
1769975220.8110414,nrm.extra.perf.PAPI_L3_TCA.153505,170999112264.0
1769975220.8110414,nrm.extra.perf.PAPI_TOT_INS.153505,55507652881232.0
1769975220.8110414,nrm.extra.perf.PAPI_TOT_CYC.153505,94083298146888.0
1769975220.8110414,nrm.extra.perf.PAPI_RES_STL.153505,46729986773272.0
1769975220.8110414,nrm.extra.perf.PAPI_L3_TCM.153505,17574385522.0
1769975221.8110898,nrm.extra.perf.PAPI_L3_TCA.153505,171451827079.0
1769975221.8110898,nrm.extra.perf.PAPI_TOT_INS.153505,55654405021165.0
1769975221.8110898,nrm.extra.perf.PAPI_TOT_CYC.153505,94331626391969.0
1769975221.8110898,nrm.extra.perf.PAPI_RES_STL.153505,46853777088369.0
1769975221.8110898,nrm.extra.perf.PAPI_L3_TCM.153505,17620549672.0
1769975222.815118,nrm.extra.perf.PAPI_L3_TCA.153505,171907637198.0
1769975222.815118,nrm.extra.perf.PAPI_TOT_INS.153505,55802235400299.0
1769975222.815118,nrm.extra.perf.PAPI_TOT_CYC.153505,94580949960857.0
1769975222.815118,nrm.extra.perf.PAPI_RES_STL.153505,46978173326368.0
1769975222.815118,nrm.extra.perf.PAPI_L3_TCM.153505,17667055579.0
1769975223.811087,nrm.extra.perf.PAPI_L3_TCA.153505,172357665701.0
1769975223.811087,nrm.extra.perf.PAPI_TOT_INS.153505,55948326882103.0
1769975223.811087,nrm.extra.perf.PAPI_TOT_CYC.153505,94828574874781.0
1769975223.811087,nrm.extra.perf.PAPI_RES_STL.153505,47101062410643.0
1769975223.811087,nrm.extra.perf.PAPI_L3_TCM.153505,17712776056.0
1769975224.8150702,nrm.extra.perf.PAPI_L3_TCA.153505,172811305066.0
1769975224.8150702,nrm.extra.perf.PAPI_TOT_INS.153505,56095415850841.0
1769975224.8150702,nrm.extra.perf.PAPI_TOT_CYC.153505,95078135717019.0
1769975224.8150702,nrm.extra.perf.PAPI_RES_STL.153505,47224949830437.0
1769975224.8150702,nrm.extra.perf.PAPI_L3_TCM.153505,17758986340.0
1769975225.8110876,nrm.extra.perf.PAPI_L3_TCA.153505,173262823669.0
1769975225.8110876,nrm.extra.perf.PAPI_TOT_INS.153505,56241810242520.0
1769975225.8110876,nrm.extra.perf.PAPI_TOT_CYC.153505,95325612896330.0
1769975225.8110876,nrm.extra.perf.PAPI_RES_STL.153505,47348548094911.0
1769975225.8110876,nrm.extra.perf.PAPI_L3_TCM.153505,17804781056.0
1769975226.8150628,nrm.extra.perf.PAPI_L3_TCA.153505,173718255550.0
1769975226.8150628,nrm.extra.perf.PAPI_TOT_INS.153505,56389583616658.0
1769975226.8150628,nrm.extra.perf.PAPI_TOT_CYC.153505,95574895342823.0
1769975226.8150628,nrm.extra.perf.PAPI_RES_STL.153505,47472785396492.0
1769975226.8150628,nrm.extra.perf.PAPI_L3_TCM.153505,17851091300.0
1769975227.8110626,nrm.extra.perf.PAPI_L3_TCA.153505,174167327127.0
1769975227.8110626,nrm.extra.perf.PAPI_TOT_INS.153505,56535335212313.0
1769975227.8110626,nrm.extra.perf.PAPI_TOT_CYC.153505,95822295950215.0
1769975227.8110626,nrm.extra.perf.PAPI_RES_STL.153505,47595599140251.0
1769975227.8110626,nrm.extra.perf.PAPI_L3_TCM.153505,17896734044.0
1769975228.8110168,nrm.extra.perf.PAPI_L3_TCA.153505,174619809464.0
1769975228.8110168,nrm.extra.perf.PAPI_TOT_INS.153505,56681930096173.0
1769975228.8110168,nrm.extra.perf.PAPI_TOT_CYC.153505,96070659183236.0
1769975228.8110168,nrm.extra.perf.PAPI_RES_STL.153505,47719157801922.0
1769975228.8110168,nrm.extra.perf.PAPI_L3_TCM.153505,17942936568.0
1769975229.8110764,nrm.extra.perf.PAPI_L3_TCA.153505,175071924469.0
1769975229.8110764,nrm.extra.perf.PAPI_TOT_INS.153505,56828755349609.0
1769975229.8110764,nrm.extra.perf.PAPI_TOT_CYC.153505,96319065794305.0
1769975229.8110764,nrm.extra.perf.PAPI_RES_STL.153505,47842504989402.0
1769975229.8110764,nrm.extra.perf.PAPI_L3_TCM.153505,17988657798.0
1769975230.81503,nrm.extra.perf.PAPI_L3_TCA.153505,175523669716.0
1769975230.81503,nrm.extra.perf.PAPI_TOT_INS.153505,56975468669464.0
1769975230.81503,nrm.extra.perf.PAPI_TOT_CYC.153505,96568531325949.0
1769975230.81503,nrm.extra.perf.PAPI_RES_STL.153505,47966126372422.0
1769975230.81503,nrm.extra.perf.PAPI_L3_TCM.153505,18034448324.0
1769975231.811031,nrm.extra.perf.PAPI_L3_TCA.153505,175973187803.0
1769975231.811031,nrm.extra.perf.PAPI_TOT_INS.153505,57121477905165.0
1769975231.811031,nrm.extra.perf.PAPI_TOT_CYC.153505,96816000164987.0
1769975231.811031,nrm.extra.perf.PAPI_RES_STL.153505,48088802698901.0
1769975231.811031,nrm.extra.perf.PAPI_L3_TCM.153505,18080228619.0
1769975232.810936,nrm.extra.perf.PAPI_L3_TCA.153505,176425402224.0
1769975232.810936,nrm.extra.perf.PAPI_TOT_INS.153505,57268236892262.0
1769975232.810936,nrm.extra.perf.PAPI_TOT_CYC.153505,97064203413921.0
1769975232.810936,nrm.extra.perf.PAPI_RES_STL.153505,48212318162387.0
1769975232.810936,nrm.extra.perf.PAPI_L3_TCM.153505,18126079386.0
1769975233.8150685,nrm.extra.perf.PAPI_L3_TCA.153505,176873674483.0
1769975233.8150685,nrm.extra.perf.PAPI_TOT_INS.153505,57413831052815.0
1769975233.8150685,nrm.extra.perf.PAPI_TOT_CYC.153505,97313259746492.0
1769975233.8150685,nrm.extra.perf.PAPI_RES_STL.153505,48334759100861.0
1769975233.8150685,nrm.extra.perf.PAPI_L3_TCM.153505,18172229064.0
1769975234.8110967,nrm.extra.perf.PAPI_L3_TCA.153505,177314647999.0
1769975234.8110967,nrm.extra.perf.PAPI_TOT_INS.153505,57557151348778.0
1769975234.8110967,nrm.extra.perf.PAPI_TOT_CYC.153505,97557449586770.0
1769975234.8110967,nrm.extra.perf.PAPI_RES_STL.153505,48455184809839.0
1769975234.8110967,nrm.extra.perf.PAPI_L3_TCM.153505,18217229304.0
1769975235.810964,nrm.extra.perf.PAPI_L3_TCA.153505,177725989502.0
1769975235.810964,nrm.extra.perf.PAPI_TOT_INS.153505,57692110060354.0
1769975235.810964,nrm.extra.perf.PAPI_TOT_CYC.153505,97794723837636.0
1769975235.810964,nrm.extra.perf.PAPI_RES_STL.153505,48568093362899.0
1769975235.810964,nrm.extra.perf.PAPI_L3_TCM.153505,18259556722.0
1769975236.813039,nrm.extra.perf.PAPI_L3_TCA.153505,178179646961.0
1769975236.813039,nrm.extra.perf.PAPI_TOT_INS.153505,57839213905721.0
1769975236.813039,nrm.extra.perf.PAPI_TOT_CYC.153505,98043526838074.0
1769975236.813039,nrm.extra.perf.PAPI_RES_STL.153505,48691824567161.0
1769975236.813039,nrm.extra.perf.PAPI_L3_TCM.153505,18305894239.0
1769975237.8150449,nrm.extra.perf.PAPI_L3_TCA.153505,178632932929.0
1769975237.8150449,nrm.extra.perf.PAPI_TOT_INS.153505,57986227255170.0
1769975237.8150449,nrm.extra.perf.PAPI_TOT_CYC.153505,98292249498022.0
1769975237.8150449,nrm.extra.perf.PAPI_RES_STL.153505,48815381164229.0
1769975237.8150449,nrm.extra.perf.PAPI_L3_TCM.153505,18352122085.0
1769975238.8110487,nrm.extra.perf.PAPI_L3_TCA.153505,179084134182.0
1769975238.8110487,nrm.extra.perf.PAPI_TOT_INS.153505,58132443378492.0
1769975238.8110487,nrm.extra.perf.PAPI_TOT_CYC.153505,98539459276791.0
1769975238.8110487,nrm.extra.perf.PAPI_RES_STL.153505,48938597461754.0
1769975238.8110487,nrm.extra.perf.PAPI_L3_TCM.153505,18398278200.0
1769975239.8110304,nrm.extra.perf.PAPI_L3_TCA.153505,179534398035.0
1769975239.8110304,nrm.extra.perf.PAPI_TOT_INS.153505,58278695361599.0
1769975239.8110304,nrm.extra.perf.PAPI_TOT_CYC.153505,98787642421701.0
1769975239.8110304,nrm.extra.perf.PAPI_RES_STL.153505,49061561691523.0
1769975239.8110304,nrm.extra.perf.PAPI_L3_TCM.153505,18443934624.0
1769975240.8111036,nrm.extra.perf.PAPI_L3_TCA.153505,179985620508.0
1769975240.8111036,nrm.extra.perf.PAPI_TOT_INS.153505,58425012785381.0
1769975240.8111036,nrm.extra.perf.PAPI_TOT_CYC.153505,99035742863500.0
1769975240.8111036,nrm.extra.perf.PAPI_RES_STL.153505,49184817632625.0
1769975240.8111036,nrm.extra.perf.PAPI_L3_TCM.153505,18489970794.0
1769975241.8121006,nrm.extra.perf.PAPI_L3_TCA.153505,180434613776.0
1769975241.8121006,nrm.extra.perf.PAPI_TOT_INS.153505,58570815122739.0
1769975241.8121006,nrm.extra.perf.PAPI_TOT_CYC.153505,99283446114805.0
1769975241.8121006,nrm.extra.perf.PAPI_RES_STL.153505,49307365909557.0
1769975241.8121006,nrm.extra.perf.PAPI_L3_TCM.153505,18535749090.0
1769975242.8150058,nrm.extra.perf.PAPI_L3_TCA.153505,180889805036.0
1769975242.8150058,nrm.extra.perf.PAPI_TOT_INS.153505,58718306847804.0
1769975242.8150058,nrm.extra.perf.PAPI_TOT_CYC.153505,99532493246237.0
1769975242.8150058,nrm.extra.perf.PAPI_RES_STL.153505,49431890840218.0
1769975242.8150058,nrm.extra.perf.PAPI_L3_TCM.153505,18582157116.0
1769975243.8110616,nrm.extra.perf.PAPI_L3_TCA.153505,181342477597.0
1769975243.8110616,nrm.extra.perf.PAPI_TOT_INS.153505,58865051245337.0
1769975243.8110616,nrm.extra.perf.PAPI_TOT_CYC.153505,99779898198196.0
1769975243.8110616,nrm.extra.perf.PAPI_RES_STL.153505,49555482456239.0
1769975243.8110616,nrm.extra.perf.PAPI_L3_TCM.153505,18628141958.0
1769975244.813048,nrm.extra.perf.PAPI_L3_TCA.153505,181796107666.0
1769975244.813048,nrm.extra.perf.PAPI_TOT_INS.153505,59011990074179.0
1769975244.813048,nrm.extra.perf.PAPI_TOT_CYC.153505,100028658537484.0
1769975244.813048,nrm.extra.perf.PAPI_RES_STL.153505,49679411308146.0
1769975244.813048,nrm.extra.perf.PAPI_L3_TCM.153505,18674526067.0
1769975245.811055,nrm.extra.perf.PAPI_L3_TCA.153505,182246927202.0
1769975245.811055,nrm.extra.perf.PAPI_TOT_INS.153505,59158263730070.0
1769975245.811055,nrm.extra.perf.PAPI_TOT_CYC.153505,100276545787343.0
1769975245.811055,nrm.extra.perf.PAPI_RES_STL.153505,49802622924628.0
1769975245.811055,nrm.extra.perf.PAPI_L3_TCM.153505,18720536545.0
1769975246.8110433,nrm.extra.perf.PAPI_L3_TCA.153505,182701075870.0
1769975246.8110433,nrm.extra.perf.PAPI_TOT_INS.153505,59305507032678.0
1769975246.8110433,nrm.extra.perf.PAPI_TOT_CYC.153505,100524846502011.0
1769975246.8110433,nrm.extra.perf.PAPI_RES_STL.153505,49926660323265.0
1769975246.8110433,nrm.extra.perf.PAPI_L3_TCM.153505,18766809027.0
1769975247.8130243,nrm.extra.perf.PAPI_L3_TCA.153505,183156432067.0
1769975247.8130243,nrm.extra.perf.PAPI_TOT_INS.153505,59453122154209.0
1769975247.8130243,nrm.extra.perf.PAPI_TOT_CYC.153505,100773655494808.0
1769975247.8130243,nrm.extra.perf.PAPI_RES_STL.153505,50050910369195.0
1769975247.8130243,nrm.extra.perf.PAPI_L3_TCM.153505,18812790922.0
1769975248.811064,nrm.extra.perf.PAPI_L3_TCA.153505,183609237418.0
1769975248.811064,nrm.extra.perf.PAPI_TOT_INS.153505,59599760476042.0
1769975248.811064,nrm.extra.perf.PAPI_TOT_CYC.153505,101021416071617.0
1769975248.811064,nrm.extra.perf.PAPI_RES_STL.153505,50174437985682.0
1769975248.811064,nrm.extra.perf.PAPI_L3_TCM.153505,18859008844.0
1769975249.8131359,nrm.extra.perf.PAPI_L3_TCA.153505,184063349108.0
1769975249.8131359,nrm.extra.perf.PAPI_TOT_INS.153505,59746971045607.0
1769975249.8131359,nrm.extra.perf.PAPI_TOT_CYC.153505,101270268452338.0
1769975249.8131359,nrm.extra.perf.PAPI_RES_STL.153505,50298432669000.0
1769975249.8131359,nrm.extra.perf.PAPI_L3_TCM.153505,18905331117.0
1769975250.8110797,nrm.extra.perf.PAPI_L3_TCA.153505,184514200674.0
1769975250.8110797,nrm.extra.perf.PAPI_TOT_INS.153505,59893228193244.0
1769975250.8110797,nrm.extra.perf.PAPI_TOT_CYC.153505,101517986050546.0
1769975250.8110797,nrm.extra.perf.PAPI_RES_STL.153505,50421617458320.0
1769975250.8110797,nrm.extra.perf.PAPI_L3_TCM.153505,18951343679.0
1769975251.8130212,nrm.extra.perf.PAPI_L3_TCA.153505,184967997379.0
1769975251.8130212,nrm.extra.perf.PAPI_TOT_INS.153505,60040417821266.0
1769975251.8130212,nrm.extra.perf.PAPI_TOT_CYC.153505,101766829519215.0
1769975251.8130212,nrm.extra.perf.PAPI_RES_STL.153505,50545498654507.0
1769975251.8130212,nrm.extra.perf.PAPI_L3_TCM.153505,18997332906.0
1769975252.8110218,nrm.extra.perf.PAPI_L3_TCA.153505,185418485040.0
1769975252.8110218,nrm.extra.perf.PAPI_TOT_INS.153505,60186431391022.0
1769975252.8110218,nrm.extra.perf.PAPI_TOT_CYC.153505,102014628449027.0
1769975252.8110218,nrm.extra.perf.PAPI_RES_STL.153505,50668578111945.0
1769975252.8110218,nrm.extra.perf.PAPI_L3_TCM.153505,19043506321.0
1769975253.8160305,nrm.extra.perf.PAPI_L3_TCA.153505,185872090914.0
1769975253.8160305,nrm.extra.perf.PAPI_TOT_INS.153505,60333666355965.0
1769975253.8160305,nrm.extra.perf.PAPI_TOT_CYC.153505,102264373694018.0
1769975253.8160305,nrm.extra.perf.PAPI_RES_STL.153505,50792416278264.0
1769975253.8160305,nrm.extra.perf.PAPI_L3_TCM.153505,19089739560.0
1769975254.811028,nrm.extra.perf.PAPI_L3_TCA.153505,186323075112.0
1769975254.811028,nrm.extra.perf.PAPI_TOT_INS.153505,60479841174687.0
1769975254.811028,nrm.extra.perf.PAPI_TOT_CYC.153505,102511392160693.0
1769975254.811028,nrm.extra.perf.PAPI_RES_STL.153505,50915640971003.0
1769975254.811028,nrm.extra.perf.PAPI_L3_TCM.153505,19135784296.0
1769975255.8150792,nrm.extra.perf.PAPI_L3_TCA.153505,186778353360.0
1769975255.8150792,nrm.extra.perf.PAPI_TOT_INS.153505,60627558943757.0
1769975255.8150792,nrm.extra.perf.PAPI_TOT_CYC.153505,102760704744525.0
1769975255.8150792,nrm.extra.perf.PAPI_RES_STL.153505,51039831858447.0
1769975255.8150792,nrm.extra.perf.PAPI_L3_TCM.153505,19182040398.0
1769975256.811039,nrm.extra.perf.PAPI_L3_TCA.153505,187229362653.0
1769975256.811039,nrm.extra.perf.PAPI_TOT_INS.153505,60773598783395.0
1769975256.811039,nrm.extra.perf.PAPI_TOT_CYC.153505,103007956043213.0
1769975256.811039,nrm.extra.perf.PAPI_RES_STL.153505,51163002975753.0
1769975256.811039,nrm.extra.perf.PAPI_L3_TCM.153505,19228190621.0
1769975257.8130977,nrm.extra.perf.PAPI_L3_TCA.153505,187682992243.0
1769975257.8130977,nrm.extra.perf.PAPI_TOT_INS.153505,60920675429312.0
1769975257.8130977,nrm.extra.perf.PAPI_TOT_CYC.153505,103256521470701.0
1769975257.8130977,nrm.extra.perf.PAPI_RES_STL.153505,51286903456313.0
1769975257.8130977,nrm.extra.perf.PAPI_L3_TCM.153505,19274537370.0
1769975258.811073,nrm.extra.perf.PAPI_L3_TCA.153505,188135068391.0
1769975258.811073,nrm.extra.perf.PAPI_TOT_INS.153505,61067153176150.0
1769975258.811073,nrm.extra.perf.PAPI_TOT_CYC.153505,103504244092945.0
1769975258.811073,nrm.extra.perf.PAPI_RES_STL.153505,51410590044792.0
1769975258.811073,nrm.extra.perf.PAPI_L3_TCM.153505,19320608583.0
1769975259.8150396,nrm.extra.perf.PAPI_L3_TCA.153505,188591200752.0
1769975259.8150396,nrm.extra.perf.PAPI_TOT_INS.153505,61215001527047.0
1769975259.8150396,nrm.extra.perf.PAPI_TOT_CYC.153505,103753623788257.0
1769975259.8150396,nrm.extra.perf.PAPI_RES_STL.153505,51535032443963.0
1769975259.8150396,nrm.extra.perf.PAPI_L3_TCM.153505,19366854747.0
1769975260.8110626,nrm.extra.perf.PAPI_L3_TCA.153505,189043288632.0
1769975260.8110626,nrm.extra.perf.PAPI_TOT_INS.153505,61361396750487.0
1769975260.8110626,nrm.extra.perf.PAPI_TOT_CYC.153505,104000910438618.0
1769975260.8110626,nrm.extra.perf.PAPI_RES_STL.153505,51658371135825.0
1769975260.8110626,nrm.extra.perf.PAPI_L3_TCM.153505,19413115697.0
1769975261.8110867,nrm.extra.perf.PAPI_L3_TCA.153505,189496953657.0
1769975261.8110867,nrm.extra.perf.PAPI_TOT_INS.153505,61508437353303.0
1769975261.8110867,nrm.extra.perf.PAPI_TOT_CYC.153505,104249169483974.0
1769975261.8110867,nrm.extra.perf.PAPI_RES_STL.153505,51782290834036.0
1769975261.8110867,nrm.extra.perf.PAPI_L3_TCM.153505,19459254981.0
1769975262.8110304,nrm.extra.perf.PAPI_L3_TCA.153505,189951161529.0
1769975262.8110304,nrm.extra.perf.PAPI_TOT_INS.153505,61655650040628.0
1769975262.8110304,nrm.extra.perf.PAPI_TOT_CYC.153505,104497458559214.0
1769975262.8110304,nrm.extra.perf.PAPI_RES_STL.153505,51906296823439.0
1769975262.8110304,nrm.extra.perf.PAPI_L3_TCM.153505,19505278329.0
1769975263.8109686,nrm.extra.perf.PAPI_L3_TCA.153505,190403928712.0
1769975263.8109686,nrm.extra.perf.PAPI_TOT_INS.153505,61802502811369.0
1769975263.8109686,nrm.extra.perf.PAPI_TOT_CYC.153505,104745674526470.0
1769975263.8109686,nrm.extra.perf.PAPI_RES_STL.153505,52029833308827.0
1769975263.8109686,nrm.extra.perf.PAPI_L3_TCM.153505,19551098992.0
1769975264.813071,nrm.extra.perf.PAPI_L3_TCA.153505,190858371115.0
1769975264.813071,nrm.extra.perf.PAPI_TOT_INS.153505,61949616945597.0
1769975264.813071,nrm.extra.perf.PAPI_TOT_CYC.153505,104994464635367.0
1769975264.813071,nrm.extra.perf.PAPI_RES_STL.153505,52153912321406.0
1769975264.813071,nrm.extra.perf.PAPI_L3_TCM.153505,19597684646.0
1769975265.811048,nrm.extra.perf.PAPI_L3_TCA.153505,191310998921.0
1769975265.811048,nrm.extra.perf.PAPI_TOT_INS.153505,62096280040786.0
1769975265.811048,nrm.extra.perf.PAPI_TOT_CYC.153505,105242190684654.0
1769975265.811048,nrm.extra.perf.PAPI_RES_STL.153505,52277694028563.0
1769975265.811048,nrm.extra.perf.PAPI_L3_TCM.153505,19643530991.0
1769975266.8110423,nrm.extra.perf.PAPI_L3_TCA.153505,191751219390.0
1769975266.8110423,nrm.extra.perf.PAPI_TOT_INS.153505,62239584616075.0
1769975266.8110423,nrm.extra.perf.PAPI_TOT_CYC.153505,105487893724927.0
1769975266.8110423,nrm.extra.perf.PAPI_RES_STL.153505,52397922354839.0
1769975266.8110423,nrm.extra.perf.PAPI_L3_TCM.153505,19688518999.0
1769975267.8130608,nrm.extra.perf.PAPI_L3_TCA.153505,192202532333.0
1769975267.8130608,nrm.extra.perf.PAPI_TOT_INS.153505,62386084641121.0
1769975267.8130608,nrm.extra.perf.PAPI_TOT_CYC.153505,105736292318349.0
1769975267.8130608,nrm.extra.perf.PAPI_RES_STL.153505,52521201163223.0
1769975267.8130608,nrm.extra.perf.PAPI_L3_TCM.153505,19734411917.0
1769975268.8150513,nrm.extra.perf.PAPI_L3_TCA.153505,192656967889.0
1769975268.8150513,nrm.extra.perf.PAPI_TOT_INS.153505,62533527788161.0
1769975268.8150513,nrm.extra.perf.PAPI_TOT_CYC.153505,105985180875187.0
1769975268.8150513,nrm.extra.perf.PAPI_RES_STL.153505,52645201697822.0
1769975268.8150513,nrm.extra.perf.PAPI_L3_TCM.153505,19780393898.0
1769975269.8110344,nrm.extra.perf.PAPI_L3_TCA.153505,193105468473.0
1769975269.8110344,nrm.extra.perf.PAPI_TOT_INS.153505,62678938942340.0
1769975269.8110344,nrm.extra.perf.PAPI_TOT_CYC.153505,106232356494506.0
1769975269.8110344,nrm.extra.perf.PAPI_RES_STL.153505,52767803922520.0
1769975269.8110344,nrm.extra.perf.PAPI_L3_TCM.153505,19826077771.0
1769975270.8111074,nrm.extra.perf.PAPI_L3_TCA.153505,193554953391.0
1769975270.8111074,nrm.extra.perf.PAPI_TOT_INS.153505,62825048009969.0
1769975270.8111074,nrm.extra.perf.PAPI_TOT_CYC.153505,106480605166132.0
1769975270.8111074,nrm.extra.perf.PAPI_RES_STL.153505,52890417344321.0
1769975270.8111074,nrm.extra.perf.PAPI_L3_TCM.153505,19871874961.0
1769975271.8110619,nrm.extra.perf.PAPI_L3_TCA.153505,194006284204.0
1769975271.8110619,nrm.extra.perf.PAPI_TOT_INS.153505,62971447642647.0
1769975271.8110619,nrm.extra.perf.PAPI_TOT_CYC.153505,106728697229784.0
1769975271.8110619,nrm.extra.perf.PAPI_RES_STL.153505,53013789161613.0
1769975271.8110619,nrm.extra.perf.PAPI_L3_TCM.153505,19917712623.0
1769975272.8110075,nrm.extra.perf.PAPI_L3_TCA.153505,194457197839.0
1769975272.8110075,nrm.extra.perf.PAPI_TOT_INS.153505,63117706455022.0
1769975272.8110075,nrm.extra.perf.PAPI_TOT_CYC.153505,106976548156506.0
1769975272.8110075,nrm.extra.perf.PAPI_RES_STL.153505,53136994674432.0
1769975272.8110075,nrm.extra.perf.PAPI_L3_TCM.153505,19963704245.0
1769975273.815034,nrm.extra.perf.PAPI_L3_TCA.153505,194909676932.0
1769975273.815034,nrm.extra.perf.PAPI_TOT_INS.153505,63264666341115.0
1769975273.815034,nrm.extra.perf.PAPI_TOT_CYC.153505,107225547080774.0
1769975273.815034,nrm.extra.perf.PAPI_RES_STL.153505,53260454165466.0
1769975273.815034,nrm.extra.perf.PAPI_L3_TCM.153505,20009638890.0
1769975274.8109915,nrm.extra.perf.PAPI_L3_TCA.153505,195358704592.0
1769975274.8109915,nrm.extra.perf.PAPI_TOT_INS.153505,63410353084987.0
1769975274.8109915,nrm.extra.perf.PAPI_TOT_CYC.153505,107472507682387.0
1769975274.8109915,nrm.extra.perf.PAPI_RES_STL.153505,53383162734220.0
1769975274.8109915,nrm.extra.perf.PAPI_L3_TCM.153505,20055436000.0
1769975275.814089,nrm.extra.perf.PAPI_L3_TCA.153505,195813323353.0
1769975275.814089,nrm.extra.perf.PAPI_TOT_INS.153505,63557579439123.0
1769975275.814089,nrm.extra.perf.PAPI_TOT_CYC.153505,107721590969607.0
1769975275.814089,nrm.extra.perf.PAPI_RES_STL.153505,53507141035146.0
1769975275.814089,nrm.extra.perf.PAPI_L3_TCM.153505,20101890407.0
1769975276.811055,nrm.extra.perf.PAPI_L3_TCA.153505,196260575134.0
1769975276.811055,nrm.extra.perf.PAPI_TOT_INS.153505,63702884027576.0
1769975276.811055,nrm.extra.perf.PAPI_TOT_CYC.153505,107969200650999.0
1769975276.811055,nrm.extra.perf.PAPI_RES_STL.153505,53629322507967.0
1769975276.811055,nrm.extra.perf.PAPI_L3_TCM.153505,20147400718.0
1769975277.811071,nrm.extra.perf.PAPI_L3_TCA.153505,196709993338.0
1769975277.811071,nrm.extra.perf.PAPI_TOT_INS.153505,63848833884503.0
1769975277.811071,nrm.extra.perf.PAPI_TOT_CYC.153505,108217404726581.0
1769975277.811071,nrm.extra.perf.PAPI_RES_STL.153505,53752167122857.0
1769975277.811071,nrm.extra.perf.PAPI_L3_TCM.153505,20192862497.0
1769975278.8111103,nrm.extra.perf.PAPI_L3_TCA.153505,197162829453.0
1769975278.8111103,nrm.extra.perf.PAPI_TOT_INS.153505,63995774234544.0
1769975278.8111103,nrm.extra.perf.PAPI_TOT_CYC.153505,108465745980107.0
1769975278.8111103,nrm.extra.perf.PAPI_RES_STL.153505,53875622839519.0
1769975278.8111103,nrm.extra.perf.PAPI_L3_TCM.153505,20238640345.0
1769975279.81091,nrm.extra.perf.PAPI_L3_TCA.153505,197614961416.0
1769975279.81091,nrm.extra.perf.PAPI_TOT_INS.153505,64142529587348.0
1769975279.81091,nrm.extra.perf.PAPI_TOT_CYC.153505,108714044725690.0
1769975279.81091,nrm.extra.perf.PAPI_RES_STL.153505,53999001004542.0
1769975279.81091,nrm.extra.perf.PAPI_L3_TCM.153505,20284396704.0
1769975280.811071,nrm.extra.perf.PAPI_L3_TCA.153505,198067374424.0
1769975280.811071,nrm.extra.perf.PAPI_TOT_INS.153505,64289019950578.0
1769975280.811071,nrm.extra.perf.PAPI_TOT_CYC.153505,108962595803675.0
1769975280.811071,nrm.extra.perf.PAPI_RES_STL.153505,54122658688552.0
1769975280.811071,nrm.extra.perf.PAPI_L3_TCM.153505,20330653583.0
1769975281.8140194,nrm.extra.perf.PAPI_L3_TCA.153505,198521735515.0
1769975281.8140194,nrm.extra.perf.PAPI_TOT_INS.153505,64436285785352.0
1769975281.8140194,nrm.extra.perf.PAPI_TOT_CYC.153505,109211487466367.0
1769975281.8140194,nrm.extra.perf.PAPI_RES_STL.153505,54246846455145.0
1769975281.8140194,nrm.extra.perf.PAPI_L3_TCM.153505,20376881095.0
1769975282.811091,nrm.extra.perf.PAPI_L3_TCA.153505,198972459547.0
1769975282.811091,nrm.extra.perf.PAPI_TOT_INS.153505,64582566429992.0
1769975282.811091,nrm.extra.perf.PAPI_TOT_CYC.153505,109458882354639.0
1769975282.811091,nrm.extra.perf.PAPI_RES_STL.153505,54369932369641.0
1769975282.811091,nrm.extra.perf.PAPI_L3_TCM.153505,20422659294.0
1769975283.8110347,nrm.extra.perf.PAPI_L3_TCA.153505,199425200634.0
1769975283.8110347,nrm.extra.perf.PAPI_TOT_INS.153505,64729389344256.0
1769975283.8110347,nrm.extra.perf.PAPI_TOT_CYC.153505,109707111261228.0
1769975283.8110347,nrm.extra.perf.PAPI_RES_STL.153505,54493455892533.0
1769975283.8110347,nrm.extra.perf.PAPI_L3_TCM.153505,20468534833.0
1769975284.8140821,nrm.extra.perf.PAPI_L3_TCA.153505,199878381404.0
1769975284.8140821,nrm.extra.perf.PAPI_TOT_INS.153505,64876235347508.0
1769975284.8140821,nrm.extra.perf.PAPI_TOT_CYC.153505,109956175711776.0
1769975284.8140821,nrm.extra.perf.PAPI_RES_STL.153505,54617080435098.0
1769975284.8140821,nrm.extra.perf.PAPI_L3_TCM.153505,20514915885.0
1769975285.8110862,nrm.extra.perf.PAPI_L3_TCA.153505,200329971958.0
1769975285.8110862,nrm.extra.perf.PAPI_TOT_INS.153505,65022554597592.0
1769975285.8110862,nrm.extra.perf.PAPI_TOT_CYC.153505,110203610402621.0
1769975285.8110862,nrm.extra.perf.PAPI_RES_STL.153505,54740564575459.0
1769975285.8110862,nrm.extra.perf.PAPI_L3_TCM.153505,20560794200.0
1769975286.814057,nrm.extra.perf.PAPI_L3_TCA.153505,200784699847.0
1769975286.814057,nrm.extra.perf.PAPI_TOT_INS.153505,65169912508454.0
1769975286.814057,nrm.extra.perf.PAPI_TOT_CYC.153505,110452578335108.0
1769975286.814057,nrm.extra.perf.PAPI_RES_STL.153505,54864699402018.0
1769975286.814057,nrm.extra.perf.PAPI_L3_TCM.153505,20607331790.0
1769975287.8110626,nrm.extra.perf.PAPI_L3_TCA.153505,201237402343.0
1769975287.8110626,nrm.extra.perf.PAPI_TOT_INS.153505,65316560285432.0
1769975287.8110626,nrm.extra.perf.PAPI_TOT_CYC.153505,110700118688466.0
1769975287.8110626,nrm.extra.perf.PAPI_RES_STL.153505,54988069562027.0
1769975287.8110626,nrm.extra.perf.PAPI_L3_TCM.153505,20653396821.0
1769975288.8140554,nrm.extra.perf.PAPI_L3_TCA.153505,201687267286.0
1769975288.8140554,nrm.extra.perf.PAPI_TOT_INS.153505,65462609672033.0
1769975288.8140554,nrm.extra.perf.PAPI_TOT_CYC.153505,110949225808079.0
1769975288.8140554,nrm.extra.perf.PAPI_RES_STL.153505,55110747873880.0
1769975288.8140554,nrm.extra.perf.PAPI_L3_TCM.153505,20699286488.0
1769975289.8111086,nrm.extra.perf.PAPI_L3_TCA.153505,202137743613.0
1769975289.8111086,nrm.extra.perf.PAPI_TOT_INS.153505,65608725326623.0
1769975289.8111086,nrm.extra.perf.PAPI_TOT_CYC.153505,111196557536402.0
1769975289.8111086,nrm.extra.perf.PAPI_RES_STL.153505,55233712937107.0
1769975289.8111086,nrm.extra.perf.PAPI_L3_TCM.153505,20744964743.0
1769975290.8120515,nrm.extra.perf.PAPI_L3_TCA.153505,202592101192.0
1769975290.8120515,nrm.extra.perf.PAPI_TOT_INS.153505,65755899740937.0
1769975290.8120515,nrm.extra.perf.PAPI_TOT_CYC.153505,111445097900759.0
1769975290.8120515,nrm.extra.perf.PAPI_RES_STL.153505,55357744108617.0
1769975290.8120515,nrm.extra.perf.PAPI_L3_TCM.153505,20791234093.0
1769975291.8150847,nrm.extra.perf.PAPI_L3_TCA.153505,203044494369.0
1769975291.8150847,nrm.extra.perf.PAPI_TOT_INS.153505,65902723343288.0
1769975291.8150847,nrm.extra.perf.PAPI_TOT_CYC.153505,111694342526549.0
1769975291.8150847,nrm.extra.perf.PAPI_RES_STL.153505,55481501283487.0
1769975291.8150847,nrm.extra.perf.PAPI_L3_TCM.153505,20837076742.0
1769975292.810944,nrm.extra.perf.PAPI_L3_TCA.153505,203495244253.0
1769975292.810944,nrm.extra.perf.PAPI_TOT_INS.153505,66048963484746.0
1769975292.810944,nrm.extra.perf.PAPI_TOT_CYC.153505,111941481289951.0
1769975292.810944,nrm.extra.perf.PAPI_RES_STL.153505,55604403695920.0
1769975292.810944,nrm.extra.perf.PAPI_L3_TCM.153505,20882747859.0
1769975293.815042,nrm.extra.perf.PAPI_L3_TCA.153505,203950931266.0
1769975293.815042,nrm.extra.perf.PAPI_TOT_INS.153505,66196338897901.0
1769975293.815042,nrm.extra.perf.PAPI_TOT_CYC.153505,112190870711431.0
1769975293.815042,nrm.extra.perf.PAPI_RES_STL.153505,55728952560758.0
1769975293.815042,nrm.extra.perf.PAPI_L3_TCM.153505,20929543761.0
1769975294.8110352,nrm.extra.perf.PAPI_L3_TCA.153505,204394926043.0
1769975294.8110352,nrm.extra.perf.PAPI_TOT_INS.153505,66340491571831.0
1769975294.8110352,nrm.extra.perf.PAPI_TOT_CYC.153505,112436025941725.0
1769975294.8110352,nrm.extra.perf.PAPI_RES_STL.153505,55850086196456.0
1769975294.8110352,nrm.extra.perf.PAPI_L3_TCM.153505,20975570365.0
1769975295.8140907,nrm.extra.perf.PAPI_L3_TCA.153505,204842291733.0
1769975295.8140907,nrm.extra.perf.PAPI_TOT_INS.153505,66486023741251.0
1769975295.8140907,nrm.extra.perf.PAPI_TOT_CYC.153505,112684993885341.0
1769975295.8140907,nrm.extra.perf.PAPI_RES_STL.153505,55972175117537.0
1769975295.8140907,nrm.extra.perf.PAPI_L3_TCM.153505,21022155158.0
1769975296.8110564,nrm.extra.perf.PAPI_L3_TCA.153505,205291417834.0
1769975296.8110564,nrm.extra.perf.PAPI_TOT_INS.153505,66631658359742.0
1769975296.8110564,nrm.extra.perf.PAPI_TOT_CYC.153505,112932491754231.0
1769975296.8110564,nrm.extra.perf.PAPI_RES_STL.153505,56095032410284.0
1769975296.8110564,nrm.extra.perf.PAPI_L3_TCM.153505,21068790630.0
1769975297.811032,nrm.extra.perf.PAPI_L3_TCA.153505,205742995580.0
1769975297.811032,nrm.extra.perf.PAPI_TOT_INS.153505,66778025617542.0
1769975297.811032,nrm.extra.perf.PAPI_TOT_CYC.153505,113180575790886.0
1769975297.811032,nrm.extra.perf.PAPI_RES_STL.153505,56218214946660.0
1769975297.811032,nrm.extra.perf.PAPI_L3_TCM.153505,21115802026.0
1769975298.8150175,nrm.extra.perf.PAPI_L3_TCA.153505,206195886748.0
1769975298.8150175,nrm.extra.perf.PAPI_TOT_INS.153505,66924973701092.0
1769975298.8150175,nrm.extra.perf.PAPI_TOT_CYC.153505,113429837381659.0
1769975298.8150175,nrm.extra.perf.PAPI_RES_STL.153505,56341667164888.0
1769975298.8150175,nrm.extra.perf.PAPI_L3_TCM.153505,21162378552.0
1769975299.8110368,nrm.extra.perf.PAPI_L3_TCA.153505,206640637731.0
1769975299.8110368,nrm.extra.perf.PAPI_TOT_INS.153505,67069265568461.0
1769975299.8110368,nrm.extra.perf.PAPI_TOT_CYC.153505,113675291441641.0
1769975299.8110368,nrm.extra.perf.PAPI_RES_STL.153505,56462995631145.0
1769975299.8110368,nrm.extra.perf.PAPI_L3_TCM.153505,21208636351.0
1769975300.8110693,nrm.extra.perf.PAPI_L3_TCA.153505,207094375162.0
1769975300.8110693,nrm.extra.perf.PAPI_TOT_INS.153505,67216075919546.0
1769975300.8110693,nrm.extra.perf.PAPI_TOT_CYC.153505,113923557673579.0
1769975300.8110693,nrm.extra.perf.PAPI_RES_STL.153505,56586836729679.0
1769975300.8110693,nrm.extra.perf.PAPI_L3_TCM.153505,21255500389.0
1769975301.8130279,nrm.extra.perf.PAPI_L3_TCA.153505,207549055479.0
1769975301.8130279,nrm.extra.perf.PAPI_TOT_INS.153505,67363311174345.0
1769975301.8130279,nrm.extra.perf.PAPI_TOT_CYC.153505,114172204144102.0
1769975301.8130279,nrm.extra.perf.PAPI_RES_STL.153505,56711057066739.0
1769975301.8130279,nrm.extra.perf.PAPI_L3_TCM.153505,21302332650.0
1769975302.8151066,nrm.extra.perf.PAPI_L3_TCA.153505,207982841979.0
1769975302.8151066,nrm.extra.perf.PAPI_TOT_INS.153505,67504838592970.0
1769975302.8151066,nrm.extra.perf.PAPI_TOT_CYC.153505,114416221276036.0
1769975302.8151066,nrm.extra.perf.PAPI_RES_STL.153505,56829375061913.0
1769975302.8151066,nrm.extra.perf.PAPI_L3_TCM.153505,21347293087.0
1769975303.8108187,nrm.extra.perf.PAPI_L3_TCA.153505,208352645403.0
1769975303.8108187,nrm.extra.perf.PAPI_TOT_INS.153505,67627512378145.0
1769975303.8108187,nrm.extra.perf.PAPI_TOT_CYC.153505,114637798624300.0
1769975303.8108187,nrm.extra.perf.PAPI_RES_STL.153505,56931214156689.0
1769975303.8108187,nrm.extra.perf.PAPI_L3_TCM.153505,21385192136.0
1769975304.8150811,nrm.extra.perf.PAPI_L3_TCA.153505,208808909356.0
1769975304.8150811,nrm.extra.perf.PAPI_TOT_INS.153505,67775515197178.0
1769975304.8150811,nrm.extra.perf.PAPI_TOT_CYC.153505,114888133893143.0
1769975304.8150811,nrm.extra.perf.PAPI_RES_STL.153505,57055511302973.0
1769975304.8150811,nrm.extra.perf.PAPI_L3_TCM.153505,21432263253.0
1769975305.8110566,nrm.extra.perf.PAPI_L3_TCA.153505,209259888134.0
1769975305.8110566,nrm.extra.perf.PAPI_TOT_INS.153505,67921753610753.0
1769975305.8110566,nrm.extra.perf.PAPI_TOT_CYC.153505,115135447723509.0
1769975305.8110566,nrm.extra.perf.PAPI_RES_STL.153505,57178707041743.0
1769975305.8110566,nrm.extra.perf.PAPI_L3_TCM.153505,21478685279.0
1769975306.8110533,nrm.extra.perf.PAPI_L3_TCA.153505,209712063304.0
1769975306.8110533,nrm.extra.perf.PAPI_TOT_INS.153505,68068455786047.0
1769975306.8110533,nrm.extra.perf.PAPI_TOT_CYC.153505,115383566274012.0
1769975306.8110533,nrm.extra.perf.PAPI_RES_STL.153505,57302104436906.0
1769975306.8110533,nrm.extra.perf.PAPI_L3_TCM.153505,21525560846.0
1769975307.8150756,nrm.extra.perf.PAPI_L3_TCA.153505,210165536667.0
1769975307.8150756,nrm.extra.perf.PAPI_TOT_INS.153505,68215495553415.0
1769975307.8150756,nrm.extra.perf.PAPI_TOT_CYC.153505,115632941911294.0
1769975307.8150756,nrm.extra.perf.PAPI_RES_STL.153505,57425747341384.0
1769975307.8150756,nrm.extra.perf.PAPI_L3_TCM.153505,21572520221.0
1769975308.811059,nrm.extra.perf.PAPI_L3_TCA.153505,210617705155.0
1769975308.811059,nrm.extra.perf.PAPI_TOT_INS.153505,68362006144803.0
1769975308.811059,nrm.extra.perf.PAPI_TOT_CYC.153505,115880410656857.0
1769975308.811059,nrm.extra.perf.PAPI_RES_STL.153505,57549305981313.0
1769975308.811059,nrm.extra.perf.PAPI_L3_TCM.153505,21619189624.0
1769975309.8140242,nrm.extra.perf.PAPI_L3_TCA.153505,211072688307.0
1769975309.8140242,nrm.extra.perf.PAPI_TOT_INS.153505,68509547005452.0
1769975309.8140242,nrm.extra.perf.PAPI_TOT_CYC.153505,116129492471722.0
1769975309.8140242,nrm.extra.perf.PAPI_RES_STL.153505,57673422510090.0
1769975309.8140242,nrm.extra.perf.PAPI_L3_TCM.153505,21666118399.0
1769975310.8150818,nrm.extra.perf.PAPI_L3_TCA.153505,211527717095.0
1769975310.8150818,nrm.extra.perf.PAPI_TOT_INS.153505,68656970597848.0
1769975310.8150818,nrm.extra.perf.PAPI_TOT_CYC.153505,116378113966261.0
1769975310.8150818,nrm.extra.perf.PAPI_RES_STL.153505,57797455964067.0
1769975310.8150818,nrm.extra.perf.PAPI_L3_TCM.153505,21713232164.0
1769975311.811011,nrm.extra.perf.PAPI_L3_TCA.153505,211975555399.0
1769975311.811011,nrm.extra.perf.PAPI_TOT_INS.153505,68802181104337.0
1769975311.811011,nrm.extra.perf.PAPI_TOT_CYC.153505,116625424531204.0
1769975311.811011,nrm.extra.perf.PAPI_RES_STL.153505,57919781031739.0
1769975311.811011,nrm.extra.perf.PAPI_L3_TCM.153505,21759562532.0
1769975312.8110294,nrm.extra.perf.PAPI_L3_TCA.153505,212427472910.0
1769975312.8110294,nrm.extra.perf.PAPI_TOT_INS.153505,68948597135737.0
1769975312.8110294,nrm.extra.perf.PAPI_TOT_CYC.153505,116873701870965.0
1769975312.8110294,nrm.extra.perf.PAPI_RES_STL.153505,58043563340226.0
1769975312.8110294,nrm.extra.perf.PAPI_L3_TCM.153505,21806684883.0
1769975313.8130345,nrm.extra.perf.PAPI_L3_TCA.153505,212883355200.0
1769975313.8130345,nrm.extra.perf.PAPI_TOT_INS.153505,69096272650287.0
1769975313.8130345,nrm.extra.perf.PAPI_TOT_CYC.153505,117122569375144.0
1769975313.8130345,nrm.extra.perf.PAPI_RES_STL.153505,58167715667706.0
1769975313.8130345,nrm.extra.perf.PAPI_L3_TCM.153505,21853567141.0
1769975314.8110487,nrm.extra.perf.PAPI_L3_TCA.153505,213329948078.0
1769975314.8110487,nrm.extra.perf.PAPI_TOT_INS.153505,69241411873717.0
1769975314.8110487,nrm.extra.perf.PAPI_TOT_CYC.153505,117370483860917.0
1769975314.8110487,nrm.extra.perf.PAPI_RES_STL.153505,58289716474522.0
1769975314.8110487,nrm.extra.perf.PAPI_L3_TCM.153505,21899817177.0
1769975315.8110623,nrm.extra.perf.PAPI_L3_TCA.153505,213758929133.0
1769975315.8110623,nrm.extra.perf.PAPI_TOT_INS.153505,69381189257031.0
1769975315.8110623,nrm.extra.perf.PAPI_TOT_CYC.153505,117611294151090.0
1769975315.8110623,nrm.extra.perf.PAPI_RES_STL.153505,58406837877619.0
1769975315.8110623,nrm.extra.perf.PAPI_L3_TCM.153505,21944960193.0
1769975316.811028,nrm.extra.perf.PAPI_L3_TCA.153505,214211830620.0
1769975316.811028,nrm.extra.perf.PAPI_TOT_INS.153505,69527912271781.0
1769975316.811028,nrm.extra.perf.PAPI_TOT_CYC.153505,117859636863912.0
1769975316.811028,nrm.extra.perf.PAPI_RES_STL.153505,58530598410715.0
1769975316.811028,nrm.extra.perf.PAPI_L3_TCM.153505,21991593427.0
1769975317.8120286,nrm.extra.perf.PAPI_L3_TCA.153505,214662713502.0
1769975317.8120286,nrm.extra.perf.PAPI_TOT_INS.153505,69674234206365.0
1769975317.8120286,nrm.extra.perf.PAPI_TOT_CYC.153505,118108061133073.0
1769975317.8120286,nrm.extra.perf.PAPI_RES_STL.153505,58653627835804.0
1769975317.8120286,nrm.extra.perf.PAPI_L3_TCM.153505,22038255752.0
1769975318.8110554,nrm.extra.perf.PAPI_L3_TCA.153505,215109664607.0
1769975318.8110554,nrm.extra.perf.PAPI_TOT_INS.153505,69819506771506.0
1769975318.8110554,nrm.extra.perf.PAPI_TOT_CYC.153505,118355832244150.0
1769975318.8110554,nrm.extra.perf.PAPI_RES_STL.153505,58775380107292.0
1769975318.8110554,nrm.extra.perf.PAPI_L3_TCM.153505,22084408526.0
1769975319.8111017,nrm.extra.perf.PAPI_L3_TCA.153505,215562515729.0
1769975319.8111017,nrm.extra.perf.PAPI_TOT_INS.153505,69966401285764.0
1769975319.8111017,nrm.extra.perf.PAPI_TOT_CYC.153505,118604291921916.0
1769975319.8111017,nrm.extra.perf.PAPI_RES_STL.153505,58898954690581.0
1769975319.8111017,nrm.extra.perf.PAPI_L3_TCM.153505,22131324997.0
1769975320.811044,nrm.extra.perf.PAPI_L3_TCA.153505,216015036954.0
1769975320.811044,nrm.extra.perf.PAPI_TOT_INS.153505,70112946863626.0
1769975320.811044,nrm.extra.perf.PAPI_TOT_CYC.153505,118852589606102.0
1769975320.811044,nrm.extra.perf.PAPI_RES_STL.153505,59022527845906.0
1769975320.811044,nrm.extra.perf.PAPI_L3_TCM.153505,22177850067.0
1769975321.813062,nrm.extra.perf.PAPI_L3_TCA.153505,216466890366.0
1769975321.813062,nrm.extra.perf.PAPI_TOT_INS.153505,70259669599531.0
1769975321.813062,nrm.extra.perf.PAPI_TOT_CYC.153505,119101525172158.0
1769975321.813062,nrm.extra.perf.PAPI_RES_STL.153505,59145665032212.0
1769975321.813062,nrm.extra.perf.PAPI_L3_TCM.153505,22224136210.0
1769975322.8150597,nrm.extra.perf.PAPI_L3_TCA.153505,216918934028.0
1769975322.8150597,nrm.extra.perf.PAPI_TOT_INS.153505,70406292890643.0
1769975322.8150597,nrm.extra.perf.PAPI_TOT_CYC.153505,119350126728314.0
1769975322.8150597,nrm.extra.perf.PAPI_RES_STL.153505,59269255298920.0
1769975322.8150597,nrm.extra.perf.PAPI_L3_TCM.153505,22270279313.0
1769975323.8110802,nrm.extra.perf.PAPI_L3_TCA.153505,217369959869.0
1769975323.8110802,nrm.extra.perf.PAPI_TOT_INS.153505,70552488434290.0
1769975323.8110802,nrm.extra.perf.PAPI_TOT_CYC.153505,119597618651613.0
1769975323.8110802,nrm.extra.perf.PAPI_RES_STL.153505,59392234474532.0
1769975323.8110802,nrm.extra.perf.PAPI_L3_TCM.153505,22316489182.0
1769975324.8150353,nrm.extra.perf.PAPI_L3_TCA.153505,217820310798.0
1769975324.8150353,nrm.extra.perf.PAPI_TOT_INS.153505,70698869465522.0
1769975324.8150353,nrm.extra.perf.PAPI_TOT_CYC.153505,119847195242772.0
1769975324.8150353,nrm.extra.perf.PAPI_RES_STL.153505,59515035797523.0
1769975324.8150353,nrm.extra.perf.PAPI_L3_TCM.153505,22362627605.0
1769975325.8110797,nrm.extra.perf.PAPI_L3_TCA.153505,218272267425.0
1769975325.8110797,nrm.extra.perf.PAPI_TOT_INS.153505,70845275507155.0
1769975325.8110797,nrm.extra.perf.PAPI_TOT_CYC.153505,120094537773845.0
1769975325.8110797,nrm.extra.perf.PAPI_RES_STL.153505,59638276746202.0
1769975325.8110797,nrm.extra.perf.PAPI_L3_TCM.153505,22409063553.0
1769975326.811038,nrm.extra.perf.PAPI_L3_TCA.153505,218725208388.0
1769975326.811038,nrm.extra.perf.PAPI_TOT_INS.153505,70991980420626.0
1769975326.811038,nrm.extra.perf.PAPI_TOT_CYC.153505,120342748716439.0
1769975326.811038,nrm.extra.perf.PAPI_RES_STL.153505,59762081789426.0
1769975326.811038,nrm.extra.perf.PAPI_L3_TCM.153505,22455622064.0
1769975327.8110504,nrm.extra.perf.PAPI_L3_TCA.153505,219174712603.0
1769975327.8110504,nrm.extra.perf.PAPI_TOT_INS.153505,71138036426940.0
1769975327.8110504,nrm.extra.perf.PAPI_TOT_CYC.153505,120591245353224.0
1769975327.8110504,nrm.extra.perf.PAPI_RES_STL.153505,59884542090704.0
1769975327.8110504,nrm.extra.perf.PAPI_L3_TCM.153505,22501691798.0
1769975328.815039,nrm.extra.perf.PAPI_L3_TCA.153505,219629858161.0
1769975328.815039,nrm.extra.perf.PAPI_TOT_INS.153505,71285482398758.0
1769975328.815039,nrm.extra.perf.PAPI_TOT_CYC.153505,120840550660007.0
1769975328.815039,nrm.extra.perf.PAPI_RES_STL.153505,60009052223676.0
1769975328.815039,nrm.extra.perf.PAPI_L3_TCM.153505,22548486171.0
1769975329.8109655,nrm.extra.perf.PAPI_L3_TCA.153505,220077945534.0
1769975329.8109655,nrm.extra.perf.PAPI_TOT_INS.153505,71431117264243.0
1769975329.8109655,nrm.extra.perf.PAPI_TOT_CYC.153505,121087976759023.0
1769975329.8109655,nrm.extra.perf.PAPI_RES_STL.153505,60131129008586.0
1769975329.8109655,nrm.extra.perf.PAPI_L3_TCM.153505,22594414912.0
1769975330.8110504,nrm.extra.perf.PAPI_L3_TCA.153505,220530151819.0
1769975330.8110504,nrm.extra.perf.PAPI_TOT_INS.153505,71577565513413.0
1769975330.8110504,nrm.extra.perf.PAPI_TOT_CYC.153505,121336417678037.0
1769975330.8110504,nrm.extra.perf.PAPI_RES_STL.153505,60254705176623.0
1769975330.8110504,nrm.extra.perf.PAPI_L3_TCM.153505,22641227730.0
1769975331.810887,nrm.extra.perf.PAPI_L3_TCA.153505,220943839149.0
1769975331.810887,nrm.extra.perf.PAPI_TOT_INS.153505,71713418208630.0
1769975331.810887,nrm.extra.perf.PAPI_TOT_CYC.153505,121575198566519.0
1769975331.810887,nrm.extra.perf.PAPI_RES_STL.153505,60367968839134.0
1769975331.810887,nrm.extra.perf.PAPI_L3_TCM.153505,22683925167.0
1769975332.810937,nrm.extra.perf.PAPI_L3_TCA.153505,221257387071.0
1769975332.810937,nrm.extra.perf.PAPI_TOT_INS.153505,71819915950332.0
1769975332.810937,nrm.extra.perf.PAPI_TOT_CYC.153505,121777876899506.0
1769975332.810937,nrm.extra.perf.PAPI_RES_STL.153505,60454480648001.0
1769975332.810937,nrm.extra.perf.PAPI_L3_TCM.153505,22716088660.0
1769975333.8110354,nrm.extra.perf.PAPI_L3_TCA.153505,221709460573.0
1769975333.8110354,nrm.extra.perf.PAPI_TOT_INS.153505,71966480325022.0
1769975333.8110354,nrm.extra.perf.PAPI_TOT_CYC.153505,122025943469312.0
1769975333.8110354,nrm.extra.perf.PAPI_RES_STL.153505,60578156822478.0
1769975333.8110354,nrm.extra.perf.PAPI_L3_TCM.153505,22763047617.0
1769975334.8110847,nrm.extra.perf.PAPI_L3_TCA.153505,222163938061.0
1769975334.8110847,nrm.extra.perf.PAPI_TOT_INS.153505,72113881256416.0
1769975334.8110847,nrm.extra.perf.PAPI_TOT_CYC.153505,122274639915781.0
1769975334.8110847,nrm.extra.perf.PAPI_RES_STL.153505,60702017726998.0
1769975334.8110847,nrm.extra.perf.PAPI_L3_TCM.153505,22810140245.0
1769975335.8113205,nrm.extra.perf.PAPI_L3_TCA.153505,222534398273.0
1769975335.8113205,nrm.extra.perf.PAPI_TOT_INS.153505,72237243575294.0
1769975335.8113205,nrm.extra.perf.PAPI_TOT_CYC.153505,122497618882203.0
1769975335.8113205,nrm.extra.perf.PAPI_RES_STL.153505,60803967551879.0
1769975335.8113205,nrm.extra.perf.PAPI_L3_TCM.153505,22848129447.0
1769975336.8138173,nrm.extra.perf.PAPI_L3_TCA.153505,222908932633.0
1769975336.8138173,nrm.extra.perf.PAPI_TOT_INS.153505,72361568760706.0
1769975336.8138173,nrm.extra.perf.PAPI_TOT_CYC.153505,122721138455390.0
1769975336.8138173,nrm.extra.perf.PAPI_RES_STL.153505,60906916656158.0
1769975336.8138173,nrm.extra.perf.PAPI_L3_TCM.153505,22886886377.0
1769975337.8141105,nrm.extra.perf.PAPI_L3_TCA.153505,223359947396.0
1769975337.8141105,nrm.extra.perf.PAPI_TOT_INS.153505,72507924879753.0
1769975337.8141105,nrm.extra.perf.PAPI_TOT_CYC.153505,122969411637613.0
1769975337.8141105,nrm.extra.perf.PAPI_RES_STL.153505,61030144645601.0
1769975337.8141105,nrm.extra.perf.PAPI_L3_TCM.153505,22934291460.0
1769975338.8109915,nrm.extra.perf.PAPI_L3_TCA.153505,223729646935.0
1769975338.8109915,nrm.extra.perf.PAPI_TOT_INS.153505,72630852011317.0
1769975338.8109915,nrm.extra.perf.PAPI_TOT_CYC.153505,123191970901071.0
1769975338.8109915,nrm.extra.perf.PAPI_RES_STL.153505,61132092051788.0
1769975338.8109915,nrm.extra.perf.PAPI_L3_TCM.153505,22972590068.0
1769975339.8110733,nrm.extra.perf.PAPI_L3_TCA.153505,224181857116.0
1769975339.8110733,nrm.extra.perf.PAPI_TOT_INS.153505,72777743164365.0
1769975339.8110733,nrm.extra.perf.PAPI_TOT_CYC.153505,123440376994561.0
1769975339.8110733,nrm.extra.perf.PAPI_RES_STL.153505,61255588824584.0
1769975339.8110733,nrm.extra.perf.PAPI_L3_TCM.153505,23019223561.0
1769975340.8130612,nrm.extra.perf.PAPI_L3_TCA.153505,224634600351.0
1769975340.8130612,nrm.extra.perf.PAPI_TOT_INS.153505,72924780888033.0
1769975340.8130612,nrm.extra.perf.PAPI_TOT_CYC.153505,123688969330324.0
1769975340.8130612,nrm.extra.perf.PAPI_RES_STL.153505,61379232743885.0
1769975340.8130612,nrm.extra.perf.PAPI_L3_TCM.153505,23066168756.0
1769975341.8130326,nrm.extra.perf.PAPI_L3_TCA.153505,225085383878.0
1769975341.8130326,nrm.extra.perf.PAPI_TOT_INS.153505,73071180237106.0
1769975341.8130326,nrm.extra.perf.PAPI_TOT_CYC.153505,123937293725079.0
1769975341.8130326,nrm.extra.perf.PAPI_RES_STL.153505,61502591855164.0
1769975341.8130326,nrm.extra.perf.PAPI_L3_TCM.153505,23113164335.0
1769975342.8108926,nrm.extra.perf.PAPI_L3_TCA.153505,225536590320.0
1769975342.8108926,nrm.extra.perf.PAPI_TOT_INS.153505,73217800628622.0
1769975342.8108926,nrm.extra.perf.PAPI_TOT_CYC.153505,124185219934300.0
1769975342.8108926,nrm.extra.perf.PAPI_RES_STL.153505,61625703508523.0
1769975342.8108926,nrm.extra.perf.PAPI_L3_TCM.153505,23159562591.0
1769975343.8140113,nrm.extra.perf.PAPI_L3_TCA.153505,225990665253.0
1769975343.8140113,nrm.extra.perf.PAPI_TOT_INS.153505,73365042918841.0
1769975343.8140113,nrm.extra.perf.PAPI_TOT_CYC.153505,124434619408636.0
1769975343.8140113,nrm.extra.perf.PAPI_RES_STL.153505,61749705622772.0
1769975343.8140113,nrm.extra.perf.PAPI_L3_TCM.153505,23206814760.0
1769975344.8110425,nrm.extra.perf.PAPI_L3_TCA.153505,226442025577.0
1769975344.8110425,nrm.extra.perf.PAPI_TOT_INS.153505,73511509129666.0
1769975344.8110425,nrm.extra.perf.PAPI_TOT_CYC.153505,124682316156865.0
1769975344.8110425,nrm.extra.perf.PAPI_RES_STL.153505,61873371702375.0
1769975344.8110425,nrm.extra.perf.PAPI_L3_TCM.153505,23253469524.0
1769975345.8150363,nrm.extra.perf.PAPI_L3_TCA.153505,226895648802.0
1769975345.8150363,nrm.extra.perf.PAPI_TOT_INS.153505,73658934293911.0
1769975345.8150363,nrm.extra.perf.PAPI_TOT_CYC.153505,124931629073883.0
1769975345.8150363,nrm.extra.perf.PAPI_RES_STL.153505,61997362955330.0
1769975345.8150363,nrm.extra.perf.PAPI_L3_TCM.153505,23300456024.0
1769975346.8110766,nrm.extra.perf.PAPI_L3_TCA.153505,227345744492.0
1769975346.8110766,nrm.extra.perf.PAPI_TOT_INS.153505,73805200705411.0
1769975346.8110766,nrm.extra.perf.PAPI_TOT_CYC.153505,125179204644703.0
1769975346.8110766,nrm.extra.perf.PAPI_RES_STL.153505,62120183905880.0
1769975346.8110766,nrm.extra.perf.PAPI_L3_TCM.153505,23347033278.0
1769975347.8110654,nrm.extra.perf.PAPI_L3_TCA.153505,227798868479.0
1769975347.8110654,nrm.extra.perf.PAPI_TOT_INS.153505,73952128524302.0
1769975347.8110654,nrm.extra.perf.PAPI_TOT_CYC.153505,125427787132058.0
1769975347.8110654,nrm.extra.perf.PAPI_RES_STL.153505,62244126217284.0
1769975347.8110654,nrm.extra.perf.PAPI_L3_TCM.153505,23394171187.0
1769975348.8130748,nrm.extra.perf.PAPI_L3_TCA.153505,228251333274.0
1769975348.8130748,nrm.extra.perf.PAPI_TOT_INS.153505,74099091195662.0
1769975348.8130748,nrm.extra.perf.PAPI_TOT_CYC.153505,125676638396944.0
1769975348.8130748,nrm.extra.perf.PAPI_RES_STL.153505,62368009805286.0
1769975348.8130748,nrm.extra.perf.PAPI_L3_TCM.153505,23441427735.0
1769975349.8140285,nrm.extra.perf.PAPI_L3_TCA.153505,228704998531.0
1769975349.8140285,nrm.extra.perf.PAPI_TOT_INS.153505,74246484133876.0
1769975349.8140285,nrm.extra.perf.PAPI_TOT_CYC.153505,125925162325955.0
1769975349.8140285,nrm.extra.perf.PAPI_RES_STL.153505,62492082767770.0
1769975349.8140285,nrm.extra.perf.PAPI_L3_TCM.153505,23488995804.0
1769975350.8110347,nrm.extra.perf.PAPI_L3_TCA.153505,229155110524.0
1769975350.8110347,nrm.extra.perf.PAPI_TOT_INS.153505,74392535278167.0
1769975350.8110347,nrm.extra.perf.PAPI_TOT_CYC.153505,126172445303777.0
1769975350.8110347,nrm.extra.perf.PAPI_RES_STL.153505,62615213401295.0
1769975350.8110347,nrm.extra.perf.PAPI_L3_TCM.153505,23536320155.0
1769975351.815009,nrm.extra.perf.PAPI_L3_TCA.153505,229608990144.0
1769975351.815009,nrm.extra.perf.PAPI_TOT_INS.153505,74539914143817.0
1769975351.815009,nrm.extra.perf.PAPI_TOT_CYC.153505,126421734606036.0
1769975351.815009,nrm.extra.perf.PAPI_RES_STL.153505,62739544670916.0
1769975351.815009,nrm.extra.perf.PAPI_L3_TCM.153505,23584159773.0
1769975352.811074,nrm.extra.perf.PAPI_L3_TCA.153505,230060710614.0
1769975352.811074,nrm.extra.perf.PAPI_TOT_INS.153505,74686676854921.0
1769975352.811074,nrm.extra.perf.PAPI_TOT_CYC.153505,126669046786595.0
1769975352.811074,nrm.extra.perf.PAPI_RES_STL.153505,62862999341780.0
1769975352.811074,nrm.extra.perf.PAPI_L3_TCM.153505,23631340569.0
1769975353.8110611,nrm.extra.perf.PAPI_L3_TCA.153505,230513866902.0
1769975353.8110611,nrm.extra.perf.PAPI_TOT_INS.153505,74833840046578.0
1769975353.8110611,nrm.extra.perf.PAPI_TOT_CYC.153505,126917287573546.0
1769975353.8110611,nrm.extra.perf.PAPI_RES_STL.153505,62987157840452.0
1769975353.8110611,nrm.extra.perf.PAPI_L3_TCM.153505,23678666641.0
1769975354.8140204,nrm.extra.perf.PAPI_L3_TCA.153505,230948640086.0
1769975354.8140204,nrm.extra.perf.PAPI_TOT_INS.153505,74975446227501.0
1769975354.8140204,nrm.extra.perf.PAPI_TOT_CYC.153505,127159288156573.0
1769975354.8140204,nrm.extra.perf.PAPI_RES_STL.153505,63106382643040.0
1769975354.8140204,nrm.extra.perf.PAPI_L3_TCM.153505,23724748341.0
1769975355.811079,nrm.extra.perf.PAPI_L3_TCA.153505,231399084756.0
1769975355.811079,nrm.extra.perf.PAPI_TOT_INS.153505,75121810480343.0
1769975355.811079,nrm.extra.perf.PAPI_TOT_CYC.153505,127406561139470.0
1769975355.811079,nrm.extra.perf.PAPI_RES_STL.153505,63229532030026.0
1769975355.811079,nrm.extra.perf.PAPI_L3_TCM.153505,23771438372.0
1769975356.8160226,nrm.extra.perf.PAPI_L3_TCA.153505,231853938618.0
1769975356.8160226,nrm.extra.perf.PAPI_TOT_INS.153505,75269289448255.0
1769975356.8160226,nrm.extra.perf.PAPI_TOT_CYC.153505,127656015277024.0
1769975356.8160226,nrm.extra.perf.PAPI_RES_STL.153505,63353988933993.0
1769975356.8160226,nrm.extra.perf.PAPI_L3_TCM.153505,23818844858.0
1769975357.8110604,nrm.extra.perf.PAPI_L3_TCA.153505,232303821616.0
1769975357.8110604,nrm.extra.perf.PAPI_TOT_INS.153505,75415349554152.0
1769975357.8110604,nrm.extra.perf.PAPI_TOT_CYC.153505,127902969120971.0
1769975357.8110604,nrm.extra.perf.PAPI_RES_STL.153505,63476926669356.0
1769975357.8110604,nrm.extra.perf.PAPI_L3_TCM.153505,23865624416.0
1769975358.8110185,nrm.extra.perf.PAPI_L3_TCA.153505,232756981477.0
1769975358.8110185,nrm.extra.perf.PAPI_TOT_INS.153505,75562442963484.0
1769975358.8110185,nrm.extra.perf.PAPI_TOT_CYC.153505,128151302836354.0
1769975358.8110185,nrm.extra.perf.PAPI_RES_STL.153505,63600830282042.0
1769975358.8110185,nrm.extra.perf.PAPI_L3_TCM.153505,23912745025.0
1769975359.8140135,nrm.extra.perf.PAPI_L3_TCA.153505,233211053031.0
1769975359.8140135,nrm.extra.perf.PAPI_TOT_INS.153505,75709836163503.0
1769975359.8140135,nrm.extra.perf.PAPI_TOT_CYC.153505,128400449241401.0
1769975359.8140135,nrm.extra.perf.PAPI_RES_STL.153505,63724992848313.0
1769975359.8140135,nrm.extra.perf.PAPI_L3_TCM.153505,23960031065.0
1769975360.8110316,nrm.extra.perf.PAPI_L3_TCA.153505,233662522855.0
1769975360.8110316,nrm.extra.perf.PAPI_TOT_INS.153505,75856292875742.0
1769975360.8110316,nrm.extra.perf.PAPI_TOT_CYC.153505,128647950345875.0
1769975360.8110316,nrm.extra.perf.PAPI_RES_STL.153505,63848264246663.0
1769975360.8110316,nrm.extra.perf.PAPI_L3_TCM.153505,24007082751.0
1769975361.8108943,nrm.extra.perf.PAPI_L3_TCA.153505,233996589717.0
1769975361.8108943,nrm.extra.perf.PAPI_TOT_INS.153505,75969464774775.0
1769975361.8108943,nrm.extra.perf.PAPI_TOT_CYC.153505,128860988401488.0
1769975361.8108943,nrm.extra.perf.PAPI_RES_STL.153505,63940629137533.0
1769975361.8108943,nrm.extra.perf.PAPI_L3_TCM.153505,24041491780.0
1769975362.8150043,nrm.extra.perf.PAPI_L3_TCA.153505,234437569684.0
1769975362.8150043,nrm.extra.perf.PAPI_TOT_INS.153505,76112689420324.0
1769975362.8150043,nrm.extra.perf.PAPI_TOT_CYC.153505,129104596319899.0
1769975362.8150043,nrm.extra.perf.PAPI_RES_STL.153505,64061392437705.0
1769975362.8150043,nrm.extra.perf.PAPI_L3_TCM.153505,24087511735.0
1769975363.811071,nrm.extra.perf.PAPI_L3_TCA.153505,234888575480.0
1769975363.811071,nrm.extra.perf.PAPI_TOT_INS.153505,76258970829640.0
1769975363.811071,nrm.extra.perf.PAPI_TOT_CYC.153505,129351962208636.0
1769975363.811071,nrm.extra.perf.PAPI_RES_STL.153505,64184485477404.0
1769975363.811071,nrm.extra.perf.PAPI_L3_TCM.153505,24134433099.0
1769975364.8109028,nrm.extra.perf.PAPI_L3_TCA.153505,235236250741.0
1769975364.8109028,nrm.extra.perf.PAPI_TOT_INS.153505,76375948354569.0
1769975364.8109028,nrm.extra.perf.PAPI_TOT_CYC.153505,129569584289036.0
1769975364.8109028,nrm.extra.perf.PAPI_RES_STL.153505,64280611130262.0
1769975364.8109028,nrm.extra.perf.PAPI_L3_TCM.153505,24170447773.0
1769975365.811954,nrm.extra.perf.PAPI_L3_TCA.153505,235670405754.0
1769975365.811954,nrm.extra.perf.PAPI_TOT_INS.153505,76517540351440.0
1769975365.811954,nrm.extra.perf.PAPI_TOT_CYC.153505,129812594356057.0
1769975365.811954,nrm.extra.perf.PAPI_RES_STL.153505,64399418844468.0
1769975365.811954,nrm.extra.perf.PAPI_L3_TCM.153505,24215488722.0
1769975366.8120484,nrm.extra.perf.PAPI_L3_TCA.153505,236119355708.0
1769975366.8120484,nrm.extra.perf.PAPI_TOT_INS.153505,76663512343751.0
1769975366.8120484,nrm.extra.perf.PAPI_TOT_CYC.153505,130060032811714.0
1769975366.8120484,nrm.extra.perf.PAPI_RES_STL.153505,64521990370053.0
1769975366.8120484,nrm.extra.perf.PAPI_L3_TCM.153505,24262300038.0
1769975367.8110757,nrm.extra.perf.PAPI_L3_TCA.153505,236566904331.0
1769975367.8110757,nrm.extra.perf.PAPI_TOT_INS.153505,76809030643985.0
1769975367.8110757,nrm.extra.perf.PAPI_TOT_CYC.153505,130308035054132.0
1769975367.8110757,nrm.extra.perf.PAPI_RES_STL.153505,64644354910467.0
1769975367.8110757,nrm.extra.perf.PAPI_L3_TCM.153505,24308475366.0
1769975368.8111165,nrm.extra.perf.PAPI_L3_TCA.153505,237020355057.0
1769975368.8111165,nrm.extra.perf.PAPI_TOT_INS.153505,76956145528306.0
1769975368.8111165,nrm.extra.perf.PAPI_TOT_CYC.153505,130556327136693.0
1769975368.8111165,nrm.extra.perf.PAPI_RES_STL.153505,64768304556389.0
1769975368.8111165,nrm.extra.perf.PAPI_L3_TCM.153505,24354960923.0
1769975369.8160138,nrm.extra.perf.PAPI_L3_TCA.153505,237424259602.0
1769975369.8160138,nrm.extra.perf.PAPI_TOT_INS.153505,77089103269988.0
1769975369.8160138,nrm.extra.perf.PAPI_TOT_CYC.153505,130791400899731.0
1769975369.8160138,nrm.extra.perf.PAPI_RES_STL.153505,64879233633826.0
1769975369.8160138,nrm.extra.perf.PAPI_L3_TCM.153505,24396744968.0
1769975370.8110461,nrm.extra.perf.PAPI_L3_TCA.153505,237874193420.0
1769975370.8110461,nrm.extra.perf.PAPI_TOT_INS.153505,77235133007381.0
1769975370.8110461,nrm.extra.perf.PAPI_TOT_CYC.153505,131038437419664.0
1769975370.8110461,nrm.extra.perf.PAPI_RES_STL.153505,65002061485383.0
1769975370.8110461,nrm.extra.perf.PAPI_L3_TCM.153505,24443157944.0
1769975371.8110826,nrm.extra.perf.PAPI_L3_TCA.153505,238327505247.0
1769975371.8110826,nrm.extra.perf.PAPI_TOT_INS.153505,77382164244380.0
1769975371.8110826,nrm.extra.perf.PAPI_TOT_CYC.153505,131286683919993.0
1769975371.8110826,nrm.extra.perf.PAPI_RES_STL.153505,65125930909547.0
1769975371.8110826,nrm.extra.perf.PAPI_L3_TCM.153505,24489966154.0
1769975372.8140411,nrm.extra.perf.PAPI_L3_TCA.153505,238780670243.0
1769975372.8140411,nrm.extra.perf.PAPI_TOT_INS.153505,77529130490744.0
1769975372.8140411,nrm.extra.perf.PAPI_TOT_CYC.153505,131535610413231.0
1769975372.8140411,nrm.extra.perf.PAPI_RES_STL.153505,65249854268942.0
1769975372.8140411,nrm.extra.perf.PAPI_L3_TCM.153505,24536476122.0
1769975373.8110828,nrm.extra.perf.PAPI_L3_TCA.153505,239226453798.0
1769975373.8110828,nrm.extra.perf.PAPI_TOT_INS.153505,77674203472221.0
1769975373.8110828,nrm.extra.perf.PAPI_TOT_CYC.153505,131782975312081.0
1769975373.8110828,nrm.extra.perf.PAPI_RES_STL.153505,65371516644413.0
1769975373.8110828,nrm.extra.perf.PAPI_L3_TCM.153505,24582422205.0
1769975374.8110778,nrm.extra.perf.PAPI_L3_TCA.153505,239677878383.0
1769975374.8110778,nrm.extra.perf.PAPI_TOT_INS.153505,77820658870043.0
1769975374.8110778,nrm.extra.perf.PAPI_TOT_CYC.153505,132031201411917.0
1769975374.8110778,nrm.extra.perf.PAPI_RES_STL.153505,65494931665698.0
1769975374.8110778,nrm.extra.perf.PAPI_L3_TCM.153505,24628838114.0
1769975375.8110588,nrm.extra.perf.PAPI_L3_TCA.153505,240128493891.0
1769975375.8110588,nrm.extra.perf.PAPI_TOT_INS.153505,77966993393238.0
1769975375.8110588,nrm.extra.perf.PAPI_TOT_CYC.153505,132279409229438.0
1769975375.8110588,nrm.extra.perf.PAPI_RES_STL.153505,65618149703772.0
1769975375.8110588,nrm.extra.perf.PAPI_L3_TCM.153505,24674997423.0
1769975376.8140066,nrm.extra.perf.PAPI_L3_TCA.153505,240582024308.0
1769975376.8140066,nrm.extra.perf.PAPI_TOT_INS.153505,78114241965605.0
1769975376.8140066,nrm.extra.perf.PAPI_TOT_CYC.153505,132528319917471.0
1769975376.8140066,nrm.extra.perf.PAPI_RES_STL.153505,65742203007947.0
1769975376.8140066,nrm.extra.perf.PAPI_L3_TCM.153505,24721248103.0
1769975377.8110101,nrm.extra.perf.PAPI_L3_TCA.153505,241033449511.0
1769975377.8110101,nrm.extra.perf.PAPI_TOT_INS.153505,78260527897999.0
1769975377.8110101,nrm.extra.perf.PAPI_TOT_CYC.153505,132775824092367.0
1769975377.8110101,nrm.extra.perf.PAPI_RES_STL.153505,65865324518716.0
1769975377.8110101,nrm.extra.perf.PAPI_L3_TCM.153505,24767907721.0
1769975378.8130052,nrm.extra.perf.PAPI_L3_TCA.153505,241488101629.0
1769975378.8130052,nrm.extra.perf.PAPI_TOT_INS.153505,78407954196509.0
1769975378.8130052,nrm.extra.perf.PAPI_TOT_CYC.153505,133024613226728.0
1769975378.8130052,nrm.extra.perf.PAPI_RES_STL.153505,65989573617428.0
1769975378.8130052,nrm.extra.perf.PAPI_L3_TCM.153505,24814513195.0
1769975379.811057,nrm.extra.perf.PAPI_L3_TCA.153505,241940455525.0
1769975379.811057,nrm.extra.perf.PAPI_TOT_INS.153505,78554755233123.0
1769975379.811057,nrm.extra.perf.PAPI_TOT_CYC.153505,133272543522995.0
1769975379.811057,nrm.extra.perf.PAPI_RES_STL.153505,66113190255339.0
1769975379.811057,nrm.extra.perf.PAPI_L3_TCM.153505,24860815678.0
1769975380.81104,nrm.extra.perf.PAPI_L3_TCA.153505,242394387559.0
1769975380.81104,nrm.extra.perf.PAPI_TOT_INS.153505,78701988250914.0
1769975380.81104,nrm.extra.perf.PAPI_TOT_CYC.153505,133520850869351.0
1769975380.81104,nrm.extra.perf.PAPI_RES_STL.153505,66237216741294.0
1769975380.81104,nrm.extra.perf.PAPI_L3_TCM.153505,24907190659.0
1769975381.8160098,nrm.extra.perf.PAPI_L3_TCA.153505,242848535265.0
1769975381.8160098,nrm.extra.perf.PAPI_TOT_INS.153505,78849206069916.0
1769975381.8160098,nrm.extra.perf.PAPI_TOT_CYC.153505,133770402140739.0
1769975381.8160098,nrm.extra.perf.PAPI_RES_STL.153505,66361510386287.0
1769975381.8160098,nrm.extra.perf.PAPI_L3_TCM.153505,24953804779.0
1769975382.8110373,nrm.extra.perf.PAPI_L3_TCA.153505,243298574256.0
1769975382.8110373,nrm.extra.perf.PAPI_TOT_INS.153505,78995264075670.0
1769975382.8110373,nrm.extra.perf.PAPI_TOT_CYC.153505,134017380317277.0
1769975382.8110373,nrm.extra.perf.PAPI_RES_STL.153505,66484520864280.0
1769975382.8110373,nrm.extra.perf.PAPI_L3_TCM.153505,25000043921.0
1769975383.8110785,nrm.extra.perf.PAPI_L3_TCA.153505,243750855497.0
1769975383.8110785,nrm.extra.perf.PAPI_TOT_INS.153505,79142120466317.0
1769975383.8110785,nrm.extra.perf.PAPI_TOT_CYC.153505,134265623011061.0
1769975383.8110785,nrm.extra.perf.PAPI_RES_STL.153505,66608015218265.0
1769975383.8110785,nrm.extra.perf.PAPI_L3_TCM.153505,25046424178.0
1769975384.8140113,nrm.extra.perf.PAPI_L3_TCA.153505,244204161699.0
1769975384.8140113,nrm.extra.perf.PAPI_TOT_INS.153505,79289249095188.0
1769975384.8140113,nrm.extra.perf.PAPI_TOT_CYC.153505,134514677197793.0
1769975384.8140113,nrm.extra.perf.PAPI_RES_STL.153505,66731956171716.0
1769975384.8140113,nrm.extra.perf.PAPI_L3_TCM.153505,25092871120.0
1769975385.8110206,nrm.extra.perf.PAPI_L3_TCA.153505,244653220042.0
1769975385.8110206,nrm.extra.perf.PAPI_TOT_INS.153505,79434825897075.0
1769975385.8110206,nrm.extra.perf.PAPI_TOT_CYC.153505,134762211757462.0
1769975385.8110206,nrm.extra.perf.PAPI_RES_STL.153505,66854726026871.0
1769975385.8110206,nrm.extra.perf.PAPI_L3_TCM.153505,25139219868.0
1769975386.8130245,nrm.extra.perf.PAPI_L3_TCA.153505,245106339379.0
1769975386.8130245,nrm.extra.perf.PAPI_TOT_INS.153505,79581863401088.0
1769975386.8130245,nrm.extra.perf.PAPI_TOT_CYC.153505,135010891648756.0
1769975386.8130245,nrm.extra.perf.PAPI_RES_STL.153505,66978642600061.0
1769975386.8130245,nrm.extra.perf.PAPI_L3_TCM.153505,25185796751.0
1769975387.81406,nrm.extra.perf.PAPI_L3_TCA.153505,245560966133.0
1769975387.81406,nrm.extra.perf.PAPI_TOT_INS.153505,79729334126108.0
1769975387.81406,nrm.extra.perf.PAPI_TOT_CYC.153505,135259475026761.0
1769975387.81406,nrm.extra.perf.PAPI_RES_STL.153505,67102660544180.0
1769975387.81406,nrm.extra.perf.PAPI_L3_TCM.153505,25232396900.0
1769975388.8110526,nrm.extra.perf.PAPI_L3_TCA.153505,246013429635.0
1769975388.8110526,nrm.extra.perf.PAPI_TOT_INS.153505,79875986748577.0
1769975388.8110526,nrm.extra.perf.PAPI_TOT_CYC.153505,135507092505866.0
1769975388.8110526,nrm.extra.perf.PAPI_RES_STL.153505,67226482917388.0
1769975388.8110526,nrm.extra.perf.PAPI_L3_TCM.153505,25278691698.0
1769975389.8159916,nrm.extra.perf.PAPI_L3_TCA.153505,246469438023.0
1769975389.8159916,nrm.extra.perf.PAPI_TOT_INS.153505,80023726026119.0
1769975389.8159916,nrm.extra.perf.PAPI_TOT_CYC.153505,135756651083203.0
1769975389.8159916,nrm.extra.perf.PAPI_RES_STL.153505,67350967096070.0
1769975389.8159916,nrm.extra.perf.PAPI_L3_TCM.153505,25325501728.0
1769975390.8110619,nrm.extra.perf.PAPI_L3_TCA.153505,246920912763.0
1769975390.8110619,nrm.extra.perf.PAPI_TOT_INS.153505,80170170531653.0
1769975390.8110619,nrm.extra.perf.PAPI_TOT_CYC.153505,136003596673150.0
1769975390.8110619,nrm.extra.perf.PAPI_RES_STL.153505,67474227448880.0
1769975390.8110619,nrm.extra.perf.PAPI_L3_TCM.153505,25371826855.0
1769975391.8150077,nrm.extra.perf.PAPI_L3_TCA.153505,247376708220.0
1769975391.8150077,nrm.extra.perf.PAPI_TOT_INS.153505,80317916345196.0
1769975391.8150077,nrm.extra.perf.PAPI_TOT_CYC.153505,136252960453063.0
1769975391.8150077,nrm.extra.perf.PAPI_RES_STL.153505,67598908765895.0
1769975391.8150077,nrm.extra.perf.PAPI_L3_TCM.153505,25418252256.0
1769975392.8110194,nrm.extra.perf.PAPI_L3_TCA.153505,247828412159.0
1769975392.8110194,nrm.extra.perf.PAPI_TOT_INS.153505,80464323597092.0
1769975392.8110194,nrm.extra.perf.PAPI_TOT_CYC.153505,136500110769190.0
1769975392.8110194,nrm.extra.perf.PAPI_RES_STL.153505,67722077682348.0
1769975392.8110194,nrm.extra.perf.PAPI_L3_TCM.153505,25464451174.0
1769975393.8110394,nrm.extra.perf.PAPI_L3_TCA.153505,248282301854.0
1769975393.8110394,nrm.extra.perf.PAPI_TOT_INS.153505,80611452445132.0
1769975393.8110394,nrm.extra.perf.PAPI_TOT_CYC.153505,136748414493921.0
1769975393.8110394,nrm.extra.perf.PAPI_RES_STL.153505,67846161526302.0
1769975393.8110394,nrm.extra.perf.PAPI_L3_TCM.153505,25511073065.0
1769975394.8160496,nrm.extra.perf.PAPI_L3_TCA.153505,248738444005.0
1769975394.8160496,nrm.extra.perf.PAPI_TOT_INS.153505,80759370365814.0
1769975394.8160496,nrm.extra.perf.PAPI_TOT_CYC.153505,136997909026877.0
1769975394.8160496,nrm.extra.perf.PAPI_RES_STL.153505,67970775362827.0
1769975394.8160496,nrm.extra.perf.PAPI_L3_TCM.153505,25558000596.0
1769975395.8110635,nrm.extra.perf.PAPI_L3_TCA.153505,249188407793.0
1769975395.8110635,nrm.extra.perf.PAPI_TOT_INS.153505,80905328426837.0
1769975395.8110635,nrm.extra.perf.PAPI_TOT_CYC.153505,137244894094335.0
1769975395.8110635,nrm.extra.perf.PAPI_RES_STL.153505,68093807312281.0
1769975395.8110635,nrm.extra.perf.PAPI_L3_TCM.153505,25604151942.0
1769975396.8110566,nrm.extra.perf.PAPI_L3_TCA.153505,249641186186.0
1769975396.8110566,nrm.extra.perf.PAPI_TOT_INS.153505,81052054442272.0
1769975396.8110566,nrm.extra.perf.PAPI_TOT_CYC.153505,137493190730225.0
1769975396.8110566,nrm.extra.perf.PAPI_RES_STL.153505,68217512799222.0
1769975396.8110566,nrm.extra.perf.PAPI_L3_TCM.153505,25650811968.0
1769975397.8130867,nrm.extra.perf.PAPI_L3_TCA.153505,250095682146.0
1769975397.8130867,nrm.extra.perf.PAPI_TOT_INS.153505,81199517092341.0
1769975397.8130867,nrm.extra.perf.PAPI_TOT_CYC.153505,137741934940689.0
1769975397.8130867,nrm.extra.perf.PAPI_RES_STL.153505,68341634836507.0
1769975397.8130867,nrm.extra.perf.PAPI_L3_TCM.153505,25697192684.0
1769975398.8160167,nrm.extra.perf.PAPI_L3_TCA.153505,250550080667.0
1769975398.8160167,nrm.extra.perf.PAPI_TOT_INS.153505,81346873875406.0
1769975398.8160167,nrm.extra.perf.PAPI_TOT_CYC.153505,137990889742453.0
1769975398.8160167,nrm.extra.perf.PAPI_RES_STL.153505,68465987121317.0
1769975398.8160167,nrm.extra.perf.PAPI_L3_TCM.153505,25743804726.0
1769975399.8111305,nrm.extra.perf.PAPI_L3_TCA.153505,250999278850.0
1769975399.8111305,nrm.extra.perf.PAPI_TOT_INS.153505,81492757465010.0
1769975399.8111305,nrm.extra.perf.PAPI_TOT_CYC.153505,138237531743094.0
1769975399.8111305,nrm.extra.perf.PAPI_RES_STL.153505,68588578716793.0
1769975399.8111305,nrm.extra.perf.PAPI_L3_TCM.153505,25789899795.0
1769975400.8110383,nrm.extra.perf.PAPI_L3_TCA.153505,251445781196.0
1769975400.8110383,nrm.extra.perf.PAPI_TOT_INS.153505,81637802562515.0
1769975400.8110383,nrm.extra.perf.PAPI_TOT_CYC.153505,138483613812324.0
1769975400.8110383,nrm.extra.perf.PAPI_RES_STL.153505,68710685697998.0
1769975400.8110383,nrm.extra.perf.PAPI_L3_TCM.153505,25835882847.0
1769975401.814065,nrm.extra.perf.PAPI_L3_TCA.153505,251895588318.0
1769975401.814065,nrm.extra.perf.PAPI_TOT_INS.153505,81783746503983.0
1769975401.814065,nrm.extra.perf.PAPI_TOT_CYC.153505,138731930791090.0
1769975401.814065,nrm.extra.perf.PAPI_RES_STL.153505,68833593352705.0
1769975401.814065,nrm.extra.perf.PAPI_L3_TCM.153505,25882729394.0
1769975402.8110383,nrm.extra.perf.PAPI_L3_TCA.153505,252347601558.0
1769975402.8110383,nrm.extra.perf.PAPI_TOT_INS.153505,81930276941127.0
1769975402.8110383,nrm.extra.perf.PAPI_TOT_CYC.153505,138979391509812.0
1769975402.8110383,nrm.extra.perf.PAPI_RES_STL.153505,68957228756758.0
1769975402.8110383,nrm.extra.perf.PAPI_L3_TCM.153505,25929193870.0
1769975403.8110206,nrm.extra.perf.PAPI_L3_TCA.153505,252800898019.0
1769975403.8110206,nrm.extra.perf.PAPI_TOT_INS.153505,82077357906914.0
1769975403.8110206,nrm.extra.perf.PAPI_TOT_CYC.153505,139227651039533.0
1769975403.8110206,nrm.extra.perf.PAPI_RES_STL.153505,69081094089498.0
1769975403.8110206,nrm.extra.perf.PAPI_L3_TCM.153505,25975301900.0
1769975404.811048,nrm.extra.perf.PAPI_L3_TCA.153505,253254459721.0
1769975404.811048,nrm.extra.perf.PAPI_TOT_INS.153505,82224441026622.0
1769975404.811048,nrm.extra.perf.PAPI_TOT_CYC.153505,139475877437614.0
1769975404.811048,nrm.extra.perf.PAPI_RES_STL.153505,69205111463917.0
1769975404.811048,nrm.extra.perf.PAPI_L3_TCM.153505,26021684419.0
1769975405.8140268,nrm.extra.perf.PAPI_L3_TCA.153505,253707454105.0
1769975405.8140268,nrm.extra.perf.PAPI_TOT_INS.153505,82371316940842.0
1769975405.8140268,nrm.extra.perf.PAPI_TOT_CYC.153505,139724754631778.0
1769975405.8140268,nrm.extra.perf.PAPI_RES_STL.153505,69328889529814.0
1769975405.8140268,nrm.extra.perf.PAPI_L3_TCM.153505,26068189067.0
1769975406.810997,nrm.extra.perf.PAPI_L3_TCA.153505,254158956046.0
1769975406.810997,nrm.extra.perf.PAPI_TOT_INS.153505,82517811792117.0
1769975406.810997,nrm.extra.perf.PAPI_TOT_CYC.153505,139972196424470.0
1769975406.810997,nrm.extra.perf.PAPI_RES_STL.153505,69452195061339.0
1769975406.810997,nrm.extra.perf.PAPI_L3_TCM.153505,26114570793.0
1769975407.8111103,nrm.extra.perf.PAPI_L3_TCA.153505,254610301610.0
1769975407.8111103,nrm.extra.perf.PAPI_TOT_INS.153505,82664401450484.0
1769975407.8111103,nrm.extra.perf.PAPI_TOT_CYC.153505,140220447356229.0
1769975407.8111103,nrm.extra.perf.PAPI_RES_STL.153505,69575416971498.0
1769975407.8111103,nrm.extra.perf.PAPI_L3_TCM.153505,26160560985.0
1769975408.8111022,nrm.extra.perf.PAPI_L3_TCA.153505,255062432388.0
1769975408.8111022,nrm.extra.perf.PAPI_TOT_INS.153505,82811094840641.0
1769975408.8111022,nrm.extra.perf.PAPI_TOT_CYC.153505,140468921943259.0
1769975408.8111022,nrm.extra.perf.PAPI_RES_STL.153505,69699154593658.0
1769975408.8111022,nrm.extra.perf.PAPI_L3_TCM.153505,26206820030.0
1769975409.8150253,nrm.extra.perf.PAPI_L3_TCA.153505,255517964415.0
1769975409.8150253,nrm.extra.perf.PAPI_TOT_INS.153505,82958659562258.0
1769975409.8150253,nrm.extra.perf.PAPI_TOT_CYC.153505,140718167047613.0
1769975409.8150253,nrm.extra.perf.PAPI_RES_STL.153505,69823601418217.0
1769975409.8150253,nrm.extra.perf.PAPI_L3_TCM.153505,26253466036.0
1769975410.811084,nrm.extra.perf.PAPI_L3_TCA.153505,255969898418.0
1769975410.811084,nrm.extra.perf.PAPI_TOT_INS.153505,83105228889791.0
1769975410.811084,nrm.extra.perf.PAPI_TOT_CYC.153505,140965408305581.0
1769975410.811084,nrm.extra.perf.PAPI_RES_STL.153505,69946961792368.0
1769975410.811084,nrm.extra.perf.PAPI_L3_TCM.153505,26299832703.0
1769975411.8130724,nrm.extra.perf.PAPI_L3_TCA.153505,256423884196.0
1769975411.8130724,nrm.extra.perf.PAPI_TOT_INS.153505,83252442707664.0
1769975411.8130724,nrm.extra.perf.PAPI_TOT_CYC.153505,141213943724289.0
1769975411.8130724,nrm.extra.perf.PAPI_RES_STL.153505,70071004695543.0
1769975411.8130724,nrm.extra.perf.PAPI_L3_TCM.153505,26346407632.0
1769975412.8140588,nrm.extra.perf.PAPI_L3_TCA.153505,256877469242.0
1769975412.8140588,nrm.extra.perf.PAPI_TOT_INS.153505,83399500331187.0
1769975412.8140588,nrm.extra.perf.PAPI_TOT_CYC.153505,141462240533895.0
1769975412.8140588,nrm.extra.perf.PAPI_RES_STL.153505,70194954707957.0
1769975412.8140588,nrm.extra.perf.PAPI_L3_TCM.153505,26392834737.0
1769975413.8110251,nrm.extra.perf.PAPI_L3_TCA.153505,257327909352.0
1769975413.8110251,nrm.extra.perf.PAPI_TOT_INS.153505,83545498233554.0
1769975413.8110251,nrm.extra.perf.PAPI_TOT_CYC.153505,141709490135490.0
1769975413.8110251,nrm.extra.perf.PAPI_RES_STL.153505,70318024758566.0
1769975413.8110251,nrm.extra.perf.PAPI_L3_TCM.153505,26439148509.0
1769975414.8149343,nrm.extra.perf.PAPI_L3_TCA.153505,257775369720.0
1769975414.8149343,nrm.extra.perf.PAPI_TOT_INS.153505,83690837446380.0
1769975414.8149343,nrm.extra.perf.PAPI_TOT_CYC.153505,141956288899951.0
1769975414.8149343,nrm.extra.perf.PAPI_RES_STL.153505,70440413214504.0
1769975414.8149343,nrm.extra.perf.PAPI_L3_TCM.153505,26485364722.0
1769975415.8110387,nrm.extra.perf.PAPI_L3_TCA.153505,258226374431.0
1769975415.8110387,nrm.extra.perf.PAPI_TOT_INS.153505,83837117356872.0
1769975415.8110387,nrm.extra.perf.PAPI_TOT_CYC.153505,142203452849272.0
1769975415.8110387,nrm.extra.perf.PAPI_RES_STL.153505,70563798224284.0
1769975415.8110387,nrm.extra.perf.PAPI_L3_TCM.153505,26531485946.0
1769975416.816089,nrm.extra.perf.PAPI_L3_TCA.153505,258680592043.0
1769975416.816089,nrm.extra.perf.PAPI_TOT_INS.153505,83984552762031.0
1769975416.816089,nrm.extra.perf.PAPI_TOT_CYC.153505,142452557598880.0
1769975416.816089,nrm.extra.perf.PAPI_RES_STL.153505,70687897377473.0
1769975416.816089,nrm.extra.perf.PAPI_L3_TCM.153505,26578108657.0
1769975417.8110101,nrm.extra.perf.PAPI_L3_TCA.153505,259130475339.0
1769975417.8110101,nrm.extra.perf.PAPI_TOT_INS.153505,84130489273856.0
1769975417.8110101,nrm.extra.perf.PAPI_TOT_CYC.153505,142699308883527.0
1769975417.8110101,nrm.extra.perf.PAPI_RES_STL.153505,70810938117383.0
1769975417.8110101,nrm.extra.perf.PAPI_L3_TCM.153505,26624197000.0
1769975418.8110445,nrm.extra.perf.PAPI_L3_TCA.153505,259581115514.0
1769975418.8110445,nrm.extra.perf.PAPI_TOT_INS.153505,84276679171733.0
1769975418.8110445,nrm.extra.perf.PAPI_TOT_CYC.153505,142947253004238.0
1769975418.8110445,nrm.extra.perf.PAPI_RES_STL.153505,70933898416356.0
1769975418.8110445,nrm.extra.perf.PAPI_L3_TCM.153505,26670812233.0
1769975419.8150988,nrm.extra.perf.PAPI_L3_TCA.153505,260035351539.0
1769975419.8150988,nrm.extra.perf.PAPI_TOT_INS.153505,84424132014803.0
1769975419.8150988,nrm.extra.perf.PAPI_TOT_CYC.153505,143196390177445.0
1769975419.8150988,nrm.extra.perf.PAPI_RES_STL.153505,71057934155851.0
1769975419.8150988,nrm.extra.perf.PAPI_L3_TCM.153505,26717187248.0
1769975420.8110802,nrm.extra.perf.PAPI_L3_TCA.153505,260486407679.0
1769975420.8110802,nrm.extra.perf.PAPI_TOT_INS.153505,84570409010839.0
1769975420.8110802,nrm.extra.perf.PAPI_TOT_CYC.153505,143443530887592.0
1769975420.8110802,nrm.extra.perf.PAPI_RES_STL.153505,71181310474898.0
1769975420.8110802,nrm.extra.perf.PAPI_L3_TCM.153505,26763288708.0
1769975421.8110695,nrm.extra.perf.PAPI_L3_TCA.153505,260939982341.0
1769975421.8110695,nrm.extra.perf.PAPI_TOT_INS.153505,84717497502142.0
1769975421.8110695,nrm.extra.perf.PAPI_TOT_CYC.153505,143691721037110.0
1769975421.8110695,nrm.extra.perf.PAPI_RES_STL.153505,71305248519135.0
1769975421.8110695,nrm.extra.perf.PAPI_L3_TCM.153505,26809876393.0
1769975422.8110101,nrm.extra.perf.PAPI_L3_TCA.153505,261392992908.0
1769975422.8110101,nrm.extra.perf.PAPI_TOT_INS.153505,84864268083998.0
1769975422.8110101,nrm.extra.perf.PAPI_TOT_CYC.153505,143939908046219.0
1769975422.8110101,nrm.extra.perf.PAPI_RES_STL.153505,71428927788969.0
1769975422.8110101,nrm.extra.perf.PAPI_L3_TCM.153505,26856770906.0
1769975423.811052,nrm.extra.perf.PAPI_L3_TCA.153505,261846275810.0
1769975423.811052,nrm.extra.perf.PAPI_TOT_INS.153505,85011317960302.0
1769975423.811052,nrm.extra.perf.PAPI_TOT_CYC.153505,144188090302878.0
1769975423.811052,nrm.extra.perf.PAPI_RES_STL.153505,71552828824295.0
1769975423.811052,nrm.extra.perf.PAPI_L3_TCM.153505,26903315377.0
1769975424.8106732,nrm.extra.perf.PAPI_L3_TCA.153505,262275994251.0
1769975424.8106732,nrm.extra.perf.PAPI_TOT_INS.153505,85152063016067.0
1769975424.8106732,nrm.extra.perf.PAPI_TOT_CYC.153505,144431655164914.0
1769975424.8106732,nrm.extra.perf.PAPI_RES_STL.153505,71670294567641.0
1769975424.8106732,nrm.extra.perf.PAPI_L3_TCM.153505,26948042614.0
1769975425.81305,nrm.extra.perf.PAPI_L3_TCA.153505,262730665338.0
1769975425.81305,nrm.extra.perf.PAPI_TOT_INS.153505,85299324833188.0
1769975425.81305,nrm.extra.perf.PAPI_TOT_CYC.153505,144680443710508.0
1769975425.81305,nrm.extra.perf.PAPI_RES_STL.153505,71794543443812.0
1769975425.81305,nrm.extra.perf.PAPI_L3_TCM.153505,26995245240.0
1769975426.8110166,nrm.extra.perf.PAPI_L3_TCA.153505,263182167821.0
1769975426.8110166,nrm.extra.perf.PAPI_TOT_INS.153505,85445735046290.0
1769975426.8110166,nrm.extra.perf.PAPI_TOT_CYC.153505,144927969326998.0
1769975426.8110166,nrm.extra.perf.PAPI_RES_STL.153505,71918055726435.0
1769975426.8110166,nrm.extra.perf.PAPI_L3_TCM.153505,27041888817.0
1769975427.8160236,nrm.extra.perf.PAPI_L3_TCA.153505,263638310170.0
1769975427.8160236,nrm.extra.perf.PAPI_TOT_INS.153505,85593677280194.0
1769975427.8160236,nrm.extra.perf.PAPI_TOT_CYC.153505,145177377444502.0
1769975427.8160236,nrm.extra.perf.PAPI_RES_STL.153505,72042704760134.0
1769975427.8160236,nrm.extra.perf.PAPI_L3_TCM.153505,27088788482.0
1769975428.8108027,nrm.extra.perf.PAPI_L3_TCA.153505,264086311074.0
1769975428.8108027,nrm.extra.perf.PAPI_TOT_INS.153505,85739273659993.0
1769975428.8108027,nrm.extra.perf.PAPI_TOT_CYC.153505,145424047393669.0
1769975428.8108027,nrm.extra.perf.PAPI_RES_STL.153505,72164897658813.0
1769975428.8108027,nrm.extra.perf.PAPI_L3_TCM.153505,27134839079.0
1769975429.8130794,nrm.extra.perf.PAPI_L3_TCA.153505,264538724292.0
1769975429.8130794,nrm.extra.perf.PAPI_TOT_INS.153505,85885905718623.0
1769975429.8130794,nrm.extra.perf.PAPI_TOT_CYC.153505,145672955297741.0
1769975429.8130794,nrm.extra.perf.PAPI_RES_STL.153505,72288678848496.0
1769975429.8130794,nrm.extra.perf.PAPI_L3_TCM.153505,27181670505.0
1769975430.8110917,nrm.extra.perf.PAPI_L3_TCA.153505,264991395285.0
1769975430.8110917,nrm.extra.perf.PAPI_TOT_INS.153505,86032775880548.0
1769975430.8110917,nrm.extra.perf.PAPI_TOT_CYC.153505,145920519783788.0
1769975430.8110917,nrm.extra.perf.PAPI_RES_STL.153505,72412230689359.0
1769975430.8110917,nrm.extra.perf.PAPI_L3_TCM.153505,27227991687.0
1769975431.8140705,nrm.extra.perf.PAPI_L3_TCA.153505,265444396072.0
1769975431.8140705,nrm.extra.perf.PAPI_TOT_INS.153505,86179855327688.0
1769975431.8140705,nrm.extra.perf.PAPI_TOT_CYC.153505,146169295333318.0
1769975431.8140705,nrm.extra.perf.PAPI_RES_STL.153505,72535966485526.0
1769975431.8140705,nrm.extra.perf.PAPI_L3_TCM.153505,27274707582.0
1769975432.8109965,nrm.extra.perf.PAPI_L3_TCA.153505,265895073087.0
1769975432.8109965,nrm.extra.perf.PAPI_TOT_INS.153505,86326091865902.0
1769975432.8109965,nrm.extra.perf.PAPI_TOT_CYC.153505,146416568133991.0
1769975432.8109965,nrm.extra.perf.PAPI_RES_STL.153505,72659203434570.0
1769975432.8109965,nrm.extra.perf.PAPI_L3_TCM.153505,27320798323.0
1769975433.813939,nrm.extra.perf.PAPI_L3_TCA.153505,266345605008.0
1769975433.813939,nrm.extra.perf.PAPI_TOT_INS.153505,86472210159937.0
1769975433.813939,nrm.extra.perf.PAPI_TOT_CYC.153505,146664496585555.0
1769975433.813939,nrm.extra.perf.PAPI_RES_STL.153505,72782426586835.0
1769975433.813939,nrm.extra.perf.PAPI_L3_TCM.153505,27367122783.0
1769975434.8110223,nrm.extra.perf.PAPI_L3_TCA.153505,266792560767.0
1769975434.8110223,nrm.extra.perf.PAPI_TOT_INS.153505,86617509575105.0
1769975434.8110223,nrm.extra.perf.PAPI_TOT_CYC.153505,146911813538806.0
1769975434.8110223,nrm.extra.perf.PAPI_RES_STL.153505,72904542768230.0
1769975434.8110223,nrm.extra.perf.PAPI_L3_TCM.153505,27413110241.0
1769975435.8130705,nrm.extra.perf.PAPI_L3_TCA.153505,267219944179.0
1769975435.8130705,nrm.extra.perf.PAPI_TOT_INS.153505,86757456387600.0
1769975435.8130705,nrm.extra.perf.PAPI_TOT_CYC.153505,147154318080985.0
1769975435.8130705,nrm.extra.perf.PAPI_RES_STL.153505,73021295891650.0
1769975435.8130705,nrm.extra.perf.PAPI_L3_TCM.153505,27457731608.0
1769975436.8110461,nrm.extra.perf.PAPI_L3_TCA.153505,267670139283.0
1769975436.8110461,nrm.extra.perf.PAPI_TOT_INS.153505,86903649689418.0
1769975436.8110461,nrm.extra.perf.PAPI_TOT_CYC.153505,147402145687966.0
1769975436.8110461,nrm.extra.perf.PAPI_RES_STL.153505,73144181558360.0
1769975436.8110461,nrm.extra.perf.PAPI_L3_TCM.153505,27503691449.0
1769975437.811051,nrm.extra.perf.PAPI_L3_TCA.153505,268119497084.0
1769975437.811051,nrm.extra.perf.PAPI_TOT_INS.153505,87049452459243.0
1769975437.811051,nrm.extra.perf.PAPI_TOT_CYC.153505,147650407031772.0
1769975437.811051,nrm.extra.perf.PAPI_RES_STL.153505,73266884600035.0
1769975437.811051,nrm.extra.perf.PAPI_L3_TCM.153505,27549881879.0
1769975438.8110702,nrm.extra.perf.PAPI_L3_TCA.153505,268571437985.0
1769975438.8110702,nrm.extra.perf.PAPI_TOT_INS.153505,87196103429728.0
1769975438.8110702,nrm.extra.perf.PAPI_TOT_CYC.153505,147898614957061.0
1769975438.8110702,nrm.extra.perf.PAPI_RES_STL.153505,73390180443025.0
1769975438.8110702,nrm.extra.perf.PAPI_L3_TCM.153505,27596231688.0
1769975439.8110294,nrm.extra.perf.PAPI_L3_TCA.153505,269022281938.0
1769975439.8110294,nrm.extra.perf.PAPI_TOT_INS.153505,87342440993755.0
1769975439.8110294,nrm.extra.perf.PAPI_TOT_CYC.153505,148146791114362.0
1769975439.8110294,nrm.extra.perf.PAPI_RES_STL.153505,73513261472958.0
1769975439.8110294,nrm.extra.perf.PAPI_L3_TCM.153505,27642514047.0
1769975440.813012,nrm.extra.perf.PAPI_L3_TCA.153505,269475215762.0
1769975440.813012,nrm.extra.perf.PAPI_TOT_INS.153505,87489488651645.0
1769975440.813012,nrm.extra.perf.PAPI_TOT_CYC.153505,148395508445948.0
1769975440.813012,nrm.extra.perf.PAPI_RES_STL.153505,73636825077186.0
1769975440.813012,nrm.extra.perf.PAPI_L3_TCM.153505,27688937275.0
1769975441.8110611,nrm.extra.perf.PAPI_L3_TCA.153505,269925864357.0
1769975441.8110611,nrm.extra.perf.PAPI_TOT_INS.153505,87635790285118.0
1769975441.8110611,nrm.extra.perf.PAPI_TOT_CYC.153505,148643227968839.0
1769975441.8110611,nrm.extra.perf.PAPI_RES_STL.153505,73759991480940.0
1769975441.8110611,nrm.extra.perf.PAPI_L3_TCM.153505,27734901579.0
1769975442.814974,nrm.extra.perf.PAPI_L3_TCA.153505,270375900019.0
1769975442.814974,nrm.extra.perf.PAPI_TOT_INS.153505,87782014153396.0
1769975442.814974,nrm.extra.perf.PAPI_TOT_CYC.153505,148892546820918.0
1769975442.814974,nrm.extra.perf.PAPI_RES_STL.153505,73882978062593.0
1769975442.814974,nrm.extra.perf.PAPI_L3_TCM.153505,27781156078.0
1769975443.8110328,nrm.extra.perf.PAPI_L3_TCA.153505,270826765020.0
1769975443.8110328,nrm.extra.perf.PAPI_TOT_INS.153505,87928274833630.0
1769975443.8110328,nrm.extra.perf.PAPI_TOT_CYC.153505,149139911689365.0
1769975443.8110328,nrm.extra.perf.PAPI_RES_STL.153505,74006246842369.0
1769975443.8110328,nrm.extra.perf.PAPI_L3_TCM.153505,27827482298.0
1769975444.8120697,nrm.extra.perf.PAPI_L3_TCA.153505,271278927110.0
1769975444.8120697,nrm.extra.perf.PAPI_TOT_INS.153505,88075122629332.0
1769975444.8120697,nrm.extra.perf.PAPI_TOT_CYC.153505,149388172014693.0
1769975444.8120697,nrm.extra.perf.PAPI_RES_STL.153505,74129558940137.0
1769975444.8120697,nrm.extra.perf.PAPI_L3_TCM.153505,27873894429.0
1769975445.8120723,nrm.extra.perf.PAPI_L3_TCA.153505,271731326391.0
1769975445.8120723,nrm.extra.perf.PAPI_TOT_INS.153505,88221944530699.0
1769975445.8120723,nrm.extra.perf.PAPI_TOT_CYC.153505,149636304329906.0
1769975445.8120723,nrm.extra.perf.PAPI_RES_STL.153505,74253256594761.0
1769975445.8120723,nrm.extra.perf.PAPI_L3_TCM.153505,27920263636.0
1769975446.8129663,nrm.extra.perf.PAPI_L3_TCA.153505,272183134953.0
1769975446.8129663,nrm.extra.perf.PAPI_TOT_INS.153505,88368402859240.0
1769975446.8129663,nrm.extra.perf.PAPI_TOT_CYC.153505,149884603213569.0
1769975446.8129663,nrm.extra.perf.PAPI_RES_STL.153505,74376780546703.0
1769975446.8129663,nrm.extra.perf.PAPI_L3_TCM.153505,27966625558.0
1769975447.8150384,nrm.extra.perf.PAPI_L3_TCA.153505,272637119731.0
1769975447.8150384,nrm.extra.perf.PAPI_TOT_INS.153505,88515749116142.0
1769975447.8150384,nrm.extra.perf.PAPI_TOT_CYC.153505,150133276461345.0
1769975447.8150384,nrm.extra.perf.PAPI_RES_STL.153505,74500870919594.0
1769975447.8150384,nrm.extra.perf.PAPI_L3_TCM.153505,28013064388.0
1769975448.8110685,nrm.extra.perf.PAPI_L3_TCA.153505,273088951880.0
1769975448.8110685,nrm.extra.perf.PAPI_TOT_INS.153505,88662347629352.0
1769975448.8110685,nrm.extra.perf.PAPI_TOT_CYC.153505,150380548196202.0
1769975448.8110685,nrm.extra.perf.PAPI_RES_STL.153505,74624292414772.0
1769975448.8110685,nrm.extra.perf.PAPI_L3_TCM.153505,28059171120.0
1769975449.8110743,nrm.extra.perf.PAPI_L3_TCA.153505,273542411776.0
1769975449.8110743,nrm.extra.perf.PAPI_TOT_INS.153505,88809496564442.0
1769975449.8110743,nrm.extra.perf.PAPI_TOT_CYC.153505,150628894639986.0
1769975449.8110743,nrm.extra.perf.PAPI_RES_STL.153505,74748374496011.0
1769975449.8110743,nrm.extra.perf.PAPI_L3_TCM.153505,28105457433.0
1769975450.8150096,nrm.extra.perf.PAPI_L3_TCA.153505,273995725215.0
1769975450.8150096,nrm.extra.perf.PAPI_TOT_INS.153505,88956539344052.0
1769975450.8150096,nrm.extra.perf.PAPI_TOT_CYC.153505,150878128510756.0
1769975450.8150096,nrm.extra.perf.PAPI_RES_STL.153505,74872372201365.0
1769975450.8150096,nrm.extra.perf.PAPI_L3_TCM.153505,28151944417.0
1769975451.811047,nrm.extra.perf.PAPI_L3_TCA.153505,274447712544.0
1769975451.811047,nrm.extra.perf.PAPI_TOT_INS.153505,89103266866242.0
1769975451.811047,nrm.extra.perf.PAPI_TOT_CYC.153505,151125486712555.0
1769975451.811047,nrm.extra.perf.PAPI_RES_STL.153505,74995641786961.0
1769975451.811047,nrm.extra.perf.PAPI_L3_TCM.153505,28198331283.0
1769975452.8110578,nrm.extra.perf.PAPI_L3_TCA.153505,274898503839.0
1769975452.8110578,nrm.extra.perf.PAPI_TOT_INS.153505,89249655952699.0
1769975452.8110578,nrm.extra.perf.PAPI_TOT_CYC.153505,151373625651323.0
1769975452.8110578,nrm.extra.perf.PAPI_RES_STL.153505,75118957119592.0
1769975452.8110578,nrm.extra.perf.PAPI_L3_TCM.153505,28244554170.0
1769975453.8130884,nrm.extra.perf.PAPI_L3_TCA.153505,275350765798.0
1769975453.8130884,nrm.extra.perf.PAPI_TOT_INS.153505,89396649409725.0
1769975453.8130884,nrm.extra.perf.PAPI_TOT_CYC.153505,151622485946097.0
1769975453.8130884,nrm.extra.perf.PAPI_RES_STL.153505,75242490970179.0
1769975453.8130884,nrm.extra.perf.PAPI_L3_TCM.153505,28290696519.0
1769975454.8115551,nrm.extra.perf.PAPI_L3_TCA.153505,275800955723.0
1769975454.8115551,nrm.extra.perf.PAPI_TOT_INS.153505,89542705495232.0
1769975454.8115551,nrm.extra.perf.PAPI_TOT_CYC.153505,151870414701295.0
1769975454.8115551,nrm.extra.perf.PAPI_RES_STL.153505,75365411880111.0
1769975454.8115551,nrm.extra.perf.PAPI_L3_TCM.153505,28336824969.0
1769975455.813037,nrm.extra.perf.PAPI_L3_TCA.153505,276252121588.0
1769975455.813037,nrm.extra.perf.PAPI_TOT_INS.153505,89689278460404.0
1769975455.813037,nrm.extra.perf.PAPI_TOT_CYC.153505,152119155955624.0
1769975455.813037,nrm.extra.perf.PAPI_RES_STL.153505,75488926972728.0
1769975455.813037,nrm.extra.perf.PAPI_L3_TCM.153505,28383190870.0
1769975456.8130746,nrm.extra.perf.PAPI_L3_TCA.153505,276705227120.0
1769975456.8130746,nrm.extra.perf.PAPI_TOT_INS.153505,89836301750897.0
1769975456.8130746,nrm.extra.perf.PAPI_TOT_CYC.153505,152367423149497.0
1769975456.8130746,nrm.extra.perf.PAPI_RES_STL.153505,75612633307054.0
1769975456.8130746,nrm.extra.perf.PAPI_L3_TCM.153505,28429784848.0
1769975457.8130422,nrm.extra.perf.PAPI_L3_TCA.153505,277157433330.0
1769975457.8130422,nrm.extra.perf.PAPI_TOT_INS.153505,89983162143868.0
1769975457.8130422,nrm.extra.perf.PAPI_TOT_CYC.153505,152615663393178.0
1769975457.8130422,nrm.extra.perf.PAPI_RES_STL.153505,75736071153600.0
1769975457.8130422,nrm.extra.perf.PAPI_L3_TCM.153505,28476273525.0
1769975458.8110251,nrm.extra.perf.PAPI_L3_TCA.153505,277606112949.0
1769975458.8110251,nrm.extra.perf.PAPI_TOT_INS.153505,90128919006105.0
1769975458.8110251,nrm.extra.perf.PAPI_TOT_CYC.153505,152863493452081.0
1769975458.8110251,nrm.extra.perf.PAPI_RES_STL.153505,75859008533797.0
1769975458.8110251,nrm.extra.perf.PAPI_L3_TCM.153505,28522143343.0
1769975459.815045,nrm.extra.perf.PAPI_L3_TCA.153505,278058700581.0
1769975459.815045,nrm.extra.perf.PAPI_TOT_INS.153505,90275821541268.0
1769975459.815045,nrm.extra.perf.PAPI_TOT_CYC.153505,153112645432146.0
1769975459.815045,nrm.extra.perf.PAPI_RES_STL.153505,75982685709391.0
1769975459.815045,nrm.extra.perf.PAPI_L3_TCM.153505,28568451658.0
1769975460.8110178,nrm.extra.perf.PAPI_L3_TCA.153505,278508493719.0
1769975460.8110178,nrm.extra.perf.PAPI_TOT_INS.153505,90421857220100.0
1769975460.8110178,nrm.extra.perf.PAPI_TOT_CYC.153505,153359761457711.0
1769975460.8110178,nrm.extra.perf.PAPI_RES_STL.153505,76105558025033.0
1769975460.8110178,nrm.extra.perf.PAPI_L3_TCM.153505,28614572836.0
1769975461.811079,nrm.extra.perf.PAPI_L3_TCA.153505,278958425577.0
1769975461.811079,nrm.extra.perf.PAPI_TOT_INS.153505,90567980818514.0
1769975461.811079,nrm.extra.perf.PAPI_TOT_CYC.153505,153607294592430.0
1769975461.811079,nrm.extra.perf.PAPI_RES_STL.153505,76228559119726.0
1769975461.811079,nrm.extra.perf.PAPI_L3_TCM.153505,28660857645.0
1769975462.813048,nrm.extra.perf.PAPI_L3_TCA.153505,279409277190.0
1769975462.813048,nrm.extra.perf.PAPI_TOT_INS.153505,90714433057898.0
1769975462.813048,nrm.extra.perf.PAPI_TOT_CYC.153505,153855753180421.0
1769975462.813048,nrm.extra.perf.PAPI_RES_STL.153505,76351999932953.0
1769975462.813048,nrm.extra.perf.PAPI_L3_TCM.153505,28707296270.0
1769975463.8121097,nrm.extra.perf.PAPI_L3_TCA.153505,279861283975.0
1769975463.8121097,nrm.extra.perf.PAPI_TOT_INS.153505,90861226334355.0
1769975463.8121097,nrm.extra.perf.PAPI_TOT_CYC.153505,154103797938155.0
1769975463.8121097,nrm.extra.perf.PAPI_RES_STL.153505,76475230008623.0
1769975463.8121097,nrm.extra.perf.PAPI_L3_TCM.153505,28753464057.0
1769975464.8140314,nrm.extra.perf.PAPI_L3_TCA.153505,280312620338.0
1769975464.8140314,nrm.extra.perf.PAPI_TOT_INS.153505,91007596778259.0
1769975464.8140314,nrm.extra.perf.PAPI_TOT_CYC.153505,154352336902416.0
1769975464.8140314,nrm.extra.perf.PAPI_RES_STL.153505,76598795557344.0
1769975464.8140314,nrm.extra.perf.PAPI_L3_TCM.153505,28799746784.0
1769975465.811046,nrm.extra.perf.PAPI_L3_TCA.153505,280763145155.0
1769975465.811046,nrm.extra.perf.PAPI_TOT_INS.153505,91153915180987.0
1769975465.811046,nrm.extra.perf.PAPI_TOT_CYC.153505,154599690743016.0
1769975465.811046,nrm.extra.perf.PAPI_RES_STL.153505,76721896388986.0
1769975465.811046,nrm.extra.perf.PAPI_L3_TCM.153505,28845629145.0
1769975466.8121197,nrm.extra.perf.PAPI_L3_TCA.153505,281214940432.0
1769975466.8121197,nrm.extra.perf.PAPI_TOT_INS.153505,91300607674949.0
1769975466.8121197,nrm.extra.perf.PAPI_TOT_CYC.153505,154847917758533.0
1769975466.8121197,nrm.extra.perf.PAPI_RES_STL.153505,76845363608079.0
1769975466.8121197,nrm.extra.perf.PAPI_L3_TCM.153505,28891948788.0
1769975467.8160717,nrm.extra.perf.PAPI_L3_TCA.153505,281667145027.0
1769975467.8160717,nrm.extra.perf.PAPI_TOT_INS.153505,91447501438214.0
1769975467.8160717,nrm.extra.perf.PAPI_TOT_CYC.153505,155096927860577.0
1769975467.8160717,nrm.extra.perf.PAPI_RES_STL.153505,76969033283347.0
1769975467.8160717,nrm.extra.perf.PAPI_L3_TCM.153505,28938299416.0
1769975468.81105,nrm.extra.perf.PAPI_L3_TCA.153505,282108239684.0
1769975468.81105,nrm.extra.perf.PAPI_TOT_INS.153505,91590973916023.0
1769975468.81105,nrm.extra.perf.PAPI_TOT_CYC.153505,155341312014252.0
1769975468.81105,nrm.extra.perf.PAPI_RES_STL.153505,77089589490139.0
1769975468.81105,nrm.extra.perf.PAPI_L3_TCM.153505,28983646819.0
1769975469.811038,nrm.extra.perf.PAPI_L3_TCA.153505,282557609961.0
1769975469.811038,nrm.extra.perf.PAPI_TOT_INS.153505,91736997392157.0
1769975469.811038,nrm.extra.perf.PAPI_TOT_CYC.153505,155589174205348.0
1769975469.811038,nrm.extra.perf.PAPI_RES_STL.153505,77212558826146.0
1769975469.811038,nrm.extra.perf.PAPI_L3_TCM.153505,29029415545.0
1769975470.8130527,nrm.extra.perf.PAPI_L3_TCA.153505,283009620530.0
1769975470.8130527,nrm.extra.perf.PAPI_TOT_INS.153505,91883625715083.0
1769975470.8130527,nrm.extra.perf.PAPI_TOT_CYC.153505,155837974094848.0
1769975470.8130527,nrm.extra.perf.PAPI_RES_STL.153505,77336167819819.0
1769975470.8130527,nrm.extra.perf.PAPI_L3_TCM.153505,29075712841.0
1769975471.8111243,nrm.extra.perf.PAPI_L3_TCA.153505,283461784634.0
1769975471.8111243,nrm.extra.perf.PAPI_TOT_INS.153505,92030412269435.0
1769975471.8111243,nrm.extra.perf.PAPI_TOT_CYC.153505,156085727178636.0
1769975471.8111243,nrm.extra.perf.PAPI_RES_STL.153505,77459591457697.0
1769975471.8111243,nrm.extra.perf.PAPI_L3_TCM.153505,29121902524.0
1769975472.8150296,nrm.extra.perf.PAPI_L3_TCA.153505,283915394562.0
1769975472.8150296,nrm.extra.perf.PAPI_TOT_INS.153505,92177684348143.0
1769975472.8150296,nrm.extra.perf.PAPI_TOT_CYC.153505,156334810386698.0
1769975472.8150296,nrm.extra.perf.PAPI_RES_STL.153505,77583727907785.0
1769975472.8150296,nrm.extra.perf.PAPI_L3_TCM.153505,29168115827.0
1769975473.8110225,nrm.extra.perf.PAPI_L3_TCA.153505,284366130134.0
1769975473.8110225,nrm.extra.perf.PAPI_TOT_INS.153505,92323956353842.0
1769975473.8110225,nrm.extra.perf.PAPI_TOT_CYC.153505,156582050367729.0
1769975473.8110225,nrm.extra.perf.PAPI_RES_STL.153505,77707121654821.0
1769975473.8110225,nrm.extra.perf.PAPI_L3_TCM.153505,29214047469.0
1769975474.812003,nrm.extra.perf.PAPI_L3_TCA.153505,284807174492.0
1769975474.812003,nrm.extra.perf.PAPI_TOT_INS.153505,92467344170786.0
1769975474.812003,nrm.extra.perf.PAPI_TOT_CYC.153505,156826343640745.0
1769975474.812003,nrm.extra.perf.PAPI_RES_STL.153505,77827766851507.0
1769975474.812003,nrm.extra.perf.PAPI_L3_TCM.153505,29259751059.0
1769975475.8120432,nrm.extra.perf.PAPI_L3_TCA.153505,285254600017.0
1769975475.8120432,nrm.extra.perf.PAPI_TOT_INS.153505,92612862660381.0
1769975475.8120432,nrm.extra.perf.PAPI_TOT_CYC.153505,157073727875949.0
1769975475.8120432,nrm.extra.perf.PAPI_RES_STL.153505,77949997786585.0
1769975475.8120432,nrm.extra.perf.PAPI_L3_TCM.153505,29305557142.0
1769975476.8140576,nrm.extra.perf.PAPI_L3_TCA.153505,285706880389.0
1769975476.8140576,nrm.extra.perf.PAPI_TOT_INS.153505,92759509258005.0
1769975476.8140576,nrm.extra.perf.PAPI_TOT_CYC.153505,157322495960994.0
1769975476.8140576,nrm.extra.perf.PAPI_RES_STL.153505,78073569863341.0
1769975476.8140576,nrm.extra.perf.PAPI_L3_TCM.153505,29352010382.0
1769975477.8110797,nrm.extra.perf.PAPI_L3_TCA.153505,286157630360.0
1769975477.8110797,nrm.extra.perf.PAPI_TOT_INS.153505,92905846446913.0
1769975477.8110797,nrm.extra.perf.PAPI_TOT_CYC.153505,157569953013429.0
1769975477.8110797,nrm.extra.perf.PAPI_RES_STL.153505,78196830712734.0
1769975477.8110797,nrm.extra.perf.PAPI_L3_TCM.153505,29398142075.0
1769975478.8140624,nrm.extra.perf.PAPI_L3_TCA.153505,286609462768.0
1769975478.8140624,nrm.extra.perf.PAPI_TOT_INS.153505,93052710577963.0
1769975478.8140624,nrm.extra.perf.PAPI_TOT_CYC.153505,157818831706291.0
1769975478.8140624,nrm.extra.perf.PAPI_RES_STL.153505,78320208576229.0
1769975478.8140624,nrm.extra.perf.PAPI_L3_TCM.153505,29444163585.0
1769975479.811083,nrm.extra.perf.PAPI_L3_TCA.153505,287059108178.0
1769975479.811083,nrm.extra.perf.PAPI_TOT_INS.153505,93198831319761.0
1769975479.811083,nrm.extra.perf.PAPI_TOT_CYC.153505,158066316816313.0
1769975479.811083,nrm.extra.perf.PAPI_RES_STL.153505,78443059966146.0
1769975479.811083,nrm.extra.perf.PAPI_L3_TCM.153505,29489969977.0
1769975480.8150015,nrm.extra.perf.PAPI_L3_TCA.153505,287510288176.0
1769975480.8150015,nrm.extra.perf.PAPI_TOT_INS.153505,93345535793327.0
1769975480.8150015,nrm.extra.perf.PAPI_TOT_CYC.153505,158315431277101.0
1769975480.8150015,nrm.extra.perf.PAPI_RES_STL.153505,78566566897685.0
1769975480.8150015,nrm.extra.perf.PAPI_L3_TCM.153505,29535705188.0
1769975481.8130536,nrm.extra.perf.PAPI_L3_TCA.153505,287958757669.0
1769975481.8130536,nrm.extra.perf.PAPI_TOT_INS.153505,93491139278877.0
1769975481.8130536,nrm.extra.perf.PAPI_TOT_CYC.153505,158563185895342.0
1769975481.8130536,nrm.extra.perf.PAPI_RES_STL.153505,78689000063804.0
1769975481.8130536,nrm.extra.perf.PAPI_L3_TCM.153505,29581905640.0
1769975482.8110318,nrm.extra.perf.PAPI_L3_TCA.153505,288409925016.0
1769975482.8110318,nrm.extra.perf.PAPI_TOT_INS.153505,93637480616066.0
1769975482.8110318,nrm.extra.perf.PAPI_TOT_CYC.153505,158810736716635.0
1769975482.8110318,nrm.extra.perf.PAPI_RES_STL.153505,78812456607609.0
1769975482.8110318,nrm.extra.perf.PAPI_L3_TCM.153505,29628059412.0
1769975483.8130786,nrm.extra.perf.PAPI_L3_TCA.153505,288862344921.0
1769975483.8130786,nrm.extra.perf.PAPI_TOT_INS.153505,93784500440487.0
1769975483.8130786,nrm.extra.perf.PAPI_TOT_CYC.153505,159059452005587.0
1769975483.8130786,nrm.extra.perf.PAPI_RES_STL.153505,78936013503129.0
1769975483.8130786,nrm.extra.perf.PAPI_L3_TCM.153505,29673960043.0
1769975484.8111167,nrm.extra.perf.PAPI_L3_TCA.153505,289312675064.0
1769975484.8111167,nrm.extra.perf.PAPI_TOT_INS.153505,93930706464096.0
1769975484.8111167,nrm.extra.perf.PAPI_TOT_CYC.153505,159307161688931.0
1769975484.8111167,nrm.extra.perf.PAPI_RES_STL.153505,79059110296999.0
1769975484.8111167,nrm.extra.perf.PAPI_L3_TCM.153505,29720087472.0
1769975485.8142197,nrm.extra.perf.PAPI_L3_TCA.153505,289764224366.0
1769975485.8142197,nrm.extra.perf.PAPI_TOT_INS.153505,94077494400796.0
1769975485.8142197,nrm.extra.perf.PAPI_TOT_CYC.153505,159556055682634.0
1769975485.8142197,nrm.extra.perf.PAPI_RES_STL.153505,79182595439835.0
1769975485.8142197,nrm.extra.perf.PAPI_L3_TCM.153505,29766036809.0
1769975486.8120513,nrm.extra.perf.PAPI_L3_TCA.153505,290214845588.0
1769975486.8120513,nrm.extra.perf.PAPI_TOT_INS.153505,94223603068777.0
1769975486.8120513,nrm.extra.perf.PAPI_TOT_CYC.153505,159803696212100.0
1769975486.8120513,nrm.extra.perf.PAPI_RES_STL.153505,79305723287382.0
1769975486.8120513,nrm.extra.perf.PAPI_L3_TCM.153505,29812373178.0
1769975487.8140666,nrm.extra.perf.PAPI_L3_TCA.153505,290668838970.0
1769975487.8140666,nrm.extra.perf.PAPI_TOT_INS.153505,94370920279265.0
1769975487.8140666,nrm.extra.perf.PAPI_TOT_CYC.153505,160052434640896.0
1769975487.8140666,nrm.extra.perf.PAPI_RES_STL.153505,79429755538288.0
1769975487.8140666,nrm.extra.perf.PAPI_L3_TCM.153505,29858646029.0
1769975488.8110523,nrm.extra.perf.PAPI_L3_TCA.153505,291118787525.0
1769975488.8110523,nrm.extra.perf.PAPI_TOT_INS.153505,94517085548107.0
1769975488.8110523,nrm.extra.perf.PAPI_TOT_CYC.153505,160299838007604.0
1769975488.8110523,nrm.extra.perf.PAPI_RES_STL.153505,79552804337297.0
1769975488.8110523,nrm.extra.perf.PAPI_L3_TCM.153505,29904414359.0
1769975489.8150532,nrm.extra.perf.PAPI_L3_TCA.153505,291571530225.0
1769975489.8150532,nrm.extra.perf.PAPI_TOT_INS.153505,94664134308230.0
1769975489.8150532,nrm.extra.perf.PAPI_TOT_CYC.153505,160548935189157.0
1769975489.8150532,nrm.extra.perf.PAPI_RES_STL.153505,79676639460723.0
1769975489.8150532,nrm.extra.perf.PAPI_L3_TCM.153505,29950626361.0
1769975490.810957,nrm.extra.perf.PAPI_L3_TCA.153505,292019851290.0
1769975490.810957,nrm.extra.perf.PAPI_TOT_INS.153505,94809541087141.0
1769975490.810957,nrm.extra.perf.PAPI_TOT_CYC.153505,160796043113209.0
1769975490.810957,nrm.extra.perf.PAPI_RES_STL.153505,79799260833518.0
1769975490.810957,nrm.extra.perf.PAPI_L3_TCM.153505,29996609294.0
1769975491.8110714,nrm.extra.perf.PAPI_L3_TCA.153505,292469452859.0
1769975491.8110714,nrm.extra.perf.PAPI_TOT_INS.153505,94955712863101.0
1769975491.8110714,nrm.extra.perf.PAPI_TOT_CYC.153505,161044442582995.0
1769975491.8110714,nrm.extra.perf.PAPI_RES_STL.153505,79921984973539.0
1769975491.8110714,nrm.extra.perf.PAPI_L3_TCM.153505,30042869469.0
1769975492.8120704,nrm.extra.perf.PAPI_L3_TCA.153505,292922758135.0
1769975492.8120704,nrm.extra.perf.PAPI_TOT_INS.153505,95102782670572.0
1769975492.8120704,nrm.extra.perf.PAPI_TOT_CYC.153505,161292907719439.0
1769975492.8120704,nrm.extra.perf.PAPI_RES_STL.153505,80045923106268.0
1769975492.8120704,nrm.extra.perf.PAPI_L3_TCM.153505,30089700914.0
1769975493.8130705,nrm.extra.perf.PAPI_L3_TCA.153505,293376055357.0
1769975493.8130705,nrm.extra.perf.PAPI_TOT_INS.153505,95249907539463.0
1769975493.8130705,nrm.extra.perf.PAPI_TOT_CYC.153505,161541413581842.0
1769975493.8130705,nrm.extra.perf.PAPI_RES_STL.153505,80169917804211.0
1769975493.8130705,nrm.extra.perf.PAPI_L3_TCM.153505,30136196537.0
1769975494.8131733,nrm.extra.perf.PAPI_L3_TCA.153505,293827384978.0
1769975494.8131733,nrm.extra.perf.PAPI_TOT_INS.153505,95396533070110.0
1769975494.8131733,nrm.extra.perf.PAPI_TOT_CYC.153505,161789522170887.0
1769975494.8131733,nrm.extra.perf.PAPI_RES_STL.153505,80293334002817.0
1769975494.8131733,nrm.extra.perf.PAPI_L3_TCM.153505,30182280943.0
1769975495.8120582,nrm.extra.perf.PAPI_L3_TCA.153505,294278636645.0
1769975495.8120582,nrm.extra.perf.PAPI_TOT_INS.153505,95542875250777.0
1769975495.8120582,nrm.extra.perf.PAPI_TOT_CYC.153505,162037453435569.0
1769975495.8120582,nrm.extra.perf.PAPI_RES_STL.153505,80416445539832.0
1769975495.8120582,nrm.extra.perf.PAPI_L3_TCM.153505,30228447766.0
1769975496.814025,nrm.extra.perf.PAPI_L3_TCA.153505,294730016267.0
1769975496.814025,nrm.extra.perf.PAPI_TOT_INS.153505,95689440136603.0
1769975496.814025,nrm.extra.perf.PAPI_TOT_CYC.153505,162286081540877.0
1769975496.814025,nrm.extra.perf.PAPI_RES_STL.153505,80540120724423.0
1769975496.814025,nrm.extra.perf.PAPI_L3_TCM.153505,30274580063.0
1769975497.811099,nrm.extra.perf.PAPI_L3_TCA.153505,295181149641.0
1769975497.811099,nrm.extra.perf.PAPI_TOT_INS.153505,95835857684228.0
1769975497.811099,nrm.extra.perf.PAPI_TOT_CYC.153505,162533571340771.0
1769975497.811099,nrm.extra.perf.PAPI_RES_STL.153505,80663383822691.0
1769975497.811099,nrm.extra.perf.PAPI_L3_TCM.153505,30320737046.0
1769975498.813029,nrm.extra.perf.PAPI_L3_TCA.153505,295636342422.0
1769975498.813029,nrm.extra.perf.PAPI_TOT_INS.153505,95983407572400.0
1769975498.813029,nrm.extra.perf.PAPI_TOT_CYC.153505,162782408594133.0
1769975498.813029,nrm.extra.perf.PAPI_RES_STL.153505,80787677775379.0
1769975498.813029,nrm.extra.perf.PAPI_L3_TCM.153505,30367174215.0
1769975499.8110647,nrm.extra.perf.PAPI_L3_TCA.153505,296089161267.0
1769975499.8110647,nrm.extra.perf.PAPI_TOT_INS.153505,96130090097176.0
1769975499.8110647,nrm.extra.perf.PAPI_TOT_CYC.153505,163030233017499.0
1769975499.8110647,nrm.extra.perf.PAPI_RES_STL.153505,80911263007413.0
1769975499.8110647,nrm.extra.perf.PAPI_L3_TCM.153505,30413594959.0
1769975500.8140411,nrm.extra.perf.PAPI_L3_TCA.153505,296544036519.0
1769975500.8140411,nrm.extra.perf.PAPI_TOT_INS.153505,96277487378768.0
1769975500.8140411,nrm.extra.perf.PAPI_TOT_CYC.153505,163279190978342.0
1769975500.8140411,nrm.extra.perf.PAPI_RES_STL.153505,81035831281676.0
1769975500.8140411,nrm.extra.perf.PAPI_L3_TCM.153505,30459981874.0
1769975501.8110425,nrm.extra.perf.PAPI_L3_TCA.153505,296983701449.0
1769975501.8110425,nrm.extra.perf.PAPI_TOT_INS.153505,96420603748229.0
1769975501.8110425,nrm.extra.perf.PAPI_TOT_CYC.153505,163523553890358.0
1769975501.8110425,nrm.extra.perf.PAPI_RES_STL.153505,81155830081328.0
1769975501.8110425,nrm.extra.perf.PAPI_L3_TCM.153505,30505362716.0
1769975502.8121083,nrm.extra.perf.PAPI_L3_TCA.153505,297437411986.0
1769975502.8121083,nrm.extra.perf.PAPI_TOT_INS.153505,96567747605326.0
1769975502.8121083,nrm.extra.perf.PAPI_TOT_CYC.153505,163772074589374.0
1769975502.8121083,nrm.extra.perf.PAPI_RES_STL.153505,81279826805217.0
1769975502.8121083,nrm.extra.perf.PAPI_L3_TCM.153505,30551606147.0
1769975503.8130364,nrm.extra.perf.PAPI_L3_TCA.153505,297891368350.0
1769975503.8130364,nrm.extra.perf.PAPI_TOT_INS.153505,96714911004148.0
1769975503.8130364,nrm.extra.perf.PAPI_TOT_CYC.153505,164020668299368.0
1769975503.8130364,nrm.extra.perf.PAPI_RES_STL.153505,81403859394396.0
1769975503.8130364,nrm.extra.perf.PAPI_L3_TCM.153505,30597989729.0
1769975504.8120067,nrm.extra.perf.PAPI_L3_TCA.153505,298343414487.0
1769975504.8120067,nrm.extra.perf.PAPI_TOT_INS.153505,96861393204031.0
1769975504.8120067,nrm.extra.perf.PAPI_TOT_CYC.153505,164268612124154.0
1769975504.8120067,nrm.extra.perf.PAPI_RES_STL.153505,81527347887628.0
1769975504.8120067,nrm.extra.perf.PAPI_L3_TCM.153505,30644495817.0
1769975505.8130803,nrm.extra.perf.PAPI_L3_TCA.153505,298796961848.0
1769975505.8130803,nrm.extra.perf.PAPI_TOT_INS.153505,97008522653144.0
1769975505.8130803,nrm.extra.perf.PAPI_TOT_CYC.153505,164517086296597.0
1769975505.8130803,nrm.extra.perf.PAPI_RES_STL.153505,81651310169559.0
1769975505.8130803,nrm.extra.perf.PAPI_L3_TCM.153505,30690767790.0
1769975506.8120651,nrm.extra.perf.PAPI_L3_TCA.153505,299248886425.0
1769975506.8120651,nrm.extra.perf.PAPI_TOT_INS.153505,97155085472140.0
1769975506.8120651,nrm.extra.perf.PAPI_TOT_CYC.153505,164765000064228.0
1769975506.8120651,nrm.extra.perf.PAPI_RES_STL.153505,81774887430035.0
1769975506.8120651,nrm.extra.perf.PAPI_L3_TCM.153505,30736952822.0
1769975507.8150148,nrm.extra.perf.PAPI_L3_TCA.153505,299702829155.0
1769975507.8150148,nrm.extra.perf.PAPI_TOT_INS.153505,97302509584782.0
1769975507.8150148,nrm.extra.perf.PAPI_TOT_CYC.153505,165014166843751.0
1769975507.8150148,nrm.extra.perf.PAPI_RES_STL.153505,81898845118054.0
1769975507.8150148,nrm.extra.perf.PAPI_L3_TCM.153505,30782909616.0
1769975508.8150582,nrm.extra.perf.PAPI_L3_TCA.153505,300156241752.0
1769975508.8150582,nrm.extra.perf.PAPI_TOT_INS.153505,97449214043755.0
1769975508.8150582,nrm.extra.perf.PAPI_TOT_CYC.153505,165262355069393.0
1769975508.8150582,nrm.extra.perf.PAPI_RES_STL.153505,82022770481726.0
1769975508.8150582,nrm.extra.perf.PAPI_L3_TCM.153505,30829630382.0
1769975509.8110845,nrm.extra.perf.PAPI_L3_TCA.153505,300607876419.0
1769975509.8110845,nrm.extra.perf.PAPI_TOT_INS.153505,97595782265379.0
1769975509.8110845,nrm.extra.perf.PAPI_TOT_CYC.153505,165509528910192.0
1769975509.8110845,nrm.extra.perf.PAPI_RES_STL.153505,82145966234208.0
1769975509.8110845,nrm.extra.perf.PAPI_L3_TCM.153505,30875709703.0
1769975510.8110425,nrm.extra.perf.PAPI_L3_TCA.153505,301060104227.0
1769975510.8110425,nrm.extra.perf.PAPI_TOT_INS.153505,97742451738997.0
1769975510.8110425,nrm.extra.perf.PAPI_TOT_CYC.153505,165757702068509.0
1769975510.8110425,nrm.extra.perf.PAPI_RES_STL.153505,82269743411664.0
1769975510.8110425,nrm.extra.perf.PAPI_L3_TCM.153505,30921846821.0
1769975511.8125303,nrm.extra.perf.PAPI_L3_TCA.153505,301513814632.0
1769975511.8125303,nrm.extra.perf.PAPI_TOT_INS.153505,97889719802067.0
1769975511.8125303,nrm.extra.perf.PAPI_TOT_CYC.153505,166006347779105.0
1769975511.8125303,nrm.extra.perf.PAPI_RES_STL.153505,82393479718284.0
1769975511.8125303,nrm.extra.perf.PAPI_L3_TCM.153505,30968198646.0
1769975512.8130238,nrm.extra.perf.PAPI_L3_TCA.153505,301967264449.0
1769975512.8130238,nrm.extra.perf.PAPI_TOT_INS.153505,98036427950562.0
1769975512.8130238,nrm.extra.perf.PAPI_TOT_CYC.153505,166254501463143.0
1769975512.8130238,nrm.extra.perf.PAPI_RES_STL.153505,82517442435778.0
1769975512.8130238,nrm.extra.perf.PAPI_L3_TCM.153505,31014768847.0
1769975513.8110116,nrm.extra.perf.PAPI_L3_TCA.153505,302419985287.0
1769975513.8110116,nrm.extra.perf.PAPI_TOT_INS.153505,98183211233324.0
1769975513.8110116,nrm.extra.perf.PAPI_TOT_CYC.153505,166502098739301.0
1769975513.8110116,nrm.extra.perf.PAPI_RES_STL.153505,82641044417150.0
1769975513.8110116,nrm.extra.perf.PAPI_L3_TCM.153505,31060673083.0
1769975514.8140473,nrm.extra.perf.PAPI_L3_TCA.153505,302875846880.0
1769975514.8140473,nrm.extra.perf.PAPI_TOT_INS.153505,98331101202753.0
1769975514.8140473,nrm.extra.perf.PAPI_TOT_CYC.153505,166751382687352.0
1769975514.8140473,nrm.extra.perf.PAPI_RES_STL.153505,82765423536627.0
1769975514.8140473,nrm.extra.perf.PAPI_L3_TCM.153505,31106981859.0
1769975515.810975,nrm.extra.perf.PAPI_L3_TCA.153505,303327267136.0
1769975515.810975,nrm.extra.perf.PAPI_TOT_INS.153505,98477307271180.0
1769975515.810975,nrm.extra.perf.PAPI_TOT_CYC.153505,166999003341600.0
1769975515.810975,nrm.extra.perf.PAPI_RES_STL.153505,82888929152108.0
1769975515.810975,nrm.extra.perf.PAPI_L3_TCM.153505,31153124825.0
1769975516.8130624,nrm.extra.perf.PAPI_L3_TCA.153505,303782674714.0
1769975516.8130624,nrm.extra.perf.PAPI_TOT_INS.153505,98625015432006.0
1769975516.8130624,nrm.extra.perf.PAPI_TOT_CYC.153505,167247910278320.0
1769975516.8130624,nrm.extra.perf.PAPI_RES_STL.153505,83013148281556.0
1769975516.8130624,nrm.extra.perf.PAPI_L3_TCM.153505,31199515922.0
1769975517.811068,nrm.extra.perf.PAPI_L3_TCA.153505,304235140324.0
1769975517.811068,nrm.extra.perf.PAPI_TOT_INS.153505,98771765054194.0
1769975517.811068,nrm.extra.perf.PAPI_TOT_CYC.153505,167495763099403.0
1769975517.811068,nrm.extra.perf.PAPI_RES_STL.153505,83136861879320.0
1769975517.811068,nrm.extra.perf.PAPI_L3_TCM.153505,31245642988.0
1769975518.8150322,nrm.extra.perf.PAPI_L3_TCA.153505,304688063751.0
1769975518.8150322,nrm.extra.perf.PAPI_TOT_INS.153505,98918772188666.0
1769975518.8150322,nrm.extra.perf.PAPI_TOT_CYC.153505,167745121897907.0
1769975518.8150322,nrm.extra.perf.PAPI_RES_STL.153505,83260652851889.0
1769975518.8150322,nrm.extra.perf.PAPI_L3_TCM.153505,31291968530.0
1769975519.8110213,nrm.extra.perf.PAPI_L3_TCA.153505,305137073776.0
1769975519.8110213,nrm.extra.perf.PAPI_TOT_INS.153505,99064447374660.0
1769975519.8110213,nrm.extra.perf.PAPI_TOT_CYC.153505,167992305814827.0
1769975519.8110213,nrm.extra.perf.PAPI_RES_STL.153505,83383161607116.0
1769975519.8110213,nrm.extra.perf.PAPI_L3_TCM.153505,31337694035.0
1769975520.8130481,nrm.extra.perf.PAPI_L3_TCA.153505,305590123629.0
1769975520.8130481,nrm.extra.perf.PAPI_TOT_INS.153505,99211543836228.0
1769975520.8130481,nrm.extra.perf.PAPI_TOT_CYC.153505,168241210407497.0
1769975520.8130481,nrm.extra.perf.PAPI_RES_STL.153505,83506895225155.0
1769975520.8130481,nrm.extra.perf.PAPI_L3_TCM.153505,31383870563.0
1769975521.8110387,nrm.extra.perf.PAPI_L3_TCA.153505,306041559779.0
1769975521.8110387,nrm.extra.perf.PAPI_TOT_INS.153505,99357965775541.0
1769975521.8110387,nrm.extra.perf.PAPI_TOT_CYC.153505,168488993245484.0
1769975521.8110387,nrm.extra.perf.PAPI_RES_STL.153505,83630479166655.0
1769975521.8110387,nrm.extra.perf.PAPI_L3_TCM.153505,31429949203.0
1769975522.815032,nrm.extra.perf.PAPI_L3_TCA.153505,306495291571.0
1769975522.815032,nrm.extra.perf.PAPI_TOT_INS.153505,99505196383102.0
1769975522.815032,nrm.extra.perf.PAPI_TOT_CYC.153505,168738145297177.0
1769975522.815032,nrm.extra.perf.PAPI_RES_STL.153505,83754474796712.0
1769975522.815032,nrm.extra.perf.PAPI_L3_TCM.153505,31476444863.0
1769975523.811151,nrm.extra.perf.PAPI_L3_TCA.153505,306946743985.0
1769975523.811151,nrm.extra.perf.PAPI_TOT_INS.153505,99651526858918.0
1769975523.811151,nrm.extra.perf.PAPI_TOT_CYC.153505,168985331028264.0
1769975523.811151,nrm.extra.perf.PAPI_RES_STL.153505,83877458060414.0
1769975523.811151,nrm.extra.perf.PAPI_L3_TCM.153505,31522395792.0
1769975524.8110318,nrm.extra.perf.PAPI_L3_TCA.153505,307399628215.0
1769975524.8110318,nrm.extra.perf.PAPI_TOT_INS.153505,99798445738629.0
1769975524.8110318,nrm.extra.perf.PAPI_TOT_CYC.153505,169233720970844.0
1769975524.8110318,nrm.extra.perf.PAPI_RES_STL.153505,84001351685526.0
1769975524.8110318,nrm.extra.perf.PAPI_L3_TCM.153505,31568966510.0
1769975525.8140588,nrm.extra.perf.PAPI_L3_TCA.153505,307854266633.0
1769975525.8140588,nrm.extra.perf.PAPI_TOT_INS.153505,99945884538282.0
1769975525.8140588,nrm.extra.perf.PAPI_TOT_CYC.153505,169482737271652.0
1769975525.8140588,nrm.extra.perf.PAPI_RES_STL.153505,84125554119738.0
1769975525.8140588,nrm.extra.perf.PAPI_L3_TCM.153505,31615366803.0
1769975526.8110502,nrm.extra.perf.PAPI_L3_TCA.153505,308304858606.0
1769975526.8110502,nrm.extra.perf.PAPI_TOT_INS.153505,100092112927736.0
1769975526.8110502,nrm.extra.perf.PAPI_TOT_CYC.153505,169730134859548.0
1769975526.8110502,nrm.extra.perf.PAPI_RES_STL.153505,84248744286778.0
1769975526.8110502,nrm.extra.perf.PAPI_L3_TCM.153505,31661323235.0
1769975527.8129961,nrm.extra.perf.PAPI_L3_TCA.153505,308757999123.0
1769975527.8129961,nrm.extra.perf.PAPI_TOT_INS.153505,100239030468756.0
1769975527.8129961,nrm.extra.perf.PAPI_TOT_CYC.153505,169978850372869.0
1769975527.8129961,nrm.extra.perf.PAPI_RES_STL.153505,84372541973942.0
1769975527.8129961,nrm.extra.perf.PAPI_L3_TCM.153505,31707473487.0
1769975528.8150508,nrm.extra.perf.PAPI_L3_TCA.153505,309212072776.0
1769975528.8150508,nrm.extra.perf.PAPI_TOT_INS.153505,100386278119930.0
1769975528.8150508,nrm.extra.perf.PAPI_TOT_CYC.153505,170227651136388.0
1769975528.8150508,nrm.extra.perf.PAPI_RES_STL.153505,84496685623290.0
1769975528.8150508,nrm.extra.perf.PAPI_L3_TCM.153505,31753896481.0
1769975529.8110952,nrm.extra.perf.PAPI_L3_TCA.153505,309663213853.0
1769975529.8110952,nrm.extra.perf.PAPI_TOT_INS.153505,100532653736354.0
1769975529.8110952,nrm.extra.perf.PAPI_TOT_CYC.153505,170474842194126.0
1769975529.8110952,nrm.extra.perf.PAPI_RES_STL.153505,84619881076403.0
1769975529.8110952,nrm.extra.perf.PAPI_L3_TCM.153505,31799925011.0
1769975530.81105,nrm.extra.perf.PAPI_L3_TCA.153505,310115625222.0
1769975530.81105,nrm.extra.perf.PAPI_TOT_INS.153505,100679383570499.0
1769975530.81105,nrm.extra.perf.PAPI_TOT_CYC.153505,170722927226721.0
1769975530.81105,nrm.extra.perf.PAPI_RES_STL.153505,84743542767649.0
1769975530.81105,nrm.extra.perf.PAPI_L3_TCM.153505,31846021262.0
1769975531.8144734,nrm.extra.perf.PAPI_L3_TCA.153505,310570166329.0
1769975531.8144734,nrm.extra.perf.PAPI_TOT_INS.153505,100826741249859.0
1769975531.8144734,nrm.extra.perf.PAPI_TOT_CYC.153505,170972046810346.0
1769975531.8144734,nrm.extra.perf.PAPI_RES_STL.153505,84867565192348.0
1769975531.8144734,nrm.extra.perf.PAPI_L3_TCM.153505,31892437780.0
1769975532.8110561,nrm.extra.perf.PAPI_L3_TCA.153505,311004354456.0
1769975532.8110561,nrm.extra.perf.PAPI_TOT_INS.153505,100968295933603.0
1769975532.8110561,nrm.extra.perf.PAPI_TOT_CYC.153505,171215408685986.0
1769975532.8110561,nrm.extra.perf.PAPI_RES_STL.153505,84986413312752.0
1769975532.8110561,nrm.extra.perf.PAPI_L3_TCM.153505,31936455408.0
1769975533.8129752,nrm.extra.perf.PAPI_L3_TCA.153505,311457236298.0
1769975533.8129752,nrm.extra.perf.PAPI_TOT_INS.153505,101115111696654.0
1769975533.8129752,nrm.extra.perf.PAPI_TOT_CYC.153505,171464164347019.0
1769975533.8129752,nrm.extra.perf.PAPI_RES_STL.153505,85110009460938.0
1769975533.8129752,nrm.extra.perf.PAPI_L3_TCM.153505,31982555468.0
1769975534.813979,nrm.extra.perf.PAPI_L3_TCA.153505,311898593220.0
1769975534.813979,nrm.extra.perf.PAPI_TOT_INS.153505,101258991990308.0
1769975534.813979,nrm.extra.perf.PAPI_TOT_CYC.153505,171710667886626.0
1769975534.813979,nrm.extra.perf.PAPI_RES_STL.153505,85230580837436.0
1769975534.813979,nrm.extra.perf.PAPI_L3_TCM.153505,32027782759.0
1769975535.8108227,nrm.extra.perf.PAPI_L3_TCA.153505,312343613079.0
1769975535.8108227,nrm.extra.perf.PAPI_TOT_INS.153505,101403814584840.0
1769975535.8108227,nrm.extra.perf.PAPI_TOT_CYC.153505,171957314197302.0
1769975535.8108227,nrm.extra.perf.PAPI_RES_STL.153505,85352229943250.0
1769975535.8108227,nrm.extra.perf.PAPI_L3_TCM.153505,32073804695.0
1769975536.8120422,nrm.extra.perf.PAPI_L3_TCA.153505,312798471495.0
1769975536.8120422,nrm.extra.perf.PAPI_TOT_INS.153505,101551005821461.0
1769975536.8120422,nrm.extra.perf.PAPI_TOT_CYC.153505,172205987771899.0
1769975536.8120422,nrm.extra.perf.PAPI_RES_STL.153505,85476730791528.0
1769975536.8120422,nrm.extra.perf.PAPI_L3_TCM.153505,32121142255.0
1769975537.8130097,nrm.extra.perf.PAPI_L3_TCA.153505,313252435827.0
1769975537.8130097,nrm.extra.perf.PAPI_TOT_INS.153505,101698188422137.0
1769975537.8130097,nrm.extra.perf.PAPI_TOT_CYC.153505,172454640767751.0
1769975537.8130097,nrm.extra.perf.PAPI_RES_STL.153505,85601040626098.0
1769975537.8130097,nrm.extra.perf.PAPI_L3_TCM.153505,32167865851.0
1769975538.8150203,nrm.extra.perf.PAPI_L3_TCA.153505,313705355316.0
1769975538.8150203,nrm.extra.perf.PAPI_TOT_INS.153505,101845191357316.0
1769975538.8150203,nrm.extra.perf.PAPI_TOT_CYC.153505,172703426575460.0
1769975538.8150203,nrm.extra.perf.PAPI_RES_STL.153505,85724863476021.0
1769975538.8150203,nrm.extra.perf.PAPI_L3_TCM.153505,32214380972.0
1769975539.8109763,nrm.extra.perf.PAPI_L3_TCA.153505,314156595778.0
1769975539.8109763,nrm.extra.perf.PAPI_TOT_INS.153505,101991249150302.0
1769975539.8109763,nrm.extra.perf.PAPI_TOT_CYC.153505,172950789979936.0
1769975539.8109763,nrm.extra.perf.PAPI_RES_STL.153505,85848530274039.0
1769975539.8109763,nrm.extra.perf.PAPI_L3_TCM.153505,32261030704.0
1769975540.8110404,nrm.extra.perf.PAPI_L3_TCA.153505,314610357650.0
1769975540.8110404,nrm.extra.perf.PAPI_TOT_INS.153505,102138318466160.0
1769975540.8110404,nrm.extra.perf.PAPI_TOT_CYC.153505,173199226714302.0
1769975540.8110404,nrm.extra.perf.PAPI_RES_STL.153505,85972739113540.0
1769975540.8110404,nrm.extra.perf.PAPI_L3_TCM.153505,32307951526.0
1769975541.814037,nrm.extra.perf.PAPI_L3_TCA.153505,315066360508.0
1769975541.814037,nrm.extra.perf.PAPI_TOT_INS.153505,102286064582743.0
1769975541.814037,nrm.extra.perf.PAPI_TOT_CYC.153505,173448182823316.0
1769975541.814037,nrm.extra.perf.PAPI_RES_STL.153505,86097288981434.0
1769975541.814037,nrm.extra.perf.PAPI_L3_TCM.153505,32355023633.0
1769975542.81106,nrm.extra.perf.PAPI_L3_TCA.153505,315519434460.0
1769975542.81106,nrm.extra.perf.PAPI_TOT_INS.153505,102432917184885.0
1769975542.81106,nrm.extra.perf.PAPI_TOT_CYC.153505,173695637558780.0
1769975542.81106,nrm.extra.perf.PAPI_RES_STL.153505,86221015960980.0
1769975542.81106,nrm.extra.perf.PAPI_L3_TCM.153505,32402083211.0
1769975543.8130803,nrm.extra.perf.PAPI_L3_TCA.153505,315972100358.0
1769975543.8130803,nrm.extra.perf.PAPI_TOT_INS.153505,102579620651082.0
1769975543.8130803,nrm.extra.perf.PAPI_TOT_CYC.153505,173944538587982.0
1769975543.8130803,nrm.extra.perf.PAPI_RES_STL.153505,86344608715836.0
1769975543.8130803,nrm.extra.perf.PAPI_L3_TCM.153505,32449168549.0
1769975544.813085,nrm.extra.perf.PAPI_L3_TCA.153505,316426666154.0
1769975544.813085,nrm.extra.perf.PAPI_TOT_INS.153505,102726967616706.0
1769975544.813085,nrm.extra.perf.PAPI_TOT_CYC.153505,174192809345383.0
1769975544.813085,nrm.extra.perf.PAPI_RES_STL.153505,86468682857468.0
1769975544.813085,nrm.extra.perf.PAPI_L3_TCM.153505,32496250848.0
1769975545.8110557,nrm.extra.perf.PAPI_L3_TCA.153505,316880828168.0
1769975545.8110557,nrm.extra.perf.PAPI_TOT_INS.153505,102874082923623.0
1769975545.8110557,nrm.extra.perf.PAPI_TOT_CYC.153505,174440594867753.0
1769975545.8110557,nrm.extra.perf.PAPI_RES_STL.153505,86592833889096.0
1769975545.8110557,nrm.extra.perf.PAPI_L3_TCM.153505,32543266160.0
1769975546.81603,nrm.extra.perf.PAPI_L3_TCA.153505,317336872063.0
1769975546.81603,nrm.extra.perf.PAPI_TOT_INS.153505,103021770985979.0
1769975546.81603,nrm.extra.perf.PAPI_TOT_CYC.153505,174690065831644.0
1769975546.81603,nrm.extra.perf.PAPI_RES_STL.153505,86717163599232.0
1769975546.81603,nrm.extra.perf.PAPI_L3_TCM.153505,32590925376.0
1769975547.8110802,nrm.extra.perf.PAPI_L3_TCA.153505,317788722135.0
1769975547.8110802,nrm.extra.perf.PAPI_TOT_INS.153505,103168183016116.0
1769975547.8110802,nrm.extra.perf.PAPI_TOT_CYC.153505,174937139501444.0
1769975547.8110802,nrm.extra.perf.PAPI_RES_STL.153505,86840867738001.0
1769975547.8110802,nrm.extra.perf.PAPI_L3_TCM.153505,32637884753.0
1769975548.8110723,nrm.extra.perf.PAPI_L3_TCA.153505,318242961258.0
1769975548.8110723,nrm.extra.perf.PAPI_TOT_INS.153505,103315442164541.0
1769975548.8110723,nrm.extra.perf.PAPI_TOT_CYC.153505,175185304167137.0
1769975548.8110723,nrm.extra.perf.PAPI_RES_STL.153505,86964854627887.0
1769975548.8110723,nrm.extra.perf.PAPI_L3_TCM.153505,32685210402.0
1769975549.8150213,nrm.extra.perf.PAPI_L3_TCA.153505,318698531389.0
1769975549.8150213,nrm.extra.perf.PAPI_TOT_INS.153505,103463116444359.0
1769975549.8150213,nrm.extra.perf.PAPI_TOT_CYC.153505,175434404233493.0
1769975549.8150213,nrm.extra.perf.PAPI_RES_STL.153505,87089312417584.0
1769975549.8150213,nrm.extra.perf.PAPI_L3_TCM.153505,32732303000.0
1769975550.811083,nrm.extra.perf.PAPI_L3_TCA.153505,319151014096.0
1769975550.811083,nrm.extra.perf.PAPI_TOT_INS.153505,103609638680819.0
1769975550.811083,nrm.extra.perf.PAPI_TOT_CYC.153505,175681684233959.0
1769975550.811083,nrm.extra.perf.PAPI_RES_STL.153505,87212658767129.0
1769975550.811083,nrm.extra.perf.PAPI_L3_TCM.153505,32779525485.0
1769975551.8110607,nrm.extra.perf.PAPI_L3_TCA.153505,319605494969.0
1769975551.8110607,nrm.extra.perf.PAPI_TOT_INS.153505,103756910357183.0
1769975551.8110607,nrm.extra.perf.PAPI_TOT_CYC.153505,175930140948750.0
1769975551.8110607,nrm.extra.perf.PAPI_RES_STL.153505,87336900488276.0
1769975551.8110607,nrm.extra.perf.PAPI_L3_TCM.153505,32826552018.0
1769975552.8131025,nrm.extra.perf.PAPI_L3_TCA.153505,320061155214.0
1769975552.8131025,nrm.extra.perf.PAPI_TOT_INS.153505,103904705618831.0
1769975552.8131025,nrm.extra.perf.PAPI_TOT_CYC.153505,176179069300236.0
1769975552.8131025,nrm.extra.perf.PAPI_RES_STL.153505,87461249030988.0
1769975552.8131025,nrm.extra.perf.PAPI_L3_TCM.153505,32873781539.0
1769975553.8150158,nrm.extra.perf.PAPI_L3_TCA.153505,320515380369.0
1769975553.8150158,nrm.extra.perf.PAPI_TOT_INS.153505,104051775802467.0
1769975553.8150158,nrm.extra.perf.PAPI_TOT_CYC.153505,176427682278965.0
1769975553.8150158,nrm.extra.perf.PAPI_RES_STL.153505,87585400248257.0
1769975553.8150158,nrm.extra.perf.PAPI_L3_TCM.153505,32920891927.0
1769975554.8110514,nrm.extra.perf.PAPI_L3_TCA.153505,320966206361.0
1769975554.8110514,nrm.extra.perf.PAPI_TOT_INS.153505,104197951906787.0
1769975554.8110514,nrm.extra.perf.PAPI_TOT_CYC.153505,176674748973588.0
1769975554.8110514,nrm.extra.perf.PAPI_RES_STL.153505,87708537881650.0
1769975554.8110514,nrm.extra.perf.PAPI_L3_TCM.153505,32967753267.0
1769975555.811093,nrm.extra.perf.PAPI_L3_TCA.153505,321387255938.0
1769975555.811093,nrm.extra.perf.PAPI_TOT_INS.153505,104335829820358.0
1769975555.811093,nrm.extra.perf.PAPI_TOT_CYC.153505,176913582965665.0
1769975555.811093,nrm.extra.perf.PAPI_RES_STL.153505,87823618939454.0
1769975555.811093,nrm.extra.perf.PAPI_L3_TCM.153505,33011765090.0
1769975556.813044,nrm.extra.perf.PAPI_L3_TCA.153505,321838963897.0
1769975556.813044,nrm.extra.perf.PAPI_TOT_INS.153505,104482363515270.0
1769975556.813044,nrm.extra.perf.PAPI_TOT_CYC.153505,177161953345478.0
1769975556.813044,nrm.extra.perf.PAPI_RES_STL.153505,87947127955551.0
1769975556.813044,nrm.extra.perf.PAPI_L3_TCM.153505,33058575343.0
1769975557.811002,nrm.extra.perf.PAPI_L3_TCA.153505,322289010222.0
1769975557.811002,nrm.extra.perf.PAPI_TOT_INS.153505,104628314982512.0
1769975557.811002,nrm.extra.perf.PAPI_TOT_CYC.153505,177409706600162.0
1769975557.811002,nrm.extra.perf.PAPI_RES_STL.153505,88069942694911.0
1769975557.811002,nrm.extra.perf.PAPI_L3_TCM.153505,33105309390.0
1769975558.816037,nrm.extra.perf.PAPI_L3_TCA.153505,322745333647.0
1769975558.816037,nrm.extra.perf.PAPI_TOT_INS.153505,104776284496958.0
1769975558.816037,nrm.extra.perf.PAPI_TOT_CYC.153505,177659241221994.0
1769975558.816037,nrm.extra.perf.PAPI_RES_STL.153505,88194466551333.0
1769975558.816037,nrm.extra.perf.PAPI_L3_TCM.153505,33152703216.0
1769975559.8110478,nrm.extra.perf.PAPI_L3_TCA.153505,323197361409.0
1769975559.8110478,nrm.extra.perf.PAPI_TOT_INS.153505,104922857967235.0
1769975559.8110478,nrm.extra.perf.PAPI_TOT_CYC.153505,177906316800462.0
1769975559.8110478,nrm.extra.perf.PAPI_RES_STL.153505,88317820669517.0
1769975559.8110478,nrm.extra.perf.PAPI_L3_TCM.153505,33199609838.0
1769975560.8110704,nrm.extra.perf.PAPI_L3_TCA.153505,323650697960.0
1769975560.8110704,nrm.extra.perf.PAPI_TOT_INS.153505,105069796975759.0
1769975560.8110704,nrm.extra.perf.PAPI_TOT_CYC.153505,178154453889223.0
1769975560.8110704,nrm.extra.perf.PAPI_RES_STL.153505,88441647341727.0
1769975560.8110704,nrm.extra.perf.PAPI_L3_TCM.153505,33246721082.0
1769975561.813063,nrm.extra.perf.PAPI_L3_TCA.153505,324104511714.0
1769975561.813063,nrm.extra.perf.PAPI_TOT_INS.153505,105216846541263.0
1769975561.813063,nrm.extra.perf.PAPI_TOT_CYC.153505,178403268582918.0
1769975561.813063,nrm.extra.perf.PAPI_RES_STL.153505,88565366353888.0
1769975561.813063,nrm.extra.perf.PAPI_L3_TCM.153505,33294048440.0
1769975562.8110793,nrm.extra.perf.PAPI_L3_TCA.153505,324556416251.0
1769975562.8110793,nrm.extra.perf.PAPI_TOT_INS.153505,105363351788022.0
1769975562.8110793,nrm.extra.perf.PAPI_TOT_CYC.153505,178650836647388.0
1769975562.8110793,nrm.extra.perf.PAPI_RES_STL.153505,88688947175431.0
1769975562.8110793,nrm.extra.perf.PAPI_L3_TCM.153505,33340878822.0
1769975563.811143,nrm.extra.perf.PAPI_L3_TCA.153505,325009473947.0
1769975563.811143,nrm.extra.perf.PAPI_TOT_INS.153505,105510325231383.0
1769975563.811143,nrm.extra.perf.PAPI_TOT_CYC.153505,178899077878420.0
1769975563.811143,nrm.extra.perf.PAPI_RES_STL.153505,88812571984020.0
1769975563.811143,nrm.extra.perf.PAPI_L3_TCM.153505,33387672160.0
1769975564.8140793,nrm.extra.perf.PAPI_L3_TCA.153505,325462149485.0
1769975564.8140793,nrm.extra.perf.PAPI_TOT_INS.153505,105657243625671.0
1769975564.8140793,nrm.extra.perf.PAPI_TOT_CYC.153505,179147827400896.0
1769975564.8140793,nrm.extra.perf.PAPI_RES_STL.153505,88936262885973.0
1769975564.8140793,nrm.extra.perf.PAPI_L3_TCM.153505,33434482761.0
1769975565.811091,nrm.extra.perf.PAPI_L3_TCA.153505,325912663396.0
1769975565.811091,nrm.extra.perf.PAPI_TOT_INS.153505,105803291089796.0
1769975565.811091,nrm.extra.perf.PAPI_TOT_CYC.153505,179395207921417.0
1769975565.811091,nrm.extra.perf.PAPI_RES_STL.153505,89059172057390.0
1769975565.811091,nrm.extra.perf.PAPI_L3_TCM.153505,33481121690.0
1769975566.8110096,nrm.extra.perf.PAPI_L3_TCA.153505,326360601356.0
1769975566.8110096,nrm.extra.perf.PAPI_TOT_INS.153505,105948715079114.0
1769975566.8110096,nrm.extra.perf.PAPI_TOT_CYC.153505,179642254544015.0
1769975566.8110096,nrm.extra.perf.PAPI_RES_STL.153505,89181546096434.0
1769975566.8110096,nrm.extra.perf.PAPI_L3_TCM.153505,33527774808.0
1769975567.8130555,nrm.extra.perf.PAPI_L3_TCA.153505,326807203055.0
1769975567.8130555,nrm.extra.perf.PAPI_TOT_INS.153505,106093850253376.0
1769975567.8130555,nrm.extra.perf.PAPI_TOT_CYC.153505,179888631825495.0
1769975567.8130555,nrm.extra.perf.PAPI_RES_STL.153505,89303580782486.0
1769975567.8130555,nrm.extra.perf.PAPI_L3_TCM.153505,33574258039.0
1769975568.8110468,nrm.extra.perf.PAPI_L3_TCA.153505,327258886727.0
1769975568.8110468,nrm.extra.perf.PAPI_TOT_INS.153505,106240281573567.0
1769975568.8110468,nrm.extra.perf.PAPI_TOT_CYC.153505,180136264776092.0
1769975568.8110468,nrm.extra.perf.PAPI_RES_STL.153505,89427135665533.0
1769975568.8110468,nrm.extra.perf.PAPI_L3_TCM.153505,33620903685.0
1769975569.8110883,nrm.extra.perf.PAPI_L3_TCA.153505,327710363336.0
1769975569.8110883,nrm.extra.perf.PAPI_TOT_INS.153505,106386854827888.0
1769975569.8110883,nrm.extra.perf.PAPI_TOT_CYC.153505,180384243501746.0
1769975569.8110883,nrm.extra.perf.PAPI_RES_STL.153505,89550432539696.0
1769975569.8110883,nrm.extra.perf.PAPI_L3_TCM.153505,33667545548.0
1769975570.8110108,nrm.extra.perf.PAPI_L3_TCA.153505,328162355260.0
1769975570.8110108,nrm.extra.perf.PAPI_TOT_INS.153505,106533518250380.0
1769975570.8110108,nrm.extra.perf.PAPI_TOT_CYC.153505,180632303938616.0
1769975570.8110108,nrm.extra.perf.PAPI_RES_STL.153505,89673802019206.0
1769975570.8110108,nrm.extra.perf.PAPI_L3_TCM.153505,33714198328.0
1769975571.8140695,nrm.extra.perf.PAPI_L3_TCA.153505,328616282503.0
1769975571.8140695,nrm.extra.perf.PAPI_TOT_INS.153505,106680551905229.0
1769975571.8140695,nrm.extra.perf.PAPI_TOT_CYC.153505,180881380098858.0
1769975571.8140695,nrm.extra.perf.PAPI_RES_STL.153505,89797787068470.0
1769975571.8140695,nrm.extra.perf.PAPI_L3_TCM.153505,33761727825.0
1769975572.8111076,nrm.extra.perf.PAPI_L3_TCA.153505,329067818656.0
1769975572.8111076,nrm.extra.perf.PAPI_TOT_INS.153505,106827005435010.0
1769975572.8111076,nrm.extra.perf.PAPI_TOT_CYC.153505,181128910587334.0
1769975572.8111076,nrm.extra.perf.PAPI_RES_STL.153505,89920988547173.0
1769975572.8111076,nrm.extra.perf.PAPI_L3_TCM.153505,33808679996.0
1769975573.811074,nrm.extra.perf.PAPI_L3_TCA.153505,329521101828.0
1769975573.811074,nrm.extra.perf.PAPI_TOT_INS.153505,106973937820402.0
1769975573.811074,nrm.extra.perf.PAPI_TOT_CYC.153505,181377023083114.0
1769975573.811074,nrm.extra.perf.PAPI_RES_STL.153505,90044866764066.0
1769975573.811074,nrm.extra.perf.PAPI_L3_TCM.153505,33855493701.0
1769975574.813623,nrm.extra.perf.PAPI_L3_TCA.153505,329974520741.0
1769975574.813623,nrm.extra.perf.PAPI_TOT_INS.153505,107121239034811.0
1769975574.813623,nrm.extra.perf.PAPI_TOT_CYC.153505,181626004350175.0
1769975574.813623,nrm.extra.perf.PAPI_RES_STL.153505,90168572025271.0
1769975574.813623,nrm.extra.perf.PAPI_L3_TCM.153505,33902021302.0
1769975575.8150585,nrm.extra.perf.PAPI_L3_TCA.153505,330427240681.0
1769975575.8150585,nrm.extra.perf.PAPI_TOT_INS.153505,107267892337653.0
1769975575.8150585,nrm.extra.perf.PAPI_TOT_CYC.153505,181874734363460.0
1769975575.8150585,nrm.extra.perf.PAPI_RES_STL.153505,90292313545950.0
1769975575.8150585,nrm.extra.perf.PAPI_L3_TCM.153505,33949024208.0
1769975576.8110578,nrm.extra.perf.PAPI_L3_TCA.153505,330879300838.0
1769975576.8110578,nrm.extra.perf.PAPI_TOT_INS.153505,107414535750459.0
1769975576.8110578,nrm.extra.perf.PAPI_TOT_CYC.153505,182122096000672.0
1769975576.8110578,nrm.extra.perf.PAPI_RES_STL.153505,90415604181097.0
1769975576.8110578,nrm.extra.perf.PAPI_L3_TCM.153505,33996025127.0
1769975577.811072,nrm.extra.perf.PAPI_L3_TCA.153505,331331850844.0
1769975577.811072,nrm.extra.perf.PAPI_TOT_INS.153505,107561227531704.0
1769975577.811072,nrm.extra.perf.PAPI_TOT_CYC.153505,182370419564941.0
1769975577.811072,nrm.extra.perf.PAPI_RES_STL.153505,90539392998729.0
1769975577.811072,nrm.extra.perf.PAPI_L3_TCM.153505,34043157270.0
1769975578.8110578,nrm.extra.perf.PAPI_L3_TCA.153505,331784193624.0
1769975578.8110578,nrm.extra.perf.PAPI_TOT_INS.153505,107708044071084.0
1769975578.8110578,nrm.extra.perf.PAPI_TOT_CYC.153505,182618586257800.0
1769975578.8110578,nrm.extra.perf.PAPI_RES_STL.153505,90662726651223.0
1769975578.8110578,nrm.extra.perf.PAPI_L3_TCM.153505,34089915151.0
1769975579.8110633,nrm.extra.perf.PAPI_L3_TCA.153505,332236160352.0
1769975579.8110633,nrm.extra.perf.PAPI_TOT_INS.153505,107854531823307.0
1769975579.8110633,nrm.extra.perf.PAPI_TOT_CYC.153505,182866788393846.0
1769975579.8110633,nrm.extra.perf.PAPI_RES_STL.153505,90786151724088.0
1769975579.8110633,nrm.extra.perf.PAPI_L3_TCM.153505,34137041128.0
1769975580.8110642,nrm.extra.perf.PAPI_L3_TCA.153505,332689358382.0
1769975580.8110642,nrm.extra.perf.PAPI_TOT_INS.153505,108001458886410.0
1769975580.8110642,nrm.extra.perf.PAPI_TOT_CYC.153505,183115173486978.0
1769975580.8110642,nrm.extra.perf.PAPI_RES_STL.153505,90910007783646.0
1769975580.8110642,nrm.extra.perf.PAPI_L3_TCM.153505,34183958013.0
1769975581.8110216,nrm.extra.perf.PAPI_L3_TCA.153505,333142974150.0
1769975581.8110216,nrm.extra.perf.PAPI_TOT_INS.153505,108148518393185.0
1769975581.8110216,nrm.extra.perf.PAPI_TOT_CYC.153505,183363394151786.0
1769975581.8110216,nrm.extra.perf.PAPI_RES_STL.153505,91033926732715.0
1769975581.8110216,nrm.extra.perf.PAPI_L3_TCM.153505,34230842905.0
1769975582.8109796,nrm.extra.perf.PAPI_L3_TCA.153505,333596493608.0
1769975582.8109796,nrm.extra.perf.PAPI_TOT_INS.153505,108295648832928.0
1769975582.8109796,nrm.extra.perf.PAPI_TOT_CYC.153505,183611594118513.0
1769975582.8109796,nrm.extra.perf.PAPI_RES_STL.153505,91157635709411.0
1769975582.8109796,nrm.extra.perf.PAPI_L3_TCM.153505,34277700030.0
1769975583.8140423,nrm.extra.perf.PAPI_L3_TCA.153505,334049479163.0
1769975583.8140423,nrm.extra.perf.PAPI_TOT_INS.153505,108442425987935.0
1769975583.8140423,nrm.extra.perf.PAPI_TOT_CYC.153505,183860729835558.0
1769975583.8140423,nrm.extra.perf.PAPI_RES_STL.153505,91281414338799.0
1769975583.8140423,nrm.extra.perf.PAPI_L3_TCM.153505,34324927467.0
1769975584.8110573,nrm.extra.perf.PAPI_L3_TCA.153505,334500059098.0
1769975584.8110573,nrm.extra.perf.PAPI_TOT_INS.153505,108588644816209.0
1769975584.8110573,nrm.extra.perf.PAPI_TOT_CYC.153505,184108277542433.0
1769975584.8110573,nrm.extra.perf.PAPI_RES_STL.153505,91404569361612.0
1769975584.8110573,nrm.extra.perf.PAPI_L3_TCM.153505,34371462437.0
1769975585.811092,nrm.extra.perf.PAPI_L3_TCA.153505,334952509847.0
1769975585.811092,nrm.extra.perf.PAPI_TOT_INS.153505,108735528324454.0
1769975585.811092,nrm.extra.perf.PAPI_TOT_CYC.153505,184356473377291.0
1769975585.811092,nrm.extra.perf.PAPI_RES_STL.153505,91528012241272.0
1769975585.811092,nrm.extra.perf.PAPI_L3_TCM.153505,34418138761.0
1769975586.813109,nrm.extra.perf.PAPI_L3_TCA.153505,335406149865.0
1769975586.813109,nrm.extra.perf.PAPI_TOT_INS.153505,108882639896215.0
1769975586.813109,nrm.extra.perf.PAPI_TOT_CYC.153505,184605045392220.0
1769975586.813109,nrm.extra.perf.PAPI_RES_STL.153505,91651904325741.0
1769975586.813109,nrm.extra.perf.PAPI_L3_TCM.153505,34465141160.0
1769975587.8110101,nrm.extra.perf.PAPI_L3_TCA.153505,335856897813.0
1769975587.8110101,nrm.extra.perf.PAPI_TOT_INS.153505,109028751214948.0
1769975587.8110101,nrm.extra.perf.PAPI_TOT_CYC.153505,184852852932587.0
1769975587.8110101,nrm.extra.perf.PAPI_RES_STL.153505,91775105797654.0
1769975587.8110101,nrm.extra.perf.PAPI_L3_TCM.153505,34511839246.0
1769975588.8110843,nrm.extra.perf.PAPI_L3_TCA.153505,336309166836.0
1769975588.8110843,nrm.extra.perf.PAPI_TOT_INS.153505,109175581786807.0
1769975588.8110843,nrm.extra.perf.PAPI_TOT_CYC.153505,185101147996860.0
1769975588.8110843,nrm.extra.perf.PAPI_RES_STL.153505,91898501555595.0
1769975588.8110843,nrm.extra.perf.PAPI_L3_TCM.153505,34558478963.0
1769975589.8110666,nrm.extra.perf.PAPI_L3_TCA.153505,336760942258.0
1769975589.8110666,nrm.extra.perf.PAPI_TOT_INS.153505,109322070847955.0
1769975589.8110666,nrm.extra.perf.PAPI_TOT_CYC.153505,185349185083399.0
1769975589.8110666,nrm.extra.perf.PAPI_RES_STL.153505,92022089108544.0
1769975589.8110666,nrm.extra.perf.PAPI_L3_TCM.153505,34605258843.0
1769975590.8110435,nrm.extra.perf.PAPI_L3_TCA.153505,337214710813.0
1769975590.8110435,nrm.extra.perf.PAPI_TOT_INS.153505,109469142433322.0
1769975590.8110435,nrm.extra.perf.PAPI_TOT_CYC.153505,185597309225490.0
1769975590.8110435,nrm.extra.perf.PAPI_RES_STL.153505,92146055303213.0
1769975590.8110435,nrm.extra.perf.PAPI_L3_TCM.153505,34652223532.0
1769975591.810998,nrm.extra.perf.PAPI_L3_TCA.153505,337668151338.0
1769975591.810998,nrm.extra.perf.PAPI_TOT_INS.153505,109615966729348.0
1769975591.810998,nrm.extra.perf.PAPI_TOT_CYC.153505,185845474028920.0
1769975591.810998,nrm.extra.perf.PAPI_RES_STL.153505,92269854623498.0
1769975591.810998,nrm.extra.perf.PAPI_L3_TCM.153505,34699396208.0
1769975592.8110454,nrm.extra.perf.PAPI_L3_TCA.153505,338121552719.0
1769975592.8110454,nrm.extra.perf.PAPI_TOT_INS.153505,109762963475189.0
1769975592.8110454,nrm.extra.perf.PAPI_TOT_CYC.153505,186093624800402.0
1769975592.8110454,nrm.extra.perf.PAPI_RES_STL.153505,92393654014431.0
1769975592.8110454,nrm.extra.perf.PAPI_L3_TCM.153505,34746387427.0
1769975593.8110602,nrm.extra.perf.PAPI_L3_TCA.153505,338573865285.0
1769975593.8110602,nrm.extra.perf.PAPI_TOT_INS.153505,109909804951911.0
1769975593.8110602,nrm.extra.perf.PAPI_TOT_CYC.153505,186341850401944.0
1769975593.8110602,nrm.extra.perf.PAPI_RES_STL.153505,92517146521149.0
1769975593.8110602,nrm.extra.perf.PAPI_L3_TCM.153505,34793004483.0
1769975594.81109,nrm.extra.perf.PAPI_L3_TCA.153505,339021828347.0
1769975594.81109,nrm.extra.perf.PAPI_TOT_INS.153505,110055213119509.0
1769975594.81109,nrm.extra.perf.PAPI_TOT_CYC.153505,186588458934087.0
1769975594.81109,nrm.extra.perf.PAPI_RES_STL.153505,92639539256915.0
1769975594.81109,nrm.extra.perf.PAPI_L3_TCM.153505,34839609408.0
1769975595.8110523,nrm.extra.perf.PAPI_L3_TCA.153505,339467222414.0
1769975595.8110523,nrm.extra.perf.PAPI_TOT_INS.153505,110199953256897.0
1769975595.8110523,nrm.extra.perf.PAPI_TOT_CYC.153505,186835342005913.0
1769975595.8110523,nrm.extra.perf.PAPI_RES_STL.153505,92761346189549.0
1769975595.8110523,nrm.extra.perf.PAPI_L3_TCM.153505,34886051262.0
1769975596.8109963,nrm.extra.perf.PAPI_L3_TCA.153505,339919124528.0
1769975596.8109963,nrm.extra.perf.PAPI_TOT_INS.153505,110346522562563.0
1769975596.8109963,nrm.extra.perf.PAPI_TOT_CYC.153505,187083706661499.0
1769975596.8109963,nrm.extra.perf.PAPI_RES_STL.153505,92884429405429.0
1769975596.8109963,nrm.extra.perf.PAPI_L3_TCM.153505,34932737660.0
1769975597.8110528,nrm.extra.perf.PAPI_L3_TCA.153505,340372382468.0
1769975597.8110528,nrm.extra.perf.PAPI_TOT_INS.153505,110493550448830.0
1769975597.8110528,nrm.extra.perf.PAPI_TOT_CYC.153505,187332062124161.0
1769975597.8110528,nrm.extra.perf.PAPI_RES_STL.153505,93008309681067.0
1769975597.8110528,nrm.extra.perf.PAPI_L3_TCM.153505,34979817508.0
1769975598.8110504,nrm.extra.perf.PAPI_L3_TCA.153505,340815711639.0
1769975598.8110504,nrm.extra.perf.PAPI_TOT_INS.153505,110637590730584.0
1769975598.8110504,nrm.extra.perf.PAPI_TOT_CYC.153505,187577600220452.0
1769975598.8110504,nrm.extra.perf.PAPI_RES_STL.153505,93129613431172.0
1769975598.8110504,nrm.extra.perf.PAPI_L3_TCM.153505,35025957029.0
1769975599.8110495,nrm.extra.perf.PAPI_L3_TCA.153505,341268225816.0
1769975599.8110495,nrm.extra.perf.PAPI_TOT_INS.153505,110784360984362.0
1769975599.8110495,nrm.extra.perf.PAPI_TOT_CYC.153505,187825800810540.0
1769975599.8110495,nrm.extra.perf.PAPI_RES_STL.153505,93253209598352.0
1769975599.8110495,nrm.extra.perf.PAPI_L3_TCM.153505,35072855042.0
1769975600.5423806,nrm.extra.perf.PAPI_L3_TCA.153505,341592420778.0
1769975600.5423806,nrm.extra.perf.PAPI_TOT_INS.153505,110889858781040.0
1769975600.5423806,nrm.extra.perf.PAPI_TOT_CYC.153505,188004617059707.0
1769975600.5423806,nrm.extra.perf.PAPI_RES_STL.153505,93341608446339.0
1769975600.5423806,nrm.extra.perf.PAPI_L3_TCM.153505,35106066656.0
