time,actuator,value
1738729424.025409,Actuator(ptr=c_void_p(94485688121152)),107.0
1738729429.0430546,Actuator(ptr=c_void_p(94485688121152)),107.0
1738729434.0617871,Actuator(ptr=c_void_p(94485688121152)),107.0
1738729439.0824413,Actuator(ptr=c_void_p(94485688121152)),107.0
1738729444.1005933,Actuator(ptr=c_void_p(94485688121152)),107.0
1738729449.1200914,Actuator(ptr=c_void_p(94485688121152)),107.0
1738729454.1385813,Actuator(ptr=c_void_p(94485688121152)),107.0
1738729459.157989,Actuator(ptr=c_void_p(94485688121152)),107.0
