time,actuator,value
1738747103.5790663,Actuator(ptr=c_void_p(94499488352256)),165.0
1738747108.595731,Actuator(ptr=c_void_p(94499488352256)),165.0
1738747113.611221,Actuator(ptr=c_void_p(94499488352256)),165.0
1738747118.6259193,Actuator(ptr=c_void_p(94499488352256)),165.0
1738747123.6450796,Actuator(ptr=c_void_p(94499488352256)),165.0
1738747128.658513,Actuator(ptr=c_void_p(94499488352256)),165.0
1738747133.6735175,Actuator(ptr=c_void_p(94499488352256)),165.0
1738747138.6898332,Actuator(ptr=c_void_p(94499488352256)),165.0
