time,actuator,value
1738778476.5131032,Actuator(ptr=c_void_p(94233528672144)),147.0
1738778481.5303617,Actuator(ptr=c_void_p(94233528672144)),147.0
1738778486.5479765,Actuator(ptr=c_void_p(94233528672144)),147.0
1738778491.5651557,Actuator(ptr=c_void_p(94233528672144)),147.0
1738778496.5840251,Actuator(ptr=c_void_p(94233528672144)),147.0
1738778501.6014252,Actuator(ptr=c_void_p(94233528672144)),147.0
1738778506.616515,Actuator(ptr=c_void_p(94233528672144)),147.0
1738778511.6349676,Actuator(ptr=c_void_p(94233528672144)),147.0
