time,actuator,value
1738767234.5403745,Actuator(ptr=c_void_p(94704589911200)),165.0
1738767239.5577638,Actuator(ptr=c_void_p(94704589911200)),165.0
1738767244.5744636,Actuator(ptr=c_void_p(94704589911200)),165.0
1738767249.592471,Actuator(ptr=c_void_p(94704589911200)),165.0
1738767254.6107354,Actuator(ptr=c_void_p(94704589911200)),165.0
1738767259.6301897,Actuator(ptr=c_void_p(94704589911200)),165.0
1738767264.649222,Actuator(ptr=c_void_p(94704589911200)),165.0
1738767269.6678424,Actuator(ptr=c_void_p(94704589911200)),165.0
