time,actuator,value
1738767070.5256703,Actuator(ptr=c_void_p(94704589911200)),165.0
1738767075.5443206,Actuator(ptr=c_void_p(94704589911200)),165.0
1738767080.563267,Actuator(ptr=c_void_p(94704589911200)),165.0
1738767085.5837758,Actuator(ptr=c_void_p(94704589911200)),165.0
1738767090.6017866,Actuator(ptr=c_void_p(94704589911200)),165.0
1738767095.621029,Actuator(ptr=c_void_p(94704589911200)),165.0
1738767100.6400895,Actuator(ptr=c_void_p(94704589911200)),165.0
1738767105.6617208,Actuator(ptr=c_void_p(94704589911200)),165.0
