time,actuator,value
1738777348.5558343,Actuator(ptr=c_void_p(94282427277200)),130.0
1738777353.5792148,Actuator(ptr=c_void_p(94282427277200)),130.0
1738777358.5979514,Actuator(ptr=c_void_p(94282427277200)),130.0
1738777363.616611,Actuator(ptr=c_void_p(94282427277200)),130.0
1738777368.6343043,Actuator(ptr=c_void_p(94282427277200)),130.0
1738777373.6525278,Actuator(ptr=c_void_p(94282427277200)),130.0
1738777378.6683166,Actuator(ptr=c_void_p(94282427277200)),130.0
1738777383.684285,Actuator(ptr=c_void_p(94282427277200)),130.0
1738777388.701602,Actuator(ptr=c_void_p(94282427277200)),130.0
