time,actuator,value
1738747688.716171,Actuator(ptr=c_void_p(94499488352256)),165.0
1738747693.7330396,Actuator(ptr=c_void_p(94499488352256)),165.0
1738747698.7519321,Actuator(ptr=c_void_p(94499488352256)),165.0
1738747703.769929,Actuator(ptr=c_void_p(94499488352256)),165.0
1738747708.7880187,Actuator(ptr=c_void_p(94499488352256)),165.0
1738747713.8042767,Actuator(ptr=c_void_p(94499488352256)),165.0
1738747718.8227184,Actuator(ptr=c_void_p(94499488352256)),165.0
1738747723.8415987,Actuator(ptr=c_void_p(94499488352256)),165.0
