time,value
1765069796.9138064,2.0
1765069796.9283612,3.0
1765069796.942882,3.0
1765069796.9573247,3.0
1765069796.9717321,3.0
1765069796.9861455,3.0
1765069797.0005631,3.0
1765069797.0149696,3.0
1765069797.0293865,3.0
1765069797.0437765,3.0
1765069797.0583074,3.0
1765069797.0726912,3.0
1765069797.0870929,3.0
1765069797.1015956,3.0
1765069797.1160088,3.0
1765069797.1304193,3.0
1765069797.144802,3.0
1765069797.159247,3.0
1765069797.1736808,3.0
1765069797.188122,3.0
1765069797.2025568,3.0
1765069797.2171557,3.0
1765069797.2315927,3.0
1765069797.2460134,3.0
1765069797.2604606,3.0
1765069797.2748682,3.0
1765069797.2892883,3.0
1765069797.3036945,3.0
1765069797.3182478,3.0
1765069797.3326716,3.0
1765069797.347085,3.0
1765069797.361504,3.0
1765069797.3760235,3.0
1765069797.390435,3.0
1765069797.4049075,3.0
1765069797.4193249,3.0
1765069797.433729,3.0
1765069797.4482536,3.0
1765069797.4626641,3.0
1765069797.4772413,3.0
1765069797.4916677,3.0
1765069797.5061696,3.0
1765069797.520592,3.0
1765069797.5350285,3.0
1765069797.5494468,3.0
1765069797.563895,3.0
1765069797.578314,3.0
1765069797.5927255,3.0
1765069797.6071508,3.0
1765069797.6215703,3.0
1765069797.6359804,3.0
1765069797.6505682,3.0
1765069797.6650856,3.0
1765069797.6795065,3.0
1765069797.6941295,3.0
1765069797.7085679,3.0
1765069797.7230148,3.0
1765069797.7374656,3.0
1765069797.7518265,3.0
1765069797.7662303,3.0
1765069797.7806373,3.0
1765069797.795052,3.0
1765069797.809465,3.0
1765069797.8239644,3.0
1765069797.8339875,2.0
1765069797.8440585,2.0
1765069797.854136,2.0
1765069797.8738797,2.0
1765069797.888166,2.0
1765069797.8982515,2.0
1765069797.9083498,2.0
1765069797.9184747,2.0
1765069797.9286253,2.0
1765069797.938841,2.0
1765069797.9489682,2.0
1765069797.9591014,2.0
1765069797.969242,2.0
1765069797.9793823,2.0
1765069797.9895792,2.0
1765069797.999787,2.0
1765069798.0100064,2.0
1765069798.0201917,2.0
1765069798.030401,2.0
1765069798.0406444,2.0
1765069798.0508425,2.0
1765069798.0610747,2.0
1765069798.0712497,2.0
1765069798.0814512,2.0
1765069798.0917745,2.0
1765069798.1019795,2.0
1765069798.1123357,2.0
1765069798.122512,2.0
1765069798.13275,2.0
1765069798.1430607,2.0
1765069798.153221,2.0
1765069798.163415,2.0
1765069798.173653,2.0
1765069798.1838598,2.0
1765069798.1940687,2.0
1765069798.204228,2.0
1765069798.2143984,2.0
1765069798.2246304,2.0
1765069798.2349255,2.0
1765069798.245083,2.0
1765069798.255254,2.0
1765069798.2655907,2.0
1765069798.27585,2.0
1765069798.286127,2.0
1765069798.2962792,2.0
1765069798.306436,2.0
1765069798.3165753,2.0
1765069798.3267653,2.0
1765069798.3369436,2.0
1765069798.3470972,2.0
1765069798.3572705,2.0
1765069798.3675323,2.0
1765069798.3776839,2.0
1765069798.3878489,2.0
1765069798.3980298,2.0
1765069798.4082105,2.0
1765069798.4183943,2.0
1765069798.4286082,2.0
1765069798.4388895,2.0
1765069798.449063,2.0
1765069798.4592168,2.0
1765069798.4694366,2.0
1765069798.4796536,2.0
1765069798.4899263,2.0
1765069798.500068,2.0
1765069798.5102215,2.0
1765069798.5203936,2.0
1765069798.5307724,2.0
1765069798.5409853,2.0
1765069798.5511827,2.0
1765069798.5613406,2.0
1765069798.571621,2.0
1765069798.581871,2.0
1765069798.592039,2.0
1765069798.6022007,2.0
1765069798.612454,2.0
1765069798.622724,2.0
1765069798.6328824,2.0
1765069798.6430528,2.0
1765069798.6534634,2.0
1765069798.6637063,2.0
1765069798.6739357,2.0
1765069798.6842303,2.0
1765069798.6944594,2.0
1765069798.7046888,2.0
1765069798.7149656,2.0
1765069798.7252493,2.0
1765069798.7354052,2.0
1765069798.7455482,2.0
1765069798.7557263,2.0
1765069798.7659948,2.0
1765069798.7761476,2.0
1765069798.7863107,2.0
1765069798.796465,2.0
1765069798.80663,2.0
1765069798.8167803,2.0
1765069798.8269496,2.0
1765069798.8371487,2.0
1765069798.8471746,2.0
1765069798.8573327,2.0
1765069798.8785121,2.0
1765069798.8887956,1.0
1765069798.8988545,2.0
1765069798.9090574,2.0
1765069798.9193149,2.0
1765069798.9295294,2.0
1765069798.9397643,2.0
1765069798.949955,2.0
1765069798.9601827,2.0
1765069798.9703953,2.0
1765069798.980635,2.0
1765069798.9908295,2.0
1765069799.0010526,2.0
1765069799.0113237,2.0
1765069799.0215383,2.0
1765069799.0317338,2.0
1765069799.0419438,2.0
1765069799.0522573,2.0
1765069799.062358,2.0
1765069799.0725636,2.0
1765069799.082787,2.0
1765069799.092987,2.0
1765069799.1031985,2.0
1765069799.1135786,2.0
1765069799.1237996,2.0
1765069799.134122,2.0
1765069799.1443465,2.0
1765069799.1545427,2.0
1765069799.164801,2.0
1765069799.175028,2.0
1765069799.1852407,2.0
1765069799.1954777,2.0
1765069799.2056828,2.0
1765069799.2159314,2.0
1765069799.2262099,2.0
1765069799.2364304,2.0
1765069799.2465584,2.0
1765069799.2567286,2.0
1765069799.2669492,2.0
1765069799.2771335,2.0
1765069799.287396,2.0
1765069799.2976358,2.0
1765069799.3078444,2.0
1765069799.3180685,2.0
1765069799.3284812,2.0
1765069799.3387804,2.0
1765069799.3488445,2.0
1765069799.3590171,2.0
1765069799.3692253,2.0
1765069799.3796053,2.0
1765069799.389834,2.0
1765069799.4000335,2.0
1765069799.4102523,2.0
1765069799.4204445,2.0
1765069799.4307208,2.0
1765069799.440914,2.0
1765069799.4511194,2.0
1765069799.461473,2.0
1765069799.4716723,2.0
1765069799.4819,2.0
1765069799.4921181,2.0
1765069799.5022683,2.0
1765069799.5124974,2.0
1765069799.52271,2.0
1765069799.5329201,2.0
1765069799.543132,2.0
1765069799.5534031,2.0
1765069799.5635872,2.0
1765069799.573817,2.0
1765069799.5841234,2.0
1765069799.5943565,2.0
1765069799.6045578,2.0
1765069799.6147594,2.0
1765069799.6250434,2.0
1765069799.635389,2.0
1765069799.6457567,2.0
1765069799.6558533,2.0
1765069799.6660333,2.0
1765069799.6762998,2.0
1765069799.6867487,2.0
1765069799.6969478,2.0
1765069799.707157,2.0
1765069799.7173874,2.0
1765069799.7275872,2.0
1765069799.7377841,2.0
1765069799.7479079,2.0
1765069799.7581284,2.0
1765069799.7682993,2.0
1765069799.7784472,2.0
1765069799.7886307,2.0
1765069799.798791,2.0
1765069799.8089352,2.0
1765069799.8190553,2.0
1765069799.8292,2.0
1765069799.839337,2.0
1765069799.8494897,2.0
1765069799.8608005,2.0
1765069799.8810577,2.0
1765069799.891401,1.0
1765069799.901446,2.0
1765069799.9116611,2.0
1765069799.9219778,2.0
1765069799.932186,2.0
1765069799.9424903,2.0
1765069799.9527075,2.0
1765069799.9630227,2.0
1765069799.9732268,2.0
1765069799.9834197,2.0
1765069799.9936354,2.0
1765069800.0038443,2.0
1765069800.0140855,2.0
1765069800.0242672,2.0
1765069800.0344703,2.0
1765069800.0447345,2.0
1765069800.0549555,2.0
1765069800.0651863,2.0
1765069800.075421,2.0
1765069800.0856078,2.0
1765069800.0959017,2.0
1765069800.1060908,2.0
1765069800.1163545,2.0
1765069800.1266727,2.0
1765069800.1367552,2.0
1765069800.1469433,2.0
1765069800.1571698,2.0
1765069800.1673903,2.0
1765069800.1776137,2.0
1765069800.1878178,2.0
1765069800.1980348,2.0
1765069800.2083478,2.0
1765069800.2185574,2.0
1765069800.2287495,2.0
1765069800.2389832,2.0
1765069800.2492282,2.0
1765069800.2594306,2.0
1765069800.2696621,2.0
1765069800.2798772,2.0
1765069800.2900789,2.0
1765069800.3003027,2.0
1765069800.310515,2.0
1765069800.3208072,2.0
1765069800.3310175,2.0
1765069800.3412318,2.0
1765069800.3514442,2.0
1765069800.3616433,2.0
1765069800.371836,2.0
1765069800.382152,2.0
1765069800.3923564,2.0
1765069800.402564,2.0
1765069800.412791,2.0
1765069800.4230149,2.0
1765069800.4330852,2.0
1765069800.4431822,2.0
1765069800.453371,2.0
1765069800.4637313,2.0
1765069800.4739296,2.0
1765069800.4841552,2.0
1765069800.4945302,2.0
1765069800.50472,2.0
1765069800.514941,2.0
1765069800.525134,2.0
1765069800.5354004,2.0
1765069800.5456045,2.0
1765069800.5558236,2.0
1765069800.5660315,2.0
1765069800.5762315,2.0
1765069800.586463,2.0
1765069800.5967987,2.0
1765069800.6069999,2.0
1765069800.617225,2.0
1765069800.6274185,2.0
1765069800.6376257,2.0
1765069800.6478946,2.0
1765069800.658131,2.0
1765069800.6682482,2.0
1765069800.6784813,2.0
1765069800.6887574,2.0
1765069800.698955,2.0
1765069800.709178,2.0
1765069800.7195396,2.0
1765069800.7296457,2.0
1765069800.7398894,2.0
1765069800.7501893,2.0
1765069800.7603962,2.0
1765069800.7706206,2.0
1765069800.7808077,2.0
1765069800.791132,2.0
1765069800.8013406,2.0
1765069800.8115373,2.0
1765069800.821743,2.0
1765069800.8319619,2.0
1765069800.842152,2.0
1765069800.8524077,2.0
1765069800.863804,2.0
1765069800.8739846,2.0
1765069800.8862138,2.0
1765069800.8964405,2.0
1765069800.9066808,2.0
1765069800.917298,2.0
1765069800.9276242,2.0
1765069800.9378324,2.0
1765069800.9480352,2.0
1765069800.9582703,2.0
1765069800.9684508,2.0
1765069800.978678,2.0
1765069800.988979,2.0
1765069800.9990597,2.0
1765069801.0091367,2.0
1765069801.019339,2.0
1765069801.0295515,2.0
1765069801.0397367,2.0
1765069801.0500197,2.0
1765069801.060254,2.0
1765069801.070484,2.0
1765069801.08073,2.0
1765069801.0909348,2.0
1765069801.101144,2.0
1765069801.1113997,2.0
1765069801.1216562,2.0
1765069801.1318655,2.0
1765069801.1420674,2.0
1765069801.1522949,2.0
1765069801.1624858,2.0
1765069801.1727173,2.0
1765069801.1829202,2.0
1765069801.1931362,2.0
1765069801.2034688,2.0
1765069801.21368,2.0
1765069801.2239149,2.0
1765069801.2341108,2.0
1765069801.244321,2.0
1765069801.2545252,2.0
1765069801.2647207,2.0
1765069801.2749333,2.0
1765069801.2850623,2.0
1765069801.295213,2.0
1765069801.3054311,2.0
1765069801.315635,2.0
1765069801.3258793,2.0
1765069801.3361032,2.0
1765069801.3463364,2.0
1765069801.3565195,2.0
1765069801.36674,2.0
1765069801.3769467,2.0
1765069801.3871408,2.0
1765069801.3973463,2.0
1765069801.4075704,2.0
1765069801.4177792,2.0
1765069801.428084,2.0
1765069801.4382844,2.0
1765069801.4484909,2.0
1765069801.4587069,2.0
1765069801.468918,2.0
1765069801.4791389,2.0
1765069801.489523,2.0
1765069801.4997146,2.0
1765069801.50992,2.0
1765069801.5201013,2.0
1765069801.5303426,2.0
1765069801.5406718,2.0
1765069801.5508745,2.0
1765069801.5610976,2.0
1765069801.5713015,2.0
1765069801.5815096,2.0
1765069801.5917394,2.0
1765069801.601821,2.0
1765069801.6120217,2.0
1765069801.6222734,2.0
1765069801.6324956,2.0
1765069801.642746,2.0
1765069801.6532524,2.0
1765069801.6634414,2.0
1765069801.6736312,2.0
1765069801.6840918,2.0
1765069801.6941981,2.0
1765069801.704403,2.0
1765069801.7146237,2.0
1765069801.725054,2.0
1765069801.73522,2.0
1765069801.7454474,2.0
1765069801.755688,2.0
1765069801.7658763,2.0
1765069801.7760987,2.0
1765069801.7862897,2.0
1765069801.7965205,2.0
1765069801.8067865,2.0
1765069801.8169837,2.0
1765069801.8271606,2.0
1765069801.8374324,2.0
1765069801.8476684,2.0
1765069801.857899,2.0
1765069801.8690245,2.0
1765069801.879411,2.0
1765069801.8896554,2.0
1765069801.8998716,2.0
1765069801.9102027,2.0
1765069801.9203982,2.0
1765069801.9307086,2.0
1765069801.940947,2.0
1765069801.951207,2.0
1765069801.9614322,2.0
1765069801.9716368,2.0
1765069801.9819558,2.0
1765069801.9921408,2.0
1765069802.00235,2.0
1765069802.0124254,2.0
1765069802.022502,2.0
1765069802.032551,2.0
1765069802.0426114,2.0
1765069802.0526536,2.0
1765069802.0627341,2.0
1765069802.0728903,2.0
1765069802.0829437,2.0
1765069802.0929892,2.0
1765069802.1030993,2.0
1765069802.1131938,2.0
1765069802.1232793,2.0
1765069802.1333492,2.0
1765069802.143418,2.0
1765069802.153461,2.0
1765069802.1635385,2.0
1765069802.1735826,2.0
1765069802.1836324,2.0
1765069802.1937068,2.0
1765069802.2037647,2.0
1765069802.21381,2.0
1765069802.2239113,2.0
1765069802.233955,2.0
1765069802.2439952,2.0
1765069802.2540817,2.0
1765069802.264122,2.0
1765069802.2741659,2.0
1765069802.2842479,2.0
1765069802.2942936,2.0
1765069802.3043358,2.0
1765069802.314574,2.0
1765069802.3246334,2.0
1765069802.3346744,2.0
1765069802.3447235,2.0
1765069802.354788,2.0
1765069802.3648605,2.0
1765069802.3750052,2.0
1765069802.3850496,2.0
1765069802.3951008,2.0
1765069802.405161,2.0
1765069802.4152377,2.0
1765069802.4253244,2.0
1765069802.4353964,2.0
1765069802.4454618,2.0
1765069802.4555287,2.0
1765069802.4656112,2.0
1765069802.475672,2.0
1765069802.485739,2.0
1765069802.4958436,2.0
1765069802.5058823,2.0
1765069802.515975,2.0
1765069802.5260391,2.0
1765069802.5360935,2.0
1765069802.5461438,2.0
1765069802.5562,2.0
1765069802.5662518,2.0
1765069802.5763354,2.0
1765069802.586469,2.0
1765069802.596524,2.0
1765069802.6065743,2.0
1765069802.6166315,2.0
1765069802.6266928,2.0
1765069802.636736,2.0
1765069802.6469228,2.0
1765069802.6570292,2.0
1765069802.6670938,2.0
1765069802.677178,2.0
1765069802.6874032,2.0
1765069802.6974556,2.0
1765069802.7075226,2.0
1765069802.7175648,2.0
1765069802.7276824,2.0
1765069802.737806,2.0
1765069802.7478583,2.0
1765069802.7578921,2.0
1765069802.7679436,2.0
1765069802.7780244,2.0
1765069802.788079,2.0
1765069802.7981393,2.0
1765069802.8082232,2.0
1765069802.8182814,2.0
1765069802.828478,2.0
1765069802.8385153,2.0
1765069802.8485622,2.0
1765069802.8595364,2.0
1765069802.869744,2.0
1765069802.879887,2.0
1765069802.8900013,2.0
1765069802.900075,2.0
1765069802.9101186,2.0
1765069802.9201853,2.0
1765069802.9302366,2.0
1765069802.940337,2.0
1765069802.9503944,2.0
1765069802.96044,2.0
1765069802.9708507,2.0
1765069802.9809313,2.0
1765069802.9909968,2.0
1765069803.001127,2.0
1765069803.0111728,2.0
1765069803.0212276,2.0
1765069803.0313504,2.0
1765069803.0414114,2.0
1765069803.051455,2.0
1765069803.0615027,2.0
1765069803.0715425,2.0
1765069803.081686,2.0
1765069803.091774,2.0
1765069803.101832,2.0
1765069803.1119335,2.0
1765069803.1220088,2.0
1765069803.1320555,2.0
1765069803.1421323,2.0
1765069803.152257,2.0
1765069803.1622958,2.0
1765069803.1723692,2.0
1765069803.1824243,2.0
1765069803.1925166,2.0
1765069803.2026906,2.0
1765069803.2127442,2.0
1765069803.2228236,2.0
1765069803.2329779,2.0
1765069803.2430372,2.0
1765069803.2531712,2.0
1765069803.2633681,2.0
1765069803.2734196,2.0
1765069803.283584,2.0
1765069803.2936037,2.0
1765069803.3036823,2.0
1765069803.3137462,2.0
1765069803.323936,2.0
1765069803.3339694,2.0
1765069803.3440833,2.0
1765069803.3541844,2.0
1765069803.3642242,2.0
1765069803.3742483,2.0
1765069803.3843262,2.0
1765069803.3944054,2.0
1765069803.4044833,2.0
1765069803.4145322,2.0
1765069803.4245734,2.0
1765069803.4346168,2.0
1765069803.4446979,2.0
1765069803.4547691,2.0
1765069803.4648497,2.0
1765069803.4749002,2.0
1765069803.4849563,2.0
1765069803.49506,2.0
1765069803.5051177,2.0
1765069803.5151546,2.0
1765069803.5252085,2.0
1765069803.5352595,2.0
1765069803.545315,2.0
1765069803.5553825,2.0
1765069803.5654702,2.0
1765069803.5756323,2.0
1765069803.5856712,2.0
1765069803.5957224,2.0
1765069803.6058745,2.0
1765069803.615924,2.0
1765069803.6259892,2.0
1765069803.6360996,2.0
1765069803.6462445,2.0
1765069803.6565707,2.0
1765069803.6666446,2.0
1765069803.6767128,2.0
1765069803.6868742,2.0
1765069803.6969142,2.0
1765069803.7069824,2.0
1765069803.7170522,2.0
1765069803.7272449,2.0
1765069803.7373185,2.0
1765069803.747369,2.0
1765069803.7575338,2.0
1765069803.7676034,2.0
1765069803.7776425,2.0
1765069803.787714,2.0
1765069803.7977695,2.0
1765069803.8078346,2.0
1765069803.8179104,2.0
1765069803.8279974,2.0
1765069803.838033,2.0
1765069803.8481085,2.0
1765069803.858163,2.0
1765069803.8691275,2.0
1765069803.8796394,2.0
1765069803.8897266,2.0
1765069803.899882,2.0
1765069803.9099185,2.0
1765069803.9200697,2.0
1765069803.9301367,2.0
1765069803.9401953,2.0
1765069803.950226,2.0
1765069803.9602873,2.0
1765069803.970409,2.0
1765069803.9804792,2.0
1765069803.9905393,2.0
1765069804.0005858,2.0
1765069804.0106165,2.0
1765069804.020679,2.0
1765069804.030789,2.0
1765069804.0408473,2.0
1765069804.0509036,2.0
1765069804.0610058,2.0
1765069804.0710676,2.0
1765069804.0811667,2.0
1765069804.091222,2.0
1765069804.1014197,2.0
1765069804.1114721,2.0
1765069804.1215508,2.0
1765069804.1315923,2.0
1765069804.1416771,2.0
1765069804.1517174,2.0
1765069804.1618721,2.0
1765069804.171947,2.0
1765069804.182024,2.0
1765069804.1920784,2.0
1765069804.2021692,2.0
1765069804.2122216,2.0
1765069804.2222912,2.0
1765069804.2323399,2.0
1765069804.242404,2.0
1765069804.2525363,2.0
1765069804.2626042,2.0
1765069804.272642,2.0
1765069804.2827358,2.0
1765069804.2928443,2.0
1765069804.302874,2.0
1765069804.3129416,2.0
1765069804.3230073,2.0
1765069804.3331103,2.0
1765069804.3431704,2.0
1765069804.3533192,2.0
1765069804.3633604,2.0
1765069804.373495,2.0
1765069804.3835778,2.0
1765069804.3936207,2.0
1765069804.4036744,2.0
1765069804.4138098,2.0
1765069804.423908,2.0
1765069804.4339652,2.0
1765069804.4440267,2.0
1765069804.454116,2.0
1765069804.464178,2.0
1765069804.4742243,2.0
1765069804.4843583,2.0
1765069804.4944754,2.0
1765069804.5045218,2.0
1765069804.5145762,2.0
1765069804.524706,2.0
1765069804.534768,2.0
1765069804.544887,2.0
1765069804.5549314,2.0
1765069804.5651035,2.0
1765069804.5751448,2.0
1765069804.585219,2.0
1765069804.595304,2.0
1765069804.6053631,2.0
1765069804.6154344,2.0
1765069804.6255217,2.0
1765069804.6356592,2.0
1765069804.6459248,2.0
1765069804.6560276,2.0
1765069804.666092,2.0
1765069804.6762574,2.0
1765069804.6865313,2.0
1765069804.6966085,2.0
1765069804.7067056,2.0
1765069804.716776,2.0
1765069804.7268472,2.0
1765069804.7369208,2.0
1765069804.7470655,2.0
1765069804.7571292,2.0
1765069804.7672427,2.0
1765069804.7773008,2.0
1765069804.7873652,2.0
1765069804.7975616,2.0
1765069804.8076165,2.0
1765069804.817669,2.0
1765069804.8277884,2.0
1765069804.8378348,2.0
1765069804.847907,2.0
1765069804.858996,2.0
1765069804.8693166,2.0
1765069804.8885045,2.0
1765069804.9028623,2.0
1765069804.9129272,2.0
1765069804.9229941,2.0
1765069804.933105,2.0
1765069804.943178,2.0
1765069804.9533496,2.0
1765069804.9634583,2.0
1765069804.9735582,2.0
1765069804.9836776,2.0
1765069804.9937224,2.0
1765069805.00379,2.0
1765069805.0141857,2.0
1765069805.0242689,2.0
1765069805.0343525,2.0
1765069805.044406,2.0
1765069805.0544693,2.0
1765069805.0646002,2.0
1765069805.0746746,2.0
1765069805.0849047,2.0
1765069805.094986,2.0
1765069805.1050353,2.0
1765069805.1151137,2.0
1765069805.1251884,2.0
1765069805.1354718,2.0
1765069805.145622,2.0
1765069805.1556683,2.0
1765069805.1657279,2.0
1765069805.175854,2.0
1765069805.1858988,2.0
1765069805.1959813,2.0
1765069805.2060509,2.0
1765069805.2162092,2.0
1765069805.2263443,2.0
1765069805.2363653,2.0
1765069805.2464683,2.0
1765069805.2565289,2.0
1765069805.2665918,2.0
1765069805.2766712,2.0
1765069805.2868342,2.0
1765069805.296912,2.0
1765069805.3069618,2.0
1765069805.3170135,2.0
1765069805.327095,2.0
1765069805.337156,2.0
1765069805.3472369,2.0
1765069805.3573182,2.0
1765069805.3673632,2.0
1765069805.3775358,2.0
1765069805.3875928,2.0
1765069805.397643,2.0
1765069805.4077063,2.0
1765069805.4178488,2.0
1765069805.427929,2.0
1765069805.4379826,2.0
1765069805.4481096,2.0
1765069805.4581828,2.0
1765069805.4682353,2.0
1765069805.4783103,2.0
1765069805.4883819,2.0
1765069805.4984584,2.0
1765069805.508525,2.0
1765069805.518603,2.0
1765069805.5286822,2.0
1765069805.5387914,2.0
1765069805.5488455,2.0
1765069805.5589113,2.0
1765069805.568997,2.0
1765069805.5790453,2.0
1765069805.5891507,2.0
1765069805.599209,2.0
1765069805.6092958,2.0
1765069805.6193454,2.0
1765069805.6295075,2.0
1765069805.639608,2.0
1765069805.6499124,2.0
1765069805.6599827,2.0
1765069805.6700714,2.0
1765069805.680151,2.0
1765069805.690398,2.0
1765069805.700444,2.0
1765069805.7105153,2.0
1765069805.7207081,2.0
1765069805.730744,2.0
1765069805.740862,2.0
1765069805.7509794,2.0
1765069805.7610624,2.0
1765069805.7711086,2.0
1765069805.7812188,2.0
1765069805.7914374,2.0
1765069805.801504,2.0
1765069805.8115633,2.0
1765069805.8216121,2.0
1765069805.8316572,2.0
1765069805.8417332,2.0
1765069805.8518298,2.0
1765069805.8631094,2.0
1765069805.8732064,2.0
1765069805.8833017,2.0
1765069805.8934882,2.0
1765069805.9035895,2.0
1765069805.913653,2.0
1765069805.9236934,2.0
1765069805.9337626,2.0
1765069805.9438095,2.0
1765069805.953958,2.0
1765069805.9640114,2.0
1765069805.9741,2.0
1765069805.9841788,2.0
1765069805.9942384,2.0
1765069806.0044675,2.0
1765069806.0145848,2.0
1765069806.0246353,2.0
1765069806.0346854,2.0
1765069806.0447338,2.0
1765069806.0548203,2.0
1765069806.064924,2.0
1765069806.074992,2.0
1765069806.0851693,2.0
1765069806.0952144,2.0
1765069806.1053095,2.0
1765069806.1153643,2.0
1765069806.125422,2.0
1765069806.1356208,2.0
1765069806.1456802,2.0
1765069806.1557522,2.0
1765069806.1658537,2.0
1765069806.175928,2.0
1765069806.1859944,2.0
1765069806.196084,2.0
1765069806.2061741,2.0
1765069806.216426,2.0
1765069806.2264895,2.0
1765069806.2365403,2.0
1765069806.2466137,2.0
1765069806.256708,2.0
1765069806.2667735,2.0
1765069806.2768216,2.0
1765069806.2869532,2.0
1765069806.297068,2.0
1765069806.307131,2.0
1765069806.317202,2.0
1765069806.3274555,2.0
1765069806.3375747,2.0
1765069806.3476365,2.0
1765069806.357699,2.0
1765069806.3678591,2.0
1765069806.3779228,2.0
1765069806.3879476,2.0
1765069806.3980248,2.0
1765069806.408085,2.0
1765069806.4181693,2.0
1765069806.4284325,2.0
1765069806.4384863,2.0
1765069806.4485672,2.0
1765069806.4585934,2.0
1765069806.4686842,2.0
1765069806.47876,2.0
1765069806.488823,2.0
1765069806.499005,2.0
1765069806.5091336,2.0
1765069806.5192053,2.0
1765069806.5292592,2.0
1765069806.5393074,2.0
1765069806.5494618,2.0
1765069806.5595286,2.0
1765069806.5696142,2.0
1765069806.5796874,2.0
1765069806.5897417,2.0
1765069806.5999432,2.0
1765069806.609996,2.0
1765069806.620077,2.0
1765069806.6301389,2.0
1765069806.640198,2.0
1765069806.6504724,2.0
1765069806.660527,2.0
1765069806.670638,2.0
1765069806.6806965,2.0
1765069806.6908813,2.0
1765069806.700935,2.0
1765069806.710978,2.0
1765069806.7210648,2.0
1765069806.7311292,2.0
1765069806.7412102,2.0
1765069806.7512727,2.0
1765069806.761335,2.0
1765069806.7714639,2.0
1765069806.781507,2.0
1765069806.7916214,2.0
1765069806.8016617,2.0
1765069806.8117726,2.0
1765069806.8218262,2.0
1765069806.8318992,2.0
1765069806.8419373,2.0
1765069806.8519871,2.0
1765069806.8633358,2.0
1765069806.873388,2.0
1765069806.883457,2.0
1765069806.902981,2.0
1765069806.9178035,2.0
1765069806.9278338,2.0
1765069806.9378948,2.0
1765069806.948034,2.0
1765069806.9581454,2.0
1765069806.9681985,2.0
1765069806.9782517,2.0
1765069806.98833,2.0
1765069806.9984162,2.0
1765069807.0084808,2.0
1765069807.0185351,2.0
1765069807.0285954,2.0
1765069807.038695,2.0
1765069807.0487535,2.0
1765069807.058811,2.0
1765069807.069037,2.0
1765069807.0791204,2.0
1765069807.0892668,2.0
1765069807.0994613,2.0
1765069807.1095166,2.0
1765069807.1195798,2.0
1765069807.129639,2.0
1765069807.139713,2.0
1765069807.1497753,2.0
1765069807.1599238,2.0
1765069807.1699753,2.0
1765069807.1800473,2.0
1765069807.19019,2.0
1765069807.2002473,2.0
1765069807.2103212,2.0
1765069807.2203856,2.0
1765069807.2304394,2.0
1765069807.240515,2.0
1765069807.2506902,2.0
1765069807.2607691,2.0
1765069807.270889,2.0
1765069807.281034,2.0
1765069807.2910814,2.0
1765069807.3013427,2.0
1765069807.3113964,2.0
1765069807.321468,2.0
1765069807.3315196,2.0
1765069807.341644,2.0
1765069807.351674,2.0
1765069807.3620443,2.0
1765069807.3722126,2.0
1765069807.3822737,2.0
1765069807.392315,2.0
1765069807.4023478,2.0
1765069807.4124026,2.0
1765069807.4225981,2.0
1765069807.432639,2.0
1765069807.4426794,2.0
1765069807.4527426,2.0
1765069807.4629521,2.0
1765069807.4729962,2.0
1765069807.4830067,2.0
1765069807.4932187,2.0
1765069807.5032275,2.0
1765069807.5133038,2.0
1765069807.5235062,2.0
1765069807.5335474,2.0
1765069807.5435882,2.0
1765069807.553623,2.0
1765069807.5637484,2.0
1765069807.5739374,2.0
1765069807.584074,2.0
1765069807.5941145,2.0
1765069807.6041508,2.0
1765069807.614218,2.0
1765069807.624445,2.0
1765069807.6344912,2.0
1765069807.644646,2.0
1765069807.65492,2.0
1765069807.6649864,2.0
1765069807.675043,2.0
1765069807.6851723,2.0
1765069807.6951988,2.0
1765069807.7052293,2.0
1765069807.7152753,2.0
1765069807.7254033,2.0
1765069807.735558,2.0
1765069807.7456,2.0
1765069807.7556567,2.0
1765069807.7658916,2.0
1765069807.7759376,2.0
1765069807.785995,2.0
1765069807.7965834,2.0
1765069807.812528,2.0
1765069807.828515,2.0
1765069807.8410208,2.0
1765069807.85105,2.0
1765069807.8617368,2.0
1765069807.8720522,2.0
1765069807.8820927,2.0
1765069807.9023304,2.0
1765069807.912536,1.0
1765069807.927283,3.0
1765069807.9373405,2.0
1765069807.9474885,2.0
1765069807.9576015,2.0
1765069807.9676445,2.0
1765069807.977685,2.0
1765069807.9877694,2.0
1765069807.9978197,2.0
1765069808.0078828,2.0
1765069808.0180185,2.0
1765069808.028085,2.0
1765069808.0381572,2.0
1765069808.0481963,2.0
1765069808.0582802,2.0
1765069808.0684505,2.0
1765069808.0784903,2.0
1765069808.0885327,2.0
1765069808.0985959,2.0
1765069808.108767,2.0
1765069808.118836,2.0
1765069808.1288812,2.0
1765069808.1389353,2.0
1765069808.1490102,2.0
1765069808.1591673,2.0
1765069808.169234,2.0
1765069808.1792855,2.0
1765069808.189422,2.0
1765069808.1994812,2.0
1765069808.2096362,2.0
1765069808.2197003,2.0
1765069808.2297351,2.0
1765069808.2398636,2.0
1765069808.2499325,2.0
1765069808.259988,2.0
1765069808.2701378,2.0
1765069808.280233,2.0
1765069808.290316,2.0
1765069808.300374,2.0
1765069808.3104165,2.0
1765069808.3205004,2.0
1765069808.3305447,2.0
1765069808.3406117,2.0
1765069808.3506455,2.0
1765069808.3607523,2.0
1765069808.3707867,2.0
1765069808.3808424,2.0
1765069808.390892,2.0
1765069808.400971,2.0
1765069808.4110286,2.0
1765069808.421096,2.0
1765069808.431151,2.0
1765069808.4412503,2.0
1765069808.4513125,2.0
1765069808.4613645,2.0
1765069808.4714682,2.0
1765069808.4815106,2.0
1765069808.4917173,2.0
1765069808.5017374,2.0
1765069808.5118868,2.0
1765069808.5220795,2.0
1765069808.5321536,2.0
1765069808.5422173,2.0
1765069808.5524335,2.0
1765069808.5624914,2.0
1765069808.572528,2.0
1765069808.5826018,2.0
1765069808.5927398,2.0
1765069808.602863,2.0
1765069808.6129136,2.0
1765069808.6229527,2.0
1765069808.633016,2.0
1765069808.6431212,2.0
1765069808.6532526,2.0
1765069808.6632998,2.0
1765069808.6734486,2.0
1765069808.683665,2.0
1765069808.6936722,2.0
1765069808.7038887,2.0
1765069808.7139242,2.0
1765069808.7241433,2.0
1765069808.7341979,2.0
1765069808.7442358,2.0
1765069808.7542717,2.0
1765069808.7644477,2.0
1765069808.774624,2.0
1765069808.7846904,2.0
1765069808.7947776,2.0
1765069808.8048484,2.0
1765069808.8148966,2.0
1765069808.824952,2.0
1765069808.835011,2.0
1765069808.845082,2.0
1765069808.8551433,2.0
1765069808.865668,2.0
1765069808.8760064,2.0
1765069808.8861547,2.0
1765069808.8961968,2.0
1765069808.9062407,2.0
1765069808.916455,2.0
1765069808.9264965,2.0
1765069808.9365675,2.0
1765069808.946639,2.0
1765069808.9566867,2.0
1765069808.9668005,2.0
1765069808.9768457,2.0
1765069808.9869676,2.0
1765069808.9970968,2.0
1765069809.0071688,2.0
1765069809.0172105,2.0
1765069809.0272985,2.0
1765069809.0373673,2.0
1765069809.0474792,2.0
1765069809.0575514,2.0
1765069809.0675902,2.0
1765069809.0776107,2.0
1765069809.0876591,2.0
1765069809.0978312,2.0
1765069809.1084902,2.0
1765069809.1185184,2.0
1765069809.1285882,2.0
1765069809.138673,2.0
1765069809.148856,2.0
1765069809.1589043,2.0
1765069809.1689477,2.0
1765069809.1790707,2.0
1765069809.1892295,2.0
1765069809.1993089,2.0
1765069809.209357,2.0
1765069809.2194111,2.0
1765069809.230001,2.0
1765069809.240065,2.0
1765069809.250176,2.0
1765069809.2602267,2.0
1765069809.2702966,2.0
1765069809.2803931,2.0
1765069809.290452,2.0
1765069809.3006291,2.0
1765069809.3106894,2.0
1765069809.3207643,2.0
1765069809.3308332,2.0
1765069809.3408797,2.0
1765069809.350979,2.0
1765069809.3610132,2.0
1765069809.371065,2.0
1765069809.3811204,2.0
1765069809.3911996,2.0
1765069809.4012492,2.0
1765069809.4113426,2.0
1765069809.4213903,2.0
1765069809.4314477,2.0
1765069809.4415436,2.0
1765069809.451727,2.0
1765069809.4618134,2.0
1765069809.4718933,2.0
1765069809.4820912,2.0
1765069809.4921887,2.0
1765069809.5022278,2.0
1765069809.5123997,2.0
1765069809.5224783,2.0
1765069809.5325642,2.0
1765069809.5427668,2.0
1765069809.5528662,2.0
1765069809.5629268,2.0
1765069809.5729904,2.0
1765069809.5830603,2.0
1765069809.5931075,2.0
1765069809.6031926,2.0
1765069809.6132708,2.0
1765069809.6234531,2.0
1765069809.6336067,2.0
1765069809.6436608,2.0
1765069809.653949,2.0
1765069809.664039,2.0
1765069809.6741493,2.0
1765069809.684322,2.0
1765069809.6943643,2.0
1765069809.7045267,2.0
1765069809.7146099,2.0
1765069809.7248735,2.0
1765069809.7349262,2.0
1765069809.7449877,2.0
1765069809.755133,2.0
1765069809.7653124,2.0
1765069809.775369,2.0
1765069809.7854166,2.0
1765069809.7954736,2.0
1765069809.8055758,2.0
1765069809.8164089,2.0
1765069809.826491,2.0
1765069809.8366833,2.0
1765069809.8467314,2.0
1765069809.8579652,2.0
1765069809.8682778,2.0
1765069809.8784096,2.0
1765069809.888491,2.0
1765069809.8986468,2.0
1765069809.9087,2.0
1765069809.9187744,2.0
1765069809.9288912,2.0
1765069809.9390464,2.0
1765069809.9491284,2.0
1765069809.9592292,2.0
1765069809.9693072,2.0
1765069809.9793954,2.0
1765069809.9896073,2.0
1765069809.9996645,2.0
1765069810.009718,2.0
1765069810.0197856,2.0
1765069810.0299253,2.0
1765069810.039988,2.0
1765069810.0500312,2.0
1765069810.060155,2.0
1765069810.0702262,2.0
1765069810.080325,2.0
1765069810.090472,2.0
1765069810.100541,2.0
1765069810.1106555,2.0
1765069810.1206934,2.0
1765069810.1307895,2.0
1765069810.1409829,2.0
1765069810.1511483,2.0
1765069810.1612055,2.0
1765069810.1714463,2.0
1765069810.1815348,2.0
1765069810.1916783,2.0
1765069810.2017326,2.0
1765069810.2118053,2.0
1765069810.2219203,2.0
1765069810.232005,2.0
1765069810.2420714,2.0
1765069810.252169,2.0
1765069810.2622938,2.0
1765069810.2723687,2.0
1765069810.282451,2.0
1765069810.2925484,2.0
1765069810.3026261,2.0
1765069810.3126798,2.0
1765069810.322795,2.0
1765069810.3328638,2.0
1765069810.342998,2.0
1765069810.3530512,2.0
1765069810.3631296,2.0
1765069810.373187,2.0
1765069810.3832545,2.0
1765069810.3934224,2.0
1765069810.403487,2.0
1765069810.4135518,2.0
1765069810.4236324,2.0
1765069810.4337037,2.0
1765069810.4439158,2.0
1765069810.4539642,2.0
1765069810.4640195,2.0
1765069810.4741633,2.0
1765069810.4842088,2.0
1765069810.494535,2.0
1765069810.504731,2.0
1765069810.5147839,2.0
1765069810.5249147,2.0
1765069810.5349789,2.0
1765069810.5450664,2.0
1765069810.55514,2.0
1765069810.565214,2.0
1765069810.5753126,2.0
1765069810.5854723,2.0
1765069810.595551,2.0
1765069810.6057286,2.0
1765069810.615838,2.0
1765069810.6259532,2.0
1765069810.636003,2.0
1765069810.6462545,2.0
1765069810.6563365,2.0
1765069810.6665292,2.0
1765069810.6765883,2.0
1765069810.6867526,2.0
1765069810.6968198,2.0
1765069810.7069683,2.0
1765069810.717009,2.0
1765069810.7271173,2.0
1765069810.737211,2.0
1765069810.74727,2.0
1765069810.7573547,2.0
1765069810.7674432,2.0
1765069810.7775042,2.0
1765069810.7875772,2.0
1765069810.7977464,2.0
1765069810.8079588,2.0
1765069810.8180087,2.0
1765069810.8280816,2.0
1765069810.8381667,2.0
1765069810.8482158,2.0
1765069810.8597069,2.0
1765069810.869839,2.0
1765069810.8798914,2.0
1765069810.8899422,2.0
1765069810.9000802,2.0
1765069810.9102209,2.0
1765069810.920314,2.0
1765069810.9303892,2.0
1765069810.9404457,2.0
1765069810.9505131,2.0
1765069810.960594,2.0
1765069810.970668,2.0
1765069810.9807892,2.0
1765069810.9908466,2.0
1765069811.0009048,2.0
1765069811.0110002,2.0
1765069811.0210485,2.0
1765069811.0311558,2.0
1765069811.041195,2.0
1765069811.0512462,2.0
1765069811.0614688,2.0
1765069811.0715256,2.0
1765069811.0815873,2.0
1765069811.0916486,2.0
1765069811.1017747,2.0
1765069811.111822,2.0
1765069811.1219013,2.0
1765069811.1319911,2.0
1765069811.1420844,2.0
1765069811.152147,2.0
1765069811.162453,2.0
1765069811.1725368,2.0
1765069811.1826458,2.0
1765069811.1927032,2.0
1765069811.2027562,2.0
1765069811.2128167,2.0
1765069811.2228909,2.0
1765069811.2329333,2.0
1765069811.2430134,2.0
1765069811.253078,2.0
1765069811.263183,2.0
1765069811.273306,2.0
1765069811.2834423,2.0
1765069811.2935147,2.0
1765069811.303581,2.0
1765069811.3136327,2.0
1765069811.3237076,2.0
1765069811.3337839,2.0
1765069811.3439624,2.0
1765069811.354025,2.0
1765069811.3640854,2.0
1765069811.374186,2.0
1765069811.384247,2.0
1765069811.3943684,2.0
1765069811.4044378,2.0
1765069811.4145062,2.0
1765069811.4246697,2.0
1765069811.4347138,2.0
1765069811.4447658,2.0
1765069811.4548328,2.0
1765069811.4648747,2.0
1765069811.474998,2.0
1765069811.485052,2.0
1765069811.4952419,2.0
1765069811.5053205,2.0
1765069811.5154054,2.0
1765069811.5254867,2.0
1765069811.5355628,2.0
1765069811.5456188,2.0
1765069811.5556796,2.0
1765069811.5657349,2.0
1765069811.575856,2.0
1765069811.5860023,2.0
1765069811.596152,2.0
1765069811.606219,2.0
1765069811.6162825,2.0
1765069811.6263716,2.0
1765069811.636463,2.0
1765069811.6465847,2.0
1765069811.6567242,2.0
1765069811.6667862,2.0
1765069811.6769183,2.0
1765069811.6870928,2.0
1765069811.6971447,2.0
1765069811.7072184,2.0
1765069811.7174368,2.0
1765069811.7275214,2.0
1765069811.7376165,2.0
1765069811.7476804,2.0
1765069811.7577946,2.0
1765069811.7678769,2.0
1765069811.7779346,2.0
1765069811.7880638,2.0
1765069811.798176,2.0
1765069811.8082438,2.0
1765069811.8184268,2.0
1765069811.8284798,2.0
1765069811.8386264,2.0
1765069811.8486855,2.0
1765069811.85965,2.0
1765069811.8699872,2.0
1765069811.8801274,2.0
1765069811.8902264,2.0
1765069811.900301,2.0
1765069811.9104905,2.0
1765069811.9207988,2.0
1765069811.930904,2.0
1765069811.9409833,2.0
1765069811.9510956,2.0
1765069811.9611878,2.0
1765069811.971242,2.0
1765069811.9813116,2.0
1765069811.991369,2.0
1765069812.0014522,2.0
1765069812.0115695,2.0
1765069812.0216622,2.0
1765069812.0317373,2.0
1765069812.0418415,2.0
1765069812.0519044,2.0
1765069812.0619667,2.0
1765069812.0720732,2.0
1765069812.0821896,2.0
1765069812.0922515,2.0
1765069812.1023295,2.0
1765069812.1124022,2.0
1765069812.122466,2.0
1765069812.132586,2.0
1765069812.1426463,2.0
1765069812.1527123,2.0
1765069812.1628873,2.0
1765069812.1729188,2.0
1765069812.18301,2.0
1765069812.1930752,2.0
1765069812.2031634,2.0
1765069812.2132113,2.0
1765069812.223423,2.0
1765069812.233477,2.0
1765069812.2436788,2.0
1765069812.2537684,2.0
1765069812.2638462,2.0
1765069812.2739422,2.0
1765069812.283995,2.0
1765069812.2940671,2.0
1765069812.3042135,2.0
1765069812.3142912,2.0
1765069812.3243608,2.0
1765069812.3344173,2.0
1765069812.3446205,2.0
1765069812.3547072,2.0
1765069812.3647819,2.0
1765069812.37486,2.0
1765069812.384923,2.0
1765069812.3950446,2.0
1765069812.4050953,2.0
1765069812.4151795,2.0
1765069812.4252696,2.0
1765069812.4354281,2.0
1765069812.445492,2.0
1765069812.455557,2.0
1765069812.4656708,2.0
1765069812.4757252,2.0
1765069812.485883,2.0
1765069812.4960368,2.0
1765069812.5061398,2.0
1765069812.5162697,2.0
1765069812.5263028,2.0
1765069812.5363512,2.0
1765069812.546569,2.0
1765069812.5567198,2.0
1765069812.5668125,2.0
1765069812.5769053,2.0
1765069812.5869865,2.0
1765069812.5970476,2.0
1765069812.6071382,2.0
1765069812.6172462,2.0
1765069812.6273148,2.0
1765069812.6373634,2.0
1765069812.6476994,2.0
1765069812.6578724,2.0
1765069812.6679525,2.0
1765069812.67804,2.0
1765069812.6882312,2.0
1765069812.6982884,2.0
1765069812.7083597,2.0
1765069812.7185192,2.0
1765069812.7286623,2.0
1765069812.7387238,2.0
1765069812.7489676,2.0
1765069812.7590184,2.0
1765069812.7691975,2.0
1765069812.7792544,2.0
1765069812.7893286,2.0
1765069812.7994199,2.0
1765069812.809473,2.0
1765069812.8195562,2.0
1765069812.829733,2.0
1765069812.8397858,2.0
1765069812.8498416,2.0
1765069812.8599167,2.0
1765069812.8710396,2.0
1765069812.8810837,2.0
1765069812.8911822,2.0
1765069812.9014351,2.0
1765069812.9115005,2.0
1765069812.9216688,2.0
1765069812.931743,2.0
1765069812.9418051,2.0
1765069812.9519308,2.0
1765069812.9619927,2.0
1765069812.972055,2.0
1765069812.9821508,2.0
1765069812.992244,2.0
1765069813.0023022,2.0
1765069813.0123973,2.0
1765069813.0224714,2.0
1765069813.0325792,2.0
1765069813.0427556,2.0
1765069813.0528092,2.0
1765069813.062889,2.0
1765069813.0729632,2.0
1765069813.083113,2.0
1765069813.0931997,2.0
1765069813.1032789,2.0
1765069813.11338,2.0
1765069813.1234465,2.0
1765069813.1336555,2.0
1765069813.1437147,2.0
1765069813.1537583,2.0
1765069813.1638036,2.0
1765069813.1738825,2.0
1765069813.184028,2.0
1765069813.1940954,2.0
1765069813.2045999,2.0
1765069813.2146401,2.0
1765069813.2246988,2.0
1765069813.234888,2.0
1765069813.2449162,2.0
1765069813.2550447,2.0
1765069813.26512,2.0
1765069813.2752392,2.0
1765069813.2852972,2.0
1765069813.2953768,2.0
1765069813.305515,2.0
1765069813.315574,2.0
1765069813.3256156,2.0
1765069813.3356733,2.0
1765069813.3457487,2.0
1765069813.3557909,2.0
1765069813.3658645,2.0
1765069813.375911,2.0
1765069813.3859603,2.0
1765069813.3960404,2.0
1765069813.40611,2.0
1765069813.4161704,2.0
1765069813.426229,2.0
1765069813.4363072,2.0
1765069813.4464636,2.0
1765069813.4565306,2.0
1765069813.466605,2.0
1765069813.4766479,2.0
1765069813.486687,2.0
1765069813.4968083,2.0
1765069813.5068483,2.0
1765069813.5168993,2.0
1765069813.526952,2.0
1765069813.537007,2.0
1765069813.547157,2.0
1765069813.5572083,2.0
1765069813.5673323,2.0
1765069813.5773966,2.0
1765069813.5875025,2.0
1765069813.5975654,2.0
1765069813.6076038,2.0
1765069813.617661,2.0
1765069813.6278238,2.0
1765069813.637887,2.0
1765069813.6480374,2.0
1765069813.658099,2.0
1765069813.6681886,2.0
1765069813.6782353,2.0
1765069813.6883855,2.0
1765069813.6984682,2.0
1765069813.7085445,2.0
1765069813.7187002,2.0
1765069813.728758,2.0
1765069813.7389095,2.0
1765069813.7490618,2.0
1765069813.759202,2.0
1765069813.7693336,2.0
1765069813.7794619,2.0
1765069813.7895813,2.0
1765069813.7996967,2.0
1765069813.8098133,2.0
1765069813.8199825,2.0
1765069813.830081,2.0
1765069813.8402078,2.0
1765069813.8503122,2.0
1765069813.8619606,2.0
1765069813.8720965,2.0
1765069813.8822086,2.0
1765069813.8923209,2.0
1765069813.9024827,2.0
1765069813.9126554,2.0
1765069813.9227803,2.0
1765069813.93291,2.0
1765069813.943042,2.0
1765069813.9531484,2.0
1765069813.9632752,2.0
1765069813.973391,2.0
1765069813.9835353,2.0
1765069813.9936686,2.0
1765069814.0038178,2.0
1765069814.0139928,2.0
1765069814.024113,2.0
1765069814.0342329,2.0
1765069814.0443666,2.0
1765069814.0545423,2.0
1765069814.0646625,2.0
1765069814.0747716,2.0
1765069814.0848937,2.0
1765069814.0950046,2.0
1765069814.1051111,2.0
1765069814.1152384,2.0
1765069814.1254563,2.0
1765069814.1355548,2.0
1765069814.1456914,2.0
1765069814.1558414,2.0
1765069814.1659722,2.0
1765069814.1761165,2.0
1765069814.1862385,2.0
1765069814.1963484,2.0
1765069814.2064836,2.0
1765069814.216587,2.0
1765069814.2267306,2.0
1765069814.2368398,2.0
1765069814.2469542,2.0
1765069814.257059,2.0
1765069814.2671995,2.0
1765069814.2773294,2.0
1765069814.2874534,2.0
1765069814.2975879,2.0
1765069814.307791,2.0
1765069814.3178995,2.0
1765069814.3280668,2.0
1765069814.338217,2.0
1765069814.3483338,2.0
1765069814.3584356,2.0
1765069814.3685532,2.0
1765069814.3787472,2.0
1765069814.3888755,2.0
1765069814.399062,2.0
1765069814.4091928,2.0
1765069814.4194512,2.0
1765069814.4295802,2.0
1765069814.4398072,2.0
1765069814.450009,2.0
1765069814.4601166,2.0
1765069814.470244,2.0
1765069814.480381,2.0
1765069814.4906075,2.0
1765069814.5006888,2.0
1765069814.5108113,2.0
1765069814.5209124,2.0
1765069814.5310671,2.0
1765069814.5411708,2.0
1765069814.551436,2.0
1765069814.5663743,1.0
1765069814.5769098,1.0
1765069814.5918827,3.0
1765069814.602033,2.0
1765069814.612154,2.0
1765069814.6223068,2.0
1765069814.6324296,2.0
1765069814.6425753,2.0
1765069814.652753,2.0
1765069814.6628728,2.0
1765069814.6729856,2.0
1765069814.6832063,2.0
1765069814.6932993,2.0
1765069814.7034342,2.0
1765069814.7136247,2.0
1765069814.7238908,2.0
1765069814.7339697,2.0
1765069814.7441292,2.0
1765069814.7543452,2.0
1765069814.7647393,2.0
1765069814.7748609,2.0
1765069814.7850122,2.0
1765069814.7950997,2.0
1765069814.8052962,2.0
1765069814.8154209,2.0
1765069814.825578,2.0
1765069814.835677,2.0
1765069814.8457992,2.0
1765069814.8559244,2.0
1765069814.867491,2.0
1765069814.8776176,2.0
1765069814.8877296,2.0
1765069814.8978572,2.0
1765069814.9080234,2.0
1765069814.9181519,2.0
1765069814.9282725,2.0
1765069814.9383981,2.0
1765069814.948524,2.0
1765069814.958741,2.0
1765069814.9688654,2.0
1765069814.9789891,2.0
1765069814.9891076,2.0
1765069814.9992383,2.0
1765069815.009355,2.0
1765069815.0194972,2.0
1765069815.0296555,2.0
1765069815.0397553,2.0
1765069815.0499308,2.0
1765069815.0600665,2.0
1765069815.0702262,2.0
1765069815.0803692,2.0
1765069815.0905101,2.0
1765069815.1006978,2.0
1765069815.1108124,2.0
1765069815.1209395,2.0
1765069815.1310856,2.0
1765069815.1412227,2.0
1765069815.151357,2.0
1765069815.1614792,2.0
1765069815.1716268,2.0
1765069815.1817224,2.0
1765069815.1919434,2.0
1765069815.2021275,2.0
1765069815.212254,2.0
1765069815.222391,2.0
1765069815.2325284,2.0
1765069815.242635,2.0
1765069815.2532177,2.0
1765069815.2633293,2.0
1765069815.2734923,2.0
1765069815.2836208,2.0
1765069815.29376,2.0
1765069815.303886,2.0
1765069815.314015,2.0
1765069815.3241365,2.0
1765069815.3342462,2.0
1765069815.3444872,2.0
1765069815.3545518,2.0
1765069815.3646708,2.0
1765069815.374813,2.0
1765069815.3849204,2.0
1765069815.3950622,2.0
1765069815.4052517,2.0
1765069815.4153948,2.0
1765069815.4255474,2.0
1765069815.4356647,2.0
1765069815.4457116,2.0
1765069815.4558384,2.0
1765069815.4659598,2.0
1765069815.4760942,2.0
1765069815.4862223,2.0
1765069815.4964042,2.0
1765069815.5065563,2.0
1765069815.516695,2.0
1765069815.5268304,2.0
1765069815.5369616,2.0
1765069815.547116,2.0
1765069815.557259,2.0
1765069815.567397,2.0
1765069815.5775154,2.0
1765069815.5876606,2.0
1765069815.5977867,2.0
1765069815.6079054,2.0
1765069815.618045,2.0
1765069815.6281695,2.0
1765069815.6383321,2.0
1765069815.6485877,2.0
1765069815.6586952,2.0
1765069815.668744,2.0
1765069815.67894,2.0
1765069815.689181,2.0
1765069815.699317,2.0
1765069815.7094445,2.0
1765069815.719676,2.0
1765069815.7298825,2.0
1765069815.7400186,2.0
1765069815.7502363,2.0
1765069815.7603698,2.0
1765069815.7704992,2.0
1765069815.7807128,2.0
1765069815.7909417,2.0
1765069815.8010786,2.0
1765069815.8112028,2.0
1765069815.821351,2.0
1765069815.8314757,2.0
1765069815.841604,2.0
1765069815.8517103,2.0
1765069815.862832,2.0
1765069815.8729918,2.0
1765069815.8831255,2.0
1765069815.8932362,2.0
1765069815.9033825,2.0
1765069815.913506,2.0
1765069815.9236736,2.0
1765069815.933779,2.0
1765069815.9439101,2.0
1765069815.9540908,2.0
1765069815.9642546,2.0
1765069815.9744642,2.0
1765069815.9846082,2.0
1765069815.9947138,2.0
1765069816.0048795,2.0
1765069816.0150182,2.0
1765069816.0252023,2.0
1765069816.0353396,2.0
1765069816.0454783,2.0
1765069816.0556002,2.0
1765069816.0657265,2.0
1765069816.075843,2.0
1765069816.0859668,2.0
1765069816.0960872,2.0
1765069816.1062524,2.0
1765069816.1163988,2.0
1765069816.12666,2.0
1765069816.1367452,2.0
1765069816.1469703,2.0
1765069816.1571624,2.0
1765069816.1673388,2.0
1765069816.1774542,2.0
1765069816.187591,2.0
1765069816.1977878,2.0
1765069816.2079172,2.0
1765069816.218046,2.0
1765069816.2281864,2.0
1765069816.2383063,2.0
1765069816.2484398,2.0
1765069816.258573,2.0
1765069816.268716,2.0
1765069816.2788029,2.0
1765069816.2889526,2.0
1765069816.2990634,2.0
1765069816.309193,2.0
1765069816.3193316,2.0
1765069816.3296368,2.0
1765069816.3397808,2.0
1765069816.3499074,2.0
1765069816.3600373,2.0
1765069816.3701756,2.0
1765069816.380316,2.0
1765069816.3904297,2.0
1765069816.400541,2.0
1765069816.4106653,2.0
1765069816.4208043,2.0
1765069816.4309442,2.0
1765069816.4410982,2.0
1765069816.4511964,2.0
1765069816.4613218,2.0
1765069816.4714637,2.0
1765069816.4816701,2.0
1765069816.4918585,2.0
1765069816.501951,2.0
1765069816.5121136,2.0
1765069816.5222828,2.0
1765069816.5324078,2.0
1765069816.5426404,2.0
1765069816.5527499,2.0
1765069816.5629003,2.0
1765069816.5730312,2.0
1765069816.5831525,2.0
1765069816.593243,2.0
1765069816.603357,2.0
1765069816.6135159,2.0
1765069816.6236656,2.0
1765069816.6338074,2.0
1765069816.643937,2.0
1765069816.654199,2.0
1765069816.6643088,2.0
1765069816.6744766,2.0
1765069816.6846404,2.0
1765069816.6947415,2.0
1765069816.7048955,2.0
1765069816.715025,2.0
1765069816.7252474,2.0
1765069816.7353835,2.0
1765069816.745661,2.0
1765069816.755779,2.0
1765069816.7659018,2.0
1765069816.7760699,2.0
1765069816.7862144,2.0
1765069816.7963388,2.0
1765069816.806462,2.0
1765069816.8166623,2.0
1765069816.8267696,2.0
1765069816.8369162,2.0
1765069816.847071,2.0
1765069816.8571844,2.0
1765069816.8684871,2.0
1765069816.878682,2.0
1765069816.888818,2.0
1765069816.8989468,2.0
1765069816.9090803,2.0
1765069816.9192376,2.0
1765069816.929363,2.0
1765069816.939507,2.0
1765069816.9496572,2.0
1765069816.9598665,2.0
1765069816.9699748,2.0
1765069816.9801161,2.0
1765069816.9902425,2.0
1765069817.0003676,2.0
1765069817.0104973,2.0
1765069817.0206523,2.0
1765069817.0307655,2.0
1765069817.040931,2.0
1765069817.051042,2.0
1765069817.0611515,2.0
1765069817.0712678,2.0
1765069817.0813932,2.0
1765069817.0915127,2.0
1765069817.101696,2.0
1765069817.1118286,2.0
1765069817.1219597,2.0
1765069817.1320682,2.0
1765069817.1421883,2.0
1765069817.1523373,2.0
1765069817.162483,2.0
1765069817.1726663,2.0
1765069817.1828542,2.0
1765069817.193089,2.0
1765069817.2032928,2.0
1765069817.213466,2.0
1765069817.223642,2.0
1765069817.2338185,2.0
1765069817.2439952,2.0
1765069817.25421,2.0
1765069817.2644725,2.0
1765069817.2793322,1.0
1765069817.2941656,2.0
1765069817.3047423,2.0
1765069817.3149338,2.0
1765069817.325109,2.0
1765069817.3353338,2.0
1765069817.3455164,2.0
1765069817.3557098,2.0
1765069817.365894,2.0
1765069817.3761382,2.0
1765069817.386321,2.0
1765069817.3966024,2.0
1765069817.407719,2.0
1765069817.4179022,2.0
1765069817.428082,2.0
1765069817.4383037,2.0
1765069817.448457,2.0
1765069817.4586396,2.0
1765069817.46887,2.0
1765069817.479057,2.0
1765069817.4893472,2.0
1765069817.4995522,2.0
1765069817.5097344,2.0
1765069817.5199294,2.0
1765069817.530096,2.0
1765069817.5402918,2.0
1765069817.5504556,2.0
1765069817.5606596,2.0
1765069817.5708919,2.0
1765069817.5810983,2.0
1765069817.5913498,2.0
1765069817.6014864,2.0
1765069817.6116424,2.0
1765069817.6218243,2.0
1765069817.6320252,2.0
1765069817.642214,2.0
1765069817.6525395,2.0
1765069817.6628237,2.0
1765069817.673022,2.0
1765069817.683277,2.0
1765069817.69338,2.0
1765069817.7036023,2.0
1765069817.7137802,2.0
1765069817.724118,2.0
1765069817.734269,2.0
1765069817.744453,2.0
1765069817.7546265,2.0
1765069817.7648318,2.0
1765069817.774988,2.0
1765069817.78517,2.0
1765069817.7953706,2.0
1765069817.8055398,2.0
1765069817.8157105,2.0
1765069817.825877,2.0
1765069817.8359551,2.0
1765069817.8461668,2.0
1765069817.8564174,2.0
1765069817.8675852,2.0
1765069817.877738,2.0
1765069817.8879433,2.0
1765069817.8981235,2.0
1765069817.9083316,2.0
1765069817.918644,2.0
1765069817.9288254,2.0
1765069817.939035,2.0
1765069817.9492414,2.0
1765069817.9595563,2.0
1765069817.9697285,2.0
1765069817.9799225,2.0
1765069817.9901264,2.0
1765069818.0003064,2.0
1765069818.0105836,2.0
1765069818.0207717,2.0
1765069818.030961,2.0
1765069818.0411615,2.0
1765069818.0513546,2.0
1765069818.061536,2.0
1765069818.0717099,2.0
1765069818.081907,2.0
1765069818.0920675,2.0
1765069818.1022549,2.0
1765069818.1124396,2.0
1765069818.1225889,2.0
1765069818.1327636,2.0
1765069818.1429381,2.0
1765069818.1531405,2.0
1765069818.1633117,2.0
1765069818.173519,2.0
1765069818.183689,2.0
1765069818.1938767,2.0
1765069818.2041245,2.0
1765069818.214327,2.0
1765069818.2244816,2.0
1765069818.23467,2.0
1765069818.2448733,2.0
1765069818.2551036,2.0
1765069818.2653294,2.0
1765069818.275546,2.0
1765069818.285886,2.0
1765069818.2961242,2.0
1765069818.3063552,2.0
1765069818.316559,2.0
1765069818.3268356,2.0
1765069818.337063,2.0
1765069818.3473117,2.0
1765069818.3575518,2.0
1765069818.3678417,2.0
1765069818.3780475,2.0
1765069818.3882732,2.0
1765069818.398478,2.0
1765069818.4087026,2.0
1765069818.4188948,2.0
1765069818.4290717,2.0
1765069818.4392998,2.0
1765069818.4494712,2.0
1765069818.4596627,2.0
1765069818.4698365,2.0
1765069818.4800036,2.0
1765069818.4903219,2.0
1765069818.5004208,2.0
1765069818.5107577,2.0
1765069818.5209382,2.0
1765069818.5311906,2.0
1765069818.541394,2.0
1765069818.5515606,2.0
1765069818.5618086,2.0
1765069818.57198,2.0
1765069818.582163,2.0
1765069818.5923517,2.0
1765069818.6026309,2.0
1765069818.61279,2.0
1765069818.622997,2.0
1765069818.6331625,2.0
1765069818.643445,2.0
1765069818.6536913,2.0
1765069818.6638768,2.0
1765069818.6740696,2.0
1765069818.6843386,2.0
1765069818.6944711,2.0
1765069818.70465,2.0
1765069818.7148058,2.0
1765069818.7251167,2.0
1765069818.735258,2.0
1765069818.7454498,2.0
1765069818.7556062,2.0
1765069818.7658207,2.0
1765069818.7759933,2.0
1765069818.7861764,2.0
1765069818.7963657,2.0
1765069818.8065383,2.0
1765069818.8165913,2.0
1765069818.8268147,2.0
1765069818.8370504,2.0
1765069818.8472197,2.0
1765069818.8574383,2.0
1765069818.868376,2.0
1765069818.8787692,2.0
1765069818.8889558,2.0
1765069818.899128,2.0
1765069818.9093502,2.0
1765069818.9195223,2.0
1765069818.9297442,2.0
1765069818.9399893,2.0
1765069818.9502025,2.0
1765069818.9604166,2.0
1765069818.9706016,2.0
1765069818.985307,1.0
1765069819.0001445,2.0
1765069819.0102558,2.0
1765069819.0204604,2.0
1765069819.030654,2.0
1765069819.0408437,2.0
1765069819.051027,2.0
1765069819.0612233,2.0
1765069819.0715213,2.0
1765069819.0817099,2.0
1765069819.091885,2.0
1765069819.102165,2.0
1765069819.1123724,2.0
1765069819.1225674,2.0
1765069819.1328292,2.0
1765069819.1430147,2.0
1765069819.1532052,2.0
1765069819.1634014,2.0
1765069819.1736927,2.0
1765069819.1839898,2.0
1765069819.194176,2.0
1765069819.2043781,2.0
1765069819.2145555,2.0
1765069819.2247257,2.0
1765069819.2348921,2.0
1765069819.245069,2.0
1765069819.255318,2.0
1765069819.2655008,2.0
1765069819.2756455,2.0
1765069819.2858136,2.0
1765069819.2959645,2.0
1765069819.3063293,2.0
1765069819.3167193,2.0
1765069819.327028,2.0
1765069819.3373418,2.0
1765069819.34764,2.0
1765069819.357952,2.0
1765069819.3682497,2.0
1765069819.3786197,2.0
1765069819.3888948,2.0
1765069819.3992045,2.0
1765069819.4112284,2.0
1765069819.4214585,2.0
1765069819.4316423,2.0
1765069819.4418538,2.0
1765069819.452071,2.0
1765069819.4622254,2.0
1765069819.4724321,2.0
1765069819.4826145,2.0
1765069819.4930463,2.0
1765069819.503296,2.0
1765069819.5135531,2.0
1765069819.5238438,2.0
1765069819.5342724,2.0
1765069819.5446286,2.0
1765069819.554909,2.0
1765069819.5652084,2.0
1765069819.5756824,2.0
1765069819.5859663,2.0
1765069819.596257,2.0
1765069819.606587,2.0
1765069819.618219,2.0
1765069819.6287024,2.0
1765069819.6390016,2.0
1765069819.6493769,2.0
1765069819.659492,2.0
1765069819.670134,2.0
1765069819.6804512,2.0
1765069819.6906943,2.0
1765069819.700929,2.0
1765069819.7112267,2.0
1765069819.7218044,2.0
1765069819.7320712,2.0
1765069819.7424138,2.0
1765069819.752815,2.0
1765069819.7630713,2.0
1765069819.7741826,2.0
1765069819.7844787,2.0
1765069819.7947962,2.0
1765069819.805092,2.0
1765069819.8153918,2.0
1765069819.827308,2.0
1765069819.8374932,2.0
1765069819.8477244,2.0
1765069819.8589706,2.0
1765069819.8693135,2.0
1765069819.8795128,2.0
1765069819.889683,2.0
1765069819.8998966,2.0
1765069819.910105,2.0
1765069819.92045,2.0
1765069819.9306319,2.0
1765069819.9408348,2.0
1765069819.9510493,2.0
1765069819.9614456,2.0
1765069819.9716296,2.0
1765069819.9817948,2.0
1765069819.992008,2.0
1765069820.002244,2.0
1765069820.012426,2.0
1765069820.0226107,2.0
1765069820.0327892,2.0
1765069820.0429592,2.0
1765069820.0532107,2.0
1765069820.0634322,2.0
1765069820.0736299,2.0
1765069820.0838466,2.0
1765069820.094025,2.0
1765069820.104259,2.0
1765069820.1144433,2.0
1765069820.1246352,2.0
1765069820.1349013,2.0
1765069820.145081,2.0
1765069820.1552973,2.0
1765069820.1654918,2.0
1765069820.175671,2.0
1765069820.1859972,2.0
1765069820.1961792,2.0
1765069820.2064166,2.0
1765069820.2165902,2.0
1765069820.2268605,2.0
1765069820.2370439,2.0
1765069820.247309,2.0
1765069820.2574944,2.0
1765069820.2676795,2.0
1765069820.277865,2.0
1765069820.288048,2.0
1765069820.2982824,2.0
1765069820.308471,2.0
1765069820.3186972,2.0
1765069820.328956,2.0
1765069820.339125,2.0
1765069820.3493176,2.0
1765069820.3595479,2.0
1765069820.3697522,2.0
1765069820.379926,2.0
1765069820.3901105,2.0
1765069820.4004421,2.0
1765069820.4105277,2.0
1765069820.420721,2.0
1765069820.4308953,2.0
1765069820.4410706,2.0
1765069820.4512515,2.0
1765069820.461455,2.0
1765069820.4716902,2.0
1765069820.4818897,2.0
1765069820.4921668,2.0
1765069820.50231,2.0
1765069820.5124757,2.0
1765069820.5226717,2.0
1765069820.5328407,2.0
1765069820.5430408,2.0
1765069820.55324,2.0
1765069820.5634298,2.0
1765069820.5736675,2.0
1765069820.5839283,2.0
1765069820.5941117,2.0
1765069820.604308,2.0
1765069820.6145031,2.0
1765069820.6247067,2.0
1765069820.634888,2.0
1765069820.6451993,2.0
1765069820.655382,2.0
1765069820.665562,2.0
1765069820.6758296,2.0
1765069820.686148,2.0
1765069820.6962934,2.0
1765069820.7065074,2.0
1765069820.71669,2.0
1765069820.7269092,2.0
1765069820.7371125,2.0
1765069820.7473102,2.0
1765069820.7575362,2.0
1765069820.7677279,2.0
1765069820.7779815,2.0
1765069820.788198,2.0
1765069820.7984142,2.0
1765069820.8085957,2.0
1765069820.818793,2.0
1765069820.828984,2.0
1765069820.8391888,2.0
1765069820.8494,2.0
1765069820.8596046,2.0
1765069820.8705058,2.0
1765069820.8807683,2.0
1765069820.8908672,2.0
1765069820.9010305,2.0
1765069820.9112175,2.0
1765069820.921427,2.0
1765069820.9316094,2.0
1765069820.941889,2.0
1765069820.9520793,2.0
1765069820.9622521,2.0
1765069820.9725225,2.0
1765069820.982701,2.0
1765069820.9929109,2.0
1765069821.0030792,2.0
1765069821.013305,2.0
1765069821.0235982,2.0
1765069821.0337868,2.0
1765069821.043988,2.0
1765069821.054166,2.0
1765069821.0643775,2.0
1765069821.0745785,2.0
1765069821.0847685,2.0
1765069821.0950217,2.0
1765069821.1052372,2.0
1765069821.1154323,2.0
1765069821.1256354,2.0
1765069821.1358118,2.0
1765069821.1461165,2.0
1765069821.1562939,2.0
1765069821.1665041,2.0
1765069821.1767027,2.0
1765069821.186875,2.0
1765069821.1970565,2.0
1765069821.2072692,2.0
1765069821.2174408,2.0
1765069821.2277029,2.0
1765069821.2378855,2.0
1765069821.248059,2.0
1765069821.258253,2.0
1765069821.2684395,2.0
1765069821.278609,2.0
1765069821.2887857,2.0
1765069821.2989488,2.0
1765069821.3091745,2.0
1765069821.3193572,2.0
1765069821.329543,2.0
1765069821.3397317,2.0
1765069821.349923,2.0
1765069821.3601248,2.0
1765069821.3703074,2.0
1765069821.3805037,2.0
1765069821.3906934,2.0
1765069821.401249,2.0
1765069821.4115062,2.0
1765069821.4216945,2.0
1765069821.4318798,2.0
1765069821.442061,2.0
1765069821.4522274,2.0
1765069821.4624453,2.0
1765069821.4726362,2.0
1765069821.4828362,2.0
1765069821.493049,2.0
1765069821.5032225,2.0
1765069821.5135224,2.0
1765069821.5236874,2.0
1765069821.53387,2.0
1765069821.5440834,2.0
1765069821.5544348,2.0
1765069821.5646224,2.0
1765069821.5748312,2.0
1765069821.584991,2.0
1765069821.5951984,2.0
1765069821.6053777,2.0
1765069821.6155736,2.0
1765069821.6257715,2.0
1765069821.6359706,2.0
1765069821.6463625,2.0
1765069821.656476,2.0
1765069821.6666656,2.0
1765069821.6769817,2.0
1765069821.6872842,2.0
1765069821.6974356,2.0
1765069821.707666,2.0
1765069821.718052,2.0
1765069821.7282417,2.0
1765069821.738442,2.0
1765069821.7486176,2.0
1765069821.7588034,2.0
1765069821.7689962,2.0
1765069821.7791836,2.0
1765069821.7893827,2.0
1765069821.7995644,2.0
1765069821.80976,2.0
1765069821.8200037,2.0
1765069821.8302705,2.0
1765069821.8404565,2.0
1765069821.8506727,2.0
1765069821.8621008,2.0
1765069821.8724394,2.0
1765069821.8826642,2.0
1765069821.892852,2.0
1765069821.903024,2.0
1765069821.9132094,2.0
1765069821.9234333,2.0
1765069821.9336379,2.0
1765069821.9438138,2.0
1765069821.95399,2.0
1765069821.964181,2.0
1765069821.9743917,2.0
1765069821.984594,2.0
1765069821.9947646,2.0
1765069822.0049207,2.0
1765069822.0150912,2.0
1765069822.0253053,2.0
1765069822.0355,2.0
1765069822.0456157,2.0
1765069822.0558026,2.0
1765069822.0660286,2.0
1765069822.076215,2.0
1765069822.0865219,2.0
1765069822.0966878,2.0
1765069822.1068785,2.0
1765069822.1170483,2.0
1765069822.1272497,2.0
1765069822.137429,2.0
1765069822.147631,2.0
1765069822.1578352,2.0
1765069822.1680133,2.0
1765069822.178189,2.0
1765069822.188404,2.0
1765069822.1986,2.0
1765069822.2087831,2.0
1765069822.2190125,2.0
1765069822.2292006,2.0
1765069822.2393985,2.0
1765069822.2497072,2.0
1765069822.2598839,2.0
1765069822.2701204,2.0
1765069822.2802372,2.0
1765069822.2903235,2.0
1765069822.3004694,2.0
1765069822.3106482,2.0
1765069822.3208249,2.0
1765069822.3310242,2.0
1765069822.3412013,2.0
1765069822.3514197,2.0
1765069822.3615925,2.0
1765069822.3717911,2.0
1765069822.3819668,2.0
1765069822.3921585,2.0
1765069822.4023669,2.0
1765069822.4125721,2.0
1765069822.4227638,2.0
1765069822.433043,2.0
1765069822.4432082,2.0
1765069822.4534378,2.0
1765069822.4636273,2.0
1765069822.4737961,2.0
1765069822.48403,2.0
1765069822.4944584,2.0
1765069822.504603,2.0
1765069822.5148127,2.0
1765069822.5249853,2.0
1765069822.535191,2.0
1765069822.5453608,2.0
1765069822.555542,2.0
1765069822.5657346,2.0
1765069822.5759695,2.0
1765069822.5862472,2.0
1765069822.5964441,2.0
1765069822.606636,2.0
1765069822.616906,2.0
1765069822.6271224,2.0
1765069822.637314,2.0
1765069822.6475654,2.0
1765069822.657718,2.0
1765069822.6679006,2.0
1765069822.6781123,2.0
1765069822.6884878,2.0
1765069822.69864,2.0
1765069822.708804,2.0
1765069822.718974,2.0
1765069822.7292933,2.0
1765069822.7394443,2.0
1765069822.7496374,2.0
1765069822.7598143,2.0
1765069822.7699926,2.0
1765069822.7801952,2.0
1765069822.7903686,2.0
1765069822.8005579,2.0
1765069822.8108263,2.0
1765069822.8210363,2.0
1765069822.8311982,2.0
1765069822.841382,2.0
1765069822.8516562,2.0
1765069822.8633492,2.0
1765069822.8734515,2.0
1765069822.8836179,2.0
1765069822.8937788,2.0
1765069822.903951,2.0
1765069822.914189,2.0
1765069822.9243772,2.0
1765069822.934713,2.0
1765069822.9448795,2.0
1765069822.955085,2.0
1765069822.9652517,2.0
1765069822.975441,2.0
1765069822.9856532,2.0
1765069822.995921,2.0
1765069823.0061166,2.0
1765069823.0162916,2.0
1765069823.0264606,2.0
1765069823.0366344,2.0
1765069823.046859,2.0
1765069823.057085,2.0
1765069823.067287,2.0
1765069823.07749,2.0
1765069823.087701,2.0
1765069823.0979483,2.0
1765069823.1081269,2.0
1765069823.118353,2.0
1765069823.1285377,2.0
1765069823.1387272,2.0
1765069823.148915,2.0
1765069823.1591141,2.0
1765069823.169304,2.0
1765069823.1795642,2.0
1765069823.1897755,2.0
1765069823.1999395,2.0
1765069823.2101276,2.0
1765069823.2203302,2.0
1765069823.2306046,2.0
1765069823.2408118,2.0
1765069823.2509952,2.0
1765069823.261165,2.0
1765069823.271558,2.0
1765069823.2817178,2.0
1765069823.2919066,2.0
1765069823.3021035,2.0
1765069823.3122947,2.0
1765069823.3224869,2.0
1765069823.3326752,2.0
1765069823.3428695,2.0
1765069823.3531141,2.0
1765069823.363297,2.0
1765069823.3734875,2.0
1765069823.3836648,2.0
1765069823.39392,2.0
1765069823.4041195,2.0
1765069823.4143016,2.0
1765069823.4246113,2.0
1765069823.4348042,2.0
1765069823.4453087,2.0
1765069823.4554882,2.0
1765069823.465658,2.0
1765069823.4758668,2.0
1765069823.4860723,2.0
1765069823.4963443,2.0
1765069823.5065334,2.0
1765069823.5167353,2.0
1765069823.5269525,2.0
1765069823.5371358,2.0
1765069823.5473142,2.0
1765069823.5575192,2.0
1765069823.5677972,2.0
1765069823.5780768,2.0
1765069823.5882518,2.0
1765069823.5984488,2.0
1765069823.608651,2.0
1765069823.6188967,2.0
1765069823.6290803,2.0
1765069823.6393087,2.0
1765069823.6497667,2.0
1765069823.6599798,2.0
1765069823.6701567,2.0
1765069823.6803339,2.0
1765069823.6905305,2.0
1765069823.7007015,2.0
1765069823.7109811,2.0
1765069823.7212722,2.0
1765069823.7314074,2.0
1765069823.7416542,2.0
1765069823.751842,2.0
1765069823.7620313,2.0
1765069823.7722135,2.0
1765069823.782559,2.0
1765069823.7927442,2.0
1765069823.8029225,2.0
1765069823.8130953,2.0
1765069823.8232977,2.0
1765069823.8335912,2.0
1765069823.8437781,2.0
1765069823.85395,2.0
1765069823.8654656,2.0
1765069823.8756156,2.0
1765069823.8858142,2.0
1765069823.895984,2.0
1765069823.906204,2.0
1765069823.9164093,2.0
1765069823.9266167,2.0
1765069823.9367898,2.0
1765069823.9469464,2.0
1765069823.9571319,2.0
1765069823.9673557,2.0
1765069823.9775443,2.0
1765069823.9877222,2.0
1765069823.9978914,2.0
1765069824.0080898,2.0
1765069824.0182672,2.0
1765069824.0284789,2.0
1765069824.0386539,2.0
1765069824.0488403,2.0
1765069824.059012,2.0
1765069824.069205,2.0
1765069824.0793908,2.0
1765069824.0895925,2.0
1765069824.0998666,2.0
1765069824.1100547,2.0
1765069824.120329,2.0
1765069824.130517,2.0
1765069824.1407936,2.0
1765069824.1509993,2.0
1765069824.1611736,2.0
1765069824.1713545,2.0
1765069824.1815467,2.0
1765069824.191717,2.0
1765069824.201905,2.0
1765069824.212081,2.0
1765069824.2224185,2.0
1765069824.2326264,2.0
1765069824.2428124,2.0
1765069824.253115,2.0
1765069824.2632766,2.0
1765069824.2734754,2.0
1765069824.2836585,2.0
1765069824.2938552,2.0
1765069824.3040502,2.0
1765069824.3142686,2.0
1765069824.3244948,2.0
1765069824.334694,2.0
1765069824.3449125,2.0
1765069824.3550837,2.0
1765069824.3652678,2.0
1765069824.375446,2.0
1765069824.3856277,2.0
1765069824.3958943,2.0
1765069824.4060738,2.0
1765069824.4162269,2.0
1765069824.4265244,2.0
1765069824.436696,2.0
1765069824.4468954,2.0
1765069824.4570737,2.0
1765069824.4672446,2.0
1765069824.477464,2.0
1765069824.487638,2.0
1765069824.4979455,2.0
1765069824.5082068,2.0
1765069824.5184104,2.0
1765069824.528602,2.0
1765069824.5388165,2.0
1765069824.5490572,2.0
1765069824.5592327,2.0
1765069824.569408,2.0
1765069824.5795975,2.0
1765069824.589788,2.0
1765069824.6000602,2.0
1765069824.610243,2.0
1765069824.6204493,2.0
1765069824.6306767,2.0
1765069824.6409144,2.0
1765069824.6512988,2.0
1765069824.6614535,2.0
1765069824.671617,2.0
1765069824.681803,2.0
1765069824.6919956,2.0
1765069824.70219,2.0
1765069824.7125034,2.0
1765069824.722819,2.0
1765069824.7329288,2.0
1765069824.7431161,2.0
1765069824.7534485,2.0
1765069824.7636366,2.0
1765069824.7738314,2.0
1765069824.7839959,2.0
1765069824.794191,2.0
1765069824.8044086,2.0
1765069824.8146007,2.0
1765069824.8247876,2.0
1765069824.8349602,2.0
1765069824.845153,2.0
1765069824.856768,2.0
1765069824.8669236,2.0
1765069824.8770745,2.0
1765069824.8872569,2.0
1765069824.89757,2.0
1765069824.9077737,2.0
1765069824.9179983,2.0
1765069824.9281807,2.0
1765069824.9383721,2.0
1765069824.9485526,2.0
1765069824.95874,2.0
1765069824.9689841,2.0
1765069824.9791656,2.0
1765069824.9894664,2.0
1765069824.9997563,2.0
1765069825.0101142,2.0
1765069825.0204244,2.0
1765069825.0308337,2.0
1765069825.0411577,2.0
1765069825.0514348,2.0
1765069825.0616837,2.0
1765069825.0720856,2.0
1765069825.0823693,2.0
1765069825.0926387,2.0
1765069825.1028526,2.0
1765069825.1130965,2.0
1765069825.1233854,2.0
1765069825.133802,2.0
1765069825.1441026,2.0
1765069825.1545186,2.0
1765069825.1648753,2.0
1765069825.1751406,2.0
1765069825.1854262,2.0
1765069825.1956687,2.0
1765069825.2059822,2.0
1765069825.2162337,2.0
1765069825.226526,2.0
1765069825.236805,2.0
1765069825.247108,2.0
1765069825.2575366,2.0
1765069825.2677972,2.0
1765069825.2780583,2.0
1765069825.288498,2.0
1765069825.2987592,2.0
1765069825.3090246,2.0
1765069825.319275,2.0
1765069825.3296845,2.0
1765069825.3399603,2.0
1765069825.350307,2.0
1765069825.3605871,2.0
1765069825.3761134,2.0
1765069825.3862548,2.0
1765069825.3965714,2.0
1765069825.4068782,2.0
1765069825.4171546,2.0
1765069825.4274383,2.0
1765069825.4377365,2.0
1765069825.448042,2.0
1765069825.4584794,2.0
1765069825.4687293,2.0
1765069825.4790287,2.0
1765069825.4894462,2.0
1765069825.4998744,2.0
1765069825.510194,2.0
1765069825.5206115,2.0
1765069825.5308874,2.0
1765069825.5411437,2.0
1765069825.551541,2.0
1765069825.5617845,2.0
1765069825.5721118,2.0
1765069825.5824401,2.0
1765069825.592712,2.0
1765069825.6030514,2.0
1765069825.6133509,2.0
1765069825.6238136,2.0
1765069825.6341054,2.0
1765069825.6443849,2.0
1765069825.6550636,2.0
1765069825.6654153,2.0
1765069825.675783,2.0
1765069825.6864421,2.0
1765069825.696703,2.0
1765069825.7070727,2.0
1765069825.717411,2.0
1765069825.7279143,2.0
1765069825.7382336,2.0
1765069825.7485728,2.0
1765069825.7589824,2.0
1765069825.7693079,2.0
1765069825.7796535,2.0
1765069825.789998,2.0
1765069825.8004868,2.0
1765069825.810753,2.0
1765069825.821062,2.0
1765069825.8315825,2.0
1765069825.8418946,2.0
1765069825.8522043,2.0
1765069825.8643208,2.0
1765069825.8745573,2.0
1765069825.8849013,2.0
1765069825.8952196,2.0
1765069825.9056015,2.0
1765069825.9159017,2.0
1765069825.9262714,2.0
1765069825.936565,2.0
1765069825.946895,2.0
1765069825.957224,2.0
1765069825.9675283,2.0
1765069825.9778423,2.0
1765069825.988211,2.0
1765069825.9986014,2.0
1765069826.0088866,2.0
1765069826.019058,2.0
1765069826.0293455,2.0
1765069826.0397384,2.0
1765069826.0500536,2.0
1765069826.0605648,2.0
1765069826.0708857,2.0
1765069826.0812914,2.0
1765069826.0916228,2.0
1765069826.1019816,2.0
1765069826.1123009,2.0
1765069826.1228065,2.0
1765069826.1331544,2.0
1765069826.1434894,2.0
1765069826.1536245,2.0
1765069826.1638062,2.0
1765069826.1741216,2.0
1765069826.1843035,2.0
1765069826.1944795,2.0
1765069826.2046528,2.0
1765069826.21481,2.0
1765069826.2249675,2.0
1765069826.23515,2.0
1765069826.2454698,2.0
1765069826.2556286,2.0
1765069826.2659085,2.0
1765069826.276044,2.0
1765069826.2861898,2.0
1765069826.2965665,2.0
1765069826.3066866,2.0
1765069826.3169167,2.0
1765069826.3271966,2.0
1765069826.3373468,2.0
1765069826.3475058,2.0
1765069826.357684,2.0
1765069826.3678768,2.0
1765069826.3821685,2.0
1765069826.3923452,2.0
1765069826.4025636,2.0
1765069826.412911,2.0
1765069826.4231036,2.0
1765069826.433309,2.0
1765069826.443545,2.0
1765069826.4537957,2.0
1765069826.4640648,2.0
1765069826.4744484,2.0
1765069826.4847035,2.0
1765069826.4949636,2.0
1765069826.505099,2.0
1765069826.515452,2.0
1765069826.5256083,2.0
1765069826.5357916,2.0
1765069826.545949,2.0
1765069826.5561082,2.0
1765069826.5664568,2.0
1765069826.5766242,2.0
1765069826.5867682,2.0
1765069826.5968375,2.0
1765069826.6069808,2.0
1765069826.6171548,2.0
1765069826.6273444,2.0
1765069826.6373742,2.0
1765069826.647553,2.0
1765069826.657737,2.0
1765069826.6679306,2.0
1765069826.6780846,2.0
1765069826.688354,2.0
1765069826.6984737,2.0
1765069826.7086427,2.0
1765069826.7188592,2.0
1765069826.7290125,2.0
1765069826.739172,2.0
1765069826.7494755,2.0
1765069826.7596667,2.0
1765069826.7698452,2.0
1765069826.7800267,2.0
1765069826.7902086,2.0
1765069826.8003976,2.0
1765069826.8105848,2.0
1765069826.8207984,2.0
1765069826.8309503,2.0
1765069826.8411314,2.0
1765069826.8513556,2.0
1765069826.862665,2.0
1765069826.8729396,2.0
1765069826.8831427,2.0
1765069826.89339,2.0
1765069826.9076471,2.0
1765069826.917934,2.0
1765069826.9281685,2.0
1765069826.9384294,2.0
1765069826.9486525,2.0
1765069826.9589238,2.0
1765069826.9691374,2.0
1765069826.9793625,2.0
1765069826.9896293,2.0
1765069826.9999259,2.0
1765069827.0101645,2.0
1765069827.0204012,2.0
1765069827.0307026,2.0
1765069827.0409598,2.0
1765069827.0513594,2.0
1765069827.0615933,2.0
1765069827.0718327,2.0
1765069827.0822456,2.0
1765069827.0924072,2.0
1765069827.1026351,2.0
1765069827.112872,2.0
1765069827.1231248,2.0
1765069827.1334095,2.0
1765069827.1437488,2.0
1765069827.1540165,2.0
1765069827.1642745,2.0
1765069827.1747715,2.0
1765069827.1850543,2.0
1765069827.1953785,2.0
1765069827.2059395,2.0
1765069827.2162519,2.0
1765069827.2266035,2.0
1765069827.2369182,2.0
1765069827.2472236,2.0
1765069827.2575448,2.0
1765069827.2678583,2.0
1765069827.2782855,2.0
1765069827.2885997,2.0
1765069827.2989118,2.0
1765069827.3093371,2.0
1765069827.3197472,2.0
1765069827.3300426,2.0
1765069827.3406038,2.0
1765069827.3508973,2.0
1765069827.3612144,2.0
1765069827.3715465,2.0
1765069827.3819957,2.0
1765069827.3923056,2.0
1765069827.402623,2.0
1765069827.4129567,2.0
1765069827.423247,2.0
1765069827.433614,2.0
1765069827.4443667,2.0
1765069827.4546053,2.0
1765069827.4648662,2.0
1765069827.4753225,2.0
1765069827.4855251,2.0
1765069827.4959166,2.0
1765069827.5060894,2.0
1765069827.5163615,2.0
1765069827.5265677,2.0
1765069827.5368514,2.0
1765069827.547312,2.0
1765069827.557631,2.0
1765069827.5678446,2.0
1765069827.5780432,2.0
1765069827.5883565,2.0
1765069827.5985436,2.0
1765069827.608778,2.0
1765069827.6189978,2.0
1765069827.62921,2.0
1765069827.6394033,2.0
1765069827.649724,2.0
1765069827.6598394,2.0
1765069827.6699958,2.0
1765069827.6802013,2.0
1765069827.6904113,2.0
1765069827.7005374,2.0
1765069827.7106812,2.0
1765069827.7208717,2.0
1765069827.7309945,2.0
1765069827.7411146,2.0
1765069827.7512584,2.0
1765069827.7613988,2.0
1765069827.7715528,2.0
1765069827.7817395,2.0
1765069827.7918937,2.0
1765069827.8020618,2.0
1765069827.812193,2.0
1765069827.8223584,2.0
1765069827.8324988,2.0
1765069827.8426132,2.0
1765069827.8526442,2.0
1765069827.8635056,2.0
1765069827.8739164,2.0
1765069827.884064,2.0
1765069827.8942595,2.0
1765069827.9043972,2.0
1765069827.9145708,2.0
1765069827.9247222,2.0
1765069827.9349844,2.0
1765069827.945163,2.0
1765069827.955327,2.0
1765069827.9654624,2.0
1765069827.9756296,2.0
1765069827.9858994,2.0
1765069827.996044,2.0
1765069828.0061815,2.0
1765069828.0163403,2.0
1765069828.026628,2.0
1765069828.0367944,2.0
1765069828.0469403,2.0
1765069828.057108,2.0
1765069828.0673044,2.0
1765069828.0774362,2.0
1765069828.0875912,2.0
1765069828.0978231,2.0
1765069828.1079738,2.0
1765069828.1181304,2.0
1765069828.128362,2.0
1765069828.1385167,2.0
1765069828.1486979,2.0
1765069828.1588612,2.0
1765069828.16899,2.0
1765069828.1791718,2.0
1765069828.1893601,2.0
1765069828.1995049,2.0
1765069828.2096615,2.0
1765069828.219813,2.0
1765069828.2300186,2.0
1765069828.2401717,2.0
1765069828.2503626,2.0
1765069828.2604973,2.0
1765069828.2706542,2.0
1765069828.2808282,2.0
1765069828.291072,2.0
1765069828.301324,2.0
1765069828.3114505,2.0
1765069828.3216026,2.0
1765069828.331739,2.0
1765069828.3419075,2.0
1765069828.3521209,2.0
1765069828.362269,2.0
1765069828.3724253,2.0
1765069828.3827012,2.0
1765069828.392848,2.0
1765069828.4030006,2.0
1765069828.4131355,2.0
1765069828.4232936,2.0
1765069828.4334154,2.0
1765069828.4435542,2.0
1765069828.4537127,2.0
1765069828.463866,2.0
1765069828.4739974,2.0
1765069828.4841301,2.0
1765069828.4944615,2.0
1765069828.5046062,2.0
1765069828.5147507,2.0
1765069828.5248709,2.0
1765069828.5350266,2.0
1765069828.5452685,2.0
1765069828.555428,2.0
1765069828.5656257,2.0
1765069828.5758722,2.0
1765069828.5860293,2.0
1765069828.5961568,2.0
1765069828.6063964,2.0
1765069828.616537,2.0
1765069828.6266923,2.0
1765069828.6369119,2.0
1765069828.6472533,2.0
1765069828.65739,2.0
1765069828.6675756,2.0
1765069828.677702,2.0
1765069828.6882527,2.0
1765069828.6983762,2.0
1765069828.7085028,2.0
1765069828.7187197,2.0
1765069828.728876,2.0
1765069828.739014,2.0
1765069828.7491474,2.0
1765069828.7592814,2.0
1765069828.7694924,2.0
1765069828.7797372,2.0
1765069828.7898688,2.0
1765069828.8000257,2.0
1765069828.8101556,2.0
1765069828.8203332,2.0
1765069828.8306174,2.0
1765069828.840764,2.0
1765069828.8509195,2.0
1765069828.8616996,2.0
1765069828.87203,2.0
1765069828.8823774,2.0
1765069828.8925471,2.0
1765069828.9028165,2.0
1765069828.9129727,2.0
1765069828.9231853,2.0
1765069828.9333305,2.0
1765069828.9435377,2.0
1765069828.9537342,2.0
1765069828.9638839,2.0
1765069828.9741626,2.0
1765069828.9843116,2.0
1765069828.9944723,2.0
1765069829.0046463,2.0
1765069829.0148444,2.0
1765069829.0251017,2.0
1765069829.035243,2.0
1765069829.0454125,2.0
1765069829.055586,2.0
1765069829.0657406,2.0
1765069829.0759034,2.0
1765069829.0860786,2.0
1765069829.0962577,2.0
1765069829.106527,2.0
1765069829.11668,2.0
1765069829.1268337,2.0
1765069829.1370027,2.0
1765069829.147205,2.0
1765069829.1574101,2.0
1765069829.1675644,2.0
1765069829.177766,2.0
1765069829.187923,2.0
1765069829.1980875,2.0
1765069829.2082853,2.0
1765069829.2185624,2.0
1765069829.228726,2.0
1765069829.238913,2.0
1765069829.2490795,2.0
1765069829.2592862,2.0
1765069829.2694218,2.0
1765069829.279592,2.0
1765069829.2898762,2.0
1765069829.300028,2.0
1765069829.3101873,2.0
1765069829.320354,2.0
1765069829.330637,2.0
1765069829.3408186,2.0
1765069829.3509867,2.0
1765069829.3611612,2.0
1765069829.3714445,2.0
1765069829.381612,2.0
1765069829.3917754,2.0
1765069829.4019523,2.0
1765069829.4121194,2.0
1765069829.422448,2.0
1765069829.432626,2.0
1765069829.4428205,2.0
1765069829.4529684,2.0
1765069829.4631562,2.0
1765069829.4733257,2.0
1765069829.48345,2.0
1765069829.4937656,2.0
1765069829.503895,2.0
1765069829.5140455,2.0
1765069829.5241897,2.0
1765069829.534446,2.0
1765069829.5444508,2.0
1765069829.554615,2.0
1765069829.5647714,2.0
1765069829.574898,2.0
1765069829.5850492,2.0
1765069829.5953913,2.0
1765069829.6057117,2.0
1765069829.615846,2.0
1765069829.6260123,2.0
1765069829.6361592,2.0
1765069829.6463864,2.0
1765069829.656616,2.0
1765069829.666783,2.0
1765069829.6769176,2.0
1765069829.6872337,2.0
1765069829.6973844,2.0
1765069829.7075763,2.0
1765069829.7178247,2.0
1765069829.7279897,2.0
1765069829.7381227,2.0
1765069829.7482302,2.0
1765069829.758384,2.0
1765069829.7685535,2.0
1765069829.7786803,2.0
1765069829.7888238,2.0
1765069829.7989616,2.0
1765069829.8091152,2.0
1765069829.8192565,2.0
1765069829.829414,2.0
1765069829.8395472,2.0
1765069829.8496807,2.0
1765069829.8605049,2.0
1765069829.8707707,2.0
1765069829.88088,2.0
1765069829.891129,2.0
1765069829.9012787,2.0
1765069829.911431,2.0
1765069829.9215605,2.0
1765069829.931715,2.0
1765069829.9418519,2.0
1765069829.9520113,2.0
1765069829.962175,2.0
1765069829.9723585,2.0
1765069829.9826338,2.0
1765069829.992789,2.0
1765069830.0029385,2.0
1765069830.01308,2.0
1765069830.0232348,2.0
1765069830.0333683,2.0
1765069830.0435183,2.0
1765069830.053702,2.0
1765069830.0638406,2.0
1765069830.0740209,2.0
1765069830.084179,2.0
1765069830.094332,2.0
1765069830.104465,2.0
1765069830.1146216,2.0
1765069830.124818,2.0
1765069830.134965,2.0
1765069830.145102,2.0
1765069830.1552327,2.0
1765069830.165392,2.0
1765069830.1755426,2.0
1765069830.1856554,2.0
1765069830.1958108,2.0
1765069830.20594,2.0
1765069830.2160876,2.0
1765069830.2264378,2.0
1765069830.2365906,2.0
1765069830.2466922,2.0
1765069830.256848,2.0
1765069830.26697,2.0
1765069830.2771792,2.0
1765069830.2873197,2.0
1765069830.2974625,2.0
1765069830.3076541,2.0
1765069830.3178413,2.0
1765069830.3280318,2.0
1765069830.3381944,2.0
1765069830.348467,2.0
1765069830.3586009,2.0
1765069830.368915,2.0
1765069830.3790572,2.0
1765069830.3892367,2.0
1765069830.3993764,2.0
1765069830.4095209,2.0
1765069830.4196649,2.0
1765069830.429954,2.0
1765069830.4401283,2.0
1765069830.4502802,2.0
1765069830.4604392,2.0
1765069830.4705684,2.0
1765069830.4808204,2.0
1765069830.4910505,2.0
1765069830.5012403,2.0
1765069830.511453,2.0
1765069830.5216804,2.0
1765069830.5318768,2.0
1765069830.5420916,2.0
1765069830.5522723,2.0
1765069830.5625608,2.0
1765069830.5727232,2.0
1765069830.5828886,2.0
1765069830.5931053,2.0
1765069830.6032975,2.0
1765069830.6134884,2.0
1765069830.6236675,2.0
1765069830.6338918,2.0
1765069830.644088,2.0
1765069830.6543806,2.0
1765069830.6645901,2.0
1765069830.6747415,2.0
1765069830.684956,2.0
1765069830.695096,2.0
1765069830.7052798,2.0
1765069830.7154574,2.0
1765069830.7256498,2.0
1765069830.7357688,2.0
1765069830.7459862,2.0
1765069830.7561545,2.0
1765069830.766341,2.0
1765069830.7765656,2.0
1765069830.7867322,2.0
1765069830.7970963,2.0
1765069830.8072863,2.0
1765069830.8174658,2.0
1765069830.8277054,2.0
1765069830.837881,2.0
1765069830.848082,2.0
1765069830.8592796,2.0
1765069830.869413,2.0
1765069830.8795772,2.0
1765069830.8898115,2.0
1765069830.8999887,2.0
1765069830.9101863,2.0
1765069830.9203544,2.0
1765069830.9305348,2.0
1765069830.9407067,2.0
1765069830.9508657,2.0
1765069830.9610178,2.0
1765069830.9712095,2.0
1765069830.9814012,2.0
1765069830.991614,2.0
1765069831.0017781,2.0
1765069831.011977,2.0
1765069831.0221472,2.0
1765069831.0322974,2.0
1765069831.0424929,2.0
1765069831.0526557,2.0
1765069831.0628467,2.0
1765069831.0728898,2.0
1765069831.0830283,2.0
1765069831.0932117,2.0
1765069831.1034162,2.0
1765069831.1136024,2.0
1765069831.1237793,2.0
1765069831.133998,2.0
1765069831.1442175,2.0
1765069831.1543975,2.0
1765069831.1645832,2.0
1765069831.174738,2.0
1765069831.184927,2.0
1765069831.1951058,2.0
1765069831.2053006,2.0
1765069831.2155142,2.0
1765069831.225691,2.0
1765069831.235898,2.0
1765069831.2460985,2.0
1765069831.2563124,2.0
1765069831.2664776,2.0
1765069831.2766678,2.0
1765069831.2868419,2.0
1765069831.2970238,2.0
1765069831.3071842,2.0
1765069831.31738,2.0
1765069831.327577,2.0
1765069831.3377895,2.0
1765069831.3479552,2.0
1765069831.3580415,2.0
1765069831.368243,2.0
1765069831.3785543,2.0
1765069831.3887277,2.0
1765069831.398885,2.0
1765069831.409061,2.0
1765069831.4192352,2.0
1765069831.4294446,2.0
1765069831.4396136,2.0
1765069831.4497864,2.0
1765069831.4599686,2.0
1765069831.4701242,2.0
1765069831.480316,2.0
1765069831.4905157,2.0
1765069831.5006478,2.0
1765069831.5108726,2.0
1765069831.5210662,2.0
1765069831.5312765,2.0
1765069831.5414405,2.0
1765069831.5516381,2.0
1765069831.5617855,2.0
1765069831.5719855,2.0
1765069831.582166,2.0
1765069831.5923595,2.0
1765069831.6025515,2.0
1765069831.6127453,2.0
1765069831.6229424,2.0
1765069831.633165,2.0
1765069831.6434891,2.0
1765069831.653821,2.0
1765069831.6640253,2.0
1765069831.6742158,2.0
1765069831.6845863,2.0
1765069831.6947463,2.0
1765069831.7049298,2.0
1765069831.715101,2.0
1765069831.7253373,2.0
1765069831.7355025,2.0
1765069831.7457721,2.0
1765069831.7559495,2.0
1765069831.7659893,2.0
1765069831.776165,2.0
1765069831.786341,2.0
1765069831.79662,2.0
1765069831.8068361,2.0
1765069831.8170173,2.0
1765069831.8271825,2.0
1765069831.837371,2.0
1765069831.8475714,2.0
1765069831.8577516,2.0
1765069831.868882,2.0
1765069831.8790445,2.0
1765069831.889277,2.0
1765069831.8994906,2.0
1765069831.909671,2.0
1765069831.9198418,2.0
1765069831.9300165,2.0
1765069831.9402032,2.0
1765069831.9505343,2.0
1765069831.9607236,2.0
1765069831.9709287,2.0
1765069831.9810963,2.0
1765069831.9914436,2.0
1765069832.0016482,2.0
1765069832.011855,2.0
1765069832.0220375,2.0
1765069832.0322046,2.0
1765069832.0423956,2.0
1765069832.0525877,2.0
1765069832.06277,2.0
1765069832.0729644,2.0
1765069832.0831609,2.0
1765069832.0933752,2.0
1765069832.10363,2.0
1765069832.113818,2.0
1765069832.1239743,2.0
1765069832.1341627,2.0
1765069832.1444716,2.0
1765069832.1546705,2.0
1765069832.1648676,2.0
1765069832.175018,2.0
1765069832.1852286,2.0
1765069832.1955075,2.0
1765069832.2056875,2.0
1765069832.2159133,2.0
1765069832.226096,2.0
1765069832.2362678,2.0
1765069832.2464662,2.0
1765069832.2566297,2.0
1765069832.266832,2.0
1765069832.2770028,2.0
1765069832.2871678,2.0
1765069832.2974741,2.0
1765069832.3076622,2.0
1765069832.317856,2.0
1765069832.3280284,2.0
1765069832.3382123,2.0
1765069832.3484936,2.0
1765069832.3586695,2.0
1765069832.3688889,2.0
1765069832.3790667,2.0
1765069832.3892546,2.0
1765069832.3995144,2.0
1765069832.4096828,2.0
1765069832.4199219,2.0
1765069832.4300919,2.0
1765069832.440283,2.0
1765069832.4504595,2.0
1765069832.4606352,2.0
1765069832.4708347,2.0
1765069832.4809961,2.0
1765069832.4912357,2.0
1765069832.5013607,2.0
1765069832.5115387,2.0
1765069832.5217369,2.0
1765069832.5318997,2.0
1765069832.5420942,2.0
1765069832.5522509,2.0
1765069832.562437,2.0
1765069832.5726218,2.0
1765069832.5828333,2.0
1765069832.5930512,2.0
1765069832.60323,2.0
1765069832.613464,2.0
1765069832.623696,2.0
1765069832.6339204,2.0
1765069832.6441288,2.0
1765069832.6544318,2.0
1765069832.6646454,2.0
1765069832.6748843,2.0
1765069832.6851437,2.0
1765069832.695305,2.0
1765069832.7054791,2.0
1765069832.7156646,2.0
1765069832.725898,2.0
1765069832.7360709,2.0
1765069832.746269,2.0
1765069832.756448,2.0
1765069832.7666242,2.0
1765069832.7768567,2.0
1765069832.7870402,2.0
1765069832.7972212,2.0
1765069832.807398,2.0
1765069832.828269,2.0
1765069832.8522704,2.0
1765069832.87227,2.0
1765069832.892271,2.0
1765069832.909526,2.0
1765069832.9210007,1.0
1765069832.931535,2.0
1765069832.942034,2.0
1765069832.95223,2.0
1765069832.9625618,2.0
1765069832.9728081,2.0
1765069832.9830666,2.0
1765069832.9933233,2.0
1765069833.0035408,2.0
1765069833.0137787,2.0
1765069833.024006,2.0
1765069833.0342689,2.0
1765069833.044497,2.0
1765069833.0547268,2.0
1765069833.064955,2.0
1765069833.0751977,2.0
1765069833.0855258,2.0
1765069833.095776,2.0
1765069833.1060262,2.0
1765069833.1162968,2.0
1765069833.126741,2.0
1765069833.1370547,2.0
1765069833.147392,2.0
1765069833.1577835,2.0
1765069833.1681757,2.0
1765069833.178497,2.0
1765069833.1886058,2.0
1765069833.198934,2.0
1765069833.209299,2.0
1765069833.219599,2.0
1765069833.2299597,2.0
1765069833.2403502,2.0
1765069833.2507308,2.0
1765069833.261137,2.0
1765069833.271591,2.0
1765069833.2818973,2.0
1765069833.2920299,2.0
1765069833.3023794,2.0
1765069833.3126955,2.0
1765069833.3229895,2.0
1765069833.3332887,2.0
1765069833.3435543,2.0
1765069833.3538644,2.0
1765069833.3641853,2.0
1765069833.3745313,2.0
1765069833.3848124,2.0
1765069833.395127,2.0
1765069833.4054177,2.0
1765069833.4157007,2.0
1765069833.4259996,2.0
1765069833.4362779,2.0
1765069833.4465687,2.0
1765069833.456845,2.0
1765069833.4671488,2.0
1765069833.477436,2.0
1765069833.4877117,2.0
1765069833.4980843,2.0
1765069833.508392,2.0
1765069833.518688,2.0
1765069833.5290132,2.0
1765069833.5393002,2.0
1765069833.5497622,2.0
1765069833.5600636,2.0
1765069833.5703745,2.0
1765069833.5807078,2.0
1765069833.591043,2.0
1765069833.6013303,2.0
1765069833.6117072,2.0
1765069833.6220026,2.0
1765069833.6323743,2.0
1765069833.6426675,2.0
1765069833.653196,2.0
1765069833.6634529,2.0
1765069833.673698,2.0
1765069833.684051,2.0
1765069833.694185,2.0
1765069833.704476,2.0
1765069833.7146902,2.0
1765069833.7249782,2.0
1765069833.7351701,2.0
1765069833.7453887,2.0
1765069833.7556112,2.0
1765069833.7658925,2.0
1765069833.7761176,2.0
1765069833.7864559,2.0
1765069833.796652,2.0
1765069833.8069289,2.0
1765069833.8171184,2.0
1765069833.8273857,2.0
1765069833.837589,2.0
1765069833.847808,2.0
1765069833.858883,2.0
1765069833.8692017,2.0
1765069833.8794198,2.0
1765069833.8896666,2.0
1765069833.899738,2.0
1765069833.9099262,2.0
1765069833.920092,2.0
1765069833.930336,2.0
1765069833.9405034,2.0
1765069833.950719,2.0
1765069833.9609747,2.0
1765069833.9711747,2.0
1765069833.981346,2.0
1765069833.9915783,2.0
1765069834.0017624,2.0
1765069834.0120008,2.0
1765069834.0221949,2.0
1765069834.0324292,2.0
1765069834.0426047,2.0
1765069834.0528882,2.0
1765069834.0630739,2.0
1765069834.0732977,2.0
1765069834.0834641,2.0
1765069834.0937326,2.0
1765069834.1039243,2.0
1765069834.1141806,2.0
1765069834.1243489,2.0
1765069834.1345165,2.0
1765069834.1446738,2.0
1765069834.154868,2.0
1765069834.165028,2.0
1765069834.1752927,2.0
1765069834.1854725,2.0
1765069834.1956427,2.0
1765069834.2057164,2.0
1765069834.2157753,2.0
1765069834.225908,2.0
1765069834.2359498,2.0
1765069834.245989,2.0
1765069834.2560587,2.0
1765069834.266145,2.0
1765069834.2762294,2.0
1765069834.2863219,2.0
1765069834.296445,2.0
1765069834.306635,2.0
1765069834.3168006,2.0
1765069834.3269181,2.0
1765069834.3370209,2.0
1765069834.3471332,2.0
1765069834.3572462,2.0
1765069834.3674753,2.0
1765069834.3775744,2.0
1765069834.3876622,2.0
1765069834.397754,2.0
1765069834.4078515,2.0
1765069834.4179533,2.0
1765069834.4280524,2.0
1765069834.4381628,2.0
1765069834.4482834,2.0
1765069834.4584167,2.0
1765069834.46852,2.0
1765069834.478604,2.0
1765069834.4886932,2.0
1765069834.498908,2.0
1765069834.509013,2.0
1765069834.5191224,2.0
1765069834.5292423,2.0
1765069834.53944,2.0
1765069834.549556,2.0
1765069834.559641,2.0
1765069834.5697443,2.0
1765069834.5798383,2.0
1765069834.5899096,2.0
1765069834.600012,2.0
1765069834.6101043,2.0
1765069834.6202197,2.0
1765069834.6303232,2.0
1765069834.640382,2.0
1765069834.6505961,2.0
1765069834.6606634,2.0
1765069834.6707528,2.0
1765069834.6808472,2.0
1765069834.6909876,2.0
1765069834.701128,2.0
1765069834.7112389,2.0
1765069834.7213902,2.0
1765069834.731484,2.0
1765069834.7416167,2.0
1765069834.751706,2.0
1765069834.7618022,2.0
1765069834.7719336,2.0
1765069834.7820477,2.0
1765069834.7921069,2.0
1765069834.8022006,2.0
1765069834.8123448,2.0
1765069834.8224227,2.0
1765069834.8325238,2.0
1765069834.842654,2.0
1765069834.8527477,2.0
1765069834.863894,2.0
1765069834.8740628,2.0
1765069834.8842094,2.0
1765069834.8943675,2.0
1765069834.9044895,2.0
1765069834.914629,2.0
1765069834.9247313,2.0
1765069834.9348705,2.0
1765069834.9450076,2.0
1765069834.9551187,2.0
1765069834.9652426,2.0
1765069834.9754233,2.0
1765069834.9855492,2.0
1765069834.9956775,2.0
1765069835.0057898,2.0
1765069835.0158918,2.0
1765069835.0259976,2.0
1765069835.0361164,2.0
1765069835.0462475,2.0
1765069835.056478,2.0
1765069835.066572,2.0
1765069835.0766864,2.0
1765069835.086986,2.0
1765069835.097103,2.0
1765069835.1071854,2.0
1765069835.1172955,2.0
1765069835.1274633,2.0
1765069835.1375792,2.0
1765069835.1476974,2.0
1765069835.1578352,2.0
1765069835.167959,2.0
1765069835.178058,2.0
1765069835.1881914,2.0
1765069835.1983113,2.0
1765069835.2084224,2.0
1765069835.2185488,2.0
1765069835.2286415,2.0
1765069835.2387602,2.0
1765069835.2488842,2.0
1765069835.2589858,2.0
1765069835.2691162,2.0
1765069835.279228,2.0
1765069835.2893524,2.0
1765069835.2994897,2.0
1765069835.3096154,2.0
1765069835.319715,2.0
1765069835.329844,2.0
1765069835.3399944,2.0
1765069835.3501012,2.0
1765069835.3602235,2.0
1765069835.3703284,2.0
1765069835.380435,2.0
1765069835.390598,2.0
1765069835.4007323,2.0
1765069835.4108522,2.0
1765069835.4209821,2.0
1765069835.4311395,2.0
1765069835.4413004,2.0
1765069835.451596,2.0
1765069835.4618955,2.0
1765069835.47203,2.0
1765069835.4821637,2.0
1765069835.4925177,2.0
1765069835.5026562,2.0
1765069835.5127845,2.0
1765069835.5229223,2.0
1765069835.5330708,2.0
1765069835.5431933,2.0
1765069835.5533235,2.0
1765069835.5634494,2.0
1765069835.573543,2.0
1765069835.5836546,2.0
1765069835.593766,2.0
1765069835.603894,2.0
1765069835.6140656,2.0
1765069835.6241577,2.0
1765069835.6342702,2.0
1765069835.644712,2.0
1765069835.654992,2.0
1765069835.665128,2.0
1765069835.6752262,2.0
1765069835.685489,2.0
1765069835.6955962,2.0
1765069835.7057433,2.0
1765069835.7158747,2.0
1765069835.7260208,2.0
1765069835.7362347,2.0
1765069835.7463405,2.0
1765069835.7565575,2.0
1765069835.7666767,2.0
1765069835.7767937,2.0
1765069835.7869146,2.0
1765069835.7970238,2.0
1765069835.8071609,2.0
1765069835.8174486,2.0
1765069835.8275669,2.0
1765069835.8377151,2.0
1765069835.8478267,2.0
1765069835.8579552,2.0
1765069835.868929,2.0
1765069835.8790162,2.0
1765069835.8891854,2.0
1765069835.8992677,2.0
1765069835.9093566,2.0
1765069835.9195178,2.0
1765069835.9296987,2.0
1765069835.9397721,2.0
1765069835.9498403,2.0
1765069835.959916,2.0
1765069835.9700308,2.0
1765069835.9801123,2.0
1765069835.9902105,2.0
1765069836.0002992,2.0
1765069836.0103803,2.0
1765069836.0205834,2.0
1765069836.0307722,2.0
1765069836.0408363,2.0
1765069836.0509288,2.0
1765069836.0610437,2.0
1765069836.0711348,2.0
1765069836.0812247,2.0
1765069836.0913045,2.0
1765069836.10138,2.0
1765069836.1115825,2.0
1765069836.1217237,2.0
1765069836.1318731,2.0
1765069836.1419852,2.0
1765069836.1521246,2.0
1765069836.1622229,2.0
1765069836.1723018,2.0
1765069836.1824105,2.0
1765069836.192523,2.0
1765069836.2026014,2.0
1765069836.2127178,2.0
1765069836.2228143,2.0
1765069836.2329478,2.0
1765069836.2430282,2.0
1765069836.253116,2.0
1765069836.2631938,2.0
1765069836.2734432,2.0
1765069836.2835448,2.0
1765069836.293637,2.0
1765069836.303743,2.0
1765069836.3138275,2.0
1765069836.3239067,2.0
1765069836.3340242,2.0
1765069836.3441207,2.0
1765069836.3542469,2.0
1765069836.3643272,2.0
1765069836.3744833,2.0
1765069836.3845913,2.0
1765069836.394677,2.0
1765069836.4049592,2.0
1765069836.4150348,2.0
1765069836.4251156,2.0
1765069836.4352167,2.0
1765069836.445336,2.0
1765069836.455401,2.0
1765069836.4656107,2.0
1765069836.4756877,2.0
1765069836.4857755,2.0
1765069836.4959497,2.0
1765069836.5060449,2.0
1765069836.5161176,2.0
1765069836.5261996,2.0
1765069836.536289,2.0
1765069836.546388,2.0
1765069836.5565908,2.0
1765069836.566683,2.0
1765069836.5767462,2.0
1765069836.586882,2.0
1765069836.596991,2.0
1765069836.6070657,2.0
1765069836.6171632,2.0
1765069836.6272697,2.0
1765069836.6373558,2.0
1765069836.6476502,2.0
1765069836.6576965,2.0
1765069836.6677744,2.0
1765069836.6778953,2.0
1765069836.6880987,2.0
1765069836.6981916,2.0
1765069836.7084076,2.0
1765069836.7185848,2.0
1765069836.7288175,2.0
1765069836.738897,2.0
1765069836.7490003,2.0
1765069836.7590666,2.0
1765069836.7691278,2.0
1765069836.7791862,2.0
1765069836.7892587,2.0
1765069836.7993474,2.0
1765069836.8094137,2.0
1765069836.819622,2.0
1765069836.8296578,2.0
1765069836.8398597,2.0
1765069836.8499677,2.0
1765069836.8615637,2.0
1765069836.8719642,2.0
1765069836.8820531,2.0
1765069836.8921335,2.0
1765069836.9022102,2.0
1765069836.9122756,2.0
1765069836.92251,2.0
1765069836.9326024,2.0
1765069836.9427009,2.0
1765069836.9528935,2.0
1765069836.9630094,2.0
1765069836.973159,2.0
1765069836.983223,2.0
1765069836.993306,2.0
1765069837.0034115,2.0
1765069837.0135322,2.0
1765069837.02372,2.0
1765069837.0338283,2.0
1765069837.0439174,2.0
1765069837.0539784,2.0
1765069837.0640342,2.0
1765069837.0741074,2.0
1765069837.08422,2.0
1765069837.0942955,2.0
1765069837.1043742,2.0
1765069837.1144748,2.0
1765069837.124585,2.0
1765069837.1346462,2.0
1765069837.1447163,2.0
1765069837.1549027,2.0
1765069837.1650207,2.0
1765069837.1751225,2.0
1765069837.1852262,2.0
1765069837.1953013,2.0
1765069837.2054224,2.0
1765069837.2156458,2.0
1765069837.2257342,2.0
1765069837.2357733,2.0
1765069837.2458668,2.0
1765069837.2559953,2.0
1765069837.2660985,2.0
1765069837.2763467,2.0
1765069837.2864387,2.0
1765069837.2966354,2.0
1765069837.3067412,2.0
1765069837.3169467,2.0
1765069837.3269982,2.0
1765069837.3370786,2.0
1765069837.3471715,2.0
1765069837.3572283,2.0
1765069837.3673449,2.0
1765069837.3774228,2.0
1765069837.387514,2.0
1765069837.3976178,2.0
1765069837.4077086,2.0
1765069837.417859,2.0
1765069837.4279723,2.0
1765069837.4380796,2.0
1765069837.4482353,2.0
1765069837.4583855,2.0
1765069837.4684935,2.0
1765069837.4786055,2.0
1765069837.4891214,2.0
1765069837.4992056,2.0
1765069837.509359,2.0
1765069837.5194736,2.0
1765069837.5296044,2.0
1765069837.5397065,2.0
1765069837.5498316,2.0
1765069837.5599518,2.0
1765069837.5700583,2.0
1765069837.5801663,2.0
1765069837.5902712,2.0
1765069837.6005127,2.0
1765069837.6106167,2.0
1765069837.6207383,2.0
1765069837.6308644,2.0
1765069837.6409717,2.0
1765069837.6512105,2.0
1765069837.6613648,2.0
1765069837.6714668,2.0
1765069837.6816618,2.0
1765069837.6919048,2.0
1765069837.7020328,2.0
1765069837.7121618,2.0
1765069837.7224388,2.0
1765069837.7325337,2.0
1765069837.742653,2.0
1765069837.752767,2.0
1765069837.7628958,2.0
1765069837.7730215,2.0
1765069837.7834547,2.0
1765069837.7935393,2.0
1765069837.8036447,2.0
1765069837.8137717,2.0
1765069837.8238857,2.0
1765069837.8340905,2.0
1765069837.8441973,2.0
1765069837.8544211,2.0
1765069837.8652165,2.0
1765069837.8754177,2.0
1765069837.8856509,2.0
1765069837.895772,2.0
1765069837.9058678,2.0
1765069837.9160755,2.0
1765069837.9262154,2.0
1765069837.9363732,2.0
1765069837.946488,2.0
1765069837.9565957,2.0
1765069837.9667077,2.0
1765069837.9768436,2.0
1765069837.9869494,2.0
1765069837.9970617,2.0
1765069838.0071633,2.0
1765069838.0172825,2.0
1765069838.0273972,2.0
1765069838.0375054,2.0
1765069838.047633,2.0
1765069838.0577528,2.0
1765069838.067886,2.0
1765069838.0780761,2.0
1765069838.088188,2.0
1765069838.0982893,2.0
1765069838.1084063,2.0
1765069838.1185727,2.0
1765069838.1286576,2.0
1765069838.1388192,2.0
1765069838.1488993,2.0
1765069838.1590235,2.0
1765069838.169124,2.0
1765069838.1792367,2.0
1765069838.189333,2.0
1765069838.1995878,2.0
1765069838.2096775,2.0
1765069838.2198102,2.0
1765069838.229869,2.0
1765069838.2399688,2.0
1765069838.250079,2.0
1765069838.2603014,2.0
1765069838.2703967,2.0
1765069838.2805219,2.0
1765069838.2906501,2.0
1765069838.30076,2.0
1765069838.3109057,2.0
1765069838.3210196,2.0
1765069838.331125,2.0
1765069838.341228,2.0
1765069838.3513343,2.0
1765069838.3614278,2.0
1765069838.3715448,2.0
1765069838.3816636,2.0
1765069838.3918445,2.0
1765069838.4019167,2.0
1765069838.4121535,2.0
1765069838.4222355,2.0
1765069838.4323354,2.0
1765069838.442464,2.0
1765069838.4525764,2.0
1765069838.4627883,2.0
1765069838.4728665,2.0
1765069838.4829776,2.0
1765069838.493117,2.0
1765069838.503346,2.0
1765069838.5134463,2.0
1765069838.5235426,2.0
1765069838.5336301,2.0
1765069838.5437565,2.0
1765069838.5538447,2.0
1765069838.563963,2.0
1765069838.5740752,2.0
1765069838.584181,2.0
1765069838.5942805,2.0
1765069838.6045268,2.0
1765069838.61465,2.0
1765069838.6247668,2.0
1765069838.6348755,2.0
1765069838.6451607,2.0
1765069838.6553109,2.0
1765069838.6654484,2.0
1765069838.6755142,2.0
1765069838.6856728,2.0
1765069838.6959085,2.0
1765069838.7059886,2.0
1765069838.7161016,2.0
1765069838.7262437,2.0
1765069838.7365022,2.0
1765069838.7466104,2.0
1765069838.7566867,2.0
1765069838.7667944,2.0
1765069838.7769291,2.0
1765069838.7870238,2.0
1765069838.7971272,2.0
1765069838.807235,2.0
1765069838.817354,2.0
1765069838.8274853,2.0
1765069838.837653,2.0
1765069838.8477373,2.0
1765069838.8588676,2.0
1765069838.868997,2.0
1765069838.8791535,2.0
1765069838.889247,2.0
1765069838.8994212,2.0
1765069838.9095237,2.0
1765069838.9196212,2.0
1765069838.9297662,2.0
1765069838.9398384,2.0
1765069838.9500268,2.0
1765069838.9601383,2.0
1765069838.9702322,2.0
1765069838.980508,2.0
1765069838.9906132,2.0
1765069839.0007195,2.0
1765069839.010837,2.0
1765069839.0209756,2.0
1765069839.0310922,2.0
1765069839.0413122,2.0
1765069839.051383,2.0
1765069839.0616026,2.0
1765069839.071694,2.0
1765069839.081825,2.0
1765069839.091891,2.0
1765069839.1020083,2.0
1765069839.1121337,2.0
1765069839.1222365,2.0
1765069839.1323452,2.0
1765069839.1424713,2.0
1765069839.1525931,2.0
1765069839.1627297,2.0
1765069839.1728435,2.0
1765069839.182944,2.0
1765069839.1931179,2.0
1765069839.2032452,2.0
1765069839.2133744,2.0
1765069839.2235992,2.0
1765069839.2336843,2.0
1765069839.2439053,2.0
1765069839.2540195,2.0
1765069839.2641344,2.0
1765069839.2742498,2.0
1765069839.2843518,2.0
1765069839.2945826,2.0
1765069839.30471,2.0
1765069839.3148446,2.0
1765069839.3249419,2.0
1765069839.3350644,2.0
1765069839.3451958,2.0
1765069839.3553116,2.0
1765069839.3654237,2.0
1765069839.3755083,2.0
1765069839.3856199,2.0
1765069839.3957167,2.0
1765069839.405819,2.0
1765069839.4159162,2.0
1765069839.4260309,2.0
1765069839.4362006,2.0
1765069839.4463236,2.0
1765069839.4564626,2.0
1765069839.4667084,2.0
1765069839.4768357,2.0
1765069839.4869585,2.0
1765069839.4971178,2.0
1765069839.5072315,2.0
1765069839.5173743,2.0
1765069839.527476,2.0
1765069839.5375767,2.0
1765069839.547688,2.0
1765069839.5578032,2.0
1765069839.5679448,2.0
1765069839.5780554,2.0
1765069839.5881908,2.0
1765069839.598368,2.0
1765069839.6084976,2.0
1765069839.6185896,2.0
1765069839.6286397,2.0
1765069839.638766,2.0
1765069839.6489515,2.0
1765069839.65899,2.0
1765069839.6690514,2.0
1765069839.6791303,2.0
1765069839.6892943,2.0
1765069839.6993458,2.0
1765069839.709452,2.0
1765069839.7196891,2.0
1765069839.7297306,2.0
1765069839.739756,2.0
1765069839.7498622,2.0
1765069839.759944,2.0
1765069839.7700117,2.0
1765069839.780092,2.0
1765069839.7901318,2.0
1765069839.8001986,2.0
1765069839.810355,2.0
1765069839.8204021,2.0
1765069839.8306227,2.0
1765069839.8407059,2.0
1765069839.8507469,2.0
1765069839.862051,2.0
1765069839.8724067,2.0
1765069839.8824666,2.0
1765069839.8925133,2.0
1765069839.9025862,2.0
1765069839.9126492,2.0
1765069839.9227102,2.0
1765069839.9327502,2.0
1765069839.9428003,2.0
1765069839.952935,2.0
1765069839.9630318,2.0
1765069839.973114,2.0
1765069839.9832153,2.0
1765069839.9932728,2.0
1765069840.0033047,2.0
1765069840.0133374,2.0
1765069840.0233994,2.0
1765069840.033413,2.0
1765069840.043496,2.0
1765069840.0535839,2.0
1765069840.0636375,2.0
1765069840.073704,2.0
1765069840.0837874,2.0
1765069840.0938575,2.0
1765069840.1039226,2.0
1765069840.1140292,2.0
1765069840.1241157,2.0
1765069840.1342134,2.0
1765069840.1442673,2.0
1765069840.154439,2.0
1765069840.1644773,2.0
1765069840.174549,2.0
1765069840.1846051,2.0
1765069840.1946669,2.0
1765069840.204799,2.0
1765069840.214891,2.0
1765069840.224924,2.0
1765069840.2350523,2.0
1765069840.24509,2.0
1765069840.2551405,2.0
1765069840.2652512,2.0
1765069840.275312,2.0
1765069840.2853553,2.0
1765069840.2955282,2.0
1765069840.3056097,2.0
1765069840.3156748,2.0
1765069840.3257425,2.0
1765069840.3357952,2.0
1765069840.3458562,2.0
1765069840.3559408,2.0
1765069840.3659873,2.0
1765069840.3760545,2.0
1765069840.3861628,2.0
1765069840.3962317,2.0
1765069840.4063272,2.0
1765069840.4165087,2.0
1765069840.4266539,2.0
1765069840.436718,2.0
1765069840.4467628,2.0
1765069840.4568067,2.0
1765069840.4668615,2.0
1765069840.4769137,2.0
1765069840.487001,2.0
1765069840.497087,2.0
1765069840.507171,2.0
1765069840.5172248,2.0
1765069840.5274136,2.0
1765069840.5374763,2.0
1765069840.54754,2.0
1765069840.5575922,2.0
1765069840.5676525,2.0
1765069840.577842,2.0
1765069840.58791,2.0
1765069840.5979478,2.0
1765069840.6080108,2.0
1765069840.6180499,2.0
1765069840.6281636,2.0
1765069840.6382313,2.0
1765069840.6483223,2.0
1765069840.6584384,2.0
1765069840.6684916,2.0
1765069840.6785345,2.0
1765069840.688649,2.0
1765069840.6986868,2.0
1765069840.7087286,2.0
1765069840.718954,2.0
1765069840.7290533,2.0
1765069840.739129,2.0
1765069840.7492368,2.0
1765069840.7592912,2.0
1765069840.7693715,2.0
1765069840.779419,2.0
1765069840.789514,2.0
1765069840.79967,2.0
1765069840.809722,2.0
1765069840.8198025,2.0
1765069840.8299,2.0
1765069840.8399947,2.0
1765069840.8500593,2.0
1765069840.8607757,2.0
1765069840.8711967,2.0
1765069840.881284,2.0
1765069840.891366,2.0
1765069840.9014463,2.0
1765069840.9115262,2.0
1765069840.9215767,2.0
1765069840.9316974,2.0
1765069840.9417462,2.0
1765069840.951914,2.0
1765069840.9619555,2.0
1765069840.9719968,2.0
1765069840.9821203,2.0
1765069840.9921591,2.0
1765069841.0022328,2.0
1765069841.0122936,2.0
1765069841.0223503,2.0
1765069841.0323875,2.0
1765069841.0424602,2.0
1765069841.0525584,2.0
1765069841.0627387,2.0
1765069841.0727959,2.0
1765069841.082909,2.0
1765069841.0929654,2.0
1765069841.103101,2.0
1765069841.1131678,2.0
1765069841.1232092,2.0
1765069841.1334186,2.0
1765069841.1434743,2.0
1765069841.1535294,2.0
1765069841.1635716,2.0
1765069841.1736422,2.0
1765069841.183715,2.0
1765069841.1937497,2.0
1765069841.2038183,2.0
1765069841.213875,2.0
1765069841.2240376,2.0
1765069841.2342124,2.0
1765069841.2442667,2.0
1765069841.2543747,2.0
1765069841.2644231,2.0
1765069841.2744796,2.0
1765069841.2845232,2.0
1765069841.2945879,2.0
1765069841.3046398,2.0
1765069841.3146908,2.0
1765069841.3247876,2.0
1765069841.3348284,2.0
1765069841.3448856,2.0
1765069841.3549752,2.0
1765069841.3650467,2.0
1765069841.375116,2.0
1765069841.385238,2.0
1765069841.3952808,2.0
1765069841.405315,2.0
1765069841.415419,2.0
1765069841.4254756,2.0
1765069841.4356518,2.0
1765069841.4457448,2.0
1765069841.455796,2.0
1765069841.4658759,2.0
1765069841.4759033,2.0
1765069841.4859672,2.0
1765069841.4960716,2.0
1765069841.5061164,2.0
1765069841.5161712,2.0
1765069841.5262482,2.0
1765069841.5362844,2.0
1765069841.5463047,2.0
1765069841.5564482,2.0
1765069841.5666206,2.0
1765069841.5766973,2.0
1765069841.586751,2.0
1765069841.596808,2.0
1765069841.6069272,2.0
1765069841.616985,2.0
1765069841.6271393,2.0
1765069841.6372137,2.0
1765069841.6474483,2.0
1765069841.6574664,2.0
1765069841.6675313,2.0
1765069841.677614,2.0
1765069841.6878529,2.0
1765069841.6979287,2.0
1765069841.7079833,2.0
1765069841.7181938,2.0
1765069841.7283297,2.0
1765069841.7383823,2.0
1765069841.748458,2.0
1765069841.7585027,2.0
1765069841.7686682,2.0
1765069841.7787507,2.0
1765069841.7888024,2.0
1765069841.7988503,2.0
1765069841.8089893,2.0
1765069841.8190272,2.0
1765069841.8290887,2.0
1765069841.8391924,2.0
1765069841.8492262,2.0
1765069841.8600109,2.0
1765069841.8701818,2.0
1765069841.8804364,2.0
1765069841.8905065,2.0
1765069841.9006073,2.0
1765069841.910656,2.0
1765069841.9207108,2.0
1765069841.930878,2.0
1765069841.9409516,2.0
1765069841.9510255,2.0
1765069841.9612114,2.0
1765069841.9713783,2.0
1765069841.9814453,2.0
1765069841.9915435,2.0
1765069842.0016832,2.0
1765069842.0117388,2.0
1765069842.0217965,2.0
1765069842.031945,2.0
1765069842.0420027,2.0
1765069842.0520573,2.0
1765069842.0621085,2.0
1765069842.0721903,2.0
1765069842.08229,2.0
1765069842.0923376,2.0
1765069842.1024117,2.0
1765069842.1124759,2.0
1765069842.1225765,2.0
1765069842.132651,2.0
1765069842.142737,2.0
1765069842.1527805,2.0
1765069842.162827,2.0
1765069842.1729994,2.0
1765069842.1830363,2.0
1765069842.19317,2.0
1765069842.2032933,2.0
1765069842.2133582,2.0
1765069842.2234223,2.0
1765069842.2334838,2.0
1765069842.24357,2.0
1765069842.2536495,2.0
1765069842.2637055,2.0
1765069842.2738557,2.0
1765069842.2839038,2.0
1765069842.293979,2.0
1765069842.3040912,2.0
1765069842.314148,2.0
1765069842.3242705,2.0
1765069842.3343468,2.0
1765069842.3444724,2.0
1765069842.3545454,2.0
1765069842.3646133,2.0
1765069842.3747869,2.0
1765069842.3848853,2.0
1765069842.3949506,2.0
1765069842.4049923,2.0
1765069842.4151099,2.0
1765069842.425166,2.0
1765069842.4352124,2.0
1765069842.445297,2.0
1765069842.4554806,2.0
1765069842.4655192,2.0
1765069842.4755926,2.0
1765069842.4856386,2.0
1765069842.4957926,2.0
1765069842.5058267,2.0
1765069842.5159662,2.0
1765069842.5260923,2.0
1765069842.5361464,2.0
1765069842.5462556,2.0
1765069842.5563622,2.0
1765069842.5665276,2.0
1765069842.5765965,2.0
1765069842.586664,2.0
1765069842.596725,2.0
1765069842.606873,2.0
1765069842.6169202,2.0
1765069842.626968,2.0
1765069842.6370656,2.0
1765069842.6473107,2.0
1765069842.6573393,2.0
1765069842.6675284,2.0
1765069842.6775846,2.0
1765069842.687713,2.0
1765069842.6977475,2.0
1765069842.707804,2.0
1765069842.7178378,2.0
1765069842.7279074,2.0
1765069842.7380016,2.0
1765069842.7481368,2.0
1765069842.7583034,2.0
1765069842.7683458,2.0
1765069842.7784152,2.0
1765069842.7884629,2.0
1765069842.7985318,2.0
1765069842.808668,2.0
1765069842.8188019,2.0
1765069842.8288476,2.0
1765069842.8389115,2.0
1765069842.8489823,2.0
1765069842.8591409,2.0
1765069842.8700724,2.0
1765069842.880094,2.0
1765069842.8901498,2.0
1765069842.9002135,2.0
1765069842.9103158,2.0
1765069842.9203544,2.0
1765069842.9304283,2.0
1765069842.9405036,2.0
1765069842.9506235,2.0
1765069842.9607193,2.0
1765069842.9708164,2.0
1765069842.9808624,2.0
1765069842.991018,2.0
1765069843.0011582,2.0
1765069843.0112014,2.0
1765069843.0213687,2.0
1765069843.031474,2.0
1765069843.0417142,2.0
1765069843.0519247,2.0
1765069843.0620868,2.0
1765069843.0722008,2.0
1765069843.08232,2.0
1765069843.0923736,2.0
1765069843.1025045,2.0
1765069843.1126153,2.0
1765069843.1227424,2.0
1765069843.1328492,2.0
1765069843.1429913,2.0
1765069843.1531222,2.0
1765069843.1632097,2.0
1765069843.1734297,2.0
1765069843.1835723,2.0
1765069843.1936858,2.0
1765069843.2037954,2.0
1765069843.2138894,2.0
1765069843.2240343,2.0
1765069843.2341464,2.0
1765069843.2442572,2.0
1765069843.2543926,2.0
1765069843.2645104,2.0
1765069843.2746224,2.0
1765069843.284735,2.0
1765069843.2948198,2.0
1765069843.3049371,2.0
1765069843.3151298,2.0
1765069843.3252718,2.0
1765069843.3353755,2.0
1765069843.3454657,2.0
1765069843.3555741,2.0
1765069843.3657062,2.0
1765069843.375944,2.0
1765069843.3860435,2.0
1765069843.3961778,2.0
1765069843.4063032,2.0
1765069843.416524,2.0
1765069843.426656,2.0
1765069843.4368021,2.0
1765069843.4469106,2.0
1765069843.4570172,2.0
1765069843.4671354,2.0
1765069843.4772701,2.0
1765069843.4873767,2.0
1765069843.497528,2.0
1765069843.5077317,2.0
1765069843.5178418,2.0
1765069843.5279264,2.0
1765069843.5380654,2.0
1765069843.5481668,2.0
1765069843.558336,2.0
1765069843.568567,2.0
1765069843.578668,2.0
1765069843.5888128,2.0
1765069843.5989778,2.0
1765069843.6090858,2.0
1765069843.6192305,2.0
1765069843.6295083,2.0
1765069843.6396468,2.0
1765069843.6500099,2.0
1765069843.660087,2.0
1765069843.6702354,2.0
1765069843.6803806,2.0
1765069843.6905825,2.0
1765069843.7006943,2.0
1765069843.7108212,2.0
1765069843.7211218,2.0
1765069843.7312245,2.0
1765069843.7413704,2.0
1765069843.7516325,2.0
1765069843.7617505,2.0
1765069843.7718756,2.0
1765069843.781976,2.0
1765069843.7921493,2.0
1765069843.8022563,2.0
1765069843.8124135,2.0
1765069843.8225574,2.0
1765069843.8326557,2.0
1765069843.8428516,2.0
1765069843.8529627,2.0
1765069843.8642793,2.0
1765069843.874373,2.0
1765069843.8845298,2.0
1765069843.894613,2.0
1765069843.904708,2.0
1765069843.9147842,2.0
1765069843.9253073,2.0
1765069843.9354517,2.0
1765069843.945602,2.0
1765069843.9558291,2.0
1765069843.965894,2.0
1765069843.9759758,2.0
1765069843.986029,2.0
1765069843.9961002,2.0
1765069844.0061724,2.0
1765069844.0164602,2.0
1765069844.0265272,2.0
1765069844.0365894,2.0
1765069844.0466566,2.0
1765069844.0568285,2.0
1765069844.0669112,2.0
1765069844.0769982,2.0
1765069844.0870998,2.0
1765069844.09718,2.0
1765069844.1073117,2.0
1765069844.1174424,2.0
1765069844.127505,2.0
1765069844.1375813,2.0
1765069844.147796,2.0
1765069844.1578686,2.0
1765069844.1679342,2.0
1765069844.178037,2.0
1765069844.1881254,2.0
1765069844.1981993,2.0
1765069844.2082832,2.0
1765069844.2183568,2.0
1765069844.2285597,2.0
1765069844.2386441,2.0
1765069844.2487576,2.0
1765069844.2588372,2.0
1765069844.2689457,2.0
1765069844.27915,2.0
1765069844.289252,2.0
1765069844.2993388,2.0
1765069844.3094296,2.0
1765069844.3195136,2.0
1765069844.3296037,2.0
1765069844.339772,2.0
1765069844.3498409,2.0
1765069844.3598974,2.0
1765069844.3700154,2.0
1765069844.380188,2.0
1765069844.390353,2.0
1765069844.400418,2.0
1765069844.4104948,2.0
1765069844.420622,2.0
1765069844.430703,2.0
1765069844.4407785,2.0
1765069844.4508672,2.0
1765069844.46097,2.0
1765069844.4711862,2.0
1765069844.4812772,2.0
1765069844.491349,2.0
1765069844.5014193,2.0
1765069844.511501,2.0
1765069844.5215952,2.0
1765069844.531879,2.0
1765069844.541955,2.0
1765069844.55205,2.0
1765069844.5621538,2.0
1765069844.5722692,2.0
1765069844.58234,2.0
1765069844.5924206,2.0
1765069844.6025174,2.0
1765069844.6127195,2.0
1765069844.6227992,2.0
1765069844.632923,2.0
1765069844.6430109,2.0
1765069844.6531754,2.0
1765069844.66325,2.0
1765069844.673368,2.0
1765069844.683538,2.0
1765069844.6936207,2.0
1765069844.7037199,2.0
1765069844.713802,2.0
1765069844.7239738,2.0
1765069844.7341008,2.0
1765069844.744175,2.0
1765069844.7542698,2.0
1765069844.7643669,2.0
1765069844.774443,2.0
1765069844.78453,2.0
1765069844.7947218,2.0
1765069844.8047986,2.0
1765069844.8148866,2.0
1765069844.8249793,2.0
1765069844.8350613,2.0
1765069844.8452282,2.0
1765069844.8553348,2.0
1765069844.8666377,2.0
1765069844.876666,2.0
1765069844.8868449,2.0
1765069844.896896,2.0
1765069844.9069877,2.0
1765069844.9170601,2.0
1765069844.9271514,2.0
1765069844.9372592,2.0
1765069844.9473307,2.0
1765069844.9574108,2.0
1765069844.9675646,2.0
1765069844.977611,2.0
1765069844.9877667,2.0
1765069844.997829,2.0
1765069845.0079253,2.0
1765069845.0180042,2.0
1765069845.0280907,2.0
1765069845.0381737,2.0
1765069845.0484428,2.0
1765069845.0585322,2.0
1765069845.0686045,2.0
1765069845.0786812,2.0
1765069845.0887902,2.0
1765069845.098869,2.0
1765069845.1089365,2.0
1765069845.1190083,2.0
1765069845.1291687,2.0
1765069845.1392565,2.0
1765069845.1494496,2.0
1765069845.1596339,2.0
1765069845.169715,2.0
1765069845.1797836,2.0
1765069845.1898642,2.0
1765069845.200001,2.0
1765069845.2100515,2.0
1765069845.2201462,2.0
1765069845.2302547,2.0
1765069845.2403266,2.0
1765069845.25045,2.0
1765069845.2605247,2.0
1765069845.2706053,2.0
1765069845.2806737,2.0
1765069845.2907403,2.0
1765069845.3008924,2.0
1765069845.3109543,2.0
1765069845.3210545,2.0
1765069845.3311553,2.0
1765069845.3412402,2.0
1765069845.3514009,2.0
1765069845.3614712,2.0
1765069845.3716779,2.0
1765069845.3817732,2.0
1765069845.3918486,2.0
1765069845.4019465,2.0
1765069845.4120681,2.0
1765069845.4221318,2.0
1765069845.4322095,2.0
1765069845.4423037,2.0
1765069845.4523842,2.0
1765069845.462502,2.0
1765069845.4726138,2.0
1765069845.4826918,2.0
1765069845.492886,2.0
1765069845.5029778,2.0
1765069845.5130458,2.0
1765069845.5231106,2.0
1765069845.5331862,2.0
1765069845.5433402,2.0
1765069845.5534234,2.0
1765069845.5636134,2.0
1765069845.5737038,2.0
1765069845.583895,2.0
1765069845.5939958,2.0
1765069845.604074,2.0
1765069845.6142218,2.0
1765069845.6243892,2.0
1765069845.6344738,2.0
1765069845.6446214,2.0
1765069845.6547585,2.0
1765069845.6648142,2.0
1765069845.6748865,2.0
1765069845.6850595,2.0
1765069845.6951094,2.0
1765069845.7051847,2.0
1765069845.7153134,2.0
1765069845.7255828,2.0
1765069845.7356484,2.0
1765069845.7457364,2.0
1765069845.7558036,2.0
1765069845.7658916,2.0
1765069845.7760522,2.0
1765069845.7861454,2.0
1765069845.796227,2.0
1765069845.806458,2.0
1765069845.8165615,2.0
1765069845.8266253,2.0
1765069845.8367043,2.0
1765069845.846809,2.0
1765069845.8568668,2.0
1765069845.8680768,2.0
1765069845.87812,2.0
1765069845.888187,2.0
1765069845.8983207,2.0
1765069845.9083798,2.0
1765069845.918494,2.0
1765069845.9285698,2.0
1765069845.9386494,2.0
1765069845.948752,2.0
1765069845.9588325,2.0
1765069845.968949,2.0
1765069845.9792163,2.0
1765069845.9892995,2.0
1765069845.9994023,2.0
1765069846.0094984,2.0
1765069846.019597,2.0
1765069846.0296621,2.0
1765069846.0397422,2.0
1765069846.0498385,2.0
1765069846.0599015,2.0
1765069846.0699701,2.0
1765069846.0800722,2.0
1765069846.0901797,2.0
1765069846.1002216,2.0
1765069846.1105847,2.0
1765069846.1207387,2.0
1765069846.1309097,2.0
1765069846.1410627,2.0
1765069846.1511893,2.0
1765069846.1614304,2.0
1765069846.171574,2.0
1765069846.1817915,2.0
1765069846.1920147,2.0
1765069846.202166,2.0
1765069846.2123106,2.0
1765069846.2224708,2.0
1765069846.23266,2.0
1765069846.2429078,2.0
1765069846.2530413,2.0
1765069846.2631938,2.0
1765069846.2734425,2.0
1765069846.2835824,2.0
1765069846.293733,2.0
1765069846.3040023,2.0
1765069846.3141136,2.0
1765069846.3242486,2.0
1765069846.3344154,2.0
1765069846.3445609,2.0
1765069846.3546715,2.0
1765069846.364804,2.0
1765069846.3749087,2.0
1765069846.3850245,2.0
1765069846.3951514,2.0
1765069846.4052773,2.0
1765069846.4153922,2.0
1765069846.425519,2.0
1765069846.435727,2.0
1765069846.445817,2.0
1765069846.45596,2.0
1765069846.46608,2.0
1765069846.4762046,2.0
1765069846.4863725,2.0
1765069846.496584,2.0
1765069846.5067732,2.0
1765069846.5169067,2.0
1765069846.5271308,2.0
1765069846.5372732,2.0
1765069846.5473914,2.0
1765069846.5575202,2.0
1765069846.5676584,2.0
1765069846.5777957,2.0
1765069846.5879188,2.0
1765069846.598076,2.0
1765069846.6081734,2.0
1765069846.6182964,2.0
1765069846.6284254,2.0
1765069846.6385536,2.0
1765069846.6487849,2.0
1765069846.6588857,2.0
1765069846.66904,2.0
1765069846.6793442,2.0
1765069846.6895666,2.0
1765069846.6998918,2.0
1765069846.710007,2.0
1765069846.720169,2.0
1765069846.7303894,2.0
1765069846.740535,2.0
1765069846.750665,2.0
1765069846.7608845,2.0
1765069846.7710466,2.0
1765069846.7813,2.0
1765069846.7914562,2.0
1765069846.8017943,2.0
1765069846.812052,2.0
1765069846.822231,2.0
1765069846.8323536,2.0
1765069846.8425097,2.0
1765069846.8527107,2.0
1765069846.86375,2.0
1765069846.8739645,2.0
1765069846.8840947,2.0
1765069846.8942337,2.0
1765069846.9043999,2.0
1765069846.914547,2.0
1765069846.9247549,2.0
1765069846.934873,2.0
1765069846.9449813,2.0
1765069846.9550908,2.0
1765069846.9652255,2.0
1765069846.975363,2.0
1765069846.9855049,2.0
1765069846.995646,2.0
1765069847.0057955,2.0
1765069847.015939,2.0
1765069847.026149,2.0
1765069847.0362928,2.0
1765069847.0464404,2.0
1765069847.0565615,2.0
1765069847.0667365,2.0
1765069847.0768712,2.0
1765069847.0870526,2.0
1765069847.0971947,2.0
1765069847.1073298,2.0
1765069847.117479,2.0
1765069847.1276517,2.0
1765069847.1379611,2.0
1765069847.1481082,2.0
1765069847.158246,2.0
1765069847.168406,2.0
1765069847.1785634,2.0
1765069847.188702,2.0
1765069847.1988482,2.0
1765069847.208969,2.0
1765069847.2191057,2.0
1765069847.2292352,2.0
1765069847.2393796,2.0
1765069847.2495408,2.0
1765069847.259677,2.0
1765069847.2699037,2.0
1765069847.2800298,2.0
1765069847.2902732,2.0
1765069847.3004367,2.0
1765069847.3105898,2.0
1765069847.3208969,2.0
1765069847.3310351,2.0
1765069847.341175,2.0
1765069847.3513258,2.0
1765069847.3616717,2.0
1765069847.371827,2.0
1765069847.3821197,2.0
1765069847.392254,2.0
1765069847.4023805,2.0
1765069847.412691,2.0
1765069847.4228156,2.0
1765069847.4330125,2.0
1765069847.4431589,2.0
1765069847.4534612,2.0
1765069847.4636009,2.0
1765069847.473755,2.0
1765069847.4838948,2.0
1765069847.494079,2.0
1765069847.5041842,2.0
1765069847.5143309,2.0
1765069847.5244708,2.0
1765069847.5347247,2.0
1765069847.5448217,2.0
1765069847.5549486,2.0
1765069847.565048,2.0
1765069847.5751562,2.0
1765069847.5853927,2.0
1765069847.595855,2.0
1765069847.6061616,2.0
1765069847.616547,2.0
1765069847.6267042,2.0
1765069847.6371434,2.0
1765069847.647558,2.0
1765069847.6576843,2.0
1765069847.667865,2.0
1765069847.6780705,2.0
1765069847.6885097,2.0
1765069847.6986544,2.0
1765069847.7088518,2.0
1765069847.7190702,2.0
1765069847.7292347,2.0
1765069847.7394497,2.0
1765069847.7496407,2.0
1765069847.7598321,2.0
1765069847.7699869,2.0
1765069847.780226,2.0
1765069847.790431,2.0
1765069847.800635,2.0
1765069847.8109095,2.0
1765069847.82109,2.0
1765069847.8312845,2.0
1765069847.8414497,2.0
1765069847.8517728,2.0
1765069847.8632233,2.0
1765069847.8733697,2.0
1765069847.883551,2.0
1765069847.893735,2.0
1765069847.903934,2.0
1765069847.914109,2.0
1765069847.9242916,2.0
1765069847.9244924,0.0
