time,actuator,value
1738728075.9625907,Actuator(ptr=c_void_p(93963825573424)),89.0
1738728080.9818017,Actuator(ptr=c_void_p(93963825573424)),89.0
1738728085.9997792,Actuator(ptr=c_void_p(93963825573424)),89.0
1738728091.0179448,Actuator(ptr=c_void_p(93963825573424)),89.0
1738728096.036717,Actuator(ptr=c_void_p(93963825573424)),89.0
1738728101.0559509,Actuator(ptr=c_void_p(93963825573424)),89.0
1738728106.0751803,Actuator(ptr=c_void_p(93963825573424)),89.0
1738728111.0928671,Actuator(ptr=c_void_p(93963825573424)),89.0
1738728116.1113346,Actuator(ptr=c_void_p(93963825573424)),89.0
