time,value
1774898838.150466,2.0
1774898838.165224,3.0
1774898838.1798532,3.0
1774898838.1945827,3.0
1774898838.2091112,3.0
1774898838.223654,3.0
1774898838.2383125,3.0
1774898838.252859,3.0
1774898838.2673311,3.0
1774898838.281904,3.0
1774898838.2964404,3.0
1774898838.3109596,3.0
1774898838.3255227,3.0
1774898838.3400216,3.0
1774898838.3545086,3.0
1774898838.3689754,3.0
1774898838.3835497,3.0
1774898838.398025,3.0
1774898838.4127052,3.0
1774898838.4271603,3.0
1774898838.4416544,3.0
1774898838.4561203,3.0
1774898838.4706302,3.0
1774898838.4850993,3.0
1774898838.4996018,3.0
1774898838.5140681,3.0
1774898838.5285406,3.0
1774898838.5430114,3.0
1774898838.5576692,3.0
1774898838.5677314,2.0
1774898838.582182,3.0
1774898838.5966172,3.0
1774898838.611077,3.0
1774898838.625564,3.0
1774898838.6400483,3.0
1774898838.6545272,3.0
1774898838.6689737,3.0
1774898838.6834402,3.0
1774898838.6980438,3.0
1774898838.7125192,3.0
1774898838.7269902,3.0
1774898838.7373388,2.0
1774898838.7517998,3.0
1774898838.7662995,3.0
1774898838.7807295,3.0
1774898838.7952096,3.0
1774898838.8096778,3.0
1774898838.8241932,3.0
1774898838.8388262,3.0
1774898838.8490238,2.0
1774898838.859335,2.0
1774898838.869626,2.0
1774898838.8800392,2.0
1774898838.8906279,2.0
1774898838.901026,2.0
1774898838.9114401,2.0
1774898838.9218242,2.0
1774898838.9322398,2.0
1774898838.9426496,2.0
1774898838.9530168,2.0
1774898838.9633987,2.0
1774898838.973758,2.0
1774898838.984194,2.0
1774898838.9945724,2.0
1774898839.004956,2.0
1774898839.0153296,2.0
1774898839.0257983,2.0
1774898839.0361598,2.0
1774898839.0465765,2.0
1774898839.0569503,2.0
1774898839.067341,2.0
1774898839.0776856,2.0
1774898839.0893784,2.0
1774898839.1032858,1.0
1774898839.116335,1.0
1774898839.1265376,2.0
1774898839.1371243,2.0
1774898839.1475716,2.0
1774898839.1582727,2.0
1774898839.1687005,2.0
1774898839.1794047,2.0
1774898839.1900253,2.0
1774898839.2004588,2.0
1774898839.211129,2.0
1774898839.2216263,2.0
1774898839.2320619,2.0
1774898839.2427566,2.0
1774898839.2534652,2.0
1774898839.2638476,2.0
1774898839.274411,2.0
1774898839.2850564,2.0
1774898839.295647,2.0
1774898839.305998,2.0
1774898839.3166378,2.0
1774898839.3270335,2.0
1774898839.3374224,2.0
1774898839.3480077,2.0
1774898839.3584073,2.0
1774898839.368979,2.0
1774898839.3793635,2.0
1774898839.3898273,2.0
1774898839.4001675,2.0
1774898839.4108665,2.0
1774898839.4212954,2.0
1774898839.4316936,2.0
1774898839.4420867,2.0
1774898839.4525695,2.0
1774898839.4632254,2.0
1774898839.4736133,2.0
1774898839.4840126,2.0
1774898839.4945555,2.0
1774898839.5050795,2.0
1774898839.515699,2.0
1774898839.5261238,2.0
1774898839.5368345,2.0
1774898839.5474255,2.0
1774898839.5579453,2.0
1774898839.5683699,2.0
1774898839.5787516,2.0
1774898839.5893722,2.0
1774898839.5997763,2.0
1774898839.6101112,2.0
1774898839.6205645,2.0
1774898839.631268,2.0
1774898839.6416142,2.0
1774898839.6520627,2.0
1774898839.6625166,2.0
1774898839.6729562,2.0
1774898839.683406,2.0
1774898839.6938913,2.0
1774898839.7043111,2.0
1774898839.714911,2.0
1774898839.7253375,2.0
1774898839.735929,2.0
1774898839.746342,2.0
1774898839.7567143,2.0
1774898839.7671835,2.0
1774898839.7776172,2.0
1774898839.7880392,2.0
1774898839.798409,2.0
1774898839.8088043,2.0
1774898839.8191636,2.0
1774898839.8299043,2.0
1774898839.8402765,2.0
1774898839.8509145,2.0
1774898839.8613732,2.0
1774898839.871774,2.0
1774898839.8821676,2.0
1774898839.8926277,2.0
1774898839.9031262,2.0
1774898839.9137602,2.0
1774898839.9241712,2.0
1774898839.9346373,2.0
1774898839.945044,2.0
1774898839.9555056,2.0
1774898839.9662335,2.0
1774898839.9766607,2.0
1774898839.9871664,2.0
1774898839.9975893,2.0
1774898840.0079672,2.0
1774898840.018613,2.0
1774898840.0290186,2.0
1774898840.039605,2.0
1774898840.050012,2.0
1774898840.0606208,2.0
1774898840.0710185,2.0
1774898840.0815818,2.0
1774898840.0930035,2.0
1774898840.107719,1.0
1774898840.1208375,1.0
1774898840.1310406,2.0
1774898840.1413896,2.0
1774898840.1517932,2.0
1774898840.1623557,2.0
1774898840.1727242,2.0
1774898840.1831262,2.0
1774898840.1935153,2.0
1774898840.2038958,2.0
1774898840.2144582,2.0
1774898840.2247746,2.0
1774898840.235153,2.0
1774898840.2456892,2.0
1774898840.2561147,2.0
1774898840.2665372,2.0
1774898840.2769167,2.0
1774898840.287438,2.0
1774898840.297828,2.0
1774898840.308287,2.0
1774898840.3188252,2.0
1774898840.3294094,2.0
1774898840.3398523,2.0
1774898840.3502388,2.0
1774898840.360657,2.0
1774898840.3710375,2.0
1774898840.3815696,2.0
1774898840.3919306,2.0
1774898840.4023206,2.0
1774898840.4127975,2.0
1774898840.4232361,2.0
1774898840.4336863,2.0
1774898840.44409,2.0
1774898840.454484,2.0
1774898840.4649253,2.0
1774898840.4752913,2.0
1774898840.4857213,2.0
1774898840.4960504,2.0
1774898840.5064933,2.0
1774898840.5169072,2.0
1774898840.5273042,2.0
1774898840.5377684,2.0
1774898840.5481596,2.0
1774898840.5584857,2.0
1774898840.5688968,2.0
1774898840.5793247,2.0
1774898840.5899029,2.0
1774898840.600327,2.0
1774898840.610734,2.0
1774898840.62123,2.0
1774898840.6316261,2.0
1774898840.642035,2.0
1774898840.652401,2.0
1774898840.6628337,2.0
1774898840.6732147,2.0
1774898840.6836922,2.0
1774898840.6940897,2.0
1774898840.7044783,2.0
1774898840.7148838,2.0
1774898840.7252831,2.0
1774898840.7356715,2.0
1774898840.7460575,2.0
1774898840.7568686,2.0
1774898840.76737,2.0
1774898840.777774,2.0
1774898840.7882798,2.0
1774898840.7988315,2.0
1774898840.8091948,2.0
1774898840.8196409,2.0
1774898840.8301458,2.0
1774898840.84055,2.0
1774898840.8509243,2.0
1774898840.861314,2.0
1774898840.871698,2.0
1774898840.8820763,2.0
1774898840.8924649,2.0
1774898840.9028547,2.0
1774898840.913313,2.0
1774898840.9237413,2.0
1774898840.9341996,2.0
1774898840.944566,2.0
1774898840.9549024,2.0
1774898840.9652297,2.0
1774898840.9755893,2.0
1774898840.9859085,2.0
1774898840.9962397,2.0
1774898841.0067625,2.0
1774898841.017144,2.0
1774898841.0276434,2.0
1774898841.0379972,2.0
1774898841.0484388,2.0
1774898841.0587707,2.0
1774898841.0691352,2.0
1774898841.0796745,2.0
1774898841.0911856,2.0
1774898841.111174,2.0
1774898841.1241453,1.0
1774898841.1343424,2.0
1774898841.1446702,2.0
1774898841.155085,2.0
1774898841.1655095,2.0
1774898841.176074,2.0
1774898841.1864574,2.0
1774898841.1969507,2.0
1774898841.2072568,2.0
1774898841.2179537,2.0
1774898841.2282598,2.0
1774898841.2388337,2.0
1774898841.2495682,2.0
1774898841.259927,2.0
1774898841.2703562,2.0
1774898841.2807908,2.0
1774898841.2911396,2.0
1774898841.3015137,2.0
1774898841.3119202,2.0
1774898841.3223836,2.0
1774898841.3329988,2.0
1774898841.343467,2.0
1774898841.3539972,2.0
1774898841.3643801,2.0
1774898841.3749957,2.0
1774898841.3853414,2.0
1774898841.3956683,2.0
1774898841.4059982,2.0
1774898841.4164412,2.0
1774898841.4269311,2.0
1774898841.4372714,2.0
1774898841.4475882,2.0
1774898841.4579227,2.0
1774898841.4684203,2.0
1774898841.4787598,2.0
1774898841.4893095,2.0
1774898841.4996264,2.0
1774898841.5100167,2.0
1774898841.5204499,2.0
1774898841.5309541,2.0
1774898841.5413022,2.0
1774898841.5517297,2.0
1774898841.5620599,2.0
1774898841.5723774,2.0
1774898841.5827067,2.0
1774898841.5931091,2.0
1774898841.6036463,2.0
1774898841.6139994,2.0
1774898841.6243715,2.0
1774898841.6346807,2.0
1774898841.6452675,2.0
1774898841.6557891,2.0
1774898841.6664023,2.0
1774898841.6768029,2.0
1774898841.6873426,2.0
1774898841.6976566,2.0
1774898841.7080657,2.0
1774898841.7186196,2.0
1774898841.7289464,2.0
1774898841.7394578,2.0
1774898841.750042,2.0
1774898841.7603796,2.0
1774898841.7707932,2.0
1774898841.781099,2.0
1774898841.7914836,2.0
1774898841.8020587,2.0
1774898841.8124166,2.0
1774898841.8229978,2.0
1774898841.833563,2.0
1774898841.8440952,2.0
1774898841.854423,2.0
1774898841.8647525,2.0
1774898841.8753374,2.0
1774898841.885655,2.0
1774898841.895973,2.0
1774898841.9063752,2.0
1774898841.9167206,2.0
1774898841.9271965,2.0
1774898841.9375415,2.0
1774898841.9479496,2.0
1774898841.9583623,2.0
1774898841.9687748,2.0
1774898841.9793067,2.0
1774898841.9897878,2.0
1774898842.0001228,2.0
1774898842.0106783,2.0
1774898842.0210485,2.0
1774898842.031636,2.0
1774898842.0420103,2.0
1774898842.0525143,2.0
1774898842.0628793,2.0
1774898842.0734105,2.0
1774898842.083741,2.0
1774898842.095567,2.0
1774898842.1076045,2.0
1774898842.1182477,2.0
1774898842.1285846,2.0
1774898842.1391947,2.0
1774898842.1495585,2.0
1774898842.160122,2.0
1774898842.1704586,2.0
1774898842.1810844,2.0
1774898842.1915905,2.0
1774898842.201932,2.0
1774898842.2127209,2.0
1774898842.2230427,2.0
1774898842.2335646,2.0
1774898842.2440615,2.0
1774898842.2545238,2.0
1774898842.2648404,2.0
1774898842.2752147,2.0
1774898842.2859132,2.0
1774898842.296288,2.0
1774898842.3066356,2.0
1774898842.31699,2.0
1774898842.3274546,2.0
1774898842.3378048,2.0
1774898842.348184,2.0
1774898842.3587217,2.0
1774898842.3691874,2.0
1774898842.379552,2.0
1774898842.3899455,2.0
1774898842.400435,2.0
1774898842.4107378,2.0
1774898842.421118,2.0
1774898842.431687,2.0
1774898842.442016,2.0
1774898842.452374,2.0
1774898842.462806,2.0
1774898842.4731836,2.0
1774898842.483705,2.0
1774898842.4940615,2.0
1774898842.5046763,2.0
1774898842.5150847,2.0
1774898842.5254266,2.0
1774898842.535862,2.0
1774898842.5462482,2.0
1774898842.5565772,2.0
1774898842.5672,2.0
1774898842.5775552,2.0
1774898842.5879219,2.0
1774898842.5982904,2.0
1774898842.6087952,2.0
1774898842.6192322,2.0
1774898842.6298268,2.0
1774898842.6401463,2.0
1774898842.6505175,2.0
1774898842.6608508,2.0
1774898842.671161,2.0
1774898842.6817667,2.0
1774898842.6922188,2.0
1774898842.7027593,2.0
1774898842.7130883,2.0
1774898842.7235785,2.0
1774898842.7339158,2.0
1774898842.7442973,2.0
1774898842.7546325,2.0
1774898842.7650535,2.0
1774898842.7756047,2.0
1774898842.7859316,2.0
1774898842.7964864,2.0
1774898842.806842,2.0
1774898842.8171778,2.0
1774898842.8281481,2.0
1774898842.8384373,2.0
1774898842.8487988,2.0
1774898842.859201,2.0
1774898842.8695579,2.0
1774898842.8800313,2.0
1774898842.8906245,2.0
1774898842.900987,2.0
1774898842.9114375,2.0
1774898842.9219415,2.0
1774898842.9322927,2.0
1774898842.942717,2.0
1774898842.9532955,2.0
1774898842.9636288,2.0
1774898842.9739804,2.0
1774898842.9843507,2.0
1774898842.9947324,2.0
1774898843.0050535,2.0
1774898843.0153792,2.0
1774898843.0256753,2.0
1774898843.0360384,2.0
1774898843.0464468,2.0
1774898843.0567796,2.0
1774898843.067156,2.0
1774898843.0775611,2.0
1774898843.0881436,2.0
1774898843.0992317,2.0
1774898843.1106422,2.0
1774898843.1210995,2.0
1774898843.1314428,2.0
1774898843.1417966,2.0
1774898843.152217,2.0
1774898843.1625369,2.0
1774898843.17292,2.0
1774898843.1832297,2.0
1774898843.1935475,2.0
1774898843.2039485,2.0
1774898843.2146676,2.0
1774898843.2250037,2.0
1774898843.2354465,2.0
1774898843.246193,2.0
1774898843.2565832,2.0
1774898843.2669165,2.0
1774898843.2773714,2.0
1774898843.2878664,2.0
1774898843.2982137,2.0
1774898843.308766,2.0
1774898843.3191738,2.0
1774898843.329595,2.0
1774898843.3399048,2.0
1774898843.35025,2.0
1774898843.3605988,2.0
1774898843.3710997,2.0
1774898843.381453,2.0
1774898843.3917644,2.0
1774898843.4021025,2.0
1774898843.4124532,2.0
1774898843.4227958,2.0
1774898843.4331264,2.0
1774898843.443483,2.0
1774898843.453821,2.0
1774898843.464208,2.0
1774898843.4747405,2.0
1774898843.4922385,2.0
1774898843.5024328,2.0
1774898843.5128133,2.0
1774898843.5231793,2.0
1774898843.5335248,2.0
1774898843.543856,2.0
1774898843.5542161,2.0
1774898843.5645947,2.0
1774898843.574914,2.0
1774898843.5853188,2.0
1774898843.5956426,2.0
1774898843.6061628,2.0
1774898843.6165307,2.0
1774898843.6268723,2.0
1774898843.6373148,2.0
1774898843.647676,2.0
1774898843.6580155,2.0
1774898843.6684384,2.0
1774898843.678931,2.0
1774898843.6893451,2.0
1774898843.69973,2.0
1774898843.7100677,2.0
1774898843.7203696,2.0
1774898843.7307234,2.0
1774898843.741797,2.0
1774898843.7597046,2.0
1774898843.7720034,2.0
1774898843.7822707,2.0
1774898843.792625,2.0
1774898843.8029878,2.0
1774898843.8133483,2.0
1774898843.8237116,2.0
1774898843.834119,2.0
1774898843.844423,2.0
1774898843.8548133,2.0
1774898843.865165,2.0
1774898843.8755617,2.0
1774898843.8859203,2.0
1774898843.8962598,2.0
1774898843.9067898,2.0
1774898843.9171593,2.0
1774898843.9274898,2.0
1774898843.9378312,2.0
1774898843.9481804,2.0
1774898843.958625,2.0
1774898843.9689765,2.0
1774898843.9793687,2.0
1774898843.9896872,2.0
1774898844.0001855,2.0
1774898844.010732,2.0
1774898844.021107,2.0
1774898844.0314398,2.0
1774898844.0418038,2.0
1774898844.0521924,2.0
1774898844.0625498,2.0
1774898844.073183,2.0
1774898844.0835316,2.0
1774898844.0945652,2.0
1774898844.1059616,2.0
1774898844.1163528,2.0
1774898844.1267295,2.0
1774898844.1370873,2.0
1774898844.1474974,2.0
1774898844.1578283,2.0
1774898844.1681917,2.0
1774898844.1785214,2.0
1774898844.1890213,2.0
1774898844.1994166,2.0
1774898844.209837,2.0
1774898844.2202141,2.0
1774898844.230558,2.0
1774898844.2414281,2.0
1774898844.2520046,2.0
1774898844.2623549,2.0
1774898844.2727377,2.0
1774898844.2831914,2.0
1774898844.2935548,2.0
1774898844.3038967,2.0
1774898844.3142679,2.0
1774898844.3248363,2.0
1774898844.3351965,2.0
1774898844.3455858,2.0
1774898844.3558989,2.0
1774898844.3663828,2.0
1774898844.376752,2.0
1774898844.3872135,2.0
1774898844.3976283,2.0
1774898844.408115,2.0
1774898844.4184895,2.0
1774898844.4290283,2.0
1774898844.439403,2.0
1774898844.449722,2.0
1774898844.46007,2.0
1774898844.470441,2.0
1774898844.4809432,2.0
1774898844.4913201,2.0
1774898844.5016985,2.0
1774898844.5120463,2.0
1774898844.5225677,2.0
1774898844.532901,2.0
1774898844.5432894,2.0
1774898844.5536304,2.0
1774898844.5640917,2.0
1774898844.5745323,2.0
1774898844.584884,2.0
1774898844.5952313,2.0
1774898844.6058192,2.0
1774898844.6163085,2.0
1774898844.6266353,2.0
1774898844.637184,2.0
1774898844.6475372,2.0
1774898844.6579032,2.0
1774898844.6682177,2.0
1774898844.6785436,2.0
1774898844.6888912,2.0
1774898844.6992137,2.0
1774898844.7097561,2.0
1774898844.7200947,2.0
1774898844.7304385,2.0
1774898844.740763,2.0
1774898844.7511206,2.0
1774898844.761744,2.0
1774898844.7723312,2.0
1774898844.7826378,2.0
1774898844.7930043,2.0
1774898844.8033988,2.0
1774898844.8137913,2.0
1774898844.8243692,2.0
1774898844.8348658,2.0
1774898844.8452163,2.0
1774898844.8556175,2.0
1774898844.866078,2.0
1774898844.8767319,2.0
1774898844.8870676,2.0
1774898844.8974335,2.0
1774898844.9079266,2.0
1774898844.918319,2.0
1774898844.928687,2.0
1774898844.9390507,2.0
1774898844.9494517,2.0
1774898844.9599202,2.0
1774898844.9703424,2.0
1774898844.980751,2.0
1774898844.9912822,2.0
1774898845.0016346,2.0
1774898845.0120122,2.0
1774898845.0224226,2.0
1774898845.0328069,2.0
1774898845.043183,2.0
1774898845.0535588,2.0
1774898845.063921,2.0
1774898845.0743258,2.0
1774898845.0860465,2.0
1774898845.0964165,2.0
1774898845.1075456,2.0
1774898845.1179566,2.0
1774898845.128338,2.0
1774898845.1387527,2.0
1774898845.1491575,2.0
1774898845.159502,2.0
1774898845.1698973,2.0
1774898845.1803432,2.0
1774898845.1906924,2.0
1774898845.2011926,2.0
1774898845.2117603,2.0
1774898845.2222917,2.0
1774898845.232758,2.0
1774898845.2435045,2.0
1774898845.2540221,2.0
1774898845.2647305,2.0
1774898845.2752094,2.0
1774898845.2858007,2.0
1774898845.2963145,2.0
1774898845.3067527,2.0
1774898845.3172317,2.0
1774898845.3278577,2.0
1774898845.3383334,2.0
1774898845.3488214,2.0
1774898845.359384,2.0
1774898845.3698366,2.0
1774898845.3804636,2.0
1774898845.3909483,2.0
1774898845.4014263,2.0
1774898845.4118938,2.0
1774898845.4224658,2.0
1774898845.4330065,2.0
1774898845.4434545,2.0
1774898845.4539123,2.0
1774898845.4644334,2.0
1774898845.474894,2.0
1774898845.4853768,2.0
1774898845.495961,2.0
1774898845.5064244,2.0
1774898845.5168962,2.0
1774898845.5272377,2.0
1774898845.5375907,2.0
1774898845.5479596,2.0
1774898845.5582807,2.0
1774898845.5689242,2.0
1774898845.5792396,2.0
1774898845.5897763,2.0
1774898845.6002655,2.0
1774898845.6106796,2.0
1774898845.6209872,2.0
1774898845.6313062,2.0
1774898845.641615,2.0
1774898845.652203,2.0
1774898845.66251,2.0
1774898845.6728654,2.0
1774898845.683192,2.0
1774898845.6936102,2.0
1774898845.7039027,2.0
1774898845.7142644,2.0
1774898845.724729,2.0
1774898845.7350383,2.0
1774898845.7453961,2.0
1774898845.7558622,2.0
1774898845.7661898,2.0
1774898845.7765782,2.0
1774898845.787046,2.0
1774898845.7973635,2.0
1774898845.807677,2.0
1774898845.8179915,2.0
1774898845.8284338,2.0
1774898845.838856,2.0
1774898845.8491776,2.0
1774898845.859578,2.0
1774898845.8698633,2.0
1774898845.880305,2.0
1774898845.8906596,2.0
1774898845.9010477,2.0
1774898845.9113858,2.0
1774898845.9217145,2.0
1774898845.932121,2.0
1774898845.942474,2.0
1774898845.9528008,2.0
1774898845.963156,2.0
1774898845.9734988,2.0
1774898845.9839737,2.0
1774898845.9943192,2.0
1774898846.0047114,2.0
1774898846.0150697,2.0
1774898846.0254307,2.0
1774898846.0359356,2.0
1774898846.046288,2.0
1774898846.0566258,2.0
1774898846.0669532,2.0
1774898846.0772533,2.0
1774898846.0886116,2.0
1774898846.099189,2.0
1774898846.1135926,1.0
1774898846.1260912,1.0
1774898846.1361496,2.0
1774898846.1465886,2.0
1774898846.1569588,2.0
1774898846.1673098,2.0
1774898846.177617,2.0
1774898846.1879385,2.0
1774898846.19828,2.0
1774898846.2088878,2.0
1774898846.2192395,2.0
1774898846.229712,2.0
1774898846.2400994,2.0
1774898846.2506123,2.0
1774898846.2610786,2.0
1774898846.271391,2.0
1774898846.2818637,2.0
1774898846.2923148,2.0
1774898846.3026114,2.0
1774898846.3130488,2.0
1774898846.32356,2.0
1774898846.3338675,2.0
1774898846.3441586,2.0
1774898846.354579,2.0
1774898846.3648715,2.0
1774898846.3752782,2.0
1774898846.3855674,2.0
1774898846.3958845,2.0
1774898846.4062169,2.0
1774898846.416563,2.0
1774898846.4270186,2.0
1774898846.437322,2.0
1774898846.4476373,2.0
1774898846.4580789,2.0
1774898846.4684205,2.0
1774898846.4787848,2.0
1774898846.4891126,2.0
1774898846.4994657,2.0
1774898846.5098062,2.0
1774898846.5201514,2.0
1774898846.5304956,2.0
1774898846.540956,2.0
1774898846.5513055,2.0
1774898846.5616367,2.0
1774898846.5720787,2.0
1774898846.5824146,2.0
1774898846.592763,2.0
1774898846.6030715,2.0
1774898846.6134222,2.0
1774898846.6238797,2.0
1774898846.6341748,2.0
1774898846.6444905,2.0
1774898846.6550581,2.0
1774898846.6653564,2.0
1774898846.6756983,2.0
1774898846.686256,2.0
1774898846.6965914,2.0
1774898846.7071657,2.0
1774898846.7176645,2.0
1774898846.7280965,2.0
1774898846.7385871,2.0
1774898846.7492588,2.0
1774898846.7596936,2.0
1774898846.7701242,2.0
1774898846.7805743,2.0
1774898846.7910979,2.0
1774898846.802345,2.0
1774898846.8127398,2.0
1774898846.8232691,2.0
1774898846.833686,2.0
1774898846.8441217,2.0
1774898846.8546598,2.0
1774898846.865062,2.0
1774898846.8754864,2.0
1774898846.8859303,2.0
1774898846.896393,2.0
1774898846.906959,2.0
1774898846.917443,2.0
1774898846.928196,2.0
1774898846.9387288,2.0
1774898846.9492927,2.0
1774898846.959771,2.0
1774898846.9702494,2.0
1774898846.9807675,2.0
1774898846.9913166,2.0
1774898847.0018332,2.0
1774898847.0123603,2.0
1774898847.0228684,2.0
1774898847.0333602,2.0
1774898847.043867,2.0
1774898847.0543683,2.0
1774898847.0648732,2.0
1774898847.0754325,2.0
1774898847.0859005,2.0
1774898847.0980098,2.0
1774898847.108443,2.0
1774898847.1189618,2.0
1774898847.1294737,2.0
1774898847.1399615,2.0
1774898847.1504855,2.0
1774898847.1610107,2.0
1774898847.1715155,2.0
1774898847.1820915,2.0
1774898847.1926033,2.0
1774898847.2031007,2.0
1774898847.2138948,2.0
1774898847.2243402,2.0
1774898847.2349072,2.0
1774898847.2456682,2.0
1774898847.2562685,2.0
1774898847.2667756,2.0
1774898847.2772908,2.0
1774898847.2881033,2.0
1774898847.298599,2.0
1774898847.309134,2.0
1774898847.3195708,2.0
1774898847.3302004,2.0
1774898847.3406568,2.0
1774898847.3513012,2.0
1774898847.3618011,2.0
1774898847.3723578,2.0
1774898847.3828692,2.0
1774898847.3934174,2.0
1774898847.403915,2.0
1774898847.4145536,2.0
1774898847.4250357,2.0
1774898847.4355736,2.0
1774898847.4460971,2.0
1774898847.4566138,2.0
1774898847.4671266,2.0
1774898847.4776423,2.0
1774898847.4881504,2.0
1774898847.498681,2.0
1774898847.5092022,2.0
1774898847.5196893,2.0
1774898847.5302072,2.0
1774898847.5407236,2.0
1774898847.551274,2.0
1774898847.561802,2.0
1774898847.5723312,2.0
1774898847.582861,2.0
1774898847.5934482,2.0
1774898847.603959,2.0
1774898847.6144419,2.0
1774898847.6249409,2.0
1774898847.6354935,2.0
1774898847.6459978,2.0
1774898847.6565049,2.0
1774898847.6670198,2.0
1774898847.6775568,2.0
1774898847.6880586,2.0
1774898847.698582,2.0
1774898847.7090697,2.0
1774898847.7196627,2.0
1774898847.7301402,2.0
1774898847.7406921,2.0
1774898847.751227,2.0
1774898847.761703,2.0
1774898847.772229,2.0
1774898847.7827754,2.0
1774898847.7932582,2.0
1774898847.8037245,2.0
1774898847.8143082,2.0
1774898847.8251772,2.0
1774898847.8355758,2.0
1774898847.8460755,2.0
1774898847.8566332,2.0
1774898847.867133,2.0
1774898847.8776698,2.0
1774898847.8882163,2.0
1774898847.8987525,2.0
1774898847.9092696,2.0
1774898847.9198253,2.0
1774898847.9303212,2.0
1774898847.9408667,2.0
1774898847.9514375,2.0
1774898847.9619367,2.0
1774898847.9724429,2.0
1774898847.9829614,2.0
1774898847.9934838,2.0
1774898848.0039835,2.0
1774898848.0145288,2.0
1774898848.025064,2.0
1774898848.0355718,2.0
1774898848.0460746,2.0
1774898848.0565825,2.0
1774898848.06723,2.0
1774898848.0777395,2.0
1774898848.0890665,2.0
1774898848.099748,2.0
1774898848.1103015,2.0
1774898848.1251428,1.0
1774898848.1383429,1.0
1774898848.148606,2.0
1774898848.1591625,2.0
1774898848.169703,2.0
1774898848.1803026,2.0
1774898848.1908941,2.0
1774898848.201465,2.0
1774898848.2122037,2.0
1774898848.2226765,2.0
1774898848.2332282,2.0
1774898848.243809,2.0
1774898848.2544677,2.0
1774898848.2650383,2.0
1774898848.2755642,2.0
1774898848.286268,2.0
1774898848.296754,2.0
1774898848.3073766,2.0
1774898848.3179407,2.0
1774898848.328671,2.0
1774898848.3391905,2.0
1774898848.3498054,2.0
1774898848.3601885,2.0
1774898848.3707807,2.0
1774898848.381325,2.0
1774898848.3918884,2.0
1774898848.4024086,2.0
1774898848.4131439,2.0
1774898848.4236789,2.0
1774898848.434194,2.0
1774898848.4446828,2.0
1774898848.455213,2.0
1774898848.4657795,2.0
1774898848.4763443,2.0
1774898848.4869025,2.0
1774898848.4974627,2.0
1774898848.50807,2.0
1774898848.5185719,2.0
1774898848.529144,2.0
1774898848.5397692,2.0
1774898848.550267,2.0
1774898848.5607986,2.0
1774898848.5714033,2.0
1774898848.5820127,2.0
1774898848.5926905,2.0
1774898848.6034005,2.0
1774898848.613849,2.0
1774898848.624359,2.0
1774898848.6350138,2.0
1774898848.6455555,2.0
1774898848.6560373,2.0
1774898848.6665585,2.0
1774898848.6770165,2.0
1774898848.687514,2.0
1774898848.6980162,2.0
1774898848.7085464,2.0
1774898848.7189958,2.0
1774898848.7294712,2.0
1774898848.7400038,2.0
1774898848.7505379,2.0
1774898848.7610044,2.0
1774898848.771655,2.0
1774898848.7822864,2.0
1774898848.7927465,2.0
1774898848.803456,2.0
1774898848.813989,2.0
1774898848.8246686,2.0
1774898848.83523,2.0
1774898848.8457956,2.0
1774898848.8563147,2.0
1774898848.8669403,2.0
1774898848.8773186,2.0
1774898848.8877056,2.0
1774898848.8981974,2.0
1774898848.9086058,2.0
1774898848.9190116,2.0
1774898848.9293919,2.0
1774898848.9398444,2.0
1774898848.9502962,2.0
1774898848.960699,2.0
1774898848.9717343,2.0
1774898848.982096,2.0
1774898848.9924936,2.0
1774898849.0029118,2.0
1774898849.0133069,2.0
1774898849.023853,2.0
1774898849.0342145,2.0
1774898849.044612,2.0
1774898849.0550377,2.0
1774898849.065464,2.0
1774898849.0759592,2.0
1774898849.0877268,2.0
1774898849.0981338,2.0
1774898849.108781,2.0
1774898849.1191883,2.0
1774898849.129621,2.0
1774898849.1400428,2.0
1774898849.1504638,2.0
1774898849.1608896,2.0
1774898849.1713707,2.0
1774898849.1818051,2.0
1774898849.192512,2.0
1774898849.203043,2.0
1774898849.2137442,2.0
1774898849.2241106,2.0
1774898849.2345526,2.0
1774898849.245101,2.0
1774898849.2555592,2.0
1774898849.2661362,2.0
1774898849.276747,2.0
1774898849.28738,2.0
1774898849.2977626,2.0
1774898849.308163,2.0
1774898849.3185883,2.0
1774898849.3290768,2.0
1774898849.3395674,2.0
1774898849.3499699,2.0
1774898849.3603795,2.0
1774898849.3707652,2.0
1774898849.3812044,2.0
1774898849.3916068,2.0
1774898849.402098,2.0
1774898849.4126265,2.0
1774898849.423029,2.0
1774898849.4334278,2.0
1774898849.4438426,2.0
1774898849.4542904,2.0
1774898849.4646883,2.0
1774898849.4750757,2.0
1774898849.4857078,2.0
1774898849.4961178,2.0
1774898849.5068262,2.0
1774898849.5173573,2.0
1774898849.5278006,2.0
1774898849.5383112,2.0
1774898849.548908,2.0
1774898849.5594256,2.0
1774898849.5699456,2.0
1774898849.5804603,2.0
1774898849.5909486,2.0
1774898849.6014736,2.0
1774898849.6121466,2.0
1774898849.622648,2.0
1774898849.6331363,2.0
1774898849.6436508,2.0
1774898849.654168,2.0
1774898849.6647089,2.0
1774898849.6752608,2.0
1774898849.6857681,2.0
1774898849.6963792,2.0
1774898849.706902,2.0
1774898849.7174246,2.0
1774898849.7277813,2.0
1774898849.738366,2.0
1774898849.7488205,2.0
1774898849.7593453,2.0
1774898849.7698424,2.0
1774898849.780327,2.0
1774898849.7908347,2.0
1774898849.8013651,2.0
1774898849.8118658,2.0
1774898849.8224492,2.0
1774898849.8329937,2.0
1774898849.8435037,2.0
1774898849.8540184,2.0
1774898849.8645117,2.0
1774898849.8750932,2.0
1774898849.8856192,2.0
1774898849.896138,2.0
1774898849.906635,2.0
1774898849.9171507,2.0
1774898849.9278636,2.0
1774898849.9383702,2.0
1774898849.948895,2.0
1774898849.959392,2.0
1774898849.9698868,2.0
1774898849.980361,2.0
1774898849.9908524,2.0
1774898850.0013378,2.0
1774898850.0118356,2.0
1774898850.022521,2.0
1774898850.0331302,2.0
1774898850.0436866,2.0
1774898850.0542328,2.0
1774898850.0647078,2.0
1774898850.0751626,2.0
1774898850.0856457,2.0
1774898850.0972767,2.0
1774898850.1076658,2.0
1774898850.127429,2.0
1774898850.1399908,1.0
1774898850.1502526,2.0
1774898850.1608126,2.0
1774898850.1712992,2.0
1774898850.181881,2.0
1774898850.1923726,2.0
1774898850.2029665,2.0
1774898850.2140455,2.0
1774898850.2244565,2.0
1774898850.234977,2.0
1774898850.2455275,2.0
1774898850.256258,2.0
1774898850.266879,2.0
1774898850.2774093,2.0
1774898850.2881837,2.0
1774898850.2986417,2.0
1774898850.3092124,2.0
1774898850.3197036,2.0
1774898850.3304455,2.0
1774898850.3409777,2.0
1774898850.3514657,2.0
1774898850.3619666,2.0
1774898850.3724391,2.0
1774898850.383013,2.0
1774898850.393513,2.0
1774898850.4041405,2.0
1774898850.4147537,2.0
1774898850.4251993,2.0
1774898850.4357793,2.0
1774898850.446261,2.0
1774898850.456801,2.0
1774898850.4672904,2.0
1774898850.4777796,2.0
1774898850.4884124,2.0
1774898850.4988673,2.0
1774898850.509407,2.0
1774898850.5199316,2.0
1774898850.5304294,2.0
1774898850.5409372,2.0
1774898850.5514219,2.0
1774898850.5619783,2.0
1774898850.5724528,2.0
1774898850.5829315,2.0
1774898850.5934741,2.0
1774898850.6039436,2.0
1774898850.6144533,2.0
1774898850.6248665,2.0
1774898850.6353357,2.0
1774898850.6458268,2.0
1774898850.6563895,2.0
1774898850.6668587,2.0
1774898850.6773376,2.0
1774898850.6878872,2.0
1774898850.6984143,2.0
1774898850.708902,2.0
1774898850.7194157,2.0
1774898850.7298796,2.0
1774898850.7403753,2.0
1774898850.750964,2.0
1774898850.7614696,2.0
1774898850.772019,2.0
1774898850.7825205,2.0
1774898850.7930067,2.0
1774898850.8034992,2.0
1774898850.814004,2.0
1774898850.8247063,2.0
1774898850.8351488,2.0
1774898850.8456767,2.0
1774898850.8562515,2.0
1774898850.866762,2.0
1774898850.8772728,2.0
1774898850.8877873,2.0
1774898850.898262,2.0
1774898850.908761,2.0
1774898850.919292,2.0
1774898850.9297764,2.0
1774898850.9403038,2.0
1774898850.9508433,2.0
1774898850.9613807,2.0
1774898850.9718895,2.0
1774898850.9824145,2.0
1774898850.9929278,2.0
1774898851.0034137,2.0
1774898851.014049,2.0
1774898851.0249307,2.0
1774898851.0354342,2.0
1774898851.0459366,2.0
1774898851.0565941,2.0
1774898851.067077,2.0
1774898851.0776198,2.0
1774898851.089335,2.0
1774898851.0998573,2.0
1774898851.1103814,2.0
1774898851.1208842,2.0
1774898851.1314356,2.0
1774898851.1419234,2.0
1774898851.152438,2.0
1774898851.1629326,2.0
1774898851.173454,2.0
1774898851.1839283,2.0
1774898851.1944435,2.0
1774898851.2050393,2.0
1774898851.2158208,2.0
1774898851.2263143,2.0
1774898851.2368007,2.0
1774898851.247349,2.0
1774898851.2579825,2.0
1774898851.2684844,2.0
1774898851.27897,2.0
1774898851.2895153,2.0
1774898851.3000138,2.0
1774898851.310494,2.0
1774898851.3211064,2.0
1774898851.3316512,2.0
1774898851.3421226,2.0
1774898851.3526375,2.0
1774898851.363178,2.0
1774898851.373632,2.0
1774898851.3840973,2.0
1774898851.3946016,2.0
1774898851.4051356,2.0
1774898851.415614,2.0
1774898851.4260724,2.0
1774898851.4365156,2.0
1774898851.4470146,2.0
1774898851.4575255,2.0
1774898851.4680948,2.0
1774898851.4786115,2.0
1774898851.4891536,2.0
1774898851.4996579,2.0
1774898851.5101542,2.0
1774898851.5206492,2.0
1774898851.5312243,2.0
1774898851.5417166,2.0
1774898851.5521834,2.0
1774898851.5626893,2.0
1774898851.5731988,2.0
1774898851.584332,2.0
1774898851.5948985,2.0
1774898851.6054227,2.0
1774898851.615901,2.0
1774898851.6264584,2.0
1774898851.6369767,2.0
1774898851.6476042,2.0
1774898851.6581671,2.0
1774898851.6685128,2.0
1774898851.6789913,2.0
1774898851.6894712,2.0
1774898851.699967,2.0
1774898851.7104566,2.0
1774898851.7209451,2.0
1774898851.7315893,2.0
1774898851.7421038,2.0
1774898851.7525368,2.0
1774898851.7630355,2.0
1774898851.7735167,2.0
1774898851.7840931,2.0
1774898851.794565,2.0
1774898851.8050635,2.0
1774898851.8155215,2.0
1774898851.826134,2.0
1774898851.836538,2.0
1774898851.8470078,2.0
1774898851.8574932,2.0
1774898851.868073,2.0
1774898851.8785312,2.0
1774898851.8890107,2.0
1774898851.8993711,2.0
1774898851.9098537,2.0
1774898851.9203563,2.0
1774898851.9308586,2.0
1774898851.9413733,2.0
1774898851.9518366,2.0
1774898851.9623973,2.0
1774898851.972836,2.0
1774898851.9833224,2.0
1774898851.9938333,2.0
1774898852.004379,2.0
1774898852.0148673,2.0
1774898852.0253918,2.0
1774898852.0359137,2.0
1774898852.0463793,2.0
1774898852.056987,2.0
1774898852.0674736,2.0
1774898852.0779994,2.0
1774898852.0884833,2.0
1774898852.0996037,2.0
1774898852.1102161,2.0
1774898852.1206925,2.0
1774898852.1311984,2.0
1774898852.1416879,2.0
1774898852.1521754,2.0
1774898852.1626859,2.0
1774898852.1731825,2.0
1774898852.1836708,2.0
1774898852.1942067,2.0
1774898852.2046402,2.0
1774898852.2154074,2.0
1774898852.2258837,2.0
1774898852.2364345,2.0
1774898852.2470927,2.0
1774898852.25753,2.0
1774898852.2680147,2.0
1774898852.2785227,2.0
1774898852.289061,2.0
1774898852.2995038,2.0
1774898852.3099942,2.0
1774898852.320516,2.0
1774898852.3311677,2.0
1774898852.341769,2.0
1774898852.3522906,2.0
1774898852.3629062,2.0
1774898852.3733869,2.0
1774898852.383859,2.0
1774898852.3943756,2.0
1774898852.4048512,2.0
1774898852.415366,2.0
1774898852.4258575,2.0
1774898852.4363663,2.0
1774898852.4468515,2.0
1774898852.4573183,2.0
1774898852.4678135,2.0
1774898852.478304,2.0
1774898852.488796,2.0
1774898852.4992905,2.0
1774898852.5097659,2.0
1774898852.5203078,2.0
1774898852.5307941,2.0
1774898852.5413086,2.0
1774898852.551772,2.0
1774898852.5622358,2.0
1774898852.5727153,2.0
1774898852.5832863,2.0
1774898852.5937607,2.0
1774898852.6042492,2.0
1774898852.6147604,2.0
1774898852.6252677,2.0
1774898852.6357358,2.0
1774898852.6462398,2.0
1774898852.6568952,2.0
1774898852.6673965,2.0
1774898852.6778646,2.0
1774898852.6883717,2.0
1774898852.6989121,2.0
1774898852.7093573,2.0
1774898852.7199924,2.0
1774898852.7305045,2.0
1774898852.7410028,2.0
1774898852.7515385,2.0
1774898852.7620285,2.0
1774898852.7725046,2.0
1774898852.783007,2.0
1774898852.7935076,2.0
1774898852.8040783,2.0
1774898852.8145618,2.0
1774898852.825139,2.0
1774898852.835606,2.0
1774898852.8460855,2.0
1774898852.8565843,2.0
1774898852.8671126,2.0
1774898852.8778121,2.0
1774898852.8883224,2.0
1774898852.898981,2.0
1774898852.9095092,2.0
1774898852.9200625,2.0
1774898852.9305568,2.0
1774898852.9410112,2.0
1774898852.9514887,2.0
1774898852.9620423,2.0
1774898852.9724739,2.0
1774898852.9829903,2.0
1774898852.993478,2.0
1774898853.0039794,2.0
1774898853.0144913,2.0
1774898853.0249991,2.0
1774898853.0354748,2.0
1774898853.0460024,2.0
1774898853.0564811,2.0
1774898853.0669842,2.0
1774898853.0777645,2.0
1774898853.0890675,2.0
1774898853.0997372,2.0
1774898853.1101542,2.0
1774898853.120641,2.0
1774898853.131174,2.0
1774898853.1416667,2.0
1774898853.1522157,2.0
1774898853.162699,2.0
1774898853.1733015,2.0
1774898853.1837974,2.0
1774898853.1943989,2.0
1774898853.2048256,2.0
1774898853.215622,2.0
1774898853.2260823,2.0
1774898853.236789,2.0
1774898853.247433,2.0
1774898853.2579646,2.0
1774898853.268446,2.0
1774898853.2789593,2.0
1774898853.2895722,2.0
1774898853.3000596,2.0
1774898853.3105266,2.0
1774898853.3210914,2.0
1774898853.3315911,2.0
1774898853.3421237,2.0
1774898853.352593,2.0
1774898853.363155,2.0
1774898853.373594,2.0
1774898853.3841834,2.0
1774898853.3948724,2.0
1774898853.4053519,2.0
1774898853.4158494,2.0
1774898853.4263365,2.0
1774898853.4368517,2.0
1774898853.4473631,2.0
1774898853.457848,2.0
1774898853.4683185,2.0
1774898853.4788096,2.0
1774898853.4893303,2.0
1774898853.4997957,2.0
1774898853.510309,2.0
1774898853.520882,2.0
1774898853.531304,2.0
1774898853.541794,2.0
1774898853.55225,2.0
1774898853.5629168,2.0
1774898853.5734305,2.0
1774898853.5838773,2.0
1774898853.594419,2.0
1774898853.6049857,2.0
1774898853.6156616,2.0
1774898853.6261923,2.0
1774898853.6367142,2.0
1774898853.6471162,2.0
1774898853.6575885,2.0
1774898853.6680367,2.0
1774898853.6784983,2.0
1774898853.689086,2.0
1774898853.69959,2.0
1774898853.7100034,2.0
1774898853.720479,2.0
1774898853.7310681,2.0
1774898853.7415035,2.0
1774898853.7519486,2.0
1774898853.762425,2.0
1774898853.7729073,2.0
1774898853.7833452,2.0
1774898853.7938154,2.0
1774898853.8042562,2.0
1774898853.8147252,2.0
1774898853.8254192,2.0
1774898853.8359427,2.0
1774898853.846393,2.0
1774898853.8568275,2.0
1774898853.8673239,2.0
1774898853.877702,2.0
1774898853.8881555,2.0
1774898853.8985753,2.0
1774898853.9090621,2.0
1774898853.9195044,2.0
1774898853.9299552,2.0
1774898853.9404578,2.0
1774898853.9509022,2.0
1774898853.9614158,2.0
1774898853.9719207,2.0
1774898853.9823556,2.0
1774898853.9928033,2.0
1774898854.003278,2.0
1774898854.0137622,2.0
1774898854.0241845,2.0
1774898854.034649,2.0
1774898854.045133,2.0
1774898854.0555804,2.0
1774898854.0661309,2.0
1774898854.0767014,2.0
1774898854.0882041,2.0
1774898854.0986784,2.0
1774898854.1091213,2.0
1774898854.1195996,2.0
1774898854.1301374,2.0
1774898854.1406033,2.0
1774898854.1511047,2.0
1774898854.1617277,2.0
1774898854.1721337,2.0
1774898854.182758,2.0
1774898854.1932287,2.0
1774898854.2036872,2.0
1774898854.2143958,2.0
1774898854.2247505,2.0
1774898854.2351825,2.0
1774898854.2456825,2.0
1774898854.256403,2.0
1774898854.2668712,2.0
1774898854.277286,2.0
1774898854.287912,2.0
1774898854.298301,2.0
1774898854.3087485,2.0
1774898854.3192134,2.0
1774898854.3299341,2.0
1774898854.3404875,2.0
1774898854.3509276,2.0
1774898854.3616204,2.0
1774898854.3720808,2.0
1774898854.382557,2.0
1774898854.3930104,2.0
1774898854.4036179,2.0
1774898854.414054,2.0
1774898854.4245126,2.0
1774898854.4349353,2.0
1774898854.4453785,2.0
1774898854.4557886,2.0
1774898854.46619,2.0
1774898854.476717,2.0
1774898854.4871514,2.0
1774898854.4976358,2.0
1774898854.5080743,2.0
1774898854.5186465,2.0
1774898854.5290983,2.0
1774898854.539569,2.0
1774898854.5500605,2.0
1774898854.5605373,2.0
1774898854.5709667,2.0
1774898854.581429,2.0
1774898854.5918784,2.0
1774898854.6024046,2.0
1774898854.6128795,2.0
1774898854.6233056,2.0
1774898854.6338851,2.0
1774898854.6442883,2.0
1774898854.6549027,2.0
1774898854.6653588,2.0
1774898854.6758003,2.0
1774898854.686332,2.0
1774898854.696741,2.0
1774898854.7072136,2.0
1774898854.717871,2.0
1774898854.7283127,2.0
1774898854.7388282,2.0
1774898854.749275,2.0
1774898854.7596893,2.0
1774898854.7702563,2.0
1774898854.7810013,2.0
1774898854.7914586,2.0
1774898854.8018975,2.0
1774898854.81241,2.0
1774898854.8227038,2.0
1774898854.8332062,2.0
1774898854.8435552,2.0
1774898854.8540275,2.0
1774898854.8644595,2.0
1774898854.87492,2.0
1774898854.8854241,2.0
1774898854.8958652,2.0
1774898854.9062738,2.0
1774898854.9167173,2.0
1774898854.927237,2.0
1774898854.9378505,2.0
1774898854.9483297,2.0
1774898854.9588149,2.0
1774898854.9692712,2.0
1774898854.979695,2.0
1774898854.9901402,2.0
1774898855.000594,2.0
1774898855.0111055,2.0
1774898855.0215864,2.0
1774898855.0320084,2.0
1774898855.0424693,2.0
1774898855.0530322,2.0
1774898855.0634844,2.0
1774898855.073924,2.0
1774898855.08446,2.0
1774898855.0960145,2.0
1774898855.1064734,2.0
1774898855.11723,2.0
1774898855.1277428,2.0
1774898855.138271,2.0
1774898855.148739,2.0
1774898855.1593072,2.0
1774898855.1697958,2.0
1774898855.180313,2.0
1774898855.1907673,2.0
1774898855.2012606,2.0
1774898855.211966,2.0
1774898855.2223232,2.0
1774898855.2327936,2.0
1774898855.2432785,2.0
1774898855.2540588,2.0
1774898855.2645333,2.0
1774898855.2749844,2.0
1774898855.2856386,2.0
1774898855.2960343,2.0
1774898855.3065739,2.0
1774898855.3170648,2.0
1774898855.3275142,2.0
1774898855.3380115,2.0
1774898855.3484838,2.0
1774898855.35897,2.0
1774898855.3694782,2.0
1774898855.3799186,2.0
1774898855.3904126,2.0
1774898855.4008782,2.0
1774898855.4113548,2.0
1774898855.421798,2.0
1774898855.432409,2.0
1774898855.442834,2.0
1774898855.4533012,2.0
1774898855.4637883,2.0
1774898855.4742727,2.0
1774898855.484758,2.0
1774898855.4952695,2.0
1774898855.505746,2.0
1774898855.5164096,2.0
1774898855.5269,2.0
1774898855.5373664,2.0
1774898855.5479538,2.0
1774898855.5583596,2.0
1774898855.5688367,2.0
1774898855.5793378,2.0
1774898855.5898516,2.0
1774898855.6003153,2.0
1774898855.6107965,2.0
1774898855.621297,2.0
1774898855.6317403,2.0
1774898855.6422746,2.0
1774898855.6527138,2.0
1774898855.6631808,2.0
1774898855.673734,2.0
1774898855.6842256,2.0
1774898855.69467,2.0
1774898855.7051861,2.0
1774898855.715682,2.0
1774898855.7261882,2.0
1774898855.7366786,2.0
1774898855.7471273,2.0
1774898855.7576246,2.0
1774898855.7681139,2.0
1774898855.7786047,2.0
1774898855.789094,2.0
1774898855.7995744,2.0
1774898855.810081,2.0
1774898855.820564,2.0
1774898855.8311732,2.0
1774898855.8416305,2.0
1774898855.8520892,2.0
1774898855.8625627,2.0
1774898855.8730793,2.0
1774898855.8835492,2.0
1774898855.894028,2.0
1774898855.904529,2.0
1774898855.9149938,2.0
1774898855.9255114,2.0
1774898855.9360266,2.0
1774898855.946522,2.0
1774898855.9569802,2.0
1774898855.9674995,2.0
1774898855.9779806,2.0
1774898855.9884398,2.0
1774898855.9989552,2.0
1774898856.0094213,2.0
1774898856.0198867,2.0
1774898856.0304215,2.0
1774898856.0408678,2.0
1774898856.0513432,2.0
1774898856.0618112,2.0
1774898856.07227,2.0
1774898856.0827372,2.0
1774898856.0940378,2.0
1774898856.1049087,2.0
1774898856.115389,2.0
1774898856.1258373,2.0
1774898856.136317,2.0
1774898856.1468,2.0
1774898856.1572268,2.0
1774898856.1677809,2.0
1774898856.1783912,2.0
1774898856.188843,2.0
1774898856.19932,2.0
1774898856.2101893,2.0
1774898856.2205284,2.0
1774898856.231022,2.0
1774898856.2415283,2.0
1774898856.2527304,2.0
1774898856.2631428,2.0
1774898856.2736297,2.0
1774898856.2843587,2.0
1774898856.2947147,2.0
1774898856.3053024,2.0
1774898856.3157983,2.0
1774898856.3262696,2.0
1774898856.3368287,2.0
1774898856.3473167,2.0
1774898856.3578,2.0
1774898856.3683054,2.0
1774898856.378811,2.0
1774898856.3893049,2.0
1774898856.3997574,2.0
1774898856.4102585,2.0
1774898856.4207156,2.0
1774898856.4311647,2.0
1774898856.441672,2.0
1774898856.4521468,2.0
1774898856.4626503,2.0
1774898856.473115,2.0
1774898856.4836133,2.0
1774898856.4941013,2.0
1774898856.5046873,2.0
1774898856.5151618,2.0
1774898856.525642,2.0
1774898856.5360997,2.0
1774898856.5466862,2.0
1774898856.5571134,2.0
1774898856.5676107,2.0
1774898856.5783484,2.0
1774898856.5889258,2.0
1774898856.5994372,2.0
1774898856.6098917,2.0
1774898856.6204085,2.0
1774898856.6309328,2.0
1774898856.6414135,2.0
1774898856.6518486,2.0
1774898856.6623337,2.0
1774898856.6728709,2.0
1774898856.6833594,2.0
1774898856.6938434,2.0
1774898856.70432,2.0
1774898856.7147825,2.0
1774898856.725228,2.0
1774898856.7357442,2.0
1774898856.7462292,2.0
1774898856.7567277,2.0
1774898856.7672615,2.0
1774898856.7780514,2.0
1774898856.7885184,2.0
1774898856.7989929,2.0
1774898856.8094711,2.0
1774898856.819925,2.0
1774898856.8306344,2.0
1774898856.8411005,2.0
1774898856.8515751,2.0
1774898856.8620691,2.0
1774898856.8725233,2.0
1774898856.882973,2.0
1774898856.8934493,2.0
1774898856.9039485,2.0
1774898856.9143932,2.0
1774898856.9248338,2.0
1774898856.9353116,2.0
1774898856.9458084,2.0
1774898856.9563217,2.0
1774898856.966827,2.0
1774898856.977288,2.0
1774898856.9877412,2.0
1774898856.9982078,2.0
1774898857.0086899,2.0
1774898857.0191252,2.0
1774898857.0296915,2.0
1774898857.040159,2.0
1774898857.0506463,2.0
1774898857.0611243,2.0
1774898857.071613,2.0
1774898857.0820768,2.0
1774898857.093701,2.0
1774898857.1040998,2.0
1774898857.114579,2.0
1774898857.1250832,2.0
1774898857.1356506,2.0
1774898857.1460893,2.0
1774898857.1565359,2.0
1774898857.1673033,2.0
1774898857.177746,2.0
1774898857.1882033,2.0
1774898857.198669,2.0
1774898857.2098725,2.0
1774898857.220263,2.0
1774898857.2316165,2.0
1774898857.2419887,2.0
1774898857.2528021,2.0
1774898857.2632253,2.0
1774898857.2737124,2.0
1774898857.2843583,2.0
1774898857.2947109,2.0
1774898857.3051822,2.0
1774898857.3156605,2.0
1774898857.3358042,2.0
1774898857.351439,1.0
1774898857.3616617,2.0
1774898857.3721817,2.0
1774898857.3828945,2.0
1774898857.3934405,2.0
1774898857.4037752,2.0
1774898857.4143043,2.0
1774898857.424852,2.0
1774898857.435373,2.0
1774898857.4458885,2.0
1774898857.45642,2.0
1774898857.4669578,2.0
1774898857.4774456,2.0
1774898857.4879665,2.0
1774898857.4985013,2.0
1774898857.5090275,2.0
1774898857.5195289,2.0
1774898857.5300524,2.0
1774898857.5405693,2.0
1774898857.5510762,2.0
1774898857.561587,2.0
1774898857.5720847,2.0
1774898857.582591,2.0
1774898857.593091,2.0
1774898857.603589,2.0
1774898857.6141384,2.0
1774898857.6246593,2.0
1774898857.6351523,2.0
1774898857.645662,2.0
1774898857.656135,2.0
1774898857.666685,2.0
1774898857.6771894,2.0
1774898857.687662,2.0
1774898857.6981425,2.0
1774898857.7088485,2.0
1774898857.7193758,2.0
1774898857.729857,2.0
1774898857.7403405,2.0
1774898857.7510602,2.0
1774898857.7615752,2.0
1774898857.77206,2.0
1774898857.7825406,2.0
1774898857.7930217,2.0
1774898857.8035254,2.0
1774898857.8140345,2.0
1774898857.8245478,2.0
1774898857.835009,2.0
1774898857.8455086,2.0
1774898857.8559873,2.0
1774898857.8664756,2.0
1774898857.876977,2.0
1774898857.8874657,2.0
1774898857.897953,2.0
1774898857.908429,2.0
1774898857.9189208,2.0
1774898857.92943,2.0
1774898857.9399126,2.0
1774898857.950407,2.0
1774898857.9608793,2.0
1774898857.9713662,2.0
1774898857.981869,2.0
1774898857.9924266,2.0
1774898858.0029197,2.0
1774898858.0134141,2.0
1774898858.0239372,2.0
1774898858.0344615,2.0
1774898858.044978,2.0
1774898858.0555012,2.0
1774898858.066001,2.0
1774898858.0766346,2.0
1774898858.0871525,2.0
1774898858.0984077,2.0
1774898858.1089954,2.0
1774898858.119496,2.0
1774898858.1299825,2.0
1774898858.1405041,2.0
1774898858.1510131,2.0
1774898858.161775,2.0
1774898858.1722624,2.0
1774898858.1827545,2.0
1774898858.1932232,2.0
1774898858.2038624,2.0
1774898858.214623,2.0
1774898858.2251139,2.0
1774898858.235642,2.0
1774898858.2462726,2.0
1774898858.2568953,2.0
1774898858.2674007,2.0
1774898858.277869,2.0
1774898858.2884958,2.0
1774898858.298924,2.0
1774898858.309435,2.0
1774898858.319935,2.0
1774898858.330446,2.0
1774898858.340981,2.0
1774898858.351542,2.0
1774898858.3621962,2.0
1774898858.3726814,2.0
1774898858.3831804,2.0
1774898858.3936517,2.0
1774898858.4041228,2.0
1774898858.4146574,2.0
1774898858.4251554,2.0
1774898858.4356365,2.0
1774898858.4461358,2.0
1774898858.4566221,2.0
1774898858.4671102,2.0
1774898858.477638,2.0
1774898858.4881809,2.0
1774898858.4986649,2.0
1774898858.5091405,2.0
1774898858.5196345,2.0
1774898858.5301442,2.0
1774898858.540627,2.0
1774898858.5511594,2.0
1774898858.5616539,2.0
1774898858.5721707,2.0
1774898858.5827737,2.0
1774898858.5932975,2.0
1774898858.6037784,2.0
1774898858.614276,2.0
1774898858.6247606,2.0
1774898858.6353266,2.0
1774898858.6457555,2.0
1774898858.6562324,2.0
1774898858.6667402,2.0
1774898858.677284,2.0
1774898858.6877587,2.0
1774898858.6982706,2.0
1774898858.708832,2.0
1774898858.7193146,2.0
1774898858.729783,2.0
1774898858.7402601,2.0
1774898858.750734,2.0
1774898858.761249,2.0
1774898858.771725,2.0
1774898858.782319,2.0
1774898858.7928069,2.0
1774898858.8032024,2.0
1774898858.813636,2.0
1774898858.8243003,2.0
1774898858.8347356,2.0
1774898858.8452134,2.0
1774898858.8556674,2.0
1774898858.8661757,2.0
1774898858.8767383,2.0
1774898858.8872097,2.0
1774898858.8977058,2.0
1774898858.908195,2.0
1774898858.9186718,2.0
1774898858.929143,2.0
1774898858.939614,2.0
1774898858.9501238,2.0
1774898858.9607024,2.0
1774898858.9711611,2.0
1774898858.9816525,2.0
1774898858.992153,2.0
1774898859.0026321,2.0
1774898859.0131514,2.0
1774898859.0236175,2.0
1774898859.0341496,2.0
1774898859.0445879,2.0
1774898859.0550308,2.0
1774898859.0655541,2.0
1774898859.0762732,2.0
1774898859.0877912,2.0
1774898859.0982735,2.0
1774898859.108803,2.0
1774898859.119409,2.0
1774898859.129864,2.0
1774898859.1403532,2.0
1774898859.1508243,2.0
1774898859.1613314,2.0
1774898859.1718113,2.0
1774898859.182303,2.0
1774898859.1928308,2.0
1774898859.2033498,2.0
1774898859.214317,2.0
1774898859.2248392,2.0
1774898859.2353477,2.0
1774898859.2459333,2.0
1774898859.2565765,2.0
1774898859.267038,2.0
1774898859.2776284,2.0
1774898859.2882628,2.0
1774898859.298739,2.0
1774898859.3092022,2.0
1774898859.3197498,2.0
1774898859.3302293,2.0
1774898859.340811,2.0
1774898859.3511827,2.0
1774898859.3616114,2.0
1774898859.3721128,2.0
1774898859.38261,2.0
1774898859.393099,2.0
1774898859.4035783,2.0
1774898859.4140797,2.0
1774898859.424543,2.0
1774898859.435037,2.0
1774898859.4455273,2.0
1774898859.4559965,2.0
1774898859.4664967,2.0
1774898859.4769828,2.0
1774898859.4874482,2.0
1774898859.4979787,2.0
1774898859.5085642,2.0
1774898859.51904,2.0
1774898859.5295157,2.0
1774898859.5399737,2.0
1774898859.5504863,2.0
1774898859.5609858,2.0
1774898859.5715148,2.0
1774898859.5820086,2.0
1774898859.5924573,2.0
1774898859.6029503,2.0
1774898859.6134605,2.0
1774898859.623955,2.0
1774898859.634588,2.0
1774898859.6450615,2.0
1774898859.6555479,2.0
1774898859.6660507,2.0
1774898859.6765423,2.0
1774898859.6871266,2.0
1774898859.697624,2.0
1774898859.7081556,2.0
1774898859.7186298,2.0
1774898859.729111,2.0
1774898859.7395978,2.0
1774898859.7501884,2.0
1774898859.7607164,2.0
1774898859.7712312,2.0
1774898859.781703,2.0
1774898859.7922049,2.0
1774898859.8026824,2.0
1774898859.8132749,2.0
1774898859.8237972,2.0
1774898859.8342118,2.0
1774898859.8447552,2.0
1774898859.8551476,2.0
1774898859.8656204,2.0
1774898859.8760827,2.0
1774898859.8865626,2.0
1774898859.8971624,2.0
1774898859.9076357,2.0
1774898859.9181666,2.0
1774898859.9286826,2.0
1774898859.9391904,2.0
1774898859.9536517,1.0
1774898859.968078,1.0
1774898859.9783297,2.0
1774898859.9887826,2.0
1774898859.9992855,2.0
1774898860.0097156,2.0
1774898860.020198,2.0
1774898860.030655,2.0
1774898860.0411925,2.0
1774898860.0516582,2.0
1774898860.062154,2.0
1774898860.0726962,2.0
1774898860.0831697,2.0
1774898860.0951493,2.0
1774898860.1055846,2.0
1774898860.1161551,2.0
1774898860.1266298,2.0
1774898860.1371055,2.0
1774898860.1476197,2.0
1774898860.1580997,2.0
1774898860.1686203,2.0
1774898860.1792314,2.0
1774898860.1896784,2.0
1774898860.200214,2.0
1774898860.211007,2.0
1774898860.221401,2.0
1774898860.231905,2.0
1774898860.2423737,2.0
1774898860.2529798,2.0
1774898860.2635272,2.0
1774898860.2740092,2.0
1774898860.2844973,2.0
1774898860.2949345,2.0
1774898860.3054447,2.0
1774898860.3158946,2.0
1774898860.3263752,2.0
1774898860.3368073,2.0
1774898860.347262,2.0
1774898860.3578084,2.0
1774898860.3683028,2.0
1774898860.3787637,2.0
1774898860.3894572,2.0
1774898860.3999536,2.0
1774898860.4104311,2.0
1774898860.4210234,2.0
1774898860.4315197,2.0
1774898860.4419734,2.0
1774898860.4524577,2.0
1774898860.4630363,2.0
1774898860.4735181,2.0
1774898860.4839702,2.0
1774898860.494435,2.0
1774898860.504915,2.0
1774898860.5153832,2.0
1774898860.5258937,2.0
1774898860.5363257,2.0
1774898860.5467494,2.0
1774898860.5572572,2.0
1774898860.5677013,2.0
1774898860.5781937,2.0
1774898860.5886521,2.0
1774898860.5991466,2.0
1774898860.609791,2.0
1774898860.620229,2.0
1774898860.6306417,2.0
1774898860.6410437,2.0
1774898860.651506,2.0
1774898860.661991,2.0
1774898860.672446,2.0
1774898860.6828897,2.0
1774898860.6934009,2.0
1774898860.7038496,2.0
1774898860.7143338,2.0
1774898860.7247787,2.0
1774898860.7352948,2.0
1774898860.7457652,2.0
1774898860.7562027,2.0
1774898860.766693,2.0
1774898860.7771716,2.0
1774898860.7876813,2.0
1774898860.798145,2.0
1774898860.8086033,2.0
1774898860.819049,2.0
1774898860.8296697,2.0
1774898860.8400984,2.0
1774898860.8505952,2.0
1774898860.861042,2.0
1774898860.8714874,2.0
1774898860.881981,2.0
1774898860.8924658,2.0
1774898860.9029143,2.0
1774898860.913365,2.0
1774898860.9238846,2.0
1774898860.9344354,2.0
1774898860.944877,2.0
1774898860.955346,2.0
1774898860.96582,2.0
1774898860.976314,2.0
1774898860.9867487,2.0
1774898860.997236,2.0
1774898861.0077174,2.0
1774898861.0180857,2.0
1774898861.0285478,2.0
1774898861.0389605,2.0
1774898861.0494902,2.0
1774898861.0600698,2.0
1774898861.0706015,2.0
1774898861.081076,2.0
1774898861.0925033,2.0
1774898861.1030169,2.0
1774898861.1134663,2.0
1774898861.1240604,2.0
1774898861.13453,2.0
1774898861.1450148,2.0
1774898861.1554615,2.0
1774898861.165919,2.0
1774898861.1764212,2.0
1774898861.1868944,2.0
1774898861.197397,2.0
1774898861.2080443,2.0
1774898861.2185054,2.0
1774898861.2289875,2.0
1774898861.2394404,2.0
1774898861.2500122,2.0
1774898861.2607613,2.0
1774898861.271184,2.0
1774898861.2816837,2.0
1774898861.2921846,2.0
1774898861.30262,2.0
1774898861.3130589,2.0
1774898861.3235478,2.0
1774898861.3340046,2.0
1774898861.3446121,2.0
1774898861.355048,2.0
1774898861.365487,2.0
1774898861.3759658,2.0
1774898861.386425,2.0
1774898861.3968236,2.0
1774898861.4073184,2.0
1774898861.4177604,2.0
1774898861.4282029,2.0
1774898861.4386663,2.0
1774898861.4491024,2.0
1774898861.459573,2.0
1774898861.4699934,2.0
1774898861.4806154,2.0
1774898861.4911206,2.0
1774898861.50158,2.0
1774898861.5120804,2.0
1774898861.5225506,2.0
1774898861.5330071,2.0
1774898861.5434887,2.0
1774898861.5539496,2.0
1774898861.564417,2.0
1774898861.5749063,2.0
1774898861.58537,2.0
1774898861.5958393,2.0
1774898861.6063147,2.0
1774898861.616851,2.0
1774898861.627282,2.0
1774898861.6377904,2.0
1774898861.648229,2.0
1774898861.6587284,2.0
1774898861.669199,2.0
1774898861.6798818,2.0
1774898861.6903055,2.0
1774898861.7007632,2.0
1774898861.7207491,2.0
1774898861.734986,1.0
1774898861.745164,2.0
1774898861.7556143,2.0
1774898861.7661316,2.0
1774898861.7766414,2.0
1774898861.787137,2.0
1774898861.7975693,2.0
1774898861.8081865,2.0
1774898861.8186285,2.0
1774898861.8293903,2.0
1774898861.8398347,2.0
1774898861.8503685,2.0
1774898861.8610423,2.0
1774898861.8714886,2.0
1774898861.8819826,2.0
1774898861.8924904,2.0
1774898861.9029617,2.0
1774898861.9135885,2.0
1774898861.9240196,2.0
1774898861.934485,2.0
1774898861.9449475,2.0
1774898861.9553902,2.0
1774898861.9658515,2.0
1774898861.9763296,2.0
1774898861.98677,2.0
1774898861.9972181,2.0
1774898862.0077586,2.0
1774898862.0182106,2.0
1774898862.0286567,2.0
1774898862.039225,2.0
1774898862.049697,2.0
1774898862.0601718,2.0
1774898862.0705945,2.0
1774898862.0810523,2.0
1774898862.092654,2.0
1774898862.103205,2.0
1774898862.113646,2.0
1774898862.124215,2.0
1774898862.1346755,2.0
1774898862.1451082,2.0
1774898862.1554782,2.0
1774898862.1660957,2.0
1774898862.1766975,2.0
1774898862.1871474,2.0
1774898862.197621,2.0
1774898862.2082038,2.0
1774898862.218843,2.0
1774898862.2292702,2.0
1774898862.23973,2.0
1774898862.2505474,2.0
1774898862.2611432,2.0
1774898862.2716074,2.0
1774898862.2821636,2.0
1774898862.2927043,2.0
1774898862.303117,2.0
1774898862.3137257,2.0
1774898862.324165,2.0
1774898862.3346035,2.0
1774898862.345047,2.0
1774898862.3555963,2.0
1774898862.3660655,2.0
1774898862.376592,2.0
1774898862.3872247,2.0
1774898862.39765,2.0
1774898862.4081166,2.0
1774898862.4186885,2.0
1774898862.4291153,2.0
1774898862.4395812,2.0
1774898862.45004,2.0
1774898862.4605067,2.0
1774898862.4710767,2.0
1774898862.4815085,2.0
1774898862.4919777,2.0
1774898862.5024042,2.0
1774898862.5128942,2.0
1774898862.523349,2.0
1774898862.534,2.0
1774898862.544451,2.0
1774898862.5549953,2.0
1774898862.5654416,2.0
1774898862.5759482,2.0
1774898862.5864139,2.0
1774898862.5969536,2.0
1774898862.6074407,2.0
1774898862.6179023,2.0
1774898862.6284971,2.0
1774898862.6389496,2.0
1774898862.6493971,2.0
1774898862.6599884,2.0
1774898862.6704345,2.0
1774898862.6809056,2.0
1774898862.6913643,2.0
1774898862.7018456,2.0
1774898862.712255,2.0
1774898862.7227473,2.0
1774898862.7332232,2.0
1774898862.7438953,2.0
1774898862.7543874,2.0
1774898862.7648215,2.0
1774898862.77532,2.0
1774898862.7860866,2.0
1774898862.7964904,2.0
1774898862.8069463,2.0
1774898862.8174434,2.0
1774898862.8279812,2.0
1774898862.838381,2.0
1774898862.8488886,2.0
1774898862.8593209,2.0
1774898862.8697438,2.0
1774898862.8801618,2.0
1774898862.890633,2.0
1774898862.9011006,2.0
1774898862.9115767,2.0
1774898862.9220283,2.0
1774898862.9325488,2.0
1774898862.9431534,2.0
1774898862.9536383,2.0
1774898862.9641254,2.0
1774898862.9746137,2.0
1774898862.985106,2.0
1774898862.9955723,2.0
1774898863.0060563,2.0
1774898863.0166142,2.0
1774898863.027032,2.0
1774898863.0375197,2.0
1774898863.0479887,2.0
1774898863.0585043,2.0
1774898863.0689592,2.0
1774898863.0793762,2.0
1774898863.0907705,2.0
1774898863.1012342,2.0
1774898863.1116707,2.0
1774898863.1222734,2.0
1774898863.1326885,2.0
1774898863.1431663,2.0
1774898863.1537485,2.0
1774898863.164169,2.0
1774898863.174634,2.0
1774898863.1851397,2.0
1774898863.1955736,2.0
1774898863.2060044,2.0
1774898863.2166576,2.0
1774898863.2271552,2.0
1774898863.237585,2.0
1774898863.2481806,2.0
1774898863.259027,2.0
1774898863.2694328,2.0
1774898863.2798738,2.0
1774898863.2906113,2.0
1774898863.3010547,2.0
1774898863.311746,2.0
1774898863.3221526,2.0
1774898863.3328211,2.0
1774898863.3433785,2.0
1774898863.3538377,2.0
1774898863.3643053,2.0
1774898863.3748484,2.0
1774898863.385371,2.0
1774898863.3958504,2.0
1774898863.4062634,2.0
1774898863.416714,2.0
1774898863.427125,2.0
1774898863.4375634,2.0
1774898863.4480104,2.0
1774898863.4586387,2.0
1774898863.4690347,2.0
1774898863.479831,2.0
1774898863.4902751,2.0
1774898863.5008087,2.0
1774898863.5112584,2.0
1774898863.521715,2.0
1774898863.5322316,2.0
1774898863.5428498,2.0
1774898863.5534625,2.0
1774898863.5639207,2.0
1774898863.5743682,2.0
1774898863.5848215,2.0
1774898863.59528,2.0
1774898863.605872,2.0
1774898863.6163123,2.0
1774898863.6267369,2.0
1774898863.6371856,2.0
1774898863.6477084,2.0
1774898863.6581814,2.0
1774898863.66861,2.0
1774898863.6790502,2.0
1774898863.689495,2.0
1774898863.7000623,2.0
1774898863.7104952,2.0
1774898863.7210312,2.0
1774898863.7315137,2.0
1774898863.7419426,2.0
1774898863.752429,2.0
1774898863.76277,2.0
1774898863.7732713,2.0
1774898863.7836585,2.0
1774898863.7941356,2.0
1774898863.804763,2.0
1774898863.8152022,2.0
1774898863.825895,2.0
1774898863.8362722,2.0
1774898863.846708,2.0
1774898863.8571544,2.0
1774898863.8677297,2.0
1774898863.8781793,2.0
1774898863.888609,2.0
1774898863.8991137,2.0
1774898863.9094834,2.0
1774898863.9198878,2.0
1774898863.9305713,2.0
1774898863.9409835,2.0
1774898863.9513996,2.0
1774898863.961834,2.0
1774898863.9723077,2.0
1774898863.9827294,2.0
1774898863.9933152,2.0
1774898864.0037317,2.0
1774898864.0141711,2.0
1774898864.0245829,2.0
1774898864.0350442,2.0
1774898864.0454745,2.0
1774898864.055898,2.0
1774898864.0663278,2.0
1774898864.0768573,2.0
1774898864.0873392,2.0
1774898864.0990112,2.0
1774898864.1094038,2.0
1774898864.119972,2.0
1774898864.1304166,2.0
1774898864.1408756,2.0
1774898864.1512825,2.0
1774898864.161875,2.0
1774898864.1723125,2.0
1774898864.1827524,2.0
1774898864.1931975,2.0
1774898864.2036138,2.0
1774898864.2142627,2.0
1774898864.2246282,2.0
1774898864.235024,2.0
1774898864.245552,2.0
1774898864.255976,2.0
1774898864.26662,2.0
1774898864.277025,2.0
1774898864.2876384,2.0
1774898864.2980363,2.0
1774898864.308729,2.0
1774898864.3191507,2.0
1774898864.329586,2.0
1774898864.3400447,2.0
1774898864.350461,2.0
1774898864.3609278,2.0
1774898864.3713648,2.0
1774898864.381783,2.0
1774898864.3924005,2.0
1774898864.4028366,2.0
1774898864.4133048,2.0
1774898864.423764,2.0
1774898864.4341831,2.0
1774898864.4446046,2.0
1774898864.4550598,2.0
1774898864.4655461,2.0
1774898864.475956,2.0
1774898864.4865687,2.0
1774898864.4969873,2.0
1774898864.507426,2.0
1774898864.51783,2.0
1774898864.5282857,2.0
1774898864.5387197,2.0
1774898864.5491269,2.0
1774898864.5595484,2.0
1774898864.5701072,2.0
1774898864.580605,2.0
1774898864.5910747,2.0
1774898864.6015334,2.0
1774898864.6119823,2.0
1774898864.622582,2.0
1774898864.6329877,2.0
1774898864.6433368,2.0
1774898864.6537561,2.0
1774898864.6641471,2.0
1774898864.6746004,2.0
1774898864.6850424,2.0
1774898864.695463,2.0
1774898864.7059124,2.0
1774898864.7165248,2.0
1774898864.7269468,2.0
1774898864.7374063,2.0
1774898864.7478077,2.0
1774898864.758281,2.0
1774898864.7686453,2.0
1774898864.779152,2.0
1774898864.7899234,2.0
1774898864.8004005,2.0
1774898864.8107963,2.0
1774898864.821224,2.0
1774898864.8317351,2.0
1774898864.8421655,2.0
1774898864.8525755,2.0
1774898864.8630137,2.0
1774898864.8734608,2.0
1774898864.8838716,2.0
1774898864.8943477,2.0
1774898864.9047751,2.0
1774898864.9152663,2.0
1774898864.9257147,2.0
1774898864.9361308,2.0
1774898864.9467318,2.0
1774898864.9571335,2.0
1774898864.9675956,2.0
1774898864.9780607,2.0
1774898864.9884906,2.0
1774898864.9989827,2.0
1774898865.0093987,2.0
1774898865.0198965,2.0
1774898865.030507,2.0
1774898865.04129,2.0
1774898865.0519428,2.0
1774898865.0625017,2.0
1774898865.0729506,2.0
1774898865.0835507,2.0
1774898865.0946498,2.0
1774898865.1053302,2.0
1774898865.116102,2.0
1774898865.1265628,2.0
1774898865.1371012,2.0
1774898865.147588,2.0
1774898865.158027,2.0
1774898865.168651,2.0
1774898865.1794405,2.0
1774898865.1901824,2.0
1774898865.200674,2.0
1774898865.2113261,2.0
1774898865.2218401,2.0
1774898865.23227,2.0
1774898865.2427216,2.0
1774898865.253427,2.0
1774898865.2639883,2.0
1774898865.274454,2.0
1774898865.2849956,2.0
1774898865.2954998,2.0
1774898865.3059185,2.0
1774898865.3163826,2.0
1774898865.3268507,2.0
1774898865.3373613,2.0
1774898865.3479068,2.0
1774898865.3585863,2.0
1774898865.3689888,2.0
1774898865.3795469,2.0
1774898865.3900092,2.0
1774898865.40045,2.0
1774898865.4110622,2.0
1774898865.4214993,2.0
1774898865.4319494,2.0
1774898865.4423695,2.0
1774898865.4528306,2.0
1774898865.4632292,2.0
1774898865.4736507,2.0
1774898865.4841344,2.0
1774898865.4945927,2.0
1774898865.5050108,2.0
1774898865.5154665,2.0
1774898865.5258956,2.0
1774898865.536354,2.0
1774898865.5467625,2.0
1774898865.557223,2.0
1774898865.5676827,2.0
1774898865.5781598,2.0
1774898865.588616,2.0
1774898865.599045,2.0
1774898865.6094763,2.0
1774898865.620033,2.0
1774898865.6304734,2.0
1774898865.640884,2.0
1774898865.6513014,2.0
1774898865.6617315,2.0
1774898865.6721363,2.0
1774898865.6825976,2.0
1774898865.6930337,2.0
1774898865.703491,2.0
1774898865.7140849,2.0
1774898865.7243724,2.0
1774898865.734767,2.0
1774898865.7452707,2.0
1774898865.755724,2.0
1774898865.766236,2.0
1774898865.7766936,2.0
1774898865.787114,2.0
1774898865.797596,2.0
1774898865.8080468,2.0
1774898865.818581,2.0
1774898865.829156,2.0
1774898865.8395488,2.0
1774898865.8499622,2.0
1774898865.8604388,2.0
1774898865.870867,2.0
1774898865.8812957,2.0
1774898865.891723,2.0
1774898865.902235,2.0
1774898865.9127307,2.0
1774898865.923152,2.0
1774898865.933731,2.0
1774898865.9441192,2.0
1774898865.9544375,2.0
1774898865.9647684,2.0
1774898865.975101,2.0
1774898865.9855225,2.0
1774898865.995952,2.0
1774898866.00636,2.0
1774898866.016957,2.0
1774898866.0274425,2.0
1774898866.037823,2.0
1774898866.048259,2.0
1774898866.058673,2.0
1774898866.0690908,2.0
1774898866.0795283,2.0
1774898866.0903912,2.0
1774898866.1007574,2.0
1774898866.111359,2.0
1774898866.121775,2.0
1774898866.1322777,2.0
1774898866.1426792,2.0
1774898866.1531005,2.0
1774898866.1635108,2.0
1774898866.174055,2.0
1774898866.1845543,2.0
1774898866.194991,2.0
1774898866.2053795,2.0
1774898866.2159572,2.0
1774898866.2263706,2.0
1774898866.236916,2.0
1774898866.2474778,2.0
1774898866.257912,2.0
1774898866.2684798,2.0
1774898866.278948,2.0
1774898866.2895665,2.0
1774898866.3000143,2.0
1774898866.3104727,2.0
1774898866.3208978,2.0
1774898866.3314319,2.0
1774898866.3420887,2.0
1774898866.3524594,2.0
1774898866.3629653,2.0
1774898866.3734198,2.0
1774898866.3839674,2.0
1774898866.3944151,2.0
1774898866.4049003,2.0
1774898866.4153209,2.0
1774898866.425728,2.0
1774898866.436165,2.0
1774898866.4466014,2.0
1774898866.457057,2.0
1774898866.4675038,2.0
1774898866.4779444,2.0
1774898866.4884179,2.0
1774898866.4988806,2.0
1774898866.5095036,2.0
1774898866.5199184,2.0
1774898866.5303733,2.0
1774898866.5408578,2.0
1774898866.551303,2.0
1774898866.561746,2.0
1774898866.5722249,2.0
1774898866.5827138,2.0
1774898866.59311,2.0
1774898866.6035614,2.0
1774898866.6140647,2.0
1774898866.6245303,2.0
1774898866.634857,2.0
1774898866.6452851,2.0
1774898866.65578,2.0
1774898866.6662357,2.0
1774898866.6767454,2.0
1774898866.6872551,2.0
1774898866.697712,2.0
1774898866.7081506,2.0
1774898866.7186823,2.0
1774898866.7291183,2.0
1774898866.7395642,2.0
1774898866.7500372,2.0
1774898866.760566,2.0
1774898866.7709842,2.0
1774898866.781525,2.0
1774898866.7921307,2.0
1774898866.802603,2.0
1774898866.8133216,2.0
1774898866.8238137,2.0
1774898866.8342924,2.0
1774898866.854094,2.0
1774898866.8694057,1.0
1774898866.879701,2.0
1774898866.8902771,2.0
1774898866.9008396,2.0
1774898866.9113667,2.0
1774898866.9218996,2.0
1774898866.9324915,2.0
1774898866.9430609,2.0
1774898866.9536135,2.0
1774898866.9641674,2.0
1774898866.9747365,2.0
1774898866.9853358,2.0
1774898866.995906,2.0
1774898867.0064437,2.0
1774898867.0170014,2.0
1774898867.0275714,2.0
1774898867.038111,2.0
1774898867.0486608,2.0
1774898867.0592492,2.0
1774898867.0698628,2.0
1774898867.08056,2.0
1774898867.0926795,2.0
1774898867.10313,2.0
1774898867.1137662,2.0
1774898867.1244526,2.0
1774898867.1350713,2.0
1774898867.145752,2.0
1774898867.1563935,2.0
1774898867.1670158,2.0
1774898867.1776824,2.0
1774898867.1883223,2.0
1774898867.1989725,2.0
1774898867.2097154,2.0
1774898867.220552,2.0
1774898867.2312164,2.0
1774898867.241864,2.0
1774898867.2527995,2.0
1774898867.2635624,2.0
1774898867.2741692,2.0
1774898867.2849433,2.0
1774898867.2955017,2.0
1774898867.306121,2.0
1774898867.3167555,2.0
1774898867.3273823,2.0
1774898867.3379846,2.0
1774898867.3485978,2.0
1774898867.3592403,2.0
1774898867.3698897,2.0
1774898867.3806746,2.0
1774898867.3912945,2.0
1774898867.401763,2.0
1774898867.41257,2.0
1774898867.4232507,2.0
1774898867.433794,2.0
1774898867.4444373,2.0
1774898867.4550664,2.0
1774898867.4657168,2.0
1774898867.4763553,2.0
1774898867.486996,2.0
1774898867.4976492,2.0
1774898867.5083125,2.0
1774898867.5187876,2.0
1774898867.5294964,2.0
1774898867.5401232,2.0
1774898867.5507507,2.0
1774898867.5614076,2.0
1774898867.571894,2.0
1774898867.5825238,2.0
1774898867.5931528,2.0
1774898867.6037748,2.0
1774898867.6143706,2.0
1774898867.624973,2.0
1774898867.6356025,2.0
1774898867.6462235,2.0
1774898867.6568727,2.0
1774898867.6674337,2.0
1774898867.678089,2.0
1774898867.6886964,2.0
1774898867.6993299,2.0
1774898867.709957,2.0
1774898867.7206004,2.0
1774898867.7311947,2.0
1774898867.741823,2.0
1774898867.7527065,2.0
1774898867.7633958,2.0
1774898867.7743373,2.0
1774898867.7849917,2.0
1774898867.7956285,2.0
1774898867.8062959,2.0
1774898867.816894,2.0
1774898867.827751,2.0
1774898867.838279,2.0
1774898867.8489096,2.0
1774898867.859527,2.0
1774898867.87025,2.0
1774898867.8809369,2.0
1774898867.8915398,2.0
1774898867.902162,2.0
1774898867.912802,2.0
1774898867.9234169,2.0
1774898867.93401,2.0
1774898867.9446435,2.0
1774898867.9553034,2.0
1774898867.9661474,2.0
1774898867.976734,2.0
1774898867.9874187,2.0
1774898867.9982538,2.0
1774898868.0088758,2.0
1774898868.0196643,2.0
1774898868.0302987,2.0
1774898868.0408978,2.0
1774898868.051647,2.0
1774898868.0622573,2.0
1774898868.0728412,2.0
1774898868.0836298,2.0
1774898868.095452,2.0
1774898868.1061065,2.0
1774898868.116725,2.0
1774898868.1273916,2.0
1774898868.1380124,2.0
1774898868.1486533,2.0
1774898868.1593115,2.0
1774898868.1699297,2.0
1774898868.1805382,2.0
1774898868.1911476,2.0
1774898868.2017434,2.0
1774898868.2125397,2.0
1774898868.223068,2.0
1774898868.2337039,2.0
1774898868.2443626,2.0
1774898868.255083,2.0
1774898868.265936,2.0
1774898868.2765398,2.0
1774898868.2875297,2.0
1774898868.2981136,2.0
1774898868.3087213,2.0
1774898868.3193998,2.0
1774898868.329986,2.0
1774898868.3406012,2.0
1774898868.3512325,2.0
1774898868.3618617,2.0
1774898868.3724914,2.0
1774898868.3832183,2.0
1774898868.3938322,2.0
1774898868.4044783,2.0
1774898868.4151225,2.0
1774898868.425728,2.0
1774898868.4363673,2.0
1774898868.4469733,2.0
1774898868.457564,2.0
1774898868.4681873,2.0
1774898868.4789345,2.0
1774898868.4895544,2.0
1774898868.5001855,2.0
1774898868.5108275,2.0
1774898868.5214376,2.0
1774898868.532205,2.0
1774898868.542864,2.0
1774898868.553347,2.0
1774898868.5639498,2.0
1774898868.574592,2.0
1774898868.5853577,2.0
1774898868.5959797,2.0
1774898868.606597,2.0
1774898868.617175,2.0
1774898868.6278107,2.0
1774898868.6383178,2.0
1774898868.6489646,2.0
1774898868.6596076,2.0
1774898868.6702194,2.0
1774898868.6808372,2.0
1774898868.6914651,2.0
1774898868.7020724,2.0
1774898868.712733,2.0
1774898868.723223,2.0
1774898868.7337298,2.0
1774898868.7443225,2.0
1774898868.7548084,2.0
1774898868.7654045,2.0
1774898868.7759545,2.0
1774898868.7865477,2.0
1774898868.7974064,2.0
1774898868.8079472,2.0
1774898868.8184476,2.0
1774898868.8288722,2.0
1774898868.839337,2.0
1774898868.8499248,2.0
1774898868.8606935,2.0
1774898868.8710663,2.0
1774898868.8815901,2.0
1774898868.892113,2.0
1774898868.902654,2.0
1774898868.9133356,2.0
1774898868.923829,2.0
1774898868.9344041,2.0
1774898868.944951,2.0
1774898868.955502,2.0
1774898868.9660623,2.0
1774898868.9764695,2.0
1774898868.9869797,2.0
1774898868.9975176,2.0
1774898869.0082655,2.0
1774898869.0188181,2.0
1774898869.0293927,2.0
1774898869.0399604,2.0
1774898869.0504513,2.0
1774898869.061061,2.0
1774898869.0717158,2.0
1774898869.0823498,2.0
1774898869.0935655,2.0
1774898869.1047354,2.0
1774898869.1154044,2.0
1774898869.1259081,2.0
1774898869.1365294,2.0
1774898869.1470547,2.0
1774898869.1575968,2.0
1774898869.1681454,2.0
1774898869.1787205,2.0
1774898869.1895213,2.0
1774898869.2000444,2.0
1774898869.2107704,2.0
1774898869.2215233,2.0
1774898869.2320194,2.0
1774898869.2426894,2.0
1774898869.2531962,2.0
1774898869.264106,2.0
1774898869.2745628,2.0
1774898869.2851307,2.0
1774898869.2956274,2.0
1774898869.306128,2.0
1774898869.3165846,2.0
1774898869.3271048,2.0
1774898869.337713,2.0
1774898869.3482869,2.0
1774898869.358968,2.0
1774898869.3694892,2.0
1774898869.3800178,2.0
1774898869.390382,2.0
1774898869.4009027,2.0
1774898869.411319,2.0
1774898869.4218404,2.0
1774898869.4323394,2.0
1774898869.4428186,2.0
1774898869.4537966,2.0
1774898869.4643998,2.0
1774898869.4748905,2.0
1774898869.4854016,2.0
1774898869.495912,2.0
1774898869.506408,2.0
1774898869.516928,2.0
1774898869.5276318,2.0
1774898869.5381103,2.0
1774898869.5486014,2.0
1774898869.5591245,2.0
1774898869.5698571,2.0
1774898869.58037,2.0
1774898869.5908775,2.0
1774898869.6013927,2.0
1774898869.6119072,2.0
1774898869.6224499,2.0
1774898869.6330702,2.0
1774898869.6436303,2.0
1774898869.6540954,2.0
1774898869.6646576,2.0
1774898869.6751435,2.0
1774898869.6856537,2.0
1774898869.69617,2.0
1774898869.7066438,2.0
1774898869.717184,2.0
1774898869.7277405,2.0
1774898869.7382536,2.0
1774898869.7487335,2.0
1774898869.7591922,2.0
1774898869.7696898,2.0
1774898869.7803178,2.0
1774898869.7908423,2.0
1774898869.8013275,2.0
1774898869.8118174,2.0
1774898869.8223474,2.0
1774898869.8329282,2.0
1774898869.843389,2.0
1774898869.853888,2.0
1774898869.8644762,2.0
1774898869.8749769,2.0
1774898869.88552,2.0
1774898869.8960402,2.0
1774898869.9065473,2.0
1774898869.917035,2.0
1774898869.9275582,2.0
1774898869.9380677,2.0
1774898869.9485755,2.0
1774898869.9590833,2.0
1774898869.969596,2.0
1774898869.980115,2.0
1774898869.990681,2.0
1774898870.0011806,2.0
1774898870.0116715,2.0
1774898870.0221424,2.0
1774898870.0326161,2.0
1774898870.0431643,2.0
1774898870.0535247,2.0
1774898870.063974,2.0
1774898870.07449,2.0
1774898870.0862675,2.0
1774898870.0970879,2.0
1774898870.107834,2.0
1774898870.1182973,2.0
1774898870.1287758,2.0
1774898870.139254,2.0
1774898870.1499732,2.0
1774898870.1604674,2.0
1774898870.17097,2.0
1774898870.181468,2.0
1774898870.1919434,2.0
1774898870.2024574,2.0
1774898870.2132907,2.0
1774898870.2237198,2.0
1774898870.2341976,2.0
1774898870.2448456,2.0
1774898870.2553556,2.0
1774898870.2660356,2.0
1774898870.2765265,2.0
1774898870.2872837,2.0
1774898870.2977345,2.0
1774898870.3083107,2.0
1774898870.318831,2.0
1774898870.329334,2.0
1774898870.339808,2.0
1774898870.3503392,2.0
1774898870.3608224,2.0
1774898870.3713655,2.0
1774898870.3818438,2.0
1774898870.3924353,2.0
1774898870.4029117,2.0
1774898870.4134083,2.0
1774898870.4239647,2.0
1774898870.4346015,2.0
1774898870.4451113,2.0
1774898870.4556127,2.0
1774898870.4661415,2.0
1774898870.4766862,2.0
1774898870.4871974,2.0
1774898870.4977362,2.0
1774898870.5082517,2.0
1774898870.5187159,2.0
1774898870.529343,2.0
1774898870.5398178,2.0
1774898870.5503373,2.0
1774898870.560813,2.0
1774898870.5713024,2.0
1774898870.5819883,2.0
1774898870.5925076,2.0
1774898870.6029856,2.0
1774898870.6134884,2.0
1774898870.623952,2.0
1774898870.6345305,2.0
1774898870.645032,2.0
1774898870.6555388,2.0
1774898870.6660411,2.0
1774898870.6766655,2.0
1774898870.6871543,2.0
1774898870.6978269,2.0
1774898870.7083218,2.0
1774898870.718836,2.0
1774898870.72946,2.0
1774898870.739983,2.0
1774898870.7505383,2.0
1774898870.7610164,2.0
1774898870.7715144,2.0
1774898870.782118,2.0
1774898870.7930307,2.0
1774898870.803624,2.0
1774898870.8140888,2.0
1774898870.8248384,2.0
1774898870.8353229,2.0
1774898870.8458226,2.0
1774898870.8563416,2.0
1774898870.8670194,2.0
1774898870.8775117,2.0
1774898870.8879912,2.0
1774898870.8985124,2.0
1774898870.909106,2.0
1774898870.919619,2.0
1774898870.9301612,2.0
1774898870.9406633,2.0
1774898870.9511528,2.0
1774898870.9616506,2.0
1774898870.9722679,2.0
1774898870.9827623,2.0
1774898870.993284,2.0
1774898871.0037959,2.0
1774898871.0143619,2.0
1774898871.0248497,2.0
1774898871.035389,2.0
1774898871.046042,2.0
1774898871.0565546,2.0
1774898871.0670452,2.0
1774898871.0778055,2.0
1774898871.089141,2.0
1774898871.0999,2.0
1774898871.1103694,2.0
1774898871.1210153,2.0
1774898871.1315556,2.0
1774898871.1420448,2.0
1774898871.1526835,2.0
1774898871.1631851,2.0
1774898871.1736634,2.0
1774898871.184188,2.0
1774898871.1948419,2.0
1774898871.205326,2.0
1774898871.2160912,2.0
1774898871.226578,2.0
1774898871.237111,2.0
1774898871.2476726,2.0
1774898871.2580934,2.0
1774898871.2690463,2.0
1774898871.279548,2.0
1774898871.2900596,2.0
1774898871.300661,2.0
1774898871.3113632,2.0
1774898871.321832,2.0
1774898871.3323472,2.0
1774898871.3428767,2.0
1774898871.3535852,2.0
1774898871.3640695,2.0
1774898871.3745403,2.0
1774898871.3850436,2.0
1774898871.3956034,2.0
1774898871.406076,2.0
1774898871.4165864,2.0
1774898871.427071,2.0
1774898871.437578,2.0
1774898871.448095,2.0
1774898871.4585538,2.0
1774898871.469041,2.0
1774898871.4795737,2.0
1774898871.4900768,2.0
1774898871.5010056,2.0
1774898871.5115054,2.0
1774898871.5220203,2.0
1774898871.532771,2.0
1774898871.5432522,2.0
1774898871.5537717,2.0
1774898871.5642934,2.0
1774898871.5747392,2.0
1774898871.585203,2.0
1774898871.5956888,2.0
1774898871.6062603,2.0
1774898871.6167498,2.0
1774898871.6272159,2.0
1774898871.6377516,2.0
1774898871.648214,2.0
1774898871.6586692,2.0
1774898871.6691442,2.0
1774898871.679728,2.0
1774898871.6902142,2.0
1774898871.7007039,2.0
1774898871.711346,2.0
1774898871.7218163,2.0
1774898871.7322888,2.0
1774898871.742959,2.0
1774898871.7534277,2.0
1774898871.7639313,2.0
1774898871.774663,2.0
1774898871.785159,2.0
1774898871.7956414,2.0
1774898871.8060527,2.0
1774898871.8165498,2.0
1774898871.827058,2.0
1774898871.8375018,2.0
1774898871.847883,2.0
1774898871.8583226,2.0
1774898871.868779,2.0
1774898871.8792992,2.0
1774898871.8897867,2.0
1774898871.9003553,2.0
1774898871.9108112,2.0
1774898871.9213176,2.0
1774898871.9320045,2.0
1774898871.9424741,2.0
1774898871.9529552,2.0
1774898871.9634228,2.0
1774898871.9740512,2.0
1774898871.9848008,2.0
1774898871.995294,2.0
1774898872.005817,2.0
1774898872.0163019,2.0
1774898872.02678,2.0
1774898872.037278,2.0
1774898872.0477493,2.0
1774898872.0582561,2.0
1774898872.0686824,2.0
1774898872.079196,2.0
1774898872.093959,1.0
1774898872.1082504,1.0
1774898872.1184788,2.0
1774898872.1289058,2.0
1774898872.139526,2.0
1774898872.1499848,2.0
1774898872.160508,2.0
1774898872.1711164,2.0
1774898872.181615,2.0
1774898872.1921606,2.0
1774898872.2026262,2.0
1774898872.2132998,2.0
1774898872.2239137,2.0
1774898872.2343354,2.0
1774898872.2449224,2.0
1774898872.2553692,2.0
1774898872.2663157,2.0
1774898872.2767513,2.0
1774898872.2875063,2.0
1774898872.297905,2.0
1774898872.3083827,2.0
1774898872.3188727,2.0
1774898872.3293421,2.0
1774898872.339832,2.0
1774898872.3503904,2.0
1774898872.3608572,2.0
1774898872.3713431,2.0
1774898872.381978,2.0
1774898872.3925147,2.0
1774898872.4029603,2.0
1774898872.4135244,2.0
1774898872.4240348,2.0
1774898872.434342,2.0
1774898872.4448133,2.0
1774898872.4552858,2.0
1774898872.465933,2.0
1774898872.4763842,2.0
1774898872.4868786,2.0
1774898872.4973507,2.0
1774898872.507971,2.0
1774898872.5184145,2.0
1774898872.5289423,2.0
1774898872.5394394,2.0
1774898872.5500162,2.0
1774898872.560483,2.0
1774898872.5709019,2.0
1774898872.58134,2.0
1774898872.5918448,2.0
1774898872.6024182,2.0
1774898872.6129122,2.0
1774898872.623362,2.0
1774898872.6338353,2.0
1774898872.6444345,2.0
1774898872.654782,2.0
1774898872.6652255,2.0
1774898872.675878,2.0
1774898872.686337,2.0
1774898872.6968682,2.0
1774898872.707357,2.0
1774898872.7177937,2.0
1774898872.728377,2.0
1774898872.73887,2.0
1774898872.74935,2.0
1774898872.7598298,2.0
1774898872.7703185,2.0
1774898872.7808084,2.0
1774898872.7913518,2.0
1774898872.8018663,2.0
1774898872.812313,2.0
1774898872.822782,2.0
1774898872.833305,2.0
1774898872.843771,2.0
1774898872.8543675,2.0
1774898872.8648345,2.0
1774898872.8752894,2.0
1774898872.885725,2.0
1774898872.8960834,2.0
1774898872.9065132,2.0
1774898872.9169638,2.0
1774898872.9274538,2.0
1774898872.9378922,2.0
1774898872.948319,2.0
1774898872.9587607,2.0
1774898872.9692364,2.0
1774898872.9797163,2.0
1774898872.9903095,2.0
1774898873.0008008,2.0
1774898873.0112362,2.0
1774898873.0218909,2.0
1774898873.032327,2.0
1774898873.0428536,2.0
1774898873.0533202,2.0
1774898873.0637686,2.0
1774898873.0743332,2.0
1774898873.0847888,2.0
1774898873.096052,2.0
1774898873.1067617,2.0
1774898873.1172345,2.0
1774898873.127736,2.0
1774898873.1382148,2.0
1774898873.14864,2.0
1774898873.1591113,2.0
1774898873.1697571,2.0
1774898873.180215,2.0
1774898873.1907086,2.0
1774898873.2011757,2.0
1774898873.2117813,2.0
1774898873.2222772,2.0
1774898873.2327664,2.0
1774898873.2432203,2.0
1774898873.2537758,2.0
1774898873.2642064,2.0
1774898873.274774,2.0
1774898873.2852993,2.0
1774898873.2958682,2.0
1774898873.3063166,2.0
1774898873.316799,2.0
1774898873.3272388,2.0
1774898873.3377512,2.0
1774898873.3493013,2.0
1774898873.3597298,2.0
1774898873.3702817,2.0
1774898873.3807168,2.0
1774898873.3912668,2.0
1774898873.4017684,2.0
1774898873.4122043,2.0
1774898873.4226534,2.0
1774898873.433121,2.0
1774898873.4435756,2.0
1774898873.4541433,2.0
1774898873.4646685,2.0
1774898873.4751205,2.0
1774898873.4856076,2.0
1774898873.4960492,2.0
1774898873.5065598,2.0
1774898873.5170226,2.0
1774898873.527499,2.0
1774898873.5380898,2.0
1774898873.5489872,2.0
1774898873.5594563,2.0
1774898873.5699172,2.0
1774898873.5803392,2.0
1774898873.5908515,2.0
1774898873.6014097,2.0
1774898873.6118603,2.0
1774898873.6223123,2.0
1774898873.632957,2.0
1774898873.6434238,2.0
1774898873.6538935,2.0
1774898873.664409,2.0
1774898873.6748323,2.0
1774898873.6853027,2.0
1774898873.695747,2.0
1774898873.7063246,2.0
1774898873.7167866,2.0
1774898873.7272592,2.0
1774898873.7377284,2.0
1774898873.7481623,2.0
1774898873.7586503,2.0
1774898873.7691429,2.0
1774898873.7796047,2.0
1774898873.790146,2.0
1774898873.8008254,2.0
1774898873.8112984,2.0
1774898873.8218653,2.0
1774898873.832396,2.0
1774898873.843024,2.0
1774898873.8535047,2.0
1774898873.863956,2.0
1774898873.874446,2.0
1774898873.8849323,2.0
1774898873.895399,2.0
1774898873.9058373,2.0
1774898873.9163296,2.0
1774898873.9267788,2.0
1774898873.9372718,2.0
1774898873.9477735,2.0
1774898873.9582586,2.0
1774898873.9687388,2.0
1774898873.9791968,2.0
1774898873.9897935,2.0
1774898874.0002384,2.0
1774898874.0107105,2.0
1774898874.0211952,2.0
1774898874.0317323,2.0
1774898874.0422502,2.0
1774898874.0527244,2.0
1774898874.0633082,2.0
1774898874.0741487,2.0
1774898874.085891,2.0
1774898874.0964923,2.0
1774898874.1069407,2.0
1774898874.1174145,2.0
1774898874.1279132,2.0
1774898874.1386533,2.0
1774898874.1492898,2.0
1774898874.1597416,2.0
1774898874.1701999,2.0
1774898874.180656,2.0
1774898874.1912084,2.0
1774898874.2016854,2.0
1774898874.212251,2.0
1774898874.2227385,2.0
1774898874.2331724,2.0
1774898874.243675,2.0
1774898874.2541783,2.0
1774898874.2646818,2.0
1774898874.2752771,2.0
1774898874.2951188,2.0
1774898874.3092742,1.0
1774898874.3195066,2.0
1774898874.330098,2.0
1774898874.3406572,2.0
1774898874.3512125,2.0
1774898874.361661,2.0
1774898874.3721094,2.0
1774898874.3826342,2.0
1774898874.393271,2.0
1774898874.4037364,2.0
1774898874.4141982,2.0
1774898874.424689,2.0
1774898874.4351542,2.0
1774898874.4456718,2.0
1774898874.456164,2.0
1774898874.4666266,2.0
1774898874.4771204,2.0
1774898874.4876287,2.0
1774898874.498094,2.0
1774898874.5085573,2.0
1774898874.5190535,2.0
1774898874.529539,2.0
1774898874.5400352,2.0
1774898874.550562,2.0
1774898874.5610807,2.0
1774898874.571628,2.0
1774898874.5821192,2.0
1774898874.5927618,2.0
1774898874.603325,2.0
1774898874.6138506,2.0
1774898874.6243389,2.0
1774898874.634811,2.0
1774898874.645511,2.0
1774898874.656003,2.0
1774898874.6665368,2.0
1774898874.677137,2.0
1774898874.6876512,2.0
1774898874.6981468,2.0
1774898874.7086775,2.0
1774898874.719173,2.0
1774898874.7296717,2.0
1774898874.7401917,2.0
1774898874.7508843,2.0
1774898874.7614012,2.0
1774898874.7718954,2.0
1774898874.782397,2.0
1774898874.7929614,2.0
1774898874.8036141,2.0
1774898874.8141718,2.0
1774898874.8247693,2.0
1774898874.8352683,2.0
1774898874.8457742,2.0
1774898874.8562813,2.0
1774898874.8668008,2.0
1774898874.87729,2.0
1774898874.8877795,2.0
1774898874.8983674,2.0
1774898874.9088216,2.0
1774898874.919345,2.0
1774898874.9298227,2.0
1774898874.9404175,2.0
1774898874.9508991,2.0
1774898874.961462,2.0
1774898874.9718227,2.0
1774898874.9823334,2.0
1774898874.9928105,2.0
1774898875.0033362,2.0
1774898875.0137887,2.0
1774898875.0243099,2.0
1774898875.034815,2.0
1774898875.0453372,2.0
1774898875.055849,2.0
1774898875.0663404,2.0
1774898875.0768328,2.0
1774898875.0886674,2.0
1774898875.0991623,2.0
1774898875.109684,2.0
1774898875.120102,2.0
1774898875.1308286,2.0
1774898875.1413314,2.0
1774898875.1517491,2.0
1774898875.1623197,2.0
1774898875.1728954,2.0
1774898875.183408,2.0
1774898875.1939259,2.0
1774898875.2043705,2.0
1774898875.2149274,2.0
1774898875.2253573,2.0
1774898875.2358716,2.0
1774898875.2464678,2.0
1774898875.256895,2.0
1774898875.2677712,2.0
1774898875.2781725,2.0
1774898875.2888281,2.0
1774898875.2993417,2.0
1774898875.3097904,2.0
1774898875.3202388,2.0
1774898875.3307357,2.0
1774898875.3411787,2.0
1774898875.3517604,2.0
1774898875.362204,2.0
1774898875.372707,2.0
1774898875.383238,2.0
1774898875.3937771,2.0
1774898875.4042358,2.0
1774898875.4146729,2.0
1774898875.425131,2.0
1774898875.4358854,2.0
1774898875.4463406,2.0
1774898875.45679,2.0
1774898875.4672394,2.0
1774898875.4776952,2.0
1774898875.4881377,2.0
1774898875.498616,2.0
1774898875.5091305,2.0
1774898875.5195532,2.0
1774898875.5300114,2.0
1774898875.5404577,2.0
1774898875.5508752,2.0
1774898875.5613298,2.0
1774898875.5717406,2.0
1774898875.5822282,2.0
1774898875.592766,2.0
1774898875.603426,2.0
1774898875.6139183,2.0
1774898875.62443,2.0
1774898875.6349816,2.0
1774898875.6454718,2.0
1774898875.6559227,2.0
1774898875.6663468,2.0
1774898875.6769776,2.0
1774898875.6874278,2.0
1774898875.697937,2.0
1774898875.7083974,2.0
1774898875.7189956,2.0
1774898875.729489,2.0
1774898875.7399018,2.0
1774898875.7503738,2.0
1774898875.7608516,2.0
1774898875.7713113,2.0
1774898875.7819586,2.0
1774898875.7924132,2.0
1774898875.802896,2.0
1774898875.8133276,2.0
1774898875.8237505,2.0
1774898875.8343482,2.0
1774898875.844786,2.0
1774898875.855274,2.0
1774898875.8657033,2.0
1774898875.876153,2.0
1774898875.8867881,2.0
1774898875.8972247,2.0
1774898875.9076564,2.0
1774898875.9181242,2.0
1774898875.9285629,2.0
1774898875.9390426,2.0
1774898875.9495778,2.0
1774898875.9600203,2.0
1774898875.9704695,2.0
1774898875.980924,2.0
1774898875.991446,2.0
1774898876.001931,2.0
1774898876.0124574,2.0
1774898876.0229094,2.0
1774898876.0334313,2.0
1774898876.0440257,2.0
1774898876.0544703,2.0
1774898876.0649216,2.0
1774898876.0754817,2.0
1774898876.0859103,2.0
1774898876.0971184,2.0
1774898876.1076183,2.0
1774898876.11805,2.0
1774898876.1285489,2.0
1774898876.1389856,2.0
1774898876.149481,2.0
1774898876.159992,2.0
1774898876.170443,2.0
1774898876.181012,2.0
1774898876.1914597,2.0
1774898876.2019558,2.0
1774898876.212694,2.0
1774898876.2231016,2.0
1774898876.2335634,2.0
1774898876.244222,2.0
1774898876.2547014,2.0
1774898876.2651489,2.0
1774898876.2758093,2.0
1774898876.2863784,2.0
1774898876.2967665,2.0
1774898876.3072639,2.0
1774898876.3177748,2.0
1774898876.3282092,2.0
1774898876.3386583,2.0
1774898876.3493173,2.0
1774898876.3597147,2.0
1774898876.3701835,2.0
1774898876.3806834,2.0
1774898876.3911207,2.0
1774898876.4016242,2.0
1774898876.4120827,2.0
1774898876.4225495,2.0
1774898876.4330914,2.0
1774898876.443535,2.0
1774898876.4541821,2.0
1774898876.46464,2.0
1774898876.475086,2.0
1774898876.485557,2.0
1774898876.496162,2.0
1774898876.5066197,2.0
1774898876.5170906,2.0
1774898876.5276124,2.0
1774898876.5380683,2.0
1774898876.5487716,2.0
1774898876.55925,2.0
1774898876.5696962,2.0
1774898876.5801651,2.0
1774898876.5906239,2.0
1774898876.601127,2.0
1774898876.6116052,2.0
1774898876.6220772,2.0
1774898876.6325276,2.0
1774898876.6430256,2.0
1774898876.6535866,2.0
1774898876.664023,2.0
1774898876.6744814,2.0
1774898876.6849499,2.0
1774898876.6954818,2.0
1774898876.705935,2.0
1774898876.7164624,2.0
1774898876.7270012,2.0
1774898876.7374818,2.0
1774898876.747958,2.0
1774898876.7584326,2.0
1774898876.768886,2.0
1774898876.779342,2.0
1774898876.7897925,2.0
1774898876.8003147,2.0
1774898876.8109393,2.0
1774898876.8213851,2.0
1774898876.831885,2.0
1774898876.8423173,2.0
1774898876.8528416,2.0
1774898876.8632898,2.0
1774898876.873766,2.0
1774898876.8843148,2.0
1774898876.8947601,2.0
1774898876.9052224,2.0
1774898876.9156952,2.0
1774898876.9261353,2.0
1774898876.9366882,2.0
1774898876.9471354,2.0
1774898876.9576254,2.0
1774898876.9681187,2.0
1774898876.978584,2.0
1774898876.9890308,2.0
1774898876.9995232,2.0
1774898877.0099611,2.0
1774898877.020613,2.0
1774898877.0310516,2.0
1774898877.041492,2.0
1774898877.0519662,2.0
1774898877.0624087,2.0
1774898877.0729046,2.0
1774898877.0834346,2.0
1774898877.094603,2.0
1774898877.1050339,2.0
1774898877.1155272,2.0
1774898877.1260002,2.0
1774898877.136347,2.0
1774898877.146805,2.0
1774898877.1572773,2.0
1774898877.1677144,2.0
1774898877.178159,2.0
1774898877.1887124,2.0
1774898877.199266,2.0
1774898877.2099123,2.0
1774898877.2203264,2.0
1774898877.2307792,2.0
1774898877.2413127,2.0
1774898877.251943,2.0
1774898877.262439,2.0
1774898877.2730622,2.0
1774898877.2835746,2.0
1774898877.2940152,2.0
1774898877.3044727,2.0
1774898877.3149123,2.0
1774898877.3253884,2.0
1774898877.3358283,2.0
1774898877.3463748,2.0
1774898877.3568456,2.0
1774898877.3672886,2.0
1774898877.3777666,2.0
1774898877.3882139,2.0
1774898877.3987315,2.0
1774898877.4092126,2.0
1774898877.419634,2.0
1774898877.4300907,2.0
1774898877.4405382,2.0
1774898877.4511323,2.0
1774898877.4615817,2.0
1774898877.4720523,2.0
1774898877.4824939,2.0
1774898877.4930682,2.0
1774898877.5035932,2.0
1774898877.5141027,2.0
1774898877.524548,2.0
1774898877.535015,2.0
1774898877.5454593,2.0
1774898877.5560334,2.0
1774898877.5664933,2.0
1774898877.5769613,2.0
1774898877.5874047,2.0
1774898877.5979166,2.0
1774898877.608385,2.0
1774898877.6190195,2.0
1774898877.6294768,2.0
1774898877.6400506,2.0
1774898877.6506968,2.0
1774898877.6611652,2.0
1774898877.671656,2.0
1774898877.6821084,2.0
1774898877.6925726,2.0
1774898877.7030168,2.0
1774898877.713493,2.0
1774898877.723926,2.0
1774898877.7343578,2.0
1774898877.744827,2.0
1774898877.7552154,2.0
1774898877.765773,2.0
1774898877.7761981,2.0
1774898877.7866552,2.0
1774898877.797165,2.0
1774898877.8075943,2.0
1774898877.8180702,2.0
1774898877.8287067,2.0
1774898877.839128,2.0
1774898877.8495848,2.0
1774898877.8600059,2.0
1774898877.8704717,2.0
1774898877.8809226,2.0
1774898877.8913772,2.0
1774898877.901834,2.0
1774898877.9123616,2.0
1774898877.9227984,2.0
1774898877.933258,2.0
1774898877.943684,2.0
1774898877.9541335,2.0
1774898877.964591,2.0
1774898877.975036,2.0
1774898877.9855068,2.0
1774898877.9959655,2.0
1774898878.0064738,2.0
1774898878.0168748,2.0
1774898878.027313,2.0
1774898878.0377789,2.0
1774898878.0482533,2.0
1774898878.058637,2.0
1774898878.0690827,2.0
1774898878.0795176,2.0
1774898878.091417,2.0
1774898878.1017938,2.0
1774898878.1122606,2.0
1774898878.1226923,2.0
1774898878.1331556,2.0
1774898878.1436603,2.0
1774898878.1541183,2.0
1774898878.1645894,2.0
1774898878.1750374,2.0
1774898878.1857374,2.0
1774898878.196315,2.0
1774898878.2067602,2.0
1774898878.2172875,2.0
1774898878.227849,2.0
1774898878.2382905,2.0
1774898878.248934,2.0
1774898878.2593694,2.0
1774898878.2702088,2.0
1774898878.2806027,2.0
1774898878.2909343,2.0
1774898878.3015609,2.0
1774898878.3120556,2.0
1774898878.3224974,2.0
1774898878.3329406,2.0
1774898878.343392,2.0
1774898878.353876,2.0
1774898878.3643122,2.0
1774898878.3747542,2.0
1774898878.3852596,2.0
1774898878.3957014,2.0
1774898878.4061694,2.0
1774898878.4166505,2.0
1774898878.4270613,2.0
1774898878.4377418,2.0
1774898878.448173,2.0
1774898878.4586296,2.0
1774898878.4690685,2.0
1774898878.4795616,2.0
1774898878.490009,2.0
1774898878.5004365,2.0
1774898878.5108874,2.0
1774898878.5213504,2.0
1774898878.5317795,2.0
1774898878.5422063,2.0
1774898878.5528328,2.0
1774898878.5632918,2.0
1774898878.57376,2.0
1774898878.5841928,2.0
1774898878.594642,2.0
1774898878.605175,2.0
1774898878.6156297,2.0
1774898878.6260955,2.0
1774898878.6365473,2.0
1774898878.6469474,2.0
1774898878.6574461,2.0
1774898878.6679926,2.0
1774898878.678494,2.0
1774898878.6889303,2.0
1774898878.6993635,2.0
1774898878.7098217,2.0
1774898878.7202945,2.0
1774898878.7307615,2.0
1774898878.7411764,2.0
1774898878.7518222,2.0
1774898878.7624662,2.0
1774898878.7728884,2.0
1774898878.7833958,2.0
1774898878.7938416,2.0
1774898878.8044393,2.0
1774898878.8148475,2.0
1774898878.8254561,2.0
1774898878.8358653,2.0
1774898878.8463068,2.0
1774898878.8569136,2.0
1774898878.8673558,2.0
1774898878.8777804,2.0
1774898878.8882973,2.0
1774898878.8989334,2.0
1774898878.9093876,2.0
1774898878.9198096,2.0
1774898878.930261,2.0
1774898878.940719,2.0
1774898878.951193,2.0
1774898878.961646,2.0
1774898878.972138,2.0
1774898878.9828033,2.0
1774898878.993263,2.0
1774898879.0037913,2.0
1774898879.0142183,2.0
1774898879.0246725,2.0
1774898879.0352066,2.0
1774898879.045643,2.0
1774898879.0560763,2.0
1774898879.0666955,2.0
1774898879.0773363,2.0
1774898879.0889306,2.0
1774898879.0994372,2.0
1774898879.1099002,2.0
1774898879.1204329,2.0
1774898879.1308708,2.0
1774898879.1413012,2.0
1774898879.1519334,2.0
1774898879.1623955,2.0
1774898879.1728244,2.0
1774898879.183335,2.0
1774898879.1937644,2.0
1774898879.2042882,2.0
1774898879.215094,2.0
1774898879.2255728,2.0
1774898879.2360952,2.0
1774898879.2469158,2.0
1774898879.2573628,2.0
1774898879.2679129,2.0
1774898879.2785194,2.0
1774898879.289053,2.0
1774898879.2995224,2.0
1774898879.3100154,2.0
1774898879.3205,2.0
1774898879.3310258,2.0
1774898879.3415346,2.0
1774898879.3521223,2.0
1774898879.3625636,2.0
1774898879.3730783,2.0
1774898879.3835633,2.0
1774898879.3940597,2.0
1774898879.4045742,2.0
1774898879.4151828,2.0
1774898879.4256356,2.0
1774898879.436137,2.0
1774898879.446618,2.0
1774898879.4572263,2.0
1774898879.4677095,2.0
1774898879.4781885,2.0
1774898879.4886978,2.0
1774898879.4992745,2.0
1774898879.5097322,2.0
1774898879.520274,2.0
1774898879.5307562,2.0
1774898879.5412688,2.0
1774898879.5519507,2.0
1774898879.5624046,2.0
1774898879.5728824,2.0
1774898879.5833387,2.0
1774898879.5940244,2.0
1774898879.604551,2.0
1774898879.6150174,2.0
1774898879.625659,2.0
1774898879.6361215,2.0
1774898879.646643,2.0
1774898879.6572309,2.0
1774898879.667692,2.0
1774898879.6782932,2.0
1774898879.6887953,2.0
1774898879.699573,2.0
1774898879.710105,2.0
1774898879.7208402,2.0
1774898879.731345,2.0
1774898879.7419045,2.0
1774898879.7523773,2.0
1774898879.7629125,2.0
1774898879.7734423,2.0
1774898879.7840667,2.0
1774898879.794602,2.0
1774898879.8051472,2.0
1774898879.815685,2.0
1774898879.8263648,2.0
1774898879.8368464,2.0
1774898879.8474114,2.0
1774898879.8579254,2.0
1774898879.8684647,2.0
1774898879.8791091,2.0
1774898879.8896382,2.0
1774898879.9001586,2.0
1774898879.9106824,2.0
1774898879.921285,2.0
1774898879.9317803,2.0
1774898879.9423048,2.0
1774898879.9529374,2.0
1774898879.9634368,2.0
1774898879.9739776,2.0
1774898879.9845314,2.0
1774898879.9951742,2.0
1774898880.0057235,2.0
1774898880.0162535,2.0
1774898880.02679,2.0
1774898880.0373116,2.0
1774898880.0478468,2.0
1774898880.0583396,2.0
1774898880.068988,2.0
1774898880.0795372,2.0
1774898880.0911183,2.0
1774898880.1016228,2.0
1774898880.1121807,2.0
1774898880.1226583,2.0
1774898880.1331894,2.0
1774898880.1437032,2.0
1774898880.1542702,2.0
1774898880.164757,2.0
1774898880.175319,2.0
1774898880.185883,2.0
1774898880.1963983,2.0
1774898880.2069173,2.0
1774898880.217587,2.0
1774898880.2280657,2.0
1774898880.2385085,2.0
1774898880.2491815,2.0
1774898880.2596936,2.0
1774898880.2702327,2.0
1774898880.280945,2.0
1774898880.2914257,2.0
1774898880.3019261,2.0
1774898880.3125277,2.0
1774898880.322997,2.0
1774898880.333539,2.0
1774898880.3440273,2.0
1774898880.3546388,2.0
1774898880.365147,2.0
1774898880.3758917,2.0
1774898880.386359,2.0
1774898880.3968942,2.0
1774898880.4073908,2.0
1774898880.4178832,2.0
1774898880.428388,2.0
1774898880.4390805,2.0
1774898880.4495766,2.0
1774898880.460093,2.0
1774898880.4706,2.0
1774898880.4812076,2.0
1774898880.4917216,2.0
1774898880.5022159,2.0
1774898880.5127447,2.0
1774898880.5234153,2.0
1774898880.5338778,2.0
1774898880.5443583,2.0
1774898880.5549235,2.0
1774898880.565438,2.0
1774898880.5759907,2.0
1774898880.5864735,2.0
1774898880.5970323,2.0
1774898880.6075106,2.0
1774898880.6179786,2.0
1774898880.628527,2.0
1774898880.6390336,2.0
1774898880.6496894,2.0
1774898880.6601682,2.0
1774898880.670671,2.0
1774898880.6811848,2.0
1774898880.6916895,2.0
1774898880.7021794,2.0
1774898880.7126474,2.0
1774898880.7232544,2.0
1774898880.7337978,2.0
1774898880.7442899,2.0
1774898880.7548072,2.0
1774898880.7653084,2.0
1774898880.7758367,2.0
1774898880.7863238,2.0
1774898880.7967958,2.0
1774898880.8075316,2.0
1774898880.8179898,2.0
1774898880.8287234,2.0
1774898880.8391705,2.0
1774898880.8496394,2.0
1774898880.8601415,2.0
1774898880.870714,2.0
1774898880.88121,2.0
1774898880.8917491,2.0
1774898880.9022872,2.0
1774898880.9128187,2.0
1774898880.9232917,2.0
1774898880.9338038,2.0
1774898880.9443026,2.0
1774898880.954798,2.0
1774898880.9652915,2.0
1774898880.975761,2.0
1774898880.9863582,2.0
1774898880.9968662,2.0
1774898881.0074139,2.0
1774898881.0178978,2.0
1774898881.0285065,2.0
1774898881.0389953,2.0
1774898881.0494862,2.0
1774898881.0600462,2.0
1774898881.0705192,2.0
1774898881.0809994,2.0
1774898881.0925891,2.0
1774898881.103109,2.0
1774898881.1136212,2.0
1774898881.12412,2.0
1774898881.1346378,2.0
1774898881.1451018,2.0
1774898881.1555822,2.0
1774898881.166157,2.0
1774898881.1766217,2.0
1774898881.1871064,2.0
1774898881.1975744,2.0
1774898881.2081826,2.0
1774898881.2188349,2.0
1774898881.2293353,2.0
1774898881.239814,2.0
1774898881.2506201,2.0
1774898881.2610693,2.0
1774898881.2718759,2.0
1774898881.282502,2.0
1774898881.2930944,2.0
1774898881.3036158,2.0
1774898881.3141937,2.0
1774898881.324749,2.0
1774898881.335318,2.0
1774898881.3459625,2.0
1774898881.3564925,2.0
1774898881.3669765,2.0
1774898881.3775313,2.0
1774898881.3880343,2.0
1774898881.398543,2.0
1774898881.4091587,2.0
1774898881.419634,2.0
1774898881.4301944,2.0
1774898881.4406977,2.0
1774898881.4513147,2.0
1774898881.461788,2.0
1774898881.4722886,2.0
1774898881.4828017,2.0
1774898881.4933107,2.0
1774898881.5038676,2.0
1774898881.5143385,2.0
1774898881.5248125,2.0
1774898881.535385,2.0
1774898881.5459814,2.0
1774898881.5565033,2.0
1774898881.5670166,2.0
1774898881.5774918,2.0
1774898881.588076,2.0
1774898881.5986137,2.0
1774898881.6091847,2.0
1774898881.6196694,2.0
1774898881.6302538,2.0
1774898881.640731,2.0
1774898881.6513488,2.0
1774898881.6618366,2.0
1774898881.672323,2.0
1774898881.6829822,2.0
1774898881.6935425,2.0
1774898881.7040617,2.0
1774898881.7145853,2.0
1774898881.7251775,2.0
1774898881.7357044,2.0
1774898881.7463322,2.0
1774898881.7570133,2.0
1774898881.7675154,2.0
1774898881.778,2.0
1774898881.7885706,2.0
1774898881.7991493,2.0
1774898881.809676,2.0
1774898881.8201852,2.0
1774898881.8307393,2.0
1774898881.841281,2.0
1774898881.8517842,2.0
1774898881.8623009,2.0
1774898881.872818,2.0
1774898881.883375,2.0
1774898881.8940206,2.0
1774898881.904574,2.0
1774898881.9150531,2.0
1774898881.9255753,2.0
1774898881.9361184,2.0
1774898881.946816,2.0
1774898881.9573102,2.0
1774898881.9678135,2.0
1774898881.9783444,2.0
1774898881.9890387,2.0
1774898881.9995553,2.0
1774898882.010168,2.0
1774898882.020659,2.0
1774898882.031199,2.0
1774898882.0417657,2.0
1774898882.052267,2.0
1774898882.0628703,2.0
1774898882.073381,2.0
1774898882.0839424,2.0
1774898882.0949645,2.0
1774898882.1055872,2.0
1774898882.1161795,2.0
1774898882.126677,2.0
1774898882.1371803,2.0
1774898882.147664,2.0
1774898882.1581368,2.0
1774898882.168626,2.0
1774898882.1791015,2.0
1774898882.1896925,2.0
1774898882.200173,2.0
1774898882.2107406,2.0
1774898882.221285,2.0
1774898882.231765,2.0
1774898882.242309,2.0
1774898882.2528715,2.0
1774898882.263401,2.0
1774898882.2742174,2.0
1774898882.2847738,2.0
1774898882.2952688,2.0
1774898882.305936,2.0
1774898882.3164454,2.0
1774898882.3269527,2.0
1774898882.3374515,2.0
1774898882.3480487,2.0
1774898882.3585415,2.0
1774898882.3690317,2.0
1774898882.379571,2.0
1774898882.3901749,2.0
1774898882.4008365,2.0
1774898882.4113503,2.0
1774898882.4218638,2.0
1774898882.432375,2.0
1774898882.4428768,2.0
1774898882.4534338,2.0
1774898882.4639869,2.0
1774898882.4744837,2.0
1774898882.4849408,2.0
1774898882.4954653,2.0
1774898882.506038,2.0
1774898882.516635,2.0
1774898882.5271907,2.0
1774898882.5376863,2.0
1774898882.5482585,2.0
1774898882.5587049,2.0
1774898882.5692115,2.0
1774898882.5797164,2.0
1774898882.5902228,2.0
1774898882.6007185,2.0
1774898882.6113496,2.0
1774898882.621852,2.0
1774898882.6323411,2.0
1774898882.6428514,2.0
1774898882.6533973,2.0
1774898882.663865,2.0
1774898882.6743834,2.0
1774898882.6849363,2.0
1774898882.6954694,2.0
1774898882.7059534,2.0
1774898882.716461,2.0
1774898882.7269232,2.0
1774898882.7374067,2.0
1774898882.747915,2.0
1774898882.7584538,2.0
1774898882.7689612,2.0
1774898882.7794547,2.0
1774898882.7900355,2.0
1774898882.8005483,2.0
1774898882.811153,2.0
1774898882.821624,2.0
1774898882.8322325,2.0
1774898882.8429308,2.0
1774898882.853438,2.0
1774898882.863968,2.0
1774898882.8744926,2.0
1774898882.8849988,2.0
1774898882.8955805,2.0
1774898882.9060962,2.0
1774898882.91665,2.0
1774898882.9271603,2.0
1774898882.9377017,2.0
1774898882.9482005,2.0
1774898882.9587495,2.0
1774898882.9691224,2.0
1774898882.979843,2.0
1774898882.9903357,2.0
1774898883.0008614,2.0
1774898883.0113373,2.0
1774898883.021863,2.0
1774898883.0324183,2.0
1774898883.0429013,2.0
1774898883.0534673,2.0
1774898883.0641031,2.0
1774898883.0745978,2.0
1774898883.0850914,2.0
1774898883.0969799,2.0
1774898883.1073852,2.0
1774898883.117881,2.0
1774898883.1283753,2.0
1774898883.1388495,2.0
1774898883.1494358,2.0
1774898883.1599455,2.0
1774898883.1704335,2.0
1774898883.1809354,2.0
1774898883.1916127,2.0
1774898883.202255,2.0
1774898883.2129507,2.0
1774898883.2234697,2.0
1774898883.2339573,2.0
1774898883.2445574,2.0
1774898883.2550557,2.0
1774898883.2655756,2.0
1774898883.276329,2.0
1774898883.2869773,2.0
1774898883.2974575,2.0
1774898883.3079839,2.0
1774898883.3185265,2.0
1774898883.3290472,2.0
1774898883.3397822,2.0
1774898883.3502896,2.0
1774898883.360824,2.0
1774898883.3713095,2.0
1774898883.3818393,2.0
1774898883.392426,2.0
1774898883.4029481,2.0
1774898883.4134839,2.0
1774898883.4240887,2.0
1774898883.4346159,2.0
1774898883.445127,2.0
1774898883.4556623,2.0
1774898883.466175,2.0
1774898883.4766967,2.0
1774898883.4872093,2.0
1774898883.497726,2.0
1774898883.5082781,2.0
1774898883.5187817,2.0
1774898883.529296,2.0
1774898883.539849,2.0
1774898883.5502086,2.0
1774898883.5607357,2.0
1774898883.571209,2.0
1774898883.5817585,2.0
1774898883.592295,2.0
1774898883.602848,2.0
1774898883.6133032,2.0
1774898883.623805,2.0
1774898883.6343277,2.0
1774898883.6448154,2.0
1774898883.6554286,2.0
1774898883.6659126,2.0
1774898883.676462,2.0
1774898883.6869605,2.0
1774898883.6974635,2.0
1774898883.7079518,2.0
1774898883.7184963,2.0
1774898883.7289815,2.0
1774898883.73958,2.0
1774898883.7500544,2.0
1774898883.7605457,2.0
1774898883.7710676,2.0
1774898883.7815979,2.0
1774898883.7924488,2.0
1774898883.8028316,2.0
1774898883.8133986,2.0
1774898883.82392,2.0
1774898883.8344555,2.0
1774898883.8450434,2.0
1774898883.855571,2.0
1774898883.8660774,2.0
1774898883.876694,2.0
1774898883.887194,2.0
1774898883.897703,2.0
1774898883.9082494,2.0
1774898883.9187994,2.0
1774898883.929276,2.0
1774898883.939816,2.0
1774898883.9503129,2.0
1774898883.9608715,2.0
1774898883.971402,2.0
1774898883.9819145,2.0
1774898883.9924011,2.0
1774898884.002887,2.0
1774898884.0134163,2.0
1774898884.0239282,2.0
1774898884.0344322,2.0
1774898884.0449429,2.0
1774898884.055499,2.0
1774898884.065941,2.0
1774898884.0767584,2.0
1774898884.0884624,2.0
1774898884.098912,2.0
1774898884.1094606,2.0
1774898884.120009,2.0
1774898884.1305006,2.0
1774898884.1410117,2.0
1774898884.151732,2.0
1774898884.1622102,2.0
1774898884.1726959,2.0
1774898884.1832058,2.0
1774898884.193722,2.0
1774898884.2042553,2.0
1774898884.215,2.0
1774898884.2255044,2.0
1774898884.2359836,2.0
1774898884.2465577,2.0
1774898884.2569804,2.0
1774898884.2674615,2.0
1774898884.2781398,2.0
1774898884.2888474,2.0
1774898884.2993848,2.0
1774898884.3098838,2.0
1774898884.3204303,2.0
1774898884.3309267,2.0
1774898884.341483,2.0
1774898884.3520644,2.0
1774898884.3625965,2.0
1774898884.3731077,2.0
1774898884.3836205,2.0
1774898884.394165,2.0
1774898884.4046807,2.0
1774898884.4151886,2.0
1774898884.4256856,2.0
1774898884.4362183,2.0
1774898884.4467025,2.0
1774898884.4572508,2.0
1774898884.4677484,2.0
1774898884.4782372,2.0
1774898884.488749,2.0
1774898884.4992507,2.0
1774898884.5097735,2.0
1774898884.520319,2.0
1774898884.530842,2.0
1774898884.5413022,2.0
1774898884.5518076,2.0
1774898884.562391,2.0
1774898884.5728533,2.0
1774898884.5832963,2.0
1774898884.5939438,2.0
1774898884.604418,2.0
1774898884.6149154,2.0
1774898884.6254172,2.0
1774898884.6359007,2.0
1774898884.6464477,2.0
1774898884.6569464,2.0
1774898884.6674142,2.0
1774898884.678027,2.0
1774898884.688511,2.0
1774898884.6990058,2.0
1774898884.7095208,2.0
1774898884.7200146,2.0
1774898884.7305303,2.0
1774898884.7410073,2.0
1774898884.751495,2.0
1774898884.761982,2.0
1774898884.7724953,2.0
1774898884.7829983,2.0
1774898884.793724,2.0
1774898884.8042521,2.0
1774898884.815045,2.0
1774898884.825587,2.0
1774898884.8362718,2.0
1774898884.8469357,2.0
1774898884.8574235,2.0
1774898884.867907,2.0
1774898884.878411,2.0
1774898884.8890622,2.0
1774898884.8995342,2.0
1774898884.9100344,2.0
1774898884.920504,2.0
1774898884.9309576,2.0
1774898884.9414952,2.0
1774898884.9519498,2.0
1774898884.962397,2.0
1774898884.9728315,2.0
1774898884.9833283,2.0
1774898884.993873,2.0
1774898885.0044396,2.0
1774898885.014934,2.0
1774898885.0254655,2.0
1774898885.036067,2.0
1774898885.0465524,2.0
1774898885.0570517,2.0
1774898885.0675554,2.0
1774898885.0780382,2.0
1774898885.089976,2.0
1774898885.1004362,2.0
1774898885.110977,2.0
1774898885.1216824,2.0
1774898885.1321719,2.0
1774898885.14269,2.0
1774898885.15316,2.0
1774898885.1638882,2.0
1774898885.1743562,2.0
1774898885.1849,2.0
1774898885.1953738,2.0
1774898885.206073,2.0
1774898885.216677,2.0
1774898885.2271562,2.0
1774898885.2378614,2.0
1774898885.24845,2.0
1774898885.2588842,2.0
1774898885.269341,2.0
1774898885.280191,2.0
1774898885.2907207,2.0
1774898885.3012848,2.0
1774898885.311759,2.0
1774898885.3222744,2.0
1774898885.3327718,2.0
1774898885.3432658,2.0
1774898885.3538396,2.0
1774898885.364337,2.0
1774898885.3748422,2.0
1774898885.385319,2.0
1774898885.3958256,2.0
1774898885.4063122,2.0
1774898885.4168696,2.0
1774898885.427338,2.0
1774898885.4379418,2.0
1774898885.44839,2.0
1774898885.4589345,2.0
1774898885.469426,2.0
1774898885.479941,2.0
1774898885.490502,2.0
1774898885.501002,2.0
1774898885.5117319,2.0
1774898885.5222738,2.0
1774898885.532748,2.0
1774898885.543263,2.0
1774898885.5537202,2.0
1774898885.564196,2.0
1774898885.574678,2.0
1774898885.5854425,2.0
1774898885.5960746,2.0
1774898885.6065178,2.0
1774898885.616991,2.0
1774898885.6275342,2.0
1774898885.6380162,2.0
1774898885.64872,2.0
1774898885.6592023,2.0
1774898885.6696918,2.0
1774898885.6801646,2.0
1774898885.6906786,2.0
1774898885.7012668,2.0
1774898885.7119668,2.0
1774898885.7224624,2.0
1774898885.7329764,2.0
1774898885.743454,2.0
1774898885.7539418,2.0
1774898885.7644157,2.0
1774898885.7749252,2.0
1774898885.7854755,2.0
1774898885.795961,2.0
1774898885.80645,2.0
1774898885.8171177,2.0
1774898885.8276503,2.0
1774898885.8383284,2.0
1774898885.8489609,2.0
1774898885.8595042,2.0
1774898885.869999,2.0
1774898885.8805199,2.0
1774898885.8911102,2.0
1774898885.9015958,2.0
1774898885.9121594,2.0
1774898885.922825,2.0
1774898885.9333494,2.0
1774898885.9438927,2.0
1774898885.9544172,2.0
1774898885.9649694,2.0
1774898885.9755661,2.0
1774898885.986059,2.0
1774898885.9965594,2.0
1774898886.0070658,2.0
1774898886.0177846,2.0
1774898886.0283537,2.0
1774898886.038881,2.0
1774898886.0493903,2.0
1774898886.0598557,2.0
1774898886.0704095,2.0
1774898886.0810394,2.0
1774898886.0928907,2.0
1774898886.1034634,2.0
1774898886.1139674,2.0
1774898886.1244636,2.0
1774898886.135016,2.0
1774898886.145573,2.0
1774898886.1561365,2.0
1774898886.166617,2.0
1774898886.177126,2.0
1774898886.187697,2.0
1774898886.1981986,2.0
1774898886.2089176,2.0
1774898886.2195392,2.0
1774898886.230037,2.0
1774898886.2406394,2.0
1774898886.2511675,2.0
1774898886.2616866,2.0
1774898886.2722218,2.0
1774898886.2831655,2.0
1774898886.293619,2.0
1774898886.304142,2.0
1774898886.3147786,2.0
1774898886.325301,2.0
1774898886.3358052,2.0
1774898886.3463268,2.0
1774898886.3569963,2.0
1774898886.367592,2.0
1774898886.3782887,2.0
1774898886.3888443,2.0
1774898886.3994112,2.0
1774898886.41003,2.0
1774898886.4206402,2.0
1774898886.4311702,2.0
1774898886.4416893,2.0
1774898886.4521997,2.0
1774898886.4627717,2.0
1774898886.4733007,2.0
1774898886.483815,2.0
1774898886.4943788,2.0
1774898886.5049603,2.0
1774898886.5155032,2.0
1774898886.5260324,2.0
1774898886.5366383,2.0
1774898886.5471323,2.0
1774898886.5577123,2.0
1774898886.5682502,2.0
1774898886.578745,2.0
1774898886.5892744,2.0
1774898886.599935,2.0
1774898886.6106007,2.0
1774898886.6211593,2.0
1774898886.631669,2.0
1774898886.6422753,2.0
1774898886.6527772,2.0
1774898886.6633167,2.0
1774898886.6739,2.0
1774898886.684409,2.0
1774898886.6949277,2.0
1774898886.7054405,2.0
1774898886.716065,2.0
1774898886.72657,2.0
1774898886.7371464,2.0
1774898886.747659,2.0
1774898886.7583067,2.0
1774898886.7688117,2.0
1774898886.779354,2.0
1774898886.7898405,2.0
1774898886.8003626,2.0
1774898886.8110428,2.0
1774898886.8215442,2.0
1774898886.8321033,2.0
1774898886.8426197,2.0
1774898886.8531923,2.0
1774898886.8636646,2.0
1774898886.8741317,2.0
1774898886.8846202,2.0
1774898886.8951857,2.0
1774898886.9056437,2.0
1774898886.9162984,2.0
1774898886.9268398,2.0
1774898886.9373639,2.0
1774898886.947837,2.0
1774898886.9583538,2.0
1774898886.9688222,2.0
1774898886.9793055,2.0
1774898886.9898417,2.0
1774898887.000456,2.0
1774898887.0109181,2.0
1774898887.0214097,2.0
1774898887.0319192,2.0
1774898887.0424864,2.0
1774898887.0530207,2.0
1774898887.0635138,2.0
1774898887.0739903,2.0
1774898887.0845127,2.0
1774898887.0959702,2.0
1774898887.1065056,2.0
1774898887.117013,2.0
1774898887.1277213,2.0
1774898887.1381557,2.0
1774898887.148618,2.0
1774898887.159128,2.0
1774898887.1698647,2.0
1774898887.180339,2.0
1774898887.1908176,2.0
1774898887.2013376,2.0
1774898887.2119298,2.0
1774898887.222413,2.0
1774898887.2329192,2.0
1774898887.2434464,2.0
1774898887.2539594,2.0
1774898887.2645152,2.0
1774898887.275024,2.0
1774898887.2857525,2.0
1774898887.2961805,2.0
1774898887.3066742,2.0
1774898887.317211,2.0
1774898887.3277326,2.0
1774898887.3383014,2.0
1774898887.3487494,2.0
1774898887.359356,2.0
1774898887.369813,2.0
1774898887.3803482,2.0
1774898887.3910308,2.0
1774898887.4014587,2.0
1774898887.4119682,2.0
1774898887.4225016,2.0
1774898887.4331,2.0
1774898887.4436016,2.0
1774898887.4541204,2.0
1774898887.4648273,2.0
1774898887.47532,2.0
1774898887.4858222,2.0
1774898887.4963448,2.0
1774898887.5068464,2.0
1774898887.5173411,2.0
1774898887.527838,2.0
1774898887.538292,2.0
1774898887.548806,2.0
1774898887.559341,2.0
1774898887.5698683,2.0
1774898887.5803769,2.0
1774898887.5908682,2.0
1774898887.601437,2.0
1774898887.6120498,2.0
1774898887.6225474,2.0
1774898887.6330745,2.0
1774898887.6435156,2.0
1774898887.6541154,2.0
1774898887.6646254,2.0
1774898887.67514,2.0
1774898887.6856496,2.0
1774898887.6962216,2.0
1774898887.7066946,2.0
1774898887.7171838,2.0
1774898887.727646,2.0
1774898887.7381399,2.0
1774898887.7486882,2.0
1774898887.759171,2.0
1774898887.7696846,2.0
1774898887.7801836,2.0
1774898887.7907155,2.0
1774898887.801212,2.0
1774898887.8116868,2.0
1774898887.8221648,2.0
1774898887.8327334,2.0
1774898887.8432355,2.0
1774898887.8537312,2.0
1774898887.8643312,2.0
1774898887.8748176,2.0
1774898887.8855357,2.0
1774898887.89603,2.0
1774898887.906506,2.0
1774898887.917107,2.0
1774898887.9275923,2.0
1774898887.9380767,2.0
1774898887.9486277,2.0
1774898887.9592323,2.0
1774898887.9697394,2.0
1774898887.9802196,2.0
1774898887.9907558,2.0
1774898888.0012507,2.0
1774898888.0117428,2.0
1774898888.022325,2.0
1774898888.032821,2.0
1774898888.0431788,2.0
1774898888.053668,2.0
1774898888.0641778,2.0
1774898888.0746946,2.0
1774898888.0852864,2.0
1774898888.0971975,2.0
1774898888.10768,2.0
1774898888.1181808,2.0
1774898888.1286955,2.0
1774898888.1392114,2.0
1774898888.1497338,2.0
1774898888.1602128,2.0
1774898888.1706972,2.0
1774898888.1812968,2.0
1774898888.1917794,2.0
1774898888.2022274,2.0
1774898888.2131615,2.0
1774898888.2236984,2.0
1774898888.234271,2.0
1774898888.2449355,2.0
1774898888.255427,2.0
1774898888.2659695,2.0
1774898888.2764401,2.0
1774898888.2871108,2.0
1774898888.2975824,2.0
1774898888.3080862,2.0
1774898888.3185408,2.0
1774898888.3290496,2.0
1774898888.3395646,2.0
1774898888.3500779,2.0
1774898888.3634465,2.0
1774898888.3742974,2.0
1774898888.3851035,2.0
1774898888.3957999,2.0
1774898888.4064815,2.0
1774898888.417296,2.0
1774898888.4279253,2.0
1774898888.4385822,2.0
1774898888.4492135,2.0
1774898888.4598644,2.0
1774898888.4706538,2.0
1774898888.4813106,2.0
1774898888.4919486,2.0
1774898888.502575,2.0
1774898888.5132515,2.0
1774898888.523886,2.0
1774898888.5345557,2.0
1774898888.545181,2.0
1774898888.555816,2.0
1774898888.5664647,2.0
1774898888.5771108,2.0
1774898888.5877519,2.0
1774898888.5984244,2.0
1774898888.6090639,2.0
1774898888.6198812,2.0
1774898888.630496,2.0
1774898888.6412544,2.0
1774898888.6518736,2.0
1774898888.6623762,2.0
1774898888.6729941,2.0
1774898888.68368,2.0
1774898888.69436,2.0
1774898888.7049963,2.0
1774898888.715623,2.0
1774898888.7263105,2.0
1774898888.736914,2.0
1774898888.747562,2.0
1774898888.7582362,2.0
1774898888.768907,2.0
1774898888.7795553,2.0
1774898888.790437,2.0
1774898888.8010392,2.0
1774898888.8118832,2.0
1774898888.822613,2.0
1774898888.8333437,2.0
1774898888.8439744,2.0
1774898888.8546302,2.0
1774898888.8653078,2.0
1774898888.8760142,2.0
1774898888.8864803,2.0
1774898888.896984,2.0
1774898888.9076383,2.0
1774898888.9183185,2.0
1774898888.9289882,2.0
1774898888.9396257,2.0
1774898888.9502807,2.0
1774898888.960916,2.0
1774898888.9716299,2.0
1774898888.9822674,2.0
1774898888.9929433,2.0
1774898889.003635,2.0
1774898889.014279,2.0
1774898889.0250378,2.0
1774898889.0356643,2.0
1774898889.0462713,2.0
1774898889.0569274,2.0
1774898889.0676415,2.0
1774898889.0784082,2.0
1774898889.0897527,2.0
1774898889.100849,2.0
1774898889.1115015,2.0
1774898889.1221366,2.0
1774898889.1327574,2.0
1774898889.1433756,2.0
1774898889.1540158,2.0
1774898889.1646807,2.0
1774898889.1753929,2.0
1774898889.186068,2.0
1774898889.1967897,2.0
1774898889.2072613,2.0
1774898889.21808,2.0
1774898889.2287254,2.0
1774898889.2394238,2.0
1774898889.2502992,2.0
1774898889.2608955,2.0
1774898889.2715738,2.0
1774898889.2825325,2.0
1774898889.2929726,2.0
1774898889.3034751,2.0
1774898889.314399,2.0
1774898889.3249102,2.0
1774898889.3354309,2.0
1774898889.3459496,2.0
1774898889.3564649,2.0
1774898889.3670068,2.0
1774898889.3775618,2.0
1774898889.3880625,2.0
1774898889.3985612,2.0
1774898889.4091988,2.0
1774898889.4198022,2.0
1774898889.4303336,2.0
1774898889.4409459,2.0
1774898889.4515018,2.0
1774898889.462007,2.0
1774898889.4726188,2.0
1774898889.4832857,2.0
1774898889.4938068,2.0
1774898889.504291,2.0
1774898889.514827,2.0
1774898889.525358,2.0
1774898889.5358791,2.0
1774898889.5464046,2.0
1774898889.5570908,2.0
1774898889.5675905,2.0
1774898889.5781171,2.0
1774898889.5886166,2.0
1774898889.59913,2.0
1774898889.6096315,2.0
1774898889.6202037,2.0
1774898889.6308653,2.0
1774898889.6413586,2.0
1774898889.651854,2.0
1774898889.6623762,2.0
1774898889.6728704,2.0
1774898889.6833465,2.0
1774898889.6938233,2.0
1774898889.704459,2.0
1774898889.7149692,2.0
1774898889.7254496,2.0
1774898889.735972,2.0
1774898889.7464921,2.0
1774898889.7569895,2.0
1774898889.7674825,2.0
1774898889.778128,2.0
1774898889.788632,2.0
1774898889.7991984,2.0
1774898889.8098288,2.0
1774898889.8205552,2.0
1774898889.8311608,2.0
1774898889.8417385,2.0
1774898889.8523068,2.0
1774898889.8628252,2.0
1774898889.873445,2.0
1774898889.8839858,2.0
1774898889.894649,2.0
1774898889.905195,2.0
1774898889.9157577,2.0
1774898889.9263399,2.0
1774898889.9373271,2.0
1774898889.9478803,2.0
1774898889.9584243,2.0
1774898889.9689696,2.0
1774898889.9795613,2.0
1774898889.9901204,2.0
1774898890.0006568,2.0
1774898890.0111728,2.0
1774898890.0218024,2.0
1774898890.0323684,2.0
1774898890.0429442,2.0
1774898890.0534859,2.0
1774898890.06407,2.0
1774898890.074592,2.0
1774898890.0864208,2.0
1774898890.097118,2.0
1774898890.1076798,2.0
1774898890.1182144,2.0
1774898890.128762,2.0
1774898890.1393137,2.0
1774898890.1498322,2.0
1774898890.1604283,2.0
1774898890.1710246,2.0
1774898890.181618,2.0
1774898890.1921787,2.0
1774898890.202684,2.0
1774898890.2134843,2.0
1774898890.2241328,2.0
1774898890.2346897,2.0
1774898890.24542,2.0
1774898890.255944,2.0
1774898890.266527,2.0
1774898890.2770844,2.0
1774898890.287825,2.0
1774898890.298391,2.0
1774898890.3089464,2.0
1774898890.319565,2.0
1774898890.3301024,2.0
1774898890.3407106,2.0
1774898890.3511865,2.0
1774898890.3619282,2.0
1774898890.3724499,2.0
1774898890.383006,2.0
1774898890.3935404,2.0
1774898890.404106,2.0
1774898890.4147298,2.0
1774898890.4254007,2.0
1774898890.4360669,2.0
1774898890.4466052,2.0
1774898890.4570801,2.0
1774898890.4677107,2.0
1774898890.4782846,2.0
1774898890.4890268,2.0
1774898890.4996314,2.0
1774898890.5101895,2.0
1774898890.5207746,2.0
1774898890.5313642,2.0
1774898890.541897,2.0
1774898890.5524178,2.0
1774898890.5629764,2.0
1774898890.573558,2.0
1774898890.5840945,2.0
1774898890.5946488,2.0
1774898890.6051974,2.0
1774898890.61575,2.0
1774898890.6264272,2.0
1774898890.6369715,2.0
1774898890.6475432,2.0
1774898890.6580677,2.0
1774898890.6686406,2.0
1774898890.6791828,2.0
1774898890.6897984,2.0
1774898890.7003412,2.0
1774898890.7108686,2.0
1774898890.7213848,2.0
1774898890.7319179,2.0
1774898890.7424855,2.0
1774898890.7530775,2.0
1774898890.7636113,2.0
1774898890.7741227,2.0
1774898890.7846231,2.0
1774898890.795208,2.0
1774898890.8057542,2.0
1774898890.8166182,2.0
1774898890.827304,2.0
1774898890.837964,2.0
1774898890.848486,2.0
1774898890.859039,2.0
1774898890.869675,2.0
1774898890.8801756,2.0
1774898890.8907151,2.0
1774898890.9012933,2.0
1774898890.911821,2.0
1774898890.9223692,2.0
1774898890.9277215,1.0
