time,actuator,value
1738733039.4052775,Actuator(ptr=c_void_p(94425790622992)),165.0
1738733044.4228194,Actuator(ptr=c_void_p(94425790622992)),165.0
1738733049.4405017,Actuator(ptr=c_void_p(94425790622992)),165.0
1738733054.456924,Actuator(ptr=c_void_p(94425790622992)),165.0
1738733059.475563,Actuator(ptr=c_void_p(94425790622992)),165.0
1738733064.491714,Actuator(ptr=c_void_p(94425790622992)),165.0
1738733069.5085838,Actuator(ptr=c_void_p(94425790622992)),165.0
1738733074.5262535,Actuator(ptr=c_void_p(94425790622992)),165.0
