time,actuator,value
1738732358.186587,Actuator(ptr=c_void_p(94425790622992)),153.0
1738732363.2038417,Actuator(ptr=c_void_p(94425790622992)),153.0
1738732368.221084,Actuator(ptr=c_void_p(94425790622992)),153.0
1738732373.239431,Actuator(ptr=c_void_p(94425790622992)),153.0
1738732378.2581358,Actuator(ptr=c_void_p(94425790622992)),153.0
1738732383.2782881,Actuator(ptr=c_void_p(94425790622992)),153.0
1738732388.2962737,Actuator(ptr=c_void_p(94425790622992)),153.0
1738732393.314465,Actuator(ptr=c_void_p(94425790622992)),153.0
