time,actuator,value
1738778179.7471378,Actuator(ptr=c_void_p(94233528672144)),107.0
1738778184.7654457,Actuator(ptr=c_void_p(94233528672144)),107.0
1738778189.7821624,Actuator(ptr=c_void_p(94233528672144)),107.0
1738778194.8026097,Actuator(ptr=c_void_p(94233528672144)),107.0
1738778199.8228767,Actuator(ptr=c_void_p(94233528672144)),107.0
1738778204.8411698,Actuator(ptr=c_void_p(94233528672144)),107.0
1738778209.857665,Actuator(ptr=c_void_p(94233528672144)),107.0
1738778214.875196,Actuator(ptr=c_void_p(94233528672144)),107.0
1738778219.8917522,Actuator(ptr=c_void_p(94233528672144)),107.0
