time,actuator,value
1738777433.780872,Actuator(ptr=c_void_p(94282427277200)),141.0
1738777438.7997296,Actuator(ptr=c_void_p(94282427277200)),141.0
1738777443.8163724,Actuator(ptr=c_void_p(94282427277200)),141.0
1738777448.8316624,Actuator(ptr=c_void_p(94282427277200)),141.0
1738777453.8467276,Actuator(ptr=c_void_p(94282427277200)),141.0
1738777458.861129,Actuator(ptr=c_void_p(94282427277200)),141.0
1738777463.8752425,Actuator(ptr=c_void_p(94282427277200)),141.0
1738777468.8922124,Actuator(ptr=c_void_p(94282427277200)),141.0
1738777473.9070332,Actuator(ptr=c_void_p(94282427277200)),141.0
