time,actuator,value
1738767398.684589,Actuator(ptr=c_void_p(94704589911200)),165.0
1738767403.701314,Actuator(ptr=c_void_p(94704589911200)),165.0
1738767408.7198343,Actuator(ptr=c_void_p(94704589911200)),165.0
1738767413.737811,Actuator(ptr=c_void_p(94704589911200)),165.0
1738767418.7586136,Actuator(ptr=c_void_p(94704589911200)),165.0
1738767423.7808757,Actuator(ptr=c_void_p(94704589911200)),165.0
1738767428.8008118,Actuator(ptr=c_void_p(94704589911200)),165.0
1738767433.8256116,Actuator(ptr=c_void_p(94704589911200)),165.0
