time,actuator,value
1738747019.1369786,Actuator(ptr=c_void_p(94499488352256)),165.0
1738747024.1559284,Actuator(ptr=c_void_p(94499488352256)),165.0
1738747029.1727543,Actuator(ptr=c_void_p(94499488352256)),165.0
1738747034.1898704,Actuator(ptr=c_void_p(94499488352256)),165.0
1738747039.2098887,Actuator(ptr=c_void_p(94499488352256)),165.0
1738747044.2276888,Actuator(ptr=c_void_p(94499488352256)),165.0
1738747049.248688,Actuator(ptr=c_void_p(94499488352256)),165.0
1738747054.2664394,Actuator(ptr=c_void_p(94499488352256)),165.0
