time,actuator,value
1738767566.4258723,Actuator(ptr=c_void_p(94704589911200)),165.0
1738767571.443017,Actuator(ptr=c_void_p(94704589911200)),165.0
1738767576.4590049,Actuator(ptr=c_void_p(94704589911200)),165.0
1738767581.4765244,Actuator(ptr=c_void_p(94704589911200)),165.0
1738767586.492556,Actuator(ptr=c_void_p(94704589911200)),165.0
1738767591.5111997,Actuator(ptr=c_void_p(94704589911200)),165.0
1738767596.5313797,Actuator(ptr=c_void_p(94704589911200)),165.0
1738767601.5523376,Actuator(ptr=c_void_p(94704589911200)),165.0
