time,actuator,value
1738727199.9619734,Actuator(ptr=c_void_p(93963825573424)),78.0
1738727204.979893,Actuator(ptr=c_void_p(93963825573424)),78.0
1738727209.998411,Actuator(ptr=c_void_p(93963825573424)),78.0
1738727215.0175047,Actuator(ptr=c_void_p(93963825573424)),78.0
1738727220.0352666,Actuator(ptr=c_void_p(93963825573424)),78.0
1738727225.0556479,Actuator(ptr=c_void_p(93963825573424)),78.0
1738727230.075572,Actuator(ptr=c_void_p(93963825573424)),78.0
1738727235.0952237,Actuator(ptr=c_void_p(93963825573424)),78.0
1738727240.117306,Actuator(ptr=c_void_p(93963825573424)),78.0
