time,actuator,value
1738729802.615572,Actuator(ptr=c_void_p(94485688121152)),112.0
1738729807.6326315,Actuator(ptr=c_void_p(94485688121152)),112.0
1738729812.6501698,Actuator(ptr=c_void_p(94485688121152)),112.0
1738729817.6673236,Actuator(ptr=c_void_p(94485688121152)),112.0
1738729822.685034,Actuator(ptr=c_void_p(94485688121152)),112.0
1738729827.7020595,Actuator(ptr=c_void_p(94485688121152)),112.0
1738729832.717821,Actuator(ptr=c_void_p(94485688121152)),112.0
1738729837.7358403,Actuator(ptr=c_void_p(94485688121152)),112.0
