time,actuator,value
1738777307.5964198,Actuator(ptr=c_void_p(94282427277200)),124.0
1738777312.6136525,Actuator(ptr=c_void_p(94282427277200)),124.0
1738777317.6330426,Actuator(ptr=c_void_p(94282427277200)),124.0
1738777322.649931,Actuator(ptr=c_void_p(94282427277200)),124.0
1738777327.6678414,Actuator(ptr=c_void_p(94282427277200)),124.0
1738777332.6837256,Actuator(ptr=c_void_p(94282427277200)),124.0
1738777337.7006922,Actuator(ptr=c_void_p(94282427277200)),124.0
1738777342.7195055,Actuator(ptr=c_void_p(94282427277200)),124.0
1738777347.7384398,Actuator(ptr=c_void_p(94282427277200)),124.0
