time,actuator,value
1738747439.355963,Actuator(ptr=c_void_p(94499488352256)),165.0
1738747444.37242,Actuator(ptr=c_void_p(94499488352256)),165.0
1738747449.3893695,Actuator(ptr=c_void_p(94499488352256)),165.0
1738747454.408221,Actuator(ptr=c_void_p(94499488352256)),165.0
1738747459.4245844,Actuator(ptr=c_void_p(94499488352256)),165.0
1738747464.4430618,Actuator(ptr=c_void_p(94499488352256)),165.0
1738747469.4626172,Actuator(ptr=c_void_p(94499488352256)),165.0
1738747474.4816318,Actuator(ptr=c_void_p(94499488352256)),165.0
