time,actuator,value
1738732717.7878184,Actuator(ptr=c_void_p(94425790622992)),159.0
1738732722.8028607,Actuator(ptr=c_void_p(94425790622992)),159.0
1738732727.8186038,Actuator(ptr=c_void_p(94425790622992)),159.0
1738732732.8323574,Actuator(ptr=c_void_p(94425790622992)),159.0
1738732737.8506613,Actuator(ptr=c_void_p(94425790622992)),159.0
1738732742.8686182,Actuator(ptr=c_void_p(94425790622992)),159.0
1738732747.889675,Actuator(ptr=c_void_p(94425790622992)),159.0
1738732752.9086235,Actuator(ptr=c_void_p(94425790622992)),159.0
