time,actuator,value
1738777570.4931538,Actuator(ptr=c_void_p(94282427277200)),159.0
1738777575.5092087,Actuator(ptr=c_void_p(94282427277200)),159.0
1738777580.5266392,Actuator(ptr=c_void_p(94282427277200)),159.0
1738777585.5455513,Actuator(ptr=c_void_p(94282427277200)),159.0
1738777590.5634809,Actuator(ptr=c_void_p(94282427277200)),159.0
1738777595.5793266,Actuator(ptr=c_void_p(94282427277200)),159.0
1738777600.5966196,Actuator(ptr=c_void_p(94282427277200)),159.0
1738777605.6136737,Actuator(ptr=c_void_p(94282427277200)),159.0
