time,actuator,value
1738731959.4152064,Actuator(ptr=c_void_p(94425790622992)),147.0
1738731964.4317086,Actuator(ptr=c_void_p(94425790622992)),147.0
1738731969.4498973,Actuator(ptr=c_void_p(94425790622992)),147.0
1738731974.4696243,Actuator(ptr=c_void_p(94425790622992)),147.0
1738731979.489153,Actuator(ptr=c_void_p(94425790622992)),147.0
1738731984.5048845,Actuator(ptr=c_void_p(94425790622992)),147.0
1738731989.5218441,Actuator(ptr=c_void_p(94425790622992)),147.0
1738731994.540382,Actuator(ptr=c_void_p(94425790622992)),147.0
