time,actuator,value
1738778094.732838,Actuator(ptr=c_void_p(94233528672144)),95.0
1738778099.7495992,Actuator(ptr=c_void_p(94233528672144)),95.0
1738778104.7669306,Actuator(ptr=c_void_p(94233528672144)),95.0
1738778109.7852075,Actuator(ptr=c_void_p(94233528672144)),95.0
1738778114.8030236,Actuator(ptr=c_void_p(94233528672144)),95.0
1738778119.8191874,Actuator(ptr=c_void_p(94233528672144)),95.0
1738778124.8341684,Actuator(ptr=c_void_p(94233528672144)),95.0
1738778129.8513982,Actuator(ptr=c_void_p(94233528672144)),95.0
1738778134.867949,Actuator(ptr=c_void_p(94233528672144)),95.0
