time,value
1744695327.4581234,2.0
1744695327.4728975,3.0
1744695327.4876614,3.0
1744695327.5022871,3.0
1744695327.5168839,3.0
1744695327.5315373,3.0
1744695327.5462503,3.0
1744695327.5608447,3.0
1744695327.5754454,3.0
1744695327.5900428,3.0
1744695327.6046264,3.0
1744695327.6192575,3.0
1744695327.633832,3.0
1744695327.6484156,3.0
1744695327.6630774,3.0
1744695327.6778262,3.0
1744695327.692478,3.0
1744695327.7071655,3.0
1744695327.721832,3.0
1744695327.736557,3.0
1744695327.7513137,3.0
1744695327.765939,3.0
1744695327.7805831,3.0
1744695327.7951922,3.0
1744695327.8099272,3.0
1744695327.8245142,3.0
1744695327.8391833,3.0
1744695327.8538127,3.0
1744695327.86842,3.0
1744695327.8784199,2.0
1744695327.8931427,3.0
1744695327.9078104,3.0
1744695327.9224315,3.0
1744695327.9370663,3.0
1744695327.951841,3.0
1744695327.9664567,3.0
1744695327.9811225,3.0
1744695327.9957426,3.0
1744695328.0103858,3.0
1744695328.024979,3.0
1744695328.0396273,3.0
1744695328.054241,3.0
1744695328.0689168,3.0
1744695328.0836747,3.0
1744695328.0982816,3.0
1744695328.1128638,3.0
1744695328.1275184,3.0
1744695328.1422193,3.0
1744695328.1568272,3.0
1744695328.1714497,3.0
1744695328.1860647,3.0
1744695328.200677,3.0
1744695328.2152815,3.0
1744695328.2299387,3.0
1744695328.2445214,3.0
1744695328.2545557,2.0
1744695328.2691672,3.0
1744695328.2839031,3.0
1744695328.2985232,3.0
1744695328.313887,3.0
1744695328.324532,2.0
1744695328.3390749,3.0
1744695328.354574,3.0
1744695328.365108,2.0
1744695328.3796706,3.0
1744695328.3942482,3.0
1744695328.4052184,2.0
1744695328.416364,1.0
1744695328.4267986,1.0
1744695328.441333,3.0
1744695328.4514182,2.0
1744695328.465959,3.0
1744695328.4806678,3.0
1744695328.4952374,3.0
1744695328.5098689,3.0
1744695328.52441,3.0
1744695328.5390096,3.0
1744695328.5536225,3.0
1744695328.5681925,3.0
1744695328.5827627,3.0
1744695328.5973241,3.0
1744695328.607645,2.0
1744695328.622202,3.0
1744695328.6367705,3.0
1744695328.6513464,3.0
1744695328.665917,3.0
1744695328.6805983,3.0
1744695328.6951895,3.0
1744695328.7098482,3.0
1744695328.7243881,3.0
1744695328.7390068,3.0
1744695328.7536042,3.0
1744695328.7681756,3.0
1744695328.782731,3.0
1744695328.7973177,3.0
1744695328.8119001,3.0
1744695328.8264606,3.0
1744695328.8369467,2.0
1744695328.851486,3.0
1744695328.8660934,3.0
1744695328.8808198,3.0
1744695328.8908324,2.0
1744695328.9053726,3.0
1744695328.9200056,3.0
1744695328.9346051,3.0
1744695328.9492457,3.0
1744695328.9638133,3.0
1744695328.978366,3.0
1744695328.992924,3.0
1744695329.0074892,3.0
1744695329.0220616,3.0
1744695329.0365946,3.0
1744695329.0511606,3.0
1744695329.065727,3.0
1744695329.0804217,3.0
1744695329.0950167,3.0
1744695329.1095724,3.0
1744695329.1241438,3.0
1744695329.1387167,3.0
1744695329.153373,3.0
1744695329.1679623,3.0
1744695329.182527,3.0
1744695329.1970885,3.0
1744695329.2116642,3.0
1744695329.2262275,3.0
1744695329.2411416,3.0
1744695329.255802,3.0
1744695329.2703884,3.0
1744695329.2850962,3.0
1744695329.2996707,3.0
1744695329.3158967,3.0
1744695329.3305864,3.0
1744695329.34517,3.0
1744695329.3552003,2.0
1744695329.3652697,2.0
1744695329.3757381,2.0
1744695329.390283,3.0
1744695329.4021316,2.0
1744695329.4131773,2.0
1744695329.4244878,1.0
1744695329.4356694,1.0
1744695329.4502418,3.0
1744695329.4647846,3.0
1744695329.4794896,3.0
1744695329.4941213,3.0
1744695329.5087082,3.0
1744695329.5232797,3.0
1744695329.5379128,3.0
1744695329.5525868,3.0
1744695329.5633285,2.0
1744695329.5752795,2.0
1744695329.5890667,2.0
1744695329.6034834,2.0
1744695329.6179852,2.0
1744695329.6327984,2.0
1744695329.646685,2.0
1744695329.6605313,2.0
1744695329.674372,2.0
1744695329.6884165,2.0
1744695329.7022653,2.0
1744695329.716148,2.0
1744695329.729994,2.0
1744695329.7438061,2.0
1744695329.7570162,2.0
1744695329.7701921,2.0
1744695329.783318,2.0
1744695329.7963026,2.0
1744695329.8092542,2.0
1744695329.822236,2.0
1744695329.8352942,2.0
1744695329.8481507,2.0
1744695329.861172,2.0
1744695329.8740225,2.0
1744695329.8882918,2.0
1744695329.900651,2.0
1744695329.913462,2.0
1744695329.9263203,2.0
1744695329.939042,2.0
1744695329.9519231,2.0
1744695329.9644501,2.0
1744695329.9772696,2.0
1744695329.990015,2.0
1744695330.0028255,2.0
1744695330.0154111,2.0
1744695330.0280857,2.0
1744695330.0406432,2.0
1744695330.053465,2.0
1744695330.066064,2.0
1744695330.0786934,2.0
1744695330.0913088,2.0
1744695330.103935,2.0
1744695330.1165588,2.0
1744695330.1290789,2.0
1744695330.1417098,2.0
1744695330.1543634,2.0
1744695330.1669798,2.0
1744695330.1795633,2.0
1744695330.1921277,2.0
1744695330.2045763,2.0
1744695330.2171407,2.0
1744695330.2299616,2.0
1744695330.2424965,2.0
1744695330.2550523,2.0
1744695330.2676404,2.0
1744695330.280296,2.0
1744695330.2928755,2.0
1744695330.305554,2.0
1744695330.3198383,2.0
1744695330.3322184,2.0
1744695330.3447182,2.0
1744695330.3574023,2.0
1744695330.375429,2.0
1744695330.3872929,2.0
1744695330.401064,2.0
1744695330.4135554,2.0
1744695330.4291568,1.0
1744695330.4450655,1.0
1744695330.4566128,2.0
1744695330.4684517,2.0
1744695330.4805658,2.0
1744695330.4932675,2.0
1744695330.5059328,2.0
1744695330.5187404,2.0
1744695330.531359,2.0
1744695330.5440245,2.0
1744695330.556697,2.0
1744695330.569314,2.0
1744695330.581824,2.0
1744695330.5944474,2.0
1744695330.6069381,2.0
1744695330.621493,2.0
1744695330.6340604,2.0
1744695330.647189,2.0
1744695330.6597958,2.0
1744695330.6723185,2.0
1744695330.6850967,2.0
1744695330.6976223,2.0
1744695330.7104626,2.0
1744695330.7228792,2.0
1744695330.7355466,2.0
1744695330.7481136,2.0
1744695330.760551,2.0
1744695330.7730181,2.0
1744695330.785695,2.0
1744695330.7982771,2.0
1744695330.810945,2.0
1744695330.823583,2.0
1744695330.8360217,2.0
1744695330.8487,2.0
1744695330.8611643,2.0
1744695330.8736959,2.0
1744695330.8863754,2.0
1744695330.8989089,2.0
1744695330.9115474,2.0
1744695330.924086,2.0
1744695330.9365764,2.0
1744695330.9492033,2.0
1744695330.9617362,2.0
1744695330.9742389,2.0
1744695330.9868143,2.0
1744695330.9992585,2.0
1744695331.0117435,2.0
1744695331.0244663,2.0
1744695331.0369735,2.0
1744695331.0494628,2.0
1744695331.0620177,2.0
1744695331.0745637,2.0
1744695331.087122,2.0
1744695331.0997477,2.0
1744695331.1120858,2.0
1744695331.1246226,2.0
1744695331.1370845,2.0
1744695331.1497777,2.0
1744695331.1622968,2.0
1744695331.174748,2.0
1744695331.1872973,2.0
1744695331.199779,2.0
1744695331.2122962,2.0
1744695331.2252288,2.0
1744695331.2376578,2.0
1744695331.2501576,2.0
1744695331.262857,2.0
1744695331.2754874,2.0
1744695331.288247,2.0
1744695331.3006735,2.0
1744695331.3179276,2.0
1744695331.331494,2.0
1744695331.343298,2.0
1744695331.3574464,2.0
1744695331.369392,2.0
1744695331.381948,2.0
1744695331.4005835,2.0
1744695331.4121392,2.0
1744695331.4262183,2.0
1744695331.4372206,2.0
1744695331.4481938,2.0
1744695331.4592469,2.0
1744695331.470207,2.0
1744695331.4812396,2.0
1744695331.4922698,2.0
1744695331.5032763,2.0
1744695331.5142975,2.0
1744695331.5253105,2.0
1744695331.5363345,2.0
1744695331.547507,2.0
1744695331.558495,2.0
1744695331.5695577,2.0
1744695331.5805442,2.0
1744695331.5915687,2.0
1744695331.6025577,2.0
1744695331.6135767,2.0
1744695331.6246026,2.0
1744695331.6356215,2.0
1744695331.6466205,2.0
1744695331.657635,2.0
1744695331.6686108,2.0
1744695331.679703,2.0
1744695331.6907275,2.0
1744695331.701762,2.0
1744695331.712824,2.0
1744695331.7238405,2.0
1744695331.7349846,2.0
1744695331.74593,2.0
1744695331.7569664,2.0
1744695331.7680097,2.0
1744695331.7790673,2.0
1744695331.7900815,2.0
1744695331.8010828,2.0
1744695331.812107,2.0
1744695331.823131,2.0
1744695331.8341973,2.0
1744695331.8452165,2.0
1744695331.8562264,2.0
1744695331.8672504,2.0
1744695331.8798811,2.0
1744695331.8910859,2.0
1744695331.902096,2.0
1744695331.913066,2.0
1744695331.9241216,2.0
1744695331.9352124,2.0
1744695331.946243,2.0
1744695331.957289,2.0
1744695331.9683166,2.0
1744695331.9793422,2.0
1744695331.9903917,2.0
1744695332.0015,2.0
1744695332.0125012,2.0
1744695332.0235221,2.0
1744695332.0345826,2.0
1744695332.045596,2.0
1744695332.0566297,2.0
1744695332.0676484,2.0
1744695332.0787942,2.0
1744695332.089986,2.0
1744695332.101047,2.0
1744695332.1120775,2.0
1744695332.1231167,2.0
1744695332.1341412,2.0
1744695332.1451404,2.0
1744695332.1562674,2.0
1744695332.1673193,2.0
1744695332.1783302,2.0
1744695332.1893215,2.0
1744695332.2003603,2.0
1744695332.2113748,2.0
1744695332.222404,2.0
1744695332.2334287,2.0
1744695332.244465,2.0
1744695332.2555828,2.0
1744695332.2665935,2.0
1744695332.277653,2.0
1744695332.2887762,2.0
1744695332.2997835,2.0
1744695332.3111022,2.0
1744695332.3240378,2.0
1744695332.3350544,2.0
1744695332.346078,2.0
1744695332.3570962,2.0
1744695332.3690999,2.0
1744695332.3801088,2.0
1744695332.391142,2.0
1744695332.4034488,2.0
1744695332.4142764,2.0
1744695332.425579,2.0
1744695332.436718,2.0
1744695332.4477525,2.0
1744695332.4587662,2.0
1744695332.469762,2.0
1744695332.480813,2.0
1744695332.4919548,2.0
1744695332.5029895,2.0
1744695332.5140092,2.0
1744695332.524999,2.0
1744695332.536039,2.0
1744695332.5470462,2.0
1744695332.5581577,2.0
1744695332.5691514,2.0
1744695332.5801423,2.0
1744695332.591292,2.0
1744695332.6022782,2.0
1744695332.613268,2.0
1744695332.6243138,2.0
1744695332.63536,2.0
1744695332.6468785,2.0
1744695332.6578643,2.0
1744695332.6688404,2.0
1744695332.6801496,2.0
1744695332.6912572,2.0
1744695332.7023199,2.0
1744695332.713341,2.0
1744695332.7243958,2.0
1744695332.7355328,2.0
1744695332.7465065,2.0
1744695332.757542,2.0
1744695332.7685893,2.0
1744695332.7796123,2.0
1744695332.7906082,2.0
1744695332.8015845,2.0
1744695332.8126662,2.0
1744695332.8236787,2.0
1744695332.8347108,2.0
1744695332.845736,2.0
1744695332.8567684,2.0
1744695332.867775,2.0
1744695332.878782,2.0
1744695332.889948,2.0
1744695332.9068825,2.0
1744695332.9200807,2.0
1744695332.9310584,2.0
1744695332.9421175,2.0
1744695332.953193,2.0
1744695332.9642398,2.0
1744695332.9753752,2.0
1744695332.9863787,2.0
1744695332.9973745,2.0
1744695333.0083961,2.0
1744695333.019425,2.0
1744695333.030436,2.0
1744695333.0414588,2.0
1744695333.0524867,2.0
1744695333.0636203,2.0
1744695333.074645,2.0
1744695333.0858426,2.0
1744695333.0968838,2.0
1744695333.107896,2.0
1744695333.1189487,2.0
1744695333.129969,2.0
1744695333.1410022,2.0
1744695333.1521254,2.0
1744695333.1631753,2.0
1744695333.1741529,2.0
1744695333.1851816,2.0
1744695333.1962018,2.0
1744695333.2072427,2.0
1744695333.218274,2.0
1744695333.2292762,2.0
1744695333.2403543,2.0
1744695333.2516751,2.0
1744695333.262828,2.0
1744695333.2738295,2.0
1744695333.2848713,2.0
1744695333.2960174,2.0
1744695333.307077,2.0
1744695333.3200798,2.0
1744695333.3310537,2.0
1744695333.3434515,2.0
1744695333.3545253,2.0
1744695333.3662655,2.0
1744695333.37729,2.0
1744695333.3883276,2.0
1744695333.4007554,2.0
1744695333.4144597,2.0
1744695333.4255507,2.0
1744695333.4365897,2.0
1744695333.447671,2.0
1744695333.4586926,2.0
1744695333.470688,2.0
1744695333.4817526,2.0
1744695333.492812,2.0
1744695333.5038245,2.0
1744695333.514842,2.0
1744695333.5258915,2.0
1744695333.5369241,2.0
1744695333.5479386,2.0
1744695333.559026,2.0
1744695333.5700595,2.0
1744695333.581028,2.0
1744695333.5920568,2.0
1744695333.6031435,2.0
1744695333.6141586,2.0
1744695333.6252415,2.0
1744695333.636265,2.0
1744695333.6472578,2.0
1744695333.6582944,2.0
1744695333.669294,2.0
1744695333.6802824,2.0
1744695333.691467,2.0
1744695333.7024522,2.0
1744695333.7135372,2.0
1744695333.7245674,2.0
1744695333.7356045,2.0
1744695333.7466094,2.0
1744695333.7577012,2.0
1744695333.7687302,2.0
1744695333.7797718,2.0
1744695333.7908416,2.0
1744695333.8018148,2.0
1744695333.8128068,2.0
1744695333.8238657,2.0
1744695333.8349366,2.0
1744695333.8460162,2.0
1744695333.8570883,2.0
1744695333.868108,2.0
1744695333.8795297,2.0
1744695333.890837,2.0
1744695333.9018106,2.0
1744695333.913,2.0
1744695333.9240623,2.0
1744695333.9352314,2.0
1744695333.9462876,2.0
1744695333.9573545,2.0
1744695333.9683335,2.0
1744695333.9793606,2.0
1744695333.9903593,2.0
1744695334.0014384,2.0
1744695334.0124776,2.0
1744695334.0235047,2.0
1744695334.034511,2.0
1744695334.0456371,2.0
1744695334.0566735,2.0
1744695334.067706,2.0
1744695334.0788047,2.0
1744695334.0899644,2.0
1744695334.100943,2.0
1744695334.1120274,2.0
1744695334.123035,2.0
1744695334.1340604,2.0
1744695334.1451144,2.0
1744695334.1561422,2.0
1744695334.16736,2.0
1744695334.178386,2.0
1744695334.1893752,2.0
1744695334.2003906,2.0
1744695334.211375,2.0
1744695334.222426,2.0
1744695334.2334228,2.0
1744695334.244448,2.0
1744695334.2554662,2.0
1744695334.2664824,2.0
1744695334.2774835,2.0
1744695334.288627,2.0
1744695334.2996213,2.0
1744695334.310899,2.0
1744695334.3237793,2.0
1744695334.334744,2.0
1744695334.34586,2.0
1744695334.3571384,2.0
1744695334.3684964,2.0
1744695334.379509,2.0
1744695334.3905244,2.0
1744695334.4027402,2.0
1744695334.4135776,2.0
1744695334.4255502,2.0
1744695334.4366176,2.0
1744695334.4475806,2.0
1744695334.4586403,2.0
1744695334.4696598,2.0
1744695334.4806416,2.0
1744695334.4917698,2.0
1744695334.5033317,2.0
1744695334.5143561,2.0
1744695334.525343,2.0
1744695334.5363326,2.0
1744695334.5473616,2.0
1744695334.55844,2.0
1744695334.5694578,2.0
1744695334.5803947,2.0
1744695334.5914066,2.0
1744695334.6024249,2.0
1744695334.6134262,2.0
1744695334.624432,2.0
1744695334.6354816,2.0
1744695334.6465006,2.0
1744695334.6578965,2.0
1744695334.6688561,2.0
1744695334.6798918,2.0
1744695334.6910453,2.0
1744695334.7020526,2.0
1744695334.7130005,2.0
1744695334.7240388,2.0
1744695334.7350786,2.0
1744695334.7460575,2.0
1744695334.7570639,2.0
1744695334.7680871,2.0
1744695334.7790804,2.0
1744695334.7900581,2.0
1744695334.8010285,2.0
1744695334.8120198,2.0
1744695334.823057,2.0
1744695334.8340333,2.0
1744695334.8450487,2.0
1744695334.856043,2.0
1744695334.867019,2.0
1744695334.8780468,2.0
1744695334.8893344,2.0
1744695334.9003713,2.0
1744695334.9113765,2.0
1744695334.9223928,2.0
1744695334.9333496,2.0
1744695334.944407,2.0
1744695334.9554048,2.0
1744695334.9664633,2.0
1744695334.977468,2.0
1744695334.988488,2.0
1744695334.9994998,2.0
1744695335.0105672,2.0
1744695335.0215924,2.0
1744695335.0325794,2.0
1744695335.0436683,2.0
1744695335.05465,2.0
1744695335.0656507,2.0
1744695335.0766656,2.0
1744695335.0877469,2.0
1744695335.098765,2.0
1744695335.1097655,2.0
1744695335.1207237,2.0
1744695335.131743,2.0
1744695335.1427746,2.0
1744695335.1538112,2.0
1744695335.16482,2.0
1744695335.1758373,2.0
1744695335.1868434,2.0
1744695335.197885,2.0
1744695335.2088556,2.0
1744695335.2199705,2.0
1744695335.2310019,2.0
1744695335.242006,2.0
1744695335.2534292,2.0
1744695335.2644773,2.0
1744695335.2754877,2.0
1744695335.2866397,2.0
1744695335.2976904,2.0
1744695335.308697,2.0
1744695335.3217788,2.0
1744695335.3327718,2.0
1744695335.3437734,2.0
1744695335.3560224,2.0
1744695335.3679678,2.0
1744695335.3789701,2.0
1744695335.3908858,2.0
1744695335.4030938,2.0
1744695335.4162726,2.0
1744695335.429671,1.0
1744695335.4431612,1.0
1744695335.4538639,2.0
1744695335.4647975,2.0
1744695335.4757912,2.0
1744695335.486882,2.0
1744695335.4979615,2.0
1744695335.5089383,2.0
1744695335.5199516,2.0
1744695335.530965,2.0
1744695335.5421274,2.0
1744695335.5531106,2.0
1744695335.56421,2.0
1744695335.5751834,2.0
1744695335.5861824,2.0
1744695335.5971668,2.0
1744695335.6081364,2.0
1744695335.619143,2.0
1744695335.6301396,2.0
1744695335.6411207,2.0
1744695335.6521993,2.0
1744695335.663153,2.0
1744695335.6741986,2.0
1744695335.6851556,2.0
1744695335.6962888,2.0
1744695335.70744,2.0
1744695335.7185416,2.0
1744695335.72951,2.0
1744695335.740506,2.0
1744695335.7514448,2.0
1744695335.762525,2.0
1744695335.7734742,2.0
1744695335.7843902,2.0
1744695335.7953348,2.0
1744695335.806242,2.0
1744695335.817179,2.0
1744695335.8282604,2.0
1744695335.8392012,2.0
1744695335.8503182,2.0
1744695335.8612442,2.0
1744695335.872185,2.0
1744695335.8833432,2.0
1744695335.8944912,2.0
1744695335.9053888,2.0
1744695335.9163258,2.0
1744695335.9276216,2.0
1744695335.9385607,2.0
1744695335.9494715,2.0
1744695335.9605033,2.0
1744695335.9714234,2.0
1744695335.9823768,2.0
1744695335.9932961,2.0
1744695336.0042353,2.0
1744695336.0151474,2.0
1744695336.0260484,2.0
1744695336.0369346,2.0
1744695336.0478656,2.0
1744695336.0587883,2.0
1744695336.069838,2.0
1744695336.0807755,2.0
1744695336.0917835,2.0
1744695336.102713,2.0
1744695336.1136491,2.0
1744695336.124544,2.0
1744695336.1354423,2.0
1744695336.146358,2.0
1744695336.1572971,2.0
1744695336.1682615,2.0
1744695336.179183,2.0
1744695336.190103,2.0
1744695336.2010877,2.0
1744695336.2120197,2.0
1744695336.2229588,2.0
1744695336.2338717,2.0
1744695336.2447646,2.0
1744695336.255825,2.0
1744695336.2667625,2.0
1744695336.2776978,2.0
1744695336.2886312,2.0
1744695336.2996619,2.0
1744695336.3112864,2.0
1744695336.3243482,2.0
1744695336.335289,2.0
1744695336.3462281,2.0
1744695336.357707,2.0
1744695336.3688931,2.0
1744695336.3798707,2.0
1744695336.3907945,2.0
1744695336.4029183,2.0
1744695336.4138203,2.0
1744695336.424867,2.0
1744695336.4384832,1.0
1744695336.4526973,1.0
1744695336.4634275,2.0
1744695336.4744184,2.0
1744695336.485454,2.0
1744695336.496612,2.0
1744695336.507707,2.0
1744695336.5188575,2.0
1744695336.5298948,2.0
1744695336.541009,2.0
1744695336.5520725,2.0
1744695336.5632374,2.0
1744695336.5743208,2.0
1744695336.585387,2.0
1744695336.5964487,2.0
1744695336.6075156,2.0
1744695336.6185904,2.0
1744695336.6297057,2.0
1744695336.6407123,2.0
1744695336.65177,2.0
1744695336.662856,2.0
1744695336.6744728,2.0
1744695336.6854968,2.0
1744695336.6966684,2.0
1744695336.7077255,2.0
1744695336.7189302,2.0
1744695336.7300146,2.0
1744695336.741072,2.0
1744695336.7521179,2.0
1744695336.7632277,2.0
1744695336.7743661,2.0
1744695336.7854514,2.0
1744695336.7965071,2.0
1744695336.8077102,2.0
1744695336.8188007,2.0
1744695336.8298595,2.0
1744695336.8408778,2.0
1744695336.851952,2.0
1744695336.8630269,2.0
1744695336.8740804,2.0
1744695336.8853931,2.0
1744695336.8966875,2.0
1744695336.9077303,2.0
1744695336.9188206,2.0
1744695336.929887,2.0
1744695336.9409683,2.0
1744695336.9520102,2.0
1744695336.9631386,2.0
1744695336.9741673,2.0
1744695336.9852107,2.0
1744695336.9962587,2.0
1744695337.0073242,2.0
1744695337.0183883,2.0
1744695337.029425,2.0
1744695337.0405123,2.0
1744695337.0515907,2.0
1744695337.0627134,2.0
1744695337.0738244,2.0
1744695337.0849178,2.0
1744695337.0961,2.0
1744695337.1071284,2.0
1744695337.1182213,2.0
1744695337.1292677,2.0
1744695337.140441,2.0
1744695337.151486,2.0
1744695337.162608,2.0
1744695337.1736758,2.0
1744695337.1847837,2.0
1744695337.1958542,2.0
1744695337.2068973,2.0
1744695337.2180023,2.0
1744695337.2290554,2.0
1744695337.2401257,2.0
1744695337.2513928,2.0
1744695337.2624211,2.0
1744695337.27348,2.0
1744695337.2845619,2.0
1744695337.2958128,2.0
1744695337.3068419,2.0
1744695337.3204646,2.0
1744695337.331424,2.0
1744695337.3425016,2.0
1744695337.3535237,2.0
1744695337.3677046,2.0
1744695337.3786688,2.0
1744695337.389976,2.0
1744695337.4029598,2.0
1744695337.4163048,2.0
1744695337.4272807,2.0
1744695337.4382641,2.0
1744695337.4492877,2.0
1744695337.4602704,2.0
1744695337.4713087,2.0
1744695337.4823294,2.0
1744695337.493507,2.0
1744695337.5045092,2.0
1744695337.5155437,2.0
1744695337.526546,2.0
1744695337.537542,2.0
1744695337.5513017,1.0
1744695337.568105,1.0
1744695337.5787845,2.0
1744695337.5897362,2.0
1744695337.6007895,2.0
1744695337.6118274,2.0
1744695337.6228385,2.0
1744695337.6338649,2.0
1744695337.644858,2.0
1744695337.655883,2.0
1744695337.6669388,2.0
1744695337.677942,2.0
1744695337.6890268,2.0
1744695337.7000809,2.0
1744695337.7111204,2.0
1744695337.7222,2.0
1744695337.733275,2.0
1744695337.7442777,2.0
1744695337.7553155,2.0
1744695337.7663312,2.0
1744695337.7773485,2.0
1744695337.788355,2.0
1744695337.7993839,2.0
1744695337.8104856,2.0
1744695337.821465,2.0
1744695337.8324573,2.0
1744695337.8434715,2.0
1744695337.8545108,2.0
1744695337.8654814,2.0
1744695337.876483,2.0
1744695337.8876934,2.0
1744695337.8987768,2.0
1744695337.9117515,2.0
1744695337.9231567,2.0
1744695337.9341483,2.0
1744695337.9452176,2.0
1744695337.9562435,2.0
1744695337.9673154,2.0
1744695337.978297,2.0
1744695337.9892938,2.0
1744695338.000345,2.0
1744695338.0113945,2.0
1744695338.0224473,2.0
1744695338.033436,2.0
1744695338.0445077,2.0
1744695338.0555458,2.0
1744695338.0665877,2.0
1744695338.0776324,2.0
1744695338.088622,2.0
1744695338.099731,2.0
1744695338.1107812,2.0
1744695338.1218154,2.0
1744695338.1328561,2.0
1744695338.1438975,2.0
1744695338.1548834,2.0
1744695338.1659098,2.0
1744695338.176932,2.0
1744695338.1879408,2.0
1744695338.198979,2.0
1744695338.209994,2.0
1744695338.2209897,2.0
1744695338.2319956,2.0
1744695338.2430148,2.0
1744695338.2541604,2.0
1744695338.265365,2.0
1744695338.2763667,2.0
1744695338.2874463,2.0
1744695338.2985675,2.0
1744695338.3095536,2.0
1744695338.323749,2.0
1744695338.3347309,2.0
1744695338.345761,2.0
1744695338.3567724,2.0
1744695338.3689911,2.0
1744695338.3800013,2.0
1744695338.391684,2.0
1744695338.4039242,2.0
1744695338.4149938,2.0
1744695338.4259634,2.0
1744695338.4369552,2.0
1744695338.4479325,2.0
1744695338.4589202,2.0
1744695338.469948,2.0
1744695338.480934,2.0
1744695338.4919167,2.0
1744695338.5029807,2.0
1744695338.5139923,2.0
1744695338.525034,2.0
1744695338.5359993,2.0
1744695338.5470393,2.0
1744695338.558035,2.0
1744695338.5691216,2.0
1744695338.580092,2.0
1744695338.5921226,2.0
1744695338.603118,2.0
1744695338.6141627,2.0
1744695338.6251073,2.0
1744695338.6361697,2.0
1744695338.6471646,2.0
1744695338.6583042,2.0
1744695338.669277,2.0
1744695338.6803234,2.0
1744695338.6922235,2.0
1744695338.7033195,2.0
1744695338.7144425,2.0
1744695338.7255373,2.0
1744695338.7367458,2.0
1744695338.7477577,2.0
1744695338.7587814,2.0
1744695338.7698977,2.0
1744695338.7808535,2.0
1744695338.7918525,2.0
1744695338.8028615,2.0
1744695338.8138664,2.0
1744695338.8248858,2.0
1744695338.8358793,2.0
1744695338.8468633,2.0
1744695338.857927,2.0
1744695338.8689342,2.0
1744695338.8799772,2.0
1744695338.8914437,2.0
1744695338.902486,2.0
1744695338.9136503,2.0
1744695338.9246156,2.0
1744695338.9357262,2.0
1744695338.946805,2.0
1744695338.9577641,2.0
1744695338.9688742,2.0
1744695338.9798663,2.0
1744695338.9908555,2.0
1744695339.0018287,2.0
1744695339.0128105,2.0
1744695339.0237916,2.0
1744695339.0348465,2.0
1744695339.0458345,2.0
1744695339.0568585,2.0
1744695339.067889,2.0
1744695339.0788763,2.0
1744695339.089882,2.0
1744695339.100963,2.0
1744695339.1122978,2.0
1744695339.1233208,2.0
1744695339.1343603,2.0
1744695339.1454546,2.0
1744695339.156451,2.0
1744695339.1674948,2.0
1744695339.1784635,2.0
1744695339.1894932,2.0
1744695339.2005348,2.0
1744695339.2115247,2.0
1744695339.222532,2.0
1744695339.2335134,2.0
1744695339.2444916,2.0
1744695339.2555995,2.0
1744695339.2744238,2.0
1744695339.2894728,1.0
1744695339.300433,2.0
1744695339.3121047,2.0
1744695339.325456,2.0
1744695339.3365936,2.0
1744695339.3478284,2.0
1744695339.359311,2.0
1744695339.3733153,2.0
1744695339.384302,2.0
1744695339.395456,2.0
1744695339.4104478,2.0
1744695339.421634,2.0
1744695339.432817,2.0
1744695339.4439921,2.0
1744695339.4551556,2.0
1744695339.4663184,2.0
1744695339.4774776,2.0
1744695339.4886374,2.0
1744695339.4999344,2.0
1744695339.5110703,2.0
1744695339.5222795,2.0
1744695339.533434,2.0
1744695339.5445905,2.0
1744695339.5558088,2.0
1744695339.5670595,2.0
1744695339.5782259,2.0
1744695339.5893364,2.0
1744695339.6005447,2.0
1744695339.6117866,2.0
1744695339.6232202,2.0
1744695339.6343505,2.0
1744695339.645477,2.0
1744695339.6566164,2.0
1744695339.6677577,2.0
1744695339.6789815,2.0
1744695339.6901624,2.0
1744695339.7013862,2.0
1744695339.712564,2.0
1744695339.723805,2.0
1744695339.7349992,2.0
1744695339.7461295,2.0
1744695339.7572997,2.0
1744695339.768599,2.0
1744695339.7797465,2.0
1744695339.791178,2.0
1744695339.8022873,2.0
1744695339.813427,2.0
1744695339.8246682,2.0
1744695339.8358319,2.0
1744695339.8469918,2.0
1744695339.8581553,2.0
1744695339.8693078,2.0
1744695339.8806057,2.0
1744695339.892204,2.0
1744695339.9035184,2.0
1744695339.9146504,2.0
1744695339.925823,2.0
1744695339.9369802,2.0
1744695339.9481852,2.0
1744695339.959334,2.0
1744695339.970489,2.0
1744695339.9815981,2.0
1744695339.9928067,2.0
1744695340.0039353,2.0
1744695340.015133,2.0
1744695340.0262544,2.0
1744695340.03745,2.0
1744695340.048598,2.0
1744695340.0597265,2.0
1744695340.0709465,2.0
1744695340.0822008,2.0
1744695340.0933325,2.0
1744695340.1045566,2.0
1744695340.1157615,2.0
1744695340.1269276,2.0
1744695340.1381538,2.0
1744695340.1493115,2.0
1744695340.1604688,2.0
1744695340.1717148,2.0
1744695340.1828678,2.0
1744695340.1941268,2.0
1744695340.2052457,2.0
1744695340.2163649,2.0
1744695340.2275314,2.0
1744695340.23873,2.0
1744695340.249909,2.0
1744695340.26107,2.0
1744695340.2722695,2.0
1744695340.2834358,2.0
1744695340.2945883,2.0
1744695340.3058486,2.0
1744695340.3201764,2.0
1744695340.3311176,2.0
1744695340.3422718,2.0
1744695340.353388,2.0
1744695340.3651216,2.0
1744695340.3762844,2.0
1744695340.3875508,2.0
1744695340.398719,2.0
1744695340.410811,2.0
1744695340.422016,2.0
1744695340.4332347,2.0
1744695340.444463,2.0
1744695340.4557166,2.0
1744695340.466897,2.0
1744695340.4781523,2.0
1744695340.489362,2.0
1744695340.5007246,2.0
1744695340.511895,2.0
1744695340.5230758,2.0
1744695340.5342624,2.0
1744695340.545545,2.0
1744695340.5567355,2.0
1744695340.5680628,2.0
1744695340.579254,2.0
1744695340.590425,2.0
1744695340.6016803,2.0
1744695340.6129208,2.0
1744695340.6241353,2.0
1744695340.6353686,2.0
1744695340.6465886,2.0
1744695340.657835,2.0
1744695340.6690073,2.0
1744695340.6802611,2.0
1744695340.6914685,2.0
1744695340.702821,2.0
1744695340.7146018,2.0
1744695340.7259488,2.0
1744695340.7371728,2.0
1744695340.748419,2.0
1744695340.7597046,2.0
1744695340.77103,2.0
1744695340.7822378,2.0
1744695340.7934647,2.0
1744695340.8046951,2.0
1744695340.8159297,2.0
1744695340.8271902,2.0
1744695340.838436,2.0
1744695340.8496704,2.0
1744695340.8608863,2.0
1744695340.8721347,2.0
1744695340.8834581,2.0
1744695340.8949013,2.0
1744695340.9062343,2.0
1744695340.9174814,2.0
1744695340.928715,2.0
1744695340.9399753,2.0
1744695340.9511735,2.0
1744695340.9624314,2.0
1744695340.9737425,2.0
1744695340.984919,2.0
1744695340.996203,2.0
1744695341.0074377,2.0
1744695341.0187027,2.0
1744695341.0298889,2.0
1744695341.0410764,2.0
1744695341.0522738,2.0
1744695341.0634952,2.0
1744695341.0747588,2.0
1744695341.0859962,2.0
1744695341.0972214,2.0
1744695341.1084652,2.0
1744695341.1197236,2.0
1744695341.1309533,2.0
1744695341.142161,2.0
1744695341.1533706,2.0
1744695341.164547,2.0
1744695341.1758559,2.0
1744695341.187053,2.0
1744695341.1982212,2.0
1744695341.209415,2.0
1744695341.220601,2.0
1744695341.2318363,2.0
1744695341.2430363,2.0
1744695341.2542655,2.0
1744695341.2655401,2.0
1744695341.276753,2.0
1744695341.287968,2.0
1744695341.299152,2.0
1744695341.3105454,2.0
1744695341.3244414,2.0
1744695341.335579,2.0
1744695341.346782,2.0
1744695341.359951,2.0
1744695341.370938,2.0
1744695341.3835387,2.0
1744695341.3946705,2.0
1744695341.4105315,2.0
1744695341.4215333,2.0
1744695341.432631,2.0
1744695341.4438162,2.0
1744695341.4549735,2.0
1744695341.4661639,2.0
1744695341.4773228,2.0
1744695341.4884527,2.0
1744695341.4995916,2.0
1744695341.5108762,2.0
1744695341.5220249,2.0
1744695341.5331957,2.0
1744695341.5443528,2.0
1744695341.5556123,2.0
1744695341.5668383,2.0
1744695341.5780258,2.0
1744695341.5891826,2.0
1744695341.6003945,2.0
1744695341.611579,2.0
1744695341.622737,2.0
1744695341.633937,2.0
1744695341.6451132,2.0
1744695341.6563067,2.0
1744695341.6674695,2.0
1744695341.678667,2.0
1744695341.6898365,2.0
1744695341.7011347,2.0
1744695341.712404,2.0
1744695341.7235863,2.0
1744695341.7348063,2.0
1744695341.7459142,2.0
1744695341.7570505,2.0
1744695341.768216,2.0
1744695341.7794168,2.0
1744695341.790594,2.0
1744695341.801779,2.0
1744695341.8129704,2.0
1744695341.8241382,2.0
1744695341.8353274,2.0
1744695341.8465142,2.0
1744695341.8577018,2.0
1744695341.86885,2.0
1744695341.8799918,2.0
1744695341.8913543,2.0
1744695341.9051774,1.0
1744695341.9223793,1.0
1744695341.9331226,2.0
1744695341.9441166,2.0
1744695341.955198,2.0
1744695341.9662485,2.0
1744695341.9772825,2.0
1744695341.9883206,2.0
1744695341.999372,2.0
1744695342.0104384,2.0
1744695342.0214963,2.0
1744695342.032554,2.0
1744695342.043579,2.0
1744695342.0546718,2.0
1744695342.0657206,2.0
1744695342.0767722,2.0
1744695342.0878015,2.0
1744695342.0988402,2.0
1744695342.1098964,2.0
1744695342.120904,2.0
1744695342.1319656,2.0
1744695342.1430101,2.0
1744695342.1540852,2.0
1744695342.165151,2.0
1744695342.1762874,2.0
1744695342.1873455,2.0
1744695342.1984048,2.0
1744695342.2094374,2.0
1744695342.2205176,2.0
1744695342.2315516,2.0
1744695342.2425761,2.0
1744695342.2536483,2.0
1744695342.2647028,2.0
1744695342.2758157,2.0
1744695342.286869,2.0
1744695342.297903,2.0
1744695342.3089538,2.0
1744695342.3220031,2.0
1744695342.3330195,2.0
1744695342.3440938,2.0
1744695342.35516,2.0
1744695342.366892,2.0
1744695342.3780148,2.0
1744695342.3890858,2.0
1744695342.4016507,2.0
1744695342.412512,2.0
1744695342.4235446,2.0
1744695342.4345992,2.0
1744695342.4456465,2.0
1744695342.456682,2.0
1744695342.467745,2.0
1744695342.4787865,2.0
1744695342.489844,2.0
1744695342.500876,2.0
1744695342.5120306,2.0
1744695342.5230815,2.0
1744695342.5340943,2.0
1744695342.545132,2.0
1744695342.5561574,2.0
1744695342.5672033,2.0
1744695342.5783007,2.0
1744695342.5893211,2.0
1744695342.600386,2.0
1744695342.6114132,2.0
1744695342.6225,2.0
1744695342.6335592,2.0
1744695342.6445885,2.0
1744695342.6556432,2.0
1744695342.6666663,2.0
1744695342.6777472,2.0
1744695342.6888108,2.0
1744695342.6998549,2.0
1744695342.710964,2.0
1744695342.7224677,2.0
1744695342.733509,2.0
1744695342.7445,2.0
1744695342.7555432,2.0
1744695342.76658,2.0
1744695342.7776992,2.0
1744695342.7887354,2.0
1744695342.7997718,2.0
1744695342.8108213,2.0
1744695342.821907,2.0
1744695342.8329396,2.0
1744695342.843992,2.0
1744695342.8550413,2.0
1744695342.8660448,2.0
1744695342.877058,2.0
1744695342.8880994,2.0
1744695342.905557,2.0
1744695342.9166796,2.0
1744695342.9277768,2.0
1744695342.938808,2.0
1744695342.9498599,2.0
1744695342.9608905,2.0
1744695342.9719675,2.0
1744695342.9830837,2.0
1744695342.9941154,2.0
1744695343.0052068,2.0
1744695343.0162425,2.0
1744695343.0272994,2.0
1744695343.0383916,2.0
1744695343.0494287,2.0
1744695343.0605047,2.0
1744695343.0715606,2.0
1744695343.0826051,2.0
1744695343.093667,2.0
1744695343.10478,2.0
1744695343.115831,2.0
1744695343.1268613,2.0
1744695343.1379318,2.0
1744695343.1489763,2.0
1744695343.1600292,2.0
1744695343.1710608,2.0
1744695343.182143,2.0
1744695343.1931882,2.0
1744695343.2042556,2.0
1744695343.2152653,2.0
1744695343.226286,2.0
1744695343.237313,2.0
1744695343.2484047,2.0
1744695343.2595363,2.0
1744695343.2706754,2.0
1744695343.2817657,2.0
1744695343.2928085,2.0
1744695343.304006,2.0
1744695343.318682,2.0
1744695343.3294654,2.0
1744695343.3405087,2.0
1744695343.351558,2.0
1744695343.3641543,2.0
1744695343.3752675,2.0
1744695343.3862846,2.0
1744695343.3992755,2.0
1744695343.4243705,2.0
1744695343.4389591,1.0
1744695343.4498405,1.0
1744695343.460708,2.0
1744695343.4718504,2.0
1744695343.4829733,2.0
1744695343.4941673,2.0
1744695343.505323,2.0
1744695343.5164807,2.0
1744695343.5276172,2.0
1744695343.5387342,2.0
1744695343.5498788,2.0
1744695343.560942,2.0
1744695343.5722656,2.0
1744695343.5834253,2.0
1744695343.5945601,2.0
1744695343.6056795,2.0
1744695343.6168053,2.0
1744695343.6279595,2.0
1744695343.6390712,2.0
1744695343.6501935,2.0
1744695343.6613111,2.0
1744695343.6724753,2.0
1744695343.6835783,2.0
1744695343.694915,2.0
1744695343.7061477,2.0
1744695343.717299,2.0
1744695343.7284696,2.0
1744695343.7396545,2.0
1744695343.7507653,2.0
1744695343.7618713,2.0
1744695343.7730699,2.0
1744695343.7843063,2.0
1744695343.7955034,2.0
1744695343.8066196,2.0
1744695343.8177307,2.0
1744695343.8288515,2.0
1744695343.8400176,2.0
1744695343.8511713,2.0
1744695343.8623447,2.0
1744695343.8734376,2.0
1744695343.8878045,2.0
1744695343.8991296,2.0
1744695343.910365,2.0
1744695343.9214854,2.0
1744695343.9326034,2.0
1744695343.9437597,2.0
1744695343.954955,2.0
1744695343.9661222,2.0
1744695343.977356,2.0
1744695343.9885013,2.0
1744695343.9996457,2.0
1744695344.010754,2.0
1744695344.021925,2.0
1744695344.0330527,2.0
1744695344.0442169,2.0
1744695344.0553172,2.0
1744695344.0664732,2.0
1744695344.0776346,2.0
1744695344.0888026,2.0
1744695344.0999415,2.0
1744695344.1111312,2.0
1744695344.122295,2.0
1744695344.1333873,2.0
1744695344.1445558,2.0
1744695344.1556795,2.0
1744695344.1668386,2.0
1744695344.1782517,2.0
1744695344.1893594,2.0
1744695344.2004738,2.0
1744695344.2116446,2.0
1744695344.2236383,2.0
1744695344.234697,2.0
1744695344.2458477,2.0
1744695344.2569306,2.0
1744695344.268061,2.0
1744695344.2792287,2.0
1744695344.2903318,2.0
1744695344.301461,2.0
1744695344.3164911,2.0
1744695344.3273318,2.0
1744695344.3384194,2.0
1744695344.3495586,2.0
1744695344.3622139,2.0
1744695344.3734932,2.0
1744695344.3847592,2.0
1744695344.3963883,2.0
1744695344.4088526,2.0
1744695344.4199505,2.0
1744695344.4310825,2.0
1744695344.442197,2.0
1744695344.4532988,2.0
1744695344.4644654,2.0
1744695344.4755805,2.0
1744695344.4867191,2.0
1744695344.5083818,2.0
1744695344.5235677,1.0
1744695344.534319,2.0
1744695344.5453365,2.0
1744695344.5564485,2.0
1744695344.5675392,2.0
1744695344.5787234,2.0
1744695344.5898361,2.0
1744695344.6009007,2.0
1744695344.6120024,2.0
1744695344.623057,2.0
1744695344.6341252,2.0
1744695344.6451876,2.0
1744695344.6562936,2.0
1744695344.667359,2.0
1744695344.6784298,2.0
1744695344.6895316,2.0
1744695344.7005951,2.0
1744695344.7117267,2.0
1744695344.722833,2.0
1744695344.734736,2.0
1744695344.745664,2.0
1744695344.7567606,2.0
1744695344.7678397,2.0
1744695344.7789986,2.0
1744695344.7900352,2.0
1744695344.8055754,2.0
1744695344.8164842,2.0
1744695344.827487,2.0
1744695344.8385346,2.0
1744695344.8495867,2.0
1744695344.8605926,2.0
1744695344.8716307,2.0
1744695344.8826325,2.0
1744695344.893929,2.0
1744695344.9049218,2.0
1744695344.9159997,2.0
1744695344.9269984,2.0
1744695344.938004,2.0
1744695344.9489968,2.0
1744695344.9600494,2.0
1744695344.9710672,2.0
1744695344.9821317,2.0
1744695344.9935253,2.0
1744695345.004513,2.0
1744695345.0155168,2.0
1744695345.0265117,2.0
1744695345.0375388,2.0
1744695345.0485406,2.0
1744695345.0595376,2.0
1744695345.0705462,2.0
1744695345.0815306,2.0
1744695345.0925777,2.0
1744695345.1035838,2.0
1744695345.1146202,2.0
1744695345.1256533,2.0
1744695345.136633,2.0
1744695345.1476254,2.0
1744695345.158655,2.0
1744695345.1696687,2.0
1744695345.1806848,2.0
1744695345.1917446,2.0
1744695345.2028184,2.0
1744695345.213801,2.0
1744695345.22485,2.0
1744695345.235891,2.0
1744695345.246895,2.0
1744695345.257894,2.0
1744695345.2689552,2.0
1744695345.2799826,2.0
1744695345.291025,2.0
1744695345.3020377,2.0
1744695345.315869,2.0
1744695345.3268518,2.0
1744695345.3378878,2.0
1744695345.3488894,2.0
1744695345.3603344,2.0
1744695345.3713727,2.0
1744695345.3824704,2.0
1744695345.3934777,2.0
1744695345.4072337,2.0
1744695345.4179325,1.0
1744695345.4290197,1.0
1744695345.4397883,2.0
1744695345.4507976,2.0
1744695345.4618003,2.0
1744695345.4727952,2.0
1744695345.4838004,2.0
1744695345.4948552,2.0
1744695345.505875,2.0
1744695345.516909,2.0
1744695345.5279598,2.0
1744695345.5389888,2.0
1744695345.5499861,2.0
1744695345.560991,2.0
1744695345.5720122,2.0
1744695345.583064,2.0
1744695345.5940402,2.0
1744695345.6050453,2.0
1744695345.6160955,2.0
1744695345.6270638,2.0
1744695345.6380913,2.0
1744695345.6491358,2.0
1744695345.660171,2.0
1744695345.6711638,2.0
1744695345.6821678,2.0
1744695345.693173,2.0
1744695345.7042506,2.0
1744695345.7153187,2.0
1744695345.7264397,2.0
1744695345.7375379,2.0
1744695345.74855,2.0
1744695345.7596076,2.0
1744695345.7706473,2.0
1744695345.781678,2.0
1744695345.7926624,2.0
1744695345.803683,2.0
1744695345.8146627,2.0
1744695345.8256862,2.0
1744695345.8366535,2.0
1744695345.8476906,2.0
1744695345.858708,2.0
1744695345.869777,2.0
1744695345.8807423,2.0
1744695345.8921897,2.0
1744695345.9031358,2.0
1744695345.9143183,2.0
1744695345.9253223,2.0
1744695345.936331,2.0
1744695345.9473293,2.0
1744695345.9583542,2.0
1744695345.9693143,2.0
1744695345.9804316,2.0
1744695345.9914167,2.0
1744695346.002394,2.0
1744695346.0133984,2.0
1744695346.0244136,2.0
1744695346.0354528,2.0
1744695346.0464597,2.0
1744695346.0574317,2.0
1744695346.068497,2.0
1744695346.0794995,2.0
1744695346.0904944,2.0
1744695346.1015387,2.0
1744695346.1126275,2.0
1744695346.1236129,2.0
1744695346.1346142,2.0
1744695346.145601,2.0
1744695346.1566298,2.0
1744695346.1676269,2.0
1744695346.178685,2.0
1744695346.189689,2.0
1744695346.2007546,2.0
1744695346.2117457,2.0
1744695346.2227476,2.0
1744695346.2337668,2.0
1744695346.2447956,2.0
1744695346.2558467,2.0
1744695346.2668512,2.0
1744695346.277882,2.0
1744695346.2889018,2.0
1744695346.2999399,2.0
1744695346.3112404,2.0
1744695346.3241792,2.0
1744695346.3350315,2.0
1744695346.3460426,2.0
1744695346.357015,2.0
1744695346.368738,2.0
1744695346.3797169,2.0
1744695346.390723,2.0
1744695346.4033487,2.0
1744695346.414206,2.0
1744695346.4251668,2.0
1744695346.4362273,2.0
1744695346.447298,2.0
1744695346.4582922,2.0
1744695346.4693139,2.0
1744695346.4803169,2.0
1744695346.4922378,2.0
1744695346.5032516,2.0
1744695346.5143285,2.0
1744695346.525275,2.0
1744695346.5363135,2.0
1744695346.5473335,2.0
1744695346.5584455,2.0
1744695346.5694075,2.0
1744695346.5804982,2.0
1744695346.5914788,2.0
1744695346.6025267,2.0
1744695346.6135862,2.0
1744695346.624589,2.0
1744695346.6356108,2.0
1744695346.6466138,2.0
1744695346.657637,2.0
1744695346.6686597,2.0
1744695346.6796596,2.0
1744695346.690692,2.0
1744695346.7016706,2.0
1744695346.7127614,2.0
1744695346.723791,2.0
1744695346.7348592,2.0
1744695346.7457807,2.0
1744695346.7576017,2.0
1744695346.768568,2.0
1744695346.77976,2.0
1744695346.790736,2.0
1744695346.8017538,2.0
1744695346.8127222,2.0
1744695346.8241963,2.0
1744695346.835273,2.0
1744695346.846338,2.0
1744695346.8573713,2.0
1744695346.8683703,2.0
1744695346.8794384,2.0
1744695346.8904617,2.0
1744695346.9016368,2.0
1744695346.912742,2.0
1744695346.9237664,2.0
1744695346.934776,2.0
1744695346.9458518,2.0
1744695346.9568703,2.0
1744695346.9679253,2.0
1744695346.9789412,2.0
1744695346.9899683,2.0
1744695347.0009756,2.0
1744695347.012007,2.0
1744695347.0230513,2.0
1744695347.0340884,2.0
1744695347.0450997,2.0
1744695347.0561912,2.0
1744695347.0672653,2.0
1744695347.0783105,2.0
1744695347.0893538,2.0
1744695347.1003985,2.0
1744695347.1114922,2.0
1744695347.1225235,2.0
1744695347.1334863,2.0
1744695347.1445549,2.0
1744695347.1556082,2.0
1744695347.1666758,2.0
1744695347.177687,2.0
1744695347.188709,2.0
1744695347.1997573,2.0
1744695347.2108228,2.0
1744695347.221859,2.0
1744695347.232884,2.0
1744695347.2439017,2.0
1744695347.2549322,2.0
1744695347.266046,2.0
1744695347.277091,2.0
1744695347.2881312,2.0
1744695347.2991517,2.0
1744695347.3103633,2.0
1744695347.3240776,2.0
1744695347.3351285,2.0
1744695347.346127,2.0
1744695347.3579285,2.0
1744695347.3688889,2.0
1744695347.3799136,2.0
1744695347.3909369,2.0
1744695347.404354,2.0
1744695347.4166505,2.0
1744695347.4316924,2.0
1744695347.442614,2.0
1744695347.4535975,2.0
1744695347.4646192,2.0
1744695347.4756668,2.0
1744695347.4867003,2.0
1744695347.4976954,2.0
1744695347.5086708,2.0
1744695347.5198116,2.0
1744695347.5307944,2.0
1744695347.5418174,2.0
1744695347.5531266,2.0
1744695347.5641358,2.0
1744695347.5751388,2.0
1744695347.586178,2.0
1744695347.59718,2.0
1744695347.6082087,2.0
1744695347.619248,2.0
1744695347.630244,2.0
1744695347.6412473,2.0
1744695347.6522553,2.0
1744695347.66329,2.0
1744695347.6743739,2.0
1744695347.6855018,2.0
1744695347.6965337,2.0
1744695347.70755,2.0
1744695347.7186677,2.0
1744695347.729817,2.0
1744695347.7408357,2.0
1744695347.7518835,2.0
1744695347.7629333,2.0
1744695347.7739744,2.0
1744695347.7850752,2.0
1744695347.796088,2.0
1744695347.8071597,2.0
1744695347.8182485,2.0
1744695347.8292642,2.0
1744695347.8402848,2.0
1744695347.8512983,2.0
1744695347.8623645,2.0
1744695347.8733819,2.0
1744695347.884402,2.0
1744695347.8956509,2.0
1744695347.9066122,2.0
1744695347.9177036,2.0
1744695347.9287024,2.0
1744695347.939696,2.0
1744695347.9507113,2.0
1744695347.961718,2.0
1744695347.972708,2.0
1744695347.9837584,2.0
1744695347.994767,2.0
1744695348.0057814,2.0
1744695348.0167878,2.0
1744695348.0278237,2.0
1744695348.0388458,2.0
1744695348.049875,2.0
1744695348.0608425,2.0
1744695348.0719376,2.0
1744695348.0829422,2.0
1744695348.0939722,2.0
1744695348.1049478,2.0
1744695348.116009,2.0
1744695348.1270154,2.0
1744695348.1380403,2.0
1744695348.1490765,2.0
1744695348.1600852,2.0
1744695348.1711388,2.0
1744695348.1823325,2.0
1744695348.1933918,2.0
1744695348.204447,2.0
1744695348.2154536,2.0
1744695348.226549,2.0
1744695348.2375152,2.0
1744695348.248579,2.0
1744695348.2597013,2.0
1744695348.27091,2.0
1744695348.2819157,2.0
1744695348.292947,2.0
1744695348.3039596,2.0
1744695348.3185825,2.0
1744695348.3293536,2.0
1744695348.340371,2.0
1744695348.3514707,2.0
1744695348.3640006,2.0
1744695348.3750157,2.0
1744695348.3861122,2.0
1744695348.3976293,2.0
1744695348.410115,2.0
1744695348.42323,2.0
1744695348.4342263,2.0
1744695348.4452739,2.0
1744695348.4562898,2.0
1744695348.4673254,2.0
1744695348.4783092,2.0
1744695348.4893472,2.0
1744695348.5003984,2.0
1744695348.5114312,2.0
1744695348.5225112,2.0
1744695348.5335453,2.0
1744695348.5446613,2.0
1744695348.5557003,2.0
1744695348.5667434,2.0
1744695348.5778532,2.0
1744695348.588945,2.0
1744695348.600019,2.0
1744695348.6110349,2.0
1744695348.6220474,2.0
1744695348.6330464,2.0
1744695348.644084,2.0
1744695348.6551335,2.0
1744695348.6662095,2.0
1744695348.6772366,2.0
1744695348.688237,2.0
1744695348.6992648,2.0
1744695348.7105157,2.0
1744695348.7215562,2.0
1744695348.7325726,2.0
1744695348.7435608,2.0
1744695348.7548444,2.0
1744695348.7667773,2.0
1744695348.7777452,2.0
1744695348.7888384,2.0
1744695348.7998648,2.0
1744695348.810873,2.0
1744695348.8218715,2.0
1744695348.832919,2.0
1744695348.8439343,2.0
1744695348.8549712,2.0
1744695348.8659801,2.0
1744695348.8770008,2.0
1744695348.88803,2.0
1744695348.8992426,2.0
1744695348.9102833,2.0
1744695348.9213219,2.0
1744695348.932328,2.0
1744695348.9433403,2.0
1744695348.9543672,2.0
1744695348.9654307,2.0
1744695348.976442,2.0
1744695348.9874945,2.0
1744695348.9984758,2.0
1744695349.0094972,2.0
1744695349.0205486,2.0
1744695349.031568,2.0
1744695349.0425727,2.0
1744695349.0535977,2.0
1744695349.064586,2.0
1744695349.0756738,2.0
1744695349.0866978,2.0
1744695349.0977094,2.0
1744695349.1087391,2.0
1744695349.1198318,2.0
1744695349.1308846,2.0
1744695349.1418927,2.0
1744695349.1529062,2.0
1744695349.1639166,2.0
1744695349.174937,2.0
1744695349.186079,2.0
1744695349.1970785,2.0
1744695349.208102,2.0
1744695349.219154,2.0
1744695349.2302258,2.0
1744695349.241298,2.0
1744695349.2523425,2.0
1744695349.2633808,2.0
1744695349.274445,2.0
1744695349.2855136,2.0
1744695349.2965605,2.0
1744695349.3076093,2.0
1744695349.3216581,2.0
1744695349.3326411,2.0
1744695349.3443003,2.0
1744695349.3557801,2.0
1744695349.3669126,2.0
1744695349.3779638,2.0
1744695349.3890362,2.0
1744695349.401927,2.0
1744695349.4129145,2.0
1744695349.425649,2.0
1744695349.4409735,2.0
1744695349.4520938,2.0
1744695349.4632263,2.0
1744695349.4743733,2.0
1744695349.4854908,2.0
1744695349.4965808,2.0
1744695349.5077066,2.0
1744695349.5188065,2.0
1744695349.5299299,2.0
1744695349.5410361,2.0
1744695349.552125,2.0
1744695349.5632718,2.0
1744695349.5743465,2.0
1744695349.5854416,2.0
1744695349.5966315,2.0
1744695349.6077127,2.0
1744695349.6187978,2.0
1744695349.6299143,2.0
1744695349.6410387,2.0
1744695349.6521323,2.0
1744695349.6632526,2.0
1744695349.6743042,2.0
1744695349.6853728,2.0
1744695349.696488,2.0
1744695349.7075615,2.0
1744695349.7186513,2.0
1744695349.7297263,2.0
1744695349.7408462,2.0
1744695349.7519457,2.0
1744695349.7630806,2.0
1744695349.7742283,2.0
1744695349.7852995,2.0
1744695349.7965,2.0
1744695349.8075888,2.0
1744695349.8187194,2.0
1744695349.829828,2.0
1744695349.840919,2.0
1744695349.852081,2.0
1744695349.8635364,2.0
1744695349.8746455,2.0
1744695349.8857827,2.0
1744695349.8972566,2.0
1744695349.908333,2.0
1744695349.9194832,2.0
1744695349.9305897,2.0
1744695349.9417076,2.0
1744695349.9527748,2.0
1744695349.9638984,2.0
1744695349.9750295,2.0
1744695349.9862788,2.0
1744695349.9974117,2.0
1744695350.0084865,2.0
1744695350.0196443,2.0
1744695350.0307748,2.0
1744695350.0418859,2.0
1744695350.0530007,2.0
1744695350.0640981,2.0
1744695350.075222,2.0
1744695350.0863376,2.0
1744695350.0974607,2.0
1744695350.1085536,2.0
1744695350.1199324,2.0
1744695350.1310692,2.0
1744695350.1421232,2.0
1744695350.1532283,2.0
1744695350.1643674,2.0
1744695350.1754766,2.0
1744695350.1867414,2.0
1744695350.1978602,2.0
1744695350.2090068,2.0
1744695350.2200954,2.0
1744695350.2312,2.0
1744695350.242269,2.0
1744695350.253318,2.0
1744695350.2644444,2.0
1744695350.2755344,2.0
1744695350.2866213,2.0
1744695350.297738,2.0
1744695350.3087835,2.0
1744695350.3216197,2.0
1744695350.3328426,2.0
1744695350.343964,2.0
1744695350.355053,2.0
1744695350.3671906,2.0
1744695350.3781567,2.0
1744695350.3893464,2.0
1744695350.4021206,2.0
1744695350.413418,2.0
1744695350.4245338,2.0
1744695350.435663,2.0
1744695350.446843,2.0
1744695350.4580033,2.0
1744695350.4690878,2.0
1744695350.480196,2.0
1744695350.491343,2.0
1744695350.5023794,2.0
1744695350.5134876,2.0
1744695350.5246396,2.0
1744695350.535737,2.0
1744695350.5468647,2.0
1744695350.55795,2.0
1744695350.5690134,2.0
1744695350.5801136,2.0
1744695350.5913122,2.0
1744695350.602414,2.0
1744695350.6134782,2.0
1744695350.6246047,2.0
1744695350.6357174,2.0
1744695350.6468174,2.0
1744695350.657949,2.0
1744695350.6690106,2.0
1744695350.6800814,2.0
1744695350.6911755,2.0
1744695350.702399,2.0
1744695350.7134726,2.0
1744695350.7247674,2.0
1744695350.7360299,2.0
1744695350.7470958,2.0
1744695350.758216,2.0
1744695350.7693133,2.0
1744695350.7803981,2.0
1744695350.7919197,2.0
1744695350.8030055,2.0
1744695350.8141105,2.0
1744695350.8252373,2.0
1744695350.8364217,2.0
1744695350.847559,2.0
1744695350.8586206,2.0
1744695350.8697438,2.0
1744695350.8807924,2.0
1744695350.8919103,2.0
1744695350.9031482,2.0
1744695350.91427,2.0
1744695350.9255135,2.0
1744695350.9365873,2.0
1744695350.9477308,2.0
1744695350.9588656,2.0
1744695350.969949,2.0
1744695350.9810271,2.0
1744695350.9921951,2.0
1744695351.0033154,2.0
1744695351.014391,2.0
1744695351.0255034,2.0
1744695351.036623,2.0
1744695351.047697,2.0
1744695351.0588326,2.0
1744695351.0699363,2.0
1744695351.0810273,2.0
1744695351.0921428,2.0
1744695351.103213,2.0
1744695351.11432,2.0
1744695351.1255517,2.0
1744695351.1366735,2.0
1744695351.1478367,2.0
1744695351.1588929,2.0
1744695351.170018,2.0
1744695351.1811197,2.0
1744695351.1923053,2.0
1744695351.2034004,2.0
1744695351.2145,2.0
1744695351.2255979,2.0
1744695351.236708,2.0
1744695351.2478247,2.0
1744695351.258894,2.0
1744695351.2700734,2.0
1744695351.2812197,2.0
1744695351.2924075,2.0
1744695351.303502,2.0
1744695351.3155873,2.0
1744695351.3275018,2.0
1744695351.3385966,2.0
1744695351.3497849,2.0
1744695351.3611722,2.0
1744695351.372775,2.0
1744695351.383847,2.0
1744695351.395345,2.0
1744695351.4084313,2.0
1744695351.4194722,2.0
1744695351.430584,2.0
1744695351.446704,2.0
1744695351.457712,2.0
1744695351.468858,2.0
1744695351.479973,2.0
1744695351.4910445,2.0
1744695351.5021734,2.0
1744695351.5132368,2.0
1744695351.524351,2.0
1744695351.5358417,2.0
1744695351.5469294,2.0
1744695351.5580914,2.0
1744695351.571469,1.0
1744695351.5853124,1.0
1744695351.5960286,2.0
1744695351.6070633,2.0
1744695351.618119,2.0
1744695351.6291828,2.0
1744695351.6402438,2.0
1744695351.651315,2.0
1744695351.66236,2.0
1744695351.6733823,2.0
1744695351.6844192,2.0
1744695351.6954312,2.0
1744695351.7065015,2.0
1744695351.7175667,2.0
1744695351.728735,2.0
1744695351.7398002,2.0
1744695351.750845,2.0
1744695351.761881,2.0
1744695351.7729044,2.0
1744695351.78392,2.0
1744695351.795052,2.0
1744695351.8060699,2.0
1744695351.817082,2.0
1744695351.8281054,2.0
1744695351.839145,2.0
1744695351.8502014,2.0
1744695351.8612158,2.0
1744695351.8722317,2.0
1744695351.8832588,2.0
1744695351.8943079,2.0
1744695351.905548,2.0
1744695351.916591,2.0
1744695351.9277701,2.0
1744695351.9388416,2.0
1744695351.9498806,2.0
1744695351.9608426,2.0
1744695351.9719026,2.0
1744695351.9829638,2.0
1744695351.9940157,2.0
1744695352.0050142,2.0
1744695352.016047,2.0
1744695352.0270398,2.0
1744695352.0380754,2.0
1744695352.049141,2.0
1744695352.0601966,2.0
1744695352.0712082,2.0
1744695352.0822163,2.0
1744695352.0932295,2.0
1744695352.1043818,2.0
1744695352.1153858,2.0
1744695352.1264923,2.0
1744695352.137513,2.0
1744695352.1485,2.0
1744695352.1595576,2.0
1744695352.1706061,2.0
1744695352.1816266,2.0
1744695352.1926868,2.0
1744695352.2037098,2.0
1744695352.214737,2.0
1744695352.2257705,2.0
1744695352.2367964,2.0
1744695352.2478697,2.0
1744695352.2588818,2.0
1744695352.2699037,2.0
1744695352.2810156,2.0
1744695352.2920423,2.0
1744695352.303079,2.0
1744695352.315145,2.0
1744695352.3274822,2.0
1744695352.3384717,2.0
1744695352.3494534,2.0
1744695352.361116,2.0
1744695352.3723633,2.0
1744695352.3834162,2.0
1744695352.394493,2.0
1744695352.4075062,2.0
1744695352.418422,2.0
1744695352.4294393,2.0
1744695352.4404507,2.0
1744695352.45146,2.0
1744695352.4624712,2.0
1744695352.473466,2.0
1744695352.4844975,2.0
1744695352.49554,2.0
1744695352.5065565,2.0
1744695352.51759,2.0
1744695352.5286477,2.0
1744695352.5396378,2.0
1744695352.5506678,2.0
1744695352.5616722,2.0
1744695352.5727046,2.0
1744695352.5837345,2.0
1744695352.5948188,2.0
1744695352.6059277,2.0
1744695352.616914,2.0
1744695352.6279955,2.0
1744695352.6390107,2.0
1744695352.6500142,2.0
1744695352.6610317,2.0
1744695352.672037,2.0
1744695352.6831555,2.0
1744695352.6941543,2.0
1744695352.7051911,2.0
1744695352.7162104,2.0
1744695352.727243,2.0
1744695352.738342,2.0
1744695352.7493465,2.0
1744695352.7603526,2.0
1744695352.7714298,2.0
1744695352.7824461,2.0
1744695352.7935116,2.0
1744695352.8051817,2.0
1744695352.816278,2.0
1744695352.8274517,2.0
1744695352.8384447,2.0
1744695352.8494964,2.0
1744695352.860465,2.0
1744695352.8715043,2.0
1744695352.8824956,2.0
1744695352.8935883,2.0
1744695352.9051878,1.0
1744695352.9163244,2.0
1744695352.9274347,2.0
1744695352.9385052,2.0
1744695352.9495366,2.0
1744695352.9605496,2.0
1744695352.9715955,2.0
1744695352.9826145,2.0
1744695352.9937615,2.0
1744695353.004762,2.0
1744695353.0157957,2.0
1744695353.0268242,2.0
1744695353.0378425,2.0
1744695353.0488415,2.0
1744695353.0599804,2.0
1744695353.0710533,2.0
1744695353.082109,2.0
1744695353.0931304,2.0
1744695353.1042116,2.0
1744695353.1152172,2.0
1744695353.126304,2.0
1744695353.137414,2.0
1744695353.1484916,2.0
1744695353.159516,2.0
1744695353.1706617,2.0
1744695353.1817584,2.0
1744695353.1928275,2.0
1744695353.203859,2.0
1744695353.2148914,2.0
1744695353.225927,2.0
1744695353.236955,2.0
1744695353.247967,2.0
1744695353.2589412,2.0
1744695353.270271,2.0
1744695353.2813523,2.0
1744695353.2923744,2.0
1744695353.3034065,2.0
1744695353.3162885,2.0
1744695353.3280497,2.0
1744695353.339276,2.0
1744695353.35032,2.0
1744695353.3618863,2.0
1744695353.3730495,2.0
1744695353.384044,2.0
1744695353.3951142,2.0
1744695353.4079041,2.0
1744695353.4188945,2.0
1744695353.429892,2.0
1744695353.440904,2.0
1744695353.4554563,2.0
1744695353.4677262,2.0
1744695353.4787166,2.0
1744695353.4896796,2.0
1744695353.5006726,2.0
1744695353.5116847,2.0
1744695353.5227487,2.0
1744695353.5339637,2.0
1744695353.544966,2.0
1744695353.55597,2.0
1744695353.5669827,2.0
1744695353.5780268,2.0
1744695353.5890498,2.0
1744695353.6000805,2.0
1744695353.6110854,2.0
1744695353.6221406,2.0
1744695353.6330955,2.0
1744695353.6441262,2.0
1744695353.6551733,2.0
1744695353.6662183,2.0
1744695353.677217,2.0
1744695353.6882255,2.0
1744695353.6992903,2.0
1744695353.7103727,2.0
1744695353.7213705,2.0
1744695353.7326288,2.0
1744695353.7435737,2.0
1744695353.754617,2.0
1744695353.7655907,2.0
1744695353.7765918,2.0
1744695353.7876616,2.0
1744695353.7987537,2.0
1744695353.809827,2.0
1744695353.8208177,2.0
1744695353.8318462,2.0
1744695353.842885,2.0
1744695353.8539243,2.0
1744695353.8649635,2.0
1744695353.8760176,2.0
1744695353.8870654,2.0
1744695353.898436,2.0
1744695353.9094234,2.0
1744695353.9205668,2.0
1744695353.9316819,2.0
1744695353.9426985,2.0
1744695353.9536896,2.0
1744695353.9647183,2.0
1744695353.9757717,2.0
1744695353.9867718,2.0
1744695353.9978292,2.0
1744695354.0087981,2.0
1744695354.0197597,2.0
1744695354.0307393,2.0
1744695354.0418086,2.0
1744695354.0527992,2.0
1744695354.0638099,2.0
1744695354.0748305,2.0
1744695354.0858588,2.0
1744695354.0968857,2.0
1744695354.1079054,2.0
1744695354.1189256,2.0
1744695354.1300614,2.0
1744695354.141147,2.0
1744695354.1522582,2.0
1744695354.163241,2.0
1744695354.1742697,2.0
1744695354.185268,2.0
1744695354.1963248,2.0
1744695354.2073755,2.0
1744695354.2183707,2.0
1744695354.2293918,2.0
1744695354.240398,2.0
1744695354.2513916,2.0
1744695354.2624345,2.0
1744695354.2734408,2.0
1744695354.2844718,2.0
1744695354.295492,2.0
1744695354.3064947,2.0
1744695354.320717,2.0
1744695354.3316073,2.0
1744695354.3426607,2.0
1744695354.3536553,2.0
1744695354.3655264,2.0
1744695354.376559,2.0
1744695354.3875425,2.0
1744695354.3986452,2.0
1744695354.4108107,2.0
1744695354.4217732,2.0
1744695354.432791,2.0
1744695354.4438772,2.0
1744695354.4549031,2.0
1744695354.4664166,2.0
1744695354.4773998,2.0
1744695354.488457,2.0
1744695354.4995086,2.0
1744695354.5105402,2.0
1744695354.5215366,2.0
1744695354.5326812,2.0
1744695354.5437229,2.0
1744695354.554757,2.0
1744695354.5657709,2.0
1744695354.5767806,2.0
1744695354.5878067,2.0
1744695354.5989313,2.0
1744695354.6099615,2.0
1744695354.6209898,2.0
1744695354.6320183,2.0
1744695354.6430345,2.0
1744695354.6541202,2.0
1744695354.6651156,2.0
1744695354.676124,2.0
1744695354.6871634,2.0
1744695354.698185,2.0
1744695354.709251,2.0
1744695354.720348,2.0
1744695354.7316203,2.0
1744695354.7425165,2.0
1744695354.7535217,2.0
1744695354.7645466,2.0
1744695354.7755926,2.0
1744695354.7865987,2.0
1744695354.7976606,2.0
1744695354.808698,2.0
1744695354.8203669,2.0
1744695354.8313916,2.0
1744695354.84244,2.0
1744695354.8534696,2.0
1744695354.8644965,2.0
1744695354.8754878,2.0
1744695354.886534,2.0
1744695354.8975277,2.0
1744695354.9086537,2.0
1744695354.9196467,2.0
1744695354.930663,2.0
1744695354.941717,2.0
1744695354.9527667,2.0
1744695354.9637797,2.0
1744695354.976147,2.0
1744695354.9871097,2.0
1744695354.9982061,2.0
1744695355.0092406,2.0
1744695355.0202763,2.0
1744695355.03128,2.0
1744695355.0423079,2.0
1744695355.0533392,2.0
1744695355.0643938,2.0
1744695355.0754697,2.0
1744695355.0864618,2.0
1744695355.0974145,2.0
1744695355.1084404,2.0
1744695355.1195018,2.0
1744695355.130595,2.0
1744695355.1416504,2.0
1744695355.1526332,2.0
1744695355.1637223,2.0
1744695355.1747868,2.0
1744695355.1857882,2.0
1744695355.196812,2.0
1744695355.207889,2.0
1744695355.2189236,2.0
1744695355.2299588,2.0
1744695355.2414732,2.0
1744695355.252728,2.0
1744695355.2637465,2.0
1744695355.2748241,2.0
1744695355.2858827,2.0
1744695355.2969084,2.0
1744695355.3079052,2.0
1744695355.3210413,2.0
1744695355.3319836,2.0
1744695355.3430278,2.0
1744695355.3540816,2.0
1744695355.3662326,2.0
1744695355.3772025,2.0
1744695355.3882217,2.0
1744695355.4008548,2.0
1744695355.4119987,2.0
1744695355.42301,2.0
1744695355.4340532,2.0
1744695355.4450161,2.0
1744695355.4590466,2.0
1744695355.4733553,2.0
1744695355.4842167,2.0
1744695355.4952316,2.0
1744695355.5062087,2.0
1744695355.517243,2.0
1744695355.528345,2.0
1744695355.5394452,2.0
1744695355.550472,2.0
1744695355.5614712,2.0
1744695355.5725245,2.0
1744695355.5835612,2.0
1744695355.5945837,2.0
1744695355.6056352,2.0
1744695355.616647,2.0
1744695355.6276808,2.0
1744695355.6387045,2.0
1744695355.649709,2.0
1744695355.6607049,2.0
1744695355.671695,2.0
1744695355.682745,2.0
1744695355.6937509,2.0
1744695355.7048428,2.0
1744695355.7158775,2.0
1744695355.7269716,2.0
1744695355.73814,2.0
1744695355.7491074,2.0
1744695355.760141,2.0
1744695355.7711284,2.0
1744695355.782225,2.0
1744695355.7932708,2.0
1744695355.8043365,2.0
1744695355.8154955,2.0
1744695355.826538,2.0
1744695355.837525,2.0
1744695355.84855,2.0
1744695355.8595958,2.0
1744695355.8706608,2.0
1744695355.8816795,2.0
1744695355.892693,2.0
1744695355.903864,2.0
1744695355.914877,2.0
1744695355.9259136,2.0
1744695355.9369898,2.0
1744695355.9480314,2.0
1744695355.9590192,2.0
1744695355.9700487,2.0
1744695355.9810674,2.0
1744695355.9920967,2.0
1744695356.0031595,2.0
1744695356.0141835,2.0
1744695356.0252051,2.0
1744695356.0362618,2.0
1744695356.0472996,2.0
1744695356.0583024,2.0
1744695356.069369,2.0
1744695356.0804408,2.0
1744695356.0914834,2.0
1744695356.1025321,2.0
1744695356.11356,2.0
1744695356.1245923,2.0
1744695356.1357048,2.0
1744695356.1467407,2.0
1744695356.1577277,2.0
1744695356.1687279,2.0
1744695356.1797688,2.0
1744695356.1907682,2.0
1744695356.201874,2.0
1744695356.2128887,2.0
1744695356.2238781,2.0
1744695356.2348857,2.0
1744695356.2458835,2.0
1744695356.2569017,2.0
1744695356.2679176,2.0
1744695356.2789567,2.0
1744695356.2899818,2.0
1744695356.3010063,2.0
1744695356.3133607,2.0
1744695356.3252172,2.0
1744695356.3363318,2.0
1744695356.3473485,2.0
1744695356.3587937,2.0
1744695356.370237,2.0
1744695356.3812077,2.0
1744695356.3922238,2.0
1744695356.4049056,2.0
1744695356.4156828,2.0
1744695356.4266834,2.0
1744695356.4377198,2.0
1744695356.4487042,2.0
1744695356.4597058,2.0
1744695356.4707284,2.0
1744695356.4817443,2.0
1744695356.492741,2.0
1744695356.5037978,2.0
1744695356.514848,2.0
1744695356.525853,2.0
1744695356.537021,2.0
1744695356.5480397,2.0
1744695356.5590336,2.0
1744695356.5700777,2.0
1744695356.5810719,2.0
1744695356.5920613,2.0
1744695356.6031744,2.0
1744695356.6141827,2.0
1744695356.6251748,2.0
1744695356.636173,2.0
1744695356.6472328,2.0
1744695356.658283,2.0
1744695356.6692955,2.0
1744695356.6803172,2.0
1744695356.6913354,2.0
1744695356.7023706,2.0
1744695356.7134206,2.0
1744695356.7244043,2.0
1744695356.7355556,2.0
1744695356.7465749,2.0
1744695356.757578,2.0
1744695356.7686229,2.0
1744695356.7878423,2.0
1744695356.8050969,1.0
1744695356.8159866,2.0
1744695356.8271317,2.0
1744695356.8387804,2.0
1744695356.8499866,2.0
1744695356.8611484,2.0
1744695356.8723166,2.0
1744695356.8834891,2.0
1744695356.894586,2.0
1744695356.9060364,2.0
1744695356.917257,2.0
1744695356.9283893,2.0
1744695356.9396048,2.0
1744695356.950794,2.0
1744695356.9619405,2.0
1744695356.9730756,2.0
1744695356.9843326,2.0
1744695356.9954827,2.0
1744695357.0066986,2.0
1744695357.0179234,2.0
1744695357.0290608,2.0
1744695357.0402243,2.0
1744695357.0513363,2.0
1744695357.0625093,2.0
1744695357.0736759,2.0
1744695357.0848594,2.0
1744695357.096046,2.0
1744695357.10716,2.0
1744695357.1183047,2.0
1744695357.1295054,2.0
1744695357.1407034,2.0
1744695357.15187,2.0
1744695357.1630168,2.0
1744695357.1741977,2.0
1744695357.1853752,2.0
1744695357.1965718,2.0
1744695357.2077665,2.0
1744695357.2189033,2.0
1744695357.2300484,2.0
1744695357.241228,2.0
1744695357.2524154,2.0
1744695357.2635725,2.0
1744695357.2748482,2.0
1744695357.2860317,2.0
1744695357.2971988,2.0
1744695357.3085117,1.0
1744695357.319919,1.0
1744695357.3308446,2.0
1744695357.3420274,2.0
1744695357.3534281,2.0
1744695357.3646836,2.0
1744695357.3757727,2.0
1744695357.3868837,2.0
1744695357.4062943,2.0
1744695357.423292,1.0
1744695357.4340568,2.0
1744695357.445043,2.0
1744695357.4561653,2.0
1744695357.4690645,2.0
1744695357.4842844,2.0
1744695357.4952612,2.0
1744695357.5063636,2.0
1744695357.517445,2.0
1744695357.5285385,2.0
1744695357.5397916,2.0
1744695357.5508823,2.0
1744695357.561902,2.0
1744695357.5729609,2.0
1744695357.5840063,2.0
1744695357.595117,2.0
1744695357.606282,2.0
1744695357.6173792,2.0
1744695357.6284227,2.0
1744695357.63947,2.0
1744695357.650614,2.0
1744695357.6617582,2.0
1744695357.672792,2.0
1744695357.6839337,2.0
1744695357.6950214,2.0
1744695357.7061026,2.0
1744695357.7171469,2.0
1744695357.728198,2.0
1744695357.7395916,2.0
1744695357.7506583,2.0
1744695357.7617774,2.0
1744695357.7728086,2.0
1744695357.7838967,2.0
1744695357.7949436,2.0
1744695357.8061442,2.0
1744695357.8171985,2.0
1744695357.8283522,2.0
1744695357.8394105,2.0
1744695357.8504868,2.0
1744695357.8615003,2.0
1744695357.8725412,2.0
1744695357.8835917,2.0
1744695357.894693,2.0
1744695357.905911,2.0
1744695357.916963,2.0
1744695357.928044,2.0
1744695357.9391825,2.0
1744695357.950278,2.0
1744695357.9613307,2.0
1744695357.9724162,2.0
1744695357.9834783,2.0
1744695357.99452,2.0
1744695358.0056694,2.0
1744695358.0167005,2.0
1744695358.0277302,2.0
1744695358.0388093,2.0
1744695358.0498662,2.0
1744695358.0609283,2.0
1744695358.0719748,2.0
1744695358.0830839,2.0
1744695358.094154,2.0
1744695358.1051576,2.0
1744695358.1162505,2.0
1744695358.1273208,2.0
1744695358.1385322,2.0
1744695358.1496897,2.0
1744695358.160715,2.0
1744695358.1718173,2.0
1744695358.1828923,2.0
1744695358.1939611,2.0
1744695358.2051976,2.0
1744695358.216236,2.0
1744695358.2273421,2.0
1744695358.2383919,2.0
1744695358.2494621,2.0
1744695358.2605236,2.0
1744695358.271566,2.0
1744695358.2827528,2.0
1744695358.2938385,2.0
1744695358.3049004,2.0
1744695358.3192422,2.0
1744695358.3300488,2.0
1744695358.341272,2.0
1744695358.3523438,2.0
1744695358.3642519,2.0
1744695358.375339,2.0
1744695358.3863688,2.0
1744695358.3974886,2.0
1744695358.4103847,2.0
1744695358.4213908,2.0
1744695358.4324691,2.0
1744695358.4435482,2.0
1744695358.4545798,2.0
1744695358.4656048,2.0
1744695358.4766319,2.0
1744695358.4876864,2.0
1744695358.4987326,2.0
1744695358.509778,2.0
1744695358.520863,2.0
1744695358.5319145,2.0
1744695358.5430803,2.0
1744695358.5541222,2.0
1744695358.5651684,2.0
1744695358.5762372,2.0
1744695358.5873022,2.0
1744695358.5983996,2.0
1744695358.609448,2.0
1744695358.6205163,2.0
1744695358.6315963,2.0
1744695358.6426215,2.0
1744695358.6536717,2.0
1744695358.6647081,2.0
1744695358.675761,2.0
1744695358.686794,2.0
1744695358.6978645,2.0
1744695358.7089226,2.0
1744695358.7200773,2.0
1744695358.7312603,2.0
1744695358.7423542,2.0
1744695358.7534072,2.0
1744695358.764455,2.0
1744695358.7755105,2.0
1744695358.7865982,2.0
1744695358.7977803,2.0
1744695358.808829,2.0
1744695358.8198574,2.0
1744695358.830954,2.0
1744695358.8419929,2.0
1744695358.8537836,2.0
1744695358.8648582,2.0
1744695358.8758929,2.0
1744695358.886975,2.0
1744695358.898037,2.0
1744695358.9092875,2.0
1744695358.9204361,2.0
1744695358.9315155,2.0
1744695358.9426634,2.0
1744695358.953713,2.0
1744695358.9647808,2.0
1744695358.9759,2.0
1744695358.986949,2.0
1744695358.9980297,2.0
1744695359.0091455,2.0
1744695359.0201936,2.0
1744695359.0312793,2.0
1744695359.0423317,2.0
1744695359.0534265,2.0
1744695359.064487,2.0
1744695359.0755541,2.0
1744695359.0866127,2.0
1744695359.0976462,2.0
1744695359.1086857,2.0
1744695359.120233,2.0
1744695359.1312587,2.0
1744695359.1425037,2.0
1744695359.1535814,2.0
1744695359.16468,2.0
1744695359.1757288,2.0
1744695359.1868148,2.0
1744695359.1979244,2.0
1744695359.2090611,2.0
1744695359.220109,2.0
1744695359.2312124,2.0
1744695359.242281,2.0
1744695359.253328,2.0
1744695359.2643495,2.0
1744695359.2753901,2.0
1744695359.2864356,2.0
1744695359.2975032,2.0
1744695359.3085532,2.0
1744695359.3219697,2.0
1744695359.3331003,2.0
1744695359.3442495,2.0
1744695359.355277,2.0
1744695359.367253,2.0
1744695359.3783243,2.0
1744695359.3893783,2.0
1744695359.402516,2.0
1744695359.4133544,2.0
1744695359.424396,2.0
1744695359.4354818,2.0
1744695359.4465237,2.0
1744695359.4575872,2.0
1744695359.4686487,2.0
1744695359.4852276,2.0
1744695359.4961138,1.0
1744695359.5069861,2.0
1744695359.5180619,2.0
1744695359.5291593,2.0
1744695359.5403738,2.0
1744695359.5515423,2.0
1744695359.5626156,2.0
1744695359.5737097,2.0
1744695359.5853484,2.0
1744695359.5963843,2.0
1744695359.6076326,2.0
1744695359.6206896,2.0
1744695359.6357722,2.0
1744695359.6467829,2.0
1744695359.657836,2.0
1744695359.668941,2.0
1744695359.680012,2.0
1744695359.6911137,2.0
1744695359.7021968,2.0
1744695359.7132092,2.0
1744695359.7243023,2.0
1744695359.73541,2.0
1744695359.7465873,2.0
1744695359.7576427,2.0
1744695359.768644,2.0
1744695359.7797346,2.0
1744695359.7907646,2.0
1744695359.8019023,2.0
1744695359.8129668,2.0
1744695359.8240507,2.0
1744695359.835097,2.0
1744695359.8461845,2.0
1744695359.8572574,2.0
1744695359.8683147,2.0
1744695359.8793278,2.0
1744695359.8904388,2.0
1744695359.9014847,2.0
1744695359.9126635,2.0
1744695359.923746,2.0
1744695359.9348862,2.0
1744695359.9461029,2.0
1744695359.957118,2.0
1744695359.9681592,2.0
1744695359.9792147,2.0
1744695359.990241,2.0
1744695360.0013835,2.0
1744695360.0124154,2.0
1744695360.0235002,2.0
1744695360.0345507,2.0
1744695360.0455983,2.0
1744695360.0566375,2.0
1744695360.0677423,2.0
1744695360.078799,2.0
1744695360.0897954,2.0
1744695360.1017303,2.0
1744695360.1127386,2.0
1744695360.1238031,2.0
1744695360.134852,2.0
1744695360.1460297,2.0
1744695360.1570604,2.0
1744695360.168112,2.0
1744695360.1791623,2.0
1744695360.1902015,2.0
1744695360.2012544,2.0
1744695360.2123172,2.0
1744695360.223398,2.0
1744695360.234477,2.0
1744695360.2455194,2.0
1744695360.2565277,2.0
1744695360.267596,2.0
1744695360.2786453,2.0
1744695360.2897305,2.0
1744695360.300813,2.0
1744695360.313456,2.0
1744695360.325224,2.0
1744695360.3362887,2.0
1744695360.3475146,2.0
1744695360.3589249,2.0
1744695360.37044,2.0
1744695360.3814445,2.0
1744695360.3924968,2.0
1744695360.4056304,2.0
1744695360.4164724,2.0
1744695360.4275398,2.0
1744695360.438592,2.0
1744695360.4496603,2.0
1744695360.4606907,2.0
1744695360.471817,2.0
1744695360.4829214,2.0
1744695360.4939787,2.0
1744695360.5050173,2.0
1744695360.516073,2.0
1744695360.5271294,2.0
1744695360.5439844,2.0
1744695360.555529,2.0
1744695360.5670009,2.0
1744695360.5780582,2.0
1744695360.5891366,2.0
1744695360.6001825,2.0
1744695360.6113396,2.0
1744695360.6224165,2.0
1744695360.6334655,2.0
1744695360.6445072,2.0
1744695360.6555634,2.0
1744695360.666633,2.0
1744695360.6776655,2.0
1744695360.6887398,2.0
1744695360.6997828,2.0
1744695360.7109065,2.0
1744695360.7219274,2.0
1744695360.733014,2.0
1744695360.7441938,2.0
1744695360.755251,2.0
1744695360.766335,2.0
1744695360.7773895,2.0
1744695360.788475,2.0
1744695360.800398,1.0
1744695360.813418,2.0
1744695360.8244455,2.0
1744695360.835547,2.0
1744695360.846611,2.0
1744695360.857707,2.0
1744695360.8694596,2.0
1744695360.8804939,2.0
1744695360.891752,2.0
1744695360.9032176,2.0
1744695360.9142277,2.0
1744695360.9252617,2.0
1744695360.9364433,2.0
1744695360.9477026,2.0
1744695360.9587636,2.0
1744695360.9698465,2.0
1744695360.9808936,2.0
1744695360.991967,2.0
1744695361.003094,2.0
1744695361.0142155,2.0
1744695361.0252628,2.0
1744695361.0363529,2.0
1744695361.047413,2.0
1744695361.0585134,2.0
1744695361.069595,2.0
1744695361.080675,2.0
1744695361.0917108,2.0
1744695361.1027834,2.0
1744695361.1138606,2.0
1744695361.1249168,2.0
1744695361.1360574,2.0
1744695361.1472676,2.0
1744695361.1583111,2.0
1744695361.169383,2.0
1744695361.1803894,2.0
1744695361.191517,2.0
1744695361.202572,2.0
1744695361.2136364,2.0
1744695361.224744,2.0
1744695361.235773,2.0
1744695361.2468467,2.0
1744695361.2579272,2.0
1744695361.2689595,2.0
1744695361.280192,2.0
1744695361.2913668,2.0
1744695361.3024004,2.0
1744695361.3145242,2.0
1744695361.3268504,2.0
1744695361.3379033,2.0
1744695361.3491373,2.0
1744695361.3606858,2.0
1744695361.371869,2.0
1744695361.3829408,2.0
1744695361.3940198,2.0
1744695361.4071984,2.0
1744695361.41822,2.0
1744695361.4292915,2.0
1744695361.440348,2.0
1744695361.4513977,2.0
1744695361.4624789,2.0
1744695361.4735029,2.0
1744695361.4845517,2.0
1744695361.4991093,2.0
1744695361.5109973,2.0
1744695361.5220723,2.0
1744695361.533125,2.0
1744695361.5443213,2.0
1744695361.5554276,2.0
1744695361.5665476,2.0
1744695361.5775943,2.0
1744695361.5886188,2.0
1744695361.5996413,2.0
1744695361.6107893,2.0
1744695361.6218972,2.0
1744695361.6329296,2.0
1744695361.6439452,2.0
1744695361.6549926,2.0
1744695361.6660469,2.0
1744695361.6770725,2.0
1744695361.6881385,2.0
1744695361.6991801,2.0
1744695361.7102046,2.0
1744695361.7212331,2.0
1744695361.732291,2.0
1744695361.743329,2.0
1744695361.754437,2.0
1744695361.7655027,2.0
1744695361.7765477,2.0
1744695361.7876058,2.0
1744695361.7987185,2.0
1744695361.809884,2.0
1744695361.8209307,2.0
1744695361.8326783,2.0
1744695361.843743,2.0
1744695361.854846,2.0
1744695361.8658855,2.0
1744695361.8769436,2.0
1744695361.8880222,2.0
1744695361.899104,2.0
1744695361.9103909,2.0
1744695361.921415,2.0
1744695361.9324903,2.0
1744695361.9436252,2.0
1744695361.9547122,2.0
1744695361.9658058,2.0
1744695361.9768686,2.0
1744695361.9880013,2.0
1744695361.9990256,2.0
1744695362.0102203,2.0
1744695362.0213125,2.0
1744695362.0323913,2.0
1744695362.0434954,2.0
1744695362.054566,2.0
1744695362.0656369,2.0
1744695362.0767016,2.0
1744695362.087793,2.0
1744695362.098881,2.0
1744695362.1099226,2.0
1744695362.1209993,2.0
1744695362.13207,2.0
1744695362.1432393,2.0
1744695362.1543837,2.0
1744695362.1654215,2.0
1744695362.1765025,2.0
1744695362.187592,2.0
1744695362.198729,2.0
1744695362.2099135,2.0
1744695362.2209523,2.0
1744695362.2319958,2.0
1744695362.2430372,2.0
1744695362.2541158,2.0
1744695362.2651513,2.0
1744695362.2762318,2.0
1744695362.2872972,2.0
1744695362.2983975,2.0
1744695362.3095148,2.0
1744695362.3220363,2.0
1744695362.333166,2.0
1744695362.3443162,2.0
1744695362.3554146,2.0
1744695362.3673632,2.0
1744695362.3783672,2.0
1744695362.3893952,2.0
1744695362.4021585,2.0
1744695362.4132764,2.0
1744695362.4243238,2.0
1744695362.4353566,2.0
1744695362.4464169,2.0
1744695362.457467,2.0
1744695362.4685278,2.0
1744695362.479565,2.0
1744695362.490612,2.0
1744695362.5016823,2.0
1744695362.5127027,2.0
1744695362.52382,2.0
1744695362.5349042,2.0
1744695362.5461118,2.0
1744695362.5571895,2.0
1744695362.5682392,2.0
1744695362.5793107,2.0
1744695362.5903575,2.0
1744695362.6013818,2.0
1744695362.6125433,2.0
1744695362.62358,2.0
1744695362.6346774,2.0
1744695362.6456957,2.0
1744695362.6567738,2.0
1744695362.6678498,2.0
1744695362.6788526,2.0
1744695362.6900506,2.0
1744695362.7011242,2.0
1744695362.7121975,2.0
1744695362.72327,2.0
1744695362.7343152,2.0
1744695362.7454646,2.0
1744695362.756598,2.0
1744695362.7676983,2.0
1744695362.778737,2.0
1744695362.789803,2.0
1744695362.800925,2.0
1744695362.8120642,2.0
1744695362.8231502,2.0
1744695362.834264,2.0
1744695362.8452587,2.0
1744695362.856333,2.0
1744695362.8673694,2.0
1744695362.8792782,2.0
1744695362.890315,2.0
1744695362.9066873,2.0
1744695362.9175324,2.0
1744695362.928599,2.0
1744695362.939689,2.0
1744695362.950875,2.0
1744695362.961878,2.0
1744695362.9729466,2.0
1744695362.983989,2.0
1744695362.9954362,2.0
1744695363.0066144,2.0
1744695363.0176725,2.0
1744695363.0286946,2.0
1744695363.039751,2.0
1744695363.0508196,2.0
1744695363.0618365,2.0
1744695363.0728986,2.0
1744695363.083919,2.0
1744695363.0949671,2.0
1744695363.106043,2.0
1744695363.117062,2.0
1744695363.128104,2.0
1744695363.1391335,2.0
1744695363.1503222,2.0
1744695363.161377,2.0
1744695363.1724198,2.0
1744695363.1834478,2.0
1744695363.1944761,2.0
1744695363.2055209,2.0
1744695363.2167392,2.0
1744695363.2278035,2.0
1744695363.2388623,2.0
1744695363.2499082,2.0
1744695363.2609456,2.0
1744695363.271979,2.0
1744695363.2831576,2.0
1744695363.2942407,2.0
1744695363.3052537,2.0
1744695363.3194888,2.0
1744695363.3303137,2.0
1744695363.3413672,2.0
1744695363.35253,2.0
1744695363.3644023,2.0
1744695363.3754141,2.0
1744695363.3864694,2.0
1744695363.397532,2.0
1744695363.4101202,2.0
1744695363.4211998,2.0
1744695363.4322214,2.0
1744695363.443261,2.0
1744695363.4543266,2.0
1744695363.4653869,2.0
1744695363.4764621,2.0
1744695363.4874732,2.0
1744695363.500771,2.0
1744695363.5151067,2.0
1744695363.5260835,2.0
1744695363.5371044,2.0
1744695363.5483181,2.0
1744695363.5594213,2.0
1744695363.5704892,2.0
1744695363.5815477,2.0
1744695363.5925708,2.0
1744695363.6035872,2.0
1744695363.6147535,2.0
1744695363.6258337,2.0
1744695363.6368597,2.0
1744695363.6479092,2.0
1744695363.6589828,2.0
1744695363.6699965,2.0
1744695363.6810713,2.0
1744695363.6921265,2.0
1744695363.7031565,2.0
1744695363.7143,2.0
1744695363.7253187,2.0
1744695363.7365644,2.0
1744695363.74786,2.0
1744695363.7588928,2.0
1744695363.7699666,2.0
1744695363.7809927,2.0
1744695363.792097,2.0
1744695363.8030996,2.0
1744695363.814206,2.0
1744695363.8252578,2.0
1744695363.836326,2.0
1744695363.84734,2.0
1744695363.8583903,2.0
1744695363.8694196,2.0
1744695363.8804493,2.0
1744695363.8915064,2.0
1744695363.9025156,2.0
1744695363.913755,2.0
1744695363.9247773,2.0
1744695363.9358552,2.0
1744695363.9470804,2.0
1744695363.9581707,2.0
1744695363.969208,2.0
1744695363.980251,2.0
1744695363.9912727,2.0
1744695364.002309,2.0
1744695364.0135174,2.0
1744695364.0245733,2.0
1744695364.0364306,2.0
1744695364.047445,2.0
1744695364.0585172,2.0
1744695364.0695972,2.0
1744695364.0806878,2.0
1744695364.0917861,2.0
1744695364.1028578,2.0
1744695364.113895,2.0
1744695364.1249342,2.0
1744695364.1360257,2.0
1744695364.1472254,2.0
1744695364.1583488,2.0
1744695364.169373,2.0
1744695364.1804824,2.0
1744695364.1915216,2.0
1744695364.2025795,2.0
1744695364.213767,2.0
1744695364.2248333,2.0
1744695364.2359116,2.0
1744695364.2469528,2.0
1744695364.2580533,2.0
1744695364.269105,2.0
1744695364.2801716,2.0
1744695364.291293,2.0
1744695364.3023603,2.0
1744695364.3145912,2.0
1744695364.3263981,2.0
1744695364.337403,2.0
1744695364.3486958,2.0
1744695364.3601048,2.0
1744695364.3716483,2.0
1744695364.3826861,2.0
1744695364.393747,2.0
1744695364.406569,2.0
1744695364.4176974,2.0
1744695364.4287493,2.0
1744695364.439778,2.0
1744695364.4508085,2.0
1744695364.4618437,2.0
1744695364.472846,2.0
1744695364.4839342,2.0
1744695364.495001,2.0
1744695364.506037,2.0
1744695364.5170832,2.0
1744695364.5281081,2.0
1744695364.539205,2.0
1744695364.5573125,2.0
1744695364.5739796,1.0
1744695364.584957,2.0
1744695364.5961084,2.0
1744695364.6073482,2.0
1744695364.6187744,2.0
1744695364.6299746,2.0
1744695364.6412137,2.0
1744695364.6524386,2.0
1744695364.663718,2.0
1744695364.6750095,2.0
1744695364.6862743,2.0
1744695364.6976006,2.0
1744695364.7096858,2.0
1744695364.7209566,2.0
1744695364.7322588,2.0
1744695364.7435503,2.0
1744695364.7548797,2.0
1744695364.7662313,2.0
1744695364.7775059,2.0
1744695364.7888274,2.0
1744695364.80008,2.0
1744695364.8113968,2.0
1744695364.8227708,2.0
1744695364.8340325,2.0
1744695364.8452952,2.0
1744695364.8565454,2.0
1744695364.8678102,2.0
1744695364.8791447,2.0
1744695364.8904414,2.0
1744695364.9022439,2.0
1744695364.9137409,2.0
1744695364.9250138,2.0
1744695364.9363031,2.0
1744695364.9476635,2.0
1744695364.9590344,2.0
1744695364.970313,2.0
1744695364.9816196,2.0
1744695364.9928765,2.0
1744695365.0041206,2.0
1744695365.0155492,2.0
1744695365.0268662,2.0
1744695365.0381937,2.0
1744695365.049413,2.0
1744695365.0607033,2.0
1744695365.0720103,2.0
1744695365.083341,2.0
1744695365.094632,2.0
1744695365.1059225,2.0
1744695365.1171973,2.0
1744695365.1284616,2.0
1744695365.1397982,2.0
1744695365.1512241,2.0
1744695365.1625018,2.0
1744695365.1737845,2.0
1744695365.185046,2.0
1744695365.196387,2.0
1744695365.207705,2.0
1744695365.2193513,2.0
1744695365.2306385,2.0
1744695365.2418811,2.0
1744695365.2531528,2.0
1744695365.2644074,2.0
1744695365.275723,2.0
1744695365.2871172,2.0
1744695365.2983842,2.0
1744695365.309891,2.0
1744695365.3243916,2.0
1744695365.335684,2.0
1744695365.346941,2.0
1744695365.358955,2.0
1744695365.3702013,2.0
1744695365.3814647,2.0
1744695365.3927295,2.0
1744695365.405399,2.0
1744695365.416696,2.0
1744695365.427996,2.0
1744695365.4392474,2.0
1744695365.4505727,2.0
1744695365.4618118,2.0
1744695365.4730642,2.0
1744695365.4843628,2.0
1744695365.4956884,2.0
1744695365.506947,2.0
1744695365.522713,2.0
1744695365.5338788,2.0
1744695365.5452163,2.0
1744695365.5565805,2.0
1744695365.5678596,2.0
1744695365.5791047,2.0
1744695365.5903664,2.0
1744695365.6016188,2.0
1744695365.61298,2.0
1744695365.6242402,2.0
1744695365.635542,2.0
1744695365.6467724,2.0
1744695365.658046,2.0
1744695365.6693327,2.0
1744695365.6805682,2.0
1744695365.6918364,2.0
1744695365.7031596,2.0
1744695365.7144835,2.0
1744695365.7267146,2.0
1744695365.7381482,2.0
1744695365.749447,2.0
1744695365.7608683,2.0
1744695365.7721393,2.0
1744695365.7834766,2.0
1744695365.7948198,2.0
1744695365.8060837,2.0
1744695365.8174698,2.0
1744695365.8288062,2.0
1744695365.8401504,2.0
1744695365.851446,2.0
1744695365.8628037,2.0
1744695365.874086,2.0
1744695365.8853335,2.0
1744695365.8968022,2.0
1744695365.9083014,2.0
1744695365.9195728,2.0
1744695365.9308455,2.0
1744695365.9421542,2.0
1744695365.9535713,2.0
1744695365.9648378,2.0
1744695365.9761722,2.0
1744695365.9874349,2.0
1744695365.99871,2.0
1744695366.0099819,2.0
1744695366.0213652,2.0
1744695366.0326273,2.0
1744695366.0439918,2.0
1744695366.0552628,2.0
1744695366.0665357,2.0
1744695366.077799,2.0
1744695366.0891256,2.0
1744695366.1003935,2.0
1744695366.111656,2.0
1744695366.1229515,2.0
1744695366.1342096,2.0
1744695366.1455417,2.0
1744695366.1569223,2.0
1744695366.168223,2.0
1744695366.1795049,2.0
1744695366.190784,2.0
1744695366.2020833,2.0
1744695366.2133005,2.0
1744695366.2246528,2.0
1744695366.2359576,2.0
1744695366.2472308,2.0
1744695366.2584753,2.0
1744695366.2697382,2.0
1744695366.2809787,2.0
1744695366.292283,2.0
1744695366.3035765,2.0
1744695366.3164115,2.0
1744695366.3284168,2.0
1744695366.3396473,2.0
1744695366.3510556,2.0
1744695366.3629181,2.0
1744695366.374178,2.0
1744695366.3854375,2.0
1744695366.3966708,2.0
1744695366.4092774,2.0
1744695366.4206228,2.0
1744695366.4318886,2.0
1744695366.443151,2.0
1744695366.4544387,2.0
1744695366.465711,2.0
1744695366.4769948,2.0
1744695366.4882731,2.0
1744695366.4995418,2.0
1744695366.5108023,2.0
1744695366.5220616,2.0
1744695366.5333278,2.0
1744695366.5445988,2.0
1744695366.5560002,2.0
1744695366.5672765,2.0
1744695366.5785353,2.0
1744695366.5898414,2.0
1744695366.601128,2.0
1744695366.612406,2.0
1744695366.6237655,2.0
1744695366.6350152,2.0
1744695366.646256,2.0
1744695366.6575356,2.0
1744695366.6687891,2.0
1744695366.6801305,2.0
1744695366.6913676,2.0
1744695366.7026556,2.0
1744695366.7139328,2.0
1744695366.7252676,2.0
1744695366.7366664,2.0
1744695366.747978,2.0
1744695366.759433,2.0
1744695366.770777,2.0
1744695366.782175,2.0
1744695366.793375,2.0
1744695366.8046613,2.0
1744695366.8159158,2.0
1744695366.8273072,2.0
1744695366.8386595,2.0
1744695366.8499138,2.0
1744695366.861179,2.0
1744695366.872464,2.0
1744695366.8837612,2.0
1744695366.8952587,2.0
1744695366.9066484,2.0
1744695366.9185662,2.0
1744695366.9298384,2.0
1744695366.9411526,2.0
1744695366.9525323,2.0
1744695366.9638476,2.0
1744695366.9751058,2.0
1744695366.986383,2.0
1744695366.9975739,2.0
1744695367.0088215,2.0
1744695367.020171,2.0
1744695367.031419,2.0
1744695367.0426912,2.0
1744695367.0539663,2.0
1744695367.0652723,2.0
1744695367.0765245,2.0
1744695367.0878737,2.0
1744695367.099173,2.0
1744695367.110448,2.0
1744695367.1217175,2.0
1744695367.1330788,2.0
1744695367.1443508,2.0
1744695367.1557648,2.0
1744695367.1670787,2.0
1744695367.1783142,2.0
1744695367.1895752,2.0
1744695367.2008538,2.0
1744695367.2120917,2.0
1744695367.2234519,2.0
1744695367.2347224,2.0
1744695367.245972,2.0
1744695367.257199,2.0
1744695367.2684715,2.0
1744695367.2797499,2.0
1744695367.2911246,2.0
1744695367.3024027,2.0
1744695367.3147814,2.0
1744695367.3274086,2.0
1744695367.3386576,2.0
1744695367.3499339,2.0
1744695367.3618712,2.0
1744695367.3731139,2.0
1744695367.384347,2.0
1744695367.395684,2.0
1744695367.4083395,2.0
1744695367.419653,2.0
1744695367.4309282,2.0
1744695367.442183,2.0
1744695367.4534523,2.0
1744695367.464701,2.0
1744695367.475976,2.0
1744695367.4872077,2.0
1744695367.4984968,2.0
1744695367.5097556,2.0
1744695367.5224943,2.0
1744695367.5348005,2.0
1744695367.5468116,2.0
1744695367.558205,2.0
1744695367.5694807,2.0
1744695367.580782,2.0
1744695367.592027,2.0
1744695367.6033595,2.0
1744695367.6146903,2.0
1744695367.626002,2.0
1744695367.6372714,2.0
1744695367.6485868,2.0
1744695367.6598494,2.0
1744695367.671101,2.0
1744695367.6824863,2.0
1744695367.693738,2.0
1744695367.7050393,2.0
1744695367.7162912,2.0
1744695367.7275538,2.0
1744695367.7387578,2.0
1744695367.750101,2.0
1744695367.7614985,2.0
1744695367.7727373,2.0
1744695367.784102,2.0
1744695367.7953758,2.0
1744695367.8066335,2.0
1744695367.8178737,2.0
1744695367.8291686,2.0
1744695367.8405821,2.0
1744695367.8518581,2.0
1744695367.8631287,2.0
1744695367.874416,2.0
1744695367.8856595,2.0
1744695367.8970926,2.0
1744695367.9083982,2.0
1744695367.9198117,2.0
1744695367.931074,2.0
1744695367.9423482,2.0
1744695367.9538476,2.0
1744695367.9650981,2.0
1744695367.9763653,2.0
1744695367.9876378,2.0
1744695367.9988961,2.0
1744695368.0101542,2.0
1744695368.021502,2.0
1744695368.0327833,2.0
1744695368.0440135,2.0
1744695368.0552697,2.0
1744695368.0665348,2.0
1744695368.0778053,2.0
1744695368.0891154,2.0
1744695368.1003706,2.0
1744695368.111662,2.0
1744695368.122942,2.0
1744695368.1342018,2.0
1744695368.1453855,2.0
1744695368.1568937,2.0
1744695368.1681406,2.0
1744695368.1793914,2.0
1744695368.190614,2.0
1744695368.2019098,2.0
1744695368.213141,2.0
1744695368.2244904,2.0
1744695368.235735,2.0
1744695368.247,2.0
1744695368.2582862,2.0
1744695368.269561,2.0
1744695368.2808647,2.0
1744695368.2923236,2.0
1744695368.303637,2.0
1744695368.316341,2.0
1744695368.3300738,2.0
1744695368.3413167,2.0
1744695368.3525918,2.0
1744695368.3653295,2.0
1744695368.376366,2.0
1744695368.3876247,2.0
1744695368.3988976,2.0
1744695368.4150202,2.0
1744695368.4262402,2.0
1744695368.437474,2.0
1744695368.4486961,2.0
1744695368.459915,2.0
1744695368.4711452,2.0
1744695368.4823716,2.0
1744695368.493532,2.0
1744695368.5047696,2.0
1744695368.5160031,2.0
1744695368.5271854,2.0
1744695368.5383952,2.0
1744695368.5495632,2.0
1744695368.5609171,2.0
1744695368.5721676,2.0
1744695368.583438,2.0
1744695368.594706,2.0
1744695368.605999,2.0
1744695368.617207,2.0
1744695368.6286328,2.0
1744695368.6399639,2.0
1744695368.6512337,2.0
1744695368.662473,2.0
1744695368.6737132,2.0
1744695368.6849687,2.0
1744695368.696202,2.0
1744695368.7074783,2.0
1744695368.7189384,2.0
1744695368.7301793,2.0
1744695368.7414408,2.0
1744695368.7527535,2.0
1744695368.7640452,2.0
1744695368.7753224,2.0
1744695368.7866204,2.0
1744695368.7978702,2.0
1744695368.8091385,2.0
1744695368.8205602,2.0
1744695368.831883,2.0
1744695368.8431199,2.0
1744695368.854383,2.0
1744695368.8655949,2.0
1744695368.8768492,2.0
1744695368.8881414,2.0
1744695368.899518,2.0
1744695368.9111638,2.0
1744695368.9223697,2.0
1744695368.9344177,2.0
1744695368.9456913,2.0
1744695368.957001,2.0
1744695368.9682817,2.0
1744695368.979572,2.0
1744695368.990811,2.0
1744695369.002107,2.0
1744695369.0133114,2.0
1744695369.0247343,2.0
1744695369.0360143,2.0
1744695369.0472472,2.0
1744695369.0585172,2.0
1744695369.0697653,2.0
1744695369.0810204,2.0
1744695369.0923243,2.0
1744695369.1035676,2.0
1744695369.114846,2.0
1744695369.1261442,2.0
1744695369.1374178,2.0
1744695369.1486697,2.0
1744695369.1601236,2.0
1744695369.1714294,2.0
1744695369.1827052,2.0
1744695369.1939645,2.0
1744695369.2052617,2.0
1744695369.216502,2.0
1744695369.2279263,2.0
1744695369.2392135,2.0
1744695369.2505436,2.0
1744695369.2617786,2.0
1744695369.2730281,2.0
1744695369.284289,2.0
1744695369.2957702,2.0
1744695369.3070505,2.0
1744695369.3208802,2.0
1744695369.3319993,2.0
1744695369.3432677,2.0
1744695369.3545618,2.0
1744695369.3666778,2.0
1744695369.3779018,2.0
1744695369.3892026,2.0
1744695369.4020917,2.0
1744695369.4130778,2.0
1744695369.4244556,2.0
1744695369.4356894,2.0
1744695369.446913,2.0
1744695369.458179,2.0
1744695369.4693828,2.0
1744695369.4806173,2.0
1744695369.4918692,2.0
1744695369.5031173,2.0
1744695369.5144002,2.0
1744695369.525697,2.0
1744695369.5403602,2.0
1744695369.5526938,2.0
1744695369.5639253,2.0
1744695369.5752113,2.0
1744695369.5864851,2.0
1744695369.5977669,2.0
1744695369.6091404,2.0
1744695369.620426,2.0
1744695369.631835,2.0
1744695369.6431305,2.0
1744695369.654416,2.0
1744695369.6656861,2.0
1744695369.6768894,2.0
1744695369.688175,2.0
1744695369.6994107,2.0
1744695369.7107108,2.0
1744695369.7219923,2.0
1744695369.7332907,2.0
1744695369.7444773,2.0
1744695369.7558553,2.0
1744695369.7672193,2.0
1744695369.7784996,2.0
1744695369.7899015,2.0
1744695369.8011458,2.0
1744695369.812455,2.0
1744695369.8237855,2.0
1744695369.8350985,2.0
1744695369.8463902,2.0
1744695369.8576891,2.0
1744695369.8690345,2.0
1744695369.8803256,2.0
1744695369.8916483,2.0
1744695369.9029202,2.0
1744695369.9144835,2.0
1744695369.9257305,2.0
1744695369.9370334,2.0
1744695369.9483032,2.0
1744695369.959667,2.0
1744695369.9709349,2.0
1744695369.9822364,2.0
1744695369.9934886,2.0
1744695370.0047548,2.0
1744695370.0160053,2.0
1744695370.0273688,2.0
1744695370.0386794,2.0
1744695370.0499046,2.0
1744695370.06113,2.0
1744695370.0724258,2.0
1744695370.0845265,2.0
1744695370.0958602,2.0
1744695370.1071444,2.0
1744695370.1183908,2.0
1744695370.1296391,2.0
1744695370.1409276,2.0
1744695370.1522708,2.0
1744695370.1635802,2.0
1744695370.1748545,2.0
1744695370.1860702,2.0
1744695370.1972845,2.0
1744695370.2085965,2.0
1744695370.2198935,2.0
1744695370.2312534,2.0
1744695370.242504,2.0
1744695370.2538245,2.0
1744695370.265104,2.0
1744695370.2764308,2.0
1744695370.2876709,2.0
1744695370.2989833,2.0
1744695370.310684,2.0
1744695370.323845,2.0
1744695370.33576,2.0
1744695370.347008,2.0
1744695370.3583944,2.0
1744695370.3701677,2.0
1744695370.3814566,2.0
1744695370.3927228,2.0
1744695370.4054027,2.0
1744695370.416476,2.0
1744695370.4279053,2.0
1744695370.439296,2.0
1744695370.4505997,2.0
1744695370.4618616,2.0
1744695370.473176,2.0
1744695370.484479,2.0
1744695370.4957745,2.0
1744695370.5070615,2.0
1744695370.5183272,2.0
1744695370.5296662,2.0
1744695370.5409658,2.0
1744695370.5523684,2.0
1744695370.5637946,2.0
1744695370.5750728,2.0
1744695370.5863874,2.0
1744695370.5977094,2.0
1744695370.6090198,2.0
1744695370.6203706,2.0
1744695370.6318092,2.0
1744695370.6430628,2.0
1744695370.6543372,2.0
1744695370.6655974,2.0
1744695370.6768875,2.0
1744695370.6882153,2.0
1744695370.699508,2.0
1744695370.710897,2.0
1744695370.7221863,2.0
1744695370.7334838,2.0
1744695370.7448697,2.0
1744695370.756201,2.0
1744695370.767548,2.0
1744695370.778858,2.0
1744695370.7901921,2.0
1744695370.8015375,2.0
1744695370.8129792,2.0
1744695370.8244793,2.0
1744695370.8357916,2.0
1744695370.8478837,2.0
1744695370.859121,2.0
1744695370.8704476,2.0
1744695370.8816981,2.0
1744695370.893033,2.0
1744695370.9042568,2.0
1744695370.9157252,2.0
1744695370.9270167,2.0
1744695370.9383276,2.0
1744695370.950012,2.0
1744695370.9614062,2.0
1744695370.9727015,2.0
1744695370.983957,2.0
1744695370.9952478,2.0
1744695371.006522,2.0
1744695371.017783,2.0
1744695371.0291507,2.0
1744695371.0404544,2.0
1744695371.0517278,2.0
1744695371.0629635,2.0
1744695371.074243,2.0
1744695371.0855267,2.0
1744695371.0968456,2.0
1744695371.108131,2.0
1744695371.119438,2.0
1744695371.1306927,2.0
1744695371.1419811,2.0
1744695371.1533265,2.0
1744695371.1647162,2.0
1744695371.175939,2.0
1744695371.187217,2.0
1744695371.1985352,2.0
1744695371.2097886,2.0
1744695371.221,2.0
1744695371.232415,2.0
1744695371.2436688,2.0
1744695371.2549427,2.0
1744695371.2662115,2.0
1744695371.2774742,2.0
1744695371.2887383,2.0
1744695371.3001788,2.0
1744695371.3118796,2.0
1744695371.3249962,2.0
1744695371.336171,2.0
1744695371.3474133,2.0
1744695371.3591607,2.0
1744695371.370391,2.0
1744695371.3816898,2.0
1744695371.3929749,2.0
1744695371.405591,2.0
1744695371.4168408,2.0
1744695371.4281952,2.0
1744695371.4395342,2.0
1744695371.4508467,2.0
1744695371.4620984,2.0
1744695371.4733515,2.0
1744695371.484661,2.0
1744695371.495993,2.0
1744695371.5073762,2.0
1744695371.5186522,2.0
1744695371.5299346,2.0
1744695371.5428474,2.0
1744695371.5573657,2.0
1744695371.5685902,2.0
1744695371.5798883,2.0
1744695371.5911958,2.0
1744695371.6024575,2.0
1744695371.6137085,2.0
1744695371.6250308,2.0
1744695371.6363752,2.0
1744695371.6476436,2.0
1744695371.6588933,2.0
1744695371.6701932,2.0
1744695371.6814907,2.0
1744695371.6927435,2.0
1744695371.7039924,2.0
1744695371.715328,2.0
1744695371.7265892,2.0
1744695371.7378957,2.0
1744695371.749167,2.0
1744695371.760592,2.0
1744695371.7718582,2.0
1744695371.7831893,2.0
1744695371.7944217,2.0
1744695371.8057399,2.0
1744695371.816947,2.0
1744695371.8283293,2.0
1744695371.8396225,2.0
1744695371.8508985,2.0
1744695371.8621635,2.0
1744695371.8734412,2.0
1744695371.8846815,2.0
1744695371.8962252,2.0
1744695371.9074752,2.0
1744695371.918952,2.0
1744695371.9302356,2.0
1744695371.941516,2.0
1744695371.952755,2.0
1744695371.9642353,2.0
1744695371.9754908,2.0
1744695371.9867527,2.0
1744695371.998031,2.0
1744695372.0092676,2.0
1744695372.0205226,2.0
1744695372.0319073,2.0
1744695372.0431497,2.0
1744695372.0544548,2.0
1744695372.0656986,2.0
1744695372.0769954,2.0
1744695372.088256,2.0
1744695372.0995085,2.0
1744695372.1107526,2.0
1744695372.122103,2.0
1744695372.1334538,2.0
1744695372.1446993,2.0
1744695372.1560647,2.0
1744695372.1673937,2.0
1744695372.1786883,2.0
1744695372.1900284,2.0
1744695372.2012975,2.0
1744695372.2126234,2.0
1744695372.2238474,2.0
1744695372.235235,2.0
1744695372.246576,2.0
1744695372.2578578,2.0
1744695372.2691157,2.0
1744695372.2804544,2.0
1744695372.2917402,2.0
1744695372.3030598,2.0
1744695372.3166978,2.0
1744695372.3282633,2.0
1744695372.3395243,2.0
1744695372.3508368,2.0
1744695372.363124,2.0
1744695372.374359,2.0
1744695372.3856044,2.0
1744695372.396888,2.0
1744695372.4096246,2.0
1744695372.4208324,2.0
1744695372.4321635,2.0
1744695372.443405,2.0
1744695372.454645,2.0
1744695372.4658349,2.0
1744695372.4770381,2.0
1744695372.4883218,2.0
1744695372.499555,2.0
1744695372.510785,2.0
1744695372.521986,2.0
1744695372.5332255,2.0
1744695372.5444322,2.0
1744695372.5557086,2.0
1744695372.567058,2.0
1744695372.578302,2.0
1744695372.5895245,2.0
1744695372.6007218,2.0
1744695372.6119735,2.0
1744695372.6233425,2.0
1744695372.634649,2.0
1744695372.6458879,2.0
1744695372.6571941,2.0
1744695372.6684248,2.0
1744695372.6796794,2.0
1744695372.690961,2.0
1744695372.7021782,2.0
1744695372.713385,2.0
1744695372.7246478,2.0
1744695372.7359352,2.0
1744695372.747133,2.0
1744695372.7583609,2.0
1744695372.7697356,2.0
1744695372.7809348,2.0
1744695372.7921314,2.0
1744695372.8033237,2.0
1744695372.8145862,2.0
1744695372.8257918,2.0
1744695372.8370855,2.0
1744695372.8484793,2.0
1744695372.859689,2.0
1744695372.8713236,2.0
1744695372.8830113,2.0
1744695372.8942587,2.0
1744695372.9060435,1.0
1744695372.9172027,2.0
1744695372.9284163,2.0
1744695372.9396453,2.0
1744695372.950861,2.0
1744695372.962701,2.0
1744695372.9739797,2.0
1744695372.9851809,2.0
1744695372.9963903,2.0
1744695373.0076413,2.0
1744695373.0192223,2.0
1744695373.0309248,2.0
1744695373.0420997,2.0
1744695373.0533006,2.0
1744695373.0646057,2.0
1744695373.0758517,2.0
1744695373.087097,2.0
1744695373.0983534,2.0
1744695373.1095474,2.0
1744695373.1208165,2.0
1744695373.1320248,2.0
1744695373.1433423,2.0
1744695373.1545851,2.0
1744695373.1659372,2.0
1744695373.177188,2.0
1744695373.188423,2.0
1744695373.1996725,2.0
1744695373.210901,2.0
1744695373.2221394,2.0
1744695373.233456,2.0
1744695373.2446685,2.0
1744695373.2559245,2.0
1744695373.2671828,2.0
1744695373.2784402,2.0
1744695373.289646,2.0
1744695373.3011,2.0
1744695373.313733,2.0
1744695373.3350873,2.0
1744695373.3460712,2.0
1744695373.3573506,2.0
1744695373.3701,2.0
1744695373.3812888,2.0
1744695373.392535,2.0
1744695373.405069,2.0
1744695373.4161167,2.0
1744695373.4274447,2.0
1744695373.4388475,2.0
1744695373.4501462,2.0
1744695373.4613779,2.0
1744695373.4728227,2.0
1744695373.4840772,2.0
1744695373.4953728,2.0
1744695373.5066495,2.0
1744695373.517909,2.0
1744695373.529155,2.0
1744695373.5404522,2.0
1744695373.5536833,2.0
1744695373.5689123,2.0
1744695373.580102,2.0
1744695373.5913854,2.0
1744695373.6026638,2.0
1744695373.61394,2.0
1744695373.6251833,2.0
1744695373.6365712,2.0
1744695373.6478305,2.0
1744695373.6591136,2.0
1744695373.6703985,2.0
1744695373.6816478,2.0
1744695373.6929436,2.0
1744695373.7042353,2.0
1744695373.7156308,2.0
1744695373.7268605,2.0
1744695373.738136,2.0
1744695373.7494361,2.0
1744695373.7607005,2.0
1744695373.772054,2.0
1744695373.7832952,2.0
1744695373.7946274,2.0
1744695373.8058856,2.0
1744695373.8171628,2.0
1744695373.8284245,2.0
1744695373.8398066,2.0
1744695373.851075,2.0
1744695373.8623633,2.0
1744695373.8736637,2.0
1744695373.8849254,2.0
1744695373.896359,2.0
1744695373.9076445,2.0
1744695373.9191332,2.0
1744695373.930415,2.0
1744695373.9416873,2.0
1744695373.9529796,2.0
1744695373.9643526,2.0
1744695373.9757118,2.0
1744695373.9869776,2.0
1744695373.9982831,2.0
1744695374.0095584,2.0
1744695374.0208845,2.0
1744695374.0322952,2.0
1744695374.0435827,2.0
1744695374.0548527,2.0
1744695374.0661535,2.0
1744695374.0774493,2.0
1744695374.088767,2.0
1744695374.1000667,2.0
1744695374.111375,2.0
1744695374.122618,2.0
1744695374.1339085,2.0
1744695374.1451197,2.0
1744695374.1564252,2.0
1744695374.1678224,2.0
1744695374.1791086,2.0
1744695374.1903737,2.0
1744695374.2016208,2.0
1744695374.2128756,2.0
1744695374.22414,2.0
1744695374.2355294,2.0
1744695374.2468112,2.0
1744695374.2581031,2.0
1744695374.269396,2.0
1744695374.2806416,2.0
1744695374.2919455,2.0
1744695374.3032248,2.0
1744695374.3154454,2.0
1744695374.3277194,2.0
1744695374.338993,2.0
1744695374.3502424,2.0
1744695374.3621297,2.0
1744695374.3733704,2.0
1744695374.3846114,2.0
1744695374.395868,2.0
1744695374.4085383,2.0
1744695374.4197729,2.0
1744695374.4310415,2.0
1744695374.4423053,2.0
1744695374.4535453,2.0
1744695374.4647396,2.0
1744695374.4760387,2.0
1744695374.4873555,2.0
1744695374.4986181,2.0
1744695374.5099213,2.0
1744695374.5211968,2.0
1744695374.532473,2.0
1744695374.5437703,2.0
1744695374.5550282,2.0
1744695374.5664635,2.0
1744695374.577793,2.0
1744695374.5891016,2.0
1744695374.6003442,2.0
1744695374.6115794,2.0
1744695374.6228964,2.0
1744695374.634287,2.0
1744695374.6455152,2.0
1744695374.656838,2.0
1744695374.668108,2.0
1744695374.6793714,2.0
1744695374.690645,2.0
1744695374.7019935,2.0
1744695374.7132597,2.0
1744695374.7245705,2.0
1744695374.7359412,2.0
1744695374.747398,2.0
1744695374.758879,2.0
1744695374.7703388,2.0
1744695374.7815762,2.0
1744695374.7928553,2.0
1744695374.8041306,2.0
1744695374.8154123,2.0
1744695374.8267155,2.0
1744695374.8381095,2.0
1744695374.8493767,2.0
1744695374.8606625,2.0
1744695374.8720398,2.0
1744695374.8832998,2.0
1744695374.894611,2.0
1744695374.9058557,2.0
1744695374.9173794,2.0
1744695374.9286578,2.0
1744695374.9399416,2.0
1744695374.9518554,2.0
1744695374.9631424,2.0
1744695374.9744942,2.0
1744695374.9863718,2.0
1744695374.9976506,2.0
1744695375.0088933,2.0
1744695375.0294278,2.0
1744695375.046413,1.0
1744695375.0572095,2.0
1744695375.0682154,2.0
1744695375.079296,2.0
1744695375.090356,2.0
1744695375.1014125,2.0
1744695375.1124866,2.0
1744695375.1235518,2.0
1744695375.1346414,2.0
1744695375.1457121,2.0
1744695375.156758,2.0
1744695375.167971,2.0
1744695375.1790857,2.0
1744695375.1901693,2.0
1744695375.2012022,2.0
1744695375.212678,2.0
1744695375.2237298,2.0
1744695375.234897,2.0
1744695375.2459333,2.0
1744695375.2570083,2.0
1744695375.2680871,2.0
1744695375.2791638,2.0
1744695375.2902462,2.0
1744695375.30166,2.0
1744695375.313076,2.0
1744695375.3257735,2.0
1744695375.336735,2.0
1744695375.347826,2.0
1744695375.359318,2.0
1744695375.3709323,2.0
1744695375.382002,2.0
1744695375.3930445,2.0
1744695375.405504,2.0
1744695375.4163442,2.0
1744695375.4273508,2.0
1744695375.4385815,2.0
1744695375.4496298,2.0
1744695375.4612947,2.0
1744695375.4723902,2.0
1744695375.4839103,2.0
1744695375.4948492,2.0
1744695375.5059066,2.0
1744695375.5169425,2.0
1744695375.5280516,2.0
1744695375.5391083,2.0
1744695375.5501559,2.0
1744695375.5612953,2.0
1744695375.576945,2.0
1744695375.5879638,2.0
1744695375.599091,2.0
1744695375.6101217,2.0
1744695375.6211913,2.0
1744695375.6322975,2.0
1744695375.6434288,2.0
1744695375.6544652,2.0
1744695375.6655,2.0
1744695375.6765375,2.0
1744695375.6876884,2.0
1744695375.698747,2.0
1744695375.7100165,2.0
1744695375.7210598,2.0
1744695375.7321556,2.0
1744695375.7431293,2.0
1744695375.7542906,2.0
1744695375.76544,2.0
1744695375.776528,2.0
1744695375.7876062,2.0
1744695375.7987115,2.0
1744695375.8098032,2.0
1744695375.820876,2.0
1744695375.8319623,2.0
1744695375.8430283,2.0
1744695375.8540874,2.0
1744695375.8650823,2.0
1744695375.8761492,2.0
1744695375.8871768,2.0
1744695375.8982453,2.0
1744695375.9092534,2.0
1744695375.9204857,2.0
1744695375.9315443,2.0
1744695375.9425662,2.0
1744695375.953605,2.0
1744695375.9648044,2.0
1744695375.9762223,2.0
1744695375.987277,2.0
1744695375.9983015,2.0
1744695376.0093136,2.0
1744695376.0204322,2.0
1744695376.0315866,2.0
1744695376.0426967,2.0
1744695376.0537083,2.0
1744695376.0647929,2.0
1744695376.0758712,2.0
1744695376.0869029,2.0
1744695376.0979671,2.0
1744695376.109,2.0
1744695376.1200483,2.0
1744695376.1310792,2.0
1744695376.1421056,2.0
1744695376.1531234,2.0
1744695376.1642678,2.0
1744695376.1754014,2.0
1744695376.1864655,2.0
1744695376.1975362,2.0
1744695376.2085786,2.0
1744695376.219625,2.0
1744695376.2306514,2.0
1744695376.241778,2.0
1744695376.2528262,2.0
1744695376.2638915,2.0
1744695376.274949,2.0
1744695376.285997,2.0
1744695376.297057,2.0
1744695376.3081126,2.0
1744695376.3217216,2.0
1744695376.3325565,2.0
1744695376.3436337,2.0
1744695376.3546467,2.0
1744695376.36659,2.0
1744695376.377706,2.0
1744695376.3887498,2.0
1744695376.4013722,2.0
1744695376.412616,2.0
1744695376.423687,2.0
1744695376.4349174,2.0
1744695376.4459593,2.0
1744695376.4569726,2.0
1744695376.4680152,2.0
1744695376.4790788,2.0
1744695376.4901364,2.0
1744695376.5012007,2.0
1744695376.5122755,2.0
1744695376.5233145,2.0
1744695376.5343466,2.0
1744695376.5453513,2.0
1744695376.5564153,2.0
1744695376.5675352,2.0
1744695376.5786362,2.0
1744695376.5896595,2.0
1744695376.6006575,2.0
1744695376.6116765,2.0
1744695376.6227582,2.0
1744695376.6338942,2.0
1744695376.6449618,2.0
1744695376.6560318,2.0
1744695376.6670625,2.0
1744695376.6781259,2.0
1744695376.6891675,2.0
1744695376.7001965,2.0
1744695376.7112198,2.0
1744695376.722244,2.0
1744695376.7333522,2.0
1744695376.744327,2.0
1744695376.75536,2.0
1744695376.7664683,2.0
1744695376.7775207,2.0
1744695376.7885847,2.0
1744695376.799587,2.0
1744695376.8106604,2.0
1744695376.8216903,2.0
1744695376.8326898,2.0
1744695376.843851,2.0
1744695376.8549469,2.0
1744695376.8659706,2.0
1744695376.8770287,2.0
1744695376.888076,2.0
1744695376.8991747,2.0
1744695376.9101844,2.0
1744695376.9213655,2.0
1744695376.9324214,2.0
1744695376.943465,2.0
1744695376.9544916,2.0
1744695376.9655728,2.0
1744695376.9767056,2.0
1744695376.9876955,2.0
1744695376.999138,2.0
1744695377.0101898,2.0
1744695377.0212638,2.0
1744695377.0323088,2.0
1744695377.0434828,2.0
1744695377.0545459,2.0
1744695377.0656044,2.0
1744695377.0766451,2.0
1744695377.087738,2.0
1744695377.098819,2.0
1744695377.1098483,2.0
1744695377.1208842,2.0
1744695377.1319382,2.0
1744695377.1430788,2.0
1744695377.1541033,2.0
1744695377.165209,2.0
1744695377.1764884,2.0
1744695377.1875198,2.0
1744695377.1985595,2.0
1744695377.2096698,2.0
1744695377.2206979,2.0
1744695377.231766,2.0
1744695377.2428744,2.0
1744695377.2539492,2.0
1744695377.2650013,2.0
1744695377.2760746,2.0
1744695377.2871177,2.0
1744695377.2984903,2.0
1744695377.3095233,2.0
1744695377.3256812,2.0
1744695377.336503,2.0
1744695377.3476686,2.0
1744695377.3606808,2.0
1744695377.371699,2.0
1744695377.3827019,2.0
1744695377.3937414,2.0
1744695377.4062037,2.0
1744695377.4171221,2.0
1744695377.4281008,2.0
1744695377.4391809,2.0
1744695377.4501848,2.0
1744695377.4612002,2.0
1744695377.4722753,2.0
1744695377.4833038,2.0
1744695377.4943702,2.0
1744695377.505388,2.0
1744695377.5164454,2.0
1744695377.5274925,2.0
1744695377.5385475,2.0
1744695377.5495737,2.0
1744695377.560618,2.0
1744695377.5718706,2.0
1744695377.5852487,2.0
1744695377.5984654,2.0
1744695377.6094759,2.0
1744695377.6205852,2.0
1744695377.6316364,2.0
1744695377.6428106,2.0
1744695377.6538908,2.0
1744695377.6649508,2.0
1744695377.6760108,2.0
1744695377.6871383,2.0
1744695377.6982033,2.0
1744695377.7092476,2.0
1744695377.720395,2.0
1744695377.7316282,2.0
1744695377.7425165,2.0
1744695377.753636,2.0
1744695377.764801,2.0
1744695377.776066,2.0
1744695377.7871258,2.0
1744695377.7982335,2.0
1744695377.8093274,2.0
1744695377.8204303,2.0
1744695377.8314939,2.0
1744695377.8427758,2.0
1744695377.8538043,2.0
1744695377.864877,2.0
1744695377.8760087,2.0
1744695377.887062,2.0
1744695377.8981366,2.0
1744695377.90922,2.0
1744695377.920693,2.0
1744695377.9317517,2.0
1744695377.9428153,2.0
1744695377.953848,2.0
1744695377.9649231,2.0
1744695377.9760926,2.0
1744695377.9871788,2.0
1744695377.998295,2.0
1744695378.009331,2.0
1744695378.0204234,2.0
1744695378.031419,2.0
1744695378.042531,2.0
1744695378.0535605,2.0
1744695378.0645635,2.0
1744695378.0756733,2.0
1744695378.0867372,2.0
1744695378.0977888,2.0
1744695378.1088257,2.0
1744695378.1198952,2.0
1744695378.1309788,2.0
1744695378.1420813,2.0
1744695378.1531801,2.0
1744695378.164261,2.0
1744695378.1754835,2.0
1744695378.186561,2.0
1744695378.1975617,2.0
1744695378.2086315,2.0
1744695378.219661,2.0
1744695378.2307146,2.0
1744695378.2418602,2.0
1744695378.2528543,2.0
1744695378.2638874,2.0
1744695378.2749484,2.0
1744695378.2860334,2.0
1744695378.2971814,2.0
1744695378.308228,2.0
1744695378.3214586,2.0
1744695378.3324513,2.0
1744695378.3435378,2.0
1744695378.3545525,2.0
1744695378.3664927,2.0
1744695378.3775623,2.0
1744695378.3886158,2.0
1744695378.4011273,2.0
1744695378.4120395,2.0
1744695378.423081,2.0
1744695378.4341109,2.0
1744695378.4452775,2.0
1744695378.4563365,2.0
1744695378.4673758,2.0
1744695378.478423,2.0
1744695378.489468,2.0
1744695378.500524,2.0
1744695378.5116138,2.0
1744695378.5226426,2.0
1744695378.5337298,2.0
1744695378.5448308,2.0
1744695378.5558987,2.0
1744695378.5669847,2.0
1744695378.5782394,2.0
1744695378.5892875,2.0
1744695378.6003346,2.0
1744695378.6114268,2.0
1744695378.6227365,2.0
1744695378.6338167,2.0
1744695378.6449127,2.0
1744695378.6560342,2.0
1744695378.6670556,2.0
1744695378.6780999,2.0
1744695378.689144,2.0
1744695378.7002325,2.0
1744695378.7113428,2.0
1744695378.7225416,2.0
1744695378.733618,2.0
1744695378.744583,2.0
1744695378.7556224,2.0
1744695378.7667732,2.0
1744695378.7778542,2.0
1744695378.7889216,2.0
1744695378.7999685,2.0
1744695378.8109982,2.0
1744695378.8220358,2.0
1744695378.8330288,2.0
1744695378.844153,2.0
1744695378.855145,2.0
1744695378.8662474,2.0
1744695378.8772497,2.0
1744695378.8882813,2.0
1744695378.899355,2.0
1744695378.9104056,2.0
1744695378.9218009,2.0
1744695378.9327798,2.0
1744695378.943872,2.0
1744695378.9549541,2.0
1744695378.9659917,2.0
1744695378.9771478,2.0
1744695378.988215,2.0
1744695378.9992704,2.0
1744695379.0112126,2.0
1744695379.0222132,2.0
1744695379.0332422,2.0
1744695379.044336,2.0
1744695379.0553687,2.0
1744695379.0664012,2.0
1744695379.0774426,2.0
1744695379.0884848,2.0
1744695379.0995436,2.0
1744695379.1105635,2.0
1744695379.1216345,2.0
1744695379.132661,2.0
1744695379.143736,2.0
1744695379.154745,2.0
1744695379.1658309,2.0
1744695379.1769874,2.0
1744695379.188087,2.0
1744695379.1990898,2.0
1744695379.210108,2.0
1744695379.2212038,2.0
1744695379.2322478,2.0
1744695379.243357,2.0
1744695379.2544446,2.0
1744695379.2654743,2.0
1744695379.2765243,2.0
1744695379.287579,2.0
1744695379.298593,2.0
1744695379.3102984,2.0
1744695379.322893,2.0
1744695379.3338618,2.0
1744695379.3449285,2.0
1744695379.3559442,2.0
1744695379.3679607,2.0
1744695379.3790543,2.0
1744695379.3900914,2.0
1744695379.4025095,2.0
1744695379.4133415,2.0
1744695379.4244208,2.0
1744695379.4354815,2.0
1744695379.4466162,2.0
1744695379.4576569,2.0
1744695379.4686809,2.0
1744695379.4797554,2.0
1744695379.4908018,2.0
1744695379.501847,2.0
1744695379.5128894,2.0
1744695379.5239985,2.0
1744695379.5350358,2.0
1744695379.5461097,2.0
1744695379.557132,2.0
1744695379.5682356,2.0
1744695379.5793624,2.0
1744695379.5932846,2.0
1744695379.6076427,2.0
1744695379.6186366,2.0
1744695379.629641,2.0
1744695379.6407404,2.0
1744695379.651737,2.0
1744695379.6627731,2.0
1744695379.673837,2.0
1744695379.6848512,2.0
1744695379.6958823,2.0
1744695379.706967,2.0
1744695379.7180161,2.0
1744695379.7290614,2.0
1744695379.7401485,2.0
1744695379.7512133,2.0
1744695379.7622597,2.0
1744695379.7734334,2.0
1744695379.784548,2.0
1744695379.7956088,2.0
1744695379.8066435,2.0
1744695379.817707,2.0
1744695379.8287582,2.0
1744695379.839792,2.0
1744695379.8508606,2.0
1744695379.8619192,2.0
1744695379.8730004,2.0
1744695379.8840182,2.0
1744695379.8950703,2.0
1744695379.906096,2.0
1744695379.9171348,2.0
1744695379.9286106,2.0
1744695379.9396787,2.0
1744695379.9506917,2.0
1744695379.9617472,2.0
1744695379.9728973,2.0
1744695379.9839242,2.0
1744695379.9950707,2.0
1744695380.0061073,2.0
1744695380.0170977,2.0
1744695380.0281255,2.0
1744695380.0391798,2.0
1744695380.0502539,2.0
1744695380.0612574,2.0
1744695380.0723188,2.0
1744695380.0833635,2.0
1744695380.0944197,2.0
1744695380.1054754,2.0
1744695380.1164634,2.0
1744695380.127479,2.0
1744695380.1384728,2.0
1744695380.1495783,2.0
1744695380.1606102,2.0
1744695380.171741,2.0
1744695380.1828165,2.0
1744695380.1939068,2.0
1744695380.2049036,2.0
1744695380.2160418,2.0
1744695380.2271178,2.0
1744695380.238175,2.0
1744695380.2492714,2.0
1744695380.260341,2.0
1744695380.2714074,2.0
1744695380.28246,2.0
1744695380.2934713,2.0
1744695380.304526,2.0
1744695380.317678,2.0
1744695380.3292289,2.0
1744695380.3402398,2.0
1744695380.351315,2.0
1744695380.3631399,2.0
1744695380.3741748,2.0
1744695380.3852808,2.0
1744695380.396373,2.0
1744695380.4086015,2.0
1744695380.4196546,2.0
1744695380.430669,2.0
1744695380.441719,2.0
1744695380.452757,2.0
1744695380.4638293,2.0
1744695380.4748106,2.0
1744695380.4859226,2.0
1744695380.496944,2.0
1744695380.5079255,2.0
1744695380.5189881,2.0
1744695380.5300062,2.0
1744695380.5410607,2.0
1744695380.552094,2.0
1744695380.5631406,2.0
1744695380.5751553,2.0
1744695380.5861576,2.0
1744695380.5971534,2.0
1744695380.6082094,2.0
1744695380.6192625,2.0
1744695380.6302948,2.0
1744695380.6413348,2.0
1744695380.6524196,2.0
1744695380.6635115,2.0
1744695380.6745358,2.0
1744695380.6855109,2.0
1744695380.6965847,2.0
1744695380.7076735,2.0
1744695380.7186737,2.0
1744695380.7297535,2.0
1744695380.7407384,2.0
1744695380.751904,2.0
1744695380.7629645,2.0
1744695380.77409,2.0
1744695380.7851756,2.0
1744695380.7962196,2.0
1744695380.8072555,2.0
1744695380.8183398,2.0
1744695380.829369,2.0
1744695380.840385,2.0
1744695380.8514814,2.0
1744695380.8625112,2.0
1744695380.873509,2.0
1744695380.8845818,2.0
1744695380.8956246,2.0
1744695380.9066532,2.0
1744695380.9176686,2.0
1744695380.9290388,2.0
1744695380.9400554,2.0
1744695380.9511518,2.0
1744695380.9621682,2.0
1744695380.9733634,2.0
1744695380.984458,2.0
1744695380.9955263,2.0
1744695381.0065691,2.0
1744695381.0176444,2.0
1744695381.0291572,2.0
1744695381.0402133,2.0
1744695381.051342,2.0
1744695381.0623941,2.0
1744695381.073437,2.0
1744695381.0844975,2.0
1744695381.0961912,2.0
1744695381.1072485,2.0
1744695381.1182785,2.0
1744695381.129309,2.0
1744695381.1403222,2.0
1744695381.1513748,2.0
1744695381.1623814,2.0
1744695381.1735308,2.0
1744695381.1846292,2.0
1744695381.195697,2.0
1744695381.2067518,2.0
1744695381.217789,2.0
1744695381.2288146,2.0
1744695381.2398865,2.0
1744695381.251004,2.0
1744695381.2620716,2.0
1744695381.2730918,2.0
1744695381.2841284,2.0
1744695381.2951787,2.0
1744695381.306326,2.0
1744695381.3212514,2.0
1744695381.332148,2.0
1744695381.343127,2.0
1744695381.3560119,2.0
1744695381.366777,2.0
1744695381.3779402,2.0
1744695381.3890083,2.0
1744695381.4021087,2.0
1744695381.412964,2.0
1744695381.4240394,2.0
1744695381.4350564,2.0
1744695381.4462123,2.0
1744695381.4572294,2.0
1744695381.4683115,2.0
1744695381.4793298,2.0
1744695381.4903502,2.0
1744695381.50135,2.0
1744695381.5123603,2.0
1744695381.5233946,2.0
1744695381.5344453,2.0
1744695381.5454738,2.0
1744695381.5565097,2.0
1744695381.5675595,2.0
1744695381.5789099,2.0
1744695381.5900102,2.0
1744695381.6040573,2.0
1744695381.6182103,2.0
1744695381.6292365,2.0
1744695381.640272,2.0
1744695381.6514206,2.0
1744695381.6624107,2.0
1744695381.6734571,2.0
1744695381.6845028,2.0
1744695381.6955512,2.0
1744695381.7065876,2.0
1744695381.7176323,2.0
1744695381.7286346,2.0
1744695381.7396746,2.0
1744695381.7507348,2.0
1744695381.7618039,2.0
1744695381.7729454,2.0
1744695381.7840586,2.0
1744695381.7951694,2.0
1744695381.8061645,2.0
1744695381.8172495,2.0
1744695381.8283424,2.0
1744695381.839352,2.0
1744695381.8505168,2.0
1744695381.8616369,2.0
1744695381.872664,2.0
1744695381.8836982,2.0
1744695381.894819,2.0
1744695381.905902,2.0
1744695381.916949,2.0
1744695381.92886,2.0
1744695381.939882,2.0
1744695381.9509509,2.0
1744695381.9620643,2.0
1744695381.9732583,2.0
1744695381.9844122,2.0
1744695381.9954295,2.0
1744695382.0065084,2.0
1744695382.0175803,2.0
1744695382.0286057,2.0
1744695382.0396254,2.0
1744695382.050844,2.0
1744695382.0619037,2.0
1744695382.0728877,2.0
1744695382.0839446,2.0
1744695382.0949967,2.0
1744695382.1060328,2.0
1744695382.1170304,2.0
1744695382.1281092,2.0
1744695382.1391156,2.0
1744695382.15021,2.0
1744695382.1612566,2.0
1744695382.1723819,2.0
1744695382.1835678,2.0
1744695382.194605,2.0
1744695382.2056806,2.0
1744695382.21676,2.0
1744695382.227776,2.0
1744695382.2388003,2.0
1744695382.2499177,2.0
1744695382.260974,2.0
1744695382.2720332,2.0
1744695382.2830343,2.0
1744695382.2940652,2.0
1744695382.3051262,2.0
1744695382.3155785,1.0
1744695382.3262463,2.0
1744695382.337388,2.0
1744695382.3483803,2.0
1744695382.3610275,2.0
1744695382.37207,2.0
1744695382.3833547,2.0
1744695382.3948786,2.0
1744695382.4073567,2.0
1744695382.4183636,2.0
1744695382.4294102,2.0
1744695382.4404244,2.0
1744695382.4517417,2.0
1744695382.4628465,2.0
1744695382.4738925,2.0
1744695382.484921,2.0
1744695382.495976,2.0
1744695382.5070322,2.0
1744695382.5180576,2.0
1744695382.529069,2.0
1744695382.54016,2.0
1744695382.5511963,2.0
1744695382.5623,2.0
1744695382.5734687,2.0
1744695382.5845795,2.0
1744695382.595593,2.0
1744695382.6066842,2.0
1744695382.6176925,2.0
1744695382.6288054,2.0
1744695382.6398406,2.0
1744695382.650926,2.0
1744695382.6619663,2.0
1744695382.6730392,2.0
1744695382.6841471,2.0
1744695382.6951952,2.0
1744695382.706229,2.0
1744695382.7172463,2.0
1744695382.7283092,2.0
1744695382.7393994,2.0
1744695382.75046,2.0
1744695382.7615235,2.0
1744695382.772582,2.0
1744695382.7838745,2.0
1744695382.7948885,2.0
1744695382.8059468,2.0
1744695382.8169334,2.0
1744695382.827963,2.0
1744695382.8390234,2.0
1744695382.8502407,2.0
1744695382.86122,2.0
1744695382.8722558,2.0
1744695382.8832927,2.0
1744695382.894356,2.0
1744695382.906048,1.0
1744695382.9167793,2.0
1744695382.9280186,2.0
1744695382.9390328,2.0
1744695382.9500976,2.0
1744695382.961124,2.0
1744695382.9721878,2.0
1744695382.9834452,2.0
1744695382.9944754,2.0
1744695383.0055096,2.0
1744695383.0165231,2.0
1744695383.0275683,2.0
1744695383.0386434,2.0
1744695383.0502923,2.0
1744695383.0613134,2.0
1744695383.0723348,2.0
1744695383.0833664,2.0
1744695383.0943758,2.0
1744695383.105411,2.0
1744695383.116435,2.0
1744695383.1274767,2.0
1744695383.138507,2.0
1744695383.1494997,2.0
1744695383.1605694,2.0
1744695383.1716056,2.0
1744695383.182818,2.0
1744695383.1938317,2.0
1744695383.2048588,2.0
1744695383.2158928,2.0
1744695383.2269232,2.0
1744695383.2379794,2.0
1744695383.2490754,2.0
1744695383.260141,2.0
1744695383.2711976,2.0
1744695383.2822459,2.0
1744695383.293315,2.0
1744695383.3049142,2.0
1744695383.3199723,2.0
1744695383.3308458,2.0
1744695383.3418646,2.0
1744695383.354651,2.0
1744695383.3654997,2.0
1744695383.3765602,2.0
1744695383.3876822,2.0
1744695383.3991663,2.0
1744695383.4115238,2.0
1744695383.4225745,2.0
1744695383.4336336,2.0
1744695383.444674,2.0
1744695383.45586,2.0
1744695383.466911,2.0
1744695383.478009,2.0
1744695383.4890592,2.0
1744695383.5000944,2.0
1744695383.511159,2.0
1744695383.522254,2.0
1744695383.533272,2.0
1744695383.5443323,2.0
1744695383.5554008,2.0
1744695383.5664845,2.0
1744695383.5775416,2.0
1744695383.5887604,2.0
1744695383.5997598,2.0
1744695383.6135461,2.0
1744695383.6254277,2.0
1744695383.6365626,2.0
1744695383.6476574,2.0
1744695383.6588316,2.0
1744695383.6698287,2.0
1744695383.6808348,2.0
1744695383.6918507,2.0
1744695383.702961,2.0
1744695383.7140608,2.0
1744695383.725167,2.0
1744695383.7364044,2.0
1744695383.7474248,2.0
1744695383.758511,2.0
1744695383.7695324,2.0
1744695383.780739,2.0
1744695383.7917843,2.0
1744695383.8028474,2.0
1744695383.808596,1.0
