time,actuator,value
1738778436.161162,Actuator(ptr=c_void_p(94233528672144)),141.0
1738778441.1779616,Actuator(ptr=c_void_p(94233528672144)),141.0
1738778446.1943638,Actuator(ptr=c_void_p(94233528672144)),141.0
1738778451.2117217,Actuator(ptr=c_void_p(94233528672144)),141.0
1738778456.2289546,Actuator(ptr=c_void_p(94233528672144)),141.0
1738778461.2452476,Actuator(ptr=c_void_p(94233528672144)),141.0
1738778466.260975,Actuator(ptr=c_void_p(94233528672144)),141.0
1738778471.2793126,Actuator(ptr=c_void_p(94233528672144)),141.0
1738778476.2982116,Actuator(ptr=c_void_p(94233528672144)),141.0
