time,actuator,value
1738733835.5691297,Actuator(ptr=c_void_p(94862443531120)),141.0
1738733840.5854492,Actuator(ptr=c_void_p(94862443531120)),141.0
1738733845.6036723,Actuator(ptr=c_void_p(94862443531120)),141.0
1738733850.623219,Actuator(ptr=c_void_p(94862443531120)),141.0
1738733855.6433072,Actuator(ptr=c_void_p(94862443531120)),141.0
1738733860.6620178,Actuator(ptr=c_void_p(94862443531120)),141.0
1738733865.680424,Actuator(ptr=c_void_p(94862443531120)),141.0
1738733870.6972973,Actuator(ptr=c_void_p(94862443531120)),141.0
