time,actuator,value
1738777018.924224,Actuator(ptr=c_void_p(94282427277200)),83.0
1738777023.9462533,Actuator(ptr=c_void_p(94282427277200)),83.0
1738777028.9652429,Actuator(ptr=c_void_p(94282427277200)),83.0
1738777033.988668,Actuator(ptr=c_void_p(94282427277200)),83.0
1738777039.0103338,Actuator(ptr=c_void_p(94282427277200)),83.0
1738777044.0343487,Actuator(ptr=c_void_p(94282427277200)),83.0
1738777049.0566373,Actuator(ptr=c_void_p(94282427277200)),83.0
1738777054.077716,Actuator(ptr=c_void_p(94282427277200)),83.0
1738777059.0957565,Actuator(ptr=c_void_p(94282427277200)),83.0
