time,actuator,value
1738730592.3988907,Actuator(ptr=c_void_p(94485688121152)),124.0
1738730597.4177525,Actuator(ptr=c_void_p(94485688121152)),124.0
1738730602.435622,Actuator(ptr=c_void_p(94485688121152)),124.0
1738730607.4515266,Actuator(ptr=c_void_p(94485688121152)),124.0
1738730612.4663584,Actuator(ptr=c_void_p(94485688121152)),124.0
1738730617.4825966,Actuator(ptr=c_void_p(94485688121152)),124.0
1738730622.4978917,Actuator(ptr=c_void_p(94485688121152)),124.0
1738730627.51449,Actuator(ptr=c_void_p(94485688121152)),124.0
