time,value
1769964734.067809,2.0
1769964734.0825202,3.0
1769964734.0971656,3.0
1769964734.1072335,2.0
1769964734.1217349,3.0
1769964734.1364057,3.0
1769964734.150846,3.0
1769964734.165362,3.0
1769964734.1800008,3.0
1769964734.1945462,3.0
1769964734.2090402,3.0
1769964734.223507,3.0
1769964734.2379947,3.0
1769964734.2526505,3.0
1769964734.267174,3.0
1769964734.2816603,3.0
1769964734.2961836,3.0
1769964734.3106577,3.0
1769964734.3251672,3.0
1769964734.3396475,3.0
1769964734.3541217,3.0
1769964734.3686297,3.0
1769964734.3831432,3.0
1769964734.3978379,3.0
1769964734.4123344,3.0
1769964734.4268405,3.0
1769964734.4392617,2.0
1769964734.4505243,1.0
1769964734.4607072,1.0
1769964734.475156,3.0
1769964734.489692,3.0
1769964734.5042324,3.0
1769964734.5189476,3.0
1769964734.533524,3.0
1769964734.5480695,3.0
1769964734.5627167,3.0
1769964734.577256,3.0
1769964734.5874364,2.0
1769964734.5978801,2.0
1769964734.6089427,2.0
1769964734.619726,2.0
1769964734.6305866,2.0
1769964734.6414468,2.0
1769964734.6523113,2.0
1769964734.6631289,2.0
1769964734.673941,2.0
1769964734.684771,2.0
1769964734.6955285,2.0
1769964734.711925,2.0
1769964734.728788,2.0
1769964734.7523031,2.0
1769964734.7660766,2.0
1769964734.7768292,2.0
1769964734.7881951,2.0
1769964734.7991865,2.0
1769964734.8100684,2.0
1769964734.8208272,2.0
1769964734.831595,2.0
1769964734.8423731,2.0
1769964734.8531432,2.0
1769964734.8638935,2.0
1769964734.874735,2.0
1769964734.8855417,2.0
1769964734.8963273,2.0
1769964734.9071138,2.0
1769964734.9178467,2.0
1769964734.9286435,2.0
1769964734.9392865,2.0
1769964734.9501398,2.0
1769964734.9609456,2.0
1769964734.9717958,2.0
1769964734.9827397,2.0
1769964734.9935946,2.0
1769964735.005607,2.0
1769964735.0202913,1.0
1769964735.0327134,1.0
1769964735.0431983,2.0
1769964735.0539317,2.0
1769964735.0647552,2.0
1769964735.075669,2.0
1769964735.086428,2.0
1769964735.0976887,2.0
1769964735.1089444,2.0
1769964735.1196713,2.0
1769964735.1304884,2.0
1769964735.1412241,2.0
1769964735.1519735,2.0
1769964735.1626995,2.0
1769964735.1736941,2.0
1769964735.1846092,2.0
1769964735.1954718,2.0
1769964735.2062259,2.0
1769964735.2170804,2.0
1769964735.2278593,2.0
1769964735.2386177,2.0
1769964735.24938,2.0
1769964735.260344,2.0
1769964735.271084,2.0
1769964735.2818532,2.0
1769964735.292627,2.0
1769964735.3034496,2.0
1769964735.3142078,2.0
1769964735.3250399,2.0
1769964735.3357873,2.0
1769964735.3465524,2.0
1769964735.3574817,2.0
1769964735.3682475,2.0
1769964735.3789961,2.0
1769964735.389955,2.0
1769964735.4008377,2.0
1769964735.4115682,2.0
1769964735.4223564,2.0
1769964735.4330773,2.0
1769964735.4438634,2.0
1769964735.4548202,2.0
1769964735.465526,2.0
1769964735.4762788,2.0
1769964735.4870796,2.0
1769964735.4978955,2.0
1769964735.5086443,2.0
1769964735.5194135,2.0
1769964735.5303693,2.0
1769964735.5411084,2.0
1769964735.5518675,2.0
1769964735.5626125,2.0
1769964735.5734603,2.0
1769964735.5842927,2.0
1769964735.5949848,2.0
1769964735.6059072,2.0
1769964735.616629,2.0
1769964735.6274061,2.0
1769964735.6384692,2.0
1769964735.6494462,2.0
1769964735.6601794,2.0
1769964735.6709359,2.0
1769964735.6816614,2.0
1769964735.6925075,2.0
1769964735.703268,2.0
1769964735.714019,2.0
1769964735.7247994,2.0
1769964735.7355394,2.0
1769964735.7462537,2.0
1769964735.7570343,2.0
1769964735.7677786,2.0
1769964735.7785308,2.0
1769964735.7892506,2.0
1769964735.8002102,2.0
1769964735.8109424,2.0
1769964735.8217099,2.0
1769964735.8324678,2.0
1769964735.843314,2.0
1769964735.8540497,2.0
1769964735.8648229,2.0
1769964735.8755348,2.0
1769964735.8862758,2.0
1769964735.8970184,2.0
1769964735.9078636,2.0
1769964735.918622,2.0
1769964735.9295158,2.0
1769964735.9402986,2.0
1769964735.951085,2.0
1769964735.9618573,2.0
1769964735.9726028,2.0
1769964735.9834347,2.0
1769964735.9941962,2.0
1769964736.005034,2.0
1769964736.0267694,2.0
1769964736.0400078,1.0
1769964736.050375,2.0
1769964736.0611434,2.0
1769964736.071893,2.0
1769964736.0826814,2.0
1769964736.0939448,2.0
1769964736.1045992,2.0
1769964736.1153905,2.0
1769964736.1263485,2.0
1769964736.1372542,2.0
1769964736.1479905,2.0
1769964736.1587312,2.0
1769964736.1696389,2.0
1769964736.1803288,2.0
1769964736.191253,2.0
1769964736.2020676,2.0
1769964736.2128446,2.0
1769964736.2236242,2.0
1769964736.2343843,2.0
1769964736.2451758,2.0
1769964736.2559426,2.0
1769964736.266794,2.0
1769964736.2775545,2.0
1769964736.2883298,2.0
1769964736.2991314,2.0
1769964736.3099189,2.0
1769964736.3206596,2.0
1769964736.3314462,2.0
1769964736.342219,2.0
1769964736.3530087,2.0
1769964736.3638375,2.0
1769964736.3746119,2.0
1769964736.3853765,2.0
1769964736.396216,2.0
1769964736.406979,2.0
1769964736.417766,2.0
1769964736.4285862,2.0
1769964736.4394066,2.0
1769964736.4502106,2.0
1769964736.4610405,2.0
1769964736.471804,2.0
1769964736.482602,2.0
1769964736.493353,2.0
1769964736.5041106,2.0
1769964736.5149236,2.0
1769964736.5256925,2.0
1769964736.5370822,2.0
1769964736.5480216,2.0
1769964736.5589707,2.0
1769964736.5698595,2.0
1769964736.5807855,2.0
1769964736.5917113,2.0
1769964736.6026642,2.0
1769964736.613629,2.0
1769964736.6245437,2.0
1769964736.6358643,2.0
1769964736.646765,2.0
1769964736.6576126,2.0
1769964736.6685452,2.0
1769964736.679553,2.0
1769964736.6904745,2.0
1769964736.7013674,2.0
1769964736.7122517,2.0
1769964736.7233028,2.0
1769964736.7342155,2.0
1769964736.7451134,2.0
1769964736.7560432,2.0
1769964736.76695,2.0
1769964736.7778614,2.0
1769964736.788766,2.0
1769964736.7997403,2.0
1769964736.8106556,2.0
1769964736.8215475,2.0
1769964736.8324425,2.0
1769964736.8434775,2.0
1769964736.854455,2.0
1769964736.8654408,2.0
1769964736.8763106,2.0
1769964736.8871672,2.0
1769964736.8980584,2.0
1769964736.9089303,2.0
1769964736.9198253,2.0
1769964736.9307523,2.0
1769964736.9416306,2.0
1769964736.9525046,2.0
1769964736.9634345,2.0
1769964736.97433,2.0
1769964736.9852443,2.0
1769964736.9961472,2.0
1769964737.0084152,2.0
1769964737.0294795,2.0
1769964737.0445833,1.0
1769964737.0551867,2.0
1769964737.0660005,2.0
1769964737.0768716,2.0
1769964737.0877345,2.0
1769964737.098979,2.0
1769964737.1100633,2.0
1769964737.1208475,2.0
1769964737.1316822,2.0
1769964737.142471,2.0
1769964737.1532633,2.0
1769964737.1640913,2.0
1769964737.1750615,2.0
1769964737.1860428,2.0
1769964737.1968713,2.0
1769964737.207714,2.0
1769964737.218721,2.0
1769964737.229538,2.0
1769964737.2404249,2.0
1769964737.2513149,2.0
1769964737.2621741,2.0
1769964737.2730036,2.0
1769964737.283851,2.0
1769964737.2946281,2.0
1769964737.3054857,2.0
1769964737.3163865,2.0
1769964737.3271968,2.0
1769964737.3380117,2.0
1769964737.348944,2.0
1769964737.3597448,2.0
1769964737.3705547,2.0
1769964737.3815172,2.0
1769964737.3923419,2.0
1769964737.4033136,2.0
1769964737.414158,2.0
1769964737.4248843,2.0
1769964737.435707,2.0
1769964737.446503,2.0
1769964737.4572928,2.0
1769964737.4681122,2.0
1769964737.47896,2.0
1769964737.489789,2.0
1769964737.5007162,2.0
1769964737.5115125,2.0
1769964737.5223403,2.0
1769964737.5331697,2.0
1769964737.5440016,2.0
1769964737.554831,2.0
1769964737.565616,2.0
1769964737.5764892,2.0
1769964737.587302,2.0
1769964737.598099,2.0
1769964737.6090114,2.0
1769964737.6199136,2.0
1769964737.6306958,2.0
1769964737.64158,2.0
1769964737.6523457,2.0
1769964737.663296,2.0
1769964737.674102,2.0
1769964737.6849048,2.0
1769964737.695776,2.0
1769964737.7065835,2.0
1769964737.7174098,2.0
1769964737.7282348,2.0
1769964737.7390711,2.0
1769964737.7499683,2.0
1769964737.7608504,2.0
1769964737.7716618,2.0
1769964737.7824855,2.0
1769964737.7933028,2.0
1769964737.8042157,2.0
1769964737.8150792,2.0
1769964737.825923,2.0
1769964737.836718,2.0
1769964737.8476458,2.0
1769964737.858435,2.0
1769964737.8692942,2.0
1769964737.88019,2.0
1769964737.890926,2.0
1769964737.9016366,2.0
1769964737.9124818,2.0
1769964737.9233813,2.0
1769964737.9342706,2.0
1769964737.9452703,2.0
1769964737.9561827,2.0
1769964737.9670699,2.0
1769964737.9779658,2.0
1769964737.988933,2.0
1769964737.9997993,2.0
1769964738.0113938,2.0
1769964738.0243502,2.0
1769964738.0355499,2.0
1769964738.0464537,2.0
1769964738.0575001,2.0
1769964738.06839,2.0
1769964738.0794468,2.0
1769964738.0903428,2.0
1769964738.1015465,2.0
1769964738.1124816,2.0
1769964738.1233916,2.0
1769964738.1346664,2.0
1769964738.1455147,2.0
1769964738.1563735,2.0
1769964738.1674688,2.0
1769964738.1781912,2.0
1769964738.1890578,2.0
1769964738.1999972,2.0
1769964738.2108746,2.0
1769964738.2217426,2.0
1769964738.2327285,2.0
1769964738.2436569,2.0
1769964738.2543435,2.0
1769964738.265196,2.0
1769964738.2760632,2.0
1769964738.2869384,2.0
1769964738.2978082,2.0
1769964738.3088098,2.0
1769964738.319661,2.0
1769964738.3305352,2.0
1769964738.341498,2.0
1769964738.352368,2.0
1769964738.3632514,2.0
1769964738.374197,2.0
1769964738.3850715,2.0
1769964738.3959687,2.0
1769964738.406869,2.0
1769964738.4177024,2.0
1769964738.4285479,2.0
1769964738.4394162,2.0
1769964738.450131,2.0
1769964738.460982,2.0
1769964738.471845,2.0
1769964738.4827487,2.0
1769964738.4935985,2.0
1769964738.504474,2.0
1769964738.5153015,2.0
1769964738.5261614,2.0
1769964738.5370233,2.0
1769964738.5478864,2.0
1769964738.5587113,2.0
1769964738.5695555,2.0
1769964738.5803251,2.0
1769964738.5911489,2.0
1769964738.6020498,2.0
1769964738.6135113,2.0
1769964738.6243052,2.0
1769964738.6351857,2.0
1769964738.6462185,2.0
1769964738.6570857,2.0
1769964738.6679902,2.0
1769964738.6788876,2.0
1769964738.6898038,2.0
1769964738.7006874,2.0
1769964738.7115824,2.0
1769964738.722474,2.0
1769964738.7335703,2.0
1769964738.744458,2.0
1769964738.7553742,2.0
1769964738.7664187,2.0
1769964738.7773416,2.0
1769964738.788231,2.0
1769964738.799135,2.0
1769964738.8100405,2.0
1769964738.8209882,2.0
1769964738.8319232,2.0
1769964738.8427885,2.0
1769964738.8536973,2.0
1769964738.8645961,2.0
1769964738.8753414,2.0
1769964738.886637,2.0
1769964738.8973553,2.0
1769964738.9080646,2.0
1769964738.918922,2.0
1769964738.9296465,2.0
1769964738.9404,2.0
1769964738.9511218,2.0
1769964738.961829,2.0
1769964738.9725373,2.0
1769964738.9832785,2.0
1769964738.9940155,2.0
1769964739.005465,2.0
1769964739.016352,2.0
1769964739.0275447,2.0
1769964739.0384214,2.0
1769964739.049266,2.0
1769964739.0602353,2.0
1769964739.0710032,2.0
1769964739.0819438,2.0
1769964739.093372,2.0
1769964739.1040137,2.0
1769964739.1150084,2.0
1769964739.1258276,2.0
1769964739.136972,2.0
1769964739.147788,2.0
1769964739.1586368,2.0
1769964739.169796,2.0
1769964739.1806486,2.0
1769964739.1916096,2.0
1769964739.2023654,2.0
1769964739.213415,2.0
1769964739.2242138,2.0
1769964739.2351685,2.0
1769964739.2459636,2.0
1769964739.256834,2.0
1769964739.267786,2.0
1769964739.2788224,2.0
1769964739.2895997,2.0
1769964739.3003852,2.0
1769964739.3112411,2.0
1769964739.3221197,2.0
1769964739.3330338,2.0
1769964739.3438375,2.0
1769964739.3546407,2.0
1769964739.3654459,2.0
1769964739.376283,2.0
1769964739.387119,2.0
1769964739.3979213,2.0
1769964739.4087503,2.0
1769964739.4195602,2.0
1769964739.4305594,2.0
1769964739.4413006,2.0
1769964739.452137,2.0
1769964739.463003,2.0
1769964739.4738083,2.0
1769964739.484642,2.0
1769964739.4956148,2.0
1769964739.5064168,2.0
1769964739.5172524,2.0
1769964739.5280514,2.0
1769964739.5388443,2.0
1769964739.5496504,2.0
1769964739.5604382,2.0
1769964739.5711322,2.0
1769964739.5819523,2.0
1769964739.5927265,2.0
1769964739.6036026,2.0
1769964739.614417,2.0
1769964739.6252723,2.0
1769964739.6360888,2.0
1769964739.6469228,2.0
1769964739.6577196,2.0
1769964739.6686838,2.0
1769964739.6794877,2.0
1769964739.6902905,2.0
1769964739.7010982,2.0
1769964739.7120223,2.0
1769964739.7228413,2.0
1769964739.7337964,2.0
1769964739.7448084,2.0
1769964739.7556417,2.0
1769964739.7665243,2.0
1769964739.7774553,2.0
1769964739.788322,2.0
1769964739.7991402,2.0
1769964739.8101084,2.0
1769964739.8209612,2.0
1769964739.8318331,2.0
1769964739.8426728,2.0
1769964739.8535438,2.0
1769964739.8644216,2.0
1769964739.875297,2.0
1769964739.8862062,2.0
1769964739.8971057,2.0
1769964739.908048,2.0
1769964739.9189112,2.0
1769964739.9298208,2.0
1769964739.9407299,2.0
1769964739.9515758,2.0
1769964739.9624405,2.0
1769964739.973328,2.0
1769964739.9842045,2.0
1769964739.9950352,2.0
1769964740.0074852,2.0
1769964740.0183606,2.0
1769964740.029369,2.0
1769964740.040247,2.0
1769964740.0511298,2.0
1769964740.0621104,2.0
1769964740.0729814,2.0
1769964740.0839505,2.0
1769964740.094912,2.0
1769964740.1057692,2.0
1769964740.1167078,2.0
1769964740.127588,2.0
1769964740.138582,2.0
1769964740.1494496,2.0
1769964740.1603928,2.0
1769964740.1714861,2.0
1769964740.182307,2.0
1769964740.193282,2.0
1769964740.204178,2.0
1769964740.2150738,2.0
1769964740.2259688,2.0
1769964740.236861,2.0
1769964740.247811,2.0
1769964740.2586715,2.0
1769964740.2696269,2.0
1769964740.2805333,2.0
1769964740.2915823,2.0
1769964740.3024328,2.0
1769964740.3133638,2.0
1769964740.3242593,2.0
1769964740.3352275,2.0
1769964740.3461506,2.0
1769964740.3570192,2.0
1769964740.3680172,2.0
1769964740.3788965,2.0
1769964740.3898249,2.0
1769964740.4008193,2.0
1769964740.4116209,2.0
1769964740.4224417,2.0
1769964740.4333317,2.0
1769964740.4441698,2.0
1769964740.455264,2.0
1769964740.4660308,2.0
1769964740.4769027,2.0
1769964740.4877236,2.0
1769964740.4985945,2.0
1769964740.5094523,2.0
1769964740.5204692,2.0
1769964740.5313027,2.0
1769964740.542149,2.0
1769964740.5530217,2.0
1769964740.5638423,2.0
1769964740.5746927,2.0
1769964740.5855298,2.0
1769964740.596408,2.0
1769964740.6072981,2.0
1769964740.6182394,2.0
1769964740.6291647,2.0
1769964740.6402643,2.0
1769964740.6510816,2.0
1769964740.6619508,2.0
1769964740.67287,2.0
1769964740.6839497,2.0
1769964740.6948738,2.0
1769964740.7058113,2.0
1769964740.7167184,2.0
1769964740.72773,2.0
1769964740.7385936,2.0
1769964740.7495227,2.0
1769964740.7606459,2.0
1769964740.771558,2.0
1769964740.7825475,2.0
1769964740.7935762,2.0
1769964740.8044746,2.0
1769964740.8154407,2.0
1769964740.8264346,2.0
1769964740.8373597,2.0
1769964740.848427,2.0
1769964740.8593378,2.0
1769964740.8702264,2.0
1769964740.8810894,2.0
1769964740.8920438,2.0
1769964740.9027855,2.0
1769964740.913618,2.0
1769964740.9245148,2.0
1769964740.9358277,2.0
1769964740.9467046,2.0
1769964740.9575775,2.0
1769964740.9684467,2.0
1769964740.9793272,2.0
1769964740.990208,2.0
1769964741.002694,2.0
1769964741.0137124,2.0
1769964741.0249772,2.0
1769964741.035813,2.0
1769964741.0468187,2.0
1769964741.0576594,2.0
1769964741.0685205,2.0
1769964741.079524,2.0
1769964741.090341,2.0
1769964741.1015272,2.0
1769964741.1124265,2.0
1769964741.1232665,2.0
1769964741.1341882,2.0
1769964741.1450157,2.0
1769964741.1558552,2.0
1769964741.167162,2.0
1769964741.1778665,2.0
1769964741.1894443,2.0
1769964741.20068,1.0
1769964741.2161033,2.0
1769964741.2295458,2.0
1769964741.2403216,2.0
1769964741.2512367,2.0
1769964741.262071,2.0
1769964741.2730052,2.0
1769964741.2838237,2.0
1769964741.2946837,2.0
1769964741.305465,2.0
1769964741.3162744,2.0
1769964741.3270998,2.0
1769964741.3379054,2.0
1769964741.3487077,2.0
1769964741.3595297,2.0
1769964741.3703651,2.0
1769964741.381159,2.0
1769964741.391993,2.0
1769964741.4027765,2.0
1769964741.41359,2.0
1769964741.4243689,2.0
1769964741.4351394,2.0
1769964741.4459884,2.0
1769964741.456754,2.0
1769964741.4675393,2.0
1769964741.4783585,2.0
1769964741.4891355,2.0
1769964741.4998913,2.0
1769964741.510676,2.0
1769964741.521455,2.0
1769964741.5322218,2.0
1769964741.5430233,2.0
1769964741.5538793,2.0
1769964741.5646617,2.0
1769964741.57546,2.0
1769964741.586262,2.0
1769964741.5970702,2.0
1769964741.607914,2.0
1769964741.618811,2.0
1769964741.6296265,2.0
1769964741.6405594,2.0
1769964741.6512978,2.0
1769964741.6620831,2.0
1769964741.6728916,2.0
1769964741.683717,2.0
1769964741.6945376,2.0
1769964741.7053857,2.0
1769964741.7162037,2.0
1769964741.7270796,2.0
1769964741.7379682,2.0
1769964741.7489705,2.0
1769964741.7598283,2.0
1769964741.7706609,2.0
1769964741.7815545,2.0
1769964741.7924128,2.0
1769964741.803277,2.0
1769964741.8141036,2.0
1769964741.8250854,2.0
1769964741.8359823,2.0
1769964741.8468661,2.0
1769964741.8576982,2.0
1769964741.8685913,2.0
1769964741.8794692,2.0
1769964741.8904638,2.0
1769964741.9013183,2.0
1769964741.9121847,2.0
1769964741.922982,2.0
1769964741.93392,2.0
1769964741.9447227,2.0
1769964741.9556675,2.0
1769964741.9665349,2.0
1769964741.9773974,2.0
1769964741.9882445,2.0
1769964741.9991522,2.0
1769964742.0118525,2.0
1769964742.032412,2.0
1769964742.046327,1.0
1769964742.0572615,2.0
1769964742.0680456,2.0
1769964742.0787418,2.0
1769964742.0895317,2.0
1769964742.1004496,2.0
1769964742.1115773,2.0
1769964742.1225057,2.0
1769964742.133549,2.0
1769964742.144392,2.0
1769964742.1552806,2.0
1769964742.1662288,2.0
1769964742.1772158,2.0
1769964742.1882484,2.0
1769964742.1992009,2.0
1769964742.2101252,2.0
1769964742.2210255,2.0
1769964742.231956,2.0
1769964742.2430046,2.0
1769964742.2539146,2.0
1769964742.2648048,2.0
1769964742.2757316,2.0
1769964742.2866497,2.0
1769964742.297551,2.0
1769964742.3083336,2.0
1769964742.3193965,2.0
1769964742.3303347,2.0
1769964742.3413482,2.0
1769964742.3522937,2.0
1769964742.3632689,2.0
1769964742.374225,2.0
1769964742.385159,2.0
1769964742.3961012,2.0
1769964742.4070382,2.0
1769964742.4181306,2.0
1769964742.4290652,2.0
1769964742.4400811,2.0
1769964742.4509997,2.0
1769964742.4619133,2.0
1769964742.4729571,2.0
1769964742.48387,2.0
1769964742.494831,2.0
1769964742.505778,2.0
1769964742.5166502,2.0
1769964742.5274832,2.0
1769964742.5384245,2.0
1769964742.5491753,2.0
1769964742.5600536,2.0
1769964742.570958,2.0
1769964742.5818286,2.0
1769964742.5926714,2.0
1769964742.6035786,2.0
1769964742.6144764,2.0
1769964742.62534,2.0
1769964742.6364028,2.0
1769964742.647454,2.0
1769964742.6582973,2.0
1769964742.6693711,2.0
1769964742.680287,2.0
1769964742.69112,2.0
1769964742.7020378,2.0
1769964742.7129018,2.0
1769964742.7237163,2.0
1769964742.734664,2.0
1769964742.7455323,2.0
1769964742.7563937,2.0
1769964742.7672598,2.0
1769964742.7781506,2.0
1769964742.7889779,2.0
1769964742.7998471,2.0
1769964742.8107214,2.0
1769964742.8216157,2.0
1769964742.8324583,2.0
1769964742.8432844,2.0
1769964742.8541968,2.0
1769964742.8650467,2.0
1769964742.8758624,2.0
1769964742.8867288,2.0
1769964742.8975852,2.0
1769964742.9084,2.0
1769964742.9193037,2.0
1769964742.930246,2.0
1769964742.941142,2.0
1769964742.9520378,2.0
1769964742.9629261,2.0
1769964742.9738212,2.0
1769964742.9850237,2.0
1769964742.9958916,2.0
1769964743.0085576,2.0
1769964743.0192962,2.0
1769964743.030213,2.0
1769964743.0412033,2.0
1769964743.0566075,1.0
1769964743.0702503,1.0
1769964743.0806823,2.0
1769964743.0915413,2.0
1769964743.102438,2.0
1769964743.113369,2.0
1769964743.1241286,2.0
1769964743.1352262,2.0
1769964743.1459737,2.0
1769964743.1567457,2.0
1769964743.1679254,2.0
1769964743.178535,2.0
1769964743.1894555,2.0
1769964743.2001908,2.0
1769964743.2110758,2.0
1769964743.2218494,2.0
1769964743.2326052,2.0
1769964743.2434573,2.0
1769964743.2542217,2.0
1769964743.2650018,2.0
1769964743.2758064,2.0
1769964743.2865598,2.0
1769964743.297294,2.0
1769964743.308021,2.0
1769964743.318801,2.0
1769964743.3295717,2.0
1769964743.3403356,2.0
1769964743.3510869,2.0
1769964743.3618531,2.0
1769964743.3726025,2.0
1769964743.3833342,2.0
1769964743.3941176,2.0
1769964743.4049177,2.0
1769964743.4157465,2.0
1769964743.4263833,2.0
1769964743.437102,2.0
1769964743.4478648,2.0
1769964743.4585774,2.0
1769964743.4693449,2.0
1769964743.4801707,2.0
1769964743.490891,2.0
1769964743.5016236,2.0
1769964743.5123632,2.0
1769964743.5230951,2.0
1769964743.5338717,2.0
1769964743.544591,2.0
1769964743.5553172,2.0
1769964743.5660307,2.0
1769964743.5767703,2.0
1769964743.5874856,2.0
1769964743.5982568,2.0
1769964743.6090376,2.0
1769964743.6198,2.0
1769964743.6305492,2.0
1769964743.6414685,2.0
1769964743.6521728,2.0
1769964743.6629207,2.0
1769964743.6736622,2.0
1769964743.6843896,2.0
1769964743.6951158,2.0
1769964743.7058952,2.0
1769964743.7166252,2.0
1769964743.7273872,2.0
1769964743.738117,2.0
1769964743.7488382,2.0
1769964743.759608,2.0
1769964743.7703512,2.0
1769964743.781086,2.0
1769964743.7918859,2.0
1769964743.8025792,2.0
1769964743.8133729,2.0
1769964743.824076,2.0
1769964743.8348024,2.0
1769964743.8455312,2.0
1769964743.856313,2.0
1769964743.8670862,2.0
1769964743.8778327,2.0
1769964743.8885758,2.0
1769964743.8993905,2.0
1769964743.9101498,2.0
1769964743.9208841,2.0
1769964743.9318128,2.0
1769964743.942603,2.0
1769964743.9533327,2.0
1769964743.9641902,2.0
1769964743.97504,2.0
1769964743.9857898,2.0
1769964743.996597,2.0
1769964744.0083709,2.0
1769964744.019638,2.0
1769964744.0303469,2.0
1769964744.04128,2.0
1769964744.0624797,2.0
1769964744.0770402,1.0
1769964744.087473,2.0
1769964744.098585,2.0
1769964744.1093676,2.0
1769964744.1201882,2.0
1769964744.131423,2.0
1769964744.1420612,2.0
1769964744.1528606,2.0
1769964744.16367,2.0
1769964744.174563,2.0
1769964744.1853125,2.0
1769964744.1961582,2.0
1769964744.2069216,2.0
1769964744.2177083,2.0
1769964744.2284663,2.0
1769964744.2392583,2.0
1769964744.2499957,2.0
1769964744.260766,2.0
1769964744.2715538,2.0
1769964744.2823005,2.0
1769964744.2930841,2.0
1769964744.303842,2.0
1769964744.3146296,2.0
1769964744.3254058,2.0
1769964744.3362174,2.0
1769964744.3470068,2.0
1769964744.3577433,2.0
1769964744.3684702,2.0
1769964744.3792324,2.0
1769964744.390041,2.0
1769964744.4008331,2.0
1769964744.4116158,2.0
1769964744.422448,2.0
1769964744.433205,2.0
1769964744.4440258,2.0
1769964744.4547691,2.0
1769964744.465702,2.0
1769964744.4764528,2.0
1769964744.4872494,2.0
1769964744.4980114,2.0
1769964744.5089068,2.0
1769964744.5198295,2.0
1769964744.5305824,2.0
1769964744.541361,2.0
1769964744.5523674,2.0
1769964744.563157,2.0
1769964744.5739603,2.0
1769964744.5847847,2.0
1769964744.5955415,2.0
1769964744.6062999,2.0
1769964744.6170447,2.0
1769964744.6278436,2.0
1769964744.639197,2.0
1769964744.6499028,2.0
1769964744.6606958,2.0
1769964744.6714532,2.0
1769964744.6823754,2.0
1769964744.6931748,2.0
1769964744.7039247,2.0
1769964744.7147884,2.0
1769964744.7255604,2.0
1769964744.7363222,2.0
1769964744.7473068,2.0
1769964744.7580962,2.0
1769964744.7689042,2.0
1769964744.7797115,2.0
1769964744.7904673,2.0
1769964744.8012617,2.0
1769964744.812048,2.0
1769964744.8228908,2.0
1769964744.8336017,2.0
1769964744.8443527,2.0
1769964744.8551304,2.0
1769964744.8658302,2.0
1769964744.8765864,2.0
1769964744.8873584,2.0
1769964744.8980768,2.0
1769964744.9088397,2.0
1769964744.91959,2.0
1769964744.930367,2.0
1769964744.9411259,2.0
1769964744.9518661,2.0
1769964744.962642,2.0
1769964744.973369,2.0
1769964744.9841597,2.0
1769964744.9949281,2.0
1769964745.006062,2.0
1769964745.0173447,2.0
1769964745.028452,2.0
1769964745.0391772,2.0
1769964745.0498893,2.0
1769964745.0605693,2.0
1769964745.071384,2.0
1769964745.082174,2.0
1769964745.0931017,2.0
1769964745.103881,2.0
1769964745.1146688,2.0
1769964745.1254098,2.0
1769964745.1362052,2.0
1769964745.1468475,2.0
1769964745.1576927,2.0
1769964745.1685128,2.0
1769964745.1791162,2.0
1769964745.1900868,2.0
1769964745.2006998,2.0
1769964745.2114086,2.0
1769964745.2221065,2.0
1769964745.23287,2.0
1769964745.2435677,2.0
1769964745.254146,2.0
1769964745.2648158,2.0
1769964745.275494,2.0
1769964745.286256,2.0
1769964745.296968,2.0
1769964745.307634,2.0
1769964745.3183558,2.0
1769964745.3292408,2.0
1769964745.3399282,2.0
1769964745.3506877,2.0
1769964745.3613696,2.0
1769964745.373681,2.0
1769964745.384604,2.0
1769964745.3954265,2.0
1769964745.4061084,2.0
1769964745.4167895,2.0
1769964745.4275901,2.0
1769964745.438353,2.0
1769964745.449029,2.0
1769964745.4599073,2.0
1769964745.4705484,2.0
1769964745.4812682,2.0
1769964745.4919806,2.0
1769964745.5026517,2.0
1769964745.5134046,2.0
1769964745.5244203,2.0
1769964745.535329,2.0
1769964745.5460558,2.0
1769964745.556817,2.0
1769964745.5675309,2.0
1769964745.5781987,2.0
1769964745.5889275,2.0
1769964745.5996258,2.0
1769964745.6103182,2.0
1769964745.620981,2.0
1769964745.6317985,2.0
1769964745.6425786,2.0
1769964745.6534019,2.0
1769964745.6640418,2.0
1769964745.6747718,2.0
1769964745.6855388,2.0
1769964745.6962523,2.0
1769964745.7069783,2.0
1769964745.7178373,2.0
1769964745.7285419,2.0
1769964745.7392395,2.0
1769964745.7499447,2.0
1769964745.760736,2.0
1769964745.7714496,2.0
1769964745.782157,2.0
1769964745.792847,2.0
1769964745.8035583,2.0
1769964745.814251,2.0
1769964745.8250952,2.0
1769964745.8358238,2.0
1769964745.846513,2.0
1769964745.8572452,2.0
1769964745.86807,2.0
1769964745.8788192,2.0
1769964745.8896158,2.0
1769964745.9003942,2.0
1769964745.9110956,2.0
1769964745.9218771,2.0
1769964745.9325366,2.0
1769964745.943226,2.0
1769964745.9539983,2.0
1769964745.9647026,2.0
1769964745.975452,2.0
1769964745.9861991,2.0
1769964745.996965,2.0
1769964746.008901,2.0
1769964746.019543,2.0
1769964746.0303066,2.0
1769964746.0411115,2.0
1769964746.0517893,2.0
1769964746.0625796,2.0
1769964746.0733151,2.0
1769964746.084092,2.0
1769964746.094938,2.0
1769964746.1059358,2.0
1769964746.1168497,2.0
1769964746.1275342,2.0
1769964746.1382885,2.0
1769964746.148993,2.0
1769964746.159652,2.0
1769964746.1704402,2.0
1769964746.1812003,2.0
1769964746.1920185,2.0
1769964746.2026036,2.0
1769964746.2133183,2.0
1769964746.2240245,2.0
1769964746.2348375,2.0
1769964746.2455256,2.0
1769964746.256215,2.0
1769964746.2669048,2.0
1769964746.2776468,2.0
1769964746.2883863,2.0
1769964746.299249,2.0
1769964746.3100622,2.0
1769964746.3207762,2.0
1769964746.331465,2.0
1769964746.342204,2.0
1769964746.3528867,2.0
1769964746.3635857,2.0
1769964746.3744264,2.0
1769964746.3851306,2.0
1769964746.3958428,2.0
1769964746.4065282,2.0
1769964746.4172676,2.0
1769964746.4281015,2.0
1769964746.4388108,2.0
1769964746.4495652,2.0
1769964746.4602811,2.0
1769964746.4709642,2.0
1769964746.4817262,2.0
1769964746.4924502,2.0
1769964746.5031047,2.0
1769964746.5138094,2.0
1769964746.5245986,2.0
1769964746.5353103,2.0
1769964746.5459924,2.0
1769964746.556697,2.0
1769964746.5675414,2.0
1769964746.5782464,2.0
1769964746.5889153,2.0
1769964746.5996141,2.0
1769964746.6103504,2.0
1769964746.6211004,2.0
1769964746.6319275,2.0
1769964746.6427405,2.0
1769964746.6534262,2.0
1769964746.664115,2.0
1769964746.6747959,2.0
1769964746.685447,2.0
1769964746.6961608,2.0
1769964746.706915,2.0
1769964746.7175853,2.0
1769964746.7284024,2.0
1769964746.7390773,2.0
1769964746.7497835,2.0
1769964746.7606053,2.0
1769964746.7713628,2.0
1769964746.7820642,2.0
1769964746.7928014,2.0
1769964746.8034878,2.0
1769964746.8141682,2.0
1769964746.8249152,2.0
1769964746.835621,2.0
1769964746.8464167,2.0
1769964746.8571684,2.0
1769964746.8679485,2.0
1769964746.8787186,2.0
1769964746.8895512,2.0
1769964746.9002883,2.0
1769964746.9110963,2.0
1769964746.921855,2.0
1769964746.9326484,2.0
1769964746.9434483,2.0
1769964746.954244,2.0
1769964746.9649985,2.0
1769964746.975778,2.0
1769964746.9865208,2.0
1769964746.9973154,2.0
1769964747.008835,2.0
1769964747.0198689,2.0
1769964747.0306015,2.0
1769964747.041328,2.0
1769964747.0521247,2.0
1769964747.062868,2.0
1769964747.0741324,2.0
1769964747.0848901,2.0
1769964747.0956516,2.0
1769964747.1063757,2.0
1769964747.117263,2.0
1769964747.1280093,2.0
1769964747.138784,2.0
1769964747.1495123,2.0
1769964747.1603007,2.0
1769964747.1713634,2.0
1769964747.1820514,2.0
1769964747.1929717,2.0
1769964747.203677,2.0
1769964747.2144384,2.0
1769964747.2252057,2.0
1769964747.235912,2.0
1769964747.2466547,2.0
1769964747.2573907,2.0
1769964747.2681477,2.0
1769964747.2788386,2.0
1769964747.289554,2.0
1769964747.3002748,2.0
1769964747.3110862,2.0
1769964747.3217926,2.0
1769964747.3324962,2.0
1769964747.3432176,2.0
1769964747.3539708,2.0
1769964747.3647015,2.0
1769964747.3754194,2.0
1769964747.386111,2.0
1769964747.396856,2.0
1769964747.4075713,2.0
1769964747.4183152,2.0
1769964747.4292135,2.0
1769964747.4399412,2.0
1769964747.4507394,2.0
1769964747.461422,2.0
1769964747.4721556,2.0
1769964747.4828508,2.0
1769964747.4935606,2.0
1769964747.5042958,2.0
1769964747.5150628,2.0
1769964747.5257833,2.0
1769964747.5364583,2.0
1769964747.5471663,2.0
1769964747.55789,2.0
1769964747.5685635,2.0
1769964747.5792713,2.0
1769964747.589962,2.0
1769964747.6007133,2.0
1769964747.611443,2.0
1769964747.6222875,2.0
1769964747.6330051,2.0
1769964747.6439536,2.0
1769964747.654634,2.0
1769964747.665408,2.0
1769964747.6762106,2.0
1769964747.6870248,2.0
1769964747.6977475,2.0
1769964747.708536,2.0
1769964747.719359,2.0
1769964747.730101,2.0
1769964747.7408311,2.0
1769964747.7515564,2.0
1769964747.762463,2.0
1769964747.7732782,2.0
1769964747.7839515,2.0
1769964747.7947688,2.0
1769964747.8055563,2.0
1769964747.8162868,2.0
1769964747.8273494,2.0
1769964747.8381145,2.0
1769964747.8488579,2.0
1769964747.8596387,2.0
1769964747.8705115,2.0
1769964747.8812857,2.0
1769964747.8920677,2.0
1769964747.9028685,2.0
1769964747.9137986,2.0
1769964747.9245756,2.0
1769964747.9353414,2.0
1769964747.9461758,2.0
1769964747.956964,2.0
1769964747.9677517,2.0
1769964747.9785757,2.0
1769964747.9893723,2.0
1769964748.0000727,2.0
1769964748.0123935,2.0
1769964748.0231504,2.0
1769964748.0339203,2.0
1769964748.0446658,2.0
1769964748.0554278,2.0
1769964748.0661957,2.0
1769964748.0769749,2.0
1769964748.0877466,2.0
1769964748.098822,2.0
1769964748.1094928,2.0
1769964748.1202602,2.0
1769964748.1310456,2.0
1769964748.1416929,2.0
1769964748.152354,2.0
1769964748.1631927,2.0
1769964748.1739342,2.0
1769964748.1845946,2.0
1769964748.1954997,2.0
1769964748.2061567,2.0
1769964748.216893,2.0
1769964748.2275445,2.0
1769964748.2382498,2.0
1769964748.2490191,2.0
1769964748.2597485,2.0
1769964748.2704134,2.0
1769964748.2812712,2.0
1769964748.2919824,2.0
1769964748.30269,2.0
1769964748.3133752,2.0
1769964748.3240519,2.0
1769964748.3347504,2.0
1769964748.3454409,2.0
1769964748.3561318,2.0
1769964748.366884,2.0
1769964748.3776176,2.0
1769964748.3884165,2.0
1769964748.3991184,2.0
1769964748.4098914,2.0
1769964748.4207053,2.0
1769964748.431491,2.0
1769964748.4422185,2.0
1769964748.4529672,2.0
1769964748.4637306,2.0
1769964748.474626,2.0
1769964748.4855235,2.0
1769964748.496296,2.0
1769964748.5070226,2.0
1769964748.5177455,2.0
1769964748.5284772,2.0
1769964748.5392241,2.0
1769964748.5499554,2.0
1769964748.5607936,2.0
1769964748.5715187,2.0
1769964748.5822132,2.0
1769964748.592934,2.0
1769964748.6036353,2.0
1769964748.614357,2.0
1769964748.6257257,2.0
1769964748.6364472,2.0
1769964748.6471975,2.0
1769964748.6578643,2.0
1769964748.6685505,2.0
1769964748.679278,2.0
1769964748.689971,2.0
1769964748.700645,2.0
1769964748.7113261,2.0
1769964748.7220912,2.0
1769964748.7328603,2.0
1769964748.7435453,2.0
1769964748.7542338,2.0
1769964748.7649457,2.0
1769964748.77569,2.0
1769964748.7864473,2.0
1769964748.7971952,2.0
1769964748.807929,2.0
1769964748.8186698,2.0
1769964748.8294013,2.0
1769964748.84009,2.0
1769964748.8508205,2.0
1769964748.8615253,2.0
1769964748.8724246,2.0
1769964748.8831098,2.0
1769964748.8938365,2.0
1769964748.9145486,2.0
1769964748.9307945,1.0
1769964748.941213,2.0
1769964748.9518774,2.0
1769964748.9626207,2.0
1769964748.9733765,2.0
1769964748.984125,2.0
1769964748.994859,2.0
1769964749.0060298,2.0
1769964749.0171728,2.0
1769964749.0280118,2.0
1769964749.0387843,2.0
1769964749.049528,2.0
1769964749.0603445,2.0
1769964749.0710375,2.0
1769964749.0817933,2.0
1769964749.092825,2.0
1769964749.1037226,2.0
1769964749.1145856,2.0
1769964749.1255147,2.0
1769964749.1363783,2.0
1769964749.1471105,2.0
1769964749.1579092,2.0
1769964749.1688447,2.0
1769964749.1795259,2.0
1769964749.1903968,2.0
1769964749.2010832,2.0
1769964749.2118235,2.0
1769964749.2225358,2.0
1769964749.23329,2.0
1769964749.2440863,2.0
1769964749.2548585,2.0
1769964749.2656007,2.0
1769964749.2764585,2.0
1769964749.2871692,2.0
1769964749.297954,2.0
1769964749.3087006,2.0
1769964749.3195386,2.0
1769964749.3302763,2.0
1769964749.3410232,2.0
1769964749.3518372,2.0
1769964749.3625884,2.0
1769964749.3733947,2.0
1769964749.3840714,2.0
1769964749.394744,2.0
1769964749.405423,2.0
1769964749.4161031,2.0
1769964749.426738,2.0
1769964749.4374156,2.0
1769964749.4480557,2.0
1769964749.4587488,2.0
1769964749.4694455,2.0
1769964749.4801342,2.0
1769964749.490766,2.0
1769964749.5013967,2.0
1769964749.5121112,2.0
1769964749.5227659,2.0
1769964749.5334268,2.0
1769964749.5440626,2.0
1769964749.5547316,2.0
1769964749.565399,2.0
1769964749.576045,2.0
1769964749.58675,2.0
1769964749.5974271,2.0
1769964749.608222,2.0
1769964749.61888,2.0
1769964749.6295233,2.0
1769964749.640214,2.0
1769964749.6509378,2.0
1769964749.6615727,2.0
1769964749.67222,2.0
1769964749.682916,2.0
1769964749.6935894,2.0
1769964749.7042577,2.0
1769964749.7151463,2.0
1769964749.7258213,2.0
1769964749.736483,2.0
1769964749.7472336,2.0
1769964749.7578936,2.0
1769964749.7685547,2.0
1769964749.7793167,2.0
1769964749.789968,2.0
1769964749.8008769,2.0
1769964749.8116093,2.0
1769964749.8224154,2.0
1769964749.8331342,2.0
1769964749.8440335,2.0
1769964749.854869,2.0
1769964749.8656306,2.0
1769964749.8764298,2.0
1769964749.887277,2.0
1769964749.8980224,2.0
1769964749.9087355,2.0
1769964749.9195006,2.0
1769964749.9302561,2.0
1769964749.9410899,2.0
1769964749.9518244,2.0
1769964749.9625514,2.0
1769964749.97335,2.0
1769964749.9841163,2.0
1769964749.9949098,2.0
1769964750.0063107,2.0
1769964750.017381,2.0
1769964750.0281823,2.0
1769964750.0389118,2.0
1769964750.0496495,2.0
1769964750.0603855,2.0
1769964750.0711737,2.0
1769964750.08195,2.0
1769964750.0927474,2.0
1769964750.1035435,2.0
1769964750.1144273,2.0
1769964750.1251922,2.0
1769964750.1359985,2.0
1769964750.1466713,2.0
1769964750.157333,2.0
1769964750.1680589,2.0
1769964750.1787462,2.0
1769964750.1894197,2.0
1769964750.200177,2.0
1769964750.2108757,2.0
1769964750.2216012,2.0
1769964750.2322748,2.0
1769964750.2429488,2.0
1769964750.2536821,2.0
1769964750.264335,2.0
1769964750.275003,2.0
1769964750.285732,2.0
1769964750.2964478,2.0
1769964750.307094,2.0
1769964750.3177402,2.0
1769964750.3284154,2.0
1769964750.339071,2.0
1769964750.3497677,2.0
1769964750.3604422,2.0
1769964750.3711472,2.0
1769964750.3818045,2.0
1769964750.3924706,2.0
1769964750.4031367,2.0
1769964750.4139686,2.0
1769964750.4246426,2.0
1769964750.435304,2.0
1769964750.446017,2.0
1769964750.4567437,2.0
1769964750.4674022,2.0
1769964750.4781055,2.0
1769964750.488717,2.0
1769964750.4993584,2.0
1769964750.5101068,2.0
1769964750.521063,2.0
1769964750.5317283,2.0
1769964750.5427399,2.0
1769964750.5533583,2.0
1769964750.5640178,2.0
1769964750.574656,2.0
1769964750.5852816,2.0
1769964750.5959547,2.0
1769964750.6065743,2.0
1769964750.6172304,2.0
1769964750.6282318,2.0
1769964750.6389241,2.0
1769964750.6495972,2.0
1769964750.6602476,2.0
1769964750.6709123,2.0
1769964750.6816041,2.0
1769964750.6922555,2.0
1769964750.7029312,2.0
1769964750.7135227,2.0
1769964750.7241433,2.0
1769964750.7348087,2.0
1769964750.745464,2.0
1769964750.7560904,2.0
1769964750.7667403,2.0
1769964750.7773778,2.0
1769964750.7880085,2.0
1769964750.7986383,2.0
1769964750.8093653,2.0
1769964750.819961,2.0
1769964750.830577,2.0
1769964750.841218,2.0
1769964750.8518438,2.0
1769964750.862507,2.0
1769964750.8731496,2.0
1769964750.883815,2.0
1769964750.8944576,2.0
1769964750.9051044,2.0
1769964750.9158106,2.0
1769964750.9264584,2.0
1769964750.9370985,2.0
1769964750.9478128,2.0
1769964750.9584804,2.0
1769964750.9690871,2.0
1769964750.9798121,2.0
1769964750.990433,2.0
1769964751.0024168,2.0
1769964751.0131218,2.0
1769964751.023713,2.0
1769964751.0343933,2.0
1769964751.0450516,2.0
1769964751.0557282,2.0
1769964751.0663576,2.0
1769964751.0770104,2.0
1769964751.0876215,2.0
1769964751.0984697,2.0
1769964751.1090875,2.0
1769964751.1198735,2.0
1769964751.13067,2.0
1769964751.1412685,2.0
1769964751.1518972,2.0
1769964751.1624959,2.0
1769964751.1735704,2.0
1769964751.1842148,2.0
1769964751.1950943,2.0
1769964751.2057066,2.0
1769964751.2163408,2.0
1769964751.226985,2.0
1769964751.2376077,2.0
1769964751.248279,2.0
1769964751.258967,2.0
1769964751.2695963,2.0
1769964751.2802453,2.0
1769964751.29092,2.0
1769964751.301511,2.0
1769964751.3121302,2.0
1769964751.3228137,2.0
1769964751.3334353,2.0
1769964751.3440986,2.0
1769964751.3547661,2.0
1769964751.3653746,2.0
1769964751.376028,2.0
1769964751.3866732,2.0
1769964751.397333,2.0
1769964751.4080558,2.0
1769964751.4186983,2.0
1769964751.4293277,2.0
1769964751.439992,2.0
1769964751.4506469,2.0
1769964751.4612854,2.0
1769964751.4719906,2.0
1769964751.4826274,2.0
1769964751.493392,2.0
1769964751.5040686,2.0
1769964751.5146616,2.0
1769964751.535733,2.0
1769964751.55108,1.0
1769964751.561439,2.0
1769964751.572081,2.0
1769964751.5826898,2.0
1769964751.5932999,2.0
1769964751.6039774,2.0
1769964751.6145947,2.0
1769964751.6252892,2.0
1769964751.6359215,2.0
1769964751.6466053,2.0
1769964751.6572213,2.0
1769964751.6678624,2.0
1769964751.6785975,2.0
1769964751.6892116,2.0
1769964751.6998835,2.0
1769964751.7104635,2.0
1769964751.721206,2.0
1769964751.7318537,2.0
1769964751.7424831,2.0
1769964751.7530887,2.0
1769964751.7636971,2.0
1769964751.7743256,2.0
1769964751.7849653,2.0
1769964751.795594,2.0
1769964751.8062768,2.0
1769964751.8169158,2.0
1769964751.8275824,2.0
1769964751.8382046,2.0
1769964751.849021,2.0
1769964751.859647,2.0
1769964751.8702452,2.0
1769964751.880966,2.0
1769964751.8915546,2.0
1769964751.9021778,2.0
1769964751.9128735,2.0
1769964751.923472,2.0
1769964751.9342408,2.0
1769964751.9448595,2.0
1769964751.955628,2.0
1769964751.9662566,2.0
1769964751.97689,2.0
1769964751.987517,2.0
1769964751.998247,2.0
1769964752.0102878,2.0
1769964752.021107,2.0
1769964752.0317745,2.0
1769964752.0424788,2.0
1769964752.053235,2.0
1769964752.0639114,2.0
1769964752.0745513,2.0
1769964752.085202,2.0
1769964752.096042,2.0
1769964752.1068342,2.0
1769964752.1176336,2.0
1769964752.1287634,2.0
1769964752.1397111,2.0
1769964752.150836,2.0
1769964752.161908,2.0
1769964752.1731339,2.0
1769964752.1841514,2.0
1769964752.1954014,2.0
1769964752.2065341,2.0
1769964752.2176125,2.0
1769964752.2283108,2.0
1769964752.2394006,2.0
1769964752.2504475,2.0
1769964752.261556,2.0
1769964752.272585,2.0
1769964752.2836628,2.0
1769964752.2947671,2.0
1769964752.305865,2.0
1769964752.3169506,2.0
1769964752.3280177,2.0
1769964752.339106,2.0
1769964752.350181,2.0
1769964752.3612893,2.0
1769964752.37236,2.0
1769964752.3834498,2.0
1769964752.394534,2.0
1769964752.4056349,2.0
1769964752.416688,2.0
1769964752.427721,2.0
1769964752.4489386,2.0
1769964752.4644816,1.0
1769964752.475249,2.0
1769964752.4861898,2.0
1769964752.4972198,2.0
1769964752.5080912,2.0
1769964752.5190592,2.0
1769964752.5300677,2.0
1769964752.5411015,2.0
1769964752.5521648,2.0
1769964752.5631816,2.0
1769964752.5742347,2.0
1769964752.5852818,2.0
1769964752.5963323,2.0
1769964752.607414,2.0
1769964752.6184847,2.0
1769964752.6300085,2.0
1769964752.6411104,2.0
1769964752.652016,2.0
1769964752.663019,2.0
1769964752.6741111,2.0
1769964752.6851225,2.0
1769964752.696127,2.0
1769964752.7072785,2.0
1769964752.7182717,2.0
1769964752.7293215,2.0
1769964752.7405534,2.0
1769964752.7515886,2.0
1769964752.7626243,2.0
1769964752.773748,2.0
1769964752.7847502,2.0
1769964752.795796,2.0
1769964752.8068764,2.0
1769964752.817918,2.0
1769964752.82896,2.0
1769964752.8399608,2.0
1769964752.8510294,2.0
1769964752.8621073,2.0
1769964752.8731086,2.0
1769964752.8841205,2.0
1769964752.894895,2.0
1769964752.9057167,2.0
1769964752.9166179,2.0
1769964752.927298,2.0
1769964752.9379694,2.0
1769964752.9487014,2.0
1769964752.9593787,2.0
1769964752.9700534,2.0
1769964752.9808152,2.0
1769964752.991598,2.0
1769964753.003541,2.0
1769964753.0147302,2.0
1769964753.0253649,2.0
1769964753.0361817,2.0
1769964753.0468564,2.0
1769964753.0575259,2.0
1769964753.0684352,2.0
1769964753.0790823,2.0
1769964753.0897882,2.0
1769964753.1008425,2.0
1769964753.1115296,2.0
1769964753.122348,2.0
1769964753.1333163,2.0
1769964753.1440313,2.0
1769964753.1548011,2.0
1769964753.165736,2.0
1769964753.1765735,2.0
1769964753.1876144,2.0
1769964753.1986897,2.0
1769964753.2098045,2.0
1769964753.2212262,2.0
1769964753.2323067,2.0
1769964753.2436745,2.0
1769964753.2544513,2.0
1769964753.2652721,2.0
1769964753.2760754,2.0
1769964753.2869093,2.0
1769964753.2977705,2.0
1769964753.3085606,2.0
1769964753.3192656,2.0
1769964753.3301597,2.0
1769964753.3409288,2.0
1769964753.3517926,2.0
1769964753.3626397,2.0
1769964753.3734546,2.0
1769964753.3843937,2.0
1769964753.3951802,2.0
1769964753.4060004,2.0
1769964753.4168215,2.0
1769964753.4276352,2.0
1769964753.4384074,2.0
1769964753.4491947,2.0
1769964753.4600465,2.0
1769964753.4708066,2.0
1769964753.4816191,2.0
1769964753.4923668,2.0
1769964753.5031965,2.0
1769964753.5140367,2.0
1769964753.5247946,2.0
1769964753.5357344,2.0
1769964753.5465324,2.0
1769964753.5573769,2.0
1769964753.5681906,2.0
1769964753.5791156,2.0
1769964753.5899148,2.0
1769964753.6008382,2.0
1769964753.6115837,2.0
1769964753.622523,2.0
1769964753.6334424,2.0
1769964753.6444945,2.0
1769964753.655289,2.0
1769964753.6661317,2.0
1769964753.676969,2.0
1769964753.6879108,2.0
1769964753.6987638,2.0
1769964753.7096217,2.0
1769964753.7205336,2.0
1769964753.7313464,2.0
1769964753.7422945,2.0
1769964753.7531195,2.0
1769964753.763972,2.0
1769964753.7748868,2.0
1769964753.785749,2.0
1769964753.7965438,2.0
1769964753.8074572,2.0
1769964753.8183024,2.0
1769964753.8291416,2.0
1769964753.8399875,2.0
1769964753.850823,2.0
1769964753.8616343,2.0
1769964753.8726869,2.0
1769964753.8835034,2.0
1769964753.894364,2.0
1769964753.9052262,2.0
1769964753.9160757,2.0
1769964753.9269307,2.0
1769964753.9377263,2.0
1769964753.9486709,2.0
1769964753.9595213,2.0
1769964753.9703662,2.0
1769964753.981348,2.0
1769964753.9921947,2.0
1769964754.0030808,2.0
1769964754.0154285,2.0
1769964754.026258,2.0
1769964754.0371585,2.0
1769964754.0480103,2.0
1769964754.058884,2.0
1769964754.069733,2.0
1769964754.0806024,2.0
1769964754.0918307,2.0
1769964754.1028247,2.0
1769964754.1139722,2.0
1769964754.1247046,2.0
1769964754.1355925,2.0
1769964754.1463237,2.0
1769964754.1571214,2.0
1769964754.1680486,2.0
1769964754.1787763,2.0
1769964754.1897535,2.0
1769964754.200499,2.0
1769964754.2114608,2.0
1769964754.222245,2.0
1769964754.2330122,2.0
1769964754.2437985,2.0
1769964754.2546306,2.0
1769964754.2654564,2.0
1769964754.2762291,2.0
1769964754.2869773,2.0
1769964754.2978373,2.0
1769964754.3086202,2.0
1769964754.3194046,2.0
1769964754.3301296,2.0
1769964754.3408642,2.0
1769964754.351611,2.0
1769964754.362427,2.0
1769964754.3731837,2.0
1769964754.38395,2.0
1769964754.3947423,2.0
1769964754.4055288,2.0
1769964754.4163346,2.0
1769964754.4270246,2.0
1769964754.4377444,2.0
1769964754.4484925,2.0
1769964754.459232,2.0
1769964754.4699817,2.0
1769964754.480767,2.0
1769964754.4915743,2.0
1769964754.5023577,2.0
1769964754.5131428,2.0
1769964754.5238907,2.0
1769964754.534774,2.0
1769964754.5454848,2.0
1769964754.5562036,2.0
1769964754.5669286,2.0
1769964754.5776877,2.0
1769964754.5884445,2.0
1769964754.5991888,2.0
1769964754.609882,2.0
1769964754.6206295,2.0
1769964754.6319208,2.0
1769964754.6427143,2.0
1769964754.6535242,2.0
1769964754.6642516,2.0
1769964754.6749704,2.0
1769964754.6857026,2.0
1769964754.696501,2.0
1769964754.707255,2.0
1769964754.718025,2.0
1769964754.728771,2.0
1769964754.739606,2.0
1769964754.7503476,2.0
1769964754.7612352,2.0
1769964754.7719915,2.0
1769964754.7827525,2.0
1769964754.7934897,2.0
1769964754.8042014,2.0
1769964754.8149896,2.0
1769964754.8256893,2.0
1769964754.836413,2.0
1769964754.8471406,2.0
1769964754.8578649,2.0
1769964754.8686159,2.0
1769964754.8793166,2.0
1769964754.8900776,2.0
1769964754.9007945,2.0
1769964754.9114954,2.0
1769964754.9224231,2.0
1769964754.9332302,2.0
1769964754.943994,2.0
1769964754.9549108,2.0
1769964754.965707,2.0
1769964754.9765344,2.0
1769964754.9873388,2.0
1769964754.9981766,2.0
1769964755.0101478,2.0
1769964755.02096,2.0
1769964755.0317361,2.0
1769964755.0425186,2.0
1769964755.0533397,2.0
1769964755.0641732,2.0
1769964755.0749612,2.0
1769964755.0857527,2.0
1769964755.096932,2.0
1769964755.1077352,2.0
1769964755.118742,2.0
1769964755.1296277,2.0
1769964755.140273,2.0
1769964755.1510758,2.0
1769964755.1619365,2.0
1769964755.1729035,2.0
1769964755.1836488,2.0
1769964755.1946197,2.0
1769964755.2054174,2.0
1769964755.2162364,2.0
1769964755.227008,2.0
1769964755.2378159,2.0
1769964755.2486188,2.0
1769964755.2594347,2.0
1769964755.2707186,2.0
1769964755.2815216,2.0
1769964755.2923305,2.0
1769964755.3030927,2.0
1769964755.313911,2.0
1769964755.3248196,2.0
1769964755.3356168,2.0
1769964755.3463914,2.0
1769964755.3572104,2.0
1769964755.3679743,2.0
1769964755.3787386,2.0
1769964755.3895073,2.0
1769964755.4004147,2.0
1769964755.4112542,2.0
1769964755.4220567,2.0
1769964755.43287,2.0
1769964755.4488132,2.0
1769964755.464128,2.0
1769964755.4797976,2.0
1769964755.5033662,2.0
1769964755.5208519,2.0
1769964755.5337849,1.0
1769964755.54478,1.0
1769964755.5602674,2.0
1769964755.573554,1.0
1769964755.587023,1.0
1769964755.5970771,1.0
1769964755.6078696,1.0
1769964755.6188152,1.0
1769964755.6386335,2.0
1769964755.6488059,1.0
1769964755.664404,2.0
1769964755.6751158,2.0
1769964755.685941,2.0
1769964755.6967876,2.0
1769964755.7077188,2.0
1769964755.718595,2.0
1769964755.729486,2.0
1769964755.7403588,2.0
1769964755.7512412,2.0
1769964755.762212,2.0
1769964755.7730882,2.0
1769964755.7840004,2.0
1769964755.7948961,2.0
1769964755.8057272,2.0
1769964755.81658,2.0
1769964755.8275506,2.0
1769964755.8383894,2.0
1769964755.8491957,2.0
1769964755.860002,2.0
1769964755.870815,2.0
1769964755.8816059,2.0
1769964755.8923924,2.0
1769964755.9031851,2.0
1769964755.9139922,2.0
1769964755.924846,2.0
1769964755.9356582,2.0
1769964755.946443,2.0
1769964755.9572074,2.0
1769964755.9679801,2.0
1769964755.9788616,2.0
1769964755.989654,2.0
1769964756.0004804,2.0
1769964756.0120149,2.0
1769964756.0227494,2.0
1769964756.0335202,2.0
1769964756.0443244,2.0
1769964756.0551214,2.0
1769964756.0658455,2.0
1769964756.076565,2.0
1769964756.0873177,2.0
1769964756.0982926,2.0
1769964756.1090739,2.0
1769964756.1202056,2.0
1769964756.1310527,2.0
1769964756.1417992,2.0
1769964756.1526835,2.0
1769964756.1634092,2.0
1769964756.1744435,2.0
1769964756.1851394,2.0
1769964756.1961193,2.0
1769964756.2068763,2.0
1769964756.21772,2.0
1769964756.228546,2.0
1769964756.2392619,2.0
1769964756.2499843,2.0
1769964756.2608066,2.0
1769964756.271626,2.0
1769964756.2824156,2.0
1769964756.2932668,2.0
1769964756.3040268,2.0
1769964756.3148544,2.0
1769964756.3256457,2.0
1769964756.3364372,2.0
1769964756.347245,2.0
1769964756.3580627,2.0
1769964756.368896,2.0
1769964756.379556,2.0
1769964756.390375,2.0
1769964756.4012005,2.0
1769964756.411995,2.0
1769964756.4228387,2.0
1769964756.433618,2.0
1769964756.44449,2.0
1769964756.455278,2.0
1769964756.4663308,2.0
1769964756.4772727,2.0
1769964756.4881313,2.0
1769964756.498935,2.0
1769964756.5097384,2.0
1769964756.5205493,2.0
1769964756.5313401,2.0
1769964756.5422885,2.0
1769964756.5530975,2.0
1769964756.564018,2.0
1769964756.5748346,2.0
1769964756.585643,2.0
1769964756.5964515,2.0
1769964756.6072633,2.0
1769964756.6180892,2.0
1769964756.6288302,2.0
1769964756.6400976,2.0
1769964756.650823,2.0
1769964756.6616201,2.0
1769964756.6724646,2.0
1769964756.6832974,2.0
1769964756.694108,2.0
1769964756.7049766,2.0
1769964756.7157648,2.0
1769964756.7266684,2.0
1769964756.7374716,2.0
1769964756.748259,2.0
1769964756.7590797,2.0
1769964756.7698655,2.0
1769964756.7806454,2.0
1769964756.791487,2.0
1769964756.8023214,2.0
1769964756.8131006,2.0
1769964756.8239717,2.0
1769964756.8347948,2.0
1769964756.8455877,2.0
1769964756.856471,2.0
1769964756.8671305,2.0
1769964756.877907,2.0
1769964756.8887455,2.0
1769964756.8995724,2.0
1769964756.9104285,2.0
1769964756.9212365,2.0
1769964756.932094,2.0
1769964756.9429443,2.0
1769964756.95372,2.0
1769964756.9645274,2.0
1769964756.9754794,2.0
1769964756.9863331,2.0
1769964756.9971929,2.0
1769964757.0095205,2.0
1769964757.020197,2.0
1769964757.0310128,2.0
1769964757.0418022,2.0
1769964757.0527005,2.0
1769964757.0635426,2.0
1769964757.074354,2.0
1769964757.0850704,2.0
1769964757.0960073,2.0
1769964757.1066835,2.0
1769964757.117509,2.0
1769964757.1282244,2.0
1769964757.1389904,2.0
1769964757.149849,2.0
1769964757.1605995,2.0
1769964757.171525,2.0
1769964757.1823723,2.0
1769964757.1930895,2.0
1769964757.2038493,2.0
1769964757.2145426,2.0
1769964757.225386,2.0
1769964757.2361455,2.0
1769964757.247039,2.0
1769964757.2577376,2.0
1769964757.2684953,2.0
1769964757.2793787,2.0
1769964757.290059,2.0
1769964757.300819,2.0
1769964757.3115146,2.0
1769964757.3225133,2.0
1769964757.333252,2.0
1769964757.3440328,2.0
1769964757.3547428,2.0
1769964757.3655372,2.0
1769964757.376287,2.0
1769964757.3872118,2.0
1769964757.3979416,2.0
1769964757.408707,2.0
1769964757.4194262,2.0
1769964757.4301543,2.0
1769964757.4409196,2.0
1769964757.4516072,2.0
1769964757.462349,2.0
1769964757.4731324,2.0
1769964757.4840276,2.0
1769964757.4948206,2.0
1769964757.5056162,2.0
1769964757.5163774,2.0
1769964757.527334,2.0
1769964757.5381398,2.0
1769964757.5489168,2.0
1769964757.5597153,2.0
1769964757.5705714,2.0
1769964757.5813465,2.0
1769964757.5922983,2.0
1769964757.6030753,2.0
1769964757.6138499,2.0
1769964757.6248245,2.0
1769964757.6356514,2.0
1769964757.6465878,2.0
1769964757.65735,2.0
1769964757.66822,2.0
1769964757.6791072,2.0
1769964757.6898947,2.0
1769964757.7006931,2.0
1769964757.7114997,2.0
1769964757.722292,2.0
1769964757.7330809,2.0
1769964757.7438984,2.0
1769964757.754764,2.0
1769964757.7655356,2.0
1769964757.776376,2.0
1769964757.7872334,2.0
1769964757.7979054,2.0
1769964757.8087094,2.0
1769964757.8195305,2.0
1769964757.8303373,2.0
1769964757.841129,2.0
1769964757.8519182,2.0
1769964757.8627257,2.0
1769964757.8735874,2.0
1769964757.884424,2.0
1769964757.8952758,2.0
1769964757.9060764,2.0
1769964757.9169345,2.0
1769964757.927724,2.0
1769964757.9385607,2.0
1769964757.9493148,2.0
1769964757.960114,2.0
1769964757.9709625,2.0
1769964757.9817524,2.0
1769964757.9927337,2.0
1769964758.00351,2.0
1769964758.015775,2.0
1769964758.0264702,2.0
1769964758.03752,2.0
1769964758.0482917,2.0
1769964758.0592701,2.0
1769964758.0701478,2.0
1769964758.0809069,2.0
1769964758.0925014,2.0
1769964758.1031287,2.0
1769964758.11437,2.0
1769964758.1251209,2.0
1769964758.1361265,2.0
1769964758.1469123,2.0
1769964758.1577356,2.0
1769964758.1688178,2.0
1769964758.179558,2.0
1769964758.1903043,2.0
1769964758.201225,2.0
1769964758.2120252,2.0
1769964758.2228372,2.0
1769964758.2336028,2.0
1769964758.2445352,2.0
1769964758.2552686,2.0
1769964758.2660477,2.0
1769964758.2768438,2.0
1769964758.2876027,2.0
1769964758.2983906,2.0
1769964758.3092039,2.0
1769964758.3199787,2.0
1769964758.330725,2.0
1769964758.3414834,2.0
1769964758.352297,2.0
1769964758.363243,2.0
1769964758.3740916,2.0
1769964758.3849134,2.0
1769964758.3957386,2.0
1769964758.4065442,2.0
1769964758.4173641,2.0
1769964758.4282036,2.0
1769964758.4391723,2.0
1769964758.450144,2.0
1769964758.4609659,2.0
1769964758.4717815,2.0
1769964758.4825842,2.0
1769964758.4934008,2.0
1769964758.5042274,2.0
1769964758.514967,2.0
1769964758.5260024,2.0
1769964758.5368426,2.0
1769964758.54764,2.0
1769964758.5584202,2.0
1769964758.5692983,2.0
1769964758.5800142,2.0
1769964758.5908496,2.0
1769964758.601638,2.0
1769964758.6123867,2.0
1769964758.6232367,2.0
1769964758.6340613,2.0
1769964758.6451597,2.0
1769964758.656002,2.0
1769964758.6668081,2.0
1769964758.6775703,2.0
1769964758.6883972,2.0
1769964758.6992753,2.0
1769964758.7100878,2.0
1769964758.7208626,2.0
1769964758.7316399,2.0
1769964758.7424564,2.0
1769964758.7532518,2.0
1769964758.7640536,2.0
1769964758.7747257,2.0
1769964758.7854917,2.0
1769964758.7963119,2.0
1769964758.8071551,2.0
1769964758.817952,2.0
1769964758.8287864,2.0
1769964758.8396254,2.0
1769964758.8504837,2.0
1769964758.8611372,2.0
1769964758.87204,2.0
1769964758.8829722,2.0
1769964758.8937268,2.0
1769964758.9045136,2.0
1769964758.915301,2.0
1769964758.9261086,2.0
1769964758.9369345,2.0
1769964758.9478645,2.0
1769964758.9586606,2.0
1769964758.9694753,2.0
1769964758.9802992,2.0
1769964758.9910586,2.0
1769964759.0036845,2.0
1769964759.014198,2.0
1769964759.0249403,2.0
1769964759.0357265,2.0
1769964759.046471,2.0
1769964759.0571964,2.0
1769964759.0679314,2.0
1769964759.0786629,2.0
1769964759.0894122,2.0
1769964759.1003528,2.0
1769964759.111087,2.0
1769964759.1218753,2.0
1769964759.1328993,2.0
1769964759.143639,2.0
1769964759.154544,2.0
1769964759.165522,2.0
1769964759.1763341,2.0
1769964759.187051,2.0
1769964759.1979964,2.0
1769964759.20874,2.0
1769964759.2195098,2.0
1769964759.2304232,2.0
1769964759.241126,2.0
1769964759.2518601,2.0
1769964759.2626061,2.0
1769964759.273418,2.0
1769964759.2841635,2.0
1769964759.2949262,2.0
1769964759.3056455,2.0
1769964759.3164039,2.0
1769964759.3271217,2.0
1769964759.337813,2.0
1769964759.3485138,2.0
1769964759.359312,2.0
1769964759.3703606,2.0
1769964759.3810713,2.0
1769964759.3918166,2.0
1769964759.4026847,2.0
1769964759.413406,2.0
1769964759.4241395,2.0
1769964759.43488,2.0
1769964759.445633,2.0
1769964759.4563863,2.0
1769964759.4671187,2.0
1769964759.4779687,2.0
1769964759.488703,2.0
1769964759.4994686,2.0
1769964759.5102096,2.0
1769964759.520936,2.0
1769964759.53171,2.0
1769964759.542447,2.0
1769964759.5532074,2.0
1769964759.5639572,2.0
1769964759.5746963,2.0
1769964759.585467,2.0
1769964759.5962255,2.0
1769964759.6070328,2.0
1769964759.6177738,2.0
1769964759.6284814,2.0
1769964759.6393423,2.0
1769964759.650042,2.0
1769964759.6607475,2.0
1769964759.671484,2.0
1769964759.6823938,2.0
1769964759.6931596,2.0
1769964759.7039037,2.0
1769964759.7146356,2.0
1769964759.7253685,2.0
1769964759.736127,2.0
1769964759.7468822,2.0
1769964759.757698,2.0
1769964759.7684288,2.0
1769964759.7791982,2.0
1769964759.7899523,2.0
1769964759.800787,2.0
1769964759.8116276,2.0
1769964759.8224008,2.0
1769964759.8331695,2.0
1769964759.8439202,2.0
1769964759.8546546,2.0
1769964759.865413,2.0
1769964759.876253,2.0
1769964759.88699,2.0
1769964759.897834,2.0
1769964759.9085803,2.0
1769964759.9193513,2.0
1769964759.9300861,2.0
1769964759.9409235,2.0
1769964759.9516802,2.0
1769964759.9623706,2.0
1769964759.97323,2.0
1769964759.9840393,2.0
1769964759.9947295,2.0
1769964760.0069852,2.0
1769964760.0178945,2.0
1769964760.0286577,2.0
1769964760.0393665,2.0
1769964760.0500743,2.0
1769964760.0608878,2.0
1769964760.0716434,2.0
1769964760.0824864,2.0
1769964760.0937264,2.0
1769964760.104384,2.0
1769964760.1154604,2.0
1769964760.1261916,2.0
1769964760.137099,2.0
1769964760.1477816,2.0
1769964760.158526,2.0
1769964760.1692853,2.0
1769964760.1800232,2.0
1769964760.190967,2.0
1769964760.2017343,2.0
1769964760.2125015,2.0
1769964760.2232287,2.0
1769964760.2339673,2.0
1769964760.2446926,2.0
1769964760.2554483,2.0
1769964760.266213,2.0
1769964760.276985,2.0
1769964760.287717,2.0
1769964760.2984483,2.0
1769964760.3091557,2.0
1769964760.319875,2.0
1769964760.3306332,2.0
1769964760.3413424,2.0
1769964760.3520896,2.0
1769964760.3628502,2.0
1769964760.3737469,2.0
1769964760.3844697,2.0
1769964760.395316,2.0
1769964760.4060307,2.0
1769964760.4167264,2.0
1769964760.4275072,2.0
1769964760.4382434,2.0
1769964760.4489617,2.0
1769964760.45981,2.0
1769964760.4705749,2.0
1769964760.4813533,2.0
1769964760.4920578,2.0
1769964760.5028226,2.0
1769964760.5135813,2.0
1769964760.5243332,2.0
1769964760.5350537,2.0
1769964760.5457835,2.0
1769964760.5565906,2.0
1769964760.567512,2.0
1769964760.5785403,2.0
1769964760.5892444,2.0
1769964760.599987,2.0
1769964760.6109319,2.0
1769964760.6217997,2.0
1769964760.6326184,2.0
1769964760.643553,2.0
1769964760.6542606,2.0
1769964760.6650424,2.0
1769964760.6757348,2.0
1769964760.6865027,2.0
1769964760.6973097,2.0
1769964760.7080164,2.0
1769964760.718706,2.0
1769964760.72944,2.0
1769964760.7401423,2.0
1769964760.7508562,2.0
1769964760.7615747,2.0
1769964760.7724526,2.0
1769964760.7831523,2.0
1769964760.7938943,2.0
1769964760.8045664,2.0
1769964760.815409,2.0
1769964760.826125,2.0
1769964760.8368306,2.0
1769964760.8475385,2.0
1769964760.8582766,2.0
1769964760.8690267,2.0
1769964760.8797135,2.0
1769964760.890437,2.0
1769964760.9012742,2.0
1769964760.9119945,2.0
1769964760.9228096,2.0
1769964760.9335337,2.0
1769964760.9442294,2.0
1769964760.9549718,2.0
1769964760.9656663,2.0
1769964760.9763582,2.0
1769964760.986953,2.0
1769964760.9976711,2.0
1769964761.0097933,2.0
1769964761.0204508,2.0
1769964761.0311928,2.0
1769964761.0419016,2.0
1769964761.0526524,2.0
1769964761.0633383,2.0
1769964761.0740612,2.0
1769964761.0848022,2.0
1769964761.0955176,2.0
1769964761.1062663,2.0
1769964761.117111,2.0
1769964761.1278374,2.0
1769964761.1387162,2.0
1769964761.1495726,2.0
1769964761.1603518,2.0
1769964761.1713076,2.0
1769964761.182042,2.0
1769964761.1930408,2.0
1769964761.2037044,2.0
1769964761.2144423,2.0
1769964761.225275,2.0
1769964761.2360003,2.0
1769964761.2467268,2.0
1769964761.2574646,2.0
1769964761.2683482,2.0
1769964761.2790504,2.0
1769964761.2898042,2.0
1769964761.3005517,2.0
1769964761.3112447,2.0
1769964761.3219333,2.0
1769964761.3326135,2.0
1769964761.3433301,2.0
1769964761.3540654,2.0
1769964761.3647544,2.0
1769964761.3754535,2.0
1769964761.3863268,2.0
1769964761.3970654,2.0
1769964761.4078207,2.0
1769964761.4187744,2.0
1769964761.429578,2.0
1769964761.4403102,2.0
1769964761.4510453,2.0
1769964761.4617712,2.0
1769964761.4725156,2.0
1769964761.4832225,2.0
1769964761.4939442,2.0
1769964761.5046887,2.0
1769964761.5154314,2.0
1769964761.5263112,2.0
1769964761.5370245,2.0
1769964761.547692,2.0
1769964761.5585213,2.0
1769964761.5692456,2.0
1769964761.5799525,2.0
1769964761.5906866,2.0
1769964761.6013837,2.0
1769964761.6120734,2.0
1769964761.6229491,2.0
1769964761.633774,2.0
1769964761.6446698,2.0
1769964761.6553516,2.0
1769964761.6660962,2.0
1769964761.6769032,2.0
1769964761.6876266,2.0
1769964761.6984172,2.0
1769964761.7091167,2.0
1769964761.7198298,2.0
1769964761.7305224,2.0
1769964761.741278,2.0
1769964761.7519736,2.0
1769964761.762666,2.0
1769964761.7733946,2.0
1769964761.7841792,2.0
1769964761.7949107,2.0
1769964761.8056061,2.0
1769964761.81635,2.0
1769964761.8270714,2.0
1769964761.8379157,2.0
1769964761.848752,2.0
1769964761.8594792,2.0
1769964761.8701832,2.0
1769964761.8808806,2.0
1769964761.891686,2.0
1769964761.9023955,2.0
1769964761.9131572,2.0
1769964761.9238696,2.0
1769964761.9346058,2.0
1769964761.945305,2.0
1769964761.9561248,2.0
1769964761.9668515,2.0
1769964761.977564,2.0
1769964761.9883153,2.0
1769964761.999056,2.0
1769964762.0102208,2.0
1769964762.0212083,2.0
1769964762.031926,2.0
1769964762.042623,2.0
1769964762.0533586,2.0
1769964762.0640428,2.0
1769964762.0747814,2.0
1769964762.0854805,2.0
1769964762.0969217,2.0
1769964762.1076562,2.0
1769964762.1185808,2.0
1769964762.1298757,2.0
1769964762.1405592,2.0
1769964762.1513538,2.0
1769964762.1621454,2.0
1769964762.1731236,2.0
1769964762.183869,2.0
1769964762.1948066,2.0
1769964762.2055578,2.0
1769964762.21632,2.0
1769964762.227133,2.0
1769964762.2378962,2.0
1769964762.2486475,2.0
1769964762.259409,2.0
1769964762.2701774,2.0
1769964762.280928,2.0
1769964762.2917652,2.0
1769964762.3025217,2.0
1769964762.313248,2.0
1769964762.3239996,2.0
1769964762.3347669,2.0
1769964762.345595,2.0
1769964762.3563454,2.0
1769964762.3671696,2.0
1769964762.377958,2.0
1769964762.388707,2.0
1769964762.3994951,2.0
1769964762.4102805,2.0
1769964762.4210343,2.0
1769964762.4317489,2.0
1769964762.4425216,2.0
1769964762.4533331,2.0
1769964762.4641306,2.0
1769964762.4749413,2.0
1769964762.4856687,2.0
1769964762.4964247,2.0
1769964762.5071816,2.0
1769964762.5179417,2.0
1769964762.528692,2.0
1769964762.5394645,2.0
1769964762.5502346,2.0
1769964762.5611558,2.0
1769964762.5719597,2.0
1769964762.5827417,2.0
1769964762.5935366,2.0
1769964762.604273,2.0
1769964762.615017,2.0
1769964762.6257896,2.0
1769964762.6365473,2.0
1769964762.6475446,2.0
1769964762.658297,2.0
1769964762.6690457,2.0
1769964762.6798718,2.0
1769964762.6906831,2.0
1769964762.7014296,2.0
1769964762.7122138,2.0
1769964762.7229793,2.0
1769964762.733779,2.0
1769964762.7445138,2.0
1769964762.755286,2.0
1769964762.766032,2.0
1769964762.7769163,2.0
1769964762.7876565,2.0
1769964762.7984078,2.0
1769964762.8091323,2.0
1769964762.8198493,2.0
1769964762.8305464,2.0
1769964762.8414602,2.0
1769964762.852357,2.0
1769964762.8630986,2.0
1769964762.873816,2.0
1769964762.8845098,2.0
1769964762.895209,2.0
1769964762.9059021,2.0
1769964762.9167373,2.0
1769964762.927457,2.0
1769964762.9381588,2.0
1769964762.9488964,2.0
1769964762.9597104,2.0
1769964762.9704704,2.0
1769964762.981197,2.0
1769964762.991883,2.0
1769964763.0038478,2.0
1769964763.0145528,2.0
1769964763.0254846,2.0
1769964763.0363152,2.0
1769964763.0470703,2.0
1769964763.0579002,2.0
1769964763.068731,2.0
1769964763.0795727,2.0
1769964763.0904238,2.0
1769964763.1013434,2.0
1769964763.1121213,2.0
1769964763.122974,2.0
1769964763.1339228,2.0
1769964763.1446307,2.0
1769964763.155511,2.0
1769964763.1664107,2.0
1769964763.177261,2.0
1769964763.1881044,2.0
1769964763.1990862,2.0
1769964763.209942,2.0
1769964763.2207239,2.0
1769964763.231573,2.0
1769964763.2423756,2.0
1769964763.253152,2.0
1769964763.263989,2.0
1769964763.274805,2.0
1769964763.2856648,2.0
1769964763.2965617,2.0
1769964763.3074133,2.0
1769964763.3182654,2.0
1769964763.3290715,2.0
1769964763.339889,2.0
1769964763.3506835,2.0
1769964763.3615859,2.0
1769964763.3723986,2.0
1769964763.3831782,2.0
1769964763.3938766,2.0
1769964763.4046068,2.0
1769964763.4152195,2.0
1769964763.4258957,2.0
1769964763.4365685,2.0
1769964763.4472916,2.0
1769964763.4584694,2.0
1769964763.469075,2.0
1769964763.4797854,2.0
1769964763.4904158,2.0
1769964763.501106,2.0
1769964763.511851,2.0
1769964763.5224867,2.0
1769964763.5331576,2.0
1769964763.5438335,2.0
1769964763.5545235,2.0
1769964763.5652313,2.0
1769964763.575884,2.0
1769964763.5865638,2.0
1769964763.5972261,2.0
1769964763.607894,2.0
1769964763.618641,2.0
1769964763.6292696,2.0
1769964763.6402206,2.0
1769964763.6508198,2.0
1769964763.6614866,2.0
1769964763.6722429,2.0
1769964763.6829424,2.0
1769964763.6935983,2.0
1769964763.7042625,2.0
1769964763.714904,2.0
1769964763.7256217,2.0
1769964763.736311,2.0
1769964763.746996,2.0
1769964763.7577286,2.0
1769964763.768374,2.0
1769964763.7790494,2.0
1769964763.7897415,2.0
1769964763.8004167,2.0
1769964763.8111098,2.0
1769964763.8218575,2.0
1769964763.8325102,2.0
1769964763.8431976,2.0
1769964763.8538575,2.0
1769964763.8646839,2.0
1769964763.8756382,2.0
1769964763.8864076,2.0
1769964763.897241,2.0
1769964763.9080272,2.0
1769964763.9188673,2.0
1769964763.9297702,2.0
1769964763.9404042,2.0
1769964763.9512393,2.0
1769964763.962078,2.0
1769964763.972965,2.0
1769964763.9837785,2.0
1769964763.9945364,2.0
1769964764.0065024,2.0
1769964764.0174778,2.0
1769964764.0281765,2.0
1769964764.0389059,2.0
1769964764.0496962,2.0
1769964764.0606353,2.0
1769964764.071323,2.0
1769964764.0819976,2.0
1769964764.0930266,2.0
1769964764.1036189,2.0
1769964764.1144383,2.0
1769964764.1251862,2.0
1769964764.1359909,2.0
1769964764.1466296,2.0
1769964764.1573179,2.0
1769964764.1680999,2.0
1769964764.178856,2.0
1769964764.1895723,2.0
1769964764.2005272,2.0
1769964764.2112427,2.0
1769964764.2223284,2.0
1769964764.2330632,2.0
1769964764.2437468,2.0
1769964764.2544794,2.0
1769964764.2651584,2.0
1769964764.2759666,2.0
1769964764.286673,2.0
1769964764.2974331,2.0
1769964764.308141,2.0
1769964764.3190112,2.0
1769964764.3297718,2.0
1769964764.340515,2.0
1769964764.3514502,2.0
1769964764.3621583,2.0
1769964764.3728511,2.0
1769964764.383591,2.0
1769964764.394362,2.0
1769964764.4052534,2.0
1769964764.4159389,2.0
1769964764.4266887,2.0
1769964764.437393,2.0
1769964764.448214,2.0
1769964764.458938,2.0
1769964764.4696236,2.0
1769964764.4803686,2.0
1769964764.4909737,2.0
1769964764.5017083,2.0
1769964764.5124247,2.0
1769964764.5231843,2.0
1769964764.5339067,2.0
1769964764.544608,2.0
1769964764.5553734,2.0
1769964764.5661006,2.0
1769964764.5767882,2.0
1769964764.5874963,2.0
1769964764.598387,2.0
1769964764.6091216,2.0
1769964764.6198697,2.0
1769964764.6305766,2.0
1769964764.6415236,2.0
1769964764.6522832,2.0
1769964764.662974,2.0
1769964764.673717,2.0
1769964764.6844215,2.0
1769964764.6951182,2.0
1769964764.7058713,2.0
1769964764.7166145,2.0
1769964764.7274892,2.0
1769964764.7382095,2.0
1769964764.748951,2.0
1769964764.759634,2.0
1769964764.7705045,2.0
1769964764.7812166,2.0
1769964764.7919538,2.0
1769964764.8026266,2.0
1769964764.8133237,2.0
1769964764.824202,2.0
1769964764.834823,2.0
1769964764.8455284,2.0
1769964764.8563018,2.0
1769964764.8670838,2.0
1769964764.8779297,2.0
1769964764.8886216,2.0
1769964764.8993444,2.0
1769964764.9100337,2.0
1769964764.920801,2.0
1769964764.931516,2.0
1769964764.942205,2.0
1769964764.952967,2.0
1769964764.9637,2.0
1769964764.9745677,2.0
1769964764.9852664,2.0
1769964764.9960215,2.0
1769964765.0079474,2.0
1769964765.0188942,2.0
1769964765.0296094,2.0
1769964765.0403147,2.0
1769964765.050995,2.0
1769964765.0618455,2.0
1769964765.0725482,2.0
1769964765.0832746,2.0
1769964765.0943027,2.0
1769964765.105001,2.0
1769964765.1160715,2.0
1769964765.1267774,2.0
1769964765.1376798,2.0
1769964765.1484962,2.0
1769964765.1592093,2.0
1769964765.170134,2.0
1769964765.180796,2.0
1769964765.191604,2.0
1769964765.2024684,2.0
1769964765.2132547,2.0
1769964765.2240655,2.0
1769964765.2348914,2.0
1769964765.245676,2.0
1769964765.2564206,2.0
1769964765.2671714,2.0
1769964765.2781286,2.0
1769964765.2888577,2.0
1769964765.2996092,2.0
1769964765.3103719,2.0
1769964765.3211305,2.0
1769964765.3319001,2.0
1769964765.3426566,2.0
1769964765.3534348,2.0
1769964765.3642104,2.0
1769964765.3750658,2.0
1769964765.3858361,2.0
1769964765.3965793,2.0
1769964765.4074397,2.0
1769964765.4181917,2.0
1769964765.4289598,2.0
1769964765.4398067,2.0
1769964765.450596,2.0
1769964765.4614875,2.0
1769964765.4721918,2.0
1769964765.4829535,2.0
1769964765.493737,2.0
1769964765.5044699,2.0
1769964765.5153654,2.0
1769964765.5262,2.0
1769964765.5370095,2.0
1769964765.547856,2.0
1769964765.5586677,2.0
1769964765.5694747,2.0
1769964765.5803065,2.0
1769964765.5912483,2.0
1769964765.6020296,2.0
1769964765.6128118,2.0
1769964765.6236196,2.0
1769964765.6344128,2.0
1769964765.6453257,2.0
1769964765.6561692,2.0
1769964765.667019,2.0
1769964765.6778212,2.0
1769964765.6886585,2.0
1769964765.6994753,2.0
1769964765.710303,2.0
1769964765.7211208,2.0
1769964765.7319193,2.0
1769964765.7428167,2.0
1769964765.7536619,2.0
1769964765.764465,2.0
1769964765.7752619,2.0
1769964765.7860277,2.0
1769964765.7967405,2.0
1769964765.807487,2.0
1769964765.8181844,2.0
1769964765.8288903,2.0
1769964765.8397448,2.0
1769964765.850489,2.0
1769964765.861237,2.0
1769964765.8719234,2.0
1769964765.882809,2.0
1769964765.8935685,2.0
1769964765.9043243,2.0
1769964765.915085,2.0
1769964765.9259164,2.0
1769964765.93669,2.0
1769964765.9474163,2.0
1769964765.9581423,2.0
1769964765.9688368,2.0
1769964765.9795847,2.0
1769964765.990327,2.0
1769964766.0010464,2.0
1769964766.0133164,2.0
1769964766.0239878,2.0
1769964766.0347667,2.0
1769964766.045458,2.0
1769964766.0562294,2.0
1769964766.0669365,2.0
1769964766.0775921,2.0
1769964766.0883334,2.0
1769964766.0992742,2.0
1769964766.1099963,2.0
1769964766.1211183,2.0
1769964766.1319065,2.0
1769964766.14258,2.0
1769964766.1532989,2.0
1769964766.1639755,2.0
1769964766.174748,2.0
1769964766.185457,2.0
1769964766.1965394,2.0
1769964766.2072017,2.0
1769964766.2179568,2.0
1769964766.228676,2.0
1769964766.2394,2.0
1769964766.250192,2.0
1769964766.2609398,2.0
1769964766.271777,2.0
1769964766.282491,2.0
1769964766.2932196,2.0
1769964766.3039916,2.0
1769964766.314703,2.0
1769964766.325421,2.0
1769964766.336121,2.0
1769964766.3468509,2.0
1769964766.3575778,2.0
1769964766.3684301,2.0
1769964766.37924,2.0
1769964766.3899446,2.0
1769964766.4006426,2.0
1769964766.4113972,2.0
1769964766.422115,2.0
1769964766.432939,2.0
1769964766.4436238,2.0
1769964766.454333,2.0
1769964766.4650238,2.0
1769964766.4757404,2.0
1769964766.4865103,2.0
1769964766.4972148,2.0
1769964766.507948,2.0
1769964766.5187879,2.0
1769964766.5294716,2.0
1769964766.5401978,2.0
1769964766.5508862,2.0
1769964766.5616436,2.0
1769964766.5723302,2.0
1769964766.5830224,2.0
1769964766.5937824,2.0
1769964766.6045206,2.0
1769964766.61536,2.0
1769964766.6261282,2.0
1769964766.6370234,2.0
1769964766.648084,2.0
1769964766.658749,2.0
1769964766.669457,2.0
1769964766.6801898,2.0
1769964766.690917,2.0
1769964766.7017975,2.0
1769964766.7124944,2.0
1769964766.7231748,2.0
1769964766.7338889,2.0
1769964766.7446089,2.0
1769964766.7553387,2.0
1769964766.7660737,2.0
1769964766.776889,2.0
1769964766.7875881,2.0
1769964766.7983046,2.0
1769964766.809002,2.0
1769964766.8197546,2.0
1769964766.8304384,2.0
1769964766.8411267,2.0
1769964766.8518493,2.0
1769964766.86255,2.0
1769964766.8733168,2.0
1769964766.8841856,2.0
1769964766.8949192,2.0
1769964766.9056468,2.0
1769964766.9164045,2.0
1769964766.927279,2.0
1769964766.9380052,2.0
1769964766.9487443,2.0
1769964766.9594839,2.0
1769964766.9702375,2.0
1769964766.9809875,2.0
1769964766.991844,2.0
1769964767.0025945,2.0
1769964767.014573,2.0
1769964767.025249,2.0
1769964767.0360103,2.0
1769964767.0467434,2.0
1769964767.0574658,2.0
1769964767.06818,2.0
1769964767.078881,2.0
1769964767.0897791,2.0
1769964767.1012957,2.0
1769964767.1120448,2.0
1769964767.122926,2.0
1769964767.1338525,2.0
1769964767.144674,2.0
1769964767.1554387,2.0
1769964767.166429,2.0
1769964767.1771255,2.0
1769964767.187969,2.0
1769964767.198926,2.0
1769964767.2096384,2.0
1769964767.220375,2.0
1769964767.2311368,2.0
1769964767.2418842,2.0
1769964767.2527068,2.0
1769964767.2635016,2.0
1769964767.2742229,2.0
1769964767.2851708,2.0
1769964767.295989,2.0
1769964767.3067055,2.0
1769964767.3174222,2.0
1769964767.3282542,2.0
1769964767.338986,2.0
1769964767.349678,2.0
1769964767.3605387,2.0
1769964767.371283,2.0
1769964767.3820183,2.0
1769964767.3927367,2.0
1769964767.4034727,2.0
1769964767.414176,2.0
1769964767.4249537,2.0
1769964767.4356582,2.0
1769964767.446428,2.0
1769964767.4572916,2.0
1769964767.4680173,2.0
1769964767.4786022,2.0
1769964767.4893827,2.0
1769964767.5000799,2.0
1769964767.5108178,2.0
1769964767.5215561,2.0
1769964767.5324106,2.0
1769964767.5431879,2.0
1769964767.5546322,2.0
1769964767.5652874,2.0
1769964767.575998,2.0
1769964767.5866482,2.0
1769964767.5974157,2.0
1769964767.6081154,2.0
1769964767.6189098,2.0
1769964767.6296391,2.0
1769964767.640481,2.0
1769964767.6511433,2.0
1769964767.6618938,2.0
1769964767.6726043,2.0
1769964767.6833658,2.0
1769964767.694137,2.0
1769964767.7049208,2.0
1769964767.7157435,2.0
1769964767.72646,2.0
1769964767.7372608,2.0
1769964767.7480347,2.0
1769964767.7587476,2.0
1769964767.7694774,2.0
1769964767.7802384,2.0
1769964767.7908125,2.0
1769964767.8015406,2.0
1769964767.8123562,2.0
1769964767.8230047,2.0
1769964767.8336954,2.0
1769964767.8444743,2.0
1769964767.8552241,2.0
1769964767.8659668,2.0
1769964767.876649,2.0
1769964767.887382,2.0
1769964767.8981955,2.0
1769964767.908954,2.0
1769964767.919696,2.0
1769964767.9303913,2.0
1769964767.9411972,2.0
1769964767.9519417,2.0
1769964767.9626436,2.0
1769964767.973395,2.0
1769964767.9842556,2.0
1769964767.995069,2.0
1769964768.0069983,2.0
1769964768.0179188,2.0
1769964768.0285716,2.0
1769964768.039306,2.0
1769964768.0500216,2.0
1769964768.0608397,2.0
1769964768.071615,2.0
1769964768.0823762,2.0
1769964768.0933151,2.0
1769964768.104019,2.0
1769964768.1149933,2.0
1769964768.1257124,2.0
1769964768.1365147,2.0
1769964768.147225,2.0
1769964768.1579568,2.0
1769964768.1687157,2.0
1769964768.1793816,2.0
1769964768.1900995,2.0
1769964768.2008414,2.0
1769964768.211739,2.0
1769964768.222599,2.0
1769964768.2333786,2.0
1769964768.2441697,2.0
1769964768.2549233,2.0
1769964768.2656293,2.0
1769964768.276359,2.0
1769964768.287261,2.0
1769964768.297982,2.0
1769964768.3086917,2.0
1769964768.3194113,2.0
1769964768.3301666,2.0
1769964768.3408978,2.0
1769964768.3515942,2.0
1769964768.3623507,2.0
1769964768.3732002,2.0
1769964768.3839214,2.0
1769964768.3946552,2.0
1769964768.4053872,2.0
1769964768.4161468,2.0
1769964768.426904,2.0
1769964768.4375694,2.0
1769964768.4483008,2.0
1769964768.4590964,2.0
1769964768.4698312,2.0
1769964768.480524,2.0
1769964768.4912746,2.0
1769964768.501954,2.0
1769964768.5127246,2.0
1769964768.5234206,2.0
1769964768.5341618,2.0
1769964768.5448885,2.0
1769964768.555612,2.0
1769964768.5663645,2.0
1769964768.5771976,2.0
1769964768.5879207,2.0
1769964768.5986795,2.0
1769964768.6094244,2.0
1769964768.6201332,2.0
1769964768.630838,2.0
1769964768.6416733,2.0
1769964768.6524549,2.0
1769964768.6631749,2.0
1769964768.6738772,2.0
1769964768.6845822,2.0
1769964768.6953115,2.0
1769964768.7060084,2.0
1769964768.7167404,2.0
1769964768.7274766,2.0
1769964768.7381902,2.0
1769964768.7489457,2.0
1769964768.759643,2.0
1769964768.770363,2.0
1769964768.7810485,2.0
1769964768.7919185,2.0
1769964768.802627,2.0
1769964768.8133752,2.0
1769964768.8240998,2.0
1769964768.834839,2.0
1769964768.8455448,2.0
1769964768.856291,2.0
1769964768.86701,2.0
1769964768.8777645,2.0
1769964768.8884661,2.0
1769964768.8992262,2.0
1769964768.9100132,2.0
1769964768.920773,2.0
1769964768.931444,2.0
1769964768.942181,2.0
1769964768.9529338,2.0
1769964768.9636676,2.0
1769964768.9744134,2.0
1769964768.9851577,2.0
1769964768.995912,2.0
1769964769.0077465,2.0
1769964769.0186286,2.0
1769964769.0293567,2.0
1769964769.040107,2.0
1769964769.0508487,2.0
1769964769.0616097,2.0
1769964769.072338,2.0
1769964769.0831184,2.0
1769964769.0940275,2.0
1769964769.1046894,2.0
1769964769.1155457,2.0
1769964769.1263852,2.0
1769964769.1372237,2.0
1769964769.1479788,2.0
1769964769.1587102,2.0
1769964769.1695132,2.0
1769964769.1802278,2.0
1769964769.190968,2.0
1769964769.201806,2.0
1769964769.2125423,2.0
1769964769.2232718,2.0
1769964769.2340155,2.0
1769964769.2447467,2.0
1769964769.2554905,2.0
1769964769.266232,2.0
1769964769.276958,2.0
1769964769.2877066,2.0
1769964769.2984586,2.0
1769964769.309315,2.0
1769964769.3200254,2.0
1769964769.330734,2.0
1769964769.3415499,2.0
1769964769.3522837,2.0
1769964769.3630548,2.0
1769964769.3737013,2.0
1769964769.3844001,2.0
1769964769.3950865,2.0
1769964769.4057689,2.0
1769964769.4164977,2.0
1769964769.4271579,2.0
1769964769.4378822,2.0
1769964769.4485753,2.0
1769964769.4592617,2.0
1769964769.470149,2.0
1769964769.4808397,2.0
1769964769.4915533,2.0
1769964769.5022392,2.0
1769964769.5129178,2.0
1769964769.5235984,2.0
1769964769.5342877,2.0
1769964769.5449858,2.0
1769964769.5556576,2.0
1769964769.5663848,2.0
1769964769.5771036,2.0
1769964769.5878296,2.0
1769964769.5985293,2.0
1769964769.6095088,2.0
1769964769.620229,2.0
1769964769.6309357,2.0
1769964769.641847,2.0
1769964769.6524866,2.0
1769964769.6632242,2.0
1769964769.673928,2.0
1769964769.6846883,2.0
1769964769.6956296,2.0
1769964769.706342,2.0
1769964769.71704,2.0
1769964769.7278454,2.0
1769964769.738679,2.0
1769964769.7495756,2.0
1769964769.7605338,2.0
1769964769.7714097,2.0
1769964769.7823305,2.0
1769964769.7932272,2.0
1769964769.8040671,2.0
1769964769.8150778,2.0
1769964769.8258717,2.0
1769964769.8367321,2.0
1769964769.8476703,2.0
1769964769.8584695,2.0
1769964769.8694677,2.0
1769964769.8802378,2.0
1769964769.8910365,2.0
1769964769.9021647,2.0
1769964769.9129815,2.0
1769964769.923847,2.0
1769964769.934591,2.0
1769964769.945316,2.0
1769964769.956042,2.0
1769964769.9668658,2.0
1769964769.9778562,2.0
1769964769.9887266,2.0
1769964769.999733,2.0
1769964770.0123508,2.0
1769964770.0230927,2.0
1769964770.0340226,2.0
1769964770.044857,2.0
1769964770.0557716,2.0
1769964770.066779,2.0
1769964770.0779057,2.0
1769964770.088767,2.0
1769964770.1000726,2.0
1769964770.1109505,2.0
1769964770.12187,2.0
1769964770.1329014,2.0
1769964770.1437037,2.0
1769964770.1545415,2.0
1769964770.1656039,2.0
1769964770.176534,2.0
1769964770.187386,2.0
1769964770.1984534,2.0
1769964770.2093031,2.0
1769964770.220124,2.0
1769964770.2310321,2.0
1769964770.2418988,2.0
1769964770.252747,2.0
1769964770.2635949,2.0
1769964770.2744339,2.0
1769964770.285479,2.0
1769964770.2963526,2.0
1769964770.3071072,2.0
1769964770.3178253,2.0
1769964770.328552,2.0
1769964770.3392954,2.0
1769964770.350005,2.0
1769964770.3607771,2.0
1769964770.371502,2.0
1769964770.3822536,2.0
1769964770.392966,2.0
1769964770.4036903,2.0
1769964770.4144819,2.0
1769964770.4251978,2.0
1769964770.4360046,2.0
1769964770.4467492,2.0
1769964770.4576747,2.0
1769964770.4683986,2.0
1769964770.4791737,2.0
1769964770.4899669,2.0
1769964770.5007095,2.0
1769964770.5115201,2.0
1769964770.5222588,2.0
1769964770.532989,2.0
1769964770.5438735,2.0
1769964770.5546038,2.0
1769964770.5653355,2.0
1769964770.576257,2.0
1769964770.5870104,2.0
1769964770.5978003,2.0
1769964770.608484,2.0
1769964770.6192179,2.0
1769964770.6299765,2.0
1769964770.6407883,2.0
1769964770.6518018,2.0
1769964770.6625562,2.0
1769964770.6732874,2.0
1769964770.6840467,2.0
1769964770.6948516,2.0
1769964770.7055793,2.0
1769964770.716296,2.0
1769964770.7270687,2.0
1769964770.7378285,2.0
1769964770.7485156,2.0
1769964770.7592742,2.0
1769964770.7700074,2.0
1769964770.780739,2.0
1769964770.7914975,2.0
1769964770.8022685,2.0
1769964770.8129816,2.0
1769964770.8237486,2.0
1769964770.8344638,2.0
1769964770.845189,2.0
1769964770.8559847,2.0
1769964770.866672,2.0
1769964770.8773055,2.0
1769964770.888006,2.0
1769964770.8988245,2.0
1769964770.9096518,2.0
1769964770.9203942,2.0
1769964770.93112,2.0
1769964770.9418461,2.0
1769964770.9525478,2.0
1769964770.9632733,2.0
1769964770.9740362,2.0
1769964770.9847171,2.0
1769964770.995436,2.0
1769964771.007523,2.0
1769964771.0182364,2.0
1769964771.0289342,2.0
1769964771.0397446,2.0
1769964771.0504642,2.0
1769964771.061284,2.0
1769964771.0719972,2.0
1769964771.082677,2.0
1769964771.0935566,2.0
1769964771.104325,2.0
1769964771.1150336,2.0
1769964771.12588,2.0
1769964771.1366024,2.0
1769964771.1473088,2.0
1769964771.1580229,2.0
1769964771.1688945,2.0
1769964771.1795943,2.0
1769964771.1903257,2.0
1769964771.2011762,2.0
1769964771.2119105,2.0
1769964771.2227354,2.0
1769964771.2334566,2.0
1769964771.244182,2.0
1769964771.2549176,2.0
1769964771.2655833,2.0
1769964771.2764668,2.0
1769964771.2871714,2.0
1769964771.2979155,2.0
1769964771.30872,2.0
1769964771.3195693,2.0
1769964771.3302248,2.0
1769964771.3409154,2.0
1769964771.3517132,2.0
1769964771.3624232,2.0
1769964771.3731604,2.0
1769964771.383943,2.0
1769964771.394667,2.0
1769964771.4053872,2.0
1769964771.4161708,2.0
1769964771.4269035,2.0
1769964771.4377394,2.0
1769964771.4484563,2.0
1769964771.4591846,2.0
1769964771.46995,2.0
1769964771.480619,2.0
1769964771.4914017,2.0
1769964771.5021203,2.0
1769964771.5128798,2.0
1769964771.5236006,2.0
1769964771.5343108,2.0
1769964771.5450566,2.0
1769964771.5558047,2.0
1769964771.5666513,2.0
1769964771.5773687,2.0
1769964771.5880885,2.0
1769964771.5988152,2.0
1769964771.6095865,2.0
1769964771.6203377,2.0
1769964771.631096,2.0
1769964771.641695,2.0
1769964771.6527343,2.0
1769964771.663507,2.0
1769964771.6742527,2.0
1769964771.6849675,2.0
1769964771.6959097,2.0
1769964771.706653,2.0
1769964771.7174153,2.0
1769964771.7282867,2.0
1769964771.7391675,2.0
1769964771.7499113,2.0
1769964771.7606797,2.0
1769964771.7715847,2.0
1769964771.7823887,2.0
1769964771.7931318,2.0
1769964771.8038397,2.0
1769964771.8146136,2.0
1769964771.8254838,2.0
1769964771.8362937,2.0
1769964771.8471003,2.0
1769964771.857849,2.0
1769964771.868588,2.0
1769964771.879372,2.0
1769964771.8902416,2.0
1769964771.9010596,2.0
1769964771.9118564,2.0
1769964771.922648,2.0
1769964771.9334111,2.0
1769964771.9442046,2.0
1769964771.9549978,2.0
1769964771.9657762,2.0
1769964771.976537,2.0
1769964771.987297,2.0
1769964771.9981334,2.0
1769964772.0099394,2.0
1769964772.0207691,2.0
1769964772.031427,2.0
1769964772.0421774,2.0
1769964772.0529885,2.0
1769964772.06371,2.0
1769964772.0744123,2.0
1769964772.085296,2.0
1769964772.096065,2.0
1769964772.106714,2.0
1769964772.1177652,2.0
1769964772.1286397,2.0
1769964772.1393914,2.0
1769964772.1500819,2.0
1769964772.1608248,2.0
1769964772.1717343,2.0
1769964772.1824846,2.0
1769964772.1932123,2.0
1769964772.2040164,2.0
1769964772.2147439,2.0
1769964772.2256074,2.0
1769964772.2363698,2.0
1769964772.2474425,2.0
1769964772.2580624,2.0
1769964772.2688932,2.0
1769964772.279607,2.0
1769964772.2904904,2.0
1769964772.3012245,2.0
1769964772.311977,2.0
1769964772.3226748,2.0
1769964772.33338,2.0
1769964772.3442674,2.0
1769964772.354991,2.0
1769964772.3657167,2.0
1769964772.376437,2.0
1769964772.3872058,2.0
1769964772.397919,2.0
1769964772.4085383,2.0
1769964772.419154,2.0
1769964772.4297068,2.0
1769964772.440466,2.0
1769964772.451115,2.0
1769964772.4616723,2.0
1769964772.4723005,2.0
1769964772.4829,2.0
1769964772.4935815,2.0
1769964772.504304,2.0
1769964772.5149133,2.0
1769964772.5254996,2.0
1769964772.5360937,2.0
1769964772.5467262,2.0
1769964772.5573184,2.0
1769964772.5679333,2.0
1769964772.578504,2.0
1769964772.5891275,2.0
1769964772.5997171,2.0
1769964772.6103616,2.0
1769964772.6210136,2.0
1769964772.6316078,2.0
1769964772.6422987,2.0
1769964772.6534646,2.0
1769964772.6640537,2.0
1769964772.6746628,2.0
1769964772.6852665,2.0
1769964772.695868,2.0
1769964772.7066958,2.0
1769964772.7173243,2.0
1769964772.7279363,2.0
1769964772.7385483,2.0
1769964772.7491248,2.0
1769964772.7597709,2.0
1769964772.7703497,2.0
1769964772.7809274,2.0
1769964772.7915368,2.0
1769964772.8021886,2.0
1769964772.8229537,2.0
1769964772.8345404,1.0
1769964772.8555436,2.0
1769964772.8689632,1.0
1769964772.880096,2.0
1769964772.8909097,2.0
1769964772.9016223,2.0
1769964772.9124117,2.0
1769964772.9231806,2.0
1769964772.9339266,2.0
1769964772.9446697,2.0
1769964772.9555418,2.0
1769964772.9663167,2.0
1769964772.9770746,2.0
1769964772.9878397,2.0
1769964772.9986866,2.0
1769964773.010585,2.0
1769964773.0213823,2.0
1769964773.0320518,2.0
1769964773.0427845,2.0
1769964773.0599046,2.0
1769964773.0709062,1.0
1769964773.0820494,1.0
1769964773.0929024,1.0
1769964773.104525,1.0
1769964773.1209083,1.0
1769964773.1384275,1.0
1769964773.15607,2.0
1769964773.170325,2.0
1769964773.181109,2.0
1769964773.1922889,2.0
1769964773.2031834,2.0
1769964773.2141163,2.0
1769964773.2250574,2.0
1769964773.2359893,2.0
1769964773.246923,2.0
1769964773.2578342,2.0
1769964773.2687685,1.0
1769964773.283892,2.0
1769964773.2947793,2.0
1769964773.305639,2.0
1769964773.3164394,2.0
1769964773.3275976,2.0
1769964773.3385208,2.0
1769964773.3496027,2.0
1769964773.360521,2.0
1769964773.3714805,2.0
1769964773.3825629,2.0
1769964773.3935573,2.0
1769964773.4044418,2.0
1769964773.4154925,2.0
1769964773.4263792,2.0
1769964773.4374428,2.0
1769964773.4483669,2.0
1769964773.4592104,2.0
1769964773.4700334,2.0
1769964773.4808776,2.0
1769964773.49207,2.0
1769964773.502971,2.0
1769964773.513891,2.0
1769964773.5247848,2.0
1769964773.5356324,2.0
1769964773.5465739,2.0
1769964773.557512,2.0
1769964773.5684793,2.0
1769964773.5795317,2.0
1769964773.5903952,2.0
1769964773.601277,2.0
1769964773.612191,2.0
1769964773.6230366,2.0
1769964773.6339152,2.0
1769964773.6450224,2.0
1769964773.655867,2.0
1769964773.6666486,2.0
1769964773.6775355,2.0
1769964773.6883962,2.0
1769964773.699508,2.0
1769964773.7103162,2.0
1769964773.7212157,2.0
1769964773.7320087,2.0
1769964773.7429342,2.0
1769964773.7537491,2.0
1769964773.7646165,2.0
1769964773.7754147,2.0
1769964773.7862577,2.0
1769964773.7970705,2.0
1769964773.8079388,2.0
1769964773.8187664,2.0
1769964773.8295374,2.0
1769964773.8404074,2.0
1769964773.851203,2.0
1769964773.8619914,2.0
1769964773.8728418,2.0
1769964773.8837528,2.0
1769964773.894465,2.0
1769964773.90526,2.0
1769964773.9161072,2.0
1769964773.9268985,2.0
1769964773.9377017,2.0
1769964773.9485567,2.0
1769964773.9593866,2.0
1769964773.9701858,2.0
1769964773.9809887,2.0
1769964773.991898,2.0
1769964774.0038545,2.0
1769964774.0147104,2.0
1769964774.0255053,2.0
1769964774.036218,2.0
1769964774.0469677,2.0
1769964774.057688,2.0
1769964774.0684552,2.0
1769964774.0791597,2.0
1769964774.0899603,2.0
1769964774.10093,2.0
1769964774.1117146,2.0
1769964774.122693,2.0
1769964774.1336992,2.0
1769964774.1444552,2.0
1769964774.155227,2.0
1769964774.166136,2.0
1769964774.1768734,2.0
1769964774.187711,2.0
1769964774.1986163,2.0
1769964774.2094085,2.0
1769964774.2201807,2.0
1769964774.2310016,2.0
1769964774.2418551,2.0
1769964774.2526317,2.0
1769964774.2633712,2.0
1769964774.2741508,2.0
1769964774.2849896,2.0
1769964774.2957528,2.0
1769964774.3066008,2.0
1769964774.3173547,2.0
1769964774.3280952,2.0
1769964774.338934,2.0
1769964774.349708,2.0
1769964774.3605118,2.0
1769964774.3712623,2.0
1769964774.3820248,2.0
1769964774.3927908,2.0
1769964774.4035387,2.0
1769964774.414404,2.0
1769964774.425162,2.0
1769964774.435954,2.0
1769964774.4467137,2.0
1769964774.457524,2.0
1769964774.468281,2.0
1769964774.479031,2.0
1769964774.4898307,2.0
1769964774.500718,2.0
1769964774.5115168,2.0
1769964774.522269,2.0
1769964774.5330245,2.0
1769964774.5437803,2.0
1769964774.5545447,2.0
1769964774.5653613,2.0
1769964774.5762455,2.0
1769964774.5870414,2.0
1769964774.5978155,2.0
1769964774.608593,2.0
1769964774.619445,2.0
1769964774.6302087,2.0
1769964774.6410646,2.0
1769964774.6517923,2.0
1769964774.6626391,2.0
1769964774.67354,2.0
1769964774.6843486,2.0
1769964774.6951587,2.0
1769964774.7061791,2.0
1769964774.7169182,2.0
1769964774.7277217,2.0
1769964774.7385168,2.0
1769964774.7493854,2.0
1769964774.7601168,2.0
1769964774.77095,2.0
1769964774.7817793,2.0
1769964774.7925456,2.0
1769964774.8034801,2.0
1769964774.814148,2.0
1769964774.8249104,2.0
1769964774.8358262,2.0
1769964774.846564,2.0
1769964774.8573895,2.0
1769964774.868192,2.0
1769964774.8789847,2.0
1769964774.889803,2.0
1769964774.9006054,2.0
1769964774.911413,2.0
1769964774.9223175,2.0
1769964774.933102,2.0
1769964774.943935,2.0
1769964774.954717,2.0
1769964774.9655168,2.0
1769964774.9763827,2.0
1769964774.9871798,2.0
1769964774.997985,2.0
1769964775.009181,2.0
1769964775.0202327,2.0
1769964775.0312138,2.0
1769964775.0419555,2.0
1769964775.0527153,2.0
1769964775.0634372,2.0
1769964775.0741897,2.0
1769964775.0849843,2.0
1769964775.095815,2.0
1769964775.1065776,2.0
1769964775.1176066,2.0
1769964775.1284308,2.0
1769964775.139425,2.0
1769964775.1501803,2.0
1769964775.1610162,2.0
1769964775.1719046,2.0
1769964775.1826246,2.0
1769964775.1935496,2.0
1769964775.2044506,2.0
1769964775.2152028,2.0
1769964775.225958,2.0
1769964775.236711,2.0
1769964775.2474499,2.0
1769964775.2582529,2.0
1769964775.2689712,2.0
1769964775.279816,2.0
1769964775.2906072,2.0
1769964775.301353,2.0
1769964775.312173,2.0
1769964775.3229916,2.0
1769964775.3337393,2.0
1769964775.344485,2.0
1769964775.3552125,2.0
1769964775.365931,2.0
1769964775.3766487,2.0
1769964775.3874261,2.0
1769964775.398157,2.0
1769964775.4088778,2.0
1769964775.4196093,2.0
1769964775.4303687,2.0
1769964775.4410937,2.0
1769964775.4520657,2.0
1769964775.4628808,2.0
1769964775.4736161,2.0
1769964775.4843583,2.0
1769964775.4951181,2.0
1769964775.5058734,2.0
1769964775.5165582,2.0
1769964775.5273025,2.0
1769964775.5380583,2.0
1769964775.5488741,2.0
1769964775.5596144,2.0
1769964775.570424,2.0
1769964775.581361,2.0
1769964775.5921125,2.0
1769964775.6029108,2.0
1769964775.613849,2.0
1769964775.6247425,2.0
1769964775.6355941,2.0
1769964775.6464295,2.0
1769964775.657185,2.0
1769964775.6679552,2.0
1769964775.6786919,2.0
1769964775.6894467,2.0
1769964775.7002542,2.0
1769964775.7110572,2.0
1769964775.7219465,2.0
1769964775.732853,2.0
1769964775.743646,2.0
1769964775.7547364,2.0
1769964775.765512,2.0
1769964775.7763422,2.0
1769964775.787165,2.0
1769964775.798002,2.0
1769964775.808825,2.0
1769964775.8196087,2.0
1769964775.8304832,2.0
1769964775.841417,2.0
1769964775.8523033,2.0
1769964775.8631415,2.0
1769964775.8740048,2.0
1769964775.8848016,2.0
1769964775.8957896,2.0
1769964775.9065595,2.0
1769964775.9172947,2.0
1769964775.9280524,2.0
1769964775.9388452,2.0
1769964775.949616,2.0
1769964775.9605327,2.0
1769964775.9712965,2.0
1769964775.9820318,2.0
1769964775.992742,2.0
1769964776.0047185,2.0
1769964776.0159237,2.0
1769964776.0265734,2.0
1769964776.0372741,2.0
1769964776.0480576,2.0
1769964776.0587664,2.0
1769964776.0695019,2.0
1769964776.080182,2.0
1769964776.091093,2.0
1769964776.1019137,2.0
1769964776.1126215,2.0
1769964776.1235745,2.0
1769964776.1344824,2.0
1769964776.145174,2.0
1769964776.1558487,2.0
1769964776.166716,2.0
1769964776.1773195,2.0
1769964776.1880326,2.0
1769964776.1989522,2.0
1769964776.2096393,2.0
1769964776.22035,2.0
1769964776.2310429,2.0
1769964776.2417321,2.0
1769964776.2524366,2.0
1769964776.263344,2.0
1769964776.274055,2.0
1769964776.2847338,2.0
1769964776.295411,2.0
1769964776.3062537,2.0
1769964776.316937,2.0
1769964776.3276198,2.0
1769964776.3383105,2.0
1769964776.3490105,2.0
1769964776.3597171,2.0
1769964776.3706002,2.0
1769964776.3813176,2.0
1769964776.3919978,2.0
1769964776.4027135,2.0
1769964776.4134386,2.0
1769964776.4241474,2.0
1769964776.4348495,2.0
1769964776.4457364,2.0
1769964776.4564192,2.0
1769964776.4671202,2.0
1769964776.4778068,2.0
1769964776.4886682,2.0
1769964776.4994295,2.0
1769964776.5101132,2.0
1769964776.5208366,2.0
1769964776.531504,2.0
1769964776.5422041,2.0
1769964776.5530016,2.0
1769964776.5637932,2.0
1769964776.5745375,2.0
1769964776.5853314,2.0
1769964776.5960631,2.0
1769964776.6068819,2.0
1769964776.6177552,2.0
1769964776.6284978,2.0
1769964776.6394048,2.0
1769964776.6501517,2.0
1769964776.6612325,2.0
1769964776.671975,2.0
1769964776.682691,2.0
1769964776.693456,2.0
1769964776.7041883,2.0
1769964776.7150006,2.0
1769964776.7257366,2.0
1769964776.7365003,2.0
1769964776.747454,2.0
1769964776.7582023,2.0
1769964776.768944,2.0
1769964776.7797198,2.0
1769964776.790465,2.0
1769964776.8011875,2.0
1769964776.8120666,2.0
1769964776.8228517,2.0
1769964776.8335905,2.0
1769964776.8443055,2.0
1769964776.8550928,2.0
1769964776.8658705,2.0
1769964776.876617,2.0
1769964776.8873925,2.0
1769964776.8980992,2.0
1769964776.908971,2.0
1769964776.919714,2.0
1769964776.9304388,2.0
1769964776.941279,2.0
1769964776.9520388,2.0
1769964776.9628189,2.0
1769964776.9735398,2.0
1769964776.9843261,2.0
1769964776.995207,2.0
1769964777.0076995,2.0
1769964777.018391,2.0
1769964777.02916,2.0
1769964777.0400364,2.0
1769964777.0507998,2.0
1769964777.0615616,2.0
1769964777.072338,2.0
1769964777.0831137,2.0
1769964777.0940132,2.0
1769964777.1046858,2.0
1769964777.1154563,2.0
1769964777.1261973,2.0
1769964777.1370912,2.0
1769964777.1477776,2.0
1769964777.1584973,2.0
1769964777.1693141,2.0
1769964777.1799579,2.0
1769964777.1906695,2.0
1769964777.2016451,2.0
1769964777.2123868,2.0
1769964777.223094,2.0
1769964777.233829,2.0
1769964777.2445316,2.0
1769964777.2552357,2.0
1769964777.2659585,2.0
1769964777.2768202,2.0
1769964777.290784,2.0
1769964777.301375,2.0
1769964777.3120954,2.0
1769964777.3229012,2.0
1769964777.3336124,2.0
1769964777.344316,2.0
1769964777.3549955,2.0
1769964777.3657105,2.0
1769964777.3764124,2.0
1769964777.3872786,2.0
1769964777.397963,2.0
1769964777.4086595,2.0
1769964777.4193747,2.0
1769964777.430069,2.0
1769964777.440813,2.0
1769964777.4515355,2.0
1769964777.462234,2.0
1769964777.4729276,2.0
1769964777.483624,2.0
1769964777.4943624,2.0
1769964777.5051472,2.0
1769964777.515946,2.0
1769964777.5268219,2.0
1769964777.5377126,2.0
1769964777.548461,2.0
1769964777.5591304,2.0
1769964777.569871,2.0
1769964777.5805206,2.0
1769964777.5911925,2.0
1769964777.6021008,2.0
1769964777.6128068,2.0
1769964777.6234915,2.0
1769964777.634215,2.0
1769964777.6450083,2.0
1769964777.655775,2.0
1769964777.6665118,2.0
1769964777.6772275,2.0
1769964777.687964,2.0
1769964777.6987355,2.0
1769964777.7094254,2.0
1769964777.7201276,2.0
1769964777.7309756,2.0
1769964777.7416825,2.0
1769964777.7523518,2.0
1769964777.7630713,2.0
1769964777.7738278,2.0
1769964777.784531,2.0
1769964777.795621,2.0
1769964777.8063369,2.0
1769964777.8170393,2.0
1769964777.8277853,2.0
1769964777.8385246,2.0
1769964777.8493392,2.0
1769964777.860104,2.0
1769964777.8708043,2.0
1769964777.8815708,2.0
1769964777.8922942,2.0
1769964777.9030497,2.0
1769964777.913781,2.0
1769964777.9244936,2.0
1769964777.9352374,2.0
1769964777.9459522,2.0
1769964777.956677,2.0
1769964777.967449,2.0
1769964777.9781904,2.0
1769964777.9889627,2.0
1769964777.9996765,2.0
1769964778.0113022,2.0
1769964778.0221136,2.0
1769964778.0329561,2.0
1769964778.0438032,2.0
1769964778.0546272,2.0
1769964778.065472,2.0
1769964778.076279,2.0
1769964778.0871305,2.0
1769964778.0982914,2.0
1769964778.1090975,2.0
1769964778.12009,2.0
1769964778.131115,2.0
1769964778.1418655,2.0
1769964778.1525874,2.0
1769964778.1633434,2.0
1769964778.1742034,2.0
1769964778.1849453,2.0
1769964778.1958182,2.0
1769964778.2065856,2.0
1769964778.2173674,2.0
1769964778.228085,2.0
1769964778.2388535,2.0
1769964778.2495387,2.0
1769964778.260392,2.0
1769964778.2711236,2.0
1769964778.2818494,2.0
1769964778.2925353,2.0
1769964778.303328,2.0
1769964778.3140585,2.0
1769964778.3248987,2.0
1769964778.3356001,2.0
1769964778.346363,2.0
1769964778.3571165,2.0
1769964778.3680146,2.0
1769964778.3787782,2.0
1769964778.3894541,2.0
1769964778.4001644,2.0
1769964778.4108577,2.0
1769964778.421604,2.0
1769964778.4324024,2.0
1769964778.44317,2.0
1769964778.453932,2.0
1769964778.4645317,2.0
1769964778.4752648,2.0
1769964778.4860234,2.0
1769964778.4967656,2.0
1769964778.5074527,2.0
1769964778.518153,2.0
1769964778.5287945,2.0
1769964778.539646,2.0
1769964778.5503285,2.0
1769964778.5611103,2.0
1769964778.5718184,2.0
1769964778.5825922,2.0
1769964778.5932891,2.0
1769964778.6039705,2.0
1769964778.614781,2.0
1769964778.625463,2.0
1769964778.6361485,2.0
1769964778.6469958,2.0
1769964778.6576376,2.0
1769964778.6684778,2.0
1769964778.679169,2.0
1769964778.6898618,2.0
1769964778.7005363,2.0
1769964778.7113042,2.0
1769964778.7220387,2.0
1769964778.7327528,2.0
1769964778.7434494,2.0
1769964778.754126,2.0
1769964778.7648437,2.0
1769964778.7755773,2.0
1769964778.7863054,2.0
1769964778.797208,2.0
1769964778.8079448,2.0
1769964778.818671,2.0
1769964778.8294644,2.0
1769964778.8401911,2.0
1769964778.8509386,2.0
1769964778.8616598,2.0
1769964778.8724196,2.0
1769964778.883232,2.0
1769964778.8939402,2.0
1769964778.9046824,2.0
1769964778.9155552,2.0
1769964778.9262855,2.0
1769964778.9370115,2.0
1769964778.9477375,2.0
1769964778.9584558,2.0
1769964778.9691937,2.0
1769964778.979911,2.0
1769964778.9906187,2.0
1769964779.001351,2.0
1769964779.0137098,2.0
1769964779.024408,2.0
1769964779.03516,2.0
1769964779.0459216,2.0
1769964779.0566618,2.0
1769964779.0673811,2.0
1769964779.0781054,2.0
1769964779.0888839,2.0
1769964779.0998554,2.0
1769964779.110647,2.0
1769964779.1229198,2.0
1769964779.133768,2.0
1769964779.1444485,2.0
1769964779.1551938,2.0
1769964779.1660483,2.0
1769964779.1770315,2.0
1769964779.187816,2.0
1769964779.199022,2.0
1769964779.2097154,2.0
1769964779.2205052,2.0
1769964779.2312624,2.0
1769964779.2420204,2.0
1769964779.2529147,2.0
1769964779.2638557,2.0
1769964779.2745962,2.0
1769964779.285366,2.0
1769964779.2966373,2.0
1769964779.3073027,2.0
1769964779.3180835,2.0
1769964779.3288448,2.0
1769964779.3395438,2.0
1769964779.350357,2.0
1769964779.3612547,2.0
1769964779.372041,2.0
1769964779.3827553,2.0
1769964779.3936205,2.0
1769964779.4080195,2.0
1769964779.4186935,2.0
1769964779.429536,2.0
1769964779.4403687,2.0
1769964779.4511976,2.0
1769964779.462006,2.0
1769964779.472992,2.0
1769964779.4839885,2.0
1769964779.494752,2.0
1769964779.5055835,2.0
1769964779.5163846,2.0
1769964779.5272236,2.0
1769964779.5380518,2.0
1769964779.5488539,2.0
1769964779.5596426,2.0
1769964779.570475,2.0
1769964779.5813012,2.0
1769964779.5921757,2.0
1769964779.6029818,2.0
1769964779.6138191,2.0
1769964779.624597,2.0
1769964779.6353996,2.0
1769964779.6463404,2.0
1769964779.6571295,2.0
1769964779.667751,2.0
1769964779.6785598,2.0
1769964779.6894062,2.0
1769964779.700215,2.0
1769964779.710915,2.0
1769964779.721694,2.0
1769964779.7324731,2.0
1769964779.7432783,2.0
1769964779.7539275,2.0
1769964779.7647538,2.0
1769964779.7755616,2.0
1769964779.7863672,2.0
1769964779.7970865,2.0
1769964779.8078492,2.0
1769964779.8186984,2.0
1769964779.8295116,2.0
1769964779.840372,2.0
1769964779.8513854,2.0
1769964779.8622077,2.0
1769964779.873166,2.0
1769964779.8839798,2.0
1769964779.8948205,2.0
1769964779.9055927,2.0
1769964779.9164462,2.0
1769964779.9273293,2.0
1769964779.938202,2.0
1769964779.948973,2.0
1769964779.959742,2.0
1769964779.9704838,2.0
1769964779.981256,2.0
1769964779.9920585,2.0
1769964780.00404,2.0
1769964780.0149298,2.0
1769964780.0255945,2.0
1769964780.036397,2.0
1769964780.047201,2.0
1769964780.0579896,2.0
1769964780.0688663,2.0
1769964780.079646,2.0
1769964780.0902655,2.0
1769964780.10107,2.0
1769964780.111647,2.0
1769964780.1224644,2.0
1769964780.1334543,2.0
1769964780.144097,2.0
1769964780.1550345,2.0
1769964780.1659184,2.0
1769964780.1766362,2.0
1769964780.187421,2.0
1769964780.198399,2.0
1769964780.2093568,2.0
1769964780.220123,2.0
1769964780.2308965,2.0
1769964780.2416413,2.0
1769964780.2524073,2.0
1769964780.2632012,2.0
1769964780.2740285,2.0
1769964780.2848048,2.0
1769964780.2955792,2.0
1769964780.3062751,2.0
1769964780.3170981,2.0
1769964780.3278854,2.0
1769964780.3388288,2.0
1769964780.3495827,2.0
1769964780.360425,2.0
1769964780.371274,2.0
1769964780.3820229,2.0
1769964780.3927941,2.0
1769964780.4035497,2.0
1769964780.4143763,2.0
1769964780.4387681,2.0
1769964780.4607668,2.0
1769964780.4812362,2.0
1769964780.5020366,2.0
1769964780.5120766,1.0
1769964780.5222435,1.0
1769964780.5347667,1.0
1769964780.5550635,2.0
1769964780.5663824,2.0
1769964780.5773168,2.0
1769964780.588243,2.0
1769964780.5991282,2.0
1769964780.6099713,2.0
1769964780.6208334,2.0
1769964780.6316562,2.0
1769964780.642683,2.0
1769964780.653467,2.0
1769964780.6646807,2.0
1769964780.6754696,2.0
1769964780.6864672,2.0
1769964780.697337,2.0
1769964780.708299,2.0
1769964780.719285,2.0
1769964780.730158,2.0
1769964780.7410204,2.0
1769964780.7518601,2.0
1769964780.7627363,2.0
1769964780.7737477,2.0
1769964780.7845542,2.0
1769964780.7954113,2.0
1769964780.8062515,2.0
1769964780.817186,2.0
1769964780.8280492,2.0
1769964780.8389013,2.0
1769964780.8497064,2.0
1769964780.8605282,2.0
1769964780.8713677,2.0
1769964780.882136,2.0
1769964780.892968,2.0
1769964780.903771,2.0
1769964780.914574,2.0
1769964780.9253771,2.0
1769964780.9361444,2.0
1769964780.9469655,2.0
1769964780.9577672,2.0
1769964780.9685645,2.0
1769964780.9792283,2.0
1769964780.989916,2.0
1769964781.000753,2.0
1769964781.013088,2.0
1769964781.0238178,2.0
1769964781.0345762,2.0
1769964781.0453484,2.0
1769964781.05609,2.0
1769964781.066881,2.0
1769964781.0775988,2.0
1769964781.0883422,2.0
1769964781.0992959,2.0
1769964781.110159,2.0
1769964781.1211097,2.0
1769964781.1320128,2.0
1769964781.142738,2.0
1769964781.153563,2.0
1769964781.1643636,2.0
1769964781.1752832,2.0
1769964781.1860812,2.0
1769964781.1971195,2.0
1769964781.2079227,2.0
1769964781.218749,2.0
1769964781.2294824,2.0
1769964781.2402945,2.0
1769964781.2510877,2.0
1769964781.261893,2.0
1769964781.272681,2.0
1769964781.2834976,2.0
1769964781.2943122,2.0
1769964781.3051298,2.0
1769964781.3159397,2.0
1769964781.326838,2.0
1769964781.3376374,2.0
1769964781.348431,2.0
1769964781.359235,2.0
1769964781.370042,2.0
1769964781.3808384,2.0
1769964781.39166,2.0
1769964781.4025056,2.0
1769964781.4132843,2.0
1769964781.4241421,2.0
1769964781.434927,2.0
1769964781.4457195,2.0
1769964781.4565835,2.0
1769964781.4673734,2.0
1769964781.478185,2.0
1769964781.4890525,2.0
1769964781.4998374,2.0
1769964781.510606,2.0
1769964781.5213253,2.0
1769964781.5321019,2.0
1769964781.5428464,2.0
1769964781.5535688,2.0
1769964781.564388,2.0
1769964781.5751424,2.0
1769964781.585991,2.0
1769964781.59677,2.0
1769964781.6076581,2.0
1769964781.6184103,2.0
1769964781.6291885,2.0
1769964781.64023,2.0
1769964781.6509151,2.0
1769964781.66169,2.0
1769964781.6725826,2.0
1769964781.6832812,2.0
1769964781.6941144,2.0
1769964781.7048657,2.0
1769964781.7155867,2.0
1769964781.7263136,2.0
1769964781.7370088,2.0
1769964781.7477305,2.0
1769964781.7586193,2.0
1769964781.7693837,2.0
1769964781.7800906,2.0
1769964781.790851,2.0
1769964781.8015225,2.0
1769964781.8122468,2.0
1769964781.8229797,2.0
1769964781.8336396,2.0
1769964781.8443744,2.0
1769964781.855077,2.0
1769964781.865958,2.0
1769964781.8766387,2.0
1769964781.8873794,2.0
1769964781.8983605,2.0
1769964781.9090571,2.0
1769964781.9198842,2.0
1769964781.9305556,2.0
1769964781.941296,2.0
1769964781.95204,2.0
1769964781.9627304,2.0
1769964781.9734595,2.0
1769964781.9842064,2.0
1769964781.9950635,2.0
1769964782.007012,2.0
1769964782.0179615,2.0
1769964782.0286567,2.0
1769964782.0394113,2.0
1769964782.0501072,2.0
1769964782.06083,2.0
1769964782.0715506,2.0
1769964782.0822496,2.0
1769964782.0935495,2.0
1769964782.1041791,2.0
1769964782.114946,2.0
1769964782.1257236,2.0
1769964782.1365278,2.0
1769964782.1472378,2.0
1769964782.1579666,2.0
1769964782.1689484,2.0
1769964782.179608,2.0
1769964782.1903267,2.0
1769964782.201043,2.0
1769964782.2116537,2.0
1769964782.2224174,2.0
1769964782.2331252,2.0
1769964782.2438018,2.0
1769964782.254839,2.0
1769964782.2655575,2.0
1769964782.2763803,2.0
1769964782.2870393,2.0
1769964782.297765,2.0
1769964782.3085492,2.0
1769964782.319426,2.0
1769964782.330129,2.0
1769964782.3407278,2.0
1769964782.351459,2.0
1769964782.3621833,2.0
1769964782.3729067,2.0
1769964782.383633,2.0
1769964782.3943186,2.0
1769964782.4050877,2.0
1769964782.4158964,2.0
1769964782.4266157,2.0
1769964782.4372053,2.0
1769964782.4479096,2.0
1769964782.4585886,2.0
1769964782.4693012,2.0
1769964782.4801123,2.0
1769964782.4908268,2.0
1769964782.5015492,2.0
1769964782.5123532,2.0
1769964782.5230398,2.0
1769964782.5337675,2.0
1769964782.544498,2.0
1769964782.5553575,2.0
1769964782.5660985,2.0
1769964782.576809,2.0
1769964782.5874243,2.0
1769964782.59807,2.0
1769964782.608693,2.0
1769964782.6192784,2.0
1769964782.6298914,2.0
1769964782.6406176,2.0
1769964782.6512098,2.0
1769964782.6618404,2.0
1769964782.6725967,2.0
1769964782.6834033,2.0
1769964782.6940806,2.0
1769964782.7046447,2.0
1769964782.7153943,2.0
1769964782.7260895,2.0
1769964782.7367923,2.0
1769964782.747445,2.0
1769964782.7580726,2.0
1769964782.7687278,2.0
1769964782.7794797,2.0
1769964782.7902637,2.0
1769964782.801104,2.0
1769964782.8119984,2.0
1769964782.8227267,2.0
1769964782.8334785,2.0
1769964782.8442128,2.0
1769964782.8550177,2.0
1769964782.865861,2.0
1769964782.8765607,2.0
1769964782.8873093,2.0
1769964782.8980615,2.0
1769964782.908805,2.0
1769964782.9197235,2.0
1769964782.9304278,2.0
1769964782.9411788,2.0
1769964782.9518845,2.0
1769964782.9626868,2.0
1769964782.9734,2.0
1769964782.9841807,2.0
1769964782.99493,2.0
1769964783.00679,2.0
1769964783.0177221,2.0
1769964783.0284595,2.0
1769964783.0394406,2.0
1769964783.0501254,2.0
1769964783.060871,2.0
1769964783.0715876,2.0
1769964783.0823257,2.0
1769964783.0934746,2.0
1769964783.1041784,2.0
1769964783.1148982,2.0
1769964783.125839,2.0
1769964783.1366985,2.0
1769964783.1473947,2.0
1769964783.1580293,2.0
1769964783.1686687,2.0
1769964783.1793714,2.0
1769964783.1901162,2.0
1769964783.2008436,2.0
1769964783.2115383,2.0
1769964783.2222555,2.0
1769964783.2330046,2.0
1769964783.243635,2.0
1769964783.2543886,2.0
1769964783.2650733,2.0
1769964783.2759278,2.0
1769964783.286824,2.0
1769964783.2975028,2.0
1769964783.308275,2.0
1769964783.3190167,2.0
1769964783.3297198,2.0
1769964783.340455,2.0
1769964783.3511724,2.0
1769964783.361959,2.0
1769964783.3726878,2.0
1769964783.383428,2.0
1769964783.3941178,2.0
1769964783.4048383,2.0
1769964783.415708,2.0
1769964783.4264257,2.0
1769964783.4371326,2.0
1769964783.4478352,2.0
1769964783.4586053,2.0
1769964783.4693043,2.0
1769964783.4800208,2.0
1769964783.4907033,2.0
1769964783.5014212,2.0
1769964783.5121753,2.0
1769964783.5228972,2.0
1769964783.5337546,2.0
1769964783.544548,2.0
1769964783.5552983,2.0
1769964783.5660129,2.0
1769964783.5767221,2.0
1769964783.5874145,2.0
1769964783.5981889,2.0
1769964783.6089256,2.0
1769964783.619626,2.0
1769964783.6303422,2.0
1769964783.6411705,2.0
1769964783.6518347,2.0
1769964783.6625717,2.0
1769964783.673419,2.0
1769964783.6841278,2.0
1769964783.6948504,2.0
1769964783.70563,2.0
1769964783.716391,2.0
1769964783.7272182,2.0
1769964783.7380033,2.0
1769964783.7487726,2.0
1769964783.7596393,2.0
1769964783.7704294,2.0
1769964783.7811737,2.0
1769964783.791992,2.0
1769964783.8028142,2.0
1769964783.813579,2.0
1769964783.824447,2.0
1769964783.8352365,2.0
1769964783.8460453,2.0
1769964783.8568838,2.0
1769964783.8676684,2.0
1769964783.8784652,2.0
1769964783.8892336,2.0
1769964783.9000247,2.0
1769964783.9107957,2.0
1769964783.9215925,2.0
1769964783.9324698,2.0
1769964783.9436839,2.0
1769964783.954398,2.0
1769964783.9650493,2.0
1769964783.9758625,2.0
1769964783.986579,2.0
1769964783.9973779,2.0
1769964784.0093515,2.0
1769964784.0201595,2.0
1769964784.0308812,2.0
1769964784.0416257,2.0
1769964784.052342,2.0
1769964784.0630066,2.0
1769964784.0738459,2.0
1769964784.0846148,2.0
1769964784.0954936,2.0
1769964784.106253,2.0
1769964784.1169941,2.0
1769964784.1277306,2.0
1769964784.1386373,2.0
1769964784.1492398,2.0
1769964784.1599967,2.0
1769964784.1708212,2.0
1769964784.1815157,2.0
1769964784.192282,2.0
1769964784.2034101,2.0
1769964784.214102,2.0
1769964784.224887,2.0
1769964784.23562,2.0
1769964784.246338,2.0
1769964784.2571137,2.0
1769964784.2678483,2.0
1769964784.2785583,2.0
1769964784.2892935,2.0
1769964784.3000405,2.0
1769964784.3107703,2.0
1769964784.3215208,2.0
1769964784.3322704,2.0
1769964784.3430445,2.0
1769964784.353785,2.0
1769964784.3644965,2.0
1769964784.3753219,2.0
1769964784.3860524,2.0
1769964784.396751,2.0
1769964784.4074924,2.0
1769964784.418227,2.0
1769964784.4290073,2.0
1769964784.4397361,2.0
1769964784.4504519,2.0
1769964784.461187,2.0
1769964784.4719093,2.0
1769964784.4826238,2.0
1769964784.4933078,2.0
1769964784.5040703,2.0
1769964784.5147998,2.0
1769964784.5255392,2.0
1769964784.5362475,2.0
1769964784.5469475,2.0
1769964784.55764,2.0
1769964784.5683677,2.0
1769964784.579121,2.0
1769964784.5898635,2.0
1769964784.600553,2.0
1769964784.6112819,2.0
1769964784.6220126,2.0
1769964784.632714,2.0
1769964784.6435385,2.0
1769964784.6542199,2.0
1769964784.6649108,2.0
1769964784.675769,2.0
1769964784.6865802,2.0
1769964784.6973047,2.0
1769964784.7080853,2.0
1769964784.71891,2.0
1769964784.7295399,2.0
1769964784.7402155,2.0
1769964784.7508943,2.0
1769964784.7614555,2.0
1769964784.7720516,2.0
1769964784.7828565,2.0
1769964784.7934644,2.0
1769964784.804071,2.0
1769964784.8146741,2.0
1769964784.825284,2.0
1769964784.8358834,2.0
1769964784.8467467,2.0
1769964784.8573442,2.0
1769964784.8679907,2.0
1769964784.878576,2.0
1769964784.8892004,2.0
1769964784.8998377,2.0
1769964784.910419,2.0
1769964784.9210947,2.0
1769964784.9316804,2.0
1769964784.9422665,2.0
1769964784.9528964,2.0
1769964784.9634686,2.0
1769964784.9740572,2.0
1769964784.9846387,2.0
1769964784.995237,2.0
1769964785.006296,2.0
1769964785.017288,2.0
1769964785.0278668,2.0
1769964785.0384414,2.0
1769964785.0490637,2.0
1769964785.0597548,2.0
1769964785.0703425,2.0
1769964785.080919,2.0
1769964785.0917356,2.0
1769964785.1025083,2.0
1769964785.1132448,2.0
1769964785.1239657,2.0
1769964785.1350198,2.0
1769964785.1458118,2.0
1769964785.1565504,2.0
1769964785.1676338,2.0
1769964785.1783597,2.0
1769964785.1892343,2.0
1769964785.2002466,2.0
1769964785.2110834,2.0
1769964785.2219477,2.0
1769964785.232879,2.0
1769964785.2436938,2.0
1769964785.2545435,2.0
1769964785.2653997,2.0
1769964785.2762184,2.0
1769964785.2871397,2.0
1769964785.2980773,2.0
1769964785.3088672,2.0
1769964785.31972,2.0
1769964785.330567,2.0
1769964785.3414266,2.0
1769964785.3522558,2.0
1769964785.3630862,2.0
1769964785.3739653,2.0
1769964785.3847277,2.0
1769964785.3956401,2.0
1769964785.4064882,2.0
1769964785.4173503,2.0
1769964785.428135,2.0
1769964785.4389696,2.0
1769964785.4497309,2.0
1769964785.4608107,2.0
1769964785.47159,2.0
1769964785.4823575,2.0
1769964785.4932413,2.0
1769964785.504054,2.0
1769964785.5148315,2.0
1769964785.5256178,2.0
1769964785.5364158,2.0
1769964785.5472195,2.0
1769964785.5581005,2.0
1769964785.568859,2.0
1769964785.5797184,2.0
1769964785.5904677,2.0
1769964785.6011982,2.0
1769964785.6119297,2.0
1769964785.6226563,2.0
1769964785.6334467,2.0
1769964785.6442885,2.0
1769964785.6549923,2.0
1769964785.6658027,2.0
1769964785.6765292,2.0
1769964785.6872094,2.0
1769964785.6978772,2.0
1769964785.716788,2.0
1769964785.7273316,2.0
1769964785.7381513,2.0
1769964785.7488422,2.0
1769964785.7596037,2.0
1769964785.7703776,2.0
1769964785.7811167,2.0
1769964785.7918937,2.0
1769964785.8025868,2.0
1769964785.8133776,2.0
1769964785.8243372,2.0
1769964785.8350794,2.0
1769964785.8458376,2.0
1769964785.8568323,2.0
1769964785.8675892,2.0
1769964785.8783348,2.0
1769964785.889122,2.0
1769964785.9000797,2.0
1769964785.9108522,2.0
1769964785.9216542,2.0
1769964785.9325037,2.0
1769964785.943368,2.0
1769964785.9542317,2.0
1769964785.964979,2.0
1769964785.9757867,2.0
1769964785.9870453,2.0
1769964785.9978096,2.0
1769964786.0101812,2.0
1769964786.0209453,2.0
1769964786.0317268,2.0
1769964786.0424752,2.0
1769964786.0531125,2.0
1769964786.063803,2.0
1769964786.0744672,2.0
1769964786.0852215,2.0
1769964786.0959518,2.0
1769964786.106575,2.0
1769964786.1173089,2.0
1769964786.1281152,2.0
1769964786.1387253,2.0
1769964786.149381,2.0
1769964786.1599824,2.0
1769964786.1708267,2.0
1769964786.1814926,2.0
1769964786.1922028,2.0
1769964786.2031286,2.0
1769964786.2138312,2.0
1769964786.2244973,2.0
1769964786.235131,2.0
1769964786.2458751,2.0
1769964786.2564762,2.0
1769964786.2672296,2.0
1769964786.2778373,2.0
1769964786.2884598,2.0
1769964786.2990239,2.0
1769964786.3096473,2.0
1769964786.3203194,2.0
1769964786.3309305,2.0
1769964786.3416827,2.0
1769964786.3523054,2.0
1769964786.362932,2.0
1769964786.3735356,2.0
1769964786.384257,2.0
1769964786.3948636,2.0
1769964786.4055068,2.0
1769964786.4161549,2.0
1769964786.4267442,2.0
1769964786.4373512,2.0
1769964786.447978,2.0
1769964786.458713,2.0
1769964786.4693873,2.0
1769964786.4799445,2.0
1769964786.4905584,2.0
1769964786.5012035,2.0
1769964786.511903,2.0
1769964786.5225298,2.0
1769964786.5331562,2.0
1769964786.5438707,2.0
1769964786.5544555,2.0
1769964786.565224,2.0
1769964786.5758574,2.0
1769964786.5864398,2.0
1769964786.5971124,2.0
1769964786.6077259,2.0
1769964786.618405,2.0
1769964786.6291184,2.0
1769964786.6399698,2.0
1769964786.6505108,2.0
1769964786.6611483,2.0
1769964786.672044,2.0
1769964786.682619,2.0
1769964786.6933885,2.0
1769964786.7040205,2.0
1769964786.7145684,2.0
1769964786.7252042,2.0
1769964786.7359157,2.0
1769964786.7467365,2.0
1769964786.757342,2.0
1769964786.768033,2.0
1769964786.7786598,2.0
1769964786.7894294,2.0
1769964786.799988,2.0
1769964786.810585,2.0
1769964786.821191,2.0
1769964786.8318086,2.0
1769964786.8424187,2.0
1769964786.853014,2.0
1769964786.8637476,2.0
1769964786.8743525,2.0
1769964786.8851295,2.0
1769964786.8957663,2.0
1769964786.9065793,2.0
1769964786.9172,2.0
1769964786.9278612,2.0
1769964786.9384434,2.0
1769964786.9491053,2.0
1769964786.959705,2.0
1769964786.9703107,2.0
1769964786.9809103,2.0
1769964786.991628,2.0
1769964787.0023925,2.0
1769964787.0135355,2.0
1769964787.0243278,2.0
1769964787.034975,2.0
1769964787.0457654,2.0
1769964787.0563374,2.0
1769964787.0669332,2.0
1769964787.077506,2.0
1769964787.088108,2.0
1769964787.0989778,2.0
1769964787.109557,2.0
1769964787.1205409,2.0
1769964787.1313753,2.0
1769964787.1419322,2.0
1769964787.1525335,2.0
1769964787.163122,2.0
1769964787.1738012,2.0
1769964787.184523,2.0
1769964787.19512,2.0
1769964787.2056804,2.0
1769964787.2163393,2.0
1769964787.2269235,2.0
1769964787.237482,2.0
1769964787.2482018,2.0
1769964787.258979,2.0
1769964787.2697482,2.0
1769964787.2803342,2.0
1769964787.2909312,2.0
1769964787.3014944,2.0
1769964787.312115,2.0
1769964787.322926,2.0
1769964787.3336549,2.0
1769964787.344194,2.0
1769964787.3548334,2.0
1769964787.3654518,2.0
1769964787.3760538,2.0
1769964787.3866577,2.0
1769964787.39722,2.0
1769964787.4080732,2.0
1769964787.4186869,2.0
1769964787.4293404,2.0
1769964787.4399877,2.0
1769964787.4506068,2.0
1769964787.461295,2.0
1769964787.4719756,2.0
1769964787.4826963,2.0
1769964787.4933386,2.0
1769964787.5039499,2.0
1769964787.5146065,2.0
1769964787.5253,2.0
1769964787.5358765,2.0
1769964787.5465379,2.0
1769964787.5571826,2.0
1769964787.567815,2.0
1769964787.578448,2.0
1769964787.5890598,2.0
1769964787.5998113,2.0
1769964787.610409,2.0
1769964787.6210318,2.0
1769964787.631633,2.0
1769964787.642303,2.0
1769964787.6529174,2.0
1769964787.6635249,2.0
1769964787.674257,2.0
1769964787.6848752,2.0
1769964787.6954691,2.0
1769964787.7062483,2.0
1769964787.7168972,2.0
1769964787.7275548,2.0
1769964787.7381945,2.0
1769964787.7488036,2.0
1769964787.759438,2.0
1769964787.7700336,2.0
1769964787.78068,2.0
1769964787.7912905,2.0
1769964787.801902,2.0
1769964787.8125215,2.0
1769964787.8232791,2.0
1769964787.8338728,2.0
1769964787.8444662,2.0
1769964787.8552458,2.0
1769964787.8658948,2.0
1769964787.8765135,2.0
1769964787.8872702,2.0
1769964787.897884,2.0
1769964787.9084678,2.0
1769964787.9191368,2.0
1769964787.9298043,2.0
1769964787.940429,2.0
1769964787.9511158,2.0
1769964787.9617362,2.0
1769964787.9724696,2.0
1769964787.983319,2.0
1769964787.9939823,2.0
1769964788.0054853,2.0
1769964788.0166824,2.0
1769964788.027309,2.0
1769964788.038612,2.0
1769964788.04928,2.0
1769964788.0599468,2.0
1769964788.070616,2.0
1769964788.0814097,2.0
1769964788.0922625,2.0
1769964788.1030006,2.0
1769964788.1138976,2.0
1769964788.1246088,2.0
1769964788.135673,2.0
1769964788.1464283,2.0
1769964788.157063,2.0
1769964788.168073,2.0
1769964788.1785865,2.0
1769964788.18932,2.0
1769964788.2002103,2.0
1769964788.2108886,2.0
1769964788.2217987,2.0
1769964788.2324688,2.0
1769964788.243158,2.0
1769964788.2538314,2.0
1769964788.2645395,2.0
1769964788.2752411,2.0
1769964788.285914,2.0
1769964788.2966912,2.0
1769964788.3074977,2.0
1769964788.3184478,2.0
1769964788.3292246,2.0
1769964788.3399606,2.0
1769964788.3508685,2.0
1769964788.3616858,2.0
1769964788.3725123,2.0
1769964788.3832824,2.0
1769964788.3940291,2.0
1769964788.4047728,2.0
1769964788.4154282,2.0
1769964788.4262252,2.0
1769964788.4369946,2.0
1769964788.4478037,2.0
1769964788.458567,2.0
1769964788.4693685,2.0
1769964788.4801898,2.0
1769964788.4919019,2.0
1769964788.5026705,2.0
1769964788.513453,2.0
1769964788.5244732,2.0
1769964788.535264,2.0
1769964788.546041,2.0
1769964788.551662,1.0
