time,actuator,value
1738727669.639833,Actuator(ptr=c_void_p(93963825573424)),83.0
1738727674.6568267,Actuator(ptr=c_void_p(93963825573424)),83.0
1738727679.6731315,Actuator(ptr=c_void_p(93963825573424)),83.0
1738727684.6909442,Actuator(ptr=c_void_p(93963825573424)),83.0
1738727689.7073565,Actuator(ptr=c_void_p(93963825573424)),83.0
1738727694.7242737,Actuator(ptr=c_void_p(93963825573424)),83.0
1738727699.741987,Actuator(ptr=c_void_p(93963825573424)),83.0
1738727704.7631848,Actuator(ptr=c_void_p(93963825573424)),83.0
1738727709.7825077,Actuator(ptr=c_void_p(93963825573424)),83.0
