time,actuator,value
1738731314.723657,Actuator(ptr=c_void_p(94485688121152)),136.0
1738731319.7406523,Actuator(ptr=c_void_p(94485688121152)),136.0
1738731324.7579176,Actuator(ptr=c_void_p(94485688121152)),136.0
1738731329.7762322,Actuator(ptr=c_void_p(94485688121152)),136.0
1738731334.793538,Actuator(ptr=c_void_p(94485688121152)),136.0
1738731339.81113,Actuator(ptr=c_void_p(94485688121152)),136.0
1738731344.8287709,Actuator(ptr=c_void_p(94485688121152)),136.0
1738731349.8476233,Actuator(ptr=c_void_p(94485688121152)),136.0
