time,actuator,value
1738728902.9684582,Actuator(ptr=c_void_p(93963825573424)),101.0
1738728907.9852989,Actuator(ptr=c_void_p(93963825573424)),101.0
1738728913.003843,Actuator(ptr=c_void_p(93963825573424)),101.0
1738728918.0230508,Actuator(ptr=c_void_p(93963825573424)),101.0
1738728923.0432382,Actuator(ptr=c_void_p(93963825573424)),101.0
1738728928.061148,Actuator(ptr=c_void_p(93963825573424)),101.0
1738728933.0791728,Actuator(ptr=c_void_p(93963825573424)),101.0
1738728938.0979116,Actuator(ptr=c_void_p(93963825573424)),101.0
1738728943.1175933,Actuator(ptr=c_void_p(93963825573424)),101.0
