time,actuator,value
1738778138.793443,Actuator(ptr=c_void_p(94233528672144)),101.0
1738778143.8108542,Actuator(ptr=c_void_p(94233528672144)),101.0
1738778148.8274524,Actuator(ptr=c_void_p(94233528672144)),101.0
1738778153.8438585,Actuator(ptr=c_void_p(94233528672144)),101.0
1738778158.8593724,Actuator(ptr=c_void_p(94233528672144)),101.0
1738778163.8749144,Actuator(ptr=c_void_p(94233528672144)),101.0
1738778168.896596,Actuator(ptr=c_void_p(94233528672144)),101.0
1738778173.9133143,Actuator(ptr=c_void_p(94233528672144)),101.0
1738778178.9306245,Actuator(ptr=c_void_p(94233528672144)),101.0
