time,actuator,value
1738733468.718417,Actuator(ptr=c_void_p(94862443531120)),101.0
1738733473.7353475,Actuator(ptr=c_void_p(94862443531120)),101.0
1738733478.7543774,Actuator(ptr=c_void_p(94862443531120)),101.0
1738733483.7734327,Actuator(ptr=c_void_p(94862443531120)),101.0
1738733488.794388,Actuator(ptr=c_void_p(94862443531120)),101.0
1738733493.81169,Actuator(ptr=c_void_p(94862443531120)),101.0
1738733498.8331883,Actuator(ptr=c_void_p(94862443531120)),101.0
1738733503.8518913,Actuator(ptr=c_void_p(94862443531120)),101.0
