time,actuator,value
1738767151.8883297,Actuator(ptr=c_void_p(94704589911200)),165.0
1738767156.9077322,Actuator(ptr=c_void_p(94704589911200)),165.0
1738767161.9269247,Actuator(ptr=c_void_p(94704589911200)),165.0
1738767166.94561,Actuator(ptr=c_void_p(94704589911200)),165.0
1738767171.9634902,Actuator(ptr=c_void_p(94704589911200)),165.0
1738767176.9837203,Actuator(ptr=c_void_p(94704589911200)),165.0
1738767182.0014536,Actuator(ptr=c_void_p(94704589911200)),165.0
1738767187.0213647,Actuator(ptr=c_void_p(94704589911200)),165.0
