time,actuator,value
1738777265.304064,Actuator(ptr=c_void_p(94282427277200)),118.0
1738777270.3257582,Actuator(ptr=c_void_p(94282427277200)),118.0
1738777275.3429778,Actuator(ptr=c_void_p(94282427277200)),118.0
1738777280.3602695,Actuator(ptr=c_void_p(94282427277200)),118.0
1738777285.3779764,Actuator(ptr=c_void_p(94282427277200)),118.0
1738777290.394824,Actuator(ptr=c_void_p(94282427277200)),118.0
1738777295.4128633,Actuator(ptr=c_void_p(94282427277200)),118.0
1738777300.4302526,Actuator(ptr=c_void_p(94282427277200)),118.0
1738777305.4491174,Actuator(ptr=c_void_p(94282427277200)),118.0
