time,value
1746096636.076777,1.0
1746096636.0938048,1.0
1746096636.1107707,1.0
1746096636.1276915,1.0
1746096636.1446652,1.0
1746096636.16162,1.0
1746096636.1786008,1.0
1746096636.196168,1.0
1746096636.2131183,1.0
1746096636.230068,1.0
1746096636.2470534,1.0
1746096636.2640038,1.0
1746096636.280952,1.0
1746096636.2979052,1.0
1746096636.314853,1.0
1746096636.3318942,1.0
1746096636.3488328,1.0
1746096636.365787,1.0
1746096636.3827438,1.0
1746096636.3997123,1.0
1746096636.421254,1.0
1746096636.4652524,1.0
1746096636.4832323,1.0
1746096636.5001748,1.0
1746096636.517628,1.0
1746096636.5347576,1.0
1746096636.5518932,1.0
1746096636.5689635,1.0
1746096636.5860417,1.0
1746096636.60311,1.0
1746096636.6201754,1.0
1746096636.637248,1.0
1746096636.6543658,1.0
1746096636.6714563,1.0
1746096636.6885273,1.0
1746096636.705621,1.0
1746096636.7226758,1.0
1746096636.739762,1.0
1746096636.7568233,1.0
1746096636.7738812,1.0
1746096636.7909145,1.0
1746096636.8079607,1.0
1746096636.8250062,1.0
1746096636.8420565,1.0
1746096636.859078,1.0
1746096636.876086,1.0
1746096636.8931315,1.0
1746096636.910195,1.0
1746096636.9272888,1.0
1746096636.944313,1.0
1746096636.9614909,1.0
1746096636.979984,1.0
1746096636.9969199,1.0
1746096637.015154,1.0
1746096637.0428073,1.0
1746096637.0601616,1.0
1746096637.0771344,1.0
1746096637.0941226,1.0
1746096637.1110897,1.0
1746096637.1281624,1.0
1746096637.1451235,1.0
1746096637.162074,1.0
1746096637.1790335,1.0
1746096637.195995,1.0
1746096637.2129397,1.0
1746096637.2298841,1.0
1746096637.2468429,1.0
1746096637.2638178,1.0
1746096637.280743,1.0
1746096637.2977014,1.0
1746096637.3146627,1.0
1746096637.3317153,1.0
1746096637.348723,1.0
1746096637.365662,1.0
1746096637.3826344,1.0
1746096637.399608,1.0
1746096637.4165947,1.0
1746096637.433553,1.0
1746096637.4505196,1.0
1746096637.467499,1.0
1746096637.4844513,1.0
1746096637.5014162,1.0
1746096637.5183866,1.0
1746096637.5354521,1.0
1746096637.5524268,1.0
1746096637.5693643,1.0
1746096637.5863285,1.0
1746096637.6034553,1.0
1746096637.6207001,1.0
1746096637.6379395,1.0
1746096637.6552083,1.0
1746096637.672434,1.0
1746096637.689715,1.0
1746096637.7069566,1.0
1746096637.724198,1.0
1746096637.7414474,1.0
1746096637.7586787,1.0
1746096637.7759104,1.0
1746096637.793132,1.0
1746096637.8103628,1.0
1746096637.8276024,1.0
1746096637.8448315,1.0
1746096637.8621082,1.0
1746096637.8793962,1.0
1746096637.8966734,1.0
1746096637.914043,1.0
1746096637.931432,1.0
1746096637.9488044,1.0
1746096637.9662898,1.0
1746096637.9853325,1.0
1746096638.002678,1.0
1746096638.0221694,1.0
1746096638.0527658,1.0
1746096638.0702348,1.0
1746096638.0875843,1.0
1746096638.1049492,1.0
1746096638.1222591,1.0
1746096638.1395934,1.0
1746096638.1568987,1.0
1746096638.1742258,1.0
1746096638.1915185,1.0
1746096638.2088377,1.0
1746096638.2261462,1.0
1746096638.2434638,1.0
1746096638.2607563,1.0
1746096638.2780993,1.0
1746096638.2954836,1.0
1746096638.3127646,1.0
1746096638.3301234,1.0
1746096638.3475819,1.0
1746096638.365019,1.0
1746096638.3822997,1.0
1746096638.3995595,1.0
1746096638.4167938,1.0
1746096638.4340951,1.0
1746096638.4513733,1.0
1746096638.4686394,1.0
1746096638.485906,1.0
1746096638.50325,1.0
1746096638.5205166,1.0
1746096638.5378582,1.0
1746096638.5551481,1.0
1746096638.5724275,1.0
1746096638.589722,1.0
1746096638.606966,1.0
1746096638.624243,1.0
1746096638.6414785,1.0
1746096638.6587286,1.0
1746096638.6760178,1.0
1746096638.6932795,1.0
1746096638.7105548,1.0
1746096638.727849,1.0
1746096638.7451026,1.0
1746096638.7623332,1.0
1746096638.779619,1.0
1746096638.7968998,1.0
1746096638.8141572,1.0
1746096638.831429,1.0
1746096638.8486657,1.0
1746096638.865922,1.0
1746096638.8832304,1.0
1746096638.900486,1.0
1746096638.9177766,1.0
1746096638.9350498,1.0
1746096638.9523768,1.0
1746096638.9696226,1.0
1746096638.9890501,1.0
1746096639.0063384,1.0
1746096639.025749,1.0
1746096639.0552564,1.0
1746096639.0729616,1.0
1746096639.0903378,1.0
1746096639.1077275,1.0
1746096639.1250722,1.0
1746096639.1424377,1.0
1746096639.159795,1.0
1746096639.177261,1.0
1746096639.1945963,1.0
1746096639.2119699,1.0
1746096639.2293565,1.0
1746096639.2467532,1.0
1746096639.2641454,1.0
1746096639.2814984,1.0
1746096639.2988646,1.0
1746096639.3161817,1.0
1746096639.3335767,1.0
1746096639.3509738,1.0
1746096639.368315,1.0
1746096639.3856225,1.0
1746096639.4029057,1.0
1746096639.420225,1.0
1746096639.4375176,1.0
1746096639.4547906,1.0
1746096639.4720664,1.0
1746096639.4893112,1.0
1746096639.5065947,1.0
1746096639.5238872,1.0
1746096639.5412118,1.0
1746096639.5584784,1.0
1746096639.5757787,1.0
1746096639.5930262,1.0
1746096639.6102788,1.0
1746096639.6275535,1.0
1746096639.6448057,1.0
1746096639.6620488,1.0
1746096639.6793098,1.0
1746096639.696556,1.0
1746096639.7138379,1.0
1746096639.7311802,1.0
1746096639.7484388,1.0
1746096639.7657657,1.0
1746096639.7831054,1.0
1746096639.8003788,1.0
1746096639.8176062,1.0
1746096639.8348982,1.0
1746096639.8521333,1.0
1746096639.869367,1.0
1746096639.8866634,1.0
1746096639.9039927,1.0
1746096639.92123,1.0
1746096639.9385443,1.0
1746096639.955879,1.0
1746096639.9742117,1.0
1746096639.9930115,1.0
1746096640.011424,1.0
1746096640.0313525,1.0
1746096640.049302,1.0
1746096640.0669174,1.0
1746096640.0842178,1.0
1746096640.1015377,1.0
1746096640.1188045,1.0
1746096640.1361701,1.0
1746096640.1534336,1.0
1746096640.1707091,1.0
1746096640.1879923,1.0
1746096640.205267,1.0
1746096640.2225068,1.0
1746096640.2398133,1.0
1746096640.2570963,1.0
1746096640.2743888,1.0
1746096640.2916987,1.0
1746096640.3090127,1.0
1746096640.3262925,1.0
1746096640.343644,1.0
1746096640.3609388,1.0
1746096640.3782122,1.0
1746096640.3955104,1.0
1746096640.412769,1.0
1746096640.4300547,1.0
1746096640.4473479,1.0
1746096640.464619,1.0
1746096640.4818902,1.0
1746096640.4991932,1.0
1746096640.5164564,1.0
1746096640.5337782,1.0
1746096640.5510495,1.0
1746096640.5683317,1.0
1746096640.5856256,1.0
1746096640.6029098,1.0
1746096640.6201892,1.0
1746096640.637467,1.0
1746096640.654722,1.0
1746096640.6719797,1.0
1746096640.689277,1.0
1746096640.7067683,1.0
1746096640.724036,1.0
1746096640.7413025,1.0
1746096640.7585466,1.0
1746096640.7758038,1.0
1746096640.7930357,1.0
1746096640.8103044,1.0
1746096640.8275602,1.0
1746096640.8448327,1.0
1746096640.8620827,1.0
1746096640.8793325,1.0
1746096640.8966181,1.0
1746096640.9138343,1.0
1746096640.9310954,1.0
1746096640.9483454,1.0
1746096640.9656646,1.0
1746096640.9850454,1.0
1746096641.002238,1.0
1746096641.0214963,1.0
1746096641.0391295,1.0
1746096641.0563867,1.0
1746096641.0738478,1.0
1746096641.091096,1.0
1746096641.10835,1.0
1746096641.1255782,1.0
1746096641.142914,1.0
1746096641.1601555,1.0
1746096641.177369,1.0
1746096641.1945765,1.0
1746096641.2118745,1.0
1746096641.229138,1.0
1746096641.246346,1.0
1746096641.2635927,1.0
1746096641.2808378,1.0
1746096641.298082,1.0
1746096641.3159888,1.0
1746096641.3334517,1.0
1746096641.3507695,1.0
1746096641.3680987,1.0
1746096641.3854196,1.0
1746096641.4028058,1.0
1746096641.4201956,1.0
1746096641.4375126,1.0
1746096641.4548078,1.0
1746096641.4722168,1.0
1746096641.4909978,1.0
1746096641.509489,1.0
1746096641.5268362,1.0
1746096641.544325,1.0
1746096641.5616896,1.0
1746096641.5790708,1.0
1746096641.5964441,1.0
1746096641.6138399,1.0
1746096641.6312454,1.0
1746096641.6485982,1.0
1746096641.665945,1.0
1746096641.683348,1.0
1746096641.7006834,1.0
1746096641.718063,1.0
1746096641.7354777,1.0
1746096641.752846,1.0
1746096641.7702367,1.0
1746096641.7875922,1.0
1746096641.8049564,1.0
1746096641.8223014,1.0
1746096641.839628,1.0
1746096641.8569727,1.0
1746096641.8742957,1.0
1746096641.8916826,1.0
1746096641.9090085,1.0
1746096641.9263778,1.0
1746096641.9437113,1.0
1746096641.960984,1.0
1746096641.980359,1.0
1746096641.9979665,1.0
1746096642.0165033,1.0
1746096642.0346673,1.0
1746096642.0520244,1.0
1746096642.0696282,1.0
1746096642.0869255,1.0
1746096642.104235,1.0
1746096642.121585,1.0
1746096642.138908,1.0
1746096642.156256,1.0
1746096642.1735437,1.0
1746096642.1908157,1.0
1746096642.208083,1.0
1746096642.2253478,1.0
1746096642.2425976,1.0
1746096642.259874,1.0
1746096642.2771697,1.0
1746096642.2944822,1.0
1746096642.311775,1.0
1746096642.329031,1.0
1746096642.3463786,1.0
1746096642.3636777,1.0
1746096642.3809242,1.0
1746096642.3982103,1.0
1746096642.4155288,1.0
1746096642.4328406,1.0
1746096642.4501197,1.0
1746096642.4674015,1.0
1746096642.4846787,1.0
1746096642.5019162,1.0
1746096642.5192246,1.0
1746096642.5365708,1.0
1746096642.5538654,1.0
1746096642.5710988,1.0
1746096642.5884144,1.0
1746096642.6056561,1.0
1746096642.6229053,1.0
1746096642.6402068,1.0
1746096642.6574843,1.0
1746096642.6747608,1.0
1746096642.6920364,1.0
1746096642.7093596,1.0
1746096642.7266634,1.0
1746096642.7440073,1.0
1746096642.7613006,1.0
1746096642.7785835,1.0
1746096642.7959292,1.0
1746096642.813223,1.0
1746096642.830531,1.0
1746096642.8478155,1.0
1746096642.8650784,1.0
1746096642.8823652,1.0
1746096642.8996935,1.0
1746096642.9169357,1.0
1746096642.9343078,1.0
1746096642.9515653,1.0
1746096642.9688985,1.0
1746096642.9883728,1.0
1746096643.0121272,1.0
1746096643.030706,1.0
1746096643.0480535,1.0
1746096643.0655842,1.0
1746096643.0828888,1.0
1746096643.1002839,1.0
1746096643.117595,1.0
1746096643.1348944,1.0
1746096643.1521976,1.0
1746096643.1694756,1.0
1746096643.1867838,1.0
1746096643.204121,1.0
1746096643.221441,1.0
1746096643.2387476,1.0
1746096643.2560592,1.0
1746096643.2733746,1.0
1746096643.2906713,1.0
1746096643.3079522,1.0
1746096643.325235,1.0
1746096643.3425772,1.0
1746096643.359879,1.0
1746096643.3772159,1.0
1746096643.394488,1.0
1746096643.4117954,1.0
1746096643.429171,1.0
1746096643.4464982,1.0
1746096643.4638016,1.0
1746096643.481095,1.0
1746096643.4983938,1.0
1746096643.5172777,1.0
1746096643.5346003,1.0
1746096643.5519185,1.0
1746096643.5692127,1.0
1746096643.5865173,1.0
1746096643.6039047,1.0
1746096643.6212194,1.0
1746096643.6385145,1.0
1746096643.6558452,1.0
1746096643.6731386,1.0
1746096643.690472,1.0
1746096643.7077484,1.0
1746096643.7250664,1.0
1746096643.7424092,1.0
1746096643.759752,1.0
1746096643.7770648,1.0
1746096643.7944348,1.0
1746096643.8117821,1.0
1746096643.8291225,1.0
1746096643.8464458,1.0
1746096643.8657484,1.0
1746096643.8830469,1.0
1746096643.9003892,1.0
1746096643.9178057,1.0
1746096643.9352105,1.0
1746096643.9526522,1.0
1746096643.9699419,1.0
1746096643.9892373,1.0
1746096644.0066018,1.0
1746096644.0263453,1.0
1746096644.056167,1.0
1746096644.0737784,1.0
1746096644.0911713,1.0
1746096644.1085618,1.0
1746096644.1259332,1.0
1746096644.1433551,1.0
1746096644.1606824,1.0
1746096644.178053,1.0
1746096644.1954885,1.0
1746096644.212874,1.0
1746096644.2302446,1.0
1746096644.2475939,1.0
1746096644.2649198,1.0
1746096644.2822616,1.0
1746096644.2996097,1.0
1746096644.3169482,1.0
1746096644.3342466,1.0
1746096644.3516243,1.0
1746096644.3689532,1.0
1746096644.3862896,1.0
1746096644.403623,1.0
1746096644.420956,1.0
1746096644.4383278,1.0
1746096644.4556532,1.0
1746096644.4729795,1.0
1746096644.4902875,1.0
1746096644.5076718,1.0
1746096644.5250046,1.0
1746096644.542373,1.0
1746096644.559698,1.0
1746096644.577027,1.0
1746096644.5943491,1.0
1746096644.6116803,1.0
1746096644.6290278,1.0
1746096644.6463566,1.0
1746096644.6636841,1.0
1746096644.6810455,1.0
1746096644.6983385,1.0
1746096644.7156985,1.0
1746096644.7330766,1.0
1746096644.750489,1.0
1746096644.7678492,1.0
1746096644.7852256,1.0
1746096644.802545,1.0
1746096644.8198678,1.0
1746096644.8371603,1.0
1746096644.8544984,1.0
1746096644.8718288,1.0
1746096644.8891876,1.0
1746096644.9064925,1.0
1746096644.9238281,1.0
1746096644.94129,1.0
1746096644.9587948,1.0
1746096644.9790132,1.0
1746096644.9961903,1.0
1746096645.0145102,1.0
1746096645.0333138,1.0
1746096645.0506516,1.0
1746096645.0684187,1.0
1746096645.0858119,1.0
1746096645.1031454,1.0
1746096645.1204891,1.0
1746096645.1378043,1.0
1746096645.1551723,1.0
1746096645.1724906,1.0
1746096645.189797,1.0
1746096645.207145,1.0
1746096645.224509,1.0
1746096645.241861,1.0
1746096645.2592077,1.0
1746096645.276541,1.0
1746096645.2938786,1.0
1746096645.3112395,1.0
1746096645.3285708,1.0
1746096645.345971,1.0
1746096645.363323,1.0
1746096645.380629,1.0
1746096645.3979485,1.0
1746096645.4152853,1.0
1746096645.4326193,1.0
1746096645.4499905,1.0
1746096645.4673352,1.0
1746096645.484702,1.0
1746096645.5020165,1.0
1746096645.5194135,1.0
1746096645.5367422,1.0
1746096645.5541685,1.0
1746096645.5715206,1.0
1746096645.5888143,1.0
1746096645.606164,1.0
1746096645.6234581,1.0
1746096645.6408067,1.0
1746096645.6581416,1.0
1746096645.6754782,1.0
1746096645.6928062,1.0
1746096645.71027,1.0
1746096645.7276382,1.0
1746096645.7449822,1.0
1746096645.7623215,1.0
1746096645.7797122,1.0
1746096645.7970345,1.0
1746096645.8143475,1.0
1746096645.831685,1.0
1746096645.8490112,1.0
1746096645.8663387,1.0
1746096645.8837256,1.0
1746096645.9010603,1.0
1746096645.918393,1.0
1746096645.9357426,1.0
1746096645.953386,1.0
1746096645.970631,1.0
1746096645.990086,1.0
1746096646.0074706,1.0
1746096646.0268428,1.0
1746096646.0575478,1.0
1746096646.075034,1.0
1746096646.0923283,1.0
1746096646.1096938,1.0
1746096646.1269855,1.0
1746096646.1443934,1.0
1746096646.1616957,1.0
1746096646.1790228,1.0
1746096646.196348,1.0
1746096646.2136972,1.0
1746096646.2309804,1.0
1746096646.2482672,1.0
1746096646.2655408,1.0
1746096646.282806,1.0
1746096646.3000653,1.0
1746096646.31733,1.0
1746096646.3346446,1.0
1746096646.3519926,1.0
1746096646.369266,1.0
1746096646.3865237,1.0
1746096646.4038088,1.0
1746096646.4211154,1.0
1746096646.438872,1.0
1746096646.4562504,1.0
1746096646.4735386,1.0
1746096646.4908454,1.0
1746096646.5097592,1.0
1746096646.5280294,1.0
1746096646.5453267,1.0
1746096646.5626109,1.0
1746096646.5798876,1.0
1746096646.5971434,1.0
1746096646.6144414,1.0
1746096646.63175,1.0
1746096646.6489937,1.0
1746096646.6662288,1.0
1746096646.6835349,1.0
1746096646.7008054,1.0
1746096646.7181127,1.0
1746096646.735477,1.0
1746096646.7527628,1.0
1746096646.770044,1.0
1746096646.7873492,1.0
1746096646.8046443,1.0
1746096646.8219159,1.0
1746096646.839189,1.0
1746096646.856477,1.0
1746096646.8737552,1.0
1746096646.891016,1.0
1746096646.9082937,1.0
1746096646.9255319,1.0
1746096646.9428372,1.0
1746096646.9602158,1.0
1746096646.9801464,1.0
1746096646.9972935,1.0
1746096647.0155149,1.0
1746096647.0340302,1.0
1746096647.0640895,1.0
1746096647.0812693,1.0
1746096647.0985162,1.0
1746096647.1158187,1.0
1746096647.1330907,1.0
1746096647.1504326,1.0
1746096647.1677365,1.0
1746096647.185037,1.0
1746096647.202445,1.0
1746096647.2197409,1.0
1746096647.237081,1.0
1746096647.2543604,1.0
1746096647.271814,1.0
1746096647.2891407,1.0
1746096647.3064106,1.0
1746096647.323659,1.0
1746096647.3409734,1.0
1746096647.3583584,1.0
1746096647.3756425,1.0
1746096647.3929353,1.0
1746096647.4102244,1.0
1746096647.4275095,1.0
1746096647.444758,1.0
1746096647.462065,1.0
1746096647.4793246,1.0
1746096647.496595,1.0
1746096647.5139284,1.0
1746096647.5312548,1.0
1746096647.5485835,1.0
1746096647.5658925,1.0
1746096647.5831861,1.0
1746096647.6004696,1.0
1746096647.6177986,1.0
1746096647.6351037,1.0
1746096647.6523678,1.0
1746096647.6696362,1.0
1746096647.686976,1.0
1746096647.7042444,1.0
1746096647.7215226,1.0
1746096647.738794,1.0
1746096647.7561991,1.0
1746096647.7736928,1.0
1746096647.7909508,1.0
1746096647.8082619,1.0
1746096647.8254917,1.0
1746096647.8427632,1.0
1746096647.8600323,1.0
1746096647.877371,1.0
1746096647.8946517,1.0
1746096647.9119549,1.0
1746096647.9292367,1.0
1746096647.9465206,1.0
1746096647.9639423,1.0
1746096647.9843447,1.0
1746096648.0016296,1.0
1746096648.0202594,1.0
1746096648.0375438,1.0
1746096648.0550346,1.0
1746096648.0727434,1.0
1746096648.0900211,1.0
1746096648.1073012,1.0
1746096648.1246395,1.0
1746096648.1419017,1.0
1746096648.159325,1.0
1746096648.1765919,1.0
1746096648.1938574,1.0
1746096648.2111244,1.0
1746096648.228364,1.0
1746096648.2456303,1.0
1746096648.262885,1.0
1746096648.2801998,1.0
1746096648.2974334,1.0
1746096648.3147118,1.0
1746096648.3319616,1.0
1746096648.3512743,1.0
1746096648.368618,1.0
1746096648.3859048,1.0
1746096648.4031944,1.0
1746096648.420502,1.0
1746096648.4377713,1.0
1746096648.455049,1.0
1746096648.4723597,1.0
1746096648.4896398,1.0
1746096648.5069082,1.0
1746096648.5243158,1.0
1746096648.5415895,1.0
1746096648.558913,1.0
1746096648.576197,1.0
1746096648.5934937,1.0
1746096648.610757,1.0
1746096648.628048,1.0
1746096648.6453326,1.0
1746096648.6626332,1.0
1746096648.6798983,1.0
1746096648.6971436,1.0
1746096648.714421,1.0
1746096648.731698,1.0
1746096648.748987,1.0
1746096648.766273,1.0
1746096648.7835472,1.0
1746096648.800827,1.0
1746096648.8180823,1.0
1746096648.8353655,1.0
1746096648.8526275,1.0
1746096648.8698847,1.0
1746096648.8871408,1.0
1746096648.9044504,1.0
1746096648.921784,1.0
1746096648.9390678,1.0
1746096648.95654,1.0
1746096648.9763405,1.0
1746096648.9935265,1.0
1746096649.0118785,1.0
1746096649.0299091,1.0
1746096649.0473397,1.0
1746096649.064635,1.0
1746096649.0818536,1.0
1746096649.0991023,1.0
1746096649.1163144,1.0
1746096649.1335275,1.0
1746096649.1508555,1.0
1746096649.1683366,1.0
1746096649.1855755,1.0
1746096649.2028196,1.0
1746096649.2200572,1.0
1746096649.2372644,1.0
1746096649.2545009,1.0
1746096649.271762,1.0
1746096649.2889993,1.0
1746096649.306221,1.0
1746096649.3234575,1.0
1746096649.3406813,1.0
1746096649.3579264,1.0
1746096649.3751543,1.0
1746096649.3923743,1.0
1746096649.4096246,1.0
1746096649.426927,1.0
1746096649.4441516,1.0
1746096649.4613886,1.0
1746096649.4786048,1.0
1746096649.4958546,1.0
1746096649.5130975,1.0
1746096649.5303488,1.0
1746096649.5475478,1.0
1746096649.5648546,1.0
1746096649.5820827,1.0
1746096649.599346,1.0
1746096649.6165679,1.0
1746096649.6338022,1.0
1746096649.651026,1.0
1746096649.6684961,1.0
1746096649.6857443,1.0
1746096649.7029696,1.0
1746096649.7202003,1.0
1746096649.737414,1.0
1746096649.754688,1.0
1746096649.7719307,1.0
1746096649.7891462,1.0
1746096649.80635,1.0
1746096649.8236227,1.0
1746096649.840819,1.0
1746096649.8580472,1.0
1746096649.8752637,1.0
1746096649.8925188,1.0
1746096649.9097905,1.0
1746096649.927007,1.0
1746096649.944275,1.0
1746096649.9615626,1.0
1746096649.9809852,1.0
1746096649.9981995,1.0
1746096650.016643,1.0
1746096650.0343647,1.0
1746096650.0516403,1.0
1746096650.0690396,1.0
1746096650.0868645,1.0
1746096650.104139,1.0
1746096650.1213534,1.0
1746096650.138576,1.0
1746096650.1558964,1.0
1746096650.1731606,1.0
1746096650.1903894,1.0
1746096650.20763,1.0
1746096650.224855,1.0
1746096650.2421093,1.0
1746096650.259365,1.0
1746096650.2765615,1.0
1746096650.2938056,1.0
1746096650.3110318,1.0
1746096650.328328,1.0
1746096650.3455656,1.0
1746096650.3628142,1.0
1746096650.3800502,1.0
1746096650.3972387,1.0
1746096650.4144819,1.0
1746096650.4317207,1.0
1746096650.449002,1.0
1746096650.4663033,1.0
1746096650.483547,1.0
1746096650.5007727,1.0
1746096650.5180285,1.0
1746096650.535308,1.0
1746096650.5525098,1.0
1746096650.569771,1.0
1746096650.5869892,1.0
1746096650.6042314,1.0
1746096650.6214597,1.0
1746096650.638654,1.0
1746096650.6558838,1.0
1746096650.673084,1.0
1746096650.6903114,1.0
1746096650.7076163,1.0
1746096650.724865,1.0
1746096650.742092,1.0
1746096650.7594352,1.0
1746096650.776669,1.0
1746096650.7944071,1.0
1746096650.8116424,1.0
1746096650.82884,1.0
1746096650.8460553,1.0
1746096650.8633306,1.0
1746096650.8806133,1.0
1746096650.8978453,1.0
1746096650.9150708,1.0
1746096650.9323227,1.0
1746096650.949559,1.0
1746096650.9669025,1.0
1746096650.986218,1.0
1746096651.00344,1.0
1746096651.0230386,1.0
1746096651.0402715,1.0
1746096651.0574977,1.0
1746096651.0748868,1.0
1746096651.0921123,1.0
1746096651.10932,1.0
1746096651.1265554,1.0
1746096651.143796,1.0
1746096651.1610668,1.0
1746096651.1782775,1.0
1746096651.19552,1.0
1746096651.2127802,1.0
1746096651.2300189,1.0
1746096651.247231,1.0
1746096651.2644744,1.0
1746096651.281698,1.0
1746096651.2989178,1.0
1746096651.3161314,1.0
1746096651.3334274,1.0
1746096651.3506484,1.0
1746096651.367947,1.0
1746096651.385154,1.0
1746096651.4024317,1.0
1746096651.4196777,1.0
1746096651.436904,1.0
1746096651.4541352,1.0
1746096651.4713895,1.0
1746096651.488635,1.0
1746096651.505874,1.0
1746096651.5233333,1.0
1746096651.5431895,1.0
1746096651.5611522,1.0
1746096651.578366,1.0
1746096651.5956085,1.0
1746096651.6128666,1.0
1746096651.630086,1.0
1746096651.6473382,1.0
1746096651.6645517,1.0
1746096651.6817954,1.0
1746096651.699039,1.0
1746096651.71629,1.0
1746096651.7336009,1.0
1746096651.7508314,1.0
1746096651.7681277,1.0
1746096651.7853525,1.0
1746096651.8026242,1.0
1746096651.8198528,1.0
1746096651.8371403,1.0
1746096651.854336,1.0
1746096651.8716075,1.0
1746096651.8888638,1.0
1746096651.906123,1.0
1746096651.9233522,1.0
1746096651.9406064,1.0
1746096651.9580226,1.0
1746096651.9761462,1.0
1746096651.9943268,1.0
1746096652.012637,1.0
1746096652.0310109,1.0
1746096652.0482852,1.0
1746096652.065701,1.0
1746096652.0829124,1.0
1746096652.1004806,1.0
1746096652.1177108,1.0
1746096652.1349895,1.0
1746096652.1522212,1.0
1746096652.1695318,1.0
1746096652.1867254,1.0
1746096652.2039442,1.0
1746096652.2211595,1.0
1746096652.2384138,1.0
1746096652.2556338,1.0
1746096652.272898,1.0
1746096652.290209,1.0
1746096652.307498,1.0
1746096652.32473,1.0
1746096652.34197,1.0
1746096652.359286,1.0
1746096652.3765404,1.0
1746096652.3937776,1.0
1746096652.4110017,1.0
1746096652.428228,1.0
1746096652.4454222,1.0
1746096652.4626248,1.0
1746096652.4799237,1.0
1746096652.4971473,1.0
1746096652.5143883,1.0
1746096652.5316439,1.0
1746096652.5489028,1.0
1746096652.5661674,1.0
1746096652.5834155,1.0
1746096652.6006594,1.0
1746096652.6178749,1.0
1746096652.6351047,1.0
1746096652.6523206,1.0
1746096652.66955,1.0
1746096652.6867802,1.0
1746096652.704014,1.0
1746096652.7212358,1.0
1746096652.7384458,1.0
1746096652.7557325,1.0
1746096652.772956,1.0
1746096652.7902153,1.0
1746096652.8075194,1.0
1746096652.824751,1.0
1746096652.8419957,1.0
1746096652.859211,1.0
1746096652.8764608,1.0
1746096652.8937027,1.0
1746096652.9109101,1.0
1746096652.9281337,1.0
1746096652.9453392,1.0
1746096652.9628332,1.0
1746096652.982508,1.0
1746096653.0037146,1.0
1746096653.0230384,1.0
1746096653.0402617,1.0
1746096653.0577636,1.0
1746096653.0749867,1.0
1746096653.092226,1.0
1746096653.10945,1.0
1746096653.1266716,1.0
1746096653.1439235,1.0
1746096653.161158,1.0
1746096653.1783826,1.0
1746096653.19566,1.0
1746096653.2128654,1.0
1746096653.2300737,1.0
1746096653.2473245,1.0
1746096653.2645438,1.0
1746096653.2817717,1.0
1746096653.2990088,1.0
1746096653.3162215,1.0
1746096653.3334136,1.0
1746096653.3506541,1.0
1746096653.3680298,1.0
1746096653.3852677,1.0
1746096653.402479,1.0
1746096653.419713,1.0
1746096653.436919,1.0
1746096653.4541328,1.0
1746096653.4714153,1.0
1746096653.4886062,1.0
1746096653.5058327,1.0
1746096653.5232315,1.0
1746096653.5404825,1.0
1746096653.5577228,1.0
1746096653.5749767,1.0
1746096653.5986645,1.0
1746096653.622281,1.0
1746096653.639514,1.0
1746096653.6567528,1.0
1746096653.673961,1.0
1746096653.691154,1.0
1746096653.7084343,1.0
1746096653.725665,1.0
1746096653.7429276,1.0
1746096653.7601705,1.0
1746096653.777409,1.0
1746096653.7946396,1.0
1746096653.8119092,1.0
1746096653.8291233,1.0
1746096653.8463483,1.0
1746096653.8635778,1.0
1746096653.8808,1.0
1746096653.8980262,1.0
1746096653.9153051,1.0
1746096653.9325228,1.0
1746096653.9497383,1.0
1746096653.9670384,1.0
1746096653.9865434,1.0
1746096654.0037637,1.0
1746096654.023148,1.0
1746096654.040351,1.0
1746096654.0575933,1.0
1746096654.0750766,1.0
1746096654.0923445,1.0
1746096654.1101363,1.0
1746096654.1273804,1.0
1746096654.1446195,1.0
1746096654.162005,1.0
1746096654.179253,1.0
1746096654.1964843,1.0
1746096654.2136967,1.0
1746096654.2309206,1.0
1746096654.248148,1.0
1746096654.2653751,1.0
1746096654.2825928,1.0
1746096654.2998474,1.0
1746096654.3170931,1.0
1746096654.3343167,1.0
1746096654.3515522,1.0
1746096654.368837,1.0
1746096654.3860493,1.0
1746096654.4033096,1.0
1746096654.4205284,1.0
1746096654.4377282,1.0
1746096654.454973,1.0
1746096654.472219,1.0
1746096654.4894514,1.0
1746096654.5067065,1.0
1746096654.523947,1.0
1746096654.54124,1.0
1746096654.5584748,1.0
1746096654.5757656,1.0
1746096654.592995,1.0
1746096654.6102247,1.0
1746096654.6274683,1.0
1746096654.6446867,1.0
1746096654.6619072,1.0
1746096654.6791222,1.0
1746096654.6963406,1.0
1746096654.713562,1.0
1746096654.7307665,1.0
1746096654.748002,1.0
1746096654.7652593,1.0
1746096654.7824814,1.0
1746096654.7997217,1.0
1746096654.8169384,1.0
1746096654.8341732,1.0
1746096654.8514202,1.0
1746096654.8686836,1.0
1746096654.8858805,1.0
1746096654.9031277,1.0
1746096654.9203665,1.0
1746096654.9375913,1.0
1746096654.95489,1.0
1746096654.97238,1.0
1746096654.991448,1.0
1746096655.0086696,1.0
1746096655.0279105,1.0
1746096655.0451536,1.0
1746096655.0625408,1.0
1746096655.079733,1.0
1746096655.096952,1.0
1746096655.1141598,1.0
1746096655.1313968,1.0
1746096655.1486132,1.0
1746096655.1658866,1.0
1746096655.1831145,1.0
1746096655.2003539,1.0
1746096655.2175782,1.0
1746096655.2347977,1.0
1746096655.252071,1.0
1746096655.2692966,1.0
1746096655.286528,1.0
1746096655.3037932,1.0
1746096655.3210087,1.0
1746096655.338263,1.0
1746096655.355573,1.0
1746096655.372819,1.0
1746096655.390047,1.0
1746096655.407295,1.0
1746096655.42451,1.0
1746096655.4417408,1.0
1746096655.4589603,1.0
1746096655.476222,1.0
1746096655.4934323,1.0
1746096655.5106313,1.0
1746096655.527869,1.0
1746096655.5450785,1.0
1746096655.5623248,1.0
1746096655.5796068,1.0
1746096655.5968258,1.0
1746096655.6141074,1.0
1746096655.6313307,1.0
1746096655.6485488,1.0
1746096655.6657639,1.0
1746096655.6829958,1.0
1746096655.7002409,1.0
1746096655.7174914,1.0
1746096655.7347488,1.0
1746096655.7519972,1.0
1746096655.7692592,1.0
1746096655.7864916,1.0
1746096655.8037634,1.0
1746096655.8209736,1.0
1746096655.838209,1.0
1746096655.8554885,1.0
1746096655.872787,1.0
1746096655.889984,1.0
1746096655.907744,1.0
1746096655.9249668,1.0
1746096655.942215,1.0
1746096655.9595125,1.0
1746096655.9788692,1.0
1746096655.9961276,1.0
1746096656.0144196,1.0
1746096656.0324523,1.0
1746096656.049678,1.0
1746096656.067067,1.0
1746096656.0842874,1.0
1746096656.1014917,1.0
1746096656.1187239,1.0
1746096656.1362615,1.0
1746096656.1535418,1.0
1746096656.1708703,1.0
1746096656.188137,1.0
1746096656.2053728,1.0
1746096656.2225778,1.0
1746096656.239833,1.0
1746096656.257091,1.0
1746096656.2743335,1.0
1746096656.2915673,1.0
1746096656.308753,1.0
1746096656.3259952,1.0
1746096656.3432343,1.0
1746096656.3604534,1.0
1746096656.3777654,1.0
1746096656.3950324,1.0
1746096656.4122849,1.0
1746096656.4295287,1.0
1746096656.4467337,1.0
1746096656.4639878,1.0
1746096656.4812632,1.0
1746096656.4985468,1.0
1746096656.5157824,1.0
1746096656.5330217,1.0
1746096656.5517662,1.0
1746096656.56985,1.0
1746096656.587069,1.0
1746096656.60429,1.0
1746096656.6215577,1.0
1746096656.638769,1.0
1746096656.6561465,1.0
1746096656.674236,1.0
1746096656.6914759,1.0
1746096656.708653,1.0
1746096656.7258878,1.0
1746096656.7431486,1.0
1746096656.7603674,1.0
1746096656.7776837,1.0
1746096656.7949436,1.0
1746096656.8121753,1.0
1746096656.8294218,1.0
1746096656.8466446,1.0
1746096656.8639038,1.0
1746096656.8810995,1.0
1746096656.898333,1.0
1746096656.9155862,1.0
1746096656.9328184,1.0
1746096656.9500835,1.0
1746096656.9674475,1.0
1746096656.9867592,1.0
1746096657.0039897,1.0
1746096657.0232396,1.0
1746096657.0405304,1.0
1746096657.058004,1.0
1746096657.0753055,1.0
1746096657.0925486,1.0
1746096657.1098375,1.0
1746096657.1271124,1.0
1746096657.1443975,1.0
1746096657.1616828,1.0
1746096657.1790988,1.0
1746096657.1964362,1.0
1746096657.2137244,1.0
1746096657.2309911,1.0
1746096657.2482717,1.0
1746096657.2655835,1.0
1746096657.2828474,1.0
1746096657.3001487,1.0
1746096657.3174438,1.0
1746096657.3347483,1.0
1746096657.3520012,1.0
1746096657.3693097,1.0
1746096657.386579,1.0
1746096657.4039137,1.0
1746096657.4211643,1.0
1746096657.438429,1.0
1746096657.4557552,1.0
1746096657.4730592,1.0
1746096657.4903874,1.0
1746096657.5076694,1.0
1746096657.524918,1.0
1746096657.5421846,1.0
1746096657.5595129,1.0
1746096657.576829,1.0
1746096657.5940907,1.0
1746096657.6113913,1.0
1746096657.6286507,1.0
1746096657.6459775,1.0
1746096657.6632736,1.0
1746096657.680501,1.0
1746096657.6977415,1.0
1746096657.7280278,1.0
1746096657.745217,1.0
1746096657.7625856,1.0
1746096657.7799098,1.0
1746096657.797257,1.0
1746096657.814501,1.0
1746096657.8317895,1.0
1746096657.8490484,1.0
1746096657.8663075,1.0
1746096657.883654,1.0
1746096657.9009135,1.0
1746096657.918203,1.0
1746096657.935511,1.0
1746096657.952838,1.0
1746096657.970097,1.0
1746096657.988973,1.0
1746096658.0062244,1.0
1746096658.0252879,1.0
1746096658.0425417,1.0
1746096658.0598154,1.0
1746096658.077177,1.0
1746096658.0944302,1.0
1746096658.111672,1.0
1746096658.1355827,1.0
1746096658.1596715,1.0
1746096658.176952,1.0
1746096658.194165,1.0
1746096658.2116241,1.0
1746096658.2288947,1.0
1746096658.2461412,1.0
1746096658.2634678,1.0
1746096658.2807274,1.0
1746096658.2980046,1.0
1746096658.3152902,1.0
1746096658.3325715,1.0
1746096658.3498783,1.0
1746096658.3671753,1.0
1746096658.3844638,1.0
1746096658.4017212,1.0
1746096658.4189942,1.0
1746096658.4363902,1.0
1746096658.4536936,1.0
1746096658.4709525,1.0
1746096658.4882603,1.0
1746096658.5055273,1.0
1746096658.5227866,1.0
1746096658.540124,1.0
1746096658.5573924,1.0
1746096658.5747404,1.0
1746096658.592009,1.0
1746096658.6092737,1.0
1746096658.6265268,1.0
1746096658.6437726,1.0
1746096658.6610527,1.0
1746096658.6783078,1.0
1746096658.695603,1.0
1746096658.7128906,1.0
1746096658.730159,1.0
1746096658.7474446,1.0
1746096658.7647219,1.0
1746096658.7820954,1.0
1746096658.7994165,1.0
1746096658.8166792,1.0
1746096658.8340042,1.0
1746096658.851296,1.0
1746096658.8686056,1.0
1746096658.8859005,1.0
1746096658.903215,1.0
1746096658.9204946,1.0
1746096658.9377909,1.0
1746096658.9551528,1.0
1746096658.9725533,1.0
1746096658.991128,1.0
1746096659.008464,1.0
1746096659.0277665,1.0
1746096659.0451303,1.0
1746096659.062612,1.0
1746096659.0798297,1.0
1746096659.0971313,1.0
1746096659.1143813,1.0
1746096659.1316857,1.0
1746096659.148947,1.0
1746096659.1662385,1.0
1746096659.1835794,1.0
1746096659.2008681,1.0
1746096659.2181373,1.0
1746096659.23545,1.0
1746096659.252675,1.0
1746096659.2699082,1.0
1746096659.287213,1.0
1746096659.304463,1.0
1746096659.3216946,1.0
1746096659.3389628,1.0
1746096659.3562033,1.0
1746096659.3734844,1.0
1746096659.390714,1.0
1746096659.4079568,1.0
1746096659.4252176,1.0
1746096659.442478,1.0
1746096659.459731,1.0
1746096659.476992,1.0
1746096659.4942448,1.0
1746096659.5115285,1.0
1746096659.5288086,1.0
1746096659.5460846,1.0
1746096659.5634158,1.0
1746096659.5807238,1.0
1746096659.597968,1.0
1746096659.615255,1.0
1746096659.632504,1.0
1746096659.649801,1.0
1746096659.6670861,1.0
1746096659.6844075,1.0
1746096659.701723,1.0
1746096659.7190192,1.0
1746096659.7363026,1.0
1746096659.7554133,1.0
1746096659.7728138,1.0
1746096659.7900865,1.0
1746096659.8073869,1.0
1746096659.824637,1.0
1746096659.841909,1.0
1746096659.859173,1.0
1746096659.876447,1.0
1746096659.8937187,1.0
1746096659.9110458,1.0
1746096659.9283214,1.0
1746096659.9456255,1.0
1746096659.9630797,1.0
1746096659.9819107,1.0
1746096659.9992058,1.0
1746096660.018537,1.0
1746096660.0361247,1.0
1746096660.0534437,1.0
1746096660.0709214,1.0
1746096660.0882504,1.0
1746096660.1056044,1.0
1746096660.1229086,1.0
1746096660.14023,1.0
1746096660.1580925,1.0
1746096660.1754968,1.0
1746096660.192826,1.0
1746096660.2101278,1.0
1746096660.2274497,1.0
1746096660.2447653,1.0
1746096660.2620919,1.0
1746096660.2794046,1.0
1746096660.2967732,1.0
1746096660.3140707,1.0
1746096660.3314133,1.0
1746096660.3487277,1.0
1746096660.3660543,1.0
1746096660.3835003,1.0
1746096660.4008214,1.0
1746096660.41811,1.0
1746096660.4354324,1.0
1746096660.4527185,1.0
1746096660.4700205,1.0
1746096660.4873679,1.0
1746096660.5046864,1.0
1746096660.5221517,1.0
1746096660.5395405,1.0
1746096660.556851,1.0
1746096660.5742435,1.0
1746096660.5915787,1.0
1746096660.608933,1.0
1746096660.6262493,1.0
1746096660.6435695,1.0
1746096660.660873,1.0
1746096660.6781726,1.0
1746096660.6955314,1.0
1746096660.7129815,1.0
1746096660.7303176,1.0
1746096660.7476482,1.0
1746096660.764916,1.0
1746096660.7822883,1.0
1746096660.7996044,1.0
1746096660.8169093,1.0
1746096660.8342268,1.0
1746096660.8515465,1.0
1746096660.8688653,1.0
1746096660.886191,1.0
1746096660.9035175,1.0
1746096660.9207878,1.0
1746096660.938101,1.0
1746096660.9555418,1.0
1746096660.9731777,1.0
1746096660.9920218,1.0
1746096661.0093396,1.0
1746096661.0285616,1.0
1746096661.0458524,1.0
1746096661.0635908,1.0
1746096661.080824,1.0
1746096661.098145,1.0
1746096661.115434,1.0
1746096661.1327343,1.0
1746096661.150079,1.0
1746096661.1673472,1.0
1746096661.1847227,1.0
1746096661.20198,1.0
1746096661.2192597,1.0
1746096661.2365196,1.0
1746096661.253782,1.0
1746096661.2710633,1.0
1746096661.288418,1.0
1746096661.3057137,1.0
1746096661.3232584,1.0
1746096661.3405645,1.0
1746096661.357872,1.0
1746096661.3752978,1.0
1746096661.3925607,1.0
1746096661.4098337,1.0
1746096661.4270935,1.0
1746096661.4443815,1.0
1746096661.4616566,1.0
1746096661.4789488,1.0
1746096661.496263,1.0
1746096661.5135393,1.0
1746096661.5308452,1.0
1746096661.5480945,1.0
1746096661.5661402,1.0
1746096661.584142,1.0
1746096661.6014435,1.0
1746096661.6189392,1.0
1746096661.6362288,1.0
1746096661.6534944,1.0
1746096661.6707807,1.0
1746096661.6880488,1.0
1746096661.705287,1.0
1746096661.7225583,1.0
1746096661.7398932,1.0
1746096661.7571604,1.0
1746096661.7744377,1.0
1746096661.7921293,1.0
1746096661.8093913,1.0
1746096661.8266647,1.0
1746096661.8439274,1.0
1746096661.8611965,1.0
1746096661.8784575,1.0
1746096661.8957734,1.0
1746096661.9130602,1.0
1746096661.930311,1.0
1746096661.947585,1.0
1746096661.9649093,1.0
1746096661.9837492,1.0
1746096662.0010357,1.0
1746096662.0198672,1.0
1746096662.037407,1.0
1746096662.0547564,1.0
1746096662.0723732,1.0
1746096662.089663,1.0
1746096662.1069665,1.0
1746096662.12427,1.0
1746096662.1415749,1.0
1746096662.1589139,1.0
1746096662.1770432,1.0
1746096662.194323,1.0
1746096662.2116141,1.0
1746096662.2288938,1.0
1746096662.2462168,1.0
1746096662.2635458,1.0
1746096662.2808466,1.0
1746096662.2982144,1.0
1746096662.3155322,1.0
1746096662.3328145,1.0
1746096662.3500676,1.0
1746096662.3673816,1.0
1746096662.384738,1.0
1746096662.402038,1.0
1746096662.419371,1.0
1746096662.4366674,1.0
1746096662.453974,1.0
1746096662.4712832,1.0
1746096662.4885566,1.0
1746096662.5058897,1.0
1746096662.523204,1.0
1746096662.5405169,1.0
1746096662.557783,1.0
1746096662.5750663,1.0
1746096662.592361,1.0
1746096662.609657,1.0
1746096662.6269593,1.0
1746096662.6442325,1.0
1746096662.6615472,1.0
1746096662.6788669,1.0
1746096662.6961598,1.0
1746096662.7134385,1.0
1746096662.7307036,1.0
1746096662.7480118,1.0
1746096662.7654872,1.0
1746096662.7828186,1.0
1746096662.8000872,1.0
1746096662.8173997,1.0
1746096662.8347385,1.0
1746096662.8520138,1.0
1746096662.869299,1.0
1746096662.8870358,1.0
1746096662.9043214,1.0
1746096662.9216058,1.0
1746096662.9389346,1.0
1746096662.956272,1.0
1746096662.9744477,1.0
1746096662.9972644,1.0
1746096663.016205,1.0
1746096663.0336685,1.0
1746096663.0510335,1.0
1746096663.0685806,1.0
1746096663.0858498,1.0
1746096663.103125,1.0
1746096663.1204207,1.0
1746096663.1377103,1.0
1746096663.1549687,1.0
1746096663.1722777,1.0
1746096663.18964,1.0
1746096663.2069318,1.0
1746096663.2242076,1.0
1746096663.2414763,1.0
1746096663.2587645,1.0
1746096663.2760236,1.0
1746096663.293328,1.0
1746096663.3105943,1.0
1746096663.327869,1.0
1746096663.3451276,1.0
1746096663.362382,1.0
1746096663.3797474,1.0
1746096663.3970742,1.0
1746096663.4143384,1.0
1746096663.431607,1.0
1746096663.4488757,1.0
1746096663.466137,1.0
1746096663.4834442,1.0
1746096663.5007236,1.0
1746096663.5179782,1.0
1746096663.5353208,1.0
1746096663.5526013,1.0
1746096663.5698972,1.0
1746096663.5872114,1.0
1746096663.604501,1.0
1746096663.6217537,1.0
1746096663.6390276,1.0
1746096663.656306,1.0
1746096663.6735535,1.0
1746096663.690788,1.0
1746096663.7080595,1.0
1746096663.7253654,1.0
1746096663.742635,1.0
1746096663.7599514,1.0
1746096663.7772474,1.0
1746096663.7945044,1.0
1746096663.8118143,1.0
1746096663.829107,1.0
1746096663.846378,1.0
1746096663.8636918,1.0
1746096663.8809721,1.0
1746096663.898241,1.0
1746096663.9155521,1.0
1746096663.9328418,1.0
1746096663.950113,1.0
1746096663.9675055,1.0
1746096663.9868813,1.0
1746096664.0041924,1.0
1746096664.0235465,1.0
1746096664.040812,1.0
1746096664.0581653,1.0
1746096664.0754511,1.0
1746096664.0927541,1.0
1746096664.1100302,1.0
1746096664.127319,1.0
1746096664.1447082,1.0
1746096664.1619878,1.0
1746096664.1793022,1.0
1746096664.1968865,1.0
1746096664.2141676,1.0
1746096664.2314534,1.0
1746096664.2487283,1.0
1746096664.266054,1.0
1746096664.283357,1.0
1746096664.300638,1.0
1746096664.3179426,1.0
1746096664.335238,1.0
1746096664.3525035,1.0
1746096664.3697748,1.0
1746096664.3871744,1.0
1746096664.4044569,1.0
1746096664.4217603,1.0
1746096664.4390562,1.0
1746096664.456422,1.0
1746096664.4737017,1.0
1746096664.4909925,1.0
1746096664.5086029,1.0
1746096664.52591,1.0
1746096664.5432258,1.0
1746096664.5605028,1.0
1746096664.5777755,1.0
1746096664.595108,1.0
1746096664.612356,1.0
1746096664.629707,1.0
1746096664.6469877,1.0
1746096664.664247,1.0
1746096664.6815066,1.0
1746096664.698794,1.0
1746096664.7160697,1.0
1746096664.7333562,1.0
1746096664.750626,1.0
1746096664.767926,1.0
1746096664.7852745,1.0
1746096664.802605,1.0
1746096664.8198674,1.0
1746096664.8371887,1.0
1746096664.8545034,1.0
1746096664.8717866,1.0
1746096664.889062,1.0
1746096664.9063663,1.0
1746096664.9236538,1.0
1746096664.9409394,1.0
1746096664.9583316,1.0
1746096664.9765654,1.0
1746096664.9944065,1.0
1746096665.0128286,1.0
1746096665.0309043,1.0
1746096665.048226,1.0
1746096665.0656803,1.0
1746096665.0829422,1.0
1746096665.1002207,1.0
1746096665.1174996,1.0
1746096665.1347432,1.0
1746096665.1520681,1.0
1746096665.1693523,1.0
1746096665.1867213,1.0
1746096665.2039962,1.0
1746096665.221288,1.0
1746096665.2385712,1.0
1746096665.2558653,1.0
1746096665.2731822,1.0
1746096665.290456,1.0
1746096665.3077345,1.0
1746096665.3250134,1.0
1746096665.34232,1.0
1746096665.3596208,1.0
1746096665.376901,1.0
1746096665.3943229,1.0
1746096665.4116604,1.0
1746096665.428988,1.0
1746096665.4463131,1.0
1746096665.4637084,1.0
1746096665.4810476,1.0
1746096665.4983845,1.0
1746096665.5157483,1.0
1746096665.5331028,1.0
1746096665.550431,1.0
1746096665.567795,1.0
1746096665.5851638,1.0
1746096665.6025083,1.0
1746096665.6198564,1.0
1746096665.6372204,1.0
1746096665.6545677,1.0
1746096665.6718764,1.0
1746096665.689215,1.0
1746096665.70671,1.0
1746096665.7240632,1.0
1746096665.7414267,1.0
1746096665.7587678,1.0
1746096665.7761233,1.0
1746096665.793512,1.0
1746096665.810859,1.0
1746096665.828201,1.0
1746096665.8455608,1.0
1746096665.8629143,1.0
1746096665.8802912,1.0
1746096665.8975923,1.0
1746096665.9149432,1.0
1746096665.9322824,1.0
1746096665.9496436,1.0
1746096665.9670386,1.0
1746096665.9862313,1.0
1746096666.0035493,1.0
1746096666.0339448,1.0
1746096666.0512404,1.0
1746096666.0690167,1.0
1746096666.086347,1.0
1746096666.1036904,1.0
1746096666.1213312,1.0
1746096666.1392376,1.0
1746096666.1565342,1.0
1746096666.173878,1.0
1746096666.1914077,1.0
1746096666.2090073,1.0
1746096666.226321,1.0
1746096666.2436473,1.0
1746096666.260957,1.0
1746096666.2782888,1.0
1746096666.2955875,1.0
1746096666.3129249,1.0
1746096666.3302715,1.0
1746096666.3476226,1.0
1746096666.3650045,1.0
1746096666.3823235,1.0
1746096666.3996868,1.0
1746096666.4170165,1.0
1746096666.4343066,1.0
1746096666.4516327,1.0
1746096666.46894,1.0
1746096666.4862466,1.0
1746096666.5035796,1.0
1746096666.5208824,1.0
1746096666.5381908,1.0
1746096666.555502,1.0
1746096666.5728498,1.0
1746096666.59134,1.0
1746096666.6093855,1.0
1746096666.6267178,1.0
1746096666.6440136,1.0
1746096666.6613293,1.0
1746096666.6786582,1.0
1746096666.695978,1.0
1746096666.7132883,1.0
1746096666.730581,1.0
1746096666.7479131,1.0
1746096666.7652085,1.0
1746096666.782527,1.0
1746096666.7999399,1.0
1746096666.8172317,1.0
1746096666.8345492,1.0
1746096666.85187,1.0
1746096666.8691666,1.0
1746096666.8864903,1.0
1746096666.9047778,1.0
1746096666.922076,1.0
1746096666.939396,1.0
1746096666.9567704,1.0
1746096666.975083,1.0
1746096666.9940104,1.0
1746096667.012344,1.0
1746096667.0306568,1.0
1746096667.0480142,1.0
1746096667.06548,1.0
1746096667.0827305,1.0
1746096667.1000395,1.0
1746096667.117353,1.0
1746096667.1346705,1.0
1746096667.151997,1.0
1746096667.1692898,1.0
1746096667.186588,1.0
1746096667.2038848,1.0
1746096667.2212005,1.0
1746096667.2385106,1.0
1746096667.255819,1.0
1746096667.2730713,1.0
1746096667.2903817,1.0
1746096667.307706,1.0
1746096667.3249815,1.0
1746096667.3422692,1.0
1746096667.3596256,1.0
1746096667.3769631,1.0
1746096667.3943303,1.0
1746096667.4116478,1.0
1746096667.4289668,1.0
1746096667.4462633,1.0
1746096667.4636228,1.0
1746096667.4809318,1.0
1746096667.4982615,1.0
1746096667.5157058,1.0
1746096667.5330324,1.0
1746096667.5503452,1.0
1746096667.5676703,1.0
1746096667.5849996,1.0
1746096667.6023571,1.0
1746096667.6196861,1.0
1746096667.6369736,1.0
1746096667.6542652,1.0
1746096667.67156,1.0
1746096667.6888504,1.0
1746096667.7061725,1.0
1746096667.7234902,1.0
1746096667.7407882,1.0
1746096667.7581923,1.0
1746096667.7755277,1.0
1746096667.7928789,1.0
1746096667.8101752,1.0
1746096667.8275023,1.0
1746096667.844789,1.0
1746096667.862099,1.0
1746096667.879443,1.0
1746096667.8967767,1.0
1746096667.9141316,1.0
1746096667.9314473,1.0
1746096667.9487436,1.0
1746096667.9662418,1.0
1746096667.9856236,1.0
1746096668.0029624,1.0
1746096668.0223646,1.0
1746096668.039687,1.0
1746096668.0570507,1.0
1746096668.0745664,1.0
1746096668.0918376,1.0
1746096668.1091006,1.0
1746096668.1263897,1.0
1746096668.1437333,1.0
1746096668.1609614,1.0
1746096668.1782084,1.0
1746096668.1955419,1.0
1746096668.2127967,1.0
1746096668.2307167,1.0
1746096668.2479808,1.0
1746096668.2652,1.0
1746096668.2824287,1.0
1746096668.2996988,1.0
1746096668.3169587,1.0
1746096668.3341997,1.0
1746096668.3514755,1.0
1746096668.3687108,1.0
1746096668.3859694,1.0
1746096668.4032865,1.0
1746096668.4205391,1.0
1746096668.4378266,1.0
1746096668.4550567,1.0
1746096668.4722989,1.0
1746096668.489517,1.0
1746096668.5067594,1.0
1746096668.5240588,1.0
1746096668.5413094,1.0
1746096668.5585842,1.0
1746096668.5758057,1.0
1746096668.5930765,1.0
1746096668.610326,1.0
1746096668.6275942,1.0
1746096668.6448133,1.0
1746096668.6620405,1.0
1746096668.6792958,1.0
1746096668.696498,1.0
1746096668.7137377,1.0
1746096668.731017,1.0
1746096668.7482846,1.0
1746096668.765526,1.0
1746096668.7827675,1.0
1746096668.8000848,1.0
1746096668.8173802,1.0
1746096668.8346837,1.0
1746096668.8519142,1.0
1746096668.8691664,1.0
1746096668.8863654,1.0
1746096668.9036326,1.0
1746096668.9208663,1.0
1746096668.938103,1.0
1746096668.9554574,1.0
1746096668.9730077,1.0
1746096668.991967,1.0
1746096669.009222,1.0
1746096669.0284536,1.0
1746096669.0456874,1.0
1746096669.0630586,1.0
1746096669.0802605,1.0
1746096669.097533,1.0
1746096669.1147616,1.0
1746096669.1320333,1.0
1746096669.1492589,1.0
1746096669.1664917,1.0
1746096669.1837642,1.0
1746096669.2010622,1.0
1746096669.2182987,1.0
1746096669.2355196,1.0
1746096669.2527444,1.0
1746096669.2700155,1.0
1746096669.2872772,1.0
1746096669.3044982,1.0
1746096669.3217137,1.0
1746096669.3389544,1.0
1746096669.3562496,1.0
1746096669.3734853,1.0
1746096669.390725,1.0
1746096669.4080577,1.0
1746096669.425299,1.0
1746096669.4425561,1.0
1746096669.4597857,1.0
1746096669.4769855,1.0
1746096669.4942226,1.0
1746096669.5114727,1.0
1746096669.5287685,1.0
1746096669.5460386,1.0
1746096669.5632827,1.0
1746096669.5805404,1.0
1746096669.597831,1.0
1746096669.6150618,1.0
1746096669.6323178,1.0
1746096669.6495392,1.0
1746096669.666791,1.0
1746096669.6840413,1.0
1746096669.7012787,1.0
1746096669.718521,1.0
1746096669.7357717,1.0
1746096669.7530763,1.0
1746096669.7703352,1.0
1746096669.7875814,1.0
1746096669.8048909,1.0
1746096669.8221326,1.0
1746096669.8393934,1.0
1746096669.8566115,1.0
1746096669.873846,1.0
1746096669.8910685,1.0
1746096669.9083269,1.0
1746096669.9255786,1.0
1746096669.9428265,1.0
1746096669.9601407,1.0
1746096669.9793754,1.0
1746096669.996599,1.0
1746096670.0148902,1.0
1746096670.0329154,1.0
1746096670.0501854,1.0
1746096670.067701,1.0
1746096670.0849538,1.0
1746096670.102201,1.0
1746096670.1194541,1.0
1746096670.1366944,1.0
1746096670.1539204,1.0
1746096670.171173,1.0
1746096670.1883886,1.0
1746096670.2057018,1.0
1746096670.2229414,1.0
1746096670.2408383,1.0
1746096670.2580612,1.0
1746096670.2752993,1.0
1746096670.2925189,1.0
1746096670.3097427,1.0
1746096670.3269792,1.0
1746096670.3442307,1.0
1746096670.3614848,1.0
1746096670.3787217,1.0
1746096670.3959901,1.0
1746096670.4132166,1.0
1746096670.430475,1.0
1746096670.4477544,1.0
1746096670.4649863,1.0
1746096670.482208,1.0
1746096670.4994648,1.0
1746096670.5167255,1.0
1746096670.5340054,1.0
1746096670.551306,1.0
1746096670.5685694,1.0
1746096670.5858672,1.0
1746096670.6031885,1.0
1746096670.6204112,1.0
1746096670.6376405,1.0
1746096670.6549108,1.0
1746096670.672152,1.0
1746096670.689447,1.0
1746096670.7067678,1.0
1746096670.7240262,1.0
1746096670.7412484,1.0
1746096670.7585144,1.0
1746096670.7757585,1.0
1746096670.7929933,1.0
1746096670.8102124,1.0
1746096670.8274655,1.0
1746096670.844748,1.0
1746096670.8619936,1.0
1746096670.8792608,1.0
1746096670.8965285,1.0
1746096670.913804,1.0
1746096670.9310334,1.0
1746096670.9482837,1.0
1746096670.9655883,1.0
1746096670.984582,1.0
1746096671.00186,1.0
1746096671.0210094,1.0
1746096671.0382233,1.0
1746096671.05549,1.0
1746096671.0729122,1.0
1746096671.0901299,1.0
1746096671.107454,1.0
1746096671.124717,1.0
1746096671.1419852,1.0
1746096671.1592927,1.0
1746096671.1765912,1.0
1746096671.1938941,1.0
1746096671.2112043,1.0
1746096671.2284846,1.0
1746096671.2457602,1.0
1746096671.2635152,1.0
1746096671.2808306,1.0
1746096671.298136,1.0
1746096671.315476,1.0
1746096671.332774,1.0
1746096671.3501215,1.0
1746096671.3674402,1.0
1746096671.3847716,1.0
1746096671.4021337,1.0
1746096671.4194622,1.0
1746096671.4367814,1.0
1746096671.454075,1.0
1746096671.4714189,1.0
1746096671.4887471,1.0
1746096671.5060396,1.0
1746096671.5233817,1.0
1746096671.54071,1.0
1746096671.5580075,1.0
1746096671.5753634,1.0
1746096671.5926323,1.0
1746096671.6136413,1.0
1746096671.6308768,1.0
1746096671.6482108,1.0
1746096671.6655324,1.0
1746096671.6828508,1.0
1746096671.7001722,1.0
1746096671.7175002,1.0
1746096671.734851,1.0
1746096671.752168,1.0
1746096671.770061,1.0
1746096671.7873704,1.0
1746096671.8047194,1.0
1746096671.8220358,1.0
1746096671.8393354,1.0
1746096671.856671,1.0
1746096671.8740122,1.0
1746096671.8913279,1.0
1746096671.9086301,1.0
1746096671.9259818,1.0
1746096671.943308,1.0
1746096671.9606829,1.0
1746096671.9803,1.0
1746096671.9975557,1.0
1746096672.0161772,1.0
1746096672.0348158,1.0
1746096672.0521686,1.0
1746096672.0697558,1.0
1746096672.0870738,1.0
1746096672.1044006,1.0
1746096672.1217248,1.0
1746096672.1390228,1.0
1746096672.1563761,1.0
1746096672.1737423,1.0
1746096672.1910694,1.0
1746096672.208474,1.0
1746096672.2257848,1.0
1746096672.2430797,1.0
1746096672.260702,1.0
1746096672.27807,1.0
1746096672.2954123,1.0
1746096672.3127315,1.0
1746096672.3300393,1.0
1746096672.347346,1.0
1746096672.364665,1.0
1746096672.381972,1.0
1746096672.399435,1.0
1746096672.4168112,1.0
1746096672.4341655,1.0
1746096672.4515362,1.0
1746096672.468866,1.0
1746096672.4861908,1.0
1746096672.5035415,1.0
1746096672.520855,1.0
1746096672.5382702,1.0
1746096672.5556004,1.0
1746096672.5729156,1.0
1746096672.5902228,1.0
1746096672.6075628,1.0
1746096672.6248982,1.0
1746096672.6422374,1.0
1746096672.6595523,1.0
1746096672.6768754,1.0
1746096672.6941721,1.0
1746096672.711516,1.0
1746096672.7288184,1.0
1746096672.7461567,1.0
1746096672.7635407,1.0
1746096672.7808256,1.0
1746096672.7981486,1.0
1746096672.815515,1.0
1746096672.8328285,1.0
1746096672.8501697,1.0
1746096672.8675182,1.0
1746096672.8848388,1.0
1746096672.9021456,1.0
1746096672.9195092,1.0
1746096672.9368036,1.0
1746096672.9542148,1.0
1746096672.9718108,1.0
1746096672.9909165,1.0
1746096673.0134296,1.0
1746096673.0320013,1.0
1746096673.0493395,1.0
1746096673.0669136,1.0
1746096673.0842535,1.0
1746096673.101569,1.0
1746096673.1189432,1.0
1746096673.136265,1.0
1746096673.153557,1.0
1746096673.1709094,1.0
1746096673.1882386,1.0
1746096673.2055933,1.0
1746096673.222898,1.0
1746096673.240269,1.0
1746096673.2575607,1.0
1746096673.2749074,1.0
1746096673.2922287,1.0
1746096673.3095589,1.0
1746096673.3268762,1.0
1746096673.3441958,1.0
1746096673.3615155,1.0
1746096673.3788998,1.0
1746096673.3961961,1.0
1746096673.4136024,1.0
1746096673.430912,1.0
1746096673.448255,1.0
1746096673.465576,1.0
1746096673.482947,1.0
1746096673.5002756,1.0
1746096673.5176072,1.0
1746096673.534994,1.0
1746096673.5523708,1.0
1746096673.5696952,1.0
1746096673.5869982,1.0
1746096673.6043787,1.0
1746096673.6217346,1.0
1746096673.6390622,1.0
1746096673.6564105,1.0
1746096673.6737263,1.0
1746096673.6910555,1.0
1746096673.7083745,1.0
1746096673.725776,1.0
1746096673.743098,1.0
1746096673.760413,1.0
1746096673.77773,1.0
1746096673.7950425,1.0
1746096673.8125045,1.0
1746096673.8298304,1.0
1746096673.8471482,1.0
1746096673.8644657,1.0
1746096673.881794,1.0
1746096673.899132,1.0
1746096673.916466,1.0
1746096673.9338064,1.0
1746096673.951143,1.0
1746096673.968491,1.0
1746096673.9876726,1.0
1746096674.005034,1.0
1746096674.0311742,1.0
1746096674.0550935,1.0
1746096674.0727787,1.0
1746096674.0901136,1.0
1746096674.1074064,1.0
1746096674.1247478,1.0
1746096674.1420746,1.0
1746096674.159462,1.0
1746096674.176803,1.0
1746096674.1941457,1.0
1746096674.2115471,1.0
1746096674.2288275,1.0
1746096674.246131,1.0
1746096674.2641037,1.0
1746096674.2814384,1.0
1746096674.2987494,1.0
1746096674.316041,1.0
1746096674.33334,1.0
1746096674.3506508,1.0
1746096674.3679812,1.0
1746096674.385297,1.0
1746096674.40262,1.0
1746096674.4199946,1.0
1746096674.4373116,1.0
1746096674.454633,1.0
1746096674.4719691,1.0
1746096674.4893005,1.0
1746096674.506595,1.0
1746096674.52396,1.0
1746096674.5413463,1.0
1746096674.5586631,1.0
1746096674.575978,1.0
1746096674.5932987,1.0
1746096674.6106627,1.0
1746096674.627969,1.0
1746096674.6452844,1.0
1746096674.6626348,1.0
1746096674.679974,1.0
1746096674.6972573,1.0
1746096674.7145915,1.0
1746096674.731959,1.0
1746096674.7492743,1.0
1746096674.76662,1.0
1746096674.7839556,1.0
1746096674.8012593,1.0
1746096674.8185737,1.0
1746096674.8359444,1.0
1746096674.8532693,1.0
1746096674.87061,1.0
1746096674.8879573,1.0
1746096674.9052808,1.0
1746096674.922622,1.0
1746096674.940111,1.0
1746096674.9577312,1.0
1746096674.976882,1.0
1746096674.9942477,1.0
1746096675.0125887,1.0
1746096675.0310488,1.0
1746096675.0483942,1.0
1746096675.0659707,1.0
1746096675.083338,1.0
1746096675.1006641,1.0
1746096675.1179898,1.0
1746096675.1353555,1.0
1746096675.1526275,1.0
1746096675.1699603,1.0
1746096675.187278,1.0
1746096675.2046428,1.0
1746096675.2220125,1.0
1746096675.2394001,1.0
1746096675.2567387,1.0
1746096675.2740474,1.0
1746096675.2913957,1.0
1746096675.3087096,1.0
1746096675.3260953,1.0
1746096675.3434298,1.0
1746096675.3607183,1.0
1746096675.3780856,1.0
1746096675.3954155,1.0
1746096675.4127865,1.0
1746096675.4301708,1.0
1746096675.447507,1.0
1746096675.4647985,1.0
1746096675.4821413,1.0
1746096675.4994605,1.0
1746096675.516784,1.0
1746096675.5341077,1.0
1746096675.5515082,1.0
1746096675.5688157,1.0
1746096675.586129,1.0
1746096675.6034791,1.0
1746096675.620782,1.0
1746096675.6381145,1.0
1746096675.6554153,1.0
1746096675.672708,1.0
1746096675.6900442,1.0
1746096675.707459,1.0
1746096675.7248118,1.0
1746096675.7421029,1.0
1746096675.759539,1.0
1746096675.7769034,1.0
1746096675.7942216,1.0
1746096675.8116186,1.0
1746096675.8289583,1.0
1746096675.8462613,1.0
1746096675.8635771,1.0
1746096675.8808959,1.0
1746096675.8981826,1.0
1746096675.9155018,1.0
1746096675.9328027,1.0
1746096675.9501317,1.0
1746096675.9675941,1.0
1746096675.9870489,1.0
1746096676.0043433,1.0
1746096676.0240796,1.0
1746096676.0413508,1.0
1746096676.058726,1.0
1746096676.076285,1.0
1746096676.0936055,1.0
1746096676.1109452,1.0
1746096676.1282907,1.0
1746096676.1456215,1.0
1746096676.1629834,1.0
1746096676.1803124,1.0
1746096676.197647,1.0
1746096676.2150686,1.0
1746096676.2323937,1.0
1746096676.2564166,1.0
1746096676.2809224,1.0
1746096676.2982006,1.0
1746096676.3155484,1.0
1746096676.3329606,1.0
1746096676.350263,1.0
1746096676.3675885,1.0
1746096676.3849568,1.0
1746096676.4022484,1.0
1746096676.4196424,1.0
1746096676.4369712,1.0
1746096676.4543235,1.0
1746096676.47168,1.0
1746096676.4890318,1.0
1746096676.506352,1.0
1746096676.5236983,1.0
1746096676.5410042,1.0
1746096676.5584366,1.0
1746096676.575752,1.0
1746096676.5930784,1.0
1746096676.6104631,1.0
1746096676.6423957,1.0
1746096676.6958866,1.0
1746096676.7130046,1.0
1746096676.7301974,1.0
1746096676.7474992,1.0
1746096676.764779,1.0
1746096676.7832682,1.0
1746096676.8009262,1.0
1746096676.818318,1.0
1746096676.8356905,1.0
1746096676.8531568,1.0
1746096676.8705068,1.0
1746096676.8886292,1.0
1746096676.9059317,1.0
1746096676.9232879,1.0
1746096676.9405894,1.0
1746096676.958038,1.0
1746096676.9767337,1.0
1746096676.9941673,1.0
1746096677.0126858,1.0
1746096677.0368924,1.0
1746096677.0542717,1.0
1746096677.0720143,1.0
1746096677.0893517,1.0
1746096677.1070497,1.0
1746096677.124781,1.0
1746096677.1422446,1.0
1746096677.1601608,1.0
1746096677.1774979,1.0
1746096677.1948586,1.0
1746096677.2123103,1.0
1746096677.2296178,1.0
1746096677.2469518,1.0
1746096677.2642653,1.0
1746096677.2815602,1.0
1746096677.2989056,1.0
1746096677.316247,1.0
1746096677.333605,1.0
1746096677.3509727,1.0
1746096677.3683584,1.0
1746096677.385727,1.0
1746096677.4030695,1.0
1746096677.4204328,1.0
1746096677.4377627,1.0
1746096677.4551394,1.0
1746096677.4725018,1.0
1746096677.4898696,1.0
1746096677.5072072,1.0
1746096677.524552,1.0
1746096677.5419042,1.0
1746096677.5592716,1.0
1746096677.576632,1.0
1746096677.5939624,1.0
1746096677.6113546,1.0
1746096677.6287115,1.0
1746096677.6460865,1.0
1746096677.6634536,1.0
1746096677.6807868,1.0
1746096677.698129,1.0
1746096677.7154903,1.0
1746096677.7328634,1.0
1746096677.7502348,1.0
1746096677.7676332,1.0
1746096677.7849782,1.0
1746096677.8023446,1.0
1746096677.8197794,1.0
1746096677.8371341,1.0
1746096677.8544946,1.0
1746096677.8718708,1.0
1746096677.8892598,1.0
1746096677.9065945,1.0
1746096677.9239538,1.0
1746096677.9413016,1.0
1746096677.9587615,1.0
1746096677.9787893,1.0
1746096677.9960356,1.0
1746096678.0143583,1.0
1746096678.032863,1.0
1746096678.050264,1.0
1746096678.0681217,1.0
1746096678.0854619,1.0
1746096678.102792,1.0
1746096678.1201673,1.0
1746096678.137524,1.0
1746096678.1548297,1.0
1746096678.1721468,1.0
1746096678.1894739,1.0
1746096678.2067688,1.0
1746096678.2241175,1.0
1746096678.2414312,1.0
1746096678.2587929,1.0
1746096678.276105,1.0
1746096678.2933986,1.0
1746096678.3111544,1.0
1746096678.3284826,1.0
1746096678.3457923,1.0
1746096678.3631794,1.0
1746096678.3805046,1.0
1746096678.397824,1.0
1746096678.415193,1.0
1746096678.4325297,1.0
1746096678.4498265,1.0
1746096678.4671252,1.0
1746096678.48446,1.0
1746096678.50179,1.0
1746096678.519095,1.0
1746096678.5364578,1.0
1746096678.5537686,1.0
1746096678.5711875,1.0
1746096678.58854,1.0
1746096678.6059024,1.0
1746096678.6233203,1.0
1746096678.640629,1.0
1746096678.6579473,1.0
1746096678.6752825,1.0
1746096678.6926007,1.0
1746096678.7099786,1.0
1746096678.7272937,1.0
1746096678.7446096,1.0
1746096678.76194,1.0
1746096678.7792852,1.0
1746096678.796616,1.0
1746096678.8140512,1.0
1746096678.8313868,1.0
1746096678.8490427,1.0
1746096678.866368,1.0
1746096678.8837283,1.0
1746096678.901099,1.0
1746096678.9184287,1.0
1746096678.935755,1.0
1746096678.9532254,1.0
1746096678.9704676,1.0
1746096678.9898388,1.0
1746096679.0072525,1.0
1746096679.0268712,1.0
1746096679.0442646,1.0
1746096679.0619838,1.0
1746096679.079337,1.0
1746096679.096683,1.0
1746096679.1140163,1.0
1746096679.1313643,1.0
1746096679.1487012,1.0
1746096679.166055,1.0
1746096679.1834092,1.0
1746096679.2007506,1.0
1746096679.218165,1.0
1746096679.2355278,1.0
1746096679.2528958,1.0
1746096679.2702506,1.0
1746096679.2876031,1.0
1746096679.3049226,1.0
1746096679.3222947,1.0
1746096679.3396683,1.0
1746096679.3570323,1.0
1746096679.374377,1.0
1746096679.391749,1.0
1746096679.4091024,1.0
1746096679.4264965,1.0
1746096679.443862,1.0
1746096679.4611962,1.0
1746096679.4785686,1.0
1746096679.4959173,1.0
1746096679.5132513,1.0
1746096679.5306716,1.0
1746096679.5480556,1.0
1746096679.5654278,1.0
1746096679.5827773,1.0
1746096679.6001315,1.0
1746096679.617575,1.0
1746096679.6349664,1.0
1746096679.6523302,1.0
1746096679.6696775,1.0
1746096679.6870732,1.0
1746096679.7044315,1.0
1746096679.721787,1.0
1746096679.739188,1.0
1746096679.7565825,1.0
1746096679.7739084,1.0
1746096679.791266,1.0
1746096679.8086548,1.0
1746096679.82598,1.0
1746096679.8433578,1.0
1746096679.8606782,1.0
1746096679.878017,1.0
1746096679.8954487,1.0
1746096679.9127452,1.0
1746096679.9300613,1.0
1746096679.94736,1.0
1746096679.9647796,1.0
1746096679.9844108,1.0
1746096680.0017192,1.0
1746096680.0208774,1.0
1746096680.0381505,1.0
1746096680.0554805,1.0
1746096680.0729918,1.0
1746096680.0903275,1.0
1746096680.1076572,1.0
1746096680.1249707,1.0
1746096680.1422982,1.0
1746096680.159608,1.0
1746096680.176917,1.0
1746096680.1942382,1.0
1746096680.2115471,1.0
1746096680.2288404,1.0
1746096680.2461498,1.0
1746096680.2635064,1.0
1746096680.2808495,1.0
1746096680.298176,1.0
1746096680.3162117,1.0
1746096680.3335268,1.0
1746096680.3508384,1.0
1746096680.3681543,1.0
1746096680.3854897,1.0
1746096680.4028425,1.0
1746096680.420235,1.0
1746096680.437554,1.0
1746096680.4549005,1.0
1746096680.4722133,1.0
1746096680.4895556,1.0
1746096680.5068715,1.0
1746096680.5241747,1.0
1746096680.5415134,1.0
1746096680.558819,1.0
1746096680.5761328,1.0
1746096680.5935023,1.0
1746096680.6108289,1.0
1746096680.6281507,1.0
1746096680.6454868,1.0
1746096680.6627905,1.0
1746096680.680154,1.0
1746096680.6975076,1.0
1746096680.714918,1.0
1746096680.7322721,1.0
1746096680.7496328,1.0
1746096680.7670496,1.0
1746096680.7844071,1.0
1746096680.8017638,1.0
1746096680.819286,1.0
1746096680.8366563,1.0
1746096680.8540204,1.0
1746096680.8714614,1.0
1746096680.8887997,1.0
1746096680.9061537,1.0
1746096680.9235322,1.0
1746096680.940908,1.0
1746096680.9586568,1.0
1746096680.978261,1.0
1746096680.9955444,1.0
1746096681.0138712,1.0
1746096681.0322485,1.0
1746096681.049661,1.0
1746096681.0673473,1.0
1746096681.0847342,1.0
1746096681.102071,1.0
1746096681.1194525,1.0
1746096681.1368399,1.0
1746096681.1542308,1.0
1746096681.1715708,1.0
1746096681.1889155,1.0
1746096681.2062018,1.0
1746096681.223565,1.0
1746096681.2410595,1.0
1746096681.2583923,1.0
1746096681.2757087,1.0
1746096681.293087,1.0
1746096681.310431,1.0
1746096681.3277524,1.0
1746096681.3451889,1.0
1746096681.362512,1.0
1746096681.37982,1.0
1746096681.3971186,1.0
1746096681.4144208,1.0
1746096681.4317925,1.0
1746096681.4491115,1.0
1746096681.4664137,1.0
1746096681.4837518,1.0
1746096681.501061,1.0
1746096681.518358,1.0
1746096681.535733,1.0
1746096681.5530393,1.0
1746096681.5703998,1.0
1746096681.587756,1.0
1746096681.6051102,1.0
1746096681.6224632,1.0
1746096681.6401436,1.0
1746096681.6604347,1.0
1746096681.677778,1.0
1746096681.6951218,1.0
1746096681.7125046,1.0
1746096681.7298582,1.0
1746096681.7472007,1.0
1746096681.7645578,1.0
1746096681.7819195,1.0
1746096681.799312,1.0
1746096681.8166916,1.0
1746096681.83403,1.0
1746096681.8514333,1.0
1746096681.8688028,1.0
1746096681.886244,1.0
1746096681.9036324,1.0
1746096681.9210672,1.0
1746096681.938473,1.0
1746096681.956009,1.0
1746096681.9741895,1.0
1746096681.9922643,1.0
1746096682.0107908,1.0
1746096682.0296974,1.0
1746096682.0470567,1.0
1746096682.0650392,1.0
1746096682.0823224,1.0
1746096682.0996377,1.0
1746096682.1169815,1.0
1746096682.134311,1.0
1746096682.151689,1.0
1746096682.1690168,1.0
1746096682.1863112,1.0
1746096682.2036448,1.0
1746096682.2210104,1.0
1746096682.238275,1.0
1746096682.2555852,1.0
1746096682.2732022,1.0
1746096682.2905111,1.0
1746096682.3077776,1.0
1746096682.3250818,1.0
1746096682.3432329,1.0
1746096682.360543,1.0
1746096682.3778563,1.0
1746096682.3951943,1.0
1746096682.4124577,1.0
1746096682.4297986,1.0
1746096682.447102,1.0
1746096682.4643652,1.0
1746096682.4816265,1.0
1746096682.4989066,1.0
1746096682.5161495,1.0
1746096682.5334456,1.0
1746096682.5507567,1.0
1746096682.568029,1.0
1746096682.5853288,1.0
1746096682.6025822,1.0
1746096682.6199095,1.0
1746096682.637216,1.0
1746096682.6545048,1.0
1746096682.6717594,1.0
1746096682.6890106,1.0
1746096682.7062407,1.0
1746096682.7234836,1.0
1746096682.7407608,1.0
1746096682.7582173,1.0
1746096682.7756495,1.0
1746096682.7930443,1.0
1746096682.810526,1.0
1746096682.8279934,1.0
1746096682.845415,1.0
1746096682.8628132,1.0
1746096682.8802817,1.0
1746096682.8976717,1.0
1746096682.9150884,1.0
1746096682.9324653,1.0
1746096682.9498734,1.0
1746096682.9674459,1.0
1746096682.9867873,1.0
1746096683.00861,1.0
1746096683.0284772,1.0
1746096683.045936,1.0
1746096683.0641031,1.0
1746096683.0814881,1.0
1746096683.09894,1.0
1746096683.1163788,1.0
1746096683.133777,1.0
1746096683.15128,1.0
1746096683.1686902,1.0
1746096683.1861477,1.0
1746096683.203577,1.0
1746096683.2210753,1.0
1746096683.2385428,1.0
1746096683.2559993,1.0
1746096683.2734022,1.0
1746096683.2908075,1.0
1746096683.3082612,1.0
1746096683.3257148,1.0
1746096683.343131,1.0
1746096683.36062,1.0
1746096683.3781297,1.0
1746096683.3955946,1.0
1746096683.4130228,1.0
1746096683.4305031,1.0
1746096683.4482064,1.0
1746096683.4656723,1.0
1746096683.4830961,1.0
1746096683.5004745,1.0
1746096683.5177944,1.0
1746096683.535082,1.0
1746096683.5523293,1.0
1746096683.5696316,1.0
1746096683.586896,1.0
1746096683.6041753,1.0
1746096683.6214647,1.0
1746096683.6387212,1.0
1746096683.656011,1.0
1746096683.6732934,1.0
1746096683.6905274,1.0
1746096683.7077777,1.0
1746096683.7250226,1.0
1746096683.7422743,1.0
1746096683.759598,1.0
1746096683.7768254,1.0
1746096683.7940776,1.0
1746096683.811363,1.0
1746096683.8286223,1.0
1746096683.8458905,1.0
1746096683.863186,1.0
1746096683.8804693,1.0
1746096683.8977613,1.0
1746096683.915038,1.0
1746096683.9323044,1.0
1746096683.9496899,1.0
1746096683.9670753,1.0
1746096683.9862535,1.0
1746096684.0035634,1.0
1746096684.0232327,1.0
1746096684.040478,1.0
1746096684.057761,1.0
1746096684.0755763,1.0
1746096684.092909,1.0
1746096684.11016,1.0
1746096684.1291504,1.0
1746096684.1464314,1.0
1746096684.1637383,1.0
1746096684.1810222,1.0
1746096684.1982949,1.0
1746096684.2155833,1.0
1746096684.2329173,1.0
1746096684.2501702,1.0
1746096684.2674747,1.0
1746096684.284728,1.0
1746096684.3020446,1.0
1746096684.3193176,1.0
1746096684.336565,1.0
1746096684.3543465,1.0
1746096684.3716922,1.0
1746096684.3889854,1.0
1746096684.4062545,1.0
1746096684.4235697,1.0
1746096684.4408178,1.0
1746096684.458068,1.0
1746096684.475343,1.0
1746096684.4926202,1.0
1746096684.509892,1.0
1746096684.5271504,1.0
1746096684.5444489,1.0
1746096684.561746,1.0
1746096684.5790617,1.0
1746096684.5964017,1.0
1746096684.6137,1.0
1746096684.630988,1.0
1746096684.6482635,1.0
1746096684.665562,1.0
1746096684.6828125,1.0
1746096684.7000568,1.0
1746096684.7173347,1.0
1746096684.7346358,1.0
1746096684.7518914,1.0
1746096684.7691398,1.0
1746096684.7863734,1.0
1746096684.8036659,1.0
1746096684.820947,1.0
1746096684.8381784,1.0
1746096684.8554726,1.0
1746096684.872706,1.0
1746096684.8899865,1.0
1746096684.9072769,1.0
1746096684.9245164,1.0
1746096684.941793,1.0
1746096684.959174,1.0
1746096684.977598,1.0
1746096684.995601,1.0
1746096685.0138698,1.0
1746096685.0325646,1.0
1746096685.0498397,1.0
1746096685.0673559,1.0
1746096685.084589,1.0
1746096685.1018498,1.0
1746096685.119332,1.0
1746096685.136621,1.0
1746096685.153909,1.0
1746096685.171222,1.0
1746096685.188484,1.0
1746096685.205753,1.0
1746096685.2231314,1.0
1746096685.2403963,1.0
1746096685.2577052,1.0
1746096685.2749944,1.0
1746096685.2922657,1.0
1746096685.3095853,1.0
1746096685.326854,1.0
1746096685.344158,1.0
1746096685.3613732,1.0
1746096685.3786278,1.0
1746096685.3958714,1.0
1746096685.413096,1.0
1746096685.430396,1.0
1746096685.447642,1.0
1746096685.4648852,1.0
1746096685.4821398,1.0
1746096685.499398,1.0
1746096685.51667,1.0
1746096685.5338924,1.0
1746096685.551104,1.0
1746096685.5683305,1.0
1746096685.5855474,1.0
1746096685.6028068,1.0
1746096685.620076,1.0
1746096685.6373622,1.0
1746096685.6672645,1.0
1746096685.684481,1.0
1746096685.7016993,1.0
1746096685.7189379,1.0
1746096685.7361867,1.0
1746096685.7534163,1.0
1746096685.770675,1.0
1746096685.7879066,1.0
1746096685.8051777,1.0
1746096685.8224182,1.0
1746096685.839706,1.0
1746096685.8569565,1.0
1746096685.8742454,1.0
1746096685.891549,1.0
1746096685.9088027,1.0
1746096685.9260616,1.0
1746096685.9433913,1.0
1746096685.9606733,1.0
1746096685.9801152,1.0
1746096685.997285,1.0
1746096686.0159407,1.0
1746096686.0340846,1.0
1746096686.0514486,1.0
1746096686.0691054,1.0
1746096686.0864239,1.0
1746096686.1037261,1.0
1746096686.1211302,1.0
1746096686.1384354,1.0
1746096686.1557941,1.0
1746096686.1730547,1.0
1746096686.1903632,1.0
1746096686.2077,1.0
1746096686.2250106,1.0
1746096686.242302,1.0
1746096686.2596307,1.0
1746096686.2769313,1.0
1746096686.2942398,1.0
1746096686.3115668,1.0
1746096686.3288622,1.0
1746096686.346154,1.0
1746096686.3641272,1.0
1746096686.3814056,1.0
1746096686.3987243,1.0
1746096686.4160984,1.0
1746096686.433444,1.0
1746096686.450759,1.0
1746096686.4681368,1.0
1746096686.4854164,1.0
1746096686.5027282,1.0
1746096686.520038,1.0
1746096686.5373912,1.0
1746096686.5546992,1.0
1746096686.5719705,1.0
1746096686.5893025,1.0
1746096686.6066356,1.0
1746096686.6239564,1.0
1746096686.641272,1.0
1746096686.6587818,1.0
1746096686.6796064,1.0
1746096686.6969416,1.0
1746096686.7142487,1.0
1746096686.731558,1.0
1746096686.7488422,1.0
1746096686.7661328,1.0
1746096686.7834332,1.0
1746096686.8007357,1.0
1746096686.8180575,1.0
1746096686.835428,1.0
1746096686.852776,1.0
1746096686.87013,1.0
1746096686.887447,1.0
1746096686.90471,1.0
1746096686.922028,1.0
1746096686.9393525,1.0
1746096686.9566758,1.0
1746096686.9747882,1.0
1746096686.993051,1.0
1746096687.0115259,1.0
1746096687.0299397,1.0
1746096687.0472999,1.0
1746096687.0652342,1.0
1746096687.0825076,1.0
1746096687.0998647,1.0
1746096687.117148,1.0
1746096687.1344643,1.0
1746096687.1518004,1.0
1746096687.1690958,1.0
1746096687.186393,1.0
1746096687.2037523,1.0
1746096687.2210457,1.0
1746096687.2383852,1.0
1746096687.2557125,1.0
1746096687.2730312,1.0
1746096687.2903626,1.0
1746096687.3076942,1.0
1746096687.3250358,1.0
1746096687.3423731,1.0
1746096687.3596897,1.0
1746096687.3769767,1.0
1746096687.394967,1.0
1746096687.412239,1.0
1746096687.4296107,1.0
1746096687.446903,1.0
1746096687.4642181,1.0
1746096687.4815066,1.0
1746096687.4988286,1.0
1746096687.516168,1.0
1746096687.5334554,1.0
1746096687.5511303,1.0
1746096687.5684555,1.0
1746096687.5857325,1.0
1746096687.6030676,1.0
1746096687.6203566,1.0
1746096687.6377096,1.0
1746096687.6550393,1.0
1746096687.67247,1.0
1746096687.6897714,1.0
1746096687.7070649,1.0
1746096687.724365,1.0
1746096687.7416465,1.0
1746096687.759,1.0
1746096687.7763212,1.0
1746096687.793615,1.0
1746096687.810901,1.0
1746096687.8281891,1.0
1746096687.8454902,1.0
1746096687.8627965,1.0
1746096687.8801026,1.0
1746096687.8973897,1.0
1746096687.914655,1.0
1746096687.9319496,1.0
1746096687.949229,1.0
1746096687.9666877,1.0
1746096687.9858487,1.0
1746096688.0031383,1.0
1746096688.0225272,1.0
1746096688.0399098,1.0
1746096688.0572014,1.0
1746096688.0746498,1.0
1746096688.091982,1.0
1746096688.1093478,1.0
1746096688.1266859,1.0
1746096688.14397,1.0
1746096688.161271,1.0
1746096688.178595,1.0
1746096688.195916,1.0
1746096688.2131965,1.0
1746096688.2306476,1.0
1746096688.2479756,1.0
1746096688.265337,1.0
1746096688.282638,1.0
1746096688.299955,1.0
1746096688.3172975,1.0
1746096688.3346152,1.0
1746096688.351938,1.0
1746096688.369219,1.0
1746096688.3871565,1.0
1746096688.4044755,1.0
1746096688.4217737,1.0
1746096688.43911,1.0
1746096688.4563937,1.0
1746096688.4737015,1.0
1746096688.4909892,1.0
1746096688.5083005,1.0
1746096688.5255992,1.0
1746096688.5429056,1.0
1746096688.5602014,1.0
1746096688.577559,1.0
1746096688.594871,1.0
1746096688.6121979,1.0
1746096688.6294987,1.0
1746096688.6467838,1.0
1746096688.6640918,1.0
1746096688.6813967,1.0
1746096688.698723,1.0
1746096688.7160423,1.0
1746096688.7333388,1.0
1746096688.750653,1.0
1746096688.768005,1.0
1746096688.7853403,1.0
1746096688.8026307,1.0
1746096688.8199582,1.0
1746096688.837346,1.0
1746096688.8546896,1.0
1746096688.871989,1.0
1746096688.8893228,1.0
1746096688.9066262,1.0
1746096688.9239533,1.0
1746096688.9412782,1.0
1746096688.958826,1.0
1746096688.9781358,1.0
1746096688.995365,1.0
1746096689.0137043,1.0
1746096689.0320008,1.0
1746096689.0492988,1.0
1746096689.0669386,1.0
1746096689.0842516,1.0
1746096689.1015847,1.0
1746096689.1189005,1.0
1746096689.1361904,1.0
1746096689.153496,1.0
1746096689.1707735,1.0
1746096689.1880877,1.0
1746096689.2053852,1.0
1746096689.222695,1.0
1746096689.2401466,1.0
1746096689.2574544,1.0
1746096689.2747927,1.0
1746096689.292119,1.0
1746096689.309429,1.0
1746096689.326754,1.0
1746096689.3440998,1.0
1746096689.3613913,1.0
1746096689.3787012,1.0
1746096689.3960314,1.0
1746096689.4133425,1.0
1746096689.4306564,1.0
1746096689.4480093,1.0
1746096689.4654088,1.0
1746096689.482898,1.0
1746096689.5004256,1.0
1746096689.5178745,1.0
1746096689.5353236,1.0
1746096689.5527525,1.0
1746096689.5701647,1.0
1746096689.587575,1.0
1746096689.6049976,1.0
1746096689.6224072,1.0
1746096689.6399066,1.0
1746096689.6573238,1.0
1746096689.6747563,1.0
1746096689.6921651,1.0
1746096689.7095895,1.0
1746096689.7269828,1.0
1746096689.7444434,1.0
1746096689.761863,1.0
1746096689.7792764,1.0
1746096689.796738,1.0
1746096689.8141706,1.0
1746096689.83158,1.0
1746096689.8489673,1.0
1746096689.8663857,1.0
1746096689.8838277,1.0
1746096689.9012332,1.0
1746096689.9186716,1.0
1746096689.936087,1.0
1746096689.953814,1.0
1746096689.9711246,1.0
1746096689.990402,1.0
1746096690.0078251,1.0
1746096690.0278904,1.0
1746096690.0453796,1.0
1746096690.0632,1.0
1746096690.080653,1.0
1746096690.0981045,1.0
1746096690.1156096,1.0
1746096690.1330128,1.0
1746096690.1504297,1.0
1746096690.1679049,1.0
1746096690.185308,1.0
1746096690.202695,1.0
1746096690.2201118,1.0
1746096690.2375624,1.0
1746096690.2550046,1.0
1746096690.2724206,1.0
1746096690.2898097,1.0
1746096690.3072486,1.0
1746096690.3246627,1.0
1746096690.3421278,1.0
1746096690.3595572,1.0
1746096690.3769853,1.0
1746096690.394798,1.0
1746096690.412213,1.0
1746096690.4296343,1.0
1746096690.4471338,1.0
1746096690.4645514,1.0
1746096690.4819643,1.0
1746096690.4993677,1.0
1746096690.516793,1.0
1746096690.534199,1.0
1746096690.5515907,1.0
1746096690.5689442,1.0
1746096690.5863402,1.0
1746096690.6037202,1.0
1746096690.6211362,1.0
1746096690.6385643,1.0
1746096690.655963,1.0
1746096690.673338,1.0
1746096690.6907215,1.0
1746096690.7081652,1.0
1746096690.7255352,1.0
1746096690.7429302,1.0
1746096690.7603388,1.0
1746096690.7777243,1.0
1746096690.7951143,1.0
1746096690.8124914,1.0
1746096690.829874,1.0
1746096690.847332,1.0
1746096690.8647056,1.0
1746096690.8821104,1.0
1746096690.899466,1.0
1746096690.9168618,1.0
1746096690.9342694,1.0
1746096690.9516606,1.0
1746096690.9690795,1.0
1746096690.9887335,1.0
1746096691.0061367,1.0
1746096691.025482,1.0
1746096691.042895,1.0
1746096691.0603611,1.0
1746096691.0776548,1.0
1746096691.094992,1.0
1746096691.1123366,1.0
1746096691.1296165,1.0
1746096691.1469522,1.0
1746096691.164309,1.0
1746096691.1816154,1.0
1746096691.1989639,1.0
1746096691.2162971,1.0
1746096691.233624,1.0
1746096691.250981,1.0
1746096691.2682838,1.0
1746096691.2856083,1.0
1746096691.3029292,1.0
1746096691.3202522,1.0
1746096691.3375695,1.0
1746096691.3548882,1.0
1746096691.372185,1.0
1746096691.38951,1.0
1746096691.4068065,1.0
1746096691.4241266,1.0
1746096691.4414515,1.0
1746096691.458782,1.0
1746096691.4761145,1.0
1746096691.4934444,1.0
1746096691.5107615,1.0
1746096691.528075,1.0
1746096691.5454166,1.0
1746096691.56269,1.0
1746096691.580024,1.0
1746096691.597347,1.0
1746096691.6146526,1.0
1746096691.631947,1.0
1746096691.649345,1.0
1746096691.6666553,1.0
1746096691.6852627,1.0
1746096691.7034187,1.0
1746096691.7207537,1.0
1746096691.7380793,1.0
1746096691.7554815,1.0
1746096691.772805,1.0
1746096691.7901988,1.0
1746096691.8076692,1.0
1746096691.824992,1.0
1746096691.8423598,1.0
1746096691.8597996,1.0
1746096691.8771105,1.0
1746096691.8944259,1.0
1746096691.9118035,1.0
1746096691.929173,1.0
1746096691.9465196,1.0
1746096691.9640162,1.0
1746096691.9852724,1.0
1746096692.0026333,1.0
1746096692.022062,1.0
1746096692.0394957,1.0
1746096692.0568569,1.0
1746096692.0743499,1.0
1746096692.0917718,1.0
1746096692.10915,1.0
1746096692.1266015,1.0
1746096692.1439583,1.0
1746096692.1612928,1.0
1746096692.1786468,1.0
1746096692.196055,1.0
1746096692.213405,1.0
1746096692.2307808,1.0
1746096692.2483015,1.0
1746096692.2656422,1.0
1746096692.282984,1.0
1746096692.3003464,1.0
1746096692.317703,1.0
1746096692.335045,1.0
1746096692.3523574,1.0
1746096692.369707,1.0
1746096692.3870573,1.0
1746096692.4043972,1.0
1746096692.4223492,1.0
1746096692.4398355,1.0
1746096692.4571934,1.0
1746096692.4745805,1.0
1746096692.4919815,1.0
1746096692.5100243,1.0
1746096692.5273376,1.0
1746096692.5446773,1.0
1746096692.5619922,1.0
1746096692.5792892,1.0
1746096692.5966077,1.0
1746096692.6139073,1.0
1746096692.6312542,1.0
1746096692.6485796,1.0
1746096692.665877,1.0
1746096692.683156,1.0
1746096692.700463,1.0
1746096692.7177467,1.0
1746096692.735031,1.0
1746096692.7523427,1.0
1746096692.7696593,1.0
1746096692.7870097,1.0
1746096692.8043256,1.0
1746096692.8216372,1.0
1746096692.8389778,1.0
1746096692.856307,1.0
1746096692.8736043,1.0
1746096692.8909588,1.0
1746096692.9083295,1.0
1746096692.9256651,1.0
1746096692.942974,1.0
1746096692.9603386,1.0
1746096692.9793615,1.0
1746096693.0021966,1.0
1746096693.0213563,1.0
1746096693.0386548,1.0
1746096693.0559251,1.0
1746096693.0736804,1.0
1746096693.090949,1.0
1746096693.1082613,1.0
1746096693.1255288,1.0
1746096693.142784,1.0
1746096693.1600642,1.0
1746096693.1773243,1.0
1746096693.1945925,1.0
1746096693.2118723,1.0
1746096693.2291384,1.0
1746096693.2465298,1.0
1746096693.2637851,1.0
1746096693.2810652,1.0
1746096693.2983367,1.0
1746096693.3156304,1.0
1746096693.3329127,1.0
1746096693.3501906,1.0
1746096693.367444,1.0
1746096693.3847136,1.0
1746096693.4019392,1.0
1746096693.4192138,1.0
1746096693.436432,1.0
1746096693.4537387,1.0
1746096693.4709811,1.0
1746096693.4882197,1.0
1746096693.5054526,1.0
1746096693.5227187,1.0
1746096693.5399597,1.0
1746096693.5571961,1.0
1746096693.5744607,1.0
1746096693.5917737,1.0
1746096693.6090379,1.0
1746096693.6263754,1.0
1746096693.6436608,1.0
1746096693.660918,1.0
1746096693.678175,1.0
1746096693.6954634,1.0
1746096693.712692,1.0
1746096693.7299306,1.0
1746096693.7471716,1.0
1746096693.764399,1.0
1746096693.7816408,1.0
1746096693.7989686,1.0
1746096693.8162131,1.0
1746096693.8334596,1.0
1746096693.8507848,1.0
1746096693.8680513,1.0
1746096693.8853633,1.0
1746096693.9026515,1.0
1746096693.9199142,1.0
1746096693.9371686,1.0
1746096693.9545026,1.0
1746096693.9718387,1.0
1746096693.9929326,1.0
1746096694.0113647,1.0
1746096694.0296564,1.0
1746096694.0470111,1.0
1746096694.064637,1.0
1746096694.0819733,1.0
1746096694.099394,1.0
1746096694.116713,1.0
1746096694.134149,1.0
1746096694.1515477,1.0
1746096694.1688569,1.0
1746096694.1861763,1.0
1746096694.2035565,1.0
1746096694.2208984,1.0
1746096694.2382095,1.0
1746096694.2556283,1.0
1746096694.2729733,1.0
1746096694.2903368,1.0
1746096694.3077352,1.0
1746096694.3250375,1.0
1746096694.3424196,1.0
1746096694.3598223,1.0
1746096694.3771396,1.0
1746096694.394467,1.0
1746096694.4118242,1.0
1746096694.4298253,1.0
1746096694.447228,1.0
1746096694.4645784,1.0
1746096694.4818983,1.0
1746096694.4992795,1.0
1746096694.5166113,1.0
1746096694.5339541,1.0
1746096694.5513203,1.0
1746096694.5686717,1.0
1746096694.5860007,1.0
1746096694.60336,1.0
1746096694.62068,1.0
1746096694.6380806,1.0
1746096694.6554997,1.0
1746096694.672826,1.0
1746096694.6901782,1.0
1746096694.707536,1.0
1746096694.7248642,1.0
1746096694.7421973,1.0
1746096694.7595184,1.0
1746096694.776904,1.0
1746096694.7942429,1.0
1746096694.8116777,1.0
1746096694.8290467,1.0
1746096694.8464708,1.0
1746096694.863818,1.0
1746096694.881242,1.0
1746096694.8986156,1.0
1746096694.916005,1.0
1746096694.9334013,1.0
1746096694.95073,1.0
1746096694.9680681,1.0
1746096694.987792,1.0
1746096695.005078,1.0
1746096695.0245485,1.0
1746096695.0418391,1.0
1746096695.0594795,1.0
1746096695.0768585,1.0
1746096695.0941455,1.0
1746096695.1113951,1.0
1746096695.1286302,1.0
1746096695.1458442,1.0
1746096695.163105,1.0
1746096695.1803703,1.0
1746096695.1976311,1.0
1746096695.2149057,1.0
1746096695.2321918,1.0
1746096695.249502,1.0
1746096695.266776,1.0
1746096695.284062,1.0
1746096695.301354,1.0
1746096695.3185997,1.0
1746096695.3358946,1.0
1746096695.3531487,1.0
1746096695.3704143,1.0
1746096695.3876865,1.0
1746096695.4049776,1.0
1746096695.4222333,1.0
1746096695.4395192,1.0
1746096695.4568346,1.0
1746096695.4741426,1.0
1746096695.4914496,1.0
1746096695.508695,1.0
1746096695.5259306,1.0
1746096695.5432656,1.0
1746096695.5605047,1.0
1746096695.5777729,1.0
1746096695.5950208,1.0
1746096695.612303,1.0
1746096695.6295714,1.0
1746096695.6468906,1.0
1746096695.6641726,1.0
1746096695.6814346,1.0
1746096695.698714,1.0
1746096695.71607,1.0
1746096695.7333193,1.0
1746096695.7506034,1.0
1746096695.7678676,1.0
1746096695.7851326,1.0
1746096695.802422,1.0
1746096695.8197262,1.0
1746096695.8370316,1.0
1746096695.8543508,1.0
1746096695.8715796,1.0
1746096695.8890097,1.0
1746096695.9063377,1.0
1746096695.9236977,1.0
1746096695.940972,1.0
1746096695.9584146,1.0
1746096695.977045,1.0
1746096695.9948692,1.0
1746096696.0131865,1.0
1746096696.0318203,1.0
1746096696.0491712,1.0
1746096696.0666928,1.0
1746096696.0840185,1.0
1746096696.1013122,1.0
1746096696.1187959,1.0
1746096696.1360989,1.0
1746096696.1534152,1.0
1746096696.170743,1.0
1746096696.1880772,1.0
1746096696.2054002,1.0
1746096696.2227254,1.0
1746096696.2400393,1.0
1746096696.2574313,1.0
1746096696.2747438,1.0
1746096696.2920694,1.0
1746096696.3093767,1.0
1746096696.3267121,1.0
1746096696.3440654,1.0
1746096696.361379,1.0
1746096696.3786776,1.0
1746096696.396012,1.0
1746096696.413316,1.0
1746096696.4306245,1.0
1746096696.4483867,1.0
1746096696.4656816,1.0
1746096696.4830105,1.0
1746096696.5003543,1.0
1746096696.5176563,1.0
1746096696.5350482,1.0
1746096696.5524228,1.0
1746096696.5697548,1.0
1746096696.5870943,1.0
1746096696.604445,1.0
1746096696.6217592,1.0
1746096696.6390634,1.0
1746096696.656429,1.0
1746096696.6737254,1.0
1746096696.691078,1.0
1746096696.711964,1.0
1746096696.7292569,1.0
1746096696.7465703,1.0
1746096696.763837,1.0
1746096696.7811487,1.0
1746096696.7984602,1.0
1746096696.8158166,1.0
1746096696.8331473,1.0
1746096696.8504927,1.0
1746096696.867804,1.0
1746096696.8850906,1.0
1746096696.9024389,1.0
1746096696.9197614,1.0
1746096696.9370663,1.0
1746096696.9544823,1.0
1746096696.9720414,1.0
1746096696.991043,1.0
1746096697.0083604,1.0
1746096697.0277803,1.0
1746096697.0451212,1.0
1746096697.0627563,1.0
1746096697.0800824,1.0
1746096697.097468,1.0
1746096697.114871,1.0
1746096697.132304,1.0
1746096697.1497746,1.0
1746096697.1671884,1.0
1746096697.184581,1.0
1746096697.2020164,1.0
1746096697.2194395,1.0
1746096697.236868,1.0
1746096697.2543383,1.0
1746096697.2717319,1.0
1746096697.2890568,1.0
1746096697.3063493,1.0
1746096697.3236606,1.0
1746096697.3410094,1.0
1746096697.3583715,1.0
1746096697.3756819,1.0
1746096697.3929884,1.0
1746096697.4103296,1.0
1746096697.4276462,1.0
1746096697.4449625,1.0
1746096697.4622736,1.0
1746096697.4796052,1.0
1746096697.4969392,1.0
1746096697.5142646,1.0
1746096697.5315993,1.0
1746096697.548917,1.0
1746096697.5662181,1.0
1746096697.5835536,1.0
1746096697.6008837,1.0
1746096697.6181748,1.0
1746096697.6360774,1.0
1746096697.6535697,1.0
1746096697.671013,1.0
1746096697.6884751,1.0
1746096697.7059293,1.0
1746096697.7234013,1.0
1746096697.740834,1.0
1746096697.7583027,1.0
1746096697.7756996,1.0
1746096697.7933233,1.0
1746096697.810689,1.0
1746096697.8281338,1.0
1746096697.845602,1.0
1746096697.8629985,1.0
1746096697.8803947,1.0
1746096697.8977578,1.0
1746096697.91521,1.0
1746096697.932638,1.0
1746096697.9500523,1.0
1746096697.967552,1.0
1746096697.9870107,1.0
1746096698.0043838,1.0
1746096698.0238295,1.0
1746096698.0411406,1.0
1746096698.0585642,1.0
1746096698.0761936,1.0
1746096698.0935843,1.0
1746096698.1109812,1.0
1746096698.1283896,1.0
1746096698.145828,1.0
1746096698.163326,1.0
1746096698.1807156,1.0
1746096698.1981294,1.0
1746096698.215551,1.0
1746096698.232957,1.0
1746096698.25039,1.0
1746096698.2676744,1.0
1746096698.2849717,1.0
1746096698.302312,1.0
1746096698.3196194,1.0
1746096698.3369377,1.0
1746096698.3542323,1.0
1746096698.371565,1.0
1746096698.3889217,1.0
1746096698.406214,1.0
1746096698.4234998,1.0
1746096698.4407744,1.0
1746096698.458475,1.0
1746096698.4757447,1.0
1746096698.492986,1.0
1746096698.5102222,1.0
1746096698.5274713,1.0
1746096698.544704,1.0
1746096698.5619411,1.0
1746096698.5791855,1.0
1746096698.596496,1.0
1746096698.6137486,1.0
1746096698.6309965,1.0
1746096698.6482608,1.0
1746096698.6655335,1.0
1746096698.6828597,1.0
1746096698.7001674,1.0
1746096698.71751,1.0
1746096698.7348325,1.0
1746096698.7522244,1.0
1746096698.7695274,1.0
1746096698.786863,1.0
1746096698.804278,1.0
1746096698.8215785,1.0
1746096698.8389263,1.0
1746096698.8562953,1.0
1746096698.87362,1.0
1746096698.890952,1.0
1746096698.9082599,1.0
1746096698.925587,1.0
1746096698.9428759,1.0
1746096698.9601865,1.0
1746096698.9798198,1.0
1746096698.997018,1.0
1746096699.0152378,1.0
1746096699.0336406,1.0
1746096699.0509555,1.0
1746096699.0688124,1.0
1746096699.0862188,1.0
1746096699.1036649,1.0
1746096699.1210644,1.0
1746096699.1384525,1.0
1746096699.1559165,1.0
1746096699.173292,1.0
1746096699.1907048,1.0
1746096699.208104,1.0
1746096699.2254765,1.0
1746096699.242861,1.0
1746096699.2603047,1.0
1746096699.277668,1.0
1746096699.2950711,1.0
1746096699.312449,1.0
1746096699.3298752,1.0
1746096699.3473053,1.0
1746096699.364737,1.0
1746096699.3821168,1.0
1746096699.399587,1.0
1746096699.4169946,1.0
1746096699.4343677,1.0
1746096699.4517982,1.0
1746096699.4692233,1.0
1746096699.486646,1.0
1746096699.5040421,1.0
1746096699.521421,1.0
1746096699.538857,1.0
1746096699.5562727,1.0
1746096699.5736501,1.0
1746096699.5910127,1.0
1746096699.6084511,1.0
1746096699.6258347,1.0
1746096699.643299,1.0
1746096699.6606925,1.0
1746096699.6780825,1.0
1746096699.6954966,1.0
1746096699.712901,1.0
1746096699.7303152,1.0
1746096699.7477305,1.0
1746096699.7651927,1.0
1746096699.782589,1.0
1746096699.7999668,1.0
1746096699.817403,1.0
1746096699.8348048,1.0
1746096699.8522468,1.0
1746096699.86965,1.0
1746096699.8870597,1.0
1746096699.9044685,1.0
1746096699.9218569,1.0
1746096699.9392757,1.0
1746096699.9568214,1.0
1746096699.9750645,1.0
1746096699.993276,1.0
1746096700.0116775,1.0
1746096700.0298162,1.0
1746096700.0471585,1.0
1746096700.0650396,1.0
1746096700.0823188,1.0
1746096700.0997179,1.0
1746096700.117195,1.0
1746096700.1344957,1.0
1746096700.1518664,1.0
1746096700.1691785,1.0
1746096700.186494,1.0
1746096700.2038507,1.0
1746096700.2211883,1.0
1746096700.238522,1.0
1746096700.2558916,1.0
1746096700.2731948,1.0
1746096700.290499,1.0
1746096700.3078313,1.0
1746096700.3251333,1.0
1746096700.3424692,1.0
1746096700.3598123,1.0
1746096700.3770928,1.0
1746096700.3944404,1.0
1746096700.4118166,1.0
1746096700.4291484,1.0
1746096700.4464564,1.0
1746096700.4638329,1.0
1746096700.4818907,1.0
1746096700.4992535,1.0
1746096700.5165782,1.0
1746096700.5339136,1.0
1746096700.5512373,1.0
1746096700.5685642,1.0
1746096700.585876,1.0
1746096700.603221,1.0
1746096700.620558,1.0
1746096700.637894,1.0
1746096700.661801,1.0
1746096700.685385,1.0
1746096700.702649,1.0
1746096700.720035,1.0
1746096700.7374315,1.0
1746096700.7547731,1.0
1746096700.7721367,1.0
1746096700.789472,1.0
1746096700.8068807,1.0
1746096700.8242664,1.0
1746096700.8416054,1.0
1746096700.8589804,1.0
1746096700.8763456,1.0
1746096700.8937058,1.0
1746096700.9110281,1.0
1746096700.9283602,1.0
1746096700.9456854,1.0
1746096700.9632876,1.0
1746096700.9827049,1.0
1746096701.0000577,1.0
1746096701.0197613,1.0
1746096701.0370245,1.0
1746096701.0543554,1.0
1746096701.0719662,1.0
1746096701.089286,1.0
1746096701.1066236,1.0
1746096701.1239755,1.0
1746096701.1413207,1.0
1746096701.1587253,1.0
1746096701.1760435,1.0
1746096701.193458,1.0
1746096701.2113466,1.0
1746096701.228737,1.0
1746096701.2460856,1.0
1746096701.2634695,1.0
1746096701.2807705,1.0
1746096701.2980766,1.0
1746096701.3153806,1.0
1746096701.3326871,1.0
1746096701.3499758,1.0
1746096701.3672833,1.0
1746096701.3845565,1.0
1746096701.4018583,1.0
1746096701.419173,1.0
1746096701.436506,1.0
1746096701.453785,1.0
1746096701.4710782,1.0
1746096701.4883597,1.0
1746096701.5056353,1.0
1746096701.5229552,1.0
1746096701.5402591,1.0
1746096701.557569,1.0
1746096701.574861,1.0
1746096701.5921667,1.0
1746096701.6094763,1.0
1746096701.6267831,1.0
1746096701.6441104,1.0
1746096701.6615515,1.0
1746096701.6788747,1.0
1746096701.6962109,1.0
1746096701.713532,1.0
1746096701.7329266,1.0
1746096701.750296,1.0
1746096701.7676694,1.0
1746096701.7850113,1.0
1746096701.8023741,1.0
1746096701.819757,1.0
1746096701.8371112,1.0
1746096701.854453,1.0
1746096701.8718061,1.0
1746096701.889251,1.0
1746096701.9065976,1.0
1746096701.9239714,1.0
1746096701.9413257,1.0
1746096701.9588797,1.0
1746096701.9789505,1.0
1746096701.9962215,1.0
1746096702.0145485,1.0
1746096702.033139,1.0
1746096702.0505164,1.0
1746096702.0682664,1.0
1746096702.0856378,1.0
1746096702.1029847,1.0
1746096702.1203432,1.0
1746096702.1376803,1.0
1746096702.155037,1.0
1746096702.1723924,1.0
1746096702.1897244,1.0
1746096702.2070806,1.0
1746096702.22443,1.0
1746096702.2417746,1.0
1746096702.2591846,1.0
1746096702.276524,1.0
1746096702.2938747,1.0
1746096702.3112233,1.0
1746096702.328569,1.0
1746096702.3459215,1.0
1746096702.3632972,1.0
1746096702.3806968,1.0
1746096702.3980427,1.0
1746096702.4153576,1.0
1746096702.4326363,1.0
1746096702.4499724,1.0
1746096702.4672728,1.0
1746096702.4845483,1.0
1746096702.5024362,1.0
1746096702.5197542,1.0
1746096702.5370448,1.0
1746096702.5543451,1.0
1746096702.571629,1.0
1746096702.5889194,1.0
1746096702.606247,1.0
1746096702.6235638,1.0
1746096702.6408367,1.0
1746096702.6582124,1.0
1746096702.6755266,1.0
1746096702.6928546,1.0
1746096702.7101977,1.0
1746096702.7274876,1.0
1746096702.7447855,1.0
1746096702.7620714,1.0
1746096702.7794037,1.0
1746096702.7967365,1.0
1746096702.814022,1.0
1746096702.8313644,1.0
1746096702.8486633,1.0
1746096702.8659925,1.0
1746096702.8833556,1.0
1746096702.9006448,1.0
1746096702.9179275,1.0
1746096702.9352806,1.0
1746096702.952665,1.0
1746096702.9699914,1.0
1746096702.9887807,1.0
1746096703.0123436,1.0
1746096703.0309415,1.0
1746096703.048373,1.0
1746096703.0662155,1.0
1746096703.0835438,1.0
1746096703.100968,1.0
1746096703.1183836,1.0
1746096703.135837,1.0
1746096703.1532273,1.0
1746096703.1707172,1.0
1746096703.1881433,1.0
1746096703.205527,1.0
1746096703.2229362,1.0
1746096703.2403522,1.0
1746096703.257755,1.0
1746096703.2752132,1.0
1746096703.292592,1.0
1746096703.3099384,1.0
1746096703.3272665,1.0
1746096703.344546,1.0
1746096703.361867,1.0
1746096703.379174,1.0
1746096703.3964856,1.0
1746096703.4137745,1.0
1746096703.43109,1.0
1746096703.4483943,1.0
1746096703.4657428,1.0
1746096703.483031,1.0
1746096703.500369,1.0
1746096703.52425,1.0
1746096703.5481482,1.0
1746096703.5654087,1.0
1746096703.5827255,1.0
1746096703.6001036,1.0
1746096703.617415,1.0
1746096703.6347337,1.0
1746096703.6520278,1.0
1746096703.6694584,1.0
1746096703.6868114,1.0
1746096703.7041118,1.0
1746096703.7214336,1.0
1746096703.7387598,1.0
1746096703.7561486,1.0
1746096703.7734556,1.0
1746096703.7907438,1.0
1746096703.8080487,1.0
1746096703.8253434,1.0
1746096703.842638,1.0
1746096703.8599458,1.0
1746096703.8772583,1.0
1746096703.8945887,1.0
1746096703.9119492,1.0
1746096703.9292457,1.0
1746096703.94653,1.0
1746096703.9639466,1.0
1746096703.9831192,1.0
1746096704.0004063,1.0
1746096704.018973,1.0
1746096704.0370343,1.0
1746096704.0544322,1.0
1746096704.0720863,1.0
1746096704.089484,1.0
1746096704.1067805,1.0
1746096704.12416,1.0
1746096704.1415017,1.0
1746096704.1589568,1.0
1746096704.1762962,1.0
1746096704.19364,1.0
1746096704.2109878,1.0
1746096704.2283,1.0
1746096704.2456365,1.0
1746096704.2630327,1.0
1746096704.2803452,1.0
1746096704.2976747,1.0
1746096704.315037,1.0
1746096704.3323936,1.0
1746096704.3496978,1.0
1746096704.3670065,1.0
1746096704.3843384,1.0
1746096704.4017296,1.0
1746096704.4190583,1.0
1746096704.4364083,1.0
1746096704.4537597,1.0
1746096704.471123,1.0
1746096704.4884763,1.0
1746096704.5062585,1.0
1746096704.5236263,1.0
1746096704.5409884,1.0
1746096704.558339,1.0
1746096704.5756824,1.0
1746096704.5930393,1.0
1746096704.6103551,1.0
1746096704.627703,1.0
1746096704.6450148,1.0
1746096704.662344,1.0
1746096704.6796496,1.0
1746096704.6969502,1.0
1746096704.7142177,1.0
1746096704.731676,1.0
1746096704.7489429,1.0
1746096704.766241,1.0
1746096704.7835164,1.0
1746096704.8008246,1.0
1746096704.8181512,1.0
1746096704.835443,1.0
1746096704.8527462,1.0
1746096704.8700864,1.0
1746096704.887449,1.0
1746096704.904735,1.0
1746096704.9220464,1.0
1746096704.9394052,1.0
1746096704.9571435,1.0
1746096704.9752295,1.0
1746096704.993398,1.0
1746096705.0118115,1.0
1746096705.0304737,1.0
1746096705.0478036,1.0
1746096705.065767,1.0
1746096705.0830412,1.0
1746096705.1003497,1.0
1746096705.11768,1.0
1746096705.1349857,1.0
1746096705.1523206,1.0
1746096705.1696103,1.0
1746096705.1869144,1.0
1746096705.2042055,1.0
1746096705.2215033,1.0
1746096705.2387757,1.0
1746096705.2560756,1.0
1746096705.2734413,1.0
1746096705.290762,1.0
1746096705.308307,1.0
1746096705.3256066,1.0
1746096705.3429568,1.0
1746096705.3602672,1.0
1746096705.377575,1.0
1746096705.3948786,1.0
1746096705.412174,1.0
1746096705.4294226,1.0
1746096705.4467275,1.0
1746096705.46397,1.0
1746096705.48127,1.0
1746096705.4985363,1.0
1746096705.515814,1.0
1746096705.5330646,1.0
1746096705.550341,1.0
1746096705.567634,1.0
1746096705.5849128,1.0
1746096705.602186,1.0
1746096705.6194675,1.0
1746096705.6367116,1.0
1746096705.6539636,1.0
1746096705.6713874,1.0
1746096705.688655,1.0
1746096705.7059758,1.0
1746096705.7232704,1.0
1746096705.7405305,1.0
1746096705.7578032,1.0
1746096705.7750936,1.0
1746096705.7923605,1.0
1746096705.8096435,1.0
1746096705.8269165,1.0
1746096705.8442018,1.0
1746096705.8614776,1.0
1746096705.8788419,1.0
1746096705.896179,1.0
1746096705.9134395,1.0
1746096705.9306982,1.0
1746096705.9480479,1.0
1746096705.9654167,1.0
1746096705.985113,1.0
1746096706.0024478,1.0
1746096706.0219705,1.0
1746096706.0392423,1.0
1746096706.0566642,1.0
1746096706.0742888,1.0
1746096706.0916038,1.0
1746096706.1088881,1.0
1746096706.126193,1.0
1746096706.1435306,1.0
1746096706.160847,1.0
1746096706.1782405,1.0
1746096706.1955628,1.0
1746096706.212843,1.0
1746096706.2301586,1.0
1746096706.2475278,1.0
1746096706.2648377,1.0
1746096706.2821684,1.0
1746096706.2995052,1.0
1746096706.3167794,1.0
1746096706.3340664,1.0
1746096706.3513567,1.0
1746096706.3686628,1.0
1746096706.38802,1.0
1746096706.4053333,1.0
1746096706.4226499,1.0
1746096706.439972,1.0
1746096706.45725,1.0
1746096706.4750736,1.0
1746096706.4924421,1.0
1746096706.5097926,1.0
1746096706.527508,1.0
1746096706.54484,1.0
1746096706.5621555,1.0
1746096706.5795028,1.0
1746096706.5968544,1.0
1746096706.6141667,1.0
1746096706.6315348,1.0
1746096706.6488857,1.0
1746096706.666211,1.0
1746096706.6835968,1.0
1746096706.700918,1.0
1746096706.7182841,1.0
1746096706.736045,1.0
1746096706.756961,1.0
1746096706.774258,1.0
1746096706.7916043,1.0
1746096706.8089457,1.0
1746096706.8262851,1.0
1746096706.8436217,1.0
1746096706.8609333,1.0
1746096706.878334,1.0
1746096706.8956716,1.0
1746096706.9130056,1.0
1746096706.9302952,1.0
1746096706.9476447,1.0
1746096706.965164,1.0
1746096706.9841077,1.0
1746096707.001414,1.0
1746096707.0205498,1.0
1746096707.0381277,1.0
1746096707.0555205,1.0
1746096707.0731628,1.0
1746096707.0905051,1.0
1746096707.1078825,1.0
1746096707.1252043,1.0
1746096707.142551,1.0
1746096707.1598651,1.0
1746096707.1772418,1.0
1746096707.1945448,1.0
1746096707.2119038,1.0
1746096707.2292354,1.0
1746096707.2465565,1.0
1746096707.26391,1.0
1746096707.2813394,1.0
1746096707.2986941,1.0
1746096707.3160307,1.0
1746096707.3333516,1.0
1746096707.3507092,1.0
1746096707.3680763,1.0
1746096707.385374,1.0
1746096707.4027014,1.0
1746096707.4200528,1.0
1746096707.4373672,1.0
1746096707.454814,1.0
1746096707.4722202,1.0
1746096707.4896197,1.0
1746096707.5070183,1.0
1746096707.524428,1.0
1746096707.5418444,1.0
1746096707.559269,1.0
1746096707.5766509,1.0
1746096707.59404,1.0
1746096707.6114628,1.0
1746096707.6288548,1.0
1746096707.6462018,1.0
1746096707.6635063,1.0
1746096707.6808808,1.0
1746096707.6982405,1.0
1746096707.7155418,1.0
1746096707.732826,1.0
1746096707.7501125,1.0
1746096707.7673986,1.0
1746096707.7846878,1.0
1746096707.8020973,1.0
1746096707.819399,1.0
1746096707.8366625,1.0
1746096707.8539832,1.0
1746096707.871738,1.0
1746096707.8890464,1.0
1746096707.9063501,1.0
1746096707.9236248,1.0
1746096707.9409041,1.0
1746096707.958437,1.0
1746096707.9767897,1.0
1746096707.9946065,1.0
1746096708.0128894,1.0
1746096708.0315285,1.0
1746096708.0489056,1.0
1746096708.066671,1.0
1746096708.084023,1.0
1746096708.10137,1.0
1746096708.1187198,1.0
1746096708.1360712,1.0
1746096708.153456,1.0
1746096708.1708694,1.0
1746096708.1883876,1.0
1746096708.2058282,1.0
1746096708.22315,1.0
1746096708.2404988,1.0
1746096708.2578714,1.0
1746096708.275338,1.0
1746096708.292672,1.0
1746096708.3100226,1.0
1746096708.3274033,1.0
1746096708.3447561,1.0
1746096708.3621035,1.0
1746096708.3795004,1.0
1746096708.396836,1.0
1746096708.4142232,1.0
1746096708.4316158,1.0
1746096708.4489903,1.0
1746096708.4663234,1.0
1746096708.483756,1.0
1746096708.5010927,1.0
1746096708.5184753,1.0
1746096708.5364978,1.0
1746096708.5538692,1.0
1746096708.5712485,1.0
1746096708.5885606,1.0
1746096708.6059418,1.0
1746096708.6233165,1.0
1746096708.6406682,1.0
1746096708.6580389,1.0
1746096708.6755462,1.0
1746096708.6930273,1.0
1746096708.7103744,1.0
1746096708.727746,1.0
1746096708.745136,1.0
1746096708.76248,1.0
1746096708.7798722,1.0
1746096708.7972138,1.0
1746096708.8145432,1.0
1746096708.8318942,1.0
1746096708.8492332,1.0
1746096708.8666272,1.0
1746096708.8840122,1.0
1746096708.9013407,1.0
1746096708.9186592,1.0
1746096708.9360278,1.0
1746096708.9535866,1.0
1746096708.9708486,1.0
1746096708.9901962,1.0
1746096709.007529,1.0
1746096709.0271244,1.0
1746096709.0445974,1.0
1746096709.0622447,1.0
1746096709.0795863,1.0
1746096709.096939,1.0
1746096709.1142912,1.0
1746096709.1316035,1.0
1746096709.1489367,1.0
1746096709.1662798,1.0
1746096709.1836069,1.0
1746096709.2009983,1.0
1746096709.2183213,1.0
1746096709.2356565,1.0
1746096709.2529807,1.0
1746096709.2703085,1.0
1746096709.2876608,1.0
1746096709.305043,1.0
1746096709.3223758,1.0
1746096709.3397067,1.0
1746096709.3570566,1.0
1746096709.3743649,1.0
1746096709.3917115,1.0
1746096709.409132,1.0
1746096709.4264512,1.0
1746096709.443819,1.0
1746096709.4611406,1.0
1746096709.4785402,1.0
1746096709.4958575,1.0
1746096709.513164,1.0
1746096709.5304675,1.0
1746096709.5477595,1.0
1746096709.5650454,1.0
1746096709.5823395,1.0
1746096709.599646,1.0
1746096709.6169424,1.0
1746096709.6342094,1.0
1746096709.6515377,1.0
1746096709.6687877,1.0
1746096709.6860683,1.0
1746096709.7033968,1.0
1746096709.7206612,1.0
1746096709.7381353,1.0
1746096709.7554584,1.0
1746096709.7727728,1.0
1746096709.7900696,1.0
1746096709.8073533,1.0
1746096709.824636,1.0
1746096709.8419485,1.0
1746096709.859287,1.0
1746096709.8767014,1.0
1746096709.8939934,1.0
1746096709.9113216,1.0
1746096709.9285867,1.0
1746096709.9458714,1.0
1746096709.963384,1.0
1746096709.982111,1.0
1746096709.9994094,1.0
1746096710.018324,1.0
1746096710.0359185,1.0
1746096710.053284,1.0
1746096710.0709193,1.0
1746096710.0882554,1.0
1746096710.1055834,1.0
1746096710.122903,1.0
1746096710.1402957,1.0
1746096710.1576164,1.0
1746096710.175001,1.0
1746096710.192332,1.0
1746096710.209707,1.0
1746096710.2270265,1.0
1746096710.244394,1.0
1746096710.261723,1.0
1746096710.2791553,1.0
1746096710.2965415,1.0
1746096710.3138819,1.0
1746096710.3312,1.0
1746096710.3485324,1.0
1746096710.3658576,1.0
1746096710.3831885,1.0
1746096710.4004986,1.0
1746096710.417816,1.0
1746096710.4351203,1.0
1746096710.452464,1.0
1746096710.4697983,1.0
1746096710.4871268,1.0
1746096710.504478,1.0
1746096710.5217845,1.0
1746096710.5391035,1.0
1746096710.557,1.0
1746096710.5743132,1.0
1746096710.5916855,1.0
1746096710.6090386,1.0
1746096710.6264045,1.0
1746096710.6437583,1.0
1746096710.6611474,1.0
1746096710.6785457,1.0
1746096710.6958988,1.0
1746096710.7133465,1.0
1746096710.7307107,1.0
1746096710.7480547,1.0
1746096710.7654107,1.0
1746096710.7827303,1.0
1746096710.8000672,1.0
1746096710.8174021,1.0
1746096710.8347206,1.0
1746096710.8520567,1.0
1746096710.8693802,1.0
1746096710.886784,1.0
1746096710.9041255,1.0
1746096710.9214556,1.0
1746096710.9387698,1.0
1746096710.956236,1.0
1746096710.9745533,1.0
1746096710.992803,1.0
1746096711.0112164,1.0
1746096711.0295181,1.0
1746096711.0468318,1.0
1746096711.0653815,1.0
1746096711.0827377,1.0
1746096711.1000926,1.0
1746096711.1173613,1.0
1746096711.1346455,1.0
1746096711.1520176,1.0
1746096711.1693943,1.0
1746096711.1867986,1.0
1746096711.2041426,1.0
1746096711.2214837,1.0
1746096711.2388299,1.0
1746096711.2561605,1.0
1746096711.2734935,1.0
1746096711.290838,1.0
1746096711.3082216,1.0
1746096711.3255522,1.0
1746096711.342908,1.0
1746096711.3602822,1.0
1746096711.377597,1.0
1746096711.394932,1.0
1746096711.4122815,1.0
1746096711.4296162,1.0
1746096711.446969,1.0
1746096711.4643528,1.0
1746096711.481814,1.0
1746096711.4992468,1.0
1746096711.5166624,1.0
1746096711.5340736,1.0
1746096711.5515265,1.0
1746096711.569009,1.0
1746096711.5864382,1.0
1746096711.6039565,1.0
1746096711.6213586,1.0
1746096711.6387947,1.0
1746096711.656215,1.0
1746096711.6736305,1.0
1746096711.691277,1.0
1746096711.7088225,1.0
1746096711.7262275,1.0
1746096711.7436845,1.0
1746096711.7622786,1.0
1746096711.7814324,1.0
1746096711.7988558,1.0
1746096711.816283,1.0
1746096711.8337145,1.0
1746096711.8511543,1.0
1746096711.8685913,1.0
1746096711.8862133,1.0
1746096711.903629,1.0
1746096711.9210224,1.0
1746096711.9384427,1.0
1746096711.9559915,1.0
1746096711.9742134,1.0
1746096711.9922898,1.0
1746096712.009661,1.0
1746096712.0289237,1.0
1746096712.0462756,1.0
1746096712.0637395,1.0
1746096712.08108,1.0
1746096712.0984077,1.0
1746096712.1157997,1.0
1746096712.1330771,1.0
1746096712.1504343,1.0
1746096712.1677613,1.0
1746096712.1850495,1.0
1746096712.2024038,1.0
1746096712.2197921,1.0
1746096712.237108,1.0
1746096712.2544463,1.0
1746096712.2717917,1.0
1746096712.2891855,1.0
1746096712.3065224,1.0
1746096712.3238907,1.0
1746096712.341228,1.0
1746096712.3585718,1.0
1746096712.3758976,1.0
1746096712.3932638,1.0
1746096712.4105856,1.0
1746096712.4279358,1.0
1746096712.445241,1.0
1746096712.4626412,1.0
1746096712.4800086,1.0
1746096712.4973161,1.0
1746096712.5146503,1.0
1746096712.532007,1.0
1746096712.5492978,1.0
1746096712.566632,1.0
1746096712.5844405,1.0
1746096712.6018603,1.0
1746096712.6192532,1.0
1746096712.6366272,1.0
1746096712.6539836,1.0
1746096712.671415,1.0
1746096712.6888456,1.0
1746096712.706237,1.0
1746096712.7236915,1.0
1746096712.7410798,1.0
1746096712.7584872,1.0
1746096712.775919,1.0
1746096712.7933154,1.0
1746096712.8106794,1.0
1746096712.8281162,1.0
1746096712.8454907,1.0
1746096712.8628867,1.0
1746096712.8803337,1.0
1746096712.897726,1.0
1746096712.9151428,1.0
1746096712.9325454,1.0
1746096712.9498904,1.0
1746096712.9673047,1.0
1746096712.9871452,1.0
1746096713.008595,1.0
1746096713.0279093,1.0
1746096713.0452151,1.0
1746096713.0625896,1.0
1746096713.0799048,1.0
1746096713.0972147,1.0
1746096713.1145182,1.0
1746096713.1318045,1.0
1746096713.1491005,1.0
1746096713.166457,1.0
1746096713.1837757,1.0
1746096713.201157,1.0
1746096713.218473,1.0
1746096713.235804,1.0
1746096713.2531545,1.0
1746096713.2704368,1.0
1746096713.2878778,1.0
1746096713.3051784,1.0
1746096713.3224807,1.0
1746096713.3398325,1.0
1746096713.3571703,1.0
1746096713.3745203,1.0
1746096713.391885,1.0
1746096713.4092388,1.0
1746096713.4265783,1.0
1746096713.443894,1.0
1746096713.4611952,1.0
1746096713.4786084,1.0
1746096713.4959118,1.0
1746096713.5132406,1.0
1746096713.530554,1.0
1746096713.5479,1.0
1746096713.5652611,1.0
1746096713.582563,1.0
1746096713.599889,1.0
1746096713.617252,1.0
1746096713.6345956,1.0
1746096713.6519446,1.0
1746096713.669248,1.0
1746096713.6866136,1.0
1746096713.7039235,1.0
1746096713.721259,1.0
1746096713.738577,1.0
1746096713.7559006,1.0
1746096713.7731967,1.0
1746096713.7905102,1.0
1746096713.80784,1.0
1746096713.8251264,1.0
1746096713.8424704,1.0
1746096713.8597968,1.0
1746096713.877154,1.0
1746096713.894496,1.0
1746096713.9118178,1.0
1746096713.9291306,1.0
1746096713.946437,1.0
1746096713.9639344,1.0
1746096713.9831474,1.0
1746096714.0004284,1.0
1746096714.0198395,1.0
1746096714.037279,1.0
1746096714.0546849,1.0
1746096714.0724316,1.0
1746096714.089879,1.0
1746096714.1073093,1.0
1746096714.1246433,1.0
1746096714.1420164,1.0
1746096714.1593797,1.0
1746096714.1767411,1.0
1746096714.1940963,1.0
1746096714.2114787,1.0
1746096714.2289095,1.0
1746096714.2462554,1.0
1746096714.268596,1.0
1746096714.286024,1.0
1746096714.3034704,1.0
1746096714.320905,1.0
1746096714.3500435,1.0
1746096714.3674688,1.0
1746096714.3848755,1.0
1746096714.4023194,1.0
1746096714.4197483,1.0
1746096714.4372306,1.0
1746096714.454666,1.0
1746096714.4720943,1.0
1746096714.4895654,1.0
1746096714.5070155,1.0
1746096714.5244348,1.0
1746096714.5418715,1.0
1746096714.5593846,1.0
1746096714.5768394,1.0
1746096714.5947633,1.0
1746096714.6121478,1.0
1746096714.6294985,1.0
1746096714.6468794,1.0
1746096714.6642292,1.0
1746096714.6816518,1.0
1746096714.6990297,1.0
1746096714.7163632,1.0
1746096714.7337568,1.0
1746096714.7510965,1.0
1746096714.7685297,1.0
1746096714.7859113,1.0
1746096714.803321,1.0
1746096714.8207064,1.0
1746096714.838128,1.0
1746096714.8555255,1.0
1746096714.8729546,1.0
1746096714.8904517,1.0
1746096714.907852,1.0
1746096714.925254,1.0
1746096714.9426534,1.0
1746096714.9601748,1.0
1746096714.9786549,1.0
1746096714.9962184,1.0
1746096715.014536,1.0
1746096715.0329187,1.0
1746096715.0502672,1.0
1746096715.0679152,1.0
1746096715.085282,1.0
1746096715.1025825,1.0
1746096715.1199338,1.0
1746096715.137271,1.0
1746096715.1545584,1.0
1746096715.1718478,1.0
1746096715.1892014,1.0
1746096715.206525,1.0
1746096715.2238603,1.0
1746096715.2411535,1.0
1746096715.2584515,1.0
1746096715.2757766,1.0
1746096715.293115,1.0
1746096715.310448,1.0
1746096715.3277857,1.0
1746096715.3451161,1.0
1746096715.3624423,1.0
1746096715.3797865,1.0
1746096715.3971655,1.0
1746096715.4144835,1.0
1746096715.4318175,1.0
1746096715.449095,1.0
1746096715.4663823,1.0
1746096715.4837518,1.0
1746096715.5010173,1.0
1746096715.5182977,1.0
1746096715.5355966,1.0
1746096715.5528917,1.0
1746096715.5702,1.0
1746096715.5875344,1.0
1746096715.60481,1.0
1746096715.622109,1.0
1746096715.6394243,1.0
1746096715.6567013,1.0
1746096715.6740117,1.0
1746096715.691444,1.0
1746096715.7087986,1.0
1746096715.7261107,1.0
1746096715.7434835,1.0
1746096715.7608247,1.0
1746096715.7781177,1.0
1746096715.7954617,1.0
1746096715.812753,1.0
1746096715.8300562,1.0
1746096715.8473763,1.0
1746096715.8646762,1.0
1746096715.881988,1.0
1746096715.8993115,1.0
1746096715.9166343,1.0
1746096715.9339628,1.0
1746096715.95128,1.0
1746096715.9686837,1.0
1746096715.9878566,1.0
1746096716.0052772,1.0
1746096716.0247219,1.0
1746096716.0420628,1.0
1746096716.0597284,1.0
1746096716.0770876,1.0
1746096716.0945,1.0
1746096716.1118643,1.0
1746096716.1291647,1.0
1746096716.1464965,1.0
1746096716.163833,1.0
1746096716.181169,1.0
1746096716.1985245,1.0
1746096716.2158866,1.0
1746096716.2332504,1.0
1746096716.2505746,1.0
1746096716.2678747,1.0
1746096716.2853374,1.0
1746096716.3027487,1.0
1746096716.320134,1.0
1746096716.3375616,1.0
1746096716.3549716,1.0
1746096716.37238,1.0
1746096716.3897448,1.0
1746096716.407072,1.0
1746096716.42438,1.0
1746096716.4416652,1.0
1746096716.4589515,1.0
1746096716.476278,1.0
1746096716.493688,1.0
1746096716.5111473,1.0
1746096716.5284655,1.0
1746096716.5457633,1.0
1746096716.5631292,1.0
1746096716.5804234,1.0
1746096716.5976846,1.0
1746096716.6153834,1.0
1746096716.6327083,1.0
1746096716.649992,1.0
1746096716.667311,1.0
1746096716.6847813,1.0
1746096716.7020788,1.0
1746096716.7194338,1.0
1746096716.736716,1.0
1746096716.7540205,1.0
1746096716.771329,1.0
1746096716.7908762,1.0
1746096716.8083212,1.0
1746096716.8256261,1.0
1746096716.8429587,1.0
1746096716.8602574,1.0
1746096716.8775856,1.0
1746096716.8950531,1.0
1746096716.9124157,1.0
1746096716.9296932,1.0
1746096716.9469917,1.0
1746096716.9644575,1.0
1746096716.9837234,1.0
1746096717.0010278,1.0
1746096717.0200453,1.0
1746096717.038855,1.0
1746096717.0562806,1.0
1746096717.074305,1.0
1746096717.0919871,1.0
1746096717.1094096,1.0
1746096717.1267927,1.0
1746096717.1442277,1.0
1746096717.1616135,1.0
1746096717.1790473,1.0
1746096717.1965132,1.0
1746096717.2139356,1.0
1746096717.2313724,1.0
1746096717.2488048,1.0
1746096717.2662036,1.0
1746096717.2836401,1.0
1746096717.3010585,1.0
1746096717.3184214,1.0
1746096717.3357232,1.0
1746096717.3530064,1.0
1746096717.3703616,1.0
1746096717.3876626,1.0
1746096717.4050043,1.0
1746096717.4223166,1.0
1746096717.439638,1.0
1746096717.4569268,1.0
1746096717.4742668,1.0
1746096717.4916172,1.0
1746096717.5089052,1.0
1746096717.5261867,1.0
1746096717.5434904,1.0
1746096717.5607853,1.0
1746096717.5780723,1.0
1746096717.5953758,1.0
1746096717.6126666,1.0
1746096717.630003,1.0
1746096717.6472776,1.0
1746096717.6645951,1.0
1746096717.6818845,1.0
1746096717.699273,1.0
1746096717.716588,1.0
1746096717.7339754,1.0
1746096717.7513278,1.0
1746096717.76865,1.0
1746096717.7859817,1.0
1746096717.8033466,1.0
1746096717.8206732,1.0
1746096717.8379917,1.0
1746096717.8553817,1.0
1746096717.8727043,1.0
1746096717.8901033,1.0
1746096717.9074667,1.0
1746096717.9248786,1.0
1746096717.942245,1.0
1746096717.9596877,1.0
1746096717.9798534,1.0
1746096717.9971812,1.0
1746096718.0153956,1.0
1746096718.0344658,1.0
1746096718.051847,1.0
1746096718.0697694,1.0
1746096718.0871027,1.0
1746096718.1053677,1.0
1746096718.1226645,1.0
1746096718.1399927,1.0
1746096718.157345,1.0
1746096718.1746423,1.0
1746096718.1920204,1.0
1746096718.2093234,1.0
1746096718.2266428,1.0
1746096718.243961,1.0
1746096718.2612815,1.0
1746096718.2786264,1.0
1746096718.2960234,1.0
1746096718.3133664,1.0
1746096718.3306484,1.0
1746096718.347962,1.0
1746096718.3652854,1.0
1746096718.382582,1.0
1746096718.3999012,1.0
1746096718.4171832,1.0
1746096718.434478,1.0
1746096718.4518056,1.0
1746096718.4690871,1.0
1746096718.4864159,1.0
1746096718.5037322,1.0
1746096718.5209982,1.0
1746096718.5382838,1.0
1746096718.5555487,1.0
1746096718.5728314,1.0
1746096718.5900934,1.0
1746096718.607399,1.0
1746096718.6249475,1.0
1746096718.6423542,1.0
1746096718.6597729,1.0
1746096718.6771739,1.0
1746096718.6946352,1.0
1746096718.712046,1.0
1746096718.729474,1.0
1746096718.7468863,1.0
1746096718.7643147,1.0
1746096718.7816856,1.0
1746096718.79911,1.0
1746096718.8165085,1.0
1746096718.833903,1.0
1746096718.8513176,1.0
1746096718.8686955,1.0
1746096718.8861213,1.0
1746096718.903536,1.0
1746096718.9209554,1.0
1746096718.9383516,1.0
1746096718.955949,1.0
1746096718.9747062,1.0
1746096718.9927783,1.0
1746096719.011299,1.0
1746096719.0298524,1.0
1746096719.0473137,1.0
1746096719.0651362,1.0
1746096719.082584,1.0
1746096719.100169,1.0
1746096719.1176298,1.0
1746096719.1350584,1.0
1746096719.1524851,1.0
1746096719.16991,1.0
1746096719.187347,1.0
1746096719.2047634,1.0
1746096719.2222064,1.0
1746096719.239596,1.0
1746096719.2569926,1.0
1746096719.274379,1.0
1746096719.2918384,1.0
1746096719.3092642,1.0
1746096719.3266916,1.0
1746096719.3441775,1.0
1746096719.3615053,1.0
1746096719.3788185,1.0
1746096719.3961513,1.0
1746096719.4134893,1.0
1746096719.4308066,1.0
1746096719.44811,1.0
1746096719.4654565,1.0
1746096719.4827719,1.0
1746096719.5002568,1.0
1746096719.517598,1.0
1746096719.5349367,1.0
1746096719.5522823,1.0
1746096719.5695846,1.0
1746096719.586866,1.0
1746096719.6042135,1.0
1746096719.6215239,1.0
1746096719.6388192,1.0
1746096719.6561077,1.0
1746096719.673427,1.0
1746096719.6908429,1.0
1746096719.7081633,1.0
1746096719.7254882,1.0
1746096719.7428741,1.0
1746096719.7602005,1.0
1746096719.7775111,1.0
1746096719.7948108,1.0
1746096719.8121223,1.0
1746096719.8295944,1.0
1746096719.846936,1.0
1746096719.8642688,1.0
1746096719.8815694,1.0
1746096719.8989363,1.0
1746096719.9163194,1.0
1746096719.9336588,1.0
1746096719.9509618,1.0
1746096719.9683523,1.0
1746096719.98775,1.0
1746096720.0051455,1.0
1746096720.0248134,1.0
1746096720.042167,1.0
1746096720.0597749,1.0
1746096720.0771558,1.0
1746096720.0945225,1.0
1746096720.1118274,1.0
1746096720.1291707,1.0
1746096720.1465135,1.0
1746096720.163848,1.0
1746096720.1811416,1.0
1746096720.198484,1.0
1746096720.2157989,1.0
1746096720.233218,1.0
1746096720.2505429,1.0
1746096720.267843,1.0
1746096720.2852464,1.0
1746096720.302571,1.0
1746096720.3198822,1.0
1746096720.3372223,1.0
1746096720.354541,1.0
1746096720.3718379,1.0
1746096720.3891416,1.0
1746096720.406447,1.0
1746096720.4237454,1.0
1746096720.4410117,1.0
1746096720.458316,1.0
1746096720.47562,1.0
1746096720.4929588,1.0
1746096720.51022,1.0
1746096720.5275433,1.0
1746096720.5448341,1.0
1746096720.5621095,1.0
1746096720.5794084,1.0
1746096720.5967052,1.0
1746096720.6139677,1.0
1746096720.631955,1.0
1746096720.6492403,1.0
1746096720.6665194,1.0
1746096720.6838222,1.0
1746096720.7014837,1.0
1746096720.7188425,1.0
1746096720.7362192,1.0
1746096720.7535126,1.0
1746096720.7708204,1.0
1746096720.7881052,1.0
1746096720.8054483,1.0
1746096720.8227708,1.0
1746096720.8400462,1.0
1746096720.8573534,1.0
1746096720.8745937,1.0
1746096720.8919487,1.0
1746096720.9093268,1.0
1746096720.926633,1.0
1746096720.9439714,1.0
1746096720.9613817,1.0
1746096720.9809892,1.0
1746096720.9982376,1.0
1746096721.0169842,1.0
1746096721.0348923,1.0
1746096721.052254,1.0
1746096721.0698876,1.0
1746096721.0872166,1.0
1746096721.1045763,1.0
1746096721.1219265,1.0
1746096721.139247,1.0
1746096721.156538,1.0
1746096721.1738446,1.0
1746096721.1911385,1.0
1746096721.2084515,1.0
1746096721.2257886,1.0
1746096721.243086,1.0
1746096721.2604067,1.0
1746096721.2776747,1.0
1746096721.295039,1.0
1746096721.3124132,1.0
1746096721.329692,1.0
1746096721.3470018,1.0
1746096721.3642957,1.0
1746096721.3816133,1.0
1746096721.398942,1.0
1746096721.416233,1.0
1746096721.4335144,1.0
1746096721.450845,1.0
1746096721.4681356,1.0
1746096721.4854872,1.0
1746096721.5028377,1.0
1746096721.5201783,1.0
1746096721.5375035,1.0
1746096721.5548348,1.0
1746096721.5722384,1.0
1746096721.5895748,1.0
1746096721.6069038,1.0
1746096721.6242154,1.0
1746096721.641541,1.0
1746096721.6588655,1.0
1746096721.67621,1.0
1746096721.6935391,1.0
1746096721.7109113,1.0
1746096721.7282612,1.0
1746096721.7455523,1.0
1746096721.7628415,1.0
1746096721.780173,1.0
1746096721.7977974,1.0
1746096721.81748,1.0
1746096721.83479,1.0
1746096721.8521342,1.0
1746096721.869433,1.0
1746096721.8867595,1.0
1746096721.904135,1.0
1746096721.9214787,1.0
1746096721.938789,1.0
1746096721.9561858,1.0
1746096721.9743595,1.0
1746096721.992643,1.0
1746096722.0110874,1.0
1746096722.0296535,1.0
1746096722.0470011,1.0
1746096722.0645509,1.0
1746096722.0817893,1.0
1746096722.099206,1.0
1746096722.1165333,1.0
1746096722.1338408,1.0
1746096722.151198,1.0
1746096722.1684816,1.0
1746096722.1857789,1.0
1746096722.2031186,1.0
1746096722.220434,1.0
1746096722.2377474,1.0
1746096722.2551196,1.0
1746096722.2724102,1.0
1746096722.2896993,1.0
1746096722.3070655,1.0
1746096722.3243675,1.0
1746096722.341694,1.0
1746096722.3589964,1.0
1746096722.3763366,1.0
1746096722.3936698,1.0
1746096722.4109364,1.0
1746096722.4282575,1.0
1746096722.4455492,1.0
1746096722.462866,1.0
1746096722.480265,1.0
1746096722.497604,1.0
1746096722.514915,1.0
1746096722.5322497,1.0
1746096722.5495484,1.0
1746096722.566904,1.0
1746096722.5842154,1.0
1746096722.6015055,1.0
1746096722.6188111,1.0
1746096722.6361344,1.0
1746096722.6541762,1.0
1746096722.6715114,1.0
1746096722.688819,1.0
1746096722.7061965,1.0
1746096722.7235436,1.0
1746096722.740922,1.0
1746096722.7582283,1.0
1746096722.7755551,1.0
1746096722.7928848,1.0
1746096722.8102143,1.0
1746096722.8276355,1.0
1746096722.8450117,1.0
1746096722.862397,1.0
1746096722.8798702,1.0
1746096722.897242,1.0
1746096722.9146423,1.0
1746096722.9320166,1.0
1746096722.9493656,1.0
1746096722.9667292,1.0
1746096722.986248,1.0
1746096723.0082664,1.0
1746096723.028108,1.0
1746096723.045611,1.0
1746096723.0636578,1.0
1746096723.0809224,1.0
1746096723.0983267,1.0
1746096723.1156456,1.0
1746096723.132914,1.0
1746096723.1502051,1.0
1746096723.16751,1.0
1746096723.184799,1.0
1746096723.2021222,1.0
1746096723.219441,1.0
1746096723.237489,1.0
1746096723.2548401,1.0
1746096723.2721305,1.0
1746096723.2894568,1.0
1746096723.3067918,1.0
1746096723.3240933,1.0
1746096723.341379,1.0
1746096723.3586926,1.0
1746096723.3759809,1.0
1746096723.3933403,1.0
1746096723.4106357,1.0
1746096723.4279342,1.0
1746096723.4452553,1.0
1746096723.4625664,1.0
1746096723.479845,1.0
1746096723.4799795,0.0
