time,actuator,value
1738767648.9009962,Actuator(ptr=c_void_p(94704589911200)),165.0
1738767653.9176588,Actuator(ptr=c_void_p(94704589911200)),165.0
1738767658.9371893,Actuator(ptr=c_void_p(94704589911200)),165.0
1738767663.9567637,Actuator(ptr=c_void_p(94704589911200)),165.0
1738767668.9742398,Actuator(ptr=c_void_p(94704589911200)),165.0
1738767673.9942536,Actuator(ptr=c_void_p(94704589911200)),165.0
1738767679.0151327,Actuator(ptr=c_void_p(94704589911200)),165.0
1738767684.0317202,Actuator(ptr=c_void_p(94704589911200)),165.0
