time,actuator,value
1738777226.2380784,Actuator(ptr=c_void_p(94282427277200)),112.0
1738777231.2573404,Actuator(ptr=c_void_p(94282427277200)),112.0
1738777236.2788754,Actuator(ptr=c_void_p(94282427277200)),112.0
1738777241.2990088,Actuator(ptr=c_void_p(94282427277200)),112.0
1738777246.317605,Actuator(ptr=c_void_p(94282427277200)),112.0
1738777251.3363352,Actuator(ptr=c_void_p(94282427277200)),112.0
1738777256.355467,Actuator(ptr=c_void_p(94282427277200)),112.0
1738777261.374213,Actuator(ptr=c_void_p(94282427277200)),112.0
