time,actuator,value
1738777104.308958,Actuator(ptr=c_void_p(94282427277200)),95.0
1738777109.328991,Actuator(ptr=c_void_p(94282427277200)),95.0
1738777114.34795,Actuator(ptr=c_void_p(94282427277200)),95.0
1738777119.3672307,Actuator(ptr=c_void_p(94282427277200)),95.0
1738777124.3863902,Actuator(ptr=c_void_p(94282427277200)),95.0
1738777129.4010117,Actuator(ptr=c_void_p(94282427277200)),95.0
1738777134.4164512,Actuator(ptr=c_void_p(94282427277200)),95.0
1738777139.4348555,Actuator(ptr=c_void_p(94282427277200)),95.0
1738777144.455679,Actuator(ptr=c_void_p(94282427277200)),95.0
