time,actuator,value
1738732320.2389855,Actuator(ptr=c_void_p(94425790622992)),153.0
1738732325.2561538,Actuator(ptr=c_void_p(94425790622992)),153.0
1738732330.2719955,Actuator(ptr=c_void_p(94425790622992)),153.0
1738732335.2891264,Actuator(ptr=c_void_p(94425790622992)),153.0
1738732340.3080294,Actuator(ptr=c_void_p(94425790622992)),153.0
1738732345.326143,Actuator(ptr=c_void_p(94425790622992)),153.0
1738732350.345059,Actuator(ptr=c_void_p(94425790622992)),153.0
1738732355.3631945,Actuator(ptr=c_void_p(94425790622992)),153.0
