time,actuator,value
1738767813.1288848,Actuator(ptr=c_void_p(94704589911200)),165.0
1738767818.1469731,Actuator(ptr=c_void_p(94704589911200)),165.0
1738767823.1645446,Actuator(ptr=c_void_p(94704589911200)),165.0
1738767828.182896,Actuator(ptr=c_void_p(94704589911200)),165.0
1738767833.1998699,Actuator(ptr=c_void_p(94704589911200)),165.0
1738767838.2176178,Actuator(ptr=c_void_p(94704589911200)),165.0
1738767843.2356057,Actuator(ptr=c_void_p(94704589911200)),165.0
1738767848.25459,Actuator(ptr=c_void_p(94704589911200)),165.0
1738767853.2683175,Actuator(ptr=c_void_p(94704589911200)),165.0
