time,actuator,value
1738767480.7622225,Actuator(ptr=c_void_p(94704589911200)),165.0
1738767485.7804546,Actuator(ptr=c_void_p(94704589911200)),165.0
1738767490.7983494,Actuator(ptr=c_void_p(94704589911200)),165.0
1738767495.8153174,Actuator(ptr=c_void_p(94704589911200)),165.0
1738767500.8319945,Actuator(ptr=c_void_p(94704589911200)),165.0
1738767505.848932,Actuator(ptr=c_void_p(94704589911200)),165.0
1738767510.8659399,Actuator(ptr=c_void_p(94704589911200)),165.0
1738767515.8829002,Actuator(ptr=c_void_p(94704589911200)),165.0
