time,value
1742781193.7243636,1.0
1742781193.7414536,1.0
1742781193.7583554,1.0
1742781193.776044,1.0
1742781193.7929184,1.0
1742781193.80979,1.0
1742781193.8267517,1.0
1742781193.843588,1.0
1742781193.8604715,1.0
1742781193.8773246,1.0
1742781193.8942618,1.0
1742781193.911109,1.0
1742781193.9279563,1.0
1742781193.9448755,1.0
1742781193.961739,1.0
1742781193.978556,1.0
1742781193.995463,1.0
1742781194.0123065,1.0
1742781194.029165,1.0
1742781194.0460308,1.0
1742781194.0628629,1.0
1742781194.0801554,1.0
1742781194.1215296,1.0
1742781194.1480627,1.0
1742781194.1673894,1.0
1742781194.1871533,1.0
1742781194.2063947,1.0
1742781194.2255101,1.0
1742781194.2447636,1.0
1742781194.2637706,1.0
1742781194.2828662,1.0
1742781194.3018293,1.0
1742781194.3207884,1.0
1742781194.3405225,1.0
1742781194.3593743,1.0
1742781194.3782287,1.0
1742781194.3970933,1.0
1742781194.4159431,1.0
1742781194.435138,1.0
1742781194.4539673,1.0
1742781194.4728374,1.0
1742781194.4917202,1.0
1742781194.5139213,1.0
1742781194.5328197,1.0
1742781194.5530968,1.0
1742781194.5719578,1.0
1742781194.591358,1.0
1742781194.6102066,1.0
1742781194.6290395,1.0
1742781194.648066,1.0
1742781194.6684952,1.0
1742781194.7036793,1.0
1742781194.7227316,1.0
1742781194.7417703,1.0
1742781194.7608197,1.0
1742781194.7798405,1.0
1742781194.798869,1.0
1742781194.8178742,1.0
1742781194.8369637,1.0
1742781194.8559515,1.0
1742781194.8749833,1.0
1742781194.8940237,1.0
1742781194.91306,1.0
1742781194.932071,1.0
1742781194.9512217,1.0
1742781194.9702375,1.0
1742781194.9892597,1.0
1742781195.0082555,1.0
1742781195.0272913,1.0
1742781195.046325,1.0
1742781195.0653613,1.0
1742781195.0843487,1.0
1742781195.1037142,1.0
1742781195.122721,1.0
1742781195.1418564,1.0
1742781195.1608107,1.0
1742781195.179865,1.0
1742781195.198882,1.0
1742781195.217909,1.0
1742781195.2369392,1.0
1742781195.2560766,1.0
1742781195.2750611,1.0
1742781195.2940953,1.0
1742781195.313115,1.0
1742781195.332123,1.0
1742781195.3512971,1.0
1742781195.3703587,1.0
1742781195.3893712,1.0
1742781195.4084914,1.0
1742781195.4274871,1.0
1742781195.446652,1.0
1742781195.4656696,1.0
1742781195.48471,1.0
1742781195.503712,1.0
1742781195.524783,1.0
1742781195.5436902,1.0
1742781195.5634027,1.0
1742781195.5823283,1.0
1742781195.6017306,1.0
1742781195.620647,1.0
1742781195.6396346,1.0
1742781195.6588767,1.0
1742781195.6983044,1.0
1742781195.71713,1.0
1742781195.7359643,1.0
1742781195.7548962,1.0
1742781195.774609,1.0
1742781195.7933776,1.0
1742781195.8121834,1.0
1742781195.83097,1.0
1742781195.8501074,1.0
1742781195.8688462,1.0
1742781195.8876412,1.0
1742781195.9064052,1.0
1742781195.9252298,1.0
1742781195.9440167,1.0
1742781195.9629169,1.0
1742781195.9816725,1.0
1742781196.000479,1.0
1742781196.0192497,1.0
1742781196.0380452,1.0
1742781196.0569177,1.0
1742781196.0759516,1.0
1742781196.0947487,1.0
1742781196.1135182,1.0
1742781196.1323407,1.0
1742781196.1513927,1.0
1742781196.1703646,1.0
1742781196.1891649,1.0
1742781196.207941,1.0
1742781196.2267635,1.0
1742781196.2455523,1.0
1742781196.2644093,1.0
1742781196.2832136,1.0
1742781196.3020175,1.0
1742781196.3208039,1.0
1742781196.3396041,1.0
1742781196.3586779,1.0
1742781196.3774438,1.0
1742781196.396208,1.0
1742781196.4150336,1.0
1742781196.4337966,1.0
1742781196.4525945,1.0
1742781196.4714608,1.0
1742781196.490287,1.0
1742781196.5100257,1.0
1742781196.5292926,1.0
1742781196.5482056,1.0
1742781196.5676496,1.0
1742781196.586613,1.0
1742781196.6057086,1.0
1742781196.624478,1.0
1742781196.6433468,1.0
1742781196.663283,1.0
1742781196.700806,1.0
1742781196.7193983,1.0
1742781196.7380776,1.0
1742781196.756776,1.0
1742781196.775668,1.0
1742781196.7943194,1.0
1742781196.8130257,1.0
1742781196.8316903,1.0
1742781196.8504007,1.0
1742781196.8690734,1.0
1742781196.8878176,1.0
1742781196.9065166,1.0
1742781196.9252055,1.0
1742781196.9438806,1.0
1742781196.962653,1.0
1742781196.9815798,1.0
1742781197.0003304,1.0
1742781197.018982,1.0
1742781197.0376549,1.0
1742781197.0563183,1.0
1742781197.0750933,1.0
1742781197.0937302,1.0
1742781197.112476,1.0
1742781197.1311457,1.0
1742781197.1498644,1.0
1742781197.168475,1.0
1742781197.187285,1.0
1742781197.2059407,1.0
1742781197.2245994,1.0
1742781197.243242,1.0
1742781197.2619176,1.0
1742781197.2806616,1.0
1742781197.2993853,1.0
1742781197.31803,1.0
1742781197.3366716,1.0
1742781197.3554718,1.0
1742781197.3744354,1.0
1742781197.3931165,1.0
1742781197.411788,1.0
1742781197.4304807,1.0
1742781197.449209,1.0
1742781197.4678621,1.0
1742781197.4867628,1.0
1742781197.5056944,1.0
1742781197.525948,1.0
1742781197.5446014,1.0
1742781197.5638826,1.0
1742781197.582797,1.0
1742781197.6018214,1.0
1742781197.620464,1.0
1742781197.6391695,1.0
1742781197.6578279,1.0
1742781197.6801775,1.0
1742781197.701973,1.0
1742781197.7205281,1.0
1742781197.7390778,1.0
1742781197.7577515,1.0
1742781197.7762768,1.0
1742781197.795869,1.0
1742781197.8144078,1.0
1742781197.832949,1.0
1742781197.8514688,1.0
1742781197.8700526,1.0
1742781197.8887212,1.0
1742781197.9072573,1.0
1742781197.9258683,1.0
1742781197.9443886,1.0
1742781197.962986,1.0
1742781197.9815316,1.0
1742781198.0001633,1.0
1742781198.0187228,1.0
1742781198.0372417,1.0
1742781198.0557992,1.0
1742781198.07436,1.0
1742781198.0930138,1.0
1742781198.111569,1.0
1742781198.130136,1.0
1742781198.1486666,1.0
1742781198.1673,1.0
1742781198.1860766,1.0
1742781198.2046325,1.0
1742781198.2232382,1.0
1742781198.2417872,1.0
1742781198.2603252,1.0
1742781198.2788618,1.0
1742781198.2976973,1.0
1742781198.316255,1.0
1742781198.3348327,1.0
1742781198.3533716,1.0
1742781198.3719027,1.0
1742781198.3905594,1.0
1742781198.409091,1.0
1742781198.4276485,1.0
1742781198.446208,1.0
1742781198.4647539,1.0
1742781198.483291,1.0
1742781198.5020168,1.0
1742781198.522406,1.0
1742781198.5409706,1.0
1742781198.5604525,1.0
1742781198.5789876,1.0
1742781198.5980375,1.0
1742781198.6165135,1.0
1742781198.6350908,1.0
1742781198.6537082,1.0
1742781198.673801,1.0
1742781198.693478,1.0
1742781198.7120159,1.0
1742781198.7305458,1.0
1742781198.7491105,1.0
1742781198.7677882,1.0
1742781198.786356,1.0
1742781198.8051536,1.0
1742781198.82371,1.0
1742781198.8422701,1.0
1742781198.8608239,1.0
1742781198.8793561,1.0
1742781198.8980978,1.0
1742781198.9166083,1.0
1742781198.9352217,1.0
1742781198.9537938,1.0
1742781198.9723825,1.0
1742781198.990917,1.0
1742781199.0096407,1.0
1742781199.0281785,1.0
1742781199.0467389,1.0
1742781199.065282,1.0
1742781199.0842347,1.0
1742781199.102898,1.0
1742781199.1215522,1.0
1742781199.1400826,1.0
1742781199.158803,1.0
1742781199.1773696,1.0
1742781199.1959138,1.0
1742781199.2171183,1.0
1742781199.2359028,1.0
1742781199.2544675,1.0
1742781199.2730129,1.0
1742781199.2915733,1.0
1742781199.3110676,1.0
1742781199.3296254,1.0
1742781199.3481557,1.0
1742781199.3668156,1.0
1742781199.3853555,1.0
1742781199.4039185,1.0
1742781199.4225862,1.0
1742781199.4411101,1.0
1742781199.4606419,1.0
1742781199.4791741,1.0
1742781199.497752,1.0
1742781199.5339096,1.0
1742781199.5532079,1.0
1742781199.5719008,1.0
1742781199.5909662,1.0
1742781199.6098106,1.0
1742781199.6283643,1.0
1742781199.6469448,1.0
1742781199.6668758,1.0
1742781199.6857207,1.0
1742781199.7042851,1.0
1742781199.72299,1.0
1742781199.7415335,1.0
1742781199.7600994,1.0
1742781199.778683,1.0
1742781199.79723,1.0
1742781199.8162231,1.0
1742781199.834763,1.0
1742781199.8533127,1.0
1742781199.871842,1.0
1742781199.890608,1.0
1742781199.909149,1.0
1742781199.9280624,1.0
1742781199.946646,1.0
1742781199.9652252,1.0
1742781199.9837544,1.0
1742781200.0023158,1.0
1742781200.0210316,1.0
1742781200.0395892,1.0
1742781200.0581672,1.0
1742781200.0767121,1.0
1742781200.0952833,1.0
1742781200.1138823,1.0
1742781200.1326048,1.0
1742781200.151164,1.0
1742781200.1698644,1.0
1742781200.188387,1.0
1742781200.2069712,1.0
1742781200.2255995,1.0
1742781200.2441428,1.0
1742781200.262715,1.0
1742781200.2812505,1.0
1742781200.2998905,1.0
1742781200.3184443,1.0
1742781200.3371217,1.0
1742781200.3556798,1.0
1742781200.374257,1.0
1742781200.3927863,1.0
1742781200.411328,1.0
1742781200.429983,1.0
1742781200.4485452,1.0
1742781200.4671767,1.0
1742781200.485835,1.0
1742781200.5047152,1.0
1742781200.5262387,1.0
1742781200.5448327,1.0
1742781200.5643094,1.0
1742781200.5830216,1.0
1742781200.6019511,1.0
1742781200.620594,1.0
1742781200.6393912,1.0
1742781200.6580195,1.0
1742781200.679422,1.0
1742781200.6980639,1.0
1742781200.7166693,1.0
1742781200.7353783,1.0
1742781200.7540069,1.0
1742781200.772768,1.0
1742781200.7914186,1.0
1742781200.8100328,1.0
1742781200.82881,1.0
1742781200.8474307,1.0
1742781200.866084,1.0
1742781200.8846962,1.0
1742781200.903383,1.0
1742781200.921978,1.0
1742781200.9407353,1.0
1742781200.9593694,1.0
1742781200.9779947,1.0
1742781200.9966595,1.0
1742781201.0152824,1.0
1742781201.034026,1.0
1742781201.0526109,1.0
1742781201.0712478,1.0
1742781201.089861,1.0
1742781201.1084979,1.0
1742781201.1270747,1.0
1742781201.146044,1.0
1742781201.1647122,1.0
1742781201.1833086,1.0
1742781201.2019377,1.0
1742781201.2205276,1.0
1742781201.2393427,1.0
1742781201.2579808,1.0
1742781201.276596,1.0
1742781201.2952535,1.0
1742781201.3138692,1.0
1742781201.332524,1.0
1742781201.3512378,1.0
1742781201.3699105,1.0
1742781201.388522,1.0
1742781201.4072092,1.0
1742781201.425839,1.0
1742781201.4445417,1.0
1742781201.4631562,1.0
1742781201.4817612,1.0
1742781201.5003982,1.0
1742781201.5207853,1.0
1742781201.5396144,1.0
1742781201.558929,1.0
1742781201.5775113,1.0
1742781201.5968044,1.0
1742781201.615357,1.0
1742781201.6340034,1.0
1742781201.6527436,1.0
1742781201.673127,1.0
1742781201.7056835,1.0
1742781201.7243268,1.0
1742781201.7431626,1.0
1742781201.7619553,1.0
1742781201.780556,1.0
1742781201.799171,1.0
1742781201.8177726,1.0
1742781201.8369956,1.0
1742781201.8557594,1.0
1742781201.8743975,1.0
1742781201.8931048,1.0
1742781201.9117608,1.0
1742781201.9303927,1.0
1742781201.9492111,1.0
1742781201.9679265,1.0
1742781201.9865336,1.0
1742781202.0050786,1.0
1742781202.0237045,1.0
1742781202.0423083,1.0
1742781202.0610473,1.0
1742781202.0796409,1.0
1742781202.0982468,1.0
1742781202.1168323,1.0
1742781202.1354468,1.0
1742781202.154198,1.0
1742781202.1728668,1.0
1742781202.1915348,1.0
1742781202.2101588,1.0
1742781202.228752,1.0
1742781202.2473533,1.0
1742781202.2660308,1.0
1742781202.2846224,1.0
1742781202.3032148,1.0
1742781202.3218296,1.0
1742781202.3404124,1.0
1742781202.3591506,1.0
1742781202.3777943,1.0
1742781202.3963816,1.0
1742781202.4149888,1.0
1742781202.4335604,1.0
1742781202.452473,1.0
1742781202.4710898,1.0
1742781202.4896898,1.0
1742781202.508952,1.0
1742781202.5286973,1.0
1742781202.5472791,1.0
1742781202.5673928,1.0
1742781202.5863142,1.0
1742781202.605329,1.0
1742781202.6239846,1.0
1742781202.6425943,1.0
1742781202.6625009,1.0
1742781202.6812856,1.0
1742781202.699929,1.0
1742781202.7185555,1.0
1742781202.7371821,1.0
1742781202.756,1.0
1742781202.7746267,1.0
1742781202.7939484,1.0
1742781202.812587,1.0
1742781202.8312376,1.0
1742781202.8498454,1.0
1742781202.8685932,1.0
1742781202.8872252,1.0
1742781202.9147797,1.0
1742781202.9333427,1.0
1742781202.9519217,1.0
1742781202.970744,1.0
1742781202.9893506,1.0
1742781203.007996,1.0
1742781203.0266178,1.0
1742781203.0452335,1.0
1742781203.0639656,1.0
1742781203.0826235,1.0
1742781203.1012254,1.0
1742781203.119974,1.0
1742781203.1385837,1.0
1742781203.1572106,1.0
1742781203.1760375,1.0
1742781203.194683,1.0
1742781203.2132561,1.0
1742781203.2318962,1.0
1742781203.2504883,1.0
1742781203.2692049,1.0
1742781203.2878017,1.0
1742781203.3064077,1.0
1742781203.3250284,1.0
1742781203.3436084,1.0
1742781203.3621883,1.0
1742781203.3808994,1.0
1742781203.3994873,1.0
1742781203.4180892,1.0
1742781203.436677,1.0
1742781203.4552898,1.0
1742781203.4739785,1.0
1742781203.4926066,1.0
1742781203.513742,1.0
1742781203.5322316,1.0
1742781203.5520806,1.0
1742781203.570653,1.0
1742781203.5897362,1.0
1742781203.6082816,1.0
1742781203.6269422,1.0
1742781203.6455314,1.0
1742781203.6652443,1.0
1742781203.6839597,1.0
1742781203.7186694,1.0
1742781203.737289,1.0
1742781203.7559402,1.0
1742781203.774715,1.0
1742781203.793336,1.0
1742781203.812029,1.0
1742781203.8309464,1.0
1742781203.8502777,1.0
1742781203.8688889,1.0
1742781203.8876297,1.0
1742781203.9063466,1.0
1742781203.9250894,1.0
1742781203.9438083,1.0
1742781203.9625428,1.0
1742781203.9813797,1.0
1742781204.000098,1.0
1742781204.0188332,1.0
1742781204.0375483,1.0
1742781204.0562615,1.0
1742781204.0752528,1.0
1742781204.0939696,1.0
1742781204.1126506,1.0
1742781204.1313412,1.0
1742781204.150091,1.0
1742781204.168804,1.0
1742781204.1876972,1.0
1742781204.2063975,1.0
1742781204.225097,1.0
1742781204.2438147,1.0
1742781204.2625742,1.0
1742781204.2828286,1.0
1742781204.3036952,1.0
1742781204.3223794,1.0
1742781204.3410811,1.0
1742781204.3598309,1.0
1742781204.3788407,1.0
1742781204.3976865,1.0
1742781204.416392,1.0
1742781204.4351294,1.0
1742781204.4538035,1.0
1742781204.4725287,1.0
1742781204.4913344,1.0
1742781204.511726,1.0
1742781204.5305223,1.0
1742781204.5491421,1.0
1742781204.5683517,1.0
1742781204.5879335,1.0
1742781204.6068661,1.0
1742781204.6254663,1.0
1742781204.6440897,1.0
1742781204.6638572,1.0
1742781204.6827013,1.0
1742781204.7014546,1.0
1742781204.72007,1.0
1742781204.7386582,1.0
1742781204.757286,1.0
1742781204.7760007,1.0
1742781204.7949374,1.0
1742781204.8135102,1.0
1742781204.8321357,1.0
1742781204.8507273,1.0
1742781204.8693285,1.0
1742781204.8879168,1.0
1742781204.9067774,1.0
1742781204.9253776,1.0
1742781204.9440103,1.0
1742781204.9626105,1.0
1742781204.9813464,1.0
1742781205.0000653,1.0
1742781205.0187018,1.0
1742781205.0372922,1.0
1742781205.0559578,1.0
1742781205.0745583,1.0
1742781205.0935066,1.0
1742781205.1120741,1.0
1742781205.130833,1.0
1742781205.1494281,1.0
1742781205.168044,1.0
1742781205.1867266,1.0
1742781205.205532,1.0
1742781205.2241144,1.0
1742781205.2427385,1.0
1742781205.2613115,1.0
1742781205.2799017,1.0
1742781205.298607,1.0
1742781205.3171897,1.0
1742781205.3357823,1.0
1742781205.3543792,1.0
1742781205.3729515,1.0
1742781205.3915906,1.0
1742781205.4102898,1.0
1742781205.428898,1.0
1742781205.4474857,1.0
1742781205.4660861,1.0
1742781205.4846487,1.0
1742781205.5033715,1.0
1742781205.5241804,1.0
1742781205.542748,1.0
1742781205.562057,1.0
1742781205.580713,1.0
1742781205.5996854,1.0
1742781205.6184442,1.0
1742781205.6370542,1.0
1742781205.6556208,1.0
1742781205.6756613,1.0
1742781205.6942444,1.0
1742781205.7130713,1.0
1742781205.731663,1.0
1742781205.7502718,1.0
1742781205.7688806,1.0
1742781205.7875988,1.0
1742781205.8136237,1.0
1742781205.8403392,1.0
1742781205.859662,1.0
1742781205.878238,1.0
1742781205.8969142,1.0
1742781205.915638,1.0
1742781205.9342868,1.0
1742781205.9529314,1.0
1742781205.971664,1.0
1742781205.9903698,1.0
1742781206.0093145,1.0
1742781206.0279326,1.0
1742781206.046557,1.0
1742781206.0651639,1.0
1742781206.0837853,1.0
1742781206.1024342,1.0
1742781206.1212714,1.0
1742781206.1399307,1.0
1742781206.1604316,1.0
1742781206.1792316,1.0
1742781206.1978009,1.0
1742781206.216765,1.0
1742781206.2354622,1.0
1742781206.2540781,1.0
1742781206.272725,1.0
1742781206.2913501,1.0
1742781206.3099918,1.0
1742781206.328827,1.0
1742781206.347488,1.0
1742781206.3661065,1.0
1742781206.3848355,1.0
1742781206.4035282,1.0
1742781206.4222624,1.0
1742781206.4408803,1.0
1742781206.4595418,1.0
1742781206.4781451,1.0
1742781206.4968157,1.0
1742781206.517312,1.0
1742781206.5359414,1.0
1742781206.5550692,1.0
1742781206.5737019,1.0
1742781206.5928552,1.0
1742781206.611555,1.0
1742781206.6304586,1.0
1742781206.6490974,1.0
1742781206.6692116,1.0
1742781206.6878338,1.0
1742781206.7064612,1.0
1742781206.725326,1.0
1742781206.7439585,1.0
1742781206.762598,1.0
1742781206.7813115,1.0
1742781206.799985,1.0
1742781206.8186681,1.0
1742781206.8375049,1.0
1742781206.8561072,1.0
1742781206.8747697,1.0
1742781206.8934689,1.0
1742781206.9121106,1.0
1742781206.9308288,1.0
1742781206.949444,1.0
1742781206.9680715,1.0
1742781206.9868145,1.0
1742781207.0054088,1.0
1742781207.0243957,1.0
1742781207.043015,1.0
1742781207.0616508,1.0
1742781207.0802577,1.0
1742781207.098898,1.0
1742781207.1178262,1.0
1742781207.1366935,1.0
1742781207.1553345,1.0
1742781207.174003,1.0
1742781207.1926992,1.0
1742781207.2113812,1.0
1742781207.2301316,1.0
1742781207.248755,1.0
1742781207.2674236,1.0
1742781207.2860572,1.0
1742781207.3046818,1.0
1742781207.3233209,1.0
1742781207.34215,1.0
1742781207.3608217,1.0
1742781207.3795552,1.0
1742781207.3982437,1.0
1742781207.416909,1.0
1742781207.4358692,1.0
1742781207.4546638,1.0
1742781207.4733634,1.0
1742781207.492006,1.0
1742781207.5120928,1.0
1742781207.5311456,1.0
1742781207.5497298,1.0
1742781207.569172,1.0
1742781207.587971,1.0
1742781207.6068988,1.0
1742781207.6255097,1.0
1742781207.6443179,1.0
1742781207.6642582,1.0
1742781207.6827886,1.0
1742781207.7013981,1.0
1742781207.7200382,1.0
1742781207.7389545,1.0
1742781207.7575738,1.0
1742781207.7762573,1.0
1742781207.7948995,1.0
1742781207.8136013,1.0
1742781207.8321846,1.0
1742781207.850945,1.0
1742781207.8695085,1.0
1742781207.8884778,1.0
1742781207.907945,1.0
1742781207.9265876,1.0
1742781207.9453146,1.0
1742781207.9639382,1.0
1742781207.9826741,1.0
1742781208.0012867,1.0
1742781208.0199237,1.0
1742781208.0387824,1.0
1742781208.0573657,1.0
1742781208.076014,1.0
1742781208.0946107,1.0
1742781208.1131878,1.0
1742781208.1318042,1.0
1742781208.15064,1.0
1742781208.169245,1.0
1742781208.187945,1.0
1742781208.2065363,1.0
1742781208.2251437,1.0
1742781208.243916,1.0
1742781208.2625384,1.0
1742781208.2811444,1.0
1742781208.299746,1.0
1742781208.3183749,1.0
1742781208.3370106,1.0
1742781208.3557742,1.0
1742781208.3744059,1.0
1742781208.393109,1.0
1742781208.411764,1.0
1742781208.4303944,1.0
1742781208.4493144,1.0
1742781208.4679317,1.0
1742781208.4865794,1.0
1742781208.5054314,1.0
1742781208.5256474,1.0
1742781208.5445437,1.0
1742781208.5637305,1.0
1742781208.5824652,1.0
1742781208.6014738,1.0
1742781208.620039,1.0
1742781208.63862,1.0
1742781208.6573596,1.0
1742781208.6774564,1.0
1742781208.6960373,1.0
1742781208.7146294,1.0
1742781208.7331727,1.0
1742781208.752042,1.0
1742781208.7708895,1.0
1742781208.7895021,1.0
1742781208.8080962,1.0
1742781208.8266768,1.0
1742781208.845195,1.0
1742781208.8639598,1.0
1742781208.882517,1.0
1742781208.9012609,1.0
1742781208.919825,1.0
1742781208.9384768,1.0
1742781208.9571283,1.0
1742781208.9756863,1.0
1742781208.9943519,1.0
1742781209.0129237,1.0
1742781209.0314791,1.0
1742781209.0500789,1.0
1742781209.0687726,1.0
1742781209.0873349,1.0
1742781209.1059113,1.0
1742781209.1248398,1.0
1742781209.1433957,1.0
1742781209.1620638,1.0
1742781209.1806211,1.0
1742781209.199233,1.0
1742781209.2178066,1.0
1742781209.2363577,1.0
1742781209.2551641,1.0
1742781209.2737331,1.0
1742781209.292302,1.0
1742781209.3108563,1.0
1742781209.3294046,1.0
1742781209.347946,1.0
1742781209.3683567,1.0
1742781209.3881996,1.0
1742781209.4068084,1.0
1742781209.4253867,1.0
1742781209.4439363,1.0
1742781209.462633,1.0
1742781209.481188,1.0
1742781209.4998176,1.0
1742781209.520507,1.0
1742781209.5390427,1.0
1742781209.5583413,1.0
1742781209.5770466,1.0
1742781209.5960364,1.0
1742781209.6147819,1.0
1742781209.6333802,1.0
1742781209.6519198,1.0
1742781209.672057,1.0
1742781209.690613,1.0
1742781209.7098966,1.0
1742781209.7285795,1.0
1742781209.7471426,1.0
1742781209.7658494,1.0
1742781209.7843666,1.0
1742781209.802974,1.0
1742781209.8215306,1.0
1742781209.8400939,1.0
1742781209.8586507,1.0
1742781209.8774252,1.0
1742781209.8962731,1.0
1742781209.9148958,1.0
1742781209.9334648,1.0
1742781209.9520483,1.0
1742781209.9708037,1.0
1742781209.9894664,1.0
1742781210.0080776,1.0
1742781210.0266838,1.0
1742781210.0452447,1.0
1742781210.0639355,1.0
1742781210.0827043,1.0
1742781210.1013222,1.0
1742781210.1199503,1.0
1742781210.1385713,1.0
1742781210.1571958,1.0
1742781210.1760676,1.0
1742781210.194824,1.0
1742781210.2134297,1.0
1742781210.232043,1.0
1742781210.250632,1.0
1742781210.2691593,1.0
1742781210.2879004,1.0
1742781210.306466,1.0
1742781210.3250086,1.0
1742781210.3435826,1.0
1742781210.3621297,1.0
1742781210.3807821,1.0
1742781210.3994172,1.0
1742781210.417988,1.0
1742781210.4365883,1.0
1742781210.455169,1.0
1742781210.473764,1.0
1742781210.4925852,1.0
1742781210.5123234,1.0
1742781210.5313296,1.0
1742781210.549932,1.0
1742781210.5693016,1.0
1742781210.5881984,1.0
1742781210.6070194,1.0
1742781210.6256359,1.0
1742781210.6442375,1.0
1742781210.6641889,1.0
1742781210.6827965,1.0
1742781210.7013896,1.0
1742781210.7200048,1.0
1742781210.7386608,1.0
1742781210.7572143,1.0
1742781210.7758508,1.0
1742781210.7948139,1.0
1742781210.8133678,1.0
1742781210.8319945,1.0
1742781210.8506615,1.0
1742781210.8692596,1.0
1742781210.888008,1.0
1742781210.906629,1.0
1742781210.92526,1.0
1742781210.9438689,1.0
1742781210.9624832,1.0
1742781210.9811192,1.0
1742781210.9998987,1.0
1742781211.018514,1.0
1742781211.0370932,1.0
1742781211.0556903,1.0
1742781211.074279,1.0
1742781211.0929344,1.0
1742781211.111525,1.0
1742781211.1301916,1.0
1742781211.1488702,1.0
1742781211.167709,1.0
1742781211.1865356,1.0
1742781211.2051902,1.0
1742781211.223838,1.0
1742781211.2424734,1.0
1742781211.2610958,1.0
1742781211.279739,1.0
1742781211.2986104,1.0
1742781211.3172379,1.0
1742781211.3358815,1.0
1742781211.3545105,1.0
1742781211.3888676,1.0
1742781211.4076521,1.0
1742781211.4263055,1.0
1742781211.4449174,1.0
1742781211.4635735,1.0
1742781211.4822383,1.0
1742781211.5011032,1.0
1742781211.521427,1.0
1742781211.5400221,1.0
1742781211.559426,1.0
1742781211.5780082,1.0
1742781211.5971496,1.0
1742781211.6158895,1.0
1742781211.6344607,1.0
1742781211.6530485,1.0
1742781211.6734366,1.0
1742781211.692317,1.0
1742781211.7109034,1.0
1742781211.729511,1.0
1742781211.748088,1.0
1742781211.7666557,1.0
1742781211.7852342,1.0
1742781211.8042095,1.0
1742781211.8227856,1.0
1742781211.8413632,1.0
1742781211.859929,1.0
1742781211.878599,1.0
1742781211.8974087,1.0
1742781211.9163651,1.0
1742781211.934991,1.0
1742781211.9536638,1.0
1742781211.9724696,1.0
1742781211.9911485,1.0
1742781212.0101593,1.0
1742781212.0288033,1.0
1742781212.0474083,1.0
1742781212.0661001,1.0
1742781212.0847511,1.0
1742781212.103488,1.0
1742781212.1221392,1.0
1742781212.1408293,1.0
1742781212.1598248,1.0
1742781212.1785164,1.0
1742781212.1972375,1.0
1742781212.216263,1.0
1742781212.2349353,1.0
1742781212.2535706,1.0
1742781212.2722852,1.0
1742781212.2909286,1.0
1742781212.3097937,1.0
1742781212.3284693,1.0
1742781212.3470976,1.0
1742781212.3657393,1.0
1742781212.3843644,1.0
1742781212.4032216,1.0
1742781212.421883,1.0
1742781212.4404774,1.0
1742781212.4591215,1.0
1742781212.4778206,1.0
1742781212.4964814,1.0
1742781212.5169895,1.0
1742781212.5355487,1.0
1742781212.5544336,1.0
1742781212.573271,1.0
1742781212.592194,1.0
1742781212.6111946,1.0
1742781212.6298,1.0
1742781212.6484091,1.0
1742781212.6685793,1.0
1742781212.6871436,1.0
1742781212.7060196,1.0
1742781212.7245934,1.0
1742781212.743226,1.0
1742781212.76184,1.0
1742781212.780495,1.0
1742781212.7991953,1.0
1742781212.8179781,1.0
1742781212.8365724,1.0
1742781212.8552065,1.0
1742781212.873793,1.0
1742781212.8924432,1.0
1742781212.9199936,1.0
1742781212.9386194,1.0
1742781212.957205,1.0
1742781212.9758165,1.0
1742781212.9944503,1.0
1742781213.0134566,1.0
1742781213.0325174,1.0
1742781213.0512578,1.0
1742781213.0700524,1.0
1742781213.0888498,1.0
1742781213.1076417,1.0
1742781213.1265686,1.0
1742781213.1453445,1.0
1742781213.16425,1.0
1742781213.1830184,1.0
1742781213.2019637,1.0
1742781213.2208037,1.0
1742781213.2396142,1.0
1742781213.2583923,1.0
1742781213.2771251,1.0
1742781213.2958443,1.0
1742781213.3147361,1.0
1742781213.333493,1.0
1742781213.352376,1.0
1742781213.3711414,1.0
1742781213.389978,1.0
1742781213.4087067,1.0
1742781213.427548,1.0
1742781213.446291,1.0
1742781213.4650085,1.0
1742781213.4837012,1.0
1742781213.5024452,1.0
1742781213.5230484,1.0
1742781213.5417628,1.0
1742781213.5611043,1.0
1742781213.579771,1.0
1742781213.5990577,1.0
1742781213.6179543,1.0
1742781213.6366022,1.0
1742781213.6552658,1.0
1742781213.6753354,1.0
1742781213.6940045,1.0
1742781213.7126873,1.0
1742781213.7315094,1.0
1742781213.7501848,1.0
1742781213.7688532,1.0
1742781213.787516,1.0
1742781213.807986,1.0
1742781213.8268037,1.0
1742781213.8454442,1.0
1742781213.864145,1.0
1742781213.8830218,1.0
1742781213.9018586,1.0
1742781213.9205484,1.0
1742781213.9396288,1.0
1742781213.958349,1.0
1742781213.97706,1.0
1742781213.9957497,1.0
1742781214.014485,1.0
1742781214.033254,1.0
1742781214.0519905,1.0
1742781214.070686,1.0
1742781214.0893614,1.0
1742781214.1080568,1.0
1742781214.1268373,1.0
1742781214.1454415,1.0
1742781214.1640773,1.0
1742781214.1827073,1.0
1742781214.2014441,1.0
1742781214.2200818,1.0
1742781214.2388995,1.0
1742781214.257498,1.0
1742781214.2761211,1.0
1742781214.2947478,1.0
1742781214.3133628,1.0
1742781214.3320978,1.0
1742781214.3506944,1.0
1742781214.369289,1.0
1742781214.3879232,1.0
1742781214.4066286,1.0
1742781214.425257,1.0
1742781214.4486983,1.0
1742781214.467232,1.0
1742781214.4858255,1.0
1742781214.5046487,1.0
1742781214.5275517,1.0
1742781214.546331,1.0
1742781214.56583,1.0
1742781214.584393,1.0
1742781214.603536,1.0
1742781214.622094,1.0
1742781214.6410222,1.0
1742781214.6609442,1.0
1742781214.679554,1.0
1742781214.698142,1.0
1742781214.7167678,1.0
1742781214.7353644,1.0
1742781214.7541237,1.0
1742781214.772708,1.0
1742781214.791352,1.0
1742781214.810061,1.0
1742781214.829309,1.0
1742781214.8482788,1.0
1742781214.8668652,1.0
1742781214.8854373,1.0
1742781214.9041452,1.0
1742781214.9228103,1.0
1742781214.9414935,1.0
1742781214.960056,1.0
1742781214.9786627,1.0
1742781214.9975574,1.0
1742781215.0162168,1.0
1742781215.0348353,1.0
1742781215.0535567,1.0
1742781215.072199,1.0
1742781215.09083,1.0
1742781215.1094205,1.0
1742781215.1281173,1.0
1742781215.147076,1.0
1742781215.1656575,1.0
1742781215.1842418,1.0
1742781215.2029548,1.0
1742781215.2215457,1.0
1742781215.240155,1.0
1742781215.2588625,1.0
1742781215.2775178,1.0
1742781215.2961001,1.0
1742781215.3147023,1.0
1742781215.3332736,1.0
1742781215.351954,1.0
1742781215.3705556,1.0
1742781215.3891342,1.0
1742781215.415394,1.0
1742781215.442309,1.0
1742781215.461096,1.0
1742781215.4797058,1.0
1742781215.498313,1.0
1742781215.5197494,1.0
1742781215.5383282,1.0
1742781215.5578299,1.0
1742781215.576373,1.0
1742781215.5954106,1.0
1742781215.614018,1.0
1742781215.6326218,1.0
1742781215.6512764,1.0
1742781215.671308,1.0
1742781215.6898117,1.0
1742781215.7083209,1.0
1742781215.7268648,1.0
1742781215.7453783,1.0
1742781215.7640266,1.0
1742781215.7826617,1.0
1742781215.8013031,1.0
1742781215.8198256,1.0
1742781215.838361,1.0
1742781215.856968,1.0
1742781215.875489,1.0
1742781215.8941166,1.0
1742781215.9125936,1.0
1742781215.9311054,1.0
1742781215.9503083,1.0
1742781215.96909,1.0
1742781215.9876451,1.0
1742781216.0062897,1.0
1742781216.0247808,1.0
1742781216.0433142,1.0
1742781216.0619893,1.0
1742781216.0805035,1.0
1742781216.0990129,1.0
1742781216.1175728,1.0
1742781216.1360836,1.0
1742781216.154868,1.0
1742781216.1735284,1.0
1742781216.1920543,1.0
1742781216.210693,1.0
1742781216.2292166,1.0
1742781216.2477708,1.0
1742781216.2664092,1.0
1742781216.2849045,1.0
1742781216.303439,1.0
1742781216.3219767,1.0
1742781216.3404694,1.0
1742781216.359004,1.0
1742781216.3776999,1.0
1742781216.396203,1.0
1742781216.414781,1.0
1742781216.4332867,1.0
1742781216.4518523,1.0
1742781216.470479,1.0
1742781216.4890242,1.0
1742781216.5086884,1.0
1742781216.5283656,1.0
1742781216.546919,1.0
1742781216.566395,1.0
1742781216.5849261,1.0
1742781216.6039286,1.0
1742781216.6224399,1.0
1742781216.640984,1.0
1742781216.6595144,1.0
1742781216.6795125,1.0
1742781216.698042,1.0
1742781216.7165632,1.0
1742781216.7350981,1.0
1742781216.7536325,1.0
1742781216.772287,1.0
1742781216.7908072,1.0
1742781216.8094337,1.0
1742781216.827994,1.0
1742781216.8466468,1.0
1742781216.8651302,1.0
1742781216.8838172,1.0
1742781216.9024591,1.0
1742781216.9209604,1.0
1742781216.939497,1.0
1742781216.9580233,1.0
1742781216.9766374,1.0
1742781216.9951687,1.0
1742781217.0137894,1.0
1742781217.0322733,1.0
1742781217.0507958,1.0
1742781217.0692875,1.0
1742781217.0879831,1.0
1742781217.1064835,1.0
1742781217.1250293,1.0
1742781217.143745,1.0
1742781217.162254,1.0
1742781217.1808598,1.0
1742781217.199401,1.0
1742781217.218022,1.0
1742781217.2365613,1.0
1742781217.2550783,1.0
1742781217.27395,1.0
1742781217.2924602,1.0
1742781217.3110063,1.0
1742781217.3295145,1.0
1742781217.3480294,1.0
1742781217.3665195,1.0
1742781217.3853223,1.0
1742781217.4040627,1.0
1742781217.4225674,1.0
1742781217.4410746,1.0
1742781217.4596355,1.0
1742781217.4782755,1.0
1742781217.4968014,1.0
1742781217.5177715,1.0
1742781217.5362756,1.0
1742781217.5601187,1.0
1742781217.5968962,1.0
1742781217.6158555,1.0
1742781217.634478,1.0
1742781217.6530719,1.0
1742781217.6734378,1.0
1742781217.6922107,1.0
1742781217.7108185,1.0
1742781217.7293775,1.0
1742781217.7479315,1.0
1742781217.7665064,1.0
1742781217.7851782,1.0
1742781217.8038483,1.0
1742781217.8226697,1.0
1742781217.841232,1.0
1742781217.8598294,1.0
1742781217.8783922,1.0
1742781217.897398,1.0
1742781217.9159992,1.0
1742781217.934582,1.0
1742781217.9531553,1.0
1742781217.9720964,1.0
1742781217.9908133,1.0
1742781218.0095837,1.0
1742781218.0282092,1.0
1742781218.0467904,1.0
1742781218.0653372,1.0
1742781218.0839329,1.0
1742781218.102698,1.0
1742781218.1213114,1.0
1742781218.1399405,1.0
1742781218.1589804,1.0
1742781218.1775122,1.0
1742781218.196278,1.0
1742781218.2150836,1.0
1742781218.2336903,1.0
1742781218.2522337,1.0
1742781218.2708142,1.0
1742781218.2897007,1.0
1742781218.3082464,1.0
1742781218.326852,1.0
1742781218.345421,1.0
1742781218.3639946,1.0
1742781218.3825884,1.0
1742781218.401394,1.0
1742781218.420059,1.0
1742781218.4386256,1.0
1742781218.4572024,1.0
1742781218.4757817,1.0
1742781218.4944694,1.0
1742781218.51443,1.0
1742781218.5331917,1.0
1742781218.5518,1.0
1742781218.5710993,1.0
1742781218.5897698,1.0
1742781218.6088245,1.0
1742781218.6274428,1.0
1742781218.6460361,1.0
1742781218.6662166,1.0
1742781218.6847029,1.0
1742781218.7034166,1.0
1742781218.7220457,1.0
1742781218.7406404,1.0
1742781218.7592418,1.0
1742781218.777863,1.0
1742781218.7967718,1.0
1742781218.815438,1.0
1742781218.8340094,1.0
1742781218.8526225,1.0
1742781218.8712275,1.0
1742781218.889814,1.0
1742781218.9086287,1.0
1742781218.9273412,1.0
1742781218.945941,1.0
1742781218.9645112,1.0
1742781218.9830956,1.0
1742781219.0018263,1.0
1742781219.0204072,1.0
1742781219.0389984,1.0
1742781219.0575833,1.0
1742781219.0761647,1.0
1742781219.094717,1.0
1742781219.1134574,1.0
1742781219.132121,1.0
1742781219.150767,1.0
1742781219.1693265,1.0
1742781219.1879592,1.0
1742781219.2066662,1.0
1742781219.2252417,1.0
1742781219.2438438,1.0
1742781219.2624245,1.0
1742781219.280996,1.0
1742781219.2995856,1.0
1742781219.3185215,1.0
1742781219.3370996,1.0
1742781219.355699,1.0
1742781219.3742814,1.0
1742781219.3928514,1.0
1742781219.4193268,1.0
1742781219.446355,1.0
1742781219.4650216,1.0
1742781219.4836001,1.0
1742781219.5022302,1.0
1742781219.522818,1.0
1742781219.5413964,1.0
1742781219.560697,1.0
1742781219.57928,1.0
1742781219.600931,1.0
1742781219.621783,1.0
1742781219.640357,1.0
1742781219.6602547,1.0
1742781219.6788986,1.0
1742781219.6974626,1.0
1742781219.7162116,1.0
1742781219.7348042,1.0
1742781219.7534435,1.0
1742781219.772062,1.0
1742781219.7906506,1.0
1742781219.8093243,1.0
1742781219.828113,1.0
1742781219.846706,1.0
1742781219.8652992,1.0
1742781219.8838828,1.0
1742781219.9025643,1.0
1742781219.9212267,1.0
1742781219.9406493,1.0
1742781219.959234,1.0
1742781219.978188,1.0
1742781219.9967346,1.0
1742781220.0156074,1.0
1742781220.0342155,1.0
1742781220.0528028,1.0
1742781220.0713882,1.0
1742781220.090029,1.0
1742781220.108581,1.0
1742781220.1273956,1.0
1742781220.1460075,1.0
1742781220.164625,1.0
1742781220.18323,1.0
1742781220.2018826,1.0
1742781220.2206843,1.0
1742781220.239314,1.0
1742781220.257941,1.0
1742781220.2765348,1.0
1742781220.2952013,1.0
1742781220.3138459,1.0
1742781220.3325815,1.0
1742781220.351213,1.0
1742781220.3698368,1.0
1742781220.3884766,1.0
1742781220.4074059,1.0
1742781220.4263148,1.0
1742781220.4449124,1.0
1742781220.4635355,1.0
1742781220.4821906,1.0
1742781220.500768,1.0
1742781220.5227973,1.0
1742781220.541406,1.0
1742781220.5608437,1.0
1742781220.5795298,1.0
1742781220.598708,1.0
1742781220.617431,1.0
1742781220.6362622,1.0
1742781220.655312,1.0
1742781220.6753464,1.0
1742781220.6939988,1.0
1742781220.7126877,1.0
1742781220.7315998,1.0
1742781220.750265,1.0
1742781220.7689366,1.0
1742781220.7875848,1.0
1742781220.806346,1.0
1742781220.824968,1.0
1742781220.8437736,1.0
1742781220.8624601,1.0
1742781220.8811238,1.0
1742781220.8998687,1.0
1742781220.9185324,1.0
1742781220.937294,1.0
1742781220.9559805,1.0
1742781220.9746256,1.0
1742781220.9932954,1.0
1742781221.012033,1.0
1742781221.0309,1.0
1742781221.0495675,1.0
1742781221.0682576,1.0
1742781221.086913,1.0
1742781221.1055365,1.0
1742781221.1241872,1.0
1742781221.1433823,1.0
1742781221.1619983,1.0
1742781221.1806395,1.0
1742781221.1992836,1.0
1742781221.218037,1.0
1742781221.2367694,1.0
1742781221.255409,1.0
1742781221.2740543,1.0
1742781221.2926881,1.0
1742781221.311331,1.0
1742781221.329996,1.0
1742781221.3487706,1.0
1742781221.3674324,1.0
1742781221.386112,1.0
1742781221.40473,1.0
1742781221.4234464,1.0
1742781221.4423225,1.0
1742781221.4609566,1.0
1742781221.4796257,1.0
1742781221.498276,1.0
1742781221.518801,1.0
1742781221.537691,1.0
1742781221.556506,1.0
1742781221.5755749,1.0
1742781221.5943568,1.0
1742781221.6133327,1.0
1742781221.6320033,1.0
1742781221.6508057,1.0
1742781221.6710196,1.0
1742781221.6896923,1.0
1742781221.7083433,1.0
1742781221.726998,1.0
1742781221.7458737,1.0
1742781221.7645192,1.0
1742781221.7831855,1.0
1742781221.8018193,1.0
1742781221.820573,1.0
1742781221.839252,1.0
1742781221.858053,1.0
1742781221.8767014,1.0
1742781221.895621,1.0
1742781221.9144442,1.0
1742781221.933207,1.0
1742781221.9521043,1.0
1742781221.9709375,1.0
1742781221.9901235,1.0
1742781222.008943,1.0
1742781222.027765,1.0
1742781222.04669,1.0
1742781222.0654905,1.0
1742781222.084373,1.0
1742781222.1031003,1.0
1742781222.121816,1.0
1742781222.141486,1.0
1742781222.1605284,1.0
1742781222.179257,1.0
1742781222.1979637,1.0
1742781222.216854,1.0
1742781222.2355924,1.0
1742781222.2544882,1.0
1742781222.2732158,1.0
1742781222.2919376,1.0
1742781222.3107135,1.0
1742781222.3294413,1.0
1742781222.3485034,1.0
1742781222.3672676,1.0
1742781222.385993,1.0
1742781222.4047437,1.0
1742781222.423559,1.0
1742781222.4423573,1.0
1742781222.4612796,1.0
1742781222.48006,1.0
1742781222.4988434,1.0
1742781222.519645,1.0
1742781222.5384166,1.0
1742781222.5580351,1.0
1742781222.576739,1.0
1742781222.5960884,1.0
1742781222.6150944,1.0
1742781222.6338603,1.0
1742781222.6528609,1.0
1742781222.6734736,1.0
1742781222.6922479,1.0
1742781222.711022,1.0
1742781222.7297995,1.0
1742781222.7485263,1.0
1742781222.7674346,1.0
1742781222.7862022,1.0
1742781222.804943,1.0
1742781222.8238223,1.0
1742781222.8425796,1.0
1742781222.8615458,1.0
1742781222.8802993,1.0
1742781222.9051437,1.0
1742781222.9238913,1.0
1742781222.9427097,1.0
1742781222.9618325,1.0
1742781222.9805965,1.0
1742781222.999486,1.0
1742781223.0183964,1.0
1742781223.037175,1.0
1742781223.055913,1.0
1742781223.0748405,1.0
1742781223.0935998,1.0
1742781223.1123955,1.0
1742781223.1311727,1.0
1742781223.1500816,1.0
1742781223.1689286,1.0
1742781223.1876962,1.0
1742781223.2064824,1.0
1742781223.2253606,1.0
1742781223.2441096,1.0
1742781223.2637067,1.0
1742781223.2824678,1.0
1742781223.301213,1.0
1742781223.3199594,1.0
1742781223.338712,1.0
1742781223.3574274,1.0
1742781223.376343,1.0
1742781223.3950796,1.0
1742781223.4139264,1.0
1742781223.4326541,1.0
1742781223.4513605,1.0
1742781223.4703524,1.0
1742781223.489039,1.0
1742781223.5088258,1.0
1742781223.5283942,1.0
1742781223.5470698,1.0
1742781223.566631,1.0
1742781223.5852892,1.0
1742781223.6043868,1.0
1742781223.6232388,1.0
1742781223.641953,1.0
1742781223.6618977,1.0
1742781223.6808517,1.0
1742781223.6995564,1.0
1742781223.718257,1.0
1742781223.7369354,1.0
1742781223.7555947,1.0
1742781223.7745187,1.0
1742781223.7931743,1.0
1742781223.812036,1.0
1742781223.8308206,1.0
1742781223.8495388,1.0
1742781223.8687024,1.0
1742781223.887798,1.0
1742781223.9066098,1.0
1742781223.9253218,1.0
1742781223.9440825,1.0
1742781223.9628234,1.0
1742781223.981721,1.0
1742781224.000475,1.0
1742781224.0196066,1.0
1742781224.038417,1.0
1742781224.0571702,1.0
1742781224.076121,1.0
1742781224.0948722,1.0
1742781224.1135902,1.0
1742781224.1323695,1.0
1742781224.1511059,1.0
1742781224.1698294,1.0
1742781224.1887262,1.0
1742781224.2074804,1.0
1742781224.226264,1.0
1742781224.2449827,1.0
1742781224.2637172,1.0
1742781224.282606,1.0
1742781224.3013523,1.0
1742781224.3352935,1.0
1742781224.3541083,1.0
1742781224.3730094,1.0
1742781224.3920448,1.0
1742781224.4109747,1.0
1742781224.4298952,1.0
1742781224.4487624,1.0
1742781224.4676406,1.0
1742781224.4868426,1.0
1742781224.5061443,1.0
1742781224.526544,1.0
1742781224.5454102,1.0
1742781224.5650246,1.0
1742781224.5845363,1.0
1742781224.605326,1.0
1742781224.6261375,1.0
1742781224.645006,1.0
1742781224.6649463,1.0
1742781224.683932,1.0
1742781224.7029164,1.0
1742781224.7217119,1.0
1742781224.7405353,1.0
1742781224.7593248,1.0
1742781224.7781487,1.0
1742781224.7970383,1.0
1742781224.8159096,1.0
1742781224.8347034,1.0
1742781224.853492,1.0
1742781224.872283,1.0
1742781224.8912256,1.0
1742781224.9099863,1.0
1742781224.9287758,1.0
1742781224.947562,1.0
1742781224.9663434,1.0
1742781224.9853177,1.0
1742781225.0042384,1.0
1742781225.023129,1.0
1742781225.0419164,1.0
1742781225.061506,1.0
1742781225.080336,1.0
1742781225.0992584,1.0
1742781225.1181245,1.0
1742781225.1373565,1.0
1742781225.1562464,1.0
1742781225.1750405,1.0
1742781225.1941478,1.0
1742781225.2129626,1.0
1742781225.2318733,1.0
1742781225.2507005,1.0
1742781225.269521,1.0
1742781225.2883513,1.0
1742781225.307336,1.0
1742781225.3261745,1.0
1742781225.3449612,1.0
1742781225.3637307,1.0
1742781225.382487,1.0
1742781225.4012797,1.0
1742781225.4201026,1.0
1742781225.4388313,1.0
1742781225.4575403,1.0
1742781225.4762836,1.0
1742781225.4950194,1.0
1742781225.5160794,1.0
1742781225.5347621,1.0
1742781225.5538394,1.0
1742781225.5728993,1.0
1742781225.5918841,1.0
1742781225.6111574,1.0
1742781225.630025,1.0
1742781225.6487484,1.0
1742781225.6688561,1.0
1742781225.6875348,1.0
1742781225.7065268,1.0
1742781225.7252665,1.0
1742781225.744005,1.0
1742781225.7627745,1.0
1742781225.7814686,1.0
1742781225.800234,1.0
1742781225.8191898,1.0
1742781225.8379207,1.0
1742781225.856651,1.0
1742781225.8754365,1.0
1742781225.8942275,1.0
1742781225.9130118,1.0
1742781225.9317422,1.0
1742781225.9504895,1.0
1742781225.9693608,1.0
1742781225.9880872,1.0
1742781226.0069425,1.0
1742781226.0261595,1.0
1742781226.04488,1.0
1742781226.0636501,1.0
1742781226.082359,1.0
1742781226.1010692,1.0
1742781226.1199114,1.0
1742781226.1386406,1.0
1742781226.1576211,1.0
1742781226.1763601,1.0
1742781226.1950643,1.0
1742781226.2138875,1.0
1742781226.2326362,1.0
1742781226.251393,1.0
1742781226.2701018,1.0
1742781226.2888198,1.0
1742781226.3075824,1.0
1742781226.3264248,1.0
1742781226.3451452,1.0
1742781226.3638709,1.0
1742781226.3825836,1.0
1742781226.401289,1.0
1742781226.4202125,1.0
1742781226.4389904,1.0
1742781226.4577434,1.0
1742781226.476473,1.0
1742781226.495219,1.0
1742781226.5159717,1.0
1742781226.534611,1.0
1742781226.5538898,1.0
1742781226.572836,1.0
1742781226.59182,1.0
1742781226.6108553,1.0
1742781226.6299553,1.0
1742781226.6486604,1.0
1742781226.6686318,1.0
1742781226.6873474,1.0
1742781226.706075,1.0
1742781226.7248366,1.0
1742781226.7435484,1.0
1742781226.7622666,1.0
1742781226.78097,1.0
1742781226.7996929,1.0
1742781226.8185124,1.0
1742781226.8372567,1.0
1742781226.8560126,1.0
1742781226.8748028,1.0
1742781226.8935852,1.0
1742781226.9123197,1.0
1742781226.93122,1.0
1742781226.9499502,1.0
1742781226.968659,1.0
1742781226.9874163,1.0
1742781227.0061517,1.0
1742781227.0249894,1.0
1742781227.0437112,1.0
1742781227.06247,1.0
1742781227.0812097,1.0
1742781227.0999465,1.0
1742781227.1186929,1.0
1742781227.1375477,1.0
1742781227.156325,1.0
1742781227.1750934,1.0
1742781227.1938548,1.0
1742781227.2125595,1.0
1742781227.2314017,1.0
1742781227.250092,1.0
1742781227.268803,1.0
1742781227.2876196,1.0
1742781227.3063498,1.0
1742781227.3252897,1.0
1742781227.3440053,1.0
1742781227.3627203,1.0
1742781227.381424,1.0
1742781227.4001884,1.0
1742781227.4189904,1.0
1742781227.4378574,1.0
1742781227.456576,1.0
1742781227.475283,1.0
1742781227.4940615,1.0
1742781227.5143368,1.0
1742781227.5332654,1.0
1742781227.5519903,1.0
1742781227.5715015,1.0
1742781227.5903256,1.0
1742781227.609495,1.0
1742781227.6286287,1.0
1742781227.6473262,1.0
1742781227.6675255,1.0
1742781227.6862345,1.0
1742781227.7049959,1.0
1742781227.7236981,1.0
1742781227.7425437,1.0
1742781227.7612853,1.0
1742781227.780046,1.0
1742781227.798837,1.0
1742781227.8175576,1.0
1742781227.8365998,1.0
1742781227.8553388,1.0
1742781227.8740494,1.0
1742781227.892848,1.0
1742781227.9115748,1.0
1742781227.930297,1.0
1742781227.949122,1.0
1742781227.9679484,1.0
1742781227.986688,1.0
1742781228.0053842,1.0
1742781228.024265,1.0
1742781228.0435112,1.0
1742781228.0625172,1.0
1742781228.0813363,1.0
1742781228.1001198,1.0
1742781228.1189,1.0
1742781228.1377256,1.0
1742781228.1564608,1.0
1742781228.175196,1.0
1742781228.193905,1.0
1742781228.2126386,1.0
1742781228.231472,1.0
1742781228.2503338,1.0
1742781228.2690542,1.0
1742781228.287792,1.0
1742781228.3065317,1.0
1742781228.3252778,1.0
1742781228.3442657,1.0
1742781228.3630173,1.0
1742781228.3817344,1.0
1742781228.4004624,1.0
1742781228.419211,1.0
1742781228.438006,1.0
1742781228.4568195,1.0
1742781228.4755678,1.0
1742781228.494367,1.0
1742781228.5147855,1.0
1742781228.5334523,1.0
1742781228.5524416,1.0
1742781228.5722628,1.0
1742781228.5913782,1.0
1742781228.610344,1.0
1742781228.6291995,1.0
1742781228.64809,1.0
1742781228.66832,1.0
1742781228.6870213,1.0
1742781228.705799,1.0
1742781228.7244802,1.0
1742781228.7434533,1.0
1742781228.762162,1.0
1742781228.780864,1.0
1742781228.7995708,1.0
1742781228.8182838,1.0
1742781228.837021,1.0
1742781228.8559353,1.0
1742781228.8746479,1.0
1742781228.893364,1.0
1742781228.9120648,1.0
1742781228.93078,1.0
1742781228.949496,1.0
1742781228.9681795,1.0
1742781228.9868717,1.0
1742781229.005569,1.0
1742781229.0243545,1.0
1742781229.0430975,1.0
1742781229.0620973,1.0
1742781229.0807896,1.0
1742781229.0995426,1.0
1742781229.1182425,1.0
1742781229.1369317,1.0
1742781229.155878,1.0
1742781229.1745744,1.0
1742781229.1932967,1.0
1742781229.212001,1.0
1742781229.2307997,1.0
1742781229.2497976,1.0
1742781229.2685223,1.0
1742781229.2872717,1.0
1742781229.305977,1.0
1742781229.3246617,1.0
1742781229.343402,1.0
1742781229.362254,1.0
1742781229.3809478,1.0
1742781229.3996844,1.0
1742781229.4183836,1.0
1742781229.4371324,1.0
1742781229.4558651,1.0
1742781229.4746063,1.0
1742781229.4932857,1.0
1742781229.5143147,1.0
1742781229.5519252,1.0
1742781229.5708966,1.0
1742781229.5895865,1.0
1742781229.6085691,1.0
1742781229.6273942,1.0
1742781229.6460648,1.0
1742781229.6663656,1.0
1742781229.6870313,1.0
1742781229.705812,1.0
1742781229.7244356,1.0
1742781229.7431383,1.0
1742781229.761888,1.0
1742781229.7805307,1.0
1742781229.7992258,1.0
1742781229.8179324,1.0
1742781229.836687,1.0
1742781229.8553467,1.0
1742781229.874148,1.0
1742781229.892883,1.0
1742781229.911547,1.0
1742781229.9302118,1.0
1742781229.9488485,1.0
1742781229.9675837,1.0
1742781229.9862564,1.0
1742781230.0049112,1.0
1742781230.0236044,1.0
1742781230.0422683,1.0
1742781230.0616717,1.0
1742781230.0805347,1.0
1742781230.0991974,1.0
1742781230.1178608,1.0
1742781230.1365383,1.0
1742781230.1551995,1.0
1742781230.1746762,1.0
1742781230.1933072,1.0
1742781230.2119908,1.0
1742781230.2307653,1.0
1742781230.24946,1.0
1742781230.268324,1.0
1742781230.2870317,1.0
1742781230.3056889,1.0
1742781230.3243454,1.0
1742781230.3433654,1.0
1742781230.361999,1.0
1742781230.380871,1.0
1742781230.3995683,1.0
1742781230.4182348,1.0
1742781230.436999,1.0
1742781230.4556618,1.0
1742781230.4743826,1.0
1742781230.4930394,1.0
1742781230.5125148,1.0
1742781230.5317314,1.0
1742781230.5504034,1.0
1742781230.5697062,1.0
1742781230.5885367,1.0
1742781230.607518,1.0
1742781230.6261814,1.0
1742781230.6448798,1.0
1742781230.6645703,1.0
1742781230.683655,1.0
1742781230.7023525,1.0
1742781230.7210536,1.0
1742781230.7396948,1.0
1742781230.7583556,1.0
1742781230.7770996,1.0
1742781230.7958012,1.0
1742781230.814437,1.0
1742781230.833237,1.0
1742781230.851923,1.0
1742781230.8705788,1.0
1742781230.8893569,1.0
1742781230.908065,1.0
1742781230.9268596,1.0
1742781230.9455442,1.0
1742781230.9642231,1.0
1742781230.9832203,1.0
1742781231.0019917,1.0
1742781231.0206687,1.0
1742781231.0394542,1.0
1742781231.0581024,1.0
1742781231.0767436,1.0
1742781231.0956864,1.0
1742781231.1143596,1.0
1742781231.1330187,1.0
1742781231.1518617,1.0
1742781231.1705077,1.0
1742781231.1892478,1.0
1742781231.2079325,1.0
1742781231.2265859,1.0
1742781231.2452757,1.0
1742781231.263945,1.0
1742781231.2826061,1.0
1742781231.3013027,1.0
1742781231.3199909,1.0
1742781231.3386278,1.0
1742781231.3572724,1.0
1742781231.3759315,1.0
1742781231.394648,1.0
1742781231.4133043,1.0
1742781231.4320328,1.0
1742781231.4506989,1.0
1742781231.4693694,1.0
1742781231.488151,1.0
1742781231.5078404,1.0
1742781231.5276892,1.0
1742781231.5463657,1.0
1742781231.5659523,1.0
1742781231.5846405,1.0
1742781231.603779,1.0
1742781231.622408,1.0
1742781231.6411595,1.0
1742781231.6611218,1.0
1742781231.6800077,1.0
1742781231.6987264,1.0
1742781231.717362,1.0
1742781231.7359917,1.0
1742781231.754635,1.0
1742781231.773276,1.0
1742781231.7920744,1.0
1742781231.8106947,1.0
1742781231.8293335,1.0
1742781231.8480017,1.0
1742781231.8666604,1.0
1742781231.8853078,1.0
1742781231.904122,1.0
1742781231.922792,1.0
1742781231.9414356,1.0
1742781231.9601066,1.0
1742781231.9787652,1.0
1742781231.9974535,1.0
1742781232.0160758,1.0
1742781232.034794,1.0
1742781232.0534976,1.0
1742781232.0724523,1.0
1742781232.091106,1.0
1742781232.1100624,1.0
1742781232.1287563,1.0
1742781232.1474226,1.0
1742781232.1660995,1.0
1742781232.1847422,1.0
1742781232.203506,1.0
1742781232.2221584,1.0
1742781232.2408705,1.0
1742781232.259537,1.0
1742781232.2781954,1.0
1742781232.2968462,1.0
1742781232.3155558,1.0
1742781232.3342211,1.0
1742781232.352901,1.0
1742781232.3715703,1.0
1742781232.3902087,1.0
1742781232.4089108,1.0
1742781232.427581,1.0
1742781232.4463518,1.0
1742781232.46495,1.0
1742781232.4835763,1.0
1742781232.5023675,1.0
1742781232.523243,1.0
1742781232.5419562,1.0
1742781232.56157,1.0
1742781232.5802462,1.0
1742781232.5991037,1.0
1742781232.6178982,1.0
1742781232.6366556,1.0
1742781232.6553323,1.0
1742781232.6756608,1.0
1742781232.694313,1.0
1742781232.7130585,1.0
1742781232.7317133,1.0
1742781232.7503943,1.0
1742781232.7690609,1.0
1742781232.7876663,1.0
1742781232.806436,1.0
1742781232.8250792,1.0
1742781232.8437831,1.0
1742781232.8624327,1.0
1742781232.881071,1.0
1742781232.9056125,1.0
1742781232.9243014,1.0
1742781232.9429588,1.0
1742781232.9616442,1.0
1742781232.9802756,1.0
1742781232.9989378,1.0
1742781233.017638,1.0
1742781233.0362742,1.0
1742781233.0549593,1.0
1742781233.0735588,1.0
1742781233.0922415,1.0
1742781233.1110628,1.0
1742781233.1296911,1.0
1742781233.1484194,1.0
1742781233.1670709,1.0
1742781233.1857262,1.0
1742781233.2043948,1.0
1742781233.2232761,1.0
1742781233.2419834,1.0
1742781233.2605946,1.0
1742781233.2792594,1.0
1742781233.2979162,1.0
1742781233.3167014,1.0
1742781233.3353364,1.0
1742781233.3539793,1.0
1742781233.3726213,1.0
1742781233.391275,1.0
1742781233.4099462,1.0
1742781233.4286804,1.0
1742781233.4474096,1.0
1742781233.4660487,1.0
1742781233.4846637,1.0
1742781233.503363,1.0
1742781233.5240471,1.0
1742781233.5427113,1.0
1742781233.562134,1.0
1742781233.5808122,1.0
1742781233.5997064,1.0
1742781233.6185367,1.0
1742781233.6372058,1.0
1742781233.655939,1.0
1742781233.6759698,1.0
1742781233.6946368,1.0
1742781233.713277,1.0
1742781233.732073,1.0
1742781233.7507057,1.0
1742781233.7693672,1.0
1742781233.7880547,1.0
1742781233.8067164,1.0
1742781233.8254242,1.0
1742781233.844141,1.0
1742781233.8628318,1.0
1742781233.881492,1.0
1742781233.900248,1.0
1742781233.9190695,1.0
1742781233.9379478,1.0
1742781233.9566052,1.0
1742781233.975306,1.0
1742781233.9939463,1.0
1742781234.0125847,1.0
1742781234.0313191,1.0
1742781234.049995,1.0
1742781234.0686612,1.0
1742781234.0876372,1.0
1742781234.106275,1.0
1742781234.1249223,1.0
1742781234.1435733,1.0
1742781234.162213,1.0
1742781234.180919,1.0
1742781234.199576,1.0
1742781234.2182195,1.0
1742781234.2371736,1.0
1742781234.2558944,1.0
1742781234.2745836,1.0
1742781234.2932208,1.0
1742781234.31187,1.0
1742781234.3305895,1.0
1742781234.349219,1.0
1742781234.367897,1.0
1742781234.3865604,1.0
1742781234.405189,1.0
1742781234.42385,1.0
1742781234.442667,1.0
1742781234.4613254,1.0
1742781234.4799867,1.0
1742781234.4986475,1.0
1742781234.5192633,1.0
1742781234.5379848,1.0
1742781234.5573406,1.0
1742781234.5760956,1.0
1742781234.594826,1.0
1742781234.613823,1.0
1742781234.6327333,1.0
1742781234.651505,1.0
1742781234.671572,1.0
1742781234.6902318,1.0
1742781234.7088814,1.0
1742781234.727539,1.0
1742781234.747535,1.0
1742781234.7689545,1.0
1742781234.7876065,1.0
1742781234.806258,1.0
1742781234.8249035,1.0
1742781234.84364,1.0
1742781234.8623278,1.0
1742781234.8809862,1.0
1742781234.8996692,1.0
1742781234.9183323,1.0
1742781234.936993,1.0
1742781234.9557247,1.0
1742781234.9743774,1.0
1742781234.9929929,1.0
1742781235.0119805,1.0
1742781235.0306075,1.0
1742781235.049441,1.0
1742781235.068092,1.0
1742781235.0867395,1.0
1742781235.1053596,1.0
1742781235.1240156,1.0
1742781235.142813,1.0
1742781235.1615524,1.0
1742781235.1802197,1.0
1742781235.198909,1.0
1742781235.2175646,1.0
1742781235.236277,1.0
1742781235.255155,1.0
1742781235.2737885,1.0
1742781235.2924297,1.0
1742781235.3119817,1.0
1742781235.3306355,1.0
1742781235.3493412,1.0
1742781235.3680031,1.0
1742781235.3866434,1.0
1742781235.4052947,1.0
1742781235.4239872,1.0
1742781235.4426084,1.0
1742781235.461535,1.0
1742781235.4801738,1.0
1742781235.4988694,1.0
1742781235.5208666,1.0
1742781235.5394564,1.0
1742781235.5594378,1.0
1742781235.5780432,1.0
1742781235.5972419,1.0
1742781235.6159618,1.0
1742781235.6345947,1.0
1742781235.653524,1.0
1742781235.6735215,1.0
1742781235.692177,1.0
1742781235.7108505,1.0
1742781235.7294955,1.0
1742781235.7481399,1.0
1742781235.7668526,1.0
1742781235.7855055,1.0
1742781235.804163,1.0
1742781235.8228414,1.0
1742781235.8414893,1.0
1742781235.8603413,1.0
1742781235.8789952,1.0
1742781235.8976505,1.0
1742781235.9163072,1.0
1742781235.934982,1.0
1742781235.9537342,1.0
1742781235.9723692,1.0
1742781235.9910073,1.0
1742781236.009664,1.0
1742781236.0283034,1.0
1742781236.0470402,1.0
1742781236.0658484,1.0
1742781236.0844936,1.0
1742781236.1034842,1.0
1742781236.122153,1.0
1742781236.140799,1.0
1742781236.1596634,1.0
1742781236.1783037,1.0
1742781236.196997,1.0
1742781236.2156806,1.0
1742781236.234359,1.0
1742781236.253181,1.0
1742781236.2721126,1.0
1742781236.2908123,1.0
1742781236.309462,1.0
1742781236.3281791,1.0
1742781236.3468397,1.0
1742781236.3655717,1.0
1742781236.3842304,1.0
1742781236.4028862,1.0
1742781236.4215267,1.0
1742781236.4402065,1.0
1742781236.4589403,1.0
1742781236.4777055,1.0
1742781236.4963653,1.0
1742781236.5228474,1.0
1742781236.5413911,1.0
1742781236.56153,1.0
1742781236.5801744,1.0
1742781236.5992777,1.0
1742781236.6179252,1.0
1742781236.6365747,1.0
1742781236.6553519,1.0
1742781236.6754618,1.0
1742781236.6941478,1.0
1742781236.7128057,1.0
1742781236.7314968,1.0
1742781236.7501621,1.0
1742781236.7691205,1.0
1742781236.7877939,1.0
1742781236.8064644,1.0
1742781236.825077,1.0
1742781236.84373,1.0
1742781236.8624868,1.0
1742781236.8812354,1.0
1742781236.8999774,1.0
1742781236.9186058,1.0
1742781236.9372454,1.0
1742781236.9558864,1.0
1742781236.974609,1.0
1742781236.9932542,1.0
1742781237.0119073,1.0
1742781237.0305681,1.0
1742781237.049331,1.0
1742781237.0682898,1.0
1742781237.086917,1.0
1742781237.1055596,1.0
1742781237.1242201,1.0
1742781237.1428626,1.0
1742781237.161682,1.0
1742781237.1805215,1.0
1742781237.1991725,1.0
1742781237.217816,1.0
1742781237.2364566,1.0
1742781237.2552605,1.0
1742781237.2739575,1.0
1742781237.2926648,1.0
1742781237.3113132,1.0
1742781237.3299682,1.0
1742781237.3486285,1.0
1742781237.3672707,1.0
1742781237.3860219,1.0
1742781237.4046733,1.0
1742781237.423337,1.0
1742781237.4419818,1.0
1742781237.460716,1.0
1742781237.4795773,1.0
1742781237.4982562,1.0
1742781237.518734,1.0
1742781237.5374415,1.0
1742781237.5642927,1.0
1742781237.5942154,1.0
1742781237.6130786,1.0
1742781237.6317246,1.0
1742781237.6504638,1.0
1742781237.6703653,1.0
1742781237.6890242,1.0
1742781237.7076545,1.0
1742781237.7262726,1.0
1742781237.7448704,1.0
1742781237.7634916,1.0
1742781237.7822106,1.0
1742781237.8008096,1.0
1742781237.8194404,1.0
1742781237.8397357,1.0
1742781237.859142,1.0
1742781237.8778036,1.0
1742781237.8966649,1.0
1742781237.9153028,1.0
1742781237.93392,1.0
1742781237.9525416,1.0
1742781237.9711537,1.0
1742781237.989812,1.0
1742781238.0084295,1.0
1742781238.0270774,1.0
1742781238.0456924,1.0
1742781238.0644276,1.0
1742781238.0832891,1.0
1742781238.101895,1.0
1742781238.12127,1.0
1742781238.1398556,1.0
1742781238.158466,1.0
1742781238.1770751,1.0
1742781238.195834,1.0
1742781238.2144482,1.0
1742781238.2330444,1.0
1742781238.2517211,1.0
1742781238.2703562,1.0
1742781238.289026,1.0
1742781238.3076148,1.0
1742781238.3262265,1.0
1742781238.3448586,1.0
1742781238.3635058,1.0
1742781238.3821,1.0
1742781238.400824,1.0
1742781238.4194365,1.0
1742781238.4380774,1.0
1742781238.4568818,1.0
1742781238.475522,1.0
1742781238.494397,1.0
1742781238.5144417,1.0
1742781238.5333028,1.0
1742781238.5519176,1.0
1742781238.5712686,1.0
1742781238.5901735,1.0
1742781238.6090667,1.0
1742781238.6277003,1.0
1742781238.6463404,1.0
1742781238.6668859,1.0
1742781238.6854765,1.0
1742781238.7042341,1.0
1742781238.7228825,1.0
1742781238.7414865,1.0
1742781238.760135,1.0
1742781238.7787323,1.0
1742781238.797657,1.0
1742781238.8163028,1.0
1742781238.8349102,1.0
1742781238.8535557,1.0
1742781238.8721495,1.0
1742781238.8910005,1.0
1742781238.9097347,1.0
1742781238.9284046,1.0
1742781238.9470558,1.0
1742781238.965655,1.0
1742781238.9842675,1.0
1742781239.0029507,1.0
1742781239.0215616,1.0
1742781239.0401766,1.0
1742781239.0589406,1.0
1742781239.0775554,1.0
1742781239.0964875,1.0
1742781239.1151705,1.0
1742781239.1338336,1.0
1742781239.152433,1.0
1742781239.171118,1.0
1742781239.1897385,1.0
1742781239.2085717,1.0
1742781239.2272055,1.0
1742781239.2458177,1.0
1742781239.2645218,1.0
1742781239.2831838,1.0
1742781239.3018806,1.0
1742781239.320483,1.0
1742781239.339102,1.0
1742781239.357703,1.0
1742781239.3763196,1.0
1742781239.3949816,1.0
1742781239.4137175,1.0
1742781239.432311,1.0
1742781239.4509342,1.0
1742781239.4696577,1.0
1742781239.4882848,1.0
1742781239.50818,1.0
1742781239.5278475,1.0
1742781239.5464926,1.0
1742781239.5660505,1.0
1742781239.5847104,1.0
1742781239.6037195,1.0
1742781239.6223001,1.0
1742781239.6409278,1.0
1742781239.6609163,1.0
1742781239.6798062,1.0
1742781239.698427,1.0
1742781239.7171407,1.0
1742781239.7360702,1.0
1742781239.754693,1.0
1742781239.77332,1.0
1742781239.7919862,1.0
1742781239.812017,1.0
1742781239.8333724,1.0
1742781239.852001,1.0
1742781239.8707385,1.0
1742781239.8893292,1.0
1742781239.9083462,1.0
1742781239.9269502,1.0
1742781239.9455388,1.0
1742781239.9641604,1.0
1742781239.9829779,1.0
1742781240.0016558,1.0
1742781240.0204904,1.0
1742781240.039139,1.0
1742781240.0578701,1.0
1742781240.0765042,1.0
1742781240.0951204,1.0
1742781240.1138098,1.0
1742781240.1330059,1.0
1742781240.1516352,1.0
1742781240.1702735,1.0
1742781240.1888747,1.0
1742781240.2075067,1.0
1742781240.2264314,1.0
1742781240.2451806,1.0
1742781240.2639167,1.0
1742781240.282534,1.0
1742781240.3011587,1.0
1742781240.3198297,1.0
1742781240.3384435,1.0
1742781240.3570511,1.0
1742781240.3756733,1.0
1742781240.3942723,1.0
1742781240.4128969,1.0
1742781240.4320238,1.0
1742781240.4506598,1.0
1742781240.4693797,1.0
1742781240.4879804,1.0
1742781240.5320592,1.0
1742781240.5540226,1.0
1742781240.580802,1.0
1742781240.6001961,1.0
1742781240.6190822,1.0
1742781240.637799,1.0
1742781240.6565917,1.0
1742781240.6768692,1.0
1742781240.695581,1.0
1742781240.7142565,1.0
1742781240.7331042,1.0
1742781240.751873,1.0
1742781240.7705944,1.0
1742781240.7893348,1.0
1742781240.8080351,1.0
1742781240.8268933,1.0
1742781240.8455944,1.0
1742781240.8643324,1.0
1742781240.8830535,1.0
1742781240.9018745,1.0
1742781240.92088,1.0
1742781240.9395568,1.0
1742781240.9582355,1.0
1742781240.9769094,1.0
1742781240.9956243,1.0
1742781241.0143251,1.0
1742781241.0332484,1.0
1742781241.052002,1.0
1742781241.0707633,1.0
1742781241.0894551,1.0
1742781241.108154,1.0
1742781241.127003,1.0
1742781241.1458108,1.0
1742781241.1645896,1.0
1742781241.1832926,1.0
1742781241.2020066,1.0
1742781241.2207108,1.0
1742781241.2395406,1.0
1742781241.258437,1.0
1742781241.2771122,1.0
1742781241.295806,1.0
1742781241.3145144,1.0
1742781241.3333726,1.0
1742781241.3520763,1.0
1742781241.3707874,1.0
1742781241.3894608,1.0
1742781241.4081714,1.0
1742781241.427178,1.0
1742781241.4458966,1.0
1742781241.4646637,1.0
1742781241.4833744,1.0
1742781241.50207,1.0
1742781241.5225003,1.0
1742781241.5413494,1.0
1742781241.5610654,1.0
1742781241.579792,1.0
1742781241.5987964,1.0
1742781241.6173632,1.0
1742781241.6362824,1.0
1742781241.654971,1.0
1742781241.6751723,1.0
1742781241.6938853,1.0
1742781241.712574,1.0
1742781241.7315412,1.0
1742781241.750234,1.0
1742781241.7689416,1.0
1742781241.7876446,1.0
1742781241.8063426,1.0
1742781241.825022,1.0
1742781241.8439941,1.0
1742781241.8627276,1.0
1742781241.8813913,1.0
1742781241.9002643,1.0
1742781241.9189603,1.0
1742781241.9378061,1.0
1742781241.95648,1.0
1742781241.9751985,1.0
1742781241.9938865,1.0
1742781242.0125947,1.0
1742781242.0313196,1.0
1742781242.0501301,1.0
1742781242.0688293,1.0
1742781242.0875387,1.0
1742781242.1062217,1.0
1742781242.1249104,1.0
1742781242.1443713,1.0
1742781242.163074,1.0
1742781242.1817625,1.0
1742781242.2004845,1.0
1742781242.219212,1.0
1742781242.2381773,1.0
1742781242.256824,1.0
1742781242.275583,1.0
1742781242.2942815,1.0
1742781242.3129745,1.0
1742781242.3316813,1.0
1742781242.350592,1.0
1742781242.3692799,1.0
1742781242.3879862,1.0
1742781242.4066844,1.0
1742781242.4253745,1.0
1742781242.4442441,1.0
1742781242.4630501,1.0
1742781242.481759,1.0
1742781242.5004587,1.0
1742781242.5213037,1.0
1742781242.5399761,1.0
1742781242.5597079,1.0
1742781242.578404,1.0
1742781242.5976968,1.0
1742781242.6162887,1.0
1742781242.6350079,1.0
1742781242.653867,1.0
1742781242.6740232,1.0
1742781242.6926966,1.0
1742781242.7114067,1.0
1742781242.7301018,1.0
1742781242.7489762,1.0
1742781242.7676654,1.0
1742781242.78637,1.0
1742781242.8050668,1.0
1742781242.8239903,1.0
1742781242.8426797,1.0
1742781242.8615406,1.0
1742781242.8803246,1.0
1742781242.904989,1.0
1742781242.9238527,1.0
1742781242.942541,1.0
1742781242.9614058,1.0
1742781242.980285,1.0
1742781242.998992,1.0
1742781243.0176706,1.0
1742781243.036372,1.0
1742781243.0553188,1.0
1742781243.0740871,1.0
1742781243.0927868,1.0
1742781243.1114755,1.0
1742781243.1301918,1.0
1742781243.1488814,1.0
1742781243.1677191,1.0
1742781243.1864161,1.0
1742781243.205111,1.0
1742781243.223803,1.0
1742781243.2425172,1.0
1742781243.2613592,1.0
1742781243.280086,1.0
1742781243.2989182,1.0
1742781243.317674,1.0
1742781243.336426,1.0
1742781243.3553982,1.0
1742781243.374122,1.0
1742781243.392902,1.0
1742781243.4116623,1.0
1742781243.4304261,1.0
1742781243.449169,1.0
1742781243.4682453,1.0
1742781243.4869967,1.0
1742781243.5062478,1.0
1742781243.5262198,1.0
1742781243.5448909,1.0
1742781243.564845,1.0
1742781243.5835576,1.0
1742781243.6030092,1.0
1742781243.6216903,1.0
1742781243.6403635,1.0
1742781243.6593251,1.0
1742781243.6796122,1.0
1742781243.6983166,1.0
1742781243.7170033,1.0
1742781243.7356946,1.0
1742781243.754508,1.0
1742781243.7733893,1.0
1742781243.7921062,1.0
1742781243.811297,1.0
1742781243.8300338,1.0
1742781243.848718,1.0
1742781243.8678427,1.0
1742781243.886529,1.0
1742781243.9052844,1.0
1742781243.9240024,1.0
1742781243.94274,1.0
1742781243.9614193,1.0
1742781243.9802358,1.0
1742781243.9989479,1.0
1742781244.017658,1.0
1742781244.0363436,1.0
1742781244.0550501,1.0
1742781244.0740323,1.0
1742781244.0927148,1.0
1742781244.111433,1.0
1742781244.1301346,1.0
1742781244.1488185,1.0
1742781244.1680617,1.0
1742781244.1867588,1.0
1742781244.205451,1.0
1742781244.224167,1.0
1742781244.2428687,1.0
1742781244.2615697,1.0
1742781244.280808,1.0
1742781244.299505,1.0
1742781244.318201,1.0
1742781244.3368678,1.0
1742781244.3556013,1.0
1742781244.3744688,1.0
1742781244.3931513,1.0
1742781244.4118953,1.0
1742781244.4306211,1.0
1742781244.4493287,1.0
1742781244.4680533,1.0
1742781244.4868398,1.0
1742781244.505944,1.0
1742781244.5257246,1.0
1742781244.5444176,1.0
1742781244.5875247,1.0
1742781244.6068823,1.0
1742781244.6257682,1.0
1742781244.6446555,1.0
1742781244.6645868,1.0
1742781244.6840544,1.0
1742781244.7029455,1.0
1742781244.721837,1.0
1742781244.7407455,1.0
1742781244.7596204,1.0
1742781244.7787287,1.0
1742781244.7975826,1.0
1742781244.8164883,1.0
1742781244.8563187,1.0
1742781244.8757246,1.0
1742781244.8971927,1.0
1742781244.9161232,1.0
1742781244.935054,1.0
1742781244.9540086,1.0
1742781244.972938,1.0
1742781244.9921393,1.0
1742781245.0110784,1.0
1742781245.029973,1.0
1742781245.0488844,1.0
1742781245.0678089,1.0
1742781245.08708,1.0
1742781245.106004,1.0
1742781245.124928,1.0
1742781245.143861,1.0
1742781245.1628013,1.0
1742781245.1817179,1.0
1742781245.2006147,1.0
1742781245.2195299,1.0
1742781245.238447,1.0
1742781245.2573473,1.0
1742781245.2762873,1.0
1742781245.2953863,1.0
1742781245.3143103,1.0
1742781245.3332365,1.0
1742781245.3521466,1.0
1742781245.3710763,1.0
1742781245.390268,1.0
1742781245.4092007,1.0
1742781245.4296496,1.0
1742781245.448575,1.0
1742781245.4675312,1.0
1742781245.4866488,1.0
1742781245.5068617,1.0
1742781245.5271993,1.0
1742781245.5469224,1.0
1742781245.5662954,1.0
1742781245.5853462,1.0
1742781245.6052265,1.0
1742781245.624244,1.0
1742781245.6432855,1.0
1742781245.6633866,1.0
1742781245.682387,1.0
1742781245.7014334,1.0
1742781245.7203481,1.0
1742781245.7393072,1.0
1742781245.7582984,1.0
1742781245.7772374,1.0
1742781245.7963395,1.0
1742781245.8152943,1.0
1742781245.8342488,1.0
1742781245.853188,1.0
1742781245.8721514,1.0
1742781245.8914504,1.0
1742781245.9104016,1.0
1742781245.929361,1.0
1742781245.9483192,1.0
1742781245.967313,1.0
1742781245.9863102,1.0
1742781246.005403,1.0
1742781246.0243037,1.0
1742781246.0432458,1.0
1742781246.0621996,1.0
1742781246.0812347,1.0
1742781246.100398,1.0
1742781246.1193388,1.0
1742781246.1382787,1.0
1742781246.1572347,1.0
1742781246.1762037,1.0
1742781246.195677,1.0
1742781246.214609,1.0
1742781246.2335503,1.0
1742781246.2524905,1.0
1742781246.2715347,1.0
1742781246.2904859,1.0
1742781246.309522,1.0
1742781246.3284647,1.0
1742781246.3474615,1.0
1742781246.3664417,1.0
1742781246.3853855,1.0
1742781246.4044747,1.0
1742781246.423432,1.0
1742781246.442403,1.0
1742781246.4613643,1.0
1742781246.4803097,1.0
1742781246.499501,1.0
1742781246.5205057,1.0
1742781246.53942,1.0
1742781246.5588129,1.0
1742781246.5777283,1.0
1742781246.5972285,1.0
1742781246.6163437,1.0
1742781246.6353092,1.0
1742781246.6543248,1.0
1742781246.6745052,1.0
1742781246.693479,1.0
1742781246.7126377,1.0
1742781246.7315784,1.0
1742781246.7505534,1.0
1742781246.7694683,1.0
1742781246.7884328,1.0
1742781246.8076317,1.0
1742781246.8265653,1.0
1742781246.8454833,1.0
1742781246.8644147,1.0
1742781246.8833416,1.0
1742781246.9022558,1.0
1742781246.9212801,1.0
1742781246.9402363,1.0
1742781246.9591675,1.0
1742781246.9781387,1.0
1742781246.997045,1.0
1742781247.01613,1.0
1742781247.035063,1.0
1742781247.0540068,1.0
1742781247.0729136,1.0
1742781247.0917892,1.0
1742781247.1109867,1.0
1742781247.1298761,1.0
1742781247.1487613,1.0
1742781247.167677,1.0
1742781247.1865945,1.0
1742781247.2054996,1.0
1742781247.2243807,1.0
1742781247.2433307,1.0
1742781247.2622678,1.0
1742781247.281193,1.0
1742781247.3001263,1.0
1742781247.3192334,1.0
1742781247.3381817,1.0
1742781247.3570719,1.0
1742781247.3759797,1.0
1742781247.3949049,1.0
1742781247.4140835,1.0
1742781247.4329782,1.0
1742781247.4519093,1.0
1742781247.4708564,1.0
1742781247.489767,1.0
1742781247.509328,1.0
1742781247.5285604,1.0
1742781247.5474606,1.0
1742781247.5667567,1.0
1742781247.5857716,1.0
1742781247.6051338,1.0
1742781247.6242645,1.0
1742781247.6431406,1.0
1742781247.6631107,1.0
1742781247.6821303,1.0
1742781247.7010112,1.0
1742781247.720049,1.0
1742781247.7389452,1.0
1742781247.7578447,1.0
1742781247.7767391,1.0
1742781247.7956493,1.0
1742781247.8146853,1.0
1742781247.8335724,1.0
1742781247.8532612,1.0
1742781247.8723013,1.0
1742781247.89163,1.0
1742781247.91069,1.0
1742781247.929719,1.0
1742781247.9487078,1.0
1742781247.967757,1.0
1742781247.986771,1.0
1742781248.0058358,1.0
1742781248.0249999,1.0
1742781248.0440707,1.0
1742781248.0632432,1.0
1742781248.0821848,1.0
1742781248.101086,1.0
1742781248.1201575,1.0
1742781248.1390855,1.0
1742781248.1580114,1.0
1742781248.176894,1.0
1742781248.1964326,1.0
1742781248.215368,1.0
1742781248.2343059,1.0
1742781248.2531614,1.0
1742781248.2720828,1.0
1742781248.2912078,1.0
1742781248.3101146,1.0
1742781248.329094,1.0
1742781248.347974,1.0
1742781248.3668911,1.0
1742781248.3857865,1.0
1742781248.404682,1.0
1742781248.4236963,1.0
1742781248.4426038,1.0
1742781248.4614644,1.0
1742781248.4803524,1.0
1742781248.4992714,1.0
1742781248.5203955,1.0
1742781248.5392637,1.0
1742781248.5595481,1.0
1742781248.578385,1.0
1742781248.5979965,1.0
1742781248.6168532,1.0
1742781248.635906,1.0
1742781248.6547863,1.0
1742781248.6751058,1.0
1742781248.694042,1.0
1742781248.7129278,1.0
1742781248.731979,1.0
1742781248.7508779,1.0
1742781248.7698286,1.0
1742781248.7886891,1.0
1742781248.8076494,1.0
1742781248.8268726,1.0
1742781248.84578,1.0
1742781248.864677,1.0
1742781248.883586,1.0
1742781248.9024792,1.0
1742781248.921359,1.0
1742781248.9404397,1.0
1742781248.959356,1.0
1742781248.9782667,1.0
1742781248.9971633,1.0
1742781249.01606,1.0
1742781249.035169,1.0
1742781249.0540583,1.0
1742781249.0729392,1.0
1742781249.0918584,1.0
1742781249.1107817,1.0
1742781249.1296623,1.0
1742781249.1485596,1.0
1742781249.1674757,1.0
1742781249.186381,1.0
1742781249.205274,1.0
1742781249.2241764,1.0
1742781249.2434106,1.0
1742781249.26232,1.0
1742781249.281255,1.0
1742781249.3001251,1.0
1742781249.3190472,1.0
1742781249.338239,1.0
1742781249.3571079,1.0
1742781249.3760192,1.0
1742781249.3949113,1.0
1742781249.413781,1.0
1742781249.4326363,1.0
1742781249.451539,1.0
1742781249.4704435,1.0
1742781249.4893174,1.0
1742781249.509268,1.0
1742781249.5310128,1.0
1742781249.550007,1.0
1742781249.569781,1.0
1742781249.5888536,1.0
1742781249.6079836,1.0
1742781249.6269531,1.0
1742781249.6460295,1.0
1742781249.667024,1.0
1742781249.6859407,1.0
1742781249.705001,1.0
1742781249.723931,1.0
1742781249.7431154,1.0
1742781249.7620685,1.0
1742781249.7810073,1.0
1742781249.7999585,1.0
1742781249.8189306,1.0
1742781249.8381715,1.0
1742781249.8570662,1.0
1742781249.8760066,1.0
1742781249.8949854,1.0
1742781249.9139323,1.0
1742781249.9328454,1.0
1742781249.954748,1.0
1742781249.9737217,1.0
1742781249.9926758,1.0
1742781250.0116677,1.0
1742781250.0306323,1.0
1742781250.0497005,1.0
1742781250.0686378,1.0
1742781250.0876071,1.0
1742781250.1065598,1.0
1742781250.1255052,1.0
1742781250.1446426,1.0
1742781250.163613,1.0
1742781250.1825638,1.0
1742781250.2015138,1.0
1742781250.22123,1.0
1742781250.2401662,1.0
1742781250.25928,1.0
1742781250.2782738,1.0
1742781250.2971973,1.0
1742781250.3161347,1.0
1742781250.3350983,1.0
1742781250.3541634,1.0
1742781250.3731015,1.0
1742781250.392062,1.0
1742781250.4110239,1.0
1742781250.429961,1.0
1742781250.4491384,1.0
1742781250.4680595,1.0
1742781250.487027,1.0
1742781250.5073063,1.0
1742781250.5275059,1.0
1742781250.546485,1.0
1742781250.5661204,1.0
1742781250.5850885,1.0
1742781250.604459,1.0
1742781250.6235228,1.0
1742781250.6425207,1.0
1742781250.6640635,1.0
1742781250.6843817,1.0
1742781250.7032974,1.0
1742781250.7222397,1.0
1742781250.7411134,1.0
1742781250.760178,1.0
1742781250.7790878,1.0
1742781250.7980413,1.0
1742781250.816928,1.0
1742781250.8358347,1.0
1742781250.8549163,1.0
1742781250.873854,1.0
1742781250.8927581,1.0
1742781250.9116416,1.0
1742781250.9306083,1.0
1742781250.949524,1.0
1742781250.9685724,1.0
1742781250.9874854,1.0
1742781251.006404,1.0
1742781251.025305,1.0
1742781251.0442612,1.0
1742781251.063339,1.0
1742781251.0822427,1.0
1742781251.1011279,1.0
1742781251.1298566,1.0
1742781251.150243,1.0
1742781251.1693928,1.0
1742781251.1882722,1.0
1742781251.2071786,1.0
1742781251.2262928,1.0
1742781251.2451882,1.0
1742781251.2643502,1.0
1742781251.2832627,1.0
1742781251.302123,1.0
1742781251.3209813,1.0
1742781251.339866,1.0
1742781251.3587673,1.0
1742781251.37772,1.0
1742781251.3966007,1.0
1742781251.415496,1.0
1742781251.4344144,1.0
1742781251.4532971,1.0
1742781251.4724815,1.0
1742781251.491394,1.0
1742781251.5131671,1.0
1742781251.5319617,1.0
1742781251.5511782,1.0
1742781251.57038,1.0
1742781251.5893536,1.0
1742781251.6085227,1.0
1742781251.6274037,1.0
1742781251.6463325,1.0
1742781251.6667433,1.0
1742781251.6857295,1.0
1742781251.704699,1.0
1742781251.7236712,1.0
1742781251.7426972,1.0
1742781251.7616458,1.0
1742781251.7807038,1.0
1742781251.799684,1.0
1742781251.818684,1.0
1742781251.837665,1.0
1742781251.8566186,1.0
1742781251.8757133,1.0
1742781251.8947046,1.0
1742781251.9136662,1.0
1742781251.932672,1.0
1742781251.9516761,1.0
1742781251.9707515,1.0
1742781251.989714,1.0
1742781252.0086648,1.0
1742781252.0276258,1.0
1742781252.0465946,1.0
1742781252.0655785,1.0
1742781252.0846777,1.0
1742781252.1036916,1.0
1742781252.122737,1.0
1742781252.1417854,1.0
1742781252.160831,1.0
1742781252.1799405,1.0
1742781252.1989675,1.0
1742781252.2179668,1.0
1742781252.2377367,1.0
1742781252.2566638,1.0
1742781252.275763,1.0
1742781252.294758,1.0
1742781252.3137228,1.0
1742781252.332702,1.0
1742781252.35167,1.0
1742781252.3706653,1.0
1742781252.3896725,1.0
1742781252.4086344,1.0
1742781252.4276354,1.0
1742781252.4466074,1.0
1742781252.4655473,1.0
1742781252.484607,1.0
1742781252.5035994,1.0
1742781252.5242324,1.0
1742781252.5432174,1.0
1742781252.5630014,1.0
1742781252.5821629,1.0
1742781252.6014469,1.0
1742781252.6204169,1.0
1742781252.6393669,1.0
1742781252.6582854,1.0
1742781252.6787972,1.0
1742781252.6976876,1.0
1742781252.716606,1.0
1742781252.735497,1.0
1742781252.7544024,1.0
1742781252.7732863,1.0
1742781252.79231,1.0
1742781252.811214,1.0
1742781252.8301036,1.0
1742781252.8489926,1.0
1742781252.8678813,1.0
1742781252.8869283,1.0
1742781252.9148352,1.0
1742781252.9336934,1.0
1742781252.9525406,1.0
1742781252.9714527,1.0
1742781252.990459,1.0
1742781253.0093355,1.0
1742781253.0283237,1.0
1742781253.047232,1.0
1742781253.0661535,1.0
1742781253.085171,1.0
1742781253.1040373,1.0
1742781253.1229432,1.0
1742781253.1418736,1.0
1742781253.1607552,1.0
1742781253.1796505,1.0
1742781253.198649,1.0
1742781253.2175016,1.0
1742781253.2363632,1.0
1742781253.255261,1.0
1742781253.2741477,1.0
1742781253.2931337,1.0
1742781253.312008,1.0
1742781253.3309772,1.0
1742781253.349885,1.0
1742781253.3687334,1.0
1742781253.3879216,1.0
1742781253.4068012,1.0
1742781253.4256687,1.0
1742781253.4445236,1.0
1742781253.4634283,1.0
1742781253.4823112,1.0
1742781253.501326,1.0
1742781253.523024,1.0
1742781253.5418801,1.0
1742781253.5614488,1.0
1742781253.5804317,1.0
1742781253.5999181,1.0
1742781253.6189883,1.0
1742781253.6380184,1.0
1742781253.6570566,1.0
1742781253.6775944,1.0
1742781253.6966803,1.0
1742781253.7156599,1.0
1742781253.7346718,1.0
1742781253.753639,1.0
1742781253.7725978,1.0
1742781253.7916152,1.0
1742781253.8224027,1.0
1742781253.8412964,1.0
1742781253.8602974,1.0
1742781253.8792953,1.0
1742781253.8984115,1.0
1742781253.9173734,1.0
1742781253.936367,1.0
1742781253.9553723,1.0
1742781253.9743404,1.0
1742781253.9933295,1.0
1742781254.0124235,1.0
1742781254.0314665,1.0
1742781254.0504415,1.0
1742781254.0694182,1.0
1742781254.0884342,1.0
1742781254.107538,1.0
1742781254.1265225,1.0
1742781254.1455002,1.0
1742781254.164511,1.0
1742781254.1834884,1.0
1742781254.202596,1.0
1742781254.2215464,1.0
1742781254.241007,1.0
1742781254.2600005,1.0
1742781254.2790155,1.0
1742781254.2980127,1.0
1742781254.3170469,1.0
1742781254.3360262,1.0
1742781254.3552554,1.0
1742781254.3742373,1.0
1742781254.3932319,1.0
1742781254.4123456,1.0
1742781254.4313545,1.0
1742781254.450316,1.0
1742781254.4692945,1.0
1742781254.4883106,1.0
1742781254.508379,1.0
1742781254.5285664,1.0
1742781254.5475686,1.0
1742781254.567209,1.0
1742781254.586599,1.0
1742781254.6061525,1.0
1742781254.6251028,1.0
1742781254.644103,1.0
1742781254.6644175,1.0
1742781254.6831994,1.0
1742781254.702208,1.0
1742781254.7213395,1.0
1742781254.7403417,1.0
1742781254.7594154,1.0
1742781254.778409,1.0
1742781254.7973924,1.0
1742781254.816503,1.0
1742781254.8354902,1.0
1742781254.8545196,1.0
1742781254.8734684,1.0
1742781254.8924959,1.0
1742781254.9115546,1.0
1742781254.9305515,1.0
1742781254.9495199,1.0
1742781254.968512,1.0
1742781254.9875102,1.0
1742781255.0065129,1.0
1742781255.0291128,1.0
1742781255.0481231,1.0
1742781255.0671544,1.0
1742781255.0863976,1.0
1742781255.1053789,1.0
1742781255.1245496,1.0
1742781255.1434932,1.0
1742781255.1624813,1.0
1742781255.1814585,1.0
1742781255.2004218,1.0
1742781255.21964,1.0
1742781255.2386003,1.0
1742781255.2575388,1.0
1742781255.2765267,1.0
1742781255.295515,1.0
1742781255.3148031,1.0
1742781255.333771,1.0
1742781255.3527257,1.0
1742781255.3717463,1.0
1742781255.3907204,1.0
1742781255.4096649,1.0
1742781255.4287605,1.0
1742781255.4477313,1.0
1742781255.4667687,1.0
1742781255.485733,1.0
1742781255.5058823,1.0
1742781255.5274072,1.0
1742781255.5463786,1.0
1742781255.5656753,1.0
1742781255.5846488,1.0
1742781255.604417,1.0
1742781255.6235077,1.0
1742781255.6424737,1.0
1742781255.6627145,1.0
1742781255.6818757,1.0
1742781255.700864,1.0
1742781255.720136,1.0
1742781255.7391145,1.0
1742781255.7580953,1.0
1742781255.7776396,1.0
1742781255.79659,1.0
1742781255.8155832,1.0
1742781255.834676,1.0
1742781255.853655,1.0
1742781255.8726006,1.0
1742781255.8916214,1.0
1742781255.9105904,1.0
1742781255.9296734,1.0
1742781255.9486077,1.0
1742781255.9675858,1.0
1742781255.9865534,1.0
1742781256.0055056,1.0
1742781256.0245864,1.0
1742781256.0434468,1.0
1742781256.0623403,1.0
1742781256.0811868,1.0
1742781256.1000545,1.0
1742781256.118922,1.0
1742781256.1379123,1.0
1742781256.15679,1.0
1742781256.175654,1.0
1742781256.1945322,1.0
1742781256.2133863,1.0
1742781256.2324514,1.0
1742781256.251305,1.0
1742781256.2707136,1.0
1742781256.289557,1.0
1742781256.308404,1.0
1742781256.3275554,1.0
1742781256.3464024,1.0
1742781256.3652496,1.0
1742781256.3841226,1.0
1742781256.4029982,1.0
1742781256.421859,1.0
1742781256.4408631,1.0
1742781256.4597502,1.0
1742781256.4786234,1.0
1742781256.4974718,1.0
1742781256.5190022,1.0
1742781256.5379274,1.0
1742781256.5573726,1.0
1742781256.5762181,1.0
1742781256.59545,1.0
1742781256.6142652,1.0
1742781256.6332605,1.0
1742781256.6521223,1.0
1742781256.6727068,1.0
1742781256.6915984,1.0
1742781256.7104511,1.0
1742781256.7292845,1.0
1742781256.7482352,1.0
1742781256.7670877,1.0
1742781256.7859256,1.0
1742781256.8047633,1.0
1742781256.8236332,1.0
1742781256.8426416,1.0
1742781256.8782132,1.0
1742781256.8973992,1.0
1742781256.916648,1.0
1742781256.9361207,1.0
1742781256.9553313,1.0
1742781256.9746187,1.0
1742781256.9938545,1.0
1742781257.013056,1.0
1742781257.0322921,1.0
1742781257.0516958,1.0
1742781257.0709517,1.0
1742781257.0901952,1.0
1742781257.1094,1.0
1742781257.1286464,1.0
1742781257.1481879,1.0
1742781257.1674435,1.0
1742781257.1867423,1.0
1742781257.2059746,1.0
1742781257.2251813,1.0
1742781257.244592,1.0
1742781257.2637992,1.0
1742781257.2830544,1.0
1742781257.3023417,1.0
1742781257.3215742,1.0
1742781257.3409557,1.0
1742781257.360169,1.0
1742781257.3793902,1.0
1742781257.39862,1.0
1742781257.4178727,1.0
1742781257.437104,1.0
1742781257.456458,1.0
1742781257.47567,1.0
1742781257.4948967,1.0
1742781257.5171642,1.0
1742781257.536315,1.0
1742781257.5569801,1.0
1742781257.5762517,1.0
1742781257.5959077,1.0
1742781257.6150272,1.0
1742781257.6341796,1.0
1742781257.6534536,1.0
1742781257.6740289,1.0
1742781257.6931458,1.0
1742781257.7123182,1.0
1742781257.731463,1.0
1742781257.7508712,1.0
1742781257.7700436,1.0
1742781257.7891734,1.0
1742781257.808326,1.0
1742781257.8274648,1.0
1742781257.8468208,1.0
1742781257.865972,1.0
1742781257.8851182,1.0
1742781257.904299,1.0
1742781257.9234302,1.0
1742781257.9425817,1.0
1742781257.9619803,1.0
1742781257.981127,1.0
1742781258.0002904,1.0
1742781258.0194354,1.0
1742781258.0386033,1.0
1742781258.0578845,1.0
1742781258.077024,1.0
1742781258.0961738,1.0
1742781258.115316,1.0
1742781258.1344824,1.0
1742781258.153762,1.0
1742781258.1728904,1.0
1742781258.1920428,1.0
1742781258.211192,1.0
1742781258.2303383,1.0
1742781258.2495008,1.0
1742781258.268711,1.0
1742781258.2881124,1.0
1742781258.3072438,1.0
1742781258.326406,1.0
1742781258.34557,1.0
1742781258.3649426,1.0
1742781258.3840904,1.0
1742781258.403231,1.0
1742781258.4223828,1.0
1742781258.4415603,1.0
1742781258.460863,1.0
1742781258.4800003,1.0
1742781258.499146,1.0
1742781258.5211034,1.0
1742781258.540718,1.0
1742781258.5611458,1.0
1742781258.5806713,1.0
1742781258.6015813,1.0
1742781258.62114,1.0
1742781258.6407754,1.0
1742781258.6617017,1.0
1742781258.6813834,1.0
1742781258.7009315,1.0
1742781258.7203062,1.0
1742781258.7397192,1.0
1742781258.7592592,1.0
1742781258.7784977,1.0
1742781258.79777,1.0
1742781258.8170166,1.0
1742781258.836262,1.0
1742781258.855561,1.0
1742781258.8748996,1.0
1742781258.8942068,1.0
1742781258.913491,1.0
1742781258.9328115,1.0
1742781258.9522777,1.0
1742781258.9718099,1.0
1742781258.991112,1.0
1742781259.0104277,1.0
1742781259.0297415,1.0
1742781259.0490055,1.0
1742781259.06847,1.0
1742781259.0877461,1.0
1742781259.1070864,1.0
1742781259.126366,1.0
1742781259.1456683,1.0
1742781259.1650498,1.0
1742781259.1842964,1.0
1742781259.2035527,1.0
1742781259.2228363,1.0
1742781259.2421343,1.0
1742781259.261385,1.0
1742781259.280668,1.0
1742781259.299956,1.0
1742781259.3191948,1.0
1742781259.3384655,1.0
1742781259.3577142,1.0
1742781259.3772175,1.0
1742781259.3964458,1.0
1742781259.4157135,1.0
1742781259.4350061,1.0
1742781259.4542658,1.0
1742781259.473678,1.0
1742781259.492875,1.0
1742781259.5149388,1.0
1742781259.5339704,1.0
1742781259.5534155,1.0
1742781259.5731046,1.0
1742781259.5925438,1.0
1742781259.612027,1.0
1742781259.631256,1.0
1742781259.650516,1.0
1742781259.6711476,1.0
1742781259.690351,1.0
1742781259.7096055,1.0
1742781259.7288272,1.0
1742781259.7480538,1.0
1742781259.767282,1.0
1742781259.7866342,1.0
1742781259.8058712,1.0
1742781259.8250751,1.0
1742781259.8443768,1.0
1742781259.8636034,1.0
1742781259.883143,1.0
1742781259.9024308,1.0
1742781259.921678,1.0
1742781259.9409063,1.0
1742781259.960138,1.0
1742781259.9795046,1.0
1742781259.9987812,1.0
1742781260.017993,1.0
1742781260.037221,1.0
1742781260.0564375,1.0
1742781260.0759814,1.0
1742781260.0973601,1.0
1742781260.1167922,1.0
1742781260.1360545,1.0
1742781260.1553066,1.0
1742781260.1745327,1.0
1742781260.1938038,1.0
1742781260.213019,1.0
1742781260.232261,1.0
1742781260.2514837,1.0
1742781260.2707992,1.0
1742781260.2909095,1.0
1742781260.3107917,1.0
1742781260.3300416,1.0
1742781260.3492987,1.0
1742781260.3685427,1.0
1742781260.3879368,1.0
1742781260.4071784,1.0
1742781260.426433,1.0
1742781260.445663,1.0
1742781260.4649363,1.0
1742781260.4842753,1.0
1742781260.5035498,1.0
1742781260.5254161,1.0
1742781260.5447042,1.0
1742781260.5644252,1.0
1742781260.5838716,1.0
1742781260.6033576,1.0
1742781260.622616,1.0
1742781260.6418786,1.0
1742781260.662423,1.0
1742781260.6818085,1.0
1742781260.7010593,1.0
1742781260.7203255,1.0
1742781260.7396054,1.0
1742781260.758871,1.0
1742781260.7781687,1.0
1742781260.7976263,1.0
1742781260.8168917,1.0
1742781260.8361375,1.0
1742781260.8554,1.0
1742781260.874621,1.0
1742781260.8948712,1.0
1742781260.9141068,1.0
1742781260.9333713,1.0
1742781260.9526236,1.0
1742781260.9719005,1.0
1742781260.9912715,1.0
1742781261.0105155,1.0
1742781261.0297763,1.0
1742781261.049065,1.0
1742781261.0683165,1.0
1742781261.087558,1.0
1742781261.1068034,1.0
1742781261.1260781,1.0
1742781261.145441,1.0
1742781261.1647274,1.0
1742781261.1839814,1.0
1742781261.2034113,1.0
1742781261.2227128,1.0
1742781261.2419803,1.0
1742781261.2612133,1.0
1742781261.2804635,1.0
1742781261.299833,1.0
1742781261.3190994,1.0
1742781261.3383467,1.0
1742781261.3576217,1.0
1742781261.3768752,1.0
1742781261.3962348,1.0
1742781261.415448,1.0
1742781261.4347398,1.0
1742781261.453988,1.0
1742781261.4732404,1.0
1742781261.4924846,1.0
1742781261.5145047,1.0
1742781261.5335455,1.0
1742781261.5529218,1.0
1742781261.5724695,1.0
1742781261.592211,1.0
1742781261.6116884,1.0
1742781261.6309638,1.0
1742781261.6502297,1.0
1742781261.6706786,1.0
1742781261.6898818,1.0
1742781261.709265,1.0
1742781261.728531,1.0
1742781261.7477913,1.0
1742781261.767066,1.0
1742781261.7863207,1.0
1742781261.805724,1.0
1742781261.8249693,1.0
1742781261.8442123,1.0
1742781261.863498,1.0
1742781261.882732,1.0
1742781261.9020457,1.0
1742781261.921307,1.0
1742781261.9405115,1.0
1742781261.9597042,1.0
1742781261.9789028,1.0
1742781261.998065,1.0
1742781262.0174093,1.0
1742781262.0365937,1.0
1742781262.0557947,1.0
1742781262.074972,1.0
1742781262.0941856,1.0
1742781262.1135144,1.0
1742781262.1327307,1.0
1742781262.1519878,1.0
1742781262.171151,1.0
1742781262.190336,1.0
1742781262.2097101,1.0
1742781262.2288961,1.0
1742781262.2480915,1.0
1742781262.2672715,1.0
1742781262.286486,1.0
1742781262.3056831,1.0
1742781262.3255057,1.0
1742781262.344686,1.0
1742781262.3638713,1.0
1742781262.3830557,1.0
1742781262.4022608,1.0
1742781262.4217494,1.0
1742781262.440938,1.0
1742781262.4601007,1.0
1742781262.4793005,1.0
1742781262.4984624,1.0
1742781262.520465,1.0
1742781262.539571,1.0
1742781262.5594728,1.0
1742781262.5786488,1.0
1742781262.598264,1.0
1742781262.617771,1.0
1742781262.636941,1.0
1742781262.6561377,1.0
1742781262.676866,1.0
1742781262.696067,1.0
1742781262.7154832,1.0
1742781262.7346478,1.0
1742781262.7538786,1.0
1742781262.773054,1.0
1742781262.7922425,1.0
1742781262.8114488,1.0
1742781262.8309472,1.0
1742781262.8501215,1.0
1742781262.8693228,1.0
1742781262.8885028,1.0
1742781262.9126658,1.0
1742781262.9321172,1.0
1742781262.9513206,1.0
1742781262.970512,1.0
1742781262.9897013,1.0
1742781263.0089781,1.0
1742781263.0285707,1.0
1742781263.047846,1.0
1742781263.0671258,1.0
1742781263.0864308,1.0
1742781263.105717,1.0
1742781263.1251493,1.0
1742781263.1444206,1.0
1742781263.1637354,1.0
1742781263.183144,1.0
1742781263.202365,1.0
1742781263.2217214,1.0
1742781263.2408762,1.0
1742781263.260095,1.0
1742781263.2793255,1.0
1742781263.2985349,1.0
1742781263.3177738,1.0
1742781263.3371358,1.0
1742781263.3563492,1.0
1742781263.3755233,1.0
1742781263.3947558,1.0
1742781263.4139779,1.0
1742781263.433458,1.0
1742781263.4526412,1.0
1742781263.4718413,1.0
1742781263.4910378,1.0
1742781263.5133572,1.0
1742781263.5325463,1.0
1742781263.5519662,1.0
1742781263.571549,1.0
1742781263.5911613,1.0
1742781263.6107547,1.0
1742781263.630243,1.0
1742781263.6493988,1.0
1742781263.6699605,1.0
1742781263.6891344,1.0
1742781263.7083468,1.0
1742781263.727629,1.0
1742781263.7467916,1.0
1742781263.7659543,1.0
1742781263.7851338,1.0
1742781263.8043015,1.0
1742781263.8234818,1.0
1742781263.8428173,1.0
1742781263.861978,1.0
1742781263.8811312,1.0
1742781263.9003675,1.0
1742781263.9196076,1.0
1742781263.9391518,1.0
1742781263.9583788,1.0
1742781263.9775846,1.0
1742781263.9968052,1.0
1742781264.0160391,1.0
1742781264.035446,1.0
1742781264.0546985,1.0
1742781264.0739403,1.0
1742781264.093159,1.0
1742781264.1124105,1.0
1742781264.1317892,1.0
1742781264.151031,1.0
1742781264.1701717,1.0
1742781264.1893623,1.0
1742781264.2085485,1.0
1742781264.227751,1.0
1742781264.247217,1.0
1742781264.266397,1.0
1742781264.2855601,1.0
1742781264.304753,1.0
1742781264.324365,1.0
1742781264.3438294,1.0
1742781264.3630145,1.0
1742781264.3822057,1.0
1742781264.4013932,1.0
1742781264.4205806,1.0
1742781264.4399264,1.0
1742781264.4591317,1.0
1742781264.4783368,1.0
1742781264.4975202,1.0
1742781264.5196385,1.0
1742781264.5389245,1.0
1742781264.5587733,1.0
1742781264.5779727,1.0
1742781264.5978713,1.0
1742781264.6170235,1.0
1742781264.6365724,1.0
1742781264.655873,1.0
1742781264.6766617,1.0
1742781264.6959503,1.0
1742781264.7152603,1.0
1742781264.734618,1.0
1742781264.753926,1.0
1742781264.7732098,1.0
1742781264.792492,1.0
1742781264.8118172,1.0
1742781264.8311317,1.0
1742781264.8506176,1.0
1742781264.8699157,1.0
1742781264.889174,1.0
1742781264.908491,1.0
1742781264.927926,1.0
1742781264.9473326,1.0
1742781264.9666402,1.0
1742781264.9859138,1.0
1742781265.0052345,1.0
1742781265.0245342,1.0
1742781265.043921,1.0
1742781265.0632188,1.0
1742781265.0824993,1.0
1742781265.1018035,1.0
1742781265.1210766,1.0
1742781265.140344,1.0
1742781265.16264,1.0
1742781265.1819105,1.0
1742781265.2012038,1.0
1742781265.2204947,1.0
1742781265.2397735,1.0
1742781265.25926,1.0
1742781265.278563,1.0
1742781265.2978544,1.0
1742781265.3171234,1.0
1742781265.3363912,1.0
1742781265.3558176,1.0
1742781265.3750954,1.0
1742781265.394398,1.0
1742781265.4136972,1.0
1742781265.4329898,1.0
1742781265.4523168,1.0
1742781265.4715152,1.0
1742781265.4907734,1.0
1742781265.5121572,1.0
1742781265.531216,1.0
1742781265.5504038,1.0
1742781265.5704234,1.0
1742781265.5897205,1.0
1742781265.6091597,1.0
1742781265.6283607,1.0
1742781265.6475432,1.0
1742781265.6857696,1.0
1742781265.7051308,1.0
1742781265.7246149,1.0
1742781265.7441208,1.0
1742781265.7638373,1.0
1742781265.7833285,1.0
1742781265.8028088,1.0
1742781265.8222978,1.0
1742781265.8417735,1.0
1742781265.8613417,1.0
1742781265.8808024,1.0
1742781265.9002826,1.0
1742781265.9197621,1.0
1742781265.9392276,1.0
1742781265.9588258,1.0
1742781265.9782817,1.0
1742781265.9977517,1.0
1742781266.0175838,1.0
1742781266.0370543,1.0
1742781266.0568442,1.0
1742781266.0762992,1.0
1742781266.0957737,1.0
1742781266.1152618,1.0
1742781266.1347558,1.0
1742781266.1542542,1.0
1742781266.1738415,1.0
1742781266.1932843,1.0
1742781266.2208116,1.0
1742781266.2505195,1.0
1742781266.270498,1.0
1742781266.2902205,1.0
1742781266.3099246,1.0
1742781266.329681,1.0
1742781266.3498433,1.0
1742781266.3697226,1.0
1742781266.3894243,1.0
1742781266.4091463,1.0
1742781266.4288769,1.0
1742781266.4486473,1.0
1742781266.468504,1.0
1742781266.488232,1.0
1742781266.5086899,1.0
1742781266.5289948,1.0
1742781266.5486684,1.0
1742781266.56915,1.0
1742781266.5889115,1.0
1742781266.6090274,1.0
1742781266.6287167,1.0
1742781266.650013,1.0
1742781266.673716,1.0
1742781266.6933944,1.0
1742781266.7130733,1.0
1742781266.7327816,1.0
1742781266.752499,1.0
1742781266.772353,1.0
1742781266.7920544,1.0
1742781266.811763,1.0
1742781266.8314734,1.0
1742781266.8512743,1.0
1742781266.8711646,1.0
1742781266.8909085,1.0
1742781266.9106338,1.0
1742781266.9304,1.0
1742781266.9501686,1.0
1742781266.9701257,1.0
1742781266.9898894,1.0
1742781267.0096576,1.0
1742781267.0302594,1.0
1742781267.050048,1.0
1742781267.0698736,1.0
1742781267.0897386,1.0
1742781267.1094894,1.0
1742781267.1292694,1.0
1742781267.149059,1.0
1742781267.168836,1.0
1742781267.1887205,1.0
1742781267.2084827,1.0
1742781267.2282643,1.0
1742781267.2480547,1.0
1742781267.2678423,1.0
1742781267.2877402,1.0
1742781267.3075197,1.0
1742781267.3273351,1.0
1742781267.3471315,1.0
1742781267.3669558,1.0
1742781267.3872542,1.0
1742781267.4070618,1.0
1742781267.4268382,1.0
1742781267.4466293,1.0
1742781267.466413,1.0
1742781267.4863312,1.0
1742781267.5061054,1.0
1742781267.526947,1.0
1742781267.5466802,1.0
1742781267.5667796,1.0
1742781267.586869,1.0
1742781267.606698,1.0
1742781267.6265225,1.0
1742781267.646294,1.0
1742781267.6676242,1.0
1742781267.6874182,1.0
1742781267.707102,1.0
1742781267.7267962,1.0
1742781267.7464776,1.0
1742781267.766185,1.0
1742781267.7860048,1.0
1742781267.8056822,1.0
1742781267.8253746,1.0
1742781267.8451438,1.0
1742781267.864853,1.0
1742781267.8846877,1.0
1742781267.9043765,1.0
1742781267.9240737,1.0
1742781267.9437675,1.0
1742781267.9634926,1.0
1742781267.98325,1.0
1742781268.0030832,1.0
1742781268.0227633,1.0
1742781268.0424623,1.0
1742781268.062156,1.0
1742781268.0818732,1.0
1742781268.101908,1.0
1742781268.1215978,1.0
1742781268.1412768,1.0
1742781268.1609652,1.0
1742781268.1806686,1.0
1742781268.2005079,1.0
1742781268.22022,1.0
1742781268.2399175,1.0
1742781268.2596047,1.0
1742781268.2793381,1.0
1742781268.2991486,1.0
1742781268.3188453,1.0
1742781268.3385258,1.0
1742781268.3582897,1.0
1742781268.3780048,1.0
1742781268.3978343,1.0
1742781268.417496,1.0
1742781268.4371958,1.0
1742781268.456896,1.0
1742781268.4766223,1.0
1742781268.4964304,1.0
1742781268.5174615,1.0
1742781268.5371132,1.0
1742781268.5572686,1.0
1742781268.5769465,1.0
1742781268.597325,1.0
1742781268.6170065,1.0
1742781268.6367292,1.0
1742781268.6564565,1.0
1742781268.6776326,1.0
1742781268.6974943,1.0
1742781268.7171981,1.0
1742781268.736917,1.0
1742781268.7566345,1.0
1742781268.7763178,1.0
1742781268.796021,1.0
1742781268.8158262,1.0
1742781268.8355174,1.0
1742781268.8552039,1.0
1742781268.8749042,1.0
1742781268.8946075,1.0
1742781268.9145916,1.0
1742781268.9342806,1.0
1742781268.9539645,1.0
1742781268.9736328,1.0
1742781268.9933357,1.0
1742781269.0131671,1.0
1742781269.0328755,1.0
1742781269.0525634,1.0
1742781269.072281,1.0
1742781269.0919676,1.0
1742781269.1117988,1.0
1742781269.1314893,1.0
1742781269.1512074,1.0
1742781269.170889,1.0
1742781269.1906157,1.0
1742781269.2104185,1.0
1742781269.230089,1.0
1742781269.2497914,1.0
1742781269.2694595,1.0
1742781269.2891572,1.0
1742781269.3089821,1.0
1742781269.3286781,1.0
1742781269.34838,1.0
1742781269.3680732,1.0
1742781269.3877642,1.0
1742781269.407631,1.0
1742781269.4273126,1.0
1742781269.4470046,1.0
1742781269.4666977,1.0
1742781269.4863718,1.0
1742781269.5060744,1.0
1742781269.5267835,1.0
1742781269.546465,1.0
1742781269.566472,1.0
1742781269.586234,1.0
1742781269.6064708,1.0
1742781269.6263404,1.0
1742781269.6460268,1.0
1742781269.667199,1.0
1742781269.686842,1.0
1742781269.7065554,1.0
1742781269.726545,1.0
1742781269.7462366,1.0
1742781269.7659266,1.0
1742781269.7856236,1.0
1742781269.8053145,1.0
1742781269.8251367,1.0
1742781269.8448248,1.0
1742781269.8645267,1.0
1742781269.8842418,1.0
1742781269.9039595,1.0
1742781269.923771,1.0
1742781269.943497,1.0
1742781269.9632394,1.0
1742781269.9829466,1.0
1742781270.002692,1.0
1742781270.0225194,1.0
1742781270.0422306,1.0
1742781270.0619295,1.0
1742781270.0816336,1.0
1742781270.10134,1.0
1742781270.1212053,1.0
1742781270.1409028,1.0
1742781270.1606061,1.0
1742781270.180295,1.0
1742781270.2000134,1.0
1742781270.2199302,1.0
1742781270.243472,1.0
1742781270.263169,1.0
1742781270.2828586,1.0
1742781270.3025877,1.0
1742781270.3224533,1.0
1742781270.3421686,1.0
1742781270.3618813,1.0
1742781270.382071,1.0
1742781270.4017866,1.0
1742781270.421489,1.0
1742781270.4413826,1.0
1742781270.4611151,1.0
1742781270.4808307,1.0
1742781270.5005383,1.0
1742781270.5225012,1.0
1742781270.5422974,1.0
1742781270.563145,1.0
1742781270.5828302,1.0
1742781270.602986,1.0
1742781270.6227083,1.0
1742781270.642621,1.0
1742781270.6634443,1.0
1742781270.6830986,1.0
1742781270.7028112,1.0
1742781270.7225323,1.0
1742781270.7423518,1.0
1742781270.7620888,1.0
1742781270.7818074,1.0
1742781270.8014936,1.0
1742781270.8212202,1.0
1742781270.8411405,1.0
1742781270.8608503,1.0
1742781270.8805711,1.0
1742781270.9003553,1.0
1742781270.9200947,1.0
1742781270.9399152,1.0
1742781270.9596505,1.0
1742781270.9794176,1.0
1742781270.9991424,1.0
1742781271.0188763,1.0
1742781271.0387414,1.0
1742781271.0584493,1.0
1742781271.078162,1.0
1742781271.097873,1.0
1742781271.1175792,1.0
1742781271.1377378,1.0
1742781271.1574266,1.0
1742781271.1771648,1.0
1742781271.1969147,1.0
1742781271.2166684,1.0
1742781271.236533,1.0
1742781271.2562687,1.0
1742781271.2760003,1.0
1742781271.2957325,1.0
1742781271.3154666,1.0
1742781271.3352346,1.0
1742781271.3551042,1.0
1742781271.3748205,1.0
1742781271.394549,1.0
1742781271.414258,1.0
1742781271.4339957,1.0
1742781271.4540398,1.0
1742781271.4737787,1.0
1742781271.4934988,1.0
1742781271.5157413,1.0
1742781271.5353656,1.0
1742781271.5558894,1.0
1742781271.5756376,1.0
1742781271.5956314,1.0
1742781271.6153576,1.0
1742781271.6351252,1.0
1742781271.6550622,1.0
1742781271.6764169,1.0
1742781271.6961799,1.0
1742781271.7159019,1.0
1742781271.735682,1.0
1742781271.7555501,1.0
1742781271.781465,1.0
1742781271.8065615,1.0
1742781271.8264492,1.0
1742781271.846486,1.0
1742781271.8663645,1.0
1742781271.886257,1.0
1742781271.906359,1.0
1742781271.926267,1.0
1742781271.9464602,1.0
1742781271.966389,1.0
1742781271.986347,1.0
1742781272.006293,1.0
1742781272.026274,1.0
1742781272.046227,1.0
1742781272.0662801,1.0
1742781272.0862432,1.0
1742781272.106248,1.0
1742781272.1262026,1.0
1742781272.1461635,1.0
1742781272.166206,1.0
1742781272.1861844,1.0
1742781272.2060559,1.0
1742781272.2259588,1.0
1742781272.245827,1.0
1742781272.265885,1.0
1742781272.285794,1.0
1742781272.305682,1.0
1742781272.3255444,1.0
1742781272.3454504,1.0
1742781272.3655117,1.0
1742781272.3853457,1.0
1742781272.4051409,1.0
1742781272.4249527,1.0
1742781272.444833,1.0
1742781272.4648962,1.0
1742781272.4846945,1.0
1742781272.505101,1.0
1742781272.5267382,1.0
1742781272.5465307,1.0
1742781272.567363,1.0
1742781272.5872824,1.0
1742781272.6072695,1.0
1742781272.6271234,1.0
1742781272.6469238,1.0
1742781272.6684513,1.0
1742781272.6881871,1.0
1742781272.7080412,1.0
1742781272.72785,1.0
1742781272.747652,1.0
1742781272.767747,1.0
1742781272.787581,1.0
1742781272.8074107,1.0
1742781272.8272202,1.0
1742781272.847055,1.0
1742781272.8670013,1.0
1742781272.8868327,1.0
1742781272.9150436,1.0
1742781272.93473,1.0
1742781272.954512,1.0
1742781272.9745872,1.0
1742781272.9944112,1.0
1742781273.0141907,1.0
1742781273.0339766,1.0
1742781273.0537622,1.0
1742781273.0737436,1.0
1742781273.0935323,1.0
1742781273.1133304,1.0
1742781273.1331184,1.0
1742781273.1529212,1.0
1742781273.173022,1.0
1742781273.192882,1.0
1742781273.2127411,1.0
1742781273.2325385,1.0
1742781273.2523267,1.0
1742781273.2722628,1.0
1742781273.292057,1.0
1742781273.3118558,1.0
1742781273.3316886,1.0
1742781273.3514833,1.0
1742781273.3714194,1.0
1742781273.391251,1.0
1742781273.4110537,1.0
1742781273.430867,1.0
1742781273.4506729,1.0
1742781273.4706335,1.0
1742781273.490445,1.0
1742781273.5122118,1.0
1742781273.532151,1.0
1742781273.5523667,1.0
1742781273.5730774,1.0
1742781273.59303,1.0
1742781273.6129143,1.0
1742781273.6328015,1.0
1742781273.652588,1.0
1742781273.674106,1.0
1742781273.6939101,1.0
1742781273.7136772,1.0
1742781273.7334409,1.0
1742781273.7532306,1.0
1742781273.773179,1.0
1742781273.7930303,1.0
1742781273.8128197,1.0
1742781273.8326015,1.0
1742781273.8524046,1.0
1742781273.8724148,1.0
1742781273.892273,1.0
1742781273.9120476,1.0
1742781273.9318314,1.0
1742781273.9516692,1.0
1742781273.9714513,1.0
1742781273.9914212,1.0
1742781274.01124,1.0
1742781274.0310616,1.0
1742781274.0508595,1.0
1742781274.0706701,1.0
1742781274.0906882,1.0
1742781274.1105027,1.0
1742781274.1303189,1.0
1742781274.1501012,1.0
1742781274.16998,1.0
1742781274.1899018,1.0
1742781274.20971,1.0
1742781274.2294862,1.0
1742781274.2492783,1.0
1742781274.2690895,1.0
1742781274.2891376,1.0
1742781274.30896,1.0
1742781274.3287518,1.0
1742781274.348613,1.0
1742781274.3683922,1.0
1742781274.3882995,1.0
1742781274.4085252,1.0
1742781274.42832,1.0
1742781274.448102,1.0
1742781274.4678874,1.0
1742781274.487854,1.0
1742781274.5086145,1.0
1742781274.5309436,1.0
1742781274.5507221,1.0
1742781274.5717123,1.0
1742781274.5919333,1.0
1742781274.6120424,1.0
1742781274.6318543,1.0
1742781274.651654,1.0
1742781274.672987,1.0
1742781274.6929014,1.0
1742781274.7127662,1.0
1742781274.732674,1.0
1742781274.752527,1.0
1742781274.7723565,1.0
1742781274.7923098,1.0
1742781274.8121784,1.0
1742781274.8320804,1.0
1742781274.8518798,1.0
1742781274.8717065,1.0
1742781274.891631,1.0
1742781274.9114482,1.0
1742781274.9312673,1.0
1742781274.9510784,1.0
1742781274.9708896,1.0
1742781274.9908476,1.0
1742781275.0106945,1.0
1742781275.0305624,1.0
1742781275.050383,1.0
1742781275.0702436,1.0
1742781275.0900967,1.0
1742781275.1099875,1.0
1742781275.1298492,1.0
1742781275.151364,1.0
1742781275.1711972,1.0
1742781275.1910522,1.0
1742781275.210995,1.0
1742781275.2308629,1.0
1742781275.2526588,1.0
1742781275.2725625,1.0
1742781275.2931223,1.0
1742781275.3159213,1.0
1742781275.3359027,1.0
1742781275.355875,1.0
1742781275.3758643,1.0
1742781275.395996,1.0
1742781275.415951,1.0
1742781275.435995,1.0
1742781275.4559984,1.0
1742781275.476015,1.0
1742781275.4962194,1.0
1742781275.517324,1.0
1742781275.537189,1.0
1742781275.5577893,1.0
1742781275.5775867,1.0
1742781275.5986075,1.0
1742781275.6184254,1.0
1742781275.6384807,1.0
1742781275.6584933,1.0
1742781275.6799948,1.0
1742781275.7000964,1.0
1742781275.7201068,1.0
1742781275.7400563,1.0
1742781275.760093,1.0
1742781275.7800841,1.0
1742781275.800307,1.0
1742781275.8202615,1.0
1742781275.84026,1.0
1742781275.860262,1.0
1742781275.8802485,1.0
1742781275.9002361,1.0
1742781275.9201787,1.0
1742781275.9400947,1.0
1742781275.9600248,1.0
1742781275.9799323,1.0
1742781275.9998438,1.0
1742781276.0198677,1.0
1742781276.03978,1.0
1742781276.0597224,1.0
1742781276.0796254,1.0
1742781276.0995123,1.0
1742781276.1195877,1.0
1742781276.139481,1.0
1742781276.1594176,1.0
1742781276.1793046,1.0
1742781276.199235,1.0
1742781276.2192705,1.0
1742781276.2392094,1.0
1742781276.259463,1.0
1742781276.2792993,1.0
1742781276.2990825,1.0
1742781276.3190436,1.0
1742781276.338779,1.0
1742781276.3585598,1.0
1742781276.3783123,1.0
1742781276.398077,1.0
1742781276.4179494,1.0
1742781276.4380653,1.0
1742781276.4578009,1.0
1742781276.4775784,1.0
1742781276.4973264,1.0
1742781276.5177732,1.0
1742781276.5374446,1.0
1742781276.5574105,1.0
1742781276.5770674,1.0
1742781276.5978389,1.0
1742781276.6177666,1.0
1742781276.6374962,1.0
1742781276.6572523,1.0
1742781276.678309,1.0
1742781276.69807,1.0
1742781276.7181234,1.0
1742781276.7379024,1.0
1742781276.7576423,1.0
1742781276.7774055,1.0
1742781276.7971673,1.0
1742781276.8170543,1.0
1742781276.8368394,1.0
1742781276.856606,1.0
1742781276.8764067,1.0
1742781276.8961685,1.0
1742781276.9160912,1.0
1742781276.9361308,1.0
1742781276.955931,1.0
1742781276.9757056,1.0
1742781276.9955027,1.0
1742781277.0152805,1.0
1742781277.035232,1.0
1742781277.0550508,1.0
1742781277.0748181,1.0
1742781277.0945725,1.0
1742781277.1143124,1.0
1742781277.1343706,1.0
1742781277.154145,1.0
1742781277.1739051,1.0
1742781277.1936512,1.0
1742781277.213381,1.0
1742781277.2332842,1.0
1742781277.2530568,1.0
1742781277.272824,1.0
1742781277.2925644,1.0
1742781277.3123417,1.0
1742781277.332503,1.0
1742781277.352296,1.0
1742781277.372085,1.0
1742781277.3918774,1.0
1742781277.4116516,1.0
1742781277.4315703,1.0
1742781277.45135,1.0
1742781277.4711516,1.0
1742781277.4965172,1.0
1742781277.5176463,1.0
1742781277.5374327,1.0
1742781277.557662,1.0
1742781277.577301,1.0
1742781277.5977583,1.0
1742781277.6173866,1.0
1742781277.6373563,1.0
1742781277.6571221,1.0
1742781277.6783154,1.0
1742781277.698037,1.0
1742781277.7177465,1.0
1742781277.7377872,1.0
1742781277.7574856,1.0
1742781277.7771783,1.0
1742781277.796941,1.0
1742781277.816653,1.0
1742781277.836485,1.0
1742781277.8562055,1.0
1742781277.8759115,1.0
1742781277.8956301,1.0
1742781277.915341,1.0
1742781277.9352474,1.0
1742781277.9549756,1.0
1742781277.9747226,1.0
1742781277.9944615,1.0
1742781278.014168,1.0
1742781278.034009,1.0
1742781278.0537248,1.0
1742781278.0734189,1.0
1742781278.0931542,1.0
1742781278.112872,1.0
1742781278.1327727,1.0
1742781278.1524723,1.0
1742781278.1721835,1.0
1742781278.1918874,1.0
1742781278.211599,1.0
1742781278.231336,1.0
1742781278.251224,1.0
1742781278.2709606,1.0
1742781278.290683,1.0
1742781278.3104303,1.0
1742781278.330123,1.0
1742781278.3500004,1.0
1742781278.369716,1.0
1742781278.3894112,1.0
1742781278.4091663,1.0
1742781278.4288726,1.0
1742781278.4489741,1.0
1742781278.4687304,1.0
1742781278.4884317,1.0
1742781278.508629,1.0
1742781278.528748,1.0
1742781278.5485637,1.0
1742781278.5687995,1.0
1742781278.5885644,1.0
1742781278.608432,1.0
1742781278.6281369,1.0
1742781278.6479561,1.0
1742781278.6690686,1.0
1742781278.6887627,1.0
1742781278.7084937,1.0
1742781278.728175,1.0
1742781278.7480826,1.0
1742781278.767772,1.0
1742781278.787487,1.0
1742781278.8072007,1.0
1742781278.8431036,1.0
1742781278.8623385,1.0
1742781278.8816185,1.0
1742781278.9008563,1.0
1742781278.920123,1.0
1742781278.9393644,1.0
1742781278.9588375,1.0
1742781278.9780846,1.0
1742781278.9973207,1.0
1742781279.0166075,1.0
1742781279.035894,1.0
1742781279.0554068,1.0
1742781279.0746813,1.0
1742781279.0939426,1.0
1742781279.1132102,1.0
1742781279.132505,1.0
1742781279.1519117,1.0
1742781279.1711674,1.0
1742781279.1904533,1.0
1742781279.2097135,1.0
1742781279.2289982,1.0
1742781279.2483752,1.0
1742781279.2676446,1.0
1742781279.2868934,1.0
1742781279.3061757,1.0
1742781279.3254454,1.0
1742781279.3447523,1.0
1742781279.3640835,1.0
1742781279.3833444,1.0
1742781279.4026413,1.0
1742781279.4219263,1.0
1742781279.4411669,1.0
1742781279.4606638,1.0
1742781279.479937,1.0
1742781279.4992018,1.0
1742781279.5198722,1.0
1742781279.5391343,1.0
1742781279.5591025,1.0
1742781279.5784016,1.0
1742781279.5980027,1.0
1742781279.6171503,1.0
1742781279.636432,1.0
1742781279.6558425,1.0
1742781279.6766298,1.0
1742781279.6959314,1.0
1742781279.7152328,1.0
1742781279.7347693,1.0
1742781279.7542434,1.0
1742781279.773504,1.0
1742781279.7928083,1.0
1742781279.8121386,1.0
1742781279.8313982,1.0
1742781279.8506896,1.0
1742781279.8702202,1.0
1742781279.889494,1.0
1742781279.9087782,1.0
1742781279.928103,1.0
1742781279.9473774,1.0
1742781279.9669712,1.0
1742781279.9862905,1.0
1742781280.0055618,1.0
1742781280.0248394,1.0
1742781280.0441296,1.0
1742781280.0635927,1.0
1742781280.0829186,1.0
1742781280.1022022,1.0
1742781280.1214845,1.0
1742781280.1407583,1.0
1742781280.1601906,1.0
1742781280.1794395,1.0
1742781280.1987534,1.0
1742781280.2180593,1.0
1742781280.2373383,1.0
1742781280.2566304,1.0
1742781280.2761018,1.0
1742781280.2953682,1.0
1742781280.3146846,1.0
1742781280.3339663,1.0
1742781280.3532577,1.0
1742781280.3764038,1.0
1742781280.3956554,1.0
1742781280.4149582,1.0
1742781280.4342442,1.0
1742781280.4538677,1.0
1742781280.473275,1.0
1742781280.492558,1.0
1742781280.5130599,1.0
1742781280.5325694,1.0
1742781280.551852,1.0
1742781280.5718627,1.0
1742781280.5914087,1.0
1742781280.611256,1.0
1742781280.6305838,1.0
1742781280.6499372,1.0
1742781280.6704438,1.0
1742781280.689729,1.0
1742781280.7090173,1.0
1742781280.72836,1.0
1742781280.7476723,1.0
1742781280.7669892,1.0
1742781280.7864296,1.0
1742781280.8057487,1.0
1742781280.8250644,1.0
1742781280.8444004,1.0
1742781280.8637273,1.0
1742781280.8832037,1.0
1742781280.9025364,1.0
1742781280.9218476,1.0
1742781280.941145,1.0
1742781280.960466,1.0
1742781280.97996,1.0
1742781280.9992774,1.0
1742781281.018627,1.0
1742781281.0379364,1.0
1742781281.057264,1.0
1742781281.0767,1.0
1742781281.0960178,1.0
1742781281.1153579,1.0
1742781281.1346927,1.0
1742781281.1540322,1.0
1742781281.1733136,1.0
1742781281.192741,1.0
1742781281.2120824,1.0
1742781281.2313974,1.0
1742781281.2507133,1.0
1742781281.2700465,1.0
1742781281.289537,1.0
1742781281.3088439,1.0
1742781281.32817,1.0
1742781281.3474963,1.0
1742781281.3668232,1.0
1742781281.3868854,1.0
1742781281.4062047,1.0
1742781281.4254766,1.0
1742781281.4447756,1.0
1742781281.466581,1.0
1742781281.48617,1.0
1742781281.505477,1.0
1742781281.5259242,1.0
1742781281.5451663,1.0
1742781281.5651343,1.0
1742781281.5845342,1.0
1742781281.6042445,1.0
1742781281.623567,1.0
1742781281.6428428,1.0
1742781281.6634667,1.0
1742781281.682899,1.0
1742781281.7021668,1.0
1742781281.7214363,1.0
1742781281.740735,1.0
1742781281.760015,1.0
1742781281.7792835,1.0
1742781281.7987552,1.0
1742781281.8180373,1.0
1742781281.8372908,1.0
1742781281.8565576,1.0
1742781281.8758507,1.0
1742781281.8953485,1.0
1742781281.9146488,1.0
1742781281.9339304,1.0
1742781281.9532096,1.0
1742781281.9724743,1.0
1742781281.9918754,1.0
1742781282.0111687,1.0
1742781282.0304484,1.0
1742781282.0497332,1.0
1742781282.0691395,1.0
1742781282.088507,1.0
1742781282.1077807,1.0
1742781282.127078,1.0
1742781282.146343,1.0
1742781282.1655912,1.0
1742781282.1848712,1.0
1742781282.204256,1.0
1742781282.223607,1.0
1742781282.242946,1.0
1742781282.262259,1.0
1742781282.2815454,1.0
1742781282.3010418,1.0
1742781282.3203442,1.0
1742781282.3396473,1.0
1742781282.3589616,1.0
1742781282.3782892,1.0
1742781282.3977275,1.0
1742781282.4185445,1.0
1742781282.437953,1.0
1742781282.4572344,1.0
1742781282.476662,1.0
1742781282.4960802,1.0
1742781282.5168686,1.0
1742781282.5360756,1.0
1742781282.5556903,1.0
1742781282.5749278,1.0
1742781282.5944967,1.0
1742781282.6139996,1.0
1742781282.6332977,1.0
1742781282.6526415,1.0
1742781282.6735332,1.0
1742781282.6928062,1.0
1742781282.7124116,1.0
1742781282.7317908,1.0
1742781282.7511175,1.0
1742781282.770444,1.0
1742781282.789785,1.0
1742781282.8093393,1.0
1742781282.8286774,1.0
1742781282.848032,1.0
1742781282.8673441,1.0
1742781282.8866675,1.0
1742781282.9114604,1.0
1742781282.9307303,1.0
1742781282.9500122,1.0
1742781282.969307,1.0
1742781282.988614,1.0
1742781283.0081367,1.0
1742781283.0274317,1.0
1742781283.04675,1.0
1742781283.0660279,1.0
1742781283.0853078,1.0
1742781283.1047642,1.0
1742781283.1240606,1.0
1742781283.143377,1.0
1742781283.1627285,1.0
1742781283.182014,1.0
1742781283.2012813,1.0
1742781283.2207997,1.0
1742781283.240115,1.0
1742781283.2593927,1.0
1742781283.2786784,1.0
1742781283.2979417,1.0
1742781283.3174758,1.0
1742781283.336761,1.0
1742781283.356047,1.0
1742781283.3753557,1.0
1742781283.394665,1.0
1742781283.4141576,1.0
1742781283.4334211,1.0
1742781283.4527202,1.0
1742781283.471987,1.0
1742781283.4912717,1.0
1742781283.5119479,1.0
1742781283.531407,1.0
1742781283.5507321,1.0
1742781283.5709445,1.0
1742781283.5902953,1.0
1742781283.610372,1.0
1742781283.6297011,1.0
1742781283.6489725,1.0
1742781283.6697714,1.0
1742781283.6889613,1.0
1742781283.708241,1.0
1742781283.727633,1.0
1742781283.746912,1.0
1742781283.7661664,1.0
1742781283.7855034,1.0
1742781283.804915,1.0
1742781283.824459,1.0
1742781283.8437757,1.0
1742781283.8631134,1.0
1742781283.8824327,1.0
1742781283.9017797,1.0
1742781283.9212797,1.0
1742781283.9405851,1.0
1742781283.9598851,1.0
1742781283.9792101,1.0
1742781283.9985406,1.0
1742781284.0180206,1.0
1742781284.0373082,1.0
1742781284.0566323,1.0
1742781284.0759227,1.0
1742781284.0952177,1.0
1742781284.1145353,1.0
1742781284.134027,1.0
1742781284.1533232,1.0
1742781284.1726208,1.0
1742781284.1919122,1.0
1742781284.2112436,1.0
1742781284.2308016,1.0
1742781284.2501101,1.0
1742781284.2693906,1.0
1742781284.288751,1.0
1742781284.3080716,1.0
1742781284.3276107,1.0
1742781284.3469632,1.0
1742781284.3662748,1.0
1742781284.3855362,1.0
1742781284.4048245,1.0
1742781284.4242947,1.0
1742781284.4435854,1.0
1742781284.46289,1.0
1742781284.482872,1.0
1742781284.5021644,1.0
1742781284.5247555,1.0
1742781284.544002,1.0
1742781284.5641968,1.0
1742781284.583466,1.0
1742781284.6030998,1.0
1742781284.6223843,1.0
1742781284.6418912,1.0
1742781284.6627078,1.0
1742781284.6818433,1.0
1742781284.701146,1.0
1742781284.720434,1.0
1742781284.7399232,1.0
1742781284.7592092,1.0
1742781284.778516,1.0
1742781284.797813,1.0
1742781284.8170662,1.0
1742781284.8365545,1.0
1742781284.8558254,1.0
1742781284.87516,1.0
1742781284.8944654,1.0
1742781284.9137492,1.0
1742781284.9331849,1.0
1742781284.9524796,1.0
1742781284.971831,1.0
1742781284.9911287,1.0
1742781285.0104659,1.0
1742781285.0297482,1.0
1742781285.0492337,1.0
1742781285.0685327,1.0
1742781285.0878196,1.0
1742781285.1070993,1.0
1742781285.1263802,1.0
1742781285.145954,1.0
1742781285.1652367,1.0
1742781285.1845329,1.0
1742781285.2038536,1.0
1742781285.2231805,1.0
1742781285.2426772,1.0
1742781285.2619677,1.0
1742781285.2812262,1.0
1742781285.3005433,1.0
1742781285.319798,1.0
1742781285.3392763,1.0
1742781285.3585281,1.0
1742781285.377831,1.0
1742781285.3971257,1.0
1742781285.4164321,1.0
1742781285.4356954,1.0
1742781285.4585052,1.0
1742781285.4777586,1.0
1742781285.4970477,1.0
1742781285.5187943,1.0
1742781285.5380104,1.0
1742781285.5585306,1.0
1742781285.577701,1.0
1742781285.5975804,1.0
1742781285.6168292,1.0
1742781285.6360867,1.0
1742781285.6555195,1.0
1742781285.6761143,1.0
1742781285.695397,1.0
1742781285.7146645,1.0
1742781285.7339783,1.0
1742781285.7533557,1.0
1742781285.7726557,1.0
1742781285.7919385,1.0
1742781285.811247,1.0
1742781285.8305132,1.0
1742781285.8499522,1.0
1742781285.8692088,1.0
1742781285.8885005,1.0
1742781285.9078374,1.0
1742781285.927127,1.0
1742781285.9464016,1.0
1742781285.965878,1.0
1742781285.9851406,1.0
1742781286.0044417,1.0
1742781286.0236976,1.0
1742781286.0430064,1.0
1742781286.0624392,1.0
1742781286.0817268,1.0
1742781286.1009881,1.0
1742781286.1202667,1.0
1742781286.1395237,1.0
1742781286.1590054,1.0
1742781286.1782687,1.0
1742781286.1975546,1.0
1742781286.2168183,1.0
1742781286.236099,1.0
1742781286.2554939,1.0
1742781286.2747688,1.0
1742781286.2940469,1.0
1742781286.3133268,1.0
1742781286.332578,1.0
1742781286.3518531,1.0
1742781286.3713496,1.0
1742781286.3906558,1.0
1742781286.4099135,1.0
1742781286.4292283,1.0
1742781286.448506,1.0
1742781286.468003,1.0
1742781286.487274,1.0
1742781286.5079188,1.0
1742781286.528402,1.0
1742781286.5476992,1.0
1742781286.568196,1.0
1742781286.5879354,1.0
1742781286.6074202,1.0
1742781286.6267254,1.0
1742781286.6460495,1.0
1742781286.6669939,1.0
1742781286.6862884,1.0
1742781286.7055748,1.0
1742781286.724864,1.0
1742781286.7441568,1.0
1742781286.763572,1.0
1742781286.7828612,1.0
1742781286.802173,1.0
1742781286.8214417,1.0
1742781286.840767,1.0
1742781286.8600569,1.0
1742781286.879482,1.0
1742781286.898845,1.0
1742781286.9181492,1.0
1742781286.937414,1.0
1742781286.956707,1.0
1742781286.9761968,1.0
1742781286.9954908,1.0
1742781287.014788,1.0
1742781287.0340705,1.0
1742781287.0533543,1.0
1742781287.072775,1.0
1742781287.0920753,1.0
1742781287.111349,1.0
1742781287.1306715,1.0
1742781287.1499581,1.0
1742781287.169379,1.0
1742781287.1886702,1.0
1742781287.2079623,1.0
1742781287.2275257,1.0
1742781287.2468426,1.0
1742781287.2661283,1.0
1742781287.2855756,1.0
1742781287.3048918,1.0
1742781287.3241858,1.0
1742781287.3434813,1.0
1742781287.3628013,1.0
1742781287.3822644,1.0
1742781287.4015362,1.0
1742781287.420818,1.0
1742781287.4401224,1.0
1742781287.4593894,1.0
1742781287.4788334,1.0
1742781287.4981153,1.0
1742781287.5192993,1.0
1742781287.5394688,1.0
1742781287.5598903,1.0
1742781287.5793204,1.0
1742781287.5989132,1.0
1742781287.6183202,1.0
1742781287.6376593,1.0
1742781287.656987,1.0
1742781287.678025,1.0
1742781287.6973357,1.0
1742781287.7166514,1.0
1742781287.735983,1.0
1742781287.755333,1.0
1742781287.7746873,1.0
1742781287.794162,1.0
1742781287.8134668,1.0
1742781287.832771,1.0
1742781287.8521063,1.0
1742781287.871434,1.0
1742781287.891005,1.0
1742781287.9103436,1.0
1742781287.9296622,1.0
1742781287.9489832,1.0
1742781287.968303,1.0
1742781287.9878008,1.0
1742781288.0071502,1.0
1742781288.0264935,1.0
1742781288.0458074,1.0
1742781288.0651133,1.0
1742781288.0845788,1.0
1742781288.1039057,1.0
1742781288.1232727,1.0
1742781288.1426265,1.0
1742781288.1619682,1.0
1742781288.1813002,1.0
1742781288.2007053,1.0
1742781288.2200499,1.0
1742781288.2393496,1.0
1742781288.258671,1.0
1742781288.2779632,1.0
1742781288.297485,1.0
1742781288.3167934,1.0
1742781288.3361292,1.0
1742781288.3554406,1.0
1742781288.3748324,1.0
1742781288.3942914,1.0
1742781288.4136345,1.0
1742781288.43295,1.0
1742781288.4522803,1.0
1742781288.4716153,1.0
1742781288.4911108,1.0
1742781288.5123308,1.0
1742781288.5318506,1.0
1742781288.5511794,1.0
1742781288.5712008,1.0
1742781288.5913312,1.0
1742781288.6114457,1.0
1742781288.630835,1.0
1742781288.6502066,1.0
1742781288.6707385,1.0
1742781288.690148,1.0
1742781288.7097275,1.0
1742781288.729199,1.0
1742781288.7486455,1.0
1742781288.768098,1.0
1742781288.7875714,1.0
1742781288.8072176,1.0
1742781288.82667,1.0
1742781288.846148,1.0
1742781288.8655877,1.0
1742781288.8850656,1.0
1742781288.9047635,1.0
1742781288.9241974,1.0
1742781288.9436464,1.0
1742781288.963122,1.0
1742781288.982511,1.0
1742781289.0020728,1.0
1742781289.0214489,1.0
1742781289.0408397,1.0
1742781289.0602212,1.0
1742781289.0796096,1.0
1742781289.0993047,1.0
1742781289.1186855,1.0
1742781289.138059,1.0
1742781289.1574447,1.0
1742781289.1768289,1.0
1742781289.1962292,1.0
1742781289.2158499,1.0
1742781289.2352486,1.0
1742781289.2546,1.0
1742781289.274002,1.0
1742781289.293373,1.0
1742781289.3129761,1.0
1742781289.3323467,1.0
1742781289.3516972,1.0
1742781289.3710856,1.0
1742781289.3904624,1.0
1742781289.410023,1.0
1742781289.4293804,1.0
1742781289.4487467,1.0
1742781289.4681284,1.0
1742781289.4875062,1.0
1742781289.508097,1.0
1742781289.528403,1.0
1742781289.547787,1.0
1742781289.5683138,1.0
1742781289.5879214,1.0
1742781289.607827,1.0
1742781289.627245,1.0
1742781289.646666,1.0
1742781289.6677618,1.0
1742781289.6871076,1.0
1742781289.7064648,1.0
1742781289.7259452,1.0
1742781289.745351,1.0
1742781289.764761,1.0
1742781289.784194,1.0
1742781289.803619,1.0
1742781289.8232453,1.0
1742781289.842683,1.0
1742781289.8621156,1.0
1742781289.881519,1.0
1742781289.9009748,1.0
1742781289.9205542,1.0
1742781289.9399805,1.0
1742781289.9593823,1.0
1742781289.978805,1.0
1742781289.998241,1.0
1742781290.017815,1.0
1742781290.0372052,1.0
1742781290.0566347,1.0
1742781290.0760398,1.0
1742781290.0955014,1.0
1742781290.115229,1.0
1742781290.1346192,1.0
1742781290.154052,1.0
1742781290.1734734,1.0
1742781290.1929002,1.0
1742781290.2123384,1.0
1742781290.2318408,1.0
1742781290.2513173,1.0
1742781290.2707267,1.0
1742781290.290147,1.0
1742781290.3095324,1.0
1742781290.3291798,1.0
1742781290.3486059,1.0
1742781290.3680284,1.0
1742781290.3874552,1.0
1742781290.4068925,1.0
1742781290.42644,1.0
1742781290.4458582,1.0
1742781290.4652514,1.0
1742781290.4846997,1.0
1742781290.5041137,1.0
1742781290.525647,1.0
1742781290.5454922,1.0
1742781290.565554,1.0
1742781290.5849736,1.0
1742781290.6092315,1.0
1742781290.628917,1.0
1742781290.6482747,1.0
1742781290.669015,1.0
1742781290.6883428,1.0
1742781290.7076795,1.0
1742781290.727193,1.0
1742781290.746542,1.0
1742781290.765894,1.0
1742781290.7852063,1.0
1742781290.8045623,1.0
1742781290.8239095,1.0
1742781290.8433712,1.0
1742781290.8626592,1.0
1742781290.881926,1.0
1742781290.9014342,1.0
1742781290.9207342,1.0
1742781290.9402232,1.0
1742781290.9595082,1.0
1742781290.9788358,1.0
1742781290.998205,1.0
1742781291.0175507,1.0
1742781291.0370908,1.0
1742781291.0564215,1.0
1742781291.0757806,1.0
1742781291.0951548,1.0
1742781291.1145074,1.0
1742781291.1340613,1.0
1742781291.153444,1.0
1742781291.1728082,1.0
1742781291.19214,1.0
1742781291.2115095,1.0
1742781291.2308662,1.0
1742781291.2502575,1.0
1742781291.2695782,1.0
1742781291.2889252,1.0
1742781291.3082058,1.0
1742781291.3274813,1.0
1742781291.346942,1.0
1742781291.366235,1.0
1742781291.38551,1.0
1742781291.40479,1.0
1742781291.4240701,1.0
1742781291.443506,1.0
1742781291.4627967,1.0
1742781291.4821048,1.0
1742781291.5013633,1.0
1742781291.522999,1.0
1742781291.5424376,1.0
1742781291.5626862,1.0
1742781291.5819595,1.0
1742781291.6017973,1.0
1742781291.6215959,1.0
1742781291.6410074,1.0
1742781291.661552,1.0
1742781291.6810362,1.0
1742781291.7003763,1.0
1742781291.7197123,1.0
1742781291.7390518,1.0
1742781291.7584813,1.0
1742781291.777814,1.0
1742781291.7971256,1.0
1742781291.8164551,1.0
1742781291.8357837,1.0
1742781291.8552792,1.0
1742781291.8746026,1.0
1742781291.8940096,1.0
1742781291.9132922,1.0
1742781291.9326231,1.0
1742781291.952083,1.0
1742781291.971422,1.0
1742781291.9907587,1.0
1742781292.0100672,1.0
1742781292.0293589,1.0
1742781292.0498443,1.0
1742781292.0691662,1.0
1742781292.0885062,1.0
1742781292.1078186,1.0
1742781292.1271615,1.0
1742781292.1464844,1.0
1742781292.1659162,1.0
1742781292.1852143,1.0
1742781292.20454,1.0
1742781292.2238393,1.0
1742781292.2431805,1.0
1742781292.2626684,1.0
1742781292.2820008,1.0
1742781292.3012857,1.0
1742781292.320642,1.0
1742781292.339966,1.0
1742781292.359443,1.0
1742781292.378983,1.0
1742781292.398308,1.0
1742781292.4175994,1.0
1742781292.4369354,1.0
1742781292.4563775,1.0
1742781292.475696,1.0
1742781292.49501,1.0
1742781292.5165691,1.0
1742781292.5357785,1.0
1742781292.5555182,1.0
1742781292.575143,1.0
1742781292.5945444,1.0
1742781292.6142325,1.0
1742781292.633522,1.0
1742781292.65285,1.0
1742781292.6739247,1.0
1742781292.69319,1.0
1742781292.7124918,1.0
1742781292.7318494,1.0
1742781292.7511399,1.0
1742781292.7705686,1.0
1742781292.7898717,1.0
1742781292.8091323,1.0
1742781292.828467,1.0
1742781292.8477607,1.0
1742781292.8672752,1.0
1742781292.886614,1.0
1742781292.9112868,1.0
1742781292.9305656,1.0
1742781292.9498484,1.0
1742781292.9692614,1.0
1742781292.9885678,1.0
1742781293.0078673,1.0
1742781293.0272243,1.0
1742781293.0465553,1.0
1742781293.0660112,1.0
1742781293.085298,1.0
1742781293.104587,1.0
1742781293.1238487,1.0
1742781293.1431816,1.0
1742781293.1625524,1.0
1742781293.1820354,1.0
1742781293.2013035,1.0
1742781293.2208,1.0
1742781293.2400904,1.0
1742781293.2593858,1.0
1742781293.2788444,1.0
1742781293.2981448,1.0
1742781293.3174222,1.0
1742781293.3367155,1.0
1742781293.3560221,1.0
1742781293.3756106,1.0
1742781293.3949988,1.0
1742781293.4143593,1.0
1742781293.433717,1.0
1742781293.4530911,1.0
1742781293.4726365,1.0
1742781293.4920118,1.0
1742781293.5143523,1.0
1742781293.5335562,1.0
1742781293.5536425,1.0
1742781293.5730968,1.0
1742781293.5930529,1.0
1742781293.612506,1.0
1742781293.6318848,1.0
1742781293.651256,1.0
1742781293.6721463,1.0
1742781293.6916802,1.0
1742781293.71107,1.0
1742781293.730444,1.0
1742781293.7497911,1.0
1742781293.7691362,1.0
1742781293.788668,1.0
1742781293.8080409,1.0
1742781293.8274174,1.0
1742781293.846855,1.0
1742781293.8855855,1.0
1742781293.904789,1.0
1742781293.9239168,1.0
1742781293.9431288,1.0
1742781293.9622648,1.0
1742781293.9815602,1.0
1742781294.0006776,1.0
1742781294.0198224,1.0
1742781294.0389552,1.0
1742781294.0581212,1.0
1742781294.0772467,1.0
1742781294.0966208,1.0
1742781294.1157286,1.0
1742781294.1348867,1.0
1742781294.1540203,1.0
1742781294.1731842,1.0
1742781294.1924353,1.0
1742781294.2115917,1.0
1742781294.2307386,1.0
1742781294.2498477,1.0
1742781294.2689528,1.0
1742781294.2882276,1.0
1742781294.3073494,1.0
1742781294.32649,1.0
1742781294.3456032,1.0
1742781294.3647406,1.0
1742781294.3838806,1.0
1742781294.4198768,1.0
1742781294.4387233,1.0
1742781294.4577322,1.0
1742781294.476714,1.0
1742781294.495861,1.0
1742781294.5164568,1.0
1742781294.536275,1.0
1742781294.5552082,1.0
1742781294.5753543,1.0
1742781294.5944855,1.0
1742781294.6138904,1.0
1742781294.632876,1.0
1742781294.6518793,1.0
1742781294.672325,1.0
1742781294.6915674,1.0
1742781294.7105951,1.0
1742781294.7295632,1.0
1742781294.7485263,1.0
1742781294.767485,1.0
1742781294.786544,1.0
1742781294.8057137,1.0
1742781294.824705,1.0
1742781294.8436852,1.0
1742781294.8626614,1.0
1742781294.881655,1.0
1742781294.9007924,1.0
1742781294.9198089,1.0
1742781294.938833,1.0
1742781294.9581468,1.0
1742781294.977181,1.0
1742781294.9962654,1.0
1742781295.0152345,1.0
1742781295.0342138,1.0
1742781295.0531569,1.0
1742781295.072118,1.0
1742781295.0910668,1.0
1742781295.1101794,1.0
1742781295.12912,1.0
1742781295.1481037,1.0
1742781295.1670437,1.0
1742781295.1860423,1.0
1742781295.205159,1.0
1742781295.2242742,1.0
1742781295.243241,1.0
1742781295.2622032,1.0
1742781295.2811716,1.0
1742781295.300374,1.0
1742781295.3192897,1.0
1742781295.3382576,1.0
1742781295.3572118,1.0
1742781295.3763542,1.0
1742781295.395318,1.0
1742781295.4143918,1.0
1742781295.4333506,1.0
1742781295.452308,1.0
1742781295.471318,1.0
1742781295.490317,1.0
1742781295.5107472,1.0
1742781295.5301902,1.0
1742781295.549136,1.0
1742781295.5688818,1.0
1742781295.588113,1.0
1742781295.6076877,1.0
1742781295.6307588,1.0
1742781295.6497226,1.0
1742781295.6703374,1.0
1742781295.6892734,1.0
1742781295.708445,1.0
1742781295.7273908,1.0
1742781295.7463615,1.0
1742781295.7653139,1.0
1742781295.7843077,1.0
1742781295.8033187,1.0
1742781295.822399,1.0
1742781295.8413749,1.0
1742781295.8603787,1.0
1742781295.8793297,1.0
1742781295.8983426,1.0
1742781295.9174638,1.0
1742781295.9364321,1.0
1742781295.9553967,1.0
1742781295.974417,1.0
1742781295.993386,1.0
1742781296.0126,1.0
1742781296.031535,1.0
1742781296.0504913,1.0
1742781296.069442,1.0
1742781296.088407,1.0
1742781296.107389,1.0
1742781296.1264935,1.0
1742781296.1454659,1.0
1742781296.1646006,1.0
1742781296.1836212,1.0
1742781296.2026074,1.0
1742781296.2217684,1.0
1742781296.2407227,1.0
1742781296.2597213,1.0
1742781296.278719,1.0
1742781296.2977443,1.0
1742781296.316975,1.0
1742781296.3359401,1.0
1742781296.3549304,1.0
1742781296.3741055,1.0
1742781296.3930557,1.0
1742781296.4120674,1.0
1742781296.431155,1.0
1742781296.450116,1.0
1742781296.4691114,1.0
1742781296.4881437,1.0
1742781296.508311,1.0
1742781296.5285506,1.0
1742781296.5475187,1.0
1742781296.5678415,1.0
1742781296.5873928,1.0
1742781296.606687,1.0
1742781296.6257772,1.0
1742781296.6447306,1.0
1742781296.664675,1.0
1742781296.6838202,1.0
1742781296.7027855,1.0
1742781296.7217681,1.0
1742781296.741706,1.0
1742781296.7606828,1.0
1742781296.7799194,1.0
1742781296.7989485,1.0
1742781296.8179235,1.0
1742781296.8370657,1.0
1742781296.856064,1.0
1742781296.8751118,1.0
1742781296.8942468,1.0
1742781296.9132247,1.0
1742781296.9324179,1.0
1742781296.9514074,1.0
1742781296.9703856,1.0
1742781296.9894736,1.0
1742781297.0084348,1.0
1742781297.0276923,1.0
1742781297.0466738,1.0
1742781297.0656846,1.0
1742781297.0846145,1.0
1742781297.1035724,1.0
1742781297.1225708,1.0
1742781297.1416929,1.0
1742781297.1606858,1.0
1742781297.1797283,1.0
1742781297.1986878,1.0
1742781297.2176611,1.0
1742781297.237032,1.0
1742781297.2560606,1.0
1742781297.2750273,1.0
1742781297.2939804,1.0
1742781297.3129332,1.0
1742781297.3321052,1.0
1742781297.3510592,1.0
1742781297.3700206,1.0
1742781297.3889995,1.0
1742781297.407973,1.0
1742781297.4269867,1.0
1742781297.4461029,1.0
1742781297.4651017,1.0
1742781297.4840941,1.0
1742781297.5030699,1.0
1742781297.5239286,1.0
1742781297.5430686,1.0
1742781297.5627887,1.0
1742781297.581737,1.0
1742781297.6015856,1.0
1742781297.6205268,1.0
1742781297.6395898,1.0
1742781297.6585772,1.0
1742781297.6790328,1.0
1742781297.6980019,1.0
1742781297.716964,1.0
1742781297.7359364,1.0
1742781297.7551222,1.0
1742781297.7740662,1.0
1742781297.7930624,1.0
1742781297.8120172,1.0
1742781297.8309796,1.0
1742781297.8500485,1.0
1742781297.869015,1.0
1742781297.887956,1.0
1742781297.906955,1.0
1742781297.9259152,1.0
1742781297.944938,1.0
1742781297.963907,1.0
1742781297.982959,1.0
1742781298.0019064,1.0
1742781298.0208507,1.0
1742781298.039828,1.0
1742781298.0590322,1.0
1742781298.0779986,1.0
1742781298.0969782,1.0
1742781298.1159391,1.0
1742781298.134961,1.0
1742781298.1540432,1.0
1742781298.1730063,1.0
1742781298.19196,1.0
1742781298.210916,1.0
1742781298.2298884,1.0
1742781298.248928,1.0
1742781298.267901,1.0
1742781298.2869055,1.0
1742781298.3058915,1.0
1742781298.3248844,1.0
1742781298.3438587,1.0
1742781298.3631945,1.0
1742781298.382231,1.0
1742781298.401208,1.0
1742781298.420162,1.0
1742781298.4391363,1.0
1742781298.458212,1.0
1742781298.4773073,1.0
1742781298.4962363,1.0
1742781298.5181382,1.0
1742781298.5370634,1.0
1742781298.5568285,1.0
1742781298.575774,1.0
1742781298.596336,1.0
1742781298.6151567,1.0
1742781298.6343017,1.0
1742781298.6534228,1.0
1742781298.6744277,1.0
1742781298.6933837,1.0
1742781298.7123928,1.0
1742781298.731401,1.0
1742781298.750357,1.0
1742781298.7694108,1.0
1742781298.788427,1.0
1742781298.8073604,1.0
1742781298.8263912,1.0
1742781298.8453789,1.0
1742781298.868551,1.0
1742781298.8874006,1.0
1742781298.9062574,1.0
1742781298.9251194,1.0
1742781298.9439578,1.0
1742781298.9629648,1.0
1742781298.9819655,1.0
1742781299.0008843,1.0
1742781299.019845,1.0
1742781299.0387745,1.0
1742781299.0579312,1.0
1742781299.0767884,1.0
1742781299.095694,1.0
1742781299.1145713,1.0
1742781299.1334343,1.0
1742781299.1522965,1.0
1742781299.1713479,1.0
1742781299.1902585,1.0
1742781299.209151,1.0
1742781299.228368,1.0
1742781299.247472,1.0
1742781299.2666197,1.0
1742781299.2855911,1.0
1742781299.3045764,1.0
1742781299.3235848,1.0
1742781299.342932,1.0
1742781299.3621604,1.0
1742781299.3811493,1.0
1742781299.4001486,1.0
1742781299.419173,1.0
1742781299.4381962,1.0
1742781299.4571702,1.0
1742781299.4762893,1.0
1742781299.495264,1.0
1742781299.5166368,1.0
1742781299.5356576,1.0
1742781299.5557363,1.0
1742781299.5746837,1.0
1742781299.5942335,1.0
1742781299.613574,1.0
1742781299.6325545,1.0
1742781299.651584,1.0
1742781299.6722746,1.0
1742781299.6912656,1.0
1742781299.7102773,1.0
1742781299.72918,1.0
1742781299.7481048,1.0
1742781299.7673132,1.0
1742781299.786255,1.0
1742781299.8052115,1.0
1742781299.824267,1.0
1742781299.8433354,1.0
1742781299.8623173,1.0
1742781299.8814132,1.0
1742781299.9005225,1.0
1742781299.9195256,1.0
1742781299.9385161,1.0
1742781299.957466,1.0
1742781299.9766262,1.0
1742781299.9955955,1.0
1742781300.0145793,1.0
1742781300.0335045,1.0
1742781300.0524623,1.0
1742781300.0716739,1.0
1742781300.0906024,1.0
1742781300.109562,1.0
1742781300.1285098,1.0
1742781300.1474786,1.0
1742781300.1664367,1.0
1742781300.185571,1.0
1742781300.2045314,1.0
1742781300.2235267,1.0
1742781300.242494,1.0
1742781300.261431,1.0
1742781300.2806067,1.0
1742781300.299554,1.0
1742781300.3185308,1.0
1742781300.3374608,1.0
1742781300.3564491,1.0
1742781300.3756664,1.0
1742781300.394651,1.0
1742781300.4136004,1.0
1742781300.4325624,1.0
1742781300.451543,1.0
1742781300.470506,1.0
1742781300.489648,1.0
1742781300.509489,1.0
1742781300.5289218,1.0
1742781300.5479007,1.0
1742781300.567792,1.0
1742781300.5874462,1.0
1742781300.6073942,1.0
1742781300.6264112,1.0
1742781300.6454113,1.0
1742781300.665663,1.0
1742781300.687013,1.0
1742781300.708186,1.0
1742781300.727184,1.0
1742781300.7461526,1.0
1742781300.7651243,1.0
1742781300.7841895,1.0
1742781300.8031404,1.0
1742781300.8221297,1.0
1742781300.841119,1.0
1742781300.8600833,1.0
1742781300.8790524,1.0
1742781300.8982213,1.0
1742781300.9171917,1.0
1742781300.9361598,1.0
1742781300.9551363,1.0
1742781300.9741135,1.0
1742781300.9932246,1.0
1742781301.0121872,1.0
1742781301.0311673,1.0
1742781301.0501513,1.0
1742781301.0691257,1.0
1742781301.088338,1.0
1742781301.10726,1.0
1742781301.126251,1.0
1742781301.1452107,1.0
1742781301.1642652,1.0
1742781301.1832423,1.0
1742781301.2023787,1.0
1742781301.221364,1.0
1742781301.2406006,1.0
1742781301.2596114,1.0
1742781301.2786279,1.0
1742781301.2977357,1.0
1742781301.3166964,1.0
1742781301.3356917,1.0
1742781301.3546696,1.0
1742781301.3737128,1.0
1742781301.3928921,1.0
1742781301.4118319,1.0
1742781301.430829,1.0
1742781301.4497995,1.0
1742781301.468771,1.0
1742781301.487751,1.0
1742781301.5080512,1.0
1742781301.5277407,1.0
1742781301.5466537,1.0
1742781301.5660489,1.0
1742781301.5853126,1.0
1742781301.6047695,1.0
1742781301.6237073,1.0
1742781301.642675,1.0
1742781301.662702,1.0
1742781301.6818385,1.0
1742781301.7007914,1.0
1742781301.7196805,1.0
1742781301.7386067,1.0
1742781301.7574701,1.0
1742781301.7763987,1.0
1742781301.7953272,1.0
1742781301.8144338,1.0
1742781301.833374,1.0
1742781301.8523636,1.0
1742781301.8719075,1.0
1742781301.8909106,1.0
1742781301.9100366,1.0
1742781301.9289951,1.0
1742781301.9479918,1.0
1742781301.967014,1.0
1742781301.9860055,1.0
1742781302.0050385,1.0
1742781302.0240169,1.0
1742781302.043024,1.0
1742781302.0620146,1.0
1742781302.0809872,1.0
1742781302.09997,1.0
1742781302.1192687,1.0
1742781302.138247,1.0
1742781302.1572707,1.0
1742781302.1762848,1.0
1742781302.195306,1.0
1742781302.2143676,1.0
1742781302.2333555,1.0
1742781302.252367,1.0
1742781302.271347,1.0
1742781302.2902963,1.0
1742781302.3093042,1.0
1742781302.3282745,1.0
1742781302.3472273,1.0
1742781302.3662155,1.0
1742781302.385189,1.0
1742781302.4041593,1.0
1742781302.4235065,1.0
1742781302.442504,1.0
1742781302.4614918,1.0
1742781302.480468,1.0
1742781302.499439,1.0
1742781302.5209136,1.0
1742781302.5399227,1.0
1742781302.559888,1.0
1742781302.5788882,1.0
1742781302.5984106,1.0
1742781302.6173787,1.0
1742781302.6371489,1.0
1742781302.6561983,1.0
1742781302.6768496,1.0
1742781302.6957803,1.0
1742781302.7148006,1.0
1742781302.7336807,1.0
1742781302.752678,1.0
1742781302.7716851,1.0
1742781302.7906718,1.0
1742781302.8096719,1.0
1742781302.8289437,1.0
1742781302.8479905,1.0
1742781302.8669937,1.0
1742781302.8859982,1.0
1742781302.911089,1.0
1742781302.9303355,1.0
1742781302.9492922,1.0
1742781302.9682884,1.0
1742781302.9872744,1.0
1742781303.0062637,1.0
1742781303.0253487,1.0
1742781303.044338,1.0
1742781303.06331,1.0
1742781303.0822756,1.0
1742781303.1012456,1.0
1742781303.1203065,1.0
1742781303.1392467,1.0
1742781303.1582167,1.0
1742781303.1772344,1.0
1742781303.1962621,1.0
1742781303.2152286,1.0
1742781303.234632,1.0
1742781303.2535868,1.0
1742781303.2725728,1.0
1742781303.2915497,1.0
1742781303.3105128,1.0
1742781303.3296297,1.0
1742781303.3486128,1.0
1742781303.3676012,1.0
1742781303.3866081,1.0
1742781303.4055824,1.0
1742781303.4246218,1.0
1742781303.443641,1.0
1742781303.4626212,1.0
1742781303.481603,1.0
1742781303.5006094,1.0
1742781303.5218492,1.0
1742781303.540948,1.0
1742781303.5610948,1.0
1742781303.5800924,1.0
1742781303.5997086,1.0
1742781303.618703,1.0
1742781303.6378727,1.0
1742781303.656834,1.0
1742781303.6774092,1.0
1742781303.6964235,1.0
1742781303.71539,1.0
1742781303.7345383,1.0
1742781303.7535017,1.0
1742781303.7724926,1.0
1742781303.7914896,1.0
1742781303.810482,1.0
1742781303.8296852,1.0
1742781303.8486402,1.0
1742781303.8676217,1.0
1742781303.8866067,1.0
1742781303.9056623,1.0
1742781303.9246519,1.0
1742781303.9437983,1.0
1742781303.9627895,1.0
1742781303.9817584,1.0
1742781304.0007503,1.0
1742781304.019736,1.0
1742781304.038882,1.0
1742781304.0578568,1.0
1742781304.0768287,1.0
1742781304.0957842,1.0
1742781304.1147661,1.0
1742781304.1340268,1.0
1742781304.1529732,1.0
1742781304.1719935,1.0
1742781304.190989,1.0
1742781304.2099662,1.0
1742781304.2289557,1.0
1742781304.2481036,1.0
1742781304.267117,1.0
1742781304.2861016,1.0
1742781304.3050632,1.0
1742781304.3240607,1.0
1742781304.3432417,1.0
1742781304.3622594,1.0
1742781304.3812277,1.0
1742781304.4001992,1.0
1742781304.419226,1.0
1742781304.4384534,1.0
1742781304.4574287,1.0
1742781304.4764318,1.0
1742781304.495405,1.0
1742781304.5169907,1.0
1742781304.5359616,1.0
1742781304.5560153,1.0
1742781304.5750382,1.0
1742781304.594592,1.0
1742781304.6135383,1.0
1742781304.6325006,1.0
1742781304.6519153,1.0
1742781304.672621,1.0
1742781304.6915822,1.0
1742781304.710585,1.0
1742781304.729566,1.0
1742781304.7487266,1.0
1742781304.76776,1.0
1742781304.7867339,1.0
1742781304.8057594,1.0
1742781304.824713,1.0
1742781304.843895,1.0
1742781304.8628807,1.0
1742781304.8818617,1.0
1742781304.9008358,1.0
1742781304.919834,1.0
1742781304.9388433,1.0
1742781304.9579535,1.0
1742781304.976927,1.0
1742781304.9959147,1.0
1742781305.014936,1.0
1742781305.0339212,1.0
1742781305.0530815,1.0
1742781305.0720732,1.0
1742781305.091034,1.0
1742781305.1100185,1.0
1742781305.1289942,1.0
1742781305.148228,1.0
1742781305.1672356,1.0
1742781305.1861918,1.0
1742781305.2052507,1.0
1742781305.2242312,1.0
1742781305.2432709,1.0
1742781305.262402,1.0
1742781305.2813687,1.0
1742781305.3003843,1.0
1742781305.3193645,1.0
1742781305.3383434,1.0
1742781305.3574998,1.0
1742781305.3764932,1.0
1742781305.3955028,1.0
1742781305.414498,1.0
1742781305.433451,1.0
1742781305.4526713,1.0
1742781305.4716382,1.0
1742781305.4906394,1.0
1742781305.511786,1.0
1742781305.5305703,1.0
1742781305.5498042,1.0
1742781305.5691383,1.0
1742781305.5882308,1.0
1742781305.6075182,1.0
1742781305.6265147,1.0
1742781305.6454935,1.0
1742781305.6656282,1.0
1742781305.684838,1.0
1742781305.703772,1.0
1742781305.7226965,1.0
1742781305.7416048,1.0
1742781305.7608101,1.0
1742781305.7811387,1.0
1742781305.8003852,1.0
1742781305.8193214,1.0
1742781305.838316,1.0
1742781305.857286,1.0
1742781305.8764303,1.0
1742781305.8954225,1.0
1742781305.91439,1.0
1742781305.9333527,1.0
1742781305.9523866,1.0
1742781305.971432,1.0
1742781305.9903839,1.0
1742781306.0093622,1.0
1742781306.028283,1.0
1742781306.0472076,1.0
1742781306.0661547,1.0
1742781306.0850492,1.0
1742781306.103972,1.0
1742781306.1229029,1.0
1742781306.1418197,1.0
1742781306.1607916,1.0
1742781306.1801522,1.0
1742781306.1991124,1.0
1742781306.2180872,1.0
1742781306.236984,1.0
1742781306.255911,1.0
1742781306.2750187,1.0
1742781306.2939608,1.0
1742781306.3128452,1.0
1742781306.3317623,1.0
1742781306.3507059,1.0
1742781306.3697605,1.0
1742781306.388666,1.0
1742781306.4076548,1.0
1742781306.4265594,1.0
1742781306.4454594,1.0
1742781306.4644208,1.0
1742781306.4834695,1.0
1742781306.5023775,1.0
1742781306.523366,1.0
1742781306.5423481,1.0
1742781306.5619915,1.0
1742781306.5810306,1.0
1742781306.6008365,1.0
1742781306.619708,1.0
1742781306.6387293,1.0
1742781306.6581316,1.0
1742781306.6788828,1.0
1742781306.6979046,1.0
1742781306.7168586,1.0
1742781306.7358425,1.0
1742781306.7548287,1.0
1742781306.7741325,1.0
1742781306.7930853,1.0
1742781306.812012,1.0
1742781306.8309314,1.0
1742781306.8498504,1.0
1742781306.8687797,1.0
1742781306.8878758,1.0
1742781306.906824,1.0
1742781306.9257753,1.0
1742781306.944697,1.0
1742781306.9637835,1.0
1742781306.983243,1.0
1742781307.0021195,1.0
1742781307.021042,1.0
1742781307.0399296,1.0
1742781307.0588253,1.0
1742781307.0779622,1.0
1742781307.0968008,1.0
1742781307.1156821,1.0
1742781307.1345882,1.0
1742781307.153471,1.0
1742781307.1723542,1.0
1742781307.1914024,1.0
1742781307.2104077,1.0
1742781307.2292943,1.0
1742781307.2482212,1.0
1742781307.2671359,1.0
1742781307.286225,1.0
1742781307.3050673,1.0
1742781307.3239772,1.0
1742781307.3428805,1.0
1742781307.3618307,1.0
1742781307.380688,1.0
1742781307.3999634,1.0
1742781307.4187925,1.0
1742781307.4376247,1.0
1742781307.4564428,1.0
1742781307.475297,1.0
1742781307.4949293,1.0
1742781307.5172534,1.0
1742781307.536092,1.0
1742781307.5565202,1.0
1742781307.5752661,1.0
1742781307.5950203,1.0
1742781307.613828,1.0
1742781307.632635,1.0
1742781307.6514986,1.0
1742781307.6721375,1.0
1742781307.6911457,1.0
1742781307.7099717,1.0
1742781307.728778,1.0
1742781307.7476153,1.0
1742781307.766579,1.0
1742781307.7857661,1.0
1742781307.804542,1.0
1742781307.8234391,1.0
1742781307.842271,1.0
1742781307.861078,1.0
1742781307.8799102,1.0
1742781307.899035,1.0
1742781307.9178736,1.0
1742781307.9366922,1.0
1742781307.9555082,1.0
1742781307.9743466,1.0
1742781307.9934754,1.0
1742781308.012389,1.0
1742781308.031211,1.0
1742781308.0663831,1.0
1742781308.085122,1.0
1742781308.1041276,1.0
1742781308.1229515,1.0
1742781308.1417973,1.0
1742781308.1606283,1.0
1742781308.179444,1.0
1742781308.1983905,1.0
1742781308.2173023,1.0
1742781308.2360976,1.0
1742781308.254944,1.0
1742781308.2737782,1.0
1742781308.2927563,1.0
1742781308.311536,1.0
1742781308.3303478,1.0
1742781308.349178,1.0
1742781308.3681338,1.0
1742781308.3869772,1.0
1742781308.4059713,1.0
1742781308.424847,1.0
1742781308.4436924,1.0
1742781308.4625125,1.0
1742781308.481348,1.0
1742781308.50045,1.0
1742781308.5216353,1.0
1742781308.540409,1.0
1742781308.5602562,1.0
1742781308.5790126,1.0
1742781308.5984216,1.0
1742781308.6172833,1.0
1742781308.6361048,1.0
1742781308.654903,1.0
1742781308.6756947,1.0
1742781308.694498,1.0
1742781308.7134385,1.0
1742781308.7322183,1.0
1742781308.7509727,1.0
1742781308.7697506,1.0
1742781308.7885034,1.0
1742781308.8074064,1.0
1742781308.8263273,1.0
1742781308.8450997,1.0
1742781308.8638937,1.0
1742781308.8826623,1.0
1742781308.9017675,1.0
1742781308.920503,1.0
1742781308.9392843,1.0
1742781308.9580646,1.0
1742781308.976817,1.0
1742781308.9955814,1.0
1742781309.0146036,1.0
1742781309.0333512,1.0
1742781309.0521104,1.0
1742781309.0708618,1.0
1742781309.0895834,1.0
1742781309.1083975,1.0
1742781309.127148,1.0
1742781309.1459415,1.0
1742781309.16473,1.0
1742781309.1834853,1.0
1742781309.202264,1.0
1742781309.2212634,1.0
1742781309.2402012,1.0
1742781309.2589483,1.0
1742781309.2777116,1.0
1742781309.2964785,1.0
1742781309.315388,1.0
1742781309.3341944,1.0
1742781309.3529665,1.0
1742781309.3717616,1.0
1742781309.3905253,1.0
1742781309.4094732,1.0
1742781309.4283092,1.0
1742781309.4470623,1.0
1742781309.46587,1.0
1742781309.4846392,1.0
1742781309.5034053,1.0
1742781309.5236647,1.0
1742781309.5424707,1.0
1742781309.5621686,1.0
1742781309.5808985,1.0
1742781309.6003847,1.0
1742781309.619332,1.0
1742781309.6381347,1.0
1742781309.6569014,1.0
1742781309.6771102,1.0
1742781309.6959045,1.0
1742781309.7149,1.0
1742781309.7336483,1.0
1742781309.7524264,1.0
1742781309.7711992,1.0
1742781309.7899854,1.0
1742781309.808755,1.0
1742781309.8277478,1.0
1742781309.8465164,1.0
1742781309.865266,1.0
1742781309.8840423,1.0
1742781309.9028244,1.0
1742781309.921695,1.0
1742781309.9404626,1.0
1742781309.959246,1.0
1742781309.9780312,1.0
1742781309.996803,1.0
1742781310.015652,1.0
1742781310.0345063,1.0
1742781310.0532515,1.0
1742781310.0720065,1.0
1742781310.0908148,1.0
1742781310.109569,1.0
1742781310.1284595,1.0
1742781310.1472163,1.0
1742781310.1659973,1.0
1742781310.1848054,1.0
1742781310.2035878,1.0
1742781310.2225244,1.0
1742781310.2412686,1.0
1742781310.2600389,1.0
1742781310.27881,1.0
1742781310.2976205,1.0
1742781310.3163745,1.0
1742781310.335282,1.0
1742781310.3540642,1.0
1742781310.37286,1.0
1742781310.391632,1.0
1742781310.4104192,1.0
1742781310.4292865,1.0
1742781310.448068,1.0
1742781310.466844,1.0
1742781310.4856358,1.0
1742781310.504784,1.0
1742781310.5252213,1.0
1742781310.543992,1.0
1742781310.5633948,1.0
1742781310.5822215,1.0
1742781310.6014283,1.0
1742781310.6202512,1.0
1742781310.6393633,1.0
1742781310.658212,1.0
1742781310.6783402,1.0
1742781310.6976056,1.0
1742781310.7163982,1.0
1742781310.7353663,1.0
1742781310.754163,1.0
1742781310.772945,1.0
1742781310.791727,1.0
1742781310.8104708,1.0
1742781310.8292859,1.0
1742781310.8527517,1.0
1742781310.871574,1.0
1742781310.890416,1.0
1742781310.9093068,1.0
1742781310.9281397,1.0
1742781310.947101,1.0
1742781310.9659522,1.0
1742781310.9848382,1.0
1742781311.0036454,1.0
1742781311.0225067,1.0
1742781311.0415406,1.0
1742781311.0603335,1.0
1742781311.0791323,1.0
1742781311.0979676,1.0
1742781311.1167548,1.0
1742781311.1355982,1.0
1742781311.154627,1.0
1742781311.173391,1.0
1742781311.192173,1.0
1742781311.2111833,1.0
1742781311.2300193,1.0
1742781311.2489164,1.0
1742781311.2677422,1.0
1742781311.2865376,1.0
1742781311.305329,1.0
1742781311.3241334,1.0
1742781311.3429353,1.0
1742781311.361727,1.0
1742781311.3805118,1.0
1742781311.3993454,1.0
1742781311.4182618,1.0
1742781311.4370391,1.0
1742781311.4559555,1.0
1742781311.4747794,1.0
1742781311.4935594,1.0
1742781311.5141854,1.0
1742781311.5329144,1.0
1742781311.55215,1.0
1742781311.5714133,1.0
1742781311.5903594,1.0
1742781311.6094868,1.0
1742781311.628437,1.0
1742781311.6473243,1.0
1742781311.6675923,1.0
1742781311.6863854,1.0
1742781311.705168,1.0
1742781311.7239754,1.0
1742781311.7427874,1.0
1742781311.7617798,1.0
1742781311.78061,1.0
1742781311.7994127,1.0
1742781311.8182828,1.0
1742781311.837095,1.0
1742781311.8559952,1.0
1742781311.874793,1.0
1742781311.8936484,1.0
1742781311.912434,1.0
1742781311.931255,1.0
1742781311.9502234,1.0
1742781311.968998,1.0
1742781311.9877882,1.0
1742781312.0066462,1.0
1742781312.0254788,1.0
1742781312.0442703,1.0
1742781312.063197,1.0
1742781312.0820324,1.0
1742781312.101515,1.0
1742781312.1203122,1.0
1742781312.1392183,1.0
1742781312.1582313,1.0
1742781312.1769922,1.0
1742781312.1958086,1.0
1742781312.2146804,1.0
1742781312.2334816,1.0
1742781312.2522624,1.0
1742781312.2710557,1.0
1742781312.2898932,1.0
1742781312.3086703,1.0
1742781312.3274693,1.0
1742781312.346301,1.0
1742781312.3651865,1.0
1742781312.3840137,1.0
1742781312.4028482,1.0
1742781312.4217432,1.0
1742781312.4405277,1.0
1742781312.459384,1.0
1742781312.4781687,1.0
1742781312.4969637,1.0
1742781312.5177908,1.0
1742781312.5365794,1.0
1742781312.556329,1.0
1742781312.5750463,1.0
1742781312.5942228,1.0
1742781312.6130457,1.0
1742781312.631945,1.0
1742781312.6507485,1.0
1742781312.6711004,1.0
1742781312.6898708,1.0
1742781312.7092354,1.0
1742781312.7280746,1.0
1742781312.7468734,1.0
1742781312.7659833,1.0
1742781312.7847626,1.0
1742781312.8035896,1.0
1742781312.8224807,1.0
1742781312.8412645,1.0
1742781312.8600726,1.0
1742781312.8788724,1.0
1742781312.903717,1.0
1742781312.9548607,1.0
1742781312.9738047,1.0
1742781312.9926572,1.0
1742781313.011518,1.0
1742781313.0304255,1.0
1742781313.0492768,1.0
1742781313.0682254,1.0
1742781313.0870948,1.0
1742781313.1059844,1.0
1742781313.1248236,1.0
1742781313.1436973,1.0
1742781313.1625829,1.0
1742781313.181599,1.0
1742781313.2004812,1.0
1742781313.2195156,1.0
1742781313.2384315,1.0
1742781313.2573314,1.0
1742781313.276344,1.0
1742781313.295291,1.0
1742781313.314209,1.0
1742781313.3331273,1.0
1742781313.3520567,1.0
1742781313.3710582,1.0
1742781313.3899364,1.0
1742781313.4088554,1.0
1742781313.4278102,1.0
1742781313.4467218,1.0
1742781313.46566,1.0
1742781313.4847226,1.0
1742781313.5036519,1.0
1742781313.5249386,1.0
1742781313.5438468,1.0
1742781313.563594,1.0
1742781313.5825498,1.0
1742781313.601867,1.0
1742781313.6208491,1.0
1742781313.6397424,1.0
1742781313.6586502,1.0
1742781313.6790018,1.0
1742781313.697873,1.0
1742781313.7167525,1.0
1742781313.7356622,1.0
1742781313.7545907,1.0
1742781313.7734873,1.0
1742781313.7924688,1.0
1742781313.8113923,1.0
1742781313.8303134,1.0
1742781313.8492076,1.0
1742781313.8681128,1.0
1742781313.8872573,1.0
1742781313.9062533,1.0
1742781313.9251473,1.0
1742781313.9440627,1.0
1742781313.9629338,1.0
1742781313.9819467,1.0
1742781314.0008023,1.0
1742781314.0197942,1.0
1742781314.0386775,1.0
1742781314.057552,1.0
1742781314.0764008,1.0
1742781314.095446,1.0
1742781314.1143534,1.0
1742781314.1332204,1.0
1742781314.15209,1.0
1742781314.1710196,1.0
1742781314.1900187,1.0
1742781314.208939,1.0
1742781314.2279155,1.0
1742781314.2468112,1.0
1742781314.265736,1.0
1742781314.2849352,1.0
1742781314.3038409,1.0
1742781314.3227303,1.0
1742781314.3415933,1.0
1742781314.3604746,1.0
1742781314.3793523,1.0
1742781314.3984177,1.0
1742781314.4174154,1.0
1742781314.4362724,1.0
1742781314.4551554,1.0
1742781314.4740627,1.0
1742781314.4931936,1.0
1742781314.5148494,1.0
1742781314.533634,1.0
1742781314.5541704,1.0
1742781314.5728877,1.0
1742781314.5925953,1.0
1742781314.6114485,1.0
1742781314.6303506,1.0
1742781314.6492379,1.0
1742781314.669454,1.0
1742781314.6883223,1.0
1742781314.7073073,1.0
1742781314.7264984,1.0
1742781314.7453356,1.0
1742781314.7642019,1.0
1742781314.7830606,1.0
1742781314.8020508,1.0
1742781314.8210618,1.0
1742781314.8399014,1.0
1742781314.8588314,1.0
1742781314.8777204,1.0
1742781314.8967242,1.0
1742781314.9157066,1.0
1742781314.9346366,1.0
1742781314.9534693,1.0
1742781314.9723053,1.0
1742781314.9912572,1.0
1742781315.0105047,1.0
1742781315.0294473,1.0
1742781315.048394,1.0
1742781315.0673141,1.0
1742781315.0862377,1.0
1742781315.1052673,1.0
1742781315.1241908,1.0
1742781315.1431086,1.0
1742781315.1620424,1.0
1742781315.1809428,1.0
1742781315.1999593,1.0
1742781315.218974,1.0
1742781315.237874,1.0
1742781315.256823,1.0
1742781315.2757561,1.0
1742781315.2947147,1.0
1742781315.313764,1.0
1742781315.3326678,1.0
1742781315.3516004,1.0
1742781315.370513,1.0
1742781315.3894656,1.0
1742781315.4085314,1.0
1742781315.4275079,1.0
1742781315.4464102,1.0
1742781315.4653049,1.0
1742781315.4842572,1.0
1742781315.5034587,1.0
1742781315.524933,1.0
1742781315.543822,1.0
1742781315.5636106,1.0
1742781315.5825033,1.0
1742781315.601706,1.0
1742781315.6207376,1.0
1742781315.6396272,1.0
1742781315.6585627,1.0
1742781315.678905,1.0
1742781315.6977682,1.0
1742781315.716856,1.0
1742781315.7357726,1.0
1742781315.7546954,1.0
1742781315.7736046,1.0
1742781315.7924764,1.0
1742781315.811502,1.0
1742781315.8304315,1.0
1742781315.8493273,1.0
1742781315.868269,1.0
1742781315.8871684,1.0
1742781315.9061463,1.0
1742781315.9279563,1.0
1742781315.9468758,1.0
1742781315.9658446,1.0
1742781315.984715,1.0
1742781316.0036526,1.0
1742781316.0229232,1.0
1742781316.0418422,1.0
1742781316.0607355,1.0
1742781316.07966,1.0
1742781316.0985725,1.0
1742781316.1178029,1.0
1742781316.1366796,1.0
1742781316.1557345,1.0
1742781316.1746576,1.0
1742781316.193592,1.0
1742781316.2125008,1.0
1742781316.2317393,1.0
1742781316.250674,1.0
1742781316.2696478,1.0
1742781316.2885695,1.0
1742781316.3075008,1.0
1742781316.3266764,1.0
1742781316.3455732,1.0
1742781316.3645222,1.0
1742781316.3834395,1.0
1742781316.4023519,1.0
1742781316.4215744,1.0
1742781316.4404404,1.0
1742781316.4594336,1.0
1742781316.4783525,1.0
1742781316.4972541,1.0
1742781316.519198,1.0
1742781316.538103,1.0
1742781316.5579407,1.0
1742781316.5768914,1.0
1742781316.5962112,1.0
1742781316.615075,1.0
1742781316.6341934,1.0
1742781316.6531932,1.0
1742781316.6737843,1.0
1742781316.6927183,1.0
1742781316.7117577,1.0
1742781316.7309775,1.0
1742781316.750563,1.0
1742781316.769542,1.0
1742781316.7884877,1.0
1742781316.8074555,1.0
1742781316.8266823,1.0
1742781316.8456645,1.0
1742781316.8645992,1.0
1742781316.883573,1.0
1742781316.9025505,1.0
1742781316.921832,1.0
1742781316.940771,1.0
1742781316.95973,1.0
1742781316.9787152,1.0
1742781316.9976945,1.0
1742781317.0166433,1.0
1742781317.0357766,1.0
1742781317.0547714,1.0
1742781317.0737646,1.0
1742781317.092695,1.0
1742781317.1116638,1.0
1742781317.1307974,1.0
1742781317.1497502,1.0
1742781317.168618,1.0
1742781317.1875315,1.0
1742781317.2064476,1.0
1742781317.2262847,1.0
1742781317.245158,1.0
1742781317.2644494,1.0
1742781317.2833736,1.0
1742781317.3022773,1.0
1742781317.3211732,1.0
1742781317.3402438,1.0
1742781317.3591468,1.0
1742781317.3780534,1.0
1742781317.3969624,1.0
1742781317.415879,1.0
1742781317.4350507,1.0
1742781317.4539967,1.0
1742781317.4729009,1.0
1742781317.4918277,1.0
1742781317.5133443,1.0
1742781317.5323203,1.0
1742781317.551737,1.0
1742781317.5708907,1.0
1742781317.5901544,1.0
1742781317.6090662,1.0
1742781317.628046,1.0
1742781317.6472616,1.0
1742781317.6677527,1.0
1742781317.686652,1.0
1742781317.7055807,1.0
1742781317.7245438,1.0
1742781317.7438028,1.0
1742781317.7627528,1.0
1742781317.7816527,1.0
1742781317.800576,1.0
1742781317.8194792,1.0
1742781317.8384607,1.0
1742781317.8573225,1.0
1742781317.876266,1.0
1742781317.8952632,1.0
1742781317.9141755,1.0
1742781317.9330974,1.0
1742781317.952168,1.0
1742781317.9710455,1.0
1742781317.9899657,1.0
1742781318.0088418,1.0
1742781318.0278544,1.0
1742781318.0468764,1.0
1742781318.0658288,1.0
1742781318.0847483,1.0
1742781318.1036494,1.0
1742781318.1225836,1.0
1742781318.1415455,1.0
1742781318.1604593,1.0
1742781318.1793935,1.0
1742781318.1982687,1.0
1742781318.217181,1.0
1742781318.2361093,1.0
1742781318.2551334,1.0
1742781318.274047,1.0
1742781318.2929382,1.0
1742781318.3118439,1.0
1742781318.3307679,1.0
1742781318.3497875,1.0
1742781318.368694,1.0
1742781318.387628,1.0
1742781318.4065948,1.0
1742781318.4254818,1.0
1742781318.4446979,1.0
1742781318.463602,1.0
1742781318.4825644,1.0
1742781318.501475,1.0
1742781318.5229657,1.0
1742781318.5419116,1.0
1742781318.5619183,1.0
1742781318.5807881,1.0
1742781318.6001518,1.0
1742781318.6190407,1.0
1742781318.6380725,1.0
1742781318.657294,1.0
1742781318.6777067,1.0
1742781318.6965458,1.0
1742781318.7153983,1.0
1742781318.734296,1.0
1742781318.7536855,1.0
1742781318.7725906,1.0
1742781318.7914946,1.0
1742781318.8104568,1.0
1742781318.829444,1.0
1742781318.8487055,1.0
1742781318.8676767,1.0
1742781318.8866632,1.0
1742781318.9057412,1.0
1742781318.9247296,1.0
1742781318.943688,1.0
1742781318.9627995,1.0
1742781318.9818184,1.0
1742781319.0008,1.0
1742781319.0198257,1.0
1742781319.0388732,1.0
1742781319.058002,1.0
1742781319.0769043,1.0
1742781319.0958798,1.0
1742781319.114839,1.0
1742781319.1338139,1.0
1742781319.1530275,1.0
1742781319.1719666,1.0
1742781319.1908717,1.0
1742781319.2098238,1.0
1742781319.2289667,1.0
1742781319.2479024,1.0
1742781319.2671804,1.0
1742781319.2861161,1.0
1742781319.3050115,1.0
1742781319.3239458,1.0
1742781319.3428771,1.0
1742781319.3619726,1.0
1742781319.380862,1.0
1742781319.3997946,1.0
1742781319.418717,1.0
1742781319.437652,1.0
1742781319.4568908,1.0
1742781319.475788,1.0
1742781319.494769,1.0
1742781319.517159,1.0
1742781319.5360155,1.0
1742781319.5566454,1.0
1742781319.575582,1.0
1742781319.5951755,1.0
1742781319.6140518,1.0
1742781319.6330051,1.0
1742781319.6519122,1.0
1742781319.6722863,1.0
1742781319.6911473,1.0
1742781319.7100213,1.0
1742781319.7288513,1.0
1742781319.747774,1.0
1742781319.7669103,1.0
1742781319.785884,1.0
1742781319.8047678,1.0
1742781319.8237133,1.0
1742781319.842647,1.0
1742781319.861895,1.0
1742781319.8807974,1.0
1742781319.8998015,1.0
1742781319.9187448,1.0
1742781319.9376888,1.0
1742781319.9566028,1.0
1742781319.975703,1.0
1742781319.9946337,1.0
1742781320.0135424,1.0
1742781320.0324883,1.0
1742781320.0514033,1.0
1742781320.0705166,1.0
1742781320.089417,1.0
1742781320.108319,1.0
1742781320.1271994,1.0
1742781320.1461318,1.0
1742781320.1650448,1.0
1742781320.1839592,1.0
1742781320.2029212,1.0
1742781320.2218297,1.0
1742781320.2407362,1.0
1742781320.2596574,1.0
1742781320.278781,1.0
1742781320.2977204,1.0
1742781320.3166304,1.0
1742781320.3355315,1.0
1742781320.3544905,1.0
1742781320.373718,1.0
1742781320.3926606,1.0
1742781320.4115887,1.0
1742781320.430769,1.0
1742781320.4496682,1.0
1742781320.4688804,1.0
1742781320.487805,1.0
1742781320.5096853,1.0
1742781320.5284832,1.0
1742781320.5474403,1.0
1742781320.5671709,1.0
1742781320.5866442,1.0
1742781320.605946,1.0
1742781320.6248858,1.0
1742781320.643812,1.0
1742781320.663908,1.0
1742781320.683438,1.0
1742781320.7022874,1.0
1742781320.7211523,1.0
1742781320.7400017,1.0
1742781320.7588763,1.0
1742781320.7785456,1.0
1742781320.7973952,1.0
1742781320.8162441,1.0
1742781320.8351312,1.0
1742781320.8540127,1.0
1742781320.8728583,1.0
1742781320.8919153,1.0
1742781320.9107952,1.0
1742781320.9296374,1.0
1742781320.9484859,1.0
1742781320.9673426,1.0
1742781320.9879844,1.0
1742781321.0085998,1.0
1742781321.0275517,1.0
1742781321.0466838,1.0
1742781321.0655982,1.0
1742781321.0847044,1.0
1742781321.103619,1.0
1742781321.1225584,1.0
1742781321.1414692,1.0
1742781321.1605222,1.0
1742781321.179724,1.0
1742781321.1986392,1.0
1742781321.2175615,1.0
1742781321.2365353,1.0
1742781321.2555578,1.0
1742781321.274494,1.0
1742781321.2935371,1.0
1742781321.3124564,1.0
1742781321.3313596,1.0
1742781321.350348,1.0
1742781321.3692236,1.0
1742781321.3883522,1.0
1742781321.4072745,1.0
1742781321.4261618,1.0
1742781321.4450464,1.0
1742781321.463989,1.0
1742781321.4828954,1.0
1742781321.5017984,1.0
1742781321.5232117,1.0
1742781321.542091,1.0
1742781321.5619044,1.0
1742781321.580801,1.0
1742781321.6001468,1.0
1742781321.6190104,1.0
1742781321.6380954,1.0
1742781321.6569643,1.0
1742781321.6774752,1.0
1742781321.6965902,1.0
1742781321.7154517,1.0
1742781321.73438,1.0
1742781321.753291,1.0
1742781321.7721994,1.0
1742781321.791187,1.0
1742781321.8100748,1.0
1742781321.8289673,1.0
1742781321.8479166,1.0
1742781321.866795,1.0
1742781321.88574,1.0
1742781321.9047344,1.0
1742781321.9236553,1.0
1742781321.9425879,1.0
1742781321.9615161,1.0
1742781321.9804924,1.0
1742781321.9995465,1.0
1742781322.0184546,1.0
1742781322.037421,1.0
1742781322.0563052,1.0
1742781322.0752184,1.0
1742781322.0941823,1.0
1742781322.1130753,1.0
1742781322.1319509,1.0
1742781322.1508987,1.0
1742781322.169805,1.0
1742781322.1886952,1.0
1742781322.207726,1.0
1742781322.2266567,1.0
1742781322.245548,1.0
1742781322.2644634,1.0
1742781322.2833834,1.0
1742781322.302413,1.0
1742781322.3213308,1.0
1742781322.3408666,1.0
1742781322.3597498,1.0
1742781322.3786922,1.0
1742781322.3977966,1.0
1742781322.4166865,1.0
1742781322.435711,1.0
1742781322.4546309,1.0
1742781322.4735434,1.0
1742781322.492425,1.0
1742781322.5146506,1.0
1742781322.5335228,1.0
1742781322.553336,1.0
1742781322.5721385,1.0
1742781322.5918164,1.0
1742781322.6111393,1.0
1742781322.6300654,1.0
1742781322.6490119,1.0
1742781322.6698642,1.0
1742781322.6887467,1.0
1742781322.7078335,1.0
1742781322.7267482,1.0
1742781322.7457392,1.0
1742781322.7647212,1.0
1742781322.7842703,1.0
1742781322.8034246,1.0
1742781322.8224158,1.0
1742781322.8415256,1.0
1742781322.860489,1.0
1742781322.8794694,1.0
1742781322.9047039,1.0
1742781322.9398372,1.0
1742781322.9588504,1.0
1742781322.97777,1.0
1742781322.9966753,1.0
1742781323.0158343,1.0
1742781323.0348608,1.0
1742781323.0537608,1.0
1742781323.0726485,1.0
1742781323.0916064,1.0
1742781323.110796,1.0
1742781323.1463363,1.0
1742781323.165119,1.0
1742781323.1839068,1.0
1742781323.202673,1.0
1742781323.2215598,1.0
1742781323.2404583,1.0
1742781323.2593758,1.0
1742781323.2781582,1.0
1742781323.296976,1.0
1742781323.315841,1.0
1742781323.3347049,1.0
1742781323.3535132,1.0
1742781323.372315,1.0
1742781323.3911445,1.0
1742781323.4100392,1.0
1742781323.428808,1.0
1742781323.4477034,1.0
1742781323.4664938,1.0
1742781323.4853253,1.0
1742781323.5079894,1.0
1742781323.526678,1.0
1742781323.5472598,1.0
1742781323.5659707,1.0
1742781323.5862436,1.0
1742781323.604877,1.0
1742781323.6240761,1.0
1742781323.643186,1.0
1742781323.6641014,1.0
1742781323.68271,1.0
1742781323.7015505,1.0
1742781323.7205198,1.0
1742781323.7393546,1.0
1742781323.7582045,1.0
1742781323.7770832,1.0
1742781323.7959507,1.0
1742781323.815097,1.0
1742781323.834,1.0
1742781323.8528893,1.0
1742781323.871742,1.0
1742781323.8905993,1.0
1742781323.9094138,1.0
1742781323.928461,1.0
1742781323.947277,1.0
1742781323.9660757,1.0
1742781323.9848826,1.0
1742781324.003694,1.0
1742781324.022806,1.0
1742781324.0417533,1.0
1742781324.0605428,1.0
1742781324.0793366,1.0
1742781324.0983646,1.0
1742781324.117138,1.0
1742781324.1359253,1.0
1742781324.1547906,1.0
1742781324.1735892,1.0
1742781324.1923864,1.0
1742781324.211195,1.0
1742781324.2300656,1.0
1742781324.2489388,1.0
1742781324.2677484,1.0
1742781324.2865949,1.0
1742781324.3053591,1.0
1742781324.3242009,1.0
1742781324.3429623,1.0
1742781324.3617566,1.0
1742781324.3805425,1.0
1742781324.3993676,1.0
1742781324.4181604,1.0
1742781324.437136,1.0
1742781324.4559543,1.0
1742781324.4747794,1.0
1742781324.493564,1.0
1742781324.5148654,1.0
1742781324.5336637,1.0
1742781324.5531716,1.0
1742781324.57202,1.0
1742781324.5908792,1.0
1742781324.610096,1.0
1742781324.6289976,1.0
1742781324.6478589,1.0
1742781324.6681738,1.0
1742781324.6869063,1.0
1742781324.7056885,1.0
1742781324.7244275,1.0
1742781324.743491,1.0
1742781324.7622113,1.0
1742781324.780938,1.0
1742781324.799672,1.0
1742781324.8189297,1.0
1742781324.8378038,1.0
1742781324.8565364,1.0
1742781324.875288,1.0
1742781324.8942027,1.0
1742781324.912897,1.0
1742781324.9318168,1.0
1742781324.9505467,1.0
1742781324.9693017,1.0
1742781324.9880517,1.0
1742781325.0067804,1.0
1742781325.0255036,1.0
1742781325.0445812,1.0
1742781325.0633316,1.0
1742781325.0820913,1.0
1742781325.1008046,1.0
1742781325.1195683,1.0
1742781325.138334,1.0
1742781325.1570523,1.0
1742781325.1758072,1.0
1742781325.1945367,1.0
1742781325.213238,1.0
1742781325.2320032,1.0
1742781325.2510438,1.0
1742781325.2699113,1.0
1742781325.2886562,1.0
1742781325.3074038,1.0
1742781325.3261797,1.0
1742781325.3449776,1.0
1742781325.3637109,1.0
1742781325.3824563,1.0
1742781325.4011934,1.0
1742781325.4199564,1.0
1742781325.4389226,1.0
1742781325.457644,1.0
1742781325.4763715,1.0
1742781325.4951031,1.0
1742781325.517294,1.0
1742781325.5360885,1.0
1742781325.5566425,1.0
1742781325.5754178,1.0
1742781325.5951593,1.0
1742781325.6138968,1.0
1742781325.632709,1.0
1742781325.6518407,1.0
1742781325.6724586,1.0
1742781325.691286,1.0
1742781325.710082,1.0
1742781325.728918,1.0
1742781325.747852,1.0
1742781325.7666337,1.0
1742781325.7854376,1.0
1742781325.8042917,1.0
1742781325.8230345,1.0
1742781325.841914,1.0
1742781325.8607295,1.0
1742781325.8795068,1.0
1742781325.8983197,1.0
1742781325.9170654,1.0
1742781325.9358385,1.0
1742781325.9546413,1.0
1742781325.973377,1.0
1742781325.9921136,1.0
1742781326.0108645,1.0
1742781326.029571,1.0
1742781326.050515,1.0
1742781326.071666,1.0
1742781326.090414,1.0
1742781326.109146,1.0
1742781326.1278832,1.0
1742781326.1466386,1.0
1742781326.165605,1.0
1742781326.184336,1.0
1742781326.203077,1.0
1742781326.221805,1.0
1742781326.2405632,1.0
1742781326.2594,1.0
1742781326.278118,1.0
1742781326.2968833,1.0
1742781326.3156366,1.0
1742781326.3343682,1.0
1742781326.3532703,1.0
1742781326.3720174,1.0
1742781326.390756,1.0
1742781326.4095075,1.0
1742781326.4282725,1.0
1742781326.447144,1.0
1742781326.4660482,1.0
1742781326.48477,1.0
1742781326.5035746,1.0
1742781326.5240242,1.0
1742781326.5427885,1.0
1742781326.5626414,1.0
1742781326.5814264,1.0
1742781326.6009176,1.0
1742781326.6195953,1.0
1742781326.6384165,1.0
1742781326.6573687,1.0
1742781326.6775894,1.0
1742781326.6964223,1.0
1742781326.715241,1.0
1742781326.7340236,1.0
1742781326.7527404,1.0
1742781326.771637,1.0
1742781326.7905548,1.0
1742781326.8093572,1.0
1742781326.8284774,1.0
1742781326.847445,1.0
1742781326.8663628,1.0
1742781326.885134,1.0
1742781326.9040225,1.0
1742781326.9228694,1.0
1742781326.9416814,1.0
1742781326.9605691,1.0
1742781326.9793558,1.0
1742781326.9981432,1.0
1742781327.0169249,1.0
1742781327.0357463,1.0
1742781327.054636,1.0
1742781327.073642,1.0
1742781327.0924659,1.0
1742781327.1114516,1.0
1742781327.1302614,1.0
1742781327.1490617,1.0
1742781327.1678681,1.0
1742781327.1866496,1.0
1742781327.2054503,1.0
1742781327.2242615,1.0
1742781327.2432024,1.0
1742781327.262141,1.0
1742781327.2810292,1.0
1742781327.2998383,1.0
1742781327.3186855,1.0
1742781327.3374584,1.0
1742781327.3562734,1.0
1742781327.3751488,1.0
1742781327.393957,1.0
1742781327.4127667,1.0
1742781327.4315581,1.0
1742781327.4504611,1.0
1742781327.4701939,1.0
1742781327.488963,1.0
1742781327.5113027,1.0
1742781327.529941,1.0
1742781327.5505056,1.0
1742781327.5691605,1.0
1742781327.588913,1.0
1742781327.6075861,1.0
1742781327.6265242,1.0
1742781327.6454349,1.0
1742781327.6655962,1.0
1742781327.684361,1.0
1742781327.703156,1.0
1742781327.7219086,1.0
1742781327.7405972,1.0
1742781327.7593215,1.0
1742781327.7783444,1.0
1742781327.7970722,1.0
1742781327.8158183,1.0
1742781327.8345435,1.0
1742781327.8533561,1.0
1742781327.8720572,1.0
1742781327.8911061,1.0
1742781327.9098492,1.0
1742781327.9285715,1.0
1742781327.9472804,1.0
1742781327.966021,1.0
1742781327.9848065,1.0
1742781328.0035303,1.0
1742781328.0222943,1.0
1742781328.0409987,1.0
1742781328.0598512,1.0
1742781328.078706,1.0
1742781328.0974965,1.0
1742781328.116317,1.0
1742781328.1351137,1.0
1742781328.1539063,1.0
1742781328.17269,1.0
1742781328.1916203,1.0
1742781328.2104006,1.0
1742781328.2292113,1.0
1742781328.2481503,1.0
1742781328.2669606,1.0
1742781328.286009,1.0
1742781328.3047817,1.0
1742781328.3236346,1.0
1742781328.342412,1.0
1742781328.3612018,1.0
1742781328.3799827,1.0
1742781328.398805,1.0
1742781328.4175477,1.0
1742781328.436346,1.0
1742781328.4552722,1.0
1742781328.4740455,1.0
1742781328.492903,1.0
1742781328.5141528,1.0
1742781328.5328248,1.0
1742781328.552239,1.0
1742781328.5711324,1.0
1742781328.5902827,1.0
1742781328.60956,1.0
1742781328.628357,1.0
1742781328.647264,1.0
1742781328.667399,1.0
1742781328.686224,1.0
1742781328.7049544,1.0
1742781328.723717,1.0
1742781328.7424684,1.0
1742781328.7612126,1.0
1742781328.780002,1.0
1742781328.7989168,1.0
1742781328.8176324,1.0
1742781328.8369133,1.0
1742781328.8558438,1.0
1742781328.8746705,1.0
1742781328.8938396,1.0
1742781328.9126296,1.0
1742781328.9314523,1.0
1742781328.9502685,1.0
1742781328.9690757,1.0
1742781328.9878807,1.0
1742781329.0067432,1.0
1742781329.0256307,1.0
1742781329.044493,1.0
1742781329.0634267,1.0
1742781329.0823164,1.0
1742781329.1014717,1.0
1742781329.1203353,1.0
1742781329.1392663,1.0
1742781329.158193,1.0
1742781329.177079,1.0
1742781329.1959596,1.0
1742781329.2148466,1.0
1742781329.2337532,1.0
1742781329.2527096,1.0
1742781329.2716684,1.0
1742781329.2905447,1.0
1742781329.3093626,1.0
1742781329.3281982,1.0
1742781329.347053,1.0
1742781329.3658626,1.0
1742781329.384651,1.0
1742781329.4035647,1.0
1742781329.422344,1.0
1742781329.44115,1.0
1742781329.4600422,1.0
1742781329.4788322,1.0
1742781329.497692,1.0
1742781329.5182319,1.0
1742781329.5370207,1.0
1742781329.5568173,1.0
1742781329.575787,1.0
1742781329.595117,1.0
1742781329.6146202,1.0
1742781329.633436,1.0
1742781329.6523738,1.0
1742781329.6732411,1.0
1742781329.6920378,1.0
1742781329.7110696,1.0
1742781329.729899,1.0
1742781329.7486815,1.0
1742781329.7676501,1.0
1742781329.7864661,1.0
1742781329.8053136,1.0
1742781329.8241103,1.0
1742781329.8428986,1.0
1742781329.8618195,1.0
1742781329.8805914,1.0
1742781329.8995066,1.0
1742781329.9182923,1.0
1742781329.937069,1.0
1742781329.9558396,1.0
1742781329.9746392,1.0
1742781329.9934561,1.0
1742781330.0123322,1.0
1742781330.0311277,1.0
1742781330.0499942,1.0
1742781330.0687923,1.0
1742781330.0875823,1.0
1742781330.1064441,1.0
1742781330.1252167,1.0
1742781330.144037,1.0
1742781330.1628368,1.0
1742781330.181633,1.0
1742781330.2004163,1.0
1742781330.2193763,1.0
1742781330.2382433,1.0
1742781330.2570822,1.0
1742781330.2759101,1.0
1742781330.2946901,1.0
1742781330.3137786,1.0
1742781330.3325734,1.0
1742781330.351381,1.0
1742781330.3701904,1.0
1742781330.388973,1.0
1742781330.4078014,1.0
1742781330.4266884,1.0
1742781330.4454937,1.0
1742781330.464346,1.0
1742781330.483189,1.0
1742781330.5019972,1.0
1742781330.5225925,1.0
1742781330.5414147,1.0
1742781330.5612857,1.0
1742781330.580123,1.0
1742781330.5993297,1.0
1742781330.6181517,1.0
1742781330.6369214,1.0
1742781330.6558263,1.0
1742781330.6760793,1.0
1742781330.6950536,1.0
1742781330.7140284,1.0
1742781330.732852,1.0
1742781330.7516422,1.0
1742781330.7704263,1.0
1742781330.7892413,1.0
1742781330.8080537,1.0
1742781330.827012,1.0
1742781330.8465044,1.0
1742781330.8652964,1.0
1742781330.88409,1.0
1742781330.902989,1.0
1742781330.9220967,1.0
1742781330.9408479,1.0
1742781330.9596508,1.0
1742781330.9784763,1.0
1742781330.9972732,1.0
1742781331.0160933,1.0
1742781331.035051,1.0
1742781331.0539172,1.0
1742781331.0727332,1.0
1742781331.0915067,1.0
1742781331.1102986,1.0
1742781331.1334984,1.0
1742781331.1524494,1.0
1742781331.171385,1.0
1742781331.1901913,1.0
1742781331.2089546,1.0
1742781331.2277513,1.0
1742781331.2467234,1.0
1742781331.2659864,1.0
1742781331.2847536,1.0
1742781331.303907,1.0
1742781331.3227112,1.0
1742781331.3415122,1.0
1742781331.3602738,1.0
1742781331.379053,1.0
1742781331.3978379,1.0
1742781331.4166436,1.0
1742781331.4355006,1.0
1742781331.454358,1.0
1742781331.4731152,1.0
1742781331.4919243,1.0
1742781331.5127296,1.0
1742781331.5318427,1.0
1742781331.550604,1.0
1742781331.5700786,1.0
1742781331.588827,1.0
1742781331.608002,1.0
1742781331.6267447,1.0
1742781331.6456373,1.0
1742781331.6653984,1.0
1742781331.6845865,1.0
1742781331.7032826,1.0
1742781331.722012,1.0
1742781331.7407944,1.0
1742781331.7594945,1.0
1742781331.7783146,1.0
1742781331.7970405,1.0
1742781331.8158317,1.0
1742781331.8346076,1.0
1742781331.8534293,1.0
1742781331.8722,1.0
1742781331.8911498,1.0
1742781331.9099073,1.0
1742781331.9286182,1.0
1742781331.9475627,1.0
1742781331.9663043,1.0
1742781331.9850523,1.0
1742781332.0037692,1.0
1742781332.0225031,1.0
1742781332.0415316,1.0
1742781332.06034,1.0
1742781332.0790608,1.0
1742781332.0977895,1.0
1742781332.1165333,1.0
1742781332.1352727,1.0
1742781332.1541288,1.0
1742781332.172876,1.0
1742781332.1916327,1.0
1742781332.210478,1.0
1742781332.229229,1.0
1742781332.2481241,1.0
1742781332.2669435,1.0
1742781332.2857654,1.0
1742781332.3045156,1.0
1742781332.3233001,1.0
1742781332.3421326,1.0
1742781332.3609412,1.0
1742781332.3797126,1.0
1742781332.3985748,1.0
1742781332.4173615,1.0
1742781332.436141,1.0
1742781332.4552085,1.0
1742781332.4739556,1.0
1742781332.4927652,1.0
1742781332.5147233,1.0
1742781332.5335317,1.0
1742781332.553261,1.0
1742781332.5720012,1.0
1742781332.5923955,1.0
1742781332.6111834,1.0
1742781332.6300344,1.0
1742781332.6488855,1.0
1742781332.6692433,1.0
1742781332.6880195,1.0
1742781332.7068903,1.0
1742781332.7256932,1.0
1742781332.7445161,1.0
1742781332.7634509,1.0
1742781332.782275,1.0
1742781332.8010685,1.0
1742781332.8198776,1.0
1742781332.838698,1.0
1742781332.857705,1.0
1742781332.8772619,1.0
1742781332.896186,1.0
1742781332.9241252,1.0
1742781332.9429457,1.0
1742781332.9619951,1.0
1742781332.9808044,1.0
1742781332.999582,1.0
1742781333.0183868,1.0
1742781333.037163,1.0
1742781333.056077,1.0
1742781333.0748694,1.0
1742781333.093674,1.0
1742781333.1124947,1.0
1742781333.1312866,1.0
1742781333.1500733,1.0
1742781333.1689947,1.0
1742781333.187806,1.0
1742781333.2066247,1.0
1742781333.2254162,1.0
1742781333.2442324,1.0
1742781333.263129,1.0
1742781333.2822473,1.0
1742781333.300985,1.0
1742781333.3198159,1.0
1742781333.3386064,1.0
1742781333.3574584,1.0
1742781333.3762271,1.0
1742781333.3950393,1.0
1742781333.413854,1.0
1742781333.43264,1.0
1742781333.4514537,1.0
1742781333.470495,1.0
1742781333.489229,1.0
1742781333.5115652,1.0
1742781333.530197,1.0
1742781333.5496478,1.0
1742781333.5685165,1.0
1742781333.5874588,1.0
1742781333.6066127,1.0
1742781333.6254292,1.0
1742781333.6442728,1.0
1742781333.6643653,1.0
1742781333.6832225,1.0
1742781333.7020872,1.0
1742781333.7208815,1.0
1742781333.7397218,1.0
1742781333.7585046,1.0
1742781333.7776034,1.0
1742781333.7964513,1.0
1742781333.8152459,1.0
1742781333.8340454,1.0
1742781333.8528636,1.0
1742781333.8718164,1.0
1742781333.8907971,1.0
1742781333.9095852,1.0
1742781333.928414,1.0
1742781333.9472196,1.0
1742781333.9661531,1.0
1742781333.9849203,1.0
1742781334.0037355,1.0
1742781334.0225475,1.0
1742781334.0413485,1.0
1742781334.0601969,1.0
1742781334.0791497,1.0
1742781334.097915,1.0
1742781334.1167483,1.0
1742781334.1355293,1.0
1742781334.1543272,1.0
1742781334.173135,1.0
1742781334.1919568,1.0
1742781334.2107866,1.0
1742781334.2295809,1.0
1742781334.2484224,1.0
1742781334.267302,1.0
1742781334.2861884,1.0
1742781334.3049805,1.0
1742781334.323796,1.0
1742781334.34263,1.0
1742781334.3614087,1.0
1742781334.3803077,1.0
1742781334.3991013,1.0
1742781334.4179344,1.0
1742781334.4367096,1.0
1742781334.4555137,1.0
1742781334.4744112,1.0
1742781334.493227,1.0
1742781334.5144897,1.0
1742781334.5331986,1.0
1742781334.5527232,1.0
1742781334.5715237,1.0
1742781334.5904663,1.0
1742781334.609701,1.0
1742781334.6285272,1.0
1742781334.6473188,1.0
1742781334.6674888,1.0
1742781334.6865516,1.0
1742781334.705367,1.0
1742781334.724179,1.0
1742781334.74298,1.0
1742781334.7617917,1.0
1742781334.7805889,1.0
1742781334.7994165,1.0
1742781334.8182213,1.0
1742781334.837017,1.0
1742781334.855907,1.0
1742781334.874824,1.0
1742781334.8943443,1.0
1742781334.913235,1.0
1742781334.9322283,1.0
1742781334.9511137,1.0
1742781334.9699721,1.0
1742781334.9889443,1.0
1742781335.0078123,1.0
1742781335.0267088,1.0
1742781335.045565,1.0
1742781335.064513,1.0
1742781335.0834014,1.0
1742781335.1022756,1.0
1742781335.1212628,1.0
1742781335.1400964,1.0
1742781335.1589332,1.0
1742781335.1778047,1.0
1742781335.1967745,1.0
1742781335.2155545,1.0
1742781335.2344012,1.0
1742781335.2532089,1.0
1742781335.2721946,1.0
1742781335.2911572,1.0
1742781335.3099718,1.0
1742781335.3287814,1.0
1742781335.3475835,1.0
1742781335.3664072,1.0
1742781335.3851924,1.0
1742781335.404042,1.0
1742781335.422852,1.0
1742781335.4416623,1.0
1742781335.46057,1.0
1742781335.4794178,1.0
1742781335.4985726,1.0
1742781335.5205026,1.0
1742781335.539374,1.0
1742781335.559143,1.0
1742781335.5780573,1.0
1742781335.59806,1.0
1742781335.6169374,1.0
1742781335.63589,1.0
1742781335.6548326,1.0
1742781335.6754265,1.0
1742781335.6943662,1.0
1742781335.7133427,1.0
1742781335.732206,1.0
1742781335.7510965,1.0
1742781335.7699735,1.0
1742781335.7888584,1.0
1742781335.8077073,1.0
1742781335.82661,1.0
1742781335.8454704,1.0
1742781335.8643377,1.0
1742781335.8832397,1.0
1742781335.9022913,1.0
1742781335.921172,1.0
1742781335.9400144,1.0
1742781335.9588711,1.0
1742781335.9777465,1.0
1742781335.996628,1.0
1742781336.0154858,1.0
1742781336.0343482,1.0
1742781336.0531936,1.0
1742781336.0721338,1.0
1742781336.0910623,1.0
1742781336.1100461,1.0
1742781336.128883,1.0
1742781336.1477578,1.0
1742781336.1668084,1.0
1742781336.1856413,1.0
1742781336.208624,1.0
1742781336.2276902,1.0
1742781336.2466044,1.0
1742781336.265528,1.0
1742781336.2844574,1.0
1742781336.3033574,1.0
1742781336.3222451,1.0
1742781336.341161,1.0
1742781336.360119,1.0
1742781336.3790476,1.0
1742781336.3979778,1.0
1742781336.4169407,1.0
1742781336.4357946,1.0
1742781336.4546528,1.0
1742781336.4735434,1.0
1742781336.4923847,1.0
1742781336.512642,1.0
1742781336.532076,1.0
1742781336.551051,1.0
1742781336.5708506,1.0
1742781336.5899317,1.0
1742781336.6093087,1.0
1742781336.6282306,1.0
1742781336.6471741,1.0
1742781336.6677847,1.0
1742781336.6881607,1.0
1742781336.707113,1.0
1742781336.7259367,1.0
1742781336.7447855,1.0
1742781336.7636454,1.0
1742781336.7824764,1.0
1742781336.8013046,1.0
1742781336.8202767,1.0
1742781336.839125,1.0
1742781336.8579786,1.0
1742781336.8769708,1.0
1742781336.8959048,1.0
1742781336.9154582,1.0
1742781336.9343603,1.0
1742781336.9531775,1.0
1742781336.9720213,1.0
1742781336.990887,1.0
1742781337.0097,1.0
1742781337.0284832,1.0
1742781337.0472822,1.0
1742781337.066224,1.0
1742781337.0850062,1.0
1742781337.1038494,1.0
1742781337.12273,1.0
1742781337.1414936,1.0
1742781337.1603823,1.0
1742781337.1791646,1.0
1742781337.198004,1.0
1742781337.2168002,1.0
1742781337.2357628,1.0
1742781337.2546155,1.0
1742781337.2736428,1.0
1742781337.2924585,1.0
1742781337.3113012,1.0
1742781337.3302853,1.0
1742781337.349112,1.0
1742781337.3679764,1.0
1742781337.3868387,1.0
1742781337.405673,1.0
1742781337.4246078,1.0
1742781337.4434419,1.0
1742781337.4622915,1.0
1742781337.4811738,1.0
1742781337.5000236,1.0
1742781337.5210378,1.0
1742781337.5398667,1.0
1742781337.5595722,1.0
1742781337.5784223,1.0
1742781337.597741,1.0
1742781337.6164622,1.0
1742781337.6353087,1.0
1742781337.6541686,1.0
1742781337.6745915,1.0
1742781337.6934109,1.0
1742781337.712869,1.0
1742781337.7319424,1.0
1742781337.7507463,1.0
1742781337.769568,1.0
1742781337.788409,1.0
1742781337.8073013,1.0
1742781337.826165,1.0
1742781337.844976,1.0
1742781337.8638113,1.0
1742781337.8827093,1.0
1742781337.9016953,1.0
1742781337.9205413,1.0
1742781337.9393647,1.0
1742781337.9582324,1.0
1742781337.977017,1.0
1742781337.9957654,1.0
1742781338.01453,1.0
1742781338.0333593,1.0
1742781338.0521286,1.0
1742781338.0709977,1.0
1742781338.089733,1.0
1742781338.1084905,1.0
1742781338.1273394,1.0
1742781338.146037,1.0
1742781338.1647668,1.0
1742781338.1986108,1.0
1742781338.2173512,1.0
1742781338.2361858,1.0
1742781338.2549756,1.0
1742781338.2738926,1.0
1742781338.2926214,1.0
1742781338.3113456,1.0
1742781338.3302214,1.0
1742781338.3489344,1.0
1742781338.3676615,1.0
1742781338.3864074,1.0
1742781338.4051812,1.0
1742781338.4240074,1.0
1742781338.4466746,1.0
1742781338.465374,1.0
1742781338.4841037,1.0
1742781338.5028093,1.0
1742781338.5233595,1.0
1742781338.5421724,1.0
1742781338.5617537,1.0
1742781338.5804462,1.0
1742781338.5995045,1.0
1742781338.6181352,1.0
1742781338.6369505,1.0
1742781338.655634,1.0
1742781338.6762595,1.0
1742781338.6953344,1.0
1742781338.7140496,1.0
1742781338.73273,1.0
1742781338.7514355,1.0
1742781338.770137,1.0
1742781338.7888496,1.0
1742781338.8075519,1.0
1742781338.8262892,1.0
1742781338.8450732,1.0
1742781338.8637712,1.0
1742781338.8825583,1.0
1742781338.901437,1.0
1742781338.9204254,1.0
1742781338.9397297,1.0
1742781338.9584885,1.0
1742781338.9771714,1.0
1742781338.995912,1.0
1742781339.0146585,1.0
1742781339.0335178,1.0
1742781339.0523653,1.0
1742781339.071149,1.0
1742781339.0898683,1.0
1742781339.1085486,1.0
1742781339.127242,1.0
1742781339.1460197,1.0
1742781339.1647034,1.0
1742781339.1834347,1.0
1742781339.2022135,1.0
1742781339.2209392,1.0
1742781339.2396545,1.0
1742781339.2584295,1.0
1742781339.2772255,1.0
1742781339.2959144,1.0
1742781339.314662,1.0
1742781339.333357,1.0
1742781339.352148,1.0
1742781339.3708568,1.0
1742781339.3895473,1.0
1742781339.4082346,1.0
1742781339.4269197,1.0
1742781339.4459617,1.0
1742781339.4814758,1.0
1742781339.5003765,1.0
1742781339.5213578,1.0
1742781339.54026,1.0
1742781339.560082,1.0
1742781339.579011,1.0
1742781339.5981858,1.0
1742781339.6169603,1.0
1742781339.6359863,1.0
1742781339.654946,1.0
1742781339.675315,1.0
1742781339.6942294,1.0
1742781339.7131817,1.0
1742781339.7321393,1.0
1742781339.751138,1.0
1742781339.7700605,1.0
1742781339.7890887,1.0
1742781339.8080573,1.0
1742781339.8270285,1.0
1742781339.8459833,1.0
1742781339.864977,1.0
1742781339.8840973,1.0
1742781339.9031277,1.0
1742781339.9220865,1.0
1742781339.94103,1.0
1742781339.9600456,1.0
1742781339.979043,1.0
1742781339.9980245,1.0
1742781340.0169501,1.0
1742781340.035886,1.0
1742781340.0550065,1.0
1742781340.0740278,1.0
1742781340.0929735,1.0
1742781340.111917,1.0
1742781340.1308618,1.0
1742781340.1498036,1.0
1742781340.1687605,1.0
1742781340.1877198,1.0
1742781340.2066379,1.0
1742781340.2255695,1.0
1742781340.244492,1.0
1742781340.2635417,1.0
1742781340.282651,1.0
1742781340.3015769,1.0
1742781340.3205173,1.0
1742781340.3394926,1.0
1742781340.3586853,1.0
1742781340.3776767,1.0
1742781340.3965735,1.0
1742781340.415533,1.0
1742781340.4344616,1.0
1742781340.4534085,1.0
1742781340.4724042,1.0
1742781340.4913414,1.0
1742781340.5137768,1.0
1742781340.5326712,1.0
1742781340.552445,1.0
1742781340.5716765,1.0
1742781340.5908403,1.0
1742781340.6096773,1.0
1742781340.6285737,1.0
1742781340.647477,1.0
1742781340.6679206,1.0
1742781340.6868596,1.0
1742781340.7057693,1.0
1742781340.724679,1.0
1742781340.743615,1.0
1742781340.7626657,1.0
1742781340.7816,1.0
1742781340.800526,1.0
1742781340.8195143,1.0
1742781340.8384264,1.0
1742781340.857363,1.0
1742781340.8764174,1.0
1742781340.8953896,1.0
1742781340.9142947,1.0
1742781340.9336727,1.0
1742781340.9525502,1.0
1742781340.9714954,1.0
1742781340.9903946,1.0
1742781341.0092676,1.0
1742781341.0281973,1.0
1742781341.0471056,1.0
1742781341.0662735,1.0
1742781341.08524,1.0
1742781341.1041691,1.0
1742781341.123067,1.0
1742781341.1419957,1.0
1742781341.1611006,1.0
1742781341.1800253,1.0
1742781341.1989326,1.0
1742781341.2178447,1.0
1742781341.2367473,1.0
1742781341.2556772,1.0
1742781341.2759688,1.0
1742781341.2974064,1.0
1742781341.3163264,1.0
1742781341.3352292,1.0
1742781341.3541362,1.0
1742781341.3731253,1.0
1742781341.392017,1.0
1742781341.4109182,1.0
1742781341.4298286,1.0
1742781341.4487715,1.0
1742781341.4677596,1.0
1742781341.4867878,1.0
1742781341.506266,1.0
1742781341.5648522,1.0
1742781341.6292443,1.0
1742781341.6881733,1.0
1742781341.7530599,1.0
1742781341.7721283,1.0
1742781341.7910423,1.0
1742781341.8098724,1.0
1742781341.8287115,1.0
1742781341.8475528,1.0
1742781341.8663561,1.0
1742781341.8852658,1.0
1742781341.9041874,1.0
1742781341.92303,1.0
1742781341.94184,1.0
1742781341.960642,1.0
1742781341.9794827,1.0
1742781341.9983478,1.0
1742781342.0172637,1.0
1742781342.0361605,1.0
1742781342.0550544,1.0
1742781342.0740714,1.0
1742781342.092984,1.0
1742781342.1123376,1.0
1742781342.1311698,1.0
1742781342.1500487,1.0
1742781342.1688886,1.0
1742781342.1878114,1.0
1742781342.2066767,1.0
1742781342.225544,1.0
1742781342.2444093,1.0
1742781342.2632658,1.0
1742781342.2822368,1.0
1742781342.3011138,1.0
1742781342.3199666,1.0
1742781342.338842,1.0
1742781342.357685,1.0
1742781342.3766153,1.0
1742781342.3955736,1.0
1742781342.4144251,1.0
1742781342.4332633,1.0
1742781342.4521356,1.0
1742781342.471057,1.0
1742781342.4900198,1.0
1742781342.5103934,1.0
1742781342.5296361,1.0
1742781342.5485275,1.0
1742781342.5682955,1.0
1742781342.5873692,1.0
1742781342.6065524,1.0
1742781342.6254587,1.0
1742781342.6443727,1.0
1742781342.6643863,1.0
1742781342.68343,1.0
1742781342.7026117,1.0
1742781342.7215412,1.0
1742781342.740488,1.0
1742781342.7594202,1.0
1742781342.7783458,1.0
1742781342.797301,1.0
1742781342.8169394,1.0
1742781342.8358383,1.0
1742781342.8547664,1.0
1742781342.8737183,1.0
1742781342.8928382,1.0
1742781342.9169233,1.0
1742781342.9360127,1.0
1742781342.9552412,1.0
1742781342.9741712,1.0
1742781342.9931378,1.0
1742781343.0120952,1.0
1742781343.0310178,1.0
1742781343.0499678,1.0
1742781343.0689108,1.0
1742781343.0879736,1.0
1742781343.106955,1.0
1742781343.1259112,1.0
1742781343.144831,1.0
1742781343.1637642,1.0
1742781343.1827207,1.0
1742781343.201664,1.0
1742781343.220555,1.0
1742781343.239481,1.0
1742781343.258371,1.0
1742781343.277545,1.0
1742781343.2966611,1.0
1742781343.31557,1.0
1742781343.334504,1.0
1742781343.3534155,1.0
1742781343.3723261,1.0
1742781343.3912516,1.0
1742781343.410235,1.0
1742781343.4291866,1.0
1742781343.4481106,1.0
1742781343.4670715,1.0
1742781343.4861205,1.0
1742781343.5054917,1.0
1742781343.5261552,1.0
1742781343.545078,1.0
1742781343.5649323,1.0
1742781343.5838337,1.0
1742781343.6029763,1.0
1742781343.6219213,1.0
1742781343.640883,1.0
1742781343.6610985,1.0
1742781343.68004,1.0
1742781343.6989186,1.0
1742781343.7178385,1.0
1742781343.7367454,1.0
1742781343.755608,1.0
1742781343.7744849,1.0
1742781343.7933366,1.0
1742781343.8122153,1.0
1742781343.8310487,1.0
1742781343.84994,1.0
1742781343.868806,1.0
1742781343.8878074,1.0
1742781343.9067461,1.0
1742781343.9255629,1.0
1742781343.9446738,1.0
1742781343.9635437,1.0
1742781343.9824126,1.0
1742781344.001272,1.0
1742781344.0201726,1.0
1742781344.03902,1.0
1742781344.0578995,1.0
1742781344.0767417,1.0
1742781344.0956547,1.0
1742781344.1145933,1.0
1742781344.1334553,1.0
1742781344.1523097,1.0
1742781344.171142,1.0
1742781344.190057,1.0
1742781344.208946,1.0
1742781344.2278154,1.0
1742781344.2466912,1.0
1742781344.265566,1.0
1742781344.2845685,1.0
1742781344.3034687,1.0
1742781344.32244,1.0
1742781344.3413503,1.0
1742781344.3603246,1.0
1742781344.3792567,1.0
1742781344.3981814,1.0
1742781344.4173281,1.0
1742781344.4362748,1.0
1742781344.455225,1.0
1742781344.4741595,1.0
1742781344.4931855,1.0
1742781344.5144289,1.0
1742781344.5332065,1.0
1742781344.5527704,1.0
1742781344.5718203,1.0
1742781344.5907817,1.0
1742781344.610079,1.0
1742781344.629088,1.0
1742781344.6480753,1.0
1742781344.6684263,1.0
1742781344.6874466,1.0
1742781344.7063978,1.0
1742781344.7255654,1.0
1742781344.7445292,1.0
1742781344.763457,1.0
1742781344.7824044,1.0
1742781344.8013253,1.0
1742781344.8202546,1.0
1742781344.8391771,1.0
1742781344.8580902,1.0
1742781344.8771157,1.0
1742781344.8963273,1.0
1742781344.9152699,1.0
1742781344.9342346,1.0
1742781344.953165,1.0
1742781344.9724174,1.0
1742781344.9913924,1.0
1742781345.010301,1.0
1742781345.02956,1.0
1742781345.048513,1.0
1742781345.0674663,1.0
1742781345.0865047,1.0
1742781345.105396,1.0
1742781345.1246314,1.0
1742781345.1436012,1.0
1742781345.1625402,1.0
1742781345.181473,1.0
1742781345.2004137,1.0
1742781345.219348,1.0
1742781345.2382858,1.0
1742781345.2571998,1.0
1742781345.2761357,1.0
1742781345.2952402,1.0
1742781345.3141708,1.0
1742781345.3332193,1.0
1742781345.3521984,1.0
1742781345.3711038,1.0
1742781345.3900309,1.0
1742781345.408983,1.0
1742781345.4280524,1.0
1742781345.446964,1.0
1742781345.4659033,1.0
1742781345.4849288,1.0
1742781345.5043185,1.0
1742781345.524748,1.0
1742781345.543644,1.0
1742781345.5659592,1.0
1742781345.5848622,1.0
1742781345.6039639,1.0
1742781345.622898,1.0
1742781345.6418903,1.0
1742781345.6626124,1.0
1742781345.681464,1.0
1742781345.7003887,1.0
1742781345.7193725,1.0
1742781345.7384388,1.0
1742781345.7573864,1.0
1742781345.7763267,1.0
1742781345.7953053,1.0
1742781345.8142495,1.0
1742781345.8334188,1.0
1742781345.8524039,1.0
1742781345.8713155,1.0
1742781345.8903544,1.0
1742781345.9093213,1.0
1742781345.9285169,1.0
1742781345.947411,1.0
1742781345.9663653,1.0
1742781345.9852915,1.0
1742781346.0041902,1.0
1742781346.0231378,1.0
1742781346.042148,1.0
1742781346.0610425,1.0
1742781346.0799453,1.0
1742781346.098957,1.0
1742781346.1179087,1.0
1742781346.13694,1.0
1742781346.1561522,1.0
1742781346.1750672,1.0
1742781346.1939883,1.0
1742781346.212933,1.0
1742781346.2320886,1.0
1742781346.2510056,1.0
1742781346.269933,1.0
1742781346.2889533,1.0
1742781346.307899,1.0
1742781346.3268552,1.0
1742781346.348015,1.0
1742781346.3673966,1.0
1742781346.3863137,1.0
1742781346.4052713,1.0
1742781346.4242256,1.0
1742781346.4431882,1.0
1742781346.4621215,1.0
1742781346.481074,1.0
1742781346.5000858,1.0
1742781346.5212836,1.0
1742781346.5401685,1.0
1742781346.5599637,1.0
1742781346.5789368,1.0
1742781346.598286,1.0
1742781346.6170816,1.0
1742781346.6360557,1.0
1742781346.6550221,1.0
1742781346.6756968,1.0
1742781346.6947308,1.0
1742781346.7136357,1.0
1742781346.732469,1.0
1742781346.7515917,1.0
1742781346.77044,1.0
1742781346.7893136,1.0
1742781346.8081956,1.0
1742781346.8270984,1.0
1742781346.8459823,1.0
1742781346.8648205,1.0
1742781346.883815,1.0
1742781346.9027636,1.0
1742781346.9217474,1.0
1742781346.9406352,1.0
1742781346.9595187,1.0
1742781346.9787428,1.0
1742781346.9976404,1.0
1742781347.0164967,1.0
1742781347.035396,1.0
1742781347.0542638,1.0
1742781347.0731368,1.0
1742781347.0920985,1.0
1742781347.1109502,1.0
1742781347.1298208,1.0
1742781347.1486597,1.0
1742781347.167524,1.0
1742781347.1864085,1.0
1742781347.2052507,1.0
1742781347.2241404,1.0
1742781347.2430043,1.0
1742781347.2619622,1.0
1742781347.2812588,1.0
1742781347.3002355,1.0
1742781347.319139,1.0
1742781347.3380177,1.0
1742781347.3568928,1.0
1742781347.3757837,1.0
1742781347.394665,1.0
1742781347.413504,1.0
1742781347.4323769,1.0
1742781347.4514947,1.0
1742781347.4703274,1.0
1742781347.4892776,1.0
1742781347.5093374,1.0
1742781347.529396,1.0
1742781347.5484836,1.0
1742781347.5685492,1.0
1742781347.5881653,1.0
1742781347.6079009,1.0
1742781347.6267486,1.0
1742781347.645622,1.0
1742781347.6668391,1.0
1742781347.685574,1.0
1742781347.704465,1.0
1742781347.7232997,1.0
1742781347.7421293,1.0
1742781347.761014,1.0
1742781347.779888,1.0
1742781347.7987387,1.0
1742781347.8175924,1.0
1742781347.836455,1.0
1742781347.8553307,1.0
1742781347.8742852,1.0
1742781347.8932889,1.0
1742781347.9121697,1.0
1742781347.9310322,1.0
1742781347.9507294,1.0
1742781347.9696798,1.0
1742781347.9885411,1.0
1742781348.0074024,1.0
1742781348.0262592,1.0
1742781348.0451298,1.0
1742781348.0641017,1.0
1742781348.082956,1.0
1742781348.101872,1.0
1742781348.1206954,1.0
1742781348.1395702,1.0
1742781348.158449,1.0
1742781348.1773047,1.0
1742781348.196159,1.0
1742781348.2150185,1.0
1742781348.2338865,1.0
1742781348.2527006,1.0
1742781348.2717924,1.0
1742781348.2907734,1.0
1742781348.3096201,1.0
1742781348.3284833,1.0
1742781348.3473446,1.0
1742781348.3662257,1.0
1742781348.3850718,1.0
1742781348.4039185,1.0
1742781348.4227946,1.0
1742781348.44163,1.0
1742781348.4604943,1.0
1742781348.4793453,1.0
1742781348.4982965,1.0
1742781348.5190403,1.0
1742781348.5378308,1.0
1742781348.5571835,1.0
1742781348.5762212,1.0
1742781348.5951035,1.0
1742781348.6166167,1.0
1742781348.6354742,1.0
1742781348.6543577,1.0
1742781348.6752806,1.0
1742781348.6942408,1.0
1742781348.7131546,1.0
1742781348.7320433,1.0
1742781348.7509067,1.0
1742781348.769782,1.0
1742781348.788569,1.0
1742781348.8074296,1.0
1742781348.8262594,1.0
1742781348.8451357,1.0
1742781348.8640122,1.0
1742781348.88287,1.0
1742781348.9018745,1.0
1742781348.9206755,1.0
1742781348.9395213,1.0
1742781348.9583352,1.0
1742781348.9771872,1.0
1742781348.9964828,1.0
1742781349.015291,1.0
1742781349.0341048,1.0
1742781349.0529022,1.0
1742781349.0716925,1.0
1742781349.0906186,1.0
1742781349.1094832,1.0
1742781349.1282978,1.0
1742781349.1471035,1.0
1742781349.165912,1.0
1742781349.184803,1.0
1742781349.2036104,1.0
1742781349.2224689,1.0
1742781349.2413247,1.0
1742781349.260187,1.0
1742781349.279263,1.0
1742781349.2982802,1.0
1742781349.317135,1.0
1742781349.3360162,1.0
1742781349.3548892,1.0
1742781349.3737276,1.0
1742781349.3925657,1.0
1742781349.4114332,1.0
1742781349.430304,1.0
1742781349.4491565,1.0
1742781349.4680092,1.0
1742781349.4872189,1.0
1742781349.508776,1.0
1742781349.5277338,1.0
1742781349.546609,1.0
1742781349.5662403,1.0
1742781349.5851197,1.0
1742781349.6050208,1.0
1742781349.6239002,1.0
1742781349.6427968,1.0
1742781349.6633308,1.0
1742781349.682127,1.0
1742781349.7010636,1.0
1742781349.7199647,1.0
1742781349.7388158,1.0
1742781349.7576509,1.0
1742781349.7764962,1.0
1742781349.7955554,1.0
1742781349.8144057,1.0
1742781349.8332624,1.0
1742781349.852142,1.0
1742781349.8709826,1.0
1742781349.889865,1.0
1742781349.908855,1.0
1742781349.9277656,1.0
1742781349.9466286,1.0
1742781349.9654748,1.0
1742781349.9844272,1.0
1742781350.0033214,1.0
1742781350.022195,1.0
1742781350.041022,1.0
1742781350.0598598,1.0
1742781350.0787172,1.0
1742781350.0977607,1.0
1742781350.116638,1.0
1742781350.1355205,1.0
1742781350.1543899,1.0
1742781350.1732364,1.0
1742781350.1923413,1.0
1742781350.2112076,1.0
1742781350.2300508,1.0
1742781350.2489166,1.0
1742781350.267788,1.0
1742781350.286649,1.0
1742781350.3057218,1.0
1742781350.3245642,1.0
1742781350.3434012,1.0
1742781350.3622768,1.0
1742781350.3811147,1.0
1742781350.4002578,1.0
1742781350.419109,1.0
1742781350.4379635,1.0
1742781350.4568088,1.0
1742781350.4756463,1.0
1742781350.4946544,1.0
1742781350.5158722,1.0
1742781350.5346732,1.0
1742781350.5540535,1.0
1742781350.573174,1.0
1742781350.5924032,1.0
1742781350.6115558,1.0
1742781350.6304092,1.0
1742781350.6492527,1.0
1742781350.6697152,1.0
1742781350.6885378,1.0
1742781350.707715,1.0
1742781350.7265801,1.0
1742781350.745396,1.0
1742781350.764339,1.0
1742781350.7832038,1.0
1742781350.802087,1.0
1742781350.8209229,1.0
1742781350.8397772,1.0
1742781350.8586733,1.0
1742781350.8775158,1.0
1742781350.8966603,1.0
1742781350.9154875,1.0
1742781350.9344313,1.0
1742781350.9532485,1.0
1742781350.9720762,1.0
1742781350.990897,1.0
1742781351.0105205,1.0
1742781351.0293381,1.0
1742781351.0481448,1.0
1742781351.0669785,1.0
1742781351.0858083,1.0
1742781351.1047997,1.0
1742781351.1236055,1.0
1742781351.142408,1.0
1742781351.161429,1.0
1742781351.180298,1.0
1742781351.1991177,1.0
1742781351.218052,1.0
1742781351.2368286,1.0
1742781351.2556443,1.0
1742781351.2744644,1.0
1742781351.2934701,1.0
1742781351.3125832,1.0
1742781351.3313887,1.0
1742781351.350196,1.0
1742781351.369024,1.0
1742781351.3878524,1.0
1742781351.4069402,1.0
1742781351.4275694,1.0
1742781351.4464371,1.0
1742781351.465312,1.0
1742781351.4841301,1.0
1742781351.5031033,1.0
1742781351.5282183,1.0
1742781351.5470502,1.0
1742781351.5668204,1.0
1742781351.5856566,1.0
1742781351.6047864,1.0
1742781351.6237416,1.0
1742781351.642567,1.0
1742781351.6631148,1.0
1742781351.6822393,1.0
1742781351.7012293,1.0
1742781351.7203867,1.0
1742781351.7392297,1.0
1742781351.758042,1.0
1742781351.7769063,1.0
1742781351.795782,1.0
1742781351.8146596,1.0
1742781351.833508,1.0
1742781351.852349,1.0
1742781351.8712018,1.0
1742781351.8900425,1.0
1742781351.9090304,1.0
1742781351.9279962,1.0
1742781351.9468303,1.0
1742781351.9656656,1.0
1742781351.984483,1.0
1742781352.0033026,1.0
1742781352.0221655,1.0
1742781352.0409474,1.0
1742781352.0601354,1.0
1742781352.0789673,1.0
1742781352.097924,1.0
1742781352.1168191,1.0
1742781352.1356297,1.0
1742781352.1544883,1.0
1742781352.1733267,1.0
1742781352.1921685,1.0
1742781352.2110333,1.0
1742781352.2299438,1.0
1742781352.2487428,1.0
1742781352.267606,1.0
1742781352.2864482,1.0
1742781352.3054872,1.0
1742781352.3245358,1.0
1742781352.3433478,1.0
1742781352.3621833,1.0
1742781352.3810346,1.0
1742781352.3998742,1.0
1742781352.4186702,1.0
1742781352.4376264,1.0
1742781352.456452,1.0
1742781352.4752867,1.0
1742781352.494158,1.0
1742781352.5143988,1.0
1742781352.5335026,1.0
1742781352.5523689,1.0
1742781352.5719721,1.0
1742781352.5911648,1.0
1742781352.6102357,1.0
1742781352.6291838,1.0
1742781352.648021,1.0
1742781352.6687112,1.0
1742781352.6875105,1.0
1742781352.7066278,1.0
1742781352.725518,1.0
1742781352.7443318,1.0
1742781352.7631965,1.0
1742781352.7820404,1.0
1742781352.8008296,1.0
1742781352.819626,1.0
1742781352.8385892,1.0
1742781352.857412,1.0
1742781352.876257,1.0
1742781352.895273,1.0
1742781352.9513602,1.0
1742781353.0162504,1.0
1742781353.0813694,1.0
1742781353.1090896,1.0
1742781353.1279397,1.0
1742781353.1467824,1.0
1742781353.1656368,1.0
1742781353.1844478,1.0
1742781353.2032874,1.0
1742781353.222125,1.0
1742781353.2409837,1.0
1742781353.259852,1.0
1742781353.2787082,1.0
1742781353.2977512,1.0
1742781353.3166416,1.0
1742781353.335493,1.0
1742781353.3543491,1.0
1742781353.3732076,1.0
1742781353.3920417,1.0
1742781353.4108653,1.0
1742781353.429716,1.0
1742781353.448583,1.0
1742781353.467567,1.0
1742781353.4863944,1.0
1742781353.5065684,1.0
1742781353.526868,1.0
1742781353.5457802,1.0
1742781353.565536,1.0
1742781353.5844178,1.0
1742781353.6038685,1.0
1742781353.6228056,1.0
1742781353.6417868,1.0
1742781353.6622136,1.0
1742781353.6813517,1.0
1742781353.7003446,1.0
1742781353.7192774,1.0
1742781353.7381835,1.0
1742781353.7571788,1.0
1742781353.7761467,1.0
1742781353.7950907,1.0
1742781353.814062,1.0
1742781353.8329864,1.0
1742781353.8522975,1.0
1742781353.8712761,1.0
1742781353.8902102,1.0
1742781353.9092746,1.0
1742781353.9282017,1.0
1742781353.9474125,1.0
1742781353.9663658,1.0
1742781353.9852827,1.0
1742781354.0042133,1.0
1742781354.023132,1.0
1742781354.0420485,1.0
1742781354.0609999,1.0
1742781354.0799377,1.0
1742781354.0989232,1.0
1742781354.1178868,1.0
1742781354.1368296,1.0
1742781354.155866,1.0
1742781354.1748364,1.0
1742781354.1937575,1.0
1742781354.2126684,1.0
1742781354.2315722,1.0
1742781354.2507572,1.0
1742781354.2696674,1.0
1742781354.2885652,1.0
1742781354.307679,1.0
1742781354.3266237,1.0
1742781354.3455424,1.0
1742781354.3644655,1.0
1742781354.383366,1.0
1742781354.4022708,1.0
1742781354.4211817,1.0
1742781354.4401002,1.0
1742781354.4591336,1.0
1742781354.485381,1.0
1742781354.5174398,1.0
1742781354.5363042,1.0
1742781354.556703,1.0
1742781354.5755758,1.0
1742781354.5948374,1.0
1742781354.6137133,1.0
1742781354.6325912,1.0
1742781354.6515136,1.0
1742781354.672089,1.0
1742781354.6909552,1.0
1742781354.7099733,1.0
1742781354.7289,1.0
1742781354.7477915,1.0
1742781354.7668438,1.0
1742781354.7858138,1.0
1742781354.80468,1.0
1742781354.8235624,1.0
1742781354.8424478,1.0
1742781354.8613632,1.0
1742781354.880245,1.0
1742781354.8993015,1.0
1742781354.918217,1.0
1742781354.9371233,1.0
1742781354.9560382,1.0
1742781354.9749107,1.0
1742781354.993777,1.0
1742781355.0126605,1.0
1742781355.031519,1.0
1742781355.0507913,1.0
1742781355.0696337,1.0
1742781355.08851,1.0
1742781355.1075675,1.0
1742781355.1264222,1.0
1742781355.1452746,1.0
1742781355.164146,1.0
1742781355.1829925,1.0
1742781355.2018816,1.0
1742781355.2207274,1.0
1742781355.2396333,1.0
1742781355.258562,1.0
1742781355.2776432,1.0
1742781355.296721,1.0
1742781355.3157046,1.0
1742781355.3346357,1.0
1742781355.3535016,1.0
1742781355.3723845,1.0
1742781355.391287,1.0
1742781355.4101732,1.0
1742781355.429056,1.0
1742781355.4479384,1.0
1742781355.467008,1.0
1742781355.4858592,1.0
1742781355.5050225,1.0
1742781355.5254576,1.0
1742781355.544362,1.0
1742781355.5641253,1.0
1742781355.5830274,1.0
1742781355.6023395,1.0
1742781355.621206,1.0
1742781355.6401246,1.0
1742781355.6605215,1.0
1742781355.6797109,1.0
1742781355.6985729,1.0
1742781355.717538,1.0
1742781355.7364361,1.0
1742781355.7552896,1.0
1742781355.7741616,1.0
1742781355.7930138,1.0
1742781355.8118582,1.0
1742781355.8307593,1.0
1742781355.849622,1.0
1742781355.8684878,1.0
1742781355.887369,1.0
1742781355.9064772,1.0
1742781355.925354,1.0
1742781355.9442282,1.0
1742781355.9631057,1.0
1742781355.9820209,1.0
1742781356.0008888,1.0
1742781356.0197725,1.0
1742781356.0386307,1.0
1742781356.057489,1.0
1742781356.076461,1.0
1742781356.095311,1.0
1742781356.1143258,1.0
1742781356.133171,1.0
1742781356.1523771,1.0
1742781356.171523,1.0
1742781356.1903603,1.0
1742781356.2092562,1.0
1742781356.228123,1.0
1742781356.2470016,1.0
1742781356.2658768,1.0
1742781356.2847652,1.0
1742781356.3037333,1.0
1742781356.3226035,1.0
1742781356.3414555,1.0
1742781356.3603513,1.0
1742781356.3794363,1.0
1742781356.3983142,1.0
1742781356.4171674,1.0
1742781356.4360504,1.0
1742781356.4549453,1.0
1742781356.4737933,1.0
1742781356.4967537,1.0
1742781356.5191138,1.0
1742781356.5379624,1.0
1742781356.557073,1.0
1742781356.5767076,1.0
1742781356.5957644,1.0
1742781356.6151516,1.0
1742781356.6341186,1.0
1742781356.6531444,1.0
1742781356.6739624,1.0
1742781356.6929734,1.0
1742781356.7122183,1.0
1742781356.7312336,1.0
1742781356.750276,1.0
1742781356.7692933,1.0
1742781356.7883954,1.0
1742781356.807446,1.0
1742781356.8264759,1.0
1742781356.8456645,1.0
1742781356.8647175,1.0
1742781356.8839555,1.0
1742781356.9030375,1.0
1742781356.922137,1.0
1742781356.9411588,1.0
1742781356.960214,1.0
1742781356.9792562,1.0
1742781356.998321,1.0
1742781357.0173335,1.0
1742781357.0363812,1.0
1742781357.0554113,1.0
1742781357.0750391,1.0
1742781357.0940623,1.0
1742781357.1132874,1.0
1742781357.1323633,1.0
1742781357.151388,1.0
1742781357.1704137,1.0
1742781357.189452,1.0
1742781357.2084608,1.0
1742781357.2275198,1.0
1742781357.2465475,1.0
1742781357.2656593,1.0
1742781357.2846682,1.0
1742781357.3041031,1.0
1742781357.323178,1.0
1742781357.3422232,1.0
1742781357.3612754,1.0
1742781357.3803353,1.0
1742781357.399397,1.0
1742781357.4184225,1.0
1742781357.437468,1.0
1742781357.4565284,1.0
1742781357.4755805,1.0
1742781357.4946432,1.0
1742781357.5161319,1.0
1742781357.5351536,1.0
1742781357.5551412,1.0
1742781357.5740597,1.0
1742781357.5935068,1.0
1742781357.6127086,1.0
1742781357.6318066,1.0
1742781357.6507976,1.0
1742781357.6710818,1.0
1742781357.6900954,1.0
1742781357.7093322,1.0
1742781357.7284365,1.0
1742781357.747478,1.0
1742781357.7665205,1.0
1742781357.7855632,1.0
1742781357.8047087,1.0
1742781357.8237736,1.0
1742781357.8427725,1.0
1742781357.8618107,1.0
1742781357.8808005,1.0
1742781357.9000826,1.0
1742781357.9192238,1.0
1742781357.9381917,1.0
1742781357.957168,1.0
1742781357.9761817,1.0
1742781357.9951804,1.0
1742781358.0141795,1.0
1742781358.0331457,1.0
1742781358.0521502,1.0
1742781358.0711408,1.0
1742781358.090125,1.0
1742781358.1092913,1.0
1742781358.1282887,1.0
1742781358.147296,1.0
1742781358.166291,1.0
1742781358.1853225,1.0
1742781358.204496,1.0
1742781358.2234967,1.0
1742781358.242525,1.0
1742781358.261515,1.0
1742781358.2805288,1.0
1742781358.2995436,1.0
1742781358.3188279,1.0
1742781358.3378127,1.0
1742781358.3568106,1.0
1742781358.3758068,1.0
1742781358.3948057,1.0
1742781358.413795,1.0
1742781358.4327908,1.0
1742781358.4517915,1.0
1742781358.4707909,1.0
1742781358.489788,1.0
1742781358.5106413,1.0
1742781358.5299587,1.0
1742781358.5489488,1.0
1742781358.5689573,1.0
1742781358.5880995,1.0
1742781358.6073854,1.0
1742781358.626553,1.0
1742781358.6455684,1.0
1742781358.6661541,1.0
1742781358.685035,1.0
1742781358.7041547,1.0
1742781358.7232902,1.0
1742781358.742252,1.0
1742781358.761219,1.0
1742781358.7801821,1.0
1742781358.799166,1.0
1742781358.8183856,1.0
1742781358.8373168,1.0
1742781358.8563683,1.0
1742781358.8753278,1.0
1742781358.8943799,1.0
1742781358.913665,1.0
1742781358.9326692,1.0
1742781358.951662,1.0
1742781358.9706407,1.0
1742781358.989634,1.0
1742781359.0085762,1.0
1742781359.0275512,1.0
1742781359.046525,1.0
1742781359.0654976,1.0
1742781359.0853064,1.0
1742781359.104366,1.0
1742781359.1234226,1.0
1742781359.142399,1.0
1742781359.161385,1.0
1742781359.1803925,1.0
1742781359.1993523,1.0
1742781359.2184577,1.0
1742781359.2374074,1.0
1742781359.2564325,1.0
1742781359.2754264,1.0
1742781359.2946434,1.0
1742781359.3137496,1.0
1742781359.332704,1.0
1742781359.3517056,1.0
1742781359.3706906,1.0
1742781359.3896513,1.0
1742781359.4085963,1.0
1742781359.4275646,1.0
1742781359.4465508,1.0
1742781359.4655414,1.0
1742781359.4844859,1.0
1742781359.5034754,1.0
1742781359.5250208,1.0
1742781359.5440207,1.0
1742781359.5637212,1.0
1742781359.5827274,1.0
1742781359.6020925,1.0
1742781359.6210818,1.0
1742781359.6401806,1.0
1742781359.6591423,1.0
1742781359.679494,1.0
1742781359.6984632,1.0
1742781359.7176945,1.0
1742781359.736865,1.0
1742781359.755856,1.0
1742781359.7748604,1.0
1742781359.793799,1.0
1742781359.8127775,1.0
1742781359.832047,1.0
1742781359.8510387,1.0
1742781359.8699834,1.0
1742781359.8889894,1.0
1742781359.9080772,1.0
1742781359.927345,1.0
1742781359.9463186,1.0
1742781359.9653141,1.0
1742781359.9842978,1.0
1742781360.0032628,1.0
1742781360.0222356,1.0
1742781360.0412536,1.0
1742781360.0602067,1.0
1742781360.0791755,1.0
1742781360.0981333,1.0
1742781360.1172473,1.0
1742781360.1362665,1.0
1742781360.1552515,1.0
1742781360.17423,1.0
1742781360.1932395,1.0
1742781360.212217,1.0
1742781360.2314239,1.0
1742781360.2503772,1.0
1742781360.2693694,1.0
1742781360.288342,1.0
1742781360.3073874,1.0
1742781360.326489,1.0
1742781360.345466,1.0
1742781360.3644562,1.0
1742781360.3834345,1.0
1742781360.4024317,1.0
1742781360.4214118,1.0
1742781360.4404252,1.0
1742781360.4594312,1.0
1742781360.4783778,1.0
1742781360.49732,1.0
1742781360.518226,1.0
1742781360.5371864,1.0
1742781360.5567718,1.0
1742781360.5758712,1.0
1742781360.5948873,1.0
1742781360.6141934,1.0
1742781360.6331997,1.0
1742781360.6524138,1.0
1742781360.6729221,1.0
1742781360.6919143,1.0
1742781360.711079,1.0
1742781360.7301376,1.0
1742781360.749308,1.0
1742781360.768288,1.0
1742781360.7872648,1.0
1742781360.8062282,1.0
1742781360.825306,1.0
1742781360.844498,1.0
1742781360.8634584,1.0
1742781360.8824298,1.0
1742781360.9014971,1.0
1742781360.9206684,1.0
1742781360.9398851,1.0
1742781360.95885,1.0
1742781360.9778447,1.0
1742781360.996818,1.0
1742781361.0158045,1.0
1742781361.0348258,1.0
1742781361.0542383,1.0
1742781361.0732124,1.0
1742781361.092628,1.0
1742781361.1116557,1.0
1742781361.1307003,1.0
1742781361.1499836,1.0
1742781361.1691325,1.0
1742781361.1881156,1.0
1742781361.2070928,1.0
1742781361.2260807,1.0
1742781361.2452874,1.0
1742781361.2642345,1.0
1742781361.2832143,1.0
1742781361.30258,1.0
1742781361.3217437,1.0
1742781361.3407242,1.0
1742781361.3597333,1.0
1742781361.3786895,1.0
1742781361.3976798,1.0
1742781361.416647,1.0
1742781361.435636,1.0
1742781361.4546247,1.0
1742781361.473579,1.0
1742781361.4925559,1.0
1742781361.512969,1.0
1742781361.5323238,1.0
1742781361.5513659,1.0
1742781361.5710006,1.0
1742781361.5900836,1.0
1742781361.613839,1.0
1742781361.632871,1.0
1742781361.6518333,1.0
1742781361.6727574,1.0
1742781361.6920216,1.0
1742781361.7110596,1.0
1742781361.7301052,1.0
1742781361.749038,1.0
1742781361.768234,1.0
1742781361.7871592,1.0
1742781361.8060992,1.0
1742781361.8250442,1.0
1742781361.8439658,1.0
1742781361.8628912,1.0
1742781361.8817768,1.0
1742781361.9008048,1.0
1742781361.9198864,1.0
1742781361.9388196,1.0
1742781361.9577959,1.0
1742781361.9767127,1.0
1742781361.9956524,1.0
1742781362.0145516,1.0
1742781362.0334682,1.0
1742781362.052375,1.0
1742781362.0713108,1.0
1742781362.0902388,1.0
1742781362.109154,1.0
1742781362.1282425,1.0
1742781362.147175,1.0
1742781362.1660984,1.0
1742781362.1850843,1.0
1742781362.2040737,1.0
1742781362.2230475,1.0
1742781362.2420132,1.0
1742781362.2611897,1.0
1742781362.280155,1.0
1742781362.299135,1.0
1742781362.3182054,1.0
1742781362.3371472,1.0
1742781362.3561246,1.0
1742781362.3751602,1.0
1742781362.3941379,1.0
1742781362.413092,1.0
1742781362.432071,1.0
1742781362.4510226,1.0
1742781362.469979,1.0
1742781362.4889367,1.0
1742781362.50877,1.0
1742781362.529045,1.0
1742781362.5486717,1.0
1742781362.5684254,1.0
1742781362.5875008,1.0
1742781362.6065087,1.0
1742781362.6254427,1.0
1742781362.6444347,1.0
1742781362.664781,1.0
1742781362.6837046,1.0
1742781362.7026992,1.0
1742781362.7218084,1.0
1742781362.7407763,1.0
1742781362.7597773,1.0
1742781362.7790618,1.0
1742781362.7988057,1.0
1742781362.8177445,1.0
1742781362.8366942,1.0
1742781362.855675,1.0
1742781362.874815,1.0
1742781362.8938823,1.0
1742781362.953729,1.0
1742781363.0186152,1.0
1742781363.0568836,1.0
1742781363.076047,1.0
1742781363.0949664,1.0
1742781363.1144931,1.0
1742781363.133492,1.0
1742781363.152479,1.0
1742781363.1716323,1.0
1742781363.1906016,1.0
1742781363.2095845,1.0
1742781363.2285488,1.0
1742781363.2475483,1.0
1742781363.2664816,1.0
1742781363.2854707,1.0
1742781363.3046951,1.0
1742781363.323901,1.0
1742781363.342887,1.0
1742781363.361886,1.0
1742781363.3808901,1.0
1742781363.39989,1.0
1742781363.4188883,1.0
1742781363.437883,1.0
1742781363.4568565,1.0
1742781363.476053,1.0
1742781363.495068,1.0
1742781363.5162115,1.0
1742781363.5352204,1.0
1742781363.5547442,1.0
1742781363.5740638,1.0
1742781363.5931933,1.0
1742781363.6125932,1.0
1742781363.6316693,1.0
1742781363.6507337,1.0
1742781363.6710742,1.0
1742781363.6901653,1.0
1742781363.709226,1.0
1742781363.7284577,1.0
1742781363.7475088,1.0
1742781363.766609,1.0
1742781363.7857895,1.0
1742781363.8048851,1.0
1742781363.82395,1.0
1742781363.843058,1.0
1742781363.8621721,1.0
1742781363.8813927,1.0
1742781363.9005532,1.0
1742781363.9197383,1.0
1742781363.9388108,1.0
1742781363.9579325,1.0
1742781363.97703,1.0
1742781363.9961598,1.0
1742781364.0152512,1.0
1742781364.0343566,1.0
1742781364.0534344,1.0
1742781364.072538,1.0
1742781364.0916395,1.0
1742781364.1107438,1.0
1742781364.1299524,1.0
1742781364.1490195,1.0
1742781364.1681173,1.0
1742781364.1872323,1.0
1742781364.2063136,1.0
1742781364.225378,1.0
1742781364.2444894,1.0
1742781364.263634,1.0
1742781364.2827656,1.0
1742781364.3021524,1.0
1742781364.3214083,1.0
1742781364.3405674,1.0
1742781364.3595254,1.0
1742781364.3784716,1.0
1742781364.397414,1.0
1742781364.416379,1.0
1742781364.4353147,1.0
1742781364.454331,1.0
1742781364.4732566,1.0
1742781364.4922328,1.0
1742781364.512735,1.0
1742781364.5322447,1.0
1742781364.5513182,1.0
1742781364.5710423,1.0
1742781364.5901177,1.0
1742781364.6094575,1.0
1742781364.6285295,1.0
1742781364.6475859,1.0
1742781364.6682448,1.0
1742781364.6872485,1.0
1742781364.7063196,1.0
1742781364.725455,1.0
1742781364.7445238,1.0
1742781364.7635825,1.0
1742781364.782635,1.0
1742781364.8016894,1.0
1742781364.8207254,1.0
1742781364.8397803,1.0
1742781364.8588517,1.0
1742781364.877895,1.0
1742781364.8971732,1.0
1742781364.916165,1.0
1742781364.9353,1.0
1742781364.9544883,1.0
1742781364.973627,1.0
1742781364.99273,1.0
1742781365.0118666,1.0
1742781365.03096,1.0
1742781365.0500672,1.0
1742781365.0692015,1.0
1742781365.0882807,1.0
1742781365.1073804,1.0
1742781365.126877,1.0
1742781365.1459873,1.0
1742781365.1651013,1.0
1742781365.184194,1.0
1742781365.2033157,1.0
1742781365.2224202,1.0
1742781365.2415273,1.0
1742781365.260644,1.0
1742781365.279765,1.0
1742781365.2989013,1.0
1742781365.3181102,1.0
1742781365.3372612,1.0
1742781365.3563786,1.0
1742781365.3755484,1.0
1742781365.3947175,1.0
1742781365.4139237,1.0
1742781365.43311,1.0
1742781365.452281,1.0
1742781365.471465,1.0
1742781365.4906561,1.0
1742781365.5122101,1.0
1742781365.531484,1.0
1742781365.5510912,1.0
1742781365.5707583,1.0
1742781365.5899231,1.0
1742781365.609485,1.0
1742781365.6285868,1.0
1742781365.6476827,1.0
1742781365.6684327,1.0
1742781365.687482,1.0
1742781365.706586,1.0
1742781365.7259743,1.0
1742781365.7450192,1.0
1742781365.764086,1.0
1742781365.7831757,1.0
1742781365.8022656,1.0
1742781365.821455,1.0
1742781365.8404915,1.0
1742781365.859446,1.0
1742781365.8784504,1.0
1742781365.8975208,1.0
1742781365.9167142,1.0
1742781365.935781,1.0
1742781365.9547617,1.0
1742781365.9737232,1.0
1742781365.9926674,1.0
1742781366.0118887,1.0
1742781366.0308647,1.0
1742781366.0497994,1.0
1742781366.0689044,1.0
1742781366.0880544,1.0
1742781366.1071563,1.0
1742781366.1265178,1.0
1742781366.145633,1.0
1742781366.1650155,1.0
1742781366.184146,1.0
1742781366.2032435,1.0
1742781366.2223902,1.0
1742781366.2414894,1.0
1742781366.2605627,1.0
1742781366.2796896,1.0
1742781366.2988005,1.0
1742781366.317951,1.0
1742781366.3371828,1.0
1742781366.3562973,1.0
1742781366.375411,1.0
1742781366.3945258,1.0
1742781366.413651,1.0
1742781366.4330742,1.0
1742781366.4521806,1.0
1742781366.4713109,1.0
1742781366.490421,1.0
1742781366.5119734,1.0
1742781366.5311725,1.0
1742781366.5503042,1.0
1742781366.570435,1.0
1742781366.589699,1.0
1742781366.609256,1.0
1742781366.63177,1.0
1742781366.6511517,1.0
1742781366.6717618,1.0
1742781366.690851,1.0
1742781366.7099862,1.0
1742781366.729344,1.0
1742781366.748558,1.0
1742781366.7677524,1.0
1742781366.7869432,1.0
1742781366.806106,1.0
1742781366.8253653,1.0
1742781366.8445253,1.0
1742781366.8636968,1.0
1742781366.8828073,1.0
1742781366.9020607,1.0
1742781366.921281,1.0
1742781366.9408216,1.0
1742781366.959976,1.0
1742781366.9791436,1.0
1742781366.9982824,1.0
1742781367.0174236,1.0
1742781367.0370524,1.0
1742781367.056252,1.0
1742781367.0754507,1.0
1742781367.09462,1.0
1742781367.1138237,1.0
1742781367.1331413,1.0
1742781367.1527395,1.0
1742781367.171926,1.0
1742781367.1911447,1.0
1742781367.2103524,1.0
1742781367.2295687,1.0
1742781367.248698,1.0
1742781367.2678456,1.0
1742781367.2869465,1.0
1742781367.3061907,1.0
1742781367.3253884,1.0
1742781367.3448484,1.0
1742781367.3639934,1.0
1742781367.3831315,1.0
1742781367.4022603,1.0
1742781367.4213898,1.0
1742781367.4405656,1.0
1742781367.4597304,1.0
1742781367.4788465,1.0
1742781367.497998,1.0
1742781367.519081,1.0
1742781367.538381,1.0
1742781367.5580575,1.0
1742781367.5771446,1.0
1742781367.5967991,1.0
1742781367.615993,1.0
1742781367.6351027,1.0
1742781367.6542094,1.0
1742781367.674828,1.0
1742781367.6938744,1.0
1742781367.7129266,1.0
1742781367.732094,1.0
1742781367.7512357,1.0
1742781367.7702973,1.0
1742781367.78934,1.0
1742781367.8083832,1.0
1742781367.8274405,1.0
1742781367.84648,1.0
1742781367.865529,1.0
1742781367.8845787,1.0
1742781367.904415,1.0
1742781367.923454,1.0
1742781367.9426072,1.0
1742781367.961665,1.0
1742781367.9807217,1.0
1742781367.9998202,1.0
1742781368.0188527,1.0
1742781368.0379002,1.0
1742781368.0570252,1.0
1742781368.0761118,1.0
1742781368.095179,1.0
1742781368.1142347,1.0
1742781368.1334155,1.0
1742781368.1528435,1.0
1742781368.1719022,1.0
1742781368.1909547,1.0
1742781368.210114,1.0
1742781368.229129,1.0
1742781368.248355,1.0
1742781368.2673867,1.0
1742781368.2864275,1.0
1742781368.3054628,1.0
1742781368.3245177,1.0
1742781368.3438346,1.0
1742781368.3628876,1.0
1742781368.3819125,1.0
1742781368.4009955,1.0
1742781368.4202175,1.0
1742781368.4392676,1.0
1742781368.4583514,1.0
1742781368.4773867,1.0
1742781368.4964302,1.0
1742781368.5173857,1.0
1742781368.5364556,1.0
1742781368.555713,1.0
1742781368.575251,1.0
1742781368.594346,1.0
1742781368.6135788,1.0
1742781368.632633,1.0
1742781368.6516829,1.0
1742781368.6726005,1.0
1742781368.6916895,1.0
1742781368.7107775,1.0
1742781368.7299259,1.0
1742781368.748972,1.0
1742781368.768178,1.0
1742781368.7872646,1.0
1742781368.8063183,1.0
1742781368.8253577,1.0
1742781368.8444376,1.0
1742781368.863591,1.0
1742781368.8826544,1.0
1742781368.9019606,1.0
1742781368.9209793,1.0
1742781368.9401295,1.0
1742781368.9592242,1.0
1742781368.9783263,1.0
1742781368.997401,1.0
1742781369.0164807,1.0
1742781369.0355358,1.0
1742781369.0547175,1.0
1742781369.0737286,1.0
1742781369.0928187,1.0
1742781369.1118498,1.0
1742781369.1310027,1.0
1742781369.1500354,1.0
1742781369.1699564,1.0
1742781369.1890082,1.0
1742781369.2080483,1.0
1742781369.2271373,1.0
1742781369.246176,1.0
1742781369.265226,1.0
1742781369.284335,1.0
1742781369.3034208,1.0
1742781369.3225589,1.0
1742781369.3417711,1.0
1742781369.36091,1.0
1742781369.3800676,1.0
1742781369.3992157,1.0
1742781369.418297,1.0
1742781369.4373922,1.0
1742781369.4565523,1.0
1742781369.4758081,1.0
1742781369.4949625,1.0
1742781369.5221927,1.0
1742781369.55066,1.0
1742781369.5707076,1.0
1742781369.5901291,1.0
1742781369.6099615,1.0
1742781369.6292288,1.0
1742781369.6485033,1.0
1742781369.669459,1.0
1742781369.6887727,1.0
1742781369.7081382,1.0
1742781369.727392,1.0
1742781369.746788,1.0
1742781369.7660573,1.0
1742781369.7852972,1.0
1742781369.8046613,1.0
1742781369.823906,1.0
1742781369.8431544,1.0
1742781369.8624272,1.0
1742781369.8817668,1.0
1742781369.901216,1.0
1742781369.9204817,1.0
1742781369.9399288,1.0
1742781369.959198,1.0
1742781369.9784975,1.0
1742781369.9977841,1.0
1742781370.0170352,1.0
1742781370.0363302,1.0
1742781370.0555935,1.0
1742781370.0748494,1.0
1742781370.0941198,1.0
1742781370.1133575,1.0
1742781370.1326704,1.0
1742781370.1516337,1.0
1742781370.1706302,1.0
1742781370.1895852,1.0
1742781370.2085688,1.0
1742781370.2275653,1.0
1742781370.2465537,1.0
1742781370.2655141,1.0
1742781370.2845373,1.0
1742781370.3035228,1.0
1742781370.32253,1.0
1742781370.3417065,1.0
1742781370.3606956,1.0
1742781370.3797138,1.0
1742781370.3987327,1.0
1742781370.417733,1.0
1742781370.436742,1.0
1742781370.4560745,1.0
1742781370.475446,1.0
1742781370.4947374,1.0
1742781370.5158293,1.0
1742781370.535109,1.0
1742781370.5548382,1.0
1742781370.5741425,1.0
1742781370.593458,1.0
1742781370.6127698,1.0
1742781370.6320891,1.0
1742781370.6514027,1.0
1742781370.6724935,1.0
1742781370.691792,1.0
1742781370.711111,1.0
1742781370.730434,1.0
1742781370.7498045,1.0
1742781370.769067,1.0
1742781370.7884057,1.0
1742781370.8076956,1.0
1742781370.8270123,1.0
1742781370.8463576,1.0
1742781370.8657227,1.0
1742781370.8850331,1.0
1742781370.9044485,1.0
1742781370.9237716,1.0
1742781370.9432328,1.0
1742781370.9625638,1.0
1742781370.9818714,1.0
1742781371.0011709,1.0
1742781371.0205665,1.0
1742781371.039886,1.0
1742781371.0591788,1.0
1742781371.0785007,1.0
1742781371.0978358,1.0
1742781371.1171227,1.0
1742781371.1364923,1.0
1742781371.1561413,1.0
1742781371.17577,1.0
1742781371.19511,1.0
1742781371.2144146,1.0
1742781371.2337337,1.0
1742781371.2530298,1.0
1742781371.2723296,1.0
1742781371.2916229,1.0
1742781371.3110168,1.0
1742781371.3303068,1.0
1742781371.349631,1.0
1742781371.3688974,1.0
1742781371.3881955,1.0
1742781371.4075422,1.0
1742781371.4268382,1.0
1742781371.4461405,1.0
1742781371.4655015,1.0
1742781371.4848228,1.0
1742781371.504128,1.0
1742781371.5252528,1.0
1742781371.5445707,1.0
1742781371.5647156,1.0
1742781371.5838475,1.0
1742781371.6035259,1.0
1742781371.6225915,1.0
1742781371.6416972,1.0
1742781371.662443,1.0
1742781371.681625,1.0
1742781371.7034638,1.0
1742781371.724431,1.0
1742781371.7437487,1.0
1742781371.7628312,1.0
1742781371.7820227,1.0
1742781371.8011389,1.0
1742781371.8202872,1.0
1742781371.8394291,1.0
1742781371.8585632,1.0
1742781371.8777113,1.0
1742781371.8969612,1.0
1742781371.9160743,1.0
1742781371.9352643,1.0
1742781371.9543788,1.0
1742781371.9734995,1.0
1742781371.9925878,1.0
1742781372.01164,1.0
1742781372.0307162,1.0
1742781372.049752,1.0
1742781372.0688243,1.0
1742781372.0878608,1.0
1742781372.1069336,1.0
1742781372.1260145,1.0
1742781372.1451428,1.0
1742781372.1642156,1.0
1742781372.1832852,1.0
1742781372.2023516,1.0
1742781372.2213757,1.0
1742781372.2404478,1.0
1742781372.2595217,1.0
1742781372.2785833,1.0
1742781372.2976365,1.0
1742781372.3166876,1.0
1742781372.3359532,1.0
1742781372.3549716,1.0
1742781372.3740265,1.0
1742781372.3930826,1.0
1742781372.4121196,1.0
1742781372.431211,1.0
1742781372.450248,1.0
1742781372.4693289,1.0
1742781372.488407,1.0
1742781372.5082881,1.0
1742781372.529101,1.0
1742781372.5483303,1.0
1742781372.5683389,1.0
1742781372.5875785,1.0
1742781372.6068919,1.0
1742781372.6259658,1.0
1742781372.6450436,1.0
1742781372.6656744,1.0
1742781372.6846871,1.0
1742781372.7038066,1.0
1742781372.7229187,1.0
1742781372.7423062,1.0
1742781372.7614286,1.0
1742781372.7806208,1.0
1742781372.7997596,1.0
1742781372.8188875,1.0
1742781372.8379924,1.0
1742781372.8571677,1.0
1742781372.8762963,1.0
1742781372.8955152,1.0
1742781372.9244165,1.0
1742781372.943696,1.0
1742781372.9628365,1.0
1742781372.9819324,1.0
1742781373.0010495,1.0
1742781373.0201662,1.0
1742781373.0398157,1.0
1742781373.0589726,1.0
1742781373.0780628,1.0
1742781373.0971785,1.0
1742781373.1163049,1.0
1742781373.1356022,1.0
1742781373.154789,1.0
1742781373.1739333,1.0
1742781373.1934776,1.0
1742781373.212619,1.0
1742781373.2319937,1.0
1742781373.2511404,1.0
1742781373.2703443,1.0
1742781373.2894619,1.0
1742781373.3085885,1.0
1742781373.3278317,1.0
1742781373.3470736,1.0
1742781373.3662486,1.0
1742781373.3854496,1.0
1742781373.404587,1.0
1742781373.4237173,1.0
1742781373.4428506,1.0
1742781373.462004,1.0
1742781373.4811437,1.0
1742781373.5002835,1.0
1742781373.5211525,1.0
1742781373.5404012,1.0
1742781373.5607135,1.0
1742781373.57984,1.0
1742781373.6018405,1.0
1742781373.6207998,1.0
1742781373.6399348,1.0
1742781373.659061,1.0
1742781373.6795416,1.0
1742781373.6986883,1.0
1742781373.7178676,1.0
1742781373.737016,1.0
1742781373.7562351,1.0
1742781373.7753847,1.0
1742781373.7945178,1.0
1742781373.8136485,1.0
1742781373.8327765,1.0
1742781373.8519607,1.0
1742781373.8710861,1.0
1742781373.8904483,1.0
1742781373.9095654,1.0
1742781373.9286966,1.0
1742781373.9480336,1.0
1742781373.9671922,1.0
1742781373.9863262,1.0
1742781374.0054379,1.0
1742781374.0245566,1.0
1742781374.0439417,1.0
1742781374.0630682,1.0
1742781374.082168,1.0
1742781374.1013103,1.0
1742781374.1204286,1.0
1742781374.1398323,1.0
1742781374.1589763,1.0
1742781374.1781344,1.0
1742781374.1972456,1.0
1742781374.2163875,1.0
1742781374.2355106,1.0
1742781374.2546494,1.0
1742781374.27379,1.0
1742781374.2929096,1.0
1742781374.3120415,1.0
1742781374.3312285,1.0
1742781374.3507218,1.0
1742781374.3698645,1.0
1742781374.3889627,1.0
1742781374.4080915,1.0
1742781374.4272172,1.0
1742781374.4463522,1.0
1742781374.465481,1.0
1742781374.4846196,1.0
1742781374.503755,1.0
1742781374.5255125,1.0
1742781374.5446956,1.0
1742781374.5644598,1.0
1742781374.5835688,1.0
1742781374.6029136,1.0
1742781374.6219773,1.0
1742781374.6410701,1.0
1742781374.6615534,1.0
1742781374.6807053,1.0
1742781374.69976,1.0
1742781374.718835,1.0
1742781374.7379582,1.0
1742781374.757076,1.0
1742781374.7761345,1.0
1742781374.7952306,1.0
1742781374.8152766,1.0
1742781374.8343894,1.0
1742781374.8537061,1.0
1742781374.8727605,1.0
1742781374.8919532,1.0
1742781374.9110143,1.0
1742781374.930094,1.0
1742781374.94933,1.0
1742781374.9684265,1.0
1742781374.9875023,1.0
1742781375.0065658,1.0
1742781375.0255928,1.0
1742781375.0448132,1.0
1742781375.0638607,1.0
1742781375.082915,1.0
1742781375.1019669,1.0
1742781375.121029,1.0
1742781375.1401684,1.0
1742781375.159312,1.0
1742781375.1783729,1.0
1742781375.1974254,1.0
1742781375.21688,1.0
1742781375.2359896,1.0
1742781375.2550461,1.0
1742781375.2741232,1.0
1742781375.2931778,1.0
1742781375.3125632,1.0
1742781375.3316326,1.0
1742781375.350861,1.0
1742781375.3699307,1.0
1742781375.3892534,1.0
1742781375.4083583,1.0
1742781375.42744,1.0
1742781375.4465501,1.0
1742781375.4657745,1.0
1742781375.4848144,1.0
1742781375.5040803,1.0
1742781375.526688,1.0
1742781375.5459368,1.0
1742781375.5664847,1.0
1742781375.5855358,1.0
1742781375.6049209,1.0
1742781375.624003,1.0
1742781375.643073,1.0
1742781375.663717,1.0
1742781375.6829634,1.0
1742781375.7020063,1.0
1742781375.7210622,1.0
1742781375.74023,1.0
1742781375.7593625,1.0
1742781375.8189785,1.0
1742781375.8849301,1.0
1742781375.9503806,1.0
1742781376.0163949,1.0
1742781376.0823996,1.0
1742781376.1480784,1.0
1742781376.2138407,1.0
1742781376.279768,1.0
1742781376.3454967,1.0
1742781376.4113302,1.0
1742781376.477294,1.0
1742781376.5433733,1.0
1742781376.5973022,1.0
1742781376.6167154,1.0
1742781376.6361618,1.0
1742781376.655605,1.0
1742781376.6772718,1.0
1742781376.6968064,1.0
1742781376.7161515,1.0
1742781376.7353582,1.0
1742781376.754703,1.0
1742781376.775264,1.0
1742781376.79515,1.0
1742781376.8150287,1.0
1742781376.834206,1.0
1742781376.8533819,1.0
1742781376.8726141,1.0
1742781376.89188,1.0
1742781376.911096,1.0
1742781376.9303029,1.0
1742781376.949599,1.0
1742781376.9688044,1.0
1742781376.9879842,1.0
1742781377.0071678,1.0
1742781377.0263247,1.0
1742781377.0454576,1.0
1742781377.0645988,1.0
1742781377.08383,1.0
1742781377.1029851,1.0
1742781377.122164,1.0
1742781377.1414602,1.0
1742781377.1606705,1.0
1742781377.1800184,1.0
1742781377.1991496,1.0
1742781377.2187834,1.0
1742781377.237942,1.0
1742781377.2571108,1.0
1742781377.2763386,1.0
1742781377.2955017,1.0
1742781377.3149006,1.0
1742781377.334047,1.0
1742781377.3533344,1.0
1742781377.372576,1.0
1742781377.3917093,1.0
1742781377.41091,1.0
1742781377.4301236,1.0
1742781377.4492757,1.0
1742781377.4684315,1.0
1742781377.4878066,1.0
1742781377.5093157,1.0
1742781377.5287087,1.0
1742781377.548066,1.0
1742781377.5679965,1.0
1742781377.5873537,1.0
1742781377.606729,1.0
1742781377.625911,1.0
1742781377.6450348,1.0
1742781377.6654096,1.0
1742781377.6844523,1.0
1742781377.7049088,1.0
1742781377.7240372,1.0
1742781377.7432914,1.0
1742781377.7625003,1.0
1742781377.7819395,1.0
1742781377.801124,1.0
1742781377.8202772,1.0
1742781377.8394043,1.0
1742781377.8585377,1.0
1742781377.8778286,1.0
1742781377.8970754,1.0
1742781377.9162323,1.0
1742781377.9353411,1.0
1742781377.9547024,1.0
1742781377.9738772,1.0
1742781377.9932184,1.0
1742781378.0123944,1.0
1742781378.0315075,1.0
1742781378.0506756,1.0
1742781378.0698402,1.0
1742781378.089071,1.0
1742781378.1082504,1.0
1742781378.1274078,1.0
1742781378.1473696,1.0
1742781378.1665318,1.0
1742781378.1858675,1.0
1742781378.2050283,1.0
1742781378.2242024,1.0
1742781378.2433844,1.0
1742781378.2625418,1.0
1742781378.2818208,1.0
1742781378.3009472,1.0
1742781378.3201134,1.0
1742781378.3392546,1.0
1742781378.3585627,1.0
1742781378.3777246,1.0
1742781378.3971138,1.0
1742781378.4162874,1.0
1742781378.435951,1.0
1742781378.455554,1.0
1742781378.4751534,1.0
1742781378.4949358,1.0
1742781378.5164142,1.0
1742781378.5357955,1.0
1742781378.5560865,1.0
1742781378.5753722,1.0
1742781378.5959954,1.0
1742781378.6151853,1.0
1742781378.634734,1.0
1742781378.654345,1.0
1742781378.6758764,1.0
1742781378.695218,1.0
1742781378.7145045,1.0
1742781378.733824,1.0
1742781378.753336,1.0
1742781378.7726357,1.0
1742781378.7921042,1.0
1742781378.8113563,1.0
1742781378.8306918,1.0
1742781378.8500319,1.0
1742781378.8693275,1.0
1742781378.888671,1.0
1742781378.9080033,1.0
1742781378.9274347,1.0
1742781378.946803,1.0
1742781378.9661105,1.0
1742781378.9854467,1.0
1742781379.0048356,1.0
1742781379.0241463,1.0
1742781379.0435045,1.0
1742781379.0627828,1.0
1742781379.082078,1.0
1742781379.1015978,1.0
1742781379.120882,1.0
1742781379.1401663,1.0
1742781379.159615,1.0
1742781379.1789548,1.0
1742781379.1982558,1.0
1742781379.2175446,1.0
1742781379.237417,1.0
1742781379.2566614,1.0
1742781379.2759671,1.0
1742781379.2953007,1.0
1742781379.3145623,1.0
1742781379.3338943,1.0
1742781379.353323,1.0
1742781379.3726304,1.0
1742781379.3919158,1.0
1742781379.4112325,1.0
1742781379.4305458,1.0
1742781379.4498453,1.0
1742781379.4691403,1.0
1742781379.488492,1.0
1742781379.50861,1.0
1742781379.5290744,1.0
1742781379.548453,1.0
1742781379.5686593,1.0
1742781379.588548,1.0
1742781379.6089838,1.0
1742781379.628142,1.0
1742781379.6473427,1.0
1742781379.6685517,1.0
1742781379.687688,1.0
1742781379.7068856,1.0
1742781379.7260482,1.0
1742781379.7452219,1.0
1742781379.7644873,1.0
1742781379.7836854,1.0
1742781379.8029544,1.0
1742781379.8221133,1.0
1742781379.8412626,1.0
1742781379.860914,1.0
1742781379.880057,1.0
1742781379.8993022,1.0
1742781379.918525,1.0
1742781379.9376864,1.0
1742781379.9569478,1.0
1742781379.9761796,1.0
1742781379.995387,1.0
1742781380.0147016,1.0
1742781380.0338397,1.0
1742781380.0529802,1.0
1742781380.0721328,1.0
1742781380.0913477,1.0
1742781380.1105633,1.0
1742781380.1297283,1.0
1742781380.1489341,1.0
1742781380.1680846,1.0
1742781380.1872497,1.0
1742781380.2065203,1.0
1742781380.2256997,1.0
1742781380.2448173,1.0
1742781380.2639916,1.0
1742781380.283189,1.0
1742781380.3023794,1.0
1742781380.321668,1.0
1742781380.3408325,1.0
1742781380.3600948,1.0
1742781380.3792832,1.0
1742781380.3984268,1.0
1742781380.4175997,1.0
1742781380.4368076,1.0
1742781380.4559982,1.0
1742781380.4751692,1.0
1742781380.494313,1.0
1742781380.5152833,1.0
1742781380.534313,1.0
1742781380.553985,1.0
1742781380.573889,1.0
1742781380.5933058,1.0
1742781380.6127865,1.0
1742781380.6319451,1.0
1742781380.6511188,1.0
1742781380.6720824,1.0
1742781380.6912386,1.0
1742781380.710411,1.0
1742781380.7295537,1.0
1742781380.7488172,1.0
1742781380.7684395,1.0
1742781380.7877,1.0
1742781380.8069499,1.0
1742781380.8262277,1.0
1742781380.8454483,1.0
1742781380.8646889,1.0
1742781380.88394,1.0
1742781380.9032896,1.0
1742781380.9227548,1.0
1742781380.9419875,1.0
1742781380.9613664,1.0
1742781380.9806306,1.0
1742781380.9998574,1.0
1742781381.0191767,1.0
1742781381.038407,1.0
1742781381.057673,1.0
1742781381.0768888,1.0
1742781381.0961142,1.0
1742781381.1154163,1.0
1742781381.1346335,1.0
1742781381.1540356,1.0
1742781381.1732543,1.0
1742781381.1924746,1.0
1742781381.2116914,1.0
1742781381.2309055,1.0
1742781381.2507696,1.0
1742781381.2699995,1.0
1742781381.2892308,1.0
1742781381.3086183,1.0
1742781381.32814,1.0
1742781381.3473651,1.0
1742781381.3666396,1.0
1742781381.3858082,1.0
1742781381.4049845,1.0
1742781381.4242182,1.0
1742781381.4433947,1.0
1742781381.4625099,1.0
1742781381.4816966,1.0
1742781381.5008495,1.0
1742781381.5220568,1.0
1742781381.5411944,1.0
1742781381.5615792,1.0
1742781381.580748,1.0
1742781381.6003318,1.0
1742781381.6194563,1.0
1742781381.6386976,1.0
1742781381.657834,1.0
1742781381.6789708,1.0
1742781381.69807,1.0
1742781381.7171369,1.0
1742781381.736493,1.0
1742781381.7557943,1.0
1742781381.7748964,1.0
1742781381.794029,1.0
1742781381.8131368,1.0
1742781381.833819,1.0
1742781381.8547847,1.0
1742781381.8739007,1.0
1742781381.8930922,1.0
1742781381.9121554,1.0
1742781381.9315357,1.0
1742781381.9507449,1.0
1742781381.9699416,1.0
1742781381.9890425,1.0
1742781382.0081415,1.0
1742781382.027312,1.0
1742781382.0463948,1.0
1742781382.0654838,1.0
1742781382.0846274,1.0
1742781382.1037602,1.0
1742781382.1228554,1.0
1742781382.1419702,1.0
1742781382.1611419,1.0
1742781382.1802554,1.0
1742781382.1993163,1.0
1742781382.2183988,1.0
1742781382.2374792,1.0
1742781382.256593,1.0
1742781382.2757068,1.0
1742781382.2948132,1.0
1742781382.3139367,1.0
1742781382.3330164,1.0
1742781382.352142,1.0
1742781382.3713086,1.0
1742781382.390405,1.0
1742781382.4095273,1.0
1742781382.4286623,1.0
1742781382.4479923,1.0
1742781382.4671154,1.0
1742781382.486168,1.0
1742781382.5064096,1.0
1742781382.5266473,1.0
1742781382.5459135,1.0
1742781382.5661252,1.0
1742781382.5852208,1.0
1742781382.6051078,1.0
1742781382.6242127,1.0
1742781382.643347,1.0
1742781382.6642873,1.0
1742781382.6832948,1.0
1742781382.7023969,1.0
1742781382.7214997,1.0
1742781382.7406228,1.0
1742781382.7599645,1.0
1742781382.7790756,1.0
1742781382.7981343,1.0
1742781382.817216,1.0
1742781382.8363025,1.0
1742781382.8554413,1.0
1742781382.874527,1.0
1742781382.8937304,1.0
1742781382.9194763,1.0
1742781382.9386055,1.0
1742781382.957921,1.0
1742781382.9770093,1.0
1742781382.9961278,1.0
1742781383.015192,1.0
1742781383.0342674,1.0
1742781383.0535538,1.0
1742781383.0726564,1.0
1742781383.0917363,1.0
1742781383.110824,1.0
1742781383.129918,1.0
1742781383.149136,1.0
1742781383.168353,1.0
1742781383.1874514,1.0
1742781383.206485,1.0
1742781383.225549,1.0
1742781383.2447577,1.0
1742781383.2655234,1.0
1742781383.2845824,1.0
1742781383.303668,1.0
1742781383.3228607,1.0
1742781383.3419504,1.0
1742781383.3613155,1.0
1742781383.3804078,1.0
1742781383.3994923,1.0
1742781383.4185355,1.0
1742781383.4376318,1.0
1742781383.456721,1.0
1742781383.4758298,1.0
1742781383.494911,1.0
1742781383.5160463,1.0
1742781383.5350356,1.0
1742781383.554506,1.0
1742781383.5740068,1.0
1742781383.593111,1.0
1742781383.612512,1.0
1742781383.631624,1.0
1742781383.6507354,1.0
1742781383.6717887,1.0
1742781383.690912,1.0
1742781383.709979,1.0
1742781383.7290452,1.0
1742781383.7481833,1.0
1742781383.7673943,1.0
1742781383.7864816,1.0
1742781383.805534,1.0
1742781383.8246095,1.0
1742781383.8436832,1.0
1742781383.863064,1.0
1742781383.8821414,1.0
1742781383.901448,1.0
1742781383.9205575,1.0
1742781383.939632,1.0
1742781383.9589322,1.0
1742781383.978021,1.0
1742781383.9971101,1.0
1742781384.0162222,1.0
1742781384.035315,1.0
1742781384.054496,1.0
1742781384.0735433,1.0
1742781384.0926175,1.0
1742781384.1117058,1.0
1742781384.1307843,1.0
1742781384.1499531,1.0
1742781384.1692054,1.0
1742781384.1883082,1.0
1742781384.2073977,1.0
1742781384.226452,1.0
1742781384.245543,1.0
1742781384.26464,1.0
1742781384.283752,1.0
1742781384.3028307,1.0
1742781384.3219252,1.0
1742781384.3410206,1.0
1742781384.3602233,1.0
1742781384.3792732,1.0
1742781384.398377,1.0
1742781384.4174402,1.0
1742781384.4365506,1.0
1742781384.4556158,1.0
1742781384.474953,1.0
1742781384.4940405,1.0
1742781384.5153422,1.0
1742781384.5343258,1.0
1742781384.5537503,1.0
1742781384.573456,1.0
1742781384.592647,1.0
1742781384.6119878,1.0
1742781384.6310909,1.0
1742781384.6501985,1.0
1742781384.6705868,1.0
1742781384.689672,1.0
1742781384.7087655,1.0
1742781384.7278404,1.0
1742781384.7469466,1.0
1742781384.7661848,1.0
1742781384.78523,1.0
1742781384.8043277,1.0
1742781384.8234136,1.0
1742781384.8425338,1.0
1742781384.8616421,1.0
1742781384.8809314,1.0
1742781384.900134,1.0
1742781384.9192455,1.0
1742781384.9383774,1.0
1742781384.9575198,1.0
1742781384.9766552,1.0
1742781384.9957542,1.0
1742781385.0148454,1.0
1742781385.0339723,1.0
1742781385.0530741,1.0
1742781385.0721638,1.0
1742781385.0912333,1.0
1742781385.1103344,1.0
1742781385.1294103,1.0
1742781385.1485498,1.0
1742781385.1677225,1.0
1742781385.186825,1.0
1742781385.20592,1.0
1742781385.225027,1.0
1742781385.2441216,1.0
1742781385.2631876,1.0
1742781385.2828422,1.0
1742781385.301932,1.0
1742781385.3210366,1.0
1742781385.3402476,1.0
1742781385.3593717,1.0
1742781385.3785594,1.0
1742781385.3976002,1.0
1742781385.416679,1.0
1742781385.4357967,1.0
1742781385.4548566,1.0
1742781385.4740503,1.0
1742781385.4931128,1.0
1742781385.51485,1.0
1742781385.5338447,1.0
1742781385.5534146,1.0
1742781385.5730371,1.0
1742781385.5922313,1.0
1742781385.6115818,1.0
1742781385.6306956,1.0
1742781385.6497917,1.0
1742781385.6703124,1.0
1742781385.6893852,1.0
1742781385.7084672,1.0
1742781385.7275808,1.0
1742781385.7467074,1.0
1742781385.7660027,1.0
1742781385.7850807,1.0
1742781385.8042078,1.0
1742781385.8233466,1.0
1742781385.84245,1.0
1742781385.8617296,1.0
1742781385.8808336,1.0
1742781385.8999834,1.0
1742781385.9190817,1.0
1742781385.9381328,1.0
1742781385.957215,1.0
1742781385.9764168,1.0
1742781385.9954603,1.0
1742781386.0145173,1.0
1742781386.0335135,1.0
1742781386.0526156,1.0
1742781386.071626,1.0
1742781386.0906625,1.0
1742781386.109777,1.0
1742781386.1288033,1.0
1742781386.1479027,1.0
1742781386.1673536,1.0
1742781386.1863906,1.0
1742781386.205374,1.0
1742781386.2244394,1.0
1742781386.2434752,1.0
1742781386.262548,1.0
1742781386.2816439,1.0
1742781386.3007166,1.0
1742781386.3198407,1.0
1742781386.3389096,1.0
1742781386.3580594,1.0
1742781386.377341,1.0
1742781386.396439,1.0
1742781386.4155743,1.0
1742781386.434699,1.0
1742781386.4537947,1.0
1742781386.4729033,1.0
1742781386.4919732,1.0
1742781386.5119452,1.0
1742781386.5315716,1.0
1742781386.5506947,1.0
1742781386.5709646,1.0
1742781386.590179,1.0
1742781386.6096485,1.0
1742781386.6287432,1.0
1742781386.6478472,1.0
1742781386.6683366,1.0
1742781386.6873815,1.0
1742781386.7065263,1.0
1742781386.7067454,0.0
