time,actuator,value
1738731276.9745526,Actuator(ptr=c_void_p(94485688121152)),136.0
1738731281.991318,Actuator(ptr=c_void_p(94485688121152)),136.0
1738731287.0069234,Actuator(ptr=c_void_p(94485688121152)),136.0
1738731292.024596,Actuator(ptr=c_void_p(94485688121152)),136.0
1738731297.0437107,Actuator(ptr=c_void_p(94485688121152)),136.0
1738731302.0627718,Actuator(ptr=c_void_p(94485688121152)),136.0
1738731307.081918,Actuator(ptr=c_void_p(94485688121152)),136.0
1738731312.099902,Actuator(ptr=c_void_p(94485688121152)),136.0
