time,value
1742849667.2519708,1.0
1742849667.2691126,1.0
1742849667.286171,1.0
1742849667.3031754,1.0
1742849667.3202112,1.0
1742849667.337186,1.0
1742849667.3541656,1.0
1742849667.3711228,1.0
1742849667.388056,1.0
1742849667.4050171,1.0
1742849667.4220092,1.0
1742849667.4389675,1.0
1742849667.4561062,1.0
1742849667.4743733,1.0
1742849667.4964962,1.0
1742849667.5203378,1.0
1742849667.5456707,1.0
1742849667.5706959,1.0
1742849667.5942273,1.0
1742849667.6244874,1.0
1742849667.681122,1.0
1742849667.7042215,1.0
1742849667.7251933,1.0
1742849667.7461584,1.0
1742849667.7672448,1.0
1742849667.787976,1.0
1742849667.8087385,1.0
1742849667.8295078,1.0
1742849667.8502862,1.0
1742849667.8710015,1.0
1742849667.8917918,1.0
1742849667.9124897,1.0
1742849667.9332387,1.0
1742849667.9540288,1.0
1742849667.974716,1.0
1742849667.9953437,1.0
1742849668.0159826,1.0
1742849668.0366113,1.0
1742849668.0573225,1.0
1742849668.0779934,1.0
1742849668.0986369,1.0
1742849668.1193154,1.0
1742849668.1399734,1.0
1742849668.1606185,1.0
1742849668.181357,1.0
1742849668.2119873,1.0
1742849668.2411177,1.0
1742849668.2613661,1.0
1742849668.2820442,1.0
1742849668.3025014,1.0
1742849668.3230712,1.0
1742849668.3435853,1.0
1742849668.3640127,1.0
1742849668.3845015,1.0
1742849668.4049165,1.0
1742849668.4252353,1.0
1742849668.445708,1.0
1742849668.4663723,1.0
1742849668.4869697,1.0
1742849668.50748,1.0
1742849668.5280058,1.0
1742849668.5514634,1.0
1742849668.5715423,1.0
1742849668.5930128,1.0
1742849668.6133082,1.0
1742849668.6342149,1.0
1742849668.654552,1.0
1742849668.675135,1.0
1742849668.6956341,1.0
1742849668.71615,1.0
1742849668.7366152,1.0
1742849668.7570558,1.0
1742849668.777621,1.0
1742849668.7980547,1.0
1742849668.8187284,1.0
1742849668.8391366,1.0
1742849668.859587,1.0
1742849668.880213,1.0
1742849668.9007964,1.0
1742849668.9212992,1.0
1742849668.9418087,1.0
1742849668.9622877,1.0
1742849668.9827838,1.0
1742849669.0032356,1.0
1742849669.023755,1.0
1742849669.0442152,1.0
1742849669.064703,1.0
1742849669.0851977,1.0
1742849669.105812,1.0
1742849669.1263597,1.0
1742849669.1467779,1.0
1742849669.1672838,1.0
1742849669.1892357,1.0
1742849669.231105,1.0
1742849669.2509,1.0
1742849669.2711623,1.0
1742849669.2916954,1.0
1742849669.3121097,1.0
1742849669.3326726,1.0
1742849669.3531501,1.0
1742849669.3735852,1.0
1742849669.3940592,1.0
1742849669.414469,1.0
1742849669.4349172,1.0
1742849669.4553962,1.0
1742849669.476046,1.0
1742849669.4964728,1.0
1742849669.5168993,1.0
1742849669.5373669,1.0
1742849669.5598352,1.0
1742849669.580224,1.0
1742849669.6014566,1.0
1742849669.6220584,1.0
1742849669.6426356,1.0
1742849669.6630201,1.0
1742849669.683576,1.0
1742849669.7039537,1.0
1742849669.7244275,1.0
1742849669.7447743,1.0
1742849669.7653792,1.0
1742849669.7857656,1.0
1742849669.8061693,1.0
1742849669.8265984,1.0
1742849669.8470001,1.0
1742849669.8673995,1.0
1742849669.888005,1.0
1742849669.9084635,1.0
1742849669.9288836,1.0
1742849669.9496844,1.0
1742849669.9700716,1.0
1742849669.9904406,1.0
1742849670.0108242,1.0
1742849670.0312166,1.0
1742849670.051583,1.0
1742849670.0719097,1.0
1742849670.0924768,1.0
1742849670.112819,1.0
1742849670.133293,1.0
1742849670.1537411,1.0
1742849670.1741195,1.0
1742849670.1963067,1.0
1742849670.2371268,1.0
1742849670.25697,1.0
1742849670.2772374,1.0
1742849670.297624,1.0
1742849670.317986,1.0
1742849670.3383157,1.0
1742849670.3586652,1.0
1742849670.3790042,1.0
1742849670.3992615,1.0
1742849670.4196217,1.0
1742849670.4398763,1.0
1742849670.4602654,1.0
1742849670.4806461,1.0
1742849670.5019114,1.0
1742849670.5223289,1.0
1742849670.5431447,1.0
1742849670.5655167,1.0
1742849670.585751,1.0
1742849670.606988,1.0
1742849670.6275733,1.0
1742849670.6482043,1.0
1742849670.6685412,1.0
1742849670.6889336,1.0
1742849670.7093437,1.0
1742849670.7298124,1.0
1742849670.75005,1.0
1742849670.770561,1.0
1742849670.7908926,1.0
1742849670.8111765,1.0
1742849670.8314457,1.0
1742849670.8517983,1.0
1742849670.8722117,1.0
1742849670.8926718,1.0
1742849670.9129374,1.0
1742849670.933365,1.0
1742849670.9537148,1.0
1742849670.973997,1.0
1742849670.994216,1.0
1742849671.0144377,1.0
1742849671.0347776,1.0
1742849671.055038,1.0
1742849671.0753405,1.0
1742849671.0957365,1.0
1742849671.115998,1.0
1742849671.1363144,1.0
1742849671.1565657,1.0
1742849671.1769807,1.0
1742849671.1988213,1.0
1742849671.2245662,1.0
1742849671.2449784,1.0
1742849671.2652917,1.0
1742849671.285662,1.0
1742849671.305875,1.0
1742849671.3261728,1.0
1742849671.3464117,1.0
1742849671.366871,1.0
1742849671.3871377,1.0
1742849671.4074433,1.0
1742849671.4277294,1.0
1742849671.44815,1.0
1742849671.4684336,1.0
1742849671.4887698,1.0
1742849671.5090284,1.0
1742849671.529455,1.0
1742849671.5518236,1.0
1742849671.5717707,1.0
1742849671.593445,1.0
1742849671.6134248,1.0
1742849671.6340673,1.0
1742849671.654126,1.0
1742849671.6744492,1.0
1742849671.694783,1.0
1742849671.7150545,1.0
1742849671.7353868,1.0
1742849671.755694,1.0
1742849671.7760177,1.0
1742849671.796327,1.0
1742849671.8165393,1.0
1742849671.836806,1.0
1742849671.8570576,1.0
1742849671.8773332,1.0
1742849671.8976767,1.0
1742849671.9178975,1.0
1742849671.938214,1.0
1742849671.9585662,1.0
1742849671.9788322,1.0
1742849671.999081,1.0
1742849672.0193248,1.0
1742849672.0395758,1.0
1742849672.0598278,1.0
1742849672.080092,1.0
1742849672.1003854,1.0
1742849672.12062,1.0
1742849672.1408741,1.0
1742849672.1610734,1.0
1742849672.1813555,1.0
1742849672.203324,1.0
1742849672.2239783,1.0
1742849672.244193,1.0
1742849672.2643914,1.0
1742849672.284705,1.0
1742849672.304966,1.0
1742849672.32527,1.0
1742849672.34556,1.0
1742849672.3658693,1.0
1742849672.3861258,1.0
1742849672.4063745,1.0
1742849672.4265938,1.0
1742849672.4468179,1.0
1742849672.4673934,1.0
1742849672.487816,1.0
1742849672.508063,1.0
1742849672.528419,1.0
1742849672.5525112,1.0
1742849672.5724468,1.0
1742849672.5942802,1.0
1742849672.6144202,1.0
1742849672.635036,1.0
1742849672.6552703,1.0
1742849672.675539,1.0
1742849672.6976256,1.0
1742849672.719075,1.0
1742849672.739232,1.0
1742849672.7596943,1.0
1742849672.7796483,1.0
1742849672.7997668,1.0
1742849672.8197567,1.0
1742849672.8398702,1.0
1742849672.8599544,1.0
1742849672.8799875,1.0
1742849672.9070377,1.0
1742849672.9267883,1.0
1742849672.9465947,1.0
1742849672.966613,1.0
1742849672.9867108,1.0
1742849673.0067427,1.0
1742849673.0268147,1.0
1742849673.0468998,1.0
1742849673.066954,1.0
1742849673.0870333,1.0
1742849673.107094,1.0
1742849673.127324,1.0
1742849673.147358,1.0
1742849673.1674752,1.0
1742849673.189011,1.0
1742849673.209536,1.0
1742849673.2295094,1.0
1742849673.250154,1.0
1742849673.270144,1.0
1742849673.2902546,1.0
1742849673.3102856,1.0
1742849673.3304317,1.0
1742849673.3505027,1.0
1742849673.3705623,1.0
1742849673.3906622,1.0
1742849673.4107187,1.0
1742849673.4307845,1.0
1742849673.450877,1.0
1742849673.470927,1.0
1742849673.4910398,1.0
1742849673.5111823,1.0
1742849673.5313456,1.0
1742849673.554897,1.0
1742849673.574646,1.0
1742849673.5954068,1.0
1742849673.6154664,1.0
1742849673.6362808,1.0
1742849673.6562288,1.0
1742849673.676321,1.0
1742849673.6965249,1.0
1742849673.7166297,1.0
1742849673.7368164,1.0
1742849673.7568917,1.0
1742849673.7770152,1.0
1742849673.797111,1.0
1742849673.8171427,1.0
1742849673.837236,1.0
1742849673.8573108,1.0
1742849673.8773677,1.0
1742849673.8975008,1.0
1742849673.9175758,1.0
1742849673.9377887,1.0
1742849673.9580286,1.0
1742849673.978101,1.0
1742849673.9981449,1.0
1742849674.0182467,1.0
1742849674.0382798,1.0
1742849674.058329,1.0
1742849674.0784216,1.0
1742849674.0985415,1.0
1742849674.11865,1.0
1742849674.1386817,1.0
1742849674.158704,1.0
1742849674.1788225,1.0
1742849674.2005222,1.0
1742849674.2210698,1.0
1742849674.2411263,1.0
1742849674.261129,1.0
1742849674.2811532,1.0
1742849674.301279,1.0
1742849674.321357,1.0
1742849674.3415163,1.0
1742849674.3615408,1.0
1742849674.3814673,1.0
1742849674.4015958,1.0
1742849674.4217234,1.0
1742849674.4417331,1.0
1742849674.4618247,1.0
1742849674.481867,1.0
1742849674.501927,1.0
1742849674.5219867,1.0
1742849674.5421395,1.0
1742849674.5653152,1.0
1742849674.585272,1.0
1742849674.6065578,1.0
1742849674.6268933,1.0
1742849674.6471972,1.0
1742849674.6678913,1.0
1742849674.6879563,1.0
1742849674.7081077,1.0
1742849674.7282457,1.0
1742849674.7483518,1.0
1742849674.7687094,1.0
1742849674.7888088,1.0
1742849674.808979,1.0
1742849674.8291473,1.0
1742849674.849276,1.0
1742849674.8694096,1.0
1742849674.8895385,1.0
1742849674.909785,1.0
1742849674.9298651,1.0
1742849674.9500556,1.0
1742849674.9702103,1.0
1742849674.9903178,1.0
1742849675.010452,1.0
1742849675.0305734,1.0
1742849675.0506692,1.0
1742849675.0708349,1.0
1742849675.0909479,1.0
1742849675.1110826,1.0
1742849675.1313157,1.0
1742849675.1514611,1.0
1742849675.1716301,1.0
1742849675.193015,1.0
1742849675.2304196,1.0
1742849675.250296,1.0
1742849675.2706568,1.0
1742849675.290834,1.0
1742849675.3110814,1.0
1742849675.3314018,1.0
1742849675.3517299,1.0
1742849675.372004,1.0
1742849675.39233,1.0
1742849675.4126525,1.0
1742849675.4328804,1.0
1742849675.4531167,1.0
1742849675.4732733,1.0
1742849675.4936929,1.0
1742849675.5139186,1.0
1742849675.5341268,1.0
1742849675.5567117,1.0
1742849675.5768044,1.0
1742849675.5980644,1.0
1742849675.618178,1.0
1742849675.640048,1.0
1742849675.6600559,1.0
1742849675.6802378,1.0
1742849675.700519,1.0
1742849675.7206922,1.0
1742849675.7410688,1.0
1742849675.7615871,1.0
1742849675.7816894,1.0
1742849675.801855,1.0
1742849675.822039,1.0
1742849675.8421853,1.0
1742849675.8624,1.0
1742849675.8825824,1.0
1742849675.9030707,1.0
1742849675.923271,1.0
1742849675.9435024,1.0
1742849675.9638963,1.0
1742849675.9840648,1.0
1742849676.0042577,1.0
1742849676.0244331,1.0
1742849676.0446825,1.0
1742849676.0649438,1.0
1742849676.085189,1.0
1742849676.1053863,1.0
1742849676.125582,1.0
1742849676.1458502,1.0
1742849676.1660593,1.0
1742849676.1862144,1.0
1742849676.20838,1.0
1742849676.2285182,1.0
1742849676.2486846,1.0
1742849676.268889,1.0
1742849676.289222,1.0
1742849676.309359,1.0
1742849676.3295884,1.0
1742849676.3497527,1.0
1742849676.3699374,1.0
1742849676.390677,1.0
1742849676.4109058,1.0
1742849676.431052,1.0
1742849676.451244,1.0
1742849676.4713976,1.0
1742849676.4916914,1.0
1742849676.5118341,1.0
1742849676.5319536,1.0
1742849676.5541742,1.0
1742849676.574122,1.0
1742849676.5943737,1.0
1742849676.6150997,1.0
1742849676.6356652,1.0
1742849676.655773,1.0
1742849676.675855,1.0
1742849676.696009,1.0
1742849676.7161322,1.0
1742849676.7362244,1.0
1742849676.7564788,1.0
1742849676.7767785,1.0
1742849676.796942,1.0
1742849676.8170843,1.0
1742849676.8372653,1.0
1742849676.857478,1.0
1742849676.8775928,1.0
1742849676.8979354,1.0
1742849676.9180534,1.0
1742849676.9381638,1.0
1742849676.9583476,1.0
1742849676.9784558,1.0
1742849676.9985561,1.0
1742849677.0188074,1.0
1742849677.0389276,1.0
1742849677.059091,1.0
1742849677.0792558,1.0
1742849677.0994244,1.0
1742849677.1196365,1.0
1742849677.1397705,1.0
1742849677.159864,1.0
1742849677.1800256,1.0
1742849677.2022085,1.0
1742849677.239902,1.0
1742849677.2596767,1.0
1742849677.2797446,1.0
1742849677.3004355,1.0
1742849677.320806,1.0
1742849677.3410954,1.0
1742849677.3613615,1.0
1742849677.3816252,1.0
1742849677.401936,1.0
1742849677.4222076,1.0
1742849677.4424248,1.0
1742849677.4628062,1.0
1742849677.483041,1.0
1742849677.503557,1.0
1742849677.5237446,1.0
1742849677.5445151,1.0
1742849677.5664613,1.0
1742849677.586567,1.0
1742849677.6077895,1.0
1742849677.6279588,1.0
1742849677.648802,1.0
1742849677.6690128,1.0
1742849677.6892676,1.0
1742849677.7095053,1.0
1742849677.7323134,1.0
1742849677.7536423,1.0
1742849677.7738988,1.0
1742849677.7941024,1.0
1742849677.814282,1.0
1742849677.8344865,1.0
1742849677.854667,1.0
1742849677.8748658,1.0
1742849677.8952389,1.0
1742849677.9153917,1.0
1742849677.9356582,1.0
1742849677.9560208,1.0
1742849677.9763057,1.0
1742849677.9965174,1.0
1742849678.0166976,1.0
1742849678.0372887,1.0
1742849678.0575943,1.0
1742849678.0777564,1.0
1742849678.0980628,1.0
1742849678.1182718,1.0
1742849678.1384077,1.0
1742849678.1587348,1.0
1742849678.1790102,1.0
1742849678.201291,1.0
1742849678.2213268,1.0
1742849678.2415276,1.0
1742849678.261716,1.0
1742849678.2819588,1.0
1742849678.302218,1.0
1742849678.3224335,1.0
1742849678.342662,1.0
1742849678.3628592,1.0
1742849678.3831499,1.0
1742849678.4033408,1.0
1742849678.4235728,1.0
1742849678.4442484,1.0
1742849678.4644125,1.0
1742849678.4846685,1.0
1742849678.5049963,1.0
1742849678.5252168,1.0
1742849678.5465288,1.0
1742849678.5674253,1.0
1742849678.587647,1.0
1742849678.6088426,1.0
1742849678.629115,1.0
1742849678.649907,1.0
1742849678.6700926,1.0
1742849678.6902423,1.0
1742849678.7104478,1.0
1742849678.7307448,1.0
1742849678.750912,1.0
1742849678.7714136,1.0
1742849678.79162,1.0
1742849678.8118165,1.0
1742849678.8319802,1.0
1742849678.8521678,1.0
1742849678.872365,1.0
1742849678.892669,1.0
1742849678.9128761,1.0
1742849678.9330764,1.0
1742849678.9533684,1.0
1742849678.9734967,1.0
1742849678.9937255,1.0
1742849679.0139084,1.0
1742849679.034148,1.0
1742849679.0542507,1.0
1742849679.0744102,1.0
1742849679.0945933,1.0
1742849679.1147285,1.0
1742849679.134917,1.0
1742849679.1551495,1.0
1742849679.175444,1.0
1742849679.1975176,1.0
1742849679.217692,1.0
1742849679.2377467,1.0
1742849679.2579114,1.0
1742849679.2964885,1.0
1742849679.3163996,1.0
1742849679.3363602,1.0
1742849679.3567145,1.0
1742849679.3769362,1.0
1742849679.3971872,1.0
1742849679.4174528,1.0
1742849679.4377422,1.0
1742849679.4579682,1.0
1742849679.4781437,1.0
1742849679.4983556,1.0
1742849679.5185847,1.0
1742849679.5387418,1.0
1742849679.5615542,1.0
1742849679.581711,1.0
1742849679.602834,1.0
1742849679.6229205,1.0
1742849679.643761,1.0
1742849679.6639113,1.0
1742849679.6841302,1.0
1742849679.704451,1.0
1742849679.72461,1.0
1742849679.7448468,1.0
1742849679.7657077,1.0
1742849679.7858255,1.0
1742849679.806041,1.0
1742849679.8262174,1.0
1742849679.8464468,1.0
1742849679.8666108,1.0
1742849679.8867977,1.0
1742849679.9070241,1.0
1742849679.927223,1.0
1742849679.9474697,1.0
1742849679.9681027,1.0
1742849679.9882526,1.0
1742849680.0084593,1.0
1742849680.0286534,1.0
1742849680.0489438,1.0
1742849680.0691717,1.0
1742849680.0893483,1.0
1742849680.109682,1.0
1742849680.1298685,1.0
1742849680.1501105,1.0
1742849680.1703591,1.0
1742849680.192128,1.0
1742849680.212256,1.0
1742849680.2325654,1.0
1742849680.2527354,1.0
1742849680.2729135,1.0
1742849680.2931607,1.0
1742849680.3134868,1.0
1742849680.3336415,1.0
1742849680.3540075,1.0
1742849680.374256,1.0
1742849680.3944163,1.0
1742849680.4146662,1.0
1742849680.4348578,1.0
1742849680.4550707,1.0
1742849680.4752789,1.0
1742849680.495504,1.0
1742849680.5157511,1.0
1742849680.5359092,1.0
1742849680.5589333,1.0
1742849680.5811305,1.0
1742849680.6022217,1.0
1742849680.6223726,1.0
1742849680.642834,1.0
1742849680.6630244,1.0
1742849680.683198,1.0
1742849680.7035458,1.0
1742849680.7237477,1.0
1742849680.743915,1.0
1742849680.7646043,1.0
1742849680.784721,1.0
1742849680.8049693,1.0
1742849680.825174,1.0
1742849680.845367,1.0
1742849680.8655658,1.0
1742849680.885778,1.0
1742849680.9070911,1.0
1742849680.927199,1.0
1742849680.9473836,1.0
1742849680.9677434,1.0
1742849680.9879303,1.0
1742849681.0081732,1.0
1742849681.028382,1.0
1742849681.0485663,1.0
1742849681.0687885,1.0
1742849681.0889819,1.0
1742849681.1092045,1.0
1742849681.1293902,1.0
1742849681.1496887,1.0
1742849681.1698406,1.0
1742849681.1920106,1.0
1742849681.2119029,1.0
1742849681.2319925,1.0
1742849681.2522335,1.0
1742849681.2724295,1.0
1742849681.2925482,1.0
1742849681.312856,1.0
1742849681.3332808,1.0
1742849681.3535826,1.0
1742849681.3738906,1.0
1742849681.39409,1.0
1742849681.414208,1.0
1742849681.4343903,1.0
1742849681.4545953,1.0
1742849681.4748156,1.0
1742849681.4950683,1.0
1742849681.5154269,1.0
1742849681.5355926,1.0
1742849681.5583243,1.0
1742849681.57836,1.0
1742849681.59939,1.0
1742849681.6194732,1.0
1742849681.6404972,1.0
1742849681.6604908,1.0
1742849681.6806757,1.0
1742849681.701028,1.0
1742849681.7212372,1.0
1742849681.7415547,1.0
1742849681.7620513,1.0
1742849681.7820942,1.0
1742849681.8023734,1.0
1742849681.8225217,1.0
1742849681.842831,1.0
1742849681.862991,1.0
1742849681.8832169,1.0
1742849681.90353,1.0
1742849681.9237776,1.0
1742849681.9440207,1.0
1742849681.9646087,1.0
1742849681.9847877,1.0
1742849682.0049791,1.0
1742849682.0252388,1.0
1742849682.0454926,1.0
1742849682.0657537,1.0
1742849682.0859592,1.0
1742849682.1062622,1.0
1742849682.126463,1.0
1742849682.1466284,1.0
1742849682.1669753,1.0
1742849682.1886787,1.0
1742849682.2088923,1.0
1742849682.2294862,1.0
1742849682.249794,1.0
1742849682.2699838,1.0
1742849682.290224,1.0
1742849682.310452,1.0
1742849682.3305986,1.0
1742849682.3508692,1.0
1742849682.371138,1.0
1742849682.391313,1.0
1742849682.4114943,1.0
1742849682.4317048,1.0
1742849682.4519093,1.0
1742849682.4722786,1.0
1742849682.4927094,1.0
1742849682.512969,1.0
1742849682.5332046,1.0
1742849682.555903,1.0
1742849682.575975,1.0
1742849682.5970526,1.0
1742849682.6170964,1.0
1742849682.63782,1.0
1742849682.6578481,1.0
1742849682.6781409,1.0
1742849682.698377,1.0
1742849682.7185984,1.0
1742849682.7388754,1.0
1742849682.7629056,1.0
1742849682.7828364,1.0
1742849682.80308,1.0
1742849682.8232803,1.0
1742849682.8434784,1.0
1742849682.8638344,1.0
1742849682.8840787,1.0
1742849682.9121163,1.0
1742849682.9324563,1.0
1742849682.952808,1.0
1742849682.9733753,1.0
1742849682.9939673,1.0
1742849683.0143616,1.0
1742849683.0348299,1.0
1742849683.055343,1.0
1742849683.0757258,1.0
1742849683.0961313,1.0
1742849683.1167119,1.0
1742849683.1372201,1.0
1742849683.157646,1.0
1742849683.1783233,1.0
1742849683.2005816,1.0
1742849683.2208304,1.0
1742849683.2412617,1.0
1742849683.2616842,1.0
1742849683.2821245,1.0
1742849683.3026154,1.0
1742849683.3231108,1.0
1742849683.344092,1.0
1742849683.3645906,1.0
1742849683.3850074,1.0
1742849683.4054518,1.0
1742849683.425793,1.0
1742849683.4462276,1.0
1742849683.4665954,1.0
1742849683.4870174,1.0
1742849683.507632,1.0
1742849683.528077,1.0
1742849683.551616,1.0
1742849683.5716085,1.0
1742849683.592641,1.0
1742849683.6128337,1.0
1742849683.6339025,1.0
1742849683.654223,1.0
1742849683.674657,1.0
1742849683.6950595,1.0
1742849683.7155473,1.0
1742849683.7359724,1.0
1742849683.7563226,1.0
1742849683.7771642,1.0
1742849683.797677,1.0
1742849683.818775,1.0
1742849683.8391724,1.0
1742849683.859614,1.0
1742849683.8800502,1.0
1742849683.9006279,1.0
1742849683.921067,1.0
1742849683.941505,1.0
1742849683.9619596,1.0
1742849683.9828298,1.0
1742849684.0032783,1.0
1742849684.0236707,1.0
1742849684.044113,1.0
1742849684.0645592,1.0
1742849684.085063,1.0
1742849684.1056442,1.0
1742849684.1261826,1.0
1742849684.146705,1.0
1742849684.167208,1.0
1742849684.1891174,1.0
1742849684.2101128,1.0
1742849684.230583,1.0
1742849684.2510247,1.0
1742849684.2715054,1.0
1742849684.2919104,1.0
1742849684.3124921,1.0
1742849684.332927,1.0
1742849684.3533688,1.0
1742849684.373882,1.0
1742849684.3942547,1.0
1742849684.4146876,1.0
1742849684.4351096,1.0
1742849684.455558,1.0
1742849684.476026,1.0
1742849684.4964402,1.0
1742849684.5168881,1.0
1742849684.5372994,1.0
1742849684.559816,1.0
1742849684.5797675,1.0
1742849684.6006992,1.0
1742849684.6206958,1.0
1742849684.6415207,1.0
1742849684.6614952,1.0
1742849684.6816585,1.0
1742849684.7017117,1.0
1742849684.721909,1.0
1742849684.7419503,1.0
1742849684.7622848,1.0
1742849684.78226,1.0
1742849684.8023968,1.0
1742849684.8224492,1.0
1742849684.8424504,1.0
1742849684.8624783,1.0
1742849684.8824737,1.0
1742849684.9026644,1.0
1742849684.9227352,1.0
1742849684.9427488,1.0
1742849684.96277,1.0
1742849684.982751,1.0
1742849685.0027623,1.0
1742849685.0227618,1.0
1742849685.042755,1.0
1742849685.0628,1.0
1742849685.082777,1.0
1742849685.1028132,1.0
1742849685.122903,1.0
1742849685.1429338,1.0
1742849685.1629553,1.0
1742849685.182966,1.0
1742849685.2044876,1.0
1742849685.2245092,1.0
1742849685.244531,1.0
1742849685.2645135,1.0
1742849685.2845345,1.0
1742849685.3045337,1.0
1742849685.324607,1.0
1742849685.3451822,1.0
1742849685.3652325,1.0
1742849685.3852391,1.0
1742849685.405296,1.0
1742849685.4253151,1.0
1742849685.4452722,1.0
1742849685.4653244,1.0
1742849685.4853153,1.0
1742849685.505429,1.0
1742849685.5255554,1.0
1742849685.5478473,1.0
1742849685.5689323,1.0
1742849685.5888805,1.0
1742849685.6099565,1.0
1742849685.6300883,1.0
1742849685.6507635,1.0
1742849685.6708388,1.0
1742849685.6909425,1.0
1742849685.7110147,1.0
1742849685.7311692,1.0
1742849685.7512352,1.0
1742849685.771786,1.0
1742849685.7918036,1.0
1742849685.8118255,1.0
1742849685.8319027,1.0
1742849685.851972,1.0
1742849685.8720202,1.0
1742849685.8921902,1.0
1742849685.9123728,1.0
1742849685.9324615,1.0
1742849685.9525442,1.0
1742849685.972883,1.0
1742849685.9929287,1.0
1742849686.0130198,1.0
1742849686.0330815,1.0
1742849686.0532131,1.0
1742849686.073256,1.0
1742849686.0933268,1.0
1742849686.11349,1.0
1742849686.1335151,1.0
1742849686.153582,1.0
1742849686.1737707,1.0
1742849686.1957817,1.0
1742849686.215536,1.0
1742849686.2438645,1.0
1742849686.2728934,1.0
1742849686.2926476,1.0
1742849686.3127792,1.0
1742849686.3328938,1.0
1742849686.35311,1.0
1742849686.3735235,1.0
1742849686.393564,1.0
1742849686.4137278,1.0
1742849686.4337626,1.0
1742849686.4539049,1.0
1742849686.4740574,1.0
1742849686.4941204,1.0
1742849686.5143178,1.0
1742849686.5344543,1.0
1742849686.5581465,1.0
1742849686.5780094,1.0
1742849686.599434,1.0
1742849686.6193883,1.0
1742849686.6410143,1.0
1742849686.661148,1.0
1742849686.6813688,1.0
1742849686.7015207,1.0
1742849686.7218158,1.0
1742849686.7419062,1.0
1742849686.7621942,1.0
1742849686.7823174,1.0
1742849686.8023782,1.0
1742849686.8223825,1.0
1742849686.842565,1.0
1742849686.8629103,1.0
1742849686.88296,1.0
1742849686.9031208,1.0
1742849686.9232576,1.0
1742849686.9434223,1.0
1742849686.96363,1.0
1742849686.9837554,1.0
1742849687.0038013,1.0
1742849687.0239682,1.0
1742849687.0440447,1.0
1742849687.0641224,1.0
1742849687.0842824,1.0
1742849687.1043928,1.0
1742849687.1245384,1.0
1742849687.1446712,1.0
1742849687.1648257,1.0
1742849687.185018,1.0
1742849687.2066605,1.0
1742849687.2267587,1.0
1742849687.2468371,1.0
1742849687.2669747,1.0
1742849687.2870815,1.0
1742849687.3072507,1.0
1742849687.327398,1.0
1742849687.3474514,1.0
1742849687.368006,1.0
1742849687.3881166,1.0
1742849687.408226,1.0
1742849687.428353,1.0
1742849687.448447,1.0
1742849687.468715,1.0
1742849687.4890182,1.0
1742849687.5090992,1.0
1742849687.5292957,1.0
1742849687.5525002,1.0
1742849687.5722115,1.0
1742849687.5926895,1.0
1742849687.6129336,1.0
1742849687.6339784,1.0
1742849687.6542044,1.0
1742849687.6744633,1.0
1742849687.6947038,1.0
1742849687.714961,1.0
1742849687.735279,1.0
1742849687.7555354,1.0
1742849687.779447,1.0
1742849687.7995536,1.0
1742849687.8198242,1.0
1742849687.8400626,1.0
1742849687.8603456,1.0
1742849687.8806057,1.0
1742849687.9009733,1.0
1742849687.921362,1.0
1742849687.9417078,1.0
1742849687.961972,1.0
1742849687.9824483,1.0
1742849688.0027218,1.0
1742849688.0230873,1.0
1742849688.0434325,1.0
1742849688.0637321,1.0
1742849688.0840268,1.0
1742849688.104396,1.0
1742849688.1248605,1.0
1742849688.145159,1.0
1742849688.1654458,1.0
1742849688.1858475,1.0
1742849688.207583,1.0
1742849688.2278984,1.0
1742849688.2482274,1.0
1742849688.268608,1.0
1742849688.2889273,1.0
1742849688.3092308,1.0
1742849688.3296282,1.0
1742849688.3499455,1.0
1742849688.3702495,1.0
1742849688.3906887,1.0
1742849688.4109535,1.0
1742849688.4312246,1.0
1742849688.451586,1.0
1742849688.4719903,1.0
1742849688.4922583,1.0
1742849688.5126913,1.0
1742849688.5331473,1.0
1742849688.5564137,1.0
1742849688.576442,1.0
1742849688.5981002,1.0
1742849688.6182911,1.0
1742849688.6389139,1.0
1742849688.6591885,1.0
1742849688.679567,1.0
1742849688.6999428,1.0
1742849688.720399,1.0
1742849688.7407408,1.0
1742849688.7613204,1.0
1742849688.7816727,1.0
1742849688.8020003,1.0
1742849688.8223548,1.0
1742849688.842643,1.0
1742849688.8629909,1.0
1742849688.8833668,1.0
1742849688.903753,1.0
1742849688.924117,1.0
1742849688.944973,1.0
1742849688.965295,1.0
1742849688.985787,1.0
1742849689.0058484,1.0
1742849689.025865,1.0
1742849689.0459056,1.0
1742849689.0660403,1.0
1742849689.086122,1.0
1742849689.1061976,1.0
1742849689.1263528,1.0
1742849689.1463919,1.0
1742849689.1664543,1.0
1742849689.1866212,1.0
1742849689.2085128,1.0
1742849689.2285511,1.0
1742849689.2485933,1.0
1742849689.2686462,1.0
1742849689.2887383,1.0
1742849689.3087661,1.0
1742849689.3288944,1.0
1742849689.3489144,1.0
1742849689.368982,1.0
1742849689.389752,1.0
1742849689.4097395,1.0
1742849689.4297621,1.0
1742849689.4497454,1.0
1742849689.469834,1.0
1742849689.4898798,1.0
1742849689.5098696,1.0
1742849689.5299282,1.0
1742849689.5529196,1.0
1742849689.5726025,1.0
1742849689.5934498,1.0
1742849689.6134658,1.0
1742849689.6338115,1.0
1742849689.6545675,1.0
1742849689.674718,1.0
1742849689.6949148,1.0
1742849689.7151082,1.0
1742849689.7353296,1.0
1742849689.7557383,1.0
1742849689.7761176,1.0
1742849689.796348,1.0
1742849689.8164659,1.0
1742849689.8366022,1.0
1742849689.856743,1.0
1742849689.8769326,1.0
1742849689.8973835,1.0
1742849689.917659,1.0
1742849689.93792,1.0
1742849689.9580889,1.0
1742849689.9783146,1.0
1742849689.9984808,1.0
1742849690.0186634,1.0
1742849690.0387046,1.0
1742849690.0588522,1.0
1742849690.0790162,1.0
1742849690.0991576,1.0
1742849690.1194162,1.0
1742849690.139554,1.0
1742849690.159659,1.0
1742849690.1799061,1.0
1742849690.201978,1.0
1742849690.222075,1.0
1742849690.2514513,1.0
1742849690.2889607,1.0
1742849690.3090935,1.0
1742849690.3295124,1.0
1742849690.350018,1.0
1742849690.3704646,1.0
1742849690.3909683,1.0
1742849690.4114373,1.0
1742849690.4318266,1.0
1742849690.4522986,1.0
1742849690.4727113,1.0
1742849690.4931636,1.0
1742849690.535343,1.0
1742849690.557991,1.0
1742849690.5781524,1.0
1742849690.5994675,1.0
1742849690.619745,1.0
1742849690.6406674,1.0
1742849690.6610172,1.0
1742849690.6814444,1.0
1742849690.7017822,1.0
1742849690.7221284,1.0
1742849690.742442,1.0
1742849690.7628732,1.0
1742849690.783205,1.0
1742849690.8034961,1.0
1742849690.823834,1.0
1742849690.8441257,1.0
1742849690.8645675,1.0
1742849690.884862,1.0
1742849690.905488,1.0
1742849690.9259675,1.0
1742849690.946258,1.0
1742849690.966555,1.0
1742849690.9869952,1.0
1742849691.0072947,1.0
1742849691.02758,1.0
1742849691.047874,1.0
1742849691.0681777,1.0
1742849691.0884664,1.0
1742849691.1088037,1.0
1742849691.129227,1.0
1742849691.1495585,1.0
1742849691.1698933,1.0
1742849691.1919296,1.0
1742849691.2126236,1.0
1742849691.2328317,1.0
1742849691.2530565,1.0
1742849691.2733493,1.0
1742849691.293635,1.0
1742849691.3138938,1.0
1742849691.3342025,1.0
1742849691.354432,1.0
1742849691.374801,1.0
1742849691.3954434,1.0
1742849691.4156687,1.0
1742849691.4359055,1.0
1742849691.456108,1.0
1742849691.476318,1.0
1742849691.4965818,1.0
1742849691.5168834,1.0
1742849691.5372052,1.0
1742849691.5606267,1.0
1742849691.5808578,1.0
1742849691.6028345,1.0
1742849691.6229742,1.0
1742849691.6434915,1.0
1742849691.6638432,1.0
1742849691.6840837,1.0
1742849691.7042773,1.0
1742849691.7247076,1.0
1742849691.7454267,1.0
1742849691.7658944,1.0
1742849691.7862208,1.0
1742849691.8064294,1.0
1742849691.8266714,1.0
1742849691.8469303,1.0
1742849691.8671637,1.0
1742849691.8874617,1.0
1742849691.9077444,1.0
1742849691.9280236,1.0
1742849691.9482393,1.0
1742849691.9685965,1.0
1742849691.989243,1.0
1742849692.0094557,1.0
1742849692.0297344,1.0
1742849692.0499551,1.0
1742849692.0701718,1.0
1742849692.0903814,1.0
1742849692.1206863,1.0
1742849692.140639,1.0
1742849692.160762,1.0
1742849692.181128,1.0
1742849692.2036145,1.0
1742849692.2236247,1.0
1742849692.2439036,1.0
1742849692.2641907,1.0
1742849692.284441,1.0
1742849692.3046649,1.0
1742849692.324952,1.0
1742849692.3452117,1.0
1742849692.36547,1.0
1742849692.385888,1.0
1742849692.4060457,1.0
1742849692.4262912,1.0
1742849692.446453,1.0
1742849692.4668665,1.0
1742849692.487222,1.0
1742849692.5074186,1.0
1742849692.5277424,1.0
1742849692.5501392,1.0
1742849692.5703037,1.0
1742849692.5909278,1.0
1742849692.611587,1.0
1742849692.6319225,1.0
1742849692.652753,1.0
1742849692.6729808,1.0
1742849692.6932247,1.0
1742849692.7134347,1.0
1742849692.733914,1.0
1742849692.754154,1.0
1742849692.7747395,1.0
1742849692.7962582,1.0
1742849692.8191285,1.0
1742849692.8392353,1.0
1742849692.8595574,1.0
1742849692.8798668,1.0
1742849692.9072006,1.0
1742849692.9291825,1.0
1742849692.9492884,1.0
1742849692.96952,1.0
1742849692.989895,1.0
1742849693.0101922,1.0
1742849693.0304852,1.0
1742849693.0510142,1.0
1742849693.0712256,1.0
1742849693.091461,1.0
1742849693.1118438,1.0
1742849693.132193,1.0
1742849693.1525524,1.0
1742849693.1728864,1.0
1742849693.1957414,1.0
1742849693.2157278,1.0
1742849693.2360225,1.0
1742849693.256344,1.0
1742849693.2767444,1.0
1742849693.2971396,1.0
1742849693.3176224,1.0
1742849693.3380866,1.0
1742849693.358492,1.0
1742849693.3788488,1.0
1742849693.3993726,1.0
1742849693.4201708,1.0
1742849693.4404514,1.0
1742849693.4608393,1.0
1742849693.4812353,1.0
1742849693.5017111,1.0
1742849693.5221403,1.0
1742849693.5431774,1.0
1742849693.590581,1.0
1742849693.6105392,1.0
1742849693.631223,1.0
1742849693.6519744,1.0
1742849693.6724176,1.0
1742849693.692895,1.0
1742849693.7133336,1.0
1742849693.7339034,1.0
1742849693.75436,1.0
1742849693.7750428,1.0
1742849693.7956245,1.0
1742849693.816083,1.0
1742849693.8365762,1.0
1742849693.8571284,1.0
1742849693.877644,1.0
1742849693.8981714,1.0
1742849693.918612,1.0
1742849693.9391239,1.0
1742849693.9595392,1.0
1742849693.9804869,1.0
1742849694.0010338,1.0
1742849694.0215068,1.0
1742849694.0419781,1.0
1742849694.06315,1.0
1742849694.0836158,1.0
1742849694.1041863,1.0
1742849694.1247334,1.0
1742849694.145219,1.0
1742849694.1656983,1.0
1742849694.1861484,1.0
1742849694.208259,1.0
1742849694.2286534,1.0
1742849694.2491047,1.0
1742849694.269481,1.0
1742849694.2899141,1.0
1742849694.3102503,1.0
1742849694.3306582,1.0
1742849694.351008,1.0
1742849694.371419,1.0
1742849694.3919094,1.0
1742849694.4123173,1.0
1742849694.4326816,1.0
1742849694.4530187,1.0
1742849694.473415,1.0
1742849694.4937809,1.0
1742849694.5141613,1.0
1742849694.5346034,1.0
1742849694.5626223,1.0
1742849694.5828052,1.0
1742849694.6037703,1.0
1742849694.624208,1.0
1742849694.6451733,1.0
1742849694.6656625,1.0
1742849694.686151,1.0
1742849694.7065737,1.0
1742849694.727088,1.0
1742849694.7476006,1.0
1742849694.7684436,1.0
1742849694.7889452,1.0
1742849694.8094375,1.0
1742849694.8299577,1.0
1742849694.8504252,1.0
1742849694.8709342,1.0
1742849694.8914177,1.0
1742849694.9119866,1.0
1742849694.932471,1.0
1742849694.953006,1.0
1742849694.9735115,1.0
1742849694.9940498,1.0
1742849695.0145528,1.0
1742849695.0350597,1.0
1742849695.0555496,1.0
1742849695.0760753,1.0
1742849695.0965707,1.0
1742849695.117074,1.0
1742849695.1375659,1.0
1742849695.158085,1.0
1742849695.1786354,1.0
1742849695.2015104,1.0
1742849695.2218125,1.0
1742849695.2422612,1.0
1742849695.2627764,1.0
1742849695.283231,1.0
1742849695.3037422,1.0
1742849695.3242354,1.0
1742849695.3446956,1.0
1742849695.365251,1.0
1742849695.3857713,1.0
1742849695.4062917,1.0
1742849695.4270108,1.0
1742849695.4474509,1.0
1742849695.4679897,1.0
1742849695.4884393,1.0
1742849695.5089753,1.0
1742849695.529479,1.0
1742849695.551785,1.0
1742849695.5719614,1.0
1742849695.592789,1.0
1742849695.6133783,1.0
1742849695.6340916,1.0
1742849695.655,1.0
1742849695.675539,1.0
1742849695.6979852,1.0
1742849695.7182865,1.0
1742849695.7387257,1.0
1742849695.7595043,1.0
1742849695.779962,1.0
1742849695.8004718,1.0
1742849695.8210287,1.0
1742849695.8415372,1.0
1742849695.862065,1.0
1742849695.8825774,1.0
1742849695.903233,1.0
1742849695.923686,1.0
1742849695.9442353,1.0
1742849695.9647226,1.0
1742849695.98527,1.0
1742849696.0057857,1.0
1742849696.0262723,1.0
1742849696.0467906,1.0
1742849696.06724,1.0
1742849696.0877173,1.0
1742849696.1082113,1.0
1742849696.1287026,1.0
1742849696.149175,1.0
1742849696.169716,1.0
1742849696.1918912,1.0
1742849696.2122893,1.0
1742849696.232792,1.0
1742849696.2537289,1.0
1742849696.2742631,1.0
1742849696.2947898,1.0
1742849696.3153133,1.0
1742849696.3358645,1.0
1742849696.356419,1.0
1742849696.3769956,1.0
1742849696.3975186,1.0
1742849696.4180684,1.0
1742849696.4385781,1.0
1742849696.4590802,1.0
1742849696.4795244,1.0
1742849696.5000882,1.0
1742849696.520671,1.0
1742849696.5411797,1.0
1742849696.563012,1.0
1742849696.5835063,1.0
1742849696.6048,1.0
1742849696.6251833,1.0
1742849696.646126,1.0
1742849696.666755,1.0
1742849696.6872985,1.0
1742849696.7078838,1.0
1742849696.7283695,1.0
1742849696.7489324,1.0
1742849696.769636,1.0
1742849696.7901154,1.0
1742849696.8107076,1.0
1742849696.8311734,1.0
1742849696.8516917,1.0
1742849696.8729012,1.0
1742849696.8932414,1.0
1742849696.9137833,1.0
1742849696.9342697,1.0
1742849696.954825,1.0
1742849696.9753418,1.0
1742849696.9958694,1.0
1742849697.0164855,1.0
1742849697.0370336,1.0
1742849697.0575821,1.0
1742849697.0781455,1.0
1742849697.0987175,1.0
1742849697.119227,1.0
1742849697.13995,1.0
1742849697.1606023,1.0
1742849697.1812103,1.0
1742849697.2048132,1.0
1742849697.2252324,1.0
1742849697.245799,1.0
1742849697.2664435,1.0
1742849697.2871406,1.0
1742849697.3077998,1.0
1742849697.3284156,1.0
1742849697.3490899,1.0
1742849697.369791,1.0
1742849697.390454,1.0
1742849697.4111347,1.0
1742849697.4317446,1.0
1742849697.4527462,1.0
1742849697.4734187,1.0
1742849697.49412,1.0
1742849697.5147226,1.0
1742849697.5353706,1.0
1742849697.5582168,1.0
1742849697.5786562,1.0
1742849697.60006,1.0
1742849697.6206403,1.0
1742849697.6418583,1.0
1742849697.6628885,1.0
1742849697.6834779,1.0
1742849697.704075,1.0
1742849697.7247543,1.0
1742849697.7453926,1.0
1742849697.7662907,1.0
1742849697.7869124,1.0
1742849697.8075547,1.0
1742849697.83144,1.0
1742849697.8517468,1.0
1742849697.8723938,1.0
1742849697.8930674,1.0
1742849697.913767,1.0
1742849697.9352171,1.0
1742849697.9558568,1.0
1742849697.9765153,1.0
1742849697.99718,1.0
1742849698.0179634,1.0
1742849698.038631,1.0
1742849698.0592327,1.0
1742849698.079877,1.0
1742849698.1004643,1.0
1742849698.1212044,1.0
1742849698.1428132,1.0
1742849698.1633124,1.0
1742849698.183956,1.0
1742849698.2071316,1.0
1742849698.2275674,1.0
1742849698.2481856,1.0
1742849698.268818,1.0
1742849698.2895162,1.0
1742849698.3169436,1.0
1742849698.33729,1.0
1742849698.3576689,1.0
1742849698.3782523,1.0
1742849698.3988833,1.0
1742849698.4195404,1.0
1742849698.440147,1.0
1742849698.460786,1.0
1742849698.4813716,1.0
1742849698.5020194,1.0
1742849698.522614,1.0
1742849698.5447876,1.0
1742849698.566456,1.0
1742849698.5868468,1.0
1742849698.6083477,1.0
1742849698.6295228,1.0
1742849698.650133,1.0
1742849698.670753,1.0
1742849698.6913054,1.0
1742849698.71188,1.0
1742849698.7324817,1.0
1742849698.7531524,1.0
1742849698.7739415,1.0
1742849698.7944767,1.0
1742849698.815161,1.0
1742849698.8357108,1.0
1742849698.856245,1.0
1742849698.8768277,1.0
1742849698.8974583,1.0
1742849698.9180427,1.0
1742849698.9385881,1.0
1742849698.9591076,1.0
1742849698.9796631,1.0
1742849699.0001667,1.0
1742849699.020754,1.0
1742849699.0413175,1.0
1742849699.0618832,1.0
1742849699.0824652,1.0
1742849699.103016,1.0
1742849699.1236286,1.0
1742849699.1442099,1.0
1742849699.164755,1.0
1742849699.1856194,1.0
1742849699.2077076,1.0
1742849699.2282903,1.0
1742849699.2487733,1.0
1742849699.2693286,1.0
1742849699.2899122,1.0
1742849699.3104997,1.0
1742849699.3310566,1.0
1742849699.3516598,1.0
1742849699.3721502,1.0
1742849699.3927119,1.0
1742849699.4132104,1.0
1742849699.4338224,1.0
1742849699.4550626,1.0
1742849699.4755535,1.0
1742849699.4961293,1.0
1742849699.516705,1.0
1742849699.5372605,1.0
1742849699.5600967,1.0
1742849699.580433,1.0
1742849699.6015027,1.0
1742849699.622091,1.0
1742849699.6429586,1.0
1742849699.6635396,1.0
1742849699.6839867,1.0
1742849699.7045026,1.0
1742849699.7249796,1.0
1742849699.7454536,1.0
1742849699.7661445,1.0
1742849699.7866676,1.0
1742849699.8071866,1.0
1742849699.8276632,1.0
1742849699.8481793,1.0
1742849699.868619,1.0
1742849699.8891528,1.0
1742849699.9095721,1.0
1742849699.9300935,1.0
1742849699.950601,1.0
1742849699.9710634,1.0
1742849699.9915204,1.0
1742849700.0119812,1.0
1742849700.0325463,1.0
1742849700.0530891,1.0
1742849700.0735958,1.0
1742849700.0941305,1.0
1742849700.1146476,1.0
1742849700.135189,1.0
1742849700.1557624,1.0
1742849700.1763067,1.0
1742849700.2089663,1.0
1742849700.271108,1.0
1742849700.2914379,1.0
1742849700.3118834,1.0
1742849700.3327458,1.0
1742849700.3535545,1.0
1742849700.374286,1.0
1742849700.3949788,1.0
1742849700.415664,1.0
1742849700.4364514,1.0
1742849700.4571934,1.0
1742849700.4778929,1.0
1742849700.4985898,1.0
1742849700.5192597,1.0
1742849700.5399988,1.0
1742849700.5627685,1.0
1742849700.583133,1.0
1742849700.60511,1.0
1742849700.6255367,1.0
1742849700.6462333,1.0
1742849700.666924,1.0
1742849700.6873546,1.0
1742849700.7078047,1.0
1742849700.7284613,1.0
1742849700.7490783,1.0
1742849700.770077,1.0
1742849700.7905831,1.0
1742849700.81117,1.0
1742849700.8317733,1.0
1742849700.8523333,1.0
1742849700.8729203,1.0
1742849700.8935027,1.0
1742849700.9140573,1.0
1742849700.934629,1.0
1742849700.9551866,1.0
1742849700.975892,1.0
1742849700.9964454,1.0
1742849701.016964,1.0
1742849701.037562,1.0
1742849701.058152,1.0
1742849701.0786712,1.0
1742849701.099234,1.0
1742849701.1197495,1.0
1742849701.140388,1.0
1742849701.1609728,1.0
1742849701.1815562,1.0
1742849701.2040071,1.0
1742849701.2244802,1.0
1742849701.2450163,1.0
1742849701.265595,1.0
1742849701.2861662,1.0
1742849701.3066823,1.0
1742849701.327318,1.0
1742849701.3478634,1.0
1742849701.368424,1.0
1742849701.3889344,1.0
1742849701.4094474,1.0
1742849701.43007,1.0
1742849701.450599,1.0
1742849701.4717634,1.0
1742849701.4922426,1.0
1742849701.5127575,1.0
1742849701.533251,1.0
1742849701.5562541,1.0
1742849701.576498,1.0
1742849701.5982082,1.0
1742849701.6186748,1.0
1742849701.6393545,1.0
1742849701.6599164,1.0
1742849701.680455,1.0
1742849701.7009861,1.0
1742849701.7214787,1.0
1742849701.7420225,1.0
1742849701.762724,1.0
1742849701.7831297,1.0
1742849701.8036816,1.0
1742849701.824269,1.0
1742849701.8448684,1.0
1742849701.8654308,1.0
1742849701.8859806,1.0
1742849701.9065294,1.0
1742849701.9271605,1.0
1742849701.9476604,1.0
1742849701.968201,1.0
1742849701.989628,1.0
1742849702.0101163,1.0
1742849702.030609,1.0
1742849702.0511365,1.0
1742849702.0716598,1.0
1742849702.0921917,1.0
1742849702.1127245,1.0
1742849702.1333134,1.0
1742849702.1539142,1.0
1742849702.1744192,1.0
1742849702.1971617,1.0
1742849702.2174027,1.0
1742849702.2379472,1.0
1742849702.2584362,1.0
1742849702.2788749,1.0
1742849702.2992783,1.0
1742849702.3198004,1.0
1742849702.340317,1.0
1742849702.3608418,1.0
1742849702.3813975,1.0
1742849702.4018803,1.0
1742849702.4224072,1.0
1742849702.4428623,1.0
1742849702.463309,1.0
1742849702.4837897,1.0
1742849702.504293,1.0
1742849702.5247574,1.0
1742849702.5481849,1.0
1742849702.5681996,1.0
1742849702.589491,1.0
1742849702.6097717,1.0
1742849702.630543,1.0
1742849702.6508076,1.0
1742849702.6715093,1.0
1742849702.6919715,1.0
1742849702.712499,1.0
1742849702.733004,1.0
1742849702.753514,1.0
1742849702.7741027,1.0
1742849702.7945735,1.0
1742849702.815047,1.0
1742849702.8357418,1.0
1742849702.8574321,1.0
1742849702.877894,1.0
1742849702.9058073,1.0
1742849702.926041,1.0
1742849702.9463675,1.0
1742849702.966888,1.0
1742849702.9874341,1.0
1742849703.0079672,1.0
1742849703.0286543,1.0
1742849703.0492442,1.0
1742849703.0698156,1.0
1742849703.0904024,1.0
1742849703.1109202,1.0
1742849703.1314867,1.0
1742849703.1521106,1.0
1742849703.1727068,1.0
1742849703.1956134,1.0
1742849703.2158682,1.0
1742849703.236379,1.0
1742849703.2569218,1.0
1742849703.2785134,1.0
1742849703.2989967,1.0
1742849703.3195186,1.0
1742849703.3401585,1.0
1742849703.3606613,1.0
1742849703.381239,1.0
1742849703.4018366,1.0
1742849703.42242,1.0
1742849703.4429486,1.0
1742849703.4634895,1.0
1742849703.484034,1.0
1742849703.504863,1.0
1742849703.5254385,1.0
1742849703.5479083,1.0
1742849703.5681787,1.0
1742849703.5890155,1.0
1742849703.6096787,1.0
1742849703.6303341,1.0
1742849703.6509378,1.0
1742849703.6715908,1.0
1742849703.692214,1.0
1742849703.7127519,1.0
1742849703.7333832,1.0
1742849703.7539792,1.0
1742849703.7746906,1.0
1742849703.795276,1.0
1742849703.8157387,1.0
1742849703.836356,1.0
1742849703.8569238,1.0
1742849703.8774693,1.0
1742849703.8979897,1.0
1742849703.9185529,1.0
1742849703.9391398,1.0
1742849703.9596305,1.0
1742849703.980237,1.0
1742849704.0008578,1.0
1742849704.0213566,1.0
1742849704.0418267,1.0
1742849704.0624163,1.0
1742849704.0829005,1.0
1742849704.1034794,1.0
1742849704.1239743,1.0
1742849704.1445243,1.0
1742849704.1650941,1.0
1742849704.1856937,1.0
1742849704.2077851,1.0
1742849704.2282808,1.0
1742849704.2509007,1.0
1742849704.2712271,1.0
1742849704.2923825,1.0
1742849704.312864,1.0
1742849704.3333688,1.0
1742849704.3539627,1.0
1742849704.374481,1.0
1742849704.3950028,1.0
1742849704.4154854,1.0
1742849704.4360998,1.0
1742849704.456683,1.0
1742849704.4773233,1.0
1742849704.4978456,1.0
1742849704.518303,1.0
1742849704.5450099,1.0
1742849704.5666792,1.0
1742849704.5870993,1.0
1742849704.6129017,1.0
1742849704.6436603,1.0
1742849704.66376,1.0
1742849704.6867476,1.0
1742849704.7069824,1.0
1742849704.7275941,1.0
1742849704.748074,1.0
1742849704.7689018,1.0
1742849704.7894535,1.0
1742849704.809942,1.0
1742849704.8304317,1.0
1742849704.8509536,1.0
1742849704.8714762,1.0
1742849704.8920074,1.0
1742849704.912548,1.0
1742849704.9330637,1.0
1742849704.9536753,1.0
1742849704.9741645,1.0
1742849704.994608,1.0
1742849705.0151327,1.0
1742849705.0357132,1.0
1742849705.05623,1.0
1742849705.0780416,1.0
1742849705.0985053,1.0
1742849705.1189384,1.0
1742849705.1394486,1.0
1742849705.159998,1.0
1742849705.180445,1.0
1742849705.202977,1.0
1742849705.2233396,1.0
1742849705.243795,1.0
1742849705.2642758,1.0
1742849705.2847145,1.0
1742849705.3052511,1.0
1742849705.3257468,1.0
1742849705.3461986,1.0
1742849705.3666453,1.0
1742849705.387084,1.0
1742849705.4075787,1.0
1742849705.4281068,1.0
1742849705.4486318,1.0
1742849705.469075,1.0
1742849705.4895654,1.0
1742849705.5105011,1.0
1742849705.5309527,1.0
1742849705.5532162,1.0
1742849705.5734367,1.0
1742849705.5991745,1.0
1742849705.6192288,1.0
1742849705.6397507,1.0
1742849705.6621819,1.0
1742849705.6824074,1.0
1742849705.7028496,1.0
1742849705.7234087,1.0
1742849705.7439167,1.0
1742849705.7646558,1.0
1742849705.7851365,1.0
1742849705.8056395,1.0
1742849705.8261533,1.0
1742849705.846595,1.0
1742849705.8670611,1.0
1742849705.8875155,1.0
1742849705.908145,1.0
1742849705.9286604,1.0
1742849705.9492075,1.0
1742849705.9697473,1.0
1742849705.9901278,1.0
1742849706.010654,1.0
1742849706.0311928,1.0
1742849706.0516737,1.0
1742849706.0721362,1.0
1742849706.0926235,1.0
1742849706.113018,1.0
1742849706.1334867,1.0
1742849706.153945,1.0
1742849706.1744306,1.0
1742849706.1970375,1.0
1742849706.2172358,1.0
1742849706.2377148,1.0
1742849706.2581956,1.0
1742849706.2786827,1.0
1742849706.299094,1.0
1742849706.3195097,1.0
1742849706.3400366,1.0
1742849706.3605528,1.0
1742849706.3810525,1.0
1742849706.401525,1.0
1742849706.4220204,1.0
1742849706.442514,1.0
1742849706.463111,1.0
1742849706.4835508,1.0
1742849706.5040102,1.0
1742849706.5245004,1.0
1742849706.545805,1.0
1742849706.5667489,1.0
1742849706.5872142,1.0
1742849706.6083012,1.0
1742849706.6287482,1.0
1742849706.6495752,1.0
1742849706.6703045,1.0
1742849706.6907842,1.0
1742849706.711205,1.0
1742849706.7316575,1.0
1742849706.7521255,1.0
1742849706.7726915,1.0
1742849706.7932684,1.0
1742849706.8137245,1.0
1742849706.8341582,1.0
1742849706.8545947,1.0
1742849706.8750277,1.0
1742849706.895573,1.0
1742849706.9159358,1.0
1742849706.936431,1.0
1742849706.9568894,1.0
1742849706.9772787,1.0
1742849706.9978118,1.0
1742849707.0182652,1.0
1742849707.0387418,1.0
1742849707.0592835,1.0
1742849707.0797307,1.0
1742849707.1001375,1.0
1742849707.1214957,1.0
1742849707.1420243,1.0
1742849707.1624942,1.0
1742849707.1829505,1.0
1742849707.205192,1.0
1742849707.225678,1.0
1742849707.2461236,1.0
1742849707.2666554,1.0
1742849707.2871044,1.0
1742849707.3076117,1.0
1742849707.3280952,1.0
1742849707.3485599,1.0
1742849707.3733459,1.0
1742849707.3935518,1.0
1742849707.4139938,1.0
1742849707.434486,1.0
1742849707.455117,1.0
1742849707.4754882,1.0
1742849707.4961667,1.0
1742849707.5165782,1.0
1742849707.537268,1.0
1742849707.5600398,1.0
1742849707.5803406,1.0
1742849707.6015553,1.0
1742849707.6218896,1.0
1742849707.660727,1.0
1742849707.68068,1.0
1742849707.7007077,1.0
1742849707.720925,1.0
1742849707.7412035,1.0
1742849707.7615595,1.0
1742849707.7818162,1.0
1742849707.802104,1.0
1742849707.82239,1.0
1742849707.8427415,1.0
1742849707.8637798,1.0
1742849707.8851945,1.0
1742849707.9055007,1.0
1742849707.9257817,1.0
1742849707.9460416,1.0
1742849707.9663315,1.0
1742849707.9866776,1.0
1742849708.0069792,1.0
1742849708.027361,1.0
1742849708.0475757,1.0
1742849708.0678453,1.0
1742849708.0880525,1.0
1742849708.1083403,1.0
1742849708.1285934,1.0
1742849708.1489434,1.0
1742849708.1692636,1.0
1742849708.1916366,1.0
1742849708.2115803,1.0
1742849708.2318463,1.0
1742849708.2521808,1.0
1742849708.272423,1.0
1742849708.2927704,1.0
1742849708.3130033,1.0
1742849708.3332982,1.0
1742849708.3535588,1.0
1742849708.3739786,1.0
1742849708.3950264,1.0
1742849708.4151416,1.0
1742849708.4354572,1.0
1742849708.4557188,1.0
1742849708.4758995,1.0
1742849708.4961722,1.0
1742849708.5163991,1.0
1742849708.5366716,1.0
1742849708.559704,1.0
1742849708.579833,1.0
1742849708.6011586,1.0
1742849708.62144,1.0
1742849708.6419668,1.0
1742849708.6623213,1.0
1742849708.6826537,1.0
1742849708.7029338,1.0
1742849708.7231727,1.0
1742849708.7434306,1.0
1742849708.763703,1.0
1742849708.7838256,1.0
1742849708.8041465,1.0
1742849708.8244112,1.0
1742849708.844739,1.0
1742849708.8649907,1.0
1742849708.8852773,1.0
1742849708.9056938,1.0
1742849708.9258897,1.0
1742849708.9460275,1.0
1742849708.9663386,1.0
1742849708.9864998,1.0
1742849709.006701,1.0
1742849709.0269763,1.0
1742849709.0472462,1.0
1742849709.0675087,1.0
1742849709.0877647,1.0
1742849709.1080573,1.0
1742849709.1282558,1.0
1742849709.1494753,1.0
1742849709.1697648,1.0
1742849709.1921635,1.0
1742849709.2120857,1.0
1742849709.2323108,1.0
1742849709.2525074,1.0
1742849709.2728336,1.0
1742849709.2932458,1.0
1742849709.3137045,1.0
1742849709.334045,1.0
1742849709.3543367,1.0
1742849709.3746772,1.0
1742849709.3950768,1.0
1742849709.4158466,1.0
1742849709.4361513,1.0
1742849709.4564755,1.0
1742849709.4768057,1.0
1742849709.4971597,1.0
1742849709.5175726,1.0
1742849709.5383503,1.0
1742849709.5616698,1.0
1742849709.5819776,1.0
1742849709.6029634,1.0
1742849709.6232843,1.0
1742849709.6441734,1.0
1742849709.6649344,1.0
1742849709.6852293,1.0
1742849709.7055871,1.0
1742849709.7259228,1.0
1742849709.7463326,1.0
1742849709.7669034,1.0
1742849709.7871885,1.0
1742849709.8075886,1.0
1742849709.8278286,1.0
1742849709.8481233,1.0
1742849709.8684683,1.0
1742849709.888739,1.0
1742849709.909036,1.0
1742849709.9293535,1.0
1742849709.949658,1.0
1742849709.9699614,1.0
1742849709.9902608,1.0
1742849710.0106547,1.0
1742849710.0309274,1.0
1742849710.0512626,1.0
1742849710.071571,1.0
1742849710.0919342,1.0
1742849710.1122406,1.0
1742849710.1326218,1.0
1742849710.1529012,1.0
1742849710.1732695,1.0
1742849710.1956565,1.0
1742849710.2156682,1.0
1742849710.2358627,1.0
1742849710.2561748,1.0
1742849710.2763536,1.0
1742849710.2967536,1.0
1742849710.3171494,1.0
1742849710.3374658,1.0
1742849710.3578215,1.0
1742849710.378242,1.0
1742849710.3984892,1.0
1742849710.4188836,1.0
1742849710.4392776,1.0
1742849710.459578,1.0
1742849710.4799573,1.0
1742849710.500296,1.0
1742849710.520642,1.0
1742849710.5410256,1.0
1742849710.5634062,1.0
1742849710.5837352,1.0
1742849710.6047797,1.0
1742849710.6250849,1.0
1742849710.6461196,1.0
1742849710.6667883,1.0
1742849710.6879523,1.0
1742849710.7082021,1.0
1742849710.7285602,1.0
1742849710.7488403,1.0
1742849710.7693708,1.0
1742849710.7896705,1.0
1742849710.8099751,1.0
1742849710.830324,1.0
1742849710.8506122,1.0
1742849710.8710778,1.0
1742849710.8915129,1.0
1742849710.9118633,1.0
1742849710.9321995,1.0
1742849710.9525323,1.0
1742849710.9729495,1.0
1742849710.9933012,1.0
1742849711.0136042,1.0
1742849711.03409,1.0
1742849711.0544355,1.0
1742849711.0747561,1.0
1742849711.0950902,1.0
1742849711.1154118,1.0
1742849711.1357746,1.0
1742849711.1561306,1.0
1742849711.1766036,1.0
1742849711.1997335,1.0
1742849711.2198281,1.0
1742849711.2402408,1.0
1742849711.260638,1.0
1742849711.2809603,1.0
1742849711.3013282,1.0
1742849711.3217556,1.0
1742849711.3421054,1.0
1742849711.3624475,1.0
1742849711.3829226,1.0
1742849711.4033468,1.0
1742849711.4236517,1.0
1742849711.444087,1.0
1742849711.464482,1.0
1742849711.4848096,1.0
1742849711.5051627,1.0
1742849711.5255184,1.0
1742849711.5467663,1.0
1742849711.567912,1.0
1742849711.5882356,1.0
1742849711.609226,1.0
1742849711.6295707,1.0
1742849711.6503322,1.0
1742849711.6708162,1.0
1742849711.6910663,1.0
1742849711.7116456,1.0
1742849711.731971,1.0
1742849711.7523444,1.0
1742849711.7727973,1.0
1742849711.7930987,1.0
1742849711.8136466,1.0
1742849711.8339603,1.0
1742849711.8543317,1.0
1742849711.8746705,1.0
1742849711.895048,1.0
1742849711.9153466,1.0
1742849711.9356966,1.0
1742849711.956023,1.0
1742849711.9764616,1.0
1742849711.9967716,1.0
1742849712.0172215,1.0
1742849712.037524,1.0
1742849712.0578794,1.0
1742849712.0781634,1.0
1742849712.0985365,1.0
1742849712.1188622,1.0
1742849712.1392536,1.0
1742849712.1596217,1.0
1742849712.179953,1.0
1742849712.2033186,1.0
1742849712.224077,1.0
1742849712.2443976,1.0
1742849712.2647042,1.0
1742849712.2849965,1.0
1742849712.3053198,1.0
1742849712.3256028,1.0
1742849712.3459027,1.0
1742849712.3661628,1.0
1742849712.3865623,1.0
1742849712.4068253,1.0
1742849712.4270442,1.0
1742849712.4472878,1.0
1742849712.4679108,1.0
1742849712.488276,1.0
1742849712.5085802,1.0
1742849712.528837,1.0
1742849712.5532327,1.0
1742849712.573289,1.0
1742849712.5944514,1.0
1742849712.6146688,1.0
1742849712.6352642,1.0
1742849712.6556764,1.0
1742849712.676291,1.0
1742849712.6965592,1.0
1742849712.716877,1.0
1742849712.7371585,1.0
1742849712.7574983,1.0
1742849712.7778862,1.0
1742849712.7981164,1.0
1742849712.8184814,1.0
1742849712.8387594,1.0
1742849712.8590918,1.0
1742849712.8799016,1.0
1742849712.9171264,1.0
1742849712.955436,1.0
1742849712.9755127,1.0
1742849712.9958808,1.0
1742849713.0162659,1.0
1742849713.0366063,1.0
1742849713.0570526,1.0
1742849713.0773926,1.0
1742849713.0977218,1.0
1742849713.118142,1.0
1742849713.1385717,1.0
1742849713.1589425,1.0
1742849713.1794062,1.0
1742849713.2020848,1.0
1742849713.2223897,1.0
1742849713.2428162,1.0
1742849713.2632213,1.0
1742849713.2835348,1.0
1742849713.3038971,1.0
1742849713.3242154,1.0
1742849713.3445861,1.0
1742849713.3648224,1.0
1742849713.385182,1.0
1742849713.4054098,1.0
1742849713.4256637,1.0
1742849713.446003,1.0
1742849713.466195,1.0
1742849713.4863586,1.0
1742849713.5074382,1.0
1742849713.5276759,1.0
1742849713.552034,1.0
1742849713.5726705,1.0
1742849713.5943546,1.0
1742849713.6145852,1.0
1742849713.6351707,1.0
1742849713.6554976,1.0
1742849713.6759682,1.0
1742849713.6963024,1.0
1742849713.7168002,1.0
1742849713.7371347,1.0
1742849713.757425,1.0
1742849713.777774,1.0
1742849713.7980554,1.0
1742849713.8183272,1.0
1742849713.8385863,1.0
1742849713.8589883,1.0
1742849713.8793457,1.0
1742849713.8997815,1.0
1742849713.9201107,1.0
1742849713.940347,1.0
1742849713.9606674,1.0
1742849713.9810987,1.0
1742849714.0013742,1.0
1742849714.0218058,1.0
1742849714.0421238,1.0
1742849714.0624776,1.0
1742849714.0827825,1.0
1742849714.1030734,1.0
1742849714.1233587,1.0
1742849714.1436582,1.0
1742849714.1638863,1.0
1742849714.1842859,1.0
1742849714.206866,1.0
1742849714.2270963,1.0
1742849714.2473638,1.0
1742849714.2677865,1.0
1742849714.2881641,1.0
1742849714.3084965,1.0
1742849714.3288302,1.0
1742849714.349116,1.0
1742849714.3694272,1.0
1742849714.3897457,1.0
1742849714.4100428,1.0
1742849714.4303637,1.0
1742849714.450724,1.0
1742849714.4710186,1.0
1742849714.491424,1.0
1742849714.5117455,1.0
1742849714.5320184,1.0
1742849714.5558915,1.0
1742849714.5759697,1.0
1742849714.59714,1.0
1742849714.6174881,1.0
1742849714.6381667,1.0
1742849714.6584678,1.0
1742849714.6791394,1.0
1742849714.6995404,1.0
1742849714.719798,1.0
1742849714.740121,1.0
1742849714.7607322,1.0
1742849714.7809532,1.0
1742849714.8017633,1.0
1742849714.8219779,1.0
1742849714.8423114,1.0
1742849714.8629534,1.0
1742849714.8832612,1.0
1742849714.9037182,1.0
1742849714.923987,1.0
1742849714.9443123,1.0
1742849714.9645581,1.0
1742849714.9849424,1.0
1742849715.0053146,1.0
1742849715.025653,1.0
1742849715.0459416,1.0
1742849715.0662515,1.0
1742849715.0865312,1.0
1742849715.1068728,1.0
1742849715.1271603,1.0
1742849715.147453,1.0
1742849715.1678283,1.0
1742849715.1903112,1.0
1742849715.2105405,1.0
1742849715.2308059,1.0
1742849715.2511284,1.0
1742849715.271429,1.0
1742849715.291759,1.0
1742849715.3120651,1.0
1742849715.3324718,1.0
1742849715.3529055,1.0
1742849715.3732522,1.0
1742849715.393652,1.0
1742849715.4139297,1.0
1742849715.434332,1.0
1742849715.4547062,1.0
1742849715.4750564,1.0
1742849715.495338,1.0
1742849715.515664,1.0
1742849715.5359962,1.0
1742849715.5587182,1.0
1742849715.578985,1.0
1742849715.6006758,1.0
1742849715.6209788,1.0
1742849715.641666,1.0
1742849715.6619885,1.0
1742849715.69096,1.0
1742849715.7218833,1.0
1742849715.7419367,1.0
1742849715.762285,1.0
1742849715.7826433,1.0
1742849715.8030407,1.0
1742849715.8235123,1.0
1742849715.843907,1.0
1742849715.8644044,1.0
1742849715.8848476,1.0
1742849715.9054663,1.0
1742849715.9258513,1.0
1742849715.9462385,1.0
1742849715.9665747,1.0
1742849715.9870157,1.0
1742849716.007487,1.0
1742849716.0279071,1.0
1742849716.0482557,1.0
1742849716.0686948,1.0
1742849716.0890532,1.0
1742849716.109465,1.0
1742849716.1297808,1.0
1742849716.1500454,1.0
1742849716.1703944,1.0
1742849716.192558,1.0
1742849716.2129073,1.0
1742849716.233241,1.0
1742849716.2537775,1.0
1742849716.2741094,1.0
1742849716.2945416,1.0
1742849716.31493,1.0
1742849716.3352435,1.0
1742849716.3556137,1.0
1742849716.376122,1.0
1742849716.3964686,1.0
1742849716.4168663,1.0
1742849716.437338,1.0
1742849716.4577684,1.0
1742849716.4782045,1.0
1742849716.4986126,1.0
1742849716.5189888,1.0
1742849716.5394115,1.0
1742849716.5616817,1.0
1742849716.5820825,1.0
1742849716.6033645,1.0
1742849716.6236472,1.0
1742849716.6442842,1.0
1742849716.6646326,1.0
1742849716.6851084,1.0
1742849716.705552,1.0
1742849716.7258852,1.0
1742849716.746159,1.0
1742849716.7666101,1.0
1742849716.7870119,1.0
1742849716.8073356,1.0
1742849716.827643,1.0
1742849716.8479989,1.0
1742849716.8683352,1.0
1742849716.8886418,1.0
1742849716.9090185,1.0
1742849716.9293575,1.0
1742849716.9497244,1.0
1742849716.97037,1.0
1742849716.9906454,1.0
1742849717.0110385,1.0
1742849717.0313458,1.0
1742849717.051757,1.0
1742849717.072076,1.0
1742849717.0923576,1.0
1742849717.1127298,1.0
1742849717.133077,1.0
1742849717.153499,1.0
1742849717.1738536,1.0
1742849717.1962657,1.0
1742849717.2164905,1.0
1742849717.2368233,1.0
1742849717.257258,1.0
1742849717.2776313,1.0
1742849717.2979114,1.0
1742849717.318224,1.0
1742849717.3385406,1.0
1742849717.3594737,1.0
1742849717.3798356,1.0
1742849717.4001093,1.0
1742849717.4205048,1.0
1742849717.4408488,1.0
1742849717.4615564,1.0
1742849717.4817953,1.0
1742849717.502337,1.0
1742849717.5226684,1.0
1742849717.5434358,1.0
1742849717.5658739,1.0
1742849717.586236,1.0
1742849717.6084318,1.0
1742849717.6291862,1.0
1742849717.6495678,1.0
1742849717.6702902,1.0
1742849717.6905918,1.0
1742849717.7109356,1.0
1742849717.7313483,1.0
1742849717.7516992,1.0
1742849717.7721195,1.0
1742849717.7925706,1.0
1742849717.8129132,1.0
1742849717.8332913,1.0
1742849717.8537288,1.0
1742849717.874066,1.0
1742849717.8944216,1.0
1742849717.9196568,1.0
1742849717.949522,1.0
1742849717.9814758,1.0
1742849718.001423,1.0
1742849718.0218117,1.0
1742849718.0420766,1.0
1742849718.0625002,1.0
1742849718.0827785,1.0
1742849718.1031334,1.0
1742849718.123384,1.0
1742849718.1437292,1.0
1742849718.1639633,1.0
1742849718.184306,1.0
1742849718.2062848,1.0
1742849718.226549,1.0
1742849718.2467084,1.0
1742849718.268411,1.0
1742849718.2886558,1.0
1742849718.3089519,1.0
1742849718.3292396,1.0
1742849718.3494916,1.0
1742849718.3696952,1.0
1742849718.3899763,1.0
1742849718.410198,1.0
1742849718.4304385,1.0
1742849718.4506884,1.0
1742849718.470985,1.0
1742849718.4911845,1.0
1742849718.511494,1.0
1742849718.5317533,1.0
1742849718.554424,1.0
1742849718.5752697,1.0
1742849718.596571,1.0
1742849718.616747,1.0
1742849718.6383834,1.0
1742849718.6586604,1.0
1742849718.6790893,1.0
1742849718.6993194,1.0
1742849718.7196078,1.0
1742849718.7398968,1.0
1742849718.7603145,1.0
1742849718.7803864,1.0
1742849718.8006704,1.0
1742849718.8209019,1.0
1742849718.8411453,1.0
1742849718.8615224,1.0
1742849718.8817518,1.0
1742849718.902075,1.0
1742849718.9224317,1.0
1742849718.9429524,1.0
1742849718.9631572,1.0
1742849718.9834962,1.0
1742849719.0037472,1.0
1742849719.0240028,1.0
1742849719.0443277,1.0
1742849719.0652719,1.0
1742849719.0854816,1.0
1742849719.1058416,1.0
1742849719.1260965,1.0
1742849719.146349,1.0
1742849719.166659,1.0
1742849719.1869473,1.0
1742849719.2087836,1.0
1742849719.2290204,1.0
1742849719.2492595,1.0
1742849719.26946,1.0
1742849719.2897153,1.0
1742849719.3099241,1.0
1742849719.3301394,1.0
1742849719.3503695,1.0
1742849719.370675,1.0
1742849719.3909438,1.0
1742849719.4111881,1.0
1742849719.4313948,1.0
1742849719.4517426,1.0
1742849719.4720519,1.0
1742849719.492296,1.0
1742849719.5126176,1.0
1742849719.5329597,1.0
1742849719.5560424,1.0
1742849719.576145,1.0
1742849719.5973468,1.0
1742849719.6179955,1.0
1742849719.6388445,1.0
1742849719.6591227,1.0
1742849719.695993,1.0
1742849719.7159245,1.0
1742849719.735936,1.0
1742849719.7561355,1.0
1742849719.7767031,1.0
1742849719.7970293,1.0
1742849719.8173926,1.0
1742849719.837721,1.0
1742849719.8580503,1.0
1742849719.8782048,1.0
1742849719.8985655,1.0
1742849719.919366,1.0
1742849719.9395878,1.0
1742849719.95982,1.0
1742849719.980047,1.0
1742849720.0003328,1.0
1742849720.0208356,1.0
1742849720.0410764,1.0
1742849720.0614252,1.0
1742849720.0816212,1.0
1742849720.1018808,1.0
1742849720.1220558,1.0
1742849720.1423573,1.0
1742849720.1626062,1.0
1742849720.1828628,1.0
1742849720.2053423,1.0
1742849720.22554,1.0
1742849720.2456722,1.0
1742849720.2659838,1.0
1742849720.2862213,1.0
1742849720.3064811,1.0
1742849720.3266978,1.0
1742849720.3469872,1.0
1742849720.3671844,1.0
1742849720.3876595,1.0
1742849720.4078958,1.0
1742849720.4281363,1.0
1742849720.4483428,1.0
1742849720.4685974,1.0
1742849720.4889455,1.0
1742849720.5091896,1.0
1742849720.5293999,1.0
1742849720.552501,1.0
1742849720.5723915,1.0
1742849720.5944142,1.0
1742849720.6143847,1.0
1742849720.6350226,1.0
1742849720.6552138,1.0
1742849720.6758316,1.0
1742849720.6968217,1.0
1742849720.7170784,1.0
1742849720.737356,1.0
1742849720.7576745,1.0
1742849720.7780547,1.0
1742849720.7983854,1.0
1742849720.81861,1.0
1742849720.8388643,1.0
1742849720.8592799,1.0
1742849720.8794796,1.0
1742849720.8999064,1.0
1742849720.9202523,1.0
1742849720.9405496,1.0
1742849720.9608378,1.0
1742849720.9811265,1.0
1742849721.0014338,1.0
1742849721.0216568,1.0
1742849721.0419173,1.0
1742849721.062358,1.0
1742849721.0825062,1.0
1742849721.1026993,1.0
1742849721.122952,1.0
1742849721.1433015,1.0
1742849721.1635745,1.0
1742849721.1837988,1.0
1742849721.2060184,1.0
1742849721.2262402,1.0
1742849721.2464707,1.0
1742849721.2668674,1.0
1742849721.2870672,1.0
1742849721.3072798,1.0
1742849721.327488,1.0
1742849721.347686,1.0
1742849721.3680305,1.0
1742849721.388287,1.0
1742849721.4085057,1.0
1742849721.428781,1.0
1742849721.4489846,1.0
1742849721.4693642,1.0
1742849721.4895363,1.0
1742849721.5097387,1.0
1742849721.5298717,1.0
1742849721.55247,1.0
1742849721.572584,1.0
1742849721.5939567,1.0
1742849721.614113,1.0
1742849721.6347225,1.0
1742849721.6549478,1.0
1742849721.6756709,1.0
1742849721.6958926,1.0
1742849721.7161062,1.0
1742849721.7363987,1.0
1742849721.7567356,1.0
1742849721.7770658,1.0
1742849721.7974193,1.0
1742849721.8176756,1.0
1742849721.837858,1.0
1742849721.8581424,1.0
1742849721.8784144,1.0
1742849721.8987374,1.0
1742849721.9189973,1.0
1742849721.9392467,1.0
1742849721.9594653,1.0
1742849721.979703,1.0
1742849722.0000622,1.0
1742849722.0203516,1.0
1742849722.040572,1.0
1742849722.0608726,1.0
1742849722.081089,1.0
1742849722.1013355,1.0
1742849722.1215973,1.0
1742849722.1418698,1.0
1742849722.1621573,1.0
1742849722.182423,1.0
1742849722.2049844,1.0
1742849722.2253966,1.0
1742849722.2456043,1.0
1742849722.265991,1.0
1742849722.2863593,1.0
1742849722.3066423,1.0
1742849722.326859,1.0
1742849722.347162,1.0
1742849722.3674402,1.0
1742849722.387707,1.0
1742849722.4080014,1.0
1742849722.428238,1.0
1742849722.4485607,1.0
1742849722.469891,1.0
1742849722.490169,1.0
1742849722.5103202,1.0
1742849722.5305843,1.0
1742849722.5533617,1.0
1742849722.5735075,1.0
1742849722.5948846,1.0
1742849722.615072,1.0
1742849722.6354487,1.0
1742849722.6556892,1.0
1742849722.6764631,1.0
1742849722.6966312,1.0
1742849722.7169166,1.0
1742849722.7372348,1.0
1742849722.7574487,1.0
1742849722.777719,1.0
1742849722.7980142,1.0
1742849722.8181987,1.0
1742849722.838378,1.0
1742849722.8587425,1.0
1742849722.8789704,1.0
1742849722.9065094,1.0
1742849722.9269328,1.0
1742849722.9496646,1.0
1742849722.9699042,1.0
1742849722.9902122,1.0
1742849723.010678,1.0
1742849723.0310428,1.0
1742849723.0514932,1.0
1742849723.0719373,1.0
1742849723.0923498,1.0
1742849723.1126966,1.0
1742849723.1331809,1.0
1742849723.153573,1.0
1742849723.1740587,1.0
1742849723.1977437,1.0
1742849723.2177854,1.0
1742849723.2382016,1.0
1742849723.2586813,1.0
1742849723.2789898,1.0
1742849723.299383,1.0
1742849723.3198335,1.0
1742849723.3401551,1.0
1742849723.3604789,1.0
1742849723.3807824,1.0
1742849723.401106,1.0
1742849723.4214153,1.0
1742849723.4417,1.0
1742849723.4621382,1.0
1742849723.4823332,1.0
1742849723.5025551,1.0
1742849723.5228095,1.0
1742849723.5446544,1.0
1742849723.6089897,1.0
1742849723.6806262,1.0
1742849723.740955,1.0
1742849723.8131597,1.0
1742849723.8797474,1.0
1742849723.916909,1.0
1742849723.9368887,1.0
1742849723.9572315,1.0
1742849723.9776497,1.0
1742849723.9980724,1.0
1742849724.0187943,1.0
1742849724.0390508,1.0
1742849724.0593789,1.0
1742849724.0796328,1.0
1742849724.0999258,1.0
1742849724.120197,1.0
1742849724.1404817,1.0
1742849724.1607802,1.0
1742849724.1809797,1.0
1742849724.202938,1.0
1742849724.223036,1.0
1742849724.2432034,1.0
1742849724.2636116,1.0
1742849724.2838707,1.0
1742849724.3041472,1.0
1742849724.3243363,1.0
1742849724.3446083,1.0
1742849724.3648434,1.0
1742849724.3850536,1.0
1742849724.4053745,1.0
1742849724.4255972,1.0
1742849724.4459085,1.0
1742849724.4661264,1.0
1742849724.4864166,1.0
1742849724.5066562,1.0
1742849724.5268593,1.0
1742849724.5499165,1.0
1742849724.5697966,1.0
1742849724.5904634,1.0
1742849724.6106958,1.0
1742849724.6314049,1.0
1742849724.6516726,1.0
1742849724.6724362,1.0
1742849724.6926188,1.0
1742849724.712856,1.0
1742849724.733094,1.0
1742849724.753265,1.0
1742849724.773798,1.0
1742849724.7940762,1.0
1742849724.8143117,1.0
1742849724.8344748,1.0
1742849724.854664,1.0
1742849724.874981,1.0
1742849724.8952582,1.0
1742849724.9154832,1.0
1742849724.9356694,1.0
1742849724.955853,1.0
1742849724.97607,1.0
1742849724.9962695,1.0
1742849725.0164185,1.0
1742849725.037161,1.0
1742849725.0573125,1.0
1742849725.0775933,1.0
1742849725.097795,1.0
1742849725.1179764,1.0
1742849725.1381934,1.0
1742849725.1584308,1.0
1742849725.1785808,1.0
1742849725.2007983,1.0
1742849725.220822,1.0
1742849725.2409928,1.0
1742849725.2612414,1.0
1742849725.2814262,1.0
1742849725.3015754,1.0
1742849725.3217497,1.0
1742849725.3419247,1.0
1742849725.3620424,1.0
1742849725.382251,1.0
1742849725.4025338,1.0
1742849725.4227254,1.0
1742849725.442944,1.0
1742849725.4633985,1.0
1742849725.483549,1.0
1742849725.5037873,1.0
1742849725.5240536,1.0
1742849725.544852,1.0
1742849725.5666711,1.0
1742849725.5869277,1.0
1742849725.6082034,1.0
1742849725.6283238,1.0
1742849725.6490436,1.0
1742849725.6697948,1.0
1742849725.6902244,1.0
1742849725.710477,1.0
1742849725.7307076,1.0
1742849725.7508466,1.0
1742849725.7712505,1.0
1742849725.7913716,1.0
1742849725.8116002,1.0
1742849725.831824,1.0
1742849725.8520265,1.0
1742849725.8723702,1.0
1742849725.8927195,1.0
1742849725.9130015,1.0
1742849725.933267,1.0
1742849725.9534516,1.0
1742849725.9736223,1.0
1742849725.9938338,1.0
1742849726.0141065,1.0
1742849726.03437,1.0
1742849726.054558,1.0
1742849726.0748658,1.0
1742849726.0950766,1.0
1742849726.1152802,1.0
1742849726.135496,1.0
1742849726.1557024,1.0
1742849726.175826,1.0
1742849726.1986737,1.0
1742849726.2185159,1.0
1742849726.238655,1.0
1742849726.2587974,1.0
1742849726.279015,1.0
1742849726.2991776,1.0
1742849726.3194098,1.0
1742849726.339632,1.0
1742849726.3598666,1.0
1742849726.3801603,1.0
1742849726.4004223,1.0
1742849726.4205883,1.0
1742849726.4407475,1.0
1742849726.461094,1.0
1742849726.4812806,1.0
1742849726.5014546,1.0
1742849726.5216641,1.0
1742849726.5435123,1.0
1742849726.5652196,1.0
1742849726.585376,1.0
1742849726.6097016,1.0
1742849726.6299212,1.0
1742849726.6500738,1.0
1742849726.6703284,1.0
1742849726.6908944,1.0
1742849726.7110658,1.0
1742849726.731312,1.0
1742849726.7515,1.0
1742849726.7718854,1.0
1742849726.7921777,1.0
1742849726.8124118,1.0
1742849726.832793,1.0
1742849726.8530326,1.0
1742849726.873541,1.0
1742849726.8938892,1.0
1742849726.9142036,1.0
1742849726.934415,1.0
1742849726.954667,1.0
1742849726.9749427,1.0
1742849726.99517,1.0
1742849727.015543,1.0
1742849727.0357678,1.0
1742849727.056013,1.0
1742849727.07629,1.0
1742849727.096594,1.0
1742849727.1168427,1.0
1742849727.137039,1.0
1742849727.1573477,1.0
1742849727.177552,1.0
1742849727.2001488,1.0
1742849727.22016,1.0
1742849727.2403934,1.0
1742849727.260663,1.0
1742849727.280972,1.0
1742849727.3012018,1.0
1742849727.3214455,1.0
1742849727.3416753,1.0
1742849727.3617914,1.0
1742849727.382058,1.0
1742849727.4023051,1.0
1742849727.422554,1.0
1742849727.4427576,1.0
1742849727.4631636,1.0
1742849727.4833765,1.0
1742849727.503752,1.0
1742849727.5239642,1.0
1742849727.5572462,1.0
1742849727.5809143,1.0
1742849727.6018827,1.0
1742849727.6221256,1.0
1742849727.6427224,1.0
1742849727.6630933,1.0
1742849727.68492,1.0
1742849727.7050834,1.0
1742849727.7253406,1.0
1742849727.7455022,1.0
1742849727.7659266,1.0
1742849727.7861645,1.0
1742849727.806525,1.0
1742849727.8267376,1.0
1742849727.8469758,1.0
1742849727.867311,1.0
1742849727.8876567,1.0
1742849727.9080207,1.0
1742849727.928296,1.0
1742849727.9490733,1.0
1742849727.9712865,1.0
1742849727.9915366,1.0
1742849728.011902,1.0
1742849728.0322857,1.0
1742849728.0525143,1.0
1742849728.0729089,1.0
1742849728.0932167,1.0
1742849728.1135309,1.0
1742849728.1337826,1.0
1742849728.1540716,1.0
1742849728.1745014,1.0
1742849728.1975112,1.0
1742849728.2177098,1.0
1742849728.238014,1.0
1742849728.2582445,1.0
1742849728.2786477,1.0
1742849728.2989366,1.0
1742849728.3192291,1.0
1742849728.3394556,1.0
1742849728.3597014,1.0
1742849728.3799458,1.0
1742849728.4001517,1.0
1742849728.4204884,1.0
1742849728.4407513,1.0
1742849728.4611773,1.0
1742849728.4814868,1.0
1742849728.5018258,1.0
1742849728.522063,1.0
1742849728.5426059,1.0
1742849728.5649338,1.0
1742849728.5852013,1.0
1742849728.6064754,1.0
1742849728.626783,1.0
1742849728.647516,1.0
1742849728.6678677,1.0
1742849728.6883907,1.0
1742849728.7086976,1.0
1742849728.728965,1.0
1742849728.7492568,1.0
1742849728.7695405,1.0
1742849728.7898574,1.0
1742849728.8101845,1.0
1742849728.8304355,1.0
1742849728.850669,1.0
1742849728.870973,1.0
1742849728.8914385,1.0
1742849728.9116697,1.0
1742849728.9318979,1.0
1742849728.9522073,1.0
1742849728.972451,1.0
1742849728.9926665,1.0
1742849729.012992,1.0
1742849729.0332422,1.0
1742849729.053552,1.0
1742849729.0738528,1.0
1742849729.0941155,1.0
1742849729.114328,1.0
1742849729.134522,1.0
1742849729.154804,1.0
1742849729.1750667,1.0
1742849729.1978688,1.0
1742849729.2180133,1.0
1742849729.2383344,1.0
1742849729.2585156,1.0
1742849729.2788339,1.0
1742849729.299077,1.0
1742849729.3193247,1.0
1742849729.3395379,1.0
1742849729.359751,1.0
1742849729.3800223,1.0
1742849729.400279,1.0
1742849729.4205978,1.0
1742849729.4408493,1.0
1742849729.4610987,1.0
1742849729.4814703,1.0
1742849729.5017598,1.0
1742849729.5220401,1.0
1742849729.5449872,1.0
1742849729.5656297,1.0
1742849729.5863817,1.0
1742849729.6065528,1.0
1742849729.6272705,1.0
1742849729.6478639,1.0
1742849729.668264,1.0
1742849729.6889286,1.0
1742849729.710169,1.0
1742849729.7304223,1.0
1742849729.7506402,1.0
1742849729.7714596,1.0
1742849729.7918622,1.0
1742849729.81226,1.0
1742849729.8326328,1.0
1742849729.8530617,1.0
1742849729.873483,1.0
1742849729.8939998,1.0
1742849729.914302,1.0
1742849729.9345913,1.0
1742849729.954935,1.0
1742849729.9752395,1.0
1742849729.9956062,1.0
1742849730.0159543,1.0
1742849730.036601,1.0
1742849730.0569348,1.0
1742849730.0773928,1.0
1742849730.0977242,1.0
1742849730.1181035,1.0
1742849730.138462,1.0
1742849730.1594143,1.0
1742849730.179698,1.0
1742849730.2033968,1.0
1742849730.223481,1.0
1742849730.2436666,1.0
1742849730.2640166,1.0
1742849730.284325,1.0
1742849730.3045795,1.0
1742849730.324957,1.0
1742849730.3452685,1.0
1742849730.3654864,1.0
1742849730.3858511,1.0
1742849730.4061937,1.0
1742849730.4264586,1.0
1742849730.446719,1.0
1742849730.4669936,1.0
1742849730.4872751,1.0
1742849730.5075424,1.0
1742849730.5278063,1.0
1742849730.5509539,1.0
1742849730.5709732,1.0
1742849730.5921783,1.0
1742849730.6123593,1.0
1742849730.6331003,1.0
1742849730.653214,1.0
1742849730.6736565,1.0
1742849730.6942275,1.0
1742849730.7145038,1.0
1742849730.7347996,1.0
1742849730.7550762,1.0
1742849730.7756042,1.0
1742849730.795993,1.0
1742849730.8163638,1.0
1742849730.836752,1.0
1742849730.85739,1.0
1742849730.8777483,1.0
1742849730.898282,1.0
1742849730.9185405,1.0
1742849730.9389353,1.0
1742849730.9592705,1.0
1742849730.9796088,1.0
1742849730.9999874,1.0
1742849731.0203652,1.0
1742849731.040731,1.0
1742849731.0610557,1.0
1742849731.081578,1.0
1742849731.1019034,1.0
1742849731.1222699,1.0
1742849731.1426246,1.0
1742849731.163059,1.0
1742849731.1835642,1.0
1742849731.206528,1.0
1742849731.22669,1.0
1742849731.2469227,1.0
1742849731.2672317,1.0
1742849731.2874916,1.0
1742849731.3077025,1.0
1742849731.3278403,1.0
1742849731.34803,1.0
1742849731.368368,1.0
1742849731.388534,1.0
1742849731.40883,1.0
1742849731.429039,1.0
1742849731.449291,1.0
1742849731.4696217,1.0
1742849731.4898813,1.0
1742849731.5101604,1.0
1742849731.5305216,1.0
1742849731.553387,1.0
1742849731.5735645,1.0
1742849731.5948093,1.0
1742849731.615122,1.0
1742849731.6362462,1.0
1742849731.6564672,1.0
1742849731.676871,1.0
1742849731.6973019,1.0
1742849731.7180989,1.0
1742849731.738366,1.0
1742849731.7594469,1.0
1742849731.7795863,1.0
1742849731.7999406,1.0
1742849731.8204072,1.0
1742849731.8407764,1.0
1742849731.8611512,1.0
1742849731.8815932,1.0
1742849731.9021616,1.0
1742849731.9224792,1.0
1742849731.9428816,1.0
1742849731.963232,1.0
1742849731.9835021,1.0
1742849732.0038958,1.0
1742849732.0243309,1.0
1742849732.0446937,1.0
1742849732.0650632,1.0
1742849732.085423,1.0
1742849732.1058183,1.0
1742849732.1261878,1.0
1742849732.1465116,1.0
1742849732.1668463,1.0
1742849732.187214,1.0
1742849732.2100496,1.0
1742849732.230228,1.0
1742849732.250391,1.0
1742849732.2707007,1.0
1742849732.290938,1.0
1742849732.3112652,1.0
1742849732.33147,1.0
1742849732.351705,1.0
1742849732.3719637,1.0
1742849732.3923316,1.0
1742849732.4127023,1.0
1742849732.4330974,1.0
1742849732.453468,1.0
1742849732.4738638,1.0
1742849732.494476,1.0
1742849732.5147245,1.0
1742849732.5350146,1.0
1742849732.5576375,1.0
1742849732.5777628,1.0
1742849732.5993235,1.0
1742849732.6197312,1.0
1742849732.640363,1.0
1742849732.660618,1.0
1742849732.681313,1.0
1742849732.701513,1.0
1742849732.722251,1.0
1742849732.742554,1.0
1742849732.7629719,1.0
1742849732.7832475,1.0
1742849732.8035352,1.0
1742849732.8238683,1.0
1742849732.8441503,1.0
1742849732.8645113,1.0
1742849732.8848886,1.0
1742849732.9121318,1.0
1742849732.9321344,1.0
1742849732.952325,1.0
1742849732.9740467,1.0
1742849732.995812,1.0
1742849733.016106,1.0
1742849733.036378,1.0
1742849733.0567145,1.0
1742849733.077087,1.0
1742849733.0974953,1.0
1742849733.1177568,1.0
1742849733.138018,1.0
1742849733.1583319,1.0
1742849733.1787047,1.0
1742849733.2010312,1.0
1742849733.221155,1.0
1742849733.241463,1.0
1742849733.2618186,1.0
1742849733.2821927,1.0
1742849733.3024716,1.0
1742849733.3228436,1.0
1742849733.34311,1.0
1742849733.363468,1.0
1742849733.3838177,1.0
1742849733.4041326,1.0
1742849733.424479,1.0
1742849733.4447486,1.0
1742849733.465147,1.0
1742849733.4855597,1.0
1742849733.5058472,1.0
1742849733.5261662,1.0
1742849733.5480485,1.0
1742849733.5688431,1.0
1742849733.5892122,1.0
1742849733.6105244,1.0
1742849733.6308925,1.0
1742849733.6516864,1.0
1742849733.672054,1.0
1742849733.6925597,1.0
1742849733.712884,1.0
1742849733.7338064,1.0
1742849733.7540362,1.0
1742849733.7747338,1.0
1742849733.7951403,1.0
1742849733.8155212,1.0
1742849733.8358757,1.0
1742849733.8562164,1.0
1742849733.8767061,1.0
1742849733.8972507,1.0
1742849733.917625,1.0
1742849733.9379387,1.0
1742849733.9582818,1.0
1742849733.9786015,1.0
1742849733.9989243,1.0
1742849734.019308,1.0
1742849734.0397499,1.0
1742849734.0600977,1.0
1742849734.0805342,1.0
1742849734.1008968,1.0
1742849734.121197,1.0
1742849734.1415124,1.0
1742849734.1620138,1.0
1742849734.1823928,1.0
1742849734.2052152,1.0
1742849734.2255006,1.0
1742849734.2456703,1.0
1742849734.265915,1.0
1742849734.286262,1.0
1742849734.306528,1.0
1742849734.326732,1.0
1742849734.347012,1.0
1742849734.3671792,1.0
1742849734.3874598,1.0
1742849734.4078019,1.0
1742849734.4281712,1.0
1742849734.4484892,1.0
1742849734.468928,1.0
1742849734.4893532,1.0
1742849734.5097208,1.0
1742849734.5300062,1.0
1742849734.5531652,1.0
1742849734.5731,1.0
1742849734.5941353,1.0
1742849734.6143231,1.0
1742849734.635142,1.0
1742849734.6554434,1.0
1742849734.6758053,1.0
1742849734.6963737,1.0
1742849734.7355368,1.0
1742849734.7553577,1.0
1742849734.7757926,1.0
1742849734.795995,1.0
1742849734.8161793,1.0
1742849734.8364446,1.0
1742849734.8567064,1.0
1742849734.8770428,1.0
1742849734.8974016,1.0
1742849734.9175978,1.0
1742849734.9378545,1.0
1742849734.9581125,1.0
1742849734.9783814,1.0
1742849735.0071158,1.0
1742849735.036147,1.0
1742849735.0559833,1.0
1742849735.0761936,1.0
1742849735.09635,1.0
1742849735.1164892,1.0
1742849735.1367183,1.0
1742849735.1569784,1.0
1742849735.1773772,1.0
1742849735.200023,1.0
1742849735.219955,1.0
1742849735.2400532,1.0
1742849735.2602658,1.0
1742849735.2810595,1.0
1742849735.3011713,1.0
1742849735.3213975,1.0
1742849735.3414884,1.0
1742849735.3616364,1.0
1742849735.381818,1.0
1742849735.401965,1.0
1742849735.422157,1.0
1742849735.4422843,1.0
1742849735.462437,1.0
1742849735.4837594,1.0
1742849735.5039465,1.0
1742849735.5240676,1.0
1742849735.5457506,1.0
1742849735.5667107,1.0
1742849735.5867782,1.0
1742849735.607795,1.0
1742849735.6279094,1.0
1742849735.6487465,1.0
1742849735.6688561,1.0
1742849735.6893106,1.0
1742849735.7094905,1.0
1742849735.7295454,1.0
1742849735.7500558,1.0
1742849735.770546,1.0
1742849735.790703,1.0
1742849735.8108435,1.0
1742849735.831044,1.0
1742849735.8512669,1.0
1742849735.8714168,1.0
1742849735.8916674,1.0
1742849735.9120226,1.0
1742849735.9322362,1.0
1742849735.952431,1.0
1742849735.9726484,1.0
1742849735.992797,1.0
1742849736.0129364,1.0
1742849736.033366,1.0
1742849736.0534298,1.0
1742849736.0736501,1.0
1742849736.093877,1.0
1742849736.1139948,1.0
1742849736.1341794,1.0
1742849736.1543767,1.0
1742849736.1745043,1.0
1742849736.1964986,1.0
1742849736.2164633,1.0
1742849736.236666,1.0
1742849736.256761,1.0
1742849736.276963,1.0
1742849736.2971294,1.0
1742849736.317269,1.0
1742849736.3374937,1.0
1742849736.3576887,1.0
1742849736.3779225,1.0
1742849736.3980787,1.0
1742849736.4181745,1.0
1742849736.4383273,1.0
1742849736.4584942,1.0
1742849736.478674,1.0
1742849736.4988253,1.0
1742849736.5190072,1.0
1742849736.5391407,1.0
1742849736.5618029,1.0
1742849736.581869,1.0
1742849736.6030898,1.0
1742849736.623234,1.0
1742849736.6441953,1.0
1742849736.6643102,1.0
1742849736.6846454,1.0
1742849736.7048311,1.0
1742849736.7249744,1.0
1742849736.7452042,1.0
1742849736.765665,1.0
1742849736.7857335,1.0
1742849736.805911,1.0
1742849736.8262413,1.0
1742849736.8463414,1.0
1742849736.8664603,1.0
1742849736.8866675,1.0
1742849736.906881,1.0
1742849736.927011,1.0
1742849736.9471242,1.0
1742849736.9673057,1.0
1742849736.9874709,1.0
1742849737.007686,1.0
1742849737.0279336,1.0
1742849737.0480754,1.0
1742849737.068287,1.0
1742849737.0885375,1.0
1742849737.1086838,1.0
1742849737.1288674,1.0
1742849737.1490607,1.0
1742849737.1692398,1.0
1742849737.1910617,1.0
1742849737.211211,1.0
1742849737.2315404,1.0
1742849737.251714,1.0
1742849737.271932,1.0
1742849737.2921853,1.0
1742849737.312357,1.0
1742849737.332516,1.0
1742849737.3526754,1.0
1742849737.3728974,1.0
1742849737.3930938,1.0
1742849737.4133542,1.0
1742849737.4335606,1.0
1742849737.4536965,1.0
1742849737.4739356,1.0
1742849737.4942756,1.0
1742849737.514414,1.0
1742849737.534592,1.0
1742849737.5575573,1.0
1742849737.5775366,1.0
1742849737.5987895,1.0
1742849737.6188724,1.0
1742849737.6399293,1.0
1742849737.6600697,1.0
1742849737.6803832,1.0
1742849737.7010725,1.0
1742849737.7212746,1.0
1742849737.7415097,1.0
1742849737.7621555,1.0
1742849737.782353,1.0
1742849737.802639,1.0
1742849737.8228867,1.0
1742849737.843114,1.0
1742849737.8632872,1.0
1742849737.8835275,1.0
1742849737.9038575,1.0
1742849737.9240668,1.0
1742849737.9443572,1.0
1742849737.9646287,1.0
1742849737.9848578,1.0
1742849738.0090015,1.0
1742849738.029034,1.0
1742849738.0494313,1.0
1742849738.0697021,1.0
1742849738.0899036,1.0
1742849738.1101167,1.0
1742849738.130667,1.0
1742849738.150877,1.0
1742849738.1711056,1.0
1742849738.1941435,1.0
1742849738.2138383,1.0
1742849738.234105,1.0
1742849738.2543716,1.0
1742849738.2745235,1.0
1742849738.294781,1.0
1742849738.3150012,1.0
1742849738.3351598,1.0
1742849738.3552847,1.0
1742849738.3754623,1.0
1742849738.395675,1.0
1742849738.4158363,1.0
1742849738.4360127,1.0
1742849738.4561467,1.0
1742849738.4762785,1.0
1742849738.4965773,1.0
1742849738.5167928,1.0
1742849738.537008,1.0
1742849738.560753,1.0
1742849738.580789,1.0
1742849738.601961,1.0
1742849738.6221406,1.0
1742849738.642617,1.0
1742849738.6627667,1.0
1742849738.6829422,1.0
1742849738.7033134,1.0
1742849738.7234664,1.0
1742849738.743679,1.0
1742849738.7640173,1.0
1742849738.7841175,1.0
1742849738.8043604,1.0
1742849738.824558,1.0
1742849738.8447437,1.0
1742849738.8649397,1.0
1742849738.8851368,1.0
1742849738.9054596,1.0
1742849738.9255857,1.0
1742849738.9457805,1.0
1742849738.9659512,1.0
1742849738.9861364,1.0
1742849739.0063057,1.0
1742849739.026618,1.0
1742849739.046836,1.0
1742849739.067061,1.0
1742849739.0873559,1.0
1742849739.107502,1.0
1742849739.1276855,1.0
1742849739.1479192,1.0
1742849739.1681018,1.0
1742849739.1909332,1.0
1742849739.2107449,1.0
1742849739.2310905,1.0
1742849739.251306,1.0
1742849739.2715356,1.0
1742849739.2918315,1.0
1742849739.312078,1.0
1742849739.332473,1.0
1742849739.3527243,1.0
1742849739.3729198,1.0
1742849739.3931372,1.0
1742849739.4134016,1.0
1742849739.4336276,1.0
1742849739.453834,1.0
1742849739.4740295,1.0
1742849739.494374,1.0
1742849739.5145617,1.0
1742849739.5347388,1.0
1742849739.5573146,1.0
1742849739.5773225,1.0
1742849739.598787,1.0
1742849739.6188867,1.0
1742849739.6394038,1.0
1742849739.659412,1.0
1742849739.6795244,1.0
1742849739.6999876,1.0
1742849739.7201164,1.0
1742849739.740281,1.0
1742849739.7605314,1.0
1742849739.7813768,1.0
1742849739.8014712,1.0
1742849739.8216593,1.0
1742849739.8418934,1.0
1742849739.8620186,1.0
1742849739.8821774,1.0
1742849739.9025273,1.0
1742849739.922644,1.0
1742849739.942902,1.0
1742849739.963119,1.0
1742849739.9833944,1.0
1742849740.0036154,1.0
1742849740.0237553,1.0
1742849740.0442371,1.0
1742849740.06441,1.0
1742849740.0846164,1.0
1742849740.1047645,1.0
1742849740.1249754,1.0
1742849740.145186,1.0
1742849740.165401,1.0
1742849740.1856012,1.0
1742849740.2080793,1.0
1742849740.2281787,1.0
1742849740.2483056,1.0
1742849740.268454,1.0
1742849740.2888715,1.0
1742849740.3090303,1.0
1742849740.3291614,1.0
1742849740.349353,1.0
1742849740.3695316,1.0
1742849740.3902166,1.0
1742849740.4103856,1.0
1742849740.4304802,1.0
1742849740.4506805,1.0
1742849740.470908,1.0
1742849740.49116,1.0
1742849740.511313,1.0
1742849740.5314636,1.0
1742849740.5535753,1.0
1742849740.5735655,1.0
1742849740.5943456,1.0
1742849740.6143992,1.0
1742849740.6351323,1.0
1742849740.6552525,1.0
1742849740.6754963,1.0
1742849740.6958284,1.0
1742849740.7160773,1.0
1742849740.7361739,1.0
1742849740.756284,1.0
1742849740.7768533,1.0
1742849740.7970777,1.0
1742849740.817292,1.0
1742849740.8375475,1.0
1742849740.8577213,1.0
1742849740.8778558,1.0
1742849740.898259,1.0
1742849740.91846,1.0
1742849740.938621,1.0
1742849740.9588041,1.0
1742849740.9788706,1.0
1742849740.9990516,1.0
1742849741.0192153,1.0
1742849741.0393913,1.0
1742849741.0595691,1.0
1742849741.0797284,1.0
1742849741.0999424,1.0
1742849741.120071,1.0
1742849741.1402233,1.0
1742849741.1604214,1.0
1742849741.180619,1.0
1742849741.2031293,1.0
1742849741.223252,1.0
1742849741.2434778,1.0
1742849741.2636964,1.0
1742849741.2838275,1.0
1742849741.3040807,1.0
1742849741.3243017,1.0
1742849741.3444872,1.0
1742849741.3646853,1.0
1742849741.3849518,1.0
1742849741.4051316,1.0
1742849741.4252899,1.0
1742849741.4455042,1.0
1742849741.4657204,1.0
1742849741.4858837,1.0
1742849741.5061138,1.0
1742849741.5262454,1.0
1742849741.547333,1.0
1742849741.568181,1.0
1742849741.5883188,1.0
1742849741.6095674,1.0
1742849741.6297472,1.0
1742849741.6504955,1.0
1742849741.6707242,1.0
1742849741.69111,1.0
1742849741.7113101,1.0
1742849741.73144,1.0
1742849741.7516227,1.0
1742849741.771941,1.0
1742849741.8084338,1.0
1742849741.8282847,1.0
1742849741.8484213,1.0
1742849741.8686807,1.0
1742849741.8889408,1.0
1742849741.9092426,1.0
1742849741.9297812,1.0
1742849741.9499366,1.0
1742849741.9701602,1.0
1742849741.990352,1.0
1742849742.010561,1.0
1742849742.03074,1.0
1742849742.051038,1.0
1742849742.0712404,1.0
1742849742.0915751,1.0
1742849742.1118476,1.0
1742849742.132047,1.0
1742849742.1522427,1.0
1742849742.1725502,1.0
1742849742.1947567,1.0
1742849742.2145612,1.0
1742849742.2346725,1.0
1742849742.254794,1.0
1742849742.27503,1.0
1742849742.2954173,1.0
1742849742.3156228,1.0
1742849742.3357668,1.0
1742849742.3559127,1.0
1742849742.376109,1.0
1742849742.3963428,1.0
1742849742.4164743,1.0
1742849742.4366827,1.0
1742849742.4570603,1.0
1742849742.4772155,1.0
1742849742.4977398,1.0
1742849742.5178719,1.0
1742849742.5380633,1.0
1742849742.5604196,1.0
1742849742.5805855,1.0
1742849742.6018205,1.0
1742849742.6218913,1.0
1742849742.6426325,1.0
1742849742.662819,1.0
1742849742.682988,1.0
1742849742.703543,1.0
1742849742.7236593,1.0
1742849742.743748,1.0
1742849742.7640202,1.0
1742849742.7840521,1.0
1742849742.8042588,1.0
1742849742.8244777,1.0
1742849742.8447251,1.0
1742849742.864896,1.0
1742849742.8851337,1.0
1742849742.9126,1.0
1742849742.9324327,1.0
1742849742.9530003,1.0
1742849742.9732003,1.0
1742849742.9934218,1.0
1742849743.0151408,1.0
1742849743.0369964,1.0
1742849743.057156,1.0
1742849743.0773704,1.0
1742849743.0975838,1.0
1742849743.1178105,1.0
1742849743.1379402,1.0
1742849743.1581717,1.0
1742849743.1783996,1.0
1742849743.2010117,1.0
1742849743.2210934,1.0
1742849743.2413278,1.0
1742849743.26153,1.0
1742849743.2817142,1.0
1742849743.3019967,1.0
1742849743.3221915,1.0
1742849743.3422706,1.0
1742849743.3624194,1.0
1742849743.3826137,1.0
1742849743.4027765,1.0
1742849743.4229624,1.0
1742849743.4432948,1.0
1742849743.463431,1.0
1742849743.4836037,1.0
1742849743.5039263,1.0
1742849743.524065,1.0
1742849743.5454004,1.0
1742849743.5665545,1.0
1742849743.586708,1.0
1742849743.6080701,1.0
1742849743.6282861,1.0
1742849743.6490777,1.0
1742849743.669236,1.0
1742849743.6898737,1.0
1742849743.7100558,1.0
1742849743.7302947,1.0
1742849743.7504432,1.0
1742849743.7710311,1.0
1742849743.791215,1.0
1742849743.812182,1.0
1742849743.83225,1.0
1742849743.8524585,1.0
1742849743.872634,1.0
1742849743.8929079,1.0
1742849743.9131212,1.0
1742849743.9333386,1.0
1742849743.9535804,1.0
1742849743.973788,1.0
1742849743.9940052,1.0
1742849744.0142465,1.0
1742849744.0344875,1.0
1742849744.054965,1.0
1742849744.0751128,1.0
1742849744.0953448,1.0
1742849744.1155577,1.0
1742849744.1357746,1.0
1742849744.1559246,1.0
1742849744.1761296,1.0
1742849744.1989236,1.0
1742849744.2189116,1.0
1742849744.239199,1.0
1742849744.2593188,1.0
1742849744.279468,1.0
1742849744.299744,1.0
1742849744.3199236,1.0
1742849744.3400323,1.0
1742849744.3601534,1.0
1742849744.3803034,1.0
1742849744.4004655,1.0
1742849744.4206753,1.0
1742849744.440859,1.0
1742849744.4610944,1.0
1742849744.4812324,1.0
1742849744.5015068,1.0
1742849744.5215988,1.0
1742849744.5421886,1.0
1742849744.5638251,1.0
1742849744.5839612,1.0
1742849744.6048338,1.0
1742849744.6250043,1.0
1742849744.645552,1.0
1742849744.6657279,1.0
1742849744.685844,1.0
1742849744.7062874,1.0
1742849744.7264688,1.0
1742849744.7466455,1.0
1742849744.7671237,1.0
1742849744.787226,1.0
1742849744.8073847,1.0
1742849744.8275397,1.0
1742849744.8477159,1.0
1742849744.867861,1.0
1742849744.888066,1.0
1742849744.9083009,1.0
1742849744.9284568,1.0
1742849744.948602,1.0
1742849744.9687428,1.0
1742849744.988868,1.0
1742849745.008992,1.0
1742849745.0292058,1.0
1742849745.0493717,1.0
1742849745.06949,1.0
1742849745.0897286,1.0
1742849745.1100204,1.0
1742849745.1301417,1.0
1742849745.1502314,1.0
1742849745.1704135,1.0
1742849745.192848,1.0
1742849745.2125838,1.0
1742849745.2327821,1.0
1742849745.253031,1.0
1742849745.2731411,1.0
1742849745.29323,1.0
1742849745.3134065,1.0
1742849745.3335981,1.0
1742849745.3537862,1.0
1742849745.3739448,1.0
1742849745.3941312,1.0
1742849745.4142897,1.0
1742849745.4344094,1.0
1742849745.4546034,1.0
1742849745.474698,1.0
1742849745.494854,1.0
1742849745.5150242,1.0
1742849745.5352836,1.0
1742849745.558146,1.0
1742849745.5781248,1.0
1742849745.5994055,1.0
1742849745.6194866,1.0
1742849745.6400568,1.0
1742849745.6601377,1.0
1742849745.6803298,1.0
1742849745.7007847,1.0
1742849745.720862,1.0
1742849745.740983,1.0
1742849745.7613235,1.0
1742849745.7817483,1.0
1742849745.801933,1.0
1742849745.8220787,1.0
1742849745.8427265,1.0
1742849745.8628483,1.0
1742849745.883059,1.0
1742849745.9035347,1.0
1742849745.9236207,1.0
1742849745.9438334,1.0
1742849745.9639776,1.0
1742849745.9841204,1.0
1742849746.004268,1.0
1742849746.0244176,1.0
1742849746.045043,1.0
1742849746.0652268,1.0
1742849746.0853698,1.0
1742849746.10597,1.0
1742849746.1261985,1.0
1742849746.1463926,1.0
1742849746.1666796,1.0
1742849746.1869044,1.0
1742849746.2090964,1.0
1742849746.229318,1.0
1742849746.2495623,1.0
1742849746.2697377,1.0
1742849746.2899396,1.0
1742849746.3102958,1.0
1742849746.3304758,1.0
1742849746.3506658,1.0
1742849746.3709857,1.0
1742849746.3912055,1.0
1742849746.4113464,1.0
1742849746.4314992,1.0
1742849746.4516501,1.0
1742849746.4717617,1.0
1742849746.491873,1.0
1742849746.512045,1.0
1742849746.532232,1.0
1742849746.5548372,1.0
1742849746.5747614,1.0
1742849746.5961401,1.0
1742849746.6161344,1.0
1742849746.6368778,1.0
1742849746.6569355,1.0
1742849746.6770613,1.0
1742849746.6973777,1.0
1742849746.717516,1.0
1742849746.7376592,1.0
1742849746.7577877,1.0
1742849746.7780228,1.0
1742849746.7981734,1.0
1742849746.8184645,1.0
1742849746.838644,1.0
1742849746.8589048,1.0
1742849746.879061,1.0
1742849746.8994403,1.0
1742849746.9196076,1.0
1742849746.939931,1.0
1742849746.960149,1.0
1742849746.9803405,1.0
1742849747.000477,1.0
1742849747.0206554,1.0
1742849747.0408607,1.0
1742849747.061036,1.0
1742849747.0811832,1.0
1742849747.101444,1.0
1742849747.1214967,1.0
1742849747.1417375,1.0
1742849747.1619024,1.0
1742849747.1821527,1.0
1742849747.2049787,1.0
1742849747.2249877,1.0
1742849747.245241,1.0
1742849747.2654932,1.0
1742849747.2856605,1.0
1742849747.3059247,1.0
1742849747.3260577,1.0
1742849747.3463125,1.0
1742849747.3664966,1.0
1742849747.3866372,1.0
1742849747.406816,1.0
1742849747.4269445,1.0
1742849747.4471068,1.0
1742849747.4675536,1.0
1742849747.4878807,1.0
1742849747.5081515,1.0
1742849747.528313,1.0
1742849747.5503123,1.0
1742849747.570601,1.0
1742849747.591657,1.0
1742849747.611679,1.0
1742849747.6320329,1.0
1742849747.6523244,1.0
1742849747.6725674,1.0
1742849747.692758,1.0
1742849747.7133212,1.0
1742849747.7335649,1.0
1742849747.753763,1.0
1742849747.774089,1.0
1742849747.7942703,1.0
1742849747.8145256,1.0
1742849747.8347175,1.0
1742849747.85561,1.0
1742849747.8758364,1.0
1742849747.8962119,1.0
1742849747.9165075,1.0
1742849747.9367168,1.0
1742849747.9568822,1.0
1742849747.9771903,1.0
1742849747.9974446,1.0
1742849748.0176203,1.0
1742849748.0392468,1.0
1742849748.060569,1.0
1742849748.0812325,1.0
1742849748.1016862,1.0
1742849748.1219532,1.0
1742849748.142211,1.0
1742849748.1624196,1.0
1742849748.1827013,1.0
1742849748.2050622,1.0
1742849748.2254205,1.0
1742849748.2456446,1.0
1742849748.2658682,1.0
1742849748.2860646,1.0
1742849748.3062956,1.0
1742849748.3265023,1.0
1742849748.3466759,1.0
1742849748.3668137,1.0
1742849748.386959,1.0
1742849748.4071448,1.0
1742849748.4273884,1.0
1742849748.4476147,1.0
1742849748.4678545,1.0
1742849748.4880226,1.0
1742849748.508287,1.0
1742849748.5284464,1.0
1742849748.5507488,1.0
1742849748.5711188,1.0
1742849748.5925417,1.0
1742849748.6127985,1.0
1742849748.6336744,1.0
1742849748.6537304,1.0
1742849748.6739647,1.0
1742849748.6941836,1.0
1742849748.7145047,1.0
1742849748.734719,1.0
1742849748.7550151,1.0
1742849748.7755764,1.0
1742849748.7957327,1.0
1742849748.8159468,1.0
1742849748.8361893,1.0
1742849748.8564672,1.0
1742849748.8767,1.0
1742849748.8970573,1.0
1742849748.9174018,1.0
1742849748.9376588,1.0
1742849748.9578512,1.0
1742849748.978029,1.0
1742849748.998325,1.0
1742849749.0185094,1.0
1742849749.0386434,1.0
1742849749.058917,1.0
1742849749.0791426,1.0
1742849749.099345,1.0
1742849749.1195374,1.0
1742849749.1397202,1.0
1742849749.1599123,1.0
1742849749.1801567,1.0
1742849749.2028253,1.0
1742849749.2227783,1.0
1742849749.2430058,1.0
1742849749.2632563,1.0
1742849749.283527,1.0
1742849749.303765,1.0
1742849749.3239787,1.0
1742849749.344277,1.0
1742849749.3645718,1.0
1742849749.3848336,1.0
1742849749.405146,1.0
1742849749.4253542,1.0
1742849749.445591,1.0
1742849749.4658043,1.0
1742849749.485965,1.0
1742849749.5063689,1.0
1742849749.526546,1.0
1742849749.5492163,1.0
1742849749.569404,1.0
1742849749.590185,1.0
1742849749.6108897,1.0
1742849749.6317935,1.0
1742849749.6521373,1.0
1742849749.67239,1.0
1742849749.6926675,1.0
1742849749.7131777,1.0
1742849749.7334023,1.0
1742849749.753676,1.0
1742849749.7742867,1.0
1742849749.7944958,1.0
1742849749.8147178,1.0
1742849749.8349223,1.0
1742849749.855931,1.0
1742849749.8760731,1.0
1742849749.89655,1.0
1742849749.9168596,1.0
1742849749.9371178,1.0
1742849749.957361,1.0
1742849749.9774978,1.0
1742849749.997709,1.0
1742849750.0179465,1.0
1742849750.0381687,1.0
1742849750.0585577,1.0
1742849750.0787592,1.0
1742849750.0990024,1.0
1742849750.1192381,1.0
1742849750.1394525,1.0
1742849750.1597092,1.0
1742849750.1799512,1.0
1742849750.202579,1.0
1742849750.2226486,1.0
1742849750.2427886,1.0
1742849750.2630403,1.0
1742849750.2833123,1.0
1742849750.3035362,1.0
1742849750.3237612,1.0
1742849750.3439875,1.0
1742849750.3642051,1.0
1742849750.3845465,1.0
1742849750.4047372,1.0
1742849750.425016,1.0
1742849750.4453256,1.0
1742849750.4656265,1.0
1742849750.4857976,1.0
1742849750.5060356,1.0
1742849750.5263257,1.0
1742849750.5475383,1.0
1742849750.5685475,1.0
1742849750.5888808,1.0
1742849750.6099558,1.0
1742849750.6302605,1.0
1742849750.651105,1.0
1742849750.6713963,1.0
1742849750.6916502,1.0
1742849750.7122219,1.0
1742849750.7324498,1.0
1742849750.7527525,1.0
1742849750.7732847,1.0
1742849750.7934995,1.0
1742849750.8137395,1.0
1742849750.8339272,1.0
1742849750.8542168,1.0
1742849750.8744943,1.0
1742849750.8952417,1.0
1742849750.9156039,1.0
1742849750.9359083,1.0
1742849750.9561386,1.0
1742849750.9763935,1.0
1742849750.996661,1.0
1742849751.0169175,1.0
1742849751.0371904,1.0
1742849751.0574813,1.0
1742849751.0777695,1.0
1742849751.098003,1.0
1742849751.1182287,1.0
1742849751.1385078,1.0
1742849751.1587987,1.0
1742849751.1791794,1.0
1742849751.2018797,1.0
1742849751.222013,1.0
1742849751.242125,1.0
1742849751.262406,1.0
1742849751.2826922,1.0
1742849751.302905,1.0
1742849751.3232656,1.0
1742849751.3435853,1.0
1742849751.3644671,1.0
1742849751.384755,1.0
1742849751.4050412,1.0
1742849751.4252677,1.0
1742849751.445482,1.0
1742849751.465805,1.0
1742849751.486027,1.0
1742849751.5062687,1.0
1742849751.526496,1.0
1742849751.5478344,1.0
1742849751.5688126,1.0
1742849751.5891163,1.0
1742849751.610266,1.0
1742849751.6305625,1.0
1742849751.6514466,1.0
1742849751.6716437,1.0
1742849751.6919305,1.0
1742849751.7124822,1.0
1742849751.732716,1.0
1742849751.7529511,1.0
1742849751.7733974,1.0
1742849751.7936053,1.0
1742849751.8139517,1.0
1742849751.8341842,1.0
1742849751.8544207,1.0
1742849751.8753562,1.0
1742849751.8955956,1.0
1742849751.9159641,1.0
1742849751.9362476,1.0
1742849751.9565523,1.0
1742849751.976822,1.0
1742849751.9971285,1.0
1742849752.0173855,1.0
1742849752.037647,1.0
1742849752.0583372,1.0
1742849752.0785575,1.0
1742849752.0988386,1.0
1742849752.1191676,1.0
1742849752.1393998,1.0
1742849752.159629,1.0
1742849752.1799293,1.0
1742849752.2026484,1.0
1742849752.222757,1.0
1742849752.242946,1.0
1742849752.263235,1.0
1742849752.283476,1.0
1742849752.3037229,1.0
1742849752.323964,1.0
1742849752.3441658,1.0
1742849752.3644247,1.0
1742849752.3846653,1.0
1742849752.404922,1.0
1742849752.4252305,1.0
1742849752.445532,1.0
1742849752.4660683,1.0
1742849752.486528,1.0
1742849752.5066535,1.0
1742849752.526924,1.0
1742849752.5485883,1.0
1742849752.5694926,1.0
1742849752.5897748,1.0
1742849752.6106446,1.0
1742849752.6310058,1.0
1742849752.6518013,1.0
1742849752.6721349,1.0
1742849752.692426,1.0
1742849752.713126,1.0
1742849752.7333286,1.0
1742849752.753542,1.0
1742849752.7739959,1.0
1742849752.7942202,1.0
1742849752.814441,1.0
1742849752.8346238,1.0
1742849752.8548648,1.0
1742849752.8750427,1.0
1742849752.8953319,1.0
1742849752.9225042,1.0
1742849752.9423976,1.0
1742849752.9626286,1.0
1742849752.9828277,1.0
1742849753.0030777,1.0
1742849753.023356,1.0
1742849753.0435967,1.0
1742849753.065117,1.0
1742849753.0869322,1.0
1742849753.1069891,1.0
1742849753.1271737,1.0
1742849753.1472616,1.0
1742849753.1673706,1.0
1742849753.1903837,1.0
1742849753.210765,1.0
1742849753.2308724,1.0
1742849753.2510362,1.0
1742849753.2713714,1.0
1742849753.2915113,1.0
1742849753.311743,1.0
1742849753.3319945,1.0
1742849753.3521323,1.0
1742849753.3723226,1.0
1742849753.392525,1.0
1742849753.4127162,1.0
1742849753.4329078,1.0
1742849753.4531162,1.0
1742849753.4734123,1.0
1742849753.493558,1.0
1742849753.5137198,1.0
1742849753.533894,1.0
1742849753.5573852,1.0
1742849753.5775638,1.0
1742849753.5990832,1.0
1742849753.619259,1.0
1742849753.6398582,1.0
1742849753.6600332,1.0
1742849753.680248,1.0
1742849753.7004068,1.0
1742849753.7208405,1.0
1742849753.741067,1.0
1742849753.761573,1.0
1742849753.781669,1.0
1742849753.801885,1.0
1742849753.8220785,1.0
1742849753.8422613,1.0
1742849753.8625774,1.0
1742849753.882835,1.0
1742849753.9036942,1.0
1742849753.923904,1.0
1742849753.9441235,1.0
1742849753.9643564,1.0
1742849753.9845986,1.0
1742849754.0048616,1.0
1742849754.0250633,1.0
1742849754.0452685,1.0
1742849754.065835,1.0
1742849754.085986,1.0
1742849754.106168,1.0
1742849754.126455,1.0
1742849754.1466765,1.0
1742849754.166954,1.0
1742849754.1900694,1.0
1742849754.2097273,1.0
1742849754.2298877,1.0
1742849754.2500584,1.0
1742849754.2703235,1.0
1742849754.2904823,1.0
1742849754.3106265,1.0
1742849754.3308344,1.0
1742849754.3510058,1.0
1742849754.3712473,1.0
1742849754.391441,1.0
1742849754.41174,1.0
1742849754.431916,1.0
1742849754.4520867,1.0
1742849754.4723213,1.0
1742849754.4924884,1.0
1742849754.512674,1.0
1742849754.5330327,1.0
1742849754.5552633,1.0
1742849754.5752785,1.0
1742849754.5966032,1.0
1742849754.6165965,1.0
1742849754.637416,1.0
1742849754.6574144,1.0
1742849754.677734,1.0
1742849754.6979654,1.0
1742849754.7183912,1.0
1742849754.7385783,1.0
1742849754.7593317,1.0
1742849754.7794886,1.0
1742849754.7997363,1.0
1742849754.8199325,1.0
1742849754.8400795,1.0
1742849754.8603513,1.0
1742849754.8805084,1.0
1742849754.900824,1.0
1742849754.9211595,1.0
1742849754.9413211,1.0
1742849754.9614863,1.0
1742849754.9816766,1.0
1742849755.0017936,1.0
1742849755.0219922,1.0
1742849755.0420961,1.0
1742849755.0622342,1.0
1742849755.082404,1.0
1742849755.1025388,1.0
1742849755.1227748,1.0
1742849755.142908,1.0
1742849755.1630673,1.0
1742849755.1833775,1.0
1742849755.2059011,1.0
1742849755.2259586,1.0
1742849755.246062,1.0
1742849755.266295,1.0
1742849755.2866116,1.0
1742849755.3067863,1.0
1742849755.3271415,1.0
1742849755.3472636,1.0
1742849755.3674612,1.0
1742849755.3875868,1.0
1742849755.4077685,1.0
1742849755.4279165,1.0
1742849755.4481463,1.0
1742849755.468439,1.0
1742849755.4886143,1.0
1742849755.5088782,1.0
1742849755.5291145,1.0
1742849755.5516293,1.0
1742849755.5714161,1.0
1742849755.5924132,1.0
1742849755.6132815,1.0
1742849755.6334968,1.0
1742849755.6539001,1.0
1742849755.6741388,1.0
1742849755.694276,1.0
1742849755.7146237,1.0
1742849755.734895,1.0
1742849755.7551455,1.0
1742849755.7756152,1.0
1742849755.7958953,1.0
1742849755.8161469,1.0
1742849755.83638,1.0
1742849755.856675,1.0
1742849755.8769429,1.0
1742849755.897368,1.0
1742849755.9184468,1.0
1742849755.9386146,1.0
1742849755.9588668,1.0
1742849755.9790971,1.0
1742849755.9993014,1.0
1742849756.0195127,1.0
1742849756.0396762,1.0
1742849756.0600343,1.0
1742849756.080184,1.0
1742849756.1003957,1.0
1742849756.1206474,1.0
1742849756.1409156,1.0
1742849756.1611683,1.0
1742849756.1814551,1.0
1742849756.2043352,1.0
1742849756.2244542,1.0
1742849756.244623,1.0
1742849756.2650278,1.0
1742849756.2851443,1.0
1742849756.3053343,1.0
1742849756.3256524,1.0
1742849756.3457885,1.0
1742849756.3660662,1.0
1742849756.3862853,1.0
1742849756.406471,1.0
1742849756.4266536,1.0
1742849756.4468265,1.0
1742849756.467029,1.0
1742849756.4873214,1.0
1742849756.5074818,1.0
1742849756.5277798,1.0
1742849756.5512354,1.0
1742849756.571246,1.0
1742849756.5920901,1.0
1742849756.612164,1.0
1742849756.632917,1.0
1742849756.6535006,1.0
1742849756.673861,1.0
1742849756.6941323,1.0
1742849756.714575,1.0
1742849756.7349634,1.0
1742849756.7552297,1.0
1742849756.7759666,1.0
1742849756.7962759,1.0
1742849756.8165689,1.0
1742849756.8546994,1.0
1742849756.8749983,1.0
1742849756.8956542,1.0
1742849756.9163885,1.0
1742849756.937169,1.0
1742849756.95774,1.0
1742849756.9784477,1.0
1742849756.9989629,1.0
1742849757.0194802,1.0
1742849757.0401173,1.0
1742849757.0605845,1.0
1742849757.0811565,1.0
1742849757.1016576,1.0
1742849757.122129,1.0
1742849757.142543,1.0
1742849757.163008,1.0
1742849757.183513,1.0
1742849757.2065632,1.0
1742849757.2270167,1.0
1742849757.2473898,1.0
1742849757.2679968,1.0
1742849757.2884486,1.0
1742849757.3088138,1.0
1742849757.3293767,1.0
1742849757.3498907,1.0
1742849757.370259,1.0
1742849757.3907225,1.0
1742849757.4112253,1.0
1742849757.4316022,1.0
1742849757.4520226,1.0
1742849757.4726727,1.0
1742849757.493247,1.0
1742849757.5136054,1.0
1742849757.534145,1.0
1742849757.5565474,1.0
1742849757.5770178,1.0
1742849757.5986223,1.0
1742849757.618802,1.0
1742849757.6395538,1.0
1742849757.6597905,1.0
1742849757.680303,1.0
1742849757.7007518,1.0
1742849757.7214432,1.0
1742849757.741927,1.0
1742849757.7625737,1.0
1742849757.782883,1.0
1742849757.8033915,1.0
1742849757.823944,1.0
1742849757.8443584,1.0
1742849757.8648117,1.0
1742849757.8852553,1.0
1742849757.9058301,1.0
1742849757.926844,1.0
1742849757.9472384,1.0
1742849757.9677153,1.0
1742849757.9882026,1.0
1742849758.008611,1.0
1742849758.0290346,1.0
1742849758.049472,1.0
1742849758.0704076,1.0
1742849758.0934536,1.0
1742849758.1156032,1.0
1742849758.135994,1.0
1742849758.1562917,1.0
1742849758.176841,1.0
1742849758.1998785,1.0
1742849758.2199965,1.0
1742849758.240315,1.0
1742849758.2607381,1.0
1742849758.281229,1.0
1742849758.3015506,1.0
1742849758.322155,1.0
1742849758.34254,1.0
1742849758.3628252,1.0
1742849758.3832028,1.0
1742849758.4035988,1.0
1742849758.4240618,1.0
1742849758.4444575,1.0
1742849758.4647737,1.0
1742849758.4851809,1.0
1742849758.5055451,1.0
1742849758.5260093,1.0
1742849758.5483868,1.0
1742849758.5686963,1.0
1742849758.5894299,1.0
1742849758.6101022,1.0
1742849758.630773,1.0
1742849758.6511552,1.0
1742849758.6715858,1.0
1742849758.6919515,1.0
1742849758.7124848,1.0
1742849758.7329292,1.0
1742849758.753245,1.0
1742849758.7738273,1.0
1742849758.7942288,1.0
1742849758.8145175,1.0
1742849758.8347998,1.0
1742849758.8552237,1.0
1742849758.8756168,1.0
1742849758.89613,1.0
1742849758.9165072,1.0
1742849758.9369032,1.0
1742849758.957265,1.0
1742849758.9776356,1.0
1742849758.9979572,1.0
1742849759.0183697,1.0
1742849759.0386598,1.0
1742849759.0589883,1.0
1742849759.0793355,1.0
1742849759.0997288,1.0
1742849759.1200569,1.0
1742849759.1404471,1.0
1742849759.1608086,1.0
1742849759.1811938,1.0
1742849759.2041588,1.0
1742849759.2244399,1.0
1742849759.2448032,1.0
1742849759.2651086,1.0
1742849759.2856789,1.0
1742849759.3060455,1.0
1742849759.326486,1.0
1742849759.3468122,1.0
1742849759.3672292,1.0
1742849759.38758,1.0
1742849759.407902,1.0
1742849759.4282475,1.0
1742849759.4486175,1.0
1742849759.4688997,1.0
1742849759.4893372,1.0
1742849759.509666,1.0
1742849759.5300276,1.0
1742849759.5530574,1.0
1742849759.572962,1.0
1742849759.593944,1.0
1742849759.6141458,1.0
1742849759.6348875,1.0
1742849759.654955,1.0
1742849759.6753957,1.0
1742849759.6957433,1.0
1742849759.7163346,1.0
1742849759.7366943,1.0
1742849759.7571166,1.0
1742849759.777919,1.0
1742849759.798344,1.0
1742849759.818679,1.0
1742849759.8390253,1.0
1742849759.859409,1.0
1742849759.8797932,1.0
1742849759.9002328,1.0
1742849759.9205625,1.0
1742849759.941627,1.0
1742849759.9619703,1.0
1742849759.982325,1.0
1742849760.002784,1.0
1742849760.023174,1.0
1742849760.043564,1.0
1742849760.0640812,1.0
1742849760.0845256,1.0
1742849760.104912,1.0
1742849760.1254687,1.0
1742849760.1457894,1.0
1742849760.1661131,1.0
1742849760.186502,1.0
1742849760.2092419,1.0
1742849760.2295377,1.0
1742849760.2498305,1.0
1742849760.2702227,1.0
1742849760.2907012,1.0
1742849760.3110266,1.0
1742849760.331525,1.0
1742849760.351854,1.0
1742849760.3722413,1.0
1742849760.3926136,1.0
1742849760.4129808,1.0
1742849760.4332707,1.0
1742849760.4536607,1.0
1742849760.4739413,1.0
1742849760.494434,1.0
1742849760.514768,1.0
1742849760.5352151,1.0
1742849760.5577753,1.0
1742849760.5779686,1.0
1742849760.5994024,1.0
1742849760.619673,1.0
1742849760.6408727,1.0
1742849760.66104,1.0
1742849760.681442,1.0
1742849760.7018209,1.0
1742849760.7224963,1.0
1742849760.7428696,1.0
1742849760.7633843,1.0
1742849760.7836964,1.0
1742849760.804074,1.0
1742849760.824431,1.0
1742849760.8447967,1.0
1742849760.865189,1.0
1742849760.8857877,1.0
1742849760.9065726,1.0
1742849760.927087,1.0
1742849760.9475558,1.0
1742849760.9679947,1.0
1742849760.9884343,1.0
1742849761.0089903,1.0
1742849761.0295174,1.0
1742849761.0500932,1.0
1742849761.0706682,1.0
1742849761.0912657,1.0
1742849761.1117523,1.0
1742849761.1329794,1.0
1742849761.1534495,1.0
1742849761.1735966,1.0
1742849761.1964386,1.0
1742849761.2163093,1.0
1742849761.236305,1.0
1742849761.2563715,1.0
1742849761.276564,1.0
1742849761.2966647,1.0
1742849761.316785,1.0
1742849761.336915,1.0
1742849761.3569114,1.0
1742849761.3770452,1.0
1742849761.397138,1.0
1742849761.417204,1.0
1742849761.4372506,1.0
1742849761.4573765,1.0
1742849761.4776359,1.0
1742849761.4977245,1.0
1742849761.5179362,1.0
1742849761.538172,1.0
1742849761.5604186,1.0
1742849761.5804963,1.0
1742849761.6016479,1.0
1742849761.6217153,1.0
1742849761.642287,1.0
1742849761.6623454,1.0
1742849761.6825824,1.0
1742849761.711081,1.0
1742849761.7422576,1.0
1742849761.7623088,1.0
1742849761.7824194,1.0
1742849761.8027859,1.0
1742849761.8230417,1.0
1742849761.8431857,1.0
1742849761.8633766,1.0
1742849761.8836985,1.0
1742849761.9040413,1.0
1742849761.9242043,1.0
1742849761.9443765,1.0
1742849761.9650853,1.0
1742849761.9851835,1.0
1742849762.0070007,1.0
1742849762.0276036,1.0
1742849762.047777,1.0
1742849762.0681329,1.0
1742849762.0884004,1.0
1742849762.1086104,1.0
1742849762.1288743,1.0
1742849762.1490688,1.0
1742849762.1692352,1.0
1742849762.192052,1.0
1742849762.2118638,1.0
1742849762.232,1.0
1742849762.2521186,1.0
1742849762.2726064,1.0
1742849762.2929041,1.0
1742849762.3131485,1.0
1742849762.3334937,1.0
1742849762.3537207,1.0
1742849762.3738763,1.0
1742849762.39414,1.0
1742849762.4143896,1.0
1742849762.4346554,1.0
1742849762.4548411,1.0
1742849762.4750955,1.0
1742849762.495478,1.0
1742849762.5156217,1.0
1742849762.5359828,1.0
1742849762.5595744,1.0
1742849762.5796285,1.0
1742849762.6010797,1.0
1742849762.6212282,1.0
1742849762.6419005,1.0
1742849762.6620955,1.0
1742849762.6823606,1.0
1742849762.702652,1.0
1742849762.723318,1.0
1742849762.7436132,1.0
1742849762.764064,1.0
1742849762.7843091,1.0
1742849762.8046033,1.0
1742849762.824848,1.0
1742849762.8451285,1.0
1742849762.865452,1.0
1742849762.8857858,1.0
1742849762.915117,1.0
1742849762.9350777,1.0
1742849762.9552946,1.0
1742849762.9755142,1.0
1742849762.995802,1.0
1742849763.0160947,1.0
1742849763.0363848,1.0
1742849763.056686,1.0
1742849763.0769036,1.0
1742849763.097262,1.0
1742849763.1360683,1.0
1742849763.1950471,1.0
1742849763.2147574,1.0
1742849763.234838,1.0
1742849763.2552192,1.0
1742849763.2753832,1.0
1742849763.2956877,1.0
1742849763.315922,1.0
1742849763.3361995,1.0
1742849763.3563538,1.0
1742849763.3765273,1.0
1742849763.39668,1.0
1742849763.4168162,1.0
1742849763.4374347,1.0
1742849763.4575748,1.0
1742849763.47776,1.0
1742849763.4980361,1.0
1742849763.5181625,1.0
1742849763.538405,1.0
1742849763.5609114,1.0
1742849763.581035,1.0
1742849763.6019018,1.0
1742849763.6220253,1.0
1742849763.6426392,1.0
1742849763.662797,1.0
1742849763.682969,1.0
1742849763.7031732,1.0
1742849763.7236838,1.0
1742849763.7439384,1.0
1742849763.7642343,1.0
1742849763.7843323,1.0
1742849763.8044715,1.0
1742849763.8246608,1.0
1742849763.844756,1.0
1742849763.8648725,1.0
1742849763.8850052,1.0
1742849763.905173,1.0
1742849763.9253497,1.0
1742849763.945516,1.0
1742849763.9665725,1.0
1742849763.986615,1.0
1742849764.0067701,1.0
1742849764.0269082,1.0
1742849764.0470273,1.0
1742849764.067478,1.0
1742849764.0876307,1.0
1742849764.1078098,1.0
1742849764.1279502,1.0
1742849764.148167,1.0
1742849764.1683028,1.0
1742849764.1901798,1.0
1742849764.2103188,1.0
1742849764.2304666,1.0
1742849764.2505772,1.0
1742849764.2707374,1.0
1742849764.2909741,1.0
1742849764.311092,1.0
1742849764.3313456,1.0
1742849764.3514996,1.0
1742849764.3716679,1.0
1742849764.3918016,1.0
1742849764.411948,1.0
1742849764.4320903,1.0
1742849764.4522614,1.0
1742849764.4724422,1.0
1742849764.4926069,1.0
1742849764.5128555,1.0
1742849764.5331542,1.0
1742849764.5567353,1.0
1742849764.5767279,1.0
1742849764.5981758,1.0
1742849764.6181912,1.0
1742849764.6387656,1.0
1742849764.6589549,1.0
1742849764.6791606,1.0
1742849764.6994197,1.0
1742849764.719896,1.0
1742849764.7401228,1.0
1742849764.7604408,1.0
1742849764.78118,1.0
1742849764.801335,1.0
1742849764.82158,1.0
1742849764.8417525,1.0
1742849764.8619425,1.0
1742849764.8820834,1.0
1742849764.9024658,1.0
1742849764.9226918,1.0
1742849764.9430604,1.0
1742849764.9632611,1.0
1742849764.9834065,1.0
1742849765.0035253,1.0
1742849765.0237744,1.0
1742849765.0439248,1.0
1742849765.0641184,1.0
1742849765.0843,1.0
1742849765.1044505,1.0
1742849765.1246228,1.0
1742849765.1448505,1.0
1742849765.1650503,1.0
1742849765.1853585,1.0
1742849765.2076774,1.0
1742849765.2277725,1.0
1742849765.2478828,1.0
1742849765.267984,1.0
1742849765.288235,1.0
1742849765.3083951,1.0
1742849765.328594,1.0
1742849765.3487816,1.0
1742849765.3689532,1.0
1742849765.3891697,1.0
1742849765.4093113,1.0
1742849765.4294932,1.0
1742849765.4496725,1.0
1742849765.4698098,1.0
1742849765.4900532,1.0
1742849765.5102005,1.0
1742849765.5303802,1.0
1742849765.5531015,1.0
1742849765.572991,1.0
1742849765.5938225,1.0
1742849765.6138535,1.0
1742849765.6345208,1.0
1742849765.6546245,1.0
1742849765.6747684,1.0
1742849765.6950157,1.0
1742849765.715421,1.0
1742849765.7356257,1.0
1742849765.7559044,1.0
1742849765.7762573,1.0
1742849765.7965384,1.0
1742849765.8167768,1.0
1742849765.8370373,1.0
1742849765.85724,1.0
1742849765.8773856,1.0
1742849765.897853,1.0
1742849765.918095,1.0
1742849765.9383342,1.0
1742849765.958542,1.0
1742849765.9787767,1.0
1742849766.0001004,1.0
1742849766.0204551,1.0
1742849766.0407422,1.0
1742849766.0610626,1.0
1742849766.0815036,1.0
1742849766.1017601,1.0
1742849766.1219919,1.0
1742849766.1422958,1.0
1742849766.1625702,1.0
1742849766.182734,1.0
1742849766.2052753,1.0
1742849766.2254925,1.0
1742849766.2462337,1.0
1742849766.266432,1.0
1742849766.286637,1.0
1742849766.3068466,1.0
1742849766.3271127,1.0
1742849766.34738,1.0
1742849766.367734,1.0
1742849766.3879738,1.0
1742849766.4082372,1.0
1742849766.4284425,1.0
1742849766.4485524,1.0
1742849766.4687364,1.0
1742849766.4889014,1.0
1742849766.5100377,1.0
1742849766.5301821,1.0
1742849766.5548368,1.0
1742849766.5746477,1.0
1742849766.5965445,1.0
1742849766.6165204,1.0
1742849766.6370914,1.0
1742849766.6572204,1.0
1742849766.6773725,1.0
1742849766.6975358,1.0
1742849766.7179024,1.0
1742849766.7381387,1.0
1742849766.7582686,1.0
1742849766.7784815,1.0
1742849766.798561,1.0
1742849766.8186321,1.0
1742849766.8386428,1.0
1742849766.858864,1.0
1742849766.8789175,1.0
1742849766.8990202,1.0
1742849766.919096,1.0
1742849766.939285,1.0
1742849766.9593408,1.0
1742849766.9794202,1.0
1742849766.9994748,1.0
1742849767.0195203,1.0
1742849767.039605,1.0
1742849767.0596592,1.0
1742849767.0797555,1.0
1742849767.0998602,1.0
1742849767.1199586,1.0
1742849767.140103,1.0
1742849767.1601458,1.0
1742849767.1802542,1.0
1742849767.2026134,1.0
1742849767.2229037,1.0
1742849767.243021,1.0
1742849767.2631872,1.0
1742849767.2832932,1.0
1742849767.303496,1.0
1742849767.3235435,1.0
1742849767.3437076,1.0
1742849767.3638203,1.0
1742849767.3838954,1.0
1742849767.4039962,1.0
1742849767.4241796,1.0
1742849767.4442613,1.0
1742849767.4645553,1.0
1742849767.4846985,1.0
1742849767.5049286,1.0
1742849767.5250614,1.0
1742849767.5465145,1.0
1742849767.5678787,1.0
1742849767.58799,1.0
1742849767.6093616,1.0
1742849767.629502,1.0
1742849767.6499808,1.0
1742849767.6701257,1.0
1742849767.6902862,1.0
1742849767.710466,1.0
1742849767.7308443,1.0
1742849767.7509954,1.0
1742849767.7714279,1.0
1742849767.7915807,1.0
1742849767.8116446,1.0
1742849767.8318052,1.0
1742849767.8519692,1.0
1742849767.8720622,1.0
1742849767.8922825,1.0
1742849767.9123807,1.0
1742849767.9326215,1.0
1742849767.9528615,1.0
1742849767.9729557,1.0
1742849767.9931405,1.0
1742849768.0140767,1.0
1742849768.0341818,1.0
1742849768.0543504,1.0
1742849768.0745819,1.0
1742849768.0947511,1.0
1742849768.1149065,1.0
1742849768.136597,1.0
1742849768.1572974,1.0
1742849768.177403,1.0
1742849768.1993582,1.0
1742849768.2193165,1.0
1742849768.2395122,1.0
1742849768.2596138,1.0
1742849768.2797883,1.0
1742849768.3000605,1.0
1742849768.3201795,1.0
1742849768.340367,1.0
1742849768.3604746,1.0
1742849768.380625,1.0
1742849768.4007955,1.0
1742849768.4210207,1.0
1742849768.4412243,1.0
1742849768.4613583,1.0
1742849768.4815154,1.0
1742849768.5017488,1.0
1742849768.5219567,1.0
1742849768.5434206,1.0
1742849768.5651639,1.0
1742849768.5853229,1.0
1742849768.6066816,1.0
1742849768.6276307,1.0
1742849768.6479685,1.0
1742849768.6680825,1.0
1742849768.6883326,1.0
1742849768.7085638,1.0
1742849768.7291522,1.0
1742849768.7493496,1.0
1742849768.769984,1.0
1742849768.7899761,1.0
1742849768.810117,1.0
1742849768.8303344,1.0
1742849768.8504772,1.0
1742849768.8706586,1.0
1742849768.8908067,1.0
1742849768.9109576,1.0
1742849768.9311419,1.0
1742849768.951355,1.0
1742849768.9714978,1.0
1742849768.9915705,1.0
1742849769.0116622,1.0
1742849769.0318198,1.0
1742849769.051916,1.0
1742849769.0720763,1.0
1742849769.0922465,1.0
1742849769.1124651,1.0
1742849769.1326659,1.0
1742849769.1528301,1.0
1742849769.1729834,1.0
1742849769.195549,1.0
1742849769.2153978,1.0
1742849769.2354972,1.0
1742849769.2556016,1.0
1742849769.275637,1.0
1742849769.295757,1.0
1742849769.3157866,1.0
1742849769.3358955,1.0
1742849769.3560638,1.0
1742849769.376121,1.0
1742849769.3961308,1.0
1742849769.4161215,1.0
1742849769.4361145,1.0
1742849769.456149,1.0
1742849769.476227,1.0
1742849769.4962935,1.0
1742849769.5162997,1.0
1742849769.536426,1.0
1742849769.5588927,1.0
1742849769.5789638,1.0
1742849769.6000752,1.0
1742849769.6202507,1.0
1742849769.6409986,1.0
1742849769.6611996,1.0
1742849769.6814127,1.0
1742849769.7017727,1.0
1742849769.7221832,1.0
1742849769.7423646,1.0
1742849769.7701335,1.0
1742849769.7991962,1.0
1742849769.819163,1.0
1742849769.8393638,1.0
1742849769.8595886,1.0
1742849769.8798726,1.0
1742849769.900315,1.0
1742849769.9206202,1.0
1742849769.9408789,1.0
1742849769.9612281,1.0
1742849769.9814725,1.0
1742849770.0018196,1.0
1742849770.0226805,1.0
1742849770.0428631,1.0
1742849770.0631313,1.0
1742849770.0835357,1.0
1742849770.1038356,1.0
1742849770.12414,1.0
1742849770.1443481,1.0
1742849770.1646364,1.0
1742849770.1849003,1.0
1742849770.2069728,1.0
1742849770.227104,1.0
1742849770.2472885,1.0
1742849770.2675624,1.0
1742849770.2877767,1.0
1742849770.3081706,1.0
1742849770.3283765,1.0
1742849770.3486636,1.0
1742849770.3688564,1.0
1742849770.3891165,1.0
1742849770.4093628,1.0
1742849770.4295285,1.0
1742849770.4497733,1.0
1742849770.4699545,1.0
1742849770.4901056,1.0
1742849770.5104208,1.0
1742849770.5306797,1.0
1742849770.5529277,1.0
1742849770.5729249,1.0
1742849770.5941012,1.0
1742849770.6140268,1.0
1742849770.6344066,1.0
1742849770.654457,1.0
1742849770.6745803,1.0
1742849770.6948304,1.0
1742849770.7150068,1.0
1742849770.735555,1.0
1742849770.7558215,1.0
1742849770.7760797,1.0
1742849770.7962604,1.0
1742849770.8164275,1.0
1742849770.8366547,1.0
1742849770.8571067,1.0
1742849770.8772662,1.0
1742849770.8975713,1.0
1742849770.917769,1.0
1742849770.9379952,1.0
1742849770.9582403,1.0
1742849770.9784176,1.0
1742849770.9985166,1.0
1742849771.018676,1.0
1742849771.03883,1.0
1742849771.0589297,1.0
1742849771.079128,1.0
1742849771.099375,1.0
1742849771.1195486,1.0
1742849771.1397257,1.0
1742849771.159988,1.0
1742849771.1801767,1.0
1742849771.2023892,1.0
1742849771.2225306,1.0
1742849771.242651,1.0
1742849771.2628798,1.0
1742849771.2829847,1.0
1742849771.3032067,1.0
1742849771.3234358,1.0
1742849771.3435977,1.0
1742849771.3644998,1.0
1742849771.3846443,1.0
1742849771.404852,1.0
1742849771.4250438,1.0
1742849771.445202,1.0
1742849771.4653757,1.0
1742849771.48563,1.0
1742849771.5060232,1.0
1742849771.5262134,1.0
1742849771.548781,1.0
1742849771.5686638,1.0
1742849771.5893607,1.0
1742849771.6095128,1.0
1742849771.6299155,1.0
1742849771.6501777,1.0
1742849771.6703627,1.0
1742849771.6904993,1.0
1742849771.7107265,1.0
1742849771.7311058,1.0
1742849771.7513828,1.0
1742849771.771619,1.0
1742849771.7917807,1.0
1742849771.8119235,1.0
1742849771.8320308,1.0
1742849771.8522234,1.0
1742849771.8724408,1.0
1742849771.8926742,1.0
1742849771.9128275,1.0
1742849771.9330099,1.0
1742849771.9533308,1.0
1742849771.9735272,1.0
1742849771.9936228,1.0
1742849772.0137184,1.0
1742849772.0346763,1.0
1742849772.0547802,1.0
1742849772.0749278,1.0
1742849772.0951426,1.0
1742849772.1153286,1.0
1742849772.135486,1.0
1742849772.155748,1.0
1742849772.1758842,1.0
1742849772.1985636,1.0
1742849772.2183917,1.0
1742849772.2385035,1.0
1742849772.258632,1.0
1742849772.2787838,1.0
1742849772.298967,1.0
1742849772.3191514,1.0
1742849772.3393083,1.0
1742849772.3595374,1.0
1742849772.3796642,1.0
1742849772.3998294,1.0
1742849772.4199448,1.0
1742849772.4401057,1.0
1742849772.460389,1.0
1742849772.4805582,1.0
1742849772.5007753,1.0
1742849772.5209165,1.0
1742849772.5414417,1.0
1742849772.5629265,1.0
1742849772.583121,1.0
1742849772.604007,1.0
1742849772.6241376,1.0
1742849772.6446724,1.0
1742849772.664739,1.0
1742849772.6848752,1.0
1742849772.7050931,1.0
1742849772.7254934,1.0
1742849772.745685,1.0
1742849772.7659633,1.0
1742849772.7860346,1.0
1742849772.8062294,1.0
1742849772.8263361,1.0
1742849772.8465502,1.0
1742849772.8666937,1.0
1742849772.8867924,1.0
1742849772.9130623,1.0
1742849772.9328148,1.0
1742849772.9529316,1.0
1742849772.9730968,1.0
1742849772.993226,1.0
1742849773.0133479,1.0
1742849773.0334194,1.0
1742849773.0535727,1.0
1742849773.073656,1.0
1742849773.0937545,1.0
1742849773.1139786,1.0
1742849773.134113,1.0
1742849773.1555405,1.0
1742849773.1766133,1.0
1742849773.1987417,1.0
1742849773.2186549,1.0
1742849773.2387736,1.0
1742849773.2588782,1.0
1742849773.2789385,1.0
1742849773.2990615,1.0
1742849773.3191936,1.0
1742849773.3392704,1.0
1742849773.359471,1.0
1742849773.3796005,1.0
1742849773.3996556,1.0
1742849773.4197662,1.0
1742849773.4398987,1.0
1742849773.4599688,1.0
1742849773.4800305,1.0
1742849773.5000994,1.0
1742849773.520187,1.0
1742849773.5402417,1.0
1742849773.5636063,1.0
1742849773.5835319,1.0
1742849773.6044507,1.0
1742849773.6245718,1.0
1742849773.6451209,1.0
1742849773.665224,1.0
1742849773.6858819,1.0
1742849773.7061083,1.0
1742849773.7264862,1.0
1742849773.7466629,1.0
1742849773.7670794,1.0
1742849773.7872226,1.0
1742849773.8074205,1.0
1742849773.8275974,1.0
1742849773.8477654,1.0
1742849773.8678977,1.0
1742849773.888051,1.0
1742849773.9083028,1.0
1742849773.9284263,1.0
1742849773.9534624,1.0
1742849773.9734237,1.0
1742849773.9936056,1.0
1742849774.0138206,1.0
1742849774.0339694,1.0
1742849774.054744,1.0
1742849774.074884,1.0
1742849774.0954015,1.0
1742849774.1156065,1.0
1742849774.1358094,1.0
1742849774.156032,1.0
1742849774.1762369,1.0
1742849774.1984618,1.0
1742849774.218444,1.0
1742849774.2385087,1.0
1742849774.2586036,1.0
1742849774.2787066,1.0
1742849774.298818,1.0
1742849774.3190596,1.0
1742849774.339172,1.0
1742849774.3594263,1.0
1742849774.3795784,1.0
1742849774.39963,1.0
1742849774.4196665,1.0
1742849774.4398713,1.0
1742849774.459957,1.0
1742849774.4800558,1.0
1742849774.500176,1.0
1742849774.5204213,1.0
1742849774.5405092,1.0
1742849774.5629027,1.0
1742849774.5829842,1.0
1742849774.6040654,1.0
1742849774.6241975,1.0
1742849774.6448417,1.0
1742849774.6649826,1.0
1742849774.6850302,1.0
1742849774.705163,1.0
1742849774.7255287,1.0
1742849774.7455823,1.0
1742849774.7660434,1.0
1742849774.7863054,1.0
1742849774.8064337,1.0
1742849774.8265202,1.0
1742849774.8466516,1.0
1742849774.8669832,1.0
1742849774.8871586,1.0
1742849774.9074275,1.0
1742849774.927544,1.0
1742849774.94771,1.0
1742849774.9679022,1.0
1742849774.9880884,1.0
1742849775.0082347,1.0
1742849775.028303,1.0
1742849775.0484397,1.0
1742849775.0685902,1.0
1742849775.0886781,1.0
1742849775.1088636,1.0
1742849775.1290128,1.0
1742849775.1491187,1.0
1742849775.1692977,1.0
1742849775.1915119,1.0
1742849775.2118113,1.0
1742849775.2319696,1.0
1742849775.252111,1.0
1742849775.2722442,1.0
1742849775.292455,1.0
1742849775.3126087,1.0
1742849775.3327093,1.0
1742849775.3528194,1.0
1742849775.3730066,1.0
1742849775.3931327,1.0
1742849775.4132419,1.0
1742849775.4332938,1.0
1742849775.4533625,1.0
1742849775.4734404,1.0
1742849775.4935365,1.0
1742849775.5137045,1.0
1742849775.5337753,1.0
1742849775.5556958,1.0
1742849775.5757227,1.0
1742849775.5969498,1.0
1742849775.6168866,1.0
1742849775.637257,1.0
1742849775.6573105,1.0
1742849775.6774716,1.0
1742849775.6975725,1.0
1742849775.7177966,1.0
1742849775.7382584,1.0
1742849775.7583869,1.0
1742849775.7786715,1.0
1742849775.7987978,1.0
1742849775.8189993,1.0
1742849775.839165,1.0
1742849775.859262,1.0
1742849775.8794158,1.0
1742849775.8998568,1.0
1742849775.9199998,1.0
1742849775.940196,1.0
1742849775.9604077,1.0
1742849775.9804964,1.0
1742849776.000715,1.0
1742849776.0207934,1.0
1742849776.0409439,1.0
1742849776.0610898,1.0
1742849776.081874,1.0
1742849776.1019156,1.0
1742849776.1220608,1.0
1742849776.1421387,1.0
1742849776.1623387,1.0
1742849776.1823833,1.0
1742849776.2050033,1.0
1742849776.2251716,1.0
1742849776.2454832,1.0
1742849776.2659152,1.0
1742849776.286282,1.0
1742849776.306659,1.0
1742849776.327025,1.0
1742849776.3473537,1.0
1742849776.3680441,1.0
1742849776.388354,1.0
1742849776.4087205,1.0
1742849776.4291463,1.0
1742849776.4495637,1.0
1742849776.4699686,1.0
1742849776.490351,1.0
1742849776.5107834,1.0
1742849776.5312133,1.0
1742849776.553658,1.0
1742849776.5738719,1.0
1742849776.5952775,1.0
1742849776.6153996,1.0
1742849776.636008,1.0
1742849776.6561515,1.0
1742849776.6765494,1.0
1742849776.6968877,1.0
1742849776.717337,1.0
1742849776.738939,1.0
1742849776.7594419,1.0
1742849776.7796476,1.0
1742849776.8000126,1.0
1742849776.8203537,1.0
1742849776.8407335,1.0
1742849776.861095,1.0
1742849776.881368,1.0
1742849776.9018943,1.0
1742849776.922326,1.0
1742849776.942687,1.0
1742849776.9630866,1.0
1742849776.9834101,1.0
1742849777.0037818,1.0
1742849777.0241122,1.0
1742849777.0444226,1.0
1742849777.0648398,1.0
1742849777.085231,1.0
1742849777.1055214,1.0
1742849777.1260052,1.0
1742849777.1464145,1.0
1742849777.166872,1.0
1742849777.187127,1.0
1742849777.2090158,1.0
1742849777.2294278,1.0
1742849777.2498312,1.0
1742849777.2701964,1.0
1742849777.290585,1.0
1742849777.3110015,1.0
1742849777.3313763,1.0
1742849777.3517814,1.0
1742849777.372282,1.0
1742849777.3926458,1.0
1742849777.413083,1.0
1742849777.433441,1.0
1742849777.4538221,1.0
1742849777.474265,1.0
1742849777.494809,1.0
1742849777.5152938,1.0
1742849777.5356321,1.0
1742849777.5579362,1.0
1742849777.5783355,1.0
1742849777.5993643,1.0
1742849777.619768,1.0
1742849777.6403399,1.0
1742849777.660515,1.0
1742849777.680942,1.0
1742849777.7013793,1.0
1742849777.7217262,1.0
1742849777.7425947,1.0
1742849777.7631822,1.0
1742849777.7835212,1.0
1742849777.803959,1.0
1742849777.8243532,1.0
1742849777.8447297,1.0
1742849777.8650844,1.0
1742849777.885445,1.0
1742849777.905922,1.0
1742849777.9264073,1.0
1742849777.9468548,1.0
1742849777.9673085,1.0
1742849777.9876738,1.0
1742849778.0080907,1.0
1742849778.028446,1.0
1742849778.0488691,1.0
1742849778.0692544,1.0
1742849778.0901592,1.0
1742849778.1105425,1.0
1742849778.130971,1.0
1742849778.1513371,1.0
1742849778.1737518,1.0
1742849778.198433,1.0
1742849778.2184215,1.0
1742849778.238587,1.0
1742849778.258741,1.0
1742849778.2789567,1.0
1742849778.299214,1.0
1742849778.3195295,1.0
1742849778.3397014,1.0
1742849778.3599045,1.0
1742849778.3802345,1.0
1742849778.4004679,1.0
1742849778.4206662,1.0
1742849778.4408786,1.0
1742849778.4610574,1.0
1742849778.4812453,1.0
1742849778.5014305,1.0
1742849778.521747,1.0
1742849778.5421803,1.0
1742849778.563598,1.0
1742849778.5836847,1.0
1742849778.6046476,1.0
1742849778.6248107,1.0
1742849778.6455688,1.0
1742849778.6657517,1.0
1742849778.6859415,1.0
1742849778.7060924,1.0
1742849778.7263515,1.0
1742849778.7466238,1.0
1742849778.7668931,1.0
1742849778.7874873,1.0
1742849778.8075721,1.0
1742849778.827721,1.0
1742849778.847829,1.0
1742849778.8680387,1.0
1742849778.8882296,1.0
1742849778.9084122,1.0
1742849778.9286177,1.0
1742849778.9487815,1.0
1742849778.969069,1.0
1742849778.9891584,1.0
1742849779.009378,1.0
1742849779.0295117,1.0
1742849779.0496585,1.0
1742849779.0698178,1.0
1742849779.0899103,1.0
1742849779.1100295,1.0
1742849779.1302705,1.0
1742849779.1504295,1.0
1742849779.1706276,1.0
1742849779.1930823,1.0
1742849779.2129295,1.0
1742849779.233297,1.0
1742849779.2535,1.0
1742849779.2736545,1.0
1742849779.293816,1.0
1742849779.3139307,1.0
1742849779.3341184,1.0
1742849779.3542507,1.0
1742849779.374488,1.0
1742849779.3946176,1.0
1742849779.4147863,1.0
1742849779.43498,1.0
1742849779.4551156,1.0
1742849779.4752803,1.0
1742849779.4954147,1.0
1742849779.5156043,1.0
1742849779.5357528,1.0
1742849779.5582693,1.0
1742849779.57846,1.0
1742849779.5994802,1.0
1742849779.6195664,1.0
1742849779.64014,1.0
1742849779.6603048,1.0
1742849779.680561,1.0
1742849779.7007143,1.0
1742849779.7209797,1.0
1742849779.7415347,1.0
1742849779.761795,1.0
1742849779.7821858,1.0
1742849779.8023746,1.0
1742849779.8225775,1.0
1742849779.842759,1.0
1742849779.8629525,1.0
1742849779.8831508,1.0
1742849779.903438,1.0
1742849779.923678,1.0
1742849779.9437883,1.0
1742849779.963997,1.0
1742849779.9842439,1.0
1742849780.0045106,1.0
1742849780.02472,1.0
1742849780.044885,1.0
1742849780.0651226,1.0
1742849780.0858066,1.0
1742849780.1064239,1.0
1742849780.126569,1.0
1742849780.1467466,1.0
1742849780.1669059,1.0
1742849780.1890745,1.0
1742849780.2092948,1.0
1742849780.229511,1.0
1742849780.2495978,1.0
1742849780.2697375,1.0
1742849780.289939,1.0
1742849780.310097,1.0
1742849780.3303444,1.0
1742849780.350496,1.0
1742849780.3707664,1.0
1742849780.390881,1.0
1742849780.4110491,1.0
1742849780.4312294,1.0
1742849780.4513836,1.0
1742849780.4715793,1.0
1742849780.4916542,1.0
1742849780.5118172,1.0
1742849780.5321019,1.0
1742849780.5542948,1.0
1742849780.574435,1.0
1742849780.5955243,1.0
1742849780.6155055,1.0
1742849780.6357963,1.0
1742849780.6560707,1.0
1742849780.676261,1.0
1742849780.696443,1.0
1742849780.7166536,1.0
1742849780.7370737,1.0
1742849780.757209,1.0
1742849780.7775438,1.0
1742849780.797739,1.0
1742849780.8179197,1.0
1742849780.8380036,1.0
1742849780.8582351,1.0
1742849780.8783846,1.0
1742849780.8986235,1.0
1742849780.9188247,1.0
1742849780.9390733,1.0
1742849780.9591923,1.0
1742849780.9794495,1.0
1742849780.9995549,1.0
1742849781.0197158,1.0
1742849781.0398664,1.0
1742849781.0601344,1.0
1742849781.0802295,1.0
1742849781.100387,1.0
1742849781.1206326,1.0
1742849781.14081,1.0
1742849781.161001,1.0
1742849781.1812885,1.0
1742849781.2032385,1.0
1742849781.223292,1.0
1742849781.243423,1.0
1742849781.2635484,1.0
1742849781.283785,1.0
1742849781.3039536,1.0
1742849781.3242407,1.0
1742849781.3444452,1.0
1742849781.3646135,1.0
1742849781.3848226,1.0
1742849781.4049845,1.0
1742849781.42517,1.0
1742849781.44536,1.0
1742849781.4655123,1.0
1742849781.4857621,1.0
1742849781.5059102,1.0
1742849781.5261223,1.0
1742849781.5475428,1.0
1742849781.568167,1.0
1742849781.588421,1.0
1742849781.6092234,1.0
1742849781.6294034,1.0
1742849781.6502523,1.0
1742849781.6704645,1.0
1742849781.6907206,1.0
1742849781.710944,1.0
1742849781.7316499,1.0
1742849781.7518072,1.0
1742849781.7723944,1.0
1742849781.7925844,1.0
1742849781.812821,1.0
1742849781.8330827,1.0
1742849781.8532774,1.0
1742849781.8739061,1.0
1742849781.8942435,1.0
1742849781.914451,1.0
1742849781.93472,1.0
1742849781.9549274,1.0
1742849781.975138,1.0
1742849781.9953613,1.0
1742849782.015531,1.0
1742849782.0357747,1.0
1742849782.056008,1.0
1742849782.07617,1.0
1742849782.0965972,1.0
1742849782.1172247,1.0
1742849782.1374319,1.0
1742849782.1576753,1.0
1742849782.1780124,1.0
1742849782.200725,1.0
1742849782.2206192,1.0
1742849782.240855,1.0
1742849782.261041,1.0
1742849782.2813733,1.0
1742849782.301544,1.0
1742849782.3218217,1.0
1742849782.3420112,1.0
1742849782.3621895,1.0
1742849782.3824167,1.0
1742849782.402594,1.0
1742849782.4227896,1.0
1742849782.442969,1.0
1742849782.4632246,1.0
1742849782.4833887,1.0
1742849782.5036013,1.0
1742849782.5238626,1.0
1742849782.5452282,1.0
1742849782.5661616,1.0
1742849782.5863845,1.0
1742849782.6073208,1.0
1742849782.6274579,1.0
1742849782.6480935,1.0
1742849782.668273,1.0
1742849782.68854,1.0
1742849782.708704,1.0
1742849782.7289221,1.0
1742849782.7493393,1.0
1742849782.7696276,1.0
1742849782.7898376,1.0
1742849782.80998,1.0
1742849782.830063,1.0
1742849782.8502333,1.0
1742849782.870498,1.0
1742849782.8908725,1.0
1742849782.9182212,1.0
1742849782.9381466,1.0
1742849782.9582603,1.0
1742849782.978579,1.0
1742849782.9987447,1.0
1742849783.0189755,1.0
1742849783.0392122,1.0
1742849783.0594215,1.0
1742849783.0796306,1.0
1742849783.0999734,1.0
1742849783.1203053,1.0
1742849783.140615,1.0
1742849783.1608078,1.0
1742849783.1813087,1.0
1742849783.2064638,1.0
1742849783.226544,1.0
1742849783.2467148,1.0
1742849783.2668989,1.0
1742849783.2870476,1.0
1742849783.307258,1.0
1742849783.3276005,1.0
1742849783.3477814,1.0
1742849783.3679519,1.0
1742849783.388294,1.0
1742849783.4085445,1.0
1742849783.4287744,1.0
1742849783.448983,1.0
1742849783.4692311,1.0
1742849783.4894702,1.0
1742849783.5096285,1.0
1742849783.5299342,1.0
1742849783.5526748,1.0
1742849783.5726678,1.0
1742849783.5934305,1.0
1742849783.6135092,1.0
1742849783.6340647,1.0
1742849783.6545613,1.0
1742849783.6748123,1.0
1742849783.6950805,1.0
1742849783.7152472,1.0
1742849783.7357745,1.0
1742849783.7559638,1.0
1742849783.7765343,1.0
1742849783.7967777,1.0
1742849783.817038,1.0
1742849783.83727,1.0
1742849783.8575218,1.0
1742849783.87775,1.0
1742849783.8979971,1.0
1742849783.919015,1.0
1742849783.9392753,1.0
1742849783.9594576,1.0
1742849783.979716,1.0
1742849783.9999726,1.0
1742849784.0202763,1.0
1742849784.0404856,1.0
1742849784.060712,1.0
1742849784.0809758,1.0
1742849784.1015666,1.0
1742849784.1217756,1.0
1742849784.142731,1.0
1742849784.162996,1.0
1742849784.1833127,1.0
1742849784.2059793,1.0
1742849784.2262294,1.0
1742849784.2464473,1.0
1742849784.2667582,1.0
1742849784.2869875,1.0
1742849784.307266,1.0
1742849784.327648,1.0
1742849784.347928,1.0
1742849784.3681834,1.0
1742849784.3884962,1.0
1742849784.408801,1.0
1742849784.429219,1.0
1742849784.4495082,1.0
1742849784.4697332,1.0
1742849784.4900033,1.0
1742849784.5102553,1.0
1742849784.5305495,1.0
1742849784.552885,1.0
1742849784.5727909,1.0
1742849784.5936244,1.0
1742849784.6138093,1.0
1742849784.6343431,1.0
1742849784.6545672,1.0
1742849784.6748536,1.0
1742849784.6951983,1.0
1742849784.7154763,1.0
1742849784.7360184,1.0
1742849784.7562337,1.0
1742849784.7770722,1.0
1742849784.816836,1.0
1742849784.8370488,1.0
1742849784.857487,1.0
1742849784.8781118,1.0
1742849784.8988018,1.0
1742849784.9194167,1.0
1742849784.9401681,1.0
1742849784.9607565,1.0
1742849784.9814827,1.0
1742849785.0021427,1.0
1742849785.022705,1.0
1742849785.0433195,1.0
1742849785.0638168,1.0
1742849785.0842547,1.0
1742849785.1048424,1.0
1742849785.1253529,1.0
1742849785.145813,1.0
1742849785.1663232,1.0
1742849785.1869678,1.0
1742849785.2100036,1.0
1742849785.230359,1.0
1742849785.2507977,1.0
1742849785.271262,1.0
1742849785.2917469,1.0
1742849785.3121908,1.0
1742849785.3327887,1.0
1742849785.353284,1.0
1742849785.3737786,1.0
1742849785.394305,1.0
1742849785.414804,1.0
1742849785.435245,1.0
1742849785.4556873,1.0
1742849785.476174,1.0
1742849785.4966407,1.0
1742849785.517079,1.0
1742849785.5377364,1.0
1742849785.5619707,1.0
1742849785.5824707,1.0
1742849785.604233,1.0
1742849785.6254768,1.0
1742849785.64598,1.0
1742849785.6665502,1.0
1742849785.6870422,1.0
1742849785.7076926,1.0
1742849785.7283568,1.0
1742849785.7492254,1.0
1742849785.7701876,1.0
1742849785.7909765,1.0
1742849785.8115714,1.0
1742849785.832233,1.0
1742849785.8529823,1.0
1742849785.8736005,1.0
1742849785.8942566,1.0
1742849785.9150324,1.0
1742849785.9357224,1.0
1742849785.9562998,1.0
1742849785.9769068,1.0
1742849785.9976625,1.0
1742849786.0182383,1.0
1742849786.0388584,1.0
1742849786.0594888,1.0
1742849786.0800705,1.0
1742849786.1008286,1.0
1742849786.1214728,1.0
1742849786.142155,1.0
1742849786.16318,1.0
1742849786.1839938,1.0
1742849786.2071693,1.0
1742849786.2277365,1.0
1742849786.2482753,1.0
1742849786.2688649,1.0
1742849786.2894142,1.0
1742849786.3099651,1.0
1742849786.3304992,1.0
1742849786.3510256,1.0
1742849786.371731,1.0
1742849786.3923917,1.0
1742849786.4129293,1.0
1742849786.4334538,1.0
1742849786.453971,1.0
1742849786.4744635,1.0
1742849786.4949825,1.0
1742849786.5154498,1.0
1742849786.5360441,1.0
1742849786.559002,1.0
1742849786.5794184,1.0
1742849786.600925,1.0
1742849786.6215496,1.0
1742849786.6422462,1.0
1742849786.6627893,1.0
1742849786.6833692,1.0
1742849786.703885,1.0
1742849786.7244654,1.0
1742849786.745302,1.0
1742849786.7661538,1.0
1742849786.7867622,1.0
1742849786.8072836,1.0
1742849786.8278346,1.0
1742849786.8484552,1.0
1742849786.8691294,1.0
1742849786.8896017,1.0
1742849786.9101381,1.0
1742849786.930632,1.0
1742849786.9511926,1.0
1742849786.9716673,1.0
1742849786.992702,1.0
1742849787.0131943,1.0
1742849787.0337827,1.0
1742849787.0543022,1.0
1742849787.0748081,1.0
1742849787.0953531,1.0
1742849787.1158607,1.0
1742849787.1364815,1.0
1742849787.1570857,1.0
1742849787.177664,1.0
1742849787.2008417,1.0
1742849787.221166,1.0
1742849787.2417247,1.0
1742849787.2621632,1.0
1742849787.2826304,1.0
1742849787.3031468,1.0
1742849787.3236153,1.0
1742849787.3442569,1.0
1742849787.3647304,1.0
1742849787.3853998,1.0
1742849787.405867,1.0
1742849787.4262798,1.0
1742849787.4467402,1.0
1742849787.4673615,1.0
1742849787.48798,1.0
1742849787.508365,1.0
1742849787.5288448,1.0
1742849787.5516636,1.0
1742849787.5720341,1.0
1742849787.5929155,1.0
1742849787.6138031,1.0
1742849787.6345825,1.0
1742849787.6551661,1.0
1742849787.6756747,1.0
1742849787.696191,1.0
1742849787.7167294,1.0
1742849787.7378035,1.0
1742849787.7585027,1.0
1742849787.778888,1.0
1742849787.7995055,1.0
1742849787.820043,1.0
1742849787.8405933,1.0
1742849787.8611162,1.0
1742849787.8816779,1.0
1742849787.9022946,1.0
1742849787.9227712,1.0
1742849787.9433382,1.0
1742849787.9638023,1.0
1742849787.9843712,1.0
1742849788.0048695,1.0
1742849788.0254202,1.0
1742849788.04596,1.0
1742849788.0664454,1.0
1742849788.086938,1.0
1742849788.107675,1.0
1742849788.1281636,1.0
1742849788.1487827,1.0
1742849788.17019,1.0
1742849788.1935241,1.0
1742849788.2150688,1.0
1742849788.2369301,1.0
1742849788.2575037,1.0
1742849788.277925,1.0
1742849788.298391,1.0
1742849788.3188882,1.0
1742849788.339538,1.0
1742849788.3600755,1.0
1742849788.380933,1.0
1742849788.4016702,1.0
1742849788.422251,1.0
1742849788.442813,1.0
1742849788.4634316,1.0
1742849788.484033,1.0
1742849788.5046158,1.0
1742849788.5252204,1.0
1742849788.5481207,1.0
1742849788.5686462,1.0
1742849788.58955,1.0
1742849788.6103468,1.0
1742849788.6311429,1.0
1742849788.6518512,1.0
1742849788.6724143,1.0
1742849788.6929479,1.0
1742849788.7135065,1.0
1742849788.7340574,1.0
1742849788.7546403,1.0
1742849788.77544,1.0
1742849788.7959826,1.0
1742849788.816528,1.0
1742849788.837056,1.0
1742849788.8575685,1.0
1742849788.8781135,1.0
1742849788.8986695,1.0
1742849788.9191823,1.0
1742849788.9398246,1.0
1742849788.9603362,1.0
1742849788.980799,1.0
1742849789.001436,1.0
1742849789.021996,1.0
1742849789.0431125,1.0
1742849789.0635793,1.0
1742849789.084078,1.0
1742849789.1045024,1.0
1742849789.1249523,1.0
1742849789.1455202,1.0
1742849789.1659322,1.0
1742849789.1864347,1.0
1742849789.2090828,1.0
1742849789.229537,1.0
1742849789.250003,1.0
1742849789.270522,1.0
1742849789.2909548,1.0
1742849789.3113992,1.0
1742849789.3320065,1.0
1742849789.3525167,1.0
1742849789.3730156,1.0
1742849789.3936658,1.0
1742849789.4141343,1.0
1742849789.4345882,1.0
1742849789.455126,1.0
1742849789.4757106,1.0
1742849789.4962234,1.0
1742849789.5173042,1.0
1742849789.5380437,1.0
1742849789.5605836,1.0
1742849789.5811865,1.0
1742849789.602696,1.0
1742849789.6231477,1.0
1742849789.6438134,1.0
1742849789.6643198,1.0
1742849789.684837,1.0
1742849789.705334,1.0
1742849789.725767,1.0
1742849789.7463915,1.0
1742849789.7670052,1.0
1742849789.7876363,1.0
1742849789.8081872,1.0
1742849789.8286896,1.0
1742849789.849247,1.0
1742849789.869766,1.0
1742849789.890413,1.0
1742849789.9110134,1.0
1742849789.9315794,1.0
1742849789.9522536,1.0
1742849789.972778,1.0
1742849789.9935253,1.0
1742849790.0140524,1.0
1742849790.0346315,1.0
1742849790.0551412,1.0
1742849790.0757525,1.0
1742849790.0967178,1.0
1742849790.1172028,1.0
1742849790.1377876,1.0
1742849790.1583338,1.0
1742849790.1796615,1.0
1742849790.2022939,1.0
1742849790.2227576,1.0
1742849790.2432516,1.0
1742849790.263684,1.0
1742849790.28419,1.0
1742849790.3046508,1.0
1742849790.3252501,1.0
1742849790.3459005,1.0
1742849790.3664126,1.0
1742849790.3869555,1.0
1742849790.4076636,1.0
1742849790.428158,1.0
1742849790.4486818,1.0
1742849790.469171,1.0
1742849790.489704,1.0
1742849790.5101798,1.0
1742849790.5307636,1.0
1742849790.5529742,1.0
1742849790.5733821,1.0
1742849790.5946,1.0
1742849790.6150937,1.0
1742849790.6361377,1.0
1742849790.6566334,1.0
1742849790.6772773,1.0
1742849790.6979246,1.0
1742849790.7185173,1.0
1742849790.739104,1.0
1742849790.7600217,1.0
1742849790.7805948,1.0
1742849790.8013322,1.0
1742849790.8219159,1.0
1742849790.8424664,1.0
1742849790.8632212,1.0
1742849790.8837357,1.0
1742849790.9046607,1.0
1742849790.9252238,1.0
1742849790.9458997,1.0
1742849790.9664302,1.0
1742849790.9869738,1.0
1742849791.007623,1.0
1742849791.0282445,1.0
1742849791.048852,1.0
1742849791.0694075,1.0
1742849791.0899942,1.0
1742849791.1105313,1.0
1742849791.1310256,1.0
1742849791.151639,1.0
1742849791.172235,1.0
1742849791.1948214,1.0
1742849791.2152817,1.0
1742849791.23579,1.0
1742849791.256376,1.0
1742849791.2769332,1.0
1742849791.2974706,1.0
1742849791.317967,1.0
1742849791.3384924,1.0
1742849791.35906,1.0
1742849791.3796818,1.0
1742849791.4003892,1.0
1742849791.420932,1.0
1742849791.4415119,1.0
1742849791.4620976,1.0
1742849791.4826663,1.0
1742849791.5032089,1.0
1742849791.5236452,1.0
1742849791.5451818,1.0
1742849791.5670397,1.0
1742849791.5875568,1.0
1742849791.6093132,1.0
1742849791.630492,1.0
1742849791.6511605,1.0
1742849791.6717842,1.0
1742849791.6922836,1.0
1742849791.7129712,1.0
1742849791.7335663,1.0
1742849791.7544098,1.0
1742849791.775267,1.0
1742849791.795917,1.0
1742849791.8165767,1.0
1742849791.8371859,1.0
1742849791.857801,1.0
1742849791.8783433,1.0
1742849791.8989801,1.0
1742849791.9195857,1.0
1742849791.9401639,1.0
1742849791.9607708,1.0
1742849791.9814205,1.0
1742849792.0021122,1.0
1742849792.0227492,1.0
1742849792.04327,1.0
1742849792.0638607,1.0
1742849792.0844188,1.0
1742849792.1056361,1.0
1742849792.1261106,1.0
1742849792.1467855,1.0
1742849792.167362,1.0
1742849792.1897933,1.0
1742849792.2108943,1.0
1742849792.2315226,1.0
1742849792.2521334,1.0
1742849792.272715,1.0
1742849792.2932858,1.0
1742849792.313892,1.0
1742849792.3345342,1.0
1742849792.3552618,1.0
1742849792.3757985,1.0
1742849792.396562,1.0
1742849792.417216,1.0
1742849792.4378147,1.0
1742849792.4585881,1.0
1742849792.47911,1.0
1742849792.4997544,1.0
1742849792.5203075,1.0
1742849792.540859,1.0
1742849792.5634067,1.0
1742849792.5839093,1.0
1742849792.60532,1.0
1742849792.6259346,1.0
1742849792.6469193,1.0
1742849792.6675045,1.0
1742849792.6880212,1.0
1742849792.7085555,1.0
1742849792.729174,1.0
1742849792.7500954,1.0
1742849792.770965,1.0
1742849792.791522,1.0
1742849792.8121502,1.0
1742849792.832794,1.0
1742849792.8533802,1.0
1742849792.87393,1.0
1742849792.8945448,1.0
1742849792.922083,1.0
1742849792.9424052,1.0
1742849792.9629164,1.0
1742849792.9834938,1.0
1742849793.0041878,1.0
1742849793.024845,1.0
1742849793.0454352,1.0
1742849793.0660405,1.0
1742849793.0866477,1.0
1742849793.1072438,1.0
1742849793.1278322,1.0
1742849793.1484725,1.0
1742849793.169065,1.0
1742849793.191374,1.0
1742849793.212377,1.0
1742849793.2343307,1.0
1742849793.2570157,1.0
1742849793.2773666,1.0
1742849793.2977571,1.0
1742849793.318134,1.0
1742849793.3385448,1.0
1742849793.3590636,1.0
1742849793.3794436,1.0
1742849793.3998935,1.0
1742849793.4203112,1.0
1742849793.4406576,1.0
1742849793.4610605,1.0
1742849793.4814355,1.0
1742849793.5018363,1.0
1742849793.5222073,1.0
1742849793.5430868,1.0
1742849793.5650926,1.0
1742849793.5854743,1.0
1742849793.6066425,1.0
1742849793.626959,1.0
1742849793.6478088,1.0
1742849793.6682816,1.0
1742849793.688629,1.0
1742849793.7089558,1.0
1742849793.7292814,1.0
1742849793.7498822,1.0
1742849793.7704854,1.0
1742849793.790813,1.0
1742849793.8113139,1.0
1742849793.8316922,1.0
1742849793.8520546,1.0
1742849793.8723993,1.0
1742849793.892829,1.0
1742849793.9131749,1.0
1742849793.9335153,1.0
1742849793.9539208,1.0
1742849793.9742455,1.0
1742849793.994578,1.0
1742849794.0148838,1.0
1742849794.0352912,1.0
1742849794.0556002,1.0
1742849794.076009,1.0
1742849794.0963874,1.0
1742849794.116924,1.0
1742849794.1373734,1.0
1742849794.158573,1.0
1742849794.1789262,1.0
1742849794.201491,1.0
1742849794.2225518,1.0
1742849794.2428322,1.0
1742849794.263244,1.0
1742849794.283655,1.0
1742849794.3040018,1.0
1742849794.324334,1.0
1742849794.3449748,1.0
1742849794.3653746,1.0
1742849794.385848,1.0
1742849794.4064155,1.0
1742849794.4268749,1.0
1742849794.4473145,1.0
1742849794.4677827,1.0
1742849794.488251,1.0
1742849794.5086877,1.0
1742849794.5291388,1.0
1742849794.5518637,1.0
1742849794.5904388,1.0
1742849794.6104565,1.0
1742849794.6311207,1.0
1742849794.651547,1.0
1742849794.6721008,1.0
1742849794.6926584,1.0
1742849794.713135,1.0
1742849794.7336566,1.0
1742849794.7552533,1.0
1742849794.7760177,1.0
1742849794.796406,1.0
1742849794.8169997,1.0
1742849794.8374102,1.0
1742849794.8579407,1.0
1742849794.8808935,1.0
1742849794.901392,1.0
1742849794.9220948,1.0
1742849794.942452,1.0
1742849794.9629207,1.0
1742849794.9832983,1.0
1742849795.0037181,1.0
1742849795.024121,1.0
1742849795.0445063,1.0
1742849795.0648527,1.0
1742849795.0852575,1.0
1742849795.1057103,1.0
1742849795.1264632,1.0
1742849795.1470938,1.0
1742849795.167425,1.0
1742849795.1895723,1.0
1742849795.210232,1.0
1742849795.2306879,1.0
1742849795.2511744,1.0
1742849795.271626,1.0
1742849795.2920525,1.0
1742849795.3124683,1.0
1742849795.332953,1.0
1742849795.3534813,1.0
1742849795.373922,1.0
1742849795.3954737,1.0
1742849795.4571474,1.0
1742849795.5296812,1.0
1742849795.602311,1.0
1742849795.6749916,1.0
1742849795.7078838,1.0
1742849795.728293,1.0
1742849795.7493227,1.0
1742849795.7707186,1.0
1742849795.7914782,1.0
1742849795.8123684,1.0
1742849795.8329792,1.0
1742849795.8537176,1.0
1742849795.8743887,1.0
1742849795.8950431,1.0
1742849795.9157765,1.0
1742849795.9364934,1.0
1742849795.9571133,1.0
1742849795.977706,1.0
1742849795.9982986,1.0
1742849796.0189512,1.0
1742849796.0395977,1.0
1742849796.060137,1.0
1742849796.0807102,1.0
1742849796.101322,1.0
1742849796.1218696,1.0
1742849796.142418,1.0
1742849796.1630242,1.0
1742849796.1836524,1.0
1742849796.207792,1.0
1742849796.2290626,1.0
1742849796.2496614,1.0
1742849796.2702758,1.0
1742849796.290778,1.0
1742849796.311263,1.0
1742849796.3317468,1.0
1742849796.3521497,1.0
1742849796.3726776,1.0
1742849796.4129148,1.0
1742849796.4332001,1.0
1742849796.4537017,1.0
1742849796.474342,1.0
1742849796.4949968,1.0
1742849796.5159879,1.0
1742849796.536506,1.0
1742849796.5592084,1.0
1742849796.5797117,1.0
1742849796.6009889,1.0
1742849796.6214535,1.0
1742849796.6422882,1.0
1742849796.6626318,1.0
1742849796.6830723,1.0
1742849796.703566,1.0
1742849796.7239738,1.0
1742849796.7445235,1.0
1742849796.7654662,1.0
1742849796.7858012,1.0
1742849796.8061857,1.0
1742849796.8265102,1.0
1742849796.8469422,1.0
1742849796.8673303,1.0
1742849796.8877547,1.0
1742849796.9081435,1.0
1742849796.9284928,1.0
1742849796.9490442,1.0
1742849796.9695063,1.0
1742849796.9900033,1.0
1742849797.0104625,1.0
1742849797.0308707,1.0
1742849797.0513563,1.0
1742849797.0717814,1.0
1742849797.0921683,1.0
1742849797.11259,1.0
1742849797.1330178,1.0
1742849797.1535685,1.0
1742849797.173936,1.0
1742849797.1969519,1.0
1742849797.2176256,1.0
1742849797.2379696,1.0
1742849797.2583315,1.0
1742849797.278789,1.0
1742849797.2991803,1.0
1742849797.3195968,1.0
1742849797.3401008,1.0
1742849797.3605282,1.0
1742849797.3810387,1.0
1742849797.4014769,1.0
1742849797.421989,1.0
1742849797.4424155,1.0
1742849797.462972,1.0
1742849797.4834204,1.0
1742849797.5041099,1.0
1742849797.5246413,1.0
1742849797.547135,1.0
1742849797.5676944,1.0
1742849797.5885415,1.0
1742849797.6093516,1.0
1742849797.6300266,1.0
1742849797.6503642,1.0
1742849797.6707733,1.0
1742849797.6910834,1.0
1742849797.7113838,1.0
1742849797.7317715,1.0
1742849797.7526178,1.0
1742849797.7730403,1.0
1742849797.7933927,1.0
1742849797.8138473,1.0
1742849797.834159,1.0
1742849797.8545206,1.0
1742849797.8748865,1.0
1742849797.895345,1.0
1742849797.9157214,1.0
1742849797.936105,1.0
1742849797.9564981,1.0
1742849797.9768257,1.0
1742849797.9972653,1.0
1742849798.0176694,1.0
1742849798.0381,1.0
1742849798.0584404,1.0
1742849798.0787723,1.0
1742849798.0991807,1.0
1742849798.1197581,1.0
1742849798.1400468,1.0
1742849798.1604972,1.0
1742849798.1809022,1.0
1742849798.2033246,1.0
1742849798.2236753,1.0
1742849798.2445827,1.0
1742849798.2687316,1.0
1742849798.28871,1.0
1742849798.3090725,1.0
1742849798.3294034,1.0
1742849798.3497808,1.0
1742849798.3700752,1.0
1742849798.3903215,1.0
1742849798.4107332,1.0
1742849798.4310186,1.0
1742849798.451323,1.0
1742849798.4716396,1.0
1742849798.491961,1.0
1742849798.5122755,1.0
1742849798.5325875,1.0
1742849798.5551946,1.0
1742849798.5753078,1.0
1742849798.5965881,1.0
1742849798.6168492,1.0
1742849798.6373584,1.0
1742849798.6577442,1.0
1742849798.6780546,1.0
1742849798.6983597,1.0
1742849798.718709,1.0
1742849798.7389858,1.0
1742849798.759877,1.0
1742849798.7802117,1.0
1742849798.8005092,1.0
1742849798.8209164,1.0
1742849798.8412542,1.0
1742849798.8616858,1.0
1742849798.8819914,1.0
1742849798.9025576,1.0
1742849798.9228768,1.0
1742849798.9431672,1.0
1742849798.9635653,1.0
1742849798.9839587,1.0
1742849799.0042963,1.0
1742849799.0249174,1.0
1742849799.0452578,1.0
1742849799.0655813,1.0
1742849799.0858793,1.0
1742849799.1061811,1.0
1742849799.126407,1.0
1742849799.1466658,1.0
1742849799.1669917,1.0
1742849799.188988,1.0
1742849799.2101686,1.0
1742849799.2305458,1.0
1742849799.2509723,1.0
1742849799.2725165,1.0
1742849799.2927115,1.0
1742849799.3131733,1.0
1742849799.3336792,1.0
1742849799.3542154,1.0
1742849799.3746338,1.0
1742849799.4142022,1.0
1742849799.4342318,1.0
1742849799.4543378,1.0
1742849799.4747007,1.0
1742849799.495017,1.0
1742849799.5152588,1.0
1742849799.5355074,1.0
1742849799.5581195,1.0
1742849799.5782502,1.0
1742849799.5993588,1.0
1742849799.6197867,1.0
1742849799.640555,1.0
1742849799.6659725,1.0
1742849799.6858993,1.0
1742849799.7060556,1.0
1742849799.7261696,1.0
1742849799.7464216,1.0
1742849799.7668183,1.0
1742849799.7872791,1.0
1742849799.8075335,1.0
1742849799.8277924,1.0
1742849799.8480234,1.0
1742849799.8682678,1.0
1742849799.8884754,1.0
1742849799.9086576,1.0
1742849799.9288974,1.0
1742849799.949063,1.0
1742849799.9692867,1.0
1742849799.9895077,1.0
1742849800.009821,1.0
1742849800.030035,1.0
1742849800.0502934,1.0
1742849800.070531,1.0
1742849800.0907261,1.0
1742849800.1111507,1.0
1742849800.1313763,1.0
1742849800.1522546,1.0
1742849800.1724496,1.0
1742849800.1945317,1.0
1742849800.2146673,1.0
1742849800.234946,1.0
1742849800.2558622,1.0
1742849800.276025,1.0
1742849800.2962236,1.0
1742849800.3164656,1.0
1742849800.336711,1.0
1742849800.3569224,1.0
1742849800.3771317,1.0
1742849800.3972716,1.0
1742849800.4175456,1.0
1742849800.4378548,1.0
1742849800.4580457,1.0
1742849800.4782538,1.0
1742849800.4984307,1.0
1742849800.5186734,1.0
1742849800.5388238,1.0
1742849800.5611115,1.0
1742849800.5812168,1.0
1742849800.602677,1.0
1742849800.6228833,1.0
1742849800.6435277,1.0
1742849800.6637094,1.0
1742849800.6839478,1.0
1742849800.7041624,1.0
1742849800.7243483,1.0
1742849800.7445579,1.0
1742849800.765229,1.0
1742849800.7853875,1.0
1742849800.8055656,1.0
1742849800.8259013,1.0
1742849800.846086,1.0
1742849800.8662753,1.0
1742849800.8864121,1.0
1742849800.9068792,1.0
1742849800.9270234,1.0
1742849800.9472666,1.0
1742849800.9676235,1.0
1742849800.987779,1.0
1742849801.0079405,1.0
1742849801.0282078,1.0
1742849801.048343,1.0
1742849801.06848,1.0
1742849801.0886211,1.0
1742849801.1087282,1.0
1742849801.1288562,1.0
1742849801.1489882,1.0
1742849801.169148,1.0
1742849801.1910794,1.0
1742849801.2116034,1.0
1742849801.231832,1.0
1742849801.251998,1.0
1742849801.272141,1.0
1742849801.2923102,1.0
1742849801.312492,1.0
1742849801.3327813,1.0
1742849801.3529985,1.0
1742849801.3732505,1.0
1742849801.3934643,1.0
1742849801.4136543,1.0
1742849801.4338908,1.0
1742849801.4541016,1.0
1742849801.474298,1.0
1742849801.4945052,1.0
1742849801.5146914,1.0
1742849801.5349016,1.0
1742849801.5572467,1.0
1742849801.5774717,1.0
1742849801.5986598,1.0
1742849801.6188369,1.0
1742849801.6391733,1.0
1742849801.6595733,1.0
1742849801.679835,1.0
1742849801.700014,1.0
1742849801.7202084,1.0
1742849801.7403903,1.0
1742849801.760835,1.0
1742849801.780971,1.0
1742849801.8012173,1.0
1742849801.8214371,1.0
1742849801.8417063,1.0
1742849801.8618765,1.0
1742849801.8820047,1.0
1742849801.902136,1.0
1742849801.9222336,1.0
1742849801.942396,1.0
1742849801.9626782,1.0
1742849801.9828615,1.0
1742849802.0030184,1.0
1742849802.0232487,1.0
1742849802.043413,1.0
1742849802.0636318,1.0
1742849802.083806,1.0
1742849802.1040132,1.0
1742849802.1243918,1.0
1742849802.1446695,1.0
1742849802.1649067,1.0
1742849802.1850872,1.0
1742849802.2070906,1.0
1742849802.2273564,1.0
1742849802.2475874,1.0
1742849802.267898,1.0
1742849802.2886617,1.0
1742849802.3088953,1.0
1742849802.3291852,1.0
1742849802.3494098,1.0
1742849802.369773,1.0
1742849802.3901303,1.0
1742849802.4104123,1.0
1742849802.4307592,1.0
1742849802.4510384,1.0
1742849802.4714475,1.0
1742849802.4919424,1.0
1742849802.512407,1.0
1742849802.532658,1.0
1742849802.555445,1.0
1742849802.575516,1.0
1742849802.5967238,1.0
1742849802.6169086,1.0
1742849802.6372793,1.0
1742849802.6578677,1.0
1742849802.678116,1.0
1742849802.698287,1.0
1742849802.718548,1.0
1742849802.7388568,1.0
1742849802.7596934,1.0
1742849802.7799573,1.0
1742849802.8002257,1.0
1742849802.8221884,1.0
1742849802.8423326,1.0
1742849802.8626049,1.0
1742849802.882828,1.0
1742849802.9089985,1.0
1742849802.9288187,1.0
1742849802.9489748,1.0
1742849802.9692707,1.0
1742849802.9894748,1.0
1742849803.0097585,1.0
1742849803.0301552,1.0
1742849803.0504258,1.0
1742849803.0706873,1.0
1742849803.0909274,1.0
1742849803.1111944,1.0
1742849803.131583,1.0
1742849803.1518817,1.0
1742849803.1723225,1.0
1742849803.1946707,1.0
1742849803.2148638,1.0
1742849803.2351284,1.0
1742849803.2554178,1.0
1742849803.276654,1.0
1742849803.2985418,1.0
1742849803.318797,1.0
1742849803.339312,1.0
1742849803.3597834,1.0
1742849803.3801134,1.0
1742849803.4004016,1.0
1742849803.4208317,1.0
1742849803.4411547,1.0
1742849803.4657516,1.0
1742849803.4858706,1.0
1742849803.5061705,1.0
1742849803.5265307,1.0
1742849803.549637,1.0
1742849803.569769,1.0
1742849803.5906677,1.0
1742849803.611142,1.0
1742849803.6318252,1.0
1742849803.6520867,1.0
1742849803.6725378,1.0
1742849803.6928027,1.0
1742849803.7131252,1.0
1742849803.7334828,1.0
1742849803.7539907,1.0
1742849803.7744968,1.0
1742849803.7993448,1.0
1742849803.8193977,1.0
1742849803.8396647,1.0
1742849803.8600438,1.0
1742849803.8803596,1.0
1742849803.9007103,1.0
1742849803.9210677,1.0
1742849803.9413333,1.0
1742849803.961747,1.0
1742849803.9820724,1.0
1742849804.0024014,1.0
1742849804.0230236,1.0
1742849804.0433307,1.0
1742849804.0636778,1.0
1742849804.0840156,1.0
1742849804.1044085,1.0
1742849804.1251473,1.0
1742849804.145479,1.0
1742849804.165886,1.0
1742849804.1862373,1.0
1742849804.2082934,1.0
1742849804.2286801,1.0
1742849804.2490993,1.0
1742849804.2694557,1.0
1742849804.2908945,1.0
1742849804.3111496,1.0
1742849804.331484,1.0
1742849804.3517835,1.0
1742849804.3721747,1.0
1742849804.392472,1.0
1742849804.4128015,1.0
1742849804.4331622,1.0
1742849804.4534576,1.0
1742849804.473782,1.0
1742849804.4941797,1.0
1742849804.5145237,1.0
1742849804.5349095,1.0
1742849804.5577521,1.0
1742849804.5779243,1.0
1742849804.5990143,1.0
1742849804.6192396,1.0
1742849804.6401296,1.0
1742849804.6603355,1.0
1742849804.680664,1.0
1742849804.7008612,1.0
1742849804.721151,1.0
1742849804.741462,1.0
1742849804.7619748,1.0
1742849804.7824993,1.0
1742849804.8028157,1.0
1742849804.8231614,1.0
1742849804.843487,1.0
1742849804.8637364,1.0
1742849804.8840258,1.0
1742849804.9043338,1.0
1742849804.924664,1.0
1742849804.9449942,1.0
1742849804.9653897,1.0
1742849804.9857047,1.0
1742849805.0060043,1.0
1742849805.0264108,1.0
1742849805.0467262,1.0
1742849805.0670161,1.0
1742849805.0872786,1.0
1742849805.1075797,1.0
1742849805.1278083,1.0
1742849805.148113,1.0
1742849805.1684546,1.0
1742849805.190554,1.0
1742849805.211363,1.0
1742849805.231679,1.0
1742849805.2520328,1.0
1742849805.2723074,1.0
1742849805.2925968,1.0
1742849805.31287,1.0
1742849805.3331559,1.0
1742849805.3534365,1.0
1742849805.3738387,1.0
1742849805.3941336,1.0
1742849805.4143457,1.0
1742849805.4347203,1.0
1742849805.4550416,1.0
1742849805.4753,1.0
1742849805.4955726,1.0
1742849805.5158226,1.0
1742849805.5361083,1.0
1742849805.5585942,1.0
1742849805.5787556,1.0
1742849805.599874,1.0
1742849805.62005,1.0
1742849805.6407974,1.0
1742849805.6610742,1.0
1742849805.681402,1.0
1742849805.70165,1.0
1742849805.7219641,1.0
1742849805.7422671,1.0
1742849805.762851,1.0
1742849805.7830274,1.0
1742849805.8033884,1.0
1742849805.8237462,1.0
1742849805.8440585,1.0
1742849805.8643303,1.0
1742849805.8845813,1.0
1742849805.905067,1.0
1742849805.925273,1.0
1742849805.9454968,1.0
1742849805.9658394,1.0
1742849805.9861205,1.0
1742849806.0063593,1.0
1742849806.026777,1.0
1742849806.047016,1.0
1742849806.067275,1.0
1742849806.0875185,1.0
1742849806.1077309,1.0
1742849806.1282039,1.0
1742849806.1484609,1.0
1742849806.1688254,1.0
1742849806.1908715,1.0
1742849806.2112203,1.0
1742849806.231495,1.0
1742849806.2517693,1.0
1742849806.2719774,1.0
1742849806.2922478,1.0
1742849806.3128595,1.0
1742849806.3330922,1.0
1742849806.3533401,1.0
1742849806.3738966,1.0
1742849806.394127,1.0
1742849806.4144123,1.0
1742849806.4347055,1.0
1742849806.4549649,1.0
1742849806.4752414,1.0
1742849806.4954803,1.0
1742849806.5157197,1.0
1742849806.5359166,1.0
1742849806.55948,1.0
1742849806.5795765,1.0
1742849806.6005032,1.0
1742849806.620804,1.0
1742849806.641472,1.0
1742849806.6617067,1.0
1742849806.6819189,1.0
1742849806.7022254,1.0
1742849806.7224376,1.0
1742849806.742705,1.0
1742849806.763174,1.0
1742849806.7833977,1.0
1742849806.803686,1.0
1742849806.8240175,1.0
1742849806.8443146,1.0
1742849806.8646448,1.0
1742849806.8850985,1.0
1742849806.9055104,1.0
1742849806.9258127,1.0
1742849806.9460208,1.0
1742849806.9663632,1.0
1742849806.9865432,1.0
1742849807.0068297,1.0
1742849807.0272756,1.0
1742849807.0474398,1.0
1742849807.0677118,1.0
1742849807.087993,1.0
1742849807.1082795,1.0
1742849807.1286023,1.0
1742849807.1488822,1.0
1742849807.1692615,1.0
1742849807.1912148,1.0
1742849807.211768,1.0
1742849807.2322154,1.0
1742849807.2524364,1.0
1742849807.272732,1.0
1742849807.292979,1.0
1742849807.3132493,1.0
1742849807.333545,1.0
1742849807.3538506,1.0
1742849807.3741288,1.0
1742849807.3944013,1.0
1742849807.414581,1.0
1742849807.4350405,1.0
1742849807.4556713,1.0
1742849807.47588,1.0
1742849807.4962912,1.0
1742849807.5166118,1.0
1742849807.536868,1.0
1742849807.5594704,1.0
1742849807.579742,1.0
1742849807.600832,1.0
1742849807.62118,1.0
1742849807.6416547,1.0
1742849807.6619418,1.0
1742849807.6821973,1.0
1742849807.7025418,1.0
1742849807.7228658,1.0
1742849807.7431421,1.0
1742849807.7637515,1.0
1742849807.7841244,1.0
1742849807.8044167,1.0
1742849807.8247435,1.0
1742849807.8450575,1.0
1742849807.865316,1.0
1742849807.8855555,1.0
1742849807.9059372,1.0
1742849807.9262185,1.0
1742849807.946539,1.0
1742849807.9667726,1.0
1742849807.9877982,1.0
1742849808.0080154,1.0
1742849808.0283813,1.0
1742849808.0486403,1.0
1742849808.0689037,1.0
1742849808.089263,1.0
1742849808.1094835,1.0
1742849808.1300879,1.0
1742849808.1503637,1.0
1742849808.170734,1.0
1742849808.1928177,1.0
1742849808.2134755,1.0
1742849808.233784,1.0
1742849808.2540627,1.0
1742849808.2743604,1.0
1742849808.2958834,1.0
1742849808.31921,1.0
1742849808.3393745,1.0
1742849808.3596544,1.0
1742849808.380042,1.0
1742849808.4002745,1.0
1742849808.4206233,1.0
1742849808.440922,1.0
1742849808.461185,1.0
1742849808.4814465,1.0
1742849808.5017664,1.0
1742849808.5219264,1.0
1742849808.5465817,1.0
1742849808.566382,1.0
1742849808.5874038,1.0
1742849808.6076906,1.0
1742849808.6283443,1.0
1742849808.6485877,1.0
1742849808.6688821,1.0
1742849808.6892116,1.0
1742849808.7095466,1.0
1742849808.7297544,1.0
1742849808.7500672,1.0
1742849808.7707615,1.0
1742849808.7910328,1.0
1742849808.8112912,1.0
1742849808.8317144,1.0
1742849808.8519678,1.0
1742849808.872237,1.0
1742849808.8924546,1.0
1742849808.91274,1.0
1742849808.933081,1.0
1742849808.9534175,1.0
1742849808.973821,1.0
1742849808.994144,1.0
1742849809.014406,1.0
1742849809.0348325,1.0
1742849809.0551093,1.0
1742849809.0753584,1.0
1742849809.0956364,1.0
1742849809.11599,1.0
1742849809.136252,1.0
1742849809.1564765,1.0
1742849809.1767719,1.0
1742849809.1991045,1.0
1742849809.2192485,1.0
1742849809.2396846,1.0
1742849809.2599895,1.0
1742849809.2802455,1.0
1742849809.3005524,1.0
1742849809.3208716,1.0
1742849809.341149,1.0
1742849809.3614123,1.0
1742849809.3817406,1.0
1742849809.4020047,1.0
1742849809.4221835,1.0
1742849809.4425478,1.0
1742849809.4628365,1.0
1742849809.4831133,1.0
1742849809.5040903,1.0
1742849809.5243146,1.0
1742849809.5483289,1.0
1742849809.568308,1.0
1742849809.5895185,1.0
1742849809.6096933,1.0
1742849809.6301155,1.0
1742849809.6504307,1.0
1742849809.6707284,1.0
1742849809.6909368,1.0
1742849809.7112095,1.0
1742849809.731489,1.0
1742849809.7517126,1.0
1742849809.7722478,1.0
1742849809.792736,1.0
1742849809.8130388,1.0
1742849809.8333845,1.0
1742849809.853651,1.0
1742849809.8739202,1.0
1742849809.8942852,1.0
1742849809.9145207,1.0
1742849809.9347498,1.0
1742849809.9550028,1.0
1742849809.9753861,1.0
1742849809.9956458,1.0
1742849810.0159092,1.0
1742849810.0363271,1.0
1742849810.0565403,1.0
1742849810.0767896,1.0
1742849810.097086,1.0
1742849810.117362,1.0
1742849810.1378067,1.0
1742849810.158029,1.0
1742849810.1784294,1.0
1742849810.2004557,1.0
1742849810.220571,1.0
1742849810.2410355,1.0
1742849810.2613254,1.0
1742849810.2815657,1.0
1742849810.3019314,1.0
1742849810.3221743,1.0
1742849810.3429003,1.0
1742849810.3631692,1.0
1742849810.3834867,1.0
1742849810.4036973,1.0
1742849810.424005,1.0
1742849810.444274,1.0
1742849810.4645336,1.0
1742849810.4848247,1.0
1742849810.5050652,1.0
1742849810.5252826,1.0
1742849810.5475497,1.0
1742849810.5678177,1.0
1742849810.5886009,1.0
1742849810.6090844,1.0
1742849810.6296446,1.0
1742849810.6498773,1.0
1742849810.6701305,1.0
1742849810.6903796,1.0
1742849810.710569,1.0
1742849810.7308655,1.0
1742849810.7511597,1.0
1742849810.7716217,1.0
1742849810.7919652,1.0
1742849810.8122032,1.0
1742849810.8325484,1.0
1742849810.8527644,1.0
1742849810.8732479,1.0
1742849810.893566,1.0
1742849810.9141746,1.0
1742849810.9344788,1.0
1742849810.9548233,1.0
1742849810.9751706,1.0
1742849810.9955072,1.0
1742849811.0157318,1.0
1742849811.0361204,1.0
1742849811.056373,1.0
1742849811.0766656,1.0
1742849811.0969806,1.0
1742849811.1172493,1.0
1742849811.1374376,1.0
1742849811.1577413,1.0
1742849811.1781058,1.0
1742849811.2001576,1.0
1742849811.2203279,1.0
1742849811.240805,1.0
1742849811.2611563,1.0
1742849811.2813835,1.0
1742849811.3016772,1.0
1742849811.3219268,1.0
1742849811.342149,1.0
1742849811.3624315,1.0
1742849811.3828242,1.0
1742849811.4030552,1.0
1742849811.4233909,1.0
1742849811.4437592,1.0
1742849811.4639568,1.0
1742849811.4842172,1.0
1742849811.5044074,1.0
1742849811.5246925,1.0
1742849811.5460706,1.0
1742849811.5671291,1.0
1742849811.5874739,1.0
1742849811.6085532,1.0
1742849811.6289449,1.0
1742849811.6494153,1.0
1742849811.6697257,1.0
1742849811.6899931,1.0
1742849811.7102425,1.0
1742849811.7305155,1.0
1742849811.7507768,1.0
1742849811.7714415,1.0
1742849811.7916946,1.0
1742849811.8120105,1.0
1742849811.832323,1.0
1742849811.8525286,1.0
1742849811.872839,1.0
1742849811.8931699,1.0
1742849811.913499,1.0
1742849811.9338007,1.0
1742849811.954084,1.0
1742849811.974485,1.0
1742849811.9948466,1.0
1742849812.0151289,1.0
1742849812.0355108,1.0
1742849812.0557487,1.0
1742849812.0759885,1.0
1742849812.096201,1.0
1742849812.1164975,1.0
1742849812.13693,1.0
1742849812.157202,1.0
1742849812.1775854,1.0
1742849812.1996262,1.0
1742849812.2197666,1.0
1742849812.2400465,1.0
1742849812.2603421,1.0
1742849812.28054,1.0
1742849812.3008165,1.0
1742849812.3211017,1.0
1742849812.3414347,1.0
1742849812.3624318,1.0
1742849812.382905,1.0
1742849812.4032028,1.0
1742849812.4234586,1.0
1742849812.4438715,1.0
1742849812.4642985,1.0
1742849812.484608,1.0
1742849812.5050294,1.0
1742849812.5253687,1.0
1742849812.5475526,1.0
1742849812.5680244,1.0
1742849812.5888143,1.0
1742849812.6096475,1.0
1742849812.6302526,1.0
1742849812.6506283,1.0
1742849812.670947,1.0
1742849812.691253,1.0
1742849812.7115588,1.0
1742849812.7318258,1.0
1742849812.7521276,1.0
1742849812.772813,1.0
1742849812.793202,1.0
1742849812.8135107,1.0
1742849812.8339105,1.0
1742849812.8542104,1.0
1742849812.8744814,1.0
1742849812.8949528,1.0
1742849812.9224153,1.0
1742849812.9424365,1.0
1742849812.962736,1.0
1742849812.9831052,1.0
1742849813.0034437,1.0
1742849813.023729,1.0
1742849813.0440845,1.0
1742849813.064369,1.0
1742849813.0846097,1.0
1742849813.105412,1.0
1742849813.1257203,1.0
1742849813.1459556,1.0
1742849813.1663063,1.0
1742849813.186713,1.0
1742849813.2086148,1.0
1742849813.2290215,1.0
1742849813.249415,1.0
1742849813.2697833,1.0
1742849813.2901096,1.0
1742849813.3122823,1.0
1742849813.3340414,1.0
1742849813.3544917,1.0
1742849813.3747418,1.0
1742849813.395178,1.0
1742849813.4154928,1.0
1742849813.4359398,1.0
1742849813.4561777,1.0
1742849813.476479,1.0
1742849813.4968095,1.0
1742849813.5171542,1.0
1742849813.5374367,1.0
1742849813.5608506,1.0
1742849813.5809839,1.0
1742849813.6021724,1.0
1742849813.6224973,1.0
1742849813.643103,1.0
1742849813.663333,1.0
1742849813.6835668,1.0
1742849813.703836,1.0
1742849813.7241082,1.0
1742849813.744438,1.0
1742849813.765102,1.0
1742849813.7854526,1.0
1742849813.8057609,1.0
1742849813.826107,1.0
1742849813.8465316,1.0
1742849813.8667557,1.0
1742849813.887,1.0
1742849813.9074364,1.0
1742849813.9277043,1.0
1742849813.9479666,1.0
1742849813.9682963,1.0
1742849813.9886131,1.0
1742849814.008961,1.0
1742849814.0293725,1.0
1742849814.049781,1.0
1742849814.0700786,1.0
1742849814.0903971,1.0
1742849814.1107242,1.0
1742849814.1312354,1.0
1742849814.1515317,1.0
1742849814.1717973,1.0
1742849814.1940575,1.0
1742849814.214043,1.0
1742849814.2344437,1.0
1742849814.2547357,1.0
1742849814.2750237,1.0
1742849814.2952974,1.0
1742849814.3155625,1.0
1742849814.3358004,1.0
1742849814.3561282,1.0
1742849814.376887,1.0
1742849814.3971953,1.0
1742849814.43913,1.0
1742849814.4591255,1.0
1742849814.479458,1.0
1742849814.499829,1.0
1742849814.5202103,1.0
1742849814.5406528,1.0
1742849814.5633364,1.0
1742849814.5837448,1.0
1742849814.604911,1.0
1742849814.6258733,1.0
1742849814.6466758,1.0
1742849814.6669905,1.0
1742849814.6872892,1.0
1742849814.7075498,1.0
1742849814.72776,1.0
1742849814.7480543,1.0
1742849814.7685726,1.0
1742849814.7892642,1.0
1742849814.80969,1.0
1742849814.8300173,1.0
1742849814.8504035,1.0
1742849814.8707542,1.0
1742849814.8912377,1.0
1742849814.9114978,1.0
1742849814.9318442,1.0
1742849814.9522119,1.0
1742849814.972508,1.0
1742849814.9929678,1.0
1742849815.0132895,1.0
1742849815.033648,1.0
1742849815.0540245,1.0
1742849815.07433,1.0
1742849815.0946662,1.0
1742849815.1149735,1.0
1742849815.1354113,1.0
1742849815.1557527,1.0
1742849815.17606,1.0
1742849815.1982734,1.0
1742849815.2184896,1.0
1742849815.2388003,1.0
1742849815.259113,1.0
1742849815.2794943,1.0
1742849815.2997794,1.0
1742849815.3201163,1.0
1742849815.3404696,1.0
1742849815.360723,1.0
1742849815.3810422,1.0
1742849815.401363,1.0
1742849815.4216905,1.0
1742849815.4419923,1.0
1742849815.4622474,1.0
1742849815.4825296,1.0
1742849815.5028307,1.0
1742849815.523191,1.0
1742849815.5443478,1.0
1742849815.5654674,1.0
1742849815.5857673,1.0
1742849815.6068382,1.0
1742849815.627263,1.0
1742849815.6477695,1.0
1742849815.6680713,1.0
1742849815.6883922,1.0
1742849815.7087379,1.0
1742849815.7289987,1.0
1742849815.7492871,1.0
1742849815.769878,1.0
1742849815.7901807,1.0
1742849815.8104208,1.0
1742849815.8307078,1.0
1742849815.851089,1.0
1742849815.8713536,1.0
1742849815.8917933,1.0
1742849815.9122586,1.0
1742849815.9326582,1.0
1742849815.952899,1.0
1742849815.9732244,1.0
1742849815.993535,1.0
1742849816.0138495,1.0
1742849816.0341728,1.0
1742849816.0544503,1.0
1742849816.0747252,1.0
1742849816.095077,1.0
1742849816.1153889,1.0
1742849816.1358023,1.0
1742849816.1560893,1.0
1742849816.176394,1.0
1742849816.1985705,1.0
1742849816.2186935,1.0
1742849816.2391546,1.0
1742849816.2594118,1.0
1742849816.2796838,1.0
1742849816.300019,1.0
1742849816.3203268,1.0
1742849816.3405755,1.0
1742849816.3608477,1.0
1742849816.3812637,1.0
1742849816.4019773,1.0
1742849816.4222746,1.0
1742849816.442621,1.0
1742849816.4629023,1.0
1742849816.4832232,1.0
1742849816.5034878,1.0
1742849816.5238178,1.0
1742849816.5444722,1.0
1742849816.5661764,1.0
1742849816.5865345,1.0
1742849816.607716,1.0
1742849816.6279554,1.0
1742849816.6486778,1.0
1742849816.6689706,1.0
1742849816.6892166,1.0
1742849816.709453,1.0
1742849816.7297175,1.0
1742849816.749957,1.0
1742849816.7707486,1.0
1742849816.7911115,1.0
1742849816.8113687,1.0
1742849816.8317113,1.0
1742849816.852048,1.0
1742849816.872279,1.0
1742849816.892667,1.0
1742849816.91294,1.0
1742849816.9333193,1.0
1742849816.9535804,1.0
1742849816.973872,1.0
1742849816.9942021,1.0
1742849817.0144875,1.0
1742849817.034811,1.0
1742849817.055207,1.0
1742849817.0754762,1.0
1742849817.0958252,1.0
1742849817.1161315,1.0
1742849817.1364722,1.0
1742849817.156806,1.0
1742849817.1771455,1.0
1742849817.1991496,1.0
1742849817.2193158,1.0
1742849817.239725,1.0
1742849817.259962,1.0
1742849817.280207,1.0
1742849817.3005724,1.0
1742849817.3208125,1.0
1742849817.3410625,1.0
1742849817.3613725,1.0
1742849817.3816557,1.0
1742849817.4019248,1.0
1742849817.422271,1.0
1742849817.4426117,1.0
1742849817.463039,1.0
1742849817.4833264,1.0
1742849817.5035827,1.0
1742849817.52387,1.0
1742849817.5453098,1.0
1742849817.5667691,1.0
1742849817.5874145,1.0
1742849817.6081996,1.0
1742849817.6288714,1.0
1742849817.649228,1.0
1742849817.669565,1.0
1742849817.6898859,1.0
1742849817.7101572,1.0
1742849817.7305152,1.0
1742849817.750838,1.0
1742849817.7715712,1.0
1742849817.7920213,1.0
1742849817.8123183,1.0
1742849817.8326454,1.0
1742849817.8530667,1.0
1742849817.8734057,1.0
1742849817.8938177,1.0
1742849817.9140887,1.0
1742849817.9344668,1.0
1742849817.9547992,1.0
1742849817.975185,1.0
1742849817.9955664,1.0
1742849818.0159035,1.0
1742849818.0362813,1.0
1742849818.0565984,1.0
1742849818.0769136,1.0
1742849818.0973022,1.0
1742849818.117622,1.0
1742849818.1380563,1.0
1742849818.1583984,1.0
1742849818.1787846,1.0
1742849818.2009869,1.0
1742849818.2216494,1.0
1742849818.2421513,1.0
1742849818.2624505,1.0
1742849818.2828195,1.0
1742849818.3031409,1.0
1742849818.323416,1.0
1742849818.3478553,1.0
1742849818.3679492,1.0
1742849818.388275,1.0
1742849818.4089074,1.0
1742849818.4291654,1.0
1742849818.449623,1.0
1742849818.4699554,1.0
1742849818.490223,1.0
1742849818.5105333,1.0
1742849818.530818,1.0
1742849818.554196,1.0
1742849818.5743167,1.0
1742849818.5956445,1.0
1742849818.615898,1.0
1742849818.6364079,1.0
1742849818.6566958,1.0
1742849818.6771564,1.0
1742849818.6974952,1.0
1742849818.717787,1.0
1742849818.738083,1.0
1742849818.7585673,1.0
1742849818.7790036,1.0
1742849818.7993681,1.0
1742849818.8196623,1.0
1742849818.8400078,1.0
1742849818.860402,1.0
1742849818.8807166,1.0
1742849818.9010577,1.0
1742849818.9213815,1.0
1742849818.9417312,1.0
1742849818.9620306,1.0
1742849818.9822595,1.0
1742849819.0026324,1.0
1742849819.0228937,1.0
1742849819.0432892,1.0
1742849819.0635874,1.0
1742849819.083892,1.0
1742849819.1042156,1.0
1742849819.1244876,1.0
1742849819.1447692,1.0
1742849819.1650703,1.0
1742849819.1854248,1.0
1742849819.2075822,1.0
1742849819.227877,1.0
1742849819.248304,1.0
1742849819.2686799,1.0
1742849819.2889957,1.0
1742849819.3094254,1.0
1742849819.3298194,1.0
1742849819.3501387,1.0
1742849819.3704765,1.0
1742849819.3908339,1.0
1742849819.411162,1.0
1742849819.4314735,1.0
1742849819.451906,1.0
1742849819.472311,1.0
1742849819.4926748,1.0
1742849819.513026,1.0
1742849819.5333328,1.0
1742849819.5560389,1.0
1742849819.576297,1.0
1742849819.5973573,1.0
1742849819.617696,1.0
1742849819.638565,1.0
1742849819.6589117,1.0
1742849819.6792243,1.0
1742849819.6995432,1.0
1742849819.7199302,1.0
1742849819.7402363,1.0
1742849819.7606843,1.0
1742849819.7813087,1.0
1742849819.801751,1.0
1742849819.8221085,1.0
1742849819.8424673,1.0
1742849819.8628306,1.0
1742849819.883164,1.0
1742849819.9036105,1.0
1742849819.923928,1.0
1742849819.9442563,1.0
1742849819.9645777,1.0
1742849819.9848247,1.0
1742849820.0052526,1.0
1742849820.0255153,1.0
1742849820.0459628,1.0
1742849820.0662916,1.0
1742849820.0866282,1.0
1742849820.1068993,1.0
1742849820.1272085,1.0
1742849820.1477041,1.0
1742849820.1680841,1.0
1742849820.1900678,1.0
1742849820.2106297,1.0
1742849820.2309003,1.0
1742849820.2513525,1.0
1742849820.2716937,1.0
1742849820.292001,1.0
1742849820.3123393,1.0
1742849820.3326628,1.0
1742849820.3531373,1.0
1742849820.3735535,1.0
1742849820.394045,1.0
1742849820.4150743,1.0
1742849820.435348,1.0
1742849820.455832,1.0
1742849820.4761264,1.0
1742849820.4964786,1.0
1742849820.5167787,1.0
1742849820.5371203,1.0
1742849820.5596075,1.0
1742849820.5798655,1.0
1742849820.6010993,1.0
1742849820.6214063,1.0
1742849820.6421428,1.0
1742849820.6625042,1.0
1742849820.6828368,1.0
1742849820.7032082,1.0
1742849820.7235596,1.0
1742849820.7439055,1.0
1742849820.764499,1.0
1742849820.7849948,1.0
1742849820.8053815,1.0
1742849820.825695,1.0
1742849820.8459723,1.0
1742849820.8662663,1.0
1742849820.886531,1.0
1742849820.9071708,1.0
1742849820.9274602,1.0
1742849820.9477472,1.0
1742849820.968142,1.0
1742849820.9884543,1.0
1742849821.0088232,1.0
1742849821.0291262,1.0
1742849821.0495265,1.0
1742849821.0698352,1.0
1742849821.0901437,1.0
1742849821.1104743,1.0
1742849821.1307874,1.0
1742849821.1511285,1.0
1742849821.1714227,1.0
1742849821.1940432,1.0
1742849821.2140987,1.0
1742849821.2344513,1.0
1742849821.2549648,1.0
1742849821.2753673,1.0
1742849821.2956715,1.0
1742849821.3160577,1.0
1742849821.3365343,1.0
1742849821.3568885,1.0
1742849821.3772998,1.0
1742849821.3978121,1.0
1742849821.4181573,1.0
1742849821.4385002,1.0
1742849821.4590402,1.0
1742849821.4793212,1.0
1742849821.4996607,1.0
1742849821.5200336,1.0
1742849821.5404036,1.0
1742849821.5641203,1.0
1742849821.5847661,1.0
1742849821.6057131,1.0
1742849821.6264489,1.0
1742849821.6469278,1.0
1742849821.6673152,1.0
1742849821.687648,1.0
1742849821.7079995,1.0
1742849821.728451,1.0
1742849821.748866,1.0
1742849821.7696748,1.0
1742849821.791018,1.0
1742849821.8112917,1.0
1742849821.8315723,1.0
1742849821.8520494,1.0
1742849821.872365,1.0
1742849821.8927577,1.0
1742849821.9130557,1.0
1742849821.9333484,1.0
1742849821.9537191,1.0
1742849821.9740098,1.0
1742849821.9943547,1.0
1742849822.0146282,1.0
1742849822.0349646,1.0
1742849822.0555215,1.0
1742849822.0758257,1.0
1742849822.096141,1.0
1742849822.116431,1.0
1742849822.13706,1.0
1742849822.157326,1.0
1742849822.1776638,1.0
1742849822.20007,1.0
1742849822.2202168,1.0
1742849822.2405722,1.0
1742849822.2610924,1.0
1742849822.2815049,1.0
1742849822.3018525,1.0
1742849822.3222895,1.0
1742849822.3426323,1.0
1742849822.363039,1.0
1742849822.3834088,1.0
1742849822.403835,1.0
1742849822.4242196,1.0
1742849822.4450853,1.0
1742849822.4655907,1.0
1742849822.4861689,1.0
1742849822.5064561,1.0
1742849822.5267763,1.0
1742849822.55,1.0
1742849822.5700634,1.0
1742849822.591438,1.0
1742849822.6116376,1.0
1742849822.632178,1.0
1742849822.6526659,1.0
1742849822.6730258,1.0
1742849822.6933973,1.0
1742849822.7137764,1.0
1742849822.7340972,1.0
1742849822.7545767,1.0
1742849822.775772,1.0
1742849822.7961955,1.0
1742849822.8165946,1.0
1742849822.8369539,1.0
1742849822.8575652,1.0
1742849822.87793,1.0
1742849822.9054582,1.0
1742849822.9671044,1.0
1742849822.9870152,1.0
1742849823.00738,1.0
1742849823.0278301,1.0
1742849823.0482492,1.0
1742849823.0686734,1.0
1742849823.0890596,1.0
1742849823.1094608,1.0
1742849823.1298394,1.0
1742849823.1502485,1.0
1742849823.1706252,1.0
1742849823.1939797,1.0
1742849823.214005,1.0
1742849823.2344203,1.0
1742849823.2548702,1.0
1742849823.2753026,1.0
1742849823.2956758,1.0
1742849823.3160565,1.0
1742849823.336847,1.0
1742849823.3585916,1.0
1742849823.3803458,1.0
1742849823.4007993,1.0
1742849823.4211645,1.0
1742849823.441554,1.0
1742849823.461926,1.0
1742849823.4822855,1.0
1742849823.5026593,1.0
1742849823.5230284,1.0
1742849823.5439005,1.0
1742849823.5653696,1.0
1742849823.5858262,1.0
1742849823.6068459,1.0
1742849823.62723,1.0
1742849823.648107,1.0
1742849823.6685421,1.0
1742849823.6889398,1.0
1742849823.709249,1.0
1742849823.7296016,1.0
1742849823.7499948,1.0
1742849823.7709148,1.0
1742849823.7912693,1.0
1742849823.8116314,1.0
1742849823.8319795,1.0
1742849823.8522925,1.0
1742849823.8727007,1.0
1742849823.893107,1.0
1742849823.9134617,1.0
1742849823.9338796,1.0
1742849823.9542532,1.0
1742849823.9746342,1.0
1742849823.9950175,1.0
1742849824.0153887,1.0
1742849824.0358257,1.0
1742849824.0562694,1.0
1742849824.0767193,1.0
1742849824.0971546,1.0
1742849824.117588,1.0
1742849824.1379268,1.0
1742849824.1583378,1.0
1742849824.1788063,1.0
1742849824.201701,1.0
1742849824.2220147,1.0
1742849824.2423542,1.0
1742849824.2628572,1.0
1742849824.2833056,1.0
1742849824.3037755,1.0
1742849824.3241572,1.0
1742849824.3444867,1.0
1742849824.36491,1.0
1742849824.385339,1.0
1742849824.4057355,1.0
1742849824.4261348,1.0
1742849824.4473288,1.0
1742849824.4677045,1.0
1742849824.4880998,1.0
1742849824.5084755,1.0
1742849824.52879,1.0
1742849824.551817,1.0
1742849824.571927,1.0
1742849824.5932555,1.0
1742849824.6136398,1.0
1742849824.634475,1.0
1742849824.6548007,1.0
1742849824.6753094,1.0
1742849824.6958358,1.0
1742849824.7163165,1.0
1742849824.7368093,1.0
1742849824.757236,1.0
1742849824.778247,1.0
1742849824.7986844,1.0
1742849824.8192096,1.0
1742849824.8397064,1.0
1742849824.8602424,1.0
1742849824.8806808,1.0
1742849824.901242,1.0
1742849824.921691,1.0
1742849824.9420178,1.0
1742849824.9624066,1.0
1742849824.9827626,1.0
1742849825.00325,1.0
1742849825.0236306,1.0
1742849825.0440543,1.0
1742849825.064387,1.0
1742849825.0847604,1.0
1742849825.105137,1.0
1742849825.125504,1.0
1742849825.145862,1.0
1742849825.1662047,1.0
1742849825.186577,1.0
1742849825.2089884,1.0
1742849825.229362,1.0
1742849825.2497487,1.0
1742849825.2701724,1.0
1742849825.2905002,1.0
1742849825.3108106,1.0
1742849825.3311126,1.0
1742849825.3514216,1.0
1742849825.371762,1.0
1742849825.3921063,1.0
1742849825.4125502,1.0
1742849825.4329123,1.0
1742849825.4532743,1.0
1742849825.4736745,1.0
1742849825.4940548,1.0
1742849825.514386,1.0
1742849825.5347083,1.0
1742849825.5568047,1.0
1742849825.5770388,1.0
1742849825.5983453,1.0
1742849825.6186292,1.0
1742849825.6394188,1.0
1742849825.6598186,1.0
1742849825.680179,1.0
1742849825.7005353,1.0
1742849825.7209022,1.0
1742849825.741234,1.0
1742849825.7617884,1.0
1742849825.7823045,1.0
1742849825.8026946,1.0
1742849825.8230674,1.0
1742849825.843412,1.0
1742849825.8638601,1.0
1742849825.884258,1.0
1742849825.9049783,1.0
1742849825.9253266,1.0
1742849825.9457314,1.0
1742849825.966114,1.0
1742849825.9864826,1.0
1742849826.006921,1.0
1742849826.0273192,1.0
1742849826.047688,1.0
1742849826.068175,1.0
1742849826.0884416,1.0
1742849826.1087277,1.0
1742849826.1290443,1.0
1742849826.149524,1.0
1742849826.1698387,1.0
1742849826.1917799,1.0
1742849826.2120671,1.0
1742849826.2323637,1.0
1742849826.2527282,1.0
1742849826.2731159,1.0
1742849826.293394,1.0
1742849826.313736,1.0
1742849826.3340905,1.0
1742849826.354442,1.0
1742849826.3748329,1.0
1742849826.3951783,1.0
1742849826.4155066,1.0
1742849826.435789,1.0
1742849826.456101,1.0
1742849826.4769742,1.0
1742849826.497301,1.0
1742849826.517584,1.0
1742849826.537957,1.0
1742849826.560931,1.0
1742849826.5811927,1.0
1742849826.6025214,1.0
1742849826.6228628,1.0
1742849826.6437285,1.0
1742849826.6641226,1.0
1742849826.6844964,1.0
1742849826.7047462,1.0
1742849826.7251062,1.0
1742849826.7453752,1.0
1742849826.7659452,1.0
1742849826.7865365,1.0
1742849826.8069522,1.0
1742849826.8272502,1.0
1742849826.8475473,1.0
1742849826.8679004,1.0
1742849826.8881187,1.0
1742849826.9084313,1.0
1742849826.929472,1.0
1742849826.9497833,1.0
1742849826.9701245,1.0
1742849826.9903843,1.0
1742849827.0108716,1.0
1742849827.0311484,1.0
1742849827.0516918,1.0
1742849827.0720336,1.0
1742849827.0923853,1.0
1742849827.1126685,1.0
1742849827.1329267,1.0
1742849827.1532419,1.0
1742849827.173569,1.0
1742849827.1963055,1.0
1742849827.2164838,1.0
1742849827.2368472,1.0
1742849827.2571616,1.0
1742849827.2775664,1.0
1742849827.2979448,1.0
1742849827.3183362,1.0
1742849827.338718,1.0
1742849827.359057,1.0
1742849827.3794923,1.0
1742849827.3999054,1.0
1742849827.420272,1.0
1742849827.440761,1.0
1742849827.461577,1.0
1742849827.4819915,1.0
1742849827.5024178,1.0
1742849827.5227354,1.0
1742849827.5442867,1.0
1742849827.565646,1.0
1742849827.5858696,1.0
1742849827.6070833,1.0
1742849827.627343,1.0
1742849827.6477127,1.0
1742849827.6680214,1.0
1742849827.6883514,1.0
1742849827.7085629,1.0
1742849827.7287688,1.0
1742849827.7490017,1.0
1742849827.7692535,1.0
1742849827.7899587,1.0
1742849827.8101892,1.0
1742849827.830472,1.0
1742849827.8506823,1.0
1742849827.8710914,1.0
1742849827.8914475,1.0
1742849827.9117157,1.0
1742849827.9319339,1.0
1742849827.9540153,1.0
1742849827.9743047,1.0
1742849827.9945972,1.0
1742849828.0148156,1.0
1742849828.0351114,1.0
1742849828.0553339,1.0
1742849828.0757082,1.0
1742849828.0958989,1.0
1742849828.1161325,1.0
1742849828.1363728,1.0
1742849828.1570442,1.0
1742849828.1773355,1.0
1742849828.1992898,1.0
1742849828.2195916,1.0
1742849828.2398708,1.0
1742849828.2602532,1.0
1742849828.280563,1.0
1742849828.3007414,1.0
1742849828.3210216,1.0
1742849828.3412693,1.0
1742849828.3615215,1.0
1742849828.3839207,1.0
1742849828.4063234,1.0
1742849828.4265935,1.0
1742849828.4468284,1.0
1742849828.4679298,1.0
1742849828.488448,1.0
1742849828.5086951,1.0
1742849828.528874,1.0
1742849828.5646205,1.0
1742849828.6362822,1.0
1742849828.7078311,1.0
1742849828.7408874,1.0
1742849828.7610426,1.0
1742849828.7819111,1.0
1742849828.8023028,1.0
1742849828.822747,1.0
1742849828.8430672,1.0
1742849828.863531,1.0
1742849828.8838944,1.0
1742849828.904259,1.0
1742849828.9245954,1.0
1742849828.9449193,1.0
1742849828.965239,1.0
1742849828.9855583,1.0
1742849829.0059185,1.0
1742849829.0262551,1.0
1742849829.0465734,1.0
1742849829.0669568,1.0
1742849829.0872707,1.0
1742849829.107616,1.0
1742849829.1278627,1.0
1742849829.1481972,1.0
1742849829.1684363,1.0
1742849829.1903033,1.0
1742849829.2114122,1.0
1742849829.2317867,1.0
1742849829.2521846,1.0
1742849829.272443,1.0
1742849829.2926996,1.0
1742849829.3130383,1.0
1742849829.3333306,1.0
1742849829.3536425,1.0
1742849829.37387,1.0
1742849829.3942306,1.0
1742849829.414593,1.0
1742849829.457546,1.0
1742849829.477427,1.0
1742849829.4975955,1.0
1742849829.5178335,1.0
1742849829.5380723,1.0
1742849829.5613286,1.0
1742849829.5815222,1.0
1742849829.6030104,1.0
1742849829.6233509,1.0
1742849829.6439903,1.0
1742849829.6643116,1.0
1742849829.6846228,1.0
1742849829.7048512,1.0
1742849829.7251306,1.0
1742849829.7454553,1.0
1742849829.7659173,1.0
1742849829.786693,1.0
1742849829.8070085,1.0
1742849829.8273013,1.0
1742849829.8475053,1.0
1742849829.8677764,1.0
1742849829.88803,1.0
1742849829.9082696,1.0
1742849829.92858,1.0
1742849829.9487631,1.0
1742849829.9690635,1.0
1742849829.9893343,1.0
1742849830.0096343,1.0
1742849830.0299106,1.0
1742849830.0501602,1.0
1742849830.0704818,1.0
1742849830.090705,1.0
1742849830.1110137,1.0
1742849830.1312664,1.0
1742849830.1516776,1.0
1742849830.171931,1.0
1742849830.1938636,1.0
1742849830.2138934,1.0
1742849830.2342937,1.0
1742849830.2545354,1.0
1742849830.2748055,1.0
1742849830.29513,1.0
1742849830.3152988,1.0
1742849830.335567,1.0
1742849830.3557744,1.0
1742849830.376061,1.0
1742849830.3963382,1.0
1742849830.4166,1.0
1742849830.4368308,1.0
1742849830.457102,1.0
1742849830.477384,1.0
1742849830.498096,1.0
1742849830.5182564,1.0
1742849830.538445,1.0
1742849830.560992,1.0
1742849830.581141,1.0
1742849830.6024792,1.0
1742849830.6227655,1.0
1742849830.6437342,1.0
1742849830.6639855,1.0
1742849830.6842806,1.0
1742849830.7045152,1.0
1742849830.7247941,1.0
1742849830.745059,1.0
1742849830.7654192,1.0
1742849830.7858586,1.0
1742849830.806107,1.0
1742849830.8264437,1.0
1742849830.8466873,1.0
1742849830.8670244,1.0
1742849830.8872292,1.0
1742849830.907661,1.0
1742849830.9278934,1.0
1742849830.948173,1.0
1742849830.968373,1.0
1742849830.9887664,1.0
1742849831.0089614,1.0
1742849831.0291898,1.0
1742849831.0494587,1.0
1742849831.0698369,1.0
1742849831.0900574,1.0
1742849831.110328,1.0
1742849831.1305497,1.0
1742849831.1508262,1.0
1742849831.1710691,1.0
1742849831.1930046,1.0
1742849831.2129223,1.0
1742849831.2332113,1.0
1742849831.2535164,1.0
1742849831.2739308,1.0
1742849831.294165,1.0
1742849831.3144734,1.0
1742849831.3346477,1.0
1742849831.355087,1.0
1742849831.3754468,1.0
1742849831.3956573,1.0
1742849831.415883,1.0
1742849831.436115,1.0
1742849831.4562862,1.0
1742849831.4766066,1.0
1742849831.4968348,1.0
1742849831.5170994,1.0
1742849831.5373154,1.0
1742849831.5597565,1.0
1742849831.579986,1.0
1742849831.6012356,1.0
1742849831.6213944,1.0
1742849831.642039,1.0
1742849831.6622653,1.0
1742849831.6825721,1.0
1742849831.7028935,1.0
1742849831.723109,1.0
1742849831.743394,1.0
1742849831.7637496,1.0
1742849831.7843568,1.0
1742849831.804634,1.0
1742849831.8250182,1.0
1742849831.8452456,1.0
1742849831.8654625,1.0
1742849831.8858376,1.0
1742849831.906155,1.0
1742849831.9263964,1.0
1742849831.9466252,1.0
1742849831.9668956,1.0
1742849831.9871418,1.0
1742849832.0074017,1.0
1742849832.027666,1.0
1742849832.048525,1.0
1742849832.0688703,1.0
1742849832.089085,1.0
1742849832.109317,1.0
1742849832.1295896,1.0
1742849832.1501803,1.0
1742849832.17037,1.0
1742849832.1922486,1.0
1742849832.2121723,1.0
1742849832.2323768,1.0
1742849832.2526283,1.0
1742849832.2730567,1.0
1742849832.293326,1.0
1742849832.3134723,1.0
1742849832.3337092,1.0
1742849832.3538811,1.0
1742849832.3741248,1.0
1742849832.3943033,1.0
1742849832.414513,1.0
1742849832.4346952,1.0
1742849832.4549599,1.0
1742849832.475256,1.0
1742849832.4956453,1.0
1742849832.5166626,1.0
1742849832.536869,1.0
1742849832.5603514,1.0
1742849832.5804858,1.0
1742849832.601714,1.0
1742849832.621956,1.0
1742849832.6425462,1.0
1742849832.6626744,1.0
1742849832.682928,1.0
1742849832.7031448,1.0
1742849832.723407,1.0
1742849832.7435699,1.0
1742849832.7638528,1.0
1742849832.7846859,1.0
1742849832.8050027,1.0
1742849832.825238,1.0
1742849832.8454216,1.0
1742849832.8656502,1.0
1742849832.8858902,1.0
1742849832.915129,1.0
1742849832.9348938,1.0
1742849832.955081,1.0
1742849832.975352,1.0
1742849832.9955778,1.0
1742849833.0157464,1.0
1742849833.0359733,1.0
1742849833.0561817,1.0
1742849833.076472,1.0
1742849833.0966904,1.0
1742849833.116874,1.0
1742849833.137072,1.0
1742849833.1573014,1.0
1742849833.1775835,1.0
1742849833.1993597,1.0
1742849833.2194858,1.0
1742849833.2397268,1.0
1742849833.2599037,1.0
1742849833.2801168,1.0
1742849833.300302,1.0
1742849833.3205192,1.0
1742849833.3407502,1.0
1742849833.3610296,1.0
1742849833.3812568,1.0
1742849833.4028132,1.0
1742849833.4241986,1.0
1742849833.4449682,1.0
1742849833.4651735,1.0
1742849833.4854324,1.0
1742849833.5057046,1.0
1742849833.5259073,1.0
1742849833.547132,1.0
1742849833.5689795,1.0
1742849833.5891213,1.0
1742849833.6102648,1.0
1742849833.6304443,1.0
1742849833.6509445,1.0
1742849833.6710374,1.0
1742849833.6911755,1.0
1742849833.7113087,1.0
1742849833.731484,1.0
1742849833.7516012,1.0
1742849833.7754295,1.0
1742849833.7955174,1.0
1742849833.8155527,1.0
1742849833.83573,1.0
1742849833.8558245,1.0
1742849833.8760037,1.0
1742849833.896305,1.0
1742849833.9164011,1.0
1742849833.9365706,1.0
1742849833.9567082,1.0
1742849833.9768162,1.0
1742849833.9969144,1.0
1742849834.016977,1.0
1742849834.0372303,1.0
1742849834.0572996,1.0
1742849834.0775402,1.0
1742849834.0976713,1.0
1742849834.11784,1.0
1742849834.137889,1.0
1742849834.1582778,1.0
1742849834.1784215,1.0
1742849834.2006326,1.0
1742849834.220639,1.0
1742849834.2407646,1.0
1742849834.2608752,1.0
1742849834.2810645,1.0
1742849834.3012054,1.0
1742849834.3212857,1.0
1742849834.3414202,1.0
1742849834.3616402,1.0
1742849834.3817067,1.0
1742849834.4018545,1.0
1742849834.4219403,1.0
1742849834.4421034,1.0
1742849834.4621856,1.0
1742849834.4823596,1.0
1742849834.5025034,1.0
1742849834.5226264,1.0
1742849834.544437,1.0
1742849834.5656297,1.0
1742849834.5857747,1.0
1742849834.6066165,1.0
1742849834.6267633,1.0
1742849834.647249,1.0
1742849834.6673992,1.0
1742849834.6875324,1.0
1742849834.707623,1.0
1742849834.727913,1.0
1742849834.7480123,1.0
1742849834.768186,1.0
1742849834.78874,1.0
1742849834.8089292,1.0
1742849834.8291264,1.0
1742849834.8492649,1.0
1742849834.869562,1.0
1742849834.8896973,1.0
1742849834.909798,1.0
1742849834.9299006,1.0
1742849834.9499261,1.0
1742849834.970009,1.0
1742849834.990089,1.0
1742849835.010228,1.0
1742849835.0305161,1.0
1742849835.0505743,1.0
1742849835.0707257,1.0
1742849835.0908558,1.0
1742849835.1108804,1.0
1742849835.131031,1.0
1742849835.1510692,1.0
1742849835.1711893,1.0
1742849835.1931095,1.0
1742849835.212984,1.0
1742849835.233188,1.0
1742849835.2533739,1.0
1742849835.2735767,1.0
1742849835.2936394,1.0
1742849835.3136911,1.0
1742849835.3338482,1.0
1742849835.353965,1.0
1742849835.3741186,1.0
1742849835.3942347,1.0
1742849835.4143105,1.0
1742849835.4345005,1.0
1742849835.4545708,1.0
1742849835.474769,1.0
1742849835.4948547,1.0
1742849835.5149648,1.0
1742849835.535062,1.0
1742849835.5571983,1.0
1742849835.577245,1.0
1742849835.598469,1.0
1742849835.6185129,1.0
1742849835.638929,1.0
1742849835.6590745,1.0
1742849835.679264,1.0
1742849835.6994102,1.0
1742849835.7263613,1.0
1742849835.7461073,1.0
1742849835.7661898,1.0
1742849835.7864354,1.0
1742849835.8064845,1.0
1742849835.826561,1.0
1742849835.8466163,1.0
1742849835.8666906,1.0
1742849835.8868303,1.0
1742849835.907141,1.0
1742849835.9271414,1.0
1742849835.947185,1.0
1742849835.9672306,1.0
1742849835.9872684,1.0
1742849836.0073848,1.0
1742849836.027497,1.0
1742849836.047543,1.0
1742849836.0676281,1.0
1742849836.0877864,1.0
1742849836.1078055,1.0
1742849836.1278827,1.0
1742849836.1478844,1.0
1742849836.168077,1.0
1742849836.1898882,1.0
1742849836.2100105,1.0
1742849836.2301388,1.0
1742849836.2501743,1.0
1742849836.2702672,1.0
1742849836.2903097,1.0
1742849836.3103728,1.0
1742849836.330416,1.0
1742849836.3504755,1.0
1742849836.370662,1.0
1742849836.3907363,1.0
1742849836.4107914,1.0
1742849836.4308927,1.0
1742849836.4509525,1.0
1742849836.470992,1.0
1742849836.4911087,1.0
1742849836.5111973,1.0
1742849836.53123,1.0
1742849836.5536249,1.0
1742849836.5735595,1.0
1742849836.594008,1.0
1742849836.6143034,1.0
1742849836.6347504,1.0
1742849836.654809,1.0
1742849836.6749892,1.0
1742849836.695018,1.0
1742849836.7151196,1.0
1742849836.735224,1.0
1742849836.7553098,1.0
1742849836.775633,1.0
1742849836.796007,1.0
1742849836.8161345,1.0
1742849836.8363214,1.0
1742849836.8564985,1.0
1742849836.8768036,1.0
1742849836.8970504,1.0
1742849836.917126,1.0
1742849836.9372504,1.0
1742849836.9573946,1.0
1742849836.9774888,1.0
1742849836.9976473,1.0
1742849837.0177166,1.0
1742849837.0378535,1.0
1742849837.0579536,1.0
1742849837.0781517,1.0
1742849837.0982978,1.0
1742849837.118514,1.0
1742849837.138644,1.0
1742849837.159182,1.0
1742849837.1793177,1.0
1742849837.201442,1.0
1742849837.2214983,1.0
1742849837.2416914,1.0
1742849837.2618513,1.0
1742849837.2820466,1.0
1742849837.3021085,1.0
1742849837.3221917,1.0
1742849837.3423398,1.0
1742849837.3624299,1.0
1742849837.3825142,1.0
1742849837.4026074,1.0
1742849837.4226458,1.0
1742849837.4427574,1.0
1742849837.4631004,1.0
1742849837.4832492,1.0
1742849837.5034509,1.0
1742849837.523593,1.0
1742849837.5447536,1.0
1742849837.5658708,1.0
1742849837.5859556,1.0
1742849837.60676,1.0
1742849837.626848,1.0
1742849837.6474094,1.0
1742849837.667569,1.0
1742849837.687851,1.0
1742849837.707983,1.0
1742849837.7281685,1.0
1742849837.748256,1.0
1742849837.7684724,1.0
1742849837.7891963,1.0
1742849837.809595,1.0
1742849837.8298216,1.0
1742849837.8498921,1.0
1742849837.8699467,1.0
1742849837.8900752,1.0
1742849837.9102407,1.0
1742849837.9304268,1.0
1742849837.9505498,1.0
1742849837.9706662,1.0
1742849837.9908042,1.0
1742849838.0109622,1.0
1742849838.0311627,1.0
1742849838.051289,1.0
1742849838.071316,1.0
1742849838.0914328,1.0
1742849838.1115427,1.0
1742849838.1317363,1.0
1742849838.1518698,1.0
1742849838.1723576,1.0
1742849838.1941855,1.0
1742849838.2140076,1.0
1742849838.2342932,1.0
1742849838.2543657,1.0
1742849838.2746677,1.0
1742849838.2947981,1.0
1742849838.31489,1.0
1742849838.335047,1.0
1742849838.35519,1.0
1742849838.3752873,1.0
1742849838.3955631,1.0
1742849838.4157248,1.0
1742849838.4388156,1.0
1742849838.4588788,1.0
1742849838.4790707,1.0
1742849838.4991663,1.0
1742849838.519301,1.0
1742849838.539493,1.0
1742849838.5620823,1.0
1742849838.5821748,1.0
1742849838.6032307,1.0
1742849838.623338,1.0
1742849838.6437488,1.0
1742849838.6638727,1.0
1742849838.684037,1.0
1742849838.7041626,1.0
1742849838.7243307,1.0
1742849838.744536,1.0
1742849838.7652328,1.0
1742849838.7855968,1.0
1742849838.8057363,1.0
1742849838.8259547,1.0
1742849838.8461215,1.0
1742849838.8663025,1.0
1742849838.8864818,1.0
1742849838.9066317,1.0
1742849838.9267032,1.0
1742849838.9475343,1.0
1742849838.9676025,1.0
1742849838.987675,1.0
1742849839.0077767,1.0
1742849839.0279684,1.0
1742849839.0481365,1.0
1742849839.068254,1.0
1742849839.088459,1.0
1742849839.1085234,1.0
1742849839.1286666,1.0
1742849839.1487694,1.0
1742849839.1689374,1.0
1742849839.1908717,1.0
1742849839.2110884,1.0
1742849839.231165,1.0
1742849839.251303,1.0
1742849839.271528,1.0
1742849839.291694,1.0
1742849839.3118038,1.0
1742849839.3319297,1.0
1742849839.3520632,1.0
1742849839.372231,1.0
1742849839.3924053,1.0
1742849839.412561,1.0
1742849839.432711,1.0
1742849839.4528942,1.0
1742849839.4730992,1.0
1742849839.493291,1.0
1742849839.5133736,1.0
1742849839.5334716,1.0
1742849839.555354,1.0
1742849839.5752935,1.0
1742849839.5963085,1.0
1742849839.6162798,1.0
1742849839.6365168,1.0
1742849839.6565976,1.0
1742849839.6766858,1.0
1742849839.696906,1.0
1742849839.717019,1.0
1742849839.7371347,1.0
1742849839.7573044,1.0
1742849839.7774577,1.0
1742849839.797977,1.0
1742849839.818141,1.0
1742849839.8382792,1.0
1742849839.8583279,1.0
1742849839.8784757,1.0
1742849839.8985915,1.0
1742849839.9186547,1.0
1742849839.9387524,1.0
1742849839.9588337,1.0
1742849839.9788904,1.0
1742849839.9990218,1.0
1742849840.019152,1.0
1742849840.0393512,1.0
1742849840.0594544,1.0
1742849840.0796776,1.0
1742849840.0997531,1.0
1742849840.1198165,1.0
1742849840.139886,1.0
1742849840.160093,1.0
1742849840.180201,1.0
1742849840.2022002,1.0
1742849840.222175,1.0
1742849840.242389,1.0
1742849840.2624824,1.0
1742849840.2826643,1.0
1742849840.3026514,1.0
1742849840.3227656,1.0
1742849840.3428762,1.0
1742849840.3628852,1.0
1742849840.3830118,1.0
1742849840.4030316,1.0
1742849840.423146,1.0
1742849840.4432411,1.0
1742849840.463336,1.0
1742849840.4834201,1.0
1742849840.503467,1.0
1742849840.5235178,1.0
1742849840.5440102,1.0
1742849840.565498,1.0
1742849840.5863068,1.0
1742849840.607241,1.0
1742849840.6273572,1.0
1742849840.6476831,1.0
1742849840.667792,1.0
1742849840.6879606,1.0
1742849840.7080376,1.0
1742849840.7281454,1.0
1742849840.748232,1.0
1742849840.7684007,1.0
1742849840.7887235,1.0
1742849840.8087583,1.0
1742849840.828785,1.0
1742849840.8489382,1.0
1742849840.8689609,1.0
1742849840.889084,1.0
1742849840.9093883,1.0
1742849840.9294622,1.0
1742849840.9495406,1.0
1742849840.9695952,1.0
1742849840.989647,1.0
1742849841.0097477,1.0
1742849841.0298765,1.0
1742849841.0501223,1.0
1742849841.0701735,1.0
1742849841.0903227,1.0
1742849841.1102865,1.0
1742849841.130376,1.0
1742849841.1504593,1.0
1742849841.1705213,1.0
1742849841.1923134,1.0
1742849841.2121727,1.0
1742849841.232228,1.0
1742849841.252383,1.0
1742849841.2725604,1.0
1742849841.2927692,1.0
1742849841.312843,1.0
1742849841.332944,1.0
1742849841.3531413,1.0
1742849841.3733203,1.0
1742849841.3934467,1.0
1742849841.413532,1.0
1742849841.4336312,1.0
1742849841.4537685,1.0
1742849841.4738533,1.0
1742849841.4940772,1.0
1742849841.514094,1.0
1742849841.5341513,1.0
1742849841.5560267,1.0
1742849841.5760167,1.0
1742849841.5968451,1.0
1742849841.616911,1.0
1742849841.6374831,1.0
1742849841.657566,1.0
1742849841.6777108,1.0
1742849841.6978576,1.0
1742849841.7179701,1.0
1742849841.7380722,1.0
1742849841.7582874,1.0
1742849841.7784245,1.0
1742849841.798858,1.0
1742849841.8190072,1.0
1742849841.8392036,1.0
1742849841.8593102,1.0
1742849841.8793898,1.0
1742849841.8995354,1.0
1742849841.9195843,1.0
1742849841.9396403,1.0
1742849841.959701,1.0
1742849841.9797812,1.0
1742849842.0002468,1.0
1742849842.0203393,1.0
1742849842.0404315,1.0
1742849842.0605092,1.0
1742849842.0805626,1.0
1742849842.1006918,1.0
1742849842.120763,1.0
1742849842.140939,1.0
1742849842.1614335,1.0
1742849842.1813993,1.0
1742849842.203189,1.0
1742849842.223134,1.0
1742849842.2432635,1.0
1742849842.2633276,1.0
1742849842.2841437,1.0
1742849842.304151,1.0
1742849842.3242602,1.0
1742849842.344285,1.0
1742849842.3643308,1.0
1742849842.3844237,1.0
1742849842.4044704,1.0
1742849842.4245253,1.0
1742849842.4446037,1.0
1742849842.4649053,1.0
1742849842.4852388,1.0
1742849842.505281,1.0
1742849842.5254014,1.0
1742849842.5474017,1.0
1742849842.5675669,1.0
1742849842.5881493,1.0
1742849842.6088722,1.0
1742849842.6294372,1.0
1742849842.6496036,1.0
1742849842.669777,1.0
1742849842.6899855,1.0
1742849842.7100954,1.0
1742849842.730144,1.0
1742849842.750273,1.0
1742849842.7706988,1.0
1742849842.7910743,1.0
1742849842.8111093,1.0
1742849842.831225,1.0
1742849842.8513503,1.0
1742849842.8715765,1.0
1742849842.891885,1.0
1742849842.918573,1.0
1742849842.9383163,1.0
1742849842.9584363,1.0
1742849842.9785945,1.0
1742849842.9986784,1.0
1742849843.0187852,1.0
1742849843.0396886,1.0
1742849843.0598834,1.0
1742849843.0799074,1.0
1742849843.1000626,1.0
1742849843.1202576,1.0
1742849843.1403718,1.0
1742849843.160482,1.0
1742849843.1807132,1.0
1742849843.2028878,1.0
1742849843.2228887,1.0
1742849843.2430906,1.0
1742849843.2632568,1.0
1742849843.2832768,1.0
1742849843.303337,1.0
1742849843.3233829,1.0
1742849843.3434122,1.0
1742849843.3635163,1.0
1742849843.383639,1.0
1742849843.403711,1.0
1742849843.4237723,1.0
1742849843.4450839,1.0
1742849843.4666064,1.0
1742849843.4867768,1.0
1742849843.5067992,1.0
1742849843.5269246,1.0
1742849843.5493438,1.0
1742849843.5694685,1.0
1742849843.5894995,1.0
1742849843.6106043,1.0
1742849843.6307068,1.0
1742849843.6511085,1.0
1742849843.6711593,1.0
1742849843.6913018,1.0
1742849843.7113297,1.0
1742849843.73141,1.0
1742849843.7514606,1.0
1742849843.7717853,1.0
1742849843.7920556,1.0
1742849843.812084,1.0
1742849843.8321602,1.0
1742849843.852267,1.0
1742849843.8723028,1.0
1742849843.89245,1.0
1742849843.9124937,1.0
1742849843.932579,1.0
1742849843.9527073,1.0
1742849843.9727635,1.0
1742849843.992816,1.0
1742849844.0128887,1.0
1742849844.032916,1.0
1742849844.0530481,1.0
1742849844.0737693,1.0
1742849844.0940192,1.0
1742849844.114058,1.0
1742849844.134089,1.0
1742849844.1541479,1.0
1742849844.17457,1.0
1742849844.1965773,1.0
1742849844.2165082,1.0
1742849844.2365077,1.0
1742849844.256749,1.0
1742849844.276792,1.0
1742849844.2969515,1.0
1742849844.3170462,1.0
1742849844.3371527,1.0
1742849844.357265,1.0
1742849844.3773801,1.0
1742849844.397429,1.0
1742849844.4174588,1.0
1742849844.437462,1.0
1742849844.4576313,1.0
1742849844.4776988,1.0
1742849844.497817,1.0
1742849844.517833,1.0
1742849844.5379899,1.0
1742849844.560427,1.0
1742849844.5804489,1.0
1742849844.6016917,1.0
1742849844.6223218,1.0
1742849844.6427057,1.0
1742849844.6627657,1.0
1742849844.6827593,1.0
1742849844.7029004,1.0
1742849844.7229178,1.0
1742849844.742966,1.0
1742849844.7630553,1.0
1742849844.783296,1.0
1742849844.8035302,1.0
1742849844.8235846,1.0
1742849844.8436182,1.0
1742849844.8636272,1.0
1742849844.8836675,1.0
1742849844.9037993,1.0
1742849844.9238455,1.0
1742849844.9438834,1.0
1742849844.9639227,1.0
1742849844.984005,1.0
1742849845.0041773,1.0
1742849845.024342,1.0
1742849845.0445375,1.0
1742849845.0645168,1.0
1742849845.0846088,1.0
1742849845.1046786,1.0
1742849845.1247203,1.0
1742849845.144823,1.0
1742849845.1648784,1.0
1742849845.1849551,1.0
1742849845.2072036,1.0
1742849845.2273126,1.0
1742849845.2474635,1.0
1742849845.267598,1.0
1742849845.2877455,1.0
1742849845.3078058,1.0
1742849845.3279204,1.0
1742849845.3480113,1.0
1742849845.3681018,1.0
1742849845.3882313,1.0
1742849845.4083207,1.0
1742849845.4283988,1.0
1742849845.4485147,1.0
1742849845.4686213,1.0
1742849845.4887724,1.0
1742849845.5087914,1.0
1742849845.528886,1.0
1742849845.5510602,1.0
1742849845.5714176,1.0
1742849845.5914774,1.0
1742849845.6121695,1.0
1742849845.6323397,1.0
1742849845.6527457,1.0
1742849845.6728272,1.0
1742849845.692989,1.0
1742849845.7131417,1.0
1742849845.7332196,1.0
1742849845.7533383,1.0
1742849845.773581,1.0
1742849845.7939155,1.0
1742849845.8139849,1.0
1742849845.8340666,1.0
1742849845.854249,1.0
1742849845.8743231,1.0
1742849845.8945968,1.0
1742849845.914833,1.0
1742849845.9349248,1.0
1742849845.9550354,1.0
1742849845.9750872,1.0
1742849845.9951768,1.0
1742849846.0152397,1.0
1742849846.0353405,1.0
1742849846.0554974,1.0
1742849846.075595,1.0
1742849846.0957134,1.0
1742849846.1157477,1.0
1742849846.1357915,1.0
1742849846.1559303,1.0
1742849846.1765215,1.0
1742849846.1988814,1.0
1742849846.2187922,1.0
1742849846.2389631,1.0
1742849846.2591383,1.0
1742849846.2793028,1.0
1742849846.2994447,1.0
1742849846.3195536,1.0
1742849846.3396747,1.0
1742849846.359774,1.0
1742849846.380025,1.0
1742849846.400158,1.0
1742849846.4202626,1.0
1742849846.4403965,1.0
1742849846.4605749,1.0
1742849846.4806476,1.0
1742849846.5009134,1.0
1742849846.5210216,1.0
1742849846.541502,1.0
1742849846.5628922,1.0
1742849846.583023,1.0
1742849846.603973,1.0
1742849846.6246264,1.0
1742849846.6451485,1.0
1742849846.6653612,1.0
1742849846.6854262,1.0
1742849846.7055147,1.0
1742849846.7255754,1.0
1742849846.7456763,1.0
1742849846.7658632,1.0
1742849846.785917,1.0
1742849846.8062391,1.0
1742849846.8263843,1.0
1742849846.8465247,1.0
1742849846.8666599,1.0
1742849846.8868382,1.0
1742849846.9069822,1.0
1742849846.9270425,1.0
1742849846.9471323,1.0
1742849846.9672387,1.0
1742849846.987319,1.0
1742849847.0074096,1.0
1742849847.027567,1.0
1742849847.0476658,1.0
1742849847.067782,1.0
1742849847.0878785,1.0
1742849847.1078906,1.0
1742849847.1279168,1.0
1742849847.147943,1.0
1742849847.1679976,1.0
1742849847.1898518,1.0
1742849847.2098954,1.0
1742849847.229911,1.0
1742849847.249949,1.0
1742849847.2700422,1.0
1742849847.2901928,1.0
1742849847.310219,1.0
1742849847.330282,1.0
1742849847.3503327,1.0
1742849847.3703983,1.0
1742849847.3915043,1.0
1742849847.4114325,1.0
1742849847.431553,1.0
1742849847.451672,1.0
1742849847.471965,1.0
1742849847.4923751,1.0
1742849847.5124483,1.0
1742849847.532489,1.0
1742849847.554614,1.0
1742849847.5745463,1.0
1742849847.5955677,1.0
1742849847.6155632,1.0
1742849847.6368325,1.0
1742849847.6569252,1.0
1742849847.6770194,1.0
1742849847.6971884,1.0
1742849847.7171876,1.0
1742849847.7373216,1.0
1742849847.7573302,1.0
1742849847.7775242,1.0
1742849847.7979255,1.0
1742849847.8179774,1.0
1742849847.8380935,1.0
1742849847.858185,1.0
1742849847.8782933,1.0
1742849847.8984592,1.0
1742849847.918708,1.0
1742849847.938738,1.0
1742849847.958774,1.0
1742849847.9788437,1.0
1742849847.9988976,1.0
1742849848.0189624,1.0
1742849848.039044,1.0
1742849848.0591981,1.0
1742849848.0792706,1.0
1742849848.0994778,1.0
1742849848.119551,1.0
1742849848.139609,1.0
1742849848.1603413,1.0
1742849848.1806576,1.0
1742849848.2026417,1.0
1742849848.222591,1.0
1742849848.2426744,1.0
1742849848.2629297,1.0
1742849848.2830517,1.0
1742849848.3039823,1.0
1742849848.3240645,1.0
1742849848.3441255,1.0
1742849848.364081,1.0
1742849848.3841598,1.0
1742849848.4041722,1.0
1742849848.42418,1.0
1742849848.4442263,1.0
1742849848.465651,1.0
1742849848.487072,1.0
1742849848.507212,1.0
1742849848.527244,1.0
1742849848.5497959,1.0
1742849848.5697114,1.0
1742849848.5901234,1.0
1742849848.610295,1.0
1742849848.630705,1.0
1742849848.6514938,1.0
1742849848.671527,1.0
1742849848.6915746,1.0
1742849848.7116501,1.0
1742849848.7316573,1.0
1742849848.7516437,1.0
1742849848.7718756,1.0
1742849848.7918768,1.0
1742849848.8122303,1.0
1742849848.8323953,1.0
1742849848.852507,1.0
1742849848.8726122,1.0
1742849848.8928206,1.0
1742849848.9128401,1.0
1742849848.93294,1.0
1742849848.9529946,1.0
1742849848.9730856,1.0
1742849848.9930918,1.0
1742849849.013164,1.0
1742849849.0331967,1.0
1742849849.0531888,1.0
1742849849.073242,1.0
1742849849.0932462,1.0
1742849849.113296,1.0
1742849849.1333542,1.0
1742849849.1534638,1.0
1742849849.1734688,1.0
1742849849.1962543,1.0
1742849849.2161117,1.0
1742849849.2360787,1.0
1742849849.256149,1.0
1742849849.2761128,1.0
1742849849.29617,1.0
1742849849.3161633,1.0
1742849849.3362122,1.0
1742849849.3562546,1.0
1742849849.3763058,1.0
1742849849.3963423,1.0
1742849849.4163997,1.0
1742849849.4363518,1.0
1742849849.4564157,1.0
1742849849.476425,1.0
1742849849.4964519,1.0
1742849849.516446,1.0
1742849849.5364769,1.0
1742849849.5591526,1.0
1742849849.579074,1.0
1742849849.6000495,1.0
1742849849.6199472,1.0
1742849849.640173,1.0
1742849849.6602802,1.0
1742849849.6802504,1.0
1742849849.7003431,1.0
1742849849.7203274,1.0
1742849849.7403479,1.0
1742849849.7604685,1.0
1742849849.7803965,1.0
1742849849.80072,1.0
1742849849.8207278,1.0
1742849849.8407197,1.0
1742849849.8609104,1.0
1742849849.880944,1.0
1742849849.9011395,1.0
1742849849.921113,1.0
1742849849.9410856,1.0
1742849849.9610841,1.0
1742849849.981046,1.0
1742849850.0010276,1.0
1742849850.0209568,1.0
1742849850.0409625,1.0
1742849850.061132,1.0
1742849850.081146,1.0
1742849850.1012595,1.0
1742849850.1212783,1.0
1742849850.1412,1.0
1742849850.161219,1.0
1742849850.181682,1.0
1742849850.2034888,1.0
1742849850.2233856,1.0
1742849850.243393,1.0
1742849850.2634916,1.0
1742849850.2835712,1.0
1742849850.303673,1.0
1742849850.3236837,1.0
1742849850.3436105,1.0
1742849850.3635623,1.0
1742849850.3835773,1.0
1742849850.4035747,1.0
1742849850.4235208,1.0
1742849850.4435072,1.0
1742849850.4635108,1.0
1742849850.4834657,1.0
1742849850.503652,1.0
1742849850.5236423,1.0
1742849850.5448122,1.0
1742849850.5661006,1.0
1742849850.5861936,1.0
1742849850.6069603,1.0
1742849850.627002,1.0
1742849850.6473322,1.0
1742849850.6680179,1.0
1742849850.6880486,1.0
1742849850.7081637,1.0
1742849850.7281837,1.0
1742849850.748231,1.0
1742849850.7683117,1.0
1742849850.7884035,1.0
1742849850.8086298,1.0
1742849850.8286834,1.0
1742849850.848691,1.0
1742849850.8689578,1.0
1742849850.889,1.0
1742849850.9093502,1.0
1742849850.9293785,1.0
1742849850.9494147,1.0
1742849850.9694474,1.0
1742849850.989439,1.0
1742849851.0094388,1.0
1742849851.029486,1.0
1742849851.0494502,1.0
1742849851.0695524,1.0
1742849851.0895662,1.0
1742849851.1096804,1.0
1742849851.129589,1.0
1742849851.1495357,1.0
1742849851.16951,1.0
1742849851.191096,1.0
1742849851.2113323,1.0
1742849851.231326,1.0
1742849851.2513077,1.0
1742849851.2714136,1.0
1742849851.2914083,1.0
1742849851.311488,1.0
1742849851.3315234,1.0
1742849851.3515537,1.0
1742849851.3716753,1.0
1742849851.3917863,1.0
1742849851.411872,1.0
1742849851.4318774,1.0
1742849851.4518924,1.0
1742849851.4720063,1.0
1742849851.491995,1.0
1742849851.5121357,1.0
1742849851.5321462,1.0
1742849851.5544088,1.0
1742849851.5744164,1.0
1742849851.595328,1.0
1742849851.6152687,1.0
1742849851.6356134,1.0
1742849851.6555362,1.0
1742849851.6755295,1.0
1742849851.6955373,1.0
1742849851.7155852,1.0
1742849851.7356071,1.0
1742849851.7555661,1.0
1742849851.775667,1.0
1742849851.795635,1.0
1742849851.8158162,1.0
1742849851.8357568,1.0
1742849851.855708,1.0
1742849851.8756635,1.0
1742849851.8958347,1.0
1742849851.9158823,1.0
1742849851.935841,1.0
1742849851.9558208,1.0
1742849851.975807,1.0
1742849851.9957607,1.0
1742849852.0157647,1.0
1742849852.0357082,1.0
1742849852.055646,1.0
1742849852.075674,1.0
1742849852.0956604,1.0
1742849852.1157,1.0
1742849852.1357543,1.0
1742849852.1557775,1.0
1742849852.1758668,1.0
1742849852.1977544,1.0
1742849852.2176747,1.0
1742849852.2376368,1.0
1742849852.257632,1.0
1742849852.2776687,1.0
1742849852.2976692,1.0
1742849852.3176692,1.0
1742849852.3376634,1.0
1742849852.3576474,1.0
1742849852.3776443,1.0
1742849852.3976357,1.0
1742849852.4175627,1.0
1742849852.4376006,1.0
1742849852.4577684,1.0
1742849852.4776866,1.0
1742849852.4979994,1.0
1742849852.518596,1.0
1742849852.5385358,1.0
1742849852.5604312,1.0
1742849852.58045,1.0
1742849852.6013424,1.0
1742849852.6213343,1.0
1742849852.6418066,1.0
1742849852.6618469,1.0
1742849852.682553,1.0
1742849852.7026286,1.0
1742849852.7225862,1.0
1742849852.7425797,1.0
1742849852.7626674,1.0
1742849852.7826598,1.0
1742849852.8032284,1.0
1742849852.823174,1.0
1742849852.8431957,1.0
1742849852.863207,1.0
1742849852.8831775,1.0
1742849852.9089196,1.0
1742849852.9284844,1.0
1742849852.9483697,1.0
1742849852.9683926,1.0
1742849852.9884994,1.0
1742849853.0084865,1.0
1742849853.028518,1.0
1742849853.0485528,1.0
1742849853.068607,1.0
1742849853.0889194,1.0
1742849853.1090374,1.0
1742849853.1291137,1.0
1742849853.1490943,1.0
1742849853.1690843,1.0
1742849853.1907926,1.0
1742849853.2107944,1.0
1742849853.230866,1.0
1742849853.2509255,1.0
1742849853.271029,1.0
1742849853.2916074,1.0
1742849853.3117015,1.0
1742849853.3317273,1.0
1742849853.3516877,1.0
1742849853.3717196,1.0
1742849853.391711,1.0
1742849853.4116373,1.0
1742849853.4323993,1.0
1742849853.4523952,1.0
1742849853.472459,1.0
1742849853.4957533,1.0
1742849853.5156856,1.0
1742849853.535676,1.0
1742849853.557583,1.0
1742849853.5776618,1.0
1742849853.5984285,1.0
1742849853.6184547,1.0
1742849853.639043,1.0
1742849853.659093,1.0
1742849853.6791265,1.0
1742849853.6992295,1.0
1742849853.7192721,1.0
1742849853.7393017,1.0
1742849853.7594306,1.0
1742849853.7795532,1.0
1742849853.7996058,1.0
1742849853.8199115,1.0
1742849853.839996,1.0
1742849853.8599298,1.0
1742849853.87996,1.0
1742849853.9000425,1.0
1742849853.9200675,1.0
1742849853.9400482,1.0
1742849853.9600997,1.0
1742849853.980164,1.0
1742849854.0001018,1.0
1742849854.0201123,1.0
1742849854.0400145,1.0
1742849854.0599895,1.0
1742849854.0801005,1.0
1742849854.100082,1.0
1742849854.1200578,1.0
1742849854.1400163,1.0
1742849854.1599224,1.0
1742849854.180354,1.0
1742849854.2027035,1.0
1742849854.2225769,1.0
1742849854.242596,1.0
1742849854.2625632,1.0
1742849854.2825487,1.0
1742849854.3033988,1.0
1742849854.323303,1.0
1742849854.3433378,1.0
1742849854.363344,1.0
1742849854.3833506,1.0
1742849854.4034083,1.0
1742849854.423453,1.0
1742849854.4434338,1.0
1742849854.4635088,1.0
1742849854.4835126,1.0
1742849854.5036137,1.0
1742849854.5236492,1.0
1742849854.54463,1.0
1742849854.5656657,1.0
1742849854.616144,1.0
1742849854.6363666,1.0
1742849854.6561527,1.0
1742849854.6762981,1.0
1742849854.696808,1.0
1742849854.7170634,1.0
1742849854.7373064,1.0
1742849854.7574074,1.0
1742849854.777516,1.0
1742849854.7978468,1.0
1742849854.8182306,1.0
1742849854.8383462,1.0
1742849854.8585324,1.0
1742849854.8786137,1.0
1742849854.898896,1.0
1742849854.9190958,1.0
1742849854.9391787,1.0
1742849854.9592938,1.0
1742849854.9794235,1.0
1742849854.999543,1.0
1742849855.0196185,1.0
1742849855.039652,1.0
1742849855.0599809,1.0
1742849855.080099,1.0
1742849855.1002347,1.0
1742849855.1204805,1.0
1742849855.158573,1.0
1742849855.1782992,1.0
1742849855.1998553,1.0
1742849855.2198904,1.0
1742849855.2400131,1.0
1742849855.2600865,1.0
1742849855.2802677,1.0
1742849855.3003855,1.0
1742849855.3206215,1.0
1742849855.3407075,1.0
1742849855.3608005,1.0
1742849855.3809068,1.0
1742849855.4010055,1.0
1742849855.421126,1.0
1742849855.4411852,1.0
1742849855.4611945,1.0
1742849855.481417,1.0
1742849855.501473,1.0
1742849855.521661,1.0
1742849855.5423164,1.0
1742849855.5635006,1.0
1742849855.5836446,1.0
1742849855.6046138,1.0
1742849855.6246955,1.0
1742849855.6452172,1.0
1742849855.6652875,1.0
1742849855.6853998,1.0
1742849855.7055106,1.0
1742849855.7256916,1.0
1742849855.745772,1.0
1742849855.7659848,1.0
1742849855.7861333,1.0
1742849855.8065827,1.0
1742849855.82659,1.0
1742849855.8466592,1.0
1742849855.8667128,1.0
1742849855.886861,1.0
1742849855.907367,1.0
1742849855.9274156,1.0
1742849855.947383,1.0
1742849855.9673457,1.0
1742849855.987295,1.0
1742849856.0072534,1.0
1742849856.0272555,1.0
1742849856.0472345,1.0
1742849856.0672193,1.0
1742849856.0872028,1.0
1742849856.107281,1.0
1742849856.127216,1.0
1742849856.1471813,1.0
1742849856.1670802,1.0
1742849856.1873975,1.0
1742849856.2090275,1.0
1742849856.229045,1.0
1742849856.2489998,1.0
1742849856.2690313,1.0
1742849856.2889745,1.0
1742849856.30903,1.0
1742849856.3289752,1.0
1742849856.348967,1.0
1742849856.3690028,1.0
1742849856.3889863,1.0
1742849856.4089956,1.0
1742849856.4289591,1.0
1742849856.448944,1.0
1742849856.4690363,1.0
1742849856.4891026,1.0
1742849856.5091045,1.0
1742849856.5290911,1.0
1742849856.5515742,1.0
1742849856.5713873,1.0
1742849856.5918965,1.0
1742849856.6119537,1.0
1742849856.6323388,1.0
1742849856.6523824,1.0
1742849856.6724129,1.0
1742849856.6923726,1.0
1742849856.712874,1.0
1742849856.7328637,1.0
1742849856.7528565,1.0
1742849856.7729328,1.0
1742849856.7929492,1.0
1742849856.8133514,1.0
1742849856.8333516,1.0
1742849856.8533256,1.0
1742849856.8733723,1.0
1742849856.8934505,1.0
1742849856.913442,1.0
1742849856.933465,1.0
1742849856.9533617,1.0
1742849856.9733725,1.0
1742849856.9934049,1.0
1742849857.0134068,1.0
1742849857.033425,1.0
1742849857.0533848,1.0
1742849857.0733926,1.0
1742849857.093389,1.0
1742849857.1134658,1.0
1742849857.1334195,1.0
1742849857.1534057,1.0
1742849857.1734266,1.0
1742849857.1957023,1.0
1742849857.215583,1.0
1742849857.235649,1.0
1742849857.2556133,1.0
1742849857.2757823,1.0
1742849857.2958226,1.0
1742849857.315919,1.0
1742849857.3358908,1.0
1742849857.3558633,1.0
1742849857.3758302,1.0
1742849857.3959315,1.0
1742849857.415977,1.0
1742849857.436008,1.0
1742849857.4563107,1.0
1742849857.4763446,1.0
1742849857.4965007,1.0
1742849857.516624,1.0
1742849857.536571,1.0
1742849857.558815,1.0
1742849857.5786479,1.0
1742849857.5995922,1.0
1742849857.619562,1.0
1742849857.6401236,1.0
1742849857.6602042,1.0
1742849857.6802936,1.0
1742849857.7003856,1.0
1742849857.7206252,1.0
1742849857.7406895,1.0
1742849857.7609878,1.0
1742849857.7811148,1.0
1742849857.8012846,1.0
1742849857.8217964,1.0
1742849857.8418984,1.0
1742849857.8619926,1.0
1742849857.8821137,1.0
1742849857.9023595,1.0
1742849857.9224806,1.0
1742849857.9425607,1.0
1742849857.962801,1.0
1742849857.9829123,1.0
1742849858.0030103,1.0
1742849858.0231338,1.0
1742849858.043281,1.0
1742849858.0634542,1.0
1742849858.083705,1.0
1742849858.1038907,1.0
1742849858.1240592,1.0
1742849858.1442878,1.0
1742849858.1644638,1.0
1742849858.184755,1.0
1742849858.2068987,1.0
1742849858.2269838,1.0
1742849858.2471967,1.0
1742849858.2674255,1.0
1742849858.2876759,1.0
1742849858.3078718,1.0
1742849858.3281116,1.0
1742849858.3483021,1.0
1742849858.3685164,1.0
1742849858.3886778,1.0
1742849858.4096,1.0
1742849858.429799,1.0
1742849858.4499917,1.0
1742849858.4702077,1.0
1742849858.4904628,1.0
1742849858.5128617,1.0
1742849858.5345562,1.0
1742849858.5583055,1.0
1742849858.5782506,1.0
1742849858.5999255,1.0
1742849858.6201725,1.0
1742849858.6409006,1.0
1742849858.6611295,1.0
1742849858.6813815,1.0
1742849858.701604,1.0
1742849858.7222612,1.0
1742849858.7423851,1.0
1742849858.7628357,1.0
1742849858.7830098,1.0
1742849858.8031864,1.0
1742849858.823598,1.0
1742849858.843825,1.0
1742849858.8640873,1.0
1742849858.8843699,1.0
1742849858.904744,1.0
1742849858.925009,1.0
1742849858.945241,1.0
1742849858.965457,1.0
1742849858.9856436,1.0
1742849859.0058887,1.0
1742849859.0261624,1.0
1742849859.0463016,1.0
1742849859.066538,1.0
1742849859.086835,1.0
1742849859.107068,1.0
1742849859.1274035,1.0
1742849859.147623,1.0
1742849859.1678643,1.0
1742849859.1898158,1.0
1742849859.2100847,1.0
1742849859.2303355,1.0
1742849859.250449,1.0
1742849859.2706985,1.0
1742849859.2909408,1.0
1742849859.311234,1.0
1742849859.3314934,1.0
1742849859.351678,1.0
1742849859.3719025,1.0
1742849859.3921576,1.0
1742849859.4123707,1.0
1742849859.4328978,1.0
1742849859.4530945,1.0
1742849859.4732518,1.0
1742849859.493412,1.0
1742849859.51358,1.0
1742849859.5336983,1.0
1742849859.5565479,1.0
1742849859.5765955,1.0
1742849859.5979912,1.0
1742849859.6181133,1.0
1742849859.638689,1.0
1742849859.6587806,1.0
1742849859.6790276,1.0
1742849859.699158,1.0
1742849859.7194622,1.0
1742849859.7396176,1.0
1742849859.7601697,1.0
1742849859.7803679,1.0
1742849859.800601,1.0
1742849859.8212392,1.0
1742849859.8414888,1.0
1742849859.8616557,1.0
1742849859.881837,1.0
1742849859.9021645,1.0
1742849859.9223866,1.0
1742849859.9426005,1.0
1742849859.9627326,1.0
1742849859.9828875,1.0
1742849860.0030458,1.0
1742849860.0232732,1.0
1742849860.0434854,1.0
1742849860.0636694,1.0
1742849860.0838885,1.0
1742849860.1040683,1.0
1742849860.1245017,1.0
1742849860.1446664,1.0
1742849860.164774,1.0
1742849860.1850786,1.0
1742849860.2071242,1.0
1742849860.227242,1.0
1742849860.2473972,1.0
1742849860.2675207,1.0
1742849860.2877357,1.0
1742849860.3078659,1.0
1742849860.3280795,1.0
1742849860.348267,1.0
1742849860.3683815,1.0
1742849860.3885422,1.0
1742849860.4087243,1.0
1742849860.4288738,1.0
1742849860.4490132,1.0
1742849860.4692256,1.0
1742849860.4893599,1.0
1742849860.5095005,1.0
1742849860.5298095,1.0
1742849860.553034,1.0
1742849860.572886,1.0
1742849860.5937915,1.0
1742849860.614051,1.0
1742849860.6344311,1.0
1742849860.6545987,1.0
1742849860.6747591,1.0
1742849860.6948595,1.0
1742849860.7150488,1.0
1742849860.7359772,1.0
1742849860.7560513,1.0
1742849860.776288,1.0
1742849860.7963982,1.0
1742849860.8168225,1.0
1742849860.8369827,1.0
1742849860.8571904,1.0
1742849860.8774579,1.0
1742849860.8977678,1.0
1742849860.918183,1.0
1742849860.938304,1.0
1742849860.958414,1.0
1742849860.9785807,1.0
1742849860.9986806,1.0
1742849861.01887,1.0
1742849861.0390184,1.0
1742849861.0591478,1.0
1742849861.079349,1.0
1742849861.0994632,1.0
1742849861.1196086,1.0
1742849861.1396995,1.0
1742849861.1598678,1.0
1742849861.1799548,1.0
1742849861.2020516,1.0
1742849861.2221403,1.0
1742849861.2422175,1.0
1742849861.262328,1.0
1742849861.282547,1.0
1742849861.3026495,1.0
1742849861.3229806,1.0
1742849861.3431334,1.0
1742849861.3632975,1.0
1742849861.383618,1.0
1742849861.4038353,1.0
1742849861.4239357,1.0
1742849861.4441535,1.0
1742849861.46433,1.0
1742849861.484528,1.0
1742849861.5046318,1.0
1742849861.5248785,1.0
1742849861.5464602,1.0
1742849861.5675733,1.0
1742849861.5877464,1.0
1742849861.608904,1.0
1742849861.6290674,1.0
1742849861.6498563,1.0
1742849861.6699963,1.0
1742849861.6901639,1.0
1742849861.7102592,1.0
1742849861.7304993,1.0
1742849861.7505965,1.0
1742849861.7709818,1.0
1742849861.7911096,1.0
1742849861.811741,1.0
1742849861.83186,1.0
1742849861.851992,1.0
1742849861.87215,1.0
1742849861.892416,1.0
1742849861.9126325,1.0
1742849861.9328306,1.0
1742849861.9529452,1.0
1742849861.97312,1.0
1742849861.993297,1.0
1742849862.013441,1.0
1742849862.0337334,1.0
1742849862.0537784,1.0
1742849862.0739455,1.0
1742849862.0941446,1.0
1742849862.1142876,1.0
1742849862.13453,1.0
1742849862.1546571,1.0
1742849862.1748538,1.0
1742849862.1972747,1.0
1742849862.217231,1.0
1742849862.2373996,1.0
1742849862.2575102,1.0
1742849862.2776706,1.0
1742849862.2978094,1.0
1742849862.3178926,1.0
1742849862.3381028,1.0
1742849862.3582141,1.0
1742849862.3783307,1.0
1742849862.398503,1.0
1742849862.4185672,1.0
1742849862.4387228,1.0
1742849862.4590063,1.0
1742849862.4791107,1.0
1742849862.4994013,1.0
1742849862.5195346,1.0
1742849862.5396483,1.0
1742849862.563286,1.0
1742849862.5832858,1.0
1742849862.6042624,1.0
1742849862.6243691,1.0
1742849862.6450675,1.0
1742849862.6652324,1.0
1742849862.685368,1.0
1742849862.7054677,1.0
1742849862.7256842,1.0
1742849862.745758,1.0
1742849862.7666223,1.0
1742849862.7867365,1.0
1742849862.8068342,1.0
1742849862.8272455,1.0
1742849862.8473582,1.0
1742849862.8675582,1.0
1742849862.8876705,1.0
1742849862.914055,1.0
1742849862.9338806,1.0
1742849862.9538963,1.0
1742849862.9739673,1.0
1742849862.9941127,1.0
1742849863.0142138,1.0
1742849863.0343165,1.0
1742849863.054402,1.0
1742849863.0744696,1.0
1742849863.0945485,1.0
1742849863.1146612,1.0
1742849863.1349306,1.0
1742849863.1550605,1.0
1742849863.1753228,1.0
1742849863.1975563,1.0
1742849863.2174966,1.0
1742849863.2377024,1.0
1742849863.2578847,1.0
1742849863.2780511,1.0
1742849863.298321,1.0
1742849863.3185139,1.0
1742849863.3387604,1.0
1742849863.3589957,1.0
1742849863.3791919,1.0
1742849863.3994548,1.0
1742849863.41962,1.0
1742849863.4398715,1.0
1742849863.46012,1.0
1742849863.4803426,1.0
1742849863.5006285,1.0
1742849863.52138,1.0
1742849863.5454614,1.0
1742849863.567409,1.0
1742849863.5875525,1.0
1742849863.608533,1.0
1742849863.6286712,1.0
1742849863.6493273,1.0
1742849863.6694503,1.0
1742849863.689771,1.0
1742849863.7099273,1.0
1742849863.7301328,1.0
1742849863.7503219,1.0
1742849863.7709022,1.0
1742849863.7911358,1.0
1742849863.8113003,1.0
1742849863.8319688,1.0
1742849863.8521643,1.0
1742849863.8723288,1.0
1742849863.892612,1.0
1742849863.912803,1.0
1742849863.9329677,1.0
1742849863.9532113,1.0
1742849863.9733891,1.0
1742849863.9935694,1.0
1742849864.0138488,1.0
1742849864.034014,1.0
1742849864.0544765,1.0
1742849864.0745673,1.0
1742849864.0947776,1.0
1742849864.1149964,1.0
1742849864.1352894,1.0
1742849864.1554282,1.0
1742849864.1755283,1.0
1742849864.1980388,1.0
1742849864.2180412,1.0
1742849864.2382102,1.0
1742849864.2583506,1.0
1742849864.278527,1.0
1742849864.2987204,1.0
1742849864.3189056,1.0
1742849864.3391247,1.0
1742849864.3592482,1.0
1742849864.3794172,1.0
1742849864.3996665,1.0
1742849864.4198182,1.0
1742849864.4400334,1.0
1742849864.4602633,1.0
1742849864.4804182,1.0
1742849864.5006669,1.0
1742849864.5208738,1.0
1742849864.5414774,1.0
1742849864.5634613,1.0
1742849864.5836577,1.0
1742849864.6047714,1.0
1742849864.6250315,1.0
1742849864.6459486,1.0
1742849864.6660883,1.0
1742849864.6862314,1.0
1742849864.7064102,1.0
1742849864.726636,1.0
1742849864.7468607,1.0
1742849864.7672799,1.0
1742849864.787987,1.0
1742849864.808129,1.0
1742849864.828587,1.0
1742849864.8488095,1.0
1742849864.8690114,1.0
1742849864.8892508,1.0
1742849864.90941,1.0
1742849864.9296975,1.0
1742849864.9498408,1.0
1742849864.9699717,1.0
1742849864.9900844,1.0
1742849865.010261,1.0
1742849865.0304608,1.0
1742849865.050632,1.0
1742849865.0707793,1.0
1742849865.090996,1.0
1742849865.1111946,1.0
1742849865.1315236,1.0
1742849865.151656,1.0
1742849865.1718152,1.0
1742849865.1937282,1.0
1742849865.2139673,1.0
1742849865.2341013,1.0
1742849865.2542093,1.0
1742849865.274375,1.0
1742849865.2946045,1.0
1742849865.314771,1.0
1742849865.3351164,1.0
1742849865.3552935,1.0
1742849865.3754537,1.0
1742849865.3956316,1.0
1742849865.4157493,1.0
1742849865.435971,1.0
1742849865.4561882,1.0
1742849865.4763641,1.0
1742849865.4966476,1.0
1742849865.5168235,1.0
1742849865.5371103,1.0
1742849865.5599709,1.0
1742849865.5801225,1.0
1742849865.6015842,1.0
1742849865.6217468,1.0
1742849865.6424274,1.0
1742849865.6625667,1.0
1742849865.6827157,1.0
1742849865.7029684,1.0
1742849865.723174,1.0
1742849865.7433486,1.0
1742849865.763735,1.0
1742849865.7839563,1.0
1742849865.8041162,1.0
1742849865.824458,1.0
1742849865.8446734,1.0
1742849865.8648973,1.0
1742849865.885064,1.0
1742849865.9053214,1.0
1742849865.925503,1.0
1742849865.9456465,1.0
1742849865.9658234,1.0
1742849865.9860072,1.0
1742849866.0061908,1.0
1742849866.0263484,1.0
1742849866.0465434,1.0
1742849866.0667715,1.0
1742849866.086948,1.0
1742849866.107218,1.0
1742849866.1273553,1.0
1742849866.1475341,1.0
1742849866.1676874,1.0
1742849866.1895442,1.0
1742849866.2097552,1.0
1742849866.22997,1.0
1742849866.2502642,1.0
1742849866.2705212,1.0
1742849866.2908025,1.0
1742849866.311017,1.0
1742849866.331355,1.0
1742849866.351643,1.0
1742849866.3718784,1.0
1742849866.3920753,1.0
1742849866.4123402,1.0
1742849866.4326146,1.0
1742849866.4529111,1.0
1742849866.4731753,1.0
1742849866.4934456,1.0
1742849866.5136564,1.0
1742849866.5340216,1.0
1742849866.5569713,1.0
1742849866.5769486,1.0
1742849866.59755,1.0
1742849866.6176658,1.0
1742849866.6381752,1.0
1742849866.6584203,1.0
1742849866.6786582,1.0
1742849866.6988215,1.0
1742849866.7190313,1.0
1742849866.739298,1.0
1742849866.759802,1.0
1742849866.779868,1.0
1742849866.8004007,1.0
1742849866.8208804,1.0
1742849866.8410866,1.0
1742849866.8613663,1.0
1742849866.8815808,1.0
1742849866.90202,1.0
1742849866.9222128,1.0
1742849866.9424012,1.0
1742849866.9625535,1.0
1742849866.9827127,1.0
1742849867.0028663,1.0
1742849867.023064,1.0
1742849867.0432127,1.0
1742849867.0633965,1.0
1742849867.0835161,1.0
1742849867.103746,1.0
1742849867.1238904,1.0
1742849867.144136,1.0
1742849867.16432,1.0
1742849867.1845036,1.0
1742849867.2070746,1.0
1742849867.2270572,1.0
1742849867.247213,1.0
1742849867.2673469,1.0
1742849867.2874846,1.0
1742849867.30763,1.0
1742849867.327814,1.0
1742849867.3480306,1.0
1742849867.3681748,1.0
1742849867.388258,1.0
1742849867.4084883,1.0
1742849867.4287,1.0
1742849867.4489024,1.0
1742849867.4692743,1.0
1742849867.489709,1.0
1742849867.5099163,1.0
1742849867.5301285,1.0
1742849867.5526462,1.0
1742849867.572598,1.0
1742849867.5938423,1.0
1742849867.613857,1.0
1742849867.6341527,1.0
1742849867.6544154,1.0
1742849867.6746273,1.0
1742849867.6947205,1.0
1742849867.7148616,1.0
1742849867.7350664,1.0
1742849867.7552676,1.0
1742849867.7756665,1.0
1742849867.795813,1.0
1742849867.8159993,1.0
1742849867.836296,1.0
1742849867.8565798,1.0
1742849867.8774605,1.0
1742849867.8977253,1.0
1742849867.9178739,1.0
1742849867.938049,1.0
1742849867.9582481,1.0
1742849867.9784813,1.0
1742849867.9986186,1.0
1742849868.0187728,1.0
1742849868.0389085,1.0
1742849868.0591273,1.0
1742849868.079342,1.0
1742849868.0995805,1.0
1742849868.1197243,1.0
1742849868.1399884,1.0
1742849868.160222,1.0
1742849868.1805344,1.0
1742849868.2029803,1.0
1742849868.2229624,1.0
1742849868.243101,1.0
1742849868.263264,1.0
1742849868.2833884,1.0
1742849868.3036227,1.0
1742849868.3238103,1.0
1742849868.3440104,1.0
1742849868.3641837,1.0
1742849868.38436,1.0
1742849868.4045506,1.0
1742849868.424728,1.0
1742849868.4450126,1.0
1742849868.4652228,1.0
1742849868.4853973,1.0
1742849868.5056043,1.0
1742849868.5257516,1.0
1742849868.5481021,1.0
1742849868.5680985,1.0
1742849868.5886,1.0
1742849868.6090658,1.0
1742849868.6292124,1.0
1742849868.6532266,1.0
1742849868.6732142,1.0
1742849868.6933088,1.0
1742849868.7134995,1.0
1742849868.7338102,1.0
1742849868.7540014,1.0
1742849868.7745442,1.0
1742849868.794743,1.0
1742849868.8154445,1.0
1742849868.8356383,1.0
1742849868.8558123,1.0
1742849868.8760245,1.0
1742849868.8964338,1.0
1742849868.9165704,1.0
1742849868.9368486,1.0
1742849868.95703,1.0
1742849868.9772365,1.0
1742849868.9974103,1.0
1742849869.0175765,1.0
1742849869.0377457,1.0
1742849869.0580225,1.0
1742849869.078189,1.0
1742849869.0983815,1.0
1742849869.1185346,1.0
1742849869.138728,1.0
1742849869.1589177,1.0
1742849869.1790607,1.0
1742849869.201626,1.0
1742849869.2216609,1.0
1742849869.2418096,1.0
1742849869.2619514,1.0
1742849869.2821305,1.0
1742849869.3024216,1.0
1742849869.322617,1.0
1742849869.3429534,1.0
1742849869.3631406,1.0
1742849869.3833182,1.0
1742849869.4034688,1.0
1742849869.423664,1.0
1742849869.4437897,1.0
1742849869.4640095,1.0
1742849869.484263,1.0
1742849869.5045745,1.0
1742849869.52481,1.0
1742849869.546004,1.0
1742849869.5670164,1.0
1742849869.5872087,1.0
1742849869.6079338,1.0
1742849869.628151,1.0
1742849869.6486328,1.0
1742849869.6688337,1.0
1742849869.6889987,1.0
1742849869.709224,1.0
1742849869.729361,1.0
1742849869.7494745,1.0
1742849869.769922,1.0
1742849869.7903342,1.0
1742849869.8104875,1.0
1742849869.8310375,1.0
1742849869.8512473,1.0
1742849869.8714542,1.0
1742849869.891752,1.0
1742849869.9119015,1.0
1742849869.9326608,1.0
1742849869.95286,1.0
1742849869.9730182,1.0
1742849869.9931705,1.0
1742849870.0133624,1.0
1742849870.0335402,1.0
1742849870.0537148,1.0
1742849870.0738978,1.0
1742849870.09401,1.0
1742849870.114243,1.0
1742849870.14314,1.0
1742849870.172787,1.0
1742849870.1942456,1.0
1742849870.2142131,1.0
1742849870.234451,1.0
1742849870.2546651,1.0
1742849870.2748625,1.0
1742849870.2950447,1.0
1742849870.315339,1.0
1742849870.335535,1.0
1742849870.3557675,1.0
1742849870.3759885,1.0
1742849870.3961248,1.0
1742849870.4164338,1.0
1742849870.4366348,1.0
1742849870.45683,1.0
1742849870.4770322,1.0
1742849870.4971952,1.0
1742849870.5173864,1.0
1742849870.537652,1.0
1742849870.5596313,1.0
1742849870.579836,1.0
1742849870.6009722,1.0
1742849870.621124,1.0
1742849870.6416311,1.0
1742849870.6644895,1.0
1742849870.6845846,1.0
1742849870.7048476,1.0
1742849870.7249982,1.0
1742849870.7452207,1.0
1742849870.7656538,1.0
1742849870.7859344,1.0
1742849870.8060174,1.0
1742849870.8271818,1.0
1742849870.8473415,1.0
1742849870.8675473,1.0
1742849870.887751,1.0
1742849870.908199,1.0
1742849870.9283059,1.0
1742849870.9485312,1.0
1742849870.9694147,1.0
1742849870.989493,1.0
1742849871.009757,1.0
1742849871.029872,1.0
1742849871.050191,1.0
1742849871.070412,1.0
1742849871.0905824,1.0
1742849871.1108296,1.0
1742849871.1310713,1.0
1742849871.151323,1.0
1742849871.1715083,1.0
1742849871.1933277,1.0
1742849871.2134771,1.0
1742849871.2336476,1.0
1742849871.2538285,1.0
1742849871.2755144,1.0
1742849871.295902,1.0
1742849871.3163044,1.0
1742849871.3367994,1.0
1742849871.3571732,1.0
1742849871.3776503,1.0
1742849871.3980503,1.0
1742849871.4184706,1.0
1742849871.4388528,1.0
1742849871.4592125,1.0
1742849871.4796855,1.0
1742849871.5000749,1.0
1742849871.5204756,1.0
1742849871.5412242,1.0
1742849871.5632653,1.0
1742849871.583591,1.0
1742849871.6048331,1.0
1742849871.6252058,1.0
1742849871.64591,1.0
1742849871.6663208,1.0
1742849871.6866693,1.0
1742849871.7071354,1.0
1742849871.727536,1.0
1742849871.7480648,1.0
1742849871.7687109,1.0
1742849871.7892137,1.0
1742849871.8096495,1.0
1742849871.8316052,1.0
1742849871.8519764,1.0
1742849871.8725026,1.0
1742849871.893027,1.0
1742849871.913588,1.0
1742849871.9341607,1.0
1742849871.9547703,1.0
1742849871.9752777,1.0
1742849871.995884,1.0
1742849872.016333,1.0
1742849872.0369403,1.0
1742849872.0574577,1.0
1742849872.0780385,1.0
1742849872.0985737,1.0
1742849872.1190944,1.0
1742849872.1396766,1.0
1742849872.1601925,1.0
1742849872.1807232,1.0
1742849872.2037978,1.0
1742849872.2241385,1.0
1742849872.2445736,1.0
1742849872.2651377,1.0
1742849872.2857091,1.0
1742849872.3062112,1.0
1742849872.326792,1.0
1742849872.34736,1.0
1742849872.367985,1.0
1742849872.388476,1.0
1742849872.408959,1.0
1742849872.429489,1.0
1742849872.4499502,1.0
1742849872.4708102,1.0
1742849872.4917793,1.0
1742849872.5122461,1.0
1742849872.532864,1.0
1742849872.555259,1.0
1742849872.5757365,1.0
1742849872.5969687,1.0
1742849872.617502,1.0
1742849872.6389103,1.0
1742849872.65941,1.0
1742849872.6800325,1.0
1742849872.7006211,1.0
1742849872.7211711,1.0
1742849872.7418203,1.0
1742849872.7627134,1.0
1742849872.783173,1.0
1742849872.8037038,1.0
1742849872.8246853,1.0
1742849872.84589,1.0
1742849872.8665285,1.0
1742849872.8870595,1.0
1742849872.9139018,1.0
1742849872.9341004,1.0
1742849872.954628,1.0
1742849872.9752967,1.0
1742849872.996653,1.0
1742849873.0169377,1.0
1742849873.0373096,1.0
1742849873.057656,1.0
1742849873.0780747,1.0
1742849873.098678,1.0
1742849873.1192372,1.0
1742849873.119499,0.0
