time,actuator,value
1738747606.0502672,Actuator(ptr=c_void_p(94499488352256)),165.0
1738747611.0677342,Actuator(ptr=c_void_p(94499488352256)),165.0
1738747616.0853636,Actuator(ptr=c_void_p(94499488352256)),165.0
1738747621.103327,Actuator(ptr=c_void_p(94499488352256)),165.0
1738747626.1200237,Actuator(ptr=c_void_p(94499488352256)),165.0
1738747631.1383688,Actuator(ptr=c_void_p(94499488352256)),165.0
1738747636.1559649,Actuator(ptr=c_void_p(94499488352256)),165.0
1738747641.173639,Actuator(ptr=c_void_p(94499488352256)),165.0
