time,actuator,value
1738729841.2614799,Actuator(ptr=c_void_p(94485688121152)),112.0
1738729846.2782645,Actuator(ptr=c_void_p(94485688121152)),112.0
1738729851.295174,Actuator(ptr=c_void_p(94485688121152)),112.0
1738729856.3126929,Actuator(ptr=c_void_p(94485688121152)),112.0
1738729861.331708,Actuator(ptr=c_void_p(94485688121152)),112.0
1738729866.3486748,Actuator(ptr=c_void_p(94485688121152)),112.0
1738729871.3662553,Actuator(ptr=c_void_p(94485688121152)),112.0
1738729876.3821585,Actuator(ptr=c_void_p(94485688121152)),112.0
