time,actuator,value
1738747188.941691,Actuator(ptr=c_void_p(94499488352256)),165.0
1738747193.95934,Actuator(ptr=c_void_p(94499488352256)),165.0
1738747198.9778862,Actuator(ptr=c_void_p(94499488352256)),165.0
1738747203.9958901,Actuator(ptr=c_void_p(94499488352256)),165.0
1738747209.0165405,Actuator(ptr=c_void_p(94499488352256)),165.0
1738747214.0334857,Actuator(ptr=c_void_p(94499488352256)),165.0
1738747219.0509958,Actuator(ptr=c_void_p(94499488352256)),165.0
1738747224.0676672,Actuator(ptr=c_void_p(94499488352256)),165.0
